{"Name":"ep2-200-WR25","Objects":[{"Length":189,"Height":378,"Stock":null,"Cost":71442}],"Items":[{"Length":84,"Height":7,"Demand":1,"DemandMax":null,"Value":1176},{"Length":76,"Height":2,"Demand":1,"DemandMax":null,"Value":152},{"Length":98,"Height":28,"Demand":1,"DemandMax":null,"Value":2744},{"Length":87,"Height":2,"Demand":1,"DemandMax":null,"Value":522},{"Length":85,"Height":12,"Demand":1,"DemandMax":null,"Value":1020},{"Length":98,"Height":31,"Demand":1,"DemandMax":null,"Value":6076},{"Length":73,"Height":9,"Demand":1,"DemandMax":null,"Value":657},{"Length":92,"Height":6,"Demand":1,"DemandMax":null,"Value":552},{"Length":92,"Height":33,"Demand":2,"DemandMax":null,"Value":3036},{"Length":67,"Height":9,"Demand":1,"DemandMax":null,"Value":1809},{"Length":82,"Height":5,"Demand":1,"DemandMax":null,"Value":1230},{"Length":83,"Height":33,"Demand":1,"DemandMax":null,"Value":5478},{"Length":97,"Height":3,"Demand":1,"DemandMax":null,"Value":873},{"Length":77,"Height":19,"Demand":1,"DemandMax":null,"Value":1463},{"Length":93,"Height":5,"Demand":1,"DemandMax":null,"Value":930},{"Length":83,"Height":32,"Demand":1,"DemandMax":null,"Value":2656},{"Length":93,"Height":9,"Demand":1,"DemandMax":null,"Value":837},{"Length":75,"Height":18,"Demand":1,"DemandMax":null,"Value":1350},{"Length":77,"Height":9,"Demand":1,"DemandMax":null,"Value":2079},{"Length":69,"Height":31,"Demand":1,"DemandMax":null,"Value":6417},{"Length":84,"Height":29,"Demand":1,"DemandMax":null,"Value":7308},{"Length":76,"Height":16,"Demand":1,"DemandMax":null,"Value":3648},{"Length":96,"Height":7,"Demand":1,"DemandMax":null,"Value":672},{"Length":76,"Height":23,"Demand":1,"DemandMax":null,"Value":3496},{"Length":86,"Height":8,"Demand":1,"DemandMax":null,"Value":688},{"Length":97,"Height":12,"Demand":1,"DemandMax":null,"Value":2328},{"Length":70,"Height":5,"Demand":1,"DemandMax":null,"Value":1050},{"Length":79,"Height":22,"Demand":1,"DemandMax":null,"Value":5214},{"Length":84,"Height":20,"Demand":1,"DemandMax":null,"Value":3360},{"Length":69,"Height":25,"Demand":1,"DemandMax":null,"Value":1725},{"Length":93,"Height":21,"Demand":1,"DemandMax":null,"Value":5859},{"Length":83,"Height":17,"Demand":1,"DemandMax":null,"Value":1411},{"Length":67,"Height":21,"Demand":1,"DemandMax":null,"Value":2814},{"Length":96,"Height":16,"Demand":2,"DemandMax":null,"Value":1536},{"Length":89,"Height":14,"Demand":1,"DemandMax":null,"Value":1246},{"Length":81,"Height":25,"Demand":1,"DemandMax":null,"Value":4050},{"Length":98,"Height":26,"Demand":1,"DemandMax":null,"Value":7644},{"Length":72,"Height":27,"Demand":1,"DemandMax":null,"Value":5832},{"Length":89,"Height":20,"Demand":1,"DemandMax":null,"Value":3560},{"Length":94,"Height":18,"Demand":1,"DemandMax":null,"Value":1692},{"Length":93,"Height":26,"Demand":1,"DemandMax":null,"Value":2418},{"Length":68,"Height":5,"Demand":1,"DemandMax":null,"Value":1020},{"Length":95,"Height":22,"Demand":1,"DemandMax":null,"Value":6270},{"Length":100,"Height":27,"Demand":1,"DemandMax":null,"Value":2700},{"Length":75,"Height":13,"Demand":2,"DemandMax":null,"Value":2925},{"Length":95,"Height":24,"Demand":1,"DemandMax":null,"Value":6840},{"Length":73,"Height":30,"Demand":1,"DemandMax":null,"Value":6570},{"Length":94,"Height":23,"Demand":1,"DemandMax":null,"Value":4324},{"Length":98,"Height":21,"Demand":1,"DemandMax":null,"Value":6174},{"Length":84,"Height":19,"Demand":1,"DemandMax":null,"Value":4788},{"Length":78,"Height":26,"Demand":1,"DemandMax":null,"Value":4056},{"Length":75,"Height":2,"Demand":1,"DemandMax":null,"Value":450},{"Length":79,"Height":5,"Demand":1,"DemandMax":null,"Value":790},{"Length":79,"Height":13,"Demand":1,"DemandMax":null,"Value":1027},{"Length":78,"Height":2,"Demand":1,"DemandMax":null,"Value":156},{"Length":98,"Height":14,"Demand":1,"DemandMax":null,"Value":2744},{"Length":91,"Height":9,"Demand":1,"DemandMax":null,"Value":2457},{"Length":98,"Height":3,"Demand":1,"DemandMax":null,"Value":882},{"Length":87,"Height":8,"Demand":1,"DemandMax":null,"Value":1392},{"Length":77,"Height":29,"Demand":2,"DemandMax":null,"Value":6699},{"Length":78,"Height":15,"Demand":1,"DemandMax":null,"Value":1170},{"Length":72,"Height":19,"Demand":1,"DemandMax":null,"Value":2736},{"Length":67,"Height":1,"Demand":1,"DemandMax":null,"Value":201},{"Length":76,"Height":7,"Demand":1,"DemandMax":null,"Value":532},{"Length":86,"Height":3,"Demand":1,"DemandMax":null,"Value":774},{"Length":98,"Height":2,"Demand":1,"DemandMax":null,"Value":196},{"Length":77,"Height":28,"Demand":1,"DemandMax":null,"Value":4312},{"Length":87,"Height":5,"Demand":1,"DemandMax":null,"Value":870},{"Length":76,"Height":16,"Demand":1,"DemandMax":null,"Value":1216},{"Length":75,"Height":22,"Demand":1,"DemandMax":null,"Value":1650},{"Length":74,"Height":31,"Demand":1,"DemandMax":null,"Value":6882},{"Length":80,"Height":12,"Demand":1,"DemandMax":null,"Value":960},{"Length":76,"Height":32,"Demand":2,"DemandMax":null,"Value":4864},{"Length":78,"Height":18,"Demand":1,"DemandMax":null,"Value":2808},{"Length":83,"Height":14,"Demand":1,"DemandMax":null,"Value":3486},{"Length":72,"Height":24,"Demand":1,"DemandMax":null,"Value":1728},{"Length":94,"Height":29,"Demand":1,"DemandMax":null,"Value":2726},{"Length":73,"Height":27,"Demand":1,"DemandMax":null,"Value":3942},{"Length":88,"Height":24,"Demand":1,"DemandMax":null,"Value":4224},{"Length":92,"Height":25,"Demand":1,"DemandMax":null,"Value":6900},{"Length":74,"Height":12,"Demand":1,"DemandMax":null,"Value":2664},{"Length":77,"Height":1,"Demand":1,"DemandMax":null,"Value":77},{"Length":77,"Height":9,"Demand":1,"DemandMax":null,"Value":693},{"Length":79,"Height":14,"Demand":1,"DemandMax":null,"Value":3318},{"Length":84,"Height":32,"Demand":1,"DemandMax":null,"Value":2688},{"Length":75,"Height":29,"Demand":1,"DemandMax":null,"Value":6525},{"Length":75,"Height":14,"Demand":1,"DemandMax":null,"Value":1050},{"Length":79,"Height":7,"Demand":1,"DemandMax":null,"Value":1659},{"Length":67,"Height":4,"Demand":1,"DemandMax":null,"Value":268},{"Length":84,"Height":17,"Demand":1,"DemandMax":null,"Value":4284},{"Length":70,"Height":32,"Demand":1,"DemandMax":null,"Value":2240},{"Length":71,"Height":15,"Demand":1,"DemandMax":null,"Value":1065},{"Length":80,"Height":2,"Demand":1,"DemandMax":null,"Value":160},{"Length":90,"Height":17,"Demand":1,"DemandMax":null,"Value":1530},{"Length":94,"Height":4,"Demand":1,"DemandMax":null,"Value":1128},{"Length":90,"Height":8,"Demand":1,"DemandMax":null,"Value":1440},{"Length":94,"Height":31,"Demand":1,"DemandMax":null,"Value":8742},{"Length":86,"Height":31,"Demand":1,"DemandMax":null,"Value":5332},{"Length":74,"Height":27,"Demand":1,"DemandMax":null,"Value":3996},{"Length":85,"Height":27,"Demand":1,"DemandMax":null,"Value":2295},{"Length":90,"Height":2,"Demand":1,"DemandMax":null,"Value":360},{"Length":69,"Height":18,"Demand":1,"DemandMax":null,"Value":1242},{"Length":71,"Height":32,"Demand":1,"DemandMax":null,"Value":2272},{"Length":85,"Height":9,"Demand":1,"DemandMax":null,"Value":1530},{"Length":86,"Height":25,"Demand":1,"DemandMax":null,"Value":6450},{"Length":99,"Height":26,"Demand":1,"DemandMax":null,"Value":5148},{"Length":89,"Height":9,"Demand":1,"DemandMax":null,"Value":801},{"Length":96,"Height":8,"Demand":1,"DemandMax":null,"Value":768},{"Length":76,"Height":22,"Demand":1,"DemandMax":null,"Value":1672},{"Length":81,"Height":18,"Demand":1,"DemandMax":null,"Value":1458},{"Length":85,"Height":20,"Demand":1,"DemandMax":null,"Value":3400},{"Length":96,"Height":27,"Demand":1,"DemandMax":null,"Value":7776},{"Length":71,"Height":10,"Demand":1,"DemandMax":null,"Value":710},{"Length":78,"Height":27,"Demand":1,"DemandMax":null,"Value":2106},{"Length":78,"Height":25,"Demand":1,"DemandMax":null,"Value":3900},{"Length":68,"Height":22,"Demand":1,"DemandMax":null,"Value":1496},{"Length":86,"Height":23,"Demand":1,"DemandMax":null,"Value":5934},{"Length":72,"Height":1,"Demand":1,"DemandMax":null,"Value":72},{"Length":87,"Height":18,"Demand":1,"DemandMax":null,"Value":3132},{"Length":82,"Height":24,"Demand":1,"DemandMax":null,"Value":5904},{"Length":87,"Height":29,"Demand":1,"DemandMax":null,"Value":2523},{"Length":89,"Height":19,"Demand":1,"DemandMax":null,"Value":3382},{"Length":84,"Height":13,"Demand":1,"DemandMax":null,"Value":3276},{"Length":84,"Height":14,"Demand":1,"DemandMax":null,"Value":1176},{"Length":96,"Height":5,"Demand":1,"DemandMax":null,"Value":960},{"Length":77,"Height":18,"Demand":1,"DemandMax":null,"Value":4158},{"Length":89,"Height":21,"Demand":1,"DemandMax":null,"Value":5607},{"Length":90,"Height":2,"Demand":1,"DemandMax":null,"Value":540},{"Length":82,"Height":24,"Demand":1,"DemandMax":null,"Value":1968},{"Length":91,"Height":19,"Demand":1,"DemandMax":null,"Value":5187},{"Length":81,"Height":28,"Demand":1,"DemandMax":null,"Value":2268},{"Length":93,"Height":18,"Demand":1,"DemandMax":null,"Value":5022},{"Length":81,"Height":5,"Demand":1,"DemandMax":null,"Value":810},{"Length":68,"Height":12,"Demand":1,"DemandMax":null,"Value":816},{"Length":67,"Height":12,"Demand":1,"DemandMax":null,"Value":1608},{"Length":81,"Height":33,"Demand":1,"DemandMax":null,"Value":5346},{"Length":84,"Height":30,"Demand":1,"DemandMax":null,"Value":7560},{"Length":66,"Height":27,"Demand":1,"DemandMax":null,"Value":5346},{"Length":78,"Height":5,"Demand":1,"DemandMax":null,"Value":390},{"Length":98,"Height":20,"Demand":1,"DemandMax":null,"Value":1960},{"Length":84,"Height":17,"Demand":1,"DemandMax":null,"Value":2856},{"Length":89,"Height":7,"Demand":1,"DemandMax":null,"Value":1246},{"Length":87,"Height":1,"Demand":1,"DemandMax":null,"Value":174},{"Length":89,"Height":4,"Demand":1,"DemandMax":null,"Value":712},{"Length":86,"Height":27,"Demand":1,"DemandMax":null,"Value":6966},{"Length":83,"Height":21,"Demand":1,"DemandMax":null,"Value":3486},{"Length":98,"Height":32,"Demand":1,"DemandMax":null,"Value":6272},{"Length":68,"Height":14,"Demand":1,"DemandMax":null,"Value":2856},{"Length":85,"Height":7,"Demand":1,"DemandMax":null,"Value":1190},{"Length":92,"Height":1,"Demand":1,"DemandMax":null,"Value":276},{"Length":80,"Height":28,"Demand":1,"DemandMax":null,"Value":6720},{"Length":96,"Height":23,"Demand":1,"DemandMax":null,"Value":2208},{"Length":72,"Height":30,"Demand":1,"DemandMax":null,"Value":6480},{"Length":69,"Height":33,"Demand":1,"DemandMax":null,"Value":6831},{"Length":72,"Height":28,"Demand":1,"DemandMax":null,"Value":4032},{"Length":70,"Height":14,"Demand":1,"DemandMax":null,"Value":2940},{"Length":87,"Height":23,"Demand":1,"DemandMax":null,"Value":2001},{"Length":98,"Height":17,"Demand":1,"DemandMax":null,"Value":1666},{"Length":97,"Height":15,"Demand":1,"DemandMax":null,"Value":1455},{"Length":91,"Height":12,"Demand":1,"DemandMax":null,"Value":1092},{"Length":80,"Height":13,"Demand":1,"DemandMax":null,"Value":1040},{"Length":95,"Height":24,"Demand":1,"DemandMax":null,"Value":2280},{"Length":74,"Height":25,"Demand":1,"DemandMax":null,"Value":3700},{"Length":89,"Height":26,"Demand":1,"DemandMax":null,"Value":2314},{"Length":99,"Height":11,"Demand":1,"DemandMax":null,"Value":1089},{"Length":76,"Height":13,"Demand":1,"DemandMax":null,"Value":2964},{"Length":96,"Height":13,"Demand":1,"DemandMax":null,"Value":1248},{"Length":85,"Height":6,"Demand":1,"DemandMax":null,"Value":510},{"Length":67,"Height":3,"Demand":1,"DemandMax":null,"Value":402},{"Length":75,"Height":9,"Demand":1,"DemandMax":null,"Value":2025},{"Length":99,"Height":13,"Demand":1,"DemandMax":null,"Value":2574},{"Length":87,"Height":3,"Demand":1,"DemandMax":null,"Value":261},{"Length":73,"Height":23,"Demand":1,"DemandMax":null,"Value":1679},{"Length":71,"Height":29,"Demand":1,"DemandMax":null,"Value":2059},{"Length":91,"Height":16,"Demand":1,"DemandMax":null,"Value":1456},{"Length":88,"Height":1,"Demand":1,"DemandMax":null,"Value":176},{"Length":71,"Height":2,"Demand":1,"DemandMax":null,"Value":426},{"Length":80,"Height":27,"Demand":1,"DemandMax":null,"Value":6480},{"Length":98,"Height":5,"Demand":1,"DemandMax":null,"Value":980},{"Length":68,"Height":11,"Demand":1,"DemandMax":null,"Value":1496},{"Length":100,"Height":26,"Demand":1,"DemandMax":null,"Value":2600},{"Length":73,"Height":32,"Demand":1,"DemandMax":null,"Value":2336},{"Length":70,"Height":8,"Demand":1,"DemandMax":null,"Value":1680},{"Length":100,"Height":21,"Demand":1,"DemandMax":null,"Value":6300},{"Length":76,"Height":25,"Demand":1,"DemandMax":null,"Value":5700},{"Length":67,"Height":26,"Demand":1,"DemandMax":null,"Value":3484},{"Length":70,"Height":23,"Demand":1,"DemandMax":null,"Value":4830},{"Length":79,"Height":16,"Demand":1,"DemandMax":null,"Value":3792},{"Length":88,"Height":15,"Demand":1,"DemandMax":null,"Value":2640},{"Length":100,"Height":12,"Demand":1,"DemandMax":null,"Value":2400},{"Length":76,"Height":26,"Demand":1,"DemandMax":null,"Value":1976},{"Length":91,"Height":33,"Demand":1,"DemandMax":null,"Value":3003},{"Length":70,"Height":22,"Demand":1,"DemandMax":null,"Value":4620},{"Length":76,"Height":1,"Demand":1,"DemandMax":null,"Value":152},{"Length":71,"Height":27,"Demand":1,"DemandMax":null,"Value":5751}]}