{"Name":"ep2-100-TR25","Objects":[{"Length":131,"Height":263,"Stock":null,"Cost":34453}],"Items":[{"Length":10,"Height":82,"Demand":1,"DemandMax":null,"Value":2460},{"Length":10,"Height":89,"Demand":1,"DemandMax":null,"Value":2670},{"Length":19,"Height":72,"Demand":1,"DemandMax":null,"Value":1368},{"Length":21,"Height":88,"Demand":1,"DemandMax":null,"Value":5544},{"Length":12,"Height":94,"Demand":1,"DemandMax":null,"Value":2256},{"Length":7,"Height":81,"Demand":1,"DemandMax":null,"Value":1134},{"Length":27,"Height":94,"Demand":1,"DemandMax":null,"Value":2538},{"Length":14,"Height":94,"Demand":1,"DemandMax":null,"Value":1316},{"Length":33,"Height":87,"Demand":1,"DemandMax":null,"Value":8613},{"Length":27,"Height":84,"Demand":1,"DemandMax":null,"Value":6804},{"Length":6,"Height":89,"Demand":1,"DemandMax":null,"Value":1602},{"Length":8,"Height":97,"Demand":1,"DemandMax":null,"Value":776},{"Length":2,"Height":93,"Demand":1,"DemandMax":null,"Value":558},{"Length":24,"Height":69,"Demand":1,"DemandMax":null,"Value":4968},{"Length":26,"Height":76,"Demand":1,"DemandMax":null,"Value":5928},{"Length":26,"Height":67,"Demand":1,"DemandMax":null,"Value":5226},{"Length":33,"Height":85,"Demand":1,"DemandMax":null,"Value":2805},{"Length":9,"Height":86,"Demand":1,"DemandMax":null,"Value":2322},{"Length":6,"Height":80,"Demand":1,"DemandMax":null,"Value":480},{"Length":6,"Height":93,"Demand":1,"DemandMax":null,"Value":1674},{"Length":9,"Height":67,"Demand":1,"DemandMax":null,"Value":603},{"Length":14,"Height":73,"Demand":1,"DemandMax":null,"Value":3066},{"Length":5,"Height":67,"Demand":1,"DemandMax":null,"Value":335},{"Length":18,"Height":81,"Demand":1,"DemandMax":null,"Value":4374},{"Length":10,"Height":82,"Demand":1,"DemandMax":null,"Value":820},{"Length":21,"Height":96,"Demand":1,"DemandMax":null,"Value":2016},{"Length":33,"Height":75,"Demand":1,"DemandMax":null,"Value":7425},{"Length":18,"Height":99,"Demand":1,"DemandMax":null,"Value":1782},{"Length":31,"Height":78,"Demand":1,"DemandMax":null,"Value":4836},{"Length":25,"Height":77,"Demand":1,"DemandMax":null,"Value":1925},{"Length":32,"Height":88,"Demand":1,"DemandMax":null,"Value":5632},{"Length":26,"Height":81,"Demand":1,"DemandMax":null,"Value":4212},{"Length":29,"Height":100,"Demand":1,"DemandMax":null,"Value":8700},{"Length":6,"Height":90,"Demand":1,"DemandMax":null,"Value":1080},{"Length":14,"Height":78,"Demand":1,"DemandMax":null,"Value":3276},{"Length":8,"Height":72,"Demand":1,"DemandMax":null,"Value":576},{"Length":31,"Height":91,"Demand":1,"DemandMax":null,"Value":8463},{"Length":28,"Height":67,"Demand":1,"DemandMax":null,"Value":5628},{"Length":31,"Height":69,"Demand":1,"DemandMax":null,"Value":6417},{"Length":1,"Height":93,"Demand":1,"DemandMax":null,"Value":93},{"Length":2,"Height":88,"Demand":1,"DemandMax":null,"Value":528},{"Length":20,"Height":85,"Demand":1,"DemandMax":null,"Value":3400},{"Length":11,"Height":66,"Demand":1,"DemandMax":null,"Value":2178},{"Length":6,"Height":68,"Demand":2,"DemandMax":null,"Value":408},{"Length":24,"Height":85,"Demand":1,"DemandMax":null,"Value":6120},{"Length":32,"Height":93,"Demand":1,"DemandMax":null,"Value":2976},{"Length":33,"Height":91,"Demand":1,"DemandMax":null,"Value":6006},{"Length":13,"Height":78,"Demand":1,"DemandMax":null,"Value":1014},{"Length":25,"Height":82,"Demand":1,"DemandMax":null,"Value":2050},{"Length":6,"Height":73,"Demand":1,"DemandMax":null,"Value":1314},{"Length":7,"Height":85,"Demand":1,"DemandMax":null,"Value":1190},{"Length":30,"Height":67,"Demand":1,"DemandMax":null,"Value":2010},{"Length":24,"Height":90,"Demand":1,"DemandMax":null,"Value":2160},{"Length":3,"Height":69,"Demand":1,"DemandMax":null,"Value":621},{"Length":33,"Height":98,"Demand":1,"DemandMax":null,"Value":6468},{"Length":6,"Height":98,"Demand":1,"DemandMax":null,"Value":588},{"Length":4,"Height":94,"Demand":1,"DemandMax":null,"Value":752},{"Length":4,"Height":76,"Demand":1,"DemandMax":null,"Value":912},{"Length":6,"Height":90,"Demand":1,"DemandMax":null,"Value":540},{"Length":3,"Height":74,"Demand":1,"DemandMax":null,"Value":222},{"Length":10,"Height":70,"Demand":1,"DemandMax":null,"Value":2100},{"Length":28,"Height":86,"Demand":1,"DemandMax":null,"Value":2408},{"Length":11,"Height":78,"Demand":1,"DemandMax":null,"Value":1716},{"Length":28,"Height":81,"Demand":1,"DemandMax":null,"Value":4536},{"Length":29,"Height":84,"Demand":1,"DemandMax":null,"Value":7308},{"Length":13,"Height":76,"Demand":1,"DemandMax":null,"Value":988},{"Length":11,"Height":70,"Demand":1,"DemandMax":null,"Value":1540},{"Length":33,"Height":91,"Demand":1,"DemandMax":null,"Value":9009},{"Length":1,"Height":100,"Demand":1,"DemandMax":null,"Value":200},{"Length":18,"Height":93,"Demand":1,"DemandMax":null,"Value":3348},{"Length":1,"Height":72,"Demand":1,"DemandMax":null,"Value":216},{"Length":29,"Height":92,"Demand":1,"DemandMax":null,"Value":8004},{"Length":5,"Height":66,"Demand":1,"DemandMax":null,"Value":330},{"Length":14,"Height":70,"Demand":1,"DemandMax":null,"Value":980},{"Length":16,"Height":90,"Demand":1,"DemandMax":null,"Value":4320},{"Length":6,"Height":77,"Demand":1,"DemandMax":null,"Value":924},{"Length":32,"Height":90,"Demand":1,"DemandMax":null,"Value":5760},{"Length":33,"Height":96,"Demand":1,"DemandMax":null,"Value":3168},{"Length":5,"Height":75,"Demand":1,"DemandMax":null,"Value":375},{"Length":1,"Height":71,"Demand":1,"DemandMax":null,"Value":213},{"Length":4,"Height":72,"Demand":1,"DemandMax":null,"Value":576},{"Length":16,"Height":73,"Demand":1,"DemandMax":null,"Value":3504},{"Length":1,"Height":88,"Demand":1,"DemandMax":null,"Value":264},{"Length":17,"Height":96,"Demand":1,"DemandMax":null,"Value":1632},{"Length":9,"Height":73,"Demand":1,"DemandMax":null,"Value":1314},{"Length":32,"Height":94,"Demand":1,"DemandMax":null,"Value":9024},{"Length":3,"Height":66,"Demand":1,"DemandMax":null,"Value":198},{"Length":27,"Height":87,"Demand":1,"DemandMax":null,"Value":7047},{"Length":29,"Height":80,"Demand":1,"DemandMax":null,"Value":4640},{"Length":17,"Height":84,"Demand":1,"DemandMax":null,"Value":2856},{"Length":9,"Height":69,"Demand":1,"DemandMax":null,"Value":1863},{"Length":12,"Height":88,"Demand":1,"DemandMax":null,"Value":2112},{"Length":28,"Height":84,"Demand":1,"DemandMax":null,"Value":4704},{"Length":32,"Height":86,"Demand":1,"DemandMax":null,"Value":5504},{"Length":25,"Height":74,"Demand":1,"DemandMax":null,"Value":3700},{"Length":29,"Height":97,"Demand":1,"DemandMax":null,"Value":2813},{"Length":22,"Height":94,"Demand":1,"DemandMax":null,"Value":4136},{"Length":5,"Height":73,"Demand":1,"DemandMax":null,"Value":1095},{"Length":4,"Height":80,"Demand":1,"DemandMax":null,"Value":640}]}