{"Name":"ep2-100-DC75","Objects":[{"Length":108,"Height":217,"Stock":null,"Cost":23436}],"Items":[{"Length":9,"Height":3,"Demand":5,"DemandMax":null,"Value":54},{"Length":17,"Height":14,"Demand":5,"DemandMax":null,"Value":476},{"Length":25,"Height":16,"Demand":5,"DemandMax":null,"Value":400},{"Length":1,"Height":8,"Demand":5,"DemandMax":null,"Value":24},{"Length":27,"Height":6,"Demand":5,"DemandMax":null,"Value":162},{"Length":33,"Height":11,"Demand":5,"DemandMax":null,"Value":1089},{"Length":28,"Height":4,"Demand":5,"DemandMax":null,"Value":224},{"Length":23,"Height":20,"Demand":5,"DemandMax":null,"Value":460},{"Length":32,"Height":13,"Demand":5,"DemandMax":null,"Value":832},{"Length":4,"Height":3,"Demand":5,"DemandMax":null,"Value":12},{"Length":26,"Height":32,"Demand":5,"DemandMax":null,"Value":1664},{"Length":30,"Height":24,"Demand":5,"DemandMax":null,"Value":720},{"Length":21,"Height":23,"Demand":5,"DemandMax":null,"Value":966},{"Length":12,"Height":30,"Demand":5,"DemandMax":null,"Value":720},{"Length":16,"Height":4,"Demand":5,"DemandMax":null,"Value":128},{"Length":27,"Height":5,"Demand":5,"DemandMax":null,"Value":135},{"Length":20,"Height":13,"Demand":5,"DemandMax":null,"Value":780},{"Length":23,"Height":21,"Demand":5,"DemandMax":null,"Value":1449},{"Length":30,"Height":18,"Demand":5,"DemandMax":null,"Value":1080},{"Length":29,"Height":9,"Demand":5,"DemandMax":null,"Value":522}]}