{"Name":"ep2-50-UC75","Objects":[{"Length":369,"Height":739,"Stock":null,"Cost":272691}],"Items":[{"Length":89,"Height":94,"Demand":3,"DemandMax":null,"Value":25098},{"Length":94,"Height":99,"Demand":3,"DemandMax":null,"Value":9306},{"Length":88,"Height":92,"Demand":3,"DemandMax":null,"Value":24288},{"Length":83,"Height":84,"Demand":3,"DemandMax":null,"Value":6972},{"Length":95,"Height":70,"Demand":3,"DemandMax":null,"Value":6650},{"Length":71,"Height":96,"Demand":3,"DemandMax":null,"Value":13632},{"Length":97,"Height":78,"Demand":3,"DemandMax":null,"Value":22698},{"Length":83,"Height":66,"Demand":3,"DemandMax":null,"Value":16434},{"Length":85,"Height":85,"Demand":3,"DemandMax":null,"Value":14450},{"Length":82,"Height":72,"Demand":3,"DemandMax":null,"Value":11808},{"Length":78,"Height":92,"Demand":2,"DemandMax":null,"Value":14352},{"Length":78,"Height":88,"Demand":2,"DemandMax":null,"Value":13728},{"Length":83,"Height":86,"Demand":2,"DemandMax":null,"Value":7138},{"Length":96,"Height":74,"Demand":2,"DemandMax":null,"Value":7104},{"Length":91,"Height":89,"Demand":2,"DemandMax":null,"Value":24297},{"Length":81,"Height":77,"Demand":2,"DemandMax":null,"Value":6237},{"Length":87,"Height":95,"Demand":2,"DemandMax":null,"Value":16530},{"Length":87,"Height":85,"Demand":2,"DemandMax":null,"Value":22185},{"Length":71,"Height":99,"Demand":2,"DemandMax":null,"Value":7029},{"Length":95,"Height":87,"Demand":2,"DemandMax":null,"Value":16530}]}