{"Name":"ep2-200-UC75","Objects":[{"Length":739,"Height":1479,"Stock":null,"Cost":1092981}],"Items":[{"Length":89,"Height":94,"Demand":10,"DemandMax":null,"Value":16732},{"Length":94,"Height":99,"Demand":10,"DemandMax":null,"Value":9306},{"Length":88,"Height":92,"Demand":10,"DemandMax":null,"Value":24288},{"Length":83,"Height":84,"Demand":10,"DemandMax":null,"Value":6972},{"Length":95,"Height":70,"Demand":10,"DemandMax":null,"Value":13300},{"Length":71,"Height":96,"Demand":10,"DemandMax":null,"Value":6816},{"Length":97,"Height":78,"Demand":10,"DemandMax":null,"Value":22698},{"Length":83,"Height":66,"Demand":10,"DemandMax":null,"Value":10956},{"Length":85,"Height":85,"Demand":10,"DemandMax":null,"Value":7225},{"Length":82,"Height":72,"Demand":10,"DemandMax":null,"Value":17712},{"Length":78,"Height":92,"Demand":10,"DemandMax":null,"Value":7176},{"Length":78,"Height":88,"Demand":10,"DemandMax":null,"Value":6864},{"Length":83,"Height":86,"Demand":10,"DemandMax":null,"Value":7138},{"Length":96,"Height":74,"Demand":10,"DemandMax":null,"Value":14208},{"Length":91,"Height":89,"Demand":10,"DemandMax":null,"Value":8099},{"Length":81,"Height":77,"Demand":10,"DemandMax":null,"Value":18711},{"Length":87,"Height":95,"Demand":10,"DemandMax":null,"Value":24795},{"Length":87,"Height":85,"Demand":10,"DemandMax":null,"Value":7395},{"Length":71,"Height":99,"Demand":10,"DemandMax":null,"Value":21087},{"Length":95,"Height":87,"Demand":10,"DemandMax":null,"Value":16530}]}