{"Name":"ep2-100-DR25","Objects":[{"Length":61,"Height":122,"Stock":null,"Cost":7442}],"Items":[{"Length":9,"Height":3,"Demand":1,"DemandMax":null,"Value":27},{"Length":17,"Height":14,"Demand":1,"DemandMax":null,"Value":476},{"Length":25,"Height":16,"Demand":1,"DemandMax":null,"Value":400},{"Length":1,"Height":8,"Demand":1,"DemandMax":null,"Value":16},{"Length":27,"Height":6,"Demand":1,"DemandMax":null,"Value":486},{"Length":33,"Height":11,"Demand":1,"DemandMax":null,"Value":363},{"Length":28,"Height":4,"Demand":1,"DemandMax":null,"Value":112},{"Length":23,"Height":20,"Demand":1,"DemandMax":null,"Value":460},{"Length":32,"Height":13,"Demand":1,"DemandMax":null,"Value":1248},{"Length":4,"Height":3,"Demand":1,"DemandMax":null,"Value":36},{"Length":26,"Height":32,"Demand":1,"DemandMax":null,"Value":2496},{"Length":30,"Height":24,"Demand":1,"DemandMax":null,"Value":2160},{"Length":21,"Height":23,"Demand":1,"DemandMax":null,"Value":483},{"Length":12,"Height":30,"Demand":1,"DemandMax":null,"Value":1080},{"Length":16,"Height":4,"Demand":1,"DemandMax":null,"Value":64},{"Length":27,"Height":5,"Demand":1,"DemandMax":null,"Value":405},{"Length":20,"Height":13,"Demand":1,"DemandMax":null,"Value":780},{"Length":23,"Height":21,"Demand":1,"DemandMax":null,"Value":1449},{"Length":30,"Height":18,"Demand":1,"DemandMax":null,"Value":1620},{"Length":29,"Height":9,"Demand":1,"DemandMax":null,"Value":261},{"Length":33,"Height":16,"Demand":1,"DemandMax":null,"Value":528},{"Length":17,"Height":7,"Demand":1,"DemandMax":null,"Value":119},{"Length":21,"Height":26,"Demand":1,"DemandMax":null,"Value":546},{"Length":3,"Height":18,"Demand":1,"DemandMax":null,"Value":162},{"Length":24,"Height":2,"Demand":1,"DemandMax":null,"Value":48},{"Length":5,"Height":4,"Demand":1,"DemandMax":null,"Value":60},{"Length":18,"Height":30,"Demand":1,"DemandMax":null,"Value":1080},{"Length":9,"Height":29,"Demand":1,"DemandMax":null,"Value":261},{"Length":31,"Height":19,"Demand":1,"DemandMax":null,"Value":1178},{"Length":29,"Height":32,"Demand":1,"DemandMax":null,"Value":2784},{"Length":4,"Height":5,"Demand":1,"DemandMax":null,"Value":20},{"Length":14,"Height":7,"Demand":1,"DemandMax":null,"Value":98},{"Length":29,"Height":19,"Demand":1,"DemandMax":null,"Value":1653},{"Length":29,"Height":15,"Demand":1,"DemandMax":null,"Value":870},{"Length":28,"Height":12,"Demand":1,"DemandMax":null,"Value":672},{"Length":28,"Height":23,"Demand":1,"DemandMax":null,"Value":644},{"Length":28,"Height":33,"Demand":1,"DemandMax":null,"Value":924},{"Length":3,"Height":20,"Demand":1,"DemandMax":null,"Value":180},{"Length":21,"Height":27,"Demand":1,"DemandMax":null,"Value":1134},{"Length":4,"Height":7,"Demand":1,"DemandMax":null,"Value":84},{"Length":27,"Height":1,"Demand":1,"DemandMax":null,"Value":54},{"Length":29,"Height":27,"Demand":1,"DemandMax":null,"Value":783},{"Length":26,"Height":16,"Demand":1,"DemandMax":null,"Value":832},{"Length":31,"Height":19,"Demand":1,"DemandMax":null,"Value":589},{"Length":12,"Height":24,"Demand":1,"DemandMax":null,"Value":864},{"Length":10,"Height":31,"Demand":1,"DemandMax":null,"Value":310},{"Length":25,"Height":12,"Demand":1,"DemandMax":null,"Value":300},{"Length":1,"Height":16,"Demand":1,"DemandMax":null,"Value":32},{"Length":5,"Height":3,"Demand":1,"DemandMax":null,"Value":45},{"Length":18,"Height":31,"Demand":1,"DemandMax":null,"Value":1116},{"Length":4,"Height":9,"Demand":1,"DemandMax":null,"Value":72},{"Length":20,"Height":14,"Demand":1,"DemandMax":null,"Value":280},{"Length":12,"Height":17,"Demand":1,"DemandMax":null,"Value":612},{"Length":6,"Height":25,"Demand":1,"DemandMax":null,"Value":450},{"Length":19,"Height":28,"Demand":1,"DemandMax":null,"Value":1064},{"Length":26,"Height":24,"Demand":1,"DemandMax":null,"Value":1872},{"Length":6,"Height":16,"Demand":1,"DemandMax":null,"Value":96},{"Length":30,"Height":16,"Demand":1,"DemandMax":null,"Value":960},{"Length":13,"Height":27,"Demand":1,"DemandMax":null,"Value":1053},{"Length":10,"Height":5,"Demand":1,"DemandMax":null,"Value":50},{"Length":14,"Height":16,"Demand":1,"DemandMax":null,"Value":448},{"Length":11,"Height":8,"Demand":1,"DemandMax":null,"Value":176},{"Length":3,"Height":21,"Demand":1,"DemandMax":null,"Value":63},{"Length":22,"Height":4,"Demand":1,"DemandMax":null,"Value":176},{"Length":7,"Height":18,"Demand":1,"DemandMax":null,"Value":126},{"Length":18,"Height":30,"Demand":1,"DemandMax":null,"Value":1620},{"Length":16,"Height":18,"Demand":1,"DemandMax":null,"Value":288},{"Length":16,"Height":3,"Demand":1,"DemandMax":null,"Value":48},{"Length":15,"Height":10,"Demand":1,"DemandMax":null,"Value":450},{"Length":28,"Height":6,"Demand":1,"DemandMax":null,"Value":168},{"Length":13,"Height":18,"Demand":1,"DemandMax":null,"Value":702},{"Length":28,"Height":31,"Demand":1,"DemandMax":null,"Value":1736},{"Length":5,"Height":11,"Demand":1,"DemandMax":null,"Value":110},{"Length":28,"Height":30,"Demand":1,"DemandMax":null,"Value":2520},{"Length":8,"Height":4,"Demand":2,"DemandMax":null,"Value":32},{"Length":13,"Height":32,"Demand":1,"DemandMax":null,"Value":1248},{"Length":3,"Height":23,"Demand":1,"DemandMax":null,"Value":69},{"Length":19,"Height":20,"Demand":1,"DemandMax":null,"Value":380},{"Length":10,"Height":26,"Demand":1,"DemandMax":null,"Value":260},{"Length":18,"Height":18,"Demand":1,"DemandMax":null,"Value":324},{"Length":24,"Height":15,"Demand":1,"DemandMax":null,"Value":360},{"Length":7,"Height":3,"Demand":1,"DemandMax":null,"Value":63},{"Length":17,"Height":6,"Demand":1,"DemandMax":null,"Value":102},{"Length":20,"Height":3,"Demand":1,"DemandMax":null,"Value":60},{"Length":27,"Height":26,"Demand":1,"DemandMax":null,"Value":2106},{"Length":7,"Height":24,"Demand":1,"DemandMax":null,"Value":336},{"Length":23,"Height":10,"Demand":1,"DemandMax":null,"Value":690},{"Length":31,"Height":4,"Demand":1,"DemandMax":null,"Value":124},{"Length":7,"Height":1,"Demand":1,"DemandMax":null,"Value":7},{"Length":28,"Height":26,"Demand":1,"DemandMax":null,"Value":1456},{"Length":29,"Height":9,"Demand":1,"DemandMax":null,"Value":783},{"Length":27,"Height":12,"Demand":1,"DemandMax":null,"Value":324},{"Length":33,"Height":25,"Demand":1,"DemandMax":null,"Value":825},{"Length":10,"Height":6,"Demand":1,"DemandMax":null,"Value":120},{"Length":27,"Height":24,"Demand":1,"DemandMax":null,"Value":648},{"Length":3,"Height":20,"Demand":1,"DemandMax":null,"Value":60},{"Length":17,"Height":13,"Demand":1,"DemandMax":null,"Value":442},{"Length":14,"Height":4,"Demand":1,"DemandMax":null,"Value":168},{"Length":11,"Height":14,"Demand":1,"DemandMax":null,"Value":154}]}