{"Name":"ep2-100-DR75","Objects":[{"Length":106,"Height":212,"Stock":null,"Cost":22472}],"Items":[{"Length":9,"Height":3,"Demand":1,"DemandMax":null,"Value":27},{"Length":17,"Height":14,"Demand":1,"DemandMax":null,"Value":476},{"Length":25,"Height":16,"Demand":1,"DemandMax":null,"Value":1200},{"Length":1,"Height":8,"Demand":1,"DemandMax":null,"Value":8},{"Length":27,"Height":6,"Demand":1,"DemandMax":null,"Value":162},{"Length":33,"Height":11,"Demand":1,"DemandMax":null,"Value":1089},{"Length":28,"Height":4,"Demand":1,"DemandMax":null,"Value":336},{"Length":23,"Height":20,"Demand":1,"DemandMax":null,"Value":920},{"Length":32,"Height":13,"Demand":1,"DemandMax":null,"Value":1248},{"Length":4,"Height":3,"Demand":1,"DemandMax":null,"Value":24},{"Length":26,"Height":32,"Demand":1,"DemandMax":null,"Value":1664},{"Length":30,"Height":24,"Demand":1,"DemandMax":null,"Value":720},{"Length":21,"Height":23,"Demand":1,"DemandMax":null,"Value":483},{"Length":12,"Height":30,"Demand":1,"DemandMax":null,"Value":360},{"Length":16,"Height":4,"Demand":1,"DemandMax":null,"Value":192},{"Length":27,"Height":5,"Demand":1,"DemandMax":null,"Value":135},{"Length":20,"Height":13,"Demand":1,"DemandMax":null,"Value":520},{"Length":23,"Height":21,"Demand":1,"DemandMax":null,"Value":1449},{"Length":30,"Height":18,"Demand":1,"DemandMax":null,"Value":540},{"Length":29,"Height":9,"Demand":1,"DemandMax":null,"Value":261},{"Length":33,"Height":16,"Demand":1,"DemandMax":null,"Value":528},{"Length":17,"Height":7,"Demand":1,"DemandMax":null,"Value":357},{"Length":21,"Height":26,"Demand":1,"DemandMax":null,"Value":546},{"Length":3,"Height":18,"Demand":1,"DemandMax":null,"Value":162},{"Length":24,"Height":2,"Demand":1,"DemandMax":null,"Value":48},{"Length":5,"Height":4,"Demand":1,"DemandMax":null,"Value":60},{"Length":18,"Height":30,"Demand":1,"DemandMax":null,"Value":1620},{"Length":9,"Height":29,"Demand":1,"DemandMax":null,"Value":261},{"Length":31,"Height":19,"Demand":2,"DemandMax":null,"Value":1178},{"Length":29,"Height":32,"Demand":1,"DemandMax":null,"Value":1856},{"Length":4,"Height":5,"Demand":1,"DemandMax":null,"Value":60},{"Length":14,"Height":7,"Demand":1,"DemandMax":null,"Value":294},{"Length":29,"Height":19,"Demand":1,"DemandMax":null,"Value":1102},{"Length":29,"Height":15,"Demand":1,"DemandMax":null,"Value":870},{"Length":28,"Height":12,"Demand":1,"DemandMax":null,"Value":672},{"Length":28,"Height":23,"Demand":1,"DemandMax":null,"Value":644},{"Length":28,"Height":33,"Demand":1,"DemandMax":null,"Value":924},{"Length":3,"Height":20,"Demand":1,"DemandMax":null,"Value":180},{"Length":21,"Height":27,"Demand":1,"DemandMax":null,"Value":1701},{"Length":4,"Height":7,"Demand":1,"DemandMax":null,"Value":84},{"Length":27,"Height":1,"Demand":1,"DemandMax":null,"Value":54},{"Length":29,"Height":27,"Demand":1,"DemandMax":null,"Value":1566},{"Length":26,"Height":16,"Demand":1,"DemandMax":null,"Value":416},{"Length":12,"Height":24,"Demand":1,"DemandMax":null,"Value":864},{"Length":10,"Height":31,"Demand":1,"DemandMax":null,"Value":310},{"Length":25,"Height":12,"Demand":1,"DemandMax":null,"Value":900},{"Length":1,"Height":16,"Demand":1,"DemandMax":null,"Value":16},{"Length":5,"Height":3,"Demand":1,"DemandMax":null,"Value":30},{"Length":18,"Height":31,"Demand":1,"DemandMax":null,"Value":1116},{"Length":4,"Height":9,"Demand":1,"DemandMax":null,"Value":72},{"Length":20,"Height":14,"Demand":1,"DemandMax":null,"Value":280},{"Length":12,"Height":17,"Demand":1,"DemandMax":null,"Value":408},{"Length":6,"Height":25,"Demand":1,"DemandMax":null,"Value":450},{"Length":19,"Height":28,"Demand":1,"DemandMax":null,"Value":532},{"Length":26,"Height":24,"Demand":1,"DemandMax":null,"Value":1872},{"Length":6,"Height":16,"Demand":1,"DemandMax":null,"Value":288},{"Length":30,"Height":16,"Demand":1,"DemandMax":null,"Value":480},{"Length":13,"Height":27,"Demand":1,"DemandMax":null,"Value":702},{"Length":10,"Height":5,"Demand":1,"DemandMax":null,"Value":100},{"Length":14,"Height":16,"Demand":1,"DemandMax":null,"Value":224},{"Length":11,"Height":8,"Demand":1,"DemandMax":null,"Value":176},{"Length":3,"Height":21,"Demand":1,"DemandMax":null,"Value":63},{"Length":22,"Height":4,"Demand":1,"DemandMax":null,"Value":264},{"Length":7,"Height":18,"Demand":1,"DemandMax":null,"Value":126},{"Length":18,"Height":30,"Demand":1,"DemandMax":null,"Value":1080},{"Length":16,"Height":18,"Demand":1,"DemandMax":null,"Value":576},{"Length":16,"Height":3,"Demand":1,"DemandMax":null,"Value":96},{"Length":15,"Height":10,"Demand":1,"DemandMax":null,"Value":300},{"Length":28,"Height":6,"Demand":1,"DemandMax":null,"Value":168},{"Length":13,"Height":18,"Demand":1,"DemandMax":null,"Value":234},{"Length":28,"Height":31,"Demand":1,"DemandMax":null,"Value":1736},{"Length":5,"Height":11,"Demand":1,"DemandMax":null,"Value":55},{"Length":28,"Height":30,"Demand":1,"DemandMax":null,"Value":2520},{"Length":8,"Height":4,"Demand":1,"DemandMax":null,"Value":96},{"Length":13,"Height":32,"Demand":1,"DemandMax":null,"Value":416},{"Length":3,"Height":23,"Demand":1,"DemandMax":null,"Value":138},{"Length":19,"Height":20,"Demand":1,"DemandMax":null,"Value":760},{"Length":10,"Height":26,"Demand":1,"DemandMax":null,"Value":260},{"Length":18,"Height":18,"Demand":1,"DemandMax":null,"Value":972},{"Length":24,"Height":15,"Demand":1,"DemandMax":null,"Value":360},{"Length":7,"Height":3,"Demand":1,"DemandMax":null,"Value":42},{"Length":17,"Height":6,"Demand":1,"DemandMax":null,"Value":306},{"Length":20,"Height":3,"Demand":1,"DemandMax":null,"Value":120},{"Length":27,"Height":26,"Demand":1,"DemandMax":null,"Value":2106},{"Length":7,"Height":24,"Demand":1,"DemandMax":null,"Value":336},{"Length":23,"Height":10,"Demand":1,"DemandMax":null,"Value":690},{"Length":31,"Height":4,"Demand":1,"DemandMax":null,"Value":124},{"Length":7,"Height":1,"Demand":1,"DemandMax":null,"Value":7},{"Length":28,"Height":26,"Demand":1,"DemandMax":null,"Value":2184},{"Length":29,"Height":9,"Demand":1,"DemandMax":null,"Value":522},{"Length":27,"Height":12,"Demand":1,"DemandMax":null,"Value":648},{"Length":33,"Height":25,"Demand":1,"DemandMax":null,"Value":2475},{"Length":10,"Height":6,"Demand":1,"DemandMax":null,"Value":60},{"Length":27,"Height":24,"Demand":1,"DemandMax":null,"Value":648},{"Length":3,"Height":20,"Demand":1,"DemandMax":null,"Value":60},{"Length":17,"Height":13,"Demand":1,"DemandMax":null,"Value":663},{"Length":14,"Height":4,"Demand":1,"DemandMax":null,"Value":168},{"Length":8,"Height":4,"Demand":1,"DemandMax":null,"Value":64},{"Length":11,"Height":14,"Demand":1,"DemandMax":null,"Value":462}]}