{"Name":"ep2-100-SC75","Objects":[{"Length":403,"Height":806,"Stock":null,"Cost":324818}],"Items":[{"Length":80,"Height":80,"Demand":5,"DemandMax":null,"Value":6400},{"Length":58,"Height":58,"Demand":5,"DemandMax":null,"Value":10092},{"Length":71,"Height":71,"Demand":5,"DemandMax":null,"Value":5041},{"Length":68,"Height":68,"Demand":10,"DemandMax":null,"Value":9248},{"Length":65,"Height":65,"Demand":5,"DemandMax":null,"Value":8450},{"Length":1,"Height":1,"Demand":5,"DemandMax":null,"Value":2},{"Length":42,"Height":42,"Demand":5,"DemandMax":null,"Value":3528},{"Length":51,"Height":51,"Demand":5,"DemandMax":null,"Value":5202},{"Length":98,"Height":98,"Demand":5,"DemandMax":null,"Value":28812},{"Length":82,"Height":82,"Demand":5,"DemandMax":null,"Value":20172},{"Length":88,"Height":88,"Demand":5,"DemandMax":null,"Value":7744},{"Length":69,"Height":69,"Demand":5,"DemandMax":null,"Value":9522},{"Length":57,"Height":57,"Demand":5,"DemandMax":null,"Value":9747},{"Length":39,"Height":39,"Demand":5,"DemandMax":null,"Value":3042},{"Length":48,"Height":48,"Demand":5,"DemandMax":null,"Value":6912},{"Length":56,"Height":56,"Demand":5,"DemandMax":null,"Value":9408},{"Length":41,"Height":41,"Demand":5,"DemandMax":null,"Value":1681},{"Length":74,"Height":74,"Demand":5,"DemandMax":null,"Value":10952},{"Length":89,"Height":89,"Demand":5,"DemandMax":null,"Value":7921}]}