{"Name":"ep2-200-WR75","Objects":[{"Length":327,"Height":655,"Stock":null,"Cost":214185}],"Items":[{"Length":84,"Height":7,"Demand":1,"DemandMax":null,"Value":1176},{"Length":76,"Height":2,"Demand":1,"DemandMax":null,"Value":456},{"Length":98,"Height":28,"Demand":1,"DemandMax":null,"Value":8232},{"Length":87,"Height":2,"Demand":1,"DemandMax":null,"Value":348},{"Length":85,"Height":12,"Demand":1,"DemandMax":null,"Value":2040},{"Length":98,"Height":31,"Demand":1,"DemandMax":null,"Value":3038},{"Length":73,"Height":9,"Demand":1,"DemandMax":null,"Value":1971},{"Length":92,"Height":6,"Demand":1,"DemandMax":null,"Value":1104},{"Length":92,"Height":33,"Demand":1,"DemandMax":null,"Value":3036},{"Length":67,"Height":9,"Demand":1,"DemandMax":null,"Value":1206},{"Length":82,"Height":5,"Demand":1,"DemandMax":null,"Value":1230},{"Length":83,"Height":33,"Demand":1,"DemandMax":null,"Value":8217},{"Length":97,"Height":3,"Demand":1,"DemandMax":null,"Value":291},{"Length":77,"Height":19,"Demand":1,"DemandMax":null,"Value":4389},{"Length":93,"Height":5,"Demand":1,"DemandMax":null,"Value":930},{"Length":83,"Height":32,"Demand":1,"DemandMax":null,"Value":5312},{"Length":93,"Height":9,"Demand":1,"DemandMax":null,"Value":1674},{"Length":75,"Height":18,"Demand":1,"DemandMax":null,"Value":2700},{"Length":77,"Height":9,"Demand":1,"DemandMax":null,"Value":693},{"Length":69,"Height":31,"Demand":1,"DemandMax":null,"Value":6417},{"Length":84,"Height":29,"Demand":1,"DemandMax":null,"Value":4872},{"Length":76,"Height":16,"Demand":2,"DemandMax":null,"Value":2432},{"Length":96,"Height":7,"Demand":1,"DemandMax":null,"Value":2016},{"Length":76,"Height":23,"Demand":1,"DemandMax":null,"Value":1748},{"Length":86,"Height":8,"Demand":1,"DemandMax":null,"Value":2064},{"Length":97,"Height":12,"Demand":1,"DemandMax":null,"Value":1164},{"Length":70,"Height":5,"Demand":1,"DemandMax":null,"Value":1050},{"Length":79,"Height":22,"Demand":1,"DemandMax":null,"Value":1738},{"Length":84,"Height":20,"Demand":1,"DemandMax":null,"Value":5040},{"Length":69,"Height":25,"Demand":1,"DemandMax":null,"Value":3450},{"Length":93,"Height":21,"Demand":1,"DemandMax":null,"Value":1953},{"Length":83,"Height":17,"Demand":1,"DemandMax":null,"Value":2822},{"Length":67,"Height":21,"Demand":1,"DemandMax":null,"Value":4221},{"Length":96,"Height":16,"Demand":1,"DemandMax":null,"Value":1536},{"Length":89,"Height":14,"Demand":1,"DemandMax":null,"Value":3738},{"Length":81,"Height":25,"Demand":1,"DemandMax":null,"Value":6075},{"Length":98,"Height":26,"Demand":1,"DemandMax":null,"Value":7644},{"Length":72,"Height":27,"Demand":1,"DemandMax":null,"Value":1944},{"Length":89,"Height":20,"Demand":1,"DemandMax":null,"Value":3560},{"Length":94,"Height":18,"Demand":1,"DemandMax":null,"Value":5076},{"Length":93,"Height":26,"Demand":1,"DemandMax":null,"Value":2418},{"Length":68,"Height":5,"Demand":1,"DemandMax":null,"Value":1020},{"Length":95,"Height":22,"Demand":1,"DemandMax":null,"Value":6270},{"Length":100,"Height":27,"Demand":1,"DemandMax":null,"Value":5400},{"Length":75,"Height":13,"Demand":2,"DemandMax":null,"Value":1950},{"Length":95,"Height":24,"Demand":1,"DemandMax":null,"Value":2280},{"Length":73,"Height":30,"Demand":1,"DemandMax":null,"Value":4380},{"Length":94,"Height":23,"Demand":1,"DemandMax":null,"Value":4324},{"Length":98,"Height":21,"Demand":1,"DemandMax":null,"Value":6174},{"Length":84,"Height":19,"Demand":1,"DemandMax":null,"Value":3192},{"Length":78,"Height":26,"Demand":1,"DemandMax":null,"Value":6084},{"Length":75,"Height":2,"Demand":1,"DemandMax":null,"Value":300},{"Length":79,"Height":5,"Demand":1,"DemandMax":null,"Value":790},{"Length":79,"Height":13,"Demand":1,"DemandMax":null,"Value":2054},{"Length":78,"Height":2,"Demand":1,"DemandMax":null,"Value":156},{"Length":98,"Height":14,"Demand":1,"DemandMax":null,"Value":1372},{"Length":91,"Height":9,"Demand":1,"DemandMax":null,"Value":1638},{"Length":98,"Height":3,"Demand":1,"DemandMax":null,"Value":294},{"Length":87,"Height":8,"Demand":1,"DemandMax":null,"Value":696},{"Length":77,"Height":29,"Demand":2,"DemandMax":null,"Value":4466},{"Length":78,"Height":15,"Demand":1,"DemandMax":null,"Value":3510},{"Length":72,"Height":19,"Demand":1,"DemandMax":null,"Value":2736},{"Length":67,"Height":1,"Demand":1,"DemandMax":null,"Value":134},{"Length":76,"Height":7,"Demand":1,"DemandMax":null,"Value":532},{"Length":86,"Height":3,"Demand":1,"DemandMax":null,"Value":516},{"Length":98,"Height":2,"Demand":1,"DemandMax":null,"Value":588},{"Length":77,"Height":28,"Demand":1,"DemandMax":null,"Value":6468},{"Length":87,"Height":5,"Demand":1,"DemandMax":null,"Value":435},{"Length":75,"Height":22,"Demand":1,"DemandMax":null,"Value":4950},{"Length":74,"Height":31,"Demand":1,"DemandMax":null,"Value":4588},{"Length":80,"Height":12,"Demand":1,"DemandMax":null,"Value":960},{"Length":76,"Height":32,"Demand":1,"DemandMax":null,"Value":7296},{"Length":78,"Height":18,"Demand":1,"DemandMax":null,"Value":1404},{"Length":83,"Height":14,"Demand":1,"DemandMax":null,"Value":2324},{"Length":72,"Height":24,"Demand":1,"DemandMax":null,"Value":5184},{"Length":94,"Height":29,"Demand":1,"DemandMax":null,"Value":8178},{"Length":73,"Height":27,"Demand":1,"DemandMax":null,"Value":3942},{"Length":88,"Height":24,"Demand":1,"DemandMax":null,"Value":4224},{"Length":92,"Height":25,"Demand":1,"DemandMax":null,"Value":6900},{"Length":74,"Height":12,"Demand":1,"DemandMax":null,"Value":888},{"Length":77,"Height":1,"Demand":1,"DemandMax":null,"Value":231},{"Length":77,"Height":9,"Demand":1,"DemandMax":null,"Value":1386},{"Length":79,"Height":14,"Demand":1,"DemandMax":null,"Value":2212},{"Length":84,"Height":32,"Demand":1,"DemandMax":null,"Value":2688},{"Length":75,"Height":29,"Demand":1,"DemandMax":null,"Value":2175},{"Length":75,"Height":14,"Demand":1,"DemandMax":null,"Value":1050},{"Length":79,"Height":7,"Demand":1,"DemandMax":null,"Value":1659},{"Length":67,"Height":4,"Demand":1,"DemandMax":null,"Value":536},{"Length":84,"Height":17,"Demand":2,"DemandMax":null,"Value":4284},{"Length":70,"Height":32,"Demand":1,"DemandMax":null,"Value":4480},{"Length":71,"Height":15,"Demand":1,"DemandMax":null,"Value":3195},{"Length":80,"Height":2,"Demand":1,"DemandMax":null,"Value":480},{"Length":90,"Height":17,"Demand":1,"DemandMax":null,"Value":4590},{"Length":94,"Height":4,"Demand":1,"DemandMax":null,"Value":376},{"Length":90,"Height":8,"Demand":1,"DemandMax":null,"Value":2160},{"Length":94,"Height":31,"Demand":1,"DemandMax":null,"Value":8742},{"Length":86,"Height":31,"Demand":1,"DemandMax":null,"Value":5332},{"Length":74,"Height":27,"Demand":1,"DemandMax":null,"Value":3996},{"Length":85,"Height":27,"Demand":1,"DemandMax":null,"Value":4590},{"Length":90,"Height":2,"Demand":1,"DemandMax":null,"Value":360},{"Length":69,"Height":18,"Demand":1,"DemandMax":null,"Value":1242},{"Length":71,"Height":32,"Demand":1,"DemandMax":null,"Value":2272},{"Length":85,"Height":9,"Demand":1,"DemandMax":null,"Value":765},{"Length":86,"Height":25,"Demand":1,"DemandMax":null,"Value":4300},{"Length":99,"Height":26,"Demand":1,"DemandMax":null,"Value":2574},{"Length":89,"Height":9,"Demand":1,"DemandMax":null,"Value":2403},{"Length":96,"Height":8,"Demand":1,"DemandMax":null,"Value":2304},{"Length":76,"Height":22,"Demand":1,"DemandMax":null,"Value":5016},{"Length":81,"Height":18,"Demand":1,"DemandMax":null,"Value":1458},{"Length":85,"Height":20,"Demand":1,"DemandMax":null,"Value":5100},{"Length":96,"Height":27,"Demand":1,"DemandMax":null,"Value":7776},{"Length":71,"Height":10,"Demand":1,"DemandMax":null,"Value":1420},{"Length":96,"Height":16,"Demand":1,"DemandMax":null,"Value":3072},{"Length":78,"Height":27,"Demand":1,"DemandMax":null,"Value":4212},{"Length":78,"Height":25,"Demand":1,"DemandMax":null,"Value":3900},{"Length":68,"Height":22,"Demand":1,"DemandMax":null,"Value":1496},{"Length":86,"Height":23,"Demand":1,"DemandMax":null,"Value":3956},{"Length":72,"Height":1,"Demand":1,"DemandMax":null,"Value":144},{"Length":87,"Height":18,"Demand":1,"DemandMax":null,"Value":1566},{"Length":82,"Height":24,"Demand":1,"DemandMax":null,"Value":1968},{"Length":87,"Height":29,"Demand":1,"DemandMax":null,"Value":5046},{"Length":89,"Height":19,"Demand":1,"DemandMax":null,"Value":1691},{"Length":84,"Height":13,"Demand":1,"DemandMax":null,"Value":3276},{"Length":84,"Height":14,"Demand":1,"DemandMax":null,"Value":2352},{"Length":96,"Height":5,"Demand":1,"DemandMax":null,"Value":960},{"Length":77,"Height":18,"Demand":1,"DemandMax":null,"Value":1386},{"Length":89,"Height":21,"Demand":1,"DemandMax":null,"Value":5607},{"Length":90,"Height":2,"Demand":1,"DemandMax":null,"Value":180},{"Length":82,"Height":24,"Demand":1,"DemandMax":null,"Value":5904},{"Length":91,"Height":19,"Demand":1,"DemandMax":null,"Value":3458},{"Length":81,"Height":28,"Demand":1,"DemandMax":null,"Value":6804},{"Length":93,"Height":18,"Demand":1,"DemandMax":null,"Value":3348},{"Length":81,"Height":5,"Demand":1,"DemandMax":null,"Value":1215},{"Length":68,"Height":12,"Demand":1,"DemandMax":null,"Value":2448},{"Length":67,"Height":12,"Demand":1,"DemandMax":null,"Value":1608},{"Length":81,"Height":33,"Demand":1,"DemandMax":null,"Value":5346},{"Length":84,"Height":30,"Demand":1,"DemandMax":null,"Value":7560},{"Length":66,"Height":27,"Demand":1,"DemandMax":null,"Value":3564},{"Length":78,"Height":5,"Demand":1,"DemandMax":null,"Value":390},{"Length":98,"Height":20,"Demand":1,"DemandMax":null,"Value":1960},{"Length":89,"Height":7,"Demand":1,"DemandMax":null,"Value":1246},{"Length":87,"Height":1,"Demand":1,"DemandMax":null,"Value":87},{"Length":89,"Height":4,"Demand":1,"DemandMax":null,"Value":712},{"Length":86,"Height":27,"Demand":1,"DemandMax":null,"Value":6966},{"Length":83,"Height":21,"Demand":1,"DemandMax":null,"Value":5229},{"Length":98,"Height":32,"Demand":1,"DemandMax":null,"Value":6272},{"Length":68,"Height":14,"Demand":1,"DemandMax":null,"Value":952},{"Length":85,"Height":7,"Demand":1,"DemandMax":null,"Value":595},{"Length":92,"Height":1,"Demand":1,"DemandMax":null,"Value":92},{"Length":80,"Height":28,"Demand":1,"DemandMax":null,"Value":6720},{"Length":96,"Height":23,"Demand":1,"DemandMax":null,"Value":6624},{"Length":72,"Height":30,"Demand":1,"DemandMax":null,"Value":2160},{"Length":69,"Height":33,"Demand":1,"DemandMax":null,"Value":2277},{"Length":92,"Height":33,"Demand":1,"DemandMax":null,"Value":6072},{"Length":72,"Height":28,"Demand":1,"DemandMax":null,"Value":2016},{"Length":70,"Height":14,"Demand":1,"DemandMax":null,"Value":1960},{"Length":87,"Height":23,"Demand":1,"DemandMax":null,"Value":6003},{"Length":98,"Height":17,"Demand":1,"DemandMax":null,"Value":3332},{"Length":97,"Height":15,"Demand":1,"DemandMax":null,"Value":1455},{"Length":76,"Height":32,"Demand":1,"DemandMax":null,"Value":2432},{"Length":91,"Height":12,"Demand":1,"DemandMax":null,"Value":1092},{"Length":80,"Height":13,"Demand":1,"DemandMax":null,"Value":3120},{"Length":95,"Height":24,"Demand":1,"DemandMax":null,"Value":6840},{"Length":74,"Height":25,"Demand":1,"DemandMax":null,"Value":3700},{"Length":89,"Height":26,"Demand":1,"DemandMax":null,"Value":6942},{"Length":99,"Height":11,"Demand":1,"DemandMax":null,"Value":3267},{"Length":76,"Height":13,"Demand":1,"DemandMax":null,"Value":1976},{"Length":96,"Height":13,"Demand":1,"DemandMax":null,"Value":3744},{"Length":85,"Height":6,"Demand":1,"DemandMax":null,"Value":510},{"Length":67,"Height":3,"Demand":1,"DemandMax":null,"Value":603},{"Length":75,"Height":9,"Demand":1,"DemandMax":null,"Value":2025},{"Length":99,"Height":13,"Demand":1,"DemandMax":null,"Value":3861},{"Length":87,"Height":3,"Demand":1,"DemandMax":null,"Value":783},{"Length":73,"Height":23,"Demand":1,"DemandMax":null,"Value":1679},{"Length":71,"Height":29,"Demand":1,"DemandMax":null,"Value":4118},{"Length":91,"Height":16,"Demand":1,"DemandMax":null,"Value":2912},{"Length":88,"Height":1,"Demand":1,"DemandMax":null,"Value":88},{"Length":71,"Height":2,"Demand":1,"DemandMax":null,"Value":426},{"Length":80,"Height":27,"Demand":1,"DemandMax":null,"Value":4320},{"Length":98,"Height":5,"Demand":1,"DemandMax":null,"Value":490},{"Length":68,"Height":11,"Demand":1,"DemandMax":null,"Value":748},{"Length":100,"Height":26,"Demand":1,"DemandMax":null,"Value":2600},{"Length":73,"Height":32,"Demand":1,"DemandMax":null,"Value":7008},{"Length":70,"Height":8,"Demand":1,"DemandMax":null,"Value":560},{"Length":100,"Height":21,"Demand":1,"DemandMax":null,"Value":2100},{"Length":76,"Height":25,"Demand":1,"DemandMax":null,"Value":3800},{"Length":67,"Height":26,"Demand":1,"DemandMax":null,"Value":3484},{"Length":70,"Height":23,"Demand":1,"DemandMax":null,"Value":1610},{"Length":79,"Height":16,"Demand":1,"DemandMax":null,"Value":1264},{"Length":88,"Height":15,"Demand":1,"DemandMax":null,"Value":2640},{"Length":100,"Height":12,"Demand":1,"DemandMax":null,"Value":1200},{"Length":76,"Height":26,"Demand":1,"DemandMax":null,"Value":1976},{"Length":91,"Height":33,"Demand":1,"DemandMax":null,"Value":3003},{"Length":70,"Height":22,"Demand":1,"DemandMax":null,"Value":1540},{"Length":76,"Height":1,"Demand":1,"DemandMax":null,"Value":228},{"Length":71,"Height":27,"Demand":1,"DemandMax":null,"Value":5751}]}