{"Name":"ep2-200-WC75","Objects":[{"Length":309,"Height":619,"Stock":null,"Cost":191271}],"Items":[{"Length":84,"Height":7,"Demand":10,"DemandMax":null,"Value":1764},{"Length":76,"Height":2,"Demand":10,"DemandMax":null,"Value":304},{"Length":98,"Height":28,"Demand":10,"DemandMax":null,"Value":8232},{"Length":87,"Height":2,"Demand":10,"DemandMax":null,"Value":174},{"Length":85,"Height":12,"Demand":10,"DemandMax":null,"Value":2040},{"Length":98,"Height":31,"Demand":10,"DemandMax":null,"Value":6076},{"Length":73,"Height":9,"Demand":10,"DemandMax":null,"Value":1971},{"Length":92,"Height":6,"Demand":10,"DemandMax":null,"Value":552},{"Length":92,"Height":33,"Demand":10,"DemandMax":null,"Value":6072},{"Length":67,"Height":9,"Demand":10,"DemandMax":null,"Value":1206},{"Length":82,"Height":5,"Demand":10,"DemandMax":null,"Value":820},{"Length":83,"Height":33,"Demand":10,"DemandMax":null,"Value":2739},{"Length":97,"Height":3,"Demand":10,"DemandMax":null,"Value":582},{"Length":77,"Height":19,"Demand":10,"DemandMax":null,"Value":1463},{"Length":93,"Height":5,"Demand":10,"DemandMax":null,"Value":930},{"Length":83,"Height":32,"Demand":10,"DemandMax":null,"Value":2656},{"Length":93,"Height":9,"Demand":10,"DemandMax":null,"Value":1674},{"Length":75,"Height":18,"Demand":10,"DemandMax":null,"Value":2700},{"Length":77,"Height":9,"Demand":10,"DemandMax":null,"Value":1386},{"Length":69,"Height":31,"Demand":10,"DemandMax":null,"Value":2139}]}