{"Name":"ep2-30-UR25","Objects":[{"Length":164,"Height":329,"Stock":null,"Cost":53956}],"Items":[{"Length":89,"Height":94,"Demand":1,"DemandMax":null,"Value":8366},{"Length":94,"Height":99,"Demand":1,"DemandMax":null,"Value":18612},{"Length":88,"Height":92,"Demand":1,"DemandMax":null,"Value":24288},{"Length":83,"Height":84,"Demand":1,"DemandMax":null,"Value":6972},{"Length":95,"Height":70,"Demand":1,"DemandMax":null,"Value":6650},{"Length":71,"Height":96,"Demand":1,"DemandMax":null,"Value":6816},{"Length":97,"Height":78,"Demand":1,"DemandMax":null,"Value":15132},{"Length":83,"Height":66,"Demand":1,"DemandMax":null,"Value":10956},{"Length":85,"Height":85,"Demand":1,"DemandMax":null,"Value":21675},{"Length":82,"Height":72,"Demand":1,"DemandMax":null,"Value":11808},{"Length":78,"Height":92,"Demand":1,"DemandMax":null,"Value":21528},{"Length":78,"Height":88,"Demand":1,"DemandMax":null,"Value":6864},{"Length":83,"Height":86,"Demand":1,"DemandMax":null,"Value":14276},{"Length":96,"Height":74,"Demand":1,"DemandMax":null,"Value":14208},{"Length":91,"Height":89,"Demand":1,"DemandMax":null,"Value":8099},{"Length":81,"Height":77,"Demand":1,"DemandMax":null,"Value":12474},{"Length":87,"Height":95,"Demand":1,"DemandMax":null,"Value":8265},{"Length":87,"Height":85,"Demand":1,"DemandMax":null,"Value":14790},{"Length":71,"Height":99,"Demand":1,"DemandMax":null,"Value":14058},{"Length":95,"Height":87,"Demand":1,"DemandMax":null,"Value":16530},{"Length":83,"Height":68,"Demand":1,"DemandMax":null,"Value":5644},{"Length":76,"Height":95,"Demand":1,"DemandMax":null,"Value":7220},{"Length":88,"Height":98,"Demand":1,"DemandMax":null,"Value":8624},{"Length":94,"Height":80,"Demand":1,"DemandMax":null,"Value":7520},{"Length":91,"Height":88,"Demand":1,"DemandMax":null,"Value":8008},{"Length":84,"Height":75,"Demand":1,"DemandMax":null,"Value":18900},{"Length":93,"Height":97,"Demand":1,"DemandMax":null,"Value":9021},{"Length":93,"Height":84,"Demand":1,"DemandMax":null,"Value":23436},{"Length":66,"Height":70,"Demand":1,"DemandMax":null,"Value":13860},{"Length":81,"Height":80,"Demand":1,"DemandMax":null,"Value":6480}]}