{"Name":"ep2-50-UR75","Objects":[{"Length":366,"Height":732,"Stock":null,"Cost":267912}],"Items":[{"Length":89,"Height":94,"Demand":1,"DemandMax":null,"Value":25098},{"Length":94,"Height":99,"Demand":1,"DemandMax":null,"Value":9306},{"Length":88,"Height":92,"Demand":1,"DemandMax":null,"Value":24288},{"Length":83,"Height":84,"Demand":1,"DemandMax":null,"Value":13944},{"Length":95,"Height":70,"Demand":1,"DemandMax":null,"Value":6650},{"Length":71,"Height":96,"Demand":1,"DemandMax":null,"Value":13632},{"Length":97,"Height":78,"Demand":1,"DemandMax":null,"Value":15132},{"Length":83,"Height":66,"Demand":1,"DemandMax":null,"Value":10956},{"Length":85,"Height":85,"Demand":1,"DemandMax":null,"Value":14450},{"Length":82,"Height":72,"Demand":1,"DemandMax":null,"Value":11808},{"Length":78,"Height":92,"Demand":1,"DemandMax":null,"Value":14352},{"Length":78,"Height":88,"Demand":1,"DemandMax":null,"Value":6864},{"Length":83,"Height":86,"Demand":1,"DemandMax":null,"Value":14276},{"Length":96,"Height":74,"Demand":1,"DemandMax":null,"Value":7104},{"Length":91,"Height":89,"Demand":1,"DemandMax":null,"Value":8099},{"Length":81,"Height":77,"Demand":1,"DemandMax":null,"Value":6237},{"Length":87,"Height":95,"Demand":1,"DemandMax":null,"Value":16530},{"Length":87,"Height":85,"Demand":1,"DemandMax":null,"Value":7395},{"Length":71,"Height":99,"Demand":1,"DemandMax":null,"Value":21087},{"Length":95,"Height":87,"Demand":1,"DemandMax":null,"Value":16530},{"Length":83,"Height":68,"Demand":1,"DemandMax":null,"Value":11288},{"Length":76,"Height":95,"Demand":1,"DemandMax":null,"Value":14440},{"Length":88,"Height":98,"Demand":1,"DemandMax":null,"Value":25872},{"Length":94,"Height":80,"Demand":1,"DemandMax":null,"Value":22560},{"Length":91,"Height":88,"Demand":1,"DemandMax":null,"Value":8008},{"Length":84,"Height":75,"Demand":1,"DemandMax":null,"Value":18900},{"Length":93,"Height":97,"Demand":1,"DemandMax":null,"Value":9021},{"Length":93,"Height":84,"Demand":1,"DemandMax":null,"Value":23436},{"Length":66,"Height":70,"Demand":1,"DemandMax":null,"Value":9240},{"Length":81,"Height":80,"Demand":1,"DemandMax":null,"Value":19440},{"Length":97,"Height":100,"Demand":1,"DemandMax":null,"Value":9700},{"Length":69,"Height":82,"Demand":1,"DemandMax":null,"Value":11316},{"Length":70,"Height":83,"Demand":1,"DemandMax":null,"Value":11620},{"Length":77,"Height":78,"Demand":1,"DemandMax":null,"Value":12012},{"Length":72,"Height":88,"Demand":1,"DemandMax":null,"Value":6336},{"Length":89,"Height":69,"Demand":1,"DemandMax":null,"Value":6141},{"Length":74,"Height":81,"Demand":1,"DemandMax":null,"Value":11988},{"Length":99,"Height":75,"Demand":1,"DemandMax":null,"Value":14850},{"Length":88,"Height":82,"Demand":1,"DemandMax":null,"Value":21648},{"Length":88,"Height":87,"Demand":1,"DemandMax":null,"Value":7656},{"Length":98,"Height":67,"Demand":1,"DemandMax":null,"Value":13132},{"Length":90,"Height":90,"Demand":1,"DemandMax":null,"Value":16200},{"Length":86,"Height":100,"Demand":1,"DemandMax":null,"Value":8600},{"Length":82,"Height":80,"Demand":1,"DemandMax":null,"Value":6560},{"Length":93,"Height":79,"Demand":1,"DemandMax":null,"Value":14694},{"Length":82,"Height":67,"Demand":1,"DemandMax":null,"Value":16482},{"Length":73,"Height":83,"Demand":1,"DemandMax":null,"Value":6059},{"Length":93,"Height":91,"Demand":1,"DemandMax":null,"Value":8463},{"Length":97,"Height":99,"Demand":1,"DemandMax":null,"Value":19206},{"Length":77,"Height":75,"Demand":1,"DemandMax":null,"Value":17325}]}