{"Name":"ep2-50-TR75","Objects":[{"Length":165,"Height":331,"Stock":null,"Cost":54615}],"Items":[{"Length":10,"Height":82,"Demand":2,"DemandMax":null,"Value":2460},{"Length":10,"Height":89,"Demand":1,"DemandMax":null,"Value":890},{"Length":19,"Height":72,"Demand":1,"DemandMax":null,"Value":1368},{"Length":21,"Height":88,"Demand":1,"DemandMax":null,"Value":5544},{"Length":12,"Height":94,"Demand":1,"DemandMax":null,"Value":3384},{"Length":7,"Height":81,"Demand":1,"DemandMax":null,"Value":1701},{"Length":27,"Height":94,"Demand":1,"DemandMax":null,"Value":5076},{"Length":14,"Height":94,"Demand":1,"DemandMax":null,"Value":1316},{"Length":33,"Height":87,"Demand":1,"DemandMax":null,"Value":5742},{"Length":27,"Height":84,"Demand":1,"DemandMax":null,"Value":2268},{"Length":6,"Height":89,"Demand":1,"DemandMax":null,"Value":1068},{"Length":8,"Height":97,"Demand":1,"DemandMax":null,"Value":1552},{"Length":2,"Height":93,"Demand":1,"DemandMax":null,"Value":558},{"Length":24,"Height":69,"Demand":1,"DemandMax":null,"Value":4968},{"Length":26,"Height":76,"Demand":1,"DemandMax":null,"Value":5928},{"Length":26,"Height":67,"Demand":1,"DemandMax":null,"Value":3484},{"Length":33,"Height":85,"Demand":1,"DemandMax":null,"Value":5610},{"Length":9,"Height":86,"Demand":1,"DemandMax":null,"Value":774},{"Length":6,"Height":80,"Demand":1,"DemandMax":null,"Value":1440},{"Length":6,"Height":93,"Demand":1,"DemandMax":null,"Value":1674},{"Length":9,"Height":67,"Demand":1,"DemandMax":null,"Value":603},{"Length":14,"Height":73,"Demand":1,"DemandMax":null,"Value":3066},{"Length":5,"Height":67,"Demand":1,"DemandMax":null,"Value":670},{"Length":18,"Height":81,"Demand":1,"DemandMax":null,"Value":2916},{"Length":21,"Height":96,"Demand":1,"DemandMax":null,"Value":6048},{"Length":33,"Height":75,"Demand":1,"DemandMax":null,"Value":2475},{"Length":18,"Height":99,"Demand":1,"DemandMax":null,"Value":3564},{"Length":31,"Height":78,"Demand":1,"DemandMax":null,"Value":7254},{"Length":25,"Height":77,"Demand":1,"DemandMax":null,"Value":5775},{"Length":32,"Height":88,"Demand":1,"DemandMax":null,"Value":8448},{"Length":26,"Height":81,"Demand":1,"DemandMax":null,"Value":6318},{"Length":29,"Height":100,"Demand":1,"DemandMax":null,"Value":8700},{"Length":6,"Height":90,"Demand":1,"DemandMax":null,"Value":1620},{"Length":14,"Height":78,"Demand":1,"DemandMax":null,"Value":1092},{"Length":8,"Height":72,"Demand":1,"DemandMax":null,"Value":576},{"Length":31,"Height":91,"Demand":1,"DemandMax":null,"Value":8463},{"Length":28,"Height":67,"Demand":1,"DemandMax":null,"Value":5628},{"Length":31,"Height":69,"Demand":1,"DemandMax":null,"Value":2139},{"Length":1,"Height":93,"Demand":1,"DemandMax":null,"Value":279},{"Length":2,"Height":88,"Demand":1,"DemandMax":null,"Value":176},{"Length":20,"Height":85,"Demand":1,"DemandMax":null,"Value":5100},{"Length":11,"Height":66,"Demand":1,"DemandMax":null,"Value":2178},{"Length":6,"Height":68,"Demand":1,"DemandMax":null,"Value":816},{"Length":24,"Height":85,"Demand":1,"DemandMax":null,"Value":2040},{"Length":32,"Height":93,"Demand":1,"DemandMax":null,"Value":8928},{"Length":33,"Height":91,"Demand":1,"DemandMax":null,"Value":6006},{"Length":13,"Height":78,"Demand":1,"DemandMax":null,"Value":1014},{"Length":25,"Height":82,"Demand":1,"DemandMax":null,"Value":2050},{"Length":6,"Height":73,"Demand":1,"DemandMax":null,"Value":438}]}