{"Name":"ep2-200-TC25","Objects":[{"Length":184,"Height":368,"Stock":null,"Cost":67712}],"Items":[{"Length":10,"Height":82,"Demand":10,"DemandMax":null,"Value":1640},{"Length":10,"Height":89,"Demand":10,"DemandMax":null,"Value":1780},{"Length":19,"Height":72,"Demand":10,"DemandMax":null,"Value":2736},{"Length":21,"Height":88,"Demand":10,"DemandMax":null,"Value":1848},{"Length":12,"Height":94,"Demand":10,"DemandMax":null,"Value":2256},{"Length":7,"Height":81,"Demand":10,"DemandMax":null,"Value":567},{"Length":27,"Height":94,"Demand":10,"DemandMax":null,"Value":5076},{"Length":14,"Height":94,"Demand":10,"DemandMax":null,"Value":3948},{"Length":33,"Height":87,"Demand":10,"DemandMax":null,"Value":2871},{"Length":27,"Height":84,"Demand":10,"DemandMax":null,"Value":6804},{"Length":6,"Height":89,"Demand":10,"DemandMax":null,"Value":534},{"Length":8,"Height":97,"Demand":10,"DemandMax":null,"Value":776},{"Length":2,"Height":93,"Demand":10,"DemandMax":null,"Value":372},{"Length":24,"Height":69,"Demand":10,"DemandMax":null,"Value":1656},{"Length":26,"Height":76,"Demand":10,"DemandMax":null,"Value":3952},{"Length":26,"Height":67,"Demand":10,"DemandMax":null,"Value":5226},{"Length":33,"Height":85,"Demand":10,"DemandMax":null,"Value":2805},{"Length":9,"Height":86,"Demand":10,"DemandMax":null,"Value":774},{"Length":6,"Height":80,"Demand":10,"DemandMax":null,"Value":960},{"Length":6,"Height":93,"Demand":10,"DemandMax":null,"Value":558}]}