{"Name":"ep2-200-UR75","Objects":[{"Length":721,"Height":1443,"Stock":null,"Cost":1040403}],"Items":[{"Length":89,"Height":94,"Demand":1,"DemandMax":null,"Value":25098},{"Length":94,"Height":99,"Demand":1,"DemandMax":null,"Value":27918},{"Length":88,"Height":92,"Demand":1,"DemandMax":null,"Value":8096},{"Length":83,"Height":84,"Demand":1,"DemandMax":null,"Value":20916},{"Length":95,"Height":70,"Demand":1,"DemandMax":null,"Value":19950},{"Length":71,"Height":96,"Demand":1,"DemandMax":null,"Value":20448},{"Length":97,"Height":78,"Demand":1,"DemandMax":null,"Value":7566},{"Length":83,"Height":66,"Demand":1,"DemandMax":null,"Value":5478},{"Length":85,"Height":85,"Demand":1,"DemandMax":null,"Value":21675},{"Length":82,"Height":72,"Demand":1,"DemandMax":null,"Value":11808},{"Length":78,"Height":92,"Demand":1,"DemandMax":null,"Value":7176},{"Length":78,"Height":88,"Demand":1,"DemandMax":null,"Value":6864},{"Length":83,"Height":86,"Demand":1,"DemandMax":null,"Value":7138},{"Length":96,"Height":74,"Demand":1,"DemandMax":null,"Value":7104},{"Length":91,"Height":89,"Demand":1,"DemandMax":null,"Value":24297},{"Length":81,"Height":77,"Demand":1,"DemandMax":null,"Value":18711},{"Length":87,"Height":95,"Demand":1,"DemandMax":null,"Value":24795},{"Length":87,"Height":85,"Demand":1,"DemandMax":null,"Value":14790},{"Length":71,"Height":99,"Demand":1,"DemandMax":null,"Value":14058},{"Length":95,"Height":87,"Demand":1,"DemandMax":null,"Value":8265},{"Length":83,"Height":68,"Demand":1,"DemandMax":null,"Value":16932},{"Length":76,"Height":95,"Demand":1,"DemandMax":null,"Value":14440},{"Length":88,"Height":98,"Demand":1,"DemandMax":null,"Value":25872},{"Length":94,"Height":80,"Demand":1,"DemandMax":null,"Value":22560},{"Length":91,"Height":88,"Demand":1,"DemandMax":null,"Value":8008},{"Length":84,"Height":75,"Demand":1,"DemandMax":null,"Value":6300},{"Length":93,"Height":97,"Demand":1,"DemandMax":null,"Value":27063},{"Length":93,"Height":84,"Demand":1,"DemandMax":null,"Value":15624},{"Length":66,"Height":70,"Demand":1,"DemandMax":null,"Value":4620},{"Length":81,"Height":80,"Demand":1,"DemandMax":null,"Value":6480},{"Length":97,"Height":100,"Demand":1,"DemandMax":null,"Value":19400},{"Length":69,"Height":82,"Demand":1,"DemandMax":null,"Value":11316},{"Length":70,"Height":83,"Demand":1,"DemandMax":null,"Value":5810},{"Length":77,"Height":78,"Demand":2,"DemandMax":null,"Value":18018},{"Length":72,"Height":88,"Demand":1,"DemandMax":null,"Value":19008},{"Length":89,"Height":69,"Demand":1,"DemandMax":null,"Value":18423},{"Length":74,"Height":81,"Demand":1,"DemandMax":null,"Value":5994},{"Length":99,"Height":75,"Demand":1,"DemandMax":null,"Value":14850},{"Length":88,"Height":82,"Demand":1,"DemandMax":null,"Value":14432},{"Length":88,"Height":87,"Demand":1,"DemandMax":null,"Value":22968},{"Length":98,"Height":67,"Demand":1,"DemandMax":null,"Value":13132},{"Length":90,"Height":90,"Demand":1,"DemandMax":null,"Value":16200},{"Length":86,"Height":100,"Demand":1,"DemandMax":null,"Value":8600},{"Length":82,"Height":80,"Demand":1,"DemandMax":null,"Value":13120},{"Length":93,"Height":79,"Demand":1,"DemandMax":null,"Value":14694},{"Length":82,"Height":67,"Demand":1,"DemandMax":null,"Value":10988},{"Length":73,"Height":83,"Demand":1,"DemandMax":null,"Value":12118},{"Length":93,"Height":91,"Demand":1,"DemandMax":null,"Value":16926},{"Length":97,"Height":99,"Demand":1,"DemandMax":null,"Value":19206},{"Length":77,"Height":75,"Demand":1,"DemandMax":null,"Value":17325},{"Length":68,"Height":90,"Demand":1,"DemandMax":null,"Value":6120},{"Length":93,"Height":80,"Demand":1,"DemandMax":null,"Value":22320},{"Length":100,"Height":79,"Demand":1,"DemandMax":null,"Value":23700},{"Length":74,"Height":97,"Demand":1,"DemandMax":null,"Value":21534},{"Length":85,"Height":94,"Demand":1,"DemandMax":null,"Value":23970},{"Length":76,"Height":89,"Demand":1,"DemandMax":null,"Value":13528},{"Length":94,"Height":82,"Demand":1,"DemandMax":null,"Value":23124},{"Length":98,"Height":68,"Demand":1,"DemandMax":null,"Value":6664},{"Length":76,"Height":68,"Demand":1,"DemandMax":null,"Value":15504},{"Length":80,"Height":77,"Demand":1,"DemandMax":null,"Value":6160},{"Length":91,"Height":90,"Demand":1,"DemandMax":null,"Value":16380},{"Length":85,"Height":75,"Demand":1,"DemandMax":null,"Value":6375},{"Length":80,"Height":77,"Demand":1,"DemandMax":null,"Value":18480},{"Length":80,"Height":91,"Demand":1,"DemandMax":null,"Value":14560},{"Length":76,"Height":81,"Demand":1,"DemandMax":null,"Value":18468},{"Length":74,"Height":71,"Demand":1,"DemandMax":null,"Value":10508},{"Length":93,"Height":70,"Demand":1,"DemandMax":null,"Value":6510},{"Length":98,"Height":100,"Demand":1,"DemandMax":null,"Value":19600},{"Length":91,"Height":89,"Demand":1,"DemandMax":null,"Value":8099},{"Length":88,"Height":74,"Demand":1,"DemandMax":null,"Value":13024},{"Length":69,"Height":83,"Demand":1,"DemandMax":null,"Value":17181},{"Length":81,"Height":77,"Demand":1,"DemandMax":null,"Value":6237},{"Length":72,"Height":73,"Demand":1,"DemandMax":null,"Value":15768},{"Length":70,"Height":80,"Demand":1,"DemandMax":null,"Value":5600},{"Length":82,"Height":92,"Demand":1,"DemandMax":null,"Value":7544},{"Length":94,"Height":78,"Demand":1,"DemandMax":null,"Value":14664},{"Length":73,"Height":98,"Demand":1,"DemandMax":null,"Value":14308},{"Length":85,"Height":91,"Demand":1,"DemandMax":null,"Value":15470},{"Length":99,"Height":87,"Demand":1,"DemandMax":null,"Value":17226},{"Length":95,"Height":75,"Demand":1,"DemandMax":null,"Value":7125},{"Length":90,"Height":92,"Demand":1,"DemandMax":null,"Value":16560},{"Length":77,"Height":98,"Demand":1,"DemandMax":null,"Value":7546},{"Length":67,"Height":86,"Demand":1,"DemandMax":null,"Value":5762},{"Length":68,"Height":91,"Demand":1,"DemandMax":null,"Value":18564},{"Length":96,"Height":100,"Demand":1,"DemandMax":null,"Value":9600},{"Length":76,"Height":91,"Demand":1,"DemandMax":null,"Value":20748},{"Length":90,"Height":91,"Demand":1,"DemandMax":null,"Value":16380},{"Length":76,"Height":73,"Demand":1,"DemandMax":null,"Value":16644},{"Length":74,"Height":82,"Demand":1,"DemandMax":null,"Value":18204},{"Length":71,"Height":93,"Demand":1,"DemandMax":null,"Value":13206},{"Length":72,"Height":66,"Demand":1,"DemandMax":null,"Value":14256},{"Length":66,"Height":79,"Demand":1,"DemandMax":null,"Value":15642},{"Length":76,"Height":83,"Demand":1,"DemandMax":null,"Value":18924},{"Length":91,"Height":82,"Demand":1,"DemandMax":null,"Value":14924},{"Length":76,"Height":67,"Demand":1,"DemandMax":null,"Value":5092},{"Length":78,"Height":99,"Demand":1,"DemandMax":null,"Value":7722},{"Length":66,"Height":84,"Demand":1,"DemandMax":null,"Value":16632},{"Length":68,"Height":76,"Demand":1,"DemandMax":null,"Value":10336},{"Length":75,"Height":96,"Demand":1,"DemandMax":null,"Value":14400},{"Length":93,"Height":74,"Demand":1,"DemandMax":null,"Value":13764},{"Length":94,"Height":91,"Demand":1,"DemandMax":null,"Value":25662},{"Length":92,"Height":76,"Demand":1,"DemandMax":null,"Value":13984},{"Length":93,"Height":77,"Demand":1,"DemandMax":null,"Value":14322},{"Length":82,"Height":72,"Demand":1,"DemandMax":null,"Value":5904},{"Length":93,"Height":95,"Demand":1,"DemandMax":null,"Value":17670},{"Length":96,"Height":85,"Demand":1,"DemandMax":null,"Value":16320},{"Length":93,"Height":92,"Demand":1,"DemandMax":null,"Value":25668},{"Length":90,"Height":70,"Demand":1,"DemandMax":null,"Value":6300},{"Length":87,"Height":92,"Demand":1,"DemandMax":null,"Value":8004},{"Length":81,"Height":75,"Demand":1,"DemandMax":null,"Value":18225},{"Length":87,"Height":66,"Demand":1,"DemandMax":null,"Value":5742},{"Length":83,"Height":72,"Demand":1,"DemandMax":null,"Value":17928},{"Length":84,"Height":91,"Demand":1,"DemandMax":null,"Value":15288},{"Length":78,"Height":87,"Demand":1,"DemandMax":null,"Value":6786},{"Length":98,"Height":88,"Demand":1,"DemandMax":null,"Value":8624},{"Length":69,"Height":72,"Demand":1,"DemandMax":null,"Value":9936},{"Length":76,"Height":100,"Demand":1,"DemandMax":null,"Value":7600},{"Length":100,"Height":85,"Demand":1,"DemandMax":null,"Value":25500},{"Length":85,"Height":81,"Demand":1,"DemandMax":null,"Value":13770},{"Length":76,"Height":98,"Demand":1,"DemandMax":null,"Value":22344},{"Length":74,"Height":78,"Demand":1,"DemandMax":null,"Value":5772},{"Length":82,"Height":97,"Demand":1,"DemandMax":null,"Value":15908},{"Length":80,"Height":77,"Demand":1,"DemandMax":null,"Value":12320},{"Length":85,"Height":89,"Demand":1,"DemandMax":null,"Value":15130},{"Length":71,"Height":77,"Demand":1,"DemandMax":null,"Value":5467},{"Length":72,"Height":81,"Demand":1,"DemandMax":null,"Value":17496},{"Length":77,"Height":84,"Demand":1,"DemandMax":null,"Value":12936},{"Length":91,"Height":90,"Demand":1,"DemandMax":null,"Value":8190},{"Length":84,"Height":67,"Demand":1,"DemandMax":null,"Value":5628},{"Length":68,"Height":83,"Demand":1,"DemandMax":null,"Value":16932},{"Length":91,"Height":97,"Demand":1,"DemandMax":null,"Value":17654},{"Length":97,"Height":80,"Demand":1,"DemandMax":null,"Value":23280},{"Length":96,"Height":67,"Demand":1,"DemandMax":null,"Value":12864},{"Length":86,"Height":83,"Demand":1,"DemandMax":null,"Value":14276},{"Length":91,"Height":76,"Demand":1,"DemandMax":null,"Value":13832},{"Length":88,"Height":80,"Demand":1,"DemandMax":null,"Value":21120},{"Length":66,"Height":66,"Demand":1,"DemandMax":null,"Value":13068},{"Length":92,"Height":96,"Demand":1,"DemandMax":null,"Value":26496},{"Length":74,"Height":70,"Demand":1,"DemandMax":null,"Value":10360},{"Length":92,"Height":74,"Demand":1,"DemandMax":null,"Value":20424},{"Length":100,"Height":86,"Demand":1,"DemandMax":null,"Value":17200},{"Length":71,"Height":69,"Demand":1,"DemandMax":null,"Value":4899},{"Length":95,"Height":69,"Demand":1,"DemandMax":null,"Value":19665},{"Length":84,"Height":76,"Demand":1,"DemandMax":null,"Value":6384},{"Length":69,"Height":77,"Demand":1,"DemandMax":null,"Value":5313},{"Length":69,"Height":69,"Demand":1,"DemandMax":null,"Value":14283},{"Length":86,"Height":89,"Demand":1,"DemandMax":null,"Value":22962},{"Length":94,"Height":66,"Demand":1,"DemandMax":null,"Value":12408},{"Length":96,"Height":66,"Demand":1,"DemandMax":null,"Value":6336},{"Length":80,"Height":94,"Demand":1,"DemandMax":null,"Value":22560},{"Length":79,"Height":76,"Demand":1,"DemandMax":null,"Value":18012},{"Length":92,"Height":95,"Demand":1,"DemandMax":null,"Value":8740},{"Length":76,"Height":79,"Demand":1,"DemandMax":null,"Value":18012},{"Length":71,"Height":79,"Demand":1,"DemandMax":null,"Value":16827},{"Length":98,"Height":97,"Demand":1,"DemandMax":null,"Value":9506},{"Length":100,"Height":80,"Demand":1,"DemandMax":null,"Value":8000},{"Length":69,"Height":85,"Demand":1,"DemandMax":null,"Value":5865},{"Length":94,"Height":85,"Demand":1,"DemandMax":null,"Value":7990},{"Length":88,"Height":72,"Demand":1,"DemandMax":null,"Value":12672},{"Length":79,"Height":92,"Demand":1,"DemandMax":null,"Value":21804},{"Length":70,"Height":66,"Demand":1,"DemandMax":null,"Value":13860},{"Length":75,"Height":96,"Demand":1,"DemandMax":null,"Value":21600},{"Length":85,"Height":66,"Demand":1,"DemandMax":null,"Value":16830},{"Length":90,"Height":88,"Demand":1,"DemandMax":null,"Value":7920},{"Length":80,"Height":87,"Demand":1,"DemandMax":null,"Value":6960},{"Length":72,"Height":90,"Demand":1,"DemandMax":null,"Value":12960},{"Length":72,"Height":88,"Demand":1,"DemandMax":null,"Value":6336},{"Length":100,"Height":93,"Demand":1,"DemandMax":null,"Value":27900},{"Length":83,"Height":80,"Demand":1,"DemandMax":null,"Value":19920},{"Length":80,"Height":73,"Demand":1,"DemandMax":null,"Value":5840},{"Length":93,"Height":86,"Demand":1,"DemandMax":null,"Value":23994},{"Length":68,"Height":99,"Demand":1,"DemandMax":null,"Value":20196},{"Length":89,"Height":73,"Demand":1,"DemandMax":null,"Value":6497},{"Length":73,"Height":88,"Demand":1,"DemandMax":null,"Value":6424},{"Length":88,"Height":95,"Demand":1,"DemandMax":null,"Value":8360},{"Length":94,"Height":95,"Demand":1,"DemandMax":null,"Value":17860},{"Length":87,"Height":72,"Demand":1,"DemandMax":null,"Value":6264},{"Length":72,"Height":75,"Demand":1,"DemandMax":null,"Value":16200},{"Length":79,"Height":96,"Demand":1,"DemandMax":null,"Value":7584},{"Length":77,"Height":79,"Demand":1,"DemandMax":null,"Value":6083},{"Length":98,"Height":68,"Demand":1,"DemandMax":null,"Value":13328},{"Length":83,"Height":88,"Demand":1,"DemandMax":null,"Value":14608},{"Length":89,"Height":94,"Demand":1,"DemandMax":null,"Value":16732},{"Length":76,"Height":75,"Demand":1,"DemandMax":null,"Value":17100},{"Length":85,"Height":100,"Demand":1,"DemandMax":null,"Value":8500},{"Length":90,"Height":66,"Demand":1,"DemandMax":null,"Value":5940},{"Length":73,"Height":77,"Demand":1,"DemandMax":null,"Value":5621},{"Length":97,"Height":68,"Demand":1,"DemandMax":null,"Value":6596},{"Length":84,"Height":91,"Demand":1,"DemandMax":null,"Value":22932},{"Length":93,"Height":98,"Demand":1,"DemandMax":null,"Value":27342},{"Length":87,"Height":91,"Demand":1,"DemandMax":null,"Value":7917},{"Length":90,"Height":80,"Demand":1,"DemandMax":null,"Value":21600},{"Length":87,"Height":82,"Demand":1,"DemandMax":null,"Value":7134},{"Length":81,"Height":71,"Demand":1,"DemandMax":null,"Value":11502},{"Length":73,"Height":100,"Demand":1,"DemandMax":null,"Value":14600},{"Length":79,"Height":82,"Demand":1,"DemandMax":null,"Value":6478},{"Length":66,"Height":95,"Demand":1,"DemandMax":null,"Value":12540},{"Length":93,"Height":81,"Demand":1,"DemandMax":null,"Value":7533},{"Length":92,"Height":88,"Demand":1,"DemandMax":null,"Value":24288}]}