{"Name":"ep2-30-TC75","Objects":[{"Length":126,"Height":253,"Stock":null,"Cost":31878}],"Items":[{"Length":10,"Height":82,"Demand":2,"DemandMax":null,"Value":1640},{"Length":10,"Height":89,"Demand":2,"DemandMax":null,"Value":2670},{"Length":19,"Height":72,"Demand":2,"DemandMax":null,"Value":4104},{"Length":21,"Height":88,"Demand":2,"DemandMax":null,"Value":1848},{"Length":12,"Height":94,"Demand":2,"DemandMax":null,"Value":1128},{"Length":7,"Height":81,"Demand":2,"DemandMax":null,"Value":1701},{"Length":27,"Height":94,"Demand":2,"DemandMax":null,"Value":7614},{"Length":14,"Height":94,"Demand":2,"DemandMax":null,"Value":1316},{"Length":33,"Height":87,"Demand":2,"DemandMax":null,"Value":8613},{"Length":27,"Height":84,"Demand":2,"DemandMax":null,"Value":4536},{"Length":6,"Height":89,"Demand":1,"DemandMax":null,"Value":534},{"Length":8,"Height":97,"Demand":1,"DemandMax":null,"Value":776},{"Length":2,"Height":93,"Demand":1,"DemandMax":null,"Value":372},{"Length":24,"Height":69,"Demand":1,"DemandMax":null,"Value":3312},{"Length":26,"Height":76,"Demand":1,"DemandMax":null,"Value":1976},{"Length":26,"Height":67,"Demand":1,"DemandMax":null,"Value":1742},{"Length":33,"Height":85,"Demand":1,"DemandMax":null,"Value":2805},{"Length":9,"Height":86,"Demand":1,"DemandMax":null,"Value":774},{"Length":6,"Height":80,"Demand":1,"DemandMax":null,"Value":480},{"Length":6,"Height":93,"Demand":1,"DemandMax":null,"Value":1674}]}