{"Name":"ep2-100-WC25","Objects":[{"Length":126,"Height":253,"Stock":null,"Cost":31878}],"Items":[{"Length":84,"Height":7,"Demand":5,"DemandMax":null,"Value":588},{"Length":76,"Height":2,"Demand":5,"DemandMax":null,"Value":152},{"Length":98,"Height":28,"Demand":5,"DemandMax":null,"Value":8232},{"Length":87,"Height":2,"Demand":5,"DemandMax":null,"Value":348},{"Length":85,"Height":12,"Demand":5,"DemandMax":null,"Value":2040},{"Length":98,"Height":31,"Demand":5,"DemandMax":null,"Value":3038},{"Length":73,"Height":9,"Demand":5,"DemandMax":null,"Value":1971},{"Length":92,"Height":6,"Demand":5,"DemandMax":null,"Value":1656},{"Length":92,"Height":33,"Demand":5,"DemandMax":null,"Value":3036},{"Length":67,"Height":9,"Demand":5,"DemandMax":null,"Value":1809},{"Length":82,"Height":5,"Demand":5,"DemandMax":null,"Value":820},{"Length":83,"Height":33,"Demand":5,"DemandMax":null,"Value":5478},{"Length":97,"Height":3,"Demand":5,"DemandMax":null,"Value":873},{"Length":77,"Height":19,"Demand":5,"DemandMax":null,"Value":1463},{"Length":93,"Height":5,"Demand":5,"DemandMax":null,"Value":465},{"Length":83,"Height":32,"Demand":5,"DemandMax":null,"Value":7968},{"Length":93,"Height":9,"Demand":5,"DemandMax":null,"Value":837},{"Length":75,"Height":18,"Demand":5,"DemandMax":null,"Value":1350},{"Length":77,"Height":9,"Demand":5,"DemandMax":null,"Value":2079},{"Length":69,"Height":31,"Demand":5,"DemandMax":null,"Value":2139}]}