{"Name":"ep2-30-WR25","Objects":[{"Length":98,"Height":139,"Stock":null,"Cost":13622}],"Items":[{"Length":84,"Height":7,"Demand":1,"DemandMax":null,"Value":1764},{"Length":76,"Height":2,"Demand":1,"DemandMax":null,"Value":304},{"Length":98,"Height":28,"Demand":1,"DemandMax":null,"Value":2744},{"Length":87,"Height":2,"Demand":1,"DemandMax":null,"Value":174},{"Length":85,"Height":12,"Demand":1,"DemandMax":null,"Value":3060},{"Length":98,"Height":31,"Demand":1,"DemandMax":null,"Value":6076},{"Length":73,"Height":9,"Demand":1,"DemandMax":null,"Value":1314},{"Length":92,"Height":6,"Demand":1,"DemandMax":null,"Value":1656},{"Length":92,"Height":33,"Demand":1,"DemandMax":null,"Value":9108},{"Length":67,"Height":9,"Demand":1,"DemandMax":null,"Value":1809},{"Length":82,"Height":5,"Demand":1,"DemandMax":null,"Value":820},{"Length":83,"Height":33,"Demand":1,"DemandMax":null,"Value":2739},{"Length":97,"Height":3,"Demand":1,"DemandMax":null,"Value":582},{"Length":77,"Height":19,"Demand":1,"DemandMax":null,"Value":2926},{"Length":93,"Height":5,"Demand":1,"DemandMax":null,"Value":1395},{"Length":83,"Height":32,"Demand":1,"DemandMax":null,"Value":7968},{"Length":93,"Height":9,"Demand":1,"DemandMax":null,"Value":1674},{"Length":75,"Height":18,"Demand":1,"DemandMax":null,"Value":1350},{"Length":77,"Height":9,"Demand":1,"DemandMax":null,"Value":1386},{"Length":69,"Height":31,"Demand":1,"DemandMax":null,"Value":4278},{"Length":84,"Height":29,"Demand":1,"DemandMax":null,"Value":2436},{"Length":76,"Height":16,"Demand":1,"DemandMax":null,"Value":1216},{"Length":96,"Height":7,"Demand":1,"DemandMax":null,"Value":672},{"Length":76,"Height":23,"Demand":1,"DemandMax":null,"Value":5244},{"Length":86,"Height":8,"Demand":1,"DemandMax":null,"Value":1376},{"Length":97,"Height":12,"Demand":1,"DemandMax":null,"Value":2328},{"Length":70,"Height":5,"Demand":1,"DemandMax":null,"Value":700},{"Length":79,"Height":22,"Demand":1,"DemandMax":null,"Value":1738},{"Length":84,"Height":20,"Demand":1,"DemandMax":null,"Value":3360},{"Length":69,"Height":25,"Demand":1,"DemandMax":null,"Value":1725}]}