{"Name":"ep2-30-WC75","Objects":[{"Length":119,"Height":239,"Stock":null,"Cost":28441}],"Items":[{"Length":84,"Height":7,"Demand":2,"DemandMax":null,"Value":588},{"Length":76,"Height":2,"Demand":2,"DemandMax":null,"Value":152},{"Length":98,"Height":28,"Demand":2,"DemandMax":null,"Value":2744},{"Length":87,"Height":2,"Demand":2,"DemandMax":null,"Value":174},{"Length":85,"Height":12,"Demand":2,"DemandMax":null,"Value":1020},{"Length":98,"Height":31,"Demand":2,"DemandMax":null,"Value":6076},{"Length":73,"Height":9,"Demand":2,"DemandMax":null,"Value":1314},{"Length":92,"Height":6,"Demand":2,"DemandMax":null,"Value":1104},{"Length":92,"Height":33,"Demand":2,"DemandMax":null,"Value":6072},{"Length":67,"Height":9,"Demand":2,"DemandMax":null,"Value":603},{"Length":82,"Height":5,"Demand":1,"DemandMax":null,"Value":820},{"Length":83,"Height":33,"Demand":1,"DemandMax":null,"Value":5478},{"Length":97,"Height":3,"Demand":1,"DemandMax":null,"Value":873},{"Length":77,"Height":19,"Demand":1,"DemandMax":null,"Value":1463},{"Length":93,"Height":5,"Demand":1,"DemandMax":null,"Value":930},{"Length":83,"Height":32,"Demand":1,"DemandMax":null,"Value":7968},{"Length":93,"Height":9,"Demand":1,"DemandMax":null,"Value":837},{"Length":75,"Height":18,"Demand":1,"DemandMax":null,"Value":1350},{"Length":77,"Height":9,"Demand":1,"DemandMax":null,"Value":2079},{"Length":69,"Height":31,"Demand":1,"DemandMax":null,"Value":2139}]}