{"Name":"ep2-50-WR25","Objects":[{"Length":100,"Height":194,"Stock":null,"Cost":19400}],"Items":[{"Length":84,"Height":7,"Demand":1,"DemandMax":null,"Value":1176},{"Length":76,"Height":2,"Demand":1,"DemandMax":null,"Value":456},{"Length":98,"Height":28,"Demand":1,"DemandMax":null,"Value":8232},{"Length":87,"Height":2,"Demand":1,"DemandMax":null,"Value":522},{"Length":85,"Height":12,"Demand":1,"DemandMax":null,"Value":3060},{"Length":98,"Height":31,"Demand":1,"DemandMax":null,"Value":9114},{"Length":73,"Height":9,"Demand":1,"DemandMax":null,"Value":1314},{"Length":92,"Height":6,"Demand":1,"DemandMax":null,"Value":552},{"Length":92,"Height":33,"Demand":1,"DemandMax":null,"Value":6072},{"Length":67,"Height":9,"Demand":1,"DemandMax":null,"Value":1809},{"Length":82,"Height":5,"Demand":1,"DemandMax":null,"Value":820},{"Length":83,"Height":33,"Demand":1,"DemandMax":null,"Value":8217},{"Length":97,"Height":3,"Demand":1,"DemandMax":null,"Value":291},{"Length":77,"Height":19,"Demand":1,"DemandMax":null,"Value":2926},{"Length":93,"Height":5,"Demand":1,"DemandMax":null,"Value":465},{"Length":83,"Height":32,"Demand":1,"DemandMax":null,"Value":2656},{"Length":93,"Height":9,"Demand":1,"DemandMax":null,"Value":2511},{"Length":75,"Height":18,"Demand":1,"DemandMax":null,"Value":4050},{"Length":77,"Height":9,"Demand":1,"DemandMax":null,"Value":1386},{"Length":69,"Height":31,"Demand":1,"DemandMax":null,"Value":2139},{"Length":84,"Height":29,"Demand":1,"DemandMax":null,"Value":2436},{"Length":76,"Height":16,"Demand":1,"DemandMax":null,"Value":2432},{"Length":96,"Height":7,"Demand":1,"DemandMax":null,"Value":2016},{"Length":76,"Height":23,"Demand":1,"DemandMax":null,"Value":3496},{"Length":86,"Height":8,"Demand":1,"DemandMax":null,"Value":2064},{"Length":97,"Height":12,"Demand":1,"DemandMax":null,"Value":3492},{"Length":70,"Height":5,"Demand":1,"DemandMax":null,"Value":1050},{"Length":79,"Height":22,"Demand":1,"DemandMax":null,"Value":3476},{"Length":84,"Height":20,"Demand":1,"DemandMax":null,"Value":1680},{"Length":69,"Height":25,"Demand":1,"DemandMax":null,"Value":5175},{"Length":93,"Height":21,"Demand":1,"DemandMax":null,"Value":3906},{"Length":83,"Height":17,"Demand":1,"DemandMax":null,"Value":2822},{"Length":67,"Height":21,"Demand":1,"DemandMax":null,"Value":4221},{"Length":96,"Height":16,"Demand":1,"DemandMax":null,"Value":3072},{"Length":89,"Height":14,"Demand":1,"DemandMax":null,"Value":1246},{"Length":81,"Height":25,"Demand":1,"DemandMax":null,"Value":6075},{"Length":98,"Height":26,"Demand":1,"DemandMax":null,"Value":7644},{"Length":72,"Height":27,"Demand":1,"DemandMax":null,"Value":5832},{"Length":89,"Height":20,"Demand":1,"DemandMax":null,"Value":3560},{"Length":94,"Height":18,"Demand":1,"DemandMax":null,"Value":3384},{"Length":93,"Height":26,"Demand":1,"DemandMax":null,"Value":7254},{"Length":68,"Height":5,"Demand":1,"DemandMax":null,"Value":1020},{"Length":95,"Height":22,"Demand":1,"DemandMax":null,"Value":4180},{"Length":100,"Height":27,"Demand":1,"DemandMax":null,"Value":8100},{"Length":75,"Height":13,"Demand":1,"DemandMax":null,"Value":2925},{"Length":95,"Height":24,"Demand":1,"DemandMax":null,"Value":4560},{"Length":73,"Height":30,"Demand":1,"DemandMax":null,"Value":2190},{"Length":94,"Height":23,"Demand":1,"DemandMax":null,"Value":6486},{"Length":98,"Height":21,"Demand":1,"DemandMax":null,"Value":4116},{"Length":84,"Height":19,"Demand":1,"DemandMax":null,"Value":1596}]}