{"Name":"ep2-100-UC25","Objects":[{"Length":302,"Height":604,"Stock":null,"Cost":182408}],"Items":[{"Length":89,"Height":94,"Demand":5,"DemandMax":null,"Value":8366},{"Length":94,"Height":99,"Demand":5,"DemandMax":null,"Value":18612},{"Length":88,"Height":92,"Demand":5,"DemandMax":null,"Value":8096},{"Length":83,"Height":84,"Demand":5,"DemandMax":null,"Value":20916},{"Length":95,"Height":70,"Demand":5,"DemandMax":null,"Value":13300},{"Length":71,"Height":96,"Demand":5,"DemandMax":null,"Value":20448},{"Length":97,"Height":78,"Demand":5,"DemandMax":null,"Value":22698},{"Length":83,"Height":66,"Demand":5,"DemandMax":null,"Value":10956},{"Length":85,"Height":85,"Demand":5,"DemandMax":null,"Value":21675},{"Length":82,"Height":72,"Demand":5,"DemandMax":null,"Value":17712},{"Length":78,"Height":92,"Demand":5,"DemandMax":null,"Value":14352},{"Length":78,"Height":88,"Demand":5,"DemandMax":null,"Value":6864},{"Length":83,"Height":86,"Demand":5,"DemandMax":null,"Value":7138},{"Length":96,"Height":74,"Demand":5,"DemandMax":null,"Value":7104},{"Length":91,"Height":89,"Demand":5,"DemandMax":null,"Value":8099},{"Length":81,"Height":77,"Demand":5,"DemandMax":null,"Value":6237},{"Length":87,"Height":95,"Demand":5,"DemandMax":null,"Value":24795},{"Length":87,"Height":85,"Demand":5,"DemandMax":null,"Value":22185},{"Length":71,"Height":99,"Demand":5,"DemandMax":null,"Value":21087},{"Length":95,"Height":87,"Demand":5,"DemandMax":null,"Value":24795}]}