{"Name":"ep2-200-DR25","Objects":[{"Length":85,"Height":171,"Stock":null,"Cost":14535}],"Items":[{"Length":9,"Height":3,"Demand":1,"DemandMax":null,"Value":81},{"Length":17,"Height":14,"Demand":1,"DemandMax":null,"Value":238},{"Length":25,"Height":16,"Demand":1,"DemandMax":null,"Value":400},{"Length":1,"Height":8,"Demand":1,"DemandMax":null,"Value":16},{"Length":27,"Height":6,"Demand":1,"DemandMax":null,"Value":324},{"Length":33,"Height":11,"Demand":1,"DemandMax":null,"Value":726},{"Length":28,"Height":4,"Demand":1,"DemandMax":null,"Value":224},{"Length":23,"Height":20,"Demand":1,"DemandMax":null,"Value":460},{"Length":32,"Height":13,"Demand":2,"DemandMax":null,"Value":416},{"Length":4,"Height":3,"Demand":1,"DemandMax":null,"Value":36},{"Length":26,"Height":32,"Demand":1,"DemandMax":null,"Value":1664},{"Length":30,"Height":24,"Demand":1,"DemandMax":null,"Value":720},{"Length":21,"Height":23,"Demand":1,"DemandMax":null,"Value":483},{"Length":12,"Height":30,"Demand":1,"DemandMax":null,"Value":1080},{"Length":16,"Height":4,"Demand":1,"DemandMax":null,"Value":192},{"Length":27,"Height":5,"Demand":1,"DemandMax":null,"Value":135},{"Length":20,"Height":13,"Demand":1,"DemandMax":null,"Value":260},{"Length":23,"Height":21,"Demand":1,"DemandMax":null,"Value":483},{"Length":30,"Height":18,"Demand":1,"DemandMax":null,"Value":1080},{"Length":29,"Height":9,"Demand":1,"DemandMax":null,"Value":783},{"Length":33,"Height":16,"Demand":1,"DemandMax":null,"Value":528},{"Length":17,"Height":7,"Demand":1,"DemandMax":null,"Value":119},{"Length":21,"Height":26,"Demand":1,"DemandMax":null,"Value":1092},{"Length":3,"Height":18,"Demand":1,"DemandMax":null,"Value":54},{"Length":24,"Height":2,"Demand":1,"DemandMax":null,"Value":48},{"Length":5,"Height":4,"Demand":1,"DemandMax":null,"Value":40},{"Length":18,"Height":30,"Demand":1,"DemandMax":null,"Value":1080},{"Length":9,"Height":29,"Demand":1,"DemandMax":null,"Value":522},{"Length":31,"Height":19,"Demand":1,"DemandMax":null,"Value":1178},{"Length":29,"Height":32,"Demand":1,"DemandMax":null,"Value":2784},{"Length":4,"Height":5,"Demand":1,"DemandMax":null,"Value":60},{"Length":14,"Height":7,"Demand":1,"DemandMax":null,"Value":98},{"Length":29,"Height":19,"Demand":1,"DemandMax":null,"Value":1102},{"Length":29,"Height":15,"Demand":1,"DemandMax":null,"Value":870},{"Length":28,"Height":12,"Demand":1,"DemandMax":null,"Value":336},{"Length":28,"Height":23,"Demand":1,"DemandMax":null,"Value":1288},{"Length":28,"Height":33,"Demand":1,"DemandMax":null,"Value":924},{"Length":3,"Height":20,"Demand":1,"DemandMax":null,"Value":60},{"Length":21,"Height":27,"Demand":1,"DemandMax":null,"Value":1701},{"Length":4,"Height":7,"Demand":1,"DemandMax":null,"Value":28},{"Length":27,"Height":1,"Demand":1,"DemandMax":null,"Value":27},{"Length":29,"Height":27,"Demand":1,"DemandMax":null,"Value":783},{"Length":26,"Height":16,"Demand":1,"DemandMax":null,"Value":1248},{"Length":31,"Height":19,"Demand":1,"DemandMax":null,"Value":1767},{"Length":12,"Height":24,"Demand":2,"DemandMax":null,"Value":288},{"Length":10,"Height":31,"Demand":1,"DemandMax":null,"Value":310},{"Length":25,"Height":12,"Demand":1,"DemandMax":null,"Value":900},{"Length":1,"Height":16,"Demand":2,"DemandMax":null,"Value":32},{"Length":5,"Height":3,"Demand":1,"DemandMax":null,"Value":15},{"Length":18,"Height":31,"Demand":1,"DemandMax":null,"Value":1116},{"Length":4,"Height":9,"Demand":1,"DemandMax":null,"Value":108},{"Length":20,"Height":14,"Demand":1,"DemandMax":null,"Value":840},{"Length":12,"Height":17,"Demand":1,"DemandMax":null,"Value":612},{"Length":6,"Height":25,"Demand":1,"DemandMax":null,"Value":450},{"Length":19,"Height":28,"Demand":1,"DemandMax":null,"Value":532},{"Length":26,"Height":24,"Demand":1,"DemandMax":null,"Value":624},{"Length":6,"Height":16,"Demand":1,"DemandMax":null,"Value":192},{"Length":30,"Height":16,"Demand":1,"DemandMax":null,"Value":1440},{"Length":13,"Height":27,"Demand":1,"DemandMax":null,"Value":1053},{"Length":10,"Height":5,"Demand":1,"DemandMax":null,"Value":150},{"Length":14,"Height":16,"Demand":1,"DemandMax":null,"Value":224},{"Length":11,"Height":8,"Demand":1,"DemandMax":null,"Value":264},{"Length":3,"Height":21,"Demand":1,"DemandMax":null,"Value":126},{"Length":22,"Height":4,"Demand":1,"DemandMax":null,"Value":264},{"Length":7,"Height":18,"Demand":1,"DemandMax":null,"Value":126},{"Length":18,"Height":30,"Demand":1,"DemandMax":null,"Value":540},{"Length":16,"Height":18,"Demand":1,"DemandMax":null,"Value":576},{"Length":16,"Height":3,"Demand":1,"DemandMax":null,"Value":96},{"Length":15,"Height":10,"Demand":1,"DemandMax":null,"Value":150},{"Length":28,"Height":6,"Demand":1,"DemandMax":null,"Value":336},{"Length":13,"Height":18,"Demand":1,"DemandMax":null,"Value":702},{"Length":28,"Height":31,"Demand":1,"DemandMax":null,"Value":2604},{"Length":5,"Height":11,"Demand":1,"DemandMax":null,"Value":55},{"Length":28,"Height":30,"Demand":1,"DemandMax":null,"Value":840},{"Length":8,"Height":4,"Demand":2,"DemandMax":null,"Value":96},{"Length":13,"Height":32,"Demand":1,"DemandMax":null,"Value":416},{"Length":3,"Height":23,"Demand":1,"DemandMax":null,"Value":138},{"Length":19,"Height":20,"Demand":2,"DemandMax":null,"Value":1140},{"Length":10,"Height":26,"Demand":1,"DemandMax":null,"Value":260},{"Length":18,"Height":18,"Demand":1,"DemandMax":null,"Value":648},{"Length":24,"Height":15,"Demand":1,"DemandMax":null,"Value":360},{"Length":7,"Height":3,"Demand":1,"DemandMax":null,"Value":42},{"Length":17,"Height":6,"Demand":1,"DemandMax":null,"Value":306},{"Length":20,"Height":3,"Demand":1,"DemandMax":null,"Value":60},{"Length":27,"Height":26,"Demand":1,"DemandMax":null,"Value":1404},{"Length":7,"Height":24,"Demand":1,"DemandMax":null,"Value":504},{"Length":23,"Height":10,"Demand":1,"DemandMax":null,"Value":460},{"Length":31,"Height":4,"Demand":2,"DemandMax":null,"Value":372},{"Length":7,"Height":1,"Demand":1,"DemandMax":null,"Value":21},{"Length":28,"Height":26,"Demand":1,"DemandMax":null,"Value":2184},{"Length":29,"Height":9,"Demand":1,"DemandMax":null,"Value":522},{"Length":27,"Height":12,"Demand":1,"DemandMax":null,"Value":972},{"Length":33,"Height":25,"Demand":1,"DemandMax":null,"Value":825},{"Length":10,"Height":6,"Demand":1,"DemandMax":null,"Value":60},{"Length":27,"Height":24,"Demand":1,"DemandMax":null,"Value":648},{"Length":3,"Height":20,"Demand":1,"DemandMax":null,"Value":180},{"Length":17,"Height":13,"Demand":1,"DemandMax":null,"Value":221},{"Length":14,"Height":4,"Demand":1,"DemandMax":null,"Value":56},{"Length":11,"Height":14,"Demand":1,"DemandMax":null,"Value":308},{"Length":23,"Height":8,"Demand":1,"DemandMax":null,"Value":368},{"Length":6,"Height":6,"Demand":1,"DemandMax":null,"Value":72},{"Length":33,"Height":2,"Demand":1,"DemandMax":null,"Value":132},{"Length":26,"Height":17,"Demand":1,"DemandMax":null,"Value":1326},{"Length":16,"Height":26,"Demand":1,"DemandMax":null,"Value":416},{"Length":23,"Height":3,"Demand":1,"DemandMax":null,"Value":207},{"Length":14,"Height":30,"Demand":1,"DemandMax":null,"Value":420},{"Length":14,"Height":22,"Demand":1,"DemandMax":null,"Value":616},{"Length":2,"Height":7,"Demand":1,"DemandMax":null,"Value":42},{"Length":5,"Height":30,"Demand":1,"DemandMax":null,"Value":300},{"Length":33,"Height":13,"Demand":1,"DemandMax":null,"Value":429},{"Length":31,"Height":15,"Demand":1,"DemandMax":null,"Value":465},{"Length":16,"Height":17,"Demand":1,"DemandMax":null,"Value":544},{"Length":9,"Height":29,"Demand":1,"DemandMax":null,"Value":261},{"Length":28,"Height":29,"Demand":1,"DemandMax":null,"Value":812},{"Length":24,"Height":28,"Demand":1,"DemandMax":null,"Value":1344},{"Length":16,"Height":11,"Demand":1,"DemandMax":null,"Value":176},{"Length":17,"Height":25,"Demand":1,"DemandMax":null,"Value":425},{"Length":29,"Height":33,"Demand":1,"DemandMax":null,"Value":2871},{"Length":30,"Height":19,"Demand":1,"DemandMax":null,"Value":1140},{"Length":18,"Height":20,"Demand":1,"DemandMax":null,"Value":1080},{"Length":9,"Height":12,"Demand":1,"DemandMax":null,"Value":108},{"Length":14,"Height":2,"Demand":1,"DemandMax":null,"Value":28},{"Length":24,"Height":7,"Demand":1,"DemandMax":null,"Value":168},{"Length":22,"Height":10,"Demand":1,"DemandMax":null,"Value":220},{"Length":31,"Height":14,"Demand":1,"DemandMax":null,"Value":434},{"Length":24,"Height":22,"Demand":1,"DemandMax":null,"Value":1056},{"Length":18,"Height":11,"Demand":1,"DemandMax":null,"Value":396},{"Length":18,"Height":26,"Demand":1,"DemandMax":null,"Value":936},{"Length":28,"Height":14,"Demand":1,"DemandMax":null,"Value":784},{"Length":28,"Height":3,"Demand":1,"DemandMax":null,"Value":168},{"Length":6,"Height":7,"Demand":1,"DemandMax":null,"Value":126},{"Length":16,"Height":6,"Demand":1,"DemandMax":null,"Value":96},{"Length":11,"Height":20,"Demand":1,"DemandMax":null,"Value":660},{"Length":13,"Height":26,"Demand":1,"DemandMax":null,"Value":1014},{"Length":10,"Height":9,"Demand":1,"DemandMax":null,"Value":270},{"Length":7,"Height":7,"Demand":1,"DemandMax":null,"Value":98},{"Length":23,"Height":25,"Demand":1,"DemandMax":null,"Value":1150},{"Length":31,"Height":19,"Demand":1,"DemandMax":null,"Value":589},{"Length":28,"Height":31,"Demand":1,"DemandMax":null,"Value":868},{"Length":18,"Height":5,"Demand":1,"DemandMax":null,"Value":270},{"Length":6,"Height":5,"Demand":1,"DemandMax":null,"Value":60},{"Length":10,"Height":24,"Demand":1,"DemandMax":null,"Value":240},{"Length":8,"Height":32,"Demand":1,"DemandMax":null,"Value":256},{"Length":16,"Height":29,"Demand":1,"DemandMax":null,"Value":928},{"Length":29,"Height":23,"Demand":1,"DemandMax":null,"Value":1334},{"Length":13,"Height":25,"Demand":1,"DemandMax":null,"Value":325},{"Length":28,"Height":2,"Demand":1,"DemandMax":null,"Value":112},{"Length":4,"Height":22,"Demand":1,"DemandMax":null,"Value":88},{"Length":9,"Height":29,"Demand":1,"DemandMax":null,"Value":783},{"Length":21,"Height":31,"Demand":1,"DemandMax":null,"Value":651},{"Length":15,"Height":16,"Demand":1,"DemandMax":null,"Value":240},{"Length":13,"Height":25,"Demand":1,"DemandMax":null,"Value":975},{"Length":1,"Height":14,"Demand":1,"DemandMax":null,"Value":42},{"Length":18,"Height":12,"Demand":1,"DemandMax":null,"Value":648},{"Length":4,"Height":13,"Demand":1,"DemandMax":null,"Value":52},{"Length":30,"Height":23,"Demand":1,"DemandMax":null,"Value":1380},{"Length":14,"Height":28,"Demand":1,"DemandMax":null,"Value":1176},{"Length":2,"Height":28,"Demand":1,"DemandMax":null,"Value":112},{"Length":23,"Height":14,"Demand":1,"DemandMax":null,"Value":322},{"Length":6,"Height":16,"Demand":1,"DemandMax":null,"Value":288},{"Length":26,"Height":27,"Demand":1,"DemandMax":null,"Value":2106},{"Length":10,"Height":31,"Demand":1,"DemandMax":null,"Value":930},{"Length":20,"Height":3,"Demand":1,"DemandMax":null,"Value":120},{"Length":7,"Height":14,"Demand":1,"DemandMax":null,"Value":196},{"Length":4,"Height":18,"Demand":1,"DemandMax":null,"Value":144},{"Length":25,"Height":12,"Demand":1,"DemandMax":null,"Value":600},{"Length":13,"Height":2,"Demand":1,"DemandMax":null,"Value":26},{"Length":16,"Height":11,"Demand":1,"DemandMax":null,"Value":352},{"Length":32,"Height":31,"Demand":1,"DemandMax":null,"Value":1984},{"Length":24,"Height":11,"Demand":1,"DemandMax":null,"Value":792},{"Length":12,"Height":30,"Demand":1,"DemandMax":null,"Value":720},{"Length":22,"Height":13,"Demand":1,"DemandMax":null,"Value":572},{"Length":22,"Height":18,"Demand":1,"DemandMax":null,"Value":396},{"Length":20,"Height":8,"Demand":1,"DemandMax":null,"Value":160},{"Length":32,"Height":1,"Demand":1,"DemandMax":null,"Value":96},{"Length":15,"Height":23,"Demand":1,"DemandMax":null,"Value":1035},{"Length":5,"Height":14,"Demand":1,"DemandMax":null,"Value":70},{"Length":26,"Height":23,"Demand":1,"DemandMax":null,"Value":598},{"Length":20,"Height":26,"Demand":1,"DemandMax":null,"Value":1040},{"Length":1,"Height":16,"Demand":1,"DemandMax":null,"Value":16},{"Length":19,"Height":8,"Demand":1,"DemandMax":null,"Value":456},{"Length":3,"Height":28,"Demand":1,"DemandMax":null,"Value":84},{"Length":17,"Height":3,"Demand":1,"DemandMax":null,"Value":51},{"Length":1,"Height":11,"Demand":1,"DemandMax":null,"Value":22},{"Length":24,"Height":4,"Demand":1,"DemandMax":null,"Value":96},{"Length":13,"Height":10,"Demand":1,"DemandMax":null,"Value":130},{"Length":24,"Height":16,"Demand":1,"DemandMax":null,"Value":1152},{"Length":17,"Height":2,"Demand":1,"DemandMax":null,"Value":34},{"Length":10,"Height":30,"Demand":1,"DemandMax":null,"Value":600},{"Length":1,"Height":27,"Demand":1,"DemandMax":null,"Value":81},{"Length":4,"Height":22,"Demand":1,"DemandMax":null,"Value":264},{"Length":31,"Height":13,"Demand":1,"DemandMax":null,"Value":1209},{"Length":23,"Height":19,"Demand":1,"DemandMax":null,"Value":1311},{"Length":33,"Height":24,"Demand":1,"DemandMax":null,"Value":792}]}