{"Name":"ep2-200-WC25","Objects":[{"Length":178,"Height":357,"Stock":null,"Cost":63546}],"Items":[{"Length":84,"Height":7,"Demand":10,"DemandMax":null,"Value":1176},{"Length":76,"Height":2,"Demand":10,"DemandMax":null,"Value":456},{"Length":98,"Height":28,"Demand":10,"DemandMax":null,"Value":2744},{"Length":87,"Height":2,"Demand":10,"DemandMax":null,"Value":348},{"Length":85,"Height":12,"Demand":10,"DemandMax":null,"Value":3060},{"Length":98,"Height":31,"Demand":10,"DemandMax":null,"Value":6076},{"Length":73,"Height":9,"Demand":10,"DemandMax":null,"Value":1314},{"Length":92,"Height":6,"Demand":10,"DemandMax":null,"Value":552},{"Length":92,"Height":33,"Demand":10,"DemandMax":null,"Value":3036},{"Length":67,"Height":9,"Demand":10,"DemandMax":null,"Value":1206},{"Length":82,"Height":5,"Demand":10,"DemandMax":null,"Value":820},{"Length":83,"Height":33,"Demand":10,"DemandMax":null,"Value":5478},{"Length":97,"Height":3,"Demand":10,"DemandMax":null,"Value":873},{"Length":77,"Height":19,"Demand":10,"DemandMax":null,"Value":4389},{"Length":93,"Height":5,"Demand":10,"DemandMax":null,"Value":1395},{"Length":83,"Height":32,"Demand":10,"DemandMax":null,"Value":2656},{"Length":93,"Height":9,"Demand":10,"DemandMax":null,"Value":1674},{"Length":75,"Height":18,"Demand":10,"DemandMax":null,"Value":2700},{"Length":77,"Height":9,"Demand":10,"DemandMax":null,"Value":1386},{"Length":69,"Height":31,"Demand":10,"DemandMax":null,"Value":4278}]}