{"Name":"ep2-200-SR75","Objects":[{"Length":510,"Height":1021,"Stock":null,"Cost":520710}],"Items":[{"Length":80,"Height":80,"Demand":1,"DemandMax":null,"Value":6400},{"Length":58,"Height":58,"Demand":1,"DemandMax":null,"Value":10092},{"Length":71,"Height":71,"Demand":3,"DemandMax":null,"Value":10082},{"Length":68,"Height":68,"Demand":3,"DemandMax":null,"Value":4624},{"Length":65,"Height":65,"Demand":3,"DemandMax":null,"Value":4225},{"Length":1,"Height":1,"Demand":2,"DemandMax":null,"Value":2},{"Length":42,"Height":42,"Demand":1,"DemandMax":null,"Value":3528},{"Length":51,"Height":51,"Demand":1,"DemandMax":null,"Value":5202},{"Length":98,"Height":98,"Demand":3,"DemandMax":null,"Value":19208},{"Length":82,"Height":82,"Demand":3,"DemandMax":null,"Value":20172},{"Length":88,"Height":88,"Demand":1,"DemandMax":null,"Value":23232},{"Length":69,"Height":69,"Demand":3,"DemandMax":null,"Value":14283},{"Length":57,"Height":57,"Demand":2,"DemandMax":null,"Value":6498},{"Length":39,"Height":39,"Demand":1,"DemandMax":null,"Value":4563},{"Length":48,"Height":48,"Demand":2,"DemandMax":null,"Value":6912},{"Length":56,"Height":56,"Demand":1,"DemandMax":null,"Value":9408},{"Length":41,"Height":41,"Demand":2,"DemandMax":null,"Value":3362},{"Length":74,"Height":74,"Demand":1,"DemandMax":null,"Value":5476},{"Length":89,"Height":89,"Demand":1,"DemandMax":null,"Value":15842},{"Length":90,"Height":90,"Demand":1,"DemandMax":null,"Value":16200},{"Length":59,"Height":59,"Demand":2,"DemandMax":null,"Value":10443},{"Length":96,"Height":96,"Demand":1,"DemandMax":null,"Value":27648},{"Length":54,"Height":54,"Demand":3,"DemandMax":null,"Value":2916},{"Length":16,"Height":16,"Demand":3,"DemandMax":null,"Value":512},{"Length":97,"Height":97,"Demand":1,"DemandMax":null,"Value":28227},{"Length":10,"Height":10,"Demand":1,"DemandMax":null,"Value":100},{"Length":32,"Height":32,"Demand":1,"DemandMax":null,"Value":3072},{"Length":66,"Height":66,"Demand":2,"DemandMax":null,"Value":13068},{"Length":90,"Height":90,"Demand":1,"DemandMax":null,"Value":24300},{"Length":8,"Height":8,"Demand":1,"DemandMax":null,"Value":64},{"Length":64,"Height":64,"Demand":1,"DemandMax":null,"Value":8192},{"Length":34,"Height":34,"Demand":1,"DemandMax":null,"Value":1156},{"Length":36,"Height":36,"Demand":4,"DemandMax":null,"Value":3888},{"Length":37,"Height":37,"Demand":1,"DemandMax":null,"Value":4107},{"Length":91,"Height":91,"Demand":1,"DemandMax":null,"Value":24843},{"Length":11,"Height":11,"Demand":2,"DemandMax":null,"Value":363},{"Length":62,"Height":62,"Demand":2,"DemandMax":null,"Value":3844},{"Length":82,"Height":82,"Demand":2,"DemandMax":null,"Value":6724},{"Length":6,"Height":6,"Demand":2,"DemandMax":null,"Value":108},{"Length":17,"Height":17,"Demand":1,"DemandMax":null,"Value":289},{"Length":63,"Height":63,"Demand":2,"DemandMax":null,"Value":7938},{"Length":63,"Height":63,"Demand":1,"DemandMax":null,"Value":3969},{"Length":3,"Height":3,"Demand":2,"DemandMax":null,"Value":9},{"Length":91,"Height":91,"Demand":1,"DemandMax":null,"Value":8281},{"Length":11,"Height":11,"Demand":1,"DemandMax":null,"Value":121},{"Length":70,"Height":70,"Demand":1,"DemandMax":null,"Value":4900},{"Length":23,"Height":23,"Demand":1,"DemandMax":null,"Value":1058},{"Length":24,"Height":24,"Demand":1,"DemandMax":null,"Value":1152},{"Length":38,"Height":38,"Demand":2,"DemandMax":null,"Value":2888},{"Length":20,"Height":20,"Demand":1,"DemandMax":null,"Value":800},{"Length":64,"Height":64,"Demand":3,"DemandMax":null,"Value":4096},{"Length":32,"Height":32,"Demand":1,"DemandMax":null,"Value":1024},{"Length":38,"Height":38,"Demand":1,"DemandMax":null,"Value":1444},{"Length":87,"Height":87,"Demand":2,"DemandMax":null,"Value":22707},{"Length":4,"Height":4,"Demand":1,"DemandMax":null,"Value":48},{"Length":82,"Height":82,"Demand":1,"DemandMax":null,"Value":13448},{"Length":97,"Height":97,"Demand":1,"DemandMax":null,"Value":18818},{"Length":30,"Height":30,"Demand":1,"DemandMax":null,"Value":1800},{"Length":48,"Height":48,"Demand":2,"DemandMax":null,"Value":4608},{"Length":46,"Height":46,"Demand":1,"DemandMax":null,"Value":4232},{"Length":56,"Height":56,"Demand":1,"DemandMax":null,"Value":6272},{"Length":9,"Height":9,"Demand":2,"DemandMax":null,"Value":162},{"Length":54,"Height":54,"Demand":3,"DemandMax":null,"Value":5832},{"Length":45,"Height":45,"Demand":1,"DemandMax":null,"Value":4050},{"Length":29,"Height":29,"Demand":1,"DemandMax":null,"Value":1682},{"Length":35,"Height":35,"Demand":1,"DemandMax":null,"Value":3675},{"Length":49,"Height":49,"Demand":2,"DemandMax":null,"Value":7203},{"Length":33,"Height":33,"Demand":1,"DemandMax":null,"Value":3267},{"Length":9,"Height":9,"Demand":1,"DemandMax":null,"Value":81},{"Length":15,"Height":15,"Demand":1,"DemandMax":null,"Value":450},{"Length":40,"Height":40,"Demand":2,"DemandMax":null,"Value":1600},{"Length":47,"Height":47,"Demand":2,"DemandMax":null,"Value":2209},{"Length":29,"Height":29,"Demand":2,"DemandMax":null,"Value":841},{"Length":67,"Height":67,"Demand":2,"DemandMax":null,"Value":13467},{"Length":71,"Height":71,"Demand":1,"DemandMax":null,"Value":5041},{"Length":10,"Height":10,"Demand":2,"DemandMax":null,"Value":300},{"Length":65,"Height":65,"Demand":1,"DemandMax":null,"Value":8450},{"Length":2,"Height":2,"Demand":1,"DemandMax":null,"Value":4},{"Length":56,"Height":56,"Demand":1,"DemandMax":null,"Value":3136},{"Length":80,"Height":80,"Demand":1,"DemandMax":null,"Value":19200},{"Length":78,"Height":78,"Demand":2,"DemandMax":null,"Value":6084},{"Length":14,"Height":14,"Demand":2,"DemandMax":null,"Value":196},{"Length":73,"Height":73,"Demand":2,"DemandMax":null,"Value":5329},{"Length":99,"Height":99,"Demand":1,"DemandMax":null,"Value":9801},{"Length":92,"Height":92,"Demand":1,"DemandMax":null,"Value":8464},{"Length":44,"Height":44,"Demand":1,"DemandMax":null,"Value":3872},{"Length":75,"Height":75,"Demand":1,"DemandMax":null,"Value":16875},{"Length":57,"Height":57,"Demand":3,"DemandMax":null,"Value":9747},{"Length":92,"Height":92,"Demand":1,"DemandMax":null,"Value":25392},{"Length":12,"Height":12,"Demand":1,"DemandMax":null,"Value":144},{"Length":19,"Height":19,"Demand":1,"DemandMax":null,"Value":1083},{"Length":83,"Height":83,"Demand":1,"DemandMax":null,"Value":6889},{"Length":76,"Height":76,"Demand":1,"DemandMax":null,"Value":17328},{"Length":73,"Height":73,"Demand":1,"DemandMax":null,"Value":10658},{"Length":48,"Height":48,"Demand":2,"DemandMax":null,"Value":2304},{"Length":96,"Height":96,"Demand":1,"DemandMax":null,"Value":9216},{"Length":4,"Height":4,"Demand":2,"DemandMax":null,"Value":16},{"Length":99,"Height":99,"Demand":1,"DemandMax":null,"Value":29403},{"Length":87,"Height":87,"Demand":2,"DemandMax":null,"Value":15138},{"Length":41,"Height":41,"Demand":1,"DemandMax":null,"Value":1681},{"Length":26,"Height":26,"Demand":1,"DemandMax":null,"Value":676},{"Length":70,"Height":70,"Demand":2,"DemandMax":null,"Value":9800},{"Length":14,"Height":14,"Demand":2,"DemandMax":null,"Value":588},{"Length":52,"Height":52,"Demand":1,"DemandMax":null,"Value":2704},{"Length":77,"Height":77,"Demand":1,"DemandMax":null,"Value":11858},{"Length":21,"Height":21,"Demand":1,"DemandMax":null,"Value":1323},{"Length":30,"Height":30,"Demand":1,"DemandMax":null,"Value":900},{"Length":45,"Height":45,"Demand":2,"DemandMax":null,"Value":2025},{"Length":16,"Height":16,"Demand":1,"DemandMax":null,"Value":768},{"Length":88,"Height":88,"Demand":2,"DemandMax":null,"Value":15488},{"Length":44,"Height":44,"Demand":1,"DemandMax":null,"Value":1936},{"Length":79,"Height":79,"Demand":2,"DemandMax":null,"Value":12482},{"Length":22,"Height":22,"Demand":1,"DemandMax":null,"Value":1452},{"Length":5,"Height":5,"Demand":1,"DemandMax":null,"Value":25},{"Length":44,"Height":44,"Demand":1,"DemandMax":null,"Value":5808},{"Length":7,"Height":7,"Demand":1,"DemandMax":null,"Value":49},{"Length":23,"Height":23,"Demand":1,"DemandMax":null,"Value":529},{"Length":74,"Height":74,"Demand":1,"DemandMax":null,"Value":16428},{"Length":67,"Height":67,"Demand":1,"DemandMax":null,"Value":4489},{"Length":49,"Height":49,"Demand":1,"DemandMax":null,"Value":4802},{"Length":100,"Height":100,"Demand":1,"DemandMax":null,"Value":20000},{"Length":43,"Height":43,"Demand":1,"DemandMax":null,"Value":3698},{"Length":73,"Height":73,"Demand":1,"DemandMax":null,"Value":15987},{"Length":60,"Height":60,"Demand":1,"DemandMax":null,"Value":10800},{"Length":79,"Height":79,"Demand":1,"DemandMax":null,"Value":6241},{"Length":100,"Height":100,"Demand":1,"DemandMax":null,"Value":30000},{"Length":94,"Height":94,"Demand":1,"DemandMax":null,"Value":17672},{"Length":12,"Height":12,"Demand":1,"DemandMax":null,"Value":432},{"Length":97,"Height":97,"Demand":1,"DemandMax":null,"Value":9409},{"Length":77,"Height":77,"Demand":1,"DemandMax":null,"Value":17787},{"Length":41,"Height":41,"Demand":1,"DemandMax":null,"Value":5043},{"Length":58,"Height":58,"Demand":1,"DemandMax":null,"Value":3364},{"Length":30,"Height":30,"Demand":1,"DemandMax":null,"Value":2700},{"Length":74,"Height":74,"Demand":1,"DemandMax":null,"Value":10952},{"Length":4,"Height":4,"Demand":1,"DemandMax":null,"Value":32},{"Length":99,"Height":99,"Demand":1,"DemandMax":null,"Value":19602},{"Length":60,"Height":60,"Demand":1,"DemandMax":null,"Value":7200},{"Length":9,"Height":9,"Demand":1,"DemandMax":null,"Value":243},{"Length":24,"Height":24,"Demand":1,"DemandMax":null,"Value":576},{"Length":7,"Height":7,"Demand":1,"DemandMax":null,"Value":147},{"Length":80,"Height":80,"Demand":1,"DemandMax":null,"Value":12800},{"Length":20,"Height":20,"Demand":1,"DemandMax":null,"Value":1200}]}