{"Name":"ep2-50-WC25","Objects":[{"Length":98,"Height":178,"Stock":null,"Cost":17444}],"Items":[{"Length":84,"Height":7,"Demand":3,"DemandMax":null,"Value":1176},{"Length":76,"Height":2,"Demand":3,"DemandMax":null,"Value":456},{"Length":98,"Height":28,"Demand":3,"DemandMax":null,"Value":8232},{"Length":87,"Height":2,"Demand":3,"DemandMax":null,"Value":174},{"Length":85,"Height":12,"Demand":3,"DemandMax":null,"Value":3060},{"Length":98,"Height":31,"Demand":3,"DemandMax":null,"Value":3038},{"Length":73,"Height":9,"Demand":3,"DemandMax":null,"Value":657},{"Length":92,"Height":6,"Demand":3,"DemandMax":null,"Value":552},{"Length":92,"Height":33,"Demand":3,"DemandMax":null,"Value":9108},{"Length":67,"Height":9,"Demand":3,"DemandMax":null,"Value":1206},{"Length":82,"Height":5,"Demand":2,"DemandMax":null,"Value":1230},{"Length":83,"Height":33,"Demand":2,"DemandMax":null,"Value":5478},{"Length":97,"Height":3,"Demand":2,"DemandMax":null,"Value":582},{"Length":77,"Height":19,"Demand":2,"DemandMax":null,"Value":4389},{"Length":93,"Height":5,"Demand":2,"DemandMax":null,"Value":1395},{"Length":83,"Height":32,"Demand":2,"DemandMax":null,"Value":5312},{"Length":93,"Height":9,"Demand":2,"DemandMax":null,"Value":1674},{"Length":75,"Height":18,"Demand":2,"DemandMax":null,"Value":2700},{"Length":77,"Height":9,"Demand":2,"DemandMax":null,"Value":2079},{"Length":69,"Height":31,"Demand":2,"DemandMax":null,"Value":6417}]}