{"Name":"ep2-50-UC25","Objects":[{"Length":213,"Height":426,"Stock":null,"Cost":90738}],"Items":[{"Length":89,"Height":94,"Demand":3,"DemandMax":null,"Value":8366},{"Length":94,"Height":99,"Demand":3,"DemandMax":null,"Value":27918},{"Length":88,"Height":92,"Demand":3,"DemandMax":null,"Value":8096},{"Length":83,"Height":84,"Demand":3,"DemandMax":null,"Value":6972},{"Length":95,"Height":70,"Demand":3,"DemandMax":null,"Value":13300},{"Length":71,"Height":96,"Demand":3,"DemandMax":null,"Value":13632},{"Length":97,"Height":78,"Demand":3,"DemandMax":null,"Value":15132},{"Length":83,"Height":66,"Demand":3,"DemandMax":null,"Value":10956},{"Length":85,"Height":85,"Demand":3,"DemandMax":null,"Value":14450},{"Length":82,"Height":72,"Demand":3,"DemandMax":null,"Value":17712},{"Length":78,"Height":92,"Demand":2,"DemandMax":null,"Value":7176},{"Length":78,"Height":88,"Demand":2,"DemandMax":null,"Value":20592},{"Length":83,"Height":86,"Demand":2,"DemandMax":null,"Value":21414},{"Length":96,"Height":74,"Demand":2,"DemandMax":null,"Value":21312},{"Length":91,"Height":89,"Demand":2,"DemandMax":null,"Value":8099},{"Length":81,"Height":77,"Demand":2,"DemandMax":null,"Value":18711},{"Length":87,"Height":95,"Demand":2,"DemandMax":null,"Value":24795},{"Length":87,"Height":85,"Demand":2,"DemandMax":null,"Value":7395},{"Length":71,"Height":99,"Demand":2,"DemandMax":null,"Value":21087},{"Length":95,"Height":87,"Demand":2,"DemandMax":null,"Value":24795}]}