{"Name":"ep2-100-SR75","Objects":[{"Length":357,"Height":714,"Stock":null,"Cost":254898}],"Items":[{"Length":80,"Height":80,"Demand":1,"DemandMax":null,"Value":12800},{"Length":58,"Height":58,"Demand":1,"DemandMax":null,"Value":3364},{"Length":71,"Height":71,"Demand":2,"DemandMax":null,"Value":5041},{"Length":68,"Height":68,"Demand":2,"DemandMax":null,"Value":9248},{"Length":65,"Height":65,"Demand":3,"DemandMax":null,"Value":4225},{"Length":1,"Height":1,"Demand":1,"DemandMax":null,"Value":1},{"Length":42,"Height":42,"Demand":1,"DemandMax":null,"Value":3528},{"Length":68,"Height":68,"Demand":1,"DemandMax":null,"Value":4624},{"Length":51,"Height":51,"Demand":1,"DemandMax":null,"Value":2601},{"Length":98,"Height":98,"Demand":2,"DemandMax":null,"Value":19208},{"Length":82,"Height":82,"Demand":2,"DemandMax":null,"Value":6724},{"Length":88,"Height":88,"Demand":1,"DemandMax":null,"Value":15488},{"Length":69,"Height":69,"Demand":2,"DemandMax":null,"Value":4761},{"Length":57,"Height":57,"Demand":1,"DemandMax":null,"Value":9747},{"Length":39,"Height":39,"Demand":1,"DemandMax":null,"Value":3042},{"Length":48,"Height":48,"Demand":1,"DemandMax":null,"Value":6912},{"Length":56,"Height":56,"Demand":2,"DemandMax":null,"Value":6272},{"Length":41,"Height":41,"Demand":1,"DemandMax":null,"Value":1681},{"Length":74,"Height":74,"Demand":1,"DemandMax":null,"Value":10952},{"Length":89,"Height":89,"Demand":1,"DemandMax":null,"Value":7921},{"Length":90,"Height":90,"Demand":1,"DemandMax":null,"Value":8100},{"Length":59,"Height":59,"Demand":1,"DemandMax":null,"Value":10443},{"Length":96,"Height":96,"Demand":1,"DemandMax":null,"Value":9216},{"Length":54,"Height":54,"Demand":1,"DemandMax":null,"Value":8748},{"Length":16,"Height":16,"Demand":1,"DemandMax":null,"Value":256},{"Length":97,"Height":97,"Demand":1,"DemandMax":null,"Value":18818},{"Length":10,"Height":10,"Demand":1,"DemandMax":null,"Value":300},{"Length":32,"Height":32,"Demand":1,"DemandMax":null,"Value":1024},{"Length":66,"Height":66,"Demand":2,"DemandMax":null,"Value":13068},{"Length":90,"Height":90,"Demand":1,"DemandMax":null,"Value":24300},{"Length":8,"Height":8,"Demand":1,"DemandMax":null,"Value":128},{"Length":64,"Height":64,"Demand":3,"DemandMax":null,"Value":8192},{"Length":34,"Height":34,"Demand":1,"DemandMax":null,"Value":2312},{"Length":36,"Height":36,"Demand":2,"DemandMax":null,"Value":2592},{"Length":37,"Height":37,"Demand":1,"DemandMax":null,"Value":4107},{"Length":91,"Height":91,"Demand":1,"DemandMax":null,"Value":8281},{"Length":11,"Height":11,"Demand":2,"DemandMax":null,"Value":242},{"Length":62,"Height":62,"Demand":1,"DemandMax":null,"Value":7688},{"Length":6,"Height":6,"Demand":1,"DemandMax":null,"Value":72},{"Length":17,"Height":17,"Demand":1,"DemandMax":null,"Value":289},{"Length":16,"Height":16,"Demand":2,"DemandMax":null,"Value":512},{"Length":63,"Height":63,"Demand":1,"DemandMax":null,"Value":11907},{"Length":63,"Height":63,"Demand":1,"DemandMax":null,"Value":3969},{"Length":3,"Height":3,"Demand":1,"DemandMax":null,"Value":18},{"Length":91,"Height":91,"Demand":1,"DemandMax":null,"Value":24843},{"Length":57,"Height":57,"Demand":1,"DemandMax":null,"Value":3249},{"Length":70,"Height":70,"Demand":1,"DemandMax":null,"Value":4900},{"Length":23,"Height":23,"Demand":1,"DemandMax":null,"Value":529},{"Length":24,"Height":24,"Demand":1,"DemandMax":null,"Value":1152},{"Length":38,"Height":38,"Demand":1,"DemandMax":null,"Value":2888},{"Length":20,"Height":20,"Demand":1,"DemandMax":null,"Value":400},{"Length":32,"Height":32,"Demand":1,"DemandMax":null,"Value":2048},{"Length":38,"Height":38,"Demand":1,"DemandMax":null,"Value":4332},{"Length":87,"Height":87,"Demand":1,"DemandMax":null,"Value":15138},{"Length":4,"Height":4,"Demand":1,"DemandMax":null,"Value":16},{"Length":82,"Height":82,"Demand":1,"DemandMax":null,"Value":20172},{"Length":97,"Height":97,"Demand":1,"DemandMax":null,"Value":9409},{"Length":30,"Height":30,"Demand":1,"DemandMax":null,"Value":2700},{"Length":48,"Height":48,"Demand":1,"DemandMax":null,"Value":4608},{"Length":46,"Height":46,"Demand":1,"DemandMax":null,"Value":4232},{"Length":56,"Height":56,"Demand":1,"DemandMax":null,"Value":9408},{"Length":9,"Height":9,"Demand":1,"DemandMax":null,"Value":243},{"Length":54,"Height":54,"Demand":1,"DemandMax":null,"Value":2916},{"Length":45,"Height":45,"Demand":1,"DemandMax":null,"Value":6075},{"Length":29,"Height":29,"Demand":2,"DemandMax":null,"Value":841},{"Length":35,"Height":35,"Demand":1,"DemandMax":null,"Value":3675},{"Length":49,"Height":49,"Demand":1,"DemandMax":null,"Value":4802},{"Length":33,"Height":33,"Demand":1,"DemandMax":null,"Value":2178},{"Length":9,"Height":9,"Demand":1,"DemandMax":null,"Value":162},{"Length":15,"Height":15,"Demand":1,"DemandMax":null,"Value":450},{"Length":40,"Height":40,"Demand":1,"DemandMax":null,"Value":4800},{"Length":47,"Height":47,"Demand":1,"DemandMax":null,"Value":4418},{"Length":29,"Height":29,"Demand":1,"DemandMax":null,"Value":1682},{"Length":67,"Height":67,"Demand":1,"DemandMax":null,"Value":4489},{"Length":10,"Height":10,"Demand":1,"DemandMax":null,"Value":200},{"Length":2,"Height":2,"Demand":1,"DemandMax":null,"Value":8},{"Length":80,"Height":80,"Demand":1,"DemandMax":null,"Value":6400},{"Length":78,"Height":78,"Demand":1,"DemandMax":null,"Value":12168},{"Length":14,"Height":14,"Demand":1,"DemandMax":null,"Value":588},{"Length":71,"Height":71,"Demand":1,"DemandMax":null,"Value":15123},{"Length":73,"Height":73,"Demand":1,"DemandMax":null,"Value":5329},{"Length":99,"Height":99,"Demand":1,"DemandMax":null,"Value":19602},{"Length":92,"Height":92,"Demand":1,"DemandMax":null,"Value":16928},{"Length":44,"Height":44,"Demand":1,"DemandMax":null,"Value":3872},{"Length":54,"Height":54,"Demand":1,"DemandMax":null,"Value":5832}]}