{"Name":"ep2-50-TC25","Objects":[{"Length":93,"Height":186,"Stock":null,"Cost":17298}],"Items":[{"Length":10,"Height":82,"Demand":3,"DemandMax":null,"Value":820},{"Length":10,"Height":89,"Demand":3,"DemandMax":null,"Value":890},{"Length":19,"Height":72,"Demand":3,"DemandMax":null,"Value":2736},{"Length":21,"Height":88,"Demand":3,"DemandMax":null,"Value":5544},{"Length":12,"Height":94,"Demand":3,"DemandMax":null,"Value":3384},{"Length":7,"Height":81,"Demand":3,"DemandMax":null,"Value":1701},{"Length":27,"Height":94,"Demand":3,"DemandMax":null,"Value":5076},{"Length":14,"Height":94,"Demand":3,"DemandMax":null,"Value":2632},{"Length":33,"Height":87,"Demand":3,"DemandMax":null,"Value":2871},{"Length":27,"Height":84,"Demand":3,"DemandMax":null,"Value":4536},{"Length":6,"Height":89,"Demand":2,"DemandMax":null,"Value":1068},{"Length":8,"Height":97,"Demand":2,"DemandMax":null,"Value":2328},{"Length":2,"Height":93,"Demand":2,"DemandMax":null,"Value":558},{"Length":24,"Height":69,"Demand":2,"DemandMax":null,"Value":1656},{"Length":26,"Height":76,"Demand":2,"DemandMax":null,"Value":1976},{"Length":26,"Height":67,"Demand":2,"DemandMax":null,"Value":1742},{"Length":33,"Height":85,"Demand":2,"DemandMax":null,"Value":2805},{"Length":9,"Height":86,"Demand":2,"DemandMax":null,"Value":774},{"Length":6,"Height":80,"Demand":2,"DemandMax":null,"Value":960},{"Length":6,"Height":93,"Demand":2,"DemandMax":null,"Value":558}]}