{"Name":"ep2-100-UR25","Objects":[{"Length":295,"Height":590,"Stock":null,"Cost":174050}],"Items":[{"Length":89,"Height":94,"Demand":1,"DemandMax":null,"Value":16732},{"Length":94,"Height":99,"Demand":1,"DemandMax":null,"Value":18612},{"Length":88,"Height":92,"Demand":1,"DemandMax":null,"Value":16192},{"Length":83,"Height":84,"Demand":1,"DemandMax":null,"Value":13944},{"Length":95,"Height":70,"Demand":1,"DemandMax":null,"Value":13300},{"Length":71,"Height":96,"Demand":1,"DemandMax":null,"Value":6816},{"Length":97,"Height":78,"Demand":1,"DemandMax":null,"Value":7566},{"Length":83,"Height":66,"Demand":1,"DemandMax":null,"Value":16434},{"Length":85,"Height":85,"Demand":1,"DemandMax":null,"Value":7225},{"Length":82,"Height":72,"Demand":1,"DemandMax":null,"Value":5904},{"Length":78,"Height":92,"Demand":1,"DemandMax":null,"Value":7176},{"Length":78,"Height":88,"Demand":1,"DemandMax":null,"Value":6864},{"Length":83,"Height":86,"Demand":1,"DemandMax":null,"Value":14276},{"Length":96,"Height":74,"Demand":1,"DemandMax":null,"Value":7104},{"Length":91,"Height":89,"Demand":1,"DemandMax":null,"Value":24297},{"Length":81,"Height":77,"Demand":1,"DemandMax":null,"Value":18711},{"Length":87,"Height":95,"Demand":1,"DemandMax":null,"Value":8265},{"Length":87,"Height":85,"Demand":1,"DemandMax":null,"Value":14790},{"Length":71,"Height":99,"Demand":1,"DemandMax":null,"Value":7029},{"Length":95,"Height":87,"Demand":1,"DemandMax":null,"Value":16530},{"Length":83,"Height":68,"Demand":1,"DemandMax":null,"Value":5644},{"Length":76,"Height":95,"Demand":1,"DemandMax":null,"Value":14440},{"Length":88,"Height":98,"Demand":1,"DemandMax":null,"Value":17248},{"Length":94,"Height":80,"Demand":1,"DemandMax":null,"Value":22560},{"Length":91,"Height":88,"Demand":1,"DemandMax":null,"Value":16016},{"Length":84,"Height":75,"Demand":1,"DemandMax":null,"Value":18900},{"Length":93,"Height":97,"Demand":1,"DemandMax":null,"Value":18042},{"Length":93,"Height":84,"Demand":1,"DemandMax":null,"Value":7812},{"Length":66,"Height":70,"Demand":1,"DemandMax":null,"Value":13860},{"Length":81,"Height":80,"Demand":1,"DemandMax":null,"Value":6480},{"Length":97,"Height":100,"Demand":1,"DemandMax":null,"Value":9700},{"Length":69,"Height":82,"Demand":1,"DemandMax":null,"Value":16974},{"Length":70,"Height":83,"Demand":1,"DemandMax":null,"Value":11620},{"Length":77,"Height":78,"Demand":1,"DemandMax":null,"Value":6006},{"Length":72,"Height":88,"Demand":1,"DemandMax":null,"Value":19008},{"Length":89,"Height":69,"Demand":1,"DemandMax":null,"Value":6141},{"Length":74,"Height":81,"Demand":1,"DemandMax":null,"Value":17982},{"Length":99,"Height":75,"Demand":1,"DemandMax":null,"Value":22275},{"Length":88,"Height":82,"Demand":1,"DemandMax":null,"Value":14432},{"Length":88,"Height":87,"Demand":1,"DemandMax":null,"Value":15312},{"Length":98,"Height":67,"Demand":1,"DemandMax":null,"Value":19698},{"Length":90,"Height":90,"Demand":1,"DemandMax":null,"Value":24300},{"Length":86,"Height":100,"Demand":1,"DemandMax":null,"Value":25800},{"Length":82,"Height":80,"Demand":1,"DemandMax":null,"Value":13120},{"Length":93,"Height":79,"Demand":1,"DemandMax":null,"Value":22041},{"Length":82,"Height":67,"Demand":1,"DemandMax":null,"Value":16482},{"Length":73,"Height":83,"Demand":1,"DemandMax":null,"Value":6059},{"Length":93,"Height":91,"Demand":1,"DemandMax":null,"Value":8463},{"Length":97,"Height":99,"Demand":1,"DemandMax":null,"Value":19206},{"Length":77,"Height":75,"Demand":1,"DemandMax":null,"Value":11550},{"Length":68,"Height":90,"Demand":1,"DemandMax":null,"Value":18360},{"Length":93,"Height":80,"Demand":1,"DemandMax":null,"Value":7440},{"Length":100,"Height":79,"Demand":1,"DemandMax":null,"Value":7900},{"Length":74,"Height":97,"Demand":1,"DemandMax":null,"Value":7178},{"Length":85,"Height":94,"Demand":1,"DemandMax":null,"Value":23970},{"Length":76,"Height":89,"Demand":1,"DemandMax":null,"Value":13528},{"Length":94,"Height":82,"Demand":1,"DemandMax":null,"Value":23124},{"Length":98,"Height":68,"Demand":1,"DemandMax":null,"Value":13328},{"Length":76,"Height":68,"Demand":1,"DemandMax":null,"Value":15504},{"Length":80,"Height":77,"Demand":1,"DemandMax":null,"Value":6160},{"Length":91,"Height":90,"Demand":1,"DemandMax":null,"Value":16380},{"Length":85,"Height":75,"Demand":1,"DemandMax":null,"Value":6375},{"Length":80,"Height":77,"Demand":1,"DemandMax":null,"Value":18480},{"Length":80,"Height":91,"Demand":1,"DemandMax":null,"Value":14560},{"Length":76,"Height":81,"Demand":1,"DemandMax":null,"Value":12312},{"Length":74,"Height":71,"Demand":1,"DemandMax":null,"Value":5254},{"Length":93,"Height":70,"Demand":1,"DemandMax":null,"Value":6510},{"Length":98,"Height":100,"Demand":1,"DemandMax":null,"Value":29400},{"Length":91,"Height":89,"Demand":1,"DemandMax":null,"Value":8099},{"Length":88,"Height":74,"Demand":1,"DemandMax":null,"Value":13024},{"Length":69,"Height":83,"Demand":1,"DemandMax":null,"Value":17181},{"Length":81,"Height":77,"Demand":1,"DemandMax":null,"Value":6237},{"Length":72,"Height":73,"Demand":1,"DemandMax":null,"Value":5256},{"Length":70,"Height":80,"Demand":1,"DemandMax":null,"Value":5600},{"Length":82,"Height":92,"Demand":1,"DemandMax":null,"Value":7544},{"Length":94,"Height":78,"Demand":1,"DemandMax":null,"Value":14664},{"Length":73,"Height":98,"Demand":1,"DemandMax":null,"Value":7154},{"Length":85,"Height":91,"Demand":1,"DemandMax":null,"Value":15470},{"Length":99,"Height":87,"Demand":1,"DemandMax":null,"Value":17226},{"Length":95,"Height":75,"Demand":1,"DemandMax":null,"Value":21375},{"Length":90,"Height":92,"Demand":1,"DemandMax":null,"Value":8280},{"Length":77,"Height":98,"Demand":1,"DemandMax":null,"Value":15092},{"Length":67,"Height":86,"Demand":1,"DemandMax":null,"Value":11524},{"Length":68,"Height":91,"Demand":1,"DemandMax":null,"Value":6188},{"Length":96,"Height":100,"Demand":1,"DemandMax":null,"Value":19200},{"Length":76,"Height":91,"Demand":1,"DemandMax":null,"Value":13832},{"Length":90,"Height":91,"Demand":1,"DemandMax":null,"Value":8190},{"Length":76,"Height":73,"Demand":1,"DemandMax":null,"Value":5548},{"Length":74,"Height":82,"Demand":1,"DemandMax":null,"Value":12136},{"Length":71,"Height":93,"Demand":1,"DemandMax":null,"Value":19809},{"Length":72,"Height":66,"Demand":1,"DemandMax":null,"Value":4752},{"Length":66,"Height":79,"Demand":1,"DemandMax":null,"Value":10428},{"Length":76,"Height":83,"Demand":1,"DemandMax":null,"Value":12616},{"Length":91,"Height":82,"Demand":1,"DemandMax":null,"Value":14924},{"Length":76,"Height":67,"Demand":1,"DemandMax":null,"Value":5092},{"Length":78,"Height":99,"Demand":1,"DemandMax":null,"Value":7722},{"Length":66,"Height":84,"Demand":1,"DemandMax":null,"Value":16632},{"Length":68,"Height":76,"Demand":1,"DemandMax":null,"Value":15504},{"Length":75,"Height":96,"Demand":1,"DemandMax":null,"Value":7200},{"Length":93,"Height":74,"Demand":1,"DemandMax":null,"Value":6882}]}