{"Name":"ep2-100-WR25","Objects":[{"Length":132,"Height":264,"Stock":null,"Cost":34848}],"Items":[{"Length":84,"Height":7,"Demand":1,"DemandMax":null,"Value":1764},{"Length":76,"Height":2,"Demand":1,"DemandMax":null,"Value":456},{"Length":98,"Height":28,"Demand":1,"DemandMax":null,"Value":8232},{"Length":87,"Height":2,"Demand":1,"DemandMax":null,"Value":174},{"Length":85,"Height":12,"Demand":1,"DemandMax":null,"Value":3060},{"Length":98,"Height":31,"Demand":1,"DemandMax":null,"Value":6076},{"Length":73,"Height":9,"Demand":1,"DemandMax":null,"Value":1971},{"Length":92,"Height":6,"Demand":1,"DemandMax":null,"Value":1104},{"Length":92,"Height":33,"Demand":1,"DemandMax":null,"Value":6072},{"Length":67,"Height":9,"Demand":1,"DemandMax":null,"Value":1809},{"Length":82,"Height":5,"Demand":1,"DemandMax":null,"Value":410},{"Length":83,"Height":33,"Demand":1,"DemandMax":null,"Value":2739},{"Length":97,"Height":3,"Demand":1,"DemandMax":null,"Value":291},{"Length":77,"Height":19,"Demand":1,"DemandMax":null,"Value":2926},{"Length":93,"Height":5,"Demand":1,"DemandMax":null,"Value":465},{"Length":83,"Height":32,"Demand":1,"DemandMax":null,"Value":2656},{"Length":93,"Height":9,"Demand":1,"DemandMax":null,"Value":837},{"Length":75,"Height":18,"Demand":1,"DemandMax":null,"Value":4050},{"Length":77,"Height":9,"Demand":2,"DemandMax":null,"Value":693},{"Length":69,"Height":31,"Demand":1,"DemandMax":null,"Value":4278},{"Length":84,"Height":29,"Demand":1,"DemandMax":null,"Value":4872},{"Length":76,"Height":16,"Demand":1,"DemandMax":null,"Value":1216},{"Length":96,"Height":7,"Demand":1,"DemandMax":null,"Value":1344},{"Length":76,"Height":23,"Demand":1,"DemandMax":null,"Value":3496},{"Length":86,"Height":8,"Demand":1,"DemandMax":null,"Value":688},{"Length":97,"Height":12,"Demand":1,"DemandMax":null,"Value":1164},{"Length":70,"Height":5,"Demand":1,"DemandMax":null,"Value":1050},{"Length":79,"Height":22,"Demand":1,"DemandMax":null,"Value":5214},{"Length":84,"Height":20,"Demand":1,"DemandMax":null,"Value":3360},{"Length":69,"Height":25,"Demand":1,"DemandMax":null,"Value":3450},{"Length":93,"Height":21,"Demand":1,"DemandMax":null,"Value":1953},{"Length":83,"Height":17,"Demand":1,"DemandMax":null,"Value":4233},{"Length":67,"Height":21,"Demand":1,"DemandMax":null,"Value":1407},{"Length":96,"Height":16,"Demand":1,"DemandMax":null,"Value":1536},{"Length":89,"Height":14,"Demand":1,"DemandMax":null,"Value":1246},{"Length":81,"Height":25,"Demand":1,"DemandMax":null,"Value":6075},{"Length":98,"Height":26,"Demand":1,"DemandMax":null,"Value":5096},{"Length":72,"Height":27,"Demand":1,"DemandMax":null,"Value":1944},{"Length":89,"Height":20,"Demand":1,"DemandMax":null,"Value":1780},{"Length":94,"Height":18,"Demand":1,"DemandMax":null,"Value":3384},{"Length":93,"Height":26,"Demand":1,"DemandMax":null,"Value":4836},{"Length":68,"Height":5,"Demand":1,"DemandMax":null,"Value":340},{"Length":95,"Height":22,"Demand":1,"DemandMax":null,"Value":4180},{"Length":100,"Height":27,"Demand":1,"DemandMax":null,"Value":5400},{"Length":75,"Height":13,"Demand":1,"DemandMax":null,"Value":2925},{"Length":95,"Height":24,"Demand":1,"DemandMax":null,"Value":6840},{"Length":73,"Height":30,"Demand":1,"DemandMax":null,"Value":4380},{"Length":94,"Height":23,"Demand":1,"DemandMax":null,"Value":2162},{"Length":98,"Height":21,"Demand":1,"DemandMax":null,"Value":6174},{"Length":84,"Height":19,"Demand":1,"DemandMax":null,"Value":1596},{"Length":78,"Height":26,"Demand":1,"DemandMax":null,"Value":2028},{"Length":75,"Height":2,"Demand":1,"DemandMax":null,"Value":450},{"Length":79,"Height":5,"Demand":1,"DemandMax":null,"Value":1185},{"Length":79,"Height":13,"Demand":1,"DemandMax":null,"Value":3081},{"Length":78,"Height":2,"Demand":1,"DemandMax":null,"Value":312},{"Length":98,"Height":14,"Demand":1,"DemandMax":null,"Value":2744},{"Length":91,"Height":9,"Demand":1,"DemandMax":null,"Value":1638},{"Length":98,"Height":3,"Demand":1,"DemandMax":null,"Value":588},{"Length":87,"Height":8,"Demand":1,"DemandMax":null,"Value":2088},{"Length":77,"Height":29,"Demand":1,"DemandMax":null,"Value":6699},{"Length":78,"Height":15,"Demand":1,"DemandMax":null,"Value":1170},{"Length":72,"Height":19,"Demand":1,"DemandMax":null,"Value":2736},{"Length":67,"Height":1,"Demand":1,"DemandMax":null,"Value":201},{"Length":76,"Height":7,"Demand":1,"DemandMax":null,"Value":1064},{"Length":86,"Height":3,"Demand":1,"DemandMax":null,"Value":516},{"Length":98,"Height":2,"Demand":1,"DemandMax":null,"Value":392},{"Length":77,"Height":28,"Demand":1,"DemandMax":null,"Value":4312},{"Length":87,"Height":5,"Demand":1,"DemandMax":null,"Value":1305},{"Length":76,"Height":16,"Demand":1,"DemandMax":null,"Value":2432},{"Length":75,"Height":22,"Demand":1,"DemandMax":null,"Value":4950},{"Length":74,"Height":31,"Demand":1,"DemandMax":null,"Value":4588},{"Length":80,"Height":12,"Demand":1,"DemandMax":null,"Value":2880},{"Length":76,"Height":32,"Demand":1,"DemandMax":null,"Value":7296},{"Length":78,"Height":18,"Demand":1,"DemandMax":null,"Value":1404},{"Length":83,"Height":14,"Demand":1,"DemandMax":null,"Value":1162},{"Length":72,"Height":24,"Demand":1,"DemandMax":null,"Value":1728},{"Length":94,"Height":29,"Demand":1,"DemandMax":null,"Value":2726},{"Length":73,"Height":27,"Demand":1,"DemandMax":null,"Value":3942},{"Length":88,"Height":24,"Demand":1,"DemandMax":null,"Value":2112},{"Length":92,"Height":25,"Demand":1,"DemandMax":null,"Value":4600},{"Length":74,"Height":12,"Demand":1,"DemandMax":null,"Value":888},{"Length":77,"Height":1,"Demand":1,"DemandMax":null,"Value":77},{"Length":79,"Height":14,"Demand":1,"DemandMax":null,"Value":3318},{"Length":84,"Height":32,"Demand":1,"DemandMax":null,"Value":8064},{"Length":75,"Height":29,"Demand":1,"DemandMax":null,"Value":2175},{"Length":75,"Height":14,"Demand":1,"DemandMax":null,"Value":3150},{"Length":79,"Height":7,"Demand":1,"DemandMax":null,"Value":553},{"Length":67,"Height":4,"Demand":1,"DemandMax":null,"Value":804},{"Length":84,"Height":17,"Demand":1,"DemandMax":null,"Value":2856},{"Length":70,"Height":32,"Demand":1,"DemandMax":null,"Value":4480},{"Length":71,"Height":15,"Demand":1,"DemandMax":null,"Value":1065},{"Length":77,"Height":29,"Demand":1,"DemandMax":null,"Value":4466},{"Length":80,"Height":2,"Demand":1,"DemandMax":null,"Value":480},{"Length":90,"Height":17,"Demand":1,"DemandMax":null,"Value":4590},{"Length":94,"Height":4,"Demand":1,"DemandMax":null,"Value":376},{"Length":90,"Height":8,"Demand":1,"DemandMax":null,"Value":2160},{"Length":94,"Height":31,"Demand":1,"DemandMax":null,"Value":8742},{"Length":86,"Height":31,"Demand":1,"DemandMax":null,"Value":2666},{"Length":74,"Height":27,"Demand":1,"DemandMax":null,"Value":5994}]}