{"Name":"R_10_90_04","Objects":[],"Items":[{"Length":135,"Height":79,"Demand":1,"DemandMax":null,"Value":10665},{"Length":104,"Height":77,"Demand":1,"DemandMax":null,"Value":8008},{"Length":38,"Height":81,"Demand":1,"DemandMax":null,"Value":3078},{"Length":158,"Height":137,"Demand":1,"DemandMax":null,"Value":21646},{"Length":147,"Height":122,"Demand":1,"DemandMax":null,"Value":17934},{"Length":49,"Height":68,"Demand":1,"DemandMax":null,"Value":3332},{"Length":10,"Height":119,"Demand":1,"DemandMax":null,"Value":1190},{"Length":14,"Height":96,"Demand":1,"DemandMax":null,"Value":1344},{"Length":99,"Height":84,"Demand":1,"DemandMax":null,"Value":8316},{"Length":82,"Height":171,"Demand":1,"DemandMax":null,"Value":14022}]}