{"Name":"R_15_50_01","Objects":[],"Items":[{"Length":86,"Height":137,"Demand":1,"DemandMax":null,"Value":11782},{"Length":140,"Height":111,"Demand":1,"DemandMax":null,"Value":15540},{"Length":109,"Height":68,"Demand":1,"DemandMax":null,"Value":7412},{"Length":107,"Height":141,"Demand":1,"DemandMax":null,"Value":15087},{"Length":104,"Height":123,"Demand":1,"DemandMax":null,"Value":12792},{"Length":86,"Height":79,"Demand":1,"DemandMax":null,"Value":6794},{"Length":88,"Height":147,"Demand":1,"DemandMax":null,"Value":12936},{"Length":141,"Height":72,"Demand":1,"DemandMax":null,"Value":10152},{"Length":114,"Height":71,"Demand":1,"DemandMax":null,"Value":8094},{"Length":134,"Height":126,"Demand":1,"DemandMax":null,"Value":16884},{"Length":87,"Height":111,"Demand":1,"DemandMax":null,"Value":9657},{"Length":114,"Height":66,"Demand":1,"DemandMax":null,"Value":7524},{"Length":141,"Height":58,"Demand":1,"DemandMax":null,"Value":8178},{"Length":73,"Height":78,"Demand":1,"DemandMax":null,"Value":5694},{"Length":122,"Height":132,"Demand":1,"DemandMax":null,"Value":16104}]}