{"Name":"R_15_10_08","Objects":[],"Items":[{"Length":98,"Height":96,"Demand":1,"DemandMax":null,"Value":9408},{"Length":100,"Height":109,"Demand":1,"DemandMax":null,"Value":10900},{"Length":96,"Height":105,"Demand":1,"DemandMax":null,"Value":10080},{"Length":101,"Height":97,"Demand":1,"DemandMax":null,"Value":9797},{"Length":104,"Height":102,"Demand":1,"DemandMax":null,"Value":10608},{"Length":106,"Height":90,"Demand":1,"DemandMax":null,"Value":9540},{"Length":91,"Height":91,"Demand":1,"DemandMax":null,"Value":8281},{"Length":109,"Height":98,"Demand":1,"DemandMax":null,"Value":10682},{"Length":91,"Height":110,"Demand":1,"DemandMax":null,"Value":10010},{"Length":101,"Height":99,"Demand":1,"DemandMax":null,"Value":9999},{"Length":109,"Height":102,"Demand":1,"DemandMax":null,"Value":11118},{"Length":90,"Height":109,"Demand":1,"DemandMax":null,"Value":9810},{"Length":95,"Height":96,"Demand":1,"DemandMax":null,"Value":9120},{"Length":97,"Height":102,"Demand":1,"DemandMax":null,"Value":9894},{"Length":110,"Height":98,"Demand":1,"DemandMax":null,"Value":10780}]}