{"Name":"S_15_10_00","Objects":[],"Items":[{"Length":108,"Height":108,"Demand":3,"DemandMax":null,"Value":11664},{"Length":90,"Height":90,"Demand":1,"DemandMax":null,"Value":8100},{"Length":96,"Height":96,"Demand":1,"DemandMax":null,"Value":9216},{"Length":97,"Height":97,"Demand":1,"DemandMax":null,"Value":9409},{"Length":94,"Height":94,"Demand":2,"DemandMax":null,"Value":8836},{"Length":102,"Height":102,"Demand":2,"DemandMax":null,"Value":10404},{"Length":93,"Height":93,"Demand":2,"DemandMax":null,"Value":8649},{"Length":104,"Height":104,"Demand":1,"DemandMax":null,"Value":10816},{"Length":95,"Height":95,"Demand":2,"DemandMax":null,"Value":9025}]}