{"Name":"R_15_30_04","Objects":[],"Items":[{"Length":111,"Height":95,"Demand":1,"DemandMax":null,"Value":10545},{"Length":91,"Height":122,"Demand":1,"DemandMax":null,"Value":11102},{"Length":97,"Height":102,"Demand":1,"DemandMax":null,"Value":9894},{"Length":101,"Height":125,"Demand":1,"DemandMax":null,"Value":12625},{"Length":86,"Height":92,"Demand":1,"DemandMax":null,"Value":7912},{"Length":72,"Height":123,"Demand":1,"DemandMax":null,"Value":8856},{"Length":108,"Height":71,"Demand":1,"DemandMax":null,"Value":7668},{"Length":70,"Height":125,"Demand":1,"DemandMax":null,"Value":8750},{"Length":124,"Height":108,"Demand":1,"DemandMax":null,"Value":13392},{"Length":76,"Height":99,"Demand":1,"DemandMax":null,"Value":7524},{"Length":74,"Height":98,"Demand":1,"DemandMax":null,"Value":7252},{"Length":72,"Height":118,"Demand":1,"DemandMax":null,"Value":8496},{"Length":130,"Height":108,"Demand":1,"DemandMax":null,"Value":14040},{"Length":99,"Height":107,"Demand":1,"DemandMax":null,"Value":10593},{"Length":76,"Height":100,"Demand":1,"DemandMax":null,"Value":7600}]}