{"Name":"R_15_70_00","Objects":[],"Items":[{"Length":73,"Height":121,"Demand":1,"DemandMax":null,"Value":8833},{"Length":120,"Height":153,"Demand":1,"DemandMax":null,"Value":18360},{"Length":36,"Height":130,"Demand":1,"DemandMax":null,"Value":4680},{"Length":97,"Height":134,"Demand":1,"DemandMax":null,"Value":12998},{"Length":155,"Height":135,"Demand":1,"DemandMax":null,"Value":20925},{"Length":59,"Height":93,"Demand":1,"DemandMax":null,"Value":5487},{"Length":131,"Height":163,"Demand":1,"DemandMax":null,"Value":21353},{"Length":109,"Height":100,"Demand":1,"DemandMax":null,"Value":10900},{"Length":144,"Height":130,"Demand":1,"DemandMax":null,"Value":18720},{"Length":106,"Height":34,"Demand":1,"DemandMax":null,"Value":3604},{"Length":80,"Height":93,"Demand":1,"DemandMax":null,"Value":7440},{"Length":130,"Height":89,"Demand":1,"DemandMax":null,"Value":11570},{"Length":70,"Height":38,"Demand":1,"DemandMax":null,"Value":2660},{"Length":33,"Height":48,"Demand":1,"DemandMax":null,"Value":1584},{"Length":107,"Height":39,"Demand":1,"DemandMax":null,"Value":4173}]}