{"Name":"R_15_90_06","Objects":[],"Items":[{"Length":26,"Height":87,"Demand":1,"DemandMax":null,"Value":2262},{"Length":132,"Height":82,"Demand":1,"DemandMax":null,"Value":10824},{"Length":11,"Height":31,"Demand":1,"DemandMax":null,"Value":341},{"Length":98,"Height":12,"Demand":1,"DemandMax":null,"Value":1176},{"Length":31,"Height":55,"Demand":1,"DemandMax":null,"Value":1705},{"Length":162,"Height":44,"Demand":1,"DemandMax":null,"Value":7128},{"Length":126,"Height":60,"Demand":1,"DemandMax":null,"Value":7560},{"Length":103,"Height":13,"Demand":1,"DemandMax":null,"Value":1339},{"Length":28,"Height":19,"Demand":1,"DemandMax":null,"Value":532},{"Length":62,"Height":82,"Demand":1,"DemandMax":null,"Value":5084},{"Length":105,"Height":143,"Demand":1,"DemandMax":null,"Value":15015},{"Length":35,"Height":122,"Demand":1,"DemandMax":null,"Value":4270},{"Length":93,"Height":47,"Demand":1,"DemandMax":null,"Value":4371},{"Length":65,"Height":85,"Demand":1,"DemandMax":null,"Value":5525},{"Length":147,"Height":137,"Demand":1,"DemandMax":null,"Value":20139}]}