{"Name":"R_20_50_09","Objects":[],"Items":[{"Length":116,"Height":148,"Demand":1,"DemandMax":null,"Value":17168},{"Length":93,"Height":142,"Demand":1,"DemandMax":null,"Value":13206},{"Length":68,"Height":143,"Demand":1,"DemandMax":null,"Value":9724},{"Length":76,"Height":92,"Demand":1,"DemandMax":null,"Value":6992},{"Length":51,"Height":70,"Demand":1,"DemandMax":null,"Value":3570},{"Length":103,"Height":105,"Demand":1,"DemandMax":null,"Value":10815},{"Length":81,"Height":59,"Demand":1,"DemandMax":null,"Value":4779},{"Length":65,"Height":116,"Demand":1,"DemandMax":null,"Value":7540},{"Length":133,"Height":65,"Demand":1,"DemandMax":null,"Value":8645},{"Length":136,"Height":89,"Demand":1,"DemandMax":null,"Value":12104},{"Length":100,"Height":83,"Demand":1,"DemandMax":null,"Value":8300},{"Length":77,"Height":104,"Demand":1,"DemandMax":null,"Value":8008},{"Length":125,"Height":88,"Demand":1,"DemandMax":null,"Value":11000},{"Length":134,"Height":120,"Demand":1,"DemandMax":null,"Value":16080},{"Length":137,"Height":54,"Demand":1,"DemandMax":null,"Value":7398},{"Length":112,"Height":58,"Demand":1,"DemandMax":null,"Value":6496},{"Length":76,"Height":141,"Demand":1,"DemandMax":null,"Value":10716},{"Length":52,"Height":60,"Demand":1,"DemandMax":null,"Value":3120},{"Length":57,"Height":143,"Demand":1,"DemandMax":null,"Value":8151},{"Length":85,"Height":57,"Demand":1,"DemandMax":null,"Value":4845}]}