{"Name":"R_15_70_07","Objects":[],"Items":[{"Length":141,"Height":81,"Demand":1,"DemandMax":null,"Value":11421},{"Length":54,"Height":76,"Demand":1,"DemandMax":null,"Value":4104},{"Length":126,"Height":92,"Demand":1,"DemandMax":null,"Value":11592},{"Length":56,"Height":149,"Demand":1,"DemandMax":null,"Value":8344},{"Length":127,"Height":31,"Demand":1,"DemandMax":null,"Value":3937},{"Length":99,"Height":149,"Demand":1,"DemandMax":null,"Value":14751},{"Length":45,"Height":45,"Demand":1,"DemandMax":null,"Value":2025},{"Length":159,"Height":163,"Demand":1,"DemandMax":null,"Value":25917},{"Length":74,"Height":154,"Demand":1,"DemandMax":null,"Value":11396},{"Length":141,"Height":45,"Demand":1,"DemandMax":null,"Value":6345},{"Length":54,"Height":80,"Demand":1,"DemandMax":null,"Value":4320},{"Length":42,"Height":162,"Demand":1,"DemandMax":null,"Value":6804},{"Length":132,"Height":111,"Demand":1,"DemandMax":null,"Value":14652},{"Length":81,"Height":37,"Demand":1,"DemandMax":null,"Value":2997},{"Length":168,"Height":74,"Demand":1,"DemandMax":null,"Value":12432}]}