{"Name":"S_10_30_04","Objects":[],"Items":[{"Length":76,"Height":76,"Demand":1,"DemandMax":null,"Value":5776},{"Length":100,"Height":100,"Demand":1,"DemandMax":null,"Value":10000},{"Length":127,"Height":127,"Demand":1,"DemandMax":null,"Value":16129},{"Length":116,"Height":116,"Demand":1,"DemandMax":null,"Value":13456},{"Length":92,"Height":92,"Demand":1,"DemandMax":null,"Value":8464},{"Length":82,"Height":82,"Demand":2,"DemandMax":null,"Value":6724},{"Length":97,"Height":97,"Demand":1,"DemandMax":null,"Value":9409},{"Length":118,"Height":118,"Demand":1,"DemandMax":null,"Value":13924},{"Length":70,"Height":70,"Demand":1,"DemandMax":null,"Value":4900}]}