{"Name":"S_20_30_06","Objects":[],"Items":[{"Length":101,"Height":101,"Demand":3,"DemandMax":null,"Value":10201},{"Length":70,"Height":70,"Demand":1,"DemandMax":null,"Value":4900},{"Length":74,"Height":74,"Demand":1,"DemandMax":null,"Value":5476},{"Length":100,"Height":100,"Demand":1,"DemandMax":null,"Value":10000},{"Length":92,"Height":92,"Demand":1,"DemandMax":null,"Value":8464},{"Length":119,"Height":119,"Demand":1,"DemandMax":null,"Value":14161},{"Length":83,"Height":83,"Demand":1,"DemandMax":null,"Value":6889},{"Length":123,"Height":123,"Demand":1,"DemandMax":null,"Value":15129},{"Length":110,"Height":110,"Demand":2,"DemandMax":null,"Value":12100},{"Length":73,"Height":73,"Demand":1,"DemandMax":null,"Value":5329},{"Length":79,"Height":79,"Demand":1,"DemandMax":null,"Value":6241},{"Length":105,"Height":105,"Demand":1,"DemandMax":null,"Value":11025},{"Length":129,"Height":129,"Demand":1,"DemandMax":null,"Value":16641},{"Length":106,"Height":106,"Demand":1,"DemandMax":null,"Value":11236},{"Length":111,"Height":111,"Demand":1,"DemandMax":null,"Value":12321},{"Length":78,"Height":78,"Demand":1,"DemandMax":null,"Value":6084},{"Length":96,"Height":96,"Demand":1,"DemandMax":null,"Value":9216}]}