{"Name":"R_15_10_00","Objects":[],"Items":[{"Length":108,"Height":90,"Demand":1,"DemandMax":null,"Value":9720},{"Length":108,"Height":96,"Demand":1,"DemandMax":null,"Value":10368},{"Length":108,"Height":97,"Demand":1,"DemandMax":null,"Value":10476},{"Length":94,"Height":102,"Demand":1,"DemandMax":null,"Value":9588},{"Length":93,"Height":104,"Demand":1,"DemandMax":null,"Value":9672},{"Length":94,"Height":93,"Demand":1,"DemandMax":null,"Value":8742},{"Length":95,"Height":102,"Demand":1,"DemandMax":null,"Value":9690},{"Length":95,"Height":97,"Demand":1,"DemandMax":null,"Value":9215},{"Length":104,"Height":109,"Demand":1,"DemandMax":null,"Value":11336},{"Length":96,"Height":93,"Demand":1,"DemandMax":null,"Value":8928},{"Length":91,"Height":94,"Demand":1,"DemandMax":null,"Value":8554},{"Length":91,"Height":97,"Demand":1,"DemandMax":null,"Value":8827},{"Length":99,"Height":98,"Demand":1,"DemandMax":null,"Value":9702},{"Length":104,"Height":105,"Demand":1,"DemandMax":null,"Value":10920},{"Length":92,"Height":91,"Demand":1,"DemandMax":null,"Value":8372}]}