{"Name":"R_20_90_00","Objects":[],"Items":[{"Length":110,"Height":11,"Demand":1,"DemandMax":null,"Value":1210},{"Length":128,"Height":91,"Demand":1,"DemandMax":null,"Value":11648},{"Length":160,"Height":43,"Demand":1,"DemandMax":null,"Value":6880},{"Length":42,"Height":135,"Demand":1,"DemandMax":null,"Value":5670},{"Length":133,"Height":68,"Demand":1,"DemandMax":null,"Value":9044},{"Length":78,"Height":155,"Demand":1,"DemandMax":null,"Value":12090},{"Length":31,"Height":107,"Demand":1,"DemandMax":null,"Value":3317},{"Length":168,"Height":34,"Demand":1,"DemandMax":null,"Value":5712},{"Length":18,"Height":185,"Demand":1,"DemandMax":null,"Value":3330},{"Length":74,"Height":23,"Demand":1,"DemandMax":null,"Value":1702},{"Length":137,"Height":73,"Demand":1,"DemandMax":null,"Value":10001},{"Length":109,"Height":25,"Demand":1,"DemandMax":null,"Value":2725},{"Length":41,"Height":120,"Demand":1,"DemandMax":null,"Value":4920},{"Length":52,"Height":181,"Demand":1,"DemandMax":null,"Value":9412},{"Length":72,"Height":31,"Demand":1,"DemandMax":null,"Value":2232},{"Length":137,"Height":100,"Demand":1,"DemandMax":null,"Value":13700},{"Length":12,"Height":43,"Demand":1,"DemandMax":null,"Value":516},{"Length":152,"Height":88,"Demand":1,"DemandMax":null,"Value":13376},{"Length":99,"Height":126,"Demand":1,"DemandMax":null,"Value":12474},{"Length":123,"Height":190,"Demand":1,"DemandMax":null,"Value":23370}]}