{"Name":"R_10_70_05","Objects":[],"Items":[{"Length":146,"Height":124,"Demand":1,"DemandMax":null,"Value":18104},{"Length":156,"Height":32,"Demand":1,"DemandMax":null,"Value":4992},{"Length":97,"Height":159,"Demand":1,"DemandMax":null,"Value":15423},{"Length":123,"Height":53,"Demand":1,"DemandMax":null,"Value":6519},{"Length":128,"Height":47,"Demand":1,"DemandMax":null,"Value":6016},{"Length":90,"Height":168,"Demand":1,"DemandMax":null,"Value":15120},{"Length":93,"Height":90,"Demand":1,"DemandMax":null,"Value":8370},{"Length":137,"Height":169,"Demand":1,"DemandMax":null,"Value":23153},{"Length":35,"Height":107,"Demand":1,"DemandMax":null,"Value":3745},{"Length":87,"Height":147,"Demand":1,"DemandMax":null,"Value":12789}]}