{"Name":"R_20_50_08","Objects":[],"Items":[{"Length":116,"Height":95,"Demand":1,"DemandMax":null,"Value":11020},{"Length":106,"Height":110,"Demand":1,"DemandMax":null,"Value":11660},{"Length":79,"Height":117,"Demand":1,"DemandMax":null,"Value":9243},{"Length":96,"Height":134,"Demand":1,"DemandMax":null,"Value":12864},{"Length":55,"Height":83,"Demand":1,"DemandMax":null,"Value":4565},{"Length":115,"Height":150,"Demand":1,"DemandMax":null,"Value":17250},{"Length":58,"Height":121,"Demand":1,"DemandMax":null,"Value":7018},{"Length":104,"Height":91,"Demand":1,"DemandMax":null,"Value":9464},{"Length":104,"Height":67,"Demand":1,"DemandMax":null,"Value":6968},{"Length":121,"Height":117,"Demand":1,"DemandMax":null,"Value":14157},{"Length":85,"Height":74,"Demand":1,"DemandMax":null,"Value":6290},{"Length":124,"Height":115,"Demand":1,"DemandMax":null,"Value":14260},{"Length":125,"Height":73,"Demand":1,"DemandMax":null,"Value":9125},{"Length":72,"Height":80,"Demand":1,"DemandMax":null,"Value":5760},{"Length":126,"Height":138,"Demand":1,"DemandMax":null,"Value":17388},{"Length":130,"Height":124,"Demand":1,"DemandMax":null,"Value":16120},{"Length":145,"Height":50,"Demand":1,"DemandMax":null,"Value":7250},{"Length":92,"Height":120,"Demand":1,"DemandMax":null,"Value":11040},{"Length":91,"Height":118,"Demand":1,"DemandMax":null,"Value":10738},{"Length":87,"Height":88,"Demand":1,"DemandMax":null,"Value":7656}]}