{"Name":"R_15_50_04","Objects":[],"Items":[{"Length":103,"Height":51,"Demand":1,"DemandMax":null,"Value":5253},{"Length":147,"Height":123,"Demand":1,"DemandMax":null,"Value":18081},{"Length":103,"Height":84,"Demand":1,"DemandMax":null,"Value":8652},{"Length":77,"Height":103,"Demand":1,"DemandMax":null,"Value":7931},{"Length":110,"Height":74,"Demand":1,"DemandMax":null,"Value":8140},{"Length":61,"Height":148,"Demand":1,"DemandMax":null,"Value":9028},{"Length":111,"Height":52,"Demand":1,"DemandMax":null,"Value":5772},{"Length":149,"Height":115,"Demand":1,"DemandMax":null,"Value":17135},{"Length":93,"Height":94,"Demand":1,"DemandMax":null,"Value":8742},{"Length":141,"Height":147,"Demand":1,"DemandMax":null,"Value":20727},{"Length":130,"Height":76,"Demand":1,"DemandMax":null,"Value":9880},{"Length":135,"Height":105,"Demand":1,"DemandMax":null,"Value":14175},{"Length":109,"Height":68,"Demand":1,"DemandMax":null,"Value":7412},{"Length":60,"Height":77,"Demand":1,"DemandMax":null,"Value":4620},{"Length":146,"Height":138,"Demand":1,"DemandMax":null,"Value":20148}]}