{"Name":"S_20_30_04","Objects":[],"Items":[{"Length":84,"Height":84,"Demand":1,"DemandMax":null,"Value":7056},{"Length":106,"Height":106,"Demand":3,"DemandMax":null,"Value":11236},{"Length":102,"Height":102,"Demand":2,"DemandMax":null,"Value":10404},{"Length":71,"Height":71,"Demand":2,"DemandMax":null,"Value":5041},{"Length":90,"Height":90,"Demand":1,"DemandMax":null,"Value":8100},{"Length":81,"Height":81,"Demand":1,"DemandMax":null,"Value":6561},{"Length":77,"Height":77,"Demand":1,"DemandMax":null,"Value":5929},{"Length":127,"Height":127,"Demand":1,"DemandMax":null,"Value":16129},{"Length":129,"Height":129,"Demand":1,"DemandMax":null,"Value":16641},{"Length":92,"Height":92,"Demand":1,"DemandMax":null,"Value":8464},{"Length":107,"Height":107,"Demand":1,"DemandMax":null,"Value":11449},{"Length":72,"Height":72,"Demand":1,"DemandMax":null,"Value":5184},{"Length":120,"Height":120,"Demand":1,"DemandMax":null,"Value":14400},{"Length":80,"Height":80,"Demand":1,"DemandMax":null,"Value":6400},{"Length":94,"Height":94,"Demand":1,"DemandMax":null,"Value":8836},{"Length":112,"Height":112,"Demand":1,"DemandMax":null,"Value":12544}]}