{"Name":"S_20_70_03","Objects":[],"Items":[{"Length":107,"Height":107,"Demand":1,"DemandMax":null,"Value":11449},{"Length":31,"Height":31,"Demand":1,"DemandMax":null,"Value":961},{"Length":162,"Height":162,"Demand":1,"DemandMax":null,"Value":26244},{"Length":55,"Height":55,"Demand":1,"DemandMax":null,"Value":3025},{"Length":46,"Height":46,"Demand":1,"DemandMax":null,"Value":2116},{"Length":39,"Height":39,"Demand":1,"DemandMax":null,"Value":1521},{"Length":156,"Height":156,"Demand":2,"DemandMax":null,"Value":24336},{"Length":116,"Height":116,"Demand":1,"DemandMax":null,"Value":13456},{"Length":140,"Height":140,"Demand":1,"DemandMax":null,"Value":19600},{"Length":87,"Height":87,"Demand":1,"DemandMax":null,"Value":7569},{"Length":139,"Height":139,"Demand":1,"DemandMax":null,"Value":19321},{"Length":96,"Height":96,"Demand":1,"DemandMax":null,"Value":9216},{"Length":85,"Height":85,"Demand":1,"DemandMax":null,"Value":7225},{"Length":37,"Height":37,"Demand":1,"DemandMax":null,"Value":1369},{"Length":41,"Height":41,"Demand":1,"DemandMax":null,"Value":1681},{"Length":76,"Height":76,"Demand":1,"DemandMax":null,"Value":5776},{"Length":134,"Height":134,"Demand":1,"DemandMax":null,"Value":17956},{"Length":90,"Height":90,"Demand":1,"DemandMax":null,"Value":8100},{"Length":138,"Height":138,"Demand":1,"DemandMax":null,"Value":19044}]}