{"Name":"S_20_90_04","Objects":[],"Items":[{"Length":163,"Height":163,"Demand":1,"DemandMax":null,"Value":26569},{"Length":104,"Height":104,"Demand":1,"DemandMax":null,"Value":10816},{"Length":158,"Height":158,"Demand":1,"DemandMax":null,"Value":24964},{"Length":63,"Height":63,"Demand":1,"DemandMax":null,"Value":3969},{"Length":130,"Height":130,"Demand":1,"DemandMax":null,"Value":16900},{"Length":134,"Height":134,"Demand":1,"DemandMax":null,"Value":17956},{"Length":59,"Height":59,"Demand":2,"DemandMax":null,"Value":3481},{"Length":182,"Height":182,"Demand":1,"DemandMax":null,"Value":33124},{"Length":162,"Height":162,"Demand":1,"DemandMax":null,"Value":26244},{"Length":44,"Height":44,"Demand":1,"DemandMax":null,"Value":1936},{"Length":188,"Height":188,"Demand":1,"DemandMax":null,"Value":35344},{"Length":24,"Height":24,"Demand":1,"DemandMax":null,"Value":576},{"Length":105,"Height":105,"Demand":1,"DemandMax":null,"Value":11025},{"Length":126,"Height":126,"Demand":1,"DemandMax":null,"Value":15876},{"Length":49,"Height":49,"Demand":1,"DemandMax":null,"Value":2401},{"Length":179,"Height":179,"Demand":1,"DemandMax":null,"Value":32041},{"Length":147,"Height":147,"Demand":1,"DemandMax":null,"Value":21609},{"Length":64,"Height":64,"Demand":1,"DemandMax":null,"Value":4096},{"Length":136,"Height":136,"Demand":1,"DemandMax":null,"Value":18496}]}