{"Name":"S_10_50_02","Objects":[],"Items":[{"Length":128,"Height":128,"Demand":1,"DemandMax":null,"Value":16384},{"Length":57,"Height":57,"Demand":1,"DemandMax":null,"Value":3249},{"Length":96,"Height":96,"Demand":1,"DemandMax":null,"Value":9216},{"Length":106,"Height":106,"Demand":1,"DemandMax":null,"Value":11236},{"Length":117,"Height":117,"Demand":1,"DemandMax":null,"Value":13689},{"Length":124,"Height":124,"Demand":1,"DemandMax":null,"Value":15376},{"Length":143,"Height":143,"Demand":1,"DemandMax":null,"Value":20449},{"Length":56,"Height":56,"Demand":1,"DemandMax":null,"Value":3136},{"Length":85,"Height":85,"Demand":1,"DemandMax":null,"Value":7225},{"Length":54,"Height":54,"Demand":1,"DemandMax":null,"Value":2916}]}