{"Name":"R_10_70_07","Objects":[],"Items":[{"Length":165,"Height":135,"Demand":1,"DemandMax":null,"Value":22275},{"Length":129,"Height":152,"Demand":1,"DemandMax":null,"Value":19608},{"Length":60,"Height":31,"Demand":1,"DemandMax":null,"Value":1860},{"Length":124,"Height":161,"Demand":1,"DemandMax":null,"Value":19964},{"Length":82,"Height":53,"Demand":1,"DemandMax":null,"Value":4346},{"Length":116,"Height":117,"Demand":1,"DemandMax":null,"Value":13572},{"Length":157,"Height":41,"Demand":1,"DemandMax":null,"Value":6437},{"Length":125,"Height":35,"Demand":1,"DemandMax":null,"Value":4375},{"Length":88,"Height":45,"Demand":1,"DemandMax":null,"Value":3960},{"Length":145,"Height":68,"Demand":1,"DemandMax":null,"Value":9860}]}