{"Name":"R_15_70_02","Objects":[],"Items":[{"Length":42,"Height":85,"Demand":1,"DemandMax":null,"Value":3570},{"Length":101,"Height":158,"Demand":1,"DemandMax":null,"Value":15958},{"Length":41,"Height":100,"Demand":1,"DemandMax":null,"Value":4100},{"Length":36,"Height":150,"Demand":1,"DemandMax":null,"Value":5400},{"Length":91,"Height":95,"Demand":1,"DemandMax":null,"Value":8645},{"Length":121,"Height":108,"Demand":1,"DemandMax":null,"Value":13068},{"Length":79,"Height":122,"Demand":1,"DemandMax":null,"Value":9638},{"Length":59,"Height":150,"Demand":1,"DemandMax":null,"Value":8850},{"Length":148,"Height":43,"Demand":1,"DemandMax":null,"Value":6364},{"Length":74,"Height":123,"Demand":1,"DemandMax":null,"Value":9102},{"Length":164,"Height":50,"Demand":1,"DemandMax":null,"Value":8200},{"Length":77,"Height":44,"Demand":1,"DemandMax":null,"Value":3388},{"Length":152,"Height":118,"Demand":1,"DemandMax":null,"Value":17936},{"Length":40,"Height":137,"Demand":1,"DemandMax":null,"Value":5480},{"Length":65,"Height":39,"Demand":1,"DemandMax":null,"Value":2535}]}