{"Name":"S_20_90_01","Objects":[],"Items":[{"Length":137,"Height":137,"Demand":2,"DemandMax":null,"Value":18769},{"Length":73,"Height":73,"Demand":1,"DemandMax":null,"Value":5329},{"Length":109,"Height":109,"Demand":1,"DemandMax":null,"Value":11881},{"Length":25,"Height":25,"Demand":1,"DemandMax":null,"Value":625},{"Length":41,"Height":41,"Demand":1,"DemandMax":null,"Value":1681},{"Length":120,"Height":120,"Demand":1,"DemandMax":null,"Value":14400},{"Length":52,"Height":52,"Demand":1,"DemandMax":null,"Value":2704},{"Length":181,"Height":181,"Demand":1,"DemandMax":null,"Value":32761},{"Length":72,"Height":72,"Demand":1,"DemandMax":null,"Value":5184},{"Length":31,"Height":31,"Demand":1,"DemandMax":null,"Value":961},{"Length":100,"Height":100,"Demand":1,"DemandMax":null,"Value":10000},{"Length":12,"Height":12,"Demand":1,"DemandMax":null,"Value":144},{"Length":43,"Height":43,"Demand":1,"DemandMax":null,"Value":1849},{"Length":152,"Height":152,"Demand":1,"DemandMax":null,"Value":23104},{"Length":88,"Height":88,"Demand":1,"DemandMax":null,"Value":7744},{"Length":99,"Height":99,"Demand":1,"DemandMax":null,"Value":9801},{"Length":126,"Height":126,"Demand":1,"DemandMax":null,"Value":15876},{"Length":123,"Height":123,"Demand":1,"DemandMax":null,"Value":15129},{"Length":190,"Height":190,"Demand":1,"DemandMax":null,"Value":36100}]}