{"Name":"R_10_90_09","Objects":[],"Items":[{"Length":177,"Height":35,"Demand":1,"DemandMax":null,"Value":6195},{"Length":48,"Height":25,"Demand":1,"DemandMax":null,"Value":1200},{"Length":83,"Height":10,"Demand":1,"DemandMax":null,"Value":830},{"Length":15,"Height":107,"Demand":1,"DemandMax":null,"Value":1605},{"Length":171,"Height":27,"Demand":1,"DemandMax":null,"Value":4617},{"Length":180,"Height":51,"Demand":1,"DemandMax":null,"Value":9180},{"Length":50,"Height":158,"Demand":1,"DemandMax":null,"Value":7900},{"Length":49,"Height":15,"Demand":1,"DemandMax":null,"Value":735},{"Length":182,"Height":82,"Demand":1,"DemandMax":null,"Value":14924},{"Length":102,"Height":33,"Demand":1,"DemandMax":null,"Value":3366}]}