{"Name":"S_10_70_01","Objects":[],"Items":[{"Length":66,"Height":66,"Demand":1,"DemandMax":null,"Value":4356},{"Length":109,"Height":109,"Demand":1,"DemandMax":null,"Value":11881},{"Length":129,"Height":129,"Demand":1,"DemandMax":null,"Value":16641},{"Length":111,"Height":111,"Demand":1,"DemandMax":null,"Value":12321},{"Length":44,"Height":44,"Demand":1,"DemandMax":null,"Value":1936},{"Length":133,"Height":133,"Demand":1,"DemandMax":null,"Value":17689},{"Length":78,"Height":78,"Demand":1,"DemandMax":null,"Value":6084},{"Length":70,"Height":70,"Demand":1,"DemandMax":null,"Value":4900},{"Length":92,"Height":92,"Demand":1,"DemandMax":null,"Value":8464},{"Length":108,"Height":108,"Demand":1,"DemandMax":null,"Value":11664}]}