{"Name":"R_20_10_07","Objects":[],"Items":[{"Length":109,"Height":99,"Demand":1,"DemandMax":null,"Value":10791},{"Length":98,"Height":94,"Demand":1,"DemandMax":null,"Value":9212},{"Length":102,"Height":99,"Demand":2,"DemandMax":null,"Value":10098},{"Length":99,"Height":108,"Demand":2,"DemandMax":null,"Value":10692},{"Length":104,"Height":97,"Demand":1,"DemandMax":null,"Value":10088},{"Length":104,"Height":101,"Demand":1,"DemandMax":null,"Value":10504},{"Length":94,"Height":105,"Demand":1,"DemandMax":null,"Value":9870},{"Length":90,"Height":94,"Demand":1,"DemandMax":null,"Value":8460},{"Length":105,"Height":95,"Demand":1,"DemandMax":null,"Value":9975},{"Length":98,"Height":91,"Demand":1,"DemandMax":null,"Value":8918},{"Length":103,"Height":110,"Demand":1,"DemandMax":null,"Value":11330},{"Length":94,"Height":95,"Demand":1,"DemandMax":null,"Value":8930},{"Length":99,"Height":99,"Demand":1,"DemandMax":null,"Value":9801},{"Length":96,"Height":99,"Demand":1,"DemandMax":null,"Value":9504},{"Length":96,"Height":102,"Demand":1,"DemandMax":null,"Value":9792},{"Length":101,"Height":94,"Demand":1,"DemandMax":null,"Value":9494},{"Length":106,"Height":97,"Demand":1,"DemandMax":null,"Value":10282},{"Length":102,"Height":97,"Demand":1,"DemandMax":null,"Value":9894}]}