{"Name":"R_20_70_04","Objects":[],"Items":[{"Length":85,"Height":91,"Demand":1,"DemandMax":null,"Value":7735},{"Length":51,"Height":123,"Demand":1,"DemandMax":null,"Value":6273},{"Length":62,"Height":96,"Demand":1,"DemandMax":null,"Value":5952},{"Length":154,"Height":103,"Demand":1,"DemandMax":null,"Value":15862},{"Length":107,"Height":78,"Demand":1,"DemandMax":null,"Value":8346},{"Length":85,"Height":83,"Demand":1,"DemandMax":null,"Value":7055},{"Length":34,"Height":100,"Demand":1,"DemandMax":null,"Value":3400},{"Length":124,"Height":70,"Demand":1,"DemandMax":null,"Value":8680},{"Length":67,"Height":83,"Demand":1,"DemandMax":null,"Value":5561},{"Length":123,"Height":160,"Demand":1,"DemandMax":null,"Value":19680},{"Length":144,"Height":169,"Demand":1,"DemandMax":null,"Value":24336},{"Length":59,"Height":157,"Demand":1,"DemandMax":null,"Value":9263},{"Length":81,"Height":97,"Demand":1,"DemandMax":null,"Value":7857},{"Length":102,"Height":85,"Demand":1,"DemandMax":null,"Value":8670},{"Length":168,"Height":144,"Demand":1,"DemandMax":null,"Value":24192},{"Length":43,"Height":123,"Demand":1,"DemandMax":null,"Value":5289},{"Length":56,"Height":37,"Demand":1,"DemandMax":null,"Value":2072},{"Length":108,"Height":102,"Demand":1,"DemandMax":null,"Value":11016},{"Length":53,"Height":129,"Demand":1,"DemandMax":null,"Value":6837},{"Length":149,"Height":158,"Demand":1,"DemandMax":null,"Value":23542}]}