{"Name":"S_20_10_09","Objects":[],"Items":[{"Length":91,"Height":91,"Demand":4,"DemandMax":null,"Value":8281},{"Length":99,"Height":99,"Demand":5,"DemandMax":null,"Value":9801},{"Length":105,"Height":105,"Demand":2,"DemandMax":null,"Value":11025},{"Length":104,"Height":104,"Demand":1,"DemandMax":null,"Value":10816},{"Length":90,"Height":90,"Demand":1,"DemandMax":null,"Value":8100},{"Length":92,"Height":92,"Demand":1,"DemandMax":null,"Value":8464},{"Length":95,"Height":95,"Demand":1,"DemandMax":null,"Value":9025},{"Length":96,"Height":96,"Demand":2,"DemandMax":null,"Value":9216},{"Length":93,"Height":93,"Demand":1,"DemandMax":null,"Value":8649},{"Length":102,"Height":102,"Demand":1,"DemandMax":null,"Value":10404},{"Length":103,"Height":103,"Demand":1,"DemandMax":null,"Value":10609}]}