{"Name":"R_20_30_02","Objects":[],"Items":[{"Length":84,"Height":106,"Demand":1,"DemandMax":null,"Value":8904},{"Length":102,"Height":102,"Demand":1,"DemandMax":null,"Value":10404},{"Length":106,"Height":71,"Demand":1,"DemandMax":null,"Value":7526},{"Length":90,"Height":81,"Demand":1,"DemandMax":null,"Value":7290},{"Length":77,"Height":71,"Demand":1,"DemandMax":null,"Value":5467},{"Length":127,"Height":129,"Demand":1,"DemandMax":null,"Value":16383},{"Length":92,"Height":107,"Demand":1,"DemandMax":null,"Value":9844},{"Length":72,"Height":120,"Demand":1,"DemandMax":null,"Value":8640},{"Length":80,"Height":94,"Demand":1,"DemandMax":null,"Value":7520},{"Length":112,"Height":106,"Demand":1,"DemandMax":null,"Value":11872},{"Length":88,"Height":114,"Demand":1,"DemandMax":null,"Value":10032},{"Length":96,"Height":85,"Demand":1,"DemandMax":null,"Value":8160},{"Length":87,"Height":124,"Demand":1,"DemandMax":null,"Value":10788},{"Length":111,"Height":80,"Demand":1,"DemandMax":null,"Value":8880},{"Length":122,"Height":125,"Demand":1,"DemandMax":null,"Value":15250},{"Length":123,"Height":120,"Demand":1,"DemandMax":null,"Value":14760},{"Length":104,"Height":93,"Demand":1,"DemandMax":null,"Value":9672},{"Length":84,"Height":105,"Demand":1,"DemandMax":null,"Value":8820},{"Length":72,"Height":103,"Demand":1,"DemandMax":null,"Value":7416},{"Length":72,"Height":107,"Demand":1,"DemandMax":null,"Value":7704}]}