{"Name":"R_20_10_02","Objects":[],"Items":[{"Length":98,"Height":90,"Demand":1,"DemandMax":null,"Value":8820},{"Length":106,"Height":103,"Demand":1,"DemandMax":null,"Value":10918},{"Length":109,"Height":90,"Demand":1,"DemandMax":null,"Value":9810},{"Length":96,"Height":107,"Demand":1,"DemandMax":null,"Value":10272},{"Length":90,"Height":108,"Demand":1,"DemandMax":null,"Value":9720},{"Length":106,"Height":107,"Demand":1,"DemandMax":null,"Value":11342},{"Length":101,"Height":104,"Demand":1,"DemandMax":null,"Value":10504},{"Length":97,"Height":91,"Demand":1,"DemandMax":null,"Value":8827},{"Length":94,"Height":99,"Demand":1,"DemandMax":null,"Value":9306},{"Length":105,"Height":93,"Demand":1,"DemandMax":null,"Value":9765},{"Length":109,"Height":97,"Demand":1,"DemandMax":null,"Value":10573},{"Length":97,"Height":105,"Demand":1,"DemandMax":null,"Value":10185},{"Length":92,"Height":96,"Demand":1,"DemandMax":null,"Value":8832},{"Length":104,"Height":94,"Demand":1,"DemandMax":null,"Value":9776},{"Length":95,"Height":103,"Demand":1,"DemandMax":null,"Value":9785},{"Length":109,"Height":94,"Demand":1,"DemandMax":null,"Value":10246},{"Length":97,"Height":93,"Demand":1,"DemandMax":null,"Value":9021},{"Length":95,"Height":101,"Demand":1,"DemandMax":null,"Value":9595},{"Length":104,"Height":110,"Demand":1,"DemandMax":null,"Value":11440},{"Length":110,"Height":92,"Demand":1,"DemandMax":null,"Value":10120}]}