{"Name":"R_20_10_09","Objects":[],"Items":[{"Length":92,"Height":109,"Demand":1,"DemandMax":null,"Value":10028},{"Length":105,"Height":105,"Demand":1,"DemandMax":null,"Value":11025},{"Length":105,"Height":91,"Demand":1,"DemandMax":null,"Value":9555},{"Length":99,"Height":99,"Demand":1,"DemandMax":null,"Value":9801},{"Length":96,"Height":99,"Demand":1,"DemandMax":null,"Value":9504},{"Length":106,"Height":104,"Demand":1,"DemandMax":null,"Value":11024},{"Length":90,"Height":110,"Demand":1,"DemandMax":null,"Value":9900},{"Length":93,"Height":102,"Demand":1,"DemandMax":null,"Value":9486},{"Length":101,"Height":97,"Demand":1,"DemandMax":null,"Value":9797},{"Length":96,"Height":91,"Demand":1,"DemandMax":null,"Value":8736},{"Length":97,"Height":96,"Demand":1,"DemandMax":null,"Value":9312},{"Length":95,"Height":106,"Demand":1,"DemandMax":null,"Value":10070},{"Length":109,"Height":92,"Demand":1,"DemandMax":null,"Value":10028},{"Length":93,"Height":95,"Demand":1,"DemandMax":null,"Value":8835},{"Length":107,"Height":106,"Demand":1,"DemandMax":null,"Value":11342},{"Length":95,"Height":100,"Demand":1,"DemandMax":null,"Value":9500},{"Length":96,"Height":95,"Demand":1,"DemandMax":null,"Value":9120},{"Length":100,"Height":105,"Demand":1,"DemandMax":null,"Value":10500},{"Length":94,"Height":97,"Demand":1,"DemandMax":null,"Value":9118},{"Length":94,"Height":95,"Demand":1,"DemandMax":null,"Value":8930}]}