{"Name":"S_20_90_06","Objects":[],"Items":[{"Length":16,"Height":16,"Demand":2,"DemandMax":null,"Value":256},{"Length":50,"Height":50,"Demand":1,"DemandMax":null,"Value":2500},{"Length":147,"Height":147,"Demand":1,"DemandMax":null,"Value":21609},{"Length":72,"Height":72,"Demand":1,"DemandMax":null,"Value":5184},{"Length":22,"Height":22,"Demand":1,"DemandMax":null,"Value":484},{"Length":80,"Height":80,"Demand":2,"DemandMax":null,"Value":6400},{"Length":76,"Height":76,"Demand":1,"DemandMax":null,"Value":5776},{"Length":53,"Height":53,"Demand":1,"DemandMax":null,"Value":2809},{"Length":189,"Height":189,"Demand":1,"DemandMax":null,"Value":35721},{"Length":172,"Height":172,"Demand":1,"DemandMax":null,"Value":29584},{"Length":58,"Height":58,"Demand":1,"DemandMax":null,"Value":3364},{"Length":20,"Height":20,"Demand":1,"DemandMax":null,"Value":400},{"Length":117,"Height":117,"Demand":1,"DemandMax":null,"Value":13689},{"Length":129,"Height":129,"Demand":2,"DemandMax":null,"Value":16641},{"Length":181,"Height":181,"Demand":1,"DemandMax":null,"Value":32761},{"Length":174,"Height":174,"Demand":1,"DemandMax":null,"Value":30276},{"Length":51,"Height":51,"Demand":1,"DemandMax":null,"Value":2601}]}