{"Name":"S_10_70_00","Objects":[],"Items":[{"Length":52,"Height":52,"Demand":1,"DemandMax":null,"Value":2704},{"Length":131,"Height":131,"Demand":1,"DemandMax":null,"Value":17161},{"Length":157,"Height":157,"Demand":1,"DemandMax":null,"Value":24649},{"Length":158,"Height":158,"Demand":1,"DemandMax":null,"Value":24964},{"Length":102,"Height":102,"Demand":1,"DemandMax":null,"Value":10404},{"Length":36,"Height":36,"Demand":1,"DemandMax":null,"Value":1296},{"Length":63,"Height":63,"Demand":1,"DemandMax":null,"Value":3969},{"Length":41,"Height":41,"Demand":1,"DemandMax":null,"Value":1681},{"Length":152,"Height":152,"Demand":1,"DemandMax":null,"Value":23104},{"Length":38,"Height":38,"Demand":1,"DemandMax":null,"Value":1444}]}