{"Name":"S_10_10_01","Objects":[],"Items":[{"Length":110,"Height":110,"Demand":2,"DemandMax":null,"Value":12100},{"Length":97,"Height":97,"Demand":2,"DemandMax":null,"Value":9409},{"Length":90,"Height":90,"Demand":1,"DemandMax":null,"Value":8100},{"Length":96,"Height":96,"Demand":1,"DemandMax":null,"Value":9216},{"Length":102,"Height":102,"Demand":1,"DemandMax":null,"Value":10404},{"Length":100,"Height":100,"Demand":1,"DemandMax":null,"Value":10000},{"Length":91,"Height":91,"Demand":1,"DemandMax":null,"Value":8281},{"Length":101,"Height":101,"Demand":1,"DemandMax":null,"Value":10201}]}