{"Name":"S_15_30_03","Objects":[],"Items":[{"Length":85,"Height":85,"Demand":1,"DemandMax":null,"Value":7225},{"Length":93,"Height":93,"Demand":1,"DemandMax":null,"Value":8649},{"Length":108,"Height":108,"Demand":3,"DemandMax":null,"Value":11664},{"Length":124,"Height":124,"Demand":1,"DemandMax":null,"Value":15376},{"Length":99,"Height":99,"Demand":1,"DemandMax":null,"Value":9801},{"Length":78,"Height":78,"Demand":1,"DemandMax":null,"Value":6084},{"Length":84,"Height":84,"Demand":1,"DemandMax":null,"Value":7056},{"Length":95,"Height":95,"Demand":1,"DemandMax":null,"Value":9025},{"Length":74,"Height":74,"Demand":1,"DemandMax":null,"Value":5476},{"Length":130,"Height":130,"Demand":1,"DemandMax":null,"Value":16900},{"Length":129,"Height":129,"Demand":1,"DemandMax":null,"Value":16641},{"Length":90,"Height":90,"Demand":1,"DemandMax":null,"Value":8100},{"Length":75,"Height":75,"Demand":1,"DemandMax":null,"Value":5625}]}