{"Name":"R_15_90_03","Objects":[],"Items":[{"Length":28,"Height":185,"Demand":1,"DemandMax":null,"Value":5180},{"Length":148,"Height":32,"Demand":1,"DemandMax":null,"Value":4736},{"Length":127,"Height":163,"Demand":1,"DemandMax":null,"Value":20701},{"Length":139,"Height":25,"Demand":1,"DemandMax":null,"Value":3475},{"Length":31,"Height":63,"Demand":1,"DemandMax":null,"Value":1953},{"Length":85,"Height":169,"Demand":1,"DemandMax":null,"Value":14365},{"Length":158,"Height":41,"Demand":1,"DemandMax":null,"Value":6478},{"Length":74,"Height":16,"Demand":1,"DemandMax":null,"Value":1184},{"Length":31,"Height":128,"Demand":1,"DemandMax":null,"Value":3968},{"Length":57,"Height":172,"Demand":1,"DemandMax":null,"Value":9804},{"Length":85,"Height":48,"Demand":1,"DemandMax":null,"Value":4080},{"Length":184,"Height":153,"Demand":1,"DemandMax":null,"Value":28152},{"Length":180,"Height":72,"Demand":1,"DemandMax":null,"Value":12960},{"Length":153,"Height":37,"Demand":1,"DemandMax":null,"Value":5661},{"Length":190,"Height":149,"Demand":1,"DemandMax":null,"Value":28310}]}