{"Name":"R_20_10_06","Objects":[],"Items":[{"Length":108,"Height":110,"Demand":1,"DemandMax":null,"Value":11880},{"Length":102,"Height":108,"Demand":1,"DemandMax":null,"Value":11016},{"Length":109,"Height":108,"Demand":1,"DemandMax":null,"Value":11772},{"Length":99,"Height":98,"Demand":1,"DemandMax":null,"Value":9702},{"Length":99,"Height":104,"Demand":1,"DemandMax":null,"Value":10296},{"Length":97,"Height":90,"Demand":1,"DemandMax":null,"Value":8730},{"Length":108,"Height":99,"Demand":1,"DemandMax":null,"Value":10692},{"Length":108,"Height":92,"Demand":1,"DemandMax":null,"Value":9936},{"Length":103,"Height":110,"Demand":1,"DemandMax":null,"Value":11330},{"Length":103,"Height":92,"Demand":1,"DemandMax":null,"Value":9476},{"Length":96,"Height":109,"Demand":1,"DemandMax":null,"Value":10464},{"Length":94,"Height":100,"Demand":1,"DemandMax":null,"Value":9400},{"Length":96,"Height":101,"Demand":1,"DemandMax":null,"Value":9696},{"Length":107,"Height":100,"Demand":1,"DemandMax":null,"Value":10700},{"Length":93,"Height":91,"Demand":1,"DemandMax":null,"Value":8463},{"Length":109,"Height":91,"Demand":1,"DemandMax":null,"Value":9919},{"Length":92,"Height":96,"Demand":1,"DemandMax":null,"Value":8832},{"Length":96,"Height":95,"Demand":1,"DemandMax":null,"Value":9120},{"Length":90,"Height":98,"Demand":1,"DemandMax":null,"Value":8820},{"Length":106,"Height":92,"Demand":1,"DemandMax":null,"Value":9752}]}