{"Name":"R_10_70_09","Objects":[],"Items":[{"Length":91,"Height":123,"Demand":1,"DemandMax":null,"Value":11193},{"Length":111,"Height":90,"Demand":1,"DemandMax":null,"Value":9990},{"Length":44,"Height":135,"Demand":1,"DemandMax":null,"Value":5940},{"Length":103,"Height":111,"Demand":1,"DemandMax":null,"Value":11433},{"Length":90,"Height":53,"Demand":1,"DemandMax":null,"Value":4770},{"Length":31,"Height":144,"Demand":1,"DemandMax":null,"Value":4464},{"Length":77,"Height":131,"Demand":1,"DemandMax":null,"Value":10087},{"Length":153,"Height":112,"Demand":1,"DemandMax":null,"Value":17136},{"Length":81,"Height":165,"Demand":1,"DemandMax":null,"Value":13365},{"Length":97,"Height":96,"Demand":1,"DemandMax":null,"Value":9312}]}