{"Name":"S_20_50_07","Objects":[],"Items":[{"Length":58,"Height":58,"Demand":1,"DemandMax":null,"Value":3364},{"Length":130,"Height":130,"Demand":1,"DemandMax":null,"Value":16900},{"Length":80,"Height":80,"Demand":1,"DemandMax":null,"Value":6400},{"Length":104,"Height":104,"Demand":1,"DemandMax":null,"Value":10816},{"Length":95,"Height":95,"Demand":1,"DemandMax":null,"Value":9025},{"Length":90,"Height":90,"Demand":1,"DemandMax":null,"Value":8100},{"Length":115,"Height":115,"Demand":1,"DemandMax":null,"Value":13225},{"Length":97,"Height":97,"Demand":1,"DemandMax":null,"Value":9409},{"Length":76,"Height":76,"Demand":1,"DemandMax":null,"Value":5776},{"Length":59,"Height":59,"Demand":1,"DemandMax":null,"Value":3481},{"Length":140,"Height":140,"Demand":1,"DemandMax":null,"Value":19600},{"Length":136,"Height":136,"Demand":2,"DemandMax":null,"Value":18496},{"Length":103,"Height":103,"Demand":1,"DemandMax":null,"Value":10609},{"Length":101,"Height":101,"Demand":1,"DemandMax":null,"Value":10201},{"Length":121,"Height":121,"Demand":1,"DemandMax":null,"Value":14641},{"Length":83,"Height":83,"Demand":1,"DemandMax":null,"Value":6889},{"Length":126,"Height":126,"Demand":1,"DemandMax":null,"Value":15876},{"Length":125,"Height":125,"Demand":1,"DemandMax":null,"Value":15625},{"Length":122,"Height":122,"Demand":1,"DemandMax":null,"Value":14884}]}