{"Name":"S_20_10_05","Objects":[],"Items":[{"Length":109,"Height":109,"Demand":2,"DemandMax":null,"Value":11881},{"Length":97,"Height":97,"Demand":3,"DemandMax":null,"Value":9409},{"Length":105,"Height":105,"Demand":1,"DemandMax":null,"Value":11025},{"Length":92,"Height":92,"Demand":2,"DemandMax":null,"Value":8464},{"Length":96,"Height":96,"Demand":1,"DemandMax":null,"Value":9216},{"Length":104,"Height":104,"Demand":2,"DemandMax":null,"Value":10816},{"Length":94,"Height":94,"Demand":2,"DemandMax":null,"Value":8836},{"Length":95,"Height":95,"Demand":2,"DemandMax":null,"Value":9025},{"Length":103,"Height":103,"Demand":1,"DemandMax":null,"Value":10609},{"Length":93,"Height":93,"Demand":1,"DemandMax":null,"Value":8649},{"Length":101,"Height":101,"Demand":1,"DemandMax":null,"Value":10201},{"Length":110,"Height":110,"Demand":2,"DemandMax":null,"Value":12100}]}