{"Name":"R_10_90_07","Objects":[],"Items":[{"Length":115,"Height":98,"Demand":1,"DemandMax":null,"Value":11270},{"Length":86,"Height":51,"Demand":1,"DemandMax":null,"Value":4386},{"Length":153,"Height":128,"Demand":1,"DemandMax":null,"Value":19584},{"Length":189,"Height":150,"Demand":1,"DemandMax":null,"Value":28350},{"Length":34,"Height":108,"Demand":1,"DemandMax":null,"Value":3672},{"Length":152,"Height":182,"Demand":1,"DemandMax":null,"Value":27664},{"Length":132,"Height":169,"Demand":1,"DemandMax":null,"Value":22308},{"Length":24,"Height":98,"Demand":1,"DemandMax":null,"Value":2352},{"Length":80,"Height":83,"Demand":1,"DemandMax":null,"Value":6640},{"Length":42,"Height":108,"Demand":1,"DemandMax":null,"Value":4536}]}