{"Name":"S_15_90_00","Objects":[],"Items":[{"Length":161,"Height":161,"Demand":1,"DemandMax":null,"Value":25921},{"Length":122,"Height":122,"Demand":1,"DemandMax":null,"Value":14884},{"Length":43,"Height":43,"Demand":1,"DemandMax":null,"Value":1849},{"Length":55,"Height":55,"Demand":1,"DemandMax":null,"Value":3025},{"Length":38,"Height":38,"Demand":1,"DemandMax":null,"Value":1444},{"Length":142,"Height":142,"Demand":1,"DemandMax":null,"Value":20164},{"Length":129,"Height":129,"Demand":1,"DemandMax":null,"Value":16641},{"Length":92,"Height":92,"Demand":1,"DemandMax":null,"Value":8464},{"Length":61,"Height":61,"Demand":1,"DemandMax":null,"Value":3721},{"Length":11,"Height":11,"Demand":1,"DemandMax":null,"Value":121},{"Length":37,"Height":37,"Demand":1,"DemandMax":null,"Value":1369},{"Length":35,"Height":35,"Demand":1,"DemandMax":null,"Value":1225},{"Length":18,"Height":18,"Demand":1,"DemandMax":null,"Value":324},{"Length":65,"Height":65,"Demand":1,"DemandMax":null,"Value":4225},{"Length":75,"Height":75,"Demand":1,"DemandMax":null,"Value":5625}]}