{"Name":"R_10_50_08","Objects":[],"Items":[{"Length":141,"Height":94,"Demand":1,"DemandMax":null,"Value":13254},{"Length":119,"Height":65,"Demand":1,"DemandMax":null,"Value":7735},{"Length":70,"Height":124,"Demand":1,"DemandMax":null,"Value":8680},{"Length":89,"Height":66,"Demand":1,"DemandMax":null,"Value":5874},{"Length":149,"Height":73,"Demand":1,"DemandMax":null,"Value":10877},{"Length":51,"Height":120,"Demand":1,"DemandMax":null,"Value":6120},{"Length":140,"Height":144,"Demand":1,"DemandMax":null,"Value":20160},{"Length":50,"Height":112,"Demand":1,"DemandMax":null,"Value":5600},{"Length":132,"Height":143,"Demand":1,"DemandMax":null,"Value":18876},{"Length":95,"Height":110,"Demand":1,"DemandMax":null,"Value":10450}]}