{"Name":"R_20_90_07","Objects":[],"Items":[{"Length":74,"Height":89,"Demand":1,"DemandMax":null,"Value":6586},{"Length":31,"Height":118,"Demand":1,"DemandMax":null,"Value":3658},{"Length":119,"Height":43,"Demand":1,"DemandMax":null,"Value":5117},{"Length":156,"Height":11,"Demand":1,"DemandMax":null,"Value":1716},{"Length":145,"Height":147,"Demand":1,"DemandMax":null,"Value":21315},{"Length":38,"Height":92,"Demand":1,"DemandMax":null,"Value":3496},{"Length":161,"Height":154,"Demand":1,"DemandMax":null,"Value":24794},{"Length":41,"Height":143,"Demand":1,"DemandMax":null,"Value":5863},{"Length":98,"Height":166,"Demand":1,"DemandMax":null,"Value":16268},{"Length":142,"Height":89,"Demand":1,"DemandMax":null,"Value":12638},{"Length":160,"Height":115,"Demand":1,"DemandMax":null,"Value":18400},{"Length":166,"Height":113,"Demand":1,"DemandMax":null,"Value":18758},{"Length":135,"Height":95,"Demand":1,"DemandMax":null,"Value":12825},{"Length":89,"Height":107,"Demand":1,"DemandMax":null,"Value":9523},{"Length":184,"Height":70,"Demand":1,"DemandMax":null,"Value":12880},{"Length":32,"Height":11,"Demand":1,"DemandMax":null,"Value":352},{"Length":180,"Height":54,"Demand":1,"DemandMax":null,"Value":9720},{"Length":102,"Height":175,"Demand":1,"DemandMax":null,"Value":17850},{"Length":135,"Height":92,"Demand":1,"DemandMax":null,"Value":12420},{"Length":129,"Height":55,"Demand":1,"DemandMax":null,"Value":7095}]}