{"Name":"S_20_10_08","Objects":[],"Items":[{"Length":96,"Height":96,"Demand":1,"DemandMax":null,"Value":9216},{"Length":90,"Height":90,"Demand":2,"DemandMax":null,"Value":8100},{"Length":94,"Height":94,"Demand":1,"DemandMax":null,"Value":8836},{"Length":99,"Height":99,"Demand":3,"DemandMax":null,"Value":9801},{"Length":109,"Height":109,"Demand":2,"DemandMax":null,"Value":11881},{"Length":105,"Height":105,"Demand":3,"DemandMax":null,"Value":11025},{"Length":95,"Height":95,"Demand":2,"DemandMax":null,"Value":9025},{"Length":93,"Height":93,"Demand":2,"DemandMax":null,"Value":8649},{"Length":107,"Height":107,"Demand":1,"DemandMax":null,"Value":11449},{"Length":97,"Height":97,"Demand":2,"DemandMax":null,"Value":9409},{"Length":100,"Height":100,"Demand":1,"DemandMax":null,"Value":10000}]}