{"Name":"S_15_70_05","Objects":[],"Items":[{"Length":150,"Height":150,"Demand":1,"DemandMax":null,"Value":22500},{"Length":148,"Height":148,"Demand":1,"DemandMax":null,"Value":21904},{"Length":43,"Height":43,"Demand":1,"DemandMax":null,"Value":1849},{"Length":74,"Height":74,"Demand":1,"DemandMax":null,"Value":5476},{"Length":123,"Height":123,"Demand":1,"DemandMax":null,"Value":15129},{"Length":164,"Height":164,"Demand":1,"DemandMax":null,"Value":26896},{"Length":50,"Height":50,"Demand":1,"DemandMax":null,"Value":2500},{"Length":77,"Height":77,"Demand":1,"DemandMax":null,"Value":5929},{"Length":44,"Height":44,"Demand":1,"DemandMax":null,"Value":1936},{"Length":152,"Height":152,"Demand":1,"DemandMax":null,"Value":23104},{"Length":118,"Height":118,"Demand":1,"DemandMax":null,"Value":13924},{"Length":40,"Height":40,"Demand":1,"DemandMax":null,"Value":1600},{"Length":137,"Height":137,"Demand":1,"DemandMax":null,"Value":18769},{"Length":65,"Height":65,"Demand":1,"DemandMax":null,"Value":4225},{"Length":39,"Height":39,"Demand":1,"DemandMax":null,"Value":1521}]}