{"Name":"S_10_70_09","Objects":[],"Items":[{"Length":99,"Height":99,"Demand":1,"DemandMax":null,"Value":9801},{"Length":139,"Height":139,"Demand":1,"DemandMax":null,"Value":19321},{"Length":96,"Height":96,"Demand":1,"DemandMax":null,"Value":9216},{"Length":120,"Height":120,"Demand":1,"DemandMax":null,"Value":14400},{"Length":75,"Height":75,"Demand":1,"DemandMax":null,"Value":5625},{"Length":83,"Height":83,"Demand":1,"DemandMax":null,"Value":6889},{"Length":126,"Height":126,"Demand":1,"DemandMax":null,"Value":15876},{"Length":65,"Height":65,"Demand":1,"DemandMax":null,"Value":4225},{"Length":68,"Height":68,"Demand":1,"DemandMax":null,"Value":4624},{"Length":42,"Height":42,"Demand":1,"DemandMax":null,"Value":1764}]}