{"Name":"R_20_30_03","Objects":[],"Items":[{"Length":101,"Height":70,"Demand":1,"DemandMax":null,"Value":7070},{"Length":74,"Height":101,"Demand":1,"DemandMax":null,"Value":7474},{"Length":100,"Height":92,"Demand":1,"DemandMax":null,"Value":9200},{"Length":119,"Height":83,"Demand":1,"DemandMax":null,"Value":9877},{"Length":123,"Height":110,"Demand":1,"DemandMax":null,"Value":13530},{"Length":101,"Height":73,"Demand":1,"DemandMax":null,"Value":7373},{"Length":79,"Height":105,"Demand":1,"DemandMax":null,"Value":8295},{"Length":129,"Height":106,"Demand":1,"DemandMax":null,"Value":13674},{"Length":111,"Height":78,"Demand":1,"DemandMax":null,"Value":8658},{"Length":96,"Height":110,"Demand":1,"DemandMax":null,"Value":10560},{"Length":89,"Height":75,"Demand":1,"DemandMax":null,"Value":6675},{"Length":99,"Height":106,"Demand":1,"DemandMax":null,"Value":10494},{"Length":77,"Height":78,"Demand":1,"DemandMax":null,"Value":6006},{"Length":88,"Height":127,"Demand":1,"DemandMax":null,"Value":11176},{"Length":75,"Height":102,"Demand":1,"DemandMax":null,"Value":7650},{"Length":93,"Height":88,"Demand":1,"DemandMax":null,"Value":8184},{"Length":70,"Height":108,"Demand":1,"DemandMax":null,"Value":7560},{"Length":120,"Height":100,"Demand":1,"DemandMax":null,"Value":12000},{"Length":82,"Height":126,"Demand":1,"DemandMax":null,"Value":10332},{"Length":90,"Height":99,"Demand":1,"DemandMax":null,"Value":8910}]}