{"Name":"S_15_50_04","Objects":[],"Items":[{"Length":131,"Height":131,"Demand":1,"DemandMax":null,"Value":17161},{"Length":114,"Height":114,"Demand":1,"DemandMax":null,"Value":12996},{"Length":113,"Height":113,"Demand":1,"DemandMax":null,"Value":12769},{"Length":97,"Height":97,"Demand":1,"DemandMax":null,"Value":9409},{"Length":72,"Height":72,"Demand":1,"DemandMax":null,"Value":5184},{"Length":144,"Height":144,"Demand":1,"DemandMax":null,"Value":20736},{"Length":66,"Height":66,"Demand":1,"DemandMax":null,"Value":4356},{"Length":109,"Height":109,"Demand":1,"DemandMax":null,"Value":11881},{"Length":95,"Height":95,"Demand":1,"DemandMax":null,"Value":9025},{"Length":116,"Height":116,"Demand":1,"DemandMax":null,"Value":13456},{"Length":143,"Height":143,"Demand":1,"DemandMax":null,"Value":20449},{"Length":130,"Height":130,"Demand":1,"DemandMax":null,"Value":16900},{"Length":61,"Height":61,"Demand":1,"DemandMax":null,"Value":3721},{"Length":122,"Height":122,"Demand":1,"DemandMax":null,"Value":14884},{"Length":125,"Height":125,"Demand":1,"DemandMax":null,"Value":15625}]}