{"Name":"S_20_90_03","Objects":[],"Items":[{"Length":64,"Height":64,"Demand":1,"DemandMax":null,"Value":4096},{"Length":51,"Height":51,"Demand":3,"DemandMax":null,"Value":2601},{"Length":17,"Height":17,"Demand":2,"DemandMax":null,"Value":289},{"Length":16,"Height":16,"Demand":1,"DemandMax":null,"Value":256},{"Length":90,"Height":90,"Demand":1,"DemandMax":null,"Value":8100},{"Length":83,"Height":83,"Demand":1,"DemandMax":null,"Value":6889},{"Length":168,"Height":168,"Demand":1,"DemandMax":null,"Value":28224},{"Length":32,"Height":32,"Demand":1,"DemandMax":null,"Value":1024},{"Length":42,"Height":42,"Demand":1,"DemandMax":null,"Value":1764},{"Length":148,"Height":148,"Demand":1,"DemandMax":null,"Value":21904},{"Length":170,"Height":170,"Demand":1,"DemandMax":null,"Value":28900},{"Length":50,"Height":50,"Demand":1,"DemandMax":null,"Value":2500},{"Length":101,"Height":101,"Demand":1,"DemandMax":null,"Value":10201},{"Length":179,"Height":179,"Demand":1,"DemandMax":null,"Value":32041},{"Length":119,"Height":119,"Demand":1,"DemandMax":null,"Value":14161},{"Length":97,"Height":97,"Demand":2,"DemandMax":null,"Value":9409}]}