{"Name":"S_15_10_09","Objects":[],"Items":[{"Length":90,"Height":90,"Demand":3,"DemandMax":null,"Value":8100},{"Length":105,"Height":105,"Demand":1,"DemandMax":null,"Value":11025},{"Length":98,"Height":98,"Demand":1,"DemandMax":null,"Value":9604},{"Length":109,"Height":109,"Demand":3,"DemandMax":null,"Value":11881},{"Length":104,"Height":104,"Demand":2,"DemandMax":null,"Value":10816},{"Length":97,"Height":97,"Demand":2,"DemandMax":null,"Value":9409},{"Length":99,"Height":99,"Demand":2,"DemandMax":null,"Value":9801},{"Length":106,"Height":106,"Demand":1,"DemandMax":null,"Value":11236}]}