{"Name":"R_10_90_05","Objects":[],"Items":[{"Length":115,"Height":94,"Demand":1,"DemandMax":null,"Value":10810},{"Length":74,"Height":118,"Demand":1,"DemandMax":null,"Value":8732},{"Length":14,"Height":16,"Demand":1,"DemandMax":null,"Value":224},{"Length":94,"Height":123,"Demand":1,"DemandMax":null,"Value":11562},{"Length":92,"Height":164,"Demand":1,"DemandMax":null,"Value":15088},{"Length":111,"Height":137,"Demand":1,"DemandMax":null,"Value":15207},{"Length":116,"Height":28,"Demand":1,"DemandMax":null,"Value":3248},{"Length":10,"Height":162,"Demand":1,"DemandMax":null,"Value":1620},{"Length":32,"Height":181,"Demand":1,"DemandMax":null,"Value":5792},{"Length":50,"Height":175,"Demand":1,"DemandMax":null,"Value":8750}]}