{"Name":"R_20_90_01","Objects":[],"Items":[{"Length":60,"Height":115,"Demand":1,"DemandMax":null,"Value":6900},{"Length":121,"Height":166,"Demand":1,"DemandMax":null,"Value":20086},{"Length":20,"Height":173,"Demand":1,"DemandMax":null,"Value":3460},{"Length":29,"Height":52,"Demand":1,"DemandMax":null,"Value":1508},{"Length":113,"Height":39,"Demand":1,"DemandMax":null,"Value":4407},{"Length":152,"Height":48,"Demand":1,"DemandMax":null,"Value":7296},{"Length":93,"Height":103,"Demand":1,"DemandMax":null,"Value":9579},{"Length":136,"Height":92,"Demand":1,"DemandMax":null,"Value":12512},{"Length":82,"Height":78,"Demand":1,"DemandMax":null,"Value":6396},{"Length":160,"Height":99,"Demand":1,"DemandMax":null,"Value":15840},{"Length":64,"Height":51,"Demand":1,"DemandMax":null,"Value":3264},{"Length":17,"Height":17,"Demand":1,"DemandMax":null,"Value":289},{"Length":16,"Height":90,"Demand":1,"DemandMax":null,"Value":1440},{"Length":83,"Height":168,"Demand":1,"DemandMax":null,"Value":13944},{"Length":32,"Height":51,"Demand":1,"DemandMax":null,"Value":1632},{"Length":51,"Height":42,"Demand":1,"DemandMax":null,"Value":2142},{"Length":148,"Height":170,"Demand":1,"DemandMax":null,"Value":25160},{"Length":50,"Height":101,"Demand":1,"DemandMax":null,"Value":5050},{"Length":179,"Height":119,"Demand":1,"DemandMax":null,"Value":21301},{"Length":97,"Height":97,"Demand":1,"DemandMax":null,"Value":9409}]}