{"Name":"R_10_30_03","Objects":[],"Items":[{"Length":119,"Height":75,"Demand":1,"DemandMax":null,"Value":8925},{"Length":104,"Height":107,"Demand":1,"DemandMax":null,"Value":11128},{"Length":117,"Height":124,"Demand":1,"DemandMax":null,"Value":14508},{"Length":85,"Height":78,"Demand":1,"DemandMax":null,"Value":6630},{"Length":103,"Height":106,"Demand":1,"DemandMax":null,"Value":10918},{"Length":84,"Height":83,"Demand":1,"DemandMax":null,"Value":6972},{"Length":112,"Height":86,"Demand":1,"DemandMax":null,"Value":9632},{"Length":99,"Height":116,"Demand":1,"DemandMax":null,"Value":11484},{"Length":86,"Height":108,"Demand":1,"DemandMax":null,"Value":9288},{"Length":92,"Height":105,"Demand":1,"DemandMax":null,"Value":9660}]}