{"Name":"R_10_50_06","Objects":[],"Items":[{"Length":81,"Height":53,"Demand":1,"DemandMax":null,"Value":4293},{"Length":72,"Height":50,"Demand":1,"DemandMax":null,"Value":3600},{"Length":130,"Height":128,"Demand":1,"DemandMax":null,"Value":16640},{"Length":67,"Height":68,"Demand":1,"DemandMax":null,"Value":4556},{"Length":87,"Height":75,"Demand":1,"DemandMax":null,"Value":6525},{"Length":76,"Height":78,"Demand":1,"DemandMax":null,"Value":5928},{"Length":57,"Height":114,"Demand":1,"DemandMax":null,"Value":6498},{"Length":136,"Height":107,"Demand":1,"DemandMax":null,"Value":14552},{"Length":149,"Height":70,"Demand":1,"DemandMax":null,"Value":10430},{"Length":85,"Height":72,"Demand":1,"DemandMax":null,"Value":6120}]}