{"Name":"R_20_50_06","Objects":[],"Items":[{"Length":85,"Height":109,"Demand":1,"DemandMax":null,"Value":9265},{"Length":103,"Height":91,"Demand":1,"DemandMax":null,"Value":9373},{"Length":133,"Height":133,"Demand":1,"DemandMax":null,"Value":17689},{"Length":73,"Height":64,"Demand":1,"DemandMax":null,"Value":4672},{"Length":139,"Height":116,"Demand":1,"DemandMax":null,"Value":16124},{"Length":110,"Height":55,"Demand":1,"DemandMax":null,"Value":6050},{"Length":70,"Height":95,"Demand":1,"DemandMax":null,"Value":6650},{"Length":144,"Height":111,"Demand":1,"DemandMax":null,"Value":15984},{"Length":58,"Height":94,"Demand":1,"DemandMax":null,"Value":5452},{"Length":84,"Height":127,"Demand":1,"DemandMax":null,"Value":10668},{"Length":51,"Height":146,"Demand":1,"DemandMax":null,"Value":7446},{"Length":93,"Height":64,"Demand":1,"DemandMax":null,"Value":5952},{"Length":134,"Height":129,"Demand":1,"DemandMax":null,"Value":17286},{"Length":60,"Height":112,"Demand":1,"DemandMax":null,"Value":6720},{"Length":79,"Height":86,"Demand":1,"DemandMax":null,"Value":6794},{"Length":69,"Height":144,"Demand":1,"DemandMax":null,"Value":9936},{"Length":113,"Height":98,"Demand":1,"DemandMax":null,"Value":11074},{"Length":121,"Height":135,"Demand":1,"DemandMax":null,"Value":16335},{"Length":88,"Height":104,"Demand":1,"DemandMax":null,"Value":9152},{"Length":59,"Height":138,"Demand":1,"DemandMax":null,"Value":8142}]}