{"Name":"R_10_30_09","Objects":[],"Items":[{"Length":129,"Height":97,"Demand":1,"DemandMax":null,"Value":12513},{"Length":104,"Height":74,"Demand":1,"DemandMax":null,"Value":7696},{"Length":100,"Height":80,"Demand":1,"DemandMax":null,"Value":8000},{"Length":116,"Height":71,"Demand":1,"DemandMax":null,"Value":8236},{"Length":92,"Height":129,"Demand":1,"DemandMax":null,"Value":11868},{"Length":116,"Height":113,"Demand":1,"DemandMax":null,"Value":13108},{"Length":77,"Height":116,"Demand":1,"DemandMax":null,"Value":8932},{"Length":72,"Height":104,"Demand":1,"DemandMax":null,"Value":7488},{"Length":124,"Height":112,"Demand":1,"DemandMax":null,"Value":13888},{"Length":99,"Height":78,"Demand":1,"DemandMax":null,"Value":7722}]}