{"Name":"R_10_50_04","Objects":[],"Items":[{"Length":50,"Height":145,"Demand":1,"DemandMax":null,"Value":7250},{"Length":124,"Height":144,"Demand":1,"DemandMax":null,"Value":17856},{"Length":87,"Height":111,"Demand":1,"DemandMax":null,"Value":9657},{"Length":112,"Height":51,"Demand":1,"DemandMax":null,"Value":5712},{"Length":133,"Height":90,"Demand":1,"DemandMax":null,"Value":11970},{"Length":109,"Height":130,"Demand":1,"DemandMax":null,"Value":14170},{"Length":75,"Height":148,"Demand":1,"DemandMax":null,"Value":11100},{"Length":129,"Height":148,"Demand":1,"DemandMax":null,"Value":19092},{"Length":95,"Height":118,"Demand":1,"DemandMax":null,"Value":11210},{"Length":136,"Height":98,"Demand":1,"DemandMax":null,"Value":13328}]}