{"Name":"R_10_90_02","Objects":[],"Items":[{"Length":76,"Height":42,"Demand":1,"DemandMax":null,"Value":3192},{"Length":51,"Height":66,"Demand":1,"DemandMax":null,"Value":3366},{"Length":176,"Height":100,"Demand":1,"DemandMax":null,"Value":17600},{"Length":69,"Height":171,"Demand":1,"DemandMax":null,"Value":11799},{"Length":86,"Height":141,"Demand":1,"DemandMax":null,"Value":12126},{"Length":21,"Height":128,"Demand":1,"DemandMax":null,"Value":2688},{"Length":136,"Height":101,"Demand":1,"DemandMax":null,"Value":13736},{"Length":74,"Height":101,"Demand":1,"DemandMax":null,"Value":7474},{"Length":79,"Height":187,"Demand":1,"DemandMax":null,"Value":14773},{"Length":127,"Height":172,"Demand":1,"DemandMax":null,"Value":21844}]}