{"Name":"S_10_70_07","Objects":[],"Items":[{"Length":103,"Height":103,"Demand":1,"DemandMax":null,"Value":10609},{"Length":120,"Height":120,"Demand":1,"DemandMax":null,"Value":14400},{"Length":73,"Height":73,"Demand":1,"DemandMax":null,"Value":5329},{"Length":140,"Height":140,"Demand":1,"DemandMax":null,"Value":19600},{"Length":77,"Height":77,"Demand":1,"DemandMax":null,"Value":5929},{"Length":150,"Height":150,"Demand":1,"DemandMax":null,"Value":22500},{"Length":162,"Height":162,"Demand":1,"DemandMax":null,"Value":26244},{"Length":137,"Height":137,"Demand":1,"DemandMax":null,"Value":18769},{"Length":133,"Height":133,"Demand":1,"DemandMax":null,"Value":17689},{"Length":41,"Height":41,"Demand":1,"DemandMax":null,"Value":1681}]}