{"Name":"S_20_30_05","Objects":[],"Items":[{"Length":88,"Height":88,"Demand":1,"DemandMax":null,"Value":7744},{"Length":114,"Height":114,"Demand":1,"DemandMax":null,"Value":12996},{"Length":96,"Height":96,"Demand":1,"DemandMax":null,"Value":9216},{"Length":85,"Height":85,"Demand":1,"DemandMax":null,"Value":7225},{"Length":87,"Height":87,"Demand":1,"DemandMax":null,"Value":7569},{"Length":124,"Height":124,"Demand":1,"DemandMax":null,"Value":15376},{"Length":111,"Height":111,"Demand":1,"DemandMax":null,"Value":12321},{"Length":80,"Height":80,"Demand":1,"DemandMax":null,"Value":6400},{"Length":122,"Height":122,"Demand":1,"DemandMax":null,"Value":14884},{"Length":125,"Height":125,"Demand":1,"DemandMax":null,"Value":15625},{"Length":123,"Height":123,"Demand":1,"DemandMax":null,"Value":15129},{"Length":120,"Height":120,"Demand":1,"DemandMax":null,"Value":14400},{"Length":104,"Height":104,"Demand":1,"DemandMax":null,"Value":10816},{"Length":93,"Height":93,"Demand":1,"DemandMax":null,"Value":8649},{"Length":84,"Height":84,"Demand":1,"DemandMax":null,"Value":7056},{"Length":105,"Height":105,"Demand":1,"DemandMax":null,"Value":11025},{"Length":72,"Height":72,"Demand":2,"DemandMax":null,"Value":5184},{"Length":103,"Height":103,"Demand":1,"DemandMax":null,"Value":10609},{"Length":107,"Height":107,"Demand":1,"DemandMax":null,"Value":11449}]}