{"Name":"S_15_30_04","Objects":[],"Items":[{"Length":119,"Height":119,"Demand":2,"DemandMax":null,"Value":14161},{"Length":84,"Height":84,"Demand":1,"DemandMax":null,"Value":7056},{"Length":80,"Height":80,"Demand":1,"DemandMax":null,"Value":6400},{"Length":125,"Height":125,"Demand":1,"DemandMax":null,"Value":15625},{"Length":108,"Height":108,"Demand":1,"DemandMax":null,"Value":11664},{"Length":109,"Height":109,"Demand":2,"DemandMax":null,"Value":11881},{"Length":117,"Height":117,"Demand":1,"DemandMax":null,"Value":13689},{"Length":87,"Height":87,"Demand":1,"DemandMax":null,"Value":7569},{"Length":130,"Height":130,"Demand":1,"DemandMax":null,"Value":16900},{"Length":96,"Height":96,"Demand":1,"DemandMax":null,"Value":9216},{"Length":77,"Height":77,"Demand":1,"DemandMax":null,"Value":5929},{"Length":86,"Height":86,"Demand":1,"DemandMax":null,"Value":7396},{"Length":104,"Height":104,"Demand":1,"DemandMax":null,"Value":10816}]}