{"Name":"S_10_50_07","Objects":[],"Items":[{"Length":84,"Height":84,"Demand":1,"DemandMax":null,"Value":7056},{"Length":85,"Height":85,"Demand":1,"DemandMax":null,"Value":7225},{"Length":83,"Height":83,"Demand":1,"DemandMax":null,"Value":6889},{"Length":93,"Height":93,"Demand":1,"DemandMax":null,"Value":8649},{"Length":75,"Height":75,"Demand":1,"DemandMax":null,"Value":5625},{"Length":55,"Height":55,"Demand":1,"DemandMax":null,"Value":3025},{"Length":118,"Height":118,"Demand":1,"DemandMax":null,"Value":13924},{"Length":99,"Height":99,"Demand":1,"DemandMax":null,"Value":9801},{"Length":102,"Height":102,"Demand":1,"DemandMax":null,"Value":10404},{"Length":130,"Height":130,"Demand":1,"DemandMax":null,"Value":16900}]}