{"Name":"S_15_30_00","Objects":[],"Items":[{"Length":87,"Height":87,"Demand":1,"DemandMax":null,"Value":7569},{"Length":108,"Height":108,"Demand":1,"DemandMax":null,"Value":11664},{"Length":80,"Height":80,"Demand":1,"DemandMax":null,"Value":6400},{"Length":74,"Height":74,"Demand":1,"DemandMax":null,"Value":5476},{"Length":110,"Height":110,"Demand":3,"DemandMax":null,"Value":12100},{"Length":102,"Height":102,"Demand":1,"DemandMax":null,"Value":10404},{"Length":94,"Height":94,"Demand":1,"DemandMax":null,"Value":8836},{"Length":125,"Height":125,"Demand":1,"DemandMax":null,"Value":15625},{"Length":105,"Height":105,"Demand":1,"DemandMax":null,"Value":11025},{"Length":119,"Height":119,"Demand":1,"DemandMax":null,"Value":14161},{"Length":99,"Height":99,"Demand":1,"DemandMax":null,"Value":9801},{"Length":71,"Height":71,"Demand":1,"DemandMax":null,"Value":5041},{"Length":78,"Height":78,"Demand":1,"DemandMax":null,"Value":6084}]}