{"Name":"S_10_70_06","Objects":[],"Items":[{"Length":44,"Height":44,"Demand":1,"DemandMax":null,"Value":1936},{"Length":139,"Height":139,"Demand":1,"DemandMax":null,"Value":19321},{"Length":107,"Height":107,"Demand":1,"DemandMax":null,"Value":11449},{"Length":53,"Height":53,"Demand":1,"DemandMax":null,"Value":2809},{"Length":36,"Height":36,"Demand":1,"DemandMax":null,"Value":1296},{"Length":161,"Height":161,"Demand":1,"DemandMax":null,"Value":25921},{"Length":57,"Height":57,"Demand":1,"DemandMax":null,"Value":3249},{"Length":43,"Height":43,"Demand":1,"DemandMax":null,"Value":1849},{"Length":42,"Height":42,"Demand":1,"DemandMax":null,"Value":1764},{"Length":103,"Height":103,"Demand":1,"DemandMax":null,"Value":10609}]}