{"Name":"R_15_90_07","Objects":[],"Items":[{"Length":16,"Height":31,"Demand":1,"DemandMax":null,"Value":496},{"Length":144,"Height":100,"Demand":1,"DemandMax":null,"Value":14400},{"Length":158,"Height":46,"Demand":1,"DemandMax":null,"Value":7268},{"Length":73,"Height":188,"Demand":1,"DemandMax":null,"Value":13724},{"Length":11,"Height":190,"Demand":1,"DemandMax":null,"Value":2090},{"Length":179,"Height":71,"Demand":1,"DemandMax":null,"Value":12709},{"Length":134,"Height":107,"Demand":1,"DemandMax":null,"Value":14338},{"Length":37,"Height":185,"Demand":1,"DemandMax":null,"Value":6845},{"Length":61,"Height":62,"Demand":1,"DemandMax":null,"Value":3782},{"Length":24,"Height":149,"Demand":1,"DemandMax":null,"Value":3576},{"Length":145,"Height":46,"Demand":1,"DemandMax":null,"Value":6670},{"Length":158,"Height":143,"Demand":1,"DemandMax":null,"Value":22594},{"Length":43,"Height":26,"Demand":1,"DemandMax":null,"Value":1118},{"Length":183,"Height":177,"Demand":1,"DemandMax":null,"Value":32391},{"Length":56,"Height":167,"Demand":1,"DemandMax":null,"Value":9352}]}