{"Name":"R_20_50_07","Objects":[],"Items":[{"Length":50,"Height":79,"Demand":1,"DemandMax":null,"Value":3950},{"Length":57,"Height":142,"Demand":1,"DemandMax":null,"Value":8094},{"Length":57,"Height":91,"Demand":1,"DemandMax":null,"Value":5187},{"Length":50,"Height":116,"Demand":1,"DemandMax":null,"Value":5800},{"Length":53,"Height":115,"Demand":1,"DemandMax":null,"Value":6095},{"Length":149,"Height":92,"Demand":1,"DemandMax":null,"Value":13708},{"Length":92,"Height":127,"Demand":1,"DemandMax":null,"Value":11684},{"Length":83,"Height":73,"Demand":1,"DemandMax":null,"Value":6059},{"Length":88,"Height":59,"Demand":1,"DemandMax":null,"Value":5192},{"Length":111,"Height":100,"Demand":1,"DemandMax":null,"Value":11100},{"Length":73,"Height":122,"Demand":1,"DemandMax":null,"Value":8906},{"Length":146,"Height":69,"Demand":1,"DemandMax":null,"Value":10074},{"Length":94,"Height":59,"Demand":1,"DemandMax":null,"Value":5546},{"Length":127,"Height":108,"Demand":1,"DemandMax":null,"Value":13716},{"Length":102,"Height":149,"Demand":1,"DemandMax":null,"Value":15198},{"Length":97,"Height":129,"Demand":1,"DemandMax":null,"Value":12513},{"Length":126,"Height":89,"Demand":1,"DemandMax":null,"Value":11214},{"Length":91,"Height":62,"Demand":1,"DemandMax":null,"Value":5642},{"Length":113,"Height":67,"Demand":1,"DemandMax":null,"Value":7571},{"Length":83,"Height":107,"Demand":1,"DemandMax":null,"Value":8881}]}