{"Name":"R_20_90_04","Objects":[],"Items":[{"Length":48,"Height":169,"Demand":1,"DemandMax":null,"Value":8112},{"Length":22,"Height":59,"Demand":1,"DemandMax":null,"Value":1298},{"Length":40,"Height":47,"Demand":1,"DemandMax":null,"Value":1880},{"Length":44,"Height":106,"Demand":1,"DemandMax":null,"Value":4664},{"Length":190,"Height":52,"Demand":1,"DemandMax":null,"Value":9880},{"Length":12,"Height":166,"Demand":1,"DemandMax":null,"Value":1992},{"Length":16,"Height":102,"Demand":1,"DemandMax":null,"Value":1632},{"Length":153,"Height":102,"Demand":1,"DemandMax":null,"Value":15606},{"Length":107,"Height":152,"Demand":1,"DemandMax":null,"Value":16264},{"Length":82,"Height":63,"Demand":1,"DemandMax":null,"Value":5166},{"Length":56,"Height":139,"Demand":1,"DemandMax":null,"Value":7784},{"Length":35,"Height":42,"Demand":1,"DemandMax":null,"Value":1470},{"Length":36,"Height":52,"Demand":1,"DemandMax":null,"Value":1872},{"Length":181,"Height":182,"Demand":1,"DemandMax":null,"Value":32942},{"Length":169,"Height":83,"Demand":1,"DemandMax":null,"Value":14027},{"Length":144,"Height":37,"Demand":1,"DemandMax":null,"Value":5328},{"Length":21,"Height":59,"Demand":1,"DemandMax":null,"Value":1239},{"Length":60,"Height":95,"Demand":1,"DemandMax":null,"Value":5700},{"Length":152,"Height":53,"Demand":1,"DemandMax":null,"Value":8056},{"Length":22,"Height":34,"Demand":1,"DemandMax":null,"Value":748}]}