{"Name":"S_20_10_04","Objects":[],"Items":[{"Length":98,"Height":98,"Demand":1,"DemandMax":null,"Value":9604},{"Length":90,"Height":90,"Demand":3,"DemandMax":null,"Value":8100},{"Length":106,"Height":106,"Demand":2,"DemandMax":null,"Value":11236},{"Length":103,"Height":103,"Demand":1,"DemandMax":null,"Value":10609},{"Length":109,"Height":109,"Demand":1,"DemandMax":null,"Value":11881},{"Length":96,"Height":96,"Demand":1,"DemandMax":null,"Value":9216},{"Length":107,"Height":107,"Demand":2,"DemandMax":null,"Value":11449},{"Length":108,"Height":108,"Demand":1,"DemandMax":null,"Value":11664},{"Length":101,"Height":101,"Demand":1,"DemandMax":null,"Value":10201},{"Length":104,"Height":104,"Demand":1,"DemandMax":null,"Value":10816},{"Length":97,"Height":97,"Demand":1,"DemandMax":null,"Value":9409},{"Length":91,"Height":91,"Demand":1,"DemandMax":null,"Value":8281},{"Length":94,"Height":94,"Demand":1,"DemandMax":null,"Value":8836},{"Length":99,"Height":99,"Demand":1,"DemandMax":null,"Value":9801},{"Length":105,"Height":105,"Demand":1,"DemandMax":null,"Value":11025},{"Length":93,"Height":93,"Demand":1,"DemandMax":null,"Value":8649}]}