{"Name":"S_15_90_07","Objects":[],"Items":[{"Length":16,"Height":16,"Demand":1,"DemandMax":null,"Value":256},{"Length":31,"Height":31,"Demand":1,"DemandMax":null,"Value":961},{"Length":128,"Height":128,"Demand":1,"DemandMax":null,"Value":16384},{"Length":57,"Height":57,"Demand":1,"DemandMax":null,"Value":3249},{"Length":172,"Height":172,"Demand":1,"DemandMax":null,"Value":29584},{"Length":85,"Height":85,"Demand":1,"DemandMax":null,"Value":7225},{"Length":48,"Height":48,"Demand":1,"DemandMax":null,"Value":2304},{"Length":184,"Height":184,"Demand":1,"DemandMax":null,"Value":33856},{"Length":153,"Height":153,"Demand":2,"DemandMax":null,"Value":23409},{"Length":180,"Height":180,"Demand":1,"DemandMax":null,"Value":32400},{"Length":72,"Height":72,"Demand":1,"DemandMax":null,"Value":5184},{"Length":37,"Height":37,"Demand":1,"DemandMax":null,"Value":1369},{"Length":190,"Height":190,"Demand":1,"DemandMax":null,"Value":36100},{"Length":149,"Height":149,"Demand":1,"DemandMax":null,"Value":22201}]}