{"Name":"R_15_10_07","Objects":[],"Items":[{"Length":110,"Height":95,"Demand":1,"DemandMax":null,"Value":10450},{"Length":102,"Height":104,"Demand":1,"DemandMax":null,"Value":10608},{"Length":107,"Height":91,"Demand":1,"DemandMax":null,"Value":9737},{"Length":97,"Height":95,"Demand":1,"DemandMax":null,"Value":9215},{"Length":104,"Height":102,"Demand":1,"DemandMax":null,"Value":10608},{"Length":93,"Height":103,"Demand":1,"DemandMax":null,"Value":9579},{"Length":105,"Height":91,"Demand":1,"DemandMax":null,"Value":9555},{"Length":90,"Height":94,"Demand":1,"DemandMax":null,"Value":8460},{"Length":97,"Height":90,"Demand":1,"DemandMax":null,"Value":8730},{"Length":105,"Height":93,"Demand":1,"DemandMax":null,"Value":9765},{"Length":105,"Height":94,"Demand":1,"DemandMax":null,"Value":9870},{"Length":109,"Height":100,"Demand":1,"DemandMax":null,"Value":10900},{"Length":104,"Height":95,"Demand":1,"DemandMax":null,"Value":9880},{"Length":109,"Height":95,"Demand":1,"DemandMax":null,"Value":10355},{"Length":105,"Height":97,"Demand":1,"DemandMax":null,"Value":10185}]}