{"Name":"S_20_70_08","Objects":[],"Items":[{"Length":85,"Height":85,"Demand":2,"DemandMax":null,"Value":7225},{"Length":91,"Height":91,"Demand":1,"DemandMax":null,"Value":8281},{"Length":51,"Height":51,"Demand":1,"DemandMax":null,"Value":2601},{"Length":123,"Height":123,"Demand":2,"DemandMax":null,"Value":15129},{"Length":62,"Height":62,"Demand":1,"DemandMax":null,"Value":3844},{"Length":96,"Height":96,"Demand":1,"DemandMax":null,"Value":9216},{"Length":154,"Height":154,"Demand":1,"DemandMax":null,"Value":23716},{"Length":103,"Height":103,"Demand":1,"DemandMax":null,"Value":10609},{"Length":107,"Height":107,"Demand":1,"DemandMax":null,"Value":11449},{"Length":78,"Height":78,"Demand":1,"DemandMax":null,"Value":6084},{"Length":83,"Height":83,"Demand":2,"DemandMax":null,"Value":6889},{"Length":34,"Height":34,"Demand":1,"DemandMax":null,"Value":1156},{"Length":100,"Height":100,"Demand":1,"DemandMax":null,"Value":10000},{"Length":124,"Height":124,"Demand":1,"DemandMax":null,"Value":15376},{"Length":70,"Height":70,"Demand":1,"DemandMax":null,"Value":4900},{"Length":67,"Height":67,"Demand":1,"DemandMax":null,"Value":4489},{"Length":160,"Height":160,"Demand":1,"DemandMax":null,"Value":25600}]}