{"Name":"R_15_70_05","Objects":[],"Items":[{"Length":152,"Height":107,"Demand":1,"DemandMax":null,"Value":16264},{"Length":131,"Height":45,"Demand":1,"DemandMax":null,"Value":5895},{"Length":84,"Height":97,"Demand":1,"DemandMax":null,"Value":8148},{"Length":100,"Height":51,"Demand":1,"DemandMax":null,"Value":5100},{"Length":46,"Height":101,"Demand":1,"DemandMax":null,"Value":4646},{"Length":51,"Height":108,"Demand":1,"DemandMax":null,"Value":5508},{"Length":98,"Height":157,"Demand":1,"DemandMax":null,"Value":15386},{"Length":89,"Height":164,"Demand":1,"DemandMax":null,"Value":14596},{"Length":134,"Height":31,"Demand":1,"DemandMax":null,"Value":4154},{"Length":80,"Height":138,"Demand":1,"DemandMax":null,"Value":11040},{"Length":89,"Height":83,"Demand":1,"DemandMax":null,"Value":7387},{"Length":32,"Height":45,"Demand":1,"DemandMax":null,"Value":1440},{"Length":90,"Height":133,"Demand":1,"DemandMax":null,"Value":11970},{"Length":63,"Height":82,"Demand":1,"DemandMax":null,"Value":5166},{"Length":82,"Height":114,"Demand":1,"DemandMax":null,"Value":9348}]}