{"Name":"S_15_70_02","Objects":[],"Items":[{"Length":30,"Height":30,"Demand":1,"DemandMax":null,"Value":900},{"Length":92,"Height":92,"Demand":1,"DemandMax":null,"Value":8464},{"Length":135,"Height":135,"Demand":1,"DemandMax":null,"Value":18225},{"Length":165,"Height":165,"Demand":1,"DemandMax":null,"Value":27225},{"Length":140,"Height":140,"Demand":1,"DemandMax":null,"Value":19600},{"Length":34,"Height":34,"Demand":1,"DemandMax":null,"Value":1156},{"Length":154,"Height":154,"Demand":1,"DemandMax":null,"Value":23716},{"Length":65,"Height":65,"Demand":1,"DemandMax":null,"Value":4225},{"Length":33,"Height":33,"Demand":1,"DemandMax":null,"Value":1089},{"Length":142,"Height":142,"Demand":2,"DemandMax":null,"Value":20164},{"Length":170,"Height":170,"Demand":1,"DemandMax":null,"Value":28900},{"Length":42,"Height":42,"Demand":1,"DemandMax":null,"Value":1764},{"Length":169,"Height":169,"Demand":1,"DemandMax":null,"Value":28561},{"Length":67,"Height":67,"Demand":1,"DemandMax":null,"Value":4489}]}