{"Name":"R_10_30_04","Objects":[],"Items":[{"Length":80,"Height":111,"Demand":1,"DemandMax":null,"Value":8880},{"Length":95,"Height":70,"Demand":1,"DemandMax":null,"Value":6650},{"Length":86,"Height":83,"Demand":1,"DemandMax":null,"Value":7138},{"Length":111,"Height":77,"Demand":1,"DemandMax":null,"Value":8547},{"Length":122,"Height":108,"Demand":1,"DemandMax":null,"Value":13176},{"Length":115,"Height":130,"Demand":1,"DemandMax":null,"Value":14950},{"Length":76,"Height":110,"Demand":1,"DemandMax":null,"Value":8360},{"Length":71,"Height":85,"Demand":1,"DemandMax":null,"Value":6035},{"Length":114,"Height":99,"Demand":1,"DemandMax":null,"Value":11286},{"Length":92,"Height":111,"Demand":1,"DemandMax":null,"Value":10212}]}