{"Name":"S_10_90_05","Objects":[],"Items":[{"Length":21,"Height":21,"Demand":1,"DemandMax":null,"Value":441},{"Length":128,"Height":128,"Demand":1,"DemandMax":null,"Value":16384},{"Length":136,"Height":136,"Demand":1,"DemandMax":null,"Value":18496},{"Length":101,"Height":101,"Demand":2,"DemandMax":null,"Value":10201},{"Length":74,"Height":74,"Demand":1,"DemandMax":null,"Value":5476},{"Length":79,"Height":79,"Demand":1,"DemandMax":null,"Value":6241},{"Length":187,"Height":187,"Demand":1,"DemandMax":null,"Value":34969},{"Length":127,"Height":127,"Demand":1,"DemandMax":null,"Value":16129},{"Length":172,"Height":172,"Demand":1,"DemandMax":null,"Value":29584}]}