{"Name":"R_20_50_05","Objects":[],"Items":[{"Length":76,"Height":115,"Demand":1,"DemandMax":null,"Value":8740},{"Length":70,"Height":148,"Demand":1,"DemandMax":null,"Value":10360},{"Length":53,"Height":140,"Demand":1,"DemandMax":null,"Value":7420},{"Length":51,"Height":60,"Demand":1,"DemandMax":null,"Value":3060},{"Length":108,"Height":55,"Demand":1,"DemandMax":null,"Value":5940},{"Length":75,"Height":127,"Demand":1,"DemandMax":null,"Value":9525},{"Length":69,"Height":113,"Demand":1,"DemandMax":null,"Value":7797},{"Length":107,"Height":124,"Demand":1,"DemandMax":null,"Value":13268},{"Length":68,"Height":122,"Demand":1,"DemandMax":null,"Value":8296},{"Length":86,"Height":94,"Demand":1,"DemandMax":null,"Value":8084},{"Length":143,"Height":128,"Demand":1,"DemandMax":null,"Value":18304},{"Length":80,"Height":121,"Demand":1,"DemandMax":null,"Value":9680},{"Length":87,"Height":111,"Demand":1,"DemandMax":null,"Value":9657},{"Length":90,"Height":99,"Demand":1,"DemandMax":null,"Value":8910},{"Length":64,"Height":147,"Demand":1,"DemandMax":null,"Value":9408},{"Length":147,"Height":148,"Demand":1,"DemandMax":null,"Value":21756},{"Length":65,"Height":133,"Demand":1,"DemandMax":null,"Value":8645},{"Length":131,"Height":119,"Demand":1,"DemandMax":null,"Value":15589},{"Length":138,"Height":118,"Demand":1,"DemandMax":null,"Value":16284},{"Length":56,"Height":56,"Demand":1,"DemandMax":null,"Value":3136}]}