{"Name":"S_15_90_01","Objects":[],"Items":[{"Length":62,"Height":62,"Demand":1,"DemandMax":null,"Value":3844},{"Length":139,"Height":139,"Demand":1,"DemandMax":null,"Value":19321},{"Length":165,"Height":165,"Demand":2,"DemandMax":null,"Value":27225},{"Length":57,"Height":57,"Demand":1,"DemandMax":null,"Value":3249},{"Length":85,"Height":85,"Demand":1,"DemandMax":null,"Value":7225},{"Length":34,"Height":34,"Demand":1,"DemandMax":null,"Value":1156},{"Length":96,"Height":96,"Demand":1,"DemandMax":null,"Value":9216},{"Length":24,"Height":24,"Demand":1,"DemandMax":null,"Value":576},{"Length":44,"Height":44,"Demand":1,"DemandMax":null,"Value":1936},{"Length":54,"Height":54,"Demand":1,"DemandMax":null,"Value":2916},{"Length":105,"Height":105,"Demand":1,"DemandMax":null,"Value":11025},{"Length":155,"Height":155,"Demand":1,"DemandMax":null,"Value":24025},{"Length":123,"Height":123,"Demand":1,"DemandMax":null,"Value":15129},{"Length":23,"Height":23,"Demand":1,"DemandMax":null,"Value":529}]}