{"Name":"R_15_90_02","Objects":[],"Items":[{"Length":93,"Height":137,"Demand":1,"DemandMax":null,"Value":12741},{"Length":101,"Height":91,"Demand":1,"DemandMax":null,"Value":9191},{"Length":160,"Height":109,"Demand":1,"DemandMax":null,"Value":17440},{"Length":169,"Height":38,"Demand":1,"DemandMax":null,"Value":6422},{"Length":88,"Height":75,"Demand":1,"DemandMax":null,"Value":6600},{"Length":70,"Height":57,"Demand":1,"DemandMax":null,"Value":3990},{"Length":33,"Height":131,"Demand":1,"DemandMax":null,"Value":4323},{"Length":124,"Height":91,"Demand":1,"DemandMax":null,"Value":11284},{"Length":134,"Height":107,"Demand":1,"DemandMax":null,"Value":14338},{"Length":170,"Height":91,"Demand":1,"DemandMax":null,"Value":15470},{"Length":107,"Height":140,"Demand":1,"DemandMax":null,"Value":14980},{"Length":173,"Height":112,"Demand":1,"DemandMax":null,"Value":19376},{"Length":84,"Height":17,"Demand":1,"DemandMax":null,"Value":1428},{"Length":60,"Height":69,"Demand":1,"DemandMax":null,"Value":4140},{"Length":22,"Height":83,"Demand":1,"DemandMax":null,"Value":1826}]}