{"Name":"S_20_30_08","Objects":[],"Items":[{"Length":98,"Height":98,"Demand":1,"DemandMax":null,"Value":9604},{"Length":119,"Height":119,"Demand":1,"DemandMax":null,"Value":14161},{"Length":81,"Height":81,"Demand":1,"DemandMax":null,"Value":6561},{"Length":79,"Height":79,"Demand":2,"DemandMax":null,"Value":6241},{"Length":75,"Height":75,"Demand":1,"DemandMax":null,"Value":5625},{"Length":96,"Height":96,"Demand":1,"DemandMax":null,"Value":9216},{"Length":129,"Height":129,"Demand":1,"DemandMax":null,"Value":16641},{"Length":115,"Height":115,"Demand":1,"DemandMax":null,"Value":13225},{"Length":104,"Height":104,"Demand":1,"DemandMax":null,"Value":10816},{"Length":109,"Height":109,"Demand":1,"DemandMax":null,"Value":11881},{"Length":77,"Height":77,"Demand":1,"DemandMax":null,"Value":5929},{"Length":116,"Height":116,"Demand":1,"DemandMax":null,"Value":13456},{"Length":80,"Height":80,"Demand":1,"DemandMax":null,"Value":6400},{"Length":118,"Height":118,"Demand":1,"DemandMax":null,"Value":13924},{"Length":82,"Height":82,"Demand":1,"DemandMax":null,"Value":6724},{"Length":88,"Height":88,"Demand":1,"DemandMax":null,"Value":7744},{"Length":72,"Height":72,"Demand":1,"DemandMax":null,"Value":5184},{"Length":120,"Height":120,"Demand":1,"DemandMax":null,"Value":14400},{"Length":103,"Height":103,"Demand":1,"DemandMax":null,"Value":10609}]}