{"Name":"S_10_50_09","Objects":[],"Items":[{"Length":109,"Height":109,"Demand":1,"DemandMax":null,"Value":11881},{"Length":130,"Height":130,"Demand":1,"DemandMax":null,"Value":16900},{"Length":75,"Height":75,"Demand":1,"DemandMax":null,"Value":5625},{"Length":148,"Height":148,"Demand":2,"DemandMax":null,"Value":21904},{"Length":129,"Height":129,"Demand":1,"DemandMax":null,"Value":16641},{"Length":95,"Height":95,"Demand":1,"DemandMax":null,"Value":9025},{"Length":118,"Height":118,"Demand":1,"DemandMax":null,"Value":13924},{"Length":136,"Height":136,"Demand":1,"DemandMax":null,"Value":18496},{"Length":98,"Height":98,"Demand":1,"DemandMax":null,"Value":9604}]}