{"Name":"R_20_50_03","Objects":[],"Items":[{"Length":92,"Height":82,"Demand":1,"DemandMax":null,"Value":7544},{"Length":121,"Height":95,"Demand":1,"DemandMax":null,"Value":11495},{"Length":76,"Height":141,"Demand":1,"DemandMax":null,"Value":10716},{"Length":120,"Height":138,"Demand":1,"DemandMax":null,"Value":16560},{"Length":133,"Height":141,"Demand":1,"DemandMax":null,"Value":18753},{"Length":114,"Height":117,"Demand":1,"DemandMax":null,"Value":13338},{"Length":97,"Height":91,"Demand":1,"DemandMax":null,"Value":8827},{"Length":94,"Height":55,"Demand":1,"DemandMax":null,"Value":5170},{"Length":70,"Height":118,"Demand":1,"DemandMax":null,"Value":8260},{"Length":96,"Height":53,"Demand":1,"DemandMax":null,"Value":5088},{"Length":58,"Height":130,"Demand":1,"DemandMax":null,"Value":7540},{"Length":80,"Height":104,"Demand":1,"DemandMax":null,"Value":8320},{"Length":95,"Height":90,"Demand":1,"DemandMax":null,"Value":8550},{"Length":115,"Height":97,"Demand":1,"DemandMax":null,"Value":11155},{"Length":76,"Height":59,"Demand":1,"DemandMax":null,"Value":4484},{"Length":140,"Height":136,"Demand":1,"DemandMax":null,"Value":19040},{"Length":103,"Height":101,"Demand":1,"DemandMax":null,"Value":10403},{"Length":121,"Height":83,"Demand":1,"DemandMax":null,"Value":10043},{"Length":126,"Height":125,"Demand":1,"DemandMax":null,"Value":15750},{"Length":122,"Height":136,"Demand":1,"DemandMax":null,"Value":16592}]}