{"Name":"S_15_70_04","Objects":[],"Items":[{"Length":42,"Height":42,"Demand":1,"DemandMax":null,"Value":1764},{"Length":85,"Height":85,"Demand":1,"DemandMax":null,"Value":7225},{"Length":101,"Height":101,"Demand":1,"DemandMax":null,"Value":10201},{"Length":158,"Height":158,"Demand":1,"DemandMax":null,"Value":24964},{"Length":41,"Height":41,"Demand":1,"DemandMax":null,"Value":1681},{"Length":100,"Height":100,"Demand":1,"DemandMax":null,"Value":10000},{"Length":36,"Height":36,"Demand":1,"DemandMax":null,"Value":1296},{"Length":150,"Height":150,"Demand":1,"DemandMax":null,"Value":22500},{"Length":91,"Height":91,"Demand":1,"DemandMax":null,"Value":8281},{"Length":95,"Height":95,"Demand":1,"DemandMax":null,"Value":9025},{"Length":121,"Height":121,"Demand":1,"DemandMax":null,"Value":14641},{"Length":108,"Height":108,"Demand":1,"DemandMax":null,"Value":11664},{"Length":79,"Height":79,"Demand":1,"DemandMax":null,"Value":6241},{"Length":122,"Height":122,"Demand":1,"DemandMax":null,"Value":14884},{"Length":59,"Height":59,"Demand":1,"DemandMax":null,"Value":3481}]}