{"Name":"R_10_70_03","Objects":[],"Items":[{"Length":44,"Height":139,"Demand":1,"DemandMax":null,"Value":6116},{"Length":107,"Height":53,"Demand":1,"DemandMax":null,"Value":5671},{"Length":36,"Height":161,"Demand":1,"DemandMax":null,"Value":5796},{"Length":57,"Height":43,"Demand":1,"DemandMax":null,"Value":2451},{"Length":42,"Height":103,"Demand":1,"DemandMax":null,"Value":4326},{"Length":103,"Height":120,"Demand":1,"DemandMax":null,"Value":12360},{"Length":73,"Height":140,"Demand":1,"DemandMax":null,"Value":10220},{"Length":77,"Height":150,"Demand":1,"DemandMax":null,"Value":11550},{"Length":162,"Height":137,"Demand":1,"DemandMax":null,"Value":22194},{"Length":133,"Height":41,"Demand":1,"DemandMax":null,"Value":5453}]}