{"Name":"R_20_30_01","Objects":[],"Items":[{"Length":79,"Height":109,"Demand":1,"DemandMax":null,"Value":8611},{"Length":126,"Height":129,"Demand":1,"DemandMax":null,"Value":16254},{"Length":83,"Height":85,"Demand":1,"DemandMax":null,"Value":7055},{"Length":101,"Height":119,"Demand":1,"DemandMax":null,"Value":12019},{"Length":72,"Height":70,"Demand":1,"DemandMax":null,"Value":5040},{"Length":97,"Height":86,"Demand":1,"DemandMax":null,"Value":8342},{"Length":99,"Height":114,"Demand":1,"DemandMax":null,"Value":11286},{"Length":72,"Height":110,"Demand":1,"DemandMax":null,"Value":7920},{"Length":75,"Height":122,"Demand":1,"DemandMax":null,"Value":9150},{"Length":77,"Height":104,"Demand":1,"DemandMax":null,"Value":8008},{"Length":119,"Height":93,"Demand":1,"DemandMax":null,"Value":11067},{"Length":114,"Height":85,"Demand":1,"DemandMax":null,"Value":9690},{"Length":99,"Height":91,"Demand":1,"DemandMax":null,"Value":9009},{"Length":88,"Height":96,"Demand":1,"DemandMax":null,"Value":8448},{"Length":96,"Height":86,"Demand":1,"DemandMax":null,"Value":8256},{"Length":73,"Height":71,"Demand":1,"DemandMax":null,"Value":5183},{"Length":124,"Height":122,"Demand":1,"DemandMax":null,"Value":15128},{"Length":78,"Height":81,"Demand":1,"DemandMax":null,"Value":6318},{"Length":90,"Height":119,"Demand":1,"DemandMax":null,"Value":10710},{"Length":99,"Height":113,"Demand":1,"DemandMax":null,"Value":11187}]}