{"Name":"R_10_70_06","Objects":[],"Items":[{"Length":34,"Height":78,"Demand":1,"DemandMax":null,"Value":2652},{"Length":31,"Height":116,"Demand":1,"DemandMax":null,"Value":3596},{"Length":114,"Height":138,"Demand":1,"DemandMax":null,"Value":15732},{"Length":105,"Height":142,"Demand":1,"DemandMax":null,"Value":14910},{"Length":132,"Height":42,"Demand":1,"DemandMax":null,"Value":5544},{"Length":40,"Height":71,"Demand":1,"DemandMax":null,"Value":2840},{"Length":120,"Height":55,"Demand":1,"DemandMax":null,"Value":6600},{"Length":76,"Height":139,"Demand":1,"DemandMax":null,"Value":10564},{"Length":99,"Height":67,"Demand":1,"DemandMax":null,"Value":6633},{"Length":50,"Height":170,"Demand":1,"DemandMax":null,"Value":8500}]}