{"Name":"S_15_10_03","Objects":[],"Items":[{"Length":91,"Height":91,"Demand":1,"DemandMax":null,"Value":8281},{"Length":93,"Height":93,"Demand":3,"DemandMax":null,"Value":8649},{"Length":109,"Height":109,"Demand":3,"DemandMax":null,"Value":11881},{"Length":98,"Height":98,"Demand":1,"DemandMax":null,"Value":9604},{"Length":99,"Height":99,"Demand":3,"DemandMax":null,"Value":9801},{"Length":108,"Height":108,"Demand":1,"DemandMax":null,"Value":11664},{"Length":102,"Height":102,"Demand":1,"DemandMax":null,"Value":10404},{"Length":97,"Height":97,"Demand":1,"DemandMax":null,"Value":9409},{"Length":101,"Height":101,"Demand":1,"DemandMax":null,"Value":10201}]}