{"Name":"S_15_50_05","Objects":[],"Items":[{"Length":109,"Height":109,"Demand":1,"DemandMax":null,"Value":11881},{"Length":118,"Height":118,"Demand":1,"DemandMax":null,"Value":13924},{"Length":106,"Height":106,"Demand":1,"DemandMax":null,"Value":11236},{"Length":84,"Height":84,"Demand":1,"DemandMax":null,"Value":7056},{"Length":125,"Height":125,"Demand":1,"DemandMax":null,"Value":15625},{"Length":101,"Height":101,"Demand":1,"DemandMax":null,"Value":10201},{"Length":60,"Height":60,"Demand":1,"DemandMax":null,"Value":3600},{"Length":52,"Height":52,"Demand":1,"DemandMax":null,"Value":2704},{"Length":146,"Height":146,"Demand":1,"DemandMax":null,"Value":21316},{"Length":121,"Height":121,"Demand":1,"DemandMax":null,"Value":14641},{"Length":74,"Height":74,"Demand":1,"DemandMax":null,"Value":5476},{"Length":61,"Height":61,"Demand":1,"DemandMax":null,"Value":3721},{"Length":99,"Height":99,"Demand":1,"DemandMax":null,"Value":9801},{"Length":75,"Height":75,"Demand":1,"DemandMax":null,"Value":5625},{"Length":54,"Height":54,"Demand":1,"DemandMax":null,"Value":2916}]}