{"Name":"S_15_70_07","Objects":[],"Items":[{"Length":45,"Height":45,"Demand":1,"DemandMax":null,"Value":2025},{"Length":68,"Height":68,"Demand":1,"DemandMax":null,"Value":4624},{"Length":143,"Height":143,"Demand":1,"DemandMax":null,"Value":20449},{"Length":98,"Height":98,"Demand":1,"DemandMax":null,"Value":9604},{"Length":82,"Height":82,"Demand":1,"DemandMax":null,"Value":6724},{"Length":140,"Height":140,"Demand":1,"DemandMax":null,"Value":19600},{"Length":146,"Height":146,"Demand":1,"DemandMax":null,"Value":21316},{"Length":115,"Height":115,"Demand":1,"DemandMax":null,"Value":13225},{"Length":38,"Height":38,"Demand":1,"DemandMax":null,"Value":1444},{"Length":158,"Height":158,"Demand":1,"DemandMax":null,"Value":24964},{"Length":40,"Height":40,"Demand":1,"DemandMax":null,"Value":1600},{"Length":160,"Height":160,"Demand":1,"DemandMax":null,"Value":25600},{"Length":142,"Height":142,"Demand":1,"DemandMax":null,"Value":20164},{"Length":39,"Height":39,"Demand":1,"DemandMax":null,"Value":1521},{"Length":60,"Height":60,"Demand":1,"DemandMax":null,"Value":3600}]}