{"Name":"R_10_50_03","Objects":[],"Items":[{"Length":107,"Height":140,"Demand":1,"DemandMax":null,"Value":14980},{"Length":98,"Height":75,"Demand":1,"DemandMax":null,"Value":7350},{"Length":135,"Height":132,"Demand":1,"DemandMax":null,"Value":17820},{"Length":83,"Height":107,"Demand":1,"DemandMax":null,"Value":8881},{"Length":89,"Height":70,"Demand":1,"DemandMax":null,"Value":6230},{"Length":84,"Height":85,"Demand":1,"DemandMax":null,"Value":7140},{"Length":83,"Height":93,"Demand":1,"DemandMax":null,"Value":7719},{"Length":75,"Height":55,"Demand":1,"DemandMax":null,"Value":4125},{"Length":118,"Height":99,"Demand":1,"DemandMax":null,"Value":11682},{"Length":102,"Height":130,"Demand":1,"DemandMax":null,"Value":13260}]}