{"Name":"S_10_90_09","Objects":[],"Items":[{"Length":49,"Height":49,"Demand":1,"DemandMax":null,"Value":2401},{"Length":68,"Height":68,"Demand":1,"DemandMax":null,"Value":4624},{"Length":10,"Height":10,"Demand":1,"DemandMax":null,"Value":100},{"Length":119,"Height":119,"Demand":1,"DemandMax":null,"Value":14161},{"Length":14,"Height":14,"Demand":1,"DemandMax":null,"Value":196},{"Length":96,"Height":96,"Demand":1,"DemandMax":null,"Value":9216},{"Length":99,"Height":99,"Demand":1,"DemandMax":null,"Value":9801},{"Length":84,"Height":84,"Demand":1,"DemandMax":null,"Value":7056},{"Length":82,"Height":82,"Demand":1,"DemandMax":null,"Value":6724},{"Length":171,"Height":171,"Demand":1,"DemandMax":null,"Value":29241}]}