{"Name":"S_10_50_01","Objects":[],"Items":[{"Length":89,"Height":89,"Demand":1,"DemandMax":null,"Value":7921},{"Length":109,"Height":109,"Demand":1,"DemandMax":null,"Value":11881},{"Length":61,"Height":61,"Demand":1,"DemandMax":null,"Value":3721},{"Length":60,"Height":60,"Demand":1,"DemandMax":null,"Value":3600},{"Length":116,"Height":116,"Demand":1,"DemandMax":null,"Value":13456},{"Length":53,"Height":53,"Demand":1,"DemandMax":null,"Value":2809},{"Length":113,"Height":113,"Demand":1,"DemandMax":null,"Value":12769},{"Length":104,"Height":104,"Demand":1,"DemandMax":null,"Value":10816},{"Length":130,"Height":130,"Demand":1,"DemandMax":null,"Value":16900},{"Length":97,"Height":97,"Demand":1,"DemandMax":null,"Value":9409}]}