{"Name":"S_15_10_02","Objects":[],"Items":[{"Length":104,"Height":104,"Demand":2,"DemandMax":null,"Value":10816},{"Length":99,"Height":99,"Demand":1,"DemandMax":null,"Value":9801},{"Length":93,"Height":93,"Demand":1,"DemandMax":null,"Value":8649},{"Length":108,"Height":108,"Demand":1,"DemandMax":null,"Value":11664},{"Length":106,"Height":106,"Demand":2,"DemandMax":null,"Value":11236},{"Length":102,"Height":102,"Demand":2,"DemandMax":null,"Value":10404},{"Length":98,"Height":98,"Demand":2,"DemandMax":null,"Value":9604},{"Length":92,"Height":92,"Demand":1,"DemandMax":null,"Value":8464},{"Length":110,"Height":110,"Demand":1,"DemandMax":null,"Value":12100},{"Length":109,"Height":109,"Demand":1,"DemandMax":null,"Value":11881},{"Length":103,"Height":103,"Demand":1,"DemandMax":null,"Value":10609}]}