{"Name":"R_20_70_01","Objects":[],"Items":[{"Length":42,"Height":160,"Demand":1,"DemandMax":null,"Value":6720},{"Length":45,"Height":37,"Demand":1,"DemandMax":null,"Value":1665},{"Length":109,"Height":89,"Demand":1,"DemandMax":null,"Value":9701},{"Length":148,"Height":101,"Demand":1,"DemandMax":null,"Value":14948},{"Length":80,"Height":54,"Demand":1,"DemandMax":null,"Value":4320},{"Length":134,"Height":155,"Demand":1,"DemandMax":null,"Value":20770},{"Length":53,"Height":31,"Demand":1,"DemandMax":null,"Value":1643},{"Length":127,"Height":63,"Demand":1,"DemandMax":null,"Value":8001},{"Length":146,"Height":144,"Demand":1,"DemandMax":null,"Value":21024},{"Length":140,"Height":34,"Demand":1,"DemandMax":null,"Value":4760},{"Length":107,"Height":31,"Demand":1,"DemandMax":null,"Value":3317},{"Length":162,"Height":55,"Demand":1,"DemandMax":null,"Value":8910},{"Length":46,"Height":39,"Demand":1,"DemandMax":null,"Value":1794},{"Length":156,"Height":116,"Demand":1,"DemandMax":null,"Value":18096},{"Length":140,"Height":87,"Demand":1,"DemandMax":null,"Value":12180},{"Length":139,"Height":96,"Demand":1,"DemandMax":null,"Value":13344},{"Length":85,"Height":37,"Demand":1,"DemandMax":null,"Value":3145},{"Length":41,"Height":76,"Demand":1,"DemandMax":null,"Value":3116},{"Length":134,"Height":90,"Demand":1,"DemandMax":null,"Value":12060},{"Length":156,"Height":138,"Demand":1,"DemandMax":null,"Value":21528}]}