{"Name":"R_10_10_08","Objects":[],"Items":[{"Length":94,"Height":104,"Demand":1,"DemandMax":null,"Value":9776},{"Length":93,"Height":110,"Demand":1,"DemandMax":null,"Value":10230},{"Length":110,"Height":96,"Demand":1,"DemandMax":null,"Value":10560},{"Length":100,"Height":107,"Demand":1,"DemandMax":null,"Value":10700},{"Length":107,"Height":99,"Demand":1,"DemandMax":null,"Value":10593},{"Length":93,"Height":94,"Demand":1,"DemandMax":null,"Value":8742},{"Length":93,"Height":95,"Demand":1,"DemandMax":null,"Value":8835},{"Length":96,"Height":104,"Demand":1,"DemandMax":null,"Value":9984},{"Length":109,"Height":110,"Demand":1,"DemandMax":null,"Value":11990},{"Length":90,"Height":106,"Demand":1,"DemandMax":null,"Value":9540}]}