{"Name":"R_20_50_04","Objects":[],"Items":[{"Length":128,"Height":90,"Demand":1,"DemandMax":null,"Value":11520},{"Length":102,"Height":118,"Demand":1,"DemandMax":null,"Value":12036},{"Length":51,"Height":91,"Demand":1,"DemandMax":null,"Value":4641},{"Length":68,"Height":91,"Demand":1,"DemandMax":null,"Value":6188},{"Length":81,"Height":60,"Demand":1,"DemandMax":null,"Value":4860},{"Length":102,"Height":64,"Demand":1,"DemandMax":null,"Value":6528},{"Length":77,"Height":70,"Demand":1,"DemandMax":null,"Value":5390},{"Length":106,"Height":111,"Demand":1,"DemandMax":null,"Value":11766},{"Length":56,"Height":63,"Demand":1,"DemandMax":null,"Value":3528},{"Length":142,"Height":143,"Demand":1,"DemandMax":null,"Value":20306},{"Length":57,"Height":75,"Demand":1,"DemandMax":null,"Value":4275},{"Length":94,"Height":111,"Demand":1,"DemandMax":null,"Value":10434},{"Length":55,"Height":58,"Demand":1,"DemandMax":null,"Value":3190},{"Length":137,"Height":116,"Demand":1,"DemandMax":null,"Value":15892},{"Length":110,"Height":129,"Demand":1,"DemandMax":null,"Value":14190},{"Length":102,"Height":70,"Demand":1,"DemandMax":null,"Value":7140},{"Length":136,"Height":74,"Demand":1,"DemandMax":null,"Value":10064},{"Length":69,"Height":52,"Demand":1,"DemandMax":null,"Value":3588},{"Length":110,"Height":75,"Demand":1,"DemandMax":null,"Value":8250},{"Length":70,"Height":140,"Demand":1,"DemandMax":null,"Value":9800}]}