{"Name":"R_10_50_05","Objects":[],"Items":[{"Length":90,"Height":139,"Demand":1,"DemandMax":null,"Value":12510},{"Length":73,"Height":119,"Demand":1,"DemandMax":null,"Value":8687},{"Length":76,"Height":128,"Demand":1,"DemandMax":null,"Value":9728},{"Length":123,"Height":81,"Demand":1,"DemandMax":null,"Value":9963},{"Length":71,"Height":93,"Demand":1,"DemandMax":null,"Value":6603},{"Length":67,"Height":103,"Demand":1,"DemandMax":null,"Value":6901},{"Length":69,"Height":73,"Demand":1,"DemandMax":null,"Value":5037},{"Length":51,"Height":64,"Demand":1,"DemandMax":null,"Value":3264},{"Length":66,"Height":96,"Demand":1,"DemandMax":null,"Value":6336},{"Length":87,"Height":83,"Demand":1,"DemandMax":null,"Value":7221}]}