{"Name":"S_15_50_08","Objects":[],"Items":[{"Length":103,"Height":103,"Demand":3,"DemandMax":null,"Value":10609},{"Length":51,"Height":51,"Demand":1,"DemandMax":null,"Value":2601},{"Length":147,"Height":147,"Demand":1,"DemandMax":null,"Value":21609},{"Length":123,"Height":123,"Demand":1,"DemandMax":null,"Value":15129},{"Length":84,"Height":84,"Demand":1,"DemandMax":null,"Value":7056},{"Length":77,"Height":77,"Demand":1,"DemandMax":null,"Value":5929},{"Length":110,"Height":110,"Demand":1,"DemandMax":null,"Value":12100},{"Length":74,"Height":74,"Demand":1,"DemandMax":null,"Value":5476},{"Length":61,"Height":61,"Demand":1,"DemandMax":null,"Value":3721},{"Length":148,"Height":148,"Demand":1,"DemandMax":null,"Value":21904},{"Length":111,"Height":111,"Demand":1,"DemandMax":null,"Value":12321},{"Length":52,"Height":52,"Demand":1,"DemandMax":null,"Value":2704},{"Length":149,"Height":149,"Demand":1,"DemandMax":null,"Value":22201}]}