{"Name":"S_15_70_00","Objects":[],"Items":[{"Length":73,"Height":73,"Demand":1,"DemandMax":null,"Value":5329},{"Length":121,"Height":121,"Demand":1,"DemandMax":null,"Value":14641},{"Length":120,"Height":120,"Demand":1,"DemandMax":null,"Value":14400},{"Length":153,"Height":153,"Demand":1,"DemandMax":null,"Value":23409},{"Length":36,"Height":36,"Demand":1,"DemandMax":null,"Value":1296},{"Length":130,"Height":130,"Demand":1,"DemandMax":null,"Value":16900},{"Length":97,"Height":97,"Demand":1,"DemandMax":null,"Value":9409},{"Length":134,"Height":134,"Demand":1,"DemandMax":null,"Value":17956},{"Length":155,"Height":155,"Demand":1,"DemandMax":null,"Value":24025},{"Length":135,"Height":135,"Demand":1,"DemandMax":null,"Value":18225},{"Length":59,"Height":59,"Demand":1,"DemandMax":null,"Value":3481},{"Length":93,"Height":93,"Demand":1,"DemandMax":null,"Value":8649},{"Length":131,"Height":131,"Demand":1,"DemandMax":null,"Value":17161},{"Length":163,"Height":163,"Demand":1,"DemandMax":null,"Value":26569},{"Length":109,"Height":109,"Demand":1,"DemandMax":null,"Value":11881}]}