{"Name":"R_15_90_08","Objects":[],"Items":[{"Length":59,"Height":39,"Demand":1,"DemandMax":null,"Value":2301},{"Length":10,"Height":40,"Demand":1,"DemandMax":null,"Value":400},{"Length":95,"Height":162,"Demand":1,"DemandMax":null,"Value":15390},{"Length":115,"Height":143,"Demand":1,"DemandMax":null,"Value":16445},{"Length":31,"Height":89,"Demand":1,"DemandMax":null,"Value":2759},{"Length":135,"Height":155,"Demand":1,"DemandMax":null,"Value":20925},{"Length":73,"Height":106,"Demand":1,"DemandMax":null,"Value":7738},{"Length":46,"Height":96,"Demand":1,"DemandMax":null,"Value":4416},{"Length":111,"Height":97,"Demand":1,"DemandMax":null,"Value":10767},{"Length":21,"Height":169,"Demand":1,"DemandMax":null,"Value":3549},{"Length":21,"Height":67,"Demand":1,"DemandMax":null,"Value":1407},{"Length":87,"Height":85,"Demand":1,"DemandMax":null,"Value":7395},{"Length":46,"Height":162,"Demand":1,"DemandMax":null,"Value":7452},{"Length":47,"Height":116,"Demand":1,"DemandMax":null,"Value":5452},{"Length":112,"Height":144,"Demand":1,"DemandMax":null,"Value":16128}]}