{"Name":"S_15_50_01","Objects":[],"Items":[{"Length":101,"Height":101,"Demand":1,"DemandMax":null,"Value":10201},{"Length":115,"Height":115,"Demand":1,"DemandMax":null,"Value":13225},{"Length":131,"Height":131,"Demand":1,"DemandMax":null,"Value":17161},{"Length":64,"Height":64,"Demand":2,"DemandMax":null,"Value":4096},{"Length":87,"Height":87,"Demand":1,"DemandMax":null,"Value":7569},{"Length":112,"Height":112,"Demand":1,"DemandMax":null,"Value":12544},{"Length":144,"Height":144,"Demand":1,"DemandMax":null,"Value":20736},{"Length":72,"Height":72,"Demand":2,"DemandMax":null,"Value":5184},{"Length":120,"Height":120,"Demand":1,"DemandMax":null,"Value":14400},{"Length":130,"Height":130,"Demand":1,"DemandMax":null,"Value":16900},{"Length":73,"Height":73,"Demand":1,"DemandMax":null,"Value":5329},{"Length":85,"Height":85,"Demand":1,"DemandMax":null,"Value":7225},{"Length":133,"Height":133,"Demand":1,"DemandMax":null,"Value":17689}]}