{"Name":"R_10_10_07","Objects":[],"Items":[{"Length":93,"Height":96,"Demand":1,"DemandMax":null,"Value":8928},{"Length":101,"Height":90,"Demand":1,"DemandMax":null,"Value":9090},{"Length":106,"Height":97,"Demand":1,"DemandMax":null,"Value":10282},{"Length":94,"Height":90,"Demand":1,"DemandMax":null,"Value":8460},{"Length":101,"Height":92,"Demand":1,"DemandMax":null,"Value":9292},{"Length":105,"Height":95,"Demand":1,"DemandMax":null,"Value":9975},{"Length":99,"Height":102,"Demand":1,"DemandMax":null,"Value":10098},{"Length":96,"Height":107,"Demand":1,"DemandMax":null,"Value":10272},{"Length":102,"Height":106,"Demand":1,"DemandMax":null,"Value":10812},{"Length":93,"Height":102,"Demand":1,"DemandMax":null,"Value":9486}]}