{"Name":"S_20_50_08","Objects":[],"Items":[{"Length":128,"Height":128,"Demand":1,"DemandMax":null,"Value":16384},{"Length":90,"Height":90,"Demand":1,"DemandMax":null,"Value":8100},{"Length":102,"Height":102,"Demand":2,"DemandMax":null,"Value":10404},{"Length":118,"Height":118,"Demand":1,"DemandMax":null,"Value":13924},{"Length":51,"Height":51,"Demand":1,"DemandMax":null,"Value":2601},{"Length":91,"Height":91,"Demand":2,"DemandMax":null,"Value":8281},{"Length":68,"Height":68,"Demand":1,"DemandMax":null,"Value":4624},{"Length":81,"Height":81,"Demand":1,"DemandMax":null,"Value":6561},{"Length":60,"Height":60,"Demand":1,"DemandMax":null,"Value":3600},{"Length":64,"Height":64,"Demand":1,"DemandMax":null,"Value":4096},{"Length":77,"Height":77,"Demand":1,"DemandMax":null,"Value":5929},{"Length":70,"Height":70,"Demand":1,"DemandMax":null,"Value":4900},{"Length":106,"Height":106,"Demand":1,"DemandMax":null,"Value":11236},{"Length":111,"Height":111,"Demand":1,"DemandMax":null,"Value":12321},{"Length":56,"Height":56,"Demand":1,"DemandMax":null,"Value":3136},{"Length":63,"Height":63,"Demand":1,"DemandMax":null,"Value":3969},{"Length":142,"Height":142,"Demand":1,"DemandMax":null,"Value":20164},{"Length":143,"Height":143,"Demand":1,"DemandMax":null,"Value":20449}]}