{"Name":"S_15_10_06","Objects":[],"Items":[{"Length":107,"Height":107,"Demand":1,"DemandMax":null,"Value":11449},{"Length":105,"Height":105,"Demand":2,"DemandMax":null,"Value":11025},{"Length":103,"Height":103,"Demand":1,"DemandMax":null,"Value":10609},{"Length":109,"Height":109,"Demand":2,"DemandMax":null,"Value":11881},{"Length":110,"Height":110,"Demand":2,"DemandMax":null,"Value":12100},{"Length":90,"Height":90,"Demand":1,"DemandMax":null,"Value":8100},{"Length":108,"Height":108,"Demand":1,"DemandMax":null,"Value":11664},{"Length":102,"Height":102,"Demand":1,"DemandMax":null,"Value":10404},{"Length":100,"Height":100,"Demand":1,"DemandMax":null,"Value":10000},{"Length":92,"Height":92,"Demand":1,"DemandMax":null,"Value":8464},{"Length":96,"Height":96,"Demand":2,"DemandMax":null,"Value":9216}]}