{"Name":"R_15_90_09","Objects":[],"Items":[{"Length":144,"Height":152,"Demand":1,"DemandMax":null,"Value":21888},{"Length":81,"Height":60,"Demand":1,"DemandMax":null,"Value":4860},{"Length":169,"Height":133,"Demand":1,"DemandMax":null,"Value":22477},{"Length":67,"Height":177,"Demand":1,"DemandMax":null,"Value":11859},{"Length":128,"Height":38,"Demand":1,"DemandMax":null,"Value":4864},{"Length":124,"Height":123,"Demand":1,"DemandMax":null,"Value":15252},{"Length":105,"Height":151,"Demand":1,"DemandMax":null,"Value":15855},{"Length":40,"Height":189,"Demand":1,"DemandMax":null,"Value":7560},{"Length":100,"Height":162,"Demand":1,"DemandMax":null,"Value":16200},{"Length":170,"Height":30,"Demand":1,"DemandMax":null,"Value":5100},{"Length":171,"Height":43,"Demand":1,"DemandMax":null,"Value":7353},{"Length":160,"Height":69,"Demand":1,"DemandMax":null,"Value":11040},{"Length":39,"Height":174,"Demand":1,"DemandMax":null,"Value":6786},{"Length":94,"Height":163,"Demand":1,"DemandMax":null,"Value":15322},{"Length":27,"Height":66,"Demand":1,"DemandMax":null,"Value":1782}]}