{"Name":"R_15_90_04","Objects":[],"Items":[{"Length":61,"Height":166,"Demand":1,"DemandMax":null,"Value":10126},{"Length":124,"Height":78,"Demand":1,"DemandMax":null,"Value":9672},{"Length":186,"Height":11,"Demand":1,"DemandMax":null,"Value":2046},{"Length":140,"Height":160,"Demand":1,"DemandMax":null,"Value":22400},{"Length":111,"Height":26,"Demand":1,"DemandMax":null,"Value":2886},{"Length":172,"Height":151,"Demand":1,"DemandMax":null,"Value":25972},{"Length":103,"Height":71,"Demand":1,"DemandMax":null,"Value":7313},{"Length":170,"Height":113,"Demand":1,"DemandMax":null,"Value":19210},{"Length":165,"Height":14,"Demand":1,"DemandMax":null,"Value":2310},{"Length":111,"Height":80,"Demand":1,"DemandMax":null,"Value":8880},{"Length":161,"Height":19,"Demand":1,"DemandMax":null,"Value":3059},{"Length":93,"Height":108,"Demand":1,"DemandMax":null,"Value":10044},{"Length":155,"Height":151,"Demand":1,"DemandMax":null,"Value":23405},{"Length":186,"Height":168,"Demand":1,"DemandMax":null,"Value":31248},{"Length":73,"Height":57,"Demand":1,"DemandMax":null,"Value":4161}]}