{"Name":"R_10_50_07","Objects":[],"Items":[{"Length":134,"Height":123,"Demand":1,"DemandMax":null,"Value":16482},{"Length":56,"Height":106,"Demand":1,"DemandMax":null,"Value":5936},{"Length":55,"Height":147,"Demand":1,"DemandMax":null,"Value":8085},{"Length":106,"Height":90,"Demand":1,"DemandMax":null,"Value":9540},{"Length":82,"Height":149,"Demand":1,"DemandMax":null,"Value":12218},{"Length":108,"Height":129,"Demand":1,"DemandMax":null,"Value":13932},{"Length":86,"Height":147,"Demand":1,"DemandMax":null,"Value":12642},{"Length":135,"Height":136,"Demand":1,"DemandMax":null,"Value":18360},{"Length":96,"Height":81,"Demand":1,"DemandMax":null,"Value":7776},{"Length":92,"Height":66,"Demand":1,"DemandMax":null,"Value":6072}]}