{"Name":"S_20_50_02","Objects":[],"Items":[{"Length":140,"Height":140,"Demand":2,"DemandMax":null,"Value":19600},{"Length":138,"Height":138,"Demand":1,"DemandMax":null,"Value":19044},{"Length":132,"Height":132,"Demand":1,"DemandMax":null,"Value":17424},{"Length":108,"Height":108,"Demand":1,"DemandMax":null,"Value":11664},{"Length":70,"Height":70,"Demand":1,"DemandMax":null,"Value":4900},{"Length":74,"Height":74,"Demand":1,"DemandMax":null,"Value":5476},{"Length":52,"Height":52,"Demand":1,"DemandMax":null,"Value":2704},{"Length":114,"Height":114,"Demand":1,"DemandMax":null,"Value":12996},{"Length":143,"Height":143,"Demand":1,"DemandMax":null,"Value":20449},{"Length":103,"Height":103,"Demand":2,"DemandMax":null,"Value":10609},{"Length":129,"Height":129,"Demand":2,"DemandMax":null,"Value":16641},{"Length":64,"Height":64,"Demand":1,"DemandMax":null,"Value":4096},{"Length":75,"Height":75,"Demand":1,"DemandMax":null,"Value":5625},{"Length":145,"Height":145,"Demand":1,"DemandMax":null,"Value":21025},{"Length":119,"Height":119,"Demand":1,"DemandMax":null,"Value":14161},{"Length":89,"Height":89,"Demand":1,"DemandMax":null,"Value":7921},{"Length":112,"Height":112,"Demand":1,"DemandMax":null,"Value":12544}]}