{"Name":"R_10_10_09","Objects":[],"Items":[{"Length":98,"Height":110,"Demand":1,"DemandMax":null,"Value":10780},{"Length":100,"Height":106,"Demand":1,"DemandMax":null,"Value":10600},{"Length":104,"Height":105,"Demand":1,"DemandMax":null,"Value":10920},{"Length":94,"Height":110,"Demand":1,"DemandMax":null,"Value":10340},{"Length":96,"Height":101,"Demand":1,"DemandMax":null,"Value":9696},{"Length":110,"Height":108,"Demand":1,"DemandMax":null,"Value":11880},{"Length":99,"Height":91,"Demand":1,"DemandMax":null,"Value":9009},{"Length":91,"Height":99,"Demand":1,"DemandMax":null,"Value":9009},{"Length":98,"Height":96,"Demand":1,"DemandMax":null,"Value":9408},{"Length":107,"Height":98,"Demand":1,"DemandMax":null,"Value":10486}]}