{"Name":"S_10_90_06","Objects":[],"Items":[{"Length":25,"Height":25,"Demand":1,"DemandMax":null,"Value":625},{"Length":126,"Height":126,"Demand":1,"DemandMax":null,"Value":15876},{"Length":185,"Height":185,"Demand":1,"DemandMax":null,"Value":34225},{"Length":81,"Height":81,"Demand":1,"DemandMax":null,"Value":6561},{"Length":123,"Height":123,"Demand":1,"DemandMax":null,"Value":15129},{"Length":128,"Height":128,"Demand":1,"DemandMax":null,"Value":16384},{"Length":171,"Height":171,"Demand":1,"DemandMax":null,"Value":29241},{"Length":89,"Height":89,"Demand":1,"DemandMax":null,"Value":7921},{"Length":60,"Height":60,"Demand":1,"DemandMax":null,"Value":3600},{"Length":99,"Height":99,"Demand":1,"DemandMax":null,"Value":9801}]}