{"Name":"S_15_50_09","Objects":[],"Items":[{"Length":115,"Height":115,"Demand":1,"DemandMax":null,"Value":13225},{"Length":93,"Height":93,"Demand":1,"DemandMax":null,"Value":8649},{"Length":94,"Height":94,"Demand":1,"DemandMax":null,"Value":8836},{"Length":141,"Height":141,"Demand":1,"DemandMax":null,"Value":19881},{"Length":147,"Height":147,"Demand":1,"DemandMax":null,"Value":21609},{"Length":130,"Height":130,"Demand":1,"DemandMax":null,"Value":16900},{"Length":76,"Height":76,"Demand":1,"DemandMax":null,"Value":5776},{"Length":135,"Height":135,"Demand":1,"DemandMax":null,"Value":18225},{"Length":105,"Height":105,"Demand":1,"DemandMax":null,"Value":11025},{"Length":109,"Height":109,"Demand":1,"DemandMax":null,"Value":11881},{"Length":68,"Height":68,"Demand":1,"DemandMax":null,"Value":4624},{"Length":60,"Height":60,"Demand":1,"DemandMax":null,"Value":3600},{"Length":77,"Height":77,"Demand":1,"DemandMax":null,"Value":5929},{"Length":146,"Height":146,"Demand":1,"DemandMax":null,"Value":21316},{"Length":138,"Height":138,"Demand":1,"DemandMax":null,"Value":19044}]}