{"Name":"R_20_70_03","Objects":[],"Items":[{"Length":168,"Height":95,"Demand":1,"DemandMax":null,"Value":15960},{"Length":95,"Height":62,"Demand":1,"DemandMax":null,"Value":5890},{"Length":54,"Height":81,"Demand":1,"DemandMax":null,"Value":4374},{"Length":95,"Height":119,"Demand":1,"DemandMax":null,"Value":11305},{"Length":91,"Height":62,"Demand":1,"DemandMax":null,"Value":5642},{"Length":147,"Height":155,"Demand":1,"DemandMax":null,"Value":22785},{"Length":159,"Height":111,"Demand":1,"DemandMax":null,"Value":17649},{"Length":54,"Height":83,"Demand":1,"DemandMax":null,"Value":4482},{"Length":49,"Height":132,"Demand":1,"DemandMax":null,"Value":6468},{"Length":45,"Height":54,"Demand":1,"DemandMax":null,"Value":2430},{"Length":66,"Height":138,"Demand":1,"DemandMax":null,"Value":9108},{"Length":70,"Height":158,"Demand":1,"DemandMax":null,"Value":11060},{"Length":58,"Height":162,"Demand":1,"DemandMax":null,"Value":9396},{"Length":134,"Height":43,"Demand":1,"DemandMax":null,"Value":5762},{"Length":44,"Height":118,"Demand":1,"DemandMax":null,"Value":5192},{"Length":47,"Height":164,"Demand":1,"DemandMax":null,"Value":7708},{"Length":105,"Height":123,"Demand":1,"DemandMax":null,"Value":12915},{"Length":43,"Height":159,"Demand":1,"DemandMax":null,"Value":6837},{"Length":112,"Height":57,"Demand":1,"DemandMax":null,"Value":6384},{"Length":88,"Height":134,"Demand":1,"DemandMax":null,"Value":11792}]}