{"Name":"S_20_10_03","Objects":[],"Items":[{"Length":90,"Height":90,"Demand":1,"DemandMax":null,"Value":8100},{"Length":98,"Height":98,"Demand":2,"DemandMax":null,"Value":9604},{"Length":94,"Height":94,"Demand":2,"DemandMax":null,"Value":8836},{"Length":102,"Height":102,"Demand":2,"DemandMax":null,"Value":10404},{"Length":100,"Height":100,"Demand":2,"DemandMax":null,"Value":10000},{"Length":104,"Height":104,"Demand":1,"DemandMax":null,"Value":10816},{"Length":110,"Height":110,"Demand":2,"DemandMax":null,"Value":12100},{"Length":91,"Height":91,"Demand":1,"DemandMax":null,"Value":8281},{"Length":93,"Height":93,"Demand":2,"DemandMax":null,"Value":8649},{"Length":95,"Height":95,"Demand":2,"DemandMax":null,"Value":9025},{"Length":99,"Height":99,"Demand":1,"DemandMax":null,"Value":9801},{"Length":103,"Height":103,"Demand":1,"DemandMax":null,"Value":10609},{"Length":97,"Height":97,"Demand":1,"DemandMax":null,"Value":9409}]}