{"Name":"MG1","Objects":[{"Length":50,"Height":50,"Stock":null,"Cost":2500}],"Items":[{"Length":20,"Height":16,"Demand":1,"DemandMax":null,"Value":320},{"Length":9,"Height":16,"Demand":1,"DemandMax":null,"Value":144},{"Length":10,"Height":20,"Demand":1,"DemandMax":null,"Value":200},{"Length":22,"Height":14,"Demand":1,"DemandMax":null,"Value":308},{"Length":21,"Height":16,"Demand":1,"DemandMax":null,"Value":336},{"Length":22,"Height":23,"Demand":1,"DemandMax":null,"Value":506},{"Length":15,"Height":14,"Demand":1,"DemandMax":null,"Value":210},{"Length":11,"Height":13,"Demand":1,"DemandMax":null,"Value":143},{"Length":5,"Height":14,"Demand":1,"DemandMax":null,"Value":70},{"Length":17,"Height":22,"Demand":1,"DemandMax":null,"Value":374}]}