{"Name":"MG2","Objects":[{"Length":4880,"Height":2130,"Stock":null,"Cost":10394400}],"Items":[{"Length":1580,"Height":768,"Demand":7200,"DemandMax":null,"Value":1213440},{"Length":1575,"Height":1232,"Demand":10000,"DemandMax":null,"Value":1940400},{"Length":1226,"Height":768,"Demand":2000,"DemandMax":null,"Value":941568},{"Length":1073,"Height":768,"Demand":3000,"DemandMax":null,"Value":824064},{"Length":2451,"Height":1226,"Demand":1050,"DemandMax":null,"Value":3004926},{"Length":870,"Height":615,"Demand":4000,"DemandMax":null,"Value":535050},{"Length":1073,"Height":615,"Demand":6000,"DemandMax":null,"Value":659895},{"Length":1580,"Height":1073,"Demand":4000,"DemandMax":null,"Value":1695340},{"Length":1226,"Height":921,"Demand":3600,"DemandMax":null,"Value":1129146},{"Length":1073,"Height":921,"Demand":4000,"DemandMax":null,"Value":988233},{"Length":1073,"Height":1073,"Demand":1250,"DemandMax":null,"Value":1151329},{"Length":1450,"Height":921,"Demand":1000,"DemandMax":null,"Value":1335450},{"Length":1580,"Height":921,"Demand":20000,"DemandMax":null,"Value":1455180},{"Length":1226,"Height":615,"Demand":3000,"DemandMax":null,"Value":753990},{"Length":1580,"Height":1226,"Demand":6000,"DemandMax":null,"Value":1937080},{"Length":1580,"Height":615,"Demand":6000,"DemandMax":null,"Value":971700},{"Length":1226,"Height":1226,"Demand":4200,"DemandMax":null,"Value":1503076},{"Length":1880,"Height":1073,"Demand":500,"DemandMax":null,"Value":2017240},{"Length":1220,"Height":1073,"Demand":600,"DemandMax":null,"Value":1309060},{"Length":1450,"Height":1226,"Demand":2000,"DemandMax":null,"Value":1777700},{"Length":2045,"Height":622,"Demand":750,"DemandMax":null,"Value":1271990},{"Length":1880,"Height":1226,"Demand":400,"DemandMax":null,"Value":2304880},{"Length":1880,"Height":921,"Demand":200,"DemandMax":null,"Value":1731480},{"Length":1450,"Height":768,"Demand":4000,"DemandMax":null,"Value":1113600},{"Length":1575,"Height":1226,"Demand":10400,"DemandMax":null,"Value":1930950},{"Length":2045,"Height":825,"Demand":8450,"DemandMax":null,"Value":1687125},{"Length":1226,"Height":1073,"Demand":2100,"DemandMax":null,"Value":1315498},{"Length":2045,"Height":724,"Demand":1050,"DemandMax":null,"Value":1480580},{"Length":2045,"Height":775,"Demand":2100,"DemandMax":null,"Value":1584875}]}