{"Name":"nice_100","Objects":[{"Length":100.0,"Height":100.0,"Stock":null,"Cost":10000.0}],"Items":[{"Length":29.67335,"Height":18.39726,"Demand":1.0,"DemandMax":null,"Value":545.908335021},{"Length":22.06614,"Height":23.549,"Demand":1.0,"DemandMax":null,"Value":519.63553086},{"Length":26.95086,"Height":17.29864,"Demand":1.0,"DemandMax":null,"Value":466.21322483039995},{"Length":13.4579,"Height":29.552,"Demand":1.0,"DemandMax":null,"Value":397.7078608},{"Length":13.09705,"Height":29.552,"Demand":1.0,"DemandMax":null,"Value":387.04402159999995},{"Length":23.21045,"Height":16.54439,"Demand":1.0,"DemandMax":null,"Value":384.00273687550003},{"Length":16.9388,"Height":22.44377,"Demand":1.0,"DemandMax":null,"Value":380.170531276},{"Length":16.57431,"Height":22.39269,"Demand":1.0,"DemandMax":null,"Value":371.14338579390005},{"Length":26.55496,"Height":13.899,"Demand":1.0,"DemandMax":null,"Value":369.08738904},{"Length":22.06614,"Height":16.13785,"Demand":1.0,"DemandMax":null,"Value":356.10005739900004},{"Length":20.24233,"Height":17.15088,"Demand":1.0,"DemandMax":null,"Value":347.1737727504},{"Length":19.97492,"Height":17.28476,"Demand":1.0,"DemandMax":null,"Value":345.2616982192},{"Length":10.80525,"Height":30.89259,"Demand":1.0,"DemandMax":null,"Value":333.80215809749996},{"Length":32.43149,"Height":10.23024,"Demand":1.0,"DemandMax":null,"Value":331.7819262576},{"Length":23.21045,"Height":13.91518,"Demand":1.0,"DemandMax":null,"Value":322.977589631},{"Length":26.55496,"Height":11.90222,"Demand":1.0,"DemandMax":null,"Value":316.0629760112},{"Length":14.22964,"Height":20.91087,"Demand":1.0,"DemandMax":null,"Value":297.55415218679997},{"Length":9.767532,"Height":29.24603,"Demand":1.0,"DemandMax":null,"Value":285.66153389796},{"Length":18.77154,"Height":15.1735,"Demand":1.0,"DemandMax":null,"Value":284.82996219000006},{"Length":22.06614,"Height":12.90217,"Demand":1.0,"DemandMax":null,"Value":284.7010895238},{"Length":12.41961,"Height":22.92341,"Demand":1.0,"DemandMax":null,"Value":284.6998120701},{"Length":14.06197,"Height":19.85293,"Demand":1.0,"DemandMax":null,"Value":279.17130607210004},{"Length":13.93191,"Height":19.85293,"Demand":1.0,"DemandMax":null,"Value":276.58923399630004},{"Length":13.83029,"Height":19.7188,"Demand":1.0,"DemandMax":null,"Value":272.716722452},{"Length":24.7158,"Height":10.95815,"Demand":1.0,"DemandMax":null,"Value":270.83944377},{"Length":9.388713,"Height":28.77085,"Demand":1.0,"DemandMax":null,"Value":270.12125341604997},{"Length":24.90799,"Height":10.72025,"Demand":1.0,"DemandMax":null,"Value":267.01987979750004},{"Length":13.08796,"Height":20.35862,"Demand":1.0,"DemandMax":null,"Value":266.4528042152},{"Length":24.90799,"Height":10.55447,"Demand":1.0,"DemandMax":null,"Value":262.8906332153},{"Length":16.9388,"Height":15.32676,"Demand":1.0,"DemandMax":null,"Value":259.616922288},{"Length":9.730943,"Height":25.84954,"Demand":1.0,"DemandMax":null,"Value":251.54040031622},{"Length":12.41883,"Height":20.21613,"Demand":1.0,"DemandMax":null,"Value":251.0606817279},{"Length":23.56123,"Height":9.902114,"Demand":1.0,"DemandMax":null,"Value":233.30598544021996},{"Length":29.67335,"Height":7.430913,"Demand":1.0,"DemandMax":null,"Value":220.50008226855002},{"Length":14.22964,"Height":15.38719,"Demand":1.0,"DemandMax":null,"Value":218.9541743116},{"Length":19.80461,"Height":11.04448,"Demand":1.0,"DemandMax":null,"Value":218.7316190528},{"Length":24.7158,"Height":8.581591,"Demand":1.0,"DemandMax":null,"Value":212.1008868378},{"Length":14.10545,"Height":14.39525,"Demand":1.0,"DemandMax":null,"Value":203.0514791125},{"Length":14.81896,"Height":13.63746,"Demand":1.0,"DemandMax":null,"Value":202.09297424160002},{"Length":12.30583,"Height":16.06431,"Demand":1.0,"DemandMax":null,"Value":197.68466792729998},{"Length":11.19364,"Height":17.28476,"Demand":1.0,"DemandMax":null,"Value":193.47938092639998},{"Length":18.77179,"Height":9.830797,"Demand":1.0,"DemandMax":null,"Value":184.54165681663},{"Length":10.45339,"Height":17.33041,"Demand":1.0,"DemandMax":null,"Value":181.16153458990002},{"Length":16.67596,"Height":10.81251,"Demand":1.0,"DemandMax":null,"Value":180.30898425959998},{"Length":12.49198,"Height":13.63746,"Demand":1.0,"DemandMax":null,"Value":170.35887757080002},{"Length":16.9388,"Height":10.00916,"Demand":1.0,"DemandMax":null,"Value":169.543159408},{"Length":12.29158,"Height":13.67663,"Demand":1.0,"DemandMax":null,"Value":168.10739177539998},{"Length":16.57431,"Height":10.10967,"Demand":1.0,"DemandMax":null,"Value":167.5608045777},{"Length":20.21047,"Height":8.228635,"Demand":1.0,"DemandMax":null,"Value":166.30458080845003},{"Length":13.83029,"Height":11.71433,"Demand":1.0,"DemandMax":null,"Value":162.0125810557},{"Length":16.57431,"Height":9.664638,"Demand":1.0,"DemandMax":null,"Value":160.18470624978},{"Length":11.26965,"Height":13.67663,"Demand":1.0,"DemandMax":null,"Value":154.1308332795},{"Length":15.59579,"Height":9.708946,"Demand":1.0,"DemandMax":null,"Value":151.41868293733998},{"Length":11.09443,"Height":13.63746,"Demand":1.0,"DemandMax":null,"Value":151.2998453478},{"Length":20.02357,"Height":7.447656,"Demand":1.0,"DemandMax":null,"Value":149.12866125192},{"Length":10.5923,"Height":14.04749,"Demand":1.0,"DemandMax":null,"Value":148.795228327},{"Length":8.117929,"Height":18.07557,"Demand":1.0,"DemandMax":null,"Value":146.73619389453},{"Length":10.18567,"Height":14.0467,"Demand":1.0,"DemandMax":null,"Value":143.075050789},{"Length":8.262776,"Height":17.29864,"Demand":1.0,"DemandMax":null,"Value":142.93478742464},{"Length":10.0248,"Height":14.255,"Demand":1.0,"DemandMax":null,"Value":142.90352400000003},{"Length":10.18567,"Height":13.9665,"Demand":1.0,"DemandMax":null,"Value":142.258160055},{"Length":10.45339,"Height":13.56218,"Demand":1.0,"DemandMax":null,"Value":141.7707567902},{"Length":12.62689,"Height":11.04448,"Demand":1.0,"DemandMax":null,"Value":139.45743406719998},{"Length":20.02357,"Height":6.94759,"Demand":1.0,"DemandMax":null,"Value":139.1155546963},{"Length":9.382829,"Height":14.76504,"Demand":1.0,"DemandMax":null,"Value":138.53784549816},{"Length":10.0248,"Height":13.7582,"Demand":1.0,"DemandMax":null,"Value":137.92320336},{"Length":13.08796,"Height":10.53397,"Demand":1.0,"DemandMax":null,"Value":137.86817800120002},{"Length":9.618166,"Height":14.04749,"Demand":1.0,"DemandMax":null,"Value":135.11109070334},{"Length":12.41883,"Height":10.67646,"Demand":1.0,"DemandMax":null,"Value":132.5891417418},{"Length":11.41958,"Height":11.56058,"Demand":1.0,"DemandMax":null,"Value":132.0169681564},{"Length":9.382829,"Height":14.00582,"Demand":1.0,"DemandMax":null,"Value":131.41421406478},{"Length":14.88003,"Height":8.751582,"Demand":1.0,"DemandMax":null,"Value":130.22380270746},{"Length":7.538162,"Height":17.15088,"Demand":1.0,"DemandMax":null,"Value":129.28611188256},{"Length":7.446881,"Height":17.29864,"Demand":1.0,"DemandMax":null,"Value":128.82091354183999},{"Length":14.22964,"Height":8.978339,"Demand":1.0,"DemandMax":null,"Value":127.75853176796},{"Length":9.730943,"Height":13.07123,"Demand":1.0,"DemandMax":null,"Value":127.19539406989},{"Length":7.486204,"Height":16.97121,"Demand":1.0,"DemandMax":null,"Value":127.04994018683999},{"Length":12.92299,"Height":9.708946,"Demand":1.0,"DemandMax":null,"Value":125.46861206854},{"Length":16.84144,"Height":7.425309,"Demand":1.0,"DemandMax":null,"Value":125.05289600495999},{"Length":14.88003,"Height":8.399293,"Demand":1.0,"DemandMax":null,"Value":124.98173181879},{"Length":8.028563,"Height":13.63746,"Demand":1.0,"DemandMax":null,"Value":109.48920676998002},{"Length":14.22964,"Height":7.312623,"Demand":1.0,"DemandMax":null,"Value":104.05599274572},{"Length":13.83029,"Height":7.487635,"Demand":1.0,"DemandMax":null,"Value":103.55616346415},{"Length":20.21047,"Height":5.0639,"Demand":1.0,"DemandMax":null,"Value":102.34379903300001},{"Length":10.65361,"Height":9.517444,"Demand":1.0,"DemandMax":null,"Value":101.39513657284},{"Length":5.851468,"Height":17.28476,"Demand":1.0,"DemandMax":null,"Value":101.14122002767999},{"Length":6.309743,"Height":15.58266,"Demand":1.0,"DemandMax":null,"Value":98.32257985638},{"Length":5.640488,"Height":17.28476,"Demand":1.0,"DemandMax":null,"Value":97.49448136288},{"Length":9.746989,"Height":9.830797,"Demand":1.0,"DemandMax":null,"Value":95.820670220233},{"Length":12.83191,"Height":7.425309,"Demand":1.0,"DemandMax":null,"Value":95.280896810190015},{"Length":6.800643,"Height":13.63746,"Demand":1.0,"DemandMax":null,"Value":92.743496886780008},{"Length":11.41958,"Height":8.084606,"Demand":1.0,"DemandMax":null,"Value":92.32280498548},{"Length":7.486204,"Height":12.27482,"Demand":1.0,"DemandMax":null,"Value":91.89180658328},{"Length":10.65361,"Height":8.558131,"Demand":1.0,"DemandMax":null,"Value":91.17499000291},{"Length":16.67596,"Height":5.251805,"Demand":1.0,"DemandMax":null,"Value":87.5788901078},{"Length":5.147231,"Height":16.06431,"Demand":1.0,"DemandMax":null,"Value":82.686714425609992},{"Length":16.9388,"Height":4.809328,"Demand":1.0,"DemandMax":null,"Value":81.4642451264},{"Length":5.109833,"Height":15.58266,"Demand":1.0,"DemandMax":null,"Value":79.62479029578},{"Length":11.41958,"Height":6.93915,"Demand":1.0,"DemandMax":null,"Value":79.242178557},{"Length":12.41961,"Height":6.322623,"Demand":1.0,"DemandMax":null,"Value":78.52451183703}]}