{"Name":"path_100","Objects":[{"Length":100.0,"Height":100.0,"Stock":null,"Cost":10000.0}],"Items":[{"Length":18.05886,"Height":11.28414,"Demand":1.0,"DemandMax":null,"Value":203.7787044804},{"Length":0.1435524,"Height":57.82316,"Demand":1.0,"DemandMax":null,"Value":8.300653393584},{"Length":8.300987,"Height":145.2026,"Demand":1.0,"DemandMax":null,"Value":1205.3248949661997},{"Length":2.048419,"Height":84.49031,"Demand":1.0,"DemandMax":null,"Value":173.07155631989},{"Length":0.8440098,"Height":26.81999,"Demand":1.0,"DemandMax":null,"Value":22.636334395902},{"Length":36.22437,"Height":42.7586,"Demand":1.0,"DemandMax":null,"Value":1548.903347082},{"Length":3.932488,"Height":54.88843,"Demand":1.0,"DemandMax":null,"Value":215.84809231384},{"Length":0.007552817,"Height":92.2155,"Demand":1.0,"DemandMax":null,"Value":0.69648679606350006},{"Length":31.94426,"Height":9.027222,"Demand":1.0,"DemandMax":null,"Value":288.36792664572},{"Length":1.453401,"Height":12.03876,"Demand":1.0,"DemandMax":null,"Value":17.49714582276},{"Length":0.1376748,"Height":87.37948,"Demand":1.0,"DemandMax":null,"Value":12.029952433104002},{"Length":2.272033,"Height":34.4484,"Demand":1.0,"DemandMax":null,"Value":78.2679015972},{"Length":63.77563,"Height":22.98399,"Demand":1.0,"DemandMax":null,"Value":1465.8184421637},{"Length":0.006792903,"Height":55.12469,"Demand":1.0,"DemandMax":null,"Value":0.37445667207507005},{"Length":77.87347,"Height":5.187603,"Demand":1.0,"DemandMax":null,"Value":403.97664659241},{"Length":2.655796,"Height":60.71232,"Demand":1.0,"DemandMax":null,"Value":161.23953660672},{"Length":1.957706,"Height":0.6045983,"Demand":1.0,"DemandMax":null,"Value":1.1836257194998},{"Length":0.819873,"Height":15.79778,"Demand":1.0,"DemandMax":null,"Value":12.952173281939999},{"Length":0.02998339,"Height":7.9082,"Demand":1.0,"DemandMax":null,"Value":0.23711464479799999},{"Length":52.90372,"Height":3.227047,"Demand":1.0,"DemandMax":null,"Value":170.72279091484},{"Length":0.2431599,"Height":1.792447,"Demand":1.0,"DemandMax":null,"Value":0.4358512332753},{"Length":8.09421,"Height":1.752984,"Demand":1.0,"DemandMax":null,"Value":14.189020622640001},{"Length":0.1834215,"Height":57.82316,"Demand":1.0,"DemandMax":null,"Value":10.606010741939999},{"Length":3.932488,"Height":51.62386,"Demand":1.0,"DemandMax":null,"Value":203.01020996368},{"Length":0.1319791,"Height":0.4488544,"Demand":1.0,"DemandMax":null,"Value":0.059239399743039996},{"Length":2.777698,"Height":3.083794,"Demand":1.0,"DemandMax":null,"Value":8.565848426212},{"Length":0.3156897,"Height":1.107666,"Demand":1.0,"DemandMax":null,"Value":0.34967874724020004},{"Length":1.957706,"Height":0.4998899,"Demand":1.0,"DemandMax":null,"Value":0.97863745656939993},{"Length":0.07124379,"Height":87.37948,"Demand":1.0,"DemandMax":null,"Value":6.2252453234292},{"Length":2.047984,"Height":12.03876,"Demand":1.0,"DemandMax":null,"Value":24.65518785984},{"Length":0.1643244,"Height":51.92876,"Demand":1.0,"DemandMax":null,"Value":8.533162329744},{"Length":0.1643244,"Height":3.320621,"Demand":1.0,"DemandMax":null,"Value":0.54565905345240007},{"Length":18.05886,"Height":0.7546272,"Demand":1.0,"DemandMax":null,"Value":13.627706956992},{"Length":0.1901035,"Height":0.8640761,"Demand":1.0,"DemandMax":null,"Value":0.16426389087635002},{"Length":1.714546,"Height":1.716634,"Demand":1.0,"DemandMax":null,"Value":2.9432479581639996},{"Length":0.2431599,"Height":0.3991108,"Demand":1.0,"DemandMax":null,"Value":0.09704774221692},{"Length":0.05114165,"Height":8.87454,"Demand":1.0,"DemandMax":null,"Value":0.45385861859099996},{"Length":0.1210011,"Height":0.9098735,"Demand":1.0,"DemandMax":null,"Value":0.11009569436085},{"Length":0.2217653,"Height":12.03876,"Demand":1.0,"DemandMax":null,"Value":2.6697792230279997},{"Length":0.1643244,"Height":6.134505,"Demand":1.0,"DemandMax":null,"Value":1.008048853422},{"Length":0.7671251,"Height":8.87454,"Demand":1.0,"DemandMax":null,"Value":6.8078823849539996},{"Length":0.03234535,"Height":1.784914,"Demand":1.0,"DemandMax":null,"Value":0.0577336680499},{"Length":1.113696,"Height":26.81999,"Demand":1.0,"DemandMax":null,"Value":29.869315583040002},{"Length":1.889609,"Height":2.553709,"Demand":1.0,"DemandMax":null,"Value":4.825511509781},{"Length":77.87347,"Height":3.824298,"Demand":1.0,"DemandMax":null,"Value":297.81135557406003},{"Length":2.54255,"Height":0.9233931,"Demand":1.0,"DemandMax":null,"Value":2.347773126405},{"Length":1.819112,"Height":38.69035,"Demand":1.0,"DemandMax":null,"Value":70.3820799692},{"Length":0.1078128,"Height":15.26606,"Demand":1.0,"DemandMax":null,"Value":1.645876673568},{"Length":0.05651159,"Height":15.26606,"Demand":1.0,"DemandMax":null,"Value":0.8627093236354},{"Length":1.186321,"Height":96.60531,"Demand":1.0,"DemandMax":null,"Value":114.60490796451},{"Length":1.42808,"Height":145.2026,"Demand":1.0,"DemandMax":null,"Value":207.360929008},{"Length":0.2872047,"Height":96.60531,"Demand":1.0,"DemandMax":null,"Value":27.745499076957},{"Length":1.714546,"Height":0.7881191,"Demand":1.0,"DemandMax":null,"Value":1.3512664504285998},{"Length":0.3711827,"Height":84.49031,"Demand":1.0,"DemandMax":null,"Value":31.361341389636994},{"Length":1.137833,"Height":4.937287,"Demand":1.0,"DemandMax":null,"Value":5.6178080790710005},{"Length":0.06268766,"Height":84.49031,"Demand":1.0,"DemandMax":null,"Value":5.2964998265746},{"Length":0.1225957,"Height":12.03876,"Demand":1.0,"DemandMax":null,"Value":1.475900209332},{"Length":0.1319791,"Height":4.406897,"Demand":1.0,"DemandMax":null,"Value":0.5816182998527},{"Length":0.2036166,"Height":96.60531,"Demand":1.0,"DemandMax":null,"Value":19.670444764146},{"Length":0.08323488,"Height":8.87454,"Demand":1.0,"DemandMax":null,"Value":0.7386712719552},{"Length":0.1857604,"Height":57.82316,"Demand":1.0,"DemandMax":null,"Value":10.741253330864},{"Length":0.3074288,"Height":87.37948,"Demand":1.0,"DemandMax":null,"Value":26.862968681024},{"Length":0.04238236,"Height":2.613026,"Demand":1.0,"DemandMax":null,"Value":0.11074620862136},{"Length":0.2219278,"Height":4.578464,"Demand":1.0,"DemandMax":null,"Value":1.0160884428992},{"Length":0.04504471,"Height":0.2303496,"Demand":1.0,"DemandMax":null,"Value":0.010376030930616},{"Length":31.83138,"Height":9.027222,"Demand":1.0,"DemandMax":null,"Value":287.34893382636},{"Length":0.01148344,"Height":7.9082,"Demand":1.0,"DemandMax":null,"Value":0.090813340208},{"Length":1.957706,"Height":0.6659743,"Demand":1.0,"DemandMax":null,"Value":1.3037818829558},{"Length":2.113377,"Height":38.69035,"Demand":1.0,"DemandMax":null,"Value":81.767295811949992},{"Length":0.03234535,"Height":0.03437909,"Demand":1.0,"DemandMax":null,"Value":0.0011120036987315},{"Length":0.02557272,"Height":0.6227688,"Demand":1.0,"DemandMax":null,"Value":0.015925892147136002},{"Length":1.137833,"Height":10.86049,"Demand":1.0,"DemandMax":null,"Value":12.357423918170001},{"Length":1.642016,"Height":1.107666,"Demand":1.0,"DemandMax":null,"Value":1.818805294656},{"Length":0.6529406,"Height":2.553709,"Demand":1.0,"DemandMax":null,"Value":1.6674202866854},{"Length":77.87347,"Height":3.026864,"Demand":1.0,"DemandMax":null,"Value":235.71240289808},{"Length":0.1228576,"Height":7.9082,"Demand":1.0,"DemandMax":null,"Value":0.97158247232},{"Length":0.04504471,"Height":0.01095781,"Demand":1.0,"DemandMax":null,"Value":0.0004935913736851},{"Length":0.03234535,"Height":3.036458,"Demand":1.0,"DemandMax":null,"Value":0.098215296770300012},{"Length":0.1086864,"Height":41.48061,"Demand":1.0,"DemandMax":null,"Value":4.508378170704},{"Length":1.714546,"Height":0.5966783,"Demand":1.0,"DemandMax":null,"Value":1.0230323925518},{"Length":0.003613065,"Height":57.82316,"Demand":1.0,"DemandMax":null,"Value":0.2089188355854},{"Length":0.1018935,"Height":31.37269,"Demand":1.0,"DemandMax":null,"Value":3.1966731885149997},{"Length":0.001647569,"Height":4.38981,"Demand":1.0,"DemandMax":null,"Value":0.0072325148718899992},{"Length":0.2219278,"Height":7.460301,"Demand":1.0,"DemandMax":null,"Value":1.6556481882678},{"Length":0.1643244,"Height":7.191417,"Demand":1.0,"DemandMax":null,"Value":1.1817252836748002},{"Length":0.03412229,"Height":0.9098735,"Demand":1.0,"DemandMax":null,"Value":0.031046967430315},{"Length":63.77563,"Height":0.1198625,"Demand":1.0,"DemandMax":null,"Value":7.644306450875},{"Length":0.1735067,"Height":84.49031,"Demand":1.0,"DemandMax":null,"Value":14.659634870077},{"Length":1.291627,"Height":8.87454,"Demand":1.0,"DemandMax":null,"Value":11.46259547658},{"Length":2.777698,"Height":4.066628,"Demand":1.0,"DemandMax":null,"Value":11.295864462344},{"Length":78.93656,"Height":145.2026,"Demand":1.0,"DemandMax":null,"Value":11461.793747056},{"Length":52.90372,"Height":7.400477,"Demand":1.0,"DemandMax":null,"Value":391.51276307444004},{"Length":0.019472,"Height":0.6227688,"Demand":1.0,"DemandMax":null,"Value":0.0121265540736},{"Length":2.272033,"Height":110.7542,"Demand":1.0,"DemandMax":null,"Value":251.6371972886},{"Length":0.1018935,"Height":23.752,"Demand":1.0,"DemandMax":null,"Value":2.4201744119999997},{"Length":5.221123,"Height":8.87454,"Demand":1.0,"DemandMax":null,"Value":46.33506490842},{"Length":0.005905249,"Height":4.38981,"Demand":1.0,"DemandMax":null,"Value":0.025922921112689998},{"Length":0.1927658,"Height":2.613026,"Demand":1.0,"DemandMax":null,"Value":0.50370204731079993},{"Length":0.6799586,"Height":8.87454,"Demand":1.0,"DemandMax":null,"Value":6.0343197940439994},{"Length":0.08803647,"Height":0.9098735,"Demand":1.0,"DemandMax":null,"Value":0.080102051086545}]}