{"Name":"nice_30","Objects":[{"Length":100.0,"Height":100.0,"Stock":null,"Cost":10000.0}],"Items":[{"Length":100.0,"Height":25.71802,"Demand":1.0,"DemandMax":null,"Value":2571.802},{"Length":25.67085,"Height":94.26177,"Demand":1.0,"DemandMax":null,"Value":2419.7797584045},{"Length":24.20877,"Height":45.98505,"Demand":1.0,"DemandMax":null,"Value":1113.2414988885},{"Length":39.09086,"Height":25.3607,"Demand":1.0,"DemandMax":null,"Value":991.371573202},{"Length":24.85755,"Height":31.22782,"Demand":1.0,"DemandMax":null,"Value":776.24709704100007},{"Length":23.61603,"Height":29.43513,"Demand":1.0,"DemandMax":null,"Value":695.1409131339},{"Length":26.02577,"Height":25.22438,"Demand":1.0,"DemandMax":null,"Value":656.4839122726},{"Length":24.20877,"Height":26.40288,"Demand":1.0,"DemandMax":null,"Value":639.1812492576},{"Length":20.33611,"Height":29.43513,"Demand":1.0,"DemandMax":null,"Value":598.59604154430008},{"Length":24.85755,"Height":21.47913,"Demand":1.0,"DemandMax":null,"Value":533.9185479315},{"Length":24.20877,"Height":21.87384,"Demand":1.0,"DemandMax":null,"Value":529.53876157680008},{"Length":20.93495,"Height":25.22438,"Demand":1.0,"DemandMax":null,"Value":528.071134081},{"Length":24.85755,"Height":20.97432,"Demand":1.0,"DemandMax":null,"Value":521.370208116},{"Length":20.57377,"Height":25.22438,"Demand":1.0,"DemandMax":null,"Value":518.9605925126},{"Length":25.26283,"Height":20.33285,"Demand":1.0,"DemandMax":null,"Value":513.6653329655},{"Length":24.85755,"Height":20.58051,"Demand":1.0,"DemandMax":null,"Value":511.5810563505},{"Length":25.26283,"Height":20.17691,"Demand":1.0,"DemandMax":null,"Value":509.7258472553},{"Length":25.26283,"Height":19.17018,"Demand":1.0,"DemandMax":null,"Value":484.29299840939996},{"Length":25.26283,"Height":18.06036,"Demand":1.0,"DemandMax":null,"Value":456.2558044188},{"Length":28.98503,"Height":15.34963,"Demand":1.0,"DemandMax":null,"Value":444.90948603889996},{"Length":32.46551,"Height":13.64521,"Demand":1.0,"DemandMax":null,"Value":442.99870170710005},{"Length":25.26283,"Height":16.52147,"Demand":1.0,"DemandMax":null,"Value":417.37908796010004},{"Length":27.06282,"Height":15.34963,"Demand":1.0,"DemandMax":null,"Value":415.40427375659993},{"Length":29.27608,"Height":14.0855,"Demand":1.0,"DemandMax":null,"Value":412.36822484},{"Length":16.10572,"Height":25.3607,"Demand":1.0,"DemandMax":null,"Value":408.45233320400007},{"Length":15.29168,"Height":25.3607,"Demand":1.0,"DemandMax":null,"Value":387.807708976},{"Length":26.77178,"Height":14.0855,"Demand":1.0,"DemandMax":null,"Value":377.09390719},{"Length":32.46551,"Height":11.57916,"Demand":1.0,"DemandMax":null,"Value":375.9233347716},{"Length":14.82264,"Height":25.3607,"Demand":1.0,"DemandMax":null,"Value":375.912526248},{"Length":14.6891,"Height":25.3607,"Demand":1.0,"DemandMax":null,"Value":372.52585837000004}]}