{"Name":"nice_50","Objects":[{"Length":100.0,"Height":100.0,"Stock":null,"Cost":10000.0}],"Items":[{"Length":60.91875,"Height":18.58212,"Demand":1.0,"DemandMax":null,"Value":1131.99952275},{"Length":50.73418,"Height":18.52773,"Demand":1.0,"DemandMax":null,"Value":939.98918881139991},{"Length":34.7948,"Height":24.47758,"Demand":1.0,"DemandMax":null,"Value":851.69250058400007},{"Length":50.9673,"Height":14.84383,"Demand":1.0,"DemandMax":null,"Value":756.549936759},{"Length":20.3507,"Height":32.36311,"Demand":1.0,"DemandMax":null,"Value":658.611942677},{"Length":31.29863,"Height":19.94802,"Demand":1.0,"DemandMax":null,"Value":624.34569721259993},{"Length":16.41086,"Height":37.10986,"Demand":1.0,"DemandMax":null,"Value":609.00471707959991},{"Length":35.77187,"Height":15.94665,"Demand":1.0,"DemandMax":null,"Value":570.4414907355},{"Length":15.61988,"Height":35.93709,"Demand":1.0,"DemandMax":null,"Value":561.33303334919992},{"Length":31.29863,"Height":17.63843,"Demand":1.0,"DemandMax":null,"Value":552.05869435089994},{"Length":31.29863,"Height":15.6751,"Demand":1.0,"DemandMax":null,"Value":490.609155113},{"Length":26.74749,"Height":17.21848,"Demand":1.0,"DemandMax":null,"Value":460.5511216152},{"Length":25.40216,"Height":17.12575,"Demand":1.0,"DemandMax":null,"Value":435.03104162},{"Length":11.56953,"Height":37.10986,"Demand":1.0,"DemandMax":null,"Value":429.3436385658},{"Length":22.45884,"Height":18.73622,"Demand":1.0,"DemandMax":null,"Value":420.79376718479995},{"Length":29.26256,"Height":14.31227,"Demand":1.0,"DemandMax":null,"Value":418.8136596112},{"Length":24.21981,"Height":17.21848,"Demand":1.0,"DemandMax":null,"Value":417.02831408879996},{"Length":23.43123,"Height":17.12575,"Demand":1.0,"DemandMax":null,"Value":401.27738717249997},{"Length":34.7948,"Height":11.45951,"Demand":1.0,"DemandMax":null,"Value":398.731358548},{"Length":27.23899,"Height":14.31227,"Demand":1.0,"DemandMax":null,"Value":389.8517794073},{"Length":25.46321,"Height":15.23736,"Demand":1.0,"DemandMax":null,"Value":387.9920975256},{"Length":10.60615,"Height":35.93709,"Demand":1.0,"DemandMax":null,"Value":381.15416710349996},{"Length":17.73406,"Height":21.23364,"Demand":1.0,"DemandMax":null,"Value":376.55864577840003},{"Length":12.10559,"Height":30.25892,"Demand":1.0,"DemandMax":null,"Value":366.3020793628},{"Length":23.37018,"Height":15.23736,"Demand":1.0,"DemandMax":null,"Value":356.09984592480004},{"Length":26.0121,"Height":13.5325,"Demand":1.0,"DemandMax":null,"Value":352.00874325},{"Length":11.49954,"Height":30.25892,"Demand":1.0,"DemandMax":null,"Value":347.9636608968},{"Length":31.29863,"Height":11.06949,"Demand":1.0,"DemandMax":null,"Value":346.4598717987},{"Length":9.639201,"Height":35.93709,"Demand":1.0,"DemandMax":null,"Value":346.40483386509},{"Length":20.54204,"Height":16.46998,"Demand":1.0,"DemandMax":null,"Value":338.3269879592},{"Length":24.9552,"Height":13.5325,"Demand":1.0,"DemandMax":null,"Value":337.706244},{"Length":9.346153,"Height":35.93709,"Demand":1.0,"DemandMax":null,"Value":335.87354151476995},{"Length":10.27387,"Height":32.36311,"Demand":1.0,"DemandMax":null,"Value":332.4943849357},{"Length":17.64515,"Height":18.73622,"Demand":1.0,"DemandMax":null,"Value":330.603412333},{"Length":20.72968,"Height":15.94665,"Demand":1.0,"DemandMax":null,"Value":330.56895157199995},{"Length":20.54204,"Height":15.89313,"Demand":1.0,"DemandMax":null,"Value":326.4773121852},{"Length":9.039598,"Height":30.4529,"Demand":1.0,"DemandMax":null,"Value":275.2819739342},{"Length":8.694465,"Height":30.4529,"Demand":1.0,"DemandMax":null,"Value":264.77167319849997},{"Length":19.89332,"Height":12.25634,"Demand":1.0,"DemandMax":null,"Value":243.8192936488},{"Length":11.10085,"Height":20.70999,"Demand":1.0,"DemandMax":null,"Value":229.8984924915},{"Length":17.73406,"Height":12.64449,"Demand":1.0,"DemandMax":null,"Value":224.23814432939997},{"Length":10.86331,"Height":18.73622,"Demand":1.0,"DemandMax":null,"Value":203.5373660882},{"Length":10.41843,"Height":19.41502,"Demand":1.0,"DemandMax":null,"Value":202.2740268186},{"Length":10.18458,"Height":18.52773,"Demand":1.0,"DemandMax":null,"Value":188.69714840339998},{"Length":11.10085,"Height":16.39986,"Demand":1.0,"DemandMax":null,"Value":182.052385881},{"Length":19.89332,"Height":9.118203,"Demand":1.0,"DemandMax":null,"Value":181.39133010395997},{"Length":19.89332,"Height":8.884377,"Demand":1.0,"DemandMax":null,"Value":176.73975466164},{"Length":9.575376,"Height":18.19223,"Demand":1.0,"DemandMax":null,"Value":174.19744252848},{"Length":10.41843,"Height":16.52207,"Demand":1.0,"DemandMax":null,"Value":172.1340297501},{"Length":9.575376,"Height":17.74485,"Demand":1.0,"DemandMax":null,"Value":169.9136108136}]}