{"Name":"path_50","Objects":[{"Length":100.0,"Height":100.0,"Stock":null,"Cost":10000.0}],"Items":[{"Length":13.8067,"Height":49.4873,"Demand":1.0,"DemandMax":null,"Value":683.25630490999993},{"Length":0.001177659,"Height":32.81142,"Demand":1.0,"DemandMax":null,"Value":0.03864066406578},{"Length":5.798592,"Height":20.0806,"Demand":1.0,"DemandMax":null,"Value":116.43920651520001},{"Length":17.97875,"Height":98.6145,"Demand":1.0,"DemandMax":null,"Value":1772.9654418750004},{"Length":0.06644789,"Height":136.9873,"Demand":1.0,"DemandMax":null,"Value":9.102517041797},{"Length":4.528563,"Height":128.8048,"Demand":1.0,"DemandMax":null,"Value":583.3006515024},{"Length":0.008682713,"Height":0.4282284,"Demand":1.0,"DemandMax":null,"Value":0.0037181842956492002},{"Length":0.03083405,"Height":66.30859,"Demand":1.0,"DemandMax":null,"Value":2.0445623794895},{"Length":0.008682713,"Height":8.513199,"Demand":1.0,"DemandMax":null,"Value":0.073917663628887},{"Length":8.439514,"Height":11.53164,"Demand":1.0,"DemandMax":null,"Value":97.32143722296},{"Length":0.0002374403,"Height":13.11045,"Demand":1.0,"DemandMax":null,"Value":0.003112949181135},{"Length":9.617237,"Height":23.63244,"Demand":1.0,"DemandMax":null,"Value":227.27877636827998},{"Length":0.006802492,"Height":1.125048,"Demand":1.0,"DemandMax":null,"Value":0.0076531300196160008},{"Length":0.000695385,"Height":133.6914,"Demand":1.0,"DemandMax":null,"Value":0.092966994189},{"Length":2.48242,"Height":74.05257,"Demand":1.0,"DemandMax":null,"Value":183.8295808194},{"Length":0.007319944,"Height":103.1221,"Demand":1.0,"DemandMax":null,"Value":0.7548479971624},{"Length":0.0004429957,"Height":2.469875,"Demand":1.0,"DemandMax":null,"Value":0.0010941440045375},{"Length":1.24164E-05,"Height":5.165946,"Demand":1.0,"DemandMax":null,"Value":6.41424519144E-05},{"Length":0.008682713,"Height":64.44698,"Demand":1.0,"DemandMax":null,"Value":0.55957463105674},{"Length":1.688364,"Height":54.75228,"Demand":1.0,"DemandMax":null,"Value":92.44177846992},{"Length":0.0403716,"Height":74.05257,"Demand":1.0,"DemandMax":null,"Value":2.989620735012},{"Length":0.04597899,"Height":63.0127,"Demand":1.0,"DemandMax":null,"Value":2.8972603031729998},{"Length":0.001362768,"Height":6.155605,"Demand":1.0,"DemandMax":null,"Value":0.0083886615146400011},{"Length":0.006757445,"Height":16.80932,"Demand":1.0,"DemandMax":null,"Value":0.1135880553874},{"Length":0.7447307,"Height":74.05257,"Demand":1.0,"DemandMax":null,"Value":55.149222292899},{"Length":0.03013867,"Height":133.6914,"Demand":1.0,"DemandMax":null,"Value":4.029280986438},{"Length":0.001184885,"Height":20.64111,"Demand":1.0,"DemandMax":null,"Value":0.024457341622350002},{"Length":2.222587,"Height":54.75228,"Demand":1.0,"DemandMax":null,"Value":121.69170574836},{"Length":73.47577,"Height":106.7997,"Demand":1.0,"DemandMax":null,"Value":7847.190193269},{"Length":0.0003979492,"Height":3.831783,"Demand":1.0,"DemandMax":null,"Value":0.0015248549794236001},{"Length":0.008682713,"Height":2.848366,"Demand":1.0,"DemandMax":null,"Value":0.024731544496958},{"Length":0.0204689,"Height":32.24478,"Demand":1.0,"DemandMax":null,"Value":0.660015177342},{"Length":68.10858,"Height":49.4873,"Demand":1.0,"DemandMax":null,"Value":3370.509731034},{"Length":8.439514,"Height":10.17622,"Demand":1.0,"DemandMax":null,"Value":85.882351157080009},{"Length":0.0004429957,"Height":5.036949,"Demand":1.0,"DemandMax":null,"Value":0.0022313467481193},{"Length":0.6434279,"Height":74.05257,"Demand":1.0,"DemandMax":null,"Value":47.647489604703004},{"Length":17.97875,"Height":101.3855,"Demand":1.0,"DemandMax":null,"Value":1822.784558125},{"Length":5.994702E-05,"Height":3.302073,"Demand":1.0,"DemandMax":null,"Value":0.00019794943617246002},{"Length":0.0002374403,"Height":7.530653,"Demand":1.0,"DemandMax":null,"Value":0.0017880805075159},{"Length":4.753063E-05,"Height":5.165946,"Demand":1.0,"DemandMax":null,"Value":0.00024554066792597997},{"Length":0.001362768,"Height":64.15509,"Demand":1.0,"DemandMax":null,"Value":0.08742850368912},{"Length":0.0004429957,"Height":4.431526,"Demand":1.0,"DemandMax":null,"Value":0.0019631469624381997},{"Length":0.00391899,"Height":2.706735,"Demand":1.0,"DemandMax":null,"Value":0.01060766739765},{"Length":5.994702E-05,"Height":12.17309,"Demand":1.0,"DemandMax":null,"Value":0.0007297404696918},{"Length":0.002883503,"Height":2.706735,"Demand":1.0,"DemandMax":null,"Value":0.007804878492705},{"Length":63.85853,"Height":23.63244,"Demand":1.0,"DemandMax":null,"Value":1509.1328787132},{"Length":0.0001851099,"Height":32.81142,"Demand":1.0,"DemandMax":null,"Value":0.006073718675058},{"Length":0.0004429957,"Height":4.870974,"Demand":1.0,"DemandMax":null,"Value":0.0021578205368118},{"Length":67.67718,"Height":20.0806,"Demand":1.0,"DemandMax":null,"Value":1358.9983807080002},{"Length":0.0204689,"Height":30.76792,"Demand":1.0,"DemandMax":null,"Value":0.62978547768800008}]}