{"Name":"nice_1000","Objects":[{"Length":100.0,"Height":100.0,"Stock":null,"Cost":10000.0}],"Items":[{"Length":11.81697,"Height":5.730664,"Demand":1.0,"DemandMax":null,"Value":67.719084568079992},{"Length":4.814593,"Height":13.75785,"Demand":1.0,"DemandMax":null,"Value":66.23844830505},{"Length":7.688089,"Height":8.43294,"Demand":1.0,"DemandMax":null,"Value":64.83319325166},{"Length":6.831773,"Height":9.053658,"Demand":1.0,"DemandMax":null,"Value":61.852536275634},{"Length":6.255045,"Height":8.788921,"Demand":1.0,"DemandMax":null,"Value":54.975096356445},{"Length":5.245254,"Height":10.10591,"Demand":1.0,"DemandMax":null,"Value":53.00806485114},{"Length":10.22828,"Height":4.561476,"Demand":1.0,"DemandMax":null,"Value":46.65605374128},{"Length":3.408799,"Height":12.66646,"Demand":1.0,"DemandMax":null,"Value":43.17741618154},{"Length":7.769642,"Height":5.502432,"Demand":1.0,"DemandMax":null,"Value":42.751926769343996},{"Length":7.876021,"Height":5.245251,"Demand":1.0,"DemandMax":null,"Value":41.311707026270994},{"Length":4.397205,"Height":8.715063,"Demand":1.0,"DemandMax":null,"Value":38.321918598915},{"Length":12.14888,"Height":3.114305,"Demand":1.0,"DemandMax":null,"Value":37.8353177284},{"Length":10.75111,"Height":3.513706,"Demand":1.0,"DemandMax":null,"Value":37.776239713660004},{"Length":5.820378,"Height":6.38148,"Demand":1.0,"DemandMax":null,"Value":37.14262579944},{"Length":3.433496,"Height":10.5871,"Demand":1.0,"DemandMax":null,"Value":36.350765501599994},{"Length":7.998257,"Height":4.483819,"Demand":1.0,"DemandMax":null,"Value":35.862736703483},{"Length":4.148502,"Height":8.560076,"Demand":1.0,"DemandMax":null,"Value":35.511492406152},{"Length":6.527702,"Height":5.369258,"Demand":1.0,"DemandMax":null,"Value":35.048916185116},{"Length":5.516191,"Height":6.334495,"Demand":1.0,"DemandMax":null,"Value":34.942284308545005},{"Length":4.17608,"Height":8.354198,"Demand":1.0,"DemandMax":null,"Value":34.88779918384},{"Length":3.069647,"Height":11.35282,"Demand":1.0,"DemandMax":null,"Value":34.849149854539995},{"Length":5.700048,"Height":6.070556,"Demand":1.0,"DemandMax":null,"Value":34.602460586688},{"Length":10.65728,"Height":3.230762,"Demand":1.0,"DemandMax":null,"Value":34.43113524736},{"Length":6.30137,"Height":5.369258,"Demand":1.0,"DemandMax":null,"Value":33.83368128346},{"Length":6.831773,"Height":4.935934,"Demand":1.0,"DemandMax":null,"Value":33.721180630982},{"Length":3.721229,"Height":9.051316,"Demand":1.0,"DemandMax":null,"Value":33.682019587364},{"Length":6.79101,"Height":4.95783,"Demand":1.0,"DemandMax":null,"Value":33.668673108300005},{"Length":4.67827,"Height":7.183027,"Demand":1.0,"DemandMax":null,"Value":33.604139723290004},{"Length":5.55534,"Height":5.991711,"Demand":1.0,"DemandMax":null,"Value":33.28599178674},{"Length":3.25779,"Height":10.16133,"Demand":1.0,"DemandMax":null,"Value":33.1034792607},{"Length":6.913733,"Height":4.764348,"Demand":1.0,"DemandMax":null,"Value":32.939429991084},{"Length":5.9816,"Height":5.462634,"Demand":1.0,"DemandMax":null,"Value":32.6752915344},{"Length":3.964612,"Height":8.238344,"Demand":1.0,"DemandMax":null,"Value":32.661837482528},{"Length":3.720808,"Height":8.755396,"Demand":1.0,"DemandMax":null,"Value":32.577147479968},{"Length":6.284867,"Height":5.160486,"Demand":1.0,"DemandMax":null,"Value":32.432968165362},{"Length":4.168489,"Height":7.77717,"Demand":1.0,"DemandMax":null,"Value":32.41904759613},{"Length":4.392331,"Height":7.371261,"Demand":1.0,"DemandMax":null,"Value":32.377018199391},{"Length":6.95113,"Height":4.653469,"Demand":1.0,"DemandMax":null,"Value":32.34686796997},{"Length":11.20862,"Height":2.879143,"Demand":1.0,"DemandMax":null,"Value":32.27121981266},{"Length":6.596733,"Height":4.891241,"Demand":1.0,"DemandMax":null,"Value":32.266210915653005},{"Length":5.398511,"Height":5.935315,"Demand":1.0,"DemandMax":null,"Value":32.041863315965},{"Length":11.03131,"Height":2.90135,"Demand":1.0,"DemandMax":null,"Value":32.005691268499994},{"Length":4.465818,"Height":7.060901,"Demand":1.0,"DemandMax":null,"Value":31.532698782018},{"Length":4.61589,"Height":6.821895,"Demand":1.0,"DemandMax":null,"Value":31.48911691155},{"Length":6.220303,"Height":5.050325,"Demand":1.0,"DemandMax":null,"Value":31.414551748475002},{"Length":4.350966,"Height":7.207709,"Demand":1.0,"DemandMax":null,"Value":31.360496796894},{"Length":6.209396,"Height":5.035474,"Demand":1.0,"DemandMax":null,"Value":31.267252113703996},{"Length":4.403746,"Height":7.040153,"Demand":1.0,"DemandMax":null,"Value":31.003045613138},{"Length":11.08671,"Height":2.795984,"Demand":1.0,"DemandMax":null,"Value":30.998263772639998},{"Length":3.447334,"Height":8.975771,"Demand":1.0,"DemandMax":null,"Value":30.942480544514},{"Length":3.175289,"Height":9.730895,"Demand":1.0,"DemandMax":null,"Value":30.898403853654997},{"Length":5.700048,"Height":5.385219,"Demand":1.0,"DemandMax":null,"Value":30.696006790512},{"Length":7.85152,"Height":3.908592,"Demand":1.0,"DemandMax":null,"Value":30.68838825984},{"Length":10.75111,"Height":2.8475,"Demand":1.0,"DemandMax":null,"Value":30.613785725000003},{"Length":8.912045,"Height":3.430193,"Demand":1.0,"DemandMax":null,"Value":30.570034374685005},{"Length":6.466913,"Height":4.692929,"Demand":1.0,"DemandMax":null,"Value":30.348763558177},{"Length":4.714041,"Height":6.423841,"Demand":1.0,"DemandMax":null,"Value":30.282249851481},{"Length":6.913733,"Height":4.369643,"Demand":1.0,"DemandMax":null,"Value":30.210545007319},{"Length":4.499947,"Height":6.710477,"Demand":1.0,"DemandMax":null,"Value":30.196790844718997},{"Length":3.839431,"Height":7.864831,"Demand":1.0,"DemandMax":null,"Value":30.196475951161},{"Length":6.661984,"Height":4.514317,"Demand":1.0,"DemandMax":null,"Value":30.074307624928004},{"Length":4.194064,"Height":7.140686,"Demand":1.0,"DemandMax":null,"Value":29.948494087904},{"Length":3.316838,"Height":9.027678,"Demand":1.0,"DemandMax":null,"Value":29.943345442164002},{"Length":5.237561,"Height":5.708042,"Demand":1.0,"DemandMax":null,"Value":29.896218165562},{"Length":5.596257,"Height":5.337908,"Demand":1.0,"DemandMax":null,"Value":29.872305010355994},{"Length":4.62992,"Height":6.423841,"Demand":1.0,"DemandMax":null,"Value":29.741869922720003},{"Length":6.432386,"Height":4.616249,"Demand":1.0,"DemandMax":null,"Value":29.693495440114},{"Length":5.365456,"Height":5.510746,"Demand":1.0,"DemandMax":null,"Value":29.567665190176},{"Length":6.396686,"Height":4.616249,"Demand":1.0,"DemandMax":null,"Value":29.528695350813997},{"Length":9.333943,"Height":3.149314,"Demand":1.0,"DemandMax":null,"Value":29.395517365102},{"Length":3.541516,"Height":8.274294,"Demand":1.0,"DemandMax":null,"Value":29.303544589704},{"Length":5.480214,"Height":5.336643,"Demand":1.0,"DemandMax":null,"Value":29.245945681602},{"Length":7.594392,"Height":3.838271,"Demand":1.0,"DemandMax":null,"Value":29.149334576232},{"Length":4.993654,"Height":5.822199,"Demand":1.0,"DemandMax":null,"Value":29.074047325146005},{"Length":3.734169,"Height":7.77717,"Demand":1.0,"DemandMax":null,"Value":29.04126712173},{"Length":8.258969,"Height":3.514603,"Demand":1.0,"DemandMax":null,"Value":29.026997224307003},{"Length":5.726822,"Height":5.066717,"Demand":1.0,"DemandMax":null,"Value":29.016186383374},{"Length":4.81995,"Height":6.004344,"Demand":1.0,"DemandMax":null,"Value":28.9406378628},{"Length":7.594392,"Height":3.808946,"Demand":1.0,"DemandMax":null,"Value":28.926629030832},{"Length":9.333943,"Height":3.072299,"Demand":1.0,"DemandMax":null,"Value":28.676663744957},{"Length":4.051331,"Height":7.071309,"Demand":1.0,"DemandMax":null,"Value":28.648213362279},{"Length":2.896028,"Height":9.88248,"Demand":1.0,"DemandMax":null,"Value":28.619938789439995},{"Length":4.350966,"Height":6.569605,"Demand":1.0,"DemandMax":null,"Value":28.584127988429998},{"Length":4.444035,"Height":6.421449,"Demand":1.0,"DemandMax":null,"Value":28.537144106715},{"Length":5.663393,"Height":5.007723,"Demand":1.0,"DemandMax":null,"Value":28.360703384139004},{"Length":8.331339,"Height":3.398809,"Demand":1.0,"DemandMax":null,"Value":28.316629975251},{"Length":9.944517,"Height":2.839321,"Demand":1.0,"DemandMax":null,"Value":28.235675952957},{"Length":6.793272,"Height":4.153522,"Demand":1.0,"DemandMax":null,"Value":28.216004703983998},{"Length":4.361968,"Height":6.466214,"Demand":1.0,"DemandMax":null,"Value":28.205418549152},{"Length":4.393513,"Height":6.368061,"Demand":1.0,"DemandMax":null,"Value":27.978158788292998},{"Length":3.771386,"Height":7.350994,"Demand":1.0,"DemandMax":null,"Value":27.723435857684002},{"Length":8.238544,"Height":3.3565,"Demand":1.0,"DemandMax":null,"Value":27.652672936},{"Length":8.265517,"Height":3.326408,"Demand":1.0,"DemandMax":null,"Value":27.494481872935996},{"Length":4.441646,"Height":6.163305,"Demand":1.0,"DemandMax":null,"Value":27.375219000030004},{"Length":3.791816,"Height":7.211913,"Demand":1.0,"DemandMax":null,"Value":27.346247104008},{"Length":4.272769,"Height":6.374679,"Demand":1.0,"DemandMax":null,"Value":27.237530816151004},{"Length":5.511386,"Height":4.927969,"Demand":1.0,"DemandMax":null,"Value":27.159939355034},{"Length":10.23856,"Height":2.649682,"Demand":1.0,"DemandMax":null,"Value":27.12892813792},{"Length":4.051331,"Height":6.694587,"Demand":1.0,"DemandMax":null,"Value":27.121987845297003},{"Length":3.814704,"Height":7.097621,"Demand":1.0,"DemandMax":null,"Value":27.075323219184},{"Length":2.939479,"Height":9.20466,"Demand":1.0,"DemandMax":null,"Value":27.05690477214},{"Length":6.858734,"Height":3.942766,"Demand":1.0,"DemandMax":null,"Value":27.042383218244},{"Length":4.81995,"Height":5.60439,"Demand":1.0,"DemandMax":null,"Value":27.012879580500005},{"Length":5.503362,"Height":4.90783,"Demand":1.0,"DemandMax":null,"Value":27.00956512446},{"Length":4.43943,"Height":6.08112,"Demand":1.0,"DemandMax":null,"Value":26.9967065616},{"Length":3.184287,"Height":8.476232,"Demand":1.0,"DemandMax":null,"Value":26.990755366583997},{"Length":7.241585,"Height":3.725327,"Demand":1.0,"DemandMax":null,"Value":26.977272123295},{"Length":8.776937,"Height":3.066788,"Demand":1.0,"DemandMax":null,"Value":26.917005068355998},{"Length":8.323475,"Height":3.232532,"Demand":1.0,"DemandMax":null,"Value":26.9058992887},{"Length":3.658763,"Height":7.347337,"Demand":1.0,"DemandMax":null,"Value":26.882164764130998},{"Length":6.741095,"Height":3.982844,"Demand":1.0,"DemandMax":null,"Value":26.848729774179997},{"Length":5.705575,"Height":4.704593,"Demand":1.0,"DemandMax":null,"Value":26.842408205974998},{"Length":8.331339,"Height":3.21888,"Demand":1.0,"DemandMax":null,"Value":26.81758048032},{"Length":4.452299,"Height":6.01226,"Demand":1.0,"DemandMax":null,"Value":26.768379185740002},{"Length":10.23856,"Height":2.610871,"Demand":1.0,"DemandMax":null,"Value":26.731559385759997},{"Length":4.765147,"Height":5.60966,"Demand":1.0,"DemandMax":null,"Value":26.73085452002},{"Length":3.429354,"Height":7.788415,"Demand":1.0,"DemandMax":null,"Value":26.70923213391},{"Length":3.221471,"Height":8.274294,"Demand":1.0,"DemandMax":null,"Value":26.655398166474},{"Length":3.70014,"Height":7.183027,"Demand":1.0,"DemandMax":null,"Value":26.578205523780003},{"Length":4.143166,"Height":6.410644,"Demand":1.0,"DemandMax":null,"Value":26.560362258903996},{"Length":4.68927,"Height":5.656315,"Demand":1.0,"DemandMax":null,"Value":26.52398824005},{"Length":7.028356,"Height":3.773759,"Demand":1.0,"DemandMax":null,"Value":26.523321710203998},{"Length":6.369561,"Height":4.154799,"Demand":1.0,"DemandMax":null,"Value":26.464245673239},{"Length":5.465986,"Height":4.838303,"Demand":1.0,"DemandMax":null,"Value":26.446096461758},{"Length":3.264463,"Height":8.090278,"Demand":1.0,"DemandMax":null,"Value":26.410413190714},{"Length":6.741095,"Height":3.917314,"Demand":1.0,"DemandMax":null,"Value":26.406985818829998},{"Length":7.520182,"Height":3.511082,"Demand":1.0,"DemandMax":null,"Value":26.403975656924},{"Length":5.55534,"Height":4.748344,"Demand":1.0,"DemandMax":null,"Value":26.378665356960003},{"Length":10.23856,"Height":2.575574,"Demand":1.0,"DemandMax":null,"Value":26.37016893344},{"Length":6.498568,"Height":4.05738,"Demand":1.0,"DemandMax":null,"Value":26.36715983184},{"Length":3.460382,"Height":7.616118,"Demand":1.0,"DemandMax":null,"Value":26.354677637076},{"Length":4.139369,"Height":6.365727,"Demand":1.0,"DemandMax":null,"Value":26.350093006263002},{"Length":5.373113,"Height":4.900282,"Demand":1.0,"DemandMax":null,"Value":26.329768917865998},{"Length":7.697098,"Height":3.417612,"Demand":1.0,"DemandMax":null,"Value":26.305694489976002},{"Length":3.871274,"Height":6.792212,"Demand":1.0,"DemandMax":null,"Value":26.294513718088},{"Length":2.908536,"Height":9.027678,"Demand":1.0,"DemandMax":null,"Value":26.257326459408},{"Length":5.365456,"Height":4.892117,"Demand":1.0,"DemandMax":null,"Value":26.248438510352},{"Length":5.864843,"Height":4.466779,"Demand":1.0,"DemandMax":null,"Value":26.196957550696997},{"Length":2.989295,"Height":8.755396,"Demand":1.0,"DemandMax":null,"Value":26.172461485819998},{"Length":2.840191,"Height":9.214871,"Demand":1.0,"DemandMax":null,"Value":26.171993680361002},{"Length":2.748993,"Height":9.50995,"Demand":1.0,"DemandMax":null,"Value":26.14278598035},{"Length":6.217083,"Height":4.20229,"Demand":1.0,"DemandMax":null,"Value":26.125985720069995},{"Length":3.948879,"Height":6.607943,"Demand":1.0,"DemandMax":null,"Value":26.093967345897},{"Length":2.567155,"Height":10.16133,"Demand":1.0,"DemandMax":null,"Value":26.08570911615},{"Length":4.251552,"Height":6.124434,"Demand":1.0,"DemandMax":null,"Value":26.038349621568003},{"Length":4.029607,"Height":6.459094,"Demand":1.0,"DemandMax":null,"Value":26.027610396058005},{"Length":7.246794,"Height":3.591262,"Demand":1.0,"DemandMax":null,"Value":26.025135914028002},{"Length":7.330078,"Height":3.549505,"Demand":1.0,"DemandMax":null,"Value":26.01814851139},{"Length":8.851785,"Height":2.938127,"Demand":1.0,"DemandMax":null,"Value":26.007668506695},{"Length":5.997262,"Height":4.336386,"Demand":1.0,"DemandMax":null,"Value":26.006442975132},{"Length":6.255045,"Height":4.149941,"Demand":1.0,"DemandMax":null,"Value":25.958067702345},{"Length":6.482762,"Height":4.002175,"Demand":1.0,"DemandMax":null,"Value":25.945148007350003},{"Length":3.523686,"Height":7.361784,"Demand":1.0,"DemandMax":null,"Value":25.940615215824},{"Length":4.305733,"Height":6.021565,"Demand":1.0,"DemandMax":null,"Value":25.927251132145},{"Length":4.07989,"Height":6.346763,"Demand":1.0,"DemandMax":null,"Value":25.894094896069998},{"Length":5.19442,"Height":4.984188,"Demand":1.0,"DemandMax":null,"Value":25.889965830959998},{"Length":5.700048,"Height":4.539809,"Demand":1.0,"DemandMax":null,"Value":25.877129210832},{"Length":8.202512,"Height":3.149924,"Demand":1.0,"DemandMax":null,"Value":25.837289409088},{"Length":2.562668,"Height":10.08118,"Demand":1.0,"DemandMax":null,"Value":25.834717388239998},{"Length":6.786706,"Height":3.806385,"Demand":1.0,"DemandMax":null,"Value":25.83281591781},{"Length":7.244633,"Height":3.565012,"Demand":1.0,"DemandMax":null,"Value":25.827203580596},{"Length":5.144398,"Height":5.018516,"Demand":1.0,"DemandMax":null,"Value":25.817243673367997},{"Length":5.443903,"Height":4.741506,"Demand":1.0,"DemandMax":null,"Value":25.812298737918},{"Length":7.595156,"Height":3.394281,"Demand":1.0,"DemandMax":null,"Value":25.780093702835998},{"Length":6.110032,"Height":4.219162,"Demand":1.0,"DemandMax":null,"Value":25.779214833184},{"Length":7.106627,"Height":3.625697,"Demand":1.0,"DemandMax":null,"Value":25.766476194019},{"Length":7.998257,"Height":3.217176,"Demand":1.0,"DemandMax":null,"Value":25.731800462232},{"Length":2.703689,"Height":9.50995,"Demand":1.0,"DemandMax":null,"Value":25.711947205549997},{"Length":6.897413,"Height":3.725327,"Demand":1.0,"DemandMax":null,"Value":25.695118879051},{"Length":4.623517,"Height":5.549428,"Demand":1.0,"DemandMax":null,"Value":25.657874698275997},{"Length":2.658904,"Height":9.64244,"Demand":1.0,"DemandMax":null,"Value":25.638322285760005},{"Length":7.998257,"Height":3.200931,"Demand":1.0,"DemandMax":null,"Value":25.601868777267},{"Length":3.940153,"Height":6.495678,"Demand":1.0,"DemandMax":null,"Value":25.593965158734},{"Length":4.963833,"Height":5.153152,"Demand":1.0,"DemandMax":null,"Value":25.579385951616004},{"Length":3.757436,"Height":6.788926,"Demand":1.0,"DemandMax":null,"Value":25.508954953736},{"Length":2.581171,"Height":9.88248,"Demand":1.0,"DemandMax":null,"Value":25.508370784079997},{"Length":3.152405,"Height":8.090278,"Demand":1.0,"DemandMax":null,"Value":25.50383281859},{"Length":4.402534,"Height":5.789596,"Demand":1.0,"DemandMax":null,"Value":25.488893236264},{"Length":6.14663,"Height":4.145294,"Demand":1.0,"DemandMax":null,"Value":25.47958845922},{"Length":3.180763,"Height":8.002693,"Demand":1.0,"DemandMax":null,"Value":25.454669794759},{"Length":5.19442,"Height":4.898292,"Demand":1.0,"DemandMax":null,"Value":25.443785930639997},{"Length":6.742236,"Height":3.773759,"Demand":1.0,"DemandMax":null,"Value":25.443573785124002},{"Length":9.719079,"Height":2.616913,"Demand":1.0,"DemandMax":null,"Value":25.433984183127},{"Length":4.882786,"Height":5.208745,"Demand":1.0,"DemandMax":null,"Value":25.433187163570004},{"Length":6.563087,"Height":3.874803,"Demand":1.0,"DemandMax":null,"Value":25.430669196861},{"Length":3.442198,"Height":7.384847,"Demand":1.0,"DemandMax":null,"Value":25.420105573706},{"Length":8.202512,"Height":3.096969,"Demand":1.0,"DemandMax":null,"Value":25.402925386128},{"Length":3.937078,"Height":6.446496,"Demand":1.0,"DemandMax":null,"Value":25.380357578688},{"Length":5.322561,"Height":4.75815,"Demand":1.0,"DemandMax":null,"Value":25.32554362215},{"Length":4.024747,"Height":6.290845,"Demand":1.0,"DemandMax":null,"Value":25.319059541214997},{"Length":5.369761,"Height":4.713222,"Demand":1.0,"DemandMax":null,"Value":25.308875679942},{"Length":6.643444,"Height":3.806385,"Demand":1.0,"DemandMax":null,"Value":25.28750558994},{"Length":3.309384,"Height":7.616118,"Demand":1.0,"DemandMax":null,"Value":25.204659051312003},{"Length":4.760908,"Height":5.277369,"Demand":1.0,"DemandMax":null,"Value":25.125068291052},{"Length":5.135976,"Height":4.891241,"Demand":1.0,"DemandMax":null,"Value":25.121296386216002},{"Length":4.761014,"Height":5.276344,"Demand":1.0,"DemandMax":null,"Value":25.120747652816},{"Length":3.948621,"Height":6.361206,"Demand":1.0,"DemandMax":null,"Value":25.117991596926},{"Length":4.285911,"Height":5.844052,"Demand":1.0,"DemandMax":null,"Value":25.047086751371996},{"Length":5.277169,"Height":4.741506,"Demand":1.0,"DemandMax":null,"Value":25.021728476514},{"Length":6.965168,"Height":3.591262,"Demand":1.0,"DemandMax":null,"Value":25.013743162016002},{"Length":6.833603,"Height":3.65952,"Demand":1.0,"DemandMax":null,"Value":25.00770685056},{"Length":3.681909,"Height":6.788926,"Demand":1.0,"DemandMax":null,"Value":24.996207739734},{"Length":3.884849,"Height":6.429888,"Demand":1.0,"DemandMax":null,"Value":24.979143966912},{"Length":6.563087,"Height":3.799245,"Demand":1.0,"DemandMax":null,"Value":24.934775469315},{"Length":4.402534,"Height":5.661491,"Demand":1.0,"DemandMax":null,"Value":24.924906618194},{"Length":4.464602,"Height":5.580624,"Demand":1.0,"DemandMax":null,"Value":24.915265071648},{"Length":4.896393,"Height":5.080967,"Demand":1.0,"DemandMax":null,"Value":24.878411252031},{"Length":4.251552,"Height":5.850982,"Demand":1.0,"DemandMax":null,"Value":24.875754224064003},{"Length":6.360442,"Height":3.908592,"Demand":1.0,"DemandMax":null,"Value":24.860372717664},{"Length":6.2342,"Height":3.981497,"Demand":1.0,"DemandMax":null,"Value":24.821448597400003},{"Length":3.74615,"Height":6.617689,"Demand":1.0,"DemandMax":null,"Value":24.790855647350003},{"Length":6.860781,"Height":3.612586,"Demand":1.0,"DemandMax":null,"Value":24.785161389666},{"Length":4.464602,"Height":5.547142,"Demand":1.0,"DemandMax":null,"Value":24.765781267484},{"Length":4.235938,"Height":5.844052,"Demand":1.0,"DemandMax":null,"Value":24.755041940776},{"Length":4.956775,"Height":4.993955,"Demand":1.0,"DemandMax":null,"Value":24.753911295125},{"Length":3.430693,"Height":7.211913,"Demand":1.0,"DemandMax":null,"Value":24.741859445709},{"Length":6.563087,"Height":3.767793,"Demand":1.0,"DemandMax":null,"Value":24.728353256991003},{"Length":3.397807,"Height":7.267947,"Demand":1.0,"DemandMax":null,"Value":24.695081192229},{"Length":3.940153,"Height":6.26638,"Demand":1.0,"DemandMax":null,"Value":24.690495956139998},{"Length":4.113636,"Height":5.998364,"Demand":1.0,"DemandMax":null,"Value":24.675086091503996},{"Length":4.660175,"Height":5.294406,"Demand":1.0,"DemandMax":null,"Value":24.67285848105},{"Length":2.676,"Height":9.214871,"Demand":1.0,"DemandMax":null,"Value":24.658994796},{"Length":5.432957,"Height":4.537428,"Demand":1.0,"DemandMax":null,"Value":24.651651214596},{"Length":3.998276,"Height":6.163305,"Demand":1.0,"DemandMax":null,"Value":24.642594462180003},{"Length":7.697098,"Height":3.200077,"Demand":1.0,"DemandMax":null,"Value":24.631306276546},{"Length":4.660175,"Height":5.280507,"Demand":1.0,"DemandMax":null,"Value":24.608086708725},{"Length":2.625689,"Height":9.356731,"Demand":1.0,"DemandMax":null,"Value":24.567865662659},{"Length":3.715877,"Height":6.609488,"Demand":1.0,"DemandMax":null,"Value":24.560044440976},{"Length":6.498568,"Height":3.759631,"Demand":1.0,"DemandMax":null,"Value":24.432217708408},{"Length":3.690036,"Height":6.617689,"Demand":1.0,"DemandMax":null,"Value":24.419510646804003},{"Length":4.24557,"Height":5.750616,"Demand":1.0,"DemandMax":null,"Value":24.41464277112},{"Length":8.169765,"Height":2.978155,"Demand":1.0,"DemandMax":null,"Value":24.330826483575002},{"Length":4.439795,"Height":5.463624,"Demand":1.0,"DemandMax":null,"Value":24.257370517080002},{"Length":5.006335,"Height":4.844835,"Demand":1.0,"DemandMax":null,"Value":24.254867029725},{"Length":3.803794,"Height":6.371674,"Demand":1.0,"DemandMax":null,"Value":24.236535331156},{"Length":4.008343,"Height":6.04429,"Demand":1.0,"DemandMax":null,"Value":24.227587511470002},{"Length":3.755891,"Height":6.446496,"Demand":1.0,"DemandMax":null,"Value":24.212336307936},{"Length":6.765554,"Height":3.575867,"Demand":1.0,"DemandMax":null,"Value":24.192721285318},{"Length":2.845099,"Height":8.499055,"Demand":1.0,"DemandMax":null,"Value":24.180652881445},{"Length":4.270303,"Height":5.655066,"Demand":1.0,"DemandMax":null,"Value":24.148845304997998},{"Length":8.169765,"Height":2.949438,"Demand":1.0,"DemandMax":null,"Value":24.09621534207},{"Length":5.146054,"Height":4.681911,"Demand":1.0,"DemandMax":null,"Value":24.093366829194004},{"Length":3.636454,"Height":6.623266,"Demand":1.0,"DemandMax":null,"Value":24.085202138764},{"Length":2.614345,"Height":9.201268,"Demand":1.0,"DemandMax":null,"Value":24.055288989460003},{"Length":3.60515,"Height":6.671463,"Demand":1.0,"DemandMax":null,"Value":24.051624834450003},{"Length":9.333943,"Height":2.574309,"Demand":1.0,"DemandMax":null,"Value":24.028453470387},{"Length":4.122947,"Height":5.808264,"Demand":1.0,"DemandMax":null,"Value":23.947164634008},{"Length":5.595506,"Height":4.279527,"Demand":1.0,"DemandMax":null,"Value":23.946119005662002},{"Length":4.329532,"Height":5.521328,"Demand":1.0,"DemandMax":null,"Value":23.904766258496},{"Length":6.276422,"Height":3.806136,"Demand":1.0,"DemandMax":null,"Value":23.888915725392},{"Length":6.793272,"Height":3.515915,"Demand":1.0,"DemandMax":null,"Value":23.88456692388},{"Length":4.23561,"Height":5.633669,"Demand":1.0,"DemandMax":null,"Value":23.862024753090004},{"Length":5.952992,"Height":4.003886,"Demand":1.0,"DemandMax":null,"Value":23.835101326912},{"Length":6.214224,"Height":3.832548,"Demand":1.0,"DemandMax":null,"Value":23.816311762752},{"Length":3.510276,"Height":6.78448,"Demand":1.0,"DemandMax":null,"Value":23.815397316480002},{"Length":4.8013,"Height":4.95783,"Demand":1.0,"DemandMax":null,"Value":23.804029179000004},{"Length":7.336663,"Height":3.243168,"Demand":1.0,"DemandMax":null,"Value":23.794030668383996},{"Length":4.762304,"Height":4.993955,"Demand":1.0,"DemandMax":null,"Value":23.78273187232},{"Length":5.425049,"Height":4.37325,"Demand":1.0,"DemandMax":null,"Value":23.725095539249995},{"Length":4.011525,"Height":5.909371,"Demand":1.0,"DemandMax":null,"Value":23.705589500774998},{"Length":3.721714,"Height":6.361206,"Demand":1.0,"DemandMax":null,"Value":23.674589427084},{"Length":4.439795,"Height":5.331401,"Demand":1.0,"DemandMax":null,"Value":23.670327502795},{"Length":4.392331,"Height":5.379195,"Demand":1.0,"DemandMax":null,"Value":23.627204953545004},{"Length":3.67236,"Height":6.426734,"Demand":1.0,"DemandMax":null,"Value":23.601280872239997},{"Length":3.524804,"Height":6.679409,"Demand":1.0,"DemandMax":null,"Value":23.543607560835998},{"Length":3.658763,"Height":6.429977,"Demand":1.0,"DemandMax":null,"Value":23.525761938451},{"Length":4.882786,"Height":4.817495,"Demand":1.0,"DemandMax":null,"Value":23.52279714107},{"Length":5.595506,"Height":4.196704,"Demand":1.0,"DemandMax":null,"Value":23.482682412224005},{"Length":5.952992,"Height":3.94371,"Demand":1.0,"DemandMax":null,"Value":23.47687408032},{"Length":3.356406,"Height":6.992024,"Demand":1.0,"DemandMax":null,"Value":23.468071305743997},{"Length":3.876917,"Height":6.021565,"Demand":1.0,"DemandMax":null,"Value":23.345107715105},{"Length":6.67724,"Height":3.493509,"Demand":1.0,"DemandMax":null,"Value":23.326998035160003},{"Length":2.811524,"Height":8.296489,"Demand":1.0,"DemandMax":null,"Value":23.325777939235998},{"Length":6.642265,"Height":3.508337,"Demand":1.0,"DemandMax":null,"Value":23.303304063305},{"Length":7.222509,"Height":3.221267,"Demand":1.0,"DemandMax":null,"Value":23.265629898903},{"Length":3.684481,"Height":6.312274,"Demand":1.0,"DemandMax":null,"Value":23.257453619794},{"Length":6.214224,"Height":3.735026,"Demand":1.0,"DemandMax":null,"Value":23.210288209824},{"Length":2.948876,"Height":7.864831,"Demand":1.0,"DemandMax":null,"Value":23.192411379956},{"Length":2.728412,"Height":8.499055,"Demand":1.0,"DemandMax":null,"Value":23.18892365066},{"Length":5.247468,"Height":4.41719,"Demand":1.0,"DemandMax":null,"Value":23.179063174919996},{"Length":3.426943,"Height":6.757928,"Demand":1.0,"DemandMax":null,"Value":23.159034054103998},{"Length":3.156154,"Height":7.337635,"Demand":1.0,"DemandMax":null,"Value":23.15870605579},{"Length":3.037272,"Height":7.623286,"Demand":1.0,"DemandMax":null,"Value":23.153993115792},{"Length":3.631592,"Height":6.37141,"Demand":1.0,"DemandMax":null,"Value":23.13836158472},{"Length":3.292737,"Height":7.026191,"Demand":1.0,"DemandMax":null,"Value":23.135399074766998},{"Length":3.822843,"Height":6.049657,"Demand":1.0,"DemandMax":null,"Value":23.126888914851},{"Length":4.71173,"Height":4.90783,"Demand":1.0,"DemandMax":null,"Value":23.1243698459},{"Length":2.791144,"Height":8.274294,"Demand":1.0,"DemandMax":null,"Value":23.094746052336},{"Length":3.62857,"Height":6.361206,"Demand":1.0,"DemandMax":null,"Value":23.08208125542},{"Length":3.555334,"Height":6.491288,"Demand":1.0,"DemandMax":null,"Value":23.078696930192002},{"Length":3.495359,"Height":6.595478,"Demand":1.0,"DemandMax":null,"Value":23.053563386602},{"Length":3.636454,"Height":6.327116,"Demand":1.0,"DemandMax":null,"Value":23.008266286664},{"Length":2.456976,"Height":9.356731,"Demand":1.0,"DemandMax":null,"Value":22.989263505456},{"Length":3.875211,"Height":5.927592,"Demand":1.0,"DemandMax":null,"Value":22.970669721912},{"Length":6.032366,"Height":3.806136,"Demand":1.0,"DemandMax":null,"Value":22.960005397775998},{"Length":6.773025,"Height":3.383866,"Demand":1.0,"DemandMax":null,"Value":22.919009014649998},{"Length":4.270303,"Height":5.364643,"Demand":1.0,"DemandMax":null,"Value":22.908651096829},{"Length":4.548368,"Height":5.035474,"Demand":1.0,"DemandMax":null,"Value":22.903188806432},{"Length":8.388011,"Height":2.73033,"Demand":1.0,"DemandMax":null,"Value":22.90203807363},{"Length":2.756483,"Height":8.296489,"Demand":1.0,"DemandMax":null,"Value":22.869130888186998},{"Length":7.264553,"Height":3.147192,"Demand":1.0,"DemandMax":null,"Value":22.862943085176},{"Length":6.440514,"Height":3.549505,"Demand":1.0,"DemandMax":null,"Value":22.86063664557},{"Length":4.526882,"Height":5.042634,"Demand":1.0,"DemandMax":null,"Value":22.827409087187995},{"Length":3.409457,"Height":6.682355,"Demand":1.0,"DemandMax":null,"Value":22.783202031235003},{"Length":8.912045,"Height":2.554252,"Demand":1.0,"DemandMax":null,"Value":22.763608765340003},{"Length":3.613774,"Height":6.296991,"Demand":1.0,"DemandMax":null,"Value":22.755902354034},{"Length":4.511126,"Height":5.035474,"Demand":1.0,"DemandMax":null,"Value":22.715657683724},{"Length":8.912045,"Height":2.548623,"Demand":1.0,"DemandMax":null,"Value":22.713442864035002},{"Length":3.774769,"Height":6.008452,"Demand":1.0,"DemandMax":null,"Value":22.680518347588002},{"Length":4.320623,"Height":5.2491,"Demand":1.0,"DemandMax":null,"Value":22.679382189300004},{"Length":4.963833,"Height":4.564116,"Demand":1.0,"DemandMax":null,"Value":22.655509616628002},{"Length":6.997279,"Height":3.237638,"Demand":1.0,"DemandMax":null,"Value":22.654656387002},{"Length":6.233207,"Height":3.634142,"Demand":1.0,"DemandMax":null,"Value":22.652359353394},{"Length":3.426526,"Height":6.606074,"Demand":1.0,"DemandMax":null,"Value":22.635884318924},{"Length":5.247468,"Height":4.313539,"Demand":1.0,"DemandMax":null,"Value":22.635157869251994},{"Length":5.247468,"Height":4.311692,"Demand":1.0,"DemandMax":null,"Value":22.625465795855998},{"Length":2.72384,"Height":8.296489,"Demand":1.0,"DemandMax":null,"Value":22.59830859776},{"Length":6.766947,"Height":3.338871,"Demand":1.0,"DemandMax":null,"Value":22.593963096837},{"Length":3.204419,"Height":7.047905,"Demand":1.0,"DemandMax":null,"Value":22.584440692195002},{"Length":3.426733,"Height":6.590152,"Demand":1.0,"DemandMax":null,"Value":22.582691333416},{"Length":6.997279,"Height":3.22608,"Demand":1.0,"DemandMax":null,"Value":22.57378183632},{"Length":3.58698,"Height":6.290845,"Demand":1.0,"DemandMax":null,"Value":22.565135198100002},{"Length":3.387707,"Height":6.658874,"Demand":1.0,"DemandMax":null,"Value":22.558314061917997},{"Length":3.473756,"Height":6.491288,"Demand":1.0,"DemandMax":null,"Value":22.549150637727998},{"Length":5.545745,"Height":4.064063,"Demand":1.0,"DemandMax":null,"Value":22.538257061935},{"Length":5.117788,"Height":4.399115,"Demand":1.0,"DemandMax":null,"Value":22.513737957620002},{"Length":4.549993,"Height":4.935665,"Demand":1.0,"DemandMax":null,"Value":22.457241200345},{"Length":4.333618,"Height":5.178747,"Demand":1.0,"DemandMax":null,"Value":22.442711216646003},{"Length":5.465986,"Height":4.101237,"Demand":1.0,"DemandMax":null,"Value":22.417304024682},{"Length":5.056893,"Height":4.432993,"Demand":1.0,"DemandMax":null,"Value":22.417171270748998},{"Length":4.755177,"Height":4.713428,"Demand":1.0,"DemandMax":null,"Value":22.413184416756},{"Length":3.788885,"Height":5.910717,"Demand":1.0,"DemandMax":null,"Value":22.395026980545},{"Length":5.016454,"Height":4.456011,"Demand":1.0,"DemandMax":null,"Value":22.353374204994},{"Length":3.862983,"Height":5.781044,"Demand":1.0,"DemandMax":null,"Value":22.332074694251997},{"Length":3.733605,"Height":5.981133,"Demand":1.0,"DemandMax":null,"Value":22.331188074464997},{"Length":3.320097,"Height":6.722645,"Demand":1.0,"DemandMax":null,"Value":22.319833496565},{"Length":4.270303,"Height":5.223742,"Demand":1.0,"DemandMax":null,"Value":22.306961133826},{"Length":6.563087,"Height":3.39466,"Demand":1.0,"DemandMax":null,"Value":22.27944891542},{"Length":2.421066,"Height":9.201268,"Demand":1.0,"DemandMax":null,"Value":22.276877111688},{"Length":6.531508,"Height":3.408606,"Demand":1.0,"DemandMax":null,"Value":22.263337357848},{"Length":3.678664,"Height":6.051904,"Demand":1.0,"DemandMax":null,"Value":22.262921376256003},{"Length":2.553926,"Height":8.715063,"Demand":1.0,"DemandMax":null,"Value":22.257625987338002},{"Length":3.423484,"Height":6.491247,"Demand":1.0,"DemandMax":null,"Value":22.222680244548002},{"Length":3.514173,"Height":6.321932,"Demand":1.0,"DemandMax":null,"Value":22.216362742236},{"Length":4.450282,"Height":4.987489,"Demand":1.0,"DemandMax":null,"Value":22.195732521897998},{"Length":6.464489,"Height":3.424299,"Demand":1.0,"DemandMax":null,"Value":22.136343218211},{"Length":5.082392,"Height":4.352129,"Demand":1.0,"DemandMax":null,"Value":22.119225612568},{"Length":3.90522,"Height":5.659921,"Demand":1.0,"DemandMax":null,"Value":22.103236687619997},{"Length":6.75977,"Height":3.26698,"Demand":1.0,"DemandMax":null,"Value":22.0840333946},{"Length":3.413236,"Height":6.459094,"Demand":1.0,"DemandMax":null,"Value":22.046412168184002},{"Length":5.655492,"Height":3.893745,"Demand":1.0,"DemandMax":null,"Value":22.021043697539998},{"Length":2.902194,"Height":7.567574,"Demand":1.0,"DemandMax":null,"Value":21.962567857356},{"Length":6.25041,"Height":3.511082,"Demand":1.0,"DemandMax":null,"Value":21.94570204362},{"Length":3.510276,"Height":6.249953,"Demand":1.0,"DemandMax":null,"Value":21.939060017027998},{"Length":3.11643,"Height":7.038086,"Demand":1.0,"DemandMax":null,"Value":21.93370235298},{"Length":4.122947,"Height":5.315259,"Demand":1.0,"DemandMax":null,"Value":21.914531148273},{"Length":3.862983,"Height":5.670043,"Demand":1.0,"DemandMax":null,"Value":21.903279718268998},{"Length":3.333297,"Height":6.565419,"Demand":1.0,"DemandMax":null,"Value":21.884491456443},{"Length":5.545745,"Height":3.942322,"Demand":1.0,"DemandMax":null,"Value":21.86311251989},{"Length":4.558812,"Height":4.79564,"Demand":1.0,"DemandMax":null,"Value":21.86242117968},{"Length":5.365456,"Height":4.070373,"Demand":1.0,"DemandMax":null,"Value":21.839407235088},{"Length":2.756473,"Height":7.917799,"Demand":1.0,"DemandMax":null,"Value":21.825199162927},{"Length":7.264553,"Height":3.001783,"Demand":1.0,"DemandMax":null,"Value":21.806611697999003},{"Length":3.25157,"Height":6.704783,"Demand":1.0,"DemandMax":null,"Value":21.80107125931},{"Length":4.169759,"Height":5.225882,"Demand":1.0,"DemandMax":null,"Value":21.790668502438002},{"Length":6.6306,"Height":3.285174,"Demand":1.0,"DemandMax":null,"Value":21.7826747244},{"Length":5.947925,"Height":3.661141,"Demand":1.0,"DemandMax":null,"Value":21.776192082425},{"Length":6.31063,"Height":3.447016,"Demand":1.0,"DemandMax":null,"Value":21.75284258008},{"Length":6.40788,"Height":3.39453,"Demand":1.0,"DemandMax":null,"Value":21.751740896399998},{"Length":5.642351,"Height":3.85359,"Demand":1.0,"DemandMax":null,"Value":21.74330739009},{"Length":4.529428,"Height":4.793165,"Demand":1.0,"DemandMax":null,"Value":21.710295759620003},{"Length":3.1958,"Height":6.788926,"Demand":1.0,"DemandMax":null,"Value":21.6960497108},{"Length":5.247468,"Height":4.129068,"Demand":1.0,"DemandMax":null,"Value":21.667152199824},{"Length":6.997279,"Height":3.095627,"Demand":1.0,"DemandMax":null,"Value":21.660965798933},{"Length":5.947925,"Height":3.641149,"Demand":1.0,"DemandMax":null,"Value":21.657281165824998},{"Length":5.139623,"Height":4.20229,"Demand":1.0,"DemandMax":null,"Value":21.59818633667},{"Length":3.52442,"Height":6.124762,"Demand":1.0,"DemandMax":null,"Value":21.58623368804},{"Length":6.053823,"Height":3.565012,"Demand":1.0,"DemandMax":null,"Value":21.581951640876},{"Length":3.423484,"Height":6.270811,"Demand":1.0,"DemandMax":null,"Value":21.468021125524},{"Length":5.738313,"Height":3.735013,"Demand":1.0,"DemandMax":null,"Value":21.432673653069},{"Length":3.39202,"Height":6.312274,"Demand":1.0,"DemandMax":null,"Value":21.41135965348},{"Length":4.573025,"Height":4.681911,"Demand":1.0,"DemandMax":null,"Value":21.410496050775002},{"Length":3.386295,"Height":6.321932,"Demand":1.0,"DemandMax":null,"Value":21.40792672194},{"Length":4.328524,"Height":4.945311,"Demand":1.0,"DemandMax":null,"Value":21.405897350964},{"Length":5.322561,"Height":4.020802,"Demand":1.0,"DemandMax":null,"Value":21.400963913922},{"Length":3.235253,"Height":6.609488,"Demand":1.0,"DemandMax":null,"Value":21.383365880464},{"Length":8.087395,"Height":2.642017,"Demand":1.0,"DemandMax":null,"Value":21.367035075715002},{"Length":4.403746,"Height":4.8501,"Demand":1.0,"DemandMax":null,"Value":21.3586084746},{"Length":3.126297,"Height":6.83029,"Demand":1.0,"DemandMax":null,"Value":21.35351513613},{"Length":2.531304,"Height":8.433985,"Demand":1.0,"DemandMax":null,"Value":21.348979966439998},{"Length":3.539384,"Height":6.020465,"Demand":1.0,"DemandMax":null,"Value":21.30873749356},{"Length":7.264553,"Height":2.927376,"Demand":1.0,"DemandMax":null,"Value":21.266078102928002},{"Length":3.130102,"Height":6.788926,"Demand":1.0,"DemandMax":null,"Value":21.250030850452},{"Length":5.545745,"Height":3.828918,"Demand":1.0,"DemandMax":null,"Value":21.23420285391},{"Length":3.282334,"Height":6.461073,"Demand":1.0,"DemandMax":null,"Value":21.207399584382},{"Length":5.032276,"Height":4.210699,"Demand":1.0,"DemandMax":null,"Value":21.189399520924002},{"Length":3.110773,"Height":6.788926,"Demand":1.0,"DemandMax":null,"Value":21.118807699798},{"Length":7.688089,"Height":2.746565,"Demand":1.0,"DemandMax":null,"Value":21.115836164285},{"Length":6.31063,"Height":3.341911,"Demand":1.0,"DemandMax":null,"Value":21.08956381393},{"Length":6.304975,"Height":3.344041,"Demand":1.0,"DemandMax":null,"Value":21.084094903974997},{"Length":2.785208,"Height":7.567574,"Demand":1.0,"DemandMax":null,"Value":21.077267645392},{"Length":2.993602,"Height":7.038086,"Demand":1.0,"DemandMax":null,"Value":21.069228325772},{"Length":3.301676,"Height":6.381079,"Demand":1.0,"DemandMax":null,"Value":21.068255388404},{"Length":7.336663,"Height":2.869717,"Demand":1.0,"DemandMax":null,"Value":21.054146534371},{"Length":4.452299,"Height":4.727795,"Demand":1.0,"DemandMax":null,"Value":21.049556950705004},{"Length":4.387442,"Height":4.793165,"Demand":1.0,"DemandMax":null,"Value":21.02973343393},{"Length":3.934994,"Height":5.336643,"Demand":1.0,"DemandMax":null,"Value":20.999658185142},{"Length":6.75977,"Height":3.104694,"Demand":1.0,"DemandMax":null,"Value":20.987017360379998},{"Length":6.304975,"Height":3.325494,"Demand":1.0,"DemandMax":null,"Value":20.967156532649998},{"Length":7.222509,"Height":2.902902,"Demand":1.0,"DemandMax":null,"Value":20.966235821118},{"Length":4.746932,"Height":4.407064,"Demand":1.0,"DemandMax":null,"Value":20.920033127648},{"Length":6.466075,"Height":3.233982,"Demand":1.0,"DemandMax":null,"Value":20.911170160650002},{"Length":3.24329,"Height":6.446496,"Demand":1.0,"DemandMax":null,"Value":20.90785601184},{"Length":3.032803,"Height":6.869502,"Demand":1.0,"DemandMax":null,"Value":20.833846274105998},{"Length":3.523686,"Height":5.910616,"Demand":1.0,"DemandMax":null,"Value":20.827154850576},{"Length":6.888132,"Height":3.02355,"Demand":1.0,"DemandMax":null,"Value":20.8266115086},{"Length":3.426733,"Height":6.076305,"Demand":1.0,"DemandMax":null,"Value":20.821874861565},{"Length":5.308334,"Height":3.921389,"Demand":1.0,"DemandMax":null,"Value":20.816042555926},{"Length":4.605303,"Height":4.516804,"Demand":1.0,"DemandMax":null,"Value":20.801251011612},{"Length":4.328524,"Height":4.801156,"Demand":1.0,"DemandMax":null,"Value":20.781918973744},{"Length":3.426526,"Height":6.060383,"Demand":1.0,"DemandMax":null,"Value":20.766059919457998},{"Length":5.322561,"Height":3.897782,"Demand":1.0,"DemandMax":null,"Value":20.746182459702002},{"Length":2.458939,"Height":8.433985,"Demand":1.0,"DemandMax":null,"Value":20.738654641914998},{"Length":4.216218,"Height":4.912389,"Demand":1.0,"DemandMax":null,"Value":20.711702924801997},{"Length":2.734018,"Height":7.567574,"Demand":1.0,"DemandMax":null,"Value":20.689883532331997},{"Length":3.190752,"Height":6.482531,"Demand":1.0,"DemandMax":null,"Value":20.684148753311998},{"Length":3.197089,"Height":6.459094,"Demand":1.0,"DemandMax":null,"Value":20.650298377366003},{"Length":5.729415,"Height":3.595089,"Demand":1.0,"DemandMax":null,"Value":20.597756842935002},{"Length":5.545745,"Height":3.714063,"Demand":1.0,"DemandMax":null,"Value":20.597246311935},{"Length":5.536327,"Height":3.720034,"Demand":1.0,"DemandMax":null,"Value":20.595324675118},{"Length":5.839841,"Height":3.526628,"Demand":1.0,"DemandMax":null,"Value":20.594946786148},{"Length":4.375477,"Height":4.70679,"Demand":1.0,"DemandMax":null,"Value":20.59445138883},{"Length":6.112759,"Height":3.366443,"Demand":1.0,"DemandMax":null,"Value":20.578254746236997},{"Length":6.531508,"Height":3.150366,"Demand":1.0,"DemandMax":null,"Value":20.576640731928},{"Length":4.450282,"Height":4.615389,"Demand":1.0,"DemandMax":null,"Value":20.539782589698},{"Length":3.674008,"Height":5.590091,"Demand":1.0,"DemandMax":null,"Value":20.538039054728003},{"Length":4.526196,"Height":4.533316,"Demand":1.0,"DemandMax":null,"Value":20.518676745936},{"Length":5.308334,"Height":3.862892,"Demand":1.0,"DemandMax":null,"Value":20.505520941928},{"Length":3.077956,"Height":6.658874,"Demand":1.0,"DemandMax":null,"Value":20.495721181544},{"Length":4.123243,"Height":4.967223,"Demand":1.0,"DemandMax":null,"Value":20.481067464189},{"Length":4.373849,"Height":4.676429,"Demand":1.0,"DemandMax":null,"Value":20.453994305221},{"Length":3.543693,"Height":5.750616,"Demand":1.0,"DemandMax":null,"Value":20.378417664888},{"Length":3.467093,"Height":5.877156,"Demand":1.0,"DemandMax":null,"Value":20.376646427508003},{"Length":7.264553,"Height":2.803144,"Demand":1.0,"DemandMax":null,"Value":20.363588154632},{"Length":6.198472,"Height":3.285174,"Demand":1.0,"DemandMax":null,"Value":20.363059054127998},{"Length":8.238544,"Height":2.469657,"Demand":1.0,"DemandMax":null,"Value":20.346377859408},{"Length":3.07811,"Height":6.607943,"Demand":1.0,"DemandMax":null,"Value":20.33997542773},{"Length":5.949307,"Height":3.415619,"Demand":1.0,"DemandMax":null,"Value":20.320566026033},{"Length":3.429354,"Height":5.918365,"Demand":1.0,"DemandMax":null,"Value":20.29616868621},{"Length":5.016454,"Height":4.043044,"Demand":1.0,"DemandMax":null,"Value":20.281744245976004},{"Length":4.755177,"Height":4.262343,"Demand":1.0,"DemandMax":null,"Value":20.268195399711},{"Length":2.442238,"Height":8.296489,"Demand":1.0,"DemandMax":null,"Value":20.262000702382},{"Length":5.610366,"Height":3.605531,"Demand":1.0,"DemandMax":null,"Value":20.228348534346},{"Length":6.888132,"Height":2.935563,"Demand":1.0,"DemandMax":null,"Value":20.220545438316},{"Length":3.788885,"Height":5.336439,"Demand":1.0,"DemandMax":null,"Value":20.219153680515003},{"Length":5.659296,"Height":3.567353,"Demand":1.0,"DemandMax":null,"Value":20.188706563488},{"Length":3.169978,"Height":6.361206,"Demand":1.0,"DemandMax":null,"Value":20.164883073468},{"Length":2.456332,"Height":8.207643,"Demand":1.0,"DemandMax":null,"Value":20.160696145476},{"Length":3.120042,"Height":6.461073,"Demand":1.0,"DemandMax":null,"Value":20.158819125066},{"Length":5.758383,"Height":3.493509,"Demand":1.0,"DemandMax":null,"Value":20.116962835947},{"Length":6.153652,"Height":3.268797,"Demand":1.0,"DemandMax":null,"Value":20.115039196644002},{"Length":4.436131,"Height":4.533316,"Demand":1.0,"DemandMax":null,"Value":20.110383640395998},{"Length":6.920575,"Height":2.905012,"Demand":1.0,"DemandMax":null,"Value":20.1043534219},{"Length":4.455965,"Height":4.510875,"Demand":1.0,"DemandMax":null,"Value":20.100301119375},{"Length":4.329532,"Height":4.639999,"Demand":1.0,"DemandMax":null,"Value":20.089024150468003},{"Length":3.218452,"Height":6.239296,"Demand":1.0,"DemandMax":null,"Value":20.080874689792},{"Length":5.867661,"Height":3.415619,"Demand":1.0,"DemandMax":null,"Value":20.041694397159},{"Length":2.915122,"Height":6.869502,"Demand":1.0,"DemandMax":null,"Value":20.025436409244},{"Length":3.263887,"Height":6.124762,"Demand":1.0,"DemandMax":null,"Value":19.990531069893997},{"Length":5.705575,"Height":3.503049,"Demand":1.0,"DemandMax":null,"Value":19.986908798174998},{"Length":4.237753,"Height":4.714768,"Demand":1.0,"DemandMax":null,"Value":19.980022236304},{"Length":6.670594,"Height":2.994771,"Demand":1.0,"DemandMax":null,"Value":19.976901463974002},{"Length":6.153652,"Height":3.245398,"Demand":1.0,"DemandMax":null,"Value":19.971049893495998},{"Length":2.412534,"Height":8.274294,"Demand":1.0,"DemandMax":null,"Value":19.962015600995997},{"Length":8.087395,"Height":2.46713,"Demand":1.0,"DemandMax":null,"Value":19.952654826350003},{"Length":3.100953,"Height":6.426734,"Demand":1.0,"DemandMax":null,"Value":19.929000077502},{"Length":3.851328,"Height":5.174569,"Demand":1.0,"DemandMax":null,"Value":19.928962477632002},{"Length":8.238544,"Height":2.418348,"Demand":1.0,"DemandMax":null,"Value":19.923666405311998},{"Length":6.661984,"Height":2.989244,"Demand":1.0,"DemandMax":null,"Value":19.914295700095998},{"Length":7.106627,"Height":2.800625,"Demand":1.0,"DemandMax":null,"Value":19.902997241875},{"Length":3.159539,"Height":6.296991,"Demand":1.0,"DemandMax":null,"Value":19.895588647149},{"Length":4.049299,"Height":4.912389,"Demand":1.0,"DemandMax":null,"Value":19.891731865311},{"Length":3.822843,"Height":5.197499,"Demand":1.0,"DemandMax":null,"Value":19.869222669657},{"Length":3.354489,"Height":5.920481,"Demand":1.0,"DemandMax":null,"Value":19.860188389209},{"Length":7.336663,"Height":2.705824,"Demand":1.0,"DemandMax":null,"Value":19.851718825312},{"Length":5.117788,"Height":3.875179,"Demand":1.0,"DemandMax":null,"Value":19.832344584052002},{"Length":3.075111,"Height":6.446496,"Demand":1.0,"DemandMax":null,"Value":19.823690761056},{"Length":6.642265,"Height":2.982951,"Demand":1.0,"DemandMax":null,"Value":19.813551024015},{"Length":5.834994,"Height":3.394281,"Demand":1.0,"DemandMax":null,"Value":19.805609269314},{"Length":5.549323,"Height":3.567353,"Demand":1.0,"DemandMax":null,"Value":19.796394052019004},{"Length":4.587011,"Height":4.313154,"Demand":1.0,"DemandMax":null,"Value":19.784484842694003},{"Length":3.292737,"Height":6.008243,"Demand":1.0,"DemandMax":null,"Value":19.783564031091},{"Length":3.783988,"Height":5.225882,"Demand":1.0,"DemandMax":null,"Value":19.774674777416},{"Length":4.990243,"Height":3.958958,"Demand":1.0,"DemandMax":null,"Value":19.756162446794},{"Length":4.194064,"Height":4.709783,"Demand":1.0,"DemandMax":null,"Value":19.753131328111998},{"Length":3.333297,"Height":5.924545,"Demand":1.0,"DemandMax":null,"Value":19.748268074865},{"Length":6.61048,"Height":2.986362,"Demand":1.0,"DemandMax":null,"Value":19.74128627376},{"Length":3.320097,"Height":5.943812,"Demand":1.0,"DemandMax":null,"Value":19.734032389764},{"Length":5.949323,"Height":3.316402,"Demand":1.0,"DemandMax":null,"Value":19.730346695846},{"Length":4.746932,"Height":4.156106,"Demand":1.0,"DemandMax":null,"Value":19.728752566792004},{"Length":5.06558,"Height":3.893745,"Demand":1.0,"DemandMax":null,"Value":19.7240767971},{"Length":4.466252,"Height":4.415525,"Demand":1.0,"DemandMax":null,"Value":19.7208473623},{"Length":5.465986,"Height":3.607466,"Demand":1.0,"DemandMax":null,"Value":19.718358651476},{"Length":6.047096,"Height":3.249664,"Demand":1.0,"DemandMax":null,"Value":19.651030175744},{"Length":5.365456,"Height":3.661468,"Demand":1.0,"DemandMax":null,"Value":19.645445449408},{"Length":3.310759,"Height":5.932427,"Demand":1.0,"DemandMax":null,"Value":19.640836082093},{"Length":3.302176,"Height":5.944804,"Demand":1.0,"DemandMax":null,"Value":19.630789093504},{"Length":4.053499,"Height":4.832726,"Demand":1.0,"DemandMax":null,"Value":19.589450008274003},{"Length":3.829752,"Height":5.109453,"Demand":1.0,"DemandMax":null,"Value":19.567937845656},{"Length":3.068243,"Height":6.371674,"Demand":1.0,"DemandMax":null,"Value":19.549844148781997},{"Length":4.450282,"Height":4.386714,"Demand":1.0,"DemandMax":null,"Value":19.522114353347998},{"Length":4.822884,"Height":4.047163,"Demand":1.0,"DemandMax":null,"Value":19.518997678092003},{"Length":4.587011,"Height":4.250016,"Demand":1.0,"DemandMax":null,"Value":19.494870142176},{"Length":5.409987,"Height":3.601851,"Demand":1.0,"DemandMax":null,"Value":19.485967085937},{"Length":3.847604,"Height":5.050555,"Demand":1.0,"DemandMax":null,"Value":19.43253562022},{"Length":7.456347,"Height":2.595953,"Demand":1.0,"DemandMax":null,"Value":19.356326363691},{"Length":3.185398,"Height":6.076473,"Demand":1.0,"DemandMax":null,"Value":19.355984941254},{"Length":3.829752,"Height":5.044038,"Demand":1.0,"DemandMax":null,"Value":19.317414618576},{"Length":6.860781,"Height":2.813736,"Demand":1.0,"DemandMax":null,"Value":19.304426487816002},{"Length":3.851328,"Height":5.009064,"Demand":1.0,"DemandMax":null,"Value":19.291548436992002},{"Length":3.595176,"Height":5.364179,"Demand":1.0,"DemandMax":null,"Value":19.285167600504},{"Length":3.274002,"Height":5.877156,"Demand":1.0,"DemandMax":null,"Value":19.241820498312},{"Length":3.310759,"Height":5.807837,"Demand":1.0,"DemandMax":null,"Value":19.228348618283},{"Length":3.424979,"Height":5.613627,"Demand":1.0,"DemandMax":null,"Value":19.226554588833},{"Length":4.505768,"Height":4.265532,"Demand":1.0,"DemandMax":null,"Value":19.219497588576},{"Length":4.86395,"Height":3.950672,"Demand":1.0,"DemandMax":null,"Value":19.2158710744},{"Length":4.990243,"Height":3.850507,"Demand":1.0,"DemandMax":null,"Value":19.214965603201},{"Length":2.569322,"Height":7.47406,"Demand":1.0,"DemandMax":null,"Value":19.20326678732},{"Length":4.855129,"Height":3.950672,"Demand":1.0,"DemandMax":null,"Value":19.181022196687998},{"Length":5.783386,"Height":3.316402,"Demand":1.0,"DemandMax":null,"Value":19.180032897172},{"Length":4.403746,"Height":4.353197,"Demand":1.0,"DemandMax":null,"Value":19.170373875962},{"Length":3.236568,"Height":5.920481,"Demand":1.0,"DemandMax":null,"Value":19.162039349208},{"Length":6.213108,"Height":3.081512,"Demand":1.0,"DemandMax":null,"Value":19.145766859296},{"Length":3.142599,"Height":6.085476,"Demand":1.0,"DemandMax":null,"Value":19.124210792124},{"Length":3.84476,"Height":4.967223,"Demand":1.0,"DemandMax":null,"Value":19.09778030148},{"Length":3.828148,"Height":4.977597,"Demand":1.0,"DemandMax":null,"Value":19.054978000356},{"Length":6.009292,"Height":3.161283,"Demand":1.0,"DemandMax":null,"Value":18.997072641636002},{"Length":3.100086,"Height":6.113733,"Demand":1.0,"DemandMax":null,"Value":18.953098081038},{"Length":2.211642,"Height":8.560076,"Demand":1.0,"DemandMax":null,"Value":18.931823604792},{"Length":3.106535,"Height":6.051586,"Demand":1.0,"DemandMax":null,"Value":18.79946371451},{"Length":4.696496,"Height":3.997785,"Demand":1.0,"DemandMax":null,"Value":18.77558126136},{"Length":5.082665,"Height":3.692821,"Demand":1.0,"DemandMax":null,"Value":18.769372047965},{"Length":3.113029,"Height":6.025066,"Demand":1.0,"DemandMax":null,"Value":18.756205184914},{"Length":6.765554,"Height":2.772241,"Demand":1.0,"DemandMax":null,"Value":18.755746186514},{"Length":3.631704,"Height":5.1376,"Demand":1.0,"DemandMax":null,"Value":18.6582424704},{"Length":3.239688,"Height":5.758832,"Demand":1.0,"DemandMax":null,"Value":18.656818924416},{"Length":2.176462,"Height":8.560076,"Demand":1.0,"DemandMax":null,"Value":18.630680131112},{"Length":5.937349,"Height":3.124497,"Demand":1.0,"DemandMax":null,"Value":18.551229138453},{"Length":2.877498,"Height":6.426322,"Demand":1.0,"DemandMax":null,"Value":18.491728702356},{"Length":5.555651,"Height":3.326213,"Demand":1.0,"DemandMax":null,"Value":18.479278579663},{"Length":2.150232,"Height":8.560076,"Demand":1.0,"DemandMax":null,"Value":18.406149337632},{"Length":4.648234,"Height":3.953595,"Demand":1.0,"DemandMax":null,"Value":18.37723470123},{"Length":2.142235,"Height":8.560076,"Demand":1.0,"DemandMax":null,"Value":18.33769440986},{"Length":3.356794,"Height":5.459532,"Demand":1.0,"DemandMax":null,"Value":18.326524260408},{"Length":4.511059,"Height":4.047163,"Demand":1.0,"DemandMax":null,"Value":18.256991075617},{"Length":4.252948,"Height":4.261759,"Demand":1.0,"DemandMax":null,"Value":18.125039415531997},{"Length":3.142599,"Height":5.764992,"Demand":1.0,"DemandMax":null,"Value":18.117058094208},{"Length":3.863123,"Height":4.686231,"Demand":1.0,"DemandMax":null,"Value":18.103486759413002},{"Length":3.719228,"Height":4.832726,"Demand":1.0,"DemandMax":null,"Value":17.974009855528003},{"Length":5.6951,"Height":3.147879,"Demand":1.0,"DemandMax":null,"Value":17.9274856929},{"Length":3.354334,"Height":5.337908,"Demand":1.0,"DemandMax":null,"Value":17.905126293271998},{"Length":3.64437,"Height":4.90783,"Demand":1.0,"DemandMax":null,"Value":17.8859484171},{"Length":3.215894,"Height":5.551284,"Demand":1.0,"DemandMax":null,"Value":17.852340907896},{"Length":4.373849,"Height":4.078967,"Demand":1.0,"DemandMax":null,"Value":17.840785733982997},{"Length":3.052133,"Height":5.844052,"Demand":1.0,"DemandMax":null,"Value":17.836823962916},{"Length":6.199648,"Height":2.876486,"Demand":1.0,"DemandMax":null,"Value":17.833200676927998},{"Length":3.631704,"Height":4.907557,"Demand":1.0,"DemandMax":null,"Value":17.822794387128},{"Length":4.008343,"Height":4.441656,"Demand":1.0,"DemandMax":null,"Value":17.803680736008},{"Length":2.4753,"Height":7.183027,"Demand":1.0,"DemandMax":null,"Value":17.7801467331},{"Length":5.778296,"Height":3.074131,"Demand":1.0,"DemandMax":null,"Value":17.763238860776},{"Length":2.155303,"Height":8.238344,"Demand":1.0,"DemandMax":null,"Value":17.756127538232},{"Length":4.248706,"Height":4.1714,"Demand":1.0,"DemandMax":null,"Value":17.723052208400002},{"Length":6.220303,"Height":2.845582,"Demand":1.0,"DemandMax":null,"Value":17.700382251346},{"Length":3.330676,"Height":5.288793,"Demand":1.0,"DemandMax":null,"Value":17.615255914068},{"Length":4.860555,"Height":3.623376,"Demand":1.0,"DemandMax":null,"Value":17.61161833368},{"Length":2.918677,"Height":6.025066,"Demand":1.0,"DemandMax":null,"Value":17.585221557682},{"Length":6.765554,"Height":2.596992,"Demand":1.0,"DemandMax":null,"Value":17.570089613568},{"Length":3.265445,"Height":5.37629,"Demand":1.0,"DemandMax":null,"Value":17.55597929905},{"Length":3.399102,"Height":5.151205,"Demand":1.0,"DemandMax":null,"Value":17.50947121791},{"Length":2.799951,"Height":6.245364,"Demand":1.0,"DemandMax":null,"Value":17.486713177164003},{"Length":2.20736,"Height":7.917799,"Demand":1.0,"DemandMax":null,"Value":17.47743280064},{"Length":2.323785,"Height":7.489901,"Demand":1.0,"DemandMax":null,"Value":17.404919595284998},{"Length":6.282258,"Height":2.766682,"Demand":1.0,"DemandMax":null,"Value":17.381010127956},{"Length":3.574632,"Height":4.852053,"Demand":1.0,"DemandMax":null,"Value":17.344303919496},{"Length":3.078562,"Height":5.633669,"Demand":1.0,"DemandMax":null,"Value":17.343599303978},{"Length":2.552287,"Height":6.788926,"Demand":1.0,"DemandMax":null,"Value":17.327287573762},{"Length":3.610394,"Height":4.791483,"Demand":1.0,"DemandMax":null,"Value":17.299141474302},{"Length":4.342515,"Height":3.974818,"Demand":1.0,"DemandMax":null,"Value":17.26070678727},{"Length":7.222509,"Height":2.383507,"Demand":1.0,"DemandMax":null,"Value":17.214900759063},{"Length":2.678635,"Height":6.426322,"Demand":1.0,"DemandMax":null,"Value":17.21377103047},{"Length":2.082597,"Height":8.238344,"Demand":1.0,"DemandMax":null,"Value":17.157150499367997},{"Length":4.51709,"Height":3.795432,"Demand":1.0,"DemandMax":null,"Value":17.144307932879997},{"Length":5.398511,"Height":3.169922,"Demand":1.0,"DemandMax":null,"Value":17.112858786142002},{"Length":3.822177,"Height":4.463641,"Demand":1.0,"DemandMax":null,"Value":17.060825966457},{"Length":3.218699,"Height":5.298301,"Demand":1.0,"DemandMax":null,"Value":17.053636130399003},{"Length":3.62278,"Height":4.70679,"Demand":1.0,"DemandMax":null,"Value":17.0516646762},{"Length":6.009292,"Height":2.837081,"Demand":1.0,"DemandMax":null,"Value":17.048848156652},{"Length":3.478672,"Height":4.900282,"Demand":1.0,"DemandMax":null,"Value":17.046473785504},{"Length":3.412958,"Height":4.994256,"Demand":1.0,"DemandMax":null,"Value":17.045185969248},{"Length":3.464669,"Height":4.90783,"Demand":1.0,"DemandMax":null,"Value":17.00400645827},{"Length":3.675716,"Height":4.620968,"Demand":1.0,"DemandMax":null,"Value":16.985366013088},{"Length":2.839526,"Height":5.973573,"Demand":1.0,"DemandMax":null,"Value":16.962115846398003},{"Length":3.118188,"Height":5.439279,"Demand":1.0,"DemandMax":null,"Value":16.960694506452},{"Length":5.365456,"Height":3.160648,"Demand":1.0,"DemandMax":null,"Value":16.958317775488002},{"Length":2.481472,"Height":6.83029,"Demand":1.0,"DemandMax":null,"Value":16.949173386880002},{"Length":7.688089,"Height":2.199595,"Demand":1.0,"DemandMax":null,"Value":16.910682123955},{"Length":3.16222,"Height":5.338351,"Demand":1.0,"DemandMax":null,"Value":16.88104029922},{"Length":3.042758,"Height":5.547482,"Demand":1.0,"DemandMax":null,"Value":16.879645235355998},{"Length":3.159991,"Height":5.337908,"Demand":1.0,"DemandMax":null,"Value":16.867741238828},{"Length":7.998257,"Height":2.107623,"Demand":1.0,"DemandMax":null,"Value":16.857310413110998},{"Length":3.239688,"Height":5.198096,"Demand":1.0,"DemandMax":null,"Value":16.840209234048},{"Length":3.571183,"Height":4.714768,"Demand":1.0,"DemandMax":null,"Value":16.837299330544003},{"Length":3.185398,"Height":5.276346,"Demand":1.0,"DemandMax":null,"Value":16.807261995708},{"Length":4.489968,"Height":3.735013,"Demand":1.0,"DemandMax":null,"Value":16.770088849584},{"Length":3.784339,"Height":4.426617,"Demand":1.0,"DemandMax":null,"Value":16.751819351163},{"Length":5.398511,"Height":3.102729,"Demand":1.0,"DemandMax":null,"Value":16.750116636519},{"Length":2.827613,"Height":5.920481,"Demand":1.0,"DemandMax":null,"Value":16.740829041852997},{"Length":4.696496,"Height":3.564174,"Demand":1.0,"DemandMax":null,"Value":16.739128934304},{"Length":3.441622,"Height":4.852053,"Demand":1.0,"DemandMax":null,"Value":16.698932349966},{"Length":6.892707,"Height":2.420952,"Demand":1.0,"DemandMax":null,"Value":16.686912797064},{"Length":4.333618,"Height":3.848932,"Demand":1.0,"DemandMax":null,"Value":16.679800995976002},{"Length":3.432873,"Height":4.852053,"Demand":1.0,"DemandMax":null,"Value":16.656481738268997},{"Length":4.314258,"Height":3.856683,"Demand":1.0,"DemandMax":null,"Value":16.638725486214},{"Length":6.765554,"Height":2.458779,"Demand":1.0,"DemandMax":null,"Value":16.635002098565998},{"Length":4.3202,"Height":3.833428,"Demand":1.0,"DemandMax":null,"Value":16.5611756456},{"Length":3.771386,"Height":4.387185,"Demand":1.0,"DemandMax":null,"Value":16.54576808841},{"Length":3.645786,"Height":4.537428,"Demand":1.0,"DemandMax":null,"Value":16.542491478408003},{"Length":5.835368,"Height":2.833555,"Demand":1.0,"DemandMax":null,"Value":16.53483617324},{"Length":5.947925,"Height":2.779073,"Demand":1.0,"DemandMax":null,"Value":16.529717773525},{"Length":3.133284,"Height":5.273711,"Demand":1.0,"DemandMax":null,"Value":16.524034296924},{"Length":3.00605,"Height":5.486124,"Demand":1.0,"DemandMax":null,"Value":16.4915630502},{"Length":5.061776,"Height":3.252782,"Demand":1.0,"DemandMax":null,"Value":16.464853860832},{"Length":3.890041,"Height":4.231079,"Demand":1.0,"DemandMax":null,"Value":16.459070784239},{"Length":3.00605,"Height":5.470805,"Demand":1.0,"DemandMax":null,"Value":16.44551337025},{"Length":3.84314,"Height":4.265532,"Demand":1.0,"DemandMax":null,"Value":16.393036650480003},{"Length":2.739048,"Height":5.981133,"Demand":1.0,"DemandMax":null,"Value":16.382610381383998},{"Length":2.191586,"Height":7.47406,"Demand":1.0,"DemandMax":null,"Value":16.38004525916},{"Length":6.924793,"Height":2.364088,"Demand":1.0,"DemandMax":null,"Value":16.370820033784003},{"Length":6.661984,"Height":2.454777,"Demand":1.0,"DemandMax":null,"Value":16.353685097568},{"Length":5.52509,"Height":2.955489,"Demand":1.0,"DemandMax":null,"Value":16.32934271901},{"Length":3.499372,"Height":4.661379,"Demand":1.0,"DemandMax":null,"Value":16.311899153988},{"Length":5.318369,"Height":3.06479,"Demand":1.0,"DemandMax":null,"Value":16.299684127509998},{"Length":6.208769,"Height":2.616277,"Demand":1.0,"DemandMax":null,"Value":16.243859533013},{"Length":6.892707,"Height":2.356314,"Demand":1.0,"DemandMax":null,"Value":16.241382001997998},{"Length":2.951369,"Height":5.502432,"Demand":1.0,"DemandMax":null,"Value":16.239707229408},{"Length":5.082665,"Height":3.193898,"Demand":1.0,"DemandMax":null,"Value":16.23351357817},{"Length":4.537658,"Height":3.570091,"Demand":1.0,"DemandMax":null,"Value":16.199851986878002},{"Length":3.215894,"Height":5.035814,"Demand":1.0,"DemandMax":null,"Value":16.194644027716002},{"Length":4.904716,"Height":3.297543,"Demand":1.0,"DemandMax":null,"Value":16.173511912787998},{"Length":2.42352,"Height":6.66744,"Demand":1.0,"DemandMax":null,"Value":16.1586741888},{"Length":5.894571,"Height":2.736295,"Demand":1.0,"DemandMax":null,"Value":16.129285154445},{"Length":2.506596,"Height":6.427634,"Demand":1.0,"DemandMax":null,"Value":16.111481673864002},{"Length":5.14936,"Height":3.124497,"Demand":1.0,"DemandMax":null,"Value":16.08915987192},{"Length":3.06159,"Height":5.225882,"Demand":1.0,"DemandMax":null,"Value":15.99950807238},{"Length":3.221613,"Height":4.960191,"Demand":1.0,"DemandMax":null,"Value":15.979815808083},{"Length":2.731824,"Height":5.844052,"Demand":1.0,"DemandMax":null,"Value":15.964921510847999},{"Length":5.729415,"Height":2.772972,"Demand":1.0,"DemandMax":null,"Value":15.887507371380002},{"Length":5.398511,"Height":2.9366,"Demand":1.0,"DemandMax":null,"Value":15.8532674026},{"Length":5.382685,"Height":2.944462,"Demand":1.0,"DemandMax":null,"Value":15.849111440470002},{"Length":2.434547,"Height":6.505527,"Demand":1.0,"DemandMax":null,"Value":15.838011241268998},{"Length":5.398511,"Height":2.93232,"Demand":1.0,"DemandMax":null,"Value":15.830161775519999},{"Length":3.754935,"Height":4.215402,"Demand":1.0,"DemandMax":null,"Value":15.828560508870002},{"Length":6.567169,"Height":2.40884,"Demand":1.0,"DemandMax":null,"Value":15.81925937396},{"Length":5.610366,"Height":2.811302,"Demand":1.0,"DemandMax":null,"Value":15.772433156532},{"Length":6.653674,"Height":2.367298,"Demand":1.0,"DemandMax":null,"Value":15.751229152851998},{"Length":3.245721,"Height":4.852053,"Demand":1.0,"DemandMax":null,"Value":15.748410315212999},{"Length":5.461363,"Height":2.879578,"Demand":1.0,"DemandMax":null,"Value":15.726420744814002},{"Length":6.047096,"Height":2.600148,"Demand":1.0,"DemandMax":null,"Value":15.723344570207999},{"Length":3.203133,"Height":4.908391,"Demand":1.0,"DemandMax":null,"Value":15.722229189002999},{"Length":4.772676,"Height":3.293987,"Demand":1.0,"DemandMax":null,"Value":15.721132699212},{"Length":3.189079,"Height":4.927969,"Demand":1.0,"DemandMax":null,"Value":15.715682450551},{"Length":6.304076,"Height":2.48817,"Demand":1.0,"DemandMax":null,"Value":15.685612780920001},{"Length":3.758916,"Height":4.1714,"Demand":1.0,"DemandMax":null,"Value":15.679942202400001},{"Length":3.524804,"Height":4.444114,"Demand":1.0,"DemandMax":null,"Value":15.664630803656},{"Length":4.008343,"Height":3.905496,"Demand":1.0,"DemandMax":null,"Value":15.654567553127999},{"Length":3.189405,"Height":4.907932,"Demand":1.0,"DemandMax":null,"Value":15.653382860459999},{"Length":7.688089,"Height":2.033495,"Demand":1.0,"DemandMax":null,"Value":15.633690541054998},{"Length":2.923953,"Height":5.338351,"Demand":1.0,"DemandMax":null,"Value":15.609087421503},{"Length":3.265445,"Height":4.777201,"Demand":1.0,"DemandMax":null,"Value":15.599687119445},{"Length":7.322616,"Height":2.129554,"Demand":1.0,"DemandMax":null,"Value":15.593906193264},{"Length":2.04512,"Height":7.623286,"Demand":1.0,"DemandMax":null,"Value":15.59053466432},{"Length":2.334913,"Height":6.669535,"Demand":1.0,"DemandMax":null,"Value":15.572783975454998},{"Length":3.306259,"Height":4.693284,"Demand":1.0,"DemandMax":null,"Value":15.517212464556},{"Length":3.024796,"Height":5.124637,"Demand":1.0,"DemandMax":null,"Value":15.500981499052},{"Length":7.772727,"Height":1.994025,"Demand":1.0,"DemandMax":null,"Value":15.499011956174998},{"Length":2.607315,"Height":5.923546,"Demand":1.0,"DemandMax":null,"Value":15.444550338989998},{"Length":5.242371,"Height":2.944462,"Demand":1.0,"DemandMax":null,"Value":15.435962199402002},{"Length":4.648234,"Height":3.314352,"Demand":1.0,"DemandMax":null,"Value":15.405883654368001},{"Length":7.772727,"Height":1.978635,"Demand":1.0,"DemandMax":null,"Value":15.379389687644999},{"Length":4.567969,"Height":3.366443,"Demand":1.0,"DemandMax":null,"Value":15.377807264266998},{"Length":4.195473,"Height":3.664727,"Demand":1.0,"DemandMax":null,"Value":15.375263180871},{"Length":2.913811,"Height":5.273711,"Demand":1.0,"DemandMax":null,"Value":15.366597122620998},{"Length":2.418678,"Height":6.346763,"Demand":1.0,"DemandMax":null,"Value":15.350776039313999},{"Length":3.57101,"Height":4.296175,"Demand":1.0,"DemandMax":null,"Value":15.34168388675},{"Length":5.835368,"Height":2.62908,"Demand":1.0,"DemandMax":null,"Value":15.34164930144},{"Length":3.754935,"Height":4.07663,"Demand":1.0,"DemandMax":null,"Value":15.30748066905},{"Length":4.592667,"Height":3.326213,"Demand":1.0,"DemandMax":null,"Value":15.276188680071},{"Length":3.394361,"Height":4.492917,"Demand":1.0,"DemandMax":null,"Value":15.250582241037002},{"Length":3.633424,"Height":4.194026,"Demand":1.0,"DemandMax":null,"Value":15.238674725024001},{"Length":5.155638,"Height":2.955489,"Demand":1.0,"DemandMax":null,"Value":15.237431396982},{"Length":3.024796,"Height":5.036691,"Demand":1.0,"DemandMax":null,"Value":15.234962790036},{"Length":2.333295,"Height":6.528906,"Demand":1.0,"DemandMax":null,"Value":15.233863725270002},{"Length":3.354619,"Height":4.533316,"Demand":1.0,"DemandMax":null,"Value":15.207547986604},{"Length":3.222378,"Height":4.714768,"Demand":1.0,"DemandMax":null,"Value":15.192764678304},{"Length":4.245196,"Height":3.572646,"Demand":1.0,"DemandMax":null,"Value":15.166582508616},{"Length":4.331683,"Height":3.499277,"Demand":1.0,"DemandMax":null,"Value":15.157758693191},{"Length":4.331683,"Height":3.492747,"Demand":1.0,"DemandMax":null,"Value":15.129472803201},{"Length":3.222965,"Height":4.686231,"Demand":1.0,"DemandMax":null,"Value":15.103558494915001},{"Length":5.508219,"Height":2.741813,"Demand":1.0,"DemandMax":null,"Value":15.102506461047002},{"Length":7.456347,"Height":2.025015,"Demand":1.0,"DemandMax":null,"Value":15.099214520204999},{"Length":2.675635,"Height":5.633669,"Demand":1.0,"DemandMax":null,"Value":15.073641954815003},{"Length":2.36567,"Height":6.37141,"Demand":1.0,"DemandMax":null,"Value":15.0726534947},{"Length":6.920575,"Height":2.175955,"Demand":1.0,"DemandMax":null,"Value":15.058859774125},{"Length":6.924793,"Height":2.17334,"Demand":1.0,"DemandMax":null,"Value":15.04992961862},{"Length":3.539384,"Height":4.249274,"Demand":1.0,"DemandMax":null,"Value":15.039812407215999},{"Length":3.317321,"Height":4.533316,"Demand":1.0,"DemandMax":null,"Value":15.038464366436001},{"Length":2.752444,"Height":5.459532,"Demand":1.0,"DemandMax":null,"Value":15.027056096208002},{"Length":4.558812,"Height":3.294638,"Demand":1.0,"DemandMax":null,"Value":15.019635250055998},{"Length":3.173277,"Height":4.730988,"Demand":1.0,"DemandMax":null,"Value":15.012735407676},{"Length":3.890041,"Height":3.859199,"Demand":1.0,"DemandMax":null,"Value":15.012442337159},{"Length":3.57101,"Height":4.20288,"Demand":1.0,"DemandMax":null,"Value":15.008526508800001},{"Length":3.30576,"Height":4.539477,"Demand":1.0,"DemandMax":null,"Value":15.006421487519999},{"Length":5.210257,"Height":2.879578,"Demand":1.0,"DemandMax":null,"Value":15.003341431546001},{"Length":2.481725,"Height":6.039979,"Demand":1.0,"DemandMax":null,"Value":14.989566883775},{"Length":3.306259,"Height":4.511377,"Demand":1.0,"DemandMax":null,"Value":14.915780808643001},{"Length":3.30576,"Height":4.511839,"Demand":1.0,"DemandMax":null,"Value":14.91505689264},{"Length":5.121237,"Height":2.911294,"Demand":1.0,"DemandMax":null,"Value":14.909426550677999},{"Length":6.723829,"Height":2.216471,"Demand":1.0,"DemandMax":null,"Value":14.903171987459},{"Length":2.933949,"Height":5.075633,"Demand":1.0,"DemandMax":null,"Value":14.891648364717},{"Length":3.822177,"Height":3.890556,"Demand":1.0,"DemandMax":null,"Value":14.870393660412},{"Length":4.653068,"Height":3.189859,"Demand":1.0,"DemandMax":null,"Value":14.842630837412},{"Length":5.157058,"Height":2.876486,"Demand":1.0,"DemandMax":null,"Value":14.834205138188},{"Length":5.947925,"Height":2.493735,"Demand":1.0,"DemandMax":null,"Value":14.832548749874999},{"Length":6.661984,"Height":2.224787,"Demand":1.0,"DemandMax":null,"Value":14.821495397408},{"Length":3.399102,"Height":4.358745,"Demand":1.0,"DemandMax":null,"Value":14.81581884699},{"Length":2.502401,"Height":5.920481,"Demand":1.0,"DemandMax":null,"Value":14.815417574880998},{"Length":2.85945,"Height":5.178901,"Demand":1.0,"DemandMax":null,"Value":14.808808464449998},{"Length":6.567169,"Height":2.253221,"Demand":1.0,"DemandMax":null,"Value":14.797283101348999},{"Length":3.002364,"Height":4.927969,"Demand":1.0,"DemandMax":null,"Value":14.795556718716},{"Length":5.894571,"Height":2.508956,"Demand":1.0,"DemandMax":null,"Value":14.789219277876},{"Length":3.674008,"Height":4.024085,"Demand":1.0,"DemandMax":null,"Value":14.784520482680001},{"Length":5.763263,"Height":2.560992,"Demand":1.0,"DemandMax":null,"Value":14.759670436896002},{"Length":5.683197,"Height":2.596714,"Demand":1.0,"DemandMax":null,"Value":14.757637214657999},{"Length":2.468808,"Height":5.973573,"Demand":1.0,"DemandMax":null,"Value":14.747604810984},{"Length":4.471257,"Height":3.297543,"Demand":1.0,"DemandMax":null,"Value":14.744162221550999},{"Length":2.65729,"Height":5.547482,"Demand":1.0,"DemandMax":null,"Value":14.74126844378},{"Length":7.077367,"Height":2.082701,"Demand":1.0,"DemandMax":null,"Value":14.740039328267},{"Length":5.322561,"Height":2.76861,"Demand":1.0,"DemandMax":null,"Value":14.73609561021},{"Length":5.536327,"Height":2.661446,"Demand":1.0,"DemandMax":null,"Value":14.734635348842001},{"Length":6.765554,"Height":2.175121,"Demand":1.0,"DemandMax":null,"Value":14.715898582033999},{"Length":2.329231,"Height":6.310315,"Demand":1.0,"DemandMax":null,"Value":14.698181317765},{"Length":5.610366,"Height":2.618532,"Demand":1.0,"DemandMax":null,"Value":14.690922902712},{"Length":3.173742,"Height":4.620968,"Demand":1.0,"DemandMax":null,"Value":14.665760222256},{"Length":4.772676,"Height":3.071741,"Demand":1.0,"DemandMax":null,"Value":14.660424548915998},{"Length":4.43943,"Height":3.299962,"Demand":1.0,"DemandMax":null,"Value":14.649950301659999},{"Length":4.84026,"Height":3.025475,"Demand":1.0,"DemandMax":null,"Value":14.6440856235},{"Length":3.53714,"Height":4.13841,"Demand":1.0,"DemandMax":null,"Value":14.638135547400001},{"Length":7.077367,"Height":2.062593,"Demand":1.0,"DemandMax":null,"Value":14.597727632631},{"Length":3.044795,"Height":4.791516,"Demand":1.0,"DemandMax":null,"Value":14.58918395922},{"Length":4.81995,"Height":3.026678,"Demand":1.0,"DemandMax":null,"Value":14.588436626100002},{"Length":3.231227,"Height":4.510875,"Demand":1.0,"DemandMax":null,"Value":14.575661093625001},{"Length":2.755498,"Height":5.288793,"Demand":1.0,"DemandMax":null,"Value":14.573258533913998},{"Length":2.62357,"Height":5.549206,"Demand":1.0,"DemandMax":null,"Value":14.558730385419999},{"Length":3.118188,"Height":4.666628,"Demand":1.0,"DemandMax":null,"Value":14.551423430064},{"Length":3.189405,"Height":4.562422,"Demand":1.0,"DemandMax":null,"Value":14.55141153891},{"Length":4.038062,"Height":3.601851,"Demand":1.0,"DemandMax":null,"Value":14.544497652762},{"Length":2.001045,"Height":7.267947,"Demand":1.0,"DemandMax":null,"Value":14.543489004615001},{"Length":6.208769,"Height":2.341553,"Demand":1.0,"DemandMax":null,"Value":14.538161678257001},{"Length":2.642064,"Height":5.502432,"Demand":1.0,"DemandMax":null,"Value":14.537777499648},{"Length":2.613991,"Height":5.549206,"Demand":1.0,"DemandMax":null,"Value":14.505574541146},{"Length":6.723829,"Height":2.15678,"Demand":1.0,"DemandMax":null,"Value":14.50181991062},{"Length":5.562472,"Height":2.601312,"Demand":1.0,"DemandMax":null,"Value":14.469725163264},{"Length":4.81995,"Height":2.999656,"Demand":1.0,"DemandMax":null,"Value":14.4581919372},{"Length":3.871274,"Height":3.734516,"Demand":1.0,"DemandMax":null,"Value":14.457334693384},{"Length":3.084663,"Height":4.686231,"Demand":1.0,"DemandMax":null,"Value":14.455443375153001},{"Length":2.211286,"Height":6.528906,"Demand":1.0,"DemandMax":null,"Value":14.437278433116},{"Length":5.247468,"Height":2.749926,"Demand":1.0,"DemandMax":null,"Value":14.430148687367998},{"Length":2.68936,"Height":5.364179,"Demand":1.0,"DemandMax":null,"Value":14.426208435440001},{"Length":2.714663,"Height":5.313018,"Demand":1.0,"DemandMax":null,"Value":14.423053382933999},{"Length":2.951462,"Height":4.884856,"Demand":1.0,"DemandMax":null,"Value":14.417466859471999},{"Length":3.499372,"Height":4.119197,"Demand":1.0,"DemandMax":null,"Value":14.414602644283999},{"Length":3.073674,"Height":4.686231,"Demand":1.0,"DemandMax":null,"Value":14.403946382694},{"Length":4.444035,"Height":3.241155,"Demand":1.0,"DemandMax":null,"Value":14.403806260425002},{"Length":2.379414,"Height":6.051586,"Demand":1.0,"DemandMax":null,"Value":14.399228450604001},{"Length":2.755255,"Height":5.225882,"Demand":1.0,"DemandMax":null,"Value":14.398637509910001},{"Length":4.252948,"Height":3.385457,"Demand":1.0,"DemandMax":null,"Value":14.398172577236},{"Length":4.190042,"Height":3.434908,"Demand":1.0,"DemandMax":null,"Value":14.392408786136},{"Length":1.921411,"Height":7.489901,"Demand":1.0,"DemandMax":null,"Value":14.391178170310999},{"Length":6.60882,"Height":2.17745,"Demand":1.0,"DemandMax":null,"Value":14.390375108999999},{"Length":2.695373,"Height":5.336643,"Demand":1.0,"DemandMax":null,"Value":14.384243452839},{"Length":4.072895,"Height":3.526628,"Demand":1.0,"DemandMax":null,"Value":14.36358554806},{"Length":2.03275,"Height":7.060901,"Demand":1.0,"DemandMax":null,"Value":14.353046507750001},{"Length":2.733342,"Height":5.2491,"Demand":1.0,"DemandMax":null,"Value":14.3475854922},{"Length":3.914775,"Height":3.65952,"Demand":1.0,"DemandMax":null,"Value":14.326197408},{"Length":6.586709,"Height":2.168469,"Demand":1.0,"DemandMax":null,"Value":14.283074278521},{"Length":5.683197,"Height":2.512433,"Demand":1.0,"DemandMax":null,"Value":14.278651688301},{"Length":2.359209,"Height":6.051904,"Demand":1.0,"DemandMax":null,"Value":14.277706383936},{"Length":4.761014,"Height":2.99795,"Demand":1.0,"DemandMax":null,"Value":14.2732819213},{"Length":3.358812,"Height":4.249404,"Demand":1.0,"DemandMax":null,"Value":14.272949148048001},{"Length":3.044795,"Height":4.678838,"Demand":1.0,"DemandMax":null,"Value":14.24610254821},{"Length":5.562472,"Height":2.559173,"Demand":1.0,"DemandMax":null,"Value":14.235328155656},{"Length":2.934085,"Height":4.850452,"Demand":1.0,"DemandMax":null,"Value":14.231638456419999},{"Length":3.394361,"Height":4.192131,"Demand":1.0,"DemandMax":null,"Value":14.229605973291},{"Length":4.493763,"Height":3.162885,"Demand":1.0,"DemandMax":null,"Value":14.213255586255002},{"Length":3.684,"Height":3.856683,"Demand":1.0,"DemandMax":null,"Value":14.208020172},{"Length":4.133432,"Height":3.434908,"Demand":1.0,"DemandMax":null,"Value":14.197958644256},{"Length":2.356305,"Height":6.025066,"Demand":1.0,"DemandMax":null,"Value":14.19689314113},{"Length":3.202076,"Height":4.432993,"Demand":1.0,"DemandMax":null,"Value":14.194780493467999},{"Length":3.828148,"Height":3.70745,"Demand":1.0,"DemandMax":null,"Value":14.1926673026},{"Length":3.412958,"Height":4.150808,"Demand":1.0,"DemandMax":null,"Value":14.166533370064},{"Length":2.121672,"Height":6.671463,"Demand":1.0,"DemandMax":null,"Value":14.154656246136},{"Length":6.282258,"Height":2.251834,"Demand":1.0,"DemandMax":null,"Value":14.146602161172},{"Length":3.179183,"Height":4.447104,"Demand":1.0,"DemandMax":null,"Value":14.138157436032001},{"Length":2.176107,"Height":6.496983,"Demand":1.0,"DemandMax":null,"Value":14.138130185181},{"Length":6.653674,"Height":2.124527,"Demand":1.0,"DemandMax":null,"Value":14.135910062197999},{"Length":2.463226,"Height":5.738235,"Demand":1.0,"DemandMax":null,"Value":14.134569646110002},{"Length":4.245196,"Height":3.328895,"Demand":1.0,"DemandMax":null,"Value":14.13181173842},{"Length":3.721454,"Height":3.795432,"Demand":1.0,"DemandMax":null,"Value":14.124525598128},{"Length":2.655099,"Height":5.313018,"Demand":1.0,"DemandMax":null,"Value":14.106588778781998},{"Length":5.763263,"Height":2.446732,"Demand":1.0,"DemandMax":null,"Value":14.101160006516},{"Length":6.220303,"Height":2.26542,"Demand":1.0,"DemandMax":null,"Value":14.091598822260002},{"Length":2.682832,"Height":5.2491,"Demand":1.0,"DemandMax":null,"Value":14.082453451200001},{"Length":2.1899,"Height":6.427634,"Demand":1.0,"DemandMax":null,"Value":14.075875696600003},{"Length":4.82328,"Height":2.911294,"Demand":1.0,"DemandMax":null,"Value":14.041986124319998},{"Length":2.951462,"Height":4.757584,"Demand":1.0,"DemandMax":null,"Value":14.041828387807998},{"Length":5.116837,"Height":2.741813,"Demand":1.0,"DemandMax":null,"Value":14.029410205481002},{"Length":2.247534,"Height":6.239296,"Demand":1.0,"DemandMax":null,"Value":14.023029896064001},{"Length":3.697713,"Height":3.791064,"Demand":1.0,"DemandMax":null,"Value":14.018266636632},{"Length":3.166792,"Height":4.426617,"Demand":1.0,"DemandMax":null,"Value":14.018175302664002},{"Length":5.061776,"Height":2.768784,"Demand":1.0,"DemandMax":null,"Value":14.014964400384},{"Length":5.322561,"Height":2.631543,"Demand":1.0,"DemandMax":null,"Value":14.006548141623002},{"Length":3.356695,"Height":4.171743,"Demand":1.0,"DemandMax":null,"Value":14.003268869385002},{"Length":2.152417,"Height":6.496983,"Demand":1.0,"DemandMax":null,"Value":13.984216657910999},{"Length":3.290578,"Height":4.249404,"Demand":1.0,"DemandMax":null,"Value":13.982995315512001},{"Length":3.376593,"Height":4.13841,"Demand":1.0,"DemandMax":null,"Value":13.973726237130002},{"Length":3.812149,"Height":3.664727,"Demand":1.0,"DemandMax":null,"Value":13.970485368322999},{"Length":3.316632,"Height":4.210699,"Demand":1.0,"DemandMax":null,"Value":13.965339045768},{"Length":3.697713,"Height":3.77651,"Demand":1.0,"DemandMax":null,"Value":13.96445012163},{"Length":4.587183,"Height":3.043164,"Demand":1.0,"DemandMax":null,"Value":13.959550167011999},{"Length":4.84026,"Height":2.883896,"Demand":1.0,"DemandMax":null,"Value":13.95880645296},{"Length":3.154302,"Height":4.421783,"Demand":1.0,"DemandMax":null,"Value":13.947638960465998},{"Length":2.208427,"Height":6.310315,"Demand":1.0,"DemandMax":null,"Value":13.935870024505},{"Length":4.342515,"Height":3.208209,"Demand":1.0,"DemandMax":null,"Value":13.931695705634999},{"Length":4.537658,"Height":3.069977,"Demand":1.0,"DemandMax":null,"Value":13.930505693866001},{"Length":3.081888,"Height":4.516804,"Demand":1.0,"DemandMax":null,"Value":13.920284045952},{"Length":3.156154,"Height":4.402629,"Demand":1.0,"DemandMax":null,"Value":13.895375128866},{"Length":3.218699,"Height":4.315875,"Demand":1.0,"DemandMax":null,"Value":13.891502546625},{"Length":2.935961,"Height":4.730988,"Demand":1.0,"DemandMax":null,"Value":13.889996259467999},{"Length":4.650647,"Height":2.986362,"Demand":1.0,"DemandMax":null,"Value":13.888515476214002},{"Length":5.094404,"Height":2.725373,"Demand":1.0,"DemandMax":null,"Value":13.884151112691999},{"Length":2.680608,"Height":5.178901,"Demand":1.0,"DemandMax":null,"Value":13.882603451807999},{"Length":2.082078,"Height":6.66744,"Demand":1.0,"DemandMax":null,"Value":13.882130140320001},{"Length":1.932475,"Height":7.183027,"Demand":1.0,"DemandMax":null,"Value":13.881020101825},{"Length":2.081185,"Height":6.669535,"Demand":1.0,"DemandMax":null,"Value":13.880536198975},{"Length":2.815537,"Height":4.927969,"Demand":1.0,"DemandMax":null,"Value":13.874879054353},{"Length":3.850406,"Height":3.601851,"Demand":1.0,"DemandMax":null,"Value":13.868588701505999},{"Length":3.189629,"Height":4.344255,"Demand":1.0,"DemandMax":null,"Value":13.856561731395},{"Length":3.301676,"Height":4.193834,"Demand":1.0,"DemandMax":null,"Value":13.846681065783999},{"Length":3.133196,"Height":4.416652,"Demand":1.0,"DemandMax":null,"Value":13.838236379791999},{"Length":3.100086,"Height":4.46118,"Demand":1.0,"DemandMax":null,"Value":13.83004166148},{"Length":2.805764,"Height":4.927969,"Demand":1.0,"DemandMax":null,"Value":13.826718013316},{"Length":4.272449,"Height":3.233982,"Demand":1.0,"DemandMax":null,"Value":13.817023161918},{"Length":3.179932,"Height":4.344255,"Demand":1.0,"DemandMax":null,"Value":13.814435490660001},{"Length":4.43943,"Height":3.108882,"Demand":1.0,"DemandMax":null,"Value":13.801664017259999},{"Length":4.587183,"Height":3.00874,"Demand":1.0,"DemandMax":null,"Value":13.801640979419998},{"Length":2.811875,"Height":4.907889,"Demand":1.0,"DemandMax":null,"Value":13.800370381875},{"Length":3.851328,"Height":3.582264,"Demand":1.0,"DemandMax":null,"Value":13.796473646592},{"Length":4.296756,"Height":3.209908,"Demand":1.0,"DemandMax":null,"Value":13.792191458448},{"Length":2.484613,"Height":5.549428,"Demand":1.0,"DemandMax":null,"Value":13.788180951364},{"Length":4.358022,"Height":3.162885,"Demand":1.0,"DemandMax":null,"Value":13.783922413470002},{"Length":5.318369,"Height":2.591526,"Demand":1.0,"DemandMax":null,"Value":13.782691541094},{"Length":6.661984,"Height":2.068021,"Demand":1.0,"DemandMax":null,"Value":13.777122813664},{"Length":3.790822,"Height":3.634142,"Demand":1.0,"DemandMax":null,"Value":13.776385444724001},{"Length":5.053913,"Height":2.725373,"Demand":1.0,"DemandMax":null,"Value":13.773798034548998},{"Length":4.296756,"Height":3.200735,"Demand":1.0,"DemandMax":null,"Value":13.75277731566},{"Length":3.203133,"Height":4.292878,"Demand":1.0,"DemandMax":null,"Value":13.750659186774},{"Length":3.154302,"Height":4.358793,"Demand":1.0,"DemandMax":null,"Value":13.748949477486},{"Length":4.590533,"Height":2.994771,"Demand":1.0,"DemandMax":null,"Value":13.747595102943},{"Length":3.679117,"Height":3.735459,"Demand":1.0,"DemandMax":null,"Value":13.743190709703},{"Length":3.781349,"Height":3.634142,"Demand":1.0,"DemandMax":null,"Value":13.741959217558001},{"Length":4.3202,"Height":3.178793,"Demand":1.0,"DemandMax":null,"Value":13.733021518600001},{"Length":3.892642,"Height":3.526628,"Demand":1.0,"DemandMax":null,"Value":13.727900271176},{"Length":2.110034,"Height":6.505527,"Demand":1.0,"DemandMax":null,"Value":13.726883157918001},{"Length":4.444035,"Height":3.088824,"Demand":1.0,"DemandMax":null,"Value":13.72684196484},{"Length":3.409457,"Height":4.025441,"Demand":1.0,"DemandMax":null,"Value":13.724567995537},{"Length":2.795895,"Height":4.907889,"Demand":1.0,"DemandMax":null,"Value":13.721942315655},{"Length":4.61589,"Height":2.97147,"Demand":1.0,"DemandMax":null,"Value":13.715978658300001},{"Length":5.465986,"Height":2.509049,"Demand":1.0,"DemandMax":null,"Value":13.714426707314},{"Length":7.322616,"Height":1.872622,"Demand":1.0,"DemandMax":null,"Value":13.712491819152},{"Length":6.304076,"Height":2.173891,"Demand":1.0,"DemandMax":null,"Value":13.704374079715999},{"Length":4.61589,"Height":2.968693,"Demand":1.0,"DemandMax":null,"Value":13.70316033177},{"Length":4.549993,"Height":3.010387,"Demand":1.0,"DemandMax":null,"Value":13.697239777291},{"Length":3.179183,"Height":4.308292,"Demand":1.0,"DemandMax":null,"Value":13.696848685436},{"Length":2.439864,"Height":5.613627,"Demand":1.0,"DemandMax":null,"Value":13.696486426728},{"Length":4.44417,"Height":3.081512,"Demand":1.0,"DemandMax":null,"Value":13.69476318504},{"Length":2.856519,"Height":4.791483,"Demand":1.0,"DemandMax":null,"Value":13.686962227677002},{"Length":3.262655,"Height":4.194026,"Demand":1.0,"DemandMax":null,"Value":13.683659899030001},{"Length":2.46566,"Height":5.549428,"Demand":1.0,"DemandMax":null,"Value":13.68300264248},{"Length":3.380463,"Height":4.047499,"Demand":1.0,"DemandMax":null,"Value":13.682420612037001},{"Length":5.6951,"Height":2.401549,"Demand":1.0,"DemandMax":null,"Value":13.6770617099},{"Length":2.799951,"Height":4.882402,"Demand":1.0,"DemandMax":null,"Value":13.670486362302},{"Length":3.380463,"Height":4.042779,"Demand":1.0,"DemandMax":null,"Value":13.666464826677002},{"Length":3.657546,"Height":3.735459,"Demand":1.0,"DemandMax":null,"Value":13.662613123614},{"Length":3.302176,"Height":4.136379,"Demand":1.0,"DemandMax":null,"Value":13.659051460704},{"Length":2.933949,"Height":4.655262,"Demand":1.0,"DemandMax":null,"Value":13.658301289637999},{"Length":6.2342,"Height":2.156282,"Demand":1.0,"DemandMax":null,"Value":13.442693244400001},{"Length":3.495359,"Height":3.842341,"Demand":1.0,"DemandMax":null,"Value":13.430361195419},{"Length":3.840544,"Height":3.453708,"Demand":1.0,"DemandMax":null,"Value":13.264117537151998},{"Length":4.370705,"Height":3.023944,"Demand":1.0,"DemandMax":null,"Value":13.216767160520002},{"Length":3.561559,"Height":3.704351,"Demand":1.0,"DemandMax":null,"Value":13.193264643209},{"Length":4.765147,"Height":2.753458,"Demand":1.0,"DemandMax":null,"Value":13.120632128326001},{"Length":3.176665,"Height":4.076281,"Demand":1.0,"DemandMax":null,"Value":12.948979182865},{"Length":2.17682,"Height":5.927592,"Demand":1.0,"DemandMax":null,"Value":12.90330081744},{"Length":3.941082,"Height":3.262417,"Demand":1.0,"DemandMax":null,"Value":12.857452915194001},{"Length":2.740695,"Height":4.670636,"Demand":1.0,"DemandMax":null,"Value":12.800788732020001},{"Length":3.779761,"Height":3.325181,"Demand":1.0,"DemandMax":null,"Value":12.568389461741},{"Length":4.533211,"Height":2.755411,"Demand":1.0,"DemandMax":null,"Value":12.490859454720999},{"Length":3.941082,"Height":3.163905,"Demand":1.0,"DemandMax":null,"Value":12.469209045210002},{"Length":3.390619,"Height":3.65952,"Demand":1.0,"DemandMax":null,"Value":12.408038042880001},{"Length":5.001304,"Height":2.470366,"Demand":1.0,"DemandMax":null,"Value":12.355051357264},{"Length":4.678861,"Height":2.632258,"Demand":1.0,"DemandMax":null,"Value":12.315969298138002},{"Length":2.740695,"Height":4.474427,"Demand":1.0,"DemandMax":null,"Value":12.263039706765001},{"Length":2.03245,"Height":6.008452,"Demand":1.0,"DemandMax":null,"Value":12.2118782674},{"Length":4.549993,"Height":2.681092,"Demand":1.0,"DemandMax":null,"Value":12.198949832356},{"Length":2.018222,"Height":6.039979,"Demand":1.0,"DemandMax":null,"Value":12.190018497338},{"Length":3.133196,"Height":3.87538,"Demand":1.0,"DemandMax":null,"Value":12.142325114479998},{"Length":3.426943,"Height":3.538124,"Demand":1.0,"DemandMax":null,"Value":12.124949274932},{"Length":4.389988,"Height":2.731246,"Demand":1.0,"DemandMax":null,"Value":11.990137165047999},{"Length":6.2342,"Height":1.92292,"Demand":1.0,"DemandMax":null,"Value":11.987867864},{"Length":3.787214,"Height":3.164381,"Demand":1.0,"DemandMax":null,"Value":11.984188024534001},{"Length":4.062783,"Height":2.948679,"Demand":1.0,"DemandMax":null,"Value":11.979842913656999},{"Length":5.001304,"Height":2.374469,"Demand":1.0,"DemandMax":null,"Value":11.875441307576},{"Length":3.261244,"Height":3.624904,"Demand":1.0,"DemandMax":null,"Value":11.821696420576},{"Length":4.243727,"Height":2.755411,"Demand":1.0,"DemandMax":null,"Value":11.693212056797},{"Length":3.426943,"Height":3.410727,"Demand":1.0,"DemandMax":null,"Value":11.688367017561001},{"Length":3.495359,"Height":3.339495,"Demand":1.0,"DemandMax":null,"Value":11.672733903705},{"Length":4.765147,"Height":2.431906,"Demand":1.0,"DemandMax":null,"Value":11.588389580182},{"Length":2.75653,"Height":4.200432,"Demand":1.0,"DemandMax":null,"Value":11.57861682096},{"Length":3.840544,"Height":3.012506,"Demand":1.0,"DemandMax":null,"Value":11.569661843264},{"Length":4.272769,"Height":2.637632,"Demand":1.0,"DemandMax":null,"Value":11.269992243008},{"Length":3.814704,"Height":2.947535,"Demand":1.0,"DemandMax":null,"Value":11.243973554639998},{"Length":3.25157,"Height":3.456544,"Demand":1.0,"DemandMax":null,"Value":11.23919477408},{"Length":3.48367,"Height":3.220101,"Demand":1.0,"DemandMax":null,"Value":11.21776925067},{"Length":5.642351,"Height":1.985149,"Demand":1.0,"DemandMax":null,"Value":11.200907445299},{"Length":3.261244,"Height":3.423002,"Demand":1.0,"DemandMax":null,"Value":11.163244734488},{"Length":4.233184,"Height":2.632258,"Demand":1.0,"DemandMax":null,"Value":11.142832449472},{"Length":3.597677,"Height":3.074131,"Demand":1.0,"DemandMax":null,"Value":11.059730393687},{"Length":3.226008,"Height":3.424299,"Demand":1.0,"DemandMax":null,"Value":11.046815968392},{"Length":2.75653,"Height":4.007211,"Demand":1.0,"DemandMax":null,"Value":11.04599733783},{"Length":6.450973,"Height":1.710063,"Demand":1.0,"DemandMax":null,"Value":11.031570241299},{"Length":2.607315,"Height":4.229945,"Demand":1.0,"DemandMax":null,"Value":11.028799047675},{"Length":4.062783,"Height":2.711242,"Demand":1.0,"DemandMax":null,"Value":11.015187906485998},{"Length":3.780784,"Height":2.901559,"Demand":1.0,"DemandMax":null,"Value":10.970167842256002},{"Length":3.95805,"Height":2.749364,"Demand":1.0,"DemandMax":null,"Value":10.8821201802},{"Length":1.804509,"Height":6.008452,"Demand":1.0,"DemandMax":null,"Value":10.842305710068},{"Length":4.370705,"Height":2.478488,"Demand":1.0,"DemandMax":null,"Value":10.83273989404},{"Length":1.669802,"Height":6.482531,"Demand":1.0,"DemandMax":null,"Value":10.824543228862},{"Length":6.450973,"Height":1.673803,"Demand":1.0,"DemandMax":null,"Value":10.797657960319},{"Length":3.364782,"Height":3.195709,"Demand":1.0,"DemandMax":null,"Value":10.752864120438},{"Length":3.138575,"Height":3.424299,"Demand":1.0,"DemandMax":null,"Value":10.747419233925},{"Length":2.233735,"Height":4.802341,"Demand":1.0,"DemandMax":null,"Value":10.727157173635},{"Length":1.756611,"Height":6.097996,"Demand":1.0,"DemandMax":null,"Value":10.711806851556},{"Length":2.934085,"Height":3.648602,"Demand":1.0,"DemandMax":null,"Value":10.70530839917},{"Length":5.610366,"Height":1.907966,"Demand":1.0,"DemandMax":null,"Value":10.704387575556},{"Length":1.856974,"Height":5.738235,"Demand":1.0,"DemandMax":null,"Value":10.65575320089},{"Length":2.986586,"Height":3.562662,"Demand":1.0,"DemandMax":null,"Value":10.640196451932},{"Length":3.871274,"Height":2.745672,"Demand":1.0,"DemandMax":null,"Value":10.629248626128},{"Length":3.283277,"Height":3.220101,"Demand":1.0,"DemandMax":null,"Value":10.572483550977001},{"Length":1.78174,"Height":5.927592,"Demand":1.0,"DemandMax":null,"Value":10.56142777008},{"Length":2.961339,"Height":3.562662,"Demand":1.0,"DemandMax":null,"Value":10.550249924418},{"Length":4.272769,"Height":2.428798,"Demand":1.0,"DemandMax":null,"Value":10.377692801662},{"Length":3.780784,"Height":2.73211,"Demand":1.0,"DemandMax":null,"Value":10.329517774240001},{"Length":5.642351,"Height":1.830698,"Demand":1.0,"DemandMax":null,"Value":10.329440690997998},{"Length":3.221927,"Height":3.195709,"Demand":1.0,"DemandMax":null,"Value":10.296341111242999},{"Length":3.078973,"Height":3.325181,"Demand":1.0,"DemandMax":null,"Value":10.238142519113},{"Length":5.610366,"Height":1.818848,"Demand":1.0,"DemandMax":null,"Value":10.204402978368},{"Length":3.210065,"Height":3.164381,"Demand":1.0,"DemandMax":null,"Value":10.157868694765002},{"Length":4.389988,"Height":2.311388,"Demand":1.0,"DemandMax":null,"Value":10.146965583343999},{"Length":3.176665,"Height":3.191667,"Demand":1.0,"DemandMax":null,"Value":10.138856850555},{"Length":5.900908,"Height":1.714116,"Demand":1.0,"DemandMax":null,"Value":10.114840817328},{"Length":2.629009,"Height":3.845266,"Demand":1.0,"DemandMax":null,"Value":10.109238921394},{"Length":3.32842,"Height":3.001451,"Demand":1.0,"DemandMax":null,"Value":9.99008953742},{"Length":5.900908,"Height":1.680415,"Demand":1.0,"DemandMax":null,"Value":9.91597431682},{"Length":3.95805,"Height":2.499736,"Demand":1.0,"DemandMax":null,"Value":9.8940800748},{"Length":3.031423,"Height":3.25706,"Demand":1.0,"DemandMax":null,"Value":9.8735265963800014},{"Length":1.934336,"Height":5.102936,"Demand":1.0,"DemandMax":null,"Value":9.870792810495999},{"Length":3.2804,"Height":3.001451,"Demand":1.0,"DemandMax":null,"Value":9.8459598604},{"Length":3.387939,"Height":2.896045,"Demand":1.0,"DemandMax":null,"Value":9.811623801255},{"Length":3.221613,"Height":3.042503,"Demand":1.0,"DemandMax":null,"Value":9.801767217339},{"Length":2.039034,"Height":4.802341,"Demand":1.0,"DemandMax":null,"Value":9.792136578594},{"Length":2.629009,"Height":3.722308,"Demand":1.0,"DemandMax":null,"Value":9.785981232772},{"Length":3.377615,"Height":2.896045,"Demand":1.0,"DemandMax":null,"Value":9.781725032675},{"Length":1.913268,"Height":5.102936,"Demand":1.0,"DemandMax":null,"Value":9.763284154848},{"Length":1.600084,"Height":6.097996,"Demand":1.0,"DemandMax":null,"Value":9.757305831664},{"Length":3.050655,"Height":3.189859,"Demand":1.0,"DemandMax":null,"Value":9.7311593076450009},{"Length":3.561559,"Height":2.725538,"Demand":1.0,"DemandMax":null,"Value":9.707164393742},{"Length":3.031423,"Height":3.202034,"Demand":1.0,"DemandMax":null,"Value":9.706719514382},{"Length":2.194026,"Height":4.415525,"Demand":1.0,"DemandMax":null,"Value":9.68777665365},{"Length":3.034801,"Height":3.189859,"Demand":1.0,"DemandMax":null,"Value":9.680587283059},{"Length":2.191506,"Height":4.415525,"Demand":1.0,"DemandMax":null,"Value":9.67664953065}]}