{"Name":"path_10","Objects":[{"Length":100.0,"Height":100.0,"Stock":null,"Cost":10000.0}],"Items":[{"Length":8.599854,"Height":47.06385,"Demand":1.0,"DemandMax":null,"Value":404.74223867790005},{"Length":100.0,"Height":66.19777,"Demand":1.0,"DemandMax":null,"Value":6619.777000000001},{"Length":100.0,"Height":32.11243,"Demand":1.0,"DemandMax":null,"Value":3211.2430000000004},{"Length":72.81799,"Height":43.87243,"Demand":1.0,"DemandMax":null,"Value":3194.7021690157},{"Length":53.15311,"Height":47.06385,"Demand":1.0,"DemandMax":null,"Value":2501.5899960735},{"Length":100.0,"Height":3.055874,"Demand":1.0,"DemandMax":null,"Value":305.5874},{"Length":8.358368,"Height":47.06385,"Demand":1.0,"DemandMax":null,"Value":393.3769777968},{"Length":27.18201,"Height":43.87243,"Demand":1.0,"DemandMax":null,"Value":1192.5408309842999},{"Length":29.88866,"Height":47.06385,"Demand":1.0,"DemandMax":null,"Value":1406.675410941},{"Length":100.0,"Height":7.697652,"Demand":1.0,"DemandMax":null,"Value":769.76519999999994}]}