{"Name":"B3","Objects":[{"Length":null,"Height":250,"Stock":null,"Cost":null}],"Items":[{"Length":100,"Height":100,"Demand":2000,"DemandMax":null,"Value":10000},{"Length":50,"Height":50,"Demand":1500,"DemandMax":null,"Value":2500},{"Length":50,"Height":40,"Demand":2500,"DemandMax":null,"Value":2000},{"Length":35,"Height":30,"Demand":3000,"DemandMax":null,"Value":1050},{"Length":30,"Height":18,"Demand":1200,"DemandMax":null,"Value":540},{"Length":27,"Height":27,"Demand":1800,"DemandMax":null,"Value":729},{"Length":25,"Height":20,"Demand":400,"DemandMax":null,"Value":500},{"Length":24,"Height":16,"Demand":500,"DemandMax":null,"Value":384},{"Length":20,"Height":15,"Demand":1000,"DemandMax":null,"Value":300},{"Length":15,"Height":15,"Demand":800,"DemandMax":null,"Value":225}]}