{"Name":"C","Objects":[{"Length":null,"Height":200,"Stock":null,"Cost":null}],"Items":[{"Length":100,"Height":100,"Demand":1000,"DemandMax":null,"Value":10000},{"Length":50,"Height":50,"Demand":2000,"DemandMax":null,"Value":2500},{"Length":40,"Height":40,"Demand":2100,"DemandMax":null,"Value":1600},{"Length":35,"Height":25,"Demand":1000,"DemandMax":null,"Value":875},{"Length":32,"Height":32,"Demand":800,"DemandMax":null,"Value":1024},{"Length":30,"Height":30,"Demand":3000,"DemandMax":null,"Value":900},{"Length":30,"Height":25,"Demand":1500,"DemandMax":null,"Value":750},{"Length":30,"Height":23,"Demand":600,"DemandMax":null,"Value":690},{"Length":30,"Height":15,"Demand":1400,"DemandMax":null,"Value":450},{"Length":28,"Height":28,"Demand":1200,"DemandMax":null,"Value":784},{"Length":25,"Height":25,"Demand":2000,"DemandMax":null,"Value":625},{"Length":25,"Height":18,"Demand":600,"DemandMax":null,"Value":450},{"Length":25,"Height":15,"Demand":1500,"DemandMax":null,"Value":375},{"Length":24,"Height":20,"Demand":2000,"DemandMax":null,"Value":480},{"Length":22,"Height":15,"Demand":2000,"DemandMax":null,"Value":330},{"Length":20,"Height":20,"Demand":1000,"DemandMax":null,"Value":400},{"Length":20,"Height":18,"Demand":700,"DemandMax":null,"Value":360},{"Length":18,"Height":16,"Demand":2500,"DemandMax":null,"Value":288},{"Length":15,"Height":15,"Demand":900,"DemandMax":null,"Value":225}]}