{"Name":"A1","Objects":[{"Length":null,"Height":200,"Stock":null,"Cost":null}],"Items":[{"Length":100,"Height":100,"Demand":400,"DemandMax":null,"Value":10000},{"Length":50,"Height":50,"Demand":2000,"DemandMax":null,"Value":2500},{"Length":30,"Height":30,"Demand":3000,"DemandMax":null,"Value":900},{"Length":28,"Height":28,"Demand":1200,"DemandMax":null,"Value":784},{"Length":25,"Height":25,"Demand":2000,"DemandMax":null,"Value":625},{"Length":20,"Height":20,"Demand":1000,"DemandMax":null,"Value":400},{"Length":15,"Height":22,"Demand":9000,"DemandMax":null,"Value":330}]}