{"Name":"M2c","Objects":[{"Length":60,"Height":40,"Stock":2,"Cost":2400},{"Length":30,"Height":90,"Stock":3,"Cost":2700},{"Length":30,"Height":30,"Stock":4,"Cost":900},{"Length":60,"Height":90,"Stock":2,"Cost":5400},{"Length":30,"Height":60,"Stock":4,"Cost":1800},{"Length":30,"Height":120,"Stock":3,"Cost":3600}],"Items":[{"Length":13,"Height":28,"Demand":3,"DemandMax":null,"Value":364},{"Length":13,"Height":13,"Demand":4,"DemandMax":null,"Value":169},{"Length":28,"Height":25,"Demand":2,"DemandMax":null,"Value":700},{"Length":16,"Height":25,"Demand":1,"DemandMax":null,"Value":400},{"Length":22,"Height":13,"Demand":1,"DemandMax":null,"Value":286},{"Length":9,"Height":3,"Demand":1,"DemandMax":null,"Value":27},{"Length":16,"Height":28,"Demand":2,"DemandMax":null,"Value":448},{"Length":13,"Height":9,"Demand":1,"DemandMax":null,"Value":117},{"Length":19,"Height":9,"Demand":1,"DemandMax":null,"Value":171},{"Length":22,"Height":28,"Demand":3,"DemandMax":null,"Value":616},{"Length":19,"Height":25,"Demand":1,"DemandMax":null,"Value":475},{"Length":19,"Height":6,"Demand":2,"DemandMax":null,"Value":114},{"Length":9,"Height":13,"Demand":3,"DemandMax":null,"Value":117},{"Length":3,"Height":13,"Demand":3,"DemandMax":null,"Value":39},{"Length":3,"Height":19,"Demand":1,"DemandMax":null,"Value":57},{"Length":25,"Height":19,"Demand":1,"DemandMax":null,"Value":475},{"Length":22,"Height":25,"Demand":2,"DemandMax":null,"Value":550},{"Length":16,"Height":22,"Demand":1,"DemandMax":null,"Value":352},{"Length":6,"Height":22,"Demand":1,"DemandMax":null,"Value":132},{"Length":22,"Height":22,"Demand":3,"DemandMax":null,"Value":484},{"Length":19,"Height":22,"Demand":4,"DemandMax":null,"Value":418},{"Length":3,"Height":16,"Demand":2,"DemandMax":null,"Value":48},{"Length":9,"Height":6,"Demand":1,"DemandMax":null,"Value":54},{"Length":28,"Height":19,"Demand":2,"DemandMax":null,"Value":532},{"Length":9,"Height":28,"Demand":2,"DemandMax":null,"Value":252},{"Length":13,"Height":22,"Demand":3,"DemandMax":null,"Value":286},{"Length":6,"Height":6,"Demand":2,"DemandMax":null,"Value":36},{"Length":9,"Height":16,"Demand":1,"DemandMax":null,"Value":144},{"Length":28,"Height":13,"Demand":1,"DemandMax":null,"Value":364},{"Length":6,"Height":28,"Demand":2,"DemandMax":null,"Value":168},{"Length":6,"Height":16,"Demand":2,"DemandMax":null,"Value":96},{"Length":3,"Height":22,"Demand":2,"DemandMax":null,"Value":66},{"Length":6,"Height":13,"Demand":2,"DemandMax":null,"Value":78},{"Length":3,"Height":9,"Demand":2,"DemandMax":null,"Value":27},{"Length":6,"Height":9,"Demand":3,"DemandMax":null,"Value":54},{"Length":6,"Height":19,"Demand":2,"DemandMax":null,"Value":114},{"Length":25,"Height":28,"Demand":1,"DemandMax":null,"Value":700},{"Length":6,"Height":25,"Demand":1,"DemandMax":null,"Value":150},{"Length":19,"Height":19,"Demand":1,"DemandMax":null,"Value":361},{"Length":28,"Height":16,"Demand":2,"DemandMax":null,"Value":448},{"Length":19,"Height":13,"Demand":3,"DemandMax":null,"Value":247},{"Length":19,"Height":16,"Demand":3,"DemandMax":null,"Value":304},{"Length":13,"Height":3,"Demand":1,"DemandMax":null,"Value":39},{"Length":25,"Height":6,"Demand":1,"DemandMax":null,"Value":150},{"Length":19,"Height":3,"Demand":1,"DemandMax":null,"Value":57},{"Length":13,"Height":25,"Demand":1,"DemandMax":null,"Value":325},{"Length":28,"Height":22,"Demand":1,"DemandMax":null,"Value":616},{"Length":28,"Height":9,"Demand":1,"DemandMax":null,"Value":252},{"Length":13,"Height":19,"Demand":1,"DemandMax":null,"Value":247},{"Length":22,"Height":6,"Demand":2,"DemandMax":null,"Value":132},{"Length":13,"Height":16,"Demand":2,"DemandMax":null,"Value":208},{"Length":22,"Height":3,"Demand":1,"DemandMax":null,"Value":66},{"Length":3,"Height":3,"Demand":1,"DemandMax":null,"Value":9},{"Length":9,"Height":22,"Demand":1,"DemandMax":null,"Value":198},{"Length":22,"Height":19,"Demand":1,"DemandMax":null,"Value":418},{"Length":22,"Height":16,"Demand":1,"DemandMax":null,"Value":352},{"Length":6,"Height":3,"Demand":1,"DemandMax":null,"Value":18},{"Length":9,"Height":25,"Demand":1,"DemandMax":null,"Value":225},{"Length":16,"Height":3,"Demand":1,"DemandMax":null,"Value":48}]}