{"Name":"M3c","Objects":[{"Length":60,"Height":50,"Stock":3,"Cost":3000},{"Length":30,"Height":100,"Stock":3,"Cost":3000},{"Length":40,"Height":30,"Stock":3,"Cost":1200},{"Length":60,"Height":100,"Stock":4,"Cost":6000},{"Length":30,"Height":60,"Stock":4,"Cost":1800},{"Length":30,"Height":120,"Stock":3,"Cost":3600}],"Items":[{"Length":25,"Height":28,"Demand":6,"DemandMax":null,"Value":700},{"Length":19,"Height":28,"Demand":4,"DemandMax":null,"Value":532},{"Length":3,"Height":19,"Demand":4,"DemandMax":null,"Value":57},{"Length":25,"Height":13,"Demand":3,"DemandMax":null,"Value":325},{"Length":9,"Height":9,"Demand":2,"DemandMax":null,"Value":81},{"Length":13,"Height":3,"Demand":3,"DemandMax":null,"Value":39},{"Length":3,"Height":16,"Demand":4,"DemandMax":null,"Value":48},{"Length":13,"Height":22,"Demand":1,"DemandMax":null,"Value":286},{"Length":19,"Height":25,"Demand":4,"DemandMax":null,"Value":475},{"Length":25,"Height":19,"Demand":2,"DemandMax":null,"Value":475},{"Length":19,"Height":3,"Demand":6,"DemandMax":null,"Value":57},{"Length":25,"Height":16,"Demand":2,"DemandMax":null,"Value":400},{"Length":19,"Height":19,"Demand":1,"DemandMax":null,"Value":361},{"Length":22,"Height":13,"Demand":3,"DemandMax":null,"Value":286},{"Length":3,"Height":9,"Demand":1,"DemandMax":null,"Value":27},{"Length":13,"Height":9,"Demand":2,"DemandMax":null,"Value":117},{"Length":25,"Height":6,"Demand":3,"DemandMax":null,"Value":150},{"Length":22,"Height":19,"Demand":2,"DemandMax":null,"Value":418},{"Length":28,"Height":6,"Demand":5,"DemandMax":null,"Value":168},{"Length":16,"Height":28,"Demand":4,"DemandMax":null,"Value":448},{"Length":6,"Height":28,"Demand":1,"DemandMax":null,"Value":168},{"Length":19,"Height":6,"Demand":2,"DemandMax":null,"Value":114},{"Length":19,"Height":9,"Demand":2,"DemandMax":null,"Value":171},{"Length":9,"Height":22,"Demand":2,"DemandMax":null,"Value":198},{"Length":22,"Height":16,"Demand":1,"DemandMax":null,"Value":352},{"Length":9,"Height":19,"Demand":2,"DemandMax":null,"Value":171},{"Length":16,"Height":22,"Demand":2,"DemandMax":null,"Value":352},{"Length":6,"Height":22,"Demand":1,"DemandMax":null,"Value":132},{"Length":19,"Height":22,"Demand":3,"DemandMax":null,"Value":418},{"Length":6,"Height":3,"Demand":2,"DemandMax":null,"Value":18},{"Length":13,"Height":25,"Demand":3,"DemandMax":null,"Value":325},{"Length":9,"Height":6,"Demand":2,"DemandMax":null,"Value":54},{"Length":28,"Height":9,"Demand":1,"DemandMax":null,"Value":252},{"Length":3,"Height":22,"Demand":2,"DemandMax":null,"Value":66},{"Length":3,"Height":13,"Demand":5,"DemandMax":null,"Value":39},{"Length":19,"Height":13,"Demand":2,"DemandMax":null,"Value":247},{"Length":13,"Height":13,"Demand":1,"DemandMax":null,"Value":169},{"Length":16,"Height":19,"Demand":1,"DemandMax":null,"Value":304},{"Length":9,"Height":13,"Demand":2,"DemandMax":null,"Value":117},{"Length":22,"Height":25,"Demand":3,"DemandMax":null,"Value":550},{"Length":25,"Height":25,"Demand":1,"DemandMax":null,"Value":625},{"Length":9,"Height":25,"Demand":2,"DemandMax":null,"Value":225},{"Length":25,"Height":22,"Demand":4,"DemandMax":null,"Value":550},{"Length":28,"Height":16,"Demand":2,"DemandMax":null,"Value":448},{"Length":13,"Height":6,"Demand":5,"DemandMax":null,"Value":78},{"Length":22,"Height":3,"Demand":1,"DemandMax":null,"Value":66},{"Length":6,"Height":6,"Demand":4,"DemandMax":null,"Value":36},{"Length":28,"Height":19,"Demand":2,"DemandMax":null,"Value":532},{"Length":6,"Height":19,"Demand":4,"DemandMax":null,"Value":114},{"Length":16,"Height":6,"Demand":1,"DemandMax":null,"Value":96},{"Length":13,"Height":16,"Demand":1,"DemandMax":null,"Value":208},{"Length":28,"Height":22,"Demand":2,"DemandMax":null,"Value":616},{"Length":6,"Height":16,"Demand":1,"DemandMax":null,"Value":96},{"Length":22,"Height":28,"Demand":3,"DemandMax":null,"Value":616},{"Length":22,"Height":9,"Demand":2,"DemandMax":null,"Value":198},{"Length":9,"Height":16,"Demand":1,"DemandMax":null,"Value":144},{"Length":22,"Height":22,"Demand":2,"DemandMax":null,"Value":484},{"Length":19,"Height":16,"Demand":3,"DemandMax":null,"Value":304},{"Length":16,"Height":16,"Demand":3,"DemandMax":null,"Value":256},{"Length":16,"Height":3,"Demand":2,"DemandMax":null,"Value":48},{"Length":22,"Height":6,"Demand":1,"DemandMax":null,"Value":132},{"Length":28,"Height":25,"Demand":1,"DemandMax":null,"Value":700}]}