{"Name":"M3a","Objects":[{"Length":60,"Height":50,"Stock":3,"Cost":3000},{"Length":30,"Height":100,"Stock":3,"Cost":3000},{"Length":40,"Height":30,"Stock":3,"Cost":1200},{"Length":60,"Height":100,"Stock":4,"Cost":6000},{"Length":30,"Height":60,"Stock":4,"Cost":1800},{"Length":30,"Height":120,"Stock":3,"Cost":3600}],"Items":[{"Length":3,"Height":19,"Demand":3,"DemandMax":null,"Value":57},{"Length":6,"Height":26,"Demand":3,"DemandMax":null,"Value":156},{"Length":19,"Height":16,"Demand":2,"DemandMax":null,"Value":304},{"Length":13,"Height":29,"Demand":1,"DemandMax":null,"Value":377},{"Length":26,"Height":22,"Demand":6,"DemandMax":null,"Value":572},{"Length":22,"Height":16,"Demand":4,"DemandMax":null,"Value":352},{"Length":10,"Height":3,"Demand":1,"DemandMax":null,"Value":30},{"Length":3,"Height":13,"Demand":3,"DemandMax":null,"Value":39},{"Length":6,"Height":6,"Demand":3,"DemandMax":null,"Value":36},{"Length":29,"Height":16,"Demand":2,"DemandMax":null,"Value":464},{"Length":6,"Height":3,"Demand":2,"DemandMax":null,"Value":18},{"Length":16,"Height":19,"Demand":2,"DemandMax":null,"Value":304},{"Length":19,"Height":19,"Demand":3,"DemandMax":null,"Value":361},{"Length":6,"Height":19,"Demand":2,"DemandMax":null,"Value":114},{"Length":16,"Height":13,"Demand":3,"DemandMax":null,"Value":208},{"Length":26,"Height":26,"Demand":4,"DemandMax":null,"Value":676},{"Length":16,"Height":10,"Demand":3,"DemandMax":null,"Value":160},{"Length":29,"Height":29,"Demand":3,"DemandMax":null,"Value":841},{"Length":16,"Height":6,"Demand":3,"DemandMax":null,"Value":96},{"Length":26,"Height":6,"Demand":3,"DemandMax":null,"Value":156},{"Length":19,"Height":13,"Demand":5,"DemandMax":null,"Value":247},{"Length":10,"Height":10,"Demand":3,"DemandMax":null,"Value":100},{"Length":13,"Height":3,"Demand":3,"DemandMax":null,"Value":39},{"Length":22,"Height":3,"Demand":3,"DemandMax":null,"Value":66},{"Length":19,"Height":22,"Demand":5,"DemandMax":null,"Value":418},{"Length":16,"Height":29,"Demand":6,"DemandMax":null,"Value":464},{"Length":22,"Height":19,"Demand":3,"DemandMax":null,"Value":418},{"Length":6,"Height":10,"Demand":3,"DemandMax":null,"Value":60},{"Length":13,"Height":26,"Demand":1,"DemandMax":null,"Value":338},{"Length":22,"Height":13,"Demand":2,"DemandMax":null,"Value":286},{"Length":16,"Height":3,"Demand":4,"DemandMax":null,"Value":48},{"Length":6,"Height":29,"Demand":3,"DemandMax":null,"Value":174},{"Length":22,"Height":10,"Demand":3,"DemandMax":null,"Value":220},{"Length":29,"Height":22,"Demand":1,"DemandMax":null,"Value":638},{"Length":26,"Height":19,"Demand":2,"DemandMax":null,"Value":494},{"Length":26,"Height":16,"Demand":2,"DemandMax":null,"Value":416},{"Length":6,"Height":16,"Demand":2,"DemandMax":null,"Value":96},{"Length":10,"Height":19,"Demand":2,"DemandMax":null,"Value":190},{"Length":22,"Height":22,"Demand":2,"DemandMax":null,"Value":484},{"Length":6,"Height":13,"Demand":2,"DemandMax":null,"Value":78},{"Length":26,"Height":10,"Demand":1,"DemandMax":null,"Value":260},{"Length":29,"Height":10,"Demand":2,"DemandMax":null,"Value":290},{"Length":6,"Height":22,"Demand":3,"DemandMax":null,"Value":132},{"Length":26,"Height":13,"Demand":1,"DemandMax":null,"Value":338},{"Length":19,"Height":3,"Demand":1,"DemandMax":null,"Value":57},{"Length":19,"Height":6,"Demand":3,"DemandMax":null,"Value":114},{"Length":3,"Height":22,"Demand":1,"DemandMax":null,"Value":66},{"Length":10,"Height":29,"Demand":2,"DemandMax":null,"Value":290},{"Length":10,"Height":13,"Demand":1,"DemandMax":null,"Value":130},{"Length":10,"Height":6,"Demand":3,"DemandMax":null,"Value":60},{"Length":3,"Height":3,"Demand":2,"DemandMax":null,"Value":9},{"Length":13,"Height":6,"Demand":2,"DemandMax":null,"Value":78},{"Length":13,"Height":10,"Demand":2,"DemandMax":null,"Value":130},{"Length":22,"Height":29,"Demand":2,"DemandMax":null,"Value":638},{"Length":10,"Height":22,"Demand":1,"DemandMax":null,"Value":220},{"Length":16,"Height":16,"Demand":3,"DemandMax":null,"Value":256},{"Length":19,"Height":26,"Demand":2,"DemandMax":null,"Value":494},{"Length":29,"Height":19,"Demand":1,"DemandMax":null,"Value":551},{"Length":26,"Height":29,"Demand":1,"DemandMax":null,"Value":754},{"Length":19,"Height":29,"Demand":1,"DemandMax":null,"Value":551},{"Length":19,"Height":10,"Demand":1,"DemandMax":null,"Value":190},{"Length":3,"Height":16,"Demand":1,"DemandMax":null,"Value":48}]}