{"Name":"M2d","Objects":[{"Length":60,"Height":40,"Stock":2,"Cost":2400},{"Length":30,"Height":90,"Stock":3,"Cost":2700},{"Length":30,"Height":30,"Stock":4,"Cost":900},{"Length":60,"Height":90,"Stock":2,"Cost":5400},{"Length":30,"Height":60,"Stock":4,"Cost":1800},{"Length":30,"Height":120,"Stock":3,"Cost":3600}],"Items":[{"Length":24,"Height":27,"Demand":6,"DemandMax":null,"Value":648},{"Length":18,"Height":27,"Demand":3,"DemandMax":null,"Value":486},{"Length":3,"Height":18,"Demand":4,"DemandMax":null,"Value":54},{"Length":24,"Height":12,"Demand":1,"DemandMax":null,"Value":288},{"Length":9,"Height":9,"Demand":1,"DemandMax":null,"Value":81},{"Length":12,"Height":3,"Demand":3,"DemandMax":null,"Value":36},{"Length":3,"Height":15,"Demand":3,"DemandMax":null,"Value":45},{"Length":12,"Height":21,"Demand":1,"DemandMax":null,"Value":252},{"Length":18,"Height":24,"Demand":4,"DemandMax":null,"Value":432},{"Length":24,"Height":18,"Demand":2,"DemandMax":null,"Value":432},{"Length":18,"Height":3,"Demand":3,"DemandMax":null,"Value":54},{"Length":24,"Height":15,"Demand":2,"DemandMax":null,"Value":360},{"Length":18,"Height":18,"Demand":1,"DemandMax":null,"Value":324},{"Length":21,"Height":12,"Demand":3,"DemandMax":null,"Value":252},{"Length":3,"Height":9,"Demand":1,"DemandMax":null,"Value":27},{"Length":12,"Height":9,"Demand":1,"DemandMax":null,"Value":108},{"Length":24,"Height":6,"Demand":3,"DemandMax":null,"Value":144},{"Length":21,"Height":18,"Demand":2,"DemandMax":null,"Value":378},{"Length":27,"Height":6,"Demand":2,"DemandMax":null,"Value":162},{"Length":15,"Height":27,"Demand":3,"DemandMax":null,"Value":405},{"Length":6,"Height":27,"Demand":1,"DemandMax":null,"Value":162},{"Length":18,"Height":6,"Demand":1,"DemandMax":null,"Value":108},{"Length":18,"Height":9,"Demand":2,"DemandMax":null,"Value":162},{"Length":9,"Height":21,"Demand":2,"DemandMax":null,"Value":189},{"Length":21,"Height":15,"Demand":1,"DemandMax":null,"Value":315},{"Length":9,"Height":18,"Demand":2,"DemandMax":null,"Value":162},{"Length":15,"Height":21,"Demand":2,"DemandMax":null,"Value":315},{"Length":6,"Height":21,"Demand":1,"DemandMax":null,"Value":126},{"Length":18,"Height":21,"Demand":2,"DemandMax":null,"Value":378},{"Length":6,"Height":3,"Demand":2,"DemandMax":null,"Value":18},{"Length":12,"Height":24,"Demand":2,"DemandMax":null,"Value":288},{"Length":9,"Height":6,"Demand":1,"DemandMax":null,"Value":54},{"Length":27,"Height":9,"Demand":1,"DemandMax":null,"Value":243},{"Length":3,"Height":21,"Demand":1,"DemandMax":null,"Value":63},{"Length":3,"Height":12,"Demand":3,"DemandMax":null,"Value":36},{"Length":18,"Height":12,"Demand":1,"DemandMax":null,"Value":216},{"Length":12,"Height":12,"Demand":1,"DemandMax":null,"Value":144},{"Length":15,"Height":18,"Demand":1,"DemandMax":null,"Value":270},{"Length":9,"Height":12,"Demand":2,"DemandMax":null,"Value":108},{"Length":21,"Height":24,"Demand":2,"DemandMax":null,"Value":504},{"Length":24,"Height":24,"Demand":1,"DemandMax":null,"Value":576},{"Length":9,"Height":24,"Demand":2,"DemandMax":null,"Value":216},{"Length":24,"Height":21,"Demand":2,"DemandMax":null,"Value":504},{"Length":27,"Height":15,"Demand":1,"DemandMax":null,"Value":405},{"Length":12,"Height":6,"Demand":1,"DemandMax":null,"Value":72},{"Length":21,"Height":3,"Demand":1,"DemandMax":null,"Value":63},{"Length":6,"Height":6,"Demand":1,"DemandMax":null,"Value":36},{"Length":27,"Height":18,"Demand":1,"DemandMax":null,"Value":486},{"Length":6,"Height":18,"Demand":1,"DemandMax":null,"Value":108},{"Length":15,"Height":6,"Demand":1,"DemandMax":null,"Value":90},{"Length":12,"Height":15,"Demand":1,"DemandMax":null,"Value":180},{"Length":27,"Height":21,"Demand":1,"DemandMax":null,"Value":567},{"Length":6,"Height":15,"Demand":1,"DemandMax":null,"Value":90},{"Length":21,"Height":27,"Demand":1,"DemandMax":null,"Value":567},{"Length":21,"Height":9,"Demand":1,"DemandMax":null,"Value":189},{"Length":9,"Height":15,"Demand":1,"DemandMax":null,"Value":135},{"Length":21,"Height":21,"Demand":1,"DemandMax":null,"Value":441},{"Length":18,"Height":15,"Demand":1,"DemandMax":null,"Value":270}]}