{"Name":"M2e","Objects":[{"Length":60,"Height":40,"Stock":2,"Cost":2400},{"Length":30,"Height":90,"Stock":3,"Cost":2700},{"Length":30,"Height":30,"Stock":4,"Cost":900},{"Length":60,"Height":90,"Stock":2,"Cost":5400},{"Length":30,"Height":60,"Stock":4,"Cost":1800},{"Length":30,"Height":120,"Stock":3,"Cost":3600}],"Items":[{"Length":18,"Height":28,"Demand":1,"DemandMax":null,"Value":504},{"Length":15,"Height":15,"Demand":3,"DemandMax":null,"Value":225},{"Length":15,"Height":28,"Demand":2,"DemandMax":null,"Value":420},{"Length":28,"Height":6,"Demand":3,"DemandMax":null,"Value":168},{"Length":9,"Height":6,"Demand":3,"DemandMax":null,"Value":54},{"Length":21,"Height":28,"Demand":2,"DemandMax":null,"Value":588},{"Length":18,"Height":3,"Demand":4,"DemandMax":null,"Value":54},{"Length":18,"Height":15,"Demand":2,"DemandMax":null,"Value":270},{"Length":15,"Height":3,"Demand":3,"DemandMax":null,"Value":45},{"Length":6,"Height":18,"Demand":3,"DemandMax":null,"Value":108},{"Length":9,"Height":9,"Demand":1,"DemandMax":null,"Value":81},{"Length":18,"Height":12,"Demand":1,"DemandMax":null,"Value":216},{"Length":12,"Height":6,"Demand":4,"DemandMax":null,"Value":72},{"Length":21,"Height":6,"Demand":2,"DemandMax":null,"Value":126},{"Length":25,"Height":12,"Demand":3,"DemandMax":null,"Value":300},{"Length":3,"Height":12,"Demand":2,"DemandMax":null,"Value":36},{"Length":25,"Height":21,"Demand":2,"DemandMax":null,"Value":525},{"Length":28,"Height":18,"Demand":3,"DemandMax":null,"Value":504},{"Length":21,"Height":21,"Demand":2,"DemandMax":null,"Value":441},{"Length":28,"Height":15,"Demand":1,"DemandMax":null,"Value":420},{"Length":28,"Height":25,"Demand":2,"DemandMax":null,"Value":700},{"Length":6,"Height":6,"Demand":3,"DemandMax":null,"Value":36},{"Length":18,"Height":21,"Demand":1,"DemandMax":null,"Value":378},{"Length":21,"Height":9,"Demand":2,"DemandMax":null,"Value":189},{"Length":28,"Height":21,"Demand":2,"DemandMax":null,"Value":588},{"Length":18,"Height":6,"Demand":1,"DemandMax":null,"Value":108},{"Length":12,"Height":9,"Demand":1,"DemandMax":null,"Value":108},{"Length":3,"Height":21,"Demand":3,"DemandMax":null,"Value":63},{"Length":21,"Height":25,"Demand":2,"DemandMax":null,"Value":525},{"Length":3,"Height":15,"Demand":1,"DemandMax":null,"Value":45},{"Length":12,"Height":25,"Demand":1,"DemandMax":null,"Value":300},{"Length":28,"Height":28,"Demand":3,"DemandMax":null,"Value":784},{"Length":15,"Height":18,"Demand":1,"DemandMax":null,"Value":270},{"Length":9,"Height":28,"Demand":1,"DemandMax":null,"Value":252},{"Length":25,"Height":6,"Demand":1,"DemandMax":null,"Value":150},{"Length":15,"Height":25,"Demand":1,"DemandMax":null,"Value":375},{"Length":21,"Height":3,"Demand":3,"DemandMax":null,"Value":63},{"Length":21,"Height":15,"Demand":1,"DemandMax":null,"Value":315},{"Length":25,"Height":9,"Demand":2,"DemandMax":null,"Value":225},{"Length":12,"Height":15,"Demand":1,"DemandMax":null,"Value":180},{"Length":3,"Height":18,"Demand":1,"DemandMax":null,"Value":54},{"Length":6,"Height":3,"Demand":1,"DemandMax":null,"Value":18},{"Length":12,"Height":21,"Demand":1,"DemandMax":null,"Value":252},{"Length":9,"Height":15,"Demand":1,"DemandMax":null,"Value":135},{"Length":3,"Height":6,"Demand":2,"DemandMax":null,"Value":18},{"Length":6,"Height":28,"Demand":1,"DemandMax":null,"Value":168},{"Length":9,"Height":12,"Demand":1,"DemandMax":null,"Value":108},{"Length":28,"Height":9,"Demand":1,"DemandMax":null,"Value":252},{"Length":9,"Height":25,"Demand":1,"DemandMax":null,"Value":225},{"Length":25,"Height":25,"Demand":2,"DemandMax":null,"Value":625},{"Length":25,"Height":18,"Demand":1,"DemandMax":null,"Value":450},{"Length":6,"Height":12,"Demand":2,"DemandMax":null,"Value":72},{"Length":15,"Height":6,"Demand":1,"DemandMax":null,"Value":90},{"Length":15,"Height":21,"Demand":1,"DemandMax":null,"Value":315},{"Length":18,"Height":25,"Demand":1,"DemandMax":null,"Value":450},{"Length":6,"Height":21,"Demand":1,"DemandMax":null,"Value":126},{"Length":12,"Height":18,"Demand":1,"DemandMax":null,"Value":216}]}