{"Name":"M3e","Objects":[{"Length":60,"Height":50,"Stock":3,"Cost":3000},{"Length":30,"Height":100,"Stock":3,"Cost":3000},{"Length":40,"Height":30,"Stock":3,"Cost":1200},{"Length":60,"Height":100,"Stock":4,"Cost":6000},{"Length":30,"Height":60,"Stock":4,"Cost":1800},{"Length":30,"Height":120,"Stock":3,"Cost":3600}],"Items":[{"Length":7,"Height":30,"Demand":2,"DemandMax":null,"Value":210},{"Length":7,"Height":3,"Demand":4,"DemandMax":null,"Value":21},{"Length":7,"Height":27,"Demand":1,"DemandMax":null,"Value":189},{"Length":10,"Height":20,"Demand":2,"DemandMax":null,"Value":200},{"Length":13,"Height":17,"Demand":4,"DemandMax":null,"Value":221},{"Length":20,"Height":27,"Demand":5,"DemandMax":null,"Value":540},{"Length":30,"Height":30,"Demand":1,"DemandMax":null,"Value":900},{"Length":3,"Height":7,"Demand":1,"DemandMax":null,"Value":21},{"Length":27,"Height":27,"Demand":1,"DemandMax":null,"Value":729},{"Length":23,"Height":17,"Demand":1,"DemandMax":null,"Value":391},{"Length":10,"Height":30,"Demand":2,"DemandMax":null,"Value":300},{"Length":30,"Height":23,"Demand":3,"DemandMax":null,"Value":690},{"Length":20,"Height":10,"Demand":2,"DemandMax":null,"Value":200},{"Length":7,"Height":7,"Demand":3,"DemandMax":null,"Value":49},{"Length":20,"Height":17,"Demand":1,"DemandMax":null,"Value":340},{"Length":13,"Height":10,"Demand":2,"DemandMax":null,"Value":130},{"Length":17,"Height":23,"Demand":3,"DemandMax":null,"Value":391},{"Length":30,"Height":10,"Demand":4,"DemandMax":null,"Value":300},{"Length":17,"Height":10,"Demand":4,"DemandMax":null,"Value":170},{"Length":30,"Height":17,"Demand":4,"DemandMax":null,"Value":510},{"Length":10,"Height":17,"Demand":1,"DemandMax":null,"Value":170},{"Length":20,"Height":13,"Demand":2,"DemandMax":null,"Value":260},{"Length":13,"Height":7,"Demand":2,"DemandMax":null,"Value":91},{"Length":10,"Height":7,"Demand":6,"DemandMax":null,"Value":70},{"Length":27,"Height":20,"Demand":5,"DemandMax":null,"Value":540},{"Length":23,"Height":10,"Demand":1,"DemandMax":null,"Value":230},{"Length":23,"Height":3,"Demand":4,"DemandMax":null,"Value":69},{"Length":23,"Height":27,"Demand":5,"DemandMax":null,"Value":621},{"Length":13,"Height":3,"Demand":3,"DemandMax":null,"Value":39},{"Length":17,"Height":3,"Demand":1,"DemandMax":null,"Value":51},{"Length":17,"Height":20,"Demand":2,"DemandMax":null,"Value":340},{"Length":20,"Height":23,"Demand":2,"DemandMax":null,"Value":460},{"Length":7,"Height":13,"Demand":3,"DemandMax":null,"Value":91},{"Length":3,"Height":10,"Demand":3,"DemandMax":null,"Value":30},{"Length":20,"Height":3,"Demand":2,"DemandMax":null,"Value":60},{"Length":13,"Height":30,"Demand":4,"DemandMax":null,"Value":390},{"Length":27,"Height":13,"Demand":3,"DemandMax":null,"Value":351},{"Length":10,"Height":10,"Demand":3,"DemandMax":null,"Value":100},{"Length":7,"Height":10,"Demand":2,"DemandMax":null,"Value":70},{"Length":20,"Height":7,"Demand":3,"DemandMax":null,"Value":140},{"Length":10,"Height":23,"Demand":1,"DemandMax":null,"Value":230},{"Length":27,"Height":30,"Demand":1,"DemandMax":null,"Value":810},{"Length":20,"Height":20,"Demand":2,"DemandMax":null,"Value":400},{"Length":10,"Height":3,"Demand":2,"DemandMax":null,"Value":30},{"Length":13,"Height":27,"Demand":1,"DemandMax":null,"Value":351},{"Length":13,"Height":23,"Demand":4,"DemandMax":null,"Value":299},{"Length":30,"Height":13,"Demand":2,"DemandMax":null,"Value":390},{"Length":30,"Height":20,"Demand":2,"DemandMax":null,"Value":600},{"Length":3,"Height":3,"Demand":2,"DemandMax":null,"Value":9},{"Length":3,"Height":17,"Demand":3,"DemandMax":null,"Value":51},{"Length":20,"Height":30,"Demand":1,"DemandMax":null,"Value":600},{"Length":30,"Height":27,"Demand":1,"DemandMax":null,"Value":810},{"Length":27,"Height":7,"Demand":1,"DemandMax":null,"Value":189},{"Length":3,"Height":13,"Demand":2,"DemandMax":null,"Value":39},{"Length":3,"Height":23,"Demand":2,"DemandMax":null,"Value":69},{"Length":27,"Height":23,"Demand":1,"DemandMax":null,"Value":621},{"Length":3,"Height":20,"Demand":4,"DemandMax":null,"Value":60},{"Length":13,"Height":13,"Demand":5,"DemandMax":null,"Value":169},{"Length":10,"Height":27,"Demand":2,"DemandMax":null,"Value":270},{"Length":27,"Height":10,"Demand":1,"DemandMax":null,"Value":270},{"Length":7,"Height":20,"Demand":1,"DemandMax":null,"Value":140},{"Length":17,"Height":30,"Demand":1,"DemandMax":null,"Value":510},{"Length":13,"Height":20,"Demand":1,"DemandMax":null,"Value":260}]}