{"Name":"M1a","Objects":[{"Length":20,"Height":20,"Stock":2,"Cost":400},{"Length":10,"Height":30,"Stock":3,"Cost":300},{"Length":10,"Height":10,"Stock":3,"Cost":100},{"Length":20,"Height":30,"Stock":2,"Cost":600},{"Length":10,"Height":20,"Stock":3,"Cost":200},{"Length":10,"Height":40,"Stock":3,"Cost":400}],"Items":[{"Length":1,"Height":6,"Demand":2,"DemandMax":null,"Value":6},{"Length":2,"Height":8,"Demand":3,"DemandMax":null,"Value":16},{"Length":6,"Height":5,"Demand":2,"DemandMax":null,"Value":30},{"Length":4,"Height":9,"Demand":1,"DemandMax":null,"Value":36},{"Length":8,"Height":7,"Demand":4,"DemandMax":null,"Value":56},{"Length":7,"Height":5,"Demand":4,"DemandMax":null,"Value":35},{"Length":3,"Height":1,"Demand":1,"DemandMax":null,"Value":3},{"Length":1,"Height":4,"Demand":2,"DemandMax":null,"Value":4},{"Length":2,"Height":2,"Demand":3,"DemandMax":null,"Value":4},{"Length":9,"Height":5,"Demand":1,"DemandMax":null,"Value":45},{"Length":2,"Height":1,"Demand":1,"DemandMax":null,"Value":2},{"Length":5,"Height":6,"Demand":2,"DemandMax":null,"Value":30},{"Length":6,"Height":6,"Demand":1,"DemandMax":null,"Value":36},{"Length":2,"Height":6,"Demand":2,"DemandMax":null,"Value":12},{"Length":5,"Height":4,"Demand":3,"DemandMax":null,"Value":20},{"Length":8,"Height":8,"Demand":3,"DemandMax":null,"Value":64},{"Length":5,"Height":3,"Demand":3,"DemandMax":null,"Value":15},{"Length":9,"Height":9,"Demand":3,"DemandMax":null,"Value":81},{"Length":5,"Height":2,"Demand":3,"DemandMax":null,"Value":10},{"Length":8,"Height":2,"Demand":2,"DemandMax":null,"Value":16},{"Length":6,"Height":4,"Demand":3,"DemandMax":null,"Value":24},{"Length":3,"Height":3,"Demand":2,"DemandMax":null,"Value":9},{"Length":4,"Height":1,"Demand":3,"DemandMax":null,"Value":4},{"Length":7,"Height":1,"Demand":2,"DemandMax":null,"Value":7},{"Length":6,"Height":7,"Demand":2,"DemandMax":null,"Value":42},{"Length":5,"Height":9,"Demand":4,"DemandMax":null,"Value":45},{"Length":7,"Height":6,"Demand":2,"DemandMax":null,"Value":42},{"Length":2,"Height":3,"Demand":1,"DemandMax":null,"Value":6},{"Length":4,"Height":8,"Demand":1,"DemandMax":null,"Value":32},{"Length":7,"Height":4,"Demand":2,"DemandMax":null,"Value":28},{"Length":5,"Height":1,"Demand":3,"DemandMax":null,"Value":5},{"Length":2,"Height":9,"Demand":2,"DemandMax":null,"Value":18},{"Length":7,"Height":3,"Demand":2,"DemandMax":null,"Value":21},{"Length":9,"Height":7,"Demand":1,"DemandMax":null,"Value":63},{"Length":8,"Height":6,"Demand":2,"DemandMax":null,"Value":48},{"Length":8,"Height":5,"Demand":1,"DemandMax":null,"Value":40},{"Length":2,"Height":5,"Demand":2,"DemandMax":null,"Value":10},{"Length":3,"Height":6,"Demand":1,"DemandMax":null,"Value":18},{"Length":7,"Height":7,"Demand":2,"DemandMax":null,"Value":49},{"Length":2,"Height":4,"Demand":1,"DemandMax":null,"Value":8},{"Length":8,"Height":3,"Demand":1,"DemandMax":null,"Value":24},{"Length":9,"Height":3,"Demand":1,"DemandMax":null,"Value":27},{"Length":2,"Height":7,"Demand":2,"DemandMax":null,"Value":14},{"Length":8,"Height":4,"Demand":1,"DemandMax":null,"Value":32},{"Length":6,"Height":1,"Demand":1,"DemandMax":null,"Value":6},{"Length":6,"Height":2,"Demand":2,"DemandMax":null,"Value":12},{"Length":1,"Height":7,"Demand":1,"DemandMax":null,"Value":7},{"Length":3,"Height":9,"Demand":1,"DemandMax":null,"Value":27},{"Length":3,"Height":4,"Demand":1,"DemandMax":null,"Value":12},{"Length":3,"Height":2,"Demand":1,"DemandMax":null,"Value":6},{"Length":1,"Height":1,"Demand":1,"DemandMax":null,"Value":1},{"Length":4,"Height":2,"Demand":1,"DemandMax":null,"Value":8},{"Length":4,"Height":3,"Demand":1,"DemandMax":null,"Value":12}]}