{"Name":"P10","Objects":[{"Length":160,"Height":120,"Stock":null,"Cost":19200}],"Items":[{"Length":20,"Height":40,"Demand":1,"DemandMax":null,"Value":800},{"Length":14,"Height":22,"Demand":1,"DemandMax":null,"Value":308},{"Length":8,"Height":34,"Demand":1,"DemandMax":null,"Value":272},{"Length":6,"Height":34,"Demand":1,"DemandMax":null,"Value":204},{"Length":6,"Height":30,"Demand":1,"DemandMax":null,"Value":180},{"Length":6,"Height":20,"Demand":1,"DemandMax":null,"Value":120},{"Length":30,"Height":24,"Demand":1,"DemandMax":null,"Value":720},{"Length":40,"Height":24,"Demand":1,"DemandMax":null,"Value":960},{"Length":44,"Height":6,"Demand":1,"DemandMax":null,"Value":264},{"Length":30,"Height":10,"Demand":1,"DemandMax":null,"Value":300},{"Length":14,"Height":28,"Demand":1,"DemandMax":null,"Value":392},{"Length":16,"Height":24,"Demand":1,"DemandMax":null,"Value":384},{"Length":8,"Height":24,"Demand":1,"DemandMax":null,"Value":192},{"Length":24,"Height":14,"Demand":1,"DemandMax":null,"Value":336},{"Length":18,"Height":20,"Demand":1,"DemandMax":null,"Value":360},{"Length":14,"Height":32,"Demand":1,"DemandMax":null,"Value":448},{"Length":36,"Height":20,"Demand":1,"DemandMax":null,"Value":720},{"Length":16,"Height":12,"Demand":1,"DemandMax":null,"Value":192},{"Length":32,"Height":12,"Demand":1,"DemandMax":null,"Value":384},{"Length":32,"Height":18,"Demand":1,"DemandMax":null,"Value":576},{"Length":20,"Height":6,"Demand":1,"DemandMax":null,"Value":120},{"Length":30,"Height":6,"Demand":1,"DemandMax":null,"Value":180},{"Length":10,"Height":20,"Demand":1,"DemandMax":null,"Value":200},{"Length":10,"Height":26,"Demand":1,"DemandMax":null,"Value":260},{"Length":22,"Height":10,"Demand":1,"DemandMax":null,"Value":220},{"Length":32,"Height":22,"Demand":1,"DemandMax":null,"Value":704},{"Length":12,"Height":12,"Demand":2,"DemandMax":null,"Value":144},{"Length":20,"Height":36,"Demand":1,"DemandMax":null,"Value":720},{"Length":18,"Height":28,"Demand":1,"DemandMax":null,"Value":504},{"Length":18,"Height":8,"Demand":1,"DemandMax":null,"Value":144},{"Length":30,"Height":14,"Demand":1,"DemandMax":null,"Value":420},{"Length":16,"Height":22,"Demand":1,"DemandMax":null,"Value":352},{"Length":34,"Height":26,"Demand":1,"DemandMax":null,"Value":884},{"Length":14,"Height":36,"Demand":1,"DemandMax":null,"Value":504},{"Length":14,"Height":26,"Demand":1,"DemandMax":null,"Value":364},{"Length":18,"Height":14,"Demand":1,"DemandMax":null,"Value":252},{"Length":18,"Height":22,"Demand":1,"DemandMax":null,"Value":396},{"Length":14,"Height":10,"Demand":1,"DemandMax":null,"Value":140},{"Length":8,"Height":14,"Demand":1,"DemandMax":null,"Value":112},{"Length":8,"Height":26,"Demand":1,"DemandMax":null,"Value":208},{"Length":16,"Height":26,"Demand":1,"DemandMax":null,"Value":416},{"Length":10,"Height":12,"Demand":1,"DemandMax":null,"Value":120},{"Length":30,"Height":22,"Demand":1,"DemandMax":null,"Value":660},{"Length":40,"Height":22,"Demand":1,"DemandMax":null,"Value":880},{"Length":10,"Height":28,"Demand":1,"DemandMax":null,"Value":280},{"Length":38,"Height":28,"Demand":1,"DemandMax":null,"Value":1064},{"Length":22,"Height":16,"Demand":1,"DemandMax":null,"Value":352},{"Length":48,"Height":8,"Demand":1,"DemandMax":null,"Value":384},{"Length":22,"Height":20,"Demand":1,"DemandMax":null,"Value":440}]}