{"Name":"P9","Objects":[{"Length":150,"Height":110,"Stock":null,"Cost":16500}],"Items":[{"Length":20,"Height":32,"Demand":1,"DemandMax":null,"Value":640},{"Length":20,"Height":36,"Demand":1,"DemandMax":null,"Value":720},{"Length":20,"Height":18,"Demand":2,"DemandMax":null,"Value":360},{"Length":38,"Height":14,"Demand":1,"DemandMax":null,"Value":532},{"Length":38,"Height":20,"Demand":1,"DemandMax":null,"Value":760},{"Length":22,"Height":40,"Demand":1,"DemandMax":null,"Value":880},{"Length":16,"Height":4,"Demand":1,"DemandMax":null,"Value":64},{"Length":28,"Height":18,"Demand":1,"DemandMax":null,"Value":504},{"Length":12,"Height":24,"Demand":1,"DemandMax":null,"Value":288},{"Length":8,"Height":24,"Demand":1,"DemandMax":null,"Value":192},{"Length":48,"Height":16,"Demand":1,"DemandMax":null,"Value":768},{"Length":20,"Height":20,"Demand":1,"DemandMax":null,"Value":400},{"Length":18,"Height":20,"Demand":1,"DemandMax":null,"Value":360},{"Length":18,"Height":10,"Demand":1,"DemandMax":null,"Value":180},{"Length":18,"Height":8,"Demand":1,"DemandMax":null,"Value":144},{"Length":10,"Height":36,"Demand":1,"DemandMax":null,"Value":360},{"Length":10,"Height":24,"Demand":1,"DemandMax":null,"Value":240},{"Length":12,"Height":14,"Demand":1,"DemandMax":null,"Value":168},{"Length":32,"Height":14,"Demand":1,"DemandMax":null,"Value":448},{"Length":32,"Height":20,"Demand":1,"DemandMax":null,"Value":640},{"Length":8,"Height":20,"Demand":1,"DemandMax":null,"Value":160},{"Length":24,"Height":20,"Demand":1,"DemandMax":null,"Value":480},{"Length":42,"Height":6,"Demand":1,"DemandMax":null,"Value":252},{"Length":36,"Height":24,"Demand":1,"DemandMax":null,"Value":864},{"Length":36,"Height":6,"Demand":1,"DemandMax":null,"Value":216},{"Length":30,"Height":20,"Demand":1,"DemandMax":null,"Value":600},{"Length":16,"Height":20,"Demand":1,"DemandMax":null,"Value":320},{"Length":10,"Height":38,"Demand":1,"DemandMax":null,"Value":380},{"Length":10,"Height":34,"Demand":1,"DemandMax":null,"Value":340},{"Length":20,"Height":34,"Demand":1,"DemandMax":null,"Value":680},{"Length":14,"Height":4,"Demand":1,"DemandMax":null,"Value":56},{"Length":24,"Height":22,"Demand":1,"DemandMax":null,"Value":528},{"Length":16,"Height":16,"Demand":1,"DemandMax":null,"Value":256},{"Length":16,"Height":10,"Demand":1,"DemandMax":null,"Value":160},{"Length":44,"Height":12,"Demand":1,"DemandMax":null,"Value":528},{"Length":10,"Height":22,"Demand":1,"DemandMax":null,"Value":220},{"Length":22,"Height":22,"Demand":1,"DemandMax":null,"Value":484},{"Length":32,"Height":16,"Demand":1,"DemandMax":null,"Value":512},{"Length":12,"Height":38,"Demand":1,"DemandMax":null,"Value":456}]}