{"Name":"zdf16","Objects":[{"Length":3000,"Height":null,"Stock":null,"Cost":null}],"Items":[{"Length":185,"Height":365,"Demand":1,"DemandMax":null,"Value":67525},{"Length":200,"Height":378,"Demand":1,"DemandMax":null,"Value":75600},{"Length":165,"Height":410,"Demand":1,"DemandMax":null,"Value":67650},{"Length":148,"Height":425,"Demand":1,"DemandMax":null,"Value":62900},{"Length":296,"Height":425,"Demand":1,"DemandMax":null,"Value":125800},{"Length":116,"Height":439,"Demand":1,"DemandMax":null,"Value":50924},{"Length":1006,"Height":464,"Demand":1,"DemandMax":null,"Value":466784},{"Length":205,"Height":520,"Demand":1,"DemandMax":null,"Value":106600},{"Length":350,"Height":520,"Demand":1,"DemandMax":null,"Value":182000},{"Length":530,"Height":540,"Demand":1,"DemandMax":null,"Value":286200},{"Length":1413,"Height":549,"Demand":1,"DemandMax":null,"Value":775737},{"Length":1882,"Height":549,"Demand":1,"DemandMax":null,"Value":1033218},{"Length":496,"Height":553,"Demand":1,"DemandMax":null,"Value":274288},{"Length":755,"Height":555,"Demand":1,"DemandMax":null,"Value":419025},{"Length":496,"Height":555,"Demand":1,"DemandMax":null,"Value":275280},{"Length":659,"Height":555,"Demand":1,"DemandMax":null,"Value":365745},{"Length":473,"Height":567,"Demand":1,"DemandMax":null,"Value":268191},{"Length":592,"Height":572,"Demand":1,"DemandMax":null,"Value":338624},{"Length":975,"Height":572,"Demand":1,"DemandMax":null,"Value":557700},{"Length":1175,"Height":572,"Demand":1,"DemandMax":null,"Value":672100},{"Length":1575,"Height":572,"Demand":1,"DemandMax":null,"Value":900900},{"Length":1390,"Height":572,"Demand":1,"DemandMax":null,"Value":795080},{"Length":1490,"Height":572,"Demand":1,"DemandMax":null,"Value":852280},{"Length":1590,"Height":572,"Demand":1,"DemandMax":null,"Value":909480},{"Length":1690,"Height":572,"Demand":1,"DemandMax":null,"Value":966680},{"Length":1890,"Height":572,"Demand":1,"DemandMax":null,"Value":1081080},{"Length":625,"Height":610,"Demand":1,"DemandMax":null,"Value":381250},{"Length":490,"Height":660,"Demand":1,"DemandMax":null,"Value":323400},{"Length":447,"Height":690,"Demand":1,"DemandMax":null,"Value":308430},{"Length":445,"Height":949,"Demand":1,"DemandMax":null,"Value":422305},{"Length":478,"Height":949,"Demand":1,"DemandMax":null,"Value":453622},{"Length":463,"Height":970,"Demand":1,"DemandMax":null,"Value":449110},{"Length":3,"Height":1,"Demand":3075,"DemandMax":null,"Value":3},{"Length":1,"Height":1,"Demand":17135,"DemandMax":null,"Value":1},{"Length":5,"Height":1,"Demand":1275,"DemandMax":null,"Value":5},{"Length":1,"Height":2,"Demand":5775,"DemandMax":null,"Value":2},{"Length":2,"Height":1,"Demand":5980,"DemandMax":null,"Value":2},{"Length":8,"Height":3,"Demand":150,"DemandMax":null,"Value":24},{"Length":1,"Height":3,"Demand":3050,"DemandMax":null,"Value":3},{"Length":1,"Height":5,"Demand":1480,"DemandMax":null,"Value":5},{"Length":1,"Height":6,"Demand":1055,"DemandMax":null,"Value":6},{"Length":1,"Height":7,"Demand":770,"DemandMax":null,"Value":7},{"Length":17,"Height":1,"Demand":115,"DemandMax":null,"Value":17},{"Length":5,"Height":2,"Demand":415,"DemandMax":null,"Value":10},{"Length":9,"Height":4,"Demand":50,"DemandMax":null,"Value":36},{"Length":2,"Height":2,"Demand":1935,"DemandMax":null,"Value":4},{"Length":19,"Height":1,"Demand":130,"DemandMax":null,"Value":19},{"Length":1,"Height":17,"Demand":120,"DemandMax":null,"Value":17},{"Length":4,"Height":1,"Demand":2120,"DemandMax":null,"Value":4},{"Length":1,"Height":4,"Demand":2260,"DemandMax":null,"Value":4},{"Length":3,"Height":2,"Demand":1090,"DemandMax":null,"Value":6},{"Length":5,"Height":10,"Demand":55,"DemandMax":null,"Value":50},{"Length":1,"Height":10,"Demand":485,"DemandMax":null,"Value":10},{"Length":18,"Height":1,"Demand":160,"DemandMax":null,"Value":18},{"Length":4,"Height":2,"Demand":610,"DemandMax":null,"Value":8},{"Length":6,"Height":1,"Demand":935,"DemandMax":null,"Value":6},{"Length":11,"Height":6,"Demand":30,"DemandMax":null,"Value":66},{"Length":7,"Height":3,"Demand":160,"DemandMax":null,"Value":21},{"Length":29,"Height":1,"Demand":50,"DemandMax":null,"Value":29},{"Length":1,"Height":8,"Demand":580,"DemandMax":null,"Value":8},{"Length":2,"Height":5,"Demand":645,"DemandMax":null,"Value":10},{"Length":2,"Height":4,"Demand":785,"DemandMax":null,"Value":8},{"Length":10,"Height":1,"Demand":425,"DemandMax":null,"Value":10},{"Length":1,"Height":9,"Demand":475,"DemandMax":null,"Value":9},{"Length":1,"Height":30,"Demand":45,"DemandMax":null,"Value":30},{"Length":1,"Height":18,"Demand":85,"DemandMax":null,"Value":18},{"Length":9,"Height":1,"Demand":385,"DemandMax":null,"Value":9},{"Length":7,"Height":2,"Demand":205,"DemandMax":null,"Value":14},{"Length":2,"Height":18,"Demand":50,"DemandMax":null,"Value":36},{"Length":6,"Height":2,"Demand":340,"DemandMax":null,"Value":12},{"Length":2,"Height":7,"Demand":235,"DemandMax":null,"Value":14},{"Length":14,"Height":1,"Demand":190,"DemandMax":null,"Value":14},{"Length":16,"Height":5,"Demand":20,"DemandMax":null,"Value":80},{"Length":10,"Height":3,"Demand":90,"DemandMax":null,"Value":30},{"Length":7,"Height":1,"Demand":690,"DemandMax":null,"Value":7},{"Length":8,"Height":1,"Demand":590,"DemandMax":null,"Value":8},{"Length":8,"Height":2,"Demand":215,"DemandMax":null,"Value":16},{"Length":2,"Height":28,"Demand":35,"DemandMax":null,"Value":56},{"Length":2,"Height":11,"Demand":155,"DemandMax":null,"Value":22},{"Length":3,"Height":4,"Demand":385,"DemandMax":null,"Value":12},{"Length":20,"Height":1,"Demand":130,"DemandMax":null,"Value":20},{"Length":2,"Height":6,"Demand":305,"DemandMax":null,"Value":12},{"Length":3,"Height":12,"Demand":85,"DemandMax":null,"Value":36},{"Length":21,"Height":1,"Demand":60,"DemandMax":null,"Value":21},{"Length":4,"Height":6,"Demand":125,"DemandMax":null,"Value":24},{"Length":14,"Height":2,"Demand":50,"DemandMax":null,"Value":28},{"Length":1,"Height":14,"Demand":260,"DemandMax":null,"Value":14},{"Length":31,"Height":1,"Demand":70,"DemandMax":null,"Value":31},{"Length":1,"Height":66,"Demand":5,"DemandMax":null,"Value":66},{"Length":1,"Height":16,"Demand":165,"DemandMax":null,"Value":16},{"Length":1,"Height":11,"Demand":295,"DemandMax":null,"Value":11},{"Length":5,"Height":8,"Demand":45,"DemandMax":null,"Value":40},{"Length":2,"Height":41,"Demand":10,"DemandMax":null,"Value":82},{"Length":9,"Height":2,"Demand":115,"DemandMax":null,"Value":18},{"Length":1,"Height":37,"Demand":20,"DemandMax":null,"Value":37},{"Length":22,"Height":1,"Demand":45,"DemandMax":null,"Value":22},{"Length":2,"Height":3,"Demand":1120,"DemandMax":null,"Value":6},{"Length":2,"Height":20,"Demand":60,"DemandMax":null,"Value":40},{"Length":3,"Height":3,"Demand":595,"DemandMax":null,"Value":9},{"Length":32,"Height":2,"Demand":10,"DemandMax":null,"Value":64},{"Length":1,"Height":15,"Demand":170,"DemandMax":null,"Value":15},{"Length":15,"Height":10,"Demand":5,"DemandMax":null,"Value":150},{"Length":3,"Height":6,"Demand":150,"DemandMax":null,"Value":18},{"Length":8,"Height":5,"Demand":55,"DemandMax":null,"Value":40},{"Length":26,"Height":1,"Demand":50,"DemandMax":null,"Value":26},{"Length":3,"Height":13,"Demand":45,"DemandMax":null,"Value":39},{"Length":1,"Height":21,"Demand":70,"DemandMax":null,"Value":21},{"Length":16,"Height":1,"Demand":195,"DemandMax":null,"Value":16},{"Length":11,"Height":1,"Demand":300,"DemandMax":null,"Value":11},{"Length":11,"Height":2,"Demand":160,"DemandMax":null,"Value":22},{"Length":3,"Height":5,"Demand":335,"DemandMax":null,"Value":15},{"Length":12,"Height":1,"Demand":240,"DemandMax":null,"Value":12},{"Length":9,"Height":7,"Demand":5,"DemandMax":null,"Value":63},{"Length":34,"Height":8,"Demand":5,"DemandMax":null,"Value":272},{"Length":37,"Height":1,"Demand":30,"DemandMax":null,"Value":37},{"Length":3,"Height":9,"Demand":120,"DemandMax":null,"Value":27},{"Length":1,"Height":26,"Demand":30,"DemandMax":null,"Value":26},{"Length":4,"Height":5,"Demand":185,"DemandMax":null,"Value":20},{"Length":7,"Height":5,"Demand":40,"DemandMax":null,"Value":35},{"Length":13,"Height":1,"Demand":220,"DemandMax":null,"Value":13},{"Length":10,"Height":7,"Demand":25,"DemandMax":null,"Value":70},{"Length":28,"Height":1,"Demand":45,"DemandMax":null,"Value":28},{"Length":40,"Height":2,"Demand":5,"DemandMax":null,"Value":80},{"Length":4,"Height":17,"Demand":30,"DemandMax":null,"Value":68},{"Length":5,"Height":4,"Demand":200,"DemandMax":null,"Value":20},{"Length":2,"Height":15,"Demand":65,"DemandMax":null,"Value":30},{"Length":4,"Height":3,"Demand":300,"DemandMax":null,"Value":12},{"Length":2,"Height":13,"Demand":110,"DemandMax":null,"Value":26},{"Length":1,"Height":25,"Demand":40,"DemandMax":null,"Value":25},{"Length":50,"Height":1,"Demand":10,"DemandMax":null,"Value":50},{"Length":12,"Height":2,"Demand":90,"DemandMax":null,"Value":24},{"Length":7,"Height":4,"Demand":95,"DemandMax":null,"Value":28},{"Length":15,"Height":1,"Demand":145,"DemandMax":null,"Value":15},{"Length":16,"Height":11,"Demand":15,"DemandMax":null,"Value":176},{"Length":5,"Height":5,"Demand":80,"DemandMax":null,"Value":25},{"Length":4,"Height":11,"Demand":55,"DemandMax":null,"Value":44},{"Length":16,"Height":17,"Demand":10,"DemandMax":null,"Value":272},{"Length":5,"Height":3,"Demand":225,"DemandMax":null,"Value":15},{"Length":4,"Height":7,"Demand":75,"DemandMax":null,"Value":28},{"Length":53,"Height":1,"Demand":10,"DemandMax":null,"Value":53},{"Length":3,"Height":15,"Demand":50,"DemandMax":null,"Value":45},{"Length":3,"Height":7,"Demand":205,"DemandMax":null,"Value":21},{"Length":45,"Height":4,"Demand":5,"DemandMax":null,"Value":180},{"Length":1,"Height":46,"Demand":15,"DemandMax":null,"Value":46},{"Length":1,"Height":19,"Demand":150,"DemandMax":null,"Value":19},{"Length":23,"Height":1,"Demand":75,"DemandMax":null,"Value":23},{"Length":2,"Height":9,"Demand":150,"DemandMax":null,"Value":18},{"Length":48,"Height":1,"Demand":25,"DemandMax":null,"Value":48},{"Length":25,"Height":1,"Demand":55,"DemandMax":null,"Value":25},{"Length":17,"Height":9,"Demand":5,"DemandMax":null,"Value":153},{"Length":111,"Height":1,"Demand":5,"DemandMax":null,"Value":111},{"Length":1,"Height":24,"Demand":70,"DemandMax":null,"Value":24},{"Length":7,"Height":47,"Demand":5,"DemandMax":null,"Value":329},{"Length":7,"Height":11,"Demand":25,"DemandMax":null,"Value":77},{"Length":5,"Height":6,"Demand":65,"DemandMax":null,"Value":30},{"Length":3,"Height":10,"Demand":100,"DemandMax":null,"Value":30},{"Length":6,"Height":4,"Demand":150,"DemandMax":null,"Value":24},{"Length":3,"Height":11,"Demand":60,"DemandMax":null,"Value":33},{"Length":30,"Height":1,"Demand":40,"DemandMax":null,"Value":30},{"Length":11,"Height":5,"Demand":15,"DemandMax":null,"Value":55},{"Length":9,"Height":3,"Demand":85,"DemandMax":null,"Value":27},{"Length":3,"Height":27,"Demand":30,"DemandMax":null,"Value":81},{"Length":2,"Height":14,"Demand":55,"DemandMax":null,"Value":28},{"Length":7,"Height":8,"Demand":25,"DemandMax":null,"Value":56},{"Length":4,"Height":10,"Demand":75,"DemandMax":null,"Value":40},{"Length":9,"Height":18,"Demand":10,"DemandMax":null,"Value":162},{"Length":4,"Height":4,"Demand":235,"DemandMax":null,"Value":16},{"Length":23,"Height":2,"Demand":20,"DemandMax":null,"Value":46},{"Length":59,"Height":1,"Demand":30,"DemandMax":null,"Value":59},{"Length":67,"Height":1,"Demand":5,"DemandMax":null,"Value":67},{"Length":1,"Height":13,"Demand":195,"DemandMax":null,"Value":13},{"Length":69,"Height":4,"Demand":5,"DemandMax":null,"Value":276},{"Length":45,"Height":1,"Demand":15,"DemandMax":null,"Value":45},{"Length":2,"Height":38,"Demand":5,"DemandMax":null,"Value":76},{"Length":1,"Height":61,"Demand":10,"DemandMax":null,"Value":61},{"Length":32,"Height":1,"Demand":20,"DemandMax":null,"Value":32},{"Length":12,"Height":8,"Demand":10,"DemandMax":null,"Value":96},{"Length":6,"Height":3,"Demand":160,"DemandMax":null,"Value":18},{"Length":38,"Height":1,"Demand":40,"DemandMax":null,"Value":38},{"Length":43,"Height":1,"Demand":20,"DemandMax":null,"Value":43},{"Length":16,"Height":9,"Demand":10,"DemandMax":null,"Value":144},{"Length":19,"Height":2,"Demand":40,"DemandMax":null,"Value":38},{"Length":27,"Height":1,"Demand":35,"DemandMax":null,"Value":27},{"Length":3,"Height":8,"Demand":130,"DemandMax":null,"Value":24},{"Length":7,"Height":18,"Demand":10,"DemandMax":null,"Value":126},{"Length":13,"Height":4,"Demand":35,"DemandMax":null,"Value":52},{"Length":41,"Height":1,"Demand":35,"DemandMax":null,"Value":41},{"Length":10,"Height":2,"Demand":110,"DemandMax":null,"Value":20},{"Length":1,"Height":12,"Demand":260,"DemandMax":null,"Value":12},{"Length":14,"Height":13,"Demand":5,"DemandMax":null,"Value":182},{"Length":2,"Height":12,"Demand":90,"DemandMax":null,"Value":24},{"Length":15,"Height":3,"Demand":35,"DemandMax":null,"Value":45},{"Length":56,"Height":2,"Demand":10,"DemandMax":null,"Value":112},{"Length":6,"Height":9,"Demand":55,"DemandMax":null,"Value":54},{"Length":26,"Height":10,"Demand":5,"DemandMax":null,"Value":260},{"Length":24,"Height":3,"Demand":20,"DemandMax":null,"Value":72},{"Length":16,"Height":2,"Demand":100,"DemandMax":null,"Value":32},{"Length":1,"Height":36,"Demand":20,"DemandMax":null,"Value":36},{"Length":9,"Height":15,"Demand":15,"DemandMax":null,"Value":135},{"Length":10,"Height":17,"Demand":5,"DemandMax":null,"Value":170},{"Length":14,"Height":5,"Demand":20,"DemandMax":null,"Value":70},{"Length":8,"Height":7,"Demand":30,"DemandMax":null,"Value":56},{"Length":27,"Height":2,"Demand":25,"DemandMax":null,"Value":54},{"Length":3,"Height":21,"Demand":10,"DemandMax":null,"Value":63},{"Length":4,"Height":12,"Demand":55,"DemandMax":null,"Value":48},{"Length":4,"Height":8,"Demand":100,"DemandMax":null,"Value":32},{"Length":10,"Height":4,"Demand":40,"DemandMax":null,"Value":40},{"Length":17,"Height":17,"Demand":5,"DemandMax":null,"Value":289},{"Length":4,"Height":21,"Demand":20,"DemandMax":null,"Value":84},{"Length":18,"Height":3,"Demand":25,"DemandMax":null,"Value":54},{"Length":43,"Height":3,"Demand":5,"DemandMax":null,"Value":129},{"Length":1,"Height":75,"Demand":5,"DemandMax":null,"Value":75},{"Length":13,"Height":3,"Demand":60,"DemandMax":null,"Value":39},{"Length":7,"Height":12,"Demand":10,"DemandMax":null,"Value":84},{"Length":1,"Height":29,"Demand":40,"DemandMax":null,"Value":29},{"Length":30,"Height":4,"Demand":5,"DemandMax":null,"Value":120},{"Length":1,"Height":34,"Demand":15,"DemandMax":null,"Value":34},{"Length":24,"Height":1,"Demand":70,"DemandMax":null,"Value":24},{"Length":2,"Height":8,"Demand":245,"DemandMax":null,"Value":16},{"Length":33,"Height":4,"Demand":10,"DemandMax":null,"Value":132},{"Length":11,"Height":3,"Demand":55,"DemandMax":null,"Value":33},{"Length":6,"Height":19,"Demand":20,"DemandMax":null,"Value":114},{"Length":77,"Height":1,"Demand":5,"DemandMax":null,"Value":77},{"Length":12,"Height":4,"Demand":30,"DemandMax":null,"Value":48},{"Length":2,"Height":10,"Demand":155,"DemandMax":null,"Value":20},{"Length":49,"Height":2,"Demand":10,"DemandMax":null,"Value":98},{"Length":19,"Height":3,"Demand":25,"DemandMax":null,"Value":57},{"Length":33,"Height":1,"Demand":25,"DemandMax":null,"Value":33},{"Length":15,"Height":8,"Demand":5,"DemandMax":null,"Value":120},{"Length":15,"Height":4,"Demand":25,"DemandMax":null,"Value":60},{"Length":1,"Height":23,"Demand":55,"DemandMax":null,"Value":23},{"Length":17,"Height":5,"Demand":25,"DemandMax":null,"Value":85},{"Length":8,"Height":6,"Demand":50,"DemandMax":null,"Value":48},{"Length":34,"Height":1,"Demand":30,"DemandMax":null,"Value":34},{"Length":6,"Height":5,"Demand":85,"DemandMax":null,"Value":30},{"Length":65,"Height":4,"Demand":5,"DemandMax":null,"Value":260},{"Length":8,"Height":40,"Demand":5,"DemandMax":null,"Value":320},{"Length":7,"Height":19,"Demand":20,"DemandMax":null,"Value":133},{"Length":17,"Height":2,"Demand":40,"DemandMax":null,"Value":34},{"Length":14,"Height":12,"Demand":5,"DemandMax":null,"Value":168},{"Length":45,"Height":7,"Demand":5,"DemandMax":null,"Value":315},{"Length":6,"Height":8,"Demand":35,"DemandMax":null,"Value":48},{"Length":14,"Height":7,"Demand":25,"DemandMax":null,"Value":98},{"Length":1,"Height":20,"Demand":85,"DemandMax":null,"Value":20},{"Length":1,"Height":40,"Demand":15,"DemandMax":null,"Value":40},{"Length":5,"Height":30,"Demand":5,"DemandMax":null,"Value":150},{"Length":9,"Height":8,"Demand":35,"DemandMax":null,"Value":72},{"Length":65,"Height":1,"Demand":15,"DemandMax":null,"Value":65},{"Length":2,"Height":22,"Demand":20,"DemandMax":null,"Value":44},{"Length":1,"Height":28,"Demand":35,"DemandMax":null,"Value":28},{"Length":24,"Height":2,"Demand":40,"DemandMax":null,"Value":48},{"Length":1,"Height":42,"Demand":10,"DemandMax":null,"Value":42},{"Length":24,"Height":8,"Demand":5,"DemandMax":null,"Value":192},{"Length":18,"Height":4,"Demand":5,"DemandMax":null,"Value":72},{"Length":4,"Height":30,"Demand":15,"DemandMax":null,"Value":120},{"Length":5,"Height":9,"Demand":55,"DemandMax":null,"Value":45},{"Length":61,"Height":8,"Demand":5,"DemandMax":null,"Value":488},{"Length":2,"Height":16,"Demand":55,"DemandMax":null,"Value":32},{"Length":18,"Height":2,"Demand":35,"DemandMax":null,"Value":36},{"Length":9,"Height":21,"Demand":15,"DemandMax":null,"Value":189},{"Length":1,"Height":27,"Demand":30,"DemandMax":null,"Value":27},{"Length":83,"Height":6,"Demand":5,"DemandMax":null,"Value":498},{"Length":1,"Height":45,"Demand":15,"DemandMax":null,"Value":45},{"Length":30,"Height":2,"Demand":20,"DemandMax":null,"Value":60},{"Length":31,"Height":6,"Demand":5,"DemandMax":null,"Value":186},{"Length":4,"Height":24,"Demand":15,"DemandMax":null,"Value":96},{"Length":17,"Height":3,"Demand":25,"DemandMax":null,"Value":51},{"Length":66,"Height":1,"Demand":10,"DemandMax":null,"Value":66},{"Length":10,"Height":6,"Demand":20,"DemandMax":null,"Value":60},{"Length":39,"Height":14,"Demand":5,"DemandMax":null,"Value":546},{"Length":5,"Height":7,"Demand":40,"DemandMax":null,"Value":35},{"Length":8,"Height":8,"Demand":10,"DemandMax":null,"Value":64},{"Length":4,"Height":19,"Demand":10,"DemandMax":null,"Value":76},{"Length":35,"Height":1,"Demand":20,"DemandMax":null,"Value":35},{"Length":20,"Height":5,"Demand":5,"DemandMax":null,"Value":100},{"Length":46,"Height":1,"Demand":10,"DemandMax":null,"Value":46},{"Length":11,"Height":10,"Demand":5,"DemandMax":null,"Value":110},{"Length":5,"Height":19,"Demand":10,"DemandMax":null,"Value":95},{"Length":5,"Height":31,"Demand":15,"DemandMax":null,"Value":155},{"Length":39,"Height":4,"Demand":5,"DemandMax":null,"Value":156},{"Length":10,"Height":9,"Demand":10,"DemandMax":null,"Value":90},{"Length":80,"Height":1,"Demand":5,"DemandMax":null,"Value":80},{"Length":2,"Height":17,"Demand":40,"DemandMax":null,"Value":34},{"Length":73,"Height":4,"Demand":5,"DemandMax":null,"Value":292},{"Length":2,"Height":32,"Demand":10,"DemandMax":null,"Value":64},{"Length":7,"Height":45,"Demand":5,"DemandMax":null,"Value":315},{"Length":21,"Height":64,"Demand":5,"DemandMax":null,"Value":1344},{"Length":8,"Height":4,"Demand":60,"DemandMax":null,"Value":32},{"Length":12,"Height":3,"Demand":30,"DemandMax":null,"Value":36},{"Length":22,"Height":16,"Demand":5,"DemandMax":null,"Value":352},{"Length":90,"Height":1,"Demand":10,"DemandMax":null,"Value":90},{"Length":3,"Height":17,"Demand":40,"DemandMax":null,"Value":51},{"Length":13,"Height":25,"Demand":5,"DemandMax":null,"Value":325},{"Length":25,"Height":3,"Demand":15,"DemandMax":null,"Value":75},{"Length":15,"Height":11,"Demand":5,"DemandMax":null,"Value":165},{"Length":30,"Height":3,"Demand":20,"DemandMax":null,"Value":90},{"Length":15,"Height":16,"Demand":5,"DemandMax":null,"Value":240},{"Length":10,"Height":18,"Demand":10,"DemandMax":null,"Value":180},{"Length":3,"Height":20,"Demand":25,"DemandMax":null,"Value":60},{"Length":78,"Height":3,"Demand":5,"DemandMax":null,"Value":234},{"Length":4,"Height":14,"Demand":35,"DemandMax":null,"Value":56},{"Length":101,"Height":1,"Demand":5,"DemandMax":null,"Value":101},{"Length":14,"Height":4,"Demand":20,"DemandMax":null,"Value":56},{"Length":15,"Height":2,"Demand":50,"DemandMax":null,"Value":30},{"Length":29,"Height":8,"Demand":5,"DemandMax":null,"Value":232},{"Length":10,"Height":48,"Demand":5,"DemandMax":null,"Value":480},{"Length":31,"Height":17,"Demand":5,"DemandMax":null,"Value":527},{"Length":2,"Height":19,"Demand":35,"DemandMax":null,"Value":38},{"Length":1,"Height":22,"Demand":40,"DemandMax":null,"Value":22},{"Length":47,"Height":1,"Demand":10,"DemandMax":null,"Value":47},{"Length":6,"Height":14,"Demand":10,"DemandMax":null,"Value":84},{"Length":2,"Height":26,"Demand":25,"DemandMax":null,"Value":52},{"Length":3,"Height":69,"Demand":5,"DemandMax":null,"Value":207},{"Length":13,"Height":14,"Demand":5,"DemandMax":null,"Value":182},{"Length":32,"Height":10,"Demand":5,"DemandMax":null,"Value":320},{"Length":35,"Height":2,"Demand":5,"DemandMax":null,"Value":70},{"Length":9,"Height":6,"Demand":20,"DemandMax":null,"Value":54},{"Length":16,"Height":4,"Demand":10,"DemandMax":null,"Value":64},{"Length":26,"Height":3,"Demand":10,"DemandMax":null,"Value":78},{"Length":83,"Height":3,"Demand":5,"DemandMax":null,"Value":249},{"Length":9,"Height":13,"Demand":5,"DemandMax":null,"Value":117},{"Length":7,"Height":14,"Demand":10,"DemandMax":null,"Value":98},{"Length":31,"Height":2,"Demand":20,"DemandMax":null,"Value":62},{"Length":16,"Height":7,"Demand":10,"DemandMax":null,"Value":112},{"Length":36,"Height":1,"Demand":20,"DemandMax":null,"Value":36},{"Length":38,"Height":5,"Demand":15,"DemandMax":null,"Value":190},{"Length":6,"Height":6,"Demand":55,"DemandMax":null,"Value":36},{"Length":4,"Height":9,"Demand":45,"DemandMax":null,"Value":36},{"Length":73,"Height":1,"Demand":10,"DemandMax":null,"Value":73},{"Length":11,"Height":4,"Demand":45,"DemandMax":null,"Value":44},{"Length":1,"Height":59,"Demand":5,"DemandMax":null,"Value":59},{"Length":4,"Height":16,"Demand":35,"DemandMax":null,"Value":64},{"Length":20,"Height":13,"Demand":5,"DemandMax":null,"Value":260},{"Length":2,"Height":24,"Demand":15,"DemandMax":null,"Value":48},{"Length":1,"Height":32,"Demand":15,"DemandMax":null,"Value":32},{"Length":7,"Height":10,"Demand":25,"DemandMax":null,"Value":70},{"Length":15,"Height":9,"Demand":5,"DemandMax":null,"Value":135},{"Length":3,"Height":14,"Demand":35,"DemandMax":null,"Value":42},{"Length":7,"Height":22,"Demand":10,"DemandMax":null,"Value":154},{"Length":6,"Height":31,"Demand":15,"DemandMax":null,"Value":186},{"Length":1,"Height":60,"Demand":5,"DemandMax":null,"Value":60},{"Length":5,"Height":16,"Demand":15,"DemandMax":null,"Value":80},{"Length":25,"Height":17,"Demand":5,"DemandMax":null,"Value":425},{"Length":4,"Height":15,"Demand":20,"DemandMax":null,"Value":60},{"Length":8,"Height":13,"Demand":25,"DemandMax":null,"Value":104},{"Length":2,"Height":31,"Demand":20,"DemandMax":null,"Value":62},{"Length":44,"Height":1,"Demand":30,"DemandMax":null,"Value":44},{"Length":1,"Height":56,"Demand":15,"DemandMax":null,"Value":56},{"Length":20,"Height":4,"Demand":10,"DemandMax":null,"Value":80},{"Length":5,"Height":20,"Demand":20,"DemandMax":null,"Value":100},{"Length":106,"Height":1,"Demand":5,"DemandMax":null,"Value":106},{"Length":8,"Height":24,"Demand":5,"DemandMax":null,"Value":192},{"Length":4,"Height":23,"Demand":15,"DemandMax":null,"Value":92},{"Length":5,"Height":11,"Demand":25,"DemandMax":null,"Value":55},{"Length":28,"Height":3,"Demand":5,"DemandMax":null,"Value":84},{"Length":10,"Height":10,"Demand":20,"DemandMax":null,"Value":100},{"Length":5,"Height":25,"Demand":10,"DemandMax":null,"Value":125},{"Length":3,"Height":25,"Demand":35,"DemandMax":null,"Value":75},{"Length":10,"Height":5,"Demand":35,"DemandMax":null,"Value":50},{"Length":16,"Height":3,"Demand":35,"DemandMax":null,"Value":48},{"Length":9,"Height":5,"Demand":40,"DemandMax":null,"Value":45},{"Length":4,"Height":13,"Demand":45,"DemandMax":null,"Value":52},{"Length":26,"Height":2,"Demand":20,"DemandMax":null,"Value":52},{"Length":3,"Height":29,"Demand":10,"DemandMax":null,"Value":87},{"Length":4,"Height":84,"Demand":10,"DemandMax":null,"Value":336},{"Length":48,"Height":3,"Demand":5,"DemandMax":null,"Value":144},{"Length":19,"Height":20,"Demand":5,"DemandMax":null,"Value":380},{"Length":2,"Height":23,"Demand":20,"DemandMax":null,"Value":46},{"Length":73,"Height":38,"Demand":5,"DemandMax":null,"Value":2774},{"Length":13,"Height":2,"Demand":85,"DemandMax":null,"Value":26},{"Length":15,"Height":6,"Demand":20,"DemandMax":null,"Value":90},{"Length":1,"Height":31,"Demand":25,"DemandMax":null,"Value":31},{"Length":12,"Height":10,"Demand":5,"DemandMax":null,"Value":120},{"Length":15,"Height":15,"Demand":5,"DemandMax":null,"Value":225},{"Length":29,"Height":2,"Demand":25,"DemandMax":null,"Value":58},{"Length":13,"Height":5,"Demand":20,"DemandMax":null,"Value":65},{"Length":6,"Height":10,"Demand":35,"DemandMax":null,"Value":60},{"Length":9,"Height":35,"Demand":5,"DemandMax":null,"Value":315},{"Length":20,"Height":16,"Demand":5,"DemandMax":null,"Value":320},{"Length":4,"Height":25,"Demand":10,"DemandMax":null,"Value":100},{"Length":1,"Height":41,"Demand":10,"DemandMax":null,"Value":41},{"Length":6,"Height":15,"Demand":25,"DemandMax":null,"Value":90},{"Length":24,"Height":13,"Demand":5,"DemandMax":null,"Value":312},{"Length":21,"Height":17,"Demand":5,"DemandMax":null,"Value":357},{"Length":55,"Height":1,"Demand":10,"DemandMax":null,"Value":55},{"Length":19,"Height":4,"Demand":20,"DemandMax":null,"Value":76},{"Length":16,"Height":13,"Demand":5,"DemandMax":null,"Value":208},{"Length":3,"Height":22,"Demand":15,"DemandMax":null,"Value":66},{"Length":3,"Height":18,"Demand":20,"DemandMax":null,"Value":54},{"Length":1,"Height":55,"Demand":5,"DemandMax":null,"Value":55},{"Length":2,"Height":33,"Demand":5,"DemandMax":null,"Value":66},{"Length":23,"Height":23,"Demand":5,"DemandMax":null,"Value":529},{"Length":8,"Height":9,"Demand":30,"DemandMax":null,"Value":72},{"Length":7,"Height":7,"Demand":30,"DemandMax":null,"Value":49},{"Length":7,"Height":9,"Demand":20,"DemandMax":null,"Value":63},{"Length":14,"Height":3,"Demand":45,"DemandMax":null,"Value":42},{"Length":2,"Height":51,"Demand":5,"DemandMax":null,"Value":102},{"Length":7,"Height":6,"Demand":45,"DemandMax":null,"Value":42},{"Length":4,"Height":20,"Demand":20,"DemandMax":null,"Value":80},{"Length":1,"Height":35,"Demand":20,"DemandMax":null,"Value":35},{"Length":3,"Height":19,"Demand":20,"DemandMax":null,"Value":57},{"Length":13,"Height":9,"Demand":5,"DemandMax":null,"Value":117},{"Length":9,"Height":10,"Demand":15,"DemandMax":null,"Value":90},{"Length":33,"Height":2,"Demand":15,"DemandMax":null,"Value":66},{"Length":2,"Height":29,"Demand":20,"DemandMax":null,"Value":58},{"Length":2,"Height":35,"Demand":15,"DemandMax":null,"Value":70},{"Length":42,"Height":1,"Demand":5,"DemandMax":null,"Value":42},{"Length":96,"Height":25,"Demand":5,"DemandMax":null,"Value":2400},{"Length":7,"Height":13,"Demand":10,"DemandMax":null,"Value":91},{"Length":1,"Height":39,"Demand":20,"DemandMax":null,"Value":39},{"Length":25,"Height":2,"Demand":10,"DemandMax":null,"Value":50},{"Length":4,"Height":27,"Demand":10,"DemandMax":null,"Value":108},{"Length":8,"Height":15,"Demand":15,"DemandMax":null,"Value":120},{"Length":1,"Height":47,"Demand":5,"DemandMax":null,"Value":47},{"Length":12,"Height":5,"Demand":15,"DemandMax":null,"Value":60},{"Length":42,"Height":4,"Demand":10,"DemandMax":null,"Value":168},{"Length":6,"Height":17,"Demand":15,"DemandMax":null,"Value":102},{"Length":6,"Height":13,"Demand":25,"DemandMax":null,"Value":78},{"Length":13,"Height":7,"Demand":15,"DemandMax":null,"Value":91},{"Length":2,"Height":21,"Demand":35,"DemandMax":null,"Value":42},{"Length":82,"Height":1,"Demand":10,"DemandMax":null,"Value":82},{"Length":16,"Height":15,"Demand":5,"DemandMax":null,"Value":240},{"Length":51,"Height":2,"Demand":5,"DemandMax":null,"Value":102},{"Length":23,"Height":4,"Demand":20,"DemandMax":null,"Value":92},{"Length":11,"Height":22,"Demand":5,"DemandMax":null,"Value":242},{"Length":37,"Height":7,"Demand":5,"DemandMax":null,"Value":259},{"Length":86,"Height":1,"Demand":5,"DemandMax":null,"Value":86},{"Length":19,"Height":7,"Demand":5,"DemandMax":null,"Value":133},{"Length":12,"Height":7,"Demand":25,"DemandMax":null,"Value":84},{"Length":6,"Height":29,"Demand":5,"DemandMax":null,"Value":174},{"Length":15,"Height":5,"Demand":20,"DemandMax":null,"Value":75},{"Length":27,"Height":13,"Demand":5,"DemandMax":null,"Value":351},{"Length":1,"Height":72,"Demand":5,"DemandMax":null,"Value":72},{"Length":8,"Height":10,"Demand":15,"DemandMax":null,"Value":80},{"Length":6,"Height":26,"Demand":10,"DemandMax":null,"Value":156},{"Length":11,"Height":7,"Demand":40,"DemandMax":null,"Value":77},{"Length":84,"Height":1,"Demand":10,"DemandMax":null,"Value":84},{"Length":23,"Height":5,"Demand":10,"DemandMax":null,"Value":115},{"Length":22,"Height":2,"Demand":10,"DemandMax":null,"Value":44},{"Length":2,"Height":30,"Demand":15,"DemandMax":null,"Value":60},{"Length":5,"Height":14,"Demand":20,"DemandMax":null,"Value":70},{"Length":14,"Height":6,"Demand":10,"DemandMax":null,"Value":84},{"Length":37,"Height":2,"Demand":10,"DemandMax":null,"Value":74},{"Length":28,"Height":2,"Demand":10,"DemandMax":null,"Value":56},{"Length":9,"Height":11,"Demand":25,"DemandMax":null,"Value":99},{"Length":5,"Height":18,"Demand":10,"DemandMax":null,"Value":90},{"Length":33,"Height":6,"Demand":5,"DemandMax":null,"Value":198},{"Length":39,"Height":1,"Demand":5,"DemandMax":null,"Value":39},{"Length":1,"Height":38,"Demand":20,"DemandMax":null,"Value":38},{"Length":13,"Height":6,"Demand":30,"DemandMax":null,"Value":78},{"Length":52,"Height":2,"Demand":5,"DemandMax":null,"Value":104},{"Length":16,"Height":6,"Demand":10,"DemandMax":null,"Value":96},{"Length":2,"Height":25,"Demand":20,"DemandMax":null,"Value":50},{"Length":1,"Height":78,"Demand":5,"DemandMax":null,"Value":78},{"Length":71,"Height":5,"Demand":10,"DemandMax":null,"Value":355},{"Length":50,"Height":7,"Demand":5,"DemandMax":null,"Value":350},{"Length":44,"Height":2,"Demand":5,"DemandMax":null,"Value":88},{"Length":14,"Height":10,"Demand":5,"DemandMax":null,"Value":140},{"Length":4,"Height":33,"Demand":10,"DemandMax":null,"Value":132},{"Length":17,"Height":4,"Demand":35,"DemandMax":null,"Value":68},{"Length":9,"Height":24,"Demand":5,"DemandMax":null,"Value":216},{"Length":52,"Height":1,"Demand":15,"DemandMax":null,"Value":52},{"Length":21,"Height":2,"Demand":25,"DemandMax":null,"Value":42},{"Length":66,"Height":4,"Demand":5,"DemandMax":null,"Value":264},{"Length":4,"Height":48,"Demand":5,"DemandMax":null,"Value":192},{"Length":5,"Height":32,"Demand":10,"DemandMax":null,"Value":160},{"Length":46,"Height":3,"Demand":5,"DemandMax":null,"Value":138},{"Length":36,"Height":8,"Demand":5,"DemandMax":null,"Value":288},{"Length":6,"Height":11,"Demand":10,"DemandMax":null,"Value":66},{"Length":71,"Height":1,"Demand":5,"DemandMax":null,"Value":71},{"Length":20,"Height":2,"Demand":15,"DemandMax":null,"Value":40},{"Length":54,"Height":2,"Demand":5,"DemandMax":null,"Value":108},{"Length":60,"Height":4,"Demand":5,"DemandMax":null,"Value":240},{"Length":11,"Height":15,"Demand":5,"DemandMax":null,"Value":165},{"Length":20,"Height":19,"Demand":5,"DemandMax":null,"Value":380},{"Length":19,"Height":21,"Demand":5,"DemandMax":null,"Value":399},{"Length":7,"Height":90,"Demand":5,"DemandMax":null,"Value":630},{"Length":5,"Height":15,"Demand":10,"DemandMax":null,"Value":75},{"Length":28,"Height":4,"Demand":5,"DemandMax":null,"Value":112},{"Length":1,"Height":81,"Demand":5,"DemandMax":null,"Value":81},{"Length":61,"Height":2,"Demand":5,"DemandMax":null,"Value":122},{"Length":45,"Height":2,"Demand":5,"DemandMax":null,"Value":90},{"Length":1,"Height":49,"Demand":10,"DemandMax":null,"Value":49},{"Length":75,"Height":1,"Demand":5,"DemandMax":null,"Value":75},{"Length":48,"Height":2,"Demand":5,"DemandMax":null,"Value":96},{"Length":21,"Height":3,"Demand":15,"DemandMax":null,"Value":63},{"Length":8,"Height":14,"Demand":20,"DemandMax":null,"Value":112},{"Length":20,"Height":3,"Demand":15,"DemandMax":null,"Value":60},{"Length":6,"Height":20,"Demand":5,"DemandMax":null,"Value":120},{"Length":2,"Height":34,"Demand":10,"DemandMax":null,"Value":68},{"Length":109,"Height":2,"Demand":5,"DemandMax":null,"Value":218},{"Length":131,"Height":1,"Demand":5,"DemandMax":null,"Value":131},{"Length":1,"Height":54,"Demand":10,"DemandMax":null,"Value":54},{"Length":24,"Height":4,"Demand":10,"DemandMax":null,"Value":96},{"Length":39,"Height":5,"Demand":10,"DemandMax":null,"Value":195},{"Length":39,"Height":3,"Demand":10,"DemandMax":null,"Value":117},{"Length":5,"Height":27,"Demand":5,"DemandMax":null,"Value":135},{"Length":76,"Height":16,"Demand":5,"DemandMax":null,"Value":1216},{"Length":4,"Height":28,"Demand":5,"DemandMax":null,"Value":112},{"Length":3,"Height":30,"Demand":5,"DemandMax":null,"Value":90},{"Length":88,"Height":1,"Demand":5,"DemandMax":null,"Value":88},{"Length":41,"Height":9,"Demand":5,"DemandMax":null,"Value":369},{"Length":6,"Height":12,"Demand":10,"DemandMax":null,"Value":72},{"Length":12,"Height":20,"Demand":10,"DemandMax":null,"Value":240},{"Length":9,"Height":17,"Demand":10,"DemandMax":null,"Value":153},{"Length":36,"Height":5,"Demand":5,"DemandMax":null,"Value":180},{"Length":70,"Height":1,"Demand":5,"DemandMax":null,"Value":70},{"Length":13,"Height":22,"Demand":5,"DemandMax":null,"Value":286},{"Length":17,"Height":31,"Demand":5,"DemandMax":null,"Value":527},{"Length":27,"Height":4,"Demand":10,"DemandMax":null,"Value":108},{"Length":14,"Height":17,"Demand":10,"DemandMax":null,"Value":238},{"Length":2,"Height":57,"Demand":10,"DemandMax":null,"Value":114},{"Length":15,"Height":13,"Demand":5,"DemandMax":null,"Value":195},{"Length":21,"Height":10,"Demand":5,"DemandMax":null,"Value":210},{"Length":4,"Height":26,"Demand":10,"DemandMax":null,"Value":104},{"Length":8,"Height":23,"Demand":10,"DemandMax":null,"Value":184},{"Length":5,"Height":12,"Demand":20,"DemandMax":null,"Value":60},{"Length":57,"Height":1,"Demand":5,"DemandMax":null,"Value":57},{"Length":1,"Height":76,"Demand":10,"DemandMax":null,"Value":76},{"Length":3,"Height":93,"Demand":5,"DemandMax":null,"Value":279},{"Length":3,"Height":28,"Demand":5,"DemandMax":null,"Value":84},{"Length":21,"Height":7,"Demand":5,"DemandMax":null,"Value":147},{"Length":38,"Height":3,"Demand":5,"DemandMax":null,"Value":114},{"Length":5,"Height":24,"Demand":10,"DemandMax":null,"Value":120},{"Length":96,"Height":1,"Demand":5,"DemandMax":null,"Value":96},{"Length":9,"Height":41,"Demand":5,"DemandMax":null,"Value":369},{"Length":33,"Height":3,"Demand":5,"DemandMax":null,"Value":99},{"Length":7,"Height":43,"Demand":5,"DemandMax":null,"Value":301},{"Length":9,"Height":42,"Demand":5,"DemandMax":null,"Value":378},{"Length":6,"Height":18,"Demand":10,"DemandMax":null,"Value":108},{"Length":7,"Height":26,"Demand":5,"DemandMax":null,"Value":182},{"Length":8,"Height":59,"Demand":5,"DemandMax":null,"Value":472},{"Length":19,"Height":33,"Demand":5,"DemandMax":null,"Value":627},{"Length":5,"Height":22,"Demand":5,"DemandMax":null,"Value":110},{"Length":6,"Height":28,"Demand":10,"DemandMax":null,"Value":168},{"Length":10,"Height":22,"Demand":5,"DemandMax":null,"Value":220},{"Length":71,"Height":4,"Demand":5,"DemandMax":null,"Value":284},{"Length":82,"Height":3,"Demand":5,"DemandMax":null,"Value":246},{"Length":17,"Height":20,"Demand":5,"DemandMax":null,"Value":340},{"Length":60,"Height":6,"Demand":5,"DemandMax":null,"Value":360},{"Length":17,"Height":6,"Demand":15,"DemandMax":null,"Value":102},{"Length":12,"Height":22,"Demand":10,"DemandMax":null,"Value":264},{"Length":3,"Height":32,"Demand":10,"DemandMax":null,"Value":96},{"Length":2,"Height":50,"Demand":15,"DemandMax":null,"Value":100},{"Length":6,"Height":7,"Demand":20,"DemandMax":null,"Value":42},{"Length":23,"Height":13,"Demand":5,"DemandMax":null,"Value":299},{"Length":3,"Height":44,"Demand":5,"DemandMax":null,"Value":132},{"Length":67,"Height":18,"Demand":5,"DemandMax":null,"Value":1206},{"Length":1,"Height":96,"Demand":5,"DemandMax":null,"Value":96},{"Length":4,"Height":18,"Demand":15,"DemandMax":null,"Value":72},{"Length":36,"Height":7,"Demand":5,"DemandMax":null,"Value":252},{"Length":3,"Height":16,"Demand":25,"DemandMax":null,"Value":48},{"Length":33,"Height":32,"Demand":5,"DemandMax":null,"Value":1056},{"Length":14,"Height":39,"Demand":5,"DemandMax":null,"Value":546},{"Length":7,"Height":20,"Demand":10,"DemandMax":null,"Value":140},{"Length":5,"Height":29,"Demand":10,"DemandMax":null,"Value":145},{"Length":91,"Height":6,"Demand":10,"DemandMax":null,"Value":546},{"Length":8,"Height":16,"Demand":10,"DemandMax":null,"Value":128},{"Length":48,"Height":5,"Demand":5,"DemandMax":null,"Value":240},{"Length":3,"Height":39,"Demand":5,"DemandMax":null,"Value":117},{"Length":10,"Height":8,"Demand":20,"DemandMax":null,"Value":80},{"Length":22,"Height":21,"Demand":5,"DemandMax":null,"Value":462},{"Length":1,"Height":33,"Demand":15,"DemandMax":null,"Value":33},{"Length":3,"Height":43,"Demand":5,"DemandMax":null,"Value":129},{"Length":18,"Height":8,"Demand":5,"DemandMax":null,"Value":144},{"Length":2,"Height":53,"Demand":5,"DemandMax":null,"Value":106},{"Length":10,"Height":29,"Demand":5,"DemandMax":null,"Value":290},{"Length":17,"Height":14,"Demand":5,"DemandMax":null,"Value":238},{"Length":12,"Height":16,"Demand":5,"DemandMax":null,"Value":192},{"Length":15,"Height":14,"Demand":5,"DemandMax":null,"Value":210},{"Length":29,"Height":4,"Demand":5,"DemandMax":null,"Value":116},{"Length":18,"Height":7,"Demand":10,"DemandMax":null,"Value":126},{"Length":6,"Height":27,"Demand":5,"DemandMax":null,"Value":162},{"Length":8,"Height":12,"Demand":5,"DemandMax":null,"Value":96},{"Length":8,"Height":20,"Demand":5,"DemandMax":null,"Value":160},{"Length":10,"Height":12,"Demand":10,"DemandMax":null,"Value":120},{"Length":10,"Height":14,"Demand":5,"DemandMax":null,"Value":140},{"Length":21,"Height":8,"Demand":5,"DemandMax":null,"Value":168},{"Length":16,"Height":40,"Demand":5,"DemandMax":null,"Value":640},{"Length":23,"Height":3,"Demand":10,"DemandMax":null,"Value":69},{"Length":36,"Height":10,"Demand":5,"DemandMax":null,"Value":360},{"Length":44,"Height":19,"Demand":5,"DemandMax":null,"Value":836},{"Length":9,"Height":25,"Demand":10,"DemandMax":null,"Value":225},{"Length":26,"Height":25,"Demand":5,"DemandMax":null,"Value":650},{"Length":3,"Height":23,"Demand":5,"DemandMax":null,"Value":69},{"Length":23,"Height":14,"Demand":5,"DemandMax":null,"Value":322},{"Length":2,"Height":27,"Demand":10,"DemandMax":null,"Value":54},{"Length":101,"Height":2,"Demand":10,"DemandMax":null,"Value":202},{"Length":11,"Height":14,"Demand":10,"DemandMax":null,"Value":154},{"Length":1,"Height":68,"Demand":5,"DemandMax":null,"Value":68},{"Length":40,"Height":3,"Demand":5,"DemandMax":null,"Value":120},{"Length":7,"Height":17,"Demand":5,"DemandMax":null,"Value":119},{"Length":44,"Height":5,"Demand":5,"DemandMax":null,"Value":220},{"Length":40,"Height":1,"Demand":5,"DemandMax":null,"Value":40},{"Length":74,"Height":6,"Demand":5,"DemandMax":null,"Value":444},{"Length":3,"Height":26,"Demand":10,"DemandMax":null,"Value":78},{"Length":7,"Height":44,"Demand":5,"DemandMax":null,"Value":308},{"Length":4,"Height":37,"Demand":10,"DemandMax":null,"Value":148},{"Length":34,"Height":2,"Demand":15,"DemandMax":null,"Value":68},{"Length":21,"Height":4,"Demand":10,"DemandMax":null,"Value":84},{"Length":7,"Height":24,"Demand":10,"DemandMax":null,"Value":168},{"Length":12,"Height":14,"Demand":5,"DemandMax":null,"Value":168},{"Length":22,"Height":24,"Demand":5,"DemandMax":null,"Value":528},{"Length":30,"Height":18,"Demand":5,"DemandMax":null,"Value":540},{"Length":4,"Height":64,"Demand":5,"DemandMax":null,"Value":256},{"Length":19,"Height":5,"Demand":10,"DemandMax":null,"Value":95},{"Length":18,"Height":12,"Demand":5,"DemandMax":null,"Value":216},{"Length":8,"Height":33,"Demand":5,"DemandMax":null,"Value":264},{"Length":76,"Height":2,"Demand":5,"DemandMax":null,"Value":152},{"Length":55,"Height":4,"Demand":10,"DemandMax":null,"Value":220},{"Length":37,"Height":14,"Demand":5,"DemandMax":null,"Value":518},{"Length":30,"Height":41,"Demand":5,"DemandMax":null,"Value":1230},{"Length":9,"Height":28,"Demand":5,"DemandMax":null,"Value":252},{"Length":1,"Height":50,"Demand":5,"DemandMax":null,"Value":50},{"Length":10,"Height":28,"Demand":10,"DemandMax":null,"Value":280},{"Length":65,"Height":2,"Demand":5,"DemandMax":null,"Value":130},{"Length":38,"Height":11,"Demand":5,"DemandMax":null,"Value":418},{"Length":39,"Height":25,"Demand":5,"DemandMax":null,"Value":975},{"Length":7,"Height":30,"Demand":5,"DemandMax":null,"Value":210},{"Length":81,"Height":1,"Demand":5,"DemandMax":null,"Value":81},{"Length":20,"Height":6,"Demand":5,"DemandMax":null,"Value":120},{"Length":8,"Height":17,"Demand":5,"DemandMax":null,"Value":136},{"Length":2,"Height":42,"Demand":10,"DemandMax":null,"Value":84},{"Length":28,"Height":9,"Demand":5,"DemandMax":null,"Value":252},{"Length":4,"Height":22,"Demand":5,"DemandMax":null,"Value":88},{"Length":16,"Height":23,"Demand":5,"DemandMax":null,"Value":368},{"Length":45,"Height":3,"Demand":10,"DemandMax":null,"Value":135},{"Length":11,"Height":9,"Demand":5,"DemandMax":null,"Value":99},{"Length":10,"Height":13,"Demand":5,"DemandMax":null,"Value":130},{"Length":7,"Height":15,"Demand":10,"DemandMax":null,"Value":105},{"Length":23,"Height":9,"Demand":5,"DemandMax":null,"Value":207},{"Length":69,"Height":2,"Demand":5,"DemandMax":null,"Value":138},{"Length":12,"Height":13,"Demand":5,"DemandMax":null,"Value":156},{"Length":4,"Height":31,"Demand":5,"DemandMax":null,"Value":124},{"Length":14,"Height":24,"Demand":5,"DemandMax":null,"Value":336},{"Length":26,"Height":5,"Demand":5,"DemandMax":null,"Value":130},{"Length":1,"Height":100,"Demand":5,"DemandMax":null,"Value":100},{"Length":1,"Height":74,"Demand":5,"DemandMax":null,"Value":74},{"Length":8,"Height":27,"Demand":5,"DemandMax":null,"Value":216},{"Length":17,"Height":8,"Demand":5,"DemandMax":null,"Value":136},{"Length":6,"Height":16,"Demand":5,"DemandMax":null,"Value":96},{"Length":12,"Height":11,"Demand":5,"DemandMax":null,"Value":132},{"Length":15,"Height":17,"Demand":5,"DemandMax":null,"Value":255},{"Length":65,"Height":3,"Demand":5,"DemandMax":null,"Value":195},{"Length":45,"Height":9,"Demand":5,"DemandMax":null,"Value":405},{"Length":1,"Height":57,"Demand":5,"DemandMax":null,"Value":57},{"Length":9,"Height":12,"Demand":5,"DemandMax":null,"Value":108},{"Length":24,"Height":7,"Demand":15,"DemandMax":null,"Value":168},{"Length":17,"Height":12,"Demand":5,"DemandMax":null,"Value":204},{"Length":61,"Height":7,"Demand":5,"DemandMax":null,"Value":427},{"Length":39,"Height":21,"Demand":5,"DemandMax":null,"Value":819},{"Length":39,"Height":7,"Demand":5,"DemandMax":null,"Value":273},{"Length":19,"Height":8,"Demand":5,"DemandMax":null,"Value":152},{"Length":73,"Height":18,"Demand":5,"DemandMax":null,"Value":1314},{"Length":7,"Height":28,"Demand":5,"DemandMax":null,"Value":196},{"Length":22,"Height":6,"Demand":5,"DemandMax":null,"Value":132},{"Length":90,"Height":5,"Demand":5,"DemandMax":null,"Value":450},{"Length":5,"Height":21,"Demand":5,"DemandMax":null,"Value":105},{"Length":78,"Height":2,"Demand":5,"DemandMax":null,"Value":156},{"Length":1,"Height":85,"Demand":5,"DemandMax":null,"Value":85},{"Length":2,"Height":54,"Demand":5,"DemandMax":null,"Value":108},{"Length":13,"Height":11,"Demand":15,"DemandMax":null,"Value":143},{"Length":31,"Height":9,"Demand":5,"DemandMax":null,"Value":279},{"Length":34,"Height":7,"Demand":5,"DemandMax":null,"Value":238},{"Length":3,"Height":24,"Demand":10,"DemandMax":null,"Value":72},{"Length":35,"Height":13,"Demand":5,"DemandMax":null,"Value":455},{"Length":7,"Height":27,"Demand":5,"DemandMax":null,"Value":189},{"Length":5,"Height":41,"Demand":5,"DemandMax":null,"Value":205},{"Length":7,"Height":23,"Demand":5,"DemandMax":null,"Value":161},{"Length":20,"Height":15,"Demand":5,"DemandMax":null,"Value":300},{"Length":106,"Height":4,"Demand":5,"DemandMax":null,"Value":424},{"Length":8,"Height":26,"Demand":5,"DemandMax":null,"Value":208},{"Length":10,"Height":26,"Demand":5,"DemandMax":null,"Value":260},{"Length":21,"Height":11,"Demand":10,"DemandMax":null,"Value":231},{"Length":41,"Height":3,"Demand":5,"DemandMax":null,"Value":123},{"Length":26,"Height":4,"Demand":5,"DemandMax":null,"Value":104},{"Length":48,"Height":4,"Demand":5,"DemandMax":null,"Value":192},{"Length":19,"Height":12,"Demand":5,"DemandMax":null,"Value":228},{"Length":13,"Height":18,"Demand":5,"DemandMax":null,"Value":234},{"Length":14,"Height":22,"Demand":5,"DemandMax":null,"Value":308},{"Length":6,"Height":38,"Demand":5,"DemandMax":null,"Value":228},{"Length":18,"Height":27,"Demand":5,"DemandMax":null,"Value":486},{"Length":1,"Height":44,"Demand":5,"DemandMax":null,"Value":44},{"Length":23,"Height":7,"Demand":5,"DemandMax":null,"Value":161},{"Length":11,"Height":8,"Demand":5,"DemandMax":null,"Value":88},{"Length":53,"Height":2,"Demand":5,"DemandMax":null,"Value":106},{"Length":13,"Height":21,"Demand":5,"DemandMax":null,"Value":273},{"Length":9,"Height":9,"Demand":10,"DemandMax":null,"Value":81},{"Length":33,"Height":7,"Demand":5,"DemandMax":null,"Value":231},{"Length":42,"Height":5,"Demand":5,"DemandMax":null,"Value":210},{"Length":4,"Height":41,"Demand":5,"DemandMax":null,"Value":164},{"Length":38,"Height":4,"Demand":5,"DemandMax":null,"Value":152},{"Length":7,"Height":34,"Demand":5,"DemandMax":null,"Value":238},{"Length":11,"Height":13,"Demand":5,"DemandMax":null,"Value":143},{"Length":37,"Height":3,"Demand":5,"DemandMax":null,"Value":111},{"Length":13,"Height":13,"Demand":5,"DemandMax":null,"Value":169},{"Length":7,"Height":21,"Demand":5,"DemandMax":null,"Value":147},{"Length":84,"Height":6,"Demand":5,"DemandMax":null,"Value":504},{"Length":26,"Height":8,"Demand":5,"DemandMax":null,"Value":208},{"Length":9,"Height":14,"Demand":5,"DemandMax":null,"Value":126},{"Length":7,"Height":16,"Demand":10,"DemandMax":null,"Value":112},{"Length":1,"Height":73,"Demand":5,"DemandMax":null,"Value":73},{"Length":13,"Height":17,"Demand":5,"DemandMax":null,"Value":221},{"Length":14,"Height":23,"Demand":5,"DemandMax":null,"Value":322},{"Length":50,"Height":2,"Demand":5,"DemandMax":null,"Value":100},{"Length":2,"Height":52,"Demand":5,"DemandMax":null,"Value":104},{"Length":2,"Height":64,"Demand":5,"DemandMax":null,"Value":128},{"Length":23,"Height":11,"Demand":5,"DemandMax":null,"Value":253},{"Length":66,"Height":3,"Demand":5,"DemandMax":null,"Value":198},{"Length":36,"Height":4,"Demand":5,"DemandMax":null,"Value":144},{"Length":8,"Height":11,"Demand":5,"DemandMax":null,"Value":88},{"Length":21,"Height":6,"Demand":5,"DemandMax":null,"Value":126},{"Length":20,"Height":11,"Demand":5,"DemandMax":null,"Value":220},{"Length":28,"Height":31,"Demand":5,"DemandMax":null,"Value":868},{"Length":14,"Height":14,"Demand":5,"DemandMax":null,"Value":196},{"Length":15,"Height":7,"Demand":5,"DemandMax":null,"Value":105},{"Length":2,"Height":40,"Demand":5,"DemandMax":null,"Value":80},{"Length":131,"Height":2,"Demand":5,"DemandMax":null,"Value":262},{"Length":24,"Height":5,"Demand":5,"DemandMax":null,"Value":120},{"Length":10,"Height":16,"Demand":5,"DemandMax":null,"Value":160},{"Length":37,"Height":13,"Demand":5,"DemandMax":null,"Value":481},{"Length":43,"Height":5,"Demand":5,"DemandMax":null,"Value":215},{"Length":76,"Height":18,"Demand":5,"DemandMax":null,"Value":1368},{"Length":10,"Height":15,"Demand":5,"DemandMax":null,"Value":150},{"Length":41,"Height":11,"Demand":5,"DemandMax":null,"Value":451},{"Length":12,"Height":19,"Demand":5,"DemandMax":null,"Value":228},{"Length":20,"Height":7,"Demand":5,"DemandMax":null,"Value":140},{"Length":31,"Height":15,"Demand":5,"DemandMax":null,"Value":465},{"Length":2,"Height":45,"Demand":5,"DemandMax":null,"Value":90}]}