{"Name":"zdf10","Objects":[{"Length":6000,"Height":null,"Stock":null,"Cost":null}],"Items":[{"Length":185,"Height":365,"Demand":2,"DemandMax":null,"Value":67525},{"Length":200,"Height":378,"Demand":2,"DemandMax":null,"Value":75600},{"Length":165,"Height":410,"Demand":2,"DemandMax":null,"Value":67650},{"Length":148,"Height":425,"Demand":2,"DemandMax":null,"Value":62900},{"Length":296,"Height":425,"Demand":2,"DemandMax":null,"Value":125800},{"Length":116,"Height":439,"Demand":2,"DemandMax":null,"Value":50924},{"Length":1006,"Height":464,"Demand":2,"DemandMax":null,"Value":466784},{"Length":205,"Height":520,"Demand":2,"DemandMax":null,"Value":106600},{"Length":350,"Height":520,"Demand":2,"DemandMax":null,"Value":182000},{"Length":530,"Height":540,"Demand":2,"DemandMax":null,"Value":286200},{"Length":1413,"Height":549,"Demand":2,"DemandMax":null,"Value":775737},{"Length":1882,"Height":549,"Demand":2,"DemandMax":null,"Value":1033218},{"Length":496,"Height":553,"Demand":2,"DemandMax":null,"Value":274288},{"Length":755,"Height":555,"Demand":2,"DemandMax":null,"Value":419025},{"Length":496,"Height":555,"Demand":2,"DemandMax":null,"Value":275280},{"Length":659,"Height":555,"Demand":2,"DemandMax":null,"Value":365745},{"Length":473,"Height":567,"Demand":2,"DemandMax":null,"Value":268191},{"Length":592,"Height":572,"Demand":2,"DemandMax":null,"Value":338624},{"Length":975,"Height":572,"Demand":2,"DemandMax":null,"Value":557700},{"Length":1175,"Height":572,"Demand":2,"DemandMax":null,"Value":672100},{"Length":1575,"Height":572,"Demand":2,"DemandMax":null,"Value":900900},{"Length":1390,"Height":572,"Demand":2,"DemandMax":null,"Value":795080},{"Length":1490,"Height":572,"Demand":2,"DemandMax":null,"Value":852280},{"Length":1590,"Height":572,"Demand":2,"DemandMax":null,"Value":909480},{"Length":1690,"Height":572,"Demand":2,"DemandMax":null,"Value":966680},{"Length":1890,"Height":572,"Demand":2,"DemandMax":null,"Value":1081080},{"Length":625,"Height":610,"Demand":2,"DemandMax":null,"Value":381250},{"Length":490,"Height":660,"Demand":2,"DemandMax":null,"Value":323400},{"Length":447,"Height":690,"Demand":2,"DemandMax":null,"Value":308430},{"Length":445,"Height":949,"Demand":2,"DemandMax":null,"Value":422305},{"Length":478,"Height":949,"Demand":2,"DemandMax":null,"Value":453622},{"Length":463,"Height":970,"Demand":2,"DemandMax":null,"Value":449110},{"Length":1,"Height":4,"Demand":50,"DemandMax":null,"Value":4},{"Length":37,"Height":65,"Demand":10,"DemandMax":null,"Value":2405},{"Length":2,"Height":5,"Demand":10,"DemandMax":null,"Value":10},{"Length":5,"Height":8,"Demand":10,"DemandMax":null,"Value":40},{"Length":11,"Height":36,"Demand":10,"DemandMax":null,"Value":396},{"Length":1,"Height":2,"Demand":80,"DemandMax":null,"Value":2},{"Length":1,"Height":1,"Demand":80,"DemandMax":null,"Value":1},{"Length":3,"Height":1,"Demand":40,"DemandMax":null,"Value":3},{"Length":1,"Height":38,"Demand":20,"DemandMax":null,"Value":38},{"Length":6,"Height":23,"Demand":10,"DemandMax":null,"Value":138},{"Length":4,"Height":3,"Demand":10,"DemandMax":null,"Value":12},{"Length":20,"Height":1,"Demand":10,"DemandMax":null,"Value":20},{"Length":34,"Height":1,"Demand":10,"DemandMax":null,"Value":34},{"Length":5,"Height":1,"Demand":30,"DemandMax":null,"Value":5},{"Length":1,"Height":22,"Demand":10,"DemandMax":null,"Value":22},{"Length":1,"Height":20,"Demand":20,"DemandMax":null,"Value":20},{"Length":21,"Height":1,"Demand":40,"DemandMax":null,"Value":21},{"Length":2,"Height":22,"Demand":20,"DemandMax":null,"Value":44},{"Length":5,"Height":3,"Demand":10,"DemandMax":null,"Value":15},{"Length":12,"Height":1,"Demand":50,"DemandMax":null,"Value":12},{"Length":2,"Height":6,"Demand":60,"DemandMax":null,"Value":12},{"Length":8,"Height":32,"Demand":10,"DemandMax":null,"Value":256},{"Length":26,"Height":120,"Demand":10,"DemandMax":null,"Value":3120},{"Length":2,"Height":8,"Demand":20,"DemandMax":null,"Value":16},{"Length":20,"Height":11,"Demand":10,"DemandMax":null,"Value":220},{"Length":5,"Height":31,"Demand":10,"DemandMax":null,"Value":155},{"Length":23,"Height":3,"Demand":10,"DemandMax":null,"Value":69},{"Length":14,"Height":4,"Demand":10,"DemandMax":null,"Value":56},{"Length":1,"Height":7,"Demand":20,"DemandMax":null,"Value":7},{"Length":1,"Height":3,"Demand":50,"DemandMax":null,"Value":3},{"Length":47,"Height":42,"Demand":10,"DemandMax":null,"Value":1974},{"Length":1,"Height":45,"Demand":10,"DemandMax":null,"Value":45},{"Length":5,"Height":11,"Demand":20,"DemandMax":null,"Value":55},{"Length":16,"Height":11,"Demand":10,"DemandMax":null,"Value":176},{"Length":10,"Height":1,"Demand":40,"DemandMax":null,"Value":10},{"Length":4,"Height":10,"Demand":10,"DemandMax":null,"Value":40},{"Length":51,"Height":61,"Demand":10,"DemandMax":null,"Value":3111},{"Length":49,"Height":127,"Demand":10,"DemandMax":null,"Value":6223},{"Length":63,"Height":7,"Demand":20,"DemandMax":null,"Value":441},{"Length":8,"Height":1,"Demand":20,"DemandMax":null,"Value":8},{"Length":18,"Height":2,"Demand":10,"DemandMax":null,"Value":36},{"Length":22,"Height":7,"Demand":10,"DemandMax":null,"Value":154},{"Length":50,"Height":49,"Demand":10,"DemandMax":null,"Value":2450},{"Length":25,"Height":57,"Demand":10,"DemandMax":null,"Value":1425},{"Length":6,"Height":2,"Demand":20,"DemandMax":null,"Value":12},{"Length":5,"Height":29,"Demand":10,"DemandMax":null,"Value":145},{"Length":29,"Height":2,"Demand":10,"DemandMax":null,"Value":58},{"Length":2,"Height":1,"Demand":30,"DemandMax":null,"Value":2},{"Length":7,"Height":43,"Demand":10,"DemandMax":null,"Value":301},{"Length":38,"Height":69,"Demand":10,"DemandMax":null,"Value":2622},{"Length":3,"Height":24,"Demand":10,"DemandMax":null,"Value":72},{"Length":7,"Height":8,"Demand":20,"DemandMax":null,"Value":56},{"Length":28,"Height":4,"Demand":10,"DemandMax":null,"Value":112},{"Length":34,"Height":20,"Demand":10,"DemandMax":null,"Value":680},{"Length":29,"Height":1,"Demand":10,"DemandMax":null,"Value":29},{"Length":4,"Height":2,"Demand":60,"DemandMax":null,"Value":8},{"Length":3,"Height":49,"Demand":10,"DemandMax":null,"Value":147},{"Length":1,"Height":64,"Demand":10,"DemandMax":null,"Value":64},{"Length":2,"Height":2,"Demand":30,"DemandMax":null,"Value":4},{"Length":82,"Height":3,"Demand":10,"DemandMax":null,"Value":246},{"Length":6,"Height":1,"Demand":40,"DemandMax":null,"Value":6},{"Length":6,"Height":15,"Demand":10,"DemandMax":null,"Value":90},{"Length":1,"Height":156,"Demand":20,"DemandMax":null,"Value":156},{"Length":1,"Height":8,"Demand":30,"DemandMax":null,"Value":8},{"Length":1,"Height":35,"Demand":10,"DemandMax":null,"Value":35},{"Length":4,"Height":5,"Demand":20,"DemandMax":null,"Value":20},{"Length":20,"Height":3,"Demand":10,"DemandMax":null,"Value":60},{"Length":11,"Height":1,"Demand":10,"DemandMax":null,"Value":11},{"Length":17,"Height":11,"Demand":20,"DemandMax":null,"Value":187},{"Length":1,"Height":10,"Demand":40,"DemandMax":null,"Value":10},{"Length":1,"Height":76,"Demand":30,"DemandMax":null,"Value":76},{"Length":64,"Height":11,"Demand":10,"DemandMax":null,"Value":704},{"Length":2,"Height":14,"Demand":10,"DemandMax":null,"Value":28},{"Length":4,"Height":9,"Demand":20,"DemandMax":null,"Value":36},{"Length":13,"Height":1,"Demand":30,"DemandMax":null,"Value":13},{"Length":14,"Height":5,"Demand":10,"DemandMax":null,"Value":70},{"Length":2,"Height":47,"Demand":20,"DemandMax":null,"Value":94},{"Length":5,"Height":25,"Demand":10,"DemandMax":null,"Value":125},{"Length":1,"Height":52,"Demand":10,"DemandMax":null,"Value":52},{"Length":5,"Height":2,"Demand":40,"DemandMax":null,"Value":10},{"Length":25,"Height":3,"Demand":30,"DemandMax":null,"Value":75},{"Length":40,"Height":8,"Demand":10,"DemandMax":null,"Value":320},{"Length":1,"Height":16,"Demand":10,"DemandMax":null,"Value":16},{"Length":9,"Height":17,"Demand":10,"DemandMax":null,"Value":153},{"Length":66,"Height":2,"Demand":10,"DemandMax":null,"Value":132},{"Length":2,"Height":3,"Demand":20,"DemandMax":null,"Value":6},{"Length":4,"Height":1,"Demand":30,"DemandMax":null,"Value":4},{"Length":9,"Height":100,"Demand":10,"DemandMax":null,"Value":900},{"Length":3,"Height":35,"Demand":10,"DemandMax":null,"Value":105},{"Length":38,"Height":1,"Demand":10,"DemandMax":null,"Value":38},{"Length":6,"Height":4,"Demand":10,"DemandMax":null,"Value":24},{"Length":20,"Height":2,"Demand":20,"DemandMax":null,"Value":40},{"Length":21,"Height":4,"Demand":30,"DemandMax":null,"Value":84},{"Length":69,"Height":25,"Demand":10,"DemandMax":null,"Value":1725},{"Length":5,"Height":9,"Demand":10,"DemandMax":null,"Value":45},{"Length":40,"Height":9,"Demand":10,"DemandMax":null,"Value":360},{"Length":8,"Height":11,"Demand":10,"DemandMax":null,"Value":88},{"Length":12,"Height":2,"Demand":30,"DemandMax":null,"Value":24},{"Length":3,"Height":21,"Demand":10,"DemandMax":null,"Value":63},{"Length":31,"Height":6,"Demand":10,"DemandMax":null,"Value":186},{"Length":2,"Height":65,"Demand":10,"DemandMax":null,"Value":130},{"Length":44,"Height":12,"Demand":10,"DemandMax":null,"Value":528},{"Length":40,"Height":1,"Demand":10,"DemandMax":null,"Value":40},{"Length":26,"Height":5,"Demand":10,"DemandMax":null,"Value":130},{"Length":7,"Height":13,"Demand":10,"DemandMax":null,"Value":91},{"Length":10,"Height":2,"Demand":10,"DemandMax":null,"Value":20},{"Length":86,"Height":16,"Demand":10,"DemandMax":null,"Value":1376},{"Length":29,"Height":8,"Demand":10,"DemandMax":null,"Value":232},{"Length":32,"Height":1,"Demand":20,"DemandMax":null,"Value":32},{"Length":10,"Height":7,"Demand":30,"DemandMax":null,"Value":70},{"Length":5,"Height":28,"Demand":10,"DemandMax":null,"Value":140},{"Length":28,"Height":138,"Demand":10,"DemandMax":null,"Value":3864},{"Length":71,"Height":2,"Demand":10,"DemandMax":null,"Value":142},{"Length":9,"Height":1,"Demand":30,"DemandMax":null,"Value":9},{"Length":1,"Height":30,"Demand":10,"DemandMax":null,"Value":30},{"Length":1,"Height":17,"Demand":10,"DemandMax":null,"Value":17},{"Length":65,"Height":1,"Demand":10,"DemandMax":null,"Value":65},{"Length":2,"Height":94,"Demand":10,"DemandMax":null,"Value":188},{"Length":12,"Height":48,"Demand":10,"DemandMax":null,"Value":576},{"Length":20,"Height":33,"Demand":10,"DemandMax":null,"Value":660},{"Length":50,"Height":50,"Demand":10,"DemandMax":null,"Value":2500},{"Length":16,"Height":16,"Demand":10,"DemandMax":null,"Value":256},{"Length":56,"Height":7,"Demand":10,"DemandMax":null,"Value":392},{"Length":34,"Height":13,"Demand":10,"DemandMax":null,"Value":442},{"Length":16,"Height":22,"Demand":10,"DemandMax":null,"Value":352},{"Length":15,"Height":3,"Demand":10,"DemandMax":null,"Value":45},{"Length":3,"Height":11,"Demand":20,"DemandMax":null,"Value":33},{"Length":3,"Height":36,"Demand":10,"DemandMax":null,"Value":108},{"Length":51,"Height":18,"Demand":10,"DemandMax":null,"Value":918},{"Length":23,"Height":15,"Demand":10,"DemandMax":null,"Value":345},{"Length":15,"Height":1,"Demand":30,"DemandMax":null,"Value":15},{"Length":6,"Height":11,"Demand":10,"DemandMax":null,"Value":66},{"Length":34,"Height":28,"Demand":10,"DemandMax":null,"Value":952},{"Length":6,"Height":38,"Demand":20,"DemandMax":null,"Value":228},{"Length":27,"Height":3,"Demand":10,"DemandMax":null,"Value":81},{"Length":24,"Height":13,"Demand":10,"DemandMax":null,"Value":312},{"Length":33,"Height":44,"Demand":10,"DemandMax":null,"Value":1452},{"Length":5,"Height":218,"Demand":10,"DemandMax":null,"Value":1090},{"Length":105,"Height":11,"Demand":10,"DemandMax":null,"Value":1155},{"Length":63,"Height":1,"Demand":10,"DemandMax":null,"Value":63},{"Length":57,"Height":1,"Demand":10,"DemandMax":null,"Value":57},{"Length":14,"Height":9,"Demand":10,"DemandMax":null,"Value":126},{"Length":7,"Height":36,"Demand":10,"DemandMax":null,"Value":252},{"Length":72,"Height":60,"Demand":10,"DemandMax":null,"Value":4320},{"Length":25,"Height":6,"Demand":20,"DemandMax":null,"Value":150},{"Length":41,"Height":29,"Demand":10,"DemandMax":null,"Value":1189},{"Length":19,"Height":1,"Demand":20,"DemandMax":null,"Value":19},{"Length":116,"Height":3,"Demand":10,"DemandMax":null,"Value":348},{"Length":102,"Height":16,"Demand":10,"DemandMax":null,"Value":1632},{"Length":15,"Height":8,"Demand":10,"DemandMax":null,"Value":120},{"Length":19,"Height":3,"Demand":20,"DemandMax":null,"Value":57},{"Length":22,"Height":18,"Demand":10,"DemandMax":null,"Value":396},{"Length":11,"Height":42,"Demand":10,"DemandMax":null,"Value":462},{"Length":5,"Height":7,"Demand":10,"DemandMax":null,"Value":35},{"Length":30,"Height":7,"Demand":10,"DemandMax":null,"Value":210},{"Length":22,"Height":4,"Demand":30,"DemandMax":null,"Value":88},{"Length":59,"Height":3,"Demand":10,"DemandMax":null,"Value":177},{"Length":47,"Height":2,"Demand":10,"DemandMax":null,"Value":94},{"Length":2,"Height":7,"Demand":20,"DemandMax":null,"Value":14},{"Length":1,"Height":15,"Demand":10,"DemandMax":null,"Value":15},{"Length":8,"Height":48,"Demand":10,"DemandMax":null,"Value":384},{"Length":11,"Height":9,"Demand":10,"DemandMax":null,"Value":99},{"Length":28,"Height":1,"Demand":10,"DemandMax":null,"Value":28},{"Length":12,"Height":17,"Demand":10,"DemandMax":null,"Value":204},{"Length":78,"Height":3,"Demand":10,"DemandMax":null,"Value":234},{"Length":13,"Height":55,"Demand":10,"DemandMax":null,"Value":715},{"Length":55,"Height":74,"Demand":10,"DemandMax":null,"Value":4070},{"Length":24,"Height":12,"Demand":10,"DemandMax":null,"Value":288},{"Length":21,"Height":2,"Demand":10,"DemandMax":null,"Value":42},{"Length":7,"Height":2,"Demand":20,"DemandMax":null,"Value":14},{"Length":42,"Height":24,"Demand":10,"DemandMax":null,"Value":1008},{"Length":31,"Height":7,"Demand":10,"DemandMax":null,"Value":217},{"Length":10,"Height":6,"Demand":10,"DemandMax":null,"Value":60},{"Length":52,"Height":19,"Demand":10,"DemandMax":null,"Value":988},{"Length":40,"Height":3,"Demand":10,"DemandMax":null,"Value":120},{"Length":73,"Height":1,"Demand":10,"DemandMax":null,"Value":73},{"Length":12,"Height":5,"Demand":10,"DemandMax":null,"Value":60},{"Length":53,"Height":14,"Demand":10,"DemandMax":null,"Value":742},{"Length":29,"Height":55,"Demand":10,"DemandMax":null,"Value":1595},{"Length":73,"Height":46,"Demand":10,"DemandMax":null,"Value":3358},{"Length":97,"Height":1,"Demand":10,"DemandMax":null,"Value":97},{"Length":3,"Height":6,"Demand":20,"DemandMax":null,"Value":18},{"Length":11,"Height":22,"Demand":10,"DemandMax":null,"Value":242},{"Length":80,"Height":18,"Demand":10,"DemandMax":null,"Value":1440},{"Length":56,"Height":15,"Demand":10,"DemandMax":null,"Value":840},{"Length":51,"Height":71,"Demand":10,"DemandMax":null,"Value":3621},{"Length":53,"Height":15,"Demand":10,"DemandMax":null,"Value":795},{"Length":43,"Height":14,"Demand":10,"DemandMax":null,"Value":602},{"Length":7,"Height":4,"Demand":20,"DemandMax":null,"Value":28},{"Length":106,"Height":9,"Demand":10,"DemandMax":null,"Value":954},{"Length":8,"Height":3,"Demand":10,"DemandMax":null,"Value":24},{"Length":125,"Height":2,"Demand":10,"DemandMax":null,"Value":250},{"Length":16,"Height":1,"Demand":10,"DemandMax":null,"Value":16},{"Length":12,"Height":12,"Demand":10,"DemandMax":null,"Value":144},{"Length":5,"Height":18,"Demand":10,"DemandMax":null,"Value":90},{"Length":14,"Height":158,"Demand":10,"DemandMax":null,"Value":2212},{"Length":32,"Height":2,"Demand":10,"DemandMax":null,"Value":64},{"Length":11,"Height":3,"Demand":20,"DemandMax":null,"Value":33},{"Length":1,"Height":57,"Demand":10,"DemandMax":null,"Value":57},{"Length":43,"Height":9,"Demand":10,"DemandMax":null,"Value":387},{"Length":1,"Height":108,"Demand":10,"DemandMax":null,"Value":108},{"Length":2,"Height":32,"Demand":10,"DemandMax":null,"Value":64},{"Length":14,"Height":16,"Demand":10,"DemandMax":null,"Value":224},{"Length":63,"Height":3,"Demand":10,"DemandMax":null,"Value":189},{"Length":2,"Height":12,"Demand":10,"DemandMax":null,"Value":24},{"Length":7,"Height":7,"Demand":10,"DemandMax":null,"Value":49},{"Length":24,"Height":23,"Demand":10,"DemandMax":null,"Value":552},{"Length":1,"Height":6,"Demand":40,"DemandMax":null,"Value":6},{"Length":5,"Height":20,"Demand":10,"DemandMax":null,"Value":100},{"Length":48,"Height":13,"Demand":10,"DemandMax":null,"Value":624},{"Length":9,"Height":3,"Demand":20,"DemandMax":null,"Value":27},{"Length":209,"Height":10,"Demand":10,"DemandMax":null,"Value":2090},{"Length":57,"Height":47,"Demand":10,"DemandMax":null,"Value":2679},{"Length":88,"Height":3,"Demand":10,"DemandMax":null,"Value":264},{"Length":32,"Height":6,"Demand":10,"DemandMax":null,"Value":192},{"Length":89,"Height":15,"Demand":10,"DemandMax":null,"Value":1335},{"Length":29,"Height":171,"Demand":10,"DemandMax":null,"Value":4959},{"Length":8,"Height":15,"Demand":10,"DemandMax":null,"Value":120},{"Length":6,"Height":43,"Demand":10,"DemandMax":null,"Value":258},{"Length":46,"Height":1,"Demand":10,"DemandMax":null,"Value":46},{"Length":7,"Height":27,"Demand":10,"DemandMax":null,"Value":189},{"Length":71,"Height":19,"Demand":10,"DemandMax":null,"Value":1349},{"Length":62,"Height":90,"Demand":10,"DemandMax":null,"Value":5580},{"Length":53,"Height":10,"Demand":10,"DemandMax":null,"Value":530},{"Length":56,"Height":11,"Demand":10,"DemandMax":null,"Value":616},{"Length":81,"Height":12,"Demand":10,"DemandMax":null,"Value":972},{"Length":9,"Height":5,"Demand":10,"DemandMax":null,"Value":45},{"Length":30,"Height":2,"Demand":10,"DemandMax":null,"Value":60},{"Length":1,"Height":159,"Demand":10,"DemandMax":null,"Value":159},{"Length":22,"Height":3,"Demand":20,"DemandMax":null,"Value":66},{"Length":83,"Height":9,"Demand":10,"DemandMax":null,"Value":747},{"Length":15,"Height":10,"Demand":10,"DemandMax":null,"Value":150},{"Length":2,"Height":41,"Demand":10,"DemandMax":null,"Value":82},{"Length":12,"Height":24,"Demand":10,"DemandMax":null,"Value":288},{"Length":44,"Height":1,"Demand":10,"DemandMax":null,"Value":44},{"Length":48,"Height":2,"Demand":10,"DemandMax":null,"Value":96},{"Length":1,"Height":9,"Demand":10,"DemandMax":null,"Value":9},{"Length":2,"Height":202,"Demand":10,"DemandMax":null,"Value":404},{"Length":100,"Height":44,"Demand":10,"DemandMax":null,"Value":4400},{"Length":3,"Height":15,"Demand":10,"DemandMax":null,"Value":45},{"Length":22,"Height":49,"Demand":10,"DemandMax":null,"Value":1078},{"Length":35,"Height":3,"Demand":10,"DemandMax":null,"Value":105},{"Length":5,"Height":74,"Demand":10,"DemandMax":null,"Value":370},{"Length":38,"Height":23,"Demand":10,"DemandMax":null,"Value":874},{"Length":17,"Height":9,"Demand":10,"DemandMax":null,"Value":153},{"Length":47,"Height":68,"Demand":10,"DemandMax":null,"Value":3196},{"Length":1,"Height":164,"Demand":10,"DemandMax":null,"Value":164},{"Length":25,"Height":12,"Demand":10,"DemandMax":null,"Value":300},{"Length":70,"Height":5,"Demand":10,"DemandMax":null,"Value":350},{"Length":3,"Height":4,"Demand":10,"DemandMax":null,"Value":12},{"Length":5,"Height":6,"Demand":10,"DemandMax":null,"Value":30},{"Length":191,"Height":19,"Demand":10,"DemandMax":null,"Value":3629},{"Length":23,"Height":31,"Demand":10,"DemandMax":null,"Value":713},{"Length":23,"Height":2,"Demand":10,"DemandMax":null,"Value":46},{"Length":55,"Height":2,"Demand":10,"DemandMax":null,"Value":110},{"Length":69,"Height":9,"Demand":10,"DemandMax":null,"Value":621},{"Length":5,"Height":71,"Demand":10,"DemandMax":null,"Value":355},{"Length":40,"Height":39,"Demand":10,"DemandMax":null,"Value":1560},{"Length":12,"Height":4,"Demand":10,"DemandMax":null,"Value":48},{"Length":3,"Height":7,"Demand":10,"DemandMax":null,"Value":21},{"Length":63,"Height":36,"Demand":10,"DemandMax":null,"Value":2268},{"Length":5,"Height":59,"Demand":10,"DemandMax":null,"Value":295},{"Length":31,"Height":15,"Demand":10,"DemandMax":null,"Value":465},{"Length":44,"Height":14,"Demand":10,"DemandMax":null,"Value":616},{"Length":40,"Height":14,"Demand":10,"DemandMax":null,"Value":560},{"Length":13,"Height":12,"Demand":10,"DemandMax":null,"Value":156},{"Length":26,"Height":2,"Demand":10,"DemandMax":null,"Value":52},{"Length":7,"Height":54,"Demand":10,"DemandMax":null,"Value":378},{"Length":86,"Height":32,"Demand":10,"DemandMax":null,"Value":2752},{"Length":29,"Height":12,"Demand":10,"DemandMax":null,"Value":348},{"Length":10,"Height":5,"Demand":20,"DemandMax":null,"Value":50},{"Length":5,"Height":10,"Demand":30,"DemandMax":null,"Value":50},{"Length":28,"Height":43,"Demand":10,"DemandMax":null,"Value":1204},{"Length":71,"Height":1,"Demand":10,"DemandMax":null,"Value":71},{"Length":1,"Height":49,"Demand":10,"DemandMax":null,"Value":49},{"Length":1,"Height":13,"Demand":10,"DemandMax":null,"Value":13},{"Length":65,"Height":9,"Demand":10,"DemandMax":null,"Value":585},{"Length":2,"Height":34,"Demand":10,"DemandMax":null,"Value":68},{"Length":12,"Height":6,"Demand":10,"DemandMax":null,"Value":72},{"Length":20,"Height":15,"Demand":10,"DemandMax":null,"Value":300},{"Length":50,"Height":73,"Demand":10,"DemandMax":null,"Value":3650},{"Length":16,"Height":4,"Demand":20,"DemandMax":null,"Value":64},{"Length":56,"Height":4,"Demand":10,"DemandMax":null,"Value":224},{"Length":34,"Height":25,"Demand":10,"DemandMax":null,"Value":850},{"Length":3,"Height":2,"Demand":10,"DemandMax":null,"Value":6},{"Length":51,"Height":13,"Demand":10,"DemandMax":null,"Value":663},{"Length":23,"Height":9,"Demand":10,"DemandMax":null,"Value":207},{"Length":34,"Height":43,"Demand":10,"DemandMax":null,"Value":1462},{"Length":6,"Height":136,"Demand":10,"DemandMax":null,"Value":816},{"Length":27,"Height":7,"Demand":10,"DemandMax":null,"Value":189},{"Length":33,"Height":20,"Demand":10,"DemandMax":null,"Value":660},{"Length":105,"Height":6,"Demand":10,"DemandMax":null,"Value":630},{"Length":6,"Height":34,"Demand":10,"DemandMax":null,"Value":204},{"Length":63,"Height":2,"Demand":10,"DemandMax":null,"Value":126},{"Length":14,"Height":2,"Demand":20,"DemandMax":null,"Value":28},{"Length":7,"Height":34,"Demand":10,"DemandMax":null,"Value":238},{"Length":72,"Height":28,"Demand":10,"DemandMax":null,"Value":2016},{"Length":25,"Height":92,"Demand":10,"DemandMax":null,"Value":2300},{"Length":41,"Height":2,"Demand":10,"DemandMax":null,"Value":82},{"Length":2,"Height":11,"Demand":10,"DemandMax":null,"Value":22},{"Length":116,"Height":4,"Demand":10,"DemandMax":null,"Value":464},{"Length":102,"Height":35,"Demand":10,"DemandMax":null,"Value":3570},{"Length":1,"Height":147,"Demand":10,"DemandMax":null,"Value":147},{"Length":15,"Height":4,"Demand":10,"DemandMax":null,"Value":60},{"Length":19,"Height":8,"Demand":10,"DemandMax":null,"Value":152},{"Length":11,"Height":136,"Demand":10,"DemandMax":null,"Value":1496},{"Length":5,"Height":42,"Demand":10,"DemandMax":null,"Value":210},{"Length":30,"Height":52,"Demand":10,"DemandMax":null,"Value":1560},{"Length":59,"Height":1,"Demand":10,"DemandMax":null,"Value":59},{"Length":47,"Height":1,"Demand":10,"DemandMax":null,"Value":47},{"Length":8,"Height":7,"Demand":10,"DemandMax":null,"Value":56},{"Length":11,"Height":20,"Demand":10,"DemandMax":null,"Value":220},{"Length":10,"Height":10,"Demand":10,"DemandMax":null,"Value":100},{"Length":12,"Height":33,"Demand":10,"DemandMax":null,"Value":396},{"Length":78,"Height":5,"Demand":10,"DemandMax":null,"Value":390},{"Length":13,"Height":44,"Demand":10,"DemandMax":null,"Value":572},{"Length":55,"Height":1,"Demand":10,"DemandMax":null,"Value":55},{"Length":24,"Height":7,"Demand":10,"DemandMax":null,"Value":168},{"Length":7,"Height":1,"Demand":30,"DemandMax":null,"Value":7},{"Length":42,"Height":52,"Demand":10,"DemandMax":null,"Value":2184},{"Length":31,"Height":22,"Demand":10,"DemandMax":null,"Value":682},{"Length":1,"Height":5,"Demand":10,"DemandMax":null,"Value":5},{"Length":25,"Height":1,"Demand":10,"DemandMax":null,"Value":25},{"Length":52,"Height":100,"Demand":10,"DemandMax":null,"Value":5200},{"Length":40,"Height":63,"Demand":10,"DemandMax":null,"Value":2520},{"Length":53,"Height":20,"Demand":10,"DemandMax":null,"Value":1060},{"Length":29,"Height":25,"Demand":10,"DemandMax":null,"Value":725},{"Length":73,"Height":2,"Demand":10,"DemandMax":null,"Value":146},{"Length":11,"Height":6,"Demand":10,"DemandMax":null,"Value":66},{"Length":80,"Height":25,"Demand":10,"DemandMax":null,"Value":2000},{"Length":56,"Height":6,"Demand":10,"DemandMax":null,"Value":336},{"Length":51,"Height":1,"Demand":10,"DemandMax":null,"Value":51},{"Length":53,"Height":11,"Demand":10,"DemandMax":null,"Value":583},{"Length":43,"Height":1,"Demand":10,"DemandMax":null,"Value":43},{"Length":106,"Height":4,"Demand":10,"DemandMax":null,"Value":424},{"Length":88,"Height":65,"Demand":10,"DemandMax":null,"Value":5720},{"Length":11,"Height":8,"Demand":10,"DemandMax":null,"Value":88},{"Length":1,"Height":36,"Demand":10,"DemandMax":null,"Value":36},{"Length":8,"Height":23,"Demand":10,"DemandMax":null,"Value":184},{"Length":52,"Height":1,"Demand":20,"DemandMax":null,"Value":52},{"Length":22,"Height":1,"Demand":10,"DemandMax":null,"Value":22},{"Length":36,"Height":3,"Demand":10,"DemandMax":null,"Value":108},{"Length":6,"Height":32,"Demand":10,"DemandMax":null,"Value":192},{"Length":37,"Height":120,"Demand":10,"DemandMax":null,"Value":4440},{"Length":2,"Height":31,"Demand":10,"DemandMax":null,"Value":62},{"Length":39,"Height":42,"Demand":10,"DemandMax":null,"Value":1638},{"Length":32,"Height":11,"Demand":10,"DemandMax":null,"Value":352},{"Length":158,"Height":61,"Demand":10,"DemandMax":null,"Value":9638},{"Length":8,"Height":127,"Demand":10,"DemandMax":null,"Value":1016},{"Length":25,"Height":7,"Demand":10,"DemandMax":null,"Value":175},{"Length":9,"Height":2,"Demand":10,"DemandMax":null,"Value":18},{"Length":39,"Height":49,"Demand":10,"DemandMax":null,"Value":1911},{"Length":4,"Height":57,"Demand":10,"DemandMax":null,"Value":228},{"Length":1,"Height":29,"Demand":10,"DemandMax":null,"Value":29},{"Length":17,"Height":2,"Demand":10,"DemandMax":null,"Value":34},{"Length":33,"Height":69,"Demand":10,"DemandMax":null,"Value":2277},{"Length":2,"Height":24,"Demand":10,"DemandMax":null,"Value":48},{"Length":55,"Height":8,"Demand":10,"DemandMax":null,"Value":440},{"Length":25,"Height":4,"Demand":10,"DemandMax":null,"Value":100},{"Length":22,"Height":20,"Demand":10,"DemandMax":null,"Value":440},{"Length":27,"Height":49,"Demand":10,"DemandMax":null,"Value":1323},{"Length":5,"Height":15,"Demand":10,"DemandMax":null,"Value":75},{"Length":11,"Height":35,"Demand":10,"DemandMax":null,"Value":385},{"Length":5,"Height":5,"Demand":10,"DemandMax":null,"Value":25},{"Length":24,"Height":3,"Demand":10,"DemandMax":null,"Value":72},{"Length":37,"Height":1,"Demand":10,"DemandMax":null,"Value":37},{"Length":4,"Height":11,"Demand":10,"DemandMax":null,"Value":44},{"Length":36,"Height":11,"Demand":10,"DemandMax":null,"Value":396},{"Length":1,"Height":14,"Demand":10,"DemandMax":null,"Value":14},{"Length":21,"Height":5,"Demand":10,"DemandMax":null,"Value":105},{"Length":37,"Height":52,"Demand":10,"DemandMax":null,"Value":1924},{"Length":16,"Height":10,"Demand":10,"DemandMax":null,"Value":160},{"Length":16,"Height":17,"Demand":10,"DemandMax":null,"Value":272},{"Length":182,"Height":100,"Demand":10,"DemandMax":null,"Value":18200},{"Length":20,"Height":35,"Demand":10,"DemandMax":null,"Value":700},{"Length":17,"Height":4,"Demand":10,"DemandMax":null,"Value":68},{"Length":34,"Height":4,"Demand":10,"DemandMax":null,"Value":136}]}