{"Name":"zdf14","Objects":[{"Length":3000,"Height":null,"Stock":null,"Cost":null}],"Items":[{"Length":185,"Height":365,"Demand":1,"DemandMax":null,"Value":67525},{"Length":200,"Height":378,"Demand":1,"DemandMax":null,"Value":75600},{"Length":165,"Height":410,"Demand":1,"DemandMax":null,"Value":67650},{"Length":148,"Height":425,"Demand":1,"DemandMax":null,"Value":62900},{"Length":296,"Height":425,"Demand":1,"DemandMax":null,"Value":125800},{"Length":116,"Height":439,"Demand":1,"DemandMax":null,"Value":50924},{"Length":1006,"Height":464,"Demand":1,"DemandMax":null,"Value":466784},{"Length":205,"Height":520,"Demand":1,"DemandMax":null,"Value":106600},{"Length":350,"Height":520,"Demand":1,"DemandMax":null,"Value":182000},{"Length":530,"Height":540,"Demand":1,"DemandMax":null,"Value":286200},{"Length":1413,"Height":549,"Demand":1,"DemandMax":null,"Value":775737},{"Length":1882,"Height":549,"Demand":1,"DemandMax":null,"Value":1033218},{"Length":496,"Height":553,"Demand":1,"DemandMax":null,"Value":274288},{"Length":755,"Height":555,"Demand":1,"DemandMax":null,"Value":419025},{"Length":496,"Height":555,"Demand":1,"DemandMax":null,"Value":275280},{"Length":659,"Height":555,"Demand":1,"DemandMax":null,"Value":365745},{"Length":473,"Height":567,"Demand":1,"DemandMax":null,"Value":268191},{"Length":592,"Height":572,"Demand":1,"DemandMax":null,"Value":338624},{"Length":975,"Height":572,"Demand":1,"DemandMax":null,"Value":557700},{"Length":1175,"Height":572,"Demand":1,"DemandMax":null,"Value":672100},{"Length":1575,"Height":572,"Demand":1,"DemandMax":null,"Value":900900},{"Length":1390,"Height":572,"Demand":1,"DemandMax":null,"Value":795080},{"Length":1490,"Height":572,"Demand":1,"DemandMax":null,"Value":852280},{"Length":1590,"Height":572,"Demand":1,"DemandMax":null,"Value":909480},{"Length":1690,"Height":572,"Demand":1,"DemandMax":null,"Value":966680},{"Length":1890,"Height":572,"Demand":1,"DemandMax":null,"Value":1081080},{"Length":625,"Height":610,"Demand":1,"DemandMax":null,"Value":381250},{"Length":490,"Height":660,"Demand":1,"DemandMax":null,"Value":323400},{"Length":447,"Height":690,"Demand":1,"DemandMax":null,"Value":308430},{"Length":445,"Height":949,"Demand":1,"DemandMax":null,"Value":422305},{"Length":478,"Height":949,"Demand":1,"DemandMax":null,"Value":453622},{"Length":463,"Height":970,"Demand":1,"DemandMax":null,"Value":449110},{"Length":3,"Height":2,"Demand":355,"DemandMax":null,"Value":6},{"Length":1,"Height":1,"Demand":3145,"DemandMax":null,"Value":1},{"Length":6,"Height":1,"Demand":190,"DemandMax":null,"Value":6},{"Length":3,"Height":1,"Demand":830,"DemandMax":null,"Value":3},{"Length":2,"Height":3,"Demand":380,"DemandMax":null,"Value":6},{"Length":1,"Height":2,"Demand":1240,"DemandMax":null,"Value":2},{"Length":2,"Height":1,"Demand":1250,"DemandMax":null,"Value":2},{"Length":5,"Height":1,"Demand":350,"DemandMax":null,"Value":5},{"Length":32,"Height":3,"Demand":15,"DemandMax":null,"Value":96},{"Length":1,"Height":4,"Demand":590,"DemandMax":null,"Value":4},{"Length":6,"Height":2,"Demand":125,"DemandMax":null,"Value":12},{"Length":1,"Height":13,"Demand":125,"DemandMax":null,"Value":13},{"Length":1,"Height":9,"Demand":290,"DemandMax":null,"Value":9},{"Length":1,"Height":7,"Demand":260,"DemandMax":null,"Value":7},{"Length":41,"Height":1,"Demand":15,"DemandMax":null,"Value":41},{"Length":5,"Height":2,"Demand":170,"DemandMax":null,"Value":10},{"Length":14,"Height":9,"Demand":10,"DemandMax":null,"Value":126},{"Length":2,"Height":2,"Demand":580,"DemandMax":null,"Value":4},{"Length":58,"Height":1,"Demand":5,"DemandMax":null,"Value":58},{"Length":1,"Height":6,"Demand":365,"DemandMax":null,"Value":6},{"Length":1,"Height":22,"Demand":95,"DemandMax":null,"Value":22},{"Length":4,"Height":1,"Demand":435,"DemandMax":null,"Value":4},{"Length":1,"Height":3,"Demand":770,"DemandMax":null,"Value":3},{"Length":6,"Height":5,"Demand":30,"DemandMax":null,"Value":30},{"Length":7,"Height":1,"Demand":155,"DemandMax":null,"Value":7},{"Length":10,"Height":11,"Demand":15,"DemandMax":null,"Value":110},{"Length":1,"Height":25,"Demand":45,"DemandMax":null,"Value":25},{"Length":18,"Height":1,"Demand":75,"DemandMax":null,"Value":18},{"Length":4,"Height":2,"Demand":190,"DemandMax":null,"Value":8},{"Length":24,"Height":7,"Demand":5,"DemandMax":null,"Value":168},{"Length":7,"Height":3,"Demand":55,"DemandMax":null,"Value":21},{"Length":8,"Height":7,"Demand":25,"DemandMax":null,"Value":56},{"Length":4,"Height":4,"Demand":110,"DemandMax":null,"Value":16},{"Length":1,"Height":5,"Demand":385,"DemandMax":null,"Value":5},{"Length":2,"Height":8,"Demand":160,"DemandMax":null,"Value":16},{"Length":1,"Height":10,"Demand":220,"DemandMax":null,"Value":10},{"Length":6,"Height":14,"Demand":10,"DemandMax":null,"Value":84},{"Length":3,"Height":4,"Demand":140,"DemandMax":null,"Value":12},{"Length":1,"Height":8,"Demand":200,"DemandMax":null,"Value":8},{"Length":26,"Height":2,"Demand":5,"DemandMax":null,"Value":52},{"Length":2,"Height":11,"Demand":70,"DemandMax":null,"Value":22},{"Length":18,"Height":2,"Demand":20,"DemandMax":null,"Value":36},{"Length":3,"Height":5,"Demand":120,"DemandMax":null,"Value":15},{"Length":17,"Height":1,"Demand":45,"DemandMax":null,"Value":17},{"Length":2,"Height":14,"Demand":40,"DemandMax":null,"Value":28},{"Length":7,"Height":5,"Demand":25,"DemandMax":null,"Value":35},{"Length":2,"Height":9,"Demand":130,"DemandMax":null,"Value":18},{"Length":1,"Height":15,"Demand":60,"DemandMax":null,"Value":15},{"Length":4,"Height":3,"Demand":180,"DemandMax":null,"Value":12},{"Length":19,"Height":1,"Demand":35,"DemandMax":null,"Value":19},{"Length":2,"Height":45,"Demand":10,"DemandMax":null,"Value":90},{"Length":10,"Height":1,"Demand":105,"DemandMax":null,"Value":10},{"Length":14,"Height":17,"Demand":5,"DemandMax":null,"Value":238},{"Length":7,"Height":2,"Demand":100,"DemandMax":null,"Value":14},{"Length":2,"Height":13,"Demand":60,"DemandMax":null,"Value":26},{"Length":13,"Height":2,"Demand":40,"DemandMax":null,"Value":26},{"Length":11,"Height":1,"Demand":100,"DemandMax":null,"Value":11},{"Length":3,"Height":3,"Demand":300,"DemandMax":null,"Value":9},{"Length":3,"Height":25,"Demand":5,"DemandMax":null,"Value":75},{"Length":2,"Height":4,"Demand":250,"DemandMax":null,"Value":8},{"Length":12,"Height":2,"Demand":60,"DemandMax":null,"Value":24},{"Length":2,"Height":17,"Demand":35,"DemandMax":null,"Value":34},{"Length":55,"Height":2,"Demand":5,"DemandMax":null,"Value":110},{"Length":16,"Height":1,"Demand":40,"DemandMax":null,"Value":16},{"Length":16,"Height":16,"Demand":10,"DemandMax":null,"Value":256},{"Length":26,"Height":8,"Demand":5,"DemandMax":null,"Value":208},{"Length":9,"Height":1,"Demand":115,"DemandMax":null,"Value":9},{"Length":5,"Height":8,"Demand":55,"DemandMax":null,"Value":40},{"Length":16,"Height":15,"Demand":5,"DemandMax":null,"Value":240},{"Length":4,"Height":32,"Demand":5,"DemandMax":null,"Value":128},{"Length":10,"Height":7,"Demand":10,"DemandMax":null,"Value":70},{"Length":2,"Height":5,"Demand":155,"DemandMax":null,"Value":10},{"Length":2,"Height":68,"Demand":5,"DemandMax":null,"Value":136},{"Length":4,"Height":7,"Demand":70,"DemandMax":null,"Value":28},{"Length":5,"Height":15,"Demand":10,"DemandMax":null,"Value":75},{"Length":5,"Height":5,"Demand":75,"DemandMax":null,"Value":25},{"Length":23,"Height":7,"Demand":10,"DemandMax":null,"Value":161},{"Length":2,"Height":6,"Demand":120,"DemandMax":null,"Value":12},{"Length":5,"Height":20,"Demand":15,"DemandMax":null,"Value":100},{"Length":31,"Height":1,"Demand":25,"DemandMax":null,"Value":31},{"Length":4,"Height":6,"Demand":65,"DemandMax":null,"Value":24},{"Length":17,"Height":2,"Demand":25,"DemandMax":null,"Value":34},{"Length":1,"Height":21,"Demand":50,"DemandMax":null,"Value":21},{"Length":56,"Height":1,"Demand":15,"DemandMax":null,"Value":56},{"Length":1,"Height":19,"Demand":95,"DemandMax":null,"Value":19},{"Length":8,"Height":1,"Demand":130,"DemandMax":null,"Value":8},{"Length":20,"Height":10,"Demand":5,"DemandMax":null,"Value":200},{"Length":1,"Height":17,"Demand":55,"DemandMax":null,"Value":17},{"Length":2,"Height":100,"Demand":5,"DemandMax":null,"Value":200},{"Length":9,"Height":46,"Demand":5,"DemandMax":null,"Value":414},{"Length":16,"Height":3,"Demand":20,"DemandMax":null,"Value":48},{"Length":20,"Height":3,"Demand":10,"DemandMax":null,"Value":60},{"Length":1,"Height":26,"Demand":40,"DemandMax":null,"Value":26},{"Length":1,"Height":20,"Demand":65,"DemandMax":null,"Value":20},{"Length":14,"Height":8,"Demand":5,"DemandMax":null,"Value":112},{"Length":10,"Height":9,"Demand":15,"DemandMax":null,"Value":90},{"Length":1,"Height":24,"Demand":55,"DemandMax":null,"Value":24},{"Length":9,"Height":2,"Demand":30,"DemandMax":null,"Value":18},{"Length":3,"Height":18,"Demand":35,"DemandMax":null,"Value":54},{"Length":7,"Height":14,"Demand":15,"DemandMax":null,"Value":98},{"Length":2,"Height":15,"Demand":35,"DemandMax":null,"Value":30},{"Length":14,"Height":27,"Demand":10,"DemandMax":null,"Value":378},{"Length":3,"Height":120,"Demand":5,"DemandMax":null,"Value":360},{"Length":9,"Height":7,"Demand":20,"DemandMax":null,"Value":63},{"Length":6,"Height":36,"Demand":5,"DemandMax":null,"Value":216},{"Length":85,"Height":1,"Demand":5,"DemandMax":null,"Value":85},{"Length":1,"Height":11,"Demand":155,"DemandMax":null,"Value":11},{"Length":1,"Height":12,"Demand":125,"DemandMax":null,"Value":12},{"Length":3,"Height":7,"Demand":100,"DemandMax":null,"Value":21},{"Length":9,"Height":3,"Demand":20,"DemandMax":null,"Value":27},{"Length":15,"Height":7,"Demand":5,"DemandMax":null,"Value":105},{"Length":1,"Height":37,"Demand":10,"DemandMax":null,"Value":37},{"Length":1,"Height":34,"Demand":20,"DemandMax":null,"Value":34},{"Length":48,"Height":2,"Demand":10,"DemandMax":null,"Value":96},{"Length":6,"Height":4,"Demand":55,"DemandMax":null,"Value":24},{"Length":12,"Height":9,"Demand":10,"DemandMax":null,"Value":108},{"Length":2,"Height":25,"Demand":20,"DemandMax":null,"Value":50},{"Length":3,"Height":20,"Demand":35,"DemandMax":null,"Value":60},{"Length":22,"Height":3,"Demand":5,"DemandMax":null,"Value":66},{"Length":18,"Height":3,"Demand":15,"DemandMax":null,"Value":54},{"Length":1,"Height":76,"Demand":5,"DemandMax":null,"Value":76},{"Length":32,"Height":2,"Demand":5,"DemandMax":null,"Value":64},{"Length":2,"Height":29,"Demand":20,"DemandMax":null,"Value":58},{"Length":1,"Height":32,"Demand":30,"DemandMax":null,"Value":32},{"Length":16,"Height":14,"Demand":5,"DemandMax":null,"Value":224},{"Length":12,"Height":14,"Demand":5,"DemandMax":null,"Value":168},{"Length":1,"Height":14,"Demand":95,"DemandMax":null,"Value":14},{"Length":1,"Height":23,"Demand":30,"DemandMax":null,"Value":23},{"Length":35,"Height":2,"Demand":10,"DemandMax":null,"Value":70},{"Length":3,"Height":19,"Demand":35,"DemandMax":null,"Value":57},{"Length":3,"Height":11,"Demand":40,"DemandMax":null,"Value":33},{"Length":10,"Height":16,"Demand":10,"DemandMax":null,"Value":160},{"Length":27,"Height":4,"Demand":5,"DemandMax":null,"Value":108},{"Length":9,"Height":8,"Demand":10,"DemandMax":null,"Value":72},{"Length":14,"Height":4,"Demand":10,"DemandMax":null,"Value":56},{"Length":27,"Height":2,"Demand":5,"DemandMax":null,"Value":54},{"Length":75,"Height":14,"Demand":5,"DemandMax":null,"Value":1050},{"Length":3,"Height":8,"Demand":55,"DemandMax":null,"Value":24},{"Length":57,"Height":2,"Demand":5,"DemandMax":null,"Value":114},{"Length":16,"Height":24,"Demand":5,"DemandMax":null,"Value":384},{"Length":3,"Height":26,"Demand":15,"DemandMax":null,"Value":78},{"Length":12,"Height":1,"Demand":65,"DemandMax":null,"Value":12},{"Length":28,"Height":1,"Demand":15,"DemandMax":null,"Value":28},{"Length":3,"Height":6,"Demand":90,"DemandMax":null,"Value":18},{"Length":14,"Height":1,"Demand":75,"DemandMax":null,"Value":14},{"Length":4,"Height":11,"Demand":10,"DemandMax":null,"Value":44},{"Length":16,"Height":31,"Demand":5,"DemandMax":null,"Value":496},{"Length":15,"Height":3,"Demand":30,"DemandMax":null,"Value":45},{"Length":5,"Height":3,"Demand":110,"DemandMax":null,"Value":15},{"Length":24,"Height":1,"Demand":40,"DemandMax":null,"Value":24},{"Length":14,"Height":6,"Demand":20,"DemandMax":null,"Value":84},{"Length":3,"Height":22,"Demand":10,"DemandMax":null,"Value":66},{"Length":7,"Height":4,"Demand":30,"DemandMax":null,"Value":28},{"Length":10,"Height":6,"Demand":5,"DemandMax":null,"Value":60},{"Length":37,"Height":3,"Demand":5,"DemandMax":null,"Value":111},{"Length":2,"Height":10,"Demand":85,"DemandMax":null,"Value":20},{"Length":19,"Height":9,"Demand":5,"DemandMax":null,"Value":171},{"Length":84,"Height":12,"Demand":5,"DemandMax":null,"Value":1008},{"Length":51,"Height":1,"Demand":5,"DemandMax":null,"Value":51},{"Length":1,"Height":64,"Demand":5,"DemandMax":null,"Value":64},{"Length":2,"Height":22,"Demand":25,"DemandMax":null,"Value":44},{"Length":7,"Height":17,"Demand":15,"DemandMax":null,"Value":119},{"Length":15,"Height":1,"Demand":20,"DemandMax":null,"Value":15},{"Length":2,"Height":36,"Demand":15,"DemandMax":null,"Value":72},{"Length":5,"Height":18,"Demand":15,"DemandMax":null,"Value":90},{"Length":1,"Height":52,"Demand":20,"DemandMax":null,"Value":52},{"Length":1,"Height":29,"Demand":20,"DemandMax":null,"Value":29},{"Length":12,"Height":8,"Demand":10,"DemandMax":null,"Value":96},{"Length":12,"Height":7,"Demand":10,"DemandMax":null,"Value":84},{"Length":9,"Height":4,"Demand":20,"DemandMax":null,"Value":36},{"Length":5,"Height":28,"Demand":5,"DemandMax":null,"Value":140},{"Length":30,"Height":3,"Demand":5,"DemandMax":null,"Value":90},{"Length":5,"Height":16,"Demand":10,"DemandMax":null,"Value":80},{"Length":42,"Height":30,"Demand":5,"DemandMax":null,"Value":1260},{"Length":50,"Height":2,"Demand":5,"DemandMax":null,"Value":100},{"Length":8,"Height":43,"Demand":5,"DemandMax":null,"Value":344},{"Length":6,"Height":7,"Demand":30,"DemandMax":null,"Value":42},{"Length":2,"Height":52,"Demand":15,"DemandMax":null,"Value":104},{"Length":8,"Height":6,"Demand":25,"DemandMax":null,"Value":48},{"Length":13,"Height":3,"Demand":30,"DemandMax":null,"Value":39},{"Length":6,"Height":44,"Demand":5,"DemandMax":null,"Value":264},{"Length":3,"Height":21,"Demand":15,"DemandMax":null,"Value":63},{"Length":4,"Height":14,"Demand":45,"DemandMax":null,"Value":56},{"Length":3,"Height":13,"Demand":60,"DemandMax":null,"Value":39},{"Length":1,"Height":30,"Demand":5,"DemandMax":null,"Value":30},{"Length":10,"Height":3,"Demand":50,"DemandMax":null,"Value":30},{"Length":20,"Height":1,"Demand":15,"DemandMax":null,"Value":20},{"Length":28,"Height":4,"Demand":5,"DemandMax":null,"Value":112},{"Length":67,"Height":1,"Demand":10,"DemandMax":null,"Value":67},{"Length":1,"Height":18,"Demand":80,"DemandMax":null,"Value":18},{"Length":1,"Height":43,"Demand":15,"DemandMax":null,"Value":43},{"Length":13,"Height":4,"Demand":5,"DemandMax":null,"Value":52},{"Length":2,"Height":12,"Demand":120,"DemandMax":null,"Value":24},{"Length":7,"Height":23,"Demand":10,"DemandMax":null,"Value":161},{"Length":16,"Height":9,"Demand":15,"DemandMax":null,"Value":144},{"Length":1,"Height":39,"Demand":25,"DemandMax":null,"Value":39},{"Length":65,"Height":7,"Demand":5,"DemandMax":null,"Value":455},{"Length":4,"Height":5,"Demand":45,"DemandMax":null,"Value":20},{"Length":25,"Height":40,"Demand":5,"DemandMax":null,"Value":1000},{"Length":6,"Height":6,"Demand":40,"DemandMax":null,"Value":36},{"Length":4,"Height":57,"Demand":10,"DemandMax":null,"Value":228},{"Length":20,"Height":39,"Demand":5,"DemandMax":null,"Value":780},{"Length":5,"Height":33,"Demand":20,"DemandMax":null,"Value":165},{"Length":7,"Height":6,"Demand":50,"DemandMax":null,"Value":42},{"Length":2,"Height":7,"Demand":145,"DemandMax":null,"Value":14},{"Length":3,"Height":14,"Demand":25,"DemandMax":null,"Value":42},{"Length":4,"Height":12,"Demand":45,"DemandMax":null,"Value":48},{"Length":8,"Height":2,"Demand":70,"DemandMax":null,"Value":16},{"Length":7,"Height":11,"Demand":10,"DemandMax":null,"Value":77},{"Length":3,"Height":50,"Demand":5,"DemandMax":null,"Value":150},{"Length":10,"Height":2,"Demand":50,"DemandMax":null,"Value":20},{"Length":1,"Height":27,"Demand":15,"DemandMax":null,"Value":27},{"Length":22,"Height":1,"Demand":45,"DemandMax":null,"Value":22},{"Length":1,"Height":28,"Demand":15,"DemandMax":null,"Value":28},{"Length":28,"Height":2,"Demand":5,"DemandMax":null,"Value":56},{"Length":2,"Height":41,"Demand":5,"DemandMax":null,"Value":82},{"Length":3,"Height":47,"Demand":10,"DemandMax":null,"Value":141},{"Length":3,"Height":69,"Demand":5,"DemandMax":null,"Value":207},{"Length":5,"Height":14,"Demand":20,"DemandMax":null,"Value":70},{"Length":12,"Height":5,"Demand":10,"DemandMax":null,"Value":60},{"Length":9,"Height":5,"Demand":20,"DemandMax":null,"Value":45},{"Length":49,"Height":9,"Demand":5,"DemandMax":null,"Value":441},{"Length":1,"Height":69,"Demand":10,"DemandMax":null,"Value":69},{"Length":27,"Height":1,"Demand":15,"DemandMax":null,"Value":27},{"Length":6,"Height":8,"Demand":35,"DemandMax":null,"Value":48},{"Length":16,"Height":2,"Demand":20,"DemandMax":null,"Value":32},{"Length":2,"Height":26,"Demand":15,"DemandMax":null,"Value":52},{"Length":18,"Height":5,"Demand":10,"DemandMax":null,"Value":90},{"Length":1,"Height":40,"Demand":25,"DemandMax":null,"Value":40},{"Length":5,"Height":11,"Demand":25,"DemandMax":null,"Value":55},{"Length":1,"Height":58,"Demand":15,"DemandMax":null,"Value":58},{"Length":16,"Height":4,"Demand":10,"DemandMax":null,"Value":64},{"Length":55,"Height":1,"Demand":15,"DemandMax":null,"Value":55},{"Length":8,"Height":3,"Demand":55,"DemandMax":null,"Value":24},{"Length":21,"Height":7,"Demand":5,"DemandMax":null,"Value":147},{"Length":10,"Height":22,"Demand":5,"DemandMax":null,"Value":220},{"Length":5,"Height":9,"Demand":40,"DemandMax":null,"Value":45},{"Length":68,"Height":2,"Demand":5,"DemandMax":null,"Value":136},{"Length":32,"Height":1,"Demand":25,"DemandMax":null,"Value":32},{"Length":31,"Height":14,"Demand":5,"DemandMax":null,"Value":434},{"Length":3,"Height":9,"Demand":35,"DemandMax":null,"Value":27},{"Length":1,"Height":33,"Demand":35,"DemandMax":null,"Value":33},{"Length":8,"Height":11,"Demand":20,"DemandMax":null,"Value":88},{"Length":13,"Height":1,"Demand":65,"DemandMax":null,"Value":13},{"Length":3,"Height":10,"Demand":50,"DemandMax":null,"Value":30},{"Length":6,"Height":9,"Demand":30,"DemandMax":null,"Value":54},{"Length":20,"Height":2,"Demand":10,"DemandMax":null,"Value":40},{"Length":119,"Height":6,"Demand":5,"DemandMax":null,"Value":714},{"Length":12,"Height":13,"Demand":5,"DemandMax":null,"Value":156},{"Length":1,"Height":16,"Demand":55,"DemandMax":null,"Value":16},{"Length":13,"Height":10,"Demand":5,"DemandMax":null,"Value":130},{"Length":9,"Height":68,"Demand":5,"DemandMax":null,"Value":612},{"Length":11,"Height":3,"Demand":20,"DemandMax":null,"Value":33},{"Length":10,"Height":66,"Demand":5,"DemandMax":null,"Value":660},{"Length":5,"Height":6,"Demand":40,"DemandMax":null,"Value":30},{"Length":6,"Height":19,"Demand":10,"DemandMax":null,"Value":114},{"Length":20,"Height":8,"Demand":5,"DemandMax":null,"Value":160},{"Length":4,"Height":30,"Demand":10,"DemandMax":null,"Value":120},{"Length":5,"Height":58,"Demand":5,"DemandMax":null,"Value":290},{"Length":1,"Height":42,"Demand":10,"DemandMax":null,"Value":42},{"Length":8,"Height":16,"Demand":5,"DemandMax":null,"Value":128},{"Length":49,"Height":1,"Demand":20,"DemandMax":null,"Value":49},{"Length":7,"Height":12,"Demand":20,"DemandMax":null,"Value":84},{"Length":6,"Height":38,"Demand":5,"DemandMax":null,"Value":228},{"Length":30,"Height":4,"Demand":10,"DemandMax":null,"Value":120},{"Length":13,"Height":21,"Demand":5,"DemandMax":null,"Value":273},{"Length":33,"Height":3,"Demand":5,"DemandMax":null,"Value":99},{"Length":8,"Height":20,"Demand":10,"DemandMax":null,"Value":160},{"Length":39,"Height":5,"Demand":5,"DemandMax":null,"Value":195},{"Length":11,"Height":5,"Demand":10,"DemandMax":null,"Value":55},{"Length":33,"Height":29,"Demand":5,"DemandMax":null,"Value":957},{"Length":4,"Height":43,"Demand":10,"DemandMax":null,"Value":172},{"Length":2,"Height":43,"Demand":5,"DemandMax":null,"Value":86},{"Length":5,"Height":31,"Demand":10,"DemandMax":null,"Value":155},{"Length":8,"Height":21,"Demand":15,"DemandMax":null,"Value":168},{"Length":15,"Height":4,"Demand":15,"DemandMax":null,"Value":60},{"Length":3,"Height":31,"Demand":10,"DemandMax":null,"Value":93},{"Length":2,"Height":40,"Demand":10,"DemandMax":null,"Value":80},{"Length":10,"Height":25,"Demand":5,"DemandMax":null,"Value":250},{"Length":7,"Height":15,"Demand":5,"DemandMax":null,"Value":105},{"Length":39,"Height":1,"Demand":5,"DemandMax":null,"Value":39},{"Length":4,"Height":56,"Demand":10,"DemandMax":null,"Value":224},{"Length":5,"Height":4,"Demand":55,"DemandMax":null,"Value":20},{"Length":12,"Height":53,"Demand":5,"DemandMax":null,"Value":636},{"Length":2,"Height":20,"Demand":35,"DemandMax":null,"Value":40},{"Length":22,"Height":14,"Demand":5,"DemandMax":null,"Value":308},{"Length":4,"Height":17,"Demand":25,"DemandMax":null,"Value":68},{"Length":6,"Height":24,"Demand":5,"DemandMax":null,"Value":144},{"Length":83,"Height":11,"Demand":5,"DemandMax":null,"Value":913},{"Length":16,"Height":5,"Demand":5,"DemandMax":null,"Value":80},{"Length":24,"Height":11,"Demand":5,"DemandMax":null,"Value":264},{"Length":14,"Height":11,"Demand":5,"DemandMax":null,"Value":154},{"Length":3,"Height":12,"Demand":40,"DemandMax":null,"Value":36},{"Length":2,"Height":32,"Demand":20,"DemandMax":null,"Value":64},{"Length":76,"Height":2,"Demand":5,"DemandMax":null,"Value":152},{"Length":25,"Height":3,"Demand":10,"DemandMax":null,"Value":75},{"Length":70,"Height":1,"Demand":5,"DemandMax":null,"Value":70},{"Length":11,"Height":21,"Demand":10,"DemandMax":null,"Value":231},{"Length":4,"Height":10,"Demand":35,"DemandMax":null,"Value":40},{"Length":4,"Height":18,"Demand":5,"DemandMax":null,"Value":72},{"Length":2,"Height":19,"Demand":45,"DemandMax":null,"Value":38},{"Length":10,"Height":19,"Demand":10,"DemandMax":null,"Value":190},{"Length":2,"Height":16,"Demand":20,"DemandMax":null,"Value":32},{"Length":10,"Height":10,"Demand":25,"DemandMax":null,"Value":100},{"Length":6,"Height":3,"Demand":45,"DemandMax":null,"Value":18},{"Length":8,"Height":27,"Demand":10,"DemandMax":null,"Value":216},{"Length":4,"Height":59,"Demand":5,"DemandMax":null,"Value":236},{"Length":75,"Height":24,"Demand":5,"DemandMax":null,"Value":1800},{"Length":68,"Height":1,"Demand":10,"DemandMax":null,"Value":68},{"Length":41,"Height":7,"Demand":5,"DemandMax":null,"Value":287},{"Length":3,"Height":59,"Demand":10,"DemandMax":null,"Value":177},{"Length":30,"Height":5,"Demand":5,"DemandMax":null,"Value":150},{"Length":4,"Height":36,"Demand":15,"DemandMax":null,"Value":144},{"Length":5,"Height":97,"Demand":5,"DemandMax":null,"Value":485},{"Length":30,"Height":6,"Demand":5,"DemandMax":null,"Value":180},{"Length":1,"Height":94,"Demand":5,"DemandMax":null,"Value":94},{"Length":5,"Height":61,"Demand":5,"DemandMax":null,"Value":305},{"Length":45,"Height":2,"Demand":5,"DemandMax":null,"Value":90},{"Length":38,"Height":3,"Demand":10,"DemandMax":null,"Value":114},{"Length":18,"Height":7,"Demand":5,"DemandMax":null,"Value":126},{"Length":12,"Height":3,"Demand":35,"DemandMax":null,"Value":36},{"Length":18,"Height":23,"Demand":5,"DemandMax":null,"Value":414},{"Length":22,"Height":2,"Demand":5,"DemandMax":null,"Value":44},{"Length":7,"Height":21,"Demand":5,"DemandMax":null,"Value":147},{"Length":36,"Height":1,"Demand":15,"DemandMax":null,"Value":36},{"Length":61,"Height":1,"Demand":5,"DemandMax":null,"Value":61},{"Length":84,"Height":8,"Demand":10,"DemandMax":null,"Value":672},{"Length":18,"Height":4,"Demand":15,"DemandMax":null,"Value":72},{"Length":9,"Height":33,"Demand":5,"DemandMax":null,"Value":297},{"Length":8,"Height":4,"Demand":20,"DemandMax":null,"Value":32},{"Length":11,"Height":13,"Demand":10,"DemandMax":null,"Value":143},{"Length":4,"Height":19,"Demand":15,"DemandMax":null,"Value":76},{"Length":15,"Height":5,"Demand":10,"DemandMax":null,"Value":75},{"Length":48,"Height":3,"Demand":10,"DemandMax":null,"Value":144},{"Length":16,"Height":7,"Demand":5,"DemandMax":null,"Value":112},{"Length":8,"Height":5,"Demand":25,"DemandMax":null,"Value":40},{"Length":3,"Height":16,"Demand":15,"DemandMax":null,"Value":48},{"Length":23,"Height":1,"Demand":35,"DemandMax":null,"Value":23},{"Length":1,"Height":50,"Demand":15,"DemandMax":null,"Value":50},{"Length":36,"Height":2,"Demand":15,"DemandMax":null,"Value":72},{"Length":63,"Height":2,"Demand":5,"DemandMax":null,"Value":126},{"Length":4,"Height":47,"Demand":5,"DemandMax":null,"Value":188},{"Length":6,"Height":17,"Demand":5,"DemandMax":null,"Value":102},{"Length":52,"Height":44,"Demand":5,"DemandMax":null,"Value":2288},{"Length":10,"Height":14,"Demand":5,"DemandMax":null,"Value":140},{"Length":1,"Height":36,"Demand":15,"DemandMax":null,"Value":36},{"Length":4,"Height":9,"Demand":35,"DemandMax":null,"Value":36},{"Length":38,"Height":1,"Demand":15,"DemandMax":null,"Value":38},{"Length":5,"Height":13,"Demand":20,"DemandMax":null,"Value":65},{"Length":3,"Height":32,"Demand":15,"DemandMax":null,"Value":96},{"Length":12,"Height":4,"Demand":20,"DemandMax":null,"Value":48},{"Length":11,"Height":9,"Demand":15,"DemandMax":null,"Value":99},{"Length":7,"Height":7,"Demand":30,"DemandMax":null,"Value":49},{"Length":87,"Height":40,"Demand":5,"DemandMax":null,"Value":3480},{"Length":20,"Height":29,"Demand":5,"DemandMax":null,"Value":580},{"Length":9,"Height":31,"Demand":5,"DemandMax":null,"Value":279},{"Length":2,"Height":72,"Demand":5,"DemandMax":null,"Value":144},{"Length":19,"Height":37,"Demand":5,"DemandMax":null,"Value":703},{"Length":11,"Height":2,"Demand":35,"DemandMax":null,"Value":22},{"Length":15,"Height":12,"Demand":5,"DemandMax":null,"Value":180},{"Length":106,"Height":7,"Demand":5,"DemandMax":null,"Value":742},{"Length":18,"Height":13,"Demand":5,"DemandMax":null,"Value":234},{"Length":22,"Height":7,"Demand":5,"DemandMax":null,"Value":154},{"Length":14,"Height":20,"Demand":5,"DemandMax":null,"Value":280},{"Length":45,"Height":1,"Demand":15,"DemandMax":null,"Value":45},{"Length":21,"Height":4,"Demand":5,"DemandMax":null,"Value":84},{"Length":15,"Height":10,"Demand":5,"DemandMax":null,"Value":150},{"Length":55,"Height":7,"Demand":5,"DemandMax":null,"Value":385},{"Length":19,"Height":38,"Demand":5,"DemandMax":null,"Value":722},{"Length":2,"Height":24,"Demand":25,"DemandMax":null,"Value":48},{"Length":4,"Height":8,"Demand":25,"DemandMax":null,"Value":32},{"Length":15,"Height":16,"Demand":5,"DemandMax":null,"Value":240},{"Length":26,"Height":7,"Demand":10,"DemandMax":null,"Value":182},{"Length":5,"Height":7,"Demand":50,"DemandMax":null,"Value":35},{"Length":116,"Height":4,"Demand":5,"DemandMax":null,"Value":464},{"Length":3,"Height":15,"Demand":15,"DemandMax":null,"Value":45},{"Length":19,"Height":13,"Demand":5,"DemandMax":null,"Value":247},{"Length":37,"Height":36,"Demand":5,"DemandMax":null,"Value":1332},{"Length":25,"Height":2,"Demand":25,"DemandMax":null,"Value":50},{"Length":11,"Height":16,"Demand":15,"DemandMax":null,"Value":176},{"Length":31,"Height":4,"Demand":5,"DemandMax":null,"Value":124},{"Length":24,"Height":3,"Demand":15,"DemandMax":null,"Value":72},{"Length":2,"Height":47,"Demand":25,"DemandMax":null,"Value":94},{"Length":4,"Height":13,"Demand":30,"DemandMax":null,"Value":52},{"Length":23,"Height":8,"Demand":10,"DemandMax":null,"Value":184},{"Length":12,"Height":17,"Demand":10,"DemandMax":null,"Value":204},{"Length":1,"Height":46,"Demand":10,"DemandMax":null,"Value":46},{"Length":12,"Height":10,"Demand":5,"DemandMax":null,"Value":120},{"Length":2,"Height":28,"Demand":20,"DemandMax":null,"Value":56},{"Length":10,"Height":18,"Demand":5,"DemandMax":null,"Value":180},{"Length":9,"Height":24,"Demand":10,"DemandMax":null,"Value":216},{"Length":1,"Height":31,"Demand":15,"DemandMax":null,"Value":31},{"Length":1,"Height":102,"Demand":5,"DemandMax":null,"Value":102},{"Length":3,"Height":37,"Demand":5,"DemandMax":null,"Value":111},{"Length":19,"Height":2,"Demand":20,"DemandMax":null,"Value":38},{"Length":1,"Height":38,"Demand":20,"DemandMax":null,"Value":38},{"Length":8,"Height":14,"Demand":15,"DemandMax":null,"Value":112},{"Length":1,"Height":98,"Demand":10,"DemandMax":null,"Value":98},{"Length":12,"Height":64,"Demand":5,"DemandMax":null,"Value":768},{"Length":7,"Height":10,"Demand":15,"DemandMax":null,"Value":70},{"Length":23,"Height":21,"Demand":5,"DemandMax":null,"Value":483},{"Length":1,"Height":57,"Demand":10,"DemandMax":null,"Value":57},{"Length":14,"Height":5,"Demand":15,"DemandMax":null,"Value":70},{"Length":14,"Height":10,"Demand":10,"DemandMax":null,"Value":140},{"Length":9,"Height":6,"Demand":20,"DemandMax":null,"Value":54},{"Length":23,"Height":13,"Demand":5,"DemandMax":null,"Value":299},{"Length":31,"Height":2,"Demand":15,"DemandMax":null,"Value":62},{"Length":4,"Height":35,"Demand":5,"DemandMax":null,"Value":140},{"Length":11,"Height":17,"Demand":5,"DemandMax":null,"Value":187},{"Length":9,"Height":9,"Demand":10,"DemandMax":null,"Value":81},{"Length":4,"Height":28,"Demand":20,"DemandMax":null,"Value":112},{"Length":5,"Height":24,"Demand":10,"DemandMax":null,"Value":120},{"Length":2,"Height":50,"Demand":5,"DemandMax":null,"Value":100},{"Length":1,"Height":41,"Demand":20,"DemandMax":null,"Value":41},{"Length":8,"Height":77,"Demand":5,"DemandMax":null,"Value":616},{"Length":28,"Height":59,"Demand":5,"DemandMax":null,"Value":1652},{"Length":20,"Height":23,"Demand":5,"DemandMax":null,"Value":460},{"Length":13,"Height":6,"Demand":10,"DemandMax":null,"Value":78},{"Length":7,"Height":16,"Demand":5,"DemandMax":null,"Value":112},{"Length":36,"Height":41,"Demand":5,"DemandMax":null,"Value":1476},{"Length":11,"Height":108,"Demand":5,"DemandMax":null,"Value":1188},{"Length":28,"Height":23,"Demand":5,"DemandMax":null,"Value":644},{"Length":6,"Height":10,"Demand":30,"DemandMax":null,"Value":60},{"Length":14,"Height":2,"Demand":40,"DemandMax":null,"Value":28},{"Length":72,"Height":8,"Demand":5,"DemandMax":null,"Value":576},{"Length":1,"Height":92,"Demand":5,"DemandMax":null,"Value":92},{"Length":17,"Height":7,"Demand":10,"DemandMax":null,"Value":119},{"Length":25,"Height":5,"Demand":5,"DemandMax":null,"Value":125},{"Length":14,"Height":7,"Demand":15,"DemandMax":null,"Value":98},{"Length":2,"Height":21,"Demand":25,"DemandMax":null,"Value":42},{"Length":2,"Height":23,"Demand":10,"DemandMax":null,"Value":46},{"Length":5,"Height":52,"Demand":5,"DemandMax":null,"Value":260},{"Length":12,"Height":18,"Demand":5,"DemandMax":null,"Value":216},{"Length":3,"Height":36,"Demand":5,"DemandMax":null,"Value":108},{"Length":44,"Height":1,"Demand":10,"DemandMax":null,"Value":44},{"Length":1,"Height":47,"Demand":35,"DemandMax":null,"Value":47},{"Length":31,"Height":49,"Demand":5,"DemandMax":null,"Value":1519},{"Length":40,"Height":3,"Demand":5,"DemandMax":null,"Value":120},{"Length":35,"Height":9,"Demand":10,"DemandMax":null,"Value":315},{"Length":4,"Height":39,"Demand":10,"DemandMax":null,"Value":156},{"Length":2,"Height":90,"Demand":5,"DemandMax":null,"Value":180},{"Length":34,"Height":1,"Demand":15,"DemandMax":null,"Value":34},{"Length":1,"Height":44,"Demand":25,"DemandMax":null,"Value":44},{"Length":11,"Height":7,"Demand":15,"DemandMax":null,"Value":77},{"Length":19,"Height":4,"Demand":5,"DemandMax":null,"Value":76},{"Length":8,"Height":13,"Demand":15,"DemandMax":null,"Value":104},{"Length":5,"Height":30,"Demand":15,"DemandMax":null,"Value":150},{"Length":3,"Height":44,"Demand":10,"DemandMax":null,"Value":132},{"Length":47,"Height":6,"Demand":5,"DemandMax":null,"Value":282},{"Length":27,"Height":8,"Demand":5,"DemandMax":null,"Value":216},{"Length":2,"Height":33,"Demand":5,"DemandMax":null,"Value":66},{"Length":21,"Height":3,"Demand":15,"DemandMax":null,"Value":63},{"Length":8,"Height":46,"Demand":5,"DemandMax":null,"Value":368},{"Length":7,"Height":59,"Demand":5,"DemandMax":null,"Value":413},{"Length":1,"Height":77,"Demand":5,"DemandMax":null,"Value":77},{"Length":1,"Height":100,"Demand":5,"DemandMax":null,"Value":100},{"Length":3,"Height":40,"Demand":5,"DemandMax":null,"Value":120},{"Length":2,"Height":31,"Demand":10,"DemandMax":null,"Value":62},{"Length":17,"Height":8,"Demand":5,"DemandMax":null,"Value":136},{"Length":79,"Height":1,"Demand":5,"DemandMax":null,"Value":79},{"Length":26,"Height":19,"Demand":5,"DemandMax":null,"Value":494},{"Length":16,"Height":11,"Demand":5,"DemandMax":null,"Value":176},{"Length":11,"Height":8,"Demand":10,"DemandMax":null,"Value":88},{"Length":2,"Height":42,"Demand":5,"DemandMax":null,"Value":84},{"Length":1,"Height":49,"Demand":5,"DemandMax":null,"Value":49},{"Length":110,"Height":2,"Demand":5,"DemandMax":null,"Value":220},{"Length":2,"Height":30,"Demand":5,"DemandMax":null,"Value":60},{"Length":9,"Height":14,"Demand":10,"DemandMax":null,"Value":126},{"Length":23,"Height":33,"Demand":5,"DemandMax":null,"Value":759},{"Length":2,"Height":34,"Demand":5,"DemandMax":null,"Value":68},{"Length":16,"Height":21,"Demand":5,"DemandMax":null,"Value":336},{"Length":2,"Height":18,"Demand":25,"DemandMax":null,"Value":36},{"Length":10,"Height":24,"Demand":5,"DemandMax":null,"Value":240},{"Length":8,"Height":12,"Demand":10,"DemandMax":null,"Value":96},{"Length":21,"Height":26,"Demand":5,"DemandMax":null,"Value":546},{"Length":51,"Height":5,"Demand":5,"DemandMax":null,"Value":255},{"Length":17,"Height":35,"Demand":5,"DemandMax":null,"Value":595},{"Length":2,"Height":46,"Demand":15,"DemandMax":null,"Value":92},{"Length":7,"Height":9,"Demand":15,"DemandMax":null,"Value":63},{"Length":2,"Height":67,"Demand":5,"DemandMax":null,"Value":134},{"Length":53,"Height":1,"Demand":5,"DemandMax":null,"Value":53},{"Length":6,"Height":11,"Demand":10,"DemandMax":null,"Value":66},{"Length":7,"Height":47,"Demand":10,"DemandMax":null,"Value":329},{"Length":15,"Height":17,"Demand":5,"DemandMax":null,"Value":255},{"Length":2,"Height":66,"Demand":5,"DemandMax":null,"Value":132},{"Length":27,"Height":13,"Demand":5,"DemandMax":null,"Value":351},{"Length":62,"Height":4,"Demand":5,"DemandMax":null,"Value":248},{"Length":5,"Height":32,"Demand":10,"DemandMax":null,"Value":160},{"Length":33,"Height":1,"Demand":25,"DemandMax":null,"Value":33},{"Length":6,"Height":41,"Demand":5,"DemandMax":null,"Value":246},{"Length":5,"Height":53,"Demand":5,"DemandMax":null,"Value":265},{"Length":22,"Height":41,"Demand":5,"DemandMax":null,"Value":902},{"Length":4,"Height":55,"Demand":5,"DemandMax":null,"Value":220},{"Length":26,"Height":15,"Demand":5,"DemandMax":null,"Value":390},{"Length":18,"Height":6,"Demand":15,"DemandMax":null,"Value":108},{"Length":6,"Height":21,"Demand":5,"DemandMax":null,"Value":126},{"Length":77,"Height":9,"Demand":5,"DemandMax":null,"Value":693},{"Length":21,"Height":1,"Demand":15,"DemandMax":null,"Value":21},{"Length":3,"Height":28,"Demand":5,"DemandMax":null,"Value":84},{"Length":3,"Height":29,"Demand":5,"DemandMax":null,"Value":87},{"Length":3,"Height":17,"Demand":35,"DemandMax":null,"Value":51},{"Length":83,"Height":1,"Demand":5,"DemandMax":null,"Value":83},{"Length":10,"Height":73,"Demand":5,"DemandMax":null,"Value":730},{"Length":61,"Height":3,"Demand":5,"DemandMax":null,"Value":183},{"Length":21,"Height":5,"Demand":10,"DemandMax":null,"Value":105},{"Length":37,"Height":15,"Demand":5,"DemandMax":null,"Value":555},{"Length":9,"Height":30,"Demand":5,"DemandMax":null,"Value":270},{"Length":29,"Height":3,"Demand":15,"DemandMax":null,"Value":87},{"Length":17,"Height":59,"Demand":5,"DemandMax":null,"Value":1003},{"Length":53,"Height":35,"Demand":5,"DemandMax":null,"Value":1855},{"Length":42,"Height":1,"Demand":10,"DemandMax":null,"Value":42},{"Length":33,"Height":14,"Demand":5,"DemandMax":null,"Value":462},{"Length":30,"Height":1,"Demand":10,"DemandMax":null,"Value":30},{"Length":4,"Height":69,"Demand":5,"DemandMax":null,"Value":276},{"Length":19,"Height":8,"Demand":5,"DemandMax":null,"Value":152},{"Length":39,"Height":2,"Demand":10,"DemandMax":null,"Value":78},{"Length":4,"Height":33,"Demand":5,"DemandMax":null,"Value":132},{"Length":7,"Height":18,"Demand":5,"DemandMax":null,"Value":126},{"Length":25,"Height":6,"Demand":5,"DemandMax":null,"Value":150},{"Length":28,"Height":8,"Demand":10,"DemandMax":null,"Value":224},{"Length":37,"Height":1,"Demand":10,"DemandMax":null,"Value":37},{"Length":15,"Height":35,"Demand":5,"DemandMax":null,"Value":525},{"Length":1,"Height":35,"Demand":15,"DemandMax":null,"Value":35},{"Length":3,"Height":62,"Demand":5,"DemandMax":null,"Value":186},{"Length":4,"Height":24,"Demand":10,"DemandMax":null,"Value":96},{"Length":52,"Height":2,"Demand":5,"DemandMax":null,"Value":104},{"Length":5,"Height":75,"Demand":5,"DemandMax":null,"Value":375},{"Length":15,"Height":39,"Demand":5,"DemandMax":null,"Value":585},{"Length":117,"Height":2,"Demand":5,"DemandMax":null,"Value":234},{"Length":4,"Height":50,"Demand":5,"DemandMax":null,"Value":200},{"Length":3,"Height":30,"Demand":10,"DemandMax":null,"Value":90},{"Length":11,"Height":31,"Demand":5,"DemandMax":null,"Value":341},{"Length":8,"Height":10,"Demand":15,"DemandMax":null,"Value":80},{"Length":11,"Height":14,"Demand":5,"DemandMax":null,"Value":154},{"Length":116,"Height":2,"Demand":5,"DemandMax":null,"Value":232},{"Length":36,"Height":11,"Demand":5,"DemandMax":null,"Value":396},{"Length":4,"Height":41,"Demand":5,"DemandMax":null,"Value":164},{"Length":21,"Height":9,"Demand":15,"DemandMax":null,"Value":189},{"Length":133,"Height":9,"Demand":5,"DemandMax":null,"Value":1197},{"Length":2,"Height":88,"Demand":5,"DemandMax":null,"Value":176},{"Length":38,"Height":39,"Demand":5,"DemandMax":null,"Value":1482},{"Length":13,"Height":5,"Demand":10,"DemandMax":null,"Value":65},{"Length":2,"Height":44,"Demand":15,"DemandMax":null,"Value":88},{"Length":5,"Height":26,"Demand":10,"DemandMax":null,"Value":130},{"Length":26,"Height":29,"Demand":5,"DemandMax":null,"Value":754},{"Length":59,"Height":3,"Demand":5,"DemandMax":null,"Value":177},{"Length":19,"Height":7,"Demand":10,"DemandMax":null,"Value":133},{"Length":4,"Height":60,"Demand":5,"DemandMax":null,"Value":240},{"Length":27,"Height":10,"Demand":5,"DemandMax":null,"Value":270},{"Length":17,"Height":23,"Demand":5,"DemandMax":null,"Value":391},{"Length":98,"Height":40,"Demand":5,"DemandMax":null,"Value":3920},{"Length":4,"Height":20,"Demand":15,"DemandMax":null,"Value":80},{"Length":3,"Height":23,"Demand":15,"DemandMax":null,"Value":69},{"Length":16,"Height":30,"Demand":5,"DemandMax":null,"Value":480},{"Length":1,"Height":45,"Demand":5,"DemandMax":null,"Value":45},{"Length":30,"Height":2,"Demand":5,"DemandMax":null,"Value":60},{"Length":8,"Height":9,"Demand":5,"DemandMax":null,"Value":72},{"Length":10,"Height":30,"Demand":5,"DemandMax":null,"Value":300},{"Length":50,"Height":1,"Demand":15,"DemandMax":null,"Value":50},{"Length":1,"Height":56,"Demand":10,"DemandMax":null,"Value":56},{"Length":6,"Height":13,"Demand":10,"DemandMax":null,"Value":78},{"Length":5,"Height":27,"Demand":5,"DemandMax":null,"Value":135},{"Length":23,"Height":2,"Demand":10,"DemandMax":null,"Value":46},{"Length":31,"Height":5,"Demand":5,"DemandMax":null,"Value":155},{"Length":11,"Height":6,"Demand":15,"DemandMax":null,"Value":66},{"Length":15,"Height":2,"Demand":10,"DemandMax":null,"Value":30},{"Length":12,"Height":12,"Demand":5,"DemandMax":null,"Value":144},{"Length":126,"Height":8,"Demand":5,"DemandMax":null,"Value":1008},{"Length":27,"Height":3,"Demand":5,"DemandMax":null,"Value":81},{"Length":22,"Height":8,"Demand":5,"DemandMax":null,"Value":176},{"Length":5,"Height":17,"Demand":5,"DemandMax":null,"Value":85},{"Length":3,"Height":100,"Demand":5,"DemandMax":null,"Value":300},{"Length":39,"Height":3,"Demand":5,"DemandMax":null,"Value":117},{"Length":13,"Height":14,"Demand":5,"DemandMax":null,"Value":182},{"Length":14,"Height":15,"Demand":5,"DemandMax":null,"Value":210},{"Length":4,"Height":27,"Demand":5,"DemandMax":null,"Value":108},{"Length":14,"Height":3,"Demand":10,"DemandMax":null,"Value":42},{"Length":46,"Height":1,"Demand":10,"DemandMax":null,"Value":46},{"Length":5,"Height":76,"Demand":5,"DemandMax":null,"Value":380},{"Length":70,"Height":11,"Demand":5,"DemandMax":null,"Value":770},{"Length":11,"Height":4,"Demand":5,"DemandMax":null,"Value":44},{"Length":49,"Height":3,"Demand":5,"DemandMax":null,"Value":147},{"Length":4,"Height":22,"Demand":10,"DemandMax":null,"Value":88},{"Length":4,"Height":21,"Demand":5,"DemandMax":null,"Value":84},{"Length":10,"Height":12,"Demand":5,"DemandMax":null,"Value":120},{"Length":13,"Height":17,"Demand":5,"DemandMax":null,"Value":221},{"Length":56,"Height":8,"Demand":5,"DemandMax":null,"Value":448},{"Length":19,"Height":3,"Demand":5,"DemandMax":null,"Value":57},{"Length":25,"Height":30,"Demand":5,"DemandMax":null,"Value":750},{"Length":5,"Height":43,"Demand":5,"DemandMax":null,"Value":215},{"Length":10,"Height":4,"Demand":15,"DemandMax":null,"Value":40},{"Length":26,"Height":1,"Demand":5,"DemandMax":null,"Value":26},{"Length":84,"Height":2,"Demand":5,"DemandMax":null,"Value":168},{"Length":6,"Height":12,"Demand":15,"DemandMax":null,"Value":72},{"Length":9,"Height":23,"Demand":10,"DemandMax":null,"Value":207},{"Length":6,"Height":39,"Demand":5,"DemandMax":null,"Value":234},{"Length":10,"Height":5,"Demand":15,"DemandMax":null,"Value":50},{"Length":86,"Height":40,"Demand":5,"DemandMax":null,"Value":3440},{"Length":44,"Height":39,"Demand":5,"DemandMax":null,"Value":1716},{"Length":8,"Height":15,"Demand":5,"DemandMax":null,"Value":120},{"Length":8,"Height":50,"Demand":5,"DemandMax":null,"Value":400},{"Length":7,"Height":28,"Demand":10,"DemandMax":null,"Value":196},{"Length":5,"Height":69,"Demand":5,"DemandMax":null,"Value":345},{"Length":32,"Height":9,"Demand":5,"DemandMax":null,"Value":288},{"Length":32,"Height":5,"Demand":10,"DemandMax":null,"Value":160},{"Length":18,"Height":11,"Demand":5,"DemandMax":null,"Value":198},{"Length":11,"Height":11,"Demand":5,"DemandMax":null,"Value":121},{"Length":45,"Height":3,"Demand":5,"DemandMax":null,"Value":135},{"Length":94,"Height":1,"Demand":5,"DemandMax":null,"Value":94},{"Length":6,"Height":22,"Demand":5,"DemandMax":null,"Value":132},{"Length":10,"Height":13,"Demand":5,"DemandMax":null,"Value":130},{"Length":9,"Height":66,"Demand":5,"DemandMax":null,"Value":594},{"Length":7,"Height":8,"Demand":10,"DemandMax":null,"Value":56},{"Length":5,"Height":42,"Demand":5,"DemandMax":null,"Value":210},{"Length":15,"Height":21,"Demand":5,"DemandMax":null,"Value":315},{"Length":17,"Height":3,"Demand":10,"DemandMax":null,"Value":51},{"Length":17,"Height":24,"Demand":5,"DemandMax":null,"Value":408},{"Length":28,"Height":14,"Demand":5,"DemandMax":null,"Value":392},{"Length":46,"Height":29,"Demand":5,"DemandMax":null,"Value":1334},{"Length":3,"Height":43,"Demand":5,"DemandMax":null,"Value":129},{"Length":7,"Height":19,"Demand":5,"DemandMax":null,"Value":133},{"Length":36,"Height":4,"Demand":5,"DemandMax":null,"Value":144},{"Length":29,"Height":1,"Demand":15,"DemandMax":null,"Value":29},{"Length":29,"Height":5,"Demand":5,"DemandMax":null,"Value":145},{"Length":17,"Height":53,"Demand":5,"DemandMax":null,"Value":901},{"Length":59,"Height":11,"Demand":5,"DemandMax":null,"Value":649},{"Length":31,"Height":11,"Demand":5,"DemandMax":null,"Value":341},{"Length":41,"Height":19,"Demand":5,"DemandMax":null,"Value":779},{"Length":5,"Height":10,"Demand":15,"DemandMax":null,"Value":50},{"Length":83,"Height":3,"Demand":5,"DemandMax":null,"Value":249},{"Length":3,"Height":27,"Demand":10,"DemandMax":null,"Value":81},{"Length":5,"Height":59,"Demand":5,"DemandMax":null,"Value":295},{"Length":82,"Height":24,"Demand":5,"DemandMax":null,"Value":1968},{"Length":34,"Height":7,"Demand":5,"DemandMax":null,"Value":238},{"Length":1,"Height":59,"Demand":5,"DemandMax":null,"Value":59},{"Length":9,"Height":97,"Demand":5,"DemandMax":null,"Value":873},{"Length":21,"Height":6,"Demand":10,"DemandMax":null,"Value":126},{"Length":22,"Height":94,"Demand":5,"DemandMax":null,"Value":2068},{"Length":7,"Height":61,"Demand":5,"DemandMax":null,"Value":427},{"Length":21,"Height":2,"Demand":10,"DemandMax":null,"Value":42},{"Length":67,"Height":4,"Demand":5,"DemandMax":null,"Value":268},{"Length":42,"Height":5,"Demand":5,"DemandMax":null,"Value":210},{"Length":15,"Height":23,"Demand":5,"DemandMax":null,"Value":345},{"Length":13,"Height":8,"Demand":5,"DemandMax":null,"Value":104},{"Length":71,"Height":1,"Demand":5,"DemandMax":null,"Value":71},{"Length":3,"Height":34,"Demand":5,"DemandMax":null,"Value":102},{"Length":26,"Height":33,"Demand":5,"DemandMax":null,"Value":858},{"Length":39,"Height":4,"Demand":5,"DemandMax":null,"Value":156},{"Length":25,"Height":1,"Demand":15,"DemandMax":null,"Value":25},{"Length":11,"Height":44,"Demand":5,"DemandMax":null,"Value":484},{"Length":35,"Height":40,"Demand":5,"DemandMax":null,"Value":1400},{"Length":7,"Height":13,"Demand":5,"DemandMax":null,"Value":91},{"Length":24,"Height":4,"Demand":5,"DemandMax":null,"Value":96},{"Length":5,"Height":72,"Demand":5,"DemandMax":null,"Value":360},{"Length":2,"Height":37,"Demand":10,"DemandMax":null,"Value":74},{"Length":20,"Height":7,"Demand":5,"DemandMax":null,"Value":140},{"Length":38,"Height":12,"Demand":5,"DemandMax":null,"Value":456},{"Length":98,"Height":7,"Demand":5,"DemandMax":null,"Value":686},{"Length":26,"Height":13,"Demand":5,"DemandMax":null,"Value":338},{"Length":6,"Height":20,"Demand":5,"DemandMax":null,"Value":120},{"Length":30,"Height":43,"Demand":5,"DemandMax":null,"Value":1290},{"Length":14,"Height":38,"Demand":5,"DemandMax":null,"Value":532},{"Length":6,"Height":16,"Demand":15,"DemandMax":null,"Value":96},{"Length":52,"Height":4,"Demand":5,"DemandMax":null,"Value":208},{"Length":17,"Height":14,"Demand":5,"DemandMax":null,"Value":238},{"Length":63,"Height":4,"Demand":5,"DemandMax":null,"Value":252},{"Length":4,"Height":52,"Demand":5,"DemandMax":null,"Value":208},{"Length":29,"Height":17,"Demand":5,"DemandMax":null,"Value":493},{"Length":22,"Height":24,"Demand":5,"DemandMax":null,"Value":528},{"Length":117,"Height":7,"Demand":5,"DemandMax":null,"Value":819},{"Length":6,"Height":37,"Demand":5,"DemandMax":null,"Value":222},{"Length":26,"Height":3,"Demand":10,"DemandMax":null,"Value":78},{"Length":4,"Height":64,"Demand":5,"DemandMax":null,"Value":256},{"Length":21,"Height":21,"Demand":5,"DemandMax":null,"Value":441},{"Length":56,"Height":5,"Demand":5,"DemandMax":null,"Value":280},{"Length":32,"Height":8,"Demand":5,"DemandMax":null,"Value":256},{"Length":116,"Height":3,"Demand":5,"DemandMax":null,"Value":348},{"Length":22,"Height":6,"Demand":5,"DemandMax":null,"Value":132},{"Length":22,"Height":13,"Demand":5,"DemandMax":null,"Value":286},{"Length":9,"Height":17,"Demand":5,"DemandMax":null,"Value":153},{"Length":50,"Height":24,"Demand":5,"DemandMax":null,"Value":1200},{"Length":17,"Height":4,"Demand":10,"DemandMax":null,"Value":68},{"Length":3,"Height":41,"Demand":5,"DemandMax":null,"Value":123},{"Length":4,"Height":29,"Demand":5,"DemandMax":null,"Value":116},{"Length":10,"Height":77,"Demand":5,"DemandMax":null,"Value":770},{"Length":35,"Height":41,"Demand":5,"DemandMax":null,"Value":1435},{"Length":2,"Height":108,"Demand":5,"DemandMax":null,"Value":216},{"Length":18,"Height":20,"Demand":5,"DemandMax":null,"Value":360},{"Length":14,"Height":13,"Demand":5,"DemandMax":null,"Value":182},{"Length":5,"Height":23,"Demand":5,"DemandMax":null,"Value":115},{"Length":8,"Height":18,"Demand":5,"DemandMax":null,"Value":144},{"Length":11,"Height":10,"Demand":5,"DemandMax":null,"Value":110},{"Length":54,"Height":2,"Demand":5,"DemandMax":null,"Value":108},{"Length":36,"Height":49,"Demand":5,"DemandMax":null,"Value":1764},{"Length":11,"Height":47,"Demand":5,"DemandMax":null,"Value":517},{"Length":5,"Height":21,"Demand":5,"DemandMax":null,"Value":105},{"Length":59,"Height":1,"Demand":5,"DemandMax":null,"Value":59},{"Length":82,"Height":1,"Demand":5,"DemandMax":null,"Value":82},{"Length":11,"Height":30,"Demand":5,"DemandMax":null,"Value":330},{"Length":4,"Height":44,"Demand":5,"DemandMax":null,"Value":176},{"Length":6,"Height":33,"Demand":5,"DemandMax":null,"Value":198},{"Length":43,"Height":3,"Demand":5,"DemandMax":null,"Value":129},{"Length":2,"Height":59,"Demand":5,"DemandMax":null,"Value":118},{"Length":3,"Height":77,"Demand":5,"DemandMax":null,"Value":231},{"Length":6,"Height":100,"Demand":5,"DemandMax":null,"Value":600},{"Length":5,"Height":40,"Demand":5,"DemandMax":null,"Value":200},{"Length":24,"Height":2,"Demand":5,"DemandMax":null,"Value":48},{"Length":24,"Height":19,"Demand":5,"DemandMax":null,"Value":456},{"Length":5,"Height":12,"Demand":20,"DemandMax":null,"Value":60},{"Length":65,"Height":1,"Demand":5,"DemandMax":null,"Value":65},{"Length":16,"Height":33,"Demand":5,"DemandMax":null,"Value":528},{"Length":103,"Height":1,"Demand":5,"DemandMax":null,"Value":103},{"Length":11,"Height":24,"Demand":5,"DemandMax":null,"Value":264},{"Length":27,"Height":5,"Demand":5,"DemandMax":null,"Value":135},{"Length":2,"Height":35,"Demand":5,"DemandMax":null,"Value":70},{"Length":22,"Height":11,"Demand":5,"DemandMax":null,"Value":242},{"Length":38,"Height":10,"Demand":5,"DemandMax":null,"Value":380},{"Length":7,"Height":36,"Demand":5,"DemandMax":null,"Value":252},{"Length":4,"Height":15,"Demand":5,"DemandMax":null,"Value":60},{"Length":3,"Height":53,"Demand":5,"DemandMax":null,"Value":159},{"Length":7,"Height":41,"Demand":5,"DemandMax":null,"Value":287},{"Length":1,"Height":55,"Demand":5,"DemandMax":null,"Value":55},{"Length":41,"Height":15,"Demand":5,"DemandMax":null,"Value":615},{"Length":40,"Height":6,"Demand":5,"DemandMax":null,"Value":240},{"Length":8,"Height":8,"Demand":5,"DemandMax":null,"Value":64},{"Length":44,"Height":5,"Demand":5,"DemandMax":null,"Value":220},{"Length":11,"Height":29,"Demand":10,"DemandMax":null,"Value":319},{"Length":1,"Height":73,"Demand":5,"DemandMax":null,"Value":73},{"Length":6,"Height":15,"Demand":5,"DemandMax":null,"Value":90},{"Length":96,"Height":3,"Demand":5,"DemandMax":null,"Value":288},{"Length":54,"Height":5,"Demand":5,"DemandMax":null,"Value":270},{"Length":14,"Height":30,"Demand":5,"DemandMax":null,"Value":420},{"Length":68,"Height":3,"Demand":5,"DemandMax":null,"Value":204},{"Length":40,"Height":2,"Demand":5,"DemandMax":null,"Value":80},{"Length":99,"Height":2,"Demand":5,"DemandMax":null,"Value":198},{"Length":16,"Height":59,"Demand":5,"DemandMax":null,"Value":944},{"Length":6,"Height":35,"Demand":5,"DemandMax":null,"Value":210},{"Length":64,"Height":14,"Demand":5,"DemandMax":null,"Value":896},{"Length":72,"Height":1,"Demand":5,"DemandMax":null,"Value":72},{"Length":16,"Height":8,"Demand":5,"DemandMax":null,"Value":128},{"Length":25,"Height":8,"Demand":5,"DemandMax":null,"Value":200},{"Length":40,"Height":1,"Demand":5,"DemandMax":null,"Value":40},{"Length":48,"Height":35,"Demand":5,"DemandMax":null,"Value":1680},{"Length":12,"Height":47,"Demand":5,"DemandMax":null,"Value":564},{"Length":1,"Height":62,"Demand":10,"DemandMax":null,"Value":62},{"Length":9,"Height":22,"Demand":5,"DemandMax":null,"Value":198},{"Length":15,"Height":9,"Demand":5,"DemandMax":null,"Value":135},{"Length":16,"Height":50,"Demand":5,"DemandMax":null,"Value":800},{"Length":9,"Height":43,"Demand":5,"DemandMax":null,"Value":387},{"Length":22,"Height":4,"Demand":5,"DemandMax":null,"Value":88},{"Length":10,"Height":31,"Demand":5,"DemandMax":null,"Value":310},{"Length":36,"Height":5,"Demand":5,"DemandMax":null,"Value":180},{"Length":10,"Height":20,"Demand":5,"DemandMax":null,"Value":200},{"Length":16,"Height":32,"Demand":5,"DemandMax":null,"Value":512},{"Length":88,"Height":2,"Demand":5,"DemandMax":null,"Value":176},{"Length":44,"Height":2,"Demand":5,"DemandMax":null,"Value":88},{"Length":5,"Height":19,"Demand":5,"DemandMax":null,"Value":95},{"Length":9,"Height":88,"Demand":5,"DemandMax":null,"Value":792},{"Length":3,"Height":39,"Demand":5,"DemandMax":null,"Value":117},{"Length":17,"Height":5,"Demand":5,"DemandMax":null,"Value":85},{"Length":8,"Height":26,"Demand":5,"DemandMax":null,"Value":208},{"Length":7,"Height":22,"Demand":5,"DemandMax":null,"Value":154},{"Length":5,"Height":50,"Demand":5,"DemandMax":null,"Value":250},{"Length":32,"Height":4,"Demand":5,"DemandMax":null,"Value":128},{"Length":10,"Height":15,"Demand":5,"DemandMax":null,"Value":150},{"Length":24,"Height":33,"Demand":5,"DemandMax":null,"Value":792},{"Length":8,"Height":22,"Demand":5,"DemandMax":null,"Value":176},{"Length":41,"Height":4,"Demand":5,"DemandMax":null,"Value":164},{"Length":26,"Height":28,"Demand":5,"DemandMax":null,"Value":728},{"Length":26,"Height":4,"Demand":5,"DemandMax":null,"Value":104},{"Length":16,"Height":12,"Demand":5,"DemandMax":null,"Value":192},{"Length":4,"Height":25,"Demand":5,"DemandMax":null,"Value":100}]}