{"Name":"zdf4","Objects":[{"Length":100,"Height":null,"Stock":null,"Cost":null}],"Items":[{"Length":5,"Height":4,"Demand":28,"DemandMax":null,"Value":20},{"Length":3,"Height":6,"Demand":12,"DemandMax":null,"Value":18},{"Length":3,"Height":5,"Demand":40,"DemandMax":null,"Value":15},{"Length":3,"Height":3,"Demand":112,"DemandMax":null,"Value":9},{"Length":4,"Height":28,"Demand":1,"DemandMax":null,"Value":112},{"Length":4,"Height":75,"Demand":1,"DemandMax":null,"Value":300},{"Length":3,"Height":13,"Demand":2,"DemandMax":null,"Value":39},{"Length":5,"Height":5,"Demand":15,"DemandMax":null,"Value":25},{"Length":15,"Height":23,"Demand":1,"DemandMax":null,"Value":345},{"Length":3,"Height":4,"Demand":59,"DemandMax":null,"Value":12},{"Length":8,"Height":6,"Demand":9,"DemandMax":null,"Value":48},{"Length":49,"Height":3,"Demand":1,"DemandMax":null,"Value":147},{"Length":22,"Height":5,"Demand":1,"DemandMax":null,"Value":110},{"Length":18,"Height":24,"Demand":1,"DemandMax":null,"Value":432},{"Length":5,"Height":34,"Demand":1,"DemandMax":null,"Value":170},{"Length":4,"Height":4,"Demand":12,"DemandMax":null,"Value":16},{"Length":5,"Height":3,"Demand":29,"DemandMax":null,"Value":15},{"Length":4,"Height":5,"Demand":19,"DemandMax":null,"Value":20},{"Length":4,"Height":6,"Demand":3,"DemandMax":null,"Value":24},{"Length":9,"Height":3,"Demand":3,"DemandMax":null,"Value":27},{"Length":9,"Height":23,"Demand":1,"DemandMax":null,"Value":207},{"Length":3,"Height":7,"Demand":10,"DemandMax":null,"Value":21},{"Length":5,"Height":7,"Demand":2,"DemandMax":null,"Value":35},{"Length":19,"Height":12,"Demand":1,"DemandMax":null,"Value":228},{"Length":12,"Height":31,"Demand":1,"DemandMax":null,"Value":372},{"Length":4,"Height":11,"Demand":2,"DemandMax":null,"Value":44},{"Length":3,"Height":16,"Demand":1,"DemandMax":null,"Value":48},{"Length":4,"Height":3,"Demand":32,"DemandMax":null,"Value":12},{"Length":31,"Height":3,"Demand":1,"DemandMax":null,"Value":93},{"Length":4,"Height":10,"Demand":4,"DemandMax":null,"Value":40},{"Length":5,"Height":18,"Demand":2,"DemandMax":null,"Value":90},{"Length":15,"Height":8,"Demand":1,"DemandMax":null,"Value":120},{"Length":3,"Height":12,"Demand":5,"DemandMax":null,"Value":36},{"Length":12,"Height":3,"Demand":7,"DemandMax":null,"Value":36},{"Length":36,"Height":33,"Demand":1,"DemandMax":null,"Value":1188},{"Length":3,"Height":9,"Demand":2,"DemandMax":null,"Value":27},{"Length":3,"Height":21,"Demand":4,"DemandMax":null,"Value":63},{"Length":33,"Height":18,"Demand":1,"DemandMax":null,"Value":594},{"Length":16,"Height":8,"Demand":1,"DemandMax":null,"Value":128},{"Length":9,"Height":8,"Demand":5,"DemandMax":null,"Value":72},{"Length":7,"Height":33,"Demand":1,"DemandMax":null,"Value":231},{"Length":3,"Height":28,"Demand":1,"DemandMax":null,"Value":84},{"Length":36,"Height":27,"Demand":1,"DemandMax":null,"Value":972},{"Length":3,"Height":10,"Demand":5,"DemandMax":null,"Value":30},{"Length":3,"Height":8,"Demand":11,"DemandMax":null,"Value":24},{"Length":3,"Height":14,"Demand":1,"DemandMax":null,"Value":42},{"Length":5,"Height":51,"Demand":1,"DemandMax":null,"Value":255},{"Length":4,"Height":26,"Demand":1,"DemandMax":null,"Value":104},{"Length":31,"Height":5,"Demand":1,"DemandMax":null,"Value":155},{"Length":3,"Height":35,"Demand":1,"DemandMax":null,"Value":105},{"Length":5,"Height":11,"Demand":2,"DemandMax":null,"Value":55},{"Length":28,"Height":5,"Demand":1,"DemandMax":null,"Value":140},{"Length":3,"Height":18,"Demand":1,"DemandMax":null,"Value":54},{"Length":5,"Height":8,"Demand":2,"DemandMax":null,"Value":40},{"Length":22,"Height":10,"Demand":1,"DemandMax":null,"Value":220},{"Length":40,"Height":10,"Demand":1,"DemandMax":null,"Value":400},{"Length":12,"Height":5,"Demand":1,"DemandMax":null,"Value":60},{"Length":9,"Height":18,"Demand":1,"DemandMax":null,"Value":162},{"Length":9,"Height":34,"Demand":1,"DemandMax":null,"Value":306},{"Length":20,"Height":4,"Demand":1,"DemandMax":null,"Value":80},{"Length":5,"Height":20,"Demand":2,"DemandMax":null,"Value":100},{"Length":4,"Height":16,"Demand":2,"DemandMax":null,"Value":64},{"Length":3,"Height":26,"Demand":1,"DemandMax":null,"Value":78},{"Length":6,"Height":98,"Demand":1,"DemandMax":null,"Value":588},{"Length":17,"Height":3,"Demand":2,"DemandMax":null,"Value":51},{"Length":5,"Height":16,"Demand":1,"DemandMax":null,"Value":80},{"Length":9,"Height":5,"Demand":2,"DemandMax":null,"Value":45},{"Length":3,"Height":36,"Demand":1,"DemandMax":null,"Value":108},{"Length":5,"Height":9,"Demand":1,"DemandMax":null,"Value":45},{"Length":7,"Height":6,"Demand":5,"DemandMax":null,"Value":42},{"Length":18,"Height":3,"Demand":1,"DemandMax":null,"Value":54},{"Length":54,"Height":13,"Demand":1,"DemandMax":null,"Value":702},{"Length":8,"Height":4,"Demand":9,"DemandMax":null,"Value":32},{"Length":10,"Height":27,"Demand":1,"DemandMax":null,"Value":270},{"Length":10,"Height":10,"Demand":1,"DemandMax":null,"Value":100},{"Length":12,"Height":19,"Demand":1,"DemandMax":null,"Value":228},{"Length":12,"Height":4,"Demand":1,"DemandMax":null,"Value":48},{"Length":14,"Height":3,"Demand":1,"DemandMax":null,"Value":42},{"Length":3,"Height":17,"Demand":1,"DemandMax":null,"Value":51},{"Length":3,"Height":68,"Demand":1,"DemandMax":null,"Value":204},{"Length":3,"Height":23,"Demand":1,"DemandMax":null,"Value":69},{"Length":10,"Height":17,"Demand":1,"DemandMax":null,"Value":170},{"Length":7,"Height":15,"Demand":1,"DemandMax":null,"Value":105},{"Length":5,"Height":13,"Demand":1,"DemandMax":null,"Value":65},{"Length":3,"Height":44,"Demand":1,"DemandMax":null,"Value":132},{"Length":5,"Height":23,"Demand":1,"DemandMax":null,"Value":115},{"Length":3,"Height":51,"Demand":1,"DemandMax":null,"Value":153},{"Length":18,"Height":5,"Demand":1,"DemandMax":null,"Value":90},{"Length":43,"Height":11,"Demand":1,"DemandMax":null,"Value":473},{"Length":8,"Height":98,"Demand":1,"DemandMax":null,"Value":784},{"Length":6,"Height":5,"Demand":5,"DemandMax":null,"Value":30},{"Length":6,"Height":7,"Demand":1,"DemandMax":null,"Value":42},{"Length":31,"Height":61,"Demand":1,"DemandMax":null,"Value":1891},{"Length":3,"Height":33,"Demand":1,"DemandMax":null,"Value":99},{"Length":7,"Height":20,"Demand":1,"DemandMax":null,"Value":140},{"Length":4,"Height":8,"Demand":5,"DemandMax":null,"Value":32},{"Length":21,"Height":3,"Demand":1,"DemandMax":null,"Value":63},{"Length":5,"Height":6,"Demand":7,"DemandMax":null,"Value":30},{"Length":3,"Height":11,"Demand":1,"DemandMax":null,"Value":33},{"Length":4,"Height":13,"Demand":1,"DemandMax":null,"Value":52},{"Length":12,"Height":33,"Demand":1,"DemandMax":null,"Value":396},{"Length":10,"Height":125,"Demand":1,"DemandMax":null,"Value":1250},{"Length":6,"Height":35,"Demand":1,"DemandMax":null,"Value":210},{"Length":7,"Height":4,"Demand":1,"DemandMax":null,"Value":28},{"Length":11,"Height":3,"Demand":10,"DemandMax":null,"Value":33},{"Length":3,"Height":29,"Demand":1,"DemandMax":null,"Value":87},{"Length":5,"Height":94,"Demand":1,"DemandMax":null,"Value":470},{"Length":14,"Height":27,"Demand":1,"DemandMax":null,"Value":378},{"Length":5,"Height":10,"Demand":2,"DemandMax":null,"Value":50},{"Length":4,"Height":7,"Demand":10,"DemandMax":null,"Value":28},{"Length":6,"Height":8,"Demand":1,"DemandMax":null,"Value":48},{"Length":4,"Height":14,"Demand":1,"DemandMax":null,"Value":56},{"Length":24,"Height":4,"Demand":1,"DemandMax":null,"Value":96},{"Length":7,"Height":3,"Demand":10,"DemandMax":null,"Value":21},{"Length":8,"Height":7,"Demand":5,"DemandMax":null,"Value":56},{"Length":18,"Height":25,"Demand":2,"DemandMax":null,"Value":450},{"Length":8,"Height":58,"Demand":1,"DemandMax":null,"Value":464},{"Length":4,"Height":24,"Demand":1,"DemandMax":null,"Value":96},{"Length":14,"Height":5,"Demand":1,"DemandMax":null,"Value":70},{"Length":10,"Height":25,"Demand":1,"DemandMax":null,"Value":250},{"Length":30,"Height":4,"Demand":1,"DemandMax":null,"Value":120},{"Length":11,"Height":49,"Demand":1,"DemandMax":null,"Value":539},{"Length":15,"Height":4,"Demand":1,"DemandMax":null,"Value":60},{"Length":54,"Height":19,"Demand":1,"DemandMax":null,"Value":1026},{"Length":3,"Height":25,"Demand":1,"DemandMax":null,"Value":75},{"Length":18,"Height":9,"Demand":1,"DemandMax":null,"Value":162},{"Length":8,"Height":3,"Demand":9,"DemandMax":null,"Value":24},{"Length":34,"Height":12,"Demand":1,"DemandMax":null,"Value":408},{"Length":6,"Height":16,"Demand":1,"DemandMax":null,"Value":96},{"Length":4,"Height":9,"Demand":1,"DemandMax":null,"Value":36},{"Length":6,"Height":12,"Demand":1,"DemandMax":null,"Value":72},{"Length":11,"Height":4,"Demand":12,"DemandMax":null,"Value":44},{"Length":10,"Height":3,"Demand":12,"DemandMax":null,"Value":30},{"Length":12,"Height":6,"Demand":8,"DemandMax":null,"Value":72},{"Length":11,"Height":6,"Demand":4,"DemandMax":null,"Value":66},{"Length":12,"Height":8,"Demand":4,"DemandMax":null,"Value":96},{"Length":9,"Height":1,"Demand":8,"DemandMax":null,"Value":9},{"Length":1,"Height":3,"Demand":8,"DemandMax":null,"Value":3},{"Length":11,"Height":1,"Demand":4,"DemandMax":null,"Value":11},{"Length":11,"Height":5,"Demand":12,"DemandMax":null,"Value":55},{"Length":1,"Height":7,"Demand":4,"DemandMax":null,"Value":7},{"Length":7,"Height":8,"Demand":4,"DemandMax":null,"Value":56},{"Length":2,"Height":8,"Demand":4,"DemandMax":null,"Value":16},{"Length":2,"Height":7,"Demand":4,"DemandMax":null,"Value":14},{"Length":12,"Height":7,"Demand":12,"DemandMax":null,"Value":84},{"Length":1,"Height":2,"Demand":4,"DemandMax":null,"Value":2},{"Length":1,"Height":1,"Demand":4,"DemandMax":null,"Value":1},{"Length":8,"Height":8,"Demand":8,"DemandMax":null,"Value":64},{"Length":4,"Height":1,"Demand":4,"DemandMax":null,"Value":4},{"Length":10,"Height":7,"Demand":4,"DemandMax":null,"Value":70},{"Length":3,"Height":2,"Demand":4,"DemandMax":null,"Value":6},{"Length":7,"Height":7,"Demand":4,"DemandMax":null,"Value":49},{"Length":11,"Height":8,"Demand":4,"DemandMax":null,"Value":88},{"Length":10,"Height":5,"Demand":4,"DemandMax":null,"Value":50},{"Length":2,"Height":3,"Demand":4,"DemandMax":null,"Value":6},{"Length":8,"Height":1,"Demand":4,"DemandMax":null,"Value":8},{"Length":8,"Height":5,"Demand":4,"DemandMax":null,"Value":40},{"Length":7,"Height":2,"Demand":4,"DemandMax":null,"Value":14},{"Length":6,"Height":2,"Demand":4,"DemandMax":null,"Value":12},{"Length":9,"Height":2,"Demand":8,"DemandMax":null,"Value":18},{"Length":1,"Height":5,"Demand":4,"DemandMax":null,"Value":5},{"Length":5,"Height":2,"Demand":4,"DemandMax":null,"Value":10},{"Length":3,"Height":1,"Demand":4,"DemandMax":null,"Value":3},{"Length":11,"Height":7,"Demand":4,"DemandMax":null,"Value":77},{"Length":10,"Height":4,"Demand":12,"DemandMax":null,"Value":40},{"Length":11,"Height":2,"Demand":4,"DemandMax":null,"Value":22},{"Length":2,"Height":6,"Demand":4,"DemandMax":null,"Value":12},{"Length":2,"Height":4,"Demand":4,"DemandMax":null,"Value":8}]}