{"Name":"MB_C6_48","Objects":[{"Length":300,"Height":300,"Stock":null,"Cost":90000},{"Length":155,"Height":276,"Stock":null,"Cost":33336},{"Length":204,"Height":213,"Stock":null,"Cost":34142},{"Length":180,"Height":168,"Stock":null,"Cost":18288},{"Length":251,"Height":196,"Stock":null,"Cost":41035}],"Items":[{"Length":47,"Height":76,"Demand":1,"DemandMax":null,"Value":3572},{"Length":71,"Height":71,"Demand":1,"DemandMax":null,"Value":5041},{"Length":1,"Height":67,"Demand":1,"DemandMax":null,"Value":67},{"Length":59,"Height":52,"Demand":1,"DemandMax":null,"Value":3068},{"Length":1,"Height":49,"Demand":1,"DemandMax":null,"Value":49},{"Length":17,"Height":13,"Demand":1,"DemandMax":null,"Value":221},{"Length":27,"Height":33,"Demand":1,"DemandMax":null,"Value":891},{"Length":88,"Height":32,"Demand":1,"DemandMax":null,"Value":2816},{"Length":88,"Height":65,"Demand":1,"DemandMax":null,"Value":5720},{"Length":51,"Height":20,"Demand":1,"DemandMax":null,"Value":1020},{"Length":30,"Height":21,"Demand":1,"DemandMax":null,"Value":630},{"Length":16,"Height":22,"Demand":1,"DemandMax":null,"Value":352},{"Length":30,"Height":13,"Demand":1,"DemandMax":null,"Value":390},{"Length":28,"Height":16,"Demand":1,"DemandMax":null,"Value":448},{"Length":99,"Height":86,"Demand":1,"DemandMax":null,"Value":8514},{"Length":65,"Height":12,"Demand":1,"DemandMax":null,"Value":780},{"Length":82,"Height":17,"Demand":1,"DemandMax":null,"Value":1394},{"Length":39,"Height":55,"Demand":1,"DemandMax":null,"Value":2145},{"Length":57,"Height":17,"Demand":1,"DemandMax":null,"Value":969},{"Length":92,"Height":23,"Demand":1,"DemandMax":null,"Value":2116},{"Length":34,"Height":30,"Demand":1,"DemandMax":null,"Value":1020},{"Length":4,"Height":27,"Demand":1,"DemandMax":null,"Value":108},{"Length":58,"Height":36,"Demand":1,"DemandMax":null,"Value":2088},{"Length":84,"Height":11,"Demand":1,"DemandMax":null,"Value":924},{"Length":6,"Height":43,"Demand":1,"DemandMax":null,"Value":258},{"Length":79,"Height":54,"Demand":1,"DemandMax":null,"Value":4266},{"Length":91,"Height":98,"Demand":1,"DemandMax":null,"Value":8918},{"Length":65,"Height":65,"Demand":1,"DemandMax":null,"Value":4225},{"Length":56,"Height":78,"Demand":1,"DemandMax":null,"Value":4368},{"Length":54,"Height":91,"Demand":1,"DemandMax":null,"Value":4914},{"Length":80,"Height":93,"Demand":1,"DemandMax":null,"Value":7440},{"Length":89,"Height":8,"Demand":1,"DemandMax":null,"Value":712},{"Length":72,"Height":89,"Demand":1,"DemandMax":null,"Value":6408},{"Length":50,"Height":27,"Demand":1,"DemandMax":null,"Value":1350},{"Length":78,"Height":44,"Demand":1,"DemandMax":null,"Value":3432},{"Length":46,"Height":94,"Demand":1,"DemandMax":null,"Value":4324},{"Length":76,"Height":67,"Demand":1,"DemandMax":null,"Value":5092},{"Length":23,"Height":85,"Demand":1,"DemandMax":null,"Value":1955},{"Length":76,"Height":4,"Demand":1,"DemandMax":null,"Value":304},{"Length":58,"Height":12,"Demand":1,"DemandMax":null,"Value":696},{"Length":24,"Height":33,"Demand":1,"DemandMax":null,"Value":792},{"Length":62,"Height":20,"Demand":1,"DemandMax":null,"Value":1240},{"Length":96,"Height":64,"Demand":1,"DemandMax":null,"Value":6144},{"Length":80,"Height":86,"Demand":1,"DemandMax":null,"Value":6880},{"Length":4,"Height":42,"Demand":1,"DemandMax":null,"Value":168},{"Length":90,"Height":21,"Demand":1,"DemandMax":null,"Value":1890},{"Length":92,"Height":45,"Demand":1,"DemandMax":null,"Value":4140},{"Length":2,"Height":70,"Demand":1,"DemandMax":null,"Value":140},{"Length":39,"Height":84,"Demand":1,"DemandMax":null,"Value":3276},{"Length":61,"Height":10,"Demand":1,"DemandMax":null,"Value":610},{"Length":55,"Height":3,"Demand":1,"DemandMax":null,"Value":165},{"Length":44,"Height":53,"Demand":1,"DemandMax":null,"Value":2332},{"Length":85,"Height":81,"Demand":1,"DemandMax":null,"Value":6885},{"Length":64,"Height":42,"Demand":1,"DemandMax":null,"Value":2688},{"Length":6,"Height":27,"Demand":1,"DemandMax":null,"Value":162},{"Length":64,"Height":57,"Demand":1,"DemandMax":null,"Value":3648},{"Length":29,"Height":88,"Demand":1,"DemandMax":null,"Value":2552},{"Length":23,"Height":8,"Demand":1,"DemandMax":null,"Value":184},{"Length":100,"Height":40,"Demand":1,"DemandMax":null,"Value":4000},{"Length":50,"Height":39,"Demand":1,"DemandMax":null,"Value":1950},{"Length":95,"Height":94,"Demand":1,"DemandMax":null,"Value":8930},{"Length":91,"Height":28,"Demand":1,"DemandMax":null,"Value":2548},{"Length":27,"Height":96,"Demand":1,"DemandMax":null,"Value":2592},{"Length":24,"Height":86,"Demand":1,"DemandMax":null,"Value":2064},{"Length":39,"Height":22,"Demand":1,"DemandMax":null,"Value":858},{"Length":59,"Height":58,"Demand":1,"DemandMax":null,"Value":3422},{"Length":9,"Height":84,"Demand":1,"DemandMax":null,"Value":756},{"Length":42,"Height":22,"Demand":1,"DemandMax":null,"Value":924},{"Length":48,"Height":27,"Demand":1,"DemandMax":null,"Value":1296},{"Length":49,"Height":88,"Demand":1,"DemandMax":null,"Value":4312},{"Length":1,"Height":28,"Demand":1,"DemandMax":null,"Value":28},{"Length":92,"Height":1,"Demand":1,"DemandMax":null,"Value":92},{"Length":45,"Height":98,"Demand":1,"DemandMax":null,"Value":4410},{"Length":15,"Height":39,"Demand":1,"DemandMax":null,"Value":585},{"Length":92,"Height":81,"Demand":1,"DemandMax":null,"Value":7452},{"Length":97,"Height":13,"Demand":1,"DemandMax":null,"Value":1261},{"Length":86,"Height":57,"Demand":1,"DemandMax":null,"Value":4902},{"Length":48,"Height":67,"Demand":1,"DemandMax":null,"Value":3216},{"Length":5,"Height":34,"Demand":1,"DemandMax":null,"Value":170},{"Length":13,"Height":80,"Demand":1,"DemandMax":null,"Value":1040},{"Length":60,"Height":59,"Demand":1,"DemandMax":null,"Value":3540},{"Length":69,"Height":61,"Demand":1,"DemandMax":null,"Value":4209},{"Length":95,"Height":9,"Demand":1,"DemandMax":null,"Value":855},{"Length":27,"Height":57,"Demand":1,"DemandMax":null,"Value":1539},{"Length":88,"Height":94,"Demand":1,"DemandMax":null,"Value":8272},{"Length":33,"Height":44,"Demand":1,"DemandMax":null,"Value":1452},{"Length":51,"Height":60,"Demand":1,"DemandMax":null,"Value":3060},{"Length":63,"Height":33,"Demand":1,"DemandMax":null,"Value":2079},{"Length":27,"Height":84,"Demand":1,"DemandMax":null,"Value":2268},{"Length":30,"Height":70,"Demand":1,"DemandMax":null,"Value":2100},{"Length":95,"Height":78,"Demand":1,"DemandMax":null,"Value":7410},{"Length":77,"Height":31,"Demand":1,"DemandMax":null,"Value":2387},{"Length":65,"Height":85,"Demand":1,"DemandMax":null,"Value":5525},{"Length":82,"Height":28,"Demand":1,"DemandMax":null,"Value":2296},{"Length":82,"Height":83,"Demand":1,"DemandMax":null,"Value":6806},{"Length":56,"Height":6,"Demand":1,"DemandMax":null,"Value":336},{"Length":24,"Height":85,"Demand":1,"DemandMax":null,"Value":2040},{"Length":44,"Height":42,"Demand":1,"DemandMax":null,"Value":1848},{"Length":2,"Height":33,"Demand":1,"DemandMax":null,"Value":66},{"Length":23,"Height":47,"Demand":1,"DemandMax":null,"Value":1081}]}