{"Name":"MB_C4_1","Objects":[{"Length":100,"Height":100,"Stock":null,"Cost":10000},{"Length":50,"Height":94,"Stock":null,"Cost":3640},{"Length":86,"Height":75,"Stock":null,"Cost":5740},{"Length":83,"Height":50,"Stock":null,"Cost":2980},{"Length":83,"Height":53,"Stock":null,"Cost":3278}],"Items":[{"Length":30,"Height":18,"Demand":1,"DemandMax":null,"Value":540},{"Length":5,"Height":13,"Demand":1,"DemandMax":null,"Value":65},{"Length":19,"Height":33,"Demand":1,"DemandMax":null,"Value":627},{"Length":22,"Height":17,"Demand":1,"DemandMax":null,"Value":374},{"Length":9,"Height":18,"Demand":1,"DemandMax":null,"Value":162},{"Length":24,"Height":34,"Demand":1,"DemandMax":null,"Value":816},{"Length":16,"Height":1,"Demand":1,"DemandMax":null,"Value":16},{"Length":15,"Height":9,"Demand":1,"DemandMax":null,"Value":135},{"Length":31,"Height":19,"Demand":1,"DemandMax":null,"Value":589},{"Length":11,"Height":4,"Demand":1,"DemandMax":null,"Value":44},{"Length":23,"Height":19,"Demand":1,"DemandMax":null,"Value":437},{"Length":4,"Height":24,"Demand":1,"DemandMax":null,"Value":96},{"Length":9,"Height":27,"Demand":1,"DemandMax":null,"Value":243},{"Length":33,"Height":13,"Demand":1,"DemandMax":null,"Value":429},{"Length":15,"Height":13,"Demand":1,"DemandMax":null,"Value":195},{"Length":9,"Height":34,"Demand":1,"DemandMax":null,"Value":306},{"Length":10,"Height":27,"Demand":1,"DemandMax":null,"Value":270},{"Length":28,"Height":22,"Demand":1,"DemandMax":null,"Value":616},{"Length":11,"Height":26,"Demand":1,"DemandMax":null,"Value":286},{"Length":25,"Height":25,"Demand":1,"DemandMax":null,"Value":625}]}