{"Name":"MB_C9_6","Objects":[{"Length":100,"Height":100,"Stock":null,"Cost":10000},{"Length":59,"Height":85,"Stock":null,"Cost":4018},{"Length":88,"Height":83,"Stock":null,"Cost":6764},{"Length":79,"Height":93,"Stock":null,"Cost":6816},{"Length":52,"Height":88,"Stock":null,"Cost":3491}],"Items":[{"Length":56,"Height":56,"Demand":1,"DemandMax":null,"Value":3136},{"Length":93,"Height":61,"Demand":1,"DemandMax":null,"Value":5673},{"Length":92,"Height":86,"Demand":1,"DemandMax":null,"Value":7912},{"Length":99,"Height":49,"Demand":1,"DemandMax":null,"Value":4851},{"Length":80,"Height":93,"Demand":1,"DemandMax":null,"Value":7440},{"Length":81,"Height":88,"Demand":1,"DemandMax":null,"Value":7128},{"Length":70,"Height":78,"Demand":1,"DemandMax":null,"Value":5460},{"Length":42,"Height":87,"Demand":1,"DemandMax":null,"Value":3654},{"Length":15,"Height":41,"Demand":1,"DemandMax":null,"Value":615},{"Length":81,"Height":76,"Demand":1,"DemandMax":null,"Value":6156},{"Length":11,"Height":32,"Demand":1,"DemandMax":null,"Value":352},{"Length":98,"Height":75,"Demand":1,"DemandMax":null,"Value":7350},{"Length":60,"Height":50,"Demand":1,"DemandMax":null,"Value":3000},{"Length":43,"Height":27,"Demand":1,"DemandMax":null,"Value":1161},{"Length":63,"Height":97,"Demand":1,"DemandMax":null,"Value":6111},{"Length":65,"Height":81,"Demand":1,"DemandMax":null,"Value":5265},{"Length":78,"Height":22,"Demand":1,"DemandMax":null,"Value":1716},{"Length":65,"Height":88,"Demand":1,"DemandMax":null,"Value":5720},{"Length":76,"Height":74,"Demand":1,"DemandMax":null,"Value":5624},{"Length":95,"Height":99,"Demand":1,"DemandMax":null,"Value":9405}]}