{"Name":"MB_C4_10","Objects":[{"Length":100,"Height":100,"Stock":null,"Cost":10000},{"Length":97,"Height":64,"Stock":null,"Cost":5449},{"Length":75,"Height":63,"Stock":null,"Cost":3670},{"Length":60,"Height":68,"Stock":null,"Cost":2896},{"Length":59,"Height":98,"Stock":null,"Cost":4938}],"Items":[{"Length":34,"Height":27,"Demand":1,"DemandMax":null,"Value":918},{"Length":18,"Height":19,"Demand":1,"DemandMax":null,"Value":342},{"Length":4,"Height":11,"Demand":2,"DemandMax":null,"Value":44},{"Length":35,"Height":34,"Demand":1,"DemandMax":null,"Value":1190},{"Length":26,"Height":26,"Demand":1,"DemandMax":null,"Value":676},{"Length":7,"Height":7,"Demand":1,"DemandMax":null,"Value":49},{"Length":21,"Height":7,"Demand":1,"DemandMax":null,"Value":147},{"Length":19,"Height":35,"Demand":1,"DemandMax":null,"Value":665},{"Length":29,"Height":5,"Demand":1,"DemandMax":null,"Value":145},{"Length":27,"Height":17,"Demand":1,"DemandMax":null,"Value":459},{"Length":31,"Height":11,"Demand":1,"DemandMax":null,"Value":341},{"Length":2,"Height":5,"Demand":1,"DemandMax":null,"Value":10},{"Length":17,"Height":30,"Demand":1,"DemandMax":null,"Value":510},{"Length":27,"Height":24,"Demand":1,"DemandMax":null,"Value":648},{"Length":28,"Height":7,"Demand":1,"DemandMax":null,"Value":196},{"Length":27,"Height":9,"Demand":1,"DemandMax":null,"Value":243},{"Length":9,"Height":4,"Demand":1,"DemandMax":null,"Value":36},{"Length":21,"Height":26,"Demand":1,"DemandMax":null,"Value":546},{"Length":9,"Height":21,"Demand":1,"DemandMax":null,"Value":189}]}