{"Name":"MB_C8_7","Objects":[{"Length":100,"Height":100,"Stock":null,"Cost":10000},{"Length":75,"Height":86,"Stock":null,"Cost":5740},{"Length":60,"Height":59,"Stock":null,"Cost":2248},{"Length":61,"Height":57,"Stock":null,"Cost":2172},{"Length":60,"Height":92,"Stock":null,"Cost":4623}],"Items":[{"Length":99,"Height":3,"Demand":1,"DemandMax":null,"Value":297},{"Length":35,"Height":11,"Demand":1,"DemandMax":null,"Value":385},{"Length":76,"Height":44,"Demand":1,"DemandMax":null,"Value":3344},{"Length":72,"Height":47,"Demand":1,"DemandMax":null,"Value":3384},{"Length":12,"Height":92,"Demand":1,"DemandMax":null,"Value":1104},{"Length":39,"Height":11,"Demand":1,"DemandMax":null,"Value":429},{"Length":35,"Height":90,"Demand":1,"DemandMax":null,"Value":3150},{"Length":79,"Height":4,"Demand":1,"DemandMax":null,"Value":316},{"Length":37,"Height":35,"Demand":1,"DemandMax":null,"Value":1295},{"Length":68,"Height":24,"Demand":1,"DemandMax":null,"Value":1632},{"Length":16,"Height":92,"Demand":1,"DemandMax":null,"Value":1472},{"Length":94,"Height":22,"Demand":1,"DemandMax":null,"Value":2068},{"Length":82,"Height":44,"Demand":1,"DemandMax":null,"Value":3608},{"Length":87,"Height":48,"Demand":1,"DemandMax":null,"Value":4176},{"Length":71,"Height":3,"Demand":1,"DemandMax":null,"Value":213},{"Length":82,"Height":2,"Demand":1,"DemandMax":null,"Value":164},{"Length":81,"Height":14,"Demand":1,"DemandMax":null,"Value":1134},{"Length":80,"Height":34,"Demand":1,"DemandMax":null,"Value":2720},{"Length":74,"Height":29,"Demand":1,"DemandMax":null,"Value":2146},{"Length":19,"Height":43,"Demand":1,"DemandMax":null,"Value":817}]}