{"Name":"MB_C8_13","Objects":[{"Length":100,"Height":100,"Stock":null,"Cost":10000},{"Length":90,"Height":58,"Stock":null,"Cost":4263},{"Length":70,"Height":93,"Stock":null,"Cost":5812},{"Length":88,"Height":78,"Stock":null,"Cost":6236},{"Length":86,"Height":56,"Stock":null,"Cost":3779}],"Items":[{"Length":70,"Height":7,"Demand":1,"DemandMax":null,"Value":490},{"Length":95,"Height":12,"Demand":1,"DemandMax":null,"Value":1140},{"Length":95,"Height":36,"Demand":1,"DemandMax":null,"Value":3420},{"Length":99,"Height":49,"Demand":1,"DemandMax":null,"Value":4851},{"Length":86,"Height":43,"Demand":1,"DemandMax":null,"Value":3698},{"Length":87,"Height":39,"Demand":1,"DemandMax":null,"Value":3393},{"Length":80,"Height":28,"Demand":1,"DemandMax":null,"Value":2240},{"Length":42,"Height":87,"Demand":1,"DemandMax":null,"Value":3654},{"Length":15,"Height":41,"Demand":1,"DemandMax":null,"Value":615},{"Length":87,"Height":27,"Demand":1,"DemandMax":null,"Value":2349},{"Length":11,"Height":32,"Demand":1,"DemandMax":null,"Value":352},{"Length":99,"Height":25,"Demand":1,"DemandMax":null,"Value":2475},{"Length":73,"Height":1,"Demand":1,"DemandMax":null,"Value":73},{"Length":43,"Height":27,"Demand":1,"DemandMax":null,"Value":1161},{"Length":74,"Height":48,"Demand":1,"DemandMax":null,"Value":3552},{"Length":76,"Height":31,"Demand":1,"DemandMax":null,"Value":2356},{"Length":78,"Height":22,"Demand":1,"DemandMax":null,"Value":1716},{"Length":76,"Height":39,"Demand":1,"DemandMax":null,"Value":2964},{"Length":84,"Height":25,"Demand":1,"DemandMax":null,"Value":2100},{"Length":96,"Height":49,"Demand":1,"DemandMax":null,"Value":4704},{"Length":92,"Height":5,"Demand":1,"DemandMax":null,"Value":460},{"Length":66,"Height":12,"Demand":1,"DemandMax":null,"Value":792},{"Length":67,"Height":13,"Demand":1,"DemandMax":null,"Value":871},{"Length":90,"Height":28,"Demand":1,"DemandMax":null,"Value":2520},{"Length":79,"Height":50,"Demand":1,"DemandMax":null,"Value":3950},{"Length":99,"Height":47,"Demand":1,"DemandMax":null,"Value":4653},{"Length":93,"Height":14,"Demand":1,"DemandMax":null,"Value":1302},{"Length":92,"Height":19,"Demand":1,"DemandMax":null,"Value":1748},{"Length":74,"Height":6,"Demand":1,"DemandMax":null,"Value":444},{"Length":69,"Height":44,"Demand":1,"DemandMax":null,"Value":3036},{"Length":92,"Height":26,"Demand":1,"DemandMax":null,"Value":2392},{"Length":66,"Height":22,"Demand":1,"DemandMax":null,"Value":1452},{"Length":77,"Height":24,"Demand":1,"DemandMax":null,"Value":1848},{"Length":75,"Height":51,"Demand":1,"DemandMax":null,"Value":3825},{"Length":48,"Height":100,"Demand":1,"DemandMax":null,"Value":4800},{"Length":85,"Height":36,"Demand":1,"DemandMax":null,"Value":3060},{"Length":88,"Height":4,"Demand":1,"DemandMax":null,"Value":352},{"Length":70,"Height":22,"Demand":1,"DemandMax":null,"Value":1540},{"Length":20,"Height":90,"Demand":1,"DemandMax":null,"Value":1800},{"Length":15,"Height":73,"Demand":1,"DemandMax":null,"Value":1095}]}