{"Name":"MB_C10_33","Objects":[{"Length":100,"Height":100,"Stock":null,"Cost":10000},{"Length":76,"Height":94,"Stock":null,"Cost":6572},{"Length":84,"Height":73,"Stock":null,"Cost":5358},{"Length":84,"Height":80,"Stock":null,"Cost":6064},{"Length":57,"Height":56,"Stock":null,"Cost":1830}],"Items":[{"Length":13,"Height":1,"Demand":1,"DemandMax":null,"Value":13},{"Length":33,"Height":24,"Demand":1,"DemandMax":null,"Value":792},{"Length":16,"Height":16,"Demand":1,"DemandMax":null,"Value":256},{"Length":7,"Height":98,"Demand":1,"DemandMax":null,"Value":686},{"Length":23,"Height":9,"Demand":1,"DemandMax":null,"Value":207},{"Length":9,"Height":22,"Demand":1,"DemandMax":null,"Value":198},{"Length":33,"Height":29,"Demand":1,"DemandMax":null,"Value":957},{"Length":39,"Height":100,"Demand":1,"DemandMax":null,"Value":3900},{"Length":45,"Height":85,"Demand":1,"DemandMax":null,"Value":3825},{"Length":47,"Height":31,"Demand":1,"DemandMax":null,"Value":1457},{"Length":11,"Height":68,"Demand":1,"DemandMax":null,"Value":748},{"Length":32,"Height":16,"Demand":1,"DemandMax":null,"Value":512},{"Length":29,"Height":9,"Demand":1,"DemandMax":null,"Value":261},{"Length":46,"Height":67,"Demand":1,"DemandMax":null,"Value":3082},{"Length":1,"Height":41,"Demand":1,"DemandMax":null,"Value":41},{"Length":38,"Height":43,"Demand":1,"DemandMax":null,"Value":1634},{"Length":25,"Height":1,"Demand":1,"DemandMax":null,"Value":25},{"Length":7,"Height":35,"Demand":1,"DemandMax":null,"Value":245},{"Length":2,"Height":39,"Demand":1,"DemandMax":null,"Value":78},{"Length":4,"Height":31,"Demand":1,"DemandMax":null,"Value":124},{"Length":32,"Height":5,"Demand":1,"DemandMax":null,"Value":160},{"Length":30,"Height":30,"Demand":1,"DemandMax":null,"Value":900},{"Length":15,"Height":49,"Demand":1,"DemandMax":null,"Value":735},{"Length":33,"Height":32,"Demand":1,"DemandMax":null,"Value":1056},{"Length":1,"Height":21,"Demand":1,"DemandMax":null,"Value":21},{"Length":14,"Height":36,"Demand":1,"DemandMax":null,"Value":504},{"Length":93,"Height":21,"Demand":1,"DemandMax":null,"Value":1953},{"Length":23,"Height":44,"Demand":1,"DemandMax":null,"Value":1012},{"Length":81,"Height":98,"Demand":1,"DemandMax":null,"Value":7938},{"Length":10,"Height":4,"Demand":1,"DemandMax":null,"Value":40},{"Length":27,"Height":4,"Demand":1,"DemandMax":null,"Value":108},{"Length":74,"Height":67,"Demand":1,"DemandMax":null,"Value":4958},{"Length":24,"Height":37,"Demand":1,"DemandMax":null,"Value":888},{"Length":18,"Height":33,"Demand":1,"DemandMax":null,"Value":594},{"Length":25,"Height":49,"Demand":1,"DemandMax":null,"Value":1225},{"Length":38,"Height":3,"Demand":1,"DemandMax":null,"Value":114},{"Length":28,"Height":38,"Demand":1,"DemandMax":null,"Value":1064},{"Length":87,"Height":74,"Demand":1,"DemandMax":null,"Value":6438},{"Length":34,"Height":5,"Demand":1,"DemandMax":null,"Value":170},{"Length":14,"Height":50,"Demand":1,"DemandMax":null,"Value":700},{"Length":96,"Height":1,"Demand":1,"DemandMax":null,"Value":96},{"Length":18,"Height":27,"Demand":1,"DemandMax":null,"Value":486},{"Length":6,"Height":82,"Demand":1,"DemandMax":null,"Value":492},{"Length":1,"Height":8,"Demand":1,"DemandMax":null,"Value":8},{"Length":21,"Height":25,"Demand":1,"DemandMax":null,"Value":525},{"Length":11,"Height":42,"Demand":1,"DemandMax":null,"Value":462},{"Length":39,"Height":4,"Demand":1,"DemandMax":null,"Value":156},{"Length":99,"Height":78,"Demand":1,"DemandMax":null,"Value":7722},{"Length":59,"Height":60,"Demand":1,"DemandMax":null,"Value":3540},{"Length":15,"Height":78,"Demand":1,"DemandMax":null,"Value":1170},{"Length":34,"Height":45,"Demand":1,"DemandMax":null,"Value":1530},{"Length":9,"Height":11,"Demand":1,"DemandMax":null,"Value":99},{"Length":73,"Height":8,"Demand":1,"DemandMax":null,"Value":584},{"Length":31,"Height":6,"Demand":1,"DemandMax":null,"Value":186},{"Length":40,"Height":48,"Demand":1,"DemandMax":null,"Value":1920},{"Length":31,"Height":4,"Demand":1,"DemandMax":null,"Value":124},{"Length":23,"Height":17,"Demand":1,"DemandMax":null,"Value":391},{"Length":9,"Height":5,"Demand":1,"DemandMax":null,"Value":45},{"Length":8,"Height":13,"Demand":1,"DemandMax":null,"Value":104},{"Length":15,"Height":10,"Demand":1,"DemandMax":null,"Value":150},{"Length":47,"Height":38,"Demand":1,"DemandMax":null,"Value":1786},{"Length":48,"Height":17,"Demand":1,"DemandMax":null,"Value":816},{"Length":88,"Height":90,"Demand":1,"DemandMax":null,"Value":7920},{"Length":10,"Height":84,"Demand":1,"DemandMax":null,"Value":840},{"Length":32,"Height":20,"Demand":1,"DemandMax":null,"Value":640},{"Length":49,"Height":39,"Demand":1,"DemandMax":null,"Value":1911},{"Length":30,"Height":28,"Demand":1,"DemandMax":null,"Value":840},{"Length":17,"Height":5,"Demand":1,"DemandMax":null,"Value":85},{"Length":86,"Height":14,"Demand":1,"DemandMax":null,"Value":1204},{"Length":12,"Height":24,"Demand":1,"DemandMax":null,"Value":288},{"Length":33,"Height":28,"Demand":1,"DemandMax":null,"Value":924},{"Length":35,"Height":46,"Demand":1,"DemandMax":null,"Value":1610},{"Length":88,"Height":69,"Demand":1,"DemandMax":null,"Value":6072},{"Length":36,"Height":20,"Demand":1,"DemandMax":null,"Value":720},{"Length":98,"Height":40,"Demand":1,"DemandMax":null,"Value":3920},{"Length":15,"Height":48,"Demand":1,"DemandMax":null,"Value":720},{"Length":9,"Height":37,"Demand":1,"DemandMax":null,"Value":333},{"Length":22,"Height":28,"Demand":1,"DemandMax":null,"Value":616},{"Length":24,"Height":13,"Demand":1,"DemandMax":null,"Value":312},{"Length":7,"Height":11,"Demand":1,"DemandMax":null,"Value":77}]}