{"Name":"MB_C10_45","Objects":[{"Length":100,"Height":100,"Stock":null,"Cost":10000},{"Length":80,"Height":63,"Stock":null,"Cost":4048},{"Length":53,"Height":66,"Stock":null,"Cost":2197},{"Length":86,"Height":95,"Stock":null,"Cost":7804},{"Length":84,"Height":58,"Stock":null,"Cost":3846}],"Items":[{"Length":4,"Height":43,"Demand":1,"DemandMax":null,"Value":172},{"Length":22,"Height":84,"Demand":1,"DemandMax":null,"Value":1848},{"Length":21,"Height":25,"Demand":1,"DemandMax":null,"Value":525},{"Length":22,"Height":30,"Demand":1,"DemandMax":null,"Value":660},{"Length":16,"Height":10,"Demand":1,"DemandMax":null,"Value":160},{"Length":24,"Height":10,"Demand":1,"DemandMax":null,"Value":240},{"Length":39,"Height":48,"Demand":1,"DemandMax":null,"Value":1872},{"Length":30,"Height":18,"Demand":1,"DemandMax":null,"Value":540},{"Length":40,"Height":92,"Demand":1,"DemandMax":null,"Value":3680},{"Length":38,"Height":4,"Demand":1,"DemandMax":null,"Value":152},{"Length":68,"Height":83,"Demand":1,"DemandMax":null,"Value":5644},{"Length":50,"Height":18,"Demand":1,"DemandMax":null,"Value":900},{"Length":26,"Height":30,"Demand":1,"DemandMax":null,"Value":780},{"Length":14,"Height":10,"Demand":1,"DemandMax":null,"Value":140},{"Length":10,"Height":29,"Demand":1,"DemandMax":null,"Value":290},{"Length":32,"Height":30,"Demand":1,"DemandMax":null,"Value":960},{"Length":81,"Height":32,"Demand":1,"DemandMax":null,"Value":2592},{"Length":2,"Height":28,"Demand":1,"DemandMax":null,"Value":56},{"Length":13,"Height":37,"Demand":1,"DemandMax":null,"Value":481},{"Length":25,"Height":4,"Demand":1,"DemandMax":null,"Value":100},{"Length":32,"Height":97,"Demand":1,"DemandMax":null,"Value":3104},{"Length":1,"Height":7,"Demand":1,"DemandMax":null,"Value":7},{"Length":28,"Height":7,"Demand":1,"DemandMax":null,"Value":196},{"Length":80,"Height":89,"Demand":1,"DemandMax":null,"Value":7120},{"Length":67,"Height":21,"Demand":1,"DemandMax":null,"Value":1407},{"Length":61,"Height":98,"Demand":1,"DemandMax":null,"Value":5978},{"Length":4,"Height":39,"Demand":1,"DemandMax":null,"Value":156},{"Length":47,"Height":36,"Demand":1,"DemandMax":null,"Value":1692},{"Length":34,"Height":9,"Demand":1,"DemandMax":null,"Value":306},{"Length":35,"Height":1,"Demand":1,"DemandMax":null,"Value":35},{"Length":42,"Height":32,"Demand":1,"DemandMax":null,"Value":1344},{"Length":25,"Height":44,"Demand":1,"DemandMax":null,"Value":1100},{"Length":85,"Height":8,"Demand":1,"DemandMax":null,"Value":680},{"Length":19,"Height":15,"Demand":1,"DemandMax":null,"Value":285},{"Length":42,"Height":91,"Demand":1,"DemandMax":null,"Value":3822},{"Length":15,"Height":15,"Demand":1,"DemandMax":null,"Value":225},{"Length":33,"Height":18,"Demand":1,"DemandMax":null,"Value":594},{"Length":15,"Height":42,"Demand":1,"DemandMax":null,"Value":630},{"Length":3,"Height":3,"Demand":1,"DemandMax":null,"Value":9},{"Length":17,"Height":46,"Demand":1,"DemandMax":null,"Value":782},{"Length":1,"Height":94,"Demand":1,"DemandMax":null,"Value":94},{"Length":22,"Height":29,"Demand":1,"DemandMax":null,"Value":638},{"Length":83,"Height":31,"Demand":1,"DemandMax":null,"Value":2573},{"Length":30,"Height":40,"Demand":1,"DemandMax":null,"Value":1200},{"Length":29,"Height":24,"Demand":1,"DemandMax":null,"Value":696},{"Length":41,"Height":29,"Demand":1,"DemandMax":null,"Value":1189},{"Length":11,"Height":21,"Demand":1,"DemandMax":null,"Value":231},{"Length":69,"Height":45,"Demand":1,"DemandMax":null,"Value":3105},{"Length":20,"Height":20,"Demand":1,"DemandMax":null,"Value":400},{"Length":22,"Height":40,"Demand":1,"DemandMax":null,"Value":880},{"Length":56,"Height":72,"Demand":1,"DemandMax":null,"Value":4032},{"Length":42,"Height":74,"Demand":1,"DemandMax":null,"Value":3108},{"Length":22,"Height":27,"Demand":1,"DemandMax":null,"Value":594},{"Length":15,"Height":12,"Demand":1,"DemandMax":null,"Value":180},{"Length":76,"Height":35,"Demand":1,"DemandMax":null,"Value":2660},{"Length":90,"Height":90,"Demand":1,"DemandMax":null,"Value":8100},{"Length":36,"Height":46,"Demand":1,"DemandMax":null,"Value":1656},{"Length":69,"Height":97,"Demand":1,"DemandMax":null,"Value":6693},{"Length":84,"Height":59,"Demand":1,"DemandMax":null,"Value":4956},{"Length":1,"Height":31,"Demand":1,"DemandMax":null,"Value":31},{"Length":11,"Height":27,"Demand":1,"DemandMax":null,"Value":297},{"Length":35,"Height":43,"Demand":1,"DemandMax":null,"Value":1505},{"Length":16,"Height":47,"Demand":1,"DemandMax":null,"Value":752},{"Length":22,"Height":33,"Demand":1,"DemandMax":null,"Value":726},{"Length":48,"Height":19,"Demand":1,"DemandMax":null,"Value":912},{"Length":13,"Height":50,"Demand":1,"DemandMax":null,"Value":650},{"Length":58,"Height":95,"Demand":1,"DemandMax":null,"Value":5510},{"Length":55,"Height":96,"Demand":1,"DemandMax":null,"Value":5280},{"Length":98,"Height":23,"Demand":1,"DemandMax":null,"Value":2254},{"Length":2,"Height":20,"Demand":1,"DemandMax":null,"Value":40},{"Length":13,"Height":68,"Demand":1,"DemandMax":null,"Value":884},{"Length":1,"Height":21,"Demand":1,"DemandMax":null,"Value":21},{"Length":8,"Height":92,"Demand":1,"DemandMax":null,"Value":736},{"Length":3,"Height":1,"Demand":1,"DemandMax":null,"Value":3},{"Length":86,"Height":26,"Demand":1,"DemandMax":null,"Value":2236},{"Length":7,"Height":8,"Demand":1,"DemandMax":null,"Value":56},{"Length":79,"Height":65,"Demand":1,"DemandMax":null,"Value":5135},{"Length":15,"Height":43,"Demand":1,"DemandMax":null,"Value":645},{"Length":8,"Height":9,"Demand":1,"DemandMax":null,"Value":72},{"Length":26,"Height":7,"Demand":1,"DemandMax":null,"Value":182},{"Length":14,"Height":5,"Demand":1,"DemandMax":null,"Value":70},{"Length":39,"Height":99,"Demand":1,"DemandMax":null,"Value":3861},{"Length":47,"Height":4,"Demand":1,"DemandMax":null,"Value":188},{"Length":55,"Height":66,"Demand":1,"DemandMax":null,"Value":3630},{"Length":58,"Height":55,"Demand":1,"DemandMax":null,"Value":3190},{"Length":25,"Height":14,"Demand":1,"DemandMax":null,"Value":350},{"Length":49,"Height":10,"Demand":1,"DemandMax":null,"Value":490},{"Length":98,"Height":88,"Demand":1,"DemandMax":null,"Value":8624},{"Length":76,"Height":18,"Demand":1,"DemandMax":null,"Value":1368},{"Length":81,"Height":41,"Demand":1,"DemandMax":null,"Value":3321},{"Length":12,"Height":28,"Demand":1,"DemandMax":null,"Value":336},{"Length":1,"Height":22,"Demand":1,"DemandMax":null,"Value":22},{"Length":85,"Height":92,"Demand":1,"DemandMax":null,"Value":7820},{"Length":32,"Height":31,"Demand":1,"DemandMax":null,"Value":992},{"Length":36,"Height":8,"Demand":1,"DemandMax":null,"Value":288},{"Length":76,"Height":17,"Demand":1,"DemandMax":null,"Value":1292},{"Length":15,"Height":27,"Demand":1,"DemandMax":null,"Value":405},{"Length":52,"Height":82,"Demand":1,"DemandMax":null,"Value":4264},{"Length":23,"Height":50,"Demand":1,"DemandMax":null,"Value":1150},{"Length":43,"Height":24,"Demand":1,"DemandMax":null,"Value":1032}]}