{"Name":"MB_C2_42","Objects":[{"Length":30,"Height":30,"Stock":null,"Cost":900},{"Length":15,"Height":22,"Stock":null,"Cost":216},{"Length":20,"Height":26,"Stock":null,"Cost":444},{"Length":24,"Height":29,"Stock":null,"Cost":655},{"Length":24,"Height":22,"Stock":null,"Cost":453}],"Items":[{"Length":10,"Height":8,"Demand":3,"DemandMax":null,"Value":80},{"Length":5,"Height":6,"Demand":1,"DemandMax":null,"Value":30},{"Length":2,"Height":3,"Demand":1,"DemandMax":null,"Value":6},{"Length":10,"Height":10,"Demand":1,"DemandMax":null,"Value":100},{"Length":8,"Height":8,"Demand":1,"DemandMax":null,"Value":64},{"Length":2,"Height":2,"Demand":3,"DemandMax":null,"Value":4},{"Length":6,"Height":2,"Demand":3,"DemandMax":null,"Value":12},{"Length":6,"Height":10,"Demand":2,"DemandMax":null,"Value":60},{"Length":9,"Height":2,"Demand":2,"DemandMax":null,"Value":18},{"Length":8,"Height":5,"Demand":1,"DemandMax":null,"Value":40},{"Length":9,"Height":3,"Demand":1,"DemandMax":null,"Value":27},{"Length":1,"Height":2,"Demand":3,"DemandMax":null,"Value":2},{"Length":5,"Height":9,"Demand":1,"DemandMax":null,"Value":45},{"Length":8,"Height":7,"Demand":1,"DemandMax":null,"Value":56},{"Length":8,"Height":2,"Demand":1,"DemandMax":null,"Value":16},{"Length":8,"Height":3,"Demand":3,"DemandMax":null,"Value":24},{"Length":3,"Height":2,"Demand":2,"DemandMax":null,"Value":6},{"Length":2,"Height":4,"Demand":1,"DemandMax":null,"Value":8},{"Length":6,"Height":8,"Demand":2,"DemandMax":null,"Value":48},{"Length":3,"Height":6,"Demand":2,"DemandMax":null,"Value":18},{"Length":10,"Height":5,"Demand":3,"DemandMax":null,"Value":50},{"Length":10,"Height":3,"Demand":2,"DemandMax":null,"Value":30},{"Length":5,"Height":8,"Demand":1,"DemandMax":null,"Value":40},{"Length":10,"Height":9,"Demand":1,"DemandMax":null,"Value":90},{"Length":5,"Height":1,"Demand":1,"DemandMax":null,"Value":5},{"Length":5,"Height":5,"Demand":2,"DemandMax":null,"Value":25},{"Length":7,"Height":5,"Demand":1,"DemandMax":null,"Value":35},{"Length":10,"Height":4,"Demand":1,"DemandMax":null,"Value":40},{"Length":10,"Height":2,"Demand":2,"DemandMax":null,"Value":20},{"Length":1,"Height":8,"Demand":1,"DemandMax":null,"Value":8},{"Length":2,"Height":10,"Demand":2,"DemandMax":null,"Value":20},{"Length":8,"Height":10,"Demand":1,"DemandMax":null,"Value":80},{"Length":4,"Height":8,"Demand":1,"DemandMax":null,"Value":32},{"Length":2,"Height":8,"Demand":3,"DemandMax":null,"Value":16},{"Length":1,"Height":7,"Demand":2,"DemandMax":null,"Value":7},{"Length":8,"Height":4,"Demand":2,"DemandMax":null,"Value":32},{"Length":4,"Height":6,"Demand":1,"DemandMax":null,"Value":24},{"Length":6,"Height":7,"Demand":2,"DemandMax":null,"Value":42},{"Length":1,"Height":10,"Demand":1,"DemandMax":null,"Value":10},{"Length":10,"Height":7,"Demand":3,"DemandMax":null,"Value":70},{"Length":7,"Height":7,"Demand":1,"DemandMax":null,"Value":49},{"Length":7,"Height":8,"Demand":1,"DemandMax":null,"Value":56},{"Length":4,"Height":9,"Demand":3,"DemandMax":null,"Value":36},{"Length":5,"Height":3,"Demand":2,"DemandMax":null,"Value":15},{"Length":1,"Height":1,"Demand":1,"DemandMax":null,"Value":1},{"Length":4,"Height":3,"Demand":1,"DemandMax":null,"Value":12},{"Length":2,"Height":1,"Demand":2,"DemandMax":null,"Value":2},{"Length":2,"Height":6,"Demand":2,"DemandMax":null,"Value":12},{"Length":9,"Height":1,"Demand":1,"DemandMax":null,"Value":9},{"Length":6,"Height":4,"Demand":1,"DemandMax":null,"Value":24},{"Length":3,"Height":7,"Demand":3,"DemandMax":null,"Value":21},{"Length":1,"Height":9,"Demand":1,"DemandMax":null,"Value":9},{"Length":3,"Height":5,"Demand":2,"DemandMax":null,"Value":15},{"Length":2,"Height":5,"Demand":1,"DemandMax":null,"Value":10},{"Length":8,"Height":1,"Demand":1,"DemandMax":null,"Value":8},{"Length":7,"Height":10,"Demand":1,"DemandMax":null,"Value":70},{"Length":6,"Height":5,"Demand":1,"DemandMax":null,"Value":30},{"Length":4,"Height":7,"Demand":1,"DemandMax":null,"Value":28},{"Length":3,"Height":9,"Demand":2,"DemandMax":null,"Value":27},{"Length":9,"Height":10,"Demand":1,"DemandMax":null,"Value":90},{"Length":4,"Height":5,"Demand":1,"DemandMax":null,"Value":20},{"Length":9,"Height":9,"Demand":1,"DemandMax":null,"Value":81},{"Length":8,"Height":6,"Demand":1,"DemandMax":null,"Value":48}]}