{"Name":"MB_C5_37","Objects":[{"Length":100,"Height":100,"Stock":null,"Cost":10000},{"Length":64,"Height":99,"Stock":null,"Cost":5603},{"Length":96,"Height":79,"Stock":null,"Cost":7100},{"Length":90,"Height":55,"Stock":null,"Cost":3940},{"Length":64,"Height":92,"Stock":null,"Cost":5065}],"Items":[{"Length":85,"Height":59,"Demand":1,"DemandMax":null,"Value":5015},{"Length":31,"Height":25,"Demand":1,"DemandMax":null,"Value":775},{"Length":46,"Height":85,"Demand":1,"DemandMax":null,"Value":3910},{"Length":16,"Height":96,"Demand":1,"DemandMax":null,"Value":1536},{"Length":65,"Height":46,"Demand":1,"DemandMax":null,"Value":2990},{"Length":47,"Height":59,"Demand":1,"DemandMax":null,"Value":2773},{"Length":53,"Height":88,"Demand":1,"DemandMax":null,"Value":4664},{"Length":4,"Height":24,"Demand":1,"DemandMax":null,"Value":96},{"Length":55,"Height":88,"Demand":1,"DemandMax":null,"Value":4840},{"Length":96,"Height":36,"Demand":1,"DemandMax":null,"Value":3456},{"Length":49,"Height":57,"Demand":1,"DemandMax":null,"Value":2793},{"Length":69,"Height":73,"Demand":1,"DemandMax":null,"Value":5037},{"Length":45,"Height":40,"Demand":1,"DemandMax":null,"Value":1800},{"Length":99,"Height":46,"Demand":1,"DemandMax":null,"Value":4554},{"Length":88,"Height":15,"Demand":1,"DemandMax":null,"Value":1320},{"Length":100,"Height":100,"Demand":1,"DemandMax":null,"Value":10000},{"Length":56,"Height":92,"Demand":1,"DemandMax":null,"Value":5152},{"Length":13,"Height":12,"Demand":1,"DemandMax":null,"Value":156},{"Length":60,"Height":16,"Demand":1,"DemandMax":null,"Value":960},{"Length":18,"Height":92,"Demand":1,"DemandMax":null,"Value":1656},{"Length":44,"Height":64,"Demand":1,"DemandMax":null,"Value":2816},{"Length":26,"Height":87,"Demand":1,"DemandMax":null,"Value":2262},{"Length":87,"Height":49,"Demand":1,"DemandMax":null,"Value":4263},{"Length":81,"Height":73,"Demand":1,"DemandMax":null,"Value":5913},{"Length":98,"Height":14,"Demand":1,"DemandMax":null,"Value":1372},{"Length":61,"Height":62,"Demand":1,"DemandMax":null,"Value":3782},{"Length":24,"Height":38,"Demand":1,"DemandMax":null,"Value":912},{"Length":76,"Height":97,"Demand":1,"DemandMax":null,"Value":7372},{"Length":41,"Height":30,"Demand":1,"DemandMax":null,"Value":1230},{"Length":72,"Height":58,"Demand":1,"DemandMax":null,"Value":4176},{"Length":60,"Height":36,"Demand":1,"DemandMax":null,"Value":2160},{"Length":26,"Height":54,"Demand":1,"DemandMax":null,"Value":1404},{"Length":27,"Height":34,"Demand":1,"DemandMax":null,"Value":918},{"Length":50,"Height":31,"Demand":1,"DemandMax":null,"Value":1550},{"Length":18,"Height":34,"Demand":1,"DemandMax":null,"Value":612},{"Length":87,"Height":66,"Demand":1,"DemandMax":null,"Value":5742},{"Length":45,"Height":82,"Demand":1,"DemandMax":null,"Value":3690},{"Length":15,"Height":70,"Demand":1,"DemandMax":null,"Value":1050},{"Length":53,"Height":54,"Demand":1,"DemandMax":null,"Value":2862},{"Length":47,"Height":88,"Demand":1,"DemandMax":null,"Value":4136},{"Length":19,"Height":62,"Demand":1,"DemandMax":null,"Value":1178},{"Length":25,"Height":98,"Demand":1,"DemandMax":null,"Value":2450},{"Length":54,"Height":50,"Demand":1,"DemandMax":null,"Value":2700},{"Length":28,"Height":9,"Demand":1,"DemandMax":null,"Value":252},{"Length":2,"Height":97,"Demand":1,"DemandMax":null,"Value":194},{"Length":67,"Height":69,"Demand":1,"DemandMax":null,"Value":4623},{"Length":43,"Height":13,"Demand":1,"DemandMax":null,"Value":559},{"Length":86,"Height":52,"Demand":1,"DemandMax":null,"Value":4472},{"Length":86,"Height":42,"Demand":1,"DemandMax":null,"Value":3612},{"Length":63,"Height":72,"Demand":1,"DemandMax":null,"Value":4536},{"Length":75,"Height":64,"Demand":1,"DemandMax":null,"Value":4800},{"Length":10,"Height":72,"Demand":1,"DemandMax":null,"Value":720},{"Length":90,"Height":87,"Demand":1,"DemandMax":null,"Value":7830},{"Length":71,"Height":30,"Demand":1,"DemandMax":null,"Value":2130},{"Length":41,"Height":58,"Demand":1,"DemandMax":null,"Value":2378},{"Length":22,"Height":58,"Demand":1,"DemandMax":null,"Value":1276},{"Length":72,"Height":53,"Demand":1,"DemandMax":null,"Value":3816},{"Length":77,"Height":99,"Demand":1,"DemandMax":null,"Value":7623},{"Length":61,"Height":85,"Demand":1,"DemandMax":null,"Value":5185},{"Length":78,"Height":32,"Demand":1,"DemandMax":null,"Value":2496},{"Length":19,"Height":97,"Demand":1,"DemandMax":null,"Value":1843},{"Length":5,"Height":67,"Demand":1,"DemandMax":null,"Value":335},{"Length":91,"Height":66,"Demand":1,"DemandMax":null,"Value":6006},{"Length":67,"Height":50,"Demand":1,"DemandMax":null,"Value":3350},{"Length":55,"Height":6,"Demand":1,"DemandMax":null,"Value":330},{"Length":10,"Height":57,"Demand":1,"DemandMax":null,"Value":570},{"Length":21,"Height":59,"Demand":1,"DemandMax":null,"Value":1239},{"Length":10,"Height":100,"Demand":1,"DemandMax":null,"Value":1000},{"Length":34,"Height":3,"Demand":1,"DemandMax":null,"Value":102},{"Length":80,"Height":23,"Demand":1,"DemandMax":null,"Value":1840},{"Length":72,"Height":50,"Demand":1,"DemandMax":null,"Value":3600},{"Length":64,"Height":5,"Demand":1,"DemandMax":null,"Value":320},{"Length":46,"Height":44,"Demand":1,"DemandMax":null,"Value":2024},{"Length":39,"Height":56,"Demand":1,"DemandMax":null,"Value":2184},{"Length":100,"Height":63,"Demand":1,"DemandMax":null,"Value":6300},{"Length":17,"Height":20,"Demand":1,"DemandMax":null,"Value":340},{"Length":13,"Height":18,"Demand":1,"DemandMax":null,"Value":234},{"Length":42,"Height":76,"Demand":1,"DemandMax":null,"Value":3192},{"Length":94,"Height":53,"Demand":1,"DemandMax":null,"Value":4982},{"Length":92,"Height":35,"Demand":1,"DemandMax":null,"Value":3220}]}