{"Name":"MB_C3_3","Objects":[{"Length":40,"Height":40,"Stock":null,"Cost":1600},{"Length":24,"Height":27,"Stock":null,"Cost":457},{"Length":24,"Height":31,"Stock":null,"Cost":572},{"Length":30,"Height":35,"Stock":null,"Cost":940},{"Length":39,"Height":27,"Stock":null,"Cost":943}],"Items":[{"Length":17,"Height":22,"Demand":1,"DemandMax":null,"Value":374},{"Length":20,"Height":35,"Demand":1,"DemandMax":null,"Value":700},{"Length":18,"Height":17,"Demand":1,"DemandMax":null,"Value":306},{"Length":6,"Height":23,"Demand":1,"DemandMax":null,"Value":138},{"Length":28,"Height":13,"Demand":1,"DemandMax":null,"Value":364},{"Length":33,"Height":31,"Demand":1,"DemandMax":null,"Value":1023},{"Length":16,"Height":25,"Demand":1,"DemandMax":null,"Value":400},{"Length":21,"Height":28,"Demand":1,"DemandMax":null,"Value":588},{"Length":32,"Height":11,"Demand":1,"DemandMax":null,"Value":352},{"Length":10,"Height":30,"Demand":1,"DemandMax":null,"Value":300},{"Length":33,"Height":10,"Demand":1,"DemandMax":null,"Value":330},{"Length":15,"Height":29,"Demand":1,"DemandMax":null,"Value":435},{"Length":23,"Height":1,"Demand":1,"DemandMax":null,"Value":23},{"Length":29,"Height":28,"Demand":1,"DemandMax":null,"Value":812},{"Length":18,"Height":13,"Demand":1,"DemandMax":null,"Value":234},{"Length":21,"Height":10,"Demand":1,"DemandMax":null,"Value":210},{"Length":11,"Height":14,"Demand":1,"DemandMax":null,"Value":154},{"Length":6,"Height":35,"Demand":1,"DemandMax":null,"Value":210},{"Length":4,"Height":20,"Demand":1,"DemandMax":null,"Value":80},{"Length":11,"Height":2,"Demand":1,"DemandMax":null,"Value":22}]}