{"Name":"MB_C9_40","Objects":[{"Length":100,"Height":100,"Stock":null,"Cost":10000},{"Length":82,"Height":92,"Stock":null,"Cost":7052},{"Length":91,"Height":59,"Stock":null,"Cost":4442},{"Length":93,"Height":65,"Stock":null,"Cost":5254},{"Length":92,"Height":74,"Stock":null,"Cost":6169}],"Items":[{"Length":88,"Height":85,"Demand":1,"DemandMax":null,"Value":7480},{"Length":50,"Height":83,"Demand":1,"DemandMax":null,"Value":4150},{"Length":76,"Height":50,"Demand":1,"DemandMax":null,"Value":3800},{"Length":58,"Height":56,"Demand":1,"DemandMax":null,"Value":3248},{"Length":66,"Height":94,"Demand":1,"DemandMax":null,"Value":6204},{"Length":94,"Height":82,"Demand":1,"DemandMax":null,"Value":7708},{"Length":60,"Height":65,"Demand":1,"DemandMax":null,"Value":3900},{"Length":57,"Height":61,"Demand":1,"DemandMax":null,"Value":3477},{"Length":56,"Height":64,"Demand":1,"DemandMax":null,"Value":3584},{"Length":100,"Height":43,"Demand":1,"DemandMax":null,"Value":4300},{"Length":55,"Height":91,"Demand":1,"DemandMax":null,"Value":5005},{"Length":79,"Height":28,"Demand":1,"DemandMax":null,"Value":2212},{"Length":58,"Height":96,"Demand":1,"DemandMax":null,"Value":5568},{"Length":66,"Height":65,"Demand":1,"DemandMax":null,"Value":4290},{"Length":14,"Height":85,"Demand":2,"DemandMax":null,"Value":1190},{"Length":92,"Height":55,"Demand":1,"DemandMax":null,"Value":5060},{"Length":22,"Height":93,"Demand":1,"DemandMax":null,"Value":2046},{"Length":96,"Height":99,"Demand":1,"DemandMax":null,"Value":9504},{"Length":83,"Height":78,"Demand":1,"DemandMax":null,"Value":6474},{"Length":77,"Height":96,"Demand":1,"DemandMax":null,"Value":7392},{"Length":97,"Height":95,"Demand":1,"DemandMax":null,"Value":9215},{"Length":36,"Height":97,"Demand":1,"DemandMax":null,"Value":3492},{"Length":63,"Height":89,"Demand":1,"DemandMax":null,"Value":5607},{"Length":73,"Height":97,"Demand":1,"DemandMax":null,"Value":7081},{"Length":83,"Height":61,"Demand":1,"DemandMax":null,"Value":5063},{"Length":88,"Height":51,"Demand":1,"DemandMax":null,"Value":4488},{"Length":56,"Height":61,"Demand":1,"DemandMax":null,"Value":3416},{"Length":81,"Height":59,"Demand":1,"DemandMax":null,"Value":4779},{"Length":32,"Height":40,"Demand":1,"DemandMax":null,"Value":1280},{"Length":51,"Height":71,"Demand":1,"DemandMax":null,"Value":3621},{"Length":60,"Height":96,"Demand":1,"DemandMax":null,"Value":5760},{"Length":50,"Height":85,"Demand":1,"DemandMax":null,"Value":4250},{"Length":92,"Height":80,"Demand":1,"DemandMax":null,"Value":7360},{"Length":28,"Height":66,"Demand":1,"DemandMax":null,"Value":1848},{"Length":76,"Height":92,"Demand":1,"DemandMax":null,"Value":6992},{"Length":82,"Height":71,"Demand":1,"DemandMax":null,"Value":5822},{"Length":14,"Height":88,"Demand":1,"DemandMax":null,"Value":1232},{"Length":64,"Height":94,"Demand":1,"DemandMax":null,"Value":6016},{"Length":53,"Height":100,"Demand":1,"DemandMax":null,"Value":5300},{"Length":75,"Height":69,"Demand":1,"DemandMax":null,"Value":5175},{"Length":47,"Height":46,"Demand":1,"DemandMax":null,"Value":2162},{"Length":63,"Height":98,"Demand":1,"DemandMax":null,"Value":6174},{"Length":93,"Height":69,"Demand":1,"DemandMax":null,"Value":6417},{"Length":80,"Height":79,"Demand":2,"DemandMax":null,"Value":6320},{"Length":42,"Height":80,"Demand":1,"DemandMax":null,"Value":3360},{"Length":74,"Height":63,"Demand":1,"DemandMax":null,"Value":4662},{"Length":94,"Height":50,"Demand":1,"DemandMax":null,"Value":4700},{"Length":96,"Height":50,"Demand":1,"DemandMax":null,"Value":4800},{"Length":99,"Height":57,"Demand":1,"DemandMax":null,"Value":5643},{"Length":96,"Height":91,"Demand":1,"DemandMax":null,"Value":8736},{"Length":7,"Height":43,"Demand":1,"DemandMax":null,"Value":301},{"Length":74,"Height":84,"Demand":1,"DemandMax":null,"Value":6216},{"Length":17,"Height":70,"Demand":1,"DemandMax":null,"Value":1190},{"Length":81,"Height":98,"Demand":1,"DemandMax":null,"Value":7938},{"Length":97,"Height":66,"Demand":1,"DemandMax":null,"Value":6402},{"Length":75,"Height":80,"Demand":1,"DemandMax":null,"Value":6000},{"Length":66,"Height":63,"Demand":1,"DemandMax":null,"Value":4158},{"Length":64,"Height":85,"Demand":1,"DemandMax":null,"Value":5440},{"Length":39,"Height":39,"Demand":1,"DemandMax":null,"Value":1521},{"Length":82,"Height":93,"Demand":1,"DemandMax":null,"Value":7626},{"Length":64,"Height":91,"Demand":1,"DemandMax":null,"Value":5824},{"Length":78,"Height":52,"Demand":1,"DemandMax":null,"Value":4056},{"Length":92,"Height":72,"Demand":1,"DemandMax":null,"Value":6624},{"Length":51,"Height":66,"Demand":1,"DemandMax":null,"Value":3366},{"Length":73,"Height":80,"Demand":1,"DemandMax":null,"Value":5840},{"Length":3,"Height":88,"Demand":1,"DemandMax":null,"Value":264},{"Length":57,"Height":67,"Demand":1,"DemandMax":null,"Value":3819},{"Length":82,"Height":51,"Demand":1,"DemandMax":null,"Value":4182},{"Length":94,"Height":81,"Demand":1,"DemandMax":null,"Value":7614},{"Length":89,"Height":74,"Demand":1,"DemandMax":null,"Value":6586},{"Length":84,"Height":74,"Demand":1,"DemandMax":null,"Value":6216},{"Length":74,"Height":100,"Demand":1,"DemandMax":null,"Value":7400},{"Length":77,"Height":94,"Demand":1,"DemandMax":null,"Value":7238},{"Length":91,"Height":28,"Demand":1,"DemandMax":null,"Value":2548},{"Length":72,"Height":93,"Demand":1,"DemandMax":null,"Value":6696},{"Length":85,"Height":8,"Demand":1,"DemandMax":null,"Value":680},{"Length":71,"Height":68,"Demand":1,"DemandMax":null,"Value":4828},{"Length":98,"Height":42,"Demand":1,"DemandMax":null,"Value":4116}]}