{"Name":"MB_C10_14","Objects":[{"Length":100,"Height":100,"Stock":null,"Cost":10000},{"Length":64,"Height":55,"Stock":null,"Cost":2224},{"Length":54,"Height":70,"Stock":null,"Cost":2536},{"Length":97,"Height":96,"Stock":null,"Cost":9174},{"Length":71,"Height":79,"Stock":null,"Cost":4730}],"Items":[{"Length":43,"Height":5,"Demand":1,"DemandMax":null,"Value":215},{"Length":39,"Height":9,"Demand":1,"DemandMax":null,"Value":351},{"Length":42,"Height":2,"Demand":1,"DemandMax":null,"Value":84},{"Length":79,"Height":27,"Demand":1,"DemandMax":null,"Value":2133},{"Length":19,"Height":2,"Demand":1,"DemandMax":null,"Value":38},{"Length":5,"Height":22,"Demand":1,"DemandMax":null,"Value":110},{"Length":23,"Height":6,"Demand":1,"DemandMax":null,"Value":138},{"Length":43,"Height":46,"Demand":1,"DemandMax":null,"Value":1978},{"Length":6,"Height":12,"Demand":1,"DemandMax":null,"Value":72},{"Length":33,"Height":98,"Demand":1,"DemandMax":null,"Value":3234},{"Length":17,"Height":21,"Demand":1,"DemandMax":null,"Value":357},{"Length":84,"Height":27,"Demand":1,"DemandMax":null,"Value":2268},{"Length":6,"Height":33,"Demand":1,"DemandMax":null,"Value":198},{"Length":23,"Height":34,"Demand":1,"DemandMax":null,"Value":782},{"Length":81,"Height":48,"Demand":1,"DemandMax":null,"Value":3888},{"Length":22,"Height":19,"Demand":1,"DemandMax":null,"Value":418},{"Length":17,"Height":16,"Demand":1,"DemandMax":null,"Value":272},{"Length":24,"Height":32,"Demand":1,"DemandMax":null,"Value":768},{"Length":39,"Height":37,"Demand":1,"DemandMax":null,"Value":1443},{"Length":29,"Height":23,"Demand":1,"DemandMax":null,"Value":667},{"Length":39,"Height":10,"Demand":1,"DemandMax":null,"Value":390},{"Length":37,"Height":42,"Demand":1,"DemandMax":null,"Value":1554},{"Length":18,"Height":37,"Demand":1,"DemandMax":null,"Value":666},{"Length":98,"Height":89,"Demand":1,"DemandMax":null,"Value":8722},{"Length":24,"Height":17,"Demand":1,"DemandMax":null,"Value":408},{"Length":61,"Height":63,"Demand":1,"DemandMax":null,"Value":3843},{"Length":8,"Height":99,"Demand":1,"DemandMax":null,"Value":792},{"Length":29,"Height":16,"Demand":1,"DemandMax":null,"Value":464},{"Length":20,"Height":34,"Demand":1,"DemandMax":null,"Value":680},{"Length":49,"Height":47,"Demand":1,"DemandMax":null,"Value":2303},{"Length":10,"Height":23,"Demand":1,"DemandMax":null,"Value":230},{"Length":21,"Height":5,"Demand":1,"DemandMax":null,"Value":105},{"Length":77,"Height":63,"Demand":1,"DemandMax":null,"Value":4851},{"Length":47,"Height":42,"Demand":1,"DemandMax":null,"Value":1974},{"Length":81,"Height":8,"Demand":1,"DemandMax":null,"Value":648},{"Length":25,"Height":6,"Demand":1,"DemandMax":null,"Value":150},{"Length":47,"Height":69,"Demand":1,"DemandMax":null,"Value":3243},{"Length":7,"Height":48,"Demand":1,"DemandMax":null,"Value":336},{"Length":48,"Height":69,"Demand":1,"DemandMax":null,"Value":3312},{"Length":41,"Height":19,"Demand":1,"DemandMax":null,"Value":779}]}