{"Name":"MB_C8_50","Objects":[{"Length":100,"Height":100,"Stock":null,"Cost":10000},{"Length":95,"Height":88,"Stock":null,"Cost":8032},{"Length":53,"Height":99,"Stock":null,"Cost":4296},{"Length":78,"Height":98,"Stock":null,"Cost":7172},{"Length":77,"Height":99,"Stock":null,"Cost":7147}],"Items":[{"Length":96,"Height":12,"Demand":1,"DemandMax":null,"Value":1152},{"Length":69,"Height":46,"Demand":2,"DemandMax":null,"Value":3174},{"Length":94,"Height":12,"Demand":1,"DemandMax":null,"Value":1128},{"Length":98,"Height":28,"Demand":1,"DemandMax":null,"Value":2744},{"Length":42,"Height":39,"Demand":1,"DemandMax":null,"Value":1638},{"Length":78,"Height":14,"Demand":1,"DemandMax":null,"Value":1092},{"Length":95,"Height":95,"Demand":1,"DemandMax":null,"Value":9025},{"Length":76,"Height":2,"Demand":1,"DemandMax":null,"Value":152},{"Length":66,"Height":29,"Demand":1,"DemandMax":null,"Value":1914},{"Length":95,"Height":43,"Demand":2,"DemandMax":null,"Value":4085},{"Length":72,"Height":40,"Demand":1,"DemandMax":null,"Value":2880},{"Length":98,"Height":38,"Demand":1,"DemandMax":null,"Value":3724},{"Length":22,"Height":86,"Demand":1,"DemandMax":null,"Value":1892},{"Length":78,"Height":85,"Demand":1,"DemandMax":null,"Value":6630},{"Length":91,"Height":47,"Demand":1,"DemandMax":null,"Value":4277},{"Length":92,"Height":35,"Demand":1,"DemandMax":null,"Value":3220},{"Length":53,"Height":92,"Demand":1,"DemandMax":null,"Value":4876},{"Length":84,"Height":38,"Demand":1,"DemandMax":null,"Value":3192},{"Length":83,"Height":16,"Demand":1,"DemandMax":null,"Value":1328},{"Length":43,"Height":96,"Demand":1,"DemandMax":null,"Value":4128},{"Length":48,"Height":17,"Demand":1,"DemandMax":null,"Value":816},{"Length":91,"Height":3,"Demand":1,"DemandMax":null,"Value":273},{"Length":83,"Height":46,"Demand":1,"DemandMax":null,"Value":3818},{"Length":8,"Height":75,"Demand":1,"DemandMax":null,"Value":600},{"Length":68,"Height":3,"Demand":1,"DemandMax":null,"Value":204},{"Length":70,"Height":29,"Demand":1,"DemandMax":null,"Value":2030},{"Length":86,"Height":87,"Demand":1,"DemandMax":null,"Value":7482},{"Length":90,"Height":47,"Demand":1,"DemandMax":null,"Value":4230},{"Length":22,"Height":50,"Demand":1,"DemandMax":null,"Value":1100},{"Length":41,"Height":77,"Demand":1,"DemandMax":null,"Value":3157},{"Length":72,"Height":41,"Demand":1,"DemandMax":null,"Value":2952},{"Length":73,"Height":91,"Demand":1,"DemandMax":null,"Value":6643},{"Length":66,"Height":10,"Demand":1,"DemandMax":null,"Value":660},{"Length":90,"Height":17,"Demand":1,"DemandMax":null,"Value":1530},{"Length":97,"Height":6,"Demand":1,"DemandMax":null,"Value":582},{"Length":82,"Height":46,"Demand":1,"DemandMax":null,"Value":3772},{"Length":95,"Height":31,"Demand":2,"DemandMax":null,"Value":2945},{"Length":94,"Height":29,"Demand":1,"DemandMax":null,"Value":2726},{"Length":94,"Height":33,"Demand":1,"DemandMax":null,"Value":3102},{"Length":91,"Height":14,"Demand":1,"DemandMax":null,"Value":1274},{"Length":45,"Height":75,"Demand":1,"DemandMax":null,"Value":3375},{"Length":72,"Height":2,"Demand":1,"DemandMax":null,"Value":144},{"Length":50,"Height":80,"Demand":1,"DemandMax":null,"Value":4000},{"Length":72,"Height":43,"Demand":1,"DemandMax":null,"Value":3096},{"Length":71,"Height":8,"Demand":1,"DemandMax":null,"Value":568},{"Length":39,"Height":36,"Demand":1,"DemandMax":null,"Value":1404},{"Length":79,"Height":22,"Demand":1,"DemandMax":null,"Value":1738},{"Length":97,"Height":33,"Demand":1,"DemandMax":null,"Value":3201},{"Length":89,"Height":14,"Demand":1,"DemandMax":null,"Value":1246},{"Length":86,"Height":33,"Demand":1,"DemandMax":null,"Value":2838},{"Length":67,"Height":34,"Demand":1,"DemandMax":null,"Value":2278},{"Length":93,"Height":85,"Demand":1,"DemandMax":null,"Value":7905},{"Length":81,"Height":32,"Demand":1,"DemandMax":null,"Value":2592},{"Length":89,"Height":41,"Demand":1,"DemandMax":null,"Value":3649},{"Length":97,"Height":7,"Demand":1,"DemandMax":null,"Value":679},{"Length":66,"Height":49,"Demand":1,"DemandMax":null,"Value":3234},{"Length":80,"Height":11,"Demand":1,"DemandMax":null,"Value":880},{"Length":99,"Height":11,"Demand":1,"DemandMax":null,"Value":1089},{"Length":50,"Height":43,"Demand":1,"DemandMax":null,"Value":2150},{"Length":22,"Height":25,"Demand":1,"DemandMax":null,"Value":550},{"Length":32,"Height":2,"Demand":1,"DemandMax":null,"Value":64},{"Length":82,"Height":42,"Demand":1,"DemandMax":null,"Value":3444},{"Length":77,"Height":39,"Demand":1,"DemandMax":null,"Value":3003},{"Length":68,"Height":12,"Demand":1,"DemandMax":null,"Value":816},{"Length":69,"Height":5,"Demand":1,"DemandMax":null,"Value":345},{"Length":12,"Height":90,"Demand":1,"DemandMax":null,"Value":1080},{"Length":97,"Height":48,"Demand":1,"DemandMax":null,"Value":4656},{"Length":98,"Height":60,"Demand":1,"DemandMax":null,"Value":5880},{"Length":93,"Height":19,"Demand":1,"DemandMax":null,"Value":1767},{"Length":74,"Height":40,"Demand":1,"DemandMax":null,"Value":2960},{"Length":90,"Height":18,"Demand":1,"DemandMax":null,"Value":1620},{"Length":68,"Height":22,"Demand":1,"DemandMax":null,"Value":1496},{"Length":90,"Height":45,"Demand":1,"DemandMax":null,"Value":4050},{"Length":81,"Height":7,"Demand":1,"DemandMax":null,"Value":567},{"Length":91,"Height":50,"Demand":1,"DemandMax":null,"Value":4550},{"Length":70,"Height":94,"Demand":1,"DemandMax":null,"Value":6580},{"Length":95,"Height":33,"Demand":1,"DemandMax":null,"Value":3135},{"Length":46,"Height":35,"Demand":1,"DemandMax":null,"Value":1610},{"Length":66,"Height":44,"Demand":1,"DemandMax":null,"Value":2904},{"Length":100,"Height":28,"Demand":1,"DemandMax":null,"Value":2800},{"Length":73,"Height":32,"Demand":1,"DemandMax":null,"Value":2336},{"Length":87,"Height":24,"Demand":1,"DemandMax":null,"Value":2088},{"Length":75,"Height":99,"Demand":1,"DemandMax":null,"Value":7425},{"Length":93,"Height":24,"Demand":1,"DemandMax":null,"Value":2232},{"Length":27,"Height":83,"Demand":1,"DemandMax":null,"Value":2241},{"Length":62,"Height":65,"Demand":1,"DemandMax":null,"Value":4030},{"Length":90,"Height":16,"Demand":1,"DemandMax":null,"Value":1440},{"Length":85,"Height":89,"Demand":1,"DemandMax":null,"Value":7565},{"Length":11,"Height":96,"Demand":1,"DemandMax":null,"Value":1056},{"Length":69,"Height":50,"Demand":1,"DemandMax":null,"Value":3450},{"Length":39,"Height":50,"Demand":1,"DemandMax":null,"Value":1950},{"Length":5,"Height":75,"Demand":1,"DemandMax":null,"Value":375},{"Length":80,"Height":34,"Demand":1,"DemandMax":null,"Value":2720},{"Length":87,"Height":31,"Demand":1,"DemandMax":null,"Value":2697},{"Length":90,"Height":50,"Demand":1,"DemandMax":null,"Value":4500},{"Length":95,"Height":36,"Demand":1,"DemandMax":null,"Value":3420},{"Length":78,"Height":23,"Demand":1,"DemandMax":null,"Value":1794}]}