{"Name":"MB_C8_26","Objects":[{"Length":100,"Height":100,"Stock":null,"Cost":10000},{"Length":63,"Height":76,"Stock":null,"Cost":3745},{"Length":65,"Height":63,"Stock":null,"Cost":2914},{"Length":73,"Height":67,"Stock":null,"Cost":3869},{"Length":72,"Height":94,"Stock":null,"Cost":6121}],"Items":[{"Length":22,"Height":71,"Demand":1,"DemandMax":null,"Value":1562},{"Length":86,"Height":12,"Demand":1,"DemandMax":null,"Value":1032},{"Length":69,"Height":16,"Demand":1,"DemandMax":null,"Value":1104},{"Length":21,"Height":75,"Demand":1,"DemandMax":null,"Value":1575},{"Length":77,"Height":26,"Demand":1,"DemandMax":null,"Value":2002},{"Length":76,"Height":44,"Demand":1,"DemandMax":null,"Value":3344},{"Length":70,"Height":39,"Demand":1,"DemandMax":null,"Value":2730},{"Length":74,"Height":2,"Demand":1,"DemandMax":null,"Value":148},{"Length":24,"Height":4,"Demand":1,"DemandMax":null,"Value":96},{"Length":12,"Height":38,"Demand":1,"DemandMax":null,"Value":456},{"Length":79,"Height":23,"Demand":1,"DemandMax":null,"Value":1817},{"Length":76,"Height":2,"Demand":1,"DemandMax":null,"Value":152},{"Length":95,"Height":45,"Demand":1,"DemandMax":null,"Value":4275},{"Length":21,"Height":96,"Demand":1,"DemandMax":null,"Value":2016},{"Length":96,"Height":19,"Demand":1,"DemandMax":null,"Value":1824},{"Length":30,"Height":14,"Demand":1,"DemandMax":null,"Value":420},{"Length":81,"Height":47,"Demand":1,"DemandMax":null,"Value":3807},{"Length":94,"Height":12,"Demand":1,"DemandMax":null,"Value":1128},{"Length":86,"Height":27,"Demand":1,"DemandMax":null,"Value":2322},{"Length":70,"Height":37,"Demand":1,"DemandMax":null,"Value":2590},{"Length":15,"Height":10,"Demand":1,"DemandMax":null,"Value":150},{"Length":24,"Height":41,"Demand":1,"DemandMax":null,"Value":984},{"Length":85,"Height":47,"Demand":2,"DemandMax":null,"Value":3995},{"Length":45,"Height":81,"Demand":1,"DemandMax":null,"Value":3645},{"Length":78,"Height":36,"Demand":1,"DemandMax":null,"Value":2808},{"Length":78,"Height":31,"Demand":1,"DemandMax":null,"Value":2418},{"Length":91,"Height":28,"Demand":1,"DemandMax":null,"Value":2548},{"Length":44,"Height":19,"Demand":1,"DemandMax":null,"Value":836},{"Length":89,"Height":23,"Demand":1,"DemandMax":null,"Value":2047},{"Length":82,"Height":34,"Demand":1,"DemandMax":null,"Value":2788},{"Length":8,"Height":80,"Demand":1,"DemandMax":null,"Value":640},{"Length":6,"Height":84,"Demand":1,"DemandMax":null,"Value":504},{"Length":10,"Height":80,"Demand":1,"DemandMax":null,"Value":800},{"Length":41,"Height":48,"Demand":1,"DemandMax":null,"Value":1968},{"Length":41,"Height":83,"Demand":1,"DemandMax":null,"Value":3403},{"Length":99,"Height":32,"Demand":1,"DemandMax":null,"Value":3168},{"Length":79,"Height":24,"Demand":1,"DemandMax":null,"Value":1896},{"Length":90,"Height":41,"Demand":1,"DemandMax":null,"Value":3690},{"Length":14,"Height":28,"Demand":1,"DemandMax":null,"Value":392},{"Length":100,"Height":4,"Demand":1,"DemandMax":null,"Value":400},{"Length":72,"Height":11,"Demand":1,"DemandMax":null,"Value":792},{"Length":91,"Height":69,"Demand":1,"DemandMax":null,"Value":6279},{"Length":59,"Height":71,"Demand":1,"DemandMax":null,"Value":4189},{"Length":73,"Height":37,"Demand":1,"DemandMax":null,"Value":2701},{"Length":13,"Height":72,"Demand":1,"DemandMax":null,"Value":936},{"Length":71,"Height":9,"Demand":1,"DemandMax":null,"Value":639},{"Length":68,"Height":76,"Demand":1,"DemandMax":null,"Value":5168},{"Length":89,"Height":33,"Demand":1,"DemandMax":null,"Value":2937},{"Length":84,"Height":21,"Demand":1,"DemandMax":null,"Value":1764},{"Length":92,"Height":10,"Demand":1,"DemandMax":null,"Value":920},{"Length":92,"Height":43,"Demand":1,"DemandMax":null,"Value":3956},{"Length":79,"Height":40,"Demand":1,"DemandMax":null,"Value":3160},{"Length":67,"Height":43,"Demand":1,"DemandMax":null,"Value":2881},{"Length":79,"Height":72,"Demand":1,"DemandMax":null,"Value":5688},{"Length":79,"Height":21,"Demand":1,"DemandMax":null,"Value":1659},{"Length":77,"Height":8,"Demand":1,"DemandMax":null,"Value":616},{"Length":93,"Height":27,"Demand":1,"DemandMax":null,"Value":2511},{"Length":88,"Height":47,"Demand":1,"DemandMax":null,"Value":4136},{"Length":74,"Height":11,"Demand":1,"DemandMax":null,"Value":814}]}