{"Name":"MB_C10_20","Objects":[{"Length":100,"Height":100,"Stock":null,"Cost":10000},{"Length":79,"Height":51,"Stock":null,"Cost":2834},{"Length":88,"Height":54,"Stock":null,"Cost":3702},{"Length":73,"Height":66,"Stock":null,"Cost":3781},{"Length":72,"Height":93,"Stock":null,"Cost":6035}],"Items":[{"Length":36,"Height":17,"Demand":1,"DemandMax":null,"Value":612},{"Length":26,"Height":18,"Demand":1,"DemandMax":null,"Value":468},{"Length":54,"Height":63,"Demand":1,"DemandMax":null,"Value":3402},{"Length":64,"Height":72,"Demand":1,"DemandMax":null,"Value":4608},{"Length":26,"Height":38,"Demand":1,"DemandMax":null,"Value":988},{"Length":32,"Height":29,"Demand":1,"DemandMax":null,"Value":928},{"Length":50,"Height":40,"Demand":1,"DemandMax":null,"Value":2000},{"Length":76,"Height":88,"Demand":1,"DemandMax":null,"Value":6688},{"Length":28,"Height":20,"Demand":1,"DemandMax":null,"Value":560},{"Length":49,"Height":1,"Demand":1,"DemandMax":null,"Value":49},{"Length":8,"Height":27,"Demand":1,"DemandMax":null,"Value":216},{"Length":49,"Height":17,"Demand":1,"DemandMax":null,"Value":833},{"Length":41,"Height":13,"Demand":1,"DemandMax":null,"Value":533},{"Length":27,"Height":90,"Demand":1,"DemandMax":null,"Value":2430},{"Length":27,"Height":27,"Demand":1,"DemandMax":null,"Value":729},{"Length":34,"Height":6,"Demand":1,"DemandMax":null,"Value":204},{"Length":16,"Height":78,"Demand":1,"DemandMax":null,"Value":1248},{"Length":18,"Height":31,"Demand":1,"DemandMax":null,"Value":558},{"Length":57,"Height":87,"Demand":1,"DemandMax":null,"Value":4959},{"Length":30,"Height":8,"Demand":1,"DemandMax":null,"Value":240},{"Length":3,"Height":90,"Demand":1,"DemandMax":null,"Value":270},{"Length":20,"Height":38,"Demand":1,"DemandMax":null,"Value":760},{"Length":1,"Height":10,"Demand":1,"DemandMax":null,"Value":10},{"Length":38,"Height":21,"Demand":1,"DemandMax":null,"Value":798},{"Length":50,"Height":63,"Demand":1,"DemandMax":null,"Value":3150},{"Length":34,"Height":7,"Demand":1,"DemandMax":null,"Value":238},{"Length":5,"Height":45,"Demand":1,"DemandMax":null,"Value":225},{"Length":8,"Height":46,"Demand":1,"DemandMax":null,"Value":368},{"Length":11,"Height":4,"Demand":1,"DemandMax":null,"Value":44},{"Length":9,"Height":38,"Demand":1,"DemandMax":null,"Value":342},{"Length":70,"Height":91,"Demand":1,"DemandMax":null,"Value":6370},{"Length":39,"Height":32,"Demand":1,"DemandMax":null,"Value":1248},{"Length":33,"Height":6,"Demand":1,"DemandMax":null,"Value":198},{"Length":98,"Height":30,"Demand":1,"DemandMax":null,"Value":2940},{"Length":48,"Height":99,"Demand":1,"DemandMax":null,"Value":4752},{"Length":32,"Height":30,"Demand":1,"DemandMax":null,"Value":960},{"Length":66,"Height":69,"Demand":1,"DemandMax":null,"Value":4554},{"Length":45,"Height":34,"Demand":1,"DemandMax":null,"Value":1530},{"Length":37,"Height":78,"Demand":1,"DemandMax":null,"Value":2886},{"Length":86,"Height":90,"Demand":1,"DemandMax":null,"Value":7740}]}