{"Name":"MB_C8_29","Objects":[{"Length":100,"Height":100,"Stock":null,"Cost":10000},{"Length":70,"Height":50,"Stock":null,"Cost":2200},{"Length":71,"Height":93,"Stock":null,"Cost":5923},{"Length":74,"Height":65,"Stock":null,"Cost":3772},{"Length":98,"Height":51,"Stock":null,"Cost":3997}],"Items":[{"Length":81,"Height":2,"Demand":1,"DemandMax":null,"Value":162},{"Length":70,"Height":32,"Demand":1,"DemandMax":null,"Value":2240},{"Length":72,"Height":12,"Demand":1,"DemandMax":null,"Value":864},{"Length":66,"Height":37,"Demand":1,"DemandMax":null,"Value":2442},{"Length":25,"Height":83,"Demand":1,"DemandMax":null,"Value":2075},{"Length":99,"Height":21,"Demand":1,"DemandMax":null,"Value":2079},{"Length":77,"Height":42,"Demand":1,"DemandMax":null,"Value":3234},{"Length":50,"Height":88,"Demand":1,"DemandMax":null,"Value":4400},{"Length":92,"Height":11,"Demand":1,"DemandMax":null,"Value":1012},{"Length":67,"Height":21,"Demand":1,"DemandMax":null,"Value":1407},{"Length":91,"Height":33,"Demand":1,"DemandMax":null,"Value":3003},{"Length":72,"Height":39,"Demand":1,"DemandMax":null,"Value":2808},{"Length":75,"Height":8,"Demand":1,"DemandMax":null,"Value":600},{"Length":78,"Height":34,"Demand":1,"DemandMax":null,"Value":2652},{"Length":78,"Height":36,"Demand":1,"DemandMax":null,"Value":2808},{"Length":87,"Height":7,"Demand":1,"DemandMax":null,"Value":609},{"Length":100,"Height":16,"Demand":1,"DemandMax":null,"Value":1600},{"Length":46,"Height":8,"Demand":1,"DemandMax":null,"Value":368},{"Length":73,"Height":50,"Demand":1,"DemandMax":null,"Value":3650},{"Length":14,"Height":37,"Demand":1,"DemandMax":null,"Value":518},{"Length":99,"Height":37,"Demand":1,"DemandMax":null,"Value":3663},{"Length":89,"Height":44,"Demand":1,"DemandMax":null,"Value":3916},{"Length":64,"Height":76,"Demand":1,"DemandMax":null,"Value":4864},{"Length":71,"Height":28,"Demand":1,"DemandMax":null,"Value":1988},{"Length":72,"Height":19,"Demand":1,"DemandMax":null,"Value":1368},{"Length":90,"Height":41,"Demand":1,"DemandMax":null,"Value":3690},{"Length":87,"Height":14,"Demand":1,"DemandMax":null,"Value":1218},{"Length":64,"Height":81,"Demand":1,"DemandMax":null,"Value":5184},{"Length":87,"Height":12,"Demand":1,"DemandMax":null,"Value":1044},{"Length":99,"Height":50,"Demand":1,"DemandMax":null,"Value":4950},{"Length":71,"Height":14,"Demand":1,"DemandMax":null,"Value":994},{"Length":33,"Height":98,"Demand":1,"DemandMax":null,"Value":3234},{"Length":75,"Height":18,"Demand":1,"DemandMax":null,"Value":1350},{"Length":22,"Height":80,"Demand":1,"DemandMax":null,"Value":1760},{"Length":99,"Height":25,"Demand":1,"DemandMax":null,"Value":2475},{"Length":74,"Height":23,"Demand":1,"DemandMax":null,"Value":1702},{"Length":10,"Height":35,"Demand":1,"DemandMax":null,"Value":350},{"Length":70,"Height":3,"Demand":1,"DemandMax":null,"Value":210},{"Length":100,"Height":48,"Demand":1,"DemandMax":null,"Value":4800},{"Length":68,"Height":11,"Demand":1,"DemandMax":null,"Value":748},{"Length":77,"Height":13,"Demand":1,"DemandMax":null,"Value":1001},{"Length":68,"Height":47,"Demand":1,"DemandMax":null,"Value":3196},{"Length":73,"Height":32,"Demand":1,"DemandMax":null,"Value":2336},{"Length":70,"Height":11,"Demand":1,"DemandMax":null,"Value":770},{"Length":90,"Height":4,"Demand":1,"DemandMax":null,"Value":360},{"Length":75,"Height":3,"Demand":1,"DemandMax":null,"Value":225},{"Length":91,"Height":28,"Demand":2,"DemandMax":null,"Value":2548},{"Length":81,"Height":23,"Demand":1,"DemandMax":null,"Value":1863},{"Length":76,"Height":6,"Demand":1,"DemandMax":null,"Value":456},{"Length":84,"Height":70,"Demand":1,"DemandMax":null,"Value":5880},{"Length":81,"Height":36,"Demand":1,"DemandMax":null,"Value":2916},{"Length":99,"Height":96,"Demand":1,"DemandMax":null,"Value":9504},{"Length":70,"Height":19,"Demand":1,"DemandMax":null,"Value":1330},{"Length":77,"Height":50,"Demand":1,"DemandMax":null,"Value":3850},{"Length":79,"Height":6,"Demand":1,"DemandMax":null,"Value":474},{"Length":91,"Height":31,"Demand":1,"DemandMax":null,"Value":2821},{"Length":11,"Height":45,"Demand":1,"DemandMax":null,"Value":495},{"Length":72,"Height":40,"Demand":1,"DemandMax":null,"Value":2880},{"Length":86,"Height":37,"Demand":1,"DemandMax":null,"Value":3182}]}