{"Name":"MB_C8_24","Objects":[{"Length":100,"Height":100,"Stock":null,"Cost":10000},{"Length":99,"Height":77,"Stock":null,"Cost":7147},{"Length":62,"Height":60,"Stock":null,"Cost":2464},{"Length":56,"Height":69,"Stock":null,"Cost":2636},{"Length":80,"Height":73,"Stock":null,"Cost":5008}],"Items":[{"Length":74,"Height":1,"Demand":1,"DemandMax":null,"Value":74},{"Length":88,"Height":24,"Demand":1,"DemandMax":null,"Value":2112},{"Length":77,"Height":16,"Demand":1,"DemandMax":null,"Value":1232},{"Length":7,"Height":98,"Demand":1,"DemandMax":null,"Value":686},{"Length":81,"Height":9,"Demand":1,"DemandMax":null,"Value":729},{"Length":71,"Height":22,"Demand":1,"DemandMax":null,"Value":1562},{"Length":88,"Height":29,"Demand":1,"DemandMax":null,"Value":2552},{"Length":39,"Height":100,"Demand":1,"DemandMax":null,"Value":3900},{"Length":45,"Height":85,"Demand":1,"DemandMax":null,"Value":3825},{"Length":98,"Height":31,"Demand":1,"DemandMax":null,"Value":3038},{"Length":11,"Height":68,"Demand":1,"DemandMax":null,"Value":748},{"Length":88,"Height":16,"Demand":1,"DemandMax":null,"Value":1408},{"Length":86,"Height":9,"Demand":1,"DemandMax":null,"Value":774},{"Length":46,"Height":67,"Demand":1,"DemandMax":null,"Value":3082},{"Length":66,"Height":41,"Demand":1,"DemandMax":null,"Value":2706},{"Length":87,"Height":92,"Demand":1,"DemandMax":null,"Value":8004},{"Length":83,"Height":1,"Demand":1,"DemandMax":null,"Value":83},{"Length":70,"Height":35,"Demand":1,"DemandMax":null,"Value":2450},{"Length":67,"Height":39,"Demand":1,"DemandMax":null,"Value":2613},{"Length":68,"Height":31,"Demand":1,"DemandMax":null,"Value":2108},{"Length":88,"Height":5,"Demand":1,"DemandMax":null,"Value":440},{"Length":86,"Height":30,"Demand":1,"DemandMax":null,"Value":2580},{"Length":65,"Height":99,"Demand":1,"DemandMax":null,"Value":6435},{"Length":88,"Height":32,"Demand":1,"DemandMax":null,"Value":2816},{"Length":66,"Height":21,"Demand":1,"DemandMax":null,"Value":1386},{"Length":75,"Height":36,"Demand":1,"DemandMax":null,"Value":2700},{"Length":93,"Height":21,"Demand":1,"DemandMax":null,"Value":1953},{"Length":81,"Height":44,"Demand":1,"DemandMax":null,"Value":3564},{"Length":87,"Height":48,"Demand":1,"DemandMax":null,"Value":4176},{"Length":10,"Height":4,"Demand":1,"DemandMax":null,"Value":40},{"Length":76,"Height":53,"Demand":1,"DemandMax":null,"Value":4028},{"Length":83,"Height":17,"Demand":1,"DemandMax":null,"Value":1411},{"Length":24,"Height":37,"Demand":1,"DemandMax":null,"Value":888},{"Length":78,"Height":33,"Demand":1,"DemandMax":null,"Value":2574},{"Length":82,"Height":49,"Demand":1,"DemandMax":null,"Value":4018},{"Length":88,"Height":52,"Demand":1,"DemandMax":null,"Value":4576},{"Length":28,"Height":38,"Demand":1,"DemandMax":null,"Value":1064},{"Length":91,"Height":25,"Demand":1,"DemandMax":null,"Value":2275},{"Length":89,"Height":5,"Demand":1,"DemandMax":null,"Value":445},{"Length":75,"Height":50,"Demand":1,"DemandMax":null,"Value":3750},{"Length":96,"Height":1,"Demand":1,"DemandMax":null,"Value":96},{"Length":78,"Height":27,"Demand":1,"DemandMax":null,"Value":2106},{"Length":6,"Height":82,"Demand":1,"DemandMax":null,"Value":492},{"Length":1,"Height":8,"Demand":1,"DemandMax":null,"Value":8},{"Length":80,"Height":25,"Demand":1,"DemandMax":null,"Value":2000},{"Length":73,"Height":42,"Demand":1,"DemandMax":null,"Value":3066},{"Length":92,"Height":4,"Demand":1,"DemandMax":null,"Value":368},{"Length":100,"Height":29,"Demand":1,"DemandMax":null,"Value":2900},{"Length":72,"Height":10,"Demand":1,"DemandMax":null,"Value":720},{"Length":15,"Height":78,"Demand":1,"DemandMax":null,"Value":1170},{"Length":89,"Height":45,"Demand":1,"DemandMax":null,"Value":4005},{"Length":58,"Height":60,"Demand":1,"DemandMax":null,"Value":3480},{"Length":73,"Height":8,"Demand":1,"DemandMax":null,"Value":584},{"Length":87,"Height":6,"Demand":1,"DemandMax":null,"Value":522},{"Length":93,"Height":48,"Demand":1,"DemandMax":null,"Value":4464},{"Length":87,"Height":4,"Demand":1,"DemandMax":null,"Value":348},{"Length":81,"Height":17,"Demand":1,"DemandMax":null,"Value":1377},{"Length":71,"Height":5,"Demand":1,"DemandMax":null,"Value":355},{"Length":71,"Height":13,"Demand":1,"DemandMax":null,"Value":923},{"Length":75,"Height":10,"Demand":1,"DemandMax":null,"Value":750}]}