{"Name":"MB_C4_6","Objects":[{"Length":100,"Height":100,"Stock":null,"Cost":10000},{"Length":71,"Height":92,"Stock":null,"Cost":5838},{"Length":94,"Height":58,"Stock":null,"Cost":4542},{"Length":51,"Height":71,"Stock":null,"Cost":2345},{"Length":50,"Height":81,"Stock":null,"Cost":2860}],"Items":[{"Length":25,"Height":5,"Demand":2,"DemandMax":null,"Value":125},{"Length":5,"Height":26,"Demand":1,"DemandMax":null,"Value":130},{"Length":30,"Height":8,"Demand":1,"DemandMax":null,"Value":240},{"Length":15,"Height":30,"Demand":1,"DemandMax":null,"Value":450},{"Length":34,"Height":34,"Demand":1,"DemandMax":null,"Value":1156},{"Length":25,"Height":21,"Demand":1,"DemandMax":null,"Value":525},{"Length":30,"Height":20,"Demand":1,"DemandMax":null,"Value":600},{"Length":22,"Height":27,"Demand":1,"DemandMax":null,"Value":594},{"Length":20,"Height":15,"Demand":1,"DemandMax":null,"Value":300},{"Length":20,"Height":3,"Demand":1,"DemandMax":null,"Value":60},{"Length":30,"Height":22,"Demand":1,"DemandMax":null,"Value":660},{"Length":34,"Height":10,"Demand":1,"DemandMax":null,"Value":340},{"Length":29,"Height":22,"Demand":1,"DemandMax":null,"Value":638},{"Length":22,"Height":19,"Demand":1,"DemandMax":null,"Value":418},{"Length":33,"Height":8,"Demand":1,"DemandMax":null,"Value":264},{"Length":23,"Height":9,"Demand":1,"DemandMax":null,"Value":207},{"Length":34,"Height":18,"Demand":1,"DemandMax":null,"Value":612},{"Length":16,"Height":8,"Demand":1,"DemandMax":null,"Value":128},{"Length":1,"Height":33,"Demand":1,"DemandMax":null,"Value":33}]}