{"Name":"MB_C7_8","Objects":[{"Length":100,"Height":100,"Stock":null,"Cost":10000},{"Length":92,"Height":62,"Stock":null,"Cost":4844},{"Length":83,"Height":61,"Stock":null,"Cost":4075},{"Length":70,"Height":98,"Stock":null,"Cost":6232},{"Length":69,"Height":71,"Stock":null,"Cost":3878}],"Items":[{"Length":43,"Height":68,"Demand":1,"DemandMax":null,"Value":2924},{"Length":39,"Height":72,"Demand":1,"DemandMax":null,"Value":2808},{"Length":42,"Height":67,"Demand":1,"DemandMax":null,"Value":2814},{"Length":20,"Height":84,"Demand":1,"DemandMax":null,"Value":1680},{"Length":19,"Height":67,"Demand":1,"DemandMax":null,"Value":1273},{"Length":5,"Height":81,"Demand":1,"DemandMax":null,"Value":405},{"Length":23,"Height":69,"Demand":1,"DemandMax":null,"Value":1587},{"Length":43,"Height":97,"Demand":1,"DemandMax":null,"Value":4171},{"Length":6,"Height":73,"Demand":1,"DemandMax":null,"Value":438},{"Length":33,"Height":98,"Demand":1,"DemandMax":null,"Value":3234},{"Length":17,"Height":80,"Demand":1,"DemandMax":null,"Value":1360},{"Length":27,"Height":84,"Demand":1,"DemandMax":null,"Value":2268},{"Length":55,"Height":83,"Demand":1,"DemandMax":null,"Value":4565},{"Length":81,"Height":34,"Demand":1,"DemandMax":null,"Value":2754},{"Length":22,"Height":99,"Demand":1,"DemandMax":null,"Value":2178},{"Length":22,"Height":19,"Demand":1,"DemandMax":null,"Value":418},{"Length":17,"Height":76,"Demand":1,"DemandMax":null,"Value":1292},{"Length":24,"Height":88,"Demand":1,"DemandMax":null,"Value":2112},{"Length":89,"Height":86,"Demand":1,"DemandMax":null,"Value":7654},{"Length":29,"Height":23,"Demand":1,"DemandMax":null,"Value":667}]}