{"Name":"MB_C10_17","Objects":[{"Length":100,"Height":100,"Stock":null,"Cost":10000},{"Length":71,"Height":53,"Stock":null,"Cost":2515},{"Length":58,"Height":74,"Stock":null,"Cost":3150},{"Length":73,"Height":93,"Stock":null,"Cost":6146},{"Length":96,"Height":86,"Stock":null,"Cost":7907}],"Items":[{"Length":52,"Height":76,"Demand":1,"DemandMax":null,"Value":3952},{"Length":50,"Height":16,"Demand":1,"DemandMax":null,"Value":800},{"Length":4,"Height":43,"Demand":1,"DemandMax":null,"Value":172},{"Length":89,"Height":2,"Demand":1,"DemandMax":null,"Value":178},{"Length":33,"Height":12,"Demand":1,"DemandMax":null,"Value":396},{"Length":70,"Height":66,"Demand":1,"DemandMax":null,"Value":4620},{"Length":41,"Height":34,"Demand":1,"DemandMax":null,"Value":1394},{"Length":11,"Height":9,"Demand":1,"DemandMax":null,"Value":99},{"Length":83,"Height":9,"Demand":1,"DemandMax":null,"Value":747},{"Length":68,"Height":29,"Demand":1,"DemandMax":null,"Value":1972},{"Length":39,"Height":91,"Demand":1,"DemandMax":null,"Value":3549},{"Length":49,"Height":28,"Demand":1,"DemandMax":null,"Value":1372},{"Length":29,"Height":18,"Demand":1,"DemandMax":null,"Value":522},{"Length":98,"Height":53,"Demand":1,"DemandMax":null,"Value":5194},{"Length":48,"Height":2,"Demand":1,"DemandMax":null,"Value":96},{"Length":100,"Height":8,"Demand":1,"DemandMax":null,"Value":800},{"Length":45,"Height":92,"Demand":1,"DemandMax":null,"Value":4140},{"Length":4,"Height":40,"Demand":1,"DemandMax":null,"Value":160},{"Length":79,"Height":29,"Demand":1,"DemandMax":null,"Value":2291},{"Length":11,"Height":50,"Demand":1,"DemandMax":null,"Value":550},{"Length":22,"Height":21,"Demand":1,"DemandMax":null,"Value":462},{"Length":80,"Height":37,"Demand":1,"DemandMax":null,"Value":2960},{"Length":2,"Height":17,"Demand":1,"DemandMax":null,"Value":34},{"Length":84,"Height":52,"Demand":1,"DemandMax":null,"Value":4368},{"Length":11,"Height":15,"Demand":1,"DemandMax":null,"Value":165},{"Length":50,"Height":47,"Demand":1,"DemandMax":null,"Value":2350},{"Length":98,"Height":17,"Demand":1,"DemandMax":null,"Value":1666},{"Length":69,"Height":68,"Demand":1,"DemandMax":null,"Value":4692},{"Length":11,"Height":21,"Demand":1,"DemandMax":null,"Value":231},{"Length":41,"Height":78,"Demand":1,"DemandMax":null,"Value":3198},{"Length":3,"Height":85,"Demand":1,"DemandMax":null,"Value":255},{"Length":16,"Height":45,"Demand":1,"DemandMax":null,"Value":720},{"Length":23,"Height":38,"Demand":1,"DemandMax":null,"Value":874},{"Length":44,"Height":50,"Demand":1,"DemandMax":null,"Value":2200},{"Length":80,"Height":1,"Demand":1,"DemandMax":null,"Value":80},{"Length":25,"Height":34,"Demand":1,"DemandMax":null,"Value":850},{"Length":47,"Height":17,"Demand":1,"DemandMax":null,"Value":799},{"Length":8,"Height":45,"Demand":1,"DemandMax":null,"Value":360},{"Length":1,"Height":36,"Demand":1,"DemandMax":null,"Value":36},{"Length":45,"Height":34,"Demand":1,"DemandMax":null,"Value":1530}]}