{"Name":"MB_C3_18","Objects":[{"Length":40,"Height":40,"Stock":null,"Cost":1600},{"Length":28,"Height":34,"Stock":null,"Cost":822},{"Length":33,"Height":30,"Stock":null,"Cost":868},{"Length":31,"Height":31,"Stock":null,"Cost":833},{"Length":20,"Height":31,"Stock":null,"Cost":423}],"Items":[{"Length":2,"Height":34,"Demand":1,"DemandMax":null,"Value":68},{"Length":2,"Height":11,"Demand":1,"DemandMax":null,"Value":22},{"Length":24,"Height":30,"Demand":1,"DemandMax":null,"Value":720},{"Length":16,"Height":31,"Demand":1,"DemandMax":null,"Value":496},{"Length":11,"Height":31,"Demand":1,"DemandMax":null,"Value":341},{"Length":16,"Height":28,"Demand":1,"DemandMax":null,"Value":448},{"Length":16,"Height":29,"Demand":1,"DemandMax":null,"Value":464},{"Length":6,"Height":18,"Demand":1,"DemandMax":null,"Value":108},{"Length":29,"Height":28,"Demand":1,"DemandMax":null,"Value":812},{"Length":35,"Height":29,"Demand":1,"DemandMax":null,"Value":1015},{"Length":19,"Height":8,"Demand":1,"DemandMax":null,"Value":152},{"Length":26,"Height":29,"Demand":1,"DemandMax":null,"Value":754},{"Length":3,"Height":31,"Demand":1,"DemandMax":null,"Value":93},{"Length":18,"Height":34,"Demand":1,"DemandMax":null,"Value":612},{"Length":7,"Height":33,"Demand":1,"DemandMax":null,"Value":231},{"Length":26,"Height":1,"Demand":1,"DemandMax":null,"Value":26},{"Length":35,"Height":27,"Demand":1,"DemandMax":null,"Value":945},{"Length":8,"Height":4,"Demand":1,"DemandMax":null,"Value":32},{"Length":34,"Height":7,"Demand":1,"DemandMax":null,"Value":238},{"Length":3,"Height":23,"Demand":1,"DemandMax":null,"Value":69},{"Length":29,"Height":11,"Demand":1,"DemandMax":null,"Value":319},{"Length":26,"Height":16,"Demand":1,"DemandMax":null,"Value":416},{"Length":25,"Height":20,"Demand":1,"DemandMax":null,"Value":500},{"Length":34,"Height":21,"Demand":1,"DemandMax":null,"Value":714},{"Length":2,"Height":26,"Demand":1,"DemandMax":null,"Value":52},{"Length":31,"Height":20,"Demand":1,"DemandMax":null,"Value":620},{"Length":23,"Height":33,"Demand":1,"DemandMax":null,"Value":759},{"Length":33,"Height":4,"Demand":1,"DemandMax":null,"Value":132},{"Length":22,"Height":21,"Demand":1,"DemandMax":null,"Value":462},{"Length":33,"Height":12,"Demand":1,"DemandMax":null,"Value":396},{"Length":14,"Height":18,"Demand":1,"DemandMax":null,"Value":252},{"Length":33,"Height":25,"Demand":1,"DemandMax":null,"Value":825},{"Length":26,"Height":28,"Demand":1,"DemandMax":null,"Value":728},{"Length":14,"Height":35,"Demand":1,"DemandMax":null,"Value":490},{"Length":28,"Height":30,"Demand":1,"DemandMax":null,"Value":840},{"Length":4,"Height":11,"Demand":1,"DemandMax":null,"Value":44},{"Length":34,"Height":18,"Demand":1,"DemandMax":null,"Value":612},{"Length":7,"Height":3,"Demand":1,"DemandMax":null,"Value":21},{"Length":2,"Height":31,"Demand":1,"DemandMax":null,"Value":62},{"Length":3,"Height":4,"Demand":1,"DemandMax":null,"Value":12}]}