{"Name":"MB_C9_9","Objects":[{"Length":100,"Height":100,"Stock":null,"Cost":10000},{"Length":66,"Height":58,"Stock":null,"Cost":2593},{"Length":67,"Height":87,"Stock":null,"Cost":4994},{"Length":79,"Height":65,"Stock":null,"Cost":4162},{"Length":53,"Height":70,"Stock":null,"Cost":2452}],"Items":[{"Length":76,"Height":68,"Demand":1,"DemandMax":null,"Value":5168},{"Length":71,"Height":99,"Demand":1,"DemandMax":null,"Value":7029},{"Length":79,"Height":99,"Demand":1,"DemandMax":null,"Value":7821},{"Length":94,"Height":86,"Demand":1,"DemandMax":null,"Value":8084},{"Length":85,"Height":56,"Demand":1,"DemandMax":null,"Value":4760},{"Length":95,"Height":77,"Demand":1,"DemandMax":null,"Value":7315},{"Length":94,"Height":93,"Demand":1,"DemandMax":null,"Value":8742},{"Length":74,"Height":71,"Demand":1,"DemandMax":null,"Value":5254},{"Length":54,"Height":56,"Demand":1,"DemandMax":null,"Value":3024},{"Length":80,"Height":68,"Demand":1,"DemandMax":null,"Value":5440},{"Length":20,"Height":99,"Demand":1,"DemandMax":null,"Value":1980},{"Length":76,"Height":18,"Demand":1,"DemandMax":null,"Value":1368},{"Length":87,"Height":68,"Demand":1,"DemandMax":null,"Value":5916},{"Length":78,"Height":70,"Demand":1,"DemandMax":null,"Value":5460},{"Length":7,"Height":77,"Demand":1,"DemandMax":null,"Value":539},{"Length":18,"Height":26,"Demand":1,"DemandMax":null,"Value":468},{"Length":80,"Height":92,"Demand":1,"DemandMax":null,"Value":7360},{"Length":87,"Height":84,"Demand":1,"DemandMax":null,"Value":7308},{"Length":56,"Height":96,"Demand":1,"DemandMax":null,"Value":5376},{"Length":33,"Height":97,"Demand":1,"DemandMax":null,"Value":3201}]}