{"Name":"MB_C1_1","Objects":[{"Length":10,"Height":10,"Stock":null,"Cost":100},{"Length":9,"Height":9,"Stock":null,"Cost":77},{"Length":7,"Height":7,"Stock":null,"Cost":38},{"Length":5,"Height":7,"Stock":null,"Cost":22},{"Length":5,"Height":5,"Stock":null,"Cost":10}],"Items":[{"Length":9,"Height":5,"Demand":1,"DemandMax":null,"Value":45},{"Length":2,"Height":4,"Demand":1,"DemandMax":null,"Value":8},{"Length":6,"Height":10,"Demand":1,"DemandMax":null,"Value":60},{"Length":7,"Height":5,"Demand":1,"DemandMax":null,"Value":35},{"Length":3,"Height":6,"Demand":1,"DemandMax":null,"Value":18},{"Length":7,"Height":10,"Demand":1,"DemandMax":null,"Value":70},{"Length":5,"Height":1,"Demand":1,"DemandMax":null,"Value":5},{"Length":5,"Height":3,"Demand":1,"DemandMax":null,"Value":15},{"Length":9,"Height":6,"Demand":1,"DemandMax":null,"Value":54},{"Length":4,"Height":2,"Demand":1,"DemandMax":null,"Value":8},{"Length":7,"Height":6,"Demand":1,"DemandMax":null,"Value":42},{"Length":2,"Height":7,"Demand":1,"DemandMax":null,"Value":14},{"Length":3,"Height":8,"Demand":3,"DemandMax":null,"Value":24},{"Length":10,"Height":4,"Demand":1,"DemandMax":null,"Value":40},{"Length":5,"Height":4,"Demand":1,"DemandMax":null,"Value":20},{"Length":3,"Height":10,"Demand":1,"DemandMax":null,"Value":30},{"Length":8,"Height":7,"Demand":1,"DemandMax":null,"Value":56},{"Length":7,"Height":8,"Demand":1,"DemandMax":null,"Value":56}]}