{"Name":"MB_C10_40","Objects":[{"Length":100,"Height":100,"Stock":null,"Cost":10000},{"Length":59,"Height":66,"Stock":null,"Cost":2672},{"Length":70,"Height":59,"Stock":null,"Cost":2956},{"Length":93,"Height":99,"Stock":null,"Cost":9048},{"Length":67,"Height":55,"Stock":null,"Cost":2422}],"Items":[{"Length":38,"Height":36,"Demand":1,"DemandMax":null,"Value":1368},{"Length":1,"Height":34,"Demand":1,"DemandMax":null,"Value":34},{"Length":26,"Height":1,"Demand":1,"DemandMax":null,"Value":26},{"Length":9,"Height":7,"Demand":1,"DemandMax":null,"Value":63},{"Length":66,"Height":94,"Demand":1,"DemandMax":null,"Value":6204},{"Length":44,"Height":33,"Demand":1,"DemandMax":null,"Value":1452},{"Length":10,"Height":15,"Demand":1,"DemandMax":null,"Value":150},{"Length":57,"Height":61,"Demand":1,"DemandMax":null,"Value":3477},{"Length":56,"Height":64,"Demand":1,"DemandMax":null,"Value":3584},{"Length":100,"Height":43,"Demand":1,"DemandMax":null,"Value":4300},{"Length":6,"Height":41,"Demand":1,"DemandMax":null,"Value":246},{"Length":79,"Height":28,"Demand":1,"DemandMax":null,"Value":2212},{"Length":9,"Height":46,"Demand":1,"DemandMax":null,"Value":414},{"Length":66,"Height":65,"Demand":1,"DemandMax":null,"Value":4290},{"Length":14,"Height":85,"Demand":2,"DemandMax":null,"Value":1190},{"Length":42,"Height":6,"Demand":1,"DemandMax":null,"Value":252},{"Length":22,"Height":93,"Demand":1,"DemandMax":null,"Value":2046},{"Length":46,"Height":49,"Demand":1,"DemandMax":null,"Value":2254},{"Length":33,"Height":28,"Demand":1,"DemandMax":null,"Value":924},{"Length":27,"Height":46,"Demand":1,"DemandMax":null,"Value":1242},{"Length":47,"Height":45,"Demand":1,"DemandMax":null,"Value":2115},{"Length":36,"Height":97,"Demand":1,"DemandMax":null,"Value":3492},{"Length":14,"Height":39,"Demand":1,"DemandMax":null,"Value":546},{"Length":23,"Height":47,"Demand":1,"DemandMax":null,"Value":1081},{"Length":34,"Height":12,"Demand":1,"DemandMax":null,"Value":408},{"Length":38,"Height":2,"Demand":1,"DemandMax":null,"Value":76},{"Length":6,"Height":12,"Demand":1,"DemandMax":null,"Value":72},{"Length":31,"Height":10,"Demand":1,"DemandMax":null,"Value":310},{"Length":32,"Height":40,"Demand":1,"DemandMax":null,"Value":1280},{"Length":2,"Height":21,"Demand":1,"DemandMax":null,"Value":42},{"Length":11,"Height":46,"Demand":1,"DemandMax":null,"Value":506},{"Length":1,"Height":35,"Demand":1,"DemandMax":null,"Value":35},{"Length":42,"Height":31,"Demand":1,"DemandMax":null,"Value":1302},{"Length":28,"Height":66,"Demand":1,"DemandMax":null,"Value":1848},{"Length":27,"Height":43,"Demand":1,"DemandMax":null,"Value":1161},{"Length":32,"Height":21,"Demand":1,"DemandMax":null,"Value":672},{"Length":14,"Height":88,"Demand":1,"DemandMax":null,"Value":1232},{"Length":15,"Height":44,"Demand":1,"DemandMax":null,"Value":660},{"Length":53,"Height":100,"Demand":1,"DemandMax":null,"Value":5300},{"Length":25,"Height":20,"Demand":1,"DemandMax":null,"Value":500},{"Length":47,"Height":46,"Demand":1,"DemandMax":null,"Value":2162},{"Length":63,"Height":98,"Demand":1,"DemandMax":null,"Value":6174},{"Length":93,"Height":69,"Demand":1,"DemandMax":null,"Value":6417},{"Length":80,"Height":79,"Demand":1,"DemandMax":null,"Value":6320},{"Length":42,"Height":80,"Demand":1,"DemandMax":null,"Value":3360},{"Length":74,"Height":63,"Demand":1,"DemandMax":null,"Value":4662},{"Length":44,"Height":1,"Demand":1,"DemandMax":null,"Value":44},{"Length":96,"Height":50,"Demand":1,"DemandMax":null,"Value":4800},{"Length":49,"Height":8,"Demand":1,"DemandMax":null,"Value":392},{"Length":46,"Height":41,"Demand":1,"DemandMax":null,"Value":1886},{"Length":7,"Height":43,"Demand":1,"DemandMax":null,"Value":301},{"Length":24,"Height":34,"Demand":1,"DemandMax":null,"Value":816},{"Length":17,"Height":70,"Demand":1,"DemandMax":null,"Value":1190},{"Length":30,"Height":30,"Demand":1,"DemandMax":null,"Value":900},{"Length":31,"Height":48,"Demand":1,"DemandMax":null,"Value":1488},{"Length":47,"Height":17,"Demand":1,"DemandMax":null,"Value":799},{"Length":26,"Height":30,"Demand":1,"DemandMax":null,"Value":780},{"Length":17,"Height":14,"Demand":1,"DemandMax":null,"Value":238},{"Length":15,"Height":35,"Demand":1,"DemandMax":null,"Value":525},{"Length":39,"Height":39,"Demand":1,"DemandMax":null,"Value":1521},{"Length":33,"Height":43,"Demand":1,"DemandMax":null,"Value":1419},{"Length":14,"Height":41,"Demand":1,"DemandMax":null,"Value":574},{"Length":28,"Height":3,"Demand":1,"DemandMax":null,"Value":84},{"Length":92,"Height":72,"Demand":1,"DemandMax":null,"Value":6624},{"Length":1,"Height":17,"Demand":1,"DemandMax":null,"Value":17},{"Length":73,"Height":80,"Demand":1,"DemandMax":null,"Value":5840},{"Length":3,"Height":88,"Demand":1,"DemandMax":null,"Value":264},{"Length":8,"Height":17,"Demand":1,"DemandMax":null,"Value":136},{"Length":32,"Height":2,"Demand":1,"DemandMax":null,"Value":64},{"Length":45,"Height":32,"Demand":1,"DemandMax":null,"Value":1440},{"Length":39,"Height":24,"Demand":1,"DemandMax":null,"Value":936},{"Length":34,"Height":24,"Demand":1,"DemandMax":null,"Value":816},{"Length":24,"Height":50,"Demand":1,"DemandMax":null,"Value":1200},{"Length":27,"Height":44,"Demand":1,"DemandMax":null,"Value":1188},{"Length":91,"Height":28,"Demand":1,"DemandMax":null,"Value":2548},{"Length":23,"Height":43,"Demand":1,"DemandMax":null,"Value":989},{"Length":85,"Height":8,"Demand":1,"DemandMax":null,"Value":680},{"Length":21,"Height":19,"Demand":1,"DemandMax":null,"Value":399},{"Length":98,"Height":42,"Demand":1,"DemandMax":null,"Value":4116}]}