{"Name":"MB_C5_25","Objects":[{"Length":100,"Height":100,"Stock":null,"Cost":10000},{"Length":60,"Height":80,"Stock":null,"Cost":3760},{"Length":78,"Height":61,"Stock":null,"Cost":3709},{"Length":88,"Height":65,"Stock":null,"Cost":4864},{"Length":62,"Height":64,"Stock":null,"Cost":2761}],"Items":[{"Length":7,"Height":24,"Demand":1,"DemandMax":null,"Value":168},{"Length":35,"Height":32,"Demand":1,"DemandMax":null,"Value":1120},{"Length":87,"Height":57,"Demand":1,"DemandMax":null,"Value":4959},{"Length":83,"Height":89,"Demand":1,"DemandMax":null,"Value":7387},{"Length":80,"Height":49,"Demand":1,"DemandMax":null,"Value":3920},{"Length":67,"Height":93,"Demand":1,"DemandMax":null,"Value":6231},{"Length":66,"Height":10,"Demand":1,"DemandMax":null,"Value":660},{"Length":31,"Height":22,"Demand":1,"DemandMax":null,"Value":682},{"Length":53,"Height":84,"Demand":1,"DemandMax":null,"Value":4452},{"Length":54,"Height":86,"Demand":1,"DemandMax":null,"Value":4644},{"Length":88,"Height":50,"Demand":1,"DemandMax":null,"Value":4400},{"Length":46,"Height":31,"Demand":1,"DemandMax":null,"Value":1426},{"Length":48,"Height":19,"Demand":1,"DemandMax":null,"Value":912},{"Length":51,"Height":35,"Demand":1,"DemandMax":null,"Value":1785},{"Length":44,"Height":35,"Demand":1,"DemandMax":null,"Value":1540},{"Length":48,"Height":7,"Demand":1,"DemandMax":null,"Value":336},{"Length":20,"Height":75,"Demand":1,"DemandMax":null,"Value":1500},{"Length":47,"Height":93,"Demand":1,"DemandMax":null,"Value":4371},{"Length":54,"Height":51,"Demand":1,"DemandMax":null,"Value":2754},{"Length":94,"Height":71,"Demand":1,"DemandMax":null,"Value":6674},{"Length":57,"Height":8,"Demand":1,"DemandMax":null,"Value":456},{"Length":65,"Height":51,"Demand":1,"DemandMax":null,"Value":3315},{"Length":74,"Height":23,"Demand":1,"DemandMax":null,"Value":1702},{"Length":72,"Height":79,"Demand":1,"DemandMax":null,"Value":5688},{"Length":83,"Height":7,"Demand":1,"DemandMax":null,"Value":581},{"Length":60,"Height":31,"Demand":1,"DemandMax":null,"Value":1860},{"Length":94,"Height":5,"Demand":1,"DemandMax":null,"Value":470},{"Length":6,"Height":19,"Demand":1,"DemandMax":null,"Value":114},{"Length":52,"Height":95,"Demand":1,"DemandMax":null,"Value":4940},{"Length":21,"Height":88,"Demand":1,"DemandMax":null,"Value":1848},{"Length":35,"Height":87,"Demand":1,"DemandMax":null,"Value":3045},{"Length":50,"Height":14,"Demand":1,"DemandMax":null,"Value":700},{"Length":54,"Height":26,"Demand":1,"DemandMax":null,"Value":1404},{"Length":70,"Height":10,"Demand":1,"DemandMax":null,"Value":700},{"Length":53,"Height":90,"Demand":1,"DemandMax":null,"Value":4770},{"Length":93,"Height":20,"Demand":1,"DemandMax":null,"Value":1860},{"Length":11,"Height":89,"Demand":1,"DemandMax":null,"Value":979},{"Length":63,"Height":21,"Demand":1,"DemandMax":null,"Value":1323},{"Length":37,"Height":69,"Demand":1,"DemandMax":null,"Value":2553},{"Length":57,"Height":24,"Demand":1,"DemandMax":null,"Value":1368},{"Length":78,"Height":8,"Demand":1,"DemandMax":null,"Value":624},{"Length":88,"Height":75,"Demand":1,"DemandMax":null,"Value":6600},{"Length":10,"Height":15,"Demand":1,"DemandMax":null,"Value":150},{"Length":99,"Height":50,"Demand":1,"DemandMax":null,"Value":4950},{"Length":44,"Height":36,"Demand":1,"DemandMax":null,"Value":1584},{"Length":68,"Height":62,"Demand":1,"DemandMax":null,"Value":4216},{"Length":26,"Height":49,"Demand":1,"DemandMax":null,"Value":1274},{"Length":6,"Height":54,"Demand":1,"DemandMax":null,"Value":324},{"Length":32,"Height":64,"Demand":1,"DemandMax":null,"Value":2048},{"Length":58,"Height":4,"Demand":1,"DemandMax":null,"Value":232},{"Length":74,"Height":27,"Demand":1,"DemandMax":null,"Value":1998},{"Length":2,"Height":23,"Demand":1,"DemandMax":null,"Value":46},{"Length":97,"Height":14,"Demand":1,"DemandMax":null,"Value":1358},{"Length":48,"Height":56,"Demand":1,"DemandMax":null,"Value":2688},{"Length":78,"Height":37,"Demand":1,"DemandMax":null,"Value":2886},{"Length":41,"Height":80,"Demand":1,"DemandMax":null,"Value":3280},{"Length":28,"Height":41,"Demand":1,"DemandMax":null,"Value":1148},{"Length":59,"Height":7,"Demand":1,"DemandMax":null,"Value":413},{"Length":91,"Height":2,"Demand":1,"DemandMax":null,"Value":182},{"Length":13,"Height":81,"Demand":1,"DemandMax":null,"Value":1053}]}