{"Name":"MB_C1_29","Objects":[{"Length":10,"Height":10,"Stock":null,"Cost":100},{"Length":5,"Height":5,"Stock":null,"Cost":10},{"Length":9,"Height":9,"Stock":null,"Cost":77},{"Length":7,"Height":7,"Stock":null,"Cost":38},{"Length":9,"Height":8,"Stock":null,"Cost":66}],"Items":[{"Length":6,"Height":5,"Demand":1,"DemandMax":null,"Value":30},{"Length":1,"Height":6,"Demand":1,"DemandMax":null,"Value":6},{"Length":2,"Height":7,"Demand":1,"DemandMax":null,"Value":14},{"Length":8,"Height":2,"Demand":2,"DemandMax":null,"Value":16},{"Length":3,"Height":2,"Demand":1,"DemandMax":null,"Value":6},{"Length":1,"Height":8,"Demand":1,"DemandMax":null,"Value":8},{"Length":1,"Height":5,"Demand":2,"DemandMax":null,"Value":5},{"Length":5,"Height":4,"Demand":1,"DemandMax":null,"Value":20},{"Length":10,"Height":5,"Demand":1,"DemandMax":null,"Value":50},{"Length":4,"Height":4,"Demand":1,"DemandMax":null,"Value":16},{"Length":9,"Height":1,"Demand":1,"DemandMax":null,"Value":9},{"Length":10,"Height":7,"Demand":1,"DemandMax":null,"Value":70},{"Length":8,"Height":8,"Demand":1,"DemandMax":null,"Value":64},{"Length":3,"Height":3,"Demand":1,"DemandMax":null,"Value":9},{"Length":2,"Height":8,"Demand":2,"DemandMax":null,"Value":16},{"Length":7,"Height":2,"Demand":2,"DemandMax":null,"Value":14},{"Length":7,"Height":3,"Demand":2,"DemandMax":null,"Value":21},{"Length":2,"Height":5,"Demand":1,"DemandMax":null,"Value":10},{"Length":4,"Height":7,"Demand":1,"DemandMax":null,"Value":28},{"Length":2,"Height":4,"Demand":1,"DemandMax":null,"Value":8},{"Length":8,"Height":5,"Demand":1,"DemandMax":null,"Value":40},{"Length":8,"Height":10,"Demand":2,"DemandMax":null,"Value":80},{"Length":4,"Height":10,"Demand":1,"DemandMax":null,"Value":40},{"Length":10,"Height":2,"Demand":2,"DemandMax":null,"Value":20},{"Length":4,"Height":3,"Demand":1,"DemandMax":null,"Value":12},{"Length":10,"Height":10,"Demand":2,"DemandMax":null,"Value":100},{"Length":3,"Height":8,"Demand":1,"DemandMax":null,"Value":24},{"Length":2,"Height":10,"Demand":2,"DemandMax":null,"Value":20},{"Length":8,"Height":7,"Demand":1,"DemandMax":null,"Value":56},{"Length":7,"Height":9,"Demand":2,"DemandMax":null,"Value":63},{"Length":9,"Height":3,"Demand":1,"DemandMax":null,"Value":27},{"Length":6,"Height":8,"Demand":1,"DemandMax":null,"Value":48},{"Length":2,"Height":6,"Demand":1,"DemandMax":null,"Value":12},{"Length":4,"Height":6,"Demand":1,"DemandMax":null,"Value":24},{"Length":6,"Height":7,"Demand":2,"DemandMax":null,"Value":42},{"Length":3,"Height":9,"Demand":1,"DemandMax":null,"Value":27},{"Length":3,"Height":7,"Demand":2,"DemandMax":null,"Value":21},{"Length":6,"Height":2,"Demand":1,"DemandMax":null,"Value":12},{"Length":3,"Height":1,"Demand":1,"DemandMax":null,"Value":3},{"Length":7,"Height":10,"Demand":1,"DemandMax":null,"Value":70},{"Length":4,"Height":1,"Demand":1,"DemandMax":null,"Value":4},{"Length":5,"Height":5,"Demand":1,"DemandMax":null,"Value":25},{"Length":5,"Height":6,"Demand":1,"DemandMax":null,"Value":30},{"Length":3,"Height":5,"Demand":1,"DemandMax":null,"Value":15},{"Length":7,"Height":7,"Demand":1,"DemandMax":null,"Value":49},{"Length":2,"Height":1,"Demand":1,"DemandMax":null,"Value":2},{"Length":10,"Height":3,"Demand":1,"DemandMax":null,"Value":30},{"Length":1,"Height":3,"Demand":1,"DemandMax":null,"Value":3}]}