{"Name":"MB_C6_15","Objects":[{"Length":300,"Height":300,"Stock":null,"Cost":90000},{"Length":220,"Height":179,"Stock":null,"Cost":29255},{"Length":199,"Height":290,"Stock":null,"Cost":51252},{"Length":163,"Height":250,"Stock":null,"Cost":30900},{"Length":160,"Height":270,"Stock":null,"Cost":33840}],"Items":[{"Length":95,"Height":77,"Demand":1,"DemandMax":null,"Value":7315},{"Length":50,"Height":53,"Demand":1,"DemandMax":null,"Value":2650},{"Length":11,"Height":30,"Demand":1,"DemandMax":null,"Value":330},{"Length":100,"Height":95,"Demand":1,"DemandMax":null,"Value":9500},{"Length":73,"Height":73,"Demand":1,"DemandMax":null,"Value":5329},{"Length":19,"Height":18,"Demand":1,"DemandMax":null,"Value":342},{"Length":60,"Height":19,"Demand":1,"DemandMax":null,"Value":1140},{"Length":52,"Height":99,"Demand":1,"DemandMax":null,"Value":5148},{"Length":83,"Height":12,"Demand":1,"DemandMax":null,"Value":996},{"Length":76,"Height":49,"Demand":1,"DemandMax":null,"Value":3724},{"Length":87,"Height":30,"Demand":1,"DemandMax":null,"Value":2610},{"Length":3,"Height":13,"Demand":1,"DemandMax":null,"Value":39},{"Length":48,"Height":84,"Demand":1,"DemandMax":null,"Value":4032},{"Length":77,"Height":68,"Demand":1,"DemandMax":null,"Value":5236},{"Length":79,"Height":19,"Demand":1,"DemandMax":null,"Value":1501},{"Length":76,"Height":26,"Demand":1,"DemandMax":null,"Value":1976},{"Length":24,"Height":11,"Demand":1,"DemandMax":null,"Value":264},{"Length":11,"Height":31,"Demand":1,"DemandMax":null,"Value":341},{"Length":60,"Height":73,"Demand":1,"DemandMax":null,"Value":4380},{"Length":26,"Height":60,"Demand":1,"DemandMax":null,"Value":1560},{"Length":99,"Height":48,"Demand":1,"DemandMax":null,"Value":4752},{"Length":99,"Height":26,"Demand":1,"DemandMax":null,"Value":2574},{"Length":84,"Height":15,"Demand":1,"DemandMax":null,"Value":1260},{"Length":42,"Height":72,"Demand":1,"DemandMax":null,"Value":3024},{"Length":95,"Height":85,"Demand":1,"DemandMax":null,"Value":8075},{"Length":98,"Height":76,"Demand":1,"DemandMax":null,"Value":7448},{"Length":41,"Height":1,"Demand":1,"DemandMax":null,"Value":41},{"Length":46,"Height":49,"Demand":1,"DemandMax":null,"Value":2254},{"Length":68,"Height":42,"Demand":1,"DemandMax":null,"Value":2856},{"Length":96,"Height":36,"Demand":1,"DemandMax":null,"Value":3456},{"Length":53,"Height":20,"Demand":1,"DemandMax":null,"Value":1060},{"Length":94,"Height":15,"Demand":1,"DemandMax":null,"Value":1410},{"Length":7,"Height":77,"Demand":1,"DemandMax":null,"Value":539},{"Length":16,"Height":96,"Demand":1,"DemandMax":null,"Value":1536},{"Length":75,"Height":93,"Demand":1,"DemandMax":null,"Value":6975},{"Length":74,"Height":24,"Demand":1,"DemandMax":null,"Value":1776},{"Length":34,"Height":78,"Demand":1,"DemandMax":null,"Value":2652},{"Length":12,"Height":77,"Demand":1,"DemandMax":null,"Value":924},{"Length":96,"Height":77,"Demand":1,"DemandMax":null,"Value":7392},{"Length":9,"Height":66,"Demand":1,"DemandMax":null,"Value":594}]}