{"Name":"MB_C5_11","Objects":[{"Length":100,"Height":100,"Stock":null,"Cost":10000},{"Length":94,"Height":63,"Stock":null,"Cost":5106},{"Length":81,"Height":90,"Stock":null,"Cost":6748},{"Length":69,"Height":51,"Stock":null,"Cost":2222},{"Length":93,"Height":66,"Stock":null,"Cost":5365}],"Items":[{"Length":16,"Height":18,"Demand":1,"DemandMax":null,"Value":288},{"Length":72,"Height":51,"Demand":1,"DemandMax":null,"Value":3672},{"Length":12,"Height":95,"Demand":1,"DemandMax":null,"Value":1140},{"Length":24,"Height":7,"Demand":1,"DemandMax":null,"Value":168},{"Length":32,"Height":75,"Demand":1,"DemandMax":null,"Value":2400},{"Length":91,"Height":21,"Demand":1,"DemandMax":null,"Value":1911},{"Length":89,"Height":1,"Demand":1,"DemandMax":null,"Value":89},{"Length":48,"Height":4,"Demand":1,"DemandMax":null,"Value":192},{"Length":25,"Height":52,"Demand":1,"DemandMax":null,"Value":1300},{"Length":9,"Height":1,"Demand":1,"DemandMax":null,"Value":9},{"Length":20,"Height":40,"Demand":1,"DemandMax":null,"Value":800},{"Length":16,"Height":90,"Demand":1,"DemandMax":null,"Value":1440},{"Length":85,"Height":7,"Demand":1,"DemandMax":null,"Value":595},{"Length":48,"Height":81,"Demand":1,"DemandMax":null,"Value":3888},{"Length":62,"Height":33,"Demand":1,"DemandMax":null,"Value":2046},{"Length":16,"Height":19,"Demand":1,"DemandMax":null,"Value":304},{"Length":32,"Height":28,"Demand":1,"DemandMax":null,"Value":896},{"Length":65,"Height":82,"Demand":1,"DemandMax":null,"Value":5330},{"Length":4,"Height":37,"Demand":1,"DemandMax":null,"Value":148},{"Length":71,"Height":81,"Demand":1,"DemandMax":null,"Value":5751},{"Length":23,"Height":37,"Demand":1,"DemandMax":null,"Value":851},{"Length":47,"Height":60,"Demand":1,"DemandMax":null,"Value":2820},{"Length":67,"Height":40,"Demand":1,"DemandMax":null,"Value":2680},{"Length":37,"Height":98,"Demand":1,"DemandMax":null,"Value":3626},{"Length":46,"Height":90,"Demand":1,"DemandMax":null,"Value":4140},{"Length":18,"Height":4,"Demand":1,"DemandMax":null,"Value":72},{"Length":7,"Height":64,"Demand":1,"DemandMax":null,"Value":448},{"Length":1,"Height":25,"Demand":1,"DemandMax":null,"Value":25},{"Length":25,"Height":75,"Demand":1,"DemandMax":null,"Value":1875},{"Length":32,"Height":37,"Demand":1,"DemandMax":null,"Value":1184},{"Length":12,"Height":66,"Demand":1,"DemandMax":null,"Value":792},{"Length":88,"Height":51,"Demand":1,"DemandMax":null,"Value":4488},{"Length":14,"Height":15,"Demand":1,"DemandMax":null,"Value":210},{"Length":79,"Height":13,"Demand":1,"DemandMax":null,"Value":1027},{"Length":6,"Height":33,"Demand":1,"DemandMax":null,"Value":198},{"Length":51,"Height":99,"Demand":1,"DemandMax":null,"Value":5049},{"Length":2,"Height":65,"Demand":1,"DemandMax":null,"Value":130},{"Length":81,"Height":21,"Demand":1,"DemandMax":null,"Value":1701},{"Length":44,"Height":89,"Demand":1,"DemandMax":null,"Value":3916},{"Length":80,"Height":24,"Demand":1,"DemandMax":null,"Value":1920}]}