{"Name":"MB_C4_29","Objects":[{"Length":100,"Height":100,"Stock":null,"Cost":10000},{"Length":84,"Height":79,"Stock":null,"Cost":5963},{"Length":80,"Height":67,"Stock":null,"Cost":4431},{"Length":72,"Height":53,"Stock":null,"Cost":2579},{"Length":96,"Height":75,"Stock":null,"Cost":6640}],"Items":[{"Length":21,"Height":16,"Demand":1,"DemandMax":null,"Value":336},{"Length":1,"Height":20,"Demand":1,"DemandMax":null,"Value":20},{"Length":5,"Height":22,"Demand":1,"DemandMax":null,"Value":110},{"Length":28,"Height":7,"Demand":1,"DemandMax":null,"Value":196},{"Length":9,"Height":6,"Demand":1,"DemandMax":null,"Value":54},{"Length":1,"Height":26,"Demand":1,"DemandMax":null,"Value":26},{"Length":2,"Height":18,"Demand":1,"DemandMax":null,"Value":36},{"Length":18,"Height":11,"Demand":1,"DemandMax":null,"Value":198},{"Length":34,"Height":15,"Demand":1,"DemandMax":null,"Value":510},{"Length":12,"Height":12,"Demand":1,"DemandMax":null,"Value":144},{"Length":29,"Height":1,"Demand":1,"DemandMax":null,"Value":29},{"Length":35,"Height":23,"Demand":1,"DemandMax":null,"Value":805},{"Length":25,"Height":27,"Demand":1,"DemandMax":null,"Value":675},{"Length":8,"Height":10,"Demand":1,"DemandMax":null,"Value":80},{"Length":2,"Height":15,"Demand":1,"DemandMax":null,"Value":30},{"Length":5,"Height":26,"Demand":1,"DemandMax":null,"Value":130},{"Length":23,"Height":4,"Demand":1,"DemandMax":null,"Value":92},{"Length":7,"Height":27,"Demand":1,"DemandMax":null,"Value":189},{"Length":22,"Height":10,"Demand":2,"DemandMax":null,"Value":220},{"Length":6,"Height":18,"Demand":1,"DemandMax":null,"Value":108},{"Length":13,"Height":24,"Demand":1,"DemandMax":null,"Value":312},{"Length":5,"Height":13,"Demand":1,"DemandMax":null,"Value":65},{"Length":25,"Height":16,"Demand":1,"DemandMax":null,"Value":400},{"Length":22,"Height":5,"Demand":1,"DemandMax":null,"Value":110},{"Length":26,"Height":35,"Demand":1,"DemandMax":null,"Value":910},{"Length":12,"Height":33,"Demand":1,"DemandMax":null,"Value":396},{"Length":32,"Height":6,"Demand":1,"DemandMax":null,"Value":192},{"Length":14,"Height":8,"Demand":1,"DemandMax":null,"Value":112},{"Length":35,"Height":35,"Demand":1,"DemandMax":null,"Value":1225},{"Length":10,"Height":26,"Demand":1,"DemandMax":null,"Value":260},{"Length":4,"Height":34,"Demand":1,"DemandMax":null,"Value":136},{"Length":26,"Height":22,"Demand":1,"DemandMax":null,"Value":572},{"Length":24,"Height":31,"Demand":1,"DemandMax":null,"Value":744},{"Length":31,"Height":11,"Demand":1,"DemandMax":null,"Value":341},{"Length":19,"Height":28,"Demand":1,"DemandMax":null,"Value":532},{"Length":6,"Height":20,"Demand":1,"DemandMax":null,"Value":120},{"Length":25,"Height":7,"Demand":1,"DemandMax":null,"Value":175},{"Length":13,"Height":19,"Demand":1,"DemandMax":null,"Value":247},{"Length":25,"Height":29,"Demand":1,"DemandMax":null,"Value":725},{"Length":21,"Height":22,"Demand":1,"DemandMax":null,"Value":462},{"Length":10,"Height":29,"Demand":1,"DemandMax":null,"Value":290},{"Length":11,"Height":22,"Demand":1,"DemandMax":null,"Value":242},{"Length":19,"Height":22,"Demand":1,"DemandMax":null,"Value":418},{"Length":9,"Height":24,"Demand":1,"DemandMax":null,"Value":216},{"Length":34,"Height":35,"Demand":1,"DemandMax":null,"Value":1190},{"Length":20,"Height":6,"Demand":1,"DemandMax":null,"Value":120},{"Length":10,"Height":3,"Demand":1,"DemandMax":null,"Value":30},{"Length":23,"Height":33,"Demand":1,"DemandMax":null,"Value":759},{"Length":13,"Height":2,"Demand":1,"DemandMax":null,"Value":26},{"Length":15,"Height":15,"Demand":1,"DemandMax":null,"Value":225},{"Length":26,"Height":34,"Demand":1,"DemandMax":null,"Value":884},{"Length":17,"Height":20,"Demand":1,"DemandMax":null,"Value":340},{"Length":9,"Height":16,"Demand":1,"DemandMax":null,"Value":144},{"Length":32,"Height":7,"Demand":1,"DemandMax":null,"Value":224},{"Length":24,"Height":23,"Demand":1,"DemandMax":null,"Value":552},{"Length":5,"Height":2,"Demand":1,"DemandMax":null,"Value":10},{"Length":6,"Height":35,"Demand":1,"DemandMax":null,"Value":210},{"Length":33,"Height":11,"Demand":1,"DemandMax":null,"Value":363},{"Length":3,"Height":8,"Demand":1,"DemandMax":null,"Value":24}]}