{"Name":"MB_C3_46","Objects":[{"Length":40,"Height":40,"Stock":null,"Cost":1600},{"Length":22,"Height":38,"Stock":null,"Cost":683},{"Length":21,"Height":27,"Stock":null,"Cost":360},{"Length":26,"Height":21,"Stock":null,"Cost":335},{"Length":26,"Height":20,"Stock":null,"Cost":304}],"Items":[{"Length":26,"Height":25,"Demand":1,"DemandMax":null,"Value":650},{"Length":26,"Height":9,"Demand":1,"DemandMax":null,"Value":234},{"Length":17,"Height":17,"Demand":1,"DemandMax":null,"Value":289},{"Length":6,"Height":10,"Demand":1,"DemandMax":null,"Value":60},{"Length":13,"Height":30,"Demand":1,"DemandMax":null,"Value":390},{"Length":34,"Height":27,"Demand":1,"DemandMax":null,"Value":918},{"Length":6,"Height":32,"Demand":1,"DemandMax":null,"Value":192},{"Length":19,"Height":17,"Demand":1,"DemandMax":null,"Value":323},{"Length":34,"Height":3,"Demand":1,"DemandMax":null,"Value":102},{"Length":25,"Height":20,"Demand":1,"DemandMax":null,"Value":500},{"Length":10,"Height":7,"Demand":1,"DemandMax":null,"Value":70},{"Length":20,"Height":17,"Demand":1,"DemandMax":null,"Value":340},{"Length":28,"Height":11,"Demand":1,"DemandMax":null,"Value":308},{"Length":20,"Height":33,"Demand":1,"DemandMax":null,"Value":660},{"Length":25,"Height":32,"Demand":1,"DemandMax":null,"Value":800},{"Length":17,"Height":4,"Demand":1,"DemandMax":null,"Value":68},{"Length":14,"Height":27,"Demand":1,"DemandMax":null,"Value":378},{"Length":14,"Height":15,"Demand":1,"DemandMax":null,"Value":210},{"Length":24,"Height":34,"Demand":1,"DemandMax":null,"Value":816},{"Length":29,"Height":22,"Demand":1,"DemandMax":null,"Value":638},{"Length":23,"Height":34,"Demand":1,"DemandMax":null,"Value":782},{"Length":17,"Height":31,"Demand":1,"DemandMax":null,"Value":527},{"Length":27,"Height":20,"Demand":1,"DemandMax":null,"Value":540},{"Length":17,"Height":21,"Demand":1,"DemandMax":null,"Value":357},{"Length":28,"Height":30,"Demand":1,"DemandMax":null,"Value":840},{"Length":11,"Height":20,"Demand":1,"DemandMax":null,"Value":220},{"Length":30,"Height":10,"Demand":1,"DemandMax":null,"Value":300},{"Length":25,"Height":31,"Demand":1,"DemandMax":null,"Value":775},{"Length":14,"Height":21,"Demand":1,"DemandMax":null,"Value":294},{"Length":28,"Height":35,"Demand":1,"DemandMax":null,"Value":980},{"Length":6,"Height":34,"Demand":1,"DemandMax":null,"Value":204},{"Length":1,"Height":25,"Demand":1,"DemandMax":null,"Value":25},{"Length":10,"Height":28,"Demand":1,"DemandMax":null,"Value":280},{"Length":6,"Height":4,"Demand":1,"DemandMax":null,"Value":24},{"Length":8,"Height":31,"Demand":1,"DemandMax":null,"Value":248},{"Length":12,"Height":23,"Demand":1,"DemandMax":null,"Value":276},{"Length":26,"Height":11,"Demand":1,"DemandMax":null,"Value":286},{"Length":34,"Height":4,"Demand":1,"DemandMax":null,"Value":136},{"Length":33,"Height":20,"Demand":1,"DemandMax":null,"Value":660},{"Length":30,"Height":21,"Demand":1,"DemandMax":null,"Value":630},{"Length":10,"Height":14,"Demand":2,"DemandMax":null,"Value":140},{"Length":4,"Height":19,"Demand":1,"DemandMax":null,"Value":76},{"Length":19,"Height":32,"Demand":1,"DemandMax":null,"Value":608},{"Length":6,"Height":26,"Demand":1,"DemandMax":null,"Value":156},{"Length":29,"Height":20,"Demand":1,"DemandMax":null,"Value":580},{"Length":28,"Height":10,"Demand":1,"DemandMax":null,"Value":280},{"Length":21,"Height":5,"Demand":1,"DemandMax":null,"Value":105},{"Length":4,"Height":23,"Demand":1,"DemandMax":null,"Value":92},{"Length":21,"Height":25,"Demand":1,"DemandMax":null,"Value":525},{"Length":21,"Height":21,"Demand":1,"DemandMax":null,"Value":441},{"Length":34,"Height":28,"Demand":1,"DemandMax":null,"Value":952},{"Length":34,"Height":8,"Demand":1,"DemandMax":null,"Value":272},{"Length":5,"Height":4,"Demand":1,"DemandMax":null,"Value":20},{"Length":13,"Height":35,"Demand":1,"DemandMax":null,"Value":455},{"Length":31,"Height":27,"Demand":1,"DemandMax":null,"Value":837},{"Length":8,"Height":24,"Demand":1,"DemandMax":null,"Value":192},{"Length":11,"Height":9,"Demand":1,"DemandMax":null,"Value":99},{"Length":13,"Height":14,"Demand":1,"DemandMax":null,"Value":182},{"Length":32,"Height":11,"Demand":1,"DemandMax":null,"Value":352},{"Length":30,"Height":20,"Demand":1,"DemandMax":null,"Value":600},{"Length":14,"Height":2,"Demand":1,"DemandMax":null,"Value":28},{"Length":4,"Height":35,"Demand":1,"DemandMax":null,"Value":140},{"Length":32,"Height":33,"Demand":1,"DemandMax":null,"Value":1056},{"Length":35,"Height":28,"Demand":1,"DemandMax":null,"Value":980},{"Length":32,"Height":26,"Demand":1,"DemandMax":null,"Value":832},{"Length":19,"Height":13,"Demand":1,"DemandMax":null,"Value":247},{"Length":5,"Height":20,"Demand":1,"DemandMax":null,"Value":100},{"Length":9,"Height":20,"Demand":1,"DemandMax":null,"Value":180},{"Length":26,"Height":31,"Demand":1,"DemandMax":null,"Value":806},{"Length":30,"Height":15,"Demand":1,"DemandMax":null,"Value":450},{"Length":5,"Height":15,"Demand":1,"DemandMax":null,"Value":75},{"Length":17,"Height":15,"Demand":1,"DemandMax":null,"Value":255},{"Length":5,"Height":12,"Demand":1,"DemandMax":null,"Value":60},{"Length":21,"Height":12,"Demand":1,"DemandMax":null,"Value":252},{"Length":28,"Height":1,"Demand":1,"DemandMax":null,"Value":28},{"Length":34,"Height":10,"Demand":1,"DemandMax":null,"Value":340},{"Length":22,"Height":12,"Demand":1,"DemandMax":null,"Value":264},{"Length":24,"Height":25,"Demand":1,"DemandMax":null,"Value":600},{"Length":12,"Height":11,"Demand":1,"DemandMax":null,"Value":132},{"Length":7,"Height":13,"Demand":1,"DemandMax":null,"Value":91},{"Length":3,"Height":15,"Demand":1,"DemandMax":null,"Value":45},{"Length":11,"Height":16,"Demand":1,"DemandMax":null,"Value":176},{"Length":3,"Height":8,"Demand":1,"DemandMax":null,"Value":24},{"Length":28,"Height":19,"Demand":1,"DemandMax":null,"Value":532},{"Length":35,"Height":22,"Demand":1,"DemandMax":null,"Value":770},{"Length":22,"Height":2,"Demand":1,"DemandMax":null,"Value":44},{"Length":30,"Height":26,"Demand":1,"DemandMax":null,"Value":780},{"Length":9,"Height":30,"Demand":1,"DemandMax":null,"Value":270},{"Length":25,"Height":34,"Demand":1,"DemandMax":null,"Value":850},{"Length":17,"Height":34,"Demand":1,"DemandMax":null,"Value":578},{"Length":2,"Height":4,"Demand":1,"DemandMax":null,"Value":8},{"Length":13,"Height":32,"Demand":1,"DemandMax":null,"Value":416},{"Length":23,"Height":10,"Demand":1,"DemandMax":null,"Value":230},{"Length":15,"Height":16,"Demand":1,"DemandMax":null,"Value":240},{"Length":21,"Height":33,"Demand":1,"DemandMax":null,"Value":693},{"Length":14,"Height":23,"Demand":1,"DemandMax":null,"Value":322},{"Length":12,"Height":29,"Demand":1,"DemandMax":null,"Value":348},{"Length":13,"Height":1,"Demand":1,"DemandMax":null,"Value":13},{"Length":24,"Height":3,"Demand":1,"DemandMax":null,"Value":72}]}