{"Name":"MB_C9_41","Objects":[{"Length":100,"Height":100,"Stock":null,"Cost":10000},{"Length":51,"Height":91,"Stock":null,"Cost":3569},{"Length":68,"Height":85,"Stock":null,"Cost":4936},{"Length":51,"Height":64,"Stock":null,"Cost":1916},{"Length":50,"Height":85,"Stock":null,"Cost":3100}],"Items":[{"Length":98,"Height":96,"Demand":1,"DemandMax":null,"Value":9408},{"Length":78,"Height":8,"Demand":1,"DemandMax":null,"Value":624},{"Length":46,"Height":9,"Demand":1,"DemandMax":null,"Value":414},{"Length":99,"Height":91,"Demand":1,"DemandMax":null,"Value":9009},{"Length":71,"Height":74,"Demand":1,"DemandMax":null,"Value":5254},{"Length":82,"Height":52,"Demand":1,"DemandMax":null,"Value":4264},{"Length":75,"Height":93,"Demand":1,"DemandMax":null,"Value":6975},{"Length":68,"Height":91,"Demand":1,"DemandMax":null,"Value":6188},{"Length":7,"Height":15,"Demand":1,"DemandMax":null,"Value":105},{"Length":58,"Height":58,"Demand":1,"DemandMax":null,"Value":3364},{"Length":66,"Height":90,"Demand":1,"DemandMax":null,"Value":5940},{"Length":66,"Height":4,"Demand":1,"DemandMax":null,"Value":264},{"Length":53,"Height":67,"Demand":1,"DemandMax":null,"Value":3551},{"Length":96,"Height":76,"Demand":1,"DemandMax":null,"Value":7296},{"Length":69,"Height":98,"Demand":1,"DemandMax":null,"Value":6762},{"Length":94,"Height":77,"Demand":1,"DemandMax":null,"Value":7238},{"Length":62,"Height":81,"Demand":1,"DemandMax":null,"Value":5022},{"Length":95,"Height":55,"Demand":1,"DemandMax":null,"Value":5225},{"Length":84,"Height":67,"Demand":1,"DemandMax":null,"Value":5628},{"Length":99,"Height":61,"Demand":1,"DemandMax":null,"Value":6039},{"Length":83,"Height":56,"Demand":1,"DemandMax":null,"Value":4648},{"Length":6,"Height":98,"Demand":1,"DemandMax":null,"Value":588},{"Length":60,"Height":99,"Demand":1,"DemandMax":null,"Value":5940},{"Length":76,"Height":9,"Demand":1,"DemandMax":null,"Value":684},{"Length":16,"Height":96,"Demand":1,"DemandMax":null,"Value":1536},{"Length":78,"Height":99,"Demand":1,"DemandMax":null,"Value":7722},{"Length":99,"Height":92,"Demand":1,"DemandMax":null,"Value":9108},{"Length":94,"Height":67,"Demand":1,"DemandMax":null,"Value":6298},{"Length":59,"Height":93,"Demand":1,"DemandMax":null,"Value":5487},{"Length":62,"Height":63,"Demand":1,"DemandMax":null,"Value":3906},{"Length":48,"Height":98,"Demand":1,"DemandMax":null,"Value":4704},{"Length":34,"Height":38,"Demand":1,"DemandMax":null,"Value":1292},{"Length":64,"Height":53,"Demand":1,"DemandMax":null,"Value":3392},{"Length":58,"Height":90,"Demand":1,"DemandMax":null,"Value":5220},{"Length":10,"Height":75,"Demand":1,"DemandMax":null,"Value":750},{"Length":90,"Height":20,"Demand":1,"DemandMax":null,"Value":1800},{"Length":82,"Height":76,"Demand":1,"DemandMax":null,"Value":6232},{"Length":77,"Height":27,"Demand":1,"DemandMax":null,"Value":2079},{"Length":82,"Height":92,"Demand":1,"DemandMax":null,"Value":7544},{"Length":99,"Height":62,"Demand":1,"DemandMax":null,"Value":6138},{"Length":11,"Height":10,"Demand":1,"DemandMax":null,"Value":110},{"Length":85,"Height":76,"Demand":1,"DemandMax":null,"Value":6460},{"Length":67,"Height":81,"Demand":1,"DemandMax":null,"Value":5427},{"Length":74,"Height":68,"Demand":1,"DemandMax":null,"Value":5032},{"Length":50,"Height":55,"Demand":1,"DemandMax":null,"Value":2750},{"Length":66,"Height":88,"Demand":1,"DemandMax":null,"Value":5808},{"Length":63,"Height":83,"Demand":1,"DemandMax":null,"Value":5229},{"Length":60,"Height":85,"Demand":1,"DemandMax":null,"Value":5100},{"Length":53,"Height":62,"Demand":1,"DemandMax":null,"Value":3286},{"Length":58,"Height":60,"Demand":1,"DemandMax":null,"Value":3480},{"Length":71,"Height":96,"Demand":1,"DemandMax":null,"Value":6816},{"Length":59,"Height":63,"Demand":1,"DemandMax":null,"Value":3717},{"Length":67,"Height":82,"Demand":1,"DemandMax":null,"Value":5494},{"Length":13,"Height":97,"Demand":1,"DemandMax":null,"Value":1261},{"Length":91,"Height":70,"Demand":1,"DemandMax":null,"Value":6370},{"Length":20,"Height":68,"Demand":1,"DemandMax":null,"Value":1360},{"Length":93,"Height":62,"Demand":1,"DemandMax":null,"Value":5766},{"Length":79,"Height":91,"Demand":1,"DemandMax":null,"Value":7189},{"Length":72,"Height":57,"Demand":1,"DemandMax":null,"Value":4104},{"Length":91,"Height":55,"Demand":1,"DemandMax":null,"Value":5005},{"Length":30,"Height":5,"Demand":1,"DemandMax":null,"Value":150},{"Length":56,"Height":99,"Demand":1,"DemandMax":null,"Value":5544},{"Length":65,"Height":55,"Demand":1,"DemandMax":null,"Value":3575},{"Length":74,"Height":69,"Demand":1,"DemandMax":null,"Value":5106},{"Length":78,"Height":58,"Demand":1,"DemandMax":null,"Value":4524},{"Length":96,"Height":67,"Demand":1,"DemandMax":null,"Value":6432},{"Length":20,"Height":76,"Demand":1,"DemandMax":null,"Value":1520},{"Length":69,"Height":94,"Demand":1,"DemandMax":null,"Value":6486},{"Length":89,"Height":74,"Demand":1,"DemandMax":null,"Value":6586},{"Length":97,"Height":99,"Demand":1,"DemandMax":null,"Value":9603},{"Length":91,"Height":37,"Demand":1,"DemandMax":null,"Value":3367},{"Length":27,"Height":87,"Demand":1,"DemandMax":null,"Value":2349},{"Length":61,"Height":51,"Demand":1,"DemandMax":null,"Value":3111},{"Length":72,"Height":42,"Demand":1,"DemandMax":null,"Value":3024},{"Length":64,"Height":69,"Demand":1,"DemandMax":null,"Value":4416},{"Length":95,"Height":79,"Demand":1,"DemandMax":null,"Value":7505},{"Length":97,"Height":41,"Demand":1,"DemandMax":null,"Value":3977},{"Length":83,"Height":96,"Demand":1,"DemandMax":null,"Value":7968},{"Length":4,"Height":15,"Demand":1,"DemandMax":null,"Value":60},{"Length":75,"Height":90,"Demand":1,"DemandMax":null,"Value":6750},{"Length":90,"Height":91,"Demand":1,"DemandMax":null,"Value":8190},{"Length":69,"Height":61,"Demand":1,"DemandMax":null,"Value":4209},{"Length":54,"Height":70,"Demand":1,"DemandMax":null,"Value":3780},{"Length":66,"Height":61,"Demand":1,"DemandMax":null,"Value":4026},{"Length":98,"Height":53,"Demand":1,"DemandMax":null,"Value":5194},{"Length":17,"Height":40,"Demand":1,"DemandMax":null,"Value":680},{"Length":68,"Height":89,"Demand":1,"DemandMax":null,"Value":6052},{"Length":70,"Height":95,"Demand":1,"DemandMax":null,"Value":6650},{"Length":66,"Height":77,"Demand":1,"DemandMax":null,"Value":5082},{"Length":76,"Height":79,"Demand":1,"DemandMax":null,"Value":6004},{"Length":43,"Height":19,"Demand":1,"DemandMax":null,"Value":817},{"Length":85,"Height":90,"Demand":1,"DemandMax":null,"Value":7650},{"Length":98,"Height":13,"Demand":1,"DemandMax":null,"Value":1274},{"Length":47,"Height":86,"Demand":1,"DemandMax":null,"Value":4042},{"Length":79,"Height":60,"Demand":1,"DemandMax":null,"Value":4740},{"Length":73,"Height":48,"Demand":1,"DemandMax":null,"Value":3504},{"Length":89,"Height":60,"Demand":1,"DemandMax":null,"Value":5340},{"Length":79,"Height":93,"Demand":1,"DemandMax":null,"Value":7347},{"Length":27,"Height":75,"Demand":1,"DemandMax":null,"Value":2025},{"Length":100,"Height":16,"Demand":1,"DemandMax":null,"Value":1600}]}