{"Name":"MB_C4_43","Objects":[{"Length":100,"Height":100,"Stock":null,"Cost":10000},{"Length":51,"Height":97,"Stock":null,"Cost":3936},{"Length":52,"Height":63,"Stock":null,"Cost":1931},{"Length":91,"Height":66,"Stock":null,"Cost":5207},{"Length":90,"Height":74,"Stock":null,"Cost":5992}],"Items":[{"Length":3,"Height":9,"Demand":1,"DemandMax":null,"Value":27},{"Length":13,"Height":11,"Demand":1,"DemandMax":null,"Value":143},{"Length":31,"Height":20,"Demand":1,"DemandMax":null,"Value":620},{"Length":29,"Height":31,"Demand":1,"DemandMax":null,"Value":899},{"Length":28,"Height":17,"Demand":1,"DemandMax":null,"Value":476},{"Length":24,"Height":33,"Demand":1,"DemandMax":null,"Value":792},{"Length":23,"Height":4,"Demand":1,"DemandMax":null,"Value":92},{"Length":11,"Height":8,"Demand":1,"DemandMax":null,"Value":88},{"Length":19,"Height":30,"Demand":1,"DemandMax":null,"Value":570},{"Length":19,"Height":31,"Demand":1,"DemandMax":null,"Value":589},{"Length":31,"Height":18,"Demand":1,"DemandMax":null,"Value":558},{"Length":16,"Height":11,"Demand":1,"DemandMax":null,"Value":176},{"Length":17,"Height":7,"Demand":1,"DemandMax":null,"Value":119},{"Length":18,"Height":12,"Demand":1,"DemandMax":null,"Value":216},{"Length":16,"Height":12,"Demand":1,"DemandMax":null,"Value":192},{"Length":17,"Height":3,"Demand":1,"DemandMax":null,"Value":51},{"Length":7,"Height":27,"Demand":1,"DemandMax":null,"Value":189},{"Length":17,"Height":33,"Demand":1,"DemandMax":null,"Value":561},{"Length":19,"Height":18,"Demand":1,"DemandMax":null,"Value":342},{"Length":33,"Height":25,"Demand":1,"DemandMax":null,"Value":825},{"Length":20,"Height":3,"Demand":1,"DemandMax":null,"Value":60},{"Length":23,"Height":18,"Demand":1,"DemandMax":null,"Value":414},{"Length":26,"Height":8,"Demand":1,"DemandMax":null,"Value":208},{"Length":26,"Height":28,"Demand":1,"DemandMax":null,"Value":728},{"Length":29,"Height":3,"Demand":1,"DemandMax":null,"Value":87},{"Length":21,"Height":11,"Demand":1,"DemandMax":null,"Value":231},{"Length":33,"Height":2,"Demand":1,"DemandMax":null,"Value":66},{"Length":2,"Height":7,"Demand":2,"DemandMax":null,"Value":14},{"Length":19,"Height":33,"Demand":1,"DemandMax":null,"Value":627},{"Length":8,"Height":31,"Demand":1,"DemandMax":null,"Value":248},{"Length":13,"Height":31,"Demand":1,"DemandMax":null,"Value":403},{"Length":18,"Height":5,"Demand":1,"DemandMax":null,"Value":90},{"Length":19,"Height":9,"Demand":1,"DemandMax":null,"Value":171},{"Length":25,"Height":4,"Demand":1,"DemandMax":null,"Value":100},{"Length":19,"Height":32,"Demand":1,"DemandMax":null,"Value":608},{"Length":33,"Height":7,"Demand":1,"DemandMax":null,"Value":231},{"Length":4,"Height":32,"Demand":1,"DemandMax":null,"Value":128},{"Length":22,"Height":8,"Demand":1,"DemandMax":null,"Value":176},{"Length":13,"Height":25,"Demand":1,"DemandMax":null,"Value":325},{"Length":20,"Height":9,"Demand":1,"DemandMax":null,"Value":180},{"Length":28,"Height":3,"Demand":1,"DemandMax":null,"Value":84},{"Length":31,"Height":27,"Demand":1,"DemandMax":null,"Value":837},{"Length":4,"Height":6,"Demand":1,"DemandMax":null,"Value":24},{"Length":35,"Height":18,"Demand":1,"DemandMax":null,"Value":630},{"Length":16,"Height":13,"Demand":1,"DemandMax":null,"Value":208},{"Length":24,"Height":22,"Demand":1,"DemandMax":null,"Value":528},{"Length":9,"Height":18,"Demand":1,"DemandMax":null,"Value":162},{"Length":3,"Height":19,"Demand":1,"DemandMax":null,"Value":57},{"Length":12,"Height":23,"Demand":1,"DemandMax":null,"Value":276},{"Length":21,"Height":2,"Demand":1,"DemandMax":null,"Value":42},{"Length":26,"Height":10,"Demand":2,"DemandMax":null,"Value":260},{"Length":1,"Height":8,"Demand":1,"DemandMax":null,"Value":8},{"Length":34,"Height":5,"Demand":1,"DemandMax":null,"Value":170},{"Length":17,"Height":20,"Demand":1,"DemandMax":null,"Value":340},{"Length":27,"Height":13,"Demand":1,"DemandMax":null,"Value":351},{"Length":15,"Height":28,"Demand":1,"DemandMax":null,"Value":420},{"Length":10,"Height":15,"Demand":1,"DemandMax":null,"Value":150},{"Length":21,"Height":3,"Demand":1,"DemandMax":null,"Value":63},{"Length":32,"Height":1,"Demand":1,"DemandMax":null,"Value":32},{"Length":5,"Height":29,"Demand":1,"DemandMax":null,"Value":145},{"Length":17,"Height":12,"Demand":1,"DemandMax":null,"Value":204},{"Length":17,"Height":28,"Demand":1,"DemandMax":null,"Value":476},{"Length":2,"Height":27,"Demand":1,"DemandMax":null,"Value":54},{"Length":14,"Height":5,"Demand":2,"DemandMax":null,"Value":70},{"Length":4,"Height":5,"Demand":1,"DemandMax":null,"Value":20},{"Length":1,"Height":11,"Demand":1,"DemandMax":null,"Value":11},{"Length":14,"Height":19,"Demand":1,"DemandMax":null,"Value":266},{"Length":27,"Height":1,"Demand":1,"DemandMax":null,"Value":27},{"Length":2,"Height":14,"Demand":1,"DemandMax":null,"Value":28},{"Length":16,"Height":16,"Demand":1,"DemandMax":null,"Value":256},{"Length":18,"Height":17,"Demand":1,"DemandMax":null,"Value":306},{"Length":5,"Height":1,"Demand":1,"DemandMax":null,"Value":5},{"Length":19,"Height":34,"Demand":1,"DemandMax":null,"Value":646},{"Length":11,"Height":18,"Demand":1,"DemandMax":null,"Value":198},{"Length":10,"Height":8,"Demand":1,"DemandMax":null,"Value":80},{"Length":25,"Height":35,"Demand":1,"DemandMax":null,"Value":875},{"Length":6,"Height":3,"Demand":1,"DemandMax":null,"Value":18},{"Length":17,"Height":34,"Demand":1,"DemandMax":null,"Value":578},{"Length":33,"Height":22,"Demand":1,"DemandMax":null,"Value":726},{"Length":8,"Height":27,"Demand":1,"DemandMax":null,"Value":216},{"Length":1,"Height":31,"Demand":1,"DemandMax":null,"Value":31},{"Length":3,"Height":6,"Demand":1,"DemandMax":null,"Value":18},{"Length":20,"Height":18,"Demand":1,"DemandMax":null,"Value":360},{"Length":2,"Height":5,"Demand":1,"DemandMax":null,"Value":10},{"Length":16,"Height":21,"Demand":1,"DemandMax":null,"Value":336},{"Length":34,"Height":28,"Demand":1,"DemandMax":null,"Value":952},{"Length":5,"Height":33,"Demand":1,"DemandMax":null,"Value":165},{"Length":31,"Height":21,"Demand":1,"DemandMax":null,"Value":651},{"Length":15,"Height":22,"Demand":1,"DemandMax":null,"Value":330},{"Length":10,"Height":11,"Demand":1,"DemandMax":null,"Value":110},{"Length":33,"Height":1,"Demand":1,"DemandMax":null,"Value":33},{"Length":17,"Height":8,"Demand":1,"DemandMax":null,"Value":136},{"Length":33,"Height":9,"Demand":1,"DemandMax":null,"Value":297},{"Length":18,"Height":35,"Demand":1,"DemandMax":null,"Value":630},{"Length":26,"Height":24,"Demand":1,"DemandMax":null,"Value":624},{"Length":20,"Height":32,"Demand":1,"DemandMax":null,"Value":640},{"Length":5,"Height":18,"Demand":1,"DemandMax":null,"Value":90}]}