{"Name":"MB_C5_18","Objects":[{"Length":100,"Height":100,"Stock":null,"Cost":10000},{"Length":77,"Height":59,"Stock":null,"Cost":3451},{"Length":67,"Height":76,"Stock":null,"Cost":4110},{"Length":54,"Height":96,"Stock":null,"Cost":4220},{"Length":53,"Height":90,"Stock":null,"Cost":3724}],"Items":[{"Length":4,"Height":98,"Demand":1,"DemandMax":null,"Value":392},{"Length":4,"Height":30,"Demand":1,"DemandMax":null,"Value":120},{"Length":66,"Height":86,"Demand":1,"DemandMax":null,"Value":5676},{"Length":46,"Height":87,"Demand":1,"DemandMax":null,"Value":4002},{"Length":32,"Height":88,"Demand":1,"DemandMax":null,"Value":2816},{"Length":46,"Height":79,"Demand":1,"DemandMax":null,"Value":3634},{"Length":44,"Height":82,"Demand":1,"DemandMax":null,"Value":3608},{"Length":15,"Height":52,"Demand":1,"DemandMax":null,"Value":780},{"Length":81,"Height":78,"Demand":1,"DemandMax":null,"Value":6318},{"Length":98,"Height":82,"Demand":1,"DemandMax":null,"Value":8036},{"Length":54,"Height":21,"Demand":1,"DemandMax":null,"Value":1134},{"Length":72,"Height":82,"Demand":1,"DemandMax":null,"Value":5904},{"Length":8,"Height":89,"Demand":1,"DemandMax":null,"Value":712},{"Length":49,"Height":96,"Demand":1,"DemandMax":null,"Value":4704},{"Length":19,"Height":93,"Demand":1,"DemandMax":null,"Value":1767},{"Length":73,"Height":1,"Demand":1,"DemandMax":null,"Value":73},{"Length":100,"Height":77,"Demand":1,"DemandMax":null,"Value":7700},{"Length":22,"Height":9,"Demand":1,"DemandMax":null,"Value":198},{"Length":95,"Height":20,"Demand":1,"DemandMax":null,"Value":1900},{"Length":7,"Height":64,"Demand":1,"DemandMax":null,"Value":448},{"Length":81,"Height":31,"Demand":1,"DemandMax":null,"Value":2511},{"Length":72,"Height":44,"Demand":1,"DemandMax":null,"Value":3168},{"Length":70,"Height":57,"Demand":1,"DemandMax":null,"Value":3990},{"Length":95,"Height":59,"Demand":1,"DemandMax":null,"Value":5605},{"Length":5,"Height":74,"Demand":1,"DemandMax":null,"Value":370},{"Length":88,"Height":55,"Demand":1,"DemandMax":null,"Value":4840},{"Length":66,"Height":93,"Demand":1,"DemandMax":null,"Value":6138},{"Length":94,"Height":9,"Demand":1,"DemandMax":null,"Value":846},{"Length":62,"Height":60,"Demand":1,"DemandMax":null,"Value":3720},{"Length":92,"Height":33,"Demand":1,"DemandMax":null,"Value":3036},{"Length":39,"Height":51,"Demand":1,"DemandMax":null,"Value":1989},{"Length":92,"Height":70,"Demand":1,"DemandMax":null,"Value":6440},{"Length":74,"Height":78,"Demand":1,"DemandMax":null,"Value":5772},{"Length":40,"Height":98,"Demand":1,"DemandMax":null,"Value":3920},{"Length":78,"Height":86,"Demand":1,"DemandMax":null,"Value":6708},{"Length":12,"Height":30,"Demand":1,"DemandMax":null,"Value":360},{"Length":96,"Height":52,"Demand":1,"DemandMax":null,"Value":4992},{"Length":20,"Height":8,"Demand":1,"DemandMax":null,"Value":160},{"Length":5,"Height":87,"Demand":1,"DemandMax":null,"Value":435},{"Length":8,"Height":11,"Demand":1,"DemandMax":null,"Value":88}]}