{"Name":"MB_C3_1","Objects":[{"Length":40,"Height":40,"Stock":null,"Cost":1600},{"Length":39,"Height":38,"Stock":null,"Cost":1458},{"Length":33,"Height":30,"Stock":null,"Cost":868},{"Length":33,"Height":36,"Stock":null,"Cost":1105},{"Length":33,"Height":38,"Stock":null,"Cost":1184}],"Items":[{"Length":30,"Height":18,"Demand":1,"DemandMax":null,"Value":540},{"Length":5,"Height":13,"Demand":1,"DemandMax":null,"Value":65},{"Length":19,"Height":33,"Demand":1,"DemandMax":null,"Value":627},{"Length":22,"Height":17,"Demand":1,"DemandMax":null,"Value":374},{"Length":9,"Height":18,"Demand":1,"DemandMax":null,"Value":162},{"Length":24,"Height":34,"Demand":1,"DemandMax":null,"Value":816},{"Length":16,"Height":1,"Demand":1,"DemandMax":null,"Value":16},{"Length":15,"Height":9,"Demand":1,"DemandMax":null,"Value":135},{"Length":31,"Height":19,"Demand":1,"DemandMax":null,"Value":589},{"Length":11,"Height":4,"Demand":1,"DemandMax":null,"Value":44},{"Length":23,"Height":19,"Demand":1,"DemandMax":null,"Value":437},{"Length":4,"Height":24,"Demand":1,"DemandMax":null,"Value":96},{"Length":9,"Height":27,"Demand":1,"DemandMax":null,"Value":243},{"Length":33,"Height":13,"Demand":1,"DemandMax":null,"Value":429},{"Length":15,"Height":13,"Demand":1,"DemandMax":null,"Value":195},{"Length":9,"Height":34,"Demand":1,"DemandMax":null,"Value":306},{"Length":10,"Height":27,"Demand":1,"DemandMax":null,"Value":270},{"Length":28,"Height":22,"Demand":1,"DemandMax":null,"Value":616},{"Length":11,"Height":26,"Demand":1,"DemandMax":null,"Value":286},{"Length":25,"Height":25,"Demand":1,"DemandMax":null,"Value":625}]}