{"Name":"MB_C6_14","Objects":[{"Length":300,"Height":300,"Stock":null,"Cost":90000},{"Length":237,"Height":180,"Stock":null,"Cost":33192},{"Length":193,"Height":210,"Stock":null,"Cost":30636},{"Length":287,"Height":251,"Stock":null,"Cost":68444},{"Length":209,"Height":163,"Stock":null,"Cost":22880}],"Items":[{"Length":41,"Height":85,"Demand":1,"DemandMax":null,"Value":3485},{"Length":9,"Height":37,"Demand":1,"DemandMax":null,"Value":333},{"Length":77,"Height":18,"Demand":1,"DemandMax":null,"Value":1386},{"Length":34,"Height":83,"Demand":1,"DemandMax":null,"Value":2822},{"Length":4,"Height":20,"Demand":1,"DemandMax":null,"Value":80},{"Length":40,"Height":53,"Demand":1,"DemandMax":null,"Value":2120},{"Length":33,"Height":37,"Demand":1,"DemandMax":null,"Value":1221},{"Length":4,"Height":60,"Demand":1,"DemandMax":null,"Value":240},{"Length":10,"Height":44,"Demand":1,"DemandMax":null,"Value":440},{"Length":38,"Height":46,"Demand":1,"DemandMax":null,"Value":1748},{"Length":11,"Height":55,"Demand":1,"DemandMax":null,"Value":605},{"Length":85,"Height":91,"Demand":1,"DemandMax":null,"Value":7735},{"Length":48,"Height":12,"Demand":1,"DemandMax":null,"Value":576},{"Length":23,"Height":6,"Demand":1,"DemandMax":null,"Value":138},{"Length":66,"Height":94,"Demand":1,"DemandMax":null,"Value":6204},{"Length":64,"Height":33,"Demand":1,"DemandMax":null,"Value":2112},{"Length":42,"Height":12,"Demand":1,"DemandMax":null,"Value":504},{"Length":53,"Height":53,"Demand":1,"DemandMax":null,"Value":2809},{"Length":87,"Height":11,"Demand":1,"DemandMax":null,"Value":957},{"Length":66,"Height":75,"Demand":1,"DemandMax":null,"Value":4950},{"Length":45,"Height":67,"Demand":1,"DemandMax":null,"Value":3015},{"Length":15,"Height":44,"Demand":1,"DemandMax":null,"Value":660},{"Length":96,"Height":93,"Demand":1,"DemandMax":null,"Value":8928},{"Length":44,"Height":38,"Demand":1,"DemandMax":null,"Value":1672},{"Length":48,"Height":33,"Demand":1,"DemandMax":null,"Value":1584},{"Length":31,"Height":67,"Demand":1,"DemandMax":null,"Value":2077},{"Length":48,"Height":64,"Demand":1,"DemandMax":null,"Value":3072},{"Length":88,"Height":78,"Demand":1,"DemandMax":null,"Value":6864},{"Length":73,"Height":98,"Demand":1,"DemandMax":null,"Value":7154},{"Length":58,"Height":46,"Demand":1,"DemandMax":null,"Value":2668},{"Length":33,"Height":78,"Demand":1,"DemandMax":null,"Value":2574},{"Length":20,"Height":83,"Demand":1,"DemandMax":null,"Value":1660},{"Length":74,"Height":84,"Demand":1,"DemandMax":null,"Value":6216},{"Length":85,"Height":35,"Demand":1,"DemandMax":null,"Value":2975},{"Length":74,"Height":25,"Demand":1,"DemandMax":null,"Value":1850},{"Length":96,"Height":77,"Demand":1,"DemandMax":null,"Value":7392},{"Length":42,"Height":47,"Demand":1,"DemandMax":null,"Value":1974},{"Length":33,"Height":23,"Demand":1,"DemandMax":null,"Value":759},{"Length":24,"Height":27,"Demand":1,"DemandMax":null,"Value":648},{"Length":5,"Height":15,"Demand":1,"DemandMax":null,"Value":75}]}