{"Name":"MB_C10_32","Objects":[{"Length":100,"Height":100,"Stock":null,"Cost":10000},{"Length":57,"Height":70,"Stock":null,"Cost":2788},{"Length":82,"Height":97,"Stock":null,"Cost":7544},{"Length":76,"Height":81,"Stock":null,"Cost":5387},{"Length":99,"Height":71,"Stock":null,"Cost":6434}],"Items":[{"Length":43,"Height":5,"Demand":1,"DemandMax":null,"Value":215},{"Length":39,"Height":9,"Demand":1,"DemandMax":null,"Value":351},{"Length":42,"Height":2,"Demand":1,"DemandMax":null,"Value":84},{"Length":79,"Height":27,"Demand":1,"DemandMax":null,"Value":2133},{"Length":19,"Height":2,"Demand":1,"DemandMax":null,"Value":38},{"Length":5,"Height":22,"Demand":1,"DemandMax":null,"Value":110},{"Length":23,"Height":6,"Demand":1,"DemandMax":null,"Value":138},{"Length":43,"Height":46,"Demand":1,"DemandMax":null,"Value":1978},{"Length":6,"Height":12,"Demand":1,"DemandMax":null,"Value":72},{"Length":33,"Height":98,"Demand":1,"DemandMax":null,"Value":3234},{"Length":17,"Height":21,"Demand":1,"DemandMax":null,"Value":357},{"Length":84,"Height":27,"Demand":1,"DemandMax":null,"Value":2268},{"Length":6,"Height":33,"Demand":1,"DemandMax":null,"Value":198},{"Length":23,"Height":34,"Demand":1,"DemandMax":null,"Value":782},{"Length":81,"Height":48,"Demand":1,"DemandMax":null,"Value":3888},{"Length":22,"Height":19,"Demand":1,"DemandMax":null,"Value":418},{"Length":17,"Height":16,"Demand":1,"DemandMax":null,"Value":272},{"Length":24,"Height":32,"Demand":1,"DemandMax":null,"Value":768},{"Length":39,"Height":37,"Demand":1,"DemandMax":null,"Value":1443},{"Length":29,"Height":23,"Demand":1,"DemandMax":null,"Value":667},{"Length":39,"Height":10,"Demand":1,"DemandMax":null,"Value":390},{"Length":37,"Height":42,"Demand":1,"DemandMax":null,"Value":1554},{"Length":18,"Height":37,"Demand":1,"DemandMax":null,"Value":666},{"Length":98,"Height":89,"Demand":1,"DemandMax":null,"Value":8722},{"Length":24,"Height":17,"Demand":1,"DemandMax":null,"Value":408},{"Length":61,"Height":63,"Demand":1,"DemandMax":null,"Value":3843},{"Length":8,"Height":99,"Demand":1,"DemandMax":null,"Value":792},{"Length":29,"Height":16,"Demand":1,"DemandMax":null,"Value":464},{"Length":20,"Height":34,"Demand":1,"DemandMax":null,"Value":680},{"Length":49,"Height":47,"Demand":1,"DemandMax":null,"Value":2303},{"Length":10,"Height":23,"Demand":1,"DemandMax":null,"Value":230},{"Length":21,"Height":5,"Demand":1,"DemandMax":null,"Value":105},{"Length":77,"Height":63,"Demand":1,"DemandMax":null,"Value":4851},{"Length":47,"Height":42,"Demand":1,"DemandMax":null,"Value":1974},{"Length":81,"Height":8,"Demand":1,"DemandMax":null,"Value":648},{"Length":25,"Height":6,"Demand":1,"DemandMax":null,"Value":150},{"Length":47,"Height":69,"Demand":1,"DemandMax":null,"Value":3243},{"Length":7,"Height":48,"Demand":1,"DemandMax":null,"Value":336},{"Length":48,"Height":69,"Demand":1,"DemandMax":null,"Value":3312},{"Length":41,"Height":19,"Demand":1,"DemandMax":null,"Value":779},{"Length":28,"Height":71,"Demand":1,"DemandMax":null,"Value":1988},{"Length":85,"Height":17,"Demand":1,"DemandMax":null,"Value":1445},{"Length":90,"Height":14,"Demand":1,"DemandMax":null,"Value":1260},{"Length":78,"Height":43,"Demand":1,"DemandMax":null,"Value":3354},{"Length":21,"Height":22,"Demand":1,"DemandMax":null,"Value":462},{"Length":11,"Height":47,"Demand":1,"DemandMax":null,"Value":517},{"Length":34,"Height":34,"Demand":1,"DemandMax":null,"Value":1156},{"Length":7,"Height":28,"Demand":1,"DemandMax":null,"Value":196},{"Length":25,"Height":49,"Demand":1,"DemandMax":null,"Value":1225},{"Length":6,"Height":38,"Demand":1,"DemandMax":null,"Value":228},{"Length":96,"Height":16,"Demand":1,"DemandMax":null,"Value":1536},{"Length":8,"Height":26,"Demand":1,"DemandMax":null,"Value":208},{"Length":41,"Height":36,"Demand":1,"DemandMax":null,"Value":1476},{"Length":12,"Height":41,"Demand":1,"DemandMax":null,"Value":492},{"Length":16,"Height":10,"Demand":1,"DemandMax":null,"Value":160},{"Length":20,"Height":35,"Demand":1,"DemandMax":null,"Value":700},{"Length":19,"Height":36,"Demand":1,"DemandMax":null,"Value":684},{"Length":30,"Height":6,"Demand":1,"DemandMax":null,"Value":180},{"Length":49,"Height":76,"Demand":1,"DemandMax":null,"Value":3724},{"Length":94,"Height":55,"Demand":1,"DemandMax":null,"Value":5170},{"Length":8,"Height":47,"Demand":1,"DemandMax":null,"Value":376},{"Length":59,"Height":83,"Demand":1,"DemandMax":null,"Value":4897},{"Length":44,"Height":32,"Demand":1,"DemandMax":null,"Value":1408},{"Length":29,"Height":38,"Demand":1,"DemandMax":null,"Value":1102},{"Length":9,"Height":79,"Demand":1,"DemandMax":null,"Value":711},{"Length":2,"Height":21,"Demand":1,"DemandMax":null,"Value":42},{"Length":1,"Height":11,"Demand":1,"DemandMax":null,"Value":11},{"Length":27,"Height":32,"Demand":1,"DemandMax":null,"Value":864},{"Length":22,"Height":4,"Demand":1,"DemandMax":null,"Value":88},{"Length":5,"Height":21,"Demand":1,"DemandMax":null,"Value":105},{"Length":20,"Height":1,"Demand":1,"DemandMax":null,"Value":20},{"Length":36,"Height":38,"Demand":1,"DemandMax":null,"Value":1368},{"Length":46,"Height":1,"Demand":1,"DemandMax":null,"Value":46},{"Length":79,"Height":33,"Demand":1,"DemandMax":null,"Value":2607},{"Length":50,"Height":3,"Demand":1,"DemandMax":null,"Value":150},{"Length":6,"Height":69,"Demand":1,"DemandMax":null,"Value":414},{"Length":32,"Height":8,"Demand":1,"DemandMax":null,"Value":256},{"Length":46,"Height":6,"Demand":1,"DemandMax":null,"Value":276},{"Length":42,"Height":17,"Demand":1,"DemandMax":null,"Value":714},{"Length":39,"Height":34,"Demand":1,"DemandMax":null,"Value":1326}]}