{"Name":"MB_C7_45","Objects":[{"Length":100,"Height":100,"Stock":null,"Cost":10000},{"Length":97,"Height":67,"Stock":null,"Cost":5798},{"Length":92,"Height":66,"Stock":null,"Cost":5286},{"Length":84,"Height":67,"Stock":null,"Cost":4753},{"Length":83,"Height":65,"Stock":null,"Cost":4474}],"Items":[{"Length":53,"Height":93,"Demand":1,"DemandMax":null,"Value":4929},{"Length":22,"Height":84,"Demand":2,"DemandMax":null,"Value":1848},{"Length":80,"Height":25,"Demand":1,"DemandMax":null,"Value":2000},{"Length":22,"Height":30,"Demand":1,"DemandMax":null,"Value":660},{"Length":66,"Height":59,"Demand":1,"DemandMax":null,"Value":3894},{"Length":24,"Height":72,"Demand":1,"DemandMax":null,"Value":1728},{"Length":89,"Height":98,"Demand":1,"DemandMax":null,"Value":8722},{"Length":30,"Height":78,"Demand":1,"DemandMax":null,"Value":2340},{"Length":40,"Height":92,"Demand":1,"DemandMax":null,"Value":3680},{"Length":88,"Height":53,"Demand":1,"DemandMax":null,"Value":4664},{"Length":19,"Height":88,"Demand":1,"DemandMax":null,"Value":1672},{"Length":50,"Height":18,"Demand":1,"DemandMax":null,"Value":900},{"Length":26,"Height":86,"Demand":1,"DemandMax":null,"Value":2236},{"Length":14,"Height":72,"Demand":1,"DemandMax":null,"Value":1008},{"Length":72,"Height":29,"Demand":1,"DemandMax":null,"Value":2088},{"Length":81,"Height":80,"Demand":1,"DemandMax":null,"Value":6480},{"Length":23,"Height":87,"Demand":1,"DemandMax":null,"Value":2001},{"Length":2,"Height":85,"Demand":1,"DemandMax":null,"Value":170},{"Length":13,"Height":91,"Demand":1,"DemandMax":null,"Value":1183},{"Length":25,"Height":4,"Demand":1,"DemandMax":null,"Value":100},{"Length":32,"Height":97,"Demand":1,"DemandMax":null,"Value":3104},{"Length":66,"Height":7,"Demand":1,"DemandMax":null,"Value":462},{"Length":28,"Height":70,"Demand":1,"DemandMax":null,"Value":1960},{"Length":30,"Height":92,"Demand":1,"DemandMax":null,"Value":2760},{"Length":2,"Height":80,"Demand":1,"DemandMax":null,"Value":160},{"Length":12,"Height":99,"Demand":1,"DemandMax":null,"Value":1188},{"Length":53,"Height":88,"Demand":1,"DemandMax":null,"Value":4664},{"Length":97,"Height":86,"Demand":1,"DemandMax":null,"Value":8342},{"Length":34,"Height":71,"Demand":1,"DemandMax":null,"Value":2414},{"Length":35,"Height":1,"Demand":1,"DemandMax":null,"Value":35},{"Length":42,"Height":87,"Demand":1,"DemandMax":null,"Value":3654},{"Length":25,"Height":96,"Demand":1,"DemandMax":null,"Value":2400},{"Length":28,"Height":71,"Demand":1,"DemandMax":null,"Value":1988},{"Length":68,"Height":65,"Demand":1,"DemandMax":null,"Value":4420},{"Length":42,"Height":91,"Demand":1,"DemandMax":null,"Value":3822},{"Length":15,"Height":75,"Demand":1,"DemandMax":null,"Value":1125},{"Length":33,"Height":18,"Demand":1,"DemandMax":null,"Value":594},{"Length":15,"Height":42,"Demand":1,"DemandMax":null,"Value":630},{"Length":3,"Height":3,"Demand":1,"DemandMax":null,"Value":9},{"Length":66,"Height":96,"Demand":1,"DemandMax":null,"Value":6336},{"Length":1,"Height":94,"Demand":1,"DemandMax":null,"Value":94},{"Length":22,"Height":86,"Demand":1,"DemandMax":null,"Value":1892},{"Length":26,"Height":87,"Demand":1,"DemandMax":null,"Value":2262},{"Length":30,"Height":93,"Demand":1,"DemandMax":null,"Value":2790},{"Length":29,"Height":82,"Demand":1,"DemandMax":null,"Value":2378},{"Length":41,"Height":29,"Demand":1,"DemandMax":null,"Value":1189},{"Length":11,"Height":80,"Demand":1,"DemandMax":null,"Value":880},{"Length":5,"Height":97,"Demand":1,"DemandMax":null,"Value":485},{"Length":20,"Height":20,"Demand":1,"DemandMax":null,"Value":400},{"Length":72,"Height":89,"Demand":1,"DemandMax":null,"Value":6408},{"Length":7,"Height":81,"Demand":1,"DemandMax":null,"Value":567},{"Length":42,"Height":74,"Demand":1,"DemandMax":null,"Value":3108},{"Length":15,"Height":12,"Demand":1,"DemandMax":null,"Value":180},{"Length":15,"Height":90,"Demand":1,"DemandMax":null,"Value":1350},{"Length":41,"Height":93,"Demand":1,"DemandMax":null,"Value":3813},{"Length":36,"Height":98,"Demand":1,"DemandMax":null,"Value":3528},{"Length":19,"Height":98,"Demand":1,"DemandMax":null,"Value":1862},{"Length":35,"Height":72,"Demand":1,"DemandMax":null,"Value":2520},{"Length":66,"Height":31,"Demand":1,"DemandMax":null,"Value":2046},{"Length":11,"Height":27,"Demand":1,"DemandMax":null,"Value":297},{"Length":90,"Height":43,"Demand":1,"DemandMax":null,"Value":3870},{"Length":16,"Height":98,"Demand":1,"DemandMax":null,"Value":1568},{"Length":22,"Height":88,"Demand":1,"DemandMax":null,"Value":1936},{"Length":48,"Height":79,"Demand":1,"DemandMax":null,"Value":3792},{"Length":13,"Height":100,"Demand":1,"DemandMax":null,"Value":1300},{"Length":9,"Height":96,"Demand":1,"DemandMax":null,"Value":864},{"Length":6,"Height":97,"Demand":1,"DemandMax":null,"Value":582},{"Length":47,"Height":81,"Demand":1,"DemandMax":null,"Value":3807},{"Length":2,"Height":79,"Demand":1,"DemandMax":null,"Value":158},{"Length":13,"Height":68,"Demand":1,"DemandMax":null,"Value":884},{"Length":1,"Height":80,"Demand":1,"DemandMax":null,"Value":80},{"Length":8,"Height":92,"Demand":1,"DemandMax":null,"Value":736},{"Length":52,"Height":50,"Demand":1,"DemandMax":null,"Value":2600},{"Length":30,"Height":83,"Demand":1,"DemandMax":null,"Value":2490},{"Length":70,"Height":8,"Demand":1,"DemandMax":null,"Value":560},{"Length":30,"Height":76,"Demand":1,"DemandMax":null,"Value":2280},{"Length":15,"Height":96,"Demand":1,"DemandMax":null,"Value":1440},{"Length":8,"Height":71,"Demand":1,"DemandMax":null,"Value":568},{"Length":26,"Height":70,"Demand":1,"DemandMax":null,"Value":1820},{"Length":14,"Height":69,"Demand":1,"DemandMax":null,"Value":966},{"Length":39,"Height":99,"Demand":1,"DemandMax":null,"Value":3861},{"Length":47,"Height":4,"Demand":1,"DemandMax":null,"Value":188},{"Length":6,"Height":77,"Demand":1,"DemandMax":null,"Value":462},{"Length":9,"Height":69,"Demand":1,"DemandMax":null,"Value":621},{"Length":25,"Height":14,"Demand":1,"DemandMax":null,"Value":350},{"Length":49,"Height":72,"Demand":1,"DemandMax":null,"Value":3528},{"Length":48,"Height":92,"Demand":1,"DemandMax":null,"Value":4416},{"Length":16,"Height":78,"Demand":1,"DemandMax":null,"Value":1248},{"Length":23,"Height":94,"Demand":1,"DemandMax":null,"Value":2162},{"Length":12,"Height":85,"Demand":1,"DemandMax":null,"Value":1020},{"Length":1,"Height":81,"Demand":1,"DemandMax":null,"Value":81},{"Length":35,"Height":94,"Demand":1,"DemandMax":null,"Value":3290},{"Length":32,"Height":87,"Demand":1,"DemandMax":null,"Value":2784},{"Length":86,"Height":57,"Demand":1,"DemandMax":null,"Value":4902},{"Length":16,"Height":77,"Demand":1,"DemandMax":null,"Value":1232},{"Length":15,"Height":84,"Demand":1,"DemandMax":null,"Value":1260},{"Length":3,"Height":87,"Demand":1,"DemandMax":null,"Value":261},{"Length":23,"Height":100,"Demand":1,"DemandMax":null,"Value":2300},{"Length":93,"Height":74,"Demand":1,"DemandMax":null,"Value":6882}]}