{"Name":"MB_C9_39","Objects":[{"Length":100,"Height":100,"Stock":null,"Cost":10000},{"Length":88,"Height":93,"Stock":null,"Cost":7820},{"Length":90,"Height":82,"Stock":null,"Cost":6856},{"Length":85,"Height":66,"Stock":null,"Cost":4732},{"Length":58,"Height":64,"Stock":null,"Cost":2454}],"Items":[{"Length":91,"Height":76,"Demand":1,"DemandMax":null,"Value":6916},{"Length":98,"Height":64,"Demand":1,"DemandMax":null,"Value":6272},{"Length":54,"Height":59,"Demand":1,"DemandMax":null,"Value":3186},{"Length":56,"Height":80,"Demand":1,"DemandMax":null,"Value":4480},{"Length":71,"Height":70,"Demand":1,"DemandMax":null,"Value":4970},{"Length":93,"Height":99,"Demand":1,"DemandMax":null,"Value":9207},{"Length":91,"Height":59,"Demand":1,"DemandMax":null,"Value":5369},{"Length":57,"Height":70,"Demand":1,"DemandMax":null,"Value":3990},{"Length":14,"Height":26,"Demand":1,"DemandMax":null,"Value":364},{"Length":50,"Height":95,"Demand":1,"DemandMax":null,"Value":4750},{"Length":39,"Height":80,"Demand":1,"DemandMax":null,"Value":3120},{"Length":22,"Height":22,"Demand":1,"DemandMax":null,"Value":484},{"Length":67,"Height":93,"Demand":1,"DemandMax":null,"Value":6231},{"Length":69,"Height":52,"Demand":1,"DemandMax":null,"Value":3588},{"Length":98,"Height":94,"Demand":1,"DemandMax":null,"Value":9212},{"Length":96,"Height":85,"Demand":1,"DemandMax":null,"Value":8160},{"Length":82,"Height":72,"Demand":1,"DemandMax":null,"Value":5904},{"Length":1,"Height":22,"Demand":1,"DemandMax":null,"Value":22},{"Length":69,"Height":78,"Demand":1,"DemandMax":null,"Value":5382},{"Length":83,"Height":60,"Demand":1,"DemandMax":null,"Value":4980},{"Length":59,"Height":62,"Demand":1,"DemandMax":null,"Value":3658},{"Length":93,"Height":52,"Demand":1,"DemandMax":null,"Value":4836},{"Length":3,"Height":25,"Demand":1,"DemandMax":null,"Value":75},{"Length":81,"Height":97,"Demand":1,"DemandMax":null,"Value":7857},{"Length":48,"Height":15,"Demand":1,"DemandMax":null,"Value":720},{"Length":47,"Height":45,"Demand":1,"DemandMax":null,"Value":2115},{"Length":97,"Height":82,"Demand":1,"DemandMax":null,"Value":7954},{"Length":91,"Height":96,"Demand":1,"DemandMax":null,"Value":8736},{"Length":99,"Height":78,"Demand":1,"DemandMax":null,"Value":7722},{"Length":62,"Height":99,"Demand":1,"DemandMax":null,"Value":6138},{"Length":67,"Height":2,"Demand":1,"DemandMax":null,"Value":134},{"Length":74,"Height":6,"Demand":1,"DemandMax":null,"Value":444},{"Length":60,"Height":53,"Demand":1,"DemandMax":null,"Value":3180},{"Length":40,"Height":15,"Demand":1,"DemandMax":null,"Value":600},{"Length":21,"Height":89,"Demand":1,"DemandMax":null,"Value":1869},{"Length":96,"Height":77,"Demand":1,"DemandMax":null,"Value":7392},{"Length":84,"Height":91,"Demand":1,"DemandMax":null,"Value":7644},{"Length":79,"Height":93,"Demand":1,"DemandMax":null,"Value":7347},{"Length":100,"Height":27,"Demand":1,"DemandMax":null,"Value":2700},{"Length":91,"Height":60,"Demand":1,"DemandMax":null,"Value":5460},{"Length":69,"Height":90,"Demand":1,"DemandMax":null,"Value":6210},{"Length":80,"Height":82,"Demand":1,"DemandMax":null,"Value":6560},{"Length":91,"Height":81,"Demand":1,"DemandMax":null,"Value":7371},{"Length":48,"Height":69,"Demand":1,"DemandMax":null,"Value":3312},{"Length":77,"Height":50,"Demand":1,"DemandMax":null,"Value":3850},{"Length":93,"Height":83,"Demand":1,"DemandMax":null,"Value":7719},{"Length":96,"Height":48,"Demand":1,"DemandMax":null,"Value":4608},{"Length":65,"Height":62,"Demand":1,"DemandMax":null,"Value":4030},{"Length":75,"Height":72,"Demand":1,"DemandMax":null,"Value":5400},{"Length":66,"Height":95,"Demand":1,"DemandMax":null,"Value":6270},{"Length":9,"Height":83,"Demand":1,"DemandMax":null,"Value":747},{"Length":97,"Height":31,"Demand":1,"DemandMax":null,"Value":3007},{"Length":96,"Height":56,"Demand":1,"DemandMax":null,"Value":5376},{"Length":52,"Height":69,"Demand":1,"DemandMax":null,"Value":3588},{"Length":90,"Height":15,"Demand":1,"DemandMax":null,"Value":1350},{"Length":37,"Height":73,"Demand":1,"DemandMax":null,"Value":2701},{"Length":28,"Height":66,"Demand":1,"DemandMax":null,"Value":1848},{"Length":100,"Height":55,"Demand":1,"DemandMax":null,"Value":5500},{"Length":72,"Height":66,"Demand":1,"DemandMax":null,"Value":4752},{"Length":94,"Height":3,"Demand":1,"DemandMax":null,"Value":282},{"Length":71,"Height":58,"Demand":1,"DemandMax":null,"Value":4118},{"Length":58,"Height":52,"Demand":1,"DemandMax":null,"Value":3016},{"Length":22,"Height":86,"Demand":1,"DemandMax":null,"Value":1892},{"Length":55,"Height":56,"Demand":1,"DemandMax":null,"Value":3080},{"Length":84,"Height":28,"Demand":1,"DemandMax":null,"Value":2352},{"Length":79,"Height":62,"Demand":1,"DemandMax":null,"Value":4898},{"Length":83,"Height":53,"Demand":1,"DemandMax":null,"Value":4399},{"Length":32,"Height":80,"Demand":1,"DemandMax":null,"Value":2560},{"Length":44,"Height":71,"Demand":1,"DemandMax":null,"Value":3124},{"Length":12,"Height":33,"Demand":1,"DemandMax":null,"Value":396},{"Length":56,"Height":90,"Demand":1,"DemandMax":null,"Value":5040},{"Length":20,"Height":48,"Demand":1,"DemandMax":null,"Value":960},{"Length":81,"Height":50,"Demand":1,"DemandMax":null,"Value":4050},{"Length":6,"Height":16,"Demand":1,"DemandMax":null,"Value":96},{"Length":41,"Height":92,"Demand":1,"DemandMax":null,"Value":3772},{"Length":20,"Height":37,"Demand":1,"DemandMax":null,"Value":740},{"Length":62,"Height":53,"Demand":1,"DemandMax":null,"Value":3286},{"Length":74,"Height":10,"Demand":1,"DemandMax":null,"Value":740},{"Length":87,"Height":98,"Demand":1,"DemandMax":null,"Value":8526},{"Length":81,"Height":86,"Demand":1,"DemandMax":null,"Value":6966}]}