{"Name":"MB_C8_21","Objects":[{"Length":100,"Height":100,"Stock":null,"Cost":10000},{"Length":92,"Height":78,"Stock":null,"Cost":6611},{"Length":57,"Height":55,"Stock":null,"Cost":1762},{"Length":56,"Height":71,"Stock":null,"Cost":2771},{"Length":54,"Height":66,"Stock":null,"Cost":2276}],"Items":[{"Length":87,"Height":29,"Demand":1,"DemandMax":null,"Value":2523},{"Length":26,"Height":25,"Demand":1,"DemandMax":null,"Value":650},{"Length":88,"Height":40,"Demand":1,"DemandMax":null,"Value":3520},{"Length":98,"Height":44,"Demand":1,"DemandMax":null,"Value":4312},{"Length":90,"Height":29,"Demand":1,"DemandMax":null,"Value":2610},{"Length":97,"Height":16,"Demand":1,"DemandMax":null,"Value":1552},{"Length":95,"Height":47,"Demand":1,"DemandMax":null,"Value":4465},{"Length":80,"Height":41,"Demand":1,"DemandMax":null,"Value":3280},{"Length":66,"Height":42,"Demand":1,"DemandMax":null,"Value":2772},{"Length":83,"Height":19,"Demand":1,"DemandMax":null,"Value":1577},{"Length":75,"Height":15,"Demand":1,"DemandMax":null,"Value":1125},{"Length":71,"Height":49,"Demand":1,"DemandMax":null,"Value":3479},{"Length":29,"Height":76,"Demand":1,"DemandMax":null,"Value":2204},{"Length":19,"Height":88,"Demand":1,"DemandMax":null,"Value":1672},{"Length":98,"Height":45,"Demand":1,"DemandMax":null,"Value":4410},{"Length":70,"Height":20,"Demand":1,"DemandMax":null,"Value":1400},{"Length":78,"Height":2,"Demand":1,"DemandMax":null,"Value":156},{"Length":81,"Height":9,"Demand":1,"DemandMax":null,"Value":729},{"Length":42,"Height":36,"Demand":1,"DemandMax":null,"Value":1512},{"Length":77,"Height":2,"Demand":1,"DemandMax":null,"Value":154},{"Length":78,"Height":49,"Demand":1,"DemandMax":null,"Value":3822},{"Length":92,"Height":47,"Demand":1,"DemandMax":null,"Value":4324},{"Length":48,"Height":40,"Demand":1,"DemandMax":null,"Value":1920},{"Length":92,"Height":45,"Demand":1,"DemandMax":null,"Value":4140},{"Length":80,"Height":57,"Demand":1,"DemandMax":null,"Value":4560},{"Length":77,"Height":47,"Demand":1,"DemandMax":null,"Value":3619},{"Length":76,"Height":4,"Demand":1,"DemandMax":null,"Value":304},{"Length":81,"Height":1,"Demand":1,"DemandMax":null,"Value":81},{"Length":68,"Height":29,"Demand":1,"DemandMax":null,"Value":1972},{"Length":69,"Height":8,"Demand":1,"DemandMax":null,"Value":552},{"Length":97,"Height":31,"Demand":1,"DemandMax":null,"Value":3007},{"Length":77,"Height":18,"Demand":1,"DemandMax":null,"Value":1386},{"Length":90,"Height":60,"Demand":1,"DemandMax":null,"Value":5400},{"Length":56,"Height":80,"Demand":1,"DemandMax":null,"Value":4480},{"Length":91,"Height":19,"Demand":1,"DemandMax":null,"Value":1729},{"Length":82,"Height":46,"Demand":1,"DemandMax":null,"Value":3772},{"Length":91,"Height":5,"Demand":1,"DemandMax":null,"Value":455},{"Length":79,"Height":15,"Demand":1,"DemandMax":null,"Value":1185},{"Length":93,"Height":19,"Demand":1,"DemandMax":null,"Value":1767},{"Length":93,"Height":86,"Demand":1,"DemandMax":null,"Value":7998},{"Length":98,"Height":11,"Demand":1,"DemandMax":null,"Value":1078},{"Length":96,"Height":11,"Demand":1,"DemandMax":null,"Value":1056},{"Length":69,"Height":31,"Demand":1,"DemandMax":null,"Value":2139},{"Length":73,"Height":88,"Demand":1,"DemandMax":null,"Value":6424},{"Length":17,"Height":85,"Demand":1,"DemandMax":null,"Value":1445},{"Length":86,"Height":19,"Demand":1,"DemandMax":null,"Value":1634},{"Length":32,"Height":68,"Demand":1,"DemandMax":null,"Value":2176},{"Length":76,"Height":2,"Demand":1,"DemandMax":null,"Value":152},{"Length":100,"Height":8,"Demand":1,"DemandMax":null,"Value":800},{"Length":77,"Height":88,"Demand":1,"DemandMax":null,"Value":6776},{"Length":79,"Height":39,"Demand":1,"DemandMax":null,"Value":3081},{"Length":78,"Height":28,"Demand":1,"DemandMax":null,"Value":2184},{"Length":95,"Height":48,"Demand":1,"DemandMax":null,"Value":4560},{"Length":91,"Height":20,"Demand":1,"DemandMax":null,"Value":1820},{"Length":79,"Height":36,"Demand":1,"DemandMax":null,"Value":2844},{"Length":89,"Height":15,"Demand":1,"DemandMax":null,"Value":1335},{"Length":99,"Height":1,"Demand":1,"DemandMax":null,"Value":99},{"Length":71,"Height":12,"Demand":1,"DemandMax":null,"Value":852},{"Length":87,"Height":44,"Demand":1,"DemandMax":null,"Value":3828},{"Length":73,"Height":13,"Demand":1,"DemandMax":null,"Value":949}]}