{"Name":"MB_C8_14","Objects":[{"Length":100,"Height":100,"Stock":null,"Cost":10000},{"Length":59,"Height":82,"Stock":null,"Cost":3805},{"Length":72,"Height":70,"Stock":null,"Cost":4048},{"Length":96,"Height":52,"Stock":null,"Cost":3990},{"Length":70,"Height":67,"Stock":null,"Cost":3627}],"Items":[{"Length":95,"Height":5,"Demand":1,"DemandMax":null,"Value":475},{"Length":92,"Height":9,"Demand":1,"DemandMax":null,"Value":828},{"Length":94,"Height":2,"Demand":1,"DemandMax":null,"Value":188},{"Length":79,"Height":27,"Demand":1,"DemandMax":null,"Value":2133},{"Length":78,"Height":2,"Demand":1,"DemandMax":null,"Value":156},{"Length":69,"Height":22,"Demand":1,"DemandMax":null,"Value":1518},{"Length":82,"Height":6,"Demand":1,"DemandMax":null,"Value":492},{"Length":95,"Height":46,"Demand":1,"DemandMax":null,"Value":4370},{"Length":70,"Height":12,"Demand":1,"DemandMax":null,"Value":840},{"Length":33,"Height":98,"Demand":1,"DemandMax":null,"Value":3234},{"Length":77,"Height":21,"Demand":1,"DemandMax":null,"Value":1617},{"Length":84,"Height":27,"Demand":1,"DemandMax":null,"Value":2268},{"Length":55,"Height":83,"Demand":1,"DemandMax":null,"Value":4565},{"Length":81,"Height":34,"Demand":1,"DemandMax":null,"Value":2754},{"Length":81,"Height":48,"Demand":1,"DemandMax":null,"Value":3888},{"Length":22,"Height":19,"Demand":1,"DemandMax":null,"Value":418},{"Length":77,"Height":16,"Demand":1,"DemandMax":null,"Value":1232},{"Length":82,"Height":32,"Demand":1,"DemandMax":null,"Value":2624},{"Length":89,"Height":86,"Demand":1,"DemandMax":null,"Value":7654},{"Length":29,"Height":23,"Demand":1,"DemandMax":null,"Value":667},{"Length":93,"Height":10,"Demand":1,"DemandMax":null,"Value":930},{"Length":87,"Height":92,"Demand":1,"DemandMax":null,"Value":8004},{"Length":67,"Height":87,"Demand":1,"DemandMax":null,"Value":5829},{"Length":99,"Height":39,"Demand":1,"DemandMax":null,"Value":3861},{"Length":82,"Height":17,"Demand":1,"DemandMax":null,"Value":1394},{"Length":74,"Height":14,"Demand":1,"DemandMax":null,"Value":1036},{"Length":8,"Height":99,"Demand":1,"DemandMax":null,"Value":792},{"Length":85,"Height":16,"Demand":1,"DemandMax":null,"Value":1360},{"Length":79,"Height":34,"Demand":1,"DemandMax":null,"Value":2686},{"Length":99,"Height":97,"Demand":1,"DemandMax":null,"Value":9603},{"Length":72,"Height":23,"Demand":1,"DemandMax":null,"Value":1656},{"Length":80,"Height":5,"Demand":1,"DemandMax":null,"Value":400},{"Length":84,"Height":14,"Demand":1,"DemandMax":null,"Value":1176},{"Length":98,"Height":42,"Demand":1,"DemandMax":null,"Value":4116},{"Length":81,"Height":8,"Demand":1,"DemandMax":null,"Value":648},{"Length":83,"Height":6,"Demand":1,"DemandMax":null,"Value":498},{"Length":47,"Height":69,"Demand":1,"DemandMax":null,"Value":3243},{"Length":56,"Height":98,"Demand":1,"DemandMax":null,"Value":5488},{"Length":48,"Height":69,"Demand":1,"DemandMax":null,"Value":3312},{"Length":94,"Height":19,"Demand":1,"DemandMax":null,"Value":1786}]}