{"Name":"MB_C9_26","Objects":[{"Length":100,"Height":100,"Stock":null,"Cost":10000},{"Length":90,"Height":50,"Stock":null,"Cost":3400},{"Length":94,"Height":63,"Stock":null,"Cost":5106},{"Length":74,"Height":77,"Stock":null,"Cost":4837},{"Length":73,"Height":76,"Stock":null,"Cost":4657}],"Items":[{"Length":22,"Height":71,"Demand":1,"DemandMax":null,"Value":1562},{"Length":79,"Height":61,"Demand":1,"DemandMax":null,"Value":4819},{"Length":55,"Height":65,"Demand":1,"DemandMax":null,"Value":3575},{"Length":21,"Height":75,"Demand":1,"DemandMax":null,"Value":1575},{"Length":67,"Height":75,"Demand":1,"DemandMax":null,"Value":5025},{"Length":76,"Height":44,"Demand":1,"DemandMax":null,"Value":3344},{"Length":56,"Height":88,"Demand":1,"DemandMax":null,"Value":4928},{"Length":61,"Height":52,"Demand":1,"DemandMax":null,"Value":3172},{"Length":24,"Height":4,"Demand":1,"DemandMax":null,"Value":96},{"Length":12,"Height":38,"Demand":1,"DemandMax":null,"Value":456},{"Length":69,"Height":73,"Demand":2,"DemandMax":null,"Value":5037},{"Length":65,"Height":51,"Demand":1,"DemandMax":null,"Value":3315},{"Length":93,"Height":95,"Demand":1,"DemandMax":null,"Value":8835},{"Length":21,"Height":96,"Demand":1,"DemandMax":null,"Value":2016},{"Length":96,"Height":19,"Demand":1,"DemandMax":null,"Value":1824},{"Length":30,"Height":14,"Demand":1,"DemandMax":null,"Value":420},{"Length":73,"Height":97,"Demand":1,"DemandMax":null,"Value":7081},{"Length":92,"Height":61,"Demand":1,"DemandMax":null,"Value":5612},{"Length":80,"Height":77,"Demand":1,"DemandMax":null,"Value":6160},{"Length":56,"Height":87,"Demand":1,"DemandMax":null,"Value":4872},{"Length":15,"Height":10,"Demand":1,"DemandMax":null,"Value":150},{"Length":24,"Height":41,"Demand":1,"DemandMax":null,"Value":984},{"Length":77,"Height":97,"Demand":1,"DemandMax":null,"Value":7469},{"Length":45,"Height":81,"Demand":1,"DemandMax":null,"Value":3645},{"Length":68,"Height":86,"Demand":1,"DemandMax":null,"Value":5848},{"Length":67,"Height":81,"Demand":1,"DemandMax":null,"Value":5427},{"Length":87,"Height":77,"Demand":1,"DemandMax":null,"Value":6699},{"Length":44,"Height":19,"Demand":1,"DemandMax":null,"Value":836},{"Length":89,"Height":23,"Demand":1,"DemandMax":null,"Value":2047},{"Length":73,"Height":84,"Demand":1,"DemandMax":null,"Value":6132},{"Length":8,"Height":80,"Demand":1,"DemandMax":null,"Value":640},{"Length":6,"Height":84,"Demand":1,"DemandMax":null,"Value":504},{"Length":10,"Height":80,"Demand":1,"DemandMax":null,"Value":800},{"Length":41,"Height":48,"Demand":1,"DemandMax":null,"Value":1968},{"Length":41,"Height":83,"Demand":1,"DemandMax":null,"Value":3403},{"Length":78,"Height":97,"Demand":1,"DemandMax":null,"Value":7566},{"Length":99,"Height":81,"Demand":1,"DemandMax":null,"Value":8019},{"Length":85,"Height":91,"Demand":1,"DemandMax":null,"Value":7735},{"Length":14,"Height":28,"Demand":1,"DemandMax":null,"Value":392},{"Length":99,"Height":53,"Demand":1,"DemandMax":null,"Value":5247},{"Length":72,"Height":11,"Demand":1,"DemandMax":null,"Value":792},{"Length":91,"Height":69,"Demand":1,"DemandMax":null,"Value":6279},{"Length":59,"Height":71,"Demand":1,"DemandMax":null,"Value":4189},{"Length":60,"Height":87,"Demand":1,"DemandMax":null,"Value":5220},{"Length":13,"Height":72,"Demand":1,"DemandMax":null,"Value":936},{"Length":58,"Height":58,"Demand":1,"DemandMax":null,"Value":3364},{"Length":68,"Height":76,"Demand":1,"DemandMax":null,"Value":5168},{"Length":89,"Height":33,"Demand":1,"DemandMax":null,"Value":2937},{"Length":76,"Height":70,"Demand":1,"DemandMax":null,"Value":5320},{"Length":88,"Height":59,"Demand":1,"DemandMax":null,"Value":5192},{"Length":92,"Height":43,"Demand":1,"DemandMax":null,"Value":3956},{"Length":69,"Height":90,"Demand":1,"DemandMax":null,"Value":6210},{"Length":51,"Height":93,"Demand":1,"DemandMax":null,"Value":4743},{"Length":79,"Height":72,"Demand":1,"DemandMax":null,"Value":5688},{"Length":69,"Height":71,"Demand":1,"DemandMax":null,"Value":4899},{"Length":66,"Height":58,"Demand":1,"DemandMax":null,"Value":3828},{"Length":89,"Height":77,"Demand":1,"DemandMax":null,"Value":6853},{"Length":82,"Height":97,"Demand":1,"DemandMax":null,"Value":7954},{"Length":62,"Height":61,"Demand":1,"DemandMax":null,"Value":3782}]}