{"Name":"MB_C1_3","Objects":[{"Length":10,"Height":10,"Stock":null,"Cost":100},{"Length":8,"Height":7,"Stock":null,"Cost":47},{"Length":5,"Height":5,"Stock":null,"Cost":10},{"Length":7,"Height":9,"Stock":null,"Cost":55},{"Length":9,"Height":5,"Stock":null,"Cost":34}],"Items":[{"Length":5,"Height":7,"Demand":1,"DemandMax":null,"Value":35},{"Length":6,"Height":10,"Demand":1,"DemandMax":null,"Value":60},{"Length":6,"Height":5,"Demand":1,"DemandMax":null,"Value":30},{"Length":2,"Height":7,"Demand":1,"DemandMax":null,"Value":14},{"Length":8,"Height":4,"Demand":1,"DemandMax":null,"Value":32},{"Length":10,"Height":9,"Demand":1,"DemandMax":null,"Value":90},{"Length":5,"Height":8,"Demand":1,"DemandMax":null,"Value":40},{"Length":6,"Height":8,"Demand":1,"DemandMax":null,"Value":48},{"Length":9,"Height":4,"Demand":1,"DemandMax":null,"Value":36},{"Length":3,"Height":9,"Demand":1,"DemandMax":null,"Value":27},{"Length":10,"Height":3,"Demand":1,"DemandMax":null,"Value":30},{"Length":5,"Height":9,"Demand":1,"DemandMax":null,"Value":45},{"Length":7,"Height":1,"Demand":1,"DemandMax":null,"Value":7},{"Length":9,"Height":8,"Demand":1,"DemandMax":null,"Value":72},{"Length":6,"Height":4,"Demand":1,"DemandMax":null,"Value":24},{"Length":6,"Height":3,"Demand":1,"DemandMax":null,"Value":18},{"Length":3,"Height":4,"Demand":1,"DemandMax":null,"Value":12},{"Length":2,"Height":10,"Demand":1,"DemandMax":null,"Value":20},{"Length":1,"Height":6,"Demand":1,"DemandMax":null,"Value":6},{"Length":4,"Height":1,"Demand":1,"DemandMax":null,"Value":4}]}