{"Name":"MB_C10_5","Objects":[{"Length":100,"Height":100,"Stock":null,"Cost":10000},{"Length":68,"Height":84,"Stock":null,"Cost":4854},{"Length":90,"Height":56,"Stock":null,"Cost":4048},{"Length":96,"Height":78,"Stock":null,"Cost":6985},{"Length":94,"Height":84,"Stock":null,"Cost":7475}],"Items":[{"Length":48,"Height":46,"Demand":1,"DemandMax":null,"Value":2208},{"Length":78,"Height":8,"Demand":1,"DemandMax":null,"Value":624},{"Length":46,"Height":9,"Demand":1,"DemandMax":null,"Value":414},{"Length":49,"Height":41,"Demand":1,"DemandMax":null,"Value":2009},{"Length":22,"Height":25,"Demand":1,"DemandMax":null,"Value":550},{"Length":33,"Height":3,"Demand":1,"DemandMax":null,"Value":99},{"Length":75,"Height":93,"Demand":1,"DemandMax":null,"Value":6975},{"Length":68,"Height":91,"Demand":1,"DemandMax":null,"Value":6188},{"Length":7,"Height":15,"Demand":1,"DemandMax":null,"Value":105},{"Length":8,"Height":9,"Demand":1,"DemandMax":null,"Value":72},{"Length":17,"Height":40,"Demand":1,"DemandMax":null,"Value":680},{"Length":66,"Height":4,"Demand":1,"DemandMax":null,"Value":264},{"Length":4,"Height":18,"Demand":1,"DemandMax":null,"Value":72},{"Length":46,"Height":26,"Demand":1,"DemandMax":null,"Value":1196},{"Length":20,"Height":48,"Demand":1,"DemandMax":null,"Value":960},{"Length":94,"Height":77,"Demand":1,"DemandMax":null,"Value":7238},{"Length":13,"Height":32,"Demand":1,"DemandMax":null,"Value":416},{"Length":45,"Height":6,"Demand":1,"DemandMax":null,"Value":270},{"Length":34,"Height":18,"Demand":1,"DemandMax":null,"Value":612},{"Length":49,"Height":12,"Demand":1,"DemandMax":null,"Value":588}]}