{"Name":"MB_C7_13","Objects":[{"Length":100,"Height":100,"Stock":null,"Cost":10000},{"Length":87,"Height":59,"Stock":null,"Cost":4159},{"Length":91,"Height":68,"Stock":null,"Cost":5425},{"Length":87,"Height":93,"Stock":null,"Cost":7709},{"Length":61,"Height":99,"Stock":null,"Cost":5246}],"Items":[{"Length":7,"Height":70,"Demand":1,"DemandMax":null,"Value":490},{"Length":95,"Height":12,"Demand":1,"DemandMax":null,"Value":1140},{"Length":42,"Height":90,"Demand":1,"DemandMax":null,"Value":3780},{"Length":48,"Height":99,"Demand":1,"DemandMax":null,"Value":4752},{"Length":86,"Height":43,"Demand":1,"DemandMax":null,"Value":3698},{"Length":31,"Height":92,"Demand":1,"DemandMax":null,"Value":2852},{"Length":21,"Height":85,"Demand":1,"DemandMax":null,"Value":1785},{"Length":42,"Height":87,"Demand":1,"DemandMax":null,"Value":3654},{"Length":15,"Height":41,"Demand":1,"DemandMax":null,"Value":615},{"Length":31,"Height":84,"Demand":1,"DemandMax":null,"Value":2604},{"Length":11,"Height":32,"Demand":1,"DemandMax":null,"Value":352},{"Length":48,"Height":83,"Demand":1,"DemandMax":null,"Value":3984},{"Length":11,"Height":66,"Demand":1,"DemandMax":null,"Value":726},{"Length":43,"Height":27,"Demand":1,"DemandMax":null,"Value":1161},{"Length":13,"Height":98,"Demand":1,"DemandMax":null,"Value":1274},{"Length":16,"Height":87,"Demand":1,"DemandMax":null,"Value":1392},{"Length":19,"Height":81,"Demand":1,"DemandMax":null,"Value":1539},{"Length":16,"Height":92,"Demand":1,"DemandMax":null,"Value":1472},{"Length":27,"Height":82,"Demand":1,"DemandMax":null,"Value":2214},{"Length":45,"Height":99,"Demand":1,"DemandMax":null,"Value":4455},{"Length":38,"Height":69,"Demand":1,"DemandMax":null,"Value":2622},{"Length":1,"Height":74,"Demand":1,"DemandMax":null,"Value":74},{"Length":2,"Height":75,"Demand":1,"DemandMax":null,"Value":150},{"Length":35,"Height":85,"Demand":1,"DemandMax":null,"Value":2975},{"Length":19,"Height":100,"Demand":1,"DemandMax":null,"Value":1900},{"Length":48,"Height":98,"Demand":1,"DemandMax":null,"Value":4704},{"Length":93,"Height":14,"Demand":1,"DemandMax":null,"Value":1302},{"Length":38,"Height":78,"Demand":1,"DemandMax":null,"Value":2964},{"Length":74,"Height":6,"Demand":1,"DemandMax":null,"Value":444},{"Length":6,"Height":96,"Demand":1,"DemandMax":null,"Value":576},{"Length":38,"Height":83,"Demand":1,"DemandMax":null,"Value":3154},{"Length":2,"Height":80,"Demand":1,"DemandMax":null,"Value":160},{"Length":17,"Height":82,"Demand":1,"DemandMax":null,"Value":1394},{"Length":75,"Height":51,"Demand":1,"DemandMax":null,"Value":3825},{"Length":48,"Height":100,"Demand":1,"DemandMax":null,"Value":4800},{"Length":28,"Height":90,"Demand":1,"DemandMax":null,"Value":2520},{"Length":33,"Height":68,"Demand":1,"DemandMax":null,"Value":2244},{"Length":7,"Height":81,"Demand":1,"DemandMax":null,"Value":567},{"Length":20,"Height":90,"Demand":1,"DemandMax":null,"Value":1800},{"Length":15,"Height":73,"Demand":1,"DemandMax":null,"Value":1095}]}