{"Name":"MB_C1_26","Objects":[{"Length":10,"Height":10,"Stock":null,"Cost":100},{"Length":6,"Height":6,"Stock":null,"Cost":23},{"Length":8,"Height":6,"Stock":null,"Cost":37},{"Length":9,"Height":5,"Stock":null,"Cost":34},{"Length":9,"Height":7,"Stock":null,"Cost":55}],"Items":[{"Length":1,"Height":5,"Demand":1,"DemandMax":null,"Value":5},{"Length":2,"Height":6,"Demand":2,"DemandMax":null,"Value":12},{"Length":6,"Height":3,"Demand":2,"DemandMax":null,"Value":18},{"Length":3,"Height":2,"Demand":1,"DemandMax":null,"Value":6},{"Length":4,"Height":1,"Demand":1,"DemandMax":null,"Value":4},{"Length":5,"Height":3,"Demand":1,"DemandMax":null,"Value":15},{"Length":4,"Height":4,"Demand":1,"DemandMax":null,"Value":16},{"Length":6,"Height":2,"Demand":1,"DemandMax":null,"Value":12},{"Length":3,"Height":9,"Demand":1,"DemandMax":null,"Value":27},{"Length":7,"Height":2,"Demand":1,"DemandMax":null,"Value":14},{"Length":8,"Height":8,"Demand":1,"DemandMax":null,"Value":64},{"Length":3,"Height":1,"Demand":2,"DemandMax":null,"Value":3},{"Length":10,"Height":5,"Demand":1,"DemandMax":null,"Value":50},{"Length":1,"Height":10,"Demand":1,"DemandMax":null,"Value":10},{"Length":3,"Height":8,"Demand":2,"DemandMax":null,"Value":24},{"Length":3,"Height":4,"Demand":1,"DemandMax":null,"Value":12},{"Length":5,"Height":8,"Demand":1,"DemandMax":null,"Value":40},{"Length":7,"Height":9,"Demand":1,"DemandMax":null,"Value":63},{"Length":9,"Height":1,"Demand":1,"DemandMax":null,"Value":9},{"Length":5,"Height":9,"Demand":2,"DemandMax":null,"Value":45},{"Length":2,"Height":9,"Demand":1,"DemandMax":null,"Value":18},{"Length":4,"Height":10,"Demand":1,"DemandMax":null,"Value":40},{"Length":7,"Height":5,"Demand":2,"DemandMax":null,"Value":35},{"Length":10,"Height":4,"Demand":1,"DemandMax":null,"Value":40},{"Length":9,"Height":3,"Demand":1,"DemandMax":null,"Value":27},{"Length":3,"Height":6,"Demand":2,"DemandMax":null,"Value":18},{"Length":6,"Height":4,"Demand":1,"DemandMax":null,"Value":24},{"Length":2,"Height":8,"Demand":1,"DemandMax":null,"Value":16},{"Length":10,"Height":3,"Demand":1,"DemandMax":null,"Value":30},{"Length":2,"Height":10,"Demand":1,"DemandMax":null,"Value":20},{"Length":7,"Height":6,"Demand":1,"DemandMax":null,"Value":42},{"Length":10,"Height":1,"Demand":1,"DemandMax":null,"Value":10},{"Length":9,"Height":5,"Demand":1,"DemandMax":null,"Value":45},{"Length":5,"Height":4,"Demand":2,"DemandMax":null,"Value":20},{"Length":8,"Height":7,"Demand":1,"DemandMax":null,"Value":56},{"Length":4,"Height":7,"Demand":2,"DemandMax":null,"Value":28},{"Length":6,"Height":10,"Demand":2,"DemandMax":null,"Value":60},{"Length":9,"Height":4,"Demand":1,"DemandMax":null,"Value":36},{"Length":2,"Height":7,"Demand":1,"DemandMax":null,"Value":14},{"Length":5,"Height":7,"Demand":2,"DemandMax":null,"Value":35},{"Length":1,"Height":2,"Demand":2,"DemandMax":null,"Value":2},{"Length":5,"Height":1,"Demand":1,"DemandMax":null,"Value":5},{"Length":5,"Height":10,"Demand":1,"DemandMax":null,"Value":50},{"Length":9,"Height":10,"Demand":2,"DemandMax":null,"Value":90},{"Length":1,"Height":9,"Demand":1,"DemandMax":null,"Value":9},{"Length":3,"Height":10,"Demand":1,"DemandMax":null,"Value":30},{"Length":4,"Height":5,"Demand":1,"DemandMax":null,"Value":20}]}