{"Name":"MB_C9_29","Objects":[{"Length":100,"Height":100,"Stock":null,"Cost":10000},{"Length":72,"Height":98,"Stock":null,"Cost":6467},{"Length":99,"Height":67,"Stock":null,"Cost":5959},{"Length":50,"Height":99,"Stock":null,"Cost":3940},{"Length":98,"Height":57,"Stock":null,"Cost":4703}],"Items":[{"Length":72,"Height":51,"Demand":1,"DemandMax":null,"Value":3672},{"Length":56,"Height":81,"Demand":1,"DemandMax":null,"Value":4536},{"Length":59,"Height":61,"Demand":1,"DemandMax":null,"Value":3599},{"Length":66,"Height":37,"Demand":1,"DemandMax":null,"Value":2442},{"Length":25,"Height":83,"Demand":1,"DemandMax":null,"Value":2075},{"Length":99,"Height":70,"Demand":1,"DemandMax":null,"Value":6930},{"Length":67,"Height":91,"Demand":1,"DemandMax":null,"Value":6097},{"Length":50,"Height":88,"Demand":1,"DemandMax":null,"Value":4400},{"Length":88,"Height":60,"Demand":1,"DemandMax":null,"Value":5280},{"Length":52,"Height":71,"Demand":1,"DemandMax":null,"Value":3692},{"Length":91,"Height":33,"Demand":1,"DemandMax":null,"Value":3003},{"Length":72,"Height":39,"Demand":1,"DemandMax":null,"Value":2808},{"Length":63,"Height":57,"Demand":1,"DemandMax":null,"Value":3591},{"Length":68,"Height":83,"Demand":1,"DemandMax":null,"Value":5644},{"Length":78,"Height":36,"Demand":1,"DemandMax":null,"Value":2808},{"Length":80,"Height":56,"Demand":1,"DemandMax":null,"Value":4480},{"Length":100,"Height":66,"Demand":1,"DemandMax":null,"Value":6600},{"Length":46,"Height":8,"Demand":1,"DemandMax":null,"Value":368},{"Length":60,"Height":100,"Demand":1,"DemandMax":null,"Value":6000},{"Length":14,"Height":37,"Demand":1,"DemandMax":null,"Value":518},{"Length":99,"Height":37,"Demand":1,"DemandMax":null,"Value":3663},{"Length":84,"Height":93,"Demand":1,"DemandMax":null,"Value":7812},{"Length":64,"Height":76,"Demand":1,"DemandMax":null,"Value":4864},{"Length":58,"Height":78,"Demand":1,"DemandMax":null,"Value":4524},{"Length":58,"Height":68,"Demand":1,"DemandMax":null,"Value":3944},{"Length":85,"Height":91,"Demand":1,"DemandMax":null,"Value":7735},{"Length":81,"Height":63,"Demand":1,"DemandMax":null,"Value":5103},{"Length":64,"Height":81,"Demand":1,"DemandMax":null,"Value":5184},{"Length":81,"Height":62,"Demand":1,"DemandMax":null,"Value":5022},{"Length":98,"Height":100,"Demand":1,"DemandMax":null,"Value":9800},{"Length":58,"Height":63,"Demand":1,"DemandMax":null,"Value":3654},{"Length":33,"Height":98,"Demand":1,"DemandMax":null,"Value":3234},{"Length":64,"Height":67,"Demand":1,"DemandMax":null,"Value":4288},{"Length":22,"Height":80,"Demand":1,"DemandMax":null,"Value":1760},{"Length":98,"Height":74,"Demand":1,"DemandMax":null,"Value":7252},{"Length":62,"Height":73,"Demand":1,"DemandMax":null,"Value":4526},{"Length":10,"Height":35,"Demand":1,"DemandMax":null,"Value":350},{"Length":56,"Height":52,"Demand":1,"DemandMax":null,"Value":2912},{"Length":100,"Height":48,"Demand":1,"DemandMax":null,"Value":4800},{"Length":53,"Height":61,"Demand":1,"DemandMax":null,"Value":3233},{"Length":66,"Height":63,"Demand":1,"DemandMax":null,"Value":4158},{"Length":54,"Height":97,"Demand":1,"DemandMax":null,"Value":5238},{"Length":61,"Height":82,"Demand":1,"DemandMax":null,"Value":5002},{"Length":57,"Height":60,"Demand":1,"DemandMax":null,"Value":3420},{"Length":85,"Height":53,"Demand":1,"DemandMax":null,"Value":4505},{"Length":63,"Height":52,"Demand":1,"DemandMax":null,"Value":3276},{"Length":86,"Height":78,"Demand":1,"DemandMax":null,"Value":6708},{"Length":72,"Height":72,"Demand":1,"DemandMax":null,"Value":5184},{"Length":65,"Height":55,"Demand":1,"DemandMax":null,"Value":3575},{"Length":84,"Height":70,"Demand":1,"DemandMax":null,"Value":5880},{"Length":72,"Height":86,"Demand":1,"DemandMax":null,"Value":6192},{"Length":99,"Height":96,"Demand":1,"DemandMax":null,"Value":9504},{"Length":56,"Height":69,"Demand":1,"DemandMax":null,"Value":3864},{"Length":66,"Height":100,"Demand":1,"DemandMax":null,"Value":6600},{"Length":79,"Height":6,"Demand":1,"DemandMax":null,"Value":474},{"Length":87,"Height":81,"Demand":1,"DemandMax":null,"Value":7047},{"Length":11,"Height":45,"Demand":1,"DemandMax":null,"Value":495},{"Length":72,"Height":40,"Demand":1,"DemandMax":null,"Value":2880},{"Length":79,"Height":86,"Demand":1,"DemandMax":null,"Value":6794},{"Length":86,"Height":77,"Demand":1,"DemandMax":null,"Value":6622}]}