{"Name":"MB_C6_49","Objects":[{"Length":300,"Height":300,"Stock":null,"Cost":90000},{"Length":212,"Height":275,"Stock":null,"Cost":51960},{"Length":208,"Height":292,"Stock":null,"Cost":54883},{"Length":205,"Height":165,"Stock":null,"Cost":22590},{"Length":201,"Height":228,"Stock":null,"Cost":36993}],"Items":[{"Length":55,"Height":44,"Demand":1,"DemandMax":null,"Value":2420},{"Length":2,"Height":21,"Demand":1,"DemandMax":null,"Value":42},{"Length":73,"Height":15,"Demand":1,"DemandMax":null,"Value":1095},{"Length":89,"Height":16,"Demand":1,"DemandMax":null,"Value":1424},{"Length":5,"Height":45,"Demand":1,"DemandMax":null,"Value":225},{"Length":11,"Height":59,"Demand":1,"DemandMax":null,"Value":649},{"Length":29,"Height":45,"Demand":1,"DemandMax":null,"Value":1305},{"Length":14,"Height":26,"Demand":1,"DemandMax":null,"Value":364},{"Length":55,"Height":58,"Demand":1,"DemandMax":null,"Value":3190},{"Length":74,"Height":29,"Demand":1,"DemandMax":null,"Value":2146},{"Length":28,"Height":62,"Demand":1,"DemandMax":null,"Value":1736},{"Length":4,"Height":12,"Demand":1,"DemandMax":null,"Value":48},{"Length":26,"Height":69,"Demand":1,"DemandMax":null,"Value":1794},{"Length":48,"Height":54,"Demand":1,"DemandMax":null,"Value":2592},{"Length":60,"Height":23,"Demand":1,"DemandMax":null,"Value":1380},{"Length":83,"Height":65,"Demand":1,"DemandMax":null,"Value":5395},{"Length":74,"Height":2,"Demand":1,"DemandMax":null,"Value":148},{"Length":21,"Height":89,"Demand":1,"DemandMax":null,"Value":1869},{"Length":47,"Height":16,"Demand":1,"DemandMax":null,"Value":752},{"Length":6,"Height":5,"Demand":1,"DemandMax":null,"Value":30},{"Length":88,"Height":12,"Demand":1,"DemandMax":null,"Value":1056},{"Length":16,"Height":24,"Demand":1,"DemandMax":null,"Value":384},{"Length":44,"Height":65,"Demand":1,"DemandMax":null,"Value":2860},{"Length":61,"Height":90,"Demand":1,"DemandMax":null,"Value":5490},{"Length":91,"Height":87,"Demand":1,"DemandMax":null,"Value":7917},{"Length":87,"Height":80,"Demand":1,"DemandMax":null,"Value":6960},{"Length":40,"Height":24,"Demand":1,"DemandMax":null,"Value":960},{"Length":71,"Height":7,"Demand":1,"DemandMax":null,"Value":497},{"Length":37,"Height":51,"Demand":1,"DemandMax":null,"Value":1887},{"Length":25,"Height":13,"Demand":1,"DemandMax":null,"Value":325},{"Length":58,"Height":82,"Demand":1,"DemandMax":null,"Value":4756},{"Length":92,"Height":78,"Demand":1,"DemandMax":null,"Value":7176},{"Length":15,"Height":59,"Demand":1,"DemandMax":null,"Value":885},{"Length":50,"Height":13,"Demand":1,"DemandMax":null,"Value":650},{"Length":53,"Height":61,"Demand":1,"DemandMax":null,"Value":3233},{"Length":11,"Height":60,"Demand":1,"DemandMax":null,"Value":660},{"Length":49,"Height":99,"Demand":1,"DemandMax":null,"Value":4851},{"Length":20,"Height":100,"Demand":1,"DemandMax":null,"Value":2000},{"Length":14,"Height":18,"Demand":1,"DemandMax":null,"Value":252},{"Length":53,"Height":42,"Demand":1,"DemandMax":null,"Value":2226},{"Length":92,"Height":94,"Demand":1,"DemandMax":null,"Value":8648},{"Length":22,"Height":31,"Demand":1,"DemandMax":null,"Value":682},{"Length":63,"Height":40,"Demand":1,"DemandMax":null,"Value":2520},{"Length":71,"Height":45,"Demand":1,"DemandMax":null,"Value":3195},{"Length":35,"Height":100,"Demand":1,"DemandMax":null,"Value":3500},{"Length":78,"Height":94,"Demand":1,"DemandMax":null,"Value":7332},{"Length":55,"Height":51,"Demand":1,"DemandMax":null,"Value":2805},{"Length":55,"Height":25,"Demand":1,"DemandMax":null,"Value":1375},{"Length":100,"Height":5,"Demand":1,"DemandMax":null,"Value":500},{"Length":45,"Height":13,"Demand":1,"DemandMax":null,"Value":585},{"Length":80,"Height":5,"Demand":1,"DemandMax":null,"Value":400},{"Length":27,"Height":70,"Demand":1,"DemandMax":null,"Value":1890},{"Length":41,"Height":31,"Demand":1,"DemandMax":null,"Value":1271},{"Length":12,"Height":42,"Demand":1,"DemandMax":null,"Value":504},{"Length":61,"Height":92,"Demand":1,"DemandMax":null,"Value":5612},{"Length":43,"Height":4,"Demand":1,"DemandMax":null,"Value":172},{"Length":49,"Height":34,"Demand":1,"DemandMax":null,"Value":1666},{"Length":100,"Height":70,"Demand":1,"DemandMax":null,"Value":7000},{"Length":51,"Height":34,"Demand":1,"DemandMax":null,"Value":1734},{"Length":92,"Height":82,"Demand":1,"DemandMax":null,"Value":7544},{"Length":45,"Height":3,"Demand":1,"DemandMax":null,"Value":135},{"Length":65,"Height":19,"Demand":1,"DemandMax":null,"Value":1235},{"Length":41,"Height":86,"Demand":1,"DemandMax":null,"Value":3526},{"Length":95,"Height":92,"Demand":1,"DemandMax":null,"Value":8740},{"Length":84,"Height":60,"Demand":1,"DemandMax":null,"Value":5040},{"Length":95,"Height":46,"Demand":1,"DemandMax":null,"Value":4370},{"Length":52,"Height":37,"Demand":1,"DemandMax":null,"Value":1924},{"Length":9,"Height":57,"Demand":1,"DemandMax":null,"Value":513},{"Length":56,"Height":61,"Demand":1,"DemandMax":null,"Value":3416},{"Length":14,"Height":38,"Demand":1,"DemandMax":null,"Value":532},{"Length":40,"Height":10,"Demand":1,"DemandMax":null,"Value":400},{"Length":22,"Height":33,"Demand":1,"DemandMax":null,"Value":726},{"Length":83,"Height":95,"Demand":1,"DemandMax":null,"Value":7885},{"Length":77,"Height":19,"Demand":1,"DemandMax":null,"Value":1463},{"Length":94,"Height":60,"Demand":1,"DemandMax":null,"Value":5640},{"Length":57,"Height":8,"Demand":1,"DemandMax":null,"Value":456},{"Length":20,"Height":83,"Demand":1,"DemandMax":null,"Value":1660},{"Length":72,"Height":43,"Demand":1,"DemandMax":null,"Value":3096},{"Length":37,"Height":76,"Demand":1,"DemandMax":null,"Value":2812},{"Length":68,"Height":4,"Demand":1,"DemandMax":null,"Value":272},{"Length":56,"Height":82,"Demand":1,"DemandMax":null,"Value":4592},{"Length":22,"Height":100,"Demand":1,"DemandMax":null,"Value":2200},{"Length":23,"Height":80,"Demand":1,"DemandMax":null,"Value":1840},{"Length":46,"Height":77,"Demand":1,"DemandMax":null,"Value":3542},{"Length":14,"Height":80,"Demand":1,"DemandMax":null,"Value":1120},{"Length":83,"Height":12,"Demand":1,"DemandMax":null,"Value":996},{"Length":41,"Height":28,"Demand":1,"DemandMax":null,"Value":1148},{"Length":11,"Height":16,"Demand":1,"DemandMax":null,"Value":176},{"Length":49,"Height":100,"Demand":1,"DemandMax":null,"Value":4900},{"Length":42,"Height":34,"Demand":1,"DemandMax":null,"Value":1428},{"Length":15,"Height":8,"Demand":1,"DemandMax":null,"Value":120},{"Length":21,"Height":43,"Demand":1,"DemandMax":null,"Value":903},{"Length":50,"Height":96,"Demand":1,"DemandMax":null,"Value":4800},{"Length":24,"Height":55,"Demand":1,"DemandMax":null,"Value":1320},{"Length":98,"Height":43,"Demand":1,"DemandMax":null,"Value":4214},{"Length":63,"Height":14,"Demand":1,"DemandMax":null,"Value":882},{"Length":39,"Height":59,"Demand":1,"DemandMax":null,"Value":2301},{"Length":82,"Height":98,"Demand":1,"DemandMax":null,"Value":8036},{"Length":81,"Height":88,"Demand":1,"DemandMax":null,"Value":7128},{"Length":59,"Height":18,"Demand":1,"DemandMax":null,"Value":1062}]}