{"Name":"MB_C6_35","Objects":[{"Length":300,"Height":300,"Stock":null,"Cost":90000},{"Length":162,"Height":222,"Stock":null,"Cost":25156},{"Length":292,"Height":154,"Stock":null,"Cost":35961},{"Length":297,"Height":275,"Stock":null,"Cost":80010},{"Length":294,"Height":157,"Stock":null,"Cost":37389}],"Items":[{"Length":57,"Height":71,"Demand":1,"DemandMax":null,"Value":4047},{"Length":34,"Height":87,"Demand":1,"DemandMax":null,"Value":2958},{"Length":52,"Height":36,"Demand":1,"DemandMax":null,"Value":1872},{"Length":30,"Height":8,"Demand":1,"DemandMax":null,"Value":240},{"Length":27,"Height":26,"Demand":1,"DemandMax":null,"Value":702},{"Length":29,"Height":44,"Demand":1,"DemandMax":null,"Value":1276},{"Length":60,"Height":51,"Demand":1,"DemandMax":null,"Value":3060},{"Length":75,"Height":71,"Demand":1,"DemandMax":null,"Value":5325},{"Length":63,"Height":57,"Demand":1,"DemandMax":null,"Value":3591},{"Length":45,"Height":100,"Demand":1,"DemandMax":null,"Value":4500},{"Length":79,"Height":21,"Demand":1,"DemandMax":null,"Value":1659},{"Length":52,"Height":77,"Demand":1,"DemandMax":null,"Value":4004},{"Length":86,"Height":55,"Demand":1,"DemandMax":null,"Value":4730},{"Length":39,"Height":78,"Demand":1,"DemandMax":null,"Value":3042},{"Length":97,"Height":2,"Demand":1,"DemandMax":null,"Value":194},{"Length":83,"Height":15,"Demand":1,"DemandMax":null,"Value":1245},{"Length":54,"Height":40,"Demand":1,"DemandMax":null,"Value":2160},{"Length":98,"Height":33,"Demand":1,"DemandMax":null,"Value":3234},{"Length":36,"Height":82,"Demand":1,"DemandMax":null,"Value":2952},{"Length":26,"Height":9,"Demand":1,"DemandMax":null,"Value":234},{"Length":54,"Height":70,"Demand":1,"DemandMax":null,"Value":3780},{"Length":45,"Height":54,"Demand":1,"DemandMax":null,"Value":2430},{"Length":53,"Height":83,"Demand":1,"DemandMax":null,"Value":4399},{"Length":67,"Height":12,"Demand":1,"DemandMax":null,"Value":804},{"Length":9,"Height":32,"Demand":1,"DemandMax":null,"Value":288},{"Length":36,"Height":63,"Demand":1,"DemandMax":null,"Value":2268},{"Length":35,"Height":61,"Demand":1,"DemandMax":null,"Value":2135},{"Length":30,"Height":15,"Demand":1,"DemandMax":null,"Value":450},{"Length":75,"Height":48,"Demand":1,"DemandMax":null,"Value":3600},{"Length":60,"Height":15,"Demand":1,"DemandMax":null,"Value":900},{"Length":6,"Height":5,"Demand":1,"DemandMax":null,"Value":30},{"Length":70,"Height":40,"Demand":1,"DemandMax":null,"Value":2800},{"Length":40,"Height":76,"Demand":1,"DemandMax":null,"Value":3040},{"Length":38,"Height":1,"Demand":1,"DemandMax":null,"Value":38},{"Length":20,"Height":37,"Demand":1,"DemandMax":null,"Value":740},{"Length":75,"Height":42,"Demand":1,"DemandMax":null,"Value":3150},{"Length":26,"Height":2,"Demand":1,"DemandMax":null,"Value":52},{"Length":27,"Height":41,"Demand":1,"DemandMax":null,"Value":1107},{"Length":67,"Height":13,"Demand":1,"DemandMax":null,"Value":871},{"Length":69,"Height":9,"Demand":1,"DemandMax":null,"Value":621},{"Length":89,"Height":50,"Demand":1,"DemandMax":null,"Value":4450},{"Length":15,"Height":91,"Demand":1,"DemandMax":null,"Value":1365},{"Length":69,"Height":22,"Demand":1,"DemandMax":null,"Value":1518},{"Length":7,"Height":65,"Demand":1,"DemandMax":null,"Value":455},{"Length":18,"Height":75,"Demand":1,"DemandMax":null,"Value":1350},{"Length":24,"Height":41,"Demand":1,"DemandMax":null,"Value":984},{"Length":81,"Height":85,"Demand":1,"DemandMax":null,"Value":6885},{"Length":77,"Height":64,"Demand":1,"DemandMax":null,"Value":4928},{"Length":35,"Height":65,"Demand":1,"DemandMax":null,"Value":2275},{"Length":11,"Height":12,"Demand":1,"DemandMax":null,"Value":132},{"Length":92,"Height":59,"Demand":1,"DemandMax":null,"Value":5428},{"Length":2,"Height":96,"Demand":1,"DemandMax":null,"Value":192},{"Length":96,"Height":44,"Demand":1,"DemandMax":null,"Value":4224},{"Length":63,"Height":60,"Demand":1,"DemandMax":null,"Value":3780},{"Length":25,"Height":32,"Demand":1,"DemandMax":null,"Value":800},{"Length":38,"Height":83,"Demand":1,"DemandMax":null,"Value":3154},{"Length":90,"Height":67,"Demand":1,"DemandMax":null,"Value":6030},{"Length":4,"Height":74,"Demand":1,"DemandMax":null,"Value":296},{"Length":35,"Height":27,"Demand":1,"DemandMax":null,"Value":945},{"Length":73,"Height":80,"Demand":1,"DemandMax":null,"Value":5840},{"Length":38,"Height":22,"Demand":1,"DemandMax":null,"Value":836},{"Length":88,"Height":77,"Demand":1,"DemandMax":null,"Value":6776},{"Length":11,"Height":98,"Demand":1,"DemandMax":null,"Value":1078},{"Length":29,"Height":76,"Demand":1,"DemandMax":null,"Value":2204},{"Length":97,"Height":32,"Demand":1,"DemandMax":null,"Value":3104},{"Length":5,"Height":23,"Demand":1,"DemandMax":null,"Value":115},{"Length":75,"Height":36,"Demand":1,"DemandMax":null,"Value":2700},{"Length":62,"Height":94,"Demand":1,"DemandMax":null,"Value":5828},{"Length":55,"Height":53,"Demand":1,"DemandMax":null,"Value":2915},{"Length":77,"Height":1,"Demand":1,"DemandMax":null,"Value":77},{"Length":83,"Height":61,"Demand":1,"DemandMax":null,"Value":5063},{"Length":61,"Height":89,"Demand":1,"DemandMax":null,"Value":5429},{"Length":35,"Height":73,"Demand":1,"DemandMax":null,"Value":2555},{"Length":59,"Height":35,"Demand":1,"DemandMax":null,"Value":2065},{"Length":23,"Height":31,"Demand":1,"DemandMax":null,"Value":713},{"Length":48,"Height":50,"Demand":1,"DemandMax":null,"Value":2400},{"Length":91,"Height":14,"Demand":1,"DemandMax":null,"Value":1274},{"Length":40,"Height":78,"Demand":1,"DemandMax":null,"Value":3120},{"Length":18,"Height":33,"Demand":1,"DemandMax":null,"Value":594},{"Length":79,"Height":99,"Demand":1,"DemandMax":null,"Value":7821}]}