{"Name":"MB_C8_45","Objects":[{"Length":100,"Height":100,"Stock":null,"Cost":10000},{"Length":75,"Height":91,"Stock":null,"Cost":6190},{"Length":71,"Height":91,"Stock":null,"Cost":5753},{"Length":85,"Height":77,"Stock":null,"Cost":5853},{"Length":59,"Height":71,"Stock":null,"Cost":3026}],"Items":[{"Length":53,"Height":93,"Demand":1,"DemandMax":null,"Value":4929},{"Length":22,"Height":84,"Demand":1,"DemandMax":null,"Value":1848},{"Length":80,"Height":25,"Demand":1,"DemandMax":null,"Value":2000},{"Length":22,"Height":30,"Demand":1,"DemandMax":null,"Value":660},{"Length":66,"Height":59,"Demand":1,"DemandMax":null,"Value":3894},{"Length":82,"Height":10,"Demand":1,"DemandMax":null,"Value":820},{"Length":89,"Height":98,"Demand":1,"DemandMax":null,"Value":8722},{"Length":86,"Height":18,"Demand":1,"DemandMax":null,"Value":1548},{"Length":40,"Height":92,"Demand":1,"DemandMax":null,"Value":3680},{"Length":88,"Height":53,"Demand":1,"DemandMax":null,"Value":4664},{"Length":78,"Height":33,"Demand":1,"DemandMax":null,"Value":2574},{"Length":50,"Height":18,"Demand":1,"DemandMax":null,"Value":900},{"Length":83,"Height":30,"Demand":1,"DemandMax":null,"Value":2490},{"Length":75,"Height":10,"Demand":1,"DemandMax":null,"Value":750},{"Length":72,"Height":29,"Demand":1,"DemandMax":null,"Value":2088},{"Length":81,"Height":80,"Demand":1,"DemandMax":null,"Value":6480},{"Length":81,"Height":32,"Demand":1,"DemandMax":null,"Value":2592},{"Length":67,"Height":28,"Demand":1,"DemandMax":null,"Value":1876},{"Length":74,"Height":37,"Demand":1,"DemandMax":null,"Value":2738},{"Length":25,"Height":4,"Demand":1,"DemandMax":null,"Value":100},{"Length":32,"Height":97,"Demand":1,"DemandMax":null,"Value":3104},{"Length":66,"Height":7,"Demand":1,"DemandMax":null,"Value":462},{"Length":85,"Height":7,"Demand":1,"DemandMax":null,"Value":595},{"Length":86,"Height":39,"Demand":1,"DemandMax":null,"Value":3354},{"Length":67,"Height":21,"Demand":1,"DemandMax":null,"Value":1407},{"Length":74,"Height":48,"Demand":1,"DemandMax":null,"Value":3552},{"Length":53,"Height":88,"Demand":1,"DemandMax":null,"Value":4664},{"Length":97,"Height":86,"Demand":1,"DemandMax":null,"Value":8342},{"Length":89,"Height":9,"Demand":1,"DemandMax":null,"Value":801},{"Length":35,"Height":1,"Demand":1,"DemandMax":null,"Value":35},{"Length":95,"Height":32,"Demand":1,"DemandMax":null,"Value":3040},{"Length":83,"Height":44,"Demand":1,"DemandMax":null,"Value":3652},{"Length":85,"Height":8,"Demand":1,"DemandMax":null,"Value":680},{"Length":68,"Height":65,"Demand":1,"DemandMax":null,"Value":4420},{"Length":42,"Height":91,"Demand":1,"DemandMax":null,"Value":3822},{"Length":76,"Height":15,"Demand":1,"DemandMax":null,"Value":1140},{"Length":33,"Height":18,"Demand":1,"DemandMax":null,"Value":594},{"Length":15,"Height":42,"Demand":1,"DemandMax":null,"Value":630},{"Length":3,"Height":3,"Demand":1,"DemandMax":null,"Value":9},{"Length":66,"Height":96,"Demand":1,"DemandMax":null,"Value":6336},{"Length":1,"Height":94,"Demand":1,"DemandMax":null,"Value":94},{"Length":81,"Height":29,"Demand":1,"DemandMax":null,"Value":2349},{"Length":83,"Height":31,"Demand":1,"DemandMax":null,"Value":2573},{"Length":86,"Height":40,"Demand":1,"DemandMax":null,"Value":3440},{"Length":86,"Height":24,"Demand":1,"DemandMax":null,"Value":2064},{"Length":41,"Height":29,"Demand":1,"DemandMax":null,"Value":1189},{"Length":73,"Height":21,"Demand":1,"DemandMax":null,"Value":1533},{"Length":69,"Height":45,"Demand":1,"DemandMax":null,"Value":3105},{"Length":20,"Height":20,"Demand":1,"DemandMax":null,"Value":400},{"Length":72,"Height":89,"Demand":1,"DemandMax":null,"Value":6408},{"Length":70,"Height":22,"Demand":1,"DemandMax":null,"Value":1540},{"Length":42,"Height":74,"Demand":1,"DemandMax":null,"Value":3108},{"Length":80,"Height":27,"Demand":1,"DemandMax":null,"Value":2160},{"Length":15,"Height":12,"Demand":1,"DemandMax":null,"Value":180},{"Length":76,"Height":35,"Demand":1,"DemandMax":null,"Value":2660},{"Length":94,"Height":40,"Demand":1,"DemandMax":null,"Value":3760},{"Length":90,"Height":46,"Demand":1,"DemandMax":null,"Value":4140},{"Length":79,"Height":47,"Demand":1,"DemandMax":null,"Value":3713},{"Length":89,"Height":10,"Demand":1,"DemandMax":null,"Value":890},{"Length":66,"Height":31,"Demand":1,"DemandMax":null,"Value":2046},{"Length":11,"Height":27,"Demand":1,"DemandMax":null,"Value":297},{"Length":90,"Height":43,"Demand":1,"DemandMax":null,"Value":3870},{"Length":76,"Height":47,"Demand":1,"DemandMax":null,"Value":3572},{"Length":81,"Height":33,"Demand":1,"DemandMax":null,"Value":2673},{"Length":99,"Height":19,"Demand":1,"DemandMax":null,"Value":1881},{"Length":74,"Height":50,"Demand":1,"DemandMax":null,"Value":3700},{"Length":71,"Height":45,"Demand":1,"DemandMax":null,"Value":3195},{"Length":69,"Height":46,"Demand":1,"DemandMax":null,"Value":3174},{"Length":98,"Height":23,"Demand":1,"DemandMax":null,"Value":2254},{"Length":66,"Height":20,"Demand":1,"DemandMax":null,"Value":1320},{"Length":13,"Height":68,"Demand":1,"DemandMax":null,"Value":884},{"Length":66,"Height":21,"Demand":1,"DemandMax":null,"Value":1386},{"Length":8,"Height":92,"Demand":1,"DemandMax":null,"Value":736},{"Length":52,"Height":50,"Demand":1,"DemandMax":null,"Value":2600},{"Length":86,"Height":26,"Demand":1,"DemandMax":null,"Value":2236},{"Length":70,"Height":8,"Demand":1,"DemandMax":null,"Value":560},{"Length":86,"Height":16,"Demand":1,"DemandMax":null,"Value":1376},{"Length":76,"Height":43,"Demand":1,"DemandMax":null,"Value":3268},{"Length":71,"Height":9,"Demand":1,"DemandMax":null,"Value":639},{"Length":83,"Height":7,"Demand":1,"DemandMax":null,"Value":581},{"Length":75,"Height":5,"Demand":1,"DemandMax":null,"Value":375},{"Length":39,"Height":99,"Demand":1,"DemandMax":null,"Value":3861},{"Length":47,"Height":4,"Demand":1,"DemandMax":null,"Value":188},{"Length":69,"Height":17,"Demand":1,"DemandMax":null,"Value":1173},{"Length":71,"Height":6,"Demand":1,"DemandMax":null,"Value":426},{"Length":25,"Height":14,"Demand":1,"DemandMax":null,"Value":350},{"Length":99,"Height":10,"Demand":1,"DemandMax":null,"Value":990},{"Length":99,"Height":39,"Demand":1,"DemandMax":null,"Value":3861},{"Length":76,"Height":18,"Demand":1,"DemandMax":null,"Value":1368},{"Length":81,"Height":41,"Demand":1,"DemandMax":null,"Value":3321},{"Length":73,"Height":28,"Demand":1,"DemandMax":null,"Value":2044},{"Length":66,"Height":22,"Demand":1,"DemandMax":null,"Value":1452},{"Length":90,"Height":42,"Demand":1,"DemandMax":null,"Value":3780},{"Length":88,"Height":31,"Demand":1,"DemandMax":null,"Value":2728},{"Length":86,"Height":57,"Demand":1,"DemandMax":null,"Value":4902},{"Length":76,"Height":17,"Demand":1,"DemandMax":null,"Value":1292},{"Length":76,"Height":27,"Demand":1,"DemandMax":null,"Value":2052},{"Length":67,"Height":32,"Demand":1,"DemandMax":null,"Value":2144},{"Length":81,"Height":50,"Demand":1,"DemandMax":null,"Value":4050},{"Length":93,"Height":74,"Demand":1,"DemandMax":null,"Value":6882}]}