{"Name":"MB_C3_31","Objects":[{"Length":40,"Height":40,"Stock":null,"Cost":1600},{"Length":27,"Height":32,"Stock":null,"Cost":716},{"Length":32,"Height":38,"Stock":null,"Cost":1139},{"Length":35,"Height":26,"Stock":null,"Cost":772},{"Length":25,"Height":36,"Stock":null,"Cost":760}],"Items":[{"Length":25,"Height":14,"Demand":1,"DemandMax":null,"Value":350},{"Length":8,"Height":2,"Demand":1,"DemandMax":null,"Value":16},{"Length":22,"Height":19,"Demand":1,"DemandMax":null,"Value":418},{"Length":5,"Height":26,"Demand":1,"DemandMax":null,"Value":130},{"Length":12,"Height":32,"Demand":1,"DemandMax":null,"Value":384},{"Length":4,"Height":20,"Demand":1,"DemandMax":null,"Value":80},{"Length":23,"Height":22,"Demand":1,"DemandMax":null,"Value":506},{"Length":19,"Height":11,"Demand":1,"DemandMax":null,"Value":209},{"Length":23,"Height":6,"Demand":1,"DemandMax":null,"Value":138},{"Length":8,"Height":3,"Demand":1,"DemandMax":null,"Value":24},{"Length":28,"Height":10,"Demand":1,"DemandMax":null,"Value":280},{"Length":9,"Height":11,"Demand":1,"DemandMax":null,"Value":99},{"Length":30,"Height":3,"Demand":1,"DemandMax":null,"Value":90},{"Length":4,"Height":28,"Demand":1,"DemandMax":null,"Value":112},{"Length":33,"Height":1,"Demand":1,"DemandMax":null,"Value":33},{"Length":19,"Height":23,"Demand":1,"DemandMax":null,"Value":437},{"Length":17,"Height":31,"Demand":1,"DemandMax":null,"Value":527},{"Length":23,"Height":11,"Demand":1,"DemandMax":null,"Value":253},{"Length":10,"Height":27,"Demand":1,"DemandMax":null,"Value":270},{"Length":32,"Height":19,"Demand":1,"DemandMax":null,"Value":608},{"Length":15,"Height":5,"Demand":1,"DemandMax":null,"Value":75},{"Length":3,"Height":16,"Demand":1,"DemandMax":null,"Value":48},{"Length":14,"Height":26,"Demand":1,"DemandMax":null,"Value":364},{"Length":9,"Height":19,"Demand":1,"DemandMax":null,"Value":171},{"Length":33,"Height":25,"Demand":1,"DemandMax":null,"Value":825},{"Length":33,"Height":18,"Demand":1,"DemandMax":null,"Value":594},{"Length":6,"Height":17,"Demand":1,"DemandMax":null,"Value":102},{"Length":30,"Height":18,"Demand":1,"DemandMax":null,"Value":540},{"Length":19,"Height":29,"Demand":1,"DemandMax":null,"Value":551},{"Length":4,"Height":34,"Demand":1,"DemandMax":null,"Value":136},{"Length":29,"Height":30,"Demand":1,"DemandMax":null,"Value":870},{"Length":7,"Height":25,"Demand":1,"DemandMax":null,"Value":175},{"Length":5,"Height":2,"Demand":1,"DemandMax":null,"Value":10},{"Length":30,"Height":28,"Demand":1,"DemandMax":null,"Value":840},{"Length":32,"Height":5,"Demand":1,"DemandMax":null,"Value":160},{"Length":7,"Height":24,"Demand":1,"DemandMax":null,"Value":168},{"Length":33,"Height":9,"Demand":1,"DemandMax":null,"Value":297},{"Length":24,"Height":5,"Demand":1,"DemandMax":null,"Value":120},{"Length":12,"Height":30,"Demand":1,"DemandMax":null,"Value":360},{"Length":3,"Height":10,"Demand":1,"DemandMax":null,"Value":30},{"Length":18,"Height":24,"Demand":1,"DemandMax":null,"Value":432},{"Length":18,"Height":21,"Demand":1,"DemandMax":null,"Value":378},{"Length":11,"Height":31,"Demand":1,"DemandMax":null,"Value":341},{"Length":15,"Height":28,"Demand":1,"DemandMax":null,"Value":420},{"Length":27,"Height":31,"Demand":1,"DemandMax":null,"Value":837},{"Length":20,"Height":1,"Demand":1,"DemandMax":null,"Value":20},{"Length":13,"Height":17,"Demand":1,"DemandMax":null,"Value":221},{"Length":3,"Height":26,"Demand":1,"DemandMax":null,"Value":78},{"Length":31,"Height":26,"Demand":2,"DemandMax":null,"Value":806},{"Length":13,"Height":25,"Demand":1,"DemandMax":null,"Value":325},{"Length":15,"Height":6,"Demand":1,"DemandMax":null,"Value":90},{"Length":10,"Height":1,"Demand":1,"DemandMax":null,"Value":10},{"Length":16,"Height":17,"Demand":1,"DemandMax":null,"Value":272},{"Length":30,"Height":5,"Demand":1,"DemandMax":null,"Value":150},{"Length":25,"Height":29,"Demand":1,"DemandMax":null,"Value":725},{"Length":20,"Height":29,"Demand":1,"DemandMax":null,"Value":580},{"Length":12,"Height":23,"Demand":1,"DemandMax":null,"Value":276},{"Length":8,"Height":8,"Demand":1,"DemandMax":null,"Value":64},{"Length":27,"Height":26,"Demand":1,"DemandMax":null,"Value":702},{"Length":27,"Height":6,"Demand":1,"DemandMax":null,"Value":162},{"Length":35,"Height":7,"Demand":1,"DemandMax":null,"Value":245},{"Length":17,"Height":14,"Demand":1,"DemandMax":null,"Value":238},{"Length":14,"Height":23,"Demand":1,"DemandMax":null,"Value":322},{"Length":11,"Height":8,"Demand":1,"DemandMax":null,"Value":88},{"Length":4,"Height":21,"Demand":1,"DemandMax":null,"Value":84},{"Length":2,"Height":25,"Demand":1,"DemandMax":null,"Value":50},{"Length":23,"Height":28,"Demand":1,"DemandMax":null,"Value":644},{"Length":29,"Height":13,"Demand":1,"DemandMax":null,"Value":377},{"Length":28,"Height":12,"Demand":1,"DemandMax":null,"Value":336},{"Length":3,"Height":33,"Demand":1,"DemandMax":null,"Value":99},{"Length":21,"Height":24,"Demand":1,"DemandMax":null,"Value":504},{"Length":20,"Height":18,"Demand":1,"DemandMax":null,"Value":360},{"Length":20,"Height":22,"Demand":1,"DemandMax":null,"Value":440},{"Length":15,"Height":20,"Demand":1,"DemandMax":null,"Value":300},{"Length":15,"Height":9,"Demand":1,"DemandMax":null,"Value":135},{"Length":4,"Height":31,"Demand":1,"DemandMax":null,"Value":124},{"Length":12,"Height":1,"Demand":1,"DemandMax":null,"Value":12},{"Length":12,"Height":19,"Demand":1,"DemandMax":null,"Value":228},{"Length":24,"Height":24,"Demand":1,"DemandMax":null,"Value":576}]}