{"Name":"MB_C5_23","Objects":[{"Length":100,"Height":100,"Stock":null,"Cost":10000},{"Length":72,"Height":56,"Stock":null,"Cost":2838},{"Length":99,"Height":83,"Stock":null,"Cost":7860},{"Length":71,"Height":67,"Stock":null,"Cost":3708},{"Length":70,"Height":68,"Stock":null,"Cost":3712}],"Items":[{"Length":36,"Height":53,"Demand":1,"DemandMax":null,"Value":1908},{"Length":36,"Height":25,"Demand":1,"DemandMax":null,"Value":900},{"Length":43,"Height":97,"Demand":1,"DemandMax":null,"Value":4171},{"Length":78,"Height":59,"Demand":1,"DemandMax":null,"Value":4602},{"Length":97,"Height":32,"Demand":1,"DemandMax":null,"Value":3104},{"Length":89,"Height":73,"Demand":1,"DemandMax":null,"Value":6497},{"Length":75,"Height":70,"Demand":1,"DemandMax":null,"Value":5250},{"Length":13,"Height":45,"Demand":1,"DemandMax":null,"Value":585},{"Length":90,"Height":55,"Demand":1,"DemandMax":null,"Value":4950},{"Length":29,"Height":87,"Demand":1,"DemandMax":null,"Value":2523},{"Length":85,"Height":64,"Demand":1,"DemandMax":null,"Value":5440},{"Length":48,"Height":42,"Demand":1,"DemandMax":null,"Value":2016},{"Length":39,"Height":10,"Demand":1,"DemandMax":null,"Value":390},{"Length":13,"Height":89,"Demand":1,"DemandMax":null,"Value":1157},{"Length":61,"Height":36,"Demand":1,"DemandMax":null,"Value":2196},{"Length":4,"Height":39,"Demand":1,"DemandMax":null,"Value":156},{"Length":97,"Height":20,"Demand":1,"DemandMax":null,"Value":1940},{"Length":30,"Height":35,"Demand":1,"DemandMax":null,"Value":1050},{"Length":25,"Height":73,"Demand":1,"DemandMax":null,"Value":1825},{"Length":37,"Height":57,"Demand":1,"DemandMax":null,"Value":2109},{"Length":55,"Height":41,"Demand":1,"DemandMax":null,"Value":2255},{"Length":2,"Height":14,"Demand":1,"DemandMax":null,"Value":28},{"Length":33,"Height":99,"Demand":1,"DemandMax":null,"Value":3267},{"Length":36,"Height":52,"Demand":1,"DemandMax":null,"Value":1872},{"Length":35,"Height":60,"Demand":1,"DemandMax":null,"Value":2100},{"Length":84,"Height":47,"Demand":1,"DemandMax":null,"Value":3948},{"Length":73,"Height":68,"Demand":1,"DemandMax":null,"Value":4964},{"Length":24,"Height":12,"Demand":1,"DemandMax":null,"Value":288},{"Length":92,"Height":1,"Demand":1,"DemandMax":null,"Value":92},{"Length":66,"Height":91,"Demand":1,"DemandMax":null,"Value":6006},{"Length":68,"Height":70,"Demand":1,"DemandMax":null,"Value":4760},{"Length":55,"Height":61,"Demand":1,"DemandMax":null,"Value":3355},{"Length":14,"Height":20,"Demand":1,"DemandMax":null,"Value":280},{"Length":68,"Height":34,"Demand":1,"DemandMax":null,"Value":2312},{"Length":74,"Height":27,"Demand":1,"DemandMax":null,"Value":1998},{"Length":18,"Height":54,"Demand":1,"DemandMax":null,"Value":972},{"Length":25,"Height":4,"Demand":1,"DemandMax":null,"Value":100},{"Length":48,"Height":99,"Demand":1,"DemandMax":null,"Value":4752},{"Length":78,"Height":94,"Demand":1,"DemandMax":null,"Value":7332},{"Length":37,"Height":79,"Demand":1,"DemandMax":null,"Value":2923},{"Length":79,"Height":76,"Demand":1,"DemandMax":null,"Value":6004},{"Length":94,"Height":40,"Demand":1,"DemandMax":null,"Value":3760},{"Length":4,"Height":61,"Demand":1,"DemandMax":null,"Value":244},{"Length":65,"Height":59,"Demand":1,"DemandMax":null,"Value":3835},{"Length":66,"Height":92,"Demand":1,"DemandMax":null,"Value":6072},{"Length":28,"Height":48,"Demand":1,"DemandMax":null,"Value":1344},{"Length":8,"Height":48,"Demand":1,"DemandMax":null,"Value":384},{"Length":93,"Height":50,"Demand":1,"DemandMax":null,"Value":4650},{"Length":8,"Height":41,"Demand":1,"DemandMax":null,"Value":328},{"Length":6,"Height":43,"Demand":1,"DemandMax":null,"Value":258},{"Length":77,"Height":13,"Demand":1,"DemandMax":null,"Value":1001},{"Length":43,"Height":39,"Demand":1,"DemandMax":null,"Value":1677},{"Length":60,"Height":44,"Demand":1,"DemandMax":null,"Value":2640},{"Length":16,"Height":83,"Demand":1,"DemandMax":null,"Value":1328},{"Length":34,"Height":44,"Demand":1,"DemandMax":null,"Value":1496},{"Length":70,"Height":51,"Demand":1,"DemandMax":null,"Value":3570},{"Length":11,"Height":58,"Demand":1,"DemandMax":null,"Value":638},{"Length":81,"Height":55,"Demand":1,"DemandMax":null,"Value":4455},{"Length":35,"Height":63,"Demand":1,"DemandMax":null,"Value":2205},{"Length":62,"Height":39,"Demand":1,"DemandMax":null,"Value":2418}]}