{"Name":"MB_C9_25","Objects":[{"Length":100,"Height":100,"Stock":null,"Cost":10000},{"Length":71,"Height":50,"Stock":null,"Cost":2260},{"Length":68,"Height":61,"Stock":null,"Cost":2977},{"Length":66,"Height":53,"Stock":null,"Cost":2197},{"Length":64,"Height":90,"Stock":null,"Cost":4912}],"Items":[{"Length":12,"Height":78,"Demand":1,"DemandMax":null,"Value":936},{"Length":93,"Height":78,"Demand":1,"DemandMax":null,"Value":7254},{"Length":94,"Height":90,"Demand":1,"DemandMax":null,"Value":8460},{"Length":83,"Height":97,"Demand":1,"DemandMax":null,"Value":8051},{"Length":54,"Height":65,"Demand":1,"DemandMax":null,"Value":3510},{"Length":77,"Height":92,"Demand":1,"DemandMax":null,"Value":7084},{"Length":93,"Height":94,"Demand":1,"DemandMax":null,"Value":8742},{"Length":72,"Height":65,"Demand":1,"DemandMax":null,"Value":4680},{"Length":59,"Height":75,"Demand":1,"DemandMax":null,"Value":4425},{"Length":71,"Height":67,"Demand":1,"DemandMax":null,"Value":4757},{"Length":53,"Height":59,"Demand":1,"DemandMax":null,"Value":3127},{"Length":73,"Height":97,"Demand":1,"DemandMax":null,"Value":7081},{"Length":75,"Height":97,"Demand":1,"DemandMax":null,"Value":7275},{"Length":78,"Height":53,"Demand":1,"DemandMax":null,"Value":4134},{"Length":76,"Height":87,"Demand":1,"DemandMax":null,"Value":6612},{"Length":86,"Height":89,"Demand":1,"DemandMax":null,"Value":7654},{"Length":53,"Height":80,"Demand":1,"DemandMax":null,"Value":4240},{"Length":97,"Height":52,"Demand":1,"DemandMax":null,"Value":5044},{"Length":10,"Height":84,"Demand":1,"DemandMax":null,"Value":840},{"Length":11,"Height":44,"Demand":1,"DemandMax":null,"Value":484},{"Length":93,"Height":75,"Demand":1,"DemandMax":null,"Value":6975},{"Length":84,"Height":13,"Demand":1,"DemandMax":null,"Value":1092},{"Length":54,"Height":76,"Demand":1,"DemandMax":null,"Value":4104},{"Length":97,"Height":59,"Demand":1,"DemandMax":null,"Value":5723},{"Length":97,"Height":32,"Demand":1,"DemandMax":null,"Value":3104},{"Length":68,"Height":85,"Demand":1,"DemandMax":null,"Value":5780},{"Length":62,"Height":89,"Demand":1,"DemandMax":null,"Value":5518},{"Length":44,"Height":92,"Demand":1,"DemandMax":null,"Value":4048},{"Length":8,"Height":100,"Demand":1,"DemandMax":null,"Value":800},{"Length":72,"Height":68,"Demand":1,"DemandMax":null,"Value":4896},{"Length":81,"Height":62,"Demand":1,"DemandMax":null,"Value":5022},{"Length":52,"Height":77,"Demand":1,"DemandMax":null,"Value":4004},{"Length":82,"Height":79,"Demand":1,"DemandMax":null,"Value":6478},{"Length":37,"Height":75,"Demand":1,"DemandMax":null,"Value":2775},{"Length":12,"Height":99,"Demand":1,"DemandMax":null,"Value":1188},{"Length":82,"Height":28,"Demand":1,"DemandMax":null,"Value":2296},{"Length":68,"Height":70,"Demand":1,"DemandMax":null,"Value":4760},{"Length":63,"Height":70,"Demand":1,"DemandMax":null,"Value":4410},{"Length":53,"Height":96,"Demand":1,"DemandMax":null,"Value":5088},{"Length":7,"Height":94,"Demand":1,"DemandMax":null,"Value":658},{"Length":66,"Height":73,"Demand":1,"DemandMax":null,"Value":4818},{"Length":51,"Height":89,"Demand":1,"DemandMax":null,"Value":4539},{"Length":57,"Height":54,"Demand":1,"DemandMax":null,"Value":3078},{"Length":66,"Height":15,"Demand":1,"DemandMax":null,"Value":990},{"Length":76,"Height":88,"Demand":1,"DemandMax":null,"Value":6688},{"Length":3,"Height":79,"Demand":1,"DemandMax":null,"Value":237},{"Length":73,"Height":75,"Demand":1,"DemandMax":null,"Value":5475},{"Length":56,"Height":50,"Demand":1,"DemandMax":null,"Value":2800},{"Length":98,"Height":64,"Demand":1,"DemandMax":null,"Value":6272},{"Length":63,"Height":60,"Demand":1,"DemandMax":null,"Value":3780},{"Length":100,"Height":57,"Demand":1,"DemandMax":null,"Value":5700},{"Length":24,"Height":99,"Demand":1,"DemandMax":null,"Value":2376},{"Length":31,"Height":3,"Demand":1,"DemandMax":null,"Value":93},{"Length":91,"Height":15,"Demand":1,"DemandMax":null,"Value":1365},{"Length":89,"Height":51,"Demand":1,"DemandMax":null,"Value":4539},{"Length":53,"Height":57,"Demand":1,"DemandMax":null,"Value":3021},{"Length":75,"Height":52,"Demand":1,"DemandMax":null,"Value":3900},{"Length":81,"Height":30,"Demand":1,"DemandMax":null,"Value":2430},{"Length":39,"Height":7,"Demand":1,"DemandMax":null,"Value":273},{"Length":45,"Height":29,"Demand":1,"DemandMax":null,"Value":1305}]}