{"Name":"MB_C3_45","Objects":[{"Length":40,"Height":40,"Stock":null,"Cost":1600},{"Length":24,"Height":29,"Stock":null,"Cost":515},{"Length":30,"Height":36,"Stock":null,"Cost":975},{"Length":33,"Height":32,"Stock":null,"Cost":947},{"Length":32,"Height":25,"Stock":null,"Cost":640}],"Items":[{"Length":30,"Height":3,"Demand":1,"DemandMax":null,"Value":90},{"Length":30,"Height":2,"Demand":1,"DemandMax":null,"Value":60},{"Length":15,"Height":19,"Demand":1,"DemandMax":null,"Value":285},{"Length":28,"Height":15,"Demand":1,"DemandMax":null,"Value":420},{"Length":18,"Height":32,"Demand":1,"DemandMax":null,"Value":576},{"Length":15,"Height":21,"Demand":1,"DemandMax":null,"Value":315},{"Length":29,"Height":12,"Demand":1,"DemandMax":null,"Value":348},{"Length":7,"Height":12,"Demand":1,"DemandMax":null,"Value":84},{"Length":17,"Height":7,"Demand":1,"DemandMax":null,"Value":119},{"Length":31,"Height":28,"Demand":1,"DemandMax":null,"Value":868},{"Length":34,"Height":11,"Demand":1,"DemandMax":null,"Value":374},{"Length":21,"Height":13,"Demand":1,"DemandMax":null,"Value":273},{"Length":1,"Height":28,"Demand":1,"DemandMax":null,"Value":28},{"Length":27,"Height":30,"Demand":1,"DemandMax":null,"Value":810},{"Length":27,"Height":3,"Demand":1,"DemandMax":null,"Value":81},{"Length":8,"Height":13,"Demand":1,"DemandMax":null,"Value":104},{"Length":23,"Height":33,"Demand":1,"DemandMax":null,"Value":759},{"Length":35,"Height":13,"Demand":1,"DemandMax":null,"Value":455},{"Length":16,"Height":18,"Demand":1,"DemandMax":null,"Value":288},{"Length":21,"Height":21,"Demand":1,"DemandMax":null,"Value":441},{"Length":10,"Height":7,"Demand":1,"DemandMax":null,"Value":70},{"Length":27,"Height":7,"Demand":1,"DemandMax":null,"Value":189},{"Length":21,"Height":29,"Demand":1,"DemandMax":null,"Value":609},{"Length":22,"Height":21,"Demand":2,"DemandMax":null,"Value":462},{"Length":5,"Height":16,"Demand":1,"DemandMax":null,"Value":80},{"Length":2,"Height":20,"Demand":1,"DemandMax":null,"Value":40},{"Length":20,"Height":9,"Demand":1,"DemandMax":null,"Value":180},{"Length":26,"Height":32,"Demand":1,"DemandMax":null,"Value":832},{"Length":18,"Height":3,"Demand":1,"DemandMax":null,"Value":54},{"Length":2,"Height":22,"Demand":1,"DemandMax":null,"Value":44},{"Length":32,"Height":28,"Demand":1,"DemandMax":null,"Value":896},{"Length":1,"Height":5,"Demand":1,"DemandMax":null,"Value":5},{"Length":20,"Height":20,"Demand":1,"DemandMax":null,"Value":400},{"Length":5,"Height":9,"Demand":1,"DemandMax":null,"Value":45},{"Length":21,"Height":27,"Demand":1,"DemandMax":null,"Value":567},{"Length":6,"Height":2,"Demand":1,"DemandMax":null,"Value":12},{"Length":15,"Height":9,"Demand":1,"DemandMax":null,"Value":135},{"Length":9,"Height":34,"Demand":1,"DemandMax":null,"Value":306},{"Length":29,"Height":3,"Demand":1,"DemandMax":null,"Value":87},{"Length":27,"Height":29,"Demand":1,"DemandMax":null,"Value":783},{"Length":33,"Height":25,"Demand":1,"DemandMax":null,"Value":825},{"Length":19,"Height":24,"Demand":1,"DemandMax":null,"Value":456},{"Length":6,"Height":33,"Demand":1,"DemandMax":null,"Value":198},{"Length":24,"Height":1,"Demand":1,"DemandMax":null,"Value":24},{"Length":12,"Height":30,"Demand":1,"DemandMax":null,"Value":360},{"Length":22,"Height":22,"Demand":1,"DemandMax":null,"Value":484},{"Length":18,"Height":31,"Demand":1,"DemandMax":null,"Value":558},{"Length":6,"Height":20,"Demand":1,"DemandMax":null,"Value":120},{"Length":6,"Height":30,"Demand":1,"DemandMax":null,"Value":180},{"Length":13,"Height":11,"Demand":1,"DemandMax":null,"Value":143},{"Length":2,"Height":29,"Demand":1,"DemandMax":null,"Value":58},{"Length":26,"Height":23,"Demand":1,"DemandMax":null,"Value":598},{"Length":11,"Height":10,"Demand":1,"DemandMax":null,"Value":110},{"Length":35,"Height":24,"Demand":1,"DemandMax":null,"Value":840},{"Length":13,"Height":35,"Demand":1,"DemandMax":null,"Value":455},{"Length":10,"Height":29,"Demand":1,"DemandMax":null,"Value":290},{"Length":35,"Height":2,"Demand":1,"DemandMax":null,"Value":70},{"Length":2,"Height":32,"Demand":1,"DemandMax":null,"Value":64},{"Length":12,"Height":33,"Demand":1,"DemandMax":null,"Value":396},{"Length":3,"Height":1,"Demand":1,"DemandMax":null,"Value":3},{"Length":29,"Height":13,"Demand":1,"DemandMax":null,"Value":377},{"Length":16,"Height":21,"Demand":1,"DemandMax":null,"Value":336},{"Length":7,"Height":18,"Demand":1,"DemandMax":null,"Value":126},{"Length":22,"Height":14,"Demand":1,"DemandMax":null,"Value":308},{"Length":21,"Height":28,"Demand":1,"DemandMax":null,"Value":588},{"Length":13,"Height":21,"Demand":1,"DemandMax":null,"Value":273},{"Length":17,"Height":35,"Demand":1,"DemandMax":null,"Value":595},{"Length":29,"Height":20,"Demand":1,"DemandMax":null,"Value":580},{"Length":22,"Height":8,"Demand":1,"DemandMax":null,"Value":176},{"Length":15,"Height":5,"Demand":1,"DemandMax":null,"Value":75},{"Length":4,"Height":32,"Demand":1,"DemandMax":null,"Value":128},{"Length":32,"Height":14,"Demand":1,"DemandMax":null,"Value":448},{"Length":14,"Height":30,"Demand":1,"DemandMax":null,"Value":420},{"Length":16,"Height":28,"Demand":1,"DemandMax":null,"Value":448},{"Length":10,"Height":5,"Demand":1,"DemandMax":null,"Value":50},{"Length":16,"Height":4,"Demand":1,"DemandMax":null,"Value":64},{"Length":30,"Height":9,"Demand":1,"DemandMax":null,"Value":270},{"Length":24,"Height":15,"Demand":1,"DemandMax":null,"Value":360},{"Length":19,"Height":32,"Demand":1,"DemandMax":null,"Value":608},{"Length":11,"Height":9,"Demand":1,"DemandMax":null,"Value":99},{"Length":6,"Height":11,"Demand":1,"DemandMax":null,"Value":66},{"Length":25,"Height":11,"Demand":1,"DemandMax":null,"Value":275},{"Length":29,"Height":28,"Demand":1,"DemandMax":null,"Value":812},{"Length":25,"Height":25,"Demand":1,"DemandMax":null,"Value":625},{"Length":33,"Height":8,"Demand":2,"DemandMax":null,"Value":264},{"Length":14,"Height":33,"Demand":1,"DemandMax":null,"Value":462},{"Length":10,"Height":24,"Demand":1,"DemandMax":null,"Value":240},{"Length":7,"Height":26,"Demand":1,"DemandMax":null,"Value":182},{"Length":1,"Height":22,"Demand":1,"DemandMax":null,"Value":22},{"Length":19,"Height":28,"Demand":1,"DemandMax":null,"Value":532},{"Length":25,"Height":30,"Demand":1,"DemandMax":null,"Value":750},{"Length":23,"Height":11,"Demand":1,"DemandMax":null,"Value":253},{"Length":33,"Height":14,"Demand":1,"DemandMax":null,"Value":462},{"Length":16,"Height":23,"Demand":1,"DemandMax":null,"Value":368},{"Length":15,"Height":34,"Demand":1,"DemandMax":null,"Value":510},{"Length":14,"Height":20,"Demand":1,"DemandMax":null,"Value":280},{"Length":9,"Height":35,"Demand":1,"DemandMax":null,"Value":315},{"Length":8,"Height":6,"Demand":1,"DemandMax":null,"Value":48}]}