{"Name":"MB_C7_7","Objects":[{"Length":100,"Height":100,"Stock":null,"Cost":10000},{"Length":98,"Height":87,"Stock":null,"Cost":8231},{"Length":82,"Height":84,"Stock":null,"Cost":6265},{"Length":61,"Height":73,"Stock":null,"Cost":3343},{"Length":85,"Height":86,"Stock":null,"Cost":6772}],"Items":[{"Length":48,"Height":67,"Demand":1,"DemandMax":null,"Value":3216},{"Length":35,"Height":11,"Demand":1,"DemandMax":null,"Value":385},{"Length":16,"Height":96,"Demand":1,"DemandMax":null,"Value":1536},{"Length":10,"Height":98,"Demand":1,"DemandMax":null,"Value":980},{"Length":12,"Height":92,"Demand":1,"DemandMax":null,"Value":1104},{"Length":39,"Height":11,"Demand":1,"DemandMax":null,"Value":429},{"Length":35,"Height":90,"Demand":1,"DemandMax":null,"Value":3150},{"Length":20,"Height":68,"Demand":1,"DemandMax":null,"Value":1360},{"Length":37,"Height":35,"Demand":1,"DemandMax":null,"Value":1295},{"Length":4,"Height":82,"Demand":1,"DemandMax":null,"Value":328},{"Length":16,"Height":92,"Demand":1,"DemandMax":null,"Value":1472},{"Length":41,"Height":80,"Demand":1,"DemandMax":null,"Value":3280},{"Length":24,"Height":96,"Demand":1,"DemandMax":null,"Value":2304},{"Length":32,"Height":99,"Demand":1,"DemandMax":null,"Value":3168},{"Length":9,"Height":67,"Demand":1,"DemandMax":null,"Value":603},{"Length":25,"Height":66,"Demand":1,"DemandMax":null,"Value":1650},{"Length":22,"Height":75,"Demand":1,"DemandMax":null,"Value":1650},{"Length":21,"Height":89,"Demand":1,"DemandMax":null,"Value":1869},{"Length":74,"Height":29,"Demand":1,"DemandMax":null,"Value":2146},{"Length":19,"Height":43,"Demand":1,"DemandMax":null,"Value":817}]}