{"Name":"MB_C10_15","Objects":[{"Length":100,"Height":100,"Stock":null,"Cost":10000},{"Length":83,"Height":54,"Stock":null,"Cost":3378},{"Length":56,"Height":96,"Stock":null,"Cost":4451},{"Length":81,"Height":95,"Stock":null,"Cost":7234},{"Length":54,"Height":65,"Stock":null,"Cost":2212}],"Items":[{"Length":39,"Height":25,"Demand":1,"DemandMax":null,"Value":975},{"Length":6,"Height":15,"Demand":1,"DemandMax":null,"Value":90},{"Length":48,"Height":37,"Demand":1,"DemandMax":null,"Value":1776},{"Length":10,"Height":9,"Demand":1,"DemandMax":null,"Value":90},{"Length":10,"Height":26,"Demand":1,"DemandMax":null,"Value":260},{"Length":42,"Height":6,"Demand":1,"DemandMax":null,"Value":252},{"Length":25,"Height":44,"Demand":1,"DemandMax":null,"Value":1100},{"Length":51,"Height":56,"Demand":1,"DemandMax":null,"Value":2856},{"Length":42,"Height":39,"Demand":1,"DemandMax":null,"Value":1638},{"Length":40,"Height":10,"Demand":1,"DemandMax":null,"Value":400},{"Length":13,"Height":12,"Demand":1,"DemandMax":null,"Value":156},{"Length":69,"Height":16,"Demand":1,"DemandMax":null,"Value":1104},{"Length":37,"Height":13,"Demand":1,"DemandMax":null,"Value":481},{"Length":50,"Height":24,"Demand":1,"DemandMax":null,"Value":1200},{"Length":13,"Height":42,"Demand":1,"DemandMax":null,"Value":546},{"Length":80,"Height":36,"Demand":1,"DemandMax":null,"Value":2880},{"Length":43,"Height":49,"Demand":1,"DemandMax":null,"Value":2107},{"Length":21,"Height":1,"Demand":1,"DemandMax":null,"Value":21},{"Length":25,"Height":34,"Demand":1,"DemandMax":null,"Value":850},{"Length":48,"Height":18,"Demand":1,"DemandMax":null,"Value":864},{"Length":10,"Height":47,"Demand":1,"DemandMax":null,"Value":470},{"Length":68,"Height":39,"Demand":1,"DemandMax":null,"Value":2652},{"Length":99,"Height":38,"Demand":1,"DemandMax":null,"Value":3762},{"Length":37,"Height":12,"Demand":1,"DemandMax":null,"Value":444},{"Length":39,"Height":6,"Demand":1,"DemandMax":null,"Value":234},{"Length":48,"Height":39,"Demand":1,"DemandMax":null,"Value":1872},{"Length":33,"Height":67,"Demand":1,"DemandMax":null,"Value":2211},{"Length":38,"Height":18,"Demand":2,"DemandMax":null,"Value":684},{"Length":30,"Height":27,"Demand":1,"DemandMax":null,"Value":810},{"Length":5,"Height":50,"Demand":1,"DemandMax":null,"Value":250},{"Length":80,"Height":79,"Demand":1,"DemandMax":null,"Value":6320},{"Length":50,"Height":35,"Demand":1,"DemandMax":null,"Value":1750},{"Length":33,"Height":10,"Demand":1,"DemandMax":null,"Value":330},{"Length":23,"Height":23,"Demand":1,"DemandMax":null,"Value":529},{"Length":24,"Height":14,"Demand":1,"DemandMax":null,"Value":336},{"Length":98,"Height":4,"Demand":1,"DemandMax":null,"Value":392},{"Length":2,"Height":71,"Demand":1,"DemandMax":null,"Value":142},{"Length":58,"Height":68,"Demand":1,"DemandMax":null,"Value":3944},{"Length":58,"Height":54,"Demand":1,"DemandMax":null,"Value":3132}]}