{"Name":"MB_C8_39","Objects":[{"Length":100,"Height":100,"Stock":null,"Cost":10000},{"Length":85,"Height":69,"Stock":null,"Cost":5038},{"Length":61,"Height":82,"Stock":null,"Cost":4002},{"Length":59,"Height":82,"Stock":null,"Cost":3805},{"Length":58,"Height":57,"Stock":null,"Cost":1967}],"Items":[{"Length":94,"Height":27,"Demand":1,"DemandMax":null,"Value":2538},{"Length":99,"Height":15,"Demand":1,"DemandMax":null,"Value":1485},{"Length":69,"Height":10,"Demand":1,"DemandMax":null,"Value":690},{"Length":70,"Height":31,"Demand":1,"DemandMax":null,"Value":2170},{"Length":80,"Height":21,"Demand":1,"DemandMax":null,"Value":1680},{"Length":96,"Height":49,"Demand":1,"DemandMax":null,"Value":4704},{"Length":94,"Height":10,"Demand":1,"DemandMax":null,"Value":940},{"Length":71,"Height":21,"Demand":1,"DemandMax":null,"Value":1491},{"Length":14,"Height":26,"Demand":1,"DemandMax":null,"Value":364},{"Length":66,"Height":45,"Demand":1,"DemandMax":null,"Value":2970},{"Length":39,"Height":80,"Demand":1,"DemandMax":null,"Value":3120},{"Length":22,"Height":22,"Demand":1,"DemandMax":null,"Value":484},{"Length":77,"Height":43,"Demand":1,"DemandMax":null,"Value":3311},{"Length":79,"Height":3,"Demand":1,"DemandMax":null,"Value":237},{"Length":99,"Height":44,"Demand":1,"DemandMax":null,"Value":4356},{"Length":98,"Height":36,"Demand":1,"DemandMax":null,"Value":3528},{"Length":88,"Height":22,"Demand":1,"DemandMax":null,"Value":1936},{"Length":1,"Height":22,"Demand":1,"DemandMax":null,"Value":22},{"Length":79,"Height":28,"Demand":1,"DemandMax":null,"Value":2212},{"Length":88,"Height":11,"Demand":1,"DemandMax":null,"Value":968},{"Length":72,"Height":13,"Demand":1,"DemandMax":null,"Value":936},{"Length":93,"Height":52,"Demand":1,"DemandMax":null,"Value":4836},{"Length":3,"Height":25,"Demand":1,"DemandMax":null,"Value":75},{"Length":87,"Height":48,"Demand":1,"DemandMax":null,"Value":4176},{"Length":48,"Height":15,"Demand":1,"DemandMax":null,"Value":720},{"Length":47,"Height":45,"Demand":1,"DemandMax":null,"Value":2115},{"Length":98,"Height":33,"Demand":1,"DemandMax":null,"Value":3234},{"Length":94,"Height":46,"Demand":1,"DemandMax":null,"Value":4324},{"Length":99,"Height":29,"Demand":1,"DemandMax":null,"Value":2871},{"Length":74,"Height":49,"Demand":1,"DemandMax":null,"Value":3626},{"Length":67,"Height":2,"Demand":1,"DemandMax":null,"Value":134},{"Length":74,"Height":6,"Demand":1,"DemandMax":null,"Value":444},{"Length":73,"Height":4,"Demand":1,"DemandMax":null,"Value":292},{"Length":40,"Height":15,"Demand":1,"DemandMax":null,"Value":600},{"Length":21,"Height":89,"Demand":1,"DemandMax":null,"Value":1869},{"Length":96,"Height":77,"Demand":1,"DemandMax":null,"Value":7392},{"Length":89,"Height":41,"Demand":1,"DemandMax":null,"Value":3649},{"Length":79,"Height":93,"Demand":1,"DemandMax":null,"Value":7347},{"Length":100,"Height":27,"Demand":1,"DemandMax":null,"Value":2700},{"Length":91,"Height":60,"Demand":1,"DemandMax":null,"Value":5460},{"Length":79,"Height":40,"Demand":1,"DemandMax":null,"Value":3160},{"Length":80,"Height":82,"Demand":1,"DemandMax":null,"Value":6560},{"Length":94,"Height":31,"Demand":1,"DemandMax":null,"Value":2914},{"Length":48,"Height":69,"Demand":1,"DemandMax":null,"Value":3312},{"Length":77,"Height":50,"Demand":1,"DemandMax":null,"Value":3850},{"Length":95,"Height":33,"Demand":1,"DemandMax":null,"Value":3135},{"Length":96,"Height":48,"Demand":1,"DemandMax":null,"Value":4608},{"Length":76,"Height":13,"Demand":1,"DemandMax":null,"Value":988},{"Length":75,"Height":72,"Demand":1,"DemandMax":null,"Value":5400},{"Length":77,"Height":46,"Demand":1,"DemandMax":null,"Value":3542},{"Length":9,"Height":83,"Demand":1,"DemandMax":null,"Value":747},{"Length":97,"Height":31,"Demand":1,"DemandMax":null,"Value":3007},{"Length":96,"Height":56,"Demand":1,"DemandMax":null,"Value":5376},{"Length":67,"Height":20,"Demand":1,"DemandMax":null,"Value":1340},{"Length":90,"Height":15,"Demand":1,"DemandMax":null,"Value":1350},{"Length":37,"Height":73,"Demand":1,"DemandMax":null,"Value":2701},{"Length":28,"Height":66,"Demand":1,"DemandMax":null,"Value":1848},{"Length":100,"Height":6,"Demand":1,"DemandMax":null,"Value":600},{"Length":81,"Height":16,"Demand":1,"DemandMax":null,"Value":1296},{"Length":94,"Height":3,"Demand":1,"DemandMax":null,"Value":282},{"Length":80,"Height":9,"Demand":1,"DemandMax":null,"Value":720},{"Length":71,"Height":3,"Demand":1,"DemandMax":null,"Value":213},{"Length":22,"Height":86,"Demand":1,"DemandMax":null,"Value":1892},{"Length":69,"Height":6,"Demand":1,"DemandMax":null,"Value":414},{"Length":84,"Height":28,"Demand":1,"DemandMax":null,"Value":2352},{"Length":86,"Height":12,"Demand":1,"DemandMax":null,"Value":1032},{"Length":89,"Height":4,"Demand":1,"DemandMax":null,"Value":356},{"Length":32,"Height":80,"Demand":1,"DemandMax":null,"Value":2560},{"Length":44,"Height":71,"Demand":1,"DemandMax":null,"Value":3124},{"Length":12,"Height":33,"Demand":1,"DemandMax":null,"Value":396},{"Length":56,"Height":90,"Demand":1,"DemandMax":null,"Value":5040},{"Length":20,"Height":48,"Demand":1,"DemandMax":null,"Value":960},{"Length":81,"Height":50,"Demand":1,"DemandMax":null,"Value":4050},{"Length":6,"Height":16,"Demand":1,"DemandMax":null,"Value":96},{"Length":41,"Height":92,"Demand":1,"DemandMax":null,"Value":3772},{"Length":20,"Height":37,"Demand":1,"DemandMax":null,"Value":740},{"Length":74,"Height":4,"Demand":1,"DemandMax":null,"Value":296},{"Length":74,"Height":10,"Demand":1,"DemandMax":null,"Value":740},{"Length":91,"Height":48,"Demand":1,"DemandMax":null,"Value":4368},{"Length":87,"Height":37,"Demand":1,"DemandMax":null,"Value":3219}]}