{"Name":"MB_C3_2","Objects":[{"Length":40,"Height":40,"Stock":null,"Cost":1600},{"Length":26,"Height":28,"Stock":null,"Cost":553},{"Length":33,"Height":20,"Stock":null,"Cost":472},{"Length":36,"Height":26,"Stock":null,"Cost":803},{"Length":26,"Height":22,"Stock":null,"Cost":366}],"Items":[{"Length":6,"Height":7,"Demand":2,"DemandMax":null,"Value":42},{"Length":25,"Height":18,"Demand":1,"DemandMax":null,"Value":450},{"Length":4,"Height":34,"Demand":1,"DemandMax":null,"Value":136},{"Length":9,"Height":3,"Demand":1,"DemandMax":null,"Value":27},{"Length":12,"Height":26,"Demand":1,"DemandMax":null,"Value":312},{"Length":32,"Height":8,"Demand":1,"DemandMax":null,"Value":256},{"Length":31,"Height":1,"Demand":1,"DemandMax":null,"Value":31},{"Length":17,"Height":2,"Demand":1,"DemandMax":null,"Value":34},{"Length":9,"Height":19,"Demand":1,"DemandMax":null,"Value":171},{"Length":3,"Height":1,"Demand":1,"DemandMax":null,"Value":3},{"Length":7,"Height":14,"Demand":1,"DemandMax":null,"Value":98},{"Length":6,"Height":32,"Demand":1,"DemandMax":null,"Value":192},{"Length":30,"Height":3,"Demand":1,"DemandMax":null,"Value":90},{"Length":17,"Height":29,"Demand":1,"DemandMax":null,"Value":493},{"Length":22,"Height":12,"Demand":1,"DemandMax":null,"Value":264},{"Length":11,"Height":10,"Demand":1,"DemandMax":null,"Value":110},{"Length":23,"Height":29,"Demand":1,"DemandMax":null,"Value":667},{"Length":2,"Height":13,"Demand":1,"DemandMax":null,"Value":26},{"Length":25,"Height":29,"Demand":1,"DemandMax":null,"Value":725}]}