{"Name":"MB_C9_10","Objects":[{"Length":100,"Height":100,"Stock":null,"Cost":10000},{"Length":85,"Height":58,"Stock":null,"Cost":3915},{"Length":94,"Height":89,"Stock":null,"Cost":8039},{"Length":88,"Height":90,"Stock":null,"Cost":7504},{"Length":61,"Height":80,"Stock":null,"Cost":3856}],"Items":[{"Length":39,"Height":25,"Demand":1,"DemandMax":null,"Value":975},{"Length":55,"Height":64,"Demand":1,"DemandMax":null,"Value":3520},{"Length":48,"Height":37,"Demand":1,"DemandMax":null,"Value":1776},{"Length":59,"Height":58,"Demand":1,"DemandMax":null,"Value":3422},{"Length":59,"Height":76,"Demand":1,"DemandMax":null,"Value":4484},{"Length":42,"Height":6,"Demand":1,"DemandMax":null,"Value":252},{"Length":74,"Height":94,"Demand":1,"DemandMax":null,"Value":6956},{"Length":51,"Height":56,"Demand":1,"DemandMax":null,"Value":2856},{"Length":92,"Height":89,"Demand":1,"DemandMax":null,"Value":8188},{"Length":90,"Height":59,"Demand":1,"DemandMax":null,"Value":5310},{"Length":62,"Height":61,"Demand":1,"DemandMax":null,"Value":3782},{"Length":69,"Height":16,"Demand":1,"DemandMax":null,"Value":1104},{"Length":86,"Height":63,"Demand":1,"DemandMax":null,"Value":5418},{"Length":100,"Height":74,"Demand":1,"DemandMax":null,"Value":7400},{"Length":13,"Height":42,"Demand":1,"DemandMax":null,"Value":546},{"Length":80,"Height":36,"Demand":1,"DemandMax":null,"Value":2880},{"Length":43,"Height":49,"Demand":1,"DemandMax":null,"Value":2107},{"Length":70,"Height":50,"Demand":1,"DemandMax":null,"Value":3500},{"Length":74,"Height":84,"Demand":1,"DemandMax":null,"Value":6216},{"Length":98,"Height":68,"Demand":1,"DemandMax":null,"Value":6664}]}