{"Name":"MB_C7_21","Objects":[{"Length":100,"Height":100,"Stock":null,"Cost":10000},{"Length":64,"Height":54,"Stock":null,"Cost":2147},{"Length":79,"Height":80,"Stock":null,"Cost":5584},{"Length":55,"Height":62,"Stock":null,"Cost":2091},{"Length":54,"Height":84,"Stock":null,"Cost":3443}],"Items":[{"Length":32,"Height":85,"Demand":1,"DemandMax":null,"Value":2720},{"Length":26,"Height":25,"Demand":1,"DemandMax":null,"Value":650},{"Length":32,"Height":93,"Demand":1,"DemandMax":null,"Value":2976},{"Length":46,"Height":96,"Demand":1,"DemandMax":null,"Value":4416},{"Length":36,"Height":86,"Demand":1,"DemandMax":null,"Value":3096},{"Length":97,"Height":16,"Demand":1,"DemandMax":null,"Value":1552},{"Length":42,"Height":98,"Demand":1,"DemandMax":null,"Value":4116},{"Length":21,"Height":94,"Demand":1,"DemandMax":null,"Value":1974},{"Length":1,"Height":94,"Demand":1,"DemandMax":null,"Value":94},{"Length":83,"Height":19,"Demand":1,"DemandMax":null,"Value":1577},{"Length":14,"Height":76,"Demand":1,"DemandMax":null,"Value":1064},{"Length":8,"Height":100,"Demand":1,"DemandMax":null,"Value":800},{"Length":29,"Height":76,"Demand":1,"DemandMax":null,"Value":2204},{"Length":19,"Height":88,"Demand":1,"DemandMax":null,"Value":1672},{"Length":47,"Height":96,"Demand":1,"DemandMax":null,"Value":4512},{"Length":70,"Height":20,"Demand":1,"DemandMax":null,"Value":1400},{"Length":78,"Height":2,"Demand":1,"DemandMax":null,"Value":156},{"Length":23,"Height":72,"Demand":1,"DemandMax":null,"Value":1656},{"Length":42,"Height":36,"Demand":1,"DemandMax":null,"Value":1512},{"Length":17,"Height":66,"Demand":1,"DemandMax":null,"Value":1122},{"Length":18,"Height":99,"Demand":1,"DemandMax":null,"Value":1782},{"Length":39,"Height":98,"Demand":1,"DemandMax":null,"Value":3822},{"Length":48,"Height":40,"Demand":1,"DemandMax":null,"Value":1920},{"Length":39,"Height":97,"Demand":1,"DemandMax":null,"Value":3783},{"Length":80,"Height":57,"Demand":1,"DemandMax":null,"Value":4560},{"Length":17,"Height":98,"Demand":1,"DemandMax":null,"Value":1666},{"Length":16,"Height":68,"Demand":1,"DemandMax":null,"Value":1088},{"Length":22,"Height":66,"Demand":1,"DemandMax":null,"Value":1452},{"Length":5,"Height":85,"Demand":1,"DemandMax":null,"Value":425},{"Length":6,"Height":71,"Demand":1,"DemandMax":null,"Value":426},{"Length":97,"Height":31,"Demand":1,"DemandMax":null,"Value":3007},{"Length":18,"Height":77,"Demand":1,"DemandMax":null,"Value":1386},{"Length":90,"Height":60,"Demand":1,"DemandMax":null,"Value":5400},{"Length":56,"Height":80,"Demand":1,"DemandMax":null,"Value":4480},{"Length":37,"Height":79,"Demand":2,"DemandMax":null,"Value":2923},{"Length":24,"Height":98,"Demand":1,"DemandMax":null,"Value":2352},{"Length":37,"Height":69,"Demand":1,"DemandMax":null,"Value":2553},{"Length":20,"Height":76,"Demand":1,"DemandMax":null,"Value":1520},{"Length":40,"Height":79,"Demand":1,"DemandMax":null,"Value":3160},{"Length":93,"Height":86,"Demand":1,"DemandMax":null,"Value":7998},{"Length":98,"Height":11,"Demand":1,"DemandMax":null,"Value":1078},{"Length":44,"Height":73,"Demand":1,"DemandMax":null,"Value":3212},{"Length":5,"Height":87,"Demand":1,"DemandMax":null,"Value":435},{"Length":73,"Height":88,"Demand":1,"DemandMax":null,"Value":6424},{"Length":17,"Height":85,"Demand":1,"DemandMax":null,"Value":1445},{"Length":30,"Height":78,"Demand":1,"DemandMax":null,"Value":2340},{"Length":32,"Height":68,"Demand":1,"DemandMax":null,"Value":2176},{"Length":15,"Height":67,"Demand":1,"DemandMax":null,"Value":1005},{"Length":49,"Height":70,"Demand":1,"DemandMax":null,"Value":3430},{"Length":77,"Height":88,"Demand":1,"DemandMax":null,"Value":6776},{"Length":20,"Height":92,"Demand":1,"DemandMax":null,"Value":1840},{"Length":19,"Height":84,"Demand":1,"DemandMax":null,"Value":1596},{"Length":43,"Height":99,"Demand":1,"DemandMax":null,"Value":4257},{"Length":20,"Height":90,"Demand":1,"DemandMax":null,"Value":1800},{"Length":34,"Height":75,"Demand":1,"DemandMax":null,"Value":2550},{"Length":49,"Height":66,"Demand":1,"DemandMax":null,"Value":3234},{"Length":8,"Height":74,"Demand":1,"DemandMax":null,"Value":592},{"Length":87,"Height":44,"Demand":1,"DemandMax":null,"Value":3828},{"Length":11,"Height":74,"Demand":1,"DemandMax":null,"Value":814}]}