{"Name":"MB_C2_15","Objects":[{"Length":30,"Height":30,"Stock":null,"Cost":900},{"Length":18,"Height":26,"Stock":null,"Cost":381},{"Length":22,"Height":21,"Stock":null,"Cost":374},{"Length":23,"Height":28,"Stock":null,"Cost":592},{"Length":22,"Height":26,"Stock":null,"Cost":506}],"Items":[{"Length":10,"Height":8,"Demand":3,"DemandMax":null,"Value":80},{"Length":5,"Height":6,"Demand":1,"DemandMax":null,"Value":30},{"Length":2,"Height":3,"Demand":1,"DemandMax":null,"Value":6},{"Length":10,"Height":10,"Demand":1,"DemandMax":null,"Value":100},{"Length":8,"Height":8,"Demand":1,"DemandMax":null,"Value":64},{"Length":2,"Height":2,"Demand":1,"DemandMax":null,"Value":4},{"Length":6,"Height":2,"Demand":2,"DemandMax":null,"Value":12},{"Length":6,"Height":10,"Demand":1,"DemandMax":null,"Value":60},{"Length":9,"Height":2,"Demand":2,"DemandMax":null,"Value":18},{"Length":8,"Height":5,"Demand":1,"DemandMax":null,"Value":40},{"Length":9,"Height":3,"Demand":1,"DemandMax":null,"Value":27},{"Length":1,"Height":2,"Demand":1,"DemandMax":null,"Value":2},{"Length":5,"Height":9,"Demand":1,"DemandMax":null,"Value":45},{"Length":8,"Height":7,"Demand":1,"DemandMax":null,"Value":56},{"Length":8,"Height":2,"Demand":1,"DemandMax":null,"Value":16},{"Length":8,"Height":3,"Demand":2,"DemandMax":null,"Value":24},{"Length":3,"Height":2,"Demand":1,"DemandMax":null,"Value":6},{"Length":2,"Height":4,"Demand":1,"DemandMax":null,"Value":8},{"Length":6,"Height":8,"Demand":1,"DemandMax":null,"Value":48},{"Length":3,"Height":6,"Demand":1,"DemandMax":null,"Value":18},{"Length":10,"Height":5,"Demand":1,"DemandMax":null,"Value":50},{"Length":10,"Height":3,"Demand":1,"DemandMax":null,"Value":30},{"Length":5,"Height":8,"Demand":1,"DemandMax":null,"Value":40},{"Length":10,"Height":9,"Demand":1,"DemandMax":null,"Value":90},{"Length":5,"Height":1,"Demand":1,"DemandMax":null,"Value":5},{"Length":5,"Height":5,"Demand":1,"DemandMax":null,"Value":25},{"Length":7,"Height":5,"Demand":1,"DemandMax":null,"Value":35},{"Length":10,"Height":4,"Demand":1,"DemandMax":null,"Value":40},{"Length":10,"Height":2,"Demand":1,"DemandMax":null,"Value":20},{"Length":1,"Height":8,"Demand":1,"DemandMax":null,"Value":8},{"Length":2,"Height":10,"Demand":1,"DemandMax":null,"Value":20},{"Length":8,"Height":10,"Demand":1,"DemandMax":null,"Value":80},{"Length":4,"Height":8,"Demand":1,"DemandMax":null,"Value":32},{"Length":2,"Height":8,"Demand":1,"DemandMax":null,"Value":16},{"Length":1,"Height":7,"Demand":1,"DemandMax":null,"Value":7}]}