{"Name":"MB_C8_28","Objects":[{"Length":100,"Height":100,"Stock":null,"Cost":10000},{"Length":75,"Height":50,"Stock":null,"Cost":2500},{"Length":93,"Height":90,"Stock":null,"Cost":8044},{"Length":65,"Height":90,"Stock":null,"Cost":5020},{"Length":64,"Height":65,"Stock":null,"Cost":2992}],"Items":[{"Length":14,"Height":45,"Demand":1,"DemandMax":null,"Value":630},{"Length":81,"Height":33,"Demand":1,"DemandMax":null,"Value":2673},{"Length":100,"Height":21,"Demand":1,"DemandMax":null,"Value":2100},{"Length":16,"Height":4,"Demand":1,"DemandMax":null,"Value":64},{"Length":75,"Height":50,"Demand":1,"DemandMax":null,"Value":3750},{"Length":74,"Height":3,"Demand":1,"DemandMax":null,"Value":222},{"Length":69,"Height":32,"Demand":1,"DemandMax":null,"Value":2208},{"Length":12,"Height":86,"Demand":1,"DemandMax":null,"Value":1032},{"Length":83,"Height":16,"Demand":1,"DemandMax":null,"Value":1328},{"Length":14,"Height":90,"Demand":1,"DemandMax":null,"Value":1260},{"Length":81,"Height":4,"Demand":1,"DemandMax":null,"Value":324},{"Length":78,"Height":18,"Demand":1,"DemandMax":null,"Value":1404},{"Length":99,"Height":45,"Demand":1,"DemandMax":null,"Value":4455},{"Length":84,"Height":28,"Demand":1,"DemandMax":null,"Value":2352},{"Length":1,"Height":38,"Demand":1,"DemandMax":null,"Value":38},{"Length":38,"Height":77,"Demand":1,"DemandMax":null,"Value":2926},{"Length":88,"Height":34,"Demand":1,"DemandMax":null,"Value":2992},{"Length":67,"Height":34,"Demand":1,"DemandMax":null,"Value":2278},{"Length":94,"Height":34,"Demand":1,"DemandMax":null,"Value":3196},{"Length":19,"Height":28,"Demand":1,"DemandMax":null,"Value":532},{"Length":78,"Height":85,"Demand":1,"DemandMax":null,"Value":6630},{"Length":92,"Height":50,"Demand":1,"DemandMax":null,"Value":4600},{"Length":96,"Height":41,"Demand":1,"DemandMax":null,"Value":3936},{"Length":12,"Height":66,"Demand":1,"DemandMax":null,"Value":792},{"Length":91,"Height":49,"Demand":1,"DemandMax":null,"Value":4459},{"Length":91,"Height":29,"Demand":1,"DemandMax":null,"Value":2639},{"Length":70,"Height":10,"Demand":1,"DemandMax":null,"Value":700},{"Length":76,"Height":35,"Demand":1,"DemandMax":null,"Value":2660},{"Length":55,"Height":73,"Demand":1,"DemandMax":null,"Value":4015},{"Length":97,"Height":69,"Demand":1,"DemandMax":null,"Value":6693},{"Length":88,"Height":40,"Demand":1,"DemandMax":null,"Value":3520},{"Length":81,"Height":81,"Demand":1,"DemandMax":null,"Value":6561},{"Length":91,"Height":10,"Demand":1,"DemandMax":null,"Value":910},{"Length":79,"Height":21,"Demand":1,"DemandMax":null,"Value":1659},{"Length":20,"Height":88,"Demand":1,"DemandMax":null,"Value":1760},{"Length":72,"Height":39,"Demand":1,"DemandMax":null,"Value":2808},{"Length":80,"Height":57,"Demand":1,"DemandMax":null,"Value":4560},{"Length":67,"Height":35,"Demand":1,"DemandMax":null,"Value":2345},{"Length":78,"Height":37,"Demand":1,"DemandMax":null,"Value":2886},{"Length":99,"Height":8,"Demand":1,"DemandMax":null,"Value":792},{"Length":90,"Height":18,"Demand":2,"DemandMax":null,"Value":1620},{"Length":98,"Height":10,"Demand":1,"DemandMax":null,"Value":980},{"Length":86,"Height":2,"Demand":1,"DemandMax":null,"Value":172},{"Length":49,"Height":39,"Demand":1,"DemandMax":null,"Value":1911},{"Length":66,"Height":39,"Demand":1,"DemandMax":null,"Value":2574},{"Length":53,"Height":97,"Demand":1,"DemandMax":null,"Value":5141},{"Length":51,"Height":79,"Demand":1,"DemandMax":null,"Value":4029},{"Length":74,"Height":32,"Demand":1,"DemandMax":null,"Value":2368},{"Length":29,"Height":23,"Demand":1,"DemandMax":null,"Value":667},{"Length":81,"Height":45,"Demand":1,"DemandMax":null,"Value":3645},{"Length":91,"Height":36,"Demand":1,"DemandMax":null,"Value":3276},{"Length":79,"Height":17,"Demand":1,"DemandMax":null,"Value":1343},{"Length":67,"Height":5,"Demand":1,"DemandMax":null,"Value":335},{"Length":80,"Height":68,"Demand":1,"DemandMax":null,"Value":5440},{"Length":22,"Height":67,"Demand":1,"DemandMax":null,"Value":1474},{"Length":79,"Height":24,"Demand":1,"DemandMax":null,"Value":1896},{"Length":96,"Height":27,"Demand":1,"DemandMax":null,"Value":2592},{"Length":92,"Height":31,"Demand":1,"DemandMax":null,"Value":2852},{"Length":79,"Height":30,"Demand":1,"DemandMax":null,"Value":2370}]}