{"Name":"MB_C7_35","Objects":[{"Length":100,"Height":100,"Stock":null,"Cost":10000},{"Length":56,"Height":97,"Stock":null,"Cost":4518},{"Length":75,"Height":76,"Stock":null,"Cost":4840},{"Length":99,"Height":50,"Stock":null,"Cost":3940},{"Length":73,"Height":83,"Stock":null,"Cost":5270}],"Items":[{"Length":36,"Height":77,"Demand":1,"DemandMax":null,"Value":2772},{"Length":76,"Height":68,"Demand":1,"DemandMax":null,"Value":5168},{"Length":4,"Height":75,"Demand":1,"DemandMax":null,"Value":300},{"Length":15,"Height":81,"Demand":1,"DemandMax":null,"Value":1215},{"Length":26,"Height":92,"Demand":2,"DemandMax":null,"Value":2392},{"Length":87,"Height":29,"Demand":1,"DemandMax":null,"Value":2523},{"Length":50,"Height":93,"Demand":1,"DemandMax":null,"Value":4650},{"Length":77,"Height":69,"Demand":1,"DemandMax":null,"Value":5313},{"Length":99,"Height":1,"Demand":1,"DemandMax":null,"Value":99},{"Length":57,"Height":77,"Demand":1,"DemandMax":null,"Value":4389},{"Length":49,"Height":77,"Demand":1,"DemandMax":null,"Value":3773},{"Length":41,"Height":74,"Demand":1,"DemandMax":null,"Value":3034},{"Length":27,"Height":90,"Demand":1,"DemandMax":null,"Value":2430},{"Length":27,"Height":84,"Demand":1,"DemandMax":null,"Value":2268},{"Length":83,"Height":56,"Demand":1,"DemandMax":null,"Value":4648},{"Length":16,"Height":78,"Demand":1,"DemandMax":null,"Value":1248},{"Length":18,"Height":87,"Demand":1,"DemandMax":null,"Value":1566},{"Length":8,"Height":92,"Demand":1,"DemandMax":null,"Value":736},{"Length":30,"Height":71,"Demand":1,"DemandMax":null,"Value":2130},{"Length":3,"Height":90,"Demand":1,"DemandMax":null,"Value":270},{"Length":20,"Height":92,"Demand":1,"DemandMax":null,"Value":1840},{"Length":1,"Height":72,"Demand":1,"DemandMax":null,"Value":72},{"Length":38,"Height":80,"Demand":1,"DemandMax":null,"Value":3040},{"Length":1,"Height":75,"Demand":1,"DemandMax":null,"Value":75},{"Length":34,"Height":70,"Demand":1,"DemandMax":null,"Value":2380},{"Length":5,"Height":96,"Demand":1,"DemandMax":null,"Value":480},{"Length":8,"Height":97,"Demand":1,"DemandMax":null,"Value":776},{"Length":11,"Height":68,"Demand":1,"DemandMax":null,"Value":748},{"Length":9,"Height":91,"Demand":1,"DemandMax":null,"Value":819},{"Length":21,"Height":94,"Demand":1,"DemandMax":null,"Value":1974},{"Length":89,"Height":82,"Demand":1,"DemandMax":null,"Value":7298},{"Length":33,"Height":69,"Demand":1,"DemandMax":null,"Value":2277},{"Length":46,"Height":86,"Demand":1,"DemandMax":null,"Value":3956},{"Length":48,"Height":99,"Demand":1,"DemandMax":null,"Value":4752},{"Length":32,"Height":86,"Demand":1,"DemandMax":null,"Value":2752},{"Length":16,"Height":79,"Demand":1,"DemandMax":null,"Value":1264},{"Length":95,"Height":83,"Demand":1,"DemandMax":null,"Value":7885},{"Length":37,"Height":78,"Demand":1,"DemandMax":null,"Value":2886},{"Length":37,"Height":93,"Demand":1,"DemandMax":null,"Value":3441},{"Length":11,"Height":96,"Demand":1,"DemandMax":null,"Value":1056},{"Length":69,"Height":49,"Demand":1,"DemandMax":null,"Value":3381},{"Length":38,"Height":99,"Demand":1,"DemandMax":null,"Value":3762},{"Length":3,"Height":73,"Demand":1,"DemandMax":null,"Value":219},{"Length":78,"Height":31,"Demand":1,"DemandMax":null,"Value":2418},{"Length":28,"Height":27,"Demand":1,"DemandMax":null,"Value":756},{"Length":66,"Height":42,"Demand":1,"DemandMax":null,"Value":2772},{"Length":31,"Height":96,"Demand":1,"DemandMax":null,"Value":2976},{"Length":37,"Height":86,"Demand":1,"DemandMax":null,"Value":3182},{"Length":12,"Height":76,"Demand":1,"DemandMax":null,"Value":912},{"Length":25,"Height":97,"Demand":1,"DemandMax":null,"Value":2425},{"Length":20,"Height":93,"Demand":1,"DemandMax":null,"Value":1860},{"Length":17,"Height":93,"Demand":1,"DemandMax":null,"Value":1581},{"Length":7,"Height":16,"Demand":1,"DemandMax":null,"Value":112},{"Length":11,"Height":74,"Demand":1,"DemandMax":null,"Value":814},{"Length":71,"Height":96,"Demand":1,"DemandMax":null,"Value":6816},{"Length":8,"Height":73,"Demand":1,"DemandMax":null,"Value":584},{"Length":64,"Height":78,"Demand":1,"DemandMax":null,"Value":4992},{"Length":9,"Height":93,"Demand":1,"DemandMax":null,"Value":837},{"Length":84,"Height":63,"Demand":1,"DemandMax":null,"Value":5292},{"Length":12,"Height":97,"Demand":1,"DemandMax":null,"Value":1164},{"Length":33,"Height":2,"Demand":1,"DemandMax":null,"Value":66},{"Length":18,"Height":85,"Demand":1,"DemandMax":null,"Value":1530},{"Length":9,"Height":96,"Demand":2,"DemandMax":null,"Value":864},{"Length":27,"Height":94,"Demand":1,"DemandMax":null,"Value":2538},{"Length":14,"Height":92,"Demand":1,"DemandMax":null,"Value":1288},{"Length":39,"Height":86,"Demand":1,"DemandMax":null,"Value":3354},{"Length":46,"Height":90,"Demand":1,"DemandMax":null,"Value":4140},{"Length":52,"Height":97,"Demand":1,"DemandMax":null,"Value":5044},{"Length":55,"Height":85,"Demand":1,"DemandMax":null,"Value":4675},{"Length":21,"Height":95,"Demand":1,"DemandMax":null,"Value":1995},{"Length":44,"Height":92,"Demand":1,"DemandMax":null,"Value":4048},{"Length":92,"Height":65,"Demand":1,"DemandMax":null,"Value":5980},{"Length":15,"Height":77,"Demand":1,"DemandMax":null,"Value":1155},{"Length":3,"Height":67,"Demand":1,"DemandMax":null,"Value":201},{"Length":42,"Height":97,"Demand":1,"DemandMax":null,"Value":4074},{"Length":83,"Height":15,"Demand":1,"DemandMax":null,"Value":1245},{"Length":21,"Height":67,"Demand":1,"DemandMax":null,"Value":1407},{"Length":25,"Height":86,"Demand":1,"DemandMax":null,"Value":2150}]}