{"Name":"MB_C10_2","Objects":[{"Length":100,"Height":100,"Stock":null,"Cost":10000},{"Length":86,"Height":61,"Stock":null,"Cost":4295},{"Length":60,"Height":77,"Stock":null,"Cost":3543},{"Length":70,"Height":80,"Stock":null,"Cost":4720},{"Length":69,"Height":77,"Stock":null,"Cost":4375}],"Items":[{"Length":72,"Height":36,"Demand":1,"DemandMax":null,"Value":2592},{"Length":6,"Height":48,"Demand":1,"DemandMax":null,"Value":288},{"Length":53,"Height":66,"Demand":1,"DemandMax":null,"Value":3498},{"Length":46,"Height":11,"Demand":1,"DemandMax":null,"Value":506},{"Length":1,"Height":24,"Demand":1,"DemandMax":null,"Value":24},{"Length":13,"Height":84,"Demand":1,"DemandMax":null,"Value":1092},{"Length":1,"Height":72,"Demand":1,"DemandMax":null,"Value":72},{"Length":8,"Height":45,"Demand":1,"DemandMax":null,"Value":360},{"Length":4,"Height":24,"Demand":1,"DemandMax":null,"Value":96},{"Length":31,"Height":17,"Demand":1,"DemandMax":null,"Value":527},{"Length":72,"Height":16,"Demand":1,"DemandMax":null,"Value":1152},{"Length":82,"Height":91,"Demand":1,"DemandMax":null,"Value":7462},{"Length":19,"Height":90,"Demand":1,"DemandMax":null,"Value":1710},{"Length":12,"Height":19,"Demand":1,"DemandMax":null,"Value":228},{"Length":30,"Height":34,"Demand":1,"DemandMax":null,"Value":1020},{"Length":19,"Height":49,"Demand":1,"DemandMax":null,"Value":931},{"Length":45,"Height":9,"Demand":1,"DemandMax":null,"Value":405},{"Length":4,"Height":88,"Demand":1,"DemandMax":null,"Value":352},{"Length":13,"Height":74,"Demand":1,"DemandMax":null,"Value":962},{"Length":16,"Height":19,"Demand":1,"DemandMax":null,"Value":304}]}