{"Name":"MB_C9_2","Objects":[{"Length":100,"Height":100,"Stock":null,"Cost":10000},{"Length":58,"Height":62,"Stock":null,"Cost":2315},{"Length":56,"Height":52,"Stock":null,"Cost":1494},{"Length":70,"Height":71,"Stock":null,"Cost":3964},{"Length":68,"Height":70,"Stock":null,"Cost":3712}],"Items":[{"Length":72,"Height":36,"Demand":1,"DemandMax":null,"Value":2592},{"Length":55,"Height":98,"Demand":1,"DemandMax":null,"Value":5390},{"Length":53,"Height":66,"Demand":1,"DemandMax":null,"Value":3498},{"Length":95,"Height":60,"Demand":1,"DemandMax":null,"Value":5700},{"Length":50,"Height":74,"Demand":1,"DemandMax":null,"Value":3700},{"Length":13,"Height":84,"Demand":1,"DemandMax":null,"Value":1092},{"Length":1,"Height":72,"Demand":1,"DemandMax":null,"Value":72},{"Length":57,"Height":95,"Demand":1,"DemandMax":null,"Value":5415},{"Length":53,"Height":74,"Demand":1,"DemandMax":null,"Value":3922},{"Length":81,"Height":66,"Demand":1,"DemandMax":null,"Value":5346},{"Length":72,"Height":16,"Demand":1,"DemandMax":null,"Value":1152},{"Length":82,"Height":91,"Demand":1,"DemandMax":null,"Value":7462},{"Length":19,"Height":90,"Demand":1,"DemandMax":null,"Value":1710},{"Length":61,"Height":68,"Demand":1,"DemandMax":null,"Value":4148},{"Length":80,"Height":83,"Demand":1,"DemandMax":null,"Value":6640},{"Length":68,"Height":99,"Demand":1,"DemandMax":null,"Value":6732},{"Length":95,"Height":58,"Demand":1,"DemandMax":null,"Value":5510},{"Length":4,"Height":88,"Demand":1,"DemandMax":null,"Value":352},{"Length":13,"Height":74,"Demand":1,"DemandMax":null,"Value":962},{"Length":66,"Height":68,"Demand":1,"DemandMax":null,"Value":4488}]}