{"Name":"MB_C6_41","Objects":[{"Length":300,"Height":300,"Stock":null,"Cost":90000},{"Length":205,"Height":288,"Stock":null,"Cost":52848},{"Length":246,"Height":181,"Stock":null,"Cost":35431},{"Length":151,"Height":185,"Stock":null,"Cost":15522},{"Length":298,"Height":273,"Stock":null,"Cost":79624}],"Items":[{"Length":36,"Height":95,"Demand":1,"DemandMax":null,"Value":3420},{"Length":91,"Height":14,"Demand":1,"DemandMax":null,"Value":1274},{"Length":36,"Height":16,"Demand":1,"DemandMax":null,"Value":576},{"Length":93,"Height":91,"Demand":1,"DemandMax":null,"Value":8463},{"Length":17,"Height":61,"Demand":1,"DemandMax":null,"Value":1037},{"Length":98,"Height":82,"Demand":1,"DemandMax":null,"Value":8036},{"Length":56,"Height":43,"Demand":1,"DemandMax":null,"Value":2408},{"Length":49,"Height":65,"Demand":1,"DemandMax":null,"Value":3185},{"Length":65,"Height":5,"Demand":1,"DemandMax":null,"Value":325},{"Length":25,"Height":50,"Demand":1,"DemandMax":null,"Value":1250},{"Length":87,"Height":25,"Demand":1,"DemandMax":null,"Value":2175},{"Length":38,"Height":83,"Demand":1,"DemandMax":null,"Value":3154},{"Length":100,"Height":14,"Demand":1,"DemandMax":null,"Value":1400},{"Length":30,"Height":40,"Demand":1,"DemandMax":null,"Value":1200},{"Length":16,"Height":17,"Demand":1,"DemandMax":null,"Value":272},{"Length":81,"Height":33,"Demand":1,"DemandMax":null,"Value":2673},{"Length":80,"Height":11,"Demand":1,"DemandMax":null,"Value":880},{"Length":1,"Height":7,"Demand":1,"DemandMax":null,"Value":7},{"Length":68,"Height":8,"Demand":1,"DemandMax":null,"Value":544},{"Length":35,"Height":38,"Demand":1,"DemandMax":null,"Value":1330},{"Length":92,"Height":52,"Demand":1,"DemandMax":null,"Value":4784},{"Length":60,"Height":39,"Demand":1,"DemandMax":null,"Value":2340},{"Length":96,"Height":21,"Demand":1,"DemandMax":null,"Value":2016},{"Length":88,"Height":54,"Demand":1,"DemandMax":null,"Value":4752},{"Length":58,"Height":26,"Demand":1,"DemandMax":null,"Value":1508},{"Length":63,"Height":60,"Demand":1,"DemandMax":null,"Value":3780},{"Length":90,"Height":11,"Demand":1,"DemandMax":null,"Value":990},{"Length":62,"Height":68,"Demand":1,"DemandMax":null,"Value":4216},{"Length":35,"Height":54,"Demand":1,"DemandMax":null,"Value":1890},{"Length":98,"Height":24,"Demand":1,"DemandMax":null,"Value":2352},{"Length":72,"Height":67,"Demand":1,"DemandMax":null,"Value":4824},{"Length":14,"Height":4,"Demand":1,"DemandMax":null,"Value":56},{"Length":12,"Height":93,"Demand":1,"DemandMax":null,"Value":1116},{"Length":88,"Height":21,"Demand":1,"DemandMax":null,"Value":1848},{"Length":98,"Height":11,"Demand":1,"DemandMax":null,"Value":1078},{"Length":31,"Height":18,"Demand":1,"DemandMax":null,"Value":558},{"Length":10,"Height":31,"Demand":1,"DemandMax":null,"Value":310},{"Length":88,"Height":73,"Demand":1,"DemandMax":null,"Value":6424},{"Length":57,"Height":98,"Demand":1,"DemandMax":null,"Value":5586},{"Length":37,"Height":97,"Demand":1,"DemandMax":null,"Value":3589},{"Length":85,"Height":90,"Demand":1,"DemandMax":null,"Value":7650},{"Length":88,"Height":35,"Demand":1,"DemandMax":null,"Value":3080},{"Length":70,"Height":19,"Demand":1,"DemandMax":null,"Value":1330},{"Length":86,"Height":64,"Demand":1,"DemandMax":null,"Value":5504},{"Length":25,"Height":27,"Demand":1,"DemandMax":null,"Value":675},{"Length":9,"Height":96,"Demand":1,"DemandMax":null,"Value":864},{"Length":94,"Height":94,"Demand":1,"DemandMax":null,"Value":8836},{"Length":68,"Height":75,"Demand":1,"DemandMax":null,"Value":5100},{"Length":54,"Height":29,"Demand":1,"DemandMax":null,"Value":1566},{"Length":8,"Height":79,"Demand":1,"DemandMax":null,"Value":632},{"Length":17,"Height":79,"Demand":1,"DemandMax":null,"Value":1343},{"Length":5,"Height":19,"Demand":1,"DemandMax":null,"Value":95},{"Length":27,"Height":20,"Demand":1,"DemandMax":null,"Value":540},{"Length":72,"Height":39,"Demand":1,"DemandMax":null,"Value":2808},{"Length":62,"Height":64,"Demand":1,"DemandMax":null,"Value":3968},{"Length":52,"Height":17,"Demand":1,"DemandMax":null,"Value":884},{"Length":32,"Height":54,"Demand":1,"DemandMax":null,"Value":1728},{"Length":24,"Height":65,"Demand":1,"DemandMax":null,"Value":1560},{"Length":83,"Height":70,"Demand":1,"DemandMax":null,"Value":5810},{"Length":98,"Height":26,"Demand":1,"DemandMax":null,"Value":2548},{"Length":92,"Height":21,"Demand":1,"DemandMax":null,"Value":1932},{"Length":20,"Height":79,"Demand":1,"DemandMax":null,"Value":1580},{"Length":71,"Height":53,"Demand":1,"DemandMax":null,"Value":3763},{"Length":66,"Height":34,"Demand":1,"DemandMax":null,"Value":2244},{"Length":63,"Height":43,"Demand":1,"DemandMax":null,"Value":2709},{"Length":49,"Height":36,"Demand":1,"DemandMax":null,"Value":1764},{"Length":46,"Height":2,"Demand":1,"DemandMax":null,"Value":92},{"Length":11,"Height":63,"Demand":1,"DemandMax":null,"Value":693},{"Length":32,"Height":75,"Demand":1,"DemandMax":null,"Value":2400},{"Length":32,"Height":26,"Demand":1,"DemandMax":null,"Value":832},{"Length":66,"Height":40,"Demand":1,"DemandMax":null,"Value":2640},{"Length":22,"Height":70,"Demand":1,"DemandMax":null,"Value":1540},{"Length":24,"Height":7,"Demand":1,"DemandMax":null,"Value":168},{"Length":26,"Height":72,"Demand":1,"DemandMax":null,"Value":1872},{"Length":18,"Height":21,"Demand":1,"DemandMax":null,"Value":378},{"Length":21,"Height":42,"Demand":1,"DemandMax":null,"Value":882},{"Length":92,"Height":59,"Demand":1,"DemandMax":null,"Value":5428},{"Length":19,"Height":27,"Demand":1,"DemandMax":null,"Value":513},{"Length":24,"Height":34,"Demand":1,"DemandMax":null,"Value":816},{"Length":64,"Height":3,"Demand":1,"DemandMax":null,"Value":192},{"Length":26,"Height":89,"Demand":1,"DemandMax":null,"Value":2314},{"Length":33,"Height":82,"Demand":1,"DemandMax":null,"Value":2706},{"Length":41,"Height":3,"Demand":1,"DemandMax":null,"Value":123},{"Length":39,"Height":7,"Demand":1,"DemandMax":null,"Value":273},{"Length":48,"Height":85,"Demand":1,"DemandMax":null,"Value":4080},{"Length":25,"Height":58,"Demand":1,"DemandMax":null,"Value":1450},{"Length":58,"Height":81,"Demand":1,"DemandMax":null,"Value":4698},{"Length":69,"Height":44,"Demand":1,"DemandMax":null,"Value":3036},{"Length":14,"Height":69,"Demand":1,"DemandMax":null,"Value":966},{"Length":82,"Height":11,"Demand":1,"DemandMax":null,"Value":902},{"Length":96,"Height":59,"Demand":1,"DemandMax":null,"Value":5664},{"Length":9,"Height":36,"Demand":1,"DemandMax":null,"Value":324},{"Length":13,"Height":97,"Demand":1,"DemandMax":null,"Value":1261},{"Length":28,"Height":30,"Demand":1,"DemandMax":null,"Value":840},{"Length":10,"Height":59,"Demand":1,"DemandMax":null,"Value":590},{"Length":49,"Height":38,"Demand":1,"DemandMax":null,"Value":1862},{"Length":66,"Height":57,"Demand":1,"DemandMax":null,"Value":3762},{"Length":17,"Height":38,"Demand":1,"DemandMax":null,"Value":646},{"Length":91,"Height":35,"Demand":1,"DemandMax":null,"Value":3185},{"Length":10,"Height":40,"Demand":1,"DemandMax":null,"Value":400}]}