{"Name":"MB_C3_13","Objects":[{"Length":40,"Height":40,"Stock":null,"Cost":1600},{"Length":30,"Height":25,"Stock":null,"Cost":580},{"Length":20,"Height":37,"Stock":null,"Cost":568},{"Length":24,"Height":22,"Stock":null,"Cost":313},{"Length":33,"Height":39,"Stock":null,"Cost":1224}],"Items":[{"Length":25,"Height":5,"Demand":2,"DemandMax":null,"Value":125},{"Length":5,"Height":26,"Demand":1,"DemandMax":null,"Value":130},{"Length":30,"Height":8,"Demand":1,"DemandMax":null,"Value":240},{"Length":15,"Height":30,"Demand":1,"DemandMax":null,"Value":450},{"Length":34,"Height":34,"Demand":1,"DemandMax":null,"Value":1156},{"Length":25,"Height":21,"Demand":1,"DemandMax":null,"Value":525},{"Length":30,"Height":20,"Demand":1,"DemandMax":null,"Value":600},{"Length":22,"Height":27,"Demand":1,"DemandMax":null,"Value":594},{"Length":20,"Height":15,"Demand":1,"DemandMax":null,"Value":300},{"Length":20,"Height":3,"Demand":1,"DemandMax":null,"Value":60},{"Length":30,"Height":22,"Demand":1,"DemandMax":null,"Value":660},{"Length":34,"Height":10,"Demand":1,"DemandMax":null,"Value":340},{"Length":29,"Height":22,"Demand":1,"DemandMax":null,"Value":638},{"Length":22,"Height":19,"Demand":1,"DemandMax":null,"Value":418},{"Length":33,"Height":8,"Demand":1,"DemandMax":null,"Value":264},{"Length":23,"Height":9,"Demand":1,"DemandMax":null,"Value":207},{"Length":34,"Height":18,"Demand":1,"DemandMax":null,"Value":612},{"Length":16,"Height":8,"Demand":1,"DemandMax":null,"Value":128},{"Length":1,"Height":33,"Demand":1,"DemandMax":null,"Value":33},{"Length":30,"Height":19,"Demand":1,"DemandMax":null,"Value":570},{"Length":19,"Height":9,"Demand":1,"DemandMax":null,"Value":171},{"Length":33,"Height":23,"Demand":1,"DemandMax":null,"Value":759},{"Length":11,"Height":22,"Demand":1,"DemandMax":null,"Value":242},{"Length":6,"Height":13,"Demand":1,"DemandMax":null,"Value":78},{"Length":16,"Height":16,"Demand":1,"DemandMax":null,"Value":256},{"Length":11,"Height":27,"Demand":1,"DemandMax":null,"Value":297},{"Length":13,"Height":19,"Demand":1,"DemandMax":null,"Value":247},{"Length":17,"Height":11,"Demand":1,"DemandMax":null,"Value":187},{"Length":31,"Height":34,"Demand":1,"DemandMax":null,"Value":1054},{"Length":5,"Height":27,"Demand":1,"DemandMax":null,"Value":135},{"Length":4,"Height":8,"Demand":1,"DemandMax":null,"Value":32},{"Length":1,"Height":9,"Demand":1,"DemandMax":null,"Value":9},{"Length":16,"Height":2,"Demand":1,"DemandMax":null,"Value":32},{"Length":10,"Height":7,"Demand":1,"DemandMax":null,"Value":70},{"Length":25,"Height":20,"Demand":1,"DemandMax":null,"Value":500},{"Length":11,"Height":14,"Demand":1,"DemandMax":null,"Value":154},{"Length":35,"Height":8,"Demand":1,"DemandMax":null,"Value":280},{"Length":34,"Height":33,"Demand":1,"DemandMax":null,"Value":1122},{"Length":26,"Height":28,"Demand":1,"DemandMax":null,"Value":728}]}