{"Name":"MB_C2_11","Objects":[{"Length":30,"Height":30,"Stock":null,"Cost":900},{"Length":25,"Height":20,"Stock":null,"Cost":420},{"Length":20,"Height":19,"Stock":null,"Cost":276},{"Length":27,"Height":22,"Stock":null,"Cost":532},{"Length":20,"Height":29,"Stock":null,"Cost":516}],"Items":[{"Length":2,"Height":2,"Demand":3,"DemandMax":null,"Value":4},{"Length":8,"Height":6,"Demand":1,"DemandMax":null,"Value":48},{"Length":2,"Height":10,"Demand":1,"DemandMax":null,"Value":20},{"Length":3,"Height":1,"Demand":1,"DemandMax":null,"Value":3},{"Length":4,"Height":8,"Demand":1,"DemandMax":null,"Value":32},{"Length":10,"Height":3,"Demand":1,"DemandMax":null,"Value":30},{"Length":9,"Height":1,"Demand":2,"DemandMax":null,"Value":9},{"Length":5,"Height":1,"Demand":1,"DemandMax":null,"Value":5},{"Length":3,"Height":6,"Demand":1,"DemandMax":null,"Value":18},{"Length":1,"Height":1,"Demand":1,"DemandMax":null,"Value":1},{"Length":2,"Height":4,"Demand":1,"DemandMax":null,"Value":8},{"Length":2,"Height":9,"Demand":1,"DemandMax":null,"Value":18},{"Length":5,"Height":9,"Demand":3,"DemandMax":null,"Value":45},{"Length":7,"Height":4,"Demand":2,"DemandMax":null,"Value":28},{"Length":4,"Height":3,"Demand":1,"DemandMax":null,"Value":12},{"Length":7,"Height":9,"Demand":1,"DemandMax":null,"Value":63},{"Length":1,"Height":4,"Demand":2,"DemandMax":null,"Value":4},{"Length":8,"Height":9,"Demand":1,"DemandMax":null,"Value":72},{"Length":3,"Height":4,"Demand":1,"DemandMax":null,"Value":12},{"Length":5,"Height":6,"Demand":1,"DemandMax":null,"Value":30},{"Length":4,"Height":10,"Demand":1,"DemandMax":null,"Value":40},{"Length":2,"Height":1,"Demand":1,"DemandMax":null,"Value":2},{"Length":1,"Height":7,"Demand":2,"DemandMax":null,"Value":7},{"Length":1,"Height":3,"Demand":1,"DemandMax":null,"Value":3},{"Length":3,"Height":8,"Demand":1,"DemandMax":null,"Value":24},{"Length":4,"Height":4,"Demand":1,"DemandMax":null,"Value":16},{"Length":2,"Height":7,"Demand":1,"DemandMax":null,"Value":14},{"Length":9,"Height":6,"Demand":1,"DemandMax":null,"Value":54},{"Length":8,"Height":2,"Demand":1,"DemandMax":null,"Value":16},{"Length":6,"Height":10,"Demand":1,"DemandMax":null,"Value":60},{"Length":9,"Height":3,"Demand":1,"DemandMax":null,"Value":27},{"Length":8,"Height":3,"Demand":1,"DemandMax":null,"Value":24}]}