{"Name":"MB_C4_5","Objects":[{"Length":100,"Height":100,"Stock":null,"Cost":10000},{"Length":76,"Height":67,"Stock":null,"Cost":4110},{"Length":92,"Height":56,"Stock":null,"Cost":4182},{"Length":67,"Height":97,"Stock":null,"Cost":5798},{"Length":91,"Height":70,"Stock":null,"Cost":5644}],"Items":[{"Length":13,"Height":34,"Demand":1,"DemandMax":null,"Value":442},{"Length":32,"Height":5,"Demand":1,"DemandMax":null,"Value":160},{"Length":13,"Height":6,"Demand":1,"DemandMax":null,"Value":78},{"Length":33,"Height":32,"Demand":1,"DemandMax":null,"Value":1056},{"Length":6,"Height":22,"Demand":1,"DemandMax":null,"Value":132},{"Length":34,"Height":29,"Demand":1,"DemandMax":null,"Value":986},{"Length":20,"Height":15,"Demand":1,"DemandMax":null,"Value":300},{"Length":17,"Height":23,"Demand":1,"DemandMax":null,"Value":391},{"Length":23,"Height":2,"Demand":1,"DemandMax":null,"Value":46},{"Length":9,"Height":18,"Demand":1,"DemandMax":null,"Value":162},{"Length":31,"Height":9,"Demand":1,"DemandMax":null,"Value":279},{"Length":14,"Height":29,"Demand":1,"DemandMax":null,"Value":406},{"Length":35,"Height":5,"Demand":1,"DemandMax":null,"Value":175},{"Length":11,"Height":14,"Demand":1,"DemandMax":null,"Value":154},{"Length":6,"Height":6,"Demand":1,"DemandMax":null,"Value":36},{"Length":29,"Height":12,"Demand":1,"DemandMax":null,"Value":348},{"Length":28,"Height":4,"Demand":1,"DemandMax":null,"Value":112},{"Length":1,"Height":3,"Demand":1,"DemandMax":null,"Value":3},{"Length":24,"Height":3,"Demand":1,"DemandMax":null,"Value":72},{"Length":13,"Height":14,"Demand":1,"DemandMax":null,"Value":182}]}