{"Name":"MB_C3_20","Objects":[{"Length":40,"Height":40,"Stock":null,"Cost":1600},{"Length":34,"Height":34,"Stock":null,"Cost":1067},{"Length":25,"Height":21,"Stock":null,"Cost":310},{"Length":37,"Height":30,"Stock":null,"Cost":1012},{"Length":27,"Height":29,"Stock":null,"Cost":619}],"Items":[{"Length":20,"Height":25,"Demand":1,"DemandMax":null,"Value":500},{"Length":12,"Height":31,"Demand":1,"DemandMax":null,"Value":372},{"Length":18,"Height":13,"Demand":1,"DemandMax":null,"Value":234},{"Length":11,"Height":3,"Demand":1,"DemandMax":null,"Value":33},{"Length":10,"Height":9,"Demand":1,"DemandMax":null,"Value":90},{"Length":11,"Height":16,"Demand":1,"DemandMax":null,"Value":176},{"Length":21,"Height":18,"Demand":1,"DemandMax":null,"Value":378},{"Length":27,"Height":25,"Demand":1,"DemandMax":null,"Value":675},{"Length":22,"Height":20,"Demand":1,"DemandMax":null,"Value":440},{"Length":16,"Height":35,"Demand":1,"DemandMax":null,"Value":560},{"Length":28,"Height":8,"Demand":1,"DemandMax":null,"Value":224},{"Length":18,"Height":27,"Demand":1,"DemandMax":null,"Value":486},{"Length":31,"Height":19,"Demand":1,"DemandMax":null,"Value":589},{"Length":14,"Height":28,"Demand":1,"DemandMax":null,"Value":392},{"Length":34,"Height":1,"Demand":1,"DemandMax":null,"Value":34},{"Length":30,"Height":6,"Demand":1,"DemandMax":null,"Value":180},{"Length":19,"Height":14,"Demand":1,"DemandMax":null,"Value":266},{"Length":35,"Height":12,"Demand":1,"DemandMax":null,"Value":420},{"Length":13,"Height":29,"Demand":1,"DemandMax":null,"Value":377},{"Length":9,"Height":3,"Demand":1,"DemandMax":null,"Value":27},{"Length":19,"Height":25,"Demand":1,"DemandMax":null,"Value":475},{"Length":16,"Height":19,"Demand":1,"DemandMax":null,"Value":304},{"Length":19,"Height":29,"Demand":1,"DemandMax":null,"Value":551},{"Length":24,"Height":5,"Demand":2,"DemandMax":null,"Value":120},{"Length":4,"Height":11,"Demand":1,"DemandMax":null,"Value":44},{"Length":13,"Height":22,"Demand":2,"DemandMax":null,"Value":286},{"Length":11,"Height":6,"Demand":1,"DemandMax":null,"Value":66},{"Length":27,"Height":17,"Demand":1,"DemandMax":null,"Value":459},{"Length":21,"Height":6,"Demand":1,"DemandMax":null,"Value":126},{"Length":2,"Height":2,"Demand":1,"DemandMax":null,"Value":4},{"Length":25,"Height":14,"Demand":1,"DemandMax":null,"Value":350},{"Length":14,"Height":27,"Demand":1,"DemandMax":null,"Value":378},{"Length":14,"Height":1,"Demand":1,"DemandMax":null,"Value":14},{"Length":7,"Height":13,"Demand":1,"DemandMax":null,"Value":91},{"Length":27,"Height":15,"Demand":1,"DemandMax":null,"Value":405},{"Length":9,"Height":1,"Demand":1,"DemandMax":null,"Value":9},{"Length":10,"Height":15,"Demand":1,"DemandMax":null,"Value":150},{"Length":25,"Height":3,"Demand":1,"DemandMax":null,"Value":75}]}