{"Name":"MB_C7_10","Objects":[{"Length":100,"Height":100,"Stock":null,"Cost":10000},{"Length":55,"Height":60,"Stock":null,"Cost":1960},{"Length":86,"Height":63,"Stock":null,"Cost":4501},{"Length":86,"Height":96,"Stock":null,"Cost":7907},{"Length":85,"Height":67,"Stock":null,"Cost":4833}],"Items":[{"Length":39,"Height":25,"Demand":1,"DemandMax":null,"Value":975},{"Length":6,"Height":76,"Demand":2,"DemandMax":null,"Value":456},{"Length":48,"Height":37,"Demand":1,"DemandMax":null,"Value":1776},{"Length":72,"Height":9,"Demand":1,"DemandMax":null,"Value":648},{"Length":10,"Height":84,"Demand":1,"DemandMax":null,"Value":840},{"Length":42,"Height":6,"Demand":1,"DemandMax":null,"Value":252},{"Length":82,"Height":44,"Demand":1,"DemandMax":null,"Value":3608},{"Length":2,"Height":70,"Demand":1,"DemandMax":null,"Value":140},{"Length":42,"Height":92,"Demand":1,"DemandMax":null,"Value":3864},{"Length":40,"Height":72,"Demand":1,"DemandMax":null,"Value":2880},{"Length":74,"Height":12,"Demand":1,"DemandMax":null,"Value":888},{"Length":37,"Height":74,"Demand":1,"DemandMax":null,"Value":2738},{"Length":50,"Height":82,"Demand":1,"DemandMax":null,"Value":4100},{"Length":13,"Height":42,"Demand":1,"DemandMax":null,"Value":546},{"Length":21,"Height":90,"Demand":1,"DemandMax":null,"Value":1890},{"Length":43,"Height":49,"Demand":1,"DemandMax":null,"Value":2107},{"Length":80,"Height":1,"Demand":1,"DemandMax":null,"Value":80},{"Length":25,"Height":89,"Demand":1,"DemandMax":null,"Value":2225},{"Length":48,"Height":78,"Demand":1,"DemandMax":null,"Value":3744}]}