{"Name":"MB_C7_38","Objects":[{"Length":100,"Height":100,"Stock":null,"Cost":10000},{"Length":89,"Height":71,"Stock":null,"Cost":5582},{"Length":56,"Height":56,"Stock":null,"Cost":1763},{"Length":75,"Height":98,"Stock":null,"Cost":6820},{"Length":99,"Height":90,"Stock":null,"Cost":8692}],"Items":[{"Length":28,"Height":76,"Demand":1,"DemandMax":null,"Value":2128},{"Length":20,"Height":90,"Demand":1,"DemandMax":null,"Value":1800},{"Length":1,"Height":100,"Demand":1,"DemandMax":null,"Value":100},{"Length":63,"Height":77,"Demand":1,"DemandMax":null,"Value":4851},{"Length":27,"Height":12,"Demand":1,"DemandMax":null,"Value":324},{"Length":89,"Height":22,"Demand":1,"DemandMax":null,"Value":1958},{"Length":6,"Height":66,"Demand":1,"DemandMax":null,"Value":396},{"Length":34,"Height":79,"Demand":1,"DemandMax":null,"Value":2686},{"Length":37,"Height":78,"Demand":1,"DemandMax":null,"Value":2886},{"Length":11,"Height":79,"Demand":1,"DemandMax":null,"Value":869},{"Length":22,"Height":75,"Demand":1,"DemandMax":null,"Value":1650},{"Length":76,"Height":23,"Demand":1,"DemandMax":null,"Value":1748},{"Length":10,"Height":92,"Demand":1,"DemandMax":null,"Value":920},{"Length":98,"Height":79,"Demand":1,"DemandMax":null,"Value":7742},{"Length":100,"Height":89,"Demand":1,"DemandMax":null,"Value":8900},{"Length":9,"Height":38,"Demand":1,"DemandMax":null,"Value":342},{"Length":44,"Height":19,"Demand":1,"DemandMax":null,"Value":836},{"Length":48,"Height":100,"Demand":1,"DemandMax":null,"Value":4800},{"Length":40,"Height":83,"Demand":1,"DemandMax":null,"Value":3320},{"Length":14,"Height":76,"Demand":1,"DemandMax":null,"Value":1064},{"Length":93,"Height":11,"Demand":1,"DemandMax":null,"Value":1023},{"Length":58,"Height":83,"Demand":1,"DemandMax":null,"Value":4814},{"Length":41,"Height":82,"Demand":1,"DemandMax":null,"Value":3362},{"Length":31,"Height":68,"Demand":1,"DemandMax":null,"Value":2108},{"Length":96,"Height":65,"Demand":1,"DemandMax":null,"Value":6240},{"Length":31,"Height":84,"Demand":1,"DemandMax":null,"Value":2604},{"Length":5,"Height":89,"Demand":1,"DemandMax":null,"Value":445},{"Length":10,"Height":68,"Demand":1,"DemandMax":null,"Value":680},{"Length":15,"Height":87,"Demand":1,"DemandMax":null,"Value":1305},{"Length":76,"Height":34,"Demand":1,"DemandMax":null,"Value":2584},{"Length":29,"Height":69,"Demand":1,"DemandMax":null,"Value":2001},{"Length":50,"Height":76,"Demand":1,"DemandMax":null,"Value":3800},{"Length":46,"Height":71,"Demand":1,"DemandMax":null,"Value":3266},{"Length":12,"Height":66,"Demand":1,"DemandMax":null,"Value":792},{"Length":16,"Height":92,"Demand":1,"DemandMax":null,"Value":1472},{"Length":51,"Height":90,"Demand":1,"DemandMax":null,"Value":4590},{"Length":38,"Height":98,"Demand":1,"DemandMax":null,"Value":3724},{"Length":20,"Height":87,"Demand":1,"DemandMax":null,"Value":1740},{"Length":14,"Height":89,"Demand":1,"DemandMax":null,"Value":1246},{"Length":15,"Height":83,"Demand":1,"DemandMax":null,"Value":1245},{"Length":42,"Height":99,"Demand":1,"DemandMax":null,"Value":4158},{"Length":39,"Height":81,"Demand":1,"DemandMax":null,"Value":3159},{"Length":24,"Height":94,"Demand":1,"DemandMax":null,"Value":2256},{"Length":40,"Height":81,"Demand":1,"DemandMax":null,"Value":3240},{"Length":8,"Height":73,"Demand":1,"DemandMax":null,"Value":584},{"Length":20,"Height":83,"Demand":1,"DemandMax":null,"Value":1660},{"Length":45,"Height":9,"Demand":1,"DemandMax":null,"Value":405},{"Length":27,"Height":87,"Demand":1,"DemandMax":null,"Value":2349},{"Length":35,"Height":35,"Demand":1,"DemandMax":null,"Value":1225},{"Length":13,"Height":93,"Demand":1,"DemandMax":null,"Value":1209},{"Length":28,"Height":92,"Demand":1,"DemandMax":null,"Value":2576},{"Length":75,"Height":50,"Demand":1,"DemandMax":null,"Value":3750},{"Length":24,"Height":80,"Demand":1,"DemandMax":null,"Value":1920},{"Length":17,"Height":76,"Demand":1,"DemandMax":null,"Value":1292},{"Length":23,"Height":86,"Demand":1,"DemandMax":null,"Value":1978},{"Length":36,"Height":88,"Demand":1,"DemandMax":null,"Value":3168},{"Length":25,"Height":78,"Demand":1,"DemandMax":null,"Value":1950},{"Length":83,"Height":53,"Demand":1,"DemandMax":null,"Value":4399},{"Length":29,"Height":89,"Demand":1,"DemandMax":null,"Value":2581},{"Length":8,"Height":84,"Demand":1,"DemandMax":null,"Value":672},{"Length":37,"Height":84,"Demand":1,"DemandMax":null,"Value":3108},{"Length":60,"Height":52,"Demand":1,"DemandMax":null,"Value":3120},{"Length":48,"Height":99,"Demand":1,"DemandMax":null,"Value":4752},{"Length":41,"Height":88,"Demand":1,"DemandMax":null,"Value":3608},{"Length":11,"Height":99,"Demand":1,"DemandMax":null,"Value":1089},{"Length":50,"Height":75,"Demand":1,"DemandMax":null,"Value":3750},{"Length":27,"Height":83,"Demand":1,"DemandMax":null,"Value":2241},{"Length":37,"Height":100,"Demand":1,"DemandMax":null,"Value":3700},{"Length":47,"Height":86,"Demand":1,"DemandMax":null,"Value":4042},{"Length":1,"Height":91,"Demand":1,"DemandMax":null,"Value":91},{"Length":68,"Height":62,"Demand":1,"DemandMax":null,"Value":4216},{"Length":43,"Height":85,"Demand":1,"DemandMax":null,"Value":3655},{"Length":44,"Height":82,"Demand":1,"DemandMax":null,"Value":3608},{"Length":14,"Height":80,"Demand":1,"DemandMax":null,"Value":1120},{"Length":80,"Height":13,"Demand":1,"DemandMax":null,"Value":1040},{"Length":12,"Height":18,"Demand":1,"DemandMax":null,"Value":216},{"Length":3,"Height":86,"Demand":1,"DemandMax":null,"Value":258},{"Length":38,"Height":18,"Demand":1,"DemandMax":null,"Value":684},{"Length":37,"Height":25,"Demand":1,"DemandMax":null,"Value":925},{"Length":42,"Height":20,"Demand":1,"DemandMax":null,"Value":840}]}