{"Name":"MB_C5_2","Objects":[{"Length":100,"Height":100,"Stock":null,"Cost":10000},{"Length":97,"Height":92,"Stock":null,"Cost":8708},{"Length":66,"Height":51,"Stock":null,"Cost":2039},{"Length":92,"Height":84,"Stock":null,"Cost":7273},{"Length":91,"Height":70,"Stock":null,"Cost":5644}],"Items":[{"Length":16,"Height":18,"Demand":1,"DemandMax":null,"Value":288},{"Length":72,"Height":51,"Demand":1,"DemandMax":null,"Value":3672},{"Length":12,"Height":95,"Demand":1,"DemandMax":null,"Value":1140},{"Length":24,"Height":7,"Demand":1,"DemandMax":null,"Value":168},{"Length":32,"Height":75,"Demand":1,"DemandMax":null,"Value":2400},{"Length":91,"Height":21,"Demand":1,"DemandMax":null,"Value":1911},{"Length":89,"Height":1,"Demand":1,"DemandMax":null,"Value":89},{"Length":48,"Height":4,"Demand":1,"DemandMax":null,"Value":192},{"Length":25,"Height":52,"Demand":1,"DemandMax":null,"Value":1300},{"Length":9,"Height":1,"Demand":1,"DemandMax":null,"Value":9},{"Length":20,"Height":40,"Demand":1,"DemandMax":null,"Value":800},{"Length":16,"Height":90,"Demand":1,"DemandMax":null,"Value":1440},{"Length":85,"Height":7,"Demand":1,"DemandMax":null,"Value":595},{"Length":48,"Height":81,"Demand":1,"DemandMax":null,"Value":3888},{"Length":62,"Height":33,"Demand":1,"DemandMax":null,"Value":2046},{"Length":16,"Height":19,"Demand":1,"DemandMax":null,"Value":304},{"Length":32,"Height":28,"Demand":1,"DemandMax":null,"Value":896},{"Length":65,"Height":82,"Demand":1,"DemandMax":null,"Value":5330},{"Length":4,"Height":37,"Demand":1,"DemandMax":null,"Value":148},{"Length":71,"Height":81,"Demand":1,"DemandMax":null,"Value":5751}]}