{"Name":"MB_C7_9","Objects":[{"Length":100,"Height":100,"Stock":null,"Cost":10000},{"Length":61,"Height":86,"Stock":null,"Cost":4295},{"Length":85,"Height":87,"Stock":null,"Cost":6874},{"Length":78,"Height":97,"Stock":null,"Cost":7079},{"Length":52,"Height":82,"Stock":null,"Cost":3116}],"Items":[{"Length":27,"Height":78,"Demand":1,"DemandMax":null,"Value":2106},{"Length":22,"Height":99,"Demand":1,"DemandMax":null,"Value":2178},{"Length":86,"Height":49,"Demand":1,"DemandMax":null,"Value":4214},{"Length":45,"Height":91,"Demand":1,"DemandMax":null,"Value":4095},{"Length":90,"Height":7,"Demand":1,"DemandMax":null,"Value":630},{"Length":45,"Height":84,"Demand":1,"DemandMax":null,"Value":3780},{"Length":44,"Height":95,"Demand":1,"DemandMax":null,"Value":4180},{"Length":24,"Height":80,"Demand":1,"DemandMax":null,"Value":1920},{"Length":5,"Height":70,"Demand":1,"DemandMax":null,"Value":350},{"Length":80,"Height":68,"Demand":1,"DemandMax":null,"Value":5440},{"Length":20,"Height":99,"Demand":1,"DemandMax":null,"Value":1980},{"Length":15,"Height":78,"Demand":1,"DemandMax":null,"Value":1170},{"Length":37,"Height":78,"Demand":1,"DemandMax":null,"Value":2886},{"Length":28,"Height":80,"Demand":1,"DemandMax":null,"Value":2240},{"Length":7,"Height":77,"Demand":1,"DemandMax":null,"Value":539},{"Length":18,"Height":26,"Demand":1,"DemandMax":null,"Value":468},{"Length":30,"Height":95,"Demand":1,"DemandMax":null,"Value":2850},{"Length":37,"Height":89,"Demand":1,"DemandMax":null,"Value":3293},{"Length":6,"Height":97,"Demand":1,"DemandMax":null,"Value":582},{"Length":33,"Height":97,"Demand":1,"DemandMax":null,"Value":3201}]}