{"Name":"MB_C4_27","Objects":[{"Length":100,"Height":100,"Stock":null,"Cost":10000},{"Length":71,"Height":56,"Stock":null,"Cost":2771},{"Length":77,"Height":64,"Stock":null,"Cost":3913},{"Length":55,"Height":54,"Stock":null,"Cost":1564},{"Length":79,"Height":79,"Stock":null,"Cost":5489}],"Items":[{"Length":28,"Height":15,"Demand":1,"DemandMax":null,"Value":420},{"Length":8,"Height":26,"Demand":1,"DemandMax":null,"Value":208},{"Length":14,"Height":16,"Demand":1,"DemandMax":null,"Value":224},{"Length":33,"Height":28,"Demand":1,"DemandMax":null,"Value":924},{"Length":25,"Height":10,"Demand":1,"DemandMax":null,"Value":250},{"Length":32,"Height":30,"Demand":1,"DemandMax":null,"Value":960},{"Length":5,"Height":25,"Demand":1,"DemandMax":null,"Value":125},{"Length":9,"Height":14,"Demand":1,"DemandMax":null,"Value":126},{"Length":18,"Height":29,"Demand":1,"DemandMax":null,"Value":522},{"Length":14,"Height":6,"Demand":1,"DemandMax":null,"Value":84},{"Length":31,"Height":2,"Demand":1,"DemandMax":null,"Value":62},{"Length":5,"Height":12,"Demand":1,"DemandMax":null,"Value":60},{"Length":25,"Height":8,"Demand":1,"DemandMax":null,"Value":200},{"Length":19,"Height":10,"Demand":1,"DemandMax":null,"Value":190},{"Length":29,"Height":14,"Demand":1,"DemandMax":null,"Value":406},{"Length":4,"Height":29,"Demand":1,"DemandMax":null,"Value":116},{"Length":10,"Height":2,"Demand":1,"DemandMax":null,"Value":20},{"Length":20,"Height":1,"Demand":1,"DemandMax":null,"Value":20},{"Length":19,"Height":34,"Demand":1,"DemandMax":null,"Value":646},{"Length":2,"Height":14,"Demand":1,"DemandMax":null,"Value":28},{"Length":13,"Height":8,"Demand":1,"DemandMax":null,"Value":104},{"Length":1,"Height":24,"Demand":1,"DemandMax":null,"Value":24},{"Length":32,"Height":11,"Demand":1,"DemandMax":null,"Value":352},{"Length":9,"Height":34,"Demand":1,"DemandMax":null,"Value":306},{"Length":20,"Height":33,"Demand":1,"DemandMax":null,"Value":660},{"Length":29,"Height":27,"Demand":1,"DemandMax":null,"Value":783},{"Length":6,"Height":10,"Demand":1,"DemandMax":null,"Value":60},{"Length":7,"Height":27,"Demand":1,"DemandMax":null,"Value":189},{"Length":27,"Height":27,"Demand":1,"DemandMax":null,"Value":729},{"Length":5,"Height":6,"Demand":1,"DemandMax":null,"Value":30},{"Length":30,"Height":6,"Demand":1,"DemandMax":null,"Value":180},{"Length":28,"Height":12,"Demand":1,"DemandMax":null,"Value":336},{"Length":7,"Height":21,"Demand":1,"DemandMax":null,"Value":147},{"Length":21,"Height":4,"Demand":1,"DemandMax":null,"Value":84},{"Length":31,"Height":17,"Demand":1,"DemandMax":null,"Value":527},{"Length":10,"Height":20,"Demand":1,"DemandMax":null,"Value":200},{"Length":13,"Height":22,"Demand":1,"DemandMax":null,"Value":286},{"Length":1,"Height":6,"Demand":1,"DemandMax":null,"Value":6},{"Length":16,"Height":4,"Demand":1,"DemandMax":null,"Value":64},{"Length":8,"Height":24,"Demand":1,"DemandMax":null,"Value":192},{"Length":8,"Height":14,"Demand":1,"DemandMax":null,"Value":112},{"Length":23,"Height":7,"Demand":1,"DemandMax":null,"Value":161},{"Length":4,"Height":10,"Demand":1,"DemandMax":null,"Value":40},{"Length":17,"Height":8,"Demand":1,"DemandMax":null,"Value":136},{"Length":33,"Height":31,"Demand":1,"DemandMax":null,"Value":1023},{"Length":3,"Height":17,"Demand":1,"DemandMax":null,"Value":51},{"Length":27,"Height":20,"Demand":1,"DemandMax":null,"Value":540},{"Length":10,"Height":3,"Demand":1,"DemandMax":null,"Value":30},{"Length":4,"Height":7,"Demand":2,"DemandMax":null,"Value":28},{"Length":5,"Height":18,"Demand":1,"DemandMax":null,"Value":90},{"Length":23,"Height":30,"Demand":1,"DemandMax":null,"Value":690},{"Length":6,"Height":18,"Demand":1,"DemandMax":null,"Value":108},{"Length":21,"Height":35,"Demand":1,"DemandMax":null,"Value":735},{"Length":11,"Height":13,"Demand":1,"DemandMax":null,"Value":143},{"Length":3,"Height":1,"Demand":1,"DemandMax":null,"Value":3},{"Length":22,"Height":3,"Demand":1,"DemandMax":null,"Value":66},{"Length":18,"Height":27,"Demand":1,"DemandMax":null,"Value":486},{"Length":22,"Height":22,"Demand":1,"DemandMax":null,"Value":484},{"Length":7,"Height":19,"Demand":1,"DemandMax":null,"Value":133}]}