{"Name":"MB_C6_16","Objects":[{"Length":300,"Height":300,"Stock":null,"Cost":90000},{"Length":275,"Height":251,"Stock":null,"Cost":64830},{"Length":277,"Height":293,"Stock":null,"Cost":79393},{"Length":187,"Height":171,"Stock":null,"Cost":20372},{"Length":184,"Height":225,"Stock":null,"Cost":31680}],"Items":[{"Length":57,"Height":25,"Demand":1,"DemandMax":null,"Value":1425},{"Length":2,"Height":64,"Demand":1,"DemandMax":null,"Value":128},{"Length":65,"Height":48,"Demand":1,"DemandMax":null,"Value":3120},{"Length":34,"Height":32,"Demand":1,"DemandMax":null,"Value":1088},{"Length":32,"Height":7,"Demand":1,"DemandMax":null,"Value":224},{"Length":13,"Height":93,"Demand":1,"DemandMax":null,"Value":1209},{"Length":68,"Height":46,"Demand":1,"DemandMax":null,"Value":3128},{"Length":17,"Height":55,"Demand":1,"DemandMax":null,"Value":935},{"Length":17,"Height":43,"Demand":1,"DemandMax":null,"Value":731},{"Length":57,"Height":65,"Demand":1,"DemandMax":null,"Value":3705},{"Length":58,"Height":10,"Demand":1,"DemandMax":null,"Value":580},{"Length":77,"Height":100,"Demand":1,"DemandMax":null,"Value":7700},{"Length":2,"Height":90,"Demand":1,"DemandMax":null,"Value":180},{"Length":55,"Height":71,"Demand":1,"DemandMax":null,"Value":3905},{"Length":93,"Height":62,"Demand":1,"DemandMax":null,"Value":5766},{"Length":3,"Height":21,"Demand":1,"DemandMax":null,"Value":63},{"Length":8,"Height":37,"Demand":1,"DemandMax":null,"Value":296},{"Length":64,"Height":31,"Demand":1,"DemandMax":null,"Value":1984},{"Length":60,"Height":58,"Demand":1,"DemandMax":null,"Value":3480},{"Length":17,"Height":9,"Demand":1,"DemandMax":null,"Value":153},{"Length":91,"Height":5,"Demand":1,"DemandMax":null,"Value":455},{"Length":72,"Height":1,"Demand":1,"DemandMax":null,"Value":72},{"Length":81,"Height":87,"Demand":1,"DemandMax":null,"Value":7047},{"Length":75,"Height":85,"Demand":1,"DemandMax":null,"Value":6375},{"Length":41,"Height":50,"Demand":1,"DemandMax":null,"Value":2050},{"Length":2,"Height":71,"Demand":1,"DemandMax":null,"Value":142},{"Length":14,"Height":70,"Demand":1,"DemandMax":null,"Value":980},{"Length":65,"Height":4,"Demand":1,"DemandMax":null,"Value":260},{"Length":78,"Height":60,"Demand":1,"DemandMax":null,"Value":4680},{"Length":8,"Height":62,"Demand":1,"DemandMax":null,"Value":496},{"Length":45,"Height":64,"Demand":1,"DemandMax":null,"Value":2880},{"Length":10,"Height":56,"Demand":1,"DemandMax":null,"Value":560},{"Length":59,"Height":59,"Demand":1,"DemandMax":null,"Value":3481},{"Length":81,"Height":30,"Demand":1,"DemandMax":null,"Value":2430},{"Length":98,"Height":57,"Demand":1,"DemandMax":null,"Value":5586},{"Length":65,"Height":63,"Demand":1,"DemandMax":null,"Value":4095},{"Length":72,"Height":2,"Demand":1,"DemandMax":null,"Value":144},{"Length":41,"Height":64,"Demand":1,"DemandMax":null,"Value":2624},{"Length":28,"Height":72,"Demand":1,"DemandMax":null,"Value":2016},{"Length":20,"Height":80,"Demand":1,"DemandMax":null,"Value":1600}]}