{"Name":"MB_C6_4","Objects":[{"Length":300,"Height":300,"Stock":null,"Cost":90000},{"Length":190,"Height":196,"Stock":null,"Cost":26688},{"Length":296,"Height":240,"Stock":null,"Cost":67248},{"Length":181,"Height":276,"Stock":null,"Cost":41947},{"Length":253,"Height":219,"Stock":null,"Cost":48488}],"Items":[{"Length":70,"Height":40,"Demand":1,"DemandMax":null,"Value":2800},{"Length":21,"Height":4,"Demand":1,"DemandMax":null,"Value":84},{"Length":62,"Height":52,"Demand":1,"DemandMax":null,"Value":3224},{"Length":15,"Height":73,"Demand":1,"DemandMax":null,"Value":1095},{"Length":35,"Height":89,"Demand":1,"DemandMax":null,"Value":3115},{"Length":11,"Height":56,"Demand":1,"DemandMax":null,"Value":616},{"Length":65,"Height":62,"Demand":1,"DemandMax":null,"Value":4030},{"Length":54,"Height":30,"Demand":1,"DemandMax":null,"Value":1620},{"Length":65,"Height":16,"Demand":1,"DemandMax":null,"Value":1040},{"Length":22,"Height":7,"Demand":1,"DemandMax":null,"Value":154},{"Length":79,"Height":27,"Demand":1,"DemandMax":null,"Value":2133},{"Length":26,"Height":31,"Demand":1,"DemandMax":null,"Value":806},{"Length":84,"Height":8,"Demand":1,"DemandMax":null,"Value":672},{"Length":10,"Height":80,"Demand":1,"DemandMax":null,"Value":800},{"Length":92,"Height":3,"Demand":1,"DemandMax":null,"Value":276},{"Length":53,"Height":65,"Demand":1,"DemandMax":null,"Value":3445},{"Length":47,"Height":89,"Demand":1,"DemandMax":null,"Value":4183},{"Length":64,"Height":30,"Demand":1,"DemandMax":null,"Value":1920},{"Length":27,"Height":78,"Demand":1,"DemandMax":null,"Value":2106},{"Length":90,"Height":53,"Demand":1,"DemandMax":null,"Value":4770}]}