{"Name":"MB_C4_32","Objects":[{"Length":100,"Height":100,"Stock":null,"Cost":10000},{"Length":91,"Height":53,"Stock":null,"Cost":3787},{"Length":85,"Height":71,"Stock":null,"Cost":5242},{"Length":97,"Height":75,"Stock":null,"Cost":6730},{"Length":96,"Height":57,"Stock":null,"Cost":4566}],"Items":[{"Length":15,"Height":30,"Demand":1,"DemandMax":null,"Value":450},{"Length":3,"Height":13,"Demand":1,"DemandMax":null,"Value":39},{"Length":27,"Height":7,"Demand":1,"DemandMax":null,"Value":189},{"Length":12,"Height":29,"Demand":1,"DemandMax":null,"Value":348},{"Length":2,"Height":7,"Demand":1,"DemandMax":null,"Value":14},{"Length":14,"Height":19,"Demand":1,"DemandMax":null,"Value":266},{"Length":12,"Height":13,"Demand":1,"DemandMax":null,"Value":156},{"Length":2,"Height":21,"Demand":1,"DemandMax":null,"Value":42},{"Length":4,"Height":16,"Demand":1,"DemandMax":null,"Value":64},{"Length":14,"Height":17,"Demand":1,"DemandMax":null,"Value":238},{"Length":4,"Height":19,"Demand":1,"DemandMax":null,"Value":76},{"Length":30,"Height":32,"Demand":1,"DemandMax":null,"Value":960},{"Length":17,"Height":5,"Demand":1,"DemandMax":null,"Value":85},{"Length":8,"Height":2,"Demand":1,"DemandMax":null,"Value":16},{"Length":23,"Height":33,"Demand":1,"DemandMax":null,"Value":759},{"Length":23,"Height":12,"Demand":1,"DemandMax":null,"Value":276},{"Length":15,"Height":5,"Demand":1,"DemandMax":null,"Value":75},{"Length":19,"Height":19,"Demand":1,"DemandMax":null,"Value":361},{"Length":31,"Height":4,"Demand":1,"DemandMax":null,"Value":124},{"Length":23,"Height":27,"Demand":1,"DemandMax":null,"Value":621},{"Length":16,"Height":24,"Demand":2,"DemandMax":null,"Value":384},{"Length":5,"Height":16,"Demand":1,"DemandMax":null,"Value":80},{"Length":34,"Height":33,"Demand":2,"DemandMax":null,"Value":1122},{"Length":16,"Height":14,"Demand":1,"DemandMax":null,"Value":224},{"Length":17,"Height":12,"Demand":1,"DemandMax":null,"Value":204},{"Length":11,"Height":24,"Demand":1,"DemandMax":null,"Value":264},{"Length":17,"Height":23,"Demand":1,"DemandMax":null,"Value":391},{"Length":31,"Height":27,"Demand":1,"DemandMax":null,"Value":837},{"Length":26,"Height":34,"Demand":1,"DemandMax":null,"Value":884},{"Length":21,"Height":16,"Demand":1,"DemandMax":null,"Value":336},{"Length":12,"Height":28,"Demand":1,"DemandMax":null,"Value":336},{"Length":7,"Height":30,"Demand":1,"DemandMax":null,"Value":210},{"Length":26,"Height":30,"Demand":1,"DemandMax":null,"Value":780},{"Length":30,"Height":12,"Demand":1,"DemandMax":null,"Value":360},{"Length":26,"Height":9,"Demand":1,"DemandMax":null,"Value":234},{"Length":34,"Height":27,"Demand":2,"DemandMax":null,"Value":918},{"Length":15,"Height":17,"Demand":1,"DemandMax":null,"Value":255},{"Length":12,"Height":8,"Demand":1,"DemandMax":null,"Value":96},{"Length":9,"Height":10,"Demand":1,"DemandMax":null,"Value":90},{"Length":2,"Height":6,"Demand":1,"DemandMax":null,"Value":12},{"Length":20,"Height":12,"Demand":2,"DemandMax":null,"Value":240},{"Length":26,"Height":14,"Demand":1,"DemandMax":null,"Value":364},{"Length":24,"Height":30,"Demand":1,"DemandMax":null,"Value":720},{"Length":17,"Height":7,"Demand":1,"DemandMax":null,"Value":119},{"Length":16,"Height":18,"Demand":1,"DemandMax":null,"Value":288},{"Length":15,"Height":4,"Demand":1,"DemandMax":null,"Value":60},{"Length":10,"Height":19,"Demand":1,"DemandMax":null,"Value":190},{"Length":10,"Height":25,"Demand":1,"DemandMax":null,"Value":250},{"Length":33,"Height":29,"Demand":1,"DemandMax":null,"Value":957},{"Length":6,"Height":16,"Demand":1,"DemandMax":null,"Value":96},{"Length":6,"Height":17,"Demand":1,"DemandMax":null,"Value":102},{"Length":18,"Height":4,"Demand":1,"DemandMax":null,"Value":72},{"Length":3,"Height":33,"Demand":1,"DemandMax":null,"Value":99},{"Length":4,"Height":29,"Demand":1,"DemandMax":null,"Value":116},{"Length":5,"Height":34,"Demand":1,"DemandMax":null,"Value":170},{"Length":2,"Height":34,"Demand":1,"DemandMax":null,"Value":68},{"Length":4,"Height":24,"Demand":1,"DemandMax":null,"Value":96},{"Length":29,"Height":13,"Demand":1,"DemandMax":null,"Value":377},{"Length":3,"Height":20,"Demand":1,"DemandMax":null,"Value":60},{"Length":6,"Height":5,"Demand":1,"DemandMax":null,"Value":30},{"Length":7,"Height":25,"Demand":1,"DemandMax":null,"Value":175},{"Length":10,"Height":5,"Demand":1,"DemandMax":null,"Value":50},{"Length":13,"Height":30,"Demand":1,"DemandMax":null,"Value":390},{"Length":12,"Height":15,"Demand":1,"DemandMax":null,"Value":180},{"Length":8,"Height":33,"Demand":1,"DemandMax":null,"Value":264},{"Length":20,"Height":24,"Demand":1,"DemandMax":null,"Value":480},{"Length":24,"Height":29,"Demand":1,"DemandMax":null,"Value":696},{"Length":5,"Height":20,"Demand":1,"DemandMax":null,"Value":100},{"Length":29,"Height":18,"Demand":1,"DemandMax":null,"Value":522},{"Length":34,"Height":17,"Demand":1,"DemandMax":null,"Value":578},{"Length":4,"Height":27,"Demand":1,"DemandMax":null,"Value":108},{"Length":6,"Height":31,"Demand":1,"DemandMax":null,"Value":186},{"Length":11,"Height":25,"Demand":1,"DemandMax":null,"Value":275},{"Length":6,"Height":18,"Demand":1,"DemandMax":null,"Value":108},{"Length":19,"Height":29,"Demand":1,"DemandMax":null,"Value":551},{"Length":26,"Height":18,"Demand":1,"DemandMax":null,"Value":468}]}