{"Name":"MB_C8_20","Objects":[{"Length":100,"Height":100,"Stock":null,"Cost":10000},{"Length":73,"Height":79,"Stock":null,"Cost":4920},{"Length":81,"Height":79,"Stock":null,"Cost":5678},{"Length":97,"Height":72,"Stock":null,"Cost":6380},{"Length":71,"Height":80,"Stock":null,"Cost":4816}],"Items":[{"Length":90,"Height":17,"Demand":1,"DemandMax":null,"Value":1530},{"Length":76,"Height":68,"Demand":1,"DemandMax":null,"Value":5168},{"Length":68,"Height":14,"Demand":1,"DemandMax":null,"Value":952},{"Length":76,"Height":22,"Demand":1,"DemandMax":null,"Value":1672},{"Length":83,"Height":38,"Demand":1,"DemandMax":null,"Value":3154},{"Length":87,"Height":29,"Demand":1,"DemandMax":null,"Value":2523},{"Length":100,"Height":40,"Demand":1,"DemandMax":null,"Value":4000},{"Length":83,"Height":39,"Demand":1,"DemandMax":null,"Value":3237},{"Length":77,"Height":69,"Demand":1,"DemandMax":null,"Value":5313},{"Length":99,"Height":1,"Demand":1,"DemandMax":null,"Value":99},{"Length":57,"Height":77,"Demand":1,"DemandMax":null,"Value":4389},{"Length":100,"Height":17,"Demand":1,"DemandMax":null,"Value":1700},{"Length":94,"Height":13,"Demand":1,"DemandMax":null,"Value":1222},{"Length":27,"Height":90,"Demand":1,"DemandMax":null,"Value":2430},{"Length":84,"Height":27,"Demand":1,"DemandMax":null,"Value":2268},{"Length":83,"Height":56,"Demand":1,"DemandMax":null,"Value":4648},{"Length":16,"Height":78,"Demand":1,"DemandMax":null,"Value":1248},{"Length":78,"Height":31,"Demand":1,"DemandMax":null,"Value":2418},{"Length":71,"Height":38,"Demand":1,"DemandMax":null,"Value":2698},{"Length":86,"Height":8,"Demand":1,"DemandMax":null,"Value":688},{"Length":3,"Height":90,"Demand":1,"DemandMax":null,"Value":270},{"Length":79,"Height":38,"Demand":1,"DemandMax":null,"Value":3002},{"Length":66,"Height":10,"Demand":1,"DemandMax":null,"Value":660},{"Length":92,"Height":21,"Demand":1,"DemandMax":null,"Value":1932},{"Length":66,"Height":14,"Demand":1,"DemandMax":null,"Value":924},{"Length":89,"Height":7,"Demand":1,"DemandMax":null,"Value":623},{"Length":68,"Height":45,"Demand":1,"DemandMax":null,"Value":3060},{"Length":70,"Height":46,"Demand":1,"DemandMax":null,"Value":3220},{"Length":73,"Height":4,"Demand":1,"DemandMax":null,"Value":292},{"Length":72,"Height":38,"Demand":1,"DemandMax":null,"Value":2736},{"Length":80,"Height":41,"Demand":1,"DemandMax":null,"Value":3280},{"Length":89,"Height":82,"Demand":1,"DemandMax":null,"Value":7298},{"Length":88,"Height":6,"Demand":1,"DemandMax":null,"Value":528},{"Length":98,"Height":30,"Demand":1,"DemandMax":null,"Value":2940},{"Length":48,"Height":99,"Demand":1,"DemandMax":null,"Value":4752},{"Length":87,"Height":30,"Demand":1,"DemandMax":null,"Value":2610},{"Length":77,"Height":19,"Demand":1,"DemandMax":null,"Value":1463},{"Length":95,"Height":83,"Demand":1,"DemandMax":null,"Value":7885},{"Length":37,"Height":78,"Demand":1,"DemandMax":null,"Value":2886},{"Length":91,"Height":40,"Demand":1,"DemandMax":null,"Value":3640}]}