{"Name":"MB_C3_23","Objects":[{"Length":40,"Height":40,"Stock":null,"Cost":1600},{"Length":36,"Height":23,"Stock":null,"Cost":673},{"Length":26,"Height":23,"Stock":null,"Cost":397},{"Length":38,"Height":39,"Stock":null,"Cost":1458},{"Length":27,"Height":32,"Stock":null,"Cost":716}],"Items":[{"Length":13,"Height":19,"Demand":1,"DemandMax":null,"Value":247},{"Length":13,"Height":9,"Demand":1,"DemandMax":null,"Value":117},{"Length":15,"Height":34,"Demand":1,"DemandMax":null,"Value":510},{"Length":28,"Height":21,"Demand":1,"DemandMax":null,"Value":588},{"Length":34,"Height":12,"Demand":1,"DemandMax":null,"Value":408},{"Length":31,"Height":26,"Demand":1,"DemandMax":null,"Value":806},{"Length":27,"Height":25,"Demand":1,"DemandMax":null,"Value":675},{"Length":5,"Height":16,"Demand":1,"DemandMax":null,"Value":80},{"Length":32,"Height":19,"Demand":1,"DemandMax":null,"Value":608},{"Length":11,"Height":31,"Demand":1,"DemandMax":null,"Value":341},{"Length":30,"Height":23,"Demand":1,"DemandMax":null,"Value":690},{"Length":17,"Height":15,"Demand":1,"DemandMax":null,"Value":255},{"Length":14,"Height":4,"Demand":1,"DemandMax":null,"Value":56},{"Length":5,"Height":32,"Demand":1,"DemandMax":null,"Value":160},{"Length":22,"Height":13,"Demand":1,"DemandMax":null,"Value":286},{"Length":2,"Height":14,"Demand":1,"DemandMax":null,"Value":28},{"Length":34,"Height":7,"Demand":1,"DemandMax":null,"Value":238},{"Length":11,"Height":13,"Demand":1,"DemandMax":null,"Value":143},{"Length":9,"Height":26,"Demand":1,"DemandMax":null,"Value":234},{"Length":13,"Height":20,"Demand":1,"DemandMax":null,"Value":260},{"Length":20,"Height":15,"Demand":1,"DemandMax":null,"Value":300},{"Length":1,"Height":5,"Demand":1,"DemandMax":null,"Value":5},{"Length":12,"Height":35,"Demand":1,"DemandMax":null,"Value":420},{"Length":13,"Height":18,"Demand":1,"DemandMax":null,"Value":234},{"Length":13,"Height":21,"Demand":1,"DemandMax":null,"Value":273},{"Length":30,"Height":17,"Demand":1,"DemandMax":null,"Value":510},{"Length":26,"Height":24,"Demand":1,"DemandMax":null,"Value":624},{"Length":9,"Height":5,"Demand":1,"DemandMax":null,"Value":45},{"Length":32,"Height":1,"Demand":1,"DemandMax":null,"Value":32},{"Length":23,"Height":32,"Demand":1,"DemandMax":null,"Value":736},{"Length":24,"Height":25,"Demand":1,"DemandMax":null,"Value":600},{"Length":19,"Height":22,"Demand":1,"DemandMax":null,"Value":418},{"Length":5,"Height":7,"Demand":1,"DemandMax":null,"Value":35},{"Length":24,"Height":12,"Demand":1,"DemandMax":null,"Value":288},{"Length":26,"Height":10,"Demand":1,"DemandMax":null,"Value":260},{"Length":7,"Height":19,"Demand":1,"DemandMax":null,"Value":133},{"Length":9,"Height":2,"Demand":1,"DemandMax":null,"Value":18},{"Length":17,"Height":35,"Demand":1,"DemandMax":null,"Value":595},{"Length":28,"Height":33,"Demand":1,"DemandMax":null,"Value":924},{"Length":13,"Height":28,"Demand":1,"DemandMax":null,"Value":364},{"Length":28,"Height":27,"Demand":1,"DemandMax":null,"Value":756},{"Length":33,"Height":14,"Demand":1,"DemandMax":null,"Value":462},{"Length":2,"Height":22,"Demand":1,"DemandMax":null,"Value":44},{"Length":23,"Height":21,"Demand":1,"DemandMax":null,"Value":483},{"Length":23,"Height":33,"Demand":1,"DemandMax":null,"Value":759},{"Length":10,"Height":17,"Demand":1,"DemandMax":null,"Value":170},{"Length":3,"Height":17,"Demand":1,"DemandMax":null,"Value":51},{"Length":33,"Height":18,"Demand":1,"DemandMax":null,"Value":594},{"Length":3,"Height":15,"Demand":1,"DemandMax":null,"Value":45},{"Length":2,"Height":15,"Demand":1,"DemandMax":null,"Value":30},{"Length":27,"Height":5,"Demand":1,"DemandMax":null,"Value":135},{"Length":15,"Height":14,"Demand":1,"DemandMax":null,"Value":210},{"Length":21,"Height":16,"Demand":1,"DemandMax":null,"Value":336},{"Length":6,"Height":29,"Demand":1,"DemandMax":null,"Value":174},{"Length":12,"Height":16,"Demand":1,"DemandMax":null,"Value":192},{"Length":25,"Height":18,"Demand":1,"DemandMax":null,"Value":450},{"Length":4,"Height":21,"Demand":1,"DemandMax":null,"Value":84},{"Length":29,"Height":19,"Demand":1,"DemandMax":null,"Value":551},{"Length":13,"Height":22,"Demand":1,"DemandMax":null,"Value":286},{"Length":22,"Height":14,"Demand":1,"DemandMax":null,"Value":308}]}