{"Name":"MB_C8_43","Objects":[{"Length":100,"Height":100,"Stock":null,"Cost":10000},{"Length":62,"Height":67,"Stock":null,"Cost":2984},{"Length":67,"Height":88,"Stock":null,"Cost":5075},{"Length":68,"Height":79,"Stock":null,"Cost":4446},{"Length":92,"Height":50,"Stock":null,"Cost":3520}],"Items":[{"Length":12,"Height":78,"Demand":1,"DemandMax":null,"Value":936},{"Length":96,"Height":29,"Demand":1,"DemandMax":null,"Value":2784},{"Length":94,"Height":90,"Demand":1,"DemandMax":null,"Value":8460},{"Length":89,"Height":47,"Demand":1,"DemandMax":null,"Value":4183},{"Length":69,"Height":16,"Demand":1,"DemandMax":null,"Value":1104},{"Length":84,"Height":42,"Demand":1,"DemandMax":null,"Value":3528},{"Length":96,"Height":44,"Demand":1,"DemandMax":null,"Value":4224},{"Length":81,"Height":16,"Demand":1,"DemandMax":null,"Value":1296},{"Length":72,"Height":26,"Demand":1,"DemandMax":null,"Value":1872},{"Length":81,"Height":18,"Demand":2,"DemandMax":null,"Value":1458},{"Length":68,"Height":10,"Demand":1,"DemandMax":null,"Value":680},{"Length":82,"Height":47,"Demand":1,"DemandMax":null,"Value":3854},{"Length":83,"Height":47,"Demand":1,"DemandMax":null,"Value":3901},{"Length":85,"Height":4,"Demand":1,"DemandMax":null,"Value":340},{"Length":83,"Height":37,"Demand":1,"DemandMax":null,"Value":3071},{"Length":91,"Height":40,"Demand":1,"DemandMax":null,"Value":3640},{"Length":53,"Height":80,"Demand":1,"DemandMax":null,"Value":4240},{"Length":98,"Height":3,"Demand":1,"DemandMax":null,"Value":294},{"Length":10,"Height":84,"Demand":1,"DemandMax":null,"Value":840},{"Length":11,"Height":44,"Demand":1,"DemandMax":null,"Value":484},{"Length":96,"Height":25,"Demand":1,"DemandMax":null,"Value":2400},{"Length":84,"Height":13,"Demand":1,"DemandMax":null,"Value":1092},{"Length":69,"Height":27,"Demand":1,"DemandMax":null,"Value":1863},{"Length":97,"Height":59,"Demand":1,"DemandMax":null,"Value":5723},{"Length":97,"Height":32,"Demand":1,"DemandMax":null,"Value":3104},{"Length":78,"Height":35,"Demand":1,"DemandMax":null,"Value":2730},{"Length":74,"Height":39,"Demand":1,"DemandMax":null,"Value":2886},{"Length":44,"Height":92,"Demand":1,"DemandMax":null,"Value":4048},{"Length":8,"Height":100,"Demand":1,"DemandMax":null,"Value":800},{"Length":87,"Height":13,"Demand":1,"DemandMax":null,"Value":1131},{"Length":68,"Height":27,"Demand":1,"DemandMax":null,"Value":1836},{"Length":88,"Height":29,"Demand":1,"DemandMax":null,"Value":2552},{"Length":37,"Height":75,"Demand":1,"DemandMax":null,"Value":2775},{"Length":12,"Height":99,"Demand":1,"DemandMax":null,"Value":1188},{"Length":82,"Height":28,"Demand":1,"DemandMax":null,"Value":2296},{"Length":78,"Height":21,"Demand":1,"DemandMax":null,"Value":1638},{"Length":75,"Height":21,"Demand":1,"DemandMax":null,"Value":1575},{"Length":68,"Height":46,"Demand":1,"DemandMax":null,"Value":3128},{"Length":7,"Height":94,"Demand":1,"DemandMax":null,"Value":658},{"Length":77,"Height":24,"Demand":1,"DemandMax":null,"Value":1848},{"Length":67,"Height":39,"Demand":1,"DemandMax":null,"Value":2613},{"Length":70,"Height":5,"Demand":1,"DemandMax":null,"Value":350},{"Length":66,"Height":15,"Demand":1,"DemandMax":null,"Value":990},{"Length":84,"Height":39,"Demand":1,"DemandMax":null,"Value":3276},{"Length":3,"Height":79,"Demand":1,"DemandMax":null,"Value":237},{"Length":81,"Height":25,"Demand":1,"DemandMax":null,"Value":2025},{"Length":70,"Height":1,"Demand":1,"DemandMax":null,"Value":70},{"Length":99,"Height":15,"Demand":1,"DemandMax":null,"Value":1485},{"Length":75,"Height":11,"Demand":1,"DemandMax":null,"Value":825},{"Length":100,"Height":8,"Demand":1,"DemandMax":null,"Value":800},{"Length":24,"Height":99,"Demand":1,"DemandMax":null,"Value":2376},{"Length":31,"Height":3,"Demand":1,"DemandMax":null,"Value":93},{"Length":91,"Height":15,"Demand":1,"DemandMax":null,"Value":1365},{"Length":92,"Height":2,"Demand":1,"DemandMax":null,"Value":184},{"Length":53,"Height":57,"Demand":1,"DemandMax":null,"Value":3021},{"Length":83,"Height":3,"Demand":1,"DemandMax":null,"Value":249},{"Length":81,"Height":30,"Demand":1,"DemandMax":null,"Value":2430},{"Length":39,"Height":7,"Demand":1,"DemandMax":null,"Value":273},{"Length":45,"Height":29,"Demand":1,"DemandMax":null,"Value":1305},{"Length":87,"Height":14,"Demand":1,"DemandMax":null,"Value":1218},{"Length":79,"Height":7,"Demand":1,"DemandMax":null,"Value":553},{"Length":2,"Height":25,"Demand":1,"DemandMax":null,"Value":50},{"Length":98,"Height":12,"Demand":1,"DemandMax":null,"Value":1176},{"Length":100,"Height":38,"Demand":1,"DemandMax":null,"Value":3800},{"Length":85,"Height":45,"Demand":1,"DemandMax":null,"Value":3825},{"Length":83,"Height":4,"Demand":1,"DemandMax":null,"Value":332},{"Length":73,"Height":6,"Demand":1,"DemandMax":null,"Value":438},{"Length":79,"Height":72,"Demand":1,"DemandMax":null,"Value":5688},{"Length":99,"Height":45,"Demand":1,"DemandMax":null,"Value":4455},{"Length":73,"Height":44,"Demand":1,"DemandMax":null,"Value":3212},{"Length":91,"Height":12,"Demand":1,"DemandMax":null,"Value":1092},{"Length":80,"Height":19,"Demand":1,"DemandMax":null,"Value":1520},{"Length":86,"Height":7,"Demand":1,"DemandMax":null,"Value":602},{"Length":71,"Height":46,"Demand":1,"DemandMax":null,"Value":3266},{"Length":82,"Height":30,"Demand":1,"DemandMax":null,"Value":2460},{"Length":82,"Height":27,"Demand":1,"DemandMax":null,"Value":2214},{"Length":81,"Height":31,"Demand":1,"DemandMax":null,"Value":2511},{"Length":77,"Height":10,"Demand":1,"DemandMax":null,"Value":770},{"Length":82,"Height":9,"Demand":1,"DemandMax":null,"Value":738},{"Length":92,"Height":47,"Demand":1,"DemandMax":null,"Value":4324},{"Length":85,"Height":16,"Demand":1,"DemandMax":null,"Value":1360},{"Length":91,"Height":36,"Demand":1,"DemandMax":null,"Value":3276},{"Length":90,"Height":50,"Demand":1,"DemandMax":null,"Value":4500},{"Length":75,"Height":28,"Demand":1,"DemandMax":null,"Value":2100},{"Length":96,"Height":13,"Demand":1,"DemandMax":null,"Value":1248},{"Length":79,"Height":23,"Demand":1,"DemandMax":null,"Value":1817},{"Length":70,"Height":3,"Demand":1,"DemandMax":null,"Value":210},{"Length":2,"Height":21,"Demand":1,"DemandMax":null,"Value":42},{"Length":23,"Height":21,"Demand":1,"DemandMax":null,"Value":483},{"Length":74,"Height":22,"Demand":1,"DemandMax":null,"Value":1628},{"Length":94,"Height":17,"Demand":1,"DemandMax":null,"Value":1598},{"Length":67,"Height":26,"Demand":1,"DemandMax":null,"Value":1742},{"Length":13,"Height":94,"Demand":1,"DemandMax":null,"Value":1222},{"Length":78,"Height":33,"Demand":1,"DemandMax":null,"Value":2574},{"Length":87,"Height":93,"Demand":1,"DemandMax":null,"Value":8091},{"Length":74,"Height":42,"Demand":1,"DemandMax":null,"Value":3108},{"Length":76,"Height":23,"Demand":1,"DemandMax":null,"Value":1748},{"Length":90,"Height":5,"Demand":1,"DemandMax":null,"Value":450},{"Length":97,"Height":31,"Demand":1,"DemandMax":null,"Value":3007}]}