{"Name":"MB_C5_50","Objects":[{"Length":100,"Height":100,"Stock":null,"Cost":10000},{"Length":62,"Height":92,"Stock":null,"Cost":4844},{"Length":92,"Height":98,"Stock":null,"Cost":8819},{"Length":76,"Height":70,"Stock":null,"Cost":4384},{"Length":75,"Height":55,"Stock":null,"Cost":2950}],"Items":[{"Length":76,"Height":88,"Demand":1,"DemandMax":null,"Value":6688},{"Length":23,"Height":22,"Demand":1,"DemandMax":null,"Value":506},{"Length":9,"Height":91,"Demand":1,"DemandMax":null,"Value":819},{"Length":57,"Height":82,"Demand":1,"DemandMax":null,"Value":4674},{"Length":23,"Height":19,"Demand":1,"DemandMax":null,"Value":437},{"Length":94,"Height":56,"Demand":1,"DemandMax":null,"Value":5264},{"Length":94,"Height":83,"Demand":1,"DemandMax":null,"Value":7802},{"Length":78,"Height":21,"Demand":1,"DemandMax":null,"Value":1638},{"Length":35,"Height":27,"Demand":1,"DemandMax":null,"Value":945},{"Length":87,"Height":89,"Demand":1,"DemandMax":null,"Value":7743},{"Length":90,"Height":29,"Demand":1,"DemandMax":null,"Value":2610},{"Length":32,"Height":4,"Demand":1,"DemandMax":null,"Value":128},{"Length":36,"Height":1,"Demand":1,"DemandMax":null,"Value":36},{"Length":57,"Height":43,"Demand":1,"DemandMax":null,"Value":2451},{"Length":84,"Height":86,"Demand":1,"DemandMax":null,"Value":7224},{"Length":40,"Height":19,"Demand":1,"DemandMax":null,"Value":760},{"Length":80,"Height":63,"Demand":1,"DemandMax":null,"Value":5040},{"Length":93,"Height":75,"Demand":1,"DemandMax":null,"Value":6975},{"Length":1,"Height":43,"Demand":1,"DemandMax":null,"Value":43},{"Length":59,"Height":89,"Demand":1,"DemandMax":null,"Value":5251},{"Length":57,"Height":69,"Demand":1,"DemandMax":null,"Value":3933},{"Length":17,"Height":72,"Demand":1,"DemandMax":null,"Value":1224},{"Length":94,"Height":21,"Demand":1,"DemandMax":null,"Value":1974},{"Length":77,"Height":70,"Demand":1,"DemandMax":null,"Value":5390},{"Length":89,"Height":8,"Demand":1,"DemandMax":null,"Value":712},{"Length":84,"Height":58,"Demand":1,"DemandMax":null,"Value":4872},{"Length":53,"Height":76,"Demand":1,"DemandMax":null,"Value":4028},{"Length":17,"Height":49,"Demand":1,"DemandMax":null,"Value":833},{"Length":31,"Height":1,"Demand":1,"DemandMax":null,"Value":31},{"Length":85,"Height":87,"Demand":1,"DemandMax":null,"Value":7395},{"Length":100,"Height":96,"Demand":1,"DemandMax":null,"Value":9600},{"Length":33,"Height":50,"Demand":1,"DemandMax":null,"Value":1650},{"Length":72,"Height":5,"Demand":1,"DemandMax":null,"Value":360},{"Length":40,"Height":49,"Demand":1,"DemandMax":null,"Value":1960},{"Length":91,"Height":5,"Demand":1,"DemandMax":null,"Value":455},{"Length":16,"Height":29,"Demand":1,"DemandMax":null,"Value":464},{"Length":35,"Height":8,"Demand":1,"DemandMax":null,"Value":280},{"Length":5,"Height":66,"Demand":1,"DemandMax":null,"Value":330},{"Length":15,"Height":58,"Demand":1,"DemandMax":null,"Value":870},{"Length":86,"Height":73,"Demand":1,"DemandMax":null,"Value":6278},{"Length":75,"Height":33,"Demand":1,"DemandMax":null,"Value":2475},{"Length":70,"Height":93,"Demand":1,"DemandMax":null,"Value":6510},{"Length":93,"Height":43,"Demand":1,"DemandMax":null,"Value":3999},{"Length":100,"Height":5,"Demand":1,"DemandMax":null,"Value":500},{"Length":81,"Height":34,"Demand":1,"DemandMax":null,"Value":2754},{"Length":56,"Height":20,"Demand":1,"DemandMax":null,"Value":1120},{"Length":82,"Height":83,"Demand":1,"DemandMax":null,"Value":6806},{"Length":47,"Height":81,"Demand":1,"DemandMax":null,"Value":3807},{"Length":75,"Height":2,"Demand":1,"DemandMax":null,"Value":150},{"Length":19,"Height":67,"Demand":1,"DemandMax":null,"Value":1273},{"Length":70,"Height":34,"Demand":1,"DemandMax":null,"Value":2380},{"Length":49,"Height":90,"Demand":1,"DemandMax":null,"Value":4410},{"Length":12,"Height":57,"Demand":1,"DemandMax":null,"Value":684},{"Length":48,"Height":92,"Demand":1,"DemandMax":null,"Value":4416},{"Length":79,"Height":83,"Demand":1,"DemandMax":null,"Value":6557},{"Length":61,"Height":53,"Demand":1,"DemandMax":null,"Value":3233},{"Length":83,"Height":57,"Demand":1,"DemandMax":null,"Value":4731},{"Length":66,"Height":83,"Demand":1,"DemandMax":null,"Value":5478},{"Length":66,"Height":55,"Demand":1,"DemandMax":null,"Value":3630},{"Length":73,"Height":27,"Demand":1,"DemandMax":null,"Value":1971},{"Length":8,"Height":89,"Demand":1,"DemandMax":null,"Value":712},{"Length":27,"Height":62,"Demand":1,"DemandMax":null,"Value":1674},{"Length":19,"Height":3,"Demand":1,"DemandMax":null,"Value":57},{"Length":5,"Height":100,"Demand":1,"DemandMax":null,"Value":500},{"Length":43,"Height":75,"Demand":1,"DemandMax":null,"Value":3225},{"Length":20,"Height":85,"Demand":1,"DemandMax":null,"Value":1700},{"Length":59,"Height":17,"Demand":1,"DemandMax":null,"Value":1003},{"Length":15,"Height":94,"Demand":1,"DemandMax":null,"Value":1410},{"Length":78,"Height":72,"Demand":1,"DemandMax":null,"Value":5616},{"Length":69,"Height":40,"Demand":1,"DemandMax":null,"Value":2760},{"Length":43,"Height":19,"Demand":1,"DemandMax":null,"Value":817},{"Length":91,"Height":66,"Demand":1,"DemandMax":null,"Value":6006},{"Length":34,"Height":69,"Demand":1,"DemandMax":null,"Value":2346},{"Length":27,"Height":50,"Demand":1,"DemandMax":null,"Value":1350},{"Length":60,"Height":65,"Demand":1,"DemandMax":null,"Value":3900},{"Length":55,"Height":3,"Demand":1,"DemandMax":null,"Value":165},{"Length":67,"Height":87,"Demand":1,"DemandMax":null,"Value":5829},{"Length":85,"Height":71,"Demand":1,"DemandMax":null,"Value":6035},{"Length":32,"Height":44,"Demand":1,"DemandMax":null,"Value":1408},{"Length":63,"Height":29,"Demand":1,"DemandMax":null,"Value":1827},{"Length":66,"Height":82,"Demand":1,"DemandMax":null,"Value":5412},{"Length":65,"Height":90,"Demand":1,"DemandMax":null,"Value":5850},{"Length":14,"Height":77,"Demand":1,"DemandMax":null,"Value":1078},{"Length":3,"Height":98,"Demand":1,"DemandMax":null,"Value":294},{"Length":54,"Height":42,"Demand":1,"DemandMax":null,"Value":2268},{"Length":22,"Height":31,"Demand":1,"DemandMax":null,"Value":682},{"Length":96,"Height":21,"Demand":1,"DemandMax":null,"Value":2016},{"Length":98,"Height":100,"Demand":1,"DemandMax":null,"Value":9800},{"Length":85,"Height":91,"Demand":1,"DemandMax":null,"Value":7735},{"Length":44,"Height":50,"Demand":1,"DemandMax":null,"Value":2200},{"Length":98,"Height":64,"Demand":1,"DemandMax":null,"Value":6272},{"Length":4,"Height":57,"Demand":1,"DemandMax":null,"Value":228},{"Length":48,"Height":84,"Demand":1,"DemandMax":null,"Value":4032},{"Length":55,"Height":34,"Demand":1,"DemandMax":null,"Value":1870},{"Length":78,"Height":29,"Demand":1,"DemandMax":null,"Value":2262},{"Length":8,"Height":24,"Demand":1,"DemandMax":null,"Value":192},{"Length":67,"Height":9,"Demand":1,"DemandMax":null,"Value":603},{"Length":9,"Height":6,"Demand":1,"DemandMax":null,"Value":54},{"Length":24,"Height":70,"Demand":1,"DemandMax":null,"Value":1680},{"Length":34,"Height":91,"Demand":1,"DemandMax":null,"Value":3094}]}