{"Name":"MB_C8_6","Objects":[{"Length":100,"Height":100,"Stock":null,"Cost":10000},{"Length":81,"Height":86,"Stock":null,"Cost":6359},{"Length":84,"Height":58,"Stock":null,"Cost":3846},{"Length":78,"Height":84,"Stock":null,"Cost":5862},{"Length":77,"Height":82,"Stock":null,"Cost":5576}],"Items":[{"Length":70,"Height":7,"Demand":1,"DemandMax":null,"Value":490},{"Length":95,"Height":12,"Demand":1,"DemandMax":null,"Value":1140},{"Length":95,"Height":36,"Demand":1,"DemandMax":null,"Value":3420},{"Length":99,"Height":49,"Demand":1,"DemandMax":null,"Value":4851},{"Length":86,"Height":43,"Demand":1,"DemandMax":null,"Value":3698},{"Length":87,"Height":39,"Demand":1,"DemandMax":null,"Value":3393},{"Length":80,"Height":28,"Demand":1,"DemandMax":null,"Value":2240},{"Length":42,"Height":87,"Demand":1,"DemandMax":null,"Value":3654},{"Length":15,"Height":41,"Demand":1,"DemandMax":null,"Value":615},{"Length":87,"Height":27,"Demand":1,"DemandMax":null,"Value":2349},{"Length":11,"Height":32,"Demand":1,"DemandMax":null,"Value":352},{"Length":99,"Height":25,"Demand":1,"DemandMax":null,"Value":2475},{"Length":73,"Height":1,"Demand":1,"DemandMax":null,"Value":73},{"Length":43,"Height":27,"Demand":1,"DemandMax":null,"Value":1161},{"Length":74,"Height":48,"Demand":1,"DemandMax":null,"Value":3552},{"Length":76,"Height":31,"Demand":1,"DemandMax":null,"Value":2356},{"Length":78,"Height":22,"Demand":1,"DemandMax":null,"Value":1716},{"Length":76,"Height":39,"Demand":1,"DemandMax":null,"Value":2964},{"Length":84,"Height":25,"Demand":1,"DemandMax":null,"Value":2100},{"Length":96,"Height":49,"Demand":1,"DemandMax":null,"Value":4704}]}