{"Name":"MB_C5_8","Objects":[{"Length":100,"Height":100,"Stock":null,"Cost":10000},{"Length":62,"Height":89,"Stock":null,"Cost":4621},{"Length":76,"Height":86,"Stock":null,"Cost":5843},{"Length":68,"Height":54,"Stock":null,"Cost":2406},{"Length":68,"Height":59,"Stock":null,"Cost":2814}],"Items":[{"Length":41,"Height":85,"Demand":1,"DemandMax":null,"Value":3485},{"Length":9,"Height":37,"Demand":1,"DemandMax":null,"Value":333},{"Length":77,"Height":18,"Demand":1,"DemandMax":null,"Value":1386},{"Length":34,"Height":83,"Demand":1,"DemandMax":null,"Value":2822},{"Length":4,"Height":20,"Demand":1,"DemandMax":null,"Value":80},{"Length":40,"Height":53,"Demand":1,"DemandMax":null,"Value":2120},{"Length":33,"Height":37,"Demand":1,"DemandMax":null,"Value":1221},{"Length":4,"Height":60,"Demand":1,"DemandMax":null,"Value":240},{"Length":10,"Height":44,"Demand":1,"DemandMax":null,"Value":440},{"Length":38,"Height":46,"Demand":1,"DemandMax":null,"Value":1748},{"Length":11,"Height":55,"Demand":1,"DemandMax":null,"Value":605},{"Length":85,"Height":91,"Demand":1,"DemandMax":null,"Value":7735},{"Length":48,"Height":12,"Demand":1,"DemandMax":null,"Value":576},{"Length":23,"Height":6,"Demand":1,"DemandMax":null,"Value":138},{"Length":66,"Height":94,"Demand":1,"DemandMax":null,"Value":6204},{"Length":64,"Height":33,"Demand":1,"DemandMax":null,"Value":2112},{"Length":42,"Height":12,"Demand":1,"DemandMax":null,"Value":504},{"Length":53,"Height":53,"Demand":1,"DemandMax":null,"Value":2809},{"Length":87,"Height":11,"Demand":1,"DemandMax":null,"Value":957},{"Length":66,"Height":75,"Demand":1,"DemandMax":null,"Value":4950}]}