{"Name":"MB_C10_23","Objects":[{"Length":100,"Height":100,"Stock":null,"Cost":10000},{"Length":61,"Height":75,"Stock":null,"Cost":3490},{"Length":93,"Height":58,"Stock":null,"Cost":4472},{"Length":99,"Height":63,"Stock":null,"Cost":5484},{"Length":72,"Height":50,"Stock":null,"Cost":2320}],"Items":[{"Length":27,"Height":18,"Demand":1,"DemandMax":null,"Value":486},{"Length":71,"Height":99,"Demand":1,"DemandMax":null,"Value":7029},{"Length":30,"Height":49,"Demand":1,"DemandMax":null,"Value":1470},{"Length":45,"Height":37,"Demand":1,"DemandMax":null,"Value":1665},{"Length":35,"Height":7,"Demand":1,"DemandMax":null,"Value":245},{"Length":45,"Height":28,"Demand":1,"DemandMax":null,"Value":1260},{"Length":94,"Height":93,"Demand":1,"DemandMax":null,"Value":8742},{"Length":24,"Height":21,"Demand":1,"DemandMax":null,"Value":504},{"Length":5,"Height":7,"Demand":1,"DemandMax":null,"Value":35},{"Length":31,"Height":18,"Demand":1,"DemandMax":null,"Value":558},{"Length":20,"Height":99,"Demand":1,"DemandMax":null,"Value":1980},{"Length":76,"Height":18,"Demand":1,"DemandMax":null,"Value":1368},{"Length":87,"Height":68,"Demand":1,"DemandMax":null,"Value":5916},{"Length":28,"Height":21,"Demand":1,"DemandMax":null,"Value":588},{"Length":7,"Height":77,"Demand":1,"DemandMax":null,"Value":539},{"Length":18,"Height":26,"Demand":1,"DemandMax":null,"Value":468},{"Length":30,"Height":42,"Demand":1,"DemandMax":null,"Value":1260},{"Length":37,"Height":34,"Demand":1,"DemandMax":null,"Value":1258},{"Length":56,"Height":96,"Demand":1,"DemandMax":null,"Value":5376},{"Length":33,"Height":97,"Demand":1,"DemandMax":null,"Value":3201},{"Length":35,"Height":28,"Demand":1,"DemandMax":null,"Value":980},{"Length":7,"Height":10,"Demand":1,"DemandMax":null,"Value":70},{"Length":17,"Height":37,"Demand":1,"DemandMax":null,"Value":629},{"Length":59,"Height":77,"Demand":1,"DemandMax":null,"Value":4543},{"Length":51,"Height":74,"Demand":1,"DemandMax":null,"Value":3774},{"Length":39,"Height":47,"Demand":1,"DemandMax":null,"Value":1833},{"Length":40,"Height":40,"Demand":1,"DemandMax":null,"Value":1600},{"Length":47,"Height":20,"Demand":1,"DemandMax":null,"Value":940},{"Length":31,"Height":88,"Demand":1,"DemandMax":null,"Value":2728},{"Length":33,"Height":46,"Demand":1,"DemandMax":null,"Value":1518},{"Length":74,"Height":53,"Demand":1,"DemandMax":null,"Value":3922},{"Length":47,"Height":25,"Demand":1,"DemandMax":null,"Value":1175},{"Length":21,"Height":67,"Demand":1,"DemandMax":null,"Value":1407},{"Length":39,"Height":7,"Demand":1,"DemandMax":null,"Value":273},{"Length":20,"Height":30,"Demand":1,"DemandMax":null,"Value":600},{"Length":8,"Height":42,"Demand":1,"DemandMax":null,"Value":336},{"Length":22,"Height":35,"Demand":1,"DemandMax":null,"Value":770},{"Length":6,"Height":29,"Demand":1,"DemandMax":null,"Value":174},{"Length":28,"Height":18,"Demand":1,"DemandMax":null,"Value":504},{"Length":31,"Height":20,"Demand":1,"DemandMax":null,"Value":620},{"Length":36,"Height":29,"Demand":1,"DemandMax":null,"Value":1044},{"Length":35,"Height":13,"Demand":1,"DemandMax":null,"Value":455},{"Length":47,"Height":17,"Demand":1,"DemandMax":null,"Value":799},{"Length":16,"Height":72,"Demand":1,"DemandMax":null,"Value":1152},{"Length":11,"Height":34,"Demand":1,"DemandMax":null,"Value":374},{"Length":25,"Height":9,"Demand":1,"DemandMax":null,"Value":225},{"Length":77,"Height":78,"Demand":1,"DemandMax":null,"Value":6006},{"Length":12,"Height":11,"Demand":1,"DemandMax":null,"Value":132},{"Length":47,"Height":1,"Demand":1,"DemandMax":null,"Value":47},{"Length":84,"Height":16,"Demand":1,"DemandMax":null,"Value":1344},{"Length":20,"Height":1,"Demand":1,"DemandMax":null,"Value":20},{"Length":20,"Height":24,"Demand":1,"DemandMax":null,"Value":480},{"Length":46,"Height":29,"Demand":1,"DemandMax":null,"Value":1334},{"Length":94,"Height":35,"Demand":1,"DemandMax":null,"Value":3290},{"Length":24,"Height":35,"Demand":1,"DemandMax":null,"Value":840},{"Length":40,"Height":49,"Demand":1,"DemandMax":null,"Value":1960},{"Length":69,"Height":19,"Demand":1,"DemandMax":null,"Value":1311},{"Length":16,"Height":16,"Demand":1,"DemandMax":null,"Value":256},{"Length":90,"Height":81,"Demand":1,"DemandMax":null,"Value":7290},{"Length":21,"Height":90,"Demand":1,"DemandMax":null,"Value":1890}]}