{"Name":"MB_C1_20","Objects":[{"Length":10,"Height":10,"Stock":null,"Cost":100},{"Length":8,"Height":6,"Stock":null,"Cost":37},{"Length":8,"Height":7,"Stock":null,"Cost":47},{"Length":9,"Height":8,"Stock":null,"Cost":66},{"Length":6,"Height":6,"Stock":null,"Cost":23}],"Items":[{"Length":6,"Height":8,"Demand":2,"DemandMax":null,"Value":48},{"Length":4,"Height":9,"Demand":2,"DemandMax":null,"Value":36},{"Length":6,"Height":4,"Demand":2,"DemandMax":null,"Value":24},{"Length":3,"Height":1,"Demand":3,"DemandMax":null,"Value":3},{"Length":3,"Height":3,"Demand":1,"DemandMax":null,"Value":9},{"Length":3,"Height":5,"Demand":2,"DemandMax":null,"Value":15},{"Length":6,"Height":6,"Demand":1,"DemandMax":null,"Value":36},{"Length":8,"Height":8,"Demand":1,"DemandMax":null,"Value":64},{"Length":7,"Height":6,"Demand":1,"DemandMax":null,"Value":42},{"Length":5,"Height":10,"Demand":1,"DemandMax":null,"Value":50},{"Length":8,"Height":3,"Demand":1,"DemandMax":null,"Value":24},{"Length":9,"Height":6,"Demand":1,"DemandMax":null,"Value":54},{"Length":4,"Height":8,"Demand":2,"DemandMax":null,"Value":32},{"Length":10,"Height":1,"Demand":1,"DemandMax":null,"Value":10},{"Length":9,"Height":2,"Demand":1,"DemandMax":null,"Value":18},{"Length":10,"Height":4,"Demand":1,"DemandMax":null,"Value":40},{"Length":6,"Height":7,"Demand":1,"DemandMax":null,"Value":42},{"Length":5,"Height":6,"Demand":1,"DemandMax":null,"Value":30},{"Length":6,"Height":9,"Demand":1,"DemandMax":null,"Value":54},{"Length":7,"Height":2,"Demand":2,"DemandMax":null,"Value":14},{"Length":1,"Height":4,"Demand":1,"DemandMax":null,"Value":4},{"Length":4,"Height":7,"Demand":2,"DemandMax":null,"Value":28},{"Length":3,"Height":2,"Demand":1,"DemandMax":null,"Value":6},{"Length":8,"Height":5,"Demand":2,"DemandMax":null,"Value":40},{"Length":6,"Height":2,"Demand":1,"DemandMax":null,"Value":12},{"Length":1,"Height":1,"Demand":1,"DemandMax":null,"Value":1},{"Length":7,"Height":4,"Demand":1,"DemandMax":null,"Value":28},{"Length":4,"Height":1,"Demand":1,"DemandMax":null,"Value":4},{"Length":2,"Height":4,"Demand":1,"DemandMax":null,"Value":8},{"Length":7,"Height":1,"Demand":1,"DemandMax":null,"Value":7}]}