{"Name":"MB_C7_14","Objects":[{"Length":100,"Height":100,"Stock":null,"Cost":10000},{"Length":56,"Height":58,"Stock":null,"Cost":1897},{"Length":68,"Height":94,"Stock":null,"Cost":5670},{"Length":96,"Height":92,"Stock":null,"Cost":8598},{"Length":69,"Height":60,"Stock":null,"Cost":2968}],"Items":[{"Length":43,"Height":68,"Demand":1,"DemandMax":null,"Value":2924},{"Length":39,"Height":72,"Demand":2,"DemandMax":null,"Value":2808},{"Length":42,"Height":67,"Demand":1,"DemandMax":null,"Value":2814},{"Length":20,"Height":84,"Demand":1,"DemandMax":null,"Value":1680},{"Length":19,"Height":67,"Demand":1,"DemandMax":null,"Value":1273},{"Length":5,"Height":81,"Demand":1,"DemandMax":null,"Value":405},{"Length":23,"Height":69,"Demand":1,"DemandMax":null,"Value":1587},{"Length":43,"Height":97,"Demand":1,"DemandMax":null,"Value":4171},{"Length":6,"Height":73,"Demand":1,"DemandMax":null,"Value":438},{"Length":33,"Height":98,"Demand":1,"DemandMax":null,"Value":3234},{"Length":17,"Height":80,"Demand":1,"DemandMax":null,"Value":1360},{"Length":27,"Height":84,"Demand":1,"DemandMax":null,"Value":2268},{"Length":55,"Height":83,"Demand":1,"DemandMax":null,"Value":4565},{"Length":81,"Height":34,"Demand":1,"DemandMax":null,"Value":2754},{"Length":22,"Height":99,"Demand":1,"DemandMax":null,"Value":2178},{"Length":22,"Height":19,"Demand":1,"DemandMax":null,"Value":418},{"Length":17,"Height":76,"Demand":1,"DemandMax":null,"Value":1292},{"Length":24,"Height":88,"Demand":1,"DemandMax":null,"Value":2112},{"Length":89,"Height":86,"Demand":1,"DemandMax":null,"Value":7654},{"Length":29,"Height":23,"Demand":1,"DemandMax":null,"Value":667},{"Length":87,"Height":92,"Demand":1,"DemandMax":null,"Value":8004},{"Length":67,"Height":87,"Demand":1,"DemandMax":null,"Value":5829},{"Length":48,"Height":92,"Demand":1,"DemandMax":null,"Value":4416},{"Length":24,"Height":77,"Demand":1,"DemandMax":null,"Value":1848},{"Length":12,"Height":75,"Demand":1,"DemandMax":null,"Value":900},{"Length":8,"Height":99,"Demand":1,"DemandMax":null,"Value":792},{"Length":85,"Height":16,"Demand":1,"DemandMax":null,"Value":1360},{"Length":79,"Height":34,"Demand":1,"DemandMax":null,"Value":2686},{"Length":99,"Height":97,"Demand":1,"DemandMax":null,"Value":9603},{"Length":10,"Height":81,"Demand":1,"DemandMax":null,"Value":810},{"Length":21,"Height":69,"Demand":1,"DemandMax":null,"Value":1449},{"Length":27,"Height":75,"Demand":1,"DemandMax":null,"Value":2025},{"Length":98,"Height":42,"Demand":1,"DemandMax":null,"Value":4116},{"Length":23,"Height":71,"Demand":1,"DemandMax":null,"Value":1633},{"Length":25,"Height":69,"Demand":1,"DemandMax":null,"Value":1725},{"Length":47,"Height":69,"Demand":1,"DemandMax":null,"Value":3243},{"Length":56,"Height":98,"Demand":1,"DemandMax":null,"Value":5488},{"Length":48,"Height":69,"Demand":1,"DemandMax":null,"Value":3312},{"Length":41,"Height":78,"Demand":1,"DemandMax":null,"Value":3198}]}