{"Name":"MB_C9_17","Objects":[{"Length":100,"Height":100,"Stock":null,"Cost":10000},{"Length":69,"Height":79,"Stock":null,"Cost":4541},{"Length":80,"Height":74,"Stock":null,"Cost":5104},{"Length":72,"Height":84,"Stock":null,"Cost":5257},{"Length":96,"Height":80,"Stock":null,"Cost":7216}],"Items":[{"Length":52,"Height":76,"Demand":1,"DemandMax":null,"Value":3952},{"Length":100,"Height":65,"Demand":1,"DemandMax":null,"Value":6500},{"Length":4,"Height":43,"Demand":1,"DemandMax":null,"Value":172},{"Length":89,"Height":2,"Demand":1,"DemandMax":null,"Value":178},{"Length":83,"Height":61,"Demand":1,"DemandMax":null,"Value":5063},{"Length":70,"Height":66,"Demand":1,"DemandMax":null,"Value":4620},{"Length":90,"Height":84,"Demand":1,"DemandMax":null,"Value":7560},{"Length":60,"Height":58,"Demand":1,"DemandMax":null,"Value":3480},{"Length":83,"Height":9,"Demand":1,"DemandMax":null,"Value":747},{"Length":68,"Height":29,"Demand":1,"DemandMax":null,"Value":1972},{"Length":39,"Height":91,"Demand":1,"DemandMax":null,"Value":3549},{"Length":99,"Height":77,"Demand":1,"DemandMax":null,"Value":7623},{"Length":29,"Height":18,"Demand":1,"DemandMax":null,"Value":522},{"Length":98,"Height":53,"Demand":1,"DemandMax":null,"Value":5194},{"Length":48,"Height":2,"Demand":1,"DemandMax":null,"Value":96},{"Length":100,"Height":8,"Demand":1,"DemandMax":null,"Value":800},{"Length":45,"Height":92,"Demand":1,"DemandMax":null,"Value":4140},{"Length":53,"Height":89,"Demand":1,"DemandMax":null,"Value":4717},{"Length":79,"Height":29,"Demand":1,"DemandMax":null,"Value":2291},{"Length":60,"Height":100,"Demand":1,"DemandMax":null,"Value":6000},{"Length":71,"Height":71,"Demand":1,"DemandMax":null,"Value":5041},{"Length":80,"Height":37,"Demand":1,"DemandMax":null,"Value":2960},{"Length":52,"Height":66,"Demand":1,"DemandMax":null,"Value":3432},{"Length":84,"Height":52,"Demand":1,"DemandMax":null,"Value":4368},{"Length":60,"Height":64,"Demand":1,"DemandMax":null,"Value":3840},{"Length":50,"Height":47,"Demand":1,"DemandMax":null,"Value":2350},{"Length":98,"Height":17,"Demand":1,"DemandMax":null,"Value":1666},{"Length":69,"Height":68,"Demand":1,"DemandMax":null,"Value":4692},{"Length":61,"Height":70,"Demand":1,"DemandMax":null,"Value":4270},{"Length":41,"Height":78,"Demand":1,"DemandMax":null,"Value":3198},{"Length":3,"Height":85,"Demand":1,"DemandMax":null,"Value":255},{"Length":66,"Height":95,"Demand":1,"DemandMax":null,"Value":6270},{"Length":73,"Height":88,"Demand":1,"DemandMax":null,"Value":6424},{"Length":94,"Height":100,"Demand":1,"DemandMax":null,"Value":9400},{"Length":80,"Height":1,"Demand":1,"DemandMax":null,"Value":80},{"Length":74,"Height":83,"Demand":1,"DemandMax":null,"Value":6142},{"Length":97,"Height":66,"Demand":1,"DemandMax":null,"Value":6402},{"Length":57,"Height":95,"Demand":1,"DemandMax":null,"Value":5415},{"Length":50,"Height":86,"Demand":1,"DemandMax":null,"Value":4300},{"Length":95,"Height":84,"Demand":1,"DemandMax":null,"Value":7980}]}