{"Name":"MB_C3_50","Objects":[{"Length":40,"Height":40,"Stock":null,"Cost":1600},{"Length":32,"Height":28,"Stock":null,"Cost":755},{"Length":34,"Height":29,"Stock":null,"Cost":863},{"Length":30,"Height":20,"Stock":null,"Cost":400},{"Length":30,"Height":27,"Stock":null,"Cost":652}],"Items":[{"Length":27,"Height":31,"Demand":1,"DemandMax":null,"Value":837},{"Length":8,"Height":8,"Demand":1,"DemandMax":null,"Value":64},{"Length":4,"Height":32,"Demand":1,"DemandMax":null,"Value":128},{"Length":20,"Height":29,"Demand":1,"DemandMax":null,"Value":580},{"Length":8,"Height":7,"Demand":1,"DemandMax":null,"Value":56},{"Length":33,"Height":20,"Demand":1,"DemandMax":null,"Value":660},{"Length":33,"Height":29,"Demand":1,"DemandMax":null,"Value":957},{"Length":28,"Height":8,"Demand":1,"DemandMax":null,"Value":224},{"Length":13,"Height":10,"Demand":1,"DemandMax":null,"Value":130},{"Length":31,"Height":31,"Demand":1,"DemandMax":null,"Value":961},{"Length":32,"Height":11,"Demand":1,"DemandMax":null,"Value":352},{"Length":11,"Height":2,"Demand":1,"DemandMax":null,"Value":22},{"Length":13,"Height":1,"Demand":1,"DemandMax":null,"Value":13},{"Length":20,"Height":16,"Demand":1,"DemandMax":null,"Value":320},{"Length":30,"Height":31,"Demand":2,"DemandMax":null,"Value":930},{"Length":14,"Height":7,"Demand":1,"DemandMax":null,"Value":98},{"Length":28,"Height":23,"Demand":1,"DemandMax":null,"Value":644},{"Length":33,"Height":27,"Demand":1,"DemandMax":null,"Value":891},{"Length":1,"Height":15,"Demand":1,"DemandMax":null,"Value":15},{"Length":21,"Height":32,"Demand":1,"DemandMax":null,"Value":672},{"Length":20,"Height":25,"Demand":1,"DemandMax":null,"Value":500},{"Length":6,"Height":26,"Demand":1,"DemandMax":null,"Value":156},{"Length":33,"Height":8,"Demand":1,"DemandMax":null,"Value":264},{"Length":27,"Height":25,"Demand":1,"DemandMax":null,"Value":675},{"Length":31,"Height":3,"Demand":1,"DemandMax":null,"Value":93},{"Length":30,"Height":21,"Demand":1,"DemandMax":null,"Value":630},{"Length":19,"Height":27,"Demand":1,"DemandMax":null,"Value":513},{"Length":6,"Height":18,"Demand":1,"DemandMax":null,"Value":108},{"Length":11,"Height":1,"Demand":1,"DemandMax":null,"Value":11},{"Length":35,"Height":34,"Demand":1,"DemandMax":null,"Value":1190},{"Length":12,"Height":18,"Demand":1,"DemandMax":null,"Value":216},{"Length":26,"Height":2,"Demand":1,"DemandMax":null,"Value":52},{"Length":14,"Height":18,"Demand":1,"DemandMax":null,"Value":252},{"Length":32,"Height":2,"Demand":1,"DemandMax":null,"Value":64},{"Length":6,"Height":10,"Demand":1,"DemandMax":null,"Value":60},{"Length":13,"Height":3,"Demand":1,"DemandMax":null,"Value":39},{"Length":2,"Height":23,"Demand":1,"DemandMax":null,"Value":46},{"Length":5,"Height":21,"Demand":1,"DemandMax":null,"Value":105},{"Length":30,"Height":26,"Demand":1,"DemandMax":null,"Value":780},{"Length":27,"Height":12,"Demand":1,"DemandMax":null,"Value":324},{"Length":25,"Height":33,"Demand":1,"DemandMax":null,"Value":825},{"Length":33,"Height":15,"Demand":1,"DemandMax":null,"Value":495},{"Length":35,"Height":2,"Demand":1,"DemandMax":null,"Value":70},{"Length":29,"Height":12,"Demand":1,"DemandMax":null,"Value":348},{"Length":20,"Height":7,"Demand":1,"DemandMax":null,"Value":140},{"Length":29,"Height":29,"Demand":1,"DemandMax":null,"Value":841},{"Length":17,"Height":29,"Demand":1,"DemandMax":null,"Value":493},{"Length":26,"Height":1,"Demand":1,"DemandMax":null,"Value":26},{"Length":7,"Height":24,"Demand":1,"DemandMax":null,"Value":168},{"Length":25,"Height":12,"Demand":1,"DemandMax":null,"Value":300},{"Length":18,"Height":32,"Demand":1,"DemandMax":null,"Value":576},{"Length":5,"Height":20,"Demand":1,"DemandMax":null,"Value":100},{"Length":17,"Height":33,"Demand":1,"DemandMax":null,"Value":561},{"Length":28,"Height":30,"Demand":1,"DemandMax":null,"Value":840},{"Length":22,"Height":19,"Demand":1,"DemandMax":null,"Value":418},{"Length":29,"Height":20,"Demand":1,"DemandMax":null,"Value":580},{"Length":23,"Height":29,"Demand":1,"DemandMax":null,"Value":667},{"Length":23,"Height":19,"Demand":1,"DemandMax":null,"Value":437},{"Length":26,"Height":10,"Demand":1,"DemandMax":null,"Value":260},{"Length":3,"Height":31,"Demand":1,"DemandMax":null,"Value":93},{"Length":10,"Height":22,"Demand":1,"DemandMax":null,"Value":220},{"Length":7,"Height":1,"Demand":1,"DemandMax":null,"Value":7},{"Length":2,"Height":35,"Demand":1,"DemandMax":null,"Value":70},{"Length":15,"Height":27,"Demand":1,"DemandMax":null,"Value":405},{"Length":7,"Height":30,"Demand":1,"DemandMax":null,"Value":210},{"Length":21,"Height":6,"Demand":1,"DemandMax":null,"Value":126},{"Length":6,"Height":33,"Demand":1,"DemandMax":null,"Value":198},{"Length":28,"Height":26,"Demand":1,"DemandMax":null,"Value":728},{"Length":24,"Height":14,"Demand":1,"DemandMax":null,"Value":336},{"Length":16,"Height":7,"Demand":1,"DemandMax":null,"Value":112},{"Length":32,"Height":23,"Demand":1,"DemandMax":null,"Value":736},{"Length":12,"Height":24,"Demand":1,"DemandMax":null,"Value":288},{"Length":10,"Height":18,"Demand":1,"DemandMax":null,"Value":180},{"Length":21,"Height":23,"Demand":1,"DemandMax":null,"Value":483},{"Length":20,"Height":2,"Demand":1,"DemandMax":null,"Value":40},{"Length":24,"Height":31,"Demand":1,"DemandMax":null,"Value":744},{"Length":30,"Height":25,"Demand":1,"DemandMax":null,"Value":750},{"Length":12,"Height":16,"Demand":1,"DemandMax":null,"Value":192},{"Length":22,"Height":11,"Demand":1,"DemandMax":null,"Value":242},{"Length":24,"Height":29,"Demand":1,"DemandMax":null,"Value":696},{"Length":23,"Height":32,"Demand":1,"DemandMax":null,"Value":736},{"Length":5,"Height":27,"Demand":1,"DemandMax":null,"Value":135},{"Length":1,"Height":35,"Demand":1,"DemandMax":null,"Value":35},{"Length":19,"Height":15,"Demand":1,"DemandMax":null,"Value":285},{"Length":8,"Height":11,"Demand":1,"DemandMax":null,"Value":88},{"Length":34,"Height":8,"Demand":1,"DemandMax":null,"Value":272},{"Length":35,"Height":35,"Demand":1,"DemandMax":null,"Value":1225},{"Length":30,"Height":32,"Demand":1,"DemandMax":null,"Value":960},{"Length":16,"Height":18,"Demand":1,"DemandMax":null,"Value":288},{"Length":35,"Height":23,"Demand":1,"DemandMax":null,"Value":805},{"Length":2,"Height":20,"Demand":1,"DemandMax":null,"Value":40},{"Length":17,"Height":30,"Demand":1,"DemandMax":null,"Value":510},{"Length":19,"Height":12,"Demand":1,"DemandMax":null,"Value":228},{"Length":28,"Height":10,"Demand":1,"DemandMax":null,"Value":280},{"Length":3,"Height":9,"Demand":1,"DemandMax":null,"Value":27},{"Length":24,"Height":4,"Demand":1,"DemandMax":null,"Value":96},{"Length":3,"Height":2,"Demand":1,"DemandMax":null,"Value":6},{"Length":9,"Height":25,"Demand":1,"DemandMax":null,"Value":225},{"Length":12,"Height":32,"Demand":1,"DemandMax":null,"Value":384}]}