{"Name":"MB_C7_41","Objects":[{"Length":100,"Height":100,"Stock":null,"Cost":10000},{"Length":95,"Height":94,"Stock":null,"Cost":8716},{"Length":60,"Height":60,"Stock":null,"Cost":2320},{"Length":75,"Height":95,"Stock":null,"Cost":6550},{"Length":99,"Height":97,"Stock":null,"Cost":9523}],"Items":[{"Length":48,"Height":97,"Demand":1,"DemandMax":null,"Value":4656},{"Length":18,"Height":71,"Demand":1,"DemandMax":null,"Value":1278},{"Length":46,"Height":9,"Demand":1,"DemandMax":null,"Value":414},{"Length":49,"Height":94,"Demand":1,"DemandMax":null,"Value":4606},{"Length":22,"Height":82,"Demand":1,"DemandMax":null,"Value":1804},{"Length":33,"Height":67,"Demand":1,"DemandMax":null,"Value":2211},{"Length":25,"Height":96,"Demand":1,"DemandMax":null,"Value":2400},{"Length":19,"Height":94,"Demand":1,"DemandMax":null,"Value":1786},{"Length":7,"Height":15,"Demand":1,"DemandMax":null,"Value":105},{"Length":8,"Height":71,"Demand":1,"DemandMax":null,"Value":568},{"Length":66,"Height":90,"Demand":1,"DemandMax":null,"Value":5940},{"Length":1,"Height":68,"Demand":1,"DemandMax":null,"Value":68},{"Length":4,"Height":78,"Demand":1,"DemandMax":null,"Value":312},{"Length":46,"Height":84,"Demand":1,"DemandMax":null,"Value":3864},{"Length":20,"Height":99,"Demand":1,"DemandMax":null,"Value":1980},{"Length":44,"Height":84,"Demand":1,"DemandMax":null,"Value":3696},{"Length":13,"Height":87,"Demand":1,"DemandMax":null,"Value":1131},{"Length":45,"Height":69,"Demand":1,"DemandMax":null,"Value":3105},{"Length":34,"Height":78,"Demand":1,"DemandMax":null,"Value":2652},{"Length":49,"Height":74,"Demand":2,"DemandMax":null,"Value":3626},{"Length":89,"Height":7,"Demand":1,"DemandMax":null,"Value":623},{"Length":6,"Height":98,"Demand":1,"DemandMax":null,"Value":588},{"Length":60,"Height":99,"Demand":1,"DemandMax":null,"Value":5940},{"Length":16,"Height":72,"Demand":1,"DemandMax":null,"Value":1152},{"Length":16,"Height":96,"Demand":1,"DemandMax":null,"Value":1536},{"Length":85,"Height":49,"Demand":1,"DemandMax":null,"Value":4165},{"Length":49,"Height":95,"Demand":1,"DemandMax":null,"Value":4655},{"Length":94,"Height":67,"Demand":1,"DemandMax":null,"Value":6298},{"Length":10,"Height":96,"Demand":1,"DemandMax":null,"Value":960},{"Length":13,"Height":75,"Demand":1,"DemandMax":null,"Value":975},{"Length":48,"Height":98,"Demand":1,"DemandMax":null,"Value":4704},{"Length":34,"Height":38,"Demand":1,"DemandMax":null,"Value":1292},{"Length":15,"Height":68,"Demand":1,"DemandMax":null,"Value":1020},{"Length":71,"Height":40,"Demand":1,"DemandMax":null,"Value":2840},{"Length":10,"Height":75,"Demand":2,"DemandMax":null,"Value":750},{"Length":36,"Height":79,"Demand":1,"DemandMax":null,"Value":2844},{"Length":32,"Height":84,"Demand":1,"DemandMax":null,"Value":2688},{"Length":16,"Height":84,"Demand":1,"DemandMax":null,"Value":1344},{"Length":33,"Height":94,"Demand":1,"DemandMax":null,"Value":3102},{"Length":11,"Height":10,"Demand":1,"DemandMax":null,"Value":110},{"Length":90,"Height":27,"Demand":1,"DemandMax":null,"Value":2430},{"Length":17,"Height":87,"Demand":1,"DemandMax":null,"Value":1479},{"Length":25,"Height":78,"Demand":1,"DemandMax":null,"Value":1950},{"Length":1,"Height":69,"Demand":1,"DemandMax":null,"Value":69},{"Length":16,"Height":92,"Demand":1,"DemandMax":null,"Value":1472},{"Length":13,"Height":88,"Demand":1,"DemandMax":null,"Value":1144},{"Length":11,"Height":90,"Demand":1,"DemandMax":null,"Value":990},{"Length":4,"Height":74,"Demand":1,"DemandMax":null,"Value":296},{"Length":71,"Height":11,"Demand":1,"DemandMax":null,"Value":781},{"Length":21,"Height":97,"Demand":1,"DemandMax":null,"Value":2037},{"Length":17,"Height":88,"Demand":1,"DemandMax":null,"Value":1496},{"Length":13,"Height":97,"Demand":1,"DemandMax":null,"Value":1261},{"Length":41,"Height":80,"Demand":1,"DemandMax":null,"Value":3280},{"Length":20,"Height":68,"Demand":1,"DemandMax":null,"Value":1360},{"Length":43,"Height":74,"Demand":1,"DemandMax":null,"Value":3182},{"Length":29,"Height":94,"Demand":1,"DemandMax":null,"Value":2726},{"Length":22,"Height":70,"Demand":1,"DemandMax":null,"Value":1540},{"Length":41,"Height":69,"Demand":1,"DemandMax":null,"Value":2829},{"Length":30,"Height":5,"Demand":1,"DemandMax":null,"Value":150},{"Length":7,"Height":99,"Demand":1,"DemandMax":null,"Value":693},{"Length":15,"Height":69,"Demand":1,"DemandMax":null,"Value":1035},{"Length":25,"Height":79,"Demand":1,"DemandMax":null,"Value":1975},{"Length":29,"Height":71,"Demand":1,"DemandMax":null,"Value":2059},{"Length":46,"Height":78,"Demand":1,"DemandMax":null,"Value":3588},{"Length":20,"Height":76,"Demand":1,"DemandMax":null,"Value":1520},{"Length":79,"Height":45,"Demand":1,"DemandMax":null,"Value":3555},{"Length":39,"Height":82,"Demand":1,"DemandMax":null,"Value":3198},{"Length":47,"Height":99,"Demand":1,"DemandMax":null,"Value":4653},{"Length":36,"Height":91,"Demand":1,"DemandMax":null,"Value":3276},{"Length":27,"Height":87,"Demand":1,"DemandMax":null,"Value":2349},{"Length":73,"Height":2,"Demand":1,"DemandMax":null,"Value":146},{"Length":9,"Height":94,"Demand":1,"DemandMax":null,"Value":846},{"Length":14,"Height":79,"Demand":1,"DemandMax":null,"Value":1106},{"Length":45,"Height":86,"Demand":1,"DemandMax":null,"Value":3870},{"Length":45,"Height":94,"Demand":1,"DemandMax":null,"Value":4230},{"Length":83,"Height":96,"Demand":1,"DemandMax":null,"Value":7968},{"Length":4,"Height":15,"Demand":1,"DemandMax":null,"Value":60},{"Length":25,"Height":93,"Demand":1,"DemandMax":null,"Value":2325},{"Length":90,"Height":91,"Demand":1,"DemandMax":null,"Value":8190},{"Length":79,"Height":12,"Demand":1,"DemandMax":null,"Value":948},{"Length":69,"Height":21,"Demand":1,"DemandMax":null,"Value":1449},{"Length":17,"Height":74,"Demand":1,"DemandMax":null,"Value":1258},{"Length":48,"Height":68,"Demand":1,"DemandMax":null,"Value":3264},{"Length":17,"Height":40,"Demand":1,"DemandMax":null,"Value":680},{"Length":78,"Height":39,"Demand":1,"DemandMax":null,"Value":3042},{"Length":70,"Height":95,"Demand":1,"DemandMax":null,"Value":6650},{"Length":77,"Height":28,"Demand":1,"DemandMax":null,"Value":2156},{"Length":26,"Height":86,"Demand":1,"DemandMax":null,"Value":2236},{"Length":43,"Height":19,"Demand":1,"DemandMax":null,"Value":817},{"Length":35,"Height":94,"Demand":1,"DemandMax":null,"Value":3290},{"Length":47,"Height":74,"Demand":1,"DemandMax":null,"Value":3478},{"Length":47,"Height":86,"Demand":1,"DemandMax":null,"Value":4042},{"Length":29,"Height":72,"Demand":1,"DemandMax":null,"Value":2088},{"Length":12,"Height":98,"Demand":1,"DemandMax":null,"Value":1176},{"Length":93,"Height":10,"Demand":1,"DemandMax":null,"Value":930},{"Length":79,"Height":93,"Demand":1,"DemandMax":null,"Value":7347},{"Length":27,"Height":75,"Demand":1,"DemandMax":null,"Value":2025},{"Length":50,"Height":76,"Demand":1,"DemandMax":null,"Value":3800}]}