{"Name":"MB_C2_25","Objects":[{"Length":30,"Height":30,"Stock":null,"Cost":900},{"Length":15,"Height":25,"Stock":null,"Cost":270},{"Length":27,"Height":18,"Stock":null,"Cost":403},{"Length":18,"Height":26,"Stock":null,"Cost":381},{"Length":26,"Height":21,"Stock":null,"Cost":475}],"Items":[{"Length":1,"Height":3,"Demand":2,"DemandMax":null,"Value":3},{"Length":4,"Height":4,"Demand":1,"DemandMax":null,"Value":16},{"Length":9,"Height":6,"Demand":1,"DemandMax":null,"Value":54},{"Length":9,"Height":9,"Demand":1,"DemandMax":null,"Value":81},{"Length":8,"Height":5,"Demand":1,"DemandMax":null,"Value":40},{"Length":7,"Height":10,"Demand":1,"DemandMax":null,"Value":70},{"Length":7,"Height":1,"Demand":2,"DemandMax":null,"Value":7},{"Length":4,"Height":3,"Demand":1,"DemandMax":null,"Value":12},{"Length":6,"Height":9,"Demand":3,"DemandMax":null,"Value":54},{"Length":9,"Height":5,"Demand":1,"DemandMax":null,"Value":45},{"Length":5,"Height":4,"Demand":3,"DemandMax":null,"Value":20},{"Length":5,"Height":2,"Demand":2,"DemandMax":null,"Value":10},{"Length":6,"Height":4,"Demand":2,"DemandMax":null,"Value":24},{"Length":5,"Height":1,"Demand":1,"DemandMax":null,"Value":5},{"Length":2,"Height":8,"Demand":1,"DemandMax":null,"Value":16},{"Length":5,"Height":10,"Demand":1,"DemandMax":null,"Value":50},{"Length":6,"Height":6,"Demand":1,"DemandMax":null,"Value":36},{"Length":10,"Height":8,"Demand":1,"DemandMax":null,"Value":80},{"Length":6,"Height":1,"Demand":3,"DemandMax":null,"Value":6},{"Length":7,"Height":6,"Demand":1,"DemandMax":null,"Value":42},{"Length":8,"Height":3,"Demand":2,"DemandMax":null,"Value":24},{"Length":8,"Height":8,"Demand":1,"DemandMax":null,"Value":64},{"Length":9,"Height":1,"Demand":1,"DemandMax":null,"Value":9},{"Length":10,"Height":1,"Demand":2,"DemandMax":null,"Value":10},{"Length":1,"Height":2,"Demand":2,"DemandMax":null,"Value":2},{"Length":6,"Height":10,"Demand":1,"DemandMax":null,"Value":60},{"Length":3,"Height":9,"Demand":1,"DemandMax":null,"Value":27},{"Length":4,"Height":9,"Demand":1,"DemandMax":null,"Value":36},{"Length":6,"Height":3,"Demand":2,"DemandMax":null,"Value":18},{"Length":10,"Height":2,"Demand":2,"DemandMax":null,"Value":20},{"Length":2,"Height":9,"Demand":2,"DemandMax":null,"Value":18},{"Length":7,"Height":3,"Demand":1,"DemandMax":null,"Value":21},{"Length":4,"Height":7,"Demand":2,"DemandMax":null,"Value":28},{"Length":8,"Height":1,"Demand":1,"DemandMax":null,"Value":8},{"Length":9,"Height":8,"Demand":1,"DemandMax":null,"Value":72},{"Length":10,"Height":5,"Demand":1,"DemandMax":null,"Value":50},{"Length":7,"Height":7,"Demand":1,"DemandMax":null,"Value":49},{"Length":3,"Height":5,"Demand":2,"DemandMax":null,"Value":15},{"Length":1,"Height":6,"Demand":1,"DemandMax":null,"Value":6},{"Length":5,"Height":6,"Demand":1,"DemandMax":null,"Value":30},{"Length":8,"Height":4,"Demand":1,"DemandMax":null,"Value":32},{"Length":5,"Height":8,"Demand":1,"DemandMax":null,"Value":40}]}