{"Name":"MB_C7_5","Objects":[{"Length":100,"Height":100,"Stock":null,"Cost":10000},{"Length":85,"Height":63,"Stock":null,"Cost":4425},{"Length":54,"Height":56,"Stock":null,"Cost":1628},{"Length":69,"Height":50,"Stock":null,"Cost":2140},{"Length":93,"Height":89,"Stock":null,"Cost":7932}],"Items":[{"Length":48,"Height":97,"Demand":1,"DemandMax":null,"Value":4656},{"Length":18,"Height":71,"Demand":1,"DemandMax":null,"Value":1278},{"Length":46,"Height":9,"Demand":1,"DemandMax":null,"Value":414},{"Length":49,"Height":94,"Demand":1,"DemandMax":null,"Value":4606},{"Length":22,"Height":82,"Demand":1,"DemandMax":null,"Value":1804},{"Length":33,"Height":67,"Demand":1,"DemandMax":null,"Value":2211},{"Length":25,"Height":96,"Demand":1,"DemandMax":null,"Value":2400},{"Length":19,"Height":94,"Demand":1,"DemandMax":null,"Value":1786},{"Length":7,"Height":15,"Demand":1,"DemandMax":null,"Value":105},{"Length":8,"Height":71,"Demand":1,"DemandMax":null,"Value":568},{"Length":66,"Height":90,"Demand":1,"DemandMax":null,"Value":5940},{"Length":1,"Height":68,"Demand":1,"DemandMax":null,"Value":68},{"Length":4,"Height":78,"Demand":1,"DemandMax":null,"Value":312},{"Length":46,"Height":84,"Demand":1,"DemandMax":null,"Value":3864},{"Length":20,"Height":99,"Demand":1,"DemandMax":null,"Value":1980},{"Length":44,"Height":84,"Demand":1,"DemandMax":null,"Value":3696},{"Length":13,"Height":87,"Demand":1,"DemandMax":null,"Value":1131},{"Length":45,"Height":69,"Demand":1,"DemandMax":null,"Value":3105},{"Length":34,"Height":78,"Demand":1,"DemandMax":null,"Value":2652},{"Length":49,"Height":74,"Demand":1,"DemandMax":null,"Value":3626}]}