{"Name":"MB_C5_9","Objects":[{"Length":100,"Height":100,"Stock":null,"Cost":10000},{"Length":56,"Height":64,"Stock":null,"Cost":2300},{"Length":53,"Height":62,"Stock":null,"Cost":1943},{"Length":52,"Height":53,"Stock":null,"Cost":1307},{"Length":51,"Height":95,"Stock":null,"Cost":3814}],"Items":[{"Length":36,"Height":53,"Demand":1,"DemandMax":null,"Value":1908},{"Length":36,"Height":25,"Demand":1,"DemandMax":null,"Value":900},{"Length":43,"Height":97,"Demand":1,"DemandMax":null,"Value":4171},{"Length":78,"Height":59,"Demand":1,"DemandMax":null,"Value":4602},{"Length":97,"Height":32,"Demand":1,"DemandMax":null,"Value":3104},{"Length":89,"Height":73,"Demand":1,"DemandMax":null,"Value":6497},{"Length":75,"Height":70,"Demand":1,"DemandMax":null,"Value":5250},{"Length":13,"Height":45,"Demand":1,"DemandMax":null,"Value":585},{"Length":90,"Height":55,"Demand":1,"DemandMax":null,"Value":4950},{"Length":29,"Height":87,"Demand":1,"DemandMax":null,"Value":2523},{"Length":85,"Height":64,"Demand":1,"DemandMax":null,"Value":5440},{"Length":48,"Height":42,"Demand":1,"DemandMax":null,"Value":2016},{"Length":39,"Height":10,"Demand":1,"DemandMax":null,"Value":390},{"Length":13,"Height":89,"Demand":1,"DemandMax":null,"Value":1157},{"Length":61,"Height":36,"Demand":1,"DemandMax":null,"Value":2196},{"Length":4,"Height":39,"Demand":1,"DemandMax":null,"Value":156},{"Length":97,"Height":20,"Demand":1,"DemandMax":null,"Value":1940},{"Length":30,"Height":35,"Demand":1,"DemandMax":null,"Value":1050},{"Length":25,"Height":73,"Demand":1,"DemandMax":null,"Value":1825},{"Length":37,"Height":57,"Demand":1,"DemandMax":null,"Value":2109}]}