{"Name":"MB_C10_6","Objects":[{"Length":100,"Height":100,"Stock":null,"Cost":10000},{"Length":87,"Height":59,"Stock":null,"Cost":4159},{"Length":91,"Height":83,"Stock":null,"Cost":7063},{"Length":79,"Height":77,"Stock":null,"Cost":5299},{"Length":53,"Height":69,"Stock":null,"Cost":2388}],"Items":[{"Length":7,"Height":7,"Demand":1,"DemandMax":null,"Value":49},{"Length":43,"Height":12,"Demand":1,"DemandMax":null,"Value":516},{"Length":42,"Height":36,"Demand":1,"DemandMax":null,"Value":1512},{"Length":99,"Height":49,"Demand":1,"DemandMax":null,"Value":4851},{"Length":30,"Height":43,"Demand":1,"DemandMax":null,"Value":1290},{"Length":31,"Height":39,"Demand":1,"DemandMax":null,"Value":1209},{"Length":21,"Height":28,"Demand":1,"DemandMax":null,"Value":588},{"Length":42,"Height":87,"Demand":1,"DemandMax":null,"Value":3654},{"Length":15,"Height":41,"Demand":1,"DemandMax":null,"Value":615},{"Length":31,"Height":27,"Demand":1,"DemandMax":null,"Value":837},{"Length":11,"Height":32,"Demand":1,"DemandMax":null,"Value":352},{"Length":98,"Height":75,"Demand":1,"DemandMax":null,"Value":7350},{"Length":11,"Height":1,"Demand":1,"DemandMax":null,"Value":11},{"Length":43,"Height":27,"Demand":1,"DemandMax":null,"Value":1161},{"Length":13,"Height":48,"Demand":1,"DemandMax":null,"Value":624},{"Length":16,"Height":31,"Demand":1,"DemandMax":null,"Value":496},{"Length":78,"Height":22,"Demand":1,"DemandMax":null,"Value":1716},{"Length":16,"Height":39,"Demand":1,"DemandMax":null,"Value":624},{"Length":27,"Height":25,"Demand":1,"DemandMax":null,"Value":675},{"Length":45,"Height":49,"Demand":1,"DemandMax":null,"Value":2205}]}