{"Name":"MB_C5_34","Objects":[{"Length":100,"Height":100,"Stock":null,"Cost":10000},{"Length":82,"Height":75,"Stock":null,"Cost":5380},{"Length":92,"Height":74,"Stock":null,"Cost":6169},{"Length":90,"Height":83,"Stock":null,"Cost":6964},{"Length":64,"Height":85,"Stock":null,"Cost":4528}],"Items":[{"Length":4,"Height":98,"Demand":1,"DemandMax":null,"Value":392},{"Length":4,"Height":30,"Demand":1,"DemandMax":null,"Value":120},{"Length":66,"Height":86,"Demand":1,"DemandMax":null,"Value":5676},{"Length":46,"Height":87,"Demand":1,"DemandMax":null,"Value":4002},{"Length":32,"Height":88,"Demand":1,"DemandMax":null,"Value":2816},{"Length":46,"Height":79,"Demand":1,"DemandMax":null,"Value":3634},{"Length":44,"Height":82,"Demand":1,"DemandMax":null,"Value":3608},{"Length":15,"Height":52,"Demand":1,"DemandMax":null,"Value":780},{"Length":81,"Height":78,"Demand":1,"DemandMax":null,"Value":6318},{"Length":98,"Height":82,"Demand":1,"DemandMax":null,"Value":8036},{"Length":54,"Height":21,"Demand":1,"DemandMax":null,"Value":1134},{"Length":72,"Height":82,"Demand":1,"DemandMax":null,"Value":5904},{"Length":8,"Height":89,"Demand":1,"DemandMax":null,"Value":712},{"Length":49,"Height":96,"Demand":1,"DemandMax":null,"Value":4704},{"Length":19,"Height":93,"Demand":1,"DemandMax":null,"Value":1767},{"Length":73,"Height":1,"Demand":1,"DemandMax":null,"Value":73},{"Length":100,"Height":77,"Demand":1,"DemandMax":null,"Value":7700},{"Length":22,"Height":9,"Demand":1,"DemandMax":null,"Value":198},{"Length":95,"Height":20,"Demand":1,"DemandMax":null,"Value":1900},{"Length":7,"Height":64,"Demand":1,"DemandMax":null,"Value":448},{"Length":81,"Height":31,"Demand":1,"DemandMax":null,"Value":2511},{"Length":72,"Height":44,"Demand":1,"DemandMax":null,"Value":3168},{"Length":70,"Height":57,"Demand":1,"DemandMax":null,"Value":3990},{"Length":95,"Height":59,"Demand":1,"DemandMax":null,"Value":5605},{"Length":5,"Height":74,"Demand":1,"DemandMax":null,"Value":370},{"Length":88,"Height":55,"Demand":1,"DemandMax":null,"Value":4840},{"Length":66,"Height":93,"Demand":1,"DemandMax":null,"Value":6138},{"Length":94,"Height":9,"Demand":1,"DemandMax":null,"Value":846},{"Length":62,"Height":60,"Demand":1,"DemandMax":null,"Value":3720},{"Length":92,"Height":33,"Demand":1,"DemandMax":null,"Value":3036},{"Length":39,"Height":51,"Demand":1,"DemandMax":null,"Value":1989},{"Length":92,"Height":70,"Demand":1,"DemandMax":null,"Value":6440},{"Length":74,"Height":78,"Demand":1,"DemandMax":null,"Value":5772},{"Length":40,"Height":98,"Demand":1,"DemandMax":null,"Value":3920},{"Length":78,"Height":86,"Demand":1,"DemandMax":null,"Value":6708},{"Length":12,"Height":30,"Demand":1,"DemandMax":null,"Value":360},{"Length":96,"Height":52,"Demand":1,"DemandMax":null,"Value":4992},{"Length":20,"Height":8,"Demand":1,"DemandMax":null,"Value":160},{"Length":5,"Height":87,"Demand":1,"DemandMax":null,"Value":435},{"Length":8,"Height":11,"Demand":1,"DemandMax":null,"Value":88},{"Length":17,"Height":35,"Demand":1,"DemandMax":null,"Value":595},{"Length":55,"Height":50,"Demand":1,"DemandMax":null,"Value":2750},{"Length":76,"Height":76,"Demand":1,"DemandMax":null,"Value":5776},{"Length":71,"Height":69,"Demand":1,"DemandMax":null,"Value":4899},{"Length":60,"Height":18,"Demand":1,"DemandMax":null,"Value":1080},{"Length":100,"Height":46,"Demand":1,"DemandMax":null,"Value":4600},{"Length":80,"Height":8,"Demand":1,"DemandMax":null,"Value":640},{"Length":21,"Height":93,"Demand":1,"DemandMax":null,"Value":1953},{"Length":80,"Height":23,"Demand":1,"DemandMax":null,"Value":1840},{"Length":45,"Height":53,"Demand":1,"DemandMax":null,"Value":2385},{"Length":38,"Height":74,"Demand":1,"DemandMax":null,"Value":2812},{"Length":16,"Height":5,"Demand":1,"DemandMax":null,"Value":80},{"Length":66,"Height":4,"Demand":1,"DemandMax":null,"Value":264},{"Length":11,"Height":60,"Demand":1,"DemandMax":null,"Value":660},{"Length":7,"Height":94,"Demand":1,"DemandMax":null,"Value":658},{"Length":43,"Height":61,"Demand":1,"DemandMax":null,"Value":2623},{"Length":40,"Height":52,"Demand":1,"DemandMax":null,"Value":2080},{"Length":54,"Height":88,"Demand":1,"DemandMax":null,"Value":4752},{"Length":75,"Height":24,"Demand":1,"DemandMax":null,"Value":1800},{"Length":24,"Height":50,"Demand":1,"DemandMax":null,"Value":1200},{"Length":58,"Height":88,"Demand":1,"DemandMax":null,"Value":5104},{"Length":64,"Height":93,"Demand":1,"DemandMax":null,"Value":5952},{"Length":65,"Height":54,"Demand":1,"DemandMax":null,"Value":3510},{"Length":17,"Height":93,"Demand":1,"DemandMax":null,"Value":1581},{"Length":8,"Height":67,"Demand":1,"DemandMax":null,"Value":536},{"Length":61,"Height":63,"Demand":1,"DemandMax":null,"Value":3843},{"Length":31,"Height":5,"Demand":1,"DemandMax":null,"Value":155},{"Length":8,"Height":47,"Demand":1,"DemandMax":null,"Value":376},{"Length":13,"Height":79,"Demand":1,"DemandMax":null,"Value":1027},{"Length":2,"Height":22,"Demand":1,"DemandMax":null,"Value":44},{"Length":64,"Height":33,"Demand":1,"DemandMax":null,"Value":2112},{"Length":21,"Height":100,"Demand":1,"DemandMax":null,"Value":2100},{"Length":28,"Height":46,"Demand":1,"DemandMax":null,"Value":1288},{"Length":75,"Height":25,"Demand":1,"DemandMax":null,"Value":1875},{"Length":84,"Height":27,"Demand":1,"DemandMax":null,"Value":2268},{"Length":11,"Height":75,"Demand":1,"DemandMax":null,"Value":825},{"Length":43,"Height":23,"Demand":1,"DemandMax":null,"Value":989},{"Length":4,"Height":60,"Demand":1,"DemandMax":null,"Value":240},{"Length":49,"Height":10,"Demand":1,"DemandMax":null,"Value":490},{"Length":66,"Height":26,"Demand":1,"DemandMax":null,"Value":1716}]}