{"Name":"MB_C6_2","Objects":[{"Length":300,"Height":300,"Stock":null,"Cost":90000},{"Length":151,"Height":274,"Stock":null,"Cost":31648},{"Length":287,"Height":231,"Stock":null,"Cost":61556},{"Length":280,"Height":206,"Stock":null,"Cost":51216},{"Length":277,"Height":155,"Stock":null,"Cost":33522}],"Items":[{"Length":16,"Height":18,"Demand":1,"DemandMax":null,"Value":288},{"Length":72,"Height":51,"Demand":1,"DemandMax":null,"Value":3672},{"Length":12,"Height":95,"Demand":1,"DemandMax":null,"Value":1140},{"Length":24,"Height":7,"Demand":1,"DemandMax":null,"Value":168},{"Length":32,"Height":75,"Demand":1,"DemandMax":null,"Value":2400},{"Length":91,"Height":21,"Demand":1,"DemandMax":null,"Value":1911},{"Length":89,"Height":1,"Demand":1,"DemandMax":null,"Value":89},{"Length":48,"Height":4,"Demand":1,"DemandMax":null,"Value":192},{"Length":25,"Height":52,"Demand":1,"DemandMax":null,"Value":1300},{"Length":9,"Height":1,"Demand":1,"DemandMax":null,"Value":9},{"Length":20,"Height":40,"Demand":1,"DemandMax":null,"Value":800},{"Length":16,"Height":90,"Demand":1,"DemandMax":null,"Value":1440},{"Length":85,"Height":7,"Demand":1,"DemandMax":null,"Value":595},{"Length":48,"Height":81,"Demand":1,"DemandMax":null,"Value":3888},{"Length":62,"Height":33,"Demand":1,"DemandMax":null,"Value":2046},{"Length":16,"Height":19,"Demand":1,"DemandMax":null,"Value":304},{"Length":32,"Height":28,"Demand":1,"DemandMax":null,"Value":896},{"Length":65,"Height":82,"Demand":1,"DemandMax":null,"Value":5330},{"Length":4,"Height":37,"Demand":1,"DemandMax":null,"Value":148},{"Length":71,"Height":81,"Demand":1,"DemandMax":null,"Value":5751}]}