{"Name":"MB_C8_37","Objects":[{"Length":100,"Height":100,"Stock":null,"Cost":10000},{"Length":97,"Height":95,"Stock":null,"Cost":9058},{"Length":58,"Height":79,"Stock":null,"Cost":3498},{"Length":67,"Height":58,"Stock":null,"Cost":2663},{"Length":91,"Height":86,"Stock":null,"Cost":7391}],"Items":[{"Length":80,"Height":65,"Demand":1,"DemandMax":null,"Value":5200},{"Length":81,"Height":43,"Demand":1,"DemandMax":null,"Value":3483},{"Length":99,"Height":33,"Demand":1,"DemandMax":null,"Value":3267},{"Length":82,"Height":30,"Demand":1,"DemandMax":null,"Value":2460},{"Length":96,"Height":2,"Demand":1,"DemandMax":null,"Value":192},{"Length":85,"Height":44,"Demand":1,"DemandMax":null,"Value":3740},{"Length":18,"Height":25,"Demand":1,"DemandMax":null,"Value":450},{"Length":89,"Height":37,"Demand":1,"DemandMax":null,"Value":3293},{"Length":79,"Height":50,"Demand":1,"DemandMax":null,"Value":3950},{"Length":96,"Height":8,"Demand":1,"DemandMax":null,"Value":768},{"Length":50,"Height":28,"Demand":1,"DemandMax":null,"Value":1400},{"Length":7,"Height":6,"Demand":1,"DemandMax":null,"Value":42},{"Length":71,"Height":9,"Demand":1,"DemandMax":null,"Value":639},{"Length":22,"Height":32,"Demand":1,"DemandMax":null,"Value":704},{"Length":96,"Height":44,"Demand":1,"DemandMax":null,"Value":4224},{"Length":94,"Height":37,"Demand":1,"DemandMax":null,"Value":3478},{"Length":7,"Height":31,"Demand":1,"DemandMax":null,"Value":217},{"Length":74,"Height":19,"Demand":1,"DemandMax":null,"Value":1406},{"Length":99,"Height":21,"Demand":1,"DemandMax":null,"Value":2079},{"Length":91,"Height":29,"Demand":1,"DemandMax":null,"Value":2639},{"Length":78,"Height":13,"Demand":1,"DemandMax":null,"Value":1014},{"Length":75,"Height":17,"Demand":1,"DemandMax":null,"Value":1275},{"Length":76,"Height":9,"Demand":1,"DemandMax":null,"Value":684},{"Length":96,"Height":33,"Demand":1,"DemandMax":null,"Value":3168},{"Length":94,"Height":8,"Demand":1,"DemandMax":null,"Value":752},{"Length":84,"Height":27,"Demand":1,"DemandMax":null,"Value":2268},{"Length":96,"Height":10,"Demand":1,"DemandMax":null,"Value":960},{"Length":74,"Height":49,"Demand":1,"DemandMax":null,"Value":3626},{"Length":83,"Height":14,"Demand":1,"DemandMax":null,"Value":1162},{"Length":1,"Height":99,"Demand":1,"DemandMax":null,"Value":99},{"Length":89,"Height":22,"Demand":1,"DemandMax":null,"Value":1958},{"Length":95,"Height":26,"Demand":1,"DemandMax":null,"Value":2470},{"Length":71,"Height":82,"Demand":1,"DemandMax":null,"Value":5822},{"Length":92,"Height":32,"Demand":1,"DemandMax":null,"Value":2944},{"Length":36,"Height":97,"Demand":1,"DemandMax":null,"Value":3492},{"Length":85,"Height":65,"Demand":1,"DemandMax":null,"Value":5525},{"Length":86,"Height":11,"Demand":1,"DemandMax":null,"Value":946},{"Length":90,"Height":27,"Demand":1,"DemandMax":null,"Value":2430},{"Length":100,"Height":31,"Demand":1,"DemandMax":null,"Value":3100},{"Length":89,"Height":66,"Demand":1,"DemandMax":null,"Value":5874},{"Length":99,"Height":3,"Demand":1,"DemandMax":null,"Value":297},{"Length":97,"Height":33,"Demand":1,"DemandMax":null,"Value":3201},{"Length":83,"Height":28,"Demand":1,"DemandMax":null,"Value":2324},{"Length":5,"Height":85,"Demand":1,"DemandMax":null,"Value":425},{"Length":86,"Height":5,"Demand":1,"DemandMax":null,"Value":430},{"Length":17,"Height":2,"Demand":1,"DemandMax":null,"Value":34},{"Length":74,"Height":36,"Demand":1,"DemandMax":null,"Value":2664},{"Length":88,"Height":3,"Demand":1,"DemandMax":null,"Value":264},{"Length":81,"Height":20,"Demand":1,"DemandMax":null,"Value":1620},{"Length":100,"Height":32,"Demand":1,"DemandMax":null,"Value":3200},{"Length":72,"Height":7,"Demand":1,"DemandMax":null,"Value":504},{"Length":80,"Height":38,"Demand":1,"DemandMax":null,"Value":3040},{"Length":27,"Height":46,"Demand":1,"DemandMax":null,"Value":1242},{"Length":97,"Height":23,"Demand":1,"DemandMax":null,"Value":2231},{"Length":80,"Height":39,"Demand":1,"DemandMax":null,"Value":3120},{"Length":22,"Height":90,"Demand":1,"DemandMax":null,"Value":1980},{"Length":95,"Height":34,"Demand":1,"DemandMax":null,"Value":3230},{"Length":66,"Height":26,"Demand":1,"DemandMax":null,"Value":1716},{"Length":95,"Height":32,"Demand":1,"DemandMax":null,"Value":3040},{"Length":89,"Height":45,"Demand":1,"DemandMax":null,"Value":4005},{"Length":79,"Height":33,"Demand":1,"DemandMax":null,"Value":2607},{"Length":79,"Height":41,"Demand":1,"DemandMax":null,"Value":3239},{"Length":83,"Height":38,"Demand":1,"DemandMax":null,"Value":3154},{"Length":71,"Height":16,"Demand":1,"DemandMax":null,"Value":1136},{"Length":72,"Height":45,"Demand":1,"DemandMax":null,"Value":3240},{"Length":100,"Height":18,"Demand":1,"DemandMax":null,"Value":1800},{"Length":21,"Height":5,"Demand":1,"DemandMax":null,"Value":105},{"Length":96,"Height":48,"Demand":1,"DemandMax":null,"Value":4608},{"Length":73,"Height":17,"Demand":1,"DemandMax":null,"Value":1241},{"Length":91,"Height":55,"Demand":1,"DemandMax":null,"Value":5005},{"Length":85,"Height":33,"Demand":1,"DemandMax":null,"Value":2805},{"Length":41,"Height":95,"Demand":1,"DemandMax":null,"Value":3895},{"Length":73,"Height":51,"Demand":1,"DemandMax":null,"Value":3723},{"Length":94,"Height":55,"Demand":1,"DemandMax":null,"Value":5170},{"Length":98,"Height":24,"Demand":1,"DemandMax":null,"Value":2352},{"Length":100,"Height":48,"Demand":1,"DemandMax":null,"Value":4800},{"Length":99,"Height":48,"Demand":1,"DemandMax":null,"Value":4752},{"Length":9,"Height":78,"Demand":1,"DemandMax":null,"Value":702},{"Length":84,"Height":26,"Demand":1,"DemandMax":null,"Value":2184},{"Length":80,"Height":15,"Demand":1,"DemandMax":null,"Value":1200}]}