{"Name":"MB_C5_29","Objects":[{"Length":100,"Height":100,"Stock":null,"Cost":10000},{"Length":87,"Height":53,"Stock":null,"Cost":3533},{"Length":84,"Height":92,"Stock":null,"Cost":7273},{"Length":72,"Height":62,"Stock":null,"Cost":3356},{"Length":96,"Height":82,"Stock":null,"Cost":7446}],"Items":[{"Length":60,"Height":45,"Demand":1,"DemandMax":null,"Value":2700},{"Length":3,"Height":56,"Demand":1,"DemandMax":null,"Value":168},{"Length":13,"Height":63,"Demand":1,"DemandMax":null,"Value":819},{"Length":79,"Height":19,"Demand":1,"DemandMax":null,"Value":1501},{"Length":24,"Height":16,"Demand":1,"DemandMax":null,"Value":384},{"Length":2,"Height":74,"Demand":1,"DemandMax":null,"Value":148},{"Length":4,"Height":49,"Demand":1,"DemandMax":null,"Value":196},{"Length":50,"Height":31,"Demand":1,"DemandMax":null,"Value":1550},{"Length":97,"Height":41,"Demand":1,"DemandMax":null,"Value":3977},{"Length":34,"Height":35,"Demand":1,"DemandMax":null,"Value":1190},{"Length":83,"Height":2,"Demand":1,"DemandMax":null,"Value":166},{"Length":99,"Height":64,"Demand":1,"DemandMax":null,"Value":6336},{"Length":71,"Height":76,"Demand":1,"DemandMax":null,"Value":5396},{"Length":21,"Height":28,"Demand":1,"DemandMax":null,"Value":588},{"Length":5,"Height":42,"Demand":1,"DemandMax":null,"Value":210},{"Length":13,"Height":73,"Demand":1,"DemandMax":null,"Value":949},{"Length":65,"Height":11,"Demand":1,"DemandMax":null,"Value":715},{"Length":18,"Height":77,"Demand":1,"DemandMax":null,"Value":1386},{"Length":61,"Height":27,"Demand":1,"DemandMax":null,"Value":1647},{"Length":15,"Height":49,"Demand":1,"DemandMax":null,"Value":735},{"Length":37,"Height":67,"Demand":1,"DemandMax":null,"Value":2479},{"Length":14,"Height":36,"Demand":1,"DemandMax":null,"Value":504},{"Length":71,"Height":44,"Demand":1,"DemandMax":null,"Value":3124},{"Length":61,"Height":13,"Demand":1,"DemandMax":null,"Value":793},{"Length":74,"Height":100,"Demand":1,"DemandMax":null,"Value":7400},{"Length":32,"Height":94,"Demand":1,"DemandMax":null,"Value":3008},{"Length":91,"Height":15,"Demand":1,"DemandMax":null,"Value":1365},{"Length":40,"Height":21,"Demand":1,"DemandMax":null,"Value":840},{"Length":100,"Height":99,"Demand":1,"DemandMax":null,"Value":9900},{"Length":27,"Height":73,"Demand":1,"DemandMax":null,"Value":1971},{"Length":11,"Height":97,"Demand":1,"DemandMax":null,"Value":1067},{"Length":73,"Height":61,"Demand":1,"DemandMax":null,"Value":4453},{"Length":69,"Height":87,"Demand":1,"DemandMax":null,"Value":6003},{"Length":88,"Height":30,"Demand":1,"DemandMax":null,"Value":2640},{"Length":52,"Height":79,"Demand":1,"DemandMax":null,"Value":4108},{"Length":17,"Height":56,"Demand":1,"DemandMax":null,"Value":952},{"Length":71,"Height":18,"Demand":1,"DemandMax":null,"Value":1278},{"Length":37,"Height":52,"Demand":1,"DemandMax":null,"Value":1924},{"Length":70,"Height":82,"Demand":1,"DemandMax":null,"Value":5740},{"Length":60,"Height":62,"Demand":1,"DemandMax":null,"Value":3720},{"Length":28,"Height":81,"Demand":1,"DemandMax":null,"Value":2268},{"Length":30,"Height":63,"Demand":1,"DemandMax":null,"Value":1890},{"Length":54,"Height":61,"Demand":1,"DemandMax":null,"Value":3294},{"Length":24,"Height":66,"Demand":1,"DemandMax":null,"Value":1584},{"Length":95,"Height":100,"Demand":1,"DemandMax":null,"Value":9500},{"Length":55,"Height":17,"Demand":1,"DemandMax":null,"Value":935},{"Length":27,"Height":7,"Demand":1,"DemandMax":null,"Value":189},{"Length":66,"Height":93,"Demand":1,"DemandMax":null,"Value":6138},{"Length":61,"Height":29,"Demand":1,"DemandMax":null,"Value":1769},{"Length":35,"Height":4,"Demand":1,"DemandMax":null,"Value":140},{"Length":43,"Height":41,"Demand":1,"DemandMax":null,"Value":1763},{"Length":73,"Height":96,"Demand":1,"DemandMax":null,"Value":7008},{"Length":49,"Height":57,"Demand":1,"DemandMax":null,"Value":2793},{"Length":25,"Height":46,"Demand":1,"DemandMax":null,"Value":1150},{"Length":91,"Height":19,"Demand":1,"DemandMax":null,"Value":1729},{"Length":69,"Height":65,"Demand":1,"DemandMax":null,"Value":4485},{"Length":14,"Height":6,"Demand":1,"DemandMax":null,"Value":84},{"Length":15,"Height":98,"Demand":1,"DemandMax":null,"Value":1470},{"Length":95,"Height":29,"Demand":1,"DemandMax":null,"Value":2755},{"Length":8,"Height":22,"Demand":1,"DemandMax":null,"Value":176}]}