{"Name":"MB_C3_48","Objects":[{"Length":40,"Height":40,"Stock":null,"Cost":1600},{"Length":27,"Height":28,"Stock":null,"Cost":587},{"Length":22,"Height":28,"Stock":null,"Cost":419},{"Length":33,"Height":31,"Stock":null,"Cost":907},{"Length":33,"Height":38,"Stock":null,"Cost":1184}],"Items":[{"Length":17,"Height":27,"Demand":1,"DemandMax":null,"Value":459},{"Length":25,"Height":25,"Demand":1,"DemandMax":null,"Value":625},{"Length":1,"Height":24,"Demand":1,"DemandMax":null,"Value":24},{"Length":21,"Height":18,"Demand":1,"DemandMax":null,"Value":378},{"Length":1,"Height":17,"Demand":1,"DemandMax":null,"Value":17},{"Length":6,"Height":5,"Demand":1,"DemandMax":null,"Value":30},{"Length":10,"Height":12,"Demand":1,"DemandMax":null,"Value":120},{"Length":31,"Height":11,"Demand":1,"DemandMax":null,"Value":341},{"Length":31,"Height":23,"Demand":1,"DemandMax":null,"Value":713},{"Length":18,"Height":7,"Demand":1,"DemandMax":null,"Value":126},{"Length":11,"Height":8,"Demand":1,"DemandMax":null,"Value":88},{"Length":6,"Height":8,"Demand":1,"DemandMax":null,"Value":48},{"Length":11,"Height":5,"Demand":1,"DemandMax":null,"Value":55},{"Length":10,"Height":6,"Demand":1,"DemandMax":null,"Value":60},{"Length":35,"Height":30,"Demand":1,"DemandMax":null,"Value":1050},{"Length":23,"Height":5,"Demand":1,"DemandMax":null,"Value":115},{"Length":29,"Height":6,"Demand":1,"DemandMax":null,"Value":174},{"Length":14,"Height":20,"Demand":1,"DemandMax":null,"Value":280},{"Length":20,"Height":6,"Demand":1,"DemandMax":null,"Value":120},{"Length":33,"Height":8,"Demand":1,"DemandMax":null,"Value":264},{"Length":12,"Height":11,"Demand":1,"DemandMax":null,"Value":132},{"Length":2,"Height":10,"Demand":2,"DemandMax":null,"Value":20},{"Length":20,"Height":13,"Demand":1,"DemandMax":null,"Value":260},{"Length":30,"Height":4,"Demand":1,"DemandMax":null,"Value":120},{"Length":3,"Height":16,"Demand":1,"DemandMax":null,"Value":48},{"Length":28,"Height":19,"Demand":1,"DemandMax":null,"Value":532},{"Length":32,"Height":35,"Demand":1,"DemandMax":null,"Value":1120},{"Length":23,"Height":23,"Demand":1,"DemandMax":null,"Value":529},{"Length":20,"Height":28,"Demand":1,"DemandMax":null,"Value":560},{"Length":19,"Height":32,"Demand":1,"DemandMax":null,"Value":608},{"Length":28,"Height":33,"Demand":1,"DemandMax":null,"Value":924},{"Length":32,"Height":3,"Demand":1,"DemandMax":null,"Value":96},{"Length":26,"Height":32,"Demand":1,"DemandMax":null,"Value":832},{"Length":18,"Height":10,"Demand":1,"DemandMax":null,"Value":180},{"Length":28,"Height":16,"Demand":1,"DemandMax":null,"Value":448},{"Length":17,"Height":33,"Demand":1,"DemandMax":null,"Value":561},{"Length":27,"Height":24,"Demand":1,"DemandMax":null,"Value":648},{"Length":8,"Height":30,"Demand":1,"DemandMax":null,"Value":240},{"Length":27,"Height":2,"Demand":1,"DemandMax":null,"Value":54},{"Length":21,"Height":5,"Demand":1,"DemandMax":null,"Value":105},{"Length":9,"Height":12,"Demand":1,"DemandMax":null,"Value":108},{"Length":22,"Height":7,"Demand":1,"DemandMax":null,"Value":154},{"Length":34,"Height":23,"Demand":1,"DemandMax":null,"Value":782},{"Length":28,"Height":30,"Demand":1,"DemandMax":null,"Value":840},{"Length":2,"Height":15,"Demand":1,"DemandMax":null,"Value":30},{"Length":32,"Height":8,"Demand":1,"DemandMax":null,"Value":256},{"Length":33,"Height":16,"Demand":1,"DemandMax":null,"Value":528},{"Length":1,"Height":25,"Demand":1,"DemandMax":null,"Value":25},{"Length":14,"Height":30,"Demand":1,"DemandMax":null,"Value":420},{"Length":22,"Height":4,"Demand":1,"DemandMax":null,"Value":88},{"Length":20,"Height":1,"Demand":1,"DemandMax":null,"Value":20},{"Length":16,"Height":19,"Demand":1,"DemandMax":null,"Value":304},{"Length":30,"Height":29,"Demand":1,"DemandMax":null,"Value":870},{"Length":23,"Height":15,"Demand":1,"DemandMax":null,"Value":345},{"Length":23,"Height":20,"Demand":1,"DemandMax":null,"Value":460},{"Length":11,"Height":31,"Demand":1,"DemandMax":null,"Value":341},{"Length":8,"Height":3,"Demand":1,"DemandMax":null,"Value":24},{"Length":35,"Height":14,"Demand":1,"DemandMax":null,"Value":490},{"Length":18,"Height":14,"Demand":1,"DemandMax":null,"Value":252},{"Length":34,"Height":33,"Demand":1,"DemandMax":null,"Value":1122},{"Length":32,"Height":10,"Demand":1,"DemandMax":null,"Value":320},{"Length":10,"Height":34,"Demand":1,"DemandMax":null,"Value":340},{"Length":9,"Height":30,"Demand":2,"DemandMax":null,"Value":270},{"Length":14,"Height":8,"Demand":1,"DemandMax":null,"Value":112},{"Length":21,"Height":21,"Demand":2,"DemandMax":null,"Value":441},{"Length":3,"Height":30,"Demand":1,"DemandMax":null,"Value":90},{"Length":15,"Height":8,"Demand":1,"DemandMax":null,"Value":120},{"Length":17,"Height":10,"Demand":1,"DemandMax":null,"Value":170},{"Length":17,"Height":31,"Demand":1,"DemandMax":null,"Value":527},{"Length":1,"Height":10,"Demand":1,"DemandMax":null,"Value":10},{"Length":33,"Height":1,"Demand":1,"DemandMax":null,"Value":33},{"Length":16,"Height":34,"Demand":1,"DemandMax":null,"Value":544},{"Length":6,"Height":14,"Demand":1,"DemandMax":null,"Value":84},{"Length":33,"Height":29,"Demand":1,"DemandMax":null,"Value":957},{"Length":34,"Height":5,"Demand":1,"DemandMax":null,"Value":170},{"Length":30,"Height":20,"Demand":1,"DemandMax":null,"Value":600},{"Length":17,"Height":24,"Demand":1,"DemandMax":null,"Value":408},{"Length":2,"Height":12,"Demand":1,"DemandMax":null,"Value":24},{"Length":5,"Height":28,"Demand":1,"DemandMax":null,"Value":140},{"Length":24,"Height":22,"Demand":1,"DemandMax":null,"Value":528},{"Length":33,"Height":3,"Demand":1,"DemandMax":null,"Value":99},{"Length":10,"Height":20,"Demand":1,"DemandMax":null,"Value":200},{"Length":31,"Height":33,"Demand":1,"DemandMax":null,"Value":1023},{"Length":12,"Height":16,"Demand":1,"DemandMax":null,"Value":192},{"Length":18,"Height":21,"Demand":1,"DemandMax":null,"Value":378},{"Length":23,"Height":12,"Demand":1,"DemandMax":null,"Value":276},{"Length":10,"Height":30,"Demand":1,"DemandMax":null,"Value":300},{"Length":11,"Height":25,"Demand":1,"DemandMax":null,"Value":275},{"Length":33,"Height":28,"Demand":1,"DemandMax":null,"Value":924},{"Length":27,"Height":11,"Demand":1,"DemandMax":null,"Value":297},{"Length":23,"Height":30,"Demand":1,"DemandMax":null,"Value":690},{"Length":29,"Height":10,"Demand":1,"DemandMax":null,"Value":290},{"Length":29,"Height":30,"Demand":1,"DemandMax":null,"Value":870},{"Length":20,"Height":2,"Demand":1,"DemandMax":null,"Value":40},{"Length":16,"Height":15,"Demand":1,"DemandMax":null,"Value":240},{"Length":1,"Height":12,"Demand":1,"DemandMax":null,"Value":12},{"Length":8,"Height":17,"Demand":1,"DemandMax":null,"Value":136}]}