{"Name":"MB_C9_32","Objects":[{"Length":100,"Height":100,"Stock":null,"Cost":10000},{"Length":54,"Height":96,"Stock":null,"Cost":4220},{"Length":79,"Height":96,"Stock":null,"Cost":7100},{"Length":75,"Height":97,"Stock":null,"Cost":6730},{"Length":73,"Height":64,"Stock":null,"Cost":3606}],"Items":[{"Length":92,"Height":54,"Demand":1,"DemandMax":null,"Value":4968},{"Length":88,"Height":58,"Demand":1,"DemandMax":null,"Value":5104},{"Length":91,"Height":51,"Demand":1,"DemandMax":null,"Value":4641},{"Length":79,"Height":27,"Demand":1,"DemandMax":null,"Value":2133},{"Length":68,"Height":51,"Demand":1,"DemandMax":null,"Value":3468},{"Length":54,"Height":72,"Demand":1,"DemandMax":null,"Value":3888},{"Length":73,"Height":55,"Demand":1,"DemandMax":null,"Value":4015},{"Length":92,"Height":96,"Demand":1,"DemandMax":null,"Value":8832},{"Length":55,"Height":61,"Demand":1,"DemandMax":null,"Value":3355},{"Length":33,"Height":98,"Demand":1,"DemandMax":null,"Value":3234},{"Length":66,"Height":70,"Demand":1,"DemandMax":null,"Value":4620},{"Length":84,"Height":27,"Demand":1,"DemandMax":null,"Value":2268},{"Length":55,"Height":83,"Demand":1,"DemandMax":null,"Value":4565},{"Length":72,"Height":84,"Demand":1,"DemandMax":null,"Value":6048},{"Length":81,"Height":48,"Demand":1,"DemandMax":null,"Value":3888},{"Length":22,"Height":19,"Demand":1,"DemandMax":null,"Value":418},{"Length":66,"Height":65,"Demand":1,"DemandMax":null,"Value":4290},{"Length":74,"Height":82,"Demand":1,"DemandMax":null,"Value":6068},{"Length":89,"Height":86,"Demand":1,"DemandMax":null,"Value":7654},{"Length":29,"Height":23,"Demand":1,"DemandMax":null,"Value":667},{"Length":89,"Height":60,"Demand":1,"DemandMax":null,"Value":5340},{"Length":87,"Height":92,"Demand":1,"DemandMax":null,"Value":8004},{"Length":67,"Height":87,"Demand":1,"DemandMax":null,"Value":5829},{"Length":98,"Height":89,"Demand":1,"DemandMax":null,"Value":8722},{"Length":73,"Height":66,"Demand":1,"DemandMax":null,"Value":4818},{"Length":61,"Height":63,"Demand":1,"DemandMax":null,"Value":3843},{"Length":8,"Height":99,"Demand":1,"DemandMax":null,"Value":792},{"Length":79,"Height":66,"Demand":1,"DemandMax":null,"Value":5214},{"Length":69,"Height":84,"Demand":1,"DemandMax":null,"Value":5796},{"Length":99,"Height":97,"Demand":1,"DemandMax":null,"Value":9603},{"Length":59,"Height":72,"Demand":1,"DemandMax":null,"Value":4248},{"Length":71,"Height":55,"Demand":1,"DemandMax":null,"Value":3905},{"Length":77,"Height":63,"Demand":1,"DemandMax":null,"Value":4851},{"Length":97,"Height":92,"Demand":1,"DemandMax":null,"Value":8924},{"Length":81,"Height":8,"Demand":1,"DemandMax":null,"Value":648},{"Length":75,"Height":55,"Demand":1,"DemandMax":null,"Value":4125},{"Length":47,"Height":69,"Demand":1,"DemandMax":null,"Value":3243},{"Length":56,"Height":98,"Demand":1,"DemandMax":null,"Value":5488},{"Length":48,"Height":69,"Demand":1,"DemandMax":null,"Value":3312},{"Length":91,"Height":68,"Demand":1,"DemandMax":null,"Value":6188},{"Length":28,"Height":71,"Demand":1,"DemandMax":null,"Value":1988},{"Length":85,"Height":17,"Demand":1,"DemandMax":null,"Value":1445},{"Length":90,"Height":14,"Demand":1,"DemandMax":null,"Value":1260},{"Length":78,"Height":43,"Demand":1,"DemandMax":null,"Value":3354},{"Length":70,"Height":72,"Demand":1,"DemandMax":null,"Value":5040},{"Length":60,"Height":97,"Demand":1,"DemandMax":null,"Value":5820},{"Length":83,"Height":84,"Demand":1,"DemandMax":null,"Value":6972},{"Length":56,"Height":78,"Demand":1,"DemandMax":null,"Value":4368},{"Length":74,"Height":99,"Demand":1,"DemandMax":null,"Value":7326},{"Length":55,"Height":88,"Demand":1,"DemandMax":null,"Value":4840},{"Length":96,"Height":16,"Demand":1,"DemandMax":null,"Value":1536},{"Length":57,"Height":75,"Demand":1,"DemandMax":null,"Value":4275},{"Length":91,"Height":86,"Demand":1,"DemandMax":null,"Value":7826},{"Length":62,"Height":91,"Demand":1,"DemandMax":null,"Value":5642},{"Length":16,"Height":10,"Demand":1,"DemandMax":null,"Value":160},{"Length":69,"Height":85,"Demand":1,"DemandMax":null,"Value":5865},{"Length":68,"Height":86,"Demand":1,"DemandMax":null,"Value":5848},{"Length":80,"Height":55,"Demand":1,"DemandMax":null,"Value":4400},{"Length":49,"Height":76,"Demand":1,"DemandMax":null,"Value":3724},{"Length":94,"Height":55,"Demand":1,"DemandMax":null,"Value":5170},{"Length":57,"Height":97,"Demand":1,"DemandMax":null,"Value":5529},{"Length":59,"Height":83,"Demand":1,"DemandMax":null,"Value":4897},{"Length":94,"Height":82,"Demand":1,"DemandMax":null,"Value":7708},{"Length":79,"Height":88,"Demand":1,"DemandMax":null,"Value":6952},{"Length":9,"Height":79,"Demand":1,"DemandMax":null,"Value":711},{"Length":2,"Height":21,"Demand":1,"DemandMax":null,"Value":42},{"Length":50,"Height":60,"Demand":1,"DemandMax":null,"Value":3000},{"Length":76,"Height":82,"Demand":1,"DemandMax":null,"Value":6232},{"Length":71,"Height":53,"Demand":1,"DemandMax":null,"Value":3763},{"Length":5,"Height":21,"Demand":1,"DemandMax":null,"Value":105},{"Length":69,"Height":50,"Demand":1,"DemandMax":null,"Value":3450},{"Length":85,"Height":88,"Demand":1,"DemandMax":null,"Value":7480},{"Length":96,"Height":50,"Demand":1,"DemandMax":null,"Value":4800},{"Length":79,"Height":33,"Demand":1,"DemandMax":null,"Value":2607},{"Length":100,"Height":52,"Demand":1,"DemandMax":null,"Value":5200},{"Length":6,"Height":69,"Demand":1,"DemandMax":null,"Value":414},{"Length":82,"Height":58,"Demand":1,"DemandMax":null,"Value":4756},{"Length":96,"Height":55,"Demand":1,"DemandMax":null,"Value":5280},{"Length":92,"Height":66,"Demand":1,"DemandMax":null,"Value":6072},{"Length":88,"Height":84,"Demand":1,"DemandMax":null,"Value":7392}]}