{"Name":"MB_C5_6","Objects":[{"Length":100,"Height":100,"Stock":null,"Cost":10000},{"Length":73,"Height":65,"Stock":null,"Cost":3694},{"Length":97,"Height":82,"Stock":null,"Cost":7544},{"Length":51,"Height":55,"Stock":null,"Cost":1366},{"Length":50,"Height":62,"Stock":null,"Cost":1719}],"Items":[{"Length":69,"Height":14,"Demand":1,"DemandMax":null,"Value":966},{"Length":13,"Height":74,"Demand":1,"DemandMax":null,"Value":962},{"Length":86,"Height":23,"Demand":1,"DemandMax":null,"Value":1978},{"Length":42,"Height":84,"Demand":1,"DemandMax":null,"Value":3528},{"Length":72,"Height":12,"Demand":1,"DemandMax":null,"Value":864},{"Length":96,"Height":97,"Demand":1,"DemandMax":null,"Value":9312},{"Length":71,"Height":60,"Demand":1,"DemandMax":null,"Value":4260},{"Length":86,"Height":57,"Demand":1,"DemandMax":null,"Value":4902},{"Length":62,"Height":77,"Demand":1,"DemandMax":null,"Value":4774},{"Length":56,"Height":41,"Demand":1,"DemandMax":null,"Value":2296},{"Length":56,"Height":7,"Demand":1,"DemandMax":null,"Value":392},{"Length":84,"Height":62,"Demand":1,"DemandMax":null,"Value":5208},{"Length":97,"Height":29,"Demand":1,"DemandMax":null,"Value":2813},{"Length":82,"Height":63,"Demand":1,"DemandMax":null,"Value":5166},{"Length":62,"Height":53,"Demand":1,"DemandMax":null,"Value":3286},{"Length":93,"Height":22,"Demand":1,"DemandMax":null,"Value":2046},{"Length":64,"Height":25,"Demand":1,"DemandMax":null,"Value":1600},{"Length":96,"Height":50,"Demand":1,"DemandMax":null,"Value":4800},{"Length":45,"Height":21,"Demand":1,"DemandMax":null,"Value":945},{"Length":1,"Height":92,"Demand":1,"DemandMax":null,"Value":92}]}