{"Name":"MB_C1_8","Objects":[{"Length":10,"Height":10,"Stock":null,"Cost":100},{"Length":7,"Height":9,"Stock":null,"Cost":55},{"Length":6,"Height":6,"Stock":null,"Cost":23},{"Length":9,"Height":9,"Stock":null,"Cost":77},{"Length":9,"Height":5,"Stock":null,"Cost":34}],"Items":[{"Length":5,"Height":9,"Demand":1,"DemandMax":null,"Value":45},{"Length":1,"Height":4,"Demand":1,"DemandMax":null,"Value":4},{"Length":8,"Height":2,"Demand":1,"DemandMax":null,"Value":16},{"Length":4,"Height":9,"Demand":1,"DemandMax":null,"Value":36},{"Length":1,"Height":2,"Demand":1,"DemandMax":null,"Value":2},{"Length":4,"Height":6,"Demand":1,"DemandMax":null,"Value":24},{"Length":4,"Height":4,"Demand":1,"DemandMax":null,"Value":16},{"Length":1,"Height":6,"Demand":1,"DemandMax":null,"Value":6},{"Length":1,"Height":5,"Demand":1,"DemandMax":null,"Value":5},{"Length":4,"Height":5,"Demand":1,"DemandMax":null,"Value":20},{"Length":2,"Height":6,"Demand":1,"DemandMax":null,"Value":12},{"Length":9,"Height":10,"Demand":1,"DemandMax":null,"Value":90},{"Length":5,"Height":2,"Demand":2,"DemandMax":null,"Value":10},{"Length":3,"Height":1,"Demand":1,"DemandMax":null,"Value":3},{"Length":7,"Height":10,"Demand":1,"DemandMax":null,"Value":70},{"Length":7,"Height":4,"Demand":1,"DemandMax":null,"Value":28},{"Length":6,"Height":6,"Demand":1,"DemandMax":null,"Value":36},{"Length":9,"Height":2,"Demand":1,"DemandMax":null,"Value":18},{"Length":7,"Height":8,"Demand":1,"DemandMax":null,"Value":56}]}