{"Name":"MB_C7_16","Objects":[{"Length":100,"Height":100,"Stock":null,"Cost":10000},{"Length":69,"Height":57,"Stock":null,"Cost":2719},{"Length":96,"Height":73,"Stock":null,"Cost":6409},{"Length":88,"Height":91,"Stock":null,"Cost":7609},{"Length":87,"Height":57,"Stock":null,"Cost":3950}],"Items":[{"Length":13,"Height":66,"Demand":1,"DemandMax":null,"Value":858},{"Length":33,"Height":82,"Demand":1,"DemandMax":null,"Value":2706},{"Length":16,"Height":76,"Demand":1,"DemandMax":null,"Value":1216},{"Length":7,"Height":98,"Demand":1,"DemandMax":null,"Value":686},{"Length":23,"Height":71,"Demand":1,"DemandMax":null,"Value":1633},{"Length":9,"Height":80,"Demand":1,"DemandMax":null,"Value":720},{"Length":33,"Height":86,"Demand":1,"DemandMax":null,"Value":2838},{"Length":39,"Height":100,"Demand":1,"DemandMax":null,"Value":3900},{"Length":45,"Height":85,"Demand":1,"DemandMax":null,"Value":3825},{"Length":98,"Height":31,"Demand":1,"DemandMax":null,"Value":3038},{"Length":11,"Height":68,"Demand":1,"DemandMax":null,"Value":748},{"Length":32,"Height":76,"Demand":1,"DemandMax":null,"Value":2432},{"Length":29,"Height":71,"Demand":1,"DemandMax":null,"Value":2059},{"Length":46,"Height":67,"Demand":1,"DemandMax":null,"Value":3082},{"Length":66,"Height":41,"Demand":1,"DemandMax":null,"Value":2706},{"Length":87,"Height":92,"Demand":1,"DemandMax":null,"Value":8004},{"Length":25,"Height":66,"Demand":1,"DemandMax":null,"Value":1650},{"Length":70,"Height":35,"Demand":1,"DemandMax":null,"Value":2450},{"Length":2,"Height":93,"Demand":1,"DemandMax":null,"Value":186},{"Length":4,"Height":87,"Demand":1,"DemandMax":null,"Value":348},{"Length":32,"Height":69,"Demand":1,"DemandMax":null,"Value":2208},{"Length":30,"Height":86,"Demand":1,"DemandMax":null,"Value":2580},{"Length":65,"Height":99,"Demand":1,"DemandMax":null,"Value":6435},{"Length":33,"Height":87,"Demand":1,"DemandMax":null,"Value":2871},{"Length":66,"Height":21,"Demand":1,"DemandMax":null,"Value":1386},{"Length":14,"Height":90,"Demand":1,"DemandMax":null,"Value":1260},{"Length":40,"Height":80,"Demand":1,"DemandMax":null,"Value":3200},{"Length":81,"Height":44,"Demand":1,"DemandMax":null,"Value":3564},{"Length":32,"Height":99,"Demand":1,"DemandMax":null,"Value":3168},{"Length":10,"Height":4,"Demand":1,"DemandMax":null,"Value":40},{"Length":76,"Height":53,"Demand":1,"DemandMax":null,"Value":4028},{"Length":25,"Height":77,"Demand":1,"DemandMax":null,"Value":1925},{"Length":24,"Height":37,"Demand":1,"DemandMax":null,"Value":888},{"Length":18,"Height":89,"Demand":1,"DemandMax":null,"Value":1602},{"Length":25,"Height":99,"Demand":1,"DemandMax":null,"Value":2475},{"Length":88,"Height":52,"Demand":1,"DemandMax":null,"Value":4576},{"Length":28,"Height":38,"Demand":1,"DemandMax":null,"Value":1064},{"Length":37,"Height":82,"Demand":1,"DemandMax":null,"Value":3034},{"Length":89,"Height":5,"Demand":1,"DemandMax":null,"Value":445},{"Length":75,"Height":50,"Demand":1,"DemandMax":null,"Value":3750}]}