{"Name":"MB_C4_12","Objects":[{"Length":100,"Height":100,"Stock":null,"Cost":10000},{"Length":60,"Height":88,"Stock":null,"Cost":4336},{"Length":78,"Height":66,"Stock":null,"Cost":4177},{"Length":77,"Height":91,"Stock":null,"Cost":6408},{"Length":76,"Height":70,"Stock":null,"Cost":4384}],"Items":[{"Length":25,"Height":14,"Demand":1,"DemandMax":null,"Value":350},{"Length":8,"Height":2,"Demand":1,"DemandMax":null,"Value":16},{"Length":22,"Height":19,"Demand":1,"DemandMax":null,"Value":418},{"Length":5,"Height":26,"Demand":1,"DemandMax":null,"Value":130},{"Length":12,"Height":32,"Demand":1,"DemandMax":null,"Value":384},{"Length":4,"Height":20,"Demand":1,"DemandMax":null,"Value":80},{"Length":23,"Height":22,"Demand":1,"DemandMax":null,"Value":506},{"Length":19,"Height":11,"Demand":1,"DemandMax":null,"Value":209},{"Length":23,"Height":6,"Demand":1,"DemandMax":null,"Value":138},{"Length":8,"Height":3,"Demand":1,"DemandMax":null,"Value":24},{"Length":28,"Height":10,"Demand":1,"DemandMax":null,"Value":280},{"Length":9,"Height":11,"Demand":1,"DemandMax":null,"Value":99},{"Length":30,"Height":3,"Demand":1,"DemandMax":null,"Value":90},{"Length":4,"Height":28,"Demand":1,"DemandMax":null,"Value":112},{"Length":33,"Height":1,"Demand":1,"DemandMax":null,"Value":33},{"Length":19,"Height":23,"Demand":1,"DemandMax":null,"Value":437},{"Length":17,"Height":31,"Demand":1,"DemandMax":null,"Value":527},{"Length":23,"Height":11,"Demand":1,"DemandMax":null,"Value":253},{"Length":10,"Height":27,"Demand":1,"DemandMax":null,"Value":270},{"Length":32,"Height":19,"Demand":1,"DemandMax":null,"Value":608},{"Length":15,"Height":5,"Demand":1,"DemandMax":null,"Value":75},{"Length":3,"Height":16,"Demand":1,"DemandMax":null,"Value":48},{"Length":14,"Height":26,"Demand":1,"DemandMax":null,"Value":364},{"Length":9,"Height":19,"Demand":1,"DemandMax":null,"Value":171},{"Length":33,"Height":25,"Demand":1,"DemandMax":null,"Value":825},{"Length":33,"Height":18,"Demand":1,"DemandMax":null,"Value":594},{"Length":6,"Height":17,"Demand":1,"DemandMax":null,"Value":102},{"Length":30,"Height":18,"Demand":1,"DemandMax":null,"Value":540},{"Length":19,"Height":29,"Demand":1,"DemandMax":null,"Value":551},{"Length":4,"Height":34,"Demand":1,"DemandMax":null,"Value":136},{"Length":29,"Height":30,"Demand":1,"DemandMax":null,"Value":870},{"Length":7,"Height":25,"Demand":1,"DemandMax":null,"Value":175},{"Length":5,"Height":2,"Demand":1,"DemandMax":null,"Value":10},{"Length":30,"Height":28,"Demand":1,"DemandMax":null,"Value":840},{"Length":32,"Height":5,"Demand":1,"DemandMax":null,"Value":160},{"Length":7,"Height":24,"Demand":1,"DemandMax":null,"Value":168},{"Length":33,"Height":9,"Demand":1,"DemandMax":null,"Value":297},{"Length":24,"Height":5,"Demand":1,"DemandMax":null,"Value":120},{"Length":12,"Height":30,"Demand":1,"DemandMax":null,"Value":360},{"Length":3,"Height":10,"Demand":1,"DemandMax":null,"Value":30}]}