{"Name":"MB_C3_36","Objects":[{"Length":40,"Height":40,"Stock":null,"Cost":1600},{"Length":26,"Height":31,"Stock":null,"Cost":647},{"Length":25,"Height":21,"Stock":null,"Cost":310},{"Length":22,"Height":25,"Stock":null,"Cost":340},{"Length":32,"Height":37,"Stock":null,"Cost":1100}],"Items":[{"Length":33,"Height":10,"Demand":1,"DemandMax":null,"Value":330},{"Length":32,"Height":25,"Demand":1,"DemandMax":null,"Value":800},{"Length":16,"Height":23,"Demand":1,"DemandMax":null,"Value":368},{"Length":27,"Height":35,"Demand":2,"DemandMax":null,"Value":945},{"Length":15,"Height":33,"Demand":1,"DemandMax":null,"Value":495},{"Length":11,"Height":3,"Demand":1,"DemandMax":null,"Value":33},{"Length":23,"Height":10,"Demand":1,"DemandMax":null,"Value":230},{"Length":35,"Height":26,"Demand":1,"DemandMax":null,"Value":910},{"Length":9,"Height":2,"Demand":1,"DemandMax":null,"Value":18},{"Length":21,"Height":4,"Demand":1,"DemandMax":null,"Value":84},{"Length":22,"Height":4,"Demand":1,"DemandMax":null,"Value":88},{"Length":8,"Height":21,"Demand":1,"DemandMax":null,"Value":168},{"Length":21,"Height":18,"Demand":1,"DemandMax":null,"Value":378},{"Length":12,"Height":1,"Demand":1,"DemandMax":null,"Value":12},{"Length":10,"Height":25,"Demand":1,"DemandMax":null,"Value":250},{"Length":24,"Height":16,"Demand":1,"DemandMax":null,"Value":384},{"Length":3,"Height":17,"Demand":1,"DemandMax":null,"Value":51},{"Length":13,"Height":13,"Demand":1,"DemandMax":null,"Value":169},{"Length":28,"Height":34,"Demand":1,"DemandMax":null,"Value":952},{"Length":31,"Height":18,"Demand":1,"DemandMax":null,"Value":558},{"Length":19,"Height":20,"Demand":1,"DemandMax":null,"Value":380},{"Length":35,"Height":1,"Demand":1,"DemandMax":null,"Value":35},{"Length":27,"Height":3,"Demand":1,"DemandMax":null,"Value":81},{"Length":27,"Height":12,"Demand":1,"DemandMax":null,"Value":324},{"Length":8,"Height":23,"Demand":1,"DemandMax":null,"Value":184},{"Length":24,"Height":9,"Demand":1,"DemandMax":null,"Value":216},{"Length":2,"Height":24,"Demand":2,"DemandMax":null,"Value":48},{"Length":18,"Height":29,"Demand":1,"DemandMax":null,"Value":522},{"Length":24,"Height":33,"Demand":1,"DemandMax":null,"Value":792},{"Length":14,"Height":20,"Demand":1,"DemandMax":null,"Value":280},{"Length":31,"Height":20,"Demand":1,"DemandMax":null,"Value":620},{"Length":25,"Height":7,"Demand":1,"DemandMax":null,"Value":175},{"Length":10,"Height":31,"Demand":1,"DemandMax":null,"Value":310},{"Length":29,"Height":1,"Demand":2,"DemandMax":null,"Value":29},{"Length":8,"Height":1,"Demand":1,"DemandMax":null,"Value":8},{"Length":27,"Height":26,"Demand":1,"DemandMax":null,"Value":702},{"Length":34,"Height":14,"Demand":1,"DemandMax":null,"Value":476},{"Length":26,"Height":20,"Demand":1,"DemandMax":null,"Value":520},{"Length":11,"Height":5,"Demand":1,"DemandMax":null,"Value":55},{"Length":7,"Height":12,"Demand":1,"DemandMax":null,"Value":84},{"Length":11,"Height":25,"Demand":1,"DemandMax":null,"Value":275},{"Length":31,"Height":5,"Demand":1,"DemandMax":null,"Value":155},{"Length":17,"Height":29,"Demand":1,"DemandMax":null,"Value":493},{"Length":33,"Height":14,"Demand":1,"DemandMax":null,"Value":462},{"Length":19,"Height":23,"Demand":1,"DemandMax":null,"Value":437},{"Length":28,"Height":31,"Demand":2,"DemandMax":null,"Value":868},{"Length":22,"Height":22,"Demand":1,"DemandMax":null,"Value":484},{"Length":9,"Height":26,"Demand":1,"DemandMax":null,"Value":234},{"Length":7,"Height":18,"Demand":1,"DemandMax":null,"Value":126},{"Length":14,"Height":15,"Demand":1,"DemandMax":null,"Value":210},{"Length":1,"Height":14,"Demand":1,"DemandMax":null,"Value":14},{"Length":23,"Height":24,"Demand":1,"DemandMax":null,"Value":552},{"Length":7,"Height":27,"Demand":1,"DemandMax":null,"Value":189},{"Length":30,"Height":22,"Demand":1,"DemandMax":null,"Value":660},{"Length":6,"Height":14,"Demand":1,"DemandMax":null,"Value":84},{"Length":25,"Height":13,"Demand":1,"DemandMax":null,"Value":325},{"Length":26,"Height":24,"Demand":1,"DemandMax":null,"Value":624},{"Length":34,"Height":6,"Demand":1,"DemandMax":null,"Value":204},{"Length":23,"Height":25,"Demand":1,"DemandMax":null,"Value":575},{"Length":13,"Height":19,"Demand":1,"DemandMax":null,"Value":247},{"Length":33,"Height":7,"Demand":1,"DemandMax":null,"Value":231},{"Length":23,"Height":21,"Demand":1,"DemandMax":null,"Value":483},{"Length":2,"Height":33,"Demand":1,"DemandMax":null,"Value":66},{"Length":35,"Height":28,"Demand":1,"DemandMax":null,"Value":980},{"Length":25,"Height":1,"Demand":1,"DemandMax":null,"Value":25},{"Length":3,"Height":33,"Demand":1,"DemandMax":null,"Value":99},{"Length":21,"Height":15,"Demand":1,"DemandMax":null,"Value":315},{"Length":9,"Height":22,"Demand":1,"DemandMax":null,"Value":198},{"Length":35,"Height":21,"Demand":1,"DemandMax":null,"Value":735},{"Length":16,"Height":17,"Demand":1,"DemandMax":null,"Value":272},{"Length":16,"Height":32,"Demand":1,"DemandMax":null,"Value":512},{"Length":9,"Height":25,"Demand":1,"DemandMax":null,"Value":225},{"Length":13,"Height":5,"Demand":1,"DemandMax":null,"Value":65},{"Length":26,"Height":26,"Demand":1,"DemandMax":null,"Value":676},{"Length":19,"Height":14,"Demand":1,"DemandMax":null,"Value":266},{"Length":12,"Height":12,"Demand":1,"DemandMax":null,"Value":144}]}