{"Name":"MB_C5_13","Objects":[{"Length":100,"Height":100,"Stock":null,"Cost":10000},{"Length":57,"Height":62,"Stock":null,"Cost":2240},{"Length":59,"Height":93,"Stock":null,"Cost":4584},{"Length":61,"Height":75,"Stock":null,"Cost":3490},{"Length":85,"Height":87,"Stock":null,"Cost":6874}],"Items":[{"Length":69,"Height":14,"Demand":1,"DemandMax":null,"Value":966},{"Length":13,"Height":74,"Demand":1,"DemandMax":null,"Value":962},{"Length":86,"Height":23,"Demand":1,"DemandMax":null,"Value":1978},{"Length":42,"Height":84,"Demand":1,"DemandMax":null,"Value":3528},{"Length":72,"Height":12,"Demand":1,"DemandMax":null,"Value":864},{"Length":96,"Height":97,"Demand":1,"DemandMax":null,"Value":9312},{"Length":71,"Height":60,"Demand":1,"DemandMax":null,"Value":4260},{"Length":86,"Height":57,"Demand":1,"DemandMax":null,"Value":4902},{"Length":62,"Height":77,"Demand":1,"DemandMax":null,"Value":4774},{"Length":56,"Height":41,"Demand":1,"DemandMax":null,"Value":2296},{"Length":56,"Height":7,"Demand":1,"DemandMax":null,"Value":392},{"Length":84,"Height":62,"Demand":1,"DemandMax":null,"Value":5208},{"Length":97,"Height":29,"Demand":1,"DemandMax":null,"Value":2813},{"Length":82,"Height":63,"Demand":1,"DemandMax":null,"Value":5166},{"Length":62,"Height":53,"Demand":1,"DemandMax":null,"Value":3286},{"Length":93,"Height":22,"Demand":1,"DemandMax":null,"Value":2046},{"Length":64,"Height":25,"Demand":1,"DemandMax":null,"Value":1600},{"Length":96,"Height":50,"Demand":1,"DemandMax":null,"Value":4800},{"Length":45,"Height":21,"Demand":1,"DemandMax":null,"Value":945},{"Length":1,"Height":92,"Demand":1,"DemandMax":null,"Value":92},{"Length":85,"Height":53,"Demand":1,"DemandMax":null,"Value":4505},{"Length":54,"Height":26,"Demand":1,"DemandMax":null,"Value":1404},{"Length":95,"Height":66,"Demand":1,"DemandMax":null,"Value":6270},{"Length":31,"Height":62,"Demand":1,"DemandMax":null,"Value":1922},{"Length":17,"Height":37,"Demand":1,"DemandMax":null,"Value":629},{"Length":44,"Height":45,"Demand":1,"DemandMax":null,"Value":1980},{"Length":32,"Height":77,"Demand":1,"DemandMax":null,"Value":2464},{"Length":37,"Height":53,"Demand":1,"DemandMax":null,"Value":1961},{"Length":49,"Height":31,"Demand":1,"DemandMax":null,"Value":1519},{"Length":89,"Height":97,"Demand":1,"DemandMax":null,"Value":8633},{"Length":13,"Height":76,"Demand":1,"DemandMax":null,"Value":988},{"Length":10,"Height":22,"Demand":1,"DemandMax":null,"Value":220},{"Length":2,"Height":24,"Demand":1,"DemandMax":null,"Value":48},{"Length":44,"Height":4,"Demand":1,"DemandMax":null,"Value":176},{"Length":26,"Height":18,"Demand":1,"DemandMax":null,"Value":468},{"Length":70,"Height":56,"Demand":1,"DemandMax":null,"Value":3920},{"Length":32,"Height":38,"Demand":1,"DemandMax":null,"Value":1216},{"Length":99,"Height":21,"Demand":1,"DemandMax":null,"Value":2079},{"Length":95,"Height":94,"Demand":1,"DemandMax":null,"Value":8930},{"Length":75,"Height":78,"Demand":1,"DemandMax":null,"Value":5850}]}