{"Name":"MB_C1_37","Objects":[{"Length":10,"Height":10,"Stock":null,"Cost":100},{"Length":7,"Height":5,"Stock":null,"Cost":22},{"Length":8,"Height":5,"Stock":null,"Cost":28},{"Length":6,"Height":9,"Stock":null,"Cost":44},{"Length":8,"Height":9,"Stock":null,"Cost":66}],"Items":[{"Length":9,"Height":6,"Demand":2,"DemandMax":null,"Value":54},{"Length":4,"Height":3,"Demand":1,"DemandMax":null,"Value":12},{"Length":5,"Height":9,"Demand":3,"DemandMax":null,"Value":45},{"Length":2,"Height":10,"Demand":3,"DemandMax":null,"Value":20},{"Length":7,"Height":5,"Demand":2,"DemandMax":null,"Value":35},{"Length":5,"Height":6,"Demand":3,"DemandMax":null,"Value":30},{"Length":6,"Height":9,"Demand":2,"DemandMax":null,"Value":54},{"Length":1,"Height":3,"Demand":1,"DemandMax":null,"Value":3},{"Length":10,"Height":4,"Demand":2,"DemandMax":null,"Value":40},{"Length":7,"Height":8,"Demand":2,"DemandMax":null,"Value":56},{"Length":5,"Height":4,"Demand":2,"DemandMax":null,"Value":20},{"Length":10,"Height":5,"Demand":1,"DemandMax":null,"Value":50},{"Length":9,"Height":2,"Demand":1,"DemandMax":null,"Value":18},{"Length":10,"Height":10,"Demand":1,"DemandMax":null,"Value":100},{"Length":6,"Height":10,"Demand":1,"DemandMax":null,"Value":60},{"Length":2,"Height":2,"Demand":3,"DemandMax":null,"Value":4},{"Length":6,"Height":2,"Demand":1,"DemandMax":null,"Value":12},{"Length":5,"Height":7,"Demand":1,"DemandMax":null,"Value":35},{"Length":3,"Height":9,"Demand":1,"DemandMax":null,"Value":27},{"Length":9,"Height":5,"Demand":2,"DemandMax":null,"Value":45},{"Length":9,"Height":8,"Demand":1,"DemandMax":null,"Value":72},{"Length":10,"Height":2,"Demand":1,"DemandMax":null,"Value":20},{"Length":7,"Height":7,"Demand":2,"DemandMax":null,"Value":49},{"Length":3,"Height":4,"Demand":2,"DemandMax":null,"Value":12},{"Length":8,"Height":10,"Demand":2,"DemandMax":null,"Value":80},{"Length":5,"Height":3,"Demand":1,"DemandMax":null,"Value":15},{"Length":8,"Height":6,"Demand":2,"DemandMax":null,"Value":48},{"Length":6,"Height":4,"Demand":1,"DemandMax":null,"Value":24},{"Length":3,"Height":6,"Demand":3,"DemandMax":null,"Value":18},{"Length":2,"Height":4,"Demand":1,"DemandMax":null,"Value":8},{"Length":9,"Height":7,"Demand":1,"DemandMax":null,"Value":63},{"Length":2,"Height":7,"Demand":2,"DemandMax":null,"Value":14},{"Length":6,"Height":6,"Demand":1,"DemandMax":null,"Value":36},{"Length":3,"Height":10,"Demand":1,"DemandMax":null,"Value":30},{"Length":6,"Height":5,"Demand":1,"DemandMax":null,"Value":30},{"Length":3,"Height":1,"Demand":1,"DemandMax":null,"Value":3},{"Length":1,"Height":10,"Demand":2,"DemandMax":null,"Value":10},{"Length":5,"Height":2,"Demand":1,"DemandMax":null,"Value":10},{"Length":8,"Height":7,"Demand":1,"DemandMax":null,"Value":56},{"Length":1,"Height":8,"Demand":1,"DemandMax":null,"Value":8},{"Length":9,"Height":9,"Demand":1,"DemandMax":null,"Value":81},{"Length":8,"Height":3,"Demand":2,"DemandMax":null,"Value":24},{"Length":7,"Height":9,"Demand":1,"DemandMax":null,"Value":63},{"Length":8,"Height":4,"Demand":1,"DemandMax":null,"Value":32},{"Length":1,"Height":7,"Demand":1,"DemandMax":null,"Value":7},{"Length":10,"Height":7,"Demand":2,"DemandMax":null,"Value":70},{"Length":6,"Height":1,"Demand":1,"DemandMax":null,"Value":6},{"Length":1,"Height":6,"Demand":1,"DemandMax":null,"Value":6},{"Length":4,"Height":1,"Demand":1,"DemandMax":null,"Value":4},{"Length":8,"Height":5,"Demand":1,"DemandMax":null,"Value":40},{"Length":7,"Height":1,"Demand":1,"DemandMax":null,"Value":7},{"Length":5,"Height":5,"Demand":1,"DemandMax":null,"Value":25},{"Length":4,"Height":6,"Demand":1,"DemandMax":null,"Value":24},{"Length":5,"Height":8,"Demand":1,"DemandMax":null,"Value":40},{"Length":10,"Height":6,"Demand":1,"DemandMax":null,"Value":60}]}