{"Name":"MB_C9_50","Objects":[{"Length":100,"Height":100,"Stock":null,"Cost":10000},{"Length":97,"Height":87,"Stock":null,"Cost":8126},{"Length":82,"Height":99,"Stock":null,"Cost":7741},{"Length":53,"Height":82,"Stock":null,"Cost":3215},{"Length":77,"Height":56,"Stock":null,"Cost":3174}],"Items":[{"Length":94,"Height":61,"Demand":1,"DemandMax":null,"Value":5734},{"Length":54,"Height":96,"Demand":2,"DemandMax":null,"Value":5184},{"Length":91,"Height":61,"Demand":1,"DemandMax":null,"Value":5551},{"Length":98,"Height":28,"Demand":1,"DemandMax":null,"Value":2744},{"Length":42,"Height":39,"Demand":1,"DemandMax":null,"Value":1638},{"Length":67,"Height":63,"Demand":1,"DemandMax":null,"Value":4221},{"Length":95,"Height":95,"Demand":1,"DemandMax":null,"Value":9025},{"Length":65,"Height":51,"Demand":1,"DemandMax":null,"Value":3315},{"Length":50,"Height":78,"Demand":1,"DemandMax":null,"Value":3900},{"Length":92,"Height":93,"Demand":2,"DemandMax":null,"Value":8556},{"Length":59,"Height":90,"Demand":1,"DemandMax":null,"Value":5310},{"Length":97,"Height":88,"Demand":1,"DemandMax":null,"Value":8536},{"Length":22,"Height":86,"Demand":1,"DemandMax":null,"Value":1892},{"Length":78,"Height":85,"Demand":1,"DemandMax":null,"Value":6630},{"Length":91,"Height":47,"Demand":1,"DemandMax":null,"Value":4277},{"Length":89,"Height":85,"Demand":1,"DemandMax":null,"Value":7565},{"Length":53,"Height":92,"Demand":1,"DemandMax":null,"Value":4876},{"Length":76,"Height":88,"Demand":1,"DemandMax":null,"Value":6688},{"Length":83,"Height":16,"Demand":1,"DemandMax":null,"Value":1328},{"Length":43,"Height":96,"Demand":1,"DemandMax":null,"Value":4128},{"Length":48,"Height":17,"Demand":1,"DemandMax":null,"Value":816},{"Length":86,"Height":52,"Demand":1,"DemandMax":null,"Value":4472},{"Length":74,"Height":96,"Demand":2,"DemandMax":null,"Value":7104},{"Length":8,"Height":75,"Demand":1,"DemandMax":null,"Value":600},{"Length":53,"Height":52,"Demand":1,"DemandMax":null,"Value":2756},{"Length":57,"Height":79,"Demand":1,"DemandMax":null,"Value":4503},{"Length":86,"Height":87,"Demand":1,"DemandMax":null,"Value":7482},{"Length":85,"Height":97,"Demand":1,"DemandMax":null,"Value":8245},{"Length":22,"Height":50,"Demand":1,"DemandMax":null,"Value":1100},{"Length":41,"Height":77,"Demand":1,"DemandMax":null,"Value":3157},{"Length":59,"Height":91,"Demand":1,"DemandMax":null,"Value":5369},{"Length":73,"Height":91,"Demand":1,"DemandMax":null,"Value":6643},{"Length":50,"Height":59,"Demand":1,"DemandMax":null,"Value":2950},{"Length":85,"Height":66,"Demand":1,"DemandMax":null,"Value":5610},{"Length":95,"Height":56,"Demand":1,"DemandMax":null,"Value":5320},{"Length":92,"Height":80,"Demand":1,"DemandMax":null,"Value":7360},{"Length":91,"Height":78,"Demand":1,"DemandMax":null,"Value":7098},{"Length":92,"Height":83,"Demand":1,"DemandMax":null,"Value":7636},{"Length":86,"Height":63,"Demand":1,"DemandMax":null,"Value":5418},{"Length":45,"Height":75,"Demand":1,"DemandMax":null,"Value":3375},{"Length":59,"Height":51,"Demand":1,"DemandMax":null,"Value":3009},{"Length":50,"Height":80,"Demand":1,"DemandMax":null,"Value":4000},{"Length":60,"Height":92,"Demand":1,"DemandMax":null,"Value":5520},{"Length":58,"Height":57,"Demand":1,"DemandMax":null,"Value":3306},{"Length":39,"Height":36,"Demand":1,"DemandMax":null,"Value":1404},{"Length":70,"Height":71,"Demand":1,"DemandMax":null,"Value":4970},{"Length":97,"Height":33,"Demand":1,"DemandMax":null,"Value":3201},{"Length":84,"Height":63,"Demand":1,"DemandMax":null,"Value":5292},{"Length":80,"Height":83,"Demand":1,"DemandMax":null,"Value":6640},{"Length":51,"Height":84,"Demand":1,"DemandMax":null,"Value":4284},{"Length":93,"Height":85,"Demand":1,"DemandMax":null,"Value":7905},{"Length":72,"Height":81,"Demand":1,"DemandMax":null,"Value":5832},{"Length":83,"Height":91,"Demand":1,"DemandMax":null,"Value":7553},{"Length":95,"Height":57,"Demand":1,"DemandMax":null,"Value":5415},{"Length":51,"Height":99,"Demand":1,"DemandMax":null,"Value":5049},{"Length":71,"Height":60,"Demand":1,"DemandMax":null,"Value":4260},{"Length":98,"Height":60,"Demand":2,"DemandMax":null,"Value":5880},{"Length":50,"Height":43,"Demand":1,"DemandMax":null,"Value":2150},{"Length":22,"Height":25,"Demand":1,"DemandMax":null,"Value":550},{"Length":32,"Height":2,"Demand":1,"DemandMax":null,"Value":64},{"Length":74,"Height":92,"Demand":1,"DemandMax":null,"Value":6808},{"Length":66,"Height":89,"Demand":1,"DemandMax":null,"Value":5874},{"Length":53,"Height":62,"Demand":1,"DemandMax":null,"Value":3286},{"Length":54,"Height":54,"Demand":1,"DemandMax":null,"Value":2916},{"Length":12,"Height":90,"Demand":1,"DemandMax":null,"Value":1080},{"Length":95,"Height":98,"Demand":1,"DemandMax":null,"Value":9310},{"Length":89,"Height":68,"Demand":1,"DemandMax":null,"Value":6052},{"Length":61,"Height":90,"Demand":1,"DemandMax":null,"Value":5490},{"Length":85,"Height":67,"Demand":1,"DemandMax":null,"Value":5695},{"Length":53,"Height":71,"Demand":1,"DemandMax":null,"Value":3763},{"Length":85,"Height":95,"Demand":1,"DemandMax":null,"Value":8075},{"Length":73,"Height":56,"Demand":1,"DemandMax":null,"Value":4088},{"Length":87,"Height":100,"Demand":1,"DemandMax":null,"Value":8700},{"Length":70,"Height":94,"Demand":1,"DemandMax":null,"Value":6580},{"Length":95,"Height":33,"Demand":1,"DemandMax":null,"Value":3135},{"Length":46,"Height":35,"Demand":1,"DemandMax":null,"Value":1610},{"Length":66,"Height":44,"Demand":1,"DemandMax":null,"Value":2904},{"Length":100,"Height":28,"Demand":1,"DemandMax":null,"Value":2800},{"Length":61,"Height":82,"Demand":1,"DemandMax":null,"Value":5002},{"Length":80,"Height":74,"Demand":1,"DemandMax":null,"Value":5920},{"Length":75,"Height":99,"Demand":1,"DemandMax":null,"Value":7425},{"Length":90,"Height":73,"Demand":1,"DemandMax":null,"Value":6570},{"Length":27,"Height":83,"Demand":1,"DemandMax":null,"Value":2241},{"Length":62,"Height":65,"Demand":1,"DemandMax":null,"Value":4030},{"Length":92,"Height":81,"Demand":1,"DemandMax":null,"Value":7452},{"Length":85,"Height":65,"Demand":1,"DemandMax":null,"Value":5525},{"Length":85,"Height":89,"Demand":1,"DemandMax":null,"Value":7565},{"Length":11,"Height":96,"Demand":1,"DemandMax":null,"Value":1056},{"Length":55,"Height":100,"Demand":1,"DemandMax":null,"Value":5500},{"Length":39,"Height":50,"Demand":1,"DemandMax":null,"Value":1950},{"Length":5,"Height":75,"Demand":1,"DemandMax":null,"Value":375},{"Length":70,"Height":84,"Demand":1,"DemandMax":null,"Value":5880},{"Length":81,"Height":80,"Demand":1,"DemandMax":null,"Value":6480},{"Length":86,"Height":100,"Demand":1,"DemandMax":null,"Value":8600},{"Length":95,"Height":36,"Demand":1,"DemandMax":null,"Value":3420},{"Length":78,"Height":23,"Demand":1,"DemandMax":null,"Value":1794}]}