{"Name":"MB_C1_18","Objects":[{"Length":10,"Height":10,"Stock":null,"Cost":100},{"Length":6,"Height":6,"Stock":null,"Cost":23},{"Length":7,"Height":5,"Stock":null,"Cost":22},{"Length":7,"Height":8,"Stock":null,"Cost":47},{"Length":7,"Height":9,"Stock":null,"Cost":55}],"Items":[{"Length":1,"Height":10,"Demand":1,"DemandMax":null,"Value":10},{"Length":1,"Height":3,"Demand":1,"DemandMax":null,"Value":3},{"Length":7,"Height":9,"Demand":1,"DemandMax":null,"Value":63},{"Length":5,"Height":9,"Demand":2,"DemandMax":null,"Value":45},{"Length":4,"Height":9,"Demand":1,"DemandMax":null,"Value":36},{"Length":5,"Height":8,"Demand":1,"DemandMax":null,"Value":40},{"Length":2,"Height":6,"Demand":1,"DemandMax":null,"Value":12},{"Length":9,"Height":8,"Demand":1,"DemandMax":null,"Value":72},{"Length":10,"Height":9,"Demand":1,"DemandMax":null,"Value":90},{"Length":6,"Height":3,"Demand":1,"DemandMax":null,"Value":18},{"Length":8,"Height":9,"Demand":2,"DemandMax":null,"Value":72},{"Length":1,"Height":9,"Demand":2,"DemandMax":null,"Value":9},{"Length":5,"Height":10,"Demand":1,"DemandMax":null,"Value":50},{"Length":2,"Height":10,"Demand":1,"DemandMax":null,"Value":20},{"Length":8,"Height":1,"Demand":1,"DemandMax":null,"Value":8},{"Length":10,"Height":8,"Demand":1,"DemandMax":null,"Value":80},{"Length":3,"Height":1,"Demand":1,"DemandMax":null,"Value":3},{"Length":10,"Height":2,"Demand":1,"DemandMax":null,"Value":20},{"Length":1,"Height":7,"Demand":1,"DemandMax":null,"Value":7},{"Length":9,"Height":4,"Demand":1,"DemandMax":null,"Value":36},{"Length":8,"Height":5,"Demand":1,"DemandMax":null,"Value":40},{"Length":7,"Height":6,"Demand":2,"DemandMax":null,"Value":42},{"Length":10,"Height":6,"Demand":2,"DemandMax":null,"Value":60},{"Length":1,"Height":8,"Demand":1,"DemandMax":null,"Value":8},{"Length":9,"Height":6,"Demand":1,"DemandMax":null,"Value":54},{"Length":7,"Height":10,"Demand":1,"DemandMax":null,"Value":70},{"Length":10,"Height":1,"Demand":1,"DemandMax":null,"Value":10},{"Length":10,"Height":4,"Demand":1,"DemandMax":null,"Value":40},{"Length":4,"Height":6,"Demand":1,"DemandMax":null,"Value":24},{"Length":10,"Height":7,"Demand":1,"DemandMax":null,"Value":70},{"Length":8,"Height":8,"Demand":1,"DemandMax":null,"Value":64},{"Length":4,"Height":10,"Demand":1,"DemandMax":null,"Value":40},{"Length":2,"Height":3,"Demand":1,"DemandMax":null,"Value":6},{"Length":2,"Height":1,"Demand":1,"DemandMax":null,"Value":2},{"Length":1,"Height":2,"Demand":1,"DemandMax":null,"Value":2}]}