{"Name":"MB_C9_34","Objects":[{"Length":100,"Height":100,"Stock":null,"Cost":10000},{"Length":67,"Height":95,"Stock":null,"Cost":5638},{"Length":82,"Height":74,"Stock":null,"Cost":5281},{"Length":67,"Height":70,"Stock":null,"Cost":3628},{"Length":65,"Height":85,"Stock":null,"Cost":4630}],"Items":[{"Length":49,"Height":67,"Demand":1,"DemandMax":null,"Value":3283},{"Length":83,"Height":93,"Demand":1,"DemandMax":null,"Value":7719},{"Length":93,"Height":65,"Demand":1,"DemandMax":null,"Value":6045},{"Length":73,"Height":90,"Demand":1,"DemandMax":null,"Value":6570},{"Length":91,"Height":57,"Demand":1,"DemandMax":null,"Value":5187},{"Length":91,"Height":89,"Demand":1,"DemandMax":null,"Value":8099},{"Length":41,"Height":27,"Demand":1,"DemandMax":null,"Value":1107},{"Length":86,"Height":91,"Demand":1,"DemandMax":null,"Value":7826},{"Length":45,"Height":83,"Demand":1,"DemandMax":null,"Value":3735},{"Length":10,"Height":47,"Demand":1,"DemandMax":null,"Value":470},{"Length":50,"Height":100,"Demand":1,"DemandMax":null,"Value":5000},{"Length":61,"Height":54,"Demand":1,"DemandMax":null,"Value":3294},{"Length":10,"Height":4,"Demand":1,"DemandMax":null,"Value":40},{"Length":91,"Height":65,"Demand":1,"DemandMax":null,"Value":5915},{"Length":72,"Height":85,"Demand":1,"DemandMax":null,"Value":6120},{"Length":98,"Height":79,"Demand":1,"DemandMax":null,"Value":7742},{"Length":37,"Height":96,"Demand":1,"DemandMax":null,"Value":3552},{"Length":83,"Height":97,"Demand":1,"DemandMax":null,"Value":8051},{"Length":5,"Height":31,"Demand":1,"DemandMax":null,"Value":155},{"Length":96,"Height":66,"Demand":1,"DemandMax":null,"Value":6336},{"Length":75,"Height":96,"Demand":1,"DemandMax":null,"Value":7200},{"Length":87,"Height":89,"Demand":1,"DemandMax":null,"Value":7743},{"Length":99,"Height":89,"Demand":1,"DemandMax":null,"Value":8811},{"Length":55,"Height":64,"Demand":1,"DemandMax":null,"Value":3520},{"Length":26,"Height":10,"Demand":1,"DemandMax":null,"Value":260},{"Length":3,"Height":96,"Demand":1,"DemandMax":null,"Value":288},{"Length":6,"Height":71,"Demand":1,"DemandMax":null,"Value":426},{"Length":77,"Height":75,"Demand":1,"DemandMax":null,"Value":5775},{"Length":88,"Height":85,"Demand":1,"DemandMax":null,"Value":7480},{"Length":80,"Height":59,"Demand":1,"DemandMax":null,"Value":4720},{"Length":23,"Height":40,"Demand":1,"DemandMax":null,"Value":920},{"Length":11,"Height":98,"Demand":1,"DemandMax":null,"Value":1078},{"Length":61,"Height":72,"Demand":1,"DemandMax":null,"Value":4392},{"Length":69,"Height":87,"Demand":1,"DemandMax":null,"Value":6003},{"Length":67,"Height":33,"Demand":1,"DemandMax":null,"Value":2211},{"Length":6,"Height":86,"Demand":1,"DemandMax":null,"Value":516},{"Length":47,"Height":80,"Demand":1,"DemandMax":null,"Value":3760},{"Length":70,"Height":76,"Demand":1,"DemandMax":null,"Value":5320},{"Length":94,"Height":88,"Demand":1,"DemandMax":null,"Value":8272},{"Length":62,"Height":75,"Demand":1,"DemandMax":null,"Value":4650},{"Length":94,"Height":82,"Demand":1,"DemandMax":null,"Value":7708},{"Length":33,"Height":27,"Demand":1,"DemandMax":null,"Value":891},{"Length":98,"Height":4,"Demand":1,"DemandMax":null,"Value":392},{"Length":80,"Height":82,"Demand":1,"DemandMax":null,"Value":6560},{"Length":52,"Height":53,"Demand":1,"DemandMax":null,"Value":2756},{"Length":56,"Height":89,"Demand":1,"DemandMax":null,"Value":4984},{"Length":11,"Height":88,"Demand":1,"DemandMax":null,"Value":968},{"Length":60,"Height":100,"Demand":1,"DemandMax":null,"Value":6000},{"Length":72,"Height":88,"Demand":1,"DemandMax":null,"Value":6336},{"Length":92,"Height":63,"Demand":1,"DemandMax":null,"Value":5796},{"Length":91,"Height":22,"Demand":1,"DemandMax":null,"Value":2002},{"Length":51,"Height":80,"Demand":1,"DemandMax":null,"Value":4080},{"Length":54,"Height":83,"Demand":1,"DemandMax":null,"Value":4482},{"Length":90,"Height":100,"Demand":1,"DemandMax":null,"Value":9000},{"Length":75,"Height":73,"Demand":1,"DemandMax":null,"Value":5475},{"Length":55,"Height":72,"Demand":1,"DemandMax":null,"Value":3960},{"Length":49,"Height":41,"Demand":1,"DemandMax":null,"Value":2009},{"Length":99,"Height":97,"Demand":1,"DemandMax":null,"Value":9603},{"Length":25,"Height":36,"Demand":1,"DemandMax":null,"Value":900},{"Length":70,"Height":75,"Demand":1,"DemandMax":null,"Value":5250},{"Length":53,"Height":59,"Demand":1,"DemandMax":null,"Value":3127},{"Length":20,"Height":7,"Demand":1,"DemandMax":null,"Value":140},{"Length":86,"Height":60,"Demand":1,"DemandMax":null,"Value":5160},{"Length":97,"Height":90,"Demand":1,"DemandMax":null,"Value":8730},{"Length":70,"Height":90,"Demand":1,"DemandMax":null,"Value":6300},{"Length":51,"Height":77,"Demand":1,"DemandMax":null,"Value":3927},{"Length":58,"Height":97,"Demand":1,"DemandMax":null,"Value":5626},{"Length":90,"Height":17,"Demand":1,"DemandMax":null,"Value":1530},{"Length":100,"Height":82,"Demand":1,"DemandMax":null,"Value":8200},{"Length":96,"Height":59,"Demand":1,"DemandMax":null,"Value":5664},{"Length":43,"Height":97,"Demand":1,"DemandMax":null,"Value":4171},{"Length":90,"Height":6,"Demand":1,"DemandMax":null,"Value":540},{"Length":40,"Height":90,"Demand":1,"DemandMax":null,"Value":3600},{"Length":51,"Height":53,"Demand":1,"DemandMax":null,"Value":2703},{"Length":89,"Height":54,"Demand":1,"DemandMax":null,"Value":4806},{"Length":97,"Height":55,"Demand":1,"DemandMax":null,"Value":5335},{"Length":92,"Height":50,"Demand":1,"DemandMax":null,"Value":4600},{"Length":69,"Height":59,"Demand":1,"DemandMax":null,"Value":4071},{"Length":97,"Height":75,"Demand":1,"DemandMax":null,"Value":7275},{"Length":20,"Height":77,"Demand":1,"DemandMax":null,"Value":1540}]}