{"Name":"MB_C4_17","Objects":[{"Length":100,"Height":100,"Stock":null,"Cost":10000},{"Length":55,"Height":61,"Stock":null,"Cost":2026},{"Length":61,"Height":74,"Stock":null,"Cost":3416},{"Length":95,"Height":62,"Stock":null,"Cost":5067},{"Length":94,"Height":73,"Stock":null,"Cost":6234}],"Items":[{"Length":10,"Height":2,"Demand":1,"DemandMax":null,"Value":20},{"Length":19,"Height":21,"Demand":1,"DemandMax":null,"Value":399},{"Length":35,"Height":11,"Demand":1,"DemandMax":null,"Value":385},{"Length":33,"Height":3,"Demand":1,"DemandMax":null,"Value":99},{"Length":30,"Height":5,"Demand":1,"DemandMax":null,"Value":150},{"Length":24,"Height":2,"Demand":2,"DemandMax":null,"Value":48},{"Length":22,"Height":24,"Demand":1,"DemandMax":null,"Value":528},{"Length":9,"Height":9,"Demand":1,"DemandMax":null,"Value":81},{"Length":15,"Height":12,"Demand":1,"DemandMax":null,"Value":180},{"Length":14,"Height":29,"Demand":1,"DemandMax":null,"Value":406},{"Length":24,"Height":32,"Demand":1,"DemandMax":null,"Value":768},{"Length":8,"Height":6,"Demand":1,"DemandMax":null,"Value":48},{"Length":7,"Height":18,"Demand":1,"DemandMax":null,"Value":126},{"Length":7,"Height":5,"Demand":1,"DemandMax":null,"Value":35},{"Length":3,"Height":21,"Demand":1,"DemandMax":null,"Value":63},{"Length":3,"Height":27,"Demand":1,"DemandMax":null,"Value":81},{"Length":26,"Height":32,"Demand":1,"DemandMax":null,"Value":832},{"Length":35,"Height":19,"Demand":1,"DemandMax":null,"Value":665},{"Length":35,"Height":21,"Demand":1,"DemandMax":null,"Value":735},{"Length":13,"Height":9,"Demand":1,"DemandMax":null,"Value":117},{"Length":34,"Height":3,"Demand":1,"DemandMax":null,"Value":102},{"Length":35,"Height":34,"Demand":1,"DemandMax":null,"Value":1190},{"Length":2,"Height":5,"Demand":1,"DemandMax":null,"Value":10},{"Length":35,"Height":6,"Demand":1,"DemandMax":null,"Value":210},{"Length":2,"Height":32,"Demand":1,"DemandMax":null,"Value":64},{"Length":27,"Height":21,"Demand":1,"DemandMax":null,"Value":567},{"Length":3,"Height":28,"Demand":1,"DemandMax":null,"Value":84},{"Length":6,"Height":14,"Demand":1,"DemandMax":null,"Value":84},{"Length":20,"Height":21,"Demand":1,"DemandMax":null,"Value":420},{"Length":8,"Height":35,"Demand":1,"DemandMax":null,"Value":280},{"Length":11,"Height":16,"Demand":1,"DemandMax":null,"Value":176},{"Length":15,"Height":6,"Demand":1,"DemandMax":null,"Value":90},{"Length":15,"Height":26,"Demand":1,"DemandMax":null,"Value":390},{"Length":19,"Height":2,"Demand":1,"DemandMax":null,"Value":38},{"Length":12,"Height":11,"Demand":1,"DemandMax":null,"Value":132},{"Length":29,"Height":8,"Demand":1,"DemandMax":null,"Value":232},{"Length":11,"Height":35,"Demand":1,"DemandMax":null,"Value":385},{"Length":35,"Height":33,"Demand":1,"DemandMax":null,"Value":1155},{"Length":6,"Height":33,"Demand":1,"DemandMax":null,"Value":198}]}