{"Name":"MB_C1_10","Objects":[{"Length":10,"Height":10,"Stock":null,"Cost":100},{"Length":8,"Height":9,"Stock":null,"Cost":66},{"Length":8,"Height":8,"Stock":null,"Cost":56},{"Length":8,"Height":6,"Stock":null,"Cost":37},{"Length":5,"Height":8,"Stock":null,"Cost":28}],"Items":[{"Length":10,"Height":8,"Demand":1,"DemandMax":null,"Value":80},{"Length":5,"Height":6,"Demand":1,"DemandMax":null,"Value":30},{"Length":2,"Height":3,"Demand":1,"DemandMax":null,"Value":6},{"Length":10,"Height":10,"Demand":1,"DemandMax":null,"Value":100},{"Length":8,"Height":8,"Demand":1,"DemandMax":null,"Value":64},{"Length":2,"Height":2,"Demand":1,"DemandMax":null,"Value":4},{"Length":6,"Height":2,"Demand":1,"DemandMax":null,"Value":12},{"Length":6,"Height":10,"Demand":1,"DemandMax":null,"Value":60},{"Length":9,"Height":2,"Demand":1,"DemandMax":null,"Value":18},{"Length":8,"Height":5,"Demand":1,"DemandMax":null,"Value":40},{"Length":9,"Height":3,"Demand":1,"DemandMax":null,"Value":27},{"Length":1,"Height":2,"Demand":1,"DemandMax":null,"Value":2},{"Length":5,"Height":9,"Demand":1,"DemandMax":null,"Value":45},{"Length":8,"Height":7,"Demand":1,"DemandMax":null,"Value":56},{"Length":8,"Height":2,"Demand":1,"DemandMax":null,"Value":16},{"Length":8,"Height":3,"Demand":1,"DemandMax":null,"Value":24},{"Length":3,"Height":2,"Demand":1,"DemandMax":null,"Value":6},{"Length":2,"Height":4,"Demand":1,"DemandMax":null,"Value":8},{"Length":6,"Height":8,"Demand":1,"DemandMax":null,"Value":48},{"Length":3,"Height":6,"Demand":1,"DemandMax":null,"Value":18}]}