{"Name":"MB_C10_19","Objects":[{"Length":100,"Height":100,"Stock":null,"Cost":10000},{"Length":84,"Height":77,"Stock":null,"Cost":5761},{"Length":87,"Height":77,"Stock":null,"Cost":6038},{"Length":90,"Height":91,"Stock":null,"Cost":7828},{"Length":63,"Height":82,"Stock":null,"Cost":4199}],"Items":[{"Length":22,"Height":71,"Demand":1,"DemandMax":null,"Value":1562},{"Length":29,"Height":12,"Demand":1,"DemandMax":null,"Value":348},{"Length":55,"Height":65,"Demand":1,"DemandMax":null,"Value":3575},{"Length":21,"Height":75,"Demand":1,"DemandMax":null,"Value":1575},{"Length":17,"Height":26,"Demand":1,"DemandMax":null,"Value":442},{"Length":76,"Height":44,"Demand":1,"DemandMax":null,"Value":3344},{"Length":7,"Height":39,"Demand":1,"DemandMax":null,"Value":273},{"Length":12,"Height":2,"Demand":1,"DemandMax":null,"Value":24},{"Length":24,"Height":4,"Demand":1,"DemandMax":null,"Value":96},{"Length":12,"Height":38,"Demand":1,"DemandMax":null,"Value":456},{"Length":69,"Height":73,"Demand":1,"DemandMax":null,"Value":5037},{"Length":15,"Height":2,"Demand":1,"DemandMax":null,"Value":30},{"Length":43,"Height":45,"Demand":1,"DemandMax":null,"Value":1935},{"Length":21,"Height":96,"Demand":1,"DemandMax":null,"Value":2016},{"Length":96,"Height":19,"Demand":1,"DemandMax":null,"Value":1824},{"Length":30,"Height":14,"Demand":1,"DemandMax":null,"Value":420},{"Length":23,"Height":47,"Demand":1,"DemandMax":null,"Value":1081},{"Length":42,"Height":12,"Demand":1,"DemandMax":null,"Value":504},{"Length":80,"Height":77,"Demand":1,"DemandMax":null,"Value":6160},{"Length":6,"Height":37,"Demand":1,"DemandMax":null,"Value":222},{"Length":15,"Height":10,"Demand":1,"DemandMax":null,"Value":150},{"Length":24,"Height":41,"Demand":1,"DemandMax":null,"Value":984},{"Length":28,"Height":47,"Demand":1,"DemandMax":null,"Value":1316},{"Length":45,"Height":81,"Demand":1,"DemandMax":null,"Value":3645},{"Length":18,"Height":36,"Demand":1,"DemandMax":null,"Value":648},{"Length":18,"Height":31,"Demand":1,"DemandMax":null,"Value":558},{"Length":87,"Height":77,"Demand":1,"DemandMax":null,"Value":6699},{"Length":44,"Height":19,"Demand":1,"DemandMax":null,"Value":836},{"Length":89,"Height":23,"Demand":1,"DemandMax":null,"Value":2047},{"Length":24,"Height":34,"Demand":1,"DemandMax":null,"Value":816},{"Length":8,"Height":80,"Demand":1,"DemandMax":null,"Value":640},{"Length":6,"Height":84,"Demand":1,"DemandMax":null,"Value":504},{"Length":10,"Height":80,"Demand":1,"DemandMax":null,"Value":800},{"Length":41,"Height":48,"Demand":1,"DemandMax":null,"Value":1968},{"Length":41,"Height":83,"Demand":1,"DemandMax":null,"Value":3403},{"Length":29,"Height":47,"Demand":1,"DemandMax":null,"Value":1363},{"Length":99,"Height":81,"Demand":1,"DemandMax":null,"Value":8019},{"Length":20,"Height":24,"Demand":1,"DemandMax":null,"Value":480},{"Length":35,"Height":41,"Demand":1,"DemandMax":null,"Value":1435},{"Length":14,"Height":28,"Demand":1,"DemandMax":null,"Value":392}]}