{"Name":"MB_C6_46","Objects":[{"Length":300,"Height":300,"Stock":null,"Cost":90000},{"Length":266,"Height":279,"Stock":null,"Cost":71056},{"Length":269,"Height":279,"Stock":null,"Cost":72061},{"Length":203,"Height":248,"Stock":null,"Cost":42412},{"Length":275,"Height":282,"Stock":null,"Cost":75060}],"Items":[{"Length":74,"Height":71,"Demand":1,"DemandMax":null,"Value":5254},{"Length":75,"Height":26,"Demand":1,"DemandMax":null,"Value":1950},{"Length":48,"Height":48,"Demand":1,"DemandMax":null,"Value":2304},{"Length":17,"Height":27,"Demand":1,"DemandMax":null,"Value":459},{"Length":36,"Height":84,"Demand":1,"DemandMax":null,"Value":3024},{"Length":95,"Height":75,"Demand":1,"DemandMax":null,"Value":7125},{"Length":16,"Height":89,"Demand":1,"DemandMax":null,"Value":1424},{"Length":53,"Height":48,"Demand":1,"DemandMax":null,"Value":2544},{"Length":98,"Height":8,"Demand":1,"DemandMax":null,"Value":784},{"Length":70,"Height":57,"Demand":1,"DemandMax":null,"Value":3990},{"Length":27,"Height":18,"Demand":1,"DemandMax":null,"Value":486},{"Length":56,"Height":47,"Demand":1,"DemandMax":null,"Value":2632},{"Length":80,"Height":31,"Demand":1,"DemandMax":null,"Value":2480},{"Length":55,"Height":94,"Demand":1,"DemandMax":null,"Value":5170},{"Length":70,"Height":91,"Demand":1,"DemandMax":null,"Value":6370},{"Length":47,"Height":11,"Demand":1,"DemandMax":null,"Value":517},{"Length":40,"Height":76,"Demand":1,"DemandMax":null,"Value":3040},{"Length":40,"Height":41,"Demand":1,"DemandMax":null,"Value":1640},{"Length":69,"Height":96,"Demand":1,"DemandMax":null,"Value":6624},{"Length":81,"Height":63,"Demand":1,"DemandMax":null,"Value":5103},{"Length":66,"Height":97,"Demand":1,"DemandMax":null,"Value":6402},{"Length":46,"Height":87,"Demand":1,"DemandMax":null,"Value":4002},{"Length":77,"Height":56,"Demand":1,"DemandMax":null,"Value":4312},{"Length":48,"Height":59,"Demand":1,"DemandMax":null,"Value":2832},{"Length":80,"Height":85,"Demand":1,"DemandMax":null,"Value":6800},{"Length":30,"Height":55,"Demand":1,"DemandMax":null,"Value":1650},{"Length":85,"Height":27,"Demand":1,"DemandMax":null,"Value":2295},{"Length":70,"Height":88,"Demand":1,"DemandMax":null,"Value":6160},{"Length":38,"Height":60,"Demand":1,"DemandMax":null,"Value":2280},{"Length":79,"Height":100,"Demand":1,"DemandMax":null,"Value":7900},{"Length":15,"Height":96,"Demand":1,"DemandMax":null,"Value":1440},{"Length":2,"Height":71,"Demand":1,"DemandMax":null,"Value":142},{"Length":28,"Height":80,"Demand":1,"DemandMax":null,"Value":2240},{"Length":16,"Height":11,"Demand":1,"DemandMax":null,"Value":176},{"Length":21,"Height":88,"Demand":1,"DemandMax":null,"Value":1848},{"Length":33,"Height":65,"Demand":1,"DemandMax":null,"Value":2145},{"Length":73,"Height":31,"Demand":1,"DemandMax":null,"Value":2263},{"Length":97,"Height":10,"Demand":1,"DemandMax":null,"Value":970},{"Length":94,"Height":56,"Demand":1,"DemandMax":null,"Value":5264},{"Length":86,"Height":58,"Demand":1,"DemandMax":null,"Value":4988},{"Length":28,"Height":38,"Demand":1,"DemandMax":null,"Value":1064},{"Length":11,"Height":53,"Demand":1,"DemandMax":null,"Value":583},{"Length":55,"Height":90,"Demand":1,"DemandMax":null,"Value":4950},{"Length":16,"Height":72,"Demand":1,"DemandMax":null,"Value":1152},{"Length":83,"Height":55,"Demand":1,"DemandMax":null,"Value":4565},{"Length":79,"Height":28,"Demand":1,"DemandMax":null,"Value":2212},{"Length":59,"Height":12,"Demand":1,"DemandMax":null,"Value":708},{"Length":12,"Height":64,"Demand":1,"DemandMax":null,"Value":768},{"Length":59,"Height":72,"Demand":1,"DemandMax":null,"Value":4248},{"Length":58,"Height":58,"Demand":1,"DemandMax":null,"Value":3364},{"Length":96,"Height":78,"Demand":1,"DemandMax":null,"Value":7488},{"Length":96,"Height":21,"Demand":1,"DemandMax":null,"Value":2016},{"Length":13,"Height":10,"Demand":1,"DemandMax":null,"Value":130},{"Length":36,"Height":98,"Demand":1,"DemandMax":null,"Value":3528},{"Length":88,"Height":77,"Demand":1,"DemandMax":null,"Value":6776},{"Length":23,"Height":67,"Demand":1,"DemandMax":null,"Value":1541},{"Length":32,"Height":24,"Demand":1,"DemandMax":null,"Value":768},{"Length":35,"Height":38,"Demand":1,"DemandMax":null,"Value":1330},{"Length":90,"Height":30,"Demand":1,"DemandMax":null,"Value":2700},{"Length":83,"Height":56,"Demand":1,"DemandMax":null,"Value":4648},{"Length":39,"Height":5,"Demand":1,"DemandMax":null,"Value":195},{"Length":12,"Height":99,"Demand":1,"DemandMax":null,"Value":1188},{"Length":91,"Height":94,"Demand":1,"DemandMax":null,"Value":8554},{"Length":99,"Height":78,"Demand":1,"DemandMax":null,"Value":7722},{"Length":90,"Height":74,"Demand":1,"DemandMax":null,"Value":6660},{"Length":54,"Height":37,"Demand":1,"DemandMax":null,"Value":1998},{"Length":14,"Height":57,"Demand":1,"DemandMax":null,"Value":798},{"Length":24,"Height":55,"Demand":1,"DemandMax":null,"Value":1320},{"Length":74,"Height":87,"Demand":1,"DemandMax":null,"Value":6438},{"Length":85,"Height":42,"Demand":1,"DemandMax":null,"Value":3570},{"Length":14,"Height":42,"Demand":1,"DemandMax":null,"Value":588},{"Length":49,"Height":42,"Demand":1,"DemandMax":null,"Value":2058},{"Length":12,"Height":32,"Demand":1,"DemandMax":null,"Value":384},{"Length":59,"Height":34,"Demand":1,"DemandMax":null,"Value":2006},{"Length":80,"Height":3,"Demand":1,"DemandMax":null,"Value":240},{"Length":95,"Height":28,"Demand":1,"DemandMax":null,"Value":2660},{"Length":61,"Height":32,"Demand":1,"DemandMax":null,"Value":1952},{"Length":66,"Height":70,"Demand":1,"DemandMax":null,"Value":4620},{"Length":33,"Height":31,"Demand":1,"DemandMax":null,"Value":1023},{"Length":18,"Height":36,"Demand":1,"DemandMax":null,"Value":648},{"Length":9,"Height":43,"Demand":1,"DemandMax":null,"Value":387},{"Length":28,"Height":39,"Demand":1,"DemandMax":null,"Value":1092},{"Length":31,"Height":46,"Demand":1,"DemandMax":null,"Value":1426},{"Length":7,"Height":21,"Demand":1,"DemandMax":null,"Value":147},{"Length":78,"Height":52,"Demand":1,"DemandMax":null,"Value":4056},{"Length":100,"Height":62,"Demand":1,"DemandMax":null,"Value":6200},{"Length":61,"Height":6,"Demand":1,"DemandMax":null,"Value":366},{"Length":84,"Height":72,"Demand":1,"DemandMax":null,"Value":6048},{"Length":25,"Height":84,"Demand":1,"DemandMax":null,"Value":2100},{"Length":71,"Height":96,"Demand":1,"DemandMax":null,"Value":6816},{"Length":46,"Height":97,"Demand":1,"DemandMax":null,"Value":4462},{"Length":5,"Height":11,"Demand":1,"DemandMax":null,"Value":55},{"Length":37,"Height":92,"Demand":1,"DemandMax":null,"Value":3404},{"Length":64,"Height":29,"Demand":1,"DemandMax":null,"Value":1856},{"Length":42,"Height":44,"Demand":1,"DemandMax":null,"Value":1848},{"Length":59,"Height":94,"Demand":1,"DemandMax":null,"Value":5546},{"Length":38,"Height":66,"Demand":1,"DemandMax":null,"Value":2508},{"Length":34,"Height":83,"Demand":1,"DemandMax":null,"Value":2822},{"Length":37,"Height":1,"Demand":1,"DemandMax":null,"Value":37},{"Length":67,"Height":9,"Demand":1,"DemandMax":null,"Value":603}]}