{"Name":"MB_C2_31","Objects":[{"Length":30,"Height":30,"Stock":null,"Cost":900},{"Length":27,"Height":24,"Stock":null,"Cost":597},{"Length":15,"Height":28,"Stock":null,"Cost":324},{"Length":18,"Height":24,"Stock":null,"Cost":338},{"Length":18,"Height":25,"Stock":null,"Cost":360}],"Items":[{"Length":7,"Height":4,"Demand":1,"DemandMax":null,"Value":28},{"Length":3,"Height":1,"Demand":3,"DemandMax":null,"Value":3},{"Length":7,"Height":6,"Demand":1,"DemandMax":null,"Value":42},{"Length":2,"Height":8,"Demand":1,"DemandMax":null,"Value":16},{"Length":4,"Height":9,"Demand":2,"DemandMax":null,"Value":36},{"Length":2,"Height":6,"Demand":2,"DemandMax":null,"Value":12},{"Length":7,"Height":7,"Demand":2,"DemandMax":null,"Value":49},{"Length":6,"Height":3,"Demand":1,"DemandMax":null,"Value":18},{"Length":7,"Height":2,"Demand":2,"DemandMax":null,"Value":14},{"Length":8,"Height":3,"Demand":1,"DemandMax":null,"Value":24},{"Length":3,"Height":4,"Demand":1,"DemandMax":null,"Value":12},{"Length":9,"Height":1,"Demand":1,"DemandMax":null,"Value":9},{"Length":1,"Height":8,"Demand":3,"DemandMax":null,"Value":8},{"Length":10,"Height":1,"Demand":1,"DemandMax":null,"Value":10},{"Length":6,"Height":7,"Demand":4,"DemandMax":null,"Value":42},{"Length":5,"Height":9,"Demand":1,"DemandMax":null,"Value":45},{"Length":7,"Height":3,"Demand":1,"DemandMax":null,"Value":21},{"Length":3,"Height":8,"Demand":1,"DemandMax":null,"Value":24},{"Length":9,"Height":6,"Demand":1,"DemandMax":null,"Value":54},{"Length":5,"Height":2,"Demand":2,"DemandMax":null,"Value":10},{"Length":1,"Height":5,"Demand":1,"DemandMax":null,"Value":5},{"Length":4,"Height":8,"Demand":1,"DemandMax":null,"Value":32},{"Length":3,"Height":6,"Demand":1,"DemandMax":null,"Value":18},{"Length":10,"Height":7,"Demand":1,"DemandMax":null,"Value":70},{"Length":10,"Height":5,"Demand":1,"DemandMax":null,"Value":50},{"Length":2,"Height":5,"Demand":1,"DemandMax":null,"Value":10},{"Length":9,"Height":5,"Demand":1,"DemandMax":null,"Value":45},{"Length":6,"Height":9,"Demand":2,"DemandMax":null,"Value":54},{"Length":2,"Height":10,"Demand":1,"DemandMax":null,"Value":20},{"Length":9,"Height":9,"Demand":1,"DemandMax":null,"Value":81},{"Length":2,"Height":7,"Demand":2,"DemandMax":null,"Value":14},{"Length":2,"Height":1,"Demand":1,"DemandMax":null,"Value":2},{"Length":9,"Height":8,"Demand":3,"DemandMax":null,"Value":72},{"Length":10,"Height":2,"Demand":2,"DemandMax":null,"Value":20},{"Length":10,"Height":3,"Demand":1,"DemandMax":null,"Value":30},{"Length":1,"Height":3,"Demand":1,"DemandMax":null,"Value":3},{"Length":6,"Height":6,"Demand":2,"DemandMax":null,"Value":36},{"Length":3,"Height":9,"Demand":1,"DemandMax":null,"Value":27},{"Length":5,"Height":8,"Demand":1,"DemandMax":null,"Value":40},{"Length":8,"Height":9,"Demand":2,"DemandMax":null,"Value":72},{"Length":6,"Height":1,"Demand":1,"DemandMax":null,"Value":6},{"Length":4,"Height":5,"Demand":1,"DemandMax":null,"Value":20},{"Length":4,"Height":7,"Demand":3,"DemandMax":null,"Value":28},{"Length":5,"Height":5,"Demand":1,"DemandMax":null,"Value":25},{"Length":9,"Height":2,"Demand":1,"DemandMax":null,"Value":18},{"Length":3,"Height":3,"Demand":2,"DemandMax":null,"Value":9},{"Length":8,"Height":8,"Demand":1,"DemandMax":null,"Value":64},{"Length":8,"Height":2,"Demand":1,"DemandMax":null,"Value":16},{"Length":5,"Height":4,"Demand":1,"DemandMax":null,"Value":20},{"Length":7,"Height":8,"Demand":1,"DemandMax":null,"Value":56},{"Length":9,"Height":4,"Demand":1,"DemandMax":null,"Value":36},{"Length":8,"Height":4,"Demand":1,"DemandMax":null,"Value":32},{"Length":1,"Height":10,"Demand":1,"DemandMax":null,"Value":10},{"Length":5,"Height":6,"Demand":1,"DemandMax":null,"Value":30},{"Length":5,"Height":3,"Demand":1,"DemandMax":null,"Value":15},{"Length":1,"Height":9,"Demand":1,"DemandMax":null,"Value":9},{"Length":4,"Height":1,"Demand":1,"DemandMax":null,"Value":4},{"Length":4,"Height":6,"Demand":1,"DemandMax":null,"Value":24}]}