{"Name":"MB_C8_31","Objects":[{"Length":100,"Height":100,"Stock":null,"Cost":10000},{"Length":58,"Height":73,"Stock":null,"Cost":3080},{"Length":98,"Height":95,"Stock":null,"Cost":9172},{"Length":66,"Height":88,"Stock":null,"Cost":4969},{"Length":65,"Height":72,"Stock":null,"Cost":3615}],"Items":[{"Length":79,"Height":11,"Demand":1,"DemandMax":null,"Value":869},{"Length":31,"Height":84,"Demand":1,"DemandMax":null,"Value":2604},{"Length":91,"Height":18,"Demand":1,"DemandMax":null,"Value":1638},{"Length":55,"Height":78,"Demand":1,"DemandMax":null,"Value":4290},{"Length":87,"Height":27,"Demand":1,"DemandMax":null,"Value":2349},{"Length":88,"Height":8,"Demand":1,"DemandMax":null,"Value":704},{"Length":68,"Height":40,"Demand":1,"DemandMax":null,"Value":2720},{"Length":74,"Height":16,"Demand":1,"DemandMax":null,"Value":1184},{"Length":53,"Height":54,"Demand":1,"DemandMax":null,"Value":2862},{"Length":98,"Height":2,"Demand":1,"DemandMax":null,"Value":196},{"Length":88,"Height":24,"Demand":1,"DemandMax":null,"Value":2112},{"Length":82,"Height":65,"Demand":1,"DemandMax":null,"Value":5330},{"Length":92,"Height":45,"Demand":1,"DemandMax":null,"Value":4140},{"Length":80,"Height":7,"Demand":1,"DemandMax":null,"Value":560},{"Length":23,"Height":79,"Demand":1,"DemandMax":null,"Value":1817},{"Length":74,"Height":26,"Demand":1,"DemandMax":null,"Value":1924},{"Length":35,"Height":47,"Demand":1,"DemandMax":null,"Value":1645},{"Length":71,"Height":24,"Demand":1,"DemandMax":null,"Value":1704},{"Length":75,"Height":76,"Demand":1,"DemandMax":null,"Value":5700},{"Length":55,"Height":99,"Demand":1,"DemandMax":null,"Value":5445},{"Length":93,"Height":59,"Demand":1,"DemandMax":null,"Value":5487},{"Length":70,"Height":2,"Demand":1,"DemandMax":null,"Value":140},{"Length":89,"Height":95,"Demand":1,"DemandMax":null,"Value":8455},{"Length":72,"Height":33,"Demand":1,"DemandMax":null,"Value":2376},{"Length":13,"Height":34,"Demand":1,"DemandMax":null,"Value":442},{"Length":77,"Height":42,"Demand":1,"DemandMax":null,"Value":3234},{"Length":15,"Height":83,"Demand":1,"DemandMax":null,"Value":1245},{"Length":83,"Height":29,"Demand":1,"DemandMax":null,"Value":2407},{"Length":96,"Height":21,"Demand":1,"DemandMax":null,"Value":2016},{"Length":92,"Height":44,"Demand":1,"DemandMax":null,"Value":4048},{"Length":66,"Height":18,"Demand":1,"DemandMax":null,"Value":1188},{"Length":68,"Height":37,"Demand":1,"DemandMax":null,"Value":2516},{"Length":87,"Height":68,"Demand":1,"DemandMax":null,"Value":5916},{"Length":80,"Height":8,"Demand":1,"DemandMax":null,"Value":640},{"Length":66,"Height":22,"Demand":1,"DemandMax":null,"Value":1452},{"Length":95,"Height":6,"Demand":1,"DemandMax":null,"Value":570},{"Length":94,"Height":29,"Demand":1,"DemandMax":null,"Value":2726},{"Length":66,"Height":83,"Demand":1,"DemandMax":null,"Value":5478},{"Length":73,"Height":38,"Demand":1,"DemandMax":null,"Value":2774},{"Length":96,"Height":37,"Demand":1,"DemandMax":null,"Value":3552},{"Length":71,"Height":50,"Demand":1,"DemandMax":null,"Value":3550},{"Length":82,"Height":20,"Demand":1,"DemandMax":null,"Value":1640},{"Length":88,"Height":15,"Demand":1,"DemandMax":null,"Value":1320},{"Length":69,"Height":30,"Demand":1,"DemandMax":null,"Value":2070},{"Length":36,"Height":88,"Demand":1,"DemandMax":null,"Value":3168},{"Length":94,"Height":18,"Demand":1,"DemandMax":null,"Value":1692},{"Length":77,"Height":4,"Demand":1,"DemandMax":null,"Value":308},{"Length":30,"Height":35,"Demand":1,"DemandMax":null,"Value":1050},{"Length":83,"Height":28,"Demand":1,"DemandMax":null,"Value":2324},{"Length":80,"Height":29,"Demand":1,"DemandMax":null,"Value":2320},{"Length":74,"Height":5,"Demand":1,"DemandMax":null,"Value":370},{"Length":66,"Height":50,"Demand":1,"DemandMax":null,"Value":3300},{"Length":84,"Height":34,"Demand":1,"DemandMax":null,"Value":2856},{"Length":75,"Height":50,"Demand":1,"DemandMax":null,"Value":3750},{"Length":79,"Height":17,"Demand":1,"DemandMax":null,"Value":1343},{"Length":14,"Height":85,"Demand":1,"DemandMax":null,"Value":1190},{"Length":93,"Height":3,"Demand":1,"DemandMax":null,"Value":279},{"Length":17,"Height":34,"Demand":1,"DemandMax":null,"Value":578},{"Length":92,"Height":41,"Demand":1,"DemandMax":null,"Value":3772},{"Length":81,"Height":18,"Demand":1,"DemandMax":null,"Value":1458},{"Length":75,"Height":32,"Demand":1,"DemandMax":null,"Value":2400},{"Length":88,"Height":29,"Demand":1,"DemandMax":null,"Value":2552},{"Length":78,"Height":27,"Demand":1,"DemandMax":null,"Value":2106},{"Length":96,"Height":19,"Demand":1,"DemandMax":null,"Value":1824},{"Length":1,"Height":24,"Demand":1,"DemandMax":null,"Value":24},{"Length":71,"Height":36,"Demand":1,"DemandMax":null,"Value":2556},{"Length":73,"Height":24,"Demand":1,"DemandMax":null,"Value":1752},{"Length":26,"Height":31,"Demand":1,"DemandMax":null,"Value":806},{"Length":99,"Height":27,"Demand":1,"DemandMax":null,"Value":2673},{"Length":98,"Height":5,"Demand":1,"DemandMax":null,"Value":490},{"Length":75,"Height":33,"Demand":1,"DemandMax":null,"Value":2475},{"Length":80,"Height":6,"Demand":1,"DemandMax":null,"Value":480},{"Length":71,"Height":42,"Demand":1,"DemandMax":null,"Value":2982},{"Length":98,"Height":35,"Demand":1,"DemandMax":null,"Value":3430},{"Length":86,"Height":3,"Demand":1,"DemandMax":null,"Value":258},{"Length":84,"Height":42,"Demand":1,"DemandMax":null,"Value":3528},{"Length":86,"Height":18,"Demand":1,"DemandMax":null,"Value":1548},{"Length":9,"Height":27,"Demand":1,"DemandMax":null,"Value":243},{"Length":70,"Height":36,"Demand":1,"DemandMax":null,"Value":2520},{"Length":44,"Height":93,"Demand":1,"DemandMax":null,"Value":4092}]}