{"Name":"MB_C4_41","Objects":[{"Length":100,"Height":100,"Stock":null,"Cost":10000},{"Length":87,"Height":98,"Stock":null,"Cost":8231},{"Length":99,"Height":85,"Stock":null,"Cost":8098},{"Length":99,"Height":93,"Stock":null,"Cost":9048},{"Length":98,"Height":78,"Stock":null,"Cost":7172}],"Items":[{"Length":13,"Height":34,"Demand":2,"DemandMax":null,"Value":442},{"Length":32,"Height":5,"Demand":1,"DemandMax":null,"Value":160},{"Length":13,"Height":6,"Demand":1,"DemandMax":null,"Value":78},{"Length":33,"Height":32,"Demand":1,"DemandMax":null,"Value":1056},{"Length":6,"Height":22,"Demand":1,"DemandMax":null,"Value":132},{"Length":34,"Height":29,"Demand":1,"DemandMax":null,"Value":986},{"Length":20,"Height":15,"Demand":1,"DemandMax":null,"Value":300},{"Length":17,"Height":23,"Demand":1,"DemandMax":null,"Value":391},{"Length":23,"Height":2,"Demand":1,"DemandMax":null,"Value":46},{"Length":9,"Height":18,"Demand":1,"DemandMax":null,"Value":162},{"Length":31,"Height":9,"Demand":1,"DemandMax":null,"Value":279},{"Length":14,"Height":29,"Demand":1,"DemandMax":null,"Value":406},{"Length":35,"Height":5,"Demand":1,"DemandMax":null,"Value":175},{"Length":11,"Height":14,"Demand":1,"DemandMax":null,"Value":154},{"Length":6,"Height":6,"Demand":1,"DemandMax":null,"Value":36},{"Length":29,"Height":12,"Demand":1,"DemandMax":null,"Value":348},{"Length":28,"Height":4,"Demand":1,"DemandMax":null,"Value":112},{"Length":1,"Height":3,"Demand":1,"DemandMax":null,"Value":3},{"Length":24,"Height":3,"Demand":1,"DemandMax":null,"Value":72},{"Length":13,"Height":14,"Demand":1,"DemandMax":null,"Value":182},{"Length":32,"Height":19,"Demand":1,"DemandMax":null,"Value":608},{"Length":21,"Height":14,"Demand":1,"DemandMax":null,"Value":294},{"Length":34,"Height":8,"Demand":1,"DemandMax":null,"Value":272},{"Length":31,"Height":19,"Demand":1,"DemandMax":null,"Value":589},{"Length":21,"Height":9,"Demand":1,"DemandMax":null,"Value":189},{"Length":22,"Height":21,"Demand":1,"DemandMax":null,"Value":462},{"Length":32,"Height":4,"Demand":1,"DemandMax":null,"Value":128},{"Length":22,"Height":24,"Demand":1,"DemandMax":null,"Value":528},{"Length":13,"Height":19,"Demand":1,"DemandMax":null,"Value":247},{"Length":35,"Height":9,"Demand":2,"DemandMax":null,"Value":315},{"Length":26,"Height":24,"Demand":1,"DemandMax":null,"Value":624},{"Length":5,"Height":2,"Demand":1,"DemandMax":null,"Value":10},{"Length":4,"Height":33,"Demand":1,"DemandMax":null,"Value":132},{"Length":31,"Height":8,"Demand":1,"DemandMax":null,"Value":248},{"Length":35,"Height":4,"Demand":1,"DemandMax":null,"Value":140},{"Length":11,"Height":7,"Demand":1,"DemandMax":null,"Value":77},{"Length":4,"Height":11,"Demand":1,"DemandMax":null,"Value":44},{"Length":31,"Height":26,"Demand":1,"DemandMax":null,"Value":806},{"Length":20,"Height":35,"Demand":1,"DemandMax":null,"Value":700},{"Length":30,"Height":32,"Demand":1,"DemandMax":null,"Value":960},{"Length":31,"Height":12,"Demand":1,"DemandMax":null,"Value":372},{"Length":25,"Height":7,"Demand":1,"DemandMax":null,"Value":175},{"Length":31,"Height":23,"Demand":1,"DemandMax":null,"Value":713},{"Length":9,"Height":10,"Demand":1,"DemandMax":null,"Value":90},{"Length":4,"Height":34,"Demand":1,"DemandMax":null,"Value":136},{"Length":33,"Height":33,"Demand":1,"DemandMax":null,"Value":1089},{"Length":24,"Height":27,"Demand":1,"DemandMax":null,"Value":648},{"Length":19,"Height":11,"Demand":1,"DemandMax":null,"Value":209},{"Length":3,"Height":28,"Demand":1,"DemandMax":null,"Value":84},{"Length":6,"Height":28,"Demand":1,"DemandMax":null,"Value":168},{"Length":2,"Height":7,"Demand":1,"DemandMax":null,"Value":14},{"Length":10,"Height":7,"Demand":1,"DemandMax":null,"Value":70},{"Length":25,"Height":14,"Demand":1,"DemandMax":null,"Value":350},{"Length":22,"Height":23,"Demand":1,"DemandMax":null,"Value":506},{"Length":19,"Height":6,"Demand":1,"DemandMax":null,"Value":114},{"Length":12,"Height":19,"Demand":1,"DemandMax":null,"Value":228},{"Length":9,"Height":23,"Demand":1,"DemandMax":null,"Value":207},{"Length":29,"Height":25,"Demand":1,"DemandMax":null,"Value":725},{"Length":33,"Height":8,"Demand":1,"DemandMax":null,"Value":264},{"Length":7,"Height":28,"Demand":1,"DemandMax":null,"Value":196},{"Length":25,"Height":19,"Demand":1,"DemandMax":null,"Value":475},{"Length":24,"Height":12,"Demand":1,"DemandMax":null,"Value":288},{"Length":22,"Height":15,"Demand":1,"DemandMax":null,"Value":330},{"Length":17,"Height":13,"Demand":1,"DemandMax":null,"Value":221},{"Length":17,"Height":1,"Demand":1,"DemandMax":null,"Value":17},{"Length":4,"Height":23,"Demand":1,"DemandMax":null,"Value":92},{"Length":12,"Height":27,"Demand":1,"DemandMax":null,"Value":324},{"Length":12,"Height":10,"Demand":1,"DemandMax":null,"Value":120},{"Length":23,"Height":14,"Demand":1,"DemandMax":null,"Value":322},{"Length":8,"Height":25,"Demand":1,"DemandMax":null,"Value":200},{"Length":9,"Height":3,"Demand":1,"DemandMax":null,"Value":27},{"Length":9,"Height":25,"Demand":1,"DemandMax":null,"Value":225},{"Length":6,"Height":8,"Demand":1,"DemandMax":null,"Value":48},{"Length":8,"Height":15,"Demand":1,"DemandMax":null,"Value":120},{"Length":32,"Height":21,"Demand":1,"DemandMax":null,"Value":672},{"Length":7,"Height":10,"Demand":1,"DemandMax":null,"Value":70},{"Length":9,"Height":12,"Demand":1,"DemandMax":null,"Value":108},{"Length":23,"Height":1,"Demand":1,"DemandMax":null,"Value":23},{"Length":9,"Height":32,"Demand":1,"DemandMax":null,"Value":288},{"Length":12,"Height":29,"Demand":1,"DemandMax":null,"Value":348},{"Length":15,"Height":1,"Demand":1,"DemandMax":null,"Value":15},{"Length":14,"Height":3,"Demand":1,"DemandMax":null,"Value":42},{"Length":17,"Height":30,"Demand":1,"DemandMax":null,"Value":510},{"Length":9,"Height":21,"Demand":1,"DemandMax":null,"Value":189},{"Length":21,"Height":29,"Demand":1,"DemandMax":null,"Value":609},{"Length":24,"Height":16,"Demand":1,"DemandMax":null,"Value":384},{"Length":5,"Height":24,"Demand":1,"DemandMax":null,"Value":120},{"Length":29,"Height":4,"Demand":1,"DemandMax":null,"Value":116},{"Length":34,"Height":21,"Demand":1,"DemandMax":null,"Value":714},{"Length":4,"Height":13,"Demand":1,"DemandMax":null,"Value":52},{"Length":5,"Height":34,"Demand":1,"DemandMax":null,"Value":170},{"Length":10,"Height":11,"Demand":1,"DemandMax":null,"Value":110},{"Length":4,"Height":21,"Demand":1,"DemandMax":null,"Value":84},{"Length":18,"Height":14,"Demand":1,"DemandMax":null,"Value":252},{"Length":24,"Height":20,"Demand":1,"DemandMax":null,"Value":480},{"Length":6,"Height":13,"Demand":1,"DemandMax":null,"Value":78},{"Length":32,"Height":13,"Demand":1,"DemandMax":null,"Value":416},{"Length":4,"Height":14,"Demand":1,"DemandMax":null,"Value":56}]}