{"Name":"MB_C10_11","Objects":[{"Length":100,"Height":100,"Stock":null,"Cost":10000},{"Length":82,"Height":56,"Stock":null,"Cost":3510},{"Length":99,"Height":65,"Stock":null,"Cost":5722},{"Length":97,"Height":98,"Stock":null,"Cost":9407},{"Length":95,"Height":97,"Stock":null,"Cost":9058}],"Items":[{"Length":72,"Height":36,"Demand":1,"DemandMax":null,"Value":2592},{"Length":6,"Height":48,"Demand":1,"DemandMax":null,"Value":288},{"Length":53,"Height":66,"Demand":1,"DemandMax":null,"Value":3498},{"Length":46,"Height":11,"Demand":1,"DemandMax":null,"Value":506},{"Length":1,"Height":24,"Demand":1,"DemandMax":null,"Value":24},{"Length":13,"Height":84,"Demand":1,"DemandMax":null,"Value":1092},{"Length":1,"Height":72,"Demand":1,"DemandMax":null,"Value":72},{"Length":8,"Height":45,"Demand":1,"DemandMax":null,"Value":360},{"Length":4,"Height":24,"Demand":1,"DemandMax":null,"Value":96},{"Length":31,"Height":17,"Demand":1,"DemandMax":null,"Value":527},{"Length":72,"Height":16,"Demand":1,"DemandMax":null,"Value":1152},{"Length":82,"Height":91,"Demand":1,"DemandMax":null,"Value":7462},{"Length":19,"Height":90,"Demand":1,"DemandMax":null,"Value":1710},{"Length":12,"Height":19,"Demand":1,"DemandMax":null,"Value":228},{"Length":30,"Height":34,"Demand":1,"DemandMax":null,"Value":1020},{"Length":19,"Height":49,"Demand":1,"DemandMax":null,"Value":931},{"Length":45,"Height":9,"Demand":1,"DemandMax":null,"Value":405},{"Length":4,"Height":88,"Demand":1,"DemandMax":null,"Value":352},{"Length":13,"Height":74,"Demand":1,"DemandMax":null,"Value":962},{"Length":16,"Height":19,"Demand":1,"DemandMax":null,"Value":304},{"Length":88,"Height":44,"Demand":1,"DemandMax":null,"Value":3872},{"Length":7,"Height":8,"Demand":1,"DemandMax":null,"Value":56},{"Length":7,"Height":3,"Demand":1,"DemandMax":null,"Value":21},{"Length":26,"Height":50,"Demand":1,"DemandMax":null,"Value":1300},{"Length":33,"Height":94,"Demand":1,"DemandMax":null,"Value":3102},{"Length":72,"Height":95,"Demand":1,"DemandMax":null,"Value":6840},{"Length":12,"Height":6,"Demand":1,"DemandMax":null,"Value":72},{"Length":98,"Height":43,"Demand":1,"DemandMax":null,"Value":4214},{"Length":96,"Height":49,"Demand":1,"DemandMax":null,"Value":4704},{"Length":100,"Height":43,"Demand":1,"DemandMax":null,"Value":4300},{"Length":30,"Height":79,"Demand":1,"DemandMax":null,"Value":2370},{"Length":86,"Height":47,"Demand":1,"DemandMax":null,"Value":4042},{"Length":18,"Height":19,"Demand":1,"DemandMax":null,"Value":342},{"Length":38,"Height":4,"Demand":1,"DemandMax":null,"Value":152},{"Length":8,"Height":46,"Demand":1,"DemandMax":null,"Value":368},{"Length":24,"Height":13,"Demand":1,"DemandMax":null,"Value":312},{"Length":2,"Height":100,"Demand":1,"DemandMax":null,"Value":200},{"Length":38,"Height":26,"Demand":1,"DemandMax":null,"Value":988},{"Length":99,"Height":83,"Demand":1,"DemandMax":null,"Value":8217},{"Length":30,"Height":41,"Demand":1,"DemandMax":null,"Value":1230}]}