{"Name":"MB_C2_27","Objects":[{"Length":30,"Height":30,"Stock":null,"Cost":900},{"Length":27,"Height":17,"Stock":null,"Cost":370},{"Length":21,"Height":26,"Stock":null,"Cost":475},{"Length":23,"Height":18,"Stock":null,"Cost":316},{"Length":16,"Height":27,"Stock":null,"Cost":338}],"Items":[{"Length":8,"Height":5,"Demand":1,"DemandMax":null,"Value":40},{"Length":3,"Height":8,"Demand":1,"DemandMax":null,"Value":24},{"Length":4,"Height":5,"Demand":1,"DemandMax":null,"Value":20},{"Length":10,"Height":8,"Demand":1,"DemandMax":null,"Value":80},{"Length":7,"Height":3,"Demand":1,"DemandMax":null,"Value":21},{"Length":10,"Height":9,"Demand":2,"DemandMax":null,"Value":90},{"Length":2,"Height":7,"Demand":1,"DemandMax":null,"Value":14},{"Length":3,"Height":4,"Demand":3,"DemandMax":null,"Value":12},{"Length":5,"Height":9,"Demand":1,"DemandMax":null,"Value":45},{"Length":4,"Height":2,"Demand":1,"DemandMax":null,"Value":8},{"Length":9,"Height":1,"Demand":1,"DemandMax":null,"Value":9},{"Length":2,"Height":4,"Demand":1,"DemandMax":null,"Value":8},{"Length":8,"Height":3,"Demand":1,"DemandMax":null,"Value":24},{"Length":6,"Height":3,"Demand":1,"DemandMax":null,"Value":18},{"Length":9,"Height":4,"Demand":1,"DemandMax":null,"Value":36},{"Length":1,"Height":9,"Demand":1,"DemandMax":null,"Value":9},{"Length":3,"Height":1,"Demand":2,"DemandMax":null,"Value":3},{"Length":6,"Height":1,"Demand":2,"DemandMax":null,"Value":6},{"Length":6,"Height":10,"Demand":3,"DemandMax":null,"Value":60},{"Length":1,"Height":4,"Demand":1,"DemandMax":null,"Value":4},{"Length":4,"Height":3,"Demand":1,"DemandMax":null,"Value":12},{"Length":1,"Height":7,"Demand":1,"DemandMax":null,"Value":7},{"Length":10,"Height":3,"Demand":1,"DemandMax":null,"Value":30},{"Length":3,"Height":10,"Demand":1,"DemandMax":null,"Value":30},{"Length":9,"Height":8,"Demand":1,"DemandMax":null,"Value":72},{"Length":2,"Height":3,"Demand":2,"DemandMax":null,"Value":6},{"Length":2,"Height":8,"Demand":1,"DemandMax":null,"Value":16},{"Length":8,"Height":8,"Demand":1,"DemandMax":null,"Value":64},{"Length":2,"Height":2,"Demand":1,"DemandMax":null,"Value":4},{"Length":9,"Height":2,"Demand":1,"DemandMax":null,"Value":18},{"Length":8,"Height":4,"Demand":1,"DemandMax":null,"Value":32},{"Length":2,"Height":6,"Demand":2,"DemandMax":null,"Value":12},{"Length":9,"Height":5,"Demand":1,"DemandMax":null,"Value":45},{"Length":3,"Height":6,"Demand":1,"DemandMax":null,"Value":18},{"Length":4,"Height":7,"Demand":1,"DemandMax":null,"Value":28},{"Length":1,"Height":2,"Demand":3,"DemandMax":null,"Value":2},{"Length":5,"Height":1,"Demand":1,"DemandMax":null,"Value":5},{"Length":3,"Height":7,"Demand":1,"DemandMax":null,"Value":21},{"Length":7,"Height":2,"Demand":1,"DemandMax":null,"Value":14},{"Length":5,"Height":3,"Demand":1,"DemandMax":null,"Value":15},{"Length":1,"Height":5,"Demand":1,"DemandMax":null,"Value":5},{"Length":8,"Height":6,"Demand":1,"DemandMax":null,"Value":48},{"Length":2,"Height":5,"Demand":2,"DemandMax":null,"Value":10},{"Length":7,"Height":9,"Demand":1,"DemandMax":null,"Value":63},{"Length":1,"Height":1,"Demand":1,"DemandMax":null,"Value":1},{"Length":7,"Height":1,"Demand":1,"DemandMax":null,"Value":7},{"Length":5,"Height":8,"Demand":1,"DemandMax":null,"Value":40},{"Length":7,"Height":7,"Demand":1,"DemandMax":null,"Value":49}]}