{"Name":"MB_C1_16","Objects":[{"Length":10,"Height":10,"Stock":null,"Cost":100},{"Length":7,"Height":9,"Stock":null,"Cost":55},{"Length":7,"Height":7,"Stock":null,"Cost":38},{"Length":5,"Height":6,"Stock":null,"Cost":16},{"Length":8,"Height":9,"Stock":null,"Cost":66}],"Items":[{"Length":6,"Height":3,"Demand":1,"DemandMax":null,"Value":18},{"Length":1,"Height":7,"Demand":2,"DemandMax":null,"Value":7},{"Length":7,"Height":5,"Demand":2,"DemandMax":null,"Value":35},{"Length":4,"Height":4,"Demand":1,"DemandMax":null,"Value":16},{"Length":4,"Height":1,"Demand":1,"DemandMax":null,"Value":4},{"Length":2,"Height":10,"Demand":1,"DemandMax":null,"Value":20},{"Length":2,"Height":6,"Demand":1,"DemandMax":null,"Value":12},{"Length":2,"Height":5,"Demand":1,"DemandMax":null,"Value":10},{"Length":6,"Height":7,"Demand":1,"DemandMax":null,"Value":42},{"Length":6,"Height":1,"Demand":1,"DemandMax":null,"Value":6},{"Length":8,"Height":10,"Demand":1,"DemandMax":null,"Value":80},{"Length":1,"Height":9,"Demand":1,"DemandMax":null,"Value":9},{"Length":6,"Height":8,"Demand":1,"DemandMax":null,"Value":48},{"Length":10,"Height":7,"Demand":1,"DemandMax":null,"Value":70},{"Length":1,"Height":3,"Demand":1,"DemandMax":null,"Value":3},{"Length":1,"Height":4,"Demand":1,"DemandMax":null,"Value":4},{"Length":7,"Height":4,"Demand":1,"DemandMax":null,"Value":28},{"Length":6,"Height":6,"Demand":2,"DemandMax":null,"Value":36},{"Length":2,"Height":1,"Demand":1,"DemandMax":null,"Value":2},{"Length":10,"Height":1,"Demand":1,"DemandMax":null,"Value":10},{"Length":8,"Height":1,"Demand":2,"DemandMax":null,"Value":8},{"Length":9,"Height":9,"Demand":1,"DemandMax":null,"Value":81},{"Length":8,"Height":9,"Demand":1,"DemandMax":null,"Value":72},{"Length":5,"Height":5,"Demand":1,"DemandMax":null,"Value":25},{"Length":1,"Height":8,"Demand":1,"DemandMax":null,"Value":8},{"Length":2,"Height":7,"Demand":1,"DemandMax":null,"Value":14},{"Length":7,"Height":1,"Demand":1,"DemandMax":null,"Value":7},{"Length":8,"Height":6,"Demand":1,"DemandMax":null,"Value":48},{"Length":5,"Height":7,"Demand":2,"DemandMax":null,"Value":35},{"Length":1,"Height":6,"Demand":1,"DemandMax":null,"Value":6},{"Length":9,"Height":3,"Demand":1,"DemandMax":null,"Value":27},{"Length":10,"Height":6,"Demand":1,"DemandMax":null,"Value":60},{"Length":7,"Height":7,"Demand":1,"DemandMax":null,"Value":49},{"Length":3,"Height":8,"Demand":1,"DemandMax":null,"Value":24},{"Length":2,"Height":8,"Demand":1,"DemandMax":null,"Value":16}]}