{"Name":"MB_C9_35","Objects":[{"Length":100,"Height":100,"Stock":null,"Cost":10000},{"Length":62,"Height":70,"Stock":null,"Cost":3208},{"Length":83,"Height":51,"Stock":null,"Cost":3079},{"Length":50,"Height":69,"Stock":null,"Cost":2140},{"Length":74,"Height":96,"Stock":null,"Cost":6524}],"Items":[{"Length":86,"Height":67,"Demand":1,"DemandMax":null,"Value":5762},{"Length":76,"Height":68,"Demand":1,"DemandMax":null,"Value":5168},{"Length":54,"Height":63,"Demand":1,"DemandMax":null,"Value":3402},{"Length":64,"Height":72,"Demand":1,"DemandMax":null,"Value":4608},{"Length":75,"Height":87,"Demand":1,"DemandMax":null,"Value":6525},{"Length":81,"Height":78,"Demand":1,"DemandMax":null,"Value":6318},{"Length":100,"Height":89,"Demand":1,"DemandMax":null,"Value":8900},{"Length":76,"Height":88,"Demand":1,"DemandMax":null,"Value":6688},{"Length":77,"Height":69,"Demand":1,"DemandMax":null,"Value":5313},{"Length":99,"Height":50,"Demand":1,"DemandMax":null,"Value":4950},{"Length":57,"Height":77,"Demand":1,"DemandMax":null,"Value":4389},{"Length":99,"Height":66,"Demand":1,"DemandMax":null,"Value":6534},{"Length":91,"Height":62,"Demand":1,"DemandMax":null,"Value":5642},{"Length":27,"Height":90,"Demand":1,"DemandMax":null,"Value":2430},{"Length":77,"Height":76,"Demand":1,"DemandMax":null,"Value":5852},{"Length":83,"Height":56,"Demand":1,"DemandMax":null,"Value":4648},{"Length":16,"Height":78,"Demand":1,"DemandMax":null,"Value":1248},{"Length":67,"Height":80,"Demand":1,"DemandMax":null,"Value":5360},{"Length":57,"Height":87,"Demand":1,"DemandMax":null,"Value":4959},{"Length":80,"Height":57,"Demand":1,"DemandMax":null,"Value":4560},{"Length":3,"Height":90,"Demand":1,"DemandMax":null,"Value":270},{"Length":69,"Height":88,"Demand":1,"DemandMax":null,"Value":6072},{"Length":50,"Height":60,"Demand":1,"DemandMax":null,"Value":3000},{"Length":88,"Height":70,"Demand":1,"DemandMax":null,"Value":6160},{"Length":50,"Height":63,"Demand":1,"DemandMax":null,"Value":3150},{"Length":84,"Height":56,"Demand":1,"DemandMax":null,"Value":4704},{"Length":54,"Height":95,"Demand":1,"DemandMax":null,"Value":5130},{"Length":57,"Height":96,"Demand":1,"DemandMax":null,"Value":5472},{"Length":60,"Height":53,"Demand":1,"DemandMax":null,"Value":3180},{"Length":59,"Height":87,"Demand":1,"DemandMax":null,"Value":5133},{"Length":70,"Height":91,"Demand":1,"DemandMax":null,"Value":6370},{"Length":89,"Height":82,"Demand":1,"DemandMax":null,"Value":7298},{"Length":83,"Height":55,"Demand":1,"DemandMax":null,"Value":4565},{"Length":98,"Height":30,"Demand":1,"DemandMax":null,"Value":2940},{"Length":48,"Height":99,"Demand":1,"DemandMax":null,"Value":4752},{"Length":82,"Height":80,"Demand":1,"DemandMax":null,"Value":6560},{"Length":66,"Height":69,"Demand":1,"DemandMax":null,"Value":4554},{"Length":95,"Height":83,"Demand":1,"DemandMax":null,"Value":7885},{"Length":37,"Height":78,"Demand":1,"DemandMax":null,"Value":2886},{"Length":86,"Height":90,"Demand":1,"DemandMax":null,"Value":7740},{"Length":61,"Height":94,"Demand":1,"DemandMax":null,"Value":5734},{"Length":55,"Height":99,"Demand":1,"DemandMax":null,"Value":5445},{"Length":88,"Height":99,"Demand":1,"DemandMax":null,"Value":8712},{"Length":52,"Height":61,"Demand":1,"DemandMax":null,"Value":3172},{"Length":67,"Height":81,"Demand":1,"DemandMax":null,"Value":5427},{"Length":28,"Height":27,"Demand":1,"DemandMax":null,"Value":756},{"Length":50,"Height":91,"Demand":1,"DemandMax":null,"Value":4550},{"Length":80,"Height":95,"Demand":1,"DemandMax":null,"Value":7600},{"Length":86,"Height":79,"Demand":1,"DemandMax":null,"Value":6794},{"Length":61,"Height":65,"Demand":1,"DemandMax":null,"Value":3965},{"Length":75,"Height":96,"Demand":1,"DemandMax":null,"Value":7200},{"Length":79,"Height":39,"Demand":1,"DemandMax":null,"Value":3081},{"Length":77,"Height":40,"Demand":1,"DemandMax":null,"Value":3080},{"Length":7,"Height":16,"Demand":1,"DemandMax":null,"Value":112},{"Length":60,"Height":61,"Demand":1,"DemandMax":null,"Value":3660},{"Length":71,"Height":96,"Demand":1,"DemandMax":null,"Value":6816},{"Length":57,"Height":61,"Demand":1,"DemandMax":null,"Value":3477},{"Length":64,"Height":78,"Demand":1,"DemandMax":null,"Value":4992},{"Length":58,"Height":89,"Demand":1,"DemandMax":null,"Value":5162},{"Length":84,"Height":63,"Demand":1,"DemandMax":null,"Value":5292},{"Length":61,"Height":95,"Demand":1,"DemandMax":null,"Value":5795},{"Length":33,"Height":2,"Demand":1,"DemandMax":null,"Value":66},{"Length":18,"Height":85,"Demand":1,"DemandMax":null,"Value":1530},{"Length":72,"Height":44,"Demand":1,"DemandMax":null,"Value":3168},{"Length":27,"Height":94,"Demand":1,"DemandMax":null,"Value":2538},{"Length":63,"Height":88,"Demand":1,"DemandMax":null,"Value":5544},{"Length":88,"Height":80,"Demand":1,"DemandMax":null,"Value":7040},{"Length":96,"Height":85,"Demand":1,"DemandMax":null,"Value":8160},{"Length":52,"Height":97,"Demand":1,"DemandMax":null,"Value":5044},{"Length":55,"Height":85,"Demand":1,"DemandMax":null,"Value":4675},{"Length":71,"Height":93,"Demand":1,"DemandMax":null,"Value":6603},{"Length":93,"Height":88,"Demand":1,"DemandMax":null,"Value":8184},{"Length":92,"Height":65,"Demand":1,"DemandMax":null,"Value":5980},{"Length":59,"Height":94,"Demand":1,"DemandMax":null,"Value":5546},{"Length":65,"Height":66,"Demand":1,"DemandMax":null,"Value":4290},{"Length":67,"Height":3,"Demand":1,"DemandMax":null,"Value":201},{"Length":42,"Height":97,"Demand":1,"DemandMax":null,"Value":4074},{"Length":74,"Height":64,"Demand":1,"DemandMax":null,"Value":4736},{"Length":21,"Height":67,"Demand":1,"DemandMax":null,"Value":1407},{"Length":74,"Height":79,"Demand":1,"DemandMax":null,"Value":5846}]}