{"Name":"MB_C7_48","Objects":[{"Length":100,"Height":100,"Stock":null,"Cost":10000},{"Length":54,"Height":91,"Stock":null,"Cost":3896},{"Length":96,"Height":71,"Stock":null,"Cost":6179},{"Length":60,"Height":90,"Stock":null,"Cost":4480},{"Length":84,"Height":72,"Stock":null,"Cost":5257}],"Items":[{"Length":38,"Height":90,"Demand":1,"DemandMax":null,"Value":3420},{"Length":66,"Height":34,"Demand":1,"DemandMax":null,"Value":2244},{"Length":26,"Height":66,"Demand":1,"DemandMax":null,"Value":1716},{"Length":9,"Height":70,"Demand":1,"DemandMax":null,"Value":630},{"Length":17,"Height":96,"Demand":1,"DemandMax":null,"Value":1632},{"Length":44,"Height":88,"Demand":1,"DemandMax":null,"Value":3872},{"Length":10,"Height":76,"Demand":1,"DemandMax":null,"Value":760},{"Length":8,"Height":73,"Demand":1,"DemandMax":null,"Value":584},{"Length":7,"Height":75,"Demand":1,"DemandMax":null,"Value":525},{"Length":50,"Height":95,"Demand":1,"DemandMax":null,"Value":4750},{"Length":6,"Height":94,"Demand":1,"DemandMax":null,"Value":564},{"Length":20,"Height":85,"Demand":1,"DemandMax":null,"Value":1700},{"Length":9,"Height":98,"Demand":1,"DemandMax":null,"Value":882},{"Length":17,"Height":76,"Demand":1,"DemandMax":null,"Value":1292},{"Length":14,"Height":85,"Demand":2,"DemandMax":null,"Value":1190},{"Length":42,"Height":69,"Demand":1,"DemandMax":null,"Value":2898},{"Length":22,"Height":93,"Demand":1,"DemandMax":null,"Value":2046},{"Length":46,"Height":100,"Demand":1,"DemandMax":null,"Value":4600},{"Length":33,"Height":85,"Demand":1,"DemandMax":null,"Value":2805},{"Length":84,"Height":46,"Demand":1,"DemandMax":null,"Value":3864},{"Length":98,"Height":45,"Demand":1,"DemandMax":null,"Value":4410},{"Length":36,"Height":97,"Demand":1,"DemandMax":null,"Value":3492},{"Length":14,"Height":93,"Demand":1,"DemandMax":null,"Value":1302},{"Length":23,"Height":98,"Demand":1,"DemandMax":null,"Value":2254},{"Length":89,"Height":12,"Demand":1,"DemandMax":null,"Value":1068},{"Length":88,"Height":51,"Demand":1,"DemandMax":null,"Value":4488},{"Length":6,"Height":74,"Demand":1,"DemandMax":null,"Value":444},{"Length":31,"Height":72,"Demand":1,"DemandMax":null,"Value":2232},{"Length":32,"Height":40,"Demand":1,"DemandMax":null,"Value":1280},{"Length":51,"Height":71,"Demand":1,"DemandMax":null,"Value":3621},{"Length":60,"Height":96,"Demand":1,"DemandMax":null,"Value":5760},{"Length":1,"Height":90,"Demand":1,"DemandMax":null,"Value":90},{"Length":42,"Height":87,"Demand":1,"DemandMax":null,"Value":3654},{"Length":28,"Height":66,"Demand":1,"DemandMax":null,"Value":1848},{"Length":27,"Height":95,"Demand":1,"DemandMax":null,"Value":2565},{"Length":82,"Height":71,"Demand":1,"DemandMax":null,"Value":5822},{"Length":14,"Height":88,"Demand":1,"DemandMax":null,"Value":1232},{"Length":15,"Height":96,"Demand":1,"DemandMax":null,"Value":1440},{"Length":4,"Height":100,"Demand":1,"DemandMax":null,"Value":400},{"Length":25,"Height":79,"Demand":1,"DemandMax":null,"Value":1975},{"Length":47,"Height":46,"Demand":1,"DemandMax":null,"Value":2162},{"Length":14,"Height":99,"Demand":1,"DemandMax":null,"Value":1386},{"Length":43,"Height":79,"Demand":1,"DemandMax":null,"Value":3397},{"Length":30,"Height":86,"Demand":1,"DemandMax":null,"Value":2580},{"Length":42,"Height":80,"Demand":1,"DemandMax":null,"Value":3360},{"Length":24,"Height":75,"Demand":1,"DemandMax":null,"Value":1800},{"Length":44,"Height":66,"Demand":1,"DemandMax":null,"Value":2904},{"Length":46,"Height":66,"Demand":1,"DemandMax":null,"Value":3036},{"Length":49,"Height":71,"Demand":1,"DemandMax":null,"Value":3479},{"Length":46,"Height":94,"Demand":1,"DemandMax":null,"Value":4324},{"Length":7,"Height":43,"Demand":1,"DemandMax":null,"Value":301},{"Length":24,"Height":89,"Demand":1,"DemandMax":null,"Value":2136},{"Length":17,"Height":70,"Demand":1,"DemandMax":null,"Value":1190},{"Length":86,"Height":30,"Demand":1,"DemandMax":null,"Value":2580},{"Length":31,"Height":98,"Demand":1,"DemandMax":null,"Value":3038},{"Length":97,"Height":66,"Demand":1,"DemandMax":null,"Value":6402},{"Length":26,"Height":86,"Demand":1,"DemandMax":null,"Value":2236},{"Length":17,"Height":75,"Demand":1,"DemandMax":null,"Value":1275},{"Length":64,"Height":85,"Demand":1,"DemandMax":null,"Value":5440},{"Length":39,"Height":39,"Demand":1,"DemandMax":null,"Value":1521},{"Length":33,"Height":95,"Demand":1,"DemandMax":null,"Value":3135},{"Length":64,"Height":91,"Demand":1,"DemandMax":null,"Value":5824},{"Length":78,"Height":52,"Demand":1,"DemandMax":null,"Value":4056},{"Length":43,"Height":81,"Demand":1,"DemandMax":null,"Value":3483},{"Length":1,"Height":77,"Demand":1,"DemandMax":null,"Value":77},{"Length":24,"Height":87,"Demand":1,"DemandMax":null,"Value":2088},{"Length":3,"Height":88,"Demand":1,"DemandMax":null,"Value":264},{"Length":70,"Height":17,"Demand":1,"DemandMax":null,"Value":1190},{"Length":88,"Height":2,"Demand":1,"DemandMax":null,"Value":176},{"Length":94,"Height":81,"Demand":1,"DemandMax":null,"Value":7614},{"Length":39,"Height":82,"Demand":1,"DemandMax":null,"Value":3198},{"Length":34,"Height":82,"Demand":1,"DemandMax":null,"Value":2788},{"Length":24,"Height":100,"Demand":1,"DemandMax":null,"Value":2400},{"Length":84,"Height":44,"Demand":1,"DemandMax":null,"Value":3696},{"Length":37,"Height":84,"Demand":1,"DemandMax":null,"Value":3108},{"Length":23,"Height":95,"Demand":1,"DemandMax":null,"Value":2185},{"Length":28,"Height":71,"Demand":1,"DemandMax":null,"Value":1988},{"Length":71,"Height":68,"Demand":1,"DemandMax":null,"Value":4828},{"Length":47,"Height":95,"Demand":1,"DemandMax":null,"Value":4465},{"Length":81,"Height":23,"Demand":1,"DemandMax":null,"Value":1863},{"Length":43,"Height":86,"Demand":1,"DemandMax":null,"Value":3698},{"Length":27,"Height":69,"Demand":1,"DemandMax":null,"Value":1863},{"Length":18,"Height":78,"Demand":1,"DemandMax":null,"Value":1404},{"Length":35,"Height":75,"Demand":1,"DemandMax":null,"Value":2625},{"Length":21,"Height":73,"Demand":1,"DemandMax":null,"Value":1533},{"Length":95,"Height":52,"Demand":1,"DemandMax":null,"Value":4940},{"Length":1,"Height":70,"Demand":1,"DemandMax":null,"Value":70},{"Length":8,"Height":18,"Demand":1,"DemandMax":null,"Value":144},{"Length":9,"Height":5,"Demand":1,"DemandMax":null,"Value":45},{"Length":24,"Height":73,"Demand":1,"DemandMax":null,"Value":1752},{"Length":46,"Height":70,"Demand":1,"DemandMax":null,"Value":3220},{"Length":93,"Height":83,"Demand":1,"DemandMax":null,"Value":7719},{"Length":10,"Height":73,"Demand":1,"DemandMax":null,"Value":730},{"Length":15,"Height":88,"Demand":1,"DemandMax":null,"Value":1320},{"Length":2,"Height":78,"Demand":1,"DemandMax":null,"Value":156},{"Length":40,"Height":72,"Demand":1,"DemandMax":null,"Value":2880},{"Length":22,"Height":85,"Demand":1,"DemandMax":null,"Value":1870},{"Length":17,"Height":16,"Demand":1,"DemandMax":null,"Value":272},{"Length":20,"Height":94,"Demand":1,"DemandMax":null,"Value":1880}]}