{"Name":"MB_C4_26","Objects":[{"Length":100,"Height":100,"Stock":null,"Cost":10000},{"Length":77,"Height":81,"Stock":null,"Cost":5484},{"Length":51,"Height":63,"Stock":null,"Cost":1855},{"Length":96,"Height":55,"Stock":null,"Cost":4336},{"Length":95,"Height":94,"Stock":null,"Cost":8716}],"Items":[{"Length":4,"Height":16,"Demand":1,"DemandMax":null,"Value":64},{"Length":6,"Height":19,"Demand":1,"DemandMax":null,"Value":114},{"Length":21,"Height":9,"Demand":1,"DemandMax":null,"Value":189},{"Length":8,"Height":4,"Demand":1,"DemandMax":null,"Value":32},{"Length":11,"Height":2,"Demand":2,"DemandMax":null,"Value":22},{"Length":15,"Height":10,"Demand":1,"DemandMax":null,"Value":150},{"Length":14,"Height":12,"Demand":1,"DemandMax":null,"Value":168},{"Length":18,"Height":5,"Demand":1,"DemandMax":null,"Value":90},{"Length":11,"Height":31,"Demand":1,"DemandMax":null,"Value":341},{"Length":23,"Height":5,"Demand":1,"DemandMax":null,"Value":115},{"Length":27,"Height":28,"Demand":1,"DemandMax":null,"Value":756},{"Length":9,"Height":2,"Demand":1,"DemandMax":null,"Value":18},{"Length":33,"Height":17,"Demand":1,"DemandMax":null,"Value":561},{"Length":3,"Height":35,"Demand":1,"DemandMax":null,"Value":105},{"Length":9,"Height":27,"Demand":1,"DemandMax":null,"Value":243},{"Length":10,"Height":14,"Demand":1,"DemandMax":null,"Value":140},{"Length":16,"Height":26,"Demand":1,"DemandMax":null,"Value":416},{"Length":25,"Height":30,"Demand":1,"DemandMax":null,"Value":750},{"Length":32,"Height":2,"Demand":1,"DemandMax":null,"Value":64},{"Length":15,"Height":31,"Demand":1,"DemandMax":null,"Value":465},{"Length":6,"Height":31,"Demand":1,"DemandMax":null,"Value":186},{"Length":14,"Height":33,"Demand":1,"DemandMax":null,"Value":462},{"Length":21,"Height":10,"Demand":1,"DemandMax":null,"Value":210},{"Length":25,"Height":16,"Demand":1,"DemandMax":null,"Value":400},{"Length":33,"Height":13,"Demand":1,"DemandMax":null,"Value":429},{"Length":29,"Height":8,"Demand":1,"DemandMax":null,"Value":232},{"Length":11,"Height":21,"Demand":1,"DemandMax":null,"Value":231},{"Length":19,"Height":13,"Demand":1,"DemandMax":null,"Value":247},{"Length":5,"Height":26,"Demand":1,"DemandMax":null,"Value":130},{"Length":33,"Height":11,"Demand":1,"DemandMax":null,"Value":363},{"Length":7,"Height":32,"Demand":1,"DemandMax":null,"Value":224},{"Length":17,"Height":29,"Demand":1,"DemandMax":null,"Value":493},{"Length":23,"Height":20,"Demand":1,"DemandMax":null,"Value":460},{"Length":33,"Height":1,"Demand":1,"DemandMax":null,"Value":33},{"Length":31,"Height":16,"Demand":1,"DemandMax":null,"Value":496},{"Length":15,"Height":13,"Demand":1,"DemandMax":null,"Value":195},{"Length":25,"Height":24,"Demand":1,"DemandMax":null,"Value":600},{"Length":13,"Height":22,"Demand":1,"DemandMax":null,"Value":286},{"Length":8,"Height":26,"Demand":1,"DemandMax":null,"Value":208},{"Length":20,"Height":32,"Demand":1,"DemandMax":null,"Value":640},{"Length":31,"Height":13,"Demand":1,"DemandMax":null,"Value":403},{"Length":4,"Height":24,"Demand":1,"DemandMax":null,"Value":96},{"Length":16,"Height":25,"Demand":1,"DemandMax":null,"Value":400},{"Length":17,"Height":24,"Demand":1,"DemandMax":null,"Value":408},{"Length":2,"Height":6,"Demand":1,"DemandMax":null,"Value":12},{"Length":15,"Height":2,"Demand":1,"DemandMax":null,"Value":30},{"Length":4,"Height":19,"Demand":1,"DemandMax":null,"Value":76},{"Length":2,"Height":7,"Demand":1,"DemandMax":null,"Value":14},{"Length":15,"Height":33,"Demand":1,"DemandMax":null,"Value":495},{"Length":29,"Height":34,"Demand":1,"DemandMax":null,"Value":986},{"Length":4,"Height":29,"Demand":1,"DemandMax":null,"Value":116},{"Length":18,"Height":14,"Demand":1,"DemandMax":null,"Value":252},{"Length":20,"Height":33,"Demand":1,"DemandMax":null,"Value":660},{"Length":8,"Height":34,"Demand":1,"DemandMax":null,"Value":272},{"Length":22,"Height":15,"Demand":1,"DemandMax":null,"Value":330},{"Length":14,"Height":17,"Demand":1,"DemandMax":null,"Value":238},{"Length":14,"Height":25,"Demand":1,"DemandMax":null,"Value":350},{"Length":29,"Height":35,"Demand":1,"DemandMax":null,"Value":1015},{"Length":10,"Height":20,"Demand":1,"DemandMax":null,"Value":200}]}