{"Name":"MB_C9_31","Objects":[{"Length":100,"Height":100,"Stock":null,"Cost":10000},{"Length":61,"Height":72,"Stock":null,"Cost":3270},{"Length":52,"Height":70,"Stock":null,"Cost":2368},{"Length":91,"Height":72,"Stock":null,"Cost":5862},{"Length":65,"Height":54,"Stock":null,"Cost":2212}],"Items":[{"Length":69,"Height":60,"Demand":1,"DemandMax":null,"Value":4140},{"Length":31,"Height":84,"Demand":1,"DemandMax":null,"Value":2604},{"Length":91,"Height":18,"Demand":1,"DemandMax":null,"Value":1638},{"Length":55,"Height":78,"Demand":1,"DemandMax":null,"Value":4290},{"Length":81,"Height":77,"Demand":1,"DemandMax":null,"Value":6237},{"Length":83,"Height":57,"Demand":1,"DemandMax":null,"Value":4731},{"Length":53,"Height":90,"Demand":1,"DemandMax":null,"Value":4770},{"Length":62,"Height":65,"Demand":1,"DemandMax":null,"Value":4030},{"Length":53,"Height":54,"Demand":1,"DemandMax":null,"Value":2862},{"Length":96,"Height":51,"Demand":1,"DemandMax":null,"Value":4896},{"Length":82,"Height":73,"Demand":1,"DemandMax":null,"Value":5986},{"Length":82,"Height":65,"Demand":1,"DemandMax":null,"Value":5330},{"Length":89,"Height":95,"Demand":2,"DemandMax":null,"Value":8455},{"Length":71,"Height":56,"Demand":1,"DemandMax":null,"Value":3976},{"Length":23,"Height":79,"Demand":1,"DemandMax":null,"Value":1817},{"Length":63,"Height":76,"Demand":1,"DemandMax":null,"Value":4788},{"Length":35,"Height":47,"Demand":1,"DemandMax":null,"Value":1645},{"Length":57,"Height":73,"Demand":1,"DemandMax":null,"Value":4161},{"Length":75,"Height":76,"Demand":1,"DemandMax":null,"Value":5700},{"Length":55,"Height":99,"Demand":1,"DemandMax":null,"Value":5445},{"Length":93,"Height":59,"Demand":1,"DemandMax":null,"Value":5487},{"Length":56,"Height":51,"Demand":1,"DemandMax":null,"Value":2856},{"Length":72,"Height":33,"Demand":1,"DemandMax":null,"Value":2376},{"Length":13,"Height":34,"Demand":1,"DemandMax":null,"Value":442},{"Length":77,"Height":42,"Demand":1,"DemandMax":null,"Value":3234},{"Length":15,"Height":83,"Demand":1,"DemandMax":null,"Value":1245},{"Length":75,"Height":79,"Demand":1,"DemandMax":null,"Value":5925},{"Length":94,"Height":70,"Demand":1,"DemandMax":null,"Value":6580},{"Length":88,"Height":94,"Demand":1,"DemandMax":null,"Value":8272},{"Length":51,"Height":68,"Demand":1,"DemandMax":null,"Value":3468},{"Length":53,"Height":87,"Demand":1,"DemandMax":null,"Value":4611},{"Length":87,"Height":68,"Demand":1,"DemandMax":null,"Value":5916},{"Length":71,"Height":57,"Demand":1,"DemandMax":null,"Value":4047},{"Length":50,"Height":72,"Demand":1,"DemandMax":null,"Value":3600},{"Length":93,"Height":56,"Demand":1,"DemandMax":null,"Value":5208},{"Length":92,"Height":78,"Demand":1,"DemandMax":null,"Value":7176},{"Length":66,"Height":83,"Demand":1,"DemandMax":null,"Value":5478},{"Length":60,"Height":88,"Demand":1,"DemandMax":null,"Value":5280},{"Length":93,"Height":87,"Demand":1,"DemandMax":null,"Value":8091},{"Length":57,"Height":100,"Demand":1,"DemandMax":null,"Value":5700},{"Length":82,"Height":20,"Demand":1,"DemandMax":null,"Value":1640},{"Length":83,"Height":65,"Demand":1,"DemandMax":null,"Value":5395},{"Length":55,"Height":80,"Demand":1,"DemandMax":null,"Value":4400},{"Length":36,"Height":88,"Demand":1,"DemandMax":null,"Value":3168},{"Length":92,"Height":68,"Demand":1,"DemandMax":null,"Value":6256},{"Length":66,"Height":53,"Demand":1,"DemandMax":null,"Value":3498},{"Length":30,"Height":35,"Demand":1,"DemandMax":null,"Value":1050},{"Length":75,"Height":78,"Demand":1,"DemandMax":null,"Value":5850},{"Length":71,"Height":78,"Demand":1,"DemandMax":null,"Value":5538},{"Length":62,"Height":54,"Demand":1,"DemandMax":null,"Value":3348},{"Length":66,"Height":50,"Demand":1,"DemandMax":null,"Value":3300},{"Length":77,"Height":84,"Demand":1,"DemandMax":null,"Value":6468},{"Length":63,"Height":100,"Demand":1,"DemandMax":null,"Value":6300},{"Length":69,"Height":66,"Demand":1,"DemandMax":null,"Value":4554},{"Length":14,"Height":85,"Demand":1,"DemandMax":null,"Value":1190},{"Length":90,"Height":52,"Demand":1,"DemandMax":null,"Value":4680},{"Length":17,"Height":34,"Demand":1,"DemandMax":null,"Value":578},{"Length":88,"Height":91,"Demand":1,"DemandMax":null,"Value":8008},{"Length":72,"Height":67,"Demand":1,"DemandMax":null,"Value":4824},{"Length":64,"Height":82,"Demand":1,"DemandMax":null,"Value":5248},{"Length":82,"Height":79,"Demand":1,"DemandMax":null,"Value":6478},{"Length":68,"Height":76,"Demand":1,"DemandMax":null,"Value":5168},{"Length":96,"Height":19,"Demand":1,"DemandMax":null,"Value":1824},{"Length":1,"Height":24,"Demand":1,"DemandMax":null,"Value":24},{"Length":58,"Height":86,"Demand":1,"DemandMax":null,"Value":4988},{"Length":60,"Height":73,"Demand":1,"DemandMax":null,"Value":4380},{"Length":26,"Height":31,"Demand":1,"DemandMax":null,"Value":806},{"Length":99,"Height":76,"Demand":1,"DemandMax":null,"Value":7524},{"Length":97,"Height":54,"Demand":1,"DemandMax":null,"Value":5238},{"Length":75,"Height":33,"Demand":1,"DemandMax":null,"Value":2475},{"Length":80,"Height":6,"Demand":1,"DemandMax":null,"Value":480},{"Length":58,"Height":92,"Demand":1,"DemandMax":null,"Value":5336},{"Length":97,"Height":84,"Demand":1,"DemandMax":null,"Value":8148},{"Length":86,"Height":3,"Demand":1,"DemandMax":null,"Value":258},{"Length":76,"Height":92,"Demand":1,"DemandMax":null,"Value":6992},{"Length":79,"Height":68,"Demand":1,"DemandMax":null,"Value":5372},{"Length":9,"Height":27,"Demand":1,"DemandMax":null,"Value":243},{"Length":57,"Height":85,"Demand":1,"DemandMax":null,"Value":4845},{"Length":44,"Height":93,"Demand":1,"DemandMax":null,"Value":4092}]}