{"Name":"MB_C10_1","Objects":[{"Length":100,"Height":100,"Stock":null,"Cost":10000},{"Length":91,"Height":61,"Stock":null,"Cost":4661},{"Length":58,"Height":50,"Stock":null,"Cost":1480},{"Length":87,"Height":81,"Stock":null,"Cost":6456},{"Length":60,"Height":91,"Stock":null,"Cost":4552}],"Items":[{"Length":25,"Height":7,"Demand":1,"DemandMax":null,"Value":175},{"Length":27,"Height":47,"Demand":1,"DemandMax":null,"Value":1269},{"Length":24,"Height":13,"Demand":1,"DemandMax":null,"Value":312},{"Length":34,"Height":48,"Demand":1,"DemandMax":null,"Value":1632},{"Length":1,"Height":21,"Demand":1,"DemandMax":null,"Value":21},{"Length":93,"Height":76,"Demand":1,"DemandMax":null,"Value":7068},{"Length":6,"Height":33,"Demand":2,"DemandMax":null,"Value":198},{"Length":88,"Height":97,"Demand":1,"DemandMax":null,"Value":8536},{"Length":21,"Height":18,"Demand":1,"DemandMax":null,"Value":378},{"Length":99,"Height":64,"Demand":1,"DemandMax":null,"Value":6336},{"Length":40,"Height":31,"Demand":1,"DemandMax":null,"Value":1240},{"Length":87,"Height":85,"Demand":1,"DemandMax":null,"Value":7395},{"Length":11,"Height":21,"Demand":1,"DemandMax":null,"Value":231},{"Length":4,"Height":8,"Demand":1,"DemandMax":null,"Value":32},{"Length":85,"Height":89,"Demand":1,"DemandMax":null,"Value":7565},{"Length":48,"Height":34,"Demand":1,"DemandMax":null,"Value":1632},{"Length":61,"Height":85,"Demand":1,"DemandMax":null,"Value":5185},{"Length":20,"Height":13,"Demand":1,"DemandMax":null,"Value":260},{"Length":42,"Height":10,"Demand":1,"DemandMax":null,"Value":420}]}