{"Name":"MB_C2_32","Objects":[{"Length":30,"Height":30,"Stock":null,"Cost":900},{"Length":25,"Height":16,"Stock":null,"Cost":300},{"Length":15,"Height":21,"Stock":null,"Cost":198},{"Length":28,"Height":24,"Stock":null,"Cost":626},{"Length":28,"Height":21,"Stock":null,"Cost":525}],"Items":[{"Length":5,"Height":9,"Demand":1,"DemandMax":null,"Value":45},{"Length":1,"Height":4,"Demand":1,"DemandMax":null,"Value":4},{"Length":8,"Height":2,"Demand":1,"DemandMax":null,"Value":16},{"Length":4,"Height":9,"Demand":2,"DemandMax":null,"Value":36},{"Length":1,"Height":2,"Demand":2,"DemandMax":null,"Value":2},{"Length":4,"Height":6,"Demand":1,"DemandMax":null,"Value":24},{"Length":4,"Height":4,"Demand":1,"DemandMax":null,"Value":16},{"Length":1,"Height":6,"Demand":2,"DemandMax":null,"Value":6},{"Length":1,"Height":5,"Demand":1,"DemandMax":null,"Value":5},{"Length":4,"Height":5,"Demand":2,"DemandMax":null,"Value":20},{"Length":2,"Height":6,"Demand":3,"DemandMax":null,"Value":12},{"Length":9,"Height":10,"Demand":1,"DemandMax":null,"Value":90},{"Length":5,"Height":2,"Demand":4,"DemandMax":null,"Value":10},{"Length":3,"Height":1,"Demand":1,"DemandMax":null,"Value":3},{"Length":7,"Height":10,"Demand":1,"DemandMax":null,"Value":70},{"Length":7,"Height":4,"Demand":1,"DemandMax":null,"Value":28},{"Length":6,"Height":6,"Demand":1,"DemandMax":null,"Value":36},{"Length":9,"Height":2,"Demand":1,"DemandMax":null,"Value":18},{"Length":7,"Height":8,"Demand":1,"DemandMax":null,"Value":56},{"Length":5,"Height":7,"Demand":3,"DemandMax":null,"Value":35},{"Length":2,"Height":5,"Demand":3,"DemandMax":null,"Value":10},{"Length":10,"Height":10,"Demand":2,"DemandMax":null,"Value":100},{"Length":5,"Height":4,"Demand":2,"DemandMax":null,"Value":20},{"Length":4,"Height":7,"Demand":1,"DemandMax":null,"Value":28},{"Length":9,"Height":8,"Demand":1,"DemandMax":null,"Value":72},{"Length":8,"Height":10,"Demand":1,"DemandMax":null,"Value":80},{"Length":6,"Height":5,"Demand":1,"DemandMax":null,"Value":30},{"Length":4,"Height":8,"Demand":2,"DemandMax":null,"Value":32},{"Length":2,"Height":9,"Demand":2,"DemandMax":null,"Value":18},{"Length":8,"Height":9,"Demand":1,"DemandMax":null,"Value":72},{"Length":9,"Height":4,"Demand":2,"DemandMax":null,"Value":36},{"Length":8,"Height":3,"Demand":1,"DemandMax":null,"Value":24},{"Length":10,"Height":8,"Demand":2,"DemandMax":null,"Value":80},{"Length":5,"Height":5,"Demand":2,"DemandMax":null,"Value":25},{"Length":4,"Height":3,"Demand":1,"DemandMax":null,"Value":12},{"Length":3,"Height":3,"Demand":1,"DemandMax":null,"Value":9},{"Length":6,"Height":4,"Demand":2,"DemandMax":null,"Value":24},{"Length":8,"Height":4,"Demand":1,"DemandMax":null,"Value":32},{"Length":7,"Height":9,"Demand":2,"DemandMax":null,"Value":63},{"Length":5,"Height":1,"Demand":1,"DemandMax":null,"Value":5},{"Length":3,"Height":6,"Demand":1,"DemandMax":null,"Value":18},{"Length":3,"Height":8,"Demand":1,"DemandMax":null,"Value":24},{"Length":10,"Height":9,"Demand":1,"DemandMax":null,"Value":90},{"Length":1,"Height":10,"Demand":2,"DemandMax":null,"Value":10},{"Length":1,"Height":9,"Demand":1,"DemandMax":null,"Value":9},{"Length":2,"Height":10,"Demand":1,"DemandMax":null,"Value":20},{"Length":1,"Height":7,"Demand":1,"DemandMax":null,"Value":7},{"Length":2,"Height":2,"Demand":1,"DemandMax":null,"Value":4},{"Length":2,"Height":7,"Demand":1,"DemandMax":null,"Value":14},{"Length":3,"Height":2,"Demand":1,"DemandMax":null,"Value":6},{"Length":3,"Height":10,"Demand":1,"DemandMax":null,"Value":30},{"Length":6,"Height":7,"Demand":1,"DemandMax":null,"Value":42},{"Length":9,"Height":5,"Demand":1,"DemandMax":null,"Value":45},{"Length":10,"Height":5,"Demand":1,"DemandMax":null,"Value":50},{"Length":2,"Height":8,"Demand":1,"DemandMax":null,"Value":16},{"Length":6,"Height":9,"Demand":1,"DemandMax":null,"Value":54},{"Length":8,"Height":6,"Demand":1,"DemandMax":null,"Value":48}]}