{"Name":"MB_C1_9","Objects":[{"Length":10,"Height":10,"Stock":null,"Cost":100},{"Length":7,"Height":9,"Stock":null,"Cost":55},{"Length":6,"Height":8,"Stock":null,"Cost":37},{"Length":5,"Height":9,"Stock":null,"Cost":33}],"Items":[{"Length":4,"Height":6,"Demand":2,"DemandMax":null,"Value":24},{"Length":4,"Height":3,"Demand":1,"DemandMax":null,"Value":12},{"Length":5,"Height":10,"Demand":1,"DemandMax":null,"Value":50},{"Length":8,"Height":6,"Demand":1,"DemandMax":null,"Value":48},{"Length":10,"Height":4,"Demand":1,"DemandMax":null,"Value":40},{"Length":9,"Height":8,"Demand":1,"DemandMax":null,"Value":72},{"Length":8,"Height":7,"Demand":1,"DemandMax":null,"Value":56},{"Length":2,"Height":5,"Demand":1,"DemandMax":null,"Value":10},{"Length":9,"Height":6,"Demand":1,"DemandMax":null,"Value":54},{"Length":3,"Height":9,"Demand":1,"DemandMax":null,"Value":27},{"Length":9,"Height":7,"Demand":1,"DemandMax":null,"Value":63},{"Length":5,"Height":5,"Demand":1,"DemandMax":null,"Value":25},{"Length":4,"Height":1,"Demand":1,"DemandMax":null,"Value":4},{"Length":2,"Height":9,"Demand":1,"DemandMax":null,"Value":18},{"Length":7,"Height":4,"Demand":1,"DemandMax":null,"Value":28},{"Length":1,"Height":4,"Demand":1,"DemandMax":null,"Value":4},{"Length":10,"Height":2,"Demand":1,"DemandMax":null,"Value":20},{"Length":3,"Height":4,"Demand":1,"DemandMax":null,"Value":12},{"Length":3,"Height":8,"Demand":1,"DemandMax":null,"Value":24}]}