{"Name":"MB_C9_16","Objects":[{"Length":100,"Height":100,"Stock":null,"Cost":10000},{"Length":50,"Height":80,"Stock":null,"Cost":2800},{"Length":79,"Height":98,"Stock":null,"Cost":7290},{"Length":89,"Height":60,"Stock":null,"Cost":4408},{"Length":63,"Height":94,"Stock":null,"Cost":5106}],"Items":[{"Length":62,"Height":50,"Demand":1,"DemandMax":null,"Value":3100},{"Length":83,"Height":74,"Demand":1,"DemandMax":null,"Value":6142},{"Length":66,"Height":66,"Demand":1,"DemandMax":null,"Value":4356},{"Length":7,"Height":98,"Demand":1,"DemandMax":null,"Value":686},{"Length":73,"Height":58,"Demand":1,"DemandMax":null,"Value":4234},{"Length":58,"Height":71,"Demand":1,"DemandMax":null,"Value":4118},{"Length":83,"Height":79,"Demand":1,"DemandMax":null,"Value":6557},{"Length":39,"Height":100,"Demand":1,"DemandMax":null,"Value":3900},{"Length":45,"Height":85,"Demand":1,"DemandMax":null,"Value":3825},{"Length":97,"Height":81,"Demand":1,"DemandMax":null,"Value":7857},{"Length":11,"Height":68,"Demand":1,"DemandMax":null,"Value":748},{"Length":82,"Height":65,"Demand":1,"DemandMax":null,"Value":5330},{"Length":79,"Height":58,"Demand":1,"DemandMax":null,"Value":4582},{"Length":46,"Height":67,"Demand":1,"DemandMax":null,"Value":3082},{"Length":50,"Height":91,"Demand":1,"DemandMax":null,"Value":4550},{"Length":87,"Height":92,"Demand":1,"DemandMax":null,"Value":8004},{"Length":75,"Height":50,"Demand":1,"DemandMax":null,"Value":3750},{"Length":56,"Height":85,"Demand":1,"DemandMax":null,"Value":4760},{"Length":51,"Height":89,"Demand":1,"DemandMax":null,"Value":4539},{"Length":53,"Height":81,"Demand":1,"DemandMax":null,"Value":4293},{"Length":82,"Height":54,"Demand":1,"DemandMax":null,"Value":4428},{"Length":79,"Height":80,"Demand":1,"DemandMax":null,"Value":6320},{"Length":65,"Height":99,"Demand":1,"DemandMax":null,"Value":6435},{"Length":83,"Height":81,"Demand":1,"DemandMax":null,"Value":6723},{"Length":50,"Height":70,"Demand":1,"DemandMax":null,"Value":3500},{"Length":63,"Height":86,"Demand":1,"DemandMax":null,"Value":5418},{"Length":93,"Height":21,"Demand":1,"DemandMax":null,"Value":1953},{"Length":73,"Height":93,"Demand":1,"DemandMax":null,"Value":6789},{"Length":81,"Height":98,"Demand":1,"DemandMax":null,"Value":7938},{"Length":10,"Height":4,"Demand":1,"DemandMax":null,"Value":40},{"Length":76,"Height":53,"Demand":1,"DemandMax":null,"Value":4028},{"Length":74,"Height":67,"Demand":1,"DemandMax":null,"Value":4958},{"Length":24,"Height":37,"Demand":1,"DemandMax":null,"Value":888},{"Length":67,"Height":83,"Demand":1,"DemandMax":null,"Value":5561},{"Length":74,"Height":99,"Demand":1,"DemandMax":null,"Value":7326},{"Length":88,"Height":52,"Demand":1,"DemandMax":null,"Value":4576},{"Length":28,"Height":38,"Demand":1,"DemandMax":null,"Value":1064},{"Length":87,"Height":74,"Demand":1,"DemandMax":null,"Value":6438},{"Length":84,"Height":55,"Demand":1,"DemandMax":null,"Value":4620},{"Length":63,"Height":100,"Demand":1,"DemandMax":null,"Value":6300}]}