{"Name":"MB_C8_3","Objects":[{"Length":100,"Height":100,"Stock":null,"Cost":10000},{"Length":99,"Height":88,"Stock":null,"Cost":8454},{"Length":79,"Height":53,"Stock":null,"Cost":3024},{"Length":78,"Height":61,"Stock":null,"Cost":3709},{"Length":76,"Height":99,"Stock":null,"Cost":7028}],"Items":[{"Length":87,"Height":29,"Demand":1,"DemandMax":null,"Value":2523},{"Length":26,"Height":25,"Demand":1,"DemandMax":null,"Value":650},{"Length":88,"Height":40,"Demand":1,"DemandMax":null,"Value":3520},{"Length":98,"Height":44,"Demand":1,"DemandMax":null,"Value":4312},{"Length":90,"Height":29,"Demand":1,"DemandMax":null,"Value":2610},{"Length":97,"Height":16,"Demand":1,"DemandMax":null,"Value":1552},{"Length":95,"Height":47,"Demand":1,"DemandMax":null,"Value":4465},{"Length":80,"Height":41,"Demand":1,"DemandMax":null,"Value":3280},{"Length":66,"Height":42,"Demand":1,"DemandMax":null,"Value":2772},{"Length":83,"Height":19,"Demand":1,"DemandMax":null,"Value":1577},{"Length":75,"Height":15,"Demand":1,"DemandMax":null,"Value":1125},{"Length":71,"Height":49,"Demand":1,"DemandMax":null,"Value":3479},{"Length":29,"Height":76,"Demand":1,"DemandMax":null,"Value":2204},{"Length":19,"Height":88,"Demand":1,"DemandMax":null,"Value":1672},{"Length":98,"Height":45,"Demand":1,"DemandMax":null,"Value":4410},{"Length":70,"Height":20,"Demand":1,"DemandMax":null,"Value":1400},{"Length":78,"Height":2,"Demand":1,"DemandMax":null,"Value":156},{"Length":81,"Height":9,"Demand":1,"DemandMax":null,"Value":729},{"Length":42,"Height":36,"Demand":1,"DemandMax":null,"Value":1512},{"Length":77,"Height":2,"Demand":1,"DemandMax":null,"Value":154}]}