{"Name":"MB_C5_5","Objects":[{"Length":100,"Height":100,"Stock":null,"Cost":10000},{"Length":79,"Height":91,"Stock":null,"Cost":6626},{"Length":71,"Height":81,"Stock":null,"Cost":4901},{"Length":68,"Height":56,"Stock":null,"Cost":2569},{"Length":92,"Height":77,"Stock":null,"Cost":6500}],"Items":[{"Length":36,"Height":95,"Demand":1,"DemandMax":null,"Value":3420},{"Length":91,"Height":14,"Demand":1,"DemandMax":null,"Value":1274},{"Length":36,"Height":16,"Demand":1,"DemandMax":null,"Value":576},{"Length":93,"Height":91,"Demand":1,"DemandMax":null,"Value":8463},{"Length":17,"Height":61,"Demand":1,"DemandMax":null,"Value":1037},{"Length":98,"Height":82,"Demand":1,"DemandMax":null,"Value":8036},{"Length":56,"Height":43,"Demand":1,"DemandMax":null,"Value":2408},{"Length":49,"Height":65,"Demand":1,"DemandMax":null,"Value":3185},{"Length":65,"Height":5,"Demand":1,"DemandMax":null,"Value":325},{"Length":25,"Height":50,"Demand":1,"DemandMax":null,"Value":1250},{"Length":87,"Height":25,"Demand":1,"DemandMax":null,"Value":2175},{"Length":38,"Height":83,"Demand":1,"DemandMax":null,"Value":3154},{"Length":100,"Height":14,"Demand":1,"DemandMax":null,"Value":1400},{"Length":30,"Height":40,"Demand":1,"DemandMax":null,"Value":1200},{"Length":16,"Height":17,"Demand":1,"DemandMax":null,"Value":272},{"Length":81,"Height":33,"Demand":1,"DemandMax":null,"Value":2673},{"Length":80,"Height":11,"Demand":1,"DemandMax":null,"Value":880},{"Length":1,"Height":7,"Demand":1,"DemandMax":null,"Value":7},{"Length":68,"Height":8,"Demand":1,"DemandMax":null,"Value":544},{"Length":35,"Height":38,"Demand":1,"DemandMax":null,"Value":1330}]}