{"Name":"MB_C7_20","Objects":[{"Length":100,"Height":100,"Stock":null,"Cost":10000},{"Length":95,"Height":80,"Stock":null,"Cost":7120},{"Length":77,"Height":54,"Stock":null,"Cost":2989},{"Length":97,"Height":63,"Stock":null,"Cost":5333},{"Length":70,"Height":74,"Stock":null,"Cost":4216}],"Items":[{"Length":36,"Height":77,"Demand":1,"DemandMax":null,"Value":2772},{"Length":76,"Height":68,"Demand":1,"DemandMax":null,"Value":5168},{"Length":4,"Height":75,"Demand":1,"DemandMax":null,"Value":300},{"Length":15,"Height":81,"Demand":1,"DemandMax":null,"Value":1215},{"Length":26,"Height":92,"Demand":2,"DemandMax":null,"Value":2392},{"Length":87,"Height":29,"Demand":1,"DemandMax":null,"Value":2523},{"Length":50,"Height":93,"Demand":1,"DemandMax":null,"Value":4650},{"Length":77,"Height":69,"Demand":1,"DemandMax":null,"Value":5313},{"Length":99,"Height":1,"Demand":1,"DemandMax":null,"Value":99},{"Length":57,"Height":77,"Demand":1,"DemandMax":null,"Value":4389},{"Length":49,"Height":77,"Demand":1,"DemandMax":null,"Value":3773},{"Length":41,"Height":74,"Demand":1,"DemandMax":null,"Value":3034},{"Length":27,"Height":90,"Demand":1,"DemandMax":null,"Value":2430},{"Length":27,"Height":84,"Demand":1,"DemandMax":null,"Value":2268},{"Length":83,"Height":56,"Demand":1,"DemandMax":null,"Value":4648},{"Length":16,"Height":78,"Demand":1,"DemandMax":null,"Value":1248},{"Length":18,"Height":87,"Demand":1,"DemandMax":null,"Value":1566},{"Length":8,"Height":92,"Demand":1,"DemandMax":null,"Value":736},{"Length":30,"Height":71,"Demand":1,"DemandMax":null,"Value":2130},{"Length":3,"Height":90,"Demand":1,"DemandMax":null,"Value":270},{"Length":20,"Height":92,"Demand":1,"DemandMax":null,"Value":1840},{"Length":1,"Height":72,"Demand":1,"DemandMax":null,"Value":72},{"Length":38,"Height":80,"Demand":1,"DemandMax":null,"Value":3040},{"Length":1,"Height":75,"Demand":1,"DemandMax":null,"Value":75},{"Length":34,"Height":70,"Demand":1,"DemandMax":null,"Value":2380},{"Length":5,"Height":96,"Demand":1,"DemandMax":null,"Value":480},{"Length":8,"Height":97,"Demand":1,"DemandMax":null,"Value":776},{"Length":11,"Height":68,"Demand":1,"DemandMax":null,"Value":748},{"Length":9,"Height":91,"Demand":1,"DemandMax":null,"Value":819},{"Length":21,"Height":94,"Demand":1,"DemandMax":null,"Value":1974},{"Length":89,"Height":82,"Demand":1,"DemandMax":null,"Value":7298},{"Length":33,"Height":69,"Demand":1,"DemandMax":null,"Value":2277},{"Length":46,"Height":86,"Demand":1,"DemandMax":null,"Value":3956},{"Length":48,"Height":99,"Demand":1,"DemandMax":null,"Value":4752},{"Length":32,"Height":86,"Demand":1,"DemandMax":null,"Value":2752},{"Length":16,"Height":79,"Demand":1,"DemandMax":null,"Value":1264},{"Length":95,"Height":83,"Demand":1,"DemandMax":null,"Value":7885},{"Length":37,"Height":78,"Demand":1,"DemandMax":null,"Value":2886},{"Length":37,"Height":93,"Demand":1,"DemandMax":null,"Value":3441}]}