{"Name":"MB_C6_31","Objects":[{"Length":300,"Height":300,"Stock":null,"Cost":90000},{"Length":158,"Height":227,"Stock":null,"Cost":25039},{"Length":198,"Height":285,"Stock":null,"Cost":49716},{"Length":195,"Height":209,"Stock":null,"Cost":30906},{"Length":191,"Height":178,"Stock":null,"Cost":22797}],"Items":[{"Length":70,"Height":40,"Demand":1,"DemandMax":null,"Value":2800},{"Length":21,"Height":4,"Demand":1,"DemandMax":null,"Value":84},{"Length":62,"Height":52,"Demand":1,"DemandMax":null,"Value":3224},{"Length":15,"Height":73,"Demand":1,"DemandMax":null,"Value":1095},{"Length":35,"Height":89,"Demand":1,"DemandMax":null,"Value":3115},{"Length":11,"Height":56,"Demand":1,"DemandMax":null,"Value":616},{"Length":65,"Height":62,"Demand":1,"DemandMax":null,"Value":4030},{"Length":54,"Height":30,"Demand":1,"DemandMax":null,"Value":1620},{"Length":65,"Height":16,"Demand":1,"DemandMax":null,"Value":1040},{"Length":22,"Height":7,"Demand":1,"DemandMax":null,"Value":154},{"Length":79,"Height":27,"Demand":1,"DemandMax":null,"Value":2133},{"Length":26,"Height":31,"Demand":1,"DemandMax":null,"Value":806},{"Length":84,"Height":8,"Demand":1,"DemandMax":null,"Value":672},{"Length":10,"Height":80,"Demand":1,"DemandMax":null,"Value":800},{"Length":92,"Height":3,"Demand":1,"DemandMax":null,"Value":276},{"Length":53,"Height":65,"Demand":1,"DemandMax":null,"Value":3445},{"Length":47,"Height":89,"Demand":1,"DemandMax":null,"Value":4183},{"Length":64,"Height":30,"Demand":1,"DemandMax":null,"Value":1920},{"Length":27,"Height":78,"Demand":1,"DemandMax":null,"Value":2106},{"Length":90,"Height":53,"Demand":1,"DemandMax":null,"Value":4770},{"Length":42,"Height":13,"Demand":1,"DemandMax":null,"Value":546},{"Length":7,"Height":46,"Demand":1,"DemandMax":null,"Value":322},{"Length":38,"Height":74,"Demand":1,"DemandMax":null,"Value":2812},{"Length":26,"Height":52,"Demand":1,"DemandMax":null,"Value":1352},{"Length":92,"Height":70,"Demand":1,"DemandMax":null,"Value":6440},{"Length":93,"Height":50,"Demand":1,"DemandMax":null,"Value":4650},{"Length":16,"Height":47,"Demand":1,"DemandMax":null,"Value":752},{"Length":84,"Height":50,"Demand":1,"DemandMax":null,"Value":4200},{"Length":53,"Height":82,"Demand":1,"DemandMax":null,"Value":4346},{"Length":11,"Height":98,"Demand":1,"DemandMax":null,"Value":1078},{"Length":81,"Height":86,"Demand":1,"DemandMax":null,"Value":6966},{"Length":19,"Height":70,"Demand":1,"DemandMax":null,"Value":1330},{"Length":12,"Height":4,"Demand":1,"DemandMax":null,"Value":48},{"Length":85,"Height":78,"Demand":1,"DemandMax":null,"Value":6630},{"Length":91,"Height":13,"Demand":1,"DemandMax":null,"Value":1183},{"Length":20,"Height":66,"Demand":1,"DemandMax":null,"Value":1320},{"Length":94,"Height":25,"Demand":1,"DemandMax":null,"Value":2350},{"Length":68,"Height":13,"Demand":1,"DemandMax":null,"Value":884},{"Length":33,"Height":84,"Demand":1,"DemandMax":null,"Value":2772},{"Length":9,"Height":29,"Demand":1,"DemandMax":null,"Value":261},{"Length":52,"Height":68,"Demand":1,"DemandMax":null,"Value":3536},{"Length":51,"Height":58,"Demand":1,"DemandMax":null,"Value":2958},{"Length":29,"Height":88,"Demand":1,"DemandMax":null,"Value":2552},{"Length":41,"Height":79,"Demand":1,"DemandMax":null,"Value":3239},{"Length":76,"Height":88,"Demand":1,"DemandMax":null,"Value":6688},{"Length":56,"Height":3,"Demand":1,"DemandMax":null,"Value":168},{"Length":36,"Height":46,"Demand":1,"DemandMax":null,"Value":1656},{"Length":6,"Height":74,"Demand":1,"DemandMax":null,"Value":444},{"Length":88,"Height":74,"Demand":1,"DemandMax":null,"Value":6512},{"Length":37,"Height":69,"Demand":1,"DemandMax":null,"Value":2553},{"Length":43,"Height":15,"Demand":1,"DemandMax":null,"Value":645},{"Length":27,"Height":1,"Demand":1,"DemandMax":null,"Value":27},{"Length":44,"Height":48,"Demand":1,"DemandMax":null,"Value":2112},{"Length":85,"Height":12,"Demand":1,"DemandMax":null,"Value":1020},{"Length":71,"Height":83,"Demand":1,"DemandMax":null,"Value":5893},{"Length":57,"Height":82,"Demand":1,"DemandMax":null,"Value":4674},{"Length":33,"Height":65,"Demand":1,"DemandMax":null,"Value":2145},{"Length":21,"Height":22,"Demand":1,"DemandMax":null,"Value":462},{"Length":75,"Height":73,"Demand":1,"DemandMax":null,"Value":5475},{"Length":87,"Height":74,"Demand":1,"DemandMax":null,"Value":6438},{"Length":76,"Height":16,"Demand":1,"DemandMax":null,"Value":1216},{"Length":100,"Height":19,"Demand":1,"DemandMax":null,"Value":1900},{"Length":46,"Height":39,"Demand":1,"DemandMax":null,"Value":1794},{"Length":38,"Height":66,"Demand":1,"DemandMax":null,"Value":2508},{"Length":30,"Height":21,"Demand":1,"DemandMax":null,"Value":630},{"Length":12,"Height":60,"Demand":1,"DemandMax":null,"Value":720},{"Length":5,"Height":72,"Demand":1,"DemandMax":null,"Value":360},{"Length":66,"Height":79,"Demand":1,"DemandMax":null,"Value":5214},{"Length":83,"Height":36,"Demand":1,"DemandMax":null,"Value":2988},{"Length":79,"Height":33,"Demand":1,"DemandMax":null,"Value":2607},{"Length":8,"Height":92,"Demand":1,"DemandMax":null,"Value":736},{"Length":60,"Height":69,"Demand":1,"DemandMax":null,"Value":4140},{"Length":58,"Height":51,"Demand":1,"DemandMax":null,"Value":2958},{"Length":56,"Height":62,"Demand":1,"DemandMax":null,"Value":3472},{"Length":43,"Height":57,"Demand":1,"DemandMax":null,"Value":2451},{"Length":42,"Height":24,"Demand":1,"DemandMax":null,"Value":1008},{"Length":9,"Height":87,"Demand":1,"DemandMax":null,"Value":783},{"Length":32,"Height":1,"Demand":1,"DemandMax":null,"Value":32},{"Length":33,"Height":54,"Demand":1,"DemandMax":null,"Value":1782},{"Length":68,"Height":68,"Demand":1,"DemandMax":null,"Value":4624}]}