{"Name":"MB_C4_21","Objects":[{"Length":100,"Height":100,"Stock":null,"Cost":10000},{"Length":57,"Height":84,"Stock":null,"Cost":3745},{"Length":93,"Height":55,"Stock":null,"Cost":4138},{"Length":54,"Height":84,"Stock":null,"Cost":3443},{"Length":53,"Height":65,"Stock":null,"Cost":2134}],"Items":[{"Length":17,"Height":22,"Demand":1,"DemandMax":null,"Value":374},{"Length":20,"Height":35,"Demand":1,"DemandMax":null,"Value":700},{"Length":18,"Height":17,"Demand":1,"DemandMax":null,"Value":306},{"Length":6,"Height":23,"Demand":1,"DemandMax":null,"Value":138},{"Length":28,"Height":13,"Demand":1,"DemandMax":null,"Value":364},{"Length":33,"Height":31,"Demand":1,"DemandMax":null,"Value":1023},{"Length":16,"Height":25,"Demand":1,"DemandMax":null,"Value":400},{"Length":21,"Height":28,"Demand":1,"DemandMax":null,"Value":588},{"Length":32,"Height":11,"Demand":1,"DemandMax":null,"Value":352},{"Length":10,"Height":30,"Demand":1,"DemandMax":null,"Value":300},{"Length":33,"Height":10,"Demand":1,"DemandMax":null,"Value":330},{"Length":15,"Height":29,"Demand":1,"DemandMax":null,"Value":435},{"Length":23,"Height":1,"Demand":1,"DemandMax":null,"Value":23},{"Length":29,"Height":28,"Demand":2,"DemandMax":null,"Value":812},{"Length":18,"Height":13,"Demand":1,"DemandMax":null,"Value":234},{"Length":21,"Height":10,"Demand":1,"DemandMax":null,"Value":210},{"Length":11,"Height":14,"Demand":1,"DemandMax":null,"Value":154},{"Length":6,"Height":35,"Demand":1,"DemandMax":null,"Value":210},{"Length":4,"Height":20,"Demand":1,"DemandMax":null,"Value":80},{"Length":11,"Height":2,"Demand":1,"DemandMax":null,"Value":22},{"Length":13,"Height":23,"Demand":1,"DemandMax":null,"Value":299},{"Length":6,"Height":33,"Demand":1,"DemandMax":null,"Value":198},{"Length":31,"Height":27,"Demand":1,"DemandMax":null,"Value":837},{"Length":5,"Height":14,"Demand":1,"DemandMax":null,"Value":70},{"Length":27,"Height":13,"Demand":1,"DemandMax":null,"Value":351},{"Length":1,"Height":19,"Demand":1,"DemandMax":null,"Value":19},{"Length":16,"Height":7,"Demand":1,"DemandMax":null,"Value":112},{"Length":33,"Height":29,"Demand":1,"DemandMax":null,"Value":957},{"Length":26,"Height":13,"Demand":1,"DemandMax":null,"Value":338},{"Length":12,"Height":1,"Demand":1,"DemandMax":null,"Value":12},{"Length":24,"Height":13,"Demand":1,"DemandMax":null,"Value":312},{"Length":34,"Height":9,"Demand":1,"DemandMax":null,"Value":306},{"Length":27,"Height":33,"Demand":1,"DemandMax":null,"Value":891},{"Length":34,"Height":34,"Demand":1,"DemandMax":null,"Value":1156},{"Length":28,"Height":7,"Demand":1,"DemandMax":null,"Value":196},{"Length":27,"Height":32,"Demand":1,"DemandMax":null,"Value":864},{"Length":29,"Height":22,"Demand":1,"DemandMax":null,"Value":638},{"Length":6,"Height":8,"Demand":1,"DemandMax":null,"Value":48},{"Length":12,"Height":33,"Demand":1,"DemandMax":null,"Value":396},{"Length":8,"Height":11,"Demand":1,"DemandMax":null,"Value":88},{"Length":3,"Height":10,"Demand":1,"DemandMax":null,"Value":30},{"Length":16,"Height":1,"Demand":1,"DemandMax":null,"Value":16},{"Length":7,"Height":3,"Demand":1,"DemandMax":null,"Value":21},{"Length":20,"Height":14,"Demand":1,"DemandMax":null,"Value":280},{"Length":4,"Height":6,"Demand":1,"DemandMax":null,"Value":24},{"Length":26,"Height":32,"Demand":1,"DemandMax":null,"Value":832},{"Length":22,"Height":20,"Demand":1,"DemandMax":null,"Value":440},{"Length":12,"Height":12,"Demand":1,"DemandMax":null,"Value":144},{"Length":8,"Height":29,"Demand":1,"DemandMax":null,"Value":232},{"Length":5,"Height":22,"Demand":1,"DemandMax":null,"Value":110},{"Length":16,"Height":26,"Demand":1,"DemandMax":null,"Value":416},{"Length":14,"Height":4,"Demand":1,"DemandMax":null,"Value":56},{"Length":17,"Height":33,"Demand":1,"DemandMax":null,"Value":561},{"Length":23,"Height":26,"Demand":1,"DemandMax":null,"Value":598},{"Length":4,"Height":16,"Demand":1,"DemandMax":null,"Value":64},{"Length":14,"Height":11,"Demand":1,"DemandMax":null,"Value":154},{"Length":15,"Height":28,"Demand":1,"DemandMax":null,"Value":420},{"Length":14,"Height":31,"Demand":1,"DemandMax":null,"Value":434},{"Length":30,"Height":26,"Demand":1,"DemandMax":null,"Value":780}]}