{"Name":"MB_C5_24","Objects":[{"Length":100,"Height":100,"Stock":null,"Cost":10000},{"Length":91,"Height":81,"Stock":null,"Cost":6845},{"Length":51,"Height":84,"Stock":null,"Cost":3140},{"Length":54,"Height":91,"Stock":null,"Cost":3896},{"Length":79,"Height":54,"Stock":null,"Cost":3119}],"Items":[{"Length":57,"Height":25,"Demand":1,"DemandMax":null,"Value":1425},{"Length":2,"Height":64,"Demand":1,"DemandMax":null,"Value":128},{"Length":65,"Height":48,"Demand":1,"DemandMax":null,"Value":3120},{"Length":34,"Height":32,"Demand":1,"DemandMax":null,"Value":1088},{"Length":32,"Height":7,"Demand":1,"DemandMax":null,"Value":224},{"Length":13,"Height":93,"Demand":1,"DemandMax":null,"Value":1209},{"Length":68,"Height":46,"Demand":1,"DemandMax":null,"Value":3128},{"Length":17,"Height":55,"Demand":1,"DemandMax":null,"Value":935},{"Length":17,"Height":43,"Demand":1,"DemandMax":null,"Value":731},{"Length":57,"Height":65,"Demand":1,"DemandMax":null,"Value":3705},{"Length":58,"Height":10,"Demand":1,"DemandMax":null,"Value":580},{"Length":77,"Height":100,"Demand":1,"DemandMax":null,"Value":7700},{"Length":2,"Height":90,"Demand":1,"DemandMax":null,"Value":180},{"Length":55,"Height":71,"Demand":1,"DemandMax":null,"Value":3905},{"Length":93,"Height":62,"Demand":1,"DemandMax":null,"Value":5766},{"Length":3,"Height":21,"Demand":1,"DemandMax":null,"Value":63},{"Length":8,"Height":37,"Demand":1,"DemandMax":null,"Value":296},{"Length":64,"Height":31,"Demand":1,"DemandMax":null,"Value":1984},{"Length":60,"Height":58,"Demand":1,"DemandMax":null,"Value":3480},{"Length":17,"Height":9,"Demand":1,"DemandMax":null,"Value":153},{"Length":91,"Height":5,"Demand":1,"DemandMax":null,"Value":455},{"Length":72,"Height":1,"Demand":1,"DemandMax":null,"Value":72},{"Length":81,"Height":87,"Demand":1,"DemandMax":null,"Value":7047},{"Length":75,"Height":85,"Demand":1,"DemandMax":null,"Value":6375},{"Length":41,"Height":50,"Demand":1,"DemandMax":null,"Value":2050},{"Length":2,"Height":71,"Demand":1,"DemandMax":null,"Value":142},{"Length":14,"Height":70,"Demand":1,"DemandMax":null,"Value":980},{"Length":65,"Height":4,"Demand":1,"DemandMax":null,"Value":260},{"Length":78,"Height":60,"Demand":1,"DemandMax":null,"Value":4680},{"Length":8,"Height":62,"Demand":1,"DemandMax":null,"Value":496},{"Length":45,"Height":64,"Demand":1,"DemandMax":null,"Value":2880},{"Length":10,"Height":56,"Demand":1,"DemandMax":null,"Value":560},{"Length":59,"Height":59,"Demand":1,"DemandMax":null,"Value":3481},{"Length":81,"Height":30,"Demand":1,"DemandMax":null,"Value":2430},{"Length":98,"Height":57,"Demand":1,"DemandMax":null,"Value":5586},{"Length":65,"Height":63,"Demand":1,"DemandMax":null,"Value":4095},{"Length":72,"Height":2,"Demand":1,"DemandMax":null,"Value":144},{"Length":41,"Height":64,"Demand":1,"DemandMax":null,"Value":2624},{"Length":28,"Height":72,"Demand":1,"DemandMax":null,"Value":2016},{"Length":20,"Height":80,"Demand":1,"DemandMax":null,"Value":1600},{"Length":41,"Height":77,"Demand":1,"DemandMax":null,"Value":3157},{"Length":46,"Height":87,"Demand":1,"DemandMax":null,"Value":4002},{"Length":23,"Height":63,"Demand":1,"DemandMax":null,"Value":1449},{"Length":96,"Height":96,"Demand":1,"DemandMax":null,"Value":9216},{"Length":20,"Height":7,"Demand":1,"DemandMax":null,"Value":140},{"Length":83,"Height":53,"Demand":1,"DemandMax":null,"Value":4399},{"Length":7,"Height":21,"Demand":1,"DemandMax":null,"Value":147},{"Length":49,"Height":34,"Demand":1,"DemandMax":null,"Value":1666},{"Length":98,"Height":48,"Demand":1,"DemandMax":null,"Value":4704},{"Length":74,"Height":51,"Demand":1,"DemandMax":null,"Value":3774},{"Length":35,"Height":66,"Demand":1,"DemandMax":null,"Value":2310},{"Length":69,"Height":49,"Demand":1,"DemandMax":null,"Value":3381},{"Length":97,"Height":87,"Demand":1,"DemandMax":null,"Value":8439},{"Length":76,"Height":5,"Demand":1,"DemandMax":null,"Value":380},{"Length":95,"Height":56,"Demand":1,"DemandMax":null,"Value":5320},{"Length":76,"Height":30,"Demand":1,"DemandMax":null,"Value":2280},{"Length":74,"Height":49,"Demand":1,"DemandMax":null,"Value":3626},{"Length":78,"Height":68,"Demand":1,"DemandMax":null,"Value":5304},{"Length":10,"Height":78,"Demand":1,"DemandMax":null,"Value":780},{"Length":27,"Height":99,"Demand":1,"DemandMax":null,"Value":2673}]}