{"Name":"MB_C6_28","Objects":[{"Length":300,"Height":300,"Stock":null,"Cost":90000},{"Length":212,"Height":233,"Stock":null,"Cost":41275},{"Length":259,"Height":197,"Stock":null,"Cost":43227},{"Length":194,"Height":292,"Stock":null,"Cost":49977},{"Length":190,"Height":233,"Stock":null,"Cost":35123}],"Items":[{"Length":92,"Height":27,"Demand":1,"DemandMax":null,"Value":2484},{"Length":90,"Height":71,"Demand":1,"DemandMax":null,"Value":6390},{"Length":44,"Height":65,"Demand":1,"DemandMax":null,"Value":2860},{"Length":76,"Height":99,"Demand":1,"DemandMax":null,"Value":7524},{"Length":42,"Height":95,"Demand":1,"DemandMax":null,"Value":3990},{"Length":31,"Height":7,"Demand":1,"DemandMax":null,"Value":217},{"Length":65,"Height":26,"Demand":1,"DemandMax":null,"Value":1690},{"Length":99,"Height":74,"Demand":1,"DemandMax":null,"Value":7326},{"Length":24,"Height":6,"Demand":1,"DemandMax":null,"Value":144},{"Length":60,"Height":10,"Demand":1,"DemandMax":null,"Value":600},{"Length":63,"Height":9,"Demand":1,"DemandMax":null,"Value":567},{"Length":23,"Height":59,"Demand":1,"DemandMax":null,"Value":1357},{"Length":60,"Height":49,"Demand":1,"DemandMax":null,"Value":2940},{"Length":32,"Height":1,"Demand":1,"DemandMax":null,"Value":32},{"Length":27,"Height":69,"Demand":1,"DemandMax":null,"Value":1863},{"Length":67,"Height":44,"Demand":1,"DemandMax":null,"Value":2948},{"Length":8,"Height":47,"Demand":1,"DemandMax":null,"Value":376},{"Length":38,"Height":35,"Demand":1,"DemandMax":null,"Value":1330},{"Length":79,"Height":95,"Demand":1,"DemandMax":null,"Value":7505},{"Length":89,"Height":50,"Demand":1,"DemandMax":null,"Value":4450},{"Length":54,"Height":56,"Demand":1,"DemandMax":null,"Value":3024},{"Length":98,"Height":2,"Demand":1,"DemandMax":null,"Value":196},{"Length":75,"Height":9,"Demand":1,"DemandMax":null,"Value":675},{"Length":76,"Height":34,"Demand":1,"DemandMax":null,"Value":2584},{"Length":22,"Height":64,"Demand":1,"DemandMax":null,"Value":1408},{"Length":68,"Height":23,"Demand":1,"DemandMax":null,"Value":1564},{"Length":4,"Height":67,"Demand":1,"DemandMax":null,"Value":268},{"Length":52,"Height":83,"Demand":1,"DemandMax":null,"Value":4316},{"Length":67,"Height":94,"Demand":1,"DemandMax":null,"Value":6298},{"Length":38,"Height":56,"Demand":1,"DemandMax":null,"Value":2128},{"Length":87,"Height":57,"Demand":1,"DemandMax":null,"Value":4959},{"Length":71,"Height":20,"Demand":1,"DemandMax":null,"Value":1420},{"Length":77,"Height":100,"Demand":1,"DemandMax":null,"Value":7700},{"Length":29,"Height":87,"Demand":1,"DemandMax":null,"Value":2523},{"Length":81,"Height":2,"Demand":1,"DemandMax":null,"Value":162},{"Length":23,"Height":1,"Demand":1,"DemandMax":null,"Value":23},{"Length":76,"Height":73,"Demand":1,"DemandMax":null,"Value":5548},{"Length":97,"Height":40,"Demand":1,"DemandMax":null,"Value":3880},{"Length":74,"Height":57,"Demand":1,"DemandMax":null,"Value":4218},{"Length":30,"Height":15,"Demand":1,"DemandMax":null,"Value":450},{"Length":19,"Height":33,"Demand":1,"DemandMax":null,"Value":627},{"Length":31,"Height":70,"Demand":1,"DemandMax":null,"Value":2170},{"Length":89,"Height":12,"Demand":1,"DemandMax":null,"Value":1068},{"Length":47,"Height":83,"Demand":1,"DemandMax":null,"Value":3901},{"Length":94,"Height":38,"Demand":1,"DemandMax":null,"Value":3572},{"Length":54,"Height":66,"Demand":1,"DemandMax":null,"Value":3564},{"Length":80,"Height":88,"Demand":1,"DemandMax":null,"Value":7040},{"Length":63,"Height":62,"Demand":1,"DemandMax":null,"Value":3906},{"Length":24,"Height":75,"Demand":1,"DemandMax":null,"Value":1800},{"Length":20,"Height":49,"Demand":1,"DemandMax":null,"Value":980},{"Length":38,"Height":42,"Demand":1,"DemandMax":null,"Value":1596},{"Length":1,"Height":40,"Demand":1,"DemandMax":null,"Value":40},{"Length":65,"Height":66,"Demand":1,"DemandMax":null,"Value":4290},{"Length":18,"Height":77,"Demand":1,"DemandMax":null,"Value":1386},{"Length":83,"Height":61,"Demand":1,"DemandMax":null,"Value":5063},{"Length":16,"Height":39,"Demand":1,"DemandMax":null,"Value":624},{"Length":5,"Height":69,"Demand":1,"DemandMax":null,"Value":345},{"Length":72,"Height":37,"Demand":1,"DemandMax":null,"Value":2664},{"Length":73,"Height":68,"Demand":1,"DemandMax":null,"Value":4964},{"Length":97,"Height":16,"Demand":1,"DemandMax":null,"Value":1552}]}