{"Name":"MB_C6_32","Objects":[{"Length":300,"Height":300,"Stock":null,"Cost":90000},{"Length":215,"Height":227,"Stock":null,"Cost":40565},{"Length":203,"Height":291,"Stock":null,"Cost":52887},{"Length":221,"Height":207,"Stock":null,"Cost":36896},{"Length":293,"Height":211,"Stock":null,"Cost":56187}],"Items":[{"Length":41,"Height":85,"Demand":1,"DemandMax":null,"Value":3485},{"Length":9,"Height":37,"Demand":1,"DemandMax":null,"Value":333},{"Length":77,"Height":18,"Demand":1,"DemandMax":null,"Value":1386},{"Length":34,"Height":83,"Demand":1,"DemandMax":null,"Value":2822},{"Length":4,"Height":20,"Demand":1,"DemandMax":null,"Value":80},{"Length":40,"Height":53,"Demand":1,"DemandMax":null,"Value":2120},{"Length":33,"Height":37,"Demand":1,"DemandMax":null,"Value":1221},{"Length":4,"Height":60,"Demand":1,"DemandMax":null,"Value":240},{"Length":10,"Height":44,"Demand":1,"DemandMax":null,"Value":440},{"Length":38,"Height":46,"Demand":1,"DemandMax":null,"Value":1748},{"Length":11,"Height":55,"Demand":1,"DemandMax":null,"Value":605},{"Length":85,"Height":91,"Demand":1,"DemandMax":null,"Value":7735},{"Length":48,"Height":12,"Demand":1,"DemandMax":null,"Value":576},{"Length":23,"Height":6,"Demand":1,"DemandMax":null,"Value":138},{"Length":66,"Height":94,"Demand":1,"DemandMax":null,"Value":6204},{"Length":64,"Height":33,"Demand":1,"DemandMax":null,"Value":2112},{"Length":42,"Height":12,"Demand":1,"DemandMax":null,"Value":504},{"Length":53,"Height":53,"Demand":1,"DemandMax":null,"Value":2809},{"Length":87,"Height":11,"Demand":1,"DemandMax":null,"Value":957},{"Length":66,"Height":75,"Demand":1,"DemandMax":null,"Value":4950},{"Length":45,"Height":67,"Demand":1,"DemandMax":null,"Value":3015},{"Length":15,"Height":44,"Demand":1,"DemandMax":null,"Value":660},{"Length":96,"Height":93,"Demand":1,"DemandMax":null,"Value":8928},{"Length":44,"Height":38,"Demand":1,"DemandMax":null,"Value":1672},{"Length":48,"Height":33,"Demand":1,"DemandMax":null,"Value":1584},{"Length":31,"Height":67,"Demand":1,"DemandMax":null,"Value":2077},{"Length":48,"Height":64,"Demand":1,"DemandMax":null,"Value":3072},{"Length":88,"Height":78,"Demand":1,"DemandMax":null,"Value":6864},{"Length":73,"Height":98,"Demand":1,"DemandMax":null,"Value":7154},{"Length":58,"Height":46,"Demand":1,"DemandMax":null,"Value":2668},{"Length":33,"Height":78,"Demand":1,"DemandMax":null,"Value":2574},{"Length":20,"Height":83,"Demand":1,"DemandMax":null,"Value":1660},{"Length":74,"Height":84,"Demand":1,"DemandMax":null,"Value":6216},{"Length":85,"Height":35,"Demand":1,"DemandMax":null,"Value":2975},{"Length":74,"Height":25,"Demand":1,"DemandMax":null,"Value":1850},{"Length":96,"Height":77,"Demand":1,"DemandMax":null,"Value":7392},{"Length":42,"Height":47,"Demand":1,"DemandMax":null,"Value":1974},{"Length":33,"Height":23,"Demand":1,"DemandMax":null,"Value":759},{"Length":24,"Height":27,"Demand":1,"DemandMax":null,"Value":648},{"Length":5,"Height":15,"Demand":1,"DemandMax":null,"Value":75},{"Length":98,"Height":76,"Demand":1,"DemandMax":null,"Value":7448},{"Length":58,"Height":32,"Demand":1,"DemandMax":null,"Value":1856},{"Length":74,"Height":39,"Demand":1,"DemandMax":null,"Value":2886},{"Length":68,"Height":85,"Demand":1,"DemandMax":null,"Value":5780},{"Length":97,"Height":93,"Demand":1,"DemandMax":null,"Value":9021},{"Length":48,"Height":19,"Demand":1,"DemandMax":null,"Value":912},{"Length":45,"Height":50,"Demand":1,"DemandMax":null,"Value":2250},{"Length":42,"Height":10,"Demand":1,"DemandMax":null,"Value":420},{"Length":29,"Height":54,"Demand":1,"DemandMax":null,"Value":1566},{"Length":27,"Height":71,"Demand":1,"DemandMax":null,"Value":1917},{"Length":93,"Height":83,"Demand":1,"DemandMax":null,"Value":7719},{"Length":15,"Height":46,"Demand":1,"DemandMax":null,"Value":690},{"Length":16,"Height":48,"Demand":1,"DemandMax":null,"Value":768},{"Length":50,"Height":12,"Demand":1,"DemandMax":null,"Value":600},{"Length":7,"Height":93,"Demand":1,"DemandMax":null,"Value":651},{"Length":10,"Height":81,"Demand":1,"DemandMax":null,"Value":810},{"Length":13,"Height":96,"Demand":1,"DemandMax":null,"Value":1248},{"Length":5,"Height":96,"Demand":1,"DemandMax":null,"Value":480},{"Length":10,"Height":69,"Demand":1,"DemandMax":null,"Value":690},{"Length":81,"Height":37,"Demand":1,"DemandMax":null,"Value":2997},{"Length":9,"Height":55,"Demand":1,"DemandMax":null,"Value":495},{"Length":15,"Height":13,"Demand":1,"DemandMax":null,"Value":195},{"Length":56,"Height":33,"Demand":1,"DemandMax":null,"Value":1848},{"Length":19,"Height":70,"Demand":1,"DemandMax":null,"Value":1330},{"Length":27,"Height":13,"Demand":1,"DemandMax":null,"Value":351},{"Length":36,"Height":85,"Demand":1,"DemandMax":null,"Value":3060},{"Length":34,"Height":41,"Demand":1,"DemandMax":null,"Value":1394},{"Length":44,"Height":69,"Demand":1,"DemandMax":null,"Value":3036},{"Length":22,"Height":93,"Demand":1,"DemandMax":null,"Value":2046},{"Length":55,"Height":67,"Demand":1,"DemandMax":null,"Value":3685},{"Length":68,"Height":81,"Demand":1,"DemandMax":null,"Value":5508},{"Length":14,"Height":56,"Demand":1,"DemandMax":null,"Value":784},{"Length":83,"Height":49,"Demand":1,"DemandMax":null,"Value":4067},{"Length":97,"Height":48,"Demand":1,"DemandMax":null,"Value":4656},{"Length":11,"Height":76,"Demand":1,"DemandMax":null,"Value":836},{"Length":16,"Height":87,"Demand":1,"DemandMax":null,"Value":1392},{"Length":32,"Height":72,"Demand":1,"DemandMax":null,"Value":2304},{"Length":15,"Height":51,"Demand":1,"DemandMax":null,"Value":765},{"Length":54,"Height":81,"Demand":1,"DemandMax":null,"Value":4374},{"Length":72,"Height":51,"Demand":1,"DemandMax":null,"Value":3672}]}