{"Name":"MB_C10_43","Objects":[{"Length":100,"Height":100,"Stock":null,"Cost":10000},{"Length":92,"Height":64,"Stock":null,"Cost":5065},{"Length":75,"Height":63,"Stock":null,"Cost":3670},{"Length":94,"Height":72,"Stock":null,"Cost":6121},{"Length":92,"Height":87,"Stock":null,"Cost":7604}],"Items":[{"Length":12,"Height":78,"Demand":1,"DemandMax":null,"Value":936},{"Length":44,"Height":29,"Demand":1,"DemandMax":null,"Value":1276},{"Length":45,"Height":40,"Demand":1,"DemandMax":null,"Value":1800},{"Length":34,"Height":47,"Demand":1,"DemandMax":null,"Value":1598},{"Length":5,"Height":16,"Demand":1,"DemandMax":null,"Value":80},{"Length":77,"Height":92,"Demand":1,"DemandMax":null,"Value":7084},{"Length":43,"Height":44,"Demand":1,"DemandMax":null,"Value":1892},{"Length":23,"Height":16,"Demand":1,"DemandMax":null,"Value":368},{"Length":10,"Height":26,"Demand":1,"DemandMax":null,"Value":260},{"Length":22,"Height":18,"Demand":2,"DemandMax":null,"Value":396},{"Length":4,"Height":10,"Demand":1,"DemandMax":null,"Value":40},{"Length":24,"Height":47,"Demand":1,"DemandMax":null,"Value":1128},{"Length":26,"Height":47,"Demand":1,"DemandMax":null,"Value":1222},{"Length":29,"Height":4,"Demand":1,"DemandMax":null,"Value":116},{"Length":26,"Height":37,"Demand":1,"DemandMax":null,"Value":962},{"Length":86,"Height":89,"Demand":1,"DemandMax":null,"Value":7654},{"Length":4,"Height":30,"Demand":1,"DemandMax":null,"Value":120},{"Length":47,"Height":3,"Demand":1,"DemandMax":null,"Value":141},{"Length":10,"Height":84,"Demand":1,"DemandMax":null,"Value":840},{"Length":11,"Height":44,"Demand":2,"DemandMax":null,"Value":484},{"Length":44,"Height":25,"Demand":1,"DemandMax":null,"Value":1100},{"Length":84,"Height":13,"Demand":1,"DemandMax":null,"Value":1092},{"Length":5,"Height":27,"Demand":1,"DemandMax":null,"Value":135},{"Length":47,"Height":10,"Demand":1,"DemandMax":null,"Value":470},{"Length":97,"Height":32,"Demand":1,"DemandMax":null,"Value":3104},{"Length":68,"Height":85,"Demand":1,"DemandMax":null,"Value":5780},{"Length":12,"Height":39,"Demand":1,"DemandMax":null,"Value":468},{"Length":44,"Height":92,"Demand":1,"DemandMax":null,"Value":4048},{"Length":8,"Height":100,"Demand":1,"DemandMax":null,"Value":800},{"Length":31,"Height":13,"Demand":1,"DemandMax":null,"Value":403},{"Length":3,"Height":27,"Demand":1,"DemandMax":null,"Value":81},{"Length":32,"Height":29,"Demand":1,"DemandMax":null,"Value":928},{"Length":37,"Height":75,"Demand":1,"DemandMax":null,"Value":2775},{"Length":12,"Height":99,"Demand":1,"DemandMax":null,"Value":1188},{"Length":82,"Height":28,"Demand":1,"DemandMax":null,"Value":2296},{"Length":19,"Height":21,"Demand":1,"DemandMax":null,"Value":399},{"Length":14,"Height":21,"Demand":1,"DemandMax":null,"Value":294},{"Length":4,"Height":46,"Demand":1,"DemandMax":null,"Value":184},{"Length":7,"Height":94,"Demand":1,"DemandMax":null,"Value":658},{"Length":17,"Height":24,"Demand":1,"DemandMax":null,"Value":408},{"Length":2,"Height":39,"Demand":1,"DemandMax":null,"Value":78},{"Length":8,"Height":5,"Demand":1,"DemandMax":null,"Value":40},{"Length":66,"Height":15,"Demand":1,"DemandMax":null,"Value":990},{"Length":26,"Height":39,"Demand":1,"DemandMax":null,"Value":1014},{"Length":3,"Height":79,"Demand":1,"DemandMax":null,"Value":237},{"Length":23,"Height":25,"Demand":1,"DemandMax":null,"Value":575},{"Length":7,"Height":1,"Demand":1,"DemandMax":null,"Value":7},{"Length":48,"Height":15,"Demand":1,"DemandMax":null,"Value":720},{"Length":14,"Height":11,"Demand":1,"DemandMax":null,"Value":154},{"Length":50,"Height":8,"Demand":1,"DemandMax":null,"Value":400},{"Length":24,"Height":99,"Demand":1,"DemandMax":null,"Value":2376},{"Length":31,"Height":3,"Demand":1,"DemandMax":null,"Value":93},{"Length":91,"Height":15,"Demand":1,"DemandMax":null,"Value":1365},{"Length":89,"Height":51,"Demand":1,"DemandMax":null,"Value":4539},{"Length":4,"Height":8,"Demand":1,"DemandMax":null,"Value":32},{"Length":25,"Height":3,"Demand":1,"DemandMax":null,"Value":75},{"Length":81,"Height":30,"Demand":1,"DemandMax":null,"Value":2430},{"Length":39,"Height":7,"Demand":1,"DemandMax":null,"Value":273},{"Length":45,"Height":29,"Demand":1,"DemandMax":null,"Value":1305},{"Length":32,"Height":14,"Demand":1,"DemandMax":null,"Value":448},{"Length":69,"Height":56,"Demand":1,"DemandMax":null,"Value":3864},{"Length":2,"Height":25,"Demand":1,"DemandMax":null,"Value":50},{"Length":97,"Height":61,"Demand":1,"DemandMax":null,"Value":5917},{"Length":50,"Height":38,"Demand":1,"DemandMax":null,"Value":1900},{"Length":28,"Height":45,"Demand":1,"DemandMax":null,"Value":1260},{"Length":83,"Height":4,"Demand":1,"DemandMax":null,"Value":332},{"Length":11,"Height":6,"Demand":1,"DemandMax":null,"Value":66},{"Length":29,"Height":22,"Demand":1,"DemandMax":null,"Value":638},{"Length":48,"Height":45,"Demand":1,"DemandMax":null,"Value":2160},{"Length":37,"Height":12,"Demand":1,"DemandMax":null,"Value":444},{"Length":21,"Height":19,"Demand":1,"DemandMax":null,"Value":399},{"Length":86,"Height":7,"Demand":1,"DemandMax":null,"Value":602},{"Length":57,"Height":96,"Demand":1,"DemandMax":null,"Value":5472},{"Length":25,"Height":30,"Demand":1,"DemandMax":null,"Value":750},{"Length":82,"Height":27,"Demand":1,"DemandMax":null,"Value":2214},{"Length":72,"Height":80,"Demand":1,"DemandMax":null,"Value":5760},{"Length":77,"Height":10,"Demand":1,"DemandMax":null,"Value":770},{"Length":24,"Height":9,"Demand":1,"DemandMax":null,"Value":216},{"Length":92,"Height":47,"Demand":1,"DemandMax":null,"Value":4324},{"Length":28,"Height":16,"Demand":1,"DemandMax":null,"Value":448},{"Length":87,"Height":86,"Demand":1,"DemandMax":null,"Value":7482},{"Length":90,"Height":50,"Demand":1,"DemandMax":null,"Value":4500},{"Length":14,"Height":28,"Demand":1,"DemandMax":null,"Value":392},{"Length":96,"Height":13,"Demand":1,"DemandMax":null,"Value":1248},{"Length":19,"Height":23,"Demand":1,"DemandMax":null,"Value":437},{"Length":7,"Height":3,"Demand":1,"DemandMax":null,"Value":21},{"Length":2,"Height":21,"Demand":1,"DemandMax":null,"Value":42},{"Length":23,"Height":21,"Demand":1,"DemandMax":null,"Value":483},{"Length":63,"Height":72,"Demand":1,"DemandMax":null,"Value":4536},{"Length":42,"Height":17,"Demand":1,"DemandMax":null,"Value":714},{"Length":2,"Height":26,"Demand":1,"DemandMax":null,"Value":52},{"Length":13,"Height":94,"Demand":1,"DemandMax":null,"Value":1222},{"Length":78,"Height":33,"Demand":1,"DemandMax":null,"Value":2574},{"Length":38,"Height":44,"Demand":1,"DemandMax":null,"Value":1672},{"Length":13,"Height":42,"Demand":1,"DemandMax":null,"Value":546},{"Length":64,"Height":73,"Demand":1,"DemandMax":null,"Value":4672},{"Length":90,"Height":5,"Demand":1,"DemandMax":null,"Value":450},{"Length":95,"Height":81,"Demand":1,"DemandMax":null,"Value":7695}]}