{"Name":"MB_C8_10","Objects":[{"Length":100,"Height":100,"Stock":null,"Cost":10000},{"Length":82,"Height":84,"Stock":null,"Cost":6265},{"Length":65,"Height":88,"Stock":null,"Cost":4864},{"Length":62,"Height":55,"Stock":null,"Cost":2092},{"Length":61,"Height":99,"Stock":null,"Cost":5246}],"Items":[{"Length":39,"Height":25,"Demand":1,"DemandMax":null,"Value":975},{"Length":69,"Height":15,"Demand":1,"DemandMax":null,"Value":1035},{"Length":48,"Height":37,"Demand":1,"DemandMax":null,"Value":1776},{"Length":72,"Height":9,"Demand":1,"DemandMax":null,"Value":648},{"Length":72,"Height":26,"Demand":1,"DemandMax":null,"Value":1872},{"Length":42,"Height":6,"Demand":1,"DemandMax":null,"Value":252},{"Length":82,"Height":44,"Demand":1,"DemandMax":null,"Value":3608},{"Length":67,"Height":7,"Demand":1,"DemandMax":null,"Value":469},{"Length":95,"Height":39,"Demand":1,"DemandMax":null,"Value":3705},{"Length":93,"Height":10,"Demand":1,"DemandMax":null,"Value":930},{"Length":74,"Height":12,"Demand":1,"DemandMax":null,"Value":888},{"Length":69,"Height":16,"Demand":1,"DemandMax":null,"Value":1104},{"Length":91,"Height":13,"Demand":1,"DemandMax":null,"Value":1183},{"Length":100,"Height":24,"Demand":1,"DemandMax":null,"Value":2400},{"Length":13,"Height":42,"Demand":1,"DemandMax":null,"Value":546},{"Length":80,"Height":36,"Demand":1,"DemandMax":null,"Value":2880},{"Length":43,"Height":49,"Demand":1,"DemandMax":null,"Value":2107},{"Length":80,"Height":1,"Demand":1,"DemandMax":null,"Value":80},{"Length":83,"Height":34,"Demand":1,"DemandMax":null,"Value":2822},{"Length":99,"Height":18,"Demand":1,"DemandMax":null,"Value":1782}]}