{"Name":"MB_C3_8","Objects":[{"Length":40,"Height":40,"Stock":null,"Cost":1600},{"Length":22,"Height":26,"Stock":null,"Cost":366},{"Length":37,"Height":24,"Stock":null,"Cost":745},{"Length":27,"Height":34,"Stock":null,"Cost":781},{"Length":26,"Height":38,"Stock":null,"Cost":865}],"Items":[{"Length":15,"Height":30,"Demand":1,"DemandMax":null,"Value":450},{"Length":3,"Height":13,"Demand":1,"DemandMax":null,"Value":39},{"Length":27,"Height":7,"Demand":1,"DemandMax":null,"Value":189},{"Length":12,"Height":29,"Demand":1,"DemandMax":null,"Value":348},{"Length":2,"Height":7,"Demand":1,"DemandMax":null,"Value":14},{"Length":14,"Height":19,"Demand":1,"DemandMax":null,"Value":266},{"Length":12,"Height":13,"Demand":1,"DemandMax":null,"Value":156},{"Length":2,"Height":21,"Demand":1,"DemandMax":null,"Value":42},{"Length":4,"Height":16,"Demand":1,"DemandMax":null,"Value":64},{"Length":14,"Height":17,"Demand":1,"DemandMax":null,"Value":238},{"Length":4,"Height":19,"Demand":1,"DemandMax":null,"Value":76},{"Length":30,"Height":32,"Demand":1,"DemandMax":null,"Value":960},{"Length":17,"Height":5,"Demand":1,"DemandMax":null,"Value":85},{"Length":8,"Height":2,"Demand":1,"DemandMax":null,"Value":16},{"Length":23,"Height":33,"Demand":1,"DemandMax":null,"Value":759},{"Length":23,"Height":12,"Demand":1,"DemandMax":null,"Value":276},{"Length":15,"Height":5,"Demand":1,"DemandMax":null,"Value":75},{"Length":19,"Height":19,"Demand":1,"DemandMax":null,"Value":361},{"Length":31,"Height":4,"Demand":1,"DemandMax":null,"Value":124},{"Length":23,"Height":27,"Demand":1,"DemandMax":null,"Value":621}]}