{"Name":"MB_C5_17","Objects":[{"Length":100,"Height":100,"Stock":null,"Cost":10000},{"Length":83,"Height":84,"Stock":null,"Cost":6366},{"Length":65,"Height":74,"Stock":null,"Cost":3772},{"Length":95,"Height":97,"Stock":null,"Cost":9058},{"Length":69,"Height":79,"Stock":null,"Cost":4541}],"Items":[{"Length":28,"Height":6,"Demand":1,"DemandMax":null,"Value":168},{"Length":53,"Height":59,"Demand":1,"DemandMax":null,"Value":3127},{"Length":100,"Height":31,"Demand":1,"DemandMax":null,"Value":3100},{"Length":92,"Height":8,"Demand":1,"DemandMax":null,"Value":736},{"Length":85,"Height":14,"Demand":1,"DemandMax":null,"Value":1190},{"Length":68,"Height":4,"Demand":1,"DemandMax":null,"Value":272},{"Length":62,"Height":66,"Demand":1,"DemandMax":null,"Value":4092},{"Length":24,"Height":24,"Demand":1,"DemandMax":null,"Value":576},{"Length":42,"Height":33,"Demand":1,"DemandMax":null,"Value":1386},{"Length":38,"Height":81,"Demand":1,"DemandMax":null,"Value":3078},{"Length":68,"Height":90,"Demand":1,"DemandMax":null,"Value":6120},{"Length":21,"Height":17,"Demand":1,"DemandMax":null,"Value":357},{"Length":19,"Height":51,"Demand":1,"DemandMax":null,"Value":969},{"Length":18,"Height":12,"Demand":1,"DemandMax":null,"Value":216},{"Length":7,"Height":58,"Demand":1,"DemandMax":null,"Value":406},{"Length":7,"Height":77,"Demand":1,"DemandMax":null,"Value":539},{"Length":74,"Height":90,"Demand":1,"DemandMax":null,"Value":6660},{"Length":98,"Height":55,"Demand":1,"DemandMax":null,"Value":5390},{"Length":100,"Height":58,"Demand":1,"DemandMax":null,"Value":5800},{"Length":36,"Height":24,"Demand":1,"DemandMax":null,"Value":864},{"Length":95,"Height":7,"Demand":1,"DemandMax":null,"Value":665},{"Length":99,"Height":96,"Demand":1,"DemandMax":null,"Value":9504},{"Length":4,"Height":13,"Demand":1,"DemandMax":null,"Value":52},{"Length":98,"Height":15,"Demand":1,"DemandMax":null,"Value":1470},{"Length":4,"Height":89,"Demand":1,"DemandMax":null,"Value":356},{"Length":77,"Height":59,"Demand":1,"DemandMax":null,"Value":4543},{"Length":7,"Height":79,"Demand":1,"DemandMax":null,"Value":553},{"Length":15,"Height":39,"Demand":1,"DemandMax":null,"Value":585},{"Length":57,"Height":60,"Demand":1,"DemandMax":null,"Value":3420},{"Length":22,"Height":99,"Demand":1,"DemandMax":null,"Value":2178},{"Length":31,"Height":44,"Demand":1,"DemandMax":null,"Value":1364},{"Length":42,"Height":17,"Demand":1,"DemandMax":null,"Value":714},{"Length":42,"Height":74,"Demand":1,"DemandMax":null,"Value":3108},{"Length":54,"Height":4,"Demand":1,"DemandMax":null,"Value":216},{"Length":33,"Height":30,"Demand":1,"DemandMax":null,"Value":990},{"Length":68,"Height":6,"Demand":1,"DemandMax":null,"Value":408},{"Length":82,"Height":21,"Demand":1,"DemandMax":null,"Value":1722},{"Length":30,"Height":98,"Demand":1,"DemandMax":null,"Value":2940},{"Length":100,"Height":93,"Demand":1,"DemandMax":null,"Value":9300},{"Length":16,"Height":94,"Demand":1,"DemandMax":null,"Value":1504}]}