{"Name":"MB_C9_5","Objects":[{"Length":100,"Height":100,"Stock":null,"Cost":10000},{"Length":90,"Height":60,"Stock":null,"Cost":4480},{"Length":86,"Height":81,"Stock":null,"Cost":6359},{"Length":95,"Height":94,"Stock":null,"Cost":8716},{"Length":69,"Height":52,"Stock":null,"Cost":2305}],"Items":[{"Length":98,"Height":96,"Demand":1,"DemandMax":null,"Value":9408},{"Length":78,"Height":8,"Demand":1,"DemandMax":null,"Value":624},{"Length":46,"Height":9,"Demand":1,"DemandMax":null,"Value":414},{"Length":99,"Height":91,"Demand":1,"DemandMax":null,"Value":9009},{"Length":71,"Height":74,"Demand":1,"DemandMax":null,"Value":5254},{"Length":82,"Height":52,"Demand":1,"DemandMax":null,"Value":4264},{"Length":75,"Height":93,"Demand":1,"DemandMax":null,"Value":6975},{"Length":68,"Height":91,"Demand":1,"DemandMax":null,"Value":6188},{"Length":7,"Height":15,"Demand":1,"DemandMax":null,"Value":105},{"Length":58,"Height":58,"Demand":1,"DemandMax":null,"Value":3364},{"Length":66,"Height":90,"Demand":1,"DemandMax":null,"Value":5940},{"Length":66,"Height":4,"Demand":1,"DemandMax":null,"Value":264},{"Length":53,"Height":67,"Demand":1,"DemandMax":null,"Value":3551},{"Length":96,"Height":76,"Demand":1,"DemandMax":null,"Value":7296},{"Length":69,"Height":98,"Demand":1,"DemandMax":null,"Value":6762},{"Length":94,"Height":77,"Demand":1,"DemandMax":null,"Value":7238},{"Length":62,"Height":81,"Demand":1,"DemandMax":null,"Value":5022},{"Length":95,"Height":55,"Demand":1,"DemandMax":null,"Value":5225},{"Length":84,"Height":67,"Demand":1,"DemandMax":null,"Value":5628},{"Length":99,"Height":61,"Demand":1,"DemandMax":null,"Value":6039}]}