{"Name":"MB_C8_33","Objects":[{"Length":100,"Height":100,"Stock":null,"Cost":10000},{"Length":71,"Height":72,"Stock":null,"Cost":4134},{"Length":76,"Height":98,"Stock":null,"Cost":6937},{"Length":58,"Height":86,"Stock":null,"Cost":3985},{"Length":56,"Height":68,"Stock":null,"Cost":2569}],"Items":[{"Length":74,"Height":1,"Demand":1,"DemandMax":null,"Value":74},{"Length":88,"Height":24,"Demand":1,"DemandMax":null,"Value":2112},{"Length":77,"Height":16,"Demand":1,"DemandMax":null,"Value":1232},{"Length":7,"Height":98,"Demand":1,"DemandMax":null,"Value":686},{"Length":81,"Height":9,"Demand":1,"DemandMax":null,"Value":729},{"Length":71,"Height":22,"Demand":1,"DemandMax":null,"Value":1562},{"Length":88,"Height":29,"Demand":1,"DemandMax":null,"Value":2552},{"Length":39,"Height":100,"Demand":1,"DemandMax":null,"Value":3900},{"Length":45,"Height":85,"Demand":1,"DemandMax":null,"Value":3825},{"Length":98,"Height":31,"Demand":1,"DemandMax":null,"Value":3038},{"Length":11,"Height":68,"Demand":1,"DemandMax":null,"Value":748},{"Length":88,"Height":16,"Demand":1,"DemandMax":null,"Value":1408},{"Length":86,"Height":9,"Demand":1,"DemandMax":null,"Value":774},{"Length":46,"Height":67,"Demand":1,"DemandMax":null,"Value":3082},{"Length":66,"Height":41,"Demand":1,"DemandMax":null,"Value":2706},{"Length":87,"Height":92,"Demand":1,"DemandMax":null,"Value":8004},{"Length":83,"Height":1,"Demand":1,"DemandMax":null,"Value":83},{"Length":70,"Height":35,"Demand":1,"DemandMax":null,"Value":2450},{"Length":67,"Height":39,"Demand":1,"DemandMax":null,"Value":2613},{"Length":68,"Height":31,"Demand":1,"DemandMax":null,"Value":2108},{"Length":88,"Height":5,"Demand":1,"DemandMax":null,"Value":440},{"Length":86,"Height":30,"Demand":1,"DemandMax":null,"Value":2580},{"Length":65,"Height":99,"Demand":1,"DemandMax":null,"Value":6435},{"Length":88,"Height":32,"Demand":1,"DemandMax":null,"Value":2816},{"Length":66,"Height":21,"Demand":1,"DemandMax":null,"Value":1386},{"Length":75,"Height":36,"Demand":1,"DemandMax":null,"Value":2700},{"Length":93,"Height":21,"Demand":1,"DemandMax":null,"Value":1953},{"Length":81,"Height":44,"Demand":1,"DemandMax":null,"Value":3564},{"Length":87,"Height":48,"Demand":1,"DemandMax":null,"Value":4176},{"Length":10,"Height":4,"Demand":1,"DemandMax":null,"Value":40},{"Length":76,"Height":53,"Demand":1,"DemandMax":null,"Value":4028},{"Length":83,"Height":17,"Demand":1,"DemandMax":null,"Value":1411},{"Length":24,"Height":37,"Demand":1,"DemandMax":null,"Value":888},{"Length":78,"Height":33,"Demand":1,"DemandMax":null,"Value":2574},{"Length":82,"Height":49,"Demand":1,"DemandMax":null,"Value":4018},{"Length":88,"Height":52,"Demand":1,"DemandMax":null,"Value":4576},{"Length":28,"Height":38,"Demand":1,"DemandMax":null,"Value":1064},{"Length":91,"Height":25,"Demand":1,"DemandMax":null,"Value":2275},{"Length":89,"Height":5,"Demand":1,"DemandMax":null,"Value":445},{"Length":75,"Height":50,"Demand":1,"DemandMax":null,"Value":3750},{"Length":96,"Height":1,"Demand":1,"DemandMax":null,"Value":96},{"Length":78,"Height":27,"Demand":1,"DemandMax":null,"Value":2106},{"Length":6,"Height":82,"Demand":1,"DemandMax":null,"Value":492},{"Length":1,"Height":8,"Demand":1,"DemandMax":null,"Value":8},{"Length":80,"Height":25,"Demand":1,"DemandMax":null,"Value":2000},{"Length":73,"Height":42,"Demand":1,"DemandMax":null,"Value":3066},{"Length":92,"Height":4,"Demand":1,"DemandMax":null,"Value":368},{"Length":100,"Height":29,"Demand":1,"DemandMax":null,"Value":2900},{"Length":72,"Height":10,"Demand":1,"DemandMax":null,"Value":720},{"Length":15,"Height":78,"Demand":1,"DemandMax":null,"Value":1170},{"Length":89,"Height":45,"Demand":1,"DemandMax":null,"Value":4005},{"Length":58,"Height":60,"Demand":1,"DemandMax":null,"Value":3480},{"Length":73,"Height":8,"Demand":1,"DemandMax":null,"Value":584},{"Length":87,"Height":6,"Demand":1,"DemandMax":null,"Value":522},{"Length":93,"Height":48,"Demand":1,"DemandMax":null,"Value":4464},{"Length":87,"Height":4,"Demand":1,"DemandMax":null,"Value":348},{"Length":81,"Height":17,"Demand":1,"DemandMax":null,"Value":1377},{"Length":71,"Height":5,"Demand":1,"DemandMax":null,"Value":355},{"Length":71,"Height":13,"Demand":1,"DemandMax":null,"Value":923},{"Length":75,"Height":10,"Demand":1,"DemandMax":null,"Value":750},{"Length":98,"Height":38,"Demand":1,"DemandMax":null,"Value":3724},{"Length":98,"Height":66,"Demand":1,"DemandMax":null,"Value":6468},{"Length":92,"Height":40,"Demand":1,"DemandMax":null,"Value":3680},{"Length":10,"Height":84,"Demand":1,"DemandMax":null,"Value":840},{"Length":88,"Height":20,"Demand":1,"DemandMax":null,"Value":1760},{"Length":100,"Height":39,"Demand":1,"DemandMax":null,"Value":3900},{"Length":30,"Height":28,"Demand":1,"DemandMax":null,"Value":840},{"Length":77,"Height":5,"Demand":1,"DemandMax":null,"Value":385},{"Length":86,"Height":14,"Demand":1,"DemandMax":null,"Value":1204},{"Length":12,"Height":24,"Demand":1,"DemandMax":null,"Value":288},{"Length":33,"Height":28,"Demand":1,"DemandMax":null,"Value":924},{"Length":90,"Height":46,"Demand":1,"DemandMax":null,"Value":4140},{"Length":92,"Height":20,"Demand":1,"DemandMax":null,"Value":1840},{"Length":86,"Height":69,"Demand":1,"DemandMax":null,"Value":5934},{"Length":98,"Height":40,"Demand":1,"DemandMax":null,"Value":3920},{"Length":76,"Height":48,"Demand":1,"DemandMax":null,"Value":3648},{"Length":72,"Height":37,"Demand":1,"DemandMax":null,"Value":2664},{"Length":22,"Height":28,"Demand":1,"DemandMax":null,"Value":616},{"Length":82,"Height":13,"Demand":1,"DemandMax":null,"Value":1066},{"Length":70,"Height":11,"Demand":1,"DemandMax":null,"Value":770}]}