{"Name":"MB_C7_4","Objects":[{"Length":100,"Height":100,"Stock":null,"Cost":10000},{"Length":91,"Height":64,"Stock":null,"Cost":4988},{"Length":52,"Height":80,"Stock":null,"Cost":2992},{"Length":86,"Height":51,"Stock":null,"Cost":3263},{"Length":59,"Height":79,"Stock":null,"Cost":3593}],"Items":[{"Length":20,"Height":73,"Demand":1,"DemandMax":null,"Value":1460},{"Length":31,"Height":84,"Demand":2,"DemandMax":null,"Value":2604},{"Length":37,"Height":77,"Demand":1,"DemandMax":null,"Value":2849},{"Length":55,"Height":78,"Demand":1,"DemandMax":null,"Value":4290},{"Length":33,"Height":71,"Demand":1,"DemandMax":null,"Value":2343},{"Length":4,"Height":93,"Demand":1,"DemandMax":null,"Value":372},{"Length":13,"Height":76,"Demand":1,"DemandMax":null,"Value":988},{"Length":53,"Height":54,"Demand":1,"DemandMax":null,"Value":2862},{"Length":98,"Height":2,"Demand":1,"DemandMax":null,"Value":196},{"Length":33,"Height":82,"Demand":1,"DemandMax":null,"Value":2706},{"Length":82,"Height":65,"Demand":1,"DemandMax":null,"Value":5330},{"Length":39,"Height":97,"Demand":1,"DemandMax":null,"Value":3783},{"Length":21,"Height":70,"Demand":1,"DemandMax":null,"Value":1470},{"Length":23,"Height":79,"Demand":1,"DemandMax":null,"Value":1817},{"Length":74,"Height":26,"Demand":1,"DemandMax":null,"Value":1924},{"Length":35,"Height":47,"Demand":1,"DemandMax":null,"Value":1645},{"Length":8,"Height":82,"Demand":1,"DemandMax":null,"Value":656},{"Length":75,"Height":76,"Demand":1,"DemandMax":null,"Value":5700},{"Length":55,"Height":99,"Demand":1,"DemandMax":null,"Value":5445}]}