{"Name":"MB_C5_19","Objects":[{"Length":100,"Height":100,"Stock":null,"Cost":10000},{"Length":96,"Height":58,"Stock":null,"Cost":4681},{"Length":68,"Height":52,"Stock":null,"Cost":2243},{"Length":87,"Height":95,"Stock":null,"Cost":7918},{"Length":61,"Height":76,"Stock":null,"Cost":3563}],"Items":[{"Length":10,"Height":44,"Demand":1,"DemandMax":null,"Value":440},{"Length":17,"Height":53,"Demand":1,"DemandMax":null,"Value":901},{"Length":58,"Height":23,"Demand":1,"DemandMax":null,"Value":1334},{"Length":22,"Height":11,"Demand":1,"DemandMax":null,"Value":242},{"Length":31,"Height":5,"Demand":1,"DemandMax":null,"Value":155},{"Length":41,"Height":28,"Demand":1,"DemandMax":null,"Value":1148},{"Length":40,"Height":34,"Demand":1,"DemandMax":null,"Value":1360},{"Length":51,"Height":14,"Demand":1,"DemandMax":null,"Value":714},{"Length":29,"Height":88,"Demand":1,"DemandMax":null,"Value":2552},{"Length":64,"Height":13,"Demand":1,"DemandMax":null,"Value":832},{"Length":77,"Height":78,"Demand":1,"DemandMax":null,"Value":6006},{"Length":24,"Height":4,"Demand":1,"DemandMax":null,"Value":96},{"Length":94,"Height":48,"Demand":1,"DemandMax":null,"Value":4512},{"Length":8,"Height":98,"Demand":1,"DemandMax":null,"Value":784},{"Length":24,"Height":76,"Demand":1,"DemandMax":null,"Value":1824},{"Length":29,"Height":39,"Demand":1,"DemandMax":null,"Value":1131},{"Length":46,"Height":74,"Demand":1,"DemandMax":null,"Value":3404},{"Length":30,"Height":4,"Demand":1,"DemandMax":null,"Value":120},{"Length":70,"Height":85,"Demand":1,"DemandMax":null,"Value":5950},{"Length":89,"Height":6,"Demand":1,"DemandMax":null,"Value":534},{"Length":42,"Height":88,"Demand":1,"DemandMax":null,"Value":3696},{"Length":18,"Height":88,"Demand":1,"DemandMax":null,"Value":1584},{"Length":38,"Height":93,"Demand":1,"DemandMax":null,"Value":3534},{"Length":60,"Height":27,"Demand":1,"DemandMax":null,"Value":1620},{"Length":70,"Height":46,"Demand":1,"DemandMax":null,"Value":3220},{"Length":93,"Height":37,"Demand":1,"DemandMax":null,"Value":3441},{"Length":83,"Height":23,"Demand":1,"DemandMax":null,"Value":1909},{"Length":29,"Height":60,"Demand":1,"DemandMax":null,"Value":1740},{"Length":54,"Height":36,"Demand":1,"DemandMax":null,"Value":1944},{"Length":12,"Height":74,"Demand":1,"DemandMax":null,"Value":888},{"Length":94,"Height":29,"Demand":1,"DemandMax":null,"Value":2726},{"Length":20,"Height":91,"Demand":1,"DemandMax":null,"Value":1820},{"Length":48,"Height":81,"Demand":1,"DemandMax":null,"Value":3888},{"Length":64,"Height":55,"Demand":1,"DemandMax":null,"Value":3520},{"Length":93,"Height":2,"Demand":1,"DemandMax":null,"Value":186},{"Length":89,"Height":44,"Demand":1,"DemandMax":null,"Value":3916},{"Length":41,"Height":36,"Demand":1,"DemandMax":null,"Value":1476},{"Length":71,"Height":69,"Demand":1,"DemandMax":null,"Value":4899},{"Length":36,"Height":62,"Demand":1,"DemandMax":null,"Value":2232},{"Length":23,"Height":74,"Demand":1,"DemandMax":null,"Value":1702}]}