{"Name":"MB_C2_49","Objects":[{"Length":30,"Height":30,"Stock":null,"Cost":900},{"Length":25,"Height":21,"Stock":null,"Cost":450},{"Length":16,"Height":21,"Stock":null,"Cost":223},{"Length":27,"Height":27,"Stock":null,"Cost":694},{"Length":19,"Height":15,"Stock":null,"Cost":162}],"Items":[{"Length":6,"Height":5,"Demand":2,"DemandMax":null,"Value":30},{"Length":1,"Height":3,"Demand":1,"DemandMax":null,"Value":3},{"Length":8,"Height":2,"Demand":2,"DemandMax":null,"Value":16},{"Length":9,"Height":2,"Demand":3,"DemandMax":null,"Value":18},{"Length":1,"Height":5,"Demand":1,"DemandMax":null,"Value":5},{"Length":2,"Height":6,"Demand":3,"DemandMax":null,"Value":12},{"Length":3,"Height":5,"Demand":2,"DemandMax":null,"Value":15},{"Length":2,"Height":3,"Demand":2,"DemandMax":null,"Value":6},{"Length":6,"Height":6,"Demand":2,"DemandMax":null,"Value":36},{"Length":8,"Height":3,"Demand":1,"DemandMax":null,"Value":24},{"Length":3,"Height":7,"Demand":3,"DemandMax":null,"Value":21},{"Length":1,"Height":2,"Demand":1,"DemandMax":null,"Value":2},{"Length":5,"Height":6,"Demand":1,"DemandMax":null,"Value":30},{"Length":6,"Height":3,"Demand":2,"DemandMax":null,"Value":18},{"Length":9,"Height":7,"Demand":1,"DemandMax":null,"Value":63},{"Length":8,"Height":1,"Demand":3,"DemandMax":null,"Value":8},{"Length":3,"Height":9,"Demand":1,"DemandMax":null,"Value":27},{"Length":5,"Height":2,"Demand":3,"DemandMax":null,"Value":10},{"Length":1,"Height":1,"Demand":1,"DemandMax":null,"Value":1},{"Length":5,"Height":7,"Demand":1,"DemandMax":null,"Value":35},{"Length":7,"Height":9,"Demand":1,"DemandMax":null,"Value":63},{"Length":10,"Height":9,"Demand":2,"DemandMax":null,"Value":90},{"Length":9,"Height":8,"Demand":1,"DemandMax":null,"Value":72},{"Length":4,"Height":3,"Demand":1,"DemandMax":null,"Value":12},{"Length":4,"Height":6,"Demand":2,"DemandMax":null,"Value":24},{"Length":3,"Height":2,"Demand":1,"DemandMax":null,"Value":6},{"Length":6,"Height":9,"Demand":2,"DemandMax":null,"Value":54},{"Length":10,"Height":8,"Demand":1,"DemandMax":null,"Value":80},{"Length":6,"Height":7,"Demand":2,"DemandMax":null,"Value":42},{"Length":5,"Height":10,"Demand":3,"DemandMax":null,"Value":50},{"Length":2,"Height":10,"Demand":1,"DemandMax":null,"Value":20},{"Length":2,"Height":2,"Demand":2,"DemandMax":null,"Value":4},{"Length":10,"Height":10,"Demand":2,"DemandMax":null,"Value":100},{"Length":3,"Height":4,"Demand":2,"DemandMax":null,"Value":12},{"Length":7,"Height":4,"Demand":1,"DemandMax":null,"Value":28},{"Length":8,"Height":5,"Demand":2,"DemandMax":null,"Value":40},{"Length":4,"Height":10,"Demand":1,"DemandMax":null,"Value":40},{"Length":8,"Height":10,"Demand":1,"DemandMax":null,"Value":80},{"Length":10,"Height":1,"Demand":1,"DemandMax":null,"Value":10},{"Length":5,"Height":4,"Demand":3,"DemandMax":null,"Value":20},{"Length":2,"Height":5,"Demand":1,"DemandMax":null,"Value":10},{"Length":7,"Height":10,"Demand":1,"DemandMax":null,"Value":70},{"Length":5,"Height":1,"Demand":2,"DemandMax":null,"Value":5},{"Length":10,"Height":7,"Demand":1,"DemandMax":null,"Value":70},{"Length":6,"Height":4,"Demand":2,"DemandMax":null,"Value":24},{"Length":7,"Height":2,"Demand":2,"DemandMax":null,"Value":14},{"Length":5,"Height":9,"Demand":1,"DemandMax":null,"Value":45},{"Length":9,"Height":6,"Demand":1,"DemandMax":null,"Value":54},{"Length":10,"Height":5,"Demand":2,"DemandMax":null,"Value":50},{"Length":1,"Height":6,"Demand":1,"DemandMax":null,"Value":6},{"Length":2,"Height":4,"Demand":1,"DemandMax":null,"Value":8},{"Length":4,"Height":1,"Demand":1,"DemandMax":null,"Value":4},{"Length":9,"Height":10,"Demand":2,"DemandMax":null,"Value":90},{"Length":10,"Height":6,"Demand":1,"DemandMax":null,"Value":60},{"Length":6,"Height":1,"Demand":1,"DemandMax":null,"Value":6},{"Length":2,"Height":9,"Demand":1,"DemandMax":null,"Value":18},{"Length":4,"Height":8,"Demand":1,"DemandMax":null,"Value":32},{"Length":7,"Height":1,"Demand":1,"DemandMax":null,"Value":7},{"Length":3,"Height":10,"Demand":1,"DemandMax":null,"Value":30},{"Length":3,"Height":8,"Demand":1,"DemandMax":null,"Value":24},{"Length":5,"Height":8,"Demand":1,"DemandMax":null,"Value":40},{"Length":2,"Height":8,"Demand":1,"DemandMax":null,"Value":16},{"Length":5,"Height":3,"Demand":1,"DemandMax":null,"Value":15},{"Length":2,"Height":1,"Demand":1,"DemandMax":null,"Value":2},{"Length":3,"Height":6,"Demand":1,"DemandMax":null,"Value":18},{"Length":9,"Height":9,"Demand":1,"DemandMax":null,"Value":81},{"Length":6,"Height":2,"Demand":1,"DemandMax":null,"Value":12}]}