{"Name":"MB_C7_19","Objects":[{"Length":100,"Height":100,"Stock":null,"Cost":10000},{"Length":51,"Height":81,"Stock":null,"Cost":2957},{"Length":76,"Height":77,"Stock":null,"Cost":5022},{"Length":88,"Height":89,"Stock":null,"Cost":7398},{"Length":87,"Height":63,"Stock":null,"Cost":4577}],"Items":[{"Length":22,"Height":71,"Demand":1,"DemandMax":null,"Value":1562},{"Length":29,"Height":74,"Demand":1,"DemandMax":null,"Value":2146},{"Length":6,"Height":76,"Demand":1,"DemandMax":null,"Value":456},{"Length":21,"Height":75,"Demand":1,"DemandMax":null,"Value":1575},{"Length":17,"Height":83,"Demand":1,"DemandMax":null,"Value":1411},{"Length":15,"Height":96,"Demand":1,"DemandMax":null,"Value":1440},{"Length":7,"Height":92,"Demand":1,"DemandMax":null,"Value":644},{"Length":74,"Height":2,"Demand":1,"DemandMax":null,"Value":148},{"Length":24,"Height":4,"Demand":1,"DemandMax":null,"Value":96},{"Length":12,"Height":38,"Demand":1,"DemandMax":null,"Value":456},{"Length":20,"Height":81,"Demand":1,"DemandMax":null,"Value":1620},{"Length":76,"Height":2,"Demand":1,"DemandMax":null,"Value":152},{"Length":43,"Height":97,"Demand":1,"DemandMax":null,"Value":4171},{"Length":21,"Height":96,"Demand":1,"DemandMax":null,"Value":2016},{"Length":44,"Height":79,"Demand":1,"DemandMax":null,"Value":3476},{"Length":30,"Height":14,"Demand":1,"DemandMax":null,"Value":420},{"Length":23,"Height":98,"Demand":1,"DemandMax":null,"Value":2254},{"Length":42,"Height":73,"Demand":1,"DemandMax":null,"Value":3066},{"Length":30,"Height":84,"Demand":1,"DemandMax":null,"Value":2520},{"Length":6,"Height":91,"Demand":1,"DemandMax":null,"Value":546},{"Length":15,"Height":10,"Demand":1,"DemandMax":null,"Value":150},{"Length":24,"Height":41,"Demand":1,"DemandMax":null,"Value":984},{"Length":28,"Height":98,"Demand":1,"DemandMax":null,"Value":2744},{"Length":45,"Height":81,"Demand":1,"DemandMax":null,"Value":3645},{"Length":18,"Height":90,"Demand":1,"DemandMax":null,"Value":1620},{"Length":18,"Height":87,"Demand":1,"DemandMax":null,"Value":1566},{"Length":37,"Height":85,"Demand":1,"DemandMax":null,"Value":3145},{"Length":44,"Height":19,"Demand":1,"DemandMax":null,"Value":836},{"Length":34,"Height":81,"Demand":1,"DemandMax":null,"Value":2754},{"Length":24,"Height":89,"Demand":1,"DemandMax":null,"Value":2136},{"Length":8,"Height":80,"Demand":1,"DemandMax":null,"Value":640},{"Length":6,"Height":84,"Demand":1,"DemandMax":null,"Value":504},{"Length":10,"Height":80,"Demand":1,"DemandMax":null,"Value":800},{"Length":41,"Height":48,"Demand":1,"DemandMax":null,"Value":1968},{"Length":41,"Height":83,"Demand":1,"DemandMax":null,"Value":3403},{"Length":29,"Height":98,"Demand":1,"DemandMax":null,"Value":2842},{"Length":49,"Height":87,"Demand":1,"DemandMax":null,"Value":4263},{"Length":20,"Height":82,"Demand":1,"DemandMax":null,"Value":1640},{"Length":35,"Height":94,"Demand":1,"DemandMax":null,"Value":3290},{"Length":14,"Height":28,"Demand":1,"DemandMax":null,"Value":392}]}