{"Name":"MB_C10_39","Objects":[{"Length":100,"Height":100,"Stock":null,"Cost":10000},{"Length":65,"Height":91,"Stock":null,"Cost":5098},{"Length":68,"Height":57,"Stock":null,"Cost":2651},{"Length":60,"Height":75,"Stock":null,"Cost":3400},{"Length":58,"Height":95,"Stock":null,"Cost":4612}],"Items":[{"Length":41,"Height":27,"Demand":1,"DemandMax":null,"Value":1107},{"Length":48,"Height":15,"Demand":2,"DemandMax":null,"Value":720},{"Length":54,"Height":59,"Demand":1,"DemandMax":null,"Value":3186},{"Length":7,"Height":31,"Demand":1,"DemandMax":null,"Value":217},{"Length":22,"Height":21,"Demand":1,"DemandMax":null,"Value":462},{"Length":44,"Height":49,"Demand":1,"DemandMax":null,"Value":2156},{"Length":41,"Height":10,"Demand":1,"DemandMax":null,"Value":410},{"Length":8,"Height":21,"Demand":1,"DemandMax":null,"Value":168},{"Length":14,"Height":26,"Demand":1,"DemandMax":null,"Value":364},{"Length":1,"Height":45,"Demand":1,"DemandMax":null,"Value":45},{"Length":39,"Height":80,"Demand":1,"DemandMax":null,"Value":3120},{"Length":22,"Height":22,"Demand":1,"DemandMax":null,"Value":484},{"Length":17,"Height":43,"Demand":1,"DemandMax":null,"Value":731},{"Length":69,"Height":52,"Demand":1,"DemandMax":null,"Value":3588},{"Length":49,"Height":44,"Demand":1,"DemandMax":null,"Value":2156},{"Length":46,"Height":36,"Demand":1,"DemandMax":null,"Value":1656},{"Length":33,"Height":22,"Demand":1,"DemandMax":null,"Value":726},{"Length":1,"Height":22,"Demand":1,"DemandMax":null,"Value":22},{"Length":20,"Height":28,"Demand":1,"DemandMax":null,"Value":560},{"Length":33,"Height":11,"Demand":1,"DemandMax":null,"Value":363},{"Length":10,"Height":13,"Demand":1,"DemandMax":null,"Value":130},{"Length":43,"Height":3,"Demand":1,"DemandMax":null,"Value":129},{"Length":3,"Height":25,"Demand":1,"DemandMax":null,"Value":75},{"Length":31,"Height":48,"Demand":1,"DemandMax":null,"Value":1488},{"Length":47,"Height":45,"Demand":1,"DemandMax":null,"Value":2115},{"Length":47,"Height":33,"Demand":1,"DemandMax":null,"Value":1551},{"Length":41,"Height":46,"Demand":1,"DemandMax":null,"Value":1886},{"Length":49,"Height":29,"Demand":1,"DemandMax":null,"Value":1421},{"Length":13,"Height":49,"Demand":1,"DemandMax":null,"Value":637},{"Length":67,"Height":2,"Demand":1,"DemandMax":null,"Value":134},{"Length":74,"Height":6,"Demand":1,"DemandMax":null,"Value":444},{"Length":60,"Height":53,"Demand":1,"DemandMax":null,"Value":3180},{"Length":40,"Height":15,"Demand":1,"DemandMax":null,"Value":600},{"Length":21,"Height":89,"Demand":1,"DemandMax":null,"Value":1869},{"Length":46,"Height":28,"Demand":1,"DemandMax":null,"Value":1288},{"Length":34,"Height":41,"Demand":1,"DemandMax":null,"Value":1394},{"Length":30,"Height":43,"Demand":1,"DemandMax":null,"Value":1290},{"Length":100,"Height":27,"Demand":1,"DemandMax":null,"Value":2700},{"Length":41,"Height":11,"Demand":1,"DemandMax":null,"Value":451},{"Length":20,"Height":40,"Demand":1,"DemandMax":null,"Value":800},{"Length":30,"Height":32,"Demand":1,"DemandMax":null,"Value":960},{"Length":42,"Height":31,"Demand":1,"DemandMax":null,"Value":1302},{"Length":48,"Height":69,"Demand":1,"DemandMax":null,"Value":3312},{"Length":77,"Height":50,"Demand":1,"DemandMax":null,"Value":3850},{"Length":93,"Height":83,"Demand":1,"DemandMax":null,"Value":7719},{"Length":96,"Height":48,"Demand":1,"DemandMax":null,"Value":4608},{"Length":16,"Height":13,"Demand":1,"DemandMax":null,"Value":208},{"Length":25,"Height":23,"Demand":1,"DemandMax":null,"Value":575},{"Length":17,"Height":46,"Demand":1,"DemandMax":null,"Value":782},{"Length":9,"Height":83,"Demand":1,"DemandMax":null,"Value":747},{"Length":97,"Height":31,"Demand":1,"DemandMax":null,"Value":3007},{"Length":46,"Height":6,"Demand":1,"DemandMax":null,"Value":276},{"Length":3,"Height":20,"Demand":1,"DemandMax":null,"Value":60},{"Length":90,"Height":15,"Demand":1,"DemandMax":null,"Value":1350},{"Length":37,"Height":73,"Demand":1,"DemandMax":null,"Value":2701},{"Length":28,"Height":66,"Demand":1,"DemandMax":null,"Value":1848},{"Length":50,"Height":6,"Demand":1,"DemandMax":null,"Value":300},{"Length":23,"Height":16,"Demand":1,"DemandMax":null,"Value":368},{"Length":94,"Height":3,"Demand":1,"DemandMax":null,"Value":282},{"Length":21,"Height":9,"Demand":1,"DemandMax":null,"Value":189},{"Length":9,"Height":3,"Demand":1,"DemandMax":null,"Value":27},{"Length":22,"Height":86,"Demand":1,"DemandMax":null,"Value":1892},{"Length":5,"Height":6,"Demand":1,"DemandMax":null,"Value":30},{"Length":84,"Height":28,"Demand":1,"DemandMax":null,"Value":2352},{"Length":79,"Height":62,"Demand":1,"DemandMax":null,"Value":4898},{"Length":34,"Height":4,"Demand":1,"DemandMax":null,"Value":136},{"Length":32,"Height":80,"Demand":1,"DemandMax":null,"Value":2560},{"Length":44,"Height":71,"Demand":1,"DemandMax":null,"Value":3124},{"Length":12,"Height":33,"Demand":1,"DemandMax":null,"Value":396},{"Length":6,"Height":40,"Demand":1,"DemandMax":null,"Value":240},{"Length":20,"Height":48,"Demand":1,"DemandMax":null,"Value":960},{"Length":81,"Height":50,"Demand":1,"DemandMax":null,"Value":4050},{"Length":6,"Height":16,"Demand":1,"DemandMax":null,"Value":96},{"Length":41,"Height":92,"Demand":1,"DemandMax":null,"Value":3772},{"Length":20,"Height":37,"Demand":1,"DemandMax":null,"Value":740},{"Length":13,"Height":4,"Demand":1,"DemandMax":null,"Value":52},{"Length":74,"Height":10,"Demand":1,"DemandMax":null,"Value":740},{"Length":37,"Height":48,"Demand":1,"DemandMax":null,"Value":1776},{"Length":81,"Height":86,"Demand":1,"DemandMax":null,"Value":6966}]}