{"Name":"MB_C8_47","Objects":[{"Length":100,"Height":100,"Stock":null,"Cost":10000},{"Length":88,"Height":65,"Stock":null,"Cost":4864},{"Length":98,"Height":69,"Stock":null,"Cost":6114},{"Length":52,"Height":75,"Stock":null,"Cost":2680},{"Length":76,"Height":67,"Stock":null,"Cost":4110}],"Items":[{"Length":82,"Height":21,"Demand":1,"DemandMax":null,"Value":1722},{"Length":67,"Height":4,"Demand":1,"DemandMax":null,"Value":268},{"Length":75,"Height":62,"Demand":1,"DemandMax":null,"Value":4650},{"Length":12,"Height":41,"Demand":1,"DemandMax":null,"Value":492},{"Length":5,"Height":70,"Demand":1,"DemandMax":null,"Value":350},{"Length":24,"Height":69,"Demand":1,"DemandMax":null,"Value":1656},{"Length":74,"Height":5,"Demand":1,"DemandMax":null,"Value":370},{"Length":93,"Height":48,"Demand":1,"DemandMax":null,"Value":4464},{"Length":99,"Height":5,"Demand":1,"DemandMax":null,"Value":495},{"Length":8,"Height":19,"Demand":1,"DemandMax":null,"Value":152},{"Length":12,"Height":9,"Demand":1,"DemandMax":null,"Value":108},{"Length":85,"Height":18,"Demand":1,"DemandMax":null,"Value":1530},{"Length":67,"Height":15,"Demand":1,"DemandMax":null,"Value":1005},{"Length":3,"Height":96,"Demand":1,"DemandMax":null,"Value":288},{"Length":22,"Height":24,"Demand":1,"DemandMax":null,"Value":528},{"Length":30,"Height":49,"Demand":1,"DemandMax":null,"Value":1470},{"Length":79,"Height":36,"Demand":1,"DemandMax":null,"Value":2844},{"Length":72,"Height":31,"Demand":1,"DemandMax":null,"Value":2232},{"Length":44,"Height":66,"Demand":1,"DemandMax":null,"Value":2904},{"Length":95,"Height":41,"Demand":1,"DemandMax":null,"Value":3895},{"Length":98,"Height":20,"Demand":1,"DemandMax":null,"Value":1960},{"Length":28,"Height":86,"Demand":1,"DemandMax":null,"Value":2408},{"Length":85,"Height":40,"Demand":1,"DemandMax":null,"Value":3400},{"Length":77,"Height":46,"Demand":1,"DemandMax":null,"Value":3542},{"Length":91,"Height":14,"Demand":1,"DemandMax":null,"Value":1274},{"Length":57,"Height":90,"Demand":1,"DemandMax":null,"Value":5130},{"Length":82,"Height":41,"Demand":1,"DemandMax":null,"Value":3362},{"Length":2,"Height":73,"Demand":1,"DemandMax":null,"Value":146},{"Length":38,"Height":80,"Demand":1,"DemandMax":null,"Value":3040},{"Length":50,"Height":12,"Demand":1,"DemandMax":null,"Value":600},{"Length":31,"Height":67,"Demand":1,"DemandMax":null,"Value":2077},{"Length":100,"Height":39,"Demand":1,"DemandMax":null,"Value":3900},{"Length":1,"Height":92,"Demand":1,"DemandMax":null,"Value":92},{"Length":67,"Height":45,"Demand":1,"DemandMax":null,"Value":3015},{"Length":100,"Height":27,"Demand":1,"DemandMax":null,"Value":2700},{"Length":72,"Height":29,"Demand":1,"DemandMax":null,"Value":2088},{"Length":83,"Height":19,"Demand":1,"DemandMax":null,"Value":1577},{"Length":78,"Height":40,"Demand":1,"DemandMax":null,"Value":3120},{"Length":86,"Height":13,"Demand":1,"DemandMax":null,"Value":1118},{"Length":86,"Height":30,"Demand":1,"DemandMax":null,"Value":2580},{"Length":74,"Height":10,"Demand":1,"DemandMax":null,"Value":740},{"Length":97,"Height":47,"Demand":1,"DemandMax":null,"Value":4559},{"Length":22,"Height":72,"Demand":1,"DemandMax":null,"Value":1584},{"Length":74,"Height":43,"Demand":1,"DemandMax":null,"Value":3182},{"Length":72,"Height":13,"Demand":1,"DemandMax":null,"Value":936},{"Length":88,"Height":16,"Demand":1,"DemandMax":null,"Value":1408},{"Length":76,"Height":68,"Demand":1,"DemandMax":null,"Value":5168},{"Length":70,"Height":17,"Demand":1,"DemandMax":null,"Value":1190},{"Length":79,"Height":28,"Demand":1,"DemandMax":null,"Value":2212},{"Length":89,"Height":46,"Demand":1,"DemandMax":null,"Value":4094},{"Length":91,"Height":90,"Demand":1,"DemandMax":null,"Value":8190},{"Length":74,"Height":3,"Demand":1,"DemandMax":null,"Value":222},{"Length":94,"Height":4,"Demand":1,"DemandMax":null,"Value":376},{"Length":97,"Height":38,"Demand":1,"DemandMax":null,"Value":3686},{"Length":78,"Height":22,"Demand":1,"DemandMax":null,"Value":1716},{"Length":86,"Height":1,"Demand":1,"DemandMax":null,"Value":86},{"Length":74,"Height":92,"Demand":1,"DemandMax":null,"Value":6808},{"Length":68,"Height":91,"Demand":1,"DemandMax":null,"Value":6188},{"Length":70,"Height":16,"Demand":1,"DemandMax":null,"Value":1120},{"Length":10,"Height":72,"Demand":1,"DemandMax":null,"Value":720},{"Length":78,"Height":42,"Demand":1,"DemandMax":null,"Value":3276},{"Length":53,"Height":56,"Demand":1,"DemandMax":null,"Value":2968},{"Length":71,"Height":22,"Demand":2,"DemandMax":null,"Value":1562},{"Length":100,"Height":31,"Demand":1,"DemandMax":null,"Value":3100},{"Length":83,"Height":4,"Demand":1,"DemandMax":null,"Value":332},{"Length":50,"Height":33,"Demand":1,"DemandMax":null,"Value":1650},{"Length":79,"Height":39,"Demand":1,"DemandMax":null,"Value":3081},{"Length":67,"Height":14,"Demand":1,"DemandMax":null,"Value":938},{"Length":95,"Height":27,"Demand":1,"DemandMax":null,"Value":2565},{"Length":96,"Height":18,"Demand":2,"DemandMax":null,"Value":1728},{"Length":17,"Height":8,"Demand":1,"DemandMax":null,"Value":136},{"Length":81,"Height":12,"Demand":1,"DemandMax":null,"Value":972},{"Length":29,"Height":81,"Demand":1,"DemandMax":null,"Value":2349},{"Length":29,"Height":71,"Demand":1,"DemandMax":null,"Value":2059},{"Length":95,"Height":14,"Demand":1,"DemandMax":null,"Value":1330},{"Length":75,"Height":8,"Demand":1,"DemandMax":null,"Value":600},{"Length":60,"Height":84,"Demand":1,"DemandMax":null,"Value":5040},{"Length":84,"Height":11,"Demand":1,"DemandMax":null,"Value":924},{"Length":87,"Height":32,"Demand":1,"DemandMax":null,"Value":2784},{"Length":77,"Height":16,"Demand":1,"DemandMax":null,"Value":1232},{"Length":4,"Height":8,"Demand":1,"DemandMax":null,"Value":32},{"Length":90,"Height":25,"Demand":1,"DemandMax":null,"Value":2250},{"Length":79,"Height":60,"Demand":1,"DemandMax":null,"Value":4740},{"Length":87,"Height":36,"Demand":2,"DemandMax":null,"Value":3132},{"Length":71,"Height":43,"Demand":1,"DemandMax":null,"Value":3053},{"Length":69,"Height":50,"Demand":1,"DemandMax":null,"Value":3450},{"Length":94,"Height":2,"Demand":1,"DemandMax":null,"Value":188},{"Length":71,"Height":17,"Demand":1,"DemandMax":null,"Value":1207},{"Length":75,"Height":89,"Demand":1,"DemandMax":null,"Value":6675},{"Length":92,"Height":37,"Demand":1,"DemandMax":null,"Value":3404},{"Length":13,"Height":5,"Demand":1,"DemandMax":null,"Value":65},{"Length":96,"Height":60,"Demand":1,"DemandMax":null,"Value":5760},{"Length":68,"Height":48,"Demand":1,"DemandMax":null,"Value":3264},{"Length":48,"Height":19,"Demand":1,"DemandMax":null,"Value":912},{"Length":97,"Height":15,"Demand":1,"DemandMax":null,"Value":1455},{"Length":91,"Height":47,"Demand":1,"DemandMax":null,"Value":4277},{"Length":43,"Height":97,"Demand":1,"DemandMax":null,"Value":4171}]}