{"Name":"MB_C7_28","Objects":[{"Length":100,"Height":100,"Stock":null,"Cost":10000},{"Length":98,"Height":51,"Stock":null,"Cost":3997},{"Length":90,"Height":65,"Stock":null,"Cost":5020},{"Length":90,"Height":81,"Stock":null,"Cost":6748},{"Length":88,"Height":84,"Stock":null,"Cost":6870}],"Items":[{"Length":14,"Height":45,"Demand":1,"DemandMax":null,"Value":630},{"Length":81,"Height":33,"Demand":1,"DemandMax":null,"Value":2673},{"Length":100,"Height":21,"Demand":1,"DemandMax":null,"Value":2100},{"Length":16,"Height":4,"Demand":1,"DemandMax":null,"Value":64},{"Length":13,"Height":100,"Demand":1,"DemandMax":null,"Value":1300},{"Length":74,"Height":3,"Demand":1,"DemandMax":null,"Value":222},{"Length":5,"Height":87,"Demand":1,"DemandMax":null,"Value":435},{"Length":12,"Height":86,"Demand":1,"DemandMax":null,"Value":1032},{"Length":25,"Height":77,"Demand":1,"DemandMax":null,"Value":1925},{"Length":14,"Height":90,"Demand":1,"DemandMax":null,"Value":1260},{"Length":22,"Height":68,"Demand":1,"DemandMax":null,"Value":1496},{"Length":19,"Height":78,"Demand":1,"DemandMax":null,"Value":1482},{"Length":99,"Height":45,"Demand":1,"DemandMax":null,"Value":4455},{"Length":27,"Height":85,"Demand":1,"DemandMax":null,"Value":2295},{"Length":1,"Height":38,"Demand":1,"DemandMax":null,"Value":38},{"Length":38,"Height":77,"Demand":1,"DemandMax":null,"Value":2926},{"Length":32,"Height":89,"Demand":1,"DemandMax":null,"Value":2848},{"Length":2,"Height":89,"Demand":1,"DemandMax":null,"Value":178},{"Length":42,"Height":89,"Demand":1,"DemandMax":null,"Value":3738},{"Length":19,"Height":28,"Demand":1,"DemandMax":null,"Value":532},{"Length":78,"Height":85,"Demand":1,"DemandMax":null,"Value":6630},{"Length":39,"Height":100,"Demand":1,"DemandMax":null,"Value":3900},{"Length":44,"Height":94,"Demand":1,"DemandMax":null,"Value":4136},{"Length":12,"Height":66,"Demand":1,"DemandMax":null,"Value":792},{"Length":91,"Height":49,"Demand":1,"DemandMax":null,"Value":4459},{"Length":37,"Height":85,"Demand":1,"DemandMax":null,"Value":3145},{"Length":8,"Height":72,"Demand":1,"DemandMax":null,"Value":576},{"Length":16,"Height":90,"Demand":1,"DemandMax":null,"Value":1440},{"Length":55,"Height":73,"Demand":1,"DemandMax":null,"Value":4015},{"Length":97,"Height":69,"Demand":1,"DemandMax":null,"Value":6693},{"Length":33,"Height":93,"Demand":1,"DemandMax":null,"Value":3069},{"Length":81,"Height":81,"Demand":1,"DemandMax":null,"Value":6561},{"Length":38,"Height":72,"Demand":1,"DemandMax":null,"Value":2736},{"Length":19,"Height":80,"Demand":1,"DemandMax":null,"Value":1520},{"Length":20,"Height":88,"Demand":1,"DemandMax":null,"Value":1760},{"Length":9,"Height":92,"Demand":1,"DemandMax":null,"Value":828},{"Length":80,"Height":57,"Demand":1,"DemandMax":null,"Value":4560},{"Length":3,"Height":89,"Demand":1,"DemandMax":null,"Value":267},{"Length":78,"Height":37,"Demand":1,"DemandMax":null,"Value":2886},{"Length":49,"Height":71,"Demand":1,"DemandMax":null,"Value":3479},{"Length":35,"Height":78,"Demand":2,"DemandMax":null,"Value":2730},{"Length":48,"Height":72,"Demand":1,"DemandMax":null,"Value":3456},{"Length":29,"Height":67,"Demand":1,"DemandMax":null,"Value":1943},{"Length":49,"Height":39,"Demand":1,"DemandMax":null,"Value":1911},{"Length":66,"Height":39,"Demand":1,"DemandMax":null,"Value":2574},{"Length":53,"Height":97,"Demand":1,"DemandMax":null,"Value":5141},{"Length":51,"Height":79,"Demand":1,"DemandMax":null,"Value":4029},{"Length":12,"Height":87,"Demand":1,"DemandMax":null,"Value":1044},{"Length":29,"Height":23,"Demand":1,"DemandMax":null,"Value":667},{"Length":23,"Height":97,"Demand":1,"DemandMax":null,"Value":2231},{"Length":36,"Height":91,"Demand":1,"DemandMax":null,"Value":3276},{"Length":19,"Height":77,"Demand":1,"DemandMax":null,"Value":1463},{"Length":3,"Height":69,"Demand":1,"DemandMax":null,"Value":207},{"Length":80,"Height":68,"Demand":1,"DemandMax":null,"Value":5440},{"Length":22,"Height":67,"Demand":1,"DemandMax":null,"Value":1474},{"Length":20,"Height":82,"Demand":1,"DemandMax":null,"Value":1640},{"Length":44,"Height":84,"Demand":1,"DemandMax":null,"Value":3696},{"Length":92,"Height":31,"Demand":1,"DemandMax":null,"Value":2852},{"Length":20,"Height":86,"Demand":1,"DemandMax":null,"Value":1720}]}