{"Name":"MB_C4_16","Objects":[{"Length":100,"Height":100,"Stock":null,"Cost":10000},{"Length":86,"Height":61,"Stock":null,"Cost":4295},{"Length":85,"Height":97,"Stock":null,"Cost":7894},{"Length":86,"Height":63,"Stock":null,"Cost":4501},{"Length":85,"Height":62,"Stock":null,"Cost":4323}],"Items":[{"Length":20,"Height":9,"Demand":1,"DemandMax":null,"Value":180},{"Length":1,"Height":23,"Demand":1,"DemandMax":null,"Value":23},{"Length":23,"Height":17,"Demand":1,"DemandMax":null,"Value":391},{"Length":12,"Height":12,"Demand":1,"DemandMax":null,"Value":144},{"Length":11,"Height":3,"Demand":1,"DemandMax":null,"Value":33},{"Length":5,"Height":33,"Demand":1,"DemandMax":null,"Value":165},{"Length":24,"Height":16,"Demand":1,"DemandMax":null,"Value":384},{"Length":6,"Height":20,"Demand":1,"DemandMax":null,"Value":120},{"Length":6,"Height":15,"Demand":1,"DemandMax":null,"Value":90},{"Length":20,"Height":23,"Demand":1,"DemandMax":null,"Value":460},{"Length":21,"Height":4,"Demand":1,"DemandMax":null,"Value":84},{"Length":27,"Height":35,"Demand":1,"DemandMax":null,"Value":945},{"Length":1,"Height":32,"Demand":1,"DemandMax":null,"Value":32},{"Length":20,"Height":25,"Demand":1,"DemandMax":null,"Value":500},{"Length":33,"Height":22,"Demand":1,"DemandMax":null,"Value":726},{"Length":1,"Height":8,"Demand":1,"DemandMax":null,"Value":8},{"Length":3,"Height":13,"Demand":1,"DemandMax":null,"Value":39},{"Length":23,"Height":11,"Demand":1,"DemandMax":null,"Value":253},{"Length":21,"Height":21,"Demand":2,"DemandMax":null,"Value":441},{"Length":6,"Height":3,"Demand":1,"DemandMax":null,"Value":18},{"Length":32,"Height":2,"Demand":1,"DemandMax":null,"Value":64},{"Length":26,"Height":1,"Demand":2,"DemandMax":null,"Value":26},{"Length":29,"Height":31,"Demand":1,"DemandMax":null,"Value":899},{"Length":26,"Height":30,"Demand":1,"DemandMax":null,"Value":780},{"Length":15,"Height":18,"Demand":1,"DemandMax":null,"Value":270},{"Length":1,"Height":25,"Demand":1,"DemandMax":null,"Value":25},{"Length":5,"Height":25,"Demand":1,"DemandMax":null,"Value":125},{"Length":23,"Height":2,"Demand":1,"DemandMax":null,"Value":46},{"Length":28,"Height":21,"Demand":1,"DemandMax":null,"Value":588},{"Length":3,"Height":22,"Demand":1,"DemandMax":null,"Value":66},{"Length":16,"Height":23,"Demand":1,"DemandMax":null,"Value":368},{"Length":4,"Height":20,"Demand":1,"DemandMax":null,"Value":80},{"Length":29,"Height":11,"Demand":1,"DemandMax":null,"Value":319},{"Length":35,"Height":20,"Demand":1,"DemandMax":null,"Value":700},{"Length":23,"Height":22,"Demand":1,"DemandMax":null,"Value":506},{"Length":15,"Height":23,"Demand":1,"DemandMax":null,"Value":345},{"Length":10,"Height":25,"Demand":1,"DemandMax":null,"Value":250},{"Length":7,"Height":28,"Demand":1,"DemandMax":null,"Value":196}]}