{"Name":"MB_C4_38","Objects":[{"Length":100,"Height":100,"Stock":null,"Cost":10000},{"Length":55,"Height":50,"Stock":null,"Cost":1300},{"Length":69,"Height":55,"Stock":null,"Cost":2554},{"Length":73,"Height":95,"Stock":null,"Cost":6322},{"Length":97,"Height":96,"Stock":null,"Cost":9174}],"Items":[{"Length":2,"Height":20,"Demand":1,"DemandMax":null,"Value":40},{"Length":11,"Height":3,"Demand":1,"DemandMax":null,"Value":33},{"Length":14,"Height":25,"Demand":1,"DemandMax":null,"Value":350},{"Length":8,"Height":1,"Demand":2,"DemandMax":null,"Value":8},{"Length":35,"Height":31,"Demand":1,"DemandMax":null,"Value":1085},{"Length":10,"Height":19,"Demand":1,"DemandMax":null,"Value":190},{"Length":33,"Height":19,"Demand":1,"DemandMax":null,"Value":627},{"Length":8,"Height":27,"Demand":1,"DemandMax":null,"Value":216},{"Length":24,"Height":15,"Demand":1,"DemandMax":null,"Value":360},{"Length":8,"Height":4,"Demand":1,"DemandMax":null,"Value":32},{"Length":1,"Height":24,"Demand":1,"DemandMax":null,"Value":24},{"Length":24,"Height":14,"Demand":1,"DemandMax":null,"Value":336},{"Length":2,"Height":26,"Demand":1,"DemandMax":null,"Value":52},{"Length":13,"Height":24,"Demand":1,"DemandMax":null,"Value":312},{"Length":8,"Height":14,"Demand":1,"DemandMax":null,"Value":112},{"Length":16,"Height":16,"Demand":1,"DemandMax":null,"Value":256},{"Length":10,"Height":25,"Demand":1,"DemandMax":null,"Value":250},{"Length":11,"Height":16,"Demand":1,"DemandMax":null,"Value":176},{"Length":14,"Height":7,"Demand":1,"DemandMax":null,"Value":98},{"Length":27,"Height":29,"Demand":2,"DemandMax":null,"Value":783},{"Length":34,"Height":20,"Demand":1,"DemandMax":null,"Value":680},{"Length":32,"Height":35,"Demand":1,"DemandMax":null,"Value":1120},{"Length":28,"Height":35,"Demand":1,"DemandMax":null,"Value":980},{"Length":7,"Height":27,"Demand":1,"DemandMax":null,"Value":189},{"Length":34,"Height":31,"Demand":1,"DemandMax":null,"Value":1054},{"Length":13,"Height":8,"Demand":1,"DemandMax":null,"Value":104},{"Length":34,"Height":35,"Demand":1,"DemandMax":null,"Value":1190},{"Length":21,"Height":28,"Demand":1,"DemandMax":null,"Value":588},{"Length":18,"Height":17,"Demand":1,"DemandMax":null,"Value":306},{"Length":10,"Height":11,"Demand":1,"DemandMax":null,"Value":110},{"Length":27,"Height":28,"Demand":1,"DemandMax":null,"Value":756},{"Length":8,"Height":29,"Demand":1,"DemandMax":null,"Value":232},{"Length":6,"Height":23,"Demand":1,"DemandMax":null,"Value":138},{"Length":18,"Height":29,"Demand":1,"DemandMax":null,"Value":522},{"Length":17,"Height":8,"Demand":1,"DemandMax":null,"Value":136},{"Length":22,"Height":3,"Demand":1,"DemandMax":null,"Value":66},{"Length":29,"Height":33,"Demand":1,"DemandMax":null,"Value":957},{"Length":11,"Height":24,"Demand":2,"DemandMax":null,"Value":264},{"Length":22,"Height":19,"Demand":1,"DemandMax":null,"Value":418},{"Length":24,"Height":3,"Demand":1,"DemandMax":null,"Value":72},{"Length":24,"Height":7,"Demand":1,"DemandMax":null,"Value":168},{"Length":7,"Height":3,"Demand":1,"DemandMax":null,"Value":21},{"Length":4,"Height":11,"Demand":1,"DemandMax":null,"Value":44},{"Length":22,"Height":27,"Demand":1,"DemandMax":null,"Value":594},{"Length":3,"Height":21,"Demand":1,"DemandMax":null,"Value":63},{"Length":4,"Height":14,"Demand":1,"DemandMax":null,"Value":56},{"Length":35,"Height":11,"Demand":1,"DemandMax":null,"Value":385},{"Length":21,"Height":32,"Demand":1,"DemandMax":null,"Value":672},{"Length":6,"Height":3,"Demand":1,"DemandMax":null,"Value":18},{"Length":25,"Height":11,"Demand":1,"DemandMax":null,"Value":275},{"Length":1,"Height":28,"Demand":1,"DemandMax":null,"Value":28},{"Length":12,"Height":27,"Demand":1,"DemandMax":null,"Value":324},{"Length":33,"Height":22,"Demand":1,"DemandMax":null,"Value":726},{"Length":14,"Height":22,"Demand":1,"DemandMax":null,"Value":308},{"Length":20,"Height":10,"Demand":1,"DemandMax":null,"Value":200},{"Length":24,"Height":18,"Demand":1,"DemandMax":null,"Value":432},{"Length":11,"Height":18,"Demand":1,"DemandMax":null,"Value":198},{"Length":12,"Height":30,"Demand":1,"DemandMax":null,"Value":360},{"Length":34,"Height":15,"Demand":1,"DemandMax":null,"Value":510},{"Length":27,"Height":16,"Demand":1,"DemandMax":null,"Value":432},{"Length":23,"Height":17,"Demand":2,"DemandMax":null,"Value":391},{"Length":29,"Height":14,"Demand":1,"DemandMax":null,"Value":406},{"Length":28,"Height":16,"Demand":1,"DemandMax":null,"Value":448},{"Length":19,"Height":6,"Demand":1,"DemandMax":null,"Value":114},{"Length":8,"Height":15,"Demand":1,"DemandMax":null,"Value":120},{"Length":14,"Height":18,"Demand":1,"DemandMax":null,"Value":252},{"Length":34,"Height":32,"Demand":1,"DemandMax":null,"Value":1088},{"Length":6,"Height":19,"Demand":1,"DemandMax":null,"Value":114},{"Length":19,"Height":22,"Demand":1,"DemandMax":null,"Value":418},{"Length":34,"Height":25,"Demand":1,"DemandMax":null,"Value":850},{"Length":24,"Height":24,"Demand":1,"DemandMax":null,"Value":576},{"Length":9,"Height":28,"Demand":1,"DemandMax":null,"Value":252},{"Length":19,"Height":20,"Demand":1,"DemandMax":null,"Value":380},{"Length":27,"Height":32,"Demand":1,"DemandMax":null,"Value":864},{"Length":18,"Height":1,"Demand":1,"DemandMax":null,"Value":18},{"Length":15,"Height":6,"Demand":1,"DemandMax":null,"Value":90}]}