{"Name":"MB_C2_22","Objects":[{"Length":30,"Height":30,"Stock":null,"Cost":900},{"Length":21,"Height":18,"Stock":null,"Cost":273},{"Length":26,"Height":24,"Stock":null,"Cost":568},{"Length":18,"Height":27,"Stock":null,"Cost":403},{"Length":25,"Height":26,"Stock":null,"Cost":600}],"Items":[{"Length":7,"Height":2,"Demand":1,"DemandMax":null,"Value":14},{"Length":2,"Height":8,"Demand":2,"DemandMax":null,"Value":16},{"Length":9,"Height":3,"Demand":1,"DemandMax":null,"Value":27},{"Length":5,"Height":9,"Demand":2,"DemandMax":null,"Value":45},{"Length":8,"Height":2,"Demand":1,"DemandMax":null,"Value":16},{"Length":10,"Height":10,"Demand":2,"DemandMax":null,"Value":100},{"Length":8,"Height":6,"Demand":1,"DemandMax":null,"Value":48},{"Length":9,"Height":6,"Demand":2,"DemandMax":null,"Value":54},{"Length":7,"Height":8,"Demand":1,"DemandMax":null,"Value":56},{"Length":6,"Height":5,"Demand":1,"DemandMax":null,"Value":30},{"Length":6,"Height":1,"Demand":2,"DemandMax":null,"Value":6},{"Length":9,"Height":7,"Demand":2,"DemandMax":null,"Value":63},{"Length":10,"Height":3,"Demand":4,"DemandMax":null,"Value":30},{"Length":7,"Height":6,"Demand":2,"DemandMax":null,"Value":42},{"Length":7,"Height":3,"Demand":1,"DemandMax":null,"Value":21},{"Length":10,"Height":5,"Demand":1,"DemandMax":null,"Value":50},{"Length":5,"Height":3,"Demand":1,"DemandMax":null,"Value":15},{"Length":1,"Height":10,"Demand":2,"DemandMax":null,"Value":10},{"Length":6,"Height":3,"Demand":1,"DemandMax":null,"Value":18},{"Length":10,"Height":7,"Demand":1,"DemandMax":null,"Value":70},{"Length":4,"Height":7,"Demand":1,"DemandMax":null,"Value":28},{"Length":2,"Height":4,"Demand":1,"DemandMax":null,"Value":8},{"Length":5,"Height":5,"Demand":1,"DemandMax":null,"Value":25},{"Length":4,"Height":8,"Demand":1,"DemandMax":null,"Value":32},{"Length":4,"Height":6,"Demand":1,"DemandMax":null,"Value":24},{"Length":5,"Height":4,"Demand":1,"DemandMax":null,"Value":20},{"Length":9,"Height":10,"Demand":1,"DemandMax":null,"Value":90},{"Length":1,"Height":3,"Demand":2,"DemandMax":null,"Value":3},{"Length":5,"Height":1,"Demand":1,"DemandMax":null,"Value":5},{"Length":3,"Height":2,"Demand":1,"DemandMax":null,"Value":6},{"Length":4,"Height":4,"Demand":2,"DemandMax":null,"Value":16},{"Length":8,"Height":8,"Demand":1,"DemandMax":null,"Value":64},{"Length":3,"Height":3,"Demand":2,"DemandMax":null,"Value":9},{"Length":8,"Height":4,"Demand":1,"DemandMax":null,"Value":32},{"Length":8,"Height":3,"Demand":1,"DemandMax":null,"Value":24},{"Length":2,"Height":5,"Demand":2,"DemandMax":null,"Value":10},{"Length":2,"Height":9,"Demand":1,"DemandMax":null,"Value":18},{"Length":3,"Height":8,"Demand":1,"DemandMax":null,"Value":24},{"Length":6,"Height":7,"Demand":1,"DemandMax":null,"Value":42},{"Length":1,"Height":5,"Demand":1,"DemandMax":null,"Value":5},{"Length":6,"Height":8,"Demand":1,"DemandMax":null,"Value":48},{"Length":3,"Height":7,"Demand":1,"DemandMax":null,"Value":21},{"Length":1,"Height":6,"Demand":1,"DemandMax":null,"Value":6},{"Length":1,"Height":4,"Demand":1,"DemandMax":null,"Value":4},{"Length":7,"Height":1,"Demand":1,"DemandMax":null,"Value":7}]}