{"Name":"MB_C8_46","Objects":[{"Length":100,"Height":100,"Stock":null,"Cost":10000},{"Length":94,"Height":65,"Stock":null,"Cost":5332},{"Length":72,"Height":93,"Stock":null,"Cost":6035},{"Length":69,"Height":51,"Stock":null,"Cost":2222},{"Length":67,"Height":57,"Stock":null,"Cost":2582}],"Items":[{"Length":90,"Height":38,"Demand":1,"DemandMax":null,"Value":3420},{"Length":82,"Height":24,"Demand":1,"DemandMax":null,"Value":1968},{"Length":75,"Height":18,"Demand":1,"DemandMax":null,"Value":1350},{"Length":98,"Height":88,"Demand":1,"DemandMax":null,"Value":8624},{"Length":97,"Height":27,"Demand":1,"DemandMax":null,"Value":2619},{"Length":99,"Height":4,"Demand":1,"DemandMax":null,"Value":396},{"Length":85,"Height":14,"Demand":1,"DemandMax":null,"Value":1190},{"Length":85,"Height":24,"Demand":1,"DemandMax":null,"Value":2040},{"Length":76,"Height":28,"Demand":1,"DemandMax":null,"Value":2128},{"Length":35,"Height":46,"Demand":1,"DemandMax":null,"Value":1610},{"Length":69,"Height":20,"Demand":1,"DemandMax":null,"Value":1380},{"Length":79,"Height":21,"Demand":1,"DemandMax":null,"Value":1659},{"Length":99,"Height":41,"Demand":1,"DemandMax":null,"Value":4059},{"Length":88,"Height":49,"Demand":1,"DemandMax":null,"Value":4312},{"Length":96,"Height":39,"Demand":1,"DemandMax":null,"Value":3744},{"Length":82,"Height":30,"Demand":1,"DemandMax":null,"Value":2460},{"Length":95,"Height":15,"Demand":1,"DemandMax":null,"Value":1425},{"Length":95,"Height":14,"Demand":1,"DemandMax":null,"Value":1330},{"Length":96,"Height":19,"Demand":1,"DemandMax":null,"Value":1824},{"Length":93,"Height":50,"Demand":1,"DemandMax":null,"Value":4650},{"Length":99,"Height":1,"Demand":1,"DemandMax":null,"Value":99},{"Length":75,"Height":40,"Demand":1,"DemandMax":null,"Value":3000},{"Length":69,"Height":11,"Demand":1,"DemandMax":null,"Value":759},{"Length":66,"Height":82,"Demand":1,"DemandMax":null,"Value":5412},{"Length":76,"Height":49,"Demand":1,"DemandMax":null,"Value":3724},{"Length":47,"Height":85,"Demand":1,"DemandMax":null,"Value":3995},{"Length":79,"Height":64,"Demand":1,"DemandMax":null,"Value":5056},{"Length":69,"Height":27,"Demand":1,"DemandMax":null,"Value":1863},{"Length":97,"Height":8,"Demand":1,"DemandMax":null,"Value":776},{"Length":94,"Height":28,"Demand":1,"DemandMax":null,"Value":2632},{"Length":75,"Height":30,"Demand":1,"DemandMax":null,"Value":2250},{"Length":69,"Height":32,"Demand":1,"DemandMax":null,"Value":2208},{"Length":90,"Height":29,"Demand":1,"DemandMax":null,"Value":2610},{"Length":99,"Height":39,"Demand":1,"DemandMax":null,"Value":3861},{"Length":11,"Height":7,"Demand":1,"DemandMax":null,"Value":77},{"Length":18,"Height":100,"Demand":1,"DemandMax":null,"Value":1800},{"Length":88,"Height":61,"Demand":1,"DemandMax":null,"Value":5368},{"Length":76,"Height":12,"Demand":1,"DemandMax":null,"Value":912},{"Length":79,"Height":45,"Demand":1,"DemandMax":null,"Value":3555},{"Length":95,"Height":28,"Demand":1,"DemandMax":null,"Value":2660},{"Length":67,"Height":6,"Demand":1,"DemandMax":null,"Value":402},{"Length":46,"Height":47,"Demand":1,"DemandMax":null,"Value":2162},{"Length":39,"Height":45,"Demand":1,"DemandMax":null,"Value":1755},{"Length":84,"Height":19,"Demand":1,"DemandMax":null,"Value":1596},{"Length":85,"Height":12,"Demand":1,"DemandMax":null,"Value":1020},{"Length":91,"Height":44,"Demand":1,"DemandMax":null,"Value":4004},{"Length":70,"Height":56,"Demand":1,"DemandMax":null,"Value":3920},{"Length":82,"Height":21,"Demand":1,"DemandMax":null,"Value":1722},{"Length":77,"Height":30,"Demand":1,"DemandMax":null,"Value":2310},{"Length":93,"Height":2,"Demand":1,"DemandMax":null,"Value":186},{"Length":14,"Height":31,"Demand":1,"DemandMax":null,"Value":434},{"Length":89,"Height":35,"Demand":1,"DemandMax":null,"Value":3115},{"Length":76,"Height":9,"Demand":1,"DemandMax":null,"Value":684},{"Length":68,"Height":22,"Demand":1,"DemandMax":null,"Value":1496},{"Length":79,"Height":16,"Demand":1,"DemandMax":null,"Value":1264},{"Length":68,"Height":11,"Demand":1,"DemandMax":null,"Value":748},{"Length":84,"Height":50,"Demand":1,"DemandMax":null,"Value":4200},{"Length":87,"Height":3,"Demand":1,"DemandMax":null,"Value":261},{"Length":86,"Height":62,"Demand":1,"DemandMax":null,"Value":5332},{"Length":86,"Height":98,"Demand":1,"DemandMax":null,"Value":8428},{"Length":99,"Height":3,"Demand":1,"DemandMax":null,"Value":297},{"Length":78,"Height":46,"Demand":1,"DemandMax":null,"Value":3588},{"Length":75,"Height":21,"Demand":1,"DemandMax":null,"Value":1575},{"Length":86,"Height":47,"Demand":1,"DemandMax":null,"Value":4042},{"Length":88,"Height":17,"Demand":1,"DemandMax":null,"Value":1496},{"Length":68,"Height":50,"Demand":1,"DemandMax":null,"Value":3400},{"Length":68,"Height":41,"Demand":1,"DemandMax":null,"Value":2788},{"Length":90,"Height":8,"Demand":1,"DemandMax":null,"Value":720},{"Length":86,"Height":43,"Demand":1,"DemandMax":null,"Value":3698},{"Length":86,"Height":17,"Demand":2,"DemandMax":null,"Value":1462},{"Length":6,"Height":23,"Demand":1,"DemandMax":null,"Value":138},{"Length":67,"Height":30,"Demand":1,"DemandMax":null,"Value":2010},{"Length":37,"Height":31,"Demand":1,"DemandMax":null,"Value":1147},{"Length":3,"Height":45,"Demand":1,"DemandMax":null,"Value":135},{"Length":79,"Height":17,"Demand":1,"DemandMax":null,"Value":1343},{"Length":87,"Height":14,"Demand":1,"DemandMax":null,"Value":1218},{"Length":69,"Height":30,"Demand":1,"DemandMax":null,"Value":2070},{"Length":91,"Height":35,"Demand":1,"DemandMax":null,"Value":3185},{"Length":97,"Height":22,"Demand":1,"DemandMax":null,"Value":2134},{"Length":80,"Height":9,"Demand":1,"DemandMax":null,"Value":720},{"Length":91,"Height":41,"Demand":1,"DemandMax":null,"Value":3731},{"Length":34,"Height":91,"Demand":1,"DemandMax":null,"Value":3094},{"Length":87,"Height":39,"Demand":1,"DemandMax":null,"Value":3393},{"Length":24,"Height":17,"Demand":1,"DemandMax":null,"Value":408},{"Length":86,"Height":14,"Demand":1,"DemandMax":null,"Value":1204},{"Length":42,"Height":50,"Demand":1,"DemandMax":null,"Value":2100},{"Length":38,"Height":36,"Demand":1,"DemandMax":null,"Value":1368},{"Length":89,"Height":49,"Demand":1,"DemandMax":null,"Value":4361},{"Length":11,"Height":82,"Demand":1,"DemandMax":null,"Value":902},{"Length":93,"Height":8,"Demand":1,"DemandMax":null,"Value":744},{"Length":74,"Height":16,"Demand":1,"DemandMax":null,"Value":1184},{"Length":100,"Height":45,"Demand":1,"DemandMax":null,"Value":4500},{"Length":95,"Height":11,"Demand":1,"DemandMax":null,"Value":1045},{"Length":73,"Height":9,"Demand":1,"DemandMax":null,"Value":657},{"Length":100,"Height":9,"Demand":1,"DemandMax":null,"Value":900},{"Length":27,"Height":67,"Demand":1,"DemandMax":null,"Value":1809},{"Length":36,"Height":72,"Demand":1,"DemandMax":null,"Value":2592},{"Length":97,"Height":23,"Demand":1,"DemandMax":null,"Value":2231},{"Length":99,"Height":13,"Demand":1,"DemandMax":null,"Value":1287}]}