{"Name":"MB_C3_7","Objects":[{"Length":40,"Height":40,"Stock":null,"Cost":1600},{"Length":34,"Height":36,"Stock":null,"Cost":1148},{"Length":36,"Height":33,"Stock":null,"Cost":1105},{"Length":33,"Height":24,"Stock":null,"Cost":630},{"Length":33,"Height":34,"Stock":null,"Cost":1026}],"Items":[{"Length":15,"Height":34,"Demand":1,"DemandMax":null,"Value":510},{"Length":2,"Height":33,"Demand":1,"DemandMax":null,"Value":66},{"Length":24,"Height":8,"Demand":1,"DemandMax":null,"Value":192},{"Length":8,"Height":11,"Demand":1,"DemandMax":null,"Value":88},{"Length":31,"Height":6,"Demand":1,"DemandMax":null,"Value":186},{"Length":7,"Height":33,"Demand":1,"DemandMax":null,"Value":231},{"Length":3,"Height":8,"Demand":1,"DemandMax":null,"Value":24},{"Length":27,"Height":32,"Demand":1,"DemandMax":null,"Value":864},{"Length":27,"Height":8,"Demand":1,"DemandMax":null,"Value":216},{"Length":1,"Height":25,"Demand":1,"DemandMax":null,"Value":25},{"Length":25,"Height":9,"Demand":1,"DemandMax":null,"Value":225},{"Length":14,"Height":3,"Demand":1,"DemandMax":null,"Value":42},{"Length":35,"Height":26,"Demand":1,"DemandMax":null,"Value":910},{"Length":25,"Height":5,"Demand":1,"DemandMax":null,"Value":125},{"Length":3,"Height":17,"Demand":1,"DemandMax":null,"Value":51},{"Length":1,"Height":12,"Demand":1,"DemandMax":null,"Value":12},{"Length":27,"Height":20,"Demand":1,"DemandMax":null,"Value":540},{"Length":29,"Height":15,"Demand":1,"DemandMax":null,"Value":435},{"Length":5,"Height":17,"Demand":1,"DemandMax":null,"Value":85},{"Length":31,"Height":20,"Demand":1,"DemandMax":null,"Value":620}]}