{"Name":"MB_C6_27","Objects":[{"Length":300,"Height":300,"Stock":null,"Cost":90000},{"Length":230,"Height":160,"Stock":null,"Cost":26160},{"Length":180,"Height":193,"Stock":null,"Cost":23688},{"Length":168,"Height":220,"Stock":null,"Cost":26352},{"Length":166,"Height":277,"Stock":null,"Cost":37178}],"Items":[{"Length":79,"Height":42,"Demand":1,"DemandMax":null,"Value":3318},{"Length":21,"Height":73,"Demand":1,"DemandMax":null,"Value":1533},{"Length":40,"Height":45,"Demand":1,"DemandMax":null,"Value":1800},{"Length":94,"Height":78,"Demand":1,"DemandMax":null,"Value":7332},{"Length":70,"Height":28,"Demand":1,"DemandMax":null,"Value":1960},{"Length":92,"Height":85,"Demand":1,"DemandMax":null,"Value":7820},{"Length":14,"Height":70,"Demand":1,"DemandMax":null,"Value":980},{"Length":26,"Height":39,"Demand":1,"DemandMax":null,"Value":1014},{"Length":49,"Height":81,"Demand":1,"DemandMax":null,"Value":3969},{"Length":40,"Height":18,"Demand":1,"DemandMax":null,"Value":720},{"Length":87,"Height":5,"Demand":1,"DemandMax":null,"Value":435},{"Length":12,"Height":32,"Demand":1,"DemandMax":null,"Value":384},{"Length":72,"Height":21,"Demand":1,"DemandMax":null,"Value":1512},{"Length":54,"Height":27,"Demand":1,"DemandMax":null,"Value":1458},{"Length":81,"Height":40,"Demand":1,"DemandMax":null,"Value":3240},{"Length":10,"Height":81,"Demand":1,"DemandMax":null,"Value":810},{"Length":27,"Height":6,"Demand":1,"DemandMax":null,"Value":162},{"Length":56,"Height":3,"Demand":1,"DemandMax":null,"Value":168},{"Length":53,"Height":96,"Demand":1,"DemandMax":null,"Value":5088},{"Length":6,"Height":40,"Demand":1,"DemandMax":null,"Value":240},{"Length":37,"Height":22,"Demand":1,"DemandMax":null,"Value":814},{"Length":2,"Height":67,"Demand":1,"DemandMax":null,"Value":134},{"Length":91,"Height":29,"Demand":1,"DemandMax":null,"Value":2639},{"Length":24,"Height":98,"Demand":1,"DemandMax":null,"Value":2352},{"Length":58,"Height":94,"Demand":1,"DemandMax":null,"Value":5452},{"Length":81,"Height":75,"Demand":1,"DemandMax":null,"Value":6075},{"Length":16,"Height":28,"Demand":1,"DemandMax":null,"Value":448},{"Length":19,"Height":77,"Demand":1,"DemandMax":null,"Value":1463},{"Length":77,"Height":76,"Demand":1,"DemandMax":null,"Value":5852},{"Length":14,"Height":15,"Demand":1,"DemandMax":null,"Value":210},{"Length":85,"Height":16,"Demand":1,"DemandMax":null,"Value":1360},{"Length":79,"Height":34,"Demand":1,"DemandMax":null,"Value":2686},{"Length":18,"Height":58,"Demand":1,"DemandMax":null,"Value":1044},{"Length":58,"Height":10,"Demand":1,"DemandMax":null,"Value":580},{"Length":87,"Height":47,"Demand":1,"DemandMax":null,"Value":4089},{"Length":28,"Height":56,"Demand":1,"DemandMax":null,"Value":1568},{"Length":37,"Height":61,"Demand":1,"DemandMax":null,"Value":2257},{"Length":1,"Height":16,"Demand":1,"DemandMax":null,"Value":16},{"Length":44,"Height":10,"Demand":1,"DemandMax":null,"Value":440},{"Length":21,"Height":67,"Demand":1,"DemandMax":null,"Value":1407},{"Length":21,"Height":40,"Demand":1,"DemandMax":null,"Value":840},{"Length":66,"Height":20,"Demand":1,"DemandMax":null,"Value":1320},{"Length":11,"Height":29,"Demand":1,"DemandMax":null,"Value":319},{"Length":46,"Height":21,"Demand":1,"DemandMax":null,"Value":966},{"Length":93,"Height":86,"Demand":1,"DemandMax":null,"Value":7998},{"Length":7,"Height":47,"Demand":1,"DemandMax":null,"Value":329},{"Length":78,"Height":57,"Demand":1,"DemandMax":null,"Value":4446},{"Length":26,"Height":8,"Demand":1,"DemandMax":null,"Value":208},{"Length":9,"Height":20,"Demand":1,"DemandMax":null,"Value":180},{"Length":15,"Height":50,"Demand":1,"DemandMax":null,"Value":750},{"Length":65,"Height":86,"Demand":1,"DemandMax":null,"Value":5590},{"Length":17,"Height":50,"Demand":1,"DemandMax":null,"Value":850},{"Length":58,"Height":98,"Demand":1,"DemandMax":null,"Value":5684},{"Length":10,"Height":19,"Demand":1,"DemandMax":null,"Value":190},{"Length":30,"Height":35,"Demand":1,"DemandMax":null,"Value":1050},{"Length":7,"Height":2,"Demand":1,"DemandMax":null,"Value":14},{"Length":61,"Height":8,"Demand":1,"DemandMax":null,"Value":488},{"Length":50,"Height":76,"Demand":1,"DemandMax":null,"Value":3800},{"Length":61,"Height":62,"Demand":1,"DemandMax":null,"Value":3782},{"Length":18,"Height":53,"Demand":1,"DemandMax":null,"Value":954}]}