{"Name":"MB_C7_49","Objects":[{"Length":100,"Height":100,"Stock":null,"Cost":10000},{"Length":98,"Height":90,"Stock":null,"Cost":8584},{"Length":98,"Height":97,"Stock":null,"Cost":9407},{"Length":68,"Height":64,"Stock":null,"Cost":3222},{"Length":67,"Height":57,"Stock":null,"Cost":2582}],"Items":[{"Length":22,"Height":66,"Demand":1,"DemandMax":null,"Value":1452},{"Length":37,"Height":71,"Demand":1,"DemandMax":null,"Value":2627},{"Length":58,"Height":52,"Demand":1,"DemandMax":null,"Value":3016},{"Length":6,"Height":86,"Demand":2,"DemandMax":null,"Value":516},{"Length":23,"Height":70,"Demand":1,"DemandMax":null,"Value":1610},{"Length":28,"Height":85,"Demand":1,"DemandMax":null,"Value":2380},{"Length":75,"Height":14,"Demand":1,"DemandMax":null,"Value":1050},{"Length":2,"Height":70,"Demand":1,"DemandMax":null,"Value":140},{"Length":35,"Height":82,"Demand":1,"DemandMax":null,"Value":2870},{"Length":30,"Height":73,"Demand":1,"DemandMax":null,"Value":2190},{"Length":82,"Height":87,"Demand":1,"DemandMax":null,"Value":7134},{"Length":11,"Height":97,"Demand":1,"DemandMax":null,"Value":1067},{"Length":8,"Height":67,"Demand":1,"DemandMax":null,"Value":536},{"Length":44,"Height":69,"Demand":1,"DemandMax":null,"Value":3036},{"Length":12,"Height":81,"Demand":1,"DemandMax":null,"Value":972},{"Length":31,"Height":97,"Demand":1,"DemandMax":null,"Value":3007},{"Length":44,"Height":44,"Demand":1,"DemandMax":null,"Value":1936},{"Length":79,"Height":12,"Demand":1,"DemandMax":null,"Value":948},{"Length":68,"Height":19,"Demand":1,"DemandMax":null,"Value":1292},{"Length":13,"Height":70,"Demand":1,"DemandMax":null,"Value":910},{"Length":41,"Height":97,"Demand":1,"DemandMax":null,"Value":3977},{"Length":71,"Height":30,"Demand":1,"DemandMax":null,"Value":2130},{"Length":7,"Height":84,"Demand":1,"DemandMax":null,"Value":588},{"Length":50,"Height":72,"Demand":1,"DemandMax":null,"Value":3600},{"Length":7,"Height":9,"Demand":1,"DemandMax":null,"Value":63},{"Length":21,"Height":98,"Demand":1,"DemandMax":null,"Value":2058},{"Length":11,"Height":16,"Demand":1,"DemandMax":null,"Value":176},{"Length":20,"Height":90,"Demand":1,"DemandMax":null,"Value":1800},{"Length":18,"Height":100,"Demand":1,"DemandMax":null,"Value":1800},{"Length":98,"Height":28,"Demand":1,"DemandMax":null,"Value":2744},{"Length":28,"Height":74,"Demand":1,"DemandMax":null,"Value":2072},{"Length":3,"Height":23,"Demand":1,"DemandMax":null,"Value":69},{"Length":40,"Height":67,"Demand":1,"DemandMax":null,"Value":2680},{"Length":35,"Height":80,"Demand":1,"DemandMax":null,"Value":2800},{"Length":6,"Height":80,"Demand":1,"DemandMax":null,"Value":480},{"Length":46,"Height":80,"Demand":1,"DemandMax":null,"Value":3680},{"Length":25,"Height":77,"Demand":1,"DemandMax":null,"Value":1925},{"Length":35,"Height":26,"Demand":1,"DemandMax":null,"Value":910},{"Length":46,"Height":94,"Demand":1,"DemandMax":null,"Value":4324},{"Length":2,"Height":88,"Demand":1,"DemandMax":null,"Value":176},{"Length":21,"Height":95,"Demand":1,"DemandMax":null,"Value":1995},{"Length":46,"Height":42,"Demand":1,"DemandMax":null,"Value":1932},{"Length":48,"Height":81,"Demand":1,"DemandMax":null,"Value":3888},{"Length":19,"Height":69,"Demand":1,"DemandMax":null,"Value":1311},{"Length":28,"Height":87,"Demand":1,"DemandMax":null,"Value":2436},{"Length":19,"Height":79,"Demand":1,"DemandMax":null,"Value":1501},{"Length":11,"Height":77,"Demand":1,"DemandMax":null,"Value":847},{"Length":98,"Height":88,"Demand":1,"DemandMax":null,"Value":8624},{"Length":47,"Height":86,"Demand":1,"DemandMax":null,"Value":4042},{"Length":4,"Height":72,"Demand":1,"DemandMax":null,"Value":288},{"Length":86,"Height":71,"Demand":1,"DemandMax":null,"Value":6106},{"Length":38,"Height":89,"Demand":1,"DemandMax":null,"Value":3382},{"Length":28,"Height":94,"Demand":1,"DemandMax":null,"Value":2632},{"Length":50,"Height":73,"Demand":1,"DemandMax":null,"Value":3650},{"Length":81,"Height":39,"Demand":1,"DemandMax":null,"Value":3159},{"Length":40,"Height":94,"Demand":1,"DemandMax":null,"Value":3760},{"Length":21,"Height":75,"Demand":1,"DemandMax":null,"Value":1575},{"Length":8,"Height":82,"Demand":1,"DemandMax":null,"Value":656},{"Length":21,"Height":17,"Demand":1,"DemandMax":null,"Value":357},{"Length":4,"Height":73,"Demand":1,"DemandMax":null,"Value":292},{"Length":25,"Height":99,"Demand":1,"DemandMax":null,"Value":2475},{"Length":28,"Height":100,"Demand":1,"DemandMax":null,"Value":2800},{"Length":32,"Height":70,"Demand":1,"DemandMax":null,"Value":2240},{"Length":30,"Height":94,"Demand":1,"DemandMax":null,"Value":2820},{"Length":41,"Height":44,"Demand":1,"DemandMax":null,"Value":1804},{"Length":9,"Height":90,"Demand":1,"DemandMax":null,"Value":810},{"Length":3,"Height":72,"Demand":1,"DemandMax":null,"Value":216},{"Length":66,"Height":83,"Demand":1,"DemandMax":null,"Value":5478},{"Length":78,"Height":2,"Demand":1,"DemandMax":null,"Value":156},{"Length":2,"Height":89,"Demand":1,"DemandMax":null,"Value":178},{"Length":37,"Height":23,"Demand":1,"DemandMax":null,"Value":851},{"Length":16,"Height":91,"Demand":1,"DemandMax":null,"Value":1456},{"Length":71,"Height":21,"Demand":1,"DemandMax":null,"Value":1491},{"Length":7,"Height":96,"Demand":1,"DemandMax":null,"Value":672},{"Length":32,"Height":99,"Demand":2,"DemandMax":null,"Value":3168},{"Length":26,"Height":67,"Demand":1,"DemandMax":null,"Value":1742},{"Length":9,"Height":67,"Demand":1,"DemandMax":null,"Value":603},{"Length":23,"Height":76,"Demand":1,"DemandMax":null,"Value":1748},{"Length":38,"Height":90,"Demand":1,"DemandMax":null,"Value":3420},{"Length":48,"Height":86,"Demand":1,"DemandMax":null,"Value":4128},{"Length":21,"Height":97,"Demand":1,"DemandMax":null,"Value":2037},{"Length":1,"Height":99,"Demand":1,"DemandMax":null,"Value":99},{"Length":7,"Height":89,"Demand":1,"DemandMax":null,"Value":623},{"Length":32,"Height":79,"Demand":1,"DemandMax":null,"Value":2528},{"Length":45,"Height":100,"Demand":1,"DemandMax":null,"Value":4500},{"Length":91,"Height":93,"Demand":1,"DemandMax":null,"Value":8463},{"Length":37,"Height":44,"Demand":1,"DemandMax":null,"Value":1628},{"Length":84,"Height":20,"Demand":1,"DemandMax":null,"Value":1680},{"Length":31,"Height":76,"Demand":1,"DemandMax":null,"Value":2356},{"Length":42,"Height":100,"Demand":1,"DemandMax":null,"Value":4200},{"Length":29,"Height":15,"Demand":1,"DemandMax":null,"Value":435},{"Length":35,"Height":88,"Demand":1,"DemandMax":null,"Value":3080},{"Length":29,"Height":95,"Demand":1,"DemandMax":null,"Value":2755},{"Length":5,"Height":77,"Demand":1,"DemandMax":null,"Value":385},{"Length":3,"Height":69,"Demand":1,"DemandMax":null,"Value":207},{"Length":92,"Height":33,"Demand":1,"DemandMax":null,"Value":3036},{"Length":79,"Height":97,"Demand":1,"DemandMax":null,"Value":7663},{"Length":97,"Height":94,"Demand":1,"DemandMax":null,"Value":9118}]}