{"Name":"ABM4","Objects":[{"Length":24,"Height":14,"Stock":2,"Cost":336},{"Length":18,"Height":10,"Stock":3,"Cost":180},{"Length":24,"Height":13,"Stock":2,"Cost":312},{"Length":13,"Height":10,"Stock":4,"Cost":130}],"Items":[{"Length":3,"Height":5,"Demand":1,"DemandMax":null,"Value":15},{"Length":1,"Height":5,"Demand":1,"DemandMax":null,"Value":5},{"Length":7,"Height":5,"Demand":1,"DemandMax":null,"Value":35},{"Length":2,"Height":5,"Demand":1,"DemandMax":null,"Value":10},{"Length":3,"Height":4,"Demand":1,"DemandMax":null,"Value":12},{"Length":7,"Height":4,"Demand":1,"DemandMax":null,"Value":28},{"Length":4,"Height":4,"Demand":1,"DemandMax":null,"Value":16},{"Length":4,"Height":3,"Demand":1,"DemandMax":null,"Value":12},{"Length":1,"Height":3,"Demand":1,"DemandMax":null,"Value":3},{"Length":6,"Height":3,"Demand":1,"DemandMax":null,"Value":18},{"Length":8,"Height":3,"Demand":1,"DemandMax":null,"Value":24},{"Length":3,"Height":3,"Demand":1,"DemandMax":null,"Value":9},{"Length":7,"Height":3,"Demand":1,"DemandMax":null,"Value":21},{"Length":5,"Height":2,"Demand":1,"DemandMax":null,"Value":10},{"Length":6,"Height":2,"Demand":1,"DemandMax":null,"Value":12},{"Length":2,"Height":2,"Demand":1,"DemandMax":null,"Value":4},{"Length":9,"Height":2,"Demand":1,"DemandMax":null,"Value":18},{"Length":4,"Height":2,"Demand":1,"DemandMax":null,"Value":8},{"Length":1,"Height":2,"Demand":1,"DemandMax":null,"Value":2},{"Length":7,"Height":2,"Demand":1,"DemandMax":null,"Value":14},{"Length":8,"Height":1,"Demand":1,"DemandMax":null,"Value":8},{"Length":2,"Height":1,"Demand":1,"DemandMax":null,"Value":2},{"Length":6,"Height":1,"Demand":1,"DemandMax":null,"Value":6},{"Length":7,"Height":1,"Demand":1,"DemandMax":null,"Value":7},{"Length":9,"Height":1,"Demand":1,"DemandMax":null,"Value":9},{"Length":4,"Height":1,"Demand":1,"DemandMax":null,"Value":4},{"Length":5,"Height":1,"Demand":1,"DemandMax":null,"Value":5}]}