{"Name":"ABM10","Objects":[{"Length":290,"Height":106,"Stock":2,"Cost":30740},{"Length":148,"Height":183,"Stock":2,"Cost":27084},{"Length":194,"Height":132,"Stock":2,"Cost":25608}],"Items":[{"Length":63,"Height":59,"Demand":2,"DemandMax":null,"Value":3717},{"Length":63,"Height":55,"Demand":1,"DemandMax":null,"Value":3465},{"Length":48,"Height":48,"Demand":1,"DemandMax":null,"Value":2304},{"Length":17,"Height":43,"Demand":1,"DemandMax":null,"Value":731},{"Length":98,"Height":40,"Demand":1,"DemandMax":null,"Value":3920},{"Length":38,"Height":35,"Demand":1,"DemandMax":null,"Value":1330},{"Length":114,"Height":33,"Demand":2,"DemandMax":null,"Value":3762},{"Length":24,"Height":23,"Demand":1,"DemandMax":null,"Value":552},{"Length":62,"Height":19,"Demand":1,"DemandMax":null,"Value":1178},{"Length":110,"Height":11,"Demand":2,"DemandMax":null,"Value":1210}]}