{"Name":"ABM7","Objects":[{"Length":24,"Height":14,"Stock":1,"Cost":336},{"Length":18,"Height":10,"Stock":1,"Cost":180},{"Length":24,"Height":13,"Stock":1,"Cost":312}],"Items":[{"Length":2,"Height":2,"Demand":2,"DemandMax":null,"Value":4},{"Length":6,"Height":2,"Demand":1,"DemandMax":null,"Value":12},{"Length":4,"Height":2,"Demand":1,"DemandMax":null,"Value":8},{"Length":1,"Height":2,"Demand":1,"DemandMax":null,"Value":2},{"Length":7,"Height":1,"Demand":2,"DemandMax":null,"Value":7},{"Length":4,"Height":1,"Demand":1,"DemandMax":null,"Value":4},{"Length":9,"Height":1,"Demand":1,"DemandMax":null,"Value":9},{"Length":6,"Height":1,"Demand":1,"DemandMax":null,"Value":6},{"Length":2,"Height":1,"Demand":1,"DemandMax":null,"Value":2}]}