{"Name":"VENKATESWARLU","Objects":[{"Length":250,"Height":29,"Stock":232,"Cost":7250},{"Length":250,"Height":32,"Stock":130,"Cost":8000},{"Length":250,"Height":34,"Stock":64,"Cost":8500},{"Length":250,"Height":38,"Stock":32,"Cost":9500},{"Length":250,"Height":40,"Stock":32,"Cost":10000},{"Length":260,"Height":31,"Stock":128,"Cost":8060},{"Length":260,"Height":32,"Stock":96,"Cost":8320},{"Length":260,"Height":34,"Stock":160,"Cost":8840},{"Length":260,"Height":36,"Stock":122,"Cost":9360},{"Length":260,"Height":38,"Stock":64,"Cost":9880},{"Length":260,"Height":40,"Stock":32,"Cost":10400},{"Length":260,"Height":42,"Stock":64,"Cost":10920},{"Length":260,"Height":44,"Stock":64,"Cost":11440},{"Length":270,"Height":31,"Stock":64,"Cost":8370},{"Length":270,"Height":33,"Stock":32,"Cost":8910},{"Length":270,"Height":38,"Stock":32,"Cost":10260},{"Length":270,"Height":42,"Stock":32,"Cost":11340},{"Length":275,"Height":36,"Stock":32,"Cost":9900},{"Length":280,"Height":31,"Stock":128,"Cost":8680},{"Length":280,"Height":32,"Stock":64,"Cost":8960},{"Length":280,"Height":34,"Stock":96,"Cost":9520},{"Length":280,"Height":36,"Stock":32,"Cost":10080},{"Length":280,"Height":40,"Stock":32,"Cost":11200},{"Length":280,"Height":46,"Stock":32,"Cost":12880},{"Length":285,"Height":38,"Stock":46,"Cost":10830},{"Length":285,"Height":42,"Stock":64,"Cost":11970},{"Length":285,"Height":44,"Stock":64,"Cost":12540},{"Length":285,"Height":48,"Stock":32,"Cost":13680},{"Length":285,"Height":52,"Stock":64,"Cost":14820},{"Length":290,"Height":46,"Stock":32,"Cost":13340},{"Length":290,"Height":48,"Stock":32,"Cost":13920}],"Items":[{"Length":3,"Height":37,"Demand":1,"DemandMax":null,"Value":111},{"Length":3,"Height":39,"Demand":1,"DemandMax":null,"Value":117},{"Length":3,"Height":41,"Demand":1,"DemandMax":null,"Value":123},{"Length":3,"Height":49,"Demand":1,"DemandMax":null,"Value":147},{"Length":3,"Height":51,"Demand":1,"DemandMax":null,"Value":153},{"Length":3,"Height":53,"Demand":1,"DemandMax":null,"Value":159},{"Length":3,"Height":55,"Demand":1,"DemandMax":null,"Value":165},{"Length":3,"Height":67,"Demand":1,"DemandMax":null,"Value":201},{"Length":3,"Height":69,"Demand":1,"DemandMax":null,"Value":207},{"Length":3,"Height":71,"Demand":1,"DemandMax":null,"Value":213},{"Length":3,"Height":73,"Demand":1,"DemandMax":null,"Value":219},{"Length":3,"Height":76,"Demand":1,"DemandMax":null,"Value":228},{"Length":4,"Height":37,"Demand":1,"DemandMax":null,"Value":148},{"Length":4,"Height":39,"Demand":1,"DemandMax":null,"Value":156},{"Length":4,"Height":41,"Demand":1,"DemandMax":null,"Value":164},{"Length":4,"Height":49,"Demand":1,"DemandMax":null,"Value":196},{"Length":4,"Height":51,"Demand":1,"DemandMax":null,"Value":204},{"Length":4,"Height":53,"Demand":1,"DemandMax":null,"Value":212},{"Length":4,"Height":55,"Demand":1,"DemandMax":null,"Value":220},{"Length":4,"Height":67,"Demand":1,"DemandMax":null,"Value":268},{"Length":4,"Height":69,"Demand":1,"DemandMax":null,"Value":276},{"Length":4,"Height":71,"Demand":1,"DemandMax":null,"Value":284},{"Length":4,"Height":73,"Demand":1,"DemandMax":null,"Value":292},{"Length":4,"Height":76,"Demand":1,"DemandMax":null,"Value":304},{"Length":5,"Height":37,"Demand":1,"DemandMax":null,"Value":185},{"Length":5,"Height":39,"Demand":1,"DemandMax":null,"Value":195},{"Length":5,"Height":41,"Demand":1,"DemandMax":null,"Value":205},{"Length":5,"Height":49,"Demand":1,"DemandMax":null,"Value":245},{"Length":5,"Height":51,"Demand":1,"DemandMax":null,"Value":255},{"Length":5,"Height":53,"Demand":1,"DemandMax":null,"Value":265},{"Length":5,"Height":55,"Demand":1,"DemandMax":null,"Value":275},{"Length":5,"Height":67,"Demand":1,"DemandMax":null,"Value":335},{"Length":5,"Height":69,"Demand":1,"DemandMax":null,"Value":345},{"Length":5,"Height":71,"Demand":1,"DemandMax":null,"Value":355},{"Length":5,"Height":73,"Demand":1,"DemandMax":null,"Value":365},{"Length":5,"Height":76,"Demand":1,"DemandMax":null,"Value":380},{"Length":6,"Height":37,"Demand":1,"DemandMax":null,"Value":222},{"Length":6,"Height":39,"Demand":1,"DemandMax":null,"Value":234},{"Length":6,"Height":41,"Demand":1,"DemandMax":null,"Value":246},{"Length":6,"Height":49,"Demand":1,"DemandMax":null,"Value":294},{"Length":6,"Height":51,"Demand":1,"DemandMax":null,"Value":306},{"Length":6,"Height":53,"Demand":1,"DemandMax":null,"Value":318},{"Length":6,"Height":55,"Demand":1,"DemandMax":null,"Value":330},{"Length":6,"Height":67,"Demand":1,"DemandMax":null,"Value":402},{"Length":6,"Height":69,"Demand":1,"DemandMax":null,"Value":414},{"Length":6,"Height":71,"Demand":1,"DemandMax":null,"Value":426},{"Length":6,"Height":73,"Demand":1,"DemandMax":null,"Value":438},{"Length":6,"Height":76,"Demand":1,"DemandMax":null,"Value":456},{"Length":7,"Height":37,"Demand":1,"DemandMax":null,"Value":259},{"Length":7,"Height":39,"Demand":1,"DemandMax":null,"Value":273},{"Length":7,"Height":41,"Demand":1,"DemandMax":null,"Value":287},{"Length":7,"Height":49,"Demand":1,"DemandMax":null,"Value":343},{"Length":7,"Height":51,"Demand":1,"DemandMax":null,"Value":357},{"Length":7,"Height":53,"Demand":1,"DemandMax":null,"Value":371},{"Length":7,"Height":55,"Demand":1,"DemandMax":null,"Value":385},{"Length":7,"Height":67,"Demand":1,"DemandMax":null,"Value":469},{"Length":7,"Height":69,"Demand":1,"DemandMax":null,"Value":483},{"Length":7,"Height":71,"Demand":1,"DemandMax":null,"Value":497},{"Length":7,"Height":73,"Demand":1,"DemandMax":null,"Value":511},{"Length":7,"Height":76,"Demand":1,"DemandMax":null,"Value":532},{"Length":8,"Height":37,"Demand":1,"DemandMax":null,"Value":296},{"Length":8,"Height":39,"Demand":1,"DemandMax":null,"Value":312},{"Length":8,"Height":41,"Demand":1,"DemandMax":null,"Value":328},{"Length":8,"Height":49,"Demand":1,"DemandMax":null,"Value":392},{"Length":8,"Height":51,"Demand":1,"DemandMax":null,"Value":408},{"Length":8,"Height":53,"Demand":1,"DemandMax":null,"Value":424},{"Length":8,"Height":55,"Demand":1,"DemandMax":null,"Value":440},{"Length":8,"Height":67,"Demand":1,"DemandMax":null,"Value":536},{"Length":8,"Height":69,"Demand":1,"DemandMax":null,"Value":552},{"Length":8,"Height":71,"Demand":1,"DemandMax":null,"Value":568},{"Length":8,"Height":73,"Demand":1,"DemandMax":null,"Value":584},{"Length":8,"Height":76,"Demand":1,"DemandMax":null,"Value":608},{"Length":9,"Height":37,"Demand":1,"DemandMax":null,"Value":333},{"Length":9,"Height":39,"Demand":1,"DemandMax":null,"Value":351},{"Length":9,"Height":41,"Demand":1,"DemandMax":null,"Value":369},{"Length":9,"Height":49,"Demand":1,"DemandMax":null,"Value":441},{"Length":9,"Height":51,"Demand":1,"DemandMax":null,"Value":459},{"Length":9,"Height":53,"Demand":1,"DemandMax":null,"Value":477},{"Length":9,"Height":55,"Demand":1,"DemandMax":null,"Value":495},{"Length":9,"Height":67,"Demand":1,"DemandMax":null,"Value":603},{"Length":9,"Height":69,"Demand":1,"DemandMax":null,"Value":621},{"Length":9,"Height":71,"Demand":1,"DemandMax":null,"Value":639},{"Length":9,"Height":73,"Demand":1,"DemandMax":null,"Value":657},{"Length":9,"Height":76,"Demand":1,"DemandMax":null,"Value":684},{"Length":10,"Height":37,"Demand":1,"DemandMax":null,"Value":370},{"Length":10,"Height":39,"Demand":1,"DemandMax":null,"Value":390},{"Length":10,"Height":41,"Demand":1,"DemandMax":null,"Value":410},{"Length":10,"Height":49,"Demand":1,"DemandMax":null,"Value":490},{"Length":10,"Height":51,"Demand":1,"DemandMax":null,"Value":510},{"Length":10,"Height":53,"Demand":1,"DemandMax":null,"Value":530},{"Length":10,"Height":55,"Demand":1,"DemandMax":null,"Value":550},{"Length":10,"Height":67,"Demand":1,"DemandMax":null,"Value":670},{"Length":10,"Height":69,"Demand":1,"DemandMax":null,"Value":690},{"Length":10,"Height":71,"Demand":1,"DemandMax":null,"Value":710},{"Length":10,"Height":73,"Demand":1,"DemandMax":null,"Value":730},{"Length":10,"Height":76,"Demand":1,"DemandMax":null,"Value":760},{"Length":11,"Height":37,"Demand":1,"DemandMax":null,"Value":407},{"Length":11,"Height":39,"Demand":1,"DemandMax":null,"Value":429},{"Length":11,"Height":41,"Demand":1,"DemandMax":null,"Value":451},{"Length":11,"Height":49,"Demand":1,"DemandMax":null,"Value":539},{"Length":11,"Height":51,"Demand":1,"DemandMax":null,"Value":561},{"Length":11,"Height":53,"Demand":1,"DemandMax":null,"Value":583},{"Length":11,"Height":55,"Demand":1,"DemandMax":null,"Value":605},{"Length":11,"Height":67,"Demand":1,"DemandMax":null,"Value":737},{"Length":11,"Height":69,"Demand":1,"DemandMax":null,"Value":759},{"Length":11,"Height":71,"Demand":1,"DemandMax":null,"Value":781},{"Length":11,"Height":73,"Demand":1,"DemandMax":null,"Value":803},{"Length":11,"Height":76,"Demand":1,"DemandMax":null,"Value":836},{"Length":12,"Height":37,"Demand":1,"DemandMax":null,"Value":444},{"Length":12,"Height":39,"Demand":1,"DemandMax":null,"Value":468},{"Length":12,"Height":41,"Demand":1,"DemandMax":null,"Value":492},{"Length":12,"Height":49,"Demand":1,"DemandMax":null,"Value":588},{"Length":12,"Height":51,"Demand":1,"DemandMax":null,"Value":612},{"Length":12,"Height":53,"Demand":1,"DemandMax":null,"Value":636},{"Length":12,"Height":55,"Demand":1,"DemandMax":null,"Value":660},{"Length":12,"Height":67,"Demand":1,"DemandMax":null,"Value":804},{"Length":12,"Height":69,"Demand":1,"DemandMax":null,"Value":828},{"Length":12,"Height":71,"Demand":1,"DemandMax":null,"Value":852},{"Length":12,"Height":73,"Demand":1,"DemandMax":null,"Value":876},{"Length":12,"Height":76,"Demand":1,"DemandMax":null,"Value":912},{"Length":13,"Height":37,"Demand":1,"DemandMax":null,"Value":481},{"Length":13,"Height":39,"Demand":1,"DemandMax":null,"Value":507},{"Length":13,"Height":41,"Demand":1,"DemandMax":null,"Value":533},{"Length":13,"Height":49,"Demand":1,"DemandMax":null,"Value":637},{"Length":13,"Height":51,"Demand":1,"DemandMax":null,"Value":663},{"Length":13,"Height":53,"Demand":1,"DemandMax":null,"Value":689},{"Length":13,"Height":55,"Demand":1,"DemandMax":null,"Value":715},{"Length":13,"Height":67,"Demand":1,"DemandMax":null,"Value":871},{"Length":13,"Height":69,"Demand":1,"DemandMax":null,"Value":897},{"Length":13,"Height":71,"Demand":1,"DemandMax":null,"Value":923},{"Length":13,"Height":73,"Demand":1,"DemandMax":null,"Value":949},{"Length":13,"Height":76,"Demand":1,"DemandMax":null,"Value":988},{"Length":14,"Height":37,"Demand":1,"DemandMax":null,"Value":518},{"Length":14,"Height":39,"Demand":1,"DemandMax":null,"Value":546},{"Length":14,"Height":41,"Demand":1,"DemandMax":null,"Value":574},{"Length":14,"Height":49,"Demand":1,"DemandMax":null,"Value":686},{"Length":14,"Height":51,"Demand":1,"DemandMax":null,"Value":714},{"Length":14,"Height":53,"Demand":1,"DemandMax":null,"Value":742},{"Length":14,"Height":55,"Demand":1,"DemandMax":null,"Value":770},{"Length":14,"Height":67,"Demand":1,"DemandMax":null,"Value":938},{"Length":14,"Height":69,"Demand":1,"DemandMax":null,"Value":966},{"Length":14,"Height":71,"Demand":1,"DemandMax":null,"Value":994},{"Length":14,"Height":73,"Demand":1,"DemandMax":null,"Value":1022},{"Length":14,"Height":76,"Demand":1,"DemandMax":null,"Value":1064},{"Length":15,"Height":37,"Demand":1,"DemandMax":null,"Value":555},{"Length":15,"Height":39,"Demand":1,"DemandMax":null,"Value":585},{"Length":15,"Height":41,"Demand":1,"DemandMax":null,"Value":615},{"Length":15,"Height":49,"Demand":1,"DemandMax":null,"Value":735},{"Length":15,"Height":51,"Demand":1,"DemandMax":null,"Value":765},{"Length":15,"Height":53,"Demand":1,"DemandMax":null,"Value":795},{"Length":15,"Height":55,"Demand":1,"DemandMax":null,"Value":825},{"Length":15,"Height":67,"Demand":1,"DemandMax":null,"Value":1005},{"Length":15,"Height":69,"Demand":1,"DemandMax":null,"Value":1035},{"Length":15,"Height":71,"Demand":1,"DemandMax":null,"Value":1065},{"Length":15,"Height":73,"Demand":1,"DemandMax":null,"Value":1095},{"Length":15,"Height":76,"Demand":1,"DemandMax":null,"Value":1140},{"Length":16,"Height":37,"Demand":1,"DemandMax":null,"Value":592},{"Length":16,"Height":39,"Demand":1,"DemandMax":null,"Value":624},{"Length":16,"Height":41,"Demand":1,"DemandMax":null,"Value":656},{"Length":16,"Height":49,"Demand":1,"DemandMax":null,"Value":784},{"Length":16,"Height":51,"Demand":1,"DemandMax":null,"Value":816},{"Length":16,"Height":53,"Demand":1,"DemandMax":null,"Value":848},{"Length":16,"Height":55,"Demand":1,"DemandMax":null,"Value":880},{"Length":16,"Height":67,"Demand":1,"DemandMax":null,"Value":1072},{"Length":16,"Height":69,"Demand":1,"DemandMax":null,"Value":1104},{"Length":16,"Height":71,"Demand":1,"DemandMax":null,"Value":1136},{"Length":16,"Height":73,"Demand":1,"DemandMax":null,"Value":1168},{"Length":16,"Height":76,"Demand":1,"DemandMax":null,"Value":1216},{"Length":17,"Height":37,"Demand":1,"DemandMax":null,"Value":629},{"Length":17,"Height":39,"Demand":1,"DemandMax":null,"Value":663},{"Length":17,"Height":41,"Demand":1,"DemandMax":null,"Value":697},{"Length":17,"Height":49,"Demand":1,"DemandMax":null,"Value":833},{"Length":17,"Height":51,"Demand":1,"DemandMax":null,"Value":867},{"Length":17,"Height":53,"Demand":1,"DemandMax":null,"Value":901},{"Length":17,"Height":55,"Demand":1,"DemandMax":null,"Value":935},{"Length":17,"Height":67,"Demand":1,"DemandMax":null,"Value":1139},{"Length":17,"Height":69,"Demand":1,"DemandMax":null,"Value":1173},{"Length":17,"Height":71,"Demand":1,"DemandMax":null,"Value":1207},{"Length":17,"Height":73,"Demand":1,"DemandMax":null,"Value":1241},{"Length":17,"Height":76,"Demand":1,"DemandMax":null,"Value":1292},{"Length":18,"Height":37,"Demand":1,"DemandMax":null,"Value":666},{"Length":18,"Height":39,"Demand":1,"DemandMax":null,"Value":702},{"Length":18,"Height":41,"Demand":1,"DemandMax":null,"Value":738},{"Length":18,"Height":49,"Demand":1,"DemandMax":null,"Value":882},{"Length":18,"Height":51,"Demand":1,"DemandMax":null,"Value":918},{"Length":18,"Height":53,"Demand":1,"DemandMax":null,"Value":954},{"Length":18,"Height":55,"Demand":1,"DemandMax":null,"Value":990},{"Length":18,"Height":67,"Demand":1,"DemandMax":null,"Value":1206},{"Length":18,"Height":69,"Demand":1,"DemandMax":null,"Value":1242},{"Length":18,"Height":71,"Demand":1,"DemandMax":null,"Value":1278},{"Length":18,"Height":73,"Demand":1,"DemandMax":null,"Value":1314},{"Length":18,"Height":76,"Demand":1,"DemandMax":null,"Value":1368},{"Length":19,"Height":37,"Demand":1,"DemandMax":null,"Value":703},{"Length":19,"Height":39,"Demand":1,"DemandMax":null,"Value":741},{"Length":19,"Height":41,"Demand":1,"DemandMax":null,"Value":779},{"Length":19,"Height":49,"Demand":1,"DemandMax":null,"Value":931},{"Length":19,"Height":51,"Demand":1,"DemandMax":null,"Value":969},{"Length":19,"Height":53,"Demand":1,"DemandMax":null,"Value":1007},{"Length":19,"Height":55,"Demand":1,"DemandMax":null,"Value":1045},{"Length":19,"Height":67,"Demand":1,"DemandMax":null,"Value":1273},{"Length":19,"Height":69,"Demand":1,"DemandMax":null,"Value":1311},{"Length":19,"Height":71,"Demand":1,"DemandMax":null,"Value":1349},{"Length":19,"Height":73,"Demand":1,"DemandMax":null,"Value":1387},{"Length":19,"Height":76,"Demand":1,"DemandMax":null,"Value":1444},{"Length":20,"Height":37,"Demand":1,"DemandMax":null,"Value":740},{"Length":20,"Height":39,"Demand":1,"DemandMax":null,"Value":780},{"Length":20,"Height":41,"Demand":1,"DemandMax":null,"Value":820},{"Length":20,"Height":49,"Demand":1,"DemandMax":null,"Value":980},{"Length":20,"Height":51,"Demand":1,"DemandMax":null,"Value":1020},{"Length":20,"Height":53,"Demand":1,"DemandMax":null,"Value":1060},{"Length":20,"Height":55,"Demand":1,"DemandMax":null,"Value":1100},{"Length":20,"Height":67,"Demand":1,"DemandMax":null,"Value":1340},{"Length":20,"Height":69,"Demand":1,"DemandMax":null,"Value":1380},{"Length":20,"Height":71,"Demand":1,"DemandMax":null,"Value":1420},{"Length":20,"Height":73,"Demand":1,"DemandMax":null,"Value":1460},{"Length":20,"Height":76,"Demand":1,"DemandMax":null,"Value":1520},{"Length":21,"Height":37,"Demand":1,"DemandMax":null,"Value":777},{"Length":21,"Height":39,"Demand":1,"DemandMax":null,"Value":819},{"Length":21,"Height":41,"Demand":1,"DemandMax":null,"Value":861},{"Length":21,"Height":49,"Demand":1,"DemandMax":null,"Value":1029},{"Length":21,"Height":51,"Demand":1,"DemandMax":null,"Value":1071},{"Length":21,"Height":53,"Demand":1,"DemandMax":null,"Value":1113},{"Length":21,"Height":55,"Demand":1,"DemandMax":null,"Value":1155},{"Length":21,"Height":67,"Demand":1,"DemandMax":null,"Value":1407},{"Length":21,"Height":69,"Demand":1,"DemandMax":null,"Value":1449},{"Length":21,"Height":71,"Demand":1,"DemandMax":null,"Value":1491},{"Length":21,"Height":73,"Demand":1,"DemandMax":null,"Value":1533},{"Length":21,"Height":76,"Demand":1,"DemandMax":null,"Value":1596}]}