{"Name":"ngcut2","Objects":[{"Length":10,"Height":10,"Stock":null,"Cost":100}],"Items":[{"Length":1,"Height":10,"Demand":3,"DemandMax":28,"Value":10},{"Length":5,"Height":3,"Demand":2,"DemandMax":40,"Value":15},{"Length":9,"Height":3,"Demand":3,"DemandMax":63,"Value":27},{"Length":6,"Height":1,"Demand":3,"DemandMax":13,"Value":6},{"Length":3,"Height":8,"Demand":3,"DemandMax":31,"Value":24},{"Length":4,"Height":1,"Demand":1,"DemandMax":10,"Value":4},{"Length":7,"Height":3,"Demand":2,"DemandMax":44,"Value":21}]}