{"Name":"ngcut8","Objects":[{"Length":20,"Height":20,"Stock":null,"Cost":400}],"Items":[{"Length":15,"Height":3,"Demand":1,"DemandMax":110,"Value":45},{"Length":6,"Height":6,"Demand":3,"DemandMax":93,"Value":36},{"Length":13,"Height":1,"Demand":2,"DemandMax":38,"Value":13},{"Length":8,"Height":7,"Demand":2,"DemandMax":144,"Value":56},{"Length":18,"Height":5,"Demand":3,"DemandMax":185,"Value":90},{"Length":12,"Height":4,"Demand":1,"DemandMax":78,"Value":48},{"Length":8,"Height":3,"Demand":1,"DemandMax":25,"Value":24}]}