{"Name":"ngcut9","Objects":[{"Length":20,"Height":20,"Stock":null,"Cost":400}],"Items":[{"Length":14,"Height":2,"Demand":1,"DemandMax":45,"Value":28},{"Length":1,"Height":5,"Demand":1,"DemandMax":10,"Value":5},{"Length":20,"Height":4,"Demand":2,"DemandMax":139,"Value":80},{"Length":12,"Height":3,"Demand":3,"DemandMax":92,"Value":36},{"Length":11,"Height":8,"Demand":2,"DemandMax":145,"Value":88},{"Length":11,"Height":6,"Demand":2,"DemandMax":123,"Value":66},{"Length":7,"Height":9,"Demand":1,"DemandMax":166,"Value":63},{"Length":17,"Height":5,"Demand":1,"DemandMax":252,"Value":85},{"Length":7,"Height":14,"Demand":2,"DemandMax":161,"Value":98},{"Length":1,"Height":7,"Demand":3,"DemandMax":12,"Value":7}]}