{"Name":"ngcut12","Objects":[{"Length":30,"Height":30,"Stock":null,"Cost":900}],"Items":[{"Length":16,"Height":6,"Demand":1,"DemandMax":132,"Value":96},{"Length":24,"Height":1,"Demand":3,"DemandMax":29,"Value":24},{"Length":6,"Height":28,"Demand":3,"DemandMax":351,"Value":168},{"Length":8,"Height":23,"Demand":3,"DemandMax":275,"Value":184},{"Length":5,"Height":1,"Demand":3,"DemandMax":10,"Value":5},{"Length":6,"Height":26,"Demand":2,"DemandMax":259,"Value":156},{"Length":2,"Height":30,"Demand":2,"DemandMax":110,"Value":60},{"Length":9,"Height":11,"Demand":3,"DemandMax":240,"Value":99},{"Length":4,"Height":30,"Demand":1,"DemandMax":265,"Value":120},{"Length":16,"Height":13,"Demand":1,"DemandMax":507,"Value":208}]}