{"Name":"G2_7","Objects":[{"Length":2986,"Height":1331,"Stock":null,"Cost":3974366}],"Items":[{"Length":892,"Height":703,"Demand":556,"DemandMax":null,"Value":627076},{"Length":134,"Height":944,"Demand":743,"DemandMax":null,"Value":126496},{"Length":943,"Height":953,"Demand":359,"DemandMax":null,"Value":898679},{"Length":623,"Height":858,"Demand":314,"DemandMax":null,"Value":534534},{"Length":773,"Height":799,"Demand":197,"DemandMax":null,"Value":617627},{"Length":162,"Height":492,"Demand":669,"DemandMax":null,"Value":79704},{"Length":785,"Height":659,"Demand":335,"DemandMax":null,"Value":517315},{"Length":867,"Height":496,"Demand":508,"DemandMax":null,"Value":430032},{"Length":246,"Height":795,"Demand":176,"DemandMax":null,"Value":195570},{"Length":752,"Height":245,"Demand":766,"DemandMax":null,"Value":184240}]}