{"Name":"G2_9","Objects":[{"Length":2935,"Height":1028,"Stock":null,"Cost":3017180}],"Items":[{"Length":691,"Height":841,"Demand":281,"DemandMax":null,"Value":581131},{"Length":399,"Height":484,"Demand":871,"DemandMax":null,"Value":193116},{"Length":445,"Height":397,"Demand":738,"DemandMax":null,"Value":176665},{"Length":649,"Height":151,"Demand":875,"DemandMax":null,"Value":97999},{"Length":524,"Height":396,"Demand":383,"DemandMax":null,"Value":207504},{"Length":752,"Height":438,"Demand":641,"DemandMax":null,"Value":329376},{"Length":607,"Height":545,"Demand":231,"DemandMax":null,"Value":330815},{"Length":466,"Height":374,"Demand":786,"DemandMax":null,"Value":174284},{"Length":832,"Height":124,"Demand":352,"DemandMax":null,"Value":103168},{"Length":320,"Height":933,"Demand":780,"DemandMax":null,"Value":298560}]}