{"Name":"G2_8","Objects":[{"Length":2319,"Height":1210,"Stock":null,"Cost":2805990}],"Items":[{"Length":399,"Height":180,"Demand":215,"DemandMax":null,"Value":71820},{"Length":841,"Height":774,"Demand":451,"DemandMax":null,"Value":650934},{"Length":400,"Height":783,"Demand":413,"DemandMax":null,"Value":313200},{"Length":628,"Height":380,"Demand":689,"DemandMax":null,"Value":238640},{"Length":787,"Height":777,"Demand":530,"DemandMax":null,"Value":611499},{"Length":143,"Height":192,"Demand":504,"DemandMax":null,"Value":27456},{"Length":445,"Height":661,"Demand":728,"DemandMax":null,"Value":294145},{"Length":473,"Height":170,"Demand":542,"DemandMax":null,"Value":80410},{"Length":912,"Height":969,"Demand":923,"DemandMax":null,"Value":883728},{"Length":205,"Height":229,"Demand":515,"DemandMax":null,"Value":46945}]}