{"Name":"S2_5","Objects":[{"Length":2000,"Height":1000,"Stock":null,"Cost":2000000}],"Items":[{"Length":99,"Height":80,"Demand":5956,"DemandMax":null,"Value":7920},{"Length":57,"Height":69,"Demand":3078,"DemandMax":null,"Value":3933},{"Length":99,"Height":64,"Demand":9428,"DemandMax":null,"Value":6336},{"Length":18,"Height":82,"Demand":7944,"DemandMax":null,"Value":1476},{"Length":23,"Height":92,"Demand":4049,"DemandMax":null,"Value":2116},{"Length":46,"Height":67,"Demand":2239,"DemandMax":null,"Value":3082},{"Length":46,"Height":52,"Demand":6251,"DemandMax":null,"Value":2392},{"Length":89,"Height":72,"Demand":2647,"DemandMax":null,"Value":6408},{"Length":66,"Height":50,"Demand":7129,"DemandMax":null,"Value":3300},{"Length":21,"Height":83,"Demand":5287,"DemandMax":null,"Value":1743},{"Length":37,"Height":70,"Demand":2664,"DemandMax":null,"Value":2590},{"Length":48,"Height":61,"Demand":4490,"DemandMax":null,"Value":2928},{"Length":25,"Height":57,"Demand":5098,"DemandMax":null,"Value":1425},{"Length":33,"Height":63,"Demand":7658,"DemandMax":null,"Value":2079},{"Length":42,"Height":83,"Demand":4418,"DemandMax":null,"Value":3486},{"Length":45,"Height":88,"Demand":6545,"DemandMax":null,"Value":3960},{"Length":61,"Height":81,"Demand":1267,"DemandMax":null,"Value":4941},{"Length":7,"Height":96,"Demand":2320,"DemandMax":null,"Value":672},{"Length":36,"Height":81,"Demand":1388,"DemandMax":null,"Value":2916},{"Length":99,"Height":68,"Demand":2319,"DemandMax":null,"Value":6732},{"Length":77,"Height":78,"Demand":4182,"DemandMax":null,"Value":6006},{"Length":30,"Height":62,"Demand":9934,"DemandMax":null,"Value":1860},{"Length":57,"Height":57,"Demand":4239,"DemandMax":null,"Value":3249},{"Length":90,"Height":50,"Demand":7419,"DemandMax":null,"Value":4500},{"Length":82,"Height":54,"Demand":8769,"DemandMax":null,"Value":4428},{"Length":5,"Height":74,"Demand":6011,"DemandMax":null,"Value":370},{"Length":70,"Height":82,"Demand":3042,"DemandMax":null,"Value":5740},{"Length":24,"Height":64,"Demand":9284,"DemandMax":null,"Value":1536},{"Length":53,"Height":51,"Demand":4227,"DemandMax":null,"Value":2703},{"Length":99,"Height":76,"Demand":1878,"DemandMax":null,"Value":7524},{"Length":8,"Height":71,"Demand":4534,"DemandMax":null,"Value":568},{"Length":88,"Height":67,"Demand":5055,"DemandMax":null,"Value":5896},{"Length":79,"Height":89,"Demand":5563,"DemandMax":null,"Value":7031},{"Length":23,"Height":67,"Demand":9705,"DemandMax":null,"Value":1541},{"Length":81,"Height":56,"Demand":3153,"DemandMax":null,"Value":4536},{"Length":23,"Height":85,"Demand":4098,"DemandMax":null,"Value":1955},{"Length":43,"Height":79,"Demand":2169,"DemandMax":null,"Value":3397},{"Length":93,"Height":60,"Demand":4382,"DemandMax":null,"Value":5580},{"Length":55,"Height":76,"Demand":6513,"DemandMax":null,"Value":4180},{"Length":82,"Height":95,"Demand":2188,"DemandMax":null,"Value":7790}]}