{"Name":"G2_4","Objects":[{"Length":2270,"Height":1227,"Stock":null,"Cost":2785290}],"Items":[{"Length":837,"Height":117,"Demand":504,"DemandMax":null,"Value":97929},{"Length":128,"Height":471,"Demand":214,"DemandMax":null,"Value":60288},{"Length":966,"Height":286,"Demand":716,"DemandMax":null,"Value":276276},{"Length":243,"Height":350,"Demand":183,"DemandMax":null,"Value":85050},{"Length":128,"Height":152,"Demand":593,"DemandMax":null,"Value":19456},{"Length":307,"Height":241,"Demand":902,"DemandMax":null,"Value":73987},{"Length":177,"Height":797,"Demand":998,"DemandMax":null,"Value":141069},{"Length":972,"Height":992,"Demand":994,"DemandMax":null,"Value":964224},{"Length":141,"Height":282,"Demand":437,"DemandMax":null,"Value":39762},{"Length":900,"Height":343,"Demand":711,"DemandMax":null,"Value":308700}]}