{"Name":"S1_16","Objects":[{"Length":2000,"Height":1000,"Stock":null,"Cost":2000000}],"Items":[{"Length":919,"Height":602,"Demand":9030,"DemandMax":null,"Value":553238},{"Length":603,"Height":799,"Demand":8652,"DemandMax":null,"Value":481797},{"Length":953,"Height":272,"Demand":8272,"DemandMax":null,"Value":259216},{"Length":617,"Height":556,"Demand":9871,"DemandMax":null,"Value":343052},{"Length":489,"Height":159,"Demand":2444,"DemandMax":null,"Value":77751},{"Length":814,"Height":852,"Demand":4866,"DemandMax":null,"Value":693528},{"Length":962,"Height":830,"Demand":9901,"DemandMax":null,"Value":798460},{"Length":161,"Height":672,"Demand":5211,"DemandMax":null,"Value":108192},{"Length":439,"Height":624,"Demand":3595,"DemandMax":null,"Value":273936},{"Length":710,"Height":964,"Demand":4337,"DemandMax":null,"Value":684440},{"Length":253,"Height":308,"Demand":1394,"DemandMax":null,"Value":77924},{"Length":807,"Height":574,"Demand":1965,"DemandMax":null,"Value":463218},{"Length":389,"Height":871,"Demand":6755,"DemandMax":null,"Value":338819},{"Length":167,"Height":186,"Demand":5182,"DemandMax":null,"Value":31062},{"Length":741,"Height":604,"Demand":5101,"DemandMax":null,"Value":447564},{"Length":718,"Height":576,"Demand":4481,"DemandMax":null,"Value":413568},{"Length":861,"Height":385,"Demand":5217,"DemandMax":null,"Value":331485},{"Length":437,"Height":117,"Demand":4020,"DemandMax":null,"Value":51129},{"Length":561,"Height":780,"Demand":7157,"DemandMax":null,"Value":437580},{"Length":273,"Height":450,"Demand":4871,"DemandMax":null,"Value":122850},{"Length":625,"Height":427,"Demand":4577,"DemandMax":null,"Value":266875},{"Length":533,"Height":201,"Demand":6765,"DemandMax":null,"Value":107133},{"Length":974,"Height":500,"Demand":7229,"DemandMax":null,"Value":487000},{"Length":345,"Height":471,"Demand":1410,"DemandMax":null,"Value":162495},{"Length":643,"Height":109,"Demand":4664,"DemandMax":null,"Value":70087},{"Length":795,"Height":137,"Demand":7443,"DemandMax":null,"Value":108915},{"Length":724,"Height":102,"Demand":2183,"DemandMax":null,"Value":73848},{"Length":453,"Height":879,"Demand":8168,"DemandMax":null,"Value":398187},{"Length":249,"Height":820,"Demand":7796,"DemandMax":null,"Value":204180},{"Length":968,"Height":675,"Demand":5069,"DemandMax":null,"Value":653400},{"Length":574,"Height":123,"Demand":8581,"DemandMax":null,"Value":70602},{"Length":562,"Height":240,"Demand":2129,"DemandMax":null,"Value":134880},{"Length":441,"Height":460,"Demand":7491,"DemandMax":null,"Value":202860},{"Length":345,"Height":788,"Demand":7116,"DemandMax":null,"Value":271860},{"Length":742,"Height":901,"Demand":8409,"DemandMax":null,"Value":668542},{"Length":788,"Height":832,"Demand":1635,"DemandMax":null,"Value":655616},{"Length":810,"Height":783,"Demand":6326,"DemandMax":null,"Value":634230},{"Length":790,"Height":479,"Demand":8590,"DemandMax":null,"Value":378410},{"Length":480,"Height":557,"Demand":3959,"DemandMax":null,"Value":267360},{"Length":974,"Height":839,"Demand":6372,"DemandMax":null,"Value":817186}]}