{"Name":"G3_1","Objects":[{"Length":2828,"Height":1374,"Stock":null,"Cost":3885672}],"Items":[{"Length":190,"Height":928,"Demand":236,"DemandMax":null,"Value":176320},{"Length":660,"Height":686,"Demand":406,"DemandMax":null,"Value":452760},{"Length":727,"Height":751,"Demand":152,"DemandMax":null,"Value":545977},{"Length":973,"Height":865,"Demand":116,"DemandMax":null,"Value":841645},{"Length":914,"Height":557,"Demand":453,"DemandMax":null,"Value":509098},{"Length":652,"Height":730,"Demand":283,"DemandMax":null,"Value":475960},{"Length":211,"Height":362,"Demand":439,"DemandMax":null,"Value":76382},{"Length":695,"Height":573,"Demand":378,"DemandMax":null,"Value":398235},{"Length":480,"Height":793,"Demand":855,"DemandMax":null,"Value":380640},{"Length":803,"Height":801,"Demand":741,"DemandMax":null,"Value":643203},{"Length":978,"Height":346,"Demand":901,"DemandMax":null,"Value":338388},{"Length":540,"Height":530,"Demand":924,"DemandMax":null,"Value":286200},{"Length":500,"Height":589,"Demand":832,"DemandMax":null,"Value":294500},{"Length":302,"Height":617,"Demand":780,"DemandMax":null,"Value":186334},{"Length":143,"Height":560,"Demand":863,"DemandMax":null,"Value":80080},{"Length":364,"Height":984,"Demand":838,"DemandMax":null,"Value":358176},{"Length":355,"Height":201,"Demand":679,"DemandMax":null,"Value":71355},{"Length":107,"Height":469,"Demand":1000,"DemandMax":null,"Value":50183},{"Length":662,"Height":101,"Demand":827,"DemandMax":null,"Value":66862},{"Length":367,"Height":672,"Demand":272,"DemandMax":null,"Value":246624}]}