{"Name":"S2_11","Objects":[{"Length":2000,"Height":1000,"Stock":null,"Cost":2000000}],"Items":[{"Length":98,"Height":75,"Demand":8139,"DemandMax":null,"Value":7350},{"Length":15,"Height":90,"Demand":1304,"DemandMax":null,"Value":1350},{"Length":71,"Height":98,"Demand":2321,"DemandMax":null,"Value":6958},{"Length":89,"Height":86,"Demand":6849,"DemandMax":null,"Value":7654},{"Length":29,"Height":66,"Demand":1652,"DemandMax":null,"Value":1914},{"Length":49,"Height":91,"Demand":2206,"DemandMax":null,"Value":4459},{"Length":99,"Height":59,"Demand":1791,"DemandMax":null,"Value":5841},{"Length":21,"Height":85,"Demand":9382,"DemandMax":null,"Value":1785},{"Length":23,"Height":58,"Demand":4825,"DemandMax":null,"Value":1334},{"Length":37,"Height":82,"Demand":9625,"DemandMax":null,"Value":3034},{"Length":23,"Height":51,"Demand":6025,"DemandMax":null,"Value":1173},{"Length":68,"Height":77,"Demand":9348,"DemandMax":null,"Value":5236},{"Length":98,"Height":81,"Demand":5542,"DemandMax":null,"Value":7938},{"Length":79,"Height":66,"Demand":6765,"DemandMax":null,"Value":5214},{"Length":63,"Height":96,"Demand":4303,"DemandMax":null,"Value":6048},{"Length":44,"Height":85,"Demand":1698,"DemandMax":null,"Value":3740},{"Length":80,"Height":60,"Demand":9084,"DemandMax":null,"Value":4800},{"Length":81,"Height":50,"Demand":2909,"DemandMax":null,"Value":4050},{"Length":38,"Height":88,"Demand":5909,"DemandMax":null,"Value":3344},{"Length":37,"Height":58,"Demand":4698,"DemandMax":null,"Value":2146},{"Length":93,"Height":52,"Demand":6815,"DemandMax":null,"Value":4836},{"Length":85,"Height":85,"Demand":6973,"DemandMax":null,"Value":7225},{"Length":51,"Height":89,"Demand":3584,"DemandMax":null,"Value":4539},{"Length":54,"Height":92,"Demand":4177,"DemandMax":null,"Value":4968},{"Length":51,"Height":78,"Demand":9580,"DemandMax":null,"Value":3978},{"Length":98,"Height":91,"Demand":4936,"DemandMax":null,"Value":8918},{"Length":7,"Height":52,"Demand":6339,"DemandMax":null,"Value":364},{"Length":75,"Height":63,"Demand":4730,"DemandMax":null,"Value":4725},{"Length":47,"Height":95,"Demand":3207,"DemandMax":null,"Value":4465},{"Length":93,"Height":85,"Demand":8957,"DemandMax":null,"Value":7905},{"Length":58,"Height":95,"Demand":1260,"DemandMax":null,"Value":5510},{"Length":39,"Height":71,"Demand":5922,"DemandMax":null,"Value":2769},{"Length":63,"Height":51,"Demand":3038,"DemandMax":null,"Value":3213},{"Length":14,"Height":83,"Demand":7421,"DemandMax":null,"Value":1162},{"Length":79,"Height":61,"Demand":5477,"DemandMax":null,"Value":4819},{"Length":21,"Height":53,"Demand":5010,"DemandMax":null,"Value":1113},{"Length":71,"Height":76,"Demand":1869,"DemandMax":null,"Value":5396},{"Length":70,"Height":71,"Demand":9724,"DemandMax":null,"Value":4970},{"Length":79,"Height":52,"Demand":4940,"DemandMax":null,"Value":4108},{"Length":44,"Height":55,"Demand":6228,"DemandMax":null,"Value":2420}]}