{"Name":"S2_9","Objects":[{"Length":2000,"Height":1000,"Stock":null,"Cost":2000000}],"Items":[{"Length":47,"Height":63,"Demand":1979,"DemandMax":null,"Value":2961},{"Length":80,"Height":92,"Demand":3619,"DemandMax":null,"Value":7360},{"Length":28,"Height":54,"Demand":2730,"DemandMax":null,"Value":1512},{"Length":97,"Height":73,"Demand":7956,"DemandMax":null,"Value":7081},{"Length":40,"Height":56,"Demand":8138,"DemandMax":null,"Value":2240},{"Length":52,"Height":83,"Demand":1924,"DemandMax":null,"Value":4316},{"Length":54,"Height":58,"Demand":6362,"DemandMax":null,"Value":3132},{"Length":59,"Height":92,"Demand":7773,"DemandMax":null,"Value":5428},{"Length":49,"Height":68,"Demand":2526,"DemandMax":null,"Value":3332},{"Length":91,"Height":82,"Demand":4354,"DemandMax":null,"Value":7462},{"Length":87,"Height":55,"Demand":5949,"DemandMax":null,"Value":4785},{"Length":67,"Height":75,"Demand":7380,"DemandMax":null,"Value":5025},{"Length":23,"Height":59,"Demand":5585,"DemandMax":null,"Value":1357},{"Length":82,"Height":81,"Demand":7550,"DemandMax":null,"Value":6642},{"Length":7,"Height":71,"Demand":4192,"DemandMax":null,"Value":497},{"Length":34,"Height":73,"Demand":7319,"DemandMax":null,"Value":2482},{"Length":93,"Height":86,"Demand":3288,"DemandMax":null,"Value":7998},{"Length":53,"Height":59,"Demand":5307,"DemandMax":null,"Value":3127},{"Length":31,"Height":83,"Demand":7052,"DemandMax":null,"Value":2573},{"Length":50,"Height":83,"Demand":5163,"DemandMax":null,"Value":4150},{"Length":76,"Height":95,"Demand":6044,"DemandMax":null,"Value":7220},{"Length":61,"Height":94,"Demand":6499,"DemandMax":null,"Value":5734},{"Length":81,"Height":89,"Demand":7108,"DemandMax":null,"Value":7209},{"Length":31,"Height":75,"Demand":6072,"DemandMax":null,"Value":2325},{"Length":99,"Height":53,"Demand":9179,"DemandMax":null,"Value":5247},{"Length":46,"Height":92,"Demand":6257,"DemandMax":null,"Value":4232},{"Length":85,"Height":89,"Demand":8143,"DemandMax":null,"Value":7565},{"Length":48,"Height":86,"Demand":8669,"DemandMax":null,"Value":4128},{"Length":64,"Height":60,"Demand":9401,"DemandMax":null,"Value":3840},{"Length":26,"Height":73,"Demand":5193,"DemandMax":null,"Value":1898},{"Length":23,"Height":65,"Demand":4596,"DemandMax":null,"Value":1495},{"Length":97,"Height":59,"Demand":9304,"DemandMax":null,"Value":5723},{"Length":90,"Height":53,"Demand":2163,"DemandMax":null,"Value":4770},{"Length":98,"Height":61,"Demand":4948,"DemandMax":null,"Value":5978},{"Length":81,"Height":85,"Demand":5053,"DemandMax":null,"Value":6885},{"Length":62,"Height":56,"Demand":9206,"DemandMax":null,"Value":3472},{"Length":50,"Height":69,"Demand":6323,"DemandMax":null,"Value":3450},{"Length":52,"Height":54,"Demand":2836,"DemandMax":null,"Value":2808},{"Length":57,"Height":83,"Demand":4427,"DemandMax":null,"Value":4731},{"Length":43,"Height":58,"Demand":4566,"DemandMax":null,"Value":2494}]}