{"Name":"S2_7","Objects":[{"Length":2000,"Height":1000,"Stock":null,"Cost":2000000}],"Items":[{"Length":68,"Height":66,"Demand":1726,"DemandMax":null,"Value":4488},{"Length":6,"Height":83,"Demand":5128,"DemandMax":null,"Value":498},{"Length":33,"Height":99,"Demand":4316,"DemandMax":null,"Value":3267},{"Length":67,"Height":94,"Demand":4765,"DemandMax":null,"Value":6298},{"Length":81,"Height":72,"Demand":7322,"DemandMax":null,"Value":5832},{"Length":67,"Height":51,"Demand":7624,"DemandMax":null,"Value":3417},{"Length":85,"Height":57,"Demand":9252,"DemandMax":null,"Value":4845},{"Length":61,"Height":52,"Demand":2911,"DemandMax":null,"Value":3172},{"Length":39,"Height":87,"Demand":3362,"DemandMax":null,"Value":3393},{"Length":70,"Height":70,"Demand":5048,"DemandMax":null,"Value":4900},{"Length":31,"Height":69,"Demand":9381,"DemandMax":null,"Value":2139},{"Length":97,"Height":58,"Demand":7201,"DemandMax":null,"Value":5626},{"Length":39,"Height":76,"Demand":3837,"DemandMax":null,"Value":2964},{"Length":60,"Height":66,"Demand":7493,"DemandMax":null,"Value":3960},{"Length":85,"Height":85,"Demand":2765,"DemandMax":null,"Value":7225},{"Length":61,"Height":70,"Demand":5922,"DemandMax":null,"Value":4270},{"Length":46,"Height":87,"Demand":1937,"DemandMax":null,"Value":4002},{"Length":92,"Height":65,"Demand":3690,"DemandMax":null,"Value":5980},{"Length":13,"Height":92,"Demand":5775,"DemandMax":null,"Value":1196},{"Length":41,"Height":60,"Demand":6774,"DemandMax":null,"Value":2460},{"Length":58,"Height":74,"Demand":6675,"DemandMax":null,"Value":4292},{"Length":6,"Height":57,"Demand":9806,"DemandMax":null,"Value":342},{"Length":68,"Height":76,"Demand":6837,"DemandMax":null,"Value":5168},{"Length":24,"Height":66,"Demand":1213,"DemandMax":null,"Value":1584},{"Length":18,"Height":60,"Demand":6943,"DemandMax":null,"Value":1080},{"Length":11,"Height":97,"Demand":2853,"DemandMax":null,"Value":1067},{"Length":42,"Height":87,"Demand":5296,"DemandMax":null,"Value":3654},{"Length":77,"Height":81,"Demand":6522,"DemandMax":null,"Value":6237},{"Length":13,"Height":68,"Demand":8451,"DemandMax":null,"Value":884},{"Length":82,"Height":82,"Demand":4547,"DemandMax":null,"Value":6724},{"Length":6,"Height":98,"Demand":4017,"DemandMax":null,"Value":588},{"Length":49,"Height":51,"Demand":3618,"DemandMax":null,"Value":2499},{"Length":76,"Height":85,"Demand":5414,"DemandMax":null,"Value":6460},{"Length":5,"Height":50,"Demand":9827,"DemandMax":null,"Value":250},{"Length":39,"Height":85,"Demand":8897,"DemandMax":null,"Value":3315},{"Length":13,"Height":69,"Demand":7139,"DemandMax":null,"Value":897},{"Length":55,"Height":88,"Demand":5429,"DemandMax":null,"Value":4840},{"Length":69,"Height":77,"Demand":7881,"DemandMax":null,"Value":5313},{"Length":21,"Height":72,"Demand":2944,"DemandMax":null,"Value":1512},{"Length":42,"Height":79,"Demand":4833,"DemandMax":null,"Value":3318}]}