{"Name":"G4_10","Objects":[{"Length":2092,"Height":1062,"Stock":null,"Cost":2221704}],"Items":[{"Length":335,"Height":974,"Demand":888,"DemandMax":null,"Value":326290},{"Length":904,"Height":499,"Demand":846,"DemandMax":null,"Value":451096},{"Length":643,"Height":837,"Demand":624,"DemandMax":null,"Value":538191},{"Length":239,"Height":746,"Demand":172,"DemandMax":null,"Value":178294},{"Length":520,"Height":302,"Demand":991,"DemandMax":null,"Value":157040},{"Length":196,"Height":778,"Demand":547,"DemandMax":null,"Value":152488},{"Length":571,"Height":608,"Demand":497,"DemandMax":null,"Value":347168},{"Length":610,"Height":822,"Demand":286,"DemandMax":null,"Value":501420},{"Length":237,"Height":980,"Demand":643,"DemandMax":null,"Value":232260},{"Length":968,"Height":622,"Demand":435,"DemandMax":null,"Value":602096},{"Length":246,"Height":533,"Demand":638,"DemandMax":null,"Value":131118},{"Length":236,"Height":873,"Demand":637,"DemandMax":null,"Value":206028},{"Length":536,"Height":435,"Demand":318,"DemandMax":null,"Value":233160},{"Length":929,"Height":744,"Demand":881,"DemandMax":null,"Value":691176},{"Length":812,"Height":158,"Demand":394,"DemandMax":null,"Value":128296},{"Length":713,"Height":365,"Demand":437,"DemandMax":null,"Value":260245},{"Length":909,"Height":133,"Demand":265,"DemandMax":null,"Value":120897},{"Length":923,"Height":314,"Demand":754,"DemandMax":null,"Value":289822},{"Length":435,"Height":715,"Demand":284,"DemandMax":null,"Value":311025},{"Length":506,"Height":736,"Demand":904,"DemandMax":null,"Value":372416},{"Length":511,"Height":602,"Demand":652,"DemandMax":null,"Value":307622},{"Length":474,"Height":765,"Demand":227,"DemandMax":null,"Value":362610},{"Length":119,"Height":102,"Demand":884,"DemandMax":null,"Value":12138},{"Length":124,"Height":325,"Demand":174,"DemandMax":null,"Value":40300},{"Length":305,"Height":565,"Demand":740,"DemandMax":null,"Value":172325},{"Length":470,"Height":846,"Demand":242,"DemandMax":null,"Value":397620},{"Length":722,"Height":662,"Demand":957,"DemandMax":null,"Value":477964},{"Length":378,"Height":400,"Demand":355,"DemandMax":null,"Value":151200},{"Length":756,"Height":574,"Demand":358,"DemandMax":null,"Value":433944},{"Length":289,"Height":695,"Demand":433,"DemandMax":null,"Value":200855},{"Length":437,"Height":654,"Demand":174,"DemandMax":null,"Value":285798},{"Length":154,"Height":717,"Demand":845,"DemandMax":null,"Value":110418},{"Length":955,"Height":235,"Demand":228,"DemandMax":null,"Value":224425},{"Length":542,"Height":816,"Demand":524,"DemandMax":null,"Value":442272},{"Length":629,"Height":141,"Demand":458,"DemandMax":null,"Value":88689},{"Length":614,"Height":393,"Demand":254,"DemandMax":null,"Value":241302},{"Length":100,"Height":209,"Demand":828,"DemandMax":null,"Value":20900},{"Length":542,"Height":246,"Demand":692,"DemandMax":null,"Value":133332},{"Length":490,"Height":316,"Demand":486,"DemandMax":null,"Value":154840},{"Length":640,"Height":514,"Demand":864,"DemandMax":null,"Value":328960}]}