{"Name":"S2_14","Objects":[{"Length":2000,"Height":1000,"Stock":null,"Cost":2000000}],"Items":[{"Length":53,"Height":78,"Demand":8252,"DemandMax":null,"Value":4134},{"Length":20,"Height":86,"Demand":4101,"DemandMax":null,"Value":1720},{"Length":62,"Height":65,"Demand":9661,"DemandMax":null,"Value":4030},{"Length":23,"Height":67,"Demand":6242,"DemandMax":null,"Value":1541},{"Length":69,"Height":88,"Demand":3482,"DemandMax":null,"Value":6072},{"Length":98,"Height":94,"Demand":2001,"DemandMax":null,"Value":9212},{"Length":75,"Height":71,"Demand":6627,"DemandMax":null,"Value":5325},{"Length":24,"Height":61,"Demand":2991,"DemandMax":null,"Value":1464},{"Length":90,"Height":99,"Demand":9308,"DemandMax":null,"Value":8910},{"Length":10,"Height":81,"Demand":2229,"DemandMax":null,"Value":810},{"Length":82,"Height":52,"Demand":7061,"DemandMax":null,"Value":4264},{"Length":55,"Height":92,"Demand":6649,"DemandMax":null,"Value":5060},{"Length":98,"Height":81,"Demand":3514,"DemandMax":null,"Value":7938},{"Length":66,"Height":65,"Demand":6899,"DemandMax":null,"Value":4290},{"Length":44,"Height":84,"Demand":4697,"DemandMax":null,"Value":3696},{"Length":85,"Height":65,"Demand":4284,"DemandMax":null,"Value":5525},{"Length":97,"Height":88,"Demand":7571,"DemandMax":null,"Value":8536},{"Length":93,"Height":61,"Demand":8089,"DemandMax":null,"Value":5673},{"Length":72,"Height":79,"Demand":2344,"DemandMax":null,"Value":5688},{"Length":99,"Height":53,"Demand":9813,"DemandMax":null,"Value":5247},{"Length":89,"Height":58,"Demand":7184,"DemandMax":null,"Value":5162},{"Length":69,"Height":97,"Demand":6790,"DemandMax":null,"Value":6693},{"Length":19,"Height":91,"Demand":1188,"DemandMax":null,"Value":1729},{"Length":91,"Height":96,"Demand":2726,"DemandMax":null,"Value":8736},{"Length":53,"Height":83,"Demand":2259,"DemandMax":null,"Value":4399},{"Length":37,"Height":95,"Demand":3664,"DemandMax":null,"Value":3515},{"Length":75,"Height":82,"Demand":2619,"DemandMax":null,"Value":6150},{"Length":7,"Height":96,"Demand":9213,"DemandMax":null,"Value":672},{"Length":82,"Height":68,"Demand":7647,"DemandMax":null,"Value":5576},{"Length":61,"Height":74,"Demand":2414,"DemandMax":null,"Value":4514},{"Length":11,"Height":75,"Demand":8259,"DemandMax":null,"Value":825},{"Length":21,"Height":84,"Demand":8713,"DemandMax":null,"Value":1764},{"Length":95,"Height":95,"Demand":1603,"DemandMax":null,"Value":9025},{"Length":65,"Height":90,"Demand":8038,"DemandMax":null,"Value":5850},{"Length":7,"Height":74,"Demand":8330,"DemandMax":null,"Value":518},{"Length":65,"Height":92,"Demand":1438,"DemandMax":null,"Value":5980},{"Length":63,"Height":64,"Demand":3359,"DemandMax":null,"Value":4032},{"Length":26,"Height":83,"Demand":6738,"DemandMax":null,"Value":2158},{"Length":41,"Height":97,"Demand":7023,"DemandMax":null,"Value":3977},{"Length":62,"Height":86,"Demand":9888,"DemandMax":null,"Value":5332}]}