{"Name":"S2_3","Objects":[{"Length":2000,"Height":1000,"Stock":null,"Cost":2000000}],"Items":[{"Length":73,"Height":75,"Demand":8053,"DemandMax":null,"Value":5475},{"Length":38,"Height":74,"Demand":1273,"DemandMax":null,"Value":2812},{"Length":98,"Height":60,"Demand":9748,"DemandMax":null,"Value":5880},{"Length":9,"Height":71,"Demand":6167,"DemandMax":null,"Value":639},{"Length":87,"Height":92,"Demand":6136,"DemandMax":null,"Value":8004},{"Length":18,"Height":66,"Demand":4794,"DemandMax":null,"Value":1188},{"Length":38,"Height":57,"Demand":1886,"DemandMax":null,"Value":2166},{"Length":44,"Height":63,"Demand":6621,"DemandMax":null,"Value":2772},{"Length":15,"Height":79,"Demand":2247,"DemandMax":null,"Value":1185},{"Length":88,"Height":85,"Demand":5774,"DemandMax":null,"Value":7480},{"Length":9,"Height":62,"Demand":4790,"DemandMax":null,"Value":558},{"Length":70,"Height":50,"Demand":5002,"DemandMax":null,"Value":3500},{"Length":26,"Height":88,"Demand":1951,"DemandMax":null,"Value":2288},{"Length":81,"Height":75,"Demand":9764,"DemandMax":null,"Value":6075},{"Length":16,"Height":67,"Demand":2591,"DemandMax":null,"Value":1072},{"Length":60,"Height":68,"Demand":6075,"DemandMax":null,"Value":4080},{"Length":79,"Height":98,"Demand":6955,"DemandMax":null,"Value":7742},{"Length":59,"Height":55,"Demand":4140,"DemandMax":null,"Value":3245},{"Length":24,"Height":77,"Demand":6157,"DemandMax":null,"Value":1848},{"Length":33,"Height":94,"Demand":8725,"DemandMax":null,"Value":3102},{"Length":61,"Height":76,"Demand":2638,"DemandMax":null,"Value":4636},{"Length":96,"Height":64,"Demand":1138,"DemandMax":null,"Value":6144},{"Length":67,"Height":82,"Demand":6143,"DemandMax":null,"Value":5494},{"Length":93,"Height":66,"Demand":8421,"DemandMax":null,"Value":6138},{"Length":11,"Height":66,"Demand":5802,"DemandMax":null,"Value":726},{"Length":6,"Height":76,"Demand":8256,"DemandMax":null,"Value":456},{"Length":99,"Height":65,"Demand":8891,"DemandMax":null,"Value":6435},{"Length":65,"Height":86,"Demand":3139,"DemandMax":null,"Value":5590},{"Length":53,"Height":85,"Demand":3006,"DemandMax":null,"Value":4505},{"Length":36,"Height":89,"Demand":2824,"DemandMax":null,"Value":3204},{"Length":53,"Height":96,"Demand":5831,"DemandMax":null,"Value":5088},{"Length":53,"Height":67,"Demand":9786,"DemandMax":null,"Value":3551},{"Length":79,"Height":91,"Demand":1448,"DemandMax":null,"Value":7189},{"Length":5,"Height":63,"Demand":1039,"DemandMax":null,"Value":315},{"Length":30,"Height":85,"Demand":1544,"DemandMax":null,"Value":2550},{"Length":19,"Height":63,"Demand":3632,"DemandMax":null,"Value":1197},{"Length":64,"Height":99,"Demand":4747,"DemandMax":null,"Value":6336},{"Length":6,"Height":96,"Demand":1202,"DemandMax":null,"Value":576},{"Length":36,"Height":80,"Demand":5137,"DemandMax":null,"Value":2880},{"Length":70,"Height":99,"Demand":3829,"DemandMax":null,"Value":6930}]}