{"Name":"S2_4","Objects":[{"Length":2000,"Height":1000,"Stock":null,"Cost":2000000}],"Items":[{"Length":85,"Height":99,"Demand":9570,"DemandMax":null,"Value":8415},{"Length":60,"Height":96,"Demand":8485,"DemandMax":null,"Value":5760},{"Length":44,"Height":93,"Demand":2083,"DemandMax":null,"Value":4092},{"Length":33,"Height":82,"Demand":1484,"DemandMax":null,"Value":2706},{"Length":70,"Height":78,"Demand":6486,"DemandMax":null,"Value":5460},{"Length":43,"Height":62,"Demand":1977,"DemandMax":null,"Value":2666},{"Length":90,"Height":83,"Demand":9201,"DemandMax":null,"Value":7470},{"Length":10,"Height":68,"Demand":7379,"DemandMax":null,"Value":680},{"Length":70,"Height":74,"Demand":8972,"DemandMax":null,"Value":5180},{"Length":6,"Height":82,"Demand":6316,"DemandMax":null,"Value":492},{"Length":25,"Height":91,"Demand":4902,"DemandMax":null,"Value":2275},{"Length":99,"Height":63,"Demand":5818,"DemandMax":null,"Value":6237},{"Length":23,"Height":77,"Demand":3957,"DemandMax":null,"Value":1771},{"Length":40,"Height":81,"Demand":2653,"DemandMax":null,"Value":3240},{"Length":79,"Height":87,"Demand":8394,"DemandMax":null,"Value":6873},{"Length":46,"Height":85,"Demand":1678,"DemandMax":null,"Value":3910},{"Length":13,"Height":59,"Demand":9832,"DemandMax":null,"Value":767},{"Length":98,"Height":52,"Demand":3275,"DemandMax":null,"Value":5096},{"Length":33,"Height":90,"Demand":9966,"DemandMax":null,"Value":2970},{"Length":25,"Height":60,"Demand":1157,"DemandMax":null,"Value":1500},{"Length":60,"Height":79,"Demand":9307,"DemandMax":null,"Value":4740},{"Length":47,"Height":76,"Demand":6625,"DemandMax":null,"Value":3572},{"Length":67,"Height":69,"Demand":8031,"DemandMax":null,"Value":4623},{"Length":11,"Height":82,"Demand":5271,"DemandMax":null,"Value":902},{"Length":82,"Height":68,"Demand":6056,"DemandMax":null,"Value":5576},{"Length":90,"Height":92,"Demand":4030,"DemandMax":null,"Value":8280},{"Length":31,"Height":73,"Demand":8083,"DemandMax":null,"Value":2263},{"Length":70,"Height":66,"Demand":9627,"DemandMax":null,"Value":4620},{"Length":21,"Height":77,"Demand":8517,"DemandMax":null,"Value":1617},{"Length":25,"Height":92,"Demand":6905,"DemandMax":null,"Value":2300},{"Length":20,"Height":69,"Demand":5203,"DemandMax":null,"Value":1380},{"Length":81,"Height":59,"Demand":8501,"DemandMax":null,"Value":4779},{"Length":83,"Height":94,"Demand":9777,"DemandMax":null,"Value":7802},{"Length":37,"Height":97,"Demand":4713,"DemandMax":null,"Value":3589},{"Length":43,"Height":65,"Demand":3302,"DemandMax":null,"Value":2795},{"Length":72,"Height":52,"Demand":5759,"DemandMax":null,"Value":3744},{"Length":66,"Height":66,"Demand":9954,"DemandMax":null,"Value":4356},{"Length":80,"Height":73,"Demand":2471,"DemandMax":null,"Value":5840},{"Length":49,"Height":64,"Demand":2731,"DemandMax":null,"Value":3136},{"Length":59,"Height":58,"Demand":3640,"DemandMax":null,"Value":3422}]}