{"Name":"G4_9","Objects":[{"Length":2369,"Height":1342,"Stock":null,"Cost":3179198}],"Items":[{"Length":763,"Height":647,"Demand":876,"DemandMax":null,"Value":493661},{"Length":552,"Height":484,"Demand":285,"DemandMax":null,"Value":267168},{"Length":127,"Height":377,"Demand":226,"DemandMax":null,"Value":47879},{"Length":146,"Height":619,"Demand":266,"DemandMax":null,"Value":90374},{"Length":496,"Height":788,"Demand":798,"DemandMax":null,"Value":390848},{"Length":637,"Height":556,"Demand":591,"DemandMax":null,"Value":354172},{"Length":651,"Height":992,"Demand":985,"DemandMax":null,"Value":645792},{"Length":316,"Height":130,"Demand":837,"DemandMax":null,"Value":41080},{"Length":502,"Height":126,"Demand":263,"DemandMax":null,"Value":63252},{"Length":758,"Height":430,"Demand":123,"DemandMax":null,"Value":325940},{"Length":228,"Height":825,"Demand":598,"DemandMax":null,"Value":188100},{"Length":708,"Height":416,"Demand":739,"DemandMax":null,"Value":294528},{"Length":635,"Height":975,"Demand":796,"DemandMax":null,"Value":619125},{"Length":395,"Height":372,"Demand":323,"DemandMax":null,"Value":146940},{"Length":131,"Height":406,"Demand":600,"DemandMax":null,"Value":53186},{"Length":605,"Height":840,"Demand":772,"DemandMax":null,"Value":508200},{"Length":502,"Height":144,"Demand":445,"DemandMax":null,"Value":72288},{"Length":707,"Height":515,"Demand":720,"DemandMax":null,"Value":364105},{"Length":995,"Height":196,"Demand":185,"DemandMax":null,"Value":195020},{"Length":611,"Height":583,"Demand":545,"DemandMax":null,"Value":356213},{"Length":201,"Height":646,"Demand":258,"DemandMax":null,"Value":129846},{"Length":623,"Height":506,"Demand":814,"DemandMax":null,"Value":315238},{"Length":702,"Height":864,"Demand":589,"DemandMax":null,"Value":606528},{"Length":125,"Height":176,"Demand":303,"DemandMax":null,"Value":22000},{"Length":357,"Height":918,"Demand":700,"DemandMax":null,"Value":327726},{"Length":463,"Height":895,"Demand":568,"DemandMax":null,"Value":414385},{"Length":280,"Height":111,"Demand":113,"DemandMax":null,"Value":31080},{"Length":447,"Height":801,"Demand":209,"DemandMax":null,"Value":358047},{"Length":563,"Height":624,"Demand":321,"DemandMax":null,"Value":351312},{"Length":399,"Height":698,"Demand":451,"DemandMax":null,"Value":278502},{"Length":985,"Height":115,"Demand":422,"DemandMax":null,"Value":113275},{"Length":149,"Height":499,"Demand":925,"DemandMax":null,"Value":74351},{"Length":340,"Height":459,"Demand":435,"DemandMax":null,"Value":156060},{"Length":421,"Height":353,"Demand":595,"DemandMax":null,"Value":148613},{"Length":460,"Height":564,"Demand":164,"DemandMax":null,"Value":259440},{"Length":405,"Height":348,"Demand":796,"DemandMax":null,"Value":140940},{"Length":800,"Height":803,"Demand":157,"DemandMax":null,"Value":642400},{"Length":829,"Height":896,"Demand":915,"DemandMax":null,"Value":742784},{"Length":832,"Height":345,"Demand":148,"DemandMax":null,"Value":287040},{"Length":619,"Height":858,"Demand":705,"DemandMax":null,"Value":531102}]}