{"Name":"S1_11","Objects":[{"Length":2000,"Height":1000,"Stock":null,"Cost":2000000}],"Items":[{"Length":746,"Height":716,"Demand":9648,"DemandMax":null,"Value":534136},{"Length":684,"Height":339,"Demand":5396,"DemandMax":null,"Value":231876},{"Length":136,"Height":692,"Demand":8567,"DemandMax":null,"Value":94112},{"Length":550,"Height":708,"Demand":6427,"DemandMax":null,"Value":389400},{"Length":254,"Height":760,"Demand":5370,"DemandMax":null,"Value":193040},{"Length":702,"Height":677,"Demand":9555,"DemandMax":null,"Value":475254},{"Length":228,"Height":958,"Demand":8706,"DemandMax":null,"Value":218424},{"Length":825,"Height":636,"Demand":8408,"DemandMax":null,"Value":524700},{"Length":191,"Height":431,"Demand":6524,"DemandMax":null,"Value":82321},{"Length":340,"Height":220,"Demand":4924,"DemandMax":null,"Value":74800},{"Length":448,"Height":587,"Demand":1715,"DemandMax":null,"Value":262976},{"Length":414,"Height":870,"Demand":3162,"DemandMax":null,"Value":360180},{"Length":537,"Height":866,"Demand":7477,"DemandMax":null,"Value":465042},{"Length":578,"Height":892,"Demand":2700,"DemandMax":null,"Value":515576},{"Length":959,"Height":774,"Demand":2637,"DemandMax":null,"Value":742266},{"Length":758,"Height":788,"Demand":2193,"DemandMax":null,"Value":597304},{"Length":630,"Height":916,"Demand":6351,"DemandMax":null,"Value":577080},{"Length":974,"Height":339,"Demand":5123,"DemandMax":null,"Value":330186},{"Length":914,"Height":341,"Demand":1416,"DemandMax":null,"Value":311674},{"Length":567,"Height":296,"Demand":5170,"DemandMax":null,"Value":167832},{"Length":968,"Height":467,"Demand":1114,"DemandMax":null,"Value":452056},{"Length":682,"Height":526,"Demand":4845,"DemandMax":null,"Value":358732},{"Length":458,"Height":647,"Demand":1922,"DemandMax":null,"Value":296326},{"Length":734,"Height":996,"Demand":5498,"DemandMax":null,"Value":731064},{"Length":752,"Height":657,"Demand":1011,"DemandMax":null,"Value":494064},{"Length":529,"Height":471,"Demand":1263,"DemandMax":null,"Value":249159},{"Length":462,"Height":520,"Demand":1080,"DemandMax":null,"Value":240240},{"Length":739,"Height":316,"Demand":4546,"DemandMax":null,"Value":233524},{"Length":209,"Height":893,"Demand":2993,"DemandMax":null,"Value":186637},{"Length":666,"Height":328,"Demand":4846,"DemandMax":null,"Value":218448},{"Length":237,"Height":299,"Demand":4023,"DemandMax":null,"Value":70863},{"Length":220,"Height":678,"Demand":7826,"DemandMax":null,"Value":149160},{"Length":967,"Height":254,"Demand":4313,"DemandMax":null,"Value":245618},{"Length":450,"Height":464,"Demand":4978,"DemandMax":null,"Value":208800},{"Length":240,"Height":232,"Demand":4659,"DemandMax":null,"Value":55680},{"Length":867,"Height":445,"Demand":7896,"DemandMax":null,"Value":385815},{"Length":912,"Height":478,"Demand":9928,"DemandMax":null,"Value":435936},{"Length":485,"Height":251,"Demand":7377,"DemandMax":null,"Value":121735},{"Length":116,"Height":605,"Demand":9579,"DemandMax":null,"Value":70180},{"Length":712,"Height":406,"Demand":8283,"DemandMax":null,"Value":289072}]}