{"Name":"G2_10","Objects":[{"Length":2178,"Height":1030,"Stock":null,"Cost":2243340}],"Items":[{"Length":222,"Height":974,"Demand":424,"DemandMax":null,"Value":216228},{"Length":995,"Height":372,"Demand":636,"DemandMax":null,"Value":370140},{"Length":141,"Height":409,"Demand":848,"DemandMax":null,"Value":57669},{"Length":851,"Height":384,"Demand":590,"DemandMax":null,"Value":326784},{"Length":707,"Height":107,"Demand":922,"DemandMax":null,"Value":75649},{"Length":939,"Height":914,"Demand":523,"DemandMax":null,"Value":858246},{"Length":219,"Height":437,"Demand":758,"DemandMax":null,"Value":95703},{"Length":259,"Height":765,"Demand":893,"DemandMax":null,"Value":198135},{"Length":929,"Height":156,"Demand":937,"DemandMax":null,"Value":144924},{"Length":222,"Height":234,"Demand":924,"DemandMax":null,"Value":51948}]}