{"Name":"S2_16","Objects":[{"Length":2000,"Height":1000,"Stock":null,"Cost":2000000}],"Items":[{"Length":54,"Height":96,"Demand":3313,"DemandMax":null,"Value":5184},{"Length":72,"Height":97,"Demand":1251,"DemandMax":null,"Value":6984},{"Length":65,"Height":50,"Demand":6584,"DemandMax":null,"Value":3250},{"Length":86,"Height":77,"Demand":1196,"DemandMax":null,"Value":6622},{"Length":25,"Height":50,"Demand":1891,"DemandMax":null,"Value":1250},{"Length":68,"Height":73,"Demand":1621,"DemandMax":null,"Value":4964},{"Length":38,"Height":86,"Demand":9230,"DemandMax":null,"Value":3268},{"Length":77,"Height":84,"Demand":5771,"DemandMax":null,"Value":6468},{"Length":94,"Height":88,"Demand":5284,"DemandMax":null,"Value":8272},{"Length":29,"Height":80,"Demand":1147,"DemandMax":null,"Value":2320},{"Length":96,"Height":83,"Demand":5400,"DemandMax":null,"Value":7968},{"Length":85,"Height":51,"Demand":6457,"DemandMax":null,"Value":4335},{"Length":68,"Height":95,"Demand":7319,"DemandMax":null,"Value":6460},{"Length":77,"Height":52,"Demand":4724,"DemandMax":null,"Value":4004},{"Length":41,"Height":92,"Demand":7766,"DemandMax":null,"Value":3772},{"Length":66,"Height":77,"Demand":4672,"DemandMax":null,"Value":5082},{"Length":54,"Height":75,"Demand":6943,"DemandMax":null,"Value":4050},{"Length":21,"Height":86,"Demand":1398,"DemandMax":null,"Value":1806},{"Length":30,"Height":81,"Demand":6014,"DemandMax":null,"Value":2430},{"Length":82,"Height":61,"Demand":3360,"DemandMax":null,"Value":5002},{"Length":24,"Height":58,"Demand":2822,"DemandMax":null,"Value":1392},{"Length":75,"Height":91,"Demand":4198,"DemandMax":null,"Value":6825},{"Length":97,"Height":90,"Demand":1499,"DemandMax":null,"Value":8730},{"Length":34,"Height":55,"Demand":7656,"DemandMax":null,"Value":1870},{"Length":14,"Height":82,"Demand":1456,"DemandMax":null,"Value":1148},{"Length":20,"Height":85,"Demand":4401,"DemandMax":null,"Value":1700},{"Length":75,"Height":96,"Demand":1552,"DemandMax":null,"Value":7200},{"Length":18,"Height":62,"Demand":2581,"DemandMax":null,"Value":1116},{"Length":65,"Height":70,"Demand":4226,"DemandMax":null,"Value":4550},{"Length":25,"Height":92,"Demand":7030,"DemandMax":null,"Value":2300},{"Length":26,"Height":76,"Demand":4109,"DemandMax":null,"Value":1976},{"Length":72,"Height":72,"Demand":4798,"DemandMax":null,"Value":5184},{"Length":90,"Height":63,"Demand":6259,"DemandMax":null,"Value":5670},{"Length":42,"Height":70,"Demand":3873,"DemandMax":null,"Value":2940},{"Length":40,"Height":91,"Demand":7800,"DemandMax":null,"Value":3640},{"Length":51,"Height":92,"Demand":1943,"DemandMax":null,"Value":4692},{"Length":16,"Height":50,"Demand":8540,"DemandMax":null,"Value":800},{"Length":37,"Height":55,"Demand":5775,"DemandMax":null,"Value":2035},{"Length":68,"Height":87,"Demand":6178,"DemandMax":null,"Value":5916},{"Length":27,"Height":70,"Demand":2589,"DemandMax":null,"Value":1890}]}