{"Name":"G4_7","Objects":[{"Length":2288,"Height":1457,"Stock":null,"Cost":3333616}],"Items":[{"Length":339,"Height":686,"Demand":764,"DemandMax":null,"Value":232554},{"Length":282,"Height":301,"Demand":424,"DemandMax":null,"Value":84882},{"Length":686,"Height":775,"Demand":228,"DemandMax":null,"Value":531650},{"Length":338,"Height":907,"Demand":440,"DemandMax":null,"Value":306566},{"Length":866,"Height":473,"Demand":860,"DemandMax":null,"Value":409618},{"Length":457,"Height":157,"Demand":701,"DemandMax":null,"Value":71749},{"Length":625,"Height":806,"Demand":826,"DemandMax":null,"Value":503750},{"Length":855,"Height":354,"Demand":316,"DemandMax":null,"Value":302670},{"Length":335,"Height":385,"Demand":877,"DemandMax":null,"Value":128975},{"Length":106,"Height":646,"Demand":367,"DemandMax":null,"Value":68476},{"Length":549,"Height":224,"Demand":415,"DemandMax":null,"Value":122976},{"Length":141,"Height":181,"Demand":842,"DemandMax":null,"Value":25521},{"Length":268,"Height":862,"Demand":918,"DemandMax":null,"Value":231016},{"Length":430,"Height":536,"Demand":476,"DemandMax":null,"Value":230480},{"Length":712,"Height":200,"Demand":316,"DemandMax":null,"Value":142400},{"Length":730,"Height":385,"Demand":391,"DemandMax":null,"Value":281050},{"Length":729,"Height":834,"Demand":216,"DemandMax":null,"Value":607986},{"Length":289,"Height":433,"Demand":925,"DemandMax":null,"Value":125137},{"Length":628,"Height":878,"Demand":390,"DemandMax":null,"Value":551384},{"Length":938,"Height":510,"Demand":258,"DemandMax":null,"Value":478380},{"Length":437,"Height":394,"Demand":805,"DemandMax":null,"Value":172178},{"Length":476,"Height":729,"Demand":812,"DemandMax":null,"Value":347004},{"Length":320,"Height":432,"Demand":794,"DemandMax":null,"Value":138240},{"Length":236,"Height":331,"Demand":859,"DemandMax":null,"Value":78116},{"Length":108,"Height":668,"Demand":135,"DemandMax":null,"Value":72144},{"Length":103,"Height":742,"Demand":446,"DemandMax":null,"Value":76426},{"Length":928,"Height":461,"Demand":572,"DemandMax":null,"Value":427808},{"Length":239,"Height":441,"Demand":210,"DemandMax":null,"Value":105399},{"Length":954,"Height":360,"Demand":235,"DemandMax":null,"Value":343440},{"Length":312,"Height":651,"Demand":530,"DemandMax":null,"Value":203112},{"Length":429,"Height":296,"Demand":202,"DemandMax":null,"Value":126984},{"Length":546,"Height":983,"Demand":364,"DemandMax":null,"Value":536718},{"Length":621,"Height":581,"Demand":248,"DemandMax":null,"Value":360801},{"Length":383,"Height":176,"Demand":812,"DemandMax":null,"Value":67408},{"Length":483,"Height":179,"Demand":365,"DemandMax":null,"Value":86457},{"Length":830,"Height":788,"Demand":869,"DemandMax":null,"Value":654040},{"Length":987,"Height":325,"Demand":838,"DemandMax":null,"Value":320775},{"Length":549,"Height":107,"Demand":923,"DemandMax":null,"Value":58743},{"Length":345,"Height":379,"Demand":433,"DemandMax":null,"Value":130755},{"Length":311,"Height":573,"Demand":232,"DemandMax":null,"Value":178203}]}