{"Name":"G3_9","Objects":[{"Length":2307,"Height":1247,"Stock":null,"Cost":2876829}],"Items":[{"Length":108,"Height":987,"Demand":473,"DemandMax":null,"Value":106596},{"Length":253,"Height":913,"Demand":191,"DemandMax":null,"Value":230989},{"Length":608,"Height":838,"Demand":950,"DemandMax":null,"Value":509504},{"Length":867,"Height":445,"Demand":428,"DemandMax":null,"Value":385815},{"Length":784,"Height":338,"Demand":821,"DemandMax":null,"Value":264992},{"Length":718,"Height":889,"Demand":351,"DemandMax":null,"Value":638302},{"Length":611,"Height":889,"Demand":392,"DemandMax":null,"Value":543179},{"Length":640,"Height":154,"Demand":733,"DemandMax":null,"Value":98560},{"Length":989,"Height":435,"Demand":687,"DemandMax":null,"Value":430215},{"Length":395,"Height":210,"Demand":267,"DemandMax":null,"Value":82950},{"Length":494,"Height":550,"Demand":155,"DemandMax":null,"Value":271700},{"Length":378,"Height":928,"Demand":678,"DemandMax":null,"Value":350784},{"Length":835,"Height":263,"Demand":875,"DemandMax":null,"Value":219605},{"Length":328,"Height":806,"Demand":154,"DemandMax":null,"Value":264368},{"Length":640,"Height":521,"Demand":245,"DemandMax":null,"Value":333440},{"Length":536,"Height":541,"Demand":510,"DemandMax":null,"Value":289976},{"Length":882,"Height":134,"Demand":286,"DemandMax":null,"Value":118188},{"Length":700,"Height":605,"Demand":354,"DemandMax":null,"Value":423500},{"Length":759,"Height":974,"Demand":875,"DemandMax":null,"Value":739266},{"Length":758,"Height":864,"Demand":857,"DemandMax":null,"Value":654912}]}