{"Name":"S1_1","Objects":[{"Length":2000,"Height":1000,"Stock":null,"Cost":2000000}],"Items":[{"Length":312,"Height":923,"Demand":5343,"DemandMax":null,"Value":287976},{"Length":683,"Height":719,"Demand":7310,"DemandMax":null,"Value":491077},{"Length":166,"Height":565,"Demand":2849,"DemandMax":null,"Value":93790},{"Length":343,"Height":409,"Demand":5439,"DemandMax":null,"Value":140287},{"Length":424,"Height":241,"Demand":8962,"DemandMax":null,"Value":102184},{"Length":329,"Height":687,"Demand":5259,"DemandMax":null,"Value":226023},{"Length":986,"Height":467,"Demand":4047,"DemandMax":null,"Value":460462},{"Length":387,"Height":785,"Demand":6315,"DemandMax":null,"Value":303795},{"Length":940,"Height":378,"Demand":6087,"DemandMax":null,"Value":355320},{"Length":260,"Height":933,"Demand":2124,"DemandMax":null,"Value":242580},{"Length":871,"Height":575,"Demand":5223,"DemandMax":null,"Value":500825},{"Length":131,"Height":254,"Demand":4998,"DemandMax":null,"Value":33274},{"Length":107,"Height":982,"Demand":7863,"DemandMax":null,"Value":105074},{"Length":664,"Height":617,"Demand":7984,"DemandMax":null,"Value":409688},{"Length":537,"Height":563,"Demand":3105,"DemandMax":null,"Value":302331},{"Length":345,"Height":698,"Demand":6888,"DemandMax":null,"Value":240810},{"Length":821,"Height":447,"Demand":6810,"DemandMax":null,"Value":366987},{"Length":182,"Height":973,"Demand":5607,"DemandMax":null,"Value":177086},{"Length":503,"Height":719,"Demand":1897,"DemandMax":null,"Value":361657},{"Length":676,"Height":530,"Demand":2351,"DemandMax":null,"Value":358280},{"Length":975,"Height":749,"Demand":9405,"DemandMax":null,"Value":730275},{"Length":694,"Height":379,"Demand":2342,"DemandMax":null,"Value":263026},{"Length":811,"Height":649,"Demand":2726,"DemandMax":null,"Value":526339},{"Length":606,"Height":947,"Demand":3996,"DemandMax":null,"Value":573882},{"Length":136,"Height":501,"Demand":6374,"DemandMax":null,"Value":68136},{"Length":893,"Height":436,"Demand":7851,"DemandMax":null,"Value":389348},{"Length":161,"Height":968,"Demand":8574,"DemandMax":null,"Value":155848},{"Length":367,"Height":525,"Demand":1486,"DemandMax":null,"Value":192675},{"Length":986,"Height":472,"Demand":1376,"DemandMax":null,"Value":465392},{"Length":167,"Height":796,"Demand":7699,"DemandMax":null,"Value":132932},{"Length":116,"Height":904,"Demand":5610,"DemandMax":null,"Value":104864},{"Length":123,"Height":254,"Demand":5185,"DemandMax":null,"Value":31242},{"Length":610,"Height":302,"Demand":7208,"DemandMax":null,"Value":184220},{"Length":564,"Height":562,"Demand":7363,"DemandMax":null,"Value":316968},{"Length":683,"Height":531,"Demand":3322,"DemandMax":null,"Value":362673},{"Length":748,"Height":123,"Demand":3391,"DemandMax":null,"Value":92004},{"Length":446,"Height":753,"Demand":4199,"DemandMax":null,"Value":335838},{"Length":442,"Height":199,"Demand":9659,"DemandMax":null,"Value":87958},{"Length":123,"Height":543,"Demand":4342,"DemandMax":null,"Value":66789},{"Length":911,"Height":344,"Demand":4471,"DemandMax":null,"Value":313384}]}