{"Name":"S2_15","Objects":[{"Length":2000,"Height":1000,"Stock":null,"Cost":2000000}],"Items":[{"Length":39,"Height":91,"Demand":6706,"DemandMax":null,"Value":3549},{"Length":80,"Height":89,"Demand":8797,"DemandMax":null,"Value":7120},{"Length":98,"Height":84,"Demand":3029,"DemandMax":null,"Value":8232},{"Length":61,"Height":70,"Demand":7878,"DemandMax":null,"Value":4270},{"Length":96,"Height":61,"Demand":5005,"DemandMax":null,"Value":5856},{"Length":62,"Height":81,"Demand":6166,"DemandMax":null,"Value":5022},{"Length":93,"Height":88,"Demand":9885,"DemandMax":null,"Value":8184},{"Length":9,"Height":52,"Demand":9149,"DemandMax":null,"Value":468},{"Length":24,"Height":84,"Demand":5530,"DemandMax":null,"Value":2016},{"Length":36,"Height":60,"Demand":7070,"DemandMax":null,"Value":2160},{"Length":55,"Height":54,"Demand":7277,"DemandMax":null,"Value":2970},{"Length":77,"Height":77,"Demand":3035,"DemandMax":null,"Value":5929},{"Length":37,"Height":51,"Demand":7543,"DemandMax":null,"Value":1887},{"Length":93,"Height":96,"Demand":8400,"DemandMax":null,"Value":8928},{"Length":17,"Height":98,"Demand":6996,"DemandMax":null,"Value":1666},{"Length":25,"Height":82,"Demand":5278,"DemandMax":null,"Value":2050},{"Length":59,"Height":74,"Demand":4014,"DemandMax":null,"Value":4366},{"Length":37,"Height":57,"Demand":5185,"DemandMax":null,"Value":2109},{"Length":92,"Height":92,"Demand":7651,"DemandMax":null,"Value":8464},{"Length":61,"Height":68,"Demand":1471,"DemandMax":null,"Value":4148},{"Length":69,"Height":78,"Demand":8389,"DemandMax":null,"Value":5382},{"Length":71,"Height":57,"Demand":5907,"DemandMax":null,"Value":4047},{"Length":67,"Height":55,"Demand":3838,"DemandMax":null,"Value":3685},{"Length":61,"Height":53,"Demand":6197,"DemandMax":null,"Value":3233},{"Length":27,"Height":54,"Demand":4310,"DemandMax":null,"Value":1458},{"Length":72,"Height":71,"Demand":8959,"DemandMax":null,"Value":5112},{"Length":32,"Height":80,"Demand":3899,"DemandMax":null,"Value":2560},{"Length":66,"Height":84,"Demand":6372,"DemandMax":null,"Value":5544},{"Length":63,"Height":67,"Demand":8708,"DemandMax":null,"Value":4221},{"Length":91,"Height":57,"Demand":8014,"DemandMax":null,"Value":5187},{"Length":75,"Height":72,"Demand":5931,"DemandMax":null,"Value":5400},{"Length":72,"Height":91,"Demand":2839,"DemandMax":null,"Value":6552},{"Length":16,"Height":61,"Demand":2145,"DemandMax":null,"Value":976},{"Length":38,"Height":59,"Demand":8600,"DemandMax":null,"Value":2242},{"Length":64,"Height":88,"Demand":3205,"DemandMax":null,"Value":5632},{"Length":40,"Height":53,"Demand":8737,"DemandMax":null,"Value":2120},{"Length":39,"Height":58,"Demand":6850,"DemandMax":null,"Value":2262},{"Length":50,"Height":51,"Demand":6637,"DemandMax":null,"Value":2550},{"Length":12,"Height":66,"Demand":4657,"DemandMax":null,"Value":792},{"Length":34,"Height":57,"Demand":2662,"DemandMax":null,"Value":1938}]}