{"Name":"S1_9","Objects":[{"Length":2000,"Height":1000,"Stock":null,"Cost":2000000}],"Items":[{"Length":943,"Height":607,"Demand":4674,"DemandMax":null,"Value":572401},{"Length":634,"Height":901,"Demand":4018,"DemandMax":null,"Value":571234},{"Length":764,"Height":551,"Demand":6403,"DemandMax":null,"Value":420964},{"Length":827,"Height":573,"Demand":8395,"DemandMax":null,"Value":473871},{"Length":157,"Height":534,"Demand":2275,"DemandMax":null,"Value":83838},{"Length":526,"Height":286,"Demand":6682,"DemandMax":null,"Value":150436},{"Length":546,"Height":711,"Demand":1971,"DemandMax":null,"Value":388206},{"Length":834,"Height":595,"Demand":5124,"DemandMax":null,"Value":496230},{"Length":783,"Height":923,"Demand":7454,"DemandMax":null,"Value":722709},{"Length":582,"Height":863,"Demand":6059,"DemandMax":null,"Value":502266},{"Length":944,"Height":622,"Demand":1097,"DemandMax":null,"Value":587168},{"Length":425,"Height":521,"Demand":6987,"DemandMax":null,"Value":221425},{"Length":302,"Height":112,"Demand":4084,"DemandMax":null,"Value":33824},{"Length":701,"Height":878,"Demand":9657,"DemandMax":null,"Value":615478},{"Length":501,"Height":109,"Demand":9359,"DemandMax":null,"Value":54609},{"Length":698,"Height":540,"Demand":7471,"DemandMax":null,"Value":376920},{"Length":289,"Height":786,"Demand":3565,"DemandMax":null,"Value":227154},{"Length":899,"Height":956,"Demand":3239,"DemandMax":null,"Value":859444},{"Length":682,"Height":499,"Demand":5088,"DemandMax":null,"Value":340318},{"Length":377,"Height":110,"Demand":8173,"DemandMax":null,"Value":41470},{"Length":168,"Height":999,"Demand":6796,"DemandMax":null,"Value":167832},{"Length":378,"Height":100,"Demand":7510,"DemandMax":null,"Value":37800},{"Length":219,"Height":543,"Demand":4481,"DemandMax":null,"Value":118917},{"Length":289,"Height":860,"Demand":9117,"DemandMax":null,"Value":248540},{"Length":536,"Height":878,"Demand":7384,"DemandMax":null,"Value":470608},{"Length":247,"Height":443,"Demand":2113,"DemandMax":null,"Value":109421},{"Length":123,"Height":265,"Demand":2688,"DemandMax":null,"Value":32595},{"Length":139,"Height":997,"Demand":2094,"DemandMax":null,"Value":138583},{"Length":815,"Height":618,"Demand":3729,"DemandMax":null,"Value":503670},{"Length":795,"Height":309,"Demand":3019,"DemandMax":null,"Value":245655},{"Length":721,"Height":291,"Demand":3795,"DemandMax":null,"Value":209811},{"Length":314,"Height":583,"Demand":3341,"DemandMax":null,"Value":183062},{"Length":685,"Height":952,"Demand":1133,"DemandMax":null,"Value":652120},{"Length":894,"Height":591,"Demand":7806,"DemandMax":null,"Value":528354},{"Length":413,"Height":840,"Demand":6115,"DemandMax":null,"Value":346920},{"Length":323,"Height":630,"Demand":4304,"DemandMax":null,"Value":203490},{"Length":843,"Height":585,"Demand":7613,"DemandMax":null,"Value":493155},{"Length":338,"Height":385,"Demand":4864,"DemandMax":null,"Value":130130},{"Length":910,"Height":519,"Demand":2670,"DemandMax":null,"Value":472290},{"Length":297,"Height":976,"Demand":2803,"DemandMax":null,"Value":289872}]}