{"Name":"S1_4","Objects":[{"Length":2000,"Height":1000,"Stock":null,"Cost":2000000}],"Items":[{"Length":198,"Height":108,"Demand":9710,"DemandMax":null,"Value":21384},{"Length":513,"Height":847,"Demand":7605,"DemandMax":null,"Value":434511},{"Length":801,"Height":792,"Demand":1263,"DemandMax":null,"Value":634392},{"Length":497,"Height":729,"Demand":1860,"DemandMax":null,"Value":362313},{"Length":904,"Height":358,"Demand":4029,"DemandMax":null,"Value":323632},{"Length":828,"Height":135,"Demand":9087,"DemandMax":null,"Value":111780},{"Length":982,"Height":826,"Demand":1390,"DemandMax":null,"Value":811132},{"Length":994,"Height":302,"Demand":6050,"DemandMax":null,"Value":300188},{"Length":111,"Height":923,"Demand":3852,"DemandMax":null,"Value":102453},{"Length":420,"Height":267,"Demand":2138,"DemandMax":null,"Value":112140},{"Length":900,"Height":410,"Demand":9604,"DemandMax":null,"Value":369000},{"Length":836,"Height":519,"Demand":7513,"DemandMax":null,"Value":433884},{"Length":364,"Height":355,"Demand":1547,"DemandMax":null,"Value":129220},{"Length":126,"Height":863,"Demand":4648,"DemandMax":null,"Value":108738},{"Length":993,"Height":912,"Demand":9754,"DemandMax":null,"Value":905616},{"Length":205,"Height":636,"Demand":9644,"DemandMax":null,"Value":130380},{"Length":679,"Height":250,"Demand":9576,"DemandMax":null,"Value":169750},{"Length":148,"Height":404,"Demand":5800,"DemandMax":null,"Value":59792},{"Length":353,"Height":238,"Demand":4087,"DemandMax":null,"Value":84014},{"Length":479,"Height":351,"Demand":1787,"DemandMax":null,"Value":168129},{"Length":485,"Height":119,"Demand":4152,"DemandMax":null,"Value":57715},{"Length":946,"Height":478,"Demand":5701,"DemandMax":null,"Value":452188},{"Length":904,"Height":894,"Demand":3507,"DemandMax":null,"Value":808176},{"Length":834,"Height":471,"Demand":3083,"DemandMax":null,"Value":392814},{"Length":491,"Height":912,"Demand":1832,"DemandMax":null,"Value":447792},{"Length":749,"Height":282,"Demand":7276,"DemandMax":null,"Value":211218},{"Length":129,"Height":508,"Demand":7998,"DemandMax":null,"Value":65532},{"Length":348,"Height":417,"Demand":9797,"DemandMax":null,"Value":145116},{"Length":514,"Height":904,"Demand":2641,"DemandMax":null,"Value":464656},{"Length":395,"Height":520,"Demand":3469,"DemandMax":null,"Value":205400},{"Length":521,"Height":937,"Demand":1144,"DemandMax":null,"Value":488177},{"Length":377,"Height":260,"Demand":8409,"DemandMax":null,"Value":98020},{"Length":132,"Height":512,"Demand":5941,"DemandMax":null,"Value":67584},{"Length":560,"Height":310,"Demand":7293,"DemandMax":null,"Value":173600},{"Length":450,"Height":562,"Demand":5128,"DemandMax":null,"Value":252900},{"Length":563,"Height":998,"Demand":5241,"DemandMax":null,"Value":561874},{"Length":415,"Height":662,"Demand":3667,"DemandMax":null,"Value":274730},{"Length":302,"Height":850,"Demand":5731,"DemandMax":null,"Value":256700},{"Length":900,"Height":504,"Demand":4118,"DemandMax":null,"Value":453600},{"Length":335,"Height":872,"Demand":9911,"DemandMax":null,"Value":292120}]}