{"Name":"G2_6","Objects":[{"Length":2255,"Height":1363,"Stock":null,"Cost":3073565}],"Items":[{"Length":774,"Height":843,"Demand":304,"DemandMax":null,"Value":652482},{"Length":331,"Height":416,"Demand":325,"DemandMax":null,"Value":137696},{"Length":921,"Height":405,"Demand":478,"DemandMax":null,"Value":373005},{"Length":489,"Height":960,"Demand":227,"DemandMax":null,"Value":469440},{"Length":849,"Height":127,"Demand":949,"DemandMax":null,"Value":107823},{"Length":977,"Height":594,"Demand":242,"DemandMax":null,"Value":580338},{"Length":415,"Height":759,"Demand":634,"DemandMax":null,"Value":314985},{"Length":847,"Height":589,"Demand":762,"DemandMax":null,"Value":498883},{"Length":119,"Height":800,"Demand":454,"DemandMax":null,"Value":95200},{"Length":741,"Height":393,"Demand":430,"DemandMax":null,"Value":291213}]}