{"Name":"S2_20","Objects":[{"Length":2000,"Height":1000,"Stock":null,"Cost":2000000}],"Items":[{"Length":73,"Height":75,"Demand":3990,"DemandMax":null,"Value":5475},{"Length":23,"Height":77,"Demand":7746,"DemandMax":null,"Value":1771},{"Length":32,"Height":50,"Demand":7794,"DemandMax":null,"Value":1600},{"Length":68,"Height":75,"Demand":3692,"DemandMax":null,"Value":5100},{"Length":45,"Height":59,"Demand":5418,"DemandMax":null,"Value":2655},{"Length":30,"Height":83,"Demand":4835,"DemandMax":null,"Value":2490},{"Length":51,"Height":50,"Demand":6731,"DemandMax":null,"Value":2550},{"Length":80,"Height":95,"Demand":8293,"DemandMax":null,"Value":7600},{"Length":72,"Height":66,"Demand":8276,"DemandMax":null,"Value":4752},{"Length":77,"Height":80,"Demand":9580,"DemandMax":null,"Value":6160},{"Length":80,"Height":54,"Demand":5653,"DemandMax":null,"Value":4320},{"Length":90,"Height":70,"Demand":1752,"DemandMax":null,"Value":6300},{"Length":42,"Height":74,"Demand":4144,"DemandMax":null,"Value":3108},{"Length":60,"Height":86,"Demand":9427,"DemandMax":null,"Value":5160},{"Length":97,"Height":67,"Demand":7132,"DemandMax":null,"Value":6499},{"Length":47,"Height":81,"Demand":5105,"DemandMax":null,"Value":3807},{"Length":20,"Height":71,"Demand":1194,"DemandMax":null,"Value":1420},{"Length":7,"Height":57,"Demand":4571,"DemandMax":null,"Value":399},{"Length":67,"Height":79,"Demand":3979,"DemandMax":null,"Value":5293},{"Length":77,"Height":99,"Demand":1221,"DemandMax":null,"Value":7623},{"Length":5,"Height":52,"Demand":9362,"DemandMax":null,"Value":260},{"Length":61,"Height":85,"Demand":4040,"DemandMax":null,"Value":5185},{"Length":28,"Height":90,"Demand":1108,"DemandMax":null,"Value":2520},{"Length":25,"Height":90,"Demand":9877,"DemandMax":null,"Value":2250},{"Length":40,"Height":87,"Demand":5292,"DemandMax":null,"Value":3480},{"Length":78,"Height":96,"Demand":1485,"DemandMax":null,"Value":7488},{"Length":43,"Height":50,"Demand":8294,"DemandMax":null,"Value":2150},{"Length":19,"Height":77,"Demand":7080,"DemandMax":null,"Value":1463},{"Length":6,"Height":70,"Demand":4466,"DemandMax":null,"Value":420},{"Length":54,"Height":74,"Demand":7443,"DemandMax":null,"Value":3996},{"Length":11,"Height":66,"Demand":7497,"DemandMax":null,"Value":726},{"Length":70,"Height":52,"Demand":1718,"DemandMax":null,"Value":3640},{"Length":18,"Height":67,"Demand":3393,"DemandMax":null,"Value":1206},{"Length":96,"Height":62,"Demand":3362,"DemandMax":null,"Value":5952},{"Length":12,"Height":89,"Demand":1918,"DemandMax":null,"Value":1068},{"Length":17,"Height":89,"Demand":2036,"DemandMax":null,"Value":1513},{"Length":88,"Height":86,"Demand":9305,"DemandMax":null,"Value":7568},{"Length":20,"Height":60,"Demand":2173,"DemandMax":null,"Value":1200},{"Length":53,"Height":83,"Demand":6423,"DemandMax":null,"Value":4399},{"Length":11,"Height":78,"Demand":4985,"DemandMax":null,"Value":858}]}