{"Name":"S1_15","Objects":[{"Length":2000,"Height":1000,"Stock":null,"Cost":2000000}],"Items":[{"Length":939,"Height":751,"Demand":5770,"DemandMax":null,"Value":705189},{"Length":511,"Height":726,"Demand":7944,"DemandMax":null,"Value":370986},{"Length":181,"Height":320,"Demand":8065,"DemandMax":null,"Value":57920},{"Length":502,"Height":764,"Demand":1838,"DemandMax":null,"Value":383528},{"Length":543,"Height":752,"Demand":9434,"DemandMax":null,"Value":408336},{"Length":871,"Height":296,"Demand":2422,"DemandMax":null,"Value":257816},{"Length":280,"Height":402,"Demand":6060,"DemandMax":null,"Value":112560},{"Length":589,"Height":836,"Demand":7046,"DemandMax":null,"Value":492404},{"Length":875,"Height":541,"Demand":3776,"DemandMax":null,"Value":473375},{"Length":959,"Height":762,"Demand":2876,"DemandMax":null,"Value":730758},{"Length":772,"Height":864,"Demand":5123,"DemandMax":null,"Value":667008},{"Length":109,"Height":584,"Demand":2969,"DemandMax":null,"Value":63656},{"Length":306,"Height":218,"Demand":8483,"DemandMax":null,"Value":66708},{"Length":333,"Height":683,"Demand":5855,"DemandMax":null,"Value":227439},{"Length":525,"Height":910,"Demand":6298,"DemandMax":null,"Value":477750},{"Length":399,"Height":240,"Demand":9920,"DemandMax":null,"Value":95760},{"Length":567,"Height":625,"Demand":4818,"DemandMax":null,"Value":354375},{"Length":432,"Height":560,"Demand":8486,"DemandMax":null,"Value":241920},{"Length":979,"Height":292,"Demand":1921,"DemandMax":null,"Value":285868},{"Length":117,"Height":809,"Demand":5197,"DemandMax":null,"Value":94653},{"Length":796,"Height":211,"Demand":4416,"DemandMax":null,"Value":167956},{"Length":943,"Height":213,"Demand":5740,"DemandMax":null,"Value":200859},{"Length":511,"Height":118,"Demand":2978,"DemandMax":null,"Value":60298},{"Length":559,"Height":413,"Demand":8683,"DemandMax":null,"Value":230867},{"Length":162,"Height":711,"Demand":9663,"DemandMax":null,"Value":115182},{"Length":146,"Height":289,"Demand":6898,"DemandMax":null,"Value":42194},{"Length":263,"Height":235,"Demand":8805,"DemandMax":null,"Value":61805},{"Length":901,"Height":918,"Demand":8323,"DemandMax":null,"Value":827118},{"Length":989,"Height":870,"Demand":4334,"DemandMax":null,"Value":860430},{"Length":961,"Height":968,"Demand":6268,"DemandMax":null,"Value":930248},{"Length":968,"Height":510,"Demand":6068,"DemandMax":null,"Value":493680},{"Length":623,"Height":137,"Demand":4831,"DemandMax":null,"Value":85351},{"Length":253,"Height":156,"Demand":9639,"DemandMax":null,"Value":39468},{"Length":553,"Height":374,"Demand":9679,"DemandMax":null,"Value":206822},{"Length":491,"Height":323,"Demand":7420,"DemandMax":null,"Value":158593},{"Length":694,"Height":219,"Demand":9357,"DemandMax":null,"Value":151986},{"Length":997,"Height":698,"Demand":2328,"DemandMax":null,"Value":695906},{"Length":316,"Height":136,"Demand":6774,"DemandMax":null,"Value":42976},{"Length":443,"Height":898,"Demand":9723,"DemandMax":null,"Value":397814},{"Length":957,"Height":317,"Demand":3417,"DemandMax":null,"Value":303369}]}