{"Name":"G3_2","Objects":[{"Length":2280,"Height":1229,"Stock":null,"Cost":2802120}],"Items":[{"Length":593,"Height":486,"Demand":827,"DemandMax":null,"Value":288198},{"Length":985,"Height":737,"Demand":614,"DemandMax":null,"Value":725945},{"Length":665,"Height":236,"Demand":275,"DemandMax":null,"Value":156940},{"Length":802,"Height":742,"Demand":839,"DemandMax":null,"Value":595084},{"Length":765,"Height":695,"Demand":307,"DemandMax":null,"Value":531675},{"Length":195,"Height":522,"Demand":370,"DemandMax":null,"Value":101790},{"Length":383,"Height":942,"Demand":295,"DemandMax":null,"Value":360786},{"Length":220,"Height":851,"Demand":556,"DemandMax":null,"Value":187220},{"Length":757,"Height":853,"Demand":784,"DemandMax":null,"Value":645721},{"Length":220,"Height":518,"Demand":468,"DemandMax":null,"Value":113960},{"Length":803,"Height":982,"Demand":469,"DemandMax":null,"Value":788546},{"Length":494,"Height":837,"Demand":581,"DemandMax":null,"Value":413478},{"Length":673,"Height":893,"Demand":423,"DemandMax":null,"Value":600989},{"Length":217,"Height":325,"Demand":158,"DemandMax":null,"Value":70525},{"Length":182,"Height":206,"Demand":647,"DemandMax":null,"Value":37492},{"Length":317,"Height":251,"Demand":912,"DemandMax":null,"Value":79567},{"Length":213,"Height":833,"Demand":134,"DemandMax":null,"Value":177429},{"Length":709,"Height":729,"Demand":731,"DemandMax":null,"Value":516861},{"Length":342,"Height":483,"Demand":638,"DemandMax":null,"Value":165186},{"Length":706,"Height":149,"Demand":517,"DemandMax":null,"Value":105194}]}