{"Name":"S2_8","Objects":[{"Length":2000,"Height":1000,"Stock":null,"Cost":2000000}],"Items":[{"Length":78,"Height":89,"Demand":5420,"DemandMax":null,"Value":6942},{"Length":60,"Height":76,"Demand":5921,"DemandMax":null,"Value":4560},{"Length":45,"Height":51,"Demand":2078,"DemandMax":null,"Value":2295},{"Length":25,"Height":77,"Demand":2793,"DemandMax":null,"Value":1925},{"Length":95,"Height":83,"Demand":1074,"DemandMax":null,"Value":7885},{"Length":69,"Height":77,"Demand":6497,"DemandMax":null,"Value":5313},{"Length":50,"Height":97,"Demand":7302,"DemandMax":null,"Value":4850},{"Length":40,"Height":77,"Demand":3549,"DemandMax":null,"Value":3080},{"Length":76,"Height":63,"Demand":8676,"DemandMax":null,"Value":4788},{"Length":19,"Height":82,"Demand":1636,"DemandMax":null,"Value":1558},{"Length":62,"Height":62,"Demand":5413,"DemandMax":null,"Value":3844},{"Length":86,"Height":79,"Demand":9573,"DemandMax":null,"Value":6794},{"Length":93,"Height":67,"Demand":1725,"DemandMax":null,"Value":6231},{"Length":82,"Height":77,"Demand":6587,"DemandMax":null,"Value":6314},{"Length":56,"Height":83,"Demand":3899,"DemandMax":null,"Value":4648},{"Length":67,"Height":51,"Demand":5202,"DemandMax":null,"Value":3417},{"Length":70,"Height":91,"Demand":2280,"DemandMax":null,"Value":6370},{"Length":30,"Height":53,"Demand":7441,"DemandMax":null,"Value":1590},{"Length":49,"Height":90,"Demand":9185,"DemandMax":null,"Value":4410},{"Length":68,"Height":69,"Demand":9545,"DemandMax":null,"Value":4692},{"Length":39,"Height":75,"Demand":4396,"DemandMax":null,"Value":2925},{"Length":82,"Height":64,"Demand":7436,"DemandMax":null,"Value":5248},{"Length":99,"Height":84,"Demand":5877,"DemandMax":null,"Value":8316},{"Length":8,"Height":76,"Demand":9356,"DemandMax":null,"Value":608},{"Length":20,"Height":85,"Demand":5585,"DemandMax":null,"Value":1700},{"Length":48,"Height":59,"Demand":1183,"DemandMax":null,"Value":2832},{"Length":75,"Height":91,"Demand":8165,"DemandMax":null,"Value":6825},{"Length":48,"Height":94,"Demand":8455,"DemandMax":null,"Value":4512},{"Length":85,"Height":72,"Demand":3704,"DemandMax":null,"Value":6120},{"Length":93,"Height":92,"Demand":7652,"DemandMax":null,"Value":8556},{"Length":91,"Height":93,"Demand":7043,"DemandMax":null,"Value":8463},{"Length":62,"Height":67,"Demand":2698,"DemandMax":null,"Value":4154},{"Length":96,"Height":65,"Demand":1173,"DemandMax":null,"Value":6240},{"Length":20,"Height":83,"Demand":9131,"DemandMax":null,"Value":1660},{"Length":57,"Height":55,"Demand":1498,"DemandMax":null,"Value":3135},{"Length":50,"Height":59,"Demand":9036,"DemandMax":null,"Value":2950},{"Length":66,"Height":72,"Demand":8920,"DemandMax":null,"Value":4752},{"Length":5,"Height":77,"Demand":8010,"DemandMax":null,"Value":385},{"Length":86,"Height":92,"Demand":9327,"DemandMax":null,"Value":7912},{"Length":64,"Height":79,"Demand":2683,"DemandMax":null,"Value":5056}]}