{"Name":"S1_3","Objects":[{"Length":2000,"Height":1000,"Stock":null,"Cost":2000000}],"Items":[{"Length":186,"Height":392,"Demand":6467,"DemandMax":null,"Value":72912},{"Length":424,"Height":222,"Demand":7002,"DemandMax":null,"Value":94128},{"Length":745,"Height":687,"Demand":4779,"DemandMax":null,"Value":511815},{"Length":106,"Height":981,"Demand":2044,"DemandMax":null,"Value":103986},{"Length":214,"Height":721,"Demand":4715,"DemandMax":null,"Value":154294},{"Length":177,"Height":114,"Demand":2011,"DemandMax":null,"Value":20178},{"Length":894,"Height":601,"Demand":5570,"DemandMax":null,"Value":537294},{"Length":183,"Height":277,"Demand":5952,"DemandMax":null,"Value":50691},{"Length":383,"Height":598,"Demand":1951,"DemandMax":null,"Value":229034},{"Length":663,"Height":968,"Demand":8061,"DemandMax":null,"Value":641784},{"Length":687,"Height":876,"Demand":1271,"DemandMax":null,"Value":601812},{"Length":540,"Height":595,"Demand":9943,"DemandMax":null,"Value":321300},{"Length":417,"Height":573,"Demand":8768,"DemandMax":null,"Value":238941},{"Length":813,"Height":494,"Demand":9036,"DemandMax":null,"Value":401622},{"Length":483,"Height":829,"Demand":6726,"DemandMax":null,"Value":400407},{"Length":117,"Height":973,"Demand":2488,"DemandMax":null,"Value":113841},{"Length":294,"Height":403,"Demand":1248,"DemandMax":null,"Value":118482},{"Length":857,"Height":259,"Demand":4669,"DemandMax":null,"Value":221963},{"Length":452,"Height":911,"Demand":9273,"DemandMax":null,"Value":411772},{"Length":763,"Height":380,"Demand":3458,"DemandMax":null,"Value":289940},{"Length":436,"Height":880,"Demand":5649,"DemandMax":null,"Value":383680},{"Length":958,"Height":754,"Demand":5132,"DemandMax":null,"Value":722332},{"Length":749,"Height":488,"Demand":4107,"DemandMax":null,"Value":365512},{"Length":529,"Height":426,"Demand":8647,"DemandMax":null,"Value":225354},{"Length":806,"Height":301,"Demand":4919,"DemandMax":null,"Value":242606},{"Length":448,"Height":850,"Demand":2075,"DemandMax":null,"Value":380800},{"Length":768,"Height":519,"Demand":1266,"DemandMax":null,"Value":398592},{"Length":509,"Height":590,"Demand":1472,"DemandMax":null,"Value":300310},{"Length":725,"Height":803,"Demand":3729,"DemandMax":null,"Value":582175},{"Length":287,"Height":954,"Demand":4181,"DemandMax":null,"Value":273798},{"Length":431,"Height":471,"Demand":1109,"DemandMax":null,"Value":203001},{"Length":197,"Height":842,"Demand":5131,"DemandMax":null,"Value":165874},{"Length":791,"Height":620,"Demand":8161,"DemandMax":null,"Value":490420},{"Length":103,"Height":706,"Demand":4729,"DemandMax":null,"Value":72718},{"Length":614,"Height":862,"Demand":2746,"DemandMax":null,"Value":529268},{"Length":815,"Height":874,"Demand":8965,"DemandMax":null,"Value":712310},{"Length":638,"Height":979,"Demand":4699,"DemandMax":null,"Value":624602},{"Length":548,"Height":442,"Demand":5222,"DemandMax":null,"Value":242216},{"Length":263,"Height":769,"Demand":6273,"DemandMax":null,"Value":202247},{"Length":581,"Height":943,"Demand":3346,"DemandMax":null,"Value":547883}]}