{"Name":"G4_5","Objects":[{"Length":2637,"Height":1399,"Stock":null,"Cost":3689163}],"Items":[{"Length":904,"Height":392,"Demand":779,"DemandMax":null,"Value":354368},{"Length":530,"Height":551,"Demand":729,"DemandMax":null,"Value":292030},{"Length":494,"Height":233,"Demand":344,"DemandMax":null,"Value":115102},{"Length":824,"Height":696,"Demand":679,"DemandMax":null,"Value":573504},{"Length":370,"Height":370,"Demand":853,"DemandMax":null,"Value":136900},{"Length":568,"Height":731,"Demand":193,"DemandMax":null,"Value":415208},{"Length":786,"Height":543,"Demand":947,"DemandMax":null,"Value":426798},{"Length":797,"Height":845,"Demand":524,"DemandMax":null,"Value":673465},{"Length":721,"Height":196,"Demand":448,"DemandMax":null,"Value":141316},{"Length":165,"Height":697,"Demand":754,"DemandMax":null,"Value":115005},{"Length":174,"Height":605,"Demand":209,"DemandMax":null,"Value":105270},{"Length":509,"Height":501,"Demand":251,"DemandMax":null,"Value":255009},{"Length":114,"Height":740,"Demand":452,"DemandMax":null,"Value":84360},{"Length":237,"Height":716,"Demand":965,"DemandMax":null,"Value":169692},{"Length":300,"Height":442,"Demand":165,"DemandMax":null,"Value":132600},{"Length":325,"Height":267,"Demand":236,"DemandMax":null,"Value":86775},{"Length":927,"Height":431,"Demand":584,"DemandMax":null,"Value":399537},{"Length":772,"Height":728,"Demand":477,"DemandMax":null,"Value":562016},{"Length":979,"Height":590,"Demand":491,"DemandMax":null,"Value":577610},{"Length":110,"Height":615,"Demand":608,"DemandMax":null,"Value":67650},{"Length":698,"Height":149,"Demand":722,"DemandMax":null,"Value":104002},{"Length":232,"Height":651,"Demand":213,"DemandMax":null,"Value":151032},{"Length":762,"Height":395,"Demand":793,"DemandMax":null,"Value":300990},{"Length":342,"Height":370,"Demand":363,"DemandMax":null,"Value":126540},{"Length":123,"Height":694,"Demand":969,"DemandMax":null,"Value":85362},{"Length":451,"Height":413,"Demand":940,"DemandMax":null,"Value":186263},{"Length":804,"Height":723,"Demand":517,"DemandMax":null,"Value":581292},{"Length":542,"Height":832,"Demand":908,"DemandMax":null,"Value":450944},{"Length":265,"Height":425,"Demand":141,"DemandMax":null,"Value":112625},{"Length":753,"Height":417,"Demand":246,"DemandMax":null,"Value":314001},{"Length":575,"Height":880,"Demand":892,"DemandMax":null,"Value":506000},{"Length":529,"Height":280,"Demand":773,"DemandMax":null,"Value":148120},{"Length":215,"Height":161,"Demand":932,"DemandMax":null,"Value":34615},{"Length":546,"Height":890,"Demand":145,"DemandMax":null,"Value":485940},{"Length":535,"Height":681,"Demand":286,"DemandMax":null,"Value":364335},{"Length":620,"Height":926,"Demand":216,"DemandMax":null,"Value":574120},{"Length":675,"Height":425,"Demand":724,"DemandMax":null,"Value":286875},{"Length":416,"Height":817,"Demand":970,"DemandMax":null,"Value":339872},{"Length":314,"Height":161,"Demand":888,"DemandMax":null,"Value":50554},{"Length":904,"Height":460,"Demand":654,"DemandMax":null,"Value":415840}]}