{"Name":"a","Objects":[{"Length":70,"Height":40,"Stock":null,"Cost":2800}],"Items":[{"Length":14,"Height":4,"Demand":10,"DemandMax":null,"Value":56},{"Length":11,"Height":4,"Demand":7,"DemandMax":null,"Value":44},{"Length":10,"Height":4,"Demand":10,"DemandMax":null,"Value":40},{"Length":9,"Height":5,"Demand":11,"DemandMax":null,"Value":45},{"Length":8,"Height":3,"Demand":1,"DemandMax":null,"Value":24},{"Length":7,"Height":6,"Demand":10,"DemandMax":null,"Value":42},{"Length":7,"Height":5,"Demand":4,"DemandMax":null,"Value":35},{"Length":7,"Height":4,"Demand":6,"DemandMax":null,"Value":28},{"Length":7,"Height":3,"Demand":5,"DemandMax":null,"Value":21},{"Length":6,"Height":5,"Demand":1,"DemandMax":null,"Value":30},{"Length":6,"Height":4,"Demand":7,"DemandMax":null,"Value":24},{"Length":6,"Height":3,"Demand":8,"DemandMax":null,"Value":18},{"Length":6,"Height":2,"Demand":5,"DemandMax":null,"Value":12},{"Length":5,"Height":4,"Demand":5,"DemandMax":null,"Value":20},{"Length":5,"Height":1,"Demand":9,"DemandMax":null,"Value":5},{"Length":4,"Height":3,"Demand":7,"DemandMax":null,"Value":12},{"Length":4,"Height":2,"Demand":4,"DemandMax":null,"Value":8},{"Length":3,"Height":2,"Demand":14,"DemandMax":null,"Value":6},{"Length":3,"Height":1,"Demand":5,"DemandMax":null,"Value":3},{"Length":2,"Height":1,"Demand":6,"DemandMax":null,"Value":2}]}