{"Name":"b","Objects":[{"Length":70,"Height":40,"Stock":null,"Cost":2800}],"Items":[{"Length":8,"Height":4,"Demand":22,"DemandMax":null,"Value":32},{"Length":8,"Height":3,"Demand":15,"DemandMax":null,"Value":24},{"Length":8,"Height":2,"Demand":18,"DemandMax":null,"Value":16},{"Length":7,"Height":3,"Demand":20,"DemandMax":null,"Value":21},{"Length":7,"Height":2,"Demand":8,"DemandMax":null,"Value":14},{"Length":6,"Height":4,"Demand":16,"DemandMax":null,"Value":24},{"Length":6,"Height":3,"Demand":24,"DemandMax":null,"Value":18},{"Length":6,"Height":2,"Demand":25,"DemandMax":null,"Value":12},{"Length":5,"Height":5,"Demand":2,"DemandMax":null,"Value":25},{"Length":5,"Height":4,"Demand":7,"DemandMax":null,"Value":20},{"Length":5,"Height":2,"Demand":10,"DemandMax":null,"Value":10},{"Length":5,"Height":1,"Demand":17,"DemandMax":null,"Value":5},{"Length":4,"Height":4,"Demand":20,"DemandMax":null,"Value":16},{"Length":4,"Height":3,"Demand":1,"DemandMax":null,"Value":12},{"Length":4,"Height":2,"Demand":6,"DemandMax":null,"Value":8},{"Length":4,"Height":1,"Demand":18,"DemandMax":null,"Value":4},{"Length":3,"Height":2,"Demand":18,"DemandMax":null,"Value":6},{"Length":2,"Height":2,"Demand":7,"DemandMax":null,"Value":4},{"Length":2,"Height":1,"Demand":7,"DemandMax":null,"Value":2},{"Length":1,"Height":1,"Demand":18,"DemandMax":null,"Value":1}]}