{"Name":"15","Objects":[{"Length":2195,"Height":3634,"Stock":null,"Cost":7976630}],"Items":[{"Length":577,"Height":941,"Demand":8,"DemandMax":null,"Value":97749},{"Length":603,"Height":668,"Demand":8,"DemandMax":null,"Value":189079},{"Length":629,"Height":318,"Demand":4,"DemandMax":null,"Value":60812},{"Length":622,"Height":979,"Demand":5,"DemandMax":null,"Value":291638},{"Length":651,"Height":497,"Demand":8,"DemandMax":null,"Value":99419},{"Length":161,"Height":526,"Demand":5,"DemandMax":null,"Value":29207},{"Length":413,"Height":440,"Demand":6,"DemandMax":null,"Value":30644},{"Length":438,"Height":282,"Demand":3,"DemandMax":null,"Value":77038},{"Length":343,"Height":965,"Demand":5,"DemandMax":null,"Value":172554},{"Length":578,"Height":944,"Demand":4,"DemandMax":null,"Value":89938},{"Length":633,"Height":1052,"Demand":5,"DemandMax":null,"Value":400197},{"Length":482,"Height":823,"Demand":7,"DemandMax":null,"Value":125052},{"Length":310,"Height":981,"Demand":10,"DemandMax":null,"Value":147809},{"Length":323,"Height":563,"Demand":9,"DemandMax":null,"Value":116024},{"Length":429,"Height":335,"Demand":5,"DemandMax":null,"Value":89588},{"Length":219,"Height":776,"Demand":3,"DemandMax":null,"Value":49354},{"Length":267,"Height":1066,"Demand":7,"DemandMax":null,"Value":93616},{"Length":172,"Height":437,"Demand":9,"DemandMax":null,"Value":46419},{"Length":185,"Height":446,"Demand":6,"DemandMax":null,"Value":18120},{"Length":506,"Height":879,"Demand":8,"DemandMax":null,"Value":97067},{"Length":652,"Height":550,"Demand":6,"DemandMax":null,"Value":154879},{"Length":467,"Height":206,"Demand":6,"DemandMax":null,"Value":52046},{"Length":221,"Height":950,"Demand":5,"DemandMax":null,"Value":121234},{"Length":466,"Height":1078,"Demand":5,"DemandMax":null,"Value":143084},{"Length":296,"Height":501,"Demand":7,"DemandMax":null,"Value":35403},{"Length":494,"Height":774,"Demand":9,"DemandMax":null,"Value":122507},{"Length":257,"Height":888,"Demand":3,"DemandMax":null,"Value":109626},{"Length":249,"Height":335,"Demand":6,"DemandMax":null,"Value":27548},{"Length":535,"Height":765,"Demand":6,"DemandMax":null,"Value":166667},{"Length":476,"Height":1038,"Demand":7,"DemandMax":null,"Value":98036},{"Length":362,"Height":541,"Demand":3,"DemandMax":null,"Value":59183},{"Length":458,"Height":1009,"Demand":6,"DemandMax":null,"Value":82096},{"Length":153,"Height":575,"Demand":9,"DemandMax":null,"Value":33801},{"Length":369,"Height":269,"Demand":4,"DemandMax":null,"Value":33330},{"Length":514,"Height":742,"Demand":6,"DemandMax":null,"Value":117145},{"Length":240,"Height":568,"Demand":6,"DemandMax":null,"Value":74355},{"Length":354,"Height":816,"Demand":5,"DemandMax":null,"Value":66890},{"Length":351,"Height":963,"Demand":6,"DemandMax":null,"Value":218285},{"Length":582,"Height":806,"Demand":3,"DemandMax":null,"Value":97901},{"Length":153,"Height":184,"Demand":8,"DemandMax":null,"Value":5153},{"Length":337,"Height":1059,"Demand":8,"DemandMax":null,"Value":100372},{"Length":478,"Height":1050,"Demand":7,"DemandMax":null,"Value":321984},{"Length":600,"Height":213,"Demand":5,"DemandMax":null,"Value":24338},{"Length":312,"Height":268,"Demand":9,"DemandMax":null,"Value":51929},{"Length":465,"Height":354,"Demand":8,"DemandMax":null,"Value":73692},{"Length":554,"Height":252,"Demand":4,"DemandMax":null,"Value":43486},{"Length":402,"Height":536,"Demand":5,"DemandMax":null,"Value":73663},{"Length":471,"Height":682,"Demand":4,"DemandMax":null,"Value":56541},{"Length":171,"Height":344,"Demand":9,"DemandMax":null,"Value":16197},{"Length":441,"Height":403,"Demand":7,"DemandMax":null,"Value":51359},{"Length":126,"Height":971,"Demand":3,"DemandMax":null,"Value":25997},{"Length":198,"Height":207,"Demand":6,"DemandMax":null,"Value":24640},{"Length":500,"Height":613,"Demand":5,"DemandMax":null,"Value":168577},{"Length":210,"Height":895,"Demand":7,"DemandMax":null,"Value":62258},{"Length":117,"Height":295,"Demand":6,"DemandMax":null,"Value":15085},{"Length":359,"Height":294,"Demand":8,"DemandMax":null,"Value":55170},{"Length":579,"Height":264,"Demand":4,"DemandMax":null,"Value":84289},{"Length":349,"Height":858,"Demand":5,"DemandMax":null,"Value":111911},{"Length":641,"Height":432,"Demand":10,"DemandMax":null,"Value":175932},{"Length":188,"Height":406,"Demand":8,"DemandMax":null,"Value":42232},{"Length":131,"Height":202,"Demand":5,"DemandMax":null,"Value":7297},{"Length":335,"Height":1069,"Demand":8,"DemandMax":null,"Value":62701},{"Length":471,"Height":841,"Demand":10,"DemandMax":null,"Value":213626},{"Length":504,"Height":874,"Demand":3,"DemandMax":null,"Value":98130},{"Length":626,"Height":1025,"Demand":8,"DemandMax":null,"Value":132230},{"Length":181,"Height":846,"Demand":4,"DemandMax":null,"Value":48821},{"Length":269,"Height":690,"Demand":3,"DemandMax":null,"Value":102302},{"Length":218,"Height":590,"Demand":7,"DemandMax":null,"Value":79346},{"Length":158,"Height":994,"Demand":10,"DemandMax":null,"Value":72001},{"Length":527,"Height":1075,"Demand":4,"DemandMax":null,"Value":332435},{"Length":480,"Height":768,"Demand":7,"DemandMax":null,"Value":68166},{"Length":531,"Height":902,"Demand":4,"DemandMax":null,"Value":174647},{"Length":435,"Height":799,"Demand":3,"DemandMax":null,"Value":132919},{"Length":375,"Height":471,"Demand":10,"DemandMax":null,"Value":83103},{"Length":211,"Height":301,"Demand":9,"DemandMax":null,"Value":37799},{"Length":120,"Height":311,"Demand":7,"DemandMax":null,"Value":13617},{"Length":121,"Height":511,"Demand":9,"DemandMax":null,"Value":27437},{"Length":132,"Height":756,"Demand":6,"DemandMax":null,"Value":33508},{"Length":541,"Height":601,"Demand":7,"DemandMax":null,"Value":209908},{"Length":111,"Height":431,"Demand":9,"DemandMax":null,"Value":18797},{"Length":607,"Height":884,"Demand":7,"DemandMax":null,"Value":250691},{"Length":280,"Height":575,"Demand":10,"DemandMax":null,"Value":81515},{"Length":612,"Height":718,"Demand":9,"DemandMax":null,"Value":97085},{"Length":489,"Height":534,"Demand":6,"DemandMax":null,"Value":124658},{"Length":629,"Height":769,"Demand":9,"DemandMax":null,"Value":274829}]}