{"Name":"16","Objects":[{"Length":2670,"Height":1292,"Stock":null,"Cost":3449640}],"Items":[{"Length":702,"Height":334,"Demand":5,"DemandMax":null,"Value":42211},{"Length":734,"Height":237,"Demand":3,"DemandMax":null,"Value":81657},{"Length":766,"Height":113,"Demand":10,"DemandMax":null,"Value":26316},{"Length":757,"Height":348,"Demand":5,"DemandMax":null,"Value":126167},{"Length":793,"Height":176,"Demand":9,"DemandMax":null,"Value":42886},{"Length":196,"Height":187,"Demand":7,"DemandMax":null,"Value":12641},{"Length":502,"Height":156,"Demand":3,"DemandMax":null,"Value":13206},{"Length":533,"Height":100,"Demand":8,"DemandMax":null,"Value":33244},{"Length":417,"Height":343,"Demand":5,"DemandMax":null,"Value":74565},{"Length":703,"Height":335,"Demand":8,"DemandMax":null,"Value":38819},{"Length":770,"Height":374,"Demand":3,"DemandMax":null,"Value":173068},{"Length":587,"Height":292,"Demand":4,"DemandMax":null,"Value":54034},{"Length":377,"Height":348,"Demand":8,"DemandMax":null,"Value":63766},{"Length":393,"Height":200,"Demand":9,"DemandMax":null,"Value":50148},{"Length":522,"Height":119,"Demand":6,"DemandMax":null,"Value":38723},{"Length":266,"Height":276,"Demand":8,"DemandMax":null,"Value":21321},{"Length":325,"Height":379,"Demand":6,"DemandMax":null,"Value":40514},{"Length":209,"Height":155,"Demand":8,"DemandMax":null,"Value":20006},{"Length":225,"Height":158,"Demand":10,"DemandMax":null,"Value":7807},{"Length":616,"Height":312,"Demand":7,"DemandMax":null,"Value":41944},{"Length":793,"Height":195,"Demand":3,"DemandMax":null,"Value":66787},{"Length":569,"Height":73,"Demand":3,"DemandMax":null,"Value":22472},{"Length":269,"Height":337,"Demand":10,"DemandMax":null,"Value":52347},{"Length":567,"Height":383,"Demand":10,"DemandMax":null,"Value":61854},{"Length":360,"Height":178,"Demand":10,"DemandMax":null,"Value":15298},{"Length":602,"Height":275,"Demand":4,"DemandMax":null,"Value":53042},{"Length":313,"Height":315,"Demand":3,"DemandMax":null,"Value":47361},{"Length":303,"Height":119,"Demand":9,"DemandMax":null,"Value":11908},{"Length":651,"Height":272,"Demand":3,"DemandMax":null,"Value":72108},{"Length":579,"Height":369,"Demand":7,"DemandMax":null,"Value":42392},{"Length":441,"Height":192,"Demand":8,"DemandMax":null,"Value":25588},{"Length":557,"Height":358,"Demand":8,"DemandMax":null,"Value":35424},{"Length":186,"Height":204,"Demand":5,"DemandMax":null,"Value":14579},{"Length":449,"Height":95,"Demand":8,"DemandMax":null,"Value":14323},{"Length":626,"Height":263,"Demand":4,"DemandMax":null,"Value":50569},{"Length":292,"Height":202,"Demand":3,"DemandMax":null,"Value":32172},{"Length":431,"Height":290,"Demand":4,"DemandMax":null,"Value":28943},{"Length":428,"Height":342,"Demand":7,"DemandMax":null,"Value":94528},{"Length":708,"Height":286,"Demand":4,"DemandMax":null,"Value":42260},{"Length":186,"Height":65,"Demand":9,"DemandMax":null,"Value":2213},{"Length":410,"Height":376,"Demand":7,"DemandMax":null,"Value":43357},{"Length":582,"Height":373,"Demand":5,"DemandMax":null,"Value":139267},{"Length":730,"Height":75,"Demand":7,"DemandMax":null,"Value":10426},{"Length":380,"Height":95,"Demand":10,"DemandMax":null,"Value":22419},{"Length":565,"Height":125,"Demand":6,"DemandMax":null,"Value":31617},{"Length":673,"Height":89,"Demand":5,"DemandMax":null,"Value":18657},{"Length":489,"Height":190,"Demand":7,"DemandMax":null,"Value":31763},{"Length":572,"Height":242,"Demand":4,"DemandMax":null,"Value":24365},{"Length":209,"Height":122,"Demand":9,"DemandMax":null,"Value":7021},{"Length":536,"Height":143,"Demand":8,"DemandMax":null,"Value":22150},{"Length":153,"Height":345,"Demand":7,"DemandMax":null,"Value":11216},{"Length":241,"Height":73,"Demand":7,"DemandMax":null,"Value":10577},{"Length":609,"Height":218,"Demand":10,"DemandMax":null,"Value":73020},{"Length":256,"Height":318,"Demand":4,"DemandMax":null,"Value":26966},{"Length":143,"Height":104,"Demand":10,"DemandMax":null,"Value":6500},{"Length":436,"Height":104,"Demand":3,"DemandMax":null,"Value":23702},{"Length":705,"Height":94,"Demand":9,"DemandMax":null,"Value":36543},{"Length":425,"Height":305,"Demand":9,"DemandMax":null,"Value":48445},{"Length":779,"Height":153,"Demand":8,"DemandMax":null,"Value":75724},{"Length":229,"Height":144,"Demand":7,"DemandMax":null,"Value":18246},{"Length":159,"Height":71,"Demand":7,"DemandMax":null,"Value":3113},{"Length":407,"Height":380,"Demand":5,"DemandMax":null,"Value":27079},{"Length":573,"Height":299,"Demand":6,"DemandMax":null,"Value":92398},{"Length":613,"Height":310,"Demand":7,"DemandMax":null,"Value":42333},{"Length":762,"Height":364,"Demand":7,"DemandMax":null,"Value":57159},{"Length":221,"Height":300,"Demand":7,"DemandMax":null,"Value":21138},{"Length":327,"Height":245,"Demand":4,"DemandMax":null,"Value":44157},{"Length":266,"Height":210,"Demand":8,"DemandMax":null,"Value":34460},{"Length":192,"Height":353,"Demand":10,"DemandMax":null,"Value":31072},{"Length":641,"Height":382,"Demand":5,"DemandMax":null,"Value":143684},{"Length":584,"Height":273,"Demand":10,"DemandMax":null,"Value":29481},{"Length":645,"Height":320,"Demand":3,"DemandMax":null,"Value":75261},{"Length":529,"Height":284,"Demand":7,"DemandMax":null,"Value":57455},{"Length":456,"Height":167,"Demand":5,"DemandMax":null,"Value":35830},{"Length":257,"Height":107,"Demand":3,"DemandMax":null,"Value":16366},{"Length":147,"Height":110,"Demand":8,"DemandMax":null,"Value":5900},{"Length":147,"Height":181,"Demand":8,"DemandMax":null,"Value":11807},{"Length":161,"Height":268,"Demand":6,"DemandMax":null,"Value":14488},{"Length":658,"Height":213,"Demand":6,"DemandMax":null,"Value":90482},{"Length":136,"Height":153,"Demand":6,"DemandMax":null,"Value":8175},{"Length":738,"Height":314,"Demand":8,"DemandMax":null,"Value":108264},{"Length":340,"Height":204,"Demand":7,"DemandMax":null,"Value":35117},{"Length":745,"Height":255,"Demand":5,"DemandMax":null,"Value":41973}]}