{"Name":"17","Objects":[{"Length":2850,"Height":3913,"Stock":null,"Cost":11152050}],"Items":[{"Length":750,"Height":1014,"Demand":5,"DemandMax":null,"Value":136913},{"Length":784,"Height":719,"Demand":5,"DemandMax":null,"Value":264603},{"Length":817,"Height":343,"Demand":3,"DemandMax":null,"Value":85198},{"Length":808,"Height":1054,"Demand":9,"DemandMax":null,"Value":407871},{"Length":846,"Height":535,"Demand":7,"DemandMax":null,"Value":139077},{"Length":209,"Height":566,"Demand":4,"DemandMax":null,"Value":40799},{"Length":536,"Height":474,"Demand":7,"DemandMax":null,"Value":42843},{"Length":569,"Height":304,"Demand":8,"DemandMax":null,"Value":107887},{"Length":445,"Height":1039,"Demand":4,"DemandMax":null,"Value":241034},{"Length":750,"Height":1017,"Demand":3,"DemandMax":null,"Value":125726},{"Length":822,"Height":1133,"Demand":3,"DemandMax":null,"Value":559701},{"Length":626,"Height":887,"Demand":8,"DemandMax":null,"Value":175042},{"Length":402,"Height":1056,"Demand":9,"DemandMax":null,"Value":206330},{"Length":419,"Height":607,"Demand":5,"DemandMax":null,"Value":162270},{"Length":557,"Height":361,"Demand":6,"DemandMax":null,"Value":125346},{"Length":284,"Height":835,"Demand":4,"DemandMax":null,"Value":68869},{"Length":347,"Height":1148,"Demand":4,"DemandMax":null,"Value":131025},{"Length":223,"Height":471,"Demand":9,"DemandMax":null,"Value":64866},{"Length":240,"Height":481,"Demand":10,"DemandMax":null,"Value":25352},{"Length":657,"Height":947,"Demand":7,"DemandMax":null,"Value":135784},{"Length":847,"Height":593,"Demand":3,"DemandMax":null,"Value":216931},{"Length":607,"Height":222,"Demand":10,"DemandMax":null,"Value":72902},{"Length":287,"Height":1023,"Demand":4,"DemandMax":null,"Value":169538},{"Length":605,"Height":1161,"Demand":4,"DemandMax":null,"Value":200067},{"Length":384,"Height":539,"Demand":8,"DemandMax":null,"Value":49412},{"Length":642,"Height":834,"Demand":8,"DemandMax":null,"Value":171551},{"Length":334,"Height":956,"Demand":9,"DemandMax":null,"Value":153382},{"Length":323,"Height":360,"Demand":7,"DemandMax":null,"Value":38402},{"Length":695,"Height":824,"Demand":10,"DemandMax":null,"Value":233210},{"Length":618,"Height":1118,"Demand":4,"DemandMax":null,"Value":137091},{"Length":470,"Height":583,"Demand":7,"DemandMax":null,"Value":82805},{"Length":595,"Height":1087,"Demand":5,"DemandMax":null,"Value":114898},{"Length":198,"Height":619,"Demand":6,"DemandMax":null,"Value":47090},{"Length":479,"Height":290,"Demand":10,"DemandMax":null,"Value":46643},{"Length":668,"Height":799,"Demand":6,"DemandMax":null,"Value":163938},{"Length":311,"Height":612,"Demand":8,"DemandMax":null,"Value":103815},{"Length":460,"Height":879,"Demand":5,"DemandMax":null,"Value":93629},{"Length":457,"Height":1037,"Demand":3,"DemandMax":null,"Value":306045},{"Length":756,"Height":868,"Demand":3,"DemandMax":null,"Value":136952},{"Length":198,"Height":198,"Demand":6,"DemandMax":null,"Value":7176},{"Length":438,"Height":1140,"Demand":4,"DemandMax":null,"Value":140431},{"Length":621,"Height":1131,"Demand":6,"DemandMax":null,"Value":450580},{"Length":780,"Height":229,"Demand":10,"DemandMax":null,"Value":34016},{"Length":406,"Height":289,"Demand":3,"DemandMax":null,"Value":72869},{"Length":603,"Height":381,"Demand":9,"DemandMax":null,"Value":102851},{"Length":719,"Height":271,"Demand":5,"DemandMax":null,"Value":60693},{"Length":522,"Height":578,"Demand":5,"DemandMax":null,"Value":103148},{"Length":611,"Height":734,"Demand":7,"DemandMax":null,"Value":78939},{"Length":223,"Height":371,"Demand":5,"DemandMax":null,"Value":22780},{"Length":572,"Height":434,"Demand":3,"DemandMax":null,"Value":71739},{"Length":164,"Height":1045,"Demand":6,"DemandMax":null,"Value":36416},{"Length":258,"Height":223,"Demand":8,"DemandMax":null,"Value":34589},{"Length":650,"Height":660,"Demand":6,"DemandMax":null,"Value":235953},{"Length":273,"Height":964,"Demand":9,"DemandMax":null,"Value":87176},{"Length":152,"Height":317,"Demand":9,"DemandMax":null,"Value":21059},{"Length":466,"Height":317,"Demand":4,"DemandMax":null,"Value":77215},{"Length":752,"Height":284,"Demand":8,"DemandMax":null,"Value":117767},{"Length":454,"Height":924,"Demand":8,"DemandMax":null,"Value":156779},{"Length":832,"Height":465,"Demand":9,"DemandMax":null,"Value":245799}]}