{"Name":"13","Objects":[{"Length":3620,"Height":1247,"Stock":null,"Cost":4514140}],"Items":[{"Length":952,"Height":323,"Demand":3,"DemandMax":null,"Value":55359},{"Length":995,"Height":229,"Demand":7,"DemandMax":null,"Value":106957},{"Length":1038,"Height":109,"Demand":8,"DemandMax":null,"Value":34398},{"Length":1026,"Height":336,"Demand":4,"DemandMax":null,"Value":165104},{"Length":1075,"Height":170,"Demand":4,"DemandMax":null,"Value":56155},{"Length":266,"Height":180,"Demand":7,"DemandMax":null,"Value":16513},{"Length":681,"Height":151,"Demand":3,"DemandMax":null,"Value":17341},{"Length":723,"Height":96,"Demand":7,"DemandMax":null,"Value":43290},{"Length":565,"Height":331,"Demand":7,"DemandMax":null,"Value":97494},{"Length":953,"Height":324,"Demand":7,"DemandMax":null,"Value":50896},{"Length":1044,"Height":361,"Demand":7,"DemandMax":null,"Value":226497},{"Length":796,"Height":282,"Demand":4,"DemandMax":null,"Value":70763},{"Length":511,"Height":336,"Demand":5,"DemandMax":null,"Value":83451},{"Length":532,"Height":193,"Demand":5,"DemandMax":null,"Value":65509},{"Length":707,"Height":115,"Demand":10,"DemandMax":null,"Value":50683},{"Length":361,"Height":266,"Demand":7,"DemandMax":null,"Value":27887},{"Length":440,"Height":366,"Demand":4,"DemandMax":null,"Value":52968},{"Length":284,"Height":150,"Demand":8,"DemandMax":null,"Value":26309},{"Length":305,"Height":153,"Demand":4,"DemandMax":null,"Value":10248},{"Length":835,"Height":301,"Demand":9,"DemandMax":null,"Value":54851},{"Length":1076,"Height":189,"Demand":9,"DemandMax":null,"Value":87833},{"Length":771,"Height":70,"Demand":6,"DemandMax":null,"Value":29198},{"Length":365,"Height":326,"Demand":7,"DemandMax":null,"Value":68710},{"Length":769,"Height":370,"Demand":8,"DemandMax":null,"Value":81043},{"Length":488,"Height":172,"Demand":10,"DemandMax":null,"Value":20038},{"Length":816,"Height":265,"Demand":5,"DemandMax":null,"Value":69283},{"Length":425,"Height":304,"Demand":6,"DemandMax":null,"Value":62063},{"Length":410,"Height":114,"Demand":3,"DemandMax":null,"Value":15436},{"Length":883,"Height":262,"Demand":8,"DemandMax":null,"Value":94210},{"Length":786,"Height":356,"Demand":4,"DemandMax":null,"Value":55520},{"Length":598,"Height":185,"Demand":4,"DemandMax":null,"Value":33432},{"Length":756,"Height":346,"Demand":7,"DemandMax":null,"Value":46469},{"Length":252,"Height":197,"Demand":9,"DemandMax":null,"Value":19074},{"Length":609,"Height":92,"Demand":4,"DemandMax":null,"Value":18813},{"Length":848,"Height":254,"Demand":10,"DemandMax":null,"Value":66159},{"Length":396,"Height":195,"Demand":4,"DemandMax":null,"Value":42119},{"Length":584,"Height":280,"Demand":9,"DemandMax":null,"Value":37865},{"Length":580,"Height":330,"Demand":8,"DemandMax":null,"Value":123604},{"Length":960,"Height":276,"Demand":4,"DemandMax":null,"Value":55298},{"Length":252,"Height":63,"Demand":10,"DemandMax":null,"Value":2906},{"Length":557,"Height":363,"Demand":9,"DemandMax":null,"Value":56865},{"Length":789,"Height":360,"Demand":5,"DemandMax":null,"Value":182220},{"Length":990,"Height":73,"Demand":5,"DemandMax":null,"Value":13763},{"Length":516,"Height":92,"Demand":10,"DemandMax":null,"Value":29482},{"Length":766,"Height":121,"Demand":8,"DemandMax":null,"Value":41493},{"Length":913,"Height":86,"Demand":4,"DemandMax":null,"Value":24457},{"Length":663,"Height":184,"Demand":8,"DemandMax":null,"Value":41705},{"Length":776,"Height":234,"Demand":10,"DemandMax":null,"Value":31962},{"Length":283,"Height":118,"Demand":8,"DemandMax":null,"Value":9195},{"Length":727,"Height":138,"Demand":4,"DemandMax":null,"Value":28992},{"Length":208,"Height":333,"Demand":4,"DemandMax":null,"Value":14718},{"Length":327,"Height":71,"Demand":7,"DemandMax":null,"Value":13958},{"Length":826,"Height":210,"Demand":9,"DemandMax":null,"Value":95404},{"Length":347,"Height":307,"Demand":3,"DemandMax":null,"Value":35288}]}