{"Name":"1","Objects":[{"Length":1017,"Height":1005,"Stock":null,"Cost":1022085}],"Items":[{"Length":267,"Height":260,"Demand":3,"DemandMax":null,"Value":12498},{"Length":279,"Height":184,"Demand":8,"DemandMax":null,"Value":24097},{"Length":291,"Height":88,"Demand":4,"DemandMax":null,"Value":7786},{"Length":288,"Height":270,"Demand":4,"DemandMax":null,"Value":37241},{"Length":302,"Height":137,"Demand":8,"DemandMax":null,"Value":12713},{"Length":74,"Height":145,"Demand":7,"DemandMax":null,"Value":3701},{"Length":191,"Height":121,"Demand":10,"DemandMax":null,"Value":3897},{"Length":203,"Height":78,"Demand":10,"DemandMax":null,"Value":9876},{"Length":158,"Height":266,"Demand":4,"DemandMax":null,"Value":21910},{"Length":267,"Height":261,"Demand":10,"DemandMax":null,"Value":11487},{"Length":293,"Height":291,"Demand":8,"DemandMax":null,"Value":51241},{"Length":223,"Height":227,"Demand":4,"DemandMax":null,"Value":15958},{"Length":143,"Height":271,"Demand":4,"DemandMax":null,"Value":18835},{"Length":149,"Height":155,"Demand":10,"DemandMax":null,"Value":14735},{"Length":198,"Height":92,"Demand":6,"DemandMax":null,"Value":11355},{"Length":101,"Height":214,"Demand":4,"DemandMax":null,"Value":6277},{"Length":123,"Height":295,"Demand":4,"DemandMax":null,"Value":11935},{"Length":79,"Height":121,"Demand":4,"DemandMax":null,"Value":5903},{"Length":85,"Height":123,"Demand":4,"DemandMax":null,"Value":2296},{"Length":234,"Height":243,"Demand":5,"DemandMax":null,"Value":12410},{"Length":302,"Height":152,"Demand":4,"DemandMax":null,"Value":19826},{"Length":216,"Height":57,"Demand":9,"DemandMax":null,"Value":6661},{"Length":102,"Height":262,"Demand":6,"DemandMax":null,"Value":15432},{"Length":216,"Height":298,"Demand":9,"DemandMax":null,"Value":18334},{"Length":137,"Height":138,"Demand":10,"DemandMax":null,"Value":4513},{"Length":229,"Height":214,"Demand":9,"DemandMax":null,"Value":15702},{"Length":119,"Height":245,"Demand":3,"DemandMax":null,"Value":14005},{"Length":115,"Height":92,"Demand":9,"DemandMax":null,"Value":3494},{"Length":248,"Height":211,"Demand":10,"DemandMax":null,"Value":21309},{"Length":220,"Height":287,"Demand":6,"DemandMax":null,"Value":12528},{"Length":168,"Height":149,"Demand":5,"DemandMax":null,"Value":7565},{"Length":212,"Height":279,"Demand":3,"DemandMax":null,"Value":10508},{"Length":70,"Height":159,"Demand":4,"DemandMax":null,"Value":4276},{"Length":171,"Height":74,"Demand":6,"DemandMax":null,"Value":4249},{"Length":238,"Height":205,"Demand":3,"DemandMax":null,"Value":14986},{"Length":111,"Height":157,"Demand":9,"DemandMax":null,"Value":9505},{"Length":164,"Height":225,"Demand":7,"DemandMax":null,"Value":8545},{"Length":163,"Height":266,"Demand":3,"DemandMax":null,"Value":28000},{"Length":269,"Height":223,"Demand":4,"DemandMax":null,"Value":12519},{"Length":70,"Height":51,"Demand":8,"DemandMax":null,"Value":653},{"Length":156,"Height":292,"Demand":10,"DemandMax":null,"Value":12811},{"Length":221,"Height":290,"Demand":8,"DemandMax":null,"Value":41116},{"Length":278,"Height":58,"Demand":4,"DemandMax":null,"Value":3071},{"Length":145,"Height":74,"Demand":3,"DemandMax":null,"Value":6664},{"Length":215,"Height":97,"Demand":10,"DemandMax":null,"Value":9336},{"Length":256,"Height":69,"Demand":7,"DemandMax":null,"Value":5502},{"Length":186,"Height":148,"Demand":7,"DemandMax":null,"Value":9411},{"Length":218,"Height":188,"Demand":9,"DemandMax":null,"Value":7214},{"Length":79,"Height":95,"Demand":5,"DemandMax":null,"Value":2066},{"Length":204,"Height":111,"Demand":8,"DemandMax":null,"Value":6544}]}