{"Name":"20","Objects":[{"Length":2685,"Height":3407,"Stock":null,"Cost":9147795}],"Items":[{"Length":706,"Height":883,"Demand":4,"DemandMax":null,"Value":112230},{"Length":738,"Height":626,"Demand":8,"DemandMax":null,"Value":216860},{"Length":770,"Height":298,"Demand":4,"DemandMax":null,"Value":69762},{"Length":761,"Height":918,"Demand":5,"DemandMax":null,"Value":334578},{"Length":797,"Height":466,"Demand":4,"DemandMax":null,"Value":114123},{"Length":197,"Height":493,"Demand":3,"DemandMax":null,"Value":33496},{"Length":505,"Height":413,"Demand":7,"DemandMax":null,"Value":35171},{"Length":536,"Height":264,"Demand":6,"DemandMax":null,"Value":88257},{"Length":419,"Height":904,"Demand":5,"DemandMax":null,"Value":197463},{"Length":707,"Height":885,"Demand":9,"DemandMax":null,"Value":103135},{"Length":774,"Height":986,"Demand":10,"DemandMax":null,"Value":458640},{"Length":590,"Height":772,"Demand":5,"DemandMax":null,"Value":143587},{"Length":379,"Height":919,"Demand":9,"DemandMax":null,"Value":169288},{"Length":395,"Height":528,"Demand":6,"DemandMax":null,"Value":133066},{"Length":525,"Height":314,"Demand":4,"DemandMax":null,"Value":102763},{"Length":267,"Height":727,"Demand":3,"DemandMax":null,"Value":56372},{"Length":327,"Height":1000,"Demand":3,"DemandMax":null,"Value":107555},{"Length":210,"Height":410,"Demand":4,"DemandMax":null,"Value":53173},{"Length":226,"Height":418,"Demand":10,"DemandMax":null,"Value":20746},{"Length":619,"Height":824,"Demand":10,"DemandMax":null,"Value":111314},{"Length":798,"Height":516,"Demand":9,"DemandMax":null,"Value":177842},{"Length":572,"Height":193,"Demand":7,"DemandMax":null,"Value":59725},{"Length":270,"Height":890,"Demand":5,"DemandMax":null,"Value":138759},{"Length":570,"Height":1010,"Demand":7,"DemandMax":null,"Value":163977},{"Length":362,"Height":470,"Demand":9,"DemandMax":null,"Value":40618},{"Length":605,"Height":726,"Demand":5,"DemandMax":null,"Value":140729},{"Length":315,"Height":833,"Demand":10,"DemandMax":null,"Value":126045},{"Length":304,"Height":314,"Demand":6,"DemandMax":null,"Value":31525},{"Length":655,"Height":717,"Demand":7,"DemandMax":null,"Value":191247},{"Length":583,"Height":973,"Demand":10,"DemandMax":null,"Value":112554},{"Length":443,"Height":507,"Demand":4,"DemandMax":null,"Value":67873},{"Length":561,"Height":946,"Demand":7,"DemandMax":null,"Value":94280},{"Length":187,"Height":539,"Demand":3,"DemandMax":null,"Value":38726},{"Length":452,"Height":252,"Demand":4,"DemandMax":null,"Value":38247},{"Length":629,"Height":695,"Demand":4,"DemandMax":null,"Value":134274},{"Length":293,"Height":533,"Demand":7,"DemandMax":null,"Value":85181},{"Length":433,"Height":765,"Demand":5,"DemandMax":null,"Value":76703},{"Length":430,"Height":903,"Demand":3,"DemandMax":null,"Value":250753},{"Length":712,"Height":756,"Demand":8,"DemandMax":null,"Value":112339},{"Length":187,"Height":172,"Demand":8,"DemandMax":null,"Value":5887},{"Length":413,"Height":992,"Demand":5,"DemandMax":null,"Value":115225},{"Length":585,"Height":984,"Demand":4,"DemandMax":null,"Value":369291},{"Length":735,"Height":199,"Demand":3,"DemandMax":null,"Value":27854},{"Length":382,"Height":251,"Demand":3,"DemandMax":null,"Value":59546},{"Length":568,"Height":332,"Demand":10,"DemandMax":null,"Value":84421},{"Length":677,"Height":236,"Demand":5,"DemandMax":null,"Value":49767},{"Length":492,"Height":503,"Demand":5,"DemandMax":null,"Value":84605},{"Length":576,"Height":639,"Demand":9,"DemandMax":null,"Value":64786},{"Length":210,"Height":323,"Demand":5,"DemandMax":null,"Value":18676},{"Length":539,"Height":378,"Demand":5,"DemandMax":null,"Value":58878},{"Length":154,"Height":910,"Demand":5,"DemandMax":null,"Value":29778},{"Length":243,"Height":194,"Demand":8,"DemandMax":null,"Value":28341},{"Length":612,"Height":575,"Demand":9,"DemandMax":null,"Value":193547},{"Length":257,"Height":839,"Demand":5,"DemandMax":null,"Value":71425},{"Length":143,"Height":276,"Demand":4,"DemandMax":null,"Value":17250},{"Length":439,"Height":276,"Demand":5,"DemandMax":null,"Value":63333},{"Length":709,"Height":248,"Demand":9,"DemandMax":null,"Value":96958},{"Length":428,"Height":804,"Demand":10,"DemandMax":null,"Value":128605},{"Length":784,"Height":405,"Demand":9,"DemandMax":null,"Value":201732},{"Length":230,"Height":380,"Demand":3,"DemandMax":null,"Value":48359},{"Length":160,"Height":189,"Demand":10,"DemandMax":null,"Value":8339},{"Length":410,"Height":1002,"Demand":5,"DemandMax":null,"Value":71929},{"Length":576,"Height":789,"Demand":10,"DemandMax":null,"Value":245097},{"Length":616,"Height":819,"Demand":3,"DemandMax":null,"Value":112389},{"Length":766,"Height":961,"Demand":9,"DemandMax":null,"Value":151699},{"Length":222,"Height":793,"Demand":4,"DemandMax":null,"Value":56128},{"Length":329,"Height":647,"Demand":10,"DemandMax":null,"Value":117323},{"Length":267,"Height":553,"Demand":6,"DemandMax":null,"Value":91086},{"Length":193,"Height":932,"Demand":8,"DemandMax":null,"Value":82464},{"Length":645,"Height":1007,"Demand":7,"DemandMax":null,"Value":381133},{"Length":587,"Height":720,"Demand":8,"DemandMax":null,"Value":78152},{"Length":649,"Height":846,"Demand":6,"DemandMax":null,"Value":200205},{"Length":532,"Height":749,"Demand":8,"DemandMax":null,"Value":152386},{"Length":459,"Height":441,"Demand":6,"DemandMax":null,"Value":95239},{"Length":258,"Height":282,"Demand":5,"DemandMax":null,"Value":43301},{"Length":147,"Height":291,"Demand":5,"DemandMax":null,"Value":15608},{"Length":148,"Height":479,"Demand":9,"DemandMax":null,"Value":31458},{"Length":162,"Height":708,"Demand":6,"DemandMax":null,"Value":38513},{"Length":661,"Height":564,"Demand":9,"DemandMax":null,"Value":240679},{"Length":136,"Height":404,"Demand":3,"DemandMax":null,"Value":21587},{"Length":742,"Height":829,"Demand":5,"DemandMax":null,"Value":287380},{"Length":342,"Height":539,"Demand":4,"DemandMax":null,"Value":93331},{"Length":749,"Height":674,"Demand":10,"DemandMax":null,"Value":111536},{"Length":599,"Height":500,"Demand":5,"DemandMax":null,"Value":142977},{"Length":769,"Height":721,"Demand":5,"DemandMax":null,"Value":315027},{"Length":696,"Height":200,"Demand":4,"DemandMax":null,"Value":39209},{"Length":476,"Height":626,"Demand":6,"DemandMax":null,"Value":70045},{"Length":174,"Height":219,"Demand":3,"DemandMax":null,"Value":7185}]}