{"Name":"r1","Objects":[{"Length":2600,"Height":1300,"Stock":null,"Cost":3380000}],"Items":[{"Length":990,"Height":235,"Demand":6,"DemandMax":null,"Value":232650},{"Length":220,"Height":113,"Demand":6,"DemandMax":null,"Value":24860},{"Length":288,"Height":250,"Demand":6,"DemandMax":null,"Value":72000},{"Length":1160,"Height":868,"Demand":3,"DemandMax":null,"Value":1006880},{"Length":1000,"Height":868,"Demand":3,"DemandMax":null,"Value":868000},{"Length":868,"Height":598,"Demand":6,"DemandMax":null,"Value":519064},{"Length":1160,"Height":258,"Demand":3,"DemandMax":null,"Value":299280},{"Length":1000,"Height":96,"Demand":15,"DemandMax":null,"Value":96000},{"Length":1000,"Height":152,"Demand":15,"DemandMax":null,"Value":152000},{"Length":185,"Height":160,"Demand":3,"DemandMax":null,"Value":29600},{"Length":1183,"Height":521,"Demand":3,"DemandMax":null,"Value":616343},{"Length":815,"Height":521,"Demand":3,"DemandMax":null,"Value":424615},{"Length":1012,"Height":571,"Demand":3,"DemandMax":null,"Value":577852},{"Length":455,"Height":180,"Demand":3,"DemandMax":null,"Value":81900},{"Length":540,"Height":192,"Demand":3,"DemandMax":null,"Value":103680},{"Length":555,"Height":210,"Demand":3,"DemandMax":null,"Value":116550},{"Length":253,"Height":143,"Demand":3,"DemandMax":null,"Value":36179},{"Length":442,"Height":420,"Demand":3,"DemandMax":null,"Value":185640},{"Length":240,"Height":90,"Demand":3,"DemandMax":null,"Value":21600},{"Length":330,"Height":182,"Demand":3,"DemandMax":null,"Value":60060},{"Length":800,"Height":133,"Demand":3,"DemandMax":null,"Value":106400},{"Length":800,"Height":403,"Demand":6,"DemandMax":null,"Value":322400},{"Length":803,"Height":333,"Demand":3,"DemandMax":null,"Value":267399},{"Length":778,"Height":116,"Demand":3,"DemandMax":null,"Value":90248},{"Length":778,"Height":78,"Demand":3,"DemandMax":null,"Value":60684},{"Length":1200,"Height":241,"Demand":3,"DemandMax":null,"Value":289200},{"Length":1020,"Height":262,"Demand":3,"DemandMax":null,"Value":267240},{"Length":1300,"Height":121,"Demand":3,"DemandMax":null,"Value":157300},{"Length":1300,"Height":83,"Demand":3,"DemandMax":null,"Value":107900},{"Length":800,"Height":120,"Demand":3,"DemandMax":null,"Value":96000},{"Length":700,"Height":133,"Demand":3,"DemandMax":null,"Value":93100},{"Length":1200,"Height":85,"Demand":3,"DemandMax":null,"Value":102000},{"Length":480,"Height":480,"Demand":6,"DemandMax":null,"Value":230400},{"Length":965,"Height":705,"Demand":3,"DemandMax":null,"Value":680325},{"Length":800,"Height":390,"Demand":3,"DemandMax":null,"Value":312000},{"Length":680,"Height":185,"Demand":3,"DemandMax":null,"Value":125800},{"Length":840,"Height":410,"Demand":3,"DemandMax":null,"Value":344400},{"Length":800,"Height":73,"Demand":3,"DemandMax":null,"Value":58400},{"Length":800,"Height":40,"Demand":3,"DemandMax":null,"Value":32000},{"Length":930,"Height":78,"Demand":3,"DemandMax":null,"Value":72540},{"Length":930,"Height":50,"Demand":3,"DemandMax":null,"Value":46500},{"Length":600,"Height":88,"Demand":3,"DemandMax":null,"Value":52800},{"Length":1200,"Height":146,"Demand":6,"DemandMax":null,"Value":175200},{"Length":822,"Height":465,"Demand":3,"DemandMax":null,"Value":382230},{"Length":876,"Height":318,"Demand":3,"DemandMax":null,"Value":278568},{"Length":755,"Height":147,"Demand":3,"DemandMax":null,"Value":110985},{"Length":460,"Height":180,"Demand":3,"DemandMax":null,"Value":82800},{"Length":270,"Height":117,"Demand":3,"DemandMax":null,"Value":31590},{"Length":215,"Height":145,"Demand":3,"DemandMax":null,"Value":31175}]}