{"Name":"19","Objects":[{"Length":4518,"Height":2036,"Stock":null,"Cost":9198648}],"Items":[{"Length":1189,"Height":527,"Demand":10,"DemandMax":null,"Value":112807},{"Length":1242,"Height":374,"Demand":9,"DemandMax":null,"Value":218043},{"Length":1296,"Height":178,"Demand":9,"DemandMax":null,"Value":70135},{"Length":1280,"Height":548,"Demand":7,"DemandMax":null,"Value":335940},{"Length":1341,"Height":278,"Demand":6,"DemandMax":null,"Value":114552},{"Length":332,"Height":294,"Demand":8,"DemandMax":null,"Value":33664},{"Length":850,"Height":247,"Demand":4,"DemandMax":null,"Value":35404},{"Length":902,"Height":158,"Demand":7,"DemandMax":null,"Value":88888},{"Length":706,"Height":540,"Demand":6,"DemandMax":null,"Value":198748},{"Length":1190,"Height":529,"Demand":9,"DemandMax":null,"Value":103763},{"Length":1303,"Height":589,"Demand":9,"DemandMax":null,"Value":461226},{"Length":993,"Height":461,"Demand":10,"DemandMax":null,"Value":144309},{"Length":638,"Height":549,"Demand":8,"DemandMax":null,"Value":170241},{"Length":665,"Height":315,"Demand":9,"DemandMax":null,"Value":133650},{"Length":883,"Height":188,"Demand":6,"DemandMax":null,"Value":103482},{"Length":450,"Height":434,"Demand":8,"DemandMax":null,"Value":56718},{"Length":550,"Height":597,"Demand":3,"DemandMax":null,"Value":107999},{"Length":354,"Height":245,"Demand":8,"DemandMax":null,"Value":53562},{"Length":381,"Height":250,"Demand":5,"DemandMax":null,"Value":20918},{"Length":1042,"Height":492,"Demand":7,"DemandMax":null,"Value":111883},{"Length":1342,"Height":308,"Demand":8,"DemandMax":null,"Value":178520},{"Length":962,"Height":115,"Demand":6,"DemandMax":null,"Value":59851},{"Length":455,"Height":532,"Demand":5,"DemandMax":null,"Value":139776},{"Length":959,"Height":604,"Demand":9,"DemandMax":null,"Value":164984},{"Length":609,"Height":280,"Demand":3,"DemandMax":null,"Value":40709},{"Length":1018,"Height":434,"Demand":8,"DemandMax":null,"Value":141557},{"Length":530,"Height":497,"Demand":6,"DemandMax":null,"Value":126532},{"Length":512,"Height":187,"Demand":10,"DemandMax":null,"Value":31620},{"Length":1102,"Height":428,"Demand":3,"DemandMax":null,"Value":192070},{"Length":981,"Height":581,"Demand":7,"DemandMax":null,"Value":113090},{"Length":746,"Height":303,"Demand":8,"DemandMax":null,"Value":68308},{"Length":944,"Height":565,"Demand":6,"DemandMax":null,"Value":94751},{"Length":315,"Height":322,"Demand":7,"DemandMax":null,"Value":38971},{"Length":760,"Height":151,"Demand":4,"DemandMax":null,"Value":38534},{"Length":1059,"Height":415,"Demand":10,"DemandMax":null,"Value":134990},{"Length":494,"Height":318,"Demand":5,"DemandMax":null,"Value":85685},{"Length":729,"Height":457,"Demand":4,"DemandMax":null,"Value":77145},{"Length":724,"Height":539,"Demand":6,"DemandMax":null,"Value":252010},{"Length":1198,"Height":451,"Demand":7,"DemandMax":null,"Value":112761},{"Length":315,"Height":103,"Demand":9,"DemandMax":null,"Value":5939},{"Length":695,"Height":593,"Demand":9,"DemandMax":null,"Value":115911},{"Length":985,"Height":588,"Demand":7,"DemandMax":null,"Value":371562},{"Length":1236,"Height":119,"Demand":7,"DemandMax":null,"Value":28010},{"Length":644,"Height":150,"Demand":4,"DemandMax":null,"Value":59992},{"Length":957,"Height":198,"Demand":10,"DemandMax":null,"Value":84829},{"Length":1140,"Height":141,"Demand":9,"DemandMax":null,"Value":50069},{"Length":828,"Height":300,"Demand":9,"DemandMax":null,"Value":84920},{"Length":969,"Height":382,"Demand":5,"DemandMax":null,"Value":65154},{"Length":353,"Height":193,"Demand":4,"DemandMax":null,"Value":18759},{"Length":908,"Height":226,"Demand":10,"DemandMax":null,"Value":59301},{"Length":260,"Height":544,"Demand":4,"DemandMax":null,"Value":30054},{"Length":409,"Height":116,"Demand":8,"DemandMax":null,"Value":28523},{"Length":1031,"Height":343,"Demand":6,"DemandMax":null,"Value":194500},{"Length":433,"Height":501,"Demand":7,"DemandMax":null,"Value":71859},{"Length":241,"Height":165,"Demand":7,"DemandMax":null,"Value":17380},{"Length":739,"Height":165,"Demand":5,"DemandMax":null,"Value":63736},{"Length":1193,"Height":148,"Demand":6,"DemandMax":null,"Value":97362},{"Length":720,"Height":480,"Demand":5,"DemandMax":null,"Value":129162},{"Length":1319,"Height":242,"Demand":8,"DemandMax":null,"Value":202798},{"Length":388,"Height":227,"Demand":4,"DemandMax":null,"Value":48733},{"Length":269,"Height":113,"Demand":7,"DemandMax":null,"Value":8382},{"Length":690,"Height":599,"Demand":3,"DemandMax":null,"Value":72365},{"Length":970,"Height":471,"Demand":5,"DemandMax":null,"Value":246394},{"Length":1037,"Height":489,"Demand":10,"DemandMax":null,"Value":112966},{"Length":1289,"Height":574,"Demand":3,"DemandMax":null,"Value":152474},{"Length":374,"Height":473,"Demand":7,"DemandMax":null,"Value":56401},{"Length":554,"Height":386,"Demand":4,"DemandMax":null,"Value":117864},{"Length":450,"Height":330,"Demand":10,"DemandMax":null,"Value":91610},{"Length":326,"Height":557,"Demand":7,"DemandMax":null,"Value":83246},{"Length":1085,"Height":602,"Demand":3,"DemandMax":null,"Value":383278},{"Length":989,"Height":430,"Demand":4,"DemandMax":null,"Value":78638}]}