{"Name":"5C_9","Objects":[{"Length":2800,"Height":1150,"Stock":null,"Cost":3220000}],"Items":[{"Length":68,"Height":255,"Demand":8,"DemandMax":null,"Value":8732},{"Length":101,"Height":64,"Demand":9,"DemandMax":null,"Value":6194},{"Length":206,"Height":492,"Demand":27,"DemandMax":null,"Value":68839},{"Length":64,"Height":394,"Demand":6,"DemandMax":null,"Value":14318},{"Length":88,"Height":485,"Demand":14,"DemandMax":null,"Value":24686},{"Length":187,"Height":427,"Demand":30,"DemandMax":null,"Value":61887},{"Length":439,"Height":457,"Demand":17,"DemandMax":null,"Value":196046},{"Length":465,"Height":429,"Demand":9,"DemandMax":null,"Value":162111},{"Length":438,"Height":317,"Demand":27,"DemandMax":null,"Value":107782},{"Length":158,"Height":145,"Demand":21,"DemandMax":null,"Value":19207},{"Length":218,"Height":306,"Demand":28,"DemandMax":null,"Value":63634},{"Length":92,"Height":453,"Demand":20,"DemandMax":null,"Value":40389},{"Length":194,"Height":96,"Demand":22,"DemandMax":null,"Value":14642},{"Length":383,"Height":174,"Demand":13,"DemandMax":null,"Value":43510},{"Length":459,"Height":400,"Demand":6,"DemandMax":null,"Value":115835},{"Length":250,"Height":267,"Demand":9,"DemandMax":null,"Value":41147},{"Length":166,"Height":227,"Demand":27,"DemandMax":null,"Value":25966},{"Length":228,"Height":111,"Demand":1,"DemandMax":null,"Value":19484},{"Length":153,"Height":205,"Demand":8,"DemandMax":null,"Value":22640},{"Length":307,"Height":195,"Demand":12,"DemandMax":null,"Value":45586},{"Length":387,"Height":221,"Demand":22,"DemandMax":null,"Value":65965},{"Length":458,"Height":195,"Demand":14,"DemandMax":null,"Value":58930},{"Length":475,"Height":209,"Demand":14,"DemandMax":null,"Value":57274},{"Length":67,"Height":309,"Demand":28,"DemandMax":null,"Value":16922},{"Length":243,"Height":408,"Demand":13,"DemandMax":null,"Value":64549},{"Length":445,"Height":274,"Demand":27,"DemandMax":null,"Value":78622},{"Length":154,"Height":370,"Demand":30,"DemandMax":null,"Value":54089},{"Length":425,"Height":218,"Demand":1,"DemandMax":null,"Value":57269},{"Length":168,"Height":145,"Demand":4,"DemandMax":null,"Value":19421},{"Length":103,"Height":301,"Demand":5,"DemandMax":null,"Value":20326},{"Length":86,"Height":247,"Demand":24,"DemandMax":null,"Value":16670},{"Length":172,"Height":67,"Demand":17,"DemandMax":null,"Value":9914},{"Length":490,"Height":53,"Demand":13,"DemandMax":null,"Value":19921},{"Length":476,"Height":410,"Demand":18,"DemandMax":null,"Value":162015},{"Length":257,"Height":401,"Demand":8,"DemandMax":null,"Value":102063},{"Length":97,"Height":445,"Demand":30,"DemandMax":null,"Value":26396},{"Length":422,"Height":332,"Demand":9,"DemandMax":null,"Value":104010},{"Length":316,"Height":198,"Demand":7,"DemandMax":null,"Value":44927},{"Length":192,"Height":348,"Demand":19,"DemandMax":null,"Value":58951},{"Length":125,"Height":480,"Demand":23,"DemandMax":null,"Value":46664},{"Length":404,"Height":436,"Demand":25,"DemandMax":null,"Value":121780},{"Length":108,"Height":188,"Demand":26,"DemandMax":null,"Value":12331},{"Length":410,"Height":275,"Demand":2,"DemandMax":null,"Value":86661},{"Length":186,"Height":400,"Demand":20,"DemandMax":null,"Value":49729},{"Length":469,"Height":247,"Demand":29,"DemandMax":null,"Value":85105},{"Length":89,"Height":173,"Demand":24,"DemandMax":null,"Value":11375},{"Length":345,"Height":463,"Demand":12,"DemandMax":null,"Value":138717},{"Length":433,"Height":165,"Demand":4,"DemandMax":null,"Value":39391},{"Length":69,"Height":397,"Demand":21,"DemandMax":null,"Value":14891},{"Length":124,"Height":106,"Demand":20,"DemandMax":null,"Value":12144}]}