{"Name":"4B_7","Objects":[{"Length":2300,"Height":1350,"Stock":null,"Cost":3105000}],"Items":[{"Length":455,"Height":142,"Demand":7,"DemandMax":null,"Value":32429},{"Length":344,"Height":443,"Demand":9,"DemandMax":null,"Value":83205},{"Length":158,"Height":96,"Demand":5,"DemandMax":null,"Value":10373},{"Length":319,"Height":375,"Demand":8,"DemandMax":null,"Value":113760},{"Length":354,"Height":220,"Demand":5,"DemandMax":null,"Value":68892},{"Length":494,"Height":60,"Demand":5,"DemandMax":null,"Value":23646},{"Length":483,"Height":184,"Demand":8,"DemandMax":null,"Value":80868},{"Length":146,"Height":158,"Demand":2,"DemandMax":null,"Value":18146},{"Length":369,"Height":253,"Demand":5,"DemandMax":null,"Value":89813},{"Length":339,"Height":123,"Demand":6,"DemandMax":null,"Value":38953},{"Length":306,"Height":105,"Demand":4,"DemandMax":null,"Value":16977},{"Length":109,"Height":87,"Demand":8,"DemandMax":null,"Value":8980},{"Length":204,"Height":412,"Demand":8,"DemandMax":null,"Value":53654},{"Length":384,"Height":484,"Demand":9,"DemandMax":null,"Value":152621},{"Length":393,"Height":318,"Demand":7,"DemandMax":null,"Value":119510},{"Length":303,"Height":328,"Demand":2,"DemandMax":null,"Value":88056},{"Length":288,"Height":307,"Demand":5,"DemandMax":null,"Value":60579},{"Length":129,"Height":427,"Demand":4,"DemandMax":null,"Value":54645},{"Length":111,"Height":311,"Demand":6,"DemandMax":null,"Value":27616},{"Length":250,"Height":260,"Demand":4,"DemandMax":null,"Value":59532},{"Length":414,"Height":390,"Demand":7,"DemandMax":null,"Value":84463},{"Length":410,"Height":353,"Demand":9,"DemandMax":null,"Value":125130},{"Length":141,"Height":139,"Demand":9,"DemandMax":null,"Value":10120},{"Length":271,"Height":226,"Demand":9,"DemandMax":null,"Value":48092},{"Length":391,"Height":133,"Demand":6,"DemandMax":null,"Value":41493}]}