{"Name":"4B_5","Objects":[{"Length":2700,"Height":1450,"Stock":null,"Cost":3915000}],"Items":[{"Length":106,"Height":321,"Demand":5,"DemandMax":null,"Value":17078},{"Length":449,"Height":59,"Demand":1,"DemandMax":null,"Value":14464},{"Length":409,"Height":77,"Demand":3,"DemandMax":null,"Value":21537},{"Length":158,"Height":224,"Demand":1,"DemandMax":null,"Value":33657},{"Length":300,"Height":324,"Demand":2,"DemandMax":null,"Value":85983},{"Length":365,"Height":140,"Demand":8,"DemandMax":null,"Value":40767},{"Length":259,"Height":300,"Demand":9,"DemandMax":null,"Value":70702},{"Length":348,"Height":432,"Demand":6,"DemandMax":null,"Value":118261},{"Length":428,"Height":119,"Demand":3,"DemandMax":null,"Value":48998},{"Length":391,"Height":242,"Demand":1,"DemandMax":null,"Value":88395},{"Length":451,"Height":213,"Demand":3,"DemandMax":null,"Value":50758},{"Length":314,"Height":429,"Demand":2,"DemandMax":null,"Value":127559},{"Length":241,"Height":223,"Demand":8,"DemandMax":null,"Value":34308},{"Length":56,"Height":403,"Demand":1,"DemandMax":null,"Value":18532},{"Length":424,"Height":90,"Demand":2,"DemandMax":null,"Value":36492},{"Length":242,"Height":224,"Demand":4,"DemandMax":null,"Value":48029},{"Length":296,"Height":125,"Demand":4,"DemandMax":null,"Value":25351},{"Length":429,"Height":223,"Demand":10,"DemandMax":null,"Value":94906},{"Length":233,"Height":412,"Demand":7,"DemandMax":null,"Value":76794},{"Length":320,"Height":325,"Demand":1,"DemandMax":null,"Value":95251},{"Length":101,"Height":335,"Demand":3,"DemandMax":null,"Value":17700},{"Length":285,"Height":420,"Demand":9,"DemandMax":null,"Value":103490},{"Length":171,"Height":158,"Demand":2,"DemandMax":null,"Value":13951},{"Length":119,"Height":167,"Demand":9,"DemandMax":null,"Value":15605},{"Length":266,"Height":152,"Demand":10,"DemandMax":null,"Value":32260}]}