{"Name":"2C_1","Objects":[{"Length":2000,"Height":1000,"Stock":null,"Cost":2000000}],"Items":[{"Length":102,"Height":120,"Demand":1,"DemandMax":null,"Value":6148},{"Length":126,"Height":604,"Demand":29,"DemandMax":null,"Value":65302},{"Length":264,"Height":597,"Demand":14,"DemandMax":null,"Value":136264},{"Length":406,"Height":543,"Demand":16,"DemandMax":null,"Value":195854},{"Length":461,"Height":443,"Demand":10,"DemandMax":null,"Value":131458},{"Length":504,"Height":283,"Demand":15,"DemandMax":null,"Value":110840},{"Length":504,"Height":175,"Demand":3,"DemandMax":null,"Value":69667},{"Length":561,"Height":671,"Demand":13,"DemandMax":null,"Value":349825},{"Length":375,"Height":150,"Demand":1,"DemandMax":null,"Value":54991},{"Length":207,"Height":673,"Demand":11,"DemandMax":null,"Value":95246},{"Length":109,"Height":527,"Demand":29,"DemandMax":null,"Value":29314},{"Length":643,"Height":276,"Demand":28,"DemandMax":null,"Value":169005},{"Length":314,"Height":467,"Demand":15,"DemandMax":null,"Value":123304},{"Length":212,"Height":171,"Demand":23,"DemandMax":null,"Value":30487},{"Length":104,"Height":540,"Demand":5,"DemandMax":null,"Value":37362},{"Length":420,"Height":369,"Demand":15,"DemandMax":null,"Value":77873},{"Length":541,"Height":255,"Demand":1,"DemandMax":null,"Value":132278},{"Length":126,"Height":428,"Demand":15,"DemandMax":null,"Value":39972},{"Length":161,"Height":249,"Demand":29,"DemandMax":null,"Value":20984},{"Length":275,"Height":562,"Demand":2,"DemandMax":null,"Value":121713},{"Length":208,"Height":616,"Demand":13,"DemandMax":null,"Value":117445},{"Length":688,"Height":409,"Demand":3,"DemandMax":null,"Value":212266},{"Length":193,"Height":448,"Demand":1,"DemandMax":null,"Value":73427},{"Length":398,"Height":317,"Demand":22,"DemandMax":null,"Value":80935},{"Length":463,"Height":339,"Demand":9,"DemandMax":null,"Value":91110},{"Length":213,"Height":534,"Demand":8,"DemandMax":null,"Value":105350},{"Length":274,"Height":234,"Demand":2,"DemandMax":null,"Value":52619},{"Length":201,"Height":386,"Demand":22,"DemandMax":null,"Value":64641},{"Length":265,"Height":345,"Demand":26,"DemandMax":null,"Value":90075},{"Length":328,"Height":201,"Demand":22,"DemandMax":null,"Value":57972},{"Length":322,"Height":603,"Demand":23,"DemandMax":null,"Value":124267},{"Length":243,"Height":494,"Demand":28,"DemandMax":null,"Value":95704},{"Length":298,"Height":217,"Demand":22,"DemandMax":null,"Value":61614},{"Length":593,"Height":492,"Demand":18,"DemandMax":null,"Value":151452},{"Length":696,"Height":320,"Demand":4,"DemandMax":null,"Value":161886},{"Length":215,"Height":407,"Demand":18,"DemandMax":null,"Value":53967},{"Length":687,"Height":165,"Demand":28,"DemandMax":null,"Value":108616},{"Length":349,"Height":146,"Demand":21,"DemandMax":null,"Value":50908},{"Length":346,"Height":577,"Demand":16,"DemandMax":null,"Value":126876},{"Length":666,"Height":435,"Demand":3,"DemandMax":null,"Value":241674},{"Length":694,"Height":505,"Demand":19,"DemandMax":null,"Value":177941},{"Length":587,"Height":191,"Demand":17,"DemandMax":null,"Value":72652},{"Length":260,"Height":463,"Demand":21,"DemandMax":null,"Value":70558},{"Length":232,"Height":698,"Demand":28,"DemandMax":null,"Value":149027},{"Length":500,"Height":619,"Demand":9,"DemandMax":null,"Value":169017},{"Length":182,"Height":537,"Demand":26,"DemandMax":null,"Value":79343},{"Length":454,"Height":357,"Demand":28,"DemandMax":null,"Value":121703},{"Length":244,"Height":617,"Demand":16,"DemandMax":null,"Value":147201},{"Length":666,"Height":270,"Demand":13,"DemandMax":null,"Value":118134},{"Length":290,"Height":325,"Demand":20,"DemandMax":null,"Value":76731}]}