{"Name":"3B_1","Objects":[{"Length":2000,"Height":1000,"Stock":null,"Cost":2000000}],"Items":[{"Length":100,"Height":124,"Demand":1,"DemandMax":null,"Value":6257},{"Length":634,"Height":590,"Demand":9,"DemandMax":null,"Value":337558},{"Length":543,"Height":313,"Demand":6,"DemandMax":null,"Value":153561},{"Length":425,"Height":664,"Demand":4,"DemandMax":null,"Value":219700},{"Length":639,"Height":497,"Demand":2,"DemandMax":null,"Value":280598},{"Length":459,"Height":301,"Demand":2,"DemandMax":null,"Value":73680},{"Length":367,"Height":393,"Demand":8,"DemandMax":null,"Value":140558},{"Length":583,"Height":679,"Demand":1,"DemandMax":null,"Value":346234},{"Length":296,"Height":607,"Demand":5,"DemandMax":null,"Value":101902},{"Length":435,"Height":331,"Demand":9,"DemandMax":null,"Value":125028},{"Length":201,"Height":345,"Demand":5,"DemandMax":null,"Value":62863},{"Length":616,"Height":330,"Demand":10,"DemandMax":null,"Value":199871},{"Length":331,"Height":627,"Demand":4,"DemandMax":null,"Value":182683},{"Length":111,"Height":670,"Demand":1,"DemandMax":null,"Value":71018},{"Length":688,"Height":165,"Demand":3,"DemandMax":null,"Value":84237},{"Length":426,"Height":639,"Demand":3,"DemandMax":null,"Value":182970},{"Length":645,"Height":156,"Demand":2,"DemandMax":null,"Value":78736},{"Length":656,"Height":232,"Demand":7,"DemandMax":null,"Value":102571},{"Length":221,"Height":695,"Demand":7,"DemandMax":null,"Value":124172},{"Length":630,"Height":622,"Demand":3,"DemandMax":null,"Value":313331},{"Length":302,"Height":221,"Demand":10,"DemandMax":null,"Value":62017},{"Length":650,"Height":202,"Demand":5,"DemandMax":null,"Value":81468},{"Length":446,"Height":268,"Demand":6,"DemandMax":null,"Value":106164},{"Length":231,"Height":523,"Demand":5,"DemandMax":null,"Value":68269},{"Length":372,"Height":254,"Demand":3,"DemandMax":null,"Value":78459},{"Length":529,"Height":301,"Demand":5,"DemandMax":null,"Value":109617},{"Length":209,"Height":575,"Demand":6,"DemandMax":null,"Value":93405},{"Length":144,"Height":199,"Demand":4,"DemandMax":null,"Value":25719},{"Length":644,"Height":604,"Demand":2,"DemandMax":null,"Value":388715},{"Length":237,"Height":609,"Demand":7,"DemandMax":null,"Value":99256},{"Length":254,"Height":684,"Demand":9,"DemandMax":null,"Value":129672},{"Length":284,"Height":624,"Demand":4,"DemandMax":null,"Value":112216},{"Length":625,"Height":508,"Demand":10,"DemandMax":null,"Value":232110},{"Length":182,"Height":245,"Demand":1,"DemandMax":null,"Value":25481},{"Length":458,"Height":471,"Demand":1,"DemandMax":null,"Value":144894},{"Length":440,"Height":582,"Demand":7,"DemandMax":null,"Value":175959},{"Length":607,"Height":287,"Demand":10,"DemandMax":null,"Value":156983},{"Length":232,"Height":131,"Demand":1,"DemandMax":null,"Value":18295},{"Length":495,"Height":195,"Demand":5,"DemandMax":null,"Value":82004},{"Length":446,"Height":109,"Demand":9,"DemandMax":null,"Value":32586},{"Length":610,"Height":688,"Demand":3,"DemandMax":null,"Value":388467},{"Length":246,"Height":564,"Demand":9,"DemandMax":null,"Value":73966},{"Length":130,"Height":666,"Demand":1,"DemandMax":null,"Value":65966},{"Length":283,"Height":367,"Demand":6,"DemandMax":null,"Value":68216},{"Length":168,"Height":338,"Demand":3,"DemandMax":null,"Value":43897},{"Length":493,"Height":206,"Demand":2,"DemandMax":null,"Value":64734},{"Length":430,"Height":351,"Demand":4,"DemandMax":null,"Value":121824},{"Length":412,"Height":110,"Demand":3,"DemandMax":null,"Value":25069},{"Length":395,"Height":434,"Demand":1,"DemandMax":null,"Value":114584},{"Length":639,"Height":414,"Demand":6,"DemandMax":null,"Value":173577},{"Length":295,"Height":452,"Demand":5,"DemandMax":null,"Value":101699},{"Length":573,"Height":606,"Demand":1,"DemandMax":null,"Value":268580},{"Length":471,"Height":230,"Demand":10,"DemandMax":null,"Value":95369},{"Length":452,"Height":529,"Demand":9,"DemandMax":null,"Value":119612},{"Length":387,"Height":516,"Demand":4,"DemandMax":null,"Value":198595},{"Length":357,"Height":598,"Demand":5,"DemandMax":null,"Value":143743},{"Length":193,"Height":247,"Demand":6,"DemandMax":null,"Value":34900},{"Length":325,"Height":647,"Demand":2,"DemandMax":null,"Value":164132},{"Length":465,"Height":406,"Demand":6,"DemandMax":null,"Value":128230},{"Length":375,"Height":362,"Demand":3,"DemandMax":null,"Value":128355},{"Length":146,"Height":370,"Demand":7,"DemandMax":null,"Value":39237},{"Length":552,"Height":476,"Demand":10,"DemandMax":null,"Value":261429},{"Length":419,"Height":184,"Demand":9,"DemandMax":null,"Value":42776},{"Length":147,"Height":629,"Demand":5,"DemandMax":null,"Value":86094},{"Length":314,"Height":151,"Demand":7,"DemandMax":null,"Value":43875},{"Length":448,"Height":625,"Demand":7,"DemandMax":null,"Value":266323},{"Length":585,"Height":549,"Demand":9,"DemandMax":null,"Value":309972},{"Length":517,"Height":451,"Demand":9,"DemandMax":null,"Value":127823},{"Length":102,"Height":494,"Demand":5,"DemandMax":null,"Value":49194},{"Length":475,"Height":307,"Demand":9,"DemandMax":null,"Value":109768},{"Length":246,"Height":172,"Demand":9,"DemandMax":null,"Value":30201},{"Length":129,"Height":165,"Demand":2,"DemandMax":null,"Value":16867},{"Length":596,"Height":226,"Demand":3,"DemandMax":null,"Value":124310},{"Length":640,"Height":212,"Demand":2,"DemandMax":null,"Value":125779},{"Length":113,"Height":374,"Demand":4,"DemandMax":null,"Value":41985},{"Length":370,"Height":342,"Demand":8,"DemandMax":null,"Value":64730},{"Length":599,"Height":542,"Demand":4,"DemandMax":null,"Value":225216},{"Length":137,"Height":343,"Demand":7,"DemandMax":null,"Value":24552},{"Length":464,"Height":287,"Demand":4,"DemandMax":null,"Value":120667},{"Length":500,"Height":468,"Demand":6,"DemandMax":null,"Value":212415},{"Length":513,"Height":622,"Demand":2,"DemandMax":null,"Value":289716},{"Length":504,"Height":338,"Demand":10,"DemandMax":null,"Value":128454},{"Length":165,"Height":151,"Demand":8,"DemandMax":null,"Value":20915},{"Length":400,"Height":247,"Demand":4,"DemandMax":null,"Value":95901},{"Length":182,"Height":409,"Demand":2,"DemandMax":null,"Value":66188},{"Length":456,"Height":517,"Demand":8,"DemandMax":null,"Value":123632},{"Length":230,"Height":672,"Demand":10,"DemandMax":null,"Value":110589},{"Length":440,"Height":675,"Demand":10,"DemandMax":null,"Value":235773},{"Length":554,"Height":447,"Demand":8,"DemandMax":null,"Value":130640},{"Length":274,"Height":337,"Demand":1,"DemandMax":null,"Value":83057},{"Length":344,"Height":511,"Demand":3,"DemandMax":null,"Value":154132},{"Length":296,"Height":575,"Demand":8,"DemandMax":null,"Value":166577},{"Length":108,"Height":368,"Demand":9,"DemandMax":null,"Value":35041},{"Length":302,"Height":307,"Demand":1,"DemandMax":null,"Value":80287},{"Length":427,"Height":221,"Demand":7,"DemandMax":null,"Value":59096},{"Length":633,"Height":141,"Demand":2,"DemandMax":null,"Value":51578},{"Length":678,"Height":325,"Demand":9,"DemandMax":null,"Value":145413},{"Length":646,"Height":464,"Demand":2,"DemandMax":null,"Value":284554},{"Length":434,"Height":297,"Demand":3,"DemandMax":null,"Value":88343},{"Length":470,"Height":570,"Demand":9,"DemandMax":null,"Value":209577},{"Length":434,"Height":367,"Demand":3,"DemandMax":null,"Value":154896},{"Length":415,"Height":231,"Demand":6,"DemandMax":null,"Value":49881},{"Length":297,"Height":471,"Demand":3,"DemandMax":null,"Value":82219},{"Length":153,"Height":559,"Demand":7,"DemandMax":null,"Value":68774},{"Length":645,"Height":237,"Demand":9,"DemandMax":null,"Value":152042},{"Length":592,"Height":584,"Demand":5,"DemandMax":null,"Value":300105},{"Length":379,"Height":498,"Demand":2,"DemandMax":null,"Value":145734},{"Length":339,"Height":315,"Demand":5,"DemandMax":null,"Value":70409},{"Length":386,"Height":608,"Demand":6,"DemandMax":null,"Value":218591},{"Length":502,"Height":129,"Demand":1,"DemandMax":null,"Value":56184},{"Length":159,"Height":576,"Demand":7,"DemandMax":null,"Value":81659},{"Length":331,"Height":663,"Demand":9,"DemandMax":null,"Value":176208},{"Length":420,"Height":429,"Demand":9,"DemandMax":null,"Value":166694},{"Length":337,"Height":436,"Demand":4,"DemandMax":null,"Value":120610},{"Length":327,"Height":452,"Demand":2,"DemandMax":null,"Value":89320},{"Length":570,"Height":118,"Demand":9,"DemandMax":null,"Value":55116},{"Length":603,"Height":392,"Demand":9,"DemandMax":null,"Value":188065},{"Length":311,"Height":214,"Demand":9,"DemandMax":null,"Value":53114},{"Length":587,"Height":143,"Demand":7,"DemandMax":null,"Value":72267},{"Length":595,"Height":288,"Demand":8,"DemandMax":null,"Value":106690},{"Length":657,"Height":602,"Demand":5,"DemandMax":null,"Value":298214},{"Length":521,"Height":276,"Demand":10,"DemandMax":null,"Value":80306},{"Length":159,"Height":129,"Demand":9,"DemandMax":null,"Value":19591},{"Length":314,"Height":272,"Demand":1,"DemandMax":null,"Value":74031},{"Length":653,"Height":647,"Demand":1,"DemandMax":null,"Value":414490},{"Length":471,"Height":698,"Demand":8,"DemandMax":null,"Value":288791},{"Length":480,"Height":354,"Demand":3,"DemandMax":null,"Value":144821},{"Length":681,"Height":628,"Demand":7,"DemandMax":null,"Value":223832},{"Length":251,"Height":371,"Demand":1,"DemandMax":null,"Value":66138},{"Length":533,"Height":689,"Demand":3,"DemandMax":null,"Value":317459},{"Length":287,"Height":684,"Demand":10,"DemandMax":null,"Value":110322},{"Length":208,"Height":585,"Demand":4,"DemandMax":null,"Value":100454},{"Length":229,"Height":523,"Demand":10,"DemandMax":null,"Value":84581},{"Length":119,"Height":598,"Demand":2,"DemandMax":null,"Value":41288},{"Length":593,"Height":358,"Demand":6,"DemandMax":null,"Value":121071},{"Length":230,"Height":648,"Demand":5,"DemandMax":null,"Value":79601},{"Length":569,"Height":403,"Demand":6,"DemandMax":null,"Value":178770},{"Length":219,"Height":378,"Demand":2,"DemandMax":null,"Value":46752},{"Length":127,"Height":287,"Demand":5,"DemandMax":null,"Value":21765},{"Length":345,"Height":291,"Demand":5,"DemandMax":null,"Value":73068},{"Length":412,"Height":669,"Demand":1,"DemandMax":null,"Value":200776},{"Length":293,"Height":510,"Demand":3,"DemandMax":null,"Value":85291},{"Length":552,"Height":337,"Demand":9,"DemandMax":null,"Value":129181},{"Length":543,"Height":484,"Demand":10,"DemandMax":null,"Value":150158},{"Length":157,"Height":628,"Demand":5,"DemandMax":null,"Value":83513},{"Length":165,"Height":331,"Demand":2,"DemandMax":null,"Value":32786},{"Length":246,"Height":234,"Demand":1,"DemandMax":null,"Value":54737},{"Length":437,"Height":135,"Demand":6,"DemandMax":null,"Value":45063},{"Length":221,"Height":582,"Demand":2,"DemandMax":null,"Value":114832},{"Length":504,"Height":361,"Demand":9,"DemandMax":null,"Value":103146},{"Length":138,"Height":453,"Demand":7,"DemandMax":null,"Value":51172},{"Length":132,"Height":414,"Demand":10,"DemandMax":null,"Value":33945},{"Length":322,"Height":329,"Demand":5,"DemandMax":null,"Value":69047},{"Length":555,"Height":562,"Demand":1,"DemandMax":null,"Value":206330},{"Length":394,"Height":319,"Demand":9,"DemandMax":null,"Value":103991},{"Length":334,"Height":627,"Demand":5,"DemandMax":null,"Value":208408},{"Length":423,"Height":229,"Demand":3,"DemandMax":null,"Value":96225},{"Length":483,"Height":540,"Demand":8,"DemandMax":null,"Value":195812},{"Length":652,"Height":464,"Demand":2,"DemandMax":null,"Value":212634},{"Length":227,"Height":205,"Demand":7,"DemandMax":null,"Value":45747},{"Length":580,"Height":698,"Demand":4,"DemandMax":null,"Value":224678},{"Length":408,"Height":221,"Demand":8,"DemandMax":null,"Value":79853},{"Length":594,"Height":296,"Demand":2,"DemandMax":null,"Value":114766},{"Length":330,"Height":681,"Demand":4,"DemandMax":null,"Value":141527},{"Length":233,"Height":551,"Demand":6,"DemandMax":null,"Value":121597},{"Length":498,"Height":397,"Demand":2,"DemandMax":null,"Value":147958},{"Length":349,"Height":614,"Demand":8,"DemandMax":null,"Value":179632},{"Length":466,"Height":629,"Demand":8,"DemandMax":null,"Value":169050},{"Length":196,"Height":276,"Demand":2,"DemandMax":null,"Value":33527},{"Length":182,"Height":489,"Demand":6,"DemandMax":null,"Value":54865},{"Length":523,"Height":209,"Demand":10,"DemandMax":null,"Value":86977},{"Length":640,"Height":219,"Demand":2,"DemandMax":null,"Value":120552},{"Length":678,"Height":431,"Demand":3,"DemandMax":null,"Value":228004},{"Length":256,"Height":122,"Demand":3,"DemandMax":null,"Value":20949},{"Length":150,"Height":207,"Demand":4,"DemandMax":null,"Value":25570},{"Length":366,"Height":568,"Demand":3,"DemandMax":null,"Value":168657},{"Length":384,"Height":665,"Demand":2,"DemandMax":null,"Value":128650},{"Length":560,"Height":641,"Demand":1,"DemandMax":null,"Value":260908},{"Length":157,"Height":192,"Demand":1,"DemandMax":null,"Value":18117},{"Length":651,"Height":157,"Demand":2,"DemandMax":null,"Value":78032},{"Length":241,"Height":349,"Demand":1,"DemandMax":null,"Value":77961},{"Length":571,"Height":595,"Demand":7,"DemandMax":null,"Value":243707},{"Length":431,"Height":445,"Demand":4,"DemandMax":null,"Value":106325},{"Length":556,"Height":475,"Demand":3,"DemandMax":null,"Value":136447},{"Length":587,"Height":315,"Demand":2,"DemandMax":null,"Value":122840},{"Length":410,"Height":484,"Demand":4,"DemandMax":null,"Value":99835},{"Length":498,"Height":356,"Demand":7,"DemandMax":null,"Value":130289},{"Length":352,"Height":363,"Demand":9,"DemandMax":null,"Value":97728},{"Length":177,"Height":102,"Demand":5,"DemandMax":null,"Value":15176},{"Length":608,"Height":617,"Demand":3,"DemandMax":null,"Value":315849},{"Length":283,"Height":147,"Demand":4,"DemandMax":null,"Value":30199},{"Length":195,"Height":228,"Demand":3,"DemandMax":null,"Value":41702},{"Length":236,"Height":385,"Demand":9,"DemandMax":null,"Value":79584},{"Length":515,"Height":174,"Demand":8,"DemandMax":null,"Value":53094},{"Length":172,"Height":141,"Demand":7,"DemandMax":null,"Value":20455},{"Length":333,"Height":392,"Demand":4,"DemandMax":null,"Value":86458},{"Length":312,"Height":205,"Demand":2,"DemandMax":null,"Value":58717},{"Length":309,"Height":510,"Demand":1,"DemandMax":null,"Value":154680},{"Length":447,"Height":543,"Demand":10,"DemandMax":null,"Value":156961},{"Length":163,"Height":348,"Demand":5,"DemandMax":null,"Value":44928}]}