{"Name":"5B_13","Objects":[{"Length":2800,"Height":1250,"Stock":null,"Cost":3500000}],"Items":[{"Length":416,"Height":268,"Demand":4,"DemandMax":null,"Value":55931},{"Length":207,"Height":138,"Demand":8,"DemandMax":null,"Value":20738},{"Length":154,"Height":66,"Demand":4,"DemandMax":null,"Value":8344},{"Length":179,"Height":83,"Demand":9,"DemandMax":null,"Value":9138},{"Length":488,"Height":204,"Demand":9,"DemandMax":null,"Value":59497},{"Length":495,"Height":362,"Demand":6,"DemandMax":null,"Value":178867},{"Length":192,"Height":390,"Demand":1,"DemandMax":null,"Value":50355},{"Length":451,"Height":477,"Demand":2,"DemandMax":null,"Value":109707},{"Length":488,"Height":303,"Demand":6,"DemandMax":null,"Value":103844},{"Length":214,"Height":332,"Demand":10,"DemandMax":null,"Value":64175},{"Length":323,"Height":398,"Demand":2,"DemandMax":null,"Value":69375},{"Length":125,"Height":346,"Demand":5,"DemandMax":null,"Value":40810},{"Length":271,"Height":278,"Demand":3,"DemandMax":null,"Value":71520},{"Length":216,"Height":270,"Demand":7,"DemandMax":null,"Value":32588},{"Length":95,"Height":212,"Demand":6,"DemandMax":null,"Value":15370},{"Length":325,"Height":336,"Demand":5,"DemandMax":null,"Value":61504},{"Length":100,"Height":344,"Demand":3,"DemandMax":null,"Value":21985},{"Length":300,"Height":63,"Demand":5,"DemandMax":null,"Value":11081},{"Length":386,"Height":142,"Demand":8,"DemandMax":null,"Value":36191},{"Length":499,"Height":254,"Demand":10,"DemandMax":null,"Value":78718},{"Length":83,"Height":410,"Demand":3,"DemandMax":null,"Value":22194},{"Length":485,"Height":391,"Demand":3,"DemandMax":null,"Value":129611},{"Length":331,"Height":303,"Demand":5,"DemandMax":null,"Value":87337},{"Length":65,"Height":303,"Demand":7,"DemandMax":null,"Value":14772},{"Length":487,"Height":282,"Demand":2,"DemandMax":null,"Value":93904},{"Length":137,"Height":386,"Demand":9,"DemandMax":null,"Value":38739},{"Length":199,"Height":239,"Demand":9,"DemandMax":null,"Value":28243},{"Length":171,"Height":431,"Demand":3,"DemandMax":null,"Value":41638},{"Length":332,"Height":80,"Demand":1,"DemandMax":null,"Value":13359},{"Length":444,"Height":464,"Demand":2,"DemandMax":null,"Value":172159},{"Length":125,"Height":183,"Demand":3,"DemandMax":null,"Value":12461},{"Length":357,"Height":237,"Demand":10,"DemandMax":null,"Value":51143},{"Length":477,"Height":354,"Demand":8,"DemandMax":null,"Value":116408},{"Length":153,"Height":258,"Demand":3,"DemandMax":null,"Value":36212},{"Length":105,"Height":325,"Demand":1,"DemandMax":null,"Value":24223},{"Length":435,"Height":298,"Demand":9,"DemandMax":null,"Value":114005},{"Length":74,"Height":192,"Demand":3,"DemandMax":null,"Value":7820},{"Length":423,"Height":278,"Demand":6,"DemandMax":null,"Value":92338},{"Length":138,"Height":167,"Demand":6,"DemandMax":null,"Value":16759},{"Length":106,"Height":132,"Demand":1,"DemandMax":null,"Value":7605},{"Length":243,"Height":450,"Demand":4,"DemandMax":null,"Value":73508},{"Length":162,"Height":399,"Demand":2,"DemandMax":null,"Value":51010},{"Length":92,"Height":196,"Demand":8,"DemandMax":null,"Value":17514},{"Length":330,"Height":426,"Demand":4,"DemandMax":null,"Value":133731},{"Length":234,"Height":57,"Demand":7,"DemandMax":null,"Value":10778},{"Length":378,"Height":188,"Demand":10,"DemandMax":null,"Value":68919},{"Length":417,"Height":279,"Demand":8,"DemandMax":null,"Value":77924},{"Length":337,"Height":247,"Demand":9,"DemandMax":null,"Value":51565},{"Length":396,"Height":162,"Demand":9,"DemandMax":null,"Value":35662},{"Length":302,"Height":467,"Demand":3,"DemandMax":null,"Value":118050}]}