{"Name":"2C_4","Objects":[{"Length":2050,"Height":1200,"Stock":null,"Cost":2460000}],"Items":[{"Length":445,"Height":359,"Demand":18,"DemandMax":null,"Value":80248},{"Length":120,"Height":615,"Demand":14,"DemandMax":null,"Value":63325},{"Length":350,"Height":591,"Demand":12,"DemandMax":null,"Value":178837},{"Length":131,"Height":427,"Demand":15,"DemandMax":null,"Value":49694},{"Length":178,"Height":144,"Demand":30,"DemandMax":null,"Value":16499},{"Length":360,"Height":277,"Demand":29,"DemandMax":null,"Value":77493},{"Length":668,"Height":647,"Demand":19,"DemandMax":null,"Value":341383},{"Length":417,"Height":458,"Demand":6,"DemandMax":null,"Value":177487},{"Length":549,"Height":278,"Demand":30,"DemandMax":null,"Value":149206},{"Length":520,"Height":315,"Demand":4,"DemandMax":null,"Value":111989},{"Length":683,"Height":654,"Demand":1,"DemandMax":null,"Value":227949},{"Length":330,"Height":568,"Demand":6,"DemandMax":null,"Value":178502},{"Length":202,"Height":469,"Demand":27,"DemandMax":null,"Value":79663},{"Length":192,"Height":213,"Demand":16,"DemandMax":null,"Value":34393},{"Length":369,"Height":619,"Demand":28,"DemandMax":null,"Value":151956},{"Length":409,"Height":255,"Demand":16,"DemandMax":null,"Value":52405},{"Length":636,"Height":382,"Demand":15,"DemandMax":null,"Value":232954},{"Length":219,"Height":217,"Demand":16,"DemandMax":null,"Value":35225},{"Length":649,"Height":600,"Demand":21,"DemandMax":null,"Value":203827},{"Length":411,"Height":266,"Demand":13,"DemandMax":null,"Value":86098},{"Length":698,"Height":692,"Demand":26,"DemandMax":null,"Value":442744},{"Length":419,"Height":637,"Demand":28,"DemandMax":null,"Value":201336},{"Length":118,"Height":158,"Demand":7,"DemandMax":null,"Value":15833},{"Length":528,"Height":134,"Demand":18,"DemandMax":null,"Value":45387},{"Length":204,"Height":665,"Demand":10,"DemandMax":null,"Value":78748},{"Length":473,"Height":181,"Demand":9,"DemandMax":null,"Value":79297},{"Length":233,"Height":151,"Demand":25,"DemandMax":null,"Value":28874},{"Length":570,"Height":656,"Demand":21,"DemandMax":null,"Value":311533},{"Length":655,"Height":692,"Demand":11,"DemandMax":null,"Value":446565},{"Length":565,"Height":433,"Demand":11,"DemandMax":null,"Value":215124},{"Length":484,"Height":452,"Demand":12,"DemandMax":null,"Value":140012},{"Length":450,"Height":621,"Demand":7,"DemandMax":null,"Value":222792},{"Length":279,"Height":481,"Demand":18,"DemandMax":null,"Value":127865},{"Length":429,"Height":549,"Demand":2,"DemandMax":null,"Value":122260},{"Length":120,"Height":653,"Demand":4,"DemandMax":null,"Value":56957},{"Length":164,"Height":174,"Demand":3,"DemandMax":null,"Value":17599},{"Length":144,"Height":136,"Demand":27,"DemandMax":null,"Value":18765},{"Length":578,"Height":695,"Demand":12,"DemandMax":null,"Value":401348},{"Length":540,"Height":322,"Demand":12,"DemandMax":null,"Value":110504},{"Length":209,"Height":115,"Demand":21,"DemandMax":null,"Value":20050},{"Length":594,"Height":239,"Demand":22,"DemandMax":null,"Value":72079},{"Length":183,"Height":676,"Demand":22,"DemandMax":null,"Value":80163},{"Length":326,"Height":490,"Demand":16,"DemandMax":null,"Value":93627},{"Length":642,"Height":523,"Demand":30,"DemandMax":null,"Value":309001},{"Length":538,"Height":354,"Demand":12,"DemandMax":null,"Value":104005},{"Length":172,"Height":303,"Demand":26,"DemandMax":null,"Value":42309},{"Length":429,"Height":522,"Demand":10,"DemandMax":null,"Value":168153},{"Length":308,"Height":600,"Demand":17,"DemandMax":null,"Value":180691},{"Length":449,"Height":468,"Demand":25,"DemandMax":null,"Value":138048},{"Length":613,"Height":538,"Demand":3,"DemandMax":null,"Value":268494}]}