{"Name":"4B_1","Objects":[{"Length":2000,"Height":1000,"Stock":null,"Cost":2000000}],"Items":[{"Length":54,"Height":55,"Demand":1,"DemandMax":null,"Value":1491},{"Length":116,"Height":199,"Demand":1,"DemandMax":null,"Value":12604},{"Length":372,"Height":491,"Demand":7,"DemandMax":null,"Value":124911},{"Length":89,"Height":342,"Demand":9,"DemandMax":null,"Value":28946},{"Length":111,"Height":478,"Demand":8,"DemandMax":null,"Value":46935},{"Length":422,"Height":132,"Demand":3,"DemandMax":null,"Value":44440},{"Length":391,"Height":238,"Demand":4,"DemandMax":null,"Value":84677},{"Length":467,"Height":241,"Demand":6,"DemandMax":null,"Value":88535},{"Length":106,"Height":155,"Demand":7,"DemandMax":null,"Value":15806},{"Length":100,"Height":436,"Demand":9,"DemandMax":null,"Value":40731},{"Length":419,"Height":363,"Demand":1,"DemandMax":null,"Value":80365},{"Length":483,"Height":50,"Demand":5,"DemandMax":null,"Value":22869},{"Length":234,"Height":197,"Demand":10,"DemandMax":null,"Value":29428},{"Length":454,"Height":67,"Demand":9,"DemandMax":null,"Value":24979},{"Length":108,"Height":91,"Demand":4,"DemandMax":null,"Value":9398},{"Length":178,"Height":95,"Demand":9,"DemandMax":null,"Value":14982},{"Length":467,"Height":429,"Demand":1,"DemandMax":null,"Value":137266},{"Length":150,"Height":485,"Demand":9,"DemandMax":null,"Value":72172},{"Length":277,"Height":81,"Demand":7,"DemandMax":null,"Value":17949},{"Length":123,"Height":169,"Demand":5,"DemandMax":null,"Value":19038},{"Length":122,"Height":462,"Demand":2,"DemandMax":null,"Value":29485},{"Length":183,"Height":285,"Demand":4,"DemandMax":null,"Value":45092},{"Length":436,"Height":360,"Demand":4,"DemandMax":null,"Value":81048},{"Length":365,"Height":363,"Demand":5,"DemandMax":null,"Value":104039},{"Length":396,"Height":161,"Demand":3,"DemandMax":null,"Value":50870}]}