{"Name":"2B_16","Objects":[{"Length":2450,"Height":1450,"Stock":null,"Cost":3552500}],"Items":[{"Length":200,"Height":653,"Demand":10,"DemandMax":null,"Value":65416},{"Length":342,"Height":307,"Demand":7,"DemandMax":null,"Value":63188},{"Length":395,"Height":467,"Demand":7,"DemandMax":null,"Value":177011},{"Length":357,"Height":415,"Demand":9,"DemandMax":null,"Value":109673},{"Length":525,"Height":207,"Demand":9,"DemandMax":null,"Value":62971},{"Length":110,"Height":676,"Demand":9,"DemandMax":null,"Value":40118},{"Length":649,"Height":188,"Demand":5,"DemandMax":null,"Value":111349},{"Length":360,"Height":228,"Demand":5,"DemandMax":null,"Value":59479},{"Length":509,"Height":680,"Demand":5,"DemandMax":null,"Value":232298},{"Length":527,"Height":604,"Demand":1,"DemandMax":null,"Value":287829},{"Length":243,"Height":294,"Demand":9,"DemandMax":null,"Value":41135},{"Length":374,"Height":429,"Demand":5,"DemandMax":null,"Value":149669},{"Length":680,"Height":319,"Demand":4,"DemandMax":null,"Value":118072},{"Length":565,"Height":343,"Demand":5,"DemandMax":null,"Value":100609},{"Length":305,"Height":365,"Demand":2,"DemandMax":null,"Value":94085},{"Length":187,"Height":398,"Demand":5,"DemandMax":null,"Value":61795},{"Length":266,"Height":339,"Demand":4,"DemandMax":null,"Value":53361},{"Length":467,"Height":279,"Demand":1,"DemandMax":null,"Value":76606},{"Length":610,"Height":639,"Demand":1,"DemandMax":null,"Value":278053},{"Length":462,"Height":317,"Demand":9,"DemandMax":null,"Value":128551},{"Length":613,"Height":209,"Demand":10,"DemandMax":null,"Value":110847},{"Length":284,"Height":455,"Demand":3,"DemandMax":null,"Value":116809},{"Length":443,"Height":539,"Demand":4,"DemandMax":null,"Value":168358},{"Length":520,"Height":561,"Demand":7,"DemandMax":null,"Value":156802},{"Length":525,"Height":160,"Demand":2,"DemandMax":null,"Value":51961},{"Length":424,"Height":622,"Demand":6,"DemandMax":null,"Value":140476},{"Length":635,"Height":386,"Demand":6,"DemandMax":null,"Value":218528},{"Length":420,"Height":546,"Demand":4,"DemandMax":null,"Value":124423},{"Length":276,"Height":503,"Demand":4,"DemandMax":null,"Value":78199},{"Length":180,"Height":255,"Demand":2,"DemandMax":null,"Value":39421},{"Length":241,"Height":228,"Demand":8,"DemandMax":null,"Value":44622},{"Length":481,"Height":216,"Demand":9,"DemandMax":null,"Value":98092},{"Length":147,"Height":258,"Demand":2,"DemandMax":null,"Value":29896},{"Length":109,"Height":646,"Demand":9,"DemandMax":null,"Value":44944},{"Length":286,"Height":234,"Demand":5,"DemandMax":null,"Value":58975},{"Length":638,"Height":422,"Demand":10,"DemandMax":null,"Value":189218},{"Length":618,"Height":283,"Demand":10,"DemandMax":null,"Value":95928},{"Length":633,"Height":691,"Demand":5,"DemandMax":null,"Value":413388},{"Length":244,"Height":208,"Demand":8,"DemandMax":null,"Value":30923},{"Length":566,"Height":573,"Demand":6,"DemandMax":null,"Value":272325},{"Length":261,"Height":194,"Demand":9,"DemandMax":null,"Value":44291},{"Length":318,"Height":498,"Demand":3,"DemandMax":null,"Value":103760},{"Length":259,"Height":248,"Demand":4,"DemandMax":null,"Value":45890},{"Length":598,"Height":625,"Demand":8,"DemandMax":null,"Value":341042},{"Length":287,"Height":284,"Demand":4,"DemandMax":null,"Value":57658},{"Length":616,"Height":221,"Demand":4,"DemandMax":null,"Value":116609},{"Length":203,"Height":104,"Demand":7,"DemandMax":null,"Value":20153},{"Length":128,"Height":373,"Demand":1,"DemandMax":null,"Value":39742},{"Length":386,"Height":112,"Demand":6,"DemandMax":null,"Value":21981},{"Length":134,"Height":452,"Demand":4,"DemandMax":null,"Value":50075}]}