{"Name":"1B_15","Objects":[{"Length":2600,"Height":1400,"Stock":null,"Cost":3640000}],"Items":[{"Length":407,"Height":684,"Demand":5,"DemandMax":null,"Value":140409},{"Length":593,"Height":269,"Demand":4,"DemandMax":null,"Value":92898},{"Length":521,"Height":146,"Demand":2,"DemandMax":null,"Value":41119},{"Length":363,"Height":192,"Demand":1,"DemandMax":null,"Value":65698},{"Length":203,"Height":204,"Demand":3,"DemandMax":null,"Value":24706},{"Length":336,"Height":686,"Demand":8,"DemandMax":null,"Value":169117},{"Length":221,"Height":500,"Demand":2,"DemandMax":null,"Value":81444},{"Length":495,"Height":530,"Demand":4,"DemandMax":null,"Value":156876},{"Length":245,"Height":351,"Demand":1,"DemandMax":null,"Value":69435},{"Length":294,"Height":467,"Demand":7,"DemandMax":null,"Value":114973},{"Length":119,"Height":165,"Demand":2,"DemandMax":null,"Value":18021},{"Length":225,"Height":692,"Demand":10,"DemandMax":null,"Value":152566},{"Length":569,"Height":653,"Demand":6,"DemandMax":null,"Value":256814},{"Length":246,"Height":624,"Demand":5,"DemandMax":null,"Value":106308},{"Length":310,"Height":614,"Demand":1,"DemandMax":null,"Value":104479},{"Length":673,"Height":434,"Demand":4,"DemandMax":null,"Value":248087},{"Length":479,"Height":416,"Demand":9,"DemandMax":null,"Value":146749},{"Length":579,"Height":615,"Demand":9,"DemandMax":null,"Value":273554},{"Length":226,"Height":264,"Demand":2,"DemandMax":null,"Value":39900},{"Length":260,"Height":637,"Demand":1,"DemandMax":null,"Value":83606},{"Length":488,"Height":491,"Demand":7,"DemandMax":null,"Value":133764},{"Length":144,"Height":304,"Demand":6,"DemandMax":null,"Value":41122},{"Length":655,"Height":362,"Demand":10,"DemandMax":null,"Value":176090},{"Length":698,"Height":136,"Demand":9,"DemandMax":null,"Value":50303},{"Length":309,"Height":560,"Demand":8,"DemandMax":null,"Value":123941}]}