{"Name":"1C_8","Objects":[{"Length":2850,"Height":1000,"Stock":null,"Cost":2850000}],"Items":[{"Length":419,"Height":169,"Demand":17,"DemandMax":null,"Value":35641},{"Length":309,"Height":392,"Demand":11,"DemandMax":null,"Value":77304},{"Length":565,"Height":514,"Demand":2,"DemandMax":null,"Value":237055},{"Length":406,"Height":599,"Demand":30,"DemandMax":null,"Value":178000},{"Length":608,"Height":409,"Demand":27,"DemandMax":null,"Value":196812},{"Length":662,"Height":418,"Demand":17,"DemandMax":null,"Value":269926},{"Length":510,"Height":466,"Demand":5,"DemandMax":null,"Value":175803},{"Length":655,"Height":427,"Demand":23,"DemandMax":null,"Value":149902},{"Length":492,"Height":141,"Demand":5,"DemandMax":null,"Value":35832},{"Length":654,"Height":362,"Demand":29,"DemandMax":null,"Value":191161},{"Length":587,"Height":261,"Demand":14,"DemandMax":null,"Value":147874},{"Length":321,"Height":227,"Demand":30,"DemandMax":null,"Value":70372},{"Length":465,"Height":575,"Demand":19,"DemandMax":null,"Value":159652},{"Length":659,"Height":185,"Demand":16,"DemandMax":null,"Value":108569},{"Length":108,"Height":321,"Demand":21,"DemandMax":null,"Value":32511},{"Length":438,"Height":527,"Demand":19,"DemandMax":null,"Value":183195},{"Length":189,"Height":450,"Demand":12,"DemandMax":null,"Value":54691},{"Length":281,"Height":609,"Demand":19,"DemandMax":null,"Value":147881},{"Length":579,"Height":191,"Demand":22,"DemandMax":null,"Value":64377},{"Length":655,"Height":244,"Demand":18,"DemandMax":null,"Value":154499},{"Length":553,"Height":440,"Demand":30,"DemandMax":null,"Value":219075},{"Length":670,"Height":437,"Demand":17,"DemandMax":null,"Value":286566},{"Length":608,"Height":665,"Demand":4,"DemandMax":null,"Value":376581},{"Length":448,"Height":307,"Demand":12,"DemandMax":null,"Value":107579},{"Length":688,"Height":149,"Demand":11,"DemandMax":null,"Value":55043}]}