{"Name":"5B_10","Objects":[{"Length":2450,"Height":1350,"Stock":null,"Cost":3307500}],"Items":[{"Length":260,"Height":277,"Demand":3,"DemandMax":null,"Value":36131},{"Length":95,"Height":316,"Demand":1,"DemandMax":null,"Value":21793},{"Length":92,"Height":392,"Demand":8,"DemandMax":null,"Value":29607},{"Length":328,"Height":191,"Demand":7,"DemandMax":null,"Value":38534},{"Length":275,"Height":471,"Demand":5,"DemandMax":null,"Value":77410},{"Length":81,"Height":213,"Demand":5,"DemandMax":null,"Value":17222},{"Length":237,"Height":172,"Demand":3,"DemandMax":null,"Value":27413},{"Length":311,"Height":167,"Demand":5,"DemandMax":null,"Value":26486},{"Length":462,"Height":414,"Demand":4,"DemandMax":null,"Value":134326},{"Length":335,"Height":111,"Demand":2,"DemandMax":null,"Value":33588},{"Length":125,"Height":141,"Demand":4,"DemandMax":null,"Value":9511},{"Length":243,"Height":248,"Demand":8,"DemandMax":null,"Value":56864},{"Length":414,"Height":127,"Demand":4,"DemandMax":null,"Value":49914},{"Length":213,"Height":453,"Demand":6,"DemandMax":null,"Value":53916},{"Length":281,"Height":366,"Demand":8,"DemandMax":null,"Value":78486},{"Length":262,"Height":317,"Demand":5,"DemandMax":null,"Value":46778},{"Length":204,"Height":367,"Demand":6,"DemandMax":null,"Value":47848},{"Length":74,"Height":231,"Demand":8,"DemandMax":null,"Value":10022},{"Length":379,"Height":325,"Demand":4,"DemandMax":null,"Value":81330},{"Length":237,"Height":228,"Demand":9,"DemandMax":null,"Value":33560},{"Length":178,"Height":208,"Demand":7,"DemandMax":null,"Value":24146},{"Length":152,"Height":231,"Demand":2,"DemandMax":null,"Value":23998},{"Length":184,"Height":234,"Demand":9,"DemandMax":null,"Value":37494},{"Length":147,"Height":349,"Demand":10,"DemandMax":null,"Value":38480},{"Length":95,"Height":199,"Demand":3,"DemandMax":null,"Value":12927},{"Length":487,"Height":389,"Demand":1,"DemandMax":null,"Value":138777},{"Length":497,"Height":291,"Demand":7,"DemandMax":null,"Value":85884},{"Length":453,"Height":320,"Demand":5,"DemandMax":null,"Value":81896},{"Length":111,"Height":65,"Demand":9,"DemandMax":null,"Value":3629},{"Length":282,"Height":420,"Demand":4,"DemandMax":null,"Value":98975},{"Length":410,"Height":397,"Demand":7,"DemandMax":null,"Value":88665},{"Length":490,"Height":368,"Demand":4,"DemandMax":null,"Value":108997},{"Length":464,"Height":437,"Demand":4,"DemandMax":null,"Value":139785},{"Length":256,"Height":95,"Demand":10,"DemandMax":null,"Value":22310},{"Length":438,"Height":62,"Demand":10,"DemandMax":null,"Value":19277},{"Length":372,"Height":313,"Demand":4,"DemandMax":null,"Value":102402},{"Length":106,"Height":288,"Demand":3,"DemandMax":null,"Value":16802},{"Length":63,"Height":243,"Demand":6,"DemandMax":null,"Value":12021},{"Length":191,"Height":184,"Demand":1,"DemandMax":null,"Value":25557},{"Length":389,"Height":136,"Demand":9,"DemandMax":null,"Value":28756},{"Length":131,"Height":438,"Demand":1,"DemandMax":null,"Value":38571},{"Length":191,"Height":387,"Demand":5,"DemandMax":null,"Value":58333},{"Length":153,"Height":73,"Demand":1,"DemandMax":null,"Value":10848},{"Length":225,"Height":401,"Demand":5,"DemandMax":null,"Value":85829},{"Length":113,"Height":325,"Demand":3,"DemandMax":null,"Value":29676},{"Length":424,"Height":389,"Demand":9,"DemandMax":null,"Value":159958},{"Length":272,"Height":435,"Demand":10,"DemandMax":null,"Value":79248},{"Length":85,"Height":121,"Demand":1,"DemandMax":null,"Value":6371},{"Length":394,"Height":197,"Demand":9,"DemandMax":null,"Value":43147},{"Length":230,"Height":231,"Demand":3,"DemandMax":null,"Value":44471}]}