{"Name":"1A_20","Objects":[{"Length":2600,"Height":1150,"Stock":null,"Cost":2990000}],"Items":[{"Length":631,"Height":457,"Demand":5,"DemandMax":null,"Value":144509},{"Length":111,"Height":699,"Demand":1,"DemandMax":null,"Value":71528},{"Length":649,"Height":671,"Demand":1,"DemandMax":null,"Value":358190},{"Length":151,"Height":215,"Demand":4,"DemandMax":null,"Value":18704},{"Length":262,"Height":628,"Demand":5,"DemandMax":null,"Value":142552},{"Length":291,"Height":670,"Demand":1,"DemandMax":null,"Value":163601},{"Length":571,"Height":556,"Demand":2,"DemandMax":null,"Value":206378},{"Length":575,"Height":391,"Demand":3,"DemandMax":null,"Value":112704},{"Length":302,"Height":525,"Demand":4,"DemandMax":null,"Value":147593},{"Length":177,"Height":556,"Demand":5,"DemandMax":null,"Value":92033},{"Length":464,"Height":222,"Demand":2,"DemandMax":null,"Value":58147},{"Length":530,"Height":274,"Demand":1,"DemandMax":null,"Value":135953},{"Length":669,"Height":497,"Demand":1,"DemandMax":null,"Value":243842},{"Length":394,"Height":390,"Demand":5,"DemandMax":null,"Value":120090},{"Length":627,"Height":206,"Demand":1,"DemandMax":null,"Value":69522},{"Length":113,"Height":217,"Demand":5,"DemandMax":null,"Value":16014},{"Length":174,"Height":482,"Demand":1,"DemandMax":null,"Value":53492},{"Length":296,"Height":687,"Demand":4,"DemandMax":null,"Value":202070},{"Length":325,"Height":109,"Demand":5,"DemandMax":null,"Value":30218},{"Length":231,"Height":117,"Demand":4,"DemandMax":null,"Value":18177},{"Length":308,"Height":206,"Demand":2,"DemandMax":null,"Value":46705},{"Length":486,"Height":692,"Demand":1,"DemandMax":null,"Value":196756},{"Length":233,"Height":593,"Demand":5,"DemandMax":null,"Value":117530},{"Length":124,"Height":673,"Demand":1,"DemandMax":null,"Value":47791},{"Length":432,"Height":604,"Demand":1,"DemandMax":null,"Value":191183}]}