{"Name":"1A_3","Objects":[{"Length":2050,"Height":1300,"Stock":null,"Cost":2665000}],"Items":[{"Length":687,"Height":420,"Demand":4,"DemandMax":null,"Value":144596},{"Length":460,"Height":148,"Demand":5,"DemandMax":null,"Value":62762},{"Length":183,"Height":235,"Demand":3,"DemandMax":null,"Value":35372},{"Length":347,"Height":498,"Demand":1,"DemandMax":null,"Value":99558},{"Length":173,"Height":419,"Demand":5,"DemandMax":null,"Value":62802},{"Length":285,"Height":387,"Demand":4,"DemandMax":null,"Value":92549},{"Length":444,"Height":202,"Demand":1,"DemandMax":null,"Value":58303},{"Length":389,"Height":366,"Demand":3,"DemandMax":null,"Value":71372},{"Length":453,"Height":247,"Demand":4,"DemandMax":null,"Value":104158},{"Length":373,"Height":383,"Demand":5,"DemandMax":null,"Value":133599},{"Length":551,"Height":631,"Demand":3,"DemandMax":null,"Value":196261},{"Length":297,"Height":639,"Demand":4,"DemandMax":null,"Value":177672},{"Length":252,"Height":106,"Demand":2,"DemandMax":null,"Value":19590},{"Length":603,"Height":100,"Demand":3,"DemandMax":null,"Value":47126},{"Length":401,"Height":235,"Demand":1,"DemandMax":null,"Value":50722},{"Length":243,"Height":676,"Demand":2,"DemandMax":null,"Value":107280},{"Length":338,"Height":125,"Demand":5,"DemandMax":null,"Value":26947},{"Length":504,"Height":618,"Demand":3,"DemandMax":null,"Value":309509},{"Length":421,"Height":654,"Demand":1,"DemandMax":null,"Value":234862},{"Length":442,"Height":397,"Demand":4,"DemandMax":null,"Value":118013},{"Length":112,"Height":131,"Demand":3,"DemandMax":null,"Value":10800},{"Length":256,"Height":408,"Demand":3,"DemandMax":null,"Value":61106},{"Length":402,"Height":331,"Demand":3,"DemandMax":null,"Value":113186},{"Length":195,"Height":426,"Demand":5,"DemandMax":null,"Value":47573},{"Length":525,"Height":480,"Demand":3,"DemandMax":null,"Value":184641}]}