{"Name":"5A_18","Objects":[{"Length":2750,"Height":1050,"Stock":null,"Cost":2887500}],"Items":[{"Length":181,"Height":475,"Demand":2,"DemandMax":null,"Value":43226},{"Length":92,"Height":311,"Demand":5,"DemandMax":null,"Value":23866},{"Length":153,"Height":466,"Demand":3,"DemandMax":null,"Value":58310},{"Length":181,"Height":382,"Demand":3,"DemandMax":null,"Value":47913},{"Length":471,"Height":253,"Demand":2,"DemandMax":null,"Value":66753},{"Length":165,"Height":184,"Demand":4,"DemandMax":null,"Value":24785},{"Length":404,"Height":481,"Demand":5,"DemandMax":null,"Value":139390},{"Length":262,"Height":220,"Demand":3,"DemandMax":null,"Value":30394},{"Length":410,"Height":231,"Demand":1,"DemandMax":null,"Value":70571},{"Length":294,"Height":280,"Demand":3,"DemandMax":null,"Value":69098},{"Length":64,"Height":72,"Demand":2,"DemandMax":null,"Value":4562},{"Length":160,"Height":109,"Demand":2,"DemandMax":null,"Value":16714},{"Length":320,"Height":258,"Demand":3,"DemandMax":null,"Value":72751},{"Length":452,"Height":152,"Demand":5,"DemandMax":null,"Value":42134},{"Length":210,"Height":357,"Demand":1,"DemandMax":null,"Value":53446},{"Length":137,"Height":267,"Demand":2,"DemandMax":null,"Value":32318},{"Length":394,"Height":417,"Demand":2,"DemandMax":null,"Value":105435},{"Length":62,"Height":250,"Demand":3,"DemandMax":null,"Value":11959},{"Length":104,"Height":357,"Demand":1,"DemandMax":null,"Value":28769},{"Length":163,"Height":73,"Demand":3,"DemandMax":null,"Value":6165},{"Length":486,"Height":434,"Demand":1,"DemandMax":null,"Value":207612},{"Length":481,"Height":393,"Demand":5,"DemandMax":null,"Value":166410},{"Length":347,"Height":257,"Demand":3,"DemandMax":null,"Value":81260},{"Length":397,"Height":249,"Demand":5,"DemandMax":null,"Value":59786},{"Length":317,"Height":379,"Demand":1,"DemandMax":null,"Value":70389},{"Length":384,"Height":180,"Demand":3,"DemandMax":null,"Value":65312},{"Length":363,"Height":254,"Demand":1,"DemandMax":null,"Value":68872},{"Length":237,"Height":308,"Demand":4,"DemandMax":null,"Value":43486},{"Length":345,"Height":284,"Demand":3,"DemandMax":null,"Value":84022},{"Length":421,"Height":429,"Demand":1,"DemandMax":null,"Value":122596},{"Length":462,"Height":333,"Demand":5,"DemandMax":null,"Value":84940},{"Length":301,"Height":395,"Demand":5,"DemandMax":null,"Value":83218},{"Length":150,"Height":77,"Demand":5,"DemandMax":null,"Value":10002},{"Length":458,"Height":496,"Demand":2,"DemandMax":null,"Value":125190},{"Length":495,"Height":274,"Demand":1,"DemandMax":null,"Value":89749},{"Length":209,"Height":217,"Demand":2,"DemandMax":null,"Value":42399},{"Length":436,"Height":142,"Demand":1,"DemandMax":null,"Value":45845},{"Length":384,"Height":485,"Demand":1,"DemandMax":null,"Value":163505},{"Length":419,"Height":268,"Demand":5,"DemandMax":null,"Value":85832},{"Length":95,"Height":147,"Demand":2,"DemandMax":null,"Value":8014},{"Length":107,"Height":317,"Demand":5,"DemandMax":null,"Value":30318},{"Length":391,"Height":488,"Demand":5,"DemandMax":null,"Value":185724},{"Length":188,"Height":113,"Demand":1,"DemandMax":null,"Value":10873},{"Length":91,"Height":352,"Demand":3,"DemandMax":null,"Value":20167},{"Length":354,"Height":319,"Demand":4,"DemandMax":null,"Value":71594},{"Length":457,"Height":472,"Demand":3,"DemandMax":null,"Value":134928},{"Length":225,"Height":59,"Demand":3,"DemandMax":null,"Value":8671},{"Length":317,"Height":311,"Demand":5,"DemandMax":null,"Value":75345},{"Length":475,"Height":342,"Demand":1,"DemandMax":null,"Value":161825},{"Length":350,"Height":143,"Demand":1,"DemandMax":null,"Value":45728}]}