{"Name":"5A_5","Objects":[{"Length":2300,"Height":1150,"Stock":null,"Cost":2645000}],"Items":[{"Length":204,"Height":293,"Demand":4,"DemandMax":null,"Value":30052},{"Length":495,"Height":373,"Demand":2,"DemandMax":null,"Value":154010},{"Length":472,"Height":202,"Demand":2,"DemandMax":null,"Value":77976},{"Length":201,"Height":145,"Demand":2,"DemandMax":null,"Value":20197},{"Length":143,"Height":202,"Demand":2,"DemandMax":null,"Value":16181},{"Length":275,"Height":225,"Demand":1,"DemandMax":null,"Value":50513},{"Length":97,"Height":227,"Demand":3,"DemandMax":null,"Value":15794},{"Length":377,"Height":77,"Demand":4,"DemandMax":null,"Value":15307},{"Length":215,"Height":83,"Demand":3,"DemandMax":null,"Value":13297},{"Length":482,"Height":198,"Demand":1,"DemandMax":null,"Value":80107},{"Length":71,"Height":131,"Demand":4,"DemandMax":null,"Value":9208},{"Length":252,"Height":391,"Demand":5,"DemandMax":null,"Value":94430},{"Length":493,"Height":133,"Demand":4,"DemandMax":null,"Value":57779},{"Length":273,"Height":172,"Demand":4,"DemandMax":null,"Value":28797},{"Length":96,"Height":430,"Demand":4,"DemandMax":null,"Value":29428},{"Length":441,"Height":200,"Demand":2,"DemandMax":null,"Value":77926},{"Length":184,"Height":343,"Demand":1,"DemandMax":null,"Value":40501},{"Length":425,"Height":319,"Demand":3,"DemandMax":null,"Value":104601},{"Length":150,"Height":408,"Demand":4,"DemandMax":null,"Value":47421},{"Length":128,"Height":214,"Demand":4,"DemandMax":null,"Value":14193},{"Length":104,"Height":427,"Demand":3,"DemandMax":null,"Value":43711},{"Length":483,"Height":228,"Demand":1,"DemandMax":null,"Value":96945},{"Length":358,"Height":367,"Demand":2,"DemandMax":null,"Value":119720},{"Length":221,"Height":310,"Demand":4,"DemandMax":null,"Value":41435},{"Length":219,"Height":425,"Demand":2,"DemandMax":null,"Value":54531},{"Length":334,"Height":101,"Demand":5,"DemandMax":null,"Value":31876},{"Length":112,"Height":326,"Demand":2,"DemandMax":null,"Value":27273},{"Length":174,"Height":126,"Demand":3,"DemandMax":null,"Value":13061},{"Length":482,"Height":324,"Demand":4,"DemandMax":null,"Value":133920},{"Length":464,"Height":348,"Demand":2,"DemandMax":null,"Value":109606},{"Length":317,"Height":403,"Demand":4,"DemandMax":null,"Value":70533},{"Length":334,"Height":435,"Demand":1,"DemandMax":null,"Value":101692},{"Length":361,"Height":489,"Demand":5,"DemandMax":null,"Value":152865},{"Length":261,"Height":141,"Demand":1,"DemandMax":null,"Value":20281},{"Length":188,"Height":260,"Demand":2,"DemandMax":null,"Value":32345},{"Length":331,"Height":148,"Demand":4,"DemandMax":null,"Value":45797},{"Length":351,"Height":367,"Demand":2,"DemandMax":null,"Value":95387},{"Length":308,"Height":230,"Demand":2,"DemandMax":null,"Value":62192},{"Length":117,"Height":153,"Demand":3,"DemandMax":null,"Value":13683},{"Length":450,"Height":202,"Demand":4,"DemandMax":null,"Value":52165},{"Length":398,"Height":374,"Demand":2,"DemandMax":null,"Value":133050},{"Length":394,"Height":259,"Demand":3,"DemandMax":null,"Value":99327},{"Length":257,"Height":498,"Demand":3,"DemandMax":null,"Value":65505},{"Length":76,"Height":176,"Demand":2,"DemandMax":null,"Value":8421},{"Length":335,"Height":405,"Demand":4,"DemandMax":null,"Value":86017},{"Length":83,"Height":370,"Demand":3,"DemandMax":null,"Value":19210},{"Length":471,"Height":266,"Demand":4,"DemandMax":null,"Value":81837},{"Length":160,"Height":249,"Demand":5,"DemandMax":null,"Value":30448},{"Length":415,"Height":320,"Demand":4,"DemandMax":null,"Value":132289},{"Length":307,"Height":474,"Demand":4,"DemandMax":null,"Value":132952}]}