{"Name":"4C_7","Objects":[{"Length":2050,"Height":1150,"Stock":null,"Cost":2357500}],"Items":[{"Length":53,"Height":71,"Demand":1,"DemandMax":null,"Value":1895},{"Length":231,"Height":63,"Demand":30,"DemandMax":null,"Value":9172},{"Length":327,"Height":98,"Demand":18,"DemandMax":null,"Value":20318},{"Length":343,"Height":377,"Demand":20,"DemandMax":null,"Value":107776},{"Length":232,"Height":52,"Demand":2,"DemandMax":null,"Value":9212},{"Length":230,"Height":133,"Demand":24,"DemandMax":null,"Value":20043},{"Length":335,"Height":435,"Demand":15,"DemandMax":null,"Value":128558},{"Length":405,"Height":473,"Demand":17,"DemandMax":null,"Value":172787},{"Length":366,"Height":356,"Demand":6,"DemandMax":null,"Value":100638},{"Length":276,"Height":118,"Demand":1,"DemandMax":null,"Value":17131},{"Length":481,"Height":134,"Demand":29,"DemandMax":null,"Value":61775},{"Length":82,"Height":340,"Demand":28,"DemandMax":null,"Value":26981},{"Length":351,"Height":188,"Demand":9,"DemandMax":null,"Value":40289},{"Length":251,"Height":272,"Demand":22,"DemandMax":null,"Value":44237},{"Length":386,"Height":97,"Demand":27,"DemandMax":null,"Value":35707},{"Length":227,"Height":153,"Demand":11,"DemandMax":null,"Value":20398},{"Length":499,"Height":74,"Demand":10,"DemandMax":null,"Value":32151},{"Length":281,"Height":168,"Demand":17,"DemandMax":null,"Value":33404},{"Length":308,"Height":181,"Demand":17,"DemandMax":null,"Value":37124},{"Length":178,"Height":337,"Demand":20,"DemandMax":null,"Value":32606},{"Length":424,"Height":312,"Demand":11,"DemandMax":null,"Value":122090},{"Length":310,"Height":247,"Demand":16,"DemandMax":null,"Value":52634},{"Length":226,"Height":228,"Demand":8,"DemandMax":null,"Value":31880},{"Length":347,"Height":343,"Demand":13,"DemandMax":null,"Value":71804},{"Length":335,"Height":448,"Demand":15,"DemandMax":null,"Value":105869}]}