{"Name":"3C_13","Objects":[{"Length":2950,"Height":1000,"Stock":null,"Cost":2950000}],"Items":[{"Length":259,"Height":252,"Demand":29,"DemandMax":null,"Value":32903},{"Length":349,"Height":237,"Demand":9,"DemandMax":null,"Value":63055},{"Length":445,"Height":421,"Demand":9,"DemandMax":null,"Value":126954},{"Length":521,"Height":650,"Demand":25,"DemandMax":null,"Value":205477},{"Length":528,"Height":336,"Demand":6,"DemandMax":null,"Value":143642},{"Length":318,"Height":103,"Demand":13,"DemandMax":null,"Value":30597},{"Length":258,"Height":596,"Demand":9,"DemandMax":null,"Value":153707},{"Length":568,"Height":436,"Demand":29,"DemandMax":null,"Value":203397},{"Length":575,"Height":552,"Demand":28,"DemandMax":null,"Value":173835},{"Length":676,"Height":412,"Demand":8,"DemandMax":null,"Value":224606},{"Length":508,"Height":162,"Demand":19,"DemandMax":null,"Value":76460},{"Length":596,"Height":359,"Demand":5,"DemandMax":null,"Value":208939},{"Length":119,"Height":422,"Demand":17,"DemandMax":null,"Value":25216},{"Length":259,"Height":385,"Demand":11,"DemandMax":null,"Value":92751},{"Length":201,"Height":607,"Demand":28,"DemandMax":null,"Value":104414},{"Length":523,"Height":604,"Demand":29,"DemandMax":null,"Value":166338},{"Length":504,"Height":145,"Demand":11,"DemandMax":null,"Value":50455},{"Length":456,"Height":455,"Demand":10,"DemandMax":null,"Value":178951},{"Length":209,"Height":234,"Demand":11,"DemandMax":null,"Value":25875},{"Length":336,"Height":541,"Demand":22,"DemandMax":null,"Value":129063},{"Length":258,"Height":462,"Demand":14,"DemandMax":null,"Value":81928},{"Length":314,"Height":353,"Demand":10,"DemandMax":null,"Value":84047},{"Length":608,"Height":290,"Demand":12,"DemandMax":null,"Value":105282},{"Length":654,"Height":231,"Demand":28,"DemandMax":null,"Value":150281},{"Length":683,"Height":305,"Demand":4,"DemandMax":null,"Value":125433},{"Length":528,"Height":238,"Demand":26,"DemandMax":null,"Value":62955},{"Length":189,"Height":135,"Demand":25,"DemandMax":null,"Value":13416},{"Length":363,"Height":570,"Demand":15,"DemandMax":null,"Value":182810},{"Length":443,"Height":345,"Demand":7,"DemandMax":null,"Value":148940},{"Length":271,"Height":323,"Demand":2,"DemandMax":null,"Value":50522},{"Length":648,"Height":551,"Demand":22,"DemandMax":null,"Value":281524},{"Length":628,"Height":654,"Demand":28,"DemandMax":null,"Value":372927},{"Length":371,"Height":465,"Demand":15,"DemandMax":null,"Value":104432},{"Length":537,"Height":133,"Demand":22,"DemandMax":null,"Value":46211},{"Length":233,"Height":335,"Demand":14,"DemandMax":null,"Value":75424},{"Length":334,"Height":270,"Demand":17,"DemandMax":null,"Value":80190},{"Length":453,"Height":473,"Demand":5,"DemandMax":null,"Value":125869},{"Length":362,"Height":646,"Demand":13,"DemandMax":null,"Value":120291},{"Length":346,"Height":458,"Demand":22,"DemandMax":null,"Value":103139},{"Length":635,"Height":697,"Demand":13,"DemandMax":null,"Value":350927},{"Length":630,"Height":470,"Demand":13,"DemandMax":null,"Value":163493},{"Length":198,"Height":255,"Demand":12,"DemandMax":null,"Value":47935},{"Length":302,"Height":351,"Demand":20,"DemandMax":null,"Value":83625},{"Length":665,"Height":310,"Demand":29,"DemandMax":null,"Value":156171},{"Length":559,"Height":601,"Demand":23,"DemandMax":null,"Value":301565},{"Length":606,"Height":394,"Demand":28,"DemandMax":null,"Value":135293},{"Length":132,"Height":598,"Demand":11,"DemandMax":null,"Value":67896},{"Length":305,"Height":397,"Demand":29,"DemandMax":null,"Value":75523},{"Length":379,"Height":201,"Demand":10,"DemandMax":null,"Value":39136},{"Length":328,"Height":380,"Demand":22,"DemandMax":null,"Value":88770},{"Length":424,"Height":189,"Demand":1,"DemandMax":null,"Value":42358},{"Length":435,"Height":258,"Demand":17,"DemandMax":null,"Value":60830},{"Length":624,"Height":251,"Demand":2,"DemandMax":null,"Value":120617},{"Length":529,"Height":309,"Demand":9,"DemandMax":null,"Value":91980},{"Length":491,"Height":215,"Demand":1,"DemandMax":null,"Value":69505},{"Length":396,"Height":604,"Demand":8,"DemandMax":null,"Value":236476},{"Length":327,"Height":179,"Demand":13,"DemandMax":null,"Value":45786},{"Length":651,"Height":540,"Demand":15,"DemandMax":null,"Value":312547},{"Length":676,"Height":368,"Demand":13,"DemandMax":null,"Value":207555},{"Length":462,"Height":325,"Demand":9,"DemandMax":null,"Value":115063},{"Length":464,"Height":101,"Demand":9,"DemandMax":null,"Value":33815},{"Length":466,"Height":439,"Demand":9,"DemandMax":null,"Value":140927},{"Length":465,"Height":115,"Demand":11,"DemandMax":null,"Value":41593},{"Length":661,"Height":251,"Demand":10,"DemandMax":null,"Value":135754},{"Length":374,"Height":143,"Demand":30,"DemandMax":null,"Value":36648},{"Length":388,"Height":488,"Demand":9,"DemandMax":null,"Value":121117},{"Length":626,"Height":515,"Demand":14,"DemandMax":null,"Value":257670},{"Length":153,"Height":169,"Demand":6,"DemandMax":null,"Value":24157},{"Length":298,"Height":151,"Demand":8,"DemandMax":null,"Value":40093},{"Length":223,"Height":242,"Demand":15,"DemandMax":null,"Value":31129},{"Length":443,"Height":550,"Demand":17,"DemandMax":null,"Value":164923},{"Length":485,"Height":309,"Demand":24,"DemandMax":null,"Value":101350},{"Length":697,"Height":403,"Demand":25,"DemandMax":null,"Value":200229},{"Length":409,"Height":443,"Demand":10,"DemandMax":null,"Value":171944},{"Length":663,"Height":134,"Demand":25,"DemandMax":null,"Value":53592},{"Length":139,"Height":188,"Demand":25,"DemandMax":null,"Value":15728},{"Length":662,"Height":663,"Demand":12,"DemandMax":null,"Value":361270},{"Length":531,"Height":564,"Demand":7,"DemandMax":null,"Value":285710},{"Length":225,"Height":677,"Demand":13,"DemandMax":null,"Value":89776},{"Length":503,"Height":606,"Demand":6,"DemandMax":null,"Value":187019},{"Length":501,"Height":566,"Demand":25,"DemandMax":null,"Value":271347},{"Length":371,"Height":106,"Demand":19,"DemandMax":null,"Value":31810},{"Length":392,"Height":358,"Demand":4,"DemandMax":null,"Value":135843},{"Length":470,"Height":481,"Demand":21,"DemandMax":null,"Value":115829},{"Length":601,"Height":477,"Demand":10,"DemandMax":null,"Value":161624},{"Length":664,"Height":299,"Demand":27,"DemandMax":null,"Value":170037},{"Length":154,"Height":195,"Demand":2,"DemandMax":null,"Value":26593},{"Length":388,"Height":330,"Demand":21,"DemandMax":null,"Value":74735},{"Length":452,"Height":436,"Demand":19,"DemandMax":null,"Value":170110},{"Length":427,"Height":156,"Demand":3,"DemandMax":null,"Value":64096},{"Length":113,"Height":664,"Demand":9,"DemandMax":null,"Value":69370},{"Length":393,"Height":479,"Demand":28,"DemandMax":null,"Value":149325},{"Length":141,"Height":498,"Demand":7,"DemandMax":null,"Value":39915},{"Length":635,"Height":315,"Demand":30,"DemandMax":null,"Value":180884},{"Length":533,"Height":146,"Demand":8,"DemandMax":null,"Value":58054},{"Length":615,"Height":400,"Demand":11,"DemandMax":null,"Value":226747},{"Length":383,"Height":698,"Demand":15,"DemandMax":null,"Value":212712},{"Length":305,"Height":216,"Demand":28,"DemandMax":null,"Value":46751},{"Length":563,"Height":170,"Demand":21,"DemandMax":null,"Value":85512},{"Length":309,"Height":465,"Demand":24,"DemandMax":null,"Value":102889},{"Length":426,"Height":361,"Demand":17,"DemandMax":null,"Value":141891},{"Length":166,"Height":261,"Demand":18,"DemandMax":null,"Value":27713},{"Length":507,"Height":507,"Demand":4,"DemandMax":null,"Value":166603},{"Length":403,"Height":519,"Demand":12,"DemandMax":null,"Value":185140},{"Length":670,"Height":362,"Demand":8,"DemandMax":null,"Value":221585},{"Length":571,"Height":494,"Demand":26,"DemandMax":null,"Value":219589},{"Length":349,"Height":509,"Demand":27,"DemandMax":null,"Value":102547},{"Length":496,"Height":155,"Demand":23,"DemandMax":null,"Value":39888},{"Length":344,"Height":274,"Demand":21,"DemandMax":null,"Value":82511},{"Length":437,"Height":248,"Demand":24,"DemandMax":null,"Value":100448},{"Length":626,"Height":541,"Demand":27,"DemandMax":null,"Value":225124},{"Length":227,"Height":495,"Demand":20,"DemandMax":null,"Value":85104},{"Length":693,"Height":599,"Demand":8,"DemandMax":null,"Value":357345},{"Length":662,"Height":505,"Demand":28,"DemandMax":null,"Value":252276},{"Length":639,"Height":675,"Demand":30,"DemandMax":null,"Value":287146},{"Length":215,"Height":361,"Demand":9,"DemandMax":null,"Value":61366},{"Length":412,"Height":230,"Demand":28,"DemandMax":null,"Value":64885},{"Length":205,"Height":206,"Demand":10,"DemandMax":null,"Value":38662},{"Length":686,"Height":136,"Demand":1,"DemandMax":null,"Value":53695},{"Length":513,"Height":440,"Demand":29,"DemandMax":null,"Value":115970},{"Length":365,"Height":535,"Demand":21,"DemandMax":null,"Value":149971},{"Length":291,"Height":263,"Demand":30,"DemandMax":null,"Value":44123},{"Length":341,"Height":640,"Demand":19,"DemandMax":null,"Value":186207},{"Length":181,"Height":528,"Demand":29,"DemandMax":null,"Value":87826},{"Length":149,"Height":199,"Demand":13,"DemandMax":null,"Value":23011},{"Length":101,"Height":512,"Demand":11,"DemandMax":null,"Value":29262},{"Length":634,"Height":313,"Demand":25,"DemandMax":null,"Value":156942},{"Length":696,"Height":449,"Demand":26,"DemandMax":null,"Value":171931},{"Length":533,"Height":635,"Demand":25,"DemandMax":null,"Value":191786},{"Length":636,"Height":347,"Demand":19,"DemandMax":null,"Value":130622},{"Length":354,"Height":554,"Demand":13,"DemandMax":null,"Value":131183},{"Length":624,"Height":547,"Demand":21,"DemandMax":null,"Value":204644},{"Length":317,"Height":690,"Demand":10,"DemandMax":null,"Value":155899},{"Length":100,"Height":293,"Demand":8,"DemandMax":null,"Value":21583},{"Length":359,"Height":507,"Demand":3,"DemandMax":null,"Value":107051},{"Length":466,"Height":343,"Demand":12,"DemandMax":null,"Value":155665},{"Length":465,"Height":452,"Demand":16,"DemandMax":null,"Value":129570},{"Length":494,"Height":244,"Demand":28,"DemandMax":null,"Value":81574},{"Length":685,"Height":315,"Demand":14,"DemandMax":null,"Value":133635},{"Length":308,"Height":240,"Demand":2,"DemandMax":null,"Value":67153},{"Length":440,"Height":693,"Demand":2,"DemandMax":null,"Value":298629},{"Length":368,"Height":615,"Demand":19,"DemandMax":null,"Value":189060},{"Length":152,"Height":427,"Demand":30,"DemandMax":null,"Value":42874},{"Length":178,"Height":696,"Demand":1,"DemandMax":null,"Value":118591},{"Length":201,"Height":353,"Demand":22,"DemandMax":null,"Value":45739},{"Length":618,"Height":369,"Demand":21,"DemandMax":null,"Value":209178},{"Length":656,"Height":115,"Demand":27,"DemandMax":null,"Value":48542},{"Length":141,"Height":122,"Demand":25,"DemandMax":null,"Value":16118},{"Length":595,"Height":193,"Demand":21,"DemandMax":null,"Value":66303},{"Length":683,"Height":530,"Demand":13,"DemandMax":null,"Value":192396},{"Length":645,"Height":489,"Demand":23,"DemandMax":null,"Value":308624},{"Length":445,"Height":335,"Demand":18,"DemandMax":null,"Value":97435},{"Length":587,"Height":627,"Demand":7,"DemandMax":null,"Value":367229},{"Length":622,"Height":558,"Demand":18,"DemandMax":null,"Value":296291},{"Length":373,"Height":159,"Demand":16,"DemandMax":null,"Value":52207},{"Length":545,"Height":437,"Demand":10,"DemandMax":null,"Value":235527},{"Length":283,"Height":661,"Demand":10,"DemandMax":null,"Value":174609},{"Length":231,"Height":409,"Demand":7,"DemandMax":null,"Value":50222},{"Length":419,"Height":227,"Demand":1,"DemandMax":null,"Value":91622},{"Length":303,"Height":515,"Demand":13,"DemandMax":null,"Value":105460},{"Length":376,"Height":355,"Demand":10,"DemandMax":null,"Value":94280},{"Length":470,"Height":433,"Demand":12,"DemandMax":null,"Value":160168},{"Length":476,"Height":167,"Demand":28,"DemandMax":null,"Value":59526},{"Length":414,"Height":272,"Demand":14,"DemandMax":null,"Value":94616},{"Length":369,"Height":518,"Demand":30,"DemandMax":null,"Value":118479},{"Length":177,"Height":550,"Demand":16,"DemandMax":null,"Value":89290},{"Length":293,"Height":673,"Demand":19,"DemandMax":null,"Value":191990},{"Length":548,"Height":163,"Demand":22,"DemandMax":null,"Value":56932},{"Length":613,"Height":269,"Demand":3,"DemandMax":null,"Value":142088},{"Length":528,"Height":448,"Demand":11,"DemandMax":null,"Value":153363},{"Length":168,"Height":436,"Demand":4,"DemandMax":null,"Value":61593},{"Length":640,"Height":342,"Demand":9,"DemandMax":null,"Value":122880},{"Length":303,"Height":574,"Demand":3,"DemandMax":null,"Value":154461},{"Length":612,"Height":455,"Demand":9,"DemandMax":null,"Value":151880},{"Length":488,"Height":519,"Demand":9,"DemandMax":null,"Value":153055},{"Length":252,"Height":210,"Demand":26,"DemandMax":null,"Value":39992},{"Length":686,"Height":575,"Demand":30,"DemandMax":null,"Value":317726},{"Length":202,"Height":607,"Demand":28,"DemandMax":null,"Value":114062},{"Length":107,"Height":297,"Demand":29,"DemandMax":null,"Value":19890},{"Length":211,"Height":454,"Demand":1,"DemandMax":null,"Value":86429},{"Length":209,"Height":243,"Demand":17,"DemandMax":null,"Value":26121},{"Length":272,"Height":588,"Demand":14,"DemandMax":null,"Value":81837},{"Length":258,"Height":447,"Demand":19,"DemandMax":null,"Value":91993},{"Length":255,"Height":182,"Demand":28,"DemandMax":null,"Value":24058},{"Length":462,"Height":356,"Demand":15,"DemandMax":null,"Value":103895},{"Length":545,"Height":454,"Demand":9,"DemandMax":null,"Value":168501},{"Length":585,"Height":527,"Demand":1,"DemandMax":null,"Value":298646},{"Length":497,"Height":637,"Demand":9,"DemandMax":null,"Value":233947},{"Length":656,"Height":135,"Demand":18,"DemandMax":null,"Value":84805},{"Length":235,"Height":605,"Demand":27,"DemandMax":null,"Value":95982},{"Length":606,"Height":641,"Demand":3,"DemandMax":null,"Value":298047},{"Length":429,"Height":282,"Demand":14,"DemandMax":null,"Value":110288},{"Length":686,"Height":351,"Demand":4,"DemandMax":null,"Value":120610},{"Length":643,"Height":343,"Demand":8,"DemandMax":null,"Value":123800},{"Length":376,"Height":148,"Demand":9,"DemandMax":null,"Value":53394},{"Length":292,"Height":564,"Demand":3,"DemandMax":null,"Value":96203},{"Length":102,"Height":220,"Demand":2,"DemandMax":null,"Value":18638},{"Length":194,"Height":657,"Demand":30,"DemandMax":null,"Value":95141},{"Length":471,"Height":470,"Demand":6,"DemandMax":null,"Value":162563},{"Length":314,"Height":534,"Demand":2,"DemandMax":null,"Value":119249}]}