{"Name":"1C_5","Objects":[{"Length":2550,"Height":1200,"Stock":null,"Cost":3060000}],"Items":[{"Length":416,"Height":153,"Demand":24,"DemandMax":null,"Value":32036},{"Length":292,"Height":269,"Demand":24,"DemandMax":null,"Value":50130},{"Length":414,"Height":476,"Demand":13,"DemandMax":null,"Value":160859},{"Length":227,"Height":155,"Demand":25,"DemandMax":null,"Value":25753},{"Length":450,"Height":641,"Demand":6,"DemandMax":null,"Value":228294},{"Length":475,"Height":257,"Demand":5,"DemandMax":null,"Value":119080},{"Length":176,"Height":156,"Demand":4,"DemandMax":null,"Value":20310},{"Length":685,"Height":397,"Demand":1,"DemandMax":null,"Value":145753},{"Length":200,"Height":217,"Demand":19,"DemandMax":null,"Value":22417},{"Length":381,"Height":156,"Demand":25,"DemandMax":null,"Value":47991},{"Length":201,"Height":569,"Demand":11,"DemandMax":null,"Value":110388},{"Length":124,"Height":664,"Demand":26,"DemandMax":null,"Value":79517},{"Length":491,"Height":202,"Demand":7,"DemandMax":null,"Value":59223},{"Length":232,"Height":548,"Demand":22,"DemandMax":null,"Value":113218},{"Length":442,"Height":436,"Demand":12,"DemandMax":null,"Value":180723},{"Length":148,"Height":689,"Demand":20,"DemandMax":null,"Value":80930},{"Length":229,"Height":188,"Demand":2,"DemandMax":null,"Value":27684},{"Length":251,"Height":589,"Demand":7,"DemandMax":null,"Value":127755},{"Length":689,"Height":394,"Demand":11,"DemandMax":null,"Value":158027},{"Length":277,"Height":343,"Demand":12,"DemandMax":null,"Value":91848},{"Length":268,"Height":325,"Demand":1,"DemandMax":null,"Value":78421},{"Length":544,"Height":219,"Demand":1,"DemandMax":null,"Value":116604},{"Length":127,"Height":347,"Demand":22,"DemandMax":null,"Value":41046},{"Length":568,"Height":438,"Demand":29,"DemandMax":null,"Value":194596},{"Length":112,"Height":506,"Demand":8,"DemandMax":null,"Value":30430}]}