{"Name":"5B_19","Objects":[{"Length":2800,"Height":1000,"Stock":null,"Cost":2800000}],"Items":[{"Length":281,"Height":420,"Demand":5,"DemandMax":null,"Value":59208},{"Length":409,"Height":216,"Demand":9,"DemandMax":null,"Value":64134},{"Length":317,"Height":54,"Demand":8,"DemandMax":null,"Value":14053},{"Length":496,"Height":276,"Demand":8,"DemandMax":null,"Value":84203},{"Length":396,"Height":266,"Demand":1,"DemandMax":null,"Value":62953},{"Length":51,"Height":314,"Demand":4,"DemandMax":null,"Value":15985},{"Length":352,"Height":251,"Demand":10,"DemandMax":null,"Value":59415},{"Length":453,"Height":481,"Demand":1,"DemandMax":null,"Value":111118},{"Length":55,"Height":381,"Demand":5,"DemandMax":null,"Value":14717},{"Length":205,"Height":130,"Demand":7,"DemandMax":null,"Value":24072},{"Length":361,"Height":458,"Demand":7,"DemandMax":null,"Value":89226},{"Length":475,"Height":464,"Demand":6,"DemandMax":null,"Value":207966},{"Length":415,"Height":345,"Demand":4,"DemandMax":null,"Value":135919},{"Length":182,"Height":283,"Demand":1,"DemandMax":null,"Value":28780},{"Length":135,"Height":73,"Demand":7,"DemandMax":null,"Value":7521},{"Length":133,"Height":310,"Demand":8,"DemandMax":null,"Value":23222},{"Length":305,"Height":339,"Demand":5,"DemandMax":null,"Value":66080},{"Length":310,"Height":478,"Demand":9,"DemandMax":null,"Value":86879},{"Length":390,"Height":361,"Demand":9,"DemandMax":null,"Value":92961},{"Length":65,"Height":256,"Demand":9,"DemandMax":null,"Value":10335},{"Length":470,"Height":388,"Demand":1,"DemandMax":null,"Value":118932},{"Length":493,"Height":486,"Demand":2,"DemandMax":null,"Value":163760},{"Length":154,"Height":453,"Demand":2,"DemandMax":null,"Value":60750},{"Length":431,"Height":154,"Demand":7,"DemandMax":null,"Value":49784},{"Length":399,"Height":421,"Demand":2,"DemandMax":null,"Value":114859},{"Length":348,"Height":463,"Demand":2,"DemandMax":null,"Value":118032},{"Length":260,"Height":266,"Demand":1,"DemandMax":null,"Value":41069},{"Length":366,"Height":212,"Demand":3,"DemandMax":null,"Value":43836},{"Length":233,"Height":157,"Demand":1,"DemandMax":null,"Value":18399},{"Length":279,"Height":456,"Demand":9,"DemandMax":null,"Value":106316},{"Length":383,"Height":476,"Demand":10,"DemandMax":null,"Value":99308},{"Length":205,"Height":240,"Demand":6,"DemandMax":null,"Value":29740},{"Length":228,"Height":288,"Demand":4,"DemandMax":null,"Value":45268},{"Length":447,"Height":59,"Demand":2,"DemandMax":null,"Value":24193},{"Length":176,"Height":218,"Demand":7,"DemandMax":null,"Value":27235},{"Length":355,"Height":298,"Demand":6,"DemandMax":null,"Value":93039},{"Length":383,"Height":359,"Demand":7,"DemandMax":null,"Value":75676},{"Length":149,"Height":327,"Demand":7,"DemandMax":null,"Value":38259},{"Length":56,"Height":185,"Demand":7,"DemandMax":null,"Value":7534},{"Length":363,"Height":458,"Demand":5,"DemandMax":null,"Value":90367},{"Length":341,"Height":225,"Demand":3,"DemandMax":null,"Value":51577},{"Length":401,"Height":356,"Demand":7,"DemandMax":null,"Value":112658},{"Length":497,"Height":116,"Demand":3,"DemandMax":null,"Value":55995},{"Length":182,"Height":298,"Demand":8,"DemandMax":null,"Value":51593},{"Length":397,"Height":492,"Demand":6,"DemandMax":null,"Value":157835},{"Length":97,"Height":82,"Demand":6,"DemandMax":null,"Value":7714},{"Length":313,"Height":130,"Demand":4,"DemandMax":null,"Value":27253},{"Length":426,"Height":353,"Demand":9,"DemandMax":null,"Value":93156},{"Length":99,"Height":252,"Demand":5,"DemandMax":null,"Value":13868},{"Length":242,"Height":366,"Demand":4,"DemandMax":null,"Value":74138}]}