{"Name":"4B_3","Objects":[{"Length":2600,"Height":1400,"Stock":null,"Cost":3640000}],"Items":[{"Length":244,"Height":384,"Demand":10,"DemandMax":null,"Value":47028},{"Length":344,"Height":117,"Demand":4,"DemandMax":null,"Value":21975},{"Length":282,"Height":470,"Demand":9,"DemandMax":null,"Value":90641},{"Length":421,"Height":174,"Demand":5,"DemandMax":null,"Value":69663},{"Length":164,"Height":291,"Demand":7,"DemandMax":null,"Value":42216},{"Length":172,"Height":188,"Demand":9,"DemandMax":null,"Value":25797},{"Length":357,"Height":321,"Demand":2,"DemandMax":null,"Value":104276},{"Length":232,"Height":318,"Demand":5,"DemandMax":null,"Value":58036},{"Length":419,"Height":208,"Demand":4,"DemandMax":null,"Value":83843},{"Length":58,"Height":150,"Demand":7,"DemandMax":null,"Value":8127},{"Length":72,"Height":354,"Demand":7,"DemandMax":null,"Value":13467},{"Length":350,"Height":131,"Demand":6,"DemandMax":null,"Value":43417},{"Length":229,"Height":207,"Demand":2,"DemandMax":null,"Value":30261},{"Length":417,"Height":252,"Demand":8,"DemandMax":null,"Value":86293},{"Length":119,"Height":454,"Demand":10,"DemandMax":null,"Value":51664},{"Length":309,"Height":104,"Demand":9,"DemandMax":null,"Value":28473},{"Length":438,"Height":406,"Demand":1,"DemandMax":null,"Value":121840},{"Length":162,"Height":90,"Demand":7,"DemandMax":null,"Value":14464},{"Length":103,"Height":408,"Demand":3,"DemandMax":null,"Value":33618},{"Length":335,"Height":419,"Demand":10,"DemandMax":null,"Value":128557},{"Length":325,"Height":58,"Demand":10,"DemandMax":null,"Value":9861},{"Length":472,"Height":494,"Demand":10,"DemandMax":null,"Value":201591},{"Length":122,"Height":382,"Demand":6,"DemandMax":null,"Value":24064},{"Length":258,"Height":472,"Demand":10,"DemandMax":null,"Value":95622},{"Length":243,"Height":147,"Demand":6,"DemandMax":null,"Value":28501}]}