{"Name":"2B_14","Objects":[{"Length":2000,"Height":1000,"Stock":null,"Cost":2000000}],"Items":[{"Length":349,"Height":532,"Demand":1,"DemandMax":null,"Value":92998},{"Length":422,"Height":554,"Demand":9,"DemandMax":null,"Value":140699},{"Length":637,"Height":390,"Demand":4,"DemandMax":null,"Value":238392},{"Length":393,"Height":123,"Demand":5,"DemandMax":null,"Value":35783},{"Length":534,"Height":668,"Demand":2,"DemandMax":null,"Value":206693},{"Length":349,"Height":482,"Demand":9,"DemandMax":null,"Value":90755},{"Length":279,"Height":346,"Demand":3,"DemandMax":null,"Value":88098},{"Length":589,"Height":590,"Demand":4,"DemandMax":null,"Value":251822},{"Length":187,"Height":173,"Demand":7,"DemandMax":null,"Value":21712},{"Length":617,"Height":691,"Demand":9,"DemandMax":null,"Value":385523},{"Length":133,"Height":406,"Demand":4,"DemandMax":null,"Value":31091},{"Length":439,"Height":550,"Demand":10,"DemandMax":null,"Value":225232},{"Length":635,"Height":466,"Demand":7,"DemandMax":null,"Value":161068},{"Length":378,"Height":539,"Demand":8,"DemandMax":null,"Value":105773},{"Length":238,"Height":365,"Demand":5,"DemandMax":null,"Value":73417},{"Length":439,"Height":110,"Demand":8,"DemandMax":null,"Value":40095},{"Length":640,"Height":626,"Demand":7,"DemandMax":null,"Value":237080},{"Length":488,"Height":666,"Demand":6,"DemandMax":null,"Value":191090},{"Length":310,"Height":169,"Demand":5,"DemandMax":null,"Value":37372},{"Length":301,"Height":138,"Demand":9,"DemandMax":null,"Value":36460},{"Length":597,"Height":451,"Demand":10,"DemandMax":null,"Value":232952},{"Length":281,"Height":198,"Demand":6,"DemandMax":null,"Value":50294},{"Length":484,"Height":578,"Demand":9,"DemandMax":null,"Value":197249},{"Length":694,"Height":633,"Demand":5,"DemandMax":null,"Value":236128},{"Length":368,"Height":590,"Demand":10,"DemandMax":null,"Value":134306},{"Length":245,"Height":322,"Demand":2,"DemandMax":null,"Value":42021},{"Length":574,"Height":317,"Demand":10,"DemandMax":null,"Value":162225},{"Length":438,"Height":658,"Demand":8,"DemandMax":null,"Value":156372},{"Length":597,"Height":449,"Demand":9,"DemandMax":null,"Value":150989},{"Length":251,"Height":153,"Demand":9,"DemandMax":null,"Value":32982},{"Length":657,"Height":156,"Demand":4,"DemandMax":null,"Value":83232},{"Length":543,"Height":271,"Demand":8,"DemandMax":null,"Value":138932},{"Length":247,"Height":256,"Demand":7,"DemandMax":null,"Value":49843},{"Length":119,"Height":505,"Demand":3,"DemandMax":null,"Value":38357},{"Length":648,"Height":661,"Demand":10,"DemandMax":null,"Value":377452},{"Length":438,"Height":442,"Demand":1,"DemandMax":null,"Value":136058},{"Length":204,"Height":185,"Demand":1,"DemandMax":null,"Value":20700},{"Length":579,"Height":294,"Demand":3,"DemandMax":null,"Value":160880},{"Length":490,"Height":465,"Demand":2,"DemandMax":null,"Value":138826},{"Length":189,"Height":223,"Demand":3,"DemandMax":null,"Value":35390},{"Length":291,"Height":531,"Demand":10,"DemandMax":null,"Value":135163},{"Length":606,"Height":588,"Demand":4,"DemandMax":null,"Value":233467},{"Length":431,"Height":400,"Demand":10,"DemandMax":null,"Value":123169},{"Length":633,"Height":327,"Demand":9,"DemandMax":null,"Value":188877},{"Length":137,"Height":635,"Demand":10,"DemandMax":null,"Value":61539},{"Length":586,"Height":418,"Demand":2,"DemandMax":null,"Value":209813},{"Length":598,"Height":525,"Demand":6,"DemandMax":null,"Value":299683},{"Length":249,"Height":407,"Demand":8,"DemandMax":null,"Value":84357},{"Length":243,"Height":536,"Demand":10,"DemandMax":null,"Value":66223},{"Length":691,"Height":576,"Demand":7,"DemandMax":null,"Value":329064}]}