{"Name":"4B_8","Objects":[{"Length":2000,"Height":1300,"Stock":null,"Cost":2600000}],"Items":[{"Length":140,"Height":100,"Demand":9,"DemandMax":null,"Value":7027},{"Length":377,"Height":337,"Demand":1,"DemandMax":null,"Value":69368},{"Length":200,"Height":498,"Demand":9,"DemandMax":null,"Value":68114},{"Length":145,"Height":82,"Demand":3,"DemandMax":null,"Value":11307},{"Length":132,"Height":52,"Demand":4,"DemandMax":null,"Value":6072},{"Length":449,"Height":229,"Demand":10,"DemandMax":null,"Value":82029},{"Length":118,"Height":96,"Demand":1,"DemandMax":null,"Value":10308},{"Length":52,"Height":249,"Demand":4,"DemandMax":null,"Value":10185},{"Length":335,"Height":150,"Demand":7,"DemandMax":null,"Value":48342},{"Length":192,"Height":274,"Demand":10,"DemandMax":null,"Value":49146},{"Length":354,"Height":176,"Demand":8,"DemandMax":null,"Value":32920},{"Length":303,"Height":164,"Demand":1,"DemandMax":null,"Value":47056},{"Length":463,"Height":258,"Demand":8,"DemandMax":null,"Value":76256},{"Length":287,"Height":352,"Demand":9,"DemandMax":null,"Value":82959},{"Length":57,"Height":208,"Demand":1,"DemandMax":null,"Value":11338},{"Length":80,"Height":246,"Demand":10,"DemandMax":null,"Value":17437},{"Length":259,"Height":145,"Demand":8,"DemandMax":null,"Value":25731},{"Length":410,"Height":95,"Demand":9,"DemandMax":null,"Value":38640},{"Length":127,"Height":206,"Demand":7,"DemandMax":null,"Value":20929},{"Length":290,"Height":357,"Demand":10,"DemandMax":null,"Value":94821},{"Length":362,"Height":289,"Demand":7,"DemandMax":null,"Value":54728},{"Length":50,"Height":360,"Demand":4,"DemandMax":null,"Value":15562},{"Length":351,"Height":403,"Demand":9,"DemandMax":null,"Value":73040},{"Length":287,"Height":156,"Demand":10,"DemandMax":null,"Value":35156},{"Length":478,"Height":412,"Demand":2,"DemandMax":null,"Value":157133}]}