{"Name":"5B_3","Objects":[{"Length":2700,"Height":1450,"Stock":null,"Cost":3915000}],"Items":[{"Length":404,"Height":272,"Demand":10,"DemandMax":null,"Value":55128},{"Length":164,"Height":95,"Demand":2,"DemandMax":null,"Value":11310},{"Length":451,"Height":301,"Demand":5,"DemandMax":null,"Value":111447},{"Length":338,"Height":358,"Demand":2,"DemandMax":null,"Value":74428},{"Length":300,"Height":189,"Demand":3,"DemandMax":null,"Value":33886},{"Length":218,"Height":228,"Demand":3,"DemandMax":null,"Value":49615},{"Length":312,"Height":436,"Demand":10,"DemandMax":null,"Value":91478},{"Length":222,"Height":499,"Demand":8,"DemandMax":null,"Value":56493},{"Length":55,"Height":231,"Demand":6,"DemandMax":null,"Value":8923},{"Length":336,"Height":495,"Demand":8,"DemandMax":null,"Value":150230},{"Length":470,"Height":284,"Demand":8,"DemandMax":null,"Value":72034},{"Length":461,"Height":267,"Demand":5,"DemandMax":null,"Value":116143},{"Length":352,"Height":100,"Demand":7,"DemandMax":null,"Value":33416},{"Length":425,"Height":332,"Demand":9,"DemandMax":null,"Value":78844},{"Length":474,"Height":287,"Demand":5,"DemandMax":null,"Value":103817},{"Length":320,"Height":76,"Demand":3,"DemandMax":null,"Value":13697},{"Length":457,"Height":319,"Demand":10,"DemandMax":null,"Value":93170},{"Length":491,"Height":308,"Demand":5,"DemandMax":null,"Value":88666},{"Length":402,"Height":211,"Demand":1,"DemandMax":null,"Value":56007},{"Length":405,"Height":465,"Demand":1,"DemandMax":null,"Value":116962},{"Length":284,"Height":420,"Demand":8,"DemandMax":null,"Value":77792},{"Length":316,"Height":399,"Demand":2,"DemandMax":null,"Value":86176},{"Length":302,"Height":118,"Demand":2,"DemandMax":null,"Value":31032},{"Length":377,"Height":155,"Demand":10,"DemandMax":null,"Value":43829},{"Length":340,"Height":102,"Demand":7,"DemandMax":null,"Value":23713},{"Length":142,"Height":189,"Demand":8,"DemandMax":null,"Value":19660},{"Length":216,"Height":493,"Demand":7,"DemandMax":null,"Value":63236},{"Length":254,"Height":209,"Demand":8,"DemandMax":null,"Value":29991},{"Length":337,"Height":92,"Demand":8,"DemandMax":null,"Value":15594},{"Length":403,"Height":389,"Demand":4,"DemandMax":null,"Value":131004},{"Length":387,"Height":215,"Demand":2,"DemandMax":null,"Value":45324},{"Length":327,"Height":290,"Demand":10,"DemandMax":null,"Value":57321},{"Length":190,"Height":139,"Demand":3,"DemandMax":null,"Value":18207},{"Length":112,"Height":353,"Demand":8,"DemandMax":null,"Value":36269},{"Length":55,"Height":235,"Demand":5,"DemandMax":null,"Value":9175},{"Length":298,"Height":263,"Demand":4,"DemandMax":null,"Value":68927},{"Length":175,"Height":350,"Demand":10,"DemandMax":null,"Value":33711},{"Length":64,"Height":433,"Demand":3,"DemandMax":null,"Value":21760},{"Length":289,"Height":405,"Demand":4,"DemandMax":null,"Value":85116},{"Length":320,"Height":337,"Demand":5,"DemandMax":null,"Value":58616},{"Length":351,"Height":139,"Demand":5,"DemandMax":null,"Value":32797},{"Length":123,"Height":238,"Demand":9,"DemandMax":null,"Value":23102},{"Length":263,"Height":468,"Demand":1,"DemandMax":null,"Value":119546},{"Length":53,"Height":389,"Demand":6,"DemandMax":null,"Value":19612},{"Length":58,"Height":87,"Demand":10,"DemandMax":null,"Value":4078},{"Length":328,"Height":306,"Demand":3,"DemandMax":null,"Value":97339},{"Length":62,"Height":289,"Demand":3,"DemandMax":null,"Value":12001},{"Length":211,"Height":223,"Demand":6,"DemandMax":null,"Value":29148},{"Length":316,"Height":103,"Demand":3,"DemandMax":null,"Value":18093},{"Length":498,"Height":487,"Demand":4,"DemandMax":null,"Value":203002}]}