{"Name":"1A_4","Objects":[{"Length":2400,"Height":1050,"Stock":null,"Cost":2520000}],"Items":[{"Length":124,"Height":407,"Demand":4,"DemandMax":null,"Value":25291},{"Length":107,"Height":333,"Demand":5,"DemandMax":null,"Value":32848},{"Length":658,"Height":609,"Demand":1,"DemandMax":null,"Value":329602},{"Length":669,"Height":590,"Demand":5,"DemandMax":null,"Value":227404},{"Length":253,"Height":396,"Demand":4,"DemandMax":null,"Value":86802},{"Length":535,"Height":313,"Demand":3,"DemandMax":null,"Value":140513},{"Length":231,"Height":510,"Demand":1,"DemandMax":null,"Value":76584},{"Length":282,"Height":523,"Demand":2,"DemandMax":null,"Value":73934},{"Length":129,"Height":628,"Demand":5,"DemandMax":null,"Value":75413},{"Length":227,"Height":294,"Demand":2,"DemandMax":null,"Value":62412},{"Length":589,"Height":410,"Demand":4,"DemandMax":null,"Value":136318},{"Length":319,"Height":462,"Demand":1,"DemandMax":null,"Value":137973},{"Length":247,"Height":178,"Demand":2,"DemandMax":null,"Value":32244},{"Length":533,"Height":294,"Demand":1,"DemandMax":null,"Value":122468},{"Length":286,"Height":432,"Demand":1,"DemandMax":null,"Value":66502},{"Length":617,"Height":416,"Demand":5,"DemandMax":null,"Value":167628},{"Length":472,"Height":587,"Demand":1,"DemandMax":null,"Value":176713},{"Length":400,"Height":262,"Demand":5,"DemandMax":null,"Value":104140},{"Length":543,"Height":499,"Demand":1,"DemandMax":null,"Value":231128},{"Length":625,"Height":413,"Demand":1,"DemandMax":null,"Value":173598},{"Length":654,"Height":278,"Demand":1,"DemandMax":null,"Value":133836},{"Length":608,"Height":127,"Demand":4,"DemandMax":null,"Value":45174},{"Length":130,"Height":557,"Demand":3,"DemandMax":null,"Value":61594},{"Length":407,"Height":511,"Demand":4,"DemandMax":null,"Value":119104},{"Length":370,"Height":283,"Demand":2,"DemandMax":null,"Value":76721}]}