{"Name":"5A_4","Objects":[{"Length":2800,"Height":1150,"Stock":null,"Cost":3220000}],"Items":[{"Length":250,"Height":431,"Demand":1,"DemandMax":null,"Value":54174},{"Length":197,"Height":141,"Demand":3,"DemandMax":null,"Value":23170},{"Length":476,"Height":390,"Demand":5,"DemandMax":null,"Value":151823},{"Length":236,"Height":100,"Demand":5,"DemandMax":null,"Value":16354},{"Length":104,"Height":438,"Demand":2,"DemandMax":null,"Value":25517},{"Length":470,"Height":75,"Demand":3,"DemandMax":null,"Value":28777},{"Length":256,"Height":463,"Demand":5,"DemandMax":null,"Value":85021},{"Length":127,"Height":121,"Demand":1,"DemandMax":null,"Value":8103},{"Length":93,"Height":54,"Demand":3,"DemandMax":null,"Value":3742},{"Length":438,"Height":95,"Demand":4,"DemandMax":null,"Value":34927},{"Length":158,"Height":184,"Demand":3,"DemandMax":null,"Value":28782},{"Length":366,"Height":320,"Demand":5,"DemandMax":null,"Value":112245},{"Length":118,"Height":319,"Demand":4,"DemandMax":null,"Value":33170},{"Length":460,"Height":316,"Demand":4,"DemandMax":null,"Value":89145},{"Length":56,"Height":71,"Demand":4,"DemandMax":null,"Value":2834},{"Length":492,"Height":365,"Demand":5,"DemandMax":null,"Value":158661},{"Length":260,"Height":146,"Demand":4,"DemandMax":null,"Value":24360},{"Length":359,"Height":122,"Demand":2,"DemandMax":null,"Value":33792},{"Length":485,"Height":330,"Demand":1,"DemandMax":null,"Value":124015},{"Length":461,"Height":294,"Demand":1,"DemandMax":null,"Value":70226},{"Length":224,"Height":364,"Demand":2,"DemandMax":null,"Value":80256},{"Length":271,"Height":266,"Demand":2,"DemandMax":null,"Value":63459},{"Length":369,"Height":450,"Demand":2,"DemandMax":null,"Value":151306},{"Length":337,"Height":228,"Demand":4,"DemandMax":null,"Value":46470},{"Length":103,"Height":141,"Demand":4,"DemandMax":null,"Value":8509},{"Length":200,"Height":391,"Demand":3,"DemandMax":null,"Value":73892},{"Length":438,"Height":398,"Demand":2,"DemandMax":null,"Value":130215},{"Length":429,"Height":196,"Demand":3,"DemandMax":null,"Value":50092},{"Length":239,"Height":251,"Demand":3,"DemandMax":null,"Value":51443},{"Length":476,"Height":299,"Demand":3,"DemandMax":null,"Value":96608},{"Length":330,"Height":469,"Demand":2,"DemandMax":null,"Value":85450},{"Length":151,"Height":439,"Demand":5,"DemandMax":null,"Value":46397},{"Length":432,"Height":439,"Demand":3,"DemandMax":null,"Value":164225},{"Length":161,"Height":489,"Demand":3,"DemandMax":null,"Value":43387},{"Length":68,"Height":179,"Demand":3,"DemandMax":null,"Value":8054},{"Length":397,"Height":494,"Demand":2,"DemandMax":null,"Value":183343},{"Length":287,"Height":404,"Demand":2,"DemandMax":null,"Value":85858},{"Length":95,"Height":398,"Demand":2,"DemandMax":null,"Value":33194},{"Length":189,"Height":446,"Demand":5,"DemandMax":null,"Value":64432},{"Length":57,"Height":140,"Demand":5,"DemandMax":null,"Value":4579},{"Length":57,"Height":186,"Demand":1,"DemandMax":null,"Value":9477},{"Length":429,"Height":213,"Demand":3,"DemandMax":null,"Value":88942},{"Length":433,"Height":465,"Demand":2,"DemandMax":null,"Value":103051},{"Length":459,"Height":54,"Demand":3,"DemandMax":null,"Value":15605},{"Length":188,"Height":488,"Demand":5,"DemandMax":null,"Value":58165},{"Length":246,"Height":188,"Demand":2,"DemandMax":null,"Value":28929},{"Length":259,"Height":256,"Demand":5,"DemandMax":null,"Value":43310},{"Length":272,"Height":302,"Demand":1,"DemandMax":null,"Value":62778},{"Length":259,"Height":72,"Demand":1,"DemandMax":null,"Value":18576},{"Length":352,"Height":189,"Demand":1,"DemandMax":null,"Value":60783}]}