{"Name":"3A_8","Objects":[{"Length":2350,"Height":1200,"Stock":null,"Cost":2820000}],"Items":[{"Length":666,"Height":203,"Demand":5,"DemandMax":null,"Value":68102},{"Length":246,"Height":471,"Demand":1,"DemandMax":null,"Value":110106},{"Length":206,"Height":663,"Demand":4,"DemandMax":null,"Value":136165},{"Length":161,"Height":698,"Demand":2,"DemandMax":null,"Value":75218},{"Length":693,"Height":253,"Demand":2,"DemandMax":null,"Value":96528},{"Length":318,"Height":216,"Demand":4,"DemandMax":null,"Value":65583},{"Length":450,"Height":519,"Demand":5,"DemandMax":null,"Value":144722},{"Length":121,"Height":305,"Demand":3,"DemandMax":null,"Value":25045},{"Length":324,"Height":149,"Demand":2,"DemandMax":null,"Value":25688},{"Length":498,"Height":652,"Demand":5,"DemandMax":null,"Value":180839},{"Length":236,"Height":414,"Demand":3,"DemandMax":null,"Value":92540},{"Length":517,"Height":684,"Demand":2,"DemandMax":null,"Value":343419},{"Length":663,"Height":403,"Demand":1,"DemandMax":null,"Value":213648},{"Length":338,"Height":562,"Demand":2,"DemandMax":null,"Value":172924},{"Length":449,"Height":346,"Demand":2,"DemandMax":null,"Value":100480},{"Length":388,"Height":494,"Demand":4,"DemandMax":null,"Value":174442},{"Length":404,"Height":388,"Demand":5,"DemandMax":null,"Value":143699},{"Length":402,"Height":471,"Demand":1,"DemandMax":null,"Value":116126},{"Length":133,"Height":682,"Demand":3,"DemandMax":null,"Value":73074},{"Length":682,"Height":305,"Demand":5,"DemandMax":null,"Value":174387},{"Length":364,"Height":275,"Demand":2,"DemandMax":null,"Value":79464},{"Length":170,"Height":540,"Demand":3,"DemandMax":null,"Value":79729},{"Length":169,"Height":450,"Demand":1,"DemandMax":null,"Value":58121},{"Length":496,"Height":605,"Demand":1,"DemandMax":null,"Value":191590},{"Length":125,"Height":178,"Demand":2,"DemandMax":null,"Value":18235},{"Length":370,"Height":167,"Demand":1,"DemandMax":null,"Value":40228},{"Length":247,"Height":105,"Demand":1,"DemandMax":null,"Value":23982},{"Length":240,"Height":174,"Demand":4,"DemandMax":null,"Value":36428},{"Length":324,"Height":623,"Demand":2,"DemandMax":null,"Value":152333},{"Length":394,"Height":293,"Demand":5,"DemandMax":null,"Value":67968},{"Length":396,"Height":395,"Demand":1,"DemandMax":null,"Value":144242},{"Length":114,"Height":168,"Demand":2,"DemandMax":null,"Value":15855},{"Length":394,"Height":262,"Demand":4,"DemandMax":null,"Value":93399},{"Length":332,"Height":100,"Demand":4,"DemandMax":null,"Value":16848},{"Length":650,"Height":635,"Demand":2,"DemandMax":null,"Value":331018},{"Length":591,"Height":351,"Demand":4,"DemandMax":null,"Value":114277},{"Length":494,"Height":347,"Demand":5,"DemandMax":null,"Value":143391},{"Length":682,"Height":496,"Demand":3,"DemandMax":null,"Value":285617},{"Length":511,"Height":627,"Demand":4,"DemandMax":null,"Value":189640},{"Length":502,"Height":638,"Demand":1,"DemandMax":null,"Value":221296},{"Length":427,"Height":490,"Demand":5,"DemandMax":null,"Value":136711},{"Length":255,"Height":687,"Demand":3,"DemandMax":null,"Value":154588},{"Length":180,"Height":522,"Demand":2,"DemandMax":null,"Value":85552},{"Length":614,"Height":365,"Demand":4,"DemandMax":null,"Value":165430},{"Length":672,"Height":608,"Demand":1,"DemandMax":null,"Value":244040},{"Length":354,"Height":225,"Demand":1,"DemandMax":null,"Value":40622},{"Length":425,"Height":456,"Demand":2,"DemandMax":null,"Value":97388},{"Length":504,"Height":660,"Demand":5,"DemandMax":null,"Value":326046},{"Length":158,"Height":211,"Demand":2,"DemandMax":null,"Value":33005},{"Length":134,"Height":618,"Demand":4,"DemandMax":null,"Value":79259},{"Length":660,"Height":283,"Demand":4,"DemandMax":null,"Value":157139},{"Length":202,"Height":526,"Demand":5,"DemandMax":null,"Value":80418},{"Length":685,"Height":301,"Demand":4,"DemandMax":null,"Value":161219},{"Length":213,"Height":314,"Demand":3,"DemandMax":null,"Value":47664},{"Length":488,"Height":604,"Demand":3,"DemandMax":null,"Value":203237},{"Length":426,"Height":413,"Demand":4,"DemandMax":null,"Value":147958},{"Length":614,"Height":249,"Demand":4,"DemandMax":null,"Value":110434},{"Length":663,"Height":536,"Demand":2,"DemandMax":null,"Value":204651},{"Length":697,"Height":639,"Demand":3,"DemandMax":null,"Value":337779},{"Length":273,"Height":299,"Demand":5,"DemandMax":null,"Value":42687},{"Length":358,"Height":326,"Demand":2,"DemandMax":null,"Value":107104},{"Length":241,"Height":171,"Demand":5,"DemandMax":null,"Value":22419},{"Length":568,"Height":134,"Demand":3,"DemandMax":null,"Value":65167},{"Length":583,"Height":630,"Demand":5,"DemandMax":null,"Value":267366},{"Length":466,"Height":447,"Demand":5,"DemandMax":null,"Value":165214},{"Length":375,"Height":203,"Demand":3,"DemandMax":null,"Value":75402},{"Length":654,"Height":235,"Demand":3,"DemandMax":null,"Value":102438},{"Length":457,"Height":368,"Demand":3,"DemandMax":null,"Value":124966},{"Length":451,"Height":411,"Demand":2,"DemandMax":null,"Value":133973},{"Length":388,"Height":685,"Demand":4,"DemandMax":null,"Value":222227},{"Length":118,"Height":352,"Demand":5,"DemandMax":null,"Value":22737},{"Length":526,"Height":486,"Demand":4,"DemandMax":null,"Value":225818},{"Length":155,"Height":587,"Demand":5,"DemandMax":null,"Value":76864},{"Length":662,"Height":539,"Demand":4,"DemandMax":null,"Value":237839},{"Length":190,"Height":321,"Demand":3,"DemandMax":null,"Value":60446},{"Length":463,"Height":557,"Demand":4,"DemandMax":null,"Value":173854},{"Length":379,"Height":530,"Demand":2,"DemandMax":null,"Value":166047},{"Length":224,"Height":593,"Demand":2,"DemandMax":null,"Value":132729},{"Length":402,"Height":686,"Demand":5,"DemandMax":null,"Value":175388},{"Length":138,"Height":371,"Demand":4,"DemandMax":null,"Value":44962},{"Length":401,"Height":488,"Demand":2,"DemandMax":null,"Value":116641},{"Length":668,"Height":326,"Demand":4,"DemandMax":null,"Value":142144},{"Length":388,"Height":225,"Demand":3,"DemandMax":null,"Value":84750},{"Length":305,"Height":242,"Demand":1,"DemandMax":null,"Value":69807},{"Length":495,"Height":276,"Demand":1,"DemandMax":null,"Value":109775},{"Length":471,"Height":135,"Demand":5,"DemandMax":null,"Value":58630},{"Length":506,"Height":336,"Demand":3,"DemandMax":null,"Value":105677},{"Length":210,"Height":530,"Demand":2,"DemandMax":null,"Value":79641},{"Length":472,"Height":475,"Demand":1,"DemandMax":null,"Value":119202},{"Length":653,"Height":203,"Demand":3,"DemandMax":null,"Value":67926},{"Length":250,"Height":391,"Demand":2,"DemandMax":null,"Value":84330},{"Length":625,"Height":631,"Demand":5,"DemandMax":null,"Value":372632},{"Length":560,"Height":430,"Demand":1,"DemandMax":null,"Value":124695},{"Length":404,"Height":575,"Demand":2,"DemandMax":null,"Value":217199},{"Length":325,"Height":302,"Demand":1,"DemandMax":null,"Value":72812},{"Length":690,"Height":383,"Demand":1,"DemandMax":null,"Value":263431},{"Length":443,"Height":427,"Demand":4,"DemandMax":null,"Value":171054},{"Length":643,"Height":123,"Demand":5,"DemandMax":null,"Value":64685},{"Length":162,"Height":389,"Demand":5,"DemandMax":null,"Value":60491},{"Length":671,"Height":516,"Demand":5,"DemandMax":null,"Value":264202},{"Length":380,"Height":689,"Demand":4,"DemandMax":null,"Value":204945},{"Length":138,"Height":201,"Demand":2,"DemandMax":null,"Value":23164},{"Length":316,"Height":388,"Demand":1,"DemandMax":null,"Value":109912},{"Length":208,"Height":315,"Demand":5,"DemandMax":null,"Value":42589},{"Length":219,"Height":397,"Demand":2,"DemandMax":null,"Value":47712},{"Length":342,"Height":489,"Demand":5,"DemandMax":null,"Value":118208},{"Length":348,"Height":311,"Demand":1,"DemandMax":null,"Value":99721},{"Length":566,"Height":507,"Demand":5,"DemandMax":null,"Value":202713},{"Length":223,"Height":174,"Demand":1,"DemandMax":null,"Value":32228},{"Length":579,"Height":601,"Demand":1,"DemandMax":null,"Value":339016},{"Length":434,"Height":178,"Demand":2,"DemandMax":null,"Value":68233},{"Length":472,"Height":548,"Demand":3,"DemandMax":null,"Value":186483},{"Length":139,"Height":411,"Demand":4,"DemandMax":null,"Value":29102},{"Length":329,"Height":371,"Demand":3,"DemandMax":null,"Value":61229},{"Length":286,"Height":134,"Demand":5,"DemandMax":null,"Value":35062},{"Length":637,"Height":133,"Demand":4,"DemandMax":null,"Value":73504},{"Length":408,"Height":116,"Demand":4,"DemandMax":null,"Value":28209},{"Length":456,"Height":406,"Demand":1,"DemandMax":null,"Value":168375},{"Length":643,"Height":386,"Demand":4,"DemandMax":null,"Value":235098},{"Length":547,"Height":680,"Demand":3,"DemandMax":null,"Value":270312},{"Length":155,"Height":632,"Demand":3,"DemandMax":null,"Value":95923},{"Length":321,"Height":587,"Demand":2,"DemandMax":null,"Value":167880},{"Length":307,"Height":657,"Demand":3,"DemandMax":null,"Value":115309},{"Length":234,"Height":429,"Demand":5,"DemandMax":null,"Value":76369},{"Length":667,"Height":313,"Demand":4,"DemandMax":null,"Value":169536},{"Length":625,"Height":525,"Demand":4,"DemandMax":null,"Value":202060},{"Length":595,"Height":389,"Demand":1,"DemandMax":null,"Value":148535},{"Length":201,"Height":505,"Demand":3,"DemandMax":null,"Value":58020},{"Length":580,"Height":114,"Demand":3,"DemandMax":null,"Value":36483},{"Length":522,"Height":267,"Demand":3,"DemandMax":null,"Value":93913},{"Length":565,"Height":619,"Demand":4,"DemandMax":null,"Value":263857},{"Length":212,"Height":585,"Demand":2,"DemandMax":null,"Value":64336},{"Length":491,"Height":168,"Demand":3,"DemandMax":null,"Value":75722},{"Length":653,"Height":433,"Demand":1,"DemandMax":null,"Value":215382},{"Length":294,"Height":325,"Demand":4,"DemandMax":null,"Value":48007},{"Length":329,"Height":308,"Demand":5,"DemandMax":null,"Value":53270},{"Length":220,"Height":120,"Demand":3,"DemandMax":null,"Value":20750},{"Length":637,"Height":690,"Demand":5,"DemandMax":null,"Value":248927},{"Length":380,"Height":188,"Demand":5,"DemandMax":null,"Value":45514},{"Length":695,"Height":682,"Demand":5,"DemandMax":null,"Value":309503},{"Length":438,"Height":688,"Demand":4,"DemandMax":null,"Value":235083},{"Length":269,"Height":552,"Demand":5,"DemandMax":null,"Value":81227},{"Length":523,"Height":569,"Demand":2,"DemandMax":null,"Value":158752},{"Length":456,"Height":628,"Demand":3,"DemandMax":null,"Value":219345},{"Length":274,"Height":615,"Demand":1,"DemandMax":null,"Value":98199},{"Length":165,"Height":197,"Demand":2,"DemandMax":null,"Value":18555},{"Length":365,"Height":626,"Demand":3,"DemandMax":null,"Value":136528},{"Length":112,"Height":294,"Demand":1,"DemandMax":null,"Value":28828},{"Length":229,"Height":279,"Demand":5,"DemandMax":null,"Value":46326},{"Length":297,"Height":500,"Demand":1,"DemandMax":null,"Value":89570},{"Length":658,"Height":392,"Demand":3,"DemandMax":null,"Value":130625},{"Length":504,"Height":304,"Demand":1,"DemandMax":null,"Value":150083},{"Length":211,"Height":142,"Demand":5,"DemandMax":null,"Value":26203},{"Length":569,"Height":573,"Demand":3,"DemandMax":null,"Value":295848},{"Length":119,"Height":129,"Demand":1,"DemandMax":null,"Value":14163},{"Length":307,"Height":167,"Demand":2,"DemandMax":null,"Value":50444},{"Length":209,"Height":495,"Demand":2,"DemandMax":null,"Value":91604},{"Length":663,"Height":410,"Demand":3,"DemandMax":null,"Value":259934},{"Length":451,"Height":580,"Demand":3,"DemandMax":null,"Value":149526},{"Length":249,"Height":595,"Demand":4,"DemandMax":null,"Value":78529},{"Length":624,"Height":267,"Demand":3,"DemandMax":null,"Value":104527},{"Length":318,"Height":315,"Demand":2,"DemandMax":null,"Value":50903},{"Length":496,"Height":239,"Demand":5,"DemandMax":null,"Value":97883},{"Length":330,"Height":380,"Demand":5,"DemandMax":null,"Value":101397},{"Length":186,"Height":179,"Demand":3,"DemandMax":null,"Value":28567},{"Length":271,"Height":535,"Demand":5,"DemandMax":null,"Value":80068},{"Length":385,"Height":444,"Demand":3,"DemandMax":null,"Value":116565},{"Length":642,"Height":367,"Demand":3,"DemandMax":null,"Value":161598},{"Length":456,"Height":197,"Demand":3,"DemandMax":null,"Value":58857},{"Length":205,"Height":563,"Demand":5,"DemandMax":null,"Value":66231},{"Length":256,"Height":639,"Demand":4,"DemandMax":null,"Value":127107},{"Length":493,"Height":370,"Demand":4,"DemandMax":null,"Value":131782},{"Length":451,"Height":166,"Demand":4,"DemandMax":null,"Value":50488},{"Length":562,"Height":322,"Demand":1,"DemandMax":null,"Value":152947},{"Length":612,"Height":592,"Demand":3,"DemandMax":null,"Value":300346},{"Length":407,"Height":368,"Demand":3,"DemandMax":null,"Value":136479},{"Length":601,"Height":179,"Demand":1,"DemandMax":null,"Value":80345},{"Length":340,"Height":316,"Demand":1,"DemandMax":null,"Value":74451},{"Length":281,"Height":314,"Demand":4,"DemandMax":null,"Value":56982},{"Length":513,"Height":241,"Demand":4,"DemandMax":null,"Value":88181},{"Length":161,"Height":569,"Demand":3,"DemandMax":null,"Value":53525},{"Length":144,"Height":555,"Demand":3,"DemandMax":null,"Value":75699},{"Length":257,"Height":682,"Demand":1,"DemandMax":null,"Value":103818},{"Length":515,"Height":366,"Demand":3,"DemandMax":null,"Value":135671},{"Length":686,"Height":471,"Demand":1,"DemandMax":null,"Value":195661},{"Length":216,"Height":117,"Demand":2,"DemandMax":null,"Value":13225},{"Length":376,"Height":291,"Demand":2,"DemandMax":null,"Value":71748},{"Length":119,"Height":342,"Demand":2,"DemandMax":null,"Value":21092},{"Length":310,"Height":240,"Demand":3,"DemandMax":null,"Value":48448},{"Length":296,"Height":186,"Demand":5,"DemandMax":null,"Value":46336},{"Length":108,"Height":553,"Demand":1,"DemandMax":null,"Value":29884},{"Length":337,"Height":568,"Demand":3,"DemandMax":null,"Value":113040},{"Length":419,"Height":686,"Demand":1,"DemandMax":null,"Value":172726},{"Length":655,"Height":414,"Demand":5,"DemandMax":null,"Value":145450},{"Length":634,"Height":157,"Demand":1,"DemandMax":null,"Value":64930},{"Length":340,"Height":325,"Demand":2,"DemandMax":null,"Value":90789},{"Length":465,"Height":198,"Demand":4,"DemandMax":null,"Value":60822},{"Length":350,"Height":433,"Demand":4,"DemandMax":null,"Value":99779},{"Length":267,"Height":523,"Demand":1,"DemandMax":null,"Value":98378},{"Length":466,"Height":114,"Demand":3,"DemandMax":null,"Value":50282}]}