{"Name":"5A_9","Objects":[{"Length":2350,"Height":1450,"Stock":null,"Cost":3407500}],"Items":[{"Length":370,"Height":103,"Demand":1,"DemandMax":null,"Value":19161},{"Length":309,"Height":55,"Demand":4,"DemandMax":null,"Value":14176},{"Length":319,"Height":233,"Demand":3,"DemandMax":null,"Value":60787},{"Length":306,"Height":97,"Demand":5,"DemandMax":null,"Value":20569},{"Length":231,"Height":288,"Demand":2,"DemandMax":null,"Value":37268},{"Length":333,"Height":356,"Demand":5,"DemandMax":null,"Value":96779},{"Length":224,"Height":279,"Demand":5,"DemandMax":null,"Value":44829},{"Length":243,"Height":53,"Demand":3,"DemandMax":null,"Value":6791},{"Length":490,"Height":318,"Demand":4,"DemandMax":null,"Value":116105},{"Length":473,"Height":475,"Demand":2,"DemandMax":null,"Value":188588},{"Length":413,"Height":462,"Demand":2,"DemandMax":null,"Value":188902},{"Length":358,"Height":214,"Demand":5,"DemandMax":null,"Value":73423},{"Length":450,"Height":154,"Demand":5,"DemandMax":null,"Value":61067},{"Length":257,"Height":337,"Demand":2,"DemandMax":null,"Value":53115},{"Length":326,"Height":469,"Demand":2,"DemandMax":null,"Value":108998},{"Length":407,"Height":221,"Demand":5,"DemandMax":null,"Value":79469},{"Length":106,"Height":477,"Demand":5,"DemandMax":null,"Value":32447},{"Length":331,"Height":181,"Demand":2,"DemandMax":null,"Value":46224},{"Length":403,"Height":151,"Demand":3,"DemandMax":null,"Value":47152},{"Length":244,"Height":383,"Demand":1,"DemandMax":null,"Value":48422},{"Length":181,"Height":111,"Demand":5,"DemandMax":null,"Value":19776},{"Length":163,"Height":477,"Demand":1,"DemandMax":null,"Value":68446},{"Length":266,"Height":290,"Demand":3,"DemandMax":null,"Value":70290},{"Length":410,"Height":105,"Demand":5,"DemandMax":null,"Value":26037},{"Length":176,"Height":318,"Demand":2,"DemandMax":null,"Value":32790},{"Length":333,"Height":130,"Demand":5,"DemandMax":null,"Value":40905},{"Length":225,"Height":393,"Demand":1,"DemandMax":null,"Value":66051},{"Length":343,"Height":281,"Demand":1,"DemandMax":null,"Value":57419},{"Length":434,"Height":389,"Demand":2,"DemandMax":null,"Value":144775},{"Length":477,"Height":69,"Demand":4,"DemandMax":null,"Value":22341},{"Length":83,"Height":122,"Demand":5,"DemandMax":null,"Value":5591},{"Length":239,"Height":190,"Demand":2,"DemandMax":null,"Value":31784},{"Length":434,"Height":257,"Demand":3,"DemandMax":null,"Value":96586},{"Length":378,"Height":210,"Demand":4,"DemandMax":null,"Value":43745},{"Length":180,"Height":372,"Demand":3,"DemandMax":null,"Value":44309},{"Length":216,"Height":401,"Demand":4,"DemandMax":null,"Value":80974},{"Length":228,"Height":392,"Demand":2,"DemandMax":null,"Value":66182},{"Length":240,"Height":484,"Demand":2,"DemandMax":null,"Value":101980},{"Length":427,"Height":239,"Demand":3,"DemandMax":null,"Value":78006},{"Length":124,"Height":439,"Demand":1,"DemandMax":null,"Value":31239},{"Length":393,"Height":311,"Demand":3,"DemandMax":null,"Value":109248},{"Length":410,"Height":209,"Demand":3,"DemandMax":null,"Value":83407},{"Length":487,"Height":306,"Demand":4,"DemandMax":null,"Value":76271},{"Length":403,"Height":456,"Demand":5,"DemandMax":null,"Value":115700},{"Length":200,"Height":356,"Demand":4,"DemandMax":null,"Value":45140},{"Length":209,"Height":211,"Demand":5,"DemandMax":null,"Value":27585},{"Length":452,"Height":394,"Demand":2,"DemandMax":null,"Value":116328},{"Length":114,"Height":178,"Demand":3,"DemandMax":null,"Value":15508},{"Length":176,"Height":432,"Demand":5,"DemandMax":null,"Value":75740},{"Length":175,"Height":168,"Demand":1,"DemandMax":null,"Value":26861}]}