{"Name":"1B_16","Objects":[{"Length":2850,"Height":1250,"Stock":null,"Cost":3562500}],"Items":[{"Length":551,"Height":386,"Demand":1,"DemandMax":null,"Value":107271},{"Length":222,"Height":498,"Demand":7,"DemandMax":null,"Value":64384},{"Length":247,"Height":236,"Demand":6,"DemandMax":null,"Value":31511},{"Length":263,"Height":358,"Demand":8,"DemandMax":null,"Value":88753},{"Length":218,"Height":597,"Demand":4,"DemandMax":null,"Value":77644},{"Length":422,"Height":138,"Demand":8,"DemandMax":null,"Value":42728},{"Length":277,"Height":217,"Demand":7,"DemandMax":null,"Value":44303},{"Length":579,"Height":342,"Demand":6,"DemandMax":null,"Value":118408},{"Length":153,"Height":181,"Demand":7,"DemandMax":null,"Value":22360},{"Length":645,"Height":613,"Demand":5,"DemandMax":null,"Value":331094},{"Length":472,"Height":409,"Demand":8,"DemandMax":null,"Value":177179},{"Length":546,"Height":638,"Demand":8,"DemandMax":null,"Value":341337},{"Length":574,"Height":524,"Demand":5,"DemandMax":null,"Value":207891},{"Length":300,"Height":570,"Demand":7,"DemandMax":null,"Value":118425},{"Length":330,"Height":337,"Demand":10,"DemandMax":null,"Value":61044},{"Length":388,"Height":371,"Demand":5,"DemandMax":null,"Value":122266},{"Length":145,"Height":637,"Demand":4,"DemandMax":null,"Value":68023},{"Length":264,"Height":323,"Demand":8,"DemandMax":null,"Value":65508},{"Length":298,"Height":135,"Demand":5,"DemandMax":null,"Value":26904},{"Length":638,"Height":410,"Demand":3,"DemandMax":null,"Value":132047},{"Length":346,"Height":395,"Demand":5,"DemandMax":null,"Value":76297},{"Length":365,"Height":290,"Demand":1,"DemandMax":null,"Value":99433},{"Length":385,"Height":514,"Demand":5,"DemandMax":null,"Value":146964},{"Length":670,"Height":239,"Demand":5,"DemandMax":null,"Value":84854},{"Length":346,"Height":405,"Demand":2,"DemandMax":null,"Value":100369}]}