{"Name":"5C_15","Objects":[{"Length":2350,"Height":1200,"Stock":null,"Cost":2820000}],"Items":[{"Length":222,"Height":160,"Demand":20,"DemandMax":null,"Value":17887},{"Length":104,"Height":214,"Demand":18,"DemandMax":null,"Value":21327},{"Length":62,"Height":162,"Demand":15,"DemandMax":null,"Value":6822},{"Length":246,"Height":84,"Demand":30,"DemandMax":null,"Value":11733},{"Length":415,"Height":498,"Demand":16,"DemandMax":null,"Value":119535},{"Length":236,"Height":56,"Demand":11,"DemandMax":null,"Value":10243},{"Length":200,"Height":128,"Demand":13,"DemandMax":null,"Value":25016},{"Length":122,"Height":453,"Demand":26,"DemandMax":null,"Value":44912},{"Length":89,"Height":105,"Demand":15,"DemandMax":null,"Value":7254},{"Length":89,"Height":411,"Demand":22,"DemandMax":null,"Value":30667},{"Length":177,"Height":306,"Demand":10,"DemandMax":null,"Value":51666},{"Length":67,"Height":353,"Demand":1,"DemandMax":null,"Value":22921},{"Length":257,"Height":117,"Demand":6,"DemandMax":null,"Value":23640},{"Length":250,"Height":421,"Demand":18,"DemandMax":null,"Value":68717},{"Length":162,"Height":317,"Demand":5,"DemandMax":null,"Value":32400},{"Length":281,"Height":97,"Demand":9,"DemandMax":null,"Value":16802},{"Length":204,"Height":65,"Demand":11,"DemandMax":null,"Value":9137},{"Length":287,"Height":334,"Demand":16,"DemandMax":null,"Value":73799},{"Length":435,"Height":440,"Demand":1,"DemandMax":null,"Value":138154},{"Length":84,"Height":54,"Demand":23,"DemandMax":null,"Value":3454},{"Length":387,"Height":372,"Demand":20,"DemandMax":null,"Value":111036},{"Length":211,"Height":345,"Demand":26,"DemandMax":null,"Value":48033},{"Length":170,"Height":410,"Demand":6,"DemandMax":null,"Value":40211},{"Length":477,"Height":287,"Demand":8,"DemandMax":null,"Value":111896},{"Length":193,"Height":139,"Demand":12,"DemandMax":null,"Value":17466},{"Length":298,"Height":109,"Demand":4,"DemandMax":null,"Value":20945},{"Length":312,"Height":266,"Demand":16,"DemandMax":null,"Value":78781},{"Length":307,"Height":291,"Demand":28,"DemandMax":null,"Value":55221},{"Length":72,"Height":459,"Demand":1,"DemandMax":null,"Value":26347},{"Length":366,"Height":102,"Demand":2,"DemandMax":null,"Value":24475},{"Length":368,"Height":143,"Demand":12,"DemandMax":null,"Value":41298},{"Length":312,"Height":144,"Demand":27,"DemandMax":null,"Value":38650},{"Length":235,"Height":335,"Demand":12,"DemandMax":null,"Value":60387},{"Length":364,"Height":419,"Demand":25,"DemandMax":null,"Value":126613},{"Length":332,"Height":118,"Demand":4,"DemandMax":null,"Value":38798},{"Length":350,"Height":109,"Demand":23,"DemandMax":null,"Value":23329},{"Length":497,"Height":412,"Demand":3,"DemandMax":null,"Value":152012},{"Length":222,"Height":437,"Demand":12,"DemandMax":null,"Value":69661},{"Length":255,"Height":145,"Demand":28,"DemandMax":null,"Value":32623},{"Length":487,"Height":442,"Demand":5,"DemandMax":null,"Value":167410},{"Length":201,"Height":244,"Demand":29,"DemandMax":null,"Value":33907},{"Length":362,"Height":324,"Demand":15,"DemandMax":null,"Value":71229},{"Length":152,"Height":313,"Demand":15,"DemandMax":null,"Value":36567},{"Length":239,"Height":229,"Demand":3,"DemandMax":null,"Value":36582},{"Length":102,"Height":245,"Demand":20,"DemandMax":null,"Value":18359},{"Length":376,"Height":186,"Demand":24,"DemandMax":null,"Value":51667},{"Length":392,"Height":80,"Demand":30,"DemandMax":null,"Value":27234},{"Length":366,"Height":179,"Demand":22,"DemandMax":null,"Value":36121},{"Length":197,"Height":355,"Demand":23,"DemandMax":null,"Value":38016},{"Length":420,"Height":75,"Demand":6,"DemandMax":null,"Value":29103}]}