{"Name":"2B_9","Objects":[{"Length":2300,"Height":1150,"Stock":null,"Cost":2645000}],"Items":[{"Length":694,"Height":223,"Demand":10,"DemandMax":null,"Value":77518},{"Length":160,"Height":678,"Demand":5,"DemandMax":null,"Value":65286},{"Length":453,"Height":386,"Demand":6,"DemandMax":null,"Value":167793},{"Length":406,"Height":352,"Demand":9,"DemandMax":null,"Value":105792},{"Length":430,"Height":152,"Demand":7,"DemandMax":null,"Value":37872},{"Length":486,"Height":261,"Demand":6,"DemandMax":null,"Value":68434},{"Length":311,"Height":518,"Demand":6,"DemandMax":null,"Value":147020},{"Length":624,"Height":354,"Demand":5,"DemandMax":null,"Value":160072},{"Length":105,"Height":637,"Demand":1,"DemandMax":null,"Value":44890},{"Length":153,"Height":679,"Demand":4,"DemandMax":null,"Value":93940},{"Length":186,"Height":395,"Demand":10,"DemandMax":null,"Value":42302},{"Length":316,"Height":455,"Demand":4,"DemandMax":null,"Value":134122},{"Length":251,"Height":136,"Demand":6,"DemandMax":null,"Value":18581},{"Length":325,"Height":365,"Demand":9,"DemandMax":null,"Value":61584},{"Length":611,"Height":219,"Demand":2,"DemandMax":null,"Value":113087},{"Length":504,"Height":674,"Demand":9,"DemandMax":null,"Value":282045},{"Length":444,"Height":634,"Demand":10,"DemandMax":null,"Value":166576},{"Length":648,"Height":141,"Demand":3,"DemandMax":null,"Value":53720},{"Length":625,"Height":268,"Demand":2,"DemandMax":null,"Value":119484},{"Length":243,"Height":610,"Demand":10,"DemandMax":null,"Value":130110},{"Length":294,"Height":521,"Demand":7,"DemandMax":null,"Value":132526},{"Length":259,"Height":378,"Demand":7,"DemandMax":null,"Value":88499},{"Length":214,"Height":528,"Demand":2,"DemandMax":null,"Value":79669},{"Length":481,"Height":333,"Demand":4,"DemandMax":null,"Value":86094},{"Length":546,"Height":395,"Demand":8,"DemandMax":null,"Value":133409},{"Length":260,"Height":146,"Demand":7,"DemandMax":null,"Value":20220},{"Length":170,"Height":285,"Demand":2,"DemandMax":null,"Value":43196},{"Length":648,"Height":186,"Demand":2,"DemandMax":null,"Value":65395},{"Length":186,"Height":140,"Demand":3,"DemandMax":null,"Value":14668},{"Length":165,"Height":363,"Demand":7,"DemandMax":null,"Value":51440},{"Length":224,"Height":172,"Demand":4,"DemandMax":null,"Value":31288},{"Length":442,"Height":408,"Demand":7,"DemandMax":null,"Value":170262},{"Length":157,"Height":122,"Demand":5,"DemandMax":null,"Value":15098},{"Length":344,"Height":585,"Demand":10,"DemandMax":null,"Value":128447},{"Length":182,"Height":471,"Demand":6,"DemandMax":null,"Value":75540},{"Length":387,"Height":609,"Demand":10,"DemandMax":null,"Value":165637},{"Length":556,"Height":441,"Demand":1,"DemandMax":null,"Value":134489},{"Length":587,"Height":415,"Demand":7,"DemandMax":null,"Value":230230},{"Length":120,"Height":558,"Demand":6,"DemandMax":null,"Value":40798},{"Length":426,"Height":609,"Demand":3,"DemandMax":null,"Value":217843},{"Length":134,"Height":294,"Demand":5,"DemandMax":null,"Value":34461},{"Length":193,"Height":599,"Demand":9,"DemandMax":null,"Value":75746},{"Length":176,"Height":488,"Demand":8,"DemandMax":null,"Value":61362},{"Length":324,"Height":259,"Demand":9,"DemandMax":null,"Value":76572},{"Length":571,"Height":378,"Demand":10,"DemandMax":null,"Value":152681},{"Length":524,"Height":381,"Demand":7,"DemandMax":null,"Value":171008},{"Length":183,"Height":610,"Demand":4,"DemandMax":null,"Value":106557},{"Length":536,"Height":368,"Demand":6,"DemandMax":null,"Value":164188},{"Length":323,"Height":196,"Demand":1,"DemandMax":null,"Value":32188},{"Length":418,"Height":578,"Demand":8,"DemandMax":null,"Value":199749}]}