{"Name":"5C_18","Objects":[{"Length":2700,"Height":1200,"Stock":null,"Cost":3240000}],"Items":[{"Length":437,"Height":83,"Demand":14,"DemandMax":null,"Value":18265},{"Length":109,"Height":455,"Demand":15,"DemandMax":null,"Value":47524},{"Length":359,"Height":298,"Demand":4,"DemandMax":null,"Value":72663},{"Length":162,"Height":257,"Demand":27,"DemandMax":null,"Value":23640},{"Length":220,"Height":445,"Demand":5,"DemandMax":null,"Value":56624},{"Length":305,"Height":275,"Demand":27,"DemandMax":null,"Value":65007},{"Length":368,"Height":326,"Demand":28,"DemandMax":null,"Value":117231},{"Length":203,"Height":58,"Demand":11,"DemandMax":null,"Value":9568},{"Length":170,"Height":60,"Demand":14,"DemandMax":null,"Value":7918},{"Length":294,"Height":283,"Demand":15,"DemandMax":null,"Value":69756},{"Length":243,"Height":279,"Demand":18,"DemandMax":null,"Value":64673},{"Length":280,"Height":316,"Demand":11,"DemandMax":null,"Value":85747},{"Length":447,"Height":138,"Demand":4,"DemandMax":null,"Value":48497},{"Length":440,"Height":159,"Demand":23,"DemandMax":null,"Value":45677},{"Length":187,"Height":415,"Demand":18,"DemandMax":null,"Value":48962},{"Length":176,"Height":341,"Demand":18,"DemandMax":null,"Value":36996},{"Length":310,"Height":51,"Demand":11,"DemandMax":null,"Value":10895},{"Length":152,"Height":217,"Demand":16,"DemandMax":null,"Value":25394},{"Length":276,"Height":221,"Demand":11,"DemandMax":null,"Value":44027},{"Length":474,"Height":155,"Demand":3,"DemandMax":null,"Value":55946},{"Length":297,"Height":432,"Demand":8,"DemandMax":null,"Value":98958},{"Length":192,"Height":272,"Demand":27,"DemandMax":null,"Value":34460},{"Length":346,"Height":289,"Demand":13,"DemandMax":null,"Value":57689},{"Length":483,"Height":350,"Demand":13,"DemandMax":null,"Value":138175},{"Length":393,"Height":303,"Demand":16,"DemandMax":null,"Value":77528},{"Length":328,"Height":211,"Demand":22,"DemandMax":null,"Value":44626},{"Length":331,"Height":442,"Demand":15,"DemandMax":null,"Value":138879},{"Length":214,"Height":90,"Demand":3,"DemandMax":null,"Value":11905},{"Length":469,"Height":176,"Demand":8,"DemandMax":null,"Value":65807},{"Length":120,"Height":180,"Demand":24,"DemandMax":null,"Value":14161},{"Length":214,"Height":335,"Demand":20,"DemandMax":null,"Value":56261},{"Length":341,"Height":331,"Demand":6,"DemandMax":null,"Value":97100},{"Length":450,"Height":352,"Demand":4,"DemandMax":null,"Value":121503},{"Length":481,"Height":374,"Demand":7,"DemandMax":null,"Value":149342},{"Length":356,"Height":397,"Demand":13,"DemandMax":null,"Value":139969},{"Length":158,"Height":152,"Demand":24,"DemandMax":null,"Value":14686},{"Length":192,"Height":483,"Demand":11,"DemandMax":null,"Value":68845},{"Length":293,"Height":128,"Demand":25,"DemandMax":null,"Value":26930},{"Length":454,"Height":306,"Demand":26,"DemandMax":null,"Value":122571},{"Length":87,"Height":466,"Demand":26,"DemandMax":null,"Value":31531},{"Length":131,"Height":437,"Demand":9,"DemandMax":null,"Value":39579},{"Length":125,"Height":347,"Demand":4,"DemandMax":null,"Value":26342},{"Length":131,"Height":103,"Demand":21,"DemandMax":null,"Value":10371},{"Length":177,"Height":316,"Demand":29,"DemandMax":null,"Value":37385},{"Length":428,"Height":434,"Demand":2,"DemandMax":null,"Value":136464},{"Length":141,"Height":444,"Demand":2,"DemandMax":null,"Value":46250},{"Length":334,"Height":208,"Demand":27,"DemandMax":null,"Value":60331},{"Length":254,"Height":458,"Demand":2,"DemandMax":null,"Value":64139},{"Length":133,"Height":484,"Demand":17,"DemandMax":null,"Value":34992},{"Length":184,"Height":85,"Demand":22,"DemandMax":null,"Value":14450}]}