{"Name":"4A_18","Objects":[{"Length":2150,"Height":1050,"Stock":null,"Cost":2257500}],"Items":[{"Length":438,"Height":59,"Demand":1,"DemandMax":null,"Value":13044},{"Length":285,"Height":218,"Demand":1,"DemandMax":null,"Value":55571},{"Length":185,"Height":415,"Demand":5,"DemandMax":null,"Value":55375},{"Length":132,"Height":427,"Demand":1,"DemandMax":null,"Value":49604},{"Length":474,"Height":374,"Demand":5,"DemandMax":null,"Value":151697},{"Length":388,"Height":380,"Demand":4,"DemandMax":null,"Value":105132},{"Length":319,"Height":320,"Demand":5,"DemandMax":null,"Value":62983},{"Length":105,"Height":101,"Demand":1,"DemandMax":null,"Value":7854},{"Length":143,"Height":158,"Demand":4,"DemandMax":null,"Value":18595},{"Length":453,"Height":196,"Demand":1,"DemandMax":null,"Value":52108},{"Length":407,"Height":398,"Demand":4,"DemandMax":null,"Value":145746},{"Length":210,"Height":280,"Demand":3,"DemandMax":null,"Value":57932},{"Length":479,"Height":478,"Demand":1,"DemandMax":null,"Value":204621},{"Length":351,"Height":250,"Demand":1,"DemandMax":null,"Value":62509},{"Length":226,"Height":374,"Demand":4,"DemandMax":null,"Value":64063},{"Length":466,"Height":307,"Demand":5,"DemandMax":null,"Value":138174},{"Length":418,"Height":344,"Demand":3,"DemandMax":null,"Value":73353},{"Length":215,"Height":481,"Demand":2,"DemandMax":null,"Value":53506},{"Length":242,"Height":296,"Demand":2,"DemandMax":null,"Value":63913},{"Length":250,"Height":200,"Demand":5,"DemandMax":null,"Value":43824},{"Length":197,"Height":338,"Demand":3,"DemandMax":null,"Value":63374},{"Length":402,"Height":148,"Demand":1,"DemandMax":null,"Value":49331},{"Length":440,"Height":490,"Demand":4,"DemandMax":null,"Value":124082},{"Length":265,"Height":394,"Demand":3,"DemandMax":null,"Value":92526},{"Length":453,"Height":81,"Demand":1,"DemandMax":null,"Value":36650}]}