{"Name":"3C_2","Objects":[{"Length":2400,"Height":1100,"Stock":null,"Cost":2640000}],"Items":[{"Length":387,"Height":104,"Demand":16,"DemandMax":null,"Value":20290},{"Length":361,"Height":126,"Demand":20,"DemandMax":null,"Value":34676},{"Length":183,"Height":160,"Demand":22,"DemandMax":null,"Value":19842},{"Length":304,"Height":386,"Demand":5,"DemandMax":null,"Value":71199},{"Length":208,"Height":161,"Demand":23,"DemandMax":null,"Value":27114},{"Length":505,"Height":274,"Demand":6,"DemandMax":null,"Value":129257},{"Length":465,"Height":126,"Demand":22,"DemandMax":null,"Value":58567},{"Length":510,"Height":577,"Demand":13,"DemandMax":null,"Value":241688},{"Length":675,"Height":161,"Demand":7,"DemandMax":null,"Value":59520},{"Length":554,"Height":217,"Demand":18,"DemandMax":null,"Value":96950},{"Length":473,"Height":273,"Demand":2,"DemandMax":null,"Value":119972},{"Length":304,"Height":193,"Demand":11,"DemandMax":null,"Value":57294},{"Length":396,"Height":579,"Demand":25,"DemandMax":null,"Value":115128},{"Length":623,"Height":448,"Demand":23,"DemandMax":null,"Value":259611},{"Length":345,"Height":271,"Demand":11,"DemandMax":null,"Value":80013},{"Length":526,"Height":682,"Demand":13,"DemandMax":null,"Value":188896},{"Length":579,"Height":199,"Demand":16,"DemandMax":null,"Value":79549},{"Length":608,"Height":332,"Demand":3,"DemandMax":null,"Value":174101},{"Length":332,"Height":177,"Demand":21,"DemandMax":null,"Value":31091},{"Length":306,"Height":514,"Demand":8,"DemandMax":null,"Value":111674},{"Length":313,"Height":180,"Demand":24,"DemandMax":null,"Value":38725},{"Length":313,"Height":384,"Demand":20,"DemandMax":null,"Value":91137},{"Length":503,"Height":580,"Demand":14,"DemandMax":null,"Value":174201},{"Length":696,"Height":228,"Demand":21,"DemandMax":null,"Value":157855},{"Length":138,"Height":691,"Demand":28,"DemandMax":null,"Value":57418},{"Length":527,"Height":430,"Demand":20,"DemandMax":null,"Value":113526},{"Length":579,"Height":684,"Demand":6,"DemandMax":null,"Value":208243},{"Length":172,"Height":448,"Demand":2,"DemandMax":null,"Value":68081},{"Length":625,"Height":642,"Demand":4,"DemandMax":null,"Value":391025},{"Length":440,"Height":502,"Demand":16,"DemandMax":null,"Value":127488},{"Length":563,"Height":213,"Demand":3,"DemandMax":null,"Value":94553},{"Length":302,"Height":460,"Demand":7,"DemandMax":null,"Value":126140},{"Length":436,"Height":520,"Demand":16,"DemandMax":null,"Value":137245},{"Length":259,"Height":201,"Demand":27,"DemandMax":null,"Value":33683},{"Length":173,"Height":481,"Demand":12,"DemandMax":null,"Value":80408},{"Length":623,"Height":452,"Demand":28,"DemandMax":null,"Value":250400},{"Length":385,"Height":251,"Demand":10,"DemandMax":null,"Value":56767},{"Length":183,"Height":382,"Demand":17,"DemandMax":null,"Value":35959},{"Length":176,"Height":331,"Demand":21,"DemandMax":null,"Value":37916},{"Length":420,"Height":601,"Demand":21,"DemandMax":null,"Value":200140},{"Length":556,"Height":513,"Demand":11,"DemandMax":null,"Value":157490},{"Length":431,"Height":491,"Demand":11,"DemandMax":null,"Value":200913},{"Length":606,"Height":273,"Demand":4,"DemandMax":null,"Value":130515},{"Length":249,"Height":103,"Demand":18,"DemandMax":null,"Value":19429},{"Length":624,"Height":611,"Demand":16,"DemandMax":null,"Value":342232},{"Length":658,"Height":218,"Demand":21,"DemandMax":null,"Value":81281},{"Length":160,"Height":325,"Demand":18,"DemandMax":null,"Value":44727},{"Length":508,"Height":149,"Demand":20,"DemandMax":null,"Value":47211},{"Length":608,"Height":138,"Demand":4,"DemandMax":null,"Value":43104},{"Length":460,"Height":588,"Demand":26,"DemandMax":null,"Value":192639},{"Length":181,"Height":103,"Demand":24,"DemandMax":null,"Value":9854},{"Length":680,"Height":129,"Demand":26,"DemandMax":null,"Value":47545},{"Length":221,"Height":537,"Demand":20,"DemandMax":null,"Value":91394},{"Length":514,"Height":548,"Demand":24,"DemandMax":null,"Value":158497},{"Length":104,"Height":431,"Demand":12,"DemandMax":null,"Value":29512},{"Length":169,"Height":657,"Demand":17,"DemandMax":null,"Value":109776},{"Length":638,"Height":586,"Demand":30,"DemandMax":null,"Value":292447},{"Length":634,"Height":393,"Demand":19,"DemandMax":null,"Value":221525},{"Length":364,"Height":654,"Demand":10,"DemandMax":null,"Value":198617},{"Length":141,"Height":328,"Demand":9,"DemandMax":null,"Value":35441},{"Length":246,"Height":520,"Demand":18,"DemandMax":null,"Value":92301},{"Length":305,"Height":262,"Demand":3,"DemandMax":null,"Value":55048},{"Length":265,"Height":506,"Demand":25,"DemandMax":null,"Value":104297},{"Length":695,"Height":376,"Demand":29,"DemandMax":null,"Value":213820},{"Length":206,"Height":419,"Demand":21,"DemandMax":null,"Value":59145},{"Length":370,"Height":266,"Demand":28,"DemandMax":null,"Value":62956},{"Length":203,"Height":114,"Demand":1,"DemandMax":null,"Value":18496},{"Length":580,"Height":549,"Demand":1,"DemandMax":null,"Value":297483},{"Length":577,"Height":364,"Demand":9,"DemandMax":null,"Value":187136},{"Length":633,"Height":678,"Demand":19,"DemandMax":null,"Value":247561},{"Length":522,"Height":393,"Demand":10,"DemandMax":null,"Value":138860},{"Length":378,"Height":382,"Demand":2,"DemandMax":null,"Value":97651},{"Length":443,"Height":600,"Demand":9,"DemandMax":null,"Value":189472},{"Length":450,"Height":337,"Demand":13,"DemandMax":null,"Value":143914},{"Length":429,"Height":423,"Demand":29,"DemandMax":null,"Value":109466},{"Length":169,"Height":559,"Demand":28,"DemandMax":null,"Value":56859},{"Length":192,"Height":204,"Demand":7,"DemandMax":null,"Value":32240},{"Length":675,"Height":101,"Demand":26,"DemandMax":null,"Value":65040},{"Length":616,"Height":650,"Demand":3,"DemandMax":null,"Value":235985},{"Length":403,"Height":576,"Demand":6,"DemandMax":null,"Value":142421},{"Length":181,"Height":295,"Demand":22,"DemandMax":null,"Value":51094},{"Length":230,"Height":505,"Demand":30,"DemandMax":null,"Value":93951},{"Length":432,"Height":698,"Demand":21,"DemandMax":null,"Value":291883},{"Length":584,"Height":574,"Demand":10,"DemandMax":null,"Value":171751},{"Length":540,"Height":693,"Demand":1,"DemandMax":null,"Value":210979},{"Length":672,"Height":453,"Demand":13,"DemandMax":null,"Value":260719},{"Length":458,"Height":661,"Demand":2,"DemandMax":null,"Value":268087},{"Length":309,"Height":557,"Demand":12,"DemandMax":null,"Value":100459},{"Length":557,"Height":250,"Demand":24,"DemandMax":null,"Value":120199},{"Length":618,"Height":504,"Demand":13,"DemandMax":null,"Value":299709},{"Length":108,"Height":626,"Demand":7,"DemandMax":null,"Value":62507},{"Length":252,"Height":675,"Demand":17,"DemandMax":null,"Value":134930},{"Length":581,"Height":570,"Demand":22,"DemandMax":null,"Value":188250},{"Length":604,"Height":178,"Demand":29,"DemandMax":null,"Value":97224},{"Length":524,"Height":121,"Demand":4,"DemandMax":null,"Value":47301},{"Length":433,"Height":573,"Demand":6,"DemandMax":null,"Value":228691},{"Length":697,"Height":543,"Demand":26,"DemandMax":null,"Value":301141},{"Length":240,"Height":644,"Demand":13,"DemandMax":null,"Value":109681},{"Length":586,"Height":634,"Demand":26,"DemandMax":null,"Value":331936},{"Length":583,"Height":294,"Demand":3,"DemandMax":null,"Value":122736},{"Length":306,"Height":598,"Demand":3,"DemandMax":null,"Value":168834},{"Length":437,"Height":420,"Demand":6,"DemandMax":null,"Value":117399},{"Length":507,"Height":290,"Demand":9,"DemandMax":null,"Value":95296},{"Length":522,"Height":140,"Demand":16,"DemandMax":null,"Value":64689},{"Length":667,"Height":512,"Demand":8,"DemandMax":null,"Value":311999},{"Length":369,"Height":233,"Demand":18,"DemandMax":null,"Value":66931},{"Length":222,"Height":638,"Demand":10,"DemandMax":null,"Value":81763},{"Length":572,"Height":172,"Demand":3,"DemandMax":null,"Value":51045},{"Length":128,"Height":678,"Demand":27,"DemandMax":null,"Value":75970},{"Length":142,"Height":485,"Demand":26,"DemandMax":null,"Value":63832},{"Length":459,"Height":231,"Demand":9,"DemandMax":null,"Value":70482},{"Length":524,"Height":349,"Demand":26,"DemandMax":null,"Value":138509},{"Length":307,"Height":258,"Demand":1,"DemandMax":null,"Value":68185},{"Length":635,"Height":267,"Demand":21,"DemandMax":null,"Value":127941},{"Length":281,"Height":362,"Demand":4,"DemandMax":null,"Value":67719},{"Length":174,"Height":202,"Demand":27,"DemandMax":null,"Value":27790},{"Length":353,"Height":341,"Demand":11,"DemandMax":null,"Value":82423},{"Length":691,"Height":565,"Demand":6,"DemandMax":null,"Value":357429},{"Length":203,"Height":618,"Demand":26,"DemandMax":null,"Value":72203},{"Length":553,"Height":233,"Demand":4,"DemandMax":null,"Value":66200},{"Length":536,"Height":120,"Demand":23,"DemandMax":null,"Value":49398},{"Length":509,"Height":199,"Demand":25,"DemandMax":null,"Value":58397},{"Length":477,"Height":636,"Demand":20,"DemandMax":null,"Value":258843},{"Length":459,"Height":335,"Demand":25,"DemandMax":null,"Value":141308},{"Length":118,"Height":210,"Demand":2,"DemandMax":null,"Value":19231},{"Length":629,"Height":345,"Demand":2,"DemandMax":null,"Value":122794},{"Length":618,"Height":115,"Demand":19,"DemandMax":null,"Value":56207},{"Length":627,"Height":422,"Demand":5,"DemandMax":null,"Value":145572},{"Length":529,"Height":528,"Demand":18,"DemandMax":null,"Value":158273},{"Length":559,"Height":179,"Demand":2,"DemandMax":null,"Value":59224},{"Length":605,"Height":264,"Demand":29,"DemandMax":null,"Value":106837},{"Length":536,"Height":372,"Demand":29,"DemandMax":null,"Value":119546},{"Length":614,"Height":244,"Demand":11,"DemandMax":null,"Value":106781},{"Length":221,"Height":686,"Demand":19,"DemandMax":null,"Value":111674},{"Length":201,"Height":542,"Demand":24,"DemandMax":null,"Value":64075},{"Length":186,"Height":264,"Demand":28,"DemandMax":null,"Value":47822},{"Length":378,"Height":435,"Demand":30,"DemandMax":null,"Value":101367},{"Length":487,"Height":379,"Demand":20,"DemandMax":null,"Value":124912},{"Length":437,"Height":474,"Demand":29,"DemandMax":null,"Value":128286},{"Length":259,"Height":419,"Demand":5,"DemandMax":null,"Value":98587},{"Length":579,"Height":149,"Demand":14,"DemandMax":null,"Value":84491},{"Length":571,"Height":577,"Demand":25,"DemandMax":null,"Value":275226},{"Length":104,"Height":402,"Demand":2,"DemandMax":null,"Value":27617},{"Length":379,"Height":423,"Demand":10,"DemandMax":null,"Value":153462},{"Length":218,"Height":311,"Demand":11,"DemandMax":null,"Value":43705},{"Length":538,"Height":378,"Demand":4,"DemandMax":null,"Value":186542},{"Length":295,"Height":137,"Demand":18,"DemandMax":null,"Value":26005},{"Length":301,"Height":232,"Demand":1,"DemandMax":null,"Value":65432},{"Length":259,"Height":169,"Demand":13,"DemandMax":null,"Value":25272},{"Length":119,"Height":170,"Demand":7,"DemandMax":null,"Value":10752},{"Length":246,"Height":193,"Demand":19,"DemandMax":null,"Value":46457},{"Length":131,"Height":157,"Demand":16,"DemandMax":null,"Value":13443},{"Length":634,"Height":127,"Demand":2,"DemandMax":null,"Value":80339},{"Length":278,"Height":435,"Demand":23,"DemandMax":null,"Value":103235},{"Length":504,"Height":362,"Demand":10,"DemandMax":null,"Value":160605},{"Length":211,"Height":420,"Demand":8,"DemandMax":null,"Value":87638},{"Length":661,"Height":452,"Demand":5,"DemandMax":null,"Value":278881},{"Length":513,"Height":279,"Demand":23,"DemandMax":null,"Value":76082},{"Length":298,"Height":293,"Demand":14,"DemandMax":null,"Value":84110},{"Length":381,"Height":665,"Demand":27,"DemandMax":null,"Value":171232},{"Length":142,"Height":105,"Demand":30,"DemandMax":null,"Value":10531},{"Length":158,"Height":432,"Demand":18,"DemandMax":null,"Value":53719},{"Length":311,"Height":468,"Demand":11,"DemandMax":null,"Value":108991},{"Length":435,"Height":139,"Demand":24,"DemandMax":null,"Value":50804},{"Length":462,"Height":188,"Demand":26,"DemandMax":null,"Value":53837},{"Length":254,"Height":169,"Demand":26,"DemandMax":null,"Value":39372},{"Length":148,"Height":413,"Demand":11,"DemandMax":null,"Value":59512},{"Length":297,"Height":111,"Demand":26,"DemandMax":null,"Value":21012},{"Length":545,"Height":645,"Demand":29,"DemandMax":null,"Value":302900},{"Length":449,"Height":688,"Demand":17,"DemandMax":null,"Value":200283},{"Length":489,"Height":333,"Demand":16,"DemandMax":null,"Value":136926},{"Length":524,"Height":249,"Demand":16,"DemandMax":null,"Value":73250},{"Length":208,"Height":125,"Demand":7,"DemandMax":null,"Value":23091},{"Length":117,"Height":201,"Demand":13,"DemandMax":null,"Value":12827},{"Length":434,"Height":636,"Demand":22,"DemandMax":null,"Value":166805},{"Length":468,"Height":124,"Demand":30,"DemandMax":null,"Value":43855},{"Length":360,"Height":229,"Demand":22,"DemandMax":null,"Value":66405},{"Length":542,"Height":457,"Demand":19,"DemandMax":null,"Value":230417},{"Length":610,"Height":110,"Demand":20,"DemandMax":null,"Value":41997},{"Length":108,"Height":554,"Demand":18,"DemandMax":null,"Value":53982},{"Length":580,"Height":660,"Demand":1,"DemandMax":null,"Value":196885},{"Length":547,"Height":372,"Demand":6,"DemandMax":null,"Value":104120},{"Length":161,"Height":424,"Demand":20,"DemandMax":null,"Value":54453},{"Length":467,"Height":372,"Demand":30,"DemandMax":null,"Value":90056},{"Length":329,"Height":295,"Demand":14,"DemandMax":null,"Value":61308},{"Length":441,"Height":690,"Demand":1,"DemandMax":null,"Value":207223},{"Length":592,"Height":327,"Demand":25,"DemandMax":null,"Value":187525},{"Length":249,"Height":111,"Demand":11,"DemandMax":null,"Value":20424},{"Length":135,"Height":300,"Demand":26,"DemandMax":null,"Value":38783},{"Length":633,"Height":116,"Demand":30,"DemandMax":null,"Value":49571},{"Length":379,"Height":401,"Demand":2,"DemandMax":null,"Value":116611},{"Length":391,"Height":410,"Demand":6,"DemandMax":null,"Value":146144},{"Length":593,"Height":295,"Demand":28,"DemandMax":null,"Value":87625},{"Length":216,"Height":284,"Demand":24,"DemandMax":null,"Value":34434},{"Length":524,"Height":556,"Demand":2,"DemandMax":null,"Value":279545},{"Length":371,"Height":619,"Demand":2,"DemandMax":null,"Value":134151},{"Length":328,"Height":507,"Demand":16,"DemandMax":null,"Value":138122},{"Length":449,"Height":584,"Demand":10,"DemandMax":null,"Value":195732},{"Length":155,"Height":311,"Demand":29,"DemandMax":null,"Value":35399},{"Length":375,"Height":408,"Demand":21,"DemandMax":null,"Value":108812}]}