{"Name":"3C_6","Objects":[{"Length":2050,"Height":1000,"Stock":null,"Cost":2050000}],"Items":[{"Length":639,"Height":563,"Demand":30,"DemandMax":null,"Value":181361},{"Length":483,"Height":642,"Demand":7,"DemandMax":null,"Value":236390},{"Length":530,"Height":670,"Demand":19,"DemandMax":null,"Value":240633},{"Length":285,"Height":674,"Demand":12,"DemandMax":null,"Value":116551},{"Length":328,"Height":447,"Demand":26,"DemandMax":null,"Value":118711},{"Length":196,"Height":137,"Demand":2,"DemandMax":null,"Value":25084},{"Length":539,"Height":256,"Demand":6,"DemandMax":null,"Value":137929},{"Length":152,"Height":178,"Demand":30,"DemandMax":null,"Value":22221},{"Length":625,"Height":348,"Demand":16,"DemandMax":null,"Value":119122},{"Length":256,"Height":409,"Demand":21,"DemandMax":null,"Value":84439},{"Length":359,"Height":668,"Demand":30,"DemandMax":null,"Value":222807},{"Length":527,"Height":189,"Demand":17,"DemandMax":null,"Value":97264},{"Length":496,"Height":356,"Demand":15,"DemandMax":null,"Value":88663},{"Length":346,"Height":294,"Demand":7,"DemandMax":null,"Value":94619},{"Length":105,"Height":590,"Demand":30,"DemandMax":null,"Value":53017},{"Length":260,"Height":207,"Demand":11,"DemandMax":null,"Value":28340},{"Length":108,"Height":637,"Demand":26,"DemandMax":null,"Value":47497},{"Length":518,"Height":594,"Demand":2,"DemandMax":null,"Value":265384},{"Length":658,"Height":599,"Demand":13,"DemandMax":null,"Value":208534},{"Length":522,"Height":625,"Demand":7,"DemandMax":null,"Value":231642},{"Length":405,"Height":523,"Demand":4,"DemandMax":null,"Value":145588},{"Length":454,"Height":293,"Demand":17,"DemandMax":null,"Value":100866},{"Length":532,"Height":514,"Demand":27,"DemandMax":null,"Value":163279},{"Length":171,"Height":582,"Demand":10,"DemandMax":null,"Value":99000},{"Length":302,"Height":518,"Demand":5,"DemandMax":null,"Value":94195},{"Length":450,"Height":204,"Demand":14,"DemandMax":null,"Value":45990},{"Length":215,"Height":223,"Demand":12,"DemandMax":null,"Value":25210},{"Length":517,"Height":341,"Demand":13,"DemandMax":null,"Value":155763},{"Length":458,"Height":349,"Demand":10,"DemandMax":null,"Value":155769},{"Length":675,"Height":494,"Demand":3,"DemandMax":null,"Value":192461},{"Length":260,"Height":279,"Demand":12,"DemandMax":null,"Value":57196},{"Length":614,"Height":178,"Demand":11,"DemandMax":null,"Value":99237},{"Length":663,"Height":275,"Demand":18,"DemandMax":null,"Value":110370},{"Length":384,"Height":432,"Demand":24,"DemandMax":null,"Value":107333},{"Length":130,"Height":631,"Demand":4,"DemandMax":null,"Value":79265},{"Length":507,"Height":675,"Demand":19,"DemandMax":null,"Value":304313},{"Length":388,"Height":574,"Demand":8,"DemandMax":null,"Value":130829},{"Length":243,"Height":609,"Demand":14,"DemandMax":null,"Value":76123},{"Length":285,"Height":344,"Demand":30,"DemandMax":null,"Value":63810},{"Length":139,"Height":623,"Demand":10,"DemandMax":null,"Value":68662},{"Length":340,"Height":421,"Demand":2,"DemandMax":null,"Value":79036},{"Length":446,"Height":364,"Demand":11,"DemandMax":null,"Value":154129},{"Length":111,"Height":295,"Demand":28,"DemandMax":null,"Value":25833},{"Length":539,"Height":407,"Demand":23,"DemandMax":null,"Value":166188},{"Length":157,"Height":692,"Demand":25,"DemandMax":null,"Value":97522},{"Length":186,"Height":263,"Demand":20,"DemandMax":null,"Value":27719},{"Length":184,"Height":307,"Demand":11,"DemandMax":null,"Value":48587},{"Length":417,"Height":494,"Demand":6,"DemandMax":null,"Value":128485},{"Length":309,"Height":492,"Demand":21,"DemandMax":null,"Value":78102},{"Length":155,"Height":582,"Demand":13,"DemandMax":null,"Value":64249},{"Length":248,"Height":484,"Demand":2,"DemandMax":null,"Value":63447},{"Length":183,"Height":492,"Demand":9,"DemandMax":null,"Value":48800},{"Length":320,"Height":342,"Demand":16,"DemandMax":null,"Value":84280},{"Length":426,"Height":223,"Demand":21,"DemandMax":null,"Value":53455},{"Length":233,"Height":621,"Demand":9,"DemandMax":null,"Value":95267},{"Length":497,"Height":391,"Demand":13,"DemandMax":null,"Value":192127},{"Length":179,"Height":633,"Demand":23,"DemandMax":null,"Value":88631},{"Length":212,"Height":226,"Demand":5,"DemandMax":null,"Value":42598},{"Length":464,"Height":263,"Demand":14,"DemandMax":null,"Value":101815},{"Length":190,"Height":473,"Demand":12,"DemandMax":null,"Value":68869},{"Length":670,"Height":474,"Demand":21,"DemandMax":null,"Value":229150},{"Length":246,"Height":101,"Demand":14,"DemandMax":null,"Value":17116},{"Length":595,"Height":470,"Demand":27,"DemandMax":null,"Value":217515},{"Length":452,"Height":285,"Demand":29,"DemandMax":null,"Value":105405},{"Length":469,"Height":545,"Demand":21,"DemandMax":null,"Value":175149},{"Length":461,"Height":140,"Demand":12,"DemandMax":null,"Value":41284},{"Length":636,"Height":265,"Demand":29,"DemandMax":null,"Value":134705},{"Length":320,"Height":370,"Demand":13,"DemandMax":null,"Value":110615},{"Length":154,"Height":684,"Demand":20,"DemandMax":null,"Value":93855},{"Length":341,"Height":339,"Demand":25,"DemandMax":null,"Value":66681},{"Length":577,"Height":232,"Demand":22,"DemandMax":null,"Value":90611},{"Length":588,"Height":547,"Demand":30,"DemandMax":null,"Value":217514},{"Length":165,"Height":613,"Demand":30,"DemandMax":null,"Value":72100},{"Length":614,"Height":687,"Demand":28,"DemandMax":null,"Value":400300},{"Length":199,"Height":233,"Demand":29,"DemandMax":null,"Value":27970},{"Length":539,"Height":240,"Demand":3,"DemandMax":null,"Value":77858},{"Length":467,"Height":535,"Demand":6,"DemandMax":null,"Value":205651},{"Length":436,"Height":658,"Demand":17,"DemandMax":null,"Value":273694},{"Length":370,"Height":111,"Demand":16,"DemandMax":null,"Value":24206},{"Length":439,"Height":641,"Demand":1,"DemandMax":null,"Value":172651},{"Length":351,"Height":410,"Demand":16,"DemandMax":null,"Value":137709},{"Length":168,"Height":246,"Demand":10,"DemandMax":null,"Value":33429},{"Length":215,"Height":547,"Demand":6,"DemandMax":null,"Value":113840},{"Length":199,"Height":411,"Demand":12,"DemandMax":null,"Value":41905},{"Length":122,"Height":642,"Demand":29,"DemandMax":null,"Value":44158},{"Length":282,"Height":397,"Demand":23,"DemandMax":null,"Value":95884},{"Length":459,"Height":346,"Demand":10,"DemandMax":null,"Value":140636},{"Length":527,"Height":302,"Demand":30,"DemandMax":null,"Value":92895},{"Length":115,"Height":574,"Demand":25,"DemandMax":null,"Value":56979},{"Length":485,"Height":375,"Demand":20,"DemandMax":null,"Value":175006},{"Length":127,"Height":514,"Demand":16,"DemandMax":null,"Value":60352},{"Length":592,"Height":601,"Demand":1,"DemandMax":null,"Value":282227},{"Length":589,"Height":539,"Demand":7,"DemandMax":null,"Value":180463},{"Length":427,"Height":110,"Demand":3,"DemandMax":null,"Value":42475},{"Length":511,"Height":595,"Demand":16,"DemandMax":null,"Value":226825},{"Length":309,"Height":186,"Demand":17,"DemandMax":null,"Value":52976},{"Length":329,"Height":257,"Demand":15,"DemandMax":null,"Value":67277},{"Length":651,"Height":260,"Demand":17,"DemandMax":null,"Value":120112},{"Length":580,"Height":643,"Demand":28,"DemandMax":null,"Value":333201},{"Length":677,"Height":295,"Demand":11,"DemandMax":null,"Value":143010},{"Length":516,"Height":519,"Demand":13,"DemandMax":null,"Value":247090},{"Length":366,"Height":252,"Demand":9,"DemandMax":null,"Value":58995},{"Length":138,"Height":292,"Demand":11,"DemandMax":null,"Value":26117},{"Length":682,"Height":189,"Demand":16,"DemandMax":null,"Value":114097},{"Length":301,"Height":359,"Demand":26,"DemandMax":null,"Value":98723},{"Length":309,"Height":226,"Demand":29,"DemandMax":null,"Value":54364},{"Length":321,"Height":491,"Demand":19,"DemandMax":null,"Value":90985},{"Length":379,"Height":416,"Demand":13,"DemandMax":null,"Value":81801},{"Length":221,"Height":250,"Demand":12,"DemandMax":null,"Value":48365},{"Length":657,"Height":534,"Demand":26,"DemandMax":null,"Value":325173},{"Length":328,"Height":582,"Demand":1,"DemandMax":null,"Value":126896},{"Length":282,"Height":255,"Demand":9,"DemandMax":null,"Value":54464},{"Length":513,"Height":524,"Demand":15,"DemandMax":null,"Value":231407},{"Length":469,"Height":537,"Demand":24,"DemandMax":null,"Value":190052},{"Length":374,"Height":481,"Demand":5,"DemandMax":null,"Value":119761},{"Length":670,"Height":255,"Demand":26,"DemandMax":null,"Value":135081},{"Length":260,"Height":159,"Demand":28,"DemandMax":null,"Value":28307},{"Length":619,"Height":549,"Demand":22,"DemandMax":null,"Value":311119},{"Length":165,"Height":631,"Demand":17,"DemandMax":null,"Value":59922},{"Length":542,"Height":640,"Demand":16,"DemandMax":null,"Value":178220},{"Length":619,"Height":120,"Demand":7,"DemandMax":null,"Value":57047},{"Length":490,"Height":259,"Demand":18,"DemandMax":null,"Value":73167},{"Length":488,"Height":503,"Demand":1,"DemandMax":null,"Value":209435},{"Length":420,"Height":486,"Demand":8,"DemandMax":null,"Value":187584},{"Length":669,"Height":206,"Demand":8,"DemandMax":null,"Value":106953},{"Length":602,"Height":484,"Demand":3,"DemandMax":null,"Value":164873},{"Length":208,"Height":306,"Demand":3,"DemandMax":null,"Value":50337},{"Length":338,"Height":469,"Demand":29,"DemandMax":null,"Value":87214},{"Length":530,"Height":192,"Demand":30,"DemandMax":null,"Value":57663},{"Length":239,"Height":403,"Demand":22,"DemandMax":null,"Value":57008},{"Length":463,"Height":680,"Demand":26,"DemandMax":null,"Value":210598},{"Length":224,"Height":254,"Demand":13,"DemandMax":null,"Value":34112},{"Length":285,"Height":215,"Demand":5,"DemandMax":null,"Value":43673},{"Length":438,"Height":695,"Demand":16,"DemandMax":null,"Value":224231},{"Length":558,"Height":236,"Demand":4,"DemandMax":null,"Value":77453},{"Length":598,"Height":557,"Demand":9,"DemandMax":null,"Value":324390},{"Length":367,"Height":388,"Demand":26,"DemandMax":null,"Value":87783},{"Length":227,"Height":548,"Demand":5,"DemandMax":null,"Value":84187},{"Length":346,"Height":118,"Demand":7,"DemandMax":null,"Value":25286},{"Length":605,"Height":332,"Demand":25,"DemandMax":null,"Value":182473},{"Length":334,"Height":595,"Demand":11,"DemandMax":null,"Value":194630},{"Length":655,"Height":166,"Demand":28,"DemandMax":null,"Value":90830},{"Length":192,"Height":446,"Demand":28,"DemandMax":null,"Value":56566},{"Length":296,"Height":309,"Demand":4,"DemandMax":null,"Value":87553},{"Length":493,"Height":461,"Demand":10,"DemandMax":null,"Value":146510},{"Length":313,"Height":328,"Demand":23,"DemandMax":null,"Value":94172},{"Length":111,"Height":223,"Demand":6,"DemandMax":null,"Value":15927},{"Length":590,"Height":361,"Demand":6,"DemandMax":null,"Value":199570},{"Length":305,"Height":427,"Demand":30,"DemandMax":null,"Value":75195},{"Length":478,"Height":436,"Demand":28,"DemandMax":null,"Value":110768},{"Length":577,"Height":562,"Demand":30,"DemandMax":null,"Value":317302},{"Length":615,"Height":694,"Demand":7,"DemandMax":null,"Value":278963},{"Length":419,"Height":348,"Demand":16,"DemandMax":null,"Value":145487},{"Length":592,"Height":402,"Demand":19,"DemandMax":null,"Value":203162},{"Length":600,"Height":604,"Demand":9,"DemandMax":null,"Value":319012},{"Length":266,"Height":362,"Demand":10,"DemandMax":null,"Value":95225},{"Length":486,"Height":129,"Demand":11,"DemandMax":null,"Value":58520},{"Length":399,"Height":609,"Demand":5,"DemandMax":null,"Value":129167},{"Length":353,"Height":401,"Demand":27,"DemandMax":null,"Value":136358},{"Length":487,"Height":693,"Demand":21,"DemandMax":null,"Value":228087},{"Length":181,"Height":622,"Demand":21,"DemandMax":null,"Value":79519},{"Length":251,"Height":500,"Demand":13,"DemandMax":null,"Value":98772},{"Length":354,"Height":135,"Demand":14,"DemandMax":null,"Value":35787},{"Length":102,"Height":522,"Demand":22,"DemandMax":null,"Value":44737},{"Length":390,"Height":298,"Demand":15,"DemandMax":null,"Value":72039},{"Length":320,"Height":231,"Demand":20,"DemandMax":null,"Value":67800},{"Length":298,"Height":324,"Demand":24,"DemandMax":null,"Value":94006},{"Length":308,"Height":426,"Demand":12,"DemandMax":null,"Value":83627},{"Length":600,"Height":319,"Demand":27,"DemandMax":null,"Value":164925},{"Length":403,"Height":537,"Demand":3,"DemandMax":null,"Value":140310},{"Length":312,"Height":209,"Demand":4,"DemandMax":null,"Value":54832},{"Length":655,"Height":454,"Demand":20,"DemandMax":null,"Value":166944},{"Length":240,"Height":322,"Demand":6,"DemandMax":null,"Value":68633},{"Length":480,"Height":447,"Demand":22,"DemandMax":null,"Value":117027},{"Length":564,"Height":171,"Demand":21,"DemandMax":null,"Value":58282},{"Length":627,"Height":148,"Demand":16,"DemandMax":null,"Value":70126},{"Length":609,"Height":539,"Demand":12,"DemandMax":null,"Value":264403},{"Length":698,"Height":606,"Demand":9,"DemandMax":null,"Value":393485},{"Length":179,"Height":554,"Demand":12,"DemandMax":null,"Value":62067},{"Length":247,"Height":338,"Demand":8,"DemandMax":null,"Value":75324},{"Length":144,"Height":370,"Demand":29,"DemandMax":null,"Value":27403},{"Length":347,"Height":430,"Demand":12,"DemandMax":null,"Value":76349},{"Length":389,"Height":370,"Demand":3,"DemandMax":null,"Value":114810},{"Length":615,"Height":526,"Demand":5,"DemandMax":null,"Value":167693},{"Length":661,"Height":625,"Demand":26,"DemandMax":null,"Value":260966},{"Length":501,"Height":450,"Demand":11,"DemandMax":null,"Value":153533},{"Length":283,"Height":233,"Demand":17,"DemandMax":null,"Value":63875},{"Length":216,"Height":327,"Demand":24,"DemandMax":null,"Value":52194},{"Length":531,"Height":159,"Demand":6,"DemandMax":null,"Value":80849},{"Length":288,"Height":488,"Demand":14,"DemandMax":null,"Value":94881},{"Length":281,"Height":422,"Demand":15,"DemandMax":null,"Value":90986},{"Length":497,"Height":586,"Demand":3,"DemandMax":null,"Value":265506},{"Length":208,"Height":115,"Demand":27,"DemandMax":null,"Value":11982},{"Length":457,"Height":200,"Demand":7,"DemandMax":null,"Value":51305},{"Length":494,"Height":211,"Demand":8,"DemandMax":null,"Value":100013},{"Length":345,"Height":640,"Demand":23,"DemandMax":null,"Value":128981},{"Length":277,"Height":493,"Demand":8,"DemandMax":null,"Value":113424},{"Length":619,"Height":444,"Demand":14,"DemandMax":null,"Value":205152},{"Length":685,"Height":157,"Demand":14,"DemandMax":null,"Value":78976},{"Length":175,"Height":541,"Demand":23,"DemandMax":null,"Value":67332}]}