{"Name":"1C_18","Objects":[{"Length":2350,"Height":1200,"Stock":null,"Cost":2820000}],"Items":[{"Length":408,"Height":496,"Demand":26,"DemandMax":null,"Value":101857},{"Length":294,"Height":541,"Demand":1,"DemandMax":null,"Value":101509},{"Length":597,"Height":306,"Demand":2,"DemandMax":null,"Value":149119},{"Length":213,"Height":395,"Demand":4,"DemandMax":null,"Value":61581},{"Length":671,"Height":223,"Demand":18,"DemandMax":null,"Value":118427},{"Length":242,"Height":606,"Demand":1,"DemandMax":null,"Value":143054},{"Length":598,"Height":306,"Demand":1,"DemandMax":null,"Value":135360},{"Length":532,"Height":612,"Demand":28,"DemandMax":null,"Value":174502},{"Length":395,"Height":129,"Demand":4,"DemandMax":null,"Value":26320},{"Length":692,"Height":396,"Demand":22,"DemandMax":null,"Value":221265},{"Length":194,"Height":665,"Demand":11,"DemandMax":null,"Value":124520},{"Length":649,"Height":191,"Demand":8,"DemandMax":null,"Value":119714},{"Length":493,"Height":500,"Demand":20,"DemandMax":null,"Value":147188},{"Length":353,"Height":537,"Demand":20,"DemandMax":null,"Value":168810},{"Length":432,"Height":155,"Demand":25,"DemandMax":null,"Value":62794},{"Length":209,"Height":560,"Demand":28,"DemandMax":null,"Value":92889},{"Length":576,"Height":518,"Demand":8,"DemandMax":null,"Value":191863},{"Length":264,"Height":577,"Demand":17,"DemandMax":null,"Value":131634},{"Length":678,"Height":138,"Demand":14,"DemandMax":null,"Value":54466},{"Length":566,"Height":335,"Demand":9,"DemandMax":null,"Value":183297},{"Length":321,"Height":138,"Demand":1,"DemandMax":null,"Value":39884},{"Length":669,"Height":350,"Demand":27,"DemandMax":null,"Value":229173},{"Length":268,"Height":532,"Demand":12,"DemandMax":null,"Value":132794},{"Length":208,"Height":586,"Demand":7,"DemandMax":null,"Value":95340},{"Length":681,"Height":562,"Demand":22,"DemandMax":null,"Value":205500}]}