{"Name":"4A_14","Objects":[{"Length":2000,"Height":1300,"Stock":null,"Cost":2600000}],"Items":[{"Length":88,"Height":83,"Demand":2,"DemandMax":null,"Value":3687},{"Length":150,"Height":280,"Demand":1,"DemandMax":null,"Value":37566},{"Length":382,"Height":269,"Demand":1,"DemandMax":null,"Value":74115},{"Length":179,"Height":320,"Demand":3,"DemandMax":null,"Value":50410},{"Length":130,"Height":460,"Demand":1,"DemandMax":null,"Value":51171},{"Length":474,"Height":137,"Demand":3,"DemandMax":null,"Value":46304},{"Length":365,"Height":358,"Demand":4,"DemandMax":null,"Value":80622},{"Length":362,"Height":373,"Demand":3,"DemandMax":null,"Value":100005},{"Length":120,"Height":61,"Demand":5,"DemandMax":null,"Value":6024},{"Length":145,"Height":326,"Demand":1,"DemandMax":null,"Value":27742},{"Length":475,"Height":347,"Demand":1,"DemandMax":null,"Value":148301},{"Length":433,"Height":315,"Demand":4,"DemandMax":null,"Value":134382},{"Length":440,"Height":295,"Demand":3,"DemandMax":null,"Value":116001},{"Length":483,"Height":101,"Demand":4,"DemandMax":null,"Value":34750},{"Length":374,"Height":335,"Demand":1,"DemandMax":null,"Value":94961},{"Length":226,"Height":169,"Demand":4,"DemandMax":null,"Value":36889},{"Length":401,"Height":340,"Demand":3,"DemandMax":null,"Value":69551},{"Length":150,"Height":343,"Demand":2,"DemandMax":null,"Value":26620},{"Length":117,"Height":421,"Demand":1,"DemandMax":null,"Value":43949},{"Length":430,"Height":208,"Demand":3,"DemandMax":null,"Value":78392},{"Length":108,"Height":159,"Demand":4,"DemandMax":null,"Value":16344},{"Length":183,"Height":410,"Demand":2,"DemandMax":null,"Value":62211},{"Length":416,"Height":62,"Demand":4,"DemandMax":null,"Value":14844},{"Length":263,"Height":223,"Demand":3,"DemandMax":null,"Value":51974},{"Length":305,"Height":256,"Demand":5,"DemandMax":null,"Value":77989}]}