{"Name":"5A_16","Objects":[{"Length":2950,"Height":1400,"Stock":null,"Cost":4130000}],"Items":[{"Length":421,"Height":368,"Demand":2,"DemandMax":null,"Value":77894},{"Length":144,"Height":475,"Demand":1,"DemandMax":null,"Value":57055},{"Length":54,"Height":64,"Demand":4,"DemandMax":null,"Value":2826},{"Length":375,"Height":229,"Demand":3,"DemandMax":null,"Value":59509},{"Length":428,"Height":438,"Demand":5,"DemandMax":null,"Value":105014},{"Length":235,"Height":473,"Demand":1,"DemandMax":null,"Value":90744},{"Length":199,"Height":171,"Demand":5,"DemandMax":null,"Value":24409},{"Length":476,"Height":111,"Demand":2,"DemandMax":null,"Value":27860},{"Length":350,"Height":435,"Demand":3,"DemandMax":null,"Value":113445},{"Length":165,"Height":327,"Demand":1,"DemandMax":null,"Value":45289},{"Length":239,"Height":246,"Demand":5,"DemandMax":null,"Value":58207},{"Length":85,"Height":326,"Demand":5,"DemandMax":null,"Value":26557},{"Length":184,"Height":427,"Demand":2,"DemandMax":null,"Value":69233},{"Length":326,"Height":219,"Demand":3,"DemandMax":null,"Value":43784},{"Length":311,"Height":149,"Demand":2,"DemandMax":null,"Value":33035},{"Length":472,"Height":288,"Demand":5,"DemandMax":null,"Value":120101},{"Length":304,"Height":469,"Demand":4,"DemandMax":null,"Value":91495},{"Length":340,"Height":346,"Demand":4,"DemandMax":null,"Value":90764},{"Length":447,"Height":223,"Demand":3,"DemandMax":null,"Value":77238},{"Length":124,"Height":428,"Demand":3,"DemandMax":null,"Value":27499},{"Length":285,"Height":490,"Demand":4,"DemandMax":null,"Value":137457},{"Length":384,"Height":195,"Demand":5,"DemandMax":null,"Value":65918},{"Length":482,"Height":380,"Demand":4,"DemandMax":null,"Value":166897},{"Length":463,"Height":298,"Demand":2,"DemandMax":null,"Value":83447},{"Length":52,"Height":176,"Demand":5,"DemandMax":null,"Value":5362},{"Length":57,"Height":63,"Demand":4,"DemandMax":null,"Value":3393},{"Length":133,"Height":74,"Demand":5,"DemandMax":null,"Value":7352},{"Length":273,"Height":252,"Demand":3,"DemandMax":null,"Value":40984},{"Length":206,"Height":277,"Demand":2,"DemandMax":null,"Value":48933},{"Length":152,"Height":124,"Demand":4,"DemandMax":null,"Value":12794},{"Length":259,"Height":278,"Demand":5,"DemandMax":null,"Value":39753},{"Length":87,"Height":309,"Demand":5,"DemandMax":null,"Value":18816},{"Length":419,"Height":234,"Demand":5,"DemandMax":null,"Value":84903},{"Length":322,"Height":188,"Demand":2,"DemandMax":null,"Value":33361},{"Length":253,"Height":208,"Demand":1,"DemandMax":null,"Value":34822},{"Length":145,"Height":371,"Demand":3,"DemandMax":null,"Value":50291},{"Length":424,"Height":284,"Demand":1,"DemandMax":null,"Value":89166},{"Length":234,"Height":401,"Demand":5,"DemandMax":null,"Value":82379},{"Length":256,"Height":224,"Demand":3,"DemandMax":null,"Value":43832},{"Length":123,"Height":340,"Demand":3,"DemandMax":null,"Value":23999},{"Length":216,"Height":255,"Demand":3,"DemandMax":null,"Value":49233},{"Length":353,"Height":201,"Demand":4,"DemandMax":null,"Value":69063},{"Length":434,"Height":70,"Demand":3,"DemandMax":null,"Value":15549},{"Length":461,"Height":272,"Demand":4,"DemandMax":null,"Value":78946},{"Length":400,"Height":59,"Demand":1,"DemandMax":null,"Value":14962},{"Length":68,"Height":264,"Demand":5,"DemandMax":null,"Value":11229},{"Length":141,"Height":296,"Demand":4,"DemandMax":null,"Value":27262},{"Length":415,"Height":471,"Demand":1,"DemandMax":null,"Value":149383},{"Length":214,"Height":389,"Demand":3,"DemandMax":null,"Value":82926},{"Length":76,"Height":259,"Demand":2,"DemandMax":null,"Value":17984}]}