{"Name":"2B_2","Objects":[{"Length":2200,"Height":1200,"Stock":null,"Cost":2640000}],"Items":[{"Length":199,"Height":217,"Demand":8,"DemandMax":null,"Value":21630},{"Length":331,"Height":222,"Demand":4,"DemandMax":null,"Value":44223},{"Length":476,"Height":287,"Demand":1,"DemandMax":null,"Value":131092},{"Length":557,"Height":512,"Demand":2,"DemandMax":null,"Value":211109},{"Length":454,"Height":501,"Demand":8,"DemandMax":null,"Value":131796},{"Length":374,"Height":261,"Demand":4,"DemandMax":null,"Value":52663},{"Length":180,"Height":528,"Demand":1,"DemandMax":null,"Value":86734},{"Length":577,"Height":411,"Demand":1,"DemandMax":null,"Value":171848},{"Length":499,"Height":449,"Demand":1,"DemandMax":null,"Value":150371},{"Length":219,"Height":572,"Demand":1,"DemandMax":null,"Value":113273},{"Length":433,"Height":686,"Demand":8,"DemandMax":null,"Value":171028},{"Length":684,"Height":412,"Demand":1,"DemandMax":null,"Value":262879},{"Length":505,"Height":396,"Demand":7,"DemandMax":null,"Value":108852},{"Length":657,"Height":355,"Demand":6,"DemandMax":null,"Value":121084},{"Length":636,"Height":430,"Demand":1,"DemandMax":null,"Value":231127},{"Length":633,"Height":375,"Demand":9,"DemandMax":null,"Value":197089},{"Length":417,"Height":255,"Demand":5,"DemandMax":null,"Value":62924},{"Length":318,"Height":499,"Demand":10,"DemandMax":null,"Value":93298},{"Length":222,"Height":327,"Demand":4,"DemandMax":null,"Value":51784},{"Length":286,"Height":630,"Demand":7,"DemandMax":null,"Value":158154},{"Length":489,"Height":467,"Demand":3,"DemandMax":null,"Value":197580},{"Length":432,"Height":499,"Demand":4,"DemandMax":null,"Value":194864},{"Length":623,"Height":337,"Demand":4,"DemandMax":null,"Value":148033},{"Length":664,"Height":246,"Demand":10,"DemandMax":null,"Value":87799},{"Length":592,"Height":662,"Demand":3,"DemandMax":null,"Value":242424},{"Length":681,"Height":442,"Demand":9,"DemandMax":null,"Value":160330},{"Length":405,"Height":544,"Demand":1,"DemandMax":null,"Value":196427},{"Length":331,"Height":632,"Demand":3,"DemandMax":null,"Value":113502},{"Length":341,"Height":337,"Demand":6,"DemandMax":null,"Value":64730},{"Length":395,"Height":571,"Demand":6,"DemandMax":null,"Value":193706},{"Length":151,"Height":142,"Demand":7,"DemandMax":null,"Value":17413},{"Length":325,"Height":540,"Demand":5,"DemandMax":null,"Value":165696},{"Length":581,"Height":121,"Demand":6,"DemandMax":null,"Value":55416},{"Length":469,"Height":239,"Demand":9,"DemandMax":null,"Value":71545},{"Length":384,"Height":643,"Demand":4,"DemandMax":null,"Value":217584},{"Length":549,"Height":633,"Demand":5,"DemandMax":null,"Value":244233},{"Length":477,"Height":148,"Demand":3,"DemandMax":null,"Value":38721},{"Length":468,"Height":183,"Demand":1,"DemandMax":null,"Value":80942},{"Length":132,"Height":326,"Demand":4,"DemandMax":null,"Value":26219},{"Length":256,"Height":691,"Demand":5,"DemandMax":null,"Value":148537},{"Length":355,"Height":109,"Demand":8,"DemandMax":null,"Value":33847},{"Length":681,"Height":330,"Demand":6,"DemandMax":null,"Value":147244},{"Length":430,"Height":297,"Demand":10,"DemandMax":null,"Value":91241},{"Length":525,"Height":424,"Demand":8,"DemandMax":null,"Value":203120},{"Length":328,"Height":492,"Demand":5,"DemandMax":null,"Value":114156},{"Length":609,"Height":661,"Demand":7,"DemandMax":null,"Value":344809},{"Length":543,"Height":184,"Demand":6,"DemandMax":null,"Value":95372},{"Length":365,"Height":158,"Demand":6,"DemandMax":null,"Value":48004},{"Length":667,"Height":598,"Demand":3,"DemandMax":null,"Value":202799},{"Length":642,"Height":337,"Demand":5,"DemandMax":null,"Value":178873}]}