{"Name":"3A_13","Objects":[{"Length":2750,"Height":1450,"Stock":null,"Cost":3987500}],"Items":[{"Length":508,"Height":436,"Demand":2,"DemandMax":null,"Value":111569},{"Length":606,"Height":306,"Demand":2,"DemandMax":null,"Value":176217},{"Length":627,"Height":428,"Demand":3,"DemandMax":null,"Value":267545},{"Length":529,"Height":363,"Demand":5,"DemandMax":null,"Value":128530},{"Length":297,"Height":243,"Demand":5,"DemandMax":null,"Value":39734},{"Length":581,"Height":688,"Demand":1,"DemandMax":null,"Value":381661},{"Length":623,"Height":196,"Demand":4,"DemandMax":null,"Value":75666},{"Length":338,"Height":365,"Demand":2,"DemandMax":null,"Value":83724},{"Length":411,"Height":406,"Demand":1,"DemandMax":null,"Value":88790},{"Length":618,"Height":658,"Demand":1,"DemandMax":null,"Value":226479},{"Length":565,"Height":219,"Demand":1,"DemandMax":null,"Value":117195},{"Length":379,"Height":154,"Demand":2,"DemandMax":null,"Value":56681},{"Length":610,"Height":683,"Demand":4,"DemandMax":null,"Value":333144},{"Length":479,"Height":220,"Demand":2,"DemandMax":null,"Value":95931},{"Length":148,"Height":558,"Demand":1,"DemandMax":null,"Value":53414},{"Length":124,"Height":238,"Demand":5,"DemandMax":null,"Value":26859},{"Length":514,"Height":203,"Demand":2,"DemandMax":null,"Value":95653},{"Length":288,"Height":349,"Demand":4,"DemandMax":null,"Value":61646},{"Length":539,"Height":504,"Demand":5,"DemandMax":null,"Value":218849},{"Length":159,"Height":594,"Demand":4,"DemandMax":null,"Value":79180},{"Length":198,"Height":353,"Demand":1,"DemandMax":null,"Value":55485},{"Length":632,"Height":407,"Demand":3,"DemandMax":null,"Value":223402},{"Length":243,"Height":102,"Demand":2,"DemandMax":null,"Value":18943},{"Length":272,"Height":402,"Demand":1,"DemandMax":null,"Value":69812},{"Length":288,"Height":581,"Demand":5,"DemandMax":null,"Value":137133},{"Length":541,"Height":610,"Demand":2,"DemandMax":null,"Value":214848},{"Length":340,"Height":327,"Demand":4,"DemandMax":null,"Value":102806},{"Length":610,"Height":564,"Demand":5,"DemandMax":null,"Value":300115},{"Length":691,"Height":185,"Demand":5,"DemandMax":null,"Value":96474},{"Length":182,"Height":330,"Demand":5,"DemandMax":null,"Value":35361},{"Length":379,"Height":152,"Demand":4,"DemandMax":null,"Value":53123},{"Length":271,"Height":587,"Demand":1,"DemandMax":null,"Value":131689},{"Length":363,"Height":263,"Demand":1,"DemandMax":null,"Value":86379},{"Length":414,"Height":130,"Demand":5,"DemandMax":null,"Value":27312},{"Length":690,"Height":420,"Demand":3,"DemandMax":null,"Value":232414},{"Length":656,"Height":246,"Demand":3,"DemandMax":null,"Value":88900},{"Length":253,"Height":283,"Demand":3,"DemandMax":null,"Value":59892},{"Length":648,"Height":128,"Demand":2,"DemandMax":null,"Value":70033},{"Length":174,"Height":131,"Demand":1,"DemandMax":null,"Value":13492},{"Length":148,"Height":591,"Demand":5,"DemandMax":null,"Value":60436},{"Length":422,"Height":243,"Demand":3,"DemandMax":null,"Value":67004},{"Length":354,"Height":174,"Demand":2,"DemandMax":null,"Value":54354},{"Length":563,"Height":475,"Demand":4,"DemandMax":null,"Value":243496},{"Length":635,"Height":327,"Demand":3,"DemandMax":null,"Value":153277},{"Length":670,"Height":506,"Demand":1,"DemandMax":null,"Value":202494},{"Length":258,"Height":448,"Demand":4,"DemandMax":null,"Value":58949},{"Length":196,"Height":418,"Demand":5,"DemandMax":null,"Value":41170},{"Length":446,"Height":123,"Demand":4,"DemandMax":null,"Value":53771},{"Length":481,"Height":651,"Demand":5,"DemandMax":null,"Value":310006},{"Length":181,"Height":163,"Demand":4,"DemandMax":null,"Value":28237},{"Length":285,"Height":377,"Demand":3,"DemandMax":null,"Value":90394},{"Length":218,"Height":683,"Demand":2,"DemandMax":null,"Value":112692},{"Length":413,"Height":231,"Demand":5,"DemandMax":null,"Value":74597},{"Length":349,"Height":167,"Demand":5,"DemandMax":null,"Value":41536},{"Length":153,"Height":174,"Demand":5,"DemandMax":null,"Value":18356},{"Length":470,"Height":526,"Demand":1,"DemandMax":null,"Value":207904},{"Length":142,"Height":402,"Demand":3,"DemandMax":null,"Value":41233},{"Length":135,"Height":543,"Demand":5,"DemandMax":null,"Value":42215},{"Length":197,"Height":624,"Demand":2,"DemandMax":null,"Value":93229},{"Length":589,"Height":329,"Demand":4,"DemandMax":null,"Value":101338},{"Length":685,"Height":280,"Demand":1,"DemandMax":null,"Value":176016},{"Length":455,"Height":194,"Demand":3,"DemandMax":null,"Value":48020},{"Length":449,"Height":342,"Demand":3,"DemandMax":null,"Value":131476},{"Length":212,"Height":561,"Demand":2,"DemandMax":null,"Value":86576},{"Length":622,"Height":216,"Demand":3,"DemandMax":null,"Value":106561},{"Length":191,"Height":316,"Demand":3,"DemandMax":null,"Value":59783},{"Length":310,"Height":113,"Demand":5,"DemandMax":null,"Value":23348},{"Length":110,"Height":457,"Demand":3,"DemandMax":null,"Value":37354},{"Length":428,"Height":433,"Demand":1,"DemandMax":null,"Value":133947},{"Length":655,"Height":141,"Demand":1,"DemandMax":null,"Value":77221},{"Length":516,"Height":428,"Demand":1,"DemandMax":null,"Value":120891},{"Length":552,"Height":685,"Demand":5,"DemandMax":null,"Value":334015},{"Length":549,"Height":617,"Demand":3,"DemandMax":null,"Value":286161},{"Length":656,"Height":655,"Demand":1,"DemandMax":null,"Value":286405},{"Length":318,"Height":309,"Demand":1,"DemandMax":null,"Value":97386},{"Length":259,"Height":335,"Demand":4,"DemandMax":null,"Value":58492},{"Length":116,"Height":311,"Demand":2,"DemandMax":null,"Value":29822},{"Length":409,"Height":475,"Demand":3,"DemandMax":null,"Value":194124},{"Length":526,"Height":450,"Demand":5,"DemandMax":null,"Value":150539},{"Length":530,"Height":185,"Demand":5,"DemandMax":null,"Value":86108},{"Length":547,"Height":299,"Demand":3,"DemandMax":null,"Value":97487},{"Length":431,"Height":188,"Demand":1,"DemandMax":null,"Value":52889},{"Length":602,"Height":180,"Demand":1,"DemandMax":null,"Value":105195},{"Length":239,"Height":487,"Demand":5,"DemandMax":null,"Value":110081},{"Length":522,"Height":632,"Demand":3,"DemandMax":null,"Value":265080},{"Length":461,"Height":539,"Demand":2,"DemandMax":null,"Value":229115},{"Length":469,"Height":270,"Demand":2,"DemandMax":null,"Value":78709},{"Length":695,"Height":404,"Demand":4,"DemandMax":null,"Value":200913},{"Length":383,"Height":277,"Demand":3,"DemandMax":null,"Value":56406},{"Length":159,"Height":562,"Demand":2,"DemandMax":null,"Value":45789},{"Length":593,"Height":515,"Demand":3,"DemandMax":null,"Value":263468},{"Length":664,"Height":557,"Demand":2,"DemandMax":null,"Value":349458},{"Length":652,"Height":649,"Demand":5,"DemandMax":null,"Value":219122},{"Length":619,"Height":255,"Demand":1,"DemandMax":null,"Value":147584},{"Length":220,"Height":491,"Demand":4,"DemandMax":null,"Value":80134},{"Length":533,"Height":225,"Demand":5,"DemandMax":null,"Value":119544},{"Length":698,"Height":605,"Demand":4,"DemandMax":null,"Value":381868},{"Length":642,"Height":679,"Demand":3,"DemandMax":null,"Value":356529},{"Length":526,"Height":215,"Demand":5,"DemandMax":null,"Value":108555},{"Length":127,"Height":228,"Demand":4,"DemandMax":null,"Value":22095},{"Length":268,"Height":156,"Demand":1,"DemandMax":null,"Value":32726},{"Length":614,"Height":695,"Demand":1,"DemandMax":null,"Value":356359},{"Length":564,"Height":135,"Demand":5,"DemandMax":null,"Value":68256},{"Length":161,"Height":649,"Demand":5,"DemandMax":null,"Value":67919},{"Length":306,"Height":474,"Demand":5,"DemandMax":null,"Value":79596},{"Length":132,"Height":609,"Demand":3,"DemandMax":null,"Value":56820},{"Length":554,"Height":153,"Demand":5,"DemandMax":null,"Value":78100},{"Length":227,"Height":236,"Demand":4,"DemandMax":null,"Value":37844},{"Length":370,"Height":669,"Demand":4,"DemandMax":null,"Value":205593},{"Length":424,"Height":535,"Demand":5,"DemandMax":null,"Value":220997},{"Length":410,"Height":102,"Demand":2,"DemandMax":null,"Value":36938},{"Length":304,"Height":429,"Demand":2,"DemandMax":null,"Value":94026},{"Length":474,"Height":481,"Demand":1,"DemandMax":null,"Value":116144},{"Length":101,"Height":172,"Demand":5,"DemandMax":null,"Value":8714},{"Length":250,"Height":218,"Demand":3,"DemandMax":null,"Value":49861},{"Length":489,"Height":448,"Demand":3,"DemandMax":null,"Value":190066},{"Length":466,"Height":390,"Demand":3,"DemandMax":null,"Value":108322},{"Length":687,"Height":372,"Demand":4,"DemandMax":null,"Value":232427},{"Length":374,"Height":388,"Demand":3,"DemandMax":null,"Value":137453},{"Length":545,"Height":195,"Demand":5,"DemandMax":null,"Value":77232},{"Length":571,"Height":477,"Demand":2,"DemandMax":null,"Value":266702},{"Length":282,"Height":607,"Demand":1,"DemandMax":null,"Value":152509},{"Length":274,"Height":329,"Demand":1,"DemandMax":null,"Value":51535},{"Length":548,"Height":415,"Demand":5,"DemandMax":null,"Value":173010},{"Length":408,"Height":337,"Demand":2,"DemandMax":null,"Value":111656},{"Length":176,"Height":528,"Demand":4,"DemandMax":null,"Value":57225},{"Length":136,"Height":693,"Demand":3,"DemandMax":null,"Value":60483},{"Length":647,"Height":643,"Demand":5,"DemandMax":null,"Value":237796},{"Length":102,"Height":187,"Demand":4,"DemandMax":null,"Value":10525},{"Length":389,"Height":302,"Demand":1,"DemandMax":null,"Value":79159},{"Length":220,"Height":625,"Demand":4,"DemandMax":null,"Value":103737},{"Length":609,"Height":605,"Demand":4,"DemandMax":null,"Value":191132},{"Length":212,"Height":655,"Demand":4,"DemandMax":null,"Value":127471},{"Length":556,"Height":125,"Demand":1,"DemandMax":null,"Value":52941},{"Length":372,"Height":198,"Demand":3,"DemandMax":null,"Value":37007},{"Length":155,"Height":201,"Demand":1,"DemandMax":null,"Value":16378},{"Length":501,"Height":207,"Demand":2,"DemandMax":null,"Value":81513},{"Length":110,"Height":210,"Demand":4,"DemandMax":null,"Value":13083},{"Length":439,"Height":229,"Demand":5,"DemandMax":null,"Value":64047},{"Length":184,"Height":110,"Demand":1,"DemandMax":null,"Value":13216},{"Length":243,"Height":296,"Demand":4,"DemandMax":null,"Value":56112},{"Length":415,"Height":432,"Demand":3,"DemandMax":null,"Value":98071},{"Length":268,"Height":115,"Demand":4,"DemandMax":null,"Value":16441},{"Length":466,"Height":579,"Demand":2,"DemandMax":null,"Value":206665},{"Length":117,"Height":375,"Demand":5,"DemandMax":null,"Value":25568},{"Length":373,"Height":334,"Demand":4,"DemandMax":null,"Value":71116},{"Length":634,"Height":587,"Demand":1,"DemandMax":null,"Value":222373},{"Length":508,"Height":422,"Demand":1,"DemandMax":null,"Value":187686},{"Length":581,"Height":680,"Demand":4,"DemandMax":null,"Value":286462},{"Length":170,"Height":487,"Demand":2,"DemandMax":null,"Value":49936},{"Length":198,"Height":617,"Demand":3,"DemandMax":null,"Value":61868},{"Length":384,"Height":380,"Demand":5,"DemandMax":null,"Value":142936},{"Length":361,"Height":315,"Demand":2,"DemandMax":null,"Value":99450},{"Length":490,"Height":488,"Demand":4,"DemandMax":null,"Value":216979},{"Length":629,"Height":186,"Demand":2,"DemandMax":null,"Value":107937},{"Length":420,"Height":291,"Demand":4,"DemandMax":null,"Value":120252},{"Length":163,"Height":131,"Demand":5,"DemandMax":null,"Value":18907},{"Length":446,"Height":603,"Demand":3,"DemandMax":null,"Value":257168},{"Length":587,"Height":538,"Demand":4,"DemandMax":null,"Value":180523},{"Length":137,"Height":198,"Demand":5,"DemandMax":null,"Value":14378},{"Length":235,"Height":361,"Demand":5,"DemandMax":null,"Value":53224},{"Length":174,"Height":537,"Demand":4,"DemandMax":null,"Value":47482},{"Length":318,"Height":439,"Demand":3,"DemandMax":null,"Value":115271},{"Length":129,"Height":257,"Demand":2,"DemandMax":null,"Value":26807},{"Length":495,"Height":679,"Demand":1,"DemandMax":null,"Value":288382},{"Length":531,"Height":536,"Demand":4,"DemandMax":null,"Value":157179},{"Length":541,"Height":452,"Demand":4,"DemandMax":null,"Value":166748},{"Length":685,"Height":580,"Demand":1,"DemandMax":null,"Value":272491},{"Length":235,"Height":452,"Demand":2,"DemandMax":null,"Value":69594},{"Length":436,"Height":103,"Demand":1,"DemandMax":null,"Value":25771},{"Length":586,"Height":557,"Demand":5,"DemandMax":null,"Value":253620},{"Length":246,"Height":653,"Demand":1,"DemandMax":null,"Value":116053},{"Length":143,"Height":251,"Demand":2,"DemandMax":null,"Value":24206},{"Length":511,"Height":136,"Demand":1,"DemandMax":null,"Value":58737},{"Length":458,"Height":125,"Demand":4,"DemandMax":null,"Value":47460},{"Length":684,"Height":677,"Demand":4,"DemandMax":null,"Value":421958},{"Length":627,"Height":602,"Demand":2,"DemandMax":null,"Value":281901},{"Length":348,"Height":159,"Demand":1,"DemandMax":null,"Value":38342},{"Length":401,"Height":580,"Demand":1,"DemandMax":null,"Value":150201},{"Length":302,"Height":285,"Demand":2,"DemandMax":null,"Value":61389},{"Length":399,"Height":224,"Demand":3,"DemandMax":null,"Value":52220},{"Length":468,"Height":673,"Demand":5,"DemandMax":null,"Value":298330},{"Length":211,"Height":542,"Demand":4,"DemandMax":null,"Value":67739},{"Length":146,"Height":556,"Demand":4,"DemandMax":null,"Value":58429},{"Length":101,"Height":548,"Demand":3,"DemandMax":null,"Value":33517},{"Length":487,"Height":484,"Demand":5,"DemandMax":null,"Value":123350},{"Length":293,"Height":600,"Demand":1,"DemandMax":null,"Value":115278},{"Length":330,"Height":592,"Demand":3,"DemandMax":null,"Value":101245},{"Length":520,"Height":161,"Demand":3,"DemandMax":null,"Value":54518},{"Length":367,"Height":234,"Demand":4,"DemandMax":null,"Value":72277},{"Length":106,"Height":308,"Demand":4,"DemandMax":null,"Value":16336},{"Length":554,"Height":592,"Demand":2,"DemandMax":null,"Value":193681},{"Length":196,"Height":369,"Demand":1,"DemandMax":null,"Value":43461},{"Length":457,"Height":204,"Demand":5,"DemandMax":null,"Value":50005},{"Length":190,"Height":344,"Demand":2,"DemandMax":null,"Value":42635},{"Length":127,"Height":269,"Demand":2,"DemandMax":null,"Value":28069},{"Length":541,"Height":121,"Demand":5,"DemandMax":null,"Value":43244},{"Length":608,"Height":599,"Demand":4,"DemandMax":null,"Value":239781},{"Length":415,"Height":230,"Demand":2,"DemandMax":null,"Value":67245},{"Length":268,"Height":344,"Demand":5,"DemandMax":null,"Value":87260}]}