{"Name":"4C_18","Objects":[{"Length":2450,"Height":1450,"Stock":null,"Cost":3552500}],"Items":[{"Length":255,"Height":165,"Demand":19,"DemandMax":null,"Value":21184},{"Length":181,"Height":354,"Demand":29,"DemandMax":null,"Value":40382},{"Length":237,"Height":463,"Demand":17,"DemandMax":null,"Value":69574},{"Length":436,"Height":406,"Demand":21,"DemandMax":null,"Value":147536},{"Length":254,"Height":314,"Demand":6,"DemandMax":null,"Value":60903},{"Length":192,"Height":424,"Demand":5,"DemandMax":null,"Value":53339},{"Length":66,"Height":87,"Demand":18,"DemandMax":null,"Value":5066},{"Length":343,"Height":157,"Demand":20,"DemandMax":null,"Value":48572},{"Length":443,"Height":468,"Demand":21,"DemandMax":null,"Value":160132},{"Length":201,"Height":146,"Demand":21,"DemandMax":null,"Value":15436},{"Length":73,"Height":176,"Demand":12,"DemandMax":null,"Value":12314},{"Length":354,"Height":428,"Demand":15,"DemandMax":null,"Value":146629},{"Length":397,"Height":420,"Demand":22,"DemandMax":null,"Value":101804},{"Length":146,"Height":304,"Demand":16,"DemandMax":null,"Value":28759},{"Length":161,"Height":389,"Demand":16,"DemandMax":null,"Value":59728},{"Length":451,"Height":498,"Demand":29,"DemandMax":null,"Value":131909},{"Length":405,"Height":150,"Demand":23,"DemandMax":null,"Value":52894},{"Length":466,"Height":76,"Demand":19,"DemandMax":null,"Value":25060},{"Length":298,"Height":209,"Demand":8,"DemandMax":null,"Value":41475},{"Length":275,"Height":279,"Demand":1,"DemandMax":null,"Value":41705},{"Length":444,"Height":90,"Demand":19,"DemandMax":null,"Value":36879},{"Length":264,"Height":127,"Demand":19,"DemandMax":null,"Value":23047},{"Length":432,"Height":75,"Demand":28,"DemandMax":null,"Value":20046},{"Length":334,"Height":371,"Demand":20,"DemandMax":null,"Value":74756},{"Length":416,"Height":122,"Demand":21,"DemandMax":null,"Value":35801}]}