{"Name":"4C_1","Objects":[{"Length":2000,"Height":1000,"Stock":null,"Cost":2000000}],"Items":[{"Length":50,"Height":61,"Demand":3,"DemandMax":null,"Value":1536},{"Length":282,"Height":488,"Demand":5,"DemandMax":null,"Value":86731},{"Length":94,"Height":434,"Demand":3,"DemandMax":null,"Value":25866},{"Length":238,"Height":102,"Demand":8,"DemandMax":null,"Value":20233},{"Length":238,"Height":442,"Demand":25,"DemandMax":null,"Value":80330},{"Length":301,"Height":392,"Demand":3,"DemandMax":null,"Value":77309},{"Length":142,"Height":394,"Demand":13,"DemandMax":null,"Value":49357},{"Length":91,"Height":415,"Demand":25,"DemandMax":null,"Value":34063},{"Length":211,"Height":383,"Demand":18,"DemandMax":null,"Value":62418},{"Length":76,"Height":260,"Demand":9,"DemandMax":null,"Value":10394},{"Length":110,"Height":98,"Demand":30,"DemandMax":null,"Value":10332},{"Length":441,"Height":129,"Demand":25,"DemandMax":null,"Value":55056},{"Length":406,"Height":121,"Demand":22,"DemandMax":null,"Value":29994},{"Length":76,"Height":357,"Demand":1,"DemandMax":null,"Value":17580},{"Length":229,"Height":110,"Demand":14,"DemandMax":null,"Value":24023},{"Length":399,"Height":448,"Demand":18,"DemandMax":null,"Value":104983},{"Length":255,"Height":157,"Demand":27,"DemandMax":null,"Value":34858},{"Length":241,"Height":79,"Demand":11,"DemandMax":null,"Value":13472},{"Length":342,"Height":199,"Demand":18,"DemandMax":null,"Value":45322},{"Length":332,"Height":317,"Demand":1,"DemandMax":null,"Value":57207},{"Length":105,"Height":142,"Demand":29,"DemandMax":null,"Value":13761},{"Length":363,"Height":473,"Demand":30,"DemandMax":null,"Value":118026},{"Length":159,"Height":166,"Demand":19,"DemandMax":null,"Value":16330},{"Length":469,"Height":286,"Demand":5,"DemandMax":null,"Value":80922},{"Length":58,"Height":131,"Demand":20,"DemandMax":null,"Value":5360}]}