{"Name":"3C_17","Objects":[{"Length":2600,"Height":1050,"Stock":null,"Cost":2730000}],"Items":[{"Length":524,"Height":494,"Demand":16,"DemandMax":null,"Value":130494},{"Length":500,"Height":518,"Demand":11,"DemandMax":null,"Value":197445},{"Length":205,"Height":396,"Demand":21,"DemandMax":null,"Value":55011},{"Length":458,"Height":569,"Demand":6,"DemandMax":null,"Value":158121},{"Length":482,"Height":157,"Demand":21,"DemandMax":null,"Value":61271},{"Length":492,"Height":378,"Demand":15,"DemandMax":null,"Value":173728},{"Length":424,"Height":345,"Demand":23,"DemandMax":null,"Value":146222},{"Length":417,"Height":118,"Demand":10,"DemandMax":null,"Value":40414},{"Length":562,"Height":380,"Demand":1,"DemandMax":null,"Value":116964},{"Length":401,"Height":524,"Demand":18,"DemandMax":null,"Value":169455},{"Length":228,"Height":370,"Demand":13,"DemandMax":null,"Value":78378},{"Length":110,"Height":693,"Demand":15,"DemandMax":null,"Value":74440},{"Length":281,"Height":153,"Demand":2,"DemandMax":null,"Value":21588},{"Length":297,"Height":161,"Demand":5,"DemandMax":null,"Value":44477},{"Length":211,"Height":254,"Demand":14,"DemandMax":null,"Value":45866},{"Length":429,"Height":285,"Demand":23,"DemandMax":null,"Value":64381},{"Length":650,"Height":594,"Demand":17,"DemandMax":null,"Value":266565},{"Length":215,"Height":154,"Demand":20,"DemandMax":null,"Value":28557},{"Length":395,"Height":635,"Demand":19,"DemandMax":null,"Value":132708},{"Length":653,"Height":147,"Demand":16,"DemandMax":null,"Value":68155},{"Length":104,"Height":132,"Demand":15,"DemandMax":null,"Value":9436},{"Length":108,"Height":156,"Demand":2,"DemandMax":null,"Value":12775},{"Length":421,"Height":631,"Demand":6,"DemandMax":null,"Value":158623},{"Length":636,"Height":608,"Demand":18,"DemandMax":null,"Value":384658},{"Length":640,"Height":230,"Demand":17,"DemandMax":null,"Value":88634},{"Length":434,"Height":119,"Demand":25,"DemandMax":null,"Value":25873},{"Length":282,"Height":262,"Demand":23,"DemandMax":null,"Value":38850},{"Length":203,"Height":478,"Demand":7,"DemandMax":null,"Value":85732},{"Length":677,"Height":355,"Demand":2,"DemandMax":null,"Value":234211},{"Length":534,"Height":455,"Demand":7,"DemandMax":null,"Value":140238},{"Length":460,"Height":350,"Demand":10,"DemandMax":null,"Value":126945},{"Length":300,"Height":423,"Demand":4,"DemandMax":null,"Value":115225},{"Length":105,"Height":225,"Demand":24,"DemandMax":null,"Value":14301},{"Length":668,"Height":180,"Demand":29,"DemandMax":null,"Value":77798},{"Length":686,"Height":658,"Demand":16,"DemandMax":null,"Value":436173},{"Length":492,"Height":210,"Demand":17,"DemandMax":null,"Value":91874},{"Length":650,"Height":635,"Demand":25,"DemandMax":null,"Value":242464},{"Length":689,"Height":485,"Demand":16,"DemandMax":null,"Value":171891},{"Length":405,"Height":352,"Demand":10,"DemandMax":null,"Value":92786},{"Length":343,"Height":424,"Demand":15,"DemandMax":null,"Value":115311},{"Length":614,"Height":510,"Demand":2,"DemandMax":null,"Value":172902},{"Length":606,"Height":488,"Demand":16,"DemandMax":null,"Value":280764},{"Length":144,"Height":331,"Demand":30,"DemandMax":null,"Value":37602},{"Length":496,"Height":330,"Demand":27,"DemandMax":null,"Value":123998},{"Length":115,"Height":668,"Demand":26,"DemandMax":null,"Value":68956},{"Length":231,"Height":389,"Demand":16,"DemandMax":null,"Value":50917},{"Length":270,"Height":114,"Demand":18,"DemandMax":null,"Value":26475},{"Length":159,"Height":693,"Demand":12,"DemandMax":null,"Value":68726},{"Length":293,"Height":540,"Demand":15,"DemandMax":null,"Value":81283},{"Length":146,"Height":601,"Demand":18,"DemandMax":null,"Value":62494},{"Length":539,"Height":242,"Demand":17,"DemandMax":null,"Value":68947},{"Length":637,"Height":246,"Demand":12,"DemandMax":null,"Value":84934},{"Length":601,"Height":153,"Demand":25,"DemandMax":null,"Value":70813},{"Length":589,"Height":677,"Demand":16,"DemandMax":null,"Value":224378},{"Length":535,"Height":472,"Demand":6,"DemandMax":null,"Value":166261},{"Length":205,"Height":591,"Demand":3,"DemandMax":null,"Value":119783},{"Length":451,"Height":194,"Demand":16,"DemandMax":null,"Value":68440},{"Length":506,"Height":381,"Demand":1,"DemandMax":null,"Value":171402},{"Length":170,"Height":522,"Demand":8,"DemandMax":null,"Value":74038},{"Length":162,"Height":432,"Demand":22,"DemandMax":null,"Value":53630},{"Length":338,"Height":480,"Demand":6,"DemandMax":null,"Value":117064},{"Length":554,"Height":163,"Demand":29,"DemandMax":null,"Value":62207},{"Length":367,"Height":239,"Demand":6,"DemandMax":null,"Value":68224},{"Length":167,"Height":540,"Demand":20,"DemandMax":null,"Value":73788},{"Length":291,"Height":451,"Demand":11,"DemandMax":null,"Value":89931},{"Length":307,"Height":356,"Demand":25,"DemandMax":null,"Value":69911},{"Length":101,"Height":568,"Demand":1,"DemandMax":null,"Value":45851},{"Length":294,"Height":332,"Demand":18,"DemandMax":null,"Value":91190},{"Length":406,"Height":196,"Demand":5,"DemandMax":null,"Value":70902},{"Length":652,"Height":566,"Demand":20,"DemandMax":null,"Value":212869},{"Length":698,"Height":379,"Demand":16,"DemandMax":null,"Value":179065},{"Length":500,"Height":268,"Demand":6,"DemandMax":null,"Value":90621},{"Length":685,"Height":247,"Demand":10,"DemandMax":null,"Value":120608},{"Length":430,"Height":369,"Demand":14,"DemandMax":null,"Value":150576},{"Length":388,"Height":118,"Demand":10,"DemandMax":null,"Value":27618},{"Length":558,"Height":551,"Demand":22,"DemandMax":null,"Value":185050},{"Length":146,"Height":444,"Demand":9,"DemandMax":null,"Value":53358},{"Length":693,"Height":391,"Demand":11,"DemandMax":null,"Value":258501},{"Length":195,"Height":174,"Demand":14,"DemandMax":null,"Value":19997},{"Length":139,"Height":133,"Demand":5,"DemandMax":null,"Value":11343},{"Length":231,"Height":299,"Demand":16,"DemandMax":null,"Value":66093},{"Length":253,"Height":690,"Demand":15,"DemandMax":null,"Value":141206},{"Length":576,"Height":694,"Demand":17,"DemandMax":null,"Value":386947},{"Length":287,"Height":313,"Demand":23,"DemandMax":null,"Value":46026},{"Length":460,"Height":576,"Demand":11,"DemandMax":null,"Value":149380},{"Length":687,"Height":288,"Demand":9,"DemandMax":null,"Value":169455},{"Length":288,"Height":353,"Demand":27,"DemandMax":null,"Value":90028},{"Length":594,"Height":124,"Demand":3,"DemandMax":null,"Value":42992},{"Length":386,"Height":106,"Demand":12,"DemandMax":null,"Value":35318},{"Length":258,"Height":215,"Demand":9,"DemandMax":null,"Value":53375},{"Length":276,"Height":221,"Demand":29,"DemandMax":null,"Value":56393},{"Length":496,"Height":402,"Demand":11,"DemandMax":null,"Value":158165},{"Length":573,"Height":147,"Demand":11,"DemandMax":null,"Value":47880},{"Length":343,"Height":678,"Demand":30,"DemandMax":null,"Value":210301},{"Length":689,"Height":604,"Demand":1,"DemandMax":null,"Value":310463},{"Length":212,"Height":135,"Demand":30,"DemandMax":null,"Value":26380},{"Length":467,"Height":130,"Demand":22,"DemandMax":null,"Value":48306},{"Length":212,"Height":130,"Demand":20,"DemandMax":null,"Value":19557},{"Length":408,"Height":630,"Demand":7,"DemandMax":null,"Value":229651},{"Length":136,"Height":173,"Demand":10,"DemandMax":null,"Value":16848},{"Length":279,"Height":677,"Demand":22,"DemandMax":null,"Value":174273},{"Length":141,"Height":659,"Demand":4,"DemandMax":null,"Value":59434},{"Length":376,"Height":452,"Demand":25,"DemandMax":null,"Value":110152},{"Length":216,"Height":314,"Demand":8,"DemandMax":null,"Value":60036},{"Length":538,"Height":147,"Demand":11,"DemandMax":null,"Value":72253},{"Length":129,"Height":454,"Demand":30,"DemandMax":null,"Value":45593},{"Length":334,"Height":221,"Demand":25,"DemandMax":null,"Value":42611},{"Length":519,"Height":636,"Demand":1,"DemandMax":null,"Value":171257},{"Length":459,"Height":591,"Demand":14,"DemandMax":null,"Value":237467},{"Length":376,"Height":589,"Demand":12,"DemandMax":null,"Value":205263},{"Length":453,"Height":522,"Demand":2,"DemandMax":null,"Value":157188},{"Length":322,"Height":286,"Demand":18,"DemandMax":null,"Value":69750},{"Length":158,"Height":372,"Demand":15,"DemandMax":null,"Value":50597},{"Length":404,"Height":260,"Demand":5,"DemandMax":null,"Value":79265},{"Length":449,"Height":216,"Demand":20,"DemandMax":null,"Value":64565},{"Length":525,"Height":417,"Demand":27,"DemandMax":null,"Value":173092},{"Length":672,"Height":135,"Demand":20,"DemandMax":null,"Value":62119},{"Length":581,"Height":540,"Demand":25,"DemandMax":null,"Value":287232},{"Length":489,"Height":574,"Demand":28,"DemandMax":null,"Value":161544},{"Length":129,"Height":255,"Demand":26,"DemandMax":null,"Value":16901},{"Length":216,"Height":567,"Demand":18,"DemandMax":null,"Value":94058},{"Length":518,"Height":366,"Demand":22,"DemandMax":null,"Value":109302},{"Length":661,"Height":274,"Demand":22,"DemandMax":null,"Value":154530},{"Length":576,"Height":202,"Demand":25,"DemandMax":null,"Value":106926},{"Length":426,"Height":664,"Demand":24,"DemandMax":null,"Value":219522},{"Length":518,"Height":630,"Demand":26,"DemandMax":null,"Value":184662},{"Length":329,"Height":307,"Demand":12,"DemandMax":null,"Value":79880},{"Length":282,"Height":373,"Demand":14,"DemandMax":null,"Value":57870},{"Length":636,"Height":110,"Demand":3,"DemandMax":null,"Value":39643},{"Length":524,"Height":100,"Demand":8,"DemandMax":null,"Value":31014},{"Length":137,"Height":392,"Demand":4,"DemandMax":null,"Value":35923},{"Length":386,"Height":640,"Demand":4,"DemandMax":null,"Value":148113},{"Length":519,"Height":108,"Demand":19,"DemandMax":null,"Value":39951},{"Length":359,"Height":224,"Demand":22,"DemandMax":null,"Value":59235},{"Length":181,"Height":544,"Demand":2,"DemandMax":null,"Value":57912},{"Length":413,"Height":197,"Demand":13,"DemandMax":null,"Value":79237},{"Length":556,"Height":256,"Demand":13,"DemandMax":null,"Value":87746},{"Length":507,"Height":149,"Demand":25,"DemandMax":null,"Value":51125},{"Length":128,"Height":174,"Demand":24,"DemandMax":null,"Value":13794},{"Length":695,"Height":333,"Demand":3,"DemandMax":null,"Value":210249},{"Length":256,"Height":214,"Demand":22,"DemandMax":null,"Value":53654},{"Length":621,"Height":220,"Demand":1,"DemandMax":null,"Value":114128},{"Length":178,"Height":593,"Demand":20,"DemandMax":null,"Value":69726},{"Length":453,"Height":605,"Demand":26,"DemandMax":null,"Value":262347},{"Length":386,"Height":158,"Demand":27,"DemandMax":null,"Value":39315},{"Length":412,"Height":673,"Demand":11,"DemandMax":null,"Value":254340},{"Length":270,"Height":278,"Demand":23,"DemandMax":null,"Value":48298},{"Length":565,"Height":502,"Demand":7,"DemandMax":null,"Value":265760},{"Length":145,"Height":356,"Demand":13,"DemandMax":null,"Value":29804},{"Length":695,"Height":601,"Demand":8,"DemandMax":null,"Value":222003},{"Length":614,"Height":179,"Demand":11,"DemandMax":null,"Value":107543},{"Length":530,"Height":402,"Demand":15,"DemandMax":null,"Value":139256},{"Length":335,"Height":473,"Demand":5,"DemandMax":null,"Value":158102},{"Length":261,"Height":699,"Demand":16,"DemandMax":null,"Value":155744},{"Length":355,"Height":634,"Demand":11,"DemandMax":null,"Value":198124},{"Length":462,"Height":115,"Demand":3,"DemandMax":null,"Value":52541},{"Length":462,"Height":129,"Demand":27,"DemandMax":null,"Value":55630},{"Length":140,"Height":467,"Demand":18,"DemandMax":null,"Value":34754},{"Length":454,"Height":552,"Demand":11,"DemandMax":null,"Value":241411},{"Length":622,"Height":190,"Demand":8,"DemandMax":null,"Value":79870},{"Length":219,"Height":136,"Demand":8,"DemandMax":null,"Value":21037},{"Length":129,"Height":588,"Demand":13,"DemandMax":null,"Value":59698},{"Length":383,"Height":245,"Demand":18,"DemandMax":null,"Value":70267},{"Length":304,"Height":107,"Demand":20,"DemandMax":null,"Value":27331},{"Length":495,"Height":512,"Demand":7,"DemandMax":null,"Value":157094},{"Length":350,"Height":539,"Demand":24,"DemandMax":null,"Value":173030},{"Length":125,"Height":570,"Demand":15,"DemandMax":null,"Value":69371},{"Length":607,"Height":319,"Demand":5,"DemandMax":null,"Value":123415},{"Length":541,"Height":118,"Demand":9,"DemandMax":null,"Value":55008},{"Length":507,"Height":379,"Demand":18,"DemandMax":null,"Value":124582},{"Length":684,"Height":354,"Demand":13,"DemandMax":null,"Value":203606},{"Length":293,"Height":462,"Demand":17,"DemandMax":null,"Value":75995},{"Length":262,"Height":609,"Demand":15,"DemandMax":null,"Value":141704},{"Length":608,"Height":342,"Demand":30,"DemandMax":null,"Value":113414},{"Length":175,"Height":362,"Demand":2,"DemandMax":null,"Value":38283},{"Length":673,"Height":109,"Demand":2,"DemandMax":null,"Value":55436},{"Length":647,"Height":346,"Demand":26,"DemandMax":null,"Value":180319},{"Length":633,"Height":607,"Demand":26,"DemandMax":null,"Value":357431},{"Length":319,"Height":193,"Demand":21,"DemandMax":null,"Value":38534},{"Length":314,"Height":375,"Demand":19,"DemandMax":null,"Value":106238},{"Length":507,"Height":161,"Demand":18,"DemandMax":null,"Value":41983},{"Length":499,"Height":258,"Demand":4,"DemandMax":null,"Value":65876},{"Length":609,"Height":555,"Demand":20,"DemandMax":null,"Value":269611},{"Length":308,"Height":154,"Demand":24,"DemandMax":null,"Value":24588},{"Length":553,"Height":611,"Demand":22,"DemandMax":null,"Value":213436},{"Length":204,"Height":198,"Demand":26,"DemandMax":null,"Value":27507},{"Length":355,"Height":301,"Demand":16,"DemandMax":null,"Value":103511},{"Length":311,"Height":293,"Demand":12,"DemandMax":null,"Value":67336},{"Length":361,"Height":639,"Demand":7,"DemandMax":null,"Value":220897},{"Length":312,"Height":656,"Demand":26,"DemandMax":null,"Value":138174},{"Length":303,"Height":688,"Demand":12,"DemandMax":null,"Value":159950},{"Length":667,"Height":491,"Demand":8,"DemandMax":null,"Value":298557},{"Length":457,"Height":644,"Demand":20,"DemandMax":null,"Value":147419},{"Length":254,"Height":430,"Demand":29,"DemandMax":null,"Value":61308},{"Length":611,"Height":224,"Demand":12,"DemandMax":null,"Value":131321},{"Length":446,"Height":419,"Demand":26,"DemandMax":null,"Value":109163},{"Length":491,"Height":108,"Demand":28,"DemandMax":null,"Value":44044},{"Length":607,"Height":502,"Demand":6,"DemandMax":null,"Value":227454},{"Length":688,"Height":391,"Demand":24,"DemandMax":null,"Value":197546},{"Length":109,"Height":652,"Demand":20,"DemandMax":null,"Value":50543}]}