{"Name":"4C_14","Objects":[{"Length":2600,"Height":1350,"Stock":null,"Cost":3510000}],"Items":[{"Length":277,"Height":374,"Demand":14,"DemandMax":null,"Value":52159},{"Length":383,"Height":52,"Demand":17,"DemandMax":null,"Value":12552},{"Length":393,"Height":277,"Demand":1,"DemandMax":null,"Value":69022},{"Length":181,"Height":89,"Demand":14,"DemandMax":null,"Value":13426},{"Length":84,"Height":135,"Demand":4,"DemandMax":null,"Value":8659},{"Length":341,"Height":299,"Demand":23,"DemandMax":null,"Value":66804},{"Length":285,"Height":175,"Demand":22,"DemandMax":null,"Value":44000},{"Length":294,"Height":359,"Demand":8,"DemandMax":null,"Value":95200},{"Length":424,"Height":99,"Demand":20,"DemandMax":null,"Value":32421},{"Length":279,"Height":146,"Demand":24,"DemandMax":null,"Value":21426},{"Length":300,"Height":203,"Demand":15,"DemandMax":null,"Value":58369},{"Length":305,"Height":252,"Demand":26,"DemandMax":null,"Value":74383},{"Length":234,"Height":381,"Demand":4,"DemandMax":null,"Value":54433},{"Length":398,"Height":189,"Demand":1,"DemandMax":null,"Value":48740},{"Length":462,"Height":480,"Demand":21,"DemandMax":null,"Value":211487},{"Length":292,"Height":217,"Demand":7,"DemandMax":null,"Value":37215},{"Length":386,"Height":139,"Demand":24,"DemandMax":null,"Value":46715},{"Length":381,"Height":329,"Demand":21,"DemandMax":null,"Value":88695},{"Length":468,"Height":417,"Demand":8,"DemandMax":null,"Value":129960},{"Length":220,"Height":417,"Demand":23,"DemandMax":null,"Value":49867},{"Length":468,"Height":328,"Demand":16,"DemandMax":null,"Value":141670},{"Length":88,"Height":328,"Demand":29,"DemandMax":null,"Value":19841},{"Length":122,"Height":245,"Demand":25,"DemandMax":null,"Value":18493},{"Length":465,"Height":463,"Demand":10,"DemandMax":null,"Value":129885},{"Length":190,"Height":68,"Demand":10,"DemandMax":null,"Value":9114}]}