{"Name":"2C_3","Objects":[{"Length":2800,"Height":1050,"Stock":null,"Cost":2940000}],"Items":[{"Length":397,"Height":686,"Demand":20,"DemandMax":null,"Value":136803},{"Length":168,"Height":471,"Demand":23,"DemandMax":null,"Value":67896},{"Length":531,"Height":117,"Demand":17,"DemandMax":null,"Value":53713},{"Length":302,"Height":371,"Demand":3,"DemandMax":null,"Value":99537},{"Length":256,"Height":545,"Demand":16,"DemandMax":null,"Value":89809},{"Length":358,"Height":164,"Demand":6,"DemandMax":null,"Value":45626},{"Length":574,"Height":131,"Demand":12,"DemandMax":null,"Value":59394},{"Length":432,"Height":325,"Demand":15,"DemandMax":null,"Value":130476},{"Length":615,"Height":457,"Demand":16,"DemandMax":null,"Value":274763},{"Length":261,"Height":606,"Demand":3,"DemandMax":null,"Value":108137},{"Length":244,"Height":372,"Demand":13,"DemandMax":null,"Value":46320},{"Length":517,"Height":596,"Demand":10,"DemandMax":null,"Value":293439},{"Length":563,"Height":572,"Demand":14,"DemandMax":null,"Value":270793},{"Length":127,"Height":144,"Demand":8,"DemandMax":null,"Value":15380},{"Length":556,"Height":106,"Demand":18,"DemandMax":null,"Value":39209},{"Length":327,"Height":366,"Demand":14,"DemandMax":null,"Value":60137},{"Length":456,"Height":101,"Demand":28,"DemandMax":null,"Value":44161},{"Length":191,"Height":378,"Demand":10,"DemandMax":null,"Value":53514},{"Length":191,"Height":129,"Demand":1,"DemandMax":null,"Value":12897},{"Length":559,"Height":553,"Demand":18,"DemandMax":null,"Value":243447},{"Length":480,"Height":474,"Demand":18,"DemandMax":null,"Value":208550},{"Length":567,"Height":362,"Demand":7,"DemandMax":null,"Value":154832},{"Length":695,"Height":150,"Demand":9,"DemandMax":null,"Value":88532},{"Length":222,"Height":331,"Demand":2,"DemandMax":null,"Value":47139},{"Length":170,"Height":559,"Demand":22,"DemandMax":null,"Value":55163},{"Length":666,"Height":225,"Demand":27,"DemandMax":null,"Value":138794},{"Length":491,"Height":281,"Demand":11,"DemandMax":null,"Value":113231},{"Length":572,"Height":543,"Demand":7,"DemandMax":null,"Value":258775},{"Length":476,"Height":596,"Demand":17,"DemandMax":null,"Value":279506},{"Length":565,"Height":238,"Demand":3,"DemandMax":null,"Value":118243},{"Length":451,"Height":643,"Demand":23,"DemandMax":null,"Value":185597},{"Length":170,"Height":147,"Demand":9,"DemandMax":null,"Value":19923},{"Length":682,"Height":636,"Demand":14,"DemandMax":null,"Value":413280},{"Length":440,"Height":176,"Demand":3,"DemandMax":null,"Value":40199},{"Length":280,"Height":621,"Demand":8,"DemandMax":null,"Value":126386},{"Length":115,"Height":344,"Demand":22,"DemandMax":null,"Value":24398},{"Length":154,"Height":531,"Demand":18,"DemandMax":null,"Value":78355},{"Length":482,"Height":618,"Demand":25,"DemandMax":null,"Value":297608},{"Length":636,"Height":166,"Demand":10,"DemandMax":null,"Value":67095},{"Length":448,"Height":123,"Demand":17,"DemandMax":null,"Value":45967},{"Length":229,"Height":466,"Demand":29,"DemandMax":null,"Value":54181},{"Length":413,"Height":237,"Demand":22,"DemandMax":null,"Value":63427},{"Length":450,"Height":485,"Demand":6,"DemandMax":null,"Value":127921},{"Length":169,"Height":286,"Demand":14,"DemandMax":null,"Value":44481},{"Length":623,"Height":681,"Demand":15,"DemandMax":null,"Value":231689},{"Length":431,"Height":299,"Demand":4,"DemandMax":null,"Value":104619},{"Length":180,"Height":522,"Demand":2,"DemandMax":null,"Value":70554},{"Length":451,"Height":267,"Demand":17,"DemandMax":null,"Value":117740},{"Length":668,"Height":566,"Demand":27,"DemandMax":null,"Value":248387},{"Length":289,"Height":257,"Demand":28,"DemandMax":null,"Value":60468}]}