{"Name":"2B_11","Objects":[{"Length":2150,"Height":1050,"Stock":null,"Cost":2257500}],"Items":[{"Length":421,"Height":204,"Demand":4,"DemandMax":null,"Value":43018},{"Length":152,"Height":524,"Demand":1,"DemandMax":null,"Value":47934},{"Length":433,"Height":187,"Demand":9,"DemandMax":null,"Value":77699},{"Length":378,"Height":224,"Demand":8,"DemandMax":null,"Value":62679},{"Length":255,"Height":634,"Demand":2,"DemandMax":null,"Value":93678},{"Length":372,"Height":541,"Demand":10,"DemandMax":null,"Value":108577},{"Length":207,"Height":420,"Demand":8,"DemandMax":null,"Value":79342},{"Length":346,"Height":457,"Demand":6,"DemandMax":null,"Value":114583},{"Length":699,"Height":190,"Demand":9,"DemandMax":null,"Value":89135},{"Length":324,"Height":346,"Demand":7,"DemandMax":null,"Value":101370},{"Length":326,"Height":652,"Demand":1,"DemandMax":null,"Value":122383},{"Length":599,"Height":590,"Demand":8,"DemandMax":null,"Value":329671},{"Length":105,"Height":374,"Demand":8,"DemandMax":null,"Value":21375},{"Length":435,"Height":234,"Demand":5,"DemandMax":null,"Value":52844},{"Length":149,"Height":320,"Demand":4,"DemandMax":null,"Value":40296},{"Length":243,"Height":465,"Demand":8,"DemandMax":null,"Value":93818},{"Length":291,"Height":310,"Demand":6,"DemandMax":null,"Value":53382},{"Length":530,"Height":572,"Demand":9,"DemandMax":null,"Value":178244},{"Length":258,"Height":571,"Demand":3,"DemandMax":null,"Value":105088},{"Length":651,"Height":376,"Demand":1,"DemandMax":null,"Value":214854},{"Length":693,"Height":187,"Demand":5,"DemandMax":null,"Value":112122},{"Length":350,"Height":280,"Demand":9,"DemandMax":null,"Value":88588},{"Length":396,"Height":513,"Demand":8,"DemandMax":null,"Value":143236},{"Length":613,"Height":115,"Demand":3,"DemandMax":null,"Value":37892},{"Length":378,"Height":607,"Demand":6,"DemandMax":null,"Value":141931},{"Length":483,"Height":334,"Demand":2,"DemandMax":null,"Value":85929},{"Length":326,"Height":562,"Demand":5,"DemandMax":null,"Value":163343},{"Length":142,"Height":682,"Demand":4,"DemandMax":null,"Value":52545},{"Length":505,"Height":508,"Demand":6,"DemandMax":null,"Value":144504},{"Length":158,"Height":179,"Demand":9,"DemandMax":null,"Value":24290},{"Length":548,"Height":698,"Demand":2,"DemandMax":null,"Value":310625},{"Length":495,"Height":306,"Demand":4,"DemandMax":null,"Value":143008},{"Length":136,"Height":203,"Demand":2,"DemandMax":null,"Value":21762},{"Length":591,"Height":399,"Demand":4,"DemandMax":null,"Value":150512},{"Length":117,"Height":315,"Demand":10,"DemandMax":null,"Value":32477},{"Length":284,"Height":669,"Demand":6,"DemandMax":null,"Value":133528},{"Length":177,"Height":161,"Demand":4,"DemandMax":null,"Value":15630},{"Length":119,"Height":132,"Demand":8,"DemandMax":null,"Value":14846},{"Length":522,"Height":654,"Demand":1,"DemandMax":null,"Value":208003},{"Length":441,"Height":572,"Demand":5,"DemandMax":null,"Value":211813},{"Length":567,"Height":295,"Demand":8,"DemandMax":null,"Value":146310},{"Length":644,"Height":188,"Demand":1,"DemandMax":null,"Value":79327},{"Length":238,"Height":327,"Demand":1,"DemandMax":null,"Value":55602},{"Length":507,"Height":150,"Demand":7,"DemandMax":null,"Value":69395},{"Length":672,"Height":592,"Demand":10,"DemandMax":null,"Value":281416},{"Length":186,"Height":344,"Demand":4,"DemandMax":null,"Value":54806},{"Length":328,"Height":512,"Demand":9,"DemandMax":null,"Value":160305},{"Length":217,"Height":658,"Demand":5,"DemandMax":null,"Value":118854},{"Length":619,"Height":622,"Demand":10,"DemandMax":null,"Value":195758},{"Length":686,"Height":577,"Demand":9,"DemandMax":null,"Value":327250}]}