{"Name":"1A_18","Objects":[{"Length":2400,"Height":1450,"Stock":null,"Cost":3480000}],"Items":[{"Length":445,"Height":588,"Demand":4,"DemandMax":null,"Value":131125},{"Length":695,"Height":335,"Demand":2,"DemandMax":null,"Value":214639},{"Length":405,"Height":517,"Demand":3,"DemandMax":null,"Value":172223},{"Length":631,"Height":665,"Demand":4,"DemandMax":null,"Value":241752},{"Length":565,"Height":353,"Demand":2,"DemandMax":null,"Value":172797},{"Length":179,"Height":557,"Demand":1,"DemandMax":null,"Value":83661},{"Length":230,"Height":449,"Demand":3,"DemandMax":null,"Value":67132},{"Length":272,"Height":433,"Demand":4,"DemandMax":null,"Value":59041},{"Length":246,"Height":690,"Demand":3,"DemandMax":null,"Value":158009},{"Length":675,"Height":223,"Demand":5,"DemandMax":null,"Value":140768},{"Length":292,"Height":615,"Demand":3,"DemandMax":null,"Value":101370},{"Length":358,"Height":665,"Demand":2,"DemandMax":null,"Value":222878},{"Length":618,"Height":127,"Demand":2,"DemandMax":null,"Value":57560},{"Length":531,"Height":537,"Demand":5,"DemandMax":null,"Value":222852},{"Length":611,"Height":138,"Demand":5,"DemandMax":null,"Value":45385},{"Length":324,"Height":301,"Demand":1,"DemandMax":null,"Value":63691},{"Length":392,"Height":629,"Demand":1,"DemandMax":null,"Value":157263},{"Length":283,"Height":139,"Demand":2,"DemandMax":null,"Value":39089},{"Length":281,"Height":580,"Demand":3,"DemandMax":null,"Value":139023},{"Length":497,"Height":691,"Demand":3,"DemandMax":null,"Value":230967},{"Length":659,"Height":128,"Demand":2,"DemandMax":null,"Value":62093},{"Length":324,"Height":201,"Demand":1,"DemandMax":null,"Value":38100},{"Length":621,"Height":645,"Demand":4,"DemandMax":null,"Value":340714},{"Length":510,"Height":572,"Demand":1,"DemandMax":null,"Value":167062},{"Length":443,"Height":154,"Demand":4,"DemandMax":null,"Value":49987}]}