{"Name":"4A_13","Objects":[{"Length":2050,"Height":1300,"Stock":null,"Cost":2665000}],"Items":[{"Length":368,"Height":334,"Demand":5,"DemandMax":null,"Value":62041},{"Length":372,"Height":442,"Demand":1,"DemandMax":null,"Value":147067},{"Length":425,"Height":444,"Demand":1,"DemandMax":null,"Value":136102},{"Length":425,"Height":420,"Demand":5,"DemandMax":null,"Value":157091},{"Length":460,"Height":135,"Demand":3,"DemandMax":null,"Value":53139},{"Length":295,"Height":379,"Demand":1,"DemandMax":null,"Value":79723},{"Length":137,"Height":450,"Demand":3,"DemandMax":null,"Value":38038},{"Length":340,"Height":234,"Demand":1,"DemandMax":null,"Value":58925},{"Length":280,"Height":191,"Demand":3,"DemandMax":null,"Value":44014},{"Length":292,"Height":217,"Demand":4,"DemandMax":null,"Value":37187},{"Length":135,"Height":455,"Demand":2,"DemandMax":null,"Value":55267},{"Length":360,"Height":345,"Demand":4,"DemandMax":null,"Value":122367},{"Length":221,"Height":294,"Demand":4,"DemandMax":null,"Value":58067},{"Length":312,"Height":205,"Demand":4,"DemandMax":null,"Value":45562},{"Length":95,"Height":164,"Demand":2,"DemandMax":null,"Value":11809},{"Length":418,"Height":491,"Demand":5,"DemandMax":null,"Value":198226},{"Length":243,"Height":382,"Demand":1,"DemandMax":null,"Value":47354},{"Length":83,"Height":155,"Demand":3,"DemandMax":null,"Value":6656},{"Length":444,"Height":142,"Demand":2,"DemandMax":null,"Value":56254},{"Length":171,"Height":125,"Demand":3,"DemandMax":null,"Value":18735},{"Length":125,"Height":253,"Demand":1,"DemandMax":null,"Value":30100},{"Length":199,"Height":136,"Demand":4,"DemandMax":null,"Value":22440},{"Length":281,"Height":217,"Demand":1,"DemandMax":null,"Value":35093},{"Length":359,"Height":306,"Demand":3,"DemandMax":null,"Value":97351},{"Length":162,"Height":236,"Demand":4,"DemandMax":null,"Value":38188}]}