{"Name":"4A_20","Objects":[{"Length":2750,"Height":1100,"Stock":null,"Cost":3025000}],"Items":[{"Length":410,"Height":274,"Demand":1,"DemandMax":null,"Value":56705},{"Length":351,"Height":438,"Demand":5,"DemandMax":null,"Value":137509},{"Length":191,"Height":237,"Demand":2,"DemandMax":null,"Value":32649},{"Length":378,"Height":172,"Demand":3,"DemandMax":null,"Value":57218},{"Length":338,"Height":193,"Demand":1,"DemandMax":null,"Value":55821},{"Length":201,"Height":196,"Demand":1,"DemandMax":null,"Value":28091},{"Length":381,"Height":238,"Demand":2,"DemandMax":null,"Value":55948},{"Length":166,"Height":347,"Demand":3,"DemandMax":null,"Value":42662},{"Length":261,"Height":158,"Demand":3,"DemandMax":null,"Value":33939},{"Length":139,"Height":244,"Demand":4,"DemandMax":null,"Value":19905},{"Length":219,"Height":58,"Demand":4,"DemandMax":null,"Value":11429},{"Length":450,"Height":259,"Demand":4,"DemandMax":null,"Value":114830},{"Length":168,"Height":489,"Demand":2,"DemandMax":null,"Value":73418},{"Length":383,"Height":489,"Demand":2,"DemandMax":null,"Value":133413},{"Length":56,"Height":314,"Demand":5,"DemandMax":null,"Value":13327},{"Length":79,"Height":404,"Demand":5,"DemandMax":null,"Value":30826},{"Length":431,"Height":53,"Demand":4,"DemandMax":null,"Value":11653},{"Length":295,"Height":313,"Demand":2,"DemandMax":null,"Value":47774},{"Length":159,"Height":276,"Demand":1,"DemandMax":null,"Value":39155},{"Length":265,"Height":143,"Demand":1,"DemandMax":null,"Value":33214},{"Length":142,"Height":494,"Demand":3,"DemandMax":null,"Value":66764},{"Length":489,"Height":351,"Demand":3,"DemandMax":null,"Value":142313},{"Length":293,"Height":474,"Demand":2,"DemandMax":null,"Value":79929},{"Length":273,"Height":280,"Demand":2,"DemandMax":null,"Value":67740},{"Length":203,"Height":107,"Demand":3,"DemandMax":null,"Value":21696}]}