{"Name":"5C_17","Objects":[{"Length":2000,"Height":1200,"Stock":null,"Cost":2400000}],"Items":[{"Length":214,"Height":263,"Demand":19,"DemandMax":null,"Value":28342},{"Length":246,"Height":99,"Demand":23,"DemandMax":null,"Value":23337},{"Length":487,"Height":262,"Demand":13,"DemandMax":null,"Value":86662},{"Length":480,"Height":376,"Demand":7,"DemandMax":null,"Value":102476},{"Length":144,"Height":498,"Demand":26,"DemandMax":null,"Value":41477},{"Length":222,"Height":250,"Demand":8,"DemandMax":null,"Value":43015},{"Length":451,"Height":395,"Demand":23,"DemandMax":null,"Value":174081},{"Length":169,"Height":471,"Demand":15,"DemandMax":null,"Value":64686},{"Length":497,"Height":98,"Demand":1,"DemandMax":null,"Value":37809},{"Length":117,"Height":427,"Demand":5,"DemandMax":null,"Value":41885},{"Length":267,"Height":302,"Demand":3,"DemandMax":null,"Value":76918},{"Length":88,"Height":123,"Demand":11,"DemandMax":null,"Value":10490},{"Length":471,"Height":64,"Demand":26,"DemandMax":null,"Value":23699},{"Length":285,"Height":485,"Demand":10,"DemandMax":null,"Value":90247},{"Length":289,"Height":173,"Demand":7,"DemandMax":null,"Value":31544},{"Length":95,"Height":171,"Demand":23,"DemandMax":null,"Value":10014},{"Length":226,"Height":181,"Demand":26,"DemandMax":null,"Value":28188},{"Length":367,"Height":263,"Demand":5,"DemandMax":null,"Value":74309},{"Length":110,"Height":449,"Demand":29,"DemandMax":null,"Value":35650},{"Length":240,"Height":106,"Demand":28,"DemandMax":null,"Value":19372},{"Length":182,"Height":220,"Demand":1,"DemandMax":null,"Value":30882},{"Length":326,"Height":69,"Demand":10,"DemandMax":null,"Value":14842},{"Length":453,"Height":190,"Demand":17,"DemandMax":null,"Value":49656},{"Length":346,"Height":309,"Demand":26,"DemandMax":null,"Value":87387},{"Length":76,"Height":271,"Demand":20,"DemandMax":null,"Value":13409},{"Length":405,"Height":213,"Demand":21,"DemandMax":null,"Value":55625},{"Length":206,"Height":118,"Demand":13,"DemandMax":null,"Value":23075},{"Length":174,"Height":190,"Demand":7,"DemandMax":null,"Value":20435},{"Length":326,"Height":308,"Demand":1,"DemandMax":null,"Value":80049},{"Length":461,"Height":100,"Demand":17,"DemandMax":null,"Value":30224},{"Length":274,"Height":212,"Demand":14,"DemandMax":null,"Value":45587},{"Length":295,"Height":54,"Demand":5,"DemandMax":null,"Value":13704},{"Length":378,"Height":258,"Demand":10,"DemandMax":null,"Value":74807},{"Length":267,"Height":336,"Demand":12,"DemandMax":null,"Value":74476},{"Length":485,"Height":421,"Demand":1,"DemandMax":null,"Value":202216},{"Length":417,"Height":371,"Demand":22,"DemandMax":null,"Value":94606},{"Length":170,"Height":237,"Demand":16,"DemandMax":null,"Value":29910},{"Length":346,"Height":266,"Demand":4,"DemandMax":null,"Value":66087},{"Length":289,"Height":237,"Demand":23,"DemandMax":null,"Value":60431},{"Length":254,"Height":411,"Demand":22,"DemandMax":null,"Value":81191},{"Length":290,"Height":422,"Demand":22,"DemandMax":null,"Value":84609},{"Length":426,"Height":235,"Demand":12,"DemandMax":null,"Value":60797},{"Length":305,"Height":291,"Demand":19,"DemandMax":null,"Value":68218},{"Length":125,"Height":266,"Demand":8,"DemandMax":null,"Value":22224},{"Length":224,"Height":211,"Demand":4,"DemandMax":null,"Value":34723},{"Length":477,"Height":96,"Demand":21,"DemandMax":null,"Value":33830},{"Length":155,"Height":356,"Demand":6,"DemandMax":null,"Value":47919},{"Length":77,"Height":140,"Demand":7,"DemandMax":null,"Value":5944},{"Length":162,"Height":193,"Demand":3,"DemandMax":null,"Value":16996},{"Length":77,"Height":110,"Demand":16,"DemandMax":null,"Value":7826}]}