{"Name":"4B_13","Objects":[{"Length":2450,"Height":1000,"Stock":null,"Cost":2450000}],"Items":[{"Length":109,"Height":401,"Demand":2,"DemandMax":null,"Value":21939},{"Length":176,"Height":459,"Demand":5,"DemandMax":null,"Value":44107},{"Length":378,"Height":461,"Demand":10,"DemandMax":null,"Value":119171},{"Length":86,"Height":454,"Demand":4,"DemandMax":null,"Value":37130},{"Length":170,"Height":466,"Demand":7,"DemandMax":null,"Value":70078},{"Length":266,"Height":281,"Demand":3,"DemandMax":null,"Value":59631},{"Length":290,"Height":255,"Demand":1,"DemandMax":null,"Value":67290},{"Length":383,"Height":432,"Demand":1,"DemandMax":null,"Value":130155},{"Length":141,"Height":241,"Demand":8,"DemandMax":null,"Value":32691},{"Length":302,"Height":345,"Demand":10,"DemandMax":null,"Value":97333},{"Length":408,"Height":480,"Demand":8,"DemandMax":null,"Value":103478},{"Length":65,"Height":490,"Demand":9,"DemandMax":null,"Value":30160},{"Length":211,"Height":461,"Demand":9,"DemandMax":null,"Value":62095},{"Length":105,"Height":187,"Demand":8,"DemandMax":null,"Value":16124},{"Length":305,"Height":237,"Demand":5,"DemandMax":null,"Value":69125},{"Length":360,"Height":87,"Demand":2,"DemandMax":null,"Value":27750},{"Length":241,"Height":79,"Demand":1,"DemandMax":null,"Value":13045},{"Length":56,"Height":381,"Demand":1,"DemandMax":null,"Value":21166},{"Length":83,"Height":347,"Demand":1,"DemandMax":null,"Value":23040},{"Length":167,"Height":147,"Demand":7,"DemandMax":null,"Value":22484},{"Length":293,"Height":327,"Demand":2,"DemandMax":null,"Value":50120},{"Length":454,"Height":294,"Demand":3,"DemandMax":null,"Value":115400},{"Length":315,"Height":474,"Demand":6,"DemandMax":null,"Value":77097},{"Length":332,"Height":59,"Demand":8,"DemandMax":null,"Value":15381},{"Length":246,"Height":489,"Demand":8,"DemandMax":null,"Value":95982}]}