{"Name":"2C_14","Objects":[{"Length":2550,"Height":1000,"Stock":null,"Cost":2550000}],"Items":[{"Length":387,"Height":361,"Demand":14,"DemandMax":null,"Value":70178},{"Length":626,"Height":637,"Demand":22,"DemandMax":null,"Value":342161},{"Length":357,"Height":578,"Demand":1,"DemandMax":null,"Value":178401},{"Length":598,"Height":498,"Demand":5,"DemandMax":null,"Value":264567},{"Length":134,"Height":471,"Demand":12,"DemandMax":null,"Value":40626},{"Length":550,"Height":576,"Demand":18,"DemandMax":null,"Value":246188},{"Length":132,"Height":418,"Demand":4,"DemandMax":null,"Value":43582},{"Length":696,"Height":628,"Demand":10,"DemandMax":null,"Value":406194},{"Length":162,"Height":474,"Demand":6,"DemandMax":null,"Value":75069},{"Length":128,"Height":147,"Demand":6,"DemandMax":null,"Value":12864},{"Length":519,"Height":671,"Demand":12,"DemandMax":null,"Value":177717},{"Length":634,"Height":259,"Demand":24,"DemandMax":null,"Value":156376},{"Length":458,"Height":149,"Demand":10,"DemandMax":null,"Value":57383},{"Length":682,"Height":205,"Demand":17,"DemandMax":null,"Value":117578},{"Length":616,"Height":293,"Demand":13,"DemandMax":null,"Value":120074},{"Length":230,"Height":655,"Demand":12,"DemandMax":null,"Value":75697},{"Length":344,"Height":402,"Demand":14,"DemandMax":null,"Value":132597},{"Length":426,"Height":424,"Demand":7,"DemandMax":null,"Value":133882},{"Length":127,"Height":594,"Demand":7,"DemandMax":null,"Value":39487},{"Length":219,"Height":209,"Demand":23,"DemandMax":null,"Value":36046},{"Length":153,"Height":601,"Demand":21,"DemandMax":null,"Value":84286},{"Length":625,"Height":164,"Demand":1,"DemandMax":null,"Value":77320},{"Length":168,"Height":595,"Demand":13,"DemandMax":null,"Value":84888},{"Length":226,"Height":630,"Demand":5,"DemandMax":null,"Value":91337},{"Length":211,"Height":182,"Demand":27,"DemandMax":null,"Value":22291},{"Length":621,"Height":332,"Demand":2,"DemandMax":null,"Value":190961},{"Length":262,"Height":241,"Demand":29,"DemandMax":null,"Value":51820},{"Length":337,"Height":403,"Demand":1,"DemandMax":null,"Value":113152},{"Length":374,"Height":644,"Demand":21,"DemandMax":null,"Value":237298},{"Length":191,"Height":465,"Demand":30,"DemandMax":null,"Value":78098},{"Length":333,"Height":513,"Demand":6,"DemandMax":null,"Value":109331},{"Length":318,"Height":512,"Demand":13,"DemandMax":null,"Value":129805},{"Length":664,"Height":156,"Demand":22,"DemandMax":null,"Value":98695},{"Length":421,"Height":589,"Demand":2,"DemandMax":null,"Value":128722},{"Length":566,"Height":625,"Demand":27,"DemandMax":null,"Value":257126},{"Length":374,"Height":321,"Demand":17,"DemandMax":null,"Value":74041},{"Length":247,"Height":291,"Demand":22,"DemandMax":null,"Value":68872},{"Length":546,"Height":296,"Demand":16,"DemandMax":null,"Value":161470},{"Length":161,"Height":578,"Demand":7,"DemandMax":null,"Value":59140},{"Length":497,"Height":205,"Demand":17,"DemandMax":null,"Value":84992},{"Length":695,"Height":302,"Demand":22,"DemandMax":null,"Value":106566},{"Length":537,"Height":381,"Demand":12,"DemandMax":null,"Value":132579},{"Length":446,"Height":219,"Demand":4,"DemandMax":null,"Value":57249},{"Length":481,"Height":230,"Demand":20,"DemandMax":null,"Value":101811},{"Length":578,"Height":272,"Demand":10,"DemandMax":null,"Value":85855},{"Length":298,"Height":680,"Demand":22,"DemandMax":null,"Value":164508},{"Length":157,"Height":100,"Demand":16,"DemandMax":null,"Value":11789},{"Length":670,"Height":662,"Demand":26,"DemandMax":null,"Value":433679},{"Length":531,"Height":536,"Demand":1,"DemandMax":null,"Value":186980},{"Length":451,"Height":660,"Demand":24,"DemandMax":null,"Value":242333}]}