{"Name":"3B_2","Objects":[{"Length":2500,"Height":1200,"Stock":null,"Cost":3000000}],"Items":[{"Length":577,"Height":476,"Demand":7,"DemandMax":null,"Value":138596},{"Length":485,"Height":406,"Demand":4,"DemandMax":null,"Value":177695},{"Length":502,"Height":148,"Demand":7,"DemandMax":null,"Value":67128},{"Length":366,"Height":591,"Demand":2,"DemandMax":null,"Value":168400},{"Length":303,"Height":366,"Demand":8,"DemandMax":null,"Value":97983},{"Length":185,"Height":695,"Demand":3,"DemandMax":null,"Value":68568},{"Length":329,"Height":544,"Demand":10,"DemandMax":null,"Value":174418},{"Length":623,"Height":593,"Demand":8,"DemandMax":null,"Value":323128},{"Length":578,"Height":452,"Demand":9,"DemandMax":null,"Value":148173},{"Length":238,"Height":577,"Demand":8,"DemandMax":null,"Value":119246},{"Length":461,"Height":442,"Demand":6,"DemandMax":null,"Value":184715},{"Length":153,"Height":587,"Demand":2,"DemandMax":null,"Value":88305},{"Length":387,"Height":434,"Demand":9,"DemandMax":null,"Value":147844},{"Length":288,"Height":644,"Demand":4,"DemandMax":null,"Value":177112},{"Length":485,"Height":479,"Demand":9,"DemandMax":null,"Value":172388},{"Length":163,"Height":135,"Demand":7,"DemandMax":null,"Value":14791},{"Length":111,"Height":515,"Demand":8,"DemandMax":null,"Value":44732},{"Length":661,"Height":328,"Demand":5,"DemandMax":null,"Value":146119},{"Length":692,"Height":136,"Demand":5,"DemandMax":null,"Value":76083},{"Length":458,"Height":543,"Demand":3,"DemandMax":null,"Value":198856},{"Length":395,"Height":223,"Demand":10,"DemandMax":null,"Value":81850},{"Length":160,"Height":606,"Demand":4,"DemandMax":null,"Value":60161},{"Length":383,"Height":519,"Demand":6,"DemandMax":null,"Value":176553},{"Length":108,"Height":499,"Demand":10,"DemandMax":null,"Value":30453},{"Length":205,"Height":179,"Demand":4,"DemandMax":null,"Value":30470},{"Length":442,"Height":257,"Demand":3,"DemandMax":null,"Value":78201},{"Length":408,"Height":643,"Demand":9,"DemandMax":null,"Value":203906},{"Length":405,"Height":391,"Demand":10,"DemandMax":null,"Value":142127},{"Length":649,"Height":611,"Demand":6,"DemandMax":null,"Value":396273},{"Length":351,"Height":114,"Demand":4,"DemandMax":null,"Value":27517},{"Length":440,"Height":366,"Demand":3,"DemandMax":null,"Value":120196},{"Length":215,"Height":489,"Demand":9,"DemandMax":null,"Value":66573},{"Length":376,"Height":294,"Demand":6,"DemandMax":null,"Value":80814},{"Length":478,"Height":610,"Demand":10,"DemandMax":null,"Value":166622},{"Length":370,"Height":610,"Demand":6,"DemandMax":null,"Value":151599},{"Length":560,"Height":643,"Demand":10,"DemandMax":null,"Value":247420},{"Length":525,"Height":517,"Demand":6,"DemandMax":null,"Value":244587},{"Length":113,"Height":455,"Demand":5,"DemandMax":null,"Value":30951},{"Length":532,"Height":224,"Demand":10,"DemandMax":null,"Value":101240},{"Length":133,"Height":483,"Demand":4,"DemandMax":null,"Value":43060},{"Length":237,"Height":370,"Demand":2,"DemandMax":null,"Value":81168},{"Length":259,"Height":345,"Demand":6,"DemandMax":null,"Value":47636},{"Length":531,"Height":520,"Demand":3,"DemandMax":null,"Value":210379},{"Length":378,"Height":573,"Demand":2,"DemandMax":null,"Value":142260},{"Length":102,"Height":546,"Demand":4,"DemandMax":null,"Value":43053},{"Length":278,"Height":332,"Demand":2,"DemandMax":null,"Value":58830},{"Length":385,"Height":638,"Demand":10,"DemandMax":null,"Value":198261},{"Length":644,"Height":503,"Demand":6,"DemandMax":null,"Value":179187},{"Length":571,"Height":153,"Demand":3,"DemandMax":null,"Value":58394},{"Length":631,"Height":173,"Demand":6,"DemandMax":null,"Value":71625},{"Length":164,"Height":173,"Demand":10,"DemandMax":null,"Value":21639},{"Length":236,"Height":375,"Demand":7,"DemandMax":null,"Value":68453},{"Length":673,"Height":118,"Demand":5,"DemandMax":null,"Value":69912},{"Length":497,"Height":280,"Demand":7,"DemandMax":null,"Value":69614},{"Length":630,"Height":617,"Demand":9,"DemandMax":null,"Value":386575},{"Length":480,"Height":462,"Demand":7,"DemandMax":null,"Value":149314},{"Length":294,"Height":696,"Demand":4,"DemandMax":null,"Value":149804},{"Length":320,"Height":572,"Demand":7,"DemandMax":null,"Value":142873},{"Length":459,"Height":446,"Demand":4,"DemandMax":null,"Value":139046},{"Length":229,"Height":699,"Demand":7,"DemandMax":null,"Value":151351},{"Length":545,"Height":662,"Demand":4,"DemandMax":null,"Value":262056},{"Length":466,"Height":278,"Demand":9,"DemandMax":null,"Value":128896},{"Length":348,"Height":622,"Demand":7,"DemandMax":null,"Value":120099},{"Length":110,"Height":184,"Demand":5,"DemandMax":null,"Value":18846},{"Length":682,"Height":688,"Demand":3,"DemandMax":null,"Value":434197},{"Length":652,"Height":177,"Demand":5,"DemandMax":null,"Value":109767},{"Length":599,"Height":318,"Demand":5,"DemandMax":null,"Value":183843},{"Length":554,"Height":156,"Demand":9,"DemandMax":null,"Value":47378},{"Length":501,"Height":493,"Demand":1,"DemandMax":null,"Value":241140},{"Length":320,"Height":121,"Demand":4,"DemandMax":null,"Value":29146},{"Length":673,"Height":240,"Demand":4,"DemandMax":null,"Value":115288},{"Length":507,"Height":404,"Demand":9,"DemandMax":null,"Value":162312},{"Length":675,"Height":670,"Demand":7,"DemandMax":null,"Value":417379},{"Length":426,"Height":544,"Demand":2,"DemandMax":null,"Value":214834},{"Length":506,"Height":576,"Demand":8,"DemandMax":null,"Value":289544},{"Length":457,"Height":405,"Demand":6,"DemandMax":null,"Value":94678},{"Length":348,"Height":564,"Demand":5,"DemandMax":null,"Value":136154},{"Length":204,"Height":175,"Demand":4,"DemandMax":null,"Value":18652},{"Length":686,"Height":119,"Demand":6,"DemandMax":null,"Value":73971},{"Length":485,"Height":532,"Demand":8,"DemandMax":null,"Value":234220},{"Length":661,"Height":121,"Demand":4,"DemandMax":null,"Value":72619},{"Length":182,"Height":491,"Demand":6,"DemandMax":null,"Value":67384},{"Length":672,"Height":400,"Demand":6,"DemandMax":null,"Value":225650},{"Length":564,"Height":211,"Demand":8,"DemandMax":null,"Value":115512},{"Length":329,"Height":683,"Demand":8,"DemandMax":null,"Value":199803},{"Length":218,"Height":103,"Demand":6,"DemandMax":null,"Value":11775},{"Length":572,"Height":393,"Demand":8,"DemandMax":null,"Value":160843},{"Length":419,"Height":405,"Demand":7,"DemandMax":null,"Value":134712},{"Length":328,"Height":621,"Demand":2,"DemandMax":null,"Value":107454},{"Length":225,"Height":415,"Demand":3,"DemandMax":null,"Value":83990},{"Length":249,"Height":613,"Demand":9,"DemandMax":null,"Value":133836},{"Length":181,"Height":676,"Demand":8,"DemandMax":null,"Value":119751},{"Length":223,"Height":619,"Demand":9,"DemandMax":null,"Value":121704},{"Length":143,"Height":366,"Demand":7,"DemandMax":null,"Value":45323},{"Length":660,"Height":371,"Demand":6,"DemandMax":null,"Value":153341},{"Length":330,"Height":608,"Demand":3,"DemandMax":null,"Value":115946},{"Length":197,"Height":683,"Demand":10,"DemandMax":null,"Value":88792},{"Length":244,"Height":375,"Demand":7,"DemandMax":null,"Value":86863},{"Length":630,"Height":414,"Demand":6,"DemandMax":null,"Value":178758},{"Length":372,"Height":652,"Demand":10,"DemandMax":null,"Value":189741},{"Length":308,"Height":675,"Demand":7,"DemandMax":null,"Value":202180},{"Length":129,"Height":504,"Demand":5,"DemandMax":null,"Value":33829},{"Length":533,"Height":107,"Demand":4,"DemandMax":null,"Value":33520},{"Length":150,"Height":166,"Demand":3,"DemandMax":null,"Value":20023},{"Length":227,"Height":271,"Demand":4,"DemandMax":null,"Value":61186},{"Length":486,"Height":365,"Demand":3,"DemandMax":null,"Value":153981},{"Length":696,"Height":185,"Demand":6,"DemandMax":null,"Value":99420},{"Length":212,"Height":318,"Demand":8,"DemandMax":null,"Value":44451},{"Length":605,"Height":532,"Demand":6,"DemandMax":null,"Value":299784},{"Length":576,"Height":185,"Demand":7,"DemandMax":null,"Value":92451},{"Length":612,"Height":241,"Demand":4,"DemandMax":null,"Value":131508},{"Length":365,"Height":617,"Demand":6,"DemandMax":null,"Value":180827},{"Length":295,"Height":581,"Demand":9,"DemandMax":null,"Value":158567},{"Length":322,"Height":348,"Demand":2,"DemandMax":null,"Value":91982},{"Length":542,"Height":168,"Demand":9,"DemandMax":null,"Value":55026},{"Length":614,"Height":346,"Demand":3,"DemandMax":null,"Value":174088},{"Length":197,"Height":580,"Demand":1,"DemandMax":null,"Value":90907},{"Length":570,"Height":635,"Demand":7,"DemandMax":null,"Value":288857},{"Length":225,"Height":120,"Demand":7,"DemandMax":null,"Value":23245},{"Length":628,"Height":262,"Demand":7,"DemandMax":null,"Value":102441},{"Length":150,"Height":307,"Demand":1,"DemandMax":null,"Value":34721},{"Length":175,"Height":675,"Demand":1,"DemandMax":null,"Value":65970},{"Length":471,"Height":424,"Demand":9,"DemandMax":null,"Value":190748},{"Length":131,"Height":231,"Demand":8,"DemandMax":null,"Value":26230},{"Length":222,"Height":314,"Demand":3,"DemandMax":null,"Value":68388},{"Length":311,"Height":436,"Demand":7,"DemandMax":null,"Value":119112},{"Length":536,"Height":188,"Demand":9,"DemandMax":null,"Value":85884},{"Length":549,"Height":178,"Demand":9,"DemandMax":null,"Value":51145},{"Length":646,"Height":376,"Demand":7,"DemandMax":null,"Value":172515},{"Length":233,"Height":469,"Demand":9,"DemandMax":null,"Value":94465},{"Length":675,"Height":259,"Demand":8,"DemandMax":null,"Value":98249},{"Length":133,"Height":598,"Demand":6,"DemandMax":null,"Value":65660},{"Length":339,"Height":409,"Demand":3,"DemandMax":null,"Value":97917},{"Length":307,"Height":111,"Demand":8,"DemandMax":null,"Value":19772},{"Length":362,"Height":255,"Demand":2,"DemandMax":null,"Value":52644},{"Length":260,"Height":423,"Demand":8,"DemandMax":null,"Value":58739},{"Length":247,"Height":360,"Demand":5,"DemandMax":null,"Value":69323},{"Length":130,"Height":597,"Demand":9,"DemandMax":null,"Value":43831},{"Length":379,"Height":136,"Demand":5,"DemandMax":null,"Value":30778},{"Length":160,"Height":490,"Demand":10,"DemandMax":null,"Value":57060},{"Length":672,"Height":666,"Demand":10,"DemandMax":null,"Value":326011},{"Length":346,"Height":466,"Demand":5,"DemandMax":null,"Value":92029},{"Length":456,"Height":241,"Demand":8,"DemandMax":null,"Value":76315},{"Length":154,"Height":200,"Demand":6,"DemandMax":null,"Value":17598},{"Length":606,"Height":362,"Demand":9,"DemandMax":null,"Value":185814},{"Length":204,"Height":405,"Demand":6,"DemandMax":null,"Value":49598},{"Length":668,"Height":648,"Demand":3,"DemandMax":null,"Value":411609},{"Length":251,"Height":420,"Demand":7,"DemandMax":null,"Value":80525},{"Length":231,"Height":443,"Demand":10,"DemandMax":null,"Value":91362},{"Length":639,"Height":128,"Demand":10,"DemandMax":null,"Value":46369},{"Length":673,"Height":391,"Demand":2,"DemandMax":null,"Value":215400},{"Length":402,"Height":207,"Demand":7,"DemandMax":null,"Value":51689},{"Length":223,"Height":577,"Demand":9,"DemandMax":null,"Value":83864},{"Length":134,"Height":235,"Demand":3,"DemandMax":null,"Value":20831},{"Length":187,"Height":379,"Demand":3,"DemandMax":null,"Value":58639},{"Length":642,"Height":413,"Demand":7,"DemandMax":null,"Value":263867},{"Length":200,"Height":347,"Demand":3,"DemandMax":null,"Value":68940},{"Length":344,"Height":640,"Demand":3,"DemandMax":null,"Value":165286},{"Length":201,"Height":371,"Demand":2,"DemandMax":null,"Value":52413},{"Length":238,"Height":556,"Demand":10,"DemandMax":null,"Value":130087},{"Length":170,"Height":332,"Demand":10,"DemandMax":null,"Value":31323},{"Length":344,"Height":114,"Demand":3,"DemandMax":null,"Value":34730},{"Length":512,"Height":433,"Demand":2,"DemandMax":null,"Value":144708},{"Length":648,"Height":207,"Demand":7,"DemandMax":null,"Value":84474},{"Length":107,"Height":413,"Demand":10,"DemandMax":null,"Value":41855},{"Length":663,"Height":541,"Demand":1,"DemandMax":null,"Value":268429},{"Length":279,"Height":237,"Demand":1,"DemandMax":null,"Value":55430},{"Length":632,"Height":273,"Demand":5,"DemandMax":null,"Value":99508},{"Length":306,"Height":195,"Demand":8,"DemandMax":null,"Value":36982},{"Length":192,"Height":618,"Demand":1,"DemandMax":null,"Value":73148},{"Length":200,"Height":638,"Demand":2,"DemandMax":null,"Value":101532},{"Length":312,"Height":442,"Demand":3,"DemandMax":null,"Value":118612},{"Length":668,"Height":151,"Demand":6,"DemandMax":null,"Value":78702},{"Length":510,"Height":617,"Demand":9,"DemandMax":null,"Value":211065},{"Length":379,"Height":273,"Demand":3,"DemandMax":null,"Value":85205},{"Length":121,"Height":163,"Demand":8,"DemandMax":null,"Value":16001},{"Length":347,"Height":563,"Demand":5,"DemandMax":null,"Value":98423},{"Length":123,"Height":514,"Demand":6,"DemandMax":null,"Value":45953},{"Length":315,"Height":628,"Demand":4,"DemandMax":null,"Value":118890},{"Length":635,"Height":615,"Demand":7,"DemandMax":null,"Value":298153},{"Length":104,"Height":472,"Demand":1,"DemandMax":null,"Value":45500},{"Length":358,"Height":530,"Demand":4,"DemandMax":null,"Value":136105},{"Length":469,"Height":314,"Demand":5,"DemandMax":null,"Value":81640},{"Length":630,"Height":660,"Demand":4,"DemandMax":null,"Value":214822},{"Length":428,"Height":321,"Demand":2,"DemandMax":null,"Value":91273},{"Length":606,"Height":173,"Demand":4,"DemandMax":null,"Value":52744},{"Length":429,"Height":398,"Demand":7,"DemandMax":null,"Value":125478},{"Length":574,"Height":416,"Demand":6,"DemandMax":null,"Value":182631},{"Length":135,"Height":285,"Demand":10,"DemandMax":null,"Value":32342},{"Length":462,"Height":622,"Demand":9,"DemandMax":null,"Value":241949},{"Length":352,"Height":334,"Demand":3,"DemandMax":null,"Value":85344},{"Length":460,"Height":649,"Demand":9,"DemandMax":null,"Value":280022},{"Length":532,"Height":383,"Demand":5,"DemandMax":null,"Value":178469},{"Length":243,"Height":562,"Demand":6,"DemandMax":null,"Value":80916},{"Length":689,"Height":334,"Demand":10,"DemandMax":null,"Value":194101},{"Length":425,"Height":233,"Demand":3,"DemandMax":null,"Value":65587},{"Length":645,"Height":372,"Demand":2,"DemandMax":null,"Value":220271},{"Length":653,"Height":487,"Demand":4,"DemandMax":null,"Value":312139},{"Length":273,"Height":521,"Demand":2,"DemandMax":null,"Value":91978},{"Length":251,"Height":258,"Demand":4,"DemandMax":null,"Value":51291}]}