{"Name":"4A_11","Objects":[{"Length":2150,"Height":1000,"Stock":null,"Cost":2150000}],"Items":[{"Length":329,"Height":307,"Demand":1,"DemandMax":null,"Value":50982},{"Length":340,"Height":115,"Demand":2,"DemandMax":null,"Value":34972},{"Length":167,"Height":166,"Demand":2,"DemandMax":null,"Value":19995},{"Length":156,"Height":330,"Demand":3,"DemandMax":null,"Value":45306},{"Length":334,"Height":179,"Demand":3,"DemandMax":null,"Value":51159},{"Length":330,"Height":443,"Demand":4,"DemandMax":null,"Value":104241},{"Length":149,"Height":181,"Demand":4,"DemandMax":null,"Value":16640},{"Length":463,"Height":159,"Demand":3,"DemandMax":null,"Value":54524},{"Length":155,"Height":94,"Demand":4,"DemandMax":null,"Value":11991},{"Length":470,"Height":489,"Demand":5,"DemandMax":null,"Value":134884},{"Length":393,"Height":410,"Demand":2,"DemandMax":null,"Value":144976},{"Length":217,"Height":83,"Demand":5,"DemandMax":null,"Value":17745},{"Length":97,"Height":110,"Demand":5,"DemandMax":null,"Value":9536},{"Length":148,"Height":261,"Demand":5,"DemandMax":null,"Value":27517},{"Length":254,"Height":477,"Demand":4,"DemandMax":null,"Value":91829},{"Length":479,"Height":248,"Demand":3,"DemandMax":null,"Value":114733},{"Length":284,"Height":261,"Demand":4,"DemandMax":null,"Value":37813},{"Length":98,"Height":276,"Demand":2,"DemandMax":null,"Value":13995},{"Length":283,"Height":358,"Demand":3,"DemandMax":null,"Value":90396},{"Length":114,"Height":428,"Demand":4,"DemandMax":null,"Value":42765},{"Length":87,"Height":107,"Demand":3,"DemandMax":null,"Value":8860},{"Length":129,"Height":479,"Demand":3,"DemandMax":null,"Value":51234},{"Length":321,"Height":75,"Demand":3,"DemandMax":null,"Value":13856},{"Length":221,"Height":307,"Demand":3,"DemandMax":null,"Value":60125},{"Length":427,"Height":201,"Demand":1,"DemandMax":null,"Value":85727}]}