{"Name":"3B_17","Objects":[{"Length":2450,"Height":1300,"Stock":null,"Cost":3185000}],"Items":[{"Length":438,"Height":482,"Demand":3,"DemandMax":null,"Value":106534},{"Length":175,"Height":335,"Demand":6,"DemandMax":null,"Value":52904},{"Length":451,"Height":302,"Demand":4,"DemandMax":null,"Value":123061},{"Length":349,"Height":357,"Demand":7,"DemandMax":null,"Value":96999},{"Length":609,"Height":218,"Demand":4,"DemandMax":null,"Value":117301},{"Length":472,"Height":570,"Demand":2,"DemandMax":null,"Value":143478},{"Length":154,"Height":571,"Demand":2,"DemandMax":null,"Value":85695},{"Length":582,"Height":527,"Demand":1,"DemandMax":null,"Value":268266},{"Length":310,"Height":112,"Demand":4,"DemandMax":null,"Value":19692},{"Length":102,"Height":508,"Demand":2,"DemandMax":null,"Value":44994},{"Length":456,"Height":620,"Demand":10,"DemandMax":null,"Value":256292},{"Length":319,"Height":425,"Demand":2,"DemandMax":null,"Value":133301},{"Length":309,"Height":171,"Demand":1,"DemandMax":null,"Value":46511},{"Length":248,"Height":190,"Demand":6,"DemandMax":null,"Value":44996},{"Length":249,"Height":440,"Demand":4,"DemandMax":null,"Value":81298},{"Length":663,"Height":646,"Demand":6,"DemandMax":null,"Value":287883},{"Length":661,"Height":229,"Demand":1,"DemandMax":null,"Value":118448},{"Length":563,"Height":367,"Demand":6,"DemandMax":null,"Value":139253},{"Length":222,"Height":314,"Demand":7,"DemandMax":null,"Value":56354},{"Length":299,"Height":228,"Demand":4,"DemandMax":null,"Value":54510},{"Length":371,"Height":197,"Demand":8,"DemandMax":null,"Value":67913},{"Length":554,"Height":330,"Demand":1,"DemandMax":null,"Value":113435},{"Length":593,"Height":207,"Demand":9,"DemandMax":null,"Value":109027},{"Length":257,"Height":678,"Demand":3,"DemandMax":null,"Value":98463},{"Length":576,"Height":666,"Demand":5,"DemandMax":null,"Value":318540},{"Length":606,"Height":666,"Demand":7,"DemandMax":null,"Value":277844},{"Length":501,"Height":559,"Demand":4,"DemandMax":null,"Value":217675},{"Length":129,"Height":343,"Demand":3,"DemandMax":null,"Value":39713},{"Length":390,"Height":667,"Demand":6,"DemandMax":null,"Value":259955},{"Length":435,"Height":167,"Demand":8,"DemandMax":null,"Value":49957},{"Length":338,"Height":256,"Demand":7,"DemandMax":null,"Value":64582},{"Length":435,"Height":304,"Demand":5,"DemandMax":null,"Value":83736},{"Length":649,"Height":470,"Demand":4,"DemandMax":null,"Value":222994},{"Length":216,"Height":397,"Demand":2,"DemandMax":null,"Value":49002},{"Length":221,"Height":388,"Demand":6,"DemandMax":null,"Value":57595},{"Length":394,"Height":649,"Demand":5,"DemandMax":null,"Value":175702},{"Length":508,"Height":225,"Demand":4,"DemandMax":null,"Value":102998},{"Length":378,"Height":544,"Demand":1,"DemandMax":null,"Value":123786},{"Length":694,"Height":563,"Demand":2,"DemandMax":null,"Value":331941},{"Length":377,"Height":513,"Demand":10,"DemandMax":null,"Value":129638},{"Length":325,"Height":536,"Demand":1,"DemandMax":null,"Value":161244},{"Length":516,"Height":281,"Demand":4,"DemandMax":null,"Value":77299},{"Length":661,"Height":619,"Demand":3,"DemandMax":null,"Value":311742},{"Length":699,"Height":533,"Demand":5,"DemandMax":null,"Value":244704},{"Length":582,"Height":557,"Demand":7,"DemandMax":null,"Value":250602},{"Length":603,"Height":440,"Demand":5,"DemandMax":null,"Value":169118},{"Length":434,"Height":457,"Demand":7,"DemandMax":null,"Value":160089},{"Length":638,"Height":100,"Demand":2,"DemandMax":null,"Value":35292},{"Length":693,"Height":318,"Demand":10,"DemandMax":null,"Value":147298},{"Length":156,"Height":633,"Demand":2,"DemandMax":null,"Value":64792},{"Length":100,"Height":668,"Demand":4,"DemandMax":null,"Value":50949},{"Length":123,"Height":677,"Demand":5,"DemandMax":null,"Value":64408},{"Length":621,"Height":447,"Demand":7,"DemandMax":null,"Value":244374},{"Length":341,"Height":427,"Demand":7,"DemandMax":null,"Value":72839},{"Length":487,"Height":269,"Demand":8,"DemandMax":null,"Value":130283},{"Length":190,"Height":337,"Demand":9,"DemandMax":null,"Value":43112},{"Length":176,"Height":619,"Demand":1,"DemandMax":null,"Value":79757},{"Length":469,"Height":201,"Demand":1,"DemandMax":null,"Value":73582},{"Length":543,"Height":222,"Demand":10,"DemandMax":null,"Value":81877},{"Length":445,"Height":415,"Demand":9,"DemandMax":null,"Value":174615},{"Length":111,"Height":694,"Demand":3,"DemandMax":null,"Value":55953},{"Length":472,"Height":496,"Demand":9,"DemandMax":null,"Value":232933},{"Length":198,"Height":647,"Demand":6,"DemandMax":null,"Value":71079},{"Length":432,"Height":416,"Demand":9,"DemandMax":null,"Value":167333},{"Length":483,"Height":451,"Demand":3,"DemandMax":null,"Value":201575},{"Length":203,"Height":182,"Demand":10,"DemandMax":null,"Value":35141},{"Length":120,"Height":401,"Demand":3,"DemandMax":null,"Value":46443},{"Length":145,"Height":268,"Demand":6,"DemandMax":null,"Value":21303},{"Length":403,"Height":116,"Demand":7,"DemandMax":null,"Value":45640},{"Length":554,"Height":659,"Demand":4,"DemandMax":null,"Value":274814},{"Length":260,"Height":149,"Demand":6,"DemandMax":null,"Value":27651},{"Length":584,"Height":474,"Demand":5,"DemandMax":null,"Value":219357},{"Length":637,"Height":569,"Demand":3,"DemandMax":null,"Value":334506},{"Length":235,"Height":211,"Demand":5,"DemandMax":null,"Value":45967},{"Length":557,"Height":181,"Demand":7,"DemandMax":null,"Value":100155},{"Length":186,"Height":648,"Demand":10,"DemandMax":null,"Value":61654},{"Length":584,"Height":625,"Demand":6,"DemandMax":null,"Value":253201},{"Length":413,"Height":128,"Demand":6,"DemandMax":null,"Value":27620},{"Length":332,"Height":112,"Demand":5,"DemandMax":null,"Value":33693},{"Length":650,"Height":185,"Demand":8,"DemandMax":null,"Value":109158},{"Length":687,"Height":489,"Demand":2,"DemandMax":null,"Value":305022},{"Length":247,"Height":126,"Demand":5,"DemandMax":null,"Value":23468},{"Length":329,"Height":109,"Demand":3,"DemandMax":null,"Value":30104},{"Length":562,"Height":348,"Demand":9,"DemandMax":null,"Value":189837},{"Length":618,"Height":373,"Demand":4,"DemandMax":null,"Value":204967},{"Length":318,"Height":466,"Demand":1,"DemandMax":null,"Value":77712},{"Length":325,"Height":596,"Demand":6,"DemandMax":null,"Value":138594},{"Length":558,"Height":135,"Demand":2,"DemandMax":null,"Value":59801},{"Length":680,"Height":369,"Demand":8,"DemandMax":null,"Value":132371},{"Length":593,"Height":309,"Demand":2,"DemandMax":null,"Value":164819},{"Length":483,"Height":673,"Demand":2,"DemandMax":null,"Value":285021},{"Length":226,"Height":196,"Demand":10,"DemandMax":null,"Value":43353},{"Length":366,"Height":176,"Demand":8,"DemandMax":null,"Value":56794},{"Length":325,"Height":113,"Demand":4,"DemandMax":null,"Value":31802},{"Length":558,"Height":597,"Demand":2,"DemandMax":null,"Value":208617},{"Length":275,"Height":566,"Demand":9,"DemandMax":null,"Value":89948},{"Length":324,"Height":571,"Demand":1,"DemandMax":null,"Value":122087},{"Length":325,"Height":598,"Demand":8,"DemandMax":null,"Value":184501},{"Length":336,"Height":166,"Demand":9,"DemandMax":null,"Value":38227},{"Length":393,"Height":490,"Demand":6,"DemandMax":null,"Value":150647},{"Length":476,"Height":417,"Demand":8,"DemandMax":null,"Value":193031},{"Length":599,"Height":691,"Demand":5,"DemandMax":null,"Value":215367},{"Length":203,"Height":148,"Demand":9,"DemandMax":null,"Value":17659},{"Length":298,"Height":498,"Demand":8,"DemandMax":null,"Value":119334},{"Length":515,"Height":103,"Demand":4,"DemandMax":null,"Value":52759},{"Length":407,"Height":180,"Demand":6,"DemandMax":null,"Value":63592},{"Length":450,"Height":412,"Demand":3,"DemandMax":null,"Value":143154},{"Length":419,"Height":608,"Demand":4,"DemandMax":null,"Value":167971},{"Length":354,"Height":416,"Demand":7,"DemandMax":null,"Value":137163},{"Length":311,"Height":480,"Demand":1,"DemandMax":null,"Value":129515},{"Length":588,"Height":680,"Demand":10,"DemandMax":null,"Value":356509},{"Length":115,"Height":223,"Demand":5,"DemandMax":null,"Value":20591},{"Length":140,"Height":525,"Demand":3,"DemandMax":null,"Value":67999},{"Length":695,"Height":253,"Demand":10,"DemandMax":null,"Value":144335},{"Length":282,"Height":572,"Demand":2,"DemandMax":null,"Value":97478},{"Length":651,"Height":188,"Demand":1,"DemandMax":null,"Value":100291},{"Length":405,"Height":284,"Demand":4,"DemandMax":null,"Value":91512},{"Length":506,"Height":271,"Demand":6,"DemandMax":null,"Value":109435},{"Length":191,"Height":666,"Demand":9,"DemandMax":null,"Value":109515},{"Length":652,"Height":580,"Demand":7,"DemandMax":null,"Value":235445},{"Length":165,"Height":339,"Demand":4,"DemandMax":null,"Value":42174},{"Length":299,"Height":469,"Demand":2,"DemandMax":null,"Value":78315},{"Length":109,"Height":626,"Demand":5,"DemandMax":null,"Value":65174},{"Length":255,"Height":692,"Demand":6,"DemandMax":null,"Value":152953},{"Length":152,"Height":441,"Demand":6,"DemandMax":null,"Value":65763},{"Length":151,"Height":591,"Demand":7,"DemandMax":null,"Value":78392},{"Length":499,"Height":343,"Demand":8,"DemandMax":null,"Value":145875},{"Length":479,"Height":197,"Demand":2,"DemandMax":null,"Value":49387},{"Length":581,"Height":248,"Demand":2,"DemandMax":null,"Value":102337},{"Length":112,"Height":547,"Demand":1,"DemandMax":null,"Value":52960},{"Length":623,"Height":128,"Demand":1,"DemandMax":null,"Value":44815},{"Length":219,"Height":134,"Demand":10,"DemandMax":null,"Value":24227},{"Length":629,"Height":620,"Demand":7,"DemandMax":null,"Value":275409},{"Length":358,"Height":510,"Demand":3,"DemandMax":null,"Value":105933},{"Length":544,"Height":502,"Demand":8,"DemandMax":null,"Value":155742},{"Length":206,"Height":314,"Demand":4,"DemandMax":null,"Value":34547},{"Length":443,"Height":695,"Demand":8,"DemandMax":null,"Value":240030},{"Length":324,"Height":462,"Demand":1,"DemandMax":null,"Value":84538},{"Length":211,"Height":633,"Demand":9,"DemandMax":null,"Value":79754},{"Length":128,"Height":191,"Demand":8,"DemandMax":null,"Value":17793},{"Length":248,"Height":141,"Demand":4,"DemandMax":null,"Value":25472},{"Length":578,"Height":414,"Demand":5,"DemandMax":null,"Value":136581},{"Length":514,"Height":154,"Demand":3,"DemandMax":null,"Value":54969},{"Length":646,"Height":381,"Demand":9,"DemandMax":null,"Value":140625},{"Length":369,"Height":676,"Demand":9,"DemandMax":null,"Value":211286},{"Length":103,"Height":412,"Demand":5,"DemandMax":null,"Value":25475},{"Length":698,"Height":410,"Demand":6,"DemandMax":null,"Value":272127},{"Length":120,"Height":489,"Demand":4,"DemandMax":null,"Value":44823},{"Length":342,"Height":657,"Demand":7,"DemandMax":null,"Value":200604},{"Length":569,"Height":358,"Demand":5,"DemandMax":null,"Value":115481},{"Length":642,"Height":279,"Demand":10,"DemandMax":null,"Value":146620},{"Length":157,"Height":624,"Demand":2,"DemandMax":null,"Value":60854},{"Length":325,"Height":222,"Demand":7,"DemandMax":null,"Value":47025},{"Length":650,"Height":554,"Demand":10,"DemandMax":null,"Value":238208},{"Length":578,"Height":614,"Demand":4,"DemandMax":null,"Value":293633},{"Length":212,"Height":457,"Demand":4,"DemandMax":null,"Value":96417},{"Length":585,"Height":582,"Demand":8,"DemandMax":null,"Value":338215},{"Length":351,"Height":596,"Demand":3,"DemandMax":null,"Value":157055},{"Length":168,"Height":438,"Demand":10,"DemandMax":null,"Value":51719},{"Length":151,"Height":197,"Demand":2,"DemandMax":null,"Value":29243},{"Length":478,"Height":565,"Demand":9,"DemandMax":null,"Value":149883},{"Length":239,"Height":526,"Demand":3,"DemandMax":null,"Value":111332},{"Length":308,"Height":148,"Demand":5,"DemandMax":null,"Value":29754},{"Length":599,"Height":362,"Demand":1,"DemandMax":null,"Value":136557},{"Length":483,"Height":388,"Demand":2,"DemandMax":null,"Value":177498},{"Length":517,"Height":680,"Demand":8,"DemandMax":null,"Value":263099},{"Length":572,"Height":267,"Demand":9,"DemandMax":null,"Value":128026},{"Length":190,"Height":498,"Demand":5,"DemandMax":null,"Value":54571},{"Length":327,"Height":172,"Demand":9,"DemandMax":null,"Value":34858},{"Length":424,"Height":529,"Demand":5,"DemandMax":null,"Value":138273},{"Length":482,"Height":188,"Demand":7,"DemandMax":null,"Value":72104},{"Length":537,"Height":323,"Demand":6,"DemandMax":null,"Value":149186},{"Length":342,"Height":178,"Demand":2,"DemandMax":null,"Value":47499},{"Length":535,"Height":142,"Demand":4,"DemandMax":null,"Value":50957},{"Length":491,"Height":450,"Demand":6,"DemandMax":null,"Value":181951},{"Length":648,"Height":469,"Demand":1,"DemandMax":null,"Value":246560},{"Length":308,"Height":460,"Demand":10,"DemandMax":null,"Value":71378},{"Length":617,"Height":395,"Demand":5,"DemandMax":null,"Value":177143},{"Length":687,"Height":395,"Demand":1,"DemandMax":null,"Value":163091},{"Length":592,"Height":285,"Demand":3,"DemandMax":null,"Value":128812},{"Length":511,"Height":340,"Demand":6,"DemandMax":null,"Value":161041},{"Length":418,"Height":138,"Demand":3,"DemandMax":null,"Value":41378},{"Length":301,"Height":154,"Demand":5,"DemandMax":null,"Value":25697},{"Length":352,"Height":665,"Demand":9,"DemandMax":null,"Value":120937},{"Length":476,"Height":179,"Demand":4,"DemandMax":null,"Value":56605},{"Length":255,"Height":230,"Demand":1,"DemandMax":null,"Value":29507},{"Length":217,"Height":589,"Demand":5,"DemandMax":null,"Value":93930},{"Length":466,"Height":384,"Demand":1,"DemandMax":null,"Value":136863},{"Length":102,"Height":465,"Demand":3,"DemandMax":null,"Value":39869},{"Length":370,"Height":686,"Demand":9,"DemandMax":null,"Value":213706},{"Length":180,"Height":554,"Demand":10,"DemandMax":null,"Value":72388},{"Length":594,"Height":499,"Demand":6,"DemandMax":null,"Value":278020},{"Length":459,"Height":676,"Demand":5,"DemandMax":null,"Value":271777},{"Length":126,"Height":224,"Demand":1,"DemandMax":null,"Value":16723},{"Length":682,"Height":108,"Demand":7,"DemandMax":null,"Value":62126},{"Length":204,"Height":482,"Demand":2,"DemandMax":null,"Value":65125},{"Length":579,"Height":151,"Demand":10,"DemandMax":null,"Value":80262},{"Length":206,"Height":659,"Demand":1,"DemandMax":null,"Value":133247},{"Length":647,"Height":623,"Demand":10,"DemandMax":null,"Value":260661},{"Length":526,"Height":668,"Demand":4,"DemandMax":null,"Value":278300}]}