{"Name":"4B_2","Objects":[{"Length":2800,"Height":1150,"Stock":null,"Cost":3220000}],"Items":[{"Length":365,"Height":118,"Demand":4,"DemandMax":null,"Value":21618},{"Length":164,"Height":257,"Demand":8,"DemandMax":null,"Value":23012},{"Length":405,"Height":440,"Demand":9,"DemandMax":null,"Value":121866},{"Length":224,"Height":467,"Demand":2,"DemandMax":null,"Value":99479},{"Length":109,"Height":297,"Demand":5,"DemandMax":null,"Value":28637},{"Length":189,"Height":443,"Demand":6,"DemandMax":null,"Value":66796},{"Length":489,"Height":66,"Demand":5,"DemandMax":null,"Value":29367},{"Length":325,"Height":282,"Demand":10,"DemandMax":null,"Value":72096},{"Length":307,"Height":297,"Demand":4,"DemandMax":null,"Value":87717},{"Length":167,"Height":235,"Demand":6,"DemandMax":null,"Value":36662},{"Length":254,"Height":195,"Demand":5,"DemandMax":null,"Value":26171},{"Length":354,"Height":245,"Demand":6,"DemandMax":null,"Value":82128},{"Length":216,"Height":76,"Demand":8,"DemandMax":null,"Value":10479},{"Length":238,"Height":199,"Demand":8,"DemandMax":null,"Value":38893},{"Length":405,"Height":276,"Demand":9,"DemandMax":null,"Value":106893},{"Length":455,"Height":136,"Demand":9,"DemandMax":null,"Value":54827},{"Length":64,"Height":275,"Demand":7,"DemandMax":null,"Value":12059},{"Length":200,"Height":492,"Demand":8,"DemandMax":null,"Value":97618},{"Length":299,"Height":135,"Demand":10,"DemandMax":null,"Value":32291},{"Length":228,"Height":274,"Demand":2,"DemandMax":null,"Value":57217},{"Length":160,"Height":339,"Demand":9,"DemandMax":null,"Value":28374},{"Length":245,"Height":472,"Demand":9,"DemandMax":null,"Value":99979},{"Length":290,"Height":292,"Demand":8,"DemandMax":null,"Value":43725},{"Length":83,"Height":383,"Demand":10,"DemandMax":null,"Value":24962},{"Length":470,"Height":149,"Demand":7,"DemandMax":null,"Value":55876}]}