{"Name":"3C_1","Objects":[{"Length":2000,"Height":1000,"Stock":null,"Cost":2000000}],"Items":[{"Length":105,"Height":106,"Demand":1,"DemandMax":null,"Value":5611},{"Length":179,"Height":112,"Demand":22,"DemandMax":null,"Value":15283},{"Length":311,"Height":580,"Demand":16,"DemandMax":null,"Value":122234},{"Length":274,"Height":527,"Demand":24,"DemandMax":null,"Value":87614},{"Length":149,"Height":515,"Demand":18,"DemandMax":null,"Value":62130},{"Length":211,"Height":521,"Demand":27,"DemandMax":null,"Value":102691},{"Length":126,"Height":123,"Demand":23,"DemandMax":null,"Value":15492},{"Length":495,"Height":570,"Demand":13,"DemandMax":null,"Value":231734},{"Length":482,"Height":231,"Demand":14,"DemandMax":null,"Value":60980},{"Length":429,"Height":465,"Demand":11,"DemandMax":null,"Value":160875},{"Length":585,"Height":528,"Demand":14,"DemandMax":null,"Value":286977},{"Length":680,"Height":697,"Demand":3,"DemandMax":null,"Value":462830},{"Length":361,"Height":474,"Demand":5,"DemandMax":null,"Value":85920},{"Length":348,"Height":111,"Demand":10,"DemandMax":null,"Value":35930},{"Length":196,"Height":330,"Demand":1,"DemandMax":null,"Value":55353},{"Length":624,"Height":690,"Demand":22,"DemandMax":null,"Value":226718},{"Length":330,"Height":442,"Demand":21,"DemandMax":null,"Value":100702},{"Length":646,"Height":531,"Demand":14,"DemandMax":null,"Value":295860},{"Length":503,"Height":607,"Demand":6,"DemandMax":null,"Value":161540},{"Length":290,"Height":336,"Demand":15,"DemandMax":null,"Value":69184},{"Length":224,"Height":413,"Demand":13,"DemandMax":null,"Value":63587},{"Length":528,"Height":480,"Demand":30,"DemandMax":null,"Value":192174},{"Length":240,"Height":614,"Demand":11,"DemandMax":null,"Value":87990},{"Length":306,"Height":603,"Demand":21,"DemandMax":null,"Value":183549},{"Length":163,"Height":378,"Demand":7,"DemandMax":null,"Value":37100},{"Length":528,"Height":580,"Demand":2,"DemandMax":null,"Value":153419},{"Length":222,"Height":616,"Demand":27,"DemandMax":null,"Value":71907},{"Length":278,"Height":613,"Demand":1,"DemandMax":null,"Value":150565},{"Length":282,"Height":524,"Demand":1,"DemandMax":null,"Value":144002},{"Length":698,"Height":136,"Demand":12,"DemandMax":null,"Value":54791},{"Length":450,"Height":404,"Demand":1,"DemandMax":null,"Value":143345},{"Length":646,"Height":374,"Demand":5,"DemandMax":null,"Value":219377},{"Length":632,"Height":589,"Demand":10,"DemandMax":null,"Value":225340},{"Length":656,"Height":346,"Demand":16,"DemandMax":null,"Value":146859},{"Length":630,"Height":248,"Demand":22,"DemandMax":null,"Value":150974},{"Length":300,"Height":391,"Demand":2,"DemandMax":null,"Value":104305},{"Length":618,"Height":209,"Demand":29,"DemandMax":null,"Value":75874},{"Length":472,"Height":333,"Demand":14,"DemandMax":null,"Value":80850},{"Length":603,"Height":564,"Demand":5,"DemandMax":null,"Value":221350},{"Length":469,"Height":340,"Demand":28,"DemandMax":null,"Value":126434},{"Length":595,"Height":276,"Demand":24,"DemandMax":null,"Value":90675},{"Length":449,"Height":360,"Demand":14,"DemandMax":null,"Value":153461},{"Length":471,"Height":462,"Demand":9,"DemandMax":null,"Value":171667},{"Length":516,"Height":502,"Demand":14,"DemandMax":null,"Value":196233},{"Length":172,"Height":218,"Demand":22,"DemandMax":null,"Value":33657},{"Length":573,"Height":451,"Demand":14,"DemandMax":null,"Value":146432},{"Length":522,"Height":448,"Demand":29,"DemandMax":null,"Value":201147},{"Length":335,"Height":337,"Demand":17,"DemandMax":null,"Value":70415},{"Length":680,"Height":230,"Demand":3,"DemandMax":null,"Value":80348},{"Length":100,"Height":379,"Demand":24,"DemandMax":null,"Value":26993},{"Length":143,"Height":433,"Demand":11,"DemandMax":null,"Value":32729},{"Length":395,"Height":319,"Demand":5,"DemandMax":null,"Value":68296},{"Length":329,"Height":367,"Demand":24,"DemandMax":null,"Value":92985},{"Length":452,"Height":655,"Demand":6,"DemandMax":null,"Value":166593},{"Length":613,"Height":140,"Demand":4,"DemandMax":null,"Value":56504},{"Length":330,"Height":195,"Demand":12,"DemandMax":null,"Value":63621},{"Length":312,"Height":126,"Demand":14,"DemandMax":null,"Value":30751},{"Length":483,"Height":270,"Demand":30,"DemandMax":null,"Value":115945},{"Length":176,"Height":265,"Demand":13,"DemandMax":null,"Value":38913},{"Length":296,"Height":387,"Demand":19,"DemandMax":null,"Value":87783},{"Length":192,"Height":624,"Demand":28,"DemandMax":null,"Value":86447},{"Length":490,"Height":422,"Demand":7,"DemandMax":null,"Value":142446},{"Length":679,"Height":657,"Demand":8,"DemandMax":null,"Value":346983},{"Length":630,"Height":315,"Demand":22,"DemandMax":null,"Value":162378},{"Length":219,"Height":404,"Demand":12,"DemandMax":null,"Value":60627},{"Length":438,"Height":383,"Demand":7,"DemandMax":null,"Value":107307},{"Length":378,"Height":496,"Demand":20,"DemandMax":null,"Value":149850},{"Length":411,"Height":338,"Demand":23,"DemandMax":null,"Value":129784},{"Length":321,"Height":176,"Demand":5,"DemandMax":null,"Value":50338},{"Length":364,"Height":147,"Demand":6,"DemandMax":null,"Value":30865},{"Length":600,"Height":333,"Demand":25,"DemandMax":null,"Value":135242},{"Length":644,"Height":517,"Demand":3,"DemandMax":null,"Value":225164},{"Length":212,"Height":322,"Demand":27,"DemandMax":null,"Value":48661},{"Length":429,"Height":194,"Demand":27,"DemandMax":null,"Value":78981},{"Length":258,"Height":162,"Demand":24,"DemandMax":null,"Value":25213},{"Length":103,"Height":475,"Demand":17,"DemandMax":null,"Value":29447},{"Length":556,"Height":470,"Demand":2,"DemandMax":null,"Value":215096},{"Length":195,"Height":427,"Demand":12,"DemandMax":null,"Value":79436},{"Length":505,"Height":583,"Demand":19,"DemandMax":null,"Value":173520},{"Length":324,"Height":165,"Demand":20,"DemandMax":null,"Value":32800},{"Length":643,"Height":580,"Demand":7,"DemandMax":null,"Value":356869},{"Length":578,"Height":620,"Demand":7,"DemandMax":null,"Value":289869},{"Length":131,"Height":648,"Demand":12,"DemandMax":null,"Value":82170},{"Length":599,"Height":434,"Demand":2,"DemandMax":null,"Value":133196},{"Length":306,"Height":225,"Demand":4,"DemandMax":null,"Value":38817},{"Length":269,"Height":212,"Demand":7,"DemandMax":null,"Value":48842},{"Length":398,"Height":629,"Demand":26,"DemandMax":null,"Value":221688},{"Length":657,"Height":167,"Demand":20,"DemandMax":null,"Value":64041},{"Length":332,"Height":327,"Demand":11,"DemandMax":null,"Value":93711},{"Length":271,"Height":413,"Demand":24,"DemandMax":null,"Value":107696},{"Length":486,"Height":306,"Demand":24,"DemandMax":null,"Value":137494},{"Length":276,"Height":324,"Demand":18,"DemandMax":null,"Value":70934},{"Length":115,"Height":424,"Demand":10,"DemandMax":null,"Value":27717},{"Length":534,"Height":437,"Demand":4,"DemandMax":null,"Value":211028},{"Length":477,"Height":415,"Demand":3,"DemandMax":null,"Value":147679},{"Length":332,"Height":245,"Demand":4,"DemandMax":null,"Value":74974},{"Length":575,"Height":533,"Demand":3,"DemandMax":null,"Value":243856},{"Length":547,"Height":431,"Demand":13,"DemandMax":null,"Value":167301},{"Length":237,"Height":253,"Demand":23,"DemandMax":null,"Value":53572},{"Length":506,"Height":133,"Demand":26,"DemandMax":null,"Value":48190},{"Length":312,"Height":678,"Demand":17,"DemandMax":null,"Value":195174},{"Length":470,"Height":529,"Demand":9,"DemandMax":null,"Value":159033},{"Length":318,"Height":285,"Demand":18,"DemandMax":null,"Value":58741},{"Length":575,"Height":490,"Demand":21,"DemandMax":null,"Value":249398},{"Length":223,"Height":547,"Demand":22,"DemandMax":null,"Value":111442},{"Length":252,"Height":178,"Demand":7,"DemandMax":null,"Value":34920},{"Length":449,"Height":340,"Demand":23,"DemandMax":null,"Value":88126},{"Length":488,"Height":422,"Demand":7,"DemandMax":null,"Value":106846},{"Length":324,"Height":165,"Demand":24,"DemandMax":null,"Value":46799},{"Length":533,"Height":384,"Demand":23,"DemandMax":null,"Value":189700},{"Length":537,"Height":448,"Demand":10,"DemandMax":null,"Value":159920},{"Length":168,"Height":583,"Demand":11,"DemandMax":null,"Value":74182},{"Length":437,"Height":419,"Demand":10,"DemandMax":null,"Value":157624},{"Length":372,"Height":419,"Demand":10,"DemandMax":null,"Value":117620},{"Length":337,"Height":303,"Demand":19,"DemandMax":null,"Value":67978},{"Length":246,"Height":679,"Demand":10,"DemandMax":null,"Value":132064},{"Length":468,"Height":147,"Demand":13,"DemandMax":null,"Value":47107},{"Length":383,"Height":627,"Demand":15,"DemandMax":null,"Value":219851},{"Length":327,"Height":206,"Demand":19,"DemandMax":null,"Value":38769},{"Length":440,"Height":294,"Demand":19,"DemandMax":null,"Value":66462},{"Length":523,"Height":607,"Demand":21,"DemandMax":null,"Value":243810},{"Length":348,"Height":482,"Demand":13,"DemandMax":null,"Value":96704},{"Length":538,"Height":675,"Demand":6,"DemandMax":null,"Value":309847},{"Length":413,"Height":162,"Demand":15,"DemandMax":null,"Value":61486},{"Length":221,"Height":258,"Demand":22,"DemandMax":null,"Value":44250},{"Length":471,"Height":539,"Demand":15,"DemandMax":null,"Value":143654},{"Length":470,"Height":564,"Demand":16,"DemandMax":null,"Value":209644},{"Length":424,"Height":657,"Demand":19,"DemandMax":null,"Value":153260},{"Length":429,"Height":251,"Demand":30,"DemandMax":null,"Value":61017},{"Length":150,"Height":416,"Demand":24,"DemandMax":null,"Value":36933},{"Length":461,"Height":492,"Demand":12,"DemandMax":null,"Value":151716},{"Length":577,"Height":607,"Demand":17,"DemandMax":null,"Value":209986},{"Length":166,"Height":570,"Demand":22,"DemandMax":null,"Value":67440},{"Length":417,"Height":263,"Demand":12,"DemandMax":null,"Value":80785},{"Length":422,"Height":617,"Demand":20,"DemandMax":null,"Value":153140},{"Length":208,"Height":419,"Demand":8,"DemandMax":null,"Value":84877},{"Length":335,"Height":626,"Demand":26,"DemandMax":null,"Value":129281},{"Length":344,"Height":242,"Demand":27,"DemandMax":null,"Value":56339},{"Length":513,"Height":157,"Demand":25,"DemandMax":null,"Value":49881},{"Length":411,"Height":616,"Demand":21,"DemandMax":null,"Value":230000},{"Length":404,"Height":431,"Demand":17,"DemandMax":null,"Value":170532},{"Length":153,"Height":686,"Demand":25,"DemandMax":null,"Value":87679},{"Length":277,"Height":302,"Demand":23,"DemandMax":null,"Value":55260},{"Length":439,"Height":366,"Demand":25,"DemandMax":null,"Value":153804},{"Length":300,"Height":570,"Demand":7,"DemandMax":null,"Value":110234},{"Length":122,"Height":463,"Demand":25,"DemandMax":null,"Value":51813},{"Length":197,"Height":492,"Demand":11,"DemandMax":null,"Value":62366},{"Length":575,"Height":319,"Demand":9,"DemandMax":null,"Value":171868},{"Length":249,"Height":684,"Demand":23,"DemandMax":null,"Value":98337},{"Length":244,"Height":393,"Demand":28,"DemandMax":null,"Value":50966},{"Length":403,"Height":540,"Demand":25,"DemandMax":null,"Value":212941},{"Length":421,"Height":519,"Demand":10,"DemandMax":null,"Value":142811},{"Length":600,"Height":688,"Demand":25,"DemandMax":null,"Value":411880},{"Length":510,"Height":266,"Demand":30,"DemandMax":null,"Value":115810},{"Length":486,"Height":353,"Demand":24,"DemandMax":null,"Value":151018},{"Length":394,"Height":110,"Demand":3,"DemandMax":null,"Value":42860},{"Length":399,"Height":250,"Demand":30,"DemandMax":null,"Value":93109},{"Length":187,"Height":499,"Demand":9,"DemandMax":null,"Value":49603},{"Length":552,"Height":135,"Demand":29,"DemandMax":null,"Value":71785},{"Length":176,"Height":410,"Demand":7,"DemandMax":null,"Value":48768},{"Length":327,"Height":126,"Demand":7,"DemandMax":null,"Value":29102},{"Length":154,"Height":582,"Demand":30,"DemandMax":null,"Value":70540},{"Length":271,"Height":629,"Demand":22,"DemandMax":null,"Value":127645},{"Length":110,"Height":660,"Demand":13,"DemandMax":null,"Value":61000},{"Length":375,"Height":300,"Demand":8,"DemandMax":null,"Value":69733},{"Length":677,"Height":552,"Demand":22,"DemandMax":null,"Value":342763},{"Length":249,"Height":268,"Demand":20,"DemandMax":null,"Value":64972},{"Length":484,"Height":632,"Demand":5,"DemandMax":null,"Value":194962},{"Length":274,"Height":325,"Demand":15,"DemandMax":null,"Value":76732},{"Length":475,"Height":635,"Demand":16,"DemandMax":null,"Value":195559},{"Length":689,"Height":215,"Demand":20,"DemandMax":null,"Value":124563},{"Length":507,"Height":600,"Demand":13,"DemandMax":null,"Value":170779},{"Length":243,"Height":391,"Demand":6,"DemandMax":null,"Value":84381},{"Length":259,"Height":515,"Demand":6,"DemandMax":null,"Value":72752},{"Length":454,"Height":346,"Demand":2,"DemandMax":null,"Value":94928},{"Length":300,"Height":260,"Demand":29,"DemandMax":null,"Value":58945},{"Length":488,"Height":148,"Demand":14,"DemandMax":null,"Value":58176},{"Length":407,"Height":555,"Demand":10,"DemandMax":null,"Value":210130},{"Length":518,"Height":155,"Demand":24,"DemandMax":null,"Value":50253},{"Length":519,"Height":289,"Demand":20,"DemandMax":null,"Value":135327},{"Length":601,"Height":381,"Demand":13,"DemandMax":null,"Value":117771},{"Length":145,"Height":423,"Demand":1,"DemandMax":null,"Value":31384},{"Length":496,"Height":242,"Demand":10,"DemandMax":null,"Value":95747},{"Length":539,"Height":355,"Demand":13,"DemandMax":null,"Value":99191},{"Length":301,"Height":383,"Demand":26,"DemandMax":null,"Value":72823},{"Length":502,"Height":474,"Demand":15,"DemandMax":null,"Value":162044},{"Length":653,"Height":364,"Demand":20,"DemandMax":null,"Value":230253},{"Length":600,"Height":246,"Demand":17,"DemandMax":null,"Value":109070},{"Length":254,"Height":319,"Demand":29,"DemandMax":null,"Value":77590},{"Length":410,"Height":110,"Demand":1,"DemandMax":null,"Value":30447},{"Length":486,"Height":501,"Demand":6,"DemandMax":null,"Value":186822},{"Length":448,"Height":335,"Demand":22,"DemandMax":null,"Value":136818},{"Length":236,"Height":220,"Demand":22,"DemandMax":null,"Value":26007},{"Length":214,"Height":293,"Demand":21,"DemandMax":null,"Value":35196},{"Length":258,"Height":325,"Demand":30,"DemandMax":null,"Value":80454},{"Length":484,"Height":261,"Demand":7,"DemandMax":null,"Value":73793},{"Length":552,"Height":112,"Demand":3,"DemandMax":null,"Value":51350},{"Length":166,"Height":218,"Demand":1,"DemandMax":null,"Value":27013},{"Length":205,"Height":524,"Demand":20,"DemandMax":null,"Value":78884},{"Length":340,"Height":423,"Demand":16,"DemandMax":null,"Value":102283}]}