{"Name":"2A_1","Objects":[{"Length":2000,"Height":1000,"Stock":null,"Cost":2000000}],"Items":[{"Length":102,"Height":121,"Demand":1,"DemandMax":null,"Value":6213},{"Length":371,"Height":340,"Demand":2,"DemandMax":null,"Value":121880},{"Length":485,"Height":539,"Demand":3,"DemandMax":null,"Value":225199},{"Length":238,"Height":355,"Demand":3,"DemandMax":null,"Value":81642},{"Length":217,"Height":620,"Demand":2,"DemandMax":null,"Value":81563},{"Length":697,"Height":521,"Demand":4,"DemandMax":null,"Value":216168},{"Length":306,"Height":114,"Demand":2,"DemandMax":null,"Value":29118},{"Length":111,"Height":199,"Demand":1,"DemandMax":null,"Value":20911},{"Length":342,"Height":197,"Demand":5,"DemandMax":null,"Value":35064},{"Length":583,"Height":222,"Demand":1,"DemandMax":null,"Value":80220},{"Length":147,"Height":472,"Demand":4,"DemandMax":null,"Value":66656},{"Length":632,"Height":292,"Demand":3,"DemandMax":null,"Value":178473},{"Length":639,"Height":175,"Demand":5,"DemandMax":null,"Value":86412},{"Length":170,"Height":230,"Demand":1,"DemandMax":null,"Value":35013},{"Length":415,"Height":267,"Demand":2,"DemandMax":null,"Value":68148},{"Length":175,"Height":118,"Demand":4,"DemandMax":null,"Value":16990},{"Length":266,"Height":476,"Demand":4,"DemandMax":null,"Value":121738},{"Length":203,"Height":575,"Demand":4,"DemandMax":null,"Value":108140},{"Length":292,"Height":319,"Demand":1,"DemandMax":null,"Value":59429},{"Length":245,"Height":177,"Demand":5,"DemandMax":null,"Value":29688},{"Length":282,"Height":597,"Demand":4,"DemandMax":null,"Value":126051},{"Length":320,"Height":679,"Demand":4,"DemandMax":null,"Value":206674},{"Length":544,"Height":547,"Demand":4,"DemandMax":null,"Value":264716},{"Length":400,"Height":486,"Demand":4,"DemandMax":null,"Value":193673},{"Length":320,"Height":286,"Demand":5,"DemandMax":null,"Value":89928},{"Length":379,"Height":384,"Demand":2,"DemandMax":null,"Value":92935},{"Length":212,"Height":237,"Demand":1,"DemandMax":null,"Value":48929},{"Length":177,"Height":420,"Demand":1,"DemandMax":null,"Value":64225},{"Length":103,"Height":405,"Demand":1,"DemandMax":null,"Value":35032},{"Length":502,"Height":466,"Demand":1,"DemandMax":null,"Value":169008},{"Length":153,"Height":502,"Demand":2,"DemandMax":null,"Value":49725},{"Length":225,"Height":434,"Demand":3,"DemandMax":null,"Value":87173},{"Length":327,"Height":519,"Demand":2,"DemandMax":null,"Value":106809},{"Length":600,"Height":311,"Demand":1,"DemandMax":null,"Value":121819},{"Length":351,"Height":212,"Demand":1,"DemandMax":null,"Value":50506},{"Length":555,"Height":522,"Demand":5,"DemandMax":null,"Value":194726},{"Length":160,"Height":318,"Demand":3,"DemandMax":null,"Value":32984},{"Length":442,"Height":357,"Demand":3,"DemandMax":null,"Value":93378},{"Length":372,"Height":454,"Demand":3,"DemandMax":null,"Value":113607},{"Length":152,"Height":140,"Demand":5,"DemandMax":null,"Value":18397},{"Length":306,"Height":201,"Demand":2,"DemandMax":null,"Value":44858},{"Length":446,"Height":392,"Demand":4,"DemandMax":null,"Value":145494},{"Length":665,"Height":398,"Demand":4,"DemandMax":null,"Value":165872},{"Length":641,"Height":456,"Demand":3,"DemandMax":null,"Value":174974},{"Length":469,"Height":321,"Demand":4,"DemandMax":null,"Value":131284},{"Length":663,"Height":107,"Demand":4,"DemandMax":null,"Value":68640},{"Length":303,"Height":229,"Demand":2,"DemandMax":null,"Value":50952},{"Length":243,"Height":448,"Demand":3,"DemandMax":null,"Value":67770},{"Length":167,"Height":641,"Demand":1,"DemandMax":null,"Value":63929},{"Length":504,"Height":190,"Demand":2,"DemandMax":null,"Value":85298}]}