{"Name":"1C_2","Objects":[{"Length":2550,"Height":1250,"Stock":null,"Cost":3187500}],"Items":[{"Length":371,"Height":112,"Demand":12,"DemandMax":null,"Value":20914},{"Length":242,"Height":154,"Demand":16,"DemandMax":null,"Value":23785},{"Length":472,"Height":176,"Demand":15,"DemandMax":null,"Value":67810},{"Length":154,"Height":196,"Demand":1,"DemandMax":null,"Value":22092},{"Length":583,"Height":397,"Demand":13,"DemandMax":null,"Value":183182},{"Length":588,"Height":151,"Demand":1,"DemandMax":null,"Value":86609},{"Length":264,"Height":283,"Demand":29,"DemandMax":null,"Value":55266},{"Length":162,"Height":597,"Demand":2,"DemandMax":null,"Value":51835},{"Length":388,"Height":548,"Demand":7,"DemandMax":null,"Value":109826},{"Length":577,"Height":638,"Demand":14,"DemandMax":null,"Value":297241},{"Length":628,"Height":181,"Demand":13,"DemandMax":null,"Value":109712},{"Length":647,"Height":498,"Demand":8,"DemandMax":null,"Value":311173},{"Length":290,"Height":665,"Demand":28,"DemandMax":null,"Value":115153},{"Length":121,"Height":229,"Demand":3,"DemandMax":null,"Value":24676},{"Length":256,"Height":382,"Demand":4,"DemandMax":null,"Value":91708},{"Length":352,"Height":582,"Demand":19,"DemandMax":null,"Value":162590},{"Length":116,"Height":122,"Demand":6,"DemandMax":null,"Value":9100},{"Length":495,"Height":431,"Demand":24,"DemandMax":null,"Value":184361},{"Length":557,"Height":172,"Demand":23,"DemandMax":null,"Value":55770},{"Length":634,"Height":271,"Demand":1,"DemandMax":null,"Value":166093},{"Length":338,"Height":107,"Demand":23,"DemandMax":null,"Value":32562},{"Length":142,"Height":201,"Demand":19,"DemandMax":null,"Value":27935},{"Length":328,"Height":213,"Demand":14,"DemandMax":null,"Value":65071},{"Length":231,"Height":496,"Demand":17,"DemandMax":null,"Value":89620},{"Length":464,"Height":203,"Demand":23,"DemandMax":null,"Value":50576}]}