{"Name":"5C_2","Objects":[{"Length":2500,"Height":1250,"Stock":null,"Cost":3125000}],"Items":[{"Length":210,"Height":418,"Demand":25,"DemandMax":null,"Value":44203},{"Length":323,"Height":435,"Demand":19,"DemandMax":null,"Value":134639},{"Length":186,"Height":155,"Demand":18,"DemandMax":null,"Value":19581},{"Length":280,"Height":254,"Demand":18,"DemandMax":null,"Value":40382},{"Length":300,"Height":401,"Demand":12,"DemandMax":null,"Value":69580},{"Length":158,"Height":138,"Demand":17,"DemandMax":null,"Value":16899},{"Length":381,"Height":128,"Demand":14,"DemandMax":null,"Value":47655},{"Length":94,"Height":413,"Demand":19,"DemandMax":null,"Value":31549},{"Length":286,"Height":483,"Demand":12,"DemandMax":null,"Value":107232},{"Length":71,"Height":303,"Demand":13,"DemandMax":null,"Value":18036},{"Length":274,"Height":224,"Demand":26,"DemandMax":null,"Value":58548},{"Length":185,"Height":91,"Demand":26,"DemandMax":null,"Value":16315},{"Length":208,"Height":405,"Demand":25,"DemandMax":null,"Value":66228},{"Length":308,"Height":373,"Demand":10,"DemandMax":null,"Value":75008},{"Length":56,"Height":483,"Demand":17,"DemandMax":null,"Value":17065},{"Length":118,"Height":221,"Demand":20,"DemandMax":null,"Value":16075},{"Length":292,"Height":264,"Demand":3,"DemandMax":null,"Value":53121},{"Length":498,"Height":152,"Demand":29,"DemandMax":null,"Value":58276},{"Length":131,"Height":90,"Demand":4,"DemandMax":null,"Value":8510},{"Length":140,"Height":476,"Demand":15,"DemandMax":null,"Value":50745},{"Length":143,"Height":137,"Demand":20,"DemandMax":null,"Value":15110},{"Length":122,"Height":80,"Demand":30,"DemandMax":null,"Value":6440},{"Length":208,"Height":439,"Demand":19,"DemandMax":null,"Value":52680},{"Length":141,"Height":466,"Demand":26,"DemandMax":null,"Value":53706},{"Length":112,"Height":385,"Demand":13,"DemandMax":null,"Value":28074},{"Length":73,"Height":381,"Demand":8,"DemandMax":null,"Value":17934},{"Length":78,"Height":311,"Demand":13,"DemandMax":null,"Value":23027},{"Length":303,"Height":325,"Demand":2,"DemandMax":null,"Value":60870},{"Length":320,"Height":165,"Demand":1,"DemandMax":null,"Value":42094},{"Length":482,"Height":181,"Demand":29,"DemandMax":null,"Value":57197},{"Length":353,"Height":144,"Demand":19,"DemandMax":null,"Value":39892},{"Length":64,"Height":91,"Demand":29,"DemandMax":null,"Value":5010},{"Length":204,"Height":470,"Demand":26,"DemandMax":null,"Value":73546},{"Length":102,"Height":156,"Demand":10,"DemandMax":null,"Value":13210},{"Length":306,"Height":240,"Demand":1,"DemandMax":null,"Value":72732},{"Length":380,"Height":202,"Demand":4,"DemandMax":null,"Value":46940},{"Length":351,"Height":228,"Demand":13,"DemandMax":null,"Value":59411},{"Length":91,"Height":326,"Demand":12,"DemandMax":null,"Value":21302},{"Length":86,"Height":452,"Demand":11,"DemandMax":null,"Value":34296},{"Length":56,"Height":244,"Demand":17,"DemandMax":null,"Value":10627},{"Length":498,"Height":334,"Demand":5,"DemandMax":null,"Value":114996},{"Length":384,"Height":169,"Demand":21,"DemandMax":null,"Value":39412},{"Length":406,"Height":124,"Demand":19,"DemandMax":null,"Value":38695},{"Length":126,"Height":78,"Demand":14,"DemandMax":null,"Value":6569},{"Length":418,"Height":102,"Demand":26,"DemandMax":null,"Value":31323},{"Length":489,"Height":330,"Demand":10,"DemandMax":null,"Value":119216},{"Length":215,"Height":442,"Demand":4,"DemandMax":null,"Value":82526},{"Length":304,"Height":491,"Demand":16,"DemandMax":null,"Value":82296},{"Length":249,"Height":90,"Demand":16,"DemandMax":null,"Value":12182},{"Length":99,"Height":488,"Demand":7,"DemandMax":null,"Value":44636}]}