{"Name":"5B_11","Objects":[{"Length":2100,"Height":1050,"Stock":null,"Cost":2205000}],"Items":[{"Length":446,"Height":283,"Demand":9,"DemandMax":null,"Value":63321},{"Length":214,"Height":228,"Demand":4,"DemandMax":null,"Value":35421},{"Length":224,"Height":421,"Demand":6,"DemandMax":null,"Value":77420},{"Length":345,"Height":337,"Demand":10,"DemandMax":null,"Value":71513},{"Length":88,"Height":276,"Demand":8,"DemandMax":null,"Value":14516},{"Length":433,"Height":356,"Demand":9,"DemandMax":null,"Value":153870},{"Length":313,"Height":174,"Demand":4,"DemandMax":null,"Value":36624},{"Length":119,"Height":173,"Demand":10,"DemandMax":null,"Value":10499},{"Length":68,"Height":474,"Demand":9,"DemandMax":null,"Value":22636},{"Length":240,"Height":251,"Demand":10,"DemandMax":null,"Value":54412},{"Length":139,"Height":243,"Demand":6,"DemandMax":null,"Value":18228},{"Length":262,"Height":233,"Demand":6,"DemandMax":null,"Value":57602},{"Length":168,"Height":488,"Demand":9,"DemandMax":null,"Value":77829},{"Length":186,"Height":248,"Demand":10,"DemandMax":null,"Value":25775},{"Length":365,"Height":64,"Demand":7,"DemandMax":null,"Value":17827},{"Length":133,"Height":190,"Demand":7,"DemandMax":null,"Value":14233},{"Length":284,"Height":381,"Demand":6,"DemandMax":null,"Value":69154},{"Length":137,"Height":452,"Demand":7,"DemandMax":null,"Value":36306},{"Length":267,"Height":481,"Demand":7,"DemandMax":null,"Value":84798},{"Length":120,"Height":126,"Demand":2,"DemandMax":null,"Value":9391},{"Length":323,"Height":395,"Demand":9,"DemandMax":null,"Value":83208},{"Length":79,"Height":245,"Demand":4,"DemandMax":null,"Value":13229},{"Length":80,"Height":87,"Demand":6,"DemandMax":null,"Value":6061},{"Length":59,"Height":310,"Demand":10,"DemandMax":null,"Value":13718},{"Length":277,"Height":99,"Demand":8,"DemandMax":null,"Value":18751},{"Length":412,"Height":462,"Demand":3,"DemandMax":null,"Value":139437},{"Length":403,"Height":240,"Demand":10,"DemandMax":null,"Value":57435},{"Length":181,"Height":160,"Demand":5,"DemandMax":null,"Value":16361},{"Length":367,"Height":445,"Demand":10,"DemandMax":null,"Value":82141},{"Length":223,"Height":415,"Demand":8,"DemandMax":null,"Value":77336},{"Length":470,"Height":319,"Demand":10,"DemandMax":null,"Value":81671},{"Length":485,"Height":380,"Demand":6,"DemandMax":null,"Value":111403},{"Length":488,"Height":326,"Demand":8,"DemandMax":null,"Value":109673},{"Length":342,"Height":190,"Demand":2,"DemandMax":null,"Value":59610},{"Length":493,"Height":103,"Demand":10,"DemandMax":null,"Value":36045},{"Length":90,"Height":374,"Demand":10,"DemandMax":null,"Value":29603},{"Length":214,"Height":113,"Demand":3,"DemandMax":null,"Value":13309},{"Length":256,"Height":422,"Demand":10,"DemandMax":null,"Value":84830},{"Length":421,"Height":298,"Demand":5,"DemandMax":null,"Value":91234},{"Length":95,"Height":337,"Demand":4,"DemandMax":null,"Value":17402},{"Length":375,"Height":182,"Demand":8,"DemandMax":null,"Value":45880},{"Length":173,"Height":51,"Demand":7,"DemandMax":null,"Value":6963},{"Length":322,"Height":83,"Demand":7,"DemandMax":null,"Value":25958},{"Length":254,"Height":101,"Demand":6,"DemandMax":null,"Value":24404},{"Length":264,"Height":139,"Demand":7,"DemandMax":null,"Value":29653},{"Length":447,"Height":467,"Demand":6,"DemandMax":null,"Value":202448},{"Length":134,"Height":263,"Demand":8,"DemandMax":null,"Value":23604},{"Length":217,"Height":99,"Demand":3,"DemandMax":null,"Value":13308},{"Length":63,"Height":266,"Demand":9,"DemandMax":null,"Value":9316},{"Length":233,"Height":360,"Demand":4,"DemandMax":null,"Value":70210}]}