{"Name":"1C_12","Objects":[{"Length":2850,"Height":1400,"Stock":null,"Cost":3990000}],"Items":[{"Length":201,"Height":637,"Demand":1,"DemandMax":null,"Value":64444},{"Length":157,"Height":655,"Demand":2,"DemandMax":null,"Value":65630},{"Length":596,"Height":209,"Demand":25,"DemandMax":null,"Value":101679},{"Length":513,"Height":387,"Demand":6,"DemandMax":null,"Value":145310},{"Length":483,"Height":436,"Demand":7,"DemandMax":null,"Value":166670},{"Length":439,"Height":332,"Demand":21,"DemandMax":null,"Value":142172},{"Length":604,"Height":253,"Demand":28,"DemandMax":null,"Value":113039},{"Length":231,"Height":354,"Demand":3,"DemandMax":null,"Value":43828},{"Length":613,"Height":477,"Demand":9,"DemandMax":null,"Value":151033},{"Length":681,"Height":255,"Demand":12,"DemandMax":null,"Value":140217},{"Length":127,"Height":100,"Demand":22,"DemandMax":null,"Value":12258},{"Length":451,"Height":271,"Demand":7,"DemandMax":null,"Value":118036},{"Length":163,"Height":215,"Demand":26,"DemandMax":null,"Value":20926},{"Length":279,"Height":606,"Demand":4,"DemandMax":null,"Value":150565},{"Length":361,"Height":287,"Demand":10,"DemandMax":null,"Value":97161},{"Length":354,"Height":398,"Demand":13,"DemandMax":null,"Value":111819},{"Length":181,"Height":148,"Demand":15,"DemandMax":null,"Value":17226},{"Length":614,"Height":533,"Demand":8,"DemandMax":null,"Value":282802},{"Length":683,"Height":530,"Demand":27,"DemandMax":null,"Value":210724},{"Length":534,"Height":202,"Demand":6,"DemandMax":null,"Value":104276},{"Length":614,"Height":333,"Demand":9,"DemandMax":null,"Value":184089},{"Length":558,"Height":589,"Demand":21,"DemandMax":null,"Value":321676},{"Length":228,"Height":292,"Demand":3,"DemandMax":null,"Value":62009},{"Length":441,"Height":623,"Demand":3,"DemandMax":null,"Value":214901},{"Length":252,"Height":262,"Demand":16,"DemandMax":null,"Value":35451}]}