{"Name":"5B_1","Objects":[{"Length":2000,"Height":1000,"Stock":null,"Cost":2000000}],"Items":[{"Length":50,"Height":68,"Demand":1,"DemandMax":null,"Value":1706},{"Length":444,"Height":255,"Demand":3,"DemandMax":null,"Value":82193},{"Length":218,"Height":86,"Demand":9,"DemandMax":null,"Value":15391},{"Length":385,"Height":325,"Demand":5,"DemandMax":null,"Value":76963},{"Length":429,"Height":156,"Demand":7,"DemandMax":null,"Value":39997},{"Length":481,"Height":470,"Demand":7,"DemandMax":null,"Value":225663},{"Length":378,"Height":483,"Demand":1,"DemandMax":null,"Value":122777},{"Length":292,"Height":283,"Demand":1,"DemandMax":null,"Value":42141},{"Length":427,"Height":214,"Demand":8,"DemandMax":null,"Value":64174},{"Length":498,"Height":251,"Demand":6,"DemandMax":null,"Value":112905},{"Length":120,"Height":224,"Demand":10,"DemandMax":null,"Value":14506},{"Length":438,"Height":226,"Demand":6,"DemandMax":null,"Value":93404},{"Length":235,"Height":166,"Demand":9,"DemandMax":null,"Value":37033},{"Length":290,"Height":263,"Demand":1,"DemandMax":null,"Value":42618},{"Length":55,"Height":272,"Demand":3,"DemandMax":null,"Value":11417},{"Length":109,"Height":295,"Demand":7,"DemandMax":null,"Value":18110},{"Length":214,"Height":133,"Demand":10,"DemandMax":null,"Value":18190},{"Length":326,"Height":64,"Demand":7,"DemandMax":null,"Value":12233},{"Length":216,"Height":172,"Demand":2,"DemandMax":null,"Value":24531},{"Length":66,"Height":257,"Demand":6,"DemandMax":null,"Value":10535},{"Length":221,"Height":475,"Demand":9,"DemandMax":null,"Value":68463},{"Length":200,"Height":289,"Demand":7,"DemandMax":null,"Value":39505},{"Length":478,"Height":307,"Demand":2,"DemandMax":null,"Value":127789},{"Length":437,"Height":399,"Demand":5,"DemandMax":null,"Value":130782},{"Length":406,"Height":268,"Demand":8,"DemandMax":null,"Value":74399},{"Length":377,"Height":60,"Demand":8,"DemandMax":null,"Value":16570},{"Length":109,"Height":70,"Demand":10,"DemandMax":null,"Value":4531},{"Length":312,"Height":355,"Demand":10,"DemandMax":null,"Value":62575},{"Length":419,"Height":214,"Demand":7,"DemandMax":null,"Value":45098},{"Length":92,"Height":481,"Demand":10,"DemandMax":null,"Value":36980},{"Length":289,"Height":244,"Demand":2,"DemandMax":null,"Value":38412},{"Length":159,"Height":94,"Demand":5,"DemandMax":null,"Value":9034},{"Length":118,"Height":413,"Demand":9,"DemandMax":null,"Value":33596},{"Length":271,"Height":124,"Demand":4,"DemandMax":null,"Value":30827},{"Length":149,"Height":195,"Demand":7,"DemandMax":null,"Value":20625},{"Length":250,"Height":320,"Demand":4,"DemandMax":null,"Value":70357},{"Length":65,"Height":332,"Demand":3,"DemandMax":null,"Value":11877},{"Length":262,"Height":112,"Demand":4,"DemandMax":null,"Value":23042},{"Length":85,"Height":435,"Demand":7,"DemandMax":null,"Value":26889},{"Length":231,"Height":226,"Demand":6,"DemandMax":null,"Value":28377},{"Length":398,"Height":434,"Demand":2,"DemandMax":null,"Value":116116},{"Length":407,"Height":210,"Demand":2,"DemandMax":null,"Value":67450},{"Length":200,"Height":237,"Demand":5,"DemandMax":null,"Value":46037},{"Length":250,"Height":205,"Demand":7,"DemandMax":null,"Value":48753},{"Length":427,"Height":172,"Demand":3,"DemandMax":null,"Value":59348},{"Length":139,"Height":386,"Demand":3,"DemandMax":null,"Value":52035},{"Length":418,"Height":439,"Demand":4,"DemandMax":null,"Value":122905},{"Length":220,"Height":251,"Demand":8,"DemandMax":null,"Value":34208},{"Length":223,"Height":370,"Demand":6,"DemandMax":null,"Value":45867},{"Length":484,"Height":485,"Demand":10,"DemandMax":null,"Value":196485}]}