{"Name":"3B_10","Objects":[{"Length":2050,"Height":1050,"Stock":null,"Cost":2152500}],"Items":[{"Length":614,"Height":210,"Demand":6,"DemandMax":null,"Value":65066},{"Length":484,"Height":115,"Demand":8,"DemandMax":null,"Value":50229},{"Length":267,"Height":640,"Demand":3,"DemandMax":null,"Value":154393},{"Length":303,"Height":432,"Demand":9,"DemandMax":null,"Value":101906},{"Length":639,"Height":592,"Demand":9,"DemandMax":null,"Value":334233},{"Length":405,"Height":492,"Demand":1,"DemandMax":null,"Value":106264},{"Length":575,"Height":574,"Demand":1,"DemandMax":null,"Value":321644},{"Length":180,"Height":311,"Demand":7,"DemandMax":null,"Value":48963},{"Length":363,"Height":468,"Demand":5,"DemandMax":null,"Value":96351},{"Length":293,"Height":643,"Demand":3,"DemandMax":null,"Value":163595},{"Length":367,"Height":446,"Demand":1,"DemandMax":null,"Value":148381},{"Length":546,"Height":138,"Demand":3,"DemandMax":null,"Value":74084},{"Length":324,"Height":187,"Demand":4,"DemandMax":null,"Value":53332},{"Length":600,"Height":486,"Demand":4,"DemandMax":null,"Value":278456},{"Length":173,"Height":290,"Demand":9,"DemandMax":null,"Value":37228},{"Length":445,"Height":154,"Demand":5,"DemandMax":null,"Value":46063},{"Length":573,"Height":693,"Demand":3,"DemandMax":null,"Value":310726},{"Length":327,"Height":309,"Demand":8,"DemandMax":null,"Value":68098},{"Length":441,"Height":399,"Demand":2,"DemandMax":null,"Value":142251},{"Length":490,"Height":508,"Demand":5,"DemandMax":null,"Value":199036},{"Length":300,"Height":561,"Demand":9,"DemandMax":null,"Value":156386},{"Length":306,"Height":414,"Demand":8,"DemandMax":null,"Value":78604},{"Length":155,"Height":671,"Demand":10,"DemandMax":null,"Value":92377},{"Length":179,"Height":585,"Demand":9,"DemandMax":null,"Value":59172},{"Length":572,"Height":491,"Demand":10,"DemandMax":null,"Value":233209},{"Length":177,"Height":627,"Demand":7,"DemandMax":null,"Value":76400},{"Length":596,"Height":361,"Demand":2,"DemandMax":null,"Value":167229},{"Length":188,"Height":126,"Demand":1,"DemandMax":null,"Value":21260},{"Length":510,"Height":633,"Demand":8,"DemandMax":null,"Value":322613},{"Length":609,"Height":283,"Demand":4,"DemandMax":null,"Value":118521},{"Length":528,"Height":588,"Demand":1,"DemandMax":null,"Value":231723},{"Length":374,"Height":495,"Demand":5,"DemandMax":null,"Value":117227},{"Length":370,"Height":452,"Demand":9,"DemandMax":null,"Value":122262},{"Length":461,"Height":229,"Demand":6,"DemandMax":null,"Value":60327},{"Length":625,"Height":221,"Demand":3,"DemandMax":null,"Value":92776},{"Length":698,"Height":577,"Demand":10,"DemandMax":null,"Value":276737},{"Length":646,"Height":308,"Demand":10,"DemandMax":null,"Value":179294},{"Length":419,"Height":228,"Demand":6,"DemandMax":null,"Value":57508},{"Length":400,"Height":112,"Demand":4,"DemandMax":null,"Value":38060},{"Length":583,"Height":667,"Demand":7,"DemandMax":null,"Value":260657},{"Length":464,"Height":666,"Demand":4,"DemandMax":null,"Value":286041},{"Length":412,"Height":527,"Demand":3,"DemandMax":null,"Value":115752},{"Length":662,"Height":299,"Demand":9,"DemandMax":null,"Value":150811},{"Length":340,"Height":423,"Demand":6,"DemandMax":null,"Value":94462},{"Length":593,"Height":519,"Demand":7,"DemandMax":null,"Value":237919},{"Length":542,"Height":363,"Demand":4,"DemandMax":null,"Value":125408},{"Length":171,"Height":345,"Demand":6,"DemandMax":null,"Value":47618},{"Length":163,"Height":648,"Demand":10,"DemandMax":null,"Value":58427},{"Length":521,"Height":508,"Demand":7,"DemandMax":null,"Value":176904},{"Length":631,"Height":357,"Demand":7,"DemandMax":null,"Value":147805},{"Length":102,"Height":627,"Demand":4,"DemandMax":null,"Value":48778},{"Length":324,"Height":370,"Demand":8,"DemandMax":null,"Value":92724},{"Length":348,"Height":357,"Demand":2,"DemandMax":null,"Value":109371},{"Length":323,"Height":406,"Demand":7,"DemandMax":null,"Value":65601},{"Length":194,"Height":349,"Demand":10,"DemandMax":null,"Value":67334},{"Length":486,"Height":196,"Demand":8,"DemandMax":null,"Value":64137},{"Length":529,"Height":296,"Demand":1,"DemandMax":null,"Value":114634},{"Length":226,"Height":587,"Demand":9,"DemandMax":null,"Value":103550},{"Length":200,"Height":303,"Demand":5,"DemandMax":null,"Value":41161},{"Length":546,"Height":395,"Demand":4,"DemandMax":null,"Value":203921},{"Length":614,"Height":269,"Demand":7,"DemandMax":null,"Value":119967},{"Length":669,"Height":289,"Demand":5,"DemandMax":null,"Value":192367},{"Length":110,"Height":131,"Demand":4,"DemandMax":null,"Value":7995},{"Length":333,"Height":496,"Demand":5,"DemandMax":null,"Value":153791},{"Length":232,"Height":634,"Demand":3,"DemandMax":null,"Value":136110},{"Length":317,"Height":113,"Demand":6,"DemandMax":null,"Value":34071},{"Length":150,"Height":525,"Demand":10,"DemandMax":null,"Value":76005},{"Length":574,"Height":255,"Demand":2,"DemandMax":null,"Value":80241},{"Length":462,"Height":530,"Demand":5,"DemandMax":null,"Value":239057},{"Length":247,"Height":527,"Demand":8,"DemandMax":null,"Value":97983},{"Length":661,"Height":116,"Demand":6,"DemandMax":null,"Value":54729},{"Length":655,"Height":363,"Demand":4,"DemandMax":null,"Value":188412},{"Length":431,"Height":621,"Demand":2,"DemandMax":null,"Value":247014},{"Length":121,"Height":622,"Demand":9,"DemandMax":null,"Value":69770},{"Length":429,"Height":492,"Demand":6,"DemandMax":null,"Value":209683},{"Length":392,"Height":375,"Demand":2,"DemandMax":null,"Value":75196},{"Length":483,"Height":396,"Demand":2,"DemandMax":null,"Value":132683},{"Length":451,"Height":573,"Demand":5,"DemandMax":null,"Value":135020},{"Length":179,"Height":687,"Demand":4,"DemandMax":null,"Value":111429},{"Length":117,"Height":609,"Demand":10,"DemandMax":null,"Value":64680},{"Length":170,"Height":335,"Demand":7,"DemandMax":null,"Value":51708},{"Length":609,"Height":329,"Demand":2,"DemandMax":null,"Value":151082},{"Length":223,"Height":589,"Demand":10,"DemandMax":null,"Value":110262},{"Length":333,"Height":104,"Demand":3,"DemandMax":null,"Value":33616},{"Length":598,"Height":322,"Demand":2,"DemandMax":null,"Value":171215},{"Length":551,"Height":549,"Demand":10,"DemandMax":null,"Value":158635},{"Length":144,"Height":605,"Demand":6,"DemandMax":null,"Value":62335},{"Length":609,"Height":389,"Demand":10,"DemandMax":null,"Value":188063},{"Length":585,"Height":401,"Demand":5,"DemandMax":null,"Value":123754},{"Length":141,"Height":698,"Demand":5,"DemandMax":null,"Value":88526},{"Length":328,"Height":237,"Demand":6,"DemandMax":null,"Value":68161},{"Length":180,"Height":547,"Demand":7,"DemandMax":null,"Value":96364},{"Length":357,"Height":671,"Demand":8,"DemandMax":null,"Value":211204},{"Length":414,"Height":342,"Demand":4,"DemandMax":null,"Value":122610},{"Length":622,"Height":299,"Demand":9,"DemandMax":null,"Value":116467},{"Length":537,"Height":525,"Demand":10,"DemandMax":null,"Value":162920},{"Length":442,"Height":420,"Demand":1,"DemandMax":null,"Value":122507},{"Length":677,"Height":325,"Demand":5,"DemandMax":null,"Value":208875},{"Length":121,"Height":630,"Demand":8,"DemandMax":null,"Value":52246},{"Length":443,"Height":577,"Demand":8,"DemandMax":null,"Value":199964},{"Length":501,"Height":476,"Demand":10,"DemandMax":null,"Value":231915},{"Length":598,"Height":287,"Demand":1,"DemandMax":null,"Value":89301},{"Length":577,"Height":439,"Demand":6,"DemandMax":null,"Value":148880},{"Length":489,"Height":597,"Demand":1,"DemandMax":null,"Value":234748},{"Length":134,"Height":487,"Demand":3,"DemandMax":null,"Value":64906},{"Length":555,"Height":607,"Demand":6,"DemandMax":null,"Value":292429},{"Length":613,"Height":334,"Demand":5,"DemandMax":null,"Value":158088},{"Length":410,"Height":414,"Demand":9,"DemandMax":null,"Value":111918},{"Length":411,"Height":502,"Demand":3,"DemandMax":null,"Value":192170},{"Length":424,"Height":416,"Demand":1,"DemandMax":null,"Value":153030},{"Length":658,"Height":573,"Demand":5,"DemandMax":null,"Value":336174},{"Length":275,"Height":620,"Demand":10,"DemandMax":null,"Value":136902},{"Length":369,"Height":374,"Demand":9,"DemandMax":null,"Value":127677},{"Length":255,"Height":381,"Demand":8,"DemandMax":null,"Value":79750},{"Length":369,"Height":574,"Demand":2,"DemandMax":null,"Value":127997},{"Length":177,"Height":191,"Demand":1,"DemandMax":null,"Value":27703},{"Length":422,"Height":358,"Demand":2,"DemandMax":null,"Value":120199},{"Length":625,"Height":687,"Demand":3,"DemandMax":null,"Value":342667},{"Length":660,"Height":249,"Demand":4,"DemandMax":null,"Value":141485},{"Length":538,"Height":686,"Demand":5,"DemandMax":null,"Value":229785},{"Length":321,"Height":596,"Demand":3,"DemandMax":null,"Value":144250},{"Length":127,"Height":538,"Demand":2,"DemandMax":null,"Value":38158},{"Length":510,"Height":382,"Demand":9,"DemandMax":null,"Value":186083},{"Length":647,"Height":677,"Demand":8,"DemandMax":null,"Value":379669},{"Length":617,"Height":507,"Demand":6,"DemandMax":null,"Value":306895},{"Length":363,"Height":386,"Demand":1,"DemandMax":null,"Value":123084},{"Length":661,"Height":208,"Demand":2,"DemandMax":null,"Value":117180},{"Length":550,"Height":387,"Demand":10,"DemandMax":null,"Value":111401},{"Length":661,"Height":542,"Demand":5,"DemandMax":null,"Value":254453},{"Length":307,"Height":615,"Demand":3,"DemandMax":null,"Value":163213},{"Length":187,"Height":234,"Demand":5,"DemandMax":null,"Value":24591},{"Length":312,"Height":198,"Demand":4,"DemandMax":null,"Value":51000},{"Length":295,"Height":131,"Demand":5,"DemandMax":null,"Value":27292},{"Length":626,"Height":302,"Demand":10,"DemandMax":null,"Value":109688},{"Length":435,"Height":649,"Demand":10,"DemandMax":null,"Value":161004},{"Length":571,"Height":410,"Demand":5,"DemandMax":null,"Value":125036},{"Length":665,"Height":290,"Demand":8,"DemandMax":null,"Value":150348},{"Length":393,"Height":557,"Demand":3,"DemandMax":null,"Value":123627},{"Length":530,"Height":354,"Demand":7,"DemandMax":null,"Value":112033},{"Length":200,"Height":308,"Demand":1,"DemandMax":null,"Value":44833},{"Length":515,"Height":489,"Demand":5,"DemandMax":null,"Value":183444},{"Length":201,"Height":483,"Demand":7,"DemandMax":null,"Value":55412},{"Length":136,"Height":175,"Demand":6,"DemandMax":null,"Value":16528},{"Length":394,"Height":308,"Demand":1,"DemandMax":null,"Value":69335},{"Length":191,"Height":693,"Demand":7,"DemandMax":null,"Value":112115},{"Length":109,"Height":458,"Demand":6,"DemandMax":null,"Value":29969},{"Length":271,"Height":290,"Demand":10,"DemandMax":null,"Value":74731},{"Length":208,"Height":458,"Demand":10,"DemandMax":null,"Value":72767},{"Length":111,"Height":534,"Demand":7,"DemandMax":null,"Value":52919},{"Length":419,"Height":163,"Demand":3,"DemandMax":null,"Value":38718},{"Length":462,"Height":210,"Demand":8,"DemandMax":null,"Value":79417},{"Length":655,"Height":249,"Demand":8,"DemandMax":null,"Value":101308},{"Length":537,"Height":543,"Demand":7,"DemandMax":null,"Value":190050},{"Length":335,"Height":678,"Demand":3,"DemandMax":null,"Value":150247},{"Length":445,"Height":375,"Demand":6,"DemandMax":null,"Value":138070},{"Length":598,"Height":224,"Demand":10,"DemandMax":null,"Value":133306},{"Length":190,"Height":414,"Demand":8,"DemandMax":null,"Value":78139},{"Length":676,"Height":460,"Demand":5,"DemandMax":null,"Value":233455},{"Length":491,"Height":490,"Demand":1,"DemandMax":null,"Value":169100},{"Length":327,"Height":132,"Demand":4,"DemandMax":null,"Value":42433},{"Length":570,"Height":403,"Demand":10,"DemandMax":null,"Value":127484},{"Length":319,"Height":528,"Demand":10,"DemandMax":null,"Value":149164},{"Length":164,"Height":256,"Demand":6,"DemandMax":null,"Value":27404},{"Length":279,"Height":116,"Demand":3,"DemandMax":null,"Value":20382},{"Length":295,"Height":250,"Demand":2,"DemandMax":null,"Value":69852},{"Length":329,"Height":259,"Demand":4,"DemandMax":null,"Value":63770},{"Length":393,"Height":635,"Demand":8,"DemandMax":null,"Value":209198},{"Length":581,"Height":287,"Demand":8,"DemandMax":null,"Value":96169},{"Length":132,"Height":524,"Demand":6,"DemandMax":null,"Value":42868},{"Length":657,"Height":339,"Demand":6,"DemandMax":null,"Value":137303},{"Length":264,"Height":497,"Demand":6,"DemandMax":null,"Value":104403},{"Length":260,"Height":364,"Demand":4,"DemandMax":null,"Value":81400},{"Length":649,"Height":180,"Demand":6,"DemandMax":null,"Value":91149},{"Length":366,"Height":261,"Demand":10,"DemandMax":null,"Value":64074},{"Length":614,"Height":588,"Demand":10,"DemandMax":null,"Value":297308},{"Length":630,"Height":146,"Demand":5,"DemandMax":null,"Value":74622},{"Length":523,"Height":627,"Demand":3,"DemandMax":null,"Value":165206},{"Length":655,"Height":303,"Demand":1,"DemandMax":null,"Value":144253},{"Length":431,"Height":663,"Demand":6,"DemandMax":null,"Value":171738},{"Length":273,"Height":676,"Demand":9,"DemandMax":null,"Value":140896},{"Length":276,"Height":488,"Demand":5,"DemandMax":null,"Value":124843},{"Length":654,"Height":210,"Demand":8,"DemandMax":null,"Value":98517},{"Length":544,"Height":535,"Demand":5,"DemandMax":null,"Value":161343},{"Length":539,"Height":285,"Demand":6,"DemandMax":null,"Value":79365},{"Length":250,"Height":368,"Demand":2,"DemandMax":null,"Value":61119},{"Length":259,"Height":281,"Demand":7,"DemandMax":null,"Value":36615},{"Length":603,"Height":473,"Demand":9,"DemandMax":null,"Value":209608},{"Length":577,"Height":367,"Demand":9,"DemandMax":null,"Value":161962},{"Length":591,"Height":599,"Demand":4,"DemandMax":null,"Value":297575},{"Length":561,"Height":698,"Demand":9,"DemandMax":null,"Value":329693},{"Length":246,"Height":299,"Demand":4,"DemandMax":null,"Value":53394},{"Length":220,"Height":653,"Demand":10,"DemandMax":null,"Value":134749},{"Length":465,"Height":474,"Demand":4,"DemandMax":null,"Value":193056},{"Length":567,"Height":601,"Demand":2,"DemandMax":null,"Value":201905},{"Length":637,"Height":430,"Demand":9,"DemandMax":null,"Value":231031},{"Length":540,"Height":674,"Demand":8,"DemandMax":null,"Value":241061},{"Length":669,"Height":555,"Demand":4,"DemandMax":null,"Value":340859},{"Length":549,"Height":540,"Demand":2,"DemandMax":null,"Value":290986},{"Length":475,"Height":604,"Demand":5,"DemandMax":null,"Value":185530},{"Length":594,"Height":358,"Demand":5,"DemandMax":null,"Value":168430}]}