{"Name":"5A_10","Objects":[{"Length":2900,"Height":1200,"Stock":null,"Cost":3480000}],"Items":[{"Length":215,"Height":381,"Demand":2,"DemandMax":null,"Value":41185},{"Length":223,"Height":303,"Demand":2,"DemandMax":null,"Value":56361},{"Length":208,"Height":356,"Demand":4,"DemandMax":null,"Value":60559},{"Length":170,"Height":76,"Demand":1,"DemandMax":null,"Value":8953},{"Length":493,"Height":364,"Demand":5,"DemandMax":null,"Value":100526},{"Length":147,"Height":73,"Demand":1,"DemandMax":null,"Value":8760},{"Length":278,"Height":445,"Demand":4,"DemandMax":null,"Value":88738},{"Length":382,"Height":119,"Demand":1,"DemandMax":null,"Value":23970},{"Length":100,"Height":199,"Demand":3,"DemandMax":null,"Value":14828},{"Length":133,"Height":259,"Demand":5,"DemandMax":null,"Value":28914},{"Length":356,"Height":271,"Demand":1,"DemandMax":null,"Value":95513},{"Length":345,"Height":189,"Demand":1,"DemandMax":null,"Value":62491},{"Length":69,"Height":99,"Demand":1,"DemandMax":null,"Value":6019},{"Length":196,"Height":324,"Demand":2,"DemandMax":null,"Value":38945},{"Length":260,"Height":489,"Demand":1,"DemandMax":null,"Value":90638},{"Length":322,"Height":94,"Demand":3,"DemandMax":null,"Value":26742},{"Length":236,"Height":80,"Demand":1,"DemandMax":null,"Value":12116},{"Length":87,"Height":342,"Demand":1,"DemandMax":null,"Value":22956},{"Length":53,"Height":265,"Demand":3,"DemandMax":null,"Value":10883},{"Length":172,"Height":330,"Demand":2,"DemandMax":null,"Value":29410},{"Length":217,"Height":376,"Demand":3,"DemandMax":null,"Value":80311},{"Length":453,"Height":54,"Demand":4,"DemandMax":null,"Value":21534},{"Length":427,"Height":177,"Demand":1,"DemandMax":null,"Value":68868},{"Length":494,"Height":429,"Demand":1,"DemandMax":null,"Value":128173},{"Length":305,"Height":172,"Demand":2,"DemandMax":null,"Value":30735},{"Length":212,"Height":242,"Demand":2,"DemandMax":null,"Value":48478},{"Length":58,"Height":407,"Demand":4,"DemandMax":null,"Value":17633},{"Length":276,"Height":156,"Demand":4,"DemandMax":null,"Value":25650},{"Length":263,"Height":365,"Demand":2,"DemandMax":null,"Value":82320},{"Length":229,"Height":123,"Demand":3,"DemandMax":null,"Value":19120},{"Length":179,"Height":492,"Demand":2,"DemandMax":null,"Value":48623},{"Length":333,"Height":91,"Demand":5,"DemandMax":null,"Value":21210},{"Length":86,"Height":67,"Demand":5,"DemandMax":null,"Value":4990},{"Length":179,"Height":480,"Demand":3,"DemandMax":null,"Value":47349},{"Length":297,"Height":359,"Demand":4,"DemandMax":null,"Value":70554},{"Length":459,"Height":152,"Demand":1,"DemandMax":null,"Value":65223},{"Length":268,"Height":193,"Demand":1,"DemandMax":null,"Value":38301},{"Length":60,"Height":368,"Demand":1,"DemandMax":null,"Value":19385},{"Length":255,"Height":359,"Demand":4,"DemandMax":null,"Value":69974},{"Length":497,"Height":232,"Demand":5,"DemandMax":null,"Value":66170},{"Length":239,"Height":267,"Demand":4,"DemandMax":null,"Value":57039},{"Length":436,"Height":243,"Demand":1,"DemandMax":null,"Value":103125},{"Length":220,"Height":472,"Demand":3,"DemandMax":null,"Value":53146},{"Length":432,"Height":150,"Demand":4,"DemandMax":null,"Value":40798},{"Length":158,"Height":419,"Demand":3,"DemandMax":null,"Value":41972},{"Length":265,"Height":286,"Demand":1,"DemandMax":null,"Value":47408},{"Length":295,"Height":461,"Demand":1,"DemandMax":null,"Value":88832},{"Length":263,"Height":389,"Demand":2,"DemandMax":null,"Value":78188},{"Length":231,"Height":117,"Demand":1,"DemandMax":null,"Value":26923},{"Length":349,"Height":448,"Demand":2,"DemandMax":null,"Value":142851}]}