{"Name":"4A_4","Objects":[{"Length":2450,"Height":1150,"Stock":null,"Cost":2817500}],"Items":[{"Length":125,"Height":145,"Demand":3,"DemandMax":null,"Value":9149},{"Length":227,"Height":243,"Demand":1,"DemandMax":null,"Value":49338},{"Length":110,"Height":459,"Demand":4,"DemandMax":null,"Value":36416},{"Length":457,"Height":182,"Demand":5,"DemandMax":null,"Value":73198},{"Length":205,"Height":274,"Demand":4,"DemandMax":null,"Value":48065},{"Length":92,"Height":421,"Demand":4,"DemandMax":null,"Value":27618},{"Length":138,"Height":263,"Demand":1,"DemandMax":null,"Value":22393},{"Length":358,"Height":405,"Demand":3,"DemandMax":null,"Value":107385},{"Length":413,"Height":92,"Demand":2,"DemandMax":null,"Value":31271},{"Length":165,"Height":415,"Demand":2,"DemandMax":null,"Value":40187},{"Length":131,"Height":101,"Demand":5,"DemandMax":null,"Value":11905},{"Length":456,"Height":189,"Demand":1,"DemandMax":null,"Value":84912},{"Length":433,"Height":290,"Demand":1,"DemandMax":null,"Value":112220},{"Length":226,"Height":296,"Demand":4,"DemandMax":null,"Value":47653},{"Length":454,"Height":305,"Demand":5,"DemandMax":null,"Value":104950},{"Length":333,"Height":255,"Demand":2,"DemandMax":null,"Value":82014},{"Length":167,"Height":68,"Demand":4,"DemandMax":null,"Value":5793},{"Length":347,"Height":401,"Demand":3,"DemandMax":null,"Value":71994},{"Length":406,"Height":428,"Demand":5,"DemandMax":null,"Value":155043},{"Length":159,"Height":59,"Demand":3,"DemandMax":null,"Value":8222},{"Length":187,"Height":198,"Demand":2,"DemandMax":null,"Value":35240},{"Length":291,"Height":312,"Demand":2,"DemandMax":null,"Value":75279},{"Length":101,"Height":307,"Demand":2,"DemandMax":null,"Value":17845},{"Length":276,"Height":492,"Demand":4,"DemandMax":null,"Value":120336},{"Length":346,"Height":166,"Demand":5,"DemandMax":null,"Value":57369}]}