{"Name":"1B_8","Objects":[{"Length":2200,"Height":1050,"Stock":null,"Cost":2310000}],"Items":[{"Length":593,"Height":606,"Demand":7,"DemandMax":null,"Value":181247},{"Length":396,"Height":580,"Demand":8,"DemandMax":null,"Value":133759},{"Length":331,"Height":484,"Demand":7,"DemandMax":null,"Value":86602},{"Length":274,"Height":161,"Demand":10,"DemandMax":null,"Value":41584},{"Length":355,"Height":683,"Demand":7,"DemandMax":null,"Value":144652},{"Length":201,"Height":402,"Demand":4,"DemandMax":null,"Value":59285},{"Length":636,"Height":254,"Demand":6,"DemandMax":null,"Value":119066},{"Length":210,"Height":181,"Demand":3,"DemandMax":null,"Value":22729},{"Length":363,"Height":115,"Demand":2,"DemandMax":null,"Value":33706},{"Length":226,"Height":375,"Demand":1,"DemandMax":null,"Value":70969},{"Length":127,"Height":276,"Demand":1,"DemandMax":null,"Value":32171},{"Length":286,"Height":420,"Demand":5,"DemandMax":null,"Value":117702},{"Length":121,"Height":479,"Demand":7,"DemandMax":null,"Value":40060},{"Length":281,"Height":227,"Demand":3,"DemandMax":null,"Value":44175},{"Length":509,"Height":310,"Demand":1,"DemandMax":null,"Value":86612},{"Length":100,"Height":271,"Demand":6,"DemandMax":null,"Value":23018},{"Length":208,"Height":688,"Demand":5,"DemandMax":null,"Value":105390},{"Length":221,"Height":250,"Demand":4,"DemandMax":null,"Value":42445},{"Length":143,"Height":285,"Demand":8,"DemandMax":null,"Value":27255},{"Length":282,"Height":233,"Demand":4,"DemandMax":null,"Value":33169},{"Length":485,"Height":482,"Demand":2,"DemandMax":null,"Value":130504},{"Length":292,"Height":211,"Demand":8,"DemandMax":null,"Value":57877},{"Length":290,"Height":642,"Demand":6,"DemandMax":null,"Value":138267},{"Length":345,"Height":665,"Demand":3,"DemandMax":null,"Value":121574},{"Length":635,"Height":644,"Demand":6,"DemandMax":null,"Value":292905}]}