{"Name":"2A_2","Objects":[{"Length":2800,"Height":1400,"Stock":null,"Cost":3920000}],"Items":[{"Length":257,"Height":631,"Demand":5,"DemandMax":null,"Value":81638},{"Length":529,"Height":320,"Demand":1,"DemandMax":null,"Value":163564},{"Length":135,"Height":688,"Demand":3,"DemandMax":null,"Value":80013},{"Length":302,"Height":161,"Demand":5,"DemandMax":null,"Value":46983},{"Length":593,"Height":660,"Demand":3,"DemandMax":null,"Value":237268},{"Length":200,"Height":157,"Demand":1,"DemandMax":null,"Value":18692},{"Length":673,"Height":350,"Demand":2,"DemandMax":null,"Value":196616},{"Length":664,"Height":239,"Demand":2,"DemandMax":null,"Value":150230},{"Length":693,"Height":321,"Demand":1,"DemandMax":null,"Value":115772},{"Length":205,"Height":671,"Demand":4,"DemandMax":null,"Value":85259},{"Length":157,"Height":403,"Demand":1,"DemandMax":null,"Value":60783},{"Length":686,"Height":430,"Demand":3,"DemandMax":null,"Value":285275},{"Length":484,"Height":662,"Demand":1,"DemandMax":null,"Value":247593},{"Length":418,"Height":593,"Demand":1,"DemandMax":null,"Value":221965},{"Length":290,"Height":537,"Demand":3,"DemandMax":null,"Value":95778},{"Length":596,"Height":548,"Demand":5,"DemandMax":null,"Value":268721},{"Length":383,"Height":513,"Demand":1,"DemandMax":null,"Value":188909},{"Length":190,"Height":528,"Demand":5,"DemandMax":null,"Value":92942},{"Length":307,"Height":133,"Demand":1,"DemandMax":null,"Value":26050},{"Length":297,"Height":335,"Demand":5,"DemandMax":null,"Value":68115},{"Length":335,"Height":684,"Demand":1,"DemandMax":null,"Value":171563},{"Length":408,"Height":650,"Demand":5,"DemandMax":null,"Value":252254},{"Length":500,"Height":181,"Demand":5,"DemandMax":null,"Value":80509},{"Length":587,"Height":396,"Demand":1,"DemandMax":null,"Value":231583},{"Length":449,"Height":333,"Demand":4,"DemandMax":null,"Value":146916},{"Length":153,"Height":251,"Demand":4,"DemandMax":null,"Value":24523},{"Length":288,"Height":192,"Demand":5,"DemandMax":null,"Value":53849},{"Length":302,"Height":136,"Demand":5,"DemandMax":null,"Value":35483},{"Length":624,"Height":541,"Demand":3,"DemandMax":null,"Value":283501},{"Length":606,"Height":309,"Demand":4,"DemandMax":null,"Value":135284},{"Length":396,"Height":478,"Demand":5,"DemandMax":null,"Value":122546},{"Length":373,"Height":588,"Demand":2,"DemandMax":null,"Value":195793},{"Length":457,"Height":396,"Demand":2,"DemandMax":null,"Value":113895},{"Length":300,"Height":302,"Demand":3,"DemandMax":null,"Value":59147},{"Length":363,"Height":674,"Demand":3,"DemandMax":null,"Value":166060},{"Length":260,"Height":530,"Demand":3,"DemandMax":null,"Value":92621},{"Length":422,"Height":611,"Demand":3,"DemandMax":null,"Value":167152},{"Length":344,"Height":630,"Demand":3,"DemandMax":null,"Value":128248},{"Length":349,"Height":660,"Demand":5,"DemandMax":null,"Value":154944},{"Length":123,"Height":391,"Demand":1,"DemandMax":null,"Value":41577},{"Length":230,"Height":600,"Demand":5,"DemandMax":null,"Value":100648},{"Length":141,"Height":669,"Demand":4,"DemandMax":null,"Value":78500},{"Length":260,"Height":161,"Demand":3,"DemandMax":null,"Value":26234},{"Length":210,"Height":524,"Demand":2,"DemandMax":null,"Value":65872},{"Length":139,"Height":416,"Demand":4,"DemandMax":null,"Value":50425},{"Length":407,"Height":220,"Demand":3,"DemandMax":null,"Value":86635},{"Length":353,"Height":191,"Demand":5,"DemandMax":null,"Value":49510},{"Length":622,"Height":552,"Demand":3,"DemandMax":null,"Value":213737},{"Length":535,"Height":691,"Demand":4,"DemandMax":null,"Value":220776},{"Length":629,"Height":377,"Demand":2,"DemandMax":null,"Value":211225}]}