{"Name":"5C_1","Objects":[{"Length":2000,"Height":1000,"Stock":null,"Cost":2000000}],"Items":[{"Length":51,"Height":69,"Demand":3,"DemandMax":null,"Value":1772},{"Length":98,"Height":479,"Demand":4,"DemandMax":null,"Value":44982},{"Length":379,"Height":286,"Demand":23,"DemandMax":null,"Value":73622},{"Length":364,"Height":100,"Demand":8,"DemandMax":null,"Value":20668},{"Length":421,"Height":189,"Demand":8,"DemandMax":null,"Value":46022},{"Length":156,"Height":396,"Demand":3,"DemandMax":null,"Value":47879},{"Length":290,"Height":51,"Demand":20,"DemandMax":null,"Value":14453},{"Length":428,"Height":347,"Demand":21,"DemandMax":null,"Value":120691},{"Length":235,"Height":270,"Demand":10,"DemandMax":null,"Value":49254},{"Length":244,"Height":249,"Demand":8,"DemandMax":null,"Value":50937},{"Length":81,"Height":159,"Demand":4,"DemandMax":null,"Value":12285},{"Length":450,"Height":245,"Demand":2,"DemandMax":null,"Value":106845},{"Length":162,"Height":445,"Demand":13,"DemandMax":null,"Value":56676},{"Length":107,"Height":335,"Demand":29,"DemandMax":null,"Value":23403},{"Length":446,"Height":125,"Demand":15,"DemandMax":null,"Value":35173},{"Length":133,"Height":264,"Demand":5,"DemandMax":null,"Value":21644},{"Length":461,"Height":218,"Demand":1,"DemandMax":null,"Value":69252},{"Length":183,"Height":61,"Demand":10,"DemandMax":null,"Value":8594},{"Length":244,"Height":76,"Demand":10,"DemandMax":null,"Value":13385},{"Length":355,"Height":245,"Demand":26,"DemandMax":null,"Value":66230},{"Length":50,"Height":91,"Demand":25,"DemandMax":null,"Value":3509},{"Length":190,"Height":342,"Demand":21,"DemandMax":null,"Value":42876},{"Length":346,"Height":156,"Demand":18,"DemandMax":null,"Value":31140},{"Length":467,"Height":331,"Demand":8,"DemandMax":null,"Value":126345},{"Length":166,"Height":385,"Demand":7,"DemandMax":null,"Value":41610},{"Length":113,"Height":420,"Demand":14,"DemandMax":null,"Value":30603},{"Length":269,"Height":434,"Demand":15,"DemandMax":null,"Value":110823},{"Length":110,"Height":395,"Demand":3,"DemandMax":null,"Value":26857},{"Length":327,"Height":106,"Demand":14,"DemandMax":null,"Value":27634},{"Length":461,"Height":440,"Demand":8,"DemandMax":null,"Value":132985},{"Length":172,"Height":213,"Demand":13,"DemandMax":null,"Value":28751},{"Length":274,"Height":383,"Demand":28,"DemandMax":null,"Value":90279},{"Length":153,"Height":235,"Demand":7,"DemandMax":null,"Value":27580},{"Length":232,"Height":177,"Demand":6,"DemandMax":null,"Value":34090},{"Length":275,"Height":337,"Demand":29,"DemandMax":null,"Value":91781},{"Length":355,"Height":188,"Demand":10,"DemandMax":null,"Value":40812},{"Length":151,"Height":335,"Demand":4,"DemandMax":null,"Value":37553},{"Length":232,"Height":275,"Demand":22,"DemandMax":null,"Value":45812},{"Length":380,"Height":197,"Demand":1,"DemandMax":null,"Value":66048},{"Length":337,"Height":143,"Demand":21,"DemandMax":null,"Value":37480},{"Length":182,"Height":69,"Demand":5,"DemandMax":null,"Value":8682},{"Length":325,"Height":452,"Demand":23,"DemandMax":null,"Value":89213},{"Length":109,"Height":249,"Demand":28,"DemandMax":null,"Value":20861},{"Length":348,"Height":275,"Demand":1,"DemandMax":null,"Value":63966},{"Length":394,"Height":353,"Demand":29,"DemandMax":null,"Value":102178},{"Length":485,"Height":140,"Demand":26,"DemandMax":null,"Value":50163},{"Length":283,"Height":376,"Demand":23,"DemandMax":null,"Value":92407},{"Length":414,"Height":317,"Demand":29,"DemandMax":null,"Value":72358},{"Length":218,"Height":455,"Demand":14,"DemandMax":null,"Value":53919},{"Length":73,"Height":53,"Demand":23,"DemandMax":null,"Value":3575}]}