{"Name":"4C_20","Objects":[{"Length":2050,"Height":1150,"Stock":null,"Cost":2357500}],"Items":[{"Length":64,"Height":411,"Demand":17,"DemandMax":null,"Value":13244},{"Length":288,"Height":237,"Demand":22,"DemandMax":null,"Value":43018},{"Length":453,"Height":300,"Demand":21,"DemandMax":null,"Value":86166},{"Length":289,"Height":203,"Demand":19,"DemandMax":null,"Value":48897},{"Length":484,"Height":235,"Demand":23,"DemandMax":null,"Value":86854},{"Length":276,"Height":200,"Demand":8,"DemandMax":null,"Value":36167},{"Length":184,"Height":252,"Demand":18,"DemandMax":null,"Value":40906},{"Length":251,"Height":81,"Demand":12,"DemandMax":null,"Value":18338},{"Length":343,"Height":482,"Demand":30,"DemandMax":null,"Value":127694},{"Length":416,"Height":317,"Demand":30,"DemandMax":null,"Value":69365},{"Length":188,"Height":328,"Demand":11,"DemandMax":null,"Value":59101},{"Length":244,"Height":379,"Demand":16,"DemandMax":null,"Value":89496},{"Length":91,"Height":262,"Demand":7,"DemandMax":null,"Value":14557},{"Length":496,"Height":316,"Demand":11,"DemandMax":null,"Value":101558},{"Length":153,"Height":496,"Demand":20,"DemandMax":null,"Value":72372},{"Length":246,"Height":349,"Demand":23,"DemandMax":null,"Value":50423},{"Length":215,"Height":59,"Demand":3,"DemandMax":null,"Value":11045},{"Length":276,"Height":188,"Demand":30,"DemandMax":null,"Value":36715},{"Length":74,"Height":265,"Demand":2,"DemandMax":null,"Value":13059},{"Length":415,"Height":101,"Demand":8,"DemandMax":null,"Value":22784},{"Length":469,"Height":284,"Demand":1,"DemandMax":null,"Value":122928},{"Length":487,"Height":323,"Demand":13,"DemandMax":null,"Value":108129},{"Length":239,"Height":134,"Demand":13,"DemandMax":null,"Value":19815},{"Length":312,"Height":112,"Demand":3,"DemandMax":null,"Value":21081},{"Length":234,"Height":84,"Demand":2,"DemandMax":null,"Value":13866}]}