{"Name":"2C_18","Objects":[{"Length":2200,"Height":1200,"Stock":null,"Cost":2640000}],"Items":[{"Length":625,"Height":473,"Demand":5,"DemandMax":null,"Value":148498},{"Length":157,"Height":230,"Demand":2,"DemandMax":null,"Value":30984},{"Length":212,"Height":233,"Demand":25,"DemandMax":null,"Value":42707},{"Length":320,"Height":166,"Demand":8,"DemandMax":null,"Value":47191},{"Length":589,"Height":354,"Demand":19,"DemandMax":null,"Value":134215},{"Length":684,"Height":692,"Demand":7,"DemandMax":null,"Value":367827},{"Length":153,"Height":679,"Demand":18,"DemandMax":null,"Value":82058},{"Length":192,"Height":685,"Demand":28,"DemandMax":null,"Value":122224},{"Length":509,"Height":556,"Demand":14,"DemandMax":null,"Value":276669},{"Length":425,"Height":414,"Demand":17,"DemandMax":null,"Value":120295},{"Length":275,"Height":525,"Demand":12,"DemandMax":null,"Value":73677},{"Length":444,"Height":535,"Demand":20,"DemandMax":null,"Value":226213},{"Length":150,"Height":367,"Demand":26,"DemandMax":null,"Value":46290},{"Length":173,"Height":116,"Demand":21,"DemandMax":null,"Value":16877},{"Length":634,"Height":343,"Demand":27,"DemandMax":null,"Value":144672},{"Length":497,"Height":305,"Demand":20,"DemandMax":null,"Value":76167},{"Length":366,"Height":407,"Demand":9,"DemandMax":null,"Value":142832},{"Length":310,"Height":684,"Demand":16,"DemandMax":null,"Value":157168},{"Length":559,"Height":361,"Demand":3,"DemandMax":null,"Value":105629},{"Length":652,"Height":549,"Demand":27,"DemandMax":null,"Value":281895},{"Length":292,"Height":396,"Demand":2,"DemandMax":null,"Value":105991},{"Length":600,"Height":311,"Demand":22,"DemandMax":null,"Value":140760},{"Length":542,"Height":415,"Demand":18,"DemandMax":null,"Value":191016},{"Length":388,"Height":211,"Demand":27,"DemandMax":null,"Value":52518},{"Length":141,"Height":650,"Demand":29,"DemandMax":null,"Value":53201},{"Length":586,"Height":315,"Demand":25,"DemandMax":null,"Value":170971},{"Length":515,"Height":276,"Demand":24,"DemandMax":null,"Value":116653},{"Length":301,"Height":512,"Demand":17,"DemandMax":null,"Value":128399},{"Length":229,"Height":389,"Demand":25,"DemandMax":null,"Value":87765},{"Length":471,"Height":665,"Demand":21,"DemandMax":null,"Value":275419},{"Length":301,"Height":232,"Demand":2,"DemandMax":null,"Value":44693},{"Length":532,"Height":293,"Demand":10,"DemandMax":null,"Value":124272},{"Length":403,"Height":101,"Demand":9,"DemandMax":null,"Value":38782},{"Length":231,"Height":182,"Demand":17,"DemandMax":null,"Value":21824},{"Length":541,"Height":279,"Demand":17,"DemandMax":null,"Value":109711},{"Length":168,"Height":293,"Demand":22,"DemandMax":null,"Value":30358},{"Length":683,"Height":466,"Demand":9,"DemandMax":null,"Value":304971},{"Length":444,"Height":429,"Demand":4,"DemandMax":null,"Value":190305},{"Length":273,"Height":213,"Demand":9,"DemandMax":null,"Value":36955},{"Length":667,"Height":572,"Demand":9,"DemandMax":null,"Value":318265},{"Length":686,"Height":267,"Demand":7,"DemandMax":null,"Value":92995},{"Length":204,"Height":659,"Demand":29,"DemandMax":null,"Value":87114},{"Length":278,"Height":165,"Demand":14,"DemandMax":null,"Value":26885},{"Length":395,"Height":167,"Demand":16,"DemandMax":null,"Value":60707},{"Length":466,"Height":204,"Demand":18,"DemandMax":null,"Value":51914},{"Length":380,"Height":250,"Demand":2,"DemandMax":null,"Value":77123},{"Length":576,"Height":268,"Demand":23,"DemandMax":null,"Value":115914},{"Length":127,"Height":570,"Demand":9,"DemandMax":null,"Value":70781},{"Length":309,"Height":627,"Demand":10,"DemandMax":null,"Value":127281},{"Length":390,"Height":180,"Demand":7,"DemandMax":null,"Value":57152}]}