{"Name":"1C_19","Objects":[{"Length":2100,"Height":1300,"Stock":null,"Cost":2730000}],"Items":[{"Length":167,"Height":106,"Demand":9,"DemandMax":null,"Value":8910},{"Length":535,"Height":110,"Demand":15,"DemandMax":null,"Value":37558},{"Length":448,"Height":132,"Demand":10,"DemandMax":null,"Value":48271},{"Length":678,"Height":434,"Demand":18,"DemandMax":null,"Value":215371},{"Length":303,"Height":315,"Demand":23,"DemandMax":null,"Value":75540},{"Length":105,"Height":156,"Demand":21,"DemandMax":null,"Value":15978},{"Length":111,"Height":534,"Demand":8,"DemandMax":null,"Value":43846},{"Length":227,"Height":128,"Demand":4,"DemandMax":null,"Value":15573},{"Length":476,"Height":571,"Demand":8,"DemandMax":null,"Value":140390},{"Length":662,"Height":635,"Demand":19,"DemandMax":null,"Value":339425},{"Length":222,"Height":561,"Demand":1,"DemandMax":null,"Value":120207},{"Length":530,"Height":439,"Demand":1,"DemandMax":null,"Value":224703},{"Length":122,"Height":303,"Demand":2,"DemandMax":null,"Value":22073},{"Length":458,"Height":524,"Demand":22,"DemandMax":null,"Value":213720},{"Length":433,"Height":385,"Demand":15,"DemandMax":null,"Value":156334},{"Length":493,"Height":253,"Demand":21,"DemandMax":null,"Value":98991},{"Length":249,"Height":133,"Demand":6,"DemandMax":null,"Value":21296},{"Length":590,"Height":426,"Demand":18,"DemandMax":null,"Value":217195},{"Length":386,"Height":694,"Demand":27,"DemandMax":null,"Value":155942},{"Length":499,"Height":504,"Demand":5,"DemandMax":null,"Value":243122},{"Length":294,"Height":573,"Demand":5,"DemandMax":null,"Value":151676},{"Length":112,"Height":544,"Demand":14,"DemandMax":null,"Value":59633},{"Length":346,"Height":164,"Demand":26,"DemandMax":null,"Value":52851},{"Length":582,"Height":413,"Demand":22,"DemandMax":null,"Value":188012},{"Length":358,"Height":503,"Demand":21,"DemandMax":null,"Value":96689}]}