{"Name":"5A_7","Objects":[{"Length":2750,"Height":1000,"Stock":null,"Cost":2750000}],"Items":[{"Length":121,"Height":355,"Demand":3,"DemandMax":null,"Value":21597},{"Length":201,"Height":54,"Demand":4,"DemandMax":null,"Value":9054},{"Length":253,"Height":155,"Demand":4,"DemandMax":null,"Value":32071},{"Length":209,"Height":325,"Demand":4,"DemandMax":null,"Value":47070},{"Length":402,"Height":358,"Demand":5,"DemandMax":null,"Value":80619},{"Length":470,"Height":160,"Demand":3,"DemandMax":null,"Value":61391},{"Length":117,"Height":292,"Demand":3,"DemandMax":null,"Value":24506},{"Length":83,"Height":175,"Demand":5,"DemandMax":null,"Value":7659},{"Length":216,"Height":77,"Demand":5,"DemandMax":null,"Value":12393},{"Length":236,"Height":335,"Demand":1,"DemandMax":null,"Value":66361},{"Length":299,"Height":458,"Demand":2,"DemandMax":null,"Value":135575},{"Length":329,"Height":211,"Demand":5,"DemandMax":null,"Value":66529},{"Length":284,"Height":461,"Demand":5,"DemandMax":null,"Value":115369},{"Length":207,"Height":428,"Demand":4,"DemandMax":null,"Value":54333},{"Length":183,"Height":428,"Demand":4,"DemandMax":null,"Value":55837},{"Length":319,"Height":201,"Demand":2,"DemandMax":null,"Value":56650},{"Length":258,"Height":201,"Demand":1,"DemandMax":null,"Value":33279},{"Length":245,"Height":263,"Demand":4,"DemandMax":null,"Value":49714},{"Length":361,"Height":217,"Demand":5,"DemandMax":null,"Value":60699},{"Length":196,"Height":71,"Demand":4,"DemandMax":null,"Value":7210},{"Length":467,"Height":280,"Demand":1,"DemandMax":null,"Value":128707},{"Length":469,"Height":216,"Demand":5,"DemandMax":null,"Value":89180},{"Length":77,"Height":199,"Demand":1,"DemandMax":null,"Value":13962},{"Length":68,"Height":270,"Demand":5,"DemandMax":null,"Value":11104},{"Length":107,"Height":252,"Demand":4,"DemandMax":null,"Value":15798},{"Length":453,"Height":62,"Demand":4,"DemandMax":null,"Value":26539},{"Length":348,"Height":113,"Demand":1,"DemandMax":null,"Value":29374},{"Length":131,"Height":99,"Demand":1,"DemandMax":null,"Value":7726},{"Length":309,"Height":147,"Demand":2,"DemandMax":null,"Value":38952},{"Length":425,"Height":287,"Demand":4,"DemandMax":null,"Value":82796},{"Length":205,"Height":155,"Demand":1,"DemandMax":null,"Value":17543},{"Length":319,"Height":106,"Demand":4,"DemandMax":null,"Value":23667},{"Length":66,"Height":98,"Demand":3,"DemandMax":null,"Value":5601},{"Length":486,"Height":337,"Demand":2,"DemandMax":null,"Value":90258},{"Length":222,"Height":414,"Demand":2,"DemandMax":null,"Value":60817},{"Length":118,"Height":452,"Demand":1,"DemandMax":null,"Value":49862},{"Length":231,"Height":341,"Demand":2,"DemandMax":null,"Value":58329},{"Length":386,"Height":257,"Demand":5,"DemandMax":null,"Value":87092},{"Length":306,"Height":75,"Demand":2,"DemandMax":null,"Value":17542},{"Length":296,"Height":450,"Demand":5,"DemandMax":null,"Value":76439},{"Length":392,"Height":418,"Demand":4,"DemandMax":null,"Value":146461},{"Length":392,"Height":208,"Demand":3,"DemandMax":null,"Value":79364},{"Length":89,"Height":272,"Demand":5,"DemandMax":null,"Value":12390},{"Length":446,"Height":176,"Demand":4,"DemandMax":null,"Value":49421},{"Length":246,"Height":246,"Demand":5,"DemandMax":null,"Value":38367},{"Length":378,"Height":239,"Demand":3,"DemandMax":null,"Value":56511},{"Length":129,"Height":324,"Demand":4,"DemandMax":null,"Value":27301},{"Length":377,"Height":345,"Demand":1,"DemandMax":null,"Value":99401},{"Length":186,"Height":86,"Demand":2,"DemandMax":null,"Value":15934},{"Length":368,"Height":223,"Demand":4,"DemandMax":null,"Value":74978}]}