{"Name":"1C_15","Objects":[{"Length":2300,"Height":1200,"Stock":null,"Cost":2760000}],"Items":[{"Length":402,"Height":410,"Demand":17,"DemandMax":null,"Value":82958},{"Length":652,"Height":586,"Demand":7,"DemandMax":null,"Value":243840},{"Length":355,"Height":450,"Demand":11,"DemandMax":null,"Value":130401},{"Length":404,"Height":532,"Demand":1,"DemandMax":null,"Value":157311},{"Length":329,"Height":206,"Demand":28,"DemandMax":null,"Value":53640},{"Length":183,"Height":685,"Demand":28,"DemandMax":null,"Value":122279},{"Length":688,"Height":247,"Demand":17,"DemandMax":null,"Value":125706},{"Length":613,"Height":350,"Demand":15,"DemandMax":null,"Value":114992},{"Length":312,"Height":420,"Demand":18,"DemandMax":null,"Value":67686},{"Length":126,"Height":137,"Demand":1,"DemandMax":null,"Value":13938},{"Length":254,"Height":124,"Demand":21,"DemandMax":null,"Value":30400},{"Length":537,"Height":293,"Demand":3,"DemandMax":null,"Value":151953},{"Length":439,"Height":469,"Demand":3,"DemandMax":null,"Value":122940},{"Length":123,"Height":367,"Demand":15,"DemandMax":null,"Value":40199},{"Length":685,"Height":658,"Demand":19,"DemandMax":null,"Value":422689},{"Length":509,"Height":558,"Demand":19,"DemandMax":null,"Value":225414},{"Length":551,"Height":265,"Demand":28,"DemandMax":null,"Value":93894},{"Length":253,"Height":444,"Demand":2,"DemandMax":null,"Value":97071},{"Length":244,"Height":125,"Demand":1,"DemandMax":null,"Value":17755},{"Length":329,"Height":360,"Demand":18,"DemandMax":null,"Value":114496},{"Length":359,"Height":524,"Demand":29,"DemandMax":null,"Value":169372},{"Length":147,"Height":428,"Demand":2,"DemandMax":null,"Value":61579},{"Length":458,"Height":440,"Demand":27,"DemandMax":null,"Value":187695},{"Length":464,"Height":592,"Demand":10,"DemandMax":null,"Value":214858},{"Length":428,"Height":574,"Demand":5,"DemandMax":null,"Value":131912}]}