{"Name":"1C_14","Objects":[{"Length":2500,"Height":1000,"Stock":null,"Cost":2500000}],"Items":[{"Length":281,"Height":605,"Demand":21,"DemandMax":null,"Value":85568},{"Length":328,"Height":434,"Demand":13,"DemandMax":null,"Value":90849},{"Length":641,"Height":113,"Demand":28,"DemandMax":null,"Value":59126},{"Length":531,"Height":285,"Demand":12,"DemandMax":null,"Value":110766},{"Length":498,"Height":314,"Demand":2,"DemandMax":null,"Value":123761},{"Length":427,"Height":153,"Demand":17,"DemandMax":null,"Value":63728},{"Length":428,"Height":680,"Demand":17,"DemandMax":null,"Value":215289},{"Length":525,"Height":415,"Demand":10,"DemandMax":null,"Value":116774},{"Length":626,"Height":420,"Demand":18,"DemandMax":null,"Value":135805},{"Length":380,"Height":187,"Demand":24,"DemandMax":null,"Value":57377},{"Length":552,"Height":607,"Demand":10,"DemandMax":null,"Value":323402},{"Length":207,"Height":293,"Demand":18,"DemandMax":null,"Value":58574},{"Length":213,"Height":171,"Demand":16,"DemandMax":null,"Value":21749},{"Length":323,"Height":518,"Demand":9,"DemandMax":null,"Value":148998},{"Length":376,"Height":467,"Demand":12,"DemandMax":null,"Value":164668},{"Length":667,"Height":548,"Demand":14,"DemandMax":null,"Value":290091},{"Length":551,"Height":517,"Demand":8,"DemandMax":null,"Value":183181},{"Length":411,"Height":265,"Demand":14,"DemandMax":null,"Value":94119},{"Length":247,"Height":288,"Demand":30,"DemandMax":null,"Value":41410},{"Length":539,"Height":235,"Demand":11,"DemandMax":null,"Value":122448},{"Length":417,"Height":605,"Demand":19,"DemandMax":null,"Value":227147},{"Length":169,"Height":178,"Demand":28,"DemandMax":null,"Value":29443},{"Length":509,"Height":561,"Demand":20,"DemandMax":null,"Value":265959},{"Length":530,"Height":163,"Demand":26,"DemandMax":null,"Value":67573},{"Length":566,"Height":443,"Demand":21,"DemandMax":null,"Value":134632}]}