{"Name":"2C_6","Objects":[{"Length":2150,"Height":1250,"Stock":null,"Cost":2687500}],"Items":[{"Length":666,"Height":136,"Demand":5,"DemandMax":null,"Value":45498},{"Length":229,"Height":476,"Demand":13,"DemandMax":null,"Value":93532},{"Length":271,"Height":452,"Demand":16,"DemandMax":null,"Value":105903},{"Length":324,"Height":655,"Demand":4,"DemandMax":null,"Value":188535},{"Length":617,"Height":202,"Demand":25,"DemandMax":null,"Value":80226},{"Length":528,"Height":333,"Demand":26,"DemandMax":null,"Value":136634},{"Length":695,"Height":205,"Demand":24,"DemandMax":null,"Value":112538},{"Length":588,"Height":167,"Demand":4,"DemandMax":null,"Value":91255},{"Length":329,"Height":121,"Demand":22,"DemandMax":null,"Value":38918},{"Length":132,"Height":503,"Demand":9,"DemandMax":null,"Value":45394},{"Length":103,"Height":245,"Demand":15,"DemandMax":null,"Value":12878},{"Length":398,"Height":413,"Demand":14,"DemandMax":null,"Value":156536},{"Length":538,"Height":654,"Demand":1,"DemandMax":null,"Value":295864},{"Length":194,"Height":602,"Demand":24,"DemandMax":null,"Value":98217},{"Length":255,"Height":523,"Demand":24,"DemandMax":null,"Value":88724},{"Length":112,"Height":623,"Demand":6,"DemandMax":null,"Value":35060},{"Length":340,"Height":545,"Demand":5,"DemandMax":null,"Value":177674},{"Length":190,"Height":396,"Demand":30,"DemandMax":null,"Value":55769},{"Length":128,"Height":258,"Demand":16,"DemandMax":null,"Value":17286},{"Length":678,"Height":121,"Demand":27,"DemandMax":null,"Value":64607},{"Length":549,"Height":396,"Demand":14,"DemandMax":null,"Value":199278},{"Length":227,"Height":249,"Demand":11,"DemandMax":null,"Value":42638},{"Length":471,"Height":541,"Demand":8,"DemandMax":null,"Value":216391},{"Length":557,"Height":163,"Demand":24,"DemandMax":null,"Value":58242},{"Length":383,"Height":537,"Demand":10,"DemandMax":null,"Value":119387},{"Length":545,"Height":391,"Demand":24,"DemandMax":null,"Value":197373},{"Length":566,"Height":326,"Demand":24,"DemandMax":null,"Value":151430},{"Length":389,"Height":463,"Demand":29,"DemandMax":null,"Value":150057},{"Length":341,"Height":410,"Demand":14,"DemandMax":null,"Value":137745},{"Length":480,"Height":436,"Demand":30,"DemandMax":null,"Value":184026},{"Length":217,"Height":643,"Demand":2,"DemandMax":null,"Value":89300},{"Length":427,"Height":413,"Demand":27,"DemandMax":null,"Value":140596},{"Length":390,"Height":691,"Demand":20,"DemandMax":null,"Value":256771},{"Length":662,"Height":299,"Demand":3,"DemandMax":null,"Value":102751},{"Length":434,"Height":423,"Demand":10,"DemandMax":null,"Value":133438},{"Length":636,"Height":286,"Demand":11,"DemandMax":null,"Value":112181},{"Length":329,"Height":660,"Demand":28,"DemandMax":null,"Value":208061},{"Length":507,"Height":355,"Demand":25,"DemandMax":null,"Value":179823},{"Length":230,"Height":601,"Demand":26,"DemandMax":null,"Value":87848},{"Length":497,"Height":408,"Demand":3,"DemandMax":null,"Value":169154},{"Length":459,"Height":446,"Demand":28,"DemandMax":null,"Value":103938},{"Length":181,"Height":182,"Demand":24,"DemandMax":null,"Value":21346},{"Length":405,"Height":454,"Demand":15,"DemandMax":null,"Value":107770},{"Length":624,"Height":212,"Demand":3,"DemandMax":null,"Value":121743},{"Length":407,"Height":657,"Demand":1,"DemandMax":null,"Value":146026},{"Length":299,"Height":334,"Demand":28,"DemandMax":null,"Value":81074},{"Length":319,"Height":460,"Demand":27,"DemandMax":null,"Value":110186},{"Length":212,"Height":543,"Demand":25,"DemandMax":null,"Value":112557},{"Length":251,"Height":631,"Demand":23,"DemandMax":null,"Value":104049},{"Length":132,"Height":490,"Demand":30,"DemandMax":null,"Value":52658}]}