{"Name":"5A_3","Objects":[{"Length":2350,"Height":1200,"Stock":null,"Cost":2820000}],"Items":[{"Length":457,"Height":347,"Demand":2,"DemandMax":null,"Value":79730},{"Length":360,"Height":64,"Demand":2,"DemandMax":null,"Value":19218},{"Length":458,"Height":187,"Demand":4,"DemandMax":null,"Value":70044},{"Length":284,"Height":439,"Demand":1,"DemandMax":null,"Value":86397},{"Length":264,"Height":468,"Demand":3,"DemandMax":null,"Value":69212},{"Length":476,"Height":207,"Demand":5,"DemandMax":null,"Value":80439},{"Length":423,"Height":139,"Demand":5,"DemandMax":null,"Value":42176},{"Length":446,"Height":477,"Demand":5,"DemandMax":null,"Value":112179},{"Length":216,"Height":246,"Demand":4,"DemandMax":null,"Value":39593},{"Length":165,"Height":215,"Demand":2,"DemandMax":null,"Value":29777},{"Length":134,"Height":67,"Demand":5,"DemandMax":null,"Value":8888},{"Length":142,"Height":154,"Demand":3,"DemandMax":null,"Value":20958},{"Length":268,"Height":398,"Demand":5,"DemandMax":null,"Value":93991},{"Length":436,"Height":68,"Demand":1,"DemandMax":null,"Value":18182},{"Length":477,"Height":159,"Demand":4,"DemandMax":null,"Value":54068},{"Length":493,"Height":72,"Demand":5,"DemandMax":null,"Value":31361},{"Length":326,"Height":336,"Demand":2,"DemandMax":null,"Value":70292},{"Length":63,"Height":344,"Demand":2,"DemandMax":null,"Value":16721},{"Length":414,"Height":220,"Demand":4,"DemandMax":null,"Value":70573},{"Length":89,"Height":52,"Demand":3,"DemandMax":null,"Value":2398},{"Length":424,"Height":427,"Demand":3,"DemandMax":null,"Value":178205},{"Length":84,"Height":222,"Demand":3,"DemandMax":null,"Value":16416},{"Length":416,"Height":294,"Demand":4,"DemandMax":null,"Value":111444},{"Length":496,"Height":232,"Demand":2,"DemandMax":null,"Value":69596},{"Length":211,"Height":110,"Demand":2,"DemandMax":null,"Value":13598},{"Length":412,"Height":263,"Demand":5,"DemandMax":null,"Value":102387},{"Length":303,"Height":486,"Demand":4,"DemandMax":null,"Value":109997},{"Length":177,"Height":104,"Demand":2,"DemandMax":null,"Value":10966},{"Length":390,"Height":378,"Demand":5,"DemandMax":null,"Value":126418},{"Length":108,"Height":195,"Demand":1,"DemandMax":null,"Value":14295},{"Length":79,"Height":471,"Demand":5,"DemandMax":null,"Value":20543},{"Length":168,"Height":242,"Demand":4,"DemandMax":null,"Value":28456},{"Length":351,"Height":464,"Demand":5,"DemandMax":null,"Value":141032},{"Length":471,"Height":135,"Demand":1,"DemandMax":null,"Value":35041},{"Length":363,"Height":375,"Demand":1,"DemandMax":null,"Value":90076},{"Length":112,"Height":420,"Demand":5,"DemandMax":null,"Value":43976},{"Length":465,"Height":381,"Demand":4,"DemandMax":null,"Value":131188},{"Length":461,"Height":447,"Demand":5,"DemandMax":null,"Value":180912},{"Length":225,"Height":357,"Demand":3,"DemandMax":null,"Value":61398},{"Length":340,"Height":224,"Demand":4,"DemandMax":null,"Value":43706},{"Length":169,"Height":60,"Demand":2,"DemandMax":null,"Value":9064},{"Length":261,"Height":126,"Demand":2,"DemandMax":null,"Value":32010},{"Length":270,"Height":120,"Demand":1,"DemandMax":null,"Value":16583},{"Length":292,"Height":356,"Demand":5,"DemandMax":null,"Value":65448},{"Length":280,"Height":423,"Demand":1,"DemandMax":null,"Value":75090},{"Length":225,"Height":133,"Demand":3,"DemandMax":null,"Value":18719},{"Length":228,"Height":209,"Demand":1,"DemandMax":null,"Value":31126},{"Length":433,"Height":383,"Demand":5,"DemandMax":null,"Value":126742},{"Length":234,"Height":302,"Demand":5,"DemandMax":null,"Value":70396},{"Length":240,"Height":338,"Demand":5,"DemandMax":null,"Value":74115}]}