{"Name":"2A_6","Objects":[{"Length":2650,"Height":1300,"Stock":null,"Cost":3445000}],"Items":[{"Length":318,"Height":291,"Demand":5,"DemandMax":null,"Value":46585},{"Length":197,"Height":437,"Demand":4,"DemandMax":null,"Value":83182},{"Length":260,"Height":639,"Demand":2,"DemandMax":null,"Value":143123},{"Length":501,"Height":660,"Demand":4,"DemandMax":null,"Value":319514},{"Length":199,"Height":371,"Demand":1,"DemandMax":null,"Value":44758},{"Length":402,"Height":255,"Demand":3,"DemandMax":null,"Value":61022},{"Length":530,"Height":441,"Demand":2,"DemandMax":null,"Value":195097},{"Length":549,"Height":396,"Demand":3,"DemandMax":null,"Value":205806},{"Length":135,"Height":397,"Demand":5,"DemandMax":null,"Value":27893},{"Length":207,"Height":480,"Demand":3,"DemandMax":null,"Value":61585},{"Length":320,"Height":620,"Demand":3,"DemandMax":null,"Value":190598},{"Length":426,"Height":373,"Demand":5,"DemandMax":null,"Value":153670},{"Length":177,"Height":483,"Demand":2,"DemandMax":null,"Value":66063},{"Length":406,"Height":299,"Demand":3,"DemandMax":null,"Value":108705},{"Length":113,"Height":554,"Demand":5,"DemandMax":null,"Value":38502},{"Length":581,"Height":552,"Demand":1,"DemandMax":null,"Value":263870},{"Length":200,"Height":146,"Demand":2,"DemandMax":null,"Value":28075},{"Length":410,"Height":253,"Demand":2,"DemandMax":null,"Value":96101},{"Length":670,"Height":427,"Demand":3,"DemandMax":null,"Value":182527},{"Length":249,"Height":650,"Demand":1,"DemandMax":null,"Value":110804},{"Length":635,"Height":358,"Demand":1,"DemandMax":null,"Value":170208},{"Length":625,"Height":367,"Demand":5,"DemandMax":null,"Value":218178},{"Length":167,"Height":633,"Demand":3,"DemandMax":null,"Value":94040},{"Length":432,"Height":169,"Demand":5,"DemandMax":null,"Value":72735},{"Length":187,"Height":217,"Demand":4,"DemandMax":null,"Value":39873},{"Length":685,"Height":619,"Demand":3,"DemandMax":null,"Value":270763},{"Length":159,"Height":138,"Demand":2,"DemandMax":null,"Value":21368},{"Length":172,"Height":431,"Demand":2,"DemandMax":null,"Value":64045},{"Length":518,"Height":243,"Demand":4,"DemandMax":null,"Value":105708},{"Length":165,"Height":115,"Demand":1,"DemandMax":null,"Value":13709},{"Length":541,"Height":523,"Demand":3,"DemandMax":null,"Value":183179},{"Length":644,"Height":275,"Demand":3,"DemandMax":null,"Value":158099},{"Length":612,"Height":631,"Demand":3,"DemandMax":null,"Value":243038},{"Length":269,"Height":604,"Demand":1,"DemandMax":null,"Value":106070},{"Length":532,"Height":626,"Demand":5,"DemandMax":null,"Value":226039},{"Length":182,"Height":249,"Demand":1,"DemandMax":null,"Value":30460},{"Length":394,"Height":482,"Demand":3,"DemandMax":null,"Value":123112},{"Length":542,"Height":478,"Demand":5,"DemandMax":null,"Value":153313},{"Length":235,"Height":509,"Demand":5,"DemandMax":null,"Value":80462},{"Length":173,"Height":356,"Demand":2,"DemandMax":null,"Value":53244},{"Length":514,"Height":110,"Demand":1,"DemandMax":null,"Value":41236},{"Length":499,"Height":500,"Demand":3,"DemandMax":null,"Value":207632},{"Length":613,"Height":244,"Demand":1,"DemandMax":null,"Value":93739},{"Length":108,"Height":178,"Demand":4,"DemandMax":null,"Value":11508},{"Length":476,"Height":473,"Demand":3,"DemandMax":null,"Value":196337},{"Length":205,"Height":210,"Demand":3,"DemandMax":null,"Value":41653},{"Length":622,"Height":284,"Demand":1,"DemandMax":null,"Value":129716},{"Length":543,"Height":242,"Demand":5,"DemandMax":null,"Value":81802},{"Length":619,"Height":620,"Demand":5,"DemandMax":null,"Value":229194},{"Length":125,"Height":242,"Demand":4,"DemandMax":null,"Value":26945}]}