{"Name":"2A_9","Objects":[{"Length":2850,"Height":1150,"Stock":null,"Cost":3277500}],"Items":[{"Length":385,"Height":534,"Demand":5,"DemandMax":null,"Value":103498},{"Length":448,"Height":489,"Demand":5,"DemandMax":null,"Value":211674},{"Length":423,"Height":126,"Demand":4,"DemandMax":null,"Value":45914},{"Length":669,"Height":277,"Demand":2,"DemandMax":null,"Value":179067},{"Length":122,"Height":651,"Demand":4,"DemandMax":null,"Value":48148},{"Length":577,"Height":319,"Demand":3,"DemandMax":null,"Value":109569},{"Length":109,"Height":233,"Demand":4,"DemandMax":null,"Value":21199},{"Length":515,"Height":167,"Demand":2,"DemandMax":null,"Value":81417},{"Length":515,"Height":334,"Demand":5,"DemandMax":null,"Value":89520},{"Length":687,"Height":235,"Demand":2,"DemandMax":null,"Value":100066},{"Length":469,"Height":515,"Demand":3,"DemandMax":null,"Value":232037},{"Length":471,"Height":653,"Demand":3,"DemandMax":null,"Value":297444},{"Length":194,"Height":220,"Demand":5,"DemandMax":null,"Value":32981},{"Length":431,"Height":333,"Demand":3,"DemandMax":null,"Value":128521},{"Length":626,"Height":375,"Demand":3,"DemandMax":null,"Value":144377},{"Length":243,"Height":558,"Demand":4,"DemandMax":null,"Value":111562},{"Length":128,"Height":431,"Demand":4,"DemandMax":null,"Value":53042},{"Length":547,"Height":587,"Demand":2,"DemandMax":null,"Value":297473},{"Length":324,"Height":363,"Demand":3,"DemandMax":null,"Value":75037},{"Length":409,"Height":694,"Demand":2,"DemandMax":null,"Value":194323},{"Length":638,"Height":445,"Demand":3,"DemandMax":null,"Value":212571},{"Length":197,"Height":113,"Demand":3,"DemandMax":null,"Value":21174},{"Length":202,"Height":585,"Demand":1,"DemandMax":null,"Value":105124},{"Length":190,"Height":303,"Demand":3,"DemandMax":null,"Value":57355},{"Length":371,"Height":554,"Demand":3,"DemandMax":null,"Value":201959},{"Length":420,"Height":673,"Demand":1,"DemandMax":null,"Value":180498},{"Length":501,"Height":143,"Demand":1,"DemandMax":null,"Value":69768},{"Length":479,"Height":617,"Demand":2,"DemandMax":null,"Value":255329},{"Length":480,"Height":566,"Demand":1,"DemandMax":null,"Value":228155},{"Length":371,"Height":442,"Demand":3,"DemandMax":null,"Value":118471},{"Length":425,"Height":616,"Demand":3,"DemandMax":null,"Value":169490},{"Length":157,"Height":472,"Demand":3,"DemandMax":null,"Value":66154},{"Length":145,"Height":128,"Demand":5,"DemandMax":null,"Value":11681},{"Length":319,"Height":315,"Demand":2,"DemandMax":null,"Value":65600},{"Length":622,"Height":120,"Demand":4,"DemandMax":null,"Value":50661},{"Length":415,"Height":432,"Demand":1,"DemandMax":null,"Value":120501},{"Length":497,"Height":532,"Demand":3,"DemandMax":null,"Value":171406},{"Length":470,"Height":352,"Demand":5,"DemandMax":null,"Value":97902},{"Length":195,"Height":135,"Demand":1,"DemandMax":null,"Value":17708},{"Length":293,"Height":358,"Demand":4,"DemandMax":null,"Value":90682},{"Length":667,"Height":388,"Demand":2,"DemandMax":null,"Value":188748},{"Length":577,"Height":262,"Demand":2,"DemandMax":null,"Value":125806},{"Length":334,"Height":246,"Demand":4,"DemandMax":null,"Value":51493},{"Length":560,"Height":268,"Demand":4,"DemandMax":null,"Value":89841},{"Length":622,"Height":607,"Demand":4,"DemandMax":null,"Value":329241},{"Length":220,"Height":103,"Demand":1,"DemandMax":null,"Value":21925},{"Length":564,"Height":605,"Demand":3,"DemandMax":null,"Value":250565},{"Length":354,"Height":238,"Demand":3,"DemandMax":null,"Value":52448},{"Length":518,"Height":285,"Demand":2,"DemandMax":null,"Value":88165},{"Length":512,"Height":109,"Demand":5,"DemandMax":null,"Value":49711}]}