{"Name":"2A_19","Objects":[{"Length":2300,"Height":1400,"Stock":null,"Cost":3220000}],"Items":[{"Length":259,"Height":431,"Demand":2,"DemandMax":null,"Value":56196},{"Length":691,"Height":445,"Demand":1,"DemandMax":null,"Value":297111},{"Length":248,"Height":343,"Demand":5,"DemandMax":null,"Value":73279},{"Length":256,"Height":494,"Demand":3,"DemandMax":null,"Value":122201},{"Length":178,"Height":608,"Demand":4,"DemandMax":null,"Value":65609},{"Length":327,"Height":359,"Demand":3,"DemandMax":null,"Value":69882},{"Length":571,"Height":553,"Demand":1,"DemandMax":null,"Value":263571},{"Length":371,"Height":354,"Demand":2,"DemandMax":null,"Value":124328},{"Length":260,"Height":332,"Demand":1,"DemandMax":null,"Value":44924},{"Length":361,"Height":370,"Demand":4,"DemandMax":null,"Value":82789},{"Length":359,"Height":300,"Demand":3,"DemandMax":null,"Value":103465},{"Length":355,"Height":187,"Demand":3,"DemandMax":null,"Value":64201},{"Length":419,"Height":577,"Demand":1,"DemandMax":null,"Value":186821},{"Length":299,"Height":505,"Demand":4,"DemandMax":null,"Value":135212},{"Length":641,"Height":559,"Demand":1,"DemandMax":null,"Value":220375},{"Length":578,"Height":205,"Demand":4,"DemandMax":null,"Value":97489},{"Length":258,"Height":600,"Demand":5,"DemandMax":null,"Value":148836},{"Length":106,"Height":642,"Demand":4,"DemandMax":null,"Value":63047},{"Length":118,"Height":649,"Demand":2,"DemandMax":null,"Value":48860},{"Length":460,"Height":473,"Demand":5,"DemandMax":null,"Value":148957},{"Length":261,"Height":423,"Demand":5,"DemandMax":null,"Value":82662},{"Length":586,"Height":333,"Demand":3,"DemandMax":null,"Value":185612},{"Length":694,"Height":359,"Demand":4,"DemandMax":null,"Value":221640},{"Length":235,"Height":617,"Demand":2,"DemandMax":null,"Value":144453},{"Length":186,"Height":320,"Demand":4,"DemandMax":null,"Value":58485},{"Length":195,"Height":424,"Demand":5,"DemandMax":null,"Value":52797},{"Length":314,"Height":238,"Demand":4,"DemandMax":null,"Value":72776},{"Length":617,"Height":206,"Demand":4,"DemandMax":null,"Value":109808},{"Length":131,"Height":614,"Demand":2,"DemandMax":null,"Value":67548},{"Length":610,"Height":143,"Demand":3,"DemandMax":null,"Value":63021},{"Length":344,"Height":530,"Demand":2,"DemandMax":null,"Value":118035},{"Length":247,"Height":241,"Demand":2,"DemandMax":null,"Value":53140},{"Length":482,"Height":606,"Demand":4,"DemandMax":null,"Value":183829},{"Length":660,"Height":373,"Demand":4,"DemandMax":null,"Value":160715},{"Length":428,"Height":110,"Demand":5,"DemandMax":null,"Value":31955},{"Length":674,"Height":415,"Demand":4,"DemandMax":null,"Value":188004},{"Length":227,"Height":565,"Demand":1,"DemandMax":null,"Value":83144},{"Length":559,"Height":177,"Demand":1,"DemandMax":null,"Value":58551},{"Length":284,"Height":697,"Demand":5,"DemandMax":null,"Value":133154},{"Length":159,"Height":353,"Demand":2,"DemandMax":null,"Value":48523},{"Length":637,"Height":177,"Demand":4,"DemandMax":null,"Value":82231},{"Length":243,"Height":303,"Demand":3,"DemandMax":null,"Value":61274},{"Length":572,"Height":307,"Demand":2,"DemandMax":null,"Value":110053},{"Length":451,"Height":121,"Demand":4,"DemandMax":null,"Value":32667},{"Length":602,"Height":399,"Demand":2,"DemandMax":null,"Value":209461},{"Length":529,"Height":122,"Demand":5,"DemandMax":null,"Value":62444},{"Length":667,"Height":420,"Demand":3,"DemandMax":null,"Value":205713},{"Length":616,"Height":400,"Demand":3,"DemandMax":null,"Value":153388},{"Length":220,"Height":308,"Demand":4,"DemandMax":null,"Value":40466},{"Length":530,"Height":533,"Demand":1,"DemandMax":null,"Value":251626}]}