{"Name":"3C_15","Objects":[{"Length":2600,"Height":1300,"Stock":null,"Cost":3380000}],"Items":[{"Length":433,"Height":428,"Demand":21,"DemandMax":null,"Value":93426},{"Length":134,"Height":153,"Demand":15,"DemandMax":null,"Value":15629},{"Length":650,"Height":212,"Demand":25,"DemandMax":null,"Value":93380},{"Length":407,"Height":654,"Demand":25,"DemandMax":null,"Value":161504},{"Length":632,"Height":397,"Demand":7,"DemandMax":null,"Value":203150},{"Length":538,"Height":288,"Demand":17,"DemandMax":null,"Value":144740},{"Length":349,"Height":177,"Demand":1,"DemandMax":null,"Value":61748},{"Length":595,"Height":555,"Demand":13,"DemandMax":null,"Value":271218},{"Length":322,"Height":391,"Demand":29,"DemandMax":null,"Value":68955},{"Length":335,"Height":365,"Demand":5,"DemandMax":null,"Value":98609},{"Length":651,"Height":509,"Demand":18,"DemandMax":null,"Value":307862},{"Length":334,"Height":449,"Demand":17,"DemandMax":null,"Value":146444},{"Length":618,"Height":514,"Demand":15,"DemandMax":null,"Value":159500},{"Length":189,"Height":351,"Demand":23,"DemandMax":null,"Value":61706},{"Length":427,"Height":173,"Demand":11,"DemandMax":null,"Value":63219},{"Length":105,"Height":534,"Demand":6,"DemandMax":null,"Value":29525},{"Length":660,"Height":200,"Demand":25,"DemandMax":null,"Value":91133},{"Length":621,"Height":369,"Demand":29,"DemandMax":null,"Value":197641},{"Length":390,"Height":226,"Demand":1,"DemandMax":null,"Value":46633},{"Length":250,"Height":267,"Demand":11,"DemandMax":null,"Value":47393},{"Length":108,"Height":687,"Demand":1,"DemandMax":null,"Value":50998},{"Length":298,"Height":548,"Demand":24,"DemandMax":null,"Value":123827},{"Length":502,"Height":435,"Demand":21,"DemandMax":null,"Value":130391},{"Length":691,"Height":185,"Demand":18,"DemandMax":null,"Value":127164},{"Length":655,"Height":557,"Demand":14,"DemandMax":null,"Value":219678},{"Length":264,"Height":697,"Demand":24,"DemandMax":null,"Value":92184},{"Length":551,"Height":631,"Demand":13,"DemandMax":null,"Value":182817},{"Length":195,"Height":319,"Demand":12,"DemandMax":null,"Value":54960},{"Length":502,"Height":239,"Demand":30,"DemandMax":null,"Value":116921},{"Length":497,"Height":647,"Demand":15,"DemandMax":null,"Value":185598},{"Length":362,"Height":658,"Demand":2,"DemandMax":null,"Value":187812},{"Length":311,"Height":422,"Demand":28,"DemandMax":null,"Value":119168},{"Length":635,"Height":520,"Demand":18,"DemandMax":null,"Value":199887},{"Length":650,"Height":603,"Demand":6,"DemandMax":null,"Value":253601},{"Length":652,"Height":295,"Demand":2,"DemandMax":null,"Value":185857},{"Length":183,"Height":282,"Demand":19,"DemandMax":null,"Value":45889},{"Length":653,"Height":170,"Demand":4,"DemandMax":null,"Value":65211},{"Length":343,"Height":551,"Demand":10,"DemandMax":null,"Value":97216},{"Length":411,"Height":208,"Demand":20,"DemandMax":null,"Value":55640},{"Length":568,"Height":531,"Demand":25,"DemandMax":null,"Value":239141},{"Length":582,"Height":495,"Demand":4,"DemandMax":null,"Value":159071},{"Length":689,"Height":460,"Demand":7,"DemandMax":null,"Value":300903},{"Length":219,"Height":514,"Demand":4,"DemandMax":null,"Value":88804},{"Length":280,"Height":432,"Demand":30,"DemandMax":null,"Value":91635},{"Length":232,"Height":351,"Demand":17,"DemandMax":null,"Value":73095},{"Length":606,"Height":331,"Demand":7,"DemandMax":null,"Value":113659},{"Length":172,"Height":422,"Demand":14,"DemandMax":null,"Value":62432},{"Length":368,"Height":246,"Demand":29,"DemandMax":null,"Value":56464},{"Length":531,"Height":221,"Demand":1,"DemandMax":null,"Value":60287},{"Length":395,"Height":625,"Demand":4,"DemandMax":null,"Value":175827},{"Length":633,"Height":305,"Demand":7,"DemandMax":null,"Value":102050},{"Length":457,"Height":463,"Demand":15,"DemandMax":null,"Value":114684},{"Length":174,"Height":689,"Demand":9,"DemandMax":null,"Value":92325},{"Length":147,"Height":328,"Demand":12,"DemandMax":null,"Value":27131},{"Length":479,"Height":699,"Demand":23,"DemandMax":null,"Value":220448},{"Length":165,"Height":101,"Demand":21,"DemandMax":null,"Value":16476},{"Length":455,"Height":119,"Demand":5,"DemandMax":null,"Value":42353},{"Length":649,"Height":382,"Demand":7,"DemandMax":null,"Value":220419},{"Length":459,"Height":174,"Demand":23,"DemandMax":null,"Value":66635},{"Length":217,"Height":165,"Demand":18,"DemandMax":null,"Value":27438},{"Length":193,"Height":263,"Demand":2,"DemandMax":null,"Value":36625},{"Length":360,"Height":137,"Demand":9,"DemandMax":null,"Value":33976},{"Length":338,"Height":355,"Demand":7,"DemandMax":null,"Value":93329},{"Length":574,"Height":650,"Demand":5,"DemandMax":null,"Value":305282},{"Length":221,"Height":618,"Demand":15,"DemandMax":null,"Value":93588},{"Length":327,"Height":562,"Demand":1,"DemandMax":null,"Value":117554},{"Length":440,"Height":267,"Demand":23,"DemandMax":null,"Value":93896},{"Length":396,"Height":193,"Demand":19,"DemandMax":null,"Value":71403},{"Length":575,"Height":442,"Demand":29,"DemandMax":null,"Value":226448},{"Length":397,"Height":660,"Demand":23,"DemandMax":null,"Value":151141},{"Length":462,"Height":258,"Demand":13,"DemandMax":null,"Value":80682},{"Length":160,"Height":567,"Demand":1,"DemandMax":null,"Value":61352},{"Length":216,"Height":661,"Demand":2,"DemandMax":null,"Value":101776},{"Length":415,"Height":234,"Demand":16,"DemandMax":null,"Value":92156},{"Length":175,"Height":687,"Demand":5,"DemandMax":null,"Value":72523},{"Length":542,"Height":500,"Demand":14,"DemandMax":null,"Value":163107},{"Length":448,"Height":573,"Demand":25,"DemandMax":null,"Value":211297},{"Length":559,"Height":238,"Demand":9,"DemandMax":null,"Value":126923},{"Length":285,"Height":634,"Demand":9,"DemandMax":null,"Value":106494},{"Length":202,"Height":224,"Demand":27,"DemandMax":null,"Value":27762},{"Length":257,"Height":179,"Demand":19,"DemandMax":null,"Value":44021},{"Length":687,"Height":674,"Demand":6,"DemandMax":null,"Value":374541},{"Length":266,"Height":395,"Demand":4,"DemandMax":null,"Value":101706},{"Length":266,"Height":647,"Demand":5,"DemandMax":null,"Value":88178},{"Length":326,"Height":649,"Demand":1,"DemandMax":null,"Value":119282},{"Length":671,"Height":456,"Demand":9,"DemandMax":null,"Value":262055},{"Length":445,"Height":455,"Demand":24,"DemandMax":null,"Value":179300},{"Length":239,"Height":535,"Demand":13,"DemandMax":null,"Value":74632},{"Length":368,"Height":547,"Demand":23,"DemandMax":null,"Value":173756},{"Length":368,"Height":408,"Demand":21,"DemandMax":null,"Value":144474},{"Length":343,"Height":675,"Demand":21,"DemandMax":null,"Value":214055},{"Length":370,"Height":197,"Demand":24,"DemandMax":null,"Value":57819},{"Length":521,"Height":143,"Demand":30,"DemandMax":null,"Value":42350},{"Length":627,"Height":621,"Demand":21,"DemandMax":null,"Value":352108},{"Length":552,"Height":193,"Demand":23,"DemandMax":null,"Value":79479},{"Length":575,"Height":683,"Demand":24,"DemandMax":null,"Value":361988},{"Length":440,"Height":606,"Demand":20,"DemandMax":null,"Value":212160},{"Length":365,"Height":528,"Demand":11,"DemandMax":null,"Value":136760},{"Length":163,"Height":584,"Demand":3,"DemandMax":null,"Value":85049},{"Length":149,"Height":367,"Demand":11,"DemandMax":null,"Value":39157},{"Length":244,"Height":229,"Demand":9,"DemandMax":null,"Value":51554},{"Length":112,"Height":123,"Demand":16,"DemandMax":null,"Value":8812},{"Length":618,"Height":158,"Demand":24,"DemandMax":null,"Value":63287},{"Length":378,"Height":120,"Demand":3,"DemandMax":null,"Value":40151},{"Length":555,"Height":271,"Demand":20,"DemandMax":null,"Value":137410},{"Length":474,"Height":489,"Demand":22,"DemandMax":null,"Value":180441},{"Length":186,"Height":571,"Demand":23,"DemandMax":null,"Value":61310},{"Length":471,"Height":372,"Demand":30,"DemandMax":null,"Value":90905},{"Length":367,"Height":369,"Demand":14,"DemandMax":null,"Value":118548},{"Length":495,"Height":260,"Demand":18,"DemandMax":null,"Value":119285},{"Length":172,"Height":402,"Demand":6,"DemandMax":null,"Value":45963},{"Length":339,"Height":640,"Demand":6,"DemandMax":null,"Value":164324},{"Length":198,"Height":305,"Demand":9,"DemandMax":null,"Value":51987},{"Length":570,"Height":573,"Demand":16,"DemandMax":null,"Value":246465},{"Length":422,"Height":477,"Demand":27,"DemandMax":null,"Value":134008},{"Length":624,"Height":434,"Demand":3,"DemandMax":null,"Value":214119},{"Length":267,"Height":677,"Demand":11,"DemandMax":null,"Value":123771},{"Length":503,"Height":147,"Demand":12,"DemandMax":null,"Value":67694},{"Length":448,"Height":406,"Demand":10,"DemandMax":null,"Value":104683},{"Length":314,"Height":126,"Demand":9,"DemandMax":null,"Value":20327},{"Length":533,"Height":671,"Demand":27,"DemandMax":null,"Value":274669},{"Length":356,"Height":235,"Demand":16,"DemandMax":null,"Value":48232},{"Length":553,"Height":300,"Demand":22,"DemandMax":null,"Value":141549},{"Length":349,"Height":670,"Demand":19,"DemandMax":null,"Value":214887},{"Length":148,"Height":462,"Demand":4,"DemandMax":null,"Value":53065},{"Length":668,"Height":494,"Demand":4,"DemandMax":null,"Value":186729},{"Length":644,"Height":338,"Demand":20,"DemandMax":null,"Value":172151},{"Length":341,"Height":179,"Demand":29,"DemandMax":null,"Value":33582},{"Length":161,"Height":463,"Demand":2,"DemandMax":null,"Value":42240},{"Length":108,"Height":117,"Demand":16,"DemandMax":null,"Value":7479},{"Length":140,"Height":148,"Demand":8,"DemandMax":null,"Value":13860},{"Length":436,"Height":650,"Demand":20,"DemandMax":null,"Value":169913},{"Length":426,"Height":138,"Demand":26,"DemandMax":null,"Value":41901},{"Length":343,"Height":264,"Demand":23,"DemandMax":null,"Value":66702},{"Length":260,"Height":284,"Demand":13,"DemandMax":null,"Value":43429},{"Length":223,"Height":615,"Demand":1,"DemandMax":null,"Value":133564},{"Length":548,"Height":603,"Demand":12,"DemandMax":null,"Value":203710},{"Length":572,"Height":547,"Demand":19,"DemandMax":null,"Value":211748},{"Length":689,"Height":553,"Demand":29,"DemandMax":null,"Value":235974},{"Length":110,"Height":239,"Demand":26,"DemandMax":null,"Value":23883},{"Length":608,"Height":520,"Demand":26,"DemandMax":null,"Value":309637},{"Length":505,"Height":601,"Demand":9,"DemandMax":null,"Value":253538},{"Length":309,"Height":462,"Demand":28,"DemandMax":null,"Value":94302},{"Length":101,"Height":636,"Demand":26,"DemandMax":null,"Value":61489},{"Length":133,"Height":323,"Demand":9,"DemandMax":null,"Value":27693},{"Length":258,"Height":699,"Demand":16,"DemandMax":null,"Value":165424},{"Length":604,"Height":172,"Demand":20,"DemandMax":null,"Value":66847},{"Length":175,"Height":505,"Demand":8,"DemandMax":null,"Value":82807},{"Length":623,"Height":681,"Demand":16,"DemandMax":null,"Value":244961},{"Length":321,"Height":436,"Demand":4,"DemandMax":null,"Value":74386},{"Length":406,"Height":600,"Demand":10,"DemandMax":null,"Value":238363},{"Length":190,"Height":684,"Demand":19,"DemandMax":null,"Value":84942},{"Length":508,"Height":615,"Demand":29,"DemandMax":null,"Value":311724},{"Length":289,"Height":245,"Demand":27,"DemandMax":null,"Value":60445},{"Length":411,"Height":458,"Demand":8,"DemandMax":null,"Value":165701},{"Length":545,"Height":508,"Demand":3,"DemandMax":null,"Value":273793},{"Length":450,"Height":400,"Demand":26,"DemandMax":null,"Value":168016},{"Length":695,"Height":571,"Demand":15,"DemandMax":null,"Value":210951},{"Length":125,"Height":296,"Demand":13,"DemandMax":null,"Value":35642},{"Length":292,"Height":165,"Demand":16,"DemandMax":null,"Value":32562},{"Length":671,"Height":259,"Demand":10,"DemandMax":null,"Value":122751},{"Length":643,"Height":465,"Demand":28,"DemandMax":null,"Value":235317},{"Length":258,"Height":503,"Demand":9,"DemandMax":null,"Value":97179},{"Length":547,"Height":158,"Demand":21,"DemandMax":null,"Value":72617},{"Length":405,"Height":573,"Demand":14,"DemandMax":null,"Value":143845},{"Length":391,"Height":627,"Demand":5,"DemandMax":null,"Value":224859},{"Length":442,"Height":355,"Demand":18,"DemandMax":null,"Value":152773},{"Length":289,"Height":644,"Demand":14,"DemandMax":null,"Value":118624},{"Length":360,"Height":625,"Demand":13,"DemandMax":null,"Value":193877},{"Length":357,"Height":646,"Demand":1,"DemandMax":null,"Value":149524},{"Length":486,"Height":662,"Demand":19,"DemandMax":null,"Value":270537},{"Length":197,"Height":159,"Demand":19,"DemandMax":null,"Value":17585},{"Length":310,"Height":401,"Demand":16,"DemandMax":null,"Value":110400},{"Length":326,"Height":284,"Demand":4,"DemandMax":null,"Value":50498},{"Length":441,"Height":294,"Demand":19,"DemandMax":null,"Value":78352},{"Length":408,"Height":122,"Demand":21,"DemandMax":null,"Value":37616},{"Length":458,"Height":652,"Demand":17,"DemandMax":null,"Value":240532},{"Length":511,"Height":545,"Demand":19,"DemandMax":null,"Value":259070},{"Length":483,"Height":547,"Demand":11,"DemandMax":null,"Value":165360},{"Length":653,"Height":210,"Demand":29,"DemandMax":null,"Value":123723},{"Length":537,"Height":358,"Demand":1,"DemandMax":null,"Value":98878},{"Length":446,"Height":577,"Demand":13,"DemandMax":null,"Value":131679},{"Length":104,"Height":426,"Demand":7,"DemandMax":null,"Value":35340},{"Length":657,"Height":587,"Demand":15,"DemandMax":null,"Value":199921},{"Length":468,"Height":595,"Demand":26,"DemandMax":null,"Value":175900},{"Length":387,"Height":536,"Demand":5,"DemandMax":null,"Value":141262},{"Length":604,"Height":401,"Demand":21,"DemandMax":null,"Value":234624},{"Length":242,"Height":303,"Demand":11,"DemandMax":null,"Value":54185},{"Length":127,"Height":129,"Demand":24,"DemandMax":null,"Value":15688},{"Length":567,"Height":483,"Demand":8,"DemandMax":null,"Value":184884},{"Length":173,"Height":120,"Demand":28,"DemandMax":null,"Value":15929},{"Length":644,"Height":635,"Demand":5,"DemandMax":null,"Value":372803},{"Length":277,"Height":161,"Demand":21,"DemandMax":null,"Value":22339},{"Length":603,"Height":626,"Demand":30,"DemandMax":null,"Value":211889},{"Length":572,"Height":438,"Demand":3,"DemandMax":null,"Value":240390},{"Length":462,"Height":277,"Demand":26,"DemandMax":null,"Value":74757},{"Length":382,"Height":528,"Demand":4,"DemandMax":null,"Value":167524},{"Length":397,"Height":175,"Demand":28,"DemandMax":null,"Value":51860},{"Length":283,"Height":633,"Demand":26,"DemandMax":null,"Value":131551},{"Length":365,"Height":170,"Demand":28,"DemandMax":null,"Value":44129}]}