{"Name":"2A_3","Objects":[{"Length":2600,"Height":1350,"Stock":null,"Cost":3510000}],"Items":[{"Length":554,"Height":205,"Demand":5,"DemandMax":null,"Value":57173},{"Length":129,"Height":184,"Demand":4,"DemandMax":null,"Value":22934},{"Length":152,"Height":572,"Demand":5,"DemandMax":null,"Value":74899},{"Length":558,"Height":177,"Demand":3,"DemandMax":null,"Value":95437},{"Length":239,"Height":140,"Demand":3,"DemandMax":null,"Value":20285},{"Length":207,"Height":379,"Demand":5,"DemandMax":null,"Value":46701},{"Length":246,"Height":599,"Demand":2,"DemandMax":null,"Value":122998},{"Length":676,"Height":662,"Demand":5,"DemandMax":null,"Value":423639},{"Length":521,"Height":592,"Demand":5,"DemandMax":null,"Value":160518},{"Length":360,"Height":464,"Demand":2,"DemandMax":null,"Value":103534},{"Length":103,"Height":317,"Demand":5,"DemandMax":null,"Value":31367},{"Length":441,"Height":106,"Demand":4,"DemandMax":null,"Value":45208},{"Length":575,"Height":126,"Demand":5,"DemandMax":null,"Value":55985},{"Length":496,"Height":303,"Demand":3,"DemandMax":null,"Value":134579},{"Length":180,"Height":559,"Demand":5,"DemandMax":null,"Value":61884},{"Length":639,"Height":436,"Demand":5,"DemandMax":null,"Value":229225},{"Length":269,"Height":367,"Demand":4,"DemandMax":null,"Value":94919},{"Length":629,"Height":696,"Demand":2,"DemandMax":null,"Value":405585},{"Length":672,"Height":214,"Demand":2,"DemandMax":null,"Value":91750},{"Length":256,"Height":214,"Demand":5,"DemandMax":null,"Value":37505},{"Length":623,"Height":441,"Demand":3,"DemandMax":null,"Value":205707},{"Length":477,"Height":318,"Demand":2,"DemandMax":null,"Value":144282},{"Length":404,"Height":394,"Demand":1,"DemandMax":null,"Value":141603},{"Length":189,"Height":206,"Demand":4,"DemandMax":null,"Value":38788},{"Length":545,"Height":451,"Demand":5,"DemandMax":null,"Value":241519},{"Length":621,"Height":376,"Demand":1,"DemandMax":null,"Value":149103},{"Length":627,"Height":428,"Demand":4,"DemandMax":null,"Value":261333},{"Length":617,"Height":479,"Demand":4,"DemandMax":null,"Value":255329},{"Length":595,"Height":341,"Demand":1,"DemandMax":null,"Value":170390},{"Length":587,"Height":292,"Demand":2,"DemandMax":null,"Value":123833},{"Length":631,"Height":387,"Demand":2,"DemandMax":null,"Value":158094},{"Length":150,"Height":690,"Demand":5,"DemandMax":null,"Value":92396},{"Length":213,"Height":620,"Demand":1,"DemandMax":null,"Value":83112},{"Length":343,"Height":401,"Demand":2,"DemandMax":null,"Value":89793},{"Length":550,"Height":578,"Demand":5,"DemandMax":null,"Value":215769},{"Length":374,"Height":488,"Demand":1,"DemandMax":null,"Value":122674},{"Length":360,"Height":323,"Demand":2,"DemandMax":null,"Value":75381},{"Length":550,"Height":349,"Demand":4,"DemandMax":null,"Value":113590},{"Length":673,"Height":113,"Demand":1,"DemandMax":null,"Value":51156},{"Length":512,"Height":290,"Demand":3,"DemandMax":null,"Value":128363},{"Length":410,"Height":464,"Demand":1,"DemandMax":null,"Value":138748},{"Length":258,"Height":202,"Demand":1,"DemandMax":null,"Value":43371},{"Length":633,"Height":566,"Demand":5,"DemandMax":null,"Value":224537},{"Length":217,"Height":560,"Demand":5,"DemandMax":null,"Value":72744},{"Length":643,"Height":567,"Demand":4,"DemandMax":null,"Value":317928},{"Length":604,"Height":139,"Demand":4,"DemandMax":null,"Value":81232},{"Length":384,"Height":660,"Demand":1,"DemandMax":null,"Value":186106},{"Length":622,"Height":451,"Demand":3,"DemandMax":null,"Value":174630},{"Length":378,"Height":123,"Demand":5,"DemandMax":null,"Value":27766},{"Length":589,"Height":342,"Demand":5,"DemandMax":null,"Value":179430}]}