{"Name":"5C_13","Objects":[{"Length":2750,"Height":1350,"Stock":null,"Cost":3712500}],"Items":[{"Length":267,"Height":137,"Demand":3,"DemandMax":null,"Value":18420},{"Length":418,"Height":233,"Demand":22,"DemandMax":null,"Value":93328},{"Length":406,"Height":206,"Demand":20,"DemandMax":null,"Value":56806},{"Length":489,"Height":250,"Demand":10,"DemandMax":null,"Value":69413},{"Length":272,"Height":457,"Demand":16,"DemandMax":null,"Value":71896},{"Length":98,"Height":167,"Demand":20,"DemandMax":null,"Value":12684},{"Length":97,"Height":278,"Demand":22,"DemandMax":null,"Value":26351},{"Length":69,"Height":378,"Demand":17,"DemandMax":null,"Value":21195},{"Length":326,"Height":481,"Demand":3,"DemandMax":null,"Value":121724},{"Length":373,"Height":387,"Demand":19,"DemandMax":null,"Value":121022},{"Length":295,"Height":469,"Demand":13,"DemandMax":null,"Value":131979},{"Length":213,"Height":162,"Demand":4,"DemandMax":null,"Value":33440},{"Length":220,"Height":334,"Demand":3,"DemandMax":null,"Value":57769},{"Length":207,"Height":136,"Demand":20,"DemandMax":null,"Value":18380},{"Length":320,"Height":377,"Demand":6,"DemandMax":null,"Value":76113},{"Length":151,"Height":493,"Demand":13,"DemandMax":null,"Value":45889},{"Length":107,"Height":308,"Demand":17,"DemandMax":null,"Value":22710},{"Length":434,"Height":219,"Demand":4,"DemandMax":null,"Value":73174},{"Length":305,"Height":407,"Demand":27,"DemandMax":null,"Value":89602},{"Length":339,"Height":482,"Demand":18,"DemandMax":null,"Value":124425},{"Length":331,"Height":70,"Demand":28,"DemandMax":null,"Value":17871},{"Length":59,"Height":53,"Demand":30,"DemandMax":null,"Value":2063},{"Length":219,"Height":89,"Demand":21,"DemandMax":null,"Value":11245},{"Length":263,"Height":304,"Demand":15,"DemandMax":null,"Value":65350},{"Length":426,"Height":320,"Demand":15,"DemandMax":null,"Value":88753},{"Length":428,"Height":379,"Demand":10,"DemandMax":null,"Value":104596},{"Length":436,"Height":142,"Demand":25,"DemandMax":null,"Value":58771},{"Length":166,"Height":470,"Demand":4,"DemandMax":null,"Value":48226},{"Length":284,"Height":307,"Demand":21,"DemandMax":null,"Value":69509},{"Length":217,"Height":438,"Demand":18,"DemandMax":null,"Value":62313},{"Length":203,"Height":408,"Demand":27,"DemandMax":null,"Value":64999},{"Length":86,"Height":420,"Demand":19,"DemandMax":null,"Value":31073},{"Length":411,"Height":77,"Demand":30,"DemandMax":null,"Value":24275},{"Length":346,"Height":275,"Demand":12,"DemandMax":null,"Value":78990},{"Length":479,"Height":435,"Demand":25,"DemandMax":null,"Value":206356},{"Length":142,"Height":443,"Demand":13,"DemandMax":null,"Value":38468},{"Length":208,"Height":395,"Demand":29,"DemandMax":null,"Value":60994},{"Length":405,"Height":128,"Demand":4,"DemandMax":null,"Value":37224},{"Length":332,"Height":234,"Demand":24,"DemandMax":null,"Value":68543},{"Length":406,"Height":354,"Demand":21,"DemandMax":null,"Value":111779},{"Length":215,"Height":238,"Demand":13,"DemandMax":null,"Value":35377},{"Length":318,"Height":354,"Demand":16,"DemandMax":null,"Value":68365},{"Length":89,"Height":333,"Demand":22,"DemandMax":null,"Value":22779},{"Length":267,"Height":296,"Demand":27,"DemandMax":null,"Value":52825},{"Length":492,"Height":88,"Demand":21,"DemandMax":null,"Value":31808},{"Length":68,"Height":164,"Demand":20,"DemandMax":null,"Value":8239},{"Length":426,"Height":461,"Demand":28,"DemandMax":null,"Value":170545},{"Length":88,"Height":230,"Demand":9,"DemandMax":null,"Value":11159},{"Length":177,"Height":125,"Demand":3,"DemandMax":null,"Value":12027},{"Length":416,"Height":398,"Demand":22,"DemandMax":null,"Value":152971}]}