{"Name":"3B_4","Objects":[{"Length":2400,"Height":1400,"Stock":null,"Cost":3360000}],"Items":[{"Length":398,"Height":474,"Demand":1,"DemandMax":null,"Value":95198},{"Length":391,"Height":553,"Demand":9,"DemandMax":null,"Value":195123},{"Length":597,"Height":318,"Demand":5,"DemandMax":null,"Value":171529},{"Length":270,"Height":541,"Demand":9,"DemandMax":null,"Value":113719},{"Length":540,"Height":666,"Demand":9,"DemandMax":null,"Value":317757},{"Length":493,"Height":181,"Demand":5,"DemandMax":null,"Value":47588},{"Length":341,"Height":240,"Demand":5,"DemandMax":null,"Value":79756},{"Length":179,"Height":109,"Demand":9,"DemandMax":null,"Value":17065},{"Length":118,"Height":495,"Demand":7,"DemandMax":null,"Value":33128},{"Length":443,"Height":483,"Demand":1,"DemandMax":null,"Value":185799},{"Length":250,"Height":606,"Demand":2,"DemandMax":null,"Value":137338},{"Length":561,"Height":496,"Demand":8,"DemandMax":null,"Value":273590},{"Length":501,"Height":580,"Demand":10,"DemandMax":null,"Value":255782},{"Length":544,"Height":364,"Demand":3,"DemandMax":null,"Value":189090},{"Length":271,"Height":300,"Demand":10,"DemandMax":null,"Value":60328},{"Length":503,"Height":542,"Demand":2,"DemandMax":null,"Value":183247},{"Length":134,"Height":237,"Demand":7,"DemandMax":null,"Value":24851},{"Length":658,"Height":292,"Demand":2,"DemandMax":null,"Value":129491},{"Length":534,"Height":600,"Demand":9,"DemandMax":null,"Value":259023},{"Length":164,"Height":680,"Demand":10,"DemandMax":null,"Value":89171},{"Length":187,"Height":652,"Demand":9,"DemandMax":null,"Value":113293},{"Length":422,"Height":326,"Demand":5,"DemandMax":null,"Value":85360},{"Length":183,"Height":351,"Demand":9,"DemandMax":null,"Value":57051},{"Length":458,"Height":400,"Demand":1,"DemandMax":null,"Value":103523},{"Length":191,"Height":589,"Demand":5,"DemandMax":null,"Value":93415},{"Length":124,"Height":194,"Demand":7,"DemandMax":null,"Value":16561},{"Length":217,"Height":617,"Demand":8,"DemandMax":null,"Value":104065},{"Length":294,"Height":262,"Demand":10,"DemandMax":null,"Value":69134},{"Length":392,"Height":599,"Demand":8,"DemandMax":null,"Value":234650},{"Length":609,"Height":227,"Demand":3,"DemandMax":null,"Value":95068},{"Length":247,"Height":155,"Demand":8,"DemandMax":null,"Value":28575},{"Length":693,"Height":256,"Demand":5,"DemandMax":null,"Value":112337},{"Length":272,"Height":244,"Demand":4,"DemandMax":null,"Value":48519},{"Length":291,"Height":467,"Demand":9,"DemandMax":null,"Value":77658},{"Length":347,"Height":556,"Demand":5,"DemandMax":null,"Value":129589},{"Length":202,"Height":344,"Demand":5,"DemandMax":null,"Value":47747},{"Length":388,"Height":116,"Demand":8,"DemandMax":null,"Value":40558},{"Length":223,"Height":379,"Demand":9,"DemandMax":null,"Value":50877},{"Length":303,"Height":599,"Demand":1,"DemandMax":null,"Value":154192},{"Length":521,"Height":388,"Demand":1,"DemandMax":null,"Value":135502},{"Length":553,"Height":360,"Demand":5,"DemandMax":null,"Value":184274},{"Length":311,"Height":669,"Demand":4,"DemandMax":null,"Value":110919},{"Length":252,"Height":453,"Demand":2,"DemandMax":null,"Value":86977},{"Length":171,"Height":497,"Demand":6,"DemandMax":null,"Value":55820},{"Length":323,"Height":272,"Demand":10,"DemandMax":null,"Value":67917},{"Length":635,"Height":646,"Demand":5,"DemandMax":null,"Value":261472},{"Length":398,"Height":687,"Demand":1,"DemandMax":null,"Value":220697},{"Length":504,"Height":197,"Demand":10,"DemandMax":null,"Value":54922},{"Length":229,"Height":295,"Demand":8,"DemandMax":null,"Value":45154},{"Length":539,"Height":427,"Demand":8,"DemandMax":null,"Value":151011},{"Length":213,"Height":509,"Demand":5,"DemandMax":null,"Value":82690},{"Length":695,"Height":465,"Demand":2,"DemandMax":null,"Value":249968},{"Length":684,"Height":181,"Demand":8,"DemandMax":null,"Value":108991},{"Length":469,"Height":223,"Demand":1,"DemandMax":null,"Value":52319},{"Length":200,"Height":605,"Demand":5,"DemandMax":null,"Value":120335},{"Length":618,"Height":407,"Demand":1,"DemandMax":null,"Value":169356},{"Length":628,"Height":623,"Demand":1,"DemandMax":null,"Value":286427},{"Length":422,"Height":604,"Demand":7,"DemandMax":null,"Value":198955},{"Length":620,"Height":596,"Demand":1,"DemandMax":null,"Value":250985},{"Length":232,"Height":454,"Demand":8,"DemandMax":null,"Value":99590},{"Length":642,"Height":357,"Demand":8,"DemandMax":null,"Value":166473},{"Length":573,"Height":186,"Demand":7,"DemandMax":null,"Value":106041},{"Length":283,"Height":671,"Demand":9,"DemandMax":null,"Value":105361},{"Length":597,"Height":231,"Demand":8,"DemandMax":null,"Value":128408},{"Length":583,"Height":217,"Demand":7,"DemandMax":null,"Value":117069},{"Length":356,"Height":635,"Demand":2,"DemandMax":null,"Value":215018},{"Length":584,"Height":441,"Demand":10,"DemandMax":null,"Value":248568},{"Length":532,"Height":585,"Demand":8,"DemandMax":null,"Value":170612},{"Length":672,"Height":137,"Demand":3,"DemandMax":null,"Value":89882},{"Length":362,"Height":423,"Demand":5,"DemandMax":null,"Value":115264},{"Length":489,"Height":346,"Demand":7,"DemandMax":null,"Value":120765},{"Length":644,"Height":321,"Demand":8,"DemandMax":null,"Value":163814},{"Length":294,"Height":611,"Demand":2,"DemandMax":null,"Value":165783},{"Length":320,"Height":445,"Demand":7,"DemandMax":null,"Value":132009},{"Length":250,"Height":476,"Demand":10,"DemandMax":null,"Value":118219},{"Length":337,"Height":132,"Demand":2,"DemandMax":null,"Value":22755},{"Length":441,"Height":577,"Demand":8,"DemandMax":null,"Value":176517},{"Length":541,"Height":530,"Demand":4,"DemandMax":null,"Value":149810},{"Length":166,"Height":330,"Demand":1,"DemandMax":null,"Value":49638},{"Length":123,"Height":686,"Demand":1,"DemandMax":null,"Value":76595},{"Length":453,"Height":241,"Demand":7,"DemandMax":null,"Value":99124},{"Length":683,"Height":339,"Demand":3,"DemandMax":null,"Value":174591},{"Length":159,"Height":374,"Demand":7,"DemandMax":null,"Value":49920},{"Length":260,"Height":129,"Demand":2,"DemandMax":null,"Value":32556},{"Length":382,"Height":228,"Demand":3,"DemandMax":null,"Value":77443},{"Length":204,"Height":497,"Demand":5,"DemandMax":null,"Value":53169},{"Length":277,"Height":531,"Demand":1,"DemandMax":null,"Value":105242},{"Length":222,"Height":192,"Demand":7,"DemandMax":null,"Value":33837},{"Length":253,"Height":149,"Demand":8,"DemandMax":null,"Value":19887},{"Length":390,"Height":663,"Demand":6,"DemandMax":null,"Value":232580},{"Length":106,"Height":651,"Demand":9,"DemandMax":null,"Value":60506},{"Length":237,"Height":353,"Demand":2,"DemandMax":null,"Value":81880},{"Length":332,"Height":586,"Demand":5,"DemandMax":null,"Value":171533},{"Length":299,"Height":553,"Demand":5,"DemandMax":null,"Value":143184},{"Length":191,"Height":506,"Demand":9,"DemandMax":null,"Value":60524},{"Length":395,"Height":631,"Demand":2,"DemandMax":null,"Value":144035},{"Length":269,"Height":179,"Demand":8,"DemandMax":null,"Value":31776},{"Length":318,"Height":649,"Demand":1,"DemandMax":null,"Value":195923},{"Length":459,"Height":147,"Demand":7,"DemandMax":null,"Value":46244},{"Length":356,"Height":283,"Demand":4,"DemandMax":null,"Value":78815},{"Length":652,"Height":217,"Demand":1,"DemandMax":null,"Value":137591},{"Length":279,"Height":197,"Demand":8,"DemandMax":null,"Value":28599},{"Length":539,"Height":578,"Demand":7,"DemandMax":null,"Value":183111},{"Length":574,"Height":365,"Demand":8,"DemandMax":null,"Value":168471},{"Length":610,"Height":628,"Demand":4,"DemandMax":null,"Value":381017},{"Length":413,"Height":627,"Demand":6,"DemandMax":null,"Value":224779},{"Length":562,"Height":180,"Demand":7,"DemandMax":null,"Value":78109},{"Length":254,"Height":434,"Demand":8,"DemandMax":null,"Value":72684},{"Length":421,"Height":352,"Demand":10,"DemandMax":null,"Value":138027},{"Length":519,"Height":600,"Demand":1,"DemandMax":null,"Value":270169},{"Length":156,"Height":634,"Demand":1,"DemandMax":null,"Value":88186},{"Length":162,"Height":351,"Demand":8,"DemandMax":null,"Value":45657},{"Length":353,"Height":395,"Demand":9,"DemandMax":null,"Value":128999},{"Length":195,"Height":414,"Demand":8,"DemandMax":null,"Value":66268},{"Length":206,"Height":382,"Demand":9,"DemandMax":null,"Value":47555},{"Length":102,"Height":465,"Demand":10,"DemandMax":null,"Value":38867},{"Length":501,"Height":367,"Demand":7,"DemandMax":null,"Value":146288},{"Length":319,"Height":179,"Demand":4,"DemandMax":null,"Value":45570},{"Length":290,"Height":186,"Demand":3,"DemandMax":null,"Value":46438},{"Length":395,"Height":334,"Demand":2,"DemandMax":null,"Value":82141},{"Length":645,"Height":581,"Demand":10,"DemandMax":null,"Value":282554},{"Length":243,"Height":482,"Demand":7,"DemandMax":null,"Value":65412},{"Length":579,"Height":598,"Demand":2,"DemandMax":null,"Value":330714},{"Length":151,"Height":663,"Demand":1,"DemandMax":null,"Value":86777},{"Length":684,"Height":526,"Demand":8,"DemandMax":null,"Value":352971},{"Length":466,"Height":157,"Demand":4,"DemandMax":null,"Value":64268},{"Length":489,"Height":320,"Demand":2,"DemandMax":null,"Value":133366},{"Length":485,"Height":220,"Demand":1,"DemandMax":null,"Value":55844},{"Length":688,"Height":385,"Demand":6,"DemandMax":null,"Value":188129},{"Length":455,"Height":494,"Demand":8,"DemandMax":null,"Value":194303},{"Length":492,"Height":470,"Demand":7,"DemandMax":null,"Value":129953},{"Length":663,"Height":203,"Demand":8,"DemandMax":null,"Value":111111},{"Length":507,"Height":613,"Demand":9,"DemandMax":null,"Value":219485},{"Length":187,"Height":281,"Demand":6,"DemandMax":null,"Value":30488},{"Length":564,"Height":312,"Demand":4,"DemandMax":null,"Value":100354},{"Length":131,"Height":622,"Demand":9,"DemandMax":null,"Value":43519},{"Length":389,"Height":258,"Demand":4,"DemandMax":null,"Value":78243},{"Length":479,"Height":622,"Demand":5,"DemandMax":null,"Value":168264},{"Length":477,"Height":291,"Demand":3,"DemandMax":null,"Value":82885},{"Length":412,"Height":577,"Demand":3,"DemandMax":null,"Value":173017},{"Length":144,"Height":422,"Demand":8,"DemandMax":null,"Value":44265},{"Length":468,"Height":331,"Demand":6,"DemandMax":null,"Value":88417},{"Length":222,"Height":317,"Demand":2,"DemandMax":null,"Value":48870},{"Length":613,"Height":179,"Demand":8,"DemandMax":null,"Value":62693},{"Length":697,"Height":347,"Demand":5,"DemandMax":null,"Value":204861},{"Length":524,"Height":235,"Demand":5,"DemandMax":null,"Value":73923},{"Length":359,"Height":137,"Demand":6,"DemandMax":null,"Value":46768},{"Length":359,"Height":408,"Demand":5,"DemandMax":null,"Value":111882},{"Length":179,"Height":338,"Demand":4,"DemandMax":null,"Value":54015},{"Length":549,"Height":195,"Demand":6,"DemandMax":null,"Value":60691},{"Length":584,"Height":545,"Demand":8,"DemandMax":null,"Value":260534},{"Length":253,"Height":455,"Demand":2,"DemandMax":null,"Value":71505},{"Length":401,"Height":200,"Demand":10,"DemandMax":null,"Value":52272},{"Length":142,"Height":566,"Demand":7,"DemandMax":null,"Value":53166},{"Length":511,"Height":271,"Demand":1,"DemandMax":null,"Value":114577},{"Length":510,"Height":231,"Demand":6,"DemandMax":null,"Value":117242},{"Length":243,"Height":186,"Demand":8,"DemandMax":null,"Value":44899},{"Length":195,"Height":320,"Demand":1,"DemandMax":null,"Value":46847},{"Length":365,"Height":495,"Demand":10,"DemandMax":null,"Value":126989},{"Length":458,"Height":407,"Demand":4,"DemandMax":null,"Value":183249},{"Length":216,"Height":359,"Demand":4,"DemandMax":null,"Value":43035},{"Length":386,"Height":547,"Demand":9,"DemandMax":null,"Value":186988},{"Length":171,"Height":424,"Demand":9,"DemandMax":null,"Value":47326},{"Length":140,"Height":452,"Demand":4,"DemandMax":null,"Value":39852},{"Length":134,"Height":551,"Demand":8,"DemandMax":null,"Value":69931},{"Length":545,"Height":145,"Demand":8,"DemandMax":null,"Value":59140},{"Length":541,"Height":682,"Demand":3,"DemandMax":null,"Value":309294},{"Length":131,"Height":236,"Demand":5,"DemandMax":null,"Value":17830},{"Length":338,"Height":416,"Demand":2,"DemandMax":null,"Value":87145},{"Length":348,"Height":232,"Demand":5,"DemandMax":null,"Value":49772},{"Length":648,"Height":352,"Demand":10,"DemandMax":null,"Value":181498},{"Length":192,"Height":280,"Demand":8,"DemandMax":null,"Value":46239},{"Length":415,"Height":579,"Demand":5,"DemandMax":null,"Value":187483},{"Length":531,"Height":494,"Demand":3,"DemandMax":null,"Value":175947},{"Length":683,"Height":221,"Demand":5,"DemandMax":null,"Value":124301},{"Length":667,"Height":201,"Demand":2,"DemandMax":null,"Value":108767},{"Length":471,"Height":154,"Demand":3,"DemandMax":null,"Value":36543},{"Length":662,"Height":377,"Demand":7,"DemandMax":null,"Value":181401},{"Length":191,"Height":462,"Demand":2,"DemandMax":null,"Value":53034},{"Length":662,"Height":638,"Demand":6,"DemandMax":null,"Value":322455},{"Length":673,"Height":654,"Demand":2,"DemandMax":null,"Value":407971},{"Length":272,"Height":361,"Demand":9,"DemandMax":null,"Value":70435},{"Length":170,"Height":502,"Demand":10,"DemandMax":null,"Value":47310},{"Length":510,"Height":421,"Demand":8,"DemandMax":null,"Value":110929},{"Length":535,"Height":157,"Demand":6,"DemandMax":null,"Value":55801},{"Length":188,"Height":614,"Demand":9,"DemandMax":null,"Value":58074},{"Length":341,"Height":123,"Demand":8,"DemandMax":null,"Value":30824},{"Length":144,"Height":247,"Demand":7,"DemandMax":null,"Value":27204},{"Length":268,"Height":344,"Demand":1,"DemandMax":null,"Value":77495},{"Length":650,"Height":661,"Demand":4,"DemandMax":null,"Value":361748},{"Length":672,"Height":530,"Demand":9,"DemandMax":null,"Value":258541},{"Length":299,"Height":445,"Demand":5,"DemandMax":null,"Value":124802},{"Length":249,"Height":694,"Demand":6,"DemandMax":null,"Value":151360},{"Length":277,"Height":383,"Demand":10,"DemandMax":null,"Value":62859},{"Length":354,"Height":243,"Demand":3,"DemandMax":null,"Value":72556},{"Length":562,"Height":482,"Demand":4,"DemandMax":null,"Value":179414},{"Length":351,"Height":626,"Demand":4,"DemandMax":null,"Value":201714},{"Length":252,"Height":554,"Demand":4,"DemandMax":null,"Value":137030},{"Length":319,"Height":142,"Demand":5,"DemandMax":null,"Value":29293},{"Length":582,"Height":395,"Demand":5,"DemandMax":null,"Value":182084}]}