{"Name":"2A_5","Objects":[{"Length":2700,"Height":1450,"Stock":null,"Cost":3915000}],"Items":[{"Length":679,"Height":565,"Demand":4,"DemandMax":null,"Value":193129},{"Length":604,"Height":246,"Demand":5,"DemandMax":null,"Value":143567},{"Length":423,"Height":515,"Demand":4,"DemandMax":null,"Value":187665},{"Length":500,"Height":695,"Demand":5,"DemandMax":null,"Value":335787},{"Length":429,"Height":129,"Demand":3,"DemandMax":null,"Value":33550},{"Length":565,"Height":612,"Demand":2,"DemandMax":null,"Value":205835},{"Length":663,"Height":389,"Demand":1,"DemandMax":null,"Value":215278},{"Length":145,"Height":128,"Demand":4,"DemandMax":null,"Value":17570},{"Length":602,"Height":575,"Demand":2,"DemandMax":null,"Value":180148},{"Length":317,"Height":332,"Demand":2,"DemandMax":null,"Value":65232},{"Length":614,"Height":203,"Demand":3,"DemandMax":null,"Value":119741},{"Length":191,"Height":349,"Demand":1,"DemandMax":null,"Value":64466},{"Length":389,"Height":368,"Demand":1,"DemandMax":null,"Value":110620},{"Length":522,"Height":635,"Demand":2,"DemandMax":null,"Value":296823},{"Length":300,"Height":674,"Demand":2,"DemandMax":null,"Value":124358},{"Length":254,"Height":101,"Demand":4,"DemandMax":null,"Value":21107},{"Length":378,"Height":308,"Demand":3,"DemandMax":null,"Value":111938},{"Length":198,"Height":547,"Demand":3,"DemandMax":null,"Value":100340},{"Length":602,"Height":168,"Demand":3,"DemandMax":null,"Value":64525},{"Length":570,"Height":250,"Demand":5,"DemandMax":null,"Value":97556},{"Length":525,"Height":608,"Demand":3,"DemandMax":null,"Value":238993},{"Length":199,"Height":306,"Demand":3,"DemandMax":null,"Value":57921},{"Length":113,"Height":433,"Demand":3,"DemandMax":null,"Value":43527},{"Length":405,"Height":461,"Demand":4,"DemandMax":null,"Value":186007},{"Length":188,"Height":428,"Demand":4,"DemandMax":null,"Value":79064},{"Length":463,"Height":447,"Demand":3,"DemandMax":null,"Value":132159},{"Length":451,"Height":123,"Demand":5,"DemandMax":null,"Value":54021},{"Length":497,"Height":116,"Demand":1,"DemandMax":null,"Value":49807},{"Length":493,"Height":317,"Demand":3,"DemandMax":null,"Value":131244},{"Length":523,"Height":548,"Demand":1,"DemandMax":null,"Value":207061},{"Length":620,"Height":121,"Demand":1,"DemandMax":null,"Value":48568},{"Length":537,"Height":393,"Demand":1,"DemandMax":null,"Value":188399},{"Length":541,"Height":536,"Demand":3,"DemandMax":null,"Value":182497},{"Length":423,"Height":139,"Demand":1,"DemandMax":null,"Value":38385},{"Length":321,"Height":606,"Demand":2,"DemandMax":null,"Value":132031},{"Length":426,"Height":569,"Demand":1,"DemandMax":null,"Value":162923},{"Length":340,"Height":532,"Demand":5,"DemandMax":null,"Value":117260},{"Length":130,"Height":354,"Demand":2,"DemandMax":null,"Value":27233},{"Length":593,"Height":650,"Demand":4,"DemandMax":null,"Value":259282},{"Length":505,"Height":479,"Demand":2,"DemandMax":null,"Value":209121},{"Length":166,"Height":324,"Demand":5,"DemandMax":null,"Value":39226},{"Length":602,"Height":439,"Demand":1,"DemandMax":null,"Value":219931},{"Length":100,"Height":693,"Demand":3,"DemandMax":null,"Value":43431},{"Length":496,"Height":387,"Demand":5,"DemandMax":null,"Value":114906},{"Length":232,"Height":690,"Demand":1,"DemandMax":null,"Value":139596},{"Length":373,"Height":288,"Demand":1,"DemandMax":null,"Value":103939},{"Length":628,"Height":695,"Demand":1,"DemandMax":null,"Value":320502},{"Length":160,"Height":591,"Demand":1,"DemandMax":null,"Value":58865},{"Length":580,"Height":491,"Demand":2,"DemandMax":null,"Value":170071},{"Length":438,"Height":116,"Demand":3,"DemandMax":null,"Value":45257}]}