{"Name":"2B_8","Objects":[{"Length":2950,"Height":1250,"Stock":null,"Cost":3687500}],"Items":[{"Length":355,"Height":357,"Demand":7,"DemandMax":null,"Value":63480},{"Length":619,"Height":590,"Demand":1,"DemandMax":null,"Value":219793},{"Length":614,"Height":397,"Demand":1,"DemandMax":null,"Value":233909},{"Length":521,"Height":201,"Demand":5,"DemandMax":null,"Value":77520},{"Length":661,"Height":598,"Demand":9,"DemandMax":null,"Value":229040},{"Length":545,"Height":621,"Demand":6,"DemandMax":null,"Value":182593},{"Length":612,"Height":679,"Demand":3,"DemandMax":null,"Value":379233},{"Length":262,"Height":503,"Demand":9,"DemandMax":null,"Value":95498},{"Length":240,"Height":207,"Demand":8,"DemandMax":null,"Value":33343},{"Length":579,"Height":363,"Demand":2,"DemandMax":null,"Value":190052},{"Length":681,"Height":614,"Demand":5,"DemandMax":null,"Value":240752},{"Length":499,"Height":643,"Demand":5,"DemandMax":null,"Value":299305},{"Length":126,"Height":491,"Demand":5,"DemandMax":null,"Value":33674},{"Length":550,"Height":611,"Demand":5,"DemandMax":null,"Value":174460},{"Length":636,"Height":149,"Demand":3,"DemandMax":null,"Value":80088},{"Length":588,"Height":671,"Demand":10,"DemandMax":null,"Value":327588},{"Length":144,"Height":108,"Demand":10,"DemandMax":null,"Value":9203},{"Length":393,"Height":256,"Demand":5,"DemandMax":null,"Value":59153},{"Length":326,"Height":316,"Demand":7,"DemandMax":null,"Value":73485},{"Length":500,"Height":466,"Demand":2,"DemandMax":null,"Value":204518},{"Length":332,"Height":396,"Demand":6,"DemandMax":null,"Value":113750},{"Length":469,"Height":467,"Demand":10,"DemandMax":null,"Value":197988},{"Length":572,"Height":370,"Demand":7,"DemandMax":null,"Value":149224},{"Length":182,"Height":299,"Demand":7,"DemandMax":null,"Value":29250},{"Length":511,"Height":151,"Demand":5,"DemandMax":null,"Value":47730},{"Length":207,"Height":332,"Demand":9,"DemandMax":null,"Value":36606},{"Length":691,"Height":124,"Demand":3,"DemandMax":null,"Value":76392},{"Length":162,"Height":187,"Demand":8,"DemandMax":null,"Value":16437},{"Length":363,"Height":639,"Demand":1,"DemandMax":null,"Value":130657},{"Length":664,"Height":189,"Demand":9,"DemandMax":null,"Value":107781},{"Length":502,"Height":242,"Demand":8,"DemandMax":null,"Value":98655},{"Length":102,"Height":604,"Demand":9,"DemandMax":null,"Value":58166},{"Length":243,"Height":548,"Demand":9,"DemandMax":null,"Value":104968},{"Length":658,"Height":358,"Demand":4,"DemandMax":null,"Value":150356},{"Length":611,"Height":119,"Demand":10,"DemandMax":null,"Value":64073},{"Length":121,"Height":211,"Demand":1,"DemandMax":null,"Value":17943},{"Length":281,"Height":461,"Demand":7,"DemandMax":null,"Value":71052},{"Length":436,"Height":692,"Demand":4,"DemandMax":null,"Value":285147},{"Length":465,"Height":495,"Demand":7,"DemandMax":null,"Value":140243},{"Length":413,"Height":385,"Demand":7,"DemandMax":null,"Value":133514},{"Length":410,"Height":147,"Demand":6,"DemandMax":null,"Value":52719},{"Length":164,"Height":670,"Demand":4,"DemandMax":null,"Value":71994},{"Length":565,"Height":252,"Demand":3,"DemandMax":null,"Value":101722},{"Length":366,"Height":208,"Demand":8,"DemandMax":null,"Value":69466},{"Length":670,"Height":474,"Demand":1,"DemandMax":null,"Value":224652},{"Length":594,"Height":654,"Demand":6,"DemandMax":null,"Value":332754},{"Length":545,"Height":532,"Demand":2,"DemandMax":null,"Value":276765},{"Length":519,"Height":689,"Demand":3,"DemandMax":null,"Value":297656},{"Length":227,"Height":419,"Demand":2,"DemandMax":null,"Value":48359},{"Length":378,"Height":413,"Demand":5,"DemandMax":null,"Value":129069}]}