{"Name":"5C_6","Objects":[{"Length":2150,"Height":1250,"Stock":null,"Cost":2687500}],"Items":[{"Length":315,"Height":409,"Demand":26,"DemandMax":null,"Value":64878},{"Length":255,"Height":450,"Demand":26,"DemandMax":null,"Value":109959},{"Length":364,"Height":53,"Demand":10,"DemandMax":null,"Value":13103},{"Length":396,"Height":123,"Demand":25,"DemandMax":null,"Value":27656},{"Length":362,"Height":334,"Demand":22,"DemandMax":null,"Value":69932},{"Length":226,"Height":281,"Demand":29,"DemandMax":null,"Value":49220},{"Length":390,"Height":149,"Demand":14,"DemandMax":null,"Value":56784},{"Length":134,"Height":451,"Demand":25,"DemandMax":null,"Value":49112},{"Length":97,"Height":243,"Demand":8,"DemandMax":null,"Value":18297},{"Length":443,"Height":446,"Demand":16,"DemandMax":null,"Value":165647},{"Length":63,"Height":362,"Demand":12,"DemandMax":null,"Value":21755},{"Length":291,"Height":127,"Demand":18,"DemandMax":null,"Value":35816},{"Length":275,"Height":160,"Demand":18,"DemandMax":null,"Value":34592},{"Length":257,"Height":142,"Demand":10,"DemandMax":null,"Value":23827},{"Length":332,"Height":129,"Demand":12,"DemandMax":null,"Value":27021},{"Length":361,"Height":77,"Demand":24,"DemandMax":null,"Value":17135},{"Length":140,"Height":267,"Demand":11,"DemandMax":null,"Value":25758},{"Length":452,"Height":72,"Demand":13,"DemandMax":null,"Value":25055},{"Length":355,"Height":107,"Demand":8,"DemandMax":null,"Value":27418},{"Length":336,"Height":146,"Demand":13,"DemandMax":null,"Value":37355},{"Length":313,"Height":305,"Demand":18,"DemandMax":null,"Value":73630},{"Length":272,"Height":261,"Demand":3,"DemandMax":null,"Value":46843},{"Length":197,"Height":470,"Demand":17,"DemandMax":null,"Value":53417},{"Length":120,"Height":211,"Demand":18,"DemandMax":null,"Value":20696},{"Length":136,"Height":121,"Demand":5,"DemandMax":null,"Value":10714},{"Length":281,"Height":258,"Demand":27,"DemandMax":null,"Value":46747},{"Length":395,"Height":113,"Demand":8,"DemandMax":null,"Value":42370},{"Length":191,"Height":377,"Demand":14,"DemandMax":null,"Value":44509},{"Length":216,"Height":259,"Demand":13,"DemandMax":null,"Value":44601},{"Length":389,"Height":131,"Demand":4,"DemandMax":null,"Value":33409},{"Length":281,"Height":259,"Demand":24,"DemandMax":null,"Value":57116},{"Length":177,"Height":107,"Demand":22,"DemandMax":null,"Value":16293},{"Length":474,"Height":349,"Demand":25,"DemandMax":null,"Value":126893},{"Length":154,"Height":399,"Demand":7,"DemandMax":null,"Value":51010},{"Length":299,"Height":453,"Demand":26,"DemandMax":null,"Value":134141},{"Length":288,"Height":406,"Demand":11,"DemandMax":null,"Value":71503},{"Length":392,"Height":494,"Demand":15,"DemandMax":null,"Value":143760},{"Length":120,"Height":179,"Demand":3,"DemandMax":null,"Value":15424},{"Length":279,"Height":334,"Demand":16,"DemandMax":null,"Value":82217},{"Length":461,"Height":349,"Demand":20,"DemandMax":null,"Value":125129},{"Length":290,"Height":262,"Demand":26,"DemandMax":null,"Value":52530},{"Length":58,"Height":271,"Demand":14,"DemandMax":null,"Value":9546},{"Length":283,"Height":125,"Demand":13,"DemandMax":null,"Value":27190},{"Length":368,"Height":179,"Demand":13,"DemandMax":null,"Value":44029},{"Length":453,"Height":470,"Demand":7,"DemandMax":null,"Value":156416},{"Length":75,"Height":101,"Demand":23,"DemandMax":null,"Value":5596},{"Length":473,"Height":177,"Demand":28,"DemandMax":null,"Value":72705},{"Length":90,"Height":469,"Demand":5,"DemandMax":null,"Value":23272},{"Length":78,"Height":135,"Demand":23,"DemandMax":null,"Value":5724},{"Length":455,"Height":188,"Demand":4,"DemandMax":null,"Value":79032}]}