{"Name":"3B_13","Objects":[{"Length":2750,"Height":1450,"Stock":null,"Cost":3987500}],"Items":[{"Length":515,"Height":471,"Demand":8,"DemandMax":null,"Value":122404},{"Length":119,"Height":266,"Demand":5,"DemandMax":null,"Value":28565},{"Length":651,"Height":548,"Demand":2,"DemandMax":null,"Value":322327},{"Length":399,"Height":317,"Demand":4,"DemandMax":null,"Value":98470},{"Length":489,"Height":604,"Demand":1,"DemandMax":null,"Value":260959},{"Length":196,"Height":565,"Demand":10,"DemandMax":null,"Value":59057},{"Length":285,"Height":306,"Demand":10,"DemandMax":null,"Value":84989},{"Length":469,"Height":423,"Demand":2,"DemandMax":null,"Value":173518},{"Length":435,"Height":521,"Demand":6,"DemandMax":null,"Value":128537},{"Length":282,"Height":178,"Demand":10,"DemandMax":null,"Value":43587},{"Length":311,"Height":148,"Demand":10,"DemandMax":null,"Value":41725},{"Length":617,"Height":143,"Demand":6,"DemandMax":null,"Value":86751},{"Length":307,"Height":367,"Demand":9,"DemandMax":null,"Value":99176},{"Length":354,"Height":194,"Demand":4,"DemandMax":null,"Value":65580},{"Length":342,"Height":330,"Demand":9,"DemandMax":null,"Value":83747},{"Length":643,"Height":433,"Demand":10,"DemandMax":null,"Value":187141},{"Length":273,"Height":200,"Demand":5,"DemandMax":null,"Value":42725},{"Length":289,"Height":355,"Demand":2,"DemandMax":null,"Value":69144},{"Length":514,"Height":379,"Demand":10,"DemandMax":null,"Value":157488},{"Length":553,"Height":167,"Demand":7,"DemandMax":null,"Value":73844},{"Length":593,"Height":531,"Demand":5,"DemandMax":null,"Value":292593},{"Length":592,"Height":210,"Demand":3,"DemandMax":null,"Value":77137},{"Length":560,"Height":490,"Demand":9,"DemandMax":null,"Value":243721},{"Length":696,"Height":119,"Demand":2,"DemandMax":null,"Value":46802},{"Length":667,"Height":672,"Demand":8,"DemandMax":null,"Value":372189},{"Length":230,"Height":257,"Demand":2,"DemandMax":null,"Value":40693},{"Length":393,"Height":595,"Demand":1,"DemandMax":null,"Value":181747},{"Length":403,"Height":130,"Demand":4,"DemandMax":null,"Value":47021},{"Length":189,"Height":677,"Demand":7,"DemandMax":null,"Value":127867},{"Length":129,"Height":669,"Demand":8,"DemandMax":null,"Value":59348},{"Length":477,"Height":639,"Demand":8,"DemandMax":null,"Value":227498},{"Length":246,"Height":460,"Demand":10,"DemandMax":null,"Value":71654},{"Length":269,"Height":392,"Demand":1,"DemandMax":null,"Value":77088},{"Length":218,"Height":349,"Demand":8,"DemandMax":null,"Value":43477},{"Length":588,"Height":510,"Demand":4,"DemandMax":null,"Value":201424},{"Length":119,"Height":565,"Demand":9,"DemandMax":null,"Value":46199},{"Length":233,"Height":181,"Demand":6,"DemandMax":null,"Value":38003},{"Length":364,"Height":505,"Demand":1,"DemandMax":null,"Value":110656},{"Length":662,"Height":171,"Demand":2,"DemandMax":null,"Value":96172},{"Length":687,"Height":284,"Demand":9,"DemandMax":null,"Value":130783},{"Length":582,"Height":442,"Demand":1,"DemandMax":null,"Value":238112},{"Length":297,"Height":491,"Demand":1,"DemandMax":null,"Value":77742},{"Length":514,"Height":228,"Demand":6,"DemandMax":null,"Value":89290},{"Length":391,"Height":304,"Demand":7,"DemandMax":null,"Value":78070},{"Length":627,"Height":296,"Demand":2,"DemandMax":null,"Value":143472},{"Length":470,"Height":307,"Demand":7,"DemandMax":null,"Value":91972},{"Length":330,"Height":491,"Demand":7,"DemandMax":null,"Value":130783},{"Length":354,"Height":263,"Demand":1,"DemandMax":null,"Value":51501},{"Length":659,"Height":344,"Demand":8,"DemandMax":null,"Value":151524},{"Length":128,"Height":501,"Demand":5,"DemandMax":null,"Value":42076},{"Length":520,"Height":353,"Demand":2,"DemandMax":null,"Value":140002},{"Length":395,"Height":367,"Demand":4,"DemandMax":null,"Value":112127},{"Length":186,"Height":294,"Demand":7,"DemandMax":null,"Value":48141},{"Length":570,"Height":671,"Demand":2,"DemandMax":null,"Value":191328},{"Length":430,"Height":355,"Demand":3,"DemandMax":null,"Value":151811},{"Length":263,"Height":688,"Demand":1,"DemandMax":null,"Value":121832},{"Length":291,"Height":542,"Demand":8,"DemandMax":null,"Value":115467},{"Length":246,"Height":498,"Demand":6,"DemandMax":null,"Value":95624},{"Length":505,"Height":362,"Demand":9,"DemandMax":null,"Value":124168},{"Length":126,"Height":413,"Demand":5,"DemandMax":null,"Value":49203},{"Length":449,"Height":298,"Demand":8,"DemandMax":null,"Value":97186},{"Length":482,"Height":328,"Demand":4,"DemandMax":null,"Value":157300},{"Length":200,"Height":294,"Demand":9,"DemandMax":null,"Value":32625},{"Length":622,"Height":211,"Demand":8,"DemandMax":null,"Value":122202},{"Length":252,"Height":169,"Demand":7,"DemandMax":null,"Value":39410},{"Length":691,"Height":414,"Demand":1,"DemandMax":null,"Value":272101},{"Length":421,"Height":669,"Demand":2,"DemandMax":null,"Value":271833},{"Length":695,"Height":381,"Demand":10,"DemandMax":null,"Value":145162},{"Length":576,"Height":573,"Demand":4,"DemandMax":null,"Value":322227},{"Length":636,"Height":646,"Demand":4,"DemandMax":null,"Value":309267},{"Length":410,"Height":497,"Demand":9,"DemandMax":null,"Value":145444},{"Length":129,"Height":367,"Demand":8,"DemandMax":null,"Value":37516},{"Length":242,"Height":283,"Demand":9,"DemandMax":null,"Value":63205},{"Length":622,"Height":484,"Demand":4,"DemandMax":null,"Value":279081},{"Length":247,"Height":550,"Demand":10,"DemandMax":null,"Value":134959},{"Length":210,"Height":690,"Demand":1,"DemandMax":null,"Value":74122},{"Length":115,"Height":306,"Demand":5,"DemandMax":null,"Value":24411},{"Length":376,"Height":308,"Demand":5,"DemandMax":null,"Value":60507},{"Length":673,"Height":589,"Demand":7,"DemandMax":null,"Value":359185},{"Length":427,"Height":273,"Demand":3,"DemandMax":null,"Value":105818},{"Length":482,"Height":574,"Demand":4,"DemandMax":null,"Value":251202},{"Length":696,"Height":314,"Demand":3,"DemandMax":null,"Value":164793},{"Length":636,"Height":349,"Demand":5,"DemandMax":null,"Value":186333},{"Length":228,"Height":432,"Demand":6,"DemandMax":null,"Value":95606},{"Length":646,"Height":653,"Demand":1,"DemandMax":null,"Value":375087},{"Length":226,"Height":563,"Demand":5,"DemandMax":null,"Value":66725},{"Length":428,"Height":667,"Demand":1,"DemandMax":null,"Value":204260},{"Length":154,"Height":696,"Demand":3,"DemandMax":null,"Value":85088},{"Length":399,"Height":358,"Demand":7,"DemandMax":null,"Value":75355},{"Length":430,"Height":116,"Demand":3,"DemandMax":null,"Value":44866},{"Length":642,"Height":161,"Demand":1,"DemandMax":null,"Value":90631},{"Length":578,"Height":125,"Demand":9,"DemandMax":null,"Value":70712},{"Length":296,"Height":665,"Demand":5,"DemandMax":null,"Value":173550},{"Length":339,"Height":654,"Demand":7,"DemandMax":null,"Value":191989},{"Length":606,"Height":624,"Demand":6,"DemandMax":null,"Value":236809},{"Length":148,"Height":100,"Demand":7,"DemandMax":null,"Value":8553},{"Length":383,"Height":231,"Demand":9,"DemandMax":null,"Value":58385},{"Length":132,"Height":527,"Demand":9,"DemandMax":null,"Value":66039},{"Length":319,"Height":382,"Demand":4,"DemandMax":null,"Value":83518},{"Length":570,"Height":646,"Demand":7,"DemandMax":null,"Value":288057},{"Length":334,"Height":484,"Demand":9,"DemandMax":null,"Value":157208},{"Length":519,"Height":222,"Demand":6,"DemandMax":null,"Value":59951},{"Length":564,"Height":135,"Demand":2,"DemandMax":null,"Value":44752},{"Length":644,"Height":666,"Demand":1,"DemandMax":null,"Value":344889},{"Length":614,"Height":213,"Demand":8,"DemandMax":null,"Value":130078},{"Length":210,"Height":397,"Demand":8,"DemandMax":null,"Value":72368},{"Length":394,"Height":549,"Demand":3,"DemandMax":null,"Value":167017},{"Length":568,"Height":143,"Demand":6,"DemandMax":null,"Value":53555},{"Length":440,"Height":420,"Demand":9,"DemandMax":null,"Value":172125},{"Length":613,"Height":279,"Demand":1,"DemandMax":null,"Value":148382},{"Length":496,"Height":531,"Demand":1,"DemandMax":null,"Value":234834},{"Length":636,"Height":291,"Demand":8,"DemandMax":null,"Value":148605},{"Length":568,"Height":354,"Demand":5,"DemandMax":null,"Value":186022},{"Length":257,"Height":354,"Demand":5,"DemandMax":null,"Value":74680},{"Length":214,"Height":635,"Demand":7,"DemandMax":null,"Value":82120},{"Length":343,"Height":317,"Demand":5,"DemandMax":null,"Value":89100},{"Length":647,"Height":699,"Demand":2,"DemandMax":null,"Value":359820},{"Length":686,"Height":366,"Demand":3,"DemandMax":null,"Value":200373},{"Length":325,"Height":138,"Demand":5,"DemandMax":null,"Value":38613},{"Length":617,"Height":558,"Demand":1,"DemandMax":null,"Value":214355},{"Length":401,"Height":224,"Demand":1,"DemandMax":null,"Value":67726},{"Length":309,"Height":144,"Demand":1,"DemandMax":null,"Value":24850},{"Length":575,"Height":636,"Demand":3,"DemandMax":null,"Value":349299},{"Length":201,"Height":478,"Demand":6,"DemandMax":null,"Value":83279},{"Length":358,"Height":687,"Demand":4,"DemandMax":null,"Value":241289},{"Length":366,"Height":276,"Demand":2,"DemandMax":null,"Value":88735},{"Length":457,"Height":497,"Demand":6,"DemandMax":null,"Value":193580},{"Length":294,"Height":678,"Demand":5,"DemandMax":null,"Value":104326},{"Length":599,"Height":275,"Demand":6,"DemandMax":null,"Value":116995},{"Length":678,"Height":546,"Demand":3,"DemandMax":null,"Value":320010},{"Length":620,"Height":224,"Demand":7,"DemandMax":null,"Value":78048},{"Length":685,"Height":386,"Demand":6,"DemandMax":null,"Value":218285},{"Length":440,"Height":591,"Demand":10,"DemandMax":null,"Value":183644},{"Length":362,"Height":358,"Demand":7,"DemandMax":null,"Value":75192},{"Length":224,"Height":658,"Demand":7,"DemandMax":null,"Value":84058},{"Length":278,"Height":217,"Demand":10,"DemandMax":null,"Value":32219},{"Length":514,"Height":272,"Demand":9,"DemandMax":null,"Value":108996},{"Length":360,"Height":260,"Demand":1,"DemandMax":null,"Value":52862},{"Length":210,"Height":280,"Demand":8,"DemandMax":null,"Value":35111},{"Length":252,"Height":449,"Demand":8,"DemandMax":null,"Value":82350},{"Length":590,"Height":231,"Demand":6,"DemandMax":null,"Value":99278},{"Length":167,"Height":394,"Demand":1,"DemandMax":null,"Value":37556},{"Length":593,"Height":544,"Demand":5,"DemandMax":null,"Value":224019},{"Length":549,"Height":391,"Demand":9,"DemandMax":null,"Value":122646},{"Length":565,"Height":215,"Demand":9,"DemandMax":null,"Value":102892},{"Length":622,"Height":377,"Demand":6,"DemandMax":null,"Value":140770},{"Length":575,"Height":294,"Demand":6,"DemandMax":null,"Value":160749},{"Length":527,"Height":517,"Demand":6,"DemandMax":null,"Value":208117},{"Length":383,"Height":290,"Demand":9,"DemandMax":null,"Value":99162},{"Length":323,"Height":652,"Demand":3,"DemandMax":null,"Value":119389},{"Length":354,"Height":198,"Demand":5,"DemandMax":null,"Value":57375},{"Length":494,"Height":332,"Demand":1,"DemandMax":null,"Value":101875},{"Length":321,"Height":116,"Demand":2,"DemandMax":null,"Value":24269},{"Length":554,"Height":211,"Demand":5,"DemandMax":null,"Value":77326},{"Length":242,"Height":652,"Demand":2,"DemandMax":null,"Value":130548},{"Length":529,"Height":232,"Demand":9,"DemandMax":null,"Value":122136},{"Length":385,"Height":639,"Demand":3,"DemandMax":null,"Value":244386},{"Length":268,"Height":314,"Demand":6,"DemandMax":null,"Value":63178},{"Length":179,"Height":298,"Demand":3,"DemandMax":null,"Value":37492},{"Length":526,"Height":340,"Demand":3,"DemandMax":null,"Value":175811},{"Length":256,"Height":466,"Demand":6,"DemandMax":null,"Value":66207},{"Length":211,"Height":122,"Demand":2,"DemandMax":null,"Value":22797},{"Length":628,"Height":188,"Demand":1,"DemandMax":null,"Value":77064},{"Length":271,"Height":369,"Demand":6,"DemandMax":null,"Value":62976},{"Length":346,"Height":536,"Demand":7,"DemandMax":null,"Value":175653},{"Length":159,"Height":474,"Demand":5,"DemandMax":null,"Value":56402},{"Length":162,"Height":354,"Demand":4,"DemandMax":null,"Value":48074},{"Length":469,"Height":102,"Demand":5,"DemandMax":null,"Value":27590},{"Length":579,"Height":369,"Demand":7,"DemandMax":null,"Value":132414},{"Length":516,"Height":500,"Demand":5,"DemandMax":null,"Value":159050},{"Length":317,"Height":415,"Demand":6,"DemandMax":null,"Value":104680},{"Length":543,"Height":339,"Demand":4,"DemandMax":null,"Value":158325},{"Length":472,"Height":698,"Demand":2,"DemandMax":null,"Value":257059},{"Length":668,"Height":321,"Demand":2,"DemandMax":null,"Value":143828},{"Length":428,"Height":571,"Demand":10,"DemandMax":null,"Value":201253},{"Length":126,"Height":288,"Demand":5,"DemandMax":null,"Value":29440},{"Length":139,"Height":558,"Demand":5,"DemandMax":null,"Value":39076},{"Length":542,"Height":531,"Demand":6,"DemandMax":null,"Value":209187},{"Length":211,"Height":229,"Demand":10,"DemandMax":null,"Value":29040},{"Length":660,"Height":274,"Demand":8,"DemandMax":null,"Value":138065},{"Length":365,"Height":654,"Demand":6,"DemandMax":null,"Value":221262},{"Length":151,"Height":289,"Demand":8,"DemandMax":null,"Value":31303},{"Length":622,"Height":195,"Demand":4,"DemandMax":null,"Value":67239},{"Length":219,"Height":321,"Demand":4,"DemandMax":null,"Value":36320},{"Length":206,"Height":475,"Demand":10,"DemandMax":null,"Value":65006},{"Length":579,"Height":341,"Demand":9,"DemandMax":null,"Value":99331},{"Length":351,"Height":292,"Demand":6,"DemandMax":null,"Value":75321},{"Length":189,"Height":488,"Demand":8,"DemandMax":null,"Value":70543},{"Length":441,"Height":366,"Demand":3,"DemandMax":null,"Value":135676},{"Length":597,"Height":184,"Demand":6,"DemandMax":null,"Value":92488},{"Length":671,"Height":131,"Demand":6,"DemandMax":null,"Value":63809},{"Length":101,"Height":125,"Demand":7,"DemandMax":null,"Value":11842},{"Length":530,"Height":240,"Demand":7,"DemandMax":null,"Value":111414},{"Length":157,"Height":503,"Demand":9,"DemandMax":null,"Value":46790},{"Length":419,"Height":287,"Demand":3,"DemandMax":null,"Value":101428},{"Length":455,"Height":108,"Demand":2,"DemandMax":null,"Value":32547},{"Length":423,"Height":131,"Demand":4,"DemandMax":null,"Value":50871},{"Length":145,"Height":685,"Demand":5,"DemandMax":null,"Value":97491},{"Length":416,"Height":233,"Demand":2,"DemandMax":null,"Value":62681},{"Length":648,"Height":444,"Demand":10,"DemandMax":null,"Value":227881}]}