{"Name":"4C_11","Objects":[{"Length":2050,"Height":1450,"Stock":null,"Cost":2972500}],"Items":[{"Length":54,"Height":108,"Demand":6,"DemandMax":null,"Value":2936},{"Length":230,"Height":370,"Demand":21,"DemandMax":null,"Value":53633},{"Length":356,"Height":327,"Demand":29,"DemandMax":null,"Value":73810},{"Length":79,"Height":272,"Demand":5,"DemandMax":null,"Value":17909},{"Length":498,"Height":470,"Demand":2,"DemandMax":null,"Value":178733},{"Length":132,"Height":211,"Demand":25,"DemandMax":null,"Value":18249},{"Length":266,"Height":250,"Demand":21,"DemandMax":null,"Value":58666},{"Length":104,"Height":427,"Demand":24,"DemandMax":null,"Value":40055},{"Length":402,"Height":54,"Demand":25,"DemandMax":null,"Value":16767},{"Length":50,"Height":65,"Demand":21,"DemandMax":null,"Value":1710},{"Length":226,"Height":90,"Demand":24,"DemandMax":null,"Value":19495},{"Length":312,"Height":418,"Demand":8,"DemandMax":null,"Value":126213},{"Length":454,"Height":308,"Demand":27,"DemandMax":null,"Value":85375},{"Length":416,"Height":80,"Demand":5,"DemandMax":null,"Value":21564},{"Length":225,"Height":85,"Demand":9,"DemandMax":null,"Value":18239},{"Length":263,"Height":405,"Demand":16,"DemandMax":null,"Value":62558},{"Length":484,"Height":170,"Demand":5,"DemandMax":null,"Value":71639},{"Length":167,"Height":476,"Demand":10,"DemandMax":null,"Value":56247},{"Length":312,"Height":151,"Demand":11,"DemandMax":null,"Value":31373},{"Length":464,"Height":483,"Demand":5,"DemandMax":null,"Value":121819},{"Length":378,"Height":486,"Demand":30,"DemandMax":null,"Value":169546},{"Length":120,"Height":493,"Demand":18,"DemandMax":null,"Value":40667},{"Length":419,"Height":167,"Demand":26,"DemandMax":null,"Value":43292},{"Length":476,"Height":348,"Demand":27,"DemandMax":null,"Value":99934},{"Length":439,"Height":352,"Demand":20,"DemandMax":null,"Value":109007}]}