{"Name":"1B_5","Objects":[{"Length":2000,"Height":1400,"Stock":null,"Cost":2800000}],"Items":[{"Length":439,"Height":186,"Demand":9,"DemandMax":null,"Value":41183},{"Length":502,"Height":438,"Demand":6,"DemandMax":null,"Value":128049},{"Length":575,"Height":660,"Demand":3,"DemandMax":null,"Value":205148},{"Length":280,"Height":270,"Demand":7,"DemandMax":null,"Value":71264},{"Length":158,"Height":287,"Demand":4,"DemandMax":null,"Value":27053},{"Length":348,"Height":156,"Demand":4,"DemandMax":null,"Value":39832},{"Length":605,"Height":294,"Demand":6,"DemandMax":null,"Value":131100},{"Length":347,"Height":628,"Demand":4,"DemandMax":null,"Value":130306},{"Length":496,"Height":152,"Demand":8,"DemandMax":null,"Value":60874},{"Length":669,"Height":398,"Demand":8,"DemandMax":null,"Value":222967},{"Length":559,"Height":514,"Demand":8,"DemandMax":null,"Value":263707},{"Length":365,"Height":572,"Demand":10,"DemandMax":null,"Value":204578},{"Length":111,"Height":164,"Demand":4,"DemandMax":null,"Value":12582},{"Length":101,"Height":643,"Demand":9,"DemandMax":null,"Value":44976},{"Length":597,"Height":677,"Demand":3,"DemandMax":null,"Value":221851},{"Length":541,"Height":552,"Demand":8,"DemandMax":null,"Value":253651},{"Length":215,"Height":120,"Demand":3,"DemandMax":null,"Value":19001},{"Length":591,"Height":175,"Demand":10,"DemandMax":null,"Value":79454},{"Length":636,"Height":618,"Demand":10,"DemandMax":null,"Value":262852},{"Length":372,"Height":508,"Demand":7,"DemandMax":null,"Value":95396},{"Length":675,"Height":371,"Demand":10,"DemandMax":null,"Value":139802},{"Length":569,"Height":126,"Demand":10,"DemandMax":null,"Value":67348},{"Length":186,"Height":290,"Demand":10,"DemandMax":null,"Value":40059},{"Length":412,"Height":414,"Demand":9,"DemandMax":null,"Value":90385},{"Length":474,"Height":569,"Demand":7,"DemandMax":null,"Value":193178}]}