{"Name":"1B_17","Objects":[{"Length":2600,"Height":1200,"Stock":null,"Cost":3120000}],"Items":[{"Length":134,"Height":575,"Demand":5,"DemandMax":null,"Value":38861},{"Length":403,"Height":478,"Demand":6,"DemandMax":null,"Value":112184},{"Length":162,"Height":374,"Demand":9,"DemandMax":null,"Value":32752},{"Length":485,"Height":228,"Demand":10,"DemandMax":null,"Value":104237},{"Length":122,"Height":678,"Demand":8,"DemandMax":null,"Value":49348},{"Length":265,"Height":694,"Demand":4,"DemandMax":null,"Value":134937},{"Length":359,"Height":444,"Demand":9,"DemandMax":null,"Value":117483},{"Length":365,"Height":606,"Demand":2,"DemandMax":null,"Value":132264},{"Length":224,"Height":380,"Demand":8,"DemandMax":null,"Value":68728},{"Length":305,"Height":287,"Demand":2,"DemandMax":null,"Value":73302},{"Length":505,"Height":157,"Demand":7,"DemandMax":null,"Value":72768},{"Length":620,"Height":642,"Demand":1,"DemandMax":null,"Value":390029},{"Length":115,"Height":189,"Demand":6,"DemandMax":null,"Value":15023},{"Length":641,"Height":383,"Demand":7,"DemandMax":null,"Value":170021},{"Length":113,"Height":472,"Demand":4,"DemandMax":null,"Value":29276},{"Length":396,"Height":362,"Demand":10,"DemandMax":null,"Value":121760},{"Length":618,"Height":618,"Demand":8,"DemandMax":null,"Value":281271},{"Length":149,"Height":365,"Demand":3,"DemandMax":null,"Value":41780},{"Length":640,"Height":185,"Demand":1,"DemandMax":null,"Value":79180},{"Length":193,"Height":226,"Demand":8,"DemandMax":null,"Value":22019},{"Length":324,"Height":442,"Demand":2,"DemandMax":null,"Value":79947},{"Length":664,"Height":160,"Demand":1,"DemandMax":null,"Value":99799},{"Length":432,"Height":266,"Demand":8,"DemandMax":null,"Value":85340},{"Length":296,"Height":203,"Demand":8,"DemandMax":null,"Value":31841},{"Length":690,"Height":429,"Demand":9,"DemandMax":null,"Value":212018}]}