{"Name":"1C_4","Objects":[{"Length":2800,"Height":1200,"Stock":null,"Cost":3360000}],"Items":[{"Length":185,"Height":353,"Demand":18,"DemandMax":null,"Value":32870},{"Length":215,"Height":380,"Demand":13,"DemandMax":null,"Value":52141},{"Length":697,"Height":199,"Demand":1,"DemandMax":null,"Value":113220},{"Length":270,"Height":559,"Demand":6,"DemandMax":null,"Value":110470},{"Length":200,"Height":594,"Demand":9,"DemandMax":null,"Value":94024},{"Length":233,"Height":553,"Demand":1,"DemandMax":null,"Value":125687},{"Length":452,"Height":153,"Demand":19,"DemandMax":null,"Value":51156},{"Length":383,"Height":607,"Demand":23,"DemandMax":null,"Value":124602},{"Length":495,"Height":321,"Demand":9,"DemandMax":null,"Value":82073},{"Length":546,"Height":552,"Demand":24,"DemandMax":null,"Value":243357},{"Length":439,"Height":243,"Demand":16,"DemandMax":null,"Value":102964},{"Length":303,"Height":606,"Demand":20,"DemandMax":null,"Value":177331},{"Length":329,"Height":337,"Demand":22,"DemandMax":null,"Value":66203},{"Length":350,"Height":402,"Demand":29,"DemandMax":null,"Value":125298},{"Length":446,"Height":595,"Demand":22,"DemandMax":null,"Value":248861},{"Length":427,"Height":466,"Demand":25,"DemandMax":null,"Value":157922},{"Length":134,"Height":348,"Demand":27,"DemandMax":null,"Value":29986},{"Length":387,"Height":570,"Demand":12,"DemandMax":null,"Value":190622},{"Length":224,"Height":148,"Demand":26,"DemandMax":null,"Value":19299},{"Length":662,"Height":249,"Demand":23,"DemandMax":null,"Value":159350},{"Length":591,"Height":233,"Demand":2,"DemandMax":null,"Value":123982},{"Length":101,"Height":337,"Demand":20,"DemandMax":null,"Value":33314},{"Length":295,"Height":410,"Demand":15,"DemandMax":null,"Value":112652},{"Length":190,"Height":677,"Demand":17,"DemandMax":null,"Value":100613},{"Length":425,"Height":382,"Demand":13,"DemandMax":null,"Value":87173}]}