{"Name":"3A_2","Objects":[{"Length":2500,"Height":1200,"Stock":null,"Cost":3000000}],"Items":[{"Length":294,"Height":265,"Demand":4,"DemandMax":null,"Value":39245},{"Length":250,"Height":431,"Demand":3,"DemandMax":null,"Value":102393},{"Length":479,"Height":630,"Demand":4,"DemandMax":null,"Value":300858},{"Length":447,"Height":398,"Demand":2,"DemandMax":null,"Value":119078},{"Length":256,"Height":129,"Demand":3,"DemandMax":null,"Value":18181},{"Length":554,"Height":140,"Demand":4,"DemandMax":null,"Value":74054},{"Length":590,"Height":648,"Demand":4,"DemandMax":null,"Value":236910},{"Length":691,"Height":331,"Demand":2,"DemandMax":null,"Value":155219},{"Length":664,"Height":279,"Demand":2,"DemandMax":null,"Value":98576},{"Length":501,"Height":692,"Demand":1,"DemandMax":null,"Value":193089},{"Length":262,"Height":645,"Demand":3,"DemandMax":null,"Value":160058},{"Length":642,"Height":635,"Demand":4,"DemandMax":null,"Value":395900},{"Length":569,"Height":147,"Demand":4,"DemandMax":null,"Value":66882},{"Length":114,"Height":370,"Demand":2,"DemandMax":null,"Value":38398},{"Length":411,"Height":109,"Demand":4,"DemandMax":null,"Value":28975},{"Length":318,"Height":312,"Demand":5,"DemandMax":null,"Value":90297},{"Length":332,"Height":417,"Demand":2,"DemandMax":null,"Value":126916},{"Length":385,"Height":146,"Demand":4,"DemandMax":null,"Value":34474},{"Length":537,"Height":564,"Demand":2,"DemandMax":null,"Value":243994},{"Length":665,"Height":381,"Demand":3,"DemandMax":null,"Value":212411},{"Length":261,"Height":153,"Demand":4,"DemandMax":null,"Value":31701},{"Length":231,"Height":357,"Demand":4,"DemandMax":null,"Value":71623},{"Length":459,"Height":302,"Demand":3,"DemandMax":null,"Value":105938},{"Length":240,"Height":558,"Demand":5,"DemandMax":null,"Value":85503},{"Length":157,"Height":541,"Demand":2,"DemandMax":null,"Value":69610},{"Length":344,"Height":369,"Demand":5,"DemandMax":null,"Value":82640},{"Length":513,"Height":568,"Demand":4,"DemandMax":null,"Value":269437},{"Length":681,"Height":572,"Demand":4,"DemandMax":null,"Value":339799},{"Length":665,"Height":693,"Demand":4,"DemandMax":null,"Value":347789},{"Length":412,"Height":419,"Demand":5,"DemandMax":null,"Value":101637},{"Length":689,"Height":416,"Demand":3,"DemandMax":null,"Value":264310},{"Length":373,"Height":678,"Demand":1,"DemandMax":null,"Value":209353},{"Length":460,"Height":111,"Demand":1,"DemandMax":null,"Value":46198},{"Length":420,"Height":323,"Demand":4,"DemandMax":null,"Value":68844},{"Length":678,"Height":352,"Demand":5,"DemandMax":null,"Value":191397},{"Length":389,"Height":389,"Demand":5,"DemandMax":null,"Value":83361},{"Length":391,"Height":445,"Demand":1,"DemandMax":null,"Value":145546},{"Length":311,"Height":248,"Demand":4,"DemandMax":null,"Value":65122},{"Length":686,"Height":394,"Demand":5,"DemandMax":null,"Value":159979},{"Length":314,"Height":185,"Demand":2,"DemandMax":null,"Value":40138},{"Length":193,"Height":152,"Demand":2,"DemandMax":null,"Value":19168},{"Length":319,"Height":645,"Demand":2,"DemandMax":null,"Value":181564},{"Length":198,"Height":655,"Demand":3,"DemandMax":null,"Value":118085},{"Length":232,"Height":441,"Demand":2,"DemandMax":null,"Value":75523},{"Length":689,"Height":482,"Demand":4,"DemandMax":null,"Value":198360},{"Length":437,"Height":531,"Demand":2,"DemandMax":null,"Value":118346},{"Length":550,"Height":267,"Demand":4,"DemandMax":null,"Value":73795},{"Length":286,"Height":511,"Demand":2,"DemandMax":null,"Value":143249},{"Length":101,"Height":202,"Demand":3,"DemandMax":null,"Value":20198},{"Length":158,"Height":212,"Demand":1,"DemandMax":null,"Value":32059},{"Length":686,"Height":384,"Demand":3,"DemandMax":null,"Value":221620},{"Length":285,"Height":620,"Demand":5,"DemandMax":null,"Value":133737},{"Length":390,"Height":499,"Demand":4,"DemandMax":null,"Value":152168},{"Length":531,"Height":452,"Demand":1,"DemandMax":null,"Value":171045},{"Length":357,"Height":451,"Demand":2,"DemandMax":null,"Value":111018},{"Length":369,"Height":503,"Demand":4,"DemandMax":null,"Value":156090},{"Length":242,"Height":435,"Demand":5,"DemandMax":null,"Value":76039},{"Length":680,"Height":571,"Demand":3,"DemandMax":null,"Value":223604},{"Length":149,"Height":697,"Demand":5,"DemandMax":null,"Value":78762},{"Length":416,"Height":433,"Demand":5,"DemandMax":null,"Value":94198},{"Length":219,"Height":232,"Demand":1,"DemandMax":null,"Value":46627},{"Length":424,"Height":665,"Demand":2,"DemandMax":null,"Value":153388},{"Length":589,"Height":627,"Demand":3,"DemandMax":null,"Value":316196},{"Length":391,"Height":389,"Demand":4,"DemandMax":null,"Value":110719},{"Length":294,"Height":551,"Demand":1,"DemandMax":null,"Value":128485},{"Length":548,"Height":256,"Demand":1,"DemandMax":null,"Value":138956},{"Length":510,"Height":473,"Demand":1,"DemandMax":null,"Value":160786},{"Length":523,"Height":602,"Demand":2,"DemandMax":null,"Value":233951},{"Length":289,"Height":630,"Demand":5,"DemandMax":null,"Value":131595},{"Length":365,"Height":344,"Demand":2,"DemandMax":null,"Value":104985},{"Length":543,"Height":193,"Demand":4,"DemandMax":null,"Value":57366},{"Length":510,"Height":422,"Demand":2,"DemandMax":null,"Value":190116},{"Length":231,"Height":253,"Demand":4,"DemandMax":null,"Value":49373},{"Length":313,"Height":575,"Demand":2,"DemandMax":null,"Value":119963},{"Length":501,"Height":549,"Demand":4,"DemandMax":null,"Value":272598},{"Length":247,"Height":553,"Demand":1,"DemandMax":null,"Value":92081},{"Length":359,"Height":622,"Demand":3,"DemandMax":null,"Value":184587},{"Length":230,"Height":306,"Demand":4,"DemandMax":null,"Value":70325},{"Length":120,"Height":289,"Demand":4,"DemandMax":null,"Value":22056},{"Length":659,"Height":198,"Demand":4,"DemandMax":null,"Value":114589},{"Length":175,"Height":691,"Demand":4,"DemandMax":null,"Value":72078},{"Length":457,"Height":667,"Demand":2,"DemandMax":null,"Value":198964},{"Length":339,"Height":535,"Demand":4,"DemandMax":null,"Value":176068},{"Length":554,"Height":162,"Demand":2,"DemandMax":null,"Value":84881},{"Length":482,"Height":247,"Demand":3,"DemandMax":null,"Value":95661},{"Length":600,"Height":210,"Demand":5,"DemandMax":null,"Value":116181},{"Length":175,"Height":206,"Demand":2,"DemandMax":null,"Value":22408},{"Length":668,"Height":448,"Demand":1,"DemandMax":null,"Value":214139},{"Length":620,"Height":284,"Demand":4,"DemandMax":null,"Value":93618},{"Length":111,"Height":443,"Demand":4,"DemandMax":null,"Value":25197},{"Length":167,"Height":203,"Demand":1,"DemandMax":null,"Value":29247},{"Length":604,"Height":394,"Demand":5,"DemandMax":null,"Value":224856},{"Length":212,"Height":564,"Demand":3,"DemandMax":null,"Value":61917},{"Length":316,"Height":634,"Demand":2,"DemandMax":null,"Value":187321},{"Length":257,"Height":154,"Demand":2,"DemandMax":null,"Value":29361},{"Length":469,"Height":106,"Demand":2,"DemandMax":null,"Value":49556},{"Length":643,"Height":514,"Demand":3,"DemandMax":null,"Value":298866},{"Length":648,"Height":595,"Demand":3,"DemandMax":null,"Value":315342},{"Length":678,"Height":656,"Demand":2,"DemandMax":null,"Value":426932},{"Length":682,"Height":404,"Demand":4,"DemandMax":null,"Value":210247},{"Length":600,"Height":335,"Demand":3,"DemandMax":null,"Value":157337},{"Length":113,"Height":420,"Demand":2,"DemandMax":null,"Value":39634},{"Length":316,"Height":223,"Demand":1,"DemandMax":null,"Value":63171},{"Length":367,"Height":655,"Demand":4,"DemandMax":null,"Value":156254},{"Length":673,"Height":698,"Demand":4,"DemandMax":null,"Value":257786},{"Length":351,"Height":286,"Demand":5,"DemandMax":null,"Value":70955},{"Length":512,"Height":463,"Demand":2,"DemandMax":null,"Value":218423},{"Length":412,"Height":116,"Demand":5,"DemandMax":null,"Value":33761},{"Length":555,"Height":281,"Demand":1,"DemandMax":null,"Value":129533},{"Length":319,"Height":103,"Demand":4,"DemandMax":null,"Value":32011},{"Length":384,"Height":303,"Demand":1,"DemandMax":null,"Value":102768},{"Length":189,"Height":339,"Demand":1,"DemandMax":null,"Value":46193},{"Length":246,"Height":335,"Demand":1,"DemandMax":null,"Value":41981},{"Length":554,"Height":309,"Demand":4,"DemandMax":null,"Value":85873},{"Length":623,"Height":575,"Demand":2,"DemandMax":null,"Value":327734},{"Length":641,"Height":482,"Demand":3,"DemandMax":null,"Value":268054},{"Length":185,"Height":522,"Demand":1,"DemandMax":null,"Value":57558},{"Length":444,"Height":606,"Demand":4,"DemandMax":null,"Value":244705},{"Length":639,"Height":392,"Demand":5,"DemandMax":null,"Value":237267},{"Length":308,"Height":463,"Demand":4,"DemandMax":null,"Value":103633},{"Length":334,"Height":626,"Demand":1,"DemandMax":null,"Value":204735},{"Length":465,"Height":324,"Demand":1,"DemandMax":null,"Value":134232},{"Length":630,"Height":619,"Demand":4,"DemandMax":null,"Value":222941},{"Length":607,"Height":212,"Demand":2,"DemandMax":null,"Value":97896},{"Length":314,"Height":178,"Demand":4,"DemandMax":null,"Value":45388},{"Length":627,"Height":217,"Demand":3,"DemandMax":null,"Value":83785},{"Length":633,"Height":672,"Demand":5,"DemandMax":null,"Value":272982},{"Length":345,"Height":355,"Demand":2,"DemandMax":null,"Value":70006},{"Length":645,"Height":373,"Demand":2,"DemandMax":null,"Value":132749},{"Length":454,"Height":370,"Demand":1,"DemandMax":null,"Value":113188},{"Length":334,"Height":355,"Demand":5,"DemandMax":null,"Value":89455},{"Length":569,"Height":378,"Demand":2,"DemandMax":null,"Value":111575},{"Length":568,"Height":359,"Demand":5,"DemandMax":null,"Value":187187},{"Length":172,"Height":635,"Demand":3,"DemandMax":null,"Value":83197},{"Length":102,"Height":157,"Demand":2,"DemandMax":null,"Value":8046},{"Length":338,"Height":213,"Demand":1,"DemandMax":null,"Value":37847},{"Length":304,"Height":645,"Demand":2,"DemandMax":null,"Value":154117},{"Length":621,"Height":653,"Demand":5,"DemandMax":null,"Value":229661},{"Length":416,"Height":324,"Demand":5,"DemandMax":null,"Value":85869},{"Length":321,"Height":694,"Demand":1,"DemandMax":null,"Value":145466},{"Length":243,"Height":319,"Demand":5,"DemandMax":null,"Value":60472},{"Length":352,"Height":499,"Demand":5,"DemandMax":null,"Value":96085},{"Length":154,"Height":529,"Demand":1,"DemandMax":null,"Value":43459},{"Length":198,"Height":420,"Demand":2,"DemandMax":null,"Value":63697},{"Length":699,"Height":227,"Demand":2,"DemandMax":null,"Value":92467},{"Length":644,"Height":205,"Demand":5,"DemandMax":null,"Value":75361},{"Length":510,"Height":458,"Demand":1,"DemandMax":null,"Value":139569},{"Length":182,"Height":673,"Demand":5,"DemandMax":null,"Value":107236},{"Length":141,"Height":592,"Demand":1,"DemandMax":null,"Value":60523},{"Length":690,"Height":383,"Demand":5,"DemandMax":null,"Value":159399},{"Length":621,"Height":130,"Demand":1,"DemandMax":null,"Value":40884},{"Length":428,"Height":339,"Demand":3,"DemandMax":null,"Value":142125},{"Length":316,"Height":441,"Demand":1,"DemandMax":null,"Value":121874},{"Length":291,"Height":424,"Demand":4,"DemandMax":null,"Value":111959},{"Length":645,"Height":269,"Demand":4,"DemandMax":null,"Value":160074},{"Length":252,"Height":259,"Demand":4,"DemandMax":null,"Value":64217},{"Length":591,"Height":502,"Demand":2,"DemandMax":null,"Value":262697},{"Length":111,"Height":674,"Demand":2,"DemandMax":null,"Value":71540},{"Length":197,"Height":348,"Demand":4,"DemandMax":null,"Value":39188},{"Length":523,"Height":180,"Demand":3,"DemandMax":null,"Value":49898},{"Length":133,"Height":145,"Demand":3,"DemandMax":null,"Value":12099},{"Length":618,"Height":283,"Demand":2,"DemandMax":null,"Value":88875},{"Length":669,"Height":620,"Demand":3,"DemandMax":null,"Value":342487},{"Length":352,"Height":527,"Demand":2,"DemandMax":null,"Value":149996},{"Length":433,"Height":241,"Demand":3,"DemandMax":null,"Value":89536},{"Length":578,"Height":115,"Demand":3,"DemandMax":null,"Value":36708},{"Length":545,"Height":364,"Demand":4,"DemandMax":null,"Value":135276},{"Length":446,"Height":546,"Demand":4,"DemandMax":null,"Value":167017},{"Length":406,"Height":696,"Demand":1,"DemandMax":null,"Value":185140},{"Length":432,"Height":618,"Demand":1,"DemandMax":null,"Value":153205},{"Length":643,"Height":456,"Demand":1,"DemandMax":null,"Value":227827},{"Length":638,"Height":270,"Demand":2,"DemandMax":null,"Value":124449},{"Length":585,"Height":335,"Demand":4,"DemandMax":null,"Value":132162},{"Length":594,"Height":438,"Demand":4,"DemandMax":null,"Value":219892},{"Length":581,"Height":683,"Demand":2,"DemandMax":null,"Value":328962},{"Length":377,"Height":243,"Demand":3,"DemandMax":null,"Value":83478},{"Length":215,"Height":506,"Demand":3,"DemandMax":null,"Value":81250},{"Length":638,"Height":689,"Demand":5,"DemandMax":null,"Value":304610},{"Length":415,"Height":527,"Demand":5,"DemandMax":null,"Value":141240},{"Length":481,"Height":449,"Demand":4,"DemandMax":null,"Value":154039},{"Length":184,"Height":271,"Demand":1,"DemandMax":null,"Value":29134},{"Length":183,"Height":254,"Demand":5,"DemandMax":null,"Value":44027},{"Length":133,"Height":433,"Demand":3,"DemandMax":null,"Value":34111},{"Length":535,"Height":183,"Demand":1,"DemandMax":null,"Value":70470},{"Length":394,"Height":154,"Demand":2,"DemandMax":null,"Value":36743},{"Length":255,"Height":218,"Demand":4,"DemandMax":null,"Value":29091},{"Length":164,"Height":274,"Demand":1,"DemandMax":null,"Value":29466},{"Length":436,"Height":327,"Demand":4,"DemandMax":null,"Value":73888},{"Length":300,"Height":510,"Demand":3,"DemandMax":null,"Value":99632},{"Length":544,"Height":435,"Demand":4,"DemandMax":null,"Value":199162},{"Length":374,"Height":445,"Demand":2,"DemandMax":null,"Value":83276},{"Length":479,"Height":146,"Demand":4,"DemandMax":null,"Value":41299},{"Length":233,"Height":690,"Demand":1,"DemandMax":null,"Value":96611},{"Length":311,"Height":301,"Demand":2,"DemandMax":null,"Value":50211},{"Length":121,"Height":492,"Demand":5,"DemandMax":null,"Value":38834},{"Length":673,"Height":274,"Demand":5,"DemandMax":null,"Value":151508},{"Length":224,"Height":668,"Demand":1,"DemandMax":null,"Value":98847},{"Length":187,"Height":558,"Demand":4,"DemandMax":null,"Value":68700},{"Length":430,"Height":103,"Demand":4,"DemandMax":null,"Value":31203},{"Length":283,"Height":421,"Demand":2,"DemandMax":null,"Value":112769}]}