{"Name":"1A_14","Objects":[{"Length":2050,"Height":1250,"Stock":null,"Cost":2562500}],"Items":[{"Length":456,"Height":563,"Demand":2,"DemandMax":null,"Value":128654},{"Length":466,"Height":311,"Demand":2,"DemandMax":null,"Value":133606},{"Length":475,"Height":311,"Demand":2,"DemandMax":null,"Value":121507},{"Length":472,"Height":268,"Demand":5,"DemandMax":null,"Value":72878},{"Length":280,"Height":550,"Demand":5,"DemandMax":null,"Value":133424},{"Length":351,"Height":679,"Demand":3,"DemandMax":null,"Value":199983},{"Length":466,"Height":571,"Demand":5,"DemandMax":null,"Value":172972},{"Length":593,"Height":326,"Demand":2,"DemandMax":null,"Value":96910},{"Length":148,"Height":447,"Demand":5,"DemandMax":null,"Value":61584},{"Length":340,"Height":210,"Demand":4,"DemandMax":null,"Value":66772},{"Length":293,"Height":613,"Demand":3,"DemandMax":null,"Value":101387},{"Length":630,"Height":409,"Demand":4,"DemandMax":null,"Value":241227},{"Length":583,"Height":459,"Demand":3,"DemandMax":null,"Value":196249},{"Length":690,"Height":341,"Demand":4,"DemandMax":null,"Value":183887},{"Length":586,"Height":458,"Demand":5,"DemandMax":null,"Value":144461},{"Length":191,"Height":327,"Demand":2,"DemandMax":null,"Value":40789},{"Length":370,"Height":613,"Demand":1,"DemandMax":null,"Value":144661},{"Length":533,"Height":517,"Demand":2,"DemandMax":null,"Value":273824},{"Length":404,"Height":497,"Demand":3,"DemandMax":null,"Value":171274},{"Length":437,"Height":657,"Demand":1,"DemandMax":null,"Value":193091},{"Length":124,"Height":258,"Demand":5,"DemandMax":null,"Value":23550},{"Length":424,"Height":371,"Demand":4,"DemandMax":null,"Value":92029},{"Length":165,"Height":103,"Demand":1,"DemandMax":null,"Value":14456},{"Length":154,"Height":353,"Demand":2,"DemandMax":null,"Value":31132},{"Length":657,"Height":197,"Demand":1,"DemandMax":null,"Value":94833}]}