{"Name":"5C_3","Objects":[{"Length":2450,"Height":1050,"Stock":null,"Cost":2572500}],"Items":[{"Length":309,"Height":326,"Demand":9,"DemandMax":null,"Value":50727},{"Length":140,"Height":291,"Demand":10,"DemandMax":null,"Value":39039},{"Length":258,"Height":307,"Demand":27,"DemandMax":null,"Value":53797},{"Length":109,"Height":305,"Demand":29,"DemandMax":null,"Value":18876},{"Length":349,"Height":152,"Demand":26,"DemandMax":null,"Value":30682},{"Length":146,"Height":486,"Demand":12,"DemandMax":null,"Value":54994},{"Length":195,"Height":97,"Demand":13,"DemandMax":null,"Value":18483},{"Length":327,"Height":274,"Demand":22,"DemandMax":null,"Value":72812},{"Length":375,"Height":392,"Demand":1,"DemandMax":null,"Value":114112},{"Length":234,"Height":325,"Demand":2,"DemandMax":null,"Value":63760},{"Length":453,"Height":398,"Demand":3,"DemandMax":null,"Value":171986},{"Length":314,"Height":398,"Demand":2,"DemandMax":null,"Value":121112},{"Length":147,"Height":466,"Demand":30,"DemandMax":null,"Value":53855},{"Length":179,"Height":343,"Demand":27,"DemandMax":null,"Value":40086},{"Length":278,"Height":290,"Demand":23,"DemandMax":null,"Value":50864},{"Length":99,"Height":249,"Demand":5,"DemandMax":null,"Value":15196},{"Length":197,"Height":188,"Demand":22,"DemandMax":null,"Value":25521},{"Length":335,"Height":329,"Demand":18,"DemandMax":null,"Value":84852},{"Length":170,"Height":223,"Demand":7,"DemandMax":null,"Value":27364},{"Length":457,"Height":148,"Demand":14,"DemandMax":null,"Value":51504},{"Length":170,"Height":110,"Demand":25,"DemandMax":null,"Value":14423},{"Length":150,"Height":167,"Demand":17,"DemandMax":null,"Value":16529},{"Length":116,"Height":231,"Demand":30,"DemandMax":null,"Value":15459},{"Length":377,"Height":275,"Demand":18,"DemandMax":null,"Value":84740},{"Length":151,"Height":423,"Demand":3,"DemandMax":null,"Value":41586},{"Length":317,"Height":460,"Demand":9,"DemandMax":null,"Value":94026},{"Length":367,"Height":130,"Demand":29,"DemandMax":null,"Value":45289},{"Length":433,"Height":132,"Demand":20,"DemandMax":null,"Value":35329},{"Length":87,"Height":146,"Demand":22,"DemandMax":null,"Value":10126},{"Length":284,"Height":94,"Demand":22,"DemandMax":null,"Value":17502},{"Length":429,"Height":357,"Demand":19,"DemandMax":null,"Value":120192},{"Length":218,"Height":131,"Demand":13,"DemandMax":null,"Value":24568},{"Length":314,"Height":300,"Demand":29,"DemandMax":null,"Value":72258},{"Length":114,"Height":263,"Demand":24,"DemandMax":null,"Value":24890},{"Length":294,"Height":94,"Demand":13,"DemandMax":null,"Value":27369},{"Length":356,"Height":76,"Demand":22,"DemandMax":null,"Value":16545},{"Length":94,"Height":190,"Demand":20,"DemandMax":null,"Value":13259},{"Length":187,"Height":380,"Demand":7,"DemandMax":null,"Value":51025},{"Length":476,"Height":341,"Demand":17,"DemandMax":null,"Value":143210},{"Length":416,"Height":357,"Demand":22,"DemandMax":null,"Value":115503},{"Length":327,"Height":406,"Demand":7,"DemandMax":null,"Value":91787},{"Length":121,"Height":376,"Demand":26,"DemandMax":null,"Value":27630},{"Length":366,"Height":475,"Demand":4,"DemandMax":null,"Value":133623},{"Length":68,"Height":178,"Demand":1,"DemandMax":null,"Value":8090},{"Length":134,"Height":310,"Demand":19,"DemandMax":null,"Value":30518},{"Length":281,"Height":203,"Demand":17,"DemandMax":null,"Value":42142},{"Length":498,"Height":454,"Demand":24,"DemandMax":null,"Value":196343},{"Length":230,"Height":445,"Demand":19,"DemandMax":null,"Value":56430},{"Length":225,"Height":471,"Demand":18,"DemandMax":null,"Value":57608},{"Length":63,"Height":229,"Demand":22,"DemandMax":null,"Value":13329}]}