{"Name":"3B_11","Objects":[{"Length":2100,"Height":1000,"Stock":null,"Cost":2100000}],"Items":[{"Length":265,"Height":352,"Demand":3,"DemandMax":null,"Value":47071},{"Length":512,"Height":216,"Demand":10,"DemandMax":null,"Value":99800},{"Length":667,"Height":130,"Demand":4,"DemandMax":null,"Value":78344},{"Length":582,"Height":238,"Demand":1,"DemandMax":null,"Value":107838},{"Length":387,"Height":165,"Demand":10,"DemandMax":null,"Value":56419},{"Length":546,"Height":528,"Demand":6,"DemandMax":null,"Value":153743},{"Length":359,"Height":222,"Demand":6,"DemandMax":null,"Value":77668},{"Length":329,"Height":247,"Demand":10,"DemandMax":null,"Value":71076},{"Length":474,"Height":581,"Demand":7,"DemandMax":null,"Value":156191},{"Length":518,"Height":650,"Demand":9,"DemandMax":null,"Value":292371},{"Length":319,"Height":239,"Demand":1,"DemandMax":null,"Value":69114},{"Length":312,"Height":558,"Demand":5,"DemandMax":null,"Value":171176},{"Length":645,"Height":629,"Demand":7,"DemandMax":null,"Value":357120},{"Length":493,"Height":356,"Demand":7,"DemandMax":null,"Value":167597},{"Length":563,"Height":391,"Demand":10,"DemandMax":null,"Value":163348},{"Length":160,"Height":446,"Demand":3,"DemandMax":null,"Value":47965},{"Length":300,"Height":670,"Demand":6,"DemandMax":null,"Value":157284},{"Length":535,"Height":107,"Demand":2,"DemandMax":null,"Value":38581},{"Length":419,"Height":350,"Demand":2,"DemandMax":null,"Value":118557},{"Length":625,"Height":432,"Demand":7,"DemandMax":null,"Value":215892},{"Length":653,"Height":236,"Demand":7,"DemandMax":null,"Value":143199},{"Length":666,"Height":125,"Demand":8,"DemandMax":null,"Value":51654},{"Length":527,"Height":304,"Demand":1,"DemandMax":null,"Value":142296},{"Length":373,"Height":686,"Demand":5,"DemandMax":null,"Value":144592},{"Length":665,"Height":493,"Demand":9,"DemandMax":null,"Value":272230},{"Length":250,"Height":566,"Demand":10,"DemandMax":null,"Value":97412},{"Length":562,"Height":512,"Demand":9,"DemandMax":null,"Value":223648},{"Length":180,"Height":358,"Demand":1,"DemandMax":null,"Value":57836},{"Length":107,"Height":338,"Demand":9,"DemandMax":null,"Value":36142},{"Length":571,"Height":419,"Demand":2,"DemandMax":null,"Value":164529},{"Length":576,"Height":481,"Demand":3,"DemandMax":null,"Value":206788},{"Length":476,"Height":395,"Demand":5,"DemandMax":null,"Value":119057},{"Length":408,"Height":606,"Demand":3,"DemandMax":null,"Value":180752},{"Length":268,"Height":241,"Demand":3,"DemandMax":null,"Value":36908},{"Length":360,"Height":437,"Demand":4,"DemandMax":null,"Value":105669},{"Length":652,"Height":125,"Demand":5,"DemandMax":null,"Value":56001},{"Length":224,"Height":602,"Demand":8,"DemandMax":null,"Value":121514},{"Length":612,"Height":357,"Demand":7,"DemandMax":null,"Value":131522},{"Length":506,"Height":209,"Demand":7,"DemandMax":null,"Value":89844},{"Length":433,"Height":371,"Demand":9,"DemandMax":null,"Value":107680},{"Length":369,"Height":230,"Demand":6,"DemandMax":null,"Value":78558},{"Length":669,"Height":227,"Demand":8,"DemandMax":null,"Value":80960},{"Length":173,"Height":582,"Demand":7,"DemandMax":null,"Value":76714},{"Length":361,"Height":364,"Demand":4,"DemandMax":null,"Value":86307},{"Length":666,"Height":332,"Demand":7,"DemandMax":null,"Value":170930},{"Length":543,"Height":222,"Demand":2,"DemandMax":null,"Value":76837},{"Length":649,"Height":463,"Demand":10,"DemandMax":null,"Value":242539},{"Length":482,"Height":626,"Demand":5,"DemandMax":null,"Value":166907},{"Length":342,"Height":114,"Demand":10,"DemandMax":null,"Value":26060},{"Length":546,"Height":107,"Demand":10,"DemandMax":null,"Value":38333},{"Length":100,"Height":300,"Demand":8,"DemandMax":null,"Value":22881},{"Length":274,"Height":288,"Demand":7,"DemandMax":null,"Value":61037},{"Length":129,"Height":467,"Demand":3,"DemandMax":null,"Value":53035},{"Length":685,"Height":261,"Demand":5,"DemandMax":null,"Value":89436},{"Length":605,"Height":297,"Demand":8,"DemandMax":null,"Value":178698},{"Length":124,"Height":413,"Demand":5,"DemandMax":null,"Value":34482},{"Length":305,"Height":669,"Demand":8,"DemandMax":null,"Value":149380},{"Length":311,"Height":549,"Demand":2,"DemandMax":null,"Value":133271},{"Length":260,"Height":274,"Demand":4,"DemandMax":null,"Value":48388},{"Length":181,"Height":598,"Demand":2,"DemandMax":null,"Value":102342},{"Length":615,"Height":259,"Demand":7,"DemandMax":null,"Value":115695},{"Length":523,"Height":464,"Demand":9,"DemandMax":null,"Value":241450},{"Length":459,"Height":511,"Demand":8,"DemandMax":null,"Value":130138},{"Length":490,"Height":415,"Demand":2,"DemandMax":null,"Value":189343},{"Length":529,"Height":186,"Demand":8,"DemandMax":null,"Value":91051},{"Length":178,"Height":265,"Demand":3,"DemandMax":null,"Value":44866},{"Length":535,"Height":221,"Demand":1,"DemandMax":null,"Value":114114},{"Length":648,"Height":166,"Demand":8,"DemandMax":null,"Value":58969},{"Length":370,"Height":619,"Demand":10,"DemandMax":null,"Value":223603},{"Length":679,"Height":116,"Demand":3,"DemandMax":null,"Value":59289},{"Length":262,"Height":197,"Demand":2,"DemandMax":null,"Value":36840},{"Length":476,"Height":519,"Demand":6,"DemandMax":null,"Value":195765},{"Length":555,"Height":316,"Demand":6,"DemandMax":null,"Value":161857},{"Length":223,"Height":558,"Demand":6,"DemandMax":null,"Value":115354},{"Length":401,"Height":274,"Demand":8,"DemandMax":null,"Value":109153},{"Length":546,"Height":294,"Demand":1,"DemandMax":null,"Value":82114},{"Length":105,"Height":342,"Demand":2,"DemandMax":null,"Value":24911},{"Length":454,"Height":124,"Demand":5,"DemandMax":null,"Value":29413},{"Length":199,"Height":555,"Demand":10,"DemandMax":null,"Value":100077},{"Length":464,"Height":364,"Demand":2,"DemandMax":null,"Value":153317},{"Length":650,"Height":235,"Demand":5,"DemandMax":null,"Value":138690},{"Length":217,"Height":628,"Demand":1,"DemandMax":null,"Value":102759},{"Length":621,"Height":636,"Demand":10,"DemandMax":null,"Value":331555},{"Length":349,"Height":348,"Demand":10,"DemandMax":null,"Value":117888},{"Length":290,"Height":206,"Demand":10,"DemandMax":null,"Value":53119},{"Length":553,"Height":320,"Demand":9,"DemandMax":null,"Value":92800},{"Length":219,"Height":385,"Demand":7,"DemandMax":null,"Value":60328},{"Length":405,"Height":258,"Demand":6,"DemandMax":null,"Value":82949},{"Length":340,"Height":480,"Demand":9,"DemandMax":null,"Value":86095},{"Length":435,"Height":468,"Demand":3,"DemandMax":null,"Value":183118},{"Length":224,"Height":109,"Demand":2,"DemandMax":null,"Value":21409},{"Length":417,"Height":368,"Demand":1,"DemandMax":null,"Value":150189},{"Length":319,"Height":549,"Demand":2,"DemandMax":null,"Value":154409},{"Length":180,"Height":138,"Demand":4,"DemandMax":null,"Value":21511},{"Length":354,"Height":657,"Demand":2,"DemandMax":null,"Value":145650},{"Length":690,"Height":678,"Demand":4,"DemandMax":null,"Value":270345},{"Length":611,"Height":261,"Demand":9,"DemandMax":null,"Value":105238},{"Length":439,"Height":530,"Demand":1,"DemandMax":null,"Value":220879},{"Length":150,"Height":104,"Demand":7,"DemandMax":null,"Value":10692},{"Length":245,"Height":446,"Demand":10,"DemandMax":null,"Value":85482},{"Length":155,"Height":113,"Demand":4,"DemandMax":null,"Value":17033},{"Length":507,"Height":266,"Demand":6,"DemandMax":null,"Value":70172},{"Length":499,"Height":155,"Demand":5,"DemandMax":null,"Value":45460},{"Length":388,"Height":340,"Demand":2,"DemandMax":null,"Value":106079},{"Length":195,"Height":250,"Demand":9,"DemandMax":null,"Value":48487},{"Length":637,"Height":557,"Demand":6,"DemandMax":null,"Value":307988},{"Length":378,"Height":318,"Demand":5,"DemandMax":null,"Value":92814},{"Length":488,"Height":494,"Demand":1,"DemandMax":null,"Value":158951},{"Length":247,"Height":373,"Demand":10,"DemandMax":null,"Value":85812},{"Length":122,"Height":472,"Demand":1,"DemandMax":null,"Value":49960},{"Length":278,"Height":189,"Demand":8,"DemandMax":null,"Value":46848},{"Length":657,"Height":641,"Demand":8,"DemandMax":null,"Value":338149},{"Length":320,"Height":636,"Demand":2,"DemandMax":null,"Value":188287},{"Length":616,"Height":608,"Demand":1,"DemandMax":null,"Value":307434},{"Length":124,"Height":488,"Demand":4,"DemandMax":null,"Value":36568},{"Length":571,"Height":369,"Demand":6,"DemandMax":null,"Value":172658},{"Length":325,"Height":333,"Demand":9,"DemandMax":null,"Value":86106},{"Length":453,"Height":211,"Demand":8,"DemandMax":null,"Value":76281},{"Length":178,"Height":396,"Demand":4,"DemandMax":null,"Value":60685},{"Length":141,"Height":289,"Demand":2,"DemandMax":null,"Value":25371},{"Length":543,"Height":470,"Demand":9,"DemandMax":null,"Value":192426},{"Length":252,"Height":638,"Demand":6,"DemandMax":null,"Value":89789},{"Length":513,"Height":428,"Demand":1,"DemandMax":null,"Value":209717},{"Length":258,"Height":384,"Demand":7,"DemandMax":null,"Value":85874},{"Length":663,"Height":404,"Demand":8,"DemandMax":null,"Value":262780},{"Length":157,"Height":197,"Demand":4,"DemandMax":null,"Value":27169},{"Length":364,"Height":602,"Demand":2,"DemandMax":null,"Value":186761},{"Length":327,"Height":489,"Demand":2,"DemandMax":null,"Value":83690},{"Length":658,"Height":670,"Demand":2,"DemandMax":null,"Value":313117},{"Length":592,"Height":472,"Demand":8,"DemandMax":null,"Value":241549},{"Length":132,"Height":126,"Demand":8,"DemandMax":null,"Value":9347},{"Length":408,"Height":394,"Demand":2,"DemandMax":null,"Value":132710},{"Length":429,"Height":348,"Demand":3,"DemandMax":null,"Value":105432},{"Length":697,"Height":160,"Demand":2,"DemandMax":null,"Value":64704},{"Length":161,"Height":368,"Demand":7,"DemandMax":null,"Value":33789},{"Length":490,"Height":321,"Demand":10,"DemandMax":null,"Value":84007},{"Length":272,"Height":512,"Demand":7,"DemandMax":null,"Value":108572},{"Length":313,"Height":137,"Demand":8,"DemandMax":null,"Value":24217},{"Length":250,"Height":532,"Demand":2,"DemandMax":null,"Value":79418},{"Length":505,"Height":454,"Demand":7,"DemandMax":null,"Value":166864},{"Length":297,"Height":307,"Demand":4,"DemandMax":null,"Value":66418},{"Length":286,"Height":567,"Demand":6,"DemandMax":null,"Value":92558},{"Length":622,"Height":407,"Demand":1,"DemandMax":null,"Value":175799},{"Length":209,"Height":284,"Demand":3,"DemandMax":null,"Value":33913},{"Length":262,"Height":190,"Demand":5,"DemandMax":null,"Value":42165},{"Length":356,"Height":581,"Demand":3,"DemandMax":null,"Value":124167},{"Length":522,"Height":208,"Demand":2,"DemandMax":null,"Value":103244},{"Length":154,"Height":649,"Demand":5,"DemandMax":null,"Value":76344},{"Length":343,"Height":698,"Demand":5,"DemandMax":null,"Value":213746},{"Length":208,"Height":533,"Demand":2,"DemandMax":null,"Value":62850},{"Length":558,"Height":476,"Demand":2,"DemandMax":null,"Value":217418},{"Length":451,"Height":217,"Demand":7,"DemandMax":null,"Value":60791},{"Length":107,"Height":453,"Demand":3,"DemandMax":null,"Value":31592},{"Length":536,"Height":565,"Demand":8,"DemandMax":null,"Value":200330},{"Length":159,"Height":460,"Demand":9,"DemandMax":null,"Value":60515},{"Length":365,"Height":107,"Demand":8,"DemandMax":null,"Value":38867},{"Length":412,"Height":392,"Demand":5,"DemandMax":null,"Value":160434},{"Length":115,"Height":291,"Demand":6,"DemandMax":null,"Value":25124},{"Length":455,"Height":345,"Demand":9,"DemandMax":null,"Value":110331},{"Length":241,"Height":594,"Demand":1,"DemandMax":null,"Value":140729},{"Length":691,"Height":517,"Demand":3,"DemandMax":null,"Value":198265},{"Length":121,"Height":521,"Demand":9,"DemandMax":null,"Value":55829},{"Length":378,"Height":348,"Demand":8,"DemandMax":null,"Value":85863},{"Length":400,"Height":581,"Demand":2,"DemandMax":null,"Value":146357},{"Length":561,"Height":359,"Demand":4,"DemandMax":null,"Value":190753},{"Length":296,"Height":447,"Demand":6,"DemandMax":null,"Value":99019},{"Length":458,"Height":243,"Demand":1,"DemandMax":null,"Value":93296},{"Length":300,"Height":598,"Demand":9,"DemandMax":null,"Value":103467},{"Length":587,"Height":251,"Demand":8,"DemandMax":null,"Value":91315},{"Length":597,"Height":199,"Demand":8,"DemandMax":null,"Value":73239},{"Length":331,"Height":157,"Demand":1,"DemandMax":null,"Value":41351},{"Length":404,"Height":205,"Demand":2,"DemandMax":null,"Value":71234},{"Length":377,"Height":195,"Demand":9,"DemandMax":null,"Value":57360},{"Length":126,"Height":408,"Demand":8,"DemandMax":null,"Value":34482},{"Length":234,"Height":168,"Demand":7,"DemandMax":null,"Value":32373},{"Length":458,"Height":163,"Demand":9,"DemandMax":null,"Value":60566},{"Length":209,"Height":638,"Demand":10,"DemandMax":null,"Value":67178},{"Length":394,"Height":275,"Demand":6,"DemandMax":null,"Value":78754},{"Length":296,"Height":163,"Demand":1,"DemandMax":null,"Value":28997},{"Length":205,"Height":234,"Demand":5,"DemandMax":null,"Value":36623},{"Length":171,"Height":119,"Demand":4,"DemandMax":null,"Value":18862},{"Length":486,"Height":183,"Demand":2,"DemandMax":null,"Value":63797},{"Length":105,"Height":489,"Demand":9,"DemandMax":null,"Value":28464},{"Length":449,"Height":599,"Demand":1,"DemandMax":null,"Value":138953},{"Length":642,"Height":114,"Demand":4,"DemandMax":null,"Value":48622},{"Length":204,"Height":149,"Demand":3,"DemandMax":null,"Value":15292},{"Length":157,"Height":655,"Demand":3,"DemandMax":null,"Value":75574},{"Length":294,"Height":143,"Demand":1,"DemandMax":null,"Value":32155},{"Length":446,"Height":648,"Demand":4,"DemandMax":null,"Value":242936},{"Length":557,"Height":163,"Demand":7,"DemandMax":null,"Value":76442},{"Length":468,"Height":207,"Demand":2,"DemandMax":null,"Value":70324},{"Length":470,"Height":186,"Demand":2,"DemandMax":null,"Value":81997},{"Length":152,"Height":580,"Demand":7,"DemandMax":null,"Value":77219},{"Length":255,"Height":302,"Demand":7,"DemandMax":null,"Value":45629},{"Length":354,"Height":246,"Demand":1,"DemandMax":null,"Value":73451},{"Length":173,"Height":323,"Demand":9,"DemandMax":null,"Value":37010},{"Length":235,"Height":549,"Demand":4,"DemandMax":null,"Value":118439},{"Length":394,"Height":669,"Demand":6,"DemandMax":null,"Value":258719},{"Length":671,"Height":103,"Demand":8,"DemandMax":null,"Value":44693},{"Length":326,"Height":347,"Demand":10,"DemandMax":null,"Value":89598}]}