{"Name":"1B_6","Objects":[{"Length":2050,"Height":1400,"Stock":null,"Cost":2870000}],"Items":[{"Length":238,"Height":104,"Demand":6,"DemandMax":null,"Value":12484},{"Length":270,"Height":670,"Demand":3,"DemandMax":null,"Value":105351},{"Length":185,"Height":663,"Demand":7,"DemandMax":null,"Value":66304},{"Length":162,"Height":696,"Demand":4,"DemandMax":null,"Value":106285},{"Length":308,"Height":591,"Demand":5,"DemandMax":null,"Value":108596},{"Length":405,"Height":517,"Demand":7,"DemandMax":null,"Value":153628},{"Length":122,"Height":433,"Demand":9,"DemandMax":null,"Value":38936},{"Length":601,"Height":331,"Demand":3,"DemandMax":null,"Value":118954},{"Length":414,"Height":420,"Demand":6,"DemandMax":null,"Value":140396},{"Length":102,"Height":141,"Demand":7,"DemandMax":null,"Value":12043},{"Length":130,"Height":285,"Demand":8,"DemandMax":null,"Value":34004},{"Length":443,"Height":227,"Demand":8,"DemandMax":null,"Value":98537},{"Length":179,"Height":508,"Demand":2,"DemandMax":null,"Value":62851},{"Length":264,"Height":163,"Demand":1,"DemandMax":null,"Value":29801},{"Length":283,"Height":539,"Demand":9,"DemandMax":null,"Value":83728},{"Length":436,"Height":371,"Demand":3,"DemandMax":null,"Value":137392},{"Length":156,"Height":149,"Demand":6,"DemandMax":null,"Value":17118},{"Length":140,"Height":414,"Demand":6,"DemandMax":null,"Value":44526},{"Length":419,"Height":459,"Demand":4,"DemandMax":null,"Value":128615},{"Length":199,"Height":402,"Demand":7,"DemandMax":null,"Value":40384},{"Length":185,"Height":659,"Demand":4,"DemandMax":null,"Value":68060},{"Length":217,"Height":178,"Demand":9,"DemandMax":null,"Value":36284},{"Length":550,"Height":601,"Demand":5,"DemandMax":null,"Value":245484},{"Length":370,"Height":128,"Demand":4,"DemandMax":null,"Value":25096},{"Length":223,"Height":265,"Demand":6,"DemandMax":null,"Value":42327}]}