{"Name":"4C_9","Objects":[{"Length":2850,"Height":1450,"Stock":null,"Cost":4132500}],"Items":[{"Length":348,"Height":74,"Demand":18,"DemandMax":null,"Value":12966},{"Length":464,"Height":488,"Demand":20,"DemandMax":null,"Value":142706},{"Length":238,"Height":324,"Demand":15,"DemandMax":null,"Value":48892},{"Length":380,"Height":311,"Demand":26,"DemandMax":null,"Value":98498},{"Length":60,"Height":190,"Demand":8,"DemandMax":null,"Value":8705},{"Length":497,"Height":425,"Demand":7,"DemandMax":null,"Value":138395},{"Length":232,"Height":353,"Demand":8,"DemandMax":null,"Value":72249},{"Length":119,"Height":388,"Demand":16,"DemandMax":null,"Value":41646},{"Length":326,"Height":397,"Demand":22,"DemandMax":null,"Value":99963},{"Length":357,"Height":174,"Demand":12,"DemandMax":null,"Value":32674},{"Length":457,"Height":318,"Demand":18,"DemandMax":null,"Value":139285},{"Length":101,"Height":84,"Demand":2,"DemandMax":null,"Value":8211},{"Length":446,"Height":61,"Demand":4,"DemandMax":null,"Value":16611},{"Length":441,"Height":225,"Demand":17,"DemandMax":null,"Value":64293},{"Length":103,"Height":59,"Demand":24,"DemandMax":null,"Value":5795},{"Length":484,"Height":223,"Demand":29,"DemandMax":null,"Value":63390},{"Length":228,"Height":385,"Demand":6,"DemandMax":null,"Value":76428},{"Length":242,"Height":101,"Demand":15,"DemandMax":null,"Value":17295},{"Length":107,"Height":375,"Demand":6,"DemandMax":null,"Value":26720},{"Length":442,"Height":68,"Demand":28,"DemandMax":null,"Value":16337},{"Length":490,"Height":176,"Demand":26,"DemandMax":null,"Value":79592},{"Length":287,"Height":320,"Demand":18,"DemandMax":null,"Value":63131},{"Length":91,"Height":133,"Demand":19,"DemandMax":null,"Value":7488},{"Length":415,"Height":198,"Demand":29,"DemandMax":null,"Value":49572},{"Length":394,"Height":94,"Demand":29,"DemandMax":null,"Value":26126}]}