{"Name":"4C_12","Objects":[{"Length":2850,"Height":1450,"Stock":null,"Cost":4132500}],"Items":[{"Length":386,"Height":415,"Demand":8,"DemandMax":null,"Value":80652},{"Length":89,"Height":483,"Demand":2,"DemandMax":null,"Value":27092},{"Length":478,"Height":69,"Demand":24,"DemandMax":null,"Value":20912},{"Length":349,"Height":475,"Demand":27,"DemandMax":null,"Value":138167},{"Length":153,"Height":100,"Demand":2,"DemandMax":null,"Value":11683},{"Length":74,"Height":313,"Demand":27,"DemandMax":null,"Value":15176},{"Length":340,"Height":470,"Demand":16,"DemandMax":null,"Value":140975},{"Length":191,"Height":62,"Demand":6,"DemandMax":null,"Value":10681},{"Length":309,"Height":273,"Demand":29,"DemandMax":null,"Value":65155},{"Length":372,"Height":433,"Demand":24,"DemandMax":null,"Value":84726},{"Length":398,"Height":490,"Demand":17,"DemandMax":null,"Value":186914},{"Length":440,"Height":69,"Demand":17,"DemandMax":null,"Value":29382},{"Length":146,"Height":468,"Demand":22,"DemandMax":null,"Value":41718},{"Length":283,"Height":192,"Demand":6,"DemandMax":null,"Value":35207},{"Length":218,"Height":362,"Demand":20,"DemandMax":null,"Value":75260},{"Length":331,"Height":245,"Demand":25,"DemandMax":null,"Value":47628},{"Length":296,"Height":323,"Demand":17,"DemandMax":null,"Value":83244},{"Length":439,"Height":200,"Demand":18,"DemandMax":null,"Value":62126},{"Length":432,"Height":339,"Demand":24,"DemandMax":null,"Value":97524},{"Length":55,"Height":85,"Demand":12,"DemandMax":null,"Value":2541},{"Length":455,"Height":365,"Demand":11,"DemandMax":null,"Value":153272},{"Length":250,"Height":267,"Demand":4,"DemandMax":null,"Value":45884},{"Length":338,"Height":206,"Demand":17,"DemandMax":null,"Value":43079},{"Length":354,"Height":125,"Demand":23,"DemandMax":null,"Value":26696},{"Length":450,"Height":438,"Demand":21,"DemandMax":null,"Value":139038}]}