{"Name":"4B_15","Objects":[{"Length":2050,"Height":1300,"Stock":null,"Cost":2665000}],"Items":[{"Length":486,"Height":284,"Demand":1,"DemandMax":null,"Value":69277},{"Length":199,"Height":375,"Demand":5,"DemandMax":null,"Value":40745},{"Length":247,"Height":490,"Demand":10,"DemandMax":null,"Value":82769},{"Length":359,"Height":217,"Demand":1,"DemandMax":null,"Value":74084},{"Length":175,"Height":483,"Demand":4,"DemandMax":null,"Value":74770},{"Length":432,"Height":341,"Demand":2,"DemandMax":null,"Value":117523},{"Length":300,"Height":241,"Demand":6,"DemandMax":null,"Value":65789},{"Length":192,"Height":258,"Demand":6,"DemandMax":null,"Value":38967},{"Length":263,"Height":108,"Demand":5,"DemandMax":null,"Value":27326},{"Length":487,"Height":322,"Demand":5,"DemandMax":null,"Value":146494},{"Length":150,"Height":412,"Demand":2,"DemandMax":null,"Value":32654},{"Length":386,"Height":360,"Demand":1,"DemandMax":null,"Value":131587},{"Length":191,"Height":498,"Demand":3,"DemandMax":null,"Value":60721},{"Length":397,"Height":251,"Demand":7,"DemandMax":null,"Value":81828},{"Length":351,"Height":376,"Demand":1,"DemandMax":null,"Value":126206},{"Length":239,"Height":153,"Demand":9,"DemandMax":null,"Value":32399},{"Length":314,"Height":280,"Demand":6,"DemandMax":null,"Value":60239},{"Length":89,"Height":203,"Demand":10,"DemandMax":null,"Value":17923},{"Length":180,"Height":130,"Demand":1,"DemandMax":null,"Value":18719},{"Length":478,"Height":118,"Demand":10,"DemandMax":null,"Value":51659},{"Length":294,"Height":438,"Demand":5,"DemandMax":null,"Value":67363},{"Length":204,"Height":80,"Demand":3,"DemandMax":null,"Value":14110},{"Length":397,"Height":164,"Demand":8,"DemandMax":null,"Value":33619},{"Length":439,"Height":223,"Demand":4,"DemandMax":null,"Value":76871},{"Length":215,"Height":117,"Demand":6,"DemandMax":null,"Value":20071}]}