{"Name":"1A_10","Objects":[{"Length":2050,"Height":1400,"Stock":null,"Cost":2870000}],"Items":[{"Length":165,"Height":314,"Demand":3,"DemandMax":null,"Value":25964},{"Length":455,"Height":155,"Demand":2,"DemandMax":null,"Value":65016},{"Length":402,"Height":444,"Demand":1,"DemandMax":null,"Value":146810},{"Length":281,"Height":391,"Demand":4,"DemandMax":null,"Value":63300},{"Length":663,"Height":670,"Demand":3,"DemandMax":null,"Value":384859},{"Length":425,"Height":491,"Demand":4,"DemandMax":null,"Value":175101},{"Length":630,"Height":482,"Demand":4,"DemandMax":null,"Value":197397},{"Length":600,"Height":555,"Demand":1,"DemandMax":null,"Value":166932},{"Length":264,"Height":481,"Demand":5,"DemandMax":null,"Value":118208},{"Length":658,"Height":313,"Demand":5,"DemandMax":null,"Value":192604},{"Length":697,"Height":357,"Demand":4,"DemandMax":null,"Value":140460},{"Length":283,"Height":188,"Demand":5,"DemandMax":null,"Value":49809},{"Length":421,"Height":544,"Demand":4,"DemandMax":null,"Value":167960},{"Length":590,"Height":418,"Demand":3,"DemandMax":null,"Value":192742},{"Length":203,"Height":406,"Demand":1,"DemandMax":null,"Value":44362},{"Length":503,"Height":613,"Demand":2,"DemandMax":null,"Value":201370},{"Length":397,"Height":397,"Demand":4,"DemandMax":null,"Value":100524},{"Length":409,"Height":389,"Demand":5,"DemandMax":null,"Value":158098},{"Length":177,"Height":401,"Demand":2,"DemandMax":null,"Value":60544},{"Length":311,"Height":624,"Demand":2,"DemandMax":null,"Value":130515},{"Length":528,"Height":594,"Demand":3,"DemandMax":null,"Value":230871},{"Length":315,"Height":221,"Demand":2,"DemandMax":null,"Value":40728},{"Length":256,"Height":467,"Demand":3,"DemandMax":null,"Value":101694},{"Length":367,"Height":433,"Demand":1,"DemandMax":null,"Value":91005},{"Length":419,"Height":270,"Demand":4,"DemandMax":null,"Value":82891}]}