{"Name":"2B_12","Objects":[{"Length":2850,"Height":1400,"Stock":null,"Cost":3990000}],"Items":[{"Length":319,"Height":116,"Demand":3,"DemandMax":null,"Value":18535},{"Length":242,"Height":151,"Demand":8,"DemandMax":null,"Value":21992},{"Length":328,"Height":579,"Demand":8,"DemandMax":null,"Value":182238},{"Length":463,"Height":113,"Demand":7,"DemandMax":null,"Value":38730},{"Length":502,"Height":509,"Demand":1,"DemandMax":null,"Value":148057},{"Length":469,"Height":671,"Demand":9,"DemandMax":null,"Value":169782},{"Length":565,"Height":203,"Demand":4,"DemandMax":null,"Value":104672},{"Length":450,"Height":461,"Demand":8,"DemandMax":null,"Value":150328},{"Length":698,"Height":107,"Demand":9,"DemandMax":null,"Value":50125},{"Length":475,"Height":257,"Demand":9,"DemandMax":null,"Value":110386},{"Length":383,"Height":605,"Demand":10,"DemandMax":null,"Value":133416},{"Length":227,"Height":285,"Demand":10,"DemandMax":null,"Value":60349},{"Length":233,"Height":211,"Demand":2,"DemandMax":null,"Value":26760},{"Length":572,"Height":410,"Demand":1,"DemandMax":null,"Value":121751},{"Length":670,"Height":564,"Demand":1,"DemandMax":null,"Value":319359},{"Length":371,"Height":307,"Demand":6,"DemandMax":null,"Value":94567},{"Length":573,"Height":591,"Demand":4,"DemandMax":null,"Value":200393},{"Length":287,"Height":519,"Demand":2,"DemandMax":null,"Value":87578},{"Length":375,"Height":119,"Demand":7,"DemandMax":null,"Value":31833},{"Length":334,"Height":688,"Demand":6,"DemandMax":null,"Value":201702},{"Length":350,"Height":208,"Demand":10,"DemandMax":null,"Value":62987},{"Length":451,"Height":269,"Demand":8,"DemandMax":null,"Value":109667},{"Length":526,"Height":622,"Demand":2,"DemandMax":null,"Value":230684},{"Length":581,"Height":671,"Demand":2,"DemandMax":null,"Value":209548},{"Length":434,"Height":167,"Demand":8,"DemandMax":null,"Value":44833},{"Length":359,"Height":153,"Demand":4,"DemandMax":null,"Value":29257},{"Length":215,"Height":265,"Demand":5,"DemandMax":null,"Value":50796},{"Length":594,"Height":342,"Demand":2,"DemandMax":null,"Value":110223},{"Length":391,"Height":295,"Demand":7,"DemandMax":null,"Value":64972},{"Length":376,"Height":110,"Demand":2,"DemandMax":null,"Value":35521},{"Length":262,"Height":659,"Demand":6,"DemandMax":null,"Value":140213},{"Length":271,"Height":494,"Demand":3,"DemandMax":null,"Value":126395},{"Length":367,"Height":247,"Demand":6,"DemandMax":null,"Value":71455},{"Length":255,"Height":196,"Demand":2,"DemandMax":null,"Value":31901},{"Length":536,"Height":684,"Demand":8,"DemandMax":null,"Value":323077},{"Length":526,"Height":442,"Demand":2,"DemandMax":null,"Value":163394},{"Length":548,"Height":114,"Demand":8,"DemandMax":null,"Value":34266},{"Length":534,"Height":319,"Demand":3,"DemandMax":null,"Value":160994},{"Length":634,"Height":363,"Demand":7,"DemandMax":null,"Value":140222},{"Length":430,"Height":576,"Demand":3,"DemandMax":null,"Value":207973},{"Length":236,"Height":650,"Demand":9,"DemandMax":null,"Value":134182},{"Length":283,"Height":551,"Demand":3,"DemandMax":null,"Value":102168},{"Length":118,"Height":602,"Demand":7,"DemandMax":null,"Value":50751},{"Length":483,"Height":514,"Demand":7,"DemandMax":null,"Value":226536},{"Length":684,"Height":486,"Demand":1,"DemandMax":null,"Value":235153},{"Length":373,"Height":233,"Demand":5,"DemandMax":null,"Value":74443},{"Length":184,"Height":545,"Demand":10,"DemandMax":null,"Value":95723},{"Length":363,"Height":219,"Demand":8,"DemandMax":null,"Value":66173},{"Length":538,"Height":657,"Demand":7,"DemandMax":null,"Value":179716},{"Length":126,"Height":402,"Demand":7,"DemandMax":null,"Value":41877}]}