{"Name":"1A_12","Objects":[{"Length":2850,"Height":1400,"Stock":null,"Cost":3990000}],"Items":[{"Length":447,"Height":243,"Demand":4,"DemandMax":null,"Value":54433},{"Length":391,"Height":268,"Demand":5,"DemandMax":null,"Value":96603},{"Length":558,"Height":332,"Demand":4,"DemandMax":null,"Value":152377},{"Length":212,"Height":240,"Demand":5,"DemandMax":null,"Value":29313},{"Length":615,"Height":170,"Demand":1,"DemandMax":null,"Value":90581},{"Length":313,"Height":673,"Demand":5,"DemandMax":null,"Value":176757},{"Length":603,"Height":238,"Demand":2,"DemandMax":null,"Value":93293},{"Length":378,"Height":557,"Demand":4,"DemandMax":null,"Value":105546},{"Length":613,"Height":348,"Demand":4,"DemandMax":null,"Value":198581},{"Length":640,"Height":259,"Demand":3,"DemandMax":null,"Value":155015},{"Length":435,"Height":178,"Demand":2,"DemandMax":null,"Value":43708},{"Length":296,"Height":247,"Demand":2,"DemandMax":null,"Value":68446},{"Length":657,"Height":313,"Demand":3,"DemandMax":null,"Value":150812},{"Length":386,"Height":338,"Demand":4,"DemandMax":null,"Value":101965},{"Length":143,"Height":380,"Demand":5,"DemandMax":null,"Value":29249},{"Length":202,"Height":255,"Demand":3,"DemandMax":null,"Value":33640},{"Length":640,"Height":464,"Demand":3,"DemandMax":null,"Value":189403},{"Length":182,"Height":509,"Demand":1,"DemandMax":null,"Value":92054},{"Length":187,"Height":545,"Demand":1,"DemandMax":null,"Value":86934},{"Length":362,"Height":274,"Demand":1,"DemandMax":null,"Value":66708},{"Length":505,"Height":236,"Demand":1,"DemandMax":null,"Value":87731},{"Length":654,"Height":629,"Demand":1,"DemandMax":null,"Value":240665},{"Length":630,"Height":323,"Demand":2,"DemandMax":null,"Value":173094},{"Length":467,"Height":389,"Demand":5,"DemandMax":null,"Value":104035},{"Length":668,"Height":137,"Demand":4,"DemandMax":null,"Value":67054}]}