{"Name":"4A_2","Objects":[{"Length":2200,"Height":1350,"Stock":null,"Cost":2970000}],"Items":[{"Length":354,"Height":324,"Demand":3,"DemandMax":null,"Value":57894},{"Length":208,"Height":370,"Demand":2,"DemandMax":null,"Value":68836},{"Length":397,"Height":207,"Demand":3,"DemandMax":null,"Value":59272},{"Length":301,"Height":486,"Demand":4,"DemandMax":null,"Value":128741},{"Length":229,"Height":458,"Demand":5,"DemandMax":null,"Value":89748},{"Length":392,"Height":58,"Demand":3,"DemandMax":null,"Value":16212},{"Length":97,"Height":251,"Demand":5,"DemandMax":null,"Value":15022},{"Length":77,"Height":383,"Demand":3,"DemandMax":null,"Value":21842},{"Length":438,"Height":69,"Demand":1,"DemandMax":null,"Value":24873},{"Length":56,"Height":198,"Demand":4,"DemandMax":null,"Value":6507},{"Length":363,"Height":111,"Demand":5,"DemandMax":null,"Value":36253},{"Length":185,"Height":254,"Demand":1,"DemandMax":null,"Value":46297},{"Length":438,"Height":323,"Demand":3,"DemandMax":null,"Value":126434},{"Length":311,"Height":221,"Demand":5,"DemandMax":null,"Value":48960},{"Length":111,"Height":138,"Demand":4,"DemandMax":null,"Value":11610},{"Length":74,"Height":189,"Demand":4,"DemandMax":null,"Value":13508},{"Length":469,"Height":445,"Demand":1,"DemandMax":null,"Value":106467},{"Length":395,"Height":134,"Demand":4,"DemandMax":null,"Value":27386},{"Length":173,"Height":282,"Demand":2,"DemandMax":null,"Value":43529},{"Length":475,"Height":208,"Demand":3,"DemandMax":null,"Value":86596},{"Length":122,"Height":100,"Demand":3,"DemandMax":null,"Value":11612},{"Length":454,"Height":193,"Demand":5,"DemandMax":null,"Value":72651},{"Length":418,"Height":448,"Demand":2,"DemandMax":null,"Value":107774},{"Length":180,"Height":139,"Demand":3,"DemandMax":null,"Value":22172},{"Length":410,"Height":492,"Demand":5,"DemandMax":null,"Value":201486}]}