{"Name":"5B_6","Objects":[{"Length":2900,"Height":1150,"Stock":null,"Cost":3335000}],"Items":[{"Length":475,"Height":134,"Demand":2,"DemandMax":null,"Value":31932},{"Length":350,"Height":136,"Demand":8,"DemandMax":null,"Value":34556},{"Length":321,"Height":98,"Demand":10,"DemandMax":null,"Value":25826},{"Length":416,"Height":298,"Demand":9,"DemandMax":null,"Value":76251},{"Length":354,"Height":131,"Demand":2,"DemandMax":null,"Value":27715},{"Length":259,"Height":194,"Demand":4,"DemandMax":null,"Value":50156},{"Length":447,"Height":316,"Demand":7,"DemandMax":null,"Value":94988},{"Length":61,"Height":447,"Demand":1,"DemandMax":null,"Value":13905},{"Length":350,"Height":362,"Demand":2,"DemandMax":null,"Value":88980},{"Length":167,"Height":382,"Demand":7,"DemandMax":null,"Value":57622},{"Length":156,"Height":92,"Demand":3,"DemandMax":null,"Value":7745},{"Length":320,"Height":175,"Demand":10,"DemandMax":null,"Value":52841},{"Length":261,"Height":185,"Demand":10,"DemandMax":null,"Value":45838},{"Length":473,"Height":56,"Demand":4,"DemandMax":null,"Value":14801},{"Length":445,"Height":271,"Demand":6,"DemandMax":null,"Value":92032},{"Length":388,"Height":432,"Demand":10,"DemandMax":null,"Value":94405},{"Length":221,"Height":476,"Demand":8,"DemandMax":null,"Value":67231},{"Length":194,"Height":65,"Demand":10,"DemandMax":null,"Value":7393},{"Length":392,"Height":264,"Demand":1,"DemandMax":null,"Value":68331},{"Length":477,"Height":52,"Demand":6,"DemandMax":null,"Value":15405},{"Length":273,"Height":260,"Demand":3,"DemandMax":null,"Value":46292},{"Length":98,"Height":300,"Demand":4,"DemandMax":null,"Value":20094},{"Length":176,"Height":269,"Demand":10,"DemandMax":null,"Value":41228},{"Length":475,"Height":384,"Demand":6,"DemandMax":null,"Value":136810},{"Length":161,"Height":235,"Demand":9,"DemandMax":null,"Value":25870},{"Length":231,"Height":434,"Demand":4,"DemandMax":null,"Value":73441},{"Length":237,"Height":250,"Demand":9,"DemandMax":null,"Value":35184},{"Length":259,"Height":325,"Demand":10,"DemandMax":null,"Value":47555},{"Length":493,"Height":370,"Demand":4,"DemandMax":null,"Value":91745},{"Length":100,"Height":426,"Demand":2,"DemandMax":null,"Value":35599},{"Length":97,"Height":493,"Demand":4,"DemandMax":null,"Value":26049},{"Length":141,"Height":92,"Demand":1,"DemandMax":null,"Value":7841},{"Length":315,"Height":151,"Demand":10,"DemandMax":null,"Value":32790},{"Length":140,"Height":303,"Demand":10,"DemandMax":null,"Value":38914},{"Length":109,"Height":300,"Demand":8,"DemandMax":null,"Value":23212},{"Length":180,"Height":270,"Demand":4,"DemandMax":null,"Value":42742},{"Length":361,"Height":348,"Demand":10,"DemandMax":null,"Value":69144},{"Length":123,"Height":302,"Demand":9,"DemandMax":null,"Value":29168},{"Length":188,"Height":86,"Demand":2,"DemandMax":null,"Value":11758},{"Length":453,"Height":51,"Demand":10,"DemandMax":null,"Value":12558},{"Length":281,"Height":484,"Demand":8,"DemandMax":null,"Value":91426},{"Length":349,"Height":429,"Demand":6,"DemandMax":null,"Value":118154},{"Length":141,"Height":287,"Demand":8,"DemandMax":null,"Value":39304},{"Length":101,"Height":130,"Demand":10,"DemandMax":null,"Value":12490},{"Length":427,"Height":331,"Demand":9,"DemandMax":null,"Value":114210},{"Length":366,"Height":70,"Demand":7,"DemandMax":null,"Value":24847},{"Length":170,"Height":117,"Demand":10,"DemandMax":null,"Value":13322},{"Length":394,"Height":200,"Demand":9,"DemandMax":null,"Value":48815},{"Length":131,"Height":58,"Demand":6,"DemandMax":null,"Value":4224},{"Length":158,"Height":305,"Demand":1,"DemandMax":null,"Value":40337}]}