{"Name":"1C_17","Objects":[{"Length":2050,"Height":1200,"Stock":null,"Cost":2460000}],"Items":[{"Length":476,"Height":469,"Demand":20,"DemandMax":null,"Value":112365},{"Length":568,"Height":184,"Demand":26,"DemandMax":null,"Value":66700},{"Length":295,"Height":520,"Demand":24,"DemandMax":null,"Value":125217},{"Length":595,"Height":133,"Demand":17,"DemandMax":null,"Value":57921},{"Length":678,"Height":155,"Demand":15,"DemandMax":null,"Value":83174},{"Length":116,"Height":436,"Demand":23,"DemandMax":null,"Value":49335},{"Length":544,"Height":267,"Demand":18,"DemandMax":null,"Value":107443},{"Length":306,"Height":503,"Demand":1,"DemandMax":null,"Value":82495},{"Length":361,"Height":441,"Demand":26,"DemandMax":null,"Value":82231},{"Length":452,"Height":672,"Demand":27,"DemandMax":null,"Value":245256},{"Length":686,"Height":186,"Demand":26,"DemandMax":null,"Value":123155},{"Length":343,"Height":300,"Demand":20,"DemandMax":null,"Value":99377},{"Length":346,"Height":473,"Demand":22,"DemandMax":null,"Value":97722},{"Length":562,"Height":279,"Demand":21,"DemandMax":null,"Value":139633},{"Length":298,"Height":576,"Demand":6,"DemandMax":null,"Value":160969},{"Length":656,"Height":561,"Demand":27,"DemandMax":null,"Value":292076},{"Length":238,"Height":622,"Demand":20,"DemandMax":null,"Value":95193},{"Length":561,"Height":564,"Demand":29,"DemandMax":null,"Value":273420},{"Length":155,"Height":134,"Demand":23,"DemandMax":null,"Value":12091},{"Length":659,"Height":628,"Demand":15,"DemandMax":null,"Value":400073},{"Length":471,"Height":664,"Demand":28,"DemandMax":null,"Value":281581},{"Length":426,"Height":112,"Demand":10,"DemandMax":null,"Value":46698},{"Length":404,"Height":667,"Demand":26,"DemandMax":null,"Value":250981},{"Length":592,"Height":291,"Demand":11,"DemandMax":null,"Value":134749},{"Length":392,"Height":299,"Demand":29,"DemandMax":null,"Value":62934}]}