{"Name":"3A_10","Objects":[{"Length":2600,"Height":1300,"Stock":null,"Cost":3380000}],"Items":[{"Length":541,"Height":447,"Demand":2,"DemandMax":null,"Value":121814},{"Length":639,"Height":292,"Demand":4,"DemandMax":null,"Value":177312},{"Length":587,"Height":440,"Demand":4,"DemandMax":null,"Value":257500},{"Length":282,"Height":328,"Demand":3,"DemandMax":null,"Value":61911},{"Length":286,"Height":626,"Demand":2,"DemandMax":null,"Value":98569},{"Length":603,"Height":284,"Demand":2,"DemandMax":null,"Value":163512},{"Length":188,"Height":436,"Demand":5,"DemandMax":null,"Value":50793},{"Length":348,"Height":554,"Demand":5,"DemandMax":null,"Value":130836},{"Length":654,"Height":127,"Demand":5,"DemandMax":null,"Value":44196},{"Length":284,"Height":599,"Demand":2,"DemandMax":null,"Value":94746},{"Length":316,"Height":191,"Demand":2,"DemandMax":null,"Value":57166},{"Length":265,"Height":536,"Demand":1,"DemandMax":null,"Value":137939},{"Length":566,"Height":197,"Demand":2,"DemandMax":null,"Value":89159},{"Length":474,"Height":455,"Demand":3,"DemandMax":null,"Value":196332},{"Length":248,"Height":668,"Demand":3,"DemandMax":null,"Value":107148},{"Length":540,"Height":630,"Demand":1,"DemandMax":null,"Value":309619},{"Length":182,"Height":541,"Demand":1,"DemandMax":null,"Value":90263},{"Length":132,"Height":535,"Demand":1,"DemandMax":null,"Value":43312},{"Length":268,"Height":134,"Demand":5,"DemandMax":null,"Value":28931},{"Length":150,"Height":605,"Demand":1,"DemandMax":null,"Value":76081},{"Length":397,"Height":446,"Demand":1,"DemandMax":null,"Value":140560},{"Length":400,"Height":282,"Demand":3,"DemandMax":null,"Value":97968},{"Length":188,"Height":232,"Demand":1,"DemandMax":null,"Value":33333},{"Length":441,"Height":695,"Demand":5,"DemandMax":null,"Value":195686},{"Length":516,"Height":215,"Demand":2,"DemandMax":null,"Value":90920},{"Length":228,"Height":286,"Demand":5,"DemandMax":null,"Value":42453},{"Length":246,"Height":414,"Demand":3,"DemandMax":null,"Value":94173},{"Length":120,"Height":386,"Demand":4,"DemandMax":null,"Value":40406},{"Length":457,"Height":367,"Demand":1,"DemandMax":null,"Value":126574},{"Length":661,"Height":542,"Demand":1,"DemandMax":null,"Value":210931},{"Length":638,"Height":535,"Demand":2,"DemandMax":null,"Value":314757},{"Length":334,"Height":297,"Demand":3,"DemandMax":null,"Value":82119},{"Length":277,"Height":590,"Demand":1,"DemandMax":null,"Value":147869},{"Length":310,"Height":674,"Demand":3,"DemandMax":null,"Value":106032},{"Length":451,"Height":551,"Demand":1,"DemandMax":null,"Value":199293},{"Length":137,"Height":175,"Demand":5,"DemandMax":null,"Value":13208},{"Length":365,"Height":101,"Demand":5,"DemandMax":null,"Value":30837},{"Length":280,"Height":131,"Demand":1,"DemandMax":null,"Value":30970},{"Length":680,"Height":311,"Demand":3,"DemandMax":null,"Value":125173},{"Length":126,"Height":182,"Demand":2,"DemandMax":null,"Value":15845},{"Length":489,"Height":190,"Demand":3,"DemandMax":null,"Value":60708},{"Length":473,"Height":235,"Demand":2,"DemandMax":null,"Value":98086},{"Length":680,"Height":386,"Demand":3,"DemandMax":null,"Value":238993},{"Length":552,"Height":284,"Demand":5,"DemandMax":null,"Value":115721},{"Length":451,"Height":406,"Demand":4,"DemandMax":null,"Value":109368},{"Length":126,"Height":683,"Demand":1,"DemandMax":null,"Value":43890},{"Length":532,"Height":346,"Demand":5,"DemandMax":null,"Value":92499},{"Length":295,"Height":110,"Demand":3,"DemandMax":null,"Value":31807},{"Length":534,"Height":573,"Demand":1,"DemandMax":null,"Value":302928},{"Length":118,"Height":191,"Demand":2,"DemandMax":null,"Value":21571},{"Length":495,"Height":191,"Demand":1,"DemandMax":null,"Value":79541},{"Length":391,"Height":106,"Demand":3,"DemandMax":null,"Value":31369},{"Length":294,"Height":682,"Demand":4,"DemandMax":null,"Value":156780},{"Length":696,"Height":475,"Demand":3,"DemandMax":null,"Value":235603},{"Length":401,"Height":183,"Demand":1,"DemandMax":null,"Value":50599},{"Length":517,"Height":348,"Demand":4,"DemandMax":null,"Value":151304},{"Length":480,"Height":648,"Demand":5,"DemandMax":null,"Value":224673},{"Length":564,"Height":476,"Demand":3,"DemandMax":null,"Value":154604},{"Length":372,"Height":562,"Demand":2,"DemandMax":null,"Value":158554},{"Length":515,"Height":238,"Demand":3,"DemandMax":null,"Value":64098},{"Length":637,"Height":384,"Demand":4,"DemandMax":null,"Value":224478},{"Length":570,"Height":395,"Demand":4,"DemandMax":null,"Value":122483},{"Length":323,"Height":598,"Demand":1,"DemandMax":null,"Value":165378},{"Length":162,"Height":240,"Demand":5,"DemandMax":null,"Value":28302},{"Length":179,"Height":373,"Demand":4,"DemandMax":null,"Value":52956},{"Length":546,"Height":658,"Demand":3,"DemandMax":null,"Value":355858},{"Length":221,"Height":280,"Demand":5,"DemandMax":null,"Value":41245},{"Length":261,"Height":492,"Demand":3,"DemandMax":null,"Value":95418},{"Length":276,"Height":202,"Demand":3,"DemandMax":null,"Value":40296},{"Length":340,"Height":394,"Demand":5,"DemandMax":null,"Value":112008},{"Length":369,"Height":454,"Demand":2,"DemandMax":null,"Value":91703},{"Length":672,"Height":446,"Demand":1,"DemandMax":null,"Value":264753},{"Length":552,"Height":626,"Demand":5,"DemandMax":null,"Value":291922},{"Length":180,"Height":318,"Demand":5,"DemandMax":null,"Value":38154},{"Length":682,"Height":556,"Demand":3,"DemandMax":null,"Value":375813},{"Length":151,"Height":370,"Demand":2,"DemandMax":null,"Value":37664},{"Length":529,"Height":626,"Demand":3,"DemandMax":null,"Value":273745},{"Length":619,"Height":214,"Demand":1,"DemandMax":null,"Value":132363},{"Length":627,"Height":524,"Demand":2,"DemandMax":null,"Value":208953},{"Length":209,"Height":464,"Demand":5,"DemandMax":null,"Value":85164},{"Length":432,"Height":449,"Demand":2,"DemandMax":null,"Value":115616},{"Length":206,"Height":116,"Demand":3,"DemandMax":null,"Value":15598},{"Length":594,"Height":641,"Demand":4,"DemandMax":null,"Value":369634},{"Length":477,"Height":227,"Demand":5,"DemandMax":null,"Value":102407},{"Length":468,"Height":271,"Demand":1,"DemandMax":null,"Value":101907},{"Length":117,"Height":179,"Demand":2,"DemandMax":null,"Value":19311},{"Length":363,"Height":498,"Demand":5,"DemandMax":null,"Value":112364},{"Length":376,"Height":422,"Demand":5,"DemandMax":null,"Value":113538},{"Length":400,"Height":674,"Demand":1,"DemandMax":null,"Value":143340},{"Length":107,"Height":525,"Demand":2,"DemandMax":null,"Value":28785},{"Length":245,"Height":420,"Demand":5,"DemandMax":null,"Value":88773},{"Length":569,"Height":692,"Demand":3,"DemandMax":null,"Value":372040},{"Length":341,"Height":593,"Demand":3,"DemandMax":null,"Value":104714},{"Length":401,"Height":276,"Demand":5,"DemandMax":null,"Value":103482},{"Length":554,"Height":559,"Demand":2,"DemandMax":null,"Value":229739},{"Length":421,"Height":544,"Demand":2,"DemandMax":null,"Value":228297},{"Length":381,"Height":113,"Demand":5,"DemandMax":null,"Value":38932},{"Length":501,"Height":646,"Demand":1,"DemandMax":null,"Value":264704},{"Length":190,"Height":374,"Demand":3,"DemandMax":null,"Value":68210},{"Length":524,"Height":382,"Demand":4,"DemandMax":null,"Value":152742},{"Length":560,"Height":170,"Demand":2,"DemandMax":null,"Value":74520},{"Length":521,"Height":503,"Demand":5,"DemandMax":null,"Value":218847},{"Length":196,"Height":332,"Demand":1,"DemandMax":null,"Value":58334},{"Length":509,"Height":695,"Demand":2,"DemandMax":null,"Value":229946},{"Length":624,"Height":535,"Demand":1,"DemandMax":null,"Value":183201},{"Length":212,"Height":690,"Demand":1,"DemandMax":null,"Value":103394},{"Length":450,"Height":121,"Demand":4,"DemandMax":null,"Value":50170},{"Length":623,"Height":277,"Demand":4,"DemandMax":null,"Value":121906},{"Length":462,"Height":157,"Demand":5,"DemandMax":null,"Value":60245},{"Length":119,"Height":691,"Demand":2,"DemandMax":null,"Value":80111},{"Length":187,"Height":619,"Demand":4,"DemandMax":null,"Value":102239},{"Length":270,"Height":597,"Demand":4,"DemandMax":null,"Value":116213},{"Length":656,"Height":607,"Demand":1,"DemandMax":null,"Value":202845},{"Length":608,"Height":346,"Demand":3,"DemandMax":null,"Value":105527},{"Length":680,"Height":329,"Demand":2,"DemandMax":null,"Value":204678},{"Length":214,"Height":379,"Demand":3,"DemandMax":null,"Value":70367},{"Length":456,"Height":525,"Demand":5,"DemandMax":null,"Value":142689},{"Length":208,"Height":404,"Demand":1,"DemandMax":null,"Value":76424},{"Length":388,"Height":692,"Demand":4,"DemandMax":null,"Value":254324},{"Length":426,"Height":126,"Demand":3,"DemandMax":null,"Value":39008},{"Length":405,"Height":417,"Demand":2,"DemandMax":null,"Value":165372},{"Length":422,"Height":210,"Demand":4,"DemandMax":null,"Value":78957},{"Length":115,"Height":209,"Demand":2,"DemandMax":null,"Value":13741},{"Length":279,"Height":640,"Demand":2,"DemandMax":null,"Value":135840},{"Length":329,"Height":269,"Demand":4,"DemandMax":null,"Value":71869},{"Length":428,"Height":115,"Demand":2,"DemandMax":null,"Value":30310},{"Length":655,"Height":178,"Demand":1,"DemandMax":null,"Value":74821},{"Length":287,"Height":274,"Demand":5,"DemandMax":null,"Value":44949},{"Length":507,"Height":371,"Demand":4,"DemandMax":null,"Value":103787},{"Length":245,"Height":306,"Demand":2,"DemandMax":null,"Value":50516},{"Length":296,"Height":178,"Demand":4,"DemandMax":null,"Value":39750},{"Length":666,"Height":167,"Demand":2,"DemandMax":null,"Value":57697},{"Length":346,"Height":387,"Demand":3,"DemandMax":null,"Value":122920},{"Length":576,"Height":653,"Demand":5,"DemandMax":null,"Value":286512},{"Length":447,"Height":107,"Demand":2,"DemandMax":null,"Value":24031},{"Length":129,"Height":597,"Demand":1,"DemandMax":null,"Value":40485},{"Length":580,"Height":465,"Demand":5,"DemandMax":null,"Value":211981},{"Length":495,"Height":463,"Demand":5,"DemandMax":null,"Value":129798},{"Length":359,"Height":699,"Demand":1,"DemandMax":null,"Value":159872},{"Length":400,"Height":106,"Demand":4,"DemandMax":null,"Value":27686},{"Length":306,"Height":644,"Demand":3,"DemandMax":null,"Value":153732},{"Length":410,"Height":329,"Demand":5,"DemandMax":null,"Value":73789},{"Length":609,"Height":139,"Demand":2,"DemandMax":null,"Value":45158},{"Length":639,"Height":331,"Demand":2,"DemandMax":null,"Value":162006},{"Length":278,"Height":528,"Demand":2,"DemandMax":null,"Value":85539},{"Length":654,"Height":183,"Demand":4,"DemandMax":null,"Value":68318},{"Length":512,"Height":295,"Demand":1,"DemandMax":null,"Value":90250},{"Length":475,"Height":594,"Demand":3,"DemandMax":null,"Value":247022},{"Length":185,"Height":301,"Demand":2,"DemandMax":null,"Value":40376},{"Length":133,"Height":532,"Demand":5,"DemandMax":null,"Value":42678},{"Length":135,"Height":373,"Demand":1,"DemandMax":null,"Value":25501},{"Length":643,"Height":186,"Demand":2,"DemandMax":null,"Value":117153},{"Length":117,"Height":244,"Demand":1,"DemandMax":null,"Value":24967},{"Length":395,"Height":378,"Demand":5,"DemandMax":null,"Value":135485},{"Length":479,"Height":541,"Demand":3,"DemandMax":null,"Value":239079},{"Length":111,"Height":192,"Demand":3,"DemandMax":null,"Value":20969},{"Length":553,"Height":428,"Demand":5,"DemandMax":null,"Value":209572},{"Length":346,"Height":610,"Demand":2,"DemandMax":null,"Value":201823},{"Length":496,"Height":513,"Demand":2,"DemandMax":null,"Value":145449},{"Length":303,"Height":610,"Demand":5,"DemandMax":null,"Value":97968},{"Length":279,"Height":151,"Demand":5,"DemandMax":null,"Value":26431},{"Length":169,"Height":376,"Demand":1,"DemandMax":null,"Value":32291},{"Length":118,"Height":627,"Demand":2,"DemandMax":null,"Value":61091},{"Length":294,"Height":187,"Demand":2,"DemandMax":null,"Value":44455},{"Length":361,"Height":584,"Demand":4,"DemandMax":null,"Value":180890},{"Length":279,"Height":610,"Demand":2,"DemandMax":null,"Value":93987},{"Length":152,"Height":631,"Demand":4,"DemandMax":null,"Value":65403},{"Length":192,"Height":139,"Demand":2,"DemandMax":null,"Value":18304},{"Length":389,"Height":606,"Demand":5,"DemandMax":null,"Value":154450},{"Length":672,"Height":415,"Demand":4,"DemandMax":null,"Value":160037},{"Length":424,"Height":698,"Demand":3,"DemandMax":null,"Value":229960},{"Length":183,"Height":577,"Demand":5,"DemandMax":null,"Value":76284},{"Length":508,"Height":677,"Demand":4,"DemandMax":null,"Value":231931},{"Length":295,"Height":509,"Demand":1,"DemandMax":null,"Value":126908},{"Length":234,"Height":488,"Demand":2,"DemandMax":null,"Value":94664},{"Length":442,"Height":408,"Demand":1,"DemandMax":null,"Value":164326},{"Length":266,"Height":540,"Demand":3,"DemandMax":null,"Value":107277},{"Length":594,"Height":600,"Demand":3,"DemandMax":null,"Value":246969},{"Length":693,"Height":172,"Demand":3,"DemandMax":null,"Value":76977},{"Length":202,"Height":323,"Demand":3,"DemandMax":null,"Value":46537},{"Length":578,"Height":199,"Demand":2,"DemandMax":null,"Value":67205},{"Length":275,"Height":113,"Demand":2,"DemandMax":null,"Value":29434},{"Length":405,"Height":440,"Demand":1,"DemandMax":null,"Value":105551},{"Length":572,"Height":448,"Demand":1,"DemandMax":null,"Value":184448},{"Length":451,"Height":169,"Demand":4,"DemandMax":null,"Value":46155},{"Length":431,"Height":541,"Demand":5,"DemandMax":null,"Value":122022},{"Length":273,"Height":622,"Demand":5,"DemandMax":null,"Value":111348},{"Length":400,"Height":679,"Demand":5,"DemandMax":null,"Value":140757},{"Length":158,"Height":232,"Demand":1,"DemandMax":null,"Value":23870},{"Length":467,"Height":227,"Demand":5,"DemandMax":null,"Value":89220},{"Length":489,"Height":313,"Demand":5,"DemandMax":null,"Value":76585},{"Length":581,"Height":654,"Demand":3,"DemandMax":null,"Value":224393},{"Length":110,"Height":499,"Demand":3,"DemandMax":null,"Value":32985},{"Length":380,"Height":263,"Demand":5,"DemandMax":null,"Value":53606},{"Length":682,"Height":651,"Demand":5,"DemandMax":null,"Value":289617},{"Length":685,"Height":203,"Demand":2,"DemandMax":null,"Value":114250},{"Length":524,"Height":432,"Demand":1,"DemandMax":null,"Value":149540},{"Length":622,"Height":307,"Demand":5,"DemandMax":null,"Value":125722},{"Length":685,"Height":454,"Demand":3,"DemandMax":null,"Value":219094},{"Length":327,"Height":225,"Demand":1,"DemandMax":null,"Value":69639}]}