{"Name":"1A_15","Objects":[{"Length":2350,"Height":1000,"Stock":null,"Cost":2350000}],"Items":[{"Length":136,"Height":589,"Demand":3,"DemandMax":null,"Value":40142},{"Length":243,"Height":219,"Demand":2,"DemandMax":null,"Value":49060},{"Length":653,"Height":473,"Demand":4,"DemandMax":null,"Value":254051},{"Length":634,"Height":286,"Demand":1,"DemandMax":null,"Value":104466},{"Length":346,"Height":599,"Demand":4,"DemandMax":null,"Value":179563},{"Length":477,"Height":471,"Demand":4,"DemandMax":null,"Value":188520},{"Length":109,"Height":316,"Demand":1,"DemandMax":null,"Value":22391},{"Length":164,"Height":608,"Demand":3,"DemandMax":null,"Value":49985},{"Length":355,"Height":524,"Demand":5,"DemandMax":null,"Value":173164},{"Length":182,"Height":281,"Demand":3,"DemandMax":null,"Value":47827},{"Length":203,"Height":153,"Demand":4,"DemandMax":null,"Value":17532},{"Length":418,"Height":243,"Demand":3,"DemandMax":null,"Value":95092},{"Length":496,"Height":145,"Demand":3,"DemandMax":null,"Value":52744},{"Length":320,"Height":547,"Demand":1,"DemandMax":null,"Value":136800},{"Length":288,"Height":459,"Demand":3,"DemandMax":null,"Value":71153},{"Length":519,"Height":552,"Demand":1,"DemandMax":null,"Value":187100},{"Length":151,"Height":520,"Demand":1,"DemandMax":null,"Value":50081},{"Length":200,"Height":364,"Demand":4,"DemandMax":null,"Value":72341},{"Length":164,"Height":432,"Demand":1,"DemandMax":null,"Value":60434},{"Length":397,"Height":396,"Demand":2,"DemandMax":null,"Value":105731},{"Length":647,"Height":405,"Demand":4,"DemandMax":null,"Value":192890},{"Length":579,"Height":348,"Demand":1,"DemandMax":null,"Value":117881},{"Length":445,"Height":690,"Demand":4,"DemandMax":null,"Value":261185},{"Length":651,"Height":413,"Demand":1,"DemandMax":null,"Value":153972},{"Length":358,"Height":304,"Demand":3,"DemandMax":null,"Value":79742}]}