{"Name":"2A_14","Objects":[{"Length":2550,"Height":1000,"Stock":null,"Cost":2550000}],"Items":[{"Length":598,"Height":146,"Demand":5,"DemandMax":null,"Value":43952},{"Length":160,"Height":102,"Demand":4,"DemandMax":null,"Value":15769},{"Length":350,"Height":244,"Demand":1,"DemandMax":null,"Value":73569},{"Length":333,"Height":362,"Demand":1,"DemandMax":null,"Value":116483},{"Length":267,"Height":538,"Demand":3,"DemandMax":null,"Value":87083},{"Length":684,"Height":642,"Demand":3,"DemandMax":null,"Value":261404},{"Length":689,"Height":479,"Demand":4,"DemandMax":null,"Value":275481},{"Length":477,"Height":684,"Demand":2,"DemandMax":null,"Value":308863},{"Length":280,"Height":134,"Demand":2,"DemandMax":null,"Value":19527},{"Length":136,"Height":650,"Demand":1,"DemandMax":null,"Value":54792},{"Length":182,"Height":210,"Demand":4,"DemandMax":null,"Value":36717},{"Length":291,"Height":577,"Demand":3,"DemandMax":null,"Value":162383},{"Length":456,"Height":323,"Demand":3,"DemandMax":null,"Value":113816},{"Length":470,"Height":678,"Demand":5,"DemandMax":null,"Value":285352},{"Length":426,"Height":136,"Demand":3,"DemandMax":null,"Value":35632},{"Length":493,"Height":192,"Demand":3,"DemandMax":null,"Value":77880},{"Length":408,"Height":226,"Demand":1,"DemandMax":null,"Value":88655},{"Length":258,"Height":149,"Demand":3,"DemandMax":null,"Value":35615},{"Length":598,"Height":520,"Demand":5,"DemandMax":null,"Value":198394},{"Length":595,"Height":443,"Demand":1,"DemandMax":null,"Value":180452},{"Length":574,"Height":686,"Demand":5,"DemandMax":null,"Value":294821},{"Length":351,"Height":470,"Demand":2,"DemandMax":null,"Value":156917},{"Length":325,"Height":627,"Demand":5,"DemandMax":null,"Value":181278},{"Length":265,"Height":575,"Demand":5,"DemandMax":null,"Value":151805},{"Length":615,"Height":547,"Demand":4,"DemandMax":null,"Value":330553},{"Length":680,"Height":675,"Demand":3,"DemandMax":null,"Value":293103},{"Length":371,"Height":171,"Demand":2,"DemandMax":null,"Value":61781},{"Length":633,"Height":495,"Demand":2,"DemandMax":null,"Value":270701},{"Length":359,"Height":237,"Demand":4,"DemandMax":null,"Value":71452},{"Length":198,"Height":540,"Demand":1,"DemandMax":null,"Value":77246},{"Length":488,"Height":548,"Demand":5,"DemandMax":null,"Value":173131},{"Length":327,"Height":156,"Demand":3,"DemandMax":null,"Value":45539},{"Length":385,"Height":382,"Demand":4,"DemandMax":null,"Value":92559},{"Length":284,"Height":613,"Demand":5,"DemandMax":null,"Value":113654},{"Length":667,"Height":310,"Demand":5,"DemandMax":null,"Value":140341},{"Length":481,"Height":597,"Demand":2,"DemandMax":null,"Value":193010},{"Length":259,"Height":273,"Demand":1,"DemandMax":null,"Value":45838},{"Length":236,"Height":310,"Demand":3,"DemandMax":null,"Value":43294},{"Length":340,"Height":665,"Demand":1,"DemandMax":null,"Value":152092},{"Length":311,"Height":127,"Demand":5,"DemandMax":null,"Value":34146},{"Length":488,"Height":684,"Demand":2,"DemandMax":null,"Value":243445},{"Length":166,"Height":310,"Demand":5,"DemandMax":null,"Value":42825},{"Length":576,"Height":463,"Demand":3,"DemandMax":null,"Value":167137},{"Length":512,"Height":443,"Demand":3,"DemandMax":null,"Value":135777},{"Length":207,"Height":288,"Demand":2,"DemandMax":null,"Value":51987},{"Length":515,"Height":200,"Demand":1,"DemandMax":null,"Value":99659},{"Length":203,"Height":634,"Demand":5,"DemandMax":null,"Value":94509},{"Length":243,"Height":586,"Demand":1,"DemandMax":null,"Value":88645},{"Length":289,"Height":366,"Demand":3,"DemandMax":null,"Value":63168},{"Length":306,"Height":610,"Demand":3,"DemandMax":null,"Value":166266}]}