{"Name":"4A_12","Objects":[{"Length":2850,"Height":1400,"Stock":null,"Cost":3990000}],"Items":[{"Length":362,"Height":168,"Demand":3,"DemandMax":null,"Value":30698},{"Length":115,"Height":425,"Demand":3,"DemandMax":null,"Value":43716},{"Length":87,"Height":296,"Demand":1,"DemandMax":null,"Value":18574},{"Length":426,"Height":144,"Demand":3,"DemandMax":null,"Value":53987},{"Length":93,"Height":75,"Demand":4,"DemandMax":null,"Value":5969},{"Length":331,"Height":399,"Demand":3,"DemandMax":null,"Value":94172},{"Length":59,"Height":92,"Demand":5,"DemandMax":null,"Value":3349},{"Length":341,"Height":261,"Demand":2,"DemandMax":null,"Value":65918},{"Length":287,"Height":303,"Demand":2,"DemandMax":null,"Value":71570},{"Length":266,"Height":269,"Demand":2,"DemandMax":null,"Value":41994},{"Length":356,"Height":51,"Demand":1,"DemandMax":null,"Value":16336},{"Length":446,"Height":233,"Demand":2,"DemandMax":null,"Value":102385},{"Length":255,"Height":222,"Demand":3,"DemandMax":null,"Value":50592},{"Length":491,"Height":166,"Demand":4,"DemandMax":null,"Value":58061},{"Length":411,"Height":338,"Demand":3,"DemandMax":null,"Value":105290},{"Length":147,"Height":370,"Demand":3,"DemandMax":null,"Value":52532},{"Length":349,"Height":324,"Demand":5,"DemandMax":null,"Value":57684},{"Length":414,"Height":413,"Demand":5,"DemandMax":null,"Value":88465},{"Length":372,"Height":209,"Demand":5,"DemandMax":null,"Value":69370},{"Length":498,"Height":202,"Demand":5,"DemandMax":null,"Value":88170},{"Length":319,"Height":439,"Demand":1,"DemandMax":null,"Value":133286},{"Length":354,"Height":189,"Demand":4,"DemandMax":null,"Value":55475},{"Length":346,"Height":51,"Demand":4,"DemandMax":null,"Value":10156},{"Length":463,"Height":78,"Demand":2,"DemandMax":null,"Value":32004},{"Length":248,"Height":167,"Demand":4,"DemandMax":null,"Value":41368}]}