{"Name":"1B_7","Objects":[{"Length":2150,"Height":1100,"Stock":null,"Cost":2365000}],"Items":[{"Length":107,"Height":698,"Demand":9,"DemandMax":null,"Value":37669},{"Length":675,"Height":167,"Demand":4,"DemandMax":null,"Value":65648},{"Length":549,"Height":651,"Demand":2,"DemandMax":null,"Value":193201},{"Length":588,"Height":432,"Demand":9,"DemandMax":null,"Value":239446},{"Length":607,"Height":365,"Demand":10,"DemandMax":null,"Value":132178},{"Length":680,"Height":109,"Demand":4,"DemandMax":null,"Value":54383},{"Length":562,"Height":235,"Demand":1,"DemandMax":null,"Value":97343},{"Length":647,"Height":326,"Demand":4,"DemandMax":null,"Value":126124},{"Length":185,"Height":318,"Demand":5,"DemandMax":null,"Value":47501},{"Length":136,"Height":216,"Demand":3,"DemandMax":null,"Value":24599},{"Length":252,"Height":402,"Demand":2,"DemandMax":null,"Value":92977},{"Length":109,"Height":199,"Demand":7,"DemandMax":null,"Value":21254},{"Length":490,"Height":652,"Demand":4,"DemandMax":null,"Value":220819},{"Length":470,"Height":350,"Demand":3,"DemandMax":null,"Value":113923},{"Length":529,"Height":222,"Demand":7,"DemandMax":null,"Value":64462},{"Length":162,"Height":592,"Demand":9,"DemandMax":null,"Value":81459},{"Length":318,"Height":181,"Demand":4,"DemandMax":null,"Value":42389},{"Length":323,"Height":646,"Demand":1,"DemandMax":null,"Value":160297},{"Length":286,"Height":263,"Demand":5,"DemandMax":null,"Value":50302},{"Length":188,"Height":163,"Demand":1,"DemandMax":null,"Value":15469},{"Length":432,"Height":346,"Demand":7,"DemandMax":null,"Value":83444},{"Length":366,"Height":649,"Demand":5,"DemandMax":null,"Value":223133},{"Length":309,"Height":177,"Demand":3,"DemandMax":null,"Value":40618},{"Length":514,"Height":605,"Demand":2,"DemandMax":null,"Value":164786},{"Length":494,"Height":414,"Demand":3,"DemandMax":null,"Value":146485}]}