{"Name":"4B_12","Objects":[{"Length":2850,"Height":1450,"Stock":null,"Cost":4132500}],"Items":[{"Length":189,"Height":428,"Demand":9,"DemandMax":null,"Value":40602},{"Length":118,"Height":279,"Demand":6,"DemandMax":null,"Value":17975},{"Length":350,"Height":226,"Demand":3,"DemandMax":null,"Value":54094},{"Length":433,"Height":167,"Demand":10,"DemandMax":null,"Value":68766},{"Length":65,"Height":89,"Demand":1,"DemandMax":null,"Value":5117},{"Length":484,"Height":448,"Demand":5,"DemandMax":null,"Value":172985},{"Length":118,"Height":243,"Demand":8,"DemandMax":null,"Value":26092},{"Length":463,"Height":130,"Demand":8,"DemandMax":null,"Value":47348},{"Length":221,"Height":361,"Demand":7,"DemandMax":null,"Value":76752},{"Length":492,"Height":345,"Demand":1,"DemandMax":null,"Value":158569},{"Length":438,"Height":219,"Demand":9,"DemandMax":null,"Value":50683},{"Length":361,"Height":264,"Demand":3,"DemandMax":null,"Value":90248},{"Length":373,"Height":321,"Demand":10,"DemandMax":null,"Value":76434},{"Length":426,"Height":418,"Demand":2,"DemandMax":null,"Value":146225},{"Length":129,"Height":165,"Demand":9,"DemandMax":null,"Value":20354},{"Length":386,"Height":304,"Demand":9,"DemandMax":null,"Value":103968},{"Length":375,"Height":349,"Demand":7,"DemandMax":null,"Value":89670},{"Length":412,"Height":101,"Demand":5,"DemandMax":null,"Value":41281},{"Length":409,"Height":283,"Demand":3,"DemandMax":null,"Value":92594},{"Length":411,"Height":308,"Demand":2,"DemandMax":null,"Value":115939},{"Length":156,"Height":296,"Demand":4,"DemandMax":null,"Value":24155},{"Length":450,"Height":446,"Demand":10,"DemandMax":null,"Value":173520},{"Length":369,"Height":323,"Demand":10,"DemandMax":null,"Value":61543},{"Length":280,"Height":179,"Demand":8,"DemandMax":null,"Value":39356},{"Length":57,"Height":68,"Demand":1,"DemandMax":null,"Value":3093}]}