{"Name":"4A_7","Objects":[{"Length":2800,"Height":1000,"Stock":null,"Cost":2800000}],"Items":[{"Length":361,"Height":445,"Demand":2,"DemandMax":null,"Value":81087},{"Length":452,"Height":453,"Demand":2,"DemandMax":null,"Value":183141},{"Length":75,"Height":237,"Demand":5,"DemandMax":null,"Value":12820},{"Length":243,"Height":335,"Demand":3,"DemandMax":null,"Value":71641},{"Length":382,"Height":350,"Demand":4,"DemandMax":null,"Value":114408},{"Length":491,"Height":483,"Demand":3,"DemandMax":null,"Value":169102},{"Length":450,"Height":53,"Demand":3,"DemandMax":null,"Value":14715},{"Length":207,"Height":152,"Demand":2,"DemandMax":null,"Value":23303},{"Length":330,"Height":306,"Demand":2,"DemandMax":null,"Value":83107},{"Length":353,"Height":423,"Demand":3,"DemandMax":null,"Value":87633},{"Length":478,"Height":409,"Demand":2,"DemandMax":null,"Value":175902},{"Length":146,"Height":186,"Demand":3,"DemandMax":null,"Value":26755},{"Length":256,"Height":76,"Demand":5,"DemandMax":null,"Value":17388},{"Length":138,"Height":496,"Demand":5,"DemandMax":null,"Value":48759},{"Length":216,"Height":82,"Demand":4,"DemandMax":null,"Value":13424},{"Length":395,"Height":170,"Demand":3,"DemandMax":null,"Value":64856},{"Length":91,"Height":352,"Demand":1,"DemandMax":null,"Value":16341},{"Length":162,"Height":87,"Demand":3,"DemandMax":null,"Value":7292},{"Length":421,"Height":365,"Demand":1,"DemandMax":null,"Value":137106},{"Length":87,"Height":332,"Demand":4,"DemandMax":null,"Value":25316},{"Length":258,"Height":493,"Demand":5,"DemandMax":null,"Value":121059},{"Length":69,"Height":293,"Demand":3,"DemandMax":null,"Value":16763},{"Length":109,"Height":197,"Demand":3,"DemandMax":null,"Value":12358},{"Length":473,"Height":90,"Demand":5,"DemandMax":null,"Value":37725},{"Length":93,"Height":262,"Demand":2,"DemandMax":null,"Value":24338}]}