{"Name":"3C_7","Objects":[{"Length":2150,"Height":1400,"Stock":null,"Cost":3010000}],"Items":[{"Length":656,"Height":469,"Demand":14,"DemandMax":null,"Value":155100},{"Length":221,"Height":597,"Demand":15,"DemandMax":null,"Value":100580},{"Length":424,"Height":303,"Demand":15,"DemandMax":null,"Value":87059},{"Length":662,"Height":518,"Demand":18,"DemandMax":null,"Value":208066},{"Length":291,"Height":377,"Demand":5,"DemandMax":null,"Value":88827},{"Length":425,"Height":491,"Demand":21,"DemandMax":null,"Value":194932},{"Length":114,"Height":170,"Demand":3,"DemandMax":null,"Value":19372},{"Length":613,"Height":483,"Demand":5,"DemandMax":null,"Value":243174},{"Length":597,"Height":573,"Demand":25,"DemandMax":null,"Value":187353},{"Length":166,"Height":282,"Demand":13,"DemandMax":null,"Value":37752},{"Length":303,"Height":698,"Demand":27,"DemandMax":null,"Value":196497},{"Length":620,"Height":263,"Demand":5,"DemandMax":null,"Value":159231},{"Length":584,"Height":508,"Demand":23,"DemandMax":null,"Value":148965},{"Length":352,"Height":323,"Demand":16,"DemandMax":null,"Value":105755},{"Length":564,"Height":227,"Demand":19,"DemandMax":null,"Value":109566},{"Length":202,"Height":365,"Demand":3,"DemandMax":null,"Value":38824},{"Length":112,"Height":413,"Demand":3,"DemandMax":null,"Value":31935},{"Length":470,"Height":366,"Demand":16,"DemandMax":null,"Value":148367},{"Length":129,"Height":250,"Demand":30,"DemandMax":null,"Value":17063},{"Length":449,"Height":352,"Demand":12,"DemandMax":null,"Value":112216},{"Length":417,"Height":537,"Demand":18,"DemandMax":null,"Value":153915},{"Length":384,"Height":142,"Demand":24,"DemandMax":null,"Value":41347},{"Length":400,"Height":451,"Demand":30,"DemandMax":null,"Value":107719},{"Length":503,"Height":645,"Demand":10,"DemandMax":null,"Value":322732},{"Length":357,"Height":331,"Demand":13,"DemandMax":null,"Value":71152},{"Length":572,"Height":671,"Demand":22,"DemandMax":null,"Value":192281},{"Length":688,"Height":553,"Demand":25,"DemandMax":null,"Value":200055},{"Length":480,"Height":621,"Demand":8,"DemandMax":null,"Value":263361},{"Length":315,"Height":315,"Demand":16,"DemandMax":null,"Value":96696},{"Length":387,"Height":534,"Demand":5,"DemandMax":null,"Value":119279},{"Length":518,"Height":480,"Demand":18,"DemandMax":null,"Value":196047},{"Length":358,"Height":615,"Demand":3,"DemandMax":null,"Value":199915},{"Length":210,"Height":648,"Demand":22,"DemandMax":null,"Value":82376},{"Length":204,"Height":251,"Demand":2,"DemandMax":null,"Value":33130},{"Length":456,"Height":183,"Demand":13,"DemandMax":null,"Value":80635},{"Length":252,"Height":126,"Demand":18,"DemandMax":null,"Value":28234},{"Length":557,"Height":300,"Demand":21,"DemandMax":null,"Value":98160},{"Length":426,"Height":628,"Demand":26,"DemandMax":null,"Value":137614},{"Length":381,"Height":199,"Demand":14,"DemandMax":null,"Value":49347},{"Length":584,"Height":395,"Demand":18,"DemandMax":null,"Value":182903},{"Length":210,"Height":471,"Demand":9,"DemandMax":null,"Value":54614},{"Length":204,"Height":382,"Demand":10,"DemandMax":null,"Value":73985},{"Length":374,"Height":123,"Demand":17,"DemandMax":null,"Value":36291},{"Length":385,"Height":682,"Demand":8,"DemandMax":null,"Value":198913},{"Length":352,"Height":554,"Demand":13,"DemandMax":null,"Value":175044},{"Length":267,"Height":527,"Demand":12,"DemandMax":null,"Value":79731},{"Length":133,"Height":251,"Demand":25,"DemandMax":null,"Value":28714},{"Length":632,"Height":608,"Demand":18,"DemandMax":null,"Value":239669},{"Length":556,"Height":470,"Demand":24,"DemandMax":null,"Value":134249},{"Length":697,"Height":431,"Demand":26,"DemandMax":null,"Value":213953},{"Length":296,"Height":560,"Demand":18,"DemandMax":null,"Value":87618},{"Length":638,"Height":274,"Demand":9,"DemandMax":null,"Value":94750},{"Length":674,"Height":101,"Demand":17,"DemandMax":null,"Value":52424},{"Length":447,"Height":212,"Demand":11,"DemandMax":null,"Value":53324},{"Length":381,"Height":518,"Demand":24,"DemandMax":null,"Value":129942},{"Length":433,"Height":335,"Demand":7,"DemandMax":null,"Value":143413},{"Length":391,"Height":624,"Demand":26,"DemandMax":null,"Value":190849},{"Length":253,"Height":400,"Demand":15,"DemandMax":null,"Value":89975},{"Length":313,"Height":451,"Demand":16,"DemandMax":null,"Value":117777},{"Length":130,"Height":344,"Demand":9,"DemandMax":null,"Value":34270},{"Length":587,"Height":274,"Demand":12,"DemandMax":null,"Value":116053},{"Length":117,"Height":321,"Demand":15,"DemandMax":null,"Value":25872},{"Length":261,"Height":182,"Demand":6,"DemandMax":null,"Value":36948},{"Length":210,"Height":532,"Demand":25,"DemandMax":null,"Value":91413},{"Length":157,"Height":157,"Demand":16,"DemandMax":null,"Value":16890},{"Length":222,"Height":541,"Demand":17,"DemandMax":null,"Value":76825},{"Length":352,"Height":473,"Demand":28,"DemandMax":null,"Value":133072},{"Length":345,"Height":550,"Demand":27,"DemandMax":null,"Value":177274},{"Length":229,"Height":624,"Demand":10,"DemandMax":null,"Value":127321},{"Length":664,"Height":608,"Demand":22,"DemandMax":null,"Value":232873},{"Length":374,"Height":559,"Demand":11,"DemandMax":null,"Value":141514},{"Length":666,"Height":333,"Demand":3,"DemandMax":null,"Value":149983},{"Length":423,"Height":234,"Demand":6,"DemandMax":null,"Value":70558},{"Length":442,"Height":453,"Demand":3,"DemandMax":null,"Value":190012},{"Length":453,"Height":342,"Demand":10,"DemandMax":null,"Value":93456},{"Length":111,"Height":208,"Demand":7,"DemandMax":null,"Value":13896},{"Length":291,"Height":614,"Demand":8,"DemandMax":null,"Value":147069},{"Length":109,"Height":271,"Demand":15,"DemandMax":null,"Value":28180},{"Length":397,"Height":503,"Demand":10,"DemandMax":null,"Value":117693},{"Length":554,"Height":624,"Demand":2,"DemandMax":null,"Value":212100},{"Length":196,"Height":443,"Demand":2,"DemandMax":null,"Value":83086},{"Length":123,"Height":648,"Demand":4,"DemandMax":null,"Value":64471},{"Length":512,"Height":111,"Demand":12,"DemandMax":null,"Value":55013},{"Length":551,"Height":399,"Demand":24,"DemandMax":null,"Value":112642},{"Length":352,"Height":480,"Demand":8,"DemandMax":null,"Value":95257},{"Length":479,"Height":157,"Demand":30,"DemandMax":null,"Value":64408},{"Length":368,"Height":594,"Demand":23,"DemandMax":null,"Value":193572},{"Length":610,"Height":490,"Demand":16,"DemandMax":null,"Value":174462},{"Length":693,"Height":443,"Demand":12,"DemandMax":null,"Value":264997},{"Length":303,"Height":591,"Demand":6,"DemandMax":null,"Value":172310},{"Length":114,"Height":640,"Demand":21,"DemandMax":null,"Value":67455},{"Length":209,"Height":157,"Demand":5,"DemandMax":null,"Value":26028},{"Length":297,"Height":674,"Demand":6,"DemandMax":null,"Value":113789},{"Length":548,"Height":246,"Demand":25,"DemandMax":null,"Value":121908},{"Length":250,"Height":498,"Demand":17,"DemandMax":null,"Value":92880},{"Length":675,"Height":343,"Demand":8,"DemandMax":null,"Value":213405},{"Length":207,"Height":193,"Demand":12,"DemandMax":null,"Value":31788},{"Length":688,"Height":426,"Demand":22,"DemandMax":null,"Value":207985},{"Length":224,"Height":244,"Demand":28,"DemandMax":null,"Value":48832},{"Length":155,"Height":533,"Demand":29,"DemandMax":null,"Value":59158},{"Length":616,"Height":477,"Demand":25,"DemandMax":null,"Value":271104},{"Length":363,"Height":201,"Demand":12,"DemandMax":null,"Value":46670},{"Length":170,"Height":293,"Demand":28,"DemandMax":null,"Value":32284},{"Length":180,"Height":317,"Demand":22,"DemandMax":null,"Value":50508},{"Length":428,"Height":558,"Demand":16,"DemandMax":null,"Value":218190},{"Length":453,"Height":359,"Demand":26,"DemandMax":null,"Value":126602},{"Length":167,"Height":109,"Demand":27,"DemandMax":null,"Value":10508},{"Length":459,"Height":326,"Demand":1,"DemandMax":null,"Value":77635},{"Length":366,"Height":590,"Demand":18,"DemandMax":null,"Value":189032},{"Length":138,"Height":603,"Demand":28,"DemandMax":null,"Value":77127},{"Length":125,"Height":387,"Demand":5,"DemandMax":null,"Value":32157},{"Length":210,"Height":546,"Demand":19,"DemandMax":null,"Value":86843},{"Length":253,"Height":678,"Demand":22,"DemandMax":null,"Value":147665},{"Length":630,"Height":133,"Demand":4,"DemandMax":null,"Value":63229},{"Length":673,"Height":493,"Demand":7,"DemandMax":null,"Value":220882},{"Length":648,"Height":303,"Demand":17,"DemandMax":null,"Value":155238},{"Length":617,"Height":698,"Demand":29,"DemandMax":null,"Value":294889},{"Length":126,"Height":656,"Demand":1,"DemandMax":null,"Value":75672},{"Length":371,"Height":596,"Demand":6,"DemandMax":null,"Value":127260},{"Length":551,"Height":312,"Demand":20,"DemandMax":null,"Value":88325},{"Length":466,"Height":530,"Demand":27,"DemandMax":null,"Value":189680},{"Length":267,"Height":370,"Demand":16,"DemandMax":null,"Value":56955},{"Length":405,"Height":297,"Demand":16,"DemandMax":null,"Value":102630},{"Length":528,"Height":280,"Demand":13,"DemandMax":null,"Value":135863},{"Length":168,"Height":411,"Demand":12,"DemandMax":null,"Value":53586},{"Length":263,"Height":165,"Demand":28,"DemandMax":null,"Value":24555},{"Length":689,"Height":202,"Demand":13,"DemandMax":null,"Value":110072},{"Length":695,"Height":266,"Demand":12,"DemandMax":null,"Value":101710},{"Length":693,"Height":248,"Demand":13,"DemandMax":null,"Value":97387},{"Length":158,"Height":385,"Demand":13,"DemandMax":null,"Value":36004},{"Length":353,"Height":609,"Demand":7,"DemandMax":null,"Value":143799},{"Length":189,"Height":482,"Demand":19,"DemandMax":null,"Value":54618},{"Length":344,"Height":578,"Demand":2,"DemandMax":null,"Value":141716},{"Length":193,"Height":393,"Demand":14,"DemandMax":null,"Value":55871},{"Length":314,"Height":190,"Demand":17,"DemandMax":null,"Value":35089},{"Length":637,"Height":533,"Demand":12,"DemandMax":null,"Value":330657},{"Length":635,"Height":429,"Demand":30,"DemandMax":null,"Value":167937},{"Length":354,"Height":284,"Demand":25,"DemandMax":null,"Value":68039},{"Length":517,"Height":223,"Demand":29,"DemandMax":null,"Value":71403},{"Length":386,"Height":587,"Demand":28,"DemandMax":null,"Value":205841},{"Length":257,"Height":175,"Demand":1,"DemandMax":null,"Value":44047},{"Length":258,"Height":191,"Demand":8,"DemandMax":null,"Value":41165},{"Length":354,"Height":454,"Demand":24,"DemandMax":null,"Value":106165},{"Length":238,"Height":680,"Demand":7,"DemandMax":null,"Value":154920},{"Length":168,"Height":411,"Demand":8,"DemandMax":null,"Value":44511},{"Length":449,"Height":128,"Demand":20,"DemandMax":null,"Value":52718},{"Length":245,"Height":543,"Demand":27,"DemandMax":null,"Value":85602},{"Length":283,"Height":631,"Demand":17,"DemandMax":null,"Value":167322},{"Length":557,"Height":174,"Demand":5,"DemandMax":null,"Value":55958},{"Length":478,"Height":605,"Demand":10,"DemandMax":null,"Value":153703},{"Length":272,"Height":383,"Demand":22,"DemandMax":null,"Value":101936},{"Length":164,"Height":373,"Demand":27,"DemandMax":null,"Value":39982},{"Length":128,"Height":520,"Demand":26,"DemandMax":null,"Value":66412},{"Length":233,"Height":379,"Demand":5,"DemandMax":null,"Value":75386},{"Length":467,"Height":643,"Demand":6,"DemandMax":null,"Value":264330},{"Length":388,"Height":197,"Demand":30,"DemandMax":null,"Value":75589},{"Length":642,"Height":579,"Demand":20,"DemandMax":null,"Value":346970},{"Length":488,"Height":555,"Demand":7,"DemandMax":null,"Value":143971},{"Length":449,"Height":416,"Demand":29,"DemandMax":null,"Value":179929},{"Length":201,"Height":691,"Demand":2,"DemandMax":null,"Value":93867},{"Length":165,"Height":504,"Demand":13,"DemandMax":null,"Value":58738},{"Length":131,"Height":616,"Demand":14,"DemandMax":null,"Value":63510},{"Length":589,"Height":525,"Demand":17,"DemandMax":null,"Value":231558},{"Length":450,"Height":678,"Demand":28,"DemandMax":null,"Value":256351},{"Length":160,"Height":243,"Demand":2,"DemandMax":null,"Value":24100},{"Length":463,"Height":390,"Demand":30,"DemandMax":null,"Value":165619},{"Length":621,"Height":380,"Demand":6,"DemandMax":null,"Value":229758},{"Length":345,"Height":136,"Demand":20,"DemandMax":null,"Value":29905},{"Length":274,"Height":133,"Demand":29,"DemandMax":null,"Value":31401},{"Length":207,"Height":129,"Demand":8,"DemandMax":null,"Value":17313},{"Length":268,"Height":529,"Demand":4,"DemandMax":null,"Value":119213},{"Length":141,"Height":412,"Demand":12,"DemandMax":null,"Value":32613},{"Length":566,"Height":658,"Demand":7,"DemandMax":null,"Value":330755},{"Length":617,"Height":120,"Demand":21,"DemandMax":null,"Value":40383},{"Length":192,"Height":594,"Demand":1,"DemandMax":null,"Value":68921},{"Length":467,"Height":299,"Demand":16,"DemandMax":null,"Value":105521},{"Length":601,"Height":173,"Demand":24,"DemandMax":null,"Value":83749},{"Length":151,"Height":387,"Demand":19,"DemandMax":null,"Value":54361},{"Length":661,"Height":538,"Demand":1,"DemandMax":null,"Value":222577},{"Length":105,"Height":694,"Demand":29,"DemandMax":null,"Value":65746},{"Length":177,"Height":518,"Demand":14,"DemandMax":null,"Value":47157},{"Length":469,"Height":120,"Demand":7,"DemandMax":null,"Value":28798},{"Length":418,"Height":357,"Demand":13,"DemandMax":null,"Value":119034},{"Length":354,"Height":212,"Demand":7,"DemandMax":null,"Value":38904},{"Length":119,"Height":143,"Demand":15,"DemandMax":null,"Value":10749},{"Length":236,"Height":379,"Demand":26,"DemandMax":null,"Value":60912},{"Length":353,"Height":144,"Demand":20,"DemandMax":null,"Value":49241},{"Length":386,"Height":464,"Demand":30,"DemandMax":null,"Value":132351},{"Length":679,"Height":260,"Demand":21,"DemandMax":null,"Value":169054},{"Length":291,"Height":112,"Demand":18,"DemandMax":null,"Value":22003},{"Length":671,"Height":404,"Demand":20,"DemandMax":null,"Value":207998},{"Length":121,"Height":376,"Demand":25,"DemandMax":null,"Value":41476},{"Length":191,"Height":640,"Demand":27,"DemandMax":null,"Value":61230},{"Length":253,"Height":435,"Demand":22,"DemandMax":null,"Value":61777},{"Length":349,"Height":393,"Demand":17,"DemandMax":null,"Value":131602},{"Length":431,"Height":666,"Demand":7,"DemandMax":null,"Value":167679},{"Length":528,"Height":380,"Demand":2,"DemandMax":null,"Value":166647},{"Length":531,"Height":619,"Demand":22,"DemandMax":null,"Value":245351},{"Length":173,"Height":338,"Demand":2,"DemandMax":null,"Value":42940},{"Length":404,"Height":252,"Demand":29,"DemandMax":null,"Value":72405}]}