{"Name":"1","Objects":[{"Length":15,"Height":10,"Stock":null,"Cost":150}],"Items":[{"Length":2,"Height":1,"Demand":1,"DemandMax":null,"Value":2},{"Length":3,"Height":2,"Demand":2,"DemandMax":null,"Value":6},{"Length":3,"Height":3,"Demand":2,"DemandMax":null,"Value":9},{"Length":3,"Height":4,"Demand":5,"DemandMax":null,"Value":12},{"Length":8,"Height":2,"Demand":3,"DemandMax":null,"Value":16},{"Length":3,"Height":7,"Demand":1,"DemandMax":null,"Value":21},{"Length":8,"Height":4,"Demand":2,"DemandMax":null,"Value":32}]}