{"Name":"7","Objects":[{"Length":47,"Height":32,"Stock":null,"Cost":1504}],"Items":[{"Length":13,"Height":14,"Demand":1,"DemandMax":null,"Value":182},{"Length":15,"Height":11,"Demand":2,"DemandMax":null,"Value":165},{"Length":14,"Height":7,"Demand":3,"DemandMax":null,"Value":98},{"Length":12,"Height":20,"Demand":4,"DemandMax":null,"Value":240},{"Length":17,"Height":11,"Demand":3,"DemandMax":null,"Value":187},{"Length":16,"Height":14,"Demand":3,"DemandMax":null,"Value":224},{"Length":24,"Height":8,"Demand":2,"DemandMax":null,"Value":192},{"Length":8,"Height":17,"Demand":3,"DemandMax":null,"Value":136},{"Length":13,"Height":16,"Demand":1,"DemandMax":null,"Value":208},{"Length":19,"Height":16,"Demand":2,"DemandMax":null,"Value":304}]}