{"Name":"6","Objects":[{"Length":30,"Height":12,"Stock":null,"Cost":360}],"Items":[{"Length":3,"Height":6,"Demand":3,"DemandMax":null,"Value":18},{"Length":7,"Height":4,"Demand":2,"DemandMax":null,"Value":28},{"Length":7,"Height":5,"Demand":1,"DemandMax":null,"Value":35},{"Length":8,"Height":2,"Demand":3,"DemandMax":null,"Value":16},{"Length":8,"Height":5,"Demand":3,"DemandMax":null,"Value":40},{"Length":9,"Height":6,"Demand":2,"DemandMax":null,"Value":54},{"Length":9,"Height":7,"Demand":1,"DemandMax":null,"Value":63},{"Length":10,"Height":4,"Demand":4,"DemandMax":null,"Value":40},{"Length":15,"Height":5,"Demand":3,"DemandMax":null,"Value":75},{"Length":19,"Height":6,"Demand":2,"DemandMax":null,"Value":114},{"Length":4,"Height":8,"Demand":2,"DemandMax":null,"Value":32},{"Length":4,"Height":9,"Demand":1,"DemandMax":null,"Value":36}]}