{"Name":"4","Objects":[{"Length":70,"Height":40,"Stock":null,"Cost":2800}],"Items":[{"Length":22,"Height":18,"Demand":2,"DemandMax":null,"Value":396},{"Length":40,"Height":10,"Demand":1,"DemandMax":null,"Value":400},{"Length":13,"Height":27,"Demand":3,"DemandMax":null,"Value":351},{"Length":23,"Height":18,"Demand":2,"DemandMax":null,"Value":414},{"Length":29,"Height":8,"Demand":4,"DemandMax":null,"Value":232},{"Length":16,"Height":4,"Demand":1,"DemandMax":null,"Value":64},{"Length":47,"Height":9,"Demand":1,"DemandMax":null,"Value":423},{"Length":19,"Height":19,"Demand":4,"DemandMax":null,"Value":361},{"Length":13,"Height":16,"Demand":2,"DemandMax":null,"Value":208},{"Length":36,"Height":16,"Demand":4,"DemandMax":null,"Value":576}]}