{"Name":"BABU2","Objects":[{"Length":400,"Height":500,"Stock":2,"Cost":200000},{"Length":300,"Height":450,"Stock":3,"Cost":135000},{"Length":600,"Height":650,"Stock":8,"Cost":390000},{"Length":300,"Height":400,"Stock":10,"Cost":120000},{"Length":100,"Height":500,"Stock":4,"Cost":50000}],"Items":[{"Length":125,"Height":150,"Demand":1,"DemandMax":null,"Value":18750},{"Length":125,"Height":100,"Demand":1,"DemandMax":null,"Value":12500},{"Length":175,"Height":150,"Demand":1,"DemandMax":null,"Value":26250},{"Length":125,"Height":75,"Demand":1,"DemandMax":null,"Value":9375},{"Length":150,"Height":50,"Demand":1,"DemandMax":null,"Value":7500},{"Length":100,"Height":100,"Demand":2,"DemandMax":null,"Value":10000},{"Length":150,"Height":100,"Demand":2,"DemandMax":null,"Value":15000},{"Length":15,"Height":75,"Demand":3,"DemandMax":null,"Value":1125},{"Length":75,"Height":75,"Demand":3,"DemandMax":null,"Value":5625},{"Length":50,"Height":50,"Demand":3,"DemandMax":null,"Value":2500},{"Length":50,"Height":125,"Demand":4,"DemandMax":null,"Value":6250},{"Length":75,"Height":50,"Demand":6,"DemandMax":null,"Value":3750},{"Length":50,"Height":100,"Demand":8,"DemandMax":null,"Value":5000},{"Length":75,"Height":100,"Demand":14,"DemandMax":null,"Value":7500}]}