{"Name":"Path25i2b3","Objects":[{"Length":1000,"Height":433,"Stock":6,"Cost":433000},{"Length":1000,"Height":567,"Stock":2,"Cost":567000}],"Items":[{"Length":360,"Height":433,"Demand":1,"DemandMax":null,"Value":155880},{"Length":425,"Height":367,"Demand":1,"DemandMax":null,"Value":155975},{"Length":326,"Height":226,"Demand":1,"DemandMax":null,"Value":73676},{"Length":162,"Height":284,"Demand":1,"DemandMax":null,"Value":46008},{"Length":349,"Height":2,"Demand":1,"DemandMax":null,"Value":698},{"Length":35,"Height":49,"Demand":1,"DemandMax":null,"Value":1715},{"Length":64,"Height":334,"Demand":1,"DemandMax":null,"Value":21376},{"Length":87,"Height":27,"Demand":1,"DemandMax":null,"Value":2349},{"Length":50,"Height":156,"Demand":1,"DemandMax":null,"Value":7800},{"Length":71,"Height":6,"Demand":1,"DemandMax":null,"Value":426},{"Length":255,"Height":5,"Demand":1,"DemandMax":null,"Value":1275},{"Length":425,"Height":200,"Demand":1,"DemandMax":null,"Value":85000},{"Length":162,"Height":55,"Demand":1,"DemandMax":null,"Value":8910},{"Length":71,"Height":1,"Demand":1,"DemandMax":null,"Value":71},{"Length":407,"Height":433,"Demand":1,"DemandMax":null,"Value":176231},{"Length":255,"Height":2,"Demand":1,"DemandMax":null,"Value":510},{"Length":35,"Height":107,"Demand":1,"DemandMax":null,"Value":3745},{"Length":349,"Height":332,"Demand":1,"DemandMax":null,"Value":115868},{"Length":153,"Height":231,"Demand":1,"DemandMax":null,"Value":35343},{"Length":2,"Height":156,"Demand":1,"DemandMax":null,"Value":312},{"Length":162,"Height":103,"Demand":1,"DemandMax":null,"Value":16686},{"Length":153,"Height":202,"Demand":1,"DemandMax":null,"Value":30906},{"Length":87,"Height":50,"Demand":1,"DemandMax":null,"Value":4350},{"Length":80,"Height":433,"Demand":1,"DemandMax":null,"Value":34640},{"Length":162,"Height":125,"Demand":1,"DemandMax":null,"Value":20250}]}