{"Name":"Nice500i4b4","Objects":[{"Length":423,"Height":292,"Stock":6,"Cost":123516},{"Length":410,"Height":708,"Stock":6,"Cost":290280},{"Length":577,"Height":292,"Stock":4,"Cost":168484},{"Length":590,"Height":708,"Stock":1,"Cost":417720}],"Items":[{"Length":54,"Height":31,"Demand":1,"DemandMax":null,"Value":1674},{"Length":37,"Height":45,"Demand":1,"DemandMax":null,"Value":1665},{"Length":46,"Height":43,"Demand":1,"DemandMax":null,"Value":1978},{"Length":43,"Height":40,"Demand":1,"DemandMax":null,"Value":1720},{"Length":86,"Height":72,"Demand":1,"DemandMax":null,"Value":6192},{"Length":39,"Height":46,"Demand":1,"DemandMax":null,"Value":1794},{"Length":22,"Height":76,"Demand":3,"DemandMax":null,"Value":1672},{"Length":37,"Height":54,"Demand":2,"DemandMax":null,"Value":1998},{"Length":49,"Height":66,"Demand":1,"DemandMax":null,"Value":3234},{"Length":45,"Height":59,"Demand":1,"DemandMax":null,"Value":2655},{"Length":56,"Height":29,"Demand":1,"DemandMax":null,"Value":1624},{"Length":41,"Height":42,"Demand":1,"DemandMax":null,"Value":1722},{"Length":27,"Height":61,"Demand":1,"DemandMax":null,"Value":1647},{"Length":23,"Height":72,"Demand":1,"DemandMax":null,"Value":1656},{"Length":48,"Height":39,"Demand":1,"DemandMax":null,"Value":1872},{"Length":51,"Height":47,"Demand":1,"DemandMax":null,"Value":2397},{"Length":31,"Height":85,"Demand":1,"DemandMax":null,"Value":2635},{"Length":41,"Height":33,"Demand":1,"DemandMax":null,"Value":1353},{"Length":85,"Height":40,"Demand":1,"DemandMax":null,"Value":3400},{"Length":72,"Height":52,"Demand":1,"DemandMax":null,"Value":3744},{"Length":50,"Height":50,"Demand":1,"DemandMax":null,"Value":2500},{"Length":31,"Height":77,"Demand":1,"DemandMax":null,"Value":2387},{"Length":26,"Height":69,"Demand":1,"DemandMax":null,"Value":1794},{"Length":86,"Height":36,"Demand":1,"DemandMax":null,"Value":3096},{"Length":77,"Height":21,"Demand":1,"DemandMax":null,"Value":1617},{"Length":55,"Height":32,"Demand":1,"DemandMax":null,"Value":1760},{"Length":43,"Height":45,"Demand":2,"DemandMax":null,"Value":1935},{"Length":22,"Height":36,"Demand":1,"DemandMax":null,"Value":792},{"Length":39,"Height":49,"Demand":1,"DemandMax":null,"Value":1911},{"Length":82,"Height":25,"Demand":1,"DemandMax":null,"Value":2050},{"Length":51,"Height":32,"Demand":2,"DemandMax":null,"Value":1632},{"Length":47,"Height":39,"Demand":1,"DemandMax":null,"Value":1833},{"Length":61,"Height":42,"Demand":1,"DemandMax":null,"Value":2562},{"Length":105,"Height":31,"Demand":1,"DemandMax":null,"Value":3255},{"Length":20,"Height":42,"Demand":1,"DemandMax":null,"Value":840},{"Length":61,"Height":33,"Demand":1,"DemandMax":null,"Value":2013},{"Length":17,"Height":45,"Demand":1,"DemandMax":null,"Value":765},{"Length":55,"Height":33,"Demand":1,"DemandMax":null,"Value":1815},{"Length":67,"Height":34,"Demand":1,"DemandMax":null,"Value":2278},{"Length":47,"Height":35,"Demand":1,"DemandMax":null,"Value":1645},{"Length":96,"Height":34,"Demand":1,"DemandMax":null,"Value":3264},{"Length":60,"Height":32,"Demand":1,"DemandMax":null,"Value":1920},{"Length":32,"Height":25,"Demand":2,"DemandMax":null,"Value":800},{"Length":30,"Height":28,"Demand":2,"DemandMax":null,"Value":840},{"Length":52,"Height":37,"Demand":2,"DemandMax":null,"Value":1924},{"Length":89,"Height":24,"Demand":1,"DemandMax":null,"Value":2136},{"Length":29,"Height":75,"Demand":1,"DemandMax":null,"Value":2175},{"Length":41,"Height":92,"Demand":1,"DemandMax":null,"Value":3772},{"Length":49,"Height":39,"Demand":1,"DemandMax":null,"Value":1911},{"Length":70,"Height":26,"Demand":1,"DemandMax":null,"Value":1820},{"Length":35,"Height":24,"Demand":1,"DemandMax":null,"Value":840},{"Length":99,"Height":31,"Demand":1,"DemandMax":null,"Value":3069},{"Length":56,"Height":57,"Demand":1,"DemandMax":null,"Value":3192},{"Length":97,"Height":31,"Demand":1,"DemandMax":null,"Value":3007},{"Length":60,"Height":38,"Demand":1,"DemandMax":null,"Value":2280},{"Length":39,"Height":58,"Demand":1,"DemandMax":null,"Value":2262},{"Length":27,"Height":32,"Demand":2,"DemandMax":null,"Value":864},{"Length":51,"Height":33,"Demand":2,"DemandMax":null,"Value":1683},{"Length":46,"Height":36,"Demand":2,"DemandMax":null,"Value":1656},{"Length":43,"Height":39,"Demand":1,"DemandMax":null,"Value":1677},{"Length":30,"Height":30,"Demand":1,"DemandMax":null,"Value":900},{"Length":36,"Height":89,"Demand":1,"DemandMax":null,"Value":3204},{"Length":33,"Height":60,"Demand":1,"DemandMax":null,"Value":1980},{"Length":21,"Height":61,"Demand":1,"DemandMax":null,"Value":1281},{"Length":44,"Height":54,"Demand":2,"DemandMax":null,"Value":2376},{"Length":44,"Height":49,"Demand":2,"DemandMax":null,"Value":2156},{"Length":47,"Height":43,"Demand":1,"DemandMax":null,"Value":2021},{"Length":42,"Height":72,"Demand":1,"DemandMax":null,"Value":3024},{"Length":43,"Height":47,"Demand":2,"DemandMax":null,"Value":2021},{"Length":55,"Height":35,"Demand":1,"DemandMax":null,"Value":1925},{"Length":29,"Height":48,"Demand":1,"DemandMax":null,"Value":1392},{"Length":77,"Height":29,"Demand":1,"DemandMax":null,"Value":2233},{"Length":64,"Height":43,"Demand":1,"DemandMax":null,"Value":2752},{"Length":22,"Height":81,"Demand":2,"DemandMax":null,"Value":1782},{"Length":47,"Height":64,"Demand":1,"DemandMax":null,"Value":3008},{"Length":39,"Height":24,"Demand":1,"DemandMax":null,"Value":936},{"Length":62,"Height":62,"Demand":1,"DemandMax":null,"Value":3844},{"Length":58,"Height":40,"Demand":1,"DemandMax":null,"Value":2320},{"Length":26,"Height":102,"Demand":1,"DemandMax":null,"Value":2652},{"Length":50,"Height":44,"Demand":1,"DemandMax":null,"Value":2200},{"Length":21,"Height":53,"Demand":1,"DemandMax":null,"Value":1113},{"Length":66,"Height":35,"Demand":1,"DemandMax":null,"Value":2310},{"Length":31,"Height":29,"Demand":1,"DemandMax":null,"Value":899},{"Length":48,"Height":50,"Demand":1,"DemandMax":null,"Value":2400},{"Length":92,"Height":23,"Demand":1,"DemandMax":null,"Value":2116},{"Length":50,"Height":36,"Demand":1,"DemandMax":null,"Value":1800},{"Length":41,"Height":49,"Demand":2,"DemandMax":null,"Value":2009},{"Length":101,"Height":30,"Demand":1,"DemandMax":null,"Value":3030},{"Length":41,"Height":102,"Demand":1,"DemandMax":null,"Value":4182},{"Length":40,"Height":53,"Demand":1,"DemandMax":null,"Value":2120},{"Length":72,"Height":32,"Demand":2,"DemandMax":null,"Value":2304},{"Length":30,"Height":54,"Demand":4,"DemandMax":null,"Value":1620},{"Length":18,"Height":51,"Demand":1,"DemandMax":null,"Value":918},{"Length":60,"Height":26,"Demand":1,"DemandMax":null,"Value":1560},{"Length":40,"Height":75,"Demand":1,"DemandMax":null,"Value":3000},{"Length":50,"Height":69,"Demand":1,"DemandMax":null,"Value":3450},{"Length":32,"Height":28,"Demand":1,"DemandMax":null,"Value":896},{"Length":66,"Height":26,"Demand":1,"DemandMax":null,"Value":1716},{"Length":50,"Height":79,"Demand":1,"DemandMax":null,"Value":3950},{"Length":49,"Height":36,"Demand":1,"DemandMax":null,"Value":1764},{"Length":44,"Height":52,"Demand":1,"DemandMax":null,"Value":2288},{"Length":111,"Height":30,"Demand":1,"DemandMax":null,"Value":3330},{"Length":29,"Height":95,"Demand":1,"DemandMax":null,"Value":2755},{"Length":56,"Height":35,"Demand":1,"DemandMax":null,"Value":1960},{"Length":50,"Height":77,"Demand":1,"DemandMax":null,"Value":3850},{"Length":45,"Height":56,"Demand":1,"DemandMax":null,"Value":2520},{"Length":44,"Height":40,"Demand":2,"DemandMax":null,"Value":1760},{"Length":60,"Height":33,"Demand":2,"DemandMax":null,"Value":1980},{"Length":45,"Height":45,"Demand":1,"DemandMax":null,"Value":2025},{"Length":46,"Height":37,"Demand":2,"DemandMax":null,"Value":1702},{"Length":96,"Height":32,"Demand":1,"DemandMax":null,"Value":3072},{"Length":60,"Height":23,"Demand":2,"DemandMax":null,"Value":1380},{"Length":53,"Height":28,"Demand":2,"DemandMax":null,"Value":1484},{"Length":56,"Height":33,"Demand":2,"DemandMax":null,"Value":1848},{"Length":45,"Height":37,"Demand":1,"DemandMax":null,"Value":1665},{"Length":25,"Height":81,"Demand":1,"DemandMax":null,"Value":2025},{"Length":24,"Height":92,"Demand":1,"DemandMax":null,"Value":2208},{"Length":78,"Height":46,"Demand":1,"DemandMax":null,"Value":3588},{"Length":15,"Height":52,"Demand":1,"DemandMax":null,"Value":780},{"Length":50,"Height":47,"Demand":1,"DemandMax":null,"Value":2350},{"Length":31,"Height":120,"Demand":1,"DemandMax":null,"Value":3720},{"Length":53,"Height":34,"Demand":2,"DemandMax":null,"Value":1802},{"Length":37,"Height":64,"Demand":1,"DemandMax":null,"Value":2368},{"Length":50,"Height":21,"Demand":2,"DemandMax":null,"Value":1050},{"Length":39,"Height":52,"Demand":1,"DemandMax":null,"Value":2028},{"Length":46,"Height":21,"Demand":1,"DemandMax":null,"Value":966},{"Length":26,"Height":101,"Demand":1,"DemandMax":null,"Value":2626},{"Length":51,"Height":44,"Demand":1,"DemandMax":null,"Value":2244},{"Length":28,"Height":103,"Demand":1,"DemandMax":null,"Value":2884},{"Length":26,"Height":63,"Demand":1,"DemandMax":null,"Value":1638},{"Length":58,"Height":33,"Demand":2,"DemandMax":null,"Value":1914},{"Length":64,"Height":36,"Demand":1,"DemandMax":null,"Value":2304},{"Length":22,"Height":83,"Demand":2,"DemandMax":null,"Value":1826},{"Length":64,"Height":35,"Demand":1,"DemandMax":null,"Value":2240},{"Length":30,"Height":31,"Demand":1,"DemandMax":null,"Value":930},{"Length":38,"Height":81,"Demand":1,"DemandMax":null,"Value":3078},{"Length":25,"Height":32,"Demand":1,"DemandMax":null,"Value":800},{"Length":52,"Height":41,"Demand":1,"DemandMax":null,"Value":2132},{"Length":80,"Height":21,"Demand":1,"DemandMax":null,"Value":1680},{"Length":64,"Height":37,"Demand":1,"DemandMax":null,"Value":2368},{"Length":20,"Height":47,"Demand":1,"DemandMax":null,"Value":940},{"Length":85,"Height":31,"Demand":1,"DemandMax":null,"Value":2635},{"Length":93,"Height":25,"Demand":1,"DemandMax":null,"Value":2325},{"Length":53,"Height":51,"Demand":1,"DemandMax":null,"Value":2703},{"Length":21,"Height":38,"Demand":1,"DemandMax":null,"Value":798},{"Length":38,"Height":77,"Demand":1,"DemandMax":null,"Value":2926},{"Length":85,"Height":35,"Demand":1,"DemandMax":null,"Value":2975},{"Length":50,"Height":58,"Demand":1,"DemandMax":null,"Value":2900},{"Length":85,"Height":23,"Demand":1,"DemandMax":null,"Value":1955},{"Length":56,"Height":23,"Demand":1,"DemandMax":null,"Value":1288},{"Length":24,"Height":43,"Demand":1,"DemandMax":null,"Value":1032},{"Length":50,"Height":56,"Demand":1,"DemandMax":null,"Value":2800},{"Length":38,"Height":64,"Demand":1,"DemandMax":null,"Value":2432},{"Length":89,"Height":31,"Demand":1,"DemandMax":null,"Value":2759},{"Length":57,"Height":32,"Demand":1,"DemandMax":null,"Value":1824},{"Length":66,"Height":40,"Demand":1,"DemandMax":null,"Value":2640},{"Length":52,"Height":59,"Demand":1,"DemandMax":null,"Value":3068},{"Length":95,"Height":60,"Demand":1,"DemandMax":null,"Value":5700},{"Length":72,"Height":59,"Demand":1,"DemandMax":null,"Value":4248},{"Length":86,"Height":29,"Demand":1,"DemandMax":null,"Value":2494},{"Length":26,"Height":52,"Demand":1,"DemandMax":null,"Value":1352},{"Length":49,"Height":17,"Demand":1,"DemandMax":null,"Value":833},{"Length":54,"Height":30,"Demand":1,"DemandMax":null,"Value":1620},{"Length":48,"Height":17,"Demand":2,"DemandMax":null,"Value":816},{"Length":36,"Height":39,"Demand":1,"DemandMax":null,"Value":1404},{"Length":54,"Height":33,"Demand":3,"DemandMax":null,"Value":1782},{"Length":56,"Height":14,"Demand":1,"DemandMax":null,"Value":784},{"Length":52,"Height":44,"Demand":1,"DemandMax":null,"Value":2288},{"Length":50,"Height":42,"Demand":1,"DemandMax":null,"Value":2100},{"Length":52,"Height":39,"Demand":2,"DemandMax":null,"Value":2028},{"Length":40,"Height":40,"Demand":1,"DemandMax":null,"Value":1600},{"Length":20,"Height":44,"Demand":1,"DemandMax":null,"Value":880},{"Length":27,"Height":71,"Demand":1,"DemandMax":null,"Value":1917},{"Length":55,"Height":108,"Demand":1,"DemandMax":null,"Value":5940},{"Length":58,"Height":34,"Demand":1,"DemandMax":null,"Value":1972},{"Length":42,"Height":31,"Demand":1,"DemandMax":null,"Value":1302},{"Length":49,"Height":53,"Demand":1,"DemandMax":null,"Value":2597},{"Length":23,"Height":75,"Demand":1,"DemandMax":null,"Value":1725},{"Length":16,"Height":60,"Demand":1,"DemandMax":null,"Value":960},{"Length":27,"Height":74,"Demand":1,"DemandMax":null,"Value":1998},{"Length":29,"Height":106,"Demand":1,"DemandMax":null,"Value":3074},{"Length":29,"Height":68,"Demand":1,"DemandMax":null,"Value":1972},{"Length":20,"Height":72,"Demand":1,"DemandMax":null,"Value":1440},{"Length":25,"Height":38,"Demand":1,"DemandMax":null,"Value":950},{"Length":39,"Height":77,"Demand":2,"DemandMax":null,"Value":3003},{"Length":52,"Height":31,"Demand":1,"DemandMax":null,"Value":1612},{"Length":48,"Height":34,"Demand":5,"DemandMax":null,"Value":1632},{"Length":41,"Height":73,"Demand":1,"DemandMax":null,"Value":2993},{"Length":41,"Height":20,"Demand":1,"DemandMax":null,"Value":820},{"Length":23,"Height":35,"Demand":1,"DemandMax":null,"Value":805},{"Length":44,"Height":37,"Demand":1,"DemandMax":null,"Value":1628},{"Length":61,"Height":52,"Demand":1,"DemandMax":null,"Value":3172},{"Length":64,"Height":41,"Demand":1,"DemandMax":null,"Value":2624},{"Length":45,"Height":71,"Demand":1,"DemandMax":null,"Value":3195},{"Length":41,"Height":50,"Demand":1,"DemandMax":null,"Value":2050},{"Length":28,"Height":58,"Demand":2,"DemandMax":null,"Value":1624},{"Length":42,"Height":49,"Demand":1,"DemandMax":null,"Value":2058},{"Length":22,"Height":35,"Demand":1,"DemandMax":null,"Value":770},{"Length":54,"Height":56,"Demand":2,"DemandMax":null,"Value":3024},{"Length":37,"Height":33,"Demand":2,"DemandMax":null,"Value":1221},{"Length":48,"Height":64,"Demand":1,"DemandMax":null,"Value":3072},{"Length":55,"Height":38,"Demand":1,"DemandMax":null,"Value":2090},{"Length":43,"Height":56,"Demand":1,"DemandMax":null,"Value":2408},{"Length":27,"Height":81,"Demand":1,"DemandMax":null,"Value":2187},{"Length":50,"Height":19,"Demand":1,"DemandMax":null,"Value":950},{"Length":45,"Height":69,"Demand":1,"DemandMax":null,"Value":3105},{"Length":52,"Height":47,"Demand":1,"DemandMax":null,"Value":2444},{"Length":85,"Height":27,"Demand":1,"DemandMax":null,"Value":2295},{"Length":56,"Height":39,"Demand":2,"DemandMax":null,"Value":2184},{"Length":32,"Height":92,"Demand":1,"DemandMax":null,"Value":2944},{"Length":61,"Height":37,"Demand":1,"DemandMax":null,"Value":2257},{"Length":54,"Height":47,"Demand":1,"DemandMax":null,"Value":2538},{"Length":58,"Height":16,"Demand":1,"DemandMax":null,"Value":928},{"Length":45,"Height":61,"Demand":1,"DemandMax":null,"Value":2745},{"Length":89,"Height":33,"Demand":1,"DemandMax":null,"Value":2937},{"Length":98,"Height":29,"Demand":1,"DemandMax":null,"Value":2842},{"Length":18,"Height":71,"Demand":1,"DemandMax":null,"Value":1278},{"Length":39,"Height":53,"Demand":1,"DemandMax":null,"Value":2067},{"Length":60,"Height":39,"Demand":1,"DemandMax":null,"Value":2340},{"Length":60,"Height":52,"Demand":1,"DemandMax":null,"Value":3120},{"Length":98,"Height":31,"Demand":1,"DemandMax":null,"Value":3038},{"Length":45,"Height":44,"Demand":1,"DemandMax":null,"Value":1980},{"Length":44,"Height":46,"Demand":1,"DemandMax":null,"Value":2024},{"Length":72,"Height":31,"Demand":1,"DemandMax":null,"Value":2232},{"Length":53,"Height":44,"Demand":2,"DemandMax":null,"Value":2332},{"Length":43,"Height":66,"Demand":1,"DemandMax":null,"Value":2838},{"Length":18,"Height":44,"Demand":2,"DemandMax":null,"Value":792},{"Length":32,"Height":62,"Demand":1,"DemandMax":null,"Value":1984},{"Length":45,"Height":27,"Demand":1,"DemandMax":null,"Value":1215},{"Length":46,"Height":59,"Demand":1,"DemandMax":null,"Value":2714},{"Length":67,"Height":46,"Demand":1,"DemandMax":null,"Value":3082},{"Length":43,"Height":49,"Demand":1,"DemandMax":null,"Value":2107},{"Length":50,"Height":59,"Demand":1,"DemandMax":null,"Value":2950},{"Length":83,"Height":35,"Demand":1,"DemandMax":null,"Value":2905},{"Length":62,"Height":33,"Demand":1,"DemandMax":null,"Value":2046},{"Length":21,"Height":39,"Demand":1,"DemandMax":null,"Value":819},{"Length":30,"Height":33,"Demand":1,"DemandMax":null,"Value":990},{"Length":61,"Height":53,"Demand":1,"DemandMax":null,"Value":3233},{"Length":67,"Height":33,"Demand":1,"DemandMax":null,"Value":2211},{"Length":38,"Height":45,"Demand":1,"DemandMax":null,"Value":1710},{"Length":40,"Height":41,"Demand":1,"DemandMax":null,"Value":1640},{"Length":115,"Height":48,"Demand":1,"DemandMax":null,"Value":5520},{"Length":77,"Height":35,"Demand":1,"DemandMax":null,"Value":2695},{"Length":62,"Height":32,"Demand":1,"DemandMax":null,"Value":1984},{"Length":111,"Height":29,"Demand":1,"DemandMax":null,"Value":3219},{"Length":22,"Height":42,"Demand":2,"DemandMax":null,"Value":924},{"Length":59,"Height":34,"Demand":1,"DemandMax":null,"Value":2006},{"Length":71,"Height":29,"Demand":1,"DemandMax":null,"Value":2059},{"Length":29,"Height":36,"Demand":1,"DemandMax":null,"Value":1044},{"Length":22,"Height":60,"Demand":1,"DemandMax":null,"Value":1320},{"Length":29,"Height":74,"Demand":1,"DemandMax":null,"Value":2146},{"Length":33,"Height":85,"Demand":1,"DemandMax":null,"Value":2805},{"Length":61,"Height":92,"Demand":1,"DemandMax":null,"Value":5612},{"Length":26,"Height":30,"Demand":1,"DemandMax":null,"Value":780},{"Length":34,"Height":75,"Demand":1,"DemandMax":null,"Value":2550},{"Length":45,"Height":47,"Demand":1,"DemandMax":null,"Value":2115},{"Length":24,"Height":61,"Demand":2,"DemandMax":null,"Value":1464},{"Length":23,"Height":71,"Demand":1,"DemandMax":null,"Value":1633},{"Length":40,"Height":24,"Demand":1,"DemandMax":null,"Value":960},{"Length":24,"Height":68,"Demand":1,"DemandMax":null,"Value":1632},{"Length":75,"Height":23,"Demand":1,"DemandMax":null,"Value":1725},{"Length":19,"Height":66,"Demand":1,"DemandMax":null,"Value":1254},{"Length":93,"Height":28,"Demand":1,"DemandMax":null,"Value":2604},{"Length":45,"Height":21,"Demand":1,"DemandMax":null,"Value":945},{"Length":48,"Height":53,"Demand":1,"DemandMax":null,"Value":2544},{"Length":38,"Height":71,"Demand":1,"DemandMax":null,"Value":2698},{"Length":39,"Height":45,"Demand":1,"DemandMax":null,"Value":1755},{"Length":49,"Height":37,"Demand":1,"DemandMax":null,"Value":1813},{"Length":49,"Height":61,"Demand":1,"DemandMax":null,"Value":2989},{"Length":82,"Height":35,"Demand":1,"DemandMax":null,"Value":2870},{"Length":27,"Height":101,"Demand":1,"DemandMax":null,"Value":2727},{"Length":27,"Height":36,"Demand":1,"DemandMax":null,"Value":972},{"Length":60,"Height":46,"Demand":1,"DemandMax":null,"Value":2760},{"Length":40,"Height":64,"Demand":1,"DemandMax":null,"Value":2560},{"Length":27,"Height":35,"Demand":2,"DemandMax":null,"Value":945},{"Length":46,"Height":48,"Demand":1,"DemandMax":null,"Value":2208},{"Length":50,"Height":40,"Demand":1,"DemandMax":null,"Value":2000},{"Length":28,"Height":102,"Demand":1,"DemandMax":null,"Value":2856},{"Length":49,"Height":64,"Demand":1,"DemandMax":null,"Value":3136},{"Length":73,"Height":35,"Demand":1,"DemandMax":null,"Value":2555},{"Length":39,"Height":68,"Demand":1,"DemandMax":null,"Value":2652},{"Length":66,"Height":63,"Demand":1,"DemandMax":null,"Value":4158},{"Length":60,"Height":48,"Demand":1,"DemandMax":null,"Value":2880},{"Length":49,"Height":50,"Demand":1,"DemandMax":null,"Value":2450},{"Length":56,"Height":69,"Demand":1,"DemandMax":null,"Value":3864},{"Length":92,"Height":28,"Demand":1,"DemandMax":null,"Value":2576},{"Length":35,"Height":54,"Demand":1,"DemandMax":null,"Value":1890},{"Length":44,"Height":121,"Demand":1,"DemandMax":null,"Value":5324},{"Length":23,"Height":81,"Demand":1,"DemandMax":null,"Value":1863},{"Length":71,"Height":32,"Demand":1,"DemandMax":null,"Value":2272},{"Length":24,"Height":81,"Demand":1,"DemandMax":null,"Value":1944},{"Length":81,"Height":30,"Demand":1,"DemandMax":null,"Value":2430},{"Length":53,"Height":37,"Demand":2,"DemandMax":null,"Value":1961},{"Length":36,"Height":23,"Demand":1,"DemandMax":null,"Value":828},{"Length":24,"Height":77,"Demand":1,"DemandMax":null,"Value":1848},{"Length":40,"Height":49,"Demand":1,"DemandMax":null,"Value":1960},{"Length":33,"Height":25,"Demand":1,"DemandMax":null,"Value":825},{"Length":23,"Height":40,"Demand":1,"DemandMax":null,"Value":920},{"Length":54,"Height":38,"Demand":2,"DemandMax":null,"Value":2052},{"Length":20,"Height":39,"Demand":1,"DemandMax":null,"Value":780},{"Length":17,"Height":63,"Demand":2,"DemandMax":null,"Value":1071},{"Length":55,"Height":17,"Demand":1,"DemandMax":null,"Value":935},{"Length":54,"Height":34,"Demand":1,"DemandMax":null,"Value":1836},{"Length":38,"Height":50,"Demand":1,"DemandMax":null,"Value":1900},{"Length":27,"Height":76,"Demand":1,"DemandMax":null,"Value":2052},{"Length":24,"Height":32,"Demand":1,"DemandMax":null,"Value":768},{"Length":24,"Height":69,"Demand":1,"DemandMax":null,"Value":1656},{"Length":49,"Height":65,"Demand":1,"DemandMax":null,"Value":3185},{"Length":52,"Height":33,"Demand":1,"DemandMax":null,"Value":1716},{"Length":54,"Height":37,"Demand":1,"DemandMax":null,"Value":1998},{"Length":89,"Height":28,"Demand":1,"DemandMax":null,"Value":2492},{"Length":35,"Height":80,"Demand":1,"DemandMax":null,"Value":2800},{"Length":47,"Height":45,"Demand":1,"DemandMax":null,"Value":2115},{"Length":44,"Height":41,"Demand":1,"DemandMax":null,"Value":1804},{"Length":33,"Height":29,"Demand":1,"DemandMax":null,"Value":957},{"Length":51,"Height":36,"Demand":1,"DemandMax":null,"Value":1836},{"Length":34,"Height":32,"Demand":3,"DemandMax":null,"Value":1088},{"Length":75,"Height":30,"Demand":1,"DemandMax":null,"Value":2250},{"Length":52,"Height":34,"Demand":1,"DemandMax":null,"Value":1768},{"Length":57,"Height":35,"Demand":1,"DemandMax":null,"Value":1995},{"Length":64,"Height":63,"Demand":1,"DemandMax":null,"Value":4032},{"Length":22,"Height":73,"Demand":1,"DemandMax":null,"Value":1606},{"Length":36,"Height":83,"Demand":1,"DemandMax":null,"Value":2988},{"Length":42,"Height":77,"Demand":1,"DemandMax":null,"Value":3234},{"Length":100,"Height":38,"Demand":1,"DemandMax":null,"Value":3800},{"Length":17,"Height":48,"Demand":1,"DemandMax":null,"Value":816},{"Length":81,"Height":31,"Demand":1,"DemandMax":null,"Value":2511},{"Length":51,"Height":45,"Demand":1,"DemandMax":null,"Value":2295},{"Length":45,"Height":40,"Demand":1,"DemandMax":null,"Value":1800},{"Length":36,"Height":66,"Demand":1,"DemandMax":null,"Value":2376},{"Length":56,"Height":16,"Demand":1,"DemandMax":null,"Value":896},{"Length":25,"Height":71,"Demand":2,"DemandMax":null,"Value":1775},{"Length":28,"Height":32,"Demand":1,"DemandMax":null,"Value":896},{"Length":77,"Height":28,"Demand":1,"DemandMax":null,"Value":2156},{"Length":57,"Height":30,"Demand":1,"DemandMax":null,"Value":1710},{"Length":53,"Height":35,"Demand":1,"DemandMax":null,"Value":1855},{"Length":59,"Height":36,"Demand":1,"DemandMax":null,"Value":2124},{"Length":37,"Height":50,"Demand":1,"DemandMax":null,"Value":1850},{"Length":51,"Height":90,"Demand":1,"DemandMax":null,"Value":4590},{"Length":46,"Height":103,"Demand":1,"DemandMax":null,"Value":4738},{"Length":27,"Height":31,"Demand":1,"DemandMax":null,"Value":837},{"Length":64,"Height":29,"Demand":1,"DemandMax":null,"Value":1856},{"Length":27,"Height":75,"Demand":1,"DemandMax":null,"Value":2025},{"Length":50,"Height":39,"Demand":1,"DemandMax":null,"Value":1950},{"Length":51,"Height":30,"Demand":1,"DemandMax":null,"Value":1530},{"Length":34,"Height":69,"Demand":1,"DemandMax":null,"Value":2346},{"Length":71,"Height":21,"Demand":1,"DemandMax":null,"Value":1491},{"Length":35,"Height":62,"Demand":1,"DemandMax":null,"Value":2170},{"Length":53,"Height":39,"Demand":1,"DemandMax":null,"Value":2067},{"Length":27,"Height":55,"Demand":1,"DemandMax":null,"Value":1485},{"Length":43,"Height":18,"Demand":1,"DemandMax":null,"Value":774},{"Length":58,"Height":47,"Demand":1,"DemandMax":null,"Value":2726},{"Length":35,"Height":52,"Demand":1,"DemandMax":null,"Value":1820},{"Length":37,"Height":58,"Demand":1,"DemandMax":null,"Value":2146},{"Length":45,"Height":42,"Demand":1,"DemandMax":null,"Value":1890},{"Length":25,"Height":68,"Demand":1,"DemandMax":null,"Value":1700},{"Length":53,"Height":31,"Demand":1,"DemandMax":null,"Value":1643},{"Length":68,"Height":37,"Demand":1,"DemandMax":null,"Value":2516},{"Length":57,"Height":34,"Demand":1,"DemandMax":null,"Value":1938},{"Length":44,"Height":53,"Demand":1,"DemandMax":null,"Value":2332},{"Length":39,"Height":66,"Demand":1,"DemandMax":null,"Value":2574},{"Length":49,"Height":34,"Demand":1,"DemandMax":null,"Value":1666},{"Length":78,"Height":42,"Demand":1,"DemandMax":null,"Value":3276},{"Length":51,"Height":46,"Demand":1,"DemandMax":null,"Value":2346},{"Length":66,"Height":46,"Demand":2,"DemandMax":null,"Value":3036},{"Length":15,"Height":60,"Demand":1,"DemandMax":null,"Value":900},{"Length":100,"Height":39,"Demand":1,"DemandMax":null,"Value":3900},{"Length":55,"Height":36,"Demand":1,"DemandMax":null,"Value":1980},{"Length":46,"Height":67,"Demand":1,"DemandMax":null,"Value":3082},{"Length":55,"Height":58,"Demand":1,"DemandMax":null,"Value":3190},{"Length":44,"Height":55,"Demand":1,"DemandMax":null,"Value":2420},{"Length":56,"Height":24,"Demand":1,"DemandMax":null,"Value":1344},{"Length":23,"Height":60,"Demand":1,"DemandMax":null,"Value":1380},{"Length":51,"Height":39,"Demand":1,"DemandMax":null,"Value":1989},{"Length":28,"Height":52,"Demand":1,"DemandMax":null,"Value":1456},{"Length":73,"Height":21,"Demand":2,"DemandMax":null,"Value":1533},{"Length":99,"Height":58,"Demand":1,"DemandMax":null,"Value":5742},{"Length":34,"Height":51,"Demand":1,"DemandMax":null,"Value":1734},{"Length":47,"Height":25,"Demand":1,"DemandMax":null,"Value":1175},{"Length":41,"Height":55,"Demand":1,"DemandMax":null,"Value":2255},{"Length":26,"Height":36,"Demand":1,"DemandMax":null,"Value":936},{"Length":24,"Height":40,"Demand":1,"DemandMax":null,"Value":960},{"Length":56,"Height":50,"Demand":1,"DemandMax":null,"Value":2800},{"Length":22,"Height":47,"Demand":1,"DemandMax":null,"Value":1034},{"Length":23,"Height":66,"Demand":1,"DemandMax":null,"Value":1518},{"Length":32,"Height":38,"Demand":1,"DemandMax":null,"Value":1216},{"Length":24,"Height":39,"Demand":1,"DemandMax":null,"Value":936},{"Length":26,"Height":44,"Demand":1,"DemandMax":null,"Value":1144},{"Length":24,"Height":47,"Demand":1,"DemandMax":null,"Value":1128},{"Length":54,"Height":44,"Demand":1,"DemandMax":null,"Value":2376},{"Length":43,"Height":33,"Demand":1,"DemandMax":null,"Value":1419},{"Length":49,"Height":28,"Demand":1,"DemandMax":null,"Value":1372},{"Length":23,"Height":36,"Demand":1,"DemandMax":null,"Value":828},{"Length":21,"Height":44,"Demand":1,"DemandMax":null,"Value":924},{"Length":50,"Height":16,"Demand":1,"DemandMax":null,"Value":800},{"Length":32,"Height":35,"Demand":1,"DemandMax":null,"Value":1120},{"Length":28,"Height":53,"Demand":1,"DemandMax":null,"Value":1484},{"Length":36,"Height":50,"Demand":1,"DemandMax":null,"Value":1800},{"Length":79,"Height":29,"Demand":1,"DemandMax":null,"Value":2291},{"Length":29,"Height":39,"Demand":1,"DemandMax":null,"Value":1131},{"Length":27,"Height":41,"Demand":1,"DemandMax":null,"Value":1107},{"Length":30,"Height":40,"Demand":2,"DemandMax":null,"Value":1200},{"Length":39,"Height":36,"Demand":1,"DemandMax":null,"Value":1404},{"Length":58,"Height":18,"Demand":1,"DemandMax":null,"Value":1044},{"Length":45,"Height":49,"Demand":1,"DemandMax":null,"Value":2205},{"Length":27,"Height":45,"Demand":1,"DemandMax":null,"Value":1215},{"Length":30,"Height":34,"Demand":1,"DemandMax":null,"Value":1020},{"Length":36,"Height":28,"Demand":1,"DemandMax":null,"Value":1008},{"Length":47,"Height":28,"Demand":1,"DemandMax":null,"Value":1316},{"Length":56,"Height":20,"Demand":1,"DemandMax":null,"Value":1120},{"Length":45,"Height":26,"Demand":1,"DemandMax":null,"Value":1170},{"Length":32,"Height":32,"Demand":1,"DemandMax":null,"Value":1024},{"Length":22,"Height":44,"Demand":1,"DemandMax":null,"Value":968},{"Length":41,"Height":40,"Demand":1,"DemandMax":null,"Value":1640},{"Length":30,"Height":37,"Demand":1,"DemandMax":null,"Value":1110},{"Length":47,"Height":24,"Demand":1,"DemandMax":null,"Value":1128},{"Length":29,"Height":58,"Demand":1,"DemandMax":null,"Value":1682},{"Length":25,"Height":61,"Demand":1,"DemandMax":null,"Value":1525},{"Length":46,"Height":22,"Demand":1,"DemandMax":null,"Value":1012},{"Length":24,"Height":44,"Demand":1,"DemandMax":null,"Value":1056},{"Length":31,"Height":39,"Demand":1,"DemandMax":null,"Value":1209},{"Length":50,"Height":20,"Demand":1,"DemandMax":null,"Value":1000},{"Length":43,"Height":38,"Demand":1,"DemandMax":null,"Value":1634},{"Length":22,"Height":37,"Demand":1,"DemandMax":null,"Value":814},{"Length":37,"Height":29,"Demand":1,"DemandMax":null,"Value":1073},{"Length":49,"Height":60,"Demand":1,"DemandMax":null,"Value":2940},{"Length":37,"Height":32,"Demand":1,"DemandMax":null,"Value":1184},{"Length":46,"Height":24,"Demand":1,"DemandMax":null,"Value":1104},{"Length":36,"Height":60,"Demand":1,"DemandMax":null,"Value":2160},{"Length":24,"Height":72,"Demand":1,"DemandMax":null,"Value":1728},{"Length":61,"Height":31,"Demand":1,"DemandMax":null,"Value":1891},{"Length":19,"Height":71,"Demand":1,"DemandMax":null,"Value":1349},{"Length":61,"Height":38,"Demand":1,"DemandMax":null,"Value":2318},{"Length":22,"Height":48,"Demand":1,"DemandMax":null,"Value":1056},{"Length":55,"Height":22,"Demand":1,"DemandMax":null,"Value":1210},{"Length":37,"Height":36,"Demand":1,"DemandMax":null,"Value":1332},{"Length":43,"Height":32,"Demand":1,"DemandMax":null,"Value":1376},{"Length":24,"Height":35,"Demand":1,"DemandMax":null,"Value":840},{"Length":29,"Height":42,"Demand":1,"DemandMax":null,"Value":1218},{"Length":45,"Height":52,"Demand":1,"DemandMax":null,"Value":2340},{"Length":72,"Height":39,"Demand":1,"DemandMax":null,"Value":2808},{"Length":50,"Height":33,"Demand":1,"DemandMax":null,"Value":1650},{"Length":35,"Height":27,"Demand":1,"DemandMax":null,"Value":945}]}