{"Name":"Path300i6b3","Objects":[{"Length":553,"Height":243,"Stock":6,"Cost":134379},{"Length":502,"Height":409,"Stock":1,"Cost":205318},{"Length":447,"Height":310,"Stock":2,"Cost":138570},{"Length":498,"Height":409,"Stock":4,"Cost":203682},{"Length":553,"Height":348,"Stock":6,"Cost":192444},{"Length":447,"Height":281,"Stock":6,"Cost":125607}],"Items":[{"Length":21,"Height":12,"Demand":1,"DemandMax":null,"Value":252},{"Length":224,"Height":186,"Demand":1,"DemandMax":null,"Value":41664},{"Length":210,"Height":70,"Demand":1,"DemandMax":null,"Value":14700},{"Length":221,"Height":177,"Demand":1,"DemandMax":null,"Value":39117},{"Length":204,"Height":161,"Demand":1,"DemandMax":null,"Value":32844},{"Length":205,"Height":6,"Demand":1,"DemandMax":null,"Value":1230},{"Length":20,"Height":56,"Demand":1,"DemandMax":null,"Value":1120},{"Length":3,"Height":15,"Demand":1,"DemandMax":null,"Value":45},{"Length":125,"Height":133,"Demand":1,"DemandMax":null,"Value":16625},{"Length":20,"Height":58,"Demand":1,"DemandMax":null,"Value":1160},{"Length":169,"Height":150,"Demand":1,"DemandMax":null,"Value":25350},{"Length":91,"Height":6,"Demand":1,"DemandMax":null,"Value":546},{"Length":70,"Height":202,"Demand":1,"DemandMax":null,"Value":14140},{"Length":1,"Height":1,"Demand":17,"DemandMax":null,"Value":1},{"Length":198,"Height":225,"Demand":1,"DemandMax":null,"Value":44550},{"Length":20,"Height":21,"Demand":1,"DemandMax":null,"Value":420},{"Length":193,"Height":75,"Demand":1,"DemandMax":null,"Value":14475},{"Length":193,"Height":8,"Demand":1,"DemandMax":null,"Value":1544},{"Length":10,"Height":24,"Demand":1,"DemandMax":null,"Value":240},{"Length":78,"Height":207,"Demand":1,"DemandMax":null,"Value":16146},{"Length":205,"Height":44,"Demand":1,"DemandMax":null,"Value":9020},{"Length":35,"Height":44,"Demand":1,"DemandMax":null,"Value":1540},{"Length":70,"Height":182,"Demand":1,"DemandMax":null,"Value":12740},{"Length":72,"Height":1,"Demand":1,"DemandMax":null,"Value":72},{"Length":96,"Height":1,"Demand":2,"DemandMax":null,"Value":96},{"Length":6,"Height":1,"Demand":4,"DemandMax":null,"Value":6},{"Length":11,"Height":1,"Demand":1,"DemandMax":null,"Value":11},{"Length":237,"Height":56,"Demand":1,"DemandMax":null,"Value":13272},{"Length":23,"Height":1,"Demand":3,"DemandMax":null,"Value":23},{"Length":34,"Height":3,"Demand":1,"DemandMax":null,"Value":102},{"Length":91,"Height":146,"Demand":1,"DemandMax":null,"Value":13286},{"Length":210,"Height":240,"Demand":1,"DemandMax":null,"Value":50400},{"Length":25,"Height":56,"Demand":1,"DemandMax":null,"Value":1400},{"Length":73,"Height":59,"Demand":1,"DemandMax":null,"Value":4307},{"Length":69,"Height":2,"Demand":2,"DemandMax":null,"Value":138},{"Length":5,"Height":1,"Demand":3,"DemandMax":null,"Value":5},{"Length":7,"Height":5,"Demand":1,"DemandMax":null,"Value":35},{"Length":157,"Height":96,"Demand":1,"DemandMax":null,"Value":15072},{"Length":30,"Height":150,"Demand":1,"DemandMax":null,"Value":4500},{"Length":8,"Height":1,"Demand":3,"DemandMax":null,"Value":8},{"Length":193,"Height":13,"Demand":1,"DemandMax":null,"Value":2509},{"Length":1,"Height":5,"Demand":1,"DemandMax":null,"Value":5},{"Length":142,"Height":19,"Demand":1,"DemandMax":null,"Value":2698},{"Length":40,"Height":4,"Demand":1,"DemandMax":null,"Value":160},{"Length":29,"Height":55,"Demand":1,"DemandMax":null,"Value":1595},{"Length":107,"Height":243,"Demand":1,"DemandMax":null,"Value":26001},{"Length":14,"Height":1,"Demand":2,"DemandMax":null,"Value":14},{"Length":119,"Height":150,"Demand":1,"DemandMax":null,"Value":17850},{"Length":20,"Height":165,"Demand":1,"DemandMax":null,"Value":3300},{"Length":91,"Height":184,"Demand":1,"DemandMax":null,"Value":16744},{"Length":52,"Height":241,"Demand":1,"DemandMax":null,"Value":12532},{"Length":28,"Height":207,"Demand":1,"DemandMax":null,"Value":5796},{"Length":41,"Height":1,"Demand":2,"DemandMax":null,"Value":41},{"Length":9,"Height":194,"Demand":1,"DemandMax":null,"Value":1746},{"Length":106,"Height":243,"Demand":1,"DemandMax":null,"Value":25758},{"Length":24,"Height":2,"Demand":1,"DemandMax":null,"Value":48},{"Length":170,"Height":10,"Demand":1,"DemandMax":null,"Value":1700},{"Length":12,"Height":24,"Demand":1,"DemandMax":null,"Value":288},{"Length":9,"Height":31,"Demand":1,"DemandMax":null,"Value":279},{"Length":132,"Height":142,"Demand":1,"DemandMax":null,"Value":18744},{"Length":12,"Height":243,"Demand":1,"DemandMax":null,"Value":2916},{"Length":5,"Height":76,"Demand":1,"DemandMax":null,"Value":380},{"Length":237,"Height":8,"Demand":1,"DemandMax":null,"Value":1896},{"Length":98,"Height":2,"Demand":1,"DemandMax":null,"Value":196},{"Length":23,"Height":2,"Demand":1,"DemandMax":null,"Value":46},{"Length":179,"Height":17,"Demand":1,"DemandMax":null,"Value":3043},{"Length":10,"Height":162,"Demand":1,"DemandMax":null,"Value":1620},{"Length":1,"Height":24,"Demand":1,"DemandMax":null,"Value":24},{"Length":20,"Height":2,"Demand":1,"DemandMax":null,"Value":40},{"Length":131,"Height":2,"Demand":1,"DemandMax":null,"Value":262},{"Length":17,"Height":28,"Demand":1,"DemandMax":null,"Value":476},{"Length":117,"Height":4,"Demand":1,"DemandMax":null,"Value":468},{"Length":209,"Height":8,"Demand":2,"DemandMax":null,"Value":1672},{"Length":3,"Height":1,"Demand":6,"DemandMax":null,"Value":3},{"Length":16,"Height":5,"Demand":1,"DemandMax":null,"Value":80},{"Length":3,"Height":56,"Demand":1,"DemandMax":null,"Value":168},{"Length":14,"Height":33,"Demand":1,"DemandMax":null,"Value":462},{"Length":97,"Height":17,"Demand":1,"DemandMax":null,"Value":1649},{"Length":2,"Height":1,"Demand":4,"DemandMax":null,"Value":2},{"Length":64,"Height":24,"Demand":1,"DemandMax":null,"Value":1536},{"Length":45,"Height":129,"Demand":1,"DemandMax":null,"Value":5805},{"Length":20,"Height":24,"Demand":1,"DemandMax":null,"Value":480},{"Length":147,"Height":75,"Demand":1,"DemandMax":null,"Value":11025},{"Length":3,"Height":9,"Demand":1,"DemandMax":null,"Value":27},{"Length":9,"Height":243,"Demand":1,"DemandMax":null,"Value":2187},{"Length":2,"Height":4,"Demand":1,"DemandMax":null,"Value":8},{"Length":19,"Height":20,"Demand":1,"DemandMax":null,"Value":380},{"Length":10,"Height":9,"Demand":1,"DemandMax":null,"Value":90},{"Length":90,"Height":75,"Demand":1,"DemandMax":null,"Value":6750},{"Length":142,"Height":13,"Demand":1,"DemandMax":null,"Value":1846},{"Length":193,"Height":56,"Demand":1,"DemandMax":null,"Value":10808},{"Length":15,"Height":46,"Demand":1,"DemandMax":null,"Value":690},{"Length":15,"Height":17,"Demand":1,"DemandMax":null,"Value":255},{"Length":242,"Height":64,"Demand":1,"DemandMax":null,"Value":15488},{"Length":139,"Height":2,"Demand":1,"DemandMax":null,"Value":278},{"Length":224,"Height":3,"Demand":2,"DemandMax":null,"Value":672},{"Length":19,"Height":150,"Demand":1,"DemandMax":null,"Value":2850},{"Length":176,"Height":56,"Demand":1,"DemandMax":null,"Value":9856},{"Length":170,"Height":21,"Demand":1,"DemandMax":null,"Value":3570},{"Length":119,"Height":75,"Demand":1,"DemandMax":null,"Value":8925},{"Length":152,"Height":150,"Demand":1,"DemandMax":null,"Value":22800},{"Length":8,"Height":23,"Demand":1,"DemandMax":null,"Value":184},{"Length":30,"Height":47,"Demand":1,"DemandMax":null,"Value":1410},{"Length":177,"Height":42,"Demand":1,"DemandMax":null,"Value":7434},{"Length":3,"Height":50,"Demand":2,"DemandMax":null,"Value":150},{"Length":4,"Height":16,"Demand":1,"DemandMax":null,"Value":64},{"Length":11,"Height":9,"Demand":1,"DemandMax":null,"Value":99},{"Length":91,"Height":2,"Demand":1,"DemandMax":null,"Value":182},{"Length":85,"Height":9,"Demand":1,"DemandMax":null,"Value":765},{"Length":55,"Height":2,"Demand":2,"DemandMax":null,"Value":110},{"Length":55,"Height":106,"Demand":1,"DemandMax":null,"Value":5830},{"Length":218,"Height":34,"Demand":1,"DemandMax":null,"Value":7412},{"Length":66,"Height":1,"Demand":1,"DemandMax":null,"Value":66},{"Length":47,"Height":95,"Demand":1,"DemandMax":null,"Value":4465},{"Length":16,"Height":1,"Demand":1,"DemandMax":null,"Value":16},{"Length":91,"Height":3,"Demand":1,"DemandMax":null,"Value":273},{"Length":60,"Height":28,"Demand":1,"DemandMax":null,"Value":1680},{"Length":242,"Height":5,"Demand":2,"DemandMax":null,"Value":1210},{"Length":79,"Height":177,"Demand":1,"DemandMax":null,"Value":13983},{"Length":237,"Height":10,"Demand":1,"DemandMax":null,"Value":2370},{"Length":49,"Height":13,"Demand":1,"DemandMax":null,"Value":637},{"Length":27,"Height":76,"Demand":1,"DemandMax":null,"Value":2052},{"Length":16,"Height":52,"Demand":1,"DemandMax":null,"Value":832},{"Length":42,"Height":7,"Demand":1,"DemandMax":null,"Value":294},{"Length":142,"Height":1,"Demand":2,"DemandMax":null,"Value":142},{"Length":128,"Height":95,"Demand":1,"DemandMax":null,"Value":12160},{"Length":3,"Height":24,"Demand":1,"DemandMax":null,"Value":72},{"Length":218,"Height":153,"Demand":1,"DemandMax":null,"Value":33354},{"Length":27,"Height":1,"Demand":1,"DemandMax":null,"Value":27},{"Length":3,"Height":31,"Demand":1,"DemandMax":null,"Value":93},{"Length":20,"Height":1,"Demand":1,"DemandMax":null,"Value":20},{"Length":16,"Height":182,"Demand":1,"DemandMax":null,"Value":2912},{"Length":11,"Height":19,"Demand":1,"DemandMax":null,"Value":209},{"Length":27,"Height":2,"Demand":2,"DemandMax":null,"Value":54},{"Length":34,"Height":1,"Demand":1,"DemandMax":null,"Value":34},{"Length":1,"Height":44,"Demand":1,"DemandMax":null,"Value":44},{"Length":49,"Height":129,"Demand":1,"DemandMax":null,"Value":6321},{"Length":28,"Height":76,"Demand":1,"DemandMax":null,"Value":2128},{"Length":34,"Height":2,"Demand":1,"DemandMax":null,"Value":68},{"Length":224,"Height":1,"Demand":1,"DemandMax":null,"Value":224},{"Length":2,"Height":84,"Demand":1,"DemandMax":null,"Value":168},{"Length":1,"Height":40,"Demand":2,"DemandMax":null,"Value":40},{"Length":1,"Height":76,"Demand":2,"DemandMax":null,"Value":76},{"Length":193,"Height":1,"Demand":1,"DemandMax":null,"Value":193},{"Length":18,"Height":2,"Demand":1,"DemandMax":null,"Value":36},{"Length":63,"Height":3,"Demand":1,"DemandMax":null,"Value":189},{"Length":48,"Height":7,"Demand":1,"DemandMax":null,"Value":336},{"Length":6,"Height":18,"Demand":1,"DemandMax":null,"Value":108},{"Length":5,"Height":3,"Demand":1,"DemandMax":null,"Value":15},{"Length":5,"Height":29,"Demand":1,"DemandMax":null,"Value":145},{"Length":160,"Height":56,"Demand":1,"DemandMax":null,"Value":8960},{"Length":7,"Height":42,"Demand":1,"DemandMax":null,"Value":294},{"Length":48,"Height":17,"Demand":1,"DemandMax":null,"Value":816},{"Length":35,"Height":9,"Demand":1,"DemandMax":null,"Value":315},{"Length":86,"Height":1,"Demand":3,"DemandMax":null,"Value":86},{"Length":1,"Height":128,"Demand":2,"DemandMax":null,"Value":128},{"Length":2,"Height":34,"Demand":1,"DemandMax":null,"Value":68},{"Length":1,"Height":2,"Demand":2,"DemandMax":null,"Value":2},{"Length":15,"Height":1,"Demand":1,"DemandMax":null,"Value":15},{"Length":8,"Height":47,"Demand":1,"DemandMax":null,"Value":376},{"Length":4,"Height":1,"Demand":2,"DemandMax":null,"Value":4},{"Length":33,"Height":150,"Demand":1,"DemandMax":null,"Value":4950},{"Length":22,"Height":202,"Demand":1,"DemandMax":null,"Value":4444},{"Length":5,"Height":47,"Demand":1,"DemandMax":null,"Value":235},{"Length":21,"Height":38,"Demand":1,"DemandMax":null,"Value":798},{"Length":45,"Height":6,"Demand":1,"DemandMax":null,"Value":270},{"Length":34,"Height":9,"Demand":1,"DemandMax":null,"Value":306},{"Length":1,"Height":33,"Demand":1,"DemandMax":null,"Value":33},{"Length":15,"Height":7,"Demand":1,"DemandMax":null,"Value":105},{"Length":18,"Height":25,"Demand":2,"DemandMax":null,"Value":450},{"Length":9,"Height":11,"Demand":1,"DemandMax":null,"Value":99},{"Length":2,"Height":207,"Demand":1,"DemandMax":null,"Value":414},{"Length":14,"Height":87,"Demand":1,"DemandMax":null,"Value":1218},{"Length":7,"Height":6,"Demand":1,"DemandMax":null,"Value":42},{"Length":21,"Height":69,"Demand":1,"DemandMax":null,"Value":1449},{"Length":39,"Height":1,"Demand":1,"DemandMax":null,"Value":39},{"Length":125,"Height":5,"Demand":1,"DemandMax":null,"Value":625},{"Length":4,"Height":19,"Demand":1,"DemandMax":null,"Value":76},{"Length":50,"Height":243,"Demand":1,"DemandMax":null,"Value":12150},{"Length":237,"Height":14,"Demand":1,"DemandMax":null,"Value":3318},{"Length":25,"Height":241,"Demand":1,"DemandMax":null,"Value":6025},{"Length":103,"Height":1,"Demand":1,"DemandMax":null,"Value":103},{"Length":114,"Height":2,"Demand":1,"DemandMax":null,"Value":228},{"Length":21,"Height":4,"Demand":1,"DemandMax":null,"Value":84},{"Length":179,"Height":3,"Demand":1,"DemandMax":null,"Value":537},{"Length":19,"Height":1,"Demand":1,"DemandMax":null,"Value":19},{"Length":3,"Height":121,"Demand":1,"DemandMax":null,"Value":363},{"Length":10,"Height":1,"Demand":1,"DemandMax":null,"Value":10},{"Length":14,"Height":3,"Demand":1,"DemandMax":null,"Value":42},{"Length":18,"Height":49,"Demand":1,"DemandMax":null,"Value":882},{"Length":18,"Height":57,"Demand":1,"DemandMax":null,"Value":1026},{"Length":4,"Height":25,"Demand":1,"DemandMax":null,"Value":100},{"Length":7,"Height":33,"Demand":1,"DemandMax":null,"Value":231},{"Length":188,"Height":12,"Demand":1,"DemandMax":null,"Value":2256},{"Length":11,"Height":15,"Demand":1,"DemandMax":null,"Value":165},{"Length":79,"Height":1,"Demand":1,"DemandMax":null,"Value":79},{"Length":20,"Height":4,"Demand":1,"DemandMax":null,"Value":80},{"Length":3,"Height":10,"Demand":1,"DemandMax":null,"Value":30},{"Length":119,"Height":1,"Demand":2,"DemandMax":null,"Value":119},{"Length":74,"Height":241,"Demand":1,"DemandMax":null,"Value":17834},{"Length":78,"Height":17,"Demand":1,"DemandMax":null,"Value":1326},{"Length":17,"Height":1,"Demand":1,"DemandMax":null,"Value":17},{"Length":91,"Height":1,"Demand":1,"DemandMax":null,"Value":91},{"Length":42,"Height":67,"Demand":1,"DemandMax":null,"Value":2814},{"Length":84,"Height":1,"Demand":1,"DemandMax":null,"Value":84},{"Length":16,"Height":98,"Demand":1,"DemandMax":null,"Value":1568},{"Length":213,"Height":55,"Demand":1,"DemandMax":null,"Value":11715},{"Length":20,"Height":16,"Demand":1,"DemandMax":null,"Value":320},{"Length":22,"Height":1,"Demand":1,"DemandMax":null,"Value":22},{"Length":112,"Height":165,"Demand":1,"DemandMax":null,"Value":18480},{"Length":11,"Height":13,"Demand":1,"DemandMax":null,"Value":143},{"Length":24,"Height":4,"Demand":1,"DemandMax":null,"Value":96},{"Length":43,"Height":33,"Demand":1,"DemandMax":null,"Value":1419},{"Length":3,"Height":41,"Demand":1,"DemandMax":null,"Value":123},{"Length":107,"Height":21,"Demand":1,"DemandMax":null,"Value":2247},{"Length":21,"Height":17,"Demand":1,"DemandMax":null,"Value":357},{"Length":4,"Height":46,"Demand":1,"DemandMax":null,"Value":184},{"Length":119,"Height":73,"Demand":1,"DemandMax":null,"Value":8687},{"Length":2,"Height":7,"Demand":1,"DemandMax":null,"Value":14},{"Length":1,"Height":50,"Demand":1,"DemandMax":null,"Value":50},{"Length":2,"Height":6,"Demand":1,"DemandMax":null,"Value":12},{"Length":6,"Height":11,"Demand":1,"DemandMax":null,"Value":66},{"Length":125,"Height":24,"Demand":1,"DemandMax":null,"Value":3000},{"Length":20,"Height":44,"Demand":1,"DemandMax":null,"Value":880},{"Length":209,"Height":22,"Demand":1,"DemandMax":null,"Value":4598},{"Length":85,"Height":96,"Demand":1,"DemandMax":null,"Value":8160},{"Length":179,"Height":194,"Demand":1,"DemandMax":null,"Value":34726},{"Length":139,"Height":7,"Demand":1,"DemandMax":null,"Value":973},{"Length":7,"Height":1,"Demand":1,"DemandMax":null,"Value":7},{"Length":21,"Height":18,"Demand":1,"DemandMax":null,"Value":378},{"Length":102,"Height":21,"Demand":1,"DemandMax":null,"Value":2142},{"Length":209,"Height":6,"Demand":1,"DemandMax":null,"Value":1254},{"Length":237,"Height":171,"Demand":1,"DemandMax":null,"Value":40527},{"Length":6,"Height":29,"Demand":1,"DemandMax":null,"Value":174},{"Length":21,"Height":125,"Demand":1,"DemandMax":null,"Value":2625},{"Length":17,"Height":133,"Demand":1,"DemandMax":null,"Value":2261},{"Length":5,"Height":25,"Demand":1,"DemandMax":null,"Value":125},{"Length":6,"Height":207,"Demand":1,"DemandMax":null,"Value":1242},{"Length":2,"Height":46,"Demand":1,"DemandMax":null,"Value":92},{"Length":1,"Height":202,"Demand":1,"DemandMax":null,"Value":202},{"Length":60,"Height":73,"Demand":1,"DemandMax":null,"Value":4380},{"Length":1,"Height":21,"Demand":1,"DemandMax":null,"Value":21},{"Length":14,"Height":74,"Demand":1,"DemandMax":null,"Value":1036},{"Length":56,"Height":16,"Demand":1,"DemandMax":null,"Value":896},{"Length":56,"Height":1,"Demand":1,"DemandMax":null,"Value":56},{"Length":86,"Height":3,"Demand":1,"DemandMax":null,"Value":258},{"Length":12,"Height":1,"Demand":1,"DemandMax":null,"Value":12}]}