{"Name":"Path500i3b5","Objects":[{"Length":353,"Height":1000,"Stock":6,"Cost":353000},{"Length":647,"Height":472,"Stock":1,"Cost":305384},{"Length":647,"Height":528,"Stock":4,"Cost":341616}],"Items":[{"Length":59,"Height":1,"Demand":1,"DemandMax":null,"Value":59},{"Length":7,"Height":1,"Demand":3,"DemandMax":null,"Value":7},{"Length":191,"Height":195,"Demand":1,"DemandMax":null,"Value":37245},{"Length":10,"Height":135,"Demand":1,"DemandMax":null,"Value":1350},{"Length":1,"Height":10,"Demand":4,"DemandMax":null,"Value":10},{"Length":143,"Height":1,"Demand":1,"DemandMax":null,"Value":143},{"Length":304,"Height":49,"Demand":1,"DemandMax":null,"Value":14896},{"Length":343,"Height":37,"Demand":1,"DemandMax":null,"Value":12691},{"Length":1,"Height":5,"Demand":3,"DemandMax":null,"Value":5},{"Length":1,"Height":49,"Demand":1,"DemandMax":null,"Value":49},{"Length":2,"Height":8,"Demand":1,"DemandMax":null,"Value":16},{"Length":282,"Height":298,"Demand":1,"DemandMax":null,"Value":84036},{"Length":112,"Height":85,"Demand":1,"DemandMax":null,"Value":9520},{"Length":1,"Height":1,"Demand":36,"DemandMax":null,"Value":1},{"Length":4,"Height":2,"Demand":1,"DemandMax":null,"Value":8},{"Length":232,"Height":23,"Demand":1,"DemandMax":null,"Value":5336},{"Length":353,"Height":178,"Demand":1,"DemandMax":null,"Value":62834},{"Length":17,"Height":9,"Demand":1,"DemandMax":null,"Value":153},{"Length":44,"Height":69,"Demand":1,"DemandMax":null,"Value":3036},{"Length":27,"Height":5,"Demand":1,"DemandMax":null,"Value":135},{"Length":130,"Height":90,"Demand":1,"DemandMax":null,"Value":11700},{"Length":3,"Height":32,"Demand":1,"DemandMax":null,"Value":96},{"Length":43,"Height":1,"Demand":1,"DemandMax":null,"Value":43},{"Length":1,"Height":3,"Demand":8,"DemandMax":null,"Value":3},{"Length":2,"Height":1,"Demand":8,"DemandMax":null,"Value":2},{"Length":1,"Height":7,"Demand":6,"DemandMax":null,"Value":7},{"Length":265,"Height":13,"Demand":1,"DemandMax":null,"Value":3445},{"Length":60,"Height":62,"Demand":1,"DemandMax":null,"Value":3720},{"Length":1,"Height":42,"Demand":1,"DemandMax":null,"Value":42},{"Length":2,"Height":18,"Demand":1,"DemandMax":null,"Value":36},{"Length":1,"Height":4,"Demand":6,"DemandMax":null,"Value":4},{"Length":164,"Height":15,"Demand":1,"DemandMax":null,"Value":2460},{"Length":66,"Height":4,"Demand":1,"DemandMax":null,"Value":264},{"Length":10,"Height":57,"Demand":1,"DemandMax":null,"Value":570},{"Length":105,"Height":4,"Demand":1,"DemandMax":null,"Value":420},{"Length":60,"Height":106,"Demand":1,"DemandMax":null,"Value":6360},{"Length":3,"Height":41,"Demand":1,"DemandMax":null,"Value":123},{"Length":4,"Height":131,"Demand":1,"DemandMax":null,"Value":524},{"Length":57,"Height":10,"Demand":1,"DemandMax":null,"Value":570},{"Length":68,"Height":50,"Demand":1,"DemandMax":null,"Value":3400},{"Length":20,"Height":1,"Demand":2,"DemandMax":null,"Value":20},{"Length":3,"Height":23,"Demand":1,"DemandMax":null,"Value":69},{"Length":144,"Height":37,"Demand":1,"DemandMax":null,"Value":5328},{"Length":24,"Height":2,"Demand":1,"DemandMax":null,"Value":48},{"Length":1,"Height":80,"Demand":1,"DemandMax":null,"Value":80},{"Length":147,"Height":18,"Demand":1,"DemandMax":null,"Value":2646},{"Length":304,"Height":56,"Demand":1,"DemandMax":null,"Value":17024},{"Length":65,"Height":32,"Demand":1,"DemandMax":null,"Value":2080},{"Length":160,"Height":206,"Demand":1,"DemandMax":null,"Value":32960},{"Length":1,"Height":2,"Demand":16,"DemandMax":null,"Value":2},{"Length":248,"Height":1,"Demand":1,"DemandMax":null,"Value":248},{"Length":93,"Height":1,"Demand":1,"DemandMax":null,"Value":93},{"Length":114,"Height":16,"Demand":1,"DemandMax":null,"Value":1824},{"Length":325,"Height":1,"Demand":2,"DemandMax":null,"Value":325},{"Length":12,"Height":6,"Demand":1,"DemandMax":null,"Value":72},{"Length":177,"Height":4,"Demand":1,"DemandMax":null,"Value":708},{"Length":343,"Height":7,"Demand":2,"DemandMax":null,"Value":2401},{"Length":111,"Height":118,"Demand":1,"DemandMax":null,"Value":13098},{"Length":1,"Height":8,"Demand":2,"DemandMax":null,"Value":8},{"Length":37,"Height":104,"Demand":1,"DemandMax":null,"Value":3848},{"Length":1,"Height":9,"Demand":3,"DemandMax":null,"Value":9},{"Length":14,"Height":15,"Demand":1,"DemandMax":null,"Value":210},{"Length":39,"Height":20,"Demand":1,"DemandMax":null,"Value":780},{"Length":49,"Height":93,"Demand":1,"DemandMax":null,"Value":4557},{"Length":56,"Height":1,"Demand":1,"DemandMax":null,"Value":56},{"Length":9,"Height":173,"Demand":1,"DemandMax":null,"Value":1557},{"Length":5,"Height":9,"Demand":1,"DemandMax":null,"Value":45},{"Length":343,"Height":2,"Demand":1,"DemandMax":null,"Value":686},{"Length":4,"Height":49,"Demand":1,"DemandMax":null,"Value":196},{"Length":198,"Height":1,"Demand":2,"DemandMax":null,"Value":198},{"Length":275,"Height":5,"Demand":1,"DemandMax":null,"Value":1375},{"Length":8,"Height":1,"Demand":2,"DemandMax":null,"Value":8},{"Length":44,"Height":4,"Demand":1,"DemandMax":null,"Value":176},{"Length":1,"Height":46,"Demand":4,"DemandMax":null,"Value":46},{"Length":138,"Height":56,"Demand":1,"DemandMax":null,"Value":7728},{"Length":1,"Height":27,"Demand":2,"DemandMax":null,"Value":27},{"Length":1,"Height":31,"Demand":1,"DemandMax":null,"Value":31},{"Length":4,"Height":1,"Demand":2,"DemandMax":null,"Value":4},{"Length":84,"Height":1,"Demand":2,"DemandMax":null,"Value":84},{"Length":222,"Height":74,"Demand":1,"DemandMax":null,"Value":16428},{"Length":27,"Height":278,"Demand":1,"DemandMax":null,"Value":7506},{"Length":4,"Height":80,"Demand":1,"DemandMax":null,"Value":320},{"Length":5,"Height":8,"Demand":1,"DemandMax":null,"Value":40},{"Length":232,"Height":100,"Demand":1,"DemandMax":null,"Value":23200},{"Length":81,"Height":33,"Demand":1,"DemandMax":null,"Value":2673},{"Length":353,"Height":18,"Demand":1,"DemandMax":null,"Value":6354},{"Length":283,"Height":83,"Demand":1,"DemandMax":null,"Value":23489},{"Length":17,"Height":135,"Demand":1,"DemandMax":null,"Value":2295},{"Length":56,"Height":2,"Demand":1,"DemandMax":null,"Value":112},{"Length":7,"Height":33,"Demand":1,"DemandMax":null,"Value":231},{"Length":2,"Height":97,"Demand":1,"DemandMax":null,"Value":194},{"Length":16,"Height":80,"Demand":1,"DemandMax":null,"Value":1280},{"Length":1,"Height":16,"Demand":2,"DemandMax":null,"Value":16},{"Length":232,"Height":7,"Demand":1,"DemandMax":null,"Value":1624},{"Length":18,"Height":1,"Demand":2,"DemandMax":null,"Value":18},{"Length":4,"Height":15,"Demand":1,"DemandMax":null,"Value":60},{"Length":32,"Height":1,"Demand":1,"DemandMax":null,"Value":32},{"Length":2,"Height":5,"Demand":1,"DemandMax":null,"Value":10},{"Length":325,"Height":182,"Demand":1,"DemandMax":null,"Value":59150},{"Length":124,"Height":122,"Demand":1,"DemandMax":null,"Value":15128},{"Length":83,"Height":16,"Demand":1,"DemandMax":null,"Value":1328},{"Length":178,"Height":3,"Demand":1,"DemandMax":null,"Value":534},{"Length":316,"Height":1,"Demand":1,"DemandMax":null,"Value":316},{"Length":74,"Height":104,"Demand":1,"DemandMax":null,"Value":7696},{"Length":31,"Height":2,"Demand":1,"DemandMax":null,"Value":62},{"Length":2,"Height":32,"Demand":1,"DemandMax":null,"Value":64},{"Length":28,"Height":4,"Demand":2,"DemandMax":null,"Value":112},{"Length":34,"Height":178,"Demand":1,"DemandMax":null,"Value":6052},{"Length":1,"Height":56,"Demand":1,"DemandMax":null,"Value":56},{"Length":36,"Height":6,"Demand":1,"DemandMax":null,"Value":216},{"Length":12,"Height":1,"Demand":3,"DemandMax":null,"Value":12},{"Length":20,"Height":3,"Demand":1,"DemandMax":null,"Value":60},{"Length":22,"Height":6,"Demand":1,"DemandMax":null,"Value":132},{"Length":50,"Height":1,"Demand":3,"DemandMax":null,"Value":50},{"Length":27,"Height":1,"Demand":2,"DemandMax":null,"Value":27},{"Length":131,"Height":57,"Demand":1,"DemandMax":null,"Value":7467},{"Length":1,"Height":54,"Demand":1,"DemandMax":null,"Value":54},{"Length":193,"Height":206,"Demand":1,"DemandMax":null,"Value":39758},{"Length":1,"Height":18,"Demand":1,"DemandMax":null,"Value":18},{"Length":50,"Height":16,"Demand":1,"DemandMax":null,"Value":800},{"Length":85,"Height":3,"Demand":1,"DemandMax":null,"Value":255},{"Length":232,"Height":5,"Demand":1,"DemandMax":null,"Value":1160},{"Length":29,"Height":15,"Demand":1,"DemandMax":null,"Value":435},{"Length":1,"Height":22,"Demand":2,"DemandMax":null,"Value":22},{"Length":45,"Height":15,"Demand":1,"DemandMax":null,"Value":675},{"Length":1,"Height":17,"Demand":2,"DemandMax":null,"Value":17},{"Length":1,"Height":13,"Demand":5,"DemandMax":null,"Value":13},{"Length":2,"Height":69,"Demand":2,"DemandMax":null,"Value":138},{"Length":2,"Height":7,"Demand":2,"DemandMax":null,"Value":14},{"Length":19,"Height":1,"Demand":3,"DemandMax":null,"Value":19},{"Length":17,"Height":10,"Demand":1,"DemandMax":null,"Value":170},{"Length":9,"Height":199,"Demand":1,"DemandMax":null,"Value":1791},{"Length":18,"Height":49,"Demand":1,"DemandMax":null,"Value":882},{"Length":30,"Height":38,"Demand":1,"DemandMax":null,"Value":1140},{"Length":259,"Height":1,"Demand":1,"DemandMax":null,"Value":259},{"Length":1,"Height":11,"Demand":3,"DemandMax":null,"Value":11},{"Length":5,"Height":3,"Demand":2,"DemandMax":null,"Value":15},{"Length":33,"Height":5,"Demand":1,"DemandMax":null,"Value":165},{"Length":43,"Height":5,"Demand":1,"DemandMax":null,"Value":215},{"Length":123,"Height":268,"Demand":1,"DemandMax":null,"Value":32964},{"Length":86,"Height":3,"Demand":2,"DemandMax":null,"Value":258},{"Length":5,"Height":16,"Demand":1,"DemandMax":null,"Value":80},{"Length":6,"Height":4,"Demand":1,"DemandMax":null,"Value":24},{"Length":24,"Height":18,"Demand":1,"DemandMax":null,"Value":432},{"Length":149,"Height":13,"Demand":1,"DemandMax":null,"Value":1937},{"Length":1,"Height":15,"Demand":3,"DemandMax":null,"Value":15},{"Length":37,"Height":6,"Demand":1,"DemandMax":null,"Value":222},{"Length":4,"Height":9,"Demand":1,"DemandMax":null,"Value":36},{"Length":304,"Height":1,"Demand":1,"DemandMax":null,"Value":304},{"Length":14,"Height":1,"Demand":1,"DemandMax":null,"Value":14},{"Length":28,"Height":1,"Demand":2,"DemandMax":null,"Value":28},{"Length":2,"Height":45,"Demand":1,"DemandMax":null,"Value":90},{"Length":188,"Height":7,"Demand":1,"DemandMax":null,"Value":1316},{"Length":17,"Height":1,"Demand":1,"DemandMax":null,"Value":17},{"Length":49,"Height":68,"Demand":1,"DemandMax":null,"Value":3332},{"Length":215,"Height":116,"Demand":1,"DemandMax":null,"Value":24940},{"Length":75,"Height":1,"Demand":1,"DemandMax":null,"Value":75},{"Length":6,"Height":1,"Demand":5,"DemandMax":null,"Value":6},{"Length":1,"Height":41,"Demand":3,"DemandMax":null,"Value":41},{"Length":2,"Height":3,"Demand":1,"DemandMax":null,"Value":6},{"Length":15,"Height":3,"Demand":1,"DemandMax":null,"Value":45},{"Length":40,"Height":1,"Demand":1,"DemandMax":null,"Value":40},{"Length":13,"Height":1,"Demand":1,"DemandMax":null,"Value":13},{"Length":11,"Height":1,"Demand":1,"DemandMax":null,"Value":11},{"Length":1,"Height":12,"Demand":2,"DemandMax":null,"Value":12},{"Length":3,"Height":24,"Demand":1,"DemandMax":null,"Value":72},{"Length":7,"Height":122,"Demand":1,"DemandMax":null,"Value":854},{"Length":144,"Height":1,"Demand":1,"DemandMax":null,"Value":144},{"Length":3,"Height":45,"Demand":1,"DemandMax":null,"Value":135},{"Length":16,"Height":132,"Demand":1,"DemandMax":null,"Value":2112},{"Length":65,"Height":20,"Demand":1,"DemandMax":null,"Value":1300},{"Length":7,"Height":5,"Demand":1,"DemandMax":null,"Value":35},{"Length":144,"Height":6,"Demand":1,"DemandMax":null,"Value":864},{"Length":23,"Height":190,"Demand":1,"DemandMax":null,"Value":4370},{"Length":129,"Height":55,"Demand":1,"DemandMax":null,"Value":7095},{"Length":15,"Height":1,"Demand":1,"DemandMax":null,"Value":15},{"Length":65,"Height":8,"Demand":1,"DemandMax":null,"Value":520},{"Length":1,"Height":26,"Demand":2,"DemandMax":null,"Value":26},{"Length":55,"Height":9,"Demand":1,"DemandMax":null,"Value":495},{"Length":325,"Height":47,"Demand":1,"DemandMax":null,"Value":15275},{"Length":81,"Height":2,"Demand":2,"DemandMax":null,"Value":162},{"Length":153,"Height":1,"Demand":2,"DemandMax":null,"Value":153},{"Length":5,"Height":190,"Demand":1,"DemandMax":null,"Value":950},{"Length":33,"Height":18,"Demand":1,"DemandMax":null,"Value":594},{"Length":325,"Height":2,"Demand":1,"DemandMax":null,"Value":650},{"Length":91,"Height":1,"Demand":1,"DemandMax":null,"Value":91},{"Length":343,"Height":74,"Demand":1,"DemandMax":null,"Value":25382},{"Length":1,"Height":21,"Demand":3,"DemandMax":null,"Value":21},{"Length":343,"Height":1,"Demand":1,"DemandMax":null,"Value":343},{"Length":37,"Height":56,"Demand":1,"DemandMax":null,"Value":2072},{"Length":191,"Height":128,"Demand":1,"DemandMax":null,"Value":24448},{"Length":17,"Height":34,"Demand":1,"DemandMax":null,"Value":578},{"Length":10,"Height":175,"Demand":1,"DemandMax":null,"Value":1750},{"Length":353,"Height":1,"Demand":1,"DemandMax":null,"Value":353},{"Length":69,"Height":3,"Demand":1,"DemandMax":null,"Value":207},{"Length":126,"Height":5,"Demand":1,"DemandMax":null,"Value":630},{"Length":10,"Height":1,"Demand":1,"DemandMax":null,"Value":10},{"Length":28,"Height":34,"Demand":1,"DemandMax":null,"Value":952},{"Length":10,"Height":5,"Demand":1,"DemandMax":null,"Value":50},{"Length":123,"Height":59,"Demand":1,"DemandMax":null,"Value":7257},{"Length":49,"Height":1,"Demand":1,"DemandMax":null,"Value":49},{"Length":2,"Height":19,"Demand":1,"DemandMax":null,"Value":38},{"Length":5,"Height":105,"Demand":1,"DemandMax":null,"Value":525},{"Length":170,"Height":1,"Demand":1,"DemandMax":null,"Value":170},{"Length":12,"Height":4,"Demand":1,"DemandMax":null,"Value":48},{"Length":8,"Height":7,"Demand":1,"DemandMax":null,"Value":56},{"Length":22,"Height":5,"Demand":1,"DemandMax":null,"Value":110},{"Length":16,"Height":3,"Demand":2,"DemandMax":null,"Value":48},{"Length":135,"Height":1,"Demand":1,"DemandMax":null,"Value":135},{"Length":10,"Height":7,"Demand":1,"DemandMax":null,"Value":70},{"Length":38,"Height":49,"Demand":1,"DemandMax":null,"Value":1862},{"Length":11,"Height":34,"Demand":1,"DemandMax":null,"Value":374},{"Length":60,"Height":3,"Demand":1,"DemandMax":null,"Value":180},{"Length":204,"Height":93,"Demand":1,"DemandMax":null,"Value":18972},{"Length":28,"Height":3,"Demand":1,"DemandMax":null,"Value":84},{"Length":7,"Height":83,"Demand":1,"DemandMax":null,"Value":581},{"Length":100,"Height":2,"Demand":1,"DemandMax":null,"Value":200},{"Length":4,"Height":59,"Demand":1,"DemandMax":null,"Value":236},{"Length":1,"Height":14,"Demand":1,"DemandMax":null,"Value":14},{"Length":45,"Height":149,"Demand":1,"DemandMax":null,"Value":6705},{"Length":177,"Height":1,"Demand":2,"DemandMax":null,"Value":177},{"Length":39,"Height":1,"Demand":1,"DemandMax":null,"Value":39},{"Length":6,"Height":3,"Demand":1,"DemandMax":null,"Value":18},{"Length":108,"Height":38,"Demand":1,"DemandMax":null,"Value":4104},{"Length":2,"Height":2,"Demand":2,"DemandMax":null,"Value":4},{"Length":6,"Height":33,"Demand":1,"DemandMax":null,"Value":198},{"Length":3,"Height":2,"Demand":3,"DemandMax":null,"Value":6},{"Length":5,"Height":33,"Demand":1,"DemandMax":null,"Value":165},{"Length":3,"Height":1,"Demand":5,"DemandMax":null,"Value":3},{"Length":3,"Height":104,"Demand":1,"DemandMax":null,"Value":312},{"Length":3,"Height":56,"Demand":1,"DemandMax":null,"Value":168},{"Length":5,"Height":1,"Demand":2,"DemandMax":null,"Value":5},{"Length":16,"Height":110,"Demand":1,"DemandMax":null,"Value":1760},{"Length":22,"Height":1,"Demand":2,"DemandMax":null,"Value":22},{"Length":68,"Height":51,"Demand":1,"DemandMax":null,"Value":3468},{"Length":8,"Height":5,"Demand":1,"DemandMax":null,"Value":40},{"Length":62,"Height":47,"Demand":1,"DemandMax":null,"Value":2914},{"Length":1,"Height":20,"Demand":2,"DemandMax":null,"Value":20},{"Length":2,"Height":9,"Demand":1,"DemandMax":null,"Value":18},{"Length":202,"Height":5,"Demand":1,"DemandMax":null,"Value":1010},{"Length":8,"Height":9,"Demand":2,"DemandMax":null,"Value":72},{"Length":4,"Height":5,"Demand":1,"DemandMax":null,"Value":20},{"Length":2,"Height":6,"Demand":1,"DemandMax":null,"Value":12},{"Length":16,"Height":105,"Demand":1,"DemandMax":null,"Value":1680},{"Length":37,"Height":19,"Demand":1,"DemandMax":null,"Value":703},{"Length":188,"Height":1,"Demand":1,"DemandMax":null,"Value":188},{"Length":343,"Height":13,"Demand":1,"DemandMax":null,"Value":4459},{"Length":6,"Height":8,"Demand":1,"DemandMax":null,"Value":48},{"Length":154,"Height":1,"Demand":1,"DemandMax":null,"Value":154},{"Length":1,"Height":59,"Demand":2,"DemandMax":null,"Value":59},{"Length":74,"Height":1,"Demand":1,"DemandMax":null,"Value":74},{"Length":2,"Height":175,"Demand":1,"DemandMax":null,"Value":350},{"Length":13,"Height":122,"Demand":1,"DemandMax":null,"Value":1586},{"Length":1,"Height":47,"Demand":1,"DemandMax":null,"Value":47},{"Length":202,"Height":1,"Demand":1,"DemandMax":null,"Value":202},{"Length":6,"Height":49,"Demand":1,"DemandMax":null,"Value":294},{"Length":77,"Height":1,"Demand":1,"DemandMax":null,"Value":77},{"Length":48,"Height":4,"Demand":1,"DemandMax":null,"Value":192},{"Length":22,"Height":2,"Demand":1,"DemandMax":null,"Value":44},{"Length":92,"Height":2,"Demand":1,"DemandMax":null,"Value":184},{"Length":230,"Height":59,"Demand":1,"DemandMax":null,"Value":13570},{"Length":48,"Height":1,"Demand":1,"DemandMax":null,"Value":48},{"Length":65,"Height":123,"Demand":1,"DemandMax":null,"Value":7995},{"Length":195,"Height":64,"Demand":1,"DemandMax":null,"Value":12480},{"Length":5,"Height":2,"Demand":1,"DemandMax":null,"Value":10},{"Length":25,"Height":2,"Demand":1,"DemandMax":null,"Value":50},{"Length":24,"Height":103,"Demand":1,"DemandMax":null,"Value":2472},{"Length":88,"Height":68,"Demand":1,"DemandMax":null,"Value":5984},{"Length":5,"Height":4,"Demand":2,"DemandMax":null,"Value":20},{"Length":6,"Height":5,"Demand":1,"DemandMax":null,"Value":30},{"Length":2,"Height":80,"Demand":1,"DemandMax":null,"Value":160},{"Length":2,"Height":149,"Demand":1,"DemandMax":null,"Value":298},{"Length":155,"Height":4,"Demand":1,"DemandMax":null,"Value":620},{"Length":2,"Height":15,"Demand":1,"DemandMax":null,"Value":30},{"Length":1,"Height":23,"Demand":1,"DemandMax":null,"Value":23},{"Length":8,"Height":46,"Demand":1,"DemandMax":null,"Value":368},{"Length":30,"Height":1,"Demand":2,"DemandMax":null,"Value":30},{"Length":260,"Height":19,"Demand":1,"DemandMax":null,"Value":4940},{"Length":74,"Height":6,"Demand":1,"DemandMax":null,"Value":444},{"Length":37,"Height":29,"Demand":1,"DemandMax":null,"Value":1073},{"Length":59,"Height":16,"Demand":1,"DemandMax":null,"Value":944},{"Length":2,"Height":46,"Demand":1,"DemandMax":null,"Value":92},{"Length":6,"Height":298,"Demand":1,"DemandMax":null,"Value":1788},{"Length":57,"Height":56,"Demand":1,"DemandMax":null,"Value":3192},{"Length":39,"Height":7,"Demand":1,"DemandMax":null,"Value":273},{"Length":5,"Height":47,"Demand":1,"DemandMax":null,"Value":235},{"Length":3,"Height":22,"Demand":1,"DemandMax":null,"Value":66},{"Length":85,"Height":1,"Demand":1,"DemandMax":null,"Value":85},{"Length":126,"Height":6,"Demand":1,"DemandMax":null,"Value":756},{"Length":1,"Height":30,"Demand":1,"DemandMax":null,"Value":30},{"Length":16,"Height":69,"Demand":1,"DemandMax":null,"Value":1104},{"Length":2,"Height":59,"Demand":1,"DemandMax":null,"Value":118},{"Length":9,"Height":15,"Demand":1,"DemandMax":null,"Value":135},{"Length":153,"Height":18,"Demand":1,"DemandMax":null,"Value":2754},{"Length":9,"Height":3,"Demand":1,"DemandMax":null,"Value":27},{"Length":129,"Height":144,"Demand":1,"DemandMax":null,"Value":18576},{"Length":78,"Height":2,"Demand":1,"DemandMax":null,"Value":156},{"Length":1,"Height":6,"Demand":2,"DemandMax":null,"Value":6},{"Length":30,"Height":2,"Demand":1,"DemandMax":null,"Value":60},{"Length":102,"Height":1,"Demand":1,"DemandMax":null,"Value":102},{"Length":1,"Height":25,"Demand":1,"DemandMax":null,"Value":25},{"Length":3,"Height":13,"Demand":1,"DemandMax":null,"Value":39},{"Length":57,"Height":1,"Demand":1,"DemandMax":null,"Value":57},{"Length":24,"Height":1,"Demand":2,"DemandMax":null,"Value":24},{"Length":8,"Height":2,"Demand":1,"DemandMax":null,"Value":16},{"Length":27,"Height":122,"Demand":1,"DemandMax":null,"Value":3294},{"Length":1,"Height":45,"Demand":1,"DemandMax":null,"Value":45},{"Length":96,"Height":1,"Demand":1,"DemandMax":null,"Value":96},{"Length":8,"Height":18,"Demand":1,"DemandMax":null,"Value":144},{"Length":10,"Height":3,"Demand":2,"DemandMax":null,"Value":30},{"Length":86,"Height":1,"Demand":1,"DemandMax":null,"Value":86},{"Length":177,"Height":3,"Demand":1,"DemandMax":null,"Value":531},{"Length":1,"Height":24,"Demand":1,"DemandMax":null,"Value":24},{"Length":65,"Height":7,"Demand":1,"DemandMax":null,"Value":455},{"Length":144,"Height":4,"Demand":1,"DemandMax":null,"Value":576},{"Length":126,"Height":22,"Demand":1,"DemandMax":null,"Value":2772},{"Length":131,"Height":266,"Demand":1,"DemandMax":null,"Value":34846},{"Length":65,"Height":3,"Demand":1,"DemandMax":null,"Value":195},{"Length":1,"Height":32,"Demand":1,"DemandMax":null,"Value":32},{"Length":7,"Height":3,"Demand":1,"DemandMax":null,"Value":21},{"Length":43,"Height":3,"Demand":1,"DemandMax":null,"Value":129},{"Length":21,"Height":1,"Demand":1,"DemandMax":null,"Value":21},{"Length":100,"Height":93,"Demand":1,"DemandMax":null,"Value":9300},{"Length":107,"Height":1,"Demand":1,"DemandMax":null,"Value":107},{"Length":5,"Height":178,"Demand":1,"DemandMax":null,"Value":890},{"Length":30,"Height":6,"Demand":1,"DemandMax":null,"Value":180},{"Length":34,"Height":3,"Demand":1,"DemandMax":null,"Value":102},{"Length":4,"Height":167,"Demand":1,"DemandMax":null,"Value":668},{"Length":2,"Height":21,"Demand":1,"DemandMax":null,"Value":42},{"Length":1,"Height":29,"Demand":1,"DemandMax":null,"Value":29},{"Length":195,"Height":26,"Demand":1,"DemandMax":null,"Value":5070},{"Length":93,"Height":18,"Demand":1,"DemandMax":null,"Value":1674},{"Length":2,"Height":12,"Demand":1,"DemandMax":null,"Value":24},{"Length":7,"Height":4,"Demand":1,"DemandMax":null,"Value":28},{"Length":20,"Height":105,"Demand":1,"DemandMax":null,"Value":2100},{"Length":96,"Height":2,"Demand":1,"DemandMax":null,"Value":192},{"Length":9,"Height":1,"Demand":1,"DemandMax":null,"Value":9},{"Length":78,"Height":3,"Demand":1,"DemandMax":null,"Value":234},{"Length":112,"Height":37,"Demand":1,"DemandMax":null,"Value":4144},{"Length":1,"Height":82,"Demand":1,"DemandMax":null,"Value":82},{"Length":10,"Height":10,"Demand":1,"DemandMax":null,"Value":100},{"Length":5,"Height":5,"Demand":1,"DemandMax":null,"Value":25},{"Length":28,"Height":9,"Demand":1,"DemandMax":null,"Value":252},{"Length":68,"Height":25,"Demand":1,"DemandMax":null,"Value":1700},{"Length":65,"Height":268,"Demand":1,"DemandMax":null,"Value":17420},{"Length":155,"Height":6,"Demand":1,"DemandMax":null,"Value":930},{"Length":63,"Height":1,"Demand":1,"DemandMax":null,"Value":63},{"Length":92,"Height":1,"Demand":1,"DemandMax":null,"Value":92},{"Length":144,"Height":32,"Demand":1,"DemandMax":null,"Value":4608}]}