{"Name":"Nice400i6b3","Objects":[{"Length":165,"Height":460,"Stock":3,"Cost":75900},{"Length":549,"Height":467,"Stock":5,"Cost":256383},{"Length":451,"Height":540,"Stock":5,"Cost":243540},{"Length":549,"Height":533,"Stock":2,"Cost":292617},{"Length":286,"Height":215,"Stock":2,"Cost":61490},{"Length":286,"Height":245,"Stock":4,"Cost":70070}],"Items":[{"Length":82,"Height":29,"Demand":1,"DemandMax":null,"Value":2378},{"Length":40,"Height":49,"Demand":1,"DemandMax":null,"Value":1960},{"Length":45,"Height":38,"Demand":1,"DemandMax":null,"Value":1710},{"Length":72,"Height":35,"Demand":1,"DemandMax":null,"Value":2520},{"Length":28,"Height":89,"Demand":1,"DemandMax":null,"Value":2492},{"Length":68,"Height":44,"Demand":1,"DemandMax":null,"Value":2992},{"Length":25,"Height":100,"Demand":1,"DemandMax":null,"Value":2500},{"Length":89,"Height":25,"Demand":1,"DemandMax":null,"Value":2225},{"Length":35,"Height":75,"Demand":2,"DemandMax":null,"Value":2625},{"Length":103,"Height":31,"Demand":1,"DemandMax":null,"Value":3193},{"Length":107,"Height":38,"Demand":1,"DemandMax":null,"Value":4066},{"Length":61,"Height":70,"Demand":1,"DemandMax":null,"Value":4270},{"Length":48,"Height":57,"Demand":2,"DemandMax":null,"Value":2736},{"Length":45,"Height":57,"Demand":1,"DemandMax":null,"Value":2565},{"Length":27,"Height":95,"Demand":2,"DemandMax":null,"Value":2565},{"Length":53,"Height":52,"Demand":1,"DemandMax":null,"Value":2756},{"Length":33,"Height":58,"Demand":1,"DemandMax":null,"Value":1914},{"Length":31,"Height":50,"Demand":1,"DemandMax":null,"Value":1550},{"Length":54,"Height":47,"Demand":2,"DemandMax":null,"Value":2538},{"Length":50,"Height":59,"Demand":1,"DemandMax":null,"Value":2950},{"Length":104,"Height":27,"Demand":1,"DemandMax":null,"Value":2808},{"Length":45,"Height":48,"Demand":1,"DemandMax":null,"Value":2160},{"Length":99,"Height":49,"Demand":1,"DemandMax":null,"Value":4851},{"Length":49,"Height":48,"Demand":1,"DemandMax":null,"Value":2352},{"Length":69,"Height":54,"Demand":1,"DemandMax":null,"Value":3726},{"Length":67,"Height":38,"Demand":1,"DemandMax":null,"Value":2546},{"Length":25,"Height":75,"Demand":3,"DemandMax":null,"Value":1875},{"Length":35,"Height":61,"Demand":2,"DemandMax":null,"Value":2135},{"Length":42,"Height":73,"Demand":1,"DemandMax":null,"Value":3066},{"Length":77,"Height":29,"Demand":1,"DemandMax":null,"Value":2233},{"Length":32,"Height":51,"Demand":1,"DemandMax":null,"Value":1632},{"Length":58,"Height":45,"Demand":1,"DemandMax":null,"Value":2610},{"Length":47,"Height":53,"Demand":1,"DemandMax":null,"Value":2491},{"Length":88,"Height":25,"Demand":2,"DemandMax":null,"Value":2200},{"Length":49,"Height":47,"Demand":2,"DemandMax":null,"Value":2303},{"Length":61,"Height":37,"Demand":2,"DemandMax":null,"Value":2257},{"Length":37,"Height":41,"Demand":1,"DemandMax":null,"Value":1517},{"Length":41,"Height":58,"Demand":1,"DemandMax":null,"Value":2378},{"Length":52,"Height":49,"Demand":2,"DemandMax":null,"Value":2548},{"Length":38,"Height":67,"Demand":1,"DemandMax":null,"Value":2546},{"Length":46,"Height":67,"Demand":1,"DemandMax":null,"Value":3082},{"Length":46,"Height":55,"Demand":1,"DemandMax":null,"Value":2530},{"Length":65,"Height":34,"Demand":1,"DemandMax":null,"Value":2210},{"Length":38,"Height":108,"Demand":1,"DemandMax":null,"Value":4104},{"Length":47,"Height":78,"Demand":1,"DemandMax":null,"Value":3666},{"Length":51,"Height":51,"Demand":1,"DemandMax":null,"Value":2601},{"Length":61,"Height":33,"Demand":2,"DemandMax":null,"Value":2013},{"Length":52,"Height":45,"Demand":1,"DemandMax":null,"Value":2340},{"Length":34,"Height":75,"Demand":2,"DemandMax":null,"Value":2550},{"Length":48,"Height":56,"Demand":1,"DemandMax":null,"Value":2688},{"Length":44,"Height":53,"Demand":1,"DemandMax":null,"Value":2332},{"Length":61,"Height":43,"Demand":2,"DemandMax":null,"Value":2623},{"Length":70,"Height":34,"Demand":1,"DemandMax":null,"Value":2380},{"Length":83,"Height":53,"Demand":1,"DemandMax":null,"Value":4399},{"Length":51,"Height":49,"Demand":1,"DemandMax":null,"Value":2499},{"Length":40,"Height":62,"Demand":2,"DemandMax":null,"Value":2480},{"Length":49,"Height":33,"Demand":1,"DemandMax":null,"Value":1617},{"Length":73,"Height":40,"Demand":1,"DemandMax":null,"Value":2920},{"Length":28,"Height":69,"Demand":1,"DemandMax":null,"Value":1932},{"Length":36,"Height":109,"Demand":2,"DemandMax":null,"Value":3924},{"Length":101,"Height":28,"Demand":1,"DemandMax":null,"Value":2828},{"Length":38,"Height":61,"Demand":2,"DemandMax":null,"Value":2318},{"Length":96,"Height":26,"Demand":1,"DemandMax":null,"Value":2496},{"Length":54,"Height":34,"Demand":1,"DemandMax":null,"Value":1836},{"Length":43,"Height":64,"Demand":2,"DemandMax":null,"Value":2752},{"Length":55,"Height":35,"Demand":1,"DemandMax":null,"Value":1925},{"Length":63,"Height":64,"Demand":1,"DemandMax":null,"Value":4032},{"Length":35,"Height":64,"Demand":3,"DemandMax":null,"Value":2240},{"Length":95,"Height":43,"Demand":1,"DemandMax":null,"Value":4085},{"Length":44,"Height":57,"Demand":1,"DemandMax":null,"Value":2508},{"Length":96,"Height":28,"Demand":1,"DemandMax":null,"Value":2688},{"Length":30,"Height":75,"Demand":2,"DemandMax":null,"Value":2250},{"Length":62,"Height":27,"Demand":1,"DemandMax":null,"Value":1674},{"Length":55,"Height":32,"Demand":1,"DemandMax":null,"Value":1760},{"Length":50,"Height":64,"Demand":1,"DemandMax":null,"Value":3200},{"Length":72,"Height":41,"Demand":1,"DemandMax":null,"Value":2952},{"Length":35,"Height":68,"Demand":1,"DemandMax":null,"Value":2380},{"Length":48,"Height":52,"Demand":1,"DemandMax":null,"Value":2496},{"Length":64,"Height":26,"Demand":1,"DemandMax":null,"Value":1664},{"Length":54,"Height":51,"Demand":2,"DemandMax":null,"Value":2754},{"Length":40,"Height":40,"Demand":1,"DemandMax":null,"Value":1600},{"Length":52,"Height":58,"Demand":2,"DemandMax":null,"Value":3016},{"Length":47,"Height":48,"Demand":2,"DemandMax":null,"Value":2256},{"Length":57,"Height":31,"Demand":2,"DemandMax":null,"Value":1767},{"Length":31,"Height":76,"Demand":1,"DemandMax":null,"Value":2356},{"Length":47,"Height":54,"Demand":1,"DemandMax":null,"Value":2538},{"Length":33,"Height":113,"Demand":1,"DemandMax":null,"Value":3729},{"Length":61,"Height":81,"Demand":1,"DemandMax":null,"Value":4941},{"Length":30,"Height":65,"Demand":1,"DemandMax":null,"Value":1950},{"Length":61,"Height":27,"Demand":1,"DemandMax":null,"Value":1647},{"Length":43,"Height":58,"Demand":1,"DemandMax":null,"Value":2494},{"Length":40,"Height":67,"Demand":1,"DemandMax":null,"Value":2680},{"Length":26,"Height":61,"Demand":2,"DemandMax":null,"Value":1586},{"Length":63,"Height":38,"Demand":1,"DemandMax":null,"Value":2394},{"Length":57,"Height":41,"Demand":1,"DemandMax":null,"Value":2337},{"Length":73,"Height":31,"Demand":1,"DemandMax":null,"Value":2263},{"Length":42,"Height":61,"Demand":1,"DemandMax":null,"Value":2562},{"Length":39,"Height":91,"Demand":1,"DemandMax":null,"Value":3549},{"Length":54,"Height":59,"Demand":2,"DemandMax":null,"Value":3186},{"Length":55,"Height":49,"Demand":1,"DemandMax":null,"Value":2695},{"Length":29,"Height":96,"Demand":1,"DemandMax":null,"Value":2784},{"Length":73,"Height":39,"Demand":2,"DemandMax":null,"Value":2847},{"Length":72,"Height":40,"Demand":1,"DemandMax":null,"Value":2880},{"Length":83,"Height":29,"Demand":2,"DemandMax":null,"Value":2407},{"Length":57,"Height":55,"Demand":1,"DemandMax":null,"Value":3135},{"Length":34,"Height":67,"Demand":2,"DemandMax":null,"Value":2278},{"Length":76,"Height":20,"Demand":1,"DemandMax":null,"Value":1520},{"Length":71,"Height":39,"Demand":1,"DemandMax":null,"Value":2769},{"Length":27,"Height":60,"Demand":2,"DemandMax":null,"Value":1620},{"Length":50,"Height":79,"Demand":1,"DemandMax":null,"Value":3950},{"Length":70,"Height":27,"Demand":2,"DemandMax":null,"Value":1890},{"Length":64,"Height":35,"Demand":1,"DemandMax":null,"Value":2240},{"Length":62,"Height":65,"Demand":1,"DemandMax":null,"Value":4030},{"Length":56,"Height":54,"Demand":1,"DemandMax":null,"Value":3024},{"Length":52,"Height":52,"Demand":2,"DemandMax":null,"Value":2704},{"Length":37,"Height":113,"Demand":1,"DemandMax":null,"Value":4181},{"Length":59,"Height":45,"Demand":1,"DemandMax":null,"Value":2655},{"Length":48,"Height":64,"Demand":1,"DemandMax":null,"Value":3072},{"Length":52,"Height":50,"Demand":1,"DemandMax":null,"Value":2600},{"Length":43,"Height":45,"Demand":1,"DemandMax":null,"Value":1935},{"Length":42,"Height":64,"Demand":1,"DemandMax":null,"Value":2688},{"Length":76,"Height":31,"Demand":1,"DemandMax":null,"Value":2356},{"Length":96,"Height":25,"Demand":2,"DemandMax":null,"Value":2400},{"Length":65,"Height":24,"Demand":1,"DemandMax":null,"Value":1560},{"Length":28,"Height":67,"Demand":1,"DemandMax":null,"Value":1876},{"Length":67,"Height":24,"Demand":2,"DemandMax":null,"Value":1608},{"Length":38,"Height":52,"Demand":1,"DemandMax":null,"Value":1976},{"Length":71,"Height":35,"Demand":1,"DemandMax":null,"Value":2485},{"Length":93,"Height":24,"Demand":1,"DemandMax":null,"Value":2232},{"Length":49,"Height":38,"Demand":1,"DemandMax":null,"Value":1862},{"Length":46,"Height":35,"Demand":1,"DemandMax":null,"Value":1610},{"Length":54,"Height":46,"Demand":1,"DemandMax":null,"Value":2484},{"Length":69,"Height":59,"Demand":1,"DemandMax":null,"Value":4071},{"Length":57,"Height":58,"Demand":1,"DemandMax":null,"Value":3306},{"Length":49,"Height":55,"Demand":1,"DemandMax":null,"Value":2695},{"Length":50,"Height":84,"Demand":1,"DemandMax":null,"Value":4200},{"Length":42,"Height":53,"Demand":1,"DemandMax":null,"Value":2226},{"Length":31,"Height":83,"Demand":1,"DemandMax":null,"Value":2573},{"Length":55,"Height":75,"Demand":1,"DemandMax":null,"Value":4125},{"Length":43,"Height":54,"Demand":1,"DemandMax":null,"Value":2322},{"Length":29,"Height":87,"Demand":1,"DemandMax":null,"Value":2523},{"Length":85,"Height":31,"Demand":1,"DemandMax":null,"Value":2635},{"Length":32,"Height":61,"Demand":1,"DemandMax":null,"Value":1952},{"Length":45,"Height":64,"Demand":1,"DemandMax":null,"Value":2880},{"Length":57,"Height":29,"Demand":2,"DemandMax":null,"Value":1653},{"Length":81,"Height":31,"Demand":1,"DemandMax":null,"Value":2511},{"Length":78,"Height":32,"Demand":3,"DemandMax":null,"Value":2496},{"Length":84,"Height":30,"Demand":2,"DemandMax":null,"Value":2520},{"Length":28,"Height":102,"Demand":1,"DemandMax":null,"Value":2856},{"Length":95,"Height":29,"Demand":1,"DemandMax":null,"Value":2755},{"Length":32,"Height":52,"Demand":1,"DemandMax":null,"Value":1664},{"Length":31,"Height":82,"Demand":2,"DemandMax":null,"Value":2542},{"Length":43,"Height":59,"Demand":1,"DemandMax":null,"Value":2537},{"Length":60,"Height":44,"Demand":1,"DemandMax":null,"Value":2640},{"Length":48,"Height":72,"Demand":1,"DemandMax":null,"Value":3456},{"Length":45,"Height":66,"Demand":1,"DemandMax":null,"Value":2970},{"Length":64,"Height":39,"Demand":1,"DemandMax":null,"Value":2496},{"Length":51,"Height":64,"Demand":1,"DemandMax":null,"Value":3264},{"Length":50,"Height":56,"Demand":2,"DemandMax":null,"Value":2800},{"Length":51,"Height":74,"Demand":1,"DemandMax":null,"Value":3774},{"Length":25,"Height":64,"Demand":1,"DemandMax":null,"Value":1600},{"Length":35,"Height":89,"Demand":1,"DemandMax":null,"Value":3115},{"Length":74,"Height":40,"Demand":2,"DemandMax":null,"Value":2960},{"Length":85,"Height":36,"Demand":1,"DemandMax":null,"Value":3060},{"Length":47,"Height":40,"Demand":1,"DemandMax":null,"Value":1880},{"Length":46,"Height":63,"Demand":1,"DemandMax":null,"Value":2898},{"Length":26,"Height":64,"Demand":2,"DemandMax":null,"Value":1664},{"Length":28,"Height":109,"Demand":1,"DemandMax":null,"Value":3052},{"Length":52,"Height":54,"Demand":1,"DemandMax":null,"Value":2808},{"Length":25,"Height":68,"Demand":1,"DemandMax":null,"Value":1700},{"Length":34,"Height":45,"Demand":1,"DemandMax":null,"Value":1530},{"Length":67,"Height":39,"Demand":1,"DemandMax":null,"Value":2613},{"Length":79,"Height":32,"Demand":2,"DemandMax":null,"Value":2528},{"Length":71,"Height":42,"Demand":1,"DemandMax":null,"Value":2982},{"Length":49,"Height":31,"Demand":2,"DemandMax":null,"Value":1519},{"Length":31,"Height":87,"Demand":1,"DemandMax":null,"Value":2697},{"Length":71,"Height":37,"Demand":1,"DemandMax":null,"Value":2627},{"Length":67,"Height":67,"Demand":1,"DemandMax":null,"Value":4489},{"Length":56,"Height":50,"Demand":1,"DemandMax":null,"Value":2800},{"Length":72,"Height":48,"Demand":1,"DemandMax":null,"Value":3456},{"Length":46,"Height":33,"Demand":1,"DemandMax":null,"Value":1518},{"Length":50,"Height":55,"Demand":2,"DemandMax":null,"Value":2750},{"Length":22,"Height":70,"Demand":1,"DemandMax":null,"Value":1540},{"Length":21,"Height":79,"Demand":1,"DemandMax":null,"Value":1659},{"Length":54,"Height":52,"Demand":1,"DemandMax":null,"Value":2808},{"Length":20,"Height":79,"Demand":1,"DemandMax":null,"Value":1580},{"Length":78,"Height":33,"Demand":1,"DemandMax":null,"Value":2574},{"Length":48,"Height":34,"Demand":1,"DemandMax":null,"Value":1632},{"Length":76,"Height":24,"Demand":2,"DemandMax":null,"Value":1824},{"Length":37,"Height":75,"Demand":1,"DemandMax":null,"Value":2775},{"Length":46,"Height":49,"Demand":3,"DemandMax":null,"Value":2254},{"Length":71,"Height":55,"Demand":1,"DemandMax":null,"Value":3905},{"Length":81,"Height":32,"Demand":1,"DemandMax":null,"Value":2592},{"Length":32,"Height":87,"Demand":2,"DemandMax":null,"Value":2784},{"Length":96,"Height":33,"Demand":1,"DemandMax":null,"Value":3168},{"Length":21,"Height":83,"Demand":2,"DemandMax":null,"Value":1743},{"Length":52,"Height":61,"Demand":1,"DemandMax":null,"Value":3172},{"Length":32,"Height":47,"Demand":1,"DemandMax":null,"Value":1504},{"Length":45,"Height":50,"Demand":1,"DemandMax":null,"Value":2250},{"Length":52,"Height":60,"Demand":1,"DemandMax":null,"Value":3120},{"Length":24,"Height":72,"Demand":1,"DemandMax":null,"Value":1728},{"Length":67,"Height":57,"Demand":1,"DemandMax":null,"Value":3819},{"Length":27,"Height":108,"Demand":1,"DemandMax":null,"Value":2916},{"Length":57,"Height":51,"Demand":1,"DemandMax":null,"Value":2907},{"Length":38,"Height":78,"Demand":1,"DemandMax":null,"Value":2964},{"Length":72,"Height":37,"Demand":1,"DemandMax":null,"Value":2664},{"Length":47,"Height":64,"Demand":1,"DemandMax":null,"Value":3008},{"Length":68,"Height":54,"Demand":1,"DemandMax":null,"Value":3672},{"Length":61,"Height":45,"Demand":1,"DemandMax":null,"Value":2745},{"Length":111,"Height":37,"Demand":1,"DemandMax":null,"Value":4107},{"Length":23,"Height":72,"Demand":1,"DemandMax":null,"Value":1656},{"Length":45,"Height":52,"Demand":1,"DemandMax":null,"Value":2340},{"Length":36,"Height":82,"Demand":3,"DemandMax":null,"Value":2952},{"Length":47,"Height":39,"Demand":1,"DemandMax":null,"Value":1833},{"Length":56,"Height":30,"Demand":1,"DemandMax":null,"Value":1680},{"Length":35,"Height":67,"Demand":1,"DemandMax":null,"Value":2345},{"Length":61,"Height":56,"Demand":1,"DemandMax":null,"Value":3416},{"Length":67,"Height":33,"Demand":1,"DemandMax":null,"Value":2211},{"Length":77,"Height":45,"Demand":1,"DemandMax":null,"Value":3465},{"Length":71,"Height":53,"Demand":1,"DemandMax":null,"Value":3763},{"Length":41,"Height":38,"Demand":1,"DemandMax":null,"Value":1558},{"Length":48,"Height":50,"Demand":1,"DemandMax":null,"Value":2400},{"Length":40,"Height":76,"Demand":1,"DemandMax":null,"Value":3040},{"Length":43,"Height":65,"Demand":1,"DemandMax":null,"Value":2795},{"Length":64,"Height":42,"Demand":2,"DemandMax":null,"Value":2688},{"Length":29,"Height":100,"Demand":1,"DemandMax":null,"Value":2900},{"Length":89,"Height":36,"Demand":1,"DemandMax":null,"Value":3204},{"Length":33,"Height":91,"Demand":1,"DemandMax":null,"Value":3003},{"Length":63,"Height":40,"Demand":1,"DemandMax":null,"Value":2520},{"Length":59,"Height":48,"Demand":1,"DemandMax":null,"Value":2832},{"Length":58,"Height":52,"Demand":1,"DemandMax":null,"Value":3016},{"Length":79,"Height":21,"Demand":1,"DemandMax":null,"Value":1659},{"Length":76,"Height":34,"Demand":1,"DemandMax":null,"Value":2584},{"Length":93,"Height":25,"Demand":1,"DemandMax":null,"Value":2325},{"Length":73,"Height":33,"Demand":1,"DemandMax":null,"Value":2409},{"Length":31,"Height":75,"Demand":1,"DemandMax":null,"Value":2325},{"Length":48,"Height":58,"Demand":1,"DemandMax":null,"Value":2784},{"Length":64,"Height":43,"Demand":1,"DemandMax":null,"Value":2752},{"Length":48,"Height":49,"Demand":1,"DemandMax":null,"Value":2352},{"Length":26,"Height":104,"Demand":1,"DemandMax":null,"Value":2704},{"Length":70,"Height":54,"Demand":1,"DemandMax":null,"Value":3780},{"Length":39,"Height":43,"Demand":1,"DemandMax":null,"Value":1677},{"Length":78,"Height":37,"Demand":1,"DemandMax":null,"Value":2886},{"Length":27,"Height":66,"Demand":2,"DemandMax":null,"Value":1782},{"Length":52,"Height":53,"Demand":1,"DemandMax":null,"Value":2756},{"Length":77,"Height":30,"Demand":1,"DemandMax":null,"Value":2310},{"Length":96,"Height":29,"Demand":1,"DemandMax":null,"Value":2784},{"Length":58,"Height":30,"Demand":2,"DemandMax":null,"Value":1740},{"Length":40,"Height":64,"Demand":1,"DemandMax":null,"Value":2560},{"Length":52,"Height":35,"Demand":1,"DemandMax":null,"Value":1820},{"Length":61,"Height":48,"Demand":1,"DemandMax":null,"Value":2928},{"Length":35,"Height":73,"Demand":2,"DemandMax":null,"Value":2555},{"Length":29,"Height":91,"Demand":1,"DemandMax":null,"Value":2639},{"Length":89,"Height":27,"Demand":1,"DemandMax":null,"Value":2403},{"Length":43,"Height":40,"Demand":1,"DemandMax":null,"Value":1720},{"Length":21,"Height":74,"Demand":2,"DemandMax":null,"Value":1554},{"Length":45,"Height":62,"Demand":1,"DemandMax":null,"Value":2790},{"Length":41,"Height":39,"Demand":2,"DemandMax":null,"Value":1599},{"Length":38,"Height":64,"Demand":1,"DemandMax":null,"Value":2432},{"Length":115,"Height":37,"Demand":1,"DemandMax":null,"Value":4255},{"Length":68,"Height":34,"Demand":1,"DemandMax":null,"Value":2312},{"Length":67,"Height":34,"Demand":1,"DemandMax":null,"Value":2278},{"Length":89,"Height":28,"Demand":1,"DemandMax":null,"Value":2492},{"Length":145,"Height":72,"Demand":1,"DemandMax":null,"Value":10440},{"Length":33,"Height":75,"Demand":1,"DemandMax":null,"Value":2475},{"Length":35,"Height":104,"Demand":1,"DemandMax":null,"Value":3640},{"Length":33,"Height":48,"Demand":1,"DemandMax":null,"Value":1584},{"Length":20,"Height":77,"Demand":1,"DemandMax":null,"Value":1540},{"Length":46,"Height":53,"Demand":1,"DemandMax":null,"Value":2438},{"Length":44,"Height":43,"Demand":1,"DemandMax":null,"Value":1892},{"Length":48,"Height":66,"Demand":1,"DemandMax":null,"Value":3168},{"Length":66,"Height":59,"Demand":1,"DemandMax":null,"Value":3894},{"Length":63,"Height":37,"Demand":1,"DemandMax":null,"Value":2331},{"Length":42,"Height":45,"Demand":1,"DemandMax":null,"Value":1890},{"Length":72,"Height":21,"Demand":1,"DemandMax":null,"Value":1512},{"Length":48,"Height":32,"Demand":1,"DemandMax":null,"Value":1536},{"Length":43,"Height":70,"Demand":1,"DemandMax":null,"Value":3010},{"Length":60,"Height":31,"Demand":1,"DemandMax":null,"Value":1860},{"Length":25,"Height":72,"Demand":1,"DemandMax":null,"Value":1800},{"Length":63,"Height":35,"Demand":1,"DemandMax":null,"Value":2205},{"Length":29,"Height":64,"Demand":1,"DemandMax":null,"Value":1856},{"Length":62,"Height":33,"Demand":1,"DemandMax":null,"Value":2046},{"Length":44,"Height":63,"Demand":1,"DemandMax":null,"Value":2772},{"Length":55,"Height":36,"Demand":1,"DemandMax":null,"Value":1980},{"Length":67,"Height":36,"Demand":1,"DemandMax":null,"Value":2412},{"Length":40,"Height":60,"Demand":1,"DemandMax":null,"Value":2400},{"Length":70,"Height":36,"Demand":1,"DemandMax":null,"Value":2520},{"Length":71,"Height":33,"Demand":1,"DemandMax":null,"Value":2343},{"Length":66,"Height":34,"Demand":1,"DemandMax":null,"Value":2244},{"Length":35,"Height":62,"Demand":1,"DemandMax":null,"Value":2170},{"Length":57,"Height":35,"Demand":1,"DemandMax":null,"Value":1995},{"Length":58,"Height":36,"Demand":1,"DemandMax":null,"Value":2088},{"Length":69,"Height":22,"Demand":1,"DemandMax":null,"Value":1518},{"Length":32,"Height":60,"Demand":1,"DemandMax":null,"Value":1920},{"Length":45,"Height":53,"Demand":1,"DemandMax":null,"Value":2385},{"Length":44,"Height":41,"Demand":1,"DemandMax":null,"Value":1804},{"Length":30,"Height":60,"Demand":1,"DemandMax":null,"Value":1800},{"Length":35,"Height":60,"Demand":1,"DemandMax":null,"Value":2100},{"Length":39,"Height":48,"Demand":2,"DemandMax":null,"Value":1872},{"Length":67,"Height":35,"Demand":1,"DemandMax":null,"Value":2345},{"Length":33,"Height":69,"Demand":1,"DemandMax":null,"Value":2277},{"Length":79,"Height":23,"Demand":1,"DemandMax":null,"Value":1817},{"Length":44,"Height":50,"Demand":1,"DemandMax":null,"Value":2200},{"Length":78,"Height":35,"Demand":1,"DemandMax":null,"Value":2730},{"Length":32,"Height":75,"Demand":1,"DemandMax":null,"Value":2400},{"Length":53,"Height":40,"Demand":1,"DemandMax":null,"Value":2120},{"Length":58,"Height":38,"Demand":1,"DemandMax":null,"Value":2204},{"Length":55,"Height":34,"Demand":1,"DemandMax":null,"Value":1870},{"Length":117,"Height":30,"Demand":1,"DemandMax":null,"Value":3510},{"Length":72,"Height":23,"Demand":1,"DemandMax":null,"Value":1656},{"Length":37,"Height":63,"Demand":1,"DemandMax":null,"Value":2331},{"Length":37,"Height":61,"Demand":1,"DemandMax":null,"Value":2257},{"Length":38,"Height":58,"Demand":1,"DemandMax":null,"Value":2204},{"Length":32,"Height":71,"Demand":1,"DemandMax":null,"Value":2272},{"Length":27,"Height":61,"Demand":1,"DemandMax":null,"Value":1647},{"Length":76,"Height":21,"Demand":1,"DemandMax":null,"Value":1596},{"Length":40,"Height":109,"Demand":1,"DemandMax":null,"Value":4360},{"Length":36,"Height":70,"Demand":1,"DemandMax":null,"Value":2520},{"Length":43,"Height":52,"Demand":1,"DemandMax":null,"Value":2236},{"Length":32,"Height":49,"Demand":1,"DemandMax":null,"Value":1568},{"Length":23,"Height":77,"Demand":1,"DemandMax":null,"Value":1771},{"Length":31,"Height":65,"Demand":1,"DemandMax":null,"Value":2015},{"Length":117,"Height":40,"Demand":1,"DemandMax":null,"Value":4680},{"Length":48,"Height":36,"Demand":1,"DemandMax":null,"Value":1728},{"Length":54,"Height":39,"Demand":1,"DemandMax":null,"Value":2106},{"Length":50,"Height":38,"Demand":1,"DemandMax":null,"Value":1900},{"Length":34,"Height":57,"Demand":1,"DemandMax":null,"Value":1938},{"Length":57,"Height":37,"Demand":1,"DemandMax":null,"Value":2109},{"Length":30,"Height":79,"Demand":1,"DemandMax":null,"Value":2370},{"Length":27,"Height":79,"Demand":1,"DemandMax":null,"Value":2133},{"Length":32,"Height":68,"Demand":1,"DemandMax":null,"Value":2176},{"Length":30,"Height":72,"Demand":1,"DemandMax":null,"Value":2160},{"Length":69,"Height":23,"Demand":1,"DemandMax":null,"Value":1587},{"Length":46,"Height":45,"Demand":1,"DemandMax":null,"Value":2070},{"Length":31,"Height":73,"Demand":1,"DemandMax":null,"Value":2263},{"Length":47,"Height":50,"Demand":1,"DemandMax":null,"Value":2350},{"Length":54,"Height":38,"Demand":1,"DemandMax":null,"Value":2052},{"Length":46,"Height":34,"Demand":1,"DemandMax":null,"Value":1564},{"Length":65,"Height":35,"Demand":1,"DemandMax":null,"Value":2275},{"Length":30,"Height":67,"Demand":1,"DemandMax":null,"Value":2010}]}