{"Name":"Nice100i2b4","Objects":[{"Length":1000,"Height":264,"Stock":3,"Cost":264000},{"Length":1000,"Height":736,"Stock":5,"Cost":736000}],"Items":[{"Length":99,"Height":50,"Demand":1,"DemandMax":null,"Value":4950},{"Length":119,"Height":93,"Demand":1,"DemandMax":null,"Value":11067},{"Length":80,"Height":132,"Demand":1,"DemandMax":null,"Value":10560},{"Length":197,"Height":58,"Demand":1,"DemandMax":null,"Value":11426},{"Length":119,"Height":42,"Demand":1,"DemandMax":null,"Value":4998},{"Length":123,"Height":122,"Demand":1,"DemandMax":null,"Value":15006},{"Length":197,"Height":57,"Demand":1,"DemandMax":null,"Value":11229},{"Length":199,"Height":63,"Demand":1,"DemandMax":null,"Value":12537},{"Length":73,"Height":127,"Demand":1,"DemandMax":null,"Value":9271},{"Length":95,"Height":52,"Demand":1,"DemandMax":null,"Value":4940},{"Length":161,"Height":93,"Demand":1,"DemandMax":null,"Value":14973},{"Length":91,"Height":55,"Demand":1,"DemandMax":null,"Value":5005},{"Length":63,"Height":98,"Demand":1,"DemandMax":null,"Value":6174},{"Length":104,"Height":132,"Demand":1,"DemandMax":null,"Value":13728},{"Length":45,"Height":118,"Demand":1,"DemandMax":null,"Value":5310},{"Length":108,"Height":119,"Demand":1,"DemandMax":null,"Value":12852},{"Length":199,"Height":64,"Demand":1,"DemandMax":null,"Value":12736},{"Length":254,"Height":72,"Demand":1,"DemandMax":null,"Value":18288},{"Length":231,"Height":133,"Demand":1,"DemandMax":null,"Value":30723},{"Length":154,"Height":109,"Demand":2,"DemandMax":null,"Value":16786},{"Length":111,"Height":59,"Demand":1,"DemandMax":null,"Value":6549},{"Length":91,"Height":102,"Demand":2,"DemandMax":null,"Value":9282},{"Length":107,"Height":132,"Demand":1,"DemandMax":null,"Value":14124},{"Length":73,"Height":69,"Demand":1,"DemandMax":null,"Value":5037},{"Length":90,"Height":70,"Demand":1,"DemandMax":null,"Value":6300},{"Length":108,"Height":102,"Demand":1,"DemandMax":null,"Value":11016},{"Length":94,"Height":139,"Demand":1,"DemandMax":null,"Value":13066},{"Length":62,"Height":151,"Demand":1,"DemandMax":null,"Value":9362},{"Length":108,"Height":145,"Demand":1,"DemandMax":null,"Value":15660},{"Length":197,"Height":75,"Demand":1,"DemandMax":null,"Value":14775},{"Length":123,"Height":142,"Demand":1,"DemandMax":null,"Value":17466},{"Length":133,"Height":65,"Demand":1,"DemandMax":null,"Value":8645},{"Length":113,"Height":93,"Demand":1,"DemandMax":null,"Value":10509},{"Length":111,"Height":86,"Demand":1,"DemandMax":null,"Value":9546},{"Length":68,"Height":75,"Demand":1,"DemandMax":null,"Value":5100},{"Length":94,"Height":197,"Demand":1,"DemandMax":null,"Value":18518},{"Length":57,"Height":93,"Demand":1,"DemandMax":null,"Value":5301},{"Length":132,"Height":44,"Demand":1,"DemandMax":null,"Value":5808},{"Length":100,"Height":93,"Demand":1,"DemandMax":null,"Value":9300},{"Length":54,"Height":94,"Demand":2,"DemandMax":null,"Value":5076},{"Length":95,"Height":57,"Demand":1,"DemandMax":null,"Value":5415},{"Length":170,"Height":72,"Demand":1,"DemandMax":null,"Value":12240},{"Length":82,"Height":151,"Demand":1,"DemandMax":null,"Value":12382},{"Length":173,"Height":61,"Demand":1,"DemandMax":null,"Value":10553},{"Length":119,"Height":78,"Demand":1,"DemandMax":null,"Value":9282},{"Length":173,"Height":90,"Demand":1,"DemandMax":null,"Value":15570},{"Length":109,"Height":132,"Demand":1,"DemandMax":null,"Value":14388},{"Length":84,"Height":58,"Demand":2,"DemandMax":null,"Value":4872},{"Length":170,"Height":79,"Demand":1,"DemandMax":null,"Value":13430},{"Length":74,"Height":75,"Demand":1,"DemandMax":null,"Value":5550},{"Length":93,"Height":57,"Demand":1,"DemandMax":null,"Value":5301},{"Length":65,"Height":78,"Demand":1,"DemandMax":null,"Value":5070},{"Length":199,"Height":69,"Demand":1,"DemandMax":null,"Value":13731},{"Length":73,"Height":157,"Demand":1,"DemandMax":null,"Value":11461},{"Length":103,"Height":146,"Demand":1,"DemandMax":null,"Value":15038},{"Length":108,"Height":123,"Demand":1,"DemandMax":null,"Value":13284},{"Length":111,"Height":116,"Demand":1,"DemandMax":null,"Value":12876},{"Length":97,"Height":98,"Demand":1,"DemandMax":null,"Value":9506},{"Length":73,"Height":143,"Demand":1,"DemandMax":null,"Value":10439},{"Length":106,"Height":46,"Demand":1,"DemandMax":null,"Value":4876},{"Length":82,"Height":94,"Demand":1,"DemandMax":null,"Value":7708},{"Length":119,"Height":85,"Demand":1,"DemandMax":null,"Value":10115},{"Length":56,"Height":98,"Demand":1,"DemandMax":null,"Value":5488},{"Length":199,"Height":87,"Demand":1,"DemandMax":null,"Value":17313},{"Length":127,"Height":114,"Demand":1,"DemandMax":null,"Value":14478},{"Length":91,"Height":106,"Demand":1,"DemandMax":null,"Value":9646},{"Length":91,"Height":113,"Demand":1,"DemandMax":null,"Value":10283},{"Length":91,"Height":121,"Demand":1,"DemandMax":null,"Value":11011},{"Length":119,"Height":113,"Demand":1,"DemandMax":null,"Value":13447},{"Length":87,"Height":65,"Demand":1,"DemandMax":null,"Value":5655},{"Length":53,"Height":211,"Demand":1,"DemandMax":null,"Value":11183},{"Length":197,"Height":65,"Demand":1,"DemandMax":null,"Value":12805},{"Length":54,"Height":211,"Demand":1,"DemandMax":null,"Value":11394},{"Length":256,"Height":133,"Demand":1,"DemandMax":null,"Value":34048},{"Length":93,"Height":59,"Demand":1,"DemandMax":null,"Value":5487},{"Length":58,"Height":118,"Demand":1,"DemandMax":null,"Value":6844},{"Length":95,"Height":62,"Demand":1,"DemandMax":null,"Value":5890},{"Length":133,"Height":37,"Demand":1,"DemandMax":null,"Value":4921},{"Length":106,"Height":47,"Demand":1,"DemandMax":null,"Value":4982},{"Length":133,"Height":67,"Demand":1,"DemandMax":null,"Value":8911},{"Length":123,"Height":75,"Demand":1,"DemandMax":null,"Value":9225},{"Length":111,"Height":75,"Demand":1,"DemandMax":null,"Value":8325},{"Length":119,"Height":74,"Demand":1,"DemandMax":null,"Value":8806},{"Length":133,"Height":38,"Demand":1,"DemandMax":null,"Value":5054},{"Length":132,"Height":70,"Demand":1,"DemandMax":null,"Value":9240},{"Length":111,"Height":70,"Demand":1,"DemandMax":null,"Value":7770},{"Length":91,"Height":56,"Demand":1,"DemandMax":null,"Value":5096},{"Length":70,"Height":78,"Demand":1,"DemandMax":null,"Value":5460},{"Length":78,"Height":93,"Demand":1,"DemandMax":null,"Value":7254},{"Length":82,"Height":104,"Demand":1,"DemandMax":null,"Value":8528},{"Length":110,"Height":65,"Demand":1,"DemandMax":null,"Value":7150},{"Length":102,"Height":57,"Demand":1,"DemandMax":null,"Value":5814},{"Length":69,"Height":98,"Demand":1,"DemandMax":null,"Value":6762},{"Length":73,"Height":72,"Demand":1,"DemandMax":null,"Value":5256},{"Length":99,"Height":64,"Demand":1,"DemandMax":null,"Value":6336},{"Length":82,"Height":98,"Demand":1,"DemandMax":null,"Value":8036}]}