{"Name":"Path400i6b5","Objects":[{"Length":531,"Height":516,"Stock":5,"Cost":273996},{"Length":469,"Height":347,"Stock":6,"Cost":162743},{"Length":531,"Height":189,"Stock":5,"Cost":100359},{"Length":469,"Height":434,"Stock":3,"Cost":203546},{"Length":531,"Height":295,"Stock":4,"Cost":156645},{"Length":469,"Height":219,"Stock":2,"Cost":102711}],"Items":[{"Length":127,"Height":168,"Demand":1,"DemandMax":null,"Value":21336},{"Length":34,"Height":181,"Demand":1,"DemandMax":null,"Value":6154},{"Length":74,"Height":82,"Demand":1,"DemandMax":null,"Value":6068},{"Length":20,"Height":45,"Demand":1,"DemandMax":null,"Value":900},{"Length":123,"Height":92,"Demand":1,"DemandMax":null,"Value":11316},{"Length":168,"Height":7,"Demand":1,"DemandMax":null,"Value":1176},{"Length":122,"Height":166,"Demand":1,"DemandMax":null,"Value":20252},{"Length":44,"Height":1,"Demand":4,"DemandMax":null,"Value":44},{"Length":1,"Height":13,"Demand":3,"DemandMax":null,"Value":13},{"Length":1,"Height":1,"Demand":13,"DemandMax":null,"Value":1},{"Length":104,"Height":93,"Demand":1,"DemandMax":null,"Value":9672},{"Length":36,"Height":62,"Demand":1,"DemandMax":null,"Value":2232},{"Length":168,"Height":139,"Demand":1,"DemandMax":null,"Value":23352},{"Length":69,"Height":48,"Demand":1,"DemandMax":null,"Value":3312},{"Length":23,"Height":183,"Demand":1,"DemandMax":null,"Value":4209},{"Length":18,"Height":162,"Demand":1,"DemandMax":null,"Value":2916},{"Length":16,"Height":53,"Demand":1,"DemandMax":null,"Value":848},{"Length":7,"Height":45,"Demand":1,"DemandMax":null,"Value":315},{"Length":149,"Height":2,"Demand":1,"DemandMax":null,"Value":298},{"Length":76,"Height":50,"Demand":1,"DemandMax":null,"Value":3800},{"Length":183,"Height":118,"Demand":1,"DemandMax":null,"Value":21594},{"Length":15,"Height":29,"Demand":1,"DemandMax":null,"Value":435},{"Length":7,"Height":75,"Demand":1,"DemandMax":null,"Value":525},{"Length":50,"Height":34,"Demand":1,"DemandMax":null,"Value":1700},{"Length":109,"Height":11,"Demand":1,"DemandMax":null,"Value":1199},{"Length":186,"Height":182,"Demand":1,"DemandMax":null,"Value":33852},{"Length":5,"Height":9,"Demand":1,"DemandMax":null,"Value":45},{"Length":102,"Height":11,"Demand":1,"DemandMax":null,"Value":1122},{"Length":58,"Height":183,"Demand":1,"DemandMax":null,"Value":10614},{"Length":2,"Height":123,"Demand":1,"DemandMax":null,"Value":246},{"Length":18,"Height":130,"Demand":1,"DemandMax":null,"Value":2340},{"Length":31,"Height":95,"Demand":1,"DemandMax":null,"Value":2945},{"Length":189,"Height":24,"Demand":1,"DemandMax":null,"Value":4536},{"Length":40,"Height":83,"Demand":1,"DemandMax":null,"Value":3320},{"Length":3,"Height":1,"Demand":3,"DemandMax":null,"Value":3},{"Length":1,"Height":25,"Demand":1,"DemandMax":null,"Value":25},{"Length":50,"Height":88,"Demand":1,"DemandMax":null,"Value":4400},{"Length":1,"Height":87,"Demand":2,"DemandMax":null,"Value":87},{"Length":82,"Height":8,"Demand":1,"DemandMax":null,"Value":656},{"Length":9,"Height":22,"Demand":1,"DemandMax":null,"Value":198},{"Length":40,"Height":130,"Demand":1,"DemandMax":null,"Value":5200},{"Length":151,"Height":2,"Demand":1,"DemandMax":null,"Value":302},{"Length":17,"Height":150,"Demand":1,"DemandMax":null,"Value":2550},{"Length":168,"Height":54,"Demand":2,"DemandMax":null,"Value":9072},{"Length":91,"Height":2,"Demand":1,"DemandMax":null,"Value":182},{"Length":91,"Height":4,"Demand":1,"DemandMax":null,"Value":364},{"Length":91,"Height":33,"Demand":1,"DemandMax":null,"Value":3003},{"Length":4,"Height":27,"Demand":2,"DemandMax":null,"Value":108},{"Length":76,"Height":19,"Demand":1,"DemandMax":null,"Value":1444},{"Length":7,"Height":62,"Demand":1,"DemandMax":null,"Value":434},{"Length":1,"Height":22,"Demand":1,"DemandMax":null,"Value":22},{"Length":8,"Height":45,"Demand":1,"DemandMax":null,"Value":360},{"Length":4,"Height":44,"Demand":1,"DemandMax":null,"Value":176},{"Length":1,"Height":151,"Demand":1,"DemandMax":null,"Value":151},{"Length":189,"Height":23,"Demand":1,"DemandMax":null,"Value":4347},{"Length":12,"Height":2,"Demand":1,"DemandMax":null,"Value":24},{"Length":132,"Height":2,"Demand":1,"DemandMax":null,"Value":264},{"Length":30,"Height":174,"Demand":1,"DemandMax":null,"Value":5220},{"Length":1,"Height":2,"Demand":2,"DemandMax":null,"Value":2},{"Length":20,"Height":7,"Demand":1,"DemandMax":null,"Value":140},{"Length":7,"Height":7,"Demand":1,"DemandMax":null,"Value":49},{"Length":112,"Height":143,"Demand":1,"DemandMax":null,"Value":16016},{"Length":183,"Height":35,"Demand":1,"DemandMax":null,"Value":6405},{"Length":23,"Height":75,"Demand":1,"DemandMax":null,"Value":1725},{"Length":5,"Height":44,"Demand":1,"DemandMax":null,"Value":220},{"Length":18,"Height":2,"Demand":1,"DemandMax":null,"Value":36},{"Length":125,"Height":8,"Demand":1,"DemandMax":null,"Value":1000},{"Length":133,"Height":7,"Demand":1,"DemandMax":null,"Value":931},{"Length":140,"Height":163,"Demand":1,"DemandMax":null,"Value":22820},{"Length":28,"Height":88,"Demand":1,"DemandMax":null,"Value":2464},{"Length":26,"Height":167,"Demand":1,"DemandMax":null,"Value":4342},{"Length":174,"Height":148,"Demand":1,"DemandMax":null,"Value":25752},{"Length":26,"Height":5,"Demand":1,"DemandMax":null,"Value":130},{"Length":52,"Height":2,"Demand":1,"DemandMax":null,"Value":104},{"Length":3,"Height":24,"Demand":1,"DemandMax":null,"Value":72},{"Length":132,"Height":183,"Demand":1,"DemandMax":null,"Value":24156},{"Length":33,"Height":1,"Demand":1,"DemandMax":null,"Value":33},{"Length":2,"Height":105,"Demand":1,"DemandMax":null,"Value":210},{"Length":4,"Height":79,"Demand":1,"DemandMax":null,"Value":316},{"Length":5,"Height":72,"Demand":1,"DemandMax":null,"Value":360},{"Length":27,"Height":1,"Demand":2,"DemandMax":null,"Value":27},{"Length":44,"Height":62,"Demand":1,"DemandMax":null,"Value":2728},{"Length":7,"Height":2,"Demand":1,"DemandMax":null,"Value":14},{"Length":163,"Height":80,"Demand":1,"DemandMax":null,"Value":13040},{"Length":69,"Height":64,"Demand":1,"DemandMax":null,"Value":4416},{"Length":2,"Height":3,"Demand":1,"DemandMax":null,"Value":6},{"Length":12,"Height":64,"Demand":1,"DemandMax":null,"Value":768},{"Length":160,"Height":68,"Demand":1,"DemandMax":null,"Value":10880},{"Length":168,"Height":128,"Demand":1,"DemandMax":null,"Value":21504},{"Length":1,"Height":60,"Demand":1,"DemandMax":null,"Value":60},{"Length":125,"Height":49,"Demand":1,"DemandMax":null,"Value":6125},{"Length":11,"Height":45,"Demand":1,"DemandMax":null,"Value":495},{"Length":115,"Height":13,"Demand":1,"DemandMax":null,"Value":1495},{"Length":2,"Height":11,"Demand":2,"DemandMax":null,"Value":22},{"Length":27,"Height":12,"Demand":1,"DemandMax":null,"Value":324},{"Length":13,"Height":1,"Demand":1,"DemandMax":null,"Value":13},{"Length":20,"Height":12,"Demand":1,"DemandMax":null,"Value":240},{"Length":109,"Height":12,"Demand":1,"DemandMax":null,"Value":1308},{"Length":52,"Height":47,"Demand":1,"DemandMax":null,"Value":2444},{"Length":90,"Height":9,"Demand":1,"DemandMax":null,"Value":810},{"Length":39,"Height":1,"Demand":1,"DemandMax":null,"Value":39},{"Length":82,"Height":1,"Demand":1,"DemandMax":null,"Value":82},{"Length":7,"Height":21,"Demand":1,"DemandMax":null,"Value":147},{"Length":1,"Height":183,"Demand":2,"DemandMax":null,"Value":183},{"Length":6,"Height":1,"Demand":1,"DemandMax":null,"Value":6},{"Length":1,"Height":24,"Demand":1,"DemandMax":null,"Value":24},{"Length":69,"Height":3,"Demand":1,"DemandMax":null,"Value":207},{"Length":5,"Height":183,"Demand":1,"DemandMax":null,"Value":915},{"Length":14,"Height":162,"Demand":1,"DemandMax":null,"Value":2268},{"Length":160,"Height":137,"Demand":1,"DemandMax":null,"Value":21920},{"Length":17,"Height":45,"Demand":1,"DemandMax":null,"Value":765},{"Length":9,"Height":59,"Demand":1,"DemandMax":null,"Value":531},{"Length":2,"Height":71,"Demand":1,"DemandMax":null,"Value":142},{"Length":15,"Height":58,"Demand":1,"DemandMax":null,"Value":870},{"Length":93,"Height":25,"Demand":1,"DemandMax":null,"Value":2325},{"Length":118,"Height":113,"Demand":1,"DemandMax":null,"Value":13334},{"Length":4,"Height":8,"Demand":2,"DemandMax":null,"Value":32},{"Length":47,"Height":39,"Demand":1,"DemandMax":null,"Value":1833},{"Length":125,"Height":14,"Demand":1,"DemandMax":null,"Value":1750},{"Length":5,"Height":5,"Demand":1,"DemandMax":null,"Value":25},{"Length":189,"Height":1,"Demand":1,"DemandMax":null,"Value":189},{"Length":36,"Height":11,"Demand":1,"DemandMax":null,"Value":396},{"Length":25,"Height":15,"Demand":1,"DemandMax":null,"Value":375},{"Length":51,"Height":15,"Demand":1,"DemandMax":null,"Value":765},{"Length":1,"Height":38,"Demand":1,"DemandMax":null,"Value":38},{"Length":134,"Height":11,"Demand":1,"DemandMax":null,"Value":1474},{"Length":2,"Height":53,"Demand":1,"DemandMax":null,"Value":106},{"Length":1,"Height":20,"Demand":4,"DemandMax":null,"Value":20},{"Length":64,"Height":4,"Demand":1,"DemandMax":null,"Value":256},{"Length":4,"Height":10,"Demand":1,"DemandMax":null,"Value":40},{"Length":6,"Height":117,"Demand":1,"DemandMax":null,"Value":702},{"Length":4,"Height":1,"Demand":3,"DemandMax":null,"Value":4},{"Length":81,"Height":1,"Demand":1,"DemandMax":null,"Value":81},{"Length":132,"Height":13,"Demand":1,"DemandMax":null,"Value":1716},{"Length":8,"Height":69,"Demand":1,"DemandMax":null,"Value":552},{"Length":1,"Height":47,"Demand":1,"DemandMax":null,"Value":47},{"Length":9,"Height":4,"Demand":3,"DemandMax":null,"Value":36},{"Length":7,"Height":5,"Demand":2,"DemandMax":null,"Value":35},{"Length":140,"Height":189,"Demand":1,"DemandMax":null,"Value":26460},{"Length":14,"Height":1,"Demand":1,"DemandMax":null,"Value":14},{"Length":77,"Height":2,"Demand":1,"DemandMax":null,"Value":154},{"Length":6,"Height":16,"Demand":1,"DemandMax":null,"Value":96},{"Length":5,"Height":94,"Demand":1,"DemandMax":null,"Value":470},{"Length":189,"Height":51,"Demand":1,"DemandMax":null,"Value":9639},{"Length":112,"Height":23,"Demand":1,"DemandMax":null,"Value":2576},{"Length":1,"Height":11,"Demand":1,"DemandMax":null,"Value":11},{"Length":2,"Height":1,"Demand":5,"DemandMax":null,"Value":2},{"Length":189,"Height":63,"Demand":1,"DemandMax":null,"Value":11907},{"Length":79,"Height":15,"Demand":1,"DemandMax":null,"Value":1185},{"Length":15,"Height":16,"Demand":1,"DemandMax":null,"Value":240},{"Length":15,"Height":2,"Demand":1,"DemandMax":null,"Value":30},{"Length":28,"Height":9,"Demand":1,"DemandMax":null,"Value":252},{"Length":7,"Height":112,"Demand":1,"DemandMax":null,"Value":784},{"Length":16,"Height":47,"Demand":1,"DemandMax":null,"Value":752},{"Length":40,"Height":44,"Demand":1,"DemandMax":null,"Value":1760},{"Length":16,"Height":62,"Demand":1,"DemandMax":null,"Value":992},{"Length":44,"Height":2,"Demand":1,"DemandMax":null,"Value":88},{"Length":9,"Height":11,"Demand":1,"DemandMax":null,"Value":99},{"Length":2,"Height":35,"Demand":1,"DemandMax":null,"Value":70},{"Length":2,"Height":10,"Demand":1,"DemandMax":null,"Value":20},{"Length":21,"Height":2,"Demand":1,"DemandMax":null,"Value":42},{"Length":91,"Height":5,"Demand":1,"DemandMax":null,"Value":455},{"Length":91,"Height":8,"Demand":1,"DemandMax":null,"Value":728},{"Length":53,"Height":3,"Demand":1,"DemandMax":null,"Value":159},{"Length":26,"Height":1,"Demand":1,"DemandMax":null,"Value":26},{"Length":35,"Height":44,"Demand":1,"DemandMax":null,"Value":1540},{"Length":10,"Height":106,"Demand":1,"DemandMax":null,"Value":1060},{"Length":3,"Height":3,"Demand":2,"DemandMax":null,"Value":9},{"Length":4,"Height":13,"Demand":1,"DemandMax":null,"Value":52},{"Length":47,"Height":1,"Demand":1,"DemandMax":null,"Value":47},{"Length":89,"Height":3,"Demand":1,"DemandMax":null,"Value":267},{"Length":7,"Height":26,"Demand":1,"DemandMax":null,"Value":182},{"Length":168,"Height":182,"Demand":1,"DemandMax":null,"Value":30576},{"Length":28,"Height":38,"Demand":1,"DemandMax":null,"Value":1064},{"Length":183,"Height":19,"Demand":1,"DemandMax":null,"Value":3477},{"Length":6,"Height":31,"Demand":1,"DemandMax":null,"Value":186},{"Length":4,"Height":9,"Demand":1,"DemandMax":null,"Value":36},{"Length":26,"Height":11,"Demand":1,"DemandMax":null,"Value":286},{"Length":83,"Height":160,"Demand":1,"DemandMax":null,"Value":13280},{"Length":96,"Height":1,"Demand":1,"DemandMax":null,"Value":96},{"Length":140,"Height":32,"Demand":1,"DemandMax":null,"Value":4480},{"Length":1,"Height":3,"Demand":1,"DemandMax":null,"Value":3},{"Length":8,"Height":9,"Demand":1,"DemandMax":null,"Value":72},{"Length":127,"Height":112,"Demand":1,"DemandMax":null,"Value":14224},{"Length":2,"Height":75,"Demand":1,"DemandMax":null,"Value":150},{"Length":5,"Height":1,"Demand":5,"DemandMax":null,"Value":5},{"Length":13,"Height":44,"Demand":1,"DemandMax":null,"Value":572},{"Length":3,"Height":15,"Demand":1,"DemandMax":null,"Value":45},{"Length":99,"Height":11,"Demand":1,"DemandMax":null,"Value":1089},{"Length":168,"Height":6,"Demand":1,"DemandMax":null,"Value":1008},{"Length":100,"Height":59,"Demand":1,"DemandMax":null,"Value":5900},{"Length":7,"Height":36,"Demand":1,"DemandMax":null,"Value":252},{"Length":28,"Height":17,"Demand":1,"DemandMax":null,"Value":476},{"Length":76,"Height":33,"Demand":1,"DemandMax":null,"Value":2508},{"Length":95,"Height":45,"Demand":1,"DemandMax":null,"Value":4275},{"Length":10,"Height":16,"Demand":1,"DemandMax":null,"Value":160},{"Length":8,"Height":183,"Demand":1,"DemandMax":null,"Value":1464},{"Length":60,"Height":9,"Demand":1,"DemandMax":null,"Value":540},{"Length":9,"Height":31,"Demand":1,"DemandMax":null,"Value":279},{"Length":95,"Height":97,"Demand":1,"DemandMax":null,"Value":9215},{"Length":1,"Height":17,"Demand":1,"DemandMax":null,"Value":17},{"Length":1,"Height":30,"Demand":1,"DemandMax":null,"Value":30},{"Length":14,"Height":8,"Demand":1,"DemandMax":null,"Value":112},{"Length":56,"Height":3,"Demand":1,"DemandMax":null,"Value":168},{"Length":16,"Height":4,"Demand":1,"DemandMax":null,"Value":64},{"Length":7,"Height":16,"Demand":1,"DemandMax":null,"Value":112},{"Length":74,"Height":157,"Demand":1,"DemandMax":null,"Value":11618},{"Length":123,"Height":1,"Demand":1,"DemandMax":null,"Value":123},{"Length":47,"Height":57,"Demand":1,"DemandMax":null,"Value":2679},{"Length":27,"Height":2,"Demand":2,"DemandMax":null,"Value":54},{"Length":77,"Height":36,"Demand":1,"DemandMax":null,"Value":2772},{"Length":2,"Height":44,"Demand":1,"DemandMax":null,"Value":88},{"Length":88,"Height":26,"Demand":1,"DemandMax":null,"Value":2288},{"Length":7,"Height":1,"Demand":1,"DemandMax":null,"Value":7},{"Length":55,"Height":2,"Demand":1,"DemandMax":null,"Value":110},{"Length":6,"Height":75,"Demand":1,"DemandMax":null,"Value":450},{"Length":2,"Height":5,"Demand":1,"DemandMax":null,"Value":10},{"Length":90,"Height":41,"Demand":1,"DemandMax":null,"Value":3690},{"Length":1,"Height":6,"Demand":2,"DemandMax":null,"Value":6},{"Length":7,"Height":43,"Demand":1,"DemandMax":null,"Value":301},{"Length":3,"Height":71,"Demand":1,"DemandMax":null,"Value":213},{"Length":91,"Height":9,"Demand":1,"DemandMax":null,"Value":819},{"Length":55,"Height":80,"Demand":1,"DemandMax":null,"Value":4400},{"Length":5,"Height":99,"Demand":1,"DemandMax":null,"Value":495},{"Length":10,"Height":181,"Demand":1,"DemandMax":null,"Value":1810},{"Length":7,"Height":3,"Demand":1,"DemandMax":null,"Value":21},{"Length":183,"Height":7,"Demand":1,"DemandMax":null,"Value":1281},{"Length":3,"Height":11,"Demand":1,"DemandMax":null,"Value":33},{"Length":2,"Height":14,"Demand":1,"DemandMax":null,"Value":28},{"Length":56,"Height":45,"Demand":1,"DemandMax":null,"Value":2520},{"Length":1,"Height":7,"Demand":1,"DemandMax":null,"Value":7},{"Length":4,"Height":106,"Demand":1,"DemandMax":null,"Value":424},{"Length":4,"Height":147,"Demand":1,"DemandMax":null,"Value":588},{"Length":9,"Height":28,"Demand":1,"DemandMax":null,"Value":252},{"Length":77,"Height":42,"Demand":1,"DemandMax":null,"Value":3234},{"Length":168,"Height":21,"Demand":1,"DemandMax":null,"Value":3528},{"Length":4,"Height":20,"Demand":1,"DemandMax":null,"Value":80},{"Length":111,"Height":106,"Demand":1,"DemandMax":null,"Value":11766},{"Length":15,"Height":73,"Demand":1,"DemandMax":null,"Value":1095},{"Length":14,"Height":35,"Demand":1,"DemandMax":null,"Value":490},{"Length":183,"Height":13,"Demand":1,"DemandMax":null,"Value":2379},{"Length":73,"Height":12,"Demand":1,"DemandMax":null,"Value":876},{"Length":47,"Height":50,"Demand":1,"DemandMax":null,"Value":2350},{"Length":44,"Height":6,"Demand":1,"DemandMax":null,"Value":264},{"Length":6,"Height":35,"Demand":1,"DemandMax":null,"Value":210},{"Length":4,"Height":22,"Demand":1,"DemandMax":null,"Value":88},{"Length":1,"Height":14,"Demand":2,"DemandMax":null,"Value":14},{"Length":23,"Height":189,"Demand":1,"DemandMax":null,"Value":4347},{"Length":72,"Height":12,"Demand":1,"DemandMax":null,"Value":864},{"Length":74,"Height":155,"Demand":1,"DemandMax":null,"Value":11470},{"Length":9,"Height":12,"Demand":1,"DemandMax":null,"Value":108},{"Length":69,"Height":47,"Demand":1,"DemandMax":null,"Value":3243},{"Length":73,"Height":58,"Demand":1,"DemandMax":null,"Value":4234},{"Length":86,"Height":189,"Demand":1,"DemandMax":null,"Value":16254},{"Length":132,"Height":164,"Demand":1,"DemandMax":null,"Value":21648},{"Length":159,"Height":14,"Demand":1,"DemandMax":null,"Value":2226},{"Length":4,"Height":15,"Demand":1,"DemandMax":null,"Value":60},{"Length":30,"Height":1,"Demand":1,"DemandMax":null,"Value":30},{"Length":4,"Height":17,"Demand":1,"DemandMax":null,"Value":68},{"Length":3,"Height":12,"Demand":1,"DemandMax":null,"Value":36},{"Length":7,"Height":47,"Demand":2,"DemandMax":null,"Value":329},{"Length":2,"Height":55,"Demand":1,"DemandMax":null,"Value":110},{"Length":2,"Height":20,"Demand":1,"DemandMax":null,"Value":40},{"Length":20,"Height":80,"Demand":1,"DemandMax":null,"Value":1600},{"Length":24,"Height":7,"Demand":1,"DemandMax":null,"Value":168},{"Length":1,"Height":28,"Demand":1,"DemandMax":null,"Value":28},{"Length":5,"Height":15,"Demand":1,"DemandMax":null,"Value":75},{"Length":5,"Height":60,"Demand":1,"DemandMax":null,"Value":300},{"Length":8,"Height":26,"Demand":1,"DemandMax":null,"Value":208},{"Length":20,"Height":11,"Demand":1,"DemandMax":null,"Value":220},{"Length":45,"Height":1,"Demand":1,"DemandMax":null,"Value":45},{"Length":40,"Height":123,"Demand":1,"DemandMax":null,"Value":4920},{"Length":1,"Height":85,"Demand":1,"DemandMax":null,"Value":85},{"Length":97,"Height":167,"Demand":1,"DemandMax":null,"Value":16199},{"Length":104,"Height":71,"Demand":1,"DemandMax":null,"Value":7384},{"Length":26,"Height":30,"Demand":1,"DemandMax":null,"Value":780},{"Length":82,"Height":103,"Demand":1,"DemandMax":null,"Value":8446},{"Length":41,"Height":2,"Demand":1,"DemandMax":null,"Value":82},{"Length":4,"Height":31,"Demand":1,"DemandMax":null,"Value":124},{"Length":21,"Height":11,"Demand":1,"DemandMax":null,"Value":231},{"Length":87,"Height":1,"Demand":1,"DemandMax":null,"Value":87},{"Length":90,"Height":45,"Demand":1,"DemandMax":null,"Value":4050},{"Length":10,"Height":1,"Demand":1,"DemandMax":null,"Value":10},{"Length":5,"Height":17,"Demand":1,"DemandMax":null,"Value":85},{"Length":47,"Height":3,"Demand":1,"DemandMax":null,"Value":141},{"Length":104,"Height":1,"Demand":2,"DemandMax":null,"Value":104},{"Length":30,"Height":97,"Demand":1,"DemandMax":null,"Value":2910},{"Length":19,"Height":1,"Demand":1,"DemandMax":null,"Value":19},{"Length":91,"Height":3,"Demand":1,"DemandMax":null,"Value":273},{"Length":48,"Height":107,"Demand":1,"DemandMax":null,"Value":5136},{"Length":67,"Height":26,"Demand":1,"DemandMax":null,"Value":1742},{"Length":125,"Height":40,"Demand":1,"DemandMax":null,"Value":5000},{"Length":16,"Height":19,"Demand":1,"DemandMax":null,"Value":304},{"Length":1,"Height":10,"Demand":1,"DemandMax":null,"Value":10},{"Length":1,"Height":53,"Demand":1,"DemandMax":null,"Value":53},{"Length":77,"Height":19,"Demand":1,"DemandMax":null,"Value":1463},{"Length":127,"Height":95,"Demand":1,"DemandMax":null,"Value":12065},{"Length":39,"Height":5,"Demand":1,"DemandMax":null,"Value":195},{"Length":11,"Height":11,"Demand":1,"DemandMax":null,"Value":121},{"Length":125,"Height":6,"Demand":1,"DemandMax":null,"Value":750},{"Length":74,"Height":67,"Demand":1,"DemandMax":null,"Value":4958},{"Length":168,"Height":5,"Demand":1,"DemandMax":null,"Value":840},{"Length":5,"Height":6,"Demand":1,"DemandMax":null,"Value":30},{"Length":159,"Height":123,"Demand":1,"DemandMax":null,"Value":19557},{"Length":168,"Height":3,"Demand":1,"DemandMax":null,"Value":504},{"Length":36,"Height":168,"Demand":1,"DemandMax":null,"Value":6048},{"Length":23,"Height":1,"Demand":1,"DemandMax":null,"Value":23},{"Length":10,"Height":54,"Demand":1,"DemandMax":null,"Value":540},{"Length":78,"Height":29,"Demand":1,"DemandMax":null,"Value":2262},{"Length":91,"Height":1,"Demand":1,"DemandMax":null,"Value":91},{"Length":1,"Height":16,"Demand":2,"DemandMax":null,"Value":16},{"Length":60,"Height":41,"Demand":1,"DemandMax":null,"Value":2460},{"Length":3,"Height":150,"Demand":1,"DemandMax":null,"Value":450},{"Length":1,"Height":26,"Demand":1,"DemandMax":null,"Value":26},{"Length":73,"Height":4,"Demand":1,"DemandMax":null,"Value":292},{"Length":1,"Height":42,"Demand":1,"DemandMax":null,"Value":42},{"Length":60,"Height":133,"Demand":1,"DemandMax":null,"Value":7980},{"Length":16,"Height":21,"Demand":1,"DemandMax":null,"Value":336},{"Length":36,"Height":19,"Demand":1,"DemandMax":null,"Value":684},{"Length":12,"Height":31,"Demand":1,"DemandMax":null,"Value":372},{"Length":46,"Height":88,"Demand":1,"DemandMax":null,"Value":4048},{"Length":37,"Height":1,"Demand":1,"DemandMax":null,"Value":37},{"Length":4,"Height":47,"Demand":1,"DemandMax":null,"Value":188},{"Length":125,"Height":5,"Demand":1,"DemandMax":null,"Value":625},{"Length":78,"Height":103,"Demand":1,"DemandMax":null,"Value":8034},{"Length":40,"Height":84,"Demand":1,"DemandMax":null,"Value":3360},{"Length":115,"Height":135,"Demand":1,"DemandMax":null,"Value":15525},{"Length":19,"Height":2,"Demand":1,"DemandMax":null,"Value":38},{"Length":72,"Height":3,"Demand":1,"DemandMax":null,"Value":216},{"Length":115,"Height":41,"Demand":1,"DemandMax":null,"Value":4715},{"Length":58,"Height":130,"Demand":1,"DemandMax":null,"Value":7540},{"Length":31,"Height":3,"Demand":1,"DemandMax":null,"Value":93},{"Length":2,"Height":6,"Demand":1,"DemandMax":null,"Value":12},{"Length":83,"Height":146,"Demand":1,"DemandMax":null,"Value":12118},{"Length":168,"Height":23,"Demand":1,"DemandMax":null,"Value":3864},{"Length":9,"Height":26,"Demand":1,"DemandMax":null,"Value":234},{"Length":127,"Height":61,"Demand":1,"DemandMax":null,"Value":7747},{"Length":57,"Height":1,"Demand":1,"DemandMax":null,"Value":57},{"Length":19,"Height":146,"Demand":1,"DemandMax":null,"Value":2774},{"Length":2,"Height":47,"Demand":1,"DemandMax":null,"Value":94},{"Length":66,"Height":25,"Demand":1,"DemandMax":null,"Value":1650},{"Length":164,"Height":166,"Demand":1,"DemandMax":null,"Value":27224},{"Length":26,"Height":77,"Demand":1,"DemandMax":null,"Value":2002},{"Length":34,"Height":11,"Demand":1,"DemandMax":null,"Value":374},{"Length":35,"Height":69,"Demand":1,"DemandMax":null,"Value":2415},{"Length":5,"Height":2,"Demand":1,"DemandMax":null,"Value":10},{"Length":1,"Height":4,"Demand":1,"DemandMax":null,"Value":4},{"Length":4,"Height":4,"Demand":1,"DemandMax":null,"Value":16},{"Length":6,"Height":17,"Demand":1,"DemandMax":null,"Value":102},{"Length":48,"Height":106,"Demand":1,"DemandMax":null,"Value":5088}]}