{"Name":"Nice100i5b1","Objects":[{"Length":377,"Height":385,"Stock":5,"Cost":145145},{"Length":623,"Height":482,"Stock":4,"Cost":300286},{"Length":377,"Height":271,"Stock":3,"Cost":102167},{"Length":377,"Height":344,"Stock":6,"Cost":129688},{"Length":623,"Height":518,"Stock":3,"Cost":322714}],"Items":[{"Length":161,"Height":43,"Demand":1,"DemandMax":null,"Value":6923},{"Length":142,"Height":38,"Demand":1,"DemandMax":null,"Value":5396},{"Length":85,"Height":81,"Demand":1,"DemandMax":null,"Value":6885},{"Length":142,"Height":61,"Demand":1,"DemandMax":null,"Value":8662},{"Length":130,"Height":91,"Demand":1,"DemandMax":null,"Value":11830},{"Length":88,"Height":94,"Demand":1,"DemandMax":null,"Value":8272},{"Length":90,"Height":95,"Demand":1,"DemandMax":null,"Value":8550},{"Length":66,"Height":150,"Demand":1,"DemandMax":null,"Value":9900},{"Length":145,"Height":78,"Demand":1,"DemandMax":null,"Value":11310},{"Length":99,"Height":100,"Demand":1,"DemandMax":null,"Value":9900},{"Length":155,"Height":67,"Demand":1,"DemandMax":null,"Value":10385},{"Length":126,"Height":59,"Demand":1,"DemandMax":null,"Value":7434},{"Length":110,"Height":76,"Demand":1,"DemandMax":null,"Value":8360},{"Length":70,"Height":110,"Demand":1,"DemandMax":null,"Value":7700},{"Length":102,"Height":44,"Demand":1,"DemandMax":null,"Value":4488},{"Length":111,"Height":86,"Demand":1,"DemandMax":null,"Value":9546},{"Length":241,"Height":90,"Demand":1,"DemandMax":null,"Value":21690},{"Length":92,"Height":76,"Demand":1,"DemandMax":null,"Value":6992},{"Length":142,"Height":50,"Demand":2,"DemandMax":null,"Value":7100},{"Length":171,"Height":66,"Demand":1,"DemandMax":null,"Value":11286},{"Length":166,"Height":42,"Demand":1,"DemandMax":null,"Value":6972},{"Length":185,"Height":77,"Demand":1,"DemandMax":null,"Value":14245},{"Length":42,"Height":166,"Demand":1,"DemandMax":null,"Value":6972},{"Length":145,"Height":88,"Demand":1,"DemandMax":null,"Value":12760},{"Length":63,"Height":89,"Demand":1,"DemandMax":null,"Value":5607},{"Length":55,"Height":144,"Demand":1,"DemandMax":null,"Value":7920},{"Length":83,"Height":104,"Demand":1,"DemandMax":null,"Value":8632},{"Length":85,"Height":82,"Demand":1,"DemandMax":null,"Value":6970},{"Length":118,"Height":77,"Demand":1,"DemandMax":null,"Value":9086},{"Length":100,"Height":82,"Demand":1,"DemandMax":null,"Value":8200},{"Length":155,"Height":45,"Demand":1,"DemandMax":null,"Value":6975},{"Length":88,"Height":79,"Demand":1,"DemandMax":null,"Value":6952},{"Length":131,"Height":76,"Demand":1,"DemandMax":null,"Value":9956},{"Length":78,"Height":98,"Demand":1,"DemandMax":null,"Value":7644},{"Length":66,"Height":107,"Demand":1,"DemandMax":null,"Value":7062},{"Length":87,"Height":166,"Demand":1,"DemandMax":null,"Value":14442},{"Length":52,"Height":194,"Demand":1,"DemandMax":null,"Value":10088},{"Length":77,"Height":89,"Demand":1,"DemandMax":null,"Value":6853},{"Length":86,"Height":81,"Demand":1,"DemandMax":null,"Value":6966},{"Length":142,"Height":62,"Demand":1,"DemandMax":null,"Value":8804},{"Length":83,"Height":117,"Demand":1,"DemandMax":null,"Value":9711},{"Length":66,"Height":194,"Demand":1,"DemandMax":null,"Value":12804},{"Length":161,"Height":55,"Demand":1,"DemandMax":null,"Value":8855},{"Length":93,"Height":76,"Demand":1,"DemandMax":null,"Value":7068},{"Length":166,"Height":49,"Demand":1,"DemandMax":null,"Value":8134},{"Length":68,"Height":100,"Demand":4,"DemandMax":null,"Value":6800},{"Length":81,"Height":144,"Demand":1,"DemandMax":null,"Value":11664},{"Length":64,"Height":121,"Demand":1,"DemandMax":null,"Value":7744},{"Length":88,"Height":87,"Demand":1,"DemandMax":null,"Value":7656},{"Length":138,"Height":98,"Demand":1,"DemandMax":null,"Value":13524},{"Length":82,"Height":124,"Demand":1,"DemandMax":null,"Value":10168},{"Length":100,"Height":110,"Demand":1,"DemandMax":null,"Value":11000},{"Length":80,"Height":89,"Demand":1,"DemandMax":null,"Value":7120},{"Length":164,"Height":77,"Demand":1,"DemandMax":null,"Value":12628},{"Length":38,"Height":121,"Demand":1,"DemandMax":null,"Value":4598},{"Length":155,"Height":54,"Demand":1,"DemandMax":null,"Value":8370},{"Length":78,"Height":96,"Demand":1,"DemandMax":null,"Value":7488},{"Length":106,"Height":69,"Demand":1,"DemandMax":null,"Value":7314},{"Length":43,"Height":81,"Demand":1,"DemandMax":null,"Value":3483},{"Length":88,"Height":47,"Demand":1,"DemandMax":null,"Value":4136},{"Length":99,"Height":244,"Demand":1,"DemandMax":null,"Value":24156},{"Length":66,"Height":114,"Demand":1,"DemandMax":null,"Value":7524},{"Length":93,"Height":81,"Demand":1,"DemandMax":null,"Value":7533},{"Length":102,"Height":109,"Demand":1,"DemandMax":null,"Value":11118},{"Length":201,"Height":119,"Demand":1,"DemandMax":null,"Value":23919},{"Length":61,"Height":150,"Demand":1,"DemandMax":null,"Value":9150},{"Length":89,"Height":124,"Demand":1,"DemandMax":null,"Value":11036},{"Length":125,"Height":55,"Demand":2,"DemandMax":null,"Value":6875},{"Length":39,"Height":125,"Demand":2,"DemandMax":null,"Value":4875},{"Length":52,"Height":177,"Demand":1,"DemandMax":null,"Value":9204},{"Length":82,"Height":110,"Demand":1,"DemandMax":null,"Value":9020},{"Length":102,"Height":76,"Demand":1,"DemandMax":null,"Value":7752},{"Length":137,"Height":95,"Demand":1,"DemandMax":null,"Value":13015},{"Length":225,"Height":219,"Demand":1,"DemandMax":null,"Value":49275},{"Length":106,"Height":81,"Demand":1,"DemandMax":null,"Value":8586},{"Length":111,"Height":93,"Demand":1,"DemandMax":null,"Value":10323},{"Length":88,"Height":41,"Demand":1,"DemandMax":null,"Value":3608},{"Length":111,"Height":116,"Demand":1,"DemandMax":null,"Value":12876},{"Length":111,"Height":132,"Demand":1,"DemandMax":null,"Value":14652},{"Length":163,"Height":150,"Demand":1,"DemandMax":null,"Value":24450},{"Length":126,"Height":60,"Demand":1,"DemandMax":null,"Value":7560},{"Length":102,"Height":124,"Demand":1,"DemandMax":null,"Value":12648},{"Length":225,"Height":99,"Demand":1,"DemandMax":null,"Value":22275},{"Length":60,"Height":81,"Demand":1,"DemandMax":null,"Value":4860},{"Length":185,"Height":192,"Demand":1,"DemandMax":null,"Value":35520},{"Length":237,"Height":177,"Demand":1,"DemandMax":null,"Value":41949},{"Length":88,"Height":51,"Demand":1,"DemandMax":null,"Value":4488},{"Length":86,"Height":89,"Demand":1,"DemandMax":null,"Value":7654},{"Length":40,"Height":121,"Demand":1,"DemandMax":null,"Value":4840},{"Length":102,"Height":46,"Demand":1,"DemandMax":null,"Value":4692},{"Length":43,"Height":85,"Demand":1,"DemandMax":null,"Value":3655},{"Length":88,"Height":49,"Demand":1,"DemandMax":null,"Value":4312},{"Length":72,"Height":81,"Demand":1,"DemandMax":null,"Value":5832},{"Length":142,"Height":39,"Demand":1,"DemandMax":null,"Value":5538}]}