{"Name":"Path100i2b4","Objects":[{"Length":417,"Height":1000,"Stock":5,"Cost":417000},{"Length":583,"Height":1000,"Stock":5,"Cost":583000}],"Items":[{"Length":247,"Height":104,"Demand":1,"DemandMax":null,"Value":25688},{"Length":122,"Height":5,"Demand":1,"DemandMax":null,"Value":610},{"Length":337,"Height":222,"Demand":1,"DemandMax":null,"Value":74814},{"Length":235,"Height":16,"Demand":1,"DemandMax":null,"Value":3760},{"Length":96,"Height":406,"Demand":1,"DemandMax":null,"Value":38976},{"Length":348,"Height":19,"Demand":1,"DemandMax":null,"Value":6612},{"Length":20,"Height":191,"Demand":1,"DemandMax":null,"Value":3820},{"Length":2,"Height":134,"Demand":2,"DemandMax":null,"Value":268},{"Length":8,"Height":11,"Demand":1,"DemandMax":null,"Value":88},{"Length":17,"Height":359,"Demand":1,"DemandMax":null,"Value":6103},{"Length":3,"Height":20,"Demand":1,"DemandMax":null,"Value":60},{"Length":1,"Height":312,"Demand":1,"DemandMax":null,"Value":312},{"Length":95,"Height":359,"Demand":1,"DemandMax":null,"Value":34105},{"Length":2,"Height":3,"Demand":1,"DemandMax":null,"Value":6},{"Length":250,"Height":25,"Demand":1,"DemandMax":null,"Value":6250},{"Length":188,"Height":14,"Demand":1,"DemandMax":null,"Value":2632},{"Length":188,"Height":102,"Demand":1,"DemandMax":null,"Value":19176},{"Length":2,"Height":123,"Demand":1,"DemandMax":null,"Value":246},{"Length":147,"Height":116,"Demand":1,"DemandMax":null,"Value":17052},{"Length":13,"Height":406,"Demand":1,"DemandMax":null,"Value":5278},{"Length":235,"Height":12,"Demand":1,"DemandMax":null,"Value":2820},{"Length":37,"Height":9,"Demand":1,"DemandMax":null,"Value":333},{"Length":98,"Height":25,"Demand":1,"DemandMax":null,"Value":2450},{"Length":115,"Height":22,"Demand":1,"DemandMax":null,"Value":2530},{"Length":235,"Height":25,"Demand":1,"DemandMax":null,"Value":5875},{"Length":93,"Height":154,"Demand":1,"DemandMax":null,"Value":14322},{"Length":318,"Height":2,"Demand":1,"DemandMax":null,"Value":636},{"Length":21,"Height":406,"Demand":1,"DemandMax":null,"Value":8526},{"Length":100,"Height":116,"Demand":1,"DemandMax":null,"Value":11600},{"Length":73,"Height":42,"Demand":1,"DemandMax":null,"Value":3066},{"Length":328,"Height":327,"Demand":1,"DemandMax":null,"Value":107256},{"Length":1,"Height":94,"Demand":1,"DemandMax":null,"Value":94},{"Length":1,"Height":7,"Demand":2,"DemandMax":null,"Value":7},{"Length":24,"Height":359,"Demand":1,"DemandMax":null,"Value":8616},{"Length":97,"Height":359,"Demand":1,"DemandMax":null,"Value":34823},{"Length":122,"Height":28,"Demand":1,"DemandMax":null,"Value":3416},{"Length":69,"Height":406,"Demand":1,"DemandMax":null,"Value":28014},{"Length":1,"Height":406,"Demand":2,"DemandMax":null,"Value":406},{"Length":1,"Height":109,"Demand":1,"DemandMax":null,"Value":109},{"Length":237,"Height":35,"Demand":1,"DemandMax":null,"Value":8295},{"Length":115,"Height":13,"Demand":1,"DemandMax":null,"Value":1495},{"Length":41,"Height":7,"Demand":1,"DemandMax":null,"Value":287},{"Length":2,"Height":25,"Demand":1,"DemandMax":null,"Value":50},{"Length":181,"Height":325,"Demand":1,"DemandMax":null,"Value":58825},{"Length":5,"Height":7,"Demand":1,"DemandMax":null,"Value":35},{"Length":26,"Height":1,"Demand":2,"DemandMax":null,"Value":26},{"Length":2,"Height":10,"Demand":1,"DemandMax":null,"Value":20},{"Length":142,"Height":154,"Demand":1,"DemandMax":null,"Value":21868},{"Length":1,"Height":6,"Demand":1,"DemandMax":null,"Value":6},{"Length":122,"Height":52,"Demand":1,"DemandMax":null,"Value":6344},{"Length":235,"Height":18,"Demand":1,"DemandMax":null,"Value":4230},{"Length":6,"Height":7,"Demand":1,"DemandMax":null,"Value":42},{"Length":188,"Height":188,"Demand":1,"DemandMax":null,"Value":35344},{"Length":318,"Height":5,"Demand":1,"DemandMax":null,"Value":1590},{"Length":8,"Height":214,"Demand":1,"DemandMax":null,"Value":1712},{"Length":150,"Height":10,"Demand":1,"DemandMax":null,"Value":1500},{"Length":37,"Height":394,"Demand":1,"DemandMax":null,"Value":14578},{"Length":62,"Height":327,"Demand":1,"DemandMax":null,"Value":20274},{"Length":23,"Height":5,"Demand":1,"DemandMax":null,"Value":115},{"Length":17,"Height":7,"Demand":1,"DemandMax":null,"Value":119},{"Length":2,"Height":116,"Demand":1,"DemandMax":null,"Value":232},{"Length":8,"Height":116,"Demand":1,"DemandMax":null,"Value":928},{"Length":1,"Height":4,"Demand":1,"DemandMax":null,"Value":4},{"Length":5,"Height":116,"Demand":1,"DemandMax":null,"Value":580},{"Length":8,"Height":121,"Demand":1,"DemandMax":null,"Value":968},{"Length":3,"Height":3,"Demand":1,"DemandMax":null,"Value":9},{"Length":50,"Height":116,"Demand":1,"DemandMax":null,"Value":5800},{"Length":1,"Height":359,"Demand":1,"DemandMax":null,"Value":359},{"Length":122,"Height":274,"Demand":1,"DemandMax":null,"Value":33428},{"Length":3,"Height":56,"Demand":1,"DemandMax":null,"Value":168},{"Length":236,"Height":325,"Demand":1,"DemandMax":null,"Value":76700},{"Length":188,"Height":1,"Demand":1,"DemandMax":null,"Value":188},{"Length":318,"Height":33,"Demand":1,"DemandMax":null,"Value":10494},{"Length":85,"Height":10,"Demand":1,"DemandMax":null,"Value":850},{"Length":1,"Height":135,"Demand":1,"DemandMax":null,"Value":135},{"Length":3,"Height":109,"Demand":1,"DemandMax":null,"Value":327},{"Length":24,"Height":7,"Demand":1,"DemandMax":null,"Value":168},{"Length":2,"Height":109,"Demand":1,"DemandMax":null,"Value":218},{"Length":188,"Height":10,"Demand":1,"DemandMax":null,"Value":1880},{"Length":417,"Height":244,"Demand":1,"DemandMax":null,"Value":101748},{"Length":1,"Height":40,"Demand":1,"DemandMax":null,"Value":40},{"Length":170,"Height":104,"Demand":1,"DemandMax":null,"Value":17680},{"Length":81,"Height":35,"Demand":1,"DemandMax":null,"Value":2835},{"Length":2,"Height":58,"Demand":1,"DemandMax":null,"Value":116},{"Length":2,"Height":135,"Demand":1,"DemandMax":null,"Value":270},{"Length":3,"Height":2,"Demand":1,"DemandMax":null,"Value":6},{"Length":27,"Height":327,"Demand":1,"DemandMax":null,"Value":8829},{"Length":37,"Height":3,"Demand":1,"DemandMax":null,"Value":111},{"Length":33,"Height":359,"Demand":1,"DemandMax":null,"Value":11847},{"Length":188,"Height":2,"Demand":1,"DemandMax":null,"Value":376},{"Length":3,"Height":14,"Demand":1,"DemandMax":null,"Value":42},{"Length":1,"Height":2,"Demand":1,"DemandMax":null,"Value":2},{"Length":8,"Height":60,"Demand":1,"DemandMax":null,"Value":480},{"Length":1,"Height":47,"Demand":1,"DemandMax":null,"Value":47},{"Length":10,"Height":191,"Demand":1,"DemandMax":null,"Value":1910},{"Length":337,"Height":184,"Demand":1,"DemandMax":null,"Value":62008}]}