{"Name":"Nice50i6b4","Objects":[{"Length":484,"Height":313,"Stock":2,"Cost":151492},{"Length":432,"Height":286,"Stock":5,"Cost":123552},{"Length":516,"Height":313,"Stock":1,"Cost":161508},{"Length":445,"Height":401,"Stock":1,"Cost":178445},{"Length":568,"Height":286,"Stock":5,"Cost":162448},{"Length":555,"Height":401,"Stock":5,"Cost":222555}],"Items":[{"Length":94,"Height":63,"Demand":1,"DemandMax":null,"Value":5922},{"Length":165,"Height":286,"Demand":1,"DemandMax":null,"Value":47190},{"Length":94,"Height":92,"Demand":1,"DemandMax":null,"Value":8648},{"Length":206,"Height":72,"Demand":1,"DemandMax":null,"Value":14832},{"Length":135,"Height":99,"Demand":1,"DemandMax":null,"Value":13365},{"Length":94,"Height":155,"Demand":1,"DemandMax":null,"Value":14570},{"Length":148,"Height":106,"Demand":1,"DemandMax":null,"Value":15688},{"Length":174,"Height":79,"Demand":1,"DemandMax":null,"Value":13746},{"Length":110,"Height":134,"Demand":1,"DemandMax":null,"Value":14740},{"Length":94,"Height":152,"Demand":1,"DemandMax":null,"Value":14288},{"Length":203,"Height":180,"Demand":1,"DemandMax":null,"Value":36540},{"Length":117,"Height":207,"Demand":1,"DemandMax":null,"Value":24219},{"Length":110,"Height":133,"Demand":1,"DemandMax":null,"Value":14630},{"Length":103,"Height":68,"Demand":1,"DemandMax":null,"Value":7004},{"Length":267,"Height":143,"Demand":2,"DemandMax":null,"Value":38181},{"Length":281,"Height":81,"Demand":1,"DemandMax":null,"Value":22761},{"Length":117,"Height":167,"Demand":1,"DemandMax":null,"Value":19539},{"Length":87,"Height":98,"Demand":1,"DemandMax":null,"Value":8526},{"Length":122,"Height":167,"Demand":1,"DemandMax":null,"Value":20374},{"Length":92,"Height":121,"Demand":1,"DemandMax":null,"Value":11132},{"Length":271,"Height":234,"Demand":1,"DemandMax":null,"Value":63414},{"Length":121,"Height":152,"Demand":1,"DemandMax":null,"Value":18392},{"Length":119,"Height":106,"Demand":1,"DemandMax":null,"Value":12614},{"Length":152,"Height":207,"Demand":1,"DemandMax":null,"Value":31464},{"Length":56,"Height":152,"Demand":1,"DemandMax":null,"Value":8512},{"Length":135,"Height":90,"Demand":1,"DemandMax":null,"Value":12150},{"Length":133,"Height":133,"Demand":1,"DemandMax":null,"Value":17689},{"Length":155,"Height":106,"Demand":1,"DemandMax":null,"Value":16430},{"Length":206,"Height":95,"Demand":1,"DemandMax":null,"Value":19570},{"Length":75,"Height":155,"Demand":1,"DemandMax":null,"Value":11625},{"Length":222,"Height":246,"Demand":1,"DemandMax":null,"Value":54612},{"Length":281,"Height":99,"Demand":1,"DemandMax":null,"Value":27819},{"Length":147,"Height":133,"Demand":1,"DemandMax":null,"Value":19551},{"Length":128,"Height":134,"Demand":1,"DemandMax":null,"Value":17152},{"Length":153,"Height":207,"Demand":1,"DemandMax":null,"Value":31671},{"Length":219,"Height":155,"Demand":1,"DemandMax":null,"Value":33945},{"Length":154,"Height":246,"Demand":1,"DemandMax":null,"Value":37884},{"Length":135,"Height":97,"Demand":1,"DemandMax":null,"Value":13095},{"Length":92,"Height":125,"Demand":1,"DemandMax":null,"Value":11500},{"Length":99,"Height":70,"Demand":1,"DemandMax":null,"Value":6930},{"Length":195,"Height":134,"Demand":1,"DemandMax":null,"Value":26130},{"Length":242,"Height":155,"Demand":1,"DemandMax":null,"Value":37510},{"Length":87,"Height":72,"Demand":1,"DemandMax":null,"Value":6264},{"Length":87,"Height":76,"Demand":1,"DemandMax":null,"Value":6612},{"Length":94,"Height":70,"Demand":1,"DemandMax":null,"Value":6580},{"Length":94,"Height":221,"Demand":1,"DemandMax":null,"Value":20774},{"Length":59,"Height":152,"Demand":1,"DemandMax":null,"Value":8968},{"Length":103,"Height":84,"Demand":1,"DemandMax":null,"Value":8652},{"Length":99,"Height":85,"Demand":1,"DemandMax":null,"Value":8415}]}