{"Name":"Path500i4b5","Objects":[{"Length":591,"Height":416,"Stock":3,"Cost":245856},{"Length":409,"Height":377,"Stock":1,"Cost":154193},{"Length":591,"Height":584,"Stock":5,"Cost":345144},{"Length":409,"Height":623,"Stock":6,"Cost":254807}],"Items":[{"Length":162,"Height":18,"Demand":1,"DemandMax":null,"Value":2916},{"Length":4,"Height":200,"Demand":1,"DemandMax":null,"Value":800},{"Length":115,"Height":1,"Demand":1,"DemandMax":null,"Value":115},{"Length":17,"Height":115,"Demand":1,"DemandMax":null,"Value":1955},{"Length":365,"Height":325,"Demand":1,"DemandMax":null,"Value":118625},{"Length":158,"Height":285,"Demand":1,"DemandMax":null,"Value":45030},{"Length":33,"Height":16,"Demand":1,"DemandMax":null,"Value":528},{"Length":8,"Height":65,"Demand":1,"DemandMax":null,"Value":520},{"Length":48,"Height":57,"Demand":1,"DemandMax":null,"Value":2736},{"Length":10,"Height":1,"Demand":5,"DemandMax":null,"Value":10},{"Length":4,"Height":32,"Demand":1,"DemandMax":null,"Value":128},{"Length":2,"Height":5,"Demand":3,"DemandMax":null,"Value":10},{"Length":19,"Height":3,"Demand":1,"DemandMax":null,"Value":57},{"Length":26,"Height":73,"Demand":1,"DemandMax":null,"Value":1898},{"Length":98,"Height":1,"Demand":2,"DemandMax":null,"Value":98},{"Length":87,"Height":357,"Demand":1,"DemandMax":null,"Value":31059},{"Length":226,"Height":35,"Demand":1,"DemandMax":null,"Value":7910},{"Length":30,"Height":353,"Demand":1,"DemandMax":null,"Value":10590},{"Length":19,"Height":4,"Demand":1,"DemandMax":null,"Value":76},{"Length":1,"Height":1,"Demand":92,"DemandMax":null,"Value":1},{"Length":150,"Height":15,"Demand":1,"DemandMax":null,"Value":2250},{"Length":51,"Height":10,"Demand":1,"DemandMax":null,"Value":510},{"Length":2,"Height":377,"Demand":1,"DemandMax":null,"Value":754},{"Length":92,"Height":1,"Demand":1,"DemandMax":null,"Value":92},{"Length":46,"Height":3,"Demand":2,"DemandMax":null,"Value":138},{"Length":39,"Height":259,"Demand":1,"DemandMax":null,"Value":10101},{"Length":122,"Height":285,"Demand":1,"DemandMax":null,"Value":34770},{"Length":1,"Height":14,"Demand":2,"DemandMax":null,"Value":14},{"Length":1,"Height":18,"Demand":2,"DemandMax":null,"Value":18},{"Length":31,"Height":15,"Demand":1,"DemandMax":null,"Value":465},{"Length":1,"Height":9,"Demand":2,"DemandMax":null,"Value":9},{"Length":7,"Height":164,"Demand":1,"DemandMax":null,"Value":1148},{"Length":6,"Height":1,"Demand":6,"DemandMax":null,"Value":6},{"Length":2,"Height":1,"Demand":24,"DemandMax":null,"Value":2},{"Length":63,"Height":1,"Demand":1,"DemandMax":null,"Value":63},{"Length":13,"Height":1,"Demand":4,"DemandMax":null,"Value":13},{"Length":1,"Height":5,"Demand":4,"DemandMax":null,"Value":5},{"Length":11,"Height":3,"Demand":1,"DemandMax":null,"Value":33},{"Length":22,"Height":10,"Demand":1,"DemandMax":null,"Value":220},{"Length":200,"Height":30,"Demand":1,"DemandMax":null,"Value":6000},{"Length":18,"Height":118,"Demand":1,"DemandMax":null,"Value":2124},{"Length":25,"Height":5,"Demand":1,"DemandMax":null,"Value":125},{"Length":47,"Height":93,"Demand":1,"DemandMax":null,"Value":4371},{"Length":14,"Height":1,"Demand":2,"DemandMax":null,"Value":14},{"Length":4,"Height":6,"Demand":1,"DemandMax":null,"Value":24},{"Length":1,"Height":3,"Demand":4,"DemandMax":null,"Value":3},{"Length":11,"Height":72,"Demand":1,"DemandMax":null,"Value":792},{"Length":2,"Height":4,"Demand":2,"DemandMax":null,"Value":8},{"Length":16,"Height":138,"Demand":1,"DemandMax":null,"Value":2208},{"Length":297,"Height":176,"Demand":1,"DemandMax":null,"Value":52272},{"Length":10,"Height":4,"Demand":1,"DemandMax":null,"Value":40},{"Length":78,"Height":164,"Demand":1,"DemandMax":null,"Value":12792},{"Length":19,"Height":1,"Demand":2,"DemandMax":null,"Value":19},{"Length":205,"Height":73,"Demand":1,"DemandMax":null,"Value":14965},{"Length":211,"Height":129,"Demand":1,"DemandMax":null,"Value":27219},{"Length":109,"Height":83,"Demand":1,"DemandMax":null,"Value":9047},{"Length":226,"Height":111,"Demand":1,"DemandMax":null,"Value":25086},{"Length":70,"Height":9,"Demand":1,"DemandMax":null,"Value":630},{"Length":3,"Height":21,"Demand":1,"DemandMax":null,"Value":63},{"Length":3,"Height":1,"Demand":7,"DemandMax":null,"Value":3},{"Length":56,"Height":223,"Demand":1,"DemandMax":null,"Value":12488},{"Length":51,"Height":1,"Demand":1,"DemandMax":null,"Value":51},{"Length":18,"Height":1,"Demand":3,"DemandMax":null,"Value":18},{"Length":8,"Height":1,"Demand":6,"DemandMax":null,"Value":8},{"Length":3,"Height":2,"Demand":5,"DemandMax":null,"Value":6},{"Length":33,"Height":54,"Demand":1,"DemandMax":null,"Value":1782},{"Length":8,"Height":22,"Demand":1,"DemandMax":null,"Value":176},{"Length":100,"Height":353,"Demand":1,"DemandMax":null,"Value":35300},{"Length":15,"Height":135,"Demand":1,"DemandMax":null,"Value":2025},{"Length":1,"Height":10,"Demand":3,"DemandMax":null,"Value":10},{"Length":15,"Height":11,"Demand":1,"DemandMax":null,"Value":165},{"Length":4,"Height":1,"Demand":8,"DemandMax":null,"Value":4},{"Length":28,"Height":1,"Demand":1,"DemandMax":null,"Value":28},{"Length":135,"Height":1,"Demand":1,"DemandMax":null,"Value":135},{"Length":55,"Height":3,"Demand":1,"DemandMax":null,"Value":165},{"Length":49,"Height":235,"Demand":1,"DemandMax":null,"Value":11515},{"Length":11,"Height":10,"Demand":1,"DemandMax":null,"Value":110},{"Length":27,"Height":154,"Demand":1,"DemandMax":null,"Value":4158},{"Length":109,"Height":103,"Demand":1,"DemandMax":null,"Value":11227},{"Length":41,"Height":50,"Demand":1,"DemandMax":null,"Value":2050},{"Length":13,"Height":22,"Demand":1,"DemandMax":null,"Value":286},{"Length":3,"Height":7,"Demand":1,"DemandMax":null,"Value":21},{"Length":93,"Height":7,"Demand":1,"DemandMax":null,"Value":651},{"Length":200,"Height":7,"Demand":1,"DemandMax":null,"Value":1400},{"Length":1,"Height":15,"Demand":1,"DemandMax":null,"Value":15},{"Length":15,"Height":38,"Demand":1,"DemandMax":null,"Value":570},{"Length":303,"Height":240,"Demand":1,"DemandMax":null,"Value":72720},{"Length":6,"Height":3,"Demand":1,"DemandMax":null,"Value":18},{"Length":48,"Height":5,"Demand":1,"DemandMax":null,"Value":240},{"Length":10,"Height":114,"Demand":1,"DemandMax":null,"Value":1140},{"Length":83,"Height":150,"Demand":1,"DemandMax":null,"Value":12450},{"Length":24,"Height":4,"Demand":2,"DemandMax":null,"Value":96},{"Length":1,"Height":7,"Demand":2,"DemandMax":null,"Value":7},{"Length":20,"Height":4,"Demand":1,"DemandMax":null,"Value":80},{"Length":1,"Height":37,"Demand":2,"DemandMax":null,"Value":37},{"Length":9,"Height":1,"Demand":4,"DemandMax":null,"Value":9},{"Length":89,"Height":162,"Demand":1,"DemandMax":null,"Value":14418},{"Length":206,"Height":1,"Demand":1,"DemandMax":null,"Value":206},{"Length":1,"Height":21,"Demand":1,"DemandMax":null,"Value":21},{"Length":106,"Height":1,"Demand":1,"DemandMax":null,"Value":106},{"Length":129,"Height":1,"Demand":2,"DemandMax":null,"Value":129},{"Length":2,"Height":3,"Demand":1,"DemandMax":null,"Value":6},{"Length":13,"Height":7,"Demand":2,"DemandMax":null,"Value":91},{"Length":129,"Height":2,"Demand":1,"DemandMax":null,"Value":258},{"Length":20,"Height":1,"Demand":5,"DemandMax":null,"Value":20},{"Length":130,"Height":6,"Demand":1,"DemandMax":null,"Value":780},{"Length":226,"Height":2,"Demand":1,"DemandMax":null,"Value":452},{"Length":6,"Height":2,"Demand":3,"DemandMax":null,"Value":12},{"Length":28,"Height":134,"Demand":1,"DemandMax":null,"Value":3752},{"Length":93,"Height":3,"Demand":1,"DemandMax":null,"Value":279},{"Length":20,"Height":3,"Demand":1,"DemandMax":null,"Value":60},{"Length":24,"Height":1,"Demand":2,"DemandMax":null,"Value":24},{"Length":1,"Height":25,"Demand":1,"DemandMax":null,"Value":25},{"Length":100,"Height":15,"Demand":1,"DemandMax":null,"Value":1500},{"Length":2,"Height":54,"Demand":1,"DemandMax":null,"Value":108},{"Length":27,"Height":1,"Demand":1,"DemandMax":null,"Value":27},{"Length":49,"Height":3,"Demand":1,"DemandMax":null,"Value":147},{"Length":40,"Height":200,"Demand":1,"DemandMax":null,"Value":8000},{"Length":9,"Height":54,"Demand":1,"DemandMax":null,"Value":486},{"Length":125,"Height":7,"Demand":1,"DemandMax":null,"Value":875},{"Length":21,"Height":1,"Demand":1,"DemandMax":null,"Value":21},{"Length":7,"Height":1,"Demand":2,"DemandMax":null,"Value":7},{"Length":2,"Height":16,"Demand":3,"DemandMax":null,"Value":32},{"Length":24,"Height":60,"Demand":1,"DemandMax":null,"Value":1440},{"Length":353,"Height":97,"Demand":1,"DemandMax":null,"Value":34241},{"Length":2,"Height":200,"Demand":1,"DemandMax":null,"Value":400},{"Length":71,"Height":1,"Demand":2,"DemandMax":null,"Value":71},{"Length":1,"Height":2,"Demand":7,"DemandMax":null,"Value":2},{"Length":353,"Height":107,"Demand":1,"DemandMax":null,"Value":37771},{"Length":14,"Height":54,"Demand":1,"DemandMax":null,"Value":756},{"Length":167,"Height":1,"Demand":1,"DemandMax":null,"Value":167},{"Length":1,"Height":4,"Demand":9,"DemandMax":null,"Value":4},{"Length":39,"Height":115,"Demand":1,"DemandMax":null,"Value":4485},{"Length":5,"Height":1,"Demand":4,"DemandMax":null,"Value":5},{"Length":11,"Height":70,"Demand":1,"DemandMax":null,"Value":770},{"Length":11,"Height":1,"Demand":3,"DemandMax":null,"Value":11},{"Length":41,"Height":88,"Demand":1,"DemandMax":null,"Value":3608},{"Length":63,"Height":369,"Demand":1,"DemandMax":null,"Value":23247},{"Length":24,"Height":2,"Demand":1,"DemandMax":null,"Value":48},{"Length":80,"Height":1,"Demand":1,"DemandMax":null,"Value":80},{"Length":3,"Height":3,"Demand":1,"DemandMax":null,"Value":9},{"Length":29,"Height":21,"Demand":1,"DemandMax":null,"Value":609},{"Length":49,"Height":1,"Demand":2,"DemandMax":null,"Value":49},{"Length":12,"Height":3,"Demand":1,"DemandMax":null,"Value":36},{"Length":3,"Height":5,"Demand":1,"DemandMax":null,"Value":15},{"Length":44,"Height":92,"Demand":1,"DemandMax":null,"Value":4048},{"Length":111,"Height":18,"Demand":1,"DemandMax":null,"Value":1998},{"Length":85,"Height":7,"Demand":1,"DemandMax":null,"Value":595},{"Length":69,"Height":1,"Demand":1,"DemandMax":null,"Value":69},{"Length":36,"Height":14,"Demand":1,"DemandMax":null,"Value":504},{"Length":57,"Height":65,"Demand":1,"DemandMax":null,"Value":3705},{"Length":46,"Height":1,"Demand":1,"DemandMax":null,"Value":46},{"Length":1,"Height":6,"Demand":3,"DemandMax":null,"Value":6},{"Length":126,"Height":47,"Demand":1,"DemandMax":null,"Value":5922},{"Length":4,"Height":21,"Demand":1,"DemandMax":null,"Value":84},{"Length":1,"Height":31,"Demand":2,"DemandMax":null,"Value":31},{"Length":49,"Height":7,"Demand":1,"DemandMax":null,"Value":343},{"Length":5,"Height":47,"Demand":1,"DemandMax":null,"Value":235},{"Length":16,"Height":7,"Demand":2,"DemandMax":null,"Value":112},{"Length":142,"Height":129,"Demand":1,"DemandMax":null,"Value":18318},{"Length":21,"Height":33,"Demand":1,"DemandMax":null,"Value":693},{"Length":4,"Height":172,"Demand":1,"DemandMax":null,"Value":688},{"Length":6,"Height":176,"Demand":1,"DemandMax":null,"Value":1056},{"Length":22,"Height":68,"Demand":1,"DemandMax":null,"Value":1496},{"Length":93,"Height":9,"Demand":1,"DemandMax":null,"Value":837},{"Length":16,"Height":65,"Demand":1,"DemandMax":null,"Value":1040},{"Length":1,"Height":11,"Demand":1,"DemandMax":null,"Value":11},{"Length":2,"Height":2,"Demand":6,"DemandMax":null,"Value":4},{"Length":4,"Height":2,"Demand":1,"DemandMax":null,"Value":8},{"Length":11,"Height":94,"Demand":1,"DemandMax":null,"Value":1034},{"Length":1,"Height":16,"Demand":1,"DemandMax":null,"Value":16},{"Length":41,"Height":1,"Demand":1,"DemandMax":null,"Value":41},{"Length":128,"Height":1,"Demand":1,"DemandMax":null,"Value":128},{"Length":48,"Height":1,"Demand":1,"DemandMax":null,"Value":48},{"Length":18,"Height":377,"Demand":1,"DemandMax":null,"Value":6786},{"Length":26,"Height":9,"Demand":1,"DemandMax":null,"Value":234},{"Length":48,"Height":16,"Demand":1,"DemandMax":null,"Value":768},{"Length":8,"Height":4,"Demand":1,"DemandMax":null,"Value":32},{"Length":40,"Height":6,"Demand":1,"DemandMax":null,"Value":240},{"Length":4,"Height":5,"Demand":1,"DemandMax":null,"Value":20},{"Length":39,"Height":2,"Demand":2,"DemandMax":null,"Value":78},{"Length":16,"Height":1,"Demand":1,"DemandMax":null,"Value":16},{"Length":11,"Height":19,"Demand":1,"DemandMax":null,"Value":209},{"Length":4,"Height":54,"Demand":1,"DemandMax":null,"Value":216},{"Length":22,"Height":7,"Demand":1,"DemandMax":null,"Value":154},{"Length":162,"Height":29,"Demand":1,"DemandMax":null,"Value":4698},{"Length":17,"Height":9,"Demand":1,"DemandMax":null,"Value":153},{"Length":68,"Height":1,"Demand":1,"DemandMax":null,"Value":68},{"Length":2,"Height":19,"Demand":1,"DemandMax":null,"Value":38},{"Length":25,"Height":285,"Demand":1,"DemandMax":null,"Value":7125},{"Length":55,"Height":1,"Demand":2,"DemandMax":null,"Value":55},{"Length":39,"Height":14,"Demand":1,"DemandMax":null,"Value":546},{"Length":39,"Height":5,"Demand":1,"DemandMax":null,"Value":195},{"Length":29,"Height":12,"Demand":1,"DemandMax":null,"Value":348},{"Length":62,"Height":7,"Demand":1,"DemandMax":null,"Value":434},{"Length":176,"Height":369,"Demand":1,"DemandMax":null,"Value":64944},{"Length":48,"Height":2,"Demand":1,"DemandMax":null,"Value":96},{"Length":49,"Height":20,"Demand":1,"DemandMax":null,"Value":980},{"Length":45,"Height":3,"Demand":1,"DemandMax":null,"Value":135},{"Length":9,"Height":2,"Demand":2,"DemandMax":null,"Value":18},{"Length":5,"Height":131,"Demand":1,"DemandMax":null,"Value":655},{"Length":1,"Height":168,"Demand":1,"DemandMax":null,"Value":168},{"Length":5,"Height":200,"Demand":1,"DemandMax":null,"Value":1000},{"Length":226,"Height":101,"Demand":1,"DemandMax":null,"Value":22826},{"Length":1,"Height":19,"Demand":2,"DemandMax":null,"Value":19},{"Length":81,"Height":1,"Demand":2,"DemandMax":null,"Value":81},{"Length":2,"Height":9,"Demand":2,"DemandMax":null,"Value":18},{"Length":147,"Height":2,"Demand":1,"DemandMax":null,"Value":294},{"Length":33,"Height":26,"Demand":1,"DemandMax":null,"Value":858},{"Length":226,"Height":11,"Demand":1,"DemandMax":null,"Value":2486},{"Length":44,"Height":1,"Demand":1,"DemandMax":null,"Value":44},{"Length":28,"Height":38,"Demand":1,"DemandMax":null,"Value":1064},{"Length":11,"Height":162,"Demand":1,"DemandMax":null,"Value":1782},{"Length":15,"Height":3,"Demand":1,"DemandMax":null,"Value":45},{"Length":4,"Height":377,"Demand":1,"DemandMax":null,"Value":1508},{"Length":1,"Height":13,"Demand":1,"DemandMax":null,"Value":13},{"Length":44,"Height":49,"Demand":1,"DemandMax":null,"Value":2156},{"Length":2,"Height":10,"Demand":1,"DemandMax":null,"Value":20},{"Length":115,"Height":2,"Demand":1,"DemandMax":null,"Value":230},{"Length":7,"Height":54,"Demand":1,"DemandMax":null,"Value":378},{"Length":87,"Height":20,"Demand":1,"DemandMax":null,"Value":1740},{"Length":17,"Height":1,"Demand":1,"DemandMax":null,"Value":17},{"Length":9,"Height":19,"Demand":1,"DemandMax":null,"Value":171},{"Length":5,"Height":21,"Demand":1,"DemandMax":null,"Value":105},{"Length":169,"Height":6,"Demand":1,"DemandMax":null,"Value":1014},{"Length":35,"Height":5,"Demand":1,"DemandMax":null,"Value":175},{"Length":2,"Height":21,"Demand":1,"DemandMax":null,"Value":42},{"Length":31,"Height":98,"Demand":1,"DemandMax":null,"Value":3038},{"Length":1,"Height":17,"Demand":1,"DemandMax":null,"Value":17},{"Length":12,"Height":1,"Demand":1,"DemandMax":null,"Value":12},{"Length":5,"Height":3,"Demand":1,"DemandMax":null,"Value":15},{"Length":20,"Height":2,"Demand":1,"DemandMax":null,"Value":40},{"Length":1,"Height":377,"Demand":1,"DemandMax":null,"Value":377},{"Length":43,"Height":1,"Demand":1,"DemandMax":null,"Value":43},{"Length":79,"Height":3,"Demand":1,"DemandMax":null,"Value":237},{"Length":59,"Height":5,"Demand":1,"DemandMax":null,"Value":295},{"Length":67,"Height":9,"Demand":1,"DemandMax":null,"Value":603},{"Length":93,"Height":1,"Demand":1,"DemandMax":null,"Value":93},{"Length":11,"Height":22,"Demand":1,"DemandMax":null,"Value":242},{"Length":71,"Height":2,"Demand":1,"DemandMax":null,"Value":142},{"Length":26,"Height":147,"Demand":1,"DemandMax":null,"Value":3822},{"Length":100,"Height":1,"Demand":1,"DemandMax":null,"Value":100},{"Length":13,"Height":16,"Demand":1,"DemandMax":null,"Value":208},{"Length":17,"Height":51,"Demand":1,"DemandMax":null,"Value":867},{"Length":78,"Height":13,"Demand":1,"DemandMax":null,"Value":1014},{"Length":207,"Height":2,"Demand":2,"DemandMax":null,"Value":414},{"Length":167,"Height":4,"Demand":1,"DemandMax":null,"Value":668},{"Length":19,"Height":2,"Demand":1,"DemandMax":null,"Value":38},{"Length":11,"Height":61,"Demand":1,"DemandMax":null,"Value":671},{"Length":49,"Height":369,"Demand":1,"DemandMax":null,"Value":18081},{"Length":1,"Height":36,"Demand":1,"DemandMax":null,"Value":36},{"Length":50,"Height":1,"Demand":1,"DemandMax":null,"Value":50},{"Length":143,"Height":63,"Demand":1,"DemandMax":null,"Value":9009},{"Length":54,"Height":1,"Demand":1,"DemandMax":null,"Value":54},{"Length":31,"Height":1,"Demand":1,"DemandMax":null,"Value":31},{"Length":38,"Height":353,"Demand":1,"DemandMax":null,"Value":13414},{"Length":93,"Height":2,"Demand":1,"DemandMax":null,"Value":186},{"Length":40,"Height":4,"Demand":1,"DemandMax":null,"Value":160},{"Length":35,"Height":3,"Demand":1,"DemandMax":null,"Value":105},{"Length":42,"Height":1,"Demand":1,"DemandMax":null,"Value":42},{"Length":38,"Height":7,"Demand":1,"DemandMax":null,"Value":266},{"Length":53,"Height":3,"Demand":1,"DemandMax":null,"Value":159},{"Length":4,"Height":41,"Demand":1,"DemandMax":null,"Value":164},{"Length":143,"Height":87,"Demand":1,"DemandMax":null,"Value":12441},{"Length":47,"Height":54,"Demand":1,"DemandMax":null,"Value":2538},{"Length":9,"Height":5,"Demand":1,"DemandMax":null,"Value":45},{"Length":15,"Height":16,"Demand":1,"DemandMax":null,"Value":240},{"Length":29,"Height":1,"Demand":1,"DemandMax":null,"Value":29},{"Length":4,"Height":113,"Demand":1,"DemandMax":null,"Value":452},{"Length":32,"Height":3,"Demand":1,"DemandMax":null,"Value":96},{"Length":49,"Height":29,"Demand":1,"DemandMax":null,"Value":1421},{"Length":52,"Height":65,"Demand":1,"DemandMax":null,"Value":3380},{"Length":27,"Height":200,"Demand":1,"DemandMax":null,"Value":5400},{"Length":40,"Height":1,"Demand":1,"DemandMax":null,"Value":40},{"Length":1,"Height":153,"Demand":1,"DemandMax":null,"Value":153},{"Length":147,"Height":1,"Demand":1,"DemandMax":null,"Value":147},{"Length":314,"Height":5,"Demand":1,"DemandMax":null,"Value":1570}]}