{"Name":"Path500i5b4","Objects":[{"Length":325,"Height":396,"Stock":2,"Cost":128700},{"Length":675,"Height":460,"Stock":5,"Cost":310500},{"Length":675,"Height":540,"Stock":3,"Cost":364500},{"Length":325,"Height":270,"Stock":2,"Cost":87750},{"Length":325,"Height":334,"Stock":1,"Cost":108550}],"Items":[{"Length":80,"Height":138,"Demand":1,"DemandMax":null,"Value":11040},{"Length":92,"Height":101,"Demand":1,"DemandMax":null,"Value":9292},{"Length":143,"Height":179,"Demand":1,"DemandMax":null,"Value":25597},{"Length":251,"Height":44,"Demand":1,"DemandMax":null,"Value":11044},{"Length":8,"Height":107,"Demand":1,"DemandMax":null,"Value":856},{"Length":92,"Height":231,"Demand":1,"DemandMax":null,"Value":21252},{"Length":1,"Height":124,"Demand":1,"DemandMax":null,"Value":124},{"Length":156,"Height":138,"Demand":1,"DemandMax":null,"Value":21528},{"Length":144,"Height":1,"Demand":2,"DemandMax":null,"Value":144},{"Length":141,"Height":223,"Demand":1,"DemandMax":null,"Value":31443},{"Length":108,"Height":59,"Demand":1,"DemandMax":null,"Value":6372},{"Length":1,"Height":162,"Demand":1,"DemandMax":null,"Value":162},{"Length":18,"Height":111,"Demand":1,"DemandMax":null,"Value":1998},{"Length":12,"Height":43,"Demand":1,"DemandMax":null,"Value":516},{"Length":127,"Height":13,"Demand":1,"DemandMax":null,"Value":1651},{"Length":3,"Height":176,"Demand":1,"DemandMax":null,"Value":528},{"Length":44,"Height":4,"Demand":1,"DemandMax":null,"Value":176},{"Length":47,"Height":19,"Demand":1,"DemandMax":null,"Value":893},{"Length":68,"Height":2,"Demand":1,"DemandMax":null,"Value":136},{"Length":43,"Height":104,"Demand":1,"DemandMax":null,"Value":4472},{"Length":1,"Height":3,"Demand":1,"DemandMax":null,"Value":3},{"Length":45,"Height":20,"Demand":1,"DemandMax":null,"Value":900},{"Length":75,"Height":1,"Demand":1,"DemandMax":null,"Value":75},{"Length":101,"Height":2,"Demand":1,"DemandMax":null,"Value":202},{"Length":1,"Height":136,"Demand":1,"DemandMax":null,"Value":136},{"Length":22,"Height":44,"Demand":1,"DemandMax":null,"Value":968},{"Length":58,"Height":11,"Demand":1,"DemandMax":null,"Value":638},{"Length":8,"Height":15,"Demand":2,"DemandMax":null,"Value":120},{"Length":12,"Height":5,"Demand":3,"DemandMax":null,"Value":60},{"Length":144,"Height":5,"Demand":1,"DemandMax":null,"Value":720},{"Length":38,"Height":71,"Demand":1,"DemandMax":null,"Value":2698},{"Length":44,"Height":1,"Demand":1,"DemandMax":null,"Value":44},{"Length":82,"Height":3,"Demand":1,"DemandMax":null,"Value":246},{"Length":53,"Height":160,"Demand":1,"DemandMax":null,"Value":8480},{"Length":46,"Height":1,"Demand":3,"DemandMax":null,"Value":46},{"Length":128,"Height":3,"Demand":1,"DemandMax":null,"Value":384},{"Length":8,"Height":71,"Demand":1,"DemandMax":null,"Value":568},{"Length":3,"Height":36,"Demand":1,"DemandMax":null,"Value":108},{"Length":1,"Height":97,"Demand":3,"DemandMax":null,"Value":97},{"Length":199,"Height":208,"Demand":1,"DemandMax":null,"Value":41392},{"Length":10,"Height":6,"Demand":1,"DemandMax":null,"Value":60},{"Length":3,"Height":73,"Demand":2,"DemandMax":null,"Value":219},{"Length":40,"Height":1,"Demand":1,"DemandMax":null,"Value":40},{"Length":12,"Height":94,"Demand":1,"DemandMax":null,"Value":1128},{"Length":8,"Height":84,"Demand":1,"DemandMax":null,"Value":672},{"Length":1,"Height":67,"Demand":3,"DemandMax":null,"Value":67},{"Length":14,"Height":141,"Demand":1,"DemandMax":null,"Value":1974},{"Length":1,"Height":270,"Demand":3,"DemandMax":null,"Value":270},{"Length":68,"Height":44,"Demand":1,"DemandMax":null,"Value":2992},{"Length":32,"Height":3,"Demand":2,"DemandMax":null,"Value":96},{"Length":3,"Height":145,"Demand":1,"DemandMax":null,"Value":435},{"Length":52,"Height":9,"Demand":1,"DemandMax":null,"Value":468},{"Length":58,"Height":26,"Demand":1,"DemandMax":null,"Value":1508},{"Length":19,"Height":14,"Demand":1,"DemandMax":null,"Value":266},{"Length":15,"Height":11,"Demand":1,"DemandMax":null,"Value":165},{"Length":16,"Height":3,"Demand":1,"DemandMax":null,"Value":48},{"Length":27,"Height":110,"Demand":1,"DemandMax":null,"Value":2970},{"Length":68,"Height":40,"Demand":1,"DemandMax":null,"Value":2720},{"Length":144,"Height":7,"Demand":1,"DemandMax":null,"Value":1008},{"Length":5,"Height":92,"Demand":1,"DemandMax":null,"Value":460},{"Length":22,"Height":27,"Demand":1,"DemandMax":null,"Value":594},{"Length":58,"Height":12,"Demand":1,"DemandMax":null,"Value":696},{"Length":43,"Height":53,"Demand":1,"DemandMax":null,"Value":2279},{"Length":51,"Height":24,"Demand":1,"DemandMax":null,"Value":1224},{"Length":7,"Height":126,"Demand":1,"DemandMax":null,"Value":882},{"Length":1,"Height":1,"Demand":21,"DemandMax":null,"Value":1},{"Length":2,"Height":9,"Demand":2,"DemandMax":null,"Value":18},{"Length":17,"Height":34,"Demand":1,"DemandMax":null,"Value":578},{"Length":33,"Height":13,"Demand":1,"DemandMax":null,"Value":429},{"Length":177,"Height":102,"Demand":1,"DemandMax":null,"Value":18054},{"Length":124,"Height":1,"Demand":1,"DemandMax":null,"Value":124},{"Length":68,"Height":145,"Demand":1,"DemandMax":null,"Value":9860},{"Length":4,"Height":3,"Demand":2,"DemandMax":null,"Value":12},{"Length":45,"Height":76,"Demand":1,"DemandMax":null,"Value":3420},{"Length":7,"Height":3,"Demand":1,"DemandMax":null,"Value":21},{"Length":16,"Height":145,"Demand":1,"DemandMax":null,"Value":2320},{"Length":190,"Height":43,"Demand":1,"DemandMax":null,"Value":8170},{"Length":14,"Height":53,"Demand":1,"DemandMax":null,"Value":742},{"Length":13,"Height":34,"Demand":1,"DemandMax":null,"Value":442},{"Length":9,"Height":1,"Demand":1,"DemandMax":null,"Value":9},{"Length":3,"Height":92,"Demand":1,"DemandMax":null,"Value":276},{"Length":8,"Height":6,"Demand":2,"DemandMax":null,"Value":48},{"Length":30,"Height":229,"Demand":1,"DemandMax":null,"Value":6870},{"Length":67,"Height":84,"Demand":1,"DemandMax":null,"Value":5628},{"Length":11,"Height":87,"Demand":1,"DemandMax":null,"Value":957},{"Length":110,"Height":236,"Demand":1,"DemandMax":null,"Value":25960},{"Length":205,"Height":58,"Demand":1,"DemandMax":null,"Value":11890},{"Length":12,"Height":14,"Demand":1,"DemandMax":null,"Value":168},{"Length":1,"Height":31,"Demand":1,"DemandMax":null,"Value":31},{"Length":1,"Height":218,"Demand":1,"DemandMax":null,"Value":218},{"Length":61,"Height":1,"Demand":1,"DemandMax":null,"Value":61},{"Length":144,"Height":13,"Demand":1,"DemandMax":null,"Value":1872},{"Length":58,"Height":37,"Demand":1,"DemandMax":null,"Value":2146},{"Length":33,"Height":94,"Demand":1,"DemandMax":null,"Value":3102},{"Length":38,"Height":105,"Demand":1,"DemandMax":null,"Value":3990},{"Length":142,"Height":36,"Demand":1,"DemandMax":null,"Value":5112},{"Length":4,"Height":1,"Demand":6,"DemandMax":null,"Value":4},{"Length":1,"Height":267,"Demand":1,"DemandMax":null,"Value":267},{"Length":142,"Height":3,"Demand":1,"DemandMax":null,"Value":426},{"Length":8,"Height":58,"Demand":1,"DemandMax":null,"Value":464},{"Length":142,"Height":11,"Demand":1,"DemandMax":null,"Value":1562},{"Length":1,"Height":23,"Demand":1,"DemandMax":null,"Value":23},{"Length":5,"Height":21,"Demand":1,"DemandMax":null,"Value":105},{"Length":103,"Height":1,"Demand":1,"DemandMax":null,"Value":103},{"Length":12,"Height":4,"Demand":1,"DemandMax":null,"Value":48},{"Length":80,"Height":13,"Demand":1,"DemandMax":null,"Value":1040},{"Length":7,"Height":2,"Demand":1,"DemandMax":null,"Value":14},{"Length":24,"Height":82,"Demand":1,"DemandMax":null,"Value":1968},{"Length":84,"Height":1,"Demand":2,"DemandMax":null,"Value":84},{"Length":49,"Height":5,"Demand":1,"DemandMax":null,"Value":245},{"Length":44,"Height":92,"Demand":1,"DemandMax":null,"Value":4048},{"Length":2,"Height":112,"Demand":1,"DemandMax":null,"Value":224},{"Length":141,"Height":3,"Demand":1,"DemandMax":null,"Value":423},{"Length":67,"Height":117,"Demand":1,"DemandMax":null,"Value":7839},{"Length":4,"Height":20,"Demand":1,"DemandMax":null,"Value":80},{"Length":12,"Height":68,"Demand":1,"DemandMax":null,"Value":816},{"Length":3,"Height":20,"Demand":1,"DemandMax":null,"Value":60},{"Length":43,"Height":9,"Demand":1,"DemandMax":null,"Value":387},{"Length":123,"Height":182,"Demand":1,"DemandMax":null,"Value":22386},{"Length":46,"Height":168,"Demand":1,"DemandMax":null,"Value":7728},{"Length":12,"Height":59,"Demand":2,"DemandMax":null,"Value":708},{"Length":1,"Height":17,"Demand":1,"DemandMax":null,"Value":17},{"Length":14,"Height":23,"Demand":1,"DemandMax":null,"Value":322},{"Length":22,"Height":69,"Demand":1,"DemandMax":null,"Value":1518},{"Length":31,"Height":228,"Demand":1,"DemandMax":null,"Value":7068},{"Length":11,"Height":73,"Demand":1,"DemandMax":null,"Value":803},{"Length":14,"Height":32,"Demand":2,"DemandMax":null,"Value":448},{"Length":10,"Height":12,"Demand":1,"DemandMax":null,"Value":120},{"Length":34,"Height":11,"Demand":1,"DemandMax":null,"Value":374},{"Length":142,"Height":4,"Demand":1,"DemandMax":null,"Value":568},{"Length":180,"Height":17,"Demand":1,"DemandMax":null,"Value":3060},{"Length":24,"Height":15,"Demand":1,"DemandMax":null,"Value":360},{"Length":1,"Height":55,"Demand":1,"DemandMax":null,"Value":55},{"Length":7,"Height":270,"Demand":1,"DemandMax":null,"Value":1890},{"Length":50,"Height":1,"Demand":1,"DemandMax":null,"Value":50},{"Length":8,"Height":1,"Demand":3,"DemandMax":null,"Value":8},{"Length":11,"Height":25,"Demand":1,"DemandMax":null,"Value":275},{"Length":199,"Height":21,"Demand":1,"DemandMax":null,"Value":4179},{"Length":35,"Height":78,"Demand":1,"DemandMax":null,"Value":2730},{"Length":14,"Height":16,"Demand":1,"DemandMax":null,"Value":224},{"Length":2,"Height":7,"Demand":1,"DemandMax":null,"Value":14},{"Length":1,"Height":54,"Demand":2,"DemandMax":null,"Value":54},{"Length":120,"Height":90,"Demand":1,"DemandMax":null,"Value":10800},{"Length":27,"Height":153,"Demand":1,"DemandMax":null,"Value":4131},{"Length":61,"Height":10,"Demand":1,"DemandMax":null,"Value":610},{"Length":80,"Height":12,"Demand":1,"DemandMax":null,"Value":960},{"Length":2,"Height":24,"Demand":1,"DemandMax":null,"Value":48},{"Length":177,"Height":129,"Demand":1,"DemandMax":null,"Value":22833},{"Length":24,"Height":1,"Demand":1,"DemandMax":null,"Value":24},{"Length":7,"Height":40,"Demand":1,"DemandMax":null,"Value":280},{"Length":68,"Height":3,"Demand":1,"DemandMax":null,"Value":204},{"Length":8,"Height":79,"Demand":1,"DemandMax":null,"Value":632},{"Length":21,"Height":1,"Demand":2,"DemandMax":null,"Value":21},{"Length":33,"Height":12,"Demand":1,"DemandMax":null,"Value":396},{"Length":44,"Height":68,"Demand":1,"DemandMax":null,"Value":2992},{"Length":31,"Height":126,"Demand":1,"DemandMax":null,"Value":3906},{"Length":12,"Height":154,"Demand":1,"DemandMax":null,"Value":1848},{"Length":16,"Height":1,"Demand":1,"DemandMax":null,"Value":16},{"Length":2,"Height":28,"Demand":1,"DemandMax":null,"Value":56},{"Length":22,"Height":1,"Demand":2,"DemandMax":null,"Value":22},{"Length":1,"Height":115,"Demand":1,"DemandMax":null,"Value":115},{"Length":31,"Height":127,"Demand":1,"DemandMax":null,"Value":3937},{"Length":137,"Height":47,"Demand":1,"DemandMax":null,"Value":6439},{"Length":61,"Height":3,"Demand":1,"DemandMax":null,"Value":183},{"Length":163,"Height":265,"Demand":1,"DemandMax":null,"Value":43195},{"Length":33,"Height":146,"Demand":1,"DemandMax":null,"Value":4818},{"Length":111,"Height":12,"Demand":1,"DemandMax":null,"Value":1332},{"Length":4,"Height":40,"Demand":1,"DemandMax":null,"Value":160},{"Length":3,"Height":1,"Demand":4,"DemandMax":null,"Value":3},{"Length":30,"Height":3,"Demand":1,"DemandMax":null,"Value":90},{"Length":50,"Height":90,"Demand":1,"DemandMax":null,"Value":4500},{"Length":190,"Height":179,"Demand":1,"DemandMax":null,"Value":34010},{"Length":3,"Height":25,"Demand":1,"DemandMax":null,"Value":75},{"Length":11,"Height":8,"Demand":1,"DemandMax":null,"Value":88},{"Length":22,"Height":7,"Demand":1,"DemandMax":null,"Value":154},{"Length":13,"Height":14,"Demand":1,"DemandMax":null,"Value":182},{"Length":5,"Height":1,"Demand":2,"DemandMax":null,"Value":5},{"Length":168,"Height":1,"Demand":1,"DemandMax":null,"Value":168},{"Length":14,"Height":100,"Demand":1,"DemandMax":null,"Value":1400},{"Length":3,"Height":50,"Demand":1,"DemandMax":null,"Value":150},{"Length":1,"Height":72,"Demand":1,"DemandMax":null,"Value":72},{"Length":1,"Height":4,"Demand":3,"DemandMax":null,"Value":4},{"Length":116,"Height":27,"Demand":1,"DemandMax":null,"Value":3132},{"Length":13,"Height":1,"Demand":3,"DemandMax":null,"Value":13},{"Length":15,"Height":112,"Demand":1,"DemandMax":null,"Value":1680},{"Length":12,"Height":13,"Demand":1,"DemandMax":null,"Value":156},{"Length":18,"Height":92,"Demand":1,"DemandMax":null,"Value":1656},{"Length":32,"Height":26,"Demand":1,"DemandMax":null,"Value":832},{"Length":18,"Height":1,"Demand":2,"DemandMax":null,"Value":18},{"Length":17,"Height":2,"Demand":1,"DemandMax":null,"Value":34},{"Length":29,"Height":25,"Demand":1,"DemandMax":null,"Value":725},{"Length":41,"Height":2,"Demand":1,"DemandMax":null,"Value":82},{"Length":128,"Height":42,"Demand":1,"DemandMax":null,"Value":5376},{"Length":62,"Height":5,"Demand":1,"DemandMax":null,"Value":310},{"Length":15,"Height":1,"Demand":1,"DemandMax":null,"Value":15},{"Length":8,"Height":2,"Demand":2,"DemandMax":null,"Value":16},{"Length":1,"Height":26,"Demand":3,"DemandMax":null,"Value":26},{"Length":40,"Height":29,"Demand":1,"DemandMax":null,"Value":1160},{"Length":12,"Height":63,"Demand":1,"DemandMax":null,"Value":756},{"Length":24,"Height":34,"Demand":1,"DemandMax":null,"Value":816},{"Length":11,"Height":124,"Demand":1,"DemandMax":null,"Value":1364},{"Length":44,"Height":25,"Demand":1,"DemandMax":null,"Value":1100},{"Length":164,"Height":27,"Demand":1,"DemandMax":null,"Value":4428},{"Length":73,"Height":1,"Demand":2,"DemandMax":null,"Value":73},{"Length":156,"Height":2,"Demand":1,"DemandMax":null,"Value":312},{"Length":50,"Height":4,"Demand":1,"DemandMax":null,"Value":200},{"Length":12,"Height":1,"Demand":3,"DemandMax":null,"Value":12},{"Length":43,"Height":31,"Demand":1,"DemandMax":null,"Value":1333},{"Length":5,"Height":141,"Demand":1,"DemandMax":null,"Value":705},{"Length":2,"Height":1,"Demand":13,"DemandMax":null,"Value":2},{"Length":33,"Height":25,"Demand":1,"DemandMax":null,"Value":825},{"Length":2,"Height":8,"Demand":2,"DemandMax":null,"Value":16},{"Length":137,"Height":2,"Demand":1,"DemandMax":null,"Value":274},{"Length":2,"Height":16,"Demand":1,"DemandMax":null,"Value":32},{"Length":1,"Height":35,"Demand":2,"DemandMax":null,"Value":35},{"Length":1,"Height":2,"Demand":4,"DemandMax":null,"Value":2},{"Length":1,"Height":122,"Demand":1,"DemandMax":null,"Value":122},{"Length":15,"Height":95,"Demand":1,"DemandMax":null,"Value":1425},{"Length":28,"Height":1,"Demand":1,"DemandMax":null,"Value":28},{"Length":9,"Height":2,"Demand":1,"DemandMax":null,"Value":18},{"Length":4,"Height":79,"Demand":1,"DemandMax":null,"Value":316},{"Length":10,"Height":111,"Demand":1,"DemandMax":null,"Value":1110},{"Length":7,"Height":1,"Demand":2,"DemandMax":null,"Value":7},{"Length":142,"Height":90,"Demand":1,"DemandMax":null,"Value":12780},{"Length":226,"Height":45,"Demand":1,"DemandMax":null,"Value":10170},{"Length":144,"Height":6,"Demand":3,"DemandMax":null,"Value":864},{"Length":6,"Height":21,"Demand":1,"DemandMax":null,"Value":126},{"Length":75,"Height":228,"Demand":1,"DemandMax":null,"Value":17100},{"Length":4,"Height":5,"Demand":2,"DemandMax":null,"Value":20},{"Length":6,"Height":2,"Demand":2,"DemandMax":null,"Value":12},{"Length":8,"Height":7,"Demand":1,"DemandMax":null,"Value":56},{"Length":43,"Height":97,"Demand":1,"DemandMax":null,"Value":4171},{"Length":17,"Height":10,"Demand":1,"DemandMax":null,"Value":170},{"Length":19,"Height":5,"Demand":1,"DemandMax":null,"Value":95},{"Length":2,"Height":19,"Demand":1,"DemandMax":null,"Value":38},{"Length":9,"Height":6,"Demand":1,"DemandMax":null,"Value":54},{"Length":6,"Height":40,"Demand":1,"DemandMax":null,"Value":240},{"Length":128,"Height":21,"Demand":1,"DemandMax":null,"Value":2688},{"Length":39,"Height":113,"Demand":1,"DemandMax":null,"Value":4407},{"Length":5,"Height":23,"Demand":1,"DemandMax":null,"Value":115},{"Length":2,"Height":62,"Demand":1,"DemandMax":null,"Value":124},{"Length":2,"Height":144,"Demand":1,"DemandMax":null,"Value":288},{"Length":156,"Height":3,"Demand":2,"DemandMax":null,"Value":468},{"Length":3,"Height":144,"Demand":1,"DemandMax":null,"Value":432},{"Length":1,"Height":6,"Demand":1,"DemandMax":null,"Value":6},{"Length":1,"Height":7,"Demand":1,"DemandMax":null,"Value":7},{"Length":27,"Height":17,"Demand":1,"DemandMax":null,"Value":459},{"Length":27,"Height":1,"Demand":1,"DemandMax":null,"Value":27},{"Length":58,"Height":51,"Demand":1,"DemandMax":null,"Value":2958},{"Length":54,"Height":5,"Demand":1,"DemandMax":null,"Value":270},{"Length":4,"Height":11,"Demand":1,"DemandMax":null,"Value":44},{"Length":4,"Height":2,"Demand":1,"DemandMax":null,"Value":8},{"Length":4,"Height":78,"Demand":1,"DemandMax":null,"Value":312},{"Length":2,"Height":25,"Demand":1,"DemandMax":null,"Value":50},{"Length":205,"Height":76,"Demand":1,"DemandMax":null,"Value":15580},{"Length":60,"Height":267,"Demand":1,"DemandMax":null,"Value":16020},{"Length":53,"Height":1,"Demand":1,"DemandMax":null,"Value":53},{"Length":2,"Height":4,"Demand":1,"DemandMax":null,"Value":8},{"Length":8,"Height":10,"Demand":1,"DemandMax":null,"Value":80},{"Length":4,"Height":14,"Demand":1,"DemandMax":null,"Value":56},{"Length":47,"Height":33,"Demand":1,"DemandMax":null,"Value":1551},{"Length":180,"Height":3,"Demand":1,"DemandMax":null,"Value":540},{"Length":28,"Height":66,"Demand":1,"DemandMax":null,"Value":1848},{"Length":7,"Height":5,"Demand":1,"DemandMax":null,"Value":35},{"Length":2,"Height":124,"Demand":1,"DemandMax":null,"Value":248},{"Length":40,"Height":153,"Demand":1,"DemandMax":null,"Value":6120},{"Length":6,"Height":44,"Demand":1,"DemandMax":null,"Value":264},{"Length":40,"Height":3,"Demand":1,"DemandMax":null,"Value":120},{"Length":1,"Height":92,"Demand":1,"DemandMax":null,"Value":92},{"Length":27,"Height":183,"Demand":1,"DemandMax":null,"Value":4941},{"Length":2,"Height":49,"Demand":1,"DemandMax":null,"Value":98},{"Length":22,"Height":4,"Demand":1,"DemandMax":null,"Value":88},{"Length":12,"Height":2,"Demand":1,"DemandMax":null,"Value":24},{"Length":2,"Height":83,"Demand":1,"DemandMax":null,"Value":166},{"Length":65,"Height":55,"Demand":1,"DemandMax":null,"Value":3575},{"Length":29,"Height":53,"Demand":1,"DemandMax":null,"Value":1537},{"Length":2,"Height":18,"Demand":1,"DemandMax":null,"Value":36},{"Length":32,"Height":1,"Demand":1,"DemandMax":null,"Value":32},{"Length":1,"Height":21,"Demand":1,"DemandMax":null,"Value":21},{"Length":251,"Height":100,"Demand":1,"DemandMax":null,"Value":25100},{"Length":14,"Height":51,"Demand":1,"DemandMax":null,"Value":714},{"Length":13,"Height":9,"Demand":1,"DemandMax":null,"Value":117},{"Length":6,"Height":78,"Demand":1,"DemandMax":null,"Value":468},{"Length":8,"Height":4,"Demand":1,"DemandMax":null,"Value":32},{"Length":70,"Height":59,"Demand":1,"DemandMax":null,"Value":4130},{"Length":57,"Height":1,"Demand":1,"DemandMax":null,"Value":57},{"Length":65,"Height":26,"Demand":1,"DemandMax":null,"Value":1690},{"Length":93,"Height":231,"Demand":1,"DemandMax":null,"Value":21483},{"Length":1,"Height":40,"Demand":3,"DemandMax":null,"Value":40},{"Length":128,"Height":30,"Demand":1,"DemandMax":null,"Value":3840},{"Length":32,"Height":76,"Demand":1,"DemandMax":null,"Value":2432},{"Length":32,"Height":189,"Demand":1,"DemandMax":null,"Value":6048},{"Length":49,"Height":43,"Demand":1,"DemandMax":null,"Value":2107},{"Length":65,"Height":18,"Demand":1,"DemandMax":null,"Value":1170},{"Length":5,"Height":20,"Demand":1,"DemandMax":null,"Value":100},{"Length":3,"Height":94,"Demand":1,"DemandMax":null,"Value":282},{"Length":171,"Height":1,"Demand":3,"DemandMax":null,"Value":171},{"Length":143,"Height":91,"Demand":1,"DemandMax":null,"Value":13013},{"Length":23,"Height":2,"Demand":1,"DemandMax":null,"Value":46},{"Length":27,"Height":82,"Demand":1,"DemandMax":null,"Value":2214},{"Length":37,"Height":1,"Demand":1,"DemandMax":null,"Value":37},{"Length":7,"Height":4,"Demand":1,"DemandMax":null,"Value":28},{"Length":226,"Height":81,"Demand":1,"DemandMax":null,"Value":18306},{"Length":58,"Height":4,"Demand":1,"DemandMax":null,"Value":232},{"Length":205,"Height":133,"Demand":1,"DemandMax":null,"Value":27265},{"Length":17,"Height":1,"Demand":2,"DemandMax":null,"Value":17},{"Length":1,"Height":50,"Demand":2,"DemandMax":null,"Value":50},{"Length":62,"Height":2,"Demand":1,"DemandMax":null,"Value":124},{"Length":123,"Height":88,"Demand":1,"DemandMax":null,"Value":10824},{"Length":34,"Height":3,"Demand":1,"DemandMax":null,"Value":102},{"Length":33,"Height":24,"Demand":1,"DemandMax":null,"Value":792},{"Length":2,"Height":5,"Demand":2,"DemandMax":null,"Value":10},{"Length":18,"Height":104,"Demand":1,"DemandMax":null,"Value":1872},{"Length":1,"Height":41,"Demand":1,"DemandMax":null,"Value":41},{"Length":29,"Height":141,"Demand":1,"DemandMax":null,"Value":4089},{"Length":2,"Height":145,"Demand":1,"DemandMax":null,"Value":290},{"Length":133,"Height":270,"Demand":1,"DemandMax":null,"Value":35910},{"Length":19,"Height":4,"Demand":1,"DemandMax":null,"Value":76},{"Length":1,"Height":47,"Demand":1,"DemandMax":null,"Value":47},{"Length":43,"Height":2,"Demand":1,"DemandMax":null,"Value":86},{"Length":1,"Height":242,"Demand":1,"DemandMax":null,"Value":242},{"Length":3,"Height":2,"Demand":1,"DemandMax":null,"Value":6},{"Length":103,"Height":2,"Demand":1,"DemandMax":null,"Value":206},{"Length":34,"Height":8,"Demand":1,"DemandMax":null,"Value":272},{"Length":61,"Height":4,"Demand":1,"DemandMax":null,"Value":244},{"Length":128,"Height":226,"Demand":1,"DemandMax":null,"Value":28928},{"Length":2,"Height":40,"Demand":1,"DemandMax":null,"Value":80},{"Length":28,"Height":24,"Demand":1,"DemandMax":null,"Value":672},{"Length":156,"Height":12,"Demand":1,"DemandMax":null,"Value":1872},{"Length":10,"Height":73,"Demand":1,"DemandMax":null,"Value":730},{"Length":66,"Height":2,"Demand":1,"DemandMax":null,"Value":132},{"Length":15,"Height":53,"Demand":1,"DemandMax":null,"Value":795},{"Length":128,"Height":66,"Demand":1,"DemandMax":null,"Value":8448},{"Length":4,"Height":73,"Demand":1,"DemandMax":null,"Value":292},{"Length":1,"Height":71,"Demand":1,"DemandMax":null,"Value":71},{"Length":41,"Height":25,"Demand":1,"DemandMax":null,"Value":1025},{"Length":114,"Height":1,"Demand":1,"DemandMax":null,"Value":114},{"Length":5,"Height":77,"Demand":1,"DemandMax":null,"Value":385},{"Length":1,"Height":9,"Demand":2,"DemandMax":null,"Value":9},{"Length":13,"Height":101,"Demand":1,"DemandMax":null,"Value":1313},{"Length":39,"Height":1,"Demand":2,"DemandMax":null,"Value":39},{"Length":3,"Height":5,"Demand":1,"DemandMax":null,"Value":15},{"Length":19,"Height":92,"Demand":1,"DemandMax":null,"Value":1748},{"Length":4,"Height":24,"Demand":1,"DemandMax":null,"Value":96},{"Length":24,"Height":13,"Demand":1,"DemandMax":null,"Value":312},{"Length":156,"Height":1,"Demand":1,"DemandMax":null,"Value":156},{"Length":44,"Height":206,"Demand":1,"DemandMax":null,"Value":9064},{"Length":1,"Height":164,"Demand":1,"DemandMax":null,"Value":164},{"Length":1,"Height":32,"Demand":1,"DemandMax":null,"Value":32},{"Length":32,"Height":109,"Demand":1,"DemandMax":null,"Value":3488},{"Length":13,"Height":84,"Demand":1,"DemandMax":null,"Value":1092},{"Length":1,"Height":79,"Demand":1,"DemandMax":null,"Value":79},{"Length":6,"Height":4,"Demand":1,"DemandMax":null,"Value":24},{"Length":1,"Height":16,"Demand":1,"DemandMax":null,"Value":16},{"Length":14,"Height":26,"Demand":1,"DemandMax":null,"Value":364},{"Length":3,"Height":7,"Demand":1,"DemandMax":null,"Value":21},{"Length":1,"Height":46,"Demand":1,"DemandMax":null,"Value":46},{"Length":3,"Height":21,"Demand":1,"DemandMax":null,"Value":63},{"Length":28,"Height":31,"Demand":1,"DemandMax":null,"Value":868},{"Length":18,"Height":8,"Demand":1,"DemandMax":null,"Value":144},{"Length":10,"Height":1,"Demand":1,"DemandMax":null,"Value":10},{"Length":2,"Height":38,"Demand":1,"DemandMax":null,"Value":76},{"Length":5,"Height":7,"Demand":1,"DemandMax":null,"Value":35},{"Length":1,"Height":15,"Demand":1,"DemandMax":null,"Value":15},{"Length":43,"Height":11,"Demand":1,"DemandMax":null,"Value":473},{"Length":2,"Height":26,"Demand":1,"DemandMax":null,"Value":52},{"Length":30,"Height":29,"Demand":1,"DemandMax":null,"Value":870},{"Length":18,"Height":94,"Demand":1,"DemandMax":null,"Value":1692},{"Length":2,"Height":6,"Demand":1,"DemandMax":null,"Value":12},{"Length":11,"Height":96,"Demand":1,"DemandMax":null,"Value":1056},{"Length":38,"Height":25,"Demand":1,"DemandMax":null,"Value":950},{"Length":4,"Height":68,"Demand":1,"DemandMax":null,"Value":272},{"Length":4,"Height":23,"Demand":1,"DemandMax":null,"Value":92},{"Length":1,"Height":125,"Demand":1,"DemandMax":null,"Value":125},{"Length":16,"Height":14,"Demand":1,"DemandMax":null,"Value":224},{"Length":106,"Height":24,"Demand":1,"DemandMax":null,"Value":2544},{"Length":12,"Height":20,"Demand":1,"DemandMax":null,"Value":240},{"Length":1,"Height":144,"Demand":1,"DemandMax":null,"Value":144},{"Length":58,"Height":192,"Demand":1,"DemandMax":null,"Value":11136},{"Length":3,"Height":47,"Demand":1,"DemandMax":null,"Value":141},{"Length":22,"Height":228,"Demand":1,"DemandMax":null,"Value":5016},{"Length":6,"Height":36,"Demand":1,"DemandMax":null,"Value":216},{"Length":62,"Height":3,"Demand":1,"DemandMax":null,"Value":186},{"Length":50,"Height":2,"Demand":1,"DemandMax":null,"Value":100},{"Length":47,"Height":1,"Demand":1,"DemandMax":null,"Value":47},{"Length":6,"Height":3,"Demand":1,"DemandMax":null,"Value":18},{"Length":2,"Height":79,"Demand":1,"DemandMax":null,"Value":158},{"Length":9,"Height":36,"Demand":1,"DemandMax":null,"Value":324},{"Length":11,"Height":5,"Demand":1,"DemandMax":null,"Value":55},{"Length":28,"Height":27,"Demand":1,"DemandMax":null,"Value":756},{"Length":50,"Height":13,"Demand":1,"DemandMax":null,"Value":650},{"Length":2,"Height":2,"Demand":1,"DemandMax":null,"Value":4},{"Length":2,"Height":13,"Demand":1,"DemandMax":null,"Value":26},{"Length":63,"Height":8,"Demand":1,"DemandMax":null,"Value":504},{"Length":144,"Height":25,"Demand":1,"DemandMax":null,"Value":3600},{"Length":16,"Height":58,"Demand":1,"DemandMax":null,"Value":928},{"Length":44,"Height":5,"Demand":1,"DemandMax":null,"Value":220},{"Length":3,"Height":142,"Demand":1,"DemandMax":null,"Value":426},{"Length":6,"Height":9,"Demand":1,"DemandMax":null,"Value":54},{"Length":5,"Height":2,"Demand":1,"DemandMax":null,"Value":10},{"Length":1,"Height":25,"Demand":1,"DemandMax":null,"Value":25},{"Length":6,"Height":1,"Demand":1,"DemandMax":null,"Value":6},{"Length":1,"Height":8,"Demand":1,"DemandMax":null,"Value":8}]}