{"Name":"Nice200i3b4","Objects":[{"Length":293,"Height":475,"Stock":6,"Cost":139175},{"Length":1000,"Height":525,"Stock":4,"Cost":525000},{"Length":707,"Height":475,"Stock":6,"Cost":335825}],"Items":[{"Length":36,"Height":79,"Demand":1,"DemandMax":null,"Value":2844},{"Length":103,"Height":48,"Demand":2,"DemandMax":null,"Value":4944},{"Length":55,"Height":89,"Demand":1,"DemandMax":null,"Value":4895},{"Length":65,"Height":47,"Demand":1,"DemandMax":null,"Value":3055},{"Length":69,"Height":47,"Demand":1,"DemandMax":null,"Value":3243},{"Length":53,"Height":53,"Demand":2,"DemandMax":null,"Value":2809},{"Length":114,"Height":41,"Demand":1,"DemandMax":null,"Value":4674},{"Length":100,"Height":110,"Demand":1,"DemandMax":null,"Value":11000},{"Length":34,"Height":134,"Demand":1,"DemandMax":null,"Value":4556},{"Length":181,"Height":107,"Demand":1,"DemandMax":null,"Value":19367},{"Length":47,"Height":90,"Demand":1,"DemandMax":null,"Value":4230},{"Length":35,"Height":79,"Demand":1,"DemandMax":null,"Value":2765},{"Length":36,"Height":125,"Demand":1,"DemandMax":null,"Value":4500},{"Length":68,"Height":39,"Demand":1,"DemandMax":null,"Value":2652},{"Length":72,"Height":47,"Demand":1,"DemandMax":null,"Value":3384},{"Length":72,"Height":37,"Demand":1,"DemandMax":null,"Value":2664},{"Length":73,"Height":41,"Demand":1,"DemandMax":null,"Value":2993},{"Length":73,"Height":253,"Demand":1,"DemandMax":null,"Value":18469},{"Length":40,"Height":73,"Demand":1,"DemandMax":null,"Value":2920},{"Length":77,"Height":52,"Demand":1,"DemandMax":null,"Value":4004},{"Length":43,"Height":74,"Demand":1,"DemandMax":null,"Value":3182},{"Length":66,"Height":56,"Demand":1,"DemandMax":null,"Value":3696},{"Length":122,"Height":37,"Demand":1,"DemandMax":null,"Value":4514},{"Length":84,"Height":116,"Demand":1,"DemandMax":null,"Value":9744},{"Length":61,"Height":70,"Demand":1,"DemandMax":null,"Value":4270},{"Length":78,"Height":151,"Demand":1,"DemandMax":null,"Value":11778},{"Length":35,"Height":128,"Demand":1,"DemandMax":null,"Value":4480},{"Length":40,"Height":77,"Demand":1,"DemandMax":null,"Value":3080},{"Length":85,"Height":36,"Demand":1,"DemandMax":null,"Value":3060},{"Length":64,"Height":49,"Demand":1,"DemandMax":null,"Value":3136},{"Length":112,"Height":31,"Demand":2,"DemandMax":null,"Value":3472},{"Length":90,"Height":34,"Demand":1,"DemandMax":null,"Value":3060},{"Length":130,"Height":121,"Demand":1,"DemandMax":null,"Value":15730},{"Length":39,"Height":79,"Demand":1,"DemandMax":null,"Value":3081},{"Length":53,"Height":55,"Demand":1,"DemandMax":null,"Value":2915},{"Length":86,"Height":75,"Demand":1,"DemandMax":null,"Value":6450},{"Length":144,"Height":112,"Demand":1,"DemandMax":null,"Value":16128},{"Length":87,"Height":141,"Demand":1,"DemandMax":null,"Value":12267},{"Length":102,"Height":41,"Demand":1,"DemandMax":null,"Value":4182},{"Length":77,"Height":65,"Demand":2,"DemandMax":null,"Value":5005},{"Length":190,"Height":59,"Demand":1,"DemandMax":null,"Value":11210},{"Length":111,"Height":41,"Demand":1,"DemandMax":null,"Value":4551},{"Length":81,"Height":55,"Demand":1,"DemandMax":null,"Value":4455},{"Length":203,"Height":55,"Demand":1,"DemandMax":null,"Value":11165},{"Length":64,"Height":64,"Demand":1,"DemandMax":null,"Value":4096},{"Length":33,"Height":93,"Demand":1,"DemandMax":null,"Value":3069},{"Length":57,"Height":92,"Demand":1,"DemandMax":null,"Value":5244},{"Length":58,"Height":50,"Demand":1,"DemandMax":null,"Value":2900},{"Length":37,"Height":79,"Demand":1,"DemandMax":null,"Value":2923},{"Length":42,"Height":67,"Demand":1,"DemandMax":null,"Value":2814},{"Length":53,"Height":88,"Demand":1,"DemandMax":null,"Value":4664},{"Length":58,"Height":75,"Demand":1,"DemandMax":null,"Value":4350},{"Length":55,"Height":55,"Demand":2,"DemandMax":null,"Value":3025},{"Length":43,"Height":90,"Demand":1,"DemandMax":null,"Value":3870},{"Length":121,"Height":96,"Demand":1,"DemandMax":null,"Value":11616},{"Length":129,"Height":37,"Demand":1,"DemandMax":null,"Value":4773},{"Length":36,"Height":85,"Demand":1,"DemandMax":null,"Value":3060},{"Length":46,"Height":64,"Demand":1,"DemandMax":null,"Value":2944},{"Length":71,"Height":65,"Demand":1,"DemandMax":null,"Value":4615},{"Length":81,"Height":50,"Demand":1,"DemandMax":null,"Value":4050},{"Length":34,"Height":121,"Demand":1,"DemandMax":null,"Value":4114},{"Length":117,"Height":41,"Demand":1,"DemandMax":null,"Value":4797},{"Length":56,"Height":53,"Demand":1,"DemandMax":null,"Value":2968},{"Length":42,"Height":68,"Demand":1,"DemandMax":null,"Value":2856},{"Length":36,"Height":138,"Demand":1,"DemandMax":null,"Value":4968},{"Length":45,"Height":157,"Demand":1,"DemandMax":null,"Value":7065},{"Length":213,"Height":132,"Demand":1,"DemandMax":null,"Value":28116},{"Length":52,"Height":51,"Demand":1,"DemandMax":null,"Value":2652},{"Length":42,"Height":65,"Demand":1,"DemandMax":null,"Value":2730},{"Length":71,"Height":42,"Demand":1,"DemandMax":null,"Value":2982},{"Length":148,"Height":66,"Demand":1,"DemandMax":null,"Value":9768},{"Length":141,"Height":39,"Demand":1,"DemandMax":null,"Value":5499},{"Length":45,"Height":92,"Demand":1,"DemandMax":null,"Value":4140},{"Length":58,"Height":159,"Demand":1,"DemandMax":null,"Value":9222},{"Length":112,"Height":42,"Demand":1,"DemandMax":null,"Value":4704},{"Length":42,"Height":81,"Demand":1,"DemandMax":null,"Value":3402},{"Length":86,"Height":41,"Demand":1,"DemandMax":null,"Value":3526},{"Length":36,"Height":95,"Demand":1,"DemandMax":null,"Value":3420},{"Length":89,"Height":59,"Demand":1,"DemandMax":null,"Value":5251},{"Length":65,"Height":63,"Demand":1,"DemandMax":null,"Value":4095},{"Length":69,"Height":71,"Demand":1,"DemandMax":null,"Value":4899},{"Length":83,"Height":52,"Demand":1,"DemandMax":null,"Value":4316},{"Length":42,"Height":160,"Demand":1,"DemandMax":null,"Value":6720},{"Length":145,"Height":45,"Demand":2,"DemandMax":null,"Value":6525},{"Length":93,"Height":31,"Demand":1,"DemandMax":null,"Value":2883},{"Length":72,"Height":52,"Demand":1,"DemandMax":null,"Value":3744},{"Length":67,"Height":74,"Demand":1,"DemandMax":null,"Value":4958},{"Length":97,"Height":31,"Demand":1,"DemandMax":null,"Value":3007},{"Length":86,"Height":34,"Demand":1,"DemandMax":null,"Value":2924},{"Length":141,"Height":207,"Demand":1,"DemandMax":null,"Value":29187},{"Length":73,"Height":90,"Demand":1,"DemandMax":null,"Value":6570},{"Length":33,"Height":102,"Demand":1,"DemandMax":null,"Value":3366},{"Length":88,"Height":92,"Demand":1,"DemandMax":null,"Value":8096},{"Length":58,"Height":107,"Demand":1,"DemandMax":null,"Value":6206},{"Length":105,"Height":52,"Demand":1,"DemandMax":null,"Value":5460},{"Length":54,"Height":49,"Demand":1,"DemandMax":null,"Value":2646},{"Length":66,"Height":90,"Demand":1,"DemandMax":null,"Value":5940},{"Length":42,"Height":66,"Demand":1,"DemandMax":null,"Value":2772},{"Length":71,"Height":48,"Demand":1,"DemandMax":null,"Value":3408},{"Length":39,"Height":134,"Demand":1,"DemandMax":null,"Value":5226},{"Length":35,"Height":85,"Demand":1,"DemandMax":null,"Value":2975},{"Length":97,"Height":46,"Demand":1,"DemandMax":null,"Value":4462},{"Length":112,"Height":28,"Demand":1,"DemandMax":null,"Value":3136},{"Length":42,"Height":91,"Demand":1,"DemandMax":null,"Value":3822},{"Length":148,"Height":38,"Demand":1,"DemandMax":null,"Value":5624},{"Length":73,"Height":46,"Demand":1,"DemandMax":null,"Value":3358},{"Length":122,"Height":49,"Demand":1,"DemandMax":null,"Value":5978},{"Length":42,"Height":71,"Demand":1,"DemandMax":null,"Value":2982},{"Length":72,"Height":38,"Demand":1,"DemandMax":null,"Value":2736},{"Length":36,"Height":102,"Demand":1,"DemandMax":null,"Value":3672},{"Length":65,"Height":85,"Demand":1,"DemandMax":null,"Value":5525},{"Length":37,"Height":78,"Demand":1,"DemandMax":null,"Value":2886},{"Length":43,"Height":65,"Demand":1,"DemandMax":null,"Value":2795},{"Length":53,"Height":78,"Demand":1,"DemandMax":null,"Value":4134},{"Length":52,"Height":79,"Demand":1,"DemandMax":null,"Value":4108},{"Length":37,"Height":95,"Demand":1,"DemandMax":null,"Value":3515},{"Length":89,"Height":68,"Demand":1,"DemandMax":null,"Value":6052},{"Length":61,"Height":121,"Demand":1,"DemandMax":null,"Value":7381},{"Length":102,"Height":27,"Demand":1,"DemandMax":null,"Value":2754},{"Length":54,"Height":65,"Demand":1,"DemandMax":null,"Value":3510},{"Length":69,"Height":49,"Demand":1,"DemandMax":null,"Value":3381},{"Length":39,"Height":74,"Demand":1,"DemandMax":null,"Value":2886},{"Length":93,"Height":37,"Demand":1,"DemandMax":null,"Value":3441},{"Length":130,"Height":63,"Demand":1,"DemandMax":null,"Value":8190},{"Length":58,"Height":85,"Demand":1,"DemandMax":null,"Value":4930},{"Length":40,"Height":87,"Demand":1,"DemandMax":null,"Value":3480},{"Length":109,"Height":32,"Demand":1,"DemandMax":null,"Value":3488},{"Length":102,"Height":28,"Demand":1,"DemandMax":null,"Value":2856},{"Length":55,"Height":48,"Demand":1,"DemandMax":null,"Value":2640},{"Length":30,"Height":93,"Demand":1,"DemandMax":null,"Value":2790},{"Length":77,"Height":55,"Demand":1,"DemandMax":null,"Value":4235},{"Length":123,"Height":47,"Demand":1,"DemandMax":null,"Value":5781},{"Length":108,"Height":56,"Demand":1,"DemandMax":null,"Value":6048},{"Length":109,"Height":47,"Demand":1,"DemandMax":null,"Value":5123},{"Length":53,"Height":70,"Demand":1,"DemandMax":null,"Value":3710},{"Length":85,"Height":41,"Demand":1,"DemandMax":null,"Value":3485},{"Length":34,"Height":93,"Demand":1,"DemandMax":null,"Value":3162},{"Length":37,"Height":93,"Demand":1,"DemandMax":null,"Value":3441},{"Length":54,"Height":70,"Demand":1,"DemandMax":null,"Value":3780},{"Length":59,"Height":56,"Demand":1,"DemandMax":null,"Value":3304},{"Length":56,"Height":50,"Demand":1,"DemandMax":null,"Value":2800},{"Length":53,"Height":94,"Demand":1,"DemandMax":null,"Value":4982},{"Length":38,"Height":73,"Demand":1,"DemandMax":null,"Value":2774},{"Length":49,"Height":81,"Demand":1,"DemandMax":null,"Value":3969},{"Length":40,"Height":80,"Demand":1,"DemandMax":null,"Value":3200},{"Length":59,"Height":48,"Demand":1,"DemandMax":null,"Value":2832},{"Length":76,"Height":37,"Demand":1,"DemandMax":null,"Value":2812},{"Length":140,"Height":50,"Demand":1,"DemandMax":null,"Value":7000},{"Length":64,"Height":43,"Demand":1,"DemandMax":null,"Value":2752},{"Length":145,"Height":51,"Demand":1,"DemandMax":null,"Value":7395},{"Length":52,"Height":128,"Demand":1,"DemandMax":null,"Value":6656},{"Length":45,"Height":74,"Demand":1,"DemandMax":null,"Value":3330},{"Length":42,"Height":83,"Demand":1,"DemandMax":null,"Value":3486},{"Length":72,"Height":45,"Demand":1,"DemandMax":null,"Value":3240},{"Length":42,"Height":70,"Demand":1,"DemandMax":null,"Value":2940},{"Length":86,"Height":153,"Demand":1,"DemandMax":null,"Value":13158},{"Length":37,"Height":138,"Demand":1,"DemandMax":null,"Value":5106},{"Length":38,"Height":79,"Demand":1,"DemandMax":null,"Value":3002},{"Length":114,"Height":44,"Demand":1,"DemandMax":null,"Value":5016},{"Length":75,"Height":49,"Demand":1,"DemandMax":null,"Value":3675},{"Length":61,"Height":87,"Demand":1,"DemandMax":null,"Value":5307},{"Length":59,"Height":49,"Demand":1,"DemandMax":null,"Value":2891},{"Length":55,"Height":49,"Demand":1,"DemandMax":null,"Value":2695},{"Length":51,"Height":52,"Demand":1,"DemandMax":null,"Value":2652},{"Length":55,"Height":51,"Demand":1,"DemandMax":null,"Value":2805},{"Length":58,"Height":53,"Demand":1,"DemandMax":null,"Value":3074},{"Length":117,"Height":53,"Demand":1,"DemandMax":null,"Value":6201},{"Length":102,"Height":79,"Demand":1,"DemandMax":null,"Value":8058},{"Length":43,"Height":85,"Demand":1,"DemandMax":null,"Value":3655},{"Length":75,"Height":52,"Demand":1,"DemandMax":null,"Value":3900},{"Length":72,"Height":41,"Demand":1,"DemandMax":null,"Value":2952},{"Length":65,"Height":92,"Demand":1,"DemandMax":null,"Value":5980},{"Length":77,"Height":39,"Demand":1,"DemandMax":null,"Value":3003},{"Length":45,"Height":125,"Demand":1,"DemandMax":null,"Value":5625},{"Length":58,"Height":56,"Demand":1,"DemandMax":null,"Value":3248},{"Length":137,"Height":53,"Demand":1,"DemandMax":null,"Value":7261},{"Length":57,"Height":74,"Demand":1,"DemandMax":null,"Value":4218},{"Length":81,"Height":73,"Demand":1,"DemandMax":null,"Value":5913},{"Length":38,"Height":78,"Demand":1,"DemandMax":null,"Value":2964},{"Length":77,"Height":43,"Demand":1,"DemandMax":null,"Value":3311},{"Length":81,"Height":33,"Demand":1,"DemandMax":null,"Value":2673},{"Length":112,"Height":51,"Demand":1,"DemandMax":null,"Value":5712},{"Length":44,"Height":79,"Demand":1,"DemandMax":null,"Value":3476},{"Length":47,"Height":64,"Demand":1,"DemandMax":null,"Value":3008},{"Length":72,"Height":59,"Demand":1,"DemandMax":null,"Value":4248},{"Length":86,"Height":152,"Demand":1,"DemandMax":null,"Value":13072},{"Length":57,"Height":157,"Demand":1,"DemandMax":null,"Value":8949},{"Length":58,"Height":95,"Demand":1,"DemandMax":null,"Value":5510},{"Length":65,"Height":79,"Demand":1,"DemandMax":null,"Value":5135},{"Length":59,"Height":53,"Demand":1,"DemandMax":null,"Value":3127},{"Length":43,"Height":79,"Demand":1,"DemandMax":null,"Value":3397},{"Length":81,"Height":38,"Demand":1,"DemandMax":null,"Value":3078},{"Length":73,"Height":49,"Demand":1,"DemandMax":null,"Value":3577},{"Length":56,"Height":74,"Demand":1,"DemandMax":null,"Value":4144}]}