{"Name":"Nice400i4b4","Objects":[{"Length":398,"Height":369,"Stock":3,"Cost":146862},{"Length":216,"Height":631,"Stock":3,"Cost":136296},{"Length":602,"Height":369,"Stock":3,"Cost":222138},{"Length":784,"Height":631,"Stock":5,"Cost":494704}],"Items":[{"Length":94,"Height":50,"Demand":1,"DemandMax":null,"Value":4700},{"Length":33,"Height":80,"Demand":1,"DemandMax":null,"Value":2640},{"Length":52,"Height":45,"Demand":1,"DemandMax":null,"Value":2340},{"Length":71,"Height":41,"Demand":1,"DemandMax":null,"Value":2911},{"Length":24,"Height":56,"Demand":1,"DemandMax":null,"Value":1344},{"Length":78,"Height":37,"Demand":2,"DemandMax":null,"Value":2886},{"Length":31,"Height":65,"Demand":1,"DemandMax":null,"Value":2015},{"Length":88,"Height":39,"Demand":1,"DemandMax":null,"Value":3432},{"Length":52,"Height":54,"Demand":1,"DemandMax":null,"Value":2808},{"Length":70,"Height":36,"Demand":1,"DemandMax":null,"Value":2520},{"Length":42,"Height":153,"Demand":1,"DemandMax":null,"Value":6426},{"Length":77,"Height":45,"Demand":1,"DemandMax":null,"Value":3465},{"Length":44,"Height":50,"Demand":1,"DemandMax":null,"Value":2200},{"Length":52,"Height":42,"Demand":1,"DemandMax":null,"Value":2184},{"Length":25,"Height":50,"Demand":2,"DemandMax":null,"Value":1250},{"Length":28,"Height":57,"Demand":1,"DemandMax":null,"Value":1596},{"Length":46,"Height":56,"Demand":2,"DemandMax":null,"Value":2576},{"Length":45,"Height":72,"Demand":1,"DemandMax":null,"Value":3240},{"Length":57,"Height":56,"Demand":1,"DemandMax":null,"Value":3192},{"Length":59,"Height":31,"Demand":1,"DemandMax":null,"Value":1829},{"Length":75,"Height":19,"Demand":2,"DemandMax":null,"Value":1425},{"Length":34,"Height":59,"Demand":1,"DemandMax":null,"Value":2006},{"Length":30,"Height":76,"Demand":1,"DemandMax":null,"Value":2280},{"Length":45,"Height":54,"Demand":1,"DemandMax":null,"Value":2430},{"Length":50,"Height":51,"Demand":3,"DemandMax":null,"Value":2550},{"Length":42,"Height":116,"Demand":1,"DemandMax":null,"Value":4872},{"Length":95,"Height":46,"Demand":1,"DemandMax":null,"Value":4370},{"Length":24,"Height":58,"Demand":2,"DemandMax":null,"Value":1392},{"Length":117,"Height":59,"Demand":1,"DemandMax":null,"Value":6903},{"Length":28,"Height":52,"Demand":1,"DemandMax":null,"Value":1456},{"Length":117,"Height":68,"Demand":1,"DemandMax":null,"Value":7956},{"Length":86,"Height":25,"Demand":1,"DemandMax":null,"Value":2150},{"Length":53,"Height":46,"Demand":3,"DemandMax":null,"Value":2438},{"Length":58,"Height":42,"Demand":1,"DemandMax":null,"Value":2436},{"Length":96,"Height":51,"Demand":1,"DemandMax":null,"Value":4896},{"Length":22,"Height":60,"Demand":1,"DemandMax":null,"Value":1320},{"Length":34,"Height":58,"Demand":1,"DemandMax":null,"Value":1972},{"Length":53,"Height":47,"Demand":2,"DemandMax":null,"Value":2491},{"Length":38,"Height":77,"Demand":1,"DemandMax":null,"Value":2926},{"Length":49,"Height":30,"Demand":2,"DemandMax":null,"Value":1470},{"Length":31,"Height":44,"Demand":1,"DemandMax":null,"Value":1364},{"Length":46,"Height":58,"Demand":1,"DemandMax":null,"Value":2668},{"Length":49,"Height":29,"Demand":1,"DemandMax":null,"Value":1421},{"Length":40,"Height":64,"Demand":1,"DemandMax":null,"Value":2560},{"Length":57,"Height":38,"Demand":1,"DemandMax":null,"Value":2166},{"Length":40,"Height":65,"Demand":1,"DemandMax":null,"Value":2600},{"Length":51,"Height":27,"Demand":2,"DemandMax":null,"Value":1377},{"Length":53,"Height":89,"Demand":1,"DemandMax":null,"Value":4717},{"Length":35,"Height":55,"Demand":1,"DemandMax":null,"Value":1925},{"Length":42,"Height":43,"Demand":1,"DemandMax":null,"Value":1806},{"Length":119,"Height":37,"Demand":1,"DemandMax":null,"Value":4403},{"Length":31,"Height":114,"Demand":1,"DemandMax":null,"Value":3534},{"Length":88,"Height":103,"Demand":1,"DemandMax":null,"Value":9064},{"Length":57,"Height":43,"Demand":1,"DemandMax":null,"Value":2451},{"Length":36,"Height":72,"Demand":2,"DemandMax":null,"Value":2592},{"Length":61,"Height":29,"Demand":2,"DemandMax":null,"Value":1769},{"Length":70,"Height":68,"Demand":1,"DemandMax":null,"Value":4760},{"Length":42,"Height":60,"Demand":2,"DemandMax":null,"Value":2520},{"Length":40,"Height":35,"Demand":1,"DemandMax":null,"Value":1400},{"Length":58,"Height":46,"Demand":1,"DemandMax":null,"Value":2668},{"Length":70,"Height":53,"Demand":1,"DemandMax":null,"Value":3710},{"Length":80,"Height":26,"Demand":1,"DemandMax":null,"Value":2080},{"Length":57,"Height":40,"Demand":2,"DemandMax":null,"Value":2280},{"Length":64,"Height":59,"Demand":1,"DemandMax":null,"Value":3776},{"Length":57,"Height":29,"Demand":2,"DemandMax":null,"Value":1653},{"Length":84,"Height":30,"Demand":1,"DemandMax":null,"Value":2520},{"Length":55,"Height":24,"Demand":1,"DemandMax":null,"Value":1320},{"Length":58,"Height":37,"Demand":1,"DemandMax":null,"Value":2146},{"Length":26,"Height":95,"Demand":2,"DemandMax":null,"Value":2470},{"Length":39,"Height":41,"Demand":1,"DemandMax":null,"Value":1599},{"Length":50,"Height":27,"Demand":1,"DemandMax":null,"Value":1350},{"Length":56,"Height":34,"Demand":1,"DemandMax":null,"Value":1904},{"Length":42,"Height":47,"Demand":1,"DemandMax":null,"Value":1974},{"Length":52,"Height":37,"Demand":3,"DemandMax":null,"Value":1924},{"Length":44,"Height":57,"Demand":1,"DemandMax":null,"Value":2508},{"Length":151,"Height":42,"Demand":1,"DemandMax":null,"Value":6342},{"Length":53,"Height":26,"Demand":3,"DemandMax":null,"Value":1378},{"Length":22,"Height":61,"Demand":2,"DemandMax":null,"Value":1342},{"Length":85,"Height":30,"Demand":1,"DemandMax":null,"Value":2550},{"Length":122,"Height":31,"Demand":1,"DemandMax":null,"Value":3782},{"Length":51,"Height":29,"Demand":2,"DemandMax":null,"Value":1479},{"Length":52,"Height":155,"Demand":1,"DemandMax":null,"Value":8060},{"Length":99,"Height":74,"Demand":1,"DemandMax":null,"Value":7326},{"Length":91,"Height":28,"Demand":1,"DemandMax":null,"Value":2548},{"Length":33,"Height":97,"Demand":1,"DemandMax":null,"Value":3201},{"Length":28,"Height":76,"Demand":2,"DemandMax":null,"Value":2128},{"Length":150,"Height":40,"Demand":1,"DemandMax":null,"Value":6000},{"Length":71,"Height":21,"Demand":1,"DemandMax":null,"Value":1491},{"Length":38,"Height":59,"Demand":2,"DemandMax":null,"Value":2242},{"Length":22,"Height":83,"Demand":1,"DemandMax":null,"Value":1826},{"Length":91,"Height":27,"Demand":1,"DemandMax":null,"Value":2457},{"Length":53,"Height":25,"Demand":2,"DemandMax":null,"Value":1325},{"Length":19,"Height":74,"Demand":3,"DemandMax":null,"Value":1406},{"Length":108,"Height":58,"Demand":1,"DemandMax":null,"Value":6264},{"Length":57,"Height":48,"Demand":1,"DemandMax":null,"Value":2736},{"Length":61,"Height":50,"Demand":2,"DemandMax":null,"Value":3050},{"Length":40,"Height":72,"Demand":1,"DemandMax":null,"Value":2880},{"Length":136,"Height":35,"Demand":1,"DemandMax":null,"Value":4760},{"Length":80,"Height":114,"Demand":1,"DemandMax":null,"Value":9120},{"Length":42,"Height":51,"Demand":1,"DemandMax":null,"Value":2142},{"Length":52,"Height":31,"Demand":2,"DemandMax":null,"Value":1612},{"Length":75,"Height":27,"Demand":1,"DemandMax":null,"Value":2025},{"Length":59,"Height":34,"Demand":1,"DemandMax":null,"Value":2006},{"Length":78,"Height":22,"Demand":2,"DemandMax":null,"Value":1716},{"Length":45,"Height":50,"Demand":1,"DemandMax":null,"Value":2250},{"Length":53,"Height":50,"Demand":1,"DemandMax":null,"Value":2650},{"Length":48,"Height":30,"Demand":4,"DemandMax":null,"Value":1440},{"Length":38,"Height":52,"Demand":1,"DemandMax":null,"Value":1976},{"Length":51,"Height":128,"Demand":1,"DemandMax":null,"Value":6528},{"Length":50,"Height":46,"Demand":1,"DemandMax":null,"Value":2300},{"Length":56,"Height":24,"Demand":1,"DemandMax":null,"Value":1344},{"Length":24,"Height":95,"Demand":1,"DemandMax":null,"Value":2280},{"Length":57,"Height":44,"Demand":2,"DemandMax":null,"Value":2508},{"Length":45,"Height":60,"Demand":1,"DemandMax":null,"Value":2700},{"Length":76,"Height":33,"Demand":2,"DemandMax":null,"Value":2508},{"Length":30,"Height":45,"Demand":1,"DemandMax":null,"Value":1350},{"Length":23,"Height":84,"Demand":1,"DemandMax":null,"Value":1932},{"Length":78,"Height":30,"Demand":1,"DemandMax":null,"Value":2340},{"Length":50,"Height":28,"Demand":1,"DemandMax":null,"Value":1400},{"Length":54,"Height":49,"Demand":1,"DemandMax":null,"Value":2646},{"Length":61,"Height":40,"Demand":1,"DemandMax":null,"Value":2440},{"Length":42,"Height":50,"Demand":1,"DemandMax":null,"Value":2100},{"Length":50,"Height":50,"Demand":3,"DemandMax":null,"Value":2500},{"Length":45,"Height":61,"Demand":1,"DemandMax":null,"Value":2745},{"Length":33,"Height":41,"Demand":2,"DemandMax":null,"Value":1353},{"Length":38,"Height":124,"Demand":1,"DemandMax":null,"Value":4712},{"Length":45,"Height":65,"Demand":1,"DemandMax":null,"Value":2925},{"Length":70,"Height":62,"Demand":1,"DemandMax":null,"Value":4340},{"Length":52,"Height":26,"Demand":2,"DemandMax":null,"Value":1352},{"Length":49,"Height":49,"Demand":1,"DemandMax":null,"Value":2401},{"Length":50,"Height":52,"Demand":1,"DemandMax":null,"Value":2600},{"Length":78,"Height":25,"Demand":1,"DemandMax":null,"Value":1950},{"Length":66,"Height":37,"Demand":1,"DemandMax":null,"Value":2442},{"Length":28,"Height":98,"Demand":1,"DemandMax":null,"Value":2744},{"Length":65,"Height":25,"Demand":1,"DemandMax":null,"Value":1625},{"Length":70,"Height":50,"Demand":1,"DemandMax":null,"Value":3500},{"Length":57,"Height":55,"Demand":1,"DemandMax":null,"Value":3135},{"Length":138,"Height":57,"Demand":1,"DemandMax":null,"Value":7866},{"Length":58,"Height":45,"Demand":2,"DemandMax":null,"Value":2610},{"Length":95,"Height":60,"Demand":1,"DemandMax":null,"Value":5700},{"Length":88,"Height":48,"Demand":1,"DemandMax":null,"Value":4224},{"Length":18,"Height":65,"Demand":1,"DemandMax":null,"Value":1170},{"Length":20,"Height":68,"Demand":1,"DemandMax":null,"Value":1360},{"Length":30,"Height":86,"Demand":1,"DemandMax":null,"Value":2580},{"Length":45,"Height":44,"Demand":1,"DemandMax":null,"Value":1980},{"Length":41,"Height":72,"Demand":1,"DemandMax":null,"Value":2952},{"Length":35,"Height":75,"Demand":2,"DemandMax":null,"Value":2625},{"Length":76,"Height":26,"Demand":1,"DemandMax":null,"Value":1976},{"Length":51,"Height":33,"Demand":1,"DemandMax":null,"Value":1683},{"Length":45,"Height":29,"Demand":1,"DemandMax":null,"Value":1305},{"Length":35,"Height":134,"Demand":1,"DemandMax":null,"Value":4690},{"Length":26,"Height":94,"Demand":1,"DemandMax":null,"Value":2444},{"Length":49,"Height":50,"Demand":1,"DemandMax":null,"Value":2450},{"Length":49,"Height":74,"Demand":1,"DemandMax":null,"Value":3626},{"Length":32,"Height":43,"Demand":1,"DemandMax":null,"Value":1376},{"Length":26,"Height":84,"Demand":1,"DemandMax":null,"Value":2184},{"Length":63,"Height":39,"Demand":1,"DemandMax":null,"Value":2457},{"Length":34,"Height":95,"Demand":1,"DemandMax":null,"Value":3230},{"Length":45,"Height":34,"Demand":1,"DemandMax":null,"Value":1530},{"Length":99,"Height":26,"Demand":1,"DemandMax":null,"Value":2574},{"Length":44,"Height":33,"Demand":2,"DemandMax":null,"Value":1452},{"Length":81,"Height":39,"Demand":1,"DemandMax":null,"Value":3159},{"Length":46,"Height":33,"Demand":1,"DemandMax":null,"Value":1518},{"Length":64,"Height":77,"Demand":1,"DemandMax":null,"Value":4928},{"Length":20,"Height":75,"Demand":1,"DemandMax":null,"Value":1500},{"Length":66,"Height":39,"Demand":2,"DemandMax":null,"Value":2574},{"Length":33,"Height":42,"Demand":1,"DemandMax":null,"Value":1386},{"Length":30,"Height":49,"Demand":2,"DemandMax":null,"Value":1470},{"Length":22,"Height":63,"Demand":1,"DemandMax":null,"Value":1386},{"Length":33,"Height":60,"Demand":2,"DemandMax":null,"Value":1980},{"Length":34,"Height":86,"Demand":1,"DemandMax":null,"Value":2924},{"Length":33,"Height":74,"Demand":1,"DemandMax":null,"Value":2442},{"Length":22,"Height":66,"Demand":1,"DemandMax":null,"Value":1452},{"Length":40,"Height":91,"Demand":1,"DemandMax":null,"Value":3640},{"Length":57,"Height":50,"Demand":1,"DemandMax":null,"Value":2850},{"Length":39,"Height":65,"Demand":2,"DemandMax":null,"Value":2535},{"Length":80,"Height":52,"Demand":1,"DemandMax":null,"Value":4160},{"Length":45,"Height":37,"Demand":2,"DemandMax":null,"Value":1665},{"Length":25,"Height":64,"Demand":1,"DemandMax":null,"Value":1600},{"Length":47,"Height":28,"Demand":2,"DemandMax":null,"Value":1316},{"Length":57,"Height":69,"Demand":1,"DemandMax":null,"Value":3933},{"Length":62,"Height":49,"Demand":1,"DemandMax":null,"Value":3038},{"Length":48,"Height":28,"Demand":2,"DemandMax":null,"Value":1344},{"Length":43,"Height":32,"Demand":1,"DemandMax":null,"Value":1376},{"Length":30,"Height":51,"Demand":1,"DemandMax":null,"Value":1530},{"Length":42,"Height":52,"Demand":2,"DemandMax":null,"Value":2184},{"Length":116,"Height":32,"Demand":1,"DemandMax":null,"Value":3712},{"Length":52,"Height":82,"Demand":1,"DemandMax":null,"Value":4264},{"Length":59,"Height":55,"Demand":1,"DemandMax":null,"Value":3245},{"Length":38,"Height":35,"Demand":2,"DemandMax":null,"Value":1330},{"Length":76,"Height":19,"Demand":2,"DemandMax":null,"Value":1444},{"Length":58,"Height":23,"Demand":2,"DemandMax":null,"Value":1334},{"Length":45,"Height":47,"Demand":1,"DemandMax":null,"Value":2115},{"Length":95,"Height":24,"Demand":1,"DemandMax":null,"Value":2280},{"Length":53,"Height":39,"Demand":1,"DemandMax":null,"Value":2067},{"Length":50,"Height":43,"Demand":1,"DemandMax":null,"Value":2150},{"Length":78,"Height":53,"Demand":1,"DemandMax":null,"Value":4134},{"Length":108,"Height":61,"Demand":1,"DemandMax":null,"Value":6588},{"Length":45,"Height":30,"Demand":1,"DemandMax":null,"Value":1350},{"Length":38,"Height":44,"Demand":1,"DemandMax":null,"Value":1672},{"Length":49,"Height":44,"Demand":1,"DemandMax":null,"Value":2156},{"Length":74,"Height":65,"Demand":1,"DemandMax":null,"Value":4810},{"Length":102,"Height":30,"Demand":1,"DemandMax":null,"Value":3060},{"Length":28,"Height":51,"Demand":2,"DemandMax":null,"Value":1428},{"Length":27,"Height":50,"Demand":2,"DemandMax":null,"Value":1350},{"Length":78,"Height":40,"Demand":1,"DemandMax":null,"Value":3120},{"Length":45,"Height":38,"Demand":1,"DemandMax":null,"Value":1710},{"Length":48,"Height":29,"Demand":1,"DemandMax":null,"Value":1392},{"Length":31,"Height":43,"Demand":2,"DemandMax":null,"Value":1333},{"Length":75,"Height":38,"Demand":1,"DemandMax":null,"Value":2850},{"Length":81,"Height":50,"Demand":1,"DemandMax":null,"Value":4050},{"Length":53,"Height":44,"Demand":1,"DemandMax":null,"Value":2332},{"Length":40,"Height":43,"Demand":1,"DemandMax":null,"Value":1720},{"Length":59,"Height":32,"Demand":1,"DemandMax":null,"Value":1888},{"Length":59,"Height":37,"Demand":1,"DemandMax":null,"Value":2183},{"Length":55,"Height":44,"Demand":1,"DemandMax":null,"Value":2420},{"Length":95,"Height":29,"Demand":1,"DemandMax":null,"Value":2755},{"Length":34,"Height":65,"Demand":1,"DemandMax":null,"Value":2210},{"Length":28,"Height":50,"Demand":1,"DemandMax":null,"Value":1400},{"Length":29,"Height":45,"Demand":1,"DemandMax":null,"Value":1305},{"Length":90,"Height":40,"Demand":1,"DemandMax":null,"Value":3600},{"Length":39,"Height":35,"Demand":1,"DemandMax":null,"Value":1365},{"Length":38,"Height":36,"Demand":2,"DemandMax":null,"Value":1368},{"Length":41,"Height":36,"Demand":2,"DemandMax":null,"Value":1476},{"Length":32,"Height":65,"Demand":1,"DemandMax":null,"Value":2080},{"Length":31,"Height":76,"Demand":1,"DemandMax":null,"Value":2356},{"Length":62,"Height":42,"Demand":1,"DemandMax":null,"Value":2604},{"Length":69,"Height":21,"Demand":1,"DemandMax":null,"Value":1449},{"Length":45,"Height":33,"Demand":1,"DemandMax":null,"Value":1485},{"Length":38,"Height":65,"Demand":1,"DemandMax":null,"Value":2470},{"Length":76,"Height":30,"Demand":1,"DemandMax":null,"Value":2280},{"Length":69,"Height":80,"Demand":1,"DemandMax":null,"Value":5520},{"Length":34,"Height":39,"Demand":1,"DemandMax":null,"Value":1326},{"Length":86,"Height":30,"Demand":1,"DemandMax":null,"Value":2580},{"Length":40,"Height":97,"Demand":1,"DemandMax":null,"Value":3880},{"Length":44,"Height":32,"Demand":1,"DemandMax":null,"Value":1408},{"Length":93,"Height":40,"Demand":1,"DemandMax":null,"Value":3720},{"Length":47,"Height":30,"Demand":1,"DemandMax":null,"Value":1410},{"Length":53,"Height":32,"Demand":1,"DemandMax":null,"Value":1696},{"Length":87,"Height":22,"Demand":1,"DemandMax":null,"Value":1914},{"Length":87,"Height":23,"Demand":1,"DemandMax":null,"Value":2001},{"Length":35,"Height":38,"Demand":1,"DemandMax":null,"Value":1330},{"Length":102,"Height":44,"Demand":1,"DemandMax":null,"Value":4488},{"Length":76,"Height":34,"Demand":1,"DemandMax":null,"Value":2584},{"Length":99,"Height":27,"Demand":1,"DemandMax":null,"Value":2673},{"Length":29,"Height":76,"Demand":1,"DemandMax":null,"Value":2204},{"Length":57,"Height":84,"Demand":1,"DemandMax":null,"Value":4788},{"Length":42,"Height":65,"Demand":1,"DemandMax":null,"Value":2730},{"Length":70,"Height":35,"Demand":1,"DemandMax":null,"Value":2450},{"Length":52,"Height":48,"Demand":1,"DemandMax":null,"Value":2496},{"Length":47,"Height":33,"Demand":1,"DemandMax":null,"Value":1551},{"Length":35,"Height":58,"Demand":1,"DemandMax":null,"Value":2030},{"Length":25,"Height":58,"Demand":1,"DemandMax":null,"Value":1450},{"Length":65,"Height":141,"Demand":1,"DemandMax":null,"Value":9165},{"Length":66,"Height":20,"Demand":1,"DemandMax":null,"Value":1320},{"Length":95,"Height":91,"Demand":1,"DemandMax":null,"Value":8645},{"Length":78,"Height":38,"Demand":1,"DemandMax":null,"Value":2964},{"Length":55,"Height":25,"Demand":1,"DemandMax":null,"Value":1375},{"Length":61,"Height":55,"Demand":1,"DemandMax":null,"Value":3355},{"Length":53,"Height":35,"Demand":1,"DemandMax":null,"Value":1855},{"Length":45,"Height":52,"Demand":1,"DemandMax":null,"Value":2340},{"Length":30,"Height":50,"Demand":2,"DemandMax":null,"Value":1500},{"Length":50,"Height":33,"Demand":1,"DemandMax":null,"Value":1650},{"Length":34,"Height":43,"Demand":1,"DemandMax":null,"Value":1462},{"Length":66,"Height":44,"Demand":1,"DemandMax":null,"Value":2904},{"Length":58,"Height":32,"Demand":1,"DemandMax":null,"Value":1856},{"Length":46,"Height":108,"Demand":1,"DemandMax":null,"Value":4968},{"Length":30,"Height":68,"Demand":1,"DemandMax":null,"Value":2040},{"Length":51,"Height":37,"Demand":1,"DemandMax":null,"Value":1887},{"Length":35,"Height":39,"Demand":1,"DemandMax":null,"Value":1365},{"Length":20,"Height":74,"Demand":1,"DemandMax":null,"Value":1480},{"Length":56,"Height":29,"Demand":1,"DemandMax":null,"Value":1624},{"Length":27,"Height":84,"Demand":1,"DemandMax":null,"Value":2268},{"Length":66,"Height":22,"Demand":1,"DemandMax":null,"Value":1452},{"Length":44,"Height":36,"Demand":1,"DemandMax":null,"Value":1584},{"Length":35,"Height":41,"Demand":1,"DemandMax":null,"Value":1435},{"Length":46,"Height":30,"Demand":1,"DemandMax":null,"Value":1380},{"Length":80,"Height":20,"Demand":1,"DemandMax":null,"Value":1600},{"Length":36,"Height":75,"Demand":1,"DemandMax":null,"Value":2700},{"Length":28,"Height":64,"Demand":1,"DemandMax":null,"Value":1792},{"Length":58,"Height":24,"Demand":1,"DemandMax":null,"Value":1392},{"Length":59,"Height":50,"Demand":1,"DemandMax":null,"Value":2950},{"Length":50,"Height":73,"Demand":1,"DemandMax":null,"Value":3650},{"Length":32,"Height":71,"Demand":1,"DemandMax":null,"Value":2272},{"Length":51,"Height":52,"Demand":1,"DemandMax":null,"Value":2652},{"Length":71,"Height":23,"Demand":1,"DemandMax":null,"Value":1633},{"Length":61,"Height":57,"Demand":1,"DemandMax":null,"Value":3477},{"Length":59,"Height":49,"Demand":1,"DemandMax":null,"Value":2891},{"Length":53,"Height":40,"Demand":1,"DemandMax":null,"Value":2120},{"Length":116,"Height":52,"Demand":1,"DemandMax":null,"Value":6032},{"Length":41,"Height":35,"Demand":2,"DemandMax":null,"Value":1435},{"Length":78,"Height":32,"Demand":1,"DemandMax":null,"Value":2496},{"Length":48,"Height":33,"Demand":1,"DemandMax":null,"Value":1584},{"Length":61,"Height":31,"Demand":1,"DemandMax":null,"Value":1891},{"Length":66,"Height":51,"Demand":2,"DemandMax":null,"Value":3366},{"Length":31,"Height":51,"Demand":1,"DemandMax":null,"Value":1581},{"Length":59,"Height":23,"Demand":2,"DemandMax":null,"Value":1357},{"Length":87,"Height":38,"Demand":1,"DemandMax":null,"Value":3306},{"Length":70,"Height":93,"Demand":1,"DemandMax":null,"Value":6510},{"Length":63,"Height":49,"Demand":1,"DemandMax":null,"Value":3087},{"Length":51,"Height":43,"Demand":1,"DemandMax":null,"Value":2193},{"Length":38,"Height":43,"Demand":1,"DemandMax":null,"Value":1634},{"Length":29,"Height":60,"Demand":1,"DemandMax":null,"Value":1740},{"Length":86,"Height":51,"Demand":1,"DemandMax":null,"Value":4386},{"Length":56,"Height":30,"Demand":1,"DemandMax":null,"Value":1680},{"Length":45,"Height":39,"Demand":1,"DemandMax":null,"Value":1755},{"Length":36,"Height":83,"Demand":1,"DemandMax":null,"Value":2988},{"Length":40,"Height":51,"Demand":1,"DemandMax":null,"Value":2040},{"Length":78,"Height":76,"Demand":1,"DemandMax":null,"Value":5928},{"Length":63,"Height":41,"Demand":1,"DemandMax":null,"Value":2583},{"Length":53,"Height":43,"Demand":1,"DemandMax":null,"Value":2279},{"Length":80,"Height":21,"Demand":1,"DemandMax":null,"Value":1680},{"Length":44,"Height":35,"Demand":1,"DemandMax":null,"Value":1540},{"Length":29,"Height":51,"Demand":1,"DemandMax":null,"Value":1479},{"Length":59,"Height":58,"Demand":1,"DemandMax":null,"Value":3422},{"Length":31,"Height":63,"Demand":1,"DemandMax":null,"Value":1953},{"Length":46,"Height":63,"Demand":1,"DemandMax":null,"Value":2898},{"Length":27,"Height":98,"Demand":1,"DemandMax":null,"Value":2646},{"Length":69,"Height":26,"Demand":1,"DemandMax":null,"Value":1794},{"Length":29,"Height":50,"Demand":1,"DemandMax":null,"Value":1450},{"Length":69,"Height":56,"Demand":1,"DemandMax":null,"Value":3864},{"Length":87,"Height":26,"Demand":1,"DemandMax":null,"Value":2262},{"Length":52,"Height":38,"Demand":1,"DemandMax":null,"Value":1976},{"Length":52,"Height":66,"Demand":1,"DemandMax":null,"Value":3432},{"Length":52,"Height":50,"Demand":1,"DemandMax":null,"Value":2600},{"Length":46,"Height":29,"Demand":1,"DemandMax":null,"Value":1334},{"Length":46,"Height":36,"Demand":1,"DemandMax":null,"Value":1656},{"Length":50,"Height":29,"Demand":1,"DemandMax":null,"Value":1450},{"Length":34,"Height":44,"Demand":1,"DemandMax":null,"Value":1496},{"Length":36,"Height":66,"Demand":1,"DemandMax":null,"Value":2376},{"Length":31,"Height":55,"Demand":1,"DemandMax":null,"Value":1705},{"Length":48,"Height":36,"Demand":1,"DemandMax":null,"Value":1728},{"Length":117,"Height":54,"Demand":1,"DemandMax":null,"Value":6318},{"Length":61,"Height":28,"Demand":1,"DemandMax":null,"Value":1708},{"Length":45,"Height":62,"Demand":1,"DemandMax":null,"Value":2790},{"Length":20,"Height":65,"Demand":1,"DemandMax":null,"Value":1300}]}