{"Name":"Path500i5b2","Objects":[{"Length":619,"Height":619,"Stock":1,"Cost":383161},{"Length":381,"Height":285,"Stock":1,"Cost":108585},{"Length":619,"Height":381,"Stock":5,"Cost":235839},{"Length":381,"Height":379,"Stock":6,"Cost":144399},{"Length":381,"Height":336,"Stock":6,"Cost":128016}],"Items":[{"Length":211,"Height":213,"Demand":1,"DemandMax":null,"Value":44943},{"Length":48,"Height":87,"Demand":1,"DemandMax":null,"Value":4176},{"Length":24,"Height":160,"Demand":1,"DemandMax":null,"Value":3840},{"Length":155,"Height":63,"Demand":1,"DemandMax":null,"Value":9765},{"Length":17,"Height":3,"Demand":1,"DemandMax":null,"Value":51},{"Length":2,"Height":6,"Demand":3,"DemandMax":null,"Value":12},{"Length":128,"Height":80,"Demand":1,"DemandMax":null,"Value":10240},{"Length":209,"Height":185,"Demand":1,"DemandMax":null,"Value":38665},{"Length":7,"Height":11,"Demand":2,"DemandMax":null,"Value":77},{"Length":8,"Height":31,"Demand":1,"DemandMax":null,"Value":248},{"Length":33,"Height":128,"Demand":1,"DemandMax":null,"Value":4224},{"Length":21,"Height":2,"Demand":2,"DemandMax":null,"Value":42},{"Length":73,"Height":7,"Demand":1,"DemandMax":null,"Value":511},{"Length":92,"Height":92,"Demand":1,"DemandMax":null,"Value":8464},{"Length":19,"Height":5,"Demand":1,"DemandMax":null,"Value":95},{"Length":10,"Height":8,"Demand":1,"DemandMax":null,"Value":80},{"Length":79,"Height":135,"Demand":1,"DemandMax":null,"Value":10665},{"Length":57,"Height":15,"Demand":1,"DemandMax":null,"Value":855},{"Length":46,"Height":2,"Demand":1,"DemandMax":null,"Value":92},{"Length":46,"Height":135,"Demand":1,"DemandMax":null,"Value":6210},{"Length":1,"Height":64,"Demand":1,"DemandMax":null,"Value":64},{"Length":6,"Height":25,"Demand":1,"DemandMax":null,"Value":150},{"Length":118,"Height":199,"Demand":1,"DemandMax":null,"Value":23482},{"Length":1,"Height":1,"Demand":53,"DemandMax":null,"Value":1},{"Length":58,"Height":185,"Demand":1,"DemandMax":null,"Value":10730},{"Length":9,"Height":8,"Demand":1,"DemandMax":null,"Value":72},{"Length":119,"Height":1,"Demand":1,"DemandMax":null,"Value":119},{"Length":9,"Height":21,"Demand":1,"DemandMax":null,"Value":189},{"Length":205,"Height":159,"Demand":1,"DemandMax":null,"Value":32595},{"Length":8,"Height":77,"Demand":1,"DemandMax":null,"Value":616},{"Length":14,"Height":42,"Demand":1,"DemandMax":null,"Value":588},{"Length":30,"Height":67,"Demand":1,"DemandMax":null,"Value":2010},{"Length":1,"Height":5,"Demand":3,"DemandMax":null,"Value":5},{"Length":1,"Height":4,"Demand":9,"DemandMax":null,"Value":4},{"Length":63,"Height":15,"Demand":1,"DemandMax":null,"Value":945},{"Length":3,"Height":6,"Demand":1,"DemandMax":null,"Value":18},{"Length":138,"Height":17,"Demand":1,"DemandMax":null,"Value":2346},{"Length":151,"Height":6,"Demand":1,"DemandMax":null,"Value":906},{"Length":92,"Height":34,"Demand":1,"DemandMax":null,"Value":3128},{"Length":7,"Height":8,"Demand":1,"DemandMax":null,"Value":56},{"Length":60,"Height":7,"Demand":1,"DemandMax":null,"Value":420},{"Length":65,"Height":117,"Demand":1,"DemandMax":null,"Value":7605},{"Length":14,"Height":25,"Demand":1,"DemandMax":null,"Value":350},{"Length":136,"Height":221,"Demand":1,"DemandMax":null,"Value":30056},{"Length":60,"Height":31,"Demand":1,"DemandMax":null,"Value":1860},{"Length":41,"Height":6,"Demand":1,"DemandMax":null,"Value":246},{"Length":2,"Height":17,"Demand":1,"DemandMax":null,"Value":34},{"Length":73,"Height":2,"Demand":1,"DemandMax":null,"Value":146},{"Length":20,"Height":285,"Demand":1,"DemandMax":null,"Value":5700},{"Length":1,"Height":8,"Demand":3,"DemandMax":null,"Value":8},{"Length":1,"Height":108,"Demand":1,"DemandMax":null,"Value":108},{"Length":15,"Height":75,"Demand":1,"DemandMax":null,"Value":1125},{"Length":7,"Height":1,"Demand":2,"DemandMax":null,"Value":7},{"Length":2,"Height":12,"Demand":1,"DemandMax":null,"Value":24},{"Length":1,"Height":6,"Demand":4,"DemandMax":null,"Value":6},{"Length":12,"Height":9,"Demand":2,"DemandMax":null,"Value":108},{"Length":4,"Height":26,"Demand":1,"DemandMax":null,"Value":104},{"Length":22,"Height":22,"Demand":1,"DemandMax":null,"Value":484},{"Length":18,"Height":246,"Demand":1,"DemandMax":null,"Value":4428},{"Length":12,"Height":16,"Demand":1,"DemandMax":null,"Value":192},{"Length":7,"Height":10,"Demand":1,"DemandMax":null,"Value":70},{"Length":7,"Height":3,"Demand":2,"DemandMax":null,"Value":21},{"Length":16,"Height":6,"Demand":1,"DemandMax":null,"Value":96},{"Length":5,"Height":79,"Demand":1,"DemandMax":null,"Value":395},{"Length":19,"Height":128,"Demand":1,"DemandMax":null,"Value":2432},{"Length":4,"Height":1,"Demand":5,"DemandMax":null,"Value":4},{"Length":262,"Height":2,"Demand":1,"DemandMax":null,"Value":524},{"Length":2,"Height":15,"Demand":2,"DemandMax":null,"Value":30},{"Length":5,"Height":8,"Demand":1,"DemandMax":null,"Value":40},{"Length":18,"Height":3,"Demand":1,"DemandMax":null,"Value":54},{"Length":3,"Height":1,"Demand":6,"DemandMax":null,"Value":3},{"Length":1,"Height":33,"Demand":1,"DemandMax":null,"Value":33},{"Length":239,"Height":15,"Demand":1,"DemandMax":null,"Value":3585},{"Length":92,"Height":1,"Demand":1,"DemandMax":null,"Value":92},{"Length":2,"Height":5,"Demand":3,"DemandMax":null,"Value":10},{"Length":214,"Height":131,"Demand":1,"DemandMax":null,"Value":28034},{"Length":10,"Height":1,"Demand":1,"DemandMax":null,"Value":10},{"Length":193,"Height":73,"Demand":1,"DemandMax":null,"Value":14089},{"Length":47,"Height":173,"Demand":1,"DemandMax":null,"Value":8131},{"Length":14,"Height":105,"Demand":1,"DemandMax":null,"Value":1470},{"Length":1,"Height":12,"Demand":3,"DemandMax":null,"Value":12},{"Length":221,"Height":8,"Demand":1,"DemandMax":null,"Value":1768},{"Length":1,"Height":2,"Demand":12,"DemandMax":null,"Value":2},{"Length":4,"Height":2,"Demand":2,"DemandMax":null,"Value":8},{"Length":92,"Height":4,"Demand":1,"DemandMax":null,"Value":368},{"Length":12,"Height":4,"Demand":1,"DemandMax":null,"Value":48},{"Length":130,"Height":2,"Demand":1,"DemandMax":null,"Value":260},{"Length":1,"Height":11,"Demand":2,"DemandMax":null,"Value":11},{"Length":6,"Height":124,"Demand":1,"DemandMax":null,"Value":744},{"Length":18,"Height":72,"Demand":1,"DemandMax":null,"Value":1296},{"Length":280,"Height":6,"Demand":1,"DemandMax":null,"Value":1680},{"Length":2,"Height":1,"Demand":10,"DemandMax":null,"Value":2},{"Length":280,"Height":20,"Demand":1,"DemandMax":null,"Value":5600},{"Length":2,"Height":58,"Demand":1,"DemandMax":null,"Value":116},{"Length":8,"Height":11,"Demand":3,"DemandMax":null,"Value":88},{"Length":1,"Height":7,"Demand":2,"DemandMax":null,"Value":7},{"Length":6,"Height":5,"Demand":2,"DemandMax":null,"Value":30},{"Length":16,"Height":3,"Demand":1,"DemandMax":null,"Value":48},{"Length":280,"Height":5,"Demand":1,"DemandMax":null,"Value":1400},{"Length":40,"Height":42,"Demand":1,"DemandMax":null,"Value":1680},{"Length":11,"Height":5,"Demand":1,"DemandMax":null,"Value":55},{"Length":92,"Height":8,"Demand":1,"DemandMax":null,"Value":736},{"Length":13,"Height":30,"Demand":1,"DemandMax":null,"Value":390},{"Length":2,"Height":70,"Demand":1,"DemandMax":null,"Value":140},{"Length":239,"Height":177,"Demand":1,"DemandMax":null,"Value":42303},{"Length":26,"Height":45,"Demand":1,"DemandMax":null,"Value":1170},{"Length":2,"Height":10,"Demand":2,"DemandMax":null,"Value":20},{"Length":206,"Height":82,"Demand":1,"DemandMax":null,"Value":16892},{"Length":6,"Height":112,"Demand":1,"DemandMax":null,"Value":672},{"Length":85,"Height":12,"Demand":1,"DemandMax":null,"Value":1020},{"Length":22,"Height":73,"Demand":1,"DemandMax":null,"Value":1606},{"Length":114,"Height":173,"Demand":1,"DemandMax":null,"Value":19722},{"Length":83,"Height":103,"Demand":1,"DemandMax":null,"Value":8549},{"Length":243,"Height":23,"Demand":1,"DemandMax":null,"Value":5589},{"Length":8,"Height":2,"Demand":3,"DemandMax":null,"Value":16},{"Length":63,"Height":216,"Demand":1,"DemandMax":null,"Value":13608},{"Length":2,"Height":4,"Demand":4,"DemandMax":null,"Value":8},{"Length":132,"Height":47,"Demand":1,"DemandMax":null,"Value":6204},{"Length":1,"Height":70,"Demand":2,"DemandMax":null,"Value":70},{"Length":79,"Height":2,"Demand":1,"DemandMax":null,"Value":158},{"Length":15,"Height":1,"Demand":1,"DemandMax":null,"Value":15},{"Length":16,"Height":75,"Demand":1,"DemandMax":null,"Value":1200},{"Length":57,"Height":3,"Demand":1,"DemandMax":null,"Value":171},{"Length":80,"Height":285,"Demand":1,"DemandMax":null,"Value":22800},{"Length":78,"Height":6,"Demand":1,"DemandMax":null,"Value":468},{"Length":72,"Height":135,"Demand":1,"DemandMax":null,"Value":9720},{"Length":8,"Height":9,"Demand":1,"DemandMax":null,"Value":72},{"Length":18,"Height":1,"Demand":1,"DemandMax":null,"Value":18},{"Length":8,"Height":12,"Demand":1,"DemandMax":null,"Value":96},{"Length":151,"Height":39,"Demand":1,"DemandMax":null,"Value":5889},{"Length":6,"Height":9,"Demand":1,"DemandMax":null,"Value":54},{"Length":1,"Height":63,"Demand":3,"DemandMax":null,"Value":63},{"Length":15,"Height":50,"Demand":1,"DemandMax":null,"Value":750},{"Length":14,"Height":121,"Demand":1,"DemandMax":null,"Value":1694},{"Length":20,"Height":12,"Demand":1,"DemandMax":null,"Value":240},{"Length":22,"Height":4,"Demand":1,"DemandMax":null,"Value":88},{"Length":11,"Height":2,"Demand":1,"DemandMax":null,"Value":22},{"Length":1,"Height":21,"Demand":2,"DemandMax":null,"Value":21},{"Length":13,"Height":1,"Demand":2,"DemandMax":null,"Value":13},{"Length":48,"Height":28,"Demand":1,"DemandMax":null,"Value":1344},{"Length":228,"Height":50,"Demand":1,"DemandMax":null,"Value":11400},{"Length":151,"Height":155,"Demand":1,"DemandMax":null,"Value":23405},{"Length":155,"Height":146,"Demand":1,"DemandMax":null,"Value":22630},{"Length":6,"Height":71,"Demand":1,"DemandMax":null,"Value":426},{"Length":33,"Height":48,"Demand":1,"DemandMax":null,"Value":1584},{"Length":53,"Height":22,"Demand":1,"DemandMax":null,"Value":1166},{"Length":58,"Height":61,"Demand":1,"DemandMax":null,"Value":3538},{"Length":6,"Height":1,"Demand":5,"DemandMax":null,"Value":6},{"Length":119,"Height":3,"Demand":2,"DemandMax":null,"Value":357},{"Length":46,"Height":81,"Demand":1,"DemandMax":null,"Value":3726},{"Length":3,"Height":4,"Demand":1,"DemandMax":null,"Value":12},{"Length":7,"Height":15,"Demand":1,"DemandMax":null,"Value":105},{"Length":33,"Height":244,"Demand":1,"DemandMax":null,"Value":8052},{"Length":26,"Height":112,"Demand":1,"DemandMax":null,"Value":2912},{"Length":18,"Height":2,"Demand":1,"DemandMax":null,"Value":36},{"Length":6,"Height":8,"Demand":4,"DemandMax":null,"Value":48},{"Length":12,"Height":105,"Demand":1,"DemandMax":null,"Value":1260},{"Length":5,"Height":1,"Demand":2,"DemandMax":null,"Value":5},{"Length":6,"Height":2,"Demand":1,"DemandMax":null,"Value":12},{"Length":7,"Height":21,"Demand":1,"DemandMax":null,"Value":147},{"Length":1,"Height":15,"Demand":3,"DemandMax":null,"Value":15},{"Length":1,"Height":3,"Demand":4,"DemandMax":null,"Value":3},{"Length":25,"Height":5,"Demand":2,"DemandMax":null,"Value":125},{"Length":262,"Height":199,"Demand":1,"DemandMax":null,"Value":52138},{"Length":44,"Height":59,"Demand":1,"DemandMax":null,"Value":2596},{"Length":29,"Height":57,"Demand":1,"DemandMax":null,"Value":1653},{"Length":9,"Height":7,"Demand":1,"DemandMax":null,"Value":63},{"Length":26,"Height":57,"Demand":1,"DemandMax":null,"Value":1482},{"Length":20,"Height":130,"Demand":1,"DemandMax":null,"Value":2600},{"Length":108,"Height":21,"Demand":1,"DemandMax":null,"Value":2268},{"Length":59,"Height":27,"Demand":1,"DemandMax":null,"Value":1593},{"Length":15,"Height":31,"Demand":1,"DemandMax":null,"Value":465},{"Length":76,"Height":1,"Demand":1,"DemandMax":null,"Value":76},{"Length":120,"Height":169,"Demand":1,"DemandMax":null,"Value":20280},{"Length":19,"Height":3,"Demand":1,"DemandMax":null,"Value":57},{"Length":73,"Height":1,"Demand":1,"DemandMax":null,"Value":73},{"Length":11,"Height":1,"Demand":2,"DemandMax":null,"Value":11},{"Length":98,"Height":73,"Demand":1,"DemandMax":null,"Value":7154},{"Length":6,"Height":3,"Demand":2,"DemandMax":null,"Value":18},{"Length":8,"Height":1,"Demand":3,"DemandMax":null,"Value":8},{"Length":8,"Height":10,"Demand":1,"DemandMax":null,"Value":80},{"Length":60,"Height":11,"Demand":1,"DemandMax":null,"Value":660},{"Length":138,"Height":4,"Demand":1,"DemandMax":null,"Value":552},{"Length":4,"Height":6,"Demand":2,"DemandMax":null,"Value":24},{"Length":1,"Height":10,"Demand":2,"DemandMax":null,"Value":10},{"Length":28,"Height":5,"Demand":2,"DemandMax":null,"Value":140},{"Length":2,"Height":11,"Demand":1,"DemandMax":null,"Value":22},{"Length":13,"Height":57,"Demand":1,"DemandMax":null,"Value":741},{"Length":49,"Height":10,"Demand":1,"DemandMax":null,"Value":490},{"Length":22,"Height":16,"Demand":1,"DemandMax":null,"Value":352},{"Length":35,"Height":1,"Demand":1,"DemandMax":null,"Value":35},{"Length":92,"Height":43,"Demand":1,"DemandMax":null,"Value":3956},{"Length":22,"Height":5,"Demand":1,"DemandMax":null,"Value":110},{"Length":20,"Height":3,"Demand":1,"DemandMax":null,"Value":60},{"Length":24,"Height":173,"Demand":1,"DemandMax":null,"Value":4152},{"Length":17,"Height":40,"Demand":1,"DemandMax":null,"Value":680},{"Length":46,"Height":19,"Demand":1,"DemandMax":null,"Value":874},{"Length":93,"Height":104,"Demand":1,"DemandMax":null,"Value":9672},{"Length":155,"Height":7,"Demand":1,"DemandMax":null,"Value":1085},{"Length":8,"Height":76,"Demand":1,"DemandMax":null,"Value":608},{"Length":78,"Height":220,"Demand":1,"DemandMax":null,"Value":17160},{"Length":46,"Height":3,"Demand":1,"DemandMax":null,"Value":138},{"Length":1,"Height":76,"Demand":1,"DemandMax":null,"Value":76},{"Length":16,"Height":36,"Demand":1,"DemandMax":null,"Value":576},{"Length":28,"Height":147,"Demand":1,"DemandMax":null,"Value":4116},{"Length":2,"Height":45,"Demand":1,"DemandMax":null,"Value":90},{"Length":155,"Height":59,"Demand":1,"DemandMax":null,"Value":9145},{"Length":34,"Height":50,"Demand":1,"DemandMax":null,"Value":1700},{"Length":3,"Height":23,"Demand":2,"DemandMax":null,"Value":69},{"Length":2,"Height":7,"Demand":1,"DemandMax":null,"Value":14},{"Length":57,"Height":29,"Demand":1,"DemandMax":null,"Value":1653},{"Length":74,"Height":11,"Demand":1,"DemandMax":null,"Value":814},{"Length":3,"Height":8,"Demand":1,"DemandMax":null,"Value":24},{"Length":184,"Height":59,"Demand":1,"DemandMax":null,"Value":10856},{"Length":12,"Height":3,"Demand":2,"DemandMax":null,"Value":36},{"Length":6,"Height":11,"Demand":1,"DemandMax":null,"Value":66},{"Length":239,"Height":17,"Demand":1,"DemandMax":null,"Value":4063},{"Length":12,"Height":5,"Demand":1,"DemandMax":null,"Value":60},{"Length":190,"Height":79,"Demand":1,"DemandMax":null,"Value":15010},{"Length":27,"Height":13,"Demand":1,"DemandMax":null,"Value":351},{"Length":69,"Height":125,"Demand":1,"DemandMax":null,"Value":8625},{"Length":6,"Height":4,"Demand":2,"DemandMax":null,"Value":24},{"Length":151,"Height":21,"Demand":2,"DemandMax":null,"Value":3171},{"Length":3,"Height":3,"Demand":2,"DemandMax":null,"Value":9},{"Length":106,"Height":1,"Demand":1,"DemandMax":null,"Value":106},{"Length":18,"Height":4,"Demand":1,"DemandMax":null,"Value":72},{"Length":26,"Height":76,"Demand":1,"DemandMax":null,"Value":1976},{"Length":73,"Height":8,"Demand":1,"DemandMax":null,"Value":584},{"Length":4,"Height":5,"Demand":2,"DemandMax":null,"Value":20},{"Length":239,"Height":7,"Demand":1,"DemandMax":null,"Value":1673},{"Length":10,"Height":124,"Demand":1,"DemandMax":null,"Value":1240},{"Length":16,"Height":81,"Demand":1,"DemandMax":null,"Value":1296},{"Length":26,"Height":15,"Demand":1,"DemandMax":null,"Value":390},{"Length":4,"Height":4,"Demand":2,"DemandMax":null,"Value":16},{"Length":13,"Height":3,"Demand":1,"DemandMax":null,"Value":39},{"Length":3,"Height":36,"Demand":1,"DemandMax":null,"Value":108},{"Length":3,"Height":12,"Demand":1,"DemandMax":null,"Value":36},{"Length":239,"Height":24,"Demand":1,"DemandMax":null,"Value":5736},{"Length":8,"Height":4,"Demand":2,"DemandMax":null,"Value":32},{"Length":138,"Height":28,"Demand":1,"DemandMax":null,"Value":3864},{"Length":1,"Height":82,"Demand":1,"DemandMax":null,"Value":82},{"Length":138,"Height":9,"Demand":1,"DemandMax":null,"Value":1242},{"Length":4,"Height":7,"Demand":1,"DemandMax":null,"Value":28},{"Length":25,"Height":131,"Demand":1,"DemandMax":null,"Value":3275},{"Length":60,"Height":10,"Demand":1,"DemandMax":null,"Value":600},{"Length":8,"Height":39,"Demand":1,"DemandMax":null,"Value":312},{"Length":8,"Height":6,"Demand":1,"DemandMax":null,"Value":48},{"Length":20,"Height":73,"Demand":1,"DemandMax":null,"Value":1460},{"Length":76,"Height":50,"Demand":1,"DemandMax":null,"Value":3800},{"Length":151,"Height":18,"Demand":1,"DemandMax":null,"Value":2718},{"Length":40,"Height":157,"Demand":1,"DemandMax":null,"Value":6280},{"Length":21,"Height":159,"Demand":1,"DemandMax":null,"Value":3339},{"Length":10,"Height":128,"Demand":1,"DemandMax":null,"Value":1280},{"Length":9,"Height":2,"Demand":1,"DemandMax":null,"Value":18},{"Length":4,"Height":39,"Demand":1,"DemandMax":null,"Value":156},{"Length":33,"Height":80,"Demand":1,"DemandMax":null,"Value":2640},{"Length":69,"Height":88,"Demand":1,"DemandMax":null,"Value":6072},{"Length":11,"Height":36,"Demand":1,"DemandMax":null,"Value":396},{"Length":14,"Height":1,"Demand":1,"DemandMax":null,"Value":14},{"Length":36,"Height":4,"Demand":1,"DemandMax":null,"Value":144},{"Length":14,"Height":4,"Demand":1,"DemandMax":null,"Value":56},{"Length":48,"Height":198,"Demand":1,"DemandMax":null,"Value":9504},{"Length":8,"Height":3,"Demand":1,"DemandMax":null,"Value":24},{"Length":6,"Height":12,"Demand":2,"DemandMax":null,"Value":72},{"Length":65,"Height":11,"Demand":1,"DemandMax":null,"Value":715},{"Length":20,"Height":27,"Demand":1,"DemandMax":null,"Value":540},{"Length":82,"Height":38,"Demand":1,"DemandMax":null,"Value":3116},{"Length":92,"Height":5,"Demand":2,"DemandMax":null,"Value":460},{"Length":280,"Height":1,"Demand":1,"DemandMax":null,"Value":280},{"Length":16,"Height":10,"Demand":1,"DemandMax":null,"Value":160},{"Length":30,"Height":61,"Demand":1,"DemandMax":null,"Value":1830},{"Length":6,"Height":42,"Demand":1,"DemandMax":null,"Value":252},{"Length":84,"Height":232,"Demand":1,"DemandMax":null,"Value":19488},{"Length":3,"Height":15,"Demand":1,"DemandMax":null,"Value":45},{"Length":2,"Height":76,"Demand":1,"DemandMax":null,"Value":152},{"Length":120,"Height":51,"Demand":1,"DemandMax":null,"Value":6120},{"Length":4,"Height":45,"Demand":1,"DemandMax":null,"Value":180},{"Length":6,"Height":7,"Demand":1,"DemandMax":null,"Value":42},{"Length":1,"Height":232,"Demand":1,"DemandMax":null,"Value":232},{"Length":9,"Height":1,"Demand":1,"DemandMax":null,"Value":9},{"Length":21,"Height":15,"Demand":1,"DemandMax":null,"Value":315},{"Length":1,"Height":23,"Demand":1,"DemandMax":null,"Value":23},{"Length":20,"Height":4,"Demand":1,"DemandMax":null,"Value":80},{"Length":3,"Height":21,"Demand":1,"DemandMax":null,"Value":63},{"Length":11,"Height":10,"Demand":1,"DemandMax":null,"Value":110},{"Length":86,"Height":9,"Demand":1,"DemandMax":null,"Value":774},{"Length":28,"Height":27,"Demand":1,"DemandMax":null,"Value":756},{"Length":14,"Height":10,"Demand":1,"DemandMax":null,"Value":140},{"Length":99,"Height":17,"Demand":1,"DemandMax":null,"Value":1683},{"Length":4,"Height":76,"Demand":1,"DemandMax":null,"Value":304},{"Length":2,"Height":2,"Demand":2,"DemandMax":null,"Value":4},{"Length":34,"Height":185,"Demand":1,"DemandMax":null,"Value":6290},{"Length":42,"Height":71,"Demand":1,"DemandMax":null,"Value":2982},{"Length":6,"Height":14,"Demand":1,"DemandMax":null,"Value":84},{"Length":21,"Height":1,"Demand":1,"DemandMax":null,"Value":21},{"Length":116,"Height":33,"Demand":1,"DemandMax":null,"Value":3828},{"Length":2,"Height":3,"Demand":1,"DemandMax":null,"Value":6},{"Length":24,"Height":73,"Demand":1,"DemandMax":null,"Value":1752},{"Length":6,"Height":148,"Demand":1,"DemandMax":null,"Value":888},{"Length":17,"Height":105,"Demand":1,"DemandMax":null,"Value":1785},{"Length":3,"Height":121,"Demand":1,"DemandMax":null,"Value":363},{"Length":62,"Height":104,"Demand":1,"DemandMax":null,"Value":6448},{"Length":20,"Height":30,"Demand":1,"DemandMax":null,"Value":600},{"Length":4,"Height":73,"Demand":1,"DemandMax":null,"Value":292},{"Length":4,"Height":21,"Demand":1,"DemandMax":null,"Value":84},{"Length":221,"Height":165,"Demand":1,"DemandMax":null,"Value":36465},{"Length":132,"Height":22,"Demand":1,"DemandMax":null,"Value":2904},{"Length":43,"Height":3,"Demand":1,"DemandMax":null,"Value":129},{"Length":7,"Height":71,"Demand":1,"DemandMax":null,"Value":497},{"Length":27,"Height":3,"Demand":1,"DemandMax":null,"Value":81},{"Length":280,"Height":3,"Demand":1,"DemandMax":null,"Value":840},{"Length":116,"Height":22,"Demand":1,"DemandMax":null,"Value":2552},{"Length":2,"Height":31,"Demand":1,"DemandMax":null,"Value":62},{"Length":15,"Height":44,"Demand":1,"DemandMax":null,"Value":660},{"Length":27,"Height":6,"Demand":1,"DemandMax":null,"Value":162},{"Length":99,"Height":22,"Demand":1,"DemandMax":null,"Value":2178},{"Length":35,"Height":103,"Demand":1,"DemandMax":null,"Value":3605},{"Length":32,"Height":1,"Demand":1,"DemandMax":null,"Value":32},{"Length":8,"Height":21,"Demand":1,"DemandMax":null,"Value":168},{"Length":33,"Height":75,"Demand":1,"DemandMax":null,"Value":2475},{"Length":6,"Height":21,"Demand":1,"DemandMax":null,"Value":126},{"Length":38,"Height":6,"Demand":1,"DemandMax":null,"Value":228},{"Length":96,"Height":22,"Demand":1,"DemandMax":null,"Value":2112},{"Length":17,"Height":52,"Demand":1,"DemandMax":null,"Value":884},{"Length":2,"Height":173,"Demand":1,"DemandMax":null,"Value":346},{"Length":18,"Height":9,"Demand":1,"DemandMax":null,"Value":162},{"Length":21,"Height":128,"Demand":1,"DemandMax":null,"Value":2688},{"Length":86,"Height":5,"Demand":1,"DemandMax":null,"Value":430},{"Length":15,"Height":79,"Demand":1,"DemandMax":null,"Value":1185},{"Length":19,"Height":2,"Demand":1,"DemandMax":null,"Value":38},{"Length":87,"Height":5,"Demand":1,"DemandMax":null,"Value":435},{"Length":27,"Height":22,"Demand":1,"DemandMax":null,"Value":594},{"Length":28,"Height":1,"Demand":1,"DemandMax":null,"Value":28},{"Length":221,"Height":75,"Demand":1,"DemandMax":null,"Value":16575},{"Length":6,"Height":20,"Demand":1,"DemandMax":null,"Value":120},{"Length":31,"Height":30,"Demand":1,"DemandMax":null,"Value":930},{"Length":35,"Height":2,"Demand":1,"DemandMax":null,"Value":70},{"Length":32,"Height":15,"Demand":1,"DemandMax":null,"Value":480},{"Length":10,"Height":4,"Demand":1,"DemandMax":null,"Value":40},{"Length":9,"Height":128,"Demand":1,"DemandMax":null,"Value":1152},{"Length":1,"Height":16,"Demand":1,"DemandMax":null,"Value":16},{"Length":138,"Height":5,"Demand":1,"DemandMax":null,"Value":690}]}