{"Name":"Nice300i6b5","Objects":[{"Length":498,"Height":229,"Stock":5,"Cost":114042},{"Length":502,"Height":1000,"Stock":6,"Cost":502000},{"Length":227,"Height":364,"Stock":2,"Cost":82628},{"Length":271,"Height":370,"Stock":5,"Cost":100270},{"Length":271,"Height":401,"Stock":5,"Cost":108671},{"Length":227,"Height":407,"Stock":4,"Cost":92389}],"Items":[{"Length":101,"Height":39,"Demand":1,"DemandMax":null,"Value":3939},{"Length":40,"Height":88,"Demand":1,"DemandMax":null,"Value":3520},{"Length":107,"Height":29,"Demand":1,"DemandMax":null,"Value":3103},{"Length":50,"Height":43,"Demand":1,"DemandMax":null,"Value":2150},{"Length":51,"Height":49,"Demand":2,"DemandMax":null,"Value":2499},{"Length":47,"Height":42,"Demand":2,"DemandMax":null,"Value":1974},{"Length":107,"Height":70,"Demand":1,"DemandMax":null,"Value":7490},{"Length":113,"Height":86,"Demand":1,"DemandMax":null,"Value":9718},{"Length":59,"Height":44,"Demand":2,"DemandMax":null,"Value":2596},{"Length":49,"Height":44,"Demand":1,"DemandMax":null,"Value":2156},{"Length":38,"Height":54,"Demand":2,"DemandMax":null,"Value":2052},{"Length":28,"Height":101,"Demand":1,"DemandMax":null,"Value":2828},{"Length":49,"Height":45,"Demand":1,"DemandMax":null,"Value":2205},{"Length":27,"Height":88,"Demand":1,"DemandMax":null,"Value":2376},{"Length":28,"Height":96,"Demand":1,"DemandMax":null,"Value":2688},{"Length":59,"Height":192,"Demand":1,"DemandMax":null,"Value":11328},{"Length":29,"Height":86,"Demand":2,"DemandMax":null,"Value":2494},{"Length":49,"Height":60,"Demand":1,"DemandMax":null,"Value":2940},{"Length":36,"Height":91,"Demand":1,"DemandMax":null,"Value":3276},{"Length":57,"Height":40,"Demand":1,"DemandMax":null,"Value":2280},{"Length":30,"Height":70,"Demand":1,"DemandMax":null,"Value":2100},{"Length":70,"Height":53,"Demand":1,"DemandMax":null,"Value":3710},{"Length":166,"Height":56,"Demand":1,"DemandMax":null,"Value":9296},{"Length":27,"Height":87,"Demand":1,"DemandMax":null,"Value":2349},{"Length":59,"Height":56,"Demand":1,"DemandMax":null,"Value":3304},{"Length":105,"Height":28,"Demand":1,"DemandMax":null,"Value":2940},{"Length":49,"Height":68,"Demand":1,"DemandMax":null,"Value":3332},{"Length":64,"Height":39,"Demand":1,"DemandMax":null,"Value":2496},{"Length":52,"Height":76,"Demand":1,"DemandMax":null,"Value":3952},{"Length":147,"Height":56,"Demand":1,"DemandMax":null,"Value":8232},{"Length":82,"Height":25,"Demand":1,"DemandMax":null,"Value":2050},{"Length":49,"Height":65,"Demand":2,"DemandMax":null,"Value":3185},{"Length":43,"Height":52,"Demand":1,"DemandMax":null,"Value":2236},{"Length":82,"Height":38,"Demand":1,"DemandMax":null,"Value":3116},{"Length":73,"Height":104,"Demand":1,"DemandMax":null,"Value":7592},{"Length":40,"Height":105,"Demand":1,"DemandMax":null,"Value":4200},{"Length":97,"Height":75,"Demand":1,"DemandMax":null,"Value":7275},{"Length":49,"Height":41,"Demand":2,"DemandMax":null,"Value":2009},{"Length":31,"Height":115,"Demand":1,"DemandMax":null,"Value":3565},{"Length":53,"Height":38,"Demand":2,"DemandMax":null,"Value":2014},{"Length":48,"Height":45,"Demand":3,"DemandMax":null,"Value":2160},{"Length":47,"Height":41,"Demand":1,"DemandMax":null,"Value":1927},{"Length":44,"Height":57,"Demand":1,"DemandMax":null,"Value":2508},{"Length":38,"Height":53,"Demand":1,"DemandMax":null,"Value":2014},{"Length":32,"Height":114,"Demand":2,"DemandMax":null,"Value":3648},{"Length":25,"Height":100,"Demand":2,"DemandMax":null,"Value":2500},{"Length":105,"Height":32,"Demand":2,"DemandMax":null,"Value":3360},{"Length":44,"Height":53,"Demand":1,"DemandMax":null,"Value":2332},{"Length":67,"Height":35,"Demand":1,"DemandMax":null,"Value":2345},{"Length":64,"Height":34,"Demand":2,"DemandMax":null,"Value":2176},{"Length":28,"Height":104,"Demand":1,"DemandMax":null,"Value":2912},{"Length":82,"Height":34,"Demand":1,"DemandMax":null,"Value":2788},{"Length":54,"Height":48,"Demand":1,"DemandMax":null,"Value":2592},{"Length":82,"Height":37,"Demand":1,"DemandMax":null,"Value":3034},{"Length":84,"Height":43,"Demand":1,"DemandMax":null,"Value":3612},{"Length":101,"Height":34,"Demand":1,"DemandMax":null,"Value":3434},{"Length":52,"Height":39,"Demand":2,"DemandMax":null,"Value":2028},{"Length":40,"Height":128,"Demand":1,"DemandMax":null,"Value":5120},{"Length":83,"Height":38,"Demand":1,"DemandMax":null,"Value":3154},{"Length":72,"Height":38,"Demand":1,"DemandMax":null,"Value":2736},{"Length":68,"Height":37,"Demand":1,"DemandMax":null,"Value":2516},{"Length":27,"Height":95,"Demand":2,"DemandMax":null,"Value":2565},{"Length":24,"Height":86,"Demand":1,"DemandMax":null,"Value":2064},{"Length":58,"Height":88,"Demand":1,"DemandMax":null,"Value":5104},{"Length":47,"Height":111,"Demand":1,"DemandMax":null,"Value":5217},{"Length":57,"Height":58,"Demand":1,"DemandMax":null,"Value":3306},{"Length":33,"Height":63,"Demand":1,"DemandMax":null,"Value":2079},{"Length":54,"Height":97,"Demand":1,"DemandMax":null,"Value":5238},{"Length":40,"Height":61,"Demand":1,"DemandMax":null,"Value":2440},{"Length":84,"Height":25,"Demand":1,"DemandMax":null,"Value":2100},{"Length":120,"Height":67,"Demand":1,"DemandMax":null,"Value":8040},{"Length":55,"Height":43,"Demand":1,"DemandMax":null,"Value":2365},{"Length":27,"Height":106,"Demand":3,"DemandMax":null,"Value":2862},{"Length":86,"Height":51,"Demand":1,"DemandMax":null,"Value":4386},{"Length":31,"Height":65,"Demand":1,"DemandMax":null,"Value":2015},{"Length":67,"Height":37,"Demand":1,"DemandMax":null,"Value":2479},{"Length":74,"Height":52,"Demand":1,"DemandMax":null,"Value":3848},{"Length":51,"Height":40,"Demand":2,"DemandMax":null,"Value":2040},{"Length":54,"Height":58,"Demand":1,"DemandMax":null,"Value":3132},{"Length":69,"Height":42,"Demand":1,"DemandMax":null,"Value":2898},{"Length":41,"Height":68,"Demand":1,"DemandMax":null,"Value":2788},{"Length":80,"Height":48,"Demand":1,"DemandMax":null,"Value":3840},{"Length":78,"Height":121,"Demand":1,"DemandMax":null,"Value":9438},{"Length":67,"Height":50,"Demand":1,"DemandMax":null,"Value":3350},{"Length":31,"Height":70,"Demand":1,"DemandMax":null,"Value":2170},{"Length":105,"Height":45,"Demand":1,"DemandMax":null,"Value":4725},{"Length":53,"Height":45,"Demand":1,"DemandMax":null,"Value":2385},{"Length":76,"Height":31,"Demand":1,"DemandMax":null,"Value":2356},{"Length":56,"Height":64,"Demand":1,"DemandMax":null,"Value":3584},{"Length":41,"Height":49,"Demand":4,"DemandMax":null,"Value":2009},{"Length":74,"Height":58,"Demand":1,"DemandMax":null,"Value":4292},{"Length":101,"Height":36,"Demand":1,"DemandMax":null,"Value":3636},{"Length":98,"Height":114,"Demand":1,"DemandMax":null,"Value":11172},{"Length":55,"Height":45,"Demand":1,"DemandMax":null,"Value":2475},{"Length":59,"Height":58,"Demand":1,"DemandMax":null,"Value":3422},{"Length":33,"Height":96,"Demand":1,"DemandMax":null,"Value":3168},{"Length":44,"Height":48,"Demand":1,"DemandMax":null,"Value":2112},{"Length":31,"Height":81,"Demand":1,"DemandMax":null,"Value":2511},{"Length":96,"Height":55,"Demand":1,"DemandMax":null,"Value":5280},{"Length":58,"Height":33,"Demand":1,"DemandMax":null,"Value":1914},{"Length":25,"Height":97,"Demand":1,"DemandMax":null,"Value":2425},{"Length":63,"Height":38,"Demand":1,"DemandMax":null,"Value":2394},{"Length":67,"Height":78,"Demand":1,"DemandMax":null,"Value":5226},{"Length":25,"Height":99,"Demand":1,"DemandMax":null,"Value":2475},{"Length":70,"Height":88,"Demand":1,"DemandMax":null,"Value":6160},{"Length":62,"Height":39,"Demand":1,"DemandMax":null,"Value":2418},{"Length":44,"Height":100,"Demand":1,"DemandMax":null,"Value":4400},{"Length":51,"Height":98,"Demand":1,"DemandMax":null,"Value":4998},{"Length":68,"Height":111,"Demand":1,"DemandMax":null,"Value":7548},{"Length":47,"Height":43,"Demand":1,"DemandMax":null,"Value":2021},{"Length":69,"Height":86,"Demand":1,"DemandMax":null,"Value":5934},{"Length":60,"Height":97,"Demand":1,"DemandMax":null,"Value":5820},{"Length":55,"Height":93,"Demand":1,"DemandMax":null,"Value":5115},{"Length":42,"Height":64,"Demand":2,"DemandMax":null,"Value":2688},{"Length":77,"Height":78,"Demand":1,"DemandMax":null,"Value":6006},{"Length":118,"Height":37,"Demand":1,"DemandMax":null,"Value":4366},{"Length":85,"Height":29,"Demand":2,"DemandMax":null,"Value":2465},{"Length":30,"Height":88,"Demand":1,"DemandMax":null,"Value":2640},{"Length":27,"Height":107,"Demand":1,"DemandMax":null,"Value":2889},{"Length":57,"Height":102,"Demand":1,"DemandMax":null,"Value":5814},{"Length":109,"Height":59,"Demand":1,"DemandMax":null,"Value":6431},{"Length":156,"Height":44,"Demand":1,"DemandMax":null,"Value":6864},{"Length":51,"Height":65,"Demand":1,"DemandMax":null,"Value":3315},{"Length":41,"Height":59,"Demand":1,"DemandMax":null,"Value":2419},{"Length":53,"Height":73,"Demand":1,"DemandMax":null,"Value":3869},{"Length":100,"Height":48,"Demand":1,"DemandMax":null,"Value":4800},{"Length":43,"Height":64,"Demand":1,"DemandMax":null,"Value":2752},{"Length":33,"Height":70,"Demand":1,"DemandMax":null,"Value":2310},{"Length":33,"Height":53,"Demand":1,"DemandMax":null,"Value":1749},{"Length":47,"Height":46,"Demand":1,"DemandMax":null,"Value":2162},{"Length":57,"Height":34,"Demand":1,"DemandMax":null,"Value":1938},{"Length":53,"Height":84,"Demand":1,"DemandMax":null,"Value":4452},{"Length":86,"Height":27,"Demand":1,"DemandMax":null,"Value":2322},{"Length":50,"Height":40,"Demand":2,"DemandMax":null,"Value":2000},{"Length":74,"Height":53,"Demand":2,"DemandMax":null,"Value":3922},{"Length":41,"Height":105,"Demand":1,"DemandMax":null,"Value":4305},{"Length":84,"Height":60,"Demand":1,"DemandMax":null,"Value":5040},{"Length":53,"Height":39,"Demand":1,"DemandMax":null,"Value":2067},{"Length":40,"Height":114,"Demand":1,"DemandMax":null,"Value":4560},{"Length":52,"Height":47,"Demand":1,"DemandMax":null,"Value":2444},{"Length":82,"Height":27,"Demand":3,"DemandMax":null,"Value":2214},{"Length":73,"Height":68,"Demand":1,"DemandMax":null,"Value":4964},{"Length":52,"Height":41,"Demand":1,"DemandMax":null,"Value":2132},{"Length":42,"Height":58,"Demand":1,"DemandMax":null,"Value":2436},{"Length":34,"Height":57,"Demand":1,"DemandMax":null,"Value":1938},{"Length":64,"Height":80,"Demand":1,"DemandMax":null,"Value":5120},{"Length":61,"Height":113,"Demand":1,"DemandMax":null,"Value":6893},{"Length":38,"Height":61,"Demand":1,"DemandMax":null,"Value":2318},{"Length":55,"Height":48,"Demand":2,"DemandMax":null,"Value":2640},{"Length":56,"Height":37,"Demand":2,"DemandMax":null,"Value":2072},{"Length":86,"Height":43,"Demand":1,"DemandMax":null,"Value":3698},{"Length":53,"Height":64,"Demand":1,"DemandMax":null,"Value":3392},{"Length":31,"Height":97,"Demand":1,"DemandMax":null,"Value":3007},{"Length":43,"Height":49,"Demand":2,"DemandMax":null,"Value":2107},{"Length":58,"Height":41,"Demand":1,"DemandMax":null,"Value":2378},{"Length":95,"Height":31,"Demand":1,"DemandMax":null,"Value":2945},{"Length":60,"Height":48,"Demand":1,"DemandMax":null,"Value":2880},{"Length":94,"Height":43,"Demand":1,"DemandMax":null,"Value":4042},{"Length":84,"Height":30,"Demand":1,"DemandMax":null,"Value":2520},{"Length":29,"Height":107,"Demand":1,"DemandMax":null,"Value":3103},{"Length":57,"Height":38,"Demand":1,"DemandMax":null,"Value":2166},{"Length":49,"Height":39,"Demand":1,"DemandMax":null,"Value":1911},{"Length":49,"Height":62,"Demand":1,"DemandMax":null,"Value":3038},{"Length":82,"Height":39,"Demand":1,"DemandMax":null,"Value":3198},{"Length":40,"Height":63,"Demand":1,"DemandMax":null,"Value":2520},{"Length":82,"Height":59,"Demand":1,"DemandMax":null,"Value":4838},{"Length":49,"Height":80,"Demand":1,"DemandMax":null,"Value":3920},{"Length":44,"Height":96,"Demand":1,"DemandMax":null,"Value":4224},{"Length":33,"Height":100,"Demand":1,"DemandMax":null,"Value":3300},{"Length":69,"Height":37,"Demand":1,"DemandMax":null,"Value":2553},{"Length":43,"Height":101,"Demand":1,"DemandMax":null,"Value":4343},{"Length":54,"Height":61,"Demand":1,"DemandMax":null,"Value":3294},{"Length":38,"Height":55,"Demand":2,"DemandMax":null,"Value":2090},{"Length":42,"Height":65,"Demand":1,"DemandMax":null,"Value":2730},{"Length":50,"Height":58,"Demand":1,"DemandMax":null,"Value":2900},{"Length":43,"Height":60,"Demand":2,"DemandMax":null,"Value":2580},{"Length":23,"Height":88,"Demand":1,"DemandMax":null,"Value":2024},{"Length":32,"Height":81,"Demand":1,"DemandMax":null,"Value":2592},{"Length":73,"Height":38,"Demand":1,"DemandMax":null,"Value":2774},{"Length":86,"Height":33,"Demand":1,"DemandMax":null,"Value":2838},{"Length":71,"Height":53,"Demand":1,"DemandMax":null,"Value":3763},{"Length":40,"Height":51,"Demand":1,"DemandMax":null,"Value":2040},{"Length":50,"Height":141,"Demand":1,"DemandMax":null,"Value":7050},{"Length":32,"Height":67,"Demand":1,"DemandMax":null,"Value":2144},{"Length":53,"Height":61,"Demand":1,"DemandMax":null,"Value":3233},{"Length":95,"Height":39,"Demand":1,"DemandMax":null,"Value":3705},{"Length":45,"Height":91,"Demand":1,"DemandMax":null,"Value":4095},{"Length":50,"Height":41,"Demand":1,"DemandMax":null,"Value":2050},{"Length":52,"Height":52,"Demand":1,"DemandMax":null,"Value":2704},{"Length":28,"Height":68,"Demand":1,"DemandMax":null,"Value":1904},{"Length":74,"Height":65,"Demand":1,"DemandMax":null,"Value":4810},{"Length":85,"Height":28,"Demand":1,"DemandMax":null,"Value":2380},{"Length":26,"Height":100,"Demand":1,"DemandMax":null,"Value":2600},{"Length":44,"Height":86,"Demand":1,"DemandMax":null,"Value":3784},{"Length":36,"Height":88,"Demand":1,"DemandMax":null,"Value":3168},{"Length":54,"Height":65,"Demand":1,"DemandMax":null,"Value":3510},{"Length":49,"Height":53,"Demand":1,"DemandMax":null,"Value":2597},{"Length":38,"Height":86,"Demand":1,"DemandMax":null,"Value":3268},{"Length":52,"Height":57,"Demand":2,"DemandMax":null,"Value":2964},{"Length":67,"Height":56,"Demand":1,"DemandMax":null,"Value":3752},{"Length":47,"Height":44,"Demand":2,"DemandMax":null,"Value":2068},{"Length":43,"Height":57,"Demand":1,"DemandMax":null,"Value":2451},{"Length":62,"Height":67,"Demand":1,"DemandMax":null,"Value":4154},{"Length":49,"Height":73,"Demand":1,"DemandMax":null,"Value":3577},{"Length":49,"Height":42,"Demand":1,"DemandMax":null,"Value":2058},{"Length":43,"Height":51,"Demand":1,"DemandMax":null,"Value":2193},{"Length":76,"Height":45,"Demand":1,"DemandMax":null,"Value":3420},{"Length":85,"Height":56,"Demand":1,"DemandMax":null,"Value":4760},{"Length":67,"Height":44,"Demand":1,"DemandMax":null,"Value":2948},{"Length":54,"Height":38,"Demand":1,"DemandMax":null,"Value":2052},{"Length":100,"Height":25,"Demand":1,"DemandMax":null,"Value":2500},{"Length":105,"Height":42,"Demand":1,"DemandMax":null,"Value":4410},{"Length":33,"Height":95,"Demand":1,"DemandMax":null,"Value":3135},{"Length":80,"Height":86,"Demand":1,"DemandMax":null,"Value":6880},{"Length":87,"Height":42,"Demand":1,"DemandMax":null,"Value":3654},{"Length":71,"Height":40,"Demand":1,"DemandMax":null,"Value":2840},{"Length":51,"Height":41,"Demand":1,"DemandMax":null,"Value":2091},{"Length":40,"Height":68,"Demand":1,"DemandMax":null,"Value":2720},{"Length":51,"Height":92,"Demand":1,"DemandMax":null,"Value":4692},{"Length":62,"Height":49,"Demand":1,"DemandMax":null,"Value":3038},{"Length":43,"Height":44,"Demand":1,"DemandMax":null,"Value":1892},{"Length":100,"Height":33,"Demand":1,"DemandMax":null,"Value":3300},{"Length":69,"Height":28,"Demand":1,"DemandMax":null,"Value":1932},{"Length":51,"Height":62,"Demand":1,"DemandMax":null,"Value":3162},{"Length":33,"Height":114,"Demand":1,"DemandMax":null,"Value":3762},{"Length":84,"Height":45,"Demand":1,"DemandMax":null,"Value":3780},{"Length":66,"Height":31,"Demand":1,"DemandMax":null,"Value":2046},{"Length":108,"Height":46,"Demand":1,"DemandMax":null,"Value":4968},{"Length":56,"Height":87,"Demand":1,"DemandMax":null,"Value":4872},{"Length":82,"Height":26,"Demand":1,"DemandMax":null,"Value":2132},{"Length":66,"Height":34,"Demand":1,"DemandMax":null,"Value":2244},{"Length":55,"Height":40,"Demand":1,"DemandMax":null,"Value":2200},{"Length":91,"Height":29,"Demand":1,"DemandMax":null,"Value":2639},{"Length":82,"Height":51,"Demand":1,"DemandMax":null,"Value":4182},{"Length":91,"Height":41,"Demand":1,"DemandMax":null,"Value":3731},{"Length":42,"Height":86,"Demand":1,"DemandMax":null,"Value":3612},{"Length":82,"Height":31,"Demand":1,"DemandMax":null,"Value":2542},{"Length":25,"Height":88,"Demand":1,"DemandMax":null,"Value":2200},{"Length":40,"Height":67,"Demand":1,"DemandMax":null,"Value":2680},{"Length":65,"Height":39,"Demand":1,"DemandMax":null,"Value":2535},{"Length":29,"Height":114,"Demand":1,"DemandMax":null,"Value":3306},{"Length":48,"Height":41,"Demand":1,"DemandMax":null,"Value":1968},{"Length":38,"Height":99,"Demand":1,"DemandMax":null,"Value":3762},{"Length":34,"Height":60,"Demand":1,"DemandMax":null,"Value":2040},{"Length":44,"Height":88,"Demand":1,"DemandMax":null,"Value":3872},{"Length":59,"Height":80,"Demand":1,"DemandMax":null,"Value":4720},{"Length":82,"Height":28,"Demand":1,"DemandMax":null,"Value":2296},{"Length":108,"Height":44,"Demand":1,"DemandMax":null,"Value":4752},{"Length":32,"Height":115,"Demand":1,"DemandMax":null,"Value":3680},{"Length":58,"Height":35,"Demand":1,"DemandMax":null,"Value":2030},{"Length":41,"Height":70,"Demand":1,"DemandMax":null,"Value":2870},{"Length":32,"Height":68,"Demand":1,"DemandMax":null,"Value":2176},{"Length":29,"Height":106,"Demand":1,"DemandMax":null,"Value":3074},{"Length":49,"Height":95,"Demand":1,"DemandMax":null,"Value":4655},{"Length":81,"Height":46,"Demand":1,"DemandMax":null,"Value":3726},{"Length":48,"Height":96,"Demand":1,"DemandMax":null,"Value":4608},{"Length":46,"Height":68,"Demand":1,"DemandMax":null,"Value":3128},{"Length":64,"Height":95,"Demand":1,"DemandMax":null,"Value":6080},{"Length":69,"Height":30,"Demand":1,"DemandMax":null,"Value":2070},{"Length":68,"Height":77,"Demand":1,"DemandMax":null,"Value":5236},{"Length":57,"Height":41,"Demand":1,"DemandMax":null,"Value":2337},{"Length":57,"Height":193,"Demand":1,"DemandMax":null,"Value":11001},{"Length":54,"Height":68,"Demand":1,"DemandMax":null,"Value":3672},{"Length":33,"Height":64,"Demand":1,"DemandMax":null,"Value":2112},{"Length":80,"Height":70,"Demand":1,"DemandMax":null,"Value":5600}]}