{"Name":"Nice500i4b3","Objects":[{"Length":272,"Height":1000,"Stock":2,"Cost":272000},{"Length":728,"Height":185,"Stock":5,"Cost":134680},{"Length":728,"Height":598,"Stock":5,"Cost":435344},{"Length":728,"Height":217,"Stock":3,"Cost":157976}],"Items":[{"Length":122,"Height":31,"Demand":1,"DemandMax":null,"Value":3782},{"Length":37,"Height":43,"Demand":4,"DemandMax":null,"Value":1591},{"Length":39,"Height":42,"Demand":1,"DemandMax":null,"Value":1638},{"Length":72,"Height":23,"Demand":5,"DemandMax":null,"Value":1656},{"Length":20,"Height":57,"Demand":1,"DemandMax":null,"Value":1140},{"Length":57,"Height":27,"Demand":1,"DemandMax":null,"Value":1539},{"Length":30,"Height":46,"Demand":1,"DemandMax":null,"Value":1380},{"Length":47,"Height":33,"Demand":2,"DemandMax":null,"Value":1551},{"Length":33,"Height":81,"Demand":1,"DemandMax":null,"Value":2673},{"Length":99,"Height":35,"Demand":1,"DemandMax":null,"Value":3465},{"Length":27,"Height":81,"Demand":1,"DemandMax":null,"Value":2187},{"Length":70,"Height":23,"Demand":1,"DemandMax":null,"Value":1610},{"Length":41,"Height":33,"Demand":2,"DemandMax":null,"Value":1353},{"Length":40,"Height":48,"Demand":1,"DemandMax":null,"Value":1920},{"Length":25,"Height":64,"Demand":1,"DemandMax":null,"Value":1600},{"Length":31,"Height":57,"Demand":1,"DemandMax":null,"Value":1767},{"Length":76,"Height":28,"Demand":1,"DemandMax":null,"Value":2128},{"Length":51,"Height":52,"Demand":1,"DemandMax":null,"Value":2652},{"Length":92,"Height":38,"Demand":1,"DemandMax":null,"Value":3496},{"Length":32,"Height":56,"Demand":1,"DemandMax":null,"Value":1792},{"Length":71,"Height":42,"Demand":1,"DemandMax":null,"Value":2982},{"Length":40,"Height":40,"Demand":1,"DemandMax":null,"Value":1600},{"Length":31,"Height":55,"Demand":3,"DemandMax":null,"Value":1705},{"Length":65,"Height":43,"Demand":1,"DemandMax":null,"Value":2795},{"Length":32,"Height":49,"Demand":1,"DemandMax":null,"Value":1568},{"Length":31,"Height":49,"Demand":1,"DemandMax":null,"Value":1519},{"Length":40,"Height":41,"Demand":2,"DemandMax":null,"Value":1640},{"Length":57,"Height":34,"Demand":1,"DemandMax":null,"Value":1938},{"Length":54,"Height":40,"Demand":1,"DemandMax":null,"Value":2160},{"Length":29,"Height":43,"Demand":2,"DemandMax":null,"Value":1247},{"Length":64,"Height":37,"Demand":1,"DemandMax":null,"Value":2368},{"Length":72,"Height":45,"Demand":1,"DemandMax":null,"Value":3240},{"Length":63,"Height":25,"Demand":4,"DemandMax":null,"Value":1575},{"Length":30,"Height":38,"Demand":1,"DemandMax":null,"Value":1140},{"Length":63,"Height":20,"Demand":2,"DemandMax":null,"Value":1260},{"Length":32,"Height":83,"Demand":1,"DemandMax":null,"Value":2656},{"Length":95,"Height":39,"Demand":1,"DemandMax":null,"Value":3705},{"Length":28,"Height":45,"Demand":1,"DemandMax":null,"Value":1260},{"Length":54,"Height":41,"Demand":1,"DemandMax":null,"Value":2214},{"Length":54,"Height":30,"Demand":1,"DemandMax":null,"Value":1620},{"Length":55,"Height":28,"Demand":1,"DemandMax":null,"Value":1540},{"Length":63,"Height":38,"Demand":1,"DemandMax":null,"Value":2394},{"Length":25,"Height":74,"Demand":1,"DemandMax":null,"Value":1850},{"Length":50,"Height":67,"Demand":1,"DemandMax":null,"Value":3350},{"Length":61,"Height":21,"Demand":1,"DemandMax":null,"Value":1281},{"Length":47,"Height":34,"Demand":1,"DemandMax":null,"Value":1598},{"Length":48,"Height":37,"Demand":1,"DemandMax":null,"Value":1776},{"Length":27,"Height":63,"Demand":1,"DemandMax":null,"Value":1701},{"Length":60,"Height":27,"Demand":2,"DemandMax":null,"Value":1620},{"Length":63,"Height":39,"Demand":2,"DemandMax":null,"Value":2457},{"Length":74,"Height":20,"Demand":1,"DemandMax":null,"Value":1480},{"Length":54,"Height":38,"Demand":1,"DemandMax":null,"Value":2052},{"Length":73,"Height":37,"Demand":1,"DemandMax":null,"Value":2701},{"Length":39,"Height":39,"Demand":2,"DemandMax":null,"Value":1521},{"Length":31,"Height":45,"Demand":1,"DemandMax":null,"Value":1395},{"Length":29,"Height":52,"Demand":1,"DemandMax":null,"Value":1508},{"Length":87,"Height":55,"Demand":1,"DemandMax":null,"Value":4785},{"Length":31,"Height":42,"Demand":1,"DemandMax":null,"Value":1302},{"Length":77,"Height":43,"Demand":1,"DemandMax":null,"Value":3311},{"Length":31,"Height":36,"Demand":1,"DemandMax":null,"Value":1116},{"Length":83,"Height":22,"Demand":1,"DemandMax":null,"Value":1826},{"Length":31,"Height":50,"Demand":2,"DemandMax":null,"Value":1550},{"Length":45,"Height":40,"Demand":4,"DemandMax":null,"Value":1800},{"Length":41,"Height":39,"Demand":1,"DemandMax":null,"Value":1599},{"Length":38,"Height":57,"Demand":3,"DemandMax":null,"Value":2166},{"Length":71,"Height":41,"Demand":1,"DemandMax":null,"Value":2911},{"Length":65,"Height":26,"Demand":2,"DemandMax":null,"Value":1690},{"Length":72,"Height":38,"Demand":1,"DemandMax":null,"Value":2736},{"Length":30,"Height":40,"Demand":5,"DemandMax":null,"Value":1200},{"Length":38,"Height":42,"Demand":1,"DemandMax":null,"Value":1596},{"Length":23,"Height":54,"Demand":1,"DemandMax":null,"Value":1242},{"Length":63,"Height":42,"Demand":1,"DemandMax":null,"Value":2646},{"Length":24,"Height":52,"Demand":1,"DemandMax":null,"Value":1248},{"Length":54,"Height":43,"Demand":1,"DemandMax":null,"Value":2322},{"Length":84,"Height":105,"Demand":1,"DemandMax":null,"Value":8820},{"Length":72,"Height":18,"Demand":1,"DemandMax":null,"Value":1296},{"Length":75,"Height":19,"Demand":1,"DemandMax":null,"Value":1425},{"Length":56,"Height":138,"Demand":1,"DemandMax":null,"Value":7728},{"Length":45,"Height":56,"Demand":1,"DemandMax":null,"Value":2520},{"Length":24,"Height":69,"Demand":2,"DemandMax":null,"Value":1656},{"Length":68,"Height":27,"Demand":1,"DemandMax":null,"Value":1836},{"Length":28,"Height":60,"Demand":2,"DemandMax":null,"Value":1680},{"Length":38,"Height":62,"Demand":1,"DemandMax":null,"Value":2356},{"Length":102,"Height":28,"Demand":1,"DemandMax":null,"Value":2856},{"Length":33,"Height":47,"Demand":1,"DemandMax":null,"Value":1551},{"Length":36,"Height":43,"Demand":4,"DemandMax":null,"Value":1548},{"Length":64,"Height":26,"Demand":1,"DemandMax":null,"Value":1664},{"Length":99,"Height":39,"Demand":1,"DemandMax":null,"Value":3861},{"Length":65,"Height":37,"Demand":1,"DemandMax":null,"Value":2405},{"Length":28,"Height":53,"Demand":1,"DemandMax":null,"Value":1484},{"Length":21,"Height":66,"Demand":1,"DemandMax":null,"Value":1386},{"Length":61,"Height":55,"Demand":1,"DemandMax":null,"Value":3355},{"Length":32,"Height":119,"Demand":1,"DemandMax":null,"Value":3808},{"Length":40,"Height":29,"Demand":1,"DemandMax":null,"Value":1160},{"Length":48,"Height":60,"Demand":1,"DemandMax":null,"Value":2880},{"Length":37,"Height":88,"Demand":1,"DemandMax":null,"Value":3256},{"Length":32,"Height":50,"Demand":1,"DemandMax":null,"Value":1600},{"Length":72,"Height":54,"Demand":1,"DemandMax":null,"Value":3888},{"Length":61,"Height":25,"Demand":1,"DemandMax":null,"Value":1525},{"Length":79,"Height":20,"Demand":1,"DemandMax":null,"Value":1580},{"Length":93,"Height":26,"Demand":2,"DemandMax":null,"Value":2418},{"Length":31,"Height":52,"Demand":1,"DemandMax":null,"Value":1612},{"Length":33,"Height":55,"Demand":2,"DemandMax":null,"Value":1815},{"Length":63,"Height":26,"Demand":1,"DemandMax":null,"Value":1638},{"Length":47,"Height":110,"Demand":1,"DemandMax":null,"Value":5170},{"Length":73,"Height":25,"Demand":1,"DemandMax":null,"Value":1825},{"Length":30,"Height":56,"Demand":1,"DemandMax":null,"Value":1680},{"Length":44,"Height":53,"Demand":1,"DemandMax":null,"Value":2332},{"Length":27,"Height":60,"Demand":1,"DemandMax":null,"Value":1620},{"Length":63,"Height":22,"Demand":1,"DemandMax":null,"Value":1386},{"Length":34,"Height":44,"Demand":1,"DemandMax":null,"Value":1496},{"Length":51,"Height":25,"Demand":1,"DemandMax":null,"Value":1275},{"Length":37,"Height":47,"Demand":1,"DemandMax":null,"Value":1739},{"Length":45,"Height":34,"Demand":2,"DemandMax":null,"Value":1530},{"Length":40,"Height":42,"Demand":1,"DemandMax":null,"Value":1680},{"Length":72,"Height":58,"Demand":1,"DemandMax":null,"Value":4176},{"Length":43,"Height":40,"Demand":1,"DemandMax":null,"Value":1720},{"Length":49,"Height":32,"Demand":1,"DemandMax":null,"Value":1568},{"Length":57,"Height":30,"Demand":2,"DemandMax":null,"Value":1710},{"Length":57,"Height":67,"Demand":1,"DemandMax":null,"Value":3819},{"Length":28,"Height":54,"Demand":2,"DemandMax":null,"Value":1512},{"Length":42,"Height":46,"Demand":1,"DemandMax":null,"Value":1932},{"Length":35,"Height":38,"Demand":1,"DemandMax":null,"Value":1330},{"Length":32,"Height":43,"Demand":2,"DemandMax":null,"Value":1376},{"Length":58,"Height":29,"Demand":1,"DemandMax":null,"Value":1682},{"Length":74,"Height":22,"Demand":1,"DemandMax":null,"Value":1628},{"Length":41,"Height":43,"Demand":2,"DemandMax":null,"Value":1763},{"Length":63,"Height":59,"Demand":1,"DemandMax":null,"Value":3717},{"Length":40,"Height":52,"Demand":1,"DemandMax":null,"Value":2080},{"Length":47,"Height":38,"Demand":1,"DemandMax":null,"Value":1786},{"Length":54,"Height":31,"Demand":3,"DemandMax":null,"Value":1674},{"Length":44,"Height":43,"Demand":1,"DemandMax":null,"Value":1892},{"Length":72,"Height":49,"Demand":1,"DemandMax":null,"Value":3528},{"Length":53,"Height":50,"Demand":1,"DemandMax":null,"Value":2650},{"Length":27,"Height":59,"Demand":1,"DemandMax":null,"Value":1593},{"Length":54,"Height":29,"Demand":1,"DemandMax":null,"Value":1566},{"Length":20,"Height":80,"Demand":2,"DemandMax":null,"Value":1600},{"Length":37,"Height":34,"Demand":1,"DemandMax":null,"Value":1258},{"Length":95,"Height":44,"Demand":1,"DemandMax":null,"Value":4180},{"Length":44,"Height":73,"Demand":1,"DemandMax":null,"Value":3212},{"Length":25,"Height":56,"Demand":1,"DemandMax":null,"Value":1400},{"Length":51,"Height":69,"Demand":1,"DemandMax":null,"Value":3519},{"Length":63,"Height":44,"Demand":2,"DemandMax":null,"Value":2772},{"Length":22,"Height":69,"Demand":1,"DemandMax":null,"Value":1518},{"Length":28,"Height":81,"Demand":1,"DemandMax":null,"Value":2268},{"Length":54,"Height":65,"Demand":1,"DemandMax":null,"Value":3510},{"Length":57,"Height":114,"Demand":1,"DemandMax":null,"Value":6498},{"Length":38,"Height":60,"Demand":1,"DemandMax":null,"Value":2280},{"Length":38,"Height":35,"Demand":1,"DemandMax":null,"Value":1330},{"Length":66,"Height":26,"Demand":1,"DemandMax":null,"Value":1716},{"Length":44,"Height":38,"Demand":1,"DemandMax":null,"Value":1672},{"Length":35,"Height":49,"Demand":2,"DemandMax":null,"Value":1715},{"Length":34,"Height":49,"Demand":2,"DemandMax":null,"Value":1666},{"Length":87,"Height":27,"Demand":1,"DemandMax":null,"Value":2349},{"Length":41,"Height":27,"Demand":2,"DemandMax":null,"Value":1107},{"Length":50,"Height":33,"Demand":1,"DemandMax":null,"Value":1650},{"Length":21,"Height":84,"Demand":2,"DemandMax":null,"Value":1764},{"Length":42,"Height":57,"Demand":2,"DemandMax":null,"Value":2394},{"Length":37,"Height":50,"Demand":1,"DemandMax":null,"Value":1850},{"Length":51,"Height":57,"Demand":1,"DemandMax":null,"Value":2907},{"Length":52,"Height":49,"Demand":1,"DemandMax":null,"Value":2548},{"Length":50,"Height":68,"Demand":1,"DemandMax":null,"Value":3400},{"Length":59,"Height":39,"Demand":1,"DemandMax":null,"Value":2301},{"Length":50,"Height":72,"Demand":1,"DemandMax":null,"Value":3600},{"Length":22,"Height":83,"Demand":2,"DemandMax":null,"Value":1826},{"Length":33,"Height":107,"Demand":1,"DemandMax":null,"Value":3531},{"Length":33,"Height":46,"Demand":1,"DemandMax":null,"Value":1518},{"Length":57,"Height":20,"Demand":1,"DemandMax":null,"Value":1140},{"Length":77,"Height":20,"Demand":1,"DemandMax":null,"Value":1540},{"Length":19,"Height":67,"Demand":2,"DemandMax":null,"Value":1273},{"Length":80,"Height":22,"Demand":1,"DemandMax":null,"Value":1760},{"Length":71,"Height":22,"Demand":2,"DemandMax":null,"Value":1562},{"Length":24,"Height":45,"Demand":1,"DemandMax":null,"Value":1080},{"Length":68,"Height":55,"Demand":1,"DemandMax":null,"Value":3740},{"Length":68,"Height":25,"Demand":1,"DemandMax":null,"Value":1700},{"Length":32,"Height":67,"Demand":1,"DemandMax":null,"Value":2144},{"Length":82,"Height":24,"Demand":1,"DemandMax":null,"Value":1968},{"Length":49,"Height":53,"Demand":1,"DemandMax":null,"Value":2597},{"Length":38,"Height":39,"Demand":2,"DemandMax":null,"Value":1482},{"Length":29,"Height":55,"Demand":1,"DemandMax":null,"Value":1595},{"Length":84,"Height":25,"Demand":1,"DemandMax":null,"Value":2100},{"Length":44,"Height":39,"Demand":2,"DemandMax":null,"Value":1716},{"Length":41,"Height":60,"Demand":2,"DemandMax":null,"Value":2460},{"Length":23,"Height":80,"Demand":1,"DemandMax":null,"Value":1840},{"Length":25,"Height":66,"Demand":1,"DemandMax":null,"Value":1650},{"Length":67,"Height":40,"Demand":1,"DemandMax":null,"Value":2680},{"Length":45,"Height":59,"Demand":1,"DemandMax":null,"Value":2655},{"Length":47,"Height":29,"Demand":1,"DemandMax":null,"Value":1363},{"Length":43,"Height":36,"Demand":1,"DemandMax":null,"Value":1548},{"Length":38,"Height":97,"Demand":1,"DemandMax":null,"Value":3686},{"Length":31,"Height":47,"Demand":1,"DemandMax":null,"Value":1457},{"Length":22,"Height":66,"Demand":1,"DemandMax":null,"Value":1452},{"Length":51,"Height":33,"Demand":2,"DemandMax":null,"Value":1683},{"Length":39,"Height":30,"Demand":1,"DemandMax":null,"Value":1170},{"Length":92,"Height":40,"Demand":1,"DemandMax":null,"Value":3680},{"Length":122,"Height":37,"Demand":1,"DemandMax":null,"Value":4514},{"Length":60,"Height":53,"Demand":1,"DemandMax":null,"Value":3180},{"Length":29,"Height":40,"Demand":2,"DemandMax":null,"Value":1160},{"Length":42,"Height":28,"Demand":1,"DemandMax":null,"Value":1176},{"Length":47,"Height":53,"Demand":1,"DemandMax":null,"Value":2491},{"Length":54,"Height":33,"Demand":1,"DemandMax":null,"Value":1782},{"Length":63,"Height":49,"Demand":1,"DemandMax":null,"Value":3087},{"Length":41,"Height":40,"Demand":1,"DemandMax":null,"Value":1640},{"Length":56,"Height":43,"Demand":1,"DemandMax":null,"Value":2408},{"Length":69,"Height":46,"Demand":1,"DemandMax":null,"Value":3174},{"Length":41,"Height":28,"Demand":2,"DemandMax":null,"Value":1148},{"Length":41,"Height":65,"Demand":1,"DemandMax":null,"Value":2665},{"Length":27,"Height":57,"Demand":1,"DemandMax":null,"Value":1539},{"Length":27,"Height":44,"Demand":1,"DemandMax":null,"Value":1188},{"Length":40,"Height":38,"Demand":1,"DemandMax":null,"Value":1520},{"Length":57,"Height":42,"Demand":1,"DemandMax":null,"Value":2394},{"Length":25,"Height":50,"Demand":1,"DemandMax":null,"Value":1250},{"Length":72,"Height":22,"Demand":3,"DemandMax":null,"Value":1584},{"Length":64,"Height":62,"Demand":1,"DemandMax":null,"Value":3968},{"Length":27,"Height":97,"Demand":2,"DemandMax":null,"Value":2619},{"Length":24,"Height":88,"Demand":1,"DemandMax":null,"Value":2112},{"Length":114,"Height":40,"Demand":1,"DemandMax":null,"Value":4560},{"Length":77,"Height":42,"Demand":1,"DemandMax":null,"Value":3234},{"Length":35,"Height":34,"Demand":2,"DemandMax":null,"Value":1190},{"Length":87,"Height":30,"Demand":1,"DemandMax":null,"Value":2610},{"Length":28,"Height":40,"Demand":2,"DemandMax":null,"Value":1120},{"Length":55,"Height":56,"Demand":1,"DemandMax":null,"Value":3080},{"Length":63,"Height":34,"Demand":1,"DemandMax":null,"Value":2142},{"Length":27,"Height":41,"Demand":2,"DemandMax":null,"Value":1107},{"Length":29,"Height":48,"Demand":1,"DemandMax":null,"Value":1392},{"Length":34,"Height":54,"Demand":1,"DemandMax":null,"Value":1836},{"Length":31,"Height":107,"Demand":1,"DemandMax":null,"Value":3317},{"Length":33,"Height":67,"Demand":1,"DemandMax":null,"Value":2211},{"Length":48,"Height":62,"Demand":1,"DemandMax":null,"Value":2976},{"Length":71,"Height":18,"Demand":1,"DemandMax":null,"Value":1278},{"Length":45,"Height":81,"Demand":1,"DemandMax":null,"Value":3645},{"Length":53,"Height":30,"Demand":1,"DemandMax":null,"Value":1590},{"Length":25,"Height":45,"Demand":1,"DemandMax":null,"Value":1125},{"Length":37,"Height":44,"Demand":1,"DemandMax":null,"Value":1628},{"Length":28,"Height":52,"Demand":1,"DemandMax":null,"Value":1456},{"Length":62,"Height":18,"Demand":1,"DemandMax":null,"Value":1116},{"Length":46,"Height":42,"Demand":1,"DemandMax":null,"Value":1932},{"Length":35,"Height":41,"Demand":1,"DemandMax":null,"Value":1435},{"Length":70,"Height":27,"Demand":1,"DemandMax":null,"Value":1890},{"Length":55,"Height":82,"Demand":1,"DemandMax":null,"Value":4510},{"Length":21,"Height":83,"Demand":1,"DemandMax":null,"Value":1743},{"Length":39,"Height":69,"Demand":1,"DemandMax":null,"Value":2691},{"Length":71,"Height":52,"Demand":1,"DemandMax":null,"Value":3692},{"Length":73,"Height":43,"Demand":1,"DemandMax":null,"Value":3139},{"Length":61,"Height":75,"Demand":1,"DemandMax":null,"Value":4575},{"Length":34,"Height":36,"Demand":1,"DemandMax":null,"Value":1224},{"Length":55,"Height":26,"Demand":1,"DemandMax":null,"Value":1430},{"Length":29,"Height":71,"Demand":1,"DemandMax":null,"Value":2059},{"Length":34,"Height":119,"Demand":1,"DemandMax":null,"Value":4046},{"Length":61,"Height":19,"Demand":2,"DemandMax":null,"Value":1159},{"Length":40,"Height":47,"Demand":1,"DemandMax":null,"Value":1880},{"Length":40,"Height":43,"Demand":1,"DemandMax":null,"Value":1720},{"Length":85,"Height":107,"Demand":1,"DemandMax":null,"Value":9095},{"Length":29,"Height":83,"Demand":1,"DemandMax":null,"Value":2407},{"Length":36,"Height":56,"Demand":1,"DemandMax":null,"Value":2016},{"Length":35,"Height":44,"Demand":1,"DemandMax":null,"Value":1540},{"Length":36,"Height":49,"Demand":2,"DemandMax":null,"Value":1764},{"Length":56,"Height":22,"Demand":2,"DemandMax":null,"Value":1232},{"Length":37,"Height":45,"Demand":1,"DemandMax":null,"Value":1665},{"Length":51,"Height":44,"Demand":1,"DemandMax":null,"Value":2244},{"Length":50,"Height":35,"Demand":1,"DemandMax":null,"Value":1750},{"Length":63,"Height":28,"Demand":1,"DemandMax":null,"Value":1764},{"Length":86,"Height":33,"Demand":1,"DemandMax":null,"Value":2838},{"Length":27,"Height":69,"Demand":1,"DemandMax":null,"Value":1863},{"Length":29,"Height":39,"Demand":1,"DemandMax":null,"Value":1131},{"Length":80,"Height":23,"Demand":1,"DemandMax":null,"Value":1840},{"Length":33,"Height":53,"Demand":1,"DemandMax":null,"Value":1749},{"Length":47,"Height":39,"Demand":1,"DemandMax":null,"Value":1833},{"Length":41,"Height":37,"Demand":1,"DemandMax":null,"Value":1517},{"Length":47,"Height":36,"Demand":2,"DemandMax":null,"Value":1692},{"Length":41,"Height":52,"Demand":2,"DemandMax":null,"Value":2132},{"Length":33,"Height":56,"Demand":1,"DemandMax":null,"Value":1848},{"Length":49,"Height":43,"Demand":1,"DemandMax":null,"Value":2107},{"Length":32,"Height":55,"Demand":1,"DemandMax":null,"Value":1760},{"Length":71,"Height":29,"Demand":1,"DemandMax":null,"Value":2059},{"Length":26,"Height":44,"Demand":2,"DemandMax":null,"Value":1144},{"Length":43,"Height":47,"Demand":1,"DemandMax":null,"Value":2021},{"Length":61,"Height":43,"Demand":1,"DemandMax":null,"Value":2623},{"Length":28,"Height":59,"Demand":1,"DemandMax":null,"Value":1652},{"Length":68,"Height":33,"Demand":1,"DemandMax":null,"Value":2244},{"Length":47,"Height":54,"Demand":1,"DemandMax":null,"Value":2538},{"Length":71,"Height":68,"Demand":1,"DemandMax":null,"Value":4828},{"Length":39,"Height":43,"Demand":2,"DemandMax":null,"Value":1677},{"Length":30,"Height":60,"Demand":1,"DemandMax":null,"Value":1800},{"Length":47,"Height":42,"Demand":1,"DemandMax":null,"Value":1974},{"Length":56,"Height":38,"Demand":1,"DemandMax":null,"Value":2128},{"Length":24,"Height":83,"Demand":1,"DemandMax":null,"Value":1992},{"Length":40,"Height":51,"Demand":1,"DemandMax":null,"Value":2040},{"Length":49,"Height":35,"Demand":1,"DemandMax":null,"Value":1715},{"Length":28,"Height":74,"Demand":1,"DemandMax":null,"Value":2072},{"Length":63,"Height":27,"Demand":2,"DemandMax":null,"Value":1701},{"Length":57,"Height":31,"Demand":1,"DemandMax":null,"Value":1767},{"Length":47,"Height":35,"Demand":2,"DemandMax":null,"Value":1645},{"Length":55,"Height":33,"Demand":1,"DemandMax":null,"Value":1815},{"Length":44,"Height":69,"Demand":1,"DemandMax":null,"Value":3036},{"Length":38,"Height":75,"Demand":1,"DemandMax":null,"Value":2850},{"Length":18,"Height":67,"Demand":1,"DemandMax":null,"Value":1206},{"Length":64,"Height":27,"Demand":1,"DemandMax":null,"Value":1728},{"Length":33,"Height":64,"Demand":1,"DemandMax":null,"Value":2112},{"Length":26,"Height":66,"Demand":1,"DemandMax":null,"Value":1716},{"Length":54,"Height":69,"Demand":1,"DemandMax":null,"Value":3726},{"Length":31,"Height":43,"Demand":1,"DemandMax":null,"Value":1333},{"Length":76,"Height":29,"Demand":1,"DemandMax":null,"Value":2204},{"Length":74,"Height":24,"Demand":1,"DemandMax":null,"Value":1776},{"Length":58,"Height":62,"Demand":1,"DemandMax":null,"Value":3596},{"Length":36,"Height":44,"Demand":1,"DemandMax":null,"Value":1584},{"Length":35,"Height":48,"Demand":1,"DemandMax":null,"Value":1680},{"Length":31,"Height":65,"Demand":1,"DemandMax":null,"Value":2015},{"Length":70,"Height":34,"Demand":1,"DemandMax":null,"Value":2380},{"Length":68,"Height":19,"Demand":1,"DemandMax":null,"Value":1292},{"Length":34,"Height":51,"Demand":1,"DemandMax":null,"Value":1734},{"Length":40,"Height":55,"Demand":1,"DemandMax":null,"Value":2200},{"Length":59,"Height":42,"Demand":1,"DemandMax":null,"Value":2478},{"Length":34,"Height":63,"Demand":1,"DemandMax":null,"Value":2142},{"Length":45,"Height":27,"Demand":2,"DemandMax":null,"Value":1215},{"Length":67,"Height":23,"Demand":2,"DemandMax":null,"Value":1541},{"Length":24,"Height":51,"Demand":2,"DemandMax":null,"Value":1224},{"Length":29,"Height":60,"Demand":1,"DemandMax":null,"Value":1740},{"Length":58,"Height":21,"Demand":1,"DemandMax":null,"Value":1218},{"Length":34,"Height":39,"Demand":1,"DemandMax":null,"Value":1326},{"Length":31,"Height":60,"Demand":1,"DemandMax":null,"Value":1860},{"Length":33,"Height":54,"Demand":1,"DemandMax":null,"Value":1782},{"Length":45,"Height":38,"Demand":1,"DemandMax":null,"Value":1710},{"Length":55,"Height":31,"Demand":2,"DemandMax":null,"Value":1705},{"Length":35,"Height":68,"Demand":1,"DemandMax":null,"Value":2380},{"Length":49,"Height":39,"Demand":1,"DemandMax":null,"Value":1911},{"Length":93,"Height":24,"Demand":1,"DemandMax":null,"Value":2232},{"Length":47,"Height":43,"Demand":1,"DemandMax":null,"Value":2021},{"Length":71,"Height":37,"Demand":1,"DemandMax":null,"Value":2627},{"Length":45,"Height":41,"Demand":1,"DemandMax":null,"Value":1845},{"Length":82,"Height":25,"Demand":1,"DemandMax":null,"Value":2050},{"Length":66,"Height":18,"Demand":1,"DemandMax":null,"Value":1188},{"Length":24,"Height":50,"Demand":1,"DemandMax":null,"Value":1200},{"Length":29,"Height":69,"Demand":1,"DemandMax":null,"Value":2001},{"Length":53,"Height":40,"Demand":1,"DemandMax":null,"Value":2120},{"Length":55,"Height":29,"Demand":1,"DemandMax":null,"Value":1595},{"Length":58,"Height":30,"Demand":1,"DemandMax":null,"Value":1740},{"Length":83,"Height":23,"Demand":1,"DemandMax":null,"Value":1909},{"Length":46,"Height":38,"Demand":1,"DemandMax":null,"Value":1748},{"Length":73,"Height":27,"Demand":1,"DemandMax":null,"Value":1971},{"Length":41,"Height":50,"Demand":1,"DemandMax":null,"Value":2050},{"Length":25,"Height":80,"Demand":1,"DemandMax":null,"Value":2000},{"Length":101,"Height":26,"Demand":1,"DemandMax":null,"Value":2626},{"Length":58,"Height":22,"Demand":1,"DemandMax":null,"Value":1276},{"Length":69,"Height":40,"Demand":1,"DemandMax":null,"Value":2760},{"Length":93,"Height":25,"Demand":1,"DemandMax":null,"Value":2325},{"Length":31,"Height":39,"Demand":2,"DemandMax":null,"Value":1209},{"Length":63,"Height":24,"Demand":1,"DemandMax":null,"Value":1512},{"Length":34,"Height":47,"Demand":1,"DemandMax":null,"Value":1598},{"Length":35,"Height":46,"Demand":1,"DemandMax":null,"Value":1610},{"Length":74,"Height":27,"Demand":1,"DemandMax":null,"Value":1998},{"Length":61,"Height":49,"Demand":1,"DemandMax":null,"Value":2989},{"Length":45,"Height":29,"Demand":1,"DemandMax":null,"Value":1305},{"Length":67,"Height":21,"Demand":1,"DemandMax":null,"Value":1407},{"Length":51,"Height":26,"Demand":1,"DemandMax":null,"Value":1326},{"Length":29,"Height":41,"Demand":1,"DemandMax":null,"Value":1189},{"Length":72,"Height":26,"Demand":1,"DemandMax":null,"Value":1872},{"Length":39,"Height":54,"Demand":1,"DemandMax":null,"Value":2106},{"Length":28,"Height":66,"Demand":1,"DemandMax":null,"Value":1848},{"Length":32,"Height":36,"Demand":1,"DemandMax":null,"Value":1152},{"Length":101,"Height":47,"Demand":1,"DemandMax":null,"Value":4747},{"Length":32,"Height":35,"Demand":1,"DemandMax":null,"Value":1120},{"Length":43,"Height":33,"Demand":1,"DemandMax":null,"Value":1419},{"Length":45,"Height":30,"Demand":1,"DemandMax":null,"Value":1350},{"Length":42,"Height":29,"Demand":1,"DemandMax":null,"Value":1218},{"Length":47,"Height":30,"Demand":1,"DemandMax":null,"Value":1410},{"Length":41,"Height":54,"Demand":1,"DemandMax":null,"Value":2214},{"Length":49,"Height":34,"Demand":1,"DemandMax":null,"Value":1666},{"Length":21,"Height":80,"Demand":1,"DemandMax":null,"Value":1680},{"Length":62,"Height":27,"Demand":1,"DemandMax":null,"Value":1674},{"Length":27,"Height":42,"Demand":1,"DemandMax":null,"Value":1134},{"Length":39,"Height":67,"Demand":1,"DemandMax":null,"Value":2613},{"Length":23,"Height":66,"Demand":1,"DemandMax":null,"Value":1518},{"Length":71,"Height":19,"Demand":1,"DemandMax":null,"Value":1349},{"Length":43,"Height":50,"Demand":1,"DemandMax":null,"Value":2150},{"Length":34,"Height":50,"Demand":1,"DemandMax":null,"Value":1700},{"Length":34,"Height":55,"Demand":1,"DemandMax":null,"Value":1870},{"Length":28,"Height":41,"Demand":1,"DemandMax":null,"Value":1148},{"Length":34,"Height":42,"Demand":1,"DemandMax":null,"Value":1428},{"Length":33,"Height":35,"Demand":2,"DemandMax":null,"Value":1155},{"Length":19,"Height":71,"Demand":1,"DemandMax":null,"Value":1349},{"Length":42,"Height":52,"Demand":1,"DemandMax":null,"Value":2184},{"Length":66,"Height":20,"Demand":1,"DemandMax":null,"Value":1320},{"Length":21,"Height":57,"Demand":1,"DemandMax":null,"Value":1197},{"Length":72,"Height":41,"Demand":1,"DemandMax":null,"Value":2952},{"Length":32,"Height":37,"Demand":1,"DemandMax":null,"Value":1184},{"Length":67,"Height":34,"Demand":1,"DemandMax":null,"Value":2278},{"Length":53,"Height":43,"Demand":1,"DemandMax":null,"Value":2279},{"Length":38,"Height":40,"Demand":1,"DemandMax":null,"Value":1520},{"Length":57,"Height":21,"Demand":1,"DemandMax":null,"Value":1197},{"Length":58,"Height":57,"Demand":1,"DemandMax":null,"Value":3306},{"Length":34,"Height":38,"Demand":1,"DemandMax":null,"Value":1292},{"Length":30,"Height":54,"Demand":1,"DemandMax":null,"Value":1620},{"Length":26,"Height":56,"Demand":1,"DemandMax":null,"Value":1456},{"Length":30,"Height":44,"Demand":1,"DemandMax":null,"Value":1320},{"Length":46,"Height":28,"Demand":1,"DemandMax":null,"Value":1288},{"Length":68,"Height":22,"Demand":1,"DemandMax":null,"Value":1496},{"Length":67,"Height":24,"Demand":1,"DemandMax":null,"Value":1608},{"Length":55,"Height":43,"Demand":1,"DemandMax":null,"Value":2365},{"Length":29,"Height":49,"Demand":1,"DemandMax":null,"Value":1421},{"Length":27,"Height":53,"Demand":1,"DemandMax":null,"Value":1431},{"Length":63,"Height":55,"Demand":1,"DemandMax":null,"Value":3465},{"Length":72,"Height":27,"Demand":1,"DemandMax":null,"Value":1944},{"Length":46,"Height":37,"Demand":1,"DemandMax":null,"Value":1702},{"Length":59,"Height":29,"Demand":1,"DemandMax":null,"Value":1711},{"Length":41,"Height":64,"Demand":1,"DemandMax":null,"Value":2624},{"Length":77,"Height":32,"Demand":1,"DemandMax":null,"Value":2464},{"Length":80,"Height":33,"Demand":1,"DemandMax":null,"Value":2640},{"Length":34,"Height":34,"Demand":1,"DemandMax":null,"Value":1156},{"Length":31,"Height":46,"Demand":1,"DemandMax":null,"Value":1426},{"Length":51,"Height":34,"Demand":1,"DemandMax":null,"Value":1734},{"Length":59,"Height":33,"Demand":1,"DemandMax":null,"Value":1947},{"Length":20,"Height":71,"Demand":1,"DemandMax":null,"Value":1420},{"Length":55,"Height":50,"Demand":1,"DemandMax":null,"Value":2750},{"Length":35,"Height":43,"Demand":1,"DemandMax":null,"Value":1505},{"Length":33,"Height":40,"Demand":1,"DemandMax":null,"Value":1320},{"Length":46,"Height":46,"Demand":1,"DemandMax":null,"Value":2116},{"Length":75,"Height":26,"Demand":1,"DemandMax":null,"Value":1950}]}