{"Name":"Path300i3b3","Objects":[{"Length":1000,"Height":429,"Stock":1,"Cost":429000},{"Length":431,"Height":571,"Stock":6,"Cost":246101},{"Length":569,"Height":571,"Stock":5,"Cost":324899}],"Items":[{"Length":157,"Height":255,"Demand":1,"DemandMax":null,"Value":40035},{"Length":18,"Height":76,"Demand":1,"DemandMax":null,"Value":1368},{"Length":41,"Height":24,"Demand":1,"DemandMax":null,"Value":984},{"Length":159,"Height":429,"Demand":1,"DemandMax":null,"Value":68211},{"Length":15,"Height":69,"Demand":1,"DemandMax":null,"Value":1035},{"Length":1,"Height":2,"Demand":4,"DemandMax":null,"Value":2},{"Length":7,"Height":65,"Demand":1,"DemandMax":null,"Value":455},{"Length":203,"Height":25,"Demand":1,"DemandMax":null,"Value":5075},{"Length":51,"Height":312,"Demand":1,"DemandMax":null,"Value":15912},{"Length":167,"Height":144,"Demand":1,"DemandMax":null,"Value":24048},{"Length":34,"Height":11,"Demand":1,"DemandMax":null,"Value":374},{"Length":74,"Height":83,"Demand":1,"DemandMax":null,"Value":6142},{"Length":308,"Height":149,"Demand":1,"DemandMax":null,"Value":45892},{"Length":6,"Height":143,"Demand":1,"DemandMax":null,"Value":858},{"Length":3,"Height":67,"Demand":1,"DemandMax":null,"Value":201},{"Length":3,"Height":3,"Demand":2,"DemandMax":null,"Value":9},{"Length":4,"Height":42,"Demand":1,"DemandMax":null,"Value":168},{"Length":29,"Height":3,"Demand":1,"DemandMax":null,"Value":87},{"Length":7,"Height":1,"Demand":1,"DemandMax":null,"Value":7},{"Length":15,"Height":135,"Demand":1,"DemandMax":null,"Value":2025},{"Length":13,"Height":46,"Demand":1,"DemandMax":null,"Value":598},{"Length":13,"Height":6,"Demand":2,"DemandMax":null,"Value":78},{"Length":58,"Height":142,"Demand":1,"DemandMax":null,"Value":8236},{"Length":1,"Height":1,"Demand":28,"DemandMax":null,"Value":1},{"Length":21,"Height":6,"Demand":1,"DemandMax":null,"Value":126},{"Length":24,"Height":2,"Demand":2,"DemandMax":null,"Value":48},{"Length":26,"Height":186,"Demand":1,"DemandMax":null,"Value":4836},{"Length":5,"Height":66,"Demand":1,"DemandMax":null,"Value":330},{"Length":4,"Height":312,"Demand":2,"DemandMax":null,"Value":1248},{"Length":49,"Height":68,"Demand":1,"DemandMax":null,"Value":3332},{"Length":49,"Height":103,"Demand":1,"DemandMax":null,"Value":5047},{"Length":112,"Height":137,"Demand":1,"DemandMax":null,"Value":15344},{"Length":3,"Height":41,"Demand":1,"DemandMax":null,"Value":123},{"Length":223,"Height":5,"Demand":1,"DemandMax":null,"Value":1115},{"Length":190,"Height":260,"Demand":1,"DemandMax":null,"Value":49400},{"Length":1,"Height":38,"Demand":2,"DemandMax":null,"Value":38},{"Length":10,"Height":1,"Demand":1,"DemandMax":null,"Value":10},{"Length":7,"Height":168,"Demand":1,"DemandMax":null,"Value":1176},{"Length":2,"Height":138,"Demand":1,"DemandMax":null,"Value":276},{"Length":2,"Height":1,"Demand":7,"DemandMax":null,"Value":2},{"Length":134,"Height":134,"Demand":1,"DemandMax":null,"Value":17956},{"Length":25,"Height":4,"Demand":1,"DemandMax":null,"Value":100},{"Length":262,"Height":429,"Demand":1,"DemandMax":null,"Value":112398},{"Length":223,"Height":11,"Demand":1,"DemandMax":null,"Value":2453},{"Length":3,"Height":1,"Demand":3,"DemandMax":null,"Value":3},{"Length":1,"Height":8,"Demand":2,"DemandMax":null,"Value":8},{"Length":2,"Height":139,"Demand":1,"DemandMax":null,"Value":278},{"Length":100,"Height":65,"Demand":1,"DemandMax":null,"Value":6500},{"Length":34,"Height":240,"Demand":1,"DemandMax":null,"Value":8160},{"Length":1,"Height":9,"Demand":5,"DemandMax":null,"Value":9},{"Length":75,"Height":38,"Demand":1,"DemandMax":null,"Value":2850},{"Length":28,"Height":1,"Demand":2,"DemandMax":null,"Value":28},{"Length":101,"Height":85,"Demand":1,"DemandMax":null,"Value":8585},{"Length":6,"Height":5,"Demand":1,"DemandMax":null,"Value":30},{"Length":8,"Height":130,"Demand":1,"DemandMax":null,"Value":1040},{"Length":11,"Height":48,"Demand":1,"DemandMax":null,"Value":528},{"Length":15,"Height":116,"Demand":1,"DemandMax":null,"Value":1740},{"Length":5,"Height":3,"Demand":1,"DemandMax":null,"Value":15},{"Length":1,"Height":86,"Demand":1,"DemandMax":null,"Value":86},{"Length":27,"Height":70,"Demand":1,"DemandMax":null,"Value":1890},{"Length":154,"Height":71,"Demand":1,"DemandMax":null,"Value":10934},{"Length":2,"Height":3,"Demand":2,"DemandMax":null,"Value":6},{"Length":26,"Height":155,"Demand":1,"DemandMax":null,"Value":4030},{"Length":151,"Height":1,"Demand":1,"DemandMax":null,"Value":151},{"Length":1,"Height":4,"Demand":3,"DemandMax":null,"Value":4},{"Length":66,"Height":261,"Demand":1,"DemandMax":null,"Value":17226},{"Length":1,"Height":3,"Demand":4,"DemandMax":null,"Value":3},{"Length":2,"Height":60,"Demand":1,"DemandMax":null,"Value":120},{"Length":69,"Height":14,"Demand":1,"DemandMax":null,"Value":966},{"Length":4,"Height":27,"Demand":1,"DemandMax":null,"Value":108},{"Length":308,"Height":12,"Demand":1,"DemandMax":null,"Value":3696},{"Length":1,"Height":22,"Demand":3,"DemandMax":null,"Value":22},{"Length":10,"Height":3,"Demand":1,"DemandMax":null,"Value":30},{"Length":27,"Height":37,"Demand":1,"DemandMax":null,"Value":999},{"Length":15,"Height":231,"Demand":1,"DemandMax":null,"Value":3465},{"Length":1,"Height":5,"Demand":6,"DemandMax":null,"Value":5},{"Length":1,"Height":312,"Demand":2,"DemandMax":null,"Value":312},{"Length":197,"Height":58,"Demand":1,"DemandMax":null,"Value":11426},{"Length":3,"Height":2,"Demand":1,"DemandMax":null,"Value":6},{"Length":16,"Height":46,"Demand":1,"DemandMax":null,"Value":736},{"Length":2,"Height":93,"Demand":1,"DemandMax":null,"Value":186},{"Length":197,"Height":2,"Demand":1,"DemandMax":null,"Value":394},{"Length":4,"Height":429,"Demand":1,"DemandMax":null,"Value":1716},{"Length":1,"Height":43,"Demand":1,"DemandMax":null,"Value":43},{"Length":1,"Height":53,"Demand":2,"DemandMax":null,"Value":53},{"Length":154,"Height":67,"Demand":1,"DemandMax":null,"Value":10318},{"Length":1,"Height":98,"Demand":1,"DemandMax":null,"Value":98},{"Length":2,"Height":82,"Demand":1,"DemandMax":null,"Value":164},{"Length":2,"Height":137,"Demand":1,"DemandMax":null,"Value":274},{"Length":3,"Height":36,"Demand":1,"DemandMax":null,"Value":108},{"Length":1,"Height":44,"Demand":1,"DemandMax":null,"Value":44},{"Length":2,"Height":2,"Demand":2,"DemandMax":null,"Value":4},{"Length":29,"Height":38,"Demand":1,"DemandMax":null,"Value":1102},{"Length":11,"Height":18,"Demand":1,"DemandMax":null,"Value":198},{"Length":169,"Height":298,"Demand":1,"DemandMax":null,"Value":50362},{"Length":10,"Height":231,"Demand":2,"DemandMax":null,"Value":2310},{"Length":1,"Height":64,"Demand":1,"DemandMax":null,"Value":64},{"Length":144,"Height":103,"Demand":1,"DemandMax":null,"Value":14832},{"Length":223,"Height":9,"Demand":1,"DemandMax":null,"Value":2007},{"Length":1,"Height":36,"Demand":1,"DemandMax":null,"Value":36},{"Length":27,"Height":140,"Demand":1,"DemandMax":null,"Value":3780},{"Length":18,"Height":3,"Demand":1,"DemandMax":null,"Value":54},{"Length":179,"Height":2,"Demand":1,"DemandMax":null,"Value":358},{"Length":203,"Height":6,"Demand":2,"DemandMax":null,"Value":1218},{"Length":1,"Height":63,"Demand":1,"DemandMax":null,"Value":63},{"Length":46,"Height":64,"Demand":1,"DemandMax":null,"Value":2944},{"Length":178,"Height":87,"Demand":1,"DemandMax":null,"Value":15486},{"Length":1,"Height":11,"Demand":1,"DemandMax":null,"Value":11},{"Length":207,"Height":85,"Demand":1,"DemandMax":null,"Value":17595},{"Length":197,"Height":3,"Demand":1,"DemandMax":null,"Value":591},{"Length":11,"Height":1,"Demand":1,"DemandMax":null,"Value":11},{"Length":33,"Height":231,"Demand":1,"DemandMax":null,"Value":7623},{"Length":95,"Height":5,"Demand":1,"DemandMax":null,"Value":475},{"Length":7,"Height":73,"Demand":1,"DemandMax":null,"Value":511},{"Length":43,"Height":312,"Demand":1,"DemandMax":null,"Value":13416},{"Length":1,"Height":35,"Demand":1,"DemandMax":null,"Value":35},{"Length":186,"Height":24,"Demand":1,"DemandMax":null,"Value":4464},{"Length":204,"Height":24,"Demand":1,"DemandMax":null,"Value":4896},{"Length":308,"Height":13,"Demand":1,"DemandMax":null,"Value":4004},{"Length":34,"Height":1,"Demand":4,"DemandMax":null,"Value":34},{"Length":18,"Height":96,"Demand":1,"DemandMax":null,"Value":1728},{"Length":197,"Height":145,"Demand":1,"DemandMax":null,"Value":28565},{"Length":1,"Height":67,"Demand":1,"DemandMax":null,"Value":67},{"Length":75,"Height":24,"Demand":1,"DemandMax":null,"Value":1800},{"Length":1,"Height":26,"Demand":1,"DemandMax":null,"Value":26},{"Length":6,"Height":8,"Demand":1,"DemandMax":null,"Value":48},{"Length":75,"Height":19,"Demand":1,"DemandMax":null,"Value":1425},{"Length":10,"Height":13,"Demand":1,"DemandMax":null,"Value":130},{"Length":22,"Height":312,"Demand":1,"DemandMax":null,"Value":6864},{"Length":144,"Height":1,"Demand":1,"DemandMax":null,"Value":144},{"Length":100,"Height":9,"Demand":1,"DemandMax":null,"Value":900},{"Length":26,"Height":1,"Demand":2,"DemandMax":null,"Value":26},{"Length":23,"Height":42,"Demand":1,"DemandMax":null,"Value":966},{"Length":152,"Height":46,"Demand":1,"DemandMax":null,"Value":6992},{"Length":50,"Height":48,"Demand":1,"DemandMax":null,"Value":2400},{"Length":1,"Height":29,"Demand":1,"DemandMax":null,"Value":29},{"Length":19,"Height":22,"Demand":1,"DemandMax":null,"Value":418},{"Length":18,"Height":138,"Demand":1,"DemandMax":null,"Value":2484},{"Length":1,"Height":79,"Demand":1,"DemandMax":null,"Value":79},{"Length":147,"Height":60,"Demand":1,"DemandMax":null,"Value":8820},{"Length":13,"Height":9,"Demand":1,"DemandMax":null,"Value":117},{"Length":66,"Height":255,"Demand":1,"DemandMax":null,"Value":16830},{"Length":13,"Height":14,"Demand":1,"DemandMax":null,"Value":182},{"Length":112,"Height":292,"Demand":1,"DemandMax":null,"Value":32704},{"Length":66,"Height":41,"Demand":1,"DemandMax":null,"Value":2706},{"Length":1,"Height":60,"Demand":2,"DemandMax":null,"Value":60},{"Length":11,"Height":130,"Demand":1,"DemandMax":null,"Value":1430},{"Length":29,"Height":130,"Demand":1,"DemandMax":null,"Value":3770},{"Length":69,"Height":9,"Demand":1,"DemandMax":null,"Value":621},{"Length":197,"Height":35,"Demand":1,"DemandMax":null,"Value":6895},{"Length":197,"Height":41,"Demand":1,"DemandMax":null,"Value":8077},{"Length":4,"Height":16,"Demand":1,"DemandMax":null,"Value":64},{"Length":11,"Height":137,"Demand":1,"DemandMax":null,"Value":1507},{"Length":1,"Height":15,"Demand":1,"DemandMax":null,"Value":15},{"Length":167,"Height":99,"Demand":1,"DemandMax":null,"Value":16533},{"Length":1,"Height":57,"Demand":3,"DemandMax":null,"Value":57},{"Length":1,"Height":47,"Demand":1,"DemandMax":null,"Value":47},{"Length":2,"Height":9,"Demand":1,"DemandMax":null,"Value":18},{"Length":18,"Height":178,"Demand":1,"DemandMax":null,"Value":3204},{"Length":7,"Height":429,"Demand":1,"DemandMax":null,"Value":3003},{"Length":141,"Height":186,"Demand":1,"DemandMax":null,"Value":26226},{"Length":84,"Height":37,"Demand":1,"DemandMax":null,"Value":3108},{"Length":26,"Height":16,"Demand":1,"DemandMax":null,"Value":416},{"Length":179,"Height":34,"Demand":1,"DemandMax":null,"Value":6086},{"Length":55,"Height":46,"Demand":1,"DemandMax":null,"Value":2530},{"Length":1,"Height":13,"Demand":1,"DemandMax":null,"Value":13},{"Length":1,"Height":31,"Demand":1,"DemandMax":null,"Value":31},{"Length":9,"Height":31,"Demand":1,"DemandMax":null,"Value":279},{"Length":2,"Height":142,"Demand":1,"DemandMax":null,"Value":284},{"Length":1,"Height":7,"Demand":2,"DemandMax":null,"Value":7},{"Length":72,"Height":1,"Demand":1,"DemandMax":null,"Value":72},{"Length":17,"Height":13,"Demand":1,"DemandMax":null,"Value":221},{"Length":50,"Height":37,"Demand":1,"DemandMax":null,"Value":1850},{"Length":199,"Height":2,"Demand":1,"DemandMax":null,"Value":398},{"Length":3,"Height":5,"Demand":1,"DemandMax":null,"Value":15},{"Length":4,"Height":13,"Demand":2,"DemandMax":null,"Value":52},{"Length":78,"Height":65,"Demand":1,"DemandMax":null,"Value":5070},{"Length":23,"Height":13,"Demand":1,"DemandMax":null,"Value":299},{"Length":18,"Height":71,"Demand":1,"DemandMax":null,"Value":1278},{"Length":45,"Height":138,"Demand":1,"DemandMax":null,"Value":6210},{"Length":1,"Height":138,"Demand":1,"DemandMax":null,"Value":138},{"Length":8,"Height":3,"Demand":1,"DemandMax":null,"Value":24},{"Length":2,"Height":46,"Demand":1,"DemandMax":null,"Value":92},{"Length":1,"Height":123,"Demand":1,"DemandMax":null,"Value":123},{"Length":10,"Height":2,"Demand":1,"DemandMax":null,"Value":20},{"Length":1,"Height":82,"Demand":1,"DemandMax":null,"Value":82},{"Length":2,"Height":10,"Demand":1,"DemandMax":null,"Value":20},{"Length":1,"Height":245,"Demand":1,"DemandMax":null,"Value":245},{"Length":66,"Height":58,"Demand":1,"DemandMax":null,"Value":3828},{"Length":1,"Height":10,"Demand":2,"DemandMax":null,"Value":10},{"Length":14,"Height":5,"Demand":1,"DemandMax":null,"Value":70},{"Length":48,"Height":83,"Demand":1,"DemandMax":null,"Value":3984},{"Length":12,"Height":1,"Demand":1,"DemandMax":null,"Value":12},{"Length":129,"Height":276,"Demand":1,"DemandMax":null,"Value":35604},{"Length":4,"Height":121,"Demand":1,"DemandMax":null,"Value":484},{"Length":1,"Height":14,"Demand":2,"DemandMax":null,"Value":14},{"Length":167,"Height":1,"Demand":1,"DemandMax":null,"Value":167},{"Length":3,"Height":25,"Demand":1,"DemandMax":null,"Value":75},{"Length":5,"Height":101,"Demand":1,"DemandMax":null,"Value":505},{"Length":7,"Height":231,"Demand":1,"DemandMax":null,"Value":1617},{"Length":11,"Height":9,"Demand":1,"DemandMax":null,"Value":99},{"Length":51,"Height":1,"Demand":1,"DemandMax":null,"Value":51},{"Length":1,"Height":16,"Demand":1,"DemandMax":null,"Value":16},{"Length":3,"Height":142,"Demand":1,"DemandMax":null,"Value":426},{"Length":1,"Height":21,"Demand":1,"DemandMax":null,"Value":21},{"Length":9,"Height":5,"Demand":1,"DemandMax":null,"Value":45},{"Length":178,"Height":68,"Demand":1,"DemandMax":null,"Value":12104},{"Length":223,"Height":26,"Demand":1,"DemandMax":null,"Value":5798},{"Length":170,"Height":11,"Demand":1,"DemandMax":null,"Value":1870},{"Length":1,"Height":54,"Demand":1,"DemandMax":null,"Value":54},{"Length":1,"Height":6,"Demand":1,"DemandMax":null,"Value":6},{"Length":1,"Height":46,"Demand":1,"DemandMax":null,"Value":46},{"Length":50,"Height":67,"Demand":1,"DemandMax":null,"Value":3350},{"Length":50,"Height":21,"Demand":1,"DemandMax":null,"Value":1050},{"Length":129,"Height":4,"Demand":1,"DemandMax":null,"Value":516},{"Length":190,"Height":20,"Demand":1,"DemandMax":null,"Value":3800},{"Length":11,"Height":20,"Demand":1,"DemandMax":null,"Value":220},{"Length":69,"Height":62,"Demand":1,"DemandMax":null,"Value":4278},{"Length":67,"Height":83,"Demand":1,"DemandMax":null,"Value":5561},{"Length":197,"Height":30,"Demand":1,"DemandMax":null,"Value":5910},{"Length":3,"Height":9,"Demand":1,"DemandMax":null,"Value":27},{"Length":122,"Height":4,"Demand":1,"DemandMax":null,"Value":488}]}