{"Name":"Path50i2b1","Objects":[{"Length":1000,"Height":552,"Stock":5,"Cost":552000},{"Length":1000,"Height":448,"Stock":2,"Cost":448000}],"Items":[{"Length":31,"Height":434,"Demand":1,"DemandMax":null,"Value":13454},{"Length":212,"Height":294,"Demand":1,"DemandMax":null,"Value":62328},{"Length":84,"Height":375,"Demand":1,"DemandMax":null,"Value":31500},{"Length":234,"Height":7,"Demand":1,"DemandMax":null,"Value":1638},{"Length":96,"Height":324,"Demand":1,"DemandMax":null,"Value":31104},{"Length":214,"Height":301,"Demand":1,"DemandMax":null,"Value":64414},{"Length":173,"Height":201,"Demand":1,"DemandMax":null,"Value":34773},{"Length":86,"Height":60,"Demand":1,"DemandMax":null,"Value":5160},{"Length":7,"Height":35,"Demand":1,"DemandMax":null,"Value":245},{"Length":125,"Height":81,"Demand":1,"DemandMax":null,"Value":10125},{"Length":197,"Height":264,"Demand":1,"DemandMax":null,"Value":52008},{"Length":171,"Height":1,"Demand":1,"DemandMax":null,"Value":171},{"Length":121,"Height":86,"Demand":1,"DemandMax":null,"Value":10406},{"Length":25,"Height":86,"Demand":1,"DemandMax":null,"Value":2150},{"Length":60,"Height":96,"Demand":1,"DemandMax":null,"Value":5760},{"Length":9,"Height":301,"Demand":1,"DemandMax":null,"Value":2709},{"Length":212,"Height":154,"Demand":1,"DemandMax":null,"Value":32648},{"Length":20,"Height":70,"Demand":1,"DemandMax":null,"Value":1400},{"Length":32,"Height":118,"Demand":1,"DemandMax":null,"Value":3776},{"Length":113,"Height":8,"Demand":1,"DemandMax":null,"Value":904},{"Length":3,"Height":1,"Demand":1,"DemandMax":null,"Value":3},{"Length":62,"Height":118,"Demand":1,"DemandMax":null,"Value":7316},{"Length":214,"Height":1,"Demand":1,"DemandMax":null,"Value":214},{"Length":347,"Height":60,"Demand":1,"DemandMax":null,"Value":20820},{"Length":409,"Height":448,"Demand":1,"DemandMax":null,"Value":183232},{"Length":86,"Height":36,"Demand":1,"DemandMax":null,"Value":3096},{"Length":176,"Height":1,"Demand":1,"DemandMax":null,"Value":176},{"Length":434,"Height":351,"Demand":1,"DemandMax":null,"Value":152334},{"Length":96,"Height":90,"Demand":1,"DemandMax":null,"Value":8640},{"Length":2,"Height":144,"Demand":1,"DemandMax":null,"Value":288},{"Length":127,"Height":182,"Demand":1,"DemandMax":null,"Value":23114},{"Length":11,"Height":37,"Demand":1,"DemandMax":null,"Value":407},{"Length":197,"Height":184,"Demand":1,"DemandMax":null,"Value":36248},{"Length":2,"Height":158,"Demand":1,"DemandMax":null,"Value":316},{"Length":11,"Height":1,"Demand":1,"DemandMax":null,"Value":11},{"Length":124,"Height":45,"Demand":1,"DemandMax":null,"Value":5580},{"Length":47,"Height":182,"Demand":1,"DemandMax":null,"Value":8554},{"Length":188,"Height":70,"Demand":1,"DemandMax":null,"Value":13160},{"Length":261,"Height":201,"Demand":1,"DemandMax":null,"Value":52461},{"Length":5,"Height":144,"Demand":1,"DemandMax":null,"Value":720},{"Length":84,"Height":73,"Demand":1,"DemandMax":null,"Value":6132},{"Length":96,"Height":34,"Demand":1,"DemandMax":null,"Value":3264},{"Length":114,"Height":37,"Demand":1,"DemandMax":null,"Value":4218},{"Length":1,"Height":290,"Demand":2,"DemandMax":null,"Value":290},{"Length":20,"Height":112,"Demand":1,"DemandMax":null,"Value":2240},{"Length":6,"Height":1,"Demand":1,"DemandMax":null,"Value":6},{"Length":7,"Height":3,"Demand":1,"DemandMax":null,"Value":21},{"Length":124,"Height":256,"Demand":1,"DemandMax":null,"Value":31744},{"Length":188,"Height":364,"Demand":1,"DemandMax":null,"Value":68432}]}