{"Name":"Path400i4b5","Objects":[{"Length":401,"Height":626,"Stock":4,"Cost":251026},{"Length":599,"Height":490,"Stock":3,"Cost":293510},{"Length":599,"Height":510,"Stock":5,"Cost":305490},{"Length":401,"Height":374,"Stock":6,"Cost":149974}],"Items":[{"Length":322,"Height":9,"Demand":1,"DemandMax":null,"Value":2898},{"Length":21,"Height":30,"Demand":1,"DemandMax":null,"Value":630},{"Length":170,"Height":264,"Demand":1,"DemandMax":null,"Value":44880},{"Length":2,"Height":240,"Demand":1,"DemandMax":null,"Value":480},{"Length":110,"Height":103,"Demand":1,"DemandMax":null,"Value":11330},{"Length":101,"Height":325,"Demand":1,"DemandMax":null,"Value":32825},{"Length":13,"Height":5,"Demand":1,"DemandMax":null,"Value":65},{"Length":42,"Height":221,"Demand":2,"DemandMax":null,"Value":9282},{"Length":230,"Height":100,"Demand":1,"DemandMax":null,"Value":23000},{"Length":1,"Height":81,"Demand":1,"DemandMax":null,"Value":81},{"Length":233,"Height":252,"Demand":1,"DemandMax":null,"Value":58716},{"Length":33,"Height":5,"Demand":1,"DemandMax":null,"Value":165},{"Length":6,"Height":1,"Demand":6,"DemandMax":null,"Value":6},{"Length":87,"Height":16,"Demand":1,"DemandMax":null,"Value":1392},{"Length":4,"Height":21,"Demand":1,"DemandMax":null,"Value":84},{"Length":149,"Height":2,"Demand":1,"DemandMax":null,"Value":298},{"Length":3,"Height":22,"Demand":1,"DemandMax":null,"Value":66},{"Length":8,"Height":13,"Demand":1,"DemandMax":null,"Value":104},{"Length":24,"Height":48,"Demand":1,"DemandMax":null,"Value":1152},{"Length":59,"Height":260,"Demand":1,"DemandMax":null,"Value":15340},{"Length":85,"Height":16,"Demand":1,"DemandMax":null,"Value":1360},{"Length":92,"Height":157,"Demand":1,"DemandMax":null,"Value":14444},{"Length":26,"Height":138,"Demand":1,"DemandMax":null,"Value":3588},{"Length":117,"Height":1,"Demand":2,"DemandMax":null,"Value":117},{"Length":102,"Height":1,"Demand":1,"DemandMax":null,"Value":102},{"Length":28,"Height":3,"Demand":1,"DemandMax":null,"Value":84},{"Length":4,"Height":4,"Demand":1,"DemandMax":null,"Value":16},{"Length":65,"Height":37,"Demand":1,"DemandMax":null,"Value":2405},{"Length":172,"Height":202,"Demand":1,"DemandMax":null,"Value":34744},{"Length":72,"Height":16,"Demand":1,"DemandMax":null,"Value":1152},{"Length":6,"Height":35,"Demand":1,"DemandMax":null,"Value":210},{"Length":35,"Height":1,"Demand":2,"DemandMax":null,"Value":35},{"Length":27,"Height":10,"Demand":1,"DemandMax":null,"Value":270},{"Length":241,"Height":12,"Demand":1,"DemandMax":null,"Value":2892},{"Length":35,"Height":81,"Demand":1,"DemandMax":null,"Value":2835},{"Length":226,"Height":99,"Demand":1,"DemandMax":null,"Value":22374},{"Length":1,"Height":5,"Demand":2,"DemandMax":null,"Value":5},{"Length":39,"Height":374,"Demand":1,"DemandMax":null,"Value":14586},{"Length":311,"Height":132,"Demand":1,"DemandMax":null,"Value":41052},{"Length":28,"Height":1,"Demand":2,"DemandMax":null,"Value":28},{"Length":13,"Height":14,"Demand":1,"DemandMax":null,"Value":182},{"Length":40,"Height":1,"Demand":2,"DemandMax":null,"Value":40},{"Length":6,"Height":64,"Demand":1,"DemandMax":null,"Value":384},{"Length":17,"Height":1,"Demand":4,"DemandMax":null,"Value":17},{"Length":322,"Height":10,"Demand":1,"DemandMax":null,"Value":3220},{"Length":10,"Height":374,"Demand":1,"DemandMax":null,"Value":3740},{"Length":13,"Height":86,"Demand":1,"DemandMax":null,"Value":1118},{"Length":13,"Height":276,"Demand":1,"DemandMax":null,"Value":3588},{"Length":5,"Height":47,"Demand":1,"DemandMax":null,"Value":235},{"Length":26,"Height":82,"Demand":1,"DemandMax":null,"Value":2132},{"Length":77,"Height":49,"Demand":1,"DemandMax":null,"Value":3773},{"Length":322,"Height":45,"Demand":1,"DemandMax":null,"Value":14490},{"Length":44,"Height":9,"Demand":1,"DemandMax":null,"Value":396},{"Length":12,"Height":4,"Demand":1,"DemandMax":null,"Value":48},{"Length":18,"Height":3,"Demand":2,"DemandMax":null,"Value":54},{"Length":35,"Height":36,"Demand":1,"DemandMax":null,"Value":1260},{"Length":210,"Height":78,"Demand":1,"DemandMax":null,"Value":16380},{"Length":107,"Height":31,"Demand":1,"DemandMax":null,"Value":3317},{"Length":52,"Height":14,"Demand":1,"DemandMax":null,"Value":728},{"Length":39,"Height":15,"Demand":1,"DemandMax":null,"Value":585},{"Length":104,"Height":49,"Demand":1,"DemandMax":null,"Value":5096},{"Length":7,"Height":1,"Demand":4,"DemandMax":null,"Value":7},{"Length":47,"Height":1,"Demand":2,"DemandMax":null,"Value":47},{"Length":48,"Height":88,"Demand":1,"DemandMax":null,"Value":4224},{"Length":128,"Height":1,"Demand":1,"DemandMax":null,"Value":128},{"Length":33,"Height":50,"Demand":1,"DemandMax":null,"Value":1650},{"Length":37,"Height":209,"Demand":1,"DemandMax":null,"Value":7733},{"Length":190,"Height":1,"Demand":1,"DemandMax":null,"Value":190},{"Length":10,"Height":4,"Demand":1,"DemandMax":null,"Value":40},{"Length":1,"Height":138,"Demand":3,"DemandMax":null,"Value":138},{"Length":5,"Height":1,"Demand":3,"DemandMax":null,"Value":5},{"Length":119,"Height":30,"Demand":1,"DemandMax":null,"Value":3570},{"Length":5,"Height":81,"Demand":1,"DemandMax":null,"Value":405},{"Length":110,"Height":4,"Demand":1,"DemandMax":null,"Value":440},{"Length":13,"Height":1,"Demand":3,"DemandMax":null,"Value":13},{"Length":32,"Height":239,"Demand":1,"DemandMax":null,"Value":7648},{"Length":19,"Height":5,"Demand":1,"DemandMax":null,"Value":95},{"Length":4,"Height":3,"Demand":3,"DemandMax":null,"Value":12},{"Length":210,"Height":3,"Demand":1,"DemandMax":null,"Value":630},{"Length":10,"Height":221,"Demand":1,"DemandMax":null,"Value":2210},{"Length":7,"Height":174,"Demand":1,"DemandMax":null,"Value":1218},{"Length":184,"Height":1,"Demand":1,"DemandMax":null,"Value":184},{"Length":201,"Height":62,"Demand":1,"DemandMax":null,"Value":12462},{"Length":4,"Height":2,"Demand":1,"DemandMax":null,"Value":8},{"Length":131,"Height":10,"Demand":1,"DemandMax":null,"Value":1310},{"Length":106,"Height":1,"Demand":1,"DemandMax":null,"Value":106},{"Length":1,"Height":101,"Demand":2,"DemandMax":null,"Value":101},{"Length":22,"Height":37,"Demand":1,"DemandMax":null,"Value":814},{"Length":1,"Height":84,"Demand":1,"DemandMax":null,"Value":84},{"Length":37,"Height":325,"Demand":1,"DemandMax":null,"Value":12025},{"Length":143,"Height":11,"Demand":1,"DemandMax":null,"Value":1573},{"Length":2,"Height":1,"Demand":4,"DemandMax":null,"Value":2},{"Length":17,"Height":64,"Demand":1,"DemandMax":null,"Value":1088},{"Length":45,"Height":16,"Demand":1,"DemandMax":null,"Value":720},{"Length":60,"Height":1,"Demand":1,"DemandMax":null,"Value":60},{"Length":33,"Height":7,"Demand":2,"DemandMax":null,"Value":231},{"Length":1,"Height":11,"Demand":2,"DemandMax":null,"Value":11},{"Length":11,"Height":9,"Demand":1,"DemandMax":null,"Value":99},{"Length":1,"Height":1,"Demand":13,"DemandMax":null,"Value":1},{"Length":21,"Height":7,"Demand":1,"DemandMax":null,"Value":147},{"Length":290,"Height":1,"Demand":2,"DemandMax":null,"Value":290},{"Length":42,"Height":3,"Demand":1,"DemandMax":null,"Value":126},{"Length":14,"Height":1,"Demand":1,"DemandMax":null,"Value":14},{"Length":11,"Height":1,"Demand":3,"DemandMax":null,"Value":11},{"Length":9,"Height":28,"Demand":1,"DemandMax":null,"Value":252},{"Length":12,"Height":1,"Demand":2,"DemandMax":null,"Value":12},{"Length":110,"Height":1,"Demand":1,"DemandMax":null,"Value":110},{"Length":102,"Height":82,"Demand":1,"DemandMax":null,"Value":8364},{"Length":74,"Height":42,"Demand":1,"DemandMax":null,"Value":3108},{"Length":3,"Height":28,"Demand":1,"DemandMax":null,"Value":84},{"Length":99,"Height":3,"Demand":1,"DemandMax":null,"Value":297},{"Length":4,"Height":64,"Demand":1,"DemandMax":null,"Value":256},{"Length":13,"Height":32,"Demand":1,"DemandMax":null,"Value":416},{"Length":56,"Height":16,"Demand":1,"DemandMax":null,"Value":896},{"Length":23,"Height":1,"Demand":1,"DemandMax":null,"Value":23},{"Length":12,"Height":15,"Demand":1,"DemandMax":null,"Value":180},{"Length":29,"Height":374,"Demand":1,"DemandMax":null,"Value":10846},{"Length":194,"Height":74,"Demand":1,"DemandMax":null,"Value":14356},{"Length":322,"Height":5,"Demand":1,"DemandMax":null,"Value":1610},{"Length":34,"Height":1,"Demand":1,"DemandMax":null,"Value":34},{"Length":46,"Height":3,"Demand":1,"DemandMax":null,"Value":138},{"Length":4,"Height":92,"Demand":1,"DemandMax":null,"Value":368},{"Length":130,"Height":37,"Demand":1,"DemandMax":null,"Value":4810},{"Length":1,"Height":44,"Demand":2,"DemandMax":null,"Value":44},{"Length":9,"Height":1,"Demand":7,"DemandMax":null,"Value":9},{"Length":86,"Height":374,"Demand":1,"DemandMax":null,"Value":32164},{"Length":113,"Height":106,"Demand":1,"DemandMax":null,"Value":11978},{"Length":1,"Height":98,"Demand":1,"DemandMax":null,"Value":98},{"Length":194,"Height":4,"Demand":2,"DemandMax":null,"Value":776},{"Length":230,"Height":63,"Demand":1,"DemandMax":null,"Value":14490},{"Length":5,"Height":7,"Demand":1,"DemandMax":null,"Value":35},{"Length":3,"Height":4,"Demand":2,"DemandMax":null,"Value":12},{"Length":80,"Height":1,"Demand":1,"DemandMax":null,"Value":80},{"Length":106,"Height":5,"Demand":1,"DemandMax":null,"Value":530},{"Length":56,"Height":10,"Demand":1,"DemandMax":null,"Value":560},{"Length":290,"Height":34,"Demand":1,"DemandMax":null,"Value":9860},{"Length":43,"Height":43,"Demand":1,"DemandMax":null,"Value":1849},{"Length":21,"Height":29,"Demand":1,"DemandMax":null,"Value":609},{"Length":8,"Height":134,"Demand":1,"DemandMax":null,"Value":1072},{"Length":290,"Height":2,"Demand":2,"DemandMax":null,"Value":580},{"Length":192,"Height":105,"Demand":1,"DemandMax":null,"Value":20160},{"Length":13,"Height":116,"Demand":1,"DemandMax":null,"Value":1508},{"Length":3,"Height":76,"Demand":1,"DemandMax":null,"Value":228},{"Length":21,"Height":1,"Demand":1,"DemandMax":null,"Value":21},{"Length":35,"Height":5,"Demand":1,"DemandMax":null,"Value":175},{"Length":21,"Height":23,"Demand":1,"DemandMax":null,"Value":483},{"Length":109,"Height":6,"Demand":1,"DemandMax":null,"Value":654},{"Length":174,"Height":2,"Demand":1,"DemandMax":null,"Value":348},{"Length":86,"Height":227,"Demand":1,"DemandMax":null,"Value":19522},{"Length":1,"Height":24,"Demand":2,"DemandMax":null,"Value":24},{"Length":16,"Height":1,"Demand":3,"DemandMax":null,"Value":16},{"Length":1,"Height":32,"Demand":1,"DemandMax":null,"Value":32},{"Length":63,"Height":227,"Demand":1,"DemandMax":null,"Value":14301},{"Length":21,"Height":5,"Demand":2,"DemandMax":null,"Value":105},{"Length":5,"Height":9,"Demand":1,"DemandMax":null,"Value":45},{"Length":27,"Height":3,"Demand":1,"DemandMax":null,"Value":81},{"Length":92,"Height":9,"Demand":1,"DemandMax":null,"Value":828},{"Length":1,"Height":35,"Demand":1,"DemandMax":null,"Value":35},{"Length":8,"Height":35,"Demand":1,"DemandMax":null,"Value":280},{"Length":88,"Height":162,"Demand":1,"DemandMax":null,"Value":14256},{"Length":31,"Height":12,"Demand":1,"DemandMax":null,"Value":372},{"Length":9,"Height":6,"Demand":2,"DemandMax":null,"Value":54},{"Length":18,"Height":7,"Demand":1,"DemandMax":null,"Value":126},{"Length":1,"Height":2,"Demand":5,"DemandMax":null,"Value":2},{"Length":13,"Height":52,"Demand":1,"DemandMax":null,"Value":676},{"Length":25,"Height":5,"Demand":1,"DemandMax":null,"Value":125},{"Length":6,"Height":195,"Demand":1,"DemandMax":null,"Value":1170},{"Length":29,"Height":1,"Demand":2,"DemandMax":null,"Value":29},{"Length":9,"Height":255,"Demand":1,"DemandMax":null,"Value":2295},{"Length":1,"Height":22,"Demand":2,"DemandMax":null,"Value":22},{"Length":3,"Height":10,"Demand":1,"DemandMax":null,"Value":30},{"Length":27,"Height":11,"Demand":1,"DemandMax":null,"Value":297},{"Length":39,"Height":16,"Demand":1,"DemandMax":null,"Value":624},{"Length":21,"Height":26,"Demand":1,"DemandMax":null,"Value":546},{"Length":100,"Height":43,"Demand":1,"DemandMax":null,"Value":4300},{"Length":5,"Height":35,"Demand":1,"DemandMax":null,"Value":175},{"Length":1,"Height":29,"Demand":1,"DemandMax":null,"Value":29},{"Length":47,"Height":7,"Demand":1,"DemandMax":null,"Value":329},{"Length":25,"Height":1,"Demand":2,"DemandMax":null,"Value":25},{"Length":20,"Height":5,"Demand":1,"DemandMax":null,"Value":100},{"Length":28,"Height":22,"Demand":1,"DemandMax":null,"Value":616},{"Length":33,"Height":17,"Demand":1,"DemandMax":null,"Value":561},{"Length":7,"Height":3,"Demand":1,"DemandMax":null,"Value":21},{"Length":65,"Height":1,"Demand":1,"DemandMax":null,"Value":65},{"Length":11,"Height":14,"Demand":1,"DemandMax":null,"Value":154},{"Length":6,"Height":22,"Demand":1,"DemandMax":null,"Value":132},{"Length":164,"Height":43,"Demand":1,"DemandMax":null,"Value":7052},{"Length":162,"Height":1,"Demand":1,"DemandMax":null,"Value":162},{"Length":36,"Height":10,"Demand":1,"DemandMax":null,"Value":360},{"Length":146,"Height":6,"Demand":1,"DemandMax":null,"Value":876},{"Length":13,"Height":37,"Demand":1,"DemandMax":null,"Value":481},{"Length":32,"Height":2,"Demand":1,"DemandMax":null,"Value":64},{"Length":1,"Height":6,"Demand":3,"DemandMax":null,"Value":6},{"Length":24,"Height":2,"Demand":1,"DemandMax":null,"Value":48},{"Length":28,"Height":9,"Demand":1,"DemandMax":null,"Value":252},{"Length":92,"Height":21,"Demand":1,"DemandMax":null,"Value":1932},{"Length":10,"Height":1,"Demand":3,"DemandMax":null,"Value":10},{"Length":33,"Height":10,"Demand":1,"DemandMax":null,"Value":330},{"Length":14,"Height":5,"Demand":1,"DemandMax":null,"Value":70},{"Length":44,"Height":1,"Demand":1,"DemandMax":null,"Value":44},{"Length":18,"Height":12,"Demand":1,"DemandMax":null,"Value":216},{"Length":37,"Height":67,"Demand":1,"DemandMax":null,"Value":2479},{"Length":33,"Height":3,"Demand":2,"DemandMax":null,"Value":99},{"Length":6,"Height":98,"Demand":1,"DemandMax":null,"Value":588},{"Length":2,"Height":178,"Demand":1,"DemandMax":null,"Value":356},{"Length":5,"Height":25,"Demand":1,"DemandMax":null,"Value":125},{"Length":29,"Height":3,"Demand":1,"DemandMax":null,"Value":87},{"Length":1,"Height":25,"Demand":1,"DemandMax":null,"Value":25},{"Length":33,"Height":24,"Demand":1,"DemandMax":null,"Value":792},{"Length":5,"Height":17,"Demand":1,"DemandMax":null,"Value":85},{"Length":149,"Height":1,"Demand":2,"DemandMax":null,"Value":149},{"Length":156,"Height":1,"Demand":1,"DemandMax":null,"Value":156},{"Length":4,"Height":40,"Demand":1,"DemandMax":null,"Value":160},{"Length":27,"Height":2,"Demand":1,"DemandMax":null,"Value":54},{"Length":46,"Height":1,"Demand":1,"DemandMax":null,"Value":46},{"Length":18,"Height":1,"Demand":2,"DemandMax":null,"Value":18},{"Length":16,"Height":90,"Demand":1,"DemandMax":null,"Value":1440},{"Length":8,"Height":1,"Demand":2,"DemandMax":null,"Value":8},{"Length":1,"Height":20,"Demand":1,"DemandMax":null,"Value":20},{"Length":34,"Height":2,"Demand":1,"DemandMax":null,"Value":68},{"Length":11,"Height":4,"Demand":1,"DemandMax":null,"Value":44},{"Length":143,"Height":5,"Demand":1,"DemandMax":null,"Value":715},{"Length":22,"Height":1,"Demand":2,"DemandMax":null,"Value":22},{"Length":33,"Height":43,"Demand":1,"DemandMax":null,"Value":1419},{"Length":322,"Height":30,"Demand":1,"DemandMax":null,"Value":9660},{"Length":120,"Height":210,"Demand":1,"DemandMax":null,"Value":25200},{"Length":19,"Height":36,"Demand":1,"DemandMax":null,"Value":684},{"Length":3,"Height":70,"Demand":1,"DemandMax":null,"Value":210},{"Length":1,"Height":3,"Demand":2,"DemandMax":null,"Value":3},{"Length":6,"Height":5,"Demand":1,"DemandMax":null,"Value":30},{"Length":3,"Height":11,"Demand":1,"DemandMax":null,"Value":33},{"Length":7,"Height":20,"Demand":1,"DemandMax":null,"Value":140},{"Length":36,"Height":32,"Demand":1,"DemandMax":null,"Value":1152},{"Length":8,"Height":2,"Demand":1,"DemandMax":null,"Value":16},{"Length":14,"Height":24,"Demand":1,"DemandMax":null,"Value":336},{"Length":1,"Height":8,"Demand":1,"DemandMax":null,"Value":8},{"Length":4,"Height":1,"Demand":2,"DemandMax":null,"Value":4},{"Length":41,"Height":1,"Demand":1,"DemandMax":null,"Value":41},{"Length":170,"Height":6,"Demand":1,"DemandMax":null,"Value":1020},{"Length":35,"Height":300,"Demand":1,"DemandMax":null,"Value":10500},{"Length":110,"Height":231,"Demand":1,"DemandMax":null,"Value":25410},{"Length":33,"Height":58,"Demand":1,"DemandMax":null,"Value":1914},{"Length":250,"Height":1,"Demand":1,"DemandMax":null,"Value":250},{"Length":9,"Height":202,"Demand":1,"DemandMax":null,"Value":1818},{"Length":6,"Height":45,"Demand":1,"DemandMax":null,"Value":270},{"Length":113,"Height":56,"Demand":1,"DemandMax":null,"Value":6328},{"Length":20,"Height":31,"Demand":1,"DemandMax":null,"Value":620},{"Length":26,"Height":1,"Demand":1,"DemandMax":null,"Value":26},{"Length":33,"Height":1,"Demand":2,"DemandMax":null,"Value":33},{"Length":15,"Height":2,"Demand":1,"DemandMax":null,"Value":30},{"Length":104,"Height":3,"Demand":1,"DemandMax":null,"Value":312},{"Length":1,"Height":16,"Demand":1,"DemandMax":null,"Value":16},{"Length":48,"Height":1,"Demand":1,"DemandMax":null,"Value":48},{"Length":3,"Height":32,"Demand":1,"DemandMax":null,"Value":96},{"Length":25,"Height":13,"Demand":1,"DemandMax":null,"Value":325},{"Length":3,"Height":1,"Demand":4,"DemandMax":null,"Value":3},{"Length":28,"Height":4,"Demand":1,"DemandMax":null,"Value":112},{"Length":233,"Height":2,"Demand":1,"DemandMax":null,"Value":466},{"Length":13,"Height":3,"Demand":1,"DemandMax":null,"Value":39},{"Length":246,"Height":210,"Demand":1,"DemandMax":null,"Value":51660},{"Length":1,"Height":10,"Demand":1,"DemandMax":null,"Value":10},{"Length":48,"Height":108,"Demand":1,"DemandMax":null,"Value":5184},{"Length":12,"Height":2,"Demand":1,"DemandMax":null,"Value":24},{"Length":1,"Height":12,"Demand":1,"DemandMax":null,"Value":12},{"Length":150,"Height":300,"Demand":1,"DemandMax":null,"Value":45000},{"Length":1,"Height":4,"Demand":1,"DemandMax":null,"Value":4},{"Length":4,"Height":5,"Demand":1,"DemandMax":null,"Value":20},{"Length":170,"Height":36,"Demand":1,"DemandMax":null,"Value":6120},{"Length":12,"Height":98,"Demand":1,"DemandMax":null,"Value":1176},{"Length":10,"Height":3,"Demand":1,"DemandMax":null,"Value":30},{"Length":92,"Height":43,"Demand":1,"DemandMax":null,"Value":3956},{"Length":5,"Height":6,"Demand":1,"DemandMax":null,"Value":30},{"Length":119,"Height":205,"Demand":1,"DemandMax":null,"Value":24395},{"Length":233,"Height":12,"Demand":1,"DemandMax":null,"Value":2796},{"Length":3,"Height":2,"Demand":1,"DemandMax":null,"Value":6},{"Length":98,"Height":1,"Demand":1,"DemandMax":null,"Value":98},{"Length":210,"Height":2,"Demand":1,"DemandMax":null,"Value":420},{"Length":4,"Height":7,"Demand":1,"DemandMax":null,"Value":28},{"Length":27,"Height":1,"Demand":1,"DemandMax":null,"Value":27},{"Length":15,"Height":43,"Demand":1,"DemandMax":null,"Value":645},{"Length":9,"Height":3,"Demand":1,"DemandMax":null,"Value":27},{"Length":72,"Height":27,"Demand":1,"DemandMax":null,"Value":1944},{"Length":16,"Height":12,"Demand":1,"DemandMax":null,"Value":192},{"Length":5,"Height":41,"Demand":1,"DemandMax":null,"Value":205},{"Length":34,"Height":11,"Demand":1,"DemandMax":null,"Value":374},{"Length":7,"Height":10,"Demand":1,"DemandMax":null,"Value":70},{"Length":1,"Height":49,"Demand":1,"DemandMax":null,"Value":49},{"Length":3,"Height":44,"Demand":1,"DemandMax":null,"Value":132},{"Length":64,"Height":3,"Demand":1,"DemandMax":null,"Value":192},{"Length":185,"Height":1,"Demand":1,"DemandMax":null,"Value":185},{"Length":322,"Height":51,"Demand":1,"DemandMax":null,"Value":16422},{"Length":180,"Height":1,"Demand":1,"DemandMax":null,"Value":180},{"Length":18,"Height":255,"Demand":1,"DemandMax":null,"Value":4590},{"Length":5,"Height":14,"Demand":1,"DemandMax":null,"Value":70},{"Length":21,"Height":25,"Demand":1,"DemandMax":null,"Value":525},{"Length":233,"Height":5,"Demand":1,"DemandMax":null,"Value":1165},{"Length":210,"Height":33,"Demand":1,"DemandMax":null,"Value":6930},{"Length":1,"Height":76,"Demand":1,"DemandMax":null,"Value":76},{"Length":17,"Height":7,"Demand":1,"DemandMax":null,"Value":119},{"Length":49,"Height":32,"Demand":1,"DemandMax":null,"Value":1568},{"Length":11,"Height":300,"Demand":1,"DemandMax":null,"Value":3300},{"Length":33,"Height":14,"Demand":1,"DemandMax":null,"Value":462},{"Length":322,"Height":4,"Demand":1,"DemandMax":null,"Value":1288},{"Length":24,"Height":1,"Demand":1,"DemandMax":null,"Value":24},{"Length":21,"Height":4,"Demand":1,"DemandMax":null,"Value":84},{"Length":12,"Height":5,"Demand":1,"DemandMax":null,"Value":60},{"Length":21,"Height":13,"Demand":1,"DemandMax":null,"Value":273},{"Length":27,"Height":20,"Demand":1,"DemandMax":null,"Value":540},{"Length":201,"Height":12,"Demand":1,"DemandMax":null,"Value":2412},{"Length":3,"Height":3,"Demand":1,"DemandMax":null,"Value":9},{"Length":300,"Height":1,"Demand":1,"DemandMax":null,"Value":300},{"Length":119,"Height":139,"Demand":1,"DemandMax":null,"Value":16541},{"Length":278,"Height":9,"Demand":1,"DemandMax":null,"Value":2502},{"Length":9,"Height":4,"Demand":1,"DemandMax":null,"Value":36}]}