{"Name":"Nice25i3b2","Objects":[{"Length":430,"Height":464,"Stock":6,"Cost":199520},{"Length":1000,"Height":536,"Stock":3,"Cost":536000},{"Length":570,"Height":464,"Stock":2,"Cost":264480}],"Items":[{"Length":430,"Height":130,"Demand":1,"DemandMax":null,"Value":55900},{"Length":425,"Height":115,"Demand":1,"DemandMax":null,"Value":48875},{"Length":180,"Height":211,"Demand":1,"DemandMax":null,"Value":37980},{"Length":164,"Height":253,"Demand":1,"DemandMax":null,"Value":41492},{"Length":198,"Height":278,"Demand":1,"DemandMax":null,"Value":55044},{"Length":112,"Height":258,"Demand":1,"DemandMax":null,"Value":28896},{"Length":185,"Height":134,"Demand":1,"DemandMax":null,"Value":24790},{"Length":176,"Height":211,"Demand":1,"DemandMax":null,"Value":37136},{"Length":214,"Height":211,"Demand":1,"DemandMax":null,"Value":45154},{"Length":156,"Height":258,"Demand":1,"DemandMax":null,"Value":40248},{"Length":203,"Height":143,"Demand":1,"DemandMax":null,"Value":29029},{"Length":202,"Height":124,"Demand":1,"DemandMax":null,"Value":25048},{"Length":86,"Height":258,"Demand":1,"DemandMax":null,"Value":22188},{"Length":190,"Height":129,"Demand":1,"DemandMax":null,"Value":24510},{"Length":274,"Height":278,"Demand":1,"DemandMax":null,"Value":76172},{"Length":204,"Height":124,"Demand":1,"DemandMax":null,"Value":25296},{"Length":222,"Height":143,"Demand":1,"DemandMax":null,"Value":31746},{"Length":216,"Height":129,"Demand":1,"DemandMax":null,"Value":27864},{"Length":185,"Height":144,"Demand":1,"DemandMax":null,"Value":26640},{"Length":105,"Height":278,"Demand":1,"DemandMax":null,"Value":29190},{"Length":119,"Height":278,"Demand":2,"DemandMax":null,"Value":33082},{"Length":127,"Height":258,"Demand":1,"DemandMax":null,"Value":32766},{"Length":430,"Height":334,"Demand":1,"DemandMax":null,"Value":143620},{"Length":94,"Height":258,"Demand":1,"DemandMax":null,"Value":24252}]}