{"Name":"Nice500i5b3","Objects":[{"Length":1000,"Height":479,"Stock":2,"Cost":479000},{"Length":416,"Height":521,"Stock":4,"Cost":216736},{"Length":284,"Height":244,"Stock":5,"Cost":69296},{"Length":584,"Height":277,"Stock":4,"Cost":161768},{"Length":300,"Height":244,"Stock":5,"Cost":73200}],"Items":[{"Length":61,"Height":16,"Demand":3,"DemandMax":null,"Value":976},{"Length":31,"Height":38,"Demand":1,"DemandMax":null,"Value":1178},{"Length":36,"Height":73,"Demand":1,"DemandMax":null,"Value":2628},{"Length":94,"Height":33,"Demand":1,"DemandMax":null,"Value":3102},{"Length":28,"Height":98,"Demand":1,"DemandMax":null,"Value":2744},{"Length":28,"Height":97,"Demand":1,"DemandMax":null,"Value":2716},{"Length":22,"Height":50,"Demand":1,"DemandMax":null,"Value":1100},{"Length":30,"Height":89,"Demand":1,"DemandMax":null,"Value":2670},{"Length":53,"Height":81,"Demand":1,"DemandMax":null,"Value":4293},{"Length":77,"Height":35,"Demand":1,"DemandMax":null,"Value":2695},{"Length":39,"Height":33,"Demand":1,"DemandMax":null,"Value":1287},{"Length":67,"Height":28,"Demand":1,"DemandMax":null,"Value":1876},{"Length":55,"Height":52,"Demand":2,"DemandMax":null,"Value":2860},{"Length":64,"Height":54,"Demand":1,"DemandMax":null,"Value":3456},{"Length":44,"Height":44,"Demand":1,"DemandMax":null,"Value":1936},{"Length":32,"Height":81,"Demand":2,"DemandMax":null,"Value":2592},{"Length":102,"Height":26,"Demand":3,"DemandMax":null,"Value":2652},{"Length":33,"Height":105,"Demand":1,"DemandMax":null,"Value":3465},{"Length":52,"Height":49,"Demand":1,"DemandMax":null,"Value":2548},{"Length":44,"Height":58,"Demand":3,"DemandMax":null,"Value":2552},{"Length":53,"Height":58,"Demand":1,"DemandMax":null,"Value":3074},{"Length":50,"Height":40,"Demand":2,"DemandMax":null,"Value":2000},{"Length":60,"Height":31,"Demand":3,"DemandMax":null,"Value":1860},{"Length":33,"Height":107,"Demand":1,"DemandMax":null,"Value":3531},{"Length":60,"Height":34,"Demand":2,"DemandMax":null,"Value":2040},{"Length":54,"Height":70,"Demand":1,"DemandMax":null,"Value":3780},{"Length":33,"Height":42,"Demand":1,"DemandMax":null,"Value":1386},{"Length":76,"Height":40,"Demand":1,"DemandMax":null,"Value":3040},{"Length":39,"Height":25,"Demand":1,"DemandMax":null,"Value":975},{"Length":37,"Height":52,"Demand":3,"DemandMax":null,"Value":1924},{"Length":74,"Height":25,"Demand":2,"DemandMax":null,"Value":1850},{"Length":35,"Height":58,"Demand":1,"DemandMax":null,"Value":2030},{"Length":58,"Height":45,"Demand":1,"DemandMax":null,"Value":2610},{"Length":66,"Height":48,"Demand":1,"DemandMax":null,"Value":3168},{"Length":29,"Height":37,"Demand":1,"DemandMax":null,"Value":1073},{"Length":18,"Height":58,"Demand":1,"DemandMax":null,"Value":1044},{"Length":50,"Height":67,"Demand":1,"DemandMax":null,"Value":3350},{"Length":49,"Height":74,"Demand":1,"DemandMax":null,"Value":3626},{"Length":16,"Height":58,"Demand":1,"DemandMax":null,"Value":928},{"Length":33,"Height":29,"Demand":1,"DemandMax":null,"Value":957},{"Length":17,"Height":53,"Demand":2,"DemandMax":null,"Value":901},{"Length":54,"Height":35,"Demand":1,"DemandMax":null,"Value":1890},{"Length":59,"Height":31,"Demand":2,"DemandMax":null,"Value":1829},{"Length":35,"Height":94,"Demand":1,"DemandMax":null,"Value":3290},{"Length":35,"Height":26,"Demand":2,"DemandMax":null,"Value":910},{"Length":33,"Height":86,"Demand":1,"DemandMax":null,"Value":2838},{"Length":60,"Height":20,"Demand":1,"DemandMax":null,"Value":1200},{"Length":60,"Height":33,"Demand":1,"DemandMax":null,"Value":1980},{"Length":57,"Height":32,"Demand":2,"DemandMax":null,"Value":1824},{"Length":63,"Height":48,"Demand":2,"DemandMax":null,"Value":3024},{"Length":33,"Height":31,"Demand":1,"DemandMax":null,"Value":1023},{"Length":28,"Height":67,"Demand":2,"DemandMax":null,"Value":1876},{"Length":52,"Height":58,"Demand":1,"DemandMax":null,"Value":3016},{"Length":45,"Height":28,"Demand":1,"DemandMax":null,"Value":1260},{"Length":28,"Height":105,"Demand":1,"DemandMax":null,"Value":2940},{"Length":38,"Height":52,"Demand":1,"DemandMax":null,"Value":1976},{"Length":30,"Height":31,"Demand":2,"DemandMax":null,"Value":930},{"Length":37,"Height":80,"Demand":1,"DemandMax":null,"Value":2960},{"Length":33,"Height":56,"Demand":1,"DemandMax":null,"Value":1848},{"Length":55,"Height":46,"Demand":4,"DemandMax":null,"Value":2530},{"Length":87,"Height":55,"Demand":1,"DemandMax":null,"Value":4785},{"Length":61,"Height":33,"Demand":3,"DemandMax":null,"Value":2013},{"Length":65,"Height":18,"Demand":1,"DemandMax":null,"Value":1170},{"Length":51,"Height":35,"Demand":1,"DemandMax":null,"Value":1785},{"Length":38,"Height":55,"Demand":1,"DemandMax":null,"Value":2090},{"Length":53,"Height":36,"Demand":1,"DemandMax":null,"Value":1908},{"Length":25,"Height":72,"Demand":2,"DemandMax":null,"Value":1800},{"Length":55,"Height":44,"Demand":1,"DemandMax":null,"Value":2420},{"Length":44,"Height":62,"Demand":1,"DemandMax":null,"Value":2728},{"Length":30,"Height":30,"Demand":2,"DemandMax":null,"Value":900},{"Length":67,"Height":24,"Demand":1,"DemandMax":null,"Value":1608},{"Length":31,"Height":36,"Demand":1,"DemandMax":null,"Value":1116},{"Length":34,"Height":64,"Demand":1,"DemandMax":null,"Value":2176},{"Length":58,"Height":48,"Demand":1,"DemandMax":null,"Value":2784},{"Length":29,"Height":62,"Demand":1,"DemandMax":null,"Value":1798},{"Length":29,"Height":40,"Demand":1,"DemandMax":null,"Value":1160},{"Length":28,"Height":69,"Demand":1,"DemandMax":null,"Value":1932},{"Length":25,"Height":37,"Demand":1,"DemandMax":null,"Value":925},{"Length":17,"Height":63,"Demand":1,"DemandMax":null,"Value":1071},{"Length":73,"Height":39,"Demand":2,"DemandMax":null,"Value":2847},{"Length":31,"Height":32,"Demand":2,"DemandMax":null,"Value":992},{"Length":57,"Height":33,"Demand":1,"DemandMax":null,"Value":1881},{"Length":26,"Height":89,"Demand":1,"DemandMax":null,"Value":2314},{"Length":21,"Height":60,"Demand":1,"DemandMax":null,"Value":1260},{"Length":31,"Height":60,"Demand":1,"DemandMax":null,"Value":1860},{"Length":31,"Height":67,"Demand":1,"DemandMax":null,"Value":2077},{"Length":28,"Height":38,"Demand":1,"DemandMax":null,"Value":1064},{"Length":73,"Height":43,"Demand":1,"DemandMax":null,"Value":3139},{"Length":55,"Height":37,"Demand":1,"DemandMax":null,"Value":2035},{"Length":29,"Height":98,"Demand":1,"DemandMax":null,"Value":2842},{"Length":27,"Height":48,"Demand":1,"DemandMax":null,"Value":1296},{"Length":56,"Height":58,"Demand":1,"DemandMax":null,"Value":3248},{"Length":52,"Height":22,"Demand":1,"DemandMax":null,"Value":1144},{"Length":30,"Height":107,"Demand":1,"DemandMax":null,"Value":3210},{"Length":75,"Height":42,"Demand":1,"DemandMax":null,"Value":3150},{"Length":48,"Height":55,"Demand":1,"DemandMax":null,"Value":2640},{"Length":39,"Height":38,"Demand":1,"DemandMax":null,"Value":1482},{"Length":80,"Height":43,"Demand":1,"DemandMax":null,"Value":3440},{"Length":66,"Height":18,"Demand":1,"DemandMax":null,"Value":1188},{"Length":61,"Height":49,"Demand":1,"DemandMax":null,"Value":2989},{"Length":31,"Height":29,"Demand":1,"DemandMax":null,"Value":899},{"Length":55,"Height":50,"Demand":1,"DemandMax":null,"Value":2750},{"Length":46,"Height":50,"Demand":1,"DemandMax":null,"Value":2300},{"Length":57,"Height":17,"Demand":1,"DemandMax":null,"Value":969},{"Length":39,"Height":77,"Demand":1,"DemandMax":null,"Value":3003},{"Length":84,"Height":31,"Demand":1,"DemandMax":null,"Value":2604},{"Length":80,"Height":24,"Demand":1,"DemandMax":null,"Value":1920},{"Length":36,"Height":55,"Demand":2,"DemandMax":null,"Value":1980},{"Length":21,"Height":48,"Demand":1,"DemandMax":null,"Value":1008},{"Length":30,"Height":34,"Demand":1,"DemandMax":null,"Value":1020},{"Length":31,"Height":104,"Demand":1,"DemandMax":null,"Value":3224},{"Length":55,"Height":64,"Demand":1,"DemandMax":null,"Value":3520},{"Length":26,"Height":101,"Demand":2,"DemandMax":null,"Value":2626},{"Length":29,"Height":72,"Demand":1,"DemandMax":null,"Value":2088},{"Length":31,"Height":95,"Demand":1,"DemandMax":null,"Value":2945},{"Length":39,"Height":52,"Demand":1,"DemandMax":null,"Value":2028},{"Length":61,"Height":34,"Demand":1,"DemandMax":null,"Value":2074},{"Length":69,"Height":41,"Demand":1,"DemandMax":null,"Value":2829},{"Length":30,"Height":98,"Demand":2,"DemandMax":null,"Value":2940},{"Length":55,"Height":56,"Demand":1,"DemandMax":null,"Value":3080},{"Length":91,"Height":32,"Demand":1,"DemandMax":null,"Value":2912},{"Length":106,"Height":29,"Demand":1,"DemandMax":null,"Value":3074},{"Length":32,"Height":34,"Demand":1,"DemandMax":null,"Value":1088},{"Length":31,"Height":58,"Demand":2,"DemandMax":null,"Value":1798},{"Length":22,"Height":52,"Demand":1,"DemandMax":null,"Value":1144},{"Length":132,"Height":34,"Demand":1,"DemandMax":null,"Value":4488},{"Length":42,"Height":29,"Demand":1,"DemandMax":null,"Value":1218},{"Length":74,"Height":30,"Demand":2,"DemandMax":null,"Value":2220},{"Length":36,"Height":52,"Demand":2,"DemandMax":null,"Value":1872},{"Length":40,"Height":48,"Demand":1,"DemandMax":null,"Value":1920},{"Length":40,"Height":24,"Demand":1,"DemandMax":null,"Value":960},{"Length":54,"Height":20,"Demand":2,"DemandMax":null,"Value":1080},{"Length":16,"Height":61,"Demand":3,"DemandMax":null,"Value":976},{"Length":23,"Height":40,"Demand":1,"DemandMax":null,"Value":920},{"Length":62,"Height":55,"Demand":1,"DemandMax":null,"Value":3410},{"Length":65,"Height":40,"Demand":1,"DemandMax":null,"Value":2600},{"Length":45,"Height":75,"Demand":1,"DemandMax":null,"Value":3375},{"Length":22,"Height":86,"Demand":1,"DemandMax":null,"Value":1892},{"Length":62,"Height":76,"Demand":1,"DemandMax":null,"Value":4712},{"Length":16,"Height":63,"Demand":1,"DemandMax":null,"Value":1008},{"Length":37,"Height":34,"Demand":1,"DemandMax":null,"Value":1258},{"Length":32,"Height":37,"Demand":1,"DemandMax":null,"Value":1184},{"Length":70,"Height":33,"Demand":1,"DemandMax":null,"Value":2310},{"Length":31,"Height":97,"Demand":1,"DemandMax":null,"Value":3007},{"Length":62,"Height":47,"Demand":2,"DemandMax":null,"Value":2914},{"Length":29,"Height":38,"Demand":1,"DemandMax":null,"Value":1102},{"Length":73,"Height":36,"Demand":1,"DemandMax":null,"Value":2628},{"Length":71,"Height":49,"Demand":1,"DemandMax":null,"Value":3479},{"Length":34,"Height":82,"Demand":1,"DemandMax":null,"Value":2788},{"Length":47,"Height":28,"Demand":2,"DemandMax":null,"Value":1316},{"Length":57,"Height":52,"Demand":1,"DemandMax":null,"Value":2964},{"Length":32,"Height":89,"Demand":1,"DemandMax":null,"Value":2848},{"Length":23,"Height":58,"Demand":1,"DemandMax":null,"Value":1334},{"Length":36,"Height":90,"Demand":1,"DemandMax":null,"Value":3240},{"Length":28,"Height":35,"Demand":1,"DemandMax":null,"Value":980},{"Length":48,"Height":43,"Demand":1,"DemandMax":null,"Value":2064},{"Length":60,"Height":42,"Demand":1,"DemandMax":null,"Value":2520},{"Length":61,"Height":55,"Demand":1,"DemandMax":null,"Value":3355},{"Length":26,"Height":41,"Demand":1,"DemandMax":null,"Value":1066},{"Length":28,"Height":36,"Demand":3,"DemandMax":null,"Value":1008},{"Length":54,"Height":18,"Demand":1,"DemandMax":null,"Value":972},{"Length":66,"Height":42,"Demand":1,"DemandMax":null,"Value":2772},{"Length":56,"Height":37,"Demand":1,"DemandMax":null,"Value":2072},{"Length":32,"Height":95,"Demand":1,"DemandMax":null,"Value":3040},{"Length":64,"Height":30,"Demand":1,"DemandMax":null,"Value":1920},{"Length":38,"Height":96,"Demand":1,"DemandMax":null,"Value":3648},{"Length":18,"Height":62,"Demand":2,"DemandMax":null,"Value":1116},{"Length":57,"Height":40,"Demand":1,"DemandMax":null,"Value":2280},{"Length":61,"Height":57,"Demand":1,"DemandMax":null,"Value":3477},{"Length":33,"Height":83,"Demand":1,"DemandMax":null,"Value":2739},{"Length":33,"Height":35,"Demand":1,"DemandMax":null,"Value":1155},{"Length":29,"Height":111,"Demand":1,"DemandMax":null,"Value":3219},{"Length":87,"Height":22,"Demand":1,"DemandMax":null,"Value":1914},{"Length":46,"Height":54,"Demand":1,"DemandMax":null,"Value":2484},{"Length":23,"Height":39,"Demand":3,"DemandMax":null,"Value":897},{"Length":74,"Height":19,"Demand":1,"DemandMax":null,"Value":1406},{"Length":52,"Height":57,"Demand":1,"DemandMax":null,"Value":2964},{"Length":45,"Height":61,"Demand":1,"DemandMax":null,"Value":2745},{"Length":59,"Height":51,"Demand":1,"DemandMax":null,"Value":3009},{"Length":65,"Height":29,"Demand":1,"DemandMax":null,"Value":1885},{"Length":29,"Height":106,"Demand":1,"DemandMax":null,"Value":3074},{"Length":47,"Height":53,"Demand":3,"DemandMax":null,"Value":2491},{"Length":35,"Height":51,"Demand":2,"DemandMax":null,"Value":1785},{"Length":20,"Height":66,"Demand":1,"DemandMax":null,"Value":1320},{"Length":28,"Height":106,"Demand":1,"DemandMax":null,"Value":2968},{"Length":63,"Height":19,"Demand":1,"DemandMax":null,"Value":1197},{"Length":34,"Height":62,"Demand":2,"DemandMax":null,"Value":2108},{"Length":47,"Height":54,"Demand":2,"DemandMax":null,"Value":2538},{"Length":58,"Height":27,"Demand":1,"DemandMax":null,"Value":1566},{"Length":28,"Height":34,"Demand":1,"DemandMax":null,"Value":952},{"Length":44,"Height":72,"Demand":1,"DemandMax":null,"Value":3168},{"Length":48,"Height":56,"Demand":1,"DemandMax":null,"Value":2688},{"Length":79,"Height":43,"Demand":1,"DemandMax":null,"Value":3397},{"Length":63,"Height":57,"Demand":1,"DemandMax":null,"Value":3591},{"Length":25,"Height":41,"Demand":1,"DemandMax":null,"Value":1025},{"Length":106,"Height":31,"Demand":1,"DemandMax":null,"Value":3286},{"Length":56,"Height":48,"Demand":1,"DemandMax":null,"Value":2688},{"Length":77,"Height":33,"Demand":1,"DemandMax":null,"Value":2541},{"Length":79,"Height":27,"Demand":1,"DemandMax":null,"Value":2133},{"Length":33,"Height":37,"Demand":1,"DemandMax":null,"Value":1221},{"Length":79,"Height":33,"Demand":1,"DemandMax":null,"Value":2607},{"Length":36,"Height":51,"Demand":2,"DemandMax":null,"Value":1836},{"Length":26,"Height":99,"Demand":1,"DemandMax":null,"Value":2574},{"Length":39,"Height":46,"Demand":1,"DemandMax":null,"Value":1794},{"Length":24,"Height":81,"Demand":1,"DemandMax":null,"Value":1944},{"Length":79,"Height":26,"Demand":2,"DemandMax":null,"Value":2054},{"Length":79,"Height":20,"Demand":2,"DemandMax":null,"Value":1580},{"Length":42,"Height":60,"Demand":1,"DemandMax":null,"Value":2520},{"Length":62,"Height":33,"Demand":1,"DemandMax":null,"Value":2046},{"Length":77,"Height":24,"Demand":2,"DemandMax":null,"Value":1848},{"Length":34,"Height":109,"Demand":1,"DemandMax":null,"Value":3706},{"Length":77,"Height":34,"Demand":1,"DemandMax":null,"Value":2618},{"Length":66,"Height":49,"Demand":1,"DemandMax":null,"Value":3234},{"Length":36,"Height":25,"Demand":2,"DemandMax":null,"Value":900},{"Length":44,"Height":67,"Demand":1,"DemandMax":null,"Value":2948},{"Length":40,"Height":65,"Demand":1,"DemandMax":null,"Value":2600},{"Length":46,"Height":60,"Demand":1,"DemandMax":null,"Value":2760},{"Length":73,"Height":42,"Demand":1,"DemandMax":null,"Value":3066},{"Length":38,"Height":26,"Demand":2,"DemandMax":null,"Value":988},{"Length":36,"Height":32,"Demand":2,"DemandMax":null,"Value":1152},{"Length":37,"Height":90,"Demand":1,"DemandMax":null,"Value":3330},{"Length":34,"Height":67,"Demand":1,"DemandMax":null,"Value":2278},{"Length":60,"Height":48,"Demand":1,"DemandMax":null,"Value":2880},{"Length":52,"Height":50,"Demand":1,"DemandMax":null,"Value":2600},{"Length":66,"Height":45,"Demand":1,"DemandMax":null,"Value":2970},{"Length":39,"Height":30,"Demand":1,"DemandMax":null,"Value":1170},{"Length":28,"Height":37,"Demand":2,"DemandMax":null,"Value":1036},{"Length":32,"Height":36,"Demand":1,"DemandMax":null,"Value":1152},{"Length":52,"Height":53,"Demand":1,"DemandMax":null,"Value":2756},{"Length":19,"Height":54,"Demand":1,"DemandMax":null,"Value":1026},{"Length":26,"Height":42,"Demand":1,"DemandMax":null,"Value":1092},{"Length":45,"Height":65,"Demand":1,"DemandMax":null,"Value":2925},{"Length":39,"Height":49,"Demand":1,"DemandMax":null,"Value":1911},{"Length":40,"Height":69,"Demand":1,"DemandMax":null,"Value":2760},{"Length":38,"Height":47,"Demand":2,"DemandMax":null,"Value":1786},{"Length":48,"Height":38,"Demand":1,"DemandMax":null,"Value":1824},{"Length":81,"Height":27,"Demand":1,"DemandMax":null,"Value":2187},{"Length":24,"Height":80,"Demand":1,"DemandMax":null,"Value":1920},{"Length":26,"Height":100,"Demand":1,"DemandMax":null,"Value":2600},{"Length":79,"Height":44,"Demand":2,"DemandMax":null,"Value":3476},{"Length":40,"Height":53,"Demand":1,"DemandMax":null,"Value":2120},{"Length":57,"Height":35,"Demand":1,"DemandMax":null,"Value":1995},{"Length":46,"Height":68,"Demand":1,"DemandMax":null,"Value":3128},{"Length":41,"Height":58,"Demand":1,"DemandMax":null,"Value":2378},{"Length":48,"Height":50,"Demand":1,"DemandMax":null,"Value":2400},{"Length":25,"Height":36,"Demand":1,"DemandMax":null,"Value":900},{"Length":40,"Height":50,"Demand":1,"DemandMax":null,"Value":2000},{"Length":19,"Height":55,"Demand":1,"DemandMax":null,"Value":1045},{"Length":79,"Height":25,"Demand":1,"DemandMax":null,"Value":1975},{"Length":47,"Height":19,"Demand":1,"DemandMax":null,"Value":893},{"Length":67,"Height":33,"Demand":1,"DemandMax":null,"Value":2211},{"Length":60,"Height":17,"Demand":1,"DemandMax":null,"Value":1020},{"Length":37,"Height":81,"Demand":1,"DemandMax":null,"Value":2997},{"Length":66,"Height":24,"Demand":1,"DemandMax":null,"Value":1584},{"Length":79,"Height":34,"Demand":1,"DemandMax":null,"Value":2686},{"Length":27,"Height":67,"Demand":2,"DemandMax":null,"Value":1809},{"Length":38,"Height":51,"Demand":1,"DemandMax":null,"Value":1938},{"Length":64,"Height":33,"Demand":1,"DemandMax":null,"Value":2112},{"Length":57,"Height":41,"Demand":1,"DemandMax":null,"Value":2337},{"Length":29,"Height":100,"Demand":1,"DemandMax":null,"Value":2900},{"Length":40,"Height":46,"Demand":1,"DemandMax":null,"Value":1840},{"Length":134,"Height":67,"Demand":1,"DemandMax":null,"Value":8978},{"Length":21,"Height":47,"Demand":1,"DemandMax":null,"Value":987},{"Length":37,"Height":49,"Demand":1,"DemandMax":null,"Value":1813},{"Length":64,"Height":32,"Demand":1,"DemandMax":null,"Value":2048},{"Length":62,"Height":46,"Demand":1,"DemandMax":null,"Value":2852},{"Length":37,"Height":62,"Demand":1,"DemandMax":null,"Value":2294},{"Length":62,"Height":16,"Demand":1,"DemandMax":null,"Value":992},{"Length":40,"Height":51,"Demand":1,"DemandMax":null,"Value":2040},{"Length":58,"Height":52,"Demand":1,"DemandMax":null,"Value":3016},{"Length":19,"Height":64,"Demand":2,"DemandMax":null,"Value":1216},{"Length":82,"Height":41,"Demand":1,"DemandMax":null,"Value":3362},{"Length":64,"Height":34,"Demand":1,"DemandMax":null,"Value":2176},{"Length":75,"Height":33,"Demand":1,"DemandMax":null,"Value":2475},{"Length":40,"Height":39,"Demand":1,"DemandMax":null,"Value":1560},{"Length":34,"Height":60,"Demand":1,"DemandMax":null,"Value":2040},{"Length":69,"Height":27,"Demand":1,"DemandMax":null,"Value":1863},{"Length":24,"Height":40,"Demand":1,"DemandMax":null,"Value":960},{"Length":54,"Height":17,"Demand":2,"DemandMax":null,"Value":918},{"Length":34,"Height":71,"Demand":1,"DemandMax":null,"Value":2414},{"Length":37,"Height":69,"Demand":1,"DemandMax":null,"Value":2553},{"Length":26,"Height":85,"Demand":1,"DemandMax":null,"Value":2210},{"Length":35,"Height":27,"Demand":2,"DemandMax":null,"Value":945},{"Length":36,"Height":61,"Demand":1,"DemandMax":null,"Value":2196},{"Length":45,"Height":43,"Demand":1,"DemandMax":null,"Value":1935},{"Length":42,"Height":62,"Demand":1,"DemandMax":null,"Value":2604},{"Length":42,"Height":52,"Demand":1,"DemandMax":null,"Value":2184},{"Length":29,"Height":32,"Demand":1,"DemandMax":null,"Value":928},{"Length":38,"Height":65,"Demand":1,"DemandMax":null,"Value":2470},{"Length":53,"Height":20,"Demand":1,"DemandMax":null,"Value":1060},{"Length":26,"Height":80,"Demand":1,"DemandMax":null,"Value":2080},{"Length":44,"Height":29,"Demand":2,"DemandMax":null,"Value":1276},{"Length":31,"Height":37,"Demand":3,"DemandMax":null,"Value":1147},{"Length":18,"Height":55,"Demand":2,"DemandMax":null,"Value":990},{"Length":62,"Height":43,"Demand":1,"DemandMax":null,"Value":2666},{"Length":35,"Height":82,"Demand":1,"DemandMax":null,"Value":2870},{"Length":18,"Height":52,"Demand":1,"DemandMax":null,"Value":936},{"Length":69,"Height":40,"Demand":1,"DemandMax":null,"Value":2760},{"Length":74,"Height":26,"Demand":1,"DemandMax":null,"Value":1924},{"Length":34,"Height":29,"Demand":1,"DemandMax":null,"Value":986},{"Length":18,"Height":65,"Demand":1,"DemandMax":null,"Value":1170},{"Length":38,"Height":33,"Demand":1,"DemandMax":null,"Value":1254},{"Length":28,"Height":40,"Demand":1,"DemandMax":null,"Value":1120},{"Length":52,"Height":40,"Demand":1,"DemandMax":null,"Value":2080},{"Length":77,"Height":40,"Demand":1,"DemandMax":null,"Value":3080},{"Length":45,"Height":66,"Demand":1,"DemandMax":null,"Value":2970},{"Length":71,"Height":32,"Demand":1,"DemandMax":null,"Value":2272},{"Length":43,"Height":52,"Demand":1,"DemandMax":null,"Value":2236},{"Length":55,"Height":45,"Demand":1,"DemandMax":null,"Value":2475},{"Length":95,"Height":44,"Demand":1,"DemandMax":null,"Value":4180},{"Length":18,"Height":61,"Demand":1,"DemandMax":null,"Value":1098},{"Length":74,"Height":34,"Demand":1,"DemandMax":null,"Value":2516},{"Length":26,"Height":40,"Demand":1,"DemandMax":null,"Value":1040},{"Length":42,"Height":67,"Demand":1,"DemandMax":null,"Value":2814},{"Length":51,"Height":49,"Demand":1,"DemandMax":null,"Value":2499},{"Length":41,"Height":50,"Demand":1,"DemandMax":null,"Value":2050},{"Length":32,"Height":62,"Demand":1,"DemandMax":null,"Value":1984},{"Length":40,"Height":26,"Demand":1,"DemandMax":null,"Value":1040},{"Length":80,"Height":44,"Demand":1,"DemandMax":null,"Value":3520},{"Length":92,"Height":23,"Demand":1,"DemandMax":null,"Value":2116},{"Length":78,"Height":23,"Demand":1,"DemandMax":null,"Value":1794},{"Length":92,"Height":29,"Demand":1,"DemandMax":null,"Value":2668},{"Length":37,"Height":25,"Demand":1,"DemandMax":null,"Value":925},{"Length":33,"Height":67,"Demand":1,"DemandMax":null,"Value":2211},{"Length":32,"Height":30,"Demand":1,"DemandMax":null,"Value":960},{"Length":70,"Height":35,"Demand":1,"DemandMax":null,"Value":2450},{"Length":37,"Height":50,"Demand":1,"DemandMax":null,"Value":1850},{"Length":33,"Height":66,"Demand":1,"DemandMax":null,"Value":2178},{"Length":70,"Height":36,"Demand":1,"DemandMax":null,"Value":2520},{"Length":36,"Height":63,"Demand":1,"DemandMax":null,"Value":2268},{"Length":30,"Height":86,"Demand":1,"DemandMax":null,"Value":2580},{"Length":40,"Height":156,"Demand":1,"DemandMax":null,"Value":6240},{"Length":66,"Height":22,"Demand":1,"DemandMax":null,"Value":1452},{"Length":77,"Height":67,"Demand":1,"DemandMax":null,"Value":5159},{"Length":29,"Height":58,"Demand":2,"DemandMax":null,"Value":1682},{"Length":40,"Height":103,"Demand":1,"DemandMax":null,"Value":4120},{"Length":25,"Height":39,"Demand":1,"DemandMax":null,"Value":975},{"Length":66,"Height":25,"Demand":1,"DemandMax":null,"Value":1650},{"Length":67,"Height":17,"Demand":1,"DemandMax":null,"Value":1139},{"Length":53,"Height":33,"Demand":1,"DemandMax":null,"Value":1749},{"Length":19,"Height":51,"Demand":1,"DemandMax":null,"Value":969},{"Length":30,"Height":53,"Demand":1,"DemandMax":null,"Value":1590},{"Length":33,"Height":46,"Demand":1,"DemandMax":null,"Value":1518},{"Length":54,"Height":19,"Demand":1,"DemandMax":null,"Value":1026},{"Length":33,"Height":52,"Demand":1,"DemandMax":null,"Value":1716},{"Length":24,"Height":39,"Demand":1,"DemandMax":null,"Value":936},{"Length":41,"Height":25,"Demand":1,"DemandMax":null,"Value":1025},{"Length":33,"Height":50,"Demand":1,"DemandMax":null,"Value":1650},{"Length":22,"Height":65,"Demand":1,"DemandMax":null,"Value":1430},{"Length":20,"Height":55,"Demand":1,"DemandMax":null,"Value":1100},{"Length":60,"Height":19,"Demand":1,"DemandMax":null,"Value":1140},{"Length":38,"Height":29,"Demand":1,"DemandMax":null,"Value":1102},{"Length":42,"Height":27,"Demand":1,"DemandMax":null,"Value":1134},{"Length":54,"Height":46,"Demand":1,"DemandMax":null,"Value":2484},{"Length":44,"Height":21,"Demand":1,"DemandMax":null,"Value":924},{"Length":33,"Height":48,"Demand":1,"DemandMax":null,"Value":1584},{"Length":28,"Height":63,"Demand":1,"DemandMax":null,"Value":1764},{"Length":47,"Height":39,"Demand":1,"DemandMax":null,"Value":1833},{"Length":27,"Height":37,"Demand":1,"DemandMax":null,"Value":999},{"Length":16,"Height":56,"Demand":1,"DemandMax":null,"Value":896},{"Length":37,"Height":75,"Demand":1,"DemandMax":null,"Value":2775},{"Length":36,"Height":38,"Demand":1,"DemandMax":null,"Value":1368},{"Length":17,"Height":61,"Demand":1,"DemandMax":null,"Value":1037},{"Length":26,"Height":59,"Demand":1,"DemandMax":null,"Value":1534},{"Length":37,"Height":68,"Demand":1,"DemandMax":null,"Value":2516},{"Length":54,"Height":36,"Demand":1,"DemandMax":null,"Value":1944},{"Length":55,"Height":41,"Demand":1,"DemandMax":null,"Value":2255},{"Length":31,"Height":48,"Demand":1,"DemandMax":null,"Value":1488},{"Length":30,"Height":58,"Demand":1,"DemandMax":null,"Value":1740},{"Length":56,"Height":34,"Demand":1,"DemandMax":null,"Value":1904},{"Length":36,"Height":50,"Demand":1,"DemandMax":null,"Value":1800},{"Length":35,"Height":53,"Demand":1,"DemandMax":null,"Value":1855},{"Length":26,"Height":58,"Demand":1,"DemandMax":null,"Value":1508},{"Length":40,"Height":38,"Demand":1,"DemandMax":null,"Value":1520},{"Length":46,"Height":32,"Demand":1,"DemandMax":null,"Value":1472},{"Length":36,"Height":33,"Demand":1,"DemandMax":null,"Value":1188},{"Length":38,"Height":25,"Demand":1,"DemandMax":null,"Value":950},{"Length":74,"Height":22,"Demand":1,"DemandMax":null,"Value":1628},{"Length":47,"Height":20,"Demand":1,"DemandMax":null,"Value":940},{"Length":21,"Height":52,"Demand":1,"DemandMax":null,"Value":1092},{"Length":58,"Height":28,"Demand":1,"DemandMax":null,"Value":1624},{"Length":67,"Height":22,"Demand":1,"DemandMax":null,"Value":1474},{"Length":40,"Height":60,"Demand":1,"DemandMax":null,"Value":2400},{"Length":32,"Height":39,"Demand":1,"DemandMax":null,"Value":1248},{"Length":39,"Height":39,"Demand":1,"DemandMax":null,"Value":1521},{"Length":28,"Height":57,"Demand":1,"DemandMax":null,"Value":1596},{"Length":44,"Height":26,"Demand":2,"DemandMax":null,"Value":1144},{"Length":49,"Height":37,"Demand":1,"DemandMax":null,"Value":1813},{"Length":31,"Height":39,"Demand":1,"DemandMax":null,"Value":1209},{"Length":63,"Height":22,"Demand":1,"DemandMax":null,"Value":1386},{"Length":57,"Height":29,"Demand":1,"DemandMax":null,"Value":1653},{"Length":42,"Height":33,"Demand":1,"DemandMax":null,"Value":1386},{"Length":27,"Height":58,"Demand":1,"DemandMax":null,"Value":1566},{"Length":36,"Height":58,"Demand":1,"DemandMax":null,"Value":2088},{"Length":26,"Height":37,"Demand":1,"DemandMax":null,"Value":962},{"Length":54,"Height":23,"Demand":1,"DemandMax":null,"Value":1242},{"Length":29,"Height":36,"Demand":1,"DemandMax":null,"Value":1044},{"Length":38,"Height":42,"Demand":1,"DemandMax":null,"Value":1596},{"Length":28,"Height":54,"Demand":1,"DemandMax":null,"Value":1512},{"Length":62,"Height":17,"Demand":1,"DemandMax":null,"Value":1054},{"Length":28,"Height":56,"Demand":1,"DemandMax":null,"Value":1568},{"Length":20,"Height":61,"Demand":1,"DemandMax":null,"Value":1220},{"Length":23,"Height":51,"Demand":1,"DemandMax":null,"Value":1173},{"Length":32,"Height":60,"Demand":1,"DemandMax":null,"Value":1920},{"Length":40,"Height":31,"Demand":1,"DemandMax":null,"Value":1240},{"Length":79,"Height":36,"Demand":1,"DemandMax":null,"Value":2844},{"Length":45,"Height":36,"Demand":1,"DemandMax":null,"Value":1620},{"Length":26,"Height":66,"Demand":1,"DemandMax":null,"Value":1716},{"Length":24,"Height":63,"Demand":1,"DemandMax":null,"Value":1512},{"Length":40,"Height":25,"Demand":1,"DemandMax":null,"Value":1000},{"Length":45,"Height":32,"Demand":1,"DemandMax":null,"Value":1440},{"Length":23,"Height":45,"Demand":1,"DemandMax":null,"Value":1035},{"Length":32,"Height":52,"Demand":1,"DemandMax":null,"Value":1664},{"Length":52,"Height":27,"Demand":1,"DemandMax":null,"Value":1404},{"Length":54,"Height":43,"Demand":1,"DemandMax":null,"Value":2322},{"Length":39,"Height":42,"Demand":1,"DemandMax":null,"Value":1638},{"Length":30,"Height":64,"Demand":1,"DemandMax":null,"Value":1920},{"Length":35,"Height":40,"Demand":1,"DemandMax":null,"Value":1400},{"Length":29,"Height":54,"Demand":1,"DemandMax":null,"Value":1566},{"Length":32,"Height":45,"Demand":1,"DemandMax":null,"Value":1440},{"Length":26,"Height":57,"Demand":1,"DemandMax":null,"Value":1482},{"Length":38,"Height":72,"Demand":1,"DemandMax":null,"Value":2736},{"Length":42,"Height":30,"Demand":1,"DemandMax":null,"Value":1260},{"Length":34,"Height":44,"Demand":1,"DemandMax":null,"Value":1496},{"Length":65,"Height":31,"Demand":1,"DemandMax":null,"Value":2015},{"Length":29,"Height":35,"Demand":1,"DemandMax":null,"Value":1015},{"Length":17,"Height":56,"Demand":1,"DemandMax":null,"Value":952},{"Length":20,"Height":58,"Demand":1,"DemandMax":null,"Value":1160}]}