{"Name":"Path300i3b1","Objects":[{"Length":397,"Height":574,"Stock":2,"Cost":227878},{"Length":1000,"Height":426,"Stock":6,"Cost":426000},{"Length":603,"Height":574,"Stock":2,"Cost":346122}],"Items":[{"Length":152,"Height":7,"Demand":1,"DemandMax":null,"Value":1064},{"Length":392,"Height":175,"Demand":1,"DemandMax":null,"Value":68600},{"Length":367,"Height":73,"Demand":1,"DemandMax":null,"Value":26791},{"Length":40,"Height":2,"Demand":1,"DemandMax":null,"Value":80},{"Length":61,"Height":106,"Demand":1,"DemandMax":null,"Value":6466},{"Length":172,"Height":83,"Demand":1,"DemandMax":null,"Value":14276},{"Length":223,"Height":61,"Demand":1,"DemandMax":null,"Value":13603},{"Length":104,"Height":2,"Demand":1,"DemandMax":null,"Value":208},{"Length":8,"Height":1,"Demand":2,"DemandMax":null,"Value":8},{"Length":9,"Height":57,"Demand":1,"DemandMax":null,"Value":513},{"Length":118,"Height":3,"Demand":1,"DemandMax":null,"Value":354},{"Length":1,"Height":4,"Demand":5,"DemandMax":null,"Value":4},{"Length":2,"Height":6,"Demand":2,"DemandMax":null,"Value":12},{"Length":42,"Height":333,"Demand":1,"DemandMax":null,"Value":13986},{"Length":23,"Height":77,"Demand":1,"DemandMax":null,"Value":1771},{"Length":22,"Height":11,"Demand":1,"DemandMax":null,"Value":242},{"Length":2,"Height":42,"Demand":2,"DemandMax":null,"Value":84},{"Length":104,"Height":129,"Demand":1,"DemandMax":null,"Value":13416},{"Length":213,"Height":1,"Demand":2,"DemandMax":null,"Value":213},{"Length":1,"Height":7,"Demand":3,"DemandMax":null,"Value":7},{"Length":8,"Height":11,"Demand":1,"DemandMax":null,"Value":88},{"Length":1,"Height":26,"Demand":2,"DemandMax":null,"Value":26},{"Length":21,"Height":85,"Demand":1,"DemandMax":null,"Value":1785},{"Length":21,"Height":14,"Demand":1,"DemandMax":null,"Value":294},{"Length":123,"Height":28,"Demand":1,"DemandMax":null,"Value":3444},{"Length":32,"Height":2,"Demand":1,"DemandMax":null,"Value":64},{"Length":1,"Height":33,"Demand":1,"DemandMax":null,"Value":33},{"Length":255,"Height":1,"Demand":1,"DemandMax":null,"Value":255},{"Length":1,"Height":12,"Demand":2,"DemandMax":null,"Value":12},{"Length":51,"Height":25,"Demand":1,"DemandMax":null,"Value":1275},{"Length":3,"Height":13,"Demand":1,"DemandMax":null,"Value":39},{"Length":95,"Height":232,"Demand":1,"DemandMax":null,"Value":22040},{"Length":18,"Height":9,"Demand":1,"DemandMax":null,"Value":162},{"Length":68,"Height":2,"Demand":1,"DemandMax":null,"Value":136},{"Length":367,"Height":20,"Demand":1,"DemandMax":null,"Value":7340},{"Length":29,"Height":129,"Demand":1,"DemandMax":null,"Value":3741},{"Length":156,"Height":22,"Demand":1,"DemandMax":null,"Value":3432},{"Length":4,"Height":145,"Demand":1,"DemandMax":null,"Value":580},{"Length":1,"Height":8,"Demand":3,"DemandMax":null,"Value":8},{"Length":39,"Height":1,"Demand":1,"DemandMax":null,"Value":39},{"Length":99,"Height":3,"Demand":1,"DemandMax":null,"Value":297},{"Length":11,"Height":3,"Demand":1,"DemandMax":null,"Value":33},{"Length":123,"Height":31,"Demand":1,"DemandMax":null,"Value":3813},{"Length":123,"Height":17,"Demand":1,"DemandMax":null,"Value":2091},{"Length":94,"Height":234,"Demand":1,"DemandMax":null,"Value":21996},{"Length":3,"Height":24,"Demand":1,"DemandMax":null,"Value":72},{"Length":3,"Height":53,"Demand":1,"DemandMax":null,"Value":159},{"Length":6,"Height":26,"Demand":1,"DemandMax":null,"Value":156},{"Length":3,"Height":35,"Demand":1,"DemandMax":null,"Value":105},{"Length":2,"Height":69,"Demand":1,"DemandMax":null,"Value":138},{"Length":2,"Height":5,"Demand":2,"DemandMax":null,"Value":10},{"Length":296,"Height":15,"Demand":1,"DemandMax":null,"Value":4440},{"Length":1,"Height":145,"Demand":1,"DemandMax":null,"Value":145},{"Length":255,"Height":145,"Demand":1,"DemandMax":null,"Value":36975},{"Length":56,"Height":3,"Demand":1,"DemandMax":null,"Value":168},{"Length":47,"Height":91,"Demand":1,"DemandMax":null,"Value":4277},{"Length":3,"Height":8,"Demand":1,"DemandMax":null,"Value":24},{"Length":2,"Height":57,"Demand":1,"DemandMax":null,"Value":114},{"Length":12,"Height":95,"Demand":1,"DemandMax":null,"Value":1140},{"Length":5,"Height":24,"Demand":1,"DemandMax":null,"Value":120},{"Length":22,"Height":9,"Demand":2,"DemandMax":null,"Value":198},{"Length":1,"Height":1,"Demand":12,"DemandMax":null,"Value":1},{"Length":20,"Height":20,"Demand":1,"DemandMax":null,"Value":400},{"Length":109,"Height":4,"Demand":1,"DemandMax":null,"Value":436},{"Length":160,"Height":212,"Demand":1,"DemandMax":null,"Value":33920},{"Length":15,"Height":1,"Demand":2,"DemandMax":null,"Value":15},{"Length":20,"Height":60,"Demand":1,"DemandMax":null,"Value":1200},{"Length":173,"Height":43,"Demand":1,"DemandMax":null,"Value":7439},{"Length":19,"Height":194,"Demand":1,"DemandMax":null,"Value":3686},{"Length":20,"Height":4,"Demand":2,"DemandMax":null,"Value":80},{"Length":20,"Height":6,"Demand":1,"DemandMax":null,"Value":120},{"Length":22,"Height":129,"Demand":1,"DemandMax":null,"Value":2838},{"Length":4,"Height":6,"Demand":2,"DemandMax":null,"Value":24},{"Length":52,"Height":105,"Demand":1,"DemandMax":null,"Value":5460},{"Length":213,"Height":75,"Demand":1,"DemandMax":null,"Value":15975},{"Length":11,"Height":31,"Demand":1,"DemandMax":null,"Value":341},{"Length":130,"Height":7,"Demand":1,"DemandMax":null,"Value":910},{"Length":20,"Height":22,"Demand":1,"DemandMax":null,"Value":440},{"Length":9,"Height":2,"Demand":1,"DemandMax":null,"Value":18},{"Length":296,"Height":68,"Demand":1,"DemandMax":null,"Value":20128},{"Length":367,"Height":3,"Demand":2,"DemandMax":null,"Value":1101},{"Length":41,"Height":129,"Demand":1,"DemandMax":null,"Value":5289},{"Length":156,"Height":84,"Demand":1,"DemandMax":null,"Value":13104},{"Length":73,"Height":292,"Demand":1,"DemandMax":null,"Value":21316},{"Length":4,"Height":60,"Demand":1,"DemandMax":null,"Value":240},{"Length":45,"Height":129,"Demand":1,"DemandMax":null,"Value":5805},{"Length":174,"Height":11,"Demand":1,"DemandMax":null,"Value":1914},{"Length":3,"Height":95,"Demand":1,"DemandMax":null,"Value":285},{"Length":32,"Height":13,"Demand":1,"DemandMax":null,"Value":416},{"Length":160,"Height":5,"Demand":1,"DemandMax":null,"Value":800},{"Length":6,"Height":2,"Demand":1,"DemandMax":null,"Value":12},{"Length":213,"Height":42,"Demand":1,"DemandMax":null,"Value":8946},{"Length":174,"Height":1,"Demand":1,"DemandMax":null,"Value":174},{"Length":1,"Height":5,"Demand":7,"DemandMax":null,"Value":5},{"Length":29,"Height":95,"Demand":1,"DemandMax":null,"Value":2755},{"Length":156,"Height":15,"Demand":1,"DemandMax":null,"Value":2340},{"Length":1,"Height":40,"Demand":2,"DemandMax":null,"Value":40},{"Length":21,"Height":53,"Demand":1,"DemandMax":null,"Value":1113},{"Length":139,"Height":77,"Demand":1,"DemandMax":null,"Value":10703},{"Length":3,"Height":1,"Demand":3,"DemandMax":null,"Value":3},{"Length":296,"Height":64,"Demand":1,"DemandMax":null,"Value":18944},{"Length":173,"Height":17,"Demand":1,"DemandMax":null,"Value":2941},{"Length":256,"Height":21,"Demand":1,"DemandMax":null,"Value":5376},{"Length":22,"Height":40,"Demand":1,"DemandMax":null,"Value":880},{"Length":1,"Height":19,"Demand":1,"DemandMax":null,"Value":19},{"Length":21,"Height":134,"Demand":1,"DemandMax":null,"Value":2814},{"Length":183,"Height":4,"Demand":1,"DemandMax":null,"Value":732},{"Length":1,"Height":21,"Demand":4,"DemandMax":null,"Value":21},{"Length":57,"Height":335,"Demand":1,"DemandMax":null,"Value":19095},{"Length":293,"Height":92,"Demand":1,"DemandMax":null,"Value":26956},{"Length":73,"Height":210,"Demand":1,"DemandMax":null,"Value":15330},{"Length":22,"Height":2,"Demand":2,"DemandMax":null,"Value":44},{"Length":22,"Height":98,"Demand":1,"DemandMax":null,"Value":2156},{"Length":214,"Height":26,"Demand":1,"DemandMax":null,"Value":5564},{"Length":10,"Height":106,"Demand":1,"DemandMax":null,"Value":1060},{"Length":7,"Height":2,"Demand":2,"DemandMax":null,"Value":14},{"Length":99,"Height":9,"Demand":1,"DemandMax":null,"Value":891},{"Length":5,"Height":2,"Demand":1,"DemandMax":null,"Value":10},{"Length":51,"Height":106,"Demand":1,"DemandMax":null,"Value":5406},{"Length":49,"Height":11,"Demand":2,"DemandMax":null,"Value":539},{"Length":3,"Height":333,"Demand":1,"DemandMax":null,"Value":999},{"Length":91,"Height":2,"Demand":1,"DemandMax":null,"Value":182},{"Length":3,"Height":20,"Demand":1,"DemandMax":null,"Value":60},{"Length":2,"Height":3,"Demand":2,"DemandMax":null,"Value":6},{"Length":3,"Height":3,"Demand":1,"DemandMax":null,"Value":9},{"Length":2,"Height":33,"Demand":1,"DemandMax":null,"Value":66},{"Length":4,"Height":3,"Demand":1,"DemandMax":null,"Value":12},{"Length":22,"Height":27,"Demand":1,"DemandMax":null,"Value":594},{"Length":2,"Height":34,"Demand":1,"DemandMax":null,"Value":68},{"Length":10,"Height":26,"Demand":1,"DemandMax":null,"Value":260},{"Length":52,"Height":2,"Demand":1,"DemandMax":null,"Value":104},{"Length":152,"Height":35,"Demand":1,"DemandMax":null,"Value":5320},{"Length":1,"Height":62,"Demand":1,"DemandMax":null,"Value":62},{"Length":223,"Height":8,"Demand":1,"DemandMax":null,"Value":1784},{"Length":213,"Height":8,"Demand":1,"DemandMax":null,"Value":1704},{"Length":109,"Height":3,"Demand":1,"DemandMax":null,"Value":327},{"Length":213,"Height":41,"Demand":1,"DemandMax":null,"Value":8733},{"Length":171,"Height":91,"Demand":1,"DemandMax":null,"Value":15561},{"Length":50,"Height":15,"Demand":1,"DemandMax":null,"Value":750},{"Length":1,"Height":2,"Demand":6,"DemandMax":null,"Value":2},{"Length":19,"Height":26,"Demand":1,"DemandMax":null,"Value":494},{"Length":118,"Height":2,"Demand":2,"DemandMax":null,"Value":236},{"Length":296,"Height":21,"Demand":1,"DemandMax":null,"Value":6216},{"Length":86,"Height":1,"Demand":1,"DemandMax":null,"Value":86},{"Length":213,"Height":3,"Demand":1,"DemandMax":null,"Value":639},{"Length":24,"Height":62,"Demand":1,"DemandMax":null,"Value":1488},{"Length":69,"Height":292,"Demand":1,"DemandMax":null,"Value":20148},{"Length":11,"Height":20,"Demand":1,"DemandMax":null,"Value":220},{"Length":22,"Height":54,"Demand":1,"DemandMax":null,"Value":1188},{"Length":296,"Height":1,"Demand":1,"DemandMax":null,"Value":296},{"Length":22,"Height":4,"Demand":1,"DemandMax":null,"Value":88},{"Length":32,"Height":84,"Demand":1,"DemandMax":null,"Value":2688},{"Length":367,"Height":18,"Demand":1,"DemandMax":null,"Value":6606},{"Length":115,"Height":1,"Demand":1,"DemandMax":null,"Value":115},{"Length":33,"Height":106,"Demand":1,"DemandMax":null,"Value":3498},{"Length":37,"Height":33,"Demand":1,"DemandMax":null,"Value":1221},{"Length":101,"Height":25,"Demand":1,"DemandMax":null,"Value":2525},{"Length":8,"Height":12,"Demand":1,"DemandMax":null,"Value":96},{"Length":223,"Height":4,"Demand":1,"DemandMax":null,"Value":892},{"Length":5,"Height":6,"Demand":1,"DemandMax":null,"Value":30},{"Length":181,"Height":16,"Demand":1,"DemandMax":null,"Value":2896},{"Length":2,"Height":1,"Demand":1,"DemandMax":null,"Value":2},{"Length":20,"Height":71,"Demand":1,"DemandMax":null,"Value":1420},{"Length":160,"Height":1,"Demand":2,"DemandMax":null,"Value":160},{"Length":6,"Height":14,"Demand":1,"DemandMax":null,"Value":84},{"Length":174,"Height":3,"Demand":1,"DemandMax":null,"Value":522},{"Length":196,"Height":84,"Demand":1,"DemandMax":null,"Value":16464},{"Length":10,"Height":42,"Demand":1,"DemandMax":null,"Value":420},{"Length":110,"Height":6,"Demand":1,"DemandMax":null,"Value":660},{"Length":10,"Height":91,"Demand":1,"DemandMax":null,"Value":910},{"Length":1,"Height":215,"Demand":1,"DemandMax":null,"Value":215},{"Length":135,"Height":1,"Demand":1,"DemandMax":null,"Value":135},{"Length":10,"Height":35,"Demand":1,"DemandMax":null,"Value":350},{"Length":57,"Height":95,"Demand":1,"DemandMax":null,"Value":5415},{"Length":256,"Height":8,"Demand":1,"DemandMax":null,"Value":2048},{"Length":12,"Height":11,"Demand":1,"DemandMax":null,"Value":132},{"Length":213,"Height":10,"Demand":1,"DemandMax":null,"Value":2130},{"Length":296,"Height":5,"Demand":1,"DemandMax":null,"Value":1480},{"Length":95,"Height":2,"Demand":1,"DemandMax":null,"Value":190},{"Length":156,"Height":3,"Demand":1,"DemandMax":null,"Value":468},{"Length":69,"Height":3,"Demand":1,"DemandMax":null,"Value":207},{"Length":392,"Height":251,"Demand":1,"DemandMax":null,"Value":98392},{"Length":123,"Height":43,"Demand":1,"DemandMax":null,"Value":5289},{"Length":19,"Height":105,"Demand":1,"DemandMax":null,"Value":1995},{"Length":2,"Height":116,"Demand":1,"DemandMax":null,"Value":232},{"Length":1,"Height":11,"Demand":1,"DemandMax":null,"Value":11},{"Length":28,"Height":155,"Demand":1,"DemandMax":null,"Value":4340},{"Length":144,"Height":159,"Demand":1,"DemandMax":null,"Value":22896},{"Length":99,"Height":5,"Demand":1,"DemandMax":null,"Value":495},{"Length":6,"Height":7,"Demand":1,"DemandMax":null,"Value":42},{"Length":53,"Height":28,"Demand":1,"DemandMax":null,"Value":1484},{"Length":4,"Height":155,"Demand":1,"DemandMax":null,"Value":620},{"Length":160,"Height":66,"Demand":1,"DemandMax":null,"Value":10560},{"Length":17,"Height":1,"Demand":1,"DemandMax":null,"Value":17},{"Length":19,"Height":2,"Demand":1,"DemandMax":null,"Value":38},{"Length":75,"Height":141,"Demand":1,"DemandMax":null,"Value":10575},{"Length":6,"Height":11,"Demand":1,"DemandMax":null,"Value":66},{"Length":1,"Height":15,"Demand":1,"DemandMax":null,"Value":15},{"Length":98,"Height":1,"Demand":1,"DemandMax":null,"Value":98},{"Length":272,"Height":232,"Demand":1,"DemandMax":null,"Value":63104},{"Length":16,"Height":3,"Demand":1,"DemandMax":null,"Value":48},{"Length":133,"Height":234,"Demand":1,"DemandMax":null,"Value":31122},{"Length":20,"Height":66,"Demand":1,"DemandMax":null,"Value":1320},{"Length":224,"Height":26,"Demand":1,"DemandMax":null,"Value":5824},{"Length":61,"Height":1,"Demand":1,"DemandMax":null,"Value":61},{"Length":20,"Height":2,"Demand":1,"DemandMax":null,"Value":40},{"Length":223,"Height":1,"Demand":2,"DemandMax":null,"Value":223},{"Length":1,"Height":58,"Demand":1,"DemandMax":null,"Value":58},{"Length":139,"Height":7,"Demand":1,"DemandMax":null,"Value":973},{"Length":121,"Height":14,"Demand":1,"DemandMax":null,"Value":1694},{"Length":15,"Height":11,"Demand":1,"DemandMax":null,"Value":165},{"Length":1,"Height":84,"Demand":1,"DemandMax":null,"Value":84},{"Length":1,"Height":22,"Demand":1,"DemandMax":null,"Value":22},{"Length":68,"Height":170,"Demand":1,"DemandMax":null,"Value":11560},{"Length":173,"Height":9,"Demand":1,"DemandMax":null,"Value":1557},{"Length":104,"Height":4,"Demand":1,"DemandMax":null,"Value":416},{"Length":52,"Height":3,"Demand":1,"DemandMax":null,"Value":156},{"Length":33,"Height":4,"Demand":1,"DemandMax":null,"Value":132},{"Length":68,"Height":120,"Demand":1,"DemandMax":null,"Value":8160},{"Length":1,"Height":29,"Demand":1,"DemandMax":null,"Value":29},{"Length":16,"Height":1,"Demand":2,"DemandMax":null,"Value":16},{"Length":1,"Height":77,"Demand":1,"DemandMax":null,"Value":77},{"Length":3,"Height":21,"Demand":1,"DemandMax":null,"Value":63},{"Length":1,"Height":35,"Demand":1,"DemandMax":null,"Value":35},{"Length":148,"Height":141,"Demand":1,"DemandMax":null,"Value":20868},{"Length":6,"Height":13,"Demand":1,"DemandMax":null,"Value":78},{"Length":16,"Height":62,"Demand":1,"DemandMax":null,"Value":992},{"Length":5,"Height":13,"Demand":1,"DemandMax":null,"Value":65},{"Length":19,"Height":8,"Demand":1,"DemandMax":null,"Value":152},{"Length":3,"Height":11,"Demand":1,"DemandMax":null,"Value":33},{"Length":20,"Height":46,"Demand":1,"DemandMax":null,"Value":920},{"Length":186,"Height":16,"Demand":1,"DemandMax":null,"Value":2976},{"Length":1,"Height":56,"Demand":1,"DemandMax":null,"Value":56},{"Length":1,"Height":3,"Demand":1,"DemandMax":null,"Value":3},{"Length":1,"Height":9,"Demand":1,"DemandMax":null,"Value":9},{"Length":130,"Height":21,"Demand":1,"DemandMax":null,"Value":2730},{"Length":15,"Height":7,"Demand":1,"DemandMax":null,"Value":105},{"Length":4,"Height":1,"Demand":1,"DemandMax":null,"Value":4},{"Length":2,"Height":28,"Demand":1,"DemandMax":null,"Value":56},{"Length":8,"Height":7,"Demand":1,"DemandMax":null,"Value":56},{"Length":3,"Height":51,"Demand":1,"DemandMax":null,"Value":153},{"Length":1,"Height":70,"Demand":1,"DemandMax":null,"Value":70},{"Length":2,"Height":2,"Demand":1,"DemandMax":null,"Value":4},{"Length":28,"Height":4,"Demand":1,"DemandMax":null,"Value":112}]}