{"Name":"Nice400i5b1","Objects":[{"Length":364,"Height":386,"Stock":4,"Cost":140504},{"Length":224,"Height":270,"Stock":5,"Cost":60480},{"Length":1000,"Height":344,"Stock":5,"Cost":344000},{"Length":636,"Height":386,"Stock":4,"Cost":245496},{"Length":776,"Height":270,"Stock":4,"Cost":209520}],"Items":[{"Length":31,"Height":78,"Demand":1,"DemandMax":null,"Value":2418},{"Length":72,"Height":23,"Demand":1,"DemandMax":null,"Value":1656},{"Length":102,"Height":34,"Demand":1,"DemandMax":null,"Value":3468},{"Length":82,"Height":22,"Demand":2,"DemandMax":null,"Value":1804},{"Length":43,"Height":30,"Demand":1,"DemandMax":null,"Value":1290},{"Length":45,"Height":25,"Demand":1,"DemandMax":null,"Value":1125},{"Length":48,"Height":134,"Demand":1,"DemandMax":null,"Value":6432},{"Length":132,"Height":59,"Demand":1,"DemandMax":null,"Value":7788},{"Length":18,"Height":66,"Demand":1,"DemandMax":null,"Value":1188},{"Length":34,"Height":64,"Demand":1,"DemandMax":null,"Value":2176},{"Length":69,"Height":56,"Demand":1,"DemandMax":null,"Value":3864},{"Length":23,"Height":76,"Demand":1,"DemandMax":null,"Value":1748},{"Length":33,"Height":31,"Demand":1,"DemandMax":null,"Value":1023},{"Length":64,"Height":23,"Demand":2,"DemandMax":null,"Value":1472},{"Length":89,"Height":51,"Demand":1,"DemandMax":null,"Value":4539},{"Length":25,"Height":84,"Demand":2,"DemandMax":null,"Value":2100},{"Length":61,"Height":88,"Demand":1,"DemandMax":null,"Value":5368},{"Length":51,"Height":37,"Demand":2,"DemandMax":null,"Value":1887},{"Length":24,"Height":46,"Demand":2,"DemandMax":null,"Value":1104},{"Length":52,"Height":35,"Demand":1,"DemandMax":null,"Value":1820},{"Length":55,"Height":96,"Demand":1,"DemandMax":null,"Value":5280},{"Length":37,"Height":35,"Demand":1,"DemandMax":null,"Value":1295},{"Length":40,"Height":58,"Demand":1,"DemandMax":null,"Value":2320},{"Length":61,"Height":93,"Demand":1,"DemandMax":null,"Value":5673},{"Length":37,"Height":38,"Demand":1,"DemandMax":null,"Value":1406},{"Length":39,"Height":87,"Demand":2,"DemandMax":null,"Value":3393},{"Length":90,"Height":26,"Demand":1,"DemandMax":null,"Value":2340},{"Length":46,"Height":55,"Demand":1,"DemandMax":null,"Value":2530},{"Length":151,"Height":45,"Demand":1,"DemandMax":null,"Value":6795},{"Length":23,"Height":62,"Demand":1,"DemandMax":null,"Value":1426},{"Length":53,"Height":100,"Demand":1,"DemandMax":null,"Value":5300},{"Length":62,"Height":52,"Demand":1,"DemandMax":null,"Value":3224},{"Length":66,"Height":59,"Demand":1,"DemandMax":null,"Value":3894},{"Length":37,"Height":29,"Demand":2,"DemandMax":null,"Value":1073},{"Length":64,"Height":68,"Demand":1,"DemandMax":null,"Value":4352},{"Length":76,"Height":70,"Demand":1,"DemandMax":null,"Value":5320},{"Length":71,"Height":24,"Demand":1,"DemandMax":null,"Value":1704},{"Length":27,"Height":66,"Demand":1,"DemandMax":null,"Value":1782},{"Length":32,"Height":72,"Demand":1,"DemandMax":null,"Value":2304},{"Length":45,"Height":79,"Demand":1,"DemandMax":null,"Value":3555},{"Length":25,"Height":43,"Demand":3,"DemandMax":null,"Value":1075},{"Length":68,"Height":59,"Demand":3,"DemandMax":null,"Value":4012},{"Length":94,"Height":50,"Demand":1,"DemandMax":null,"Value":4700},{"Length":49,"Height":73,"Demand":1,"DemandMax":null,"Value":3577},{"Length":50,"Height":33,"Demand":1,"DemandMax":null,"Value":1650},{"Length":47,"Height":43,"Demand":1,"DemandMax":null,"Value":2021},{"Length":68,"Height":78,"Demand":1,"DemandMax":null,"Value":5304},{"Length":132,"Height":33,"Demand":1,"DemandMax":null,"Value":4356},{"Length":62,"Height":27,"Demand":1,"DemandMax":null,"Value":1674},{"Length":31,"Height":118,"Demand":1,"DemandMax":null,"Value":3658},{"Length":28,"Height":36,"Demand":3,"DemandMax":null,"Value":1008},{"Length":39,"Height":26,"Demand":3,"DemandMax":null,"Value":1014},{"Length":31,"Height":59,"Demand":3,"DemandMax":null,"Value":1829},{"Length":90,"Height":78,"Demand":1,"DemandMax":null,"Value":7020},{"Length":54,"Height":35,"Demand":1,"DemandMax":null,"Value":1890},{"Length":60,"Height":105,"Demand":1,"DemandMax":null,"Value":6300},{"Length":26,"Height":102,"Demand":1,"DemandMax":null,"Value":2652},{"Length":151,"Height":41,"Demand":1,"DemandMax":null,"Value":6191},{"Length":26,"Height":39,"Demand":2,"DemandMax":null,"Value":1014},{"Length":60,"Height":20,"Demand":1,"DemandMax":null,"Value":1200},{"Length":66,"Height":86,"Demand":1,"DemandMax":null,"Value":5676},{"Length":28,"Height":70,"Demand":1,"DemandMax":null,"Value":1960},{"Length":134,"Height":41,"Demand":1,"DemandMax":null,"Value":5494},{"Length":68,"Height":47,"Demand":1,"DemandMax":null,"Value":3196},{"Length":95,"Height":27,"Demand":1,"DemandMax":null,"Value":2565},{"Length":76,"Height":35,"Demand":1,"DemandMax":null,"Value":2660},{"Length":37,"Height":41,"Demand":1,"DemandMax":null,"Value":1517},{"Length":37,"Height":32,"Demand":1,"DemandMax":null,"Value":1184},{"Length":97,"Height":55,"Demand":1,"DemandMax":null,"Value":5335},{"Length":72,"Height":73,"Demand":1,"DemandMax":null,"Value":5256},{"Length":23,"Height":81,"Demand":1,"DemandMax":null,"Value":1863},{"Length":28,"Height":88,"Demand":1,"DemandMax":null,"Value":2464},{"Length":69,"Height":49,"Demand":1,"DemandMax":null,"Value":3381},{"Length":56,"Height":46,"Demand":1,"DemandMax":null,"Value":2576},{"Length":19,"Height":72,"Demand":2,"DemandMax":null,"Value":1368},{"Length":44,"Height":23,"Demand":1,"DemandMax":null,"Value":1012},{"Length":162,"Height":43,"Demand":1,"DemandMax":null,"Value":6966},{"Length":66,"Height":23,"Demand":1,"DemandMax":null,"Value":1518},{"Length":151,"Height":54,"Demand":1,"DemandMax":null,"Value":8154},{"Length":47,"Height":127,"Demand":1,"DemandMax":null,"Value":5969},{"Length":46,"Height":29,"Demand":1,"DemandMax":null,"Value":1334},{"Length":51,"Height":123,"Demand":1,"DemandMax":null,"Value":6273},{"Length":151,"Height":39,"Demand":1,"DemandMax":null,"Value":5889},{"Length":54,"Height":43,"Demand":1,"DemandMax":null,"Value":2322},{"Length":151,"Height":48,"Demand":1,"DemandMax":null,"Value":7248},{"Length":40,"Height":26,"Demand":3,"DemandMax":null,"Value":1040},{"Length":31,"Height":47,"Demand":1,"DemandMax":null,"Value":1457},{"Length":72,"Height":22,"Demand":1,"DemandMax":null,"Value":1584},{"Length":23,"Height":51,"Demand":1,"DemandMax":null,"Value":1173},{"Length":39,"Height":136,"Demand":1,"DemandMax":null,"Value":5304},{"Length":23,"Height":63,"Demand":2,"DemandMax":null,"Value":1449},{"Length":50,"Height":41,"Demand":1,"DemandMax":null,"Value":2050},{"Length":44,"Height":41,"Demand":1,"DemandMax":null,"Value":1804},{"Length":72,"Height":84,"Demand":1,"DemandMax":null,"Value":6048},{"Length":91,"Height":25,"Demand":1,"DemandMax":null,"Value":2275},{"Length":29,"Height":59,"Demand":1,"DemandMax":null,"Value":1711},{"Length":37,"Height":123,"Demand":1,"DemandMax":null,"Value":4551},{"Length":26,"Height":93,"Demand":1,"DemandMax":null,"Value":2418},{"Length":27,"Height":62,"Demand":1,"DemandMax":null,"Value":1674},{"Length":39,"Height":32,"Demand":1,"DemandMax":null,"Value":1248},{"Length":26,"Height":54,"Demand":1,"DemandMax":null,"Value":1404},{"Length":45,"Height":106,"Demand":1,"DemandMax":null,"Value":4770},{"Length":30,"Height":107,"Demand":1,"DemandMax":null,"Value":3210},{"Length":40,"Height":59,"Demand":1,"DemandMax":null,"Value":2360},{"Length":82,"Height":24,"Demand":1,"DemandMax":null,"Value":1968},{"Length":25,"Height":76,"Demand":1,"DemandMax":null,"Value":1900},{"Length":38,"Height":38,"Demand":1,"DemandMax":null,"Value":1444},{"Length":84,"Height":21,"Demand":1,"DemandMax":null,"Value":1764},{"Length":25,"Height":45,"Demand":1,"DemandMax":null,"Value":1125},{"Length":71,"Height":37,"Demand":1,"DemandMax":null,"Value":2627},{"Length":16,"Height":63,"Demand":1,"DemandMax":null,"Value":1008},{"Length":38,"Height":45,"Demand":1,"DemandMax":null,"Value":1710},{"Length":30,"Height":119,"Demand":2,"DemandMax":null,"Value":3570},{"Length":29,"Height":82,"Demand":1,"DemandMax":null,"Value":2378},{"Length":48,"Height":87,"Demand":1,"DemandMax":null,"Value":4176},{"Length":49,"Height":78,"Demand":1,"DemandMax":null,"Value":3822},{"Length":24,"Height":48,"Demand":1,"DemandMax":null,"Value":1152},{"Length":70,"Height":56,"Demand":1,"DemandMax":null,"Value":3920},{"Length":36,"Height":28,"Demand":2,"DemandMax":null,"Value":1008},{"Length":124,"Height":42,"Demand":1,"DemandMax":null,"Value":5208},{"Length":66,"Height":27,"Demand":1,"DemandMax":null,"Value":1782},{"Length":44,"Height":78,"Demand":1,"DemandMax":null,"Value":3432},{"Length":132,"Height":36,"Demand":1,"DemandMax":null,"Value":4752},{"Length":36,"Height":45,"Demand":1,"DemandMax":null,"Value":1620},{"Length":45,"Height":41,"Demand":1,"DemandMax":null,"Value":1845},{"Length":34,"Height":60,"Demand":1,"DemandMax":null,"Value":2040},{"Length":23,"Height":44,"Demand":1,"DemandMax":null,"Value":1012},{"Length":27,"Height":45,"Demand":1,"DemandMax":null,"Value":1215},{"Length":68,"Height":63,"Demand":1,"DemandMax":null,"Value":4284},{"Length":27,"Height":60,"Demand":1,"DemandMax":null,"Value":1620},{"Length":84,"Height":56,"Demand":1,"DemandMax":null,"Value":4704},{"Length":40,"Height":28,"Demand":1,"DemandMax":null,"Value":1120},{"Length":19,"Height":76,"Demand":1,"DemandMax":null,"Value":1444},{"Length":29,"Height":100,"Demand":1,"DemandMax":null,"Value":2900},{"Length":32,"Height":33,"Demand":1,"DemandMax":null,"Value":1056},{"Length":165,"Height":42,"Demand":1,"DemandMax":null,"Value":6930},{"Length":66,"Height":92,"Demand":1,"DemandMax":null,"Value":6072},{"Length":43,"Height":43,"Demand":2,"DemandMax":null,"Value":1849},{"Length":30,"Height":68,"Demand":1,"DemandMax":null,"Value":2040},{"Length":25,"Height":50,"Demand":1,"DemandMax":null,"Value":1250},{"Length":64,"Height":71,"Demand":1,"DemandMax":null,"Value":4544},{"Length":43,"Height":51,"Demand":1,"DemandMax":null,"Value":2193},{"Length":33,"Height":45,"Demand":1,"DemandMax":null,"Value":1485},{"Length":60,"Height":113,"Demand":1,"DemandMax":null,"Value":6780},{"Length":31,"Height":51,"Demand":1,"DemandMax":null,"Value":1581},{"Length":18,"Height":56,"Demand":2,"DemandMax":null,"Value":1008},{"Length":56,"Height":20,"Demand":1,"DemandMax":null,"Value":1120},{"Length":19,"Height":66,"Demand":1,"DemandMax":null,"Value":1254},{"Length":33,"Height":84,"Demand":1,"DemandMax":null,"Value":2772},{"Length":27,"Height":43,"Demand":1,"DemandMax":null,"Value":1161},{"Length":36,"Height":37,"Demand":1,"DemandMax":null,"Value":1332},{"Length":28,"Height":51,"Demand":1,"DemandMax":null,"Value":1428},{"Length":28,"Height":63,"Demand":1,"DemandMax":null,"Value":1764},{"Length":31,"Height":65,"Demand":1,"DemandMax":null,"Value":2015},{"Length":79,"Height":76,"Demand":1,"DemandMax":null,"Value":6004},{"Length":22,"Height":63,"Demand":1,"DemandMax":null,"Value":1386},{"Length":37,"Height":30,"Demand":1,"DemandMax":null,"Value":1110},{"Length":43,"Height":142,"Demand":1,"DemandMax":null,"Value":6106},{"Length":37,"Height":117,"Demand":1,"DemandMax":null,"Value":4329},{"Length":60,"Height":25,"Demand":1,"DemandMax":null,"Value":1500},{"Length":25,"Height":60,"Demand":1,"DemandMax":null,"Value":1500},{"Length":66,"Height":70,"Demand":1,"DemandMax":null,"Value":4620},{"Length":76,"Height":63,"Demand":1,"DemandMax":null,"Value":4788},{"Length":78,"Height":62,"Demand":1,"DemandMax":null,"Value":4836},{"Length":33,"Height":36,"Demand":1,"DemandMax":null,"Value":1188},{"Length":33,"Height":39,"Demand":2,"DemandMax":null,"Value":1287},{"Length":77,"Height":22,"Demand":1,"DemandMax":null,"Value":1694},{"Length":158,"Height":52,"Demand":1,"DemandMax":null,"Value":8216},{"Length":98,"Height":29,"Demand":1,"DemandMax":null,"Value":2842},{"Length":37,"Height":40,"Demand":1,"DemandMax":null,"Value":1480},{"Length":26,"Height":52,"Demand":1,"DemandMax":null,"Value":1352},{"Length":43,"Height":26,"Demand":2,"DemandMax":null,"Value":1118},{"Length":34,"Height":43,"Demand":1,"DemandMax":null,"Value":1462},{"Length":28,"Height":76,"Demand":1,"DemandMax":null,"Value":2128},{"Length":78,"Height":46,"Demand":1,"DemandMax":null,"Value":3588},{"Length":40,"Height":136,"Demand":1,"DemandMax":null,"Value":5440},{"Length":18,"Height":58,"Demand":1,"DemandMax":null,"Value":1044},{"Length":30,"Height":59,"Demand":1,"DemandMax":null,"Value":1770},{"Length":32,"Height":92,"Demand":1,"DemandMax":null,"Value":2944},{"Length":44,"Height":33,"Demand":1,"DemandMax":null,"Value":1452},{"Length":51,"Height":69,"Demand":1,"DemandMax":null,"Value":3519},{"Length":21,"Height":48,"Demand":1,"DemandMax":null,"Value":1008},{"Length":21,"Height":59,"Demand":1,"DemandMax":null,"Value":1239},{"Length":85,"Height":22,"Demand":1,"DemandMax":null,"Value":1870},{"Length":22,"Height":59,"Demand":1,"DemandMax":null,"Value":1298},{"Length":67,"Height":63,"Demand":1,"DemandMax":null,"Value":4221},{"Length":72,"Height":18,"Demand":1,"DemandMax":null,"Value":1296},{"Length":60,"Height":66,"Demand":1,"DemandMax":null,"Value":3960},{"Length":39,"Height":66,"Demand":1,"DemandMax":null,"Value":2574},{"Length":41,"Height":60,"Demand":1,"DemandMax":null,"Value":2460},{"Length":24,"Height":94,"Demand":1,"DemandMax":null,"Value":2256},{"Length":20,"Height":70,"Demand":1,"DemandMax":null,"Value":1400},{"Length":21,"Height":63,"Demand":1,"DemandMax":null,"Value":1323},{"Length":20,"Height":63,"Demand":1,"DemandMax":null,"Value":1260},{"Length":44,"Height":100,"Demand":1,"DemandMax":null,"Value":4400},{"Length":73,"Height":22,"Demand":1,"DemandMax":null,"Value":1606},{"Length":27,"Height":44,"Demand":1,"DemandMax":null,"Value":1188},{"Length":50,"Height":82,"Demand":1,"DemandMax":null,"Value":4100},{"Length":18,"Height":59,"Demand":1,"DemandMax":null,"Value":1062},{"Length":36,"Height":86,"Demand":1,"DemandMax":null,"Value":3096},{"Length":26,"Height":51,"Demand":1,"DemandMax":null,"Value":1326},{"Length":27,"Height":47,"Demand":1,"DemandMax":null,"Value":1269},{"Length":51,"Height":33,"Demand":1,"DemandMax":null,"Value":1683},{"Length":32,"Height":31,"Demand":1,"DemandMax":null,"Value":992},{"Length":83,"Height":21,"Demand":1,"DemandMax":null,"Value":1743},{"Length":77,"Height":48,"Demand":1,"DemandMax":null,"Value":3696},{"Length":37,"Height":37,"Demand":1,"DemandMax":null,"Value":1369},{"Length":84,"Height":31,"Demand":1,"DemandMax":null,"Value":2604},{"Length":69,"Height":72,"Demand":1,"DemandMax":null,"Value":4968},{"Length":18,"Height":63,"Demand":2,"DemandMax":null,"Value":1134},{"Length":37,"Height":47,"Demand":1,"DemandMax":null,"Value":1739},{"Length":30,"Height":91,"Demand":1,"DemandMax":null,"Value":2730},{"Length":44,"Height":77,"Demand":1,"DemandMax":null,"Value":3388},{"Length":36,"Height":40,"Demand":2,"DemandMax":null,"Value":1440},{"Length":66,"Height":79,"Demand":1,"DemandMax":null,"Value":5214},{"Length":18,"Height":68,"Demand":1,"DemandMax":null,"Value":1224},{"Length":64,"Height":21,"Demand":2,"DemandMax":null,"Value":1344},{"Length":31,"Height":68,"Demand":1,"DemandMax":null,"Value":2108},{"Length":49,"Height":22,"Demand":1,"DemandMax":null,"Value":1078},{"Length":18,"Height":62,"Demand":1,"DemandMax":null,"Value":1116},{"Length":29,"Height":58,"Demand":1,"DemandMax":null,"Value":1682},{"Length":83,"Height":22,"Demand":1,"DemandMax":null,"Value":1826},{"Length":106,"Height":55,"Demand":1,"DemandMax":null,"Value":5830},{"Length":33,"Height":88,"Demand":1,"DemandMax":null,"Value":2904},{"Length":21,"Height":50,"Demand":1,"DemandMax":null,"Value":1050},{"Length":109,"Height":48,"Demand":1,"DemandMax":null,"Value":5232},{"Length":25,"Height":81,"Demand":2,"DemandMax":null,"Value":2025},{"Length":42,"Height":33,"Demand":1,"DemandMax":null,"Value":1386},{"Length":95,"Height":29,"Demand":1,"DemandMax":null,"Value":2755},{"Length":40,"Height":38,"Demand":1,"DemandMax":null,"Value":1520},{"Length":47,"Height":38,"Demand":1,"DemandMax":null,"Value":1786},{"Length":50,"Height":23,"Demand":1,"DemandMax":null,"Value":1150},{"Length":22,"Height":56,"Demand":1,"DemandMax":null,"Value":1232},{"Length":42,"Height":36,"Demand":2,"DemandMax":null,"Value":1512},{"Length":79,"Height":21,"Demand":1,"DemandMax":null,"Value":1659},{"Length":60,"Height":68,"Demand":1,"DemandMax":null,"Value":4080},{"Length":25,"Height":70,"Demand":1,"DemandMax":null,"Value":1750},{"Length":46,"Height":36,"Demand":1,"DemandMax":null,"Value":1656},{"Length":21,"Height":58,"Demand":1,"DemandMax":null,"Value":1218},{"Length":56,"Height":28,"Demand":1,"DemandMax":null,"Value":1568},{"Length":29,"Height":41,"Demand":2,"DemandMax":null,"Value":1189},{"Length":43,"Height":50,"Demand":1,"DemandMax":null,"Value":2150},{"Length":71,"Height":39,"Demand":1,"DemandMax":null,"Value":2769},{"Length":22,"Height":84,"Demand":1,"DemandMax":null,"Value":1848},{"Length":43,"Height":24,"Demand":1,"DemandMax":null,"Value":1032},{"Length":30,"Height":43,"Demand":1,"DemandMax":null,"Value":1290},{"Length":29,"Height":39,"Demand":1,"DemandMax":null,"Value":1131},{"Length":46,"Height":91,"Demand":1,"DemandMax":null,"Value":4186},{"Length":31,"Height":48,"Demand":1,"DemandMax":null,"Value":1488},{"Length":54,"Height":60,"Demand":1,"DemandMax":null,"Value":3240},{"Length":25,"Height":62,"Demand":1,"DemandMax":null,"Value":1550},{"Length":57,"Height":20,"Demand":1,"DemandMax":null,"Value":1140},{"Length":40,"Height":43,"Demand":1,"DemandMax":null,"Value":1720},{"Length":27,"Height":57,"Demand":1,"DemandMax":null,"Value":1539},{"Length":46,"Height":52,"Demand":1,"DemandMax":null,"Value":2392},{"Length":82,"Height":25,"Demand":2,"DemandMax":null,"Value":2050},{"Length":58,"Height":90,"Demand":1,"DemandMax":null,"Value":5220},{"Length":42,"Height":79,"Demand":1,"DemandMax":null,"Value":3318},{"Length":38,"Height":36,"Demand":1,"DemandMax":null,"Value":1368},{"Length":44,"Height":27,"Demand":1,"DemandMax":null,"Value":1188},{"Length":33,"Height":49,"Demand":1,"DemandMax":null,"Value":1617},{"Length":47,"Height":23,"Demand":2,"DemandMax":null,"Value":1081},{"Length":56,"Height":84,"Demand":1,"DemandMax":null,"Value":4704},{"Length":72,"Height":37,"Demand":2,"DemandMax":null,"Value":2664},{"Length":48,"Height":26,"Demand":1,"DemandMax":null,"Value":1248},{"Length":25,"Height":100,"Demand":1,"DemandMax":null,"Value":2500},{"Length":27,"Height":56,"Demand":1,"DemandMax":null,"Value":1512},{"Length":49,"Height":47,"Demand":1,"DemandMax":null,"Value":2303},{"Length":37,"Height":106,"Demand":1,"DemandMax":null,"Value":3922},{"Length":28,"Height":43,"Demand":1,"DemandMax":null,"Value":1204},{"Length":34,"Height":35,"Demand":1,"DemandMax":null,"Value":1190},{"Length":65,"Height":43,"Demand":1,"DemandMax":null,"Value":2795},{"Length":26,"Height":42,"Demand":1,"DemandMax":null,"Value":1092},{"Length":58,"Height":49,"Demand":1,"DemandMax":null,"Value":2842},{"Length":31,"Height":52,"Demand":1,"DemandMax":null,"Value":1612},{"Length":25,"Height":44,"Demand":1,"DemandMax":null,"Value":1100},{"Length":26,"Height":62,"Demand":1,"DemandMax":null,"Value":1612},{"Length":66,"Height":51,"Demand":1,"DemandMax":null,"Value":3366},{"Length":49,"Height":33,"Demand":1,"DemandMax":null,"Value":1617},{"Length":51,"Height":100,"Demand":1,"DemandMax":null,"Value":5100},{"Length":82,"Height":28,"Demand":1,"DemandMax":null,"Value":2296},{"Length":37,"Height":67,"Demand":1,"DemandMax":null,"Value":2479},{"Length":40,"Height":80,"Demand":1,"DemandMax":null,"Value":3200},{"Length":32,"Height":78,"Demand":1,"DemandMax":null,"Value":2496},{"Length":54,"Height":25,"Demand":1,"DemandMax":null,"Value":1350},{"Length":38,"Height":82,"Demand":1,"DemandMax":null,"Value":3116},{"Length":32,"Height":62,"Demand":1,"DemandMax":null,"Value":1984},{"Length":22,"Height":48,"Demand":1,"DemandMax":null,"Value":1056},{"Length":42,"Height":51,"Demand":1,"DemandMax":null,"Value":2142},{"Length":35,"Height":36,"Demand":1,"DemandMax":null,"Value":1260},{"Length":26,"Height":84,"Demand":2,"DemandMax":null,"Value":2184},{"Length":30,"Height":51,"Demand":1,"DemandMax":null,"Value":1530},{"Length":35,"Height":63,"Demand":1,"DemandMax":null,"Value":2205},{"Length":21,"Height":78,"Demand":1,"DemandMax":null,"Value":1638},{"Length":34,"Height":33,"Demand":1,"DemandMax":null,"Value":1122},{"Length":28,"Height":94,"Demand":1,"DemandMax":null,"Value":2632},{"Length":27,"Height":81,"Demand":1,"DemandMax":null,"Value":2187},{"Length":46,"Height":89,"Demand":1,"DemandMax":null,"Value":4094},{"Length":32,"Height":46,"Demand":1,"DemandMax":null,"Value":1472},{"Length":26,"Height":100,"Demand":1,"DemandMax":null,"Value":2600},{"Length":46,"Height":66,"Demand":1,"DemandMax":null,"Value":3036},{"Length":88,"Height":45,"Demand":1,"DemandMax":null,"Value":3960},{"Length":78,"Height":25,"Demand":1,"DemandMax":null,"Value":1950},{"Length":87,"Height":36,"Demand":1,"DemandMax":null,"Value":3132},{"Length":55,"Height":58,"Demand":1,"DemandMax":null,"Value":3190},{"Length":72,"Height":35,"Demand":1,"DemandMax":null,"Value":2520},{"Length":78,"Height":29,"Demand":1,"DemandMax":null,"Value":2262},{"Length":50,"Height":43,"Demand":1,"DemandMax":null,"Value":2150},{"Length":23,"Height":78,"Demand":1,"DemandMax":null,"Value":1794},{"Length":60,"Height":95,"Demand":1,"DemandMax":null,"Value":5700},{"Length":26,"Height":47,"Demand":1,"DemandMax":null,"Value":1222},{"Length":33,"Height":50,"Demand":1,"DemandMax":null,"Value":1650},{"Length":58,"Height":26,"Demand":1,"DemandMax":null,"Value":1508},{"Length":82,"Height":47,"Demand":1,"DemandMax":null,"Value":3854},{"Length":57,"Height":21,"Demand":1,"DemandMax":null,"Value":1197},{"Length":36,"Height":76,"Demand":1,"DemandMax":null,"Value":2736},{"Length":47,"Height":52,"Demand":1,"DemandMax":null,"Value":2444},{"Length":51,"Height":65,"Demand":1,"DemandMax":null,"Value":3315},{"Length":42,"Height":32,"Demand":1,"DemandMax":null,"Value":1344},{"Length":26,"Height":59,"Demand":1,"DemandMax":null,"Value":1534},{"Length":46,"Height":25,"Demand":1,"DemandMax":null,"Value":1150},{"Length":24,"Height":59,"Demand":1,"DemandMax":null,"Value":1416},{"Length":29,"Height":63,"Demand":1,"DemandMax":null,"Value":1827},{"Length":38,"Height":35,"Demand":1,"DemandMax":null,"Value":1330},{"Length":73,"Height":29,"Demand":1,"DemandMax":null,"Value":2117},{"Length":38,"Height":31,"Demand":2,"DemandMax":null,"Value":1178},{"Length":85,"Height":38,"Demand":1,"DemandMax":null,"Value":3230},{"Length":43,"Height":57,"Demand":1,"DemandMax":null,"Value":2451},{"Length":25,"Height":51,"Demand":1,"DemandMax":null,"Value":1275},{"Length":39,"Height":48,"Demand":1,"DemandMax":null,"Value":1872},{"Length":40,"Height":81,"Demand":2,"DemandMax":null,"Value":3240},{"Length":33,"Height":82,"Demand":1,"DemandMax":null,"Value":2706},{"Length":63,"Height":51,"Demand":1,"DemandMax":null,"Value":3213},{"Length":114,"Height":33,"Demand":1,"DemandMax":null,"Value":3762},{"Length":90,"Height":33,"Demand":1,"DemandMax":null,"Value":2970},{"Length":45,"Height":76,"Demand":1,"DemandMax":null,"Value":3420},{"Length":35,"Height":93,"Demand":1,"DemandMax":null,"Value":3255},{"Length":28,"Height":55,"Demand":1,"DemandMax":null,"Value":1540},{"Length":28,"Height":45,"Demand":1,"DemandMax":null,"Value":1260},{"Length":38,"Height":80,"Demand":1,"DemandMax":null,"Value":3040},{"Length":55,"Height":50,"Demand":1,"DemandMax":null,"Value":2750},{"Length":64,"Height":24,"Demand":1,"DemandMax":null,"Value":1536},{"Length":50,"Height":40,"Demand":1,"DemandMax":null,"Value":2000},{"Length":43,"Height":34,"Demand":1,"DemandMax":null,"Value":1462},{"Length":64,"Height":22,"Demand":1,"DemandMax":null,"Value":1408},{"Length":37,"Height":59,"Demand":1,"DemandMax":null,"Value":2183},{"Length":77,"Height":30,"Demand":1,"DemandMax":null,"Value":2310},{"Length":76,"Height":45,"Demand":1,"DemandMax":null,"Value":3420},{"Length":25,"Height":47,"Demand":1,"DemandMax":null,"Value":1175},{"Length":29,"Height":70,"Demand":1,"DemandMax":null,"Value":2030},{"Length":56,"Height":64,"Demand":1,"DemandMax":null,"Value":3584},{"Length":23,"Height":45,"Demand":1,"DemandMax":null,"Value":1035},{"Length":54,"Height":45,"Demand":1,"DemandMax":null,"Value":2430},{"Length":44,"Height":31,"Demand":1,"DemandMax":null,"Value":1364},{"Length":40,"Height":54,"Demand":1,"DemandMax":null,"Value":2160},{"Length":31,"Height":45,"Demand":1,"DemandMax":null,"Value":1395},{"Length":62,"Height":107,"Demand":1,"DemandMax":null,"Value":6634},{"Length":54,"Height":62,"Demand":1,"DemandMax":null,"Value":3348},{"Length":40,"Height":33,"Demand":1,"DemandMax":null,"Value":1320},{"Length":158,"Height":74,"Demand":1,"DemandMax":null,"Value":11692}]}