{"Name":"Path500i5b5","Objects":[{"Length":501,"Height":567,"Stock":6,"Cost":284067},{"Length":291,"Height":433,"Stock":3,"Cost":126003},{"Length":499,"Height":567,"Stock":2,"Cost":282933},{"Length":322,"Height":433,"Stock":3,"Cost":139426},{"Length":387,"Height":433,"Stock":1,"Cost":167571}],"Items":[{"Length":261,"Height":1,"Demand":1,"DemandMax":null,"Value":261},{"Length":192,"Height":15,"Demand":1,"DemandMax":null,"Value":2880},{"Length":63,"Height":100,"Demand":1,"DemandMax":null,"Value":6300},{"Length":34,"Height":194,"Demand":1,"DemandMax":null,"Value":6596},{"Length":9,"Height":34,"Demand":1,"DemandMax":null,"Value":306},{"Length":171,"Height":105,"Demand":1,"DemandMax":null,"Value":17955},{"Length":173,"Height":80,"Demand":1,"DemandMax":null,"Value":13840},{"Length":248,"Height":1,"Demand":2,"DemandMax":null,"Value":248},{"Length":18,"Height":1,"Demand":1,"DemandMax":null,"Value":18},{"Length":289,"Height":3,"Demand":1,"DemandMax":null,"Value":867},{"Length":7,"Height":135,"Demand":1,"DemandMax":null,"Value":945},{"Length":27,"Height":7,"Demand":3,"DemandMax":null,"Value":189},{"Length":141,"Height":2,"Demand":1,"DemandMax":null,"Value":282},{"Length":246,"Height":100,"Demand":1,"DemandMax":null,"Value":24600},{"Length":17,"Height":3,"Demand":1,"DemandMax":null,"Value":51},{"Length":2,"Height":147,"Demand":1,"DemandMax":null,"Value":294},{"Length":18,"Height":16,"Demand":1,"DemandMax":null,"Value":288},{"Length":192,"Height":18,"Demand":1,"DemandMax":null,"Value":3456},{"Length":192,"Height":2,"Demand":1,"DemandMax":null,"Value":384},{"Length":12,"Height":158,"Demand":1,"DemandMax":null,"Value":1896},{"Length":57,"Height":26,"Demand":1,"DemandMax":null,"Value":1482},{"Length":5,"Height":239,"Demand":1,"DemandMax":null,"Value":1195},{"Length":146,"Height":213,"Demand":1,"DemandMax":null,"Value":31098},{"Length":1,"Height":1,"Demand":20,"DemandMax":null,"Value":1},{"Length":1,"Height":3,"Demand":12,"DemandMax":null,"Value":3},{"Length":77,"Height":34,"Demand":1,"DemandMax":null,"Value":2618},{"Length":42,"Height":9,"Demand":1,"DemandMax":null,"Value":378},{"Length":240,"Height":57,"Demand":1,"DemandMax":null,"Value":13680},{"Length":227,"Height":28,"Demand":1,"DemandMax":null,"Value":6356},{"Length":94,"Height":284,"Demand":1,"DemandMax":null,"Value":26696},{"Length":19,"Height":239,"Demand":1,"DemandMax":null,"Value":4541},{"Length":1,"Height":83,"Demand":1,"DemandMax":null,"Value":83},{"Length":1,"Height":39,"Demand":1,"DemandMax":null,"Value":39},{"Length":114,"Height":1,"Demand":1,"DemandMax":null,"Value":114},{"Length":39,"Height":147,"Demand":1,"DemandMax":null,"Value":5733},{"Length":183,"Height":77,"Demand":1,"DemandMax":null,"Value":14091},{"Length":226,"Height":31,"Demand":1,"DemandMax":null,"Value":7006},{"Length":218,"Height":36,"Demand":1,"DemandMax":null,"Value":7848},{"Length":5,"Height":119,"Demand":1,"DemandMax":null,"Value":595},{"Length":6,"Height":63,"Demand":1,"DemandMax":null,"Value":378},{"Length":2,"Height":24,"Demand":1,"DemandMax":null,"Value":48},{"Length":24,"Height":58,"Demand":1,"DemandMax":null,"Value":1392},{"Length":260,"Height":6,"Demand":1,"DemandMax":null,"Value":1560},{"Length":1,"Height":239,"Demand":2,"DemandMax":null,"Value":239},{"Length":4,"Height":13,"Demand":2,"DemandMax":null,"Value":52},{"Length":16,"Height":12,"Demand":1,"DemandMax":null,"Value":192},{"Length":37,"Height":1,"Demand":1,"DemandMax":null,"Value":37},{"Length":92,"Height":32,"Demand":1,"DemandMax":null,"Value":2944},{"Length":253,"Height":14,"Demand":1,"DemandMax":null,"Value":3542},{"Length":19,"Height":46,"Demand":1,"DemandMax":null,"Value":874},{"Length":1,"Height":87,"Demand":1,"DemandMax":null,"Value":87},{"Length":22,"Height":81,"Demand":1,"DemandMax":null,"Value":1782},{"Length":2,"Height":34,"Demand":1,"DemandMax":null,"Value":68},{"Length":3,"Height":32,"Demand":1,"DemandMax":null,"Value":96},{"Length":289,"Height":69,"Demand":1,"DemandMax":null,"Value":19941},{"Length":1,"Height":104,"Demand":1,"DemandMax":null,"Value":104},{"Length":41,"Height":25,"Demand":1,"DemandMax":null,"Value":1025},{"Length":1,"Height":10,"Demand":2,"DemandMax":null,"Value":10},{"Length":7,"Height":1,"Demand":9,"DemandMax":null,"Value":7},{"Length":15,"Height":165,"Demand":1,"DemandMax":null,"Value":2475},{"Length":110,"Height":1,"Demand":1,"DemandMax":null,"Value":110},{"Length":15,"Height":18,"Demand":2,"DemandMax":null,"Value":270},{"Length":14,"Height":18,"Demand":1,"DemandMax":null,"Value":252},{"Length":37,"Height":22,"Demand":3,"DemandMax":null,"Value":814},{"Length":83,"Height":7,"Demand":1,"DemandMax":null,"Value":581},{"Length":18,"Height":6,"Demand":1,"DemandMax":null,"Value":108},{"Length":88,"Height":98,"Demand":1,"DemandMax":null,"Value":8624},{"Length":77,"Height":1,"Demand":1,"DemandMax":null,"Value":77},{"Length":131,"Height":194,"Demand":1,"DemandMax":null,"Value":25414},{"Length":4,"Height":4,"Demand":3,"DemandMax":null,"Value":16},{"Length":19,"Height":135,"Demand":1,"DemandMax":null,"Value":2565},{"Length":25,"Height":2,"Demand":1,"DemandMax":null,"Value":50},{"Length":1,"Height":7,"Demand":6,"DemandMax":null,"Value":7},{"Length":7,"Height":56,"Demand":1,"DemandMax":null,"Value":392},{"Length":7,"Height":34,"Demand":1,"DemandMax":null,"Value":238},{"Length":291,"Height":1,"Demand":2,"DemandMax":null,"Value":291},{"Length":17,"Height":11,"Demand":1,"DemandMax":null,"Value":187},{"Length":30,"Height":83,"Demand":1,"DemandMax":null,"Value":2490},{"Length":29,"Height":189,"Demand":1,"DemandMax":null,"Value":5481},{"Length":2,"Height":29,"Demand":1,"DemandMax":null,"Value":58},{"Length":72,"Height":19,"Demand":1,"DemandMax":null,"Value":1368},{"Length":81,"Height":45,"Demand":1,"DemandMax":null,"Value":3645},{"Length":4,"Height":3,"Demand":2,"DemandMax":null,"Value":12},{"Length":6,"Height":9,"Demand":1,"DemandMax":null,"Value":54},{"Length":17,"Height":40,"Demand":1,"DemandMax":null,"Value":680},{"Length":87,"Height":7,"Demand":1,"DemandMax":null,"Value":609},{"Length":6,"Height":22,"Demand":1,"DemandMax":null,"Value":132},{"Length":129,"Height":17,"Demand":1,"DemandMax":null,"Value":2193},{"Length":1,"Height":31,"Demand":2,"DemandMax":null,"Value":31},{"Length":8,"Height":21,"Demand":1,"DemandMax":null,"Value":168},{"Length":72,"Height":36,"Demand":1,"DemandMax":null,"Value":2592},{"Length":8,"Height":50,"Demand":1,"DemandMax":null,"Value":400},{"Length":17,"Height":149,"Demand":1,"DemandMax":null,"Value":2533},{"Length":138,"Height":239,"Demand":1,"DemandMax":null,"Value":32982},{"Length":100,"Height":280,"Demand":1,"DemandMax":null,"Value":28000},{"Length":99,"Height":8,"Demand":1,"DemandMax":null,"Value":792},{"Length":237,"Height":9,"Demand":1,"DemandMax":null,"Value":2133},{"Length":26,"Height":15,"Demand":1,"DemandMax":null,"Value":390},{"Length":11,"Height":2,"Demand":1,"DemandMax":null,"Value":22},{"Length":4,"Height":239,"Demand":1,"DemandMax":null,"Value":956},{"Length":5,"Height":2,"Demand":2,"DemandMax":null,"Value":10},{"Length":5,"Height":11,"Demand":1,"DemandMax":null,"Value":55},{"Length":1,"Height":112,"Demand":1,"DemandMax":null,"Value":112},{"Length":7,"Height":25,"Demand":1,"DemandMax":null,"Value":175},{"Length":228,"Height":8,"Demand":1,"DemandMax":null,"Value":1824},{"Length":1,"Height":5,"Demand":6,"DemandMax":null,"Value":5},{"Length":3,"Height":163,"Demand":1,"DemandMax":null,"Value":489},{"Length":13,"Height":3,"Demand":1,"DemandMax":null,"Value":39},{"Length":2,"Height":96,"Demand":1,"DemandMax":null,"Value":192},{"Length":1,"Height":80,"Demand":3,"DemandMax":null,"Value":80},{"Length":218,"Height":13,"Demand":1,"DemandMax":null,"Value":2834},{"Length":6,"Height":15,"Demand":1,"DemandMax":null,"Value":90},{"Length":1,"Height":15,"Demand":3,"DemandMax":null,"Value":15},{"Length":9,"Height":80,"Demand":1,"DemandMax":null,"Value":720},{"Length":3,"Height":1,"Demand":2,"DemandMax":null,"Value":3},{"Length":144,"Height":93,"Demand":1,"DemandMax":null,"Value":13392},{"Length":5,"Height":69,"Demand":1,"DemandMax":null,"Value":345},{"Length":1,"Height":61,"Demand":2,"DemandMax":null,"Value":61},{"Length":8,"Height":99,"Demand":1,"DemandMax":null,"Value":792},{"Length":51,"Height":85,"Demand":1,"DemandMax":null,"Value":4335},{"Length":20,"Height":1,"Demand":1,"DemandMax":null,"Value":20},{"Length":12,"Height":1,"Demand":1,"DemandMax":null,"Value":12},{"Length":55,"Height":2,"Demand":1,"DemandMax":null,"Value":110},{"Length":1,"Height":18,"Demand":1,"DemandMax":null,"Value":18},{"Length":4,"Height":11,"Demand":1,"DemandMax":null,"Value":44},{"Length":7,"Height":6,"Demand":1,"DemandMax":null,"Value":42},{"Length":98,"Height":26,"Demand":1,"DemandMax":null,"Value":2548},{"Length":4,"Height":49,"Demand":1,"DemandMax":null,"Value":196},{"Length":165,"Height":4,"Demand":1,"DemandMax":null,"Value":660},{"Length":1,"Height":34,"Demand":2,"DemandMax":null,"Value":34},{"Length":15,"Height":87,"Demand":1,"DemandMax":null,"Value":1305},{"Length":146,"Height":3,"Demand":1,"DemandMax":null,"Value":438},{"Length":4,"Height":2,"Demand":2,"DemandMax":null,"Value":8},{"Length":118,"Height":38,"Demand":1,"DemandMax":null,"Value":4484},{"Length":55,"Height":17,"Demand":1,"DemandMax":null,"Value":935},{"Length":4,"Height":12,"Demand":2,"DemandMax":null,"Value":48},{"Length":284,"Height":21,"Demand":1,"DemandMax":null,"Value":5964},{"Length":2,"Height":104,"Demand":1,"DemandMax":null,"Value":208},{"Length":1,"Height":46,"Demand":1,"DemandMax":null,"Value":46},{"Length":98,"Height":37,"Demand":1,"DemandMax":null,"Value":3626},{"Length":1,"Height":6,"Demand":4,"DemandMax":null,"Value":6},{"Length":186,"Height":47,"Demand":1,"DemandMax":null,"Value":8742},{"Length":6,"Height":2,"Demand":2,"DemandMax":null,"Value":12},{"Length":218,"Height":1,"Demand":2,"DemandMax":null,"Value":218},{"Length":21,"Height":7,"Demand":1,"DemandMax":null,"Value":147},{"Length":7,"Height":33,"Demand":1,"DemandMax":null,"Value":231},{"Length":4,"Height":9,"Demand":1,"DemandMax":null,"Value":36},{"Length":69,"Height":16,"Demand":1,"DemandMax":null,"Value":1104},{"Length":1,"Height":2,"Demand":10,"DemandMax":null,"Value":2},{"Length":7,"Height":21,"Demand":1,"DemandMax":null,"Value":147},{"Length":110,"Height":7,"Demand":1,"DemandMax":null,"Value":770},{"Length":48,"Height":2,"Demand":1,"DemandMax":null,"Value":96},{"Length":8,"Height":41,"Demand":1,"DemandMax":null,"Value":328},{"Length":6,"Height":41,"Demand":1,"DemandMax":null,"Value":246},{"Length":2,"Height":85,"Demand":1,"DemandMax":null,"Value":170},{"Length":8,"Height":3,"Demand":2,"DemandMax":null,"Value":24},{"Length":1,"Height":57,"Demand":1,"DemandMax":null,"Value":57},{"Length":152,"Height":1,"Demand":1,"DemandMax":null,"Value":152},{"Length":4,"Height":1,"Demand":4,"DemandMax":null,"Value":4},{"Length":218,"Height":4,"Demand":1,"DemandMax":null,"Value":872},{"Length":2,"Height":8,"Demand":2,"DemandMax":null,"Value":16},{"Length":11,"Height":1,"Demand":2,"DemandMax":null,"Value":11},{"Length":1,"Height":21,"Demand":3,"DemandMax":null,"Value":21},{"Length":225,"Height":173,"Demand":1,"DemandMax":null,"Value":38925},{"Length":82,"Height":22,"Demand":1,"DemandMax":null,"Value":1804},{"Length":1,"Height":194,"Demand":1,"DemandMax":null,"Value":194},{"Length":3,"Height":6,"Demand":1,"DemandMax":null,"Value":18},{"Length":82,"Height":8,"Demand":1,"DemandMax":null,"Value":656},{"Length":36,"Height":17,"Demand":1,"DemandMax":null,"Value":612},{"Length":148,"Height":1,"Demand":2,"DemandMax":null,"Value":148},{"Length":20,"Height":194,"Demand":1,"DemandMax":null,"Value":3880},{"Length":82,"Height":60,"Demand":1,"DemandMax":null,"Value":4920},{"Length":1,"Height":8,"Demand":2,"DemandMax":null,"Value":8},{"Length":6,"Height":1,"Demand":1,"DemandMax":null,"Value":6},{"Length":7,"Height":82,"Demand":1,"DemandMax":null,"Value":574},{"Length":11,"Height":69,"Demand":1,"DemandMax":null,"Value":759},{"Length":1,"Height":42,"Demand":2,"DemandMax":null,"Value":42},{"Length":96,"Height":36,"Demand":1,"DemandMax":null,"Value":3456},{"Length":66,"Height":17,"Demand":1,"DemandMax":null,"Value":1122},{"Length":108,"Height":1,"Demand":1,"DemandMax":null,"Value":108},{"Length":123,"Height":1,"Demand":1,"DemandMax":null,"Value":123},{"Length":2,"Height":7,"Demand":1,"DemandMax":null,"Value":14},{"Length":118,"Height":9,"Demand":1,"DemandMax":null,"Value":1062},{"Length":31,"Height":12,"Demand":1,"DemandMax":null,"Value":372},{"Length":1,"Height":4,"Demand":4,"DemandMax":null,"Value":4},{"Length":1,"Height":116,"Demand":1,"DemandMax":null,"Value":116},{"Length":153,"Height":214,"Demand":1,"DemandMax":null,"Value":32742},{"Length":66,"Height":1,"Demand":2,"DemandMax":null,"Value":66},{"Length":25,"Height":47,"Demand":1,"DemandMax":null,"Value":1175},{"Length":11,"Height":8,"Demand":1,"DemandMax":null,"Value":88},{"Length":2,"Height":5,"Demand":1,"DemandMax":null,"Value":10},{"Length":33,"Height":2,"Demand":2,"DemandMax":null,"Value":66},{"Length":1,"Height":22,"Demand":2,"DemandMax":null,"Value":22},{"Length":1,"Height":45,"Demand":2,"DemandMax":null,"Value":45},{"Length":74,"Height":60,"Demand":1,"DemandMax":null,"Value":4440},{"Length":24,"Height":3,"Demand":1,"DemandMax":null,"Value":72},{"Length":80,"Height":82,"Demand":1,"DemandMax":null,"Value":6560},{"Length":1,"Height":20,"Demand":1,"DemandMax":null,"Value":20},{"Length":90,"Height":7,"Demand":1,"DemandMax":null,"Value":630},{"Length":6,"Height":10,"Demand":1,"DemandMax":null,"Value":60},{"Length":7,"Height":77,"Demand":1,"DemandMax":null,"Value":539},{"Length":4,"Height":56,"Demand":1,"DemandMax":null,"Value":224},{"Length":40,"Height":63,"Demand":1,"DemandMax":null,"Value":2520},{"Length":115,"Height":2,"Demand":1,"DemandMax":null,"Value":230},{"Length":1,"Height":16,"Demand":2,"DemandMax":null,"Value":16},{"Length":3,"Height":8,"Demand":1,"DemandMax":null,"Value":24},{"Length":74,"Height":5,"Demand":1,"DemandMax":null,"Value":370},{"Length":2,"Height":73,"Demand":1,"DemandMax":null,"Value":146},{"Length":218,"Height":10,"Demand":1,"DemandMax":null,"Value":2180},{"Length":261,"Height":8,"Demand":1,"DemandMax":null,"Value":2088},{"Length":1,"Height":40,"Demand":1,"DemandMax":null,"Value":40},{"Length":18,"Height":5,"Demand":1,"DemandMax":null,"Value":90},{"Length":1,"Height":69,"Demand":1,"DemandMax":null,"Value":69},{"Length":11,"Height":4,"Demand":1,"DemandMax":null,"Value":44},{"Length":4,"Height":104,"Demand":2,"DemandMax":null,"Value":416},{"Length":218,"Height":2,"Demand":1,"DemandMax":null,"Value":436},{"Length":6,"Height":108,"Demand":1,"DemandMax":null,"Value":648},{"Length":155,"Height":9,"Demand":1,"DemandMax":null,"Value":1395},{"Length":48,"Height":189,"Demand":1,"DemandMax":null,"Value":9072},{"Length":1,"Height":14,"Demand":3,"DemandMax":null,"Value":14},{"Length":5,"Height":26,"Demand":1,"DemandMax":null,"Value":130},{"Length":15,"Height":100,"Demand":1,"DemandMax":null,"Value":1500},{"Length":62,"Height":4,"Demand":1,"DemandMax":null,"Value":248},{"Length":42,"Height":1,"Demand":1,"DemandMax":null,"Value":42},{"Length":35,"Height":1,"Demand":1,"DemandMax":null,"Value":35},{"Length":31,"Height":2,"Demand":1,"DemandMax":null,"Value":62},{"Length":1,"Height":58,"Demand":1,"DemandMax":null,"Value":58},{"Length":21,"Height":2,"Demand":1,"DemandMax":null,"Value":42},{"Length":57,"Height":135,"Demand":1,"DemandMax":null,"Value":7695},{"Length":39,"Height":36,"Demand":1,"DemandMax":null,"Value":1404},{"Length":4,"Height":31,"Demand":1,"DemandMax":null,"Value":124},{"Length":8,"Height":1,"Demand":1,"DemandMax":null,"Value":8},{"Length":196,"Height":10,"Demand":1,"DemandMax":null,"Value":1960},{"Length":261,"Height":141,"Demand":1,"DemandMax":null,"Value":36801},{"Length":118,"Height":32,"Demand":1,"DemandMax":null,"Value":3776},{"Length":165,"Height":2,"Demand":1,"DemandMax":null,"Value":330},{"Length":12,"Height":239,"Demand":1,"DemandMax":null,"Value":2868},{"Length":55,"Height":5,"Demand":2,"DemandMax":null,"Value":275},{"Length":5,"Height":5,"Demand":1,"DemandMax":null,"Value":25},{"Length":49,"Height":41,"Demand":1,"DemandMax":null,"Value":2009},{"Length":30,"Height":9,"Demand":1,"DemandMax":null,"Value":270},{"Length":38,"Height":203,"Demand":1,"DemandMax":null,"Value":7714},{"Length":25,"Height":28,"Demand":1,"DemandMax":null,"Value":700},{"Length":208,"Height":7,"Demand":1,"DemandMax":null,"Value":1456},{"Length":59,"Height":1,"Demand":1,"DemandMax":null,"Value":59},{"Length":9,"Height":61,"Demand":1,"DemandMax":null,"Value":549},{"Length":1,"Height":140,"Demand":1,"DemandMax":null,"Value":140},{"Length":30,"Height":3,"Demand":1,"DemandMax":null,"Value":90},{"Length":12,"Height":47,"Demand":1,"DemandMax":null,"Value":564},{"Length":16,"Height":69,"Demand":1,"DemandMax":null,"Value":1104},{"Length":95,"Height":1,"Demand":1,"DemandMax":null,"Value":95},{"Length":40,"Height":124,"Demand":1,"DemandMax":null,"Value":4960},{"Length":26,"Height":53,"Demand":1,"DemandMax":null,"Value":1378},{"Length":10,"Height":9,"Demand":1,"DemandMax":null,"Value":90},{"Length":16,"Height":170,"Demand":1,"DemandMax":null,"Value":2720},{"Length":1,"Height":56,"Demand":1,"DemandMax":null,"Value":56},{"Length":5,"Height":88,"Demand":1,"DemandMax":null,"Value":440},{"Length":3,"Height":56,"Demand":1,"DemandMax":null,"Value":168},{"Length":261,"Height":37,"Demand":1,"DemandMax":null,"Value":9657},{"Length":215,"Height":12,"Demand":1,"DemandMax":null,"Value":2580},{"Length":225,"Height":69,"Demand":1,"DemandMax":null,"Value":15525},{"Length":1,"Height":32,"Demand":3,"DemandMax":null,"Value":32},{"Length":260,"Height":177,"Demand":1,"DemandMax":null,"Value":46020},{"Length":80,"Height":284,"Demand":1,"DemandMax":null,"Value":22720},{"Length":96,"Height":113,"Demand":1,"DemandMax":null,"Value":10848},{"Length":196,"Height":37,"Demand":1,"DemandMax":null,"Value":7252},{"Length":5,"Height":87,"Demand":1,"DemandMax":null,"Value":435},{"Length":165,"Height":3,"Demand":1,"DemandMax":null,"Value":495},{"Length":10,"Height":1,"Demand":2,"DemandMax":null,"Value":10},{"Length":10,"Height":2,"Demand":1,"DemandMax":null,"Value":20},{"Length":1,"Height":181,"Demand":1,"DemandMax":null,"Value":181},{"Length":5,"Height":1,"Demand":3,"DemandMax":null,"Value":5},{"Length":214,"Height":2,"Demand":1,"DemandMax":null,"Value":428},{"Length":92,"Height":19,"Demand":1,"DemandMax":null,"Value":1748},{"Length":50,"Height":85,"Demand":1,"DemandMax":null,"Value":4250},{"Length":13,"Height":13,"Demand":1,"DemandMax":null,"Value":169},{"Length":72,"Height":161,"Demand":1,"DemandMax":null,"Value":11592},{"Length":24,"Height":9,"Demand":1,"DemandMax":null,"Value":216},{"Length":2,"Height":3,"Demand":4,"DemandMax":null,"Value":6},{"Length":42,"Height":2,"Demand":1,"DemandMax":null,"Value":84},{"Length":6,"Height":73,"Demand":1,"DemandMax":null,"Value":438},{"Length":47,"Height":7,"Demand":1,"DemandMax":null,"Value":329},{"Length":51,"Height":239,"Demand":1,"DemandMax":null,"Value":12189},{"Length":40,"Height":70,"Demand":1,"DemandMax":null,"Value":2800},{"Length":3,"Height":49,"Demand":1,"DemandMax":null,"Value":147},{"Length":92,"Height":53,"Demand":1,"DemandMax":null,"Value":4876},{"Length":34,"Height":9,"Demand":1,"DemandMax":null,"Value":306},{"Length":12,"Height":3,"Demand":1,"DemandMax":null,"Value":36},{"Length":37,"Height":7,"Demand":1,"DemandMax":null,"Value":259},{"Length":261,"Height":35,"Demand":1,"DemandMax":null,"Value":9135},{"Length":33,"Height":3,"Demand":1,"DemandMax":null,"Value":99},{"Length":87,"Height":214,"Demand":1,"DemandMax":null,"Value":18618},{"Length":22,"Height":25,"Demand":1,"DemandMax":null,"Value":550},{"Length":240,"Height":16,"Demand":1,"DemandMax":null,"Value":3840},{"Length":10,"Height":125,"Demand":1,"DemandMax":null,"Value":1250},{"Length":1,"Height":158,"Demand":1,"DemandMax":null,"Value":158},{"Length":39,"Height":1,"Demand":1,"DemandMax":null,"Value":39},{"Length":79,"Height":58,"Demand":1,"DemandMax":null,"Value":4582},{"Length":136,"Height":48,"Demand":1,"DemandMax":null,"Value":6528},{"Length":10,"Height":3,"Demand":1,"DemandMax":null,"Value":30},{"Length":2,"Height":10,"Demand":1,"DemandMax":null,"Value":20},{"Length":50,"Height":10,"Demand":1,"DemandMax":null,"Value":500},{"Length":9,"Height":1,"Demand":1,"DemandMax":null,"Value":9},{"Length":1,"Height":13,"Demand":2,"DemandMax":null,"Value":13},{"Length":18,"Height":18,"Demand":1,"DemandMax":null,"Value":324},{"Length":261,"Height":9,"Demand":1,"DemandMax":null,"Value":2349},{"Length":15,"Height":78,"Demand":1,"DemandMax":null,"Value":1170},{"Length":4,"Height":41,"Demand":1,"DemandMax":null,"Value":164},{"Length":186,"Height":29,"Demand":1,"DemandMax":null,"Value":5394},{"Length":5,"Height":15,"Demand":1,"DemandMax":null,"Value":75},{"Length":1,"Height":88,"Demand":1,"DemandMax":null,"Value":88},{"Length":32,"Height":1,"Demand":1,"DemandMax":null,"Value":32},{"Length":5,"Height":48,"Demand":1,"DemandMax":null,"Value":240},{"Length":33,"Height":17,"Demand":1,"DemandMax":null,"Value":561},{"Length":2,"Height":125,"Demand":1,"DemandMax":null,"Value":250},{"Length":2,"Height":31,"Demand":2,"DemandMax":null,"Value":62},{"Length":67,"Height":15,"Demand":1,"DemandMax":null,"Value":1005},{"Length":15,"Height":45,"Demand":1,"DemandMax":null,"Value":675},{"Length":36,"Height":11,"Demand":1,"DemandMax":null,"Value":396},{"Length":45,"Height":39,"Demand":1,"DemandMax":null,"Value":1755},{"Length":3,"Height":104,"Demand":1,"DemandMax":null,"Value":312},{"Length":6,"Height":7,"Demand":1,"DemandMax":null,"Value":42},{"Length":115,"Height":3,"Demand":1,"DemandMax":null,"Value":345},{"Length":46,"Height":12,"Demand":1,"DemandMax":null,"Value":552},{"Length":38,"Height":7,"Demand":2,"DemandMax":null,"Value":266},{"Length":145,"Height":203,"Demand":1,"DemandMax":null,"Value":29435},{"Length":50,"Height":6,"Demand":1,"DemandMax":null,"Value":300},{"Length":146,"Height":1,"Demand":1,"DemandMax":null,"Value":146},{"Length":156,"Height":100,"Demand":1,"DemandMax":null,"Value":15600},{"Length":79,"Height":226,"Demand":1,"DemandMax":null,"Value":17854},{"Length":6,"Height":96,"Demand":1,"DemandMax":null,"Value":576},{"Length":74,"Height":30,"Demand":1,"DemandMax":null,"Value":2220},{"Length":1,"Height":9,"Demand":1,"DemandMax":null,"Value":9},{"Length":13,"Height":31,"Demand":1,"DemandMax":null,"Value":403},{"Length":11,"Height":17,"Demand":1,"DemandMax":null,"Value":187},{"Length":9,"Height":176,"Demand":1,"DemandMax":null,"Value":1584},{"Length":54,"Height":239,"Demand":1,"DemandMax":null,"Value":12906},{"Length":152,"Height":2,"Demand":1,"DemandMax":null,"Value":304},{"Length":74,"Height":1,"Demand":1,"DemandMax":null,"Value":74},{"Length":289,"Height":4,"Demand":1,"DemandMax":null,"Value":1156},{"Length":46,"Height":1,"Demand":1,"DemandMax":null,"Value":46},{"Length":51,"Height":1,"Demand":1,"DemandMax":null,"Value":51},{"Length":1,"Height":64,"Demand":1,"DemandMax":null,"Value":64},{"Length":42,"Height":22,"Demand":1,"DemandMax":null,"Value":924},{"Length":225,"Height":32,"Demand":1,"DemandMax":null,"Value":7200},{"Length":44,"Height":83,"Demand":1,"DemandMax":null,"Value":3652},{"Length":60,"Height":1,"Demand":1,"DemandMax":null,"Value":60},{"Length":7,"Height":2,"Demand":1,"DemandMax":null,"Value":14},{"Length":1,"Height":119,"Demand":1,"DemandMax":null,"Value":119},{"Length":35,"Height":31,"Demand":1,"DemandMax":null,"Value":1085},{"Length":96,"Height":17,"Demand":1,"DemandMax":null,"Value":1632},{"Length":14,"Height":1,"Demand":1,"DemandMax":null,"Value":14},{"Length":26,"Height":47,"Demand":1,"DemandMax":null,"Value":1222},{"Length":109,"Height":1,"Demand":1,"DemandMax":null,"Value":109},{"Length":84,"Height":82,"Demand":1,"DemandMax":null,"Value":6888},{"Length":29,"Height":1,"Demand":1,"DemandMax":null,"Value":29},{"Length":1,"Height":47,"Demand":1,"DemandMax":null,"Value":47},{"Length":3,"Height":9,"Demand":1,"DemandMax":null,"Value":27},{"Length":241,"Height":69,"Demand":1,"DemandMax":null,"Value":16629},{"Length":31,"Height":10,"Demand":1,"DemandMax":null,"Value":310},{"Length":117,"Height":46,"Demand":1,"DemandMax":null,"Value":5382},{"Length":7,"Height":15,"Demand":1,"DemandMax":null,"Value":105},{"Length":8,"Height":46,"Demand":1,"DemandMax":null,"Value":368},{"Length":1,"Height":19,"Demand":1,"DemandMax":null,"Value":19},{"Length":2,"Height":1,"Demand":1,"DemandMax":null,"Value":2},{"Length":16,"Height":1,"Demand":1,"DemandMax":null,"Value":16},{"Length":24,"Height":1,"Demand":1,"DemandMax":null,"Value":24},{"Length":22,"Height":33,"Demand":1,"DemandMax":null,"Value":726},{"Length":2,"Height":2,"Demand":1,"DemandMax":null,"Value":4},{"Length":1,"Height":35,"Demand":1,"DemandMax":null,"Value":35},{"Length":25,"Height":32,"Demand":1,"DemandMax":null,"Value":800},{"Length":5,"Height":71,"Demand":1,"DemandMax":null,"Value":355},{"Length":6,"Height":28,"Demand":1,"DemandMax":null,"Value":168},{"Length":118,"Height":1,"Demand":1,"DemandMax":null,"Value":118},{"Length":2,"Height":32,"Demand":1,"DemandMax":null,"Value":64},{"Length":27,"Height":1,"Demand":1,"DemandMax":null,"Value":27},{"Length":9,"Height":3,"Demand":1,"DemandMax":null,"Value":27},{"Length":136,"Height":66,"Demand":1,"DemandMax":null,"Value":8976},{"Length":1,"Height":148,"Demand":1,"DemandMax":null,"Value":148},{"Length":2,"Height":37,"Demand":1,"DemandMax":null,"Value":74}]}