{"Name":"Nice400i6b2","Objects":[{"Length":408,"Height":278,"Stock":3,"Cost":113424},{"Length":491,"Height":339,"Stock":2,"Cost":166449},{"Length":231,"Height":278,"Stock":5,"Cost":64218},{"Length":1000,"Height":383,"Stock":5,"Cost":383000},{"Length":361,"Height":278,"Stock":6,"Cost":100358},{"Length":509,"Height":339,"Stock":3,"Cost":172551}],"Items":[{"Length":57,"Height":59,"Demand":1,"DemandMax":null,"Value":3363},{"Length":92,"Height":35,"Demand":1,"DemandMax":null,"Value":3220},{"Length":25,"Height":59,"Demand":1,"DemandMax":null,"Value":1475},{"Length":32,"Height":124,"Demand":1,"DemandMax":null,"Value":3968},{"Length":35,"Height":108,"Demand":2,"DemandMax":null,"Value":3780},{"Length":45,"Height":70,"Demand":1,"DemandMax":null,"Value":3150},{"Length":20,"Height":75,"Demand":1,"DemandMax":null,"Value":1500},{"Length":98,"Height":34,"Demand":1,"DemandMax":null,"Value":3332},{"Length":22,"Height":61,"Demand":1,"DemandMax":null,"Value":1342},{"Length":46,"Height":72,"Demand":2,"DemandMax":null,"Value":3312},{"Length":90,"Height":26,"Demand":2,"DemandMax":null,"Value":2340},{"Length":76,"Height":24,"Demand":1,"DemandMax":null,"Value":1824},{"Length":38,"Height":117,"Demand":1,"DemandMax":null,"Value":4446},{"Length":63,"Height":62,"Demand":1,"DemandMax":null,"Value":3906},{"Length":40,"Height":37,"Demand":1,"DemandMax":null,"Value":1480},{"Length":44,"Height":33,"Demand":2,"DemandMax":null,"Value":1452},{"Length":52,"Height":30,"Demand":1,"DemandMax":null,"Value":1560},{"Length":37,"Height":79,"Demand":1,"DemandMax":null,"Value":2923},{"Length":99,"Height":25,"Demand":1,"DemandMax":null,"Value":2475},{"Length":46,"Height":30,"Demand":1,"DemandMax":null,"Value":1380},{"Length":67,"Height":17,"Demand":1,"DemandMax":null,"Value":1139},{"Length":31,"Height":36,"Demand":1,"DemandMax":null,"Value":1116},{"Length":113,"Height":31,"Demand":1,"DemandMax":null,"Value":3503},{"Length":49,"Height":51,"Demand":1,"DemandMax":null,"Value":2499},{"Length":109,"Height":30,"Demand":1,"DemandMax":null,"Value":3270},{"Length":41,"Height":42,"Demand":2,"DemandMax":null,"Value":1722},{"Length":73,"Height":73,"Demand":1,"DemandMax":null,"Value":5329},{"Length":24,"Height":72,"Demand":1,"DemandMax":null,"Value":1728},{"Length":57,"Height":19,"Demand":1,"DemandMax":null,"Value":1083},{"Length":64,"Height":48,"Demand":2,"DemandMax":null,"Value":3072},{"Length":56,"Height":59,"Demand":2,"DemandMax":null,"Value":3304},{"Length":35,"Height":55,"Demand":1,"DemandMax":null,"Value":1925},{"Length":62,"Height":57,"Demand":2,"DemandMax":null,"Value":3534},{"Length":20,"Height":67,"Demand":1,"DemandMax":null,"Value":1340},{"Length":60,"Height":57,"Demand":1,"DemandMax":null,"Value":3420},{"Length":29,"Height":38,"Demand":1,"DemandMax":null,"Value":1102},{"Length":34,"Height":98,"Demand":1,"DemandMax":null,"Value":3332},{"Length":38,"Height":82,"Demand":1,"DemandMax":null,"Value":3116},{"Length":53,"Height":67,"Demand":1,"DemandMax":null,"Value":3551},{"Length":43,"Height":32,"Demand":1,"DemandMax":null,"Value":1376},{"Length":103,"Height":46,"Demand":1,"DemandMax":null,"Value":4738},{"Length":55,"Height":60,"Demand":1,"DemandMax":null,"Value":3300},{"Length":59,"Height":23,"Demand":1,"DemandMax":null,"Value":1357},{"Length":94,"Height":47,"Demand":1,"DemandMax":null,"Value":4418},{"Length":20,"Height":58,"Demand":2,"DemandMax":null,"Value":1160},{"Length":63,"Height":20,"Demand":2,"DemandMax":null,"Value":1260},{"Length":88,"Height":42,"Demand":1,"DemandMax":null,"Value":3696},{"Length":83,"Height":50,"Demand":1,"DemandMax":null,"Value":4150},{"Length":81,"Height":43,"Demand":1,"DemandMax":null,"Value":3483},{"Length":21,"Height":59,"Demand":2,"DemandMax":null,"Value":1239},{"Length":53,"Height":48,"Demand":3,"DemandMax":null,"Value":2544},{"Length":47,"Height":62,"Demand":1,"DemandMax":null,"Value":2914},{"Length":62,"Height":53,"Demand":1,"DemandMax":null,"Value":3286},{"Length":61,"Height":59,"Demand":1,"DemandMax":null,"Value":3599},{"Length":118,"Height":30,"Demand":2,"DemandMax":null,"Value":3540},{"Length":37,"Height":44,"Demand":1,"DemandMax":null,"Value":1628},{"Length":59,"Height":62,"Demand":1,"DemandMax":null,"Value":3658},{"Length":59,"Height":57,"Demand":1,"DemandMax":null,"Value":3363},{"Length":85,"Height":42,"Demand":1,"DemandMax":null,"Value":3570},{"Length":89,"Height":41,"Demand":1,"DemandMax":null,"Value":3649},{"Length":35,"Height":42,"Demand":1,"DemandMax":null,"Value":1470},{"Length":41,"Height":28,"Demand":1,"DemandMax":null,"Value":1148},{"Length":56,"Height":62,"Demand":1,"DemandMax":null,"Value":3472},{"Length":85,"Height":47,"Demand":1,"DemandMax":null,"Value":3995},{"Length":51,"Height":66,"Demand":1,"DemandMax":null,"Value":3366},{"Length":56,"Height":21,"Demand":2,"DemandMax":null,"Value":1176},{"Length":41,"Height":82,"Demand":1,"DemandMax":null,"Value":3362},{"Length":88,"Height":27,"Demand":1,"DemandMax":null,"Value":2376},{"Length":114,"Height":30,"Demand":1,"DemandMax":null,"Value":3420},{"Length":86,"Height":23,"Demand":2,"DemandMax":null,"Value":1978},{"Length":35,"Height":67,"Demand":2,"DemandMax":null,"Value":2345},{"Length":63,"Height":26,"Demand":1,"DemandMax":null,"Value":1638},{"Length":43,"Height":27,"Demand":1,"DemandMax":null,"Value":1161},{"Length":62,"Height":22,"Demand":1,"DemandMax":null,"Value":1364},{"Length":83,"Height":21,"Demand":1,"DemandMax":null,"Value":1743},{"Length":43,"Height":28,"Demand":1,"DemandMax":null,"Value":1204},{"Length":25,"Height":48,"Demand":1,"DemandMax":null,"Value":1200},{"Length":39,"Height":88,"Demand":1,"DemandMax":null,"Value":3432},{"Length":36,"Height":31,"Demand":3,"DemandMax":null,"Value":1116},{"Length":56,"Height":33,"Demand":1,"DemandMax":null,"Value":1848},{"Length":36,"Height":54,"Demand":2,"DemandMax":null,"Value":1944},{"Length":41,"Height":73,"Demand":1,"DemandMax":null,"Value":2993},{"Length":28,"Height":41,"Demand":1,"DemandMax":null,"Value":1148},{"Length":63,"Height":72,"Demand":2,"DemandMax":null,"Value":4536},{"Length":39,"Height":91,"Demand":1,"DemandMax":null,"Value":3549},{"Length":40,"Height":43,"Demand":1,"DemandMax":null,"Value":1720},{"Length":104,"Height":34,"Demand":1,"DemandMax":null,"Value":3536},{"Length":73,"Height":47,"Demand":1,"DemandMax":null,"Value":3431},{"Length":36,"Height":66,"Demand":1,"DemandMax":null,"Value":2376},{"Length":44,"Height":77,"Demand":1,"DemandMax":null,"Value":3388},{"Length":19,"Height":57,"Demand":1,"DemandMax":null,"Value":1083},{"Length":48,"Height":70,"Demand":1,"DemandMax":null,"Value":3360},{"Length":56,"Height":67,"Demand":1,"DemandMax":null,"Value":3752},{"Length":49,"Height":50,"Demand":1,"DemandMax":null,"Value":2450},{"Length":62,"Height":59,"Demand":1,"DemandMax":null,"Value":3658},{"Length":23,"Height":77,"Demand":1,"DemandMax":null,"Value":1771},{"Length":63,"Height":47,"Demand":1,"DemandMax":null,"Value":2961},{"Length":59,"Height":59,"Demand":1,"DemandMax":null,"Value":3481},{"Length":40,"Height":62,"Demand":1,"DemandMax":null,"Value":2480},{"Length":64,"Height":25,"Demand":1,"DemandMax":null,"Value":1600},{"Length":37,"Height":64,"Demand":1,"DemandMax":null,"Value":2368},{"Length":75,"Height":19,"Demand":2,"DemandMax":null,"Value":1425},{"Length":63,"Height":108,"Demand":1,"DemandMax":null,"Value":6804},{"Length":114,"Height":35,"Demand":1,"DemandMax":null,"Value":3990},{"Length":69,"Height":32,"Demand":1,"DemandMax":null,"Value":2208},{"Length":29,"Height":59,"Demand":2,"DemandMax":null,"Value":1711},{"Length":19,"Height":58,"Demand":2,"DemandMax":null,"Value":1102},{"Length":106,"Height":32,"Demand":2,"DemandMax":null,"Value":3392},{"Length":114,"Height":32,"Demand":1,"DemandMax":null,"Value":3648},{"Length":88,"Height":53,"Demand":1,"DemandMax":null,"Value":4664},{"Length":172,"Height":44,"Demand":1,"DemandMax":null,"Value":7568},{"Length":29,"Height":40,"Demand":1,"DemandMax":null,"Value":1160},{"Length":21,"Height":74,"Demand":1,"DemandMax":null,"Value":1554},{"Length":52,"Height":27,"Demand":1,"DemandMax":null,"Value":1404},{"Length":73,"Height":59,"Demand":1,"DemandMax":null,"Value":4307},{"Length":54,"Height":65,"Demand":1,"DemandMax":null,"Value":3510},{"Length":83,"Height":46,"Demand":1,"DemandMax":null,"Value":3818},{"Length":85,"Height":57,"Demand":1,"DemandMax":null,"Value":4845},{"Length":98,"Height":39,"Demand":1,"DemandMax":null,"Value":3822},{"Length":68,"Height":36,"Demand":2,"DemandMax":null,"Value":2448},{"Length":18,"Height":61,"Demand":2,"DemandMax":null,"Value":1098},{"Length":34,"Height":43,"Demand":1,"DemandMax":null,"Value":1462},{"Length":61,"Height":58,"Demand":1,"DemandMax":null,"Value":3538},{"Length":46,"Height":83,"Demand":1,"DemandMax":null,"Value":3818},{"Length":60,"Height":66,"Demand":1,"DemandMax":null,"Value":3960},{"Length":39,"Height":62,"Demand":1,"DemandMax":null,"Value":2418},{"Length":125,"Height":41,"Demand":1,"DemandMax":null,"Value":5125},{"Length":35,"Height":100,"Demand":1,"DemandMax":null,"Value":3500},{"Length":57,"Height":29,"Demand":1,"DemandMax":null,"Value":1653},{"Length":91,"Height":43,"Demand":1,"DemandMax":null,"Value":3913},{"Length":52,"Height":58,"Demand":1,"DemandMax":null,"Value":3016},{"Length":55,"Height":65,"Demand":1,"DemandMax":null,"Value":3575},{"Length":27,"Height":50,"Demand":1,"DemandMax":null,"Value":1350},{"Length":70,"Height":57,"Demand":1,"DemandMax":null,"Value":3990},{"Length":36,"Height":44,"Demand":1,"DemandMax":null,"Value":1584},{"Length":56,"Height":43,"Demand":2,"DemandMax":null,"Value":2408},{"Length":49,"Height":75,"Demand":2,"DemandMax":null,"Value":3675},{"Length":40,"Height":77,"Demand":1,"DemandMax":null,"Value":3080},{"Length":50,"Height":68,"Demand":1,"DemandMax":null,"Value":3400},{"Length":83,"Height":26,"Demand":2,"DemandMax":null,"Value":2158},{"Length":19,"Height":67,"Demand":2,"DemandMax":null,"Value":1273},{"Length":31,"Height":66,"Demand":2,"DemandMax":null,"Value":2046},{"Length":57,"Height":51,"Demand":1,"DemandMax":null,"Value":2907},{"Length":85,"Height":50,"Demand":1,"DemandMax":null,"Value":4250},{"Length":63,"Height":39,"Demand":1,"DemandMax":null,"Value":2457},{"Length":40,"Height":134,"Demand":1,"DemandMax":null,"Value":5360},{"Length":94,"Height":26,"Demand":1,"DemandMax":null,"Value":2444},{"Length":29,"Height":48,"Demand":1,"DemandMax":null,"Value":1392},{"Length":47,"Height":50,"Demand":1,"DemandMax":null,"Value":2350},{"Length":51,"Height":26,"Demand":1,"DemandMax":null,"Value":1326},{"Length":30,"Height":50,"Demand":1,"DemandMax":null,"Value":1500},{"Length":23,"Height":75,"Demand":1,"DemandMax":null,"Value":1725},{"Length":62,"Height":62,"Demand":1,"DemandMax":null,"Value":3844},{"Length":59,"Height":70,"Demand":1,"DemandMax":null,"Value":4130},{"Length":128,"Height":33,"Demand":1,"DemandMax":null,"Value":4224},{"Length":34,"Height":33,"Demand":1,"DemandMax":null,"Value":1122},{"Length":68,"Height":22,"Demand":1,"DemandMax":null,"Value":1496},{"Length":49,"Height":26,"Demand":1,"DemandMax":null,"Value":1274},{"Length":61,"Height":52,"Demand":1,"DemandMax":null,"Value":3172},{"Length":61,"Height":68,"Demand":1,"DemandMax":null,"Value":4148},{"Length":82,"Height":30,"Demand":1,"DemandMax":null,"Value":2460},{"Length":28,"Height":110,"Demand":1,"DemandMax":null,"Value":3080},{"Length":41,"Height":134,"Demand":1,"DemandMax":null,"Value":5494},{"Length":50,"Height":26,"Demand":1,"DemandMax":null,"Value":1300},{"Length":23,"Height":81,"Demand":1,"DemandMax":null,"Value":1863},{"Length":36,"Height":41,"Demand":1,"DemandMax":null,"Value":1476},{"Length":59,"Height":61,"Demand":1,"DemandMax":null,"Value":3599},{"Length":48,"Height":77,"Demand":1,"DemandMax":null,"Value":3696},{"Length":48,"Height":31,"Demand":1,"DemandMax":null,"Value":1488},{"Length":52,"Height":47,"Demand":1,"DemandMax":null,"Value":2444},{"Length":78,"Height":49,"Demand":1,"DemandMax":null,"Value":3822},{"Length":76,"Height":38,"Demand":2,"DemandMax":null,"Value":2888},{"Length":106,"Height":39,"Demand":1,"DemandMax":null,"Value":4134},{"Length":59,"Height":60,"Demand":1,"DemandMax":null,"Value":3540},{"Length":39,"Height":41,"Demand":1,"DemandMax":null,"Value":1599},{"Length":37,"Height":35,"Demand":1,"DemandMax":null,"Value":1295},{"Length":66,"Height":47,"Demand":1,"DemandMax":null,"Value":3102},{"Length":67,"Height":27,"Demand":1,"DemandMax":null,"Value":1809},{"Length":72,"Height":19,"Demand":1,"DemandMax":null,"Value":1368},{"Length":98,"Height":28,"Demand":1,"DemandMax":null,"Value":2744},{"Length":46,"Height":76,"Demand":1,"DemandMax":null,"Value":3496},{"Length":55,"Height":75,"Demand":1,"DemandMax":null,"Value":4125},{"Length":22,"Height":59,"Demand":1,"DemandMax":null,"Value":1298},{"Length":40,"Height":93,"Demand":2,"DemandMax":null,"Value":3720},{"Length":46,"Height":67,"Demand":1,"DemandMax":null,"Value":3082},{"Length":63,"Height":68,"Demand":1,"DemandMax":null,"Value":4284},{"Length":61,"Height":35,"Demand":1,"DemandMax":null,"Value":2135},{"Length":42,"Height":32,"Demand":1,"DemandMax":null,"Value":1344},{"Length":27,"Height":59,"Demand":1,"DemandMax":null,"Value":1593},{"Length":104,"Height":35,"Demand":1,"DemandMax":null,"Value":3640},{"Length":125,"Height":35,"Demand":1,"DemandMax":null,"Value":4375},{"Length":36,"Height":36,"Demand":2,"DemandMax":null,"Value":1296},{"Length":49,"Height":89,"Demand":1,"DemandMax":null,"Value":4361},{"Length":21,"Height":54,"Demand":3,"DemandMax":null,"Value":1134},{"Length":50,"Height":31,"Demand":1,"DemandMax":null,"Value":1550},{"Length":98,"Height":48,"Demand":1,"DemandMax":null,"Value":4704},{"Length":47,"Height":24,"Demand":1,"DemandMax":null,"Value":1128},{"Length":24,"Height":58,"Demand":1,"DemandMax":null,"Value":1392},{"Length":25,"Height":73,"Demand":1,"DemandMax":null,"Value":1825},{"Length":41,"Height":30,"Demand":1,"DemandMax":null,"Value":1230},{"Length":67,"Height":50,"Demand":1,"DemandMax":null,"Value":3350},{"Length":92,"Height":41,"Demand":1,"DemandMax":null,"Value":3772},{"Length":20,"Height":62,"Demand":2,"DemandMax":null,"Value":1240},{"Length":51,"Height":70,"Demand":1,"DemandMax":null,"Value":3570},{"Length":49,"Height":67,"Demand":2,"DemandMax":null,"Value":3283},{"Length":57,"Height":22,"Demand":1,"DemandMax":null,"Value":1254},{"Length":126,"Height":41,"Demand":1,"DemandMax":null,"Value":5166},{"Length":17,"Height":67,"Demand":1,"DemandMax":null,"Value":1139},{"Length":25,"Height":100,"Demand":1,"DemandMax":null,"Value":2500},{"Length":43,"Height":59,"Demand":1,"DemandMax":null,"Value":2537},{"Length":37,"Height":70,"Demand":1,"DemandMax":null,"Value":2590},{"Length":54,"Height":32,"Demand":1,"DemandMax":null,"Value":1728},{"Length":78,"Height":47,"Demand":1,"DemandMax":null,"Value":3666},{"Length":125,"Height":75,"Demand":1,"DemandMax":null,"Value":9375},{"Length":41,"Height":27,"Demand":2,"DemandMax":null,"Value":1107},{"Length":39,"Height":61,"Demand":1,"DemandMax":null,"Value":2379},{"Length":52,"Height":59,"Demand":1,"DemandMax":null,"Value":3068},{"Length":63,"Height":61,"Demand":1,"DemandMax":null,"Value":3843},{"Length":55,"Height":59,"Demand":1,"DemandMax":null,"Value":3245},{"Length":40,"Height":30,"Demand":1,"DemandMax":null,"Value":1200},{"Length":42,"Height":28,"Demand":1,"DemandMax":null,"Value":1176},{"Length":63,"Height":116,"Demand":1,"DemandMax":null,"Value":7308},{"Length":23,"Height":71,"Demand":1,"DemandMax":null,"Value":1633},{"Length":26,"Height":71,"Demand":1,"DemandMax":null,"Value":1846},{"Length":52,"Height":22,"Demand":1,"DemandMax":null,"Value":1144},{"Length":25,"Height":79,"Demand":1,"DemandMax":null,"Value":1975},{"Length":90,"Height":38,"Demand":1,"DemandMax":null,"Value":3420},{"Length":99,"Height":94,"Demand":1,"DemandMax":null,"Value":9306},{"Length":47,"Height":30,"Demand":1,"DemandMax":null,"Value":1410},{"Length":35,"Height":33,"Demand":1,"DemandMax":null,"Value":1155},{"Length":72,"Height":21,"Demand":1,"DemandMax":null,"Value":1512},{"Length":73,"Height":51,"Demand":1,"DemandMax":null,"Value":3723},{"Length":33,"Height":101,"Demand":1,"DemandMax":null,"Value":3333},{"Length":31,"Height":50,"Demand":3,"DemandMax":null,"Value":1550},{"Length":20,"Height":77,"Demand":1,"DemandMax":null,"Value":1540},{"Length":47,"Height":82,"Demand":1,"DemandMax":null,"Value":3854},{"Length":73,"Height":87,"Demand":1,"DemandMax":null,"Value":6351},{"Length":38,"Height":38,"Demand":1,"DemandMax":null,"Value":1444},{"Length":73,"Height":36,"Demand":1,"DemandMax":null,"Value":2628},{"Length":42,"Height":58,"Demand":1,"DemandMax":null,"Value":2436},{"Length":41,"Height":110,"Demand":1,"DemandMax":null,"Value":4510},{"Length":63,"Height":40,"Demand":1,"DemandMax":null,"Value":2520},{"Length":44,"Height":25,"Demand":1,"DemandMax":null,"Value":1100},{"Length":94,"Height":45,"Demand":1,"DemandMax":null,"Value":4230},{"Length":89,"Height":46,"Demand":1,"DemandMax":null,"Value":4094},{"Length":69,"Height":40,"Demand":1,"DemandMax":null,"Value":2760},{"Length":88,"Height":110,"Demand":1,"DemandMax":null,"Value":9680},{"Length":17,"Height":66,"Demand":1,"DemandMax":null,"Value":1122},{"Length":88,"Height":39,"Demand":1,"DemandMax":null,"Value":3432},{"Length":88,"Height":56,"Demand":1,"DemandMax":null,"Value":4928},{"Length":41,"Height":40,"Demand":1,"DemandMax":null,"Value":1640},{"Length":39,"Height":48,"Demand":1,"DemandMax":null,"Value":1872},{"Length":57,"Height":30,"Demand":1,"DemandMax":null,"Value":1710},{"Length":26,"Height":42,"Demand":1,"DemandMax":null,"Value":1092},{"Length":51,"Height":65,"Demand":1,"DemandMax":null,"Value":3315},{"Length":88,"Height":77,"Demand":1,"DemandMax":null,"Value":6776},{"Length":23,"Height":48,"Demand":1,"DemandMax":null,"Value":1104},{"Length":57,"Height":44,"Demand":1,"DemandMax":null,"Value":2508},{"Length":88,"Height":32,"Demand":1,"DemandMax":null,"Value":2816},{"Length":22,"Height":58,"Demand":1,"DemandMax":null,"Value":1276},{"Length":28,"Height":52,"Demand":1,"DemandMax":null,"Value":1456},{"Length":63,"Height":31,"Demand":1,"DemandMax":null,"Value":1953},{"Length":26,"Height":48,"Demand":1,"DemandMax":null,"Value":1248},{"Length":28,"Height":72,"Demand":1,"DemandMax":null,"Value":2016},{"Length":35,"Height":59,"Demand":1,"DemandMax":null,"Value":2065},{"Length":25,"Height":45,"Demand":1,"DemandMax":null,"Value":1125},{"Length":40,"Height":46,"Demand":1,"DemandMax":null,"Value":1840},{"Length":61,"Height":18,"Demand":1,"DemandMax":null,"Value":1098},{"Length":23,"Height":54,"Demand":1,"DemandMax":null,"Value":1242},{"Length":67,"Height":19,"Demand":1,"DemandMax":null,"Value":1273},{"Length":72,"Height":35,"Demand":1,"DemandMax":null,"Value":2520},{"Length":49,"Height":41,"Demand":1,"DemandMax":null,"Value":2009},{"Length":27,"Height":71,"Demand":2,"DemandMax":null,"Value":1917},{"Length":35,"Height":34,"Demand":1,"DemandMax":null,"Value":1190},{"Length":47,"Height":26,"Demand":1,"DemandMax":null,"Value":1222},{"Length":64,"Height":41,"Demand":1,"DemandMax":null,"Value":2624},{"Length":41,"Height":35,"Demand":1,"DemandMax":null,"Value":1435},{"Length":47,"Height":56,"Demand":1,"DemandMax":null,"Value":2632},{"Length":46,"Height":36,"Demand":1,"DemandMax":null,"Value":1656},{"Length":42,"Height":33,"Demand":1,"DemandMax":null,"Value":1386},{"Length":35,"Height":61,"Demand":1,"DemandMax":null,"Value":2135},{"Length":34,"Height":40,"Demand":1,"DemandMax":null,"Value":1360},{"Length":36,"Height":59,"Demand":1,"DemandMax":null,"Value":2124},{"Length":41,"Height":29,"Demand":1,"DemandMax":null,"Value":1189},{"Length":78,"Height":31,"Demand":1,"DemandMax":null,"Value":2418},{"Length":47,"Height":27,"Demand":1,"DemandMax":null,"Value":1269},{"Length":27,"Height":75,"Demand":1,"DemandMax":null,"Value":2025},{"Length":25,"Height":58,"Demand":1,"DemandMax":null,"Value":1450},{"Length":49,"Height":27,"Demand":1,"DemandMax":null,"Value":1323},{"Length":67,"Height":40,"Demand":1,"DemandMax":null,"Value":2680},{"Length":31,"Height":59,"Demand":1,"DemandMax":null,"Value":1829},{"Length":41,"Height":33,"Demand":1,"DemandMax":null,"Value":1353},{"Length":29,"Height":77,"Demand":1,"DemandMax":null,"Value":2233},{"Length":85,"Height":32,"Demand":1,"DemandMax":null,"Value":2720},{"Length":31,"Height":74,"Demand":1,"DemandMax":null,"Value":2294},{"Length":59,"Height":38,"Demand":1,"DemandMax":null,"Value":2242},{"Length":25,"Height":52,"Demand":1,"DemandMax":null,"Value":1300},{"Length":61,"Height":20,"Demand":1,"DemandMax":null,"Value":1220},{"Length":52,"Height":54,"Demand":1,"DemandMax":null,"Value":2808},{"Length":46,"Height":32,"Demand":1,"DemandMax":null,"Value":1472},{"Length":40,"Height":28,"Demand":1,"DemandMax":null,"Value":1120},{"Length":37,"Height":30,"Demand":1,"DemandMax":null,"Value":1110},{"Length":26,"Height":67,"Demand":1,"DemandMax":null,"Value":1742},{"Length":52,"Height":25,"Demand":1,"DemandMax":null,"Value":1300},{"Length":41,"Height":44,"Demand":1,"DemandMax":null,"Value":1804},{"Length":44,"Height":29,"Demand":1,"DemandMax":null,"Value":1276},{"Length":30,"Height":77,"Demand":1,"DemandMax":null,"Value":2310},{"Length":26,"Height":75,"Demand":1,"DemandMax":null,"Value":1950},{"Length":40,"Height":32,"Demand":1,"DemandMax":null,"Value":1280},{"Length":43,"Height":30,"Demand":1,"DemandMax":null,"Value":1290},{"Length":34,"Height":32,"Demand":1,"DemandMax":null,"Value":1088},{"Length":62,"Height":33,"Demand":1,"DemandMax":null,"Value":2046},{"Length":28,"Height":59,"Demand":1,"DemandMax":null,"Value":1652},{"Length":43,"Height":55,"Demand":1,"DemandMax":null,"Value":2365},{"Length":27,"Height":61,"Demand":1,"DemandMax":null,"Value":1647},{"Length":76,"Height":44,"Demand":1,"DemandMax":null,"Value":3344},{"Length":36,"Height":37,"Demand":1,"DemandMax":null,"Value":1332},{"Length":86,"Height":26,"Demand":1,"DemandMax":null,"Value":2236},{"Length":86,"Height":31,"Demand":1,"DemandMax":null,"Value":2666},{"Length":35,"Height":66,"Demand":1,"DemandMax":null,"Value":2310},{"Length":26,"Height":79,"Demand":1,"DemandMax":null,"Value":2054},{"Length":52,"Height":44,"Demand":1,"DemandMax":null,"Value":2288},{"Length":46,"Height":38,"Demand":1,"DemandMax":null,"Value":1748},{"Length":61,"Height":40,"Demand":1,"DemandMax":null,"Value":2440},{"Length":75,"Height":24,"Demand":1,"DemandMax":null,"Value":1800},{"Length":55,"Height":32,"Demand":1,"DemandMax":null,"Value":1760},{"Length":54,"Height":26,"Demand":1,"DemandMax":null,"Value":1404},{"Length":76,"Height":25,"Demand":1,"DemandMax":null,"Value":1900},{"Length":24,"Height":54,"Demand":1,"DemandMax":null,"Value":1296},{"Length":68,"Height":29,"Demand":1,"DemandMax":null,"Value":1972},{"Length":40,"Height":31,"Demand":1,"DemandMax":null,"Value":1240},{"Length":42,"Height":29,"Demand":1,"DemandMax":null,"Value":1218},{"Length":69,"Height":43,"Demand":1,"DemandMax":null,"Value":2967},{"Length":48,"Height":42,"Demand":1,"DemandMax":null,"Value":2016},{"Length":38,"Height":36,"Demand":1,"DemandMax":null,"Value":1368},{"Length":57,"Height":39,"Demand":1,"DemandMax":null,"Value":2223},{"Length":46,"Height":42,"Demand":1,"DemandMax":null,"Value":1932},{"Length":34,"Height":81,"Demand":1,"DemandMax":null,"Value":2754},{"Length":69,"Height":35,"Demand":1,"DemandMax":null,"Value":2415},{"Length":30,"Height":67,"Demand":1,"DemandMax":null,"Value":2010},{"Length":34,"Height":37,"Demand":1,"DemandMax":null,"Value":1258},{"Length":33,"Height":73,"Demand":1,"DemandMax":null,"Value":2409},{"Length":40,"Height":55,"Demand":1,"DemandMax":null,"Value":2200},{"Length":31,"Height":42,"Demand":1,"DemandMax":null,"Value":1302},{"Length":36,"Height":80,"Demand":1,"DemandMax":null,"Value":2880},{"Length":27,"Height":51,"Demand":1,"DemandMax":null,"Value":1377},{"Length":38,"Height":32,"Demand":1,"DemandMax":null,"Value":1216},{"Length":48,"Height":41,"Demand":1,"DemandMax":null,"Value":1968},{"Length":37,"Height":31,"Demand":1,"DemandMax":null,"Value":1147},{"Length":25,"Height":81,"Demand":1,"DemandMax":null,"Value":2025},{"Length":50,"Height":57,"Demand":1,"DemandMax":null,"Value":2850},{"Length":56,"Height":23,"Demand":1,"DemandMax":null,"Value":1288},{"Length":49,"Height":93,"Demand":1,"DemandMax":null,"Value":4557},{"Length":40,"Height":59,"Demand":1,"DemandMax":null,"Value":2360},{"Length":63,"Height":30,"Demand":1,"DemandMax":null,"Value":1890},{"Length":31,"Height":45,"Demand":1,"DemandMax":null,"Value":1395},{"Length":90,"Height":55,"Demand":1,"DemandMax":null,"Value":4950}]}