{"Name":"Nice300i4b1","Objects":[{"Length":398,"Height":402,"Stock":5,"Cost":159996},{"Length":225,"Height":598,"Stock":6,"Cost":134550},{"Length":602,"Height":402,"Stock":2,"Cost":242004},{"Length":775,"Height":598,"Stock":4,"Cost":463450}],"Items":[{"Length":85,"Height":66,"Demand":1,"DemandMax":null,"Value":5610},{"Length":40,"Height":84,"Demand":1,"DemandMax":null,"Value":3360},{"Length":26,"Height":73,"Demand":1,"DemandMax":null,"Value":1898},{"Length":27,"Height":107,"Demand":1,"DemandMax":null,"Value":2889},{"Length":27,"Height":52,"Demand":1,"DemandMax":null,"Value":1404},{"Length":31,"Height":50,"Demand":1,"DemandMax":null,"Value":1550},{"Length":45,"Height":51,"Demand":1,"DemandMax":null,"Value":2295},{"Length":45,"Height":50,"Demand":1,"DemandMax":null,"Value":2250},{"Length":36,"Height":66,"Demand":2,"DemandMax":null,"Value":2376},{"Length":41,"Height":81,"Demand":1,"DemandMax":null,"Value":3321},{"Length":94,"Height":57,"Demand":1,"DemandMax":null,"Value":5358},{"Length":104,"Height":41,"Demand":1,"DemandMax":null,"Value":4264},{"Length":109,"Height":79,"Demand":1,"DemandMax":null,"Value":8611},{"Length":44,"Height":35,"Demand":2,"DemandMax":null,"Value":1540},{"Length":59,"Height":31,"Demand":2,"DemandMax":null,"Value":1829},{"Length":56,"Height":103,"Demand":1,"DemandMax":null,"Value":5768},{"Length":30,"Height":118,"Demand":1,"DemandMax":null,"Value":3540},{"Length":150,"Height":39,"Demand":1,"DemandMax":null,"Value":5850},{"Length":77,"Height":27,"Demand":1,"DemandMax":null,"Value":2079},{"Length":74,"Height":21,"Demand":1,"DemandMax":null,"Value":1554},{"Length":38,"Height":44,"Demand":1,"DemandMax":null,"Value":1672},{"Length":45,"Height":146,"Demand":1,"DemandMax":null,"Value":6570},{"Length":51,"Height":40,"Demand":1,"DemandMax":null,"Value":2040},{"Length":55,"Height":43,"Demand":1,"DemandMax":null,"Value":2365},{"Length":39,"Height":64,"Demand":1,"DemandMax":null,"Value":2496},{"Length":82,"Height":85,"Demand":1,"DemandMax":null,"Value":6970},{"Length":60,"Height":113,"Demand":1,"DemandMax":null,"Value":6780},{"Length":49,"Height":194,"Demand":1,"DemandMax":null,"Value":9506},{"Length":40,"Height":51,"Demand":1,"DemandMax":null,"Value":2040},{"Length":81,"Height":30,"Demand":1,"DemandMax":null,"Value":2430},{"Length":92,"Height":80,"Demand":1,"DemandMax":null,"Value":7360},{"Length":63,"Height":80,"Demand":1,"DemandMax":null,"Value":5040},{"Length":20,"Height":68,"Demand":1,"DemandMax":null,"Value":1360},{"Length":75,"Height":93,"Demand":1,"DemandMax":null,"Value":6975},{"Length":94,"Height":119,"Demand":1,"DemandMax":null,"Value":11186},{"Length":29,"Height":47,"Demand":2,"DemandMax":null,"Value":1363},{"Length":50,"Height":171,"Demand":1,"DemandMax":null,"Value":8550},{"Length":56,"Height":65,"Demand":1,"DemandMax":null,"Value":3640},{"Length":24,"Height":62,"Demand":1,"DemandMax":null,"Value":1488},{"Length":95,"Height":74,"Demand":1,"DemandMax":null,"Value":7030},{"Length":56,"Height":133,"Demand":1,"DemandMax":null,"Value":7448},{"Length":48,"Height":42,"Demand":1,"DemandMax":null,"Value":2016},{"Length":29,"Height":56,"Demand":1,"DemandMax":null,"Value":1624},{"Length":49,"Height":58,"Demand":1,"DemandMax":null,"Value":2842},{"Length":32,"Height":45,"Demand":1,"DemandMax":null,"Value":1440},{"Length":59,"Height":25,"Demand":1,"DemandMax":null,"Value":1475},{"Length":49,"Height":158,"Demand":1,"DemandMax":null,"Value":7742},{"Length":100,"Height":55,"Demand":1,"DemandMax":null,"Value":5500},{"Length":34,"Height":102,"Demand":1,"DemandMax":null,"Value":3468},{"Length":26,"Height":97,"Demand":2,"DemandMax":null,"Value":2522},{"Length":39,"Height":55,"Demand":2,"DemandMax":null,"Value":2145},{"Length":92,"Height":104,"Demand":1,"DemandMax":null,"Value":9568},{"Length":53,"Height":56,"Demand":1,"DemandMax":null,"Value":2968},{"Length":81,"Height":31,"Demand":1,"DemandMax":null,"Value":2511},{"Length":115,"Height":63,"Demand":1,"DemandMax":null,"Value":7245},{"Length":84,"Height":85,"Demand":1,"DemandMax":null,"Value":7140},{"Length":70,"Height":113,"Demand":1,"DemandMax":null,"Value":7910},{"Length":78,"Height":90,"Demand":1,"DemandMax":null,"Value":7020},{"Length":86,"Height":42,"Demand":1,"DemandMax":null,"Value":3612},{"Length":28,"Height":51,"Demand":1,"DemandMax":null,"Value":1428},{"Length":122,"Height":73,"Demand":1,"DemandMax":null,"Value":8906},{"Length":71,"Height":113,"Demand":1,"DemandMax":null,"Value":8023},{"Length":26,"Height":58,"Demand":1,"DemandMax":null,"Value":1508},{"Length":76,"Height":23,"Demand":1,"DemandMax":null,"Value":1748},{"Length":97,"Height":34,"Demand":1,"DemandMax":null,"Value":3298},{"Length":41,"Height":64,"Demand":1,"DemandMax":null,"Value":2624},{"Length":41,"Height":42,"Demand":1,"DemandMax":null,"Value":1722},{"Length":122,"Height":37,"Demand":1,"DemandMax":null,"Value":4514},{"Length":80,"Height":22,"Demand":1,"DemandMax":null,"Value":1760},{"Length":50,"Height":37,"Demand":1,"DemandMax":null,"Value":1850},{"Length":121,"Height":83,"Demand":1,"DemandMax":null,"Value":10043},{"Length":55,"Height":42,"Demand":1,"DemandMax":null,"Value":2310},{"Length":51,"Height":83,"Demand":1,"DemandMax":null,"Value":4233},{"Length":44,"Height":56,"Demand":1,"DemandMax":null,"Value":2464},{"Length":23,"Height":67,"Demand":1,"DemandMax":null,"Value":1541},{"Length":45,"Height":41,"Demand":1,"DemandMax":null,"Value":1845},{"Length":20,"Height":74,"Demand":1,"DemandMax":null,"Value":1480},{"Length":60,"Height":28,"Demand":1,"DemandMax":null,"Value":1680},{"Length":32,"Height":93,"Demand":1,"DemandMax":null,"Value":2976},{"Length":65,"Height":21,"Demand":1,"DemandMax":null,"Value":1365},{"Length":32,"Height":43,"Demand":1,"DemandMax":null,"Value":1376},{"Length":50,"Height":145,"Demand":1,"DemandMax":null,"Value":7250},{"Length":42,"Height":81,"Demand":1,"DemandMax":null,"Value":3402},{"Length":85,"Height":25,"Demand":1,"DemandMax":null,"Value":2125},{"Length":23,"Height":60,"Demand":2,"DemandMax":null,"Value":1380},{"Length":45,"Height":33,"Demand":1,"DemandMax":null,"Value":1485},{"Length":37,"Height":48,"Demand":1,"DemandMax":null,"Value":1776},{"Length":110,"Height":34,"Demand":1,"DemandMax":null,"Value":3740},{"Length":100,"Height":26,"Demand":1,"DemandMax":null,"Value":2600},{"Length":56,"Height":81,"Demand":1,"DemandMax":null,"Value":4536},{"Length":95,"Height":56,"Demand":1,"DemandMax":null,"Value":5320},{"Length":42,"Height":157,"Demand":1,"DemandMax":null,"Value":6594},{"Length":108,"Height":48,"Demand":1,"DemandMax":null,"Value":5184},{"Length":66,"Height":24,"Demand":1,"DemandMax":null,"Value":1584},{"Length":94,"Height":68,"Demand":1,"DemandMax":null,"Value":6392},{"Length":47,"Height":35,"Demand":1,"DemandMax":null,"Value":1645},{"Length":60,"Height":29,"Demand":1,"DemandMax":null,"Value":1740},{"Length":116,"Height":79,"Demand":1,"DemandMax":null,"Value":9164},{"Length":32,"Height":64,"Demand":2,"DemandMax":null,"Value":2048},{"Length":72,"Height":72,"Demand":1,"DemandMax":null,"Value":5184},{"Length":84,"Height":73,"Demand":1,"DemandMax":null,"Value":6132},{"Length":90,"Height":62,"Demand":1,"DemandMax":null,"Value":5580},{"Length":32,"Height":56,"Demand":2,"DemandMax":null,"Value":1792},{"Length":36,"Height":122,"Demand":1,"DemandMax":null,"Value":4392},{"Length":48,"Height":31,"Demand":1,"DemandMax":null,"Value":1488},{"Length":21,"Height":75,"Demand":1,"DemandMax":null,"Value":1575},{"Length":108,"Height":73,"Demand":1,"DemandMax":null,"Value":7884},{"Length":122,"Height":62,"Demand":1,"DemandMax":null,"Value":7564},{"Length":77,"Height":112,"Demand":1,"DemandMax":null,"Value":8624},{"Length":46,"Height":133,"Demand":1,"DemandMax":null,"Value":6118},{"Length":27,"Height":108,"Demand":1,"DemandMax":null,"Value":2916},{"Length":81,"Height":23,"Demand":1,"DemandMax":null,"Value":1863},{"Length":69,"Height":75,"Demand":1,"DemandMax":null,"Value":5175},{"Length":88,"Height":23,"Demand":1,"DemandMax":null,"Value":2024},{"Length":64,"Height":36,"Demand":1,"DemandMax":null,"Value":2304},{"Length":42,"Height":35,"Demand":1,"DemandMax":null,"Value":1470},{"Length":30,"Height":59,"Demand":1,"DemandMax":null,"Value":1770},{"Length":61,"Height":23,"Demand":1,"DemandMax":null,"Value":1403},{"Length":77,"Height":20,"Demand":2,"DemandMax":null,"Value":1540},{"Length":96,"Height":51,"Demand":1,"DemandMax":null,"Value":4896},{"Length":31,"Height":103,"Demand":1,"DemandMax":null,"Value":3193},{"Length":62,"Height":33,"Demand":1,"DemandMax":null,"Value":2046},{"Length":50,"Height":52,"Demand":1,"DemandMax":null,"Value":2600},{"Length":53,"Height":146,"Demand":1,"DemandMax":null,"Value":7738},{"Length":44,"Height":150,"Demand":1,"DemandMax":null,"Value":6600},{"Length":34,"Height":42,"Demand":1,"DemandMax":null,"Value":1428},{"Length":37,"Height":77,"Demand":1,"DemandMax":null,"Value":2849},{"Length":90,"Height":23,"Demand":1,"DemandMax":null,"Value":2070},{"Length":92,"Height":107,"Demand":1,"DemandMax":null,"Value":9844},{"Length":61,"Height":24,"Demand":2,"DemandMax":null,"Value":1464},{"Length":32,"Height":54,"Demand":1,"DemandMax":null,"Value":1728},{"Length":21,"Height":68,"Demand":1,"DemandMax":null,"Value":1428},{"Length":72,"Height":74,"Demand":1,"DemandMax":null,"Value":5328},{"Length":60,"Height":83,"Demand":1,"DemandMax":null,"Value":4980},{"Length":80,"Height":57,"Demand":1,"DemandMax":null,"Value":4560},{"Length":81,"Height":24,"Demand":1,"DemandMax":null,"Value":1944},{"Length":30,"Height":84,"Demand":1,"DemandMax":null,"Value":2520},{"Length":86,"Height":51,"Demand":1,"DemandMax":null,"Value":4386},{"Length":51,"Height":87,"Demand":1,"DemandMax":null,"Value":4437},{"Length":52,"Height":45,"Demand":2,"DemandMax":null,"Value":2340},{"Length":66,"Height":29,"Demand":1,"DemandMax":null,"Value":1914},{"Length":92,"Height":53,"Demand":1,"DemandMax":null,"Value":4876},{"Length":41,"Height":47,"Demand":2,"DemandMax":null,"Value":1927},{"Length":41,"Height":38,"Demand":1,"DemandMax":null,"Value":1558},{"Length":51,"Height":57,"Demand":1,"DemandMax":null,"Value":2907},{"Length":43,"Height":50,"Demand":1,"DemandMax":null,"Value":2150},{"Length":98,"Height":51,"Demand":1,"DemandMax":null,"Value":4998},{"Length":45,"Height":37,"Demand":1,"DemandMax":null,"Value":1665},{"Length":56,"Height":34,"Demand":1,"DemandMax":null,"Value":1904},{"Length":86,"Height":37,"Demand":1,"DemandMax":null,"Value":3182},{"Length":63,"Height":31,"Demand":1,"DemandMax":null,"Value":1953},{"Length":82,"Height":75,"Demand":1,"DemandMax":null,"Value":6150},{"Length":61,"Height":31,"Demand":2,"DemandMax":null,"Value":1891},{"Length":36,"Height":50,"Demand":1,"DemandMax":null,"Value":1800},{"Length":41,"Height":40,"Demand":1,"DemandMax":null,"Value":1640},{"Length":33,"Height":47,"Demand":1,"DemandMax":null,"Value":1551},{"Length":85,"Height":56,"Demand":1,"DemandMax":null,"Value":4760},{"Length":26,"Height":57,"Demand":1,"DemandMax":null,"Value":1482},{"Length":33,"Height":60,"Demand":1,"DemandMax":null,"Value":1980},{"Length":62,"Height":81,"Demand":1,"DemandMax":null,"Value":5022},{"Length":43,"Height":52,"Demand":1,"DemandMax":null,"Value":2236},{"Length":55,"Height":55,"Demand":1,"DemandMax":null,"Value":3025},{"Length":76,"Height":50,"Demand":1,"DemandMax":null,"Value":3800},{"Length":52,"Height":43,"Demand":1,"DemandMax":null,"Value":2236},{"Length":27,"Height":97,"Demand":1,"DemandMax":null,"Value":2619},{"Length":71,"Height":60,"Demand":1,"DemandMax":null,"Value":4260},{"Length":29,"Height":68,"Demand":1,"DemandMax":null,"Value":1972},{"Length":44,"Height":34,"Demand":1,"DemandMax":null,"Value":1496},{"Length":35,"Height":51,"Demand":1,"DemandMax":null,"Value":1785},{"Length":22,"Height":81,"Demand":1,"DemandMax":null,"Value":1782},{"Length":26,"Height":55,"Demand":1,"DemandMax":null,"Value":1430},{"Length":34,"Height":40,"Demand":1,"DemandMax":null,"Value":1360},{"Length":71,"Height":94,"Demand":1,"DemandMax":null,"Value":6674},{"Length":64,"Height":48,"Demand":1,"DemandMax":null,"Value":3072},{"Length":30,"Height":47,"Demand":2,"DemandMax":null,"Value":1410},{"Length":55,"Height":112,"Demand":1,"DemandMax":null,"Value":6160},{"Length":66,"Height":31,"Demand":1,"DemandMax":null,"Value":2046},{"Length":80,"Height":34,"Demand":1,"DemandMax":null,"Value":2720},{"Length":41,"Height":39,"Demand":1,"DemandMax":null,"Value":1599},{"Length":41,"Height":41,"Demand":1,"DemandMax":null,"Value":1681},{"Length":107,"Height":45,"Demand":1,"DemandMax":null,"Value":4815},{"Length":99,"Height":83,"Demand":1,"DemandMax":null,"Value":8217},{"Length":38,"Height":45,"Demand":1,"DemandMax":null,"Value":1710},{"Length":22,"Height":64,"Demand":1,"DemandMax":null,"Value":1408},{"Length":97,"Height":56,"Demand":1,"DemandMax":null,"Value":5432},{"Length":104,"Height":42,"Demand":1,"DemandMax":null,"Value":4368},{"Length":81,"Height":37,"Demand":1,"DemandMax":null,"Value":2997},{"Length":38,"Height":42,"Demand":1,"DemandMax":null,"Value":1596},{"Length":85,"Height":46,"Demand":1,"DemandMax":null,"Value":3910},{"Length":88,"Height":52,"Demand":1,"DemandMax":null,"Value":4576},{"Length":23,"Height":84,"Demand":1,"DemandMax":null,"Value":1932},{"Length":55,"Height":35,"Demand":1,"DemandMax":null,"Value":1925},{"Length":59,"Height":30,"Demand":1,"DemandMax":null,"Value":1770},{"Length":38,"Height":64,"Demand":1,"DemandMax":null,"Value":2432},{"Length":30,"Height":68,"Demand":1,"DemandMax":null,"Value":2040},{"Length":58,"Height":30,"Demand":1,"DemandMax":null,"Value":1740},{"Length":122,"Height":38,"Demand":1,"DemandMax":null,"Value":4636},{"Length":62,"Height":64,"Demand":1,"DemandMax":null,"Value":3968},{"Length":26,"Height":56,"Demand":2,"DemandMax":null,"Value":1456},{"Length":34,"Height":53,"Demand":1,"DemandMax":null,"Value":1802},{"Length":59,"Height":32,"Demand":1,"DemandMax":null,"Value":1888},{"Length":59,"Height":108,"Demand":1,"DemandMax":null,"Value":6372},{"Length":76,"Height":66,"Demand":1,"DemandMax":null,"Value":5016},{"Length":32,"Height":49,"Demand":1,"DemandMax":null,"Value":1568},{"Length":65,"Height":25,"Demand":1,"DemandMax":null,"Value":1625},{"Length":61,"Height":88,"Demand":1,"DemandMax":null,"Value":5368},{"Length":56,"Height":38,"Demand":1,"DemandMax":null,"Value":2128},{"Length":52,"Height":48,"Demand":1,"DemandMax":null,"Value":2496},{"Length":31,"Height":84,"Demand":1,"DemandMax":null,"Value":2604},{"Length":61,"Height":49,"Demand":1,"DemandMax":null,"Value":2989},{"Length":52,"Height":118,"Demand":1,"DemandMax":null,"Value":6136},{"Length":60,"Height":24,"Demand":1,"DemandMax":null,"Value":1440},{"Length":66,"Height":81,"Demand":1,"DemandMax":null,"Value":5346},{"Length":70,"Height":50,"Demand":1,"DemandMax":null,"Value":3500},{"Length":58,"Height":78,"Demand":1,"DemandMax":null,"Value":4524},{"Length":34,"Height":46,"Demand":1,"DemandMax":null,"Value":1564},{"Length":43,"Height":37,"Demand":1,"DemandMax":null,"Value":1591},{"Length":27,"Height":81,"Demand":1,"DemandMax":null,"Value":2187},{"Length":29,"Height":67,"Demand":1,"DemandMax":null,"Value":1943},{"Length":66,"Height":34,"Demand":1,"DemandMax":null,"Value":2244},{"Length":24,"Height":61,"Demand":1,"DemandMax":null,"Value":1464},{"Length":53,"Height":115,"Demand":1,"DemandMax":null,"Value":6095},{"Length":59,"Height":33,"Demand":1,"DemandMax":null,"Value":1947},{"Length":46,"Height":34,"Demand":1,"DemandMax":null,"Value":1564},{"Length":41,"Height":52,"Demand":1,"DemandMax":null,"Value":2132},{"Length":22,"Height":85,"Demand":1,"DemandMax":null,"Value":1870},{"Length":31,"Height":57,"Demand":1,"DemandMax":null,"Value":1767},{"Length":56,"Height":88,"Demand":1,"DemandMax":null,"Value":4928},{"Length":48,"Height":116,"Demand":1,"DemandMax":null,"Value":5568},{"Length":23,"Height":85,"Demand":1,"DemandMax":null,"Value":1955},{"Length":61,"Height":37,"Demand":1,"DemandMax":null,"Value":2257},{"Length":43,"Height":45,"Demand":1,"DemandMax":null,"Value":1935},{"Length":43,"Height":73,"Demand":1,"DemandMax":null,"Value":3139},{"Length":24,"Height":57,"Demand":1,"DemandMax":null,"Value":1368},{"Length":50,"Height":35,"Demand":1,"DemandMax":null,"Value":1750},{"Length":75,"Height":31,"Demand":1,"DemandMax":null,"Value":2325},{"Length":85,"Height":28,"Demand":1,"DemandMax":null,"Value":2380},{"Length":29,"Height":57,"Demand":1,"DemandMax":null,"Value":1653},{"Length":81,"Height":32,"Demand":1,"DemandMax":null,"Value":2592},{"Length":29,"Height":50,"Demand":1,"DemandMax":null,"Value":1450},{"Length":89,"Height":61,"Demand":1,"DemandMax":null,"Value":5429},{"Length":33,"Height":61,"Demand":1,"DemandMax":null,"Value":2013},{"Length":77,"Height":67,"Demand":1,"DemandMax":null,"Value":5159},{"Length":38,"Height":36,"Demand":1,"DemandMax":null,"Value":1368},{"Length":77,"Height":66,"Demand":1,"DemandMax":null,"Value":5082},{"Length":32,"Height":47,"Demand":1,"DemandMax":null,"Value":1504},{"Length":21,"Height":77,"Demand":1,"DemandMax":null,"Value":1617},{"Length":65,"Height":66,"Demand":1,"DemandMax":null,"Value":4290},{"Length":32,"Height":51,"Demand":1,"DemandMax":null,"Value":1632},{"Length":60,"Height":31,"Demand":1,"DemandMax":null,"Value":1860},{"Length":25,"Height":55,"Demand":2,"DemandMax":null,"Value":1375},{"Length":59,"Height":46,"Demand":1,"DemandMax":null,"Value":2714},{"Length":96,"Height":42,"Demand":1,"DemandMax":null,"Value":4032},{"Length":33,"Height":84,"Demand":1,"DemandMax":null,"Value":2772},{"Length":45,"Height":35,"Demand":1,"DemandMax":null,"Value":1575},{"Length":81,"Height":46,"Demand":1,"DemandMax":null,"Value":3726},{"Length":62,"Height":49,"Demand":1,"DemandMax":null,"Value":3038},{"Length":21,"Height":74,"Demand":1,"DemandMax":null,"Value":1554},{"Length":100,"Height":73,"Demand":1,"DemandMax":null,"Value":7300},{"Length":74,"Height":56,"Demand":1,"DemandMax":null,"Value":4144},{"Length":53,"Height":78,"Demand":1,"DemandMax":null,"Value":4134},{"Length":73,"Height":58,"Demand":1,"DemandMax":null,"Value":4234},{"Length":83,"Height":52,"Demand":1,"DemandMax":null,"Value":4316},{"Length":64,"Height":64,"Demand":1,"DemandMax":null,"Value":4096},{"Length":64,"Height":40,"Demand":1,"DemandMax":null,"Value":2560},{"Length":71,"Height":48,"Demand":1,"DemandMax":null,"Value":3408},{"Length":57,"Height":37,"Demand":1,"DemandMax":null,"Value":2109},{"Length":43,"Height":36,"Demand":1,"DemandMax":null,"Value":1548},{"Length":40,"Height":106,"Demand":1,"DemandMax":null,"Value":4240},{"Length":110,"Height":39,"Demand":1,"DemandMax":null,"Value":4290},{"Length":42,"Height":107,"Demand":1,"DemandMax":null,"Value":4494},{"Length":45,"Height":83,"Demand":1,"DemandMax":null,"Value":3735},{"Length":42,"Height":111,"Demand":1,"DemandMax":null,"Value":4662},{"Length":27,"Height":64,"Demand":1,"DemandMax":null,"Value":1728},{"Length":45,"Height":94,"Demand":1,"DemandMax":null,"Value":4230},{"Length":63,"Height":71,"Demand":1,"DemandMax":null,"Value":4473},{"Length":74,"Height":52,"Demand":1,"DemandMax":null,"Value":3848},{"Length":40,"Height":47,"Demand":1,"DemandMax":null,"Value":1880},{"Length":106,"Height":59,"Demand":1,"DemandMax":null,"Value":6254},{"Length":27,"Height":58,"Demand":1,"DemandMax":null,"Value":1566},{"Length":24,"Height":77,"Demand":1,"DemandMax":null,"Value":1848},{"Length":37,"Height":49,"Demand":1,"DemandMax":null,"Value":1813},{"Length":91,"Height":62,"Demand":1,"DemandMax":null,"Value":5642}]}