{"Name":"Path50i3b4","Objects":[{"Length":640,"Height":661,"Stock":2,"Cost":423040},{"Length":1000,"Height":339,"Stock":6,"Cost":339000},{"Length":360,"Height":661,"Stock":3,"Cost":237960}],"Items":[{"Length":303,"Height":329,"Demand":1,"DemandMax":null,"Value":99687},{"Length":135,"Height":281,"Demand":1,"DemandMax":null,"Value":37935},{"Length":25,"Height":333,"Demand":1,"DemandMax":null,"Value":8325},{"Length":67,"Height":122,"Demand":1,"DemandMax":null,"Value":8174},{"Length":92,"Height":332,"Demand":1,"DemandMax":null,"Value":30544},{"Length":209,"Height":339,"Demand":1,"DemandMax":null,"Value":70851},{"Length":6,"Height":127,"Demand":1,"DemandMax":null,"Value":762},{"Length":265,"Height":329,"Demand":1,"DemandMax":null,"Value":87185},{"Length":56,"Height":124,"Demand":1,"DemandMax":null,"Value":6944},{"Length":240,"Height":113,"Demand":1,"DemandMax":null,"Value":27120},{"Length":31,"Height":55,"Demand":1,"DemandMax":null,"Value":1705},{"Length":34,"Height":328,"Demand":1,"DemandMax":null,"Value":11152},{"Length":69,"Height":339,"Demand":1,"DemandMax":null,"Value":23391},{"Length":135,"Height":58,"Demand":1,"DemandMax":null,"Value":7830},{"Length":14,"Height":292,"Demand":1,"DemandMax":null,"Value":4088},{"Length":1,"Height":25,"Demand":1,"DemandMax":null,"Value":25},{"Length":6,"Height":202,"Demand":1,"DemandMax":null,"Value":1212},{"Length":67,"Height":169,"Demand":1,"DemandMax":null,"Value":11323},{"Length":240,"Height":219,"Demand":1,"DemandMax":null,"Value":52560},{"Length":170,"Height":269,"Demand":1,"DemandMax":null,"Value":45730},{"Length":66,"Height":4,"Demand":1,"DemandMax":null,"Value":264},{"Length":81,"Height":328,"Demand":1,"DemandMax":null,"Value":26568},{"Length":23,"Height":184,"Demand":1,"DemandMax":null,"Value":4232},{"Length":23,"Height":339,"Demand":1,"DemandMax":null,"Value":7797},{"Length":67,"Height":41,"Demand":1,"DemandMax":null,"Value":2747},{"Length":56,"Height":132,"Demand":1,"DemandMax":null,"Value":7392},{"Length":338,"Height":339,"Demand":1,"DemandMax":null,"Value":114582},{"Length":20,"Height":328,"Demand":1,"DemandMax":null,"Value":6560},{"Length":4,"Height":1,"Demand":2,"DemandMax":null,"Value":4},{"Length":2,"Height":3,"Demand":1,"DemandMax":null,"Value":6},{"Length":4,"Height":2,"Demand":1,"DemandMax":null,"Value":8},{"Length":266,"Height":225,"Demand":1,"DemandMax":null,"Value":59850},{"Length":23,"Height":303,"Demand":1,"DemandMax":null,"Value":6969},{"Length":66,"Height":33,"Demand":1,"DemandMax":null,"Value":2178},{"Length":22,"Height":25,"Demand":1,"DemandMax":null,"Value":550},{"Length":31,"Height":87,"Demand":1,"DemandMax":null,"Value":2697},{"Length":8,"Height":184,"Demand":1,"DemandMax":null,"Value":1472},{"Length":170,"Height":67,"Demand":1,"DemandMax":null,"Value":11390},{"Length":241,"Height":332,"Demand":1,"DemandMax":null,"Value":80012},{"Length":69,"Height":305,"Demand":1,"DemandMax":null,"Value":21045},{"Length":171,"Height":328,"Demand":1,"DemandMax":null,"Value":56088},{"Length":149,"Height":3,"Demand":1,"DemandMax":null,"Value":447},{"Length":266,"Height":48,"Demand":1,"DemandMax":null,"Value":12768},{"Length":23,"Height":2,"Demand":1,"DemandMax":null,"Value":46},{"Length":266,"Height":60,"Demand":1,"DemandMax":null,"Value":15960},{"Length":52,"Height":292,"Demand":1,"DemandMax":null,"Value":15184},{"Length":69,"Height":28,"Demand":1,"DemandMax":null,"Value":1932},{"Length":19,"Height":3,"Demand":1,"DemandMax":null,"Value":57},{"Length":56,"Height":83,"Demand":1,"DemandMax":null,"Value":4648}]}