{"Name":"Nice300i5b4","Objects":[{"Length":281,"Height":264,"Stock":5,"Cost":74184},{"Length":376,"Height":736,"Stock":5,"Cost":276736},{"Length":624,"Height":736,"Stock":6,"Cost":459264},{"Length":291,"Height":264,"Stock":6,"Cost":76824},{"Length":428,"Height":264,"Stock":6,"Cost":112992}],"Items":[{"Length":124,"Height":31,"Demand":1,"DemandMax":null,"Value":3844},{"Length":89,"Height":28,"Demand":1,"DemandMax":null,"Value":2492},{"Length":85,"Height":23,"Demand":1,"DemandMax":null,"Value":1955},{"Length":24,"Height":96,"Demand":1,"DemandMax":null,"Value":2304},{"Length":22,"Height":85,"Demand":1,"DemandMax":null,"Value":1870},{"Length":41,"Height":119,"Demand":1,"DemandMax":null,"Value":4879},{"Length":96,"Height":29,"Demand":1,"DemandMax":null,"Value":2784},{"Length":25,"Height":92,"Demand":1,"DemandMax":null,"Value":2300},{"Length":42,"Height":137,"Demand":1,"DemandMax":null,"Value":5754},{"Length":46,"Height":70,"Demand":1,"DemandMax":null,"Value":3220},{"Length":76,"Height":80,"Demand":1,"DemandMax":null,"Value":6080},{"Length":89,"Height":84,"Demand":1,"DemandMax":null,"Value":7476},{"Length":125,"Height":51,"Demand":1,"DemandMax":null,"Value":6375},{"Length":125,"Height":33,"Demand":1,"DemandMax":null,"Value":4125},{"Length":87,"Height":26,"Demand":1,"DemandMax":null,"Value":2262},{"Length":68,"Height":104,"Demand":1,"DemandMax":null,"Value":7072},{"Length":84,"Height":62,"Demand":1,"DemandMax":null,"Value":5208},{"Length":45,"Height":59,"Demand":2,"DemandMax":null,"Value":2655},{"Length":34,"Height":72,"Demand":1,"DemandMax":null,"Value":2448},{"Length":93,"Height":67,"Demand":1,"DemandMax":null,"Value":6231},{"Length":136,"Height":68,"Demand":1,"DemandMax":null,"Value":9248},{"Length":184,"Height":65,"Demand":1,"DemandMax":null,"Value":11960},{"Length":57,"Height":43,"Demand":1,"DemandMax":null,"Value":2451},{"Length":95,"Height":64,"Demand":1,"DemandMax":null,"Value":6080},{"Length":42,"Height":36,"Demand":1,"DemandMax":null,"Value":1512},{"Length":22,"Height":70,"Demand":1,"DemandMax":null,"Value":1540},{"Length":42,"Height":135,"Demand":1,"DemandMax":null,"Value":5670},{"Length":45,"Height":114,"Demand":1,"DemandMax":null,"Value":5130},{"Length":43,"Height":55,"Demand":1,"DemandMax":null,"Value":2365},{"Length":26,"Height":86,"Demand":4,"DemandMax":null,"Value":2236},{"Length":42,"Height":168,"Demand":1,"DemandMax":null,"Value":7056},{"Length":95,"Height":30,"Demand":1,"DemandMax":null,"Value":2850},{"Length":32,"Height":122,"Demand":1,"DemandMax":null,"Value":3904},{"Length":35,"Height":50,"Demand":1,"DemandMax":null,"Value":1750},{"Length":47,"Height":53,"Demand":1,"DemandMax":null,"Value":2491},{"Length":55,"Height":62,"Demand":1,"DemandMax":null,"Value":3410},{"Length":97,"Height":29,"Demand":1,"DemandMax":null,"Value":2813},{"Length":45,"Height":34,"Demand":3,"DemandMax":null,"Value":1530},{"Length":101,"Height":89,"Demand":1,"DemandMax":null,"Value":8989},{"Length":32,"Height":59,"Demand":1,"DemandMax":null,"Value":1888},{"Length":98,"Height":62,"Demand":1,"DemandMax":null,"Value":6076},{"Length":26,"Height":66,"Demand":1,"DemandMax":null,"Value":1716},{"Length":30,"Height":112,"Demand":1,"DemandMax":null,"Value":3360},{"Length":39,"Height":89,"Demand":1,"DemandMax":null,"Value":3471},{"Length":29,"Height":82,"Demand":1,"DemandMax":null,"Value":2378},{"Length":36,"Height":80,"Demand":1,"DemandMax":null,"Value":2880},{"Length":110,"Height":55,"Demand":1,"DemandMax":null,"Value":6050},{"Length":45,"Height":57,"Demand":1,"DemandMax":null,"Value":2565},{"Length":37,"Height":50,"Demand":1,"DemandMax":null,"Value":1850},{"Length":51,"Height":36,"Demand":1,"DemandMax":null,"Value":1836},{"Length":41,"Height":46,"Demand":2,"DemandMax":null,"Value":1886},{"Length":44,"Height":53,"Demand":1,"DemandMax":null,"Value":2332},{"Length":36,"Height":58,"Demand":2,"DemandMax":null,"Value":2088},{"Length":91,"Height":26,"Demand":1,"DemandMax":null,"Value":2366},{"Length":81,"Height":25,"Demand":1,"DemandMax":null,"Value":2025},{"Length":78,"Height":30,"Demand":1,"DemandMax":null,"Value":2340},{"Length":50,"Height":123,"Demand":1,"DemandMax":null,"Value":6150},{"Length":73,"Height":65,"Demand":2,"DemandMax":null,"Value":4745},{"Length":94,"Height":90,"Demand":1,"DemandMax":null,"Value":8460},{"Length":39,"Height":75,"Demand":1,"DemandMax":null,"Value":2925},{"Length":40,"Height":39,"Demand":1,"DemandMax":null,"Value":1560},{"Length":74,"Height":26,"Demand":1,"DemandMax":null,"Value":1924},{"Length":47,"Height":91,"Demand":1,"DemandMax":null,"Value":4277},{"Length":99,"Height":43,"Demand":1,"DemandMax":null,"Value":4257},{"Length":73,"Height":32,"Demand":1,"DemandMax":null,"Value":2336},{"Length":43,"Height":40,"Demand":3,"DemandMax":null,"Value":1720},{"Length":62,"Height":79,"Demand":1,"DemandMax":null,"Value":4898},{"Length":115,"Height":82,"Demand":1,"DemandMax":null,"Value":9430},{"Length":44,"Height":69,"Demand":1,"DemandMax":null,"Value":3036},{"Length":54,"Height":37,"Demand":1,"DemandMax":null,"Value":1998},{"Length":46,"Height":63,"Demand":1,"DemandMax":null,"Value":2898},{"Length":48,"Height":42,"Demand":2,"DemandMax":null,"Value":2016},{"Length":48,"Height":59,"Demand":1,"DemandMax":null,"Value":2832},{"Length":99,"Height":92,"Demand":1,"DemandMax":null,"Value":9108},{"Length":37,"Height":79,"Demand":1,"DemandMax":null,"Value":2923},{"Length":128,"Height":68,"Demand":1,"DemandMax":null,"Value":8704},{"Length":22,"Height":86,"Demand":1,"DemandMax":null,"Value":1892},{"Length":128,"Height":62,"Demand":1,"DemandMax":null,"Value":7936},{"Length":70,"Height":27,"Demand":1,"DemandMax":null,"Value":1890},{"Length":78,"Height":93,"Demand":1,"DemandMax":null,"Value":7254},{"Length":34,"Height":55,"Demand":1,"DemandMax":null,"Value":1870},{"Length":48,"Height":39,"Demand":1,"DemandMax":null,"Value":1872},{"Length":37,"Height":43,"Demand":1,"DemandMax":null,"Value":1591},{"Length":52,"Height":53,"Demand":1,"DemandMax":null,"Value":2756},{"Length":76,"Height":52,"Demand":1,"DemandMax":null,"Value":3952},{"Length":43,"Height":63,"Demand":1,"DemandMax":null,"Value":2709},{"Length":47,"Height":37,"Demand":1,"DemandMax":null,"Value":1739},{"Length":41,"Height":39,"Demand":1,"DemandMax":null,"Value":1599},{"Length":62,"Height":32,"Demand":1,"DemandMax":null,"Value":1984},{"Length":36,"Height":70,"Demand":1,"DemandMax":null,"Value":2520},{"Length":58,"Height":30,"Demand":1,"DemandMax":null,"Value":1740},{"Length":50,"Height":37,"Demand":1,"DemandMax":null,"Value":1850},{"Length":96,"Height":27,"Demand":1,"DemandMax":null,"Value":2592},{"Length":95,"Height":73,"Demand":1,"DemandMax":null,"Value":6935},{"Length":110,"Height":76,"Demand":1,"DemandMax":null,"Value":8360},{"Length":36,"Height":109,"Demand":1,"DemandMax":null,"Value":3924},{"Length":59,"Height":75,"Demand":1,"DemandMax":null,"Value":4425},{"Length":43,"Height":38,"Demand":1,"DemandMax":null,"Value":1634},{"Length":73,"Height":89,"Demand":1,"DemandMax":null,"Value":6497},{"Length":46,"Height":59,"Demand":2,"DemandMax":null,"Value":2714},{"Length":93,"Height":26,"Demand":1,"DemandMax":null,"Value":2418},{"Length":45,"Height":73,"Demand":1,"DemandMax":null,"Value":3285},{"Length":24,"Height":80,"Demand":1,"DemandMax":null,"Value":1920},{"Length":66,"Height":46,"Demand":1,"DemandMax":null,"Value":3036},{"Length":47,"Height":38,"Demand":1,"DemandMax":null,"Value":1786},{"Length":73,"Height":103,"Demand":1,"DemandMax":null,"Value":7519},{"Length":128,"Height":33,"Demand":1,"DemandMax":null,"Value":4224},{"Length":105,"Height":80,"Demand":1,"DemandMax":null,"Value":8400},{"Length":58,"Height":50,"Demand":1,"DemandMax":null,"Value":2900},{"Length":25,"Height":79,"Demand":1,"DemandMax":null,"Value":1975},{"Length":49,"Height":117,"Demand":1,"DemandMax":null,"Value":5733},{"Length":51,"Height":53,"Demand":1,"DemandMax":null,"Value":2703},{"Length":70,"Height":70,"Demand":1,"DemandMax":null,"Value":4900},{"Length":39,"Height":63,"Demand":1,"DemandMax":null,"Value":2457},{"Length":53,"Height":45,"Demand":1,"DemandMax":null,"Value":2385},{"Length":63,"Height":38,"Demand":1,"DemandMax":null,"Value":2394},{"Length":73,"Height":35,"Demand":1,"DemandMax":null,"Value":2555},{"Length":35,"Height":80,"Demand":1,"DemandMax":null,"Value":2800},{"Length":58,"Height":86,"Demand":1,"DemandMax":null,"Value":4988},{"Length":53,"Height":48,"Demand":1,"DemandMax":null,"Value":2544},{"Length":50,"Height":35,"Demand":2,"DemandMax":null,"Value":1750},{"Length":47,"Height":34,"Demand":1,"DemandMax":null,"Value":1598},{"Length":52,"Height":57,"Demand":1,"DemandMax":null,"Value":2964},{"Length":25,"Height":78,"Demand":1,"DemandMax":null,"Value":1950},{"Length":46,"Height":35,"Demand":1,"DemandMax":null,"Value":1610},{"Length":50,"Height":121,"Demand":1,"DemandMax":null,"Value":6050},{"Length":30,"Height":65,"Demand":1,"DemandMax":null,"Value":1950},{"Length":35,"Height":60,"Demand":1,"DemandMax":null,"Value":2100},{"Length":26,"Height":79,"Demand":1,"DemandMax":null,"Value":2054},{"Length":48,"Height":101,"Demand":1,"DemandMax":null,"Value":4848},{"Length":39,"Height":59,"Demand":1,"DemandMax":null,"Value":2301},{"Length":49,"Height":86,"Demand":1,"DemandMax":null,"Value":4214},{"Length":33,"Height":52,"Demand":1,"DemandMax":null,"Value":1716},{"Length":43,"Height":118,"Demand":1,"DemandMax":null,"Value":5074},{"Length":66,"Height":39,"Demand":1,"DemandMax":null,"Value":2574},{"Length":22,"Height":69,"Demand":1,"DemandMax":null,"Value":1518},{"Length":57,"Height":33,"Demand":1,"DemandMax":null,"Value":1881},{"Length":43,"Height":59,"Demand":1,"DemandMax":null,"Value":2537},{"Length":24,"Height":86,"Demand":1,"DemandMax":null,"Value":2064},{"Length":21,"Height":82,"Demand":2,"DemandMax":null,"Value":1722},{"Length":46,"Height":51,"Demand":1,"DemandMax":null,"Value":2346},{"Length":45,"Height":62,"Demand":2,"DemandMax":null,"Value":2790},{"Length":50,"Height":31,"Demand":1,"DemandMax":null,"Value":1550},{"Length":73,"Height":34,"Demand":1,"DemandMax":null,"Value":2482},{"Length":25,"Height":63,"Demand":1,"DemandMax":null,"Value":1575},{"Length":23,"Height":78,"Demand":1,"DemandMax":null,"Value":1794},{"Length":70,"Height":40,"Demand":1,"DemandMax":null,"Value":2800},{"Length":55,"Height":37,"Demand":1,"DemandMax":null,"Value":2035},{"Length":47,"Height":64,"Demand":1,"DemandMax":null,"Value":3008},{"Length":80,"Height":21,"Demand":1,"DemandMax":null,"Value":1680},{"Length":22,"Height":75,"Demand":1,"DemandMax":null,"Value":1650},{"Length":58,"Height":41,"Demand":1,"DemandMax":null,"Value":2378},{"Length":48,"Height":43,"Demand":1,"DemandMax":null,"Value":2064},{"Length":45,"Height":52,"Demand":1,"DemandMax":null,"Value":2340},{"Length":128,"Height":57,"Demand":1,"DemandMax":null,"Value":7296},{"Length":27,"Height":63,"Demand":1,"DemandMax":null,"Value":1701},{"Length":47,"Height":40,"Demand":1,"DemandMax":null,"Value":1880},{"Length":53,"Height":69,"Demand":1,"DemandMax":null,"Value":3657},{"Length":87,"Height":31,"Demand":1,"DemandMax":null,"Value":2697},{"Length":56,"Height":46,"Demand":2,"DemandMax":null,"Value":2576},{"Length":47,"Height":50,"Demand":1,"DemandMax":null,"Value":2350},{"Length":28,"Height":65,"Demand":1,"DemandMax":null,"Value":1820},{"Length":49,"Height":66,"Demand":1,"DemandMax":null,"Value":3234},{"Length":51,"Height":34,"Demand":1,"DemandMax":null,"Value":1734},{"Length":80,"Height":22,"Demand":1,"DemandMax":null,"Value":1760},{"Length":93,"Height":56,"Demand":2,"DemandMax":null,"Value":5208},{"Length":95,"Height":36,"Demand":1,"DemandMax":null,"Value":3420},{"Length":110,"Height":137,"Demand":1,"DemandMax":null,"Value":15070},{"Length":85,"Height":102,"Demand":1,"DemandMax":null,"Value":8670},{"Length":46,"Height":33,"Demand":1,"DemandMax":null,"Value":1518},{"Length":41,"Height":92,"Demand":1,"DemandMax":null,"Value":3772},{"Length":42,"Height":76,"Demand":1,"DemandMax":null,"Value":3192},{"Length":46,"Height":39,"Demand":1,"DemandMax":null,"Value":1794},{"Length":91,"Height":79,"Demand":1,"DemandMax":null,"Value":7189},{"Length":24,"Height":70,"Demand":1,"DemandMax":null,"Value":1680},{"Length":35,"Height":58,"Demand":1,"DemandMax":null,"Value":2030},{"Length":75,"Height":35,"Demand":1,"DemandMax":null,"Value":2625},{"Length":26,"Height":69,"Demand":1,"DemandMax":null,"Value":1794},{"Length":51,"Height":61,"Demand":1,"DemandMax":null,"Value":3111},{"Length":46,"Height":40,"Demand":1,"DemandMax":null,"Value":1840},{"Length":92,"Height":69,"Demand":1,"DemandMax":null,"Value":6348},{"Length":38,"Height":59,"Demand":2,"DemandMax":null,"Value":2242},{"Length":68,"Height":38,"Demand":1,"DemandMax":null,"Value":2584},{"Length":44,"Height":54,"Demand":1,"DemandMax":null,"Value":2376},{"Length":38,"Height":79,"Demand":1,"DemandMax":null,"Value":3002},{"Length":86,"Height":51,"Demand":1,"DemandMax":null,"Value":4386},{"Length":50,"Height":32,"Demand":1,"DemandMax":null,"Value":1600},{"Length":40,"Height":43,"Demand":2,"DemandMax":null,"Value":1720},{"Length":49,"Height":80,"Demand":1,"DemandMax":null,"Value":3920},{"Length":43,"Height":52,"Demand":1,"DemandMax":null,"Value":2236},{"Length":49,"Height":109,"Demand":1,"DemandMax":null,"Value":5341},{"Length":44,"Height":67,"Demand":1,"DemandMax":null,"Value":2948},{"Length":63,"Height":26,"Demand":1,"DemandMax":null,"Value":1638},{"Length":41,"Height":45,"Demand":1,"DemandMax":null,"Value":1845},{"Length":66,"Height":53,"Demand":1,"DemandMax":null,"Value":3498},{"Length":49,"Height":52,"Demand":1,"DemandMax":null,"Value":2548},{"Length":26,"Height":96,"Demand":1,"DemandMax":null,"Value":2496},{"Length":45,"Height":39,"Demand":1,"DemandMax":null,"Value":1755},{"Length":145,"Height":41,"Demand":1,"DemandMax":null,"Value":5945},{"Length":46,"Height":60,"Demand":1,"DemandMax":null,"Value":2760},{"Length":48,"Height":58,"Demand":1,"DemandMax":null,"Value":2784},{"Length":36,"Height":137,"Demand":1,"DemandMax":null,"Value":4932},{"Length":27,"Height":78,"Demand":1,"DemandMax":null,"Value":2106},{"Length":21,"Height":84,"Demand":1,"DemandMax":null,"Value":1764},{"Length":26,"Height":70,"Demand":1,"DemandMax":null,"Value":1820},{"Length":40,"Height":60,"Demand":1,"DemandMax":null,"Value":2400},{"Length":54,"Height":45,"Demand":1,"DemandMax":null,"Value":2430},{"Length":42,"Height":37,"Demand":1,"DemandMax":null,"Value":1554},{"Length":78,"Height":88,"Demand":1,"DemandMax":null,"Value":6864},{"Length":33,"Height":79,"Demand":1,"DemandMax":null,"Value":2607},{"Length":55,"Height":47,"Demand":1,"DemandMax":null,"Value":2585},{"Length":49,"Height":50,"Demand":1,"DemandMax":null,"Value":2450},{"Length":102,"Height":38,"Demand":1,"DemandMax":null,"Value":3876},{"Length":23,"Height":75,"Demand":1,"DemandMax":null,"Value":1725},{"Length":47,"Height":51,"Demand":1,"DemandMax":null,"Value":2397},{"Length":33,"Height":96,"Demand":1,"DemandMax":null,"Value":3168},{"Length":37,"Height":52,"Demand":1,"DemandMax":null,"Value":1924},{"Length":57,"Height":32,"Demand":1,"DemandMax":null,"Value":1824},{"Length":51,"Height":72,"Demand":1,"DemandMax":null,"Value":3672},{"Length":53,"Height":52,"Demand":1,"DemandMax":null,"Value":2756},{"Length":112,"Height":128,"Demand":1,"DemandMax":null,"Value":14336},{"Length":37,"Height":117,"Demand":1,"DemandMax":null,"Value":4329},{"Length":129,"Height":85,"Demand":1,"DemandMax":null,"Value":10965},{"Length":50,"Height":70,"Demand":1,"DemandMax":null,"Value":3500},{"Length":35,"Height":86,"Demand":1,"DemandMax":null,"Value":3010},{"Length":63,"Height":40,"Demand":1,"DemandMax":null,"Value":2520},{"Length":91,"Height":60,"Demand":1,"DemandMax":null,"Value":5460},{"Length":46,"Height":43,"Demand":1,"DemandMax":null,"Value":1978},{"Length":35,"Height":77,"Demand":1,"DemandMax":null,"Value":2695},{"Length":55,"Height":130,"Demand":1,"DemandMax":null,"Value":7150},{"Length":46,"Height":69,"Demand":1,"DemandMax":null,"Value":3174},{"Length":74,"Height":30,"Demand":1,"DemandMax":null,"Value":2220},{"Length":32,"Height":69,"Demand":1,"DemandMax":null,"Value":2208},{"Length":52,"Height":40,"Demand":1,"DemandMax":null,"Value":2080},{"Length":49,"Height":40,"Demand":1,"DemandMax":null,"Value":1960},{"Length":81,"Height":26,"Demand":1,"DemandMax":null,"Value":2106},{"Length":50,"Height":84,"Demand":1,"DemandMax":null,"Value":4200},{"Length":84,"Height":37,"Demand":1,"DemandMax":null,"Value":3108},{"Length":57,"Height":44,"Demand":1,"DemandMax":null,"Value":2508},{"Length":52,"Height":75,"Demand":1,"DemandMax":null,"Value":3900},{"Length":29,"Height":59,"Demand":1,"DemandMax":null,"Value":1711},{"Length":62,"Height":34,"Demand":1,"DemandMax":null,"Value":2108},{"Length":32,"Height":96,"Demand":1,"DemandMax":null,"Value":3072},{"Length":58,"Height":46,"Demand":1,"DemandMax":null,"Value":2668},{"Length":43,"Height":41,"Demand":1,"DemandMax":null,"Value":1763},{"Length":24,"Height":85,"Demand":1,"DemandMax":null,"Value":2040},{"Length":44,"Height":88,"Demand":1,"DemandMax":null,"Value":3872},{"Length":38,"Height":89,"Demand":1,"DemandMax":null,"Value":3382},{"Length":58,"Height":89,"Demand":1,"DemandMax":null,"Value":5162},{"Length":57,"Height":78,"Demand":1,"DemandMax":null,"Value":4446},{"Length":59,"Height":93,"Demand":1,"DemandMax":null,"Value":5487},{"Length":25,"Height":84,"Demand":1,"DemandMax":null,"Value":2100},{"Length":89,"Height":34,"Demand":1,"DemandMax":null,"Value":3026},{"Length":31,"Height":70,"Demand":1,"DemandMax":null,"Value":2170},{"Length":38,"Height":58,"Demand":1,"DemandMax":null,"Value":2204},{"Length":48,"Height":70,"Demand":1,"DemandMax":null,"Value":3360},{"Length":34,"Height":62,"Demand":1,"DemandMax":null,"Value":2108},{"Length":59,"Height":30,"Demand":1,"DemandMax":null,"Value":1770},{"Length":73,"Height":42,"Demand":1,"DemandMax":null,"Value":3066},{"Length":45,"Height":46,"Demand":1,"DemandMax":null,"Value":2070},{"Length":50,"Height":73,"Demand":1,"DemandMax":null,"Value":3650},{"Length":57,"Height":41,"Demand":1,"DemandMax":null,"Value":2337},{"Length":96,"Height":55,"Demand":1,"DemandMax":null,"Value":5280},{"Length":43,"Height":96,"Demand":1,"DemandMax":null,"Value":4128},{"Length":38,"Height":52,"Demand":1,"DemandMax":null,"Value":1976},{"Length":43,"Height":86,"Demand":1,"DemandMax":null,"Value":3698},{"Length":84,"Height":80,"Demand":1,"DemandMax":null,"Value":6720},{"Length":30,"Height":59,"Demand":1,"DemandMax":null,"Value":1770},{"Length":37,"Height":98,"Demand":1,"DemandMax":null,"Value":3626},{"Length":62,"Height":40,"Demand":1,"DemandMax":null,"Value":2480},{"Length":23,"Height":91,"Demand":1,"DemandMax":null,"Value":2093},{"Length":35,"Height":82,"Demand":1,"DemandMax":null,"Value":2870},{"Length":49,"Height":38,"Demand":1,"DemandMax":null,"Value":1862},{"Length":29,"Height":65,"Demand":1,"DemandMax":null,"Value":1885},{"Length":27,"Height":91,"Demand":1,"DemandMax":null,"Value":2457},{"Length":85,"Height":118,"Demand":1,"DemandMax":null,"Value":10030},{"Length":51,"Height":43,"Demand":1,"DemandMax":null,"Value":2193},{"Length":99,"Height":46,"Demand":1,"DemandMax":null,"Value":4554},{"Length":24,"Height":82,"Demand":1,"DemandMax":null,"Value":1968},{"Length":60,"Height":32,"Demand":1,"DemandMax":null,"Value":1920}]}