{"Name":"Path500i4b3","Objects":[{"Length":449,"Height":304,"Stock":3,"Cost":136496},{"Length":551,"Height":254,"Stock":3,"Cost":139954},{"Length":551,"Height":746,"Stock":4,"Cost":411046},{"Length":449,"Height":696,"Stock":3,"Cost":312504}],"Items":[{"Length":243,"Height":6,"Demand":1,"DemandMax":null,"Value":1458},{"Length":16,"Height":92,"Demand":1,"DemandMax":null,"Value":1472},{"Length":199,"Height":204,"Demand":1,"DemandMax":null,"Value":40596},{"Length":180,"Height":216,"Demand":1,"DemandMax":null,"Value":38880},{"Length":37,"Height":250,"Demand":1,"DemandMax":null,"Value":9250},{"Length":181,"Height":23,"Demand":1,"DemandMax":null,"Value":4163},{"Length":214,"Height":8,"Demand":1,"DemandMax":null,"Value":1712},{"Length":146,"Height":67,"Demand":1,"DemandMax":null,"Value":9782},{"Length":77,"Height":153,"Demand":1,"DemandMax":null,"Value":11781},{"Length":6,"Height":49,"Demand":1,"DemandMax":null,"Value":294},{"Length":1,"Height":14,"Demand":6,"DemandMax":null,"Value":14},{"Length":10,"Height":154,"Demand":1,"DemandMax":null,"Value":1540},{"Length":4,"Height":211,"Demand":1,"DemandMax":null,"Value":844},{"Length":15,"Height":158,"Demand":1,"DemandMax":null,"Value":2370},{"Length":114,"Height":9,"Demand":1,"DemandMax":null,"Value":1026},{"Length":11,"Height":53,"Demand":1,"DemandMax":null,"Value":583},{"Length":204,"Height":119,"Demand":1,"DemandMax":null,"Value":24276},{"Length":37,"Height":87,"Demand":1,"DemandMax":null,"Value":3219},{"Length":4,"Height":194,"Demand":1,"DemandMax":null,"Value":776},{"Length":54,"Height":9,"Demand":1,"DemandMax":null,"Value":486},{"Length":23,"Height":216,"Demand":1,"DemandMax":null,"Value":4968},{"Length":49,"Height":14,"Demand":1,"DemandMax":null,"Value":686},{"Length":214,"Height":118,"Demand":1,"DemandMax":null,"Value":25252},{"Length":10,"Height":38,"Demand":1,"DemandMax":null,"Value":380},{"Length":7,"Height":2,"Demand":2,"DemandMax":null,"Value":14},{"Length":1,"Height":1,"Demand":34,"DemandMax":null,"Value":1},{"Length":114,"Height":4,"Demand":1,"DemandMax":null,"Value":456},{"Length":2,"Height":78,"Demand":1,"DemandMax":null,"Value":156},{"Length":12,"Height":22,"Demand":1,"DemandMax":null,"Value":264},{"Length":10,"Height":181,"Demand":1,"DemandMax":null,"Value":1810},{"Length":28,"Height":9,"Demand":1,"DemandMax":null,"Value":252},{"Length":32,"Height":135,"Demand":1,"DemandMax":null,"Value":4320},{"Length":114,"Height":10,"Demand":1,"DemandMax":null,"Value":1140},{"Length":1,"Height":13,"Demand":2,"DemandMax":null,"Value":13},{"Length":177,"Height":34,"Demand":1,"DemandMax":null,"Value":6018},{"Length":104,"Height":50,"Demand":1,"DemandMax":null,"Value":5200},{"Length":8,"Height":111,"Demand":1,"DemandMax":null,"Value":888},{"Length":2,"Height":6,"Demand":2,"DemandMax":null,"Value":12},{"Length":38,"Height":7,"Demand":1,"DemandMax":null,"Value":266},{"Length":171,"Height":4,"Demand":1,"DemandMax":null,"Value":684},{"Length":1,"Height":54,"Demand":1,"DemandMax":null,"Value":54},{"Length":11,"Height":5,"Demand":1,"DemandMax":null,"Value":55},{"Length":90,"Height":175,"Demand":1,"DemandMax":null,"Value":15750},{"Length":13,"Height":160,"Demand":1,"DemandMax":null,"Value":2080},{"Length":1,"Height":3,"Demand":9,"DemandMax":null,"Value":3},{"Length":114,"Height":12,"Demand":1,"DemandMax":null,"Value":1368},{"Length":16,"Height":9,"Demand":2,"DemandMax":null,"Value":144},{"Length":2,"Height":38,"Demand":1,"DemandMax":null,"Value":76},{"Length":8,"Height":43,"Demand":1,"DemandMax":null,"Value":344},{"Length":25,"Height":3,"Demand":1,"DemandMax":null,"Value":75},{"Length":3,"Height":5,"Demand":1,"DemandMax":null,"Value":15},{"Length":46,"Height":12,"Demand":1,"DemandMax":null,"Value":552},{"Length":52,"Height":110,"Demand":1,"DemandMax":null,"Value":5720},{"Length":120,"Height":33,"Demand":1,"DemandMax":null,"Value":3960},{"Length":5,"Height":21,"Demand":2,"DemandMax":null,"Value":105},{"Length":8,"Height":9,"Demand":1,"DemandMax":null,"Value":72},{"Length":206,"Height":150,"Demand":1,"DemandMax":null,"Value":30900},{"Length":1,"Height":2,"Demand":9,"DemandMax":null,"Value":2},{"Length":1,"Height":126,"Demand":1,"DemandMax":null,"Value":126},{"Length":28,"Height":8,"Demand":1,"DemandMax":null,"Value":224},{"Length":12,"Height":1,"Demand":1,"DemandMax":null,"Value":12},{"Length":17,"Height":86,"Demand":1,"DemandMax":null,"Value":1462},{"Length":75,"Height":51,"Demand":1,"DemandMax":null,"Value":3825},{"Length":177,"Height":57,"Demand":1,"DemandMax":null,"Value":10089},{"Length":1,"Height":35,"Demand":1,"DemandMax":null,"Value":35},{"Length":55,"Height":221,"Demand":1,"DemandMax":null,"Value":12155},{"Length":1,"Height":27,"Demand":2,"DemandMax":null,"Value":27},{"Length":41,"Height":12,"Demand":1,"DemandMax":null,"Value":492},{"Length":159,"Height":226,"Demand":1,"DemandMax":null,"Value":35934},{"Length":12,"Height":117,"Demand":1,"DemandMax":null,"Value":1404},{"Length":9,"Height":51,"Demand":1,"DemandMax":null,"Value":459},{"Length":55,"Height":8,"Demand":1,"DemandMax":null,"Value":440},{"Length":11,"Height":15,"Demand":2,"DemandMax":null,"Value":165},{"Length":30,"Height":110,"Demand":1,"DemandMax":null,"Value":3300},{"Length":159,"Height":128,"Demand":1,"DemandMax":null,"Value":20352},{"Length":199,"Height":91,"Demand":1,"DemandMax":null,"Value":18109},{"Length":19,"Height":1,"Demand":3,"DemandMax":null,"Value":19},{"Length":2,"Height":15,"Demand":1,"DemandMax":null,"Value":30},{"Length":1,"Height":4,"Demand":5,"DemandMax":null,"Value":4},{"Length":94,"Height":11,"Demand":1,"DemandMax":null,"Value":1034},{"Length":86,"Height":181,"Demand":1,"DemandMax":null,"Value":15566},{"Length":8,"Height":160,"Demand":1,"DemandMax":null,"Value":1280},{"Length":25,"Height":90,"Demand":1,"DemandMax":null,"Value":2250},{"Length":10,"Height":64,"Demand":1,"DemandMax":null,"Value":640},{"Length":98,"Height":9,"Demand":1,"DemandMax":null,"Value":882},{"Length":1,"Height":32,"Demand":1,"DemandMax":null,"Value":32},{"Length":2,"Height":42,"Demand":1,"DemandMax":null,"Value":84},{"Length":29,"Height":168,"Demand":1,"DemandMax":null,"Value":4872},{"Length":243,"Height":75,"Demand":1,"DemandMax":null,"Value":18225},{"Length":32,"Height":25,"Demand":1,"DemandMax":null,"Value":800},{"Length":84,"Height":13,"Demand":1,"DemandMax":null,"Value":1092},{"Length":126,"Height":109,"Demand":1,"DemandMax":null,"Value":13734},{"Length":60,"Height":99,"Demand":1,"DemandMax":null,"Value":5940},{"Length":7,"Height":10,"Demand":1,"DemandMax":null,"Value":70},{"Length":55,"Height":6,"Demand":1,"DemandMax":null,"Value":330},{"Length":21,"Height":5,"Demand":1,"DemandMax":null,"Value":105},{"Length":44,"Height":127,"Demand":1,"DemandMax":null,"Value":5588},{"Length":15,"Height":1,"Demand":1,"DemandMax":null,"Value":15},{"Length":16,"Height":38,"Demand":1,"DemandMax":null,"Value":608},{"Length":1,"Height":117,"Demand":1,"DemandMax":null,"Value":117},{"Length":23,"Height":60,"Demand":1,"DemandMax":null,"Value":1380},{"Length":11,"Height":14,"Demand":1,"DemandMax":null,"Value":154},{"Length":6,"Height":1,"Demand":7,"DemandMax":null,"Value":6},{"Length":5,"Height":79,"Demand":2,"DemandMax":null,"Value":395},{"Length":58,"Height":4,"Demand":1,"DemandMax":null,"Value":232},{"Length":2,"Height":7,"Demand":1,"DemandMax":null,"Value":14},{"Length":2,"Height":173,"Demand":1,"DemandMax":null,"Value":346},{"Length":25,"Height":28,"Demand":1,"DemandMax":null,"Value":700},{"Length":96,"Height":10,"Demand":2,"DemandMax":null,"Value":960},{"Length":57,"Height":3,"Demand":1,"DemandMax":null,"Value":171},{"Length":24,"Height":28,"Demand":1,"DemandMax":null,"Value":672},{"Length":2,"Height":35,"Demand":1,"DemandMax":null,"Value":70},{"Length":66,"Height":11,"Demand":1,"DemandMax":null,"Value":726},{"Length":114,"Height":7,"Demand":1,"DemandMax":null,"Value":798},{"Length":1,"Height":7,"Demand":2,"DemandMax":null,"Value":7},{"Length":13,"Height":75,"Demand":2,"DemandMax":null,"Value":975},{"Length":1,"Height":5,"Demand":5,"DemandMax":null,"Value":5},{"Length":59,"Height":16,"Demand":1,"DemandMax":null,"Value":944},{"Length":1,"Height":8,"Demand":7,"DemandMax":null,"Value":8},{"Length":34,"Height":1,"Demand":1,"DemandMax":null,"Value":34},{"Length":28,"Height":181,"Demand":1,"DemandMax":null,"Value":5068},{"Length":42,"Height":90,"Demand":1,"DemandMax":null,"Value":3780},{"Length":38,"Height":2,"Demand":2,"DemandMax":null,"Value":76},{"Length":1,"Height":33,"Demand":4,"DemandMax":null,"Value":33},{"Length":9,"Height":1,"Demand":2,"DemandMax":null,"Value":9},{"Length":14,"Height":92,"Demand":1,"DemandMax":null,"Value":1288},{"Length":8,"Height":80,"Demand":1,"DemandMax":null,"Value":640},{"Length":48,"Height":1,"Demand":1,"DemandMax":null,"Value":48},{"Length":20,"Height":1,"Demand":1,"DemandMax":null,"Value":20},{"Length":17,"Height":4,"Demand":1,"DemandMax":null,"Value":68},{"Length":24,"Height":6,"Demand":1,"DemandMax":null,"Value":144},{"Length":21,"Height":22,"Demand":1,"DemandMax":null,"Value":462},{"Length":5,"Height":74,"Demand":1,"DemandMax":null,"Value":370},{"Length":2,"Height":161,"Demand":1,"DemandMax":null,"Value":322},{"Length":6,"Height":2,"Demand":1,"DemandMax":null,"Value":12},{"Length":1,"Height":73,"Demand":1,"DemandMax":null,"Value":73},{"Length":2,"Height":154,"Demand":1,"DemandMax":null,"Value":308},{"Length":1,"Height":23,"Demand":1,"DemandMax":null,"Value":23},{"Length":170,"Height":19,"Demand":1,"DemandMax":null,"Value":3230},{"Length":12,"Height":14,"Demand":2,"DemandMax":null,"Value":168},{"Length":214,"Height":90,"Demand":1,"DemandMax":null,"Value":19260},{"Length":46,"Height":33,"Demand":1,"DemandMax":null,"Value":1518},{"Length":96,"Height":4,"Demand":1,"DemandMax":null,"Value":384},{"Length":98,"Height":39,"Demand":1,"DemandMax":null,"Value":3822},{"Length":8,"Height":108,"Demand":1,"DemandMax":null,"Value":864},{"Length":3,"Height":173,"Demand":1,"DemandMax":null,"Value":519},{"Length":2,"Height":12,"Demand":1,"DemandMax":null,"Value":24},{"Length":5,"Height":216,"Demand":1,"DemandMax":null,"Value":1080},{"Length":96,"Height":17,"Demand":1,"DemandMax":null,"Value":1632},{"Length":8,"Height":1,"Demand":3,"DemandMax":null,"Value":8},{"Length":178,"Height":154,"Demand":1,"DemandMax":null,"Value":27412},{"Length":1,"Height":64,"Demand":1,"DemandMax":null,"Value":64},{"Length":2,"Height":53,"Demand":1,"DemandMax":null,"Value":106},{"Length":176,"Height":211,"Demand":1,"DemandMax":null,"Value":37136},{"Length":101,"Height":7,"Demand":1,"DemandMax":null,"Value":707},{"Length":68,"Height":1,"Demand":1,"DemandMax":null,"Value":68},{"Length":3,"Height":1,"Demand":3,"DemandMax":null,"Value":3},{"Length":7,"Height":7,"Demand":1,"DemandMax":null,"Value":49},{"Length":9,"Height":73,"Demand":1,"DemandMax":null,"Value":657},{"Length":4,"Height":140,"Demand":1,"DemandMax":null,"Value":560},{"Length":84,"Height":2,"Demand":1,"DemandMax":null,"Value":168},{"Length":1,"Height":51,"Demand":3,"DemandMax":null,"Value":51},{"Length":1,"Height":26,"Demand":1,"DemandMax":null,"Value":26},{"Length":32,"Height":7,"Demand":1,"DemandMax":null,"Value":224},{"Length":9,"Height":2,"Demand":1,"DemandMax":null,"Value":18},{"Length":84,"Height":6,"Demand":1,"DemandMax":null,"Value":504},{"Length":170,"Height":7,"Demand":1,"DemandMax":null,"Value":1190},{"Length":5,"Height":139,"Demand":1,"DemandMax":null,"Value":695},{"Length":1,"Height":9,"Demand":1,"DemandMax":null,"Value":9},{"Length":38,"Height":3,"Demand":1,"DemandMax":null,"Value":114},{"Length":21,"Height":6,"Demand":1,"DemandMax":null,"Value":126},{"Length":20,"Height":11,"Demand":1,"DemandMax":null,"Value":220},{"Length":1,"Height":56,"Demand":1,"DemandMax":null,"Value":56},{"Length":146,"Height":108,"Demand":1,"DemandMax":null,"Value":15768},{"Length":1,"Height":76,"Demand":2,"DemandMax":null,"Value":76},{"Length":28,"Height":19,"Demand":1,"DemandMax":null,"Value":532},{"Length":5,"Height":85,"Demand":1,"DemandMax":null,"Value":425},{"Length":68,"Height":63,"Demand":1,"DemandMax":null,"Value":4284},{"Length":14,"Height":1,"Demand":1,"DemandMax":null,"Value":14},{"Length":35,"Height":126,"Demand":1,"DemandMax":null,"Value":4410},{"Length":5,"Height":1,"Demand":2,"DemandMax":null,"Value":5},{"Length":250,"Height":152,"Demand":1,"DemandMax":null,"Value":38000},{"Length":2,"Height":10,"Demand":1,"DemandMax":null,"Value":20},{"Length":65,"Height":29,"Demand":1,"DemandMax":null,"Value":1885},{"Length":21,"Height":2,"Demand":1,"DemandMax":null,"Value":42},{"Length":1,"Height":22,"Demand":2,"DemandMax":null,"Value":22},{"Length":9,"Height":9,"Demand":1,"DemandMax":null,"Value":81},{"Length":2,"Height":2,"Demand":4,"DemandMax":null,"Value":4},{"Length":70,"Height":37,"Demand":1,"DemandMax":null,"Value":2590},{"Length":87,"Height":111,"Demand":1,"DemandMax":null,"Value":9657},{"Length":10,"Height":1,"Demand":2,"DemandMax":null,"Value":10},{"Length":5,"Height":140,"Demand":1,"DemandMax":null,"Value":700},{"Length":10,"Height":6,"Demand":1,"DemandMax":null,"Value":60},{"Length":9,"Height":11,"Demand":1,"DemandMax":null,"Value":99},{"Length":17,"Height":70,"Demand":1,"DemandMax":null,"Value":1190},{"Length":98,"Height":1,"Demand":1,"DemandMax":null,"Value":98},{"Length":7,"Height":3,"Demand":1,"DemandMax":null,"Value":21},{"Length":18,"Height":15,"Demand":1,"DemandMax":null,"Value":270},{"Length":1,"Height":30,"Demand":2,"DemandMax":null,"Value":30},{"Length":2,"Height":82,"Demand":1,"DemandMax":null,"Value":164},{"Length":2,"Height":5,"Demand":1,"DemandMax":null,"Value":10},{"Length":11,"Height":7,"Demand":1,"DemandMax":null,"Value":77},{"Length":11,"Height":87,"Demand":1,"DemandMax":null,"Value":957},{"Length":13,"Height":119,"Demand":1,"DemandMax":null,"Value":1547},{"Length":1,"Height":107,"Demand":1,"DemandMax":null,"Value":107},{"Length":2,"Height":168,"Demand":1,"DemandMax":null,"Value":336},{"Length":214,"Height":17,"Demand":1,"DemandMax":null,"Value":3638},{"Length":11,"Height":3,"Demand":2,"DemandMax":null,"Value":33},{"Length":4,"Height":181,"Demand":1,"DemandMax":null,"Value":724},{"Length":28,"Height":1,"Demand":1,"DemandMax":null,"Value":28},{"Length":12,"Height":189,"Demand":1,"DemandMax":null,"Value":2268},{"Length":2,"Height":75,"Demand":1,"DemandMax":null,"Value":150},{"Length":60,"Height":3,"Demand":1,"DemandMax":null,"Value":180},{"Length":80,"Height":50,"Demand":1,"DemandMax":null,"Value":4000},{"Length":96,"Height":2,"Demand":1,"DemandMax":null,"Value":192},{"Length":16,"Height":5,"Demand":2,"DemandMax":null,"Value":80},{"Length":84,"Height":164,"Demand":1,"DemandMax":null,"Value":13776},{"Length":9,"Height":3,"Demand":1,"DemandMax":null,"Value":27},{"Length":1,"Height":78,"Demand":1,"DemandMax":null,"Value":78},{"Length":16,"Height":1,"Demand":2,"DemandMax":null,"Value":16},{"Length":10,"Height":90,"Demand":1,"DemandMax":null,"Value":900},{"Length":11,"Height":1,"Demand":3,"DemandMax":null,"Value":11},{"Length":88,"Height":35,"Demand":1,"DemandMax":null,"Value":3080},{"Length":1,"Height":99,"Demand":1,"DemandMax":null,"Value":99},{"Length":2,"Height":51,"Demand":2,"DemandMax":null,"Value":102},{"Length":1,"Height":109,"Demand":1,"DemandMax":null,"Value":109},{"Length":1,"Height":15,"Demand":2,"DemandMax":null,"Value":15},{"Length":10,"Height":52,"Demand":1,"DemandMax":null,"Value":520},{"Length":2,"Height":1,"Demand":5,"DemandMax":null,"Value":2},{"Length":1,"Height":20,"Demand":2,"DemandMax":null,"Value":20},{"Length":16,"Height":21,"Demand":1,"DemandMax":null,"Value":336},{"Length":1,"Height":41,"Demand":1,"DemandMax":null,"Value":41},{"Length":12,"Height":66,"Demand":1,"DemandMax":null,"Value":792},{"Length":3,"Height":13,"Demand":1,"DemandMax":null,"Value":39},{"Length":84,"Height":4,"Demand":2,"DemandMax":null,"Value":336},{"Length":9,"Height":4,"Demand":1,"DemandMax":null,"Value":36},{"Length":25,"Height":170,"Demand":1,"DemandMax":null,"Value":4250},{"Length":13,"Height":49,"Demand":1,"DemandMax":null,"Value":637},{"Length":1,"Height":18,"Demand":1,"DemandMax":null,"Value":18},{"Length":4,"Height":63,"Demand":1,"DemandMax":null,"Value":252},{"Length":1,"Height":57,"Demand":1,"DemandMax":null,"Value":57},{"Length":214,"Height":13,"Demand":1,"DemandMax":null,"Value":2782},{"Length":80,"Height":161,"Demand":1,"DemandMax":null,"Value":12880},{"Length":4,"Height":33,"Demand":2,"DemandMax":null,"Value":132},{"Length":13,"Height":10,"Demand":1,"DemandMax":null,"Value":130},{"Length":9,"Height":18,"Demand":1,"DemandMax":null,"Value":162},{"Length":16,"Height":98,"Demand":1,"DemandMax":null,"Value":1568},{"Length":28,"Height":72,"Demand":1,"DemandMax":null,"Value":2016},{"Length":4,"Height":67,"Demand":1,"DemandMax":null,"Value":268},{"Length":2,"Height":28,"Demand":1,"DemandMax":null,"Value":56},{"Length":26,"Height":67,"Demand":1,"DemandMax":null,"Value":1742},{"Length":3,"Height":140,"Demand":1,"DemandMax":null,"Value":420},{"Length":1,"Height":6,"Demand":4,"DemandMax":null,"Value":6},{"Length":8,"Height":89,"Demand":1,"DemandMax":null,"Value":712},{"Length":27,"Height":139,"Demand":1,"DemandMax":null,"Value":3753},{"Length":24,"Height":14,"Demand":1,"DemandMax":null,"Value":336},{"Length":1,"Height":24,"Demand":1,"DemandMax":null,"Value":24},{"Length":42,"Height":21,"Demand":1,"DemandMax":null,"Value":882},{"Length":23,"Height":52,"Demand":1,"DemandMax":null,"Value":1196},{"Length":7,"Height":30,"Demand":1,"DemandMax":null,"Value":210},{"Length":57,"Height":160,"Demand":1,"DemandMax":null,"Value":9120},{"Length":1,"Height":140,"Demand":1,"DemandMax":null,"Value":140},{"Length":1,"Height":63,"Demand":1,"DemandMax":null,"Value":63},{"Length":32,"Height":3,"Demand":1,"DemandMax":null,"Value":96},{"Length":8,"Height":2,"Demand":2,"DemandMax":null,"Value":16},{"Length":29,"Height":10,"Demand":1,"DemandMax":null,"Value":290},{"Length":70,"Height":77,"Demand":1,"DemandMax":null,"Value":5390},{"Length":24,"Height":80,"Demand":1,"DemandMax":null,"Value":1920},{"Length":57,"Height":133,"Demand":1,"DemandMax":null,"Value":7581},{"Length":1,"Height":10,"Demand":1,"DemandMax":null,"Value":10},{"Length":16,"Height":80,"Demand":1,"DemandMax":null,"Value":1280},{"Length":7,"Height":57,"Demand":1,"DemandMax":null,"Value":399},{"Length":58,"Height":212,"Demand":1,"DemandMax":null,"Value":12296},{"Length":47,"Height":58,"Demand":1,"DemandMax":null,"Value":2726},{"Length":31,"Height":9,"Demand":1,"DemandMax":null,"Value":279},{"Length":7,"Height":5,"Demand":1,"DemandMax":null,"Value":35},{"Length":8,"Height":147,"Demand":1,"DemandMax":null,"Value":1176},{"Length":54,"Height":14,"Demand":1,"DemandMax":null,"Value":756},{"Length":17,"Height":21,"Demand":1,"DemandMax":null,"Value":357},{"Length":9,"Height":7,"Demand":1,"DemandMax":null,"Value":63},{"Length":41,"Height":27,"Demand":1,"DemandMax":null,"Value":1107},{"Length":2,"Height":14,"Demand":1,"DemandMax":null,"Value":28},{"Length":54,"Height":1,"Demand":1,"DemandMax":null,"Value":54},{"Length":8,"Height":6,"Demand":1,"DemandMax":null,"Value":48},{"Length":47,"Height":3,"Demand":1,"DemandMax":null,"Value":141},{"Length":63,"Height":9,"Demand":1,"DemandMax":null,"Value":567},{"Length":104,"Height":6,"Demand":1,"DemandMax":null,"Value":624},{"Length":1,"Height":11,"Demand":2,"DemandMax":null,"Value":11},{"Length":29,"Height":146,"Demand":1,"DemandMax":null,"Value":4234},{"Length":2,"Height":99,"Demand":1,"DemandMax":null,"Value":198},{"Length":164,"Height":97,"Demand":1,"DemandMax":null,"Value":15908},{"Length":72,"Height":28,"Demand":1,"DemandMax":null,"Value":2016},{"Length":47,"Height":2,"Demand":1,"DemandMax":null,"Value":94},{"Length":17,"Height":8,"Demand":1,"DemandMax":null,"Value":136},{"Length":6,"Height":7,"Demand":1,"DemandMax":null,"Value":42},{"Length":13,"Height":4,"Demand":1,"DemandMax":null,"Value":52},{"Length":12,"Height":3,"Demand":1,"DemandMax":null,"Value":36},{"Length":2,"Height":37,"Demand":1,"DemandMax":null,"Value":74},{"Length":13,"Height":154,"Demand":1,"DemandMax":null,"Value":2002},{"Length":30,"Height":1,"Demand":1,"DemandMax":null,"Value":30},{"Length":5,"Height":75,"Demand":1,"DemandMax":null,"Value":375},{"Length":7,"Height":23,"Demand":2,"DemandMax":null,"Value":161},{"Length":3,"Height":139,"Demand":1,"DemandMax":null,"Value":417},{"Length":32,"Height":111,"Demand":1,"DemandMax":null,"Value":3552},{"Length":1,"Height":21,"Demand":1,"DemandMax":null,"Value":21},{"Length":27,"Height":6,"Demand":1,"DemandMax":null,"Value":162},{"Length":26,"Height":149,"Demand":1,"DemandMax":null,"Value":3874},{"Length":48,"Height":65,"Demand":1,"DemandMax":null,"Value":3120},{"Length":54,"Height":138,"Demand":1,"DemandMax":null,"Value":7452},{"Length":37,"Height":3,"Demand":1,"DemandMax":null,"Value":111},{"Length":12,"Height":4,"Demand":2,"DemandMax":null,"Value":48},{"Length":3,"Height":3,"Demand":1,"DemandMax":null,"Value":9},{"Length":46,"Height":9,"Demand":1,"DemandMax":null,"Value":414},{"Length":31,"Height":5,"Demand":1,"DemandMax":null,"Value":155},{"Length":1,"Height":25,"Demand":2,"DemandMax":null,"Value":25},{"Length":35,"Height":9,"Demand":1,"DemandMax":null,"Value":315},{"Length":2,"Height":13,"Demand":1,"DemandMax":null,"Value":26},{"Length":7,"Height":8,"Demand":1,"DemandMax":null,"Value":56},{"Length":15,"Height":73,"Demand":1,"DemandMax":null,"Value":1095},{"Length":84,"Height":7,"Demand":1,"DemandMax":null,"Value":588},{"Length":75,"Height":27,"Demand":1,"DemandMax":null,"Value":2025},{"Length":4,"Height":168,"Demand":1,"DemandMax":null,"Value":672},{"Length":66,"Height":3,"Demand":1,"DemandMax":null,"Value":198},{"Length":1,"Height":59,"Demand":1,"DemandMax":null,"Value":59},{"Length":58,"Height":13,"Demand":1,"DemandMax":null,"Value":754},{"Length":12,"Height":13,"Demand":1,"DemandMax":null,"Value":156},{"Length":12,"Height":194,"Demand":1,"DemandMax":null,"Value":2328},{"Length":4,"Height":101,"Demand":1,"DemandMax":null,"Value":404},{"Length":214,"Height":35,"Demand":1,"DemandMax":null,"Value":7490},{"Length":1,"Height":31,"Demand":1,"DemandMax":null,"Value":31},{"Length":243,"Height":223,"Demand":1,"DemandMax":null,"Value":54189},{"Length":55,"Height":25,"Demand":1,"DemandMax":null,"Value":1375},{"Length":84,"Height":27,"Demand":1,"DemandMax":null,"Value":2268},{"Length":55,"Height":22,"Demand":1,"DemandMax":null,"Value":1210},{"Length":13,"Height":1,"Demand":1,"DemandMax":null,"Value":13},{"Length":55,"Height":23,"Demand":1,"DemandMax":null,"Value":1265},{"Length":17,"Height":82,"Demand":1,"DemandMax":null,"Value":1394},{"Length":7,"Height":52,"Demand":1,"DemandMax":null,"Value":364},{"Length":43,"Height":111,"Demand":1,"DemandMax":null,"Value":4773},{"Length":28,"Height":3,"Demand":1,"DemandMax":null,"Value":84},{"Length":59,"Height":234,"Demand":1,"DemandMax":null,"Value":13806},{"Length":55,"Height":13,"Demand":1,"DemandMax":null,"Value":715},{"Length":3,"Height":7,"Demand":1,"DemandMax":null,"Value":21},{"Length":27,"Height":111,"Demand":1,"DemandMax":null,"Value":2997},{"Length":28,"Height":37,"Demand":1,"DemandMax":null,"Value":1036},{"Length":17,"Height":13,"Demand":1,"DemandMax":null,"Value":221},{"Length":54,"Height":41,"Demand":1,"DemandMax":null,"Value":2214},{"Length":32,"Height":60,"Demand":1,"DemandMax":null,"Value":1920},{"Length":173,"Height":153,"Demand":1,"DemandMax":null,"Value":26469},{"Length":67,"Height":4,"Demand":1,"DemandMax":null,"Value":268},{"Length":32,"Height":98,"Demand":1,"DemandMax":null,"Value":3136},{"Length":91,"Height":175,"Demand":1,"DemandMax":null,"Value":15925},{"Length":114,"Height":8,"Demand":1,"DemandMax":null,"Value":912},{"Length":4,"Height":38,"Demand":1,"DemandMax":null,"Value":152},{"Length":57,"Height":30,"Demand":1,"DemandMax":null,"Value":1710},{"Length":4,"Height":87,"Demand":1,"DemandMax":null,"Value":348},{"Length":7,"Height":6,"Demand":1,"DemandMax":null,"Value":42},{"Length":199,"Height":59,"Demand":1,"DemandMax":null,"Value":11741},{"Length":7,"Height":1,"Demand":1,"DemandMax":null,"Value":7},{"Length":57,"Height":42,"Demand":1,"DemandMax":null,"Value":2394},{"Length":49,"Height":1,"Demand":1,"DemandMax":null,"Value":49},{"Length":86,"Height":1,"Demand":1,"DemandMax":null,"Value":86},{"Length":158,"Height":49,"Demand":1,"DemandMax":null,"Value":7742},{"Length":55,"Height":15,"Demand":1,"DemandMax":null,"Value":825},{"Length":17,"Height":9,"Demand":1,"DemandMax":null,"Value":153},{"Length":5,"Height":13,"Demand":1,"DemandMax":null,"Value":65},{"Length":2,"Height":92,"Demand":1,"DemandMax":null,"Value":184},{"Length":2,"Height":147,"Demand":1,"DemandMax":null,"Value":294},{"Length":11,"Height":80,"Demand":1,"DemandMax":null,"Value":880},{"Length":5,"Height":52,"Demand":1,"DemandMax":null,"Value":260},{"Length":11,"Height":8,"Demand":1,"DemandMax":null,"Value":88}]}