{"Name":"Nice100i3b2","Objects":[{"Length":293,"Height":454,"Stock":1,"Cost":133022},{"Length":1000,"Height":546,"Stock":6,"Cost":546000},{"Length":707,"Height":454,"Stock":5,"Cost":320978}],"Items":[{"Length":138,"Height":141,"Demand":1,"DemandMax":null,"Value":19458},{"Length":93,"Height":263,"Demand":1,"DemandMax":null,"Value":24459},{"Length":237,"Height":102,"Demand":1,"DemandMax":null,"Value":24174},{"Length":121,"Height":97,"Demand":1,"DemandMax":null,"Value":11737},{"Length":53,"Height":112,"Demand":2,"DemandMax":null,"Value":5936},{"Length":142,"Height":52,"Demand":1,"DemandMax":null,"Value":7384},{"Length":139,"Height":137,"Demand":1,"DemandMax":null,"Value":19043},{"Length":93,"Height":70,"Demand":2,"DemandMax":null,"Value":6510},{"Length":57,"Height":114,"Demand":1,"DemandMax":null,"Value":6498},{"Length":84,"Height":283,"Demand":1,"DemandMax":null,"Value":23772},{"Length":108,"Height":55,"Demand":1,"DemandMax":null,"Value":5940},{"Length":132,"Height":107,"Demand":1,"DemandMax":null,"Value":14124},{"Length":161,"Height":68,"Demand":1,"DemandMax":null,"Value":10948},{"Length":91,"Height":83,"Demand":1,"DemandMax":null,"Value":7553},{"Length":86,"Height":135,"Demand":1,"DemandMax":null,"Value":11610},{"Length":163,"Height":129,"Demand":1,"DemandMax":null,"Value":21027},{"Length":216,"Height":59,"Demand":1,"DemandMax":null,"Value":12744},{"Length":76,"Height":152,"Demand":1,"DemandMax":null,"Value":11552},{"Length":155,"Height":69,"Demand":1,"DemandMax":null,"Value":10695},{"Length":176,"Height":73,"Demand":1,"DemandMax":null,"Value":12848},{"Length":105,"Height":68,"Demand":1,"DemandMax":null,"Value":7140},{"Length":79,"Height":75,"Demand":1,"DemandMax":null,"Value":5925},{"Length":46,"Height":158,"Demand":1,"DemandMax":null,"Value":7268},{"Length":155,"Height":72,"Demand":1,"DemandMax":null,"Value":11160},{"Length":136,"Height":46,"Demand":1,"DemandMax":null,"Value":6256},{"Length":87,"Height":76,"Demand":1,"DemandMax":null,"Value":6612},{"Length":80,"Height":79,"Demand":1,"DemandMax":null,"Value":6320},{"Length":48,"Height":135,"Demand":1,"DemandMax":null,"Value":6480},{"Length":161,"Height":205,"Demand":1,"DemandMax":null,"Value":33005},{"Length":91,"Height":69,"Demand":1,"DemandMax":null,"Value":6279},{"Length":213,"Height":97,"Demand":1,"DemandMax":null,"Value":20661},{"Length":77,"Height":109,"Demand":1,"DemandMax":null,"Value":8393},{"Length":40,"Height":149,"Demand":1,"DemandMax":null,"Value":5960},{"Length":142,"Height":59,"Demand":1,"DemandMax":null,"Value":8378},{"Length":44,"Height":153,"Demand":1,"DemandMax":null,"Value":6732},{"Length":54,"Height":205,"Demand":1,"DemandMax":null,"Value":11070},{"Length":90,"Height":125,"Demand":1,"DemandMax":null,"Value":11250},{"Length":50,"Height":102,"Demand":1,"DemandMax":null,"Value":5100},{"Length":161,"Height":41,"Demand":1,"DemandMax":null,"Value":6601},{"Length":267,"Height":112,"Demand":1,"DemandMax":null,"Value":29904},{"Length":164,"Height":60,"Demand":1,"DemandMax":null,"Value":9840},{"Length":97,"Height":174,"Demand":1,"DemandMax":null,"Value":16878},{"Length":55,"Height":62,"Demand":1,"DemandMax":null,"Value":3410},{"Length":39,"Height":152,"Demand":1,"DemandMax":null,"Value":5928},{"Length":58,"Height":138,"Demand":1,"DemandMax":null,"Value":8004},{"Length":82,"Height":161,"Demand":1,"DemandMax":null,"Value":13202},{"Length":58,"Height":103,"Demand":1,"DemandMax":null,"Value":5974},{"Length":96,"Height":158,"Demand":1,"DemandMax":null,"Value":15168},{"Length":108,"Height":73,"Demand":1,"DemandMax":null,"Value":7884},{"Length":164,"Height":65,"Demand":1,"DemandMax":null,"Value":10660},{"Length":95,"Height":66,"Demand":1,"DemandMax":null,"Value":6270},{"Length":55,"Height":69,"Demand":1,"DemandMax":null,"Value":3795},{"Length":110,"Height":57,"Demand":1,"DemandMax":null,"Value":6270},{"Length":161,"Height":43,"Demand":1,"DemandMax":null,"Value":6923},{"Length":98,"Height":153,"Demand":1,"DemandMax":null,"Value":14994},{"Length":43,"Height":152,"Demand":1,"DemandMax":null,"Value":6536},{"Length":136,"Height":82,"Demand":1,"DemandMax":null,"Value":11152},{"Length":48,"Height":161,"Demand":1,"DemandMax":null,"Value":7728},{"Length":129,"Height":68,"Demand":1,"DemandMax":null,"Value":8772},{"Length":79,"Height":86,"Demand":1,"DemandMax":null,"Value":6794},{"Length":52,"Height":125,"Demand":1,"DemandMax":null,"Value":6500},{"Length":110,"Height":78,"Demand":1,"DemandMax":null,"Value":8580},{"Length":87,"Height":98,"Demand":1,"DemandMax":null,"Value":8526},{"Length":91,"Height":122,"Demand":1,"DemandMax":null,"Value":11102},{"Length":85,"Height":109,"Demand":1,"DemandMax":null,"Value":9265},{"Length":96,"Height":36,"Demand":1,"DemandMax":null,"Value":3456},{"Length":73,"Height":114,"Demand":1,"DemandMax":null,"Value":8322},{"Length":65,"Height":64,"Demand":1,"DemandMax":null,"Value":4160},{"Length":93,"Height":65,"Demand":1,"DemandMax":null,"Value":6045},{"Length":69,"Height":94,"Demand":1,"DemandMax":null,"Value":6486},{"Length":91,"Height":125,"Demand":1,"DemandMax":null,"Value":11375},{"Length":64,"Height":138,"Demand":1,"DemandMax":null,"Value":8832},{"Length":142,"Height":57,"Demand":1,"DemandMax":null,"Value":8094},{"Length":120,"Height":80,"Demand":1,"DemandMax":null,"Value":9600},{"Length":163,"Height":134,"Demand":1,"DemandMax":null,"Value":21842},{"Length":79,"Height":45,"Demand":1,"DemandMax":null,"Value":3555},{"Length":72,"Height":138,"Demand":1,"DemandMax":null,"Value":9936},{"Length":90,"Height":72,"Demand":1,"DemandMax":null,"Value":6480},{"Length":56,"Height":66,"Demand":1,"DemandMax":null,"Value":3696},{"Length":142,"Height":71,"Demand":1,"DemandMax":null,"Value":10082},{"Length":100,"Height":103,"Demand":1,"DemandMax":null,"Value":10300},{"Length":71,"Height":205,"Demand":1,"DemandMax":null,"Value":14555},{"Length":67,"Height":125,"Demand":1,"DemandMax":null,"Value":8375},{"Length":90,"Height":77,"Demand":1,"DemandMax":null,"Value":6930},{"Length":75,"Height":94,"Demand":1,"DemandMax":null,"Value":7050},{"Length":71,"Height":65,"Demand":1,"DemandMax":null,"Value":4615},{"Length":132,"Height":206,"Demand":1,"DemandMax":null,"Value":27192},{"Length":71,"Height":73,"Demand":1,"DemandMax":null,"Value":5183},{"Length":79,"Height":64,"Demand":1,"DemandMax":null,"Value":5056},{"Length":55,"Height":63,"Demand":1,"DemandMax":null,"Value":3465},{"Length":79,"Height":58,"Demand":1,"DemandMax":null,"Value":4582},{"Length":65,"Height":66,"Demand":1,"DemandMax":null,"Value":4290},{"Length":88,"Height":69,"Demand":1,"DemandMax":null,"Value":6072},{"Length":96,"Height":43,"Demand":1,"DemandMax":null,"Value":4128},{"Length":184,"Height":158,"Demand":1,"DemandMax":null,"Value":29072},{"Length":120,"Height":94,"Demand":1,"DemandMax":null,"Value":11280},{"Length":55,"Height":102,"Demand":1,"DemandMax":null,"Value":5610},{"Length":57,"Height":161,"Demand":1,"DemandMax":null,"Value":9177}]}