{"Name":"Nice100i2b3","Objects":[{"Length":1000,"Height":348,"Stock":5,"Cost":348000},{"Length":1000,"Height":652,"Stock":5,"Cost":652000}],"Items":[{"Length":204,"Height":52,"Demand":1,"DemandMax":null,"Value":10608},{"Length":111,"Height":107,"Demand":1,"DemandMax":null,"Value":11877},{"Length":72,"Height":97,"Demand":1,"DemandMax":null,"Value":6984},{"Length":224,"Height":125,"Demand":1,"DemandMax":null,"Value":28000},{"Length":117,"Height":130,"Demand":2,"DemandMax":null,"Value":15210},{"Length":119,"Height":90,"Demand":1,"DemandMax":null,"Value":10710},{"Length":54,"Height":181,"Demand":1,"DemandMax":null,"Value":9774},{"Length":85,"Height":122,"Demand":1,"DemandMax":null,"Value":10370},{"Length":116,"Height":84,"Demand":1,"DemandMax":null,"Value":9744},{"Length":145,"Height":102,"Demand":1,"DemandMax":null,"Value":14790},{"Length":95,"Height":112,"Demand":1,"DemandMax":null,"Value":10640},{"Length":37,"Height":109,"Demand":1,"DemandMax":null,"Value":4033},{"Length":120,"Height":36,"Demand":1,"DemandMax":null,"Value":4320},{"Length":98,"Height":138,"Demand":1,"DemandMax":null,"Value":13524},{"Length":76,"Height":104,"Demand":1,"DemandMax":null,"Value":7904},{"Length":89,"Height":129,"Demand":1,"DemandMax":null,"Value":11481},{"Length":97,"Height":82,"Demand":1,"DemandMax":null,"Value":7954},{"Length":112,"Height":62,"Demand":2,"DemandMax":null,"Value":6944},{"Length":70,"Height":124,"Demand":1,"DemandMax":null,"Value":8680},{"Length":127,"Height":51,"Demand":1,"DemandMax":null,"Value":6477},{"Length":78,"Height":104,"Demand":1,"DemandMax":null,"Value":8112},{"Length":72,"Height":140,"Demand":1,"DemandMax":null,"Value":10080},{"Length":111,"Height":94,"Demand":1,"DemandMax":null,"Value":10434},{"Length":83,"Height":77,"Demand":1,"DemandMax":null,"Value":6391},{"Length":50,"Height":156,"Demand":1,"DemandMax":null,"Value":7800},{"Length":108,"Height":59,"Demand":1,"DemandMax":null,"Value":6372},{"Length":95,"Height":78,"Demand":1,"DemandMax":null,"Value":7410},{"Length":95,"Height":65,"Demand":1,"DemandMax":null,"Value":6175},{"Length":110,"Height":65,"Demand":1,"DemandMax":null,"Value":7150},{"Length":203,"Height":59,"Demand":1,"DemandMax":null,"Value":11977},{"Length":53,"Height":122,"Demand":2,"DemandMax":null,"Value":6466},{"Length":110,"Height":58,"Demand":1,"DemandMax":null,"Value":6380},{"Length":97,"Height":121,"Demand":1,"DemandMax":null,"Value":11737},{"Length":78,"Height":79,"Demand":1,"DemandMax":null,"Value":6162},{"Length":127,"Height":53,"Demand":1,"DemandMax":null,"Value":6731},{"Length":109,"Height":104,"Demand":1,"DemandMax":null,"Value":11336},{"Length":95,"Height":93,"Demand":1,"DemandMax":null,"Value":8835},{"Length":125,"Height":79,"Demand":1,"DemandMax":null,"Value":9875},{"Length":102,"Height":109,"Demand":1,"DemandMax":null,"Value":11118},{"Length":128,"Height":59,"Demand":1,"DemandMax":null,"Value":7552},{"Length":86,"Height":88,"Demand":1,"DemandMax":null,"Value":7568},{"Length":134,"Height":83,"Demand":2,"DemandMax":null,"Value":11122},{"Length":126,"Height":65,"Demand":1,"DemandMax":null,"Value":8190},{"Length":110,"Height":64,"Demand":1,"DemandMax":null,"Value":7040},{"Length":67,"Height":140,"Demand":2,"DemandMax":null,"Value":9380},{"Length":76,"Height":90,"Demand":1,"DemandMax":null,"Value":6840},{"Length":190,"Height":84,"Demand":1,"DemandMax":null,"Value":15960},{"Length":118,"Height":88,"Demand":1,"DemandMax":null,"Value":10384},{"Length":59,"Height":156,"Demand":2,"DemandMax":null,"Value":9204},{"Length":117,"Height":104,"Demand":1,"DemandMax":null,"Value":12168},{"Length":171,"Height":78,"Demand":1,"DemandMax":null,"Value":13338},{"Length":75,"Height":192,"Demand":1,"DemandMax":null,"Value":14400},{"Length":102,"Height":73,"Demand":1,"DemandMax":null,"Value":7446},{"Length":70,"Height":104,"Demand":1,"DemandMax":null,"Value":7280},{"Length":83,"Height":88,"Demand":1,"DemandMax":null,"Value":7304},{"Length":104,"Height":58,"Demand":1,"DemandMax":null,"Value":6032},{"Length":90,"Height":129,"Demand":1,"DemandMax":null,"Value":11610},{"Length":209,"Height":71,"Demand":1,"DemandMax":null,"Value":14839},{"Length":220,"Height":97,"Demand":1,"DemandMax":null,"Value":21340},{"Length":124,"Height":104,"Demand":1,"DemandMax":null,"Value":12896},{"Length":65,"Height":102,"Demand":1,"DemandMax":null,"Value":6630},{"Length":68,"Height":94,"Demand":1,"DemandMax":null,"Value":6392},{"Length":97,"Height":145,"Demand":1,"DemandMax":null,"Value":14065},{"Length":97,"Height":94,"Demand":1,"DemandMax":null,"Value":9118},{"Length":62,"Height":98,"Demand":1,"DemandMax":null,"Value":6076},{"Length":60,"Height":109,"Demand":1,"DemandMax":null,"Value":6540},{"Length":186,"Height":94,"Demand":1,"DemandMax":null,"Value":17484},{"Length":120,"Height":183,"Demand":1,"DemandMax":null,"Value":21960},{"Length":98,"Height":94,"Demand":1,"DemandMax":null,"Value":9212},{"Length":122,"Height":80,"Demand":1,"DemandMax":null,"Value":9760},{"Length":68,"Height":156,"Demand":1,"DemandMax":null,"Value":10608},{"Length":193,"Height":98,"Demand":1,"DemandMax":null,"Value":18914},{"Length":130,"Height":181,"Demand":1,"DemandMax":null,"Value":23530},{"Length":40,"Height":153,"Demand":1,"DemandMax":null,"Value":6120},{"Length":122,"Height":101,"Demand":1,"DemandMax":null,"Value":12322},{"Length":72,"Height":104,"Demand":1,"DemandMax":null,"Value":7488},{"Length":71,"Height":153,"Demand":1,"DemandMax":null,"Value":10863},{"Length":96,"Height":102,"Demand":1,"DemandMax":null,"Value":9792},{"Length":111,"Height":90,"Demand":1,"DemandMax":null,"Value":9990},{"Length":69,"Height":94,"Demand":1,"DemandMax":null,"Value":6486},{"Length":96,"Height":97,"Demand":1,"DemandMax":null,"Value":9312},{"Length":68,"Height":98,"Demand":1,"DemandMax":null,"Value":6664},{"Length":105,"Height":58,"Demand":1,"DemandMax":null,"Value":6090},{"Length":88,"Height":88,"Demand":1,"DemandMax":null,"Value":7744},{"Length":68,"Height":109,"Demand":1,"DemandMax":null,"Value":7412},{"Length":122,"Height":73,"Demand":1,"DemandMax":null,"Value":8906},{"Length":83,"Height":89,"Demand":1,"DemandMax":null,"Value":7387},{"Length":39,"Height":156,"Demand":2,"DemandMax":null,"Value":6084},{"Length":83,"Height":104,"Demand":1,"DemandMax":null,"Value":8632},{"Length":91,"Height":104,"Demand":1,"DemandMax":null,"Value":9464},{"Length":211,"Height":156,"Demand":1,"DemandMax":null,"Value":32916},{"Length":39,"Height":109,"Demand":1,"DemandMax":null,"Value":4251},{"Length":120,"Height":41,"Demand":1,"DemandMax":null,"Value":4920}]}