{"Name":"Nice50i2b4","Objects":[{"Length":1000,"Height":448,"Stock":3,"Cost":448000},{"Length":1000,"Height":552,"Stock":6,"Cost":552000}],"Items":[{"Length":67,"Height":213,"Demand":1,"DemandMax":null,"Value":14271},{"Length":117,"Height":235,"Demand":1,"DemandMax":null,"Value":27495},{"Length":121,"Height":102,"Demand":1,"DemandMax":null,"Value":12342},{"Length":286,"Height":88,"Demand":1,"DemandMax":null,"Value":25168},{"Length":61,"Height":221,"Demand":1,"DemandMax":null,"Value":13481},{"Length":88,"Height":125,"Demand":1,"DemandMax":null,"Value":11000},{"Length":218,"Height":65,"Demand":1,"DemandMax":null,"Value":14170},{"Length":173,"Height":113,"Demand":1,"DemandMax":null,"Value":19549},{"Length":81,"Height":76,"Demand":1,"DemandMax":null,"Value":6156},{"Length":114,"Height":91,"Demand":1,"DemandMax":null,"Value":10374},{"Length":151,"Height":235,"Demand":1,"DemandMax":null,"Value":35485},{"Length":57,"Height":221,"Demand":1,"DemandMax":null,"Value":12597},{"Length":192,"Height":227,"Demand":1,"DemandMax":null,"Value":43584},{"Length":169,"Height":115,"Demand":1,"DemandMax":null,"Value":19435},{"Length":169,"Height":120,"Demand":1,"DemandMax":null,"Value":20280},{"Length":98,"Height":221,"Demand":1,"DemandMax":null,"Value":21658},{"Length":163,"Height":127,"Demand":1,"DemandMax":null,"Value":20701},{"Length":286,"Height":107,"Demand":1,"DemandMax":null,"Value":30602},{"Length":115,"Height":85,"Demand":1,"DemandMax":null,"Value":9775},{"Length":92,"Height":113,"Demand":1,"DemandMax":null,"Value":10396},{"Length":254,"Height":76,"Demand":1,"DemandMax":null,"Value":19304},{"Length":154,"Height":121,"Demand":1,"DemandMax":null,"Value":18634},{"Length":286,"Height":122,"Demand":1,"DemandMax":null,"Value":34892},{"Length":161,"Height":138,"Demand":1,"DemandMax":null,"Value":22218},{"Length":195,"Height":63,"Demand":2,"DemandMax":null,"Value":12285},{"Length":247,"Height":136,"Demand":1,"DemandMax":null,"Value":33592},{"Length":254,"Height":79,"Demand":1,"DemandMax":null,"Value":20066},{"Length":154,"Height":191,"Demand":1,"DemandMax":null,"Value":29414},{"Length":141,"Height":136,"Demand":1,"DemandMax":null,"Value":19176},{"Length":143,"Height":136,"Demand":1,"DemandMax":null,"Value":19448},{"Length":246,"Height":157,"Demand":1,"DemandMax":null,"Value":38622},{"Length":154,"Height":101,"Demand":1,"DemandMax":null,"Value":15554},{"Length":84,"Height":84,"Demand":1,"DemandMax":null,"Value":7056},{"Length":195,"Height":75,"Demand":1,"DemandMax":null,"Value":14625},{"Length":145,"Height":157,"Demand":1,"DemandMax":null,"Value":22765},{"Length":195,"Height":64,"Demand":1,"DemandMax":null,"Value":12480},{"Length":235,"Height":102,"Demand":1,"DemandMax":null,"Value":23970},{"Length":328,"Height":92,"Demand":1,"DemandMax":null,"Value":30176},{"Length":219,"Height":227,"Demand":1,"DemandMax":null,"Value":49713},{"Length":93,"Height":113,"Demand":1,"DemandMax":null,"Value":10509},{"Length":154,"Height":126,"Demand":1,"DemandMax":null,"Value":19404},{"Length":58,"Height":221,"Demand":1,"DemandMax":null,"Value":12818},{"Length":88,"Height":187,"Demand":1,"DemandMax":null,"Value":16456},{"Length":170,"Height":91,"Demand":1,"DemandMax":null,"Value":15470},{"Length":328,"Height":129,"Demand":1,"DemandMax":null,"Value":42312},{"Length":218,"Height":90,"Demand":1,"DemandMax":null,"Value":19620},{"Length":84,"Height":129,"Demand":1,"DemandMax":null,"Value":10836},{"Length":132,"Height":85,"Demand":1,"DemandMax":null,"Value":11220},{"Length":81,"Height":81,"Demand":1,"DemandMax":null,"Value":6561}]}