{"Name":"Path400i6b2","Objects":[{"Length":245,"Height":357,"Stock":1,"Cost":87465},{"Length":338,"Height":566,"Stock":4,"Cost":191308},{"Length":310,"Height":434,"Stock":1,"Cost":134540},{"Length":245,"Height":643,"Stock":5,"Cost":157535},{"Length":417,"Height":566,"Stock":2,"Cost":236022},{"Length":445,"Height":434,"Stock":5,"Cost":193130}],"Items":[{"Length":1,"Height":6,"Demand":2,"DemandMax":null,"Value":6},{"Length":112,"Height":162,"Demand":1,"DemandMax":null,"Value":18144},{"Length":170,"Height":243,"Demand":1,"DemandMax":null,"Value":41310},{"Length":205,"Height":190,"Demand":1,"DemandMax":null,"Value":38950},{"Length":89,"Height":7,"Demand":1,"DemandMax":null,"Value":623},{"Length":64,"Height":64,"Demand":1,"DemandMax":null,"Value":4096},{"Length":67,"Height":27,"Demand":1,"DemandMax":null,"Value":1809},{"Length":188,"Height":32,"Demand":1,"DemandMax":null,"Value":6016},{"Length":71,"Height":79,"Demand":1,"DemandMax":null,"Value":5609},{"Length":109,"Height":1,"Demand":1,"DemandMax":null,"Value":109},{"Length":7,"Height":1,"Demand":2,"DemandMax":null,"Value":7},{"Length":115,"Height":219,"Demand":1,"DemandMax":null,"Value":25185},{"Length":199,"Height":3,"Demand":1,"DemandMax":null,"Value":597},{"Length":162,"Height":191,"Demand":1,"DemandMax":null,"Value":30942},{"Length":234,"Height":239,"Demand":1,"DemandMax":null,"Value":55926},{"Length":222,"Height":123,"Demand":1,"DemandMax":null,"Value":27306},{"Length":183,"Height":2,"Demand":1,"DemandMax":null,"Value":366},{"Length":195,"Height":2,"Demand":1,"DemandMax":null,"Value":390},{"Length":68,"Height":14,"Demand":1,"DemandMax":null,"Value":952},{"Length":245,"Height":56,"Demand":1,"DemandMax":null,"Value":13720},{"Length":82,"Height":37,"Demand":1,"DemandMax":null,"Value":3034},{"Length":1,"Height":1,"Demand":28,"DemandMax":null,"Value":1},{"Length":110,"Height":1,"Demand":1,"DemandMax":null,"Value":110},{"Length":39,"Height":50,"Demand":1,"DemandMax":null,"Value":1950},{"Length":234,"Height":164,"Demand":1,"DemandMax":null,"Value":38376},{"Length":21,"Height":3,"Demand":1,"DemandMax":null,"Value":63},{"Length":134,"Height":91,"Demand":1,"DemandMax":null,"Value":12194},{"Length":5,"Height":153,"Demand":1,"DemandMax":null,"Value":765},{"Length":1,"Height":3,"Demand":8,"DemandMax":null,"Value":3},{"Length":92,"Height":29,"Demand":1,"DemandMax":null,"Value":2668},{"Length":28,"Height":1,"Demand":3,"DemandMax":null,"Value":28},{"Length":187,"Height":113,"Demand":1,"DemandMax":null,"Value":21131},{"Length":96,"Height":2,"Demand":1,"DemandMax":null,"Value":192},{"Length":222,"Height":1,"Demand":2,"DemandMax":null,"Value":222},{"Length":114,"Height":1,"Demand":2,"DemandMax":null,"Value":114},{"Length":4,"Height":2,"Demand":3,"DemandMax":null,"Value":8},{"Length":26,"Height":1,"Demand":1,"DemandMax":null,"Value":26},{"Length":2,"Height":1,"Demand":10,"DemandMax":null,"Value":2},{"Length":17,"Height":1,"Demand":3,"DemandMax":null,"Value":17},{"Length":187,"Height":34,"Demand":1,"DemandMax":null,"Value":6358},{"Length":4,"Height":65,"Demand":1,"DemandMax":null,"Value":260},{"Length":1,"Height":21,"Demand":1,"DemandMax":null,"Value":21},{"Length":224,"Height":25,"Demand":1,"DemandMax":null,"Value":5600},{"Length":114,"Height":7,"Demand":1,"DemandMax":null,"Value":798},{"Length":2,"Height":2,"Demand":3,"DemandMax":null,"Value":4},{"Length":27,"Height":3,"Demand":1,"DemandMax":null,"Value":81},{"Length":41,"Height":1,"Demand":2,"DemandMax":null,"Value":41},{"Length":21,"Height":93,"Demand":1,"DemandMax":null,"Value":1953},{"Length":177,"Height":165,"Demand":1,"DemandMax":null,"Value":29205},{"Length":47,"Height":1,"Demand":3,"DemandMax":null,"Value":47},{"Length":211,"Height":96,"Demand":1,"DemandMax":null,"Value":20256},{"Length":34,"Height":16,"Demand":1,"DemandMax":null,"Value":544},{"Length":28,"Height":2,"Demand":2,"DemandMax":null,"Value":56},{"Length":140,"Height":39,"Demand":1,"DemandMax":null,"Value":5460},{"Length":134,"Height":9,"Demand":1,"DemandMax":null,"Value":1206},{"Length":183,"Height":81,"Demand":1,"DemandMax":null,"Value":14823},{"Length":41,"Height":4,"Demand":1,"DemandMax":null,"Value":164},{"Length":76,"Height":3,"Demand":1,"DemandMax":null,"Value":228},{"Length":9,"Height":48,"Demand":1,"DemandMax":null,"Value":432},{"Length":53,"Height":146,"Demand":1,"DemandMax":null,"Value":7738},{"Length":193,"Height":3,"Demand":1,"DemandMax":null,"Value":579},{"Length":168,"Height":44,"Demand":1,"DemandMax":null,"Value":7392},{"Length":164,"Height":5,"Demand":1,"DemandMax":null,"Value":820},{"Length":48,"Height":67,"Demand":1,"DemandMax":null,"Value":3216},{"Length":18,"Height":15,"Demand":1,"DemandMax":null,"Value":270},{"Length":187,"Height":1,"Demand":1,"DemandMax":null,"Value":187},{"Length":48,"Height":14,"Demand":1,"DemandMax":null,"Value":672},{"Length":206,"Height":1,"Demand":1,"DemandMax":null,"Value":206},{"Length":133,"Height":1,"Demand":2,"DemandMax":null,"Value":133},{"Length":7,"Height":24,"Demand":1,"DemandMax":null,"Value":168},{"Length":195,"Height":84,"Demand":1,"DemandMax":null,"Value":16380},{"Length":140,"Height":37,"Demand":1,"DemandMax":null,"Value":5180},{"Length":211,"Height":74,"Demand":1,"DemandMax":null,"Value":15614},{"Length":41,"Height":30,"Demand":1,"DemandMax":null,"Value":1230},{"Length":168,"Height":145,"Demand":1,"DemandMax":null,"Value":24360},{"Length":1,"Height":7,"Demand":1,"DemandMax":null,"Value":7},{"Length":6,"Height":20,"Demand":1,"DemandMax":null,"Value":120},{"Length":38,"Height":15,"Demand":1,"DemandMax":null,"Value":570},{"Length":50,"Height":6,"Demand":1,"DemandMax":null,"Value":300},{"Length":23,"Height":6,"Demand":1,"DemandMax":null,"Value":138},{"Length":48,"Height":1,"Demand":2,"DemandMax":null,"Value":48},{"Length":8,"Height":13,"Demand":1,"DemandMax":null,"Value":104},{"Length":10,"Height":116,"Demand":1,"DemandMax":null,"Value":1160},{"Length":178,"Height":4,"Demand":1,"DemandMax":null,"Value":712},{"Length":147,"Height":5,"Demand":1,"DemandMax":null,"Value":735},{"Length":14,"Height":2,"Demand":1,"DemandMax":null,"Value":28},{"Length":41,"Height":47,"Demand":1,"DemandMax":null,"Value":1927},{"Length":5,"Height":3,"Demand":1,"DemandMax":null,"Value":15},{"Length":39,"Height":91,"Demand":1,"DemandMax":null,"Value":3549},{"Length":71,"Height":93,"Demand":1,"DemandMax":null,"Value":6603},{"Length":6,"Height":23,"Demand":1,"DemandMax":null,"Value":138},{"Length":5,"Height":28,"Demand":1,"DemandMax":null,"Value":140},{"Length":4,"Height":5,"Demand":1,"DemandMax":null,"Value":20},{"Length":175,"Height":3,"Demand":1,"DemandMax":null,"Value":525},{"Length":8,"Height":1,"Demand":4,"DemandMax":null,"Value":8},{"Length":112,"Height":1,"Demand":2,"DemandMax":null,"Value":112},{"Length":1,"Height":2,"Demand":5,"DemandMax":null,"Value":2},{"Length":63,"Height":1,"Demand":1,"DemandMax":null,"Value":63},{"Length":148,"Height":139,"Demand":1,"DemandMax":null,"Value":20572},{"Length":147,"Height":20,"Demand":1,"DemandMax":null,"Value":2940},{"Length":193,"Height":1,"Demand":1,"DemandMax":null,"Value":193},{"Length":104,"Height":7,"Demand":1,"DemandMax":null,"Value":728},{"Length":11,"Height":181,"Demand":1,"DemandMax":null,"Value":1991},{"Length":40,"Height":9,"Demand":1,"DemandMax":null,"Value":360},{"Length":53,"Height":23,"Demand":1,"DemandMax":null,"Value":1219},{"Length":5,"Height":7,"Demand":1,"DemandMax":null,"Value":35},{"Length":9,"Height":4,"Demand":1,"DemandMax":null,"Value":36},{"Length":155,"Height":6,"Demand":1,"DemandMax":null,"Value":930},{"Length":21,"Height":1,"Demand":5,"DemandMax":null,"Value":21},{"Length":6,"Height":1,"Demand":2,"DemandMax":null,"Value":6},{"Length":178,"Height":27,"Demand":1,"DemandMax":null,"Value":4806},{"Length":33,"Height":50,"Demand":1,"DemandMax":null,"Value":1650},{"Length":170,"Height":25,"Demand":1,"DemandMax":null,"Value":4250},{"Length":13,"Height":3,"Demand":1,"DemandMax":null,"Value":39},{"Length":35,"Height":4,"Demand":1,"DemandMax":null,"Value":140},{"Length":13,"Height":1,"Demand":3,"DemandMax":null,"Value":13},{"Length":234,"Height":195,"Demand":1,"DemandMax":null,"Value":45630},{"Length":21,"Height":13,"Demand":1,"DemandMax":null,"Value":273},{"Length":35,"Height":79,"Demand":1,"DemandMax":null,"Value":2765},{"Length":149,"Height":8,"Demand":1,"DemandMax":null,"Value":1192},{"Length":10,"Height":3,"Demand":1,"DemandMax":null,"Value":30},{"Length":3,"Height":22,"Demand":1,"DemandMax":null,"Value":66},{"Length":15,"Height":1,"Demand":1,"DemandMax":null,"Value":15},{"Length":195,"Height":30,"Demand":1,"DemandMax":null,"Value":5850},{"Length":114,"Height":78,"Demand":1,"DemandMax":null,"Value":8892},{"Length":135,"Height":1,"Demand":1,"DemandMax":null,"Value":135},{"Length":4,"Height":1,"Demand":7,"DemandMax":null,"Value":4},{"Length":1,"Height":70,"Demand":1,"DemandMax":null,"Value":70},{"Length":4,"Height":112,"Demand":1,"DemandMax":null,"Value":448},{"Length":22,"Height":1,"Demand":1,"DemandMax":null,"Value":22},{"Length":5,"Height":1,"Demand":5,"DemandMax":null,"Value":5},{"Length":220,"Height":2,"Demand":1,"DemandMax":null,"Value":440},{"Length":1,"Height":4,"Demand":2,"DemandMax":null,"Value":4},{"Length":99,"Height":4,"Demand":1,"DemandMax":null,"Value":396},{"Length":21,"Height":5,"Demand":1,"DemandMax":null,"Value":105},{"Length":8,"Height":8,"Demand":1,"DemandMax":null,"Value":64},{"Length":74,"Height":2,"Demand":1,"DemandMax":null,"Value":148},{"Length":119,"Height":48,"Demand":1,"DemandMax":null,"Value":5712},{"Length":181,"Height":165,"Demand":1,"DemandMax":null,"Value":29865},{"Length":141,"Height":1,"Demand":1,"DemandMax":null,"Value":141},{"Length":121,"Height":25,"Demand":1,"DemandMax":null,"Value":3025},{"Length":100,"Height":1,"Demand":2,"DemandMax":null,"Value":100},{"Length":9,"Height":5,"Demand":2,"DemandMax":null,"Value":45},{"Length":17,"Height":4,"Demand":1,"DemandMax":null,"Value":68},{"Length":14,"Height":19,"Demand":1,"DemandMax":null,"Value":266},{"Length":39,"Height":1,"Demand":4,"DemandMax":null,"Value":39},{"Length":59,"Height":185,"Demand":1,"DemandMax":null,"Value":10915},{"Length":11,"Height":185,"Demand":1,"DemandMax":null,"Value":2035},{"Length":176,"Height":27,"Demand":1,"DemandMax":null,"Value":4752},{"Length":82,"Height":25,"Demand":1,"DemandMax":null,"Value":2050},{"Length":1,"Height":5,"Demand":2,"DemandMax":null,"Value":5},{"Length":39,"Height":64,"Demand":1,"DemandMax":null,"Value":2496},{"Length":1,"Height":28,"Demand":1,"DemandMax":null,"Value":28},{"Length":9,"Height":1,"Demand":1,"DemandMax":null,"Value":9},{"Length":97,"Height":33,"Demand":1,"DemandMax":null,"Value":3201},{"Length":179,"Height":13,"Demand":1,"DemandMax":null,"Value":2327},{"Length":83,"Height":2,"Demand":1,"DemandMax":null,"Value":166},{"Length":3,"Height":1,"Demand":5,"DemandMax":null,"Value":3},{"Length":181,"Height":23,"Demand":1,"DemandMax":null,"Value":4163},{"Length":36,"Height":7,"Demand":1,"DemandMax":null,"Value":252},{"Length":147,"Height":14,"Demand":1,"DemandMax":null,"Value":2058},{"Length":87,"Height":5,"Demand":1,"DemandMax":null,"Value":435},{"Length":222,"Height":18,"Demand":1,"DemandMax":null,"Value":3996},{"Length":16,"Height":1,"Demand":1,"DemandMax":null,"Value":16},{"Length":150,"Height":3,"Demand":1,"DemandMax":null,"Value":450},{"Length":1,"Height":18,"Demand":1,"DemandMax":null,"Value":18},{"Length":39,"Height":32,"Demand":1,"DemandMax":null,"Value":1248},{"Length":96,"Height":77,"Demand":1,"DemandMax":null,"Value":7392},{"Length":29,"Height":6,"Demand":1,"DemandMax":null,"Value":174},{"Length":23,"Height":28,"Demand":1,"DemandMax":null,"Value":644},{"Length":181,"Height":16,"Demand":1,"DemandMax":null,"Value":2896},{"Length":45,"Height":9,"Demand":1,"DemandMax":null,"Value":405},{"Length":114,"Height":3,"Demand":1,"DemandMax":null,"Value":342},{"Length":4,"Height":15,"Demand":1,"DemandMax":null,"Value":60},{"Length":147,"Height":2,"Demand":1,"DemandMax":null,"Value":294},{"Length":53,"Height":82,"Demand":1,"DemandMax":null,"Value":4346},{"Length":2,"Height":33,"Demand":1,"DemandMax":null,"Value":66},{"Length":51,"Height":23,"Demand":1,"DemandMax":null,"Value":1173},{"Length":96,"Height":1,"Demand":3,"DemandMax":null,"Value":96},{"Length":82,"Height":28,"Demand":1,"DemandMax":null,"Value":2296},{"Length":12,"Height":10,"Demand":1,"DemandMax":null,"Value":120},{"Length":1,"Height":33,"Demand":1,"DemandMax":null,"Value":33},{"Length":95,"Height":17,"Demand":1,"DemandMax":null,"Value":1615},{"Length":33,"Height":17,"Demand":1,"DemandMax":null,"Value":561},{"Length":13,"Height":162,"Demand":1,"DemandMax":null,"Value":2106},{"Length":39,"Height":33,"Demand":1,"DemandMax":null,"Value":1287},{"Length":223,"Height":219,"Demand":1,"DemandMax":null,"Value":48837},{"Length":1,"Height":177,"Demand":1,"DemandMax":null,"Value":177},{"Length":5,"Height":27,"Demand":1,"DemandMax":null,"Value":135},{"Length":24,"Height":3,"Demand":1,"DemandMax":null,"Value":72},{"Length":2,"Height":21,"Demand":1,"DemandMax":null,"Value":42},{"Length":1,"Height":79,"Demand":1,"DemandMax":null,"Value":79},{"Length":1,"Height":107,"Demand":1,"DemandMax":null,"Value":107},{"Length":27,"Height":2,"Demand":1,"DemandMax":null,"Value":54},{"Length":74,"Height":25,"Demand":1,"DemandMax":null,"Value":1850},{"Length":75,"Height":64,"Demand":1,"DemandMax":null,"Value":4800},{"Length":67,"Height":1,"Demand":1,"DemandMax":null,"Value":67},{"Length":2,"Height":59,"Demand":2,"DemandMax":null,"Value":118},{"Length":5,"Height":4,"Demand":1,"DemandMax":null,"Value":20},{"Length":140,"Height":17,"Demand":1,"DemandMax":null,"Value":2380},{"Length":179,"Height":2,"Demand":1,"DemandMax":null,"Value":358},{"Length":65,"Height":1,"Demand":1,"DemandMax":null,"Value":65},{"Length":94,"Height":23,"Demand":1,"DemandMax":null,"Value":2162},{"Length":72,"Height":102,"Demand":1,"DemandMax":null,"Value":7344},{"Length":138,"Height":25,"Demand":1,"DemandMax":null,"Value":3450},{"Length":1,"Height":19,"Demand":1,"DemandMax":null,"Value":19},{"Length":97,"Height":6,"Demand":1,"DemandMax":null,"Value":582},{"Length":164,"Height":78,"Demand":1,"DemandMax":null,"Value":12792},{"Length":41,"Height":59,"Demand":1,"DemandMax":null,"Value":2419},{"Length":16,"Height":6,"Demand":1,"DemandMax":null,"Value":96},{"Length":53,"Height":15,"Demand":1,"DemandMax":null,"Value":795},{"Length":150,"Height":1,"Demand":1,"DemandMax":null,"Value":150},{"Length":201,"Height":1,"Demand":1,"DemandMax":null,"Value":201},{"Length":2,"Height":91,"Demand":1,"DemandMax":null,"Value":182},{"Length":1,"Height":45,"Demand":1,"DemandMax":null,"Value":45},{"Length":61,"Height":59,"Demand":1,"DemandMax":null,"Value":3599},{"Length":53,"Height":29,"Demand":1,"DemandMax":null,"Value":1537},{"Length":30,"Height":8,"Demand":1,"DemandMax":null,"Value":240},{"Length":114,"Height":4,"Demand":1,"DemandMax":null,"Value":456},{"Length":4,"Height":4,"Demand":2,"DemandMax":null,"Value":16},{"Length":2,"Height":12,"Demand":1,"DemandMax":null,"Value":24},{"Length":89,"Height":1,"Demand":1,"DemandMax":null,"Value":89},{"Length":41,"Height":6,"Demand":1,"DemandMax":null,"Value":246},{"Length":120,"Height":20,"Demand":1,"DemandMax":null,"Value":2400},{"Length":83,"Height":24,"Demand":1,"DemandMax":null,"Value":1992},{"Length":5,"Height":2,"Demand":2,"DemandMax":null,"Value":10},{"Length":2,"Height":3,"Demand":1,"DemandMax":null,"Value":6},{"Length":114,"Height":59,"Demand":1,"DemandMax":null,"Value":6726},{"Length":30,"Height":1,"Demand":1,"DemandMax":null,"Value":30},{"Length":177,"Height":16,"Demand":1,"DemandMax":null,"Value":2832},{"Length":149,"Height":1,"Demand":1,"DemandMax":null,"Value":149},{"Length":3,"Height":9,"Demand":2,"DemandMax":null,"Value":27},{"Length":13,"Height":15,"Demand":1,"DemandMax":null,"Value":195},{"Length":74,"Height":14,"Demand":1,"DemandMax":null,"Value":1036},{"Length":44,"Height":3,"Demand":1,"DemandMax":null,"Value":132},{"Length":92,"Height":102,"Demand":1,"DemandMax":null,"Value":9384},{"Length":18,"Height":1,"Demand":1,"DemandMax":null,"Value":18},{"Length":92,"Height":5,"Demand":1,"DemandMax":null,"Value":460},{"Length":245,"Height":123,"Demand":1,"DemandMax":null,"Value":30135},{"Length":70,"Height":4,"Demand":1,"DemandMax":null,"Value":280},{"Length":3,"Height":24,"Demand":1,"DemandMax":null,"Value":72},{"Length":10,"Height":28,"Demand":1,"DemandMax":null,"Value":280},{"Length":14,"Height":198,"Demand":1,"DemandMax":null,"Value":2772},{"Length":40,"Height":190,"Demand":1,"DemandMax":null,"Value":7600},{"Length":12,"Height":1,"Demand":1,"DemandMax":null,"Value":12},{"Length":72,"Height":1,"Demand":1,"DemandMax":null,"Value":72},{"Length":6,"Height":198,"Demand":1,"DemandMax":null,"Value":1188},{"Length":83,"Height":46,"Demand":1,"DemandMax":null,"Value":3818},{"Length":66,"Height":1,"Demand":1,"DemandMax":null,"Value":66},{"Length":32,"Height":32,"Demand":1,"DemandMax":null,"Value":1024},{"Length":56,"Height":29,"Demand":1,"DemandMax":null,"Value":1624},{"Length":30,"Height":10,"Demand":1,"DemandMax":null,"Value":300},{"Length":53,"Height":28,"Demand":1,"DemandMax":null,"Value":1484},{"Length":27,"Height":1,"Demand":1,"DemandMax":null,"Value":27},{"Length":74,"Height":3,"Demand":1,"DemandMax":null,"Value":222},{"Length":29,"Height":4,"Demand":1,"DemandMax":null,"Value":116},{"Length":68,"Height":6,"Demand":1,"DemandMax":null,"Value":408},{"Length":53,"Height":7,"Demand":1,"DemandMax":null,"Value":371},{"Length":53,"Height":2,"Demand":1,"DemandMax":null,"Value":106},{"Length":28,"Height":4,"Demand":1,"DemandMax":null,"Value":112},{"Length":3,"Height":3,"Demand":1,"DemandMax":null,"Value":9},{"Length":140,"Height":150,"Demand":1,"DemandMax":null,"Value":21000},{"Length":195,"Height":60,"Demand":1,"DemandMax":null,"Value":11700},{"Length":25,"Height":1,"Demand":2,"DemandMax":null,"Value":25},{"Length":61,"Height":1,"Demand":1,"DemandMax":null,"Value":61},{"Length":6,"Height":28,"Demand":1,"DemandMax":null,"Value":168},{"Length":187,"Height":4,"Demand":1,"DemandMax":null,"Value":748},{"Length":82,"Height":14,"Demand":1,"DemandMax":null,"Value":1148},{"Length":4,"Height":67,"Demand":1,"DemandMax":null,"Value":268},{"Length":34,"Height":20,"Demand":1,"DemandMax":null,"Value":680},{"Length":175,"Height":1,"Demand":1,"DemandMax":null,"Value":175},{"Length":121,"Height":1,"Demand":1,"DemandMax":null,"Value":121},{"Length":10,"Height":27,"Demand":1,"DemandMax":null,"Value":270},{"Length":35,"Height":1,"Demand":1,"DemandMax":null,"Value":35},{"Length":44,"Height":1,"Demand":1,"DemandMax":null,"Value":44},{"Length":1,"Height":24,"Demand":1,"DemandMax":null,"Value":24},{"Length":109,"Height":3,"Demand":1,"DemandMax":null,"Value":327},{"Length":115,"Height":1,"Demand":1,"DemandMax":null,"Value":115},{"Length":88,"Height":4,"Demand":1,"DemandMax":null,"Value":352},{"Length":11,"Height":1,"Demand":1,"DemandMax":null,"Value":11},{"Length":48,"Height":25,"Demand":1,"DemandMax":null,"Value":1200},{"Length":95,"Height":6,"Demand":1,"DemandMax":null,"Value":570},{"Length":135,"Height":2,"Demand":1,"DemandMax":null,"Value":270},{"Length":41,"Height":32,"Demand":1,"DemandMax":null,"Value":1312},{"Length":222,"Height":32,"Demand":1,"DemandMax":null,"Value":7104},{"Length":46,"Height":10,"Demand":1,"DemandMax":null,"Value":460},{"Length":60,"Height":1,"Demand":1,"DemandMax":null,"Value":60},{"Length":5,"Height":25,"Demand":1,"DemandMax":null,"Value":125},{"Length":211,"Height":67,"Demand":1,"DemandMax":null,"Value":14137},{"Length":1,"Height":27,"Demand":1,"DemandMax":null,"Value":27},{"Length":76,"Height":2,"Demand":1,"DemandMax":null,"Value":152},{"Length":5,"Height":45,"Demand":1,"DemandMax":null,"Value":225},{"Length":41,"Height":2,"Demand":1,"DemandMax":null,"Value":82},{"Length":45,"Height":162,"Demand":1,"DemandMax":null,"Value":7290},{"Length":64,"Height":1,"Demand":1,"DemandMax":null,"Value":64},{"Length":8,"Height":91,"Demand":1,"DemandMax":null,"Value":728}]}