{"Name":"Nice25i5b5","Objects":[{"Length":326,"Height":326,"Stock":3,"Cost":106276},{"Length":674,"Height":326,"Stock":5,"Cost":219724},{"Length":674,"Height":674,"Stock":5,"Cost":454276},{"Length":326,"Height":329,"Stock":6,"Cost":107254},{"Length":326,"Height":345,"Stock":5,"Cost":112470}],"Items":[{"Length":326,"Height":112,"Demand":1,"DemandMax":null,"Value":36512},{"Length":308,"Height":105,"Demand":2,"DemandMax":null,"Value":32340},{"Length":103,"Height":316,"Demand":1,"DemandMax":null,"Value":32548},{"Length":326,"Height":144,"Demand":1,"DemandMax":null,"Value":46944},{"Length":141,"Height":83,"Demand":1,"DemandMax":null,"Value":11703},{"Length":161,"Height":326,"Demand":1,"DemandMax":null,"Value":52486},{"Length":262,"Height":174,"Demand":1,"DemandMax":null,"Value":45588},{"Length":295,"Height":91,"Demand":1,"DemandMax":null,"Value":26845},{"Length":146,"Height":185,"Demand":1,"DemandMax":null,"Value":27010},{"Length":170,"Height":184,"Demand":1,"DemandMax":null,"Value":31280},{"Length":209,"Height":184,"Demand":1,"DemandMax":null,"Value":38456},{"Length":157,"Height":214,"Demand":1,"DemandMax":null,"Value":33598},{"Length":308,"Height":116,"Demand":1,"DemandMax":null,"Value":35728},{"Length":169,"Height":214,"Demand":1,"DemandMax":null,"Value":36166},{"Length":183,"Height":174,"Demand":1,"DemandMax":null,"Value":31842},{"Length":272,"Height":316,"Demand":1,"DemandMax":null,"Value":85952},{"Length":185,"Height":153,"Demand":1,"DemandMax":null,"Value":28305},{"Length":229,"Height":174,"Demand":1,"DemandMax":null,"Value":39846},{"Length":180,"Height":185,"Demand":1,"DemandMax":null,"Value":33300},{"Length":205,"Height":326,"Demand":1,"DemandMax":null,"Value":66830},{"Length":295,"Height":93,"Demand":1,"DemandMax":null,"Value":27435},{"Length":185,"Height":192,"Demand":1,"DemandMax":null,"Value":35520},{"Length":299,"Height":316,"Demand":1,"DemandMax":null,"Value":94484},{"Length":141,"Height":262,"Demand":1,"DemandMax":null,"Value":36942}]}