{"Name":"Nice50i3b2","Objects":[{"Length":351,"Height":355,"Stock":2,"Cost":124605},{"Length":649,"Height":1000,"Stock":3,"Cost":649000},{"Length":351,"Height":645,"Stock":5,"Cost":226395}],"Items":[{"Length":168,"Height":132,"Demand":1,"DemandMax":null,"Value":22176},{"Length":90,"Height":178,"Demand":1,"DemandMax":null,"Value":16020},{"Length":75,"Height":239,"Demand":1,"DemandMax":null,"Value":17925},{"Length":147,"Height":166,"Demand":1,"DemandMax":null,"Value":24402},{"Length":176,"Height":101,"Demand":1,"DemandMax":null,"Value":17776},{"Length":160,"Height":229,"Demand":1,"DemandMax":null,"Value":36640},{"Length":167,"Height":81,"Demand":1,"DemandMax":null,"Value":13527},{"Length":183,"Height":173,"Demand":1,"DemandMax":null,"Value":31659},{"Length":90,"Height":187,"Demand":1,"DemandMax":null,"Value":16830},{"Length":202,"Height":118,"Demand":1,"DemandMax":null,"Value":23836},{"Length":147,"Height":116,"Demand":1,"DemandMax":null,"Value":17052},{"Length":155,"Height":169,"Demand":1,"DemandMax":null,"Value":26195},{"Length":71,"Height":223,"Demand":1,"DemandMax":null,"Value":15833},{"Length":176,"Height":108,"Demand":1,"DemandMax":null,"Value":19008},{"Length":175,"Height":77,"Demand":1,"DemandMax":null,"Value":13475},{"Length":91,"Height":178,"Demand":1,"DemandMax":null,"Value":16198},{"Length":180,"Height":169,"Demand":1,"DemandMax":null,"Value":30420},{"Length":57,"Height":119,"Demand":1,"DemandMax":null,"Value":6783},{"Length":147,"Height":190,"Demand":1,"DemandMax":null,"Value":27930},{"Length":175,"Height":246,"Demand":1,"DemandMax":null,"Value":43050},{"Length":183,"Height":89,"Demand":1,"DemandMax":null,"Value":16287},{"Length":186,"Height":121,"Demand":1,"DemandMax":null,"Value":22506},{"Length":178,"Height":107,"Demand":1,"DemandMax":null,"Value":19046},{"Length":70,"Height":88,"Demand":1,"DemandMax":null,"Value":6160},{"Length":97,"Height":95,"Demand":1,"DemandMax":null,"Value":9215},{"Length":176,"Height":79,"Demand":1,"DemandMax":null,"Value":13904},{"Length":71,"Height":121,"Demand":1,"DemandMax":null,"Value":8591},{"Length":176,"Height":165,"Demand":1,"DemandMax":null,"Value":29040},{"Length":288,"Height":79,"Demand":1,"DemandMax":null,"Value":22752},{"Length":300,"Height":116,"Demand":1,"DemandMax":null,"Value":34800},{"Length":100,"Height":105,"Demand":1,"DemandMax":null,"Value":10500},{"Length":288,"Height":108,"Demand":1,"DemandMax":null,"Value":31104},{"Length":86,"Height":68,"Demand":1,"DemandMax":null,"Value":5848},{"Length":90,"Height":192,"Demand":1,"DemandMax":null,"Value":17280},{"Length":277,"Height":178,"Demand":1,"DemandMax":null,"Value":49306},{"Length":183,"Height":93,"Demand":1,"DemandMax":null,"Value":17019},{"Length":124,"Height":187,"Demand":1,"DemandMax":null,"Value":23188},{"Length":99,"Height":178,"Demand":1,"DemandMax":null,"Value":17622},{"Length":73,"Height":229,"Demand":1,"DemandMax":null,"Value":16717},{"Length":175,"Height":83,"Demand":1,"DemandMax":null,"Value":14525},{"Length":100,"Height":67,"Demand":2,"DemandMax":null,"Value":6700},{"Length":92,"Height":178,"Demand":1,"DemandMax":null,"Value":16376},{"Length":178,"Height":122,"Demand":1,"DemandMax":null,"Value":21716},{"Length":238,"Height":229,"Demand":1,"DemandMax":null,"Value":54502},{"Length":86,"Height":124,"Demand":1,"DemandMax":null,"Value":10664},{"Length":97,"Height":88,"Demand":1,"DemandMax":null,"Value":8536},{"Length":97,"Height":128,"Demand":1,"DemandMax":null,"Value":12416},{"Length":145,"Height":119,"Demand":1,"DemandMax":null,"Value":17255},{"Length":190,"Height":121,"Demand":1,"DemandMax":null,"Value":22990}]}