{"Name":"Path50i3b2","Objects":[{"Length":1000,"Height":372,"Stock":2,"Cost":372000},{"Length":499,"Height":628,"Stock":3,"Cost":313372},{"Length":501,"Height":628,"Stock":6,"Cost":314628}],"Items":[{"Length":302,"Height":372,"Demand":1,"DemandMax":null,"Value":112344},{"Length":20,"Height":308,"Demand":1,"DemandMax":null,"Value":6160},{"Length":23,"Height":349,"Demand":1,"DemandMax":null,"Value":8027},{"Length":28,"Height":320,"Demand":1,"DemandMax":null,"Value":8960},{"Length":123,"Height":17,"Demand":1,"DemandMax":null,"Value":2091},{"Length":251,"Height":107,"Demand":1,"DemandMax":null,"Value":26857},{"Length":7,"Height":320,"Demand":1,"DemandMax":null,"Value":2240},{"Length":198,"Height":279,"Demand":1,"DemandMax":null,"Value":55242},{"Length":228,"Height":308,"Demand":1,"DemandMax":null,"Value":70224},{"Length":371,"Height":92,"Demand":1,"DemandMax":null,"Value":34132},{"Length":33,"Height":81,"Demand":1,"DemandMax":null,"Value":2673},{"Length":145,"Height":372,"Demand":1,"DemandMax":null,"Value":53940},{"Length":40,"Height":298,"Demand":1,"DemandMax":null,"Value":11920},{"Length":89,"Height":252,"Demand":1,"DemandMax":null,"Value":22428},{"Length":309,"Height":196,"Demand":1,"DemandMax":null,"Value":60564},{"Length":309,"Height":10,"Demand":1,"DemandMax":null,"Value":3090},{"Length":309,"Height":143,"Demand":1,"DemandMax":null,"Value":44187},{"Length":44,"Height":5,"Demand":1,"DemandMax":null,"Value":220},{"Length":169,"Height":349,"Demand":1,"DemandMax":null,"Value":58981},{"Length":5,"Height":172,"Demand":1,"DemandMax":null,"Value":860},{"Length":182,"Height":372,"Demand":1,"DemandMax":null,"Value":67704},{"Length":32,"Height":106,"Demand":1,"DemandMax":null,"Value":3392},{"Length":196,"Height":308,"Demand":1,"DemandMax":null,"Value":60368},{"Length":4,"Height":187,"Demand":1,"DemandMax":null,"Value":748},{"Length":9,"Height":298,"Demand":1,"DemandMax":null,"Value":2682},{"Length":371,"Height":174,"Demand":1,"DemandMax":null,"Value":64554},{"Length":246,"Height":172,"Demand":1,"DemandMax":null,"Value":42312},{"Length":52,"Height":308,"Demand":1,"DemandMax":null,"Value":16016},{"Length":72,"Height":320,"Demand":1,"DemandMax":null,"Value":23040},{"Length":29,"Height":12,"Demand":1,"DemandMax":null,"Value":348},{"Length":1,"Height":279,"Demand":1,"DemandMax":null,"Value":279},{"Length":1,"Height":2,"Demand":1,"DemandMax":null,"Value":2},{"Length":339,"Height":91,"Demand":1,"DemandMax":null,"Value":30849},{"Length":29,"Height":175,"Demand":1,"DemandMax":null,"Value":5075},{"Length":12,"Height":5,"Demand":1,"DemandMax":null,"Value":60},{"Length":8,"Height":298,"Demand":1,"DemandMax":null,"Value":2384},{"Length":19,"Height":5,"Demand":1,"DemandMax":null,"Value":95},{"Length":33,"Height":30,"Demand":1,"DemandMax":null,"Value":990},{"Length":3,"Height":308,"Demand":1,"DemandMax":null,"Value":924},{"Length":89,"Height":68,"Demand":1,"DemandMax":null,"Value":6052},{"Length":14,"Height":298,"Demand":1,"DemandMax":null,"Value":4172},{"Length":16,"Height":1,"Demand":1,"DemandMax":null,"Value":16},{"Length":105,"Height":320,"Demand":1,"DemandMax":null,"Value":33600},{"Length":339,"Height":15,"Demand":1,"DemandMax":null,"Value":5085},{"Length":47,"Height":5,"Demand":1,"DemandMax":null,"Value":235},{"Length":19,"Height":297,"Demand":1,"DemandMax":null,"Value":5643},{"Length":3,"Height":1,"Demand":1,"DemandMax":null,"Value":3},{"Length":75,"Height":320,"Demand":1,"DemandMax":null,"Value":24000},{"Length":1,"Height":3,"Demand":1,"DemandMax":null,"Value":3},{"Length":51,"Height":279,"Demand":1,"DemandMax":null,"Value":14229}]}