{"Name":"Path100i2b1","Objects":[{"Length":1000,"Height":572,"Stock":6,"Cost":572000},{"Length":1000,"Height":428,"Stock":2,"Cost":428000}],"Items":[{"Length":341,"Height":300,"Demand":1,"DemandMax":null,"Value":102300},{"Length":35,"Height":428,"Demand":1,"DemandMax":null,"Value":14980},{"Length":52,"Height":13,"Demand":1,"DemandMax":null,"Value":676},{"Length":417,"Height":46,"Demand":1,"DemandMax":null,"Value":19182},{"Length":313,"Height":404,"Demand":1,"DemandMax":null,"Value":126452},{"Length":17,"Height":367,"Demand":2,"DemandMax":null,"Value":6239},{"Length":181,"Height":354,"Demand":1,"DemandMax":null,"Value":64074},{"Length":242,"Height":13,"Demand":1,"DemandMax":null,"Value":3146},{"Length":242,"Height":11,"Demand":1,"DemandMax":null,"Value":2662},{"Length":92,"Height":428,"Demand":1,"DemandMax":null,"Value":39376},{"Length":133,"Height":4,"Demand":1,"DemandMax":null,"Value":532},{"Length":120,"Height":387,"Demand":1,"DemandMax":null,"Value":46440},{"Length":115,"Height":8,"Demand":1,"DemandMax":null,"Value":920},{"Length":86,"Height":24,"Demand":1,"DemandMax":null,"Value":2064},{"Length":125,"Height":367,"Demand":1,"DemandMax":null,"Value":45875},{"Length":255,"Height":23,"Demand":1,"DemandMax":null,"Value":5865},{"Length":45,"Height":2,"Demand":1,"DemandMax":null,"Value":90},{"Length":44,"Height":82,"Demand":1,"DemandMax":null,"Value":3608},{"Length":72,"Height":10,"Demand":1,"DemandMax":null,"Value":720},{"Length":45,"Height":135,"Demand":1,"DemandMax":null,"Value":6075},{"Length":8,"Height":66,"Demand":1,"DemandMax":null,"Value":528},{"Length":242,"Height":3,"Demand":1,"DemandMax":null,"Value":726},{"Length":55,"Height":5,"Demand":1,"DemandMax":null,"Value":275},{"Length":255,"Height":44,"Demand":1,"DemandMax":null,"Value":11220},{"Length":10,"Height":1,"Demand":1,"DemandMax":null,"Value":10},{"Length":157,"Height":308,"Demand":1,"DemandMax":null,"Value":48356},{"Length":129,"Height":135,"Demand":1,"DemandMax":null,"Value":17415},{"Length":144,"Height":428,"Demand":1,"DemandMax":null,"Value":61632},{"Length":120,"Height":41,"Demand":1,"DemandMax":null,"Value":4920},{"Length":6,"Height":92,"Demand":1,"DemandMax":null,"Value":552},{"Length":10,"Height":21,"Demand":1,"DemandMax":null,"Value":210},{"Length":16,"Height":69,"Demand":1,"DemandMax":null,"Value":1104},{"Length":3,"Height":122,"Demand":1,"DemandMax":null,"Value":366},{"Length":7,"Height":1,"Demand":1,"DemandMax":null,"Value":7},{"Length":45,"Height":1,"Demand":1,"DemandMax":null,"Value":45},{"Length":26,"Height":45,"Demand":1,"DemandMax":null,"Value":1170},{"Length":15,"Height":428,"Demand":1,"DemandMax":null,"Value":6420},{"Length":3,"Height":45,"Demand":1,"DemandMax":null,"Value":135},{"Length":242,"Height":10,"Demand":1,"DemandMax":null,"Value":2420},{"Length":48,"Height":122,"Demand":1,"DemandMax":null,"Value":5856},{"Length":1,"Height":78,"Demand":1,"DemandMax":null,"Value":78},{"Length":1,"Height":8,"Demand":1,"DemandMax":null,"Value":8},{"Length":242,"Height":2,"Demand":1,"DemandMax":null,"Value":484},{"Length":54,"Height":1,"Demand":1,"DemandMax":null,"Value":54},{"Length":15,"Height":1,"Demand":1,"DemandMax":null,"Value":15},{"Length":29,"Height":428,"Demand":1,"DemandMax":null,"Value":12412},{"Length":86,"Height":21,"Demand":1,"DemandMax":null,"Value":1806},{"Length":55,"Height":1,"Demand":2,"DemandMax":null,"Value":55},{"Length":3,"Height":428,"Demand":1,"DemandMax":null,"Value":1284},{"Length":255,"Height":199,"Demand":1,"DemandMax":null,"Value":50745},{"Length":1,"Height":367,"Demand":1,"DemandMax":null,"Value":367},{"Length":18,"Height":1,"Demand":1,"DemandMax":null,"Value":18},{"Length":1,"Height":21,"Demand":1,"DemandMax":null,"Value":21},{"Length":29,"Height":1,"Demand":1,"DemandMax":null,"Value":29},{"Length":78,"Height":367,"Demand":1,"DemandMax":null,"Value":28626},{"Length":314,"Height":60,"Demand":1,"DemandMax":null,"Value":18840},{"Length":1,"Height":26,"Demand":1,"DemandMax":null,"Value":26},{"Length":5,"Height":45,"Demand":1,"DemandMax":null,"Value":225},{"Length":8,"Height":15,"Demand":1,"DemandMax":null,"Value":120},{"Length":4,"Height":428,"Demand":1,"DemandMax":null,"Value":1712},{"Length":1,"Height":3,"Demand":1,"DemandMax":null,"Value":3},{"Length":104,"Height":404,"Demand":1,"DemandMax":null,"Value":42016},{"Length":242,"Height":17,"Demand":1,"DemandMax":null,"Value":4114},{"Length":8,"Height":428,"Demand":1,"DemandMax":null,"Value":3424},{"Length":86,"Height":120,"Demand":1,"DemandMax":null,"Value":10320},{"Length":10,"Height":2,"Demand":1,"DemandMax":null,"Value":20},{"Length":42,"Height":36,"Demand":1,"DemandMax":null,"Value":1512},{"Length":5,"Height":20,"Demand":1,"DemandMax":null,"Value":100},{"Length":1,"Height":1,"Demand":2,"DemandMax":null,"Value":1},{"Length":8,"Height":6,"Demand":1,"DemandMax":null,"Value":48},{"Length":25,"Height":1,"Demand":1,"DemandMax":null,"Value":25},{"Length":4,"Height":46,"Demand":2,"DemandMax":null,"Value":184},{"Length":3,"Height":20,"Demand":1,"DemandMax":null,"Value":60},{"Length":16,"Height":21,"Demand":1,"DemandMax":null,"Value":336},{"Length":417,"Height":122,"Demand":1,"DemandMax":null,"Value":50874},{"Length":42,"Height":18,"Demand":1,"DemandMax":null,"Value":756},{"Length":2,"Height":346,"Demand":2,"DemandMax":null,"Value":692},{"Length":255,"Height":6,"Demand":1,"DemandMax":null,"Value":1530},{"Length":133,"Height":354,"Demand":1,"DemandMax":null,"Value":47082},{"Length":86,"Height":5,"Demand":1,"DemandMax":null,"Value":430},{"Length":314,"Height":2,"Demand":1,"DemandMax":null,"Value":628},{"Length":3,"Height":362,"Demand":1,"DemandMax":null,"Value":1086},{"Length":12,"Height":1,"Demand":1,"DemandMax":null,"Value":12},{"Length":314,"Height":12,"Demand":1,"DemandMax":null,"Value":3768},{"Length":45,"Height":428,"Demand":1,"DemandMax":null,"Value":19260},{"Length":22,"Height":4,"Demand":1,"DemandMax":null,"Value":88},{"Length":87,"Height":4,"Demand":1,"DemandMax":null,"Value":348},{"Length":31,"Height":270,"Demand":1,"DemandMax":null,"Value":8370},{"Length":3,"Height":21,"Demand":1,"DemandMax":null,"Value":63},{"Length":86,"Height":20,"Demand":1,"DemandMax":null,"Value":1720},{"Length":70,"Height":1,"Demand":1,"DemandMax":null,"Value":70},{"Length":42,"Height":28,"Demand":1,"DemandMax":null,"Value":1176},{"Length":25,"Height":92,"Demand":1,"DemandMax":null,"Value":2300},{"Length":1,"Height":5,"Demand":1,"DemandMax":null,"Value":5},{"Length":157,"Height":120,"Demand":1,"DemandMax":null,"Value":18840}]}