{"Name":"Nice200i3b5","Objects":[{"Length":409,"Height":327,"Stock":3,"Cost":133743},{"Length":591,"Height":1000,"Stock":3,"Cost":591000},{"Length":409,"Height":673,"Stock":3,"Cost":275257}],"Items":[{"Length":41,"Height":76,"Demand":1,"DemandMax":null,"Value":3116},{"Length":48,"Height":66,"Demand":2,"DemandMax":null,"Value":3168},{"Length":76,"Height":41,"Demand":1,"DemandMax":null,"Value":3116},{"Length":98,"Height":66,"Demand":1,"DemandMax":null,"Value":6468},{"Length":215,"Height":71,"Demand":1,"DemandMax":null,"Value":15265},{"Length":51,"Height":104,"Demand":1,"DemandMax":null,"Value":5304},{"Length":36,"Height":103,"Demand":1,"DemandMax":null,"Value":3708},{"Length":55,"Height":80,"Demand":1,"DemandMax":null,"Value":4400},{"Length":66,"Height":76,"Demand":1,"DemandMax":null,"Value":5016},{"Length":43,"Height":80,"Demand":2,"DemandMax":null,"Value":3440},{"Length":39,"Height":156,"Demand":1,"DemandMax":null,"Value":6084},{"Length":117,"Height":52,"Demand":2,"DemandMax":null,"Value":6084},{"Length":43,"Height":84,"Demand":1,"DemandMax":null,"Value":3612},{"Length":48,"Height":74,"Demand":1,"DemandMax":null,"Value":3552},{"Length":130,"Height":42,"Demand":1,"DemandMax":null,"Value":5460},{"Length":56,"Height":88,"Demand":1,"DemandMax":null,"Value":4928},{"Length":35,"Height":138,"Demand":1,"DemandMax":null,"Value":4830},{"Length":48,"Height":83,"Demand":1,"DemandMax":null,"Value":3984},{"Length":96,"Height":64,"Demand":1,"DemandMax":null,"Value":6144},{"Length":111,"Height":40,"Demand":1,"DemandMax":null,"Value":4440},{"Length":98,"Height":35,"Demand":1,"DemandMax":null,"Value":3430},{"Length":106,"Height":139,"Demand":1,"DemandMax":null,"Value":14734},{"Length":47,"Height":72,"Demand":1,"DemandMax":null,"Value":3384},{"Length":47,"Height":104,"Demand":1,"DemandMax":null,"Value":4888},{"Length":89,"Height":66,"Demand":1,"DemandMax":null,"Value":5874},{"Length":76,"Height":79,"Demand":1,"DemandMax":null,"Value":6004},{"Length":49,"Height":75,"Demand":1,"DemandMax":null,"Value":3675},{"Length":45,"Height":114,"Demand":1,"DemandMax":null,"Value":5130},{"Length":44,"Height":74,"Demand":3,"DemandMax":null,"Value":3256},{"Length":74,"Height":33,"Demand":1,"DemandMax":null,"Value":2442},{"Length":138,"Height":51,"Demand":1,"DemandMax":null,"Value":7038},{"Length":72,"Height":45,"Demand":1,"DemandMax":null,"Value":3240},{"Length":56,"Height":194,"Demand":1,"DemandMax":null,"Value":10864},{"Length":60,"Height":56,"Demand":1,"DemandMax":null,"Value":3360},{"Length":98,"Height":40,"Demand":1,"DemandMax":null,"Value":3920},{"Length":117,"Height":30,"Demand":1,"DemandMax":null,"Value":3510},{"Length":129,"Height":33,"Demand":1,"DemandMax":null,"Value":4257},{"Length":97,"Height":34,"Demand":1,"DemandMax":null,"Value":3298},{"Length":176,"Height":118,"Demand":1,"DemandMax":null,"Value":20768},{"Length":54,"Height":78,"Demand":1,"DemandMax":null,"Value":4212},{"Length":99,"Height":36,"Demand":1,"DemandMax":null,"Value":3564},{"Length":49,"Height":72,"Demand":1,"DemandMax":null,"Value":3528},{"Length":47,"Height":94,"Demand":1,"DemandMax":null,"Value":4418},{"Length":106,"Height":58,"Demand":1,"DemandMax":null,"Value":6148},{"Length":44,"Height":81,"Demand":1,"DemandMax":null,"Value":3564},{"Length":46,"Height":88,"Demand":1,"DemandMax":null,"Value":4048},{"Length":37,"Height":104,"Demand":1,"DemandMax":null,"Value":3848},{"Length":112,"Height":82,"Demand":1,"DemandMax":null,"Value":9184},{"Length":72,"Height":41,"Demand":1,"DemandMax":null,"Value":2952},{"Length":62,"Height":92,"Demand":1,"DemandMax":null,"Value":5704},{"Length":75,"Height":42,"Demand":1,"DemandMax":null,"Value":3150},{"Length":83,"Height":56,"Demand":1,"DemandMax":null,"Value":4648},{"Length":62,"Height":52,"Demand":1,"DemandMax":null,"Value":3224},{"Length":110,"Height":107,"Demand":1,"DemandMax":null,"Value":11770},{"Length":79,"Height":46,"Demand":1,"DemandMax":null,"Value":3634},{"Length":156,"Height":77,"Demand":1,"DemandMax":null,"Value":12012},{"Length":40,"Height":107,"Demand":1,"DemandMax":null,"Value":4280},{"Length":63,"Height":76,"Demand":1,"DemandMax":null,"Value":4788},{"Length":99,"Height":41,"Demand":1,"DemandMax":null,"Value":4059},{"Length":74,"Height":55,"Demand":1,"DemandMax":null,"Value":4070},{"Length":63,"Height":38,"Demand":1,"DemandMax":null,"Value":2394},{"Length":45,"Height":74,"Demand":1,"DemandMax":null,"Value":3330},{"Length":83,"Height":42,"Demand":1,"DemandMax":null,"Value":3486},{"Length":90,"Height":76,"Demand":1,"DemandMax":null,"Value":6840},{"Length":65,"Height":50,"Demand":2,"DemandMax":null,"Value":3250},{"Length":41,"Height":130,"Demand":1,"DemandMax":null,"Value":5330},{"Length":113,"Height":39,"Demand":1,"DemandMax":null,"Value":4407},{"Length":122,"Height":34,"Demand":1,"DemandMax":null,"Value":4148},{"Length":53,"Height":88,"Demand":1,"DemandMax":null,"Value":4664},{"Length":48,"Height":80,"Demand":1,"DemandMax":null,"Value":3840},{"Length":41,"Height":106,"Demand":1,"DemandMax":null,"Value":4346},{"Length":59,"Height":72,"Demand":1,"DemandMax":null,"Value":4248},{"Length":84,"Height":56,"Demand":1,"DemandMax":null,"Value":4704},{"Length":117,"Height":45,"Demand":1,"DemandMax":null,"Value":5265},{"Length":75,"Height":49,"Demand":1,"DemandMax":null,"Value":3675},{"Length":47,"Height":130,"Demand":1,"DemandMax":null,"Value":6110},{"Length":50,"Height":65,"Demand":1,"DemandMax":null,"Value":3250},{"Length":84,"Height":58,"Demand":1,"DemandMax":null,"Value":4872},{"Length":102,"Height":34,"Demand":1,"DemandMax":null,"Value":3468},{"Length":113,"Height":44,"Demand":2,"DemandMax":null,"Value":4972},{"Length":117,"Height":39,"Demand":1,"DemandMax":null,"Value":4563},{"Length":59,"Height":150,"Demand":1,"DemandMax":null,"Value":8850},{"Length":47,"Height":74,"Demand":1,"DemandMax":null,"Value":3478},{"Length":112,"Height":75,"Demand":1,"DemandMax":null,"Value":8400},{"Length":111,"Height":33,"Demand":1,"DemandMax":null,"Value":3663},{"Length":40,"Height":103,"Demand":1,"DemandMax":null,"Value":4120},{"Length":97,"Height":56,"Demand":1,"DemandMax":null,"Value":5432},{"Length":53,"Height":80,"Demand":1,"DemandMax":null,"Value":4240},{"Length":57,"Height":106,"Demand":1,"DemandMax":null,"Value":6042},{"Length":78,"Height":42,"Demand":2,"DemandMax":null,"Value":3276},{"Length":52,"Height":66,"Demand":1,"DemandMax":null,"Value":3432},{"Length":46,"Height":76,"Demand":1,"DemandMax":null,"Value":3496},{"Length":54,"Height":66,"Demand":1,"DemandMax":null,"Value":3564},{"Length":113,"Height":32,"Demand":1,"DemandMax":null,"Value":3616},{"Length":55,"Height":62,"Demand":1,"DemandMax":null,"Value":3410},{"Length":111,"Height":47,"Demand":1,"DemandMax":null,"Value":5217},{"Length":77,"Height":52,"Demand":1,"DemandMax":null,"Value":4004},{"Length":116,"Height":37,"Demand":1,"DemandMax":null,"Value":4292},{"Length":43,"Height":72,"Demand":1,"DemandMax":null,"Value":3096},{"Length":57,"Height":62,"Demand":1,"DemandMax":null,"Value":3534},{"Length":123,"Height":82,"Demand":1,"DemandMax":null,"Value":10086},{"Length":61,"Height":54,"Demand":1,"DemandMax":null,"Value":3294},{"Length":50,"Height":135,"Demand":1,"DemandMax":null,"Value":6750},{"Length":75,"Height":45,"Demand":1,"DemandMax":null,"Value":3375},{"Length":98,"Height":41,"Demand":1,"DemandMax":null,"Value":4018},{"Length":95,"Height":33,"Demand":1,"DemandMax":null,"Value":3135},{"Length":71,"Height":42,"Demand":1,"DemandMax":null,"Value":2982},{"Length":45,"Height":84,"Demand":1,"DemandMax":null,"Value":3780},{"Length":56,"Height":56,"Demand":1,"DemandMax":null,"Value":3136},{"Length":55,"Height":86,"Demand":1,"DemandMax":null,"Value":4730},{"Length":47,"Height":73,"Demand":1,"DemandMax":null,"Value":3431},{"Length":171,"Height":49,"Demand":1,"DemandMax":null,"Value":8379},{"Length":66,"Height":58,"Demand":1,"DemandMax":null,"Value":3828},{"Length":61,"Height":39,"Demand":1,"DemandMax":null,"Value":2379},{"Length":71,"Height":46,"Demand":1,"DemandMax":null,"Value":3266},{"Length":54,"Height":70,"Demand":1,"DemandMax":null,"Value":3780},{"Length":92,"Height":40,"Demand":1,"DemandMax":null,"Value":3680},{"Length":44,"Height":173,"Demand":1,"DemandMax":null,"Value":7612},{"Length":40,"Height":78,"Demand":2,"DemandMax":null,"Value":3120},{"Length":159,"Height":79,"Demand":1,"DemandMax":null,"Value":12561},{"Length":98,"Height":65,"Demand":1,"DemandMax":null,"Value":6370},{"Length":130,"Height":37,"Demand":1,"DemandMax":null,"Value":4810},{"Length":88,"Height":46,"Demand":1,"DemandMax":null,"Value":4048},{"Length":116,"Height":51,"Demand":1,"DemandMax":null,"Value":5916},{"Length":63,"Height":71,"Demand":1,"DemandMax":null,"Value":4473},{"Length":61,"Height":85,"Demand":1,"DemandMax":null,"Value":5185},{"Length":61,"Height":66,"Demand":1,"DemandMax":null,"Value":4026},{"Length":76,"Height":45,"Demand":1,"DemandMax":null,"Value":3420},{"Length":122,"Height":31,"Demand":1,"DemandMax":null,"Value":3782},{"Length":94,"Height":109,"Demand":1,"DemandMax":null,"Value":10246},{"Length":122,"Height":39,"Demand":1,"DemandMax":null,"Value":4758},{"Length":85,"Height":58,"Demand":1,"DemandMax":null,"Value":4930},{"Length":99,"Height":45,"Demand":1,"DemandMax":null,"Value":4455},{"Length":70,"Height":46,"Demand":1,"DemandMax":null,"Value":3220},{"Length":117,"Height":46,"Demand":1,"DemandMax":null,"Value":5382},{"Length":130,"Height":44,"Demand":1,"DemandMax":null,"Value":5720},{"Length":36,"Height":91,"Demand":1,"DemandMax":null,"Value":3276},{"Length":32,"Height":104,"Demand":1,"DemandMax":null,"Value":3328},{"Length":86,"Height":49,"Demand":1,"DemandMax":null,"Value":4214},{"Length":117,"Height":34,"Demand":1,"DemandMax":null,"Value":3978},{"Length":92,"Height":64,"Demand":1,"DemandMax":null,"Value":5888},{"Length":83,"Height":76,"Demand":1,"DemandMax":null,"Value":6308},{"Length":117,"Height":38,"Demand":2,"DemandMax":null,"Value":4446},{"Length":42,"Height":153,"Demand":1,"DemandMax":null,"Value":6426},{"Length":102,"Height":38,"Demand":1,"DemandMax":null,"Value":3876},{"Length":38,"Height":91,"Demand":1,"DemandMax":null,"Value":3458},{"Length":52,"Height":73,"Demand":1,"DemandMax":null,"Value":3796},{"Length":138,"Height":62,"Demand":1,"DemandMax":null,"Value":8556},{"Length":84,"Height":52,"Demand":1,"DemandMax":null,"Value":4368},{"Length":61,"Height":128,"Demand":1,"DemandMax":null,"Value":7808},{"Length":76,"Height":201,"Demand":1,"DemandMax":null,"Value":15276},{"Length":49,"Height":66,"Demand":1,"DemandMax":null,"Value":3234},{"Length":62,"Height":57,"Demand":1,"DemandMax":null,"Value":3534},{"Length":52,"Height":64,"Demand":1,"DemandMax":null,"Value":3328},{"Length":57,"Height":63,"Demand":1,"DemandMax":null,"Value":3591},{"Length":50,"Height":85,"Demand":1,"DemandMax":null,"Value":4250},{"Length":68,"Height":54,"Demand":1,"DemandMax":null,"Value":3672},{"Length":54,"Height":80,"Demand":1,"DemandMax":null,"Value":4320},{"Length":44,"Height":72,"Demand":1,"DemandMax":null,"Value":3168},{"Length":60,"Height":110,"Demand":1,"DemandMax":null,"Value":6600},{"Length":146,"Height":38,"Demand":1,"DemandMax":null,"Value":5548},{"Length":81,"Height":42,"Demand":1,"DemandMax":null,"Value":3402},{"Length":63,"Height":79,"Demand":1,"DemandMax":null,"Value":4977},{"Length":146,"Height":56,"Demand":1,"DemandMax":null,"Value":8176},{"Length":76,"Height":56,"Demand":1,"DemandMax":null,"Value":4256},{"Length":57,"Height":82,"Demand":1,"DemandMax":null,"Value":4674},{"Length":95,"Height":105,"Demand":1,"DemandMax":null,"Value":9975},{"Length":54,"Height":173,"Demand":1,"DemandMax":null,"Value":9342},{"Length":82,"Height":56,"Demand":1,"DemandMax":null,"Value":4592},{"Length":76,"Height":80,"Demand":1,"DemandMax":null,"Value":6080},{"Length":106,"Height":115,"Demand":1,"DemandMax":null,"Value":12190},{"Length":39,"Height":138,"Demand":1,"DemandMax":null,"Value":5382},{"Length":38,"Height":104,"Demand":1,"DemandMax":null,"Value":3952},{"Length":70,"Height":61,"Demand":1,"DemandMax":null,"Value":4270},{"Length":48,"Height":69,"Demand":1,"DemandMax":null,"Value":3312},{"Length":41,"Height":77,"Demand":1,"DemandMax":null,"Value":3157},{"Length":33,"Height":92,"Demand":1,"DemandMax":null,"Value":3036},{"Length":54,"Height":129,"Demand":1,"DemandMax":null,"Value":6966},{"Length":88,"Height":42,"Demand":1,"DemandMax":null,"Value":3696},{"Length":138,"Height":57,"Demand":1,"DemandMax":null,"Value":7866},{"Length":74,"Height":39,"Demand":1,"DemandMax":null,"Value":2886},{"Length":139,"Height":92,"Demand":1,"DemandMax":null,"Value":12788},{"Length":74,"Height":74,"Demand":1,"DemandMax":null,"Value":5476},{"Length":63,"Height":64,"Demand":1,"DemandMax":null,"Value":4032},{"Length":89,"Height":41,"Demand":1,"DemandMax":null,"Value":3649},{"Length":61,"Height":42,"Demand":1,"DemandMax":null,"Value":2562},{"Length":82,"Height":46,"Demand":1,"DemandMax":null,"Value":3772},{"Length":62,"Height":104,"Demand":1,"DemandMax":null,"Value":6448},{"Length":66,"Height":38,"Demand":1,"DemandMax":null,"Value":2508},{"Length":71,"Height":80,"Demand":1,"DemandMax":null,"Value":5680}]}