{"Name":"Path300i4b2","Objects":[{"Length":421,"Height":496,"Stock":2,"Cost":208816},{"Length":579,"Height":370,"Stock":2,"Cost":214230},{"Length":579,"Height":630,"Stock":6,"Cost":364770},{"Length":421,"Height":504,"Stock":3,"Cost":212184}],"Items":[{"Length":166,"Height":300,"Demand":1,"DemandMax":null,"Value":49800},{"Length":91,"Height":95,"Demand":1,"DemandMax":null,"Value":8645},{"Length":181,"Height":122,"Demand":1,"DemandMax":null,"Value":22082},{"Length":158,"Height":74,"Demand":1,"DemandMax":null,"Value":11692},{"Length":1,"Height":1,"Demand":29,"DemandMax":null,"Value":1},{"Length":260,"Height":155,"Demand":1,"DemandMax":null,"Value":40300},{"Length":2,"Height":12,"Demand":1,"DemandMax":null,"Value":24},{"Length":84,"Height":10,"Demand":1,"DemandMax":null,"Value":840},{"Length":2,"Height":370,"Demand":1,"DemandMax":null,"Value":740},{"Length":1,"Height":8,"Demand":1,"DemandMax":null,"Value":8},{"Length":38,"Height":200,"Demand":1,"DemandMax":null,"Value":7600},{"Length":143,"Height":25,"Demand":1,"DemandMax":null,"Value":3575},{"Length":160,"Height":78,"Demand":1,"DemandMax":null,"Value":12480},{"Length":72,"Height":84,"Demand":1,"DemandMax":null,"Value":6048},{"Length":2,"Height":3,"Demand":1,"DemandMax":null,"Value":6},{"Length":1,"Height":32,"Demand":1,"DemandMax":null,"Value":32},{"Length":13,"Height":152,"Demand":1,"DemandMax":null,"Value":1976},{"Length":79,"Height":22,"Demand":1,"DemandMax":null,"Value":1738},{"Length":43,"Height":12,"Demand":1,"DemandMax":null,"Value":516},{"Length":283,"Height":134,"Demand":1,"DemandMax":null,"Value":37922},{"Length":69,"Height":10,"Demand":1,"DemandMax":null,"Value":690},{"Length":1,"Height":4,"Demand":3,"DemandMax":null,"Value":4},{"Length":107,"Height":92,"Demand":1,"DemandMax":null,"Value":9844},{"Length":2,"Height":1,"Demand":5,"DemandMax":null,"Value":2},{"Length":263,"Height":157,"Demand":1,"DemandMax":null,"Value":41291},{"Length":16,"Height":1,"Demand":1,"DemandMax":null,"Value":16},{"Length":4,"Height":1,"Demand":9,"DemandMax":null,"Value":4},{"Length":2,"Height":42,"Demand":1,"DemandMax":null,"Value":84},{"Length":65,"Height":4,"Demand":1,"DemandMax":null,"Value":260},{"Length":261,"Height":94,"Demand":1,"DemandMax":null,"Value":24534},{"Length":37,"Height":18,"Demand":1,"DemandMax":null,"Value":666},{"Length":73,"Height":21,"Demand":1,"DemandMax":null,"Value":1533},{"Length":21,"Height":36,"Demand":1,"DemandMax":null,"Value":756},{"Length":6,"Height":2,"Demand":1,"DemandMax":null,"Value":12},{"Length":5,"Height":30,"Demand":1,"DemandMax":null,"Value":150},{"Length":2,"Height":33,"Demand":1,"DemandMax":null,"Value":66},{"Length":24,"Height":3,"Demand":1,"DemandMax":null,"Value":72},{"Length":60,"Height":7,"Demand":1,"DemandMax":null,"Value":420},{"Length":6,"Height":1,"Demand":2,"DemandMax":null,"Value":6},{"Length":76,"Height":84,"Demand":1,"DemandMax":null,"Value":6384},{"Length":4,"Height":13,"Demand":1,"DemandMax":null,"Value":52},{"Length":15,"Height":196,"Demand":1,"DemandMax":null,"Value":2940},{"Length":1,"Height":83,"Demand":1,"DemandMax":null,"Value":83},{"Length":216,"Height":316,"Demand":1,"DemandMax":null,"Value":68256},{"Length":291,"Height":68,"Demand":1,"DemandMax":null,"Value":19788},{"Length":2,"Height":9,"Demand":1,"DemandMax":null,"Value":18},{"Length":3,"Height":1,"Demand":5,"DemandMax":null,"Value":3},{"Length":8,"Height":1,"Demand":2,"DemandMax":null,"Value":8},{"Length":31,"Height":40,"Demand":1,"DemandMax":null,"Value":1240},{"Length":218,"Height":6,"Demand":1,"DemandMax":null,"Value":1308},{"Length":12,"Height":1,"Demand":2,"DemandMax":null,"Value":12},{"Length":1,"Height":220,"Demand":1,"DemandMax":null,"Value":220},{"Length":143,"Height":119,"Demand":1,"DemandMax":null,"Value":17017},{"Length":2,"Height":7,"Demand":1,"DemandMax":null,"Value":14},{"Length":7,"Height":2,"Demand":2,"DemandMax":null,"Value":14},{"Length":291,"Height":59,"Demand":1,"DemandMax":null,"Value":17169},{"Length":73,"Height":12,"Demand":1,"DemandMax":null,"Value":876},{"Length":3,"Height":6,"Demand":1,"DemandMax":null,"Value":18},{"Length":1,"Height":3,"Demand":3,"DemandMax":null,"Value":3},{"Length":12,"Height":14,"Demand":1,"DemandMax":null,"Value":168},{"Length":304,"Height":136,"Demand":1,"DemandMax":null,"Value":41344},{"Length":12,"Height":21,"Demand":1,"DemandMax":null,"Value":252},{"Length":216,"Height":9,"Demand":1,"DemandMax":null,"Value":1944},{"Length":22,"Height":14,"Demand":1,"DemandMax":null,"Value":308},{"Length":10,"Height":50,"Demand":1,"DemandMax":null,"Value":500},{"Length":1,"Height":46,"Demand":1,"DemandMax":null,"Value":46},{"Length":67,"Height":1,"Demand":1,"DemandMax":null,"Value":67},{"Length":61,"Height":3,"Demand":1,"DemandMax":null,"Value":183},{"Length":7,"Height":1,"Demand":2,"DemandMax":null,"Value":7},{"Length":1,"Height":74,"Demand":1,"DemandMax":null,"Value":74},{"Length":116,"Height":123,"Demand":1,"DemandMax":null,"Value":14268},{"Length":137,"Height":35,"Demand":1,"DemandMax":null,"Value":4795},{"Length":81,"Height":2,"Demand":1,"DemandMax":null,"Value":162},{"Length":78,"Height":6,"Demand":1,"DemandMax":null,"Value":468},{"Length":143,"Height":34,"Demand":1,"DemandMax":null,"Value":4862},{"Length":6,"Height":3,"Demand":1,"DemandMax":null,"Value":18},{"Length":25,"Height":50,"Demand":1,"DemandMax":null,"Value":1250},{"Length":37,"Height":43,"Demand":1,"DemandMax":null,"Value":1591},{"Length":71,"Height":16,"Demand":1,"DemandMax":null,"Value":1136},{"Length":1,"Height":2,"Demand":3,"DemandMax":null,"Value":2},{"Length":1,"Height":41,"Demand":1,"DemandMax":null,"Value":41},{"Length":81,"Height":9,"Demand":1,"DemandMax":null,"Value":729},{"Length":137,"Height":11,"Demand":2,"DemandMax":null,"Value":1507},{"Length":166,"Height":14,"Demand":1,"DemandMax":null,"Value":2324},{"Length":10,"Height":95,"Demand":1,"DemandMax":null,"Value":950},{"Length":289,"Height":55,"Demand":1,"DemandMax":null,"Value":15895},{"Length":6,"Height":32,"Demand":1,"DemandMax":null,"Value":192},{"Length":147,"Height":19,"Demand":1,"DemandMax":null,"Value":2793},{"Length":4,"Height":196,"Demand":1,"DemandMax":null,"Value":784},{"Length":4,"Height":14,"Demand":3,"DemandMax":null,"Value":56},{"Length":10,"Height":80,"Demand":1,"DemandMax":null,"Value":800},{"Length":263,"Height":150,"Demand":1,"DemandMax":null,"Value":39450},{"Length":2,"Height":13,"Demand":1,"DemandMax":null,"Value":26},{"Length":97,"Height":33,"Demand":1,"DemandMax":null,"Value":3201},{"Length":104,"Height":18,"Demand":1,"DemandMax":null,"Value":1872},{"Length":41,"Height":3,"Demand":1,"DemandMax":null,"Value":123},{"Length":239,"Height":23,"Demand":1,"DemandMax":null,"Value":5497},{"Length":48,"Height":52,"Demand":1,"DemandMax":null,"Value":2496},{"Length":16,"Height":4,"Demand":1,"DemandMax":null,"Value":64},{"Length":49,"Height":13,"Demand":1,"DemandMax":null,"Value":637},{"Length":18,"Height":177,"Demand":1,"DemandMax":null,"Value":3186},{"Length":5,"Height":2,"Demand":1,"DemandMax":null,"Value":10},{"Length":11,"Height":1,"Demand":1,"DemandMax":null,"Value":11},{"Length":207,"Height":46,"Demand":1,"DemandMax":null,"Value":9522},{"Length":4,"Height":6,"Demand":1,"DemandMax":null,"Value":24},{"Length":52,"Height":343,"Demand":1,"DemandMax":null,"Value":17836},{"Length":33,"Height":4,"Demand":1,"DemandMax":null,"Value":132},{"Length":5,"Height":1,"Demand":4,"DemandMax":null,"Value":5},{"Length":14,"Height":37,"Demand":1,"DemandMax":null,"Value":518},{"Length":5,"Height":23,"Demand":1,"DemandMax":null,"Value":115},{"Length":8,"Height":6,"Demand":2,"DemandMax":null,"Value":48},{"Length":1,"Height":146,"Demand":1,"DemandMax":null,"Value":146},{"Length":72,"Height":87,"Demand":1,"DemandMax":null,"Value":6264},{"Length":12,"Height":37,"Demand":1,"DemandMax":null,"Value":444},{"Length":1,"Height":20,"Demand":3,"DemandMax":null,"Value":20},{"Length":291,"Height":6,"Demand":1,"DemandMax":null,"Value":1746},{"Length":8,"Height":2,"Demand":2,"DemandMax":null,"Value":16},{"Length":15,"Height":12,"Demand":1,"DemandMax":null,"Value":180},{"Length":7,"Height":4,"Demand":1,"DemandMax":null,"Value":28},{"Length":2,"Height":14,"Demand":2,"DemandMax":null,"Value":28},{"Length":32,"Height":1,"Demand":1,"DemandMax":null,"Value":32},{"Length":9,"Height":1,"Demand":2,"DemandMax":null,"Value":9},{"Length":83,"Height":2,"Demand":1,"DemandMax":null,"Value":166},{"Length":71,"Height":3,"Demand":1,"DemandMax":null,"Value":213},{"Length":19,"Height":24,"Demand":1,"DemandMax":null,"Value":456},{"Length":2,"Height":4,"Demand":1,"DemandMax":null,"Value":8},{"Length":216,"Height":18,"Demand":1,"DemandMax":null,"Value":3888},{"Length":203,"Height":95,"Demand":1,"DemandMax":null,"Value":19285},{"Length":99,"Height":343,"Demand":1,"DemandMax":null,"Value":33957},{"Length":260,"Height":44,"Demand":1,"DemandMax":null,"Value":11440},{"Length":66,"Height":29,"Demand":1,"DemandMax":null,"Value":1914},{"Length":36,"Height":13,"Demand":1,"DemandMax":null,"Value":468},{"Length":31,"Height":92,"Demand":1,"DemandMax":null,"Value":2852},{"Length":30,"Height":53,"Demand":1,"DemandMax":null,"Value":1590},{"Length":41,"Height":21,"Demand":1,"DemandMax":null,"Value":861},{"Length":6,"Height":4,"Demand":1,"DemandMax":null,"Value":24},{"Length":6,"Height":26,"Demand":1,"DemandMax":null,"Value":156},{"Length":138,"Height":287,"Demand":1,"DemandMax":null,"Value":39606},{"Length":82,"Height":84,"Demand":1,"DemandMax":null,"Value":6888},{"Length":255,"Height":300,"Demand":1,"DemandMax":null,"Value":76500},{"Length":154,"Height":26,"Demand":1,"DemandMax":null,"Value":4004},{"Length":81,"Height":1,"Demand":1,"DemandMax":null,"Value":81},{"Length":62,"Height":10,"Demand":1,"DemandMax":null,"Value":620},{"Length":274,"Height":38,"Demand":1,"DemandMax":null,"Value":10412},{"Length":1,"Height":26,"Demand":1,"DemandMax":null,"Value":26},{"Length":6,"Height":18,"Demand":1,"DemandMax":null,"Value":108},{"Length":3,"Height":18,"Demand":2,"DemandMax":null,"Value":54},{"Length":1,"Height":14,"Demand":1,"DemandMax":null,"Value":14},{"Length":22,"Height":32,"Demand":1,"DemandMax":null,"Value":704},{"Length":181,"Height":198,"Demand":1,"DemandMax":null,"Value":35838},{"Length":8,"Height":41,"Demand":1,"DemandMax":null,"Value":328},{"Length":9,"Height":18,"Demand":1,"DemandMax":null,"Value":162},{"Length":66,"Height":5,"Demand":1,"DemandMax":null,"Value":330},{"Length":21,"Height":1,"Demand":1,"DemandMax":null,"Value":21},{"Length":17,"Height":6,"Demand":1,"DemandMax":null,"Value":102},{"Length":179,"Height":34,"Demand":1,"DemandMax":null,"Value":6086},{"Length":13,"Height":2,"Demand":1,"DemandMax":null,"Value":26},{"Length":32,"Height":37,"Demand":1,"DemandMax":null,"Value":1184},{"Length":58,"Height":22,"Demand":1,"DemandMax":null,"Value":1276},{"Length":1,"Height":21,"Demand":1,"DemandMax":null,"Value":21},{"Length":25,"Height":6,"Demand":1,"DemandMax":null,"Value":150},{"Length":101,"Height":6,"Demand":1,"DemandMax":null,"Value":606},{"Length":176,"Height":5,"Demand":1,"DemandMax":null,"Value":880},{"Length":7,"Height":5,"Demand":1,"DemandMax":null,"Value":35},{"Length":5,"Height":10,"Demand":1,"DemandMax":null,"Value":50},{"Length":218,"Height":5,"Demand":1,"DemandMax":null,"Value":1090},{"Length":17,"Height":16,"Demand":1,"DemandMax":null,"Value":272},{"Length":42,"Height":123,"Demand":1,"DemandMax":null,"Value":5166},{"Length":2,"Height":196,"Demand":1,"DemandMax":null,"Value":392},{"Length":137,"Height":27,"Demand":1,"DemandMax":null,"Value":3699},{"Length":2,"Height":8,"Demand":1,"DemandMax":null,"Value":16},{"Length":73,"Height":1,"Demand":2,"DemandMax":null,"Value":73},{"Length":17,"Height":1,"Demand":1,"DemandMax":null,"Value":17},{"Length":304,"Height":21,"Demand":1,"DemandMax":null,"Value":6384},{"Length":3,"Height":7,"Demand":1,"DemandMax":null,"Value":21},{"Length":150,"Height":68,"Demand":1,"DemandMax":null,"Value":10200},{"Length":29,"Height":40,"Demand":1,"DemandMax":null,"Value":1160},{"Length":5,"Height":3,"Demand":1,"DemandMax":null,"Value":15},{"Length":11,"Height":7,"Demand":1,"DemandMax":null,"Value":77},{"Length":97,"Height":13,"Demand":1,"DemandMax":null,"Value":1261},{"Length":16,"Height":2,"Demand":1,"DemandMax":null,"Value":32},{"Length":92,"Height":89,"Demand":1,"DemandMax":null,"Value":8188},{"Length":78,"Height":1,"Demand":1,"DemandMax":null,"Value":78},{"Length":21,"Height":7,"Demand":1,"DemandMax":null,"Value":147},{"Length":3,"Height":26,"Demand":1,"DemandMax":null,"Value":78},{"Length":49,"Height":3,"Demand":1,"DemandMax":null,"Value":147},{"Length":13,"Height":110,"Demand":1,"DemandMax":null,"Value":1430},{"Length":1,"Height":5,"Demand":1,"DemandMax":null,"Value":5},{"Length":60,"Height":2,"Demand":1,"DemandMax":null,"Value":120},{"Length":1,"Height":18,"Demand":1,"DemandMax":null,"Value":18},{"Length":31,"Height":78,"Demand":1,"DemandMax":null,"Value":2418},{"Length":31,"Height":343,"Demand":1,"DemandMax":null,"Value":10633},{"Length":206,"Height":25,"Demand":1,"DemandMax":null,"Value":5150},{"Length":83,"Height":8,"Demand":1,"DemandMax":null,"Value":664},{"Length":5,"Height":14,"Demand":1,"DemandMax":null,"Value":70},{"Length":67,"Height":200,"Demand":1,"DemandMax":null,"Value":13400},{"Length":36,"Height":50,"Demand":1,"DemandMax":null,"Value":1800},{"Length":6,"Height":5,"Demand":1,"DemandMax":null,"Value":30},{"Length":36,"Height":18,"Demand":1,"DemandMax":null,"Value":648},{"Length":3,"Height":4,"Demand":1,"DemandMax":null,"Value":12},{"Length":5,"Height":8,"Demand":1,"DemandMax":null,"Value":40},{"Length":9,"Height":38,"Demand":1,"DemandMax":null,"Value":342},{"Length":137,"Height":6,"Demand":1,"DemandMax":null,"Value":822},{"Length":3,"Height":14,"Demand":1,"DemandMax":null,"Value":42},{"Length":176,"Height":18,"Demand":1,"DemandMax":null,"Value":3168},{"Length":23,"Height":12,"Demand":1,"DemandMax":null,"Value":276},{"Length":11,"Height":370,"Demand":1,"DemandMax":null,"Value":4070},{"Length":12,"Height":20,"Demand":1,"DemandMax":null,"Value":240},{"Length":291,"Height":5,"Demand":1,"DemandMax":null,"Value":1455},{"Length":45,"Height":200,"Demand":1,"DemandMax":null,"Value":9000},{"Length":77,"Height":25,"Demand":1,"DemandMax":null,"Value":1925},{"Length":36,"Height":78,"Demand":1,"DemandMax":null,"Value":2808},{"Length":29,"Height":13,"Demand":1,"DemandMax":null,"Value":377},{"Length":42,"Height":26,"Demand":1,"DemandMax":null,"Value":1092},{"Length":10,"Height":25,"Demand":1,"DemandMax":null,"Value":250},{"Length":92,"Height":16,"Demand":1,"DemandMax":null,"Value":1472},{"Length":61,"Height":32,"Demand":1,"DemandMax":null,"Value":1952},{"Length":1,"Height":11,"Demand":1,"DemandMax":null,"Value":11},{"Length":13,"Height":9,"Demand":1,"DemandMax":null,"Value":117},{"Length":1,"Height":129,"Demand":1,"DemandMax":null,"Value":129},{"Length":1,"Height":37,"Demand":1,"DemandMax":null,"Value":37},{"Length":242,"Height":32,"Demand":1,"DemandMax":null,"Value":7744},{"Length":22,"Height":9,"Demand":1,"DemandMax":null,"Value":198},{"Length":150,"Height":19,"Demand":1,"DemandMax":null,"Value":2850},{"Length":38,"Height":6,"Demand":1,"DemandMax":null,"Value":228},{"Length":36,"Height":27,"Demand":1,"DemandMax":null,"Value":972},{"Length":1,"Height":12,"Demand":1,"DemandMax":null,"Value":12},{"Length":13,"Height":10,"Demand":1,"DemandMax":null,"Value":130},{"Length":37,"Height":4,"Demand":1,"DemandMax":null,"Value":148},{"Length":24,"Height":110,"Demand":1,"DemandMax":null,"Value":2640},{"Length":1,"Height":45,"Demand":1,"DemandMax":null,"Value":45}]}