{"Name":"Path300i4b3","Objects":[{"Length":566,"Height":716,"Stock":4,"Cost":405256},{"Length":609,"Height":284,"Stock":3,"Cost":172956},{"Length":434,"Height":716,"Stock":5,"Cost":310744},{"Length":391,"Height":284,"Stock":4,"Cost":111044}],"Items":[{"Length":1,"Height":238,"Demand":2,"DemandMax":null,"Value":238},{"Length":40,"Height":65,"Demand":1,"DemandMax":null,"Value":2600},{"Length":4,"Height":57,"Demand":1,"DemandMax":null,"Value":228},{"Length":9,"Height":1,"Demand":2,"DemandMax":null,"Value":9},{"Length":150,"Height":170,"Demand":1,"DemandMax":null,"Value":25500},{"Length":78,"Height":178,"Demand":1,"DemandMax":null,"Value":13884},{"Length":237,"Height":216,"Demand":1,"DemandMax":null,"Value":51192},{"Length":29,"Height":101,"Demand":1,"DemandMax":null,"Value":2929},{"Length":283,"Height":103,"Demand":1,"DemandMax":null,"Value":29149},{"Length":4,"Height":178,"Demand":1,"DemandMax":null,"Value":712},{"Length":6,"Height":97,"Demand":1,"DemandMax":null,"Value":582},{"Length":19,"Height":90,"Demand":1,"DemandMax":null,"Value":1710},{"Length":1,"Height":23,"Demand":2,"DemandMax":null,"Value":23},{"Length":12,"Height":18,"Demand":1,"DemandMax":null,"Value":216},{"Length":283,"Height":29,"Demand":1,"DemandMax":null,"Value":8207},{"Length":64,"Height":7,"Demand":1,"DemandMax":null,"Value":448},{"Length":1,"Height":1,"Demand":18,"DemandMax":null,"Value":1},{"Length":62,"Height":8,"Demand":1,"DemandMax":null,"Value":496},{"Length":117,"Height":1,"Demand":1,"DemandMax":null,"Value":117},{"Length":23,"Height":8,"Demand":1,"DemandMax":null,"Value":184},{"Length":243,"Height":36,"Demand":1,"DemandMax":null,"Value":8748},{"Length":167,"Height":101,"Demand":1,"DemandMax":null,"Value":16867},{"Length":40,"Height":100,"Demand":1,"DemandMax":null,"Value":4000},{"Length":18,"Height":134,"Demand":1,"DemandMax":null,"Value":2412},{"Length":50,"Height":2,"Demand":1,"DemandMax":null,"Value":100},{"Length":77,"Height":69,"Demand":1,"DemandMax":null,"Value":5313},{"Length":215,"Height":275,"Demand":1,"DemandMax":null,"Value":59125},{"Length":12,"Height":40,"Demand":1,"DemandMax":null,"Value":480},{"Length":76,"Height":32,"Demand":1,"DemandMax":null,"Value":2432},{"Length":68,"Height":267,"Demand":1,"DemandMax":null,"Value":18156},{"Length":64,"Height":62,"Demand":1,"DemandMax":null,"Value":3968},{"Length":9,"Height":133,"Demand":1,"DemandMax":null,"Value":1197},{"Length":1,"Height":220,"Demand":1,"DemandMax":null,"Value":220},{"Length":11,"Height":25,"Demand":1,"DemandMax":null,"Value":275},{"Length":1,"Height":19,"Demand":2,"DemandMax":null,"Value":19},{"Length":38,"Height":183,"Demand":1,"DemandMax":null,"Value":6954},{"Length":137,"Height":8,"Demand":1,"DemandMax":null,"Value":1096},{"Length":49,"Height":121,"Demand":1,"DemandMax":null,"Value":5929},{"Length":1,"Height":11,"Demand":3,"DemandMax":null,"Value":11},{"Length":50,"Height":94,"Demand":1,"DemandMax":null,"Value":4700},{"Length":38,"Height":170,"Demand":1,"DemandMax":null,"Value":6460},{"Length":15,"Height":9,"Demand":1,"DemandMax":null,"Value":135},{"Length":53,"Height":4,"Demand":1,"DemandMax":null,"Value":212},{"Length":16,"Height":134,"Demand":1,"DemandMax":null,"Value":2144},{"Length":5,"Height":42,"Demand":1,"DemandMax":null,"Value":210},{"Length":76,"Height":4,"Demand":1,"DemandMax":null,"Value":304},{"Length":20,"Height":170,"Demand":1,"DemandMax":null,"Value":3400},{"Length":37,"Height":116,"Demand":1,"DemandMax":null,"Value":4292},{"Length":66,"Height":102,"Demand":1,"DemandMax":null,"Value":6732},{"Length":7,"Height":61,"Demand":1,"DemandMax":null,"Value":427},{"Length":68,"Height":238,"Demand":1,"DemandMax":null,"Value":16184},{"Length":82,"Height":76,"Demand":1,"DemandMax":null,"Value":6232},{"Length":53,"Height":92,"Demand":1,"DemandMax":null,"Value":4876},{"Length":15,"Height":28,"Demand":2,"DemandMax":null,"Value":420},{"Length":104,"Height":31,"Demand":1,"DemandMax":null,"Value":3224},{"Length":81,"Height":109,"Demand":1,"DemandMax":null,"Value":8829},{"Length":23,"Height":1,"Demand":1,"DemandMax":null,"Value":23},{"Length":1,"Height":25,"Demand":1,"DemandMax":null,"Value":25},{"Length":150,"Height":1,"Demand":4,"DemandMax":null,"Value":150},{"Length":134,"Height":75,"Demand":1,"DemandMax":null,"Value":10050},{"Length":1,"Height":37,"Demand":1,"DemandMax":null,"Value":37},{"Length":17,"Height":1,"Demand":1,"DemandMax":null,"Value":17},{"Length":51,"Height":134,"Demand":1,"DemandMax":null,"Value":6834},{"Length":19,"Height":7,"Demand":1,"DemandMax":null,"Value":133},{"Length":191,"Height":5,"Demand":1,"DemandMax":null,"Value":955},{"Length":1,"Height":170,"Demand":1,"DemandMax":null,"Value":170},{"Length":104,"Height":2,"Demand":1,"DemandMax":null,"Value":208},{"Length":16,"Height":157,"Demand":1,"DemandMax":null,"Value":2512},{"Length":1,"Height":168,"Demand":1,"DemandMax":null,"Value":168},{"Length":42,"Height":67,"Demand":1,"DemandMax":null,"Value":2814},{"Length":111,"Height":19,"Demand":1,"DemandMax":null,"Value":2109},{"Length":18,"Height":15,"Demand":1,"DemandMax":null,"Value":270},{"Length":39,"Height":5,"Demand":1,"DemandMax":null,"Value":195},{"Length":12,"Height":116,"Demand":1,"DemandMax":null,"Value":1392},{"Length":8,"Height":6,"Demand":1,"DemandMax":null,"Value":48},{"Length":128,"Height":89,"Demand":1,"DemandMax":null,"Value":11392},{"Length":5,"Height":159,"Demand":1,"DemandMax":null,"Value":795},{"Length":121,"Height":101,"Demand":1,"DemandMax":null,"Value":12221},{"Length":241,"Height":18,"Demand":1,"DemandMax":null,"Value":4338},{"Length":151,"Height":1,"Demand":1,"DemandMax":null,"Value":151},{"Length":1,"Height":4,"Demand":2,"DemandMax":null,"Value":4},{"Length":39,"Height":18,"Demand":1,"DemandMax":null,"Value":702},{"Length":197,"Height":106,"Demand":1,"DemandMax":null,"Value":20882},{"Length":2,"Height":113,"Demand":1,"DemandMax":null,"Value":226},{"Length":1,"Height":2,"Demand":3,"DemandMax":null,"Value":2},{"Length":1,"Height":275,"Demand":1,"DemandMax":null,"Value":275},{"Length":12,"Height":7,"Demand":1,"DemandMax":null,"Value":84},{"Length":4,"Height":97,"Demand":1,"DemandMax":null,"Value":388},{"Length":12,"Height":23,"Demand":1,"DemandMax":null,"Value":276},{"Length":1,"Height":40,"Demand":2,"DemandMax":null,"Value":40},{"Length":10,"Height":120,"Demand":1,"DemandMax":null,"Value":1200},{"Length":74,"Height":121,"Demand":1,"DemandMax":null,"Value":8954},{"Length":2,"Height":8,"Demand":1,"DemandMax":null,"Value":16},{"Length":31,"Height":3,"Demand":1,"DemandMax":null,"Value":93},{"Length":1,"Height":15,"Demand":2,"DemandMax":null,"Value":15},{"Length":1,"Height":76,"Demand":1,"DemandMax":null,"Value":76},{"Length":69,"Height":238,"Demand":1,"DemandMax":null,"Value":16422},{"Length":15,"Height":116,"Demand":1,"DemandMax":null,"Value":1740},{"Length":117,"Height":97,"Demand":1,"DemandMax":null,"Value":11349},{"Length":143,"Height":93,"Demand":1,"DemandMax":null,"Value":13299},{"Length":48,"Height":7,"Demand":1,"DemandMax":null,"Value":336},{"Length":4,"Height":159,"Demand":1,"DemandMax":null,"Value":636},{"Length":23,"Height":19,"Demand":1,"DemandMax":null,"Value":437},{"Length":9,"Height":94,"Demand":1,"DemandMax":null,"Value":846},{"Length":141,"Height":6,"Demand":1,"DemandMax":null,"Value":846},{"Length":1,"Height":28,"Demand":1,"DemandMax":null,"Value":28},{"Length":4,"Height":75,"Demand":1,"DemandMax":null,"Value":300},{"Length":7,"Height":90,"Demand":2,"DemandMax":null,"Value":630},{"Length":66,"Height":68,"Demand":1,"DemandMax":null,"Value":4488},{"Length":107,"Height":69,"Demand":1,"DemandMax":null,"Value":7383},{"Length":3,"Height":8,"Demand":1,"DemandMax":null,"Value":24},{"Length":4,"Height":131,"Demand":1,"DemandMax":null,"Value":524},{"Length":1,"Height":3,"Demand":3,"DemandMax":null,"Value":3},{"Length":1,"Height":74,"Demand":1,"DemandMax":null,"Value":74},{"Length":163,"Height":65,"Demand":1,"DemandMax":null,"Value":10595},{"Length":39,"Height":1,"Demand":2,"DemandMax":null,"Value":39},{"Length":8,"Height":109,"Demand":1,"DemandMax":null,"Value":872},{"Length":3,"Height":23,"Demand":1,"DemandMax":null,"Value":69},{"Length":1,"Height":6,"Demand":1,"DemandMax":null,"Value":6},{"Length":68,"Height":124,"Demand":1,"DemandMax":null,"Value":8432},{"Length":14,"Height":1,"Demand":2,"DemandMax":null,"Value":14},{"Length":2,"Height":74,"Demand":1,"DemandMax":null,"Value":148},{"Length":35,"Height":65,"Demand":1,"DemandMax":null,"Value":2275},{"Length":15,"Height":2,"Demand":1,"DemandMax":null,"Value":30},{"Length":1,"Height":24,"Demand":1,"DemandMax":null,"Value":24},{"Length":12,"Height":266,"Demand":1,"DemandMax":null,"Value":3192},{"Length":212,"Height":2,"Demand":1,"DemandMax":null,"Value":424},{"Length":245,"Height":183,"Demand":1,"DemandMax":null,"Value":44835},{"Length":1,"Height":22,"Demand":1,"DemandMax":null,"Value":22},{"Length":55,"Height":55,"Demand":1,"DemandMax":null,"Value":3025},{"Length":9,"Height":219,"Demand":1,"DemandMax":null,"Value":1971},{"Length":34,"Height":53,"Demand":1,"DemandMax":null,"Value":1802},{"Length":15,"Height":105,"Demand":1,"DemandMax":null,"Value":1575},{"Length":1,"Height":39,"Demand":1,"DemandMax":null,"Value":39},{"Length":17,"Height":11,"Demand":1,"DemandMax":null,"Value":187},{"Length":74,"Height":238,"Demand":1,"DemandMax":null,"Value":17612},{"Length":80,"Height":159,"Demand":1,"DemandMax":null,"Value":12720},{"Length":20,"Height":1,"Demand":1,"DemandMax":null,"Value":20},{"Length":6,"Height":21,"Demand":1,"DemandMax":null,"Value":126},{"Length":1,"Height":10,"Demand":1,"DemandMax":null,"Value":10},{"Length":183,"Height":134,"Demand":1,"DemandMax":null,"Value":24522},{"Length":104,"Height":15,"Demand":1,"DemandMax":null,"Value":1560},{"Length":47,"Height":99,"Demand":1,"DemandMax":null,"Value":4653},{"Length":7,"Height":5,"Demand":1,"DemandMax":null,"Value":35},{"Length":63,"Height":7,"Demand":1,"DemandMax":null,"Value":441},{"Length":10,"Height":97,"Demand":1,"DemandMax":null,"Value":970},{"Length":21,"Height":240,"Demand":1,"DemandMax":null,"Value":5040},{"Length":26,"Height":1,"Demand":1,"DemandMax":null,"Value":26},{"Length":1,"Height":9,"Demand":2,"DemandMax":null,"Value":9},{"Length":9,"Height":13,"Demand":1,"DemandMax":null,"Value":117},{"Length":92,"Height":35,"Demand":1,"DemandMax":null,"Value":3220},{"Length":1,"Height":29,"Demand":1,"DemandMax":null,"Value":29},{"Length":81,"Height":58,"Demand":1,"DemandMax":null,"Value":4698},{"Length":18,"Height":160,"Demand":1,"DemandMax":null,"Value":2880},{"Length":10,"Height":4,"Demand":1,"DemandMax":null,"Value":40},{"Length":50,"Height":1,"Demand":1,"DemandMax":null,"Value":50},{"Length":19,"Height":9,"Demand":1,"DemandMax":null,"Value":171},{"Length":1,"Height":18,"Demand":1,"DemandMax":null,"Value":18},{"Length":35,"Height":62,"Demand":1,"DemandMax":null,"Value":2170},{"Length":197,"Height":273,"Demand":1,"DemandMax":null,"Value":53781},{"Length":12,"Height":31,"Demand":1,"DemandMax":null,"Value":372},{"Length":262,"Height":145,"Demand":1,"DemandMax":null,"Value":37990},{"Length":150,"Height":2,"Demand":1,"DemandMax":null,"Value":300},{"Length":32,"Height":4,"Demand":1,"DemandMax":null,"Value":128},{"Length":1,"Height":21,"Demand":1,"DemandMax":null,"Value":21},{"Length":56,"Height":227,"Demand":1,"DemandMax":null,"Value":12712},{"Length":8,"Height":27,"Demand":1,"DemandMax":null,"Value":216},{"Length":1,"Height":99,"Demand":1,"DemandMax":null,"Value":99},{"Length":128,"Height":219,"Demand":1,"DemandMax":null,"Value":28032},{"Length":1,"Height":13,"Demand":1,"DemandMax":null,"Value":13},{"Length":40,"Height":127,"Demand":1,"DemandMax":null,"Value":5080},{"Length":237,"Height":163,"Demand":1,"DemandMax":null,"Value":38631},{"Length":18,"Height":90,"Demand":1,"DemandMax":null,"Value":1620},{"Length":1,"Height":33,"Demand":1,"DemandMax":null,"Value":33},{"Length":1,"Height":57,"Demand":1,"DemandMax":null,"Value":57},{"Length":63,"Height":21,"Demand":1,"DemandMax":null,"Value":1323},{"Length":1,"Height":61,"Demand":1,"DemandMax":null,"Value":61},{"Length":21,"Height":145,"Demand":1,"DemandMax":null,"Value":3045},{"Length":1,"Height":7,"Demand":4,"DemandMax":null,"Value":7},{"Length":2,"Height":48,"Demand":1,"DemandMax":null,"Value":96},{"Length":116,"Height":101,"Demand":1,"DemandMax":null,"Value":11716},{"Length":6,"Height":7,"Demand":1,"DemandMax":null,"Value":42},{"Length":66,"Height":5,"Demand":1,"DemandMax":null,"Value":330},{"Length":8,"Height":1,"Demand":1,"DemandMax":null,"Value":8},{"Length":74,"Height":3,"Demand":1,"DemandMax":null,"Value":222},{"Length":2,"Height":1,"Demand":2,"DemandMax":null,"Value":2},{"Length":1,"Height":176,"Demand":1,"DemandMax":null,"Value":176},{"Length":16,"Height":219,"Demand":1,"DemandMax":null,"Value":3504},{"Length":2,"Height":10,"Demand":1,"DemandMax":null,"Value":20},{"Length":3,"Height":116,"Demand":1,"DemandMax":null,"Value":348},{"Length":111,"Height":74,"Demand":1,"DemandMax":null,"Value":8214},{"Length":16,"Height":170,"Demand":1,"DemandMax":null,"Value":2720},{"Length":2,"Height":3,"Demand":1,"DemandMax":null,"Value":6},{"Length":6,"Height":12,"Demand":1,"DemandMax":null,"Value":72},{"Length":86,"Height":7,"Demand":1,"DemandMax":null,"Value":602},{"Length":2,"Height":28,"Demand":1,"DemandMax":null,"Value":56},{"Length":3,"Height":3,"Demand":1,"DemandMax":null,"Value":9},{"Length":46,"Height":94,"Demand":1,"DemandMax":null,"Value":4324},{"Length":110,"Height":89,"Demand":1,"DemandMax":null,"Value":9790},{"Length":241,"Height":4,"Demand":1,"DemandMax":null,"Value":964},{"Length":111,"Height":37,"Demand":1,"DemandMax":null,"Value":4107},{"Length":20,"Height":159,"Demand":1,"DemandMax":null,"Value":3180},{"Length":1,"Height":89,"Demand":1,"DemandMax":null,"Value":89},{"Length":90,"Height":20,"Demand":1,"DemandMax":null,"Value":1800},{"Length":30,"Height":53,"Demand":1,"DemandMax":null,"Value":1590},{"Length":8,"Height":12,"Demand":1,"DemandMax":null,"Value":96},{"Length":11,"Height":134,"Demand":1,"DemandMax":null,"Value":1474},{"Length":243,"Height":26,"Demand":1,"DemandMax":null,"Value":6318},{"Length":141,"Height":43,"Demand":1,"DemandMax":null,"Value":6063},{"Length":85,"Height":65,"Demand":1,"DemandMax":null,"Value":5525},{"Length":5,"Height":6,"Demand":1,"DemandMax":null,"Value":30},{"Length":1,"Height":17,"Demand":1,"DemandMax":null,"Value":17},{"Length":40,"Height":1,"Demand":1,"DemandMax":null,"Value":40},{"Length":34,"Height":6,"Demand":1,"DemandMax":null,"Value":204},{"Length":13,"Height":6,"Demand":1,"DemandMax":null,"Value":78},{"Length":2,"Height":68,"Demand":1,"DemandMax":null,"Value":136},{"Length":10,"Height":26,"Demand":1,"DemandMax":null,"Value":260},{"Length":26,"Height":121,"Demand":1,"DemandMax":null,"Value":3146},{"Length":17,"Height":203,"Demand":1,"DemandMax":null,"Value":3451},{"Length":212,"Height":6,"Demand":1,"DemandMax":null,"Value":1272},{"Length":283,"Height":132,"Demand":1,"DemandMax":null,"Value":37356},{"Length":66,"Height":16,"Demand":1,"DemandMax":null,"Value":1056},{"Length":3,"Height":74,"Demand":1,"DemandMax":null,"Value":222},{"Length":3,"Height":55,"Demand":1,"DemandMax":null,"Value":165},{"Length":17,"Height":3,"Demand":1,"DemandMax":null,"Value":51},{"Length":10,"Height":14,"Demand":1,"DemandMax":null,"Value":140},{"Length":9,"Height":37,"Demand":1,"DemandMax":null,"Value":333},{"Length":3,"Height":13,"Demand":1,"DemandMax":null,"Value":39},{"Length":27,"Height":6,"Demand":1,"DemandMax":null,"Value":162},{"Length":66,"Height":35,"Demand":1,"DemandMax":null,"Value":2310},{"Length":15,"Height":89,"Demand":1,"DemandMax":null,"Value":1335},{"Length":22,"Height":76,"Demand":1,"DemandMax":null,"Value":1672},{"Length":53,"Height":146,"Demand":1,"DemandMax":null,"Value":7738},{"Length":8,"Height":28,"Demand":1,"DemandMax":null,"Value":224},{"Length":30,"Height":14,"Demand":1,"DemandMax":null,"Value":420},{"Length":66,"Height":1,"Demand":1,"DemandMax":null,"Value":66},{"Length":76,"Height":3,"Demand":1,"DemandMax":null,"Value":228},{"Length":224,"Height":65,"Demand":1,"DemandMax":null,"Value":14560},{"Length":1,"Height":5,"Demand":1,"DemandMax":null,"Value":5},{"Length":24,"Height":1,"Demand":1,"DemandMax":null,"Value":24},{"Length":17,"Height":35,"Demand":1,"DemandMax":null,"Value":595},{"Length":31,"Height":1,"Demand":1,"DemandMax":null,"Value":31},{"Length":22,"Height":8,"Demand":1,"DemandMax":null,"Value":176},{"Length":3,"Height":75,"Demand":1,"DemandMax":null,"Value":225},{"Length":10,"Height":8,"Demand":1,"DemandMax":null,"Value":80},{"Length":6,"Height":8,"Demand":1,"DemandMax":null,"Value":48},{"Length":13,"Height":97,"Demand":1,"DemandMax":null,"Value":1261},{"Length":12,"Height":77,"Demand":1,"DemandMax":null,"Value":924},{"Length":15,"Height":5,"Demand":1,"DemandMax":null,"Value":75},{"Length":62,"Height":59,"Demand":1,"DemandMax":null,"Value":3658},{"Length":16,"Height":13,"Demand":1,"DemandMax":null,"Value":208},{"Length":81,"Height":15,"Demand":1,"DemandMax":null,"Value":1215},{"Length":13,"Height":1,"Demand":1,"DemandMax":null,"Value":13},{"Length":2,"Height":25,"Demand":1,"DemandMax":null,"Value":50},{"Length":1,"Height":118,"Demand":1,"DemandMax":null,"Value":118},{"Length":17,"Height":28,"Demand":1,"DemandMax":null,"Value":476},{"Length":39,"Height":6,"Demand":1,"DemandMax":null,"Value":234},{"Length":81,"Height":1,"Demand":1,"DemandMax":null,"Value":81}]}