{"Name":"Nice300i5b3","Objects":[{"Length":244,"Height":382,"Stock":3,"Cost":93208},{"Length":1000,"Height":274,"Stock":2,"Cost":274000},{"Length":756,"Height":190,"Stock":6,"Cost":143640},{"Length":756,"Height":192,"Stock":5,"Cost":145152},{"Length":1000,"Height":344,"Stock":4,"Cost":344000}],"Items":[{"Length":50,"Height":71,"Demand":1,"DemandMax":null,"Value":3550},{"Length":56,"Height":31,"Demand":2,"DemandMax":null,"Value":1736},{"Length":49,"Height":65,"Demand":1,"DemandMax":null,"Value":3185},{"Length":58,"Height":40,"Demand":1,"DemandMax":null,"Value":2320},{"Length":52,"Height":84,"Demand":1,"DemandMax":null,"Value":4368},{"Length":61,"Height":68,"Demand":1,"DemandMax":null,"Value":4148},{"Length":50,"Height":56,"Demand":1,"DemandMax":null,"Value":2800},{"Length":48,"Height":94,"Demand":1,"DemandMax":null,"Value":4512},{"Length":60,"Height":75,"Demand":1,"DemandMax":null,"Value":4500},{"Length":43,"Height":72,"Demand":1,"DemandMax":null,"Value":3096},{"Length":68,"Height":90,"Demand":1,"DemandMax":null,"Value":6120},{"Length":34,"Height":78,"Demand":1,"DemandMax":null,"Value":2652},{"Length":103,"Height":27,"Demand":1,"DemandMax":null,"Value":2781},{"Length":32,"Height":53,"Demand":1,"DemandMax":null,"Value":1696},{"Length":35,"Height":134,"Demand":2,"DemandMax":null,"Value":4690},{"Length":23,"Height":91,"Demand":1,"DemandMax":null,"Value":2093},{"Length":66,"Height":48,"Demand":1,"DemandMax":null,"Value":3168},{"Length":40,"Height":113,"Demand":1,"DemandMax":null,"Value":4520},{"Length":35,"Height":53,"Demand":2,"DemandMax":null,"Value":1855},{"Length":90,"Height":24,"Demand":1,"DemandMax":null,"Value":2160},{"Length":35,"Height":140,"Demand":3,"DemandMax":null,"Value":4900},{"Length":61,"Height":53,"Demand":1,"DemandMax":null,"Value":3233},{"Length":85,"Height":42,"Demand":1,"DemandMax":null,"Value":3570},{"Length":51,"Height":55,"Demand":2,"DemandMax":null,"Value":2805},{"Length":32,"Height":103,"Demand":2,"DemandMax":null,"Value":3296},{"Length":73,"Height":25,"Demand":1,"DemandMax":null,"Value":1825},{"Length":48,"Height":55,"Demand":1,"DemandMax":null,"Value":2640},{"Length":37,"Height":49,"Demand":1,"DemandMax":null,"Value":1813},{"Length":52,"Height":95,"Demand":1,"DemandMax":null,"Value":4940},{"Length":85,"Height":37,"Demand":2,"DemandMax":null,"Value":3145},{"Length":51,"Height":79,"Demand":1,"DemandMax":null,"Value":4029},{"Length":35,"Height":79,"Demand":1,"DemandMax":null,"Value":2765},{"Length":73,"Height":65,"Demand":1,"DemandMax":null,"Value":4745},{"Length":28,"Height":97,"Demand":2,"DemandMax":null,"Value":2716},{"Length":125,"Height":70,"Demand":1,"DemandMax":null,"Value":8750},{"Length":76,"Height":23,"Demand":1,"DemandMax":null,"Value":1748},{"Length":55,"Height":88,"Demand":1,"DemandMax":null,"Value":4840},{"Length":56,"Height":70,"Demand":1,"DemandMax":null,"Value":3920},{"Length":44,"Height":59,"Demand":1,"DemandMax":null,"Value":2596},{"Length":72,"Height":41,"Demand":1,"DemandMax":null,"Value":2952},{"Length":92,"Height":47,"Demand":1,"DemandMax":null,"Value":4324},{"Length":49,"Height":55,"Demand":3,"DemandMax":null,"Value":2695},{"Length":56,"Height":36,"Demand":1,"DemandMax":null,"Value":2016},{"Length":48,"Height":70,"Demand":1,"DemandMax":null,"Value":3360},{"Length":84,"Height":32,"Demand":1,"DemandMax":null,"Value":2688},{"Length":76,"Height":37,"Demand":1,"DemandMax":null,"Value":2812},{"Length":88,"Height":58,"Demand":1,"DemandMax":null,"Value":5104},{"Length":80,"Height":56,"Demand":1,"DemandMax":null,"Value":4480},{"Length":26,"Height":81,"Demand":1,"DemandMax":null,"Value":2106},{"Length":43,"Height":67,"Demand":1,"DemandMax":null,"Value":2881},{"Length":32,"Height":88,"Demand":1,"DemandMax":null,"Value":2816},{"Length":56,"Height":51,"Demand":1,"DemandMax":null,"Value":2856},{"Length":87,"Height":47,"Demand":1,"DemandMax":null,"Value":4089},{"Length":43,"Height":102,"Demand":1,"DemandMax":null,"Value":4386},{"Length":37,"Height":48,"Demand":2,"DemandMax":null,"Value":1776},{"Length":72,"Height":37,"Demand":1,"DemandMax":null,"Value":2664},{"Length":45,"Height":63,"Demand":1,"DemandMax":null,"Value":2835},{"Length":32,"Height":108,"Demand":1,"DemandMax":null,"Value":3456},{"Length":50,"Height":53,"Demand":1,"DemandMax":null,"Value":2650},{"Length":89,"Height":40,"Demand":1,"DemandMax":null,"Value":3560},{"Length":119,"Height":43,"Demand":1,"DemandMax":null,"Value":5117},{"Length":30,"Height":91,"Demand":1,"DemandMax":null,"Value":2730},{"Length":26,"Height":88,"Demand":1,"DemandMax":null,"Value":2288},{"Length":35,"Height":66,"Demand":2,"DemandMax":null,"Value":2310},{"Length":53,"Height":67,"Demand":1,"DemandMax":null,"Value":3551},{"Length":47,"Height":66,"Demand":1,"DemandMax":null,"Value":3102},{"Length":130,"Height":44,"Demand":1,"DemandMax":null,"Value":5720},{"Length":52,"Height":64,"Demand":1,"DemandMax":null,"Value":3328},{"Length":38,"Height":138,"Demand":1,"DemandMax":null,"Value":5244},{"Length":92,"Height":25,"Demand":1,"DemandMax":null,"Value":2300},{"Length":87,"Height":39,"Demand":1,"DemandMax":null,"Value":3393},{"Length":85,"Height":38,"Demand":1,"DemandMax":null,"Value":3230},{"Length":29,"Height":106,"Demand":1,"DemandMax":null,"Value":3074},{"Length":52,"Height":49,"Demand":1,"DemandMax":null,"Value":2548},{"Length":86,"Height":88,"Demand":1,"DemandMax":null,"Value":7568},{"Length":44,"Height":69,"Demand":1,"DemandMax":null,"Value":3036},{"Length":54,"Height":52,"Demand":1,"DemandMax":null,"Value":2808},{"Length":51,"Height":65,"Demand":1,"DemandMax":null,"Value":3315},{"Length":53,"Height":50,"Demand":1,"DemandMax":null,"Value":2650},{"Length":121,"Height":55,"Demand":1,"DemandMax":null,"Value":6655},{"Length":34,"Height":54,"Demand":1,"DemandMax":null,"Value":1836},{"Length":37,"Height":75,"Demand":2,"DemandMax":null,"Value":2775},{"Length":53,"Height":54,"Demand":1,"DemandMax":null,"Value":2862},{"Length":53,"Height":58,"Demand":1,"DemandMax":null,"Value":3074},{"Length":89,"Height":46,"Demand":1,"DemandMax":null,"Value":4094},{"Length":76,"Height":77,"Demand":1,"DemandMax":null,"Value":5852},{"Length":34,"Height":113,"Demand":1,"DemandMax":null,"Value":3842},{"Length":70,"Height":27,"Demand":1,"DemandMax":null,"Value":1890},{"Length":108,"Height":39,"Demand":1,"DemandMax":null,"Value":4212},{"Length":57,"Height":50,"Demand":1,"DemandMax":null,"Value":2850},{"Length":85,"Height":35,"Demand":1,"DemandMax":null,"Value":2975},{"Length":63,"Height":64,"Demand":1,"DemandMax":null,"Value":4032},{"Length":52,"Height":58,"Demand":1,"DemandMax":null,"Value":3016},{"Length":49,"Height":76,"Demand":1,"DemandMax":null,"Value":3724},{"Length":46,"Height":64,"Demand":1,"DemandMax":null,"Value":2944},{"Length":33,"Height":82,"Demand":1,"DemandMax":null,"Value":2706},{"Length":74,"Height":70,"Demand":1,"DemandMax":null,"Value":5180},{"Length":116,"Height":29,"Demand":2,"DemandMax":null,"Value":3364},{"Length":35,"Height":84,"Demand":1,"DemandMax":null,"Value":2940},{"Length":32,"Height":82,"Demand":1,"DemandMax":null,"Value":2624},{"Length":85,"Height":59,"Demand":1,"DemandMax":null,"Value":5015},{"Length":71,"Height":37,"Demand":1,"DemandMax":null,"Value":2627},{"Length":37,"Height":54,"Demand":1,"DemandMax":null,"Value":1998},{"Length":52,"Height":75,"Demand":1,"DemandMax":null,"Value":3900},{"Length":71,"Height":56,"Demand":1,"DemandMax":null,"Value":3976},{"Length":70,"Height":44,"Demand":1,"DemandMax":null,"Value":3080},{"Length":52,"Height":51,"Demand":1,"DemandMax":null,"Value":2652},{"Length":51,"Height":93,"Demand":1,"DemandMax":null,"Value":4743},{"Length":34,"Height":134,"Demand":1,"DemandMax":null,"Value":4556},{"Length":94,"Height":47,"Demand":1,"DemandMax":null,"Value":4418},{"Length":52,"Height":53,"Demand":2,"DemandMax":null,"Value":2756},{"Length":69,"Height":39,"Demand":1,"DemandMax":null,"Value":2691},{"Length":38,"Height":82,"Demand":1,"DemandMax":null,"Value":3116},{"Length":55,"Height":45,"Demand":1,"DemandMax":null,"Value":2475},{"Length":121,"Height":62,"Demand":1,"DemandMax":null,"Value":7502},{"Length":35,"Height":56,"Demand":1,"DemandMax":null,"Value":1960},{"Length":29,"Height":59,"Demand":1,"DemandMax":null,"Value":1711},{"Length":76,"Height":38,"Demand":1,"DemandMax":null,"Value":2888},{"Length":64,"Height":50,"Demand":1,"DemandMax":null,"Value":3200},{"Length":66,"Height":54,"Demand":1,"DemandMax":null,"Value":3564},{"Length":118,"Height":32,"Demand":1,"DemandMax":null,"Value":3776},{"Length":42,"Height":45,"Demand":1,"DemandMax":null,"Value":1890},{"Length":69,"Height":44,"Demand":1,"DemandMax":null,"Value":3036},{"Length":49,"Height":103,"Demand":1,"DemandMax":null,"Value":5047},{"Length":80,"Height":57,"Demand":1,"DemandMax":null,"Value":4560},{"Length":43,"Height":66,"Demand":1,"DemandMax":null,"Value":2838},{"Length":36,"Height":79,"Demand":1,"DemandMax":null,"Value":2844},{"Length":35,"Height":95,"Demand":1,"DemandMax":null,"Value":3325},{"Length":45,"Height":66,"Demand":1,"DemandMax":null,"Value":2970},{"Length":29,"Height":63,"Demand":1,"DemandMax":null,"Value":1827},{"Length":42,"Height":114,"Demand":1,"DemandMax":null,"Value":4788},{"Length":61,"Height":48,"Demand":2,"DemandMax":null,"Value":2928},{"Length":54,"Height":64,"Demand":1,"DemandMax":null,"Value":3456},{"Length":56,"Height":52,"Demand":1,"DemandMax":null,"Value":2912},{"Length":43,"Height":82,"Demand":1,"DemandMax":null,"Value":3526},{"Length":36,"Height":140,"Demand":1,"DemandMax":null,"Value":5040},{"Length":66,"Height":30,"Demand":1,"DemandMax":null,"Value":1980},{"Length":33,"Height":103,"Demand":1,"DemandMax":null,"Value":3399},{"Length":50,"Height":97,"Demand":1,"DemandMax":null,"Value":4850},{"Length":53,"Height":60,"Demand":2,"DemandMax":null,"Value":3180},{"Length":73,"Height":48,"Demand":1,"DemandMax":null,"Value":3504},{"Length":93,"Height":102,"Demand":1,"DemandMax":null,"Value":9486},{"Length":36,"Height":55,"Demand":1,"DemandMax":null,"Value":1980},{"Length":72,"Height":48,"Demand":1,"DemandMax":null,"Value":3456},{"Length":52,"Height":81,"Demand":1,"DemandMax":null,"Value":4212},{"Length":44,"Height":67,"Demand":1,"DemandMax":null,"Value":2948},{"Length":66,"Height":44,"Demand":1,"DemandMax":null,"Value":2904},{"Length":29,"Height":76,"Demand":1,"DemandMax":null,"Value":2204},{"Length":43,"Height":47,"Demand":1,"DemandMax":null,"Value":2021},{"Length":34,"Height":108,"Demand":1,"DemandMax":null,"Value":3672},{"Length":88,"Height":31,"Demand":1,"DemandMax":null,"Value":2728},{"Length":89,"Height":44,"Demand":1,"DemandMax":null,"Value":3916},{"Length":57,"Height":58,"Demand":1,"DemandMax":null,"Value":3306},{"Length":33,"Height":64,"Demand":2,"DemandMax":null,"Value":2112},{"Length":51,"Height":52,"Demand":1,"DemandMax":null,"Value":2652},{"Length":72,"Height":25,"Demand":1,"DemandMax":null,"Value":1800},{"Length":182,"Height":65,"Demand":1,"DemandMax":null,"Value":11830},{"Length":52,"Height":52,"Demand":1,"DemandMax":null,"Value":2704},{"Length":88,"Height":32,"Demand":1,"DemandMax":null,"Value":2816},{"Length":58,"Height":58,"Demand":1,"DemandMax":null,"Value":3364},{"Length":54,"Height":59,"Demand":1,"DemandMax":null,"Value":3186},{"Length":78,"Height":66,"Demand":1,"DemandMax":null,"Value":5148},{"Length":65,"Height":52,"Demand":1,"DemandMax":null,"Value":3380},{"Length":115,"Height":33,"Demand":1,"DemandMax":null,"Value":3795},{"Length":51,"Height":34,"Demand":1,"DemandMax":null,"Value":1734},{"Length":55,"Height":67,"Demand":1,"DemandMax":null,"Value":3685},{"Length":67,"Height":42,"Demand":1,"DemandMax":null,"Value":2814},{"Length":89,"Height":25,"Demand":2,"DemandMax":null,"Value":2225},{"Length":65,"Height":41,"Demand":2,"DemandMax":null,"Value":2665},{"Length":54,"Height":47,"Demand":1,"DemandMax":null,"Value":2538},{"Length":91,"Height":36,"Demand":1,"DemandMax":null,"Value":3276},{"Length":67,"Height":43,"Demand":1,"DemandMax":null,"Value":2881},{"Length":87,"Height":48,"Demand":1,"DemandMax":null,"Value":4176},{"Length":32,"Height":55,"Demand":1,"DemandMax":null,"Value":1760},{"Length":90,"Height":66,"Demand":1,"DemandMax":null,"Value":5940},{"Length":53,"Height":40,"Demand":1,"DemandMax":null,"Value":2120},{"Length":65,"Height":51,"Demand":1,"DemandMax":null,"Value":3315},{"Length":44,"Height":40,"Demand":1,"DemandMax":null,"Value":1760},{"Length":66,"Height":88,"Demand":1,"DemandMax":null,"Value":5808},{"Length":61,"Height":30,"Demand":1,"DemandMax":null,"Value":1830},{"Length":123,"Height":36,"Demand":1,"DemandMax":null,"Value":4428},{"Length":87,"Height":143,"Demand":1,"DemandMax":null,"Value":12441},{"Length":33,"Height":113,"Demand":1,"DemandMax":null,"Value":3729},{"Length":136,"Height":50,"Demand":1,"DemandMax":null,"Value":6800},{"Length":72,"Height":40,"Demand":1,"DemandMax":null,"Value":2880},{"Length":48,"Height":56,"Demand":1,"DemandMax":null,"Value":2688},{"Length":61,"Height":101,"Demand":1,"DemandMax":null,"Value":6161},{"Length":51,"Height":113,"Demand":1,"DemandMax":null,"Value":5763},{"Length":89,"Height":51,"Demand":1,"DemandMax":null,"Value":4539},{"Length":28,"Height":81,"Demand":1,"DemandMax":null,"Value":2268},{"Length":53,"Height":52,"Demand":1,"DemandMax":null,"Value":2756},{"Length":68,"Height":43,"Demand":1,"DemandMax":null,"Value":2924},{"Length":29,"Height":61,"Demand":1,"DemandMax":null,"Value":1769},{"Length":56,"Height":72,"Demand":1,"DemandMax":null,"Value":4032},{"Length":55,"Height":82,"Demand":1,"DemandMax":null,"Value":4510},{"Length":34,"Height":88,"Demand":2,"DemandMax":null,"Value":2992},{"Length":31,"Height":91,"Demand":1,"DemandMax":null,"Value":2821},{"Length":91,"Height":40,"Demand":1,"DemandMax":null,"Value":3640},{"Length":115,"Height":37,"Demand":1,"DemandMax":null,"Value":4255},{"Length":84,"Height":40,"Demand":1,"DemandMax":null,"Value":3360},{"Length":41,"Height":43,"Demand":2,"DemandMax":null,"Value":1763},{"Length":66,"Height":67,"Demand":1,"DemandMax":null,"Value":4422},{"Length":57,"Height":33,"Demand":1,"DemandMax":null,"Value":1881},{"Length":68,"Height":75,"Demand":1,"DemandMax":null,"Value":5100},{"Length":56,"Height":56,"Demand":1,"DemandMax":null,"Value":3136},{"Length":109,"Height":32,"Demand":1,"DemandMax":null,"Value":3488},{"Length":69,"Height":25,"Demand":1,"DemandMax":null,"Value":1725},{"Length":62,"Height":45,"Demand":1,"DemandMax":null,"Value":2790},{"Length":54,"Height":114,"Demand":1,"DemandMax":null,"Value":6156},{"Length":33,"Height":90,"Demand":1,"DemandMax":null,"Value":2970},{"Length":51,"Height":62,"Demand":1,"DemandMax":null,"Value":3162},{"Length":44,"Height":172,"Demand":1,"DemandMax":null,"Value":7568},{"Length":61,"Height":55,"Demand":1,"DemandMax":null,"Value":3355},{"Length":53,"Height":49,"Demand":1,"DemandMax":null,"Value":2597},{"Length":62,"Height":63,"Demand":1,"DemandMax":null,"Value":3906},{"Length":67,"Height":61,"Demand":1,"DemandMax":null,"Value":4087},{"Length":28,"Height":106,"Demand":2,"DemandMax":null,"Value":2968},{"Length":57,"Height":56,"Demand":1,"DemandMax":null,"Value":3192},{"Length":78,"Height":41,"Demand":1,"DemandMax":null,"Value":3198},{"Length":109,"Height":35,"Demand":1,"DemandMax":null,"Value":3815},{"Length":37,"Height":95,"Demand":1,"DemandMax":null,"Value":3515},{"Length":40,"Height":90,"Demand":1,"DemandMax":null,"Value":3600},{"Length":51,"Height":75,"Demand":1,"DemandMax":null,"Value":3825},{"Length":62,"Height":44,"Demand":1,"DemandMax":null,"Value":2728},{"Length":56,"Height":33,"Demand":1,"DemandMax":null,"Value":1848},{"Length":56,"Height":53,"Demand":1,"DemandMax":null,"Value":2968},{"Length":41,"Height":88,"Demand":1,"DemandMax":null,"Value":3608},{"Length":45,"Height":84,"Demand":1,"DemandMax":null,"Value":3780},{"Length":68,"Height":44,"Demand":1,"DemandMax":null,"Value":2992},{"Length":76,"Height":32,"Demand":1,"DemandMax":null,"Value":2432},{"Length":53,"Height":65,"Demand":1,"DemandMax":null,"Value":3445},{"Length":52,"Height":54,"Demand":1,"DemandMax":null,"Value":2808},{"Length":52,"Height":50,"Demand":1,"DemandMax":null,"Value":2600},{"Length":55,"Height":49,"Demand":1,"DemandMax":null,"Value":2695},{"Length":27,"Height":88,"Demand":1,"DemandMax":null,"Value":2376},{"Length":58,"Height":31,"Demand":1,"DemandMax":null,"Value":1798},{"Length":66,"Height":37,"Demand":1,"DemandMax":null,"Value":2442},{"Length":76,"Height":89,"Demand":1,"DemandMax":null,"Value":6764},{"Length":47,"Height":63,"Demand":1,"DemandMax":null,"Value":2961},{"Length":76,"Height":46,"Demand":1,"DemandMax":null,"Value":3496},{"Length":35,"Height":74,"Demand":2,"DemandMax":null,"Value":2590},{"Length":78,"Height":40,"Demand":1,"DemandMax":null,"Value":3120},{"Length":32,"Height":76,"Demand":1,"DemandMax":null,"Value":2432},{"Length":34,"Height":80,"Demand":1,"DemandMax":null,"Value":2720},{"Length":32,"Height":81,"Demand":1,"DemandMax":null,"Value":2592},{"Length":44,"Height":45,"Demand":1,"DemandMax":null,"Value":1980},{"Length":76,"Height":24,"Demand":1,"DemandMax":null,"Value":1824},{"Length":35,"Height":58,"Demand":1,"DemandMax":null,"Value":2030},{"Length":70,"Height":31,"Demand":1,"DemandMax":null,"Value":2170},{"Length":41,"Height":59,"Demand":1,"DemandMax":null,"Value":2419},{"Length":72,"Height":43,"Demand":1,"DemandMax":null,"Value":3096},{"Length":44,"Height":113,"Demand":1,"DemandMax":null,"Value":4972},{"Length":29,"Height":91,"Demand":1,"DemandMax":null,"Value":2639},{"Length":27,"Height":81,"Demand":1,"DemandMax":null,"Value":2187},{"Length":34,"Height":61,"Demand":1,"DemandMax":null,"Value":2074},{"Length":51,"Height":59,"Demand":1,"DemandMax":null,"Value":3009},{"Length":73,"Height":27,"Demand":1,"DemandMax":null,"Value":1971},{"Length":37,"Height":89,"Demand":1,"DemandMax":null,"Value":3293},{"Length":55,"Height":40,"Demand":1,"DemandMax":null,"Value":2200},{"Length":37,"Height":68,"Demand":1,"DemandMax":null,"Value":2516},{"Length":69,"Height":26,"Demand":1,"DemandMax":null,"Value":1794},{"Length":76,"Height":47,"Demand":1,"DemandMax":null,"Value":3572},{"Length":46,"Height":45,"Demand":1,"DemandMax":null,"Value":2070},{"Length":48,"Height":48,"Demand":1,"DemandMax":null,"Value":2304},{"Length":51,"Height":35,"Demand":1,"DemandMax":null,"Value":1785},{"Length":56,"Height":47,"Demand":1,"DemandMax":null,"Value":2632},{"Length":92,"Height":29,"Demand":1,"DemandMax":null,"Value":2668},{"Length":90,"Height":30,"Demand":1,"DemandMax":null,"Value":2700},{"Length":52,"Height":65,"Demand":1,"DemandMax":null,"Value":3380},{"Length":32,"Height":58,"Demand":1,"DemandMax":null,"Value":1856},{"Length":56,"Height":37,"Demand":1,"DemandMax":null,"Value":2072},{"Length":63,"Height":36,"Demand":1,"DemandMax":null,"Value":2268},{"Length":61,"Height":33,"Demand":1,"DemandMax":null,"Value":2013},{"Length":67,"Height":31,"Demand":1,"DemandMax":null,"Value":2077},{"Length":115,"Height":72,"Demand":1,"DemandMax":null,"Value":8280}]}