{"Name":"Path50i2b2","Objects":[{"Length":1000,"Height":405,"Stock":1,"Cost":405000},{"Length":1000,"Height":595,"Stock":5,"Cost":595000}],"Items":[{"Length":225,"Height":405,"Demand":1,"DemandMax":null,"Value":91125},{"Length":91,"Height":342,"Demand":1,"DemandMax":null,"Value":31122},{"Length":170,"Height":385,"Demand":1,"DemandMax":null,"Value":65450},{"Length":348,"Height":308,"Demand":1,"DemandMax":null,"Value":107184},{"Length":23,"Height":37,"Demand":1,"DemandMax":null,"Value":851},{"Length":114,"Height":140,"Demand":1,"DemandMax":null,"Value":15960},{"Length":293,"Height":253,"Demand":1,"DemandMax":null,"Value":74129},{"Length":180,"Height":40,"Demand":1,"DemandMax":null,"Value":7200},{"Length":13,"Height":101,"Demand":1,"DemandMax":null,"Value":1313},{"Length":101,"Height":342,"Demand":1,"DemandMax":null,"Value":34542},{"Length":123,"Height":33,"Demand":1,"DemandMax":null,"Value":4059},{"Length":64,"Height":210,"Demand":1,"DemandMax":null,"Value":13440},{"Length":57,"Height":385,"Demand":1,"DemandMax":null,"Value":21945},{"Length":159,"Height":210,"Demand":1,"DemandMax":null,"Value":33390},{"Length":12,"Height":51,"Demand":1,"DemandMax":null,"Value":612},{"Length":265,"Height":97,"Demand":1,"DemandMax":null,"Value":25705},{"Length":123,"Height":66,"Demand":1,"DemandMax":null,"Value":8118},{"Length":114,"Height":265,"Demand":1,"DemandMax":null,"Value":30210},{"Length":13,"Height":241,"Demand":1,"DemandMax":null,"Value":3133},{"Length":62,"Height":223,"Demand":1,"DemandMax":null,"Value":13826},{"Length":34,"Height":97,"Demand":1,"DemandMax":null,"Value":3298},{"Length":146,"Height":150,"Demand":1,"DemandMax":null,"Value":21900},{"Length":218,"Height":223,"Demand":1,"DemandMax":null,"Value":48614},{"Length":182,"Height":182,"Demand":1,"DemandMax":null,"Value":33124},{"Length":66,"Height":342,"Demand":1,"DemandMax":null,"Value":22572},{"Length":1,"Height":342,"Demand":1,"DemandMax":null,"Value":342},{"Length":92,"Height":178,"Demand":1,"DemandMax":null,"Value":16376},{"Length":93,"Height":210,"Demand":1,"DemandMax":null,"Value":19530},{"Length":6,"Height":3,"Demand":1,"DemandMax":null,"Value":18},{"Length":140,"Height":5,"Demand":1,"DemandMax":null,"Value":700},{"Length":8,"Height":385,"Demand":1,"DemandMax":null,"Value":3080},{"Length":131,"Height":145,"Demand":1,"DemandMax":null,"Value":18995},{"Length":6,"Height":6,"Demand":1,"DemandMax":null,"Value":36},{"Length":6,"Height":385,"Demand":1,"DemandMax":null,"Value":2310},{"Length":31,"Height":178,"Demand":1,"DemandMax":null,"Value":5518},{"Length":140,"Height":4,"Demand":1,"DemandMax":null,"Value":560},{"Length":33,"Height":223,"Demand":1,"DemandMax":null,"Value":7359},{"Length":49,"Height":68,"Demand":1,"DemandMax":null,"Value":3332},{"Length":125,"Height":213,"Demand":1,"DemandMax":null,"Value":26625},{"Length":286,"Height":385,"Demand":1,"DemandMax":null,"Value":110110},{"Length":31,"Height":342,"Demand":1,"DemandMax":null,"Value":10602},{"Length":123,"Height":57,"Demand":1,"DemandMax":null,"Value":7011},{"Length":123,"Height":3,"Demand":1,"DemandMax":null,"Value":369},{"Length":49,"Height":29,"Demand":1,"DemandMax":null,"Value":1421},{"Length":55,"Height":213,"Demand":1,"DemandMax":null,"Value":11715},{"Length":134,"Height":51,"Demand":1,"DemandMax":null,"Value":6834},{"Length":123,"Height":5,"Demand":1,"DemandMax":null,"Value":615},{"Length":108,"Height":37,"Demand":1,"DemandMax":null,"Value":3996},{"Length":65,"Height":210,"Demand":1,"DemandMax":null,"Value":13650},{"Length":47,"Height":342,"Demand":1,"DemandMax":null,"Value":16074}]}