{"Name":"Nice50i2b3","Objects":[{"Length":460,"Height":1000,"Stock":2,"Cost":460000},{"Length":540,"Height":1000,"Stock":5,"Cost":540000}],"Items":[{"Length":97,"Height":155,"Demand":1,"DemandMax":null,"Value":15035},{"Length":122,"Height":370,"Demand":1,"DemandMax":null,"Value":45140},{"Length":128,"Height":123,"Demand":1,"DemandMax":null,"Value":15744},{"Length":134,"Height":115,"Demand":1,"DemandMax":null,"Value":15410},{"Length":121,"Height":143,"Demand":1,"DemandMax":null,"Value":17303},{"Length":226,"Height":118,"Demand":1,"DemandMax":null,"Value":26668},{"Length":138,"Height":57,"Demand":1,"DemandMax":null,"Value":7866},{"Length":86,"Height":327,"Demand":1,"DemandMax":null,"Value":28122},{"Length":234,"Height":116,"Demand":1,"DemandMax":null,"Value":27144},{"Length":268,"Height":122,"Demand":1,"DemandMax":null,"Value":32696},{"Length":251,"Height":67,"Demand":1,"DemandMax":null,"Value":16817},{"Length":226,"Height":112,"Demand":1,"DemandMax":null,"Value":25312},{"Length":129,"Height":118,"Demand":1,"DemandMax":null,"Value":15222},{"Length":234,"Height":95,"Demand":1,"DemandMax":null,"Value":22230},{"Length":72,"Height":211,"Demand":1,"DemandMax":null,"Value":15192},{"Length":111,"Height":138,"Demand":1,"DemandMax":null,"Value":15318},{"Length":71,"Height":267,"Demand":1,"DemandMax":null,"Value":18957},{"Length":268,"Height":83,"Demand":1,"DemandMax":null,"Value":22244},{"Length":151,"Height":135,"Demand":1,"DemandMax":null,"Value":20385},{"Length":108,"Height":144,"Demand":1,"DemandMax":null,"Value":15552},{"Length":89,"Height":196,"Demand":1,"DemandMax":null,"Value":17444},{"Length":72,"Height":267,"Demand":1,"DemandMax":null,"Value":19224},{"Length":138,"Height":181,"Demand":1,"DemandMax":null,"Value":24978},{"Length":134,"Height":190,"Demand":1,"DemandMax":null,"Value":25460},{"Length":151,"Height":170,"Demand":1,"DemandMax":null,"Value":25670},{"Length":144,"Height":123,"Demand":1,"DemandMax":null,"Value":17712},{"Length":251,"Height":88,"Demand":1,"DemandMax":null,"Value":22088},{"Length":234,"Height":96,"Demand":1,"DemandMax":null,"Value":22464},{"Length":106,"Height":139,"Demand":1,"DemandMax":null,"Value":14734},{"Length":162,"Height":98,"Demand":1,"DemandMax":null,"Value":15876},{"Length":112,"Height":155,"Demand":1,"DemandMax":null,"Value":17360},{"Length":268,"Height":91,"Demand":1,"DemandMax":null,"Value":24388},{"Length":121,"Height":162,"Demand":1,"DemandMax":null,"Value":19602},{"Length":118,"Height":144,"Demand":1,"DemandMax":null,"Value":16992},{"Length":148,"Height":96,"Demand":1,"DemandMax":null,"Value":14208},{"Length":148,"Height":101,"Demand":1,"DemandMax":null,"Value":14948},{"Length":120,"Height":149,"Demand":1,"DemandMax":null,"Value":17880},{"Length":106,"Height":194,"Demand":1,"DemandMax":null,"Value":20564},{"Length":115,"Height":138,"Demand":1,"DemandMax":null,"Value":15870},{"Length":77,"Height":196,"Demand":1,"DemandMax":null,"Value":15092},{"Length":148,"Height":130,"Demand":1,"DemandMax":null,"Value":19240},{"Length":129,"Height":149,"Demand":1,"DemandMax":null,"Value":19221},{"Length":120,"Height":184,"Demand":1,"DemandMax":null,"Value":22080},{"Length":268,"Height":69,"Demand":2,"DemandMax":null,"Value":18492},{"Length":102,"Height":196,"Demand":1,"DemandMax":null,"Value":19992},{"Length":162,"Height":113,"Demand":1,"DemandMax":null,"Value":18306},{"Length":146,"Height":80,"Demand":1,"DemandMax":null,"Value":11680},{"Length":146,"Height":290,"Demand":1,"DemandMax":null,"Value":42340},{"Length":138,"Height":67,"Demand":1,"DemandMax":null,"Value":9246}]}