{"Name":"Path100i5b3","Objects":[{"Length":455,"Height":746,"Stock":6,"Cost":339430},{"Length":249,"Height":648,"Stock":5,"Cost":161352},{"Length":751,"Height":254,"Stock":6,"Cost":190754},{"Length":249,"Height":352,"Stock":4,"Cost":87648},{"Length":296,"Height":746,"Stock":1,"Cost":220816}],"Items":[{"Length":248,"Height":241,"Demand":1,"DemandMax":null,"Value":59768},{"Length":249,"Height":165,"Demand":1,"DemandMax":null,"Value":41085},{"Length":48,"Height":19,"Demand":1,"DemandMax":null,"Value":912},{"Length":249,"Height":83,"Demand":1,"DemandMax":null,"Value":20667},{"Length":197,"Height":231,"Demand":1,"DemandMax":null,"Value":45507},{"Length":120,"Height":220,"Demand":1,"DemandMax":null,"Value":26400},{"Length":249,"Height":26,"Demand":1,"DemandMax":null,"Value":6474},{"Length":150,"Height":234,"Demand":1,"DemandMax":null,"Value":35100},{"Length":164,"Height":15,"Demand":1,"DemandMax":null,"Value":2460},{"Length":39,"Height":14,"Demand":1,"DemandMax":null,"Value":546},{"Length":241,"Height":1,"Demand":1,"DemandMax":null,"Value":241},{"Length":138,"Height":234,"Demand":1,"DemandMax":null,"Value":32292},{"Length":10,"Height":28,"Demand":1,"DemandMax":null,"Value":280},{"Length":2,"Height":149,"Demand":2,"DemandMax":null,"Value":298},{"Length":4,"Height":57,"Demand":1,"DemandMax":null,"Value":228},{"Length":1,"Height":3,"Demand":2,"DemandMax":null,"Value":3},{"Length":207,"Height":214,"Demand":1,"DemandMax":null,"Value":44298},{"Length":41,"Height":117,"Demand":1,"DemandMax":null,"Value":4797},{"Length":3,"Height":29,"Demand":1,"DemandMax":null,"Value":87},{"Length":109,"Height":174,"Demand":1,"DemandMax":null,"Value":18966},{"Length":249,"Height":3,"Demand":1,"DemandMax":null,"Value":747},{"Length":6,"Height":113,"Demand":1,"DemandMax":null,"Value":678},{"Length":72,"Height":140,"Demand":1,"DemandMax":null,"Value":10080},{"Length":70,"Height":9,"Demand":1,"DemandMax":null,"Value":630},{"Length":28,"Height":220,"Demand":1,"DemandMax":null,"Value":6160},{"Length":1,"Height":140,"Demand":1,"DemandMax":null,"Value":140},{"Length":244,"Height":3,"Demand":1,"DemandMax":null,"Value":732},{"Length":148,"Height":231,"Demand":1,"DemandMax":null,"Value":34188},{"Length":6,"Height":1,"Demand":1,"DemandMax":null,"Value":6},{"Length":21,"Height":81,"Demand":1,"DemandMax":null,"Value":1701},{"Length":215,"Height":23,"Demand":1,"DemandMax":null,"Value":4945},{"Length":207,"Height":172,"Demand":1,"DemandMax":null,"Value":35604},{"Length":45,"Height":17,"Demand":1,"DemandMax":null,"Value":765},{"Length":99,"Height":220,"Demand":1,"DemandMax":null,"Value":21780},{"Length":4,"Height":36,"Demand":1,"DemandMax":null,"Value":144},{"Length":4,"Height":127,"Demand":1,"DemandMax":null,"Value":508},{"Length":4,"Height":44,"Demand":1,"DemandMax":null,"Value":176},{"Length":30,"Height":31,"Demand":1,"DemandMax":null,"Value":930},{"Length":58,"Height":2,"Demand":1,"DemandMax":null,"Value":116},{"Length":32,"Height":137,"Demand":1,"DemandMax":null,"Value":4384},{"Length":248,"Height":68,"Demand":1,"DemandMax":null,"Value":16864},{"Length":91,"Height":173,"Demand":1,"DemandMax":null,"Value":15743},{"Length":2,"Height":220,"Demand":1,"DemandMax":null,"Value":440},{"Length":106,"Height":15,"Demand":1,"DemandMax":null,"Value":1590},{"Length":248,"Height":229,"Demand":1,"DemandMax":null,"Value":56792},{"Length":244,"Height":219,"Demand":1,"DemandMax":null,"Value":53436},{"Length":42,"Height":29,"Demand":1,"DemandMax":null,"Value":1218},{"Length":248,"Height":1,"Demand":1,"DemandMax":null,"Value":248},{"Length":249,"Height":234,"Demand":1,"DemandMax":null,"Value":58266},{"Length":4,"Height":113,"Demand":1,"DemandMax":null,"Value":452},{"Length":67,"Height":69,"Demand":1,"DemandMax":null,"Value":4623},{"Length":25,"Height":171,"Demand":1,"DemandMax":null,"Value":4275},{"Length":4,"Height":49,"Demand":1,"DemandMax":null,"Value":196},{"Length":14,"Height":21,"Demand":1,"DemandMax":null,"Value":294},{"Length":1,"Height":46,"Demand":2,"DemandMax":null,"Value":46},{"Length":249,"Height":143,"Demand":1,"DemandMax":null,"Value":35607},{"Length":99,"Height":164,"Demand":1,"DemandMax":null,"Value":16236},{"Length":4,"Height":137,"Demand":1,"DemandMax":null,"Value":548},{"Length":207,"Height":111,"Demand":1,"DemandMax":null,"Value":22977},{"Length":138,"Height":15,"Demand":1,"DemandMax":null,"Value":2070},{"Length":3,"Height":50,"Demand":1,"DemandMax":null,"Value":150},{"Length":2,"Height":19,"Demand":1,"DemandMax":null,"Value":38},{"Length":218,"Height":28,"Demand":1,"DemandMax":null,"Value":6104},{"Length":1,"Height":37,"Demand":1,"DemandMax":null,"Value":37},{"Length":99,"Height":59,"Demand":1,"DemandMax":null,"Value":5841},{"Length":207,"Height":78,"Demand":1,"DemandMax":null,"Value":16146},{"Length":108,"Height":122,"Demand":1,"DemandMax":null,"Value":13176},{"Length":3,"Height":81,"Demand":1,"DemandMax":null,"Value":243},{"Length":218,"Height":3,"Demand":1,"DemandMax":null,"Value":654},{"Length":249,"Height":46,"Demand":1,"DemandMax":null,"Value":11454},{"Length":139,"Height":174,"Demand":1,"DemandMax":null,"Value":24186},{"Length":56,"Height":122,"Demand":1,"DemandMax":null,"Value":6832},{"Length":249,"Height":79,"Demand":1,"DemandMax":null,"Value":19671},{"Length":48,"Height":235,"Demand":1,"DemandMax":null,"Value":11280},{"Length":6,"Height":94,"Demand":1,"DemandMax":null,"Value":564},{"Length":99,"Height":4,"Demand":2,"DemandMax":null,"Value":396},{"Length":5,"Height":94,"Demand":1,"DemandMax":null,"Value":470},{"Length":1,"Height":47,"Demand":1,"DemandMax":null,"Value":47},{"Length":241,"Height":3,"Demand":1,"DemandMax":null,"Value":723},{"Length":76,"Height":140,"Demand":1,"DemandMax":null,"Value":10640},{"Length":3,"Height":46,"Demand":1,"DemandMax":null,"Value":138},{"Length":41,"Height":20,"Demand":1,"DemandMax":null,"Value":820},{"Length":67,"Height":162,"Demand":1,"DemandMax":null,"Value":10854},{"Length":70,"Height":131,"Demand":1,"DemandMax":null,"Value":9170},{"Length":182,"Height":171,"Demand":1,"DemandMax":null,"Value":31122},{"Length":2,"Height":18,"Demand":1,"DemandMax":null,"Value":36},{"Length":58,"Height":118,"Demand":1,"DemandMax":null,"Value":6844},{"Length":11,"Height":81,"Demand":1,"DemandMax":null,"Value":891},{"Length":248,"Height":2,"Demand":1,"DemandMax":null,"Value":496},{"Length":153,"Height":173,"Demand":1,"DemandMax":null,"Value":26469},{"Length":244,"Height":63,"Demand":1,"DemandMax":null,"Value":15372},{"Length":58,"Height":20,"Demand":1,"DemandMax":null,"Value":1160},{"Length":249,"Height":1,"Demand":1,"DemandMax":null,"Value":249},{"Length":244,"Height":35,"Demand":1,"DemandMax":null,"Value":8540},{"Length":1,"Height":34,"Demand":1,"DemandMax":null,"Value":34},{"Length":14,"Height":119,"Demand":1,"DemandMax":null,"Value":1666}]}