{"Name":"Nice25i4b4","Objects":[{"Length":494,"Height":458,"Stock":5,"Cost":226252},{"Length":506,"Height":489,"Stock":5,"Cost":247434},{"Length":494,"Height":542,"Stock":6,"Cost":267748},{"Length":506,"Height":511,"Stock":6,"Cost":258566}],"Items":[{"Length":192,"Height":201,"Demand":1,"DemandMax":null,"Value":38592},{"Length":196,"Height":218,"Demand":1,"DemandMax":null,"Value":42728},{"Length":195,"Height":146,"Demand":1,"DemandMax":null,"Value":28470},{"Length":130,"Height":239,"Demand":1,"DemandMax":null,"Value":31070},{"Length":145,"Height":226,"Demand":1,"DemandMax":null,"Value":32770},{"Length":132,"Height":223,"Demand":1,"DemandMax":null,"Value":29436},{"Length":196,"Height":271,"Demand":1,"DemandMax":null,"Value":53116},{"Length":170,"Height":227,"Demand":1,"DemandMax":null,"Value":38590},{"Length":112,"Height":396,"Demand":1,"DemandMax":null,"Value":44352},{"Length":170,"Height":231,"Demand":1,"DemandMax":null,"Value":39270},{"Length":107,"Height":149,"Demand":1,"DemandMax":null,"Value":15943},{"Length":192,"Height":257,"Demand":1,"DemandMax":null,"Value":49344},{"Length":165,"Height":177,"Demand":1,"DemandMax":null,"Value":29205},{"Length":117,"Height":197,"Demand":1,"DemandMax":null,"Value":23049},{"Length":74,"Height":238,"Demand":1,"DemandMax":null,"Value":17612},{"Length":132,"Height":235,"Demand":1,"DemandMax":null,"Value":31020},{"Length":145,"Height":263,"Demand":1,"DemandMax":null,"Value":38135},{"Length":299,"Height":146,"Demand":1,"DemandMax":null,"Value":43654},{"Length":165,"Height":312,"Demand":1,"DemandMax":null,"Value":51480},{"Length":130,"Height":272,"Demand":1,"DemandMax":null,"Value":35360},{"Length":376,"Height":273,"Demand":1,"DemandMax":null,"Value":102648},{"Length":117,"Height":199,"Demand":1,"DemandMax":null,"Value":23283},{"Length":158,"Height":396,"Demand":1,"DemandMax":null,"Value":62568},{"Length":302,"Height":238,"Demand":1,"DemandMax":null,"Value":71876},{"Length":107,"Height":247,"Demand":1,"DemandMax":null,"Value":26429}]}