{"Name":"Path50i5b5","Objects":[{"Length":503,"Height":368,"Stock":4,"Cost":185104},{"Length":497,"Height":599,"Stock":2,"Cost":297703},{"Length":503,"Height":314,"Stock":4,"Cost":157942},{"Length":497,"Height":401,"Stock":5,"Cost":199297},{"Length":503,"Height":318,"Stock":1,"Cost":159954}],"Items":[{"Length":8,"Height":233,"Demand":1,"DemandMax":null,"Value":1864},{"Length":308,"Height":285,"Demand":1,"DemandMax":null,"Value":87780},{"Length":305,"Height":253,"Demand":1,"DemandMax":null,"Value":77165},{"Length":291,"Height":162,"Demand":1,"DemandMax":null,"Value":47142},{"Length":228,"Height":95,"Demand":1,"DemandMax":null,"Value":21660},{"Length":129,"Height":86,"Demand":1,"DemandMax":null,"Value":11094},{"Length":201,"Height":3,"Demand":1,"DemandMax":null,"Value":603},{"Length":37,"Height":95,"Demand":1,"DemandMax":null,"Value":3515},{"Length":198,"Height":111,"Demand":1,"DemandMax":null,"Value":21978},{"Length":305,"Height":90,"Demand":1,"DemandMax":null,"Value":27450},{"Length":189,"Height":285,"Demand":1,"DemandMax":null,"Value":53865},{"Length":243,"Height":56,"Demand":1,"DemandMax":null,"Value":13608},{"Length":275,"Height":182,"Demand":1,"DemandMax":null,"Value":50050},{"Length":6,"Height":57,"Demand":1,"DemandMax":null,"Value":342},{"Length":11,"Height":257,"Demand":1,"DemandMax":null,"Value":2827},{"Length":305,"Height":1,"Demand":2,"DemandMax":null,"Value":305},{"Length":174,"Height":61,"Demand":1,"DemandMax":null,"Value":10614},{"Length":174,"Height":91,"Demand":1,"DemandMax":null,"Value":15834},{"Length":36,"Height":73,"Demand":1,"DemandMax":null,"Value":2628},{"Length":206,"Height":297,"Demand":1,"DemandMax":null,"Value":61182},{"Length":305,"Height":33,"Demand":1,"DemandMax":null,"Value":10065},{"Length":137,"Height":47,"Demand":1,"DemandMax":null,"Value":6439},{"Length":31,"Height":184,"Demand":1,"DemandMax":null,"Value":5704},{"Length":243,"Height":256,"Demand":1,"DemandMax":null,"Value":62208},{"Length":30,"Height":171,"Demand":1,"DemandMax":null,"Value":5130},{"Length":22,"Height":73,"Demand":1,"DemandMax":null,"Value":1606},{"Length":27,"Height":184,"Demand":1,"DemandMax":null,"Value":4968},{"Length":305,"Height":5,"Demand":1,"DemandMax":null,"Value":1525},{"Length":232,"Height":239,"Demand":1,"DemandMax":null,"Value":55448},{"Length":104,"Height":5,"Demand":1,"DemandMax":null,"Value":520},{"Length":2,"Height":57,"Demand":1,"DemandMax":null,"Value":114},{"Length":99,"Height":171,"Demand":1,"DemandMax":null,"Value":16929},{"Length":217,"Height":314,"Demand":1,"DemandMax":null,"Value":68138},{"Length":243,"Height":1,"Demand":2,"DemandMax":null,"Value":243},{"Length":198,"Height":29,"Demand":1,"DemandMax":null,"Value":5742},{"Length":136,"Height":314,"Demand":1,"DemandMax":null,"Value":42704},{"Length":228,"Height":223,"Demand":1,"DemandMax":null,"Value":50844},{"Length":69,"Height":47,"Demand":1,"DemandMax":null,"Value":3243},{"Length":174,"Height":81,"Demand":1,"DemandMax":null,"Value":14094},{"Length":123,"Height":233,"Demand":1,"DemandMax":null,"Value":28659},{"Length":275,"Height":136,"Demand":1,"DemandMax":null,"Value":37400},{"Length":37,"Height":219,"Demand":1,"DemandMax":null,"Value":8103},{"Length":50,"Height":239,"Demand":1,"DemandMax":null,"Value":11950},{"Length":9,"Height":239,"Demand":1,"DemandMax":null,"Value":2151},{"Length":198,"Height":28,"Demand":1,"DemandMax":null,"Value":5544},{"Length":201,"Height":2,"Demand":1,"DemandMax":null,"Value":402},{"Length":62,"Height":314,"Demand":1,"DemandMax":null,"Value":19468},{"Length":305,"Height":61,"Demand":1,"DemandMax":null,"Value":18605}]}