{"Name":"Nice100i3b5","Objects":[{"Length":407,"Height":304,"Stock":3,"Cost":123728},{"Length":593,"Height":1000,"Stock":6,"Cost":593000},{"Length":407,"Height":696,"Stock":2,"Cost":283272}],"Items":[{"Length":84,"Height":117,"Demand":1,"DemandMax":null,"Value":9828},{"Length":110,"Height":63,"Demand":1,"DemandMax":null,"Value":6930},{"Length":176,"Height":48,"Demand":1,"DemandMax":null,"Value":8448},{"Length":50,"Height":152,"Demand":1,"DemandMax":null,"Value":7600},{"Length":116,"Height":172,"Demand":1,"DemandMax":null,"Value":19952},{"Length":87,"Height":82,"Demand":1,"DemandMax":null,"Value":7134},{"Length":84,"Height":134,"Demand":1,"DemandMax":null,"Value":11256},{"Length":87,"Height":120,"Demand":1,"DemandMax":null,"Value":10440},{"Length":57,"Height":188,"Demand":1,"DemandMax":null,"Value":10716},{"Length":51,"Height":152,"Demand":1,"DemandMax":null,"Value":7752},{"Length":54,"Height":203,"Demand":1,"DemandMax":null,"Value":10962},{"Length":66,"Height":166,"Demand":1,"DemandMax":null,"Value":10956},{"Length":57,"Height":112,"Demand":1,"DemandMax":null,"Value":6384},{"Length":141,"Height":72,"Demand":1,"DemandMax":null,"Value":10152},{"Length":98,"Height":69,"Demand":1,"DemandMax":null,"Value":6762},{"Length":62,"Height":146,"Demand":1,"DemandMax":null,"Value":9052},{"Length":196,"Height":152,"Demand":1,"DemandMax":null,"Value":29792},{"Length":58,"Height":196,"Demand":1,"DemandMax":null,"Value":11368},{"Length":115,"Height":71,"Demand":1,"DemandMax":null,"Value":8165},{"Length":47,"Height":154,"Demand":1,"DemandMax":null,"Value":7238},{"Length":77,"Height":115,"Demand":1,"DemandMax":null,"Value":8855},{"Length":74,"Height":148,"Demand":1,"DemandMax":null,"Value":10952},{"Length":176,"Height":47,"Demand":1,"DemandMax":null,"Value":8272},{"Length":116,"Height":80,"Demand":1,"DemandMax":null,"Value":9280},{"Length":173,"Height":51,"Demand":2,"DemandMax":null,"Value":8823},{"Length":100,"Height":115,"Demand":1,"DemandMax":null,"Value":11500},{"Length":59,"Height":107,"Demand":1,"DemandMax":null,"Value":6313},{"Length":173,"Height":54,"Demand":1,"DemandMax":null,"Value":9342},{"Length":67,"Height":130,"Demand":1,"DemandMax":null,"Value":8710},{"Length":61,"Height":124,"Demand":1,"DemandMax":null,"Value":7564},{"Length":75,"Height":86,"Demand":1,"DemandMax":null,"Value":6450},{"Length":77,"Height":105,"Demand":1,"DemandMax":null,"Value":8085},{"Length":83,"Height":103,"Demand":1,"DemandMax":null,"Value":8549},{"Length":90,"Height":78,"Demand":1,"DemandMax":null,"Value":7020},{"Length":46,"Height":184,"Demand":1,"DemandMax":null,"Value":8464},{"Length":136,"Height":68,"Demand":1,"DemandMax":null,"Value":9248},{"Length":64,"Height":184,"Demand":1,"DemandMax":null,"Value":11776},{"Length":95,"Height":86,"Demand":1,"DemandMax":null,"Value":8170},{"Length":83,"Height":101,"Demand":1,"DemandMax":null,"Value":8383},{"Length":93,"Height":86,"Demand":1,"DemandMax":null,"Value":7998},{"Length":79,"Height":141,"Demand":1,"DemandMax":null,"Value":11139},{"Length":147,"Height":49,"Demand":1,"DemandMax":null,"Value":7203},{"Length":207,"Height":111,"Demand":1,"DemandMax":null,"Value":22977},{"Length":72,"Height":146,"Demand":1,"DemandMax":null,"Value":10512},{"Length":83,"Height":115,"Demand":1,"DemandMax":null,"Value":9545},{"Length":62,"Height":101,"Demand":1,"DemandMax":null,"Value":6262},{"Length":116,"Height":54,"Demand":1,"DemandMax":null,"Value":6264},{"Length":54,"Height":184,"Demand":1,"DemandMax":null,"Value":9936},{"Length":176,"Height":54,"Demand":2,"DemandMax":null,"Value":9504},{"Length":55,"Height":184,"Demand":1,"DemandMax":null,"Value":10120},{"Length":95,"Height":103,"Demand":1,"DemandMax":null,"Value":9785},{"Length":83,"Height":120,"Demand":1,"DemandMax":null,"Value":9960},{"Length":77,"Height":82,"Demand":1,"DemandMax":null,"Value":6314},{"Length":54,"Height":161,"Demand":1,"DemandMax":null,"Value":8694},{"Length":136,"Height":78,"Demand":1,"DemandMax":null,"Value":10608},{"Length":59,"Height":119,"Demand":1,"DemandMax":null,"Value":7021},{"Length":115,"Height":124,"Demand":1,"DemandMax":null,"Value":14260},{"Length":96,"Height":98,"Demand":2,"DemandMax":null,"Value":9408},{"Length":84,"Height":84,"Demand":1,"DemandMax":null,"Value":7056},{"Length":83,"Height":130,"Demand":1,"DemandMax":null,"Value":10790},{"Length":93,"Height":67,"Demand":1,"DemandMax":null,"Value":6231},{"Length":95,"Height":115,"Demand":1,"DemandMax":null,"Value":10925},{"Length":77,"Height":126,"Demand":1,"DemandMax":null,"Value":9702},{"Length":106,"Height":82,"Demand":1,"DemandMax":null,"Value":8692},{"Length":65,"Height":152,"Demand":1,"DemandMax":null,"Value":9880},{"Length":90,"Height":140,"Demand":1,"DemandMax":null,"Value":12600},{"Length":57,"Height":114,"Demand":1,"DemandMax":null,"Value":6498},{"Length":62,"Height":102,"Demand":1,"DemandMax":null,"Value":6324},{"Length":51,"Height":184,"Demand":1,"DemandMax":null,"Value":9384},{"Length":41,"Height":161,"Demand":1,"DemandMax":null,"Value":6601},{"Length":87,"Height":88,"Demand":1,"DemandMax":null,"Value":7656},{"Length":110,"Height":98,"Demand":1,"DemandMax":null,"Value":10780},{"Length":116,"Height":90,"Demand":1,"DemandMax":null,"Value":10440},{"Length":131,"Height":115,"Demand":1,"DemandMax":null,"Value":15065},{"Length":133,"Height":69,"Demand":1,"DemandMax":null,"Value":9177},{"Length":84,"Height":166,"Demand":1,"DemandMax":null,"Value":13944},{"Length":115,"Height":119,"Demand":1,"DemandMax":null,"Value":13685},{"Length":147,"Height":85,"Demand":1,"DemandMax":null,"Value":12495},{"Length":87,"Height":96,"Demand":1,"DemandMax":null,"Value":8352},{"Length":141,"Height":78,"Demand":1,"DemandMax":null,"Value":10998},{"Length":65,"Height":161,"Demand":1,"DemandMax":null,"Value":10465},{"Length":75,"Height":176,"Demand":1,"DemandMax":null,"Value":13200},{"Length":128,"Height":141,"Demand":1,"DemandMax":null,"Value":18048},{"Length":75,"Height":90,"Demand":1,"DemandMax":null,"Value":6750},{"Length":93,"Height":68,"Demand":1,"DemandMax":null,"Value":6324},{"Length":116,"Height":82,"Demand":1,"DemandMax":null,"Value":9512},{"Length":116,"Height":122,"Demand":1,"DemandMax":null,"Value":14152},{"Length":84,"Height":103,"Demand":1,"DemandMax":null,"Value":8652},{"Length":102,"Height":71,"Demand":1,"DemandMax":null,"Value":7242},{"Length":46,"Height":154,"Demand":1,"DemandMax":null,"Value":7084},{"Length":58,"Height":188,"Demand":1,"DemandMax":null,"Value":10904},{"Length":77,"Height":116,"Demand":1,"DemandMax":null,"Value":8932},{"Length":77,"Height":152,"Demand":1,"DemandMax":null,"Value":11704},{"Length":102,"Height":77,"Demand":1,"DemandMax":null,"Value":7854},{"Length":173,"Height":98,"Demand":1,"DemandMax":null,"Value":16954},{"Length":48,"Height":154,"Demand":1,"DemandMax":null,"Value":7392},{"Length":207,"Height":124,"Demand":1,"DemandMax":null,"Value":25668}]}