{"Name":"Path50i2b5","Objects":[{"Length":549,"Height":1000,"Stock":3,"Cost":549000},{"Length":451,"Height":1000,"Stock":4,"Cost":451000}],"Items":[{"Length":74,"Height":213,"Demand":1,"DemandMax":null,"Value":15762},{"Length":451,"Height":403,"Demand":1,"DemandMax":null,"Value":181753},{"Length":142,"Height":36,"Demand":1,"DemandMax":null,"Value":5112},{"Length":383,"Height":343,"Demand":1,"DemandMax":null,"Value":131369},{"Length":50,"Height":65,"Demand":1,"DemandMax":null,"Value":3250},{"Length":92,"Height":22,"Demand":1,"DemandMax":null,"Value":2024},{"Length":22,"Height":125,"Demand":1,"DemandMax":null,"Value":2750},{"Length":171,"Height":444,"Demand":1,"DemandMax":null,"Value":75924},{"Length":18,"Height":313,"Demand":1,"DemandMax":null,"Value":5634},{"Length":95,"Height":379,"Demand":1,"DemandMax":null,"Value":36005},{"Length":118,"Height":55,"Demand":1,"DemandMax":null,"Value":6490},{"Length":7,"Height":43,"Demand":1,"DemandMax":null,"Value":301},{"Length":274,"Height":2,"Demand":1,"DemandMax":null,"Value":548},{"Length":166,"Height":321,"Demand":1,"DemandMax":null,"Value":53286},{"Length":36,"Height":2,"Demand":1,"DemandMax":null,"Value":72},{"Length":96,"Height":48,"Demand":1,"DemandMax":null,"Value":4608},{"Length":36,"Height":30,"Demand":1,"DemandMax":null,"Value":1080},{"Length":142,"Height":8,"Demand":2,"DemandMax":null,"Value":1136},{"Length":9,"Height":11,"Demand":1,"DemandMax":null,"Value":99},{"Length":451,"Height":86,"Demand":1,"DemandMax":null,"Value":38786},{"Length":1,"Height":22,"Demand":1,"DemandMax":null,"Value":22},{"Length":142,"Height":173,"Demand":1,"DemandMax":null,"Value":24566},{"Length":216,"Height":5,"Demand":1,"DemandMax":null,"Value":1080},{"Length":142,"Height":115,"Demand":1,"DemandMax":null,"Value":16330},{"Length":10,"Height":43,"Demand":1,"DemandMax":null,"Value":430},{"Length":96,"Height":51,"Demand":1,"DemandMax":null,"Value":4896},{"Length":93,"Height":5,"Demand":1,"DemandMax":null,"Value":465},{"Length":266,"Height":444,"Demand":1,"DemandMax":null,"Value":118104},{"Length":60,"Height":14,"Demand":1,"DemandMax":null,"Value":840},{"Length":9,"Height":54,"Demand":1,"DemandMax":null,"Value":486},{"Length":14,"Height":22,"Demand":1,"DemandMax":null,"Value":308},{"Length":298,"Height":14,"Demand":1,"DemandMax":null,"Value":4172},{"Length":357,"Height":117,"Demand":1,"DemandMax":null,"Value":41769},{"Length":19,"Height":2,"Demand":1,"DemandMax":null,"Value":38},{"Length":36,"Height":32,"Demand":1,"DemandMax":null,"Value":1152},{"Length":7,"Height":14,"Demand":1,"DemandMax":null,"Value":98},{"Length":118,"Height":33,"Demand":1,"DemandMax":null,"Value":3894},{"Length":17,"Height":379,"Demand":1,"DemandMax":null,"Value":6443},{"Length":4,"Height":20,"Demand":1,"DemandMax":null,"Value":80},{"Length":291,"Height":313,"Demand":1,"DemandMax":null,"Value":91083},{"Length":60,"Height":8,"Demand":1,"DemandMax":null,"Value":480},{"Length":36,"Height":1,"Demand":1,"DemandMax":null,"Value":36},{"Length":16,"Height":2,"Demand":1,"DemandMax":null,"Value":32},{"Length":298,"Height":6,"Demand":1,"DemandMax":null,"Value":1788},{"Length":96,"Height":26,"Demand":1,"DemandMax":null,"Value":2496},{"Length":451,"Height":171,"Demand":1,"DemandMax":null,"Value":77121},{"Length":7,"Height":6,"Demand":1,"DemandMax":null,"Value":42},{"Length":357,"Height":96,"Demand":1,"DemandMax":null,"Value":34272},{"Length":16,"Height":22,"Demand":1,"DemandMax":null,"Value":352}]}