{"Name":"Path200i2b5","Objects":[{"Length":1000,"Height":361,"Stock":1,"Cost":361000},{"Length":1000,"Height":639,"Stock":5,"Cost":639000}],"Items":[{"Length":15,"Height":41,"Demand":1,"DemandMax":null,"Value":615},{"Length":115,"Height":11,"Demand":1,"DemandMax":null,"Value":1265},{"Length":269,"Height":58,"Demand":1,"DemandMax":null,"Value":15602},{"Length":15,"Height":2,"Demand":1,"DemandMax":null,"Value":30},{"Length":45,"Height":24,"Demand":1,"DemandMax":null,"Value":1080},{"Length":119,"Height":56,"Demand":1,"DemandMax":null,"Value":6664},{"Length":114,"Height":214,"Demand":1,"DemandMax":null,"Value":24396},{"Length":44,"Height":34,"Demand":1,"DemandMax":null,"Value":1496},{"Length":129,"Height":79,"Demand":1,"DemandMax":null,"Value":10191},{"Length":2,"Height":280,"Demand":1,"DemandMax":null,"Value":560},{"Length":2,"Height":269,"Demand":1,"DemandMax":null,"Value":538},{"Length":40,"Height":127,"Demand":1,"DemandMax":null,"Value":5080},{"Length":63,"Height":38,"Demand":1,"DemandMax":null,"Value":2394},{"Length":120,"Height":212,"Demand":1,"DemandMax":null,"Value":25440},{"Length":148,"Height":45,"Demand":1,"DemandMax":null,"Value":6660},{"Length":5,"Height":95,"Demand":1,"DemandMax":null,"Value":475},{"Length":2,"Height":104,"Demand":2,"DemandMax":null,"Value":208},{"Length":32,"Height":198,"Demand":1,"DemandMax":null,"Value":6336},{"Length":168,"Height":6,"Demand":1,"DemandMax":null,"Value":1008},{"Length":83,"Height":107,"Demand":1,"DemandMax":null,"Value":8881},{"Length":240,"Height":206,"Demand":1,"DemandMax":null,"Value":49440},{"Length":5,"Height":269,"Demand":1,"DemandMax":null,"Value":1345},{"Length":82,"Height":74,"Demand":1,"DemandMax":null,"Value":6068},{"Length":1,"Height":4,"Demand":1,"DemandMax":null,"Value":4},{"Length":146,"Height":4,"Demand":1,"DemandMax":null,"Value":584},{"Length":306,"Height":19,"Demand":1,"DemandMax":null,"Value":5814},{"Length":86,"Height":124,"Demand":1,"DemandMax":null,"Value":10664},{"Length":45,"Height":361,"Demand":1,"DemandMax":null,"Value":16245},{"Length":50,"Height":96,"Demand":1,"DemandMax":null,"Value":4800},{"Length":102,"Height":303,"Demand":1,"DemandMax":null,"Value":30906},{"Length":2,"Height":3,"Demand":3,"DemandMax":null,"Value":6},{"Length":2,"Height":2,"Demand":2,"DemandMax":null,"Value":4},{"Length":25,"Height":2,"Demand":2,"DemandMax":null,"Value":50},{"Length":62,"Height":4,"Demand":1,"DemandMax":null,"Value":248},{"Length":4,"Height":124,"Demand":1,"DemandMax":null,"Value":496},{"Length":3,"Height":4,"Demand":1,"DemandMax":null,"Value":12},{"Length":1,"Height":95,"Demand":1,"DemandMax":null,"Value":95},{"Length":1,"Height":3,"Demand":2,"DemandMax":null,"Value":3},{"Length":11,"Height":23,"Demand":1,"DemandMax":null,"Value":253},{"Length":31,"Height":50,"Demand":1,"DemandMax":null,"Value":1550},{"Length":59,"Height":13,"Demand":1,"DemandMax":null,"Value":767},{"Length":2,"Height":178,"Demand":1,"DemandMax":null,"Value":356},{"Length":2,"Height":1,"Demand":3,"DemandMax":null,"Value":2},{"Length":21,"Height":1,"Demand":1,"DemandMax":null,"Value":21},{"Length":38,"Height":68,"Demand":1,"DemandMax":null,"Value":2584},{"Length":4,"Height":4,"Demand":2,"DemandMax":null,"Value":16},{"Length":1,"Height":1,"Demand":1,"DemandMax":null,"Value":1},{"Length":12,"Height":212,"Demand":1,"DemandMax":null,"Value":2544},{"Length":1,"Height":178,"Demand":3,"DemandMax":null,"Value":178},{"Length":4,"Height":101,"Demand":1,"DemandMax":null,"Value":404},{"Length":63,"Height":5,"Demand":1,"DemandMax":null,"Value":315},{"Length":1,"Height":116,"Demand":2,"DemandMax":null,"Value":116},{"Length":45,"Height":37,"Demand":1,"DemandMax":null,"Value":1665},{"Length":158,"Height":67,"Demand":1,"DemandMax":null,"Value":10586},{"Length":168,"Height":16,"Demand":1,"DemandMax":null,"Value":2688},{"Length":115,"Height":45,"Demand":1,"DemandMax":null,"Value":5175},{"Length":14,"Height":10,"Demand":1,"DemandMax":null,"Value":140},{"Length":6,"Height":280,"Demand":1,"DemandMax":null,"Value":1680},{"Length":43,"Height":252,"Demand":1,"DemandMax":null,"Value":10836},{"Length":146,"Height":155,"Demand":1,"DemandMax":null,"Value":22630},{"Length":7,"Height":269,"Demand":1,"DemandMax":null,"Value":1883},{"Length":47,"Height":58,"Demand":1,"DemandMax":null,"Value":2726},{"Length":61,"Height":12,"Demand":1,"DemandMax":null,"Value":732},{"Length":31,"Height":179,"Demand":1,"DemandMax":null,"Value":5549},{"Length":71,"Height":12,"Demand":1,"DemandMax":null,"Value":852},{"Length":47,"Height":2,"Demand":2,"DemandMax":null,"Value":94},{"Length":22,"Height":74,"Demand":1,"DemandMax":null,"Value":1628},{"Length":5,"Height":1,"Demand":1,"DemandMax":null,"Value":5},{"Length":31,"Height":162,"Demand":1,"DemandMax":null,"Value":5022},{"Length":8,"Height":269,"Demand":1,"DemandMax":null,"Value":2152},{"Length":62,"Height":21,"Demand":1,"DemandMax":null,"Value":1302},{"Length":5,"Height":19,"Demand":1,"DemandMax":null,"Value":95},{"Length":29,"Height":44,"Demand":1,"DemandMax":null,"Value":1276},{"Length":32,"Height":1,"Demand":2,"DemandMax":null,"Value":32},{"Length":30,"Height":2,"Demand":1,"DemandMax":null,"Value":60},{"Length":63,"Height":10,"Demand":1,"DemandMax":null,"Value":630},{"Length":5,"Height":5,"Demand":1,"DemandMax":null,"Value":25},{"Length":38,"Height":27,"Demand":1,"DemandMax":null,"Value":1026},{"Length":59,"Height":105,"Demand":1,"DemandMax":null,"Value":6195},{"Length":12,"Height":37,"Demand":1,"DemandMax":null,"Value":444},{"Length":51,"Height":1,"Demand":1,"DemandMax":null,"Value":51},{"Length":17,"Height":198,"Demand":1,"DemandMax":null,"Value":3366},{"Length":39,"Height":6,"Demand":1,"DemandMax":null,"Value":234},{"Length":32,"Height":6,"Demand":1,"DemandMax":null,"Value":192},{"Length":30,"Height":110,"Demand":1,"DemandMax":null,"Value":3300},{"Length":14,"Height":82,"Demand":1,"DemandMax":null,"Value":1148},{"Length":51,"Height":147,"Demand":1,"DemandMax":null,"Value":7497},{"Length":15,"Height":82,"Demand":1,"DemandMax":null,"Value":1230},{"Length":63,"Height":33,"Demand":1,"DemandMax":null,"Value":2079},{"Length":60,"Height":4,"Demand":1,"DemandMax":null,"Value":240},{"Length":111,"Height":1,"Demand":1,"DemandMax":null,"Value":111},{"Length":168,"Height":337,"Demand":1,"DemandMax":null,"Value":56616},{"Length":63,"Height":2,"Demand":1,"DemandMax":null,"Value":126},{"Length":5,"Height":22,"Demand":1,"DemandMax":null,"Value":110},{"Length":62,"Height":43,"Demand":2,"DemandMax":null,"Value":2666},{"Length":240,"Height":56,"Demand":1,"DemandMax":null,"Value":13440},{"Length":269,"Height":214,"Demand":1,"DemandMax":null,"Value":57566},{"Length":4,"Height":130,"Demand":1,"DemandMax":null,"Value":520},{"Length":1,"Height":26,"Demand":2,"DemandMax":null,"Value":26},{"Length":81,"Height":97,"Demand":1,"DemandMax":null,"Value":7857},{"Length":119,"Height":198,"Demand":1,"DemandMax":null,"Value":23562},{"Length":178,"Height":147,"Demand":1,"DemandMax":null,"Value":26166},{"Length":62,"Height":10,"Demand":1,"DemandMax":null,"Value":620},{"Length":320,"Height":47,"Demand":1,"DemandMax":null,"Value":15040},{"Length":168,"Height":9,"Demand":1,"DemandMax":null,"Value":1512},{"Length":40,"Height":11,"Demand":1,"DemandMax":null,"Value":440},{"Length":1,"Height":158,"Demand":1,"DemandMax":null,"Value":158},{"Length":21,"Height":74,"Demand":1,"DemandMax":null,"Value":1554},{"Length":5,"Height":7,"Demand":1,"DemandMax":null,"Value":35},{"Length":60,"Height":92,"Demand":1,"DemandMax":null,"Value":5520},{"Length":14,"Height":19,"Demand":1,"DemandMax":null,"Value":266},{"Length":11,"Height":129,"Demand":1,"DemandMax":null,"Value":1419},{"Length":121,"Height":2,"Demand":1,"DemandMax":null,"Value":242},{"Length":2,"Height":60,"Demand":1,"DemandMax":null,"Value":120},{"Length":91,"Height":80,"Demand":2,"DemandMax":null,"Value":7280},{"Length":7,"Height":1,"Demand":2,"DemandMax":null,"Value":7},{"Length":320,"Height":129,"Demand":1,"DemandMax":null,"Value":41280},{"Length":1,"Height":105,"Demand":1,"DemandMax":null,"Value":105},{"Length":62,"Height":12,"Demand":1,"DemandMax":null,"Value":744},{"Length":1,"Height":114,"Demand":1,"DemandMax":null,"Value":114},{"Length":32,"Height":95,"Demand":1,"DemandMax":null,"Value":3040},{"Length":62,"Height":41,"Demand":1,"DemandMax":null,"Value":2542},{"Length":87,"Height":114,"Demand":1,"DemandMax":null,"Value":9918},{"Length":137,"Height":303,"Demand":1,"DemandMax":null,"Value":41511},{"Length":14,"Height":65,"Demand":1,"DemandMax":null,"Value":910},{"Length":28,"Height":9,"Demand":1,"DemandMax":null,"Value":252},{"Length":23,"Height":269,"Demand":1,"DemandMax":null,"Value":6187},{"Length":8,"Height":4,"Demand":1,"DemandMax":null,"Value":32},{"Length":5,"Height":13,"Demand":1,"DemandMax":null,"Value":65},{"Length":303,"Height":33,"Demand":1,"DemandMax":null,"Value":9999},{"Length":1,"Height":5,"Demand":1,"DemandMax":null,"Value":5},{"Length":40,"Height":170,"Demand":1,"DemandMax":null,"Value":6800},{"Length":31,"Height":9,"Demand":1,"DemandMax":null,"Value":279},{"Length":1,"Height":10,"Demand":1,"DemandMax":null,"Value":10},{"Length":279,"Height":331,"Demand":1,"DemandMax":null,"Value":92349},{"Length":70,"Height":1,"Demand":2,"DemandMax":null,"Value":70},{"Length":81,"Height":9,"Demand":1,"DemandMax":null,"Value":729},{"Length":63,"Height":8,"Demand":1,"DemandMax":null,"Value":504},{"Length":6,"Height":101,"Demand":1,"DemandMax":null,"Value":606},{"Length":1,"Height":13,"Demand":1,"DemandMax":null,"Value":13},{"Length":62,"Height":9,"Demand":1,"DemandMax":null,"Value":558},{"Length":15,"Height":24,"Demand":1,"DemandMax":null,"Value":360},{"Length":20,"Height":129,"Demand":1,"DemandMax":null,"Value":2580},{"Length":20,"Height":214,"Demand":1,"DemandMax":null,"Value":4280},{"Length":38,"Height":9,"Demand":1,"DemandMax":null,"Value":342},{"Length":62,"Height":77,"Demand":1,"DemandMax":null,"Value":4774},{"Length":53,"Height":40,"Demand":1,"DemandMax":null,"Value":2120},{"Length":4,"Height":361,"Demand":1,"DemandMax":null,"Value":1444},{"Length":16,"Height":80,"Demand":1,"DemandMax":null,"Value":1280},{"Length":2,"Height":41,"Demand":1,"DemandMax":null,"Value":82},{"Length":3,"Height":214,"Demand":1,"DemandMax":null,"Value":642},{"Length":122,"Height":80,"Demand":1,"DemandMax":null,"Value":9760},{"Length":25,"Height":4,"Demand":1,"DemandMax":null,"Value":100},{"Length":8,"Height":2,"Demand":1,"DemandMax":null,"Value":16},{"Length":1,"Height":68,"Demand":1,"DemandMax":null,"Value":68},{"Length":1,"Height":25,"Demand":1,"DemandMax":null,"Value":25},{"Length":81,"Height":2,"Demand":2,"DemandMax":null,"Value":162},{"Length":303,"Height":8,"Demand":1,"DemandMax":null,"Value":2424},{"Length":313,"Height":275,"Demand":1,"DemandMax":null,"Value":86075},{"Length":17,"Height":2,"Demand":1,"DemandMax":null,"Value":34},{"Length":5,"Height":9,"Demand":1,"DemandMax":null,"Value":45},{"Length":26,"Height":2,"Demand":1,"DemandMax":null,"Value":52},{"Length":18,"Height":44,"Demand":1,"DemandMax":null,"Value":792},{"Length":83,"Height":2,"Demand":1,"DemandMax":null,"Value":166},{"Length":83,"Height":78,"Demand":1,"DemandMax":null,"Value":6474},{"Length":9,"Height":214,"Demand":1,"DemandMax":null,"Value":1926},{"Length":62,"Height":17,"Demand":1,"DemandMax":null,"Value":1054},{"Length":83,"Height":105,"Demand":1,"DemandMax":null,"Value":8715},{"Length":40,"Height":95,"Demand":1,"DemandMax":null,"Value":3800},{"Length":194,"Height":56,"Demand":1,"DemandMax":null,"Value":10864},{"Length":123,"Height":24,"Demand":1,"DemandMax":null,"Value":2952},{"Length":1,"Height":84,"Demand":1,"DemandMax":null,"Value":84},{"Length":14,"Height":7,"Demand":1,"DemandMax":null,"Value":98},{"Length":5,"Height":82,"Demand":1,"DemandMax":null,"Value":410},{"Length":4,"Height":1,"Demand":1,"DemandMax":null,"Value":4},{"Length":9,"Height":34,"Demand":1,"DemandMax":null,"Value":306},{"Length":115,"Height":90,"Demand":1,"DemandMax":null,"Value":10350},{"Length":269,"Height":36,"Demand":1,"DemandMax":null,"Value":9684},{"Length":83,"Height":134,"Demand":1,"DemandMax":null,"Value":11122},{"Length":23,"Height":24,"Demand":1,"DemandMax":null,"Value":552}]}