{"Name":"Nice400i6b4","Objects":[{"Length":401,"Height":184,"Stock":5,"Cost":73784},{"Length":599,"Height":153,"Stock":2,"Cost":91647},{"Length":599,"Height":666,"Stock":4,"Cost":398934},{"Length":401,"Height":261,"Stock":5,"Cost":104661},{"Length":599,"Height":181,"Stock":6,"Cost":108419},{"Length":401,"Height":555,"Stock":6,"Cost":222555}],"Items":[{"Length":24,"Height":76,"Demand":2,"DemandMax":null,"Value":1824},{"Length":86,"Height":55,"Demand":1,"DemandMax":null,"Value":4730},{"Length":48,"Height":95,"Demand":1,"DemandMax":null,"Value":4560},{"Length":17,"Height":51,"Demand":2,"DemandMax":null,"Value":867},{"Length":64,"Height":32,"Demand":1,"DemandMax":null,"Value":2048},{"Length":80,"Height":57,"Demand":2,"DemandMax":null,"Value":4560},{"Length":35,"Height":26,"Demand":1,"DemandMax":null,"Value":910},{"Length":50,"Height":90,"Demand":1,"DemandMax":null,"Value":4500},{"Length":40,"Height":84,"Demand":1,"DemandMax":null,"Value":3360},{"Length":42,"Height":46,"Demand":1,"DemandMax":null,"Value":1932},{"Length":57,"Height":83,"Demand":1,"DemandMax":null,"Value":4731},{"Length":28,"Height":32,"Demand":1,"DemandMax":null,"Value":896},{"Length":79,"Height":50,"Demand":1,"DemandMax":null,"Value":3950},{"Length":60,"Height":31,"Demand":2,"DemandMax":null,"Value":1860},{"Length":25,"Height":37,"Demand":1,"DemandMax":null,"Value":925},{"Length":48,"Height":18,"Demand":2,"DemandMax":null,"Value":864},{"Length":49,"Height":37,"Demand":1,"DemandMax":null,"Value":1813},{"Length":66,"Height":19,"Demand":1,"DemandMax":null,"Value":1254},{"Length":24,"Height":77,"Demand":1,"DemandMax":null,"Value":1848},{"Length":126,"Height":37,"Demand":1,"DemandMax":null,"Value":4662},{"Length":33,"Height":47,"Demand":2,"DemandMax":null,"Value":1551},{"Length":40,"Height":66,"Demand":1,"DemandMax":null,"Value":2640},{"Length":45,"Height":44,"Demand":1,"DemandMax":null,"Value":1980},{"Length":49,"Height":90,"Demand":1,"DemandMax":null,"Value":4410},{"Length":52,"Height":27,"Demand":2,"DemandMax":null,"Value":1404},{"Length":69,"Height":55,"Demand":1,"DemandMax":null,"Value":3795},{"Length":50,"Height":86,"Demand":1,"DemandMax":null,"Value":4300},{"Length":86,"Height":98,"Demand":1,"DemandMax":null,"Value":8428},{"Length":73,"Height":49,"Demand":1,"DemandMax":null,"Value":3577},{"Length":83,"Height":50,"Demand":1,"DemandMax":null,"Value":4150},{"Length":23,"Height":88,"Demand":1,"DemandMax":null,"Value":2024},{"Length":78,"Height":51,"Demand":1,"DemandMax":null,"Value":3978},{"Length":62,"Height":77,"Demand":1,"DemandMax":null,"Value":4774},{"Length":39,"Height":21,"Demand":2,"DemandMax":null,"Value":819},{"Length":36,"Height":128,"Demand":1,"DemandMax":null,"Value":4608},{"Length":18,"Height":50,"Demand":1,"DemandMax":null,"Value":900},{"Length":80,"Height":28,"Demand":1,"DemandMax":null,"Value":2240},{"Length":73,"Height":40,"Demand":1,"DemandMax":null,"Value":2920},{"Length":130,"Height":44,"Demand":1,"DemandMax":null,"Value":5720},{"Length":20,"Height":55,"Demand":1,"DemandMax":null,"Value":1100},{"Length":50,"Height":80,"Demand":1,"DemandMax":null,"Value":4000},{"Length":54,"Height":77,"Demand":1,"DemandMax":null,"Value":4158},{"Length":42,"Height":82,"Demand":1,"DemandMax":null,"Value":3444},{"Length":42,"Height":21,"Demand":2,"DemandMax":null,"Value":882},{"Length":77,"Height":47,"Demand":1,"DemandMax":null,"Value":3619},{"Length":117,"Height":38,"Demand":1,"DemandMax":null,"Value":4446},{"Length":69,"Height":20,"Demand":1,"DemandMax":null,"Value":1380},{"Length":62,"Height":40,"Demand":1,"DemandMax":null,"Value":2480},{"Length":48,"Height":42,"Demand":1,"DemandMax":null,"Value":2016},{"Length":27,"Height":72,"Demand":1,"DemandMax":null,"Value":1944},{"Length":34,"Height":57,"Demand":1,"DemandMax":null,"Value":1938},{"Length":27,"Height":36,"Demand":2,"DemandMax":null,"Value":972},{"Length":70,"Height":38,"Demand":1,"DemandMax":null,"Value":2660},{"Length":57,"Height":76,"Demand":2,"DemandMax":null,"Value":4332},{"Length":117,"Height":40,"Demand":1,"DemandMax":null,"Value":4680},{"Length":70,"Height":60,"Demand":1,"DemandMax":null,"Value":4200},{"Length":54,"Height":35,"Demand":2,"DemandMax":null,"Value":1890},{"Length":72,"Height":63,"Demand":1,"DemandMax":null,"Value":4536},{"Length":86,"Height":27,"Demand":1,"DemandMax":null,"Value":2322},{"Length":16,"Height":63,"Demand":1,"DemandMax":null,"Value":1008},{"Length":101,"Height":50,"Demand":1,"DemandMax":null,"Value":5050},{"Length":32,"Height":44,"Demand":1,"DemandMax":null,"Value":1408},{"Length":37,"Height":30,"Demand":1,"DemandMax":null,"Value":1110},{"Length":54,"Height":85,"Demand":1,"DemandMax":null,"Value":4590},{"Length":72,"Height":49,"Demand":1,"DemandMax":null,"Value":3528},{"Length":24,"Height":94,"Demand":1,"DemandMax":null,"Value":2256},{"Length":47,"Height":51,"Demand":1,"DemandMax":null,"Value":2397},{"Length":77,"Height":46,"Demand":1,"DemandMax":null,"Value":3542},{"Length":75,"Height":64,"Demand":1,"DemandMax":null,"Value":4800},{"Length":38,"Height":36,"Demand":1,"DemandMax":null,"Value":1368},{"Length":43,"Height":33,"Demand":1,"DemandMax":null,"Value":1419},{"Length":74,"Height":35,"Demand":1,"DemandMax":null,"Value":2590},{"Length":54,"Height":45,"Demand":1,"DemandMax":null,"Value":2430},{"Length":52,"Height":31,"Demand":2,"DemandMax":null,"Value":1612},{"Length":67,"Height":29,"Demand":1,"DemandMax":null,"Value":1943},{"Length":55,"Height":22,"Demand":1,"DemandMax":null,"Value":1210},{"Length":70,"Height":68,"Demand":1,"DemandMax":null,"Value":4760},{"Length":92,"Height":23,"Demand":2,"DemandMax":null,"Value":2116},{"Length":19,"Height":64,"Demand":1,"DemandMax":null,"Value":1216},{"Length":90,"Height":41,"Demand":1,"DemandMax":null,"Value":3690},{"Length":28,"Height":34,"Demand":1,"DemandMax":null,"Value":952},{"Length":52,"Height":81,"Demand":1,"DemandMax":null,"Value":4212},{"Length":102,"Height":46,"Demand":1,"DemandMax":null,"Value":4692},{"Length":26,"Height":37,"Demand":2,"DemandMax":null,"Value":962},{"Length":44,"Height":24,"Demand":1,"DemandMax":null,"Value":1056},{"Length":45,"Height":48,"Demand":1,"DemandMax":null,"Value":2160},{"Length":21,"Height":76,"Demand":2,"DemandMax":null,"Value":1596},{"Length":70,"Height":102,"Demand":1,"DemandMax":null,"Value":7140},{"Length":35,"Height":70,"Demand":1,"DemandMax":null,"Value":2450},{"Length":17,"Height":62,"Demand":1,"DemandMax":null,"Value":1054},{"Length":81,"Height":24,"Demand":1,"DemandMax":null,"Value":1944},{"Length":78,"Height":52,"Demand":1,"DemandMax":null,"Value":4056},{"Length":34,"Height":41,"Demand":2,"DemandMax":null,"Value":1394},{"Length":39,"Height":71,"Demand":2,"DemandMax":null,"Value":2769},{"Length":78,"Height":43,"Demand":1,"DemandMax":null,"Value":3354},{"Length":59,"Height":77,"Demand":1,"DemandMax":null,"Value":4543},{"Length":59,"Height":19,"Demand":1,"DemandMax":null,"Value":1121},{"Length":43,"Height":56,"Demand":1,"DemandMax":null,"Value":2408},{"Length":106,"Height":37,"Demand":1,"DemandMax":null,"Value":3922},{"Length":101,"Height":26,"Demand":2,"DemandMax":null,"Value":2626},{"Length":78,"Height":34,"Demand":1,"DemandMax":null,"Value":2652},{"Length":36,"Height":48,"Demand":1,"DemandMax":null,"Value":1728},{"Length":39,"Height":63,"Demand":1,"DemandMax":null,"Value":2457},{"Length":58,"Height":97,"Demand":1,"DemandMax":null,"Value":5626},{"Length":40,"Height":27,"Demand":1,"DemandMax":null,"Value":1080},{"Length":38,"Height":42,"Demand":1,"DemandMax":null,"Value":1596},{"Length":25,"Height":94,"Demand":2,"DemandMax":null,"Value":2350},{"Length":70,"Height":69,"Demand":1,"DemandMax":null,"Value":4830},{"Length":42,"Height":55,"Demand":1,"DemandMax":null,"Value":2310},{"Length":20,"Height":50,"Demand":1,"DemandMax":null,"Value":1000},{"Length":28,"Height":36,"Demand":1,"DemandMax":null,"Value":1008},{"Length":44,"Height":40,"Demand":1,"DemandMax":null,"Value":1760},{"Length":111,"Height":44,"Demand":1,"DemandMax":null,"Value":4884},{"Length":55,"Height":95,"Demand":1,"DemandMax":null,"Value":5225},{"Length":72,"Height":36,"Demand":1,"DemandMax":null,"Value":2592},{"Length":62,"Height":30,"Demand":2,"DemandMax":null,"Value":1860},{"Length":50,"Height":48,"Demand":1,"DemandMax":null,"Value":2400},{"Length":76,"Height":74,"Demand":1,"DemandMax":null,"Value":5624},{"Length":92,"Height":86,"Demand":1,"DemandMax":null,"Value":7912},{"Length":81,"Height":32,"Demand":2,"DemandMax":null,"Value":2592},{"Length":54,"Height":25,"Demand":1,"DemandMax":null,"Value":1350},{"Length":85,"Height":55,"Demand":1,"DemandMax":null,"Value":4675},{"Length":18,"Height":47,"Demand":2,"DemandMax":null,"Value":846},{"Length":30,"Height":71,"Demand":1,"DemandMax":null,"Value":2130},{"Length":53,"Height":48,"Demand":2,"DemandMax":null,"Value":2544},{"Length":55,"Height":76,"Demand":1,"DemandMax":null,"Value":4180},{"Length":24,"Height":74,"Demand":1,"DemandMax":null,"Value":1776},{"Length":60,"Height":77,"Demand":1,"DemandMax":null,"Value":4620},{"Length":55,"Height":44,"Demand":1,"DemandMax":null,"Value":2420},{"Length":87,"Height":27,"Demand":1,"DemandMax":null,"Value":2349},{"Length":85,"Height":37,"Demand":1,"DemandMax":null,"Value":3145},{"Length":54,"Height":86,"Demand":1,"DemandMax":null,"Value":4644},{"Length":86,"Height":24,"Demand":1,"DemandMax":null,"Value":2064},{"Length":67,"Height":37,"Demand":1,"DemandMax":null,"Value":2479},{"Length":73,"Height":23,"Demand":1,"DemandMax":null,"Value":1679},{"Length":100,"Height":57,"Demand":1,"DemandMax":null,"Value":5700},{"Length":70,"Height":63,"Demand":1,"DemandMax":null,"Value":4410},{"Length":28,"Height":77,"Demand":1,"DemandMax":null,"Value":2156},{"Length":46,"Height":52,"Demand":1,"DemandMax":null,"Value":2392},{"Length":45,"Height":37,"Demand":1,"DemandMax":null,"Value":1665},{"Length":50,"Height":51,"Demand":1,"DemandMax":null,"Value":2550},{"Length":48,"Height":94,"Demand":1,"DemandMax":null,"Value":4512},{"Length":76,"Height":59,"Demand":1,"DemandMax":null,"Value":4484},{"Length":79,"Height":52,"Demand":1,"DemandMax":null,"Value":4108},{"Length":57,"Height":29,"Demand":1,"DemandMax":null,"Value":1653},{"Length":22,"Height":81,"Demand":1,"DemandMax":null,"Value":1782},{"Length":92,"Height":48,"Demand":1,"DemandMax":null,"Value":4416},{"Length":60,"Height":47,"Demand":1,"DemandMax":null,"Value":2820},{"Length":83,"Height":55,"Demand":1,"DemandMax":null,"Value":4565},{"Length":23,"Height":90,"Demand":1,"DemandMax":null,"Value":2070},{"Length":90,"Height":49,"Demand":1,"DemandMax":null,"Value":4410},{"Length":66,"Height":48,"Demand":1,"DemandMax":null,"Value":3168},{"Length":62,"Height":17,"Demand":1,"DemandMax":null,"Value":1054},{"Length":52,"Height":107,"Demand":1,"DemandMax":null,"Value":5564},{"Length":55,"Height":77,"Demand":1,"DemandMax":null,"Value":4235},{"Length":86,"Height":50,"Demand":1,"DemandMax":null,"Value":4300},{"Length":40,"Height":105,"Demand":1,"DemandMax":null,"Value":4200},{"Length":81,"Height":49,"Demand":1,"DemandMax":null,"Value":3969},{"Length":52,"Height":17,"Demand":1,"DemandMax":null,"Value":884},{"Length":38,"Height":57,"Demand":2,"DemandMax":null,"Value":2166},{"Length":51,"Height":94,"Demand":1,"DemandMax":null,"Value":4794},{"Length":48,"Height":50,"Demand":1,"DemandMax":null,"Value":2400},{"Length":99,"Height":50,"Demand":1,"DemandMax":null,"Value":4950},{"Length":50,"Height":27,"Demand":1,"DemandMax":null,"Value":1350},{"Length":38,"Height":47,"Demand":1,"DemandMax":null,"Value":1786},{"Length":54,"Height":72,"Demand":1,"DemandMax":null,"Value":3888},{"Length":54,"Height":30,"Demand":1,"DemandMax":null,"Value":1620},{"Length":45,"Height":96,"Demand":1,"DemandMax":null,"Value":4320},{"Length":79,"Height":125,"Demand":1,"DemandMax":null,"Value":9875},{"Length":77,"Height":49,"Demand":1,"DemandMax":null,"Value":3773},{"Length":52,"Height":25,"Demand":1,"DemandMax":null,"Value":1300},{"Length":70,"Height":36,"Demand":1,"DemandMax":null,"Value":2520},{"Length":50,"Height":22,"Demand":1,"DemandMax":null,"Value":1100},{"Length":33,"Height":66,"Demand":1,"DemandMax":null,"Value":2178},{"Length":75,"Height":55,"Demand":1,"DemandMax":null,"Value":4125},{"Length":66,"Height":31,"Demand":1,"DemandMax":null,"Value":2046},{"Length":20,"Height":69,"Demand":1,"DemandMax":null,"Value":1380},{"Length":34,"Height":96,"Demand":1,"DemandMax":null,"Value":3264},{"Length":90,"Height":57,"Demand":1,"DemandMax":null,"Value":5130},{"Length":100,"Height":25,"Demand":1,"DemandMax":null,"Value":2500},{"Length":106,"Height":41,"Demand":1,"DemandMax":null,"Value":4346},{"Length":59,"Height":31,"Demand":1,"DemandMax":null,"Value":1829},{"Length":24,"Height":96,"Demand":1,"DemandMax":null,"Value":2304},{"Length":61,"Height":19,"Demand":1,"DemandMax":null,"Value":1159},{"Length":51,"Height":39,"Demand":1,"DemandMax":null,"Value":1989},{"Length":126,"Height":44,"Demand":1,"DemandMax":null,"Value":5544},{"Length":106,"Height":39,"Demand":1,"DemandMax":null,"Value":4134},{"Length":70,"Height":55,"Demand":1,"DemandMax":null,"Value":3850},{"Length":35,"Height":44,"Demand":1,"DemandMax":null,"Value":1540},{"Length":52,"Height":28,"Demand":1,"DemandMax":null,"Value":1456},{"Length":86,"Height":49,"Demand":1,"DemandMax":null,"Value":4214},{"Length":94,"Height":43,"Demand":1,"DemandMax":null,"Value":4042},{"Length":24,"Height":41,"Demand":1,"DemandMax":null,"Value":984},{"Length":42,"Height":83,"Demand":1,"DemandMax":null,"Value":3486},{"Length":81,"Height":45,"Demand":1,"DemandMax":null,"Value":3645},{"Length":28,"Height":40,"Demand":2,"DemandMax":null,"Value":1120},{"Length":33,"Height":25,"Demand":2,"DemandMax":null,"Value":825},{"Length":85,"Height":22,"Demand":1,"DemandMax":null,"Value":1870},{"Length":38,"Height":93,"Demand":1,"DemandMax":null,"Value":3534},{"Length":26,"Height":38,"Demand":1,"DemandMax":null,"Value":988},{"Length":50,"Height":59,"Demand":1,"DemandMax":null,"Value":2950},{"Length":51,"Height":18,"Demand":1,"DemandMax":null,"Value":918},{"Length":45,"Height":127,"Demand":1,"DemandMax":null,"Value":5715},{"Length":50,"Height":61,"Demand":1,"DemandMax":null,"Value":3050},{"Length":21,"Height":42,"Demand":1,"DemandMax":null,"Value":882},{"Length":32,"Height":31,"Demand":1,"DemandMax":null,"Value":992},{"Length":62,"Height":42,"Demand":2,"DemandMax":null,"Value":2604},{"Length":60,"Height":24,"Demand":1,"DemandMax":null,"Value":1440},{"Length":70,"Height":37,"Demand":1,"DemandMax":null,"Value":2590},{"Length":59,"Height":57,"Demand":1,"DemandMax":null,"Value":3363},{"Length":22,"Height":52,"Demand":1,"DemandMax":null,"Value":1144},{"Length":31,"Height":43,"Demand":2,"DemandMax":null,"Value":1333},{"Length":44,"Height":28,"Demand":1,"DemandMax":null,"Value":1232},{"Length":20,"Height":48,"Demand":1,"DemandMax":null,"Value":960},{"Length":24,"Height":58,"Demand":2,"DemandMax":null,"Value":1392},{"Length":28,"Height":92,"Demand":1,"DemandMax":null,"Value":2576},{"Length":49,"Height":20,"Demand":1,"DemandMax":null,"Value":980},{"Length":39,"Height":62,"Demand":1,"DemandMax":null,"Value":2418},{"Length":81,"Height":30,"Demand":1,"DemandMax":null,"Value":2430},{"Length":51,"Height":22,"Demand":1,"DemandMax":null,"Value":1122},{"Length":34,"Height":42,"Demand":1,"DemandMax":null,"Value":1428},{"Length":45,"Height":72,"Demand":1,"DemandMax":null,"Value":3240},{"Length":46,"Height":53,"Demand":1,"DemandMax":null,"Value":2438},{"Length":46,"Height":35,"Demand":2,"DemandMax":null,"Value":1610},{"Length":31,"Height":54,"Demand":1,"DemandMax":null,"Value":1674},{"Length":23,"Height":44,"Demand":1,"DemandMax":null,"Value":1012},{"Length":62,"Height":19,"Demand":1,"DemandMax":null,"Value":1178},{"Length":108,"Height":105,"Demand":1,"DemandMax":null,"Value":11340},{"Length":51,"Height":53,"Demand":1,"DemandMax":null,"Value":2703},{"Length":108,"Height":36,"Demand":1,"DemandMax":null,"Value":3888},{"Length":61,"Height":20,"Demand":1,"DemandMax":null,"Value":1220},{"Length":40,"Height":36,"Demand":1,"DemandMax":null,"Value":1440},{"Length":74,"Height":40,"Demand":1,"DemandMax":null,"Value":2960},{"Length":70,"Height":20,"Demand":2,"DemandMax":null,"Value":1400},{"Length":42,"Height":77,"Demand":1,"DemandMax":null,"Value":3234},{"Length":80,"Height":22,"Demand":1,"DemandMax":null,"Value":1760},{"Length":112,"Height":114,"Demand":1,"DemandMax":null,"Value":12768},{"Length":64,"Height":33,"Demand":1,"DemandMax":null,"Value":2112},{"Length":41,"Height":72,"Demand":1,"DemandMax":null,"Value":2952},{"Length":45,"Height":20,"Demand":1,"DemandMax":null,"Value":900},{"Length":45,"Height":71,"Demand":1,"DemandMax":null,"Value":3195},{"Length":30,"Height":96,"Demand":1,"DemandMax":null,"Value":2880},{"Length":36,"Height":42,"Demand":1,"DemandMax":null,"Value":1512},{"Length":51,"Height":29,"Demand":1,"DemandMax":null,"Value":1479},{"Length":58,"Height":36,"Demand":1,"DemandMax":null,"Value":2088},{"Length":52,"Height":36,"Demand":1,"DemandMax":null,"Value":1872},{"Length":44,"Height":30,"Demand":1,"DemandMax":null,"Value":1320},{"Length":45,"Height":31,"Demand":1,"DemandMax":null,"Value":1395},{"Length":43,"Height":72,"Demand":1,"DemandMax":null,"Value":3096},{"Length":34,"Height":50,"Demand":1,"DemandMax":null,"Value":1700},{"Length":34,"Height":28,"Demand":1,"DemandMax":null,"Value":952},{"Length":29,"Height":74,"Demand":1,"DemandMax":null,"Value":2146},{"Length":86,"Height":31,"Demand":1,"DemandMax":null,"Value":2666},{"Length":55,"Height":27,"Demand":1,"DemandMax":null,"Value":1485},{"Length":38,"Height":37,"Demand":1,"DemandMax":null,"Value":1406},{"Length":29,"Height":94,"Demand":1,"DemandMax":null,"Value":2726},{"Length":49,"Height":36,"Demand":1,"DemandMax":null,"Value":1764},{"Length":44,"Height":41,"Demand":1,"DemandMax":null,"Value":1804},{"Length":52,"Height":33,"Demand":1,"DemandMax":null,"Value":1716},{"Length":56,"Height":27,"Demand":1,"DemandMax":null,"Value":1512},{"Length":18,"Height":54,"Demand":3,"DemandMax":null,"Value":972},{"Length":32,"Height":48,"Demand":1,"DemandMax":null,"Value":1536},{"Length":62,"Height":26,"Demand":1,"DemandMax":null,"Value":1612},{"Length":33,"Height":44,"Demand":1,"DemandMax":null,"Value":1452},{"Length":68,"Height":18,"Demand":1,"DemandMax":null,"Value":1224},{"Length":47,"Height":38,"Demand":1,"DemandMax":null,"Value":1786},{"Length":57,"Height":26,"Demand":1,"DemandMax":null,"Value":1482},{"Length":54,"Height":27,"Demand":1,"DemandMax":null,"Value":1458},{"Length":42,"Height":39,"Demand":1,"DemandMax":null,"Value":1638},{"Length":90,"Height":25,"Demand":1,"DemandMax":null,"Value":2250},{"Length":30,"Height":90,"Demand":1,"DemandMax":null,"Value":2700},{"Length":59,"Height":38,"Demand":2,"DemandMax":null,"Value":2242},{"Length":50,"Height":37,"Demand":1,"DemandMax":null,"Value":1850},{"Length":23,"Height":54,"Demand":1,"DemandMax":null,"Value":1242},{"Length":62,"Height":24,"Demand":1,"DemandMax":null,"Value":1488},{"Length":29,"Height":49,"Demand":1,"DemandMax":null,"Value":1421},{"Length":32,"Height":32,"Demand":1,"DemandMax":null,"Value":1024},{"Length":45,"Height":57,"Demand":2,"DemandMax":null,"Value":2565},{"Length":31,"Height":77,"Demand":1,"DemandMax":null,"Value":2387},{"Length":52,"Height":61,"Demand":1,"DemandMax":null,"Value":3172},{"Length":46,"Height":42,"Demand":1,"DemandMax":null,"Value":1932},{"Length":50,"Height":21,"Demand":1,"DemandMax":null,"Value":1050},{"Length":42,"Height":42,"Demand":1,"DemandMax":null,"Value":1764},{"Length":67,"Height":44,"Demand":1,"DemandMax":null,"Value":2948},{"Length":52,"Height":51,"Demand":1,"DemandMax":null,"Value":2652},{"Length":37,"Height":74,"Demand":1,"DemandMax":null,"Value":2738},{"Length":55,"Height":21,"Demand":1,"DemandMax":null,"Value":1155},{"Length":42,"Height":40,"Demand":1,"DemandMax":null,"Value":1680},{"Length":61,"Height":43,"Demand":1,"DemandMax":null,"Value":2623},{"Length":40,"Height":51,"Demand":1,"DemandMax":null,"Value":2040},{"Length":46,"Height":24,"Demand":1,"DemandMax":null,"Value":1104},{"Length":27,"Height":77,"Demand":1,"DemandMax":null,"Value":2079},{"Length":35,"Height":32,"Demand":1,"DemandMax":null,"Value":1120},{"Length":73,"Height":32,"Demand":1,"DemandMax":null,"Value":2336},{"Length":48,"Height":28,"Demand":1,"DemandMax":null,"Value":1344},{"Length":92,"Height":25,"Demand":1,"DemandMax":null,"Value":2300},{"Length":38,"Height":54,"Demand":1,"DemandMax":null,"Value":2052},{"Length":21,"Height":59,"Demand":2,"DemandMax":null,"Value":1239},{"Length":27,"Height":63,"Demand":1,"DemandMax":null,"Value":1701},{"Length":36,"Height":32,"Demand":1,"DemandMax":null,"Value":1152},{"Length":32,"Height":84,"Demand":1,"DemandMax":null,"Value":2688},{"Length":42,"Height":87,"Demand":1,"DemandMax":null,"Value":3654},{"Length":23,"Height":38,"Demand":1,"DemandMax":null,"Value":874},{"Length":56,"Height":48,"Demand":1,"DemandMax":null,"Value":2688},{"Length":33,"Height":67,"Demand":1,"DemandMax":null,"Value":2211},{"Length":86,"Height":29,"Demand":1,"DemandMax":null,"Value":2494},{"Length":24,"Height":75,"Demand":1,"DemandMax":null,"Value":1800},{"Length":59,"Height":24,"Demand":1,"DemandMax":null,"Value":1416},{"Length":60,"Height":43,"Demand":1,"DemandMax":null,"Value":2580},{"Length":32,"Height":49,"Demand":1,"DemandMax":null,"Value":1568},{"Length":56,"Height":28,"Demand":1,"DemandMax":null,"Value":1568},{"Length":45,"Height":66,"Demand":1,"DemandMax":null,"Value":2970},{"Length":66,"Height":34,"Demand":1,"DemandMax":null,"Value":2244},{"Length":30,"Height":47,"Demand":1,"DemandMax":null,"Value":1410},{"Length":80,"Height":23,"Demand":1,"DemandMax":null,"Value":1840},{"Length":92,"Height":34,"Demand":1,"DemandMax":null,"Value":3128},{"Length":40,"Height":49,"Demand":1,"DemandMax":null,"Value":1960},{"Length":85,"Height":23,"Demand":1,"DemandMax":null,"Value":1955},{"Length":25,"Height":74,"Demand":1,"DemandMax":null,"Value":1850},{"Length":60,"Height":45,"Demand":1,"DemandMax":null,"Value":2700},{"Length":59,"Height":26,"Demand":1,"DemandMax":null,"Value":1534},{"Length":30,"Height":75,"Demand":1,"DemandMax":null,"Value":2250},{"Length":87,"Height":28,"Demand":1,"DemandMax":null,"Value":2436},{"Length":35,"Height":61,"Demand":1,"DemandMax":null,"Value":2135},{"Length":45,"Height":51,"Demand":1,"DemandMax":null,"Value":2295},{"Length":34,"Height":45,"Demand":1,"DemandMax":null,"Value":1530},{"Length":58,"Height":50,"Demand":1,"DemandMax":null,"Value":2900},{"Length":40,"Height":52,"Demand":2,"DemandMax":null,"Value":2080},{"Length":36,"Height":80,"Demand":1,"DemandMax":null,"Value":2880},{"Length":78,"Height":39,"Demand":1,"DemandMax":null,"Value":3042},{"Length":55,"Height":39,"Demand":1,"DemandMax":null,"Value":2145},{"Length":47,"Height":50,"Demand":1,"DemandMax":null,"Value":2350},{"Length":80,"Height":46,"Demand":1,"DemandMax":null,"Value":3680},{"Length":81,"Height":53,"Demand":1,"DemandMax":null,"Value":4293},{"Length":42,"Height":47,"Demand":1,"DemandMax":null,"Value":1974},{"Length":100,"Height":27,"Demand":1,"DemandMax":null,"Value":2700},{"Length":70,"Height":19,"Demand":1,"DemandMax":null,"Value":1330},{"Length":34,"Height":32,"Demand":1,"DemandMax":null,"Value":1088},{"Length":35,"Height":40,"Demand":1,"DemandMax":null,"Value":1400},{"Length":78,"Height":64,"Demand":1,"DemandMax":null,"Value":4992},{"Length":31,"Height":97,"Demand":1,"DemandMax":null,"Value":3007},{"Length":23,"Height":43,"Demand":1,"DemandMax":null,"Value":989},{"Length":70,"Height":23,"Demand":1,"DemandMax":null,"Value":1610},{"Length":34,"Height":47,"Demand":1,"DemandMax":null,"Value":1598},{"Length":57,"Height":37,"Demand":1,"DemandMax":null,"Value":2109},{"Length":66,"Height":27,"Demand":1,"DemandMax":null,"Value":1782},{"Length":53,"Height":64,"Demand":1,"DemandMax":null,"Value":3392},{"Length":50,"Height":26,"Demand":1,"DemandMax":null,"Value":1300},{"Length":52,"Height":60,"Demand":1,"DemandMax":null,"Value":3120},{"Length":70,"Height":27,"Demand":1,"DemandMax":null,"Value":1890},{"Length":53,"Height":51,"Demand":1,"DemandMax":null,"Value":2703},{"Length":51,"Height":34,"Demand":1,"DemandMax":null,"Value":1734},{"Length":55,"Height":25,"Demand":1,"DemandMax":null,"Value":1375},{"Length":61,"Height":58,"Demand":1,"DemandMax":null,"Value":3538},{"Length":23,"Height":50,"Demand":1,"DemandMax":null,"Value":1150},{"Length":66,"Height":26,"Demand":1,"DemandMax":null,"Value":1716},{"Length":43,"Height":36,"Demand":1,"DemandMax":null,"Value":1548},{"Length":25,"Height":60,"Demand":1,"DemandMax":null,"Value":1500},{"Length":24,"Height":43,"Demand":1,"DemandMax":null,"Value":1032},{"Length":47,"Height":40,"Demand":1,"DemandMax":null,"Value":1880},{"Length":22,"Height":62,"Demand":1,"DemandMax":null,"Value":1364},{"Length":48,"Height":48,"Demand":1,"DemandMax":null,"Value":2304}]}