{"Name":"Nice300i2b2","Objects":[{"Length":1000,"Height":254,"Stock":3,"Cost":254000},{"Length":1000,"Height":746,"Stock":3,"Cost":746000}],"Items":[{"Length":89,"Height":23,"Demand":2,"DemandMax":null,"Value":2047},{"Length":49,"Height":41,"Demand":1,"DemandMax":null,"Value":2009},{"Length":33,"Height":53,"Demand":1,"DemandMax":null,"Value":1749},{"Length":71,"Height":78,"Demand":2,"DemandMax":null,"Value":5538},{"Length":71,"Height":42,"Demand":1,"DemandMax":null,"Value":2982},{"Length":25,"Height":75,"Demand":1,"DemandMax":null,"Value":1875},{"Length":54,"Height":39,"Demand":1,"DemandMax":null,"Value":2106},{"Length":151,"Height":41,"Demand":1,"DemandMax":null,"Value":6191},{"Length":73,"Height":84,"Demand":1,"DemandMax":null,"Value":6132},{"Length":37,"Height":129,"Demand":2,"DemandMax":null,"Value":4773},{"Length":51,"Height":46,"Demand":1,"DemandMax":null,"Value":2346},{"Length":27,"Height":65,"Demand":1,"DemandMax":null,"Value":1755},{"Length":40,"Height":43,"Demand":1,"DemandMax":null,"Value":1720},{"Length":77,"Height":88,"Demand":1,"DemandMax":null,"Value":6776},{"Length":153,"Height":44,"Demand":1,"DemandMax":null,"Value":6732},{"Length":43,"Height":52,"Demand":1,"DemandMax":null,"Value":2236},{"Length":77,"Height":57,"Demand":1,"DemandMax":null,"Value":4389},{"Length":26,"Height":79,"Demand":1,"DemandMax":null,"Value":2054},{"Length":91,"Height":60,"Demand":1,"DemandMax":null,"Value":5460},{"Length":75,"Height":22,"Demand":1,"DemandMax":null,"Value":1650},{"Length":177,"Height":45,"Demand":1,"DemandMax":null,"Value":7965},{"Length":47,"Height":36,"Demand":1,"DemandMax":null,"Value":1692},{"Length":35,"Height":49,"Demand":1,"DemandMax":null,"Value":1715},{"Length":76,"Height":27,"Demand":1,"DemandMax":null,"Value":2052},{"Length":86,"Height":23,"Demand":1,"DemandMax":null,"Value":1978},{"Length":39,"Height":153,"Demand":1,"DemandMax":null,"Value":5967},{"Length":50,"Height":39,"Demand":1,"DemandMax":null,"Value":1950},{"Length":33,"Height":48,"Demand":1,"DemandMax":null,"Value":1584},{"Length":51,"Height":31,"Demand":1,"DemandMax":null,"Value":1581},{"Length":42,"Height":52,"Demand":1,"DemandMax":null,"Value":2184},{"Length":39,"Height":42,"Demand":1,"DemandMax":null,"Value":1638},{"Length":116,"Height":38,"Demand":1,"DemandMax":null,"Value":4408},{"Length":31,"Height":113,"Demand":1,"DemandMax":null,"Value":3503},{"Length":45,"Height":35,"Demand":1,"DemandMax":null,"Value":1575},{"Length":74,"Height":30,"Demand":2,"DemandMax":null,"Value":2220},{"Length":78,"Height":28,"Demand":1,"DemandMax":null,"Value":2184},{"Length":73,"Height":26,"Demand":1,"DemandMax":null,"Value":1898},{"Length":167,"Height":43,"Demand":1,"DemandMax":null,"Value":7181},{"Length":32,"Height":105,"Demand":1,"DemandMax":null,"Value":3360},{"Length":53,"Height":87,"Demand":1,"DemandMax":null,"Value":4611},{"Length":74,"Height":91,"Demand":1,"DemandMax":null,"Value":6734},{"Length":42,"Height":48,"Demand":1,"DemandMax":null,"Value":2016},{"Length":70,"Height":44,"Demand":1,"DemandMax":null,"Value":3080},{"Length":81,"Height":45,"Demand":1,"DemandMax":null,"Value":3645},{"Length":43,"Height":51,"Demand":1,"DemandMax":null,"Value":2193},{"Length":89,"Height":33,"Demand":1,"DemandMax":null,"Value":2937},{"Length":71,"Height":59,"Demand":1,"DemandMax":null,"Value":4189},{"Length":50,"Height":128,"Demand":1,"DemandMax":null,"Value":6400},{"Length":75,"Height":27,"Demand":1,"DemandMax":null,"Value":2025},{"Length":45,"Height":44,"Demand":1,"DemandMax":null,"Value":1980},{"Length":47,"Height":38,"Demand":1,"DemandMax":null,"Value":1786},{"Length":37,"Height":115,"Demand":1,"DemandMax":null,"Value":4255},{"Length":77,"Height":28,"Demand":2,"DemandMax":null,"Value":2156},{"Length":41,"Height":40,"Demand":1,"DemandMax":null,"Value":1640},{"Length":37,"Height":44,"Demand":1,"DemandMax":null,"Value":1628},{"Length":49,"Height":47,"Demand":1,"DemandMax":null,"Value":2303},{"Length":27,"Height":69,"Demand":1,"DemandMax":null,"Value":1863},{"Length":101,"Height":46,"Demand":1,"DemandMax":null,"Value":4646},{"Length":52,"Height":60,"Demand":1,"DemandMax":null,"Value":3120},{"Length":77,"Height":22,"Demand":2,"DemandMax":null,"Value":1694},{"Length":83,"Height":58,"Demand":1,"DemandMax":null,"Value":4814},{"Length":37,"Height":59,"Demand":1,"DemandMax":null,"Value":2183},{"Length":36,"Height":47,"Demand":1,"DemandMax":null,"Value":1692},{"Length":78,"Height":29,"Demand":1,"DemandMax":null,"Value":2262},{"Length":93,"Height":55,"Demand":1,"DemandMax":null,"Value":5115},{"Length":69,"Height":47,"Demand":1,"DemandMax":null,"Value":3243},{"Length":34,"Height":123,"Demand":1,"DemandMax":null,"Value":4182},{"Length":81,"Height":34,"Demand":1,"DemandMax":null,"Value":2754},{"Length":42,"Height":119,"Demand":1,"DemandMax":null,"Value":4998},{"Length":64,"Height":105,"Demand":1,"DemandMax":null,"Value":6720},{"Length":83,"Height":24,"Demand":1,"DemandMax":null,"Value":1992},{"Length":39,"Height":116,"Demand":1,"DemandMax":null,"Value":4524},{"Length":45,"Height":38,"Demand":1,"DemandMax":null,"Value":1710},{"Length":56,"Height":116,"Demand":1,"DemandMax":null,"Value":6496},{"Length":94,"Height":25,"Demand":1,"DemandMax":null,"Value":2350},{"Length":47,"Height":102,"Demand":1,"DemandMax":null,"Value":4794},{"Length":59,"Height":37,"Demand":1,"DemandMax":null,"Value":2183},{"Length":54,"Height":54,"Demand":2,"DemandMax":null,"Value":2916},{"Length":41,"Height":151,"Demand":1,"DemandMax":null,"Value":6191},{"Length":37,"Height":54,"Demand":1,"DemandMax":null,"Value":1998},{"Length":100,"Height":35,"Demand":1,"DemandMax":null,"Value":3500},{"Length":31,"Height":107,"Demand":1,"DemandMax":null,"Value":3317},{"Length":65,"Height":87,"Demand":1,"DemandMax":null,"Value":5655},{"Length":64,"Height":25,"Demand":1,"DemandMax":null,"Value":1600},{"Length":35,"Height":131,"Demand":1,"DemandMax":null,"Value":4585},{"Length":53,"Height":41,"Demand":2,"DemandMax":null,"Value":2173},{"Length":44,"Height":45,"Demand":1,"DemandMax":null,"Value":1980},{"Length":39,"Height":57,"Demand":1,"DemandMax":null,"Value":2223},{"Length":41,"Height":54,"Demand":1,"DemandMax":null,"Value":2214},{"Length":58,"Height":36,"Demand":2,"DemandMax":null,"Value":2088},{"Length":28,"Height":66,"Demand":1,"DemandMax":null,"Value":1848},{"Length":101,"Height":71,"Demand":1,"DemandMax":null,"Value":7171},{"Length":67,"Height":55,"Demand":1,"DemandMax":null,"Value":3685},{"Length":35,"Height":136,"Demand":1,"DemandMax":null,"Value":4760},{"Length":22,"Height":78,"Demand":3,"DemandMax":null,"Value":1716},{"Length":65,"Height":31,"Demand":1,"DemandMax":null,"Value":2015},{"Length":42,"Height":88,"Demand":1,"DemandMax":null,"Value":3696},{"Length":38,"Height":61,"Demand":1,"DemandMax":null,"Value":2318},{"Length":44,"Height":40,"Demand":1,"DemandMax":null,"Value":1760},{"Length":43,"Height":48,"Demand":1,"DemandMax":null,"Value":2064},{"Length":29,"Height":66,"Demand":1,"DemandMax":null,"Value":1914},{"Length":38,"Height":48,"Demand":1,"DemandMax":null,"Value":1824},{"Length":28,"Height":78,"Demand":1,"DemandMax":null,"Value":2184},{"Length":49,"Height":80,"Demand":1,"DemandMax":null,"Value":3920},{"Length":53,"Height":73,"Demand":1,"DemandMax":null,"Value":3869},{"Length":30,"Height":65,"Demand":1,"DemandMax":null,"Value":1950},{"Length":86,"Height":57,"Demand":1,"DemandMax":null,"Value":4902},{"Length":70,"Height":78,"Demand":1,"DemandMax":null,"Value":5460},{"Length":33,"Height":125,"Demand":1,"DemandMax":null,"Value":4125},{"Length":34,"Height":51,"Demand":1,"DemandMax":null,"Value":1734},{"Length":43,"Height":57,"Demand":1,"DemandMax":null,"Value":2451},{"Length":64,"Height":32,"Demand":1,"DemandMax":null,"Value":2048},{"Length":151,"Height":47,"Demand":1,"DemandMax":null,"Value":7097},{"Length":65,"Height":81,"Demand":1,"DemandMax":null,"Value":5265},{"Length":49,"Height":92,"Demand":1,"DemandMax":null,"Value":4508},{"Length":35,"Height":56,"Demand":1,"DemandMax":null,"Value":1960},{"Length":73,"Height":59,"Demand":1,"DemandMax":null,"Value":4307},{"Length":38,"Height":55,"Demand":1,"DemandMax":null,"Value":2090},{"Length":46,"Height":136,"Demand":1,"DemandMax":null,"Value":6256},{"Length":45,"Height":48,"Demand":2,"DemandMax":null,"Value":2160},{"Length":89,"Height":47,"Demand":2,"DemandMax":null,"Value":4183},{"Length":81,"Height":59,"Demand":1,"DemandMax":null,"Value":4779},{"Length":51,"Height":47,"Demand":1,"DemandMax":null,"Value":2397},{"Length":53,"Height":108,"Demand":1,"DemandMax":null,"Value":5724},{"Length":112,"Height":37,"Demand":1,"DemandMax":null,"Value":4144},{"Length":54,"Height":37,"Demand":1,"DemandMax":null,"Value":1998},{"Length":74,"Height":34,"Demand":1,"DemandMax":null,"Value":2516},{"Length":48,"Height":113,"Demand":1,"DemandMax":null,"Value":5424},{"Length":48,"Height":87,"Demand":1,"DemandMax":null,"Value":4176},{"Length":28,"Height":71,"Demand":1,"DemandMax":null,"Value":1988},{"Length":59,"Height":35,"Demand":1,"DemandMax":null,"Value":2065},{"Length":32,"Height":70,"Demand":1,"DemandMax":null,"Value":2240},{"Length":95,"Height":27,"Demand":1,"DemandMax":null,"Value":2565},{"Length":141,"Height":42,"Demand":1,"DemandMax":null,"Value":5922},{"Length":65,"Height":36,"Demand":1,"DemandMax":null,"Value":2340},{"Length":77,"Height":27,"Demand":1,"DemandMax":null,"Value":2079},{"Length":78,"Height":40,"Demand":1,"DemandMax":null,"Value":3120},{"Length":58,"Height":43,"Demand":1,"DemandMax":null,"Value":2494},{"Length":57,"Height":184,"Demand":1,"DemandMax":null,"Value":10488},{"Length":112,"Height":44,"Demand":1,"DemandMax":null,"Value":4928},{"Length":38,"Height":123,"Demand":1,"DemandMax":null,"Value":4674},{"Length":94,"Height":96,"Demand":1,"DemandMax":null,"Value":9024},{"Length":53,"Height":85,"Demand":1,"DemandMax":null,"Value":4505},{"Length":55,"Height":33,"Demand":1,"DemandMax":null,"Value":1815},{"Length":53,"Height":47,"Demand":1,"DemandMax":null,"Value":2491},{"Length":35,"Height":58,"Demand":1,"DemandMax":null,"Value":2030},{"Length":91,"Height":48,"Demand":1,"DemandMax":null,"Value":4368},{"Length":120,"Height":36,"Demand":1,"DemandMax":null,"Value":4320},{"Length":55,"Height":199,"Demand":1,"DemandMax":null,"Value":10945},{"Length":90,"Height":57,"Demand":1,"DemandMax":null,"Value":5130},{"Length":44,"Height":100,"Demand":1,"DemandMax":null,"Value":4400},{"Length":71,"Height":29,"Demand":1,"DemandMax":null,"Value":2059},{"Length":54,"Height":36,"Demand":1,"DemandMax":null,"Value":1944},{"Length":86,"Height":66,"Demand":1,"DemandMax":null,"Value":5676},{"Length":51,"Height":40,"Demand":1,"DemandMax":null,"Value":2040},{"Length":72,"Height":49,"Demand":1,"DemandMax":null,"Value":3528},{"Length":51,"Height":82,"Demand":1,"DemandMax":null,"Value":4182},{"Length":64,"Height":149,"Demand":1,"DemandMax":null,"Value":9536},{"Length":99,"Height":27,"Demand":1,"DemandMax":null,"Value":2673},{"Length":31,"Height":51,"Demand":1,"DemandMax":null,"Value":1581},{"Length":44,"Height":42,"Demand":1,"DemandMax":null,"Value":1848},{"Length":51,"Height":34,"Demand":1,"DemandMax":null,"Value":1734},{"Length":22,"Height":88,"Demand":2,"DemandMax":null,"Value":1936},{"Length":40,"Height":100,"Demand":1,"DemandMax":null,"Value":4000},{"Length":89,"Height":41,"Demand":1,"DemandMax":null,"Value":3649},{"Length":182,"Height":119,"Demand":1,"DemandMax":null,"Value":21658},{"Length":71,"Height":70,"Demand":1,"DemandMax":null,"Value":4970},{"Length":34,"Height":113,"Demand":1,"DemandMax":null,"Value":3842},{"Length":83,"Height":45,"Demand":1,"DemandMax":null,"Value":3735},{"Length":53,"Height":39,"Demand":1,"DemandMax":null,"Value":2067},{"Length":45,"Height":90,"Demand":1,"DemandMax":null,"Value":4050},{"Length":133,"Height":40,"Demand":2,"DemandMax":null,"Value":5320},{"Length":41,"Height":66,"Demand":1,"DemandMax":null,"Value":2706},{"Length":100,"Height":36,"Demand":1,"DemandMax":null,"Value":3600},{"Length":39,"Height":47,"Demand":3,"DemandMax":null,"Value":1833},{"Length":46,"Height":130,"Demand":1,"DemandMax":null,"Value":5980},{"Length":50,"Height":43,"Demand":1,"DemandMax":null,"Value":2150},{"Length":38,"Height":76,"Demand":1,"DemandMax":null,"Value":2888},{"Length":54,"Height":40,"Demand":1,"DemandMax":null,"Value":2160},{"Length":63,"Height":41,"Demand":1,"DemandMax":null,"Value":2583},{"Length":63,"Height":54,"Demand":1,"DemandMax":null,"Value":3402},{"Length":99,"Height":25,"Demand":1,"DemandMax":null,"Value":2475},{"Length":57,"Height":66,"Demand":1,"DemandMax":null,"Value":3762},{"Length":58,"Height":59,"Demand":1,"DemandMax":null,"Value":3422},{"Length":45,"Height":45,"Demand":1,"DemandMax":null,"Value":2025},{"Length":52,"Height":52,"Demand":2,"DemandMax":null,"Value":2704},{"Length":61,"Height":35,"Demand":1,"DemandMax":null,"Value":2135},{"Length":35,"Height":65,"Demand":1,"DemandMax":null,"Value":2275},{"Length":38,"Height":70,"Demand":1,"DemandMax":null,"Value":2660},{"Length":65,"Height":56,"Demand":1,"DemandMax":null,"Value":3640},{"Length":65,"Height":61,"Demand":1,"DemandMax":null,"Value":3965},{"Length":21,"Height":78,"Demand":1,"DemandMax":null,"Value":1638},{"Length":75,"Height":28,"Demand":2,"DemandMax":null,"Value":2100},{"Length":45,"Height":52,"Demand":1,"DemandMax":null,"Value":2340},{"Length":49,"Height":78,"Demand":1,"DemandMax":null,"Value":3822},{"Length":44,"Height":64,"Demand":1,"DemandMax":null,"Value":2816},{"Length":54,"Height":74,"Demand":1,"DemandMax":null,"Value":3996},{"Length":65,"Height":48,"Demand":1,"DemandMax":null,"Value":3120},{"Length":43,"Height":66,"Demand":1,"DemandMax":null,"Value":2838},{"Length":77,"Height":25,"Demand":1,"DemandMax":null,"Value":1925},{"Length":54,"Height":97,"Demand":1,"DemandMax":null,"Value":5238},{"Length":74,"Height":27,"Demand":1,"DemandMax":null,"Value":1998},{"Length":97,"Height":44,"Demand":1,"DemandMax":null,"Value":4268},{"Length":67,"Height":144,"Demand":1,"DemandMax":null,"Value":9648},{"Length":76,"Height":32,"Demand":1,"DemandMax":null,"Value":2432},{"Length":86,"Height":69,"Demand":1,"DemandMax":null,"Value":5934},{"Length":69,"Height":38,"Demand":1,"DemandMax":null,"Value":2622},{"Length":37,"Height":66,"Demand":1,"DemandMax":null,"Value":2442},{"Length":47,"Height":65,"Demand":1,"DemandMax":null,"Value":3055},{"Length":44,"Height":48,"Demand":2,"DemandMax":null,"Value":2112},{"Length":41,"Height":51,"Demand":1,"DemandMax":null,"Value":2091},{"Length":25,"Height":63,"Demand":1,"DemandMax":null,"Value":1575},{"Length":46,"Height":42,"Demand":1,"DemandMax":null,"Value":1932},{"Length":39,"Height":48,"Demand":1,"DemandMax":null,"Value":1872},{"Length":42,"Height":59,"Demand":1,"DemandMax":null,"Value":2478},{"Length":69,"Height":49,"Demand":1,"DemandMax":null,"Value":3381},{"Length":37,"Height":84,"Demand":1,"DemandMax":null,"Value":3108},{"Length":55,"Height":42,"Demand":1,"DemandMax":null,"Value":2310},{"Length":51,"Height":66,"Demand":1,"DemandMax":null,"Value":3366},{"Length":24,"Height":79,"Demand":1,"DemandMax":null,"Value":1896},{"Length":59,"Height":43,"Demand":1,"DemandMax":null,"Value":2537},{"Length":48,"Height":40,"Demand":1,"DemandMax":null,"Value":1920},{"Length":34,"Height":72,"Demand":1,"DemandMax":null,"Value":2448},{"Length":51,"Height":49,"Demand":1,"DemandMax":null,"Value":2499},{"Length":31,"Height":79,"Demand":1,"DemandMax":null,"Value":2449},{"Length":45,"Height":81,"Demand":1,"DemandMax":null,"Value":3645},{"Length":46,"Height":66,"Demand":1,"DemandMax":null,"Value":3036},{"Length":52,"Height":69,"Demand":1,"DemandMax":null,"Value":3588},{"Length":47,"Height":45,"Demand":1,"DemandMax":null,"Value":2115},{"Length":66,"Height":40,"Demand":1,"DemandMax":null,"Value":2640},{"Length":77,"Height":26,"Demand":1,"DemandMax":null,"Value":2002},{"Length":63,"Height":65,"Demand":1,"DemandMax":null,"Value":4095},{"Length":43,"Height":62,"Demand":1,"DemandMax":null,"Value":2666},{"Length":74,"Height":67,"Demand":1,"DemandMax":null,"Value":4958},{"Length":54,"Height":41,"Demand":1,"DemandMax":null,"Value":2214},{"Length":54,"Height":42,"Demand":1,"DemandMax":null,"Value":2268},{"Length":51,"Height":56,"Demand":1,"DemandMax":null,"Value":2856},{"Length":75,"Height":38,"Demand":1,"DemandMax":null,"Value":2850},{"Length":64,"Height":39,"Demand":1,"DemandMax":null,"Value":2496},{"Length":71,"Height":31,"Demand":1,"DemandMax":null,"Value":2201},{"Length":38,"Height":69,"Demand":1,"DemandMax":null,"Value":2622},{"Length":78,"Height":88,"Demand":1,"DemandMax":null,"Value":6864},{"Length":23,"Height":78,"Demand":2,"DemandMax":null,"Value":1794},{"Length":81,"Height":35,"Demand":1,"DemandMax":null,"Value":2835},{"Length":55,"Height":29,"Demand":1,"DemandMax":null,"Value":1595},{"Length":40,"Height":71,"Demand":1,"DemandMax":null,"Value":2840},{"Length":92,"Height":41,"Demand":1,"DemandMax":null,"Value":3772},{"Length":94,"Height":30,"Demand":1,"DemandMax":null,"Value":2820},{"Length":33,"Height":72,"Demand":1,"DemandMax":null,"Value":2376},{"Length":47,"Height":51,"Demand":1,"DemandMax":null,"Value":2397},{"Length":39,"Height":99,"Demand":1,"DemandMax":null,"Value":3861},{"Length":30,"Height":75,"Demand":1,"DemandMax":null,"Value":2250},{"Length":38,"Height":67,"Demand":1,"DemandMax":null,"Value":2546},{"Length":77,"Height":35,"Demand":1,"DemandMax":null,"Value":2695},{"Length":98,"Height":48,"Demand":1,"DemandMax":null,"Value":4704},{"Length":45,"Height":36,"Demand":1,"DemandMax":null,"Value":1620},{"Length":33,"Height":107,"Demand":1,"DemandMax":null,"Value":3531},{"Length":73,"Height":33,"Demand":1,"DemandMax":null,"Value":2409},{"Length":47,"Height":42,"Demand":1,"DemandMax":null,"Value":1974},{"Length":28,"Height":63,"Demand":1,"DemandMax":null,"Value":1764},{"Length":95,"Height":28,"Demand":1,"DemandMax":null,"Value":2660},{"Length":35,"Height":51,"Demand":1,"DemandMax":null,"Value":1785},{"Length":84,"Height":184,"Demand":1,"DemandMax":null,"Value":15456},{"Length":51,"Height":68,"Demand":1,"DemandMax":null,"Value":3468},{"Length":51,"Height":59,"Demand":1,"DemandMax":null,"Value":3009},{"Length":78,"Height":59,"Demand":1,"DemandMax":null,"Value":4602},{"Length":78,"Height":60,"Demand":1,"DemandMax":null,"Value":4680},{"Length":62,"Height":36,"Demand":1,"DemandMax":null,"Value":2232},{"Length":37,"Height":60,"Demand":1,"DemandMax":null,"Value":2220},{"Length":61,"Height":37,"Demand":1,"DemandMax":null,"Value":2257},{"Length":83,"Height":43,"Demand":1,"DemandMax":null,"Value":3569},{"Length":79,"Height":54,"Demand":1,"DemandMax":null,"Value":4266},{"Length":38,"Height":62,"Demand":1,"DemandMax":null,"Value":2356},{"Length":40,"Height":56,"Demand":1,"DemandMax":null,"Value":2240},{"Length":64,"Height":33,"Demand":1,"DemandMax":null,"Value":2112},{"Length":77,"Height":33,"Demand":1,"DemandMax":null,"Value":2541},{"Length":45,"Height":53,"Demand":1,"DemandMax":null,"Value":2385},{"Length":55,"Height":35,"Demand":1,"DemandMax":null,"Value":1925},{"Length":53,"Height":130,"Demand":1,"DemandMax":null,"Value":6890}]}