{"Name":"Nice500i2b1","Objects":[{"Length":1000,"Height":386,"Stock":5,"Cost":386000},{"Length":1000,"Height":614,"Stock":6,"Cost":614000}],"Items":[{"Length":29,"Height":45,"Demand":1,"DemandMax":null,"Value":1305},{"Length":23,"Height":85,"Demand":1,"DemandMax":null,"Value":1955},{"Length":26,"Height":59,"Demand":1,"DemandMax":null,"Value":1534},{"Length":45,"Height":25,"Demand":1,"DemandMax":null,"Value":1125},{"Length":35,"Height":31,"Demand":1,"DemandMax":null,"Value":1085},{"Length":48,"Height":31,"Demand":2,"DemandMax":null,"Value":1488},{"Length":78,"Height":34,"Demand":1,"DemandMax":null,"Value":2652},{"Length":101,"Height":28,"Demand":1,"DemandMax":null,"Value":2828},{"Length":23,"Height":74,"Demand":1,"DemandMax":null,"Value":1702},{"Length":39,"Height":35,"Demand":1,"DemandMax":null,"Value":1365},{"Length":47,"Height":52,"Demand":2,"DemandMax":null,"Value":2444},{"Length":106,"Height":38,"Demand":2,"DemandMax":null,"Value":4028},{"Length":53,"Height":97,"Demand":1,"DemandMax":null,"Value":5141},{"Length":59,"Height":47,"Demand":1,"DemandMax":null,"Value":2773},{"Length":34,"Height":32,"Demand":3,"DemandMax":null,"Value":1088},{"Length":76,"Height":24,"Demand":1,"DemandMax":null,"Value":1824},{"Length":55,"Height":73,"Demand":1,"DemandMax":null,"Value":4015},{"Length":76,"Height":22,"Demand":2,"DemandMax":null,"Value":1672},{"Length":69,"Height":58,"Demand":2,"DemandMax":null,"Value":4002},{"Length":70,"Height":57,"Demand":2,"DemandMax":null,"Value":3990},{"Length":54,"Height":34,"Demand":1,"DemandMax":null,"Value":1836},{"Length":60,"Height":99,"Demand":1,"DemandMax":null,"Value":5940},{"Length":23,"Height":44,"Demand":1,"DemandMax":null,"Value":1012},{"Length":81,"Height":21,"Demand":1,"DemandMax":null,"Value":1701},{"Length":41,"Height":29,"Demand":1,"DemandMax":null,"Value":1189},{"Length":71,"Height":21,"Demand":1,"DemandMax":null,"Value":1491},{"Length":28,"Height":51,"Demand":1,"DemandMax":null,"Value":1428},{"Length":43,"Height":38,"Demand":1,"DemandMax":null,"Value":1634},{"Length":28,"Height":86,"Demand":1,"DemandMax":null,"Value":2408},{"Length":61,"Height":23,"Demand":1,"DemandMax":null,"Value":1403},{"Length":44,"Height":26,"Demand":1,"DemandMax":null,"Value":1144},{"Length":44,"Height":24,"Demand":1,"DemandMax":null,"Value":1056},{"Length":99,"Height":66,"Demand":1,"DemandMax":null,"Value":6534},{"Length":34,"Height":57,"Demand":1,"DemandMax":null,"Value":1938},{"Length":31,"Height":82,"Demand":1,"DemandMax":null,"Value":2542},{"Length":92,"Height":23,"Demand":1,"DemandMax":null,"Value":2116},{"Length":47,"Height":42,"Demand":1,"DemandMax":null,"Value":1974},{"Length":23,"Height":42,"Demand":3,"DemandMax":null,"Value":966},{"Length":66,"Height":18,"Demand":1,"DemandMax":null,"Value":1188},{"Length":41,"Height":98,"Demand":1,"DemandMax":null,"Value":4018},{"Length":38,"Height":73,"Demand":1,"DemandMax":null,"Value":2774},{"Length":43,"Height":31,"Demand":1,"DemandMax":null,"Value":1333},{"Length":66,"Height":25,"Demand":1,"DemandMax":null,"Value":1650},{"Length":46,"Height":28,"Demand":1,"DemandMax":null,"Value":1288},{"Length":37,"Height":48,"Demand":2,"DemandMax":null,"Value":1776},{"Length":37,"Height":29,"Demand":3,"DemandMax":null,"Value":1073},{"Length":43,"Height":48,"Demand":1,"DemandMax":null,"Value":2064},{"Length":37,"Height":28,"Demand":2,"DemandMax":null,"Value":1036},{"Length":33,"Height":32,"Demand":1,"DemandMax":null,"Value":1056},{"Length":56,"Height":23,"Demand":2,"DemandMax":null,"Value":1288},{"Length":37,"Height":143,"Demand":1,"DemandMax":null,"Value":5291},{"Length":67,"Height":60,"Demand":1,"DemandMax":null,"Value":4020},{"Length":50,"Height":34,"Demand":1,"DemandMax":null,"Value":1700},{"Length":54,"Height":61,"Demand":1,"DemandMax":null,"Value":3294},{"Length":32,"Height":55,"Demand":1,"DemandMax":null,"Value":1760},{"Length":72,"Height":21,"Demand":1,"DemandMax":null,"Value":1512},{"Length":44,"Height":27,"Demand":1,"DemandMax":null,"Value":1188},{"Length":117,"Height":49,"Demand":1,"DemandMax":null,"Value":5733},{"Length":26,"Height":38,"Demand":2,"DemandMax":null,"Value":988},{"Length":60,"Height":21,"Demand":1,"DemandMax":null,"Value":1260},{"Length":24,"Height":49,"Demand":1,"DemandMax":null,"Value":1176},{"Length":36,"Height":48,"Demand":1,"DemandMax":null,"Value":1728},{"Length":39,"Height":49,"Demand":1,"DemandMax":null,"Value":1911},{"Length":104,"Height":26,"Demand":1,"DemandMax":null,"Value":2704},{"Length":59,"Height":28,"Demand":1,"DemandMax":null,"Value":1652},{"Length":22,"Height":69,"Demand":1,"DemandMax":null,"Value":1518},{"Length":25,"Height":87,"Demand":1,"DemandMax":null,"Value":2175},{"Length":23,"Height":80,"Demand":1,"DemandMax":null,"Value":1840},{"Length":27,"Height":56,"Demand":1,"DemandMax":null,"Value":1512},{"Length":37,"Height":45,"Demand":2,"DemandMax":null,"Value":1665},{"Length":30,"Height":66,"Demand":1,"DemandMax":null,"Value":1980},{"Length":41,"Height":49,"Demand":1,"DemandMax":null,"Value":2009},{"Length":79,"Height":23,"Demand":1,"DemandMax":null,"Value":1817},{"Length":39,"Height":27,"Demand":4,"DemandMax":null,"Value":1053},{"Length":75,"Height":73,"Demand":1,"DemandMax":null,"Value":5475},{"Length":27,"Height":42,"Demand":1,"DemandMax":null,"Value":1134},{"Length":22,"Height":81,"Demand":1,"DemandMax":null,"Value":1782},{"Length":48,"Height":110,"Demand":1,"DemandMax":null,"Value":5280},{"Length":82,"Height":32,"Demand":1,"DemandMax":null,"Value":2624},{"Length":57,"Height":88,"Demand":1,"DemandMax":null,"Value":5016},{"Length":63,"Height":16,"Demand":1,"DemandMax":null,"Value":1008},{"Length":28,"Height":45,"Demand":2,"DemandMax":null,"Value":1260},{"Length":126,"Height":52,"Demand":1,"DemandMax":null,"Value":6552},{"Length":46,"Height":32,"Demand":1,"DemandMax":null,"Value":1472},{"Length":65,"Height":26,"Demand":1,"DemandMax":null,"Value":1690},{"Length":37,"Height":56,"Demand":1,"DemandMax":null,"Value":2072},{"Length":86,"Height":31,"Demand":1,"DemandMax":null,"Value":2666},{"Length":77,"Height":37,"Demand":1,"DemandMax":null,"Value":2849},{"Length":43,"Height":28,"Demand":4,"DemandMax":null,"Value":1204},{"Length":42,"Height":37,"Demand":2,"DemandMax":null,"Value":1554},{"Length":23,"Height":47,"Demand":2,"DemandMax":null,"Value":1081},{"Length":47,"Height":154,"Demand":1,"DemandMax":null,"Value":7238},{"Length":62,"Height":39,"Demand":1,"DemandMax":null,"Value":2418},{"Length":33,"Height":55,"Demand":1,"DemandMax":null,"Value":1815},{"Length":38,"Height":28,"Demand":1,"DemandMax":null,"Value":1064},{"Length":54,"Height":30,"Demand":1,"DemandMax":null,"Value":1620},{"Length":50,"Height":29,"Demand":1,"DemandMax":null,"Value":1450},{"Length":84,"Height":26,"Demand":1,"DemandMax":null,"Value":2184},{"Length":54,"Height":18,"Demand":3,"DemandMax":null,"Value":972},{"Length":38,"Height":30,"Demand":1,"DemandMax":null,"Value":1140},{"Length":40,"Height":35,"Demand":1,"DemandMax":null,"Value":1400},{"Length":44,"Height":65,"Demand":1,"DemandMax":null,"Value":2860},{"Length":41,"Height":38,"Demand":2,"DemandMax":null,"Value":1558},{"Length":77,"Height":68,"Demand":1,"DemandMax":null,"Value":5236},{"Length":62,"Height":42,"Demand":1,"DemandMax":null,"Value":2604},{"Length":34,"Height":55,"Demand":1,"DemandMax":null,"Value":1870},{"Length":49,"Height":38,"Demand":1,"DemandMax":null,"Value":1862},{"Length":42,"Height":54,"Demand":1,"DemandMax":null,"Value":2268},{"Length":106,"Height":40,"Demand":1,"DemandMax":null,"Value":4240},{"Length":50,"Height":28,"Demand":1,"DemandMax":null,"Value":1400},{"Length":24,"Height":89,"Demand":1,"DemandMax":null,"Value":2136},{"Length":36,"Height":30,"Demand":1,"DemandMax":null,"Value":1080},{"Length":47,"Height":41,"Demand":1,"DemandMax":null,"Value":1927},{"Length":38,"Height":123,"Demand":1,"DemandMax":null,"Value":4674},{"Length":48,"Height":61,"Demand":1,"DemandMax":null,"Value":2928},{"Length":30,"Height":82,"Demand":1,"DemandMax":null,"Value":2460},{"Length":21,"Height":54,"Demand":1,"DemandMax":null,"Value":1134},{"Length":29,"Height":66,"Demand":1,"DemandMax":null,"Value":1914},{"Length":30,"Height":43,"Demand":2,"DemandMax":null,"Value":1290},{"Length":25,"Height":68,"Demand":1,"DemandMax":null,"Value":1700},{"Length":25,"Height":39,"Demand":1,"DemandMax":null,"Value":975},{"Length":42,"Height":42,"Demand":1,"DemandMax":null,"Value":1764},{"Length":43,"Height":36,"Demand":1,"DemandMax":null,"Value":1548},{"Length":45,"Height":61,"Demand":1,"DemandMax":null,"Value":2745},{"Length":71,"Height":25,"Demand":1,"DemandMax":null,"Value":1775},{"Length":53,"Height":102,"Demand":1,"DemandMax":null,"Value":5406},{"Length":28,"Height":41,"Demand":2,"DemandMax":null,"Value":1148},{"Length":18,"Height":58,"Demand":2,"DemandMax":null,"Value":1044},{"Length":56,"Height":31,"Demand":1,"DemandMax":null,"Value":1736},{"Length":36,"Height":51,"Demand":2,"DemandMax":null,"Value":1836},{"Length":76,"Height":28,"Demand":1,"DemandMax":null,"Value":2128},{"Length":56,"Height":73,"Demand":1,"DemandMax":null,"Value":4088},{"Length":44,"Height":104,"Demand":1,"DemandMax":null,"Value":4576},{"Length":34,"Height":30,"Demand":2,"DemandMax":null,"Value":1020},{"Length":103,"Height":26,"Demand":2,"DemandMax":null,"Value":2678},{"Length":50,"Height":24,"Demand":1,"DemandMax":null,"Value":1200},{"Length":24,"Height":85,"Demand":1,"DemandMax":null,"Value":2040},{"Length":16,"Height":62,"Demand":1,"DemandMax":null,"Value":992},{"Length":78,"Height":20,"Demand":1,"DemandMax":null,"Value":1560},{"Length":83,"Height":21,"Demand":1,"DemandMax":null,"Value":1743},{"Length":102,"Height":68,"Demand":1,"DemandMax":null,"Value":6936},{"Length":106,"Height":45,"Demand":1,"DemandMax":null,"Value":4770},{"Length":108,"Height":57,"Demand":1,"DemandMax":null,"Value":6156},{"Length":97,"Height":58,"Demand":1,"DemandMax":null,"Value":5626},{"Length":58,"Height":31,"Demand":1,"DemandMax":null,"Value":1798},{"Length":27,"Height":41,"Demand":1,"DemandMax":null,"Value":1107},{"Length":50,"Height":43,"Demand":1,"DemandMax":null,"Value":2150},{"Length":23,"Height":55,"Demand":3,"DemandMax":null,"Value":1265},{"Length":21,"Height":53,"Demand":1,"DemandMax":null,"Value":1113},{"Length":47,"Height":94,"Demand":1,"DemandMax":null,"Value":4418},{"Length":62,"Height":98,"Demand":1,"DemandMax":null,"Value":6076},{"Length":27,"Height":67,"Demand":1,"DemandMax":null,"Value":1809},{"Length":42,"Height":49,"Demand":2,"DemandMax":null,"Value":2058},{"Length":33,"Height":31,"Demand":1,"DemandMax":null,"Value":1023},{"Length":62,"Height":68,"Demand":1,"DemandMax":null,"Value":4216},{"Length":29,"Height":88,"Demand":1,"DemandMax":null,"Value":2552},{"Length":54,"Height":81,"Demand":1,"DemandMax":null,"Value":4374},{"Length":23,"Height":45,"Demand":1,"DemandMax":null,"Value":1035},{"Length":30,"Height":42,"Demand":1,"DemandMax":null,"Value":1260},{"Length":21,"Height":82,"Demand":3,"DemandMax":null,"Value":1722},{"Length":25,"Height":45,"Demand":2,"DemandMax":null,"Value":1125},{"Length":65,"Height":19,"Demand":1,"DemandMax":null,"Value":1235},{"Length":127,"Height":82,"Demand":1,"DemandMax":null,"Value":10414},{"Length":37,"Height":42,"Demand":1,"DemandMax":null,"Value":1554},{"Length":23,"Height":63,"Demand":2,"DemandMax":null,"Value":1449},{"Length":110,"Height":63,"Demand":1,"DemandMax":null,"Value":6930},{"Length":18,"Height":56,"Demand":2,"DemandMax":null,"Value":1008},{"Length":40,"Height":34,"Demand":1,"DemandMax":null,"Value":1360},{"Length":31,"Height":41,"Demand":1,"DemandMax":null,"Value":1271},{"Length":27,"Height":53,"Demand":1,"DemandMax":null,"Value":1431},{"Length":22,"Height":47,"Demand":1,"DemandMax":null,"Value":1034},{"Length":65,"Height":22,"Demand":2,"DemandMax":null,"Value":1430},{"Length":44,"Height":39,"Demand":1,"DemandMax":null,"Value":1716},{"Length":22,"Height":63,"Demand":1,"DemandMax":null,"Value":1386},{"Length":43,"Height":30,"Demand":1,"DemandMax":null,"Value":1290},{"Length":117,"Height":33,"Demand":1,"DemandMax":null,"Value":3861},{"Length":31,"Height":36,"Demand":1,"DemandMax":null,"Value":1116},{"Length":33,"Height":34,"Demand":1,"DemandMax":null,"Value":1122},{"Length":46,"Height":79,"Demand":1,"DemandMax":null,"Value":3634},{"Length":60,"Height":32,"Demand":1,"DemandMax":null,"Value":1920},{"Length":82,"Height":56,"Demand":1,"DemandMax":null,"Value":4592},{"Length":101,"Height":34,"Demand":1,"DemandMax":null,"Value":3434},{"Length":31,"Height":38,"Demand":1,"DemandMax":null,"Value":1178},{"Length":59,"Height":21,"Demand":1,"DemandMax":null,"Value":1239},{"Length":53,"Height":57,"Demand":1,"DemandMax":null,"Value":3021},{"Length":46,"Height":26,"Demand":1,"DemandMax":null,"Value":1196},{"Length":45,"Height":23,"Demand":1,"DemandMax":null,"Value":1035},{"Length":69,"Height":38,"Demand":1,"DemandMax":null,"Value":2622},{"Length":48,"Height":83,"Demand":1,"DemandMax":null,"Value":3984},{"Length":21,"Height":47,"Demand":1,"DemandMax":null,"Value":987},{"Length":37,"Height":87,"Demand":2,"DemandMax":null,"Value":3219},{"Length":42,"Height":35,"Demand":1,"DemandMax":null,"Value":1470},{"Length":18,"Height":61,"Demand":1,"DemandMax":null,"Value":1098},{"Length":33,"Height":107,"Demand":1,"DemandMax":null,"Value":3531},{"Length":36,"Height":63,"Demand":1,"DemandMax":null,"Value":2268},{"Length":57,"Height":20,"Demand":1,"DemandMax":null,"Value":1140},{"Length":28,"Height":42,"Demand":1,"DemandMax":null,"Value":1176},{"Length":78,"Height":23,"Demand":2,"DemandMax":null,"Value":1794},{"Length":94,"Height":42,"Demand":1,"DemandMax":null,"Value":3948},{"Length":41,"Height":30,"Demand":1,"DemandMax":null,"Value":1230},{"Length":77,"Height":21,"Demand":1,"DemandMax":null,"Value":1617},{"Length":35,"Height":69,"Demand":1,"DemandMax":null,"Value":2415},{"Length":56,"Height":19,"Demand":1,"DemandMax":null,"Value":1064},{"Length":16,"Height":61,"Demand":1,"DemandMax":null,"Value":976},{"Length":47,"Height":38,"Demand":1,"DemandMax":null,"Value":1786},{"Length":38,"Height":147,"Demand":1,"DemandMax":null,"Value":5586},{"Length":21,"Height":78,"Demand":1,"DemandMax":null,"Value":1638},{"Length":19,"Height":51,"Demand":1,"DemandMax":null,"Value":969},{"Length":43,"Height":85,"Demand":1,"DemandMax":null,"Value":3655},{"Length":61,"Height":24,"Demand":1,"DemandMax":null,"Value":1464},{"Length":21,"Height":66,"Demand":1,"DemandMax":null,"Value":1386},{"Length":23,"Height":78,"Demand":1,"DemandMax":null,"Value":1794},{"Length":43,"Height":35,"Demand":1,"DemandMax":null,"Value":1505},{"Length":77,"Height":50,"Demand":1,"DemandMax":null,"Value":3850},{"Length":21,"Height":59,"Demand":2,"DemandMax":null,"Value":1239},{"Length":46,"Height":21,"Demand":2,"DemandMax":null,"Value":966},{"Length":38,"Height":34,"Demand":1,"DemandMax":null,"Value":1292},{"Length":37,"Height":33,"Demand":1,"DemandMax":null,"Value":1221},{"Length":42,"Height":23,"Demand":1,"DemandMax":null,"Value":966},{"Length":40,"Height":25,"Demand":1,"DemandMax":null,"Value":1000},{"Length":69,"Height":20,"Demand":2,"DemandMax":null,"Value":1380},{"Length":23,"Height":82,"Demand":2,"DemandMax":null,"Value":1886},{"Length":32,"Height":69,"Demand":1,"DemandMax":null,"Value":2208},{"Length":36,"Height":72,"Demand":1,"DemandMax":null,"Value":2592},{"Length":28,"Height":53,"Demand":2,"DemandMax":null,"Value":1484},{"Length":34,"Height":43,"Demand":1,"DemandMax":null,"Value":1462},{"Length":35,"Height":34,"Demand":2,"DemandMax":null,"Value":1190},{"Length":24,"Height":41,"Demand":1,"DemandMax":null,"Value":984},{"Length":35,"Height":67,"Demand":1,"DemandMax":null,"Value":2345},{"Length":17,"Height":66,"Demand":2,"DemandMax":null,"Value":1122},{"Length":29,"Height":74,"Demand":1,"DemandMax":null,"Value":2146},{"Length":39,"Height":28,"Demand":3,"DemandMax":null,"Value":1092},{"Length":83,"Height":22,"Demand":1,"DemandMax":null,"Value":1826},{"Length":58,"Height":19,"Demand":1,"DemandMax":null,"Value":1102},{"Length":61,"Height":18,"Demand":1,"DemandMax":null,"Value":1098},{"Length":65,"Height":17,"Demand":1,"DemandMax":null,"Value":1105},{"Length":56,"Height":131,"Demand":1,"DemandMax":null,"Value":7336},{"Length":54,"Height":35,"Demand":1,"DemandMax":null,"Value":1890},{"Length":52,"Height":20,"Demand":1,"DemandMax":null,"Value":1040},{"Length":64,"Height":47,"Demand":1,"DemandMax":null,"Value":3008},{"Length":52,"Height":21,"Demand":1,"DemandMax":null,"Value":1092},{"Length":25,"Height":54,"Demand":1,"DemandMax":null,"Value":1350},{"Length":40,"Height":33,"Demand":1,"DemandMax":null,"Value":1320},{"Length":60,"Height":89,"Demand":1,"DemandMax":null,"Value":5340},{"Length":29,"Height":41,"Demand":1,"DemandMax":null,"Value":1189},{"Length":44,"Height":45,"Demand":1,"DemandMax":null,"Value":1980},{"Length":47,"Height":31,"Demand":1,"DemandMax":null,"Value":1457},{"Length":58,"Height":29,"Demand":1,"DemandMax":null,"Value":1682},{"Length":26,"Height":40,"Demand":2,"DemandMax":null,"Value":1040},{"Length":34,"Height":41,"Demand":1,"DemandMax":null,"Value":1394},{"Length":33,"Height":49,"Demand":1,"DemandMax":null,"Value":1617},{"Length":71,"Height":28,"Demand":1,"DemandMax":null,"Value":1988},{"Length":35,"Height":36,"Demand":1,"DemandMax":null,"Value":1260},{"Length":25,"Height":56,"Demand":3,"DemandMax":null,"Value":1400},{"Length":43,"Height":45,"Demand":1,"DemandMax":null,"Value":1935},{"Length":59,"Height":53,"Demand":1,"DemandMax":null,"Value":3127},{"Length":56,"Height":24,"Demand":1,"DemandMax":null,"Value":1344},{"Length":30,"Height":64,"Demand":1,"DemandMax":null,"Value":1920},{"Length":65,"Height":21,"Demand":1,"DemandMax":null,"Value":1365},{"Length":77,"Height":23,"Demand":1,"DemandMax":null,"Value":1771},{"Length":54,"Height":107,"Demand":1,"DemandMax":null,"Value":5778},{"Length":20,"Height":55,"Demand":1,"DemandMax":null,"Value":1100},{"Length":47,"Height":33,"Demand":1,"DemandMax":null,"Value":1551},{"Length":33,"Height":46,"Demand":1,"DemandMax":null,"Value":1518},{"Length":44,"Height":31,"Demand":1,"DemandMax":null,"Value":1364},{"Length":25,"Height":85,"Demand":1,"DemandMax":null,"Value":2125},{"Length":27,"Height":45,"Demand":2,"DemandMax":null,"Value":1215},{"Length":48,"Height":21,"Demand":1,"DemandMax":null,"Value":1008},{"Length":48,"Height":25,"Demand":1,"DemandMax":null,"Value":1200},{"Length":20,"Height":51,"Demand":1,"DemandMax":null,"Value":1020},{"Length":83,"Height":44,"Demand":1,"DemandMax":null,"Value":3652},{"Length":31,"Height":51,"Demand":1,"DemandMax":null,"Value":1581},{"Length":45,"Height":39,"Demand":1,"DemandMax":null,"Value":1755},{"Length":54,"Height":29,"Demand":1,"DemandMax":null,"Value":1566},{"Length":28,"Height":48,"Demand":1,"DemandMax":null,"Value":1344},{"Length":29,"Height":37,"Demand":1,"DemandMax":null,"Value":1073},{"Length":42,"Height":33,"Demand":1,"DemandMax":null,"Value":1386},{"Length":43,"Height":75,"Demand":1,"DemandMax":null,"Value":3225},{"Length":19,"Height":60,"Demand":1,"DemandMax":null,"Value":1140},{"Length":74,"Height":36,"Demand":1,"DemandMax":null,"Value":2664},{"Length":26,"Height":39,"Demand":1,"DemandMax":null,"Value":1014},{"Length":25,"Height":69,"Demand":1,"DemandMax":null,"Value":1725},{"Length":63,"Height":17,"Demand":1,"DemandMax":null,"Value":1071},{"Length":29,"Height":63,"Demand":1,"DemandMax":null,"Value":1827},{"Length":57,"Height":26,"Demand":1,"DemandMax":null,"Value":1482},{"Length":24,"Height":42,"Demand":1,"DemandMax":null,"Value":1008},{"Length":33,"Height":66,"Demand":1,"DemandMax":null,"Value":2178},{"Length":52,"Height":36,"Demand":1,"DemandMax":null,"Value":1872},{"Length":21,"Height":80,"Demand":1,"DemandMax":null,"Value":1680},{"Length":18,"Height":62,"Demand":1,"DemandMax":null,"Value":1116},{"Length":54,"Height":75,"Demand":1,"DemandMax":null,"Value":4050},{"Length":49,"Height":22,"Demand":1,"DemandMax":null,"Value":1078},{"Length":54,"Height":19,"Demand":1,"DemandMax":null,"Value":1026},{"Length":69,"Height":22,"Demand":1,"DemandMax":null,"Value":1518},{"Length":59,"Height":89,"Demand":1,"DemandMax":null,"Value":5251},{"Length":22,"Height":45,"Demand":1,"DemandMax":null,"Value":990},{"Length":29,"Height":42,"Demand":1,"DemandMax":null,"Value":1218},{"Length":44,"Height":67,"Demand":1,"DemandMax":null,"Value":2948},{"Length":40,"Height":39,"Demand":1,"DemandMax":null,"Value":1560},{"Length":36,"Height":31,"Demand":1,"DemandMax":null,"Value":1116},{"Length":54,"Height":23,"Demand":1,"DemandMax":null,"Value":1242},{"Length":65,"Height":25,"Demand":1,"DemandMax":null,"Value":1625},{"Length":20,"Height":56,"Demand":1,"DemandMax":null,"Value":1120},{"Length":84,"Height":62,"Demand":1,"DemandMax":null,"Value":5208},{"Length":34,"Height":46,"Demand":1,"DemandMax":null,"Value":1564},{"Length":66,"Height":55,"Demand":1,"DemandMax":null,"Value":3630},{"Length":38,"Height":54,"Demand":1,"DemandMax":null,"Value":2052},{"Length":24,"Height":59,"Demand":1,"DemandMax":null,"Value":1416},{"Length":76,"Height":21,"Demand":1,"DemandMax":null,"Value":1596},{"Length":18,"Height":59,"Demand":1,"DemandMax":null,"Value":1062},{"Length":27,"Height":36,"Demand":1,"DemandMax":null,"Value":972},{"Length":42,"Height":24,"Demand":1,"DemandMax":null,"Value":1008},{"Length":38,"Height":33,"Demand":1,"DemandMax":null,"Value":1254},{"Length":34,"Height":29,"Demand":1,"DemandMax":null,"Value":986},{"Length":59,"Height":45,"Demand":1,"DemandMax":null,"Value":2655},{"Length":24,"Height":43,"Demand":1,"DemandMax":null,"Value":1032},{"Length":84,"Height":22,"Demand":1,"DemandMax":null,"Value":1848},{"Length":64,"Height":28,"Demand":1,"DemandMax":null,"Value":1792},{"Length":38,"Height":38,"Demand":2,"DemandMax":null,"Value":1444},{"Length":44,"Height":35,"Demand":1,"DemandMax":null,"Value":1540},{"Length":44,"Height":38,"Demand":1,"DemandMax":null,"Value":1672},{"Length":29,"Height":53,"Demand":1,"DemandMax":null,"Value":1537},{"Length":39,"Height":46,"Demand":1,"DemandMax":null,"Value":1794},{"Length":48,"Height":56,"Demand":1,"DemandMax":null,"Value":2688},{"Length":23,"Height":43,"Demand":1,"DemandMax":null,"Value":989},{"Length":42,"Height":56,"Demand":1,"DemandMax":null,"Value":2352},{"Length":27,"Height":39,"Demand":1,"DemandMax":null,"Value":1053},{"Length":21,"Height":73,"Demand":2,"DemandMax":null,"Value":1533},{"Length":22,"Height":51,"Demand":1,"DemandMax":null,"Value":1122},{"Length":29,"Height":80,"Demand":1,"DemandMax":null,"Value":2320},{"Length":26,"Height":44,"Demand":1,"DemandMax":null,"Value":1144},{"Length":33,"Height":53,"Demand":1,"DemandMax":null,"Value":1749},{"Length":28,"Height":52,"Demand":1,"DemandMax":null,"Value":1456},{"Length":25,"Height":43,"Demand":1,"DemandMax":null,"Value":1075},{"Length":47,"Height":25,"Demand":1,"DemandMax":null,"Value":1175},{"Length":39,"Height":29,"Demand":1,"DemandMax":null,"Value":1131},{"Length":79,"Height":44,"Demand":1,"DemandMax":null,"Value":3476},{"Length":24,"Height":47,"Demand":1,"DemandMax":null,"Value":1128},{"Length":49,"Height":36,"Demand":1,"DemandMax":null,"Value":1764},{"Length":42,"Height":123,"Demand":1,"DemandMax":null,"Value":5166},{"Length":46,"Height":24,"Demand":2,"DemandMax":null,"Value":1104},{"Length":84,"Height":46,"Demand":1,"DemandMax":null,"Value":3864},{"Length":26,"Height":45,"Demand":1,"DemandMax":null,"Value":1170},{"Length":66,"Height":78,"Demand":1,"DemandMax":null,"Value":5148},{"Length":38,"Height":48,"Demand":1,"DemandMax":null,"Value":1824},{"Length":24,"Height":63,"Demand":1,"DemandMax":null,"Value":1512},{"Length":20,"Height":61,"Demand":1,"DemandMax":null,"Value":1220},{"Length":35,"Height":29,"Demand":1,"DemandMax":null,"Value":1015},{"Length":25,"Height":50,"Demand":1,"DemandMax":null,"Value":1250},{"Length":61,"Height":28,"Demand":1,"DemandMax":null,"Value":1708},{"Length":43,"Height":33,"Demand":1,"DemandMax":null,"Value":1419},{"Length":26,"Height":51,"Demand":1,"DemandMax":null,"Value":1326},{"Length":35,"Height":32,"Demand":1,"DemandMax":null,"Value":1120},{"Length":59,"Height":18,"Demand":1,"DemandMax":null,"Value":1062},{"Length":33,"Height":63,"Demand":1,"DemandMax":null,"Value":2079},{"Length":25,"Height":52,"Demand":1,"DemandMax":null,"Value":1300},{"Length":34,"Height":47,"Demand":2,"DemandMax":null,"Value":1598},{"Length":78,"Height":36,"Demand":1,"DemandMax":null,"Value":2808},{"Length":39,"Height":39,"Demand":1,"DemandMax":null,"Value":1521},{"Length":30,"Height":47,"Demand":1,"DemandMax":null,"Value":1410},{"Length":50,"Height":35,"Demand":1,"DemandMax":null,"Value":1750},{"Length":41,"Height":103,"Demand":1,"DemandMax":null,"Value":4223},{"Length":57,"Height":49,"Demand":1,"DemandMax":null,"Value":2793},{"Length":56,"Height":18,"Demand":1,"DemandMax":null,"Value":1008},{"Length":35,"Height":66,"Demand":1,"DemandMax":null,"Value":2310},{"Length":29,"Height":89,"Demand":1,"DemandMax":null,"Value":2581},{"Length":31,"Height":47,"Demand":1,"DemandMax":null,"Value":1457},{"Length":21,"Height":56,"Demand":1,"DemandMax":null,"Value":1176},{"Length":38,"Height":51,"Demand":1,"DemandMax":null,"Value":1938},{"Length":90,"Height":48,"Demand":1,"DemandMax":null,"Value":4320},{"Length":56,"Height":21,"Demand":1,"DemandMax":null,"Value":1176},{"Length":38,"Height":43,"Demand":1,"DemandMax":null,"Value":1634},{"Length":27,"Height":47,"Demand":1,"DemandMax":null,"Value":1269},{"Length":44,"Height":25,"Demand":1,"DemandMax":null,"Value":1100},{"Length":43,"Height":42,"Demand":1,"DemandMax":null,"Value":1806},{"Length":29,"Height":49,"Demand":1,"DemandMax":null,"Value":1421},{"Length":29,"Height":46,"Demand":1,"DemandMax":null,"Value":1334},{"Length":24,"Height":53,"Demand":1,"DemandMax":null,"Value":1272},{"Length":26,"Height":63,"Demand":1,"DemandMax":null,"Value":1638},{"Length":91,"Height":45,"Demand":1,"DemandMax":null,"Value":4095},{"Length":37,"Height":35,"Demand":1,"DemandMax":null,"Value":1295},{"Length":22,"Height":60,"Demand":1,"DemandMax":null,"Value":1320},{"Length":77,"Height":39,"Demand":1,"DemandMax":null,"Value":3003},{"Length":29,"Height":61,"Demand":1,"DemandMax":null,"Value":1769},{"Length":47,"Height":46,"Demand":1,"DemandMax":null,"Value":2162},{"Length":40,"Height":26,"Demand":1,"DemandMax":null,"Value":1040},{"Length":36,"Height":36,"Demand":1,"DemandMax":null,"Value":1296},{"Length":17,"Height":62,"Demand":1,"DemandMax":null,"Value":1054},{"Length":19,"Height":66,"Demand":1,"DemandMax":null,"Value":1254},{"Length":46,"Height":25,"Demand":1,"DemandMax":null,"Value":1150},{"Length":27,"Height":46,"Demand":1,"DemandMax":null,"Value":1242},{"Length":54,"Height":28,"Demand":1,"DemandMax":null,"Value":1512},{"Length":33,"Height":82,"Demand":1,"DemandMax":null,"Value":2706},{"Length":33,"Height":97,"Demand":1,"DemandMax":null,"Value":3201},{"Length":56,"Height":42,"Demand":1,"DemandMax":null,"Value":2352},{"Length":97,"Height":27,"Demand":1,"DemandMax":null,"Value":2619},{"Length":65,"Height":51,"Demand":1,"DemandMax":null,"Value":3315},{"Length":82,"Height":21,"Demand":2,"DemandMax":null,"Value":1722},{"Length":63,"Height":30,"Demand":2,"DemandMax":null,"Value":1890},{"Length":30,"Height":51,"Demand":1,"DemandMax":null,"Value":1530},{"Length":37,"Height":53,"Demand":1,"DemandMax":null,"Value":1961},{"Length":63,"Height":20,"Demand":1,"DemandMax":null,"Value":1260},{"Length":34,"Height":74,"Demand":1,"DemandMax":null,"Value":2516},{"Length":27,"Height":52,"Demand":1,"DemandMax":null,"Value":1404},{"Length":45,"Height":59,"Demand":1,"DemandMax":null,"Value":2655},{"Length":38,"Height":114,"Demand":1,"DemandMax":null,"Value":4332},{"Length":67,"Height":19,"Demand":1,"DemandMax":null,"Value":1273},{"Length":41,"Height":28,"Demand":1,"DemandMax":null,"Value":1148},{"Length":43,"Height":39,"Demand":1,"DemandMax":null,"Value":1677},{"Length":67,"Height":30,"Demand":1,"DemandMax":null,"Value":2010},{"Length":52,"Height":82,"Demand":1,"DemandMax":null,"Value":4264},{"Length":58,"Height":59,"Demand":1,"DemandMax":null,"Value":3422},{"Length":59,"Height":23,"Demand":1,"DemandMax":null,"Value":1357},{"Length":26,"Height":43,"Demand":1,"DemandMax":null,"Value":1118},{"Length":45,"Height":70,"Demand":1,"DemandMax":null,"Value":3150},{"Length":31,"Height":66,"Demand":1,"DemandMax":null,"Value":2046},{"Length":63,"Height":25,"Demand":1,"DemandMax":null,"Value":1575},{"Length":47,"Height":49,"Demand":1,"DemandMax":null,"Value":2303},{"Length":72,"Height":46,"Demand":1,"DemandMax":null,"Value":3312},{"Length":22,"Height":82,"Demand":1,"DemandMax":null,"Value":1804},{"Length":31,"Height":40,"Demand":1,"DemandMax":null,"Value":1240},{"Length":40,"Height":49,"Demand":1,"DemandMax":null,"Value":1960},{"Length":41,"Height":35,"Demand":1,"DemandMax":null,"Value":1435},{"Length":104,"Height":28,"Demand":1,"DemandMax":null,"Value":2912},{"Length":51,"Height":30,"Demand":1,"DemandMax":null,"Value":1530},{"Length":48,"Height":34,"Demand":1,"DemandMax":null,"Value":1632},{"Length":46,"Height":29,"Demand":1,"DemandMax":null,"Value":1334},{"Length":40,"Height":29,"Demand":1,"DemandMax":null,"Value":1160},{"Length":25,"Height":62,"Demand":1,"DemandMax":null,"Value":1550},{"Length":39,"Height":90,"Demand":1,"DemandMax":null,"Value":3510},{"Length":41,"Height":32,"Demand":1,"DemandMax":null,"Value":1312},{"Length":71,"Height":31,"Demand":1,"DemandMax":null,"Value":2201},{"Length":66,"Height":29,"Demand":1,"DemandMax":null,"Value":1914},{"Length":60,"Height":23,"Demand":1,"DemandMax":null,"Value":1380},{"Length":53,"Height":27,"Demand":1,"DemandMax":null,"Value":1431}]}