{"Name":"Path300i5b5","Objects":[{"Length":285,"Height":258,"Stock":6,"Cost":73530},{"Length":715,"Height":311,"Stock":6,"Cost":222365},{"Length":715,"Height":689,"Stock":2,"Cost":492635},{"Length":285,"Height":350,"Stock":2,"Cost":99750},{"Length":285,"Height":392,"Stock":2,"Cost":111720}],"Items":[{"Length":34,"Height":258,"Demand":1,"DemandMax":null,"Value":8772},{"Length":77,"Height":82,"Demand":1,"DemandMax":null,"Value":6314},{"Length":239,"Height":216,"Demand":1,"DemandMax":null,"Value":51624},{"Length":2,"Height":43,"Demand":1,"DemandMax":null,"Value":86},{"Length":24,"Height":103,"Demand":1,"DemandMax":null,"Value":2472},{"Length":163,"Height":192,"Demand":1,"DemandMax":null,"Value":31296},{"Length":58,"Height":216,"Demand":1,"DemandMax":null,"Value":12528},{"Length":133,"Height":4,"Demand":1,"DemandMax":null,"Value":532},{"Length":57,"Height":66,"Demand":1,"DemandMax":null,"Value":3762},{"Length":1,"Height":118,"Demand":1,"DemandMax":null,"Value":118},{"Length":35,"Height":88,"Demand":1,"DemandMax":null,"Value":3080},{"Length":4,"Height":1,"Demand":5,"DemandMax":null,"Value":4},{"Length":3,"Height":1,"Demand":8,"DemandMax":null,"Value":3},{"Length":177,"Height":25,"Demand":1,"DemandMax":null,"Value":4425},{"Length":89,"Height":195,"Demand":1,"DemandMax":null,"Value":17355},{"Length":127,"Height":12,"Demand":1,"DemandMax":null,"Value":1524},{"Length":213,"Height":138,"Demand":1,"DemandMax":null,"Value":29394},{"Length":20,"Height":1,"Demand":1,"DemandMax":null,"Value":20},{"Length":3,"Height":10,"Demand":1,"DemandMax":null,"Value":30},{"Length":212,"Height":65,"Demand":1,"DemandMax":null,"Value":13780},{"Length":200,"Height":100,"Demand":1,"DemandMax":null,"Value":20000},{"Length":12,"Height":232,"Demand":1,"DemandMax":null,"Value":2784},{"Length":2,"Height":22,"Demand":1,"DemandMax":null,"Value":44},{"Length":13,"Height":16,"Demand":1,"DemandMax":null,"Value":208},{"Length":222,"Height":112,"Demand":1,"DemandMax":null,"Value":24864},{"Length":8,"Height":147,"Demand":1,"DemandMax":null,"Value":1176},{"Length":141,"Height":106,"Demand":1,"DemandMax":null,"Value":14946},{"Length":12,"Height":130,"Demand":1,"DemandMax":null,"Value":1560},{"Length":27,"Height":180,"Demand":1,"DemandMax":null,"Value":4860},{"Length":2,"Height":118,"Demand":1,"DemandMax":null,"Value":236},{"Length":8,"Height":11,"Demand":1,"DemandMax":null,"Value":88},{"Length":182,"Height":157,"Demand":1,"DemandMax":null,"Value":28574},{"Length":116,"Height":4,"Demand":1,"DemandMax":null,"Value":464},{"Length":92,"Height":216,"Demand":1,"DemandMax":null,"Value":19872},{"Length":81,"Height":25,"Demand":1,"DemandMax":null,"Value":2025},{"Length":5,"Height":5,"Demand":1,"DemandMax":null,"Value":25},{"Length":167,"Height":153,"Demand":1,"DemandMax":null,"Value":25551},{"Length":56,"Height":169,"Demand":1,"DemandMax":null,"Value":9464},{"Length":122,"Height":85,"Demand":1,"DemandMax":null,"Value":10370},{"Length":96,"Height":232,"Demand":1,"DemandMax":null,"Value":22272},{"Length":1,"Height":1,"Demand":11,"DemandMax":null,"Value":1},{"Length":8,"Height":5,"Demand":1,"DemandMax":null,"Value":40},{"Length":3,"Height":189,"Demand":2,"DemandMax":null,"Value":567},{"Length":12,"Height":1,"Demand":2,"DemandMax":null,"Value":12},{"Length":2,"Height":36,"Demand":1,"DemandMax":null,"Value":72},{"Length":57,"Height":91,"Demand":1,"DemandMax":null,"Value":5187},{"Length":1,"Height":192,"Demand":1,"DemandMax":null,"Value":192},{"Length":18,"Height":21,"Demand":1,"DemandMax":null,"Value":378},{"Length":13,"Height":6,"Demand":1,"DemandMax":null,"Value":78},{"Length":157,"Height":107,"Demand":1,"DemandMax":null,"Value":16799},{"Length":4,"Height":143,"Demand":1,"DemandMax":null,"Value":572},{"Length":11,"Height":11,"Demand":1,"DemandMax":null,"Value":121},{"Length":18,"Height":1,"Demand":1,"DemandMax":null,"Value":18},{"Length":44,"Height":5,"Demand":1,"DemandMax":null,"Value":220},{"Length":55,"Height":1,"Demand":1,"DemandMax":null,"Value":55},{"Length":63,"Height":216,"Demand":1,"DemandMax":null,"Value":13608},{"Length":26,"Height":4,"Demand":1,"DemandMax":null,"Value":104},{"Length":48,"Height":86,"Demand":1,"DemandMax":null,"Value":4128},{"Length":9,"Height":6,"Demand":1,"DemandMax":null,"Value":54},{"Length":3,"Height":2,"Demand":1,"DemandMax":null,"Value":6},{"Length":51,"Height":153,"Demand":1,"DemandMax":null,"Value":7803},{"Length":1,"Height":232,"Demand":1,"DemandMax":null,"Value":232},{"Length":21,"Height":7,"Demand":2,"DemandMax":null,"Value":147},{"Length":29,"Height":42,"Demand":1,"DemandMax":null,"Value":1218},{"Length":57,"Height":76,"Demand":1,"DemandMax":null,"Value":4332},{"Length":36,"Height":1,"Demand":1,"DemandMax":null,"Value":36},{"Length":25,"Height":191,"Demand":1,"DemandMax":null,"Value":4775},{"Length":20,"Height":36,"Demand":1,"DemandMax":null,"Value":720},{"Length":24,"Height":11,"Demand":1,"DemandMax":null,"Value":264},{"Length":7,"Height":157,"Demand":1,"DemandMax":null,"Value":1099},{"Length":30,"Height":3,"Demand":1,"DemandMax":null,"Value":90},{"Length":212,"Height":193,"Demand":1,"DemandMax":null,"Value":40916},{"Length":9,"Height":146,"Demand":1,"DemandMax":null,"Value":1314},{"Length":162,"Height":169,"Demand":1,"DemandMax":null,"Value":27378},{"Length":86,"Height":13,"Demand":1,"DemandMax":null,"Value":1118},{"Length":71,"Height":69,"Demand":1,"DemandMax":null,"Value":4899},{"Length":37,"Height":193,"Demand":1,"DemandMax":null,"Value":7141},{"Length":5,"Height":47,"Demand":2,"DemandMax":null,"Value":235},{"Length":28,"Height":88,"Demand":2,"DemandMax":null,"Value":2464},{"Length":109,"Height":216,"Demand":1,"DemandMax":null,"Value":23544},{"Length":8,"Height":69,"Demand":1,"DemandMax":null,"Value":552},{"Length":30,"Height":119,"Demand":1,"DemandMax":null,"Value":3570},{"Length":30,"Height":38,"Demand":1,"DemandMax":null,"Value":1140},{"Length":2,"Height":195,"Demand":1,"DemandMax":null,"Value":390},{"Length":33,"Height":1,"Demand":2,"DemandMax":null,"Value":33},{"Length":38,"Height":1,"Demand":2,"DemandMax":null,"Value":38},{"Length":76,"Height":131,"Demand":1,"DemandMax":null,"Value":9956},{"Length":5,"Height":49,"Demand":1,"DemandMax":null,"Value":245},{"Length":9,"Height":169,"Demand":1,"DemandMax":null,"Value":1521},{"Length":11,"Height":5,"Demand":1,"DemandMax":null,"Value":55},{"Length":14,"Height":9,"Demand":1,"DemandMax":null,"Value":126},{"Length":111,"Height":155,"Demand":1,"DemandMax":null,"Value":17205},{"Length":37,"Height":9,"Demand":1,"DemandMax":null,"Value":333},{"Length":3,"Height":175,"Demand":1,"DemandMax":null,"Value":525},{"Length":2,"Height":1,"Demand":4,"DemandMax":null,"Value":2},{"Length":26,"Height":5,"Demand":2,"DemandMax":null,"Value":130},{"Length":10,"Height":189,"Demand":2,"DemandMax":null,"Value":1890},{"Length":37,"Height":16,"Demand":1,"DemandMax":null,"Value":592},{"Length":177,"Height":240,"Demand":1,"DemandMax":null,"Value":42480},{"Length":43,"Height":216,"Demand":1,"DemandMax":null,"Value":9288},{"Length":177,"Height":11,"Demand":1,"DemandMax":null,"Value":1947},{"Length":5,"Height":1,"Demand":2,"DemandMax":null,"Value":5},{"Length":8,"Height":7,"Demand":1,"DemandMax":null,"Value":56},{"Length":135,"Height":55,"Demand":1,"DemandMax":null,"Value":7425},{"Length":26,"Height":7,"Demand":1,"DemandMax":null,"Value":182},{"Length":5,"Height":41,"Demand":1,"DemandMax":null,"Value":205},{"Length":10,"Height":43,"Demand":1,"DemandMax":null,"Value":430},{"Length":78,"Height":173,"Demand":1,"DemandMax":null,"Value":13494},{"Length":5,"Height":7,"Demand":1,"DemandMax":null,"Value":35},{"Length":1,"Height":16,"Demand":2,"DemandMax":null,"Value":16},{"Length":92,"Height":3,"Demand":1,"DemandMax":null,"Value":276},{"Length":1,"Height":8,"Demand":2,"DemandMax":null,"Value":8},{"Length":133,"Height":6,"Demand":1,"DemandMax":null,"Value":798},{"Length":8,"Height":31,"Demand":1,"DemandMax":null,"Value":248},{"Length":92,"Height":1,"Demand":1,"DemandMax":null,"Value":92},{"Length":138,"Height":16,"Demand":1,"DemandMax":null,"Value":2208},{"Length":222,"Height":21,"Demand":1,"DemandMax":null,"Value":4662},{"Length":200,"Height":137,"Demand":1,"DemandMax":null,"Value":27400},{"Length":121,"Height":1,"Demand":1,"DemandMax":null,"Value":121},{"Length":35,"Height":40,"Demand":1,"DemandMax":null,"Value":1400},{"Length":122,"Height":5,"Demand":1,"DemandMax":null,"Value":610},{"Length":17,"Height":65,"Demand":1,"DemandMax":null,"Value":1105},{"Length":65,"Height":130,"Demand":1,"DemandMax":null,"Value":8450},{"Length":3,"Height":30,"Demand":1,"DemandMax":null,"Value":90},{"Length":94,"Height":21,"Demand":1,"DemandMax":null,"Value":1974},{"Length":47,"Height":18,"Demand":1,"DemandMax":null,"Value":846},{"Length":30,"Height":17,"Demand":1,"DemandMax":null,"Value":510},{"Length":73,"Height":189,"Demand":1,"DemandMax":null,"Value":13797},{"Length":122,"Height":9,"Demand":1,"DemandMax":null,"Value":1098},{"Length":24,"Height":2,"Demand":1,"DemandMax":null,"Value":48},{"Length":111,"Height":14,"Demand":1,"DemandMax":null,"Value":1554},{"Length":1,"Height":19,"Demand":1,"DemandMax":null,"Value":19},{"Length":2,"Height":91,"Demand":1,"DemandMax":null,"Value":182},{"Length":166,"Height":69,"Demand":1,"DemandMax":null,"Value":11454},{"Length":86,"Height":16,"Demand":1,"DemandMax":null,"Value":1376},{"Length":91,"Height":118,"Demand":1,"DemandMax":null,"Value":10738},{"Length":65,"Height":69,"Demand":1,"DemandMax":null,"Value":4485},{"Length":11,"Height":113,"Demand":1,"DemandMax":null,"Value":1243},{"Length":21,"Height":232,"Demand":1,"DemandMax":null,"Value":4872},{"Length":68,"Height":7,"Demand":1,"DemandMax":null,"Value":476},{"Length":1,"Height":17,"Demand":2,"DemandMax":null,"Value":17},{"Length":35,"Height":2,"Demand":1,"DemandMax":null,"Value":70},{"Length":1,"Height":175,"Demand":1,"DemandMax":null,"Value":175},{"Length":138,"Height":21,"Demand":1,"DemandMax":null,"Value":2898},{"Length":92,"Height":5,"Demand":1,"DemandMax":null,"Value":460},{"Length":111,"Height":15,"Demand":2,"DemandMax":null,"Value":1665},{"Length":81,"Height":86,"Demand":1,"DemandMax":null,"Value":6966},{"Length":5,"Height":118,"Demand":1,"DemandMax":null,"Value":590},{"Length":163,"Height":29,"Demand":1,"DemandMax":null,"Value":4727},{"Length":111,"Height":38,"Demand":1,"DemandMax":null,"Value":4218},{"Length":49,"Height":22,"Demand":1,"DemandMax":null,"Value":1078},{"Length":9,"Height":1,"Demand":2,"DemandMax":null,"Value":9},{"Length":5,"Height":10,"Demand":1,"DemandMax":null,"Value":50},{"Length":11,"Height":1,"Demand":2,"DemandMax":null,"Value":11},{"Length":40,"Height":1,"Demand":1,"DemandMax":null,"Value":40},{"Length":6,"Height":175,"Demand":1,"DemandMax":null,"Value":1050},{"Length":25,"Height":16,"Demand":1,"DemandMax":null,"Value":400},{"Length":27,"Height":91,"Demand":1,"DemandMax":null,"Value":2457},{"Length":65,"Height":236,"Demand":1,"DemandMax":null,"Value":15340},{"Length":89,"Height":41,"Demand":1,"DemandMax":null,"Value":3649},{"Length":28,"Height":1,"Demand":1,"DemandMax":null,"Value":28},{"Length":203,"Height":1,"Demand":1,"DemandMax":null,"Value":203},{"Length":78,"Height":8,"Demand":1,"DemandMax":null,"Value":624},{"Length":92,"Height":4,"Demand":1,"DemandMax":null,"Value":368},{"Length":2,"Height":157,"Demand":2,"DemandMax":null,"Value":314},{"Length":41,"Height":3,"Demand":1,"DemandMax":null,"Value":123},{"Length":122,"Height":63,"Demand":1,"DemandMax":null,"Value":7686},{"Length":17,"Height":94,"Demand":1,"DemandMax":null,"Value":1598},{"Length":36,"Height":27,"Demand":1,"DemandMax":null,"Value":972},{"Length":88,"Height":1,"Demand":1,"DemandMax":null,"Value":88},{"Length":97,"Height":3,"Demand":1,"DemandMax":null,"Value":291},{"Length":11,"Height":19,"Demand":1,"DemandMax":null,"Value":209},{"Length":86,"Height":18,"Demand":1,"DemandMax":null,"Value":1548},{"Length":107,"Height":88,"Demand":1,"DemandMax":null,"Value":9416},{"Length":15,"Height":1,"Demand":2,"DemandMax":null,"Value":15},{"Length":55,"Height":88,"Demand":1,"DemandMax":null,"Value":4840},{"Length":1,"Height":47,"Demand":2,"DemandMax":null,"Value":47},{"Length":2,"Height":236,"Demand":1,"DemandMax":null,"Value":472},{"Length":2,"Height":18,"Demand":1,"DemandMax":null,"Value":36},{"Length":12,"Height":6,"Demand":1,"DemandMax":null,"Value":72},{"Length":42,"Height":2,"Demand":1,"DemandMax":null,"Value":84},{"Length":62,"Height":1,"Demand":1,"DemandMax":null,"Value":62},{"Length":5,"Height":8,"Demand":1,"DemandMax":null,"Value":40},{"Length":222,"Height":62,"Demand":1,"DemandMax":null,"Value":13764},{"Length":25,"Height":72,"Demand":1,"DemandMax":null,"Value":1800},{"Length":2,"Height":16,"Demand":1,"DemandMax":null,"Value":32},{"Length":75,"Height":19,"Demand":1,"DemandMax":null,"Value":1425},{"Length":13,"Height":38,"Demand":1,"DemandMax":null,"Value":494},{"Length":51,"Height":2,"Demand":1,"DemandMax":null,"Value":102},{"Length":36,"Height":10,"Demand":1,"DemandMax":null,"Value":360},{"Length":117,"Height":41,"Demand":1,"DemandMax":null,"Value":4797},{"Length":11,"Height":17,"Demand":1,"DemandMax":null,"Value":187},{"Length":3,"Height":8,"Demand":1,"DemandMax":null,"Value":24},{"Length":1,"Height":43,"Demand":1,"DemandMax":null,"Value":43},{"Length":78,"Height":9,"Demand":1,"DemandMax":null,"Value":702},{"Length":171,"Height":180,"Demand":1,"DemandMax":null,"Value":30780},{"Length":17,"Height":1,"Demand":1,"DemandMax":null,"Value":17},{"Length":32,"Height":1,"Demand":1,"DemandMax":null,"Value":32},{"Length":16,"Height":25,"Demand":1,"DemandMax":null,"Value":400},{"Length":133,"Height":3,"Demand":1,"DemandMax":null,"Value":399},{"Length":3,"Height":118,"Demand":1,"DemandMax":null,"Value":354},{"Length":13,"Height":1,"Demand":1,"DemandMax":null,"Value":13},{"Length":130,"Height":1,"Demand":1,"DemandMax":null,"Value":130},{"Length":4,"Height":69,"Demand":1,"DemandMax":null,"Value":276},{"Length":57,"Height":17,"Demand":1,"DemandMax":null,"Value":969},{"Length":55,"Height":3,"Demand":1,"DemandMax":null,"Value":165},{"Length":11,"Height":118,"Demand":1,"DemandMax":null,"Value":1298},{"Length":5,"Height":112,"Demand":1,"DemandMax":null,"Value":560},{"Length":21,"Height":113,"Demand":1,"DemandMax":null,"Value":2373},{"Length":98,"Height":216,"Demand":1,"DemandMax":null,"Value":21168},{"Length":63,"Height":4,"Demand":1,"DemandMax":null,"Value":252},{"Length":30,"Height":27,"Demand":1,"DemandMax":null,"Value":810},{"Length":3,"Height":12,"Demand":1,"DemandMax":null,"Value":36},{"Length":29,"Height":5,"Demand":1,"DemandMax":null,"Value":145},{"Length":9,"Height":7,"Demand":1,"DemandMax":null,"Value":63},{"Length":24,"Height":143,"Demand":1,"DemandMax":null,"Value":3432},{"Length":109,"Height":1,"Demand":1,"DemandMax":null,"Value":109},{"Length":122,"Height":2,"Demand":1,"DemandMax":null,"Value":244},{"Length":4,"Height":86,"Demand":1,"DemandMax":null,"Value":344},{"Length":182,"Height":40,"Demand":1,"DemandMax":null,"Value":7280},{"Length":36,"Height":25,"Demand":1,"DemandMax":null,"Value":900},{"Length":70,"Height":107,"Demand":1,"DemandMax":null,"Value":7490},{"Length":16,"Height":1,"Demand":2,"DemandMax":null,"Value":16},{"Length":24,"Height":1,"Demand":1,"DemandMax":null,"Value":24},{"Length":2,"Height":6,"Demand":1,"DemandMax":null,"Value":12},{"Length":5,"Height":61,"Demand":1,"DemandMax":null,"Value":305},{"Length":5,"Height":23,"Demand":1,"DemandMax":null,"Value":115},{"Length":18,"Height":130,"Demand":1,"DemandMax":null,"Value":2340},{"Length":3,"Height":7,"Demand":1,"DemandMax":null,"Value":21},{"Length":1,"Height":5,"Demand":1,"DemandMax":null,"Value":5},{"Length":86,"Height":14,"Demand":1,"DemandMax":null,"Value":1204},{"Length":5,"Height":6,"Demand":1,"DemandMax":null,"Value":30},{"Length":25,"Height":19,"Demand":1,"DemandMax":null,"Value":475},{"Length":21,"Height":2,"Demand":1,"DemandMax":null,"Value":42},{"Length":25,"Height":1,"Demand":1,"DemandMax":null,"Value":25},{"Length":114,"Height":147,"Demand":1,"DemandMax":null,"Value":16758},{"Length":41,"Height":7,"Demand":1,"DemandMax":null,"Value":287},{"Length":8,"Height":1,"Demand":1,"DemandMax":null,"Value":8},{"Length":11,"Height":8,"Demand":1,"DemandMax":null,"Value":88},{"Length":5,"Height":106,"Demand":1,"DemandMax":null,"Value":530},{"Length":5,"Height":175,"Demand":1,"DemandMax":null,"Value":875},{"Length":135,"Height":118,"Demand":1,"DemandMax":null,"Value":15930},{"Length":13,"Height":216,"Demand":1,"DemandMax":null,"Value":2808},{"Length":141,"Height":3,"Demand":1,"DemandMax":null,"Value":423},{"Length":41,"Height":1,"Demand":1,"DemandMax":null,"Value":41},{"Length":35,"Height":9,"Demand":1,"DemandMax":null,"Value":315},{"Length":37,"Height":1,"Demand":1,"DemandMax":null,"Value":37},{"Length":29,"Height":1,"Demand":1,"DemandMax":null,"Value":29},{"Length":51,"Height":5,"Demand":1,"DemandMax":null,"Value":255},{"Length":1,"Height":91,"Demand":1,"DemandMax":null,"Value":91},{"Length":36,"Height":26,"Demand":1,"DemandMax":null,"Value":936},{"Length":14,"Height":2,"Demand":1,"DemandMax":null,"Value":28},{"Length":29,"Height":117,"Demand":1,"DemandMax":null,"Value":3393},{"Length":8,"Height":88,"Demand":1,"DemandMax":null,"Value":704},{"Length":55,"Height":2,"Demand":1,"DemandMax":null,"Value":110},{"Length":12,"Height":69,"Demand":1,"DemandMax":null,"Value":828}]}