{"Name":"Path200i5b4","Objects":[{"Length":440,"Height":598,"Stock":5,"Cost":263120},{"Length":307,"Height":602,"Stock":2,"Cost":184814},{"Length":693,"Height":402,"Stock":5,"Cost":278586},{"Length":307,"Height":398,"Stock":4,"Cost":122186},{"Length":253,"Height":598,"Stock":1,"Cost":151294}],"Items":[{"Length":193,"Height":4,"Demand":1,"DemandMax":null,"Value":772},{"Length":244,"Height":29,"Demand":1,"DemandMax":null,"Value":7076},{"Length":184,"Height":154,"Demand":1,"DemandMax":null,"Value":28336},{"Length":24,"Height":250,"Demand":1,"DemandMax":null,"Value":6000},{"Length":1,"Height":56,"Demand":1,"DemandMax":null,"Value":56},{"Length":35,"Height":148,"Demand":1,"DemandMax":null,"Value":5180},{"Length":102,"Height":156,"Demand":1,"DemandMax":null,"Value":15912},{"Length":98,"Height":24,"Demand":1,"DemandMax":null,"Value":2352},{"Length":39,"Height":1,"Demand":1,"DemandMax":null,"Value":39},{"Length":155,"Height":41,"Demand":1,"DemandMax":null,"Value":6355},{"Length":100,"Height":150,"Demand":1,"DemandMax":null,"Value":15000},{"Length":2,"Height":105,"Demand":1,"DemandMax":null,"Value":210},{"Length":253,"Height":17,"Demand":1,"DemandMax":null,"Value":4301},{"Length":64,"Height":17,"Demand":1,"DemandMax":null,"Value":1088},{"Length":27,"Height":118,"Demand":1,"DemandMax":null,"Value":3186},{"Length":160,"Height":170,"Demand":1,"DemandMax":null,"Value":27200},{"Length":247,"Height":137,"Demand":1,"DemandMax":null,"Value":33839},{"Length":63,"Height":16,"Demand":1,"DemandMax":null,"Value":1008},{"Length":63,"Height":1,"Demand":1,"DemandMax":null,"Value":63},{"Length":57,"Height":1,"Demand":2,"DemandMax":null,"Value":57},{"Length":12,"Height":1,"Demand":2,"DemandMax":null,"Value":12},{"Length":37,"Height":145,"Demand":1,"DemandMax":null,"Value":5365},{"Length":44,"Height":23,"Demand":1,"DemandMax":null,"Value":1012},{"Length":247,"Height":156,"Demand":1,"DemandMax":null,"Value":38532},{"Length":253,"Height":186,"Demand":1,"DemandMax":null,"Value":47058},{"Length":42,"Height":219,"Demand":1,"DemandMax":null,"Value":9198},{"Length":92,"Height":82,"Demand":1,"DemandMax":null,"Value":7544},{"Length":101,"Height":87,"Demand":1,"DemandMax":null,"Value":8787},{"Length":27,"Height":21,"Demand":1,"DemandMax":null,"Value":567},{"Length":63,"Height":97,"Demand":1,"DemandMax":null,"Value":6111},{"Length":219,"Height":23,"Demand":1,"DemandMax":null,"Value":5037},{"Length":223,"Height":97,"Demand":1,"DemandMax":null,"Value":21631},{"Length":44,"Height":250,"Demand":1,"DemandMax":null,"Value":11000},{"Length":51,"Height":2,"Demand":1,"DemandMax":null,"Value":102},{"Length":1,"Height":51,"Demand":1,"DemandMax":null,"Value":51},{"Length":42,"Height":119,"Demand":1,"DemandMax":null,"Value":4998},{"Length":27,"Height":12,"Demand":1,"DemandMax":null,"Value":324},{"Length":9,"Height":4,"Demand":1,"DemandMax":null,"Value":36},{"Length":10,"Height":143,"Demand":1,"DemandMax":null,"Value":1430},{"Length":161,"Height":19,"Demand":2,"DemandMax":null,"Value":3059},{"Length":1,"Height":71,"Demand":1,"DemandMax":null,"Value":71},{"Length":92,"Height":14,"Demand":1,"DemandMax":null,"Value":1288},{"Length":85,"Height":13,"Demand":1,"DemandMax":null,"Value":1105},{"Length":85,"Height":118,"Demand":1,"DemandMax":null,"Value":10030},{"Length":10,"Height":64,"Demand":1,"DemandMax":null,"Value":640},{"Length":6,"Height":21,"Demand":1,"DemandMax":null,"Value":126},{"Length":247,"Height":1,"Demand":2,"DemandMax":null,"Value":247},{"Length":217,"Height":213,"Demand":1,"DemandMax":null,"Value":46221},{"Length":247,"Height":3,"Demand":2,"DemandMax":null,"Value":741},{"Length":41,"Height":13,"Demand":1,"DemandMax":null,"Value":533},{"Length":57,"Height":8,"Demand":2,"DemandMax":null,"Value":456},{"Length":19,"Height":2,"Demand":1,"DemandMax":null,"Value":38},{"Length":57,"Height":16,"Demand":1,"DemandMax":null,"Value":912},{"Length":1,"Height":5,"Demand":1,"DemandMax":null,"Value":5},{"Length":81,"Height":52,"Demand":1,"DemandMax":null,"Value":4212},{"Length":49,"Height":69,"Demand":1,"DemandMax":null,"Value":3381},{"Length":11,"Height":78,"Demand":1,"DemandMax":null,"Value":858},{"Length":81,"Height":58,"Demand":1,"DemandMax":null,"Value":4698},{"Length":80,"Height":15,"Demand":1,"DemandMax":null,"Value":1200},{"Length":253,"Height":105,"Demand":1,"DemandMax":null,"Value":26565},{"Length":46,"Height":4,"Demand":1,"DemandMax":null,"Value":184},{"Length":32,"Height":14,"Demand":1,"DemandMax":null,"Value":448},{"Length":57,"Height":65,"Demand":1,"DemandMax":null,"Value":3705},{"Length":5,"Height":4,"Demand":1,"DemandMax":null,"Value":20},{"Length":2,"Height":52,"Demand":1,"DemandMax":null,"Value":104},{"Length":51,"Height":5,"Demand":1,"DemandMax":null,"Value":255},{"Length":36,"Height":3,"Demand":1,"DemandMax":null,"Value":108},{"Length":57,"Height":5,"Demand":1,"DemandMax":null,"Value":285},{"Length":7,"Height":1,"Demand":2,"DemandMax":null,"Value":7},{"Length":36,"Height":1,"Demand":2,"DemandMax":null,"Value":36},{"Length":3,"Height":1,"Demand":3,"DemandMax":null,"Value":3},{"Length":58,"Height":86,"Demand":1,"DemandMax":null,"Value":4988},{"Length":35,"Height":1,"Demand":1,"DemandMax":null,"Value":35},{"Length":62,"Height":6,"Demand":1,"DemandMax":null,"Value":372},{"Length":2,"Height":1,"Demand":2,"DemandMax":null,"Value":2},{"Length":39,"Height":6,"Demand":1,"DemandMax":null,"Value":234},{"Length":40,"Height":195,"Demand":1,"DemandMax":null,"Value":7800},{"Length":15,"Height":68,"Demand":1,"DemandMax":null,"Value":1020},{"Length":88,"Height":100,"Demand":1,"DemandMax":null,"Value":8800},{"Length":63,"Height":29,"Demand":1,"DemandMax":null,"Value":1827},{"Length":203,"Height":58,"Demand":1,"DemandMax":null,"Value":11774},{"Length":67,"Height":13,"Demand":1,"DemandMax":null,"Value":871},{"Length":18,"Height":27,"Demand":1,"DemandMax":null,"Value":486},{"Length":151,"Height":104,"Demand":1,"DemandMax":null,"Value":15704},{"Length":119,"Height":138,"Demand":1,"DemandMax":null,"Value":16422},{"Length":1,"Height":1,"Demand":3,"DemandMax":null,"Value":1},{"Length":6,"Height":23,"Demand":1,"DemandMax":null,"Value":138},{"Length":4,"Height":2,"Demand":1,"DemandMax":null,"Value":8},{"Length":27,"Height":15,"Demand":1,"DemandMax":null,"Value":405},{"Length":80,"Height":25,"Demand":1,"DemandMax":null,"Value":2000},{"Length":2,"Height":183,"Demand":1,"DemandMax":null,"Value":366},{"Length":173,"Height":3,"Demand":1,"DemandMax":null,"Value":519},{"Length":54,"Height":1,"Demand":1,"DemandMax":null,"Value":54},{"Length":3,"Height":11,"Demand":1,"DemandMax":null,"Value":33},{"Length":8,"Height":48,"Demand":1,"DemandMax":null,"Value":384},{"Length":51,"Height":6,"Demand":1,"DemandMax":null,"Value":306},{"Length":67,"Height":32,"Demand":1,"DemandMax":null,"Value":2144},{"Length":80,"Height":23,"Demand":1,"DemandMax":null,"Value":1840},{"Length":244,"Height":238,"Demand":1,"DemandMax":null,"Value":58072},{"Length":18,"Height":234,"Demand":1,"DemandMax":null,"Value":4212},{"Length":189,"Height":250,"Demand":1,"DemandMax":null,"Value":47250},{"Length":81,"Height":28,"Demand":1,"DemandMax":null,"Value":2268},{"Length":88,"Height":37,"Demand":1,"DemandMax":null,"Value":3256},{"Length":91,"Height":76,"Demand":1,"DemandMax":null,"Value":6916},{"Length":22,"Height":4,"Demand":1,"DemandMax":null,"Value":88},{"Length":12,"Height":5,"Demand":1,"DemandMax":null,"Value":60},{"Length":12,"Height":2,"Demand":1,"DemandMax":null,"Value":24},{"Length":23,"Height":53,"Demand":1,"DemandMax":null,"Value":1219},{"Length":4,"Height":29,"Demand":1,"DemandMax":null,"Value":116},{"Length":173,"Height":13,"Demand":1,"DemandMax":null,"Value":2249},{"Length":252,"Height":20,"Demand":1,"DemandMax":null,"Value":5040},{"Length":174,"Height":2,"Demand":2,"DemandMax":null,"Value":348},{"Length":252,"Height":15,"Demand":1,"DemandMax":null,"Value":3780},{"Length":193,"Height":74,"Demand":1,"DemandMax":null,"Value":14282},{"Length":193,"Height":27,"Demand":1,"DemandMax":null,"Value":5211},{"Length":155,"Height":107,"Demand":1,"DemandMax":null,"Value":16585},{"Length":19,"Height":23,"Demand":1,"DemandMax":null,"Value":437},{"Length":190,"Height":150,"Demand":1,"DemandMax":null,"Value":28500},{"Length":70,"Height":1,"Demand":1,"DemandMax":null,"Value":70},{"Length":39,"Height":3,"Demand":1,"DemandMax":null,"Value":117},{"Length":68,"Height":92,"Demand":1,"DemandMax":null,"Value":6256},{"Length":73,"Height":90,"Demand":1,"DemandMax":null,"Value":6570},{"Length":163,"Height":100,"Demand":1,"DemandMax":null,"Value":16300},{"Length":213,"Height":24,"Demand":1,"DemandMax":null,"Value":5112},{"Length":39,"Height":18,"Demand":1,"DemandMax":null,"Value":702},{"Length":51,"Height":1,"Demand":1,"DemandMax":null,"Value":51},{"Length":148,"Height":105,"Demand":1,"DemandMax":null,"Value":15540},{"Length":5,"Height":1,"Demand":2,"DemandMax":null,"Value":5},{"Length":45,"Height":1,"Demand":1,"DemandMax":null,"Value":45},{"Length":52,"Height":26,"Demand":1,"DemandMax":null,"Value":1352},{"Length":141,"Height":2,"Demand":1,"DemandMax":null,"Value":282},{"Length":58,"Height":6,"Demand":1,"DemandMax":null,"Value":348},{"Length":84,"Height":100,"Demand":1,"DemandMax":null,"Value":8400},{"Length":2,"Height":51,"Demand":1,"DemandMax":null,"Value":102},{"Length":4,"Height":78,"Demand":1,"DemandMax":null,"Value":312},{"Length":43,"Height":24,"Demand":1,"DemandMax":null,"Value":1032},{"Length":78,"Height":38,"Demand":1,"DemandMax":null,"Value":2964},{"Length":128,"Height":162,"Demand":1,"DemandMax":null,"Value":20736},{"Length":25,"Height":195,"Demand":1,"DemandMax":null,"Value":4875},{"Length":117,"Height":148,"Demand":1,"DemandMax":null,"Value":17316},{"Length":13,"Height":1,"Demand":1,"DemandMax":null,"Value":13},{"Length":25,"Height":83,"Demand":1,"DemandMax":null,"Value":2075},{"Length":18,"Height":69,"Demand":1,"DemandMax":null,"Value":1242},{"Length":8,"Height":1,"Demand":2,"DemandMax":null,"Value":8},{"Length":203,"Height":115,"Demand":1,"DemandMax":null,"Value":23345},{"Length":244,"Height":1,"Demand":1,"DemandMax":null,"Value":244},{"Length":92,"Height":10,"Demand":1,"DemandMax":null,"Value":920},{"Length":32,"Height":9,"Demand":1,"DemandMax":null,"Value":288},{"Length":10,"Height":10,"Demand":1,"DemandMax":null,"Value":100},{"Length":1,"Height":52,"Demand":1,"DemandMax":null,"Value":52},{"Length":2,"Height":10,"Demand":1,"DemandMax":null,"Value":20},{"Length":22,"Height":1,"Demand":1,"DemandMax":null,"Value":22},{"Length":161,"Height":34,"Demand":1,"DemandMax":null,"Value":5474},{"Length":2,"Height":2,"Demand":1,"DemandMax":null,"Value":4},{"Length":102,"Height":38,"Demand":1,"DemandMax":null,"Value":3876},{"Length":189,"Height":17,"Demand":1,"DemandMax":null,"Value":3213},{"Length":81,"Height":32,"Demand":1,"DemandMax":null,"Value":2592},{"Length":119,"Height":57,"Demand":1,"DemandMax":null,"Value":6783},{"Length":78,"Height":90,"Demand":1,"DemandMax":null,"Value":7020},{"Length":193,"Height":33,"Demand":1,"DemandMax":null,"Value":6369},{"Length":38,"Height":1,"Demand":1,"DemandMax":null,"Value":38},{"Length":166,"Height":145,"Demand":1,"DemandMax":null,"Value":24070},{"Length":13,"Height":2,"Demand":1,"DemandMax":null,"Value":26},{"Length":6,"Height":1,"Demand":2,"DemandMax":null,"Value":6},{"Length":2,"Height":83,"Demand":1,"DemandMax":null,"Value":166},{"Length":101,"Height":32,"Demand":1,"DemandMax":null,"Value":3232},{"Length":10,"Height":4,"Demand":1,"DemandMax":null,"Value":40},{"Length":80,"Height":1,"Demand":1,"DemandMax":null,"Value":80},{"Length":78,"Height":40,"Demand":1,"DemandMax":null,"Value":3120},{"Length":6,"Height":54,"Demand":1,"DemandMax":null,"Value":324},{"Length":1,"Height":2,"Demand":1,"DemandMax":null,"Value":2},{"Length":91,"Height":86,"Demand":1,"DemandMax":null,"Value":7826},{"Length":109,"Height":118,"Demand":1,"DemandMax":null,"Value":12862},{"Length":27,"Height":219,"Demand":1,"DemandMax":null,"Value":5913},{"Length":48,"Height":92,"Demand":1,"DemandMax":null,"Value":4416},{"Length":57,"Height":70,"Demand":1,"DemandMax":null,"Value":3990},{"Length":63,"Height":121,"Demand":1,"DemandMax":null,"Value":7623},{"Length":70,"Height":3,"Demand":1,"DemandMax":null,"Value":210},{"Length":17,"Height":150,"Demand":1,"DemandMax":null,"Value":2550},{"Length":11,"Height":71,"Demand":1,"DemandMax":null,"Value":781},{"Length":174,"Height":1,"Demand":1,"DemandMax":null,"Value":174},{"Length":161,"Height":100,"Demand":1,"DemandMax":null,"Value":16100},{"Length":50,"Height":250,"Demand":1,"DemandMax":null,"Value":12500}]}