{"Name":"Nice200i4b2","Objects":[{"Length":258,"Height":414,"Stock":5,"Cost":106812},{"Length":310,"Height":1000,"Stock":1,"Cost":310000},{"Length":258,"Height":586,"Stock":6,"Cost":151188},{"Length":432,"Height":1000,"Stock":6,"Cost":432000}],"Items":[{"Length":99,"Height":70,"Demand":1,"DemandMax":null,"Value":6930},{"Length":152,"Height":46,"Demand":1,"DemandMax":null,"Value":6992},{"Length":57,"Height":65,"Demand":2,"DemandMax":null,"Value":3705},{"Length":101,"Height":69,"Demand":1,"DemandMax":null,"Value":6969},{"Length":52,"Height":72,"Demand":1,"DemandMax":null,"Value":3744},{"Length":68,"Height":90,"Demand":1,"DemandMax":null,"Value":6120},{"Length":68,"Height":101,"Demand":1,"DemandMax":null,"Value":6868},{"Length":99,"Height":52,"Demand":1,"DemandMax":null,"Value":5148},{"Length":54,"Height":57,"Demand":1,"DemandMax":null,"Value":3078},{"Length":61,"Height":62,"Demand":1,"DemandMax":null,"Value":3782},{"Length":66,"Height":109,"Demand":1,"DemandMax":null,"Value":7194},{"Length":54,"Height":58,"Demand":1,"DemandMax":null,"Value":3132},{"Length":123,"Height":58,"Demand":1,"DemandMax":null,"Value":7134},{"Length":108,"Height":35,"Demand":1,"DemandMax":null,"Value":3780},{"Length":65,"Height":60,"Demand":1,"DemandMax":null,"Value":3900},{"Length":88,"Height":50,"Demand":1,"DemandMax":null,"Value":4400},{"Length":34,"Height":79,"Demand":1,"DemandMax":null,"Value":2686},{"Length":95,"Height":74,"Demand":1,"DemandMax":null,"Value":7030},{"Length":123,"Height":31,"Demand":1,"DemandMax":null,"Value":3813},{"Length":88,"Height":38,"Demand":1,"DemandMax":null,"Value":3344},{"Length":69,"Height":115,"Demand":1,"DemandMax":null,"Value":7935},{"Length":111,"Height":62,"Demand":2,"DemandMax":null,"Value":6882},{"Length":62,"Height":111,"Demand":1,"DemandMax":null,"Value":6882},{"Length":53,"Height":86,"Demand":1,"DemandMax":null,"Value":4558},{"Length":126,"Height":33,"Demand":1,"DemandMax":null,"Value":4158},{"Length":41,"Height":124,"Demand":1,"DemandMax":null,"Value":5084},{"Length":65,"Height":70,"Demand":1,"DemandMax":null,"Value":4550},{"Length":69,"Height":248,"Demand":1,"DemandMax":null,"Value":17112},{"Length":43,"Height":91,"Demand":1,"DemandMax":null,"Value":3913},{"Length":64,"Height":61,"Demand":1,"DemandMax":null,"Value":3904},{"Length":34,"Height":127,"Demand":1,"DemandMax":null,"Value":4318},{"Length":47,"Height":146,"Demand":1,"DemandMax":null,"Value":6862},{"Length":162,"Height":42,"Demand":1,"DemandMax":null,"Value":6804},{"Length":82,"Height":42,"Demand":1,"DemandMax":null,"Value":3444},{"Length":135,"Height":37,"Demand":2,"DemandMax":null,"Value":4995},{"Length":77,"Height":68,"Demand":1,"DemandMax":null,"Value":5236},{"Length":44,"Height":90,"Demand":1,"DemandMax":null,"Value":3960},{"Length":57,"Height":127,"Demand":1,"DemandMax":null,"Value":7239},{"Length":91,"Height":70,"Demand":1,"DemandMax":null,"Value":6370},{"Length":95,"Height":43,"Demand":2,"DemandMax":null,"Value":4085},{"Length":117,"Height":77,"Demand":1,"DemandMax":null,"Value":9009},{"Length":41,"Height":127,"Demand":1,"DemandMax":null,"Value":5207},{"Length":49,"Height":51,"Demand":1,"DemandMax":null,"Value":2499},{"Length":45,"Height":77,"Demand":2,"DemandMax":null,"Value":3465},{"Length":127,"Height":33,"Demand":1,"DemandMax":null,"Value":4191},{"Length":62,"Height":137,"Demand":1,"DemandMax":null,"Value":8494},{"Length":129,"Height":81,"Demand":1,"DemandMax":null,"Value":10449},{"Length":63,"Height":65,"Demand":1,"DemandMax":null,"Value":4095},{"Length":76,"Height":50,"Demand":1,"DemandMax":null,"Value":3800},{"Length":95,"Height":40,"Demand":1,"DemandMax":null,"Value":3800},{"Length":45,"Height":91,"Demand":1,"DemandMax":null,"Value":4095},{"Length":65,"Height":53,"Demand":1,"DemandMax":null,"Value":3445},{"Length":108,"Height":43,"Demand":1,"DemandMax":null,"Value":4644},{"Length":69,"Height":68,"Demand":1,"DemandMax":null,"Value":4692},{"Length":29,"Height":87,"Demand":1,"DemandMax":null,"Value":2523},{"Length":59,"Height":70,"Demand":1,"DemandMax":null,"Value":4130},{"Length":66,"Height":62,"Demand":1,"DemandMax":null,"Value":4092},{"Length":79,"Height":42,"Demand":1,"DemandMax":null,"Value":3318},{"Length":99,"Height":40,"Demand":1,"DemandMax":null,"Value":3960},{"Length":42,"Height":152,"Demand":1,"DemandMax":null,"Value":6384},{"Length":62,"Height":62,"Demand":1,"DemandMax":null,"Value":3844},{"Length":120,"Height":33,"Demand":1,"DemandMax":null,"Value":3960},{"Length":68,"Height":68,"Demand":1,"DemandMax":null,"Value":4624},{"Length":55,"Height":73,"Demand":1,"DemandMax":null,"Value":4015},{"Length":33,"Height":132,"Demand":1,"DemandMax":null,"Value":4356},{"Length":81,"Height":47,"Demand":2,"DemandMax":null,"Value":3807},{"Length":59,"Height":73,"Demand":1,"DemandMax":null,"Value":4307},{"Length":114,"Height":34,"Demand":1,"DemandMax":null,"Value":3876},{"Length":64,"Height":63,"Demand":1,"DemandMax":null,"Value":4032},{"Length":42,"Height":167,"Demand":1,"DemandMax":null,"Value":7014},{"Length":162,"Height":43,"Demand":1,"DemandMax":null,"Value":6966},{"Length":70,"Height":68,"Demand":1,"DemandMax":null,"Value":4760},{"Length":130,"Height":35,"Demand":1,"DemandMax":null,"Value":4550},{"Length":78,"Height":51,"Demand":1,"DemandMax":null,"Value":3978},{"Length":135,"Height":35,"Demand":1,"DemandMax":null,"Value":4725},{"Length":83,"Height":45,"Demand":1,"DemandMax":null,"Value":3735},{"Length":65,"Height":88,"Demand":1,"DemandMax":null,"Value":5720},{"Length":73,"Height":44,"Demand":1,"DemandMax":null,"Value":3212},{"Length":47,"Height":92,"Demand":2,"DemandMax":null,"Value":4324},{"Length":91,"Height":49,"Demand":1,"DemandMax":null,"Value":4459},{"Length":73,"Height":145,"Demand":1,"DemandMax":null,"Value":10585},{"Length":90,"Height":31,"Demand":1,"DemandMax":null,"Value":2790},{"Length":80,"Height":47,"Demand":3,"DemandMax":null,"Value":3760},{"Length":60,"Height":83,"Demand":1,"DemandMax":null,"Value":4980},{"Length":80,"Height":58,"Demand":1,"DemandMax":null,"Value":4640},{"Length":80,"Height":95,"Demand":1,"DemandMax":null,"Value":7600},{"Length":72,"Height":68,"Demand":1,"DemandMax":null,"Value":4896},{"Length":68,"Height":58,"Demand":1,"DemandMax":null,"Value":3944},{"Length":67,"Height":50,"Demand":1,"DemandMax":null,"Value":3350},{"Length":58,"Height":44,"Demand":1,"DemandMax":null,"Value":2552},{"Length":54,"Height":50,"Demand":1,"DemandMax":null,"Value":2700},{"Length":94,"Height":29,"Demand":1,"DemandMax":null,"Value":2726},{"Length":50,"Height":90,"Demand":1,"DemandMax":null,"Value":4500},{"Length":45,"Height":60,"Demand":1,"DemandMax":null,"Value":2700},{"Length":68,"Height":59,"Demand":1,"DemandMax":null,"Value":4012},{"Length":63,"Height":44,"Demand":1,"DemandMax":null,"Value":2772},{"Length":68,"Height":89,"Demand":1,"DemandMax":null,"Value":6052},{"Length":133,"Height":41,"Demand":1,"DemandMax":null,"Value":5453},{"Length":82,"Height":47,"Demand":1,"DemandMax":null,"Value":3854},{"Length":41,"Height":68,"Demand":2,"DemandMax":null,"Value":2788},{"Length":114,"Height":35,"Demand":1,"DemandMax":null,"Value":3990},{"Length":127,"Height":36,"Demand":1,"DemandMax":null,"Value":4572},{"Length":53,"Height":90,"Demand":1,"DemandMax":null,"Value":4770},{"Length":33,"Height":118,"Demand":1,"DemandMax":null,"Value":3894},{"Length":32,"Height":78,"Demand":1,"DemandMax":null,"Value":2496},{"Length":133,"Height":42,"Demand":1,"DemandMax":null,"Value":5586},{"Length":34,"Height":87,"Demand":2,"DemandMax":null,"Value":2958},{"Length":104,"Height":50,"Demand":1,"DemandMax":null,"Value":5200},{"Length":42,"Height":111,"Demand":1,"DemandMax":null,"Value":4662},{"Length":61,"Height":118,"Demand":1,"DemandMax":null,"Value":7198},{"Length":68,"Height":73,"Demand":1,"DemandMax":null,"Value":4964},{"Length":46,"Height":152,"Demand":1,"DemandMax":null,"Value":6992},{"Length":106,"Height":147,"Demand":1,"DemandMax":null,"Value":15582},{"Length":68,"Height":70,"Demand":1,"DemandMax":null,"Value":4760},{"Length":126,"Height":37,"Demand":1,"DemandMax":null,"Value":4662},{"Length":66,"Height":91,"Demand":1,"DemandMax":null,"Value":6006},{"Length":69,"Height":38,"Demand":1,"DemandMax":null,"Value":2622},{"Length":91,"Height":33,"Demand":1,"DemandMax":null,"Value":3003},{"Length":68,"Height":61,"Demand":1,"DemandMax":null,"Value":4148},{"Length":65,"Height":59,"Demand":2,"DemandMax":null,"Value":3835},{"Length":95,"Height":42,"Demand":1,"DemandMax":null,"Value":3990},{"Length":74,"Height":91,"Demand":1,"DemandMax":null,"Value":6734},{"Length":135,"Height":41,"Demand":1,"DemandMax":null,"Value":5535},{"Length":94,"Height":88,"Demand":1,"DemandMax":null,"Value":8272},{"Length":113,"Height":58,"Demand":1,"DemandMax":null,"Value":6554},{"Length":81,"Height":65,"Demand":1,"DemandMax":null,"Value":5265},{"Length":70,"Height":58,"Demand":1,"DemandMax":null,"Value":4060},{"Length":62,"Height":63,"Demand":2,"DemandMax":null,"Value":3906},{"Length":67,"Height":63,"Demand":1,"DemandMax":null,"Value":4221},{"Length":73,"Height":70,"Demand":1,"DemandMax":null,"Value":5110},{"Length":121,"Height":68,"Demand":1,"DemandMax":null,"Value":8228},{"Length":53,"Height":91,"Demand":1,"DemandMax":null,"Value":4823},{"Length":159,"Height":42,"Demand":1,"DemandMax":null,"Value":6678},{"Length":45,"Height":56,"Demand":1,"DemandMax":null,"Value":2520},{"Length":46,"Height":55,"Demand":1,"DemandMax":null,"Value":2530},{"Length":64,"Height":91,"Demand":1,"DemandMax":null,"Value":5824},{"Length":61,"Height":63,"Demand":1,"DemandMax":null,"Value":3843},{"Length":82,"Height":50,"Demand":1,"DemandMax":null,"Value":4100},{"Length":108,"Height":89,"Demand":1,"DemandMax":null,"Value":9612},{"Length":29,"Height":86,"Demand":1,"DemandMax":null,"Value":2494},{"Length":152,"Height":55,"Demand":1,"DemandMax":null,"Value":8360},{"Length":98,"Height":111,"Demand":1,"DemandMax":null,"Value":10878},{"Length":70,"Height":66,"Demand":1,"DemandMax":null,"Value":4620},{"Length":46,"Height":127,"Demand":1,"DemandMax":null,"Value":5842},{"Length":98,"Height":61,"Demand":1,"DemandMax":null,"Value":5978},{"Length":83,"Height":122,"Demand":1,"DemandMax":null,"Value":10126},{"Length":52,"Height":73,"Demand":1,"DemandMax":null,"Value":3796},{"Length":99,"Height":42,"Demand":1,"DemandMax":null,"Value":4158},{"Length":47,"Height":87,"Demand":1,"DemandMax":null,"Value":4089},{"Length":34,"Height":132,"Demand":1,"DemandMax":null,"Value":4488},{"Length":59,"Height":74,"Demand":1,"DemandMax":null,"Value":4366},{"Length":65,"Height":104,"Demand":1,"DemandMax":null,"Value":6760},{"Length":81,"Height":51,"Demand":1,"DemandMax":null,"Value":4131},{"Length":123,"Height":33,"Demand":1,"DemandMax":null,"Value":4059},{"Length":70,"Height":37,"Demand":1,"DemandMax":null,"Value":2590},{"Length":52,"Height":87,"Demand":1,"DemandMax":null,"Value":4524},{"Length":158,"Height":64,"Demand":1,"DemandMax":null,"Value":10112},{"Length":82,"Height":215,"Demand":1,"DemandMax":null,"Value":17630},{"Length":145,"Height":147,"Demand":1,"DemandMax":null,"Value":21315},{"Length":67,"Height":44,"Demand":1,"DemandMax":null,"Value":2948},{"Length":45,"Height":67,"Demand":1,"DemandMax":null,"Value":3015},{"Length":91,"Height":50,"Demand":1,"DemandMax":null,"Value":4550},{"Length":90,"Height":46,"Demand":1,"DemandMax":null,"Value":4140},{"Length":70,"Height":53,"Demand":1,"DemandMax":null,"Value":3710},{"Length":53,"Height":79,"Demand":1,"DemandMax":null,"Value":4187},{"Length":63,"Height":56,"Demand":1,"DemandMax":null,"Value":3528},{"Length":33,"Height":78,"Demand":1,"DemandMax":null,"Value":2574},{"Length":82,"Height":59,"Demand":1,"DemandMax":null,"Value":4838},{"Length":54,"Height":61,"Demand":1,"DemandMax":null,"Value":3294},{"Length":69,"Height":41,"Demand":1,"DemandMax":null,"Value":2829},{"Length":88,"Height":43,"Demand":1,"DemandMax":null,"Value":3784},{"Length":85,"Height":50,"Demand":1,"DemandMax":null,"Value":4250},{"Length":55,"Height":56,"Demand":1,"DemandMax":null,"Value":3080},{"Length":65,"Height":86,"Demand":1,"DemandMax":null,"Value":5590},{"Length":94,"Height":32,"Demand":1,"DemandMax":null,"Value":3008},{"Length":120,"Height":53,"Demand":1,"DemandMax":null,"Value":6360},{"Length":89,"Height":44,"Demand":1,"DemandMax":null,"Value":3916},{"Length":49,"Height":75,"Demand":1,"DemandMax":null,"Value":3675},{"Length":80,"Height":42,"Demand":1,"DemandMax":null,"Value":3360},{"Length":104,"Height":57,"Demand":1,"DemandMax":null,"Value":5928},{"Length":124,"Height":70,"Demand":1,"DemandMax":null,"Value":8680},{"Length":55,"Height":70,"Demand":1,"DemandMax":null,"Value":3850},{"Length":46,"Height":56,"Demand":1,"DemandMax":null,"Value":2576},{"Length":39,"Height":87,"Demand":1,"DemandMax":null,"Value":3393},{"Length":70,"Height":41,"Demand":1,"DemandMax":null,"Value":2870},{"Length":73,"Height":58,"Demand":1,"DemandMax":null,"Value":4234},{"Length":58,"Height":74,"Demand":1,"DemandMax":null,"Value":4292}]}