{"Name":"Path500i2b4","Objects":[{"Length":422,"Height":1000,"Stock":4,"Cost":422000},{"Length":578,"Height":1000,"Stock":5,"Cost":578000}],"Items":[{"Length":35,"Height":143,"Demand":1,"DemandMax":null,"Value":5005},{"Length":22,"Height":48,"Demand":1,"DemandMax":null,"Value":1056},{"Length":2,"Height":1,"Demand":13,"DemandMax":null,"Value":2},{"Length":34,"Height":98,"Demand":1,"DemandMax":null,"Value":3332},{"Length":25,"Height":12,"Demand":2,"DemandMax":null,"Value":300},{"Length":380,"Height":118,"Demand":1,"DemandMax":null,"Value":44840},{"Length":207,"Height":38,"Demand":1,"DemandMax":null,"Value":7866},{"Length":72,"Height":95,"Demand":1,"DemandMax":null,"Value":6840},{"Length":3,"Height":3,"Demand":1,"DemandMax":null,"Value":9},{"Length":1,"Height":89,"Demand":1,"DemandMax":null,"Value":89},{"Length":335,"Height":210,"Demand":1,"DemandMax":null,"Value":70350},{"Length":198,"Height":69,"Demand":1,"DemandMax":null,"Value":13662},{"Length":1,"Height":21,"Demand":2,"DemandMax":null,"Value":21},{"Length":42,"Height":14,"Demand":1,"DemandMax":null,"Value":588},{"Length":43,"Height":1,"Demand":1,"DemandMax":null,"Value":43},{"Length":11,"Height":195,"Demand":1,"DemandMax":null,"Value":2145},{"Length":47,"Height":9,"Demand":1,"DemandMax":null,"Value":423},{"Length":44,"Height":29,"Demand":1,"DemandMax":null,"Value":1276},{"Length":6,"Height":5,"Demand":1,"DemandMax":null,"Value":30},{"Length":162,"Height":73,"Demand":1,"DemandMax":null,"Value":11826},{"Length":84,"Height":36,"Demand":1,"DemandMax":null,"Value":3024},{"Length":6,"Height":46,"Demand":1,"DemandMax":null,"Value":276},{"Length":329,"Height":17,"Demand":1,"DemandMax":null,"Value":5593},{"Length":6,"Height":1,"Demand":5,"DemandMax":null,"Value":6},{"Length":5,"Height":1,"Demand":6,"DemandMax":null,"Value":5},{"Length":101,"Height":61,"Demand":1,"DemandMax":null,"Value":6161},{"Length":80,"Height":2,"Demand":2,"DemandMax":null,"Value":160},{"Length":78,"Height":1,"Demand":1,"DemandMax":null,"Value":78},{"Length":20,"Height":120,"Demand":1,"DemandMax":null,"Value":2400},{"Length":104,"Height":157,"Demand":1,"DemandMax":null,"Value":16328},{"Length":46,"Height":1,"Demand":1,"DemandMax":null,"Value":46},{"Length":104,"Height":1,"Demand":1,"DemandMax":null,"Value":104},{"Length":94,"Height":25,"Demand":1,"DemandMax":null,"Value":2350},{"Length":170,"Height":33,"Demand":1,"DemandMax":null,"Value":5610},{"Length":1,"Height":1,"Demand":56,"DemandMax":null,"Value":1},{"Length":15,"Height":1,"Demand":3,"DemandMax":null,"Value":15},{"Length":94,"Height":22,"Demand":1,"DemandMax":null,"Value":2068},{"Length":44,"Height":1,"Demand":2,"DemandMax":null,"Value":44},{"Length":39,"Height":35,"Demand":1,"DemandMax":null,"Value":1365},{"Length":18,"Height":1,"Demand":2,"DemandMax":null,"Value":18},{"Length":265,"Height":80,"Demand":1,"DemandMax":null,"Value":21200},{"Length":20,"Height":19,"Demand":1,"DemandMax":null,"Value":380},{"Length":80,"Height":32,"Demand":1,"DemandMax":null,"Value":2560},{"Length":3,"Height":48,"Demand":1,"DemandMax":null,"Value":144},{"Length":85,"Height":27,"Demand":1,"DemandMax":null,"Value":2295},{"Length":2,"Height":3,"Demand":1,"DemandMax":null,"Value":6},{"Length":49,"Height":1,"Demand":1,"DemandMax":null,"Value":49},{"Length":4,"Height":23,"Demand":1,"DemandMax":null,"Value":92},{"Length":11,"Height":72,"Demand":1,"DemandMax":null,"Value":792},{"Length":23,"Height":38,"Demand":1,"DemandMax":null,"Value":874},{"Length":101,"Height":1,"Demand":2,"DemandMax":null,"Value":101},{"Length":41,"Height":164,"Demand":1,"DemandMax":null,"Value":6724},{"Length":9,"Height":8,"Demand":2,"DemandMax":null,"Value":72},{"Length":122,"Height":13,"Demand":1,"DemandMax":null,"Value":1586},{"Length":146,"Height":234,"Demand":1,"DemandMax":null,"Value":34164},{"Length":34,"Height":3,"Demand":1,"DemandMax":null,"Value":102},{"Length":35,"Height":13,"Demand":1,"DemandMax":null,"Value":455},{"Length":167,"Height":114,"Demand":1,"DemandMax":null,"Value":19038},{"Length":2,"Height":42,"Demand":1,"DemandMax":null,"Value":84},{"Length":90,"Height":45,"Demand":1,"DemandMax":null,"Value":4050},{"Length":82,"Height":111,"Demand":1,"DemandMax":null,"Value":9102},{"Length":82,"Height":12,"Demand":1,"DemandMax":null,"Value":984},{"Length":11,"Height":1,"Demand":4,"DemandMax":null,"Value":11},{"Length":6,"Height":2,"Demand":5,"DemandMax":null,"Value":12},{"Length":64,"Height":6,"Demand":1,"DemandMax":null,"Value":384},{"Length":3,"Height":28,"Demand":2,"DemandMax":null,"Value":84},{"Length":62,"Height":17,"Demand":1,"DemandMax":null,"Value":1054},{"Length":13,"Height":101,"Demand":1,"DemandMax":null,"Value":1313},{"Length":8,"Height":1,"Demand":5,"DemandMax":null,"Value":8},{"Length":23,"Height":32,"Demand":1,"DemandMax":null,"Value":736},{"Length":187,"Height":4,"Demand":1,"DemandMax":null,"Value":748},{"Length":230,"Height":24,"Demand":1,"DemandMax":null,"Value":5520},{"Length":24,"Height":90,"Demand":1,"DemandMax":null,"Value":2160},{"Length":1,"Height":2,"Demand":9,"DemandMax":null,"Value":2},{"Length":114,"Height":9,"Demand":1,"DemandMax":null,"Value":1026},{"Length":2,"Height":113,"Demand":1,"DemandMax":null,"Value":226},{"Length":27,"Height":86,"Demand":1,"DemandMax":null,"Value":2322},{"Length":8,"Height":5,"Demand":1,"DemandMax":null,"Value":40},{"Length":246,"Height":1,"Demand":1,"DemandMax":null,"Value":246},{"Length":93,"Height":142,"Demand":1,"DemandMax":null,"Value":13206},{"Length":51,"Height":194,"Demand":1,"DemandMax":null,"Value":9894},{"Length":99,"Height":145,"Demand":1,"DemandMax":null,"Value":14355},{"Length":1,"Height":4,"Demand":4,"DemandMax":null,"Value":4},{"Length":109,"Height":22,"Demand":1,"DemandMax":null,"Value":2398},{"Length":422,"Height":9,"Demand":1,"DemandMax":null,"Value":3798},{"Length":12,"Height":1,"Demand":2,"DemandMax":null,"Value":12},{"Length":285,"Height":20,"Demand":1,"DemandMax":null,"Value":5700},{"Length":288,"Height":2,"Demand":1,"DemandMax":null,"Value":576},{"Length":111,"Height":134,"Demand":1,"DemandMax":null,"Value":14874},{"Length":11,"Height":30,"Demand":1,"DemandMax":null,"Value":330},{"Length":7,"Height":1,"Demand":5,"DemandMax":null,"Value":7},{"Length":2,"Height":4,"Demand":2,"DemandMax":null,"Value":8},{"Length":1,"Height":37,"Demand":1,"DemandMax":null,"Value":37},{"Length":246,"Height":4,"Demand":1,"DemandMax":null,"Value":984},{"Length":2,"Height":2,"Demand":3,"DemandMax":null,"Value":4},{"Length":1,"Height":3,"Demand":8,"DemandMax":null,"Value":3},{"Length":1,"Height":6,"Demand":4,"DemandMax":null,"Value":6},{"Length":31,"Height":15,"Demand":1,"DemandMax":null,"Value":465},{"Length":1,"Height":98,"Demand":1,"DemandMax":null,"Value":98},{"Length":91,"Height":12,"Demand":1,"DemandMax":null,"Value":1092},{"Length":17,"Height":1,"Demand":1,"DemandMax":null,"Value":17},{"Length":185,"Height":3,"Demand":1,"DemandMax":null,"Value":555},{"Length":102,"Height":8,"Demand":1,"DemandMax":null,"Value":816},{"Length":165,"Height":5,"Demand":1,"DemandMax":null,"Value":825},{"Length":83,"Height":66,"Demand":1,"DemandMax":null,"Value":5478},{"Length":363,"Height":35,"Demand":1,"DemandMax":null,"Value":12705},{"Length":63,"Height":78,"Demand":1,"DemandMax":null,"Value":4914},{"Length":20,"Height":1,"Demand":2,"DemandMax":null,"Value":20},{"Length":38,"Height":63,"Demand":1,"DemandMax":null,"Value":2394},{"Length":333,"Height":101,"Demand":1,"DemandMax":null,"Value":33633},{"Length":1,"Height":48,"Demand":1,"DemandMax":null,"Value":48},{"Length":56,"Height":10,"Demand":1,"DemandMax":null,"Value":560},{"Length":16,"Height":22,"Demand":1,"DemandMax":null,"Value":352},{"Length":55,"Height":3,"Demand":1,"DemandMax":null,"Value":165},{"Length":32,"Height":2,"Demand":1,"DemandMax":null,"Value":64},{"Length":140,"Height":12,"Demand":1,"DemandMax":null,"Value":1680},{"Length":1,"Height":27,"Demand":1,"DemandMax":null,"Value":27},{"Length":51,"Height":14,"Demand":1,"DemandMax":null,"Value":714},{"Length":109,"Height":5,"Demand":1,"DemandMax":null,"Value":545},{"Length":14,"Height":114,"Demand":1,"DemandMax":null,"Value":1596},{"Length":38,"Height":94,"Demand":1,"DemandMax":null,"Value":3572},{"Length":19,"Height":1,"Demand":2,"DemandMax":null,"Value":19},{"Length":2,"Height":66,"Demand":1,"DemandMax":null,"Value":132},{"Length":71,"Height":10,"Demand":1,"DemandMax":null,"Value":710},{"Length":111,"Height":13,"Demand":1,"DemandMax":null,"Value":1443},{"Length":49,"Height":10,"Demand":1,"DemandMax":null,"Value":490},{"Length":8,"Height":4,"Demand":1,"DemandMax":null,"Value":32},{"Length":53,"Height":8,"Demand":1,"DemandMax":null,"Value":424},{"Length":7,"Height":32,"Demand":1,"DemandMax":null,"Value":224},{"Length":2,"Height":17,"Demand":1,"DemandMax":null,"Value":34},{"Length":246,"Height":31,"Demand":1,"DemandMax":null,"Value":7626},{"Length":107,"Height":59,"Demand":1,"DemandMax":null,"Value":6313},{"Length":1,"Height":10,"Demand":1,"DemandMax":null,"Value":10},{"Length":137,"Height":1,"Demand":1,"DemandMax":null,"Value":137},{"Length":27,"Height":5,"Demand":1,"DemandMax":null,"Value":135},{"Length":96,"Height":3,"Demand":1,"DemandMax":null,"Value":288},{"Length":22,"Height":28,"Demand":1,"DemandMax":null,"Value":616},{"Length":189,"Height":3,"Demand":1,"DemandMax":null,"Value":567},{"Length":4,"Height":28,"Demand":1,"DemandMax":null,"Value":112},{"Length":34,"Height":405,"Demand":1,"DemandMax":null,"Value":13770},{"Length":60,"Height":29,"Demand":1,"DemandMax":null,"Value":1740},{"Length":6,"Height":53,"Demand":2,"DemandMax":null,"Value":318},{"Length":5,"Height":4,"Demand":1,"DemandMax":null,"Value":20},{"Length":6,"Height":195,"Demand":1,"DemandMax":null,"Value":1170},{"Length":104,"Height":17,"Demand":1,"DemandMax":null,"Value":1768},{"Length":16,"Height":1,"Demand":3,"DemandMax":null,"Value":16},{"Length":10,"Height":1,"Demand":2,"DemandMax":null,"Value":10},{"Length":23,"Height":98,"Demand":1,"DemandMax":null,"Value":2254},{"Length":15,"Height":5,"Demand":1,"DemandMax":null,"Value":75},{"Length":248,"Height":17,"Demand":1,"DemandMax":null,"Value":4216},{"Length":3,"Height":1,"Demand":7,"DemandMax":null,"Value":3},{"Length":40,"Height":1,"Demand":1,"DemandMax":null,"Value":40},{"Length":36,"Height":5,"Demand":1,"DemandMax":null,"Value":180},{"Length":131,"Height":63,"Demand":1,"DemandMax":null,"Value":8253},{"Length":14,"Height":164,"Demand":1,"DemandMax":null,"Value":2296},{"Length":269,"Height":45,"Demand":1,"DemandMax":null,"Value":12105},{"Length":2,"Height":16,"Demand":1,"DemandMax":null,"Value":32},{"Length":9,"Height":16,"Demand":2,"DemandMax":null,"Value":144},{"Length":71,"Height":5,"Demand":1,"DemandMax":null,"Value":355},{"Length":111,"Height":10,"Demand":1,"DemandMax":null,"Value":1110},{"Length":72,"Height":7,"Demand":1,"DemandMax":null,"Value":504},{"Length":4,"Height":37,"Demand":1,"DemandMax":null,"Value":148},{"Length":5,"Height":88,"Demand":1,"DemandMax":null,"Value":440},{"Length":22,"Height":1,"Demand":2,"DemandMax":null,"Value":22},{"Length":96,"Height":36,"Demand":1,"DemandMax":null,"Value":3456},{"Length":27,"Height":47,"Demand":1,"DemandMax":null,"Value":1269},{"Length":162,"Height":133,"Demand":1,"DemandMax":null,"Value":21546},{"Length":28,"Height":1,"Demand":2,"DemandMax":null,"Value":28},{"Length":78,"Height":12,"Demand":1,"DemandMax":null,"Value":936},{"Length":66,"Height":21,"Demand":1,"DemandMax":null,"Value":1386},{"Length":71,"Height":28,"Demand":1,"DemandMax":null,"Value":1988},{"Length":101,"Height":84,"Demand":1,"DemandMax":null,"Value":8484},{"Length":25,"Height":101,"Demand":1,"DemandMax":null,"Value":2525},{"Length":70,"Height":3,"Demand":1,"DemandMax":null,"Value":210},{"Length":16,"Height":2,"Demand":1,"DemandMax":null,"Value":32},{"Length":1,"Height":43,"Demand":1,"DemandMax":null,"Value":43},{"Length":5,"Height":12,"Demand":1,"DemandMax":null,"Value":60},{"Length":1,"Height":20,"Demand":1,"DemandMax":null,"Value":20},{"Length":1,"Height":77,"Demand":1,"DemandMax":null,"Value":77},{"Length":96,"Height":1,"Demand":2,"DemandMax":null,"Value":96},{"Length":12,"Height":12,"Demand":1,"DemandMax":null,"Value":144},{"Length":67,"Height":187,"Demand":1,"DemandMax":null,"Value":12529},{"Length":55,"Height":2,"Demand":1,"DemandMax":null,"Value":110},{"Length":109,"Height":29,"Demand":1,"DemandMax":null,"Value":3161},{"Length":1,"Height":5,"Demand":3,"DemandMax":null,"Value":5},{"Length":122,"Height":1,"Demand":1,"DemandMax":null,"Value":122},{"Length":36,"Height":4,"Demand":1,"DemandMax":null,"Value":144},{"Length":7,"Height":4,"Demand":1,"DemandMax":null,"Value":28},{"Length":10,"Height":4,"Demand":1,"DemandMax":null,"Value":40},{"Length":162,"Height":77,"Demand":1,"DemandMax":null,"Value":12474},{"Length":3,"Height":24,"Demand":1,"DemandMax":null,"Value":72},{"Length":124,"Height":13,"Demand":1,"DemandMax":null,"Value":1612},{"Length":51,"Height":63,"Demand":1,"DemandMax":null,"Value":3213},{"Length":7,"Height":28,"Demand":1,"DemandMax":null,"Value":196},{"Length":10,"Height":37,"Demand":1,"DemandMax":null,"Value":370},{"Length":42,"Height":1,"Demand":1,"DemandMax":null,"Value":42},{"Length":15,"Height":8,"Demand":1,"DemandMax":null,"Value":120},{"Length":23,"Height":8,"Demand":1,"DemandMax":null,"Value":184},{"Length":2,"Height":114,"Demand":1,"DemandMax":null,"Value":228},{"Length":26,"Height":22,"Demand":1,"DemandMax":null,"Value":572},{"Length":6,"Height":4,"Demand":1,"DemandMax":null,"Value":24},{"Length":29,"Height":17,"Demand":1,"DemandMax":null,"Value":493},{"Length":18,"Height":4,"Demand":2,"DemandMax":null,"Value":72},{"Length":1,"Height":15,"Demand":1,"DemandMax":null,"Value":15},{"Length":2,"Height":15,"Demand":1,"DemandMax":null,"Value":30},{"Length":96,"Height":4,"Demand":1,"DemandMax":null,"Value":384},{"Length":131,"Height":15,"Demand":1,"DemandMax":null,"Value":1965},{"Length":7,"Height":8,"Demand":2,"DemandMax":null,"Value":56},{"Length":57,"Height":1,"Demand":1,"DemandMax":null,"Value":57},{"Length":1,"Height":12,"Demand":1,"DemandMax":null,"Value":12},{"Length":30,"Height":77,"Demand":1,"DemandMax":null,"Value":2310},{"Length":11,"Height":8,"Demand":1,"DemandMax":null,"Value":88},{"Length":24,"Height":1,"Demand":1,"DemandMax":null,"Value":24},{"Length":1,"Height":19,"Demand":1,"DemandMax":null,"Value":19},{"Length":10,"Height":114,"Demand":1,"DemandMax":null,"Value":1140},{"Length":10,"Height":2,"Demand":1,"DemandMax":null,"Value":20},{"Length":4,"Height":3,"Demand":1,"DemandMax":null,"Value":12},{"Length":20,"Height":6,"Demand":1,"DemandMax":null,"Value":120},{"Length":44,"Height":86,"Demand":1,"DemandMax":null,"Value":3784},{"Length":187,"Height":9,"Demand":1,"DemandMax":null,"Value":1683},{"Length":1,"Height":8,"Demand":3,"DemandMax":null,"Value":8},{"Length":11,"Height":63,"Demand":1,"DemandMax":null,"Value":693},{"Length":187,"Height":142,"Demand":1,"DemandMax":null,"Value":26554},{"Length":38,"Height":1,"Demand":1,"DemandMax":null,"Value":38},{"Length":137,"Height":3,"Demand":1,"DemandMax":null,"Value":411},{"Length":6,"Height":113,"Demand":1,"DemandMax":null,"Value":678},{"Length":6,"Height":10,"Demand":1,"DemandMax":null,"Value":60},{"Length":14,"Height":1,"Demand":1,"DemandMax":null,"Value":14},{"Length":41,"Height":5,"Demand":1,"DemandMax":null,"Value":205},{"Length":137,"Height":17,"Demand":1,"DemandMax":null,"Value":2329},{"Length":41,"Height":6,"Demand":1,"DemandMax":null,"Value":246},{"Length":66,"Height":195,"Demand":1,"DemandMax":null,"Value":12870},{"Length":3,"Height":58,"Demand":1,"DemandMax":null,"Value":174},{"Length":120,"Height":1,"Demand":1,"DemandMax":null,"Value":120},{"Length":9,"Height":6,"Demand":1,"DemandMax":null,"Value":54},{"Length":3,"Height":12,"Demand":2,"DemandMax":null,"Value":36},{"Length":133,"Height":1,"Demand":1,"DemandMax":null,"Value":133},{"Length":7,"Height":11,"Demand":1,"DemandMax":null,"Value":77},{"Length":3,"Height":16,"Demand":1,"DemandMax":null,"Value":48},{"Length":13,"Height":5,"Demand":1,"DemandMax":null,"Value":65},{"Length":27,"Height":67,"Demand":1,"DemandMax":null,"Value":1809},{"Length":10,"Height":5,"Demand":1,"DemandMax":null,"Value":50},{"Length":42,"Height":15,"Demand":1,"DemandMax":null,"Value":630},{"Length":42,"Height":11,"Demand":1,"DemandMax":null,"Value":462},{"Length":329,"Height":7,"Demand":1,"DemandMax":null,"Value":2303},{"Length":60,"Height":52,"Demand":1,"DemandMax":null,"Value":3120},{"Length":3,"Height":38,"Demand":1,"DemandMax":null,"Value":114},{"Length":170,"Height":3,"Demand":1,"DemandMax":null,"Value":510},{"Length":265,"Height":190,"Demand":1,"DemandMax":null,"Value":50350},{"Length":2,"Height":34,"Demand":1,"DemandMax":null,"Value":68},{"Length":2,"Height":98,"Demand":1,"DemandMax":null,"Value":196},{"Length":69,"Height":2,"Demand":1,"DemandMax":null,"Value":138},{"Length":22,"Height":4,"Demand":1,"DemandMax":null,"Value":88},{"Length":153,"Height":13,"Demand":1,"DemandMax":null,"Value":1989},{"Length":1,"Height":164,"Demand":1,"DemandMax":null,"Value":164},{"Length":9,"Height":1,"Demand":1,"DemandMax":null,"Value":9},{"Length":1,"Height":18,"Demand":1,"DemandMax":null,"Value":18},{"Length":71,"Height":69,"Demand":1,"DemandMax":null,"Value":4899},{"Length":257,"Height":53,"Demand":1,"DemandMax":null,"Value":13621},{"Length":10,"Height":164,"Demand":2,"DemandMax":null,"Value":1640},{"Length":170,"Height":5,"Demand":1,"DemandMax":null,"Value":850},{"Length":4,"Height":1,"Demand":5,"DemandMax":null,"Value":4},{"Length":10,"Height":44,"Demand":1,"DemandMax":null,"Value":440},{"Length":189,"Height":4,"Demand":1,"DemandMax":null,"Value":756},{"Length":6,"Height":28,"Demand":1,"DemandMax":null,"Value":168},{"Length":11,"Height":187,"Demand":1,"DemandMax":null,"Value":2057},{"Length":80,"Height":10,"Demand":1,"DemandMax":null,"Value":800},{"Length":5,"Height":10,"Demand":2,"DemandMax":null,"Value":50},{"Length":42,"Height":6,"Demand":1,"DemandMax":null,"Value":252},{"Length":7,"Height":5,"Demand":1,"DemandMax":null,"Value":35},{"Length":29,"Height":1,"Demand":1,"DemandMax":null,"Value":29},{"Length":8,"Height":35,"Demand":1,"DemandMax":null,"Value":280},{"Length":172,"Height":143,"Demand":1,"DemandMax":null,"Value":24596},{"Length":1,"Height":16,"Demand":1,"DemandMax":null,"Value":16},{"Length":25,"Height":1,"Demand":1,"DemandMax":null,"Value":25},{"Length":58,"Height":35,"Demand":1,"DemandMax":null,"Value":2030},{"Length":1,"Height":13,"Demand":1,"DemandMax":null,"Value":13},{"Length":25,"Height":11,"Demand":1,"DemandMax":null,"Value":275},{"Length":1,"Height":11,"Demand":1,"DemandMax":null,"Value":11},{"Length":9,"Height":11,"Demand":1,"DemandMax":null,"Value":99},{"Length":144,"Height":2,"Demand":1,"DemandMax":null,"Value":288},{"Length":15,"Height":2,"Demand":1,"DemandMax":null,"Value":30},{"Length":51,"Height":9,"Demand":1,"DemandMax":null,"Value":459},{"Length":31,"Height":12,"Demand":1,"DemandMax":null,"Value":372},{"Length":21,"Height":1,"Demand":1,"DemandMax":null,"Value":21},{"Length":47,"Height":36,"Demand":1,"DemandMax":null,"Value":1692},{"Length":25,"Height":38,"Demand":1,"DemandMax":null,"Value":950},{"Length":64,"Height":1,"Demand":1,"DemandMax":null,"Value":64},{"Length":251,"Height":187,"Demand":1,"DemandMax":null,"Value":46937},{"Length":35,"Height":22,"Demand":1,"DemandMax":null,"Value":770},{"Length":3,"Height":5,"Demand":1,"DemandMax":null,"Value":15},{"Length":380,"Height":74,"Demand":1,"DemandMax":null,"Value":28120},{"Length":76,"Height":142,"Demand":1,"DemandMax":null,"Value":10792},{"Length":2,"Height":8,"Demand":1,"DemandMax":null,"Value":16},{"Length":269,"Height":119,"Demand":1,"DemandMax":null,"Value":32011},{"Length":55,"Height":5,"Demand":1,"DemandMax":null,"Value":275},{"Length":10,"Height":54,"Demand":1,"DemandMax":null,"Value":540},{"Length":61,"Height":1,"Demand":1,"DemandMax":null,"Value":61},{"Length":11,"Height":27,"Demand":1,"DemandMax":null,"Value":297},{"Length":32,"Height":6,"Demand":1,"DemandMax":null,"Value":192},{"Length":289,"Height":1,"Demand":1,"DemandMax":null,"Value":289},{"Length":13,"Height":1,"Demand":2,"DemandMax":null,"Value":13},{"Length":329,"Height":6,"Demand":1,"DemandMax":null,"Value":1974},{"Length":215,"Height":143,"Demand":1,"DemandMax":null,"Value":30745},{"Length":87,"Height":1,"Demand":1,"DemandMax":null,"Value":87},{"Length":1,"Height":9,"Demand":1,"DemandMax":null,"Value":9},{"Length":9,"Height":405,"Demand":1,"DemandMax":null,"Value":3645},{"Length":82,"Height":58,"Demand":1,"DemandMax":null,"Value":4756},{"Length":1,"Height":113,"Demand":1,"DemandMax":null,"Value":113},{"Length":8,"Height":19,"Demand":1,"DemandMax":null,"Value":152},{"Length":11,"Height":32,"Demand":1,"DemandMax":null,"Value":352},{"Length":27,"Height":2,"Demand":1,"DemandMax":null,"Value":54},{"Length":40,"Height":17,"Demand":1,"DemandMax":null,"Value":680},{"Length":4,"Height":26,"Demand":1,"DemandMax":null,"Value":104},{"Length":69,"Height":1,"Demand":1,"DemandMax":null,"Value":69},{"Length":72,"Height":23,"Demand":1,"DemandMax":null,"Value":1656},{"Length":47,"Height":16,"Demand":1,"DemandMax":null,"Value":752},{"Length":40,"Height":2,"Demand":1,"DemandMax":null,"Value":80},{"Length":2,"Height":37,"Demand":1,"DemandMax":null,"Value":74},{"Length":11,"Height":9,"Demand":1,"DemandMax":null,"Value":99},{"Length":90,"Height":1,"Demand":1,"DemandMax":null,"Value":90},{"Length":288,"Height":3,"Demand":1,"DemandMax":null,"Value":864},{"Length":24,"Height":74,"Demand":1,"DemandMax":null,"Value":1776},{"Length":31,"Height":5,"Demand":1,"DemandMax":null,"Value":155},{"Length":85,"Height":17,"Demand":1,"DemandMax":null,"Value":1445},{"Length":47,"Height":27,"Demand":1,"DemandMax":null,"Value":1269},{"Length":3,"Height":43,"Demand":1,"DemandMax":null,"Value":129},{"Length":50,"Height":1,"Demand":1,"DemandMax":null,"Value":50},{"Length":79,"Height":3,"Demand":1,"DemandMax":null,"Value":237},{"Length":11,"Height":105,"Demand":1,"DemandMax":null,"Value":1155},{"Length":17,"Height":98,"Demand":1,"DemandMax":null,"Value":1666},{"Length":187,"Height":43,"Demand":1,"DemandMax":null,"Value":8041},{"Length":12,"Height":21,"Demand":1,"DemandMax":null,"Value":252},{"Length":17,"Height":2,"Demand":1,"DemandMax":null,"Value":34},{"Length":3,"Height":19,"Demand":1,"DemandMax":null,"Value":57},{"Length":97,"Height":45,"Demand":1,"DemandMax":null,"Value":4365},{"Length":2,"Height":57,"Demand":1,"DemandMax":null,"Value":114},{"Length":27,"Height":1,"Demand":1,"DemandMax":null,"Value":27},{"Length":66,"Height":1,"Demand":1,"DemandMax":null,"Value":66},{"Length":51,"Height":23,"Demand":1,"DemandMax":null,"Value":1173},{"Length":2,"Height":32,"Demand":1,"DemandMax":null,"Value":64},{"Length":38,"Height":189,"Demand":1,"DemandMax":null,"Value":7182},{"Length":181,"Height":10,"Demand":1,"DemandMax":null,"Value":1810},{"Length":12,"Height":2,"Demand":1,"DemandMax":null,"Value":24}]}