{"Name":"Path25i3b4","Objects":[{"Length":448,"Height":645,"Stock":4,"Cost":288960},{"Length":1000,"Height":355,"Stock":2,"Cost":355000},{"Length":552,"Height":645,"Stock":4,"Cost":356040}],"Items":[{"Length":287,"Height":324,"Demand":1,"DemandMax":null,"Value":92988},{"Length":243,"Height":355,"Demand":1,"DemandMax":null,"Value":86265},{"Length":234,"Height":248,"Demand":1,"DemandMax":null,"Value":58032},{"Length":26,"Height":355,"Demand":1,"DemandMax":null,"Value":9230},{"Length":111,"Height":352,"Demand":1,"DemandMax":null,"Value":39072},{"Length":260,"Height":84,"Demand":1,"DemandMax":null,"Value":21840},{"Length":155,"Height":296,"Demand":1,"DemandMax":null,"Value":45880},{"Length":273,"Height":296,"Demand":1,"DemandMax":null,"Value":80808},{"Length":71,"Height":355,"Demand":1,"DemandMax":null,"Value":25205},{"Length":212,"Height":121,"Demand":1,"DemandMax":null,"Value":25652},{"Length":324,"Height":355,"Demand":1,"DemandMax":null,"Value":115020},{"Length":161,"Height":324,"Demand":1,"DemandMax":null,"Value":52164},{"Length":118,"Height":101,"Demand":1,"DemandMax":null,"Value":11918},{"Length":181,"Height":321,"Demand":1,"DemandMax":null,"Value":58101},{"Length":111,"Height":3,"Demand":1,"DemandMax":null,"Value":333},{"Length":222,"Height":101,"Demand":1,"DemandMax":null,"Value":22422},{"Length":106,"Height":248,"Demand":1,"DemandMax":null,"Value":26288},{"Length":212,"Height":228,"Demand":1,"DemandMax":null,"Value":48336},{"Length":96,"Height":355,"Demand":1,"DemandMax":null,"Value":34080},{"Length":7,"Height":321,"Demand":1,"DemandMax":null,"Value":2247},{"Length":124,"Height":296,"Demand":1,"DemandMax":null,"Value":36704},{"Length":260,"Height":114,"Demand":1,"DemandMax":null,"Value":29640},{"Length":89,"Height":355,"Demand":1,"DemandMax":null,"Value":31595},{"Length":40,"Height":355,"Demand":1,"DemandMax":null,"Value":14200},{"Length":260,"Height":123,"Demand":1,"DemandMax":null,"Value":31980}]}