{"Name":"Nice100i3b4","Objects":[{"Length":404,"Height":399,"Stock":5,"Cost":161196},{"Length":1000,"Height":601,"Stock":5,"Cost":601000},{"Length":596,"Height":399,"Stock":5,"Cost":237804}],"Items":[{"Length":53,"Height":179,"Demand":1,"DemandMax":null,"Value":9487},{"Length":276,"Height":85,"Demand":1,"DemandMax":null,"Value":23460},{"Length":73,"Height":93,"Demand":1,"DemandMax":null,"Value":6789},{"Length":122,"Height":46,"Demand":3,"DemandMax":null,"Value":5612},{"Length":110,"Height":111,"Demand":1,"DemandMax":null,"Value":12210},{"Length":82,"Height":88,"Demand":1,"DemandMax":null,"Value":7216},{"Length":277,"Height":72,"Demand":1,"DemandMax":null,"Value":19944},{"Length":110,"Height":72,"Demand":1,"DemandMax":null,"Value":7920},{"Length":59,"Height":154,"Demand":1,"DemandMax":null,"Value":9086},{"Length":89,"Height":62,"Demand":1,"DemandMax":null,"Value":5518},{"Length":79,"Height":95,"Demand":1,"DemandMax":null,"Value":7505},{"Length":51,"Height":158,"Demand":1,"DemandMax":null,"Value":8058},{"Length":109,"Height":61,"Demand":1,"DemandMax":null,"Value":6649},{"Length":46,"Height":181,"Demand":1,"DemandMax":null,"Value":8326},{"Length":122,"Height":64,"Demand":1,"DemandMax":null,"Value":7808},{"Length":74,"Height":113,"Demand":1,"DemandMax":null,"Value":8362},{"Length":173,"Height":96,"Demand":1,"DemandMax":null,"Value":16608},{"Length":63,"Height":220,"Demand":1,"DemandMax":null,"Value":13860},{"Length":62,"Height":171,"Demand":1,"DemandMax":null,"Value":10602},{"Length":154,"Height":143,"Demand":1,"DemandMax":null,"Value":22022},{"Length":55,"Height":175,"Demand":1,"DemandMax":null,"Value":9625},{"Length":66,"Height":90,"Demand":1,"DemandMax":null,"Value":5940},{"Length":51,"Height":113,"Demand":1,"DemandMax":null,"Value":5763},{"Length":110,"Height":75,"Demand":1,"DemandMax":null,"Value":8250},{"Length":109,"Height":76,"Demand":1,"DemandMax":null,"Value":8284},{"Length":362,"Height":105,"Demand":1,"DemandMax":null,"Value":38010},{"Length":61,"Height":117,"Demand":1,"DemandMax":null,"Value":7137},{"Length":76,"Height":113,"Demand":1,"DemandMax":null,"Value":8588},{"Length":232,"Height":78,"Demand":1,"DemandMax":null,"Value":18096},{"Length":108,"Height":111,"Demand":1,"DemandMax":null,"Value":11988},{"Length":123,"Height":76,"Demand":1,"DemandMax":null,"Value":9348},{"Length":73,"Height":204,"Demand":1,"DemandMax":null,"Value":14892},{"Length":121,"Height":86,"Demand":1,"DemandMax":null,"Value":10406},{"Length":47,"Height":171,"Demand":1,"DemandMax":null,"Value":8037},{"Length":75,"Height":181,"Demand":1,"DemandMax":null,"Value":13575},{"Length":93,"Height":123,"Demand":1,"DemandMax":null,"Value":11439},{"Length":62,"Height":92,"Demand":1,"DemandMax":null,"Value":5704},{"Length":167,"Height":88,"Demand":1,"DemandMax":null,"Value":14696},{"Length":48,"Height":181,"Demand":1,"DemandMax":null,"Value":8688},{"Length":73,"Height":117,"Demand":1,"DemandMax":null,"Value":8541},{"Length":100,"Height":84,"Demand":1,"DemandMax":null,"Value":8400},{"Length":73,"Height":122,"Demand":1,"DemandMax":null,"Value":8906},{"Length":73,"Height":105,"Demand":1,"DemandMax":null,"Value":7665},{"Length":289,"Height":83,"Demand":1,"DemandMax":null,"Value":23987},{"Length":109,"Height":88,"Demand":1,"DemandMax":null,"Value":9592},{"Length":117,"Height":95,"Demand":1,"DemandMax":null,"Value":11115},{"Length":75,"Height":123,"Demand":1,"DemandMax":null,"Value":9225},{"Length":64,"Height":154,"Demand":1,"DemandMax":null,"Value":9856},{"Length":107,"Height":181,"Demand":1,"DemandMax":null,"Value":19367},{"Length":74,"Height":83,"Demand":1,"DemandMax":null,"Value":6142},{"Length":108,"Height":128,"Demand":1,"DemandMax":null,"Value":13824},{"Length":62,"Height":175,"Demand":1,"DemandMax":null,"Value":10850},{"Length":73,"Height":119,"Demand":1,"DemandMax":null,"Value":8687},{"Length":64,"Height":95,"Demand":1,"DemandMax":null,"Value":6080},{"Length":110,"Height":108,"Demand":1,"DemandMax":null,"Value":11880},{"Length":122,"Height":66,"Demand":1,"DemandMax":null,"Value":8052},{"Length":96,"Height":95,"Demand":1,"DemandMax":null,"Value":9120},{"Length":49,"Height":129,"Demand":1,"DemandMax":null,"Value":6321},{"Length":66,"Height":84,"Demand":1,"DemandMax":null,"Value":5544},{"Length":83,"Height":119,"Demand":1,"DemandMax":null,"Value":9877},{"Length":110,"Height":80,"Demand":1,"DemandMax":null,"Value":8800},{"Length":144,"Height":54,"Demand":1,"DemandMax":null,"Value":7776},{"Length":156,"Height":86,"Demand":1,"DemandMax":null,"Value":13416},{"Length":152,"Height":47,"Demand":1,"DemandMax":null,"Value":7144},{"Length":49,"Height":113,"Demand":1,"DemandMax":null,"Value":5537},{"Length":55,"Height":119,"Demand":1,"DemandMax":null,"Value":6545},{"Length":56,"Height":98,"Demand":2,"DemandMax":null,"Value":5488},{"Length":57,"Height":158,"Demand":1,"DemandMax":null,"Value":9006},{"Length":90,"Height":61,"Demand":1,"DemandMax":null,"Value":5490},{"Length":100,"Height":155,"Demand":1,"DemandMax":null,"Value":15500},{"Length":144,"Height":57,"Demand":1,"DemandMax":null,"Value":8208},{"Length":109,"Height":116,"Demand":1,"DemandMax":null,"Value":12644},{"Length":122,"Height":74,"Demand":1,"DemandMax":null,"Value":9028},{"Length":84,"Height":119,"Demand":1,"DemandMax":null,"Value":9996},{"Length":177,"Height":98,"Demand":1,"DemandMax":null,"Value":17346},{"Length":97,"Height":67,"Demand":1,"DemandMax":null,"Value":6499},{"Length":109,"Height":62,"Demand":1,"DemandMax":null,"Value":6758},{"Length":50,"Height":113,"Demand":1,"DemandMax":null,"Value":5650},{"Length":125,"Height":124,"Demand":1,"DemandMax":null,"Value":15500},{"Length":66,"Height":91,"Demand":1,"DemandMax":null,"Value":6006},{"Length":64,"Height":117,"Demand":1,"DemandMax":null,"Value":7488},{"Length":122,"Height":57,"Demand":1,"DemandMax":null,"Value":6954},{"Length":93,"Height":62,"Demand":1,"DemandMax":null,"Value":5766},{"Length":86,"Height":76,"Demand":1,"DemandMax":null,"Value":6536},{"Length":68,"Height":129,"Demand":1,"DemandMax":null,"Value":8772},{"Length":66,"Height":87,"Demand":1,"DemandMax":null,"Value":5742},{"Length":114,"Height":68,"Demand":1,"DemandMax":null,"Value":7752},{"Length":152,"Height":194,"Demand":1,"DemandMax":null,"Value":29488},{"Length":67,"Height":119,"Demand":1,"DemandMax":null,"Value":7973},{"Length":90,"Height":62,"Demand":1,"DemandMax":null,"Value":5580},{"Length":74,"Height":96,"Demand":1,"DemandMax":null,"Value":7104},{"Length":64,"Height":125,"Demand":1,"DemandMax":null,"Value":8000},{"Length":116,"Height":67,"Demand":1,"DemandMax":null,"Value":7772},{"Length":57,"Height":113,"Demand":1,"DemandMax":null,"Value":6441},{"Length":127,"Height":76,"Demand":1,"DemandMax":null,"Value":9652},{"Length":114,"Height":130,"Demand":1,"DemandMax":null,"Value":14820},{"Length":62,"Height":106,"Demand":1,"DemandMax":null,"Value":6572}]}