{"Name":"Path100i3b4","Objects":[{"Length":665,"Height":629,"Stock":5,"Cost":418285},{"Length":335,"Height":1000,"Stock":6,"Cost":335000},{"Length":665,"Height":371,"Stock":3,"Cost":246715}],"Items":[{"Length":1,"Height":6,"Demand":1,"DemandMax":null,"Value":6},{"Length":335,"Height":50,"Demand":1,"DemandMax":null,"Value":16750},{"Length":31,"Height":109,"Demand":1,"DemandMax":null,"Value":3379},{"Length":247,"Height":19,"Demand":1,"DemandMax":null,"Value":4693},{"Length":333,"Height":142,"Demand":1,"DemandMax":null,"Value":47286},{"Length":335,"Height":181,"Demand":1,"DemandMax":null,"Value":60635},{"Length":335,"Height":13,"Demand":1,"DemandMax":null,"Value":4355},{"Length":7,"Height":155,"Demand":1,"DemandMax":null,"Value":1085},{"Length":27,"Height":64,"Demand":1,"DemandMax":null,"Value":1728},{"Length":188,"Height":58,"Demand":1,"DemandMax":null,"Value":10904},{"Length":332,"Height":6,"Demand":2,"DemandMax":null,"Value":1992},{"Length":1,"Height":7,"Demand":1,"DemandMax":null,"Value":7},{"Length":332,"Height":87,"Demand":1,"DemandMax":null,"Value":28884},{"Length":36,"Height":314,"Demand":1,"DemandMax":null,"Value":11304},{"Length":69,"Height":4,"Demand":1,"DemandMax":null,"Value":276},{"Length":31,"Height":162,"Demand":1,"DemandMax":null,"Value":5022},{"Length":118,"Height":2,"Demand":1,"DemandMax":null,"Value":236},{"Length":144,"Height":155,"Demand":1,"DemandMax":null,"Value":22320},{"Length":1,"Height":155,"Demand":3,"DemandMax":null,"Value":155},{"Length":298,"Height":20,"Demand":1,"DemandMax":null,"Value":5960},{"Length":332,"Height":30,"Demand":1,"DemandMax":null,"Value":9960},{"Length":123,"Height":198,"Demand":1,"DemandMax":null,"Value":24354},{"Length":20,"Height":314,"Demand":1,"DemandMax":null,"Value":6280},{"Length":19,"Height":31,"Demand":1,"DemandMax":null,"Value":589},{"Length":332,"Height":84,"Demand":1,"DemandMax":null,"Value":27888},{"Length":331,"Height":146,"Demand":1,"DemandMax":null,"Value":48326},{"Length":78,"Height":6,"Demand":1,"DemandMax":null,"Value":468},{"Length":112,"Height":1,"Demand":1,"DemandMax":null,"Value":112},{"Length":141,"Height":325,"Demand":1,"DemandMax":null,"Value":45825},{"Length":67,"Height":66,"Demand":1,"DemandMax":null,"Value":4422},{"Length":16,"Height":307,"Demand":1,"DemandMax":null,"Value":4912},{"Length":70,"Height":208,"Demand":1,"DemandMax":null,"Value":14560},{"Length":328,"Height":72,"Demand":1,"DemandMax":null,"Value":23616},{"Length":106,"Height":325,"Demand":1,"DemandMax":null,"Value":34450},{"Length":4,"Height":314,"Demand":1,"DemandMax":null,"Value":1256},{"Length":67,"Height":65,"Demand":1,"DemandMax":null,"Value":4355},{"Length":137,"Height":11,"Demand":1,"DemandMax":null,"Value":1507},{"Length":27,"Height":250,"Demand":1,"DemandMax":null,"Value":6750},{"Length":67,"Height":144,"Demand":1,"DemandMax":null,"Value":9648},{"Length":23,"Height":1,"Demand":1,"DemandMax":null,"Value":23},{"Length":34,"Height":11,"Demand":1,"DemandMax":null,"Value":374},{"Length":4,"Height":72,"Demand":1,"DemandMax":null,"Value":288},{"Length":88,"Height":325,"Demand":1,"DemandMax":null,"Value":28600},{"Length":145,"Height":162,"Demand":1,"DemandMax":null,"Value":23490},{"Length":335,"Height":174,"Demand":1,"DemandMax":null,"Value":58290},{"Length":34,"Height":303,"Demand":1,"DemandMax":null,"Value":10302},{"Length":335,"Height":14,"Demand":1,"DemandMax":null,"Value":4690},{"Length":335,"Height":1,"Demand":1,"DemandMax":null,"Value":335},{"Length":195,"Height":322,"Demand":1,"DemandMax":null,"Value":62790},{"Length":14,"Height":27,"Demand":1,"DemandMax":null,"Value":378},{"Length":11,"Height":4,"Demand":1,"DemandMax":null,"Value":44},{"Length":175,"Height":2,"Demand":1,"DemandMax":null,"Value":350},{"Length":1,"Height":51,"Demand":1,"DemandMax":null,"Value":51},{"Length":13,"Height":3,"Demand":1,"DemandMax":null,"Value":39},{"Length":334,"Height":262,"Demand":1,"DemandMax":null,"Value":87508},{"Length":2,"Height":4,"Demand":1,"DemandMax":null,"Value":8},{"Length":54,"Height":2,"Demand":1,"DemandMax":null,"Value":108},{"Length":188,"Height":101,"Demand":1,"DemandMax":null,"Value":18988},{"Length":35,"Height":162,"Demand":1,"DemandMax":null,"Value":5670},{"Length":37,"Height":20,"Demand":1,"DemandMax":null,"Value":740},{"Length":31,"Height":1,"Demand":1,"DemandMax":null,"Value":31},{"Length":198,"Height":10,"Demand":1,"DemandMax":null,"Value":1980},{"Length":124,"Height":162,"Demand":1,"DemandMax":null,"Value":20088},{"Length":335,"Height":12,"Demand":1,"DemandMax":null,"Value":4020},{"Length":1,"Height":219,"Demand":1,"DemandMax":null,"Value":219},{"Length":7,"Height":21,"Demand":1,"DemandMax":null,"Value":147},{"Length":220,"Height":31,"Demand":1,"DemandMax":null,"Value":6820},{"Length":1,"Height":47,"Demand":1,"DemandMax":null,"Value":47},{"Length":9,"Height":1,"Demand":1,"DemandMax":null,"Value":9},{"Length":333,"Height":165,"Demand":1,"DemandMax":null,"Value":54945},{"Length":70,"Height":114,"Demand":1,"DemandMax":null,"Value":7980},{"Length":332,"Height":4,"Demand":1,"DemandMax":null,"Value":1328},{"Length":42,"Height":2,"Demand":1,"DemandMax":null,"Value":84},{"Length":2,"Height":155,"Demand":1,"DemandMax":null,"Value":310},{"Length":49,"Height":4,"Demand":1,"DemandMax":null,"Value":196},{"Length":1,"Height":9,"Demand":1,"DemandMax":null,"Value":9},{"Length":1,"Height":104,"Demand":1,"DemandMax":null,"Value":104},{"Length":332,"Height":3,"Demand":1,"DemandMax":null,"Value":996},{"Length":96,"Height":27,"Demand":1,"DemandMax":null,"Value":2592},{"Length":14,"Height":155,"Demand":1,"DemandMax":null,"Value":2170},{"Length":278,"Height":2,"Demand":1,"DemandMax":null,"Value":556},{"Length":266,"Height":4,"Demand":1,"DemandMax":null,"Value":1064},{"Length":7,"Height":314,"Demand":1,"DemandMax":null,"Value":2198},{"Length":5,"Height":1,"Demand":1,"DemandMax":null,"Value":5},{"Length":78,"Height":15,"Demand":1,"DemandMax":null,"Value":1170},{"Length":67,"Height":47,"Demand":1,"DemandMax":null,"Value":3149},{"Length":189,"Height":1,"Demand":1,"DemandMax":null,"Value":189},{"Length":285,"Height":109,"Demand":1,"DemandMax":null,"Value":31065},{"Length":1,"Height":41,"Demand":1,"DemandMax":null,"Value":41},{"Length":188,"Height":1,"Demand":1,"DemandMax":null,"Value":188},{"Length":2,"Height":7,"Demand":1,"DemandMax":null,"Value":14},{"Length":17,"Height":155,"Demand":1,"DemandMax":null,"Value":2635},{"Length":135,"Height":1,"Demand":1,"DemandMax":null,"Value":135},{"Length":18,"Height":109,"Demand":1,"DemandMax":null,"Value":1962},{"Length":47,"Height":4,"Demand":1,"DemandMax":null,"Value":188},{"Length":317,"Height":27,"Demand":1,"DemandMax":null,"Value":8559},{"Length":208,"Height":198,"Demand":1,"DemandMax":null,"Value":41184}]}