{"Name":"Path100i5b2","Objects":[{"Length":451,"Height":502,"Stock":5,"Cost":226402},{"Length":320,"Height":498,"Stock":1,"Cost":159360},{"Length":549,"Height":502,"Stock":6,"Cost":275598},{"Length":401,"Height":498,"Stock":3,"Cost":199698},{"Length":279,"Height":498,"Stock":3,"Cost":138942}],"Items":[{"Length":241,"Height":167,"Demand":1,"DemandMax":null,"Value":40247},{"Length":128,"Height":222,"Demand":1,"DemandMax":null,"Value":28416},{"Length":273,"Height":253,"Demand":1,"DemandMax":null,"Value":69069},{"Length":159,"Height":250,"Demand":1,"DemandMax":null,"Value":39750},{"Length":279,"Height":30,"Demand":1,"DemandMax":null,"Value":8370},{"Length":11,"Height":276,"Demand":1,"DemandMax":null,"Value":3036},{"Length":57,"Height":193,"Demand":1,"DemandMax":null,"Value":11001},{"Length":64,"Height":124,"Demand":1,"DemandMax":null,"Value":7936},{"Length":183,"Height":184,"Demand":1,"DemandMax":null,"Value":33672},{"Length":130,"Height":248,"Demand":1,"DemandMax":null,"Value":32240},{"Length":23,"Height":36,"Demand":2,"DemandMax":null,"Value":828},{"Length":192,"Height":167,"Demand":1,"DemandMax":null,"Value":32064},{"Length":46,"Height":13,"Demand":1,"DemandMax":null,"Value":598},{"Length":191,"Height":279,"Demand":1,"DemandMax":null,"Value":53289},{"Length":46,"Height":228,"Demand":1,"DemandMax":null,"Value":10488},{"Length":2,"Height":60,"Demand":1,"DemandMax":null,"Value":120},{"Length":150,"Height":57,"Demand":1,"DemandMax":null,"Value":8550},{"Length":27,"Height":101,"Demand":1,"DemandMax":null,"Value":2727},{"Length":8,"Height":60,"Demand":2,"DemandMax":null,"Value":480},{"Length":38,"Height":79,"Demand":1,"DemandMax":null,"Value":3002},{"Length":14,"Height":1,"Demand":1,"DemandMax":null,"Value":14},{"Length":22,"Height":36,"Demand":1,"DemandMax":null,"Value":792},{"Length":46,"Height":71,"Demand":1,"DemandMax":null,"Value":3266},{"Length":184,"Height":54,"Demand":1,"DemandMax":null,"Value":9936},{"Length":14,"Height":79,"Demand":1,"DemandMax":null,"Value":1106},{"Length":279,"Height":227,"Demand":1,"DemandMax":null,"Value":63333},{"Length":103,"Height":4,"Demand":1,"DemandMax":null,"Value":412},{"Length":246,"Height":56,"Demand":1,"DemandMax":null,"Value":13776},{"Length":5,"Height":1,"Demand":1,"DemandMax":null,"Value":5},{"Length":8,"Height":125,"Demand":1,"DemandMax":null,"Value":1000},{"Length":4,"Height":57,"Demand":1,"DemandMax":null,"Value":228},{"Length":7,"Height":78,"Demand":1,"DemandMax":null,"Value":546},{"Length":167,"Height":279,"Demand":1,"DemandMax":null,"Value":46593},{"Length":276,"Height":245,"Demand":1,"DemandMax":null,"Value":67620},{"Length":46,"Height":31,"Demand":1,"DemandMax":null,"Value":1426},{"Length":279,"Height":9,"Demand":1,"DemandMax":null,"Value":2511},{"Length":49,"Height":228,"Demand":1,"DemandMax":null,"Value":11172},{"Length":17,"Height":40,"Demand":1,"DemandMax":null,"Value":680},{"Length":1,"Height":1,"Demand":1,"DemandMax":null,"Value":1},{"Length":12,"Height":78,"Demand":1,"DemandMax":null,"Value":936},{"Length":2,"Height":1,"Demand":2,"DemandMax":null,"Value":2},{"Length":3,"Height":154,"Demand":1,"DemandMax":null,"Value":462},{"Length":21,"Height":31,"Demand":1,"DemandMax":null,"Value":651},{"Length":279,"Height":4,"Demand":1,"DemandMax":null,"Value":1116},{"Length":5,"Height":66,"Demand":1,"DemandMax":null,"Value":330},{"Length":18,"Height":60,"Demand":1,"DemandMax":null,"Value":1080},{"Length":13,"Height":57,"Demand":1,"DemandMax":null,"Value":741},{"Length":5,"Height":16,"Demand":1,"DemandMax":null,"Value":80},{"Length":192,"Height":55,"Demand":1,"DemandMax":null,"Value":10560},{"Length":5,"Height":91,"Demand":1,"DemandMax":null,"Value":455},{"Length":242,"Height":250,"Demand":1,"DemandMax":null,"Value":60500},{"Length":50,"Height":13,"Demand":1,"DemandMax":null,"Value":650},{"Length":12,"Height":125,"Demand":1,"DemandMax":null,"Value":1500},{"Length":12,"Height":57,"Demand":1,"DemandMax":null,"Value":684},{"Length":1,"Height":5,"Demand":1,"DemandMax":null,"Value":5},{"Length":123,"Height":16,"Demand":1,"DemandMax":null,"Value":1968},{"Length":1,"Height":139,"Demand":1,"DemandMax":null,"Value":139},{"Length":5,"Height":2,"Demand":1,"DemandMax":null,"Value":10},{"Length":141,"Height":124,"Demand":1,"DemandMax":null,"Value":17484},{"Length":2,"Height":279,"Demand":1,"DemandMax":null,"Value":558},{"Length":18,"Height":36,"Demand":1,"DemandMax":null,"Value":648},{"Length":88,"Height":248,"Demand":1,"DemandMax":null,"Value":21824},{"Length":3,"Height":60,"Demand":1,"DemandMax":null,"Value":180},{"Length":9,"Height":92,"Demand":1,"DemandMax":null,"Value":828},{"Length":13,"Height":37,"Demand":1,"DemandMax":null,"Value":481},{"Length":17,"Height":20,"Demand":1,"DemandMax":null,"Value":340},{"Length":6,"Height":79,"Demand":1,"DemandMax":null,"Value":474},{"Length":57,"Height":86,"Demand":1,"DemandMax":null,"Value":4902},{"Length":33,"Height":92,"Demand":1,"DemandMax":null,"Value":3036},{"Length":4,"Height":79,"Demand":1,"DemandMax":null,"Value":316},{"Length":119,"Height":92,"Demand":1,"DemandMax":null,"Value":10948},{"Length":50,"Height":3,"Demand":1,"DemandMax":null,"Value":150},{"Length":1,"Height":16,"Demand":1,"DemandMax":null,"Value":16},{"Length":5,"Height":7,"Demand":1,"DemandMax":null,"Value":35},{"Length":273,"Height":249,"Demand":1,"DemandMax":null,"Value":67977},{"Length":14,"Height":125,"Demand":1,"DemandMax":null,"Value":1750},{"Length":22,"Height":92,"Demand":1,"DemandMax":null,"Value":2024},{"Length":102,"Height":4,"Demand":1,"DemandMax":null,"Value":408},{"Length":5,"Height":57,"Demand":1,"DemandMax":null,"Value":285},{"Length":19,"Height":79,"Demand":1,"DemandMax":null,"Value":1501},{"Length":116,"Height":79,"Demand":1,"DemandMax":null,"Value":9164},{"Length":21,"Height":29,"Demand":1,"DemandMax":null,"Value":609},{"Length":183,"Height":248,"Demand":1,"DemandMax":null,"Value":45384},{"Length":39,"Height":276,"Demand":1,"DemandMax":null,"Value":10764},{"Length":26,"Height":16,"Demand":1,"DemandMax":null,"Value":416},{"Length":13,"Height":64,"Demand":1,"DemandMax":null,"Value":832},{"Length":46,"Height":23,"Demand":1,"DemandMax":null,"Value":1058},{"Length":1,"Height":6,"Demand":1,"DemandMax":null,"Value":6},{"Length":11,"Height":154,"Demand":1,"DemandMax":null,"Value":1694},{"Length":276,"Height":257,"Demand":1,"DemandMax":null,"Value":70932},{"Length":28,"Height":79,"Demand":1,"DemandMax":null,"Value":2212},{"Length":1,"Height":126,"Demand":1,"DemandMax":null,"Value":126},{"Length":20,"Height":154,"Demand":1,"DemandMax":null,"Value":3080},{"Length":9,"Height":60,"Demand":1,"DemandMax":null,"Value":540},{"Length":1,"Height":79,"Demand":1,"DemandMax":null,"Value":79},{"Length":46,"Height":42,"Demand":1,"DemandMax":null,"Value":1932},{"Length":184,"Height":117,"Demand":1,"DemandMax":null,"Value":21528}]}