{"Name":"Nice300i4b3","Objects":[{"Length":304,"Height":415,"Stock":2,"Cost":126160},{"Length":1000,"Height":266,"Stock":4,"Cost":266000},{"Length":1000,"Height":319,"Stock":6,"Cost":319000},{"Length":696,"Height":415,"Stock":1,"Cost":288840}],"Items":[{"Length":53,"Height":39,"Demand":2,"DemandMax":null,"Value":2067},{"Length":172,"Height":46,"Demand":1,"DemandMax":null,"Value":7912},{"Length":100,"Height":44,"Demand":1,"DemandMax":null,"Value":4400},{"Length":28,"Height":91,"Demand":2,"DemandMax":null,"Value":2548},{"Length":31,"Height":116,"Demand":1,"DemandMax":null,"Value":3596},{"Length":40,"Height":52,"Demand":1,"DemandMax":null,"Value":2080},{"Length":50,"Height":101,"Demand":1,"DemandMax":null,"Value":5050},{"Length":49,"Height":101,"Demand":1,"DemandMax":null,"Value":4949},{"Length":75,"Height":39,"Demand":1,"DemandMax":null,"Value":2925},{"Length":96,"Height":25,"Demand":1,"DemandMax":null,"Value":2400},{"Length":57,"Height":42,"Demand":2,"DemandMax":null,"Value":2394},{"Length":70,"Height":40,"Demand":1,"DemandMax":null,"Value":2800},{"Length":65,"Height":138,"Demand":1,"DemandMax":null,"Value":8970},{"Length":110,"Height":30,"Demand":1,"DemandMax":null,"Value":3300},{"Length":53,"Height":69,"Demand":1,"DemandMax":null,"Value":3657},{"Length":111,"Height":46,"Demand":1,"DemandMax":null,"Value":5106},{"Length":48,"Height":44,"Demand":1,"DemandMax":null,"Value":2112},{"Length":93,"Height":54,"Demand":1,"DemandMax":null,"Value":5022},{"Length":72,"Height":49,"Demand":1,"DemandMax":null,"Value":3528},{"Length":34,"Height":67,"Demand":1,"DemandMax":null,"Value":2278},{"Length":94,"Height":27,"Demand":1,"DemandMax":null,"Value":2538},{"Length":50,"Height":65,"Demand":1,"DemandMax":null,"Value":3250},{"Length":121,"Height":42,"Demand":1,"DemandMax":null,"Value":5082},{"Length":44,"Height":55,"Demand":1,"DemandMax":null,"Value":2420},{"Length":63,"Height":35,"Demand":1,"DemandMax":null,"Value":2205},{"Length":33,"Height":69,"Demand":1,"DemandMax":null,"Value":2277},{"Length":42,"Height":65,"Demand":1,"DemandMax":null,"Value":2730},{"Length":42,"Height":104,"Demand":1,"DemandMax":null,"Value":4368},{"Length":91,"Height":65,"Demand":1,"DemandMax":null,"Value":5915},{"Length":133,"Height":38,"Demand":1,"DemandMax":null,"Value":5054},{"Length":92,"Height":24,"Demand":1,"DemandMax":null,"Value":2208},{"Length":74,"Height":29,"Demand":1,"DemandMax":null,"Value":2146},{"Length":72,"Height":59,"Demand":1,"DemandMax":null,"Value":4248},{"Length":50,"Height":60,"Demand":2,"DemandMax":null,"Value":3000},{"Length":102,"Height":27,"Demand":1,"DemandMax":null,"Value":2754},{"Length":38,"Height":64,"Demand":1,"DemandMax":null,"Value":2432},{"Length":55,"Height":41,"Demand":3,"DemandMax":null,"Value":2255},{"Length":66,"Height":39,"Demand":1,"DemandMax":null,"Value":2574},{"Length":25,"Height":95,"Demand":1,"DemandMax":null,"Value":2375},{"Length":104,"Height":59,"Demand":1,"DemandMax":null,"Value":6136},{"Length":35,"Height":59,"Demand":1,"DemandMax":null,"Value":2065},{"Length":68,"Height":37,"Demand":1,"DemandMax":null,"Value":2516},{"Length":61,"Height":35,"Demand":1,"DemandMax":null,"Value":2135},{"Length":45,"Height":60,"Demand":1,"DemandMax":null,"Value":2700},{"Length":61,"Height":65,"Demand":1,"DemandMax":null,"Value":3965},{"Length":65,"Height":47,"Demand":1,"DemandMax":null,"Value":3055},{"Length":36,"Height":68,"Demand":1,"DemandMax":null,"Value":2448},{"Length":91,"Height":71,"Demand":1,"DemandMax":null,"Value":6461},{"Length":108,"Height":44,"Demand":1,"DemandMax":null,"Value":4752},{"Length":40,"Height":99,"Demand":1,"DemandMax":null,"Value":3960},{"Length":41,"Height":78,"Demand":1,"DemandMax":null,"Value":3198},{"Length":36,"Height":142,"Demand":1,"DemandMax":null,"Value":5112},{"Length":133,"Height":40,"Demand":1,"DemandMax":null,"Value":5320},{"Length":52,"Height":54,"Demand":1,"DemandMax":null,"Value":2808},{"Length":38,"Height":72,"Demand":1,"DemandMax":null,"Value":2736},{"Length":66,"Height":36,"Demand":1,"DemandMax":null,"Value":2376},{"Length":92,"Height":64,"Demand":1,"DemandMax":null,"Value":5888},{"Length":92,"Height":23,"Demand":1,"DemandMax":null,"Value":2116},{"Length":73,"Height":82,"Demand":1,"DemandMax":null,"Value":5986},{"Length":23,"Height":91,"Demand":1,"DemandMax":null,"Value":2093},{"Length":59,"Height":59,"Demand":1,"DemandMax":null,"Value":3481},{"Length":32,"Height":121,"Demand":2,"DemandMax":null,"Value":3872},{"Length":24,"Height":90,"Demand":1,"DemandMax":null,"Value":2160},{"Length":47,"Height":94,"Demand":1,"DemandMax":null,"Value":4418},{"Length":77,"Height":27,"Demand":1,"DemandMax":null,"Value":2079},{"Length":74,"Height":31,"Demand":1,"DemandMax":null,"Value":2294},{"Length":49,"Height":45,"Demand":1,"DemandMax":null,"Value":2205},{"Length":50,"Height":49,"Demand":1,"DemandMax":null,"Value":2450},{"Length":62,"Height":91,"Demand":1,"DemandMax":null,"Value":5642},{"Length":63,"Height":37,"Demand":1,"DemandMax":null,"Value":2331},{"Length":41,"Height":123,"Demand":1,"DemandMax":null,"Value":5043},{"Length":52,"Height":44,"Demand":2,"DemandMax":null,"Value":2288},{"Length":31,"Height":67,"Demand":1,"DemandMax":null,"Value":2077},{"Length":47,"Height":109,"Demand":1,"DemandMax":null,"Value":5123},{"Length":55,"Height":55,"Demand":1,"DemandMax":null,"Value":3025},{"Length":45,"Height":48,"Demand":1,"DemandMax":null,"Value":2160},{"Length":92,"Height":30,"Demand":1,"DemandMax":null,"Value":2760},{"Length":24,"Height":88,"Demand":2,"DemandMax":null,"Value":2112},{"Length":44,"Height":96,"Demand":1,"DemandMax":null,"Value":4224},{"Length":47,"Height":52,"Demand":1,"DemandMax":null,"Value":2444},{"Length":50,"Height":94,"Demand":1,"DemandMax":null,"Value":4700},{"Length":58,"Height":46,"Demand":3,"DemandMax":null,"Value":2668},{"Length":100,"Height":25,"Demand":1,"DemandMax":null,"Value":2500},{"Length":110,"Height":79,"Demand":1,"DemandMax":null,"Value":8690},{"Length":65,"Height":222,"Demand":1,"DemandMax":null,"Value":14430},{"Length":110,"Height":50,"Demand":1,"DemandMax":null,"Value":5500},{"Length":49,"Height":57,"Demand":1,"DemandMax":null,"Value":2793},{"Length":97,"Height":25,"Demand":1,"DemandMax":null,"Value":2425},{"Length":43,"Height":111,"Demand":1,"DemandMax":null,"Value":4773},{"Length":27,"Height":79,"Demand":1,"DemandMax":null,"Value":2133},{"Length":58,"Height":85,"Demand":1,"DemandMax":null,"Value":4930},{"Length":37,"Height":56,"Demand":1,"DemandMax":null,"Value":2072},{"Length":57,"Height":78,"Demand":1,"DemandMax":null,"Value":4446},{"Length":27,"Height":88,"Demand":2,"DemandMax":null,"Value":2376},{"Length":70,"Height":55,"Demand":1,"DemandMax":null,"Value":3850},{"Length":44,"Height":49,"Demand":1,"DemandMax":null,"Value":2156},{"Length":57,"Height":138,"Demand":1,"DemandMax":null,"Value":7866},{"Length":25,"Height":88,"Demand":1,"DemandMax":null,"Value":2200},{"Length":62,"Height":34,"Demand":1,"DemandMax":null,"Value":2108},{"Length":57,"Height":67,"Demand":1,"DemandMax":null,"Value":3819},{"Length":47,"Height":44,"Demand":1,"DemandMax":null,"Value":2068},{"Length":26,"Height":91,"Demand":1,"DemandMax":null,"Value":2366},{"Length":46,"Height":49,"Demand":1,"DemandMax":null,"Value":2254},{"Length":103,"Height":69,"Demand":1,"DemandMax":null,"Value":7107},{"Length":58,"Height":53,"Demand":1,"DemandMax":null,"Value":3074},{"Length":50,"Height":44,"Demand":1,"DemandMax":null,"Value":2200},{"Length":28,"Height":111,"Demand":1,"DemandMax":null,"Value":3108},{"Length":66,"Height":54,"Demand":1,"DemandMax":null,"Value":3564},{"Length":110,"Height":48,"Demand":1,"DemandMax":null,"Value":5280},{"Length":37,"Height":88,"Demand":1,"DemandMax":null,"Value":3256},{"Length":48,"Height":43,"Demand":1,"DemandMax":null,"Value":2064},{"Length":31,"Height":94,"Demand":2,"DemandMax":null,"Value":2914},{"Length":61,"Height":72,"Demand":1,"DemandMax":null,"Value":4392},{"Length":94,"Height":26,"Demand":2,"DemandMax":null,"Value":2444},{"Length":40,"Height":53,"Demand":1,"DemandMax":null,"Value":2120},{"Length":53,"Height":55,"Demand":2,"DemandMax":null,"Value":2915},{"Length":30,"Height":89,"Demand":1,"DemandMax":null,"Value":2670},{"Length":32,"Height":69,"Demand":1,"DemandMax":null,"Value":2208},{"Length":62,"Height":36,"Demand":1,"DemandMax":null,"Value":2232},{"Length":33,"Height":71,"Demand":2,"DemandMax":null,"Value":2343},{"Length":57,"Height":55,"Demand":1,"DemandMax":null,"Value":3135},{"Length":62,"Height":37,"Demand":1,"DemandMax":null,"Value":2294},{"Length":47,"Height":45,"Demand":1,"DemandMax":null,"Value":2115},{"Length":27,"Height":94,"Demand":1,"DemandMax":null,"Value":2538},{"Length":72,"Height":65,"Demand":1,"DemandMax":null,"Value":4680},{"Length":35,"Height":87,"Demand":1,"DemandMax":null,"Value":3045},{"Length":106,"Height":77,"Demand":1,"DemandMax":null,"Value":8162},{"Length":100,"Height":49,"Demand":1,"DemandMax":null,"Value":4900},{"Length":56,"Height":122,"Demand":1,"DemandMax":null,"Value":6832},{"Length":59,"Height":61,"Demand":1,"DemandMax":null,"Value":3599},{"Length":82,"Height":74,"Demand":1,"DemandMax":null,"Value":6068},{"Length":42,"Height":70,"Demand":1,"DemandMax":null,"Value":2940},{"Length":33,"Height":65,"Demand":1,"DemandMax":null,"Value":2145},{"Length":50,"Height":68,"Demand":1,"DemandMax":null,"Value":3400},{"Length":97,"Height":27,"Demand":1,"DemandMax":null,"Value":2619},{"Length":69,"Height":48,"Demand":1,"DemandMax":null,"Value":3312},{"Length":84,"Height":30,"Demand":1,"DemandMax":null,"Value":2520},{"Length":51,"Height":44,"Demand":1,"DemandMax":null,"Value":2244},{"Length":36,"Height":104,"Demand":1,"DemandMax":null,"Value":3744},{"Length":64,"Height":39,"Demand":1,"DemandMax":null,"Value":2496},{"Length":111,"Height":54,"Demand":1,"DemandMax":null,"Value":5994},{"Length":36,"Height":99,"Demand":1,"DemandMax":null,"Value":3564},{"Length":26,"Height":101,"Demand":1,"DemandMax":null,"Value":2626},{"Length":58,"Height":96,"Demand":1,"DemandMax":null,"Value":5568},{"Length":71,"Height":38,"Demand":1,"DemandMax":null,"Value":2698},{"Length":142,"Height":86,"Demand":1,"DemandMax":null,"Value":12212},{"Length":99,"Height":25,"Demand":1,"DemandMax":null,"Value":2475},{"Length":41,"Height":88,"Demand":1,"DemandMax":null,"Value":3608},{"Length":48,"Height":47,"Demand":1,"DemandMax":null,"Value":2256},{"Length":37,"Height":72,"Demand":1,"DemandMax":null,"Value":2664},{"Length":53,"Height":54,"Demand":1,"DemandMax":null,"Value":2862},{"Length":46,"Height":45,"Demand":3,"DemandMax":null,"Value":2070},{"Length":84,"Height":96,"Demand":1,"DemandMax":null,"Value":8064},{"Length":38,"Height":57,"Demand":1,"DemandMax":null,"Value":2166},{"Length":58,"Height":44,"Demand":2,"DemandMax":null,"Value":2552},{"Length":28,"Height":101,"Demand":1,"DemandMax":null,"Value":2828},{"Length":50,"Height":55,"Demand":1,"DemandMax":null,"Value":2750},{"Length":100,"Height":61,"Demand":1,"DemandMax":null,"Value":6100},{"Length":42,"Height":50,"Demand":2,"DemandMax":null,"Value":2100},{"Length":48,"Height":45,"Demand":1,"DemandMax":null,"Value":2160},{"Length":38,"Height":78,"Demand":1,"DemandMax":null,"Value":2964},{"Length":64,"Height":55,"Demand":1,"DemandMax":null,"Value":3520},{"Length":42,"Height":69,"Demand":1,"DemandMax":null,"Value":2898},{"Length":85,"Height":26,"Demand":1,"DemandMax":null,"Value":2210},{"Length":59,"Height":46,"Demand":1,"DemandMax":null,"Value":2714},{"Length":71,"Height":40,"Demand":1,"DemandMax":null,"Value":2840},{"Length":51,"Height":43,"Demand":1,"DemandMax":null,"Value":2193},{"Length":55,"Height":67,"Demand":1,"DemandMax":null,"Value":3685},{"Length":84,"Height":40,"Demand":1,"DemandMax":null,"Value":3360},{"Length":102,"Height":28,"Demand":1,"DemandMax":null,"Value":2856},{"Length":55,"Height":70,"Demand":1,"DemandMax":null,"Value":3850},{"Length":92,"Height":40,"Demand":1,"DemandMax":null,"Value":3680},{"Length":68,"Height":55,"Demand":1,"DemandMax":null,"Value":3740},{"Length":63,"Height":88,"Demand":1,"DemandMax":null,"Value":5544},{"Length":49,"Height":78,"Demand":1,"DemandMax":null,"Value":3822},{"Length":49,"Height":86,"Demand":1,"DemandMax":null,"Value":4214},{"Length":59,"Height":53,"Demand":1,"DemandMax":null,"Value":3127},{"Length":75,"Height":49,"Demand":1,"DemandMax":null,"Value":3675},{"Length":53,"Height":42,"Demand":2,"DemandMax":null,"Value":2226},{"Length":72,"Height":50,"Demand":1,"DemandMax":null,"Value":3600},{"Length":65,"Height":55,"Demand":1,"DemandMax":null,"Value":3575},{"Length":28,"Height":102,"Demand":1,"DemandMax":null,"Value":2856},{"Length":84,"Height":51,"Demand":1,"DemandMax":null,"Value":4284},{"Length":29,"Height":73,"Demand":1,"DemandMax":null,"Value":2117},{"Length":97,"Height":67,"Demand":1,"DemandMax":null,"Value":6499},{"Length":28,"Height":94,"Demand":1,"DemandMax":null,"Value":2632},{"Length":37,"Height":99,"Demand":1,"DemandMax":null,"Value":3663},{"Length":55,"Height":49,"Demand":1,"DemandMax":null,"Value":2695},{"Length":47,"Height":47,"Demand":1,"DemandMax":null,"Value":2209},{"Length":53,"Height":46,"Demand":1,"DemandMax":null,"Value":2438},{"Length":68,"Height":39,"Demand":1,"DemandMax":null,"Value":2652},{"Length":73,"Height":72,"Demand":1,"DemandMax":null,"Value":5256},{"Length":94,"Height":31,"Demand":1,"DemandMax":null,"Value":2914},{"Length":61,"Height":67,"Demand":1,"DemandMax":null,"Value":4087},{"Length":28,"Height":95,"Demand":1,"DemandMax":null,"Value":2660},{"Length":52,"Height":70,"Demand":1,"DemandMax":null,"Value":3640},{"Length":70,"Height":68,"Demand":1,"DemandMax":null,"Value":4760},{"Length":64,"Height":47,"Demand":1,"DemandMax":null,"Value":3008},{"Length":44,"Height":66,"Demand":1,"DemandMax":null,"Value":2904},{"Length":66,"Height":44,"Demand":1,"DemandMax":null,"Value":2904},{"Length":29,"Height":102,"Demand":1,"DemandMax":null,"Value":2958},{"Length":77,"Height":28,"Demand":1,"DemandMax":null,"Value":2156},{"Length":30,"Height":111,"Demand":1,"DemandMax":null,"Value":3330},{"Length":68,"Height":41,"Demand":1,"DemandMax":null,"Value":2788},{"Length":30,"Height":73,"Demand":1,"DemandMax":null,"Value":2190},{"Length":54,"Height":45,"Demand":1,"DemandMax":null,"Value":2430},{"Length":68,"Height":59,"Demand":1,"DemandMax":null,"Value":4012},{"Length":84,"Height":37,"Demand":1,"DemandMax":null,"Value":3108},{"Length":38,"Height":86,"Demand":1,"DemandMax":null,"Value":3268},{"Length":40,"Height":80,"Demand":1,"DemandMax":null,"Value":3200},{"Length":44,"Height":56,"Demand":1,"DemandMax":null,"Value":2464},{"Length":88,"Height":54,"Demand":1,"DemandMax":null,"Value":4752},{"Length":44,"Height":47,"Demand":1,"DemandMax":null,"Value":2068},{"Length":46,"Height":57,"Demand":2,"DemandMax":null,"Value":2622},{"Length":37,"Height":67,"Demand":1,"DemandMax":null,"Value":2479},{"Length":36,"Height":74,"Demand":1,"DemandMax":null,"Value":2664},{"Length":69,"Height":31,"Demand":1,"DemandMax":null,"Value":2139},{"Length":77,"Height":90,"Demand":1,"DemandMax":null,"Value":6930},{"Length":51,"Height":46,"Demand":1,"DemandMax":null,"Value":2346},{"Length":99,"Height":28,"Demand":1,"DemandMax":null,"Value":2772},{"Length":110,"Height":33,"Demand":1,"DemandMax":null,"Value":3630},{"Length":63,"Height":39,"Demand":1,"DemandMax":null,"Value":2457},{"Length":83,"Height":37,"Demand":1,"DemandMax":null,"Value":3071},{"Length":94,"Height":32,"Demand":1,"DemandMax":null,"Value":3008},{"Length":84,"Height":27,"Demand":1,"DemandMax":null,"Value":2268},{"Length":51,"Height":65,"Demand":1,"DemandMax":null,"Value":3315},{"Length":100,"Height":31,"Demand":1,"DemandMax":null,"Value":3100},{"Length":59,"Height":44,"Demand":1,"DemandMax":null,"Value":2596},{"Length":44,"Height":65,"Demand":1,"DemandMax":null,"Value":2860},{"Length":45,"Height":116,"Demand":1,"DemandMax":null,"Value":5220},{"Length":41,"Height":57,"Demand":1,"DemandMax":null,"Value":2337},{"Length":40,"Height":61,"Demand":1,"DemandMax":null,"Value":2440},{"Length":62,"Height":38,"Demand":1,"DemandMax":null,"Value":2356},{"Length":66,"Height":41,"Demand":1,"DemandMax":null,"Value":2706},{"Length":57,"Height":77,"Demand":1,"DemandMax":null,"Value":4389},{"Length":43,"Height":48,"Demand":1,"DemandMax":null,"Value":2064},{"Length":35,"Height":67,"Demand":1,"DemandMax":null,"Value":2345},{"Length":72,"Height":41,"Demand":1,"DemandMax":null,"Value":2952},{"Length":27,"Height":101,"Demand":1,"DemandMax":null,"Value":2727},{"Length":96,"Height":30,"Demand":1,"DemandMax":null,"Value":2880},{"Length":70,"Height":45,"Demand":1,"DemandMax":null,"Value":3150},{"Length":52,"Height":76,"Demand":1,"DemandMax":null,"Value":3952},{"Length":97,"Height":26,"Demand":1,"DemandMax":null,"Value":2522},{"Length":65,"Height":68,"Demand":1,"DemandMax":null,"Value":4420},{"Length":63,"Height":44,"Demand":1,"DemandMax":null,"Value":2772},{"Length":74,"Height":30,"Demand":1,"DemandMax":null,"Value":2220},{"Length":61,"Height":45,"Demand":1,"DemandMax":null,"Value":2745},{"Length":38,"Height":95,"Demand":1,"DemandMax":null,"Value":3610},{"Length":47,"Height":88,"Demand":1,"DemandMax":null,"Value":4136},{"Length":71,"Height":39,"Demand":1,"DemandMax":null,"Value":2769},{"Length":58,"Height":54,"Demand":1,"DemandMax":null,"Value":3132},{"Length":58,"Height":60,"Demand":1,"DemandMax":null,"Value":3480},{"Length":48,"Height":54,"Demand":1,"DemandMax":null,"Value":2592},{"Length":84,"Height":55,"Demand":1,"DemandMax":null,"Value":4620},{"Length":84,"Height":94,"Demand":1,"DemandMax":null,"Value":7896},{"Length":30,"Height":79,"Demand":1,"DemandMax":null,"Value":2370},{"Length":78,"Height":31,"Demand":1,"DemandMax":null,"Value":2418},{"Length":78,"Height":38,"Demand":1,"DemandMax":null,"Value":2964},{"Length":45,"Height":47,"Demand":1,"DemandMax":null,"Value":2115},{"Length":61,"Height":55,"Demand":1,"DemandMax":null,"Value":3355},{"Length":94,"Height":43,"Demand":1,"DemandMax":null,"Value":4042},{"Length":85,"Height":31,"Demand":1,"DemandMax":null,"Value":2635},{"Length":62,"Height":35,"Demand":1,"DemandMax":null,"Value":2170},{"Length":24,"Height":91,"Demand":1,"DemandMax":null,"Value":2184},{"Length":42,"Height":87,"Demand":1,"DemandMax":null,"Value":3654},{"Length":42,"Height":59,"Demand":1,"DemandMax":null,"Value":2478},{"Length":56,"Height":52,"Demand":1,"DemandMax":null,"Value":2912},{"Length":69,"Height":41,"Demand":1,"DemandMax":null,"Value":2829},{"Length":48,"Height":91,"Demand":1,"DemandMax":null,"Value":4368},{"Length":48,"Height":50,"Demand":1,"DemandMax":null,"Value":2400},{"Length":31,"Height":101,"Demand":1,"DemandMax":null,"Value":3131},{"Length":46,"Height":50,"Demand":1,"DemandMax":null,"Value":2300},{"Length":45,"Height":51,"Demand":1,"DemandMax":null,"Value":2295},{"Length":61,"Height":36,"Demand":1,"DemandMax":null,"Value":2196},{"Length":47,"Height":51,"Demand":1,"DemandMax":null,"Value":2397},{"Length":74,"Height":37,"Demand":1,"DemandMax":null,"Value":2738},{"Length":60,"Height":49,"Demand":1,"DemandMax":null,"Value":2940},{"Length":43,"Height":56,"Demand":1,"DemandMax":null,"Value":2408}]}