{"Name":"Path200i2b4","Objects":[{"Length":1000,"Height":534,"Stock":4,"Cost":534000},{"Length":1000,"Height":466,"Stock":2,"Cost":466000}],"Items":[{"Length":116,"Height":253,"Demand":1,"DemandMax":null,"Value":29348},{"Length":1,"Height":46,"Demand":1,"DemandMax":null,"Value":46},{"Length":110,"Height":306,"Demand":1,"DemandMax":null,"Value":33660},{"Length":438,"Height":412,"Demand":1,"DemandMax":null,"Value":180456},{"Length":36,"Height":190,"Demand":1,"DemandMax":null,"Value":6840},{"Length":43,"Height":56,"Demand":1,"DemandMax":null,"Value":2408},{"Length":100,"Height":5,"Demand":1,"DemandMax":null,"Value":500},{"Length":97,"Height":36,"Demand":1,"DemandMax":null,"Value":3492},{"Length":48,"Height":466,"Demand":1,"DemandMax":null,"Value":22368},{"Length":58,"Height":281,"Demand":1,"DemandMax":null,"Value":16298},{"Length":22,"Height":245,"Demand":1,"DemandMax":null,"Value":5390},{"Length":415,"Height":18,"Demand":1,"DemandMax":null,"Value":7470},{"Length":3,"Height":304,"Demand":1,"DemandMax":null,"Value":912},{"Length":5,"Height":357,"Demand":1,"DemandMax":null,"Value":1785},{"Length":220,"Height":306,"Demand":1,"DemandMax":null,"Value":67320},{"Length":68,"Height":48,"Demand":1,"DemandMax":null,"Value":3264},{"Length":1,"Height":62,"Demand":1,"DemandMax":null,"Value":62},{"Length":144,"Height":123,"Demand":1,"DemandMax":null,"Value":17712},{"Length":3,"Height":38,"Demand":1,"DemandMax":null,"Value":114},{"Length":3,"Height":91,"Demand":1,"DemandMax":null,"Value":273},{"Length":1,"Height":171,"Demand":1,"DemandMax":null,"Value":171},{"Length":1,"Height":5,"Demand":3,"DemandMax":null,"Value":5},{"Length":15,"Height":306,"Demand":1,"DemandMax":null,"Value":4590},{"Length":51,"Height":5,"Demand":1,"DemandMax":null,"Value":255},{"Length":72,"Height":73,"Demand":1,"DemandMax":null,"Value":5256},{"Length":8,"Height":36,"Demand":1,"DemandMax":null,"Value":288},{"Length":3,"Height":3,"Demand":3,"DemandMax":null,"Value":9},{"Length":107,"Height":239,"Demand":1,"DemandMax":null,"Value":25573},{"Length":1,"Height":55,"Demand":1,"DemandMax":null,"Value":55},{"Length":1,"Height":252,"Demand":1,"DemandMax":null,"Value":252},{"Length":2,"Height":27,"Demand":1,"DemandMax":null,"Value":54},{"Length":12,"Height":110,"Demand":1,"DemandMax":null,"Value":1320},{"Length":2,"Height":14,"Demand":1,"DemandMax":null,"Value":28},{"Length":9,"Height":336,"Demand":1,"DemandMax":null,"Value":3024},{"Length":159,"Height":1,"Demand":1,"DemandMax":null,"Value":159},{"Length":274,"Height":40,"Demand":1,"DemandMax":null,"Value":10960},{"Length":174,"Height":227,"Demand":1,"DemandMax":null,"Value":39498},{"Length":279,"Height":82,"Demand":1,"DemandMax":null,"Value":22878},{"Length":159,"Height":64,"Demand":1,"DemandMax":null,"Value":10176},{"Length":1,"Height":59,"Demand":2,"DemandMax":null,"Value":59},{"Length":2,"Height":1,"Demand":2,"DemandMax":null,"Value":2},{"Length":1,"Height":76,"Demand":1,"DemandMax":null,"Value":76},{"Length":1,"Height":31,"Demand":1,"DemandMax":null,"Value":31},{"Length":13,"Height":466,"Demand":1,"DemandMax":null,"Value":6058},{"Length":1,"Height":19,"Demand":1,"DemandMax":null,"Value":19},{"Length":79,"Height":18,"Demand":1,"DemandMax":null,"Value":1422},{"Length":243,"Height":155,"Demand":1,"DemandMax":null,"Value":37665},{"Length":68,"Height":16,"Demand":1,"DemandMax":null,"Value":1088},{"Length":243,"Height":121,"Demand":1,"DemandMax":null,"Value":29403},{"Length":26,"Height":8,"Demand":1,"DemandMax":null,"Value":208},{"Length":3,"Height":420,"Demand":1,"DemandMax":null,"Value":1260},{"Length":3,"Height":17,"Demand":1,"DemandMax":null,"Value":51},{"Length":207,"Height":190,"Demand":1,"DemandMax":null,"Value":39330},{"Length":27,"Height":36,"Demand":1,"DemandMax":null,"Value":972},{"Length":1,"Height":73,"Demand":1,"DemandMax":null,"Value":73},{"Length":1,"Height":132,"Demand":1,"DemandMax":null,"Value":132},{"Length":1,"Height":1,"Demand":9,"DemandMax":null,"Value":1},{"Length":144,"Height":137,"Demand":1,"DemandMax":null,"Value":19728},{"Length":4,"Height":50,"Demand":1,"DemandMax":null,"Value":200},{"Length":415,"Height":189,"Demand":1,"DemandMax":null,"Value":78435},{"Length":16,"Height":19,"Demand":1,"DemandMax":null,"Value":304},{"Length":54,"Height":191,"Demand":1,"DemandMax":null,"Value":10314},{"Length":5,"Height":8,"Demand":1,"DemandMax":null,"Value":40},{"Length":2,"Height":34,"Demand":1,"DemandMax":null,"Value":68},{"Length":4,"Height":1,"Demand":4,"DemandMax":null,"Value":4},{"Length":23,"Height":1,"Demand":1,"DemandMax":null,"Value":23},{"Length":19,"Height":221,"Demand":1,"DemandMax":null,"Value":4199},{"Length":1,"Height":3,"Demand":2,"DemandMax":null,"Value":3},{"Length":51,"Height":76,"Demand":1,"DemandMax":null,"Value":3876},{"Length":108,"Height":101,"Demand":1,"DemandMax":null,"Value":10908},{"Length":10,"Height":2,"Demand":1,"DemandMax":null,"Value":20},{"Length":4,"Height":10,"Demand":1,"DemandMax":null,"Value":40},{"Length":2,"Height":99,"Demand":1,"DemandMax":null,"Value":198},{"Length":80,"Height":10,"Demand":1,"DemandMax":null,"Value":800},{"Length":8,"Height":1,"Demand":2,"DemandMax":null,"Value":8},{"Length":13,"Height":267,"Demand":1,"DemandMax":null,"Value":3471},{"Length":1,"Height":114,"Demand":1,"DemandMax":null,"Value":114},{"Length":11,"Height":1,"Demand":2,"DemandMax":null,"Value":11},{"Length":2,"Height":63,"Demand":1,"DemandMax":null,"Value":126},{"Length":6,"Height":7,"Demand":1,"DemandMax":null,"Value":42},{"Length":94,"Height":11,"Demand":2,"DemandMax":null,"Value":1034},{"Length":1,"Height":67,"Demand":1,"DemandMax":null,"Value":67},{"Length":13,"Height":8,"Demand":1,"DemandMax":null,"Value":104},{"Length":159,"Height":12,"Demand":1,"DemandMax":null,"Value":1908},{"Length":1,"Height":357,"Demand":2,"DemandMax":null,"Value":357},{"Length":5,"Height":1,"Demand":1,"DemandMax":null,"Value":5},{"Length":55,"Height":116,"Demand":1,"DemandMax":null,"Value":6380},{"Length":2,"Height":6,"Demand":1,"DemandMax":null,"Value":12},{"Length":3,"Height":1,"Demand":1,"DemandMax":null,"Value":3},{"Length":9,"Height":32,"Demand":1,"DemandMax":null,"Value":288},{"Length":8,"Height":6,"Demand":1,"DemandMax":null,"Value":48},{"Length":3,"Height":6,"Demand":1,"DemandMax":null,"Value":18},{"Length":1,"Height":203,"Demand":1,"DemandMax":null,"Value":203},{"Length":5,"Height":6,"Demand":1,"DemandMax":null,"Value":30},{"Length":2,"Height":29,"Demand":1,"DemandMax":null,"Value":58},{"Length":55,"Height":114,"Demand":1,"DemandMax":null,"Value":6270},{"Length":17,"Height":1,"Demand":1,"DemandMax":null,"Value":17},{"Length":1,"Height":6,"Demand":1,"DemandMax":null,"Value":6},{"Length":159,"Height":27,"Demand":1,"DemandMax":null,"Value":4293},{"Length":3,"Height":161,"Demand":1,"DemandMax":null,"Value":483},{"Length":7,"Height":331,"Demand":1,"DemandMax":null,"Value":2317},{"Length":82,"Height":16,"Demand":2,"DemandMax":null,"Value":1312},{"Length":24,"Height":2,"Demand":1,"DemandMax":null,"Value":48},{"Length":43,"Height":225,"Demand":1,"DemandMax":null,"Value":9675},{"Length":3,"Height":209,"Demand":1,"DemandMax":null,"Value":627},{"Length":24,"Height":15,"Demand":1,"DemandMax":null,"Value":360},{"Length":107,"Height":23,"Demand":1,"DemandMax":null,"Value":2461},{"Length":1,"Height":37,"Demand":1,"DemandMax":null,"Value":37},{"Length":3,"Height":110,"Demand":1,"DemandMax":null,"Value":330},{"Length":1,"Height":217,"Demand":1,"DemandMax":null,"Value":217},{"Length":107,"Height":2,"Demand":1,"DemandMax":null,"Value":214},{"Length":93,"Height":50,"Demand":1,"DemandMax":null,"Value":4650},{"Length":4,"Height":15,"Demand":2,"DemandMax":null,"Value":60},{"Length":1,"Height":173,"Demand":1,"DemandMax":null,"Value":173},{"Length":2,"Height":2,"Demand":1,"DemandMax":null,"Value":4},{"Length":1,"Height":80,"Demand":2,"DemandMax":null,"Value":80},{"Length":7,"Height":26,"Demand":1,"DemandMax":null,"Value":182},{"Length":13,"Height":49,"Demand":1,"DemandMax":null,"Value":637},{"Length":36,"Height":62,"Demand":1,"DemandMax":null,"Value":2232},{"Length":6,"Height":10,"Demand":1,"DemandMax":null,"Value":60},{"Length":52,"Height":114,"Demand":1,"DemandMax":null,"Value":5928},{"Length":3,"Height":49,"Demand":1,"DemandMax":null,"Value":147},{"Length":11,"Height":46,"Demand":1,"DemandMax":null,"Value":506},{"Length":2,"Height":221,"Demand":1,"DemandMax":null,"Value":442},{"Length":80,"Height":8,"Demand":1,"DemandMax":null,"Value":640},{"Length":2,"Height":21,"Demand":1,"DemandMax":null,"Value":42},{"Length":2,"Height":5,"Demand":1,"DemandMax":null,"Value":10},{"Length":2,"Height":110,"Demand":1,"DemandMax":null,"Value":220},{"Length":4,"Height":77,"Demand":1,"DemandMax":null,"Value":308},{"Length":12,"Height":59,"Demand":1,"DemandMax":null,"Value":708},{"Length":46,"Height":281,"Demand":1,"DemandMax":null,"Value":12926},{"Length":18,"Height":1,"Demand":1,"DemandMax":null,"Value":18},{"Length":10,"Height":1,"Demand":1,"DemandMax":null,"Value":10},{"Length":1,"Height":10,"Demand":1,"DemandMax":null,"Value":10},{"Length":5,"Height":11,"Demand":1,"DemandMax":null,"Value":55},{"Length":26,"Height":252,"Demand":1,"DemandMax":null,"Value":6552},{"Length":94,"Height":168,"Demand":1,"DemandMax":null,"Value":15792},{"Length":2,"Height":86,"Demand":1,"DemandMax":null,"Value":172},{"Length":3,"Height":113,"Demand":1,"DemandMax":null,"Value":339},{"Length":144,"Height":59,"Demand":1,"DemandMax":null,"Value":8496},{"Length":3,"Height":2,"Demand":1,"DemandMax":null,"Value":6},{"Length":1,"Height":17,"Demand":1,"DemandMax":null,"Value":17},{"Length":1,"Height":230,"Demand":2,"DemandMax":null,"Value":230},{"Length":11,"Height":7,"Demand":1,"DemandMax":null,"Value":77},{"Length":62,"Height":46,"Demand":1,"DemandMax":null,"Value":2852},{"Length":8,"Height":4,"Demand":1,"DemandMax":null,"Value":32},{"Length":3,"Height":168,"Demand":1,"DemandMax":null,"Value":504},{"Length":88,"Height":5,"Demand":1,"DemandMax":null,"Value":440},{"Length":2,"Height":8,"Demand":1,"DemandMax":null,"Value":16},{"Length":1,"Height":26,"Demand":1,"DemandMax":null,"Value":26},{"Length":1,"Height":25,"Demand":1,"DemandMax":null,"Value":25},{"Length":1,"Height":22,"Demand":1,"DemandMax":null,"Value":22},{"Length":4,"Height":253,"Demand":1,"DemandMax":null,"Value":1012},{"Length":5,"Height":21,"Demand":1,"DemandMax":null,"Value":105},{"Length":112,"Height":466,"Demand":1,"DemandMax":null,"Value":52192},{"Length":18,"Height":77,"Demand":1,"DemandMax":null,"Value":1386},{"Length":2,"Height":36,"Demand":1,"DemandMax":null,"Value":72},{"Length":36,"Height":39,"Demand":1,"DemandMax":null,"Value":1404},{"Length":82,"Height":14,"Demand":1,"DemandMax":null,"Value":1148},{"Length":9,"Height":98,"Demand":1,"DemandMax":null,"Value":882},{"Length":2,"Height":466,"Demand":1,"DemandMax":null,"Value":932},{"Length":1,"Height":221,"Demand":1,"DemandMax":null,"Value":221},{"Length":7,"Height":5,"Demand":1,"DemandMax":null,"Value":35},{"Length":41,"Height":191,"Demand":1,"DemandMax":null,"Value":7831},{"Length":2,"Height":173,"Demand":1,"DemandMax":null,"Value":346},{"Length":2,"Height":23,"Demand":1,"DemandMax":null,"Value":46},{"Length":14,"Height":50,"Demand":1,"DemandMax":null,"Value":700},{"Length":9,"Height":10,"Demand":1,"DemandMax":null,"Value":90},{"Length":72,"Height":4,"Demand":1,"DemandMax":null,"Value":288},{"Length":415,"Height":21,"Demand":1,"DemandMax":null,"Value":8715},{"Length":1,"Height":21,"Demand":1,"DemandMax":null,"Value":21},{"Length":19,"Height":5,"Demand":1,"DemandMax":null,"Value":95},{"Length":164,"Height":239,"Demand":1,"DemandMax":null,"Value":39196},{"Length":25,"Height":8,"Demand":1,"DemandMax":null,"Value":200}]}