{"Name":"Path50i2b4","Objects":[{"Length":351,"Height":1000,"Stock":5,"Cost":351000},{"Length":649,"Height":1000,"Stock":5,"Cost":649000}],"Items":[{"Length":15,"Height":206,"Demand":1,"DemandMax":null,"Value":3090},{"Length":318,"Height":332,"Demand":1,"DemandMax":null,"Value":105576},{"Length":87,"Height":165,"Demand":1,"DemandMax":null,"Value":14355},{"Length":167,"Height":185,"Demand":1,"DemandMax":null,"Value":30895},{"Length":57,"Height":348,"Demand":1,"DemandMax":null,"Value":19836},{"Length":13,"Height":348,"Demand":1,"DemandMax":null,"Value":4524},{"Length":6,"Height":158,"Demand":1,"DemandMax":null,"Value":948},{"Length":12,"Height":141,"Demand":1,"DemandMax":null,"Value":1692},{"Length":351,"Height":93,"Demand":1,"DemandMax":null,"Value":32643},{"Length":12,"Height":30,"Demand":1,"DemandMax":null,"Value":360},{"Length":319,"Height":322,"Demand":1,"DemandMax":null,"Value":102718},{"Length":294,"Height":51,"Demand":1,"DemandMax":null,"Value":14994},{"Length":291,"Height":44,"Demand":1,"DemandMax":null,"Value":12804},{"Length":48,"Height":259,"Demand":1,"DemandMax":null,"Value":12432},{"Length":30,"Height":44,"Demand":1,"DemandMax":null,"Value":1320},{"Length":294,"Height":134,"Demand":1,"DemandMax":null,"Value":39396},{"Length":97,"Height":78,"Demand":1,"DemandMax":null,"Value":7566},{"Length":7,"Height":262,"Demand":1,"DemandMax":null,"Value":1834},{"Length":330,"Height":200,"Demand":1,"DemandMax":null,"Value":66000},{"Length":130,"Height":263,"Demand":1,"DemandMax":null,"Value":34190},{"Length":330,"Height":156,"Demand":1,"DemandMax":null,"Value":51480},{"Length":330,"Height":26,"Demand":1,"DemandMax":null,"Value":8580},{"Length":330,"Height":107,"Demand":1,"DemandMax":null,"Value":35310},{"Length":39,"Height":44,"Demand":1,"DemandMax":null,"Value":1716},{"Length":264,"Height":165,"Demand":1,"DemandMax":null,"Value":43560},{"Length":294,"Height":24,"Demand":1,"DemandMax":null,"Value":7056},{"Length":24,"Height":65,"Demand":1,"DemandMax":null,"Value":1560},{"Length":318,"Height":70,"Demand":1,"DemandMax":null,"Value":22260},{"Length":216,"Height":259,"Demand":1,"DemandMax":null,"Value":55944},{"Length":12,"Height":90,"Demand":1,"DemandMax":null,"Value":1080},{"Length":114,"Height":157,"Demand":1,"DemandMax":null,"Value":17898},{"Length":36,"Height":258,"Demand":1,"DemandMax":null,"Value":9288},{"Length":318,"Height":17,"Demand":1,"DemandMax":null,"Value":5406},{"Length":87,"Height":185,"Demand":1,"DemandMax":null,"Value":16095},{"Length":30,"Height":7,"Demand":1,"DemandMax":null,"Value":210},{"Length":15,"Height":3,"Demand":1,"DemandMax":null,"Value":45},{"Length":130,"Height":85,"Demand":1,"DemandMax":null,"Value":11050},{"Length":217,"Height":157,"Demand":1,"DemandMax":null,"Value":34069},{"Length":115,"Height":348,"Demand":1,"DemandMax":null,"Value":40020},{"Length":244,"Height":262,"Demand":1,"DemandMax":null,"Value":63928},{"Length":25,"Height":262,"Demand":1,"DemandMax":null,"Value":6550},{"Length":97,"Height":107,"Demand":1,"DemandMax":null,"Value":10379},{"Length":17,"Height":262,"Demand":1,"DemandMax":null,"Value":4454},{"Length":24,"Height":93,"Demand":1,"DemandMax":null,"Value":2232},{"Length":38,"Height":262,"Demand":1,"DemandMax":null,"Value":9956},{"Length":330,"Height":17,"Demand":1,"DemandMax":null,"Value":5610},{"Length":330,"Height":31,"Demand":1,"DemandMax":null,"Value":10230},{"Length":12,"Height":38,"Demand":1,"DemandMax":null,"Value":456},{"Length":24,"Height":90,"Demand":1,"DemandMax":null,"Value":2160},{"Length":55,"Height":259,"Demand":1,"DemandMax":null,"Value":14245}]}