{"Name":"Path200i6b1","Objects":[{"Length":259,"Height":510,"Stock":1,"Cost":132090},{"Length":385,"Height":490,"Stock":5,"Cost":188650},{"Length":359,"Height":510,"Stock":1,"Cost":183090},{"Length":273,"Height":490,"Stock":3,"Cost":133770},{"Length":342,"Height":490,"Stock":5,"Cost":167580},{"Length":382,"Height":510,"Stock":4,"Cost":194820}],"Items":[{"Length":245,"Height":251,"Demand":1,"DemandMax":null,"Value":61495},{"Length":101,"Height":258,"Demand":1,"DemandMax":null,"Value":26058},{"Length":70,"Height":252,"Demand":1,"DemandMax":null,"Value":17640},{"Length":36,"Height":14,"Demand":1,"DemandMax":null,"Value":504},{"Length":177,"Height":148,"Demand":1,"DemandMax":null,"Value":26196},{"Length":221,"Height":245,"Demand":1,"DemandMax":null,"Value":54145},{"Length":10,"Height":50,"Demand":1,"DemandMax":null,"Value":500},{"Length":11,"Height":5,"Demand":1,"DemandMax":null,"Value":55},{"Length":71,"Height":214,"Demand":1,"DemandMax":null,"Value":15194},{"Length":71,"Height":254,"Demand":1,"DemandMax":null,"Value":18034},{"Length":1,"Height":203,"Demand":1,"DemandMax":null,"Value":203},{"Length":20,"Height":256,"Demand":2,"DemandMax":null,"Value":5120},{"Length":167,"Height":232,"Demand":1,"DemandMax":null,"Value":38744},{"Length":1,"Height":75,"Demand":1,"DemandMax":null,"Value":75},{"Length":2,"Height":8,"Demand":2,"DemandMax":null,"Value":16},{"Length":3,"Height":2,"Demand":1,"DemandMax":null,"Value":6},{"Length":156,"Height":61,"Demand":1,"DemandMax":null,"Value":9516},{"Length":9,"Height":70,"Demand":1,"DemandMax":null,"Value":630},{"Length":239,"Height":200,"Demand":1,"DemandMax":null,"Value":47800},{"Length":43,"Height":139,"Demand":1,"DemandMax":null,"Value":5977},{"Length":4,"Height":24,"Demand":1,"DemandMax":null,"Value":96},{"Length":73,"Height":80,"Demand":1,"DemandMax":null,"Value":5840},{"Length":222,"Height":249,"Demand":1,"DemandMax":null,"Value":55278},{"Length":169,"Height":258,"Demand":1,"DemandMax":null,"Value":43602},{"Length":27,"Height":143,"Demand":1,"DemandMax":null,"Value":3861},{"Length":13,"Height":214,"Demand":1,"DemandMax":null,"Value":2782},{"Length":33,"Height":182,"Demand":1,"DemandMax":null,"Value":6006},{"Length":10,"Height":115,"Demand":1,"DemandMax":null,"Value":1150},{"Length":259,"Height":43,"Demand":1,"DemandMax":null,"Value":11137},{"Length":7,"Height":9,"Demand":1,"DemandMax":null,"Value":63},{"Length":44,"Height":1,"Demand":2,"DemandMax":null,"Value":44},{"Length":30,"Height":62,"Demand":1,"DemandMax":null,"Value":1860},{"Length":9,"Height":14,"Demand":1,"DemandMax":null,"Value":126},{"Length":32,"Height":30,"Demand":1,"DemandMax":null,"Value":960},{"Length":36,"Height":37,"Demand":1,"DemandMax":null,"Value":1332},{"Length":2,"Height":21,"Demand":1,"DemandMax":null,"Value":42},{"Length":5,"Height":7,"Demand":3,"DemandMax":null,"Value":35},{"Length":1,"Height":23,"Demand":1,"DemandMax":null,"Value":23},{"Length":6,"Height":7,"Demand":1,"DemandMax":null,"Value":42},{"Length":9,"Height":1,"Demand":1,"DemandMax":null,"Value":9},{"Length":2,"Height":1,"Demand":1,"DemandMax":null,"Value":2},{"Length":12,"Height":7,"Demand":1,"DemandMax":null,"Value":84},{"Length":15,"Height":256,"Demand":1,"DemandMax":null,"Value":3840},{"Length":30,"Height":7,"Demand":1,"DemandMax":null,"Value":210},{"Length":9,"Height":201,"Demand":1,"DemandMax":null,"Value":1809},{"Length":1,"Height":5,"Demand":1,"DemandMax":null,"Value":5},{"Length":16,"Height":75,"Demand":1,"DemandMax":null,"Value":1200},{"Length":4,"Height":214,"Demand":1,"DemandMax":null,"Value":856},{"Length":120,"Height":30,"Demand":1,"DemandMax":null,"Value":3600},{"Length":259,"Height":199,"Demand":1,"DemandMax":null,"Value":51541},{"Length":7,"Height":11,"Demand":1,"DemandMax":null,"Value":77},{"Length":221,"Height":11,"Demand":1,"DemandMax":null,"Value":2431},{"Length":2,"Height":75,"Demand":1,"DemandMax":null,"Value":150},{"Length":185,"Height":55,"Demand":1,"DemandMax":null,"Value":10175},{"Length":2,"Height":249,"Demand":1,"DemandMax":null,"Value":498},{"Length":120,"Height":121,"Demand":1,"DemandMax":null,"Value":14520},{"Length":1,"Height":41,"Demand":1,"DemandMax":null,"Value":41},{"Length":47,"Height":1,"Demand":1,"DemandMax":null,"Value":47},{"Length":1,"Height":56,"Demand":1,"DemandMax":null,"Value":56},{"Length":156,"Height":84,"Demand":1,"DemandMax":null,"Value":13104},{"Length":14,"Height":251,"Demand":1,"DemandMax":null,"Value":3514},{"Length":3,"Height":19,"Demand":1,"DemandMax":null,"Value":57},{"Length":99,"Height":60,"Demand":1,"DemandMax":null,"Value":5940},{"Length":91,"Height":22,"Demand":1,"DemandMax":null,"Value":2002},{"Length":163,"Height":231,"Demand":1,"DemandMax":null,"Value":37653},{"Length":27,"Height":139,"Demand":1,"DemandMax":null,"Value":3753},{"Length":1,"Height":22,"Demand":1,"DemandMax":null,"Value":22},{"Length":9,"Height":31,"Demand":1,"DemandMax":null,"Value":279},{"Length":68,"Height":115,"Demand":1,"DemandMax":null,"Value":7820},{"Length":30,"Height":10,"Demand":1,"DemandMax":null,"Value":300},{"Length":3,"Height":10,"Demand":1,"DemandMax":null,"Value":30},{"Length":40,"Height":1,"Demand":1,"DemandMax":null,"Value":40},{"Length":13,"Height":64,"Demand":1,"DemandMax":null,"Value":832},{"Length":13,"Height":31,"Demand":1,"DemandMax":null,"Value":403},{"Length":9,"Height":18,"Demand":1,"DemandMax":null,"Value":162},{"Length":119,"Height":233,"Demand":1,"DemandMax":null,"Value":27727},{"Length":1,"Height":7,"Demand":1,"DemandMax":null,"Value":7},{"Length":120,"Height":27,"Demand":1,"DemandMax":null,"Value":3240},{"Length":28,"Height":1,"Demand":1,"DemandMax":null,"Value":28},{"Length":54,"Height":17,"Demand":1,"DemandMax":null,"Value":918},{"Length":120,"Height":7,"Demand":1,"DemandMax":null,"Value":840},{"Length":8,"Height":5,"Demand":1,"DemandMax":null,"Value":40},{"Length":3,"Height":55,"Demand":1,"DemandMax":null,"Value":165},{"Length":118,"Height":233,"Demand":1,"DemandMax":null,"Value":27494},{"Length":139,"Height":26,"Demand":1,"DemandMax":null,"Value":3614},{"Length":124,"Height":2,"Demand":1,"DemandMax":null,"Value":248},{"Length":165,"Height":5,"Demand":1,"DemandMax":null,"Value":825},{"Length":56,"Height":214,"Demand":1,"DemandMax":null,"Value":11984},{"Length":27,"Height":10,"Demand":1,"DemandMax":null,"Value":270},{"Length":2,"Height":245,"Demand":1,"DemandMax":null,"Value":490},{"Length":39,"Height":16,"Demand":1,"DemandMax":null,"Value":624},{"Length":1,"Height":10,"Demand":1,"DemandMax":null,"Value":10},{"Length":134,"Height":254,"Demand":1,"DemandMax":null,"Value":34036},{"Length":95,"Height":22,"Demand":1,"DemandMax":null,"Value":2090},{"Length":5,"Height":125,"Demand":1,"DemandMax":null,"Value":625},{"Length":29,"Height":5,"Demand":1,"DemandMax":null,"Value":145},{"Length":3,"Height":7,"Demand":1,"DemandMax":null,"Value":21},{"Length":102,"Height":9,"Demand":1,"DemandMax":null,"Value":918},{"Length":4,"Height":50,"Demand":1,"DemandMax":null,"Value":200},{"Length":4,"Height":139,"Demand":1,"DemandMax":null,"Value":556},{"Length":1,"Height":42,"Demand":1,"DemandMax":null,"Value":42},{"Length":19,"Height":34,"Demand":1,"DemandMax":null,"Value":646},{"Length":2,"Height":7,"Demand":1,"DemandMax":null,"Value":14},{"Length":11,"Height":1,"Demand":1,"DemandMax":null,"Value":11},{"Length":156,"Height":22,"Demand":1,"DemandMax":null,"Value":3432},{"Length":95,"Height":82,"Demand":1,"DemandMax":null,"Value":7790},{"Length":42,"Height":1,"Demand":1,"DemandMax":null,"Value":42},{"Length":156,"Height":79,"Demand":1,"DemandMax":null,"Value":12324},{"Length":205,"Height":12,"Demand":1,"DemandMax":null,"Value":2460},{"Length":11,"Height":231,"Demand":1,"DemandMax":null,"Value":2541},{"Length":68,"Height":96,"Demand":1,"DemandMax":null,"Value":6528},{"Length":68,"Height":7,"Demand":1,"DemandMax":null,"Value":476},{"Length":7,"Height":1,"Demand":2,"DemandMax":null,"Value":7},{"Length":8,"Height":104,"Demand":2,"DemandMax":null,"Value":832},{"Length":11,"Height":55,"Demand":1,"DemandMax":null,"Value":605},{"Length":124,"Height":4,"Demand":1,"DemandMax":null,"Value":496},{"Length":239,"Height":56,"Demand":1,"DemandMax":null,"Value":13384},{"Length":30,"Height":4,"Demand":1,"DemandMax":null,"Value":120},{"Length":45,"Height":35,"Demand":1,"DemandMax":null,"Value":1575},{"Length":115,"Height":235,"Demand":1,"DemandMax":null,"Value":27025},{"Length":77,"Height":177,"Demand":1,"DemandMax":null,"Value":13629},{"Length":166,"Height":36,"Demand":1,"DemandMax":null,"Value":5976},{"Length":44,"Height":128,"Demand":2,"DemandMax":null,"Value":5632},{"Length":37,"Height":254,"Demand":1,"DemandMax":null,"Value":9398},{"Length":4,"Height":1,"Demand":1,"DemandMax":null,"Value":4},{"Length":47,"Height":2,"Demand":1,"DemandMax":null,"Value":94},{"Length":99,"Height":117,"Demand":1,"DemandMax":null,"Value":11583},{"Length":4,"Height":10,"Demand":1,"DemandMax":null,"Value":40},{"Length":20,"Height":1,"Demand":2,"DemandMax":null,"Value":20},{"Length":92,"Height":158,"Demand":1,"DemandMax":null,"Value":14536},{"Length":63,"Height":14,"Demand":1,"DemandMax":null,"Value":882},{"Length":1,"Height":76,"Demand":1,"DemandMax":null,"Value":76},{"Length":79,"Height":2,"Demand":1,"DemandMax":null,"Value":158},{"Length":136,"Height":62,"Demand":1,"DemandMax":null,"Value":8432},{"Length":43,"Height":1,"Demand":1,"DemandMax":null,"Value":43},{"Length":35,"Height":26,"Demand":1,"DemandMax":null,"Value":910},{"Length":52,"Height":115,"Demand":1,"DemandMax":null,"Value":5980},{"Length":104,"Height":1,"Demand":1,"DemandMax":null,"Value":104},{"Length":35,"Height":213,"Demand":1,"DemandMax":null,"Value":7455},{"Length":1,"Height":9,"Demand":1,"DemandMax":null,"Value":9},{"Length":3,"Height":16,"Demand":1,"DemandMax":null,"Value":48},{"Length":13,"Height":162,"Demand":1,"DemandMax":null,"Value":2106},{"Length":1,"Height":11,"Demand":1,"DemandMax":null,"Value":11},{"Length":70,"Height":2,"Demand":1,"DemandMax":null,"Value":140},{"Length":1,"Height":21,"Demand":1,"DemandMax":null,"Value":21},{"Length":50,"Height":35,"Demand":1,"DemandMax":null,"Value":1750},{"Length":1,"Height":6,"Demand":2,"DemandMax":null,"Value":6},{"Length":12,"Height":5,"Demand":1,"DemandMax":null,"Value":60},{"Length":186,"Height":98,"Demand":1,"DemandMax":null,"Value":18228},{"Length":9,"Height":107,"Demand":1,"DemandMax":null,"Value":963},{"Length":32,"Height":19,"Demand":1,"DemandMax":null,"Value":608},{"Length":36,"Height":196,"Demand":1,"DemandMax":null,"Value":7056},{"Length":5,"Height":76,"Demand":1,"DemandMax":null,"Value":380},{"Length":63,"Height":31,"Demand":1,"DemandMax":null,"Value":1953},{"Length":120,"Height":8,"Demand":1,"DemandMax":null,"Value":960},{"Length":3,"Height":1,"Demand":1,"DemandMax":null,"Value":3},{"Length":10,"Height":118,"Demand":1,"DemandMax":null,"Value":1180},{"Length":120,"Height":24,"Demand":1,"DemandMax":null,"Value":2880},{"Length":4,"Height":104,"Demand":1,"DemandMax":null,"Value":416},{"Length":115,"Height":14,"Demand":1,"DemandMax":null,"Value":1610},{"Length":9,"Height":148,"Demand":1,"DemandMax":null,"Value":1332},{"Length":1,"Height":4,"Demand":1,"DemandMax":null,"Value":4},{"Length":4,"Height":18,"Demand":1,"DemandMax":null,"Value":72},{"Length":5,"Height":1,"Demand":2,"DemandMax":null,"Value":5},{"Length":13,"Height":30,"Demand":1,"DemandMax":null,"Value":390},{"Length":3,"Height":5,"Demand":1,"DemandMax":null,"Value":15},{"Length":13,"Height":9,"Demand":1,"DemandMax":null,"Value":117},{"Length":14,"Height":96,"Demand":1,"DemandMax":null,"Value":1344},{"Length":8,"Height":139,"Demand":1,"DemandMax":null,"Value":1112},{"Length":4,"Height":7,"Demand":1,"DemandMax":null,"Value":28},{"Length":4,"Height":16,"Demand":1,"DemandMax":null,"Value":64},{"Length":120,"Height":3,"Demand":1,"DemandMax":null,"Value":360},{"Length":14,"Height":1,"Demand":1,"DemandMax":null,"Value":14},{"Length":1,"Height":31,"Demand":1,"DemandMax":null,"Value":31},{"Length":10,"Height":96,"Demand":1,"DemandMax":null,"Value":960},{"Length":1,"Height":8,"Demand":1,"DemandMax":null,"Value":8},{"Length":9,"Height":9,"Demand":1,"DemandMax":null,"Value":81},{"Length":39,"Height":6,"Demand":1,"DemandMax":null,"Value":234},{"Length":205,"Height":5,"Demand":1,"DemandMax":null,"Value":1025},{"Length":1,"Height":2,"Demand":2,"DemandMax":null,"Value":2},{"Length":13,"Height":26,"Demand":1,"DemandMax":null,"Value":338},{"Length":46,"Height":143,"Demand":1,"DemandMax":null,"Value":6578},{"Length":1,"Height":12,"Demand":2,"DemandMax":null,"Value":12},{"Length":79,"Height":102,"Demand":1,"DemandMax":null,"Value":8058},{"Length":26,"Height":254,"Demand":1,"DemandMax":null,"Value":6604},{"Length":12,"Height":16,"Demand":1,"DemandMax":null,"Value":192},{"Length":120,"Height":60,"Demand":1,"DemandMax":null,"Value":7200}]}