{"Name":"Path200i2b1","Objects":[{"Length":491,"Height":1000,"Stock":2,"Cost":491000},{"Length":509,"Height":1000,"Stock":4,"Cost":509000}],"Items":[{"Length":491,"Height":27,"Demand":1,"DemandMax":null,"Value":13257},{"Length":364,"Height":117,"Demand":1,"DemandMax":null,"Value":42588},{"Length":226,"Height":5,"Demand":1,"DemandMax":null,"Value":1130},{"Length":170,"Height":202,"Demand":1,"DemandMax":null,"Value":34340},{"Length":421,"Height":18,"Demand":1,"DemandMax":null,"Value":7578},{"Length":491,"Height":2,"Demand":1,"DemandMax":null,"Value":982},{"Length":1,"Height":1,"Demand":11,"DemandMax":null,"Value":1},{"Length":299,"Height":110,"Demand":1,"DemandMax":null,"Value":32890},{"Length":15,"Height":5,"Demand":1,"DemandMax":null,"Value":75},{"Length":4,"Height":136,"Demand":1,"DemandMax":null,"Value":544},{"Length":111,"Height":5,"Demand":1,"DemandMax":null,"Value":555},{"Length":11,"Height":150,"Demand":1,"DemandMax":null,"Value":1650},{"Length":491,"Height":50,"Demand":1,"DemandMax":null,"Value":24550},{"Length":299,"Height":17,"Demand":1,"DemandMax":null,"Value":5083},{"Length":35,"Height":15,"Demand":1,"DemandMax":null,"Value":525},{"Length":195,"Height":320,"Demand":1,"DemandMax":null,"Value":62400},{"Length":246,"Height":126,"Demand":1,"DemandMax":null,"Value":30996},{"Length":332,"Height":17,"Demand":1,"DemandMax":null,"Value":5644},{"Length":85,"Height":440,"Demand":1,"DemandMax":null,"Value":37400},{"Length":1,"Height":105,"Demand":1,"DemandMax":null,"Value":105},{"Length":4,"Height":40,"Demand":2,"DemandMax":null,"Value":160},{"Length":245,"Height":13,"Demand":1,"DemandMax":null,"Value":3185},{"Length":18,"Height":147,"Demand":1,"DemandMax":null,"Value":2646},{"Length":10,"Height":6,"Demand":1,"DemandMax":null,"Value":60},{"Length":2,"Height":109,"Demand":1,"DemandMax":null,"Value":218},{"Length":70,"Height":1,"Demand":1,"DemandMax":null,"Value":70},{"Length":116,"Height":243,"Demand":1,"DemandMax":null,"Value":28188},{"Length":6,"Height":8,"Demand":1,"DemandMax":null,"Value":48},{"Length":70,"Height":136,"Demand":1,"DemandMax":null,"Value":9520},{"Length":14,"Height":2,"Demand":1,"DemandMax":null,"Value":28},{"Length":25,"Height":1,"Demand":1,"DemandMax":null,"Value":25},{"Length":120,"Height":1,"Demand":1,"DemandMax":null,"Value":120},{"Length":137,"Height":37,"Demand":1,"DemandMax":null,"Value":5069},{"Length":124,"Height":3,"Demand":1,"DemandMax":null,"Value":372},{"Length":1,"Height":109,"Demand":3,"DemandMax":null,"Value":109},{"Length":1,"Height":59,"Demand":1,"DemandMax":null,"Value":59},{"Length":72,"Height":285,"Demand":1,"DemandMax":null,"Value":20520},{"Length":199,"Height":15,"Demand":1,"DemandMax":null,"Value":2985},{"Length":9,"Height":384,"Demand":1,"DemandMax":null,"Value":3456},{"Length":235,"Height":3,"Demand":1,"DemandMax":null,"Value":705},{"Length":102,"Height":7,"Demand":1,"DemandMax":null,"Value":714},{"Length":332,"Height":20,"Demand":1,"DemandMax":null,"Value":6640},{"Length":116,"Height":2,"Demand":1,"DemandMax":null,"Value":232},{"Length":2,"Height":49,"Demand":1,"DemandMax":null,"Value":98},{"Length":421,"Height":189,"Demand":1,"DemandMax":null,"Value":79569},{"Length":2,"Height":3,"Demand":1,"DemandMax":null,"Value":6},{"Length":5,"Height":2,"Demand":1,"DemandMax":null,"Value":10},{"Length":176,"Height":1,"Demand":1,"DemandMax":null,"Value":176},{"Length":161,"Height":1,"Demand":1,"DemandMax":null,"Value":161},{"Length":102,"Height":3,"Demand":1,"DemandMax":null,"Value":306},{"Length":1,"Height":15,"Demand":2,"DemandMax":null,"Value":15},{"Length":70,"Height":3,"Demand":1,"DemandMax":null,"Value":210},{"Length":246,"Height":71,"Demand":1,"DemandMax":null,"Value":17466},{"Length":22,"Height":5,"Demand":1,"DemandMax":null,"Value":110},{"Length":16,"Height":10,"Demand":1,"DemandMax":null,"Value":160},{"Length":47,"Height":64,"Demand":1,"DemandMax":null,"Value":3008},{"Length":30,"Height":285,"Demand":1,"DemandMax":null,"Value":8550},{"Length":67,"Height":188,"Demand":1,"DemandMax":null,"Value":12596},{"Length":130,"Height":9,"Demand":1,"DemandMax":null,"Value":1170},{"Length":491,"Height":4,"Demand":1,"DemandMax":null,"Value":1964},{"Length":423,"Height":1,"Demand":1,"DemandMax":null,"Value":423},{"Length":101,"Height":12,"Demand":1,"DemandMax":null,"Value":1212},{"Length":1,"Height":2,"Demand":7,"DemandMax":null,"Value":2},{"Length":40,"Height":238,"Demand":1,"DemandMax":null,"Value":9520},{"Length":320,"Height":12,"Demand":1,"DemandMax":null,"Value":3840},{"Length":8,"Height":82,"Demand":1,"DemandMax":null,"Value":656},{"Length":99,"Height":43,"Demand":1,"DemandMax":null,"Value":4257},{"Length":1,"Height":21,"Demand":1,"DemandMax":null,"Value":21},{"Length":130,"Height":180,"Demand":1,"DemandMax":null,"Value":23400},{"Length":60,"Height":1,"Demand":1,"DemandMax":null,"Value":60},{"Length":2,"Height":5,"Demand":1,"DemandMax":null,"Value":10},{"Length":1,"Height":4,"Demand":2,"DemandMax":null,"Value":4},{"Length":48,"Height":32,"Demand":1,"DemandMax":null,"Value":1536},{"Length":26,"Height":109,"Demand":1,"DemandMax":null,"Value":2834},{"Length":265,"Height":1,"Demand":2,"DemandMax":null,"Value":265},{"Length":16,"Height":5,"Demand":1,"DemandMax":null,"Value":80},{"Length":3,"Height":16,"Demand":1,"DemandMax":null,"Value":48},{"Length":39,"Height":35,"Demand":1,"DemandMax":null,"Value":1365},{"Length":1,"Height":3,"Demand":4,"DemandMax":null,"Value":3},{"Length":1,"Height":9,"Demand":2,"DemandMax":null,"Value":9},{"Length":4,"Height":165,"Demand":1,"DemandMax":null,"Value":660},{"Length":43,"Height":20,"Demand":1,"DemandMax":null,"Value":860},{"Length":154,"Height":202,"Demand":1,"DemandMax":null,"Value":31108},{"Length":110,"Height":29,"Demand":1,"DemandMax":null,"Value":3190},{"Length":121,"Height":11,"Demand":1,"DemandMax":null,"Value":1331},{"Length":110,"Height":9,"Demand":1,"DemandMax":null,"Value":990},{"Length":2,"Height":16,"Demand":1,"DemandMax":null,"Value":32},{"Length":56,"Height":1,"Demand":2,"DemandMax":null,"Value":56},{"Length":3,"Height":109,"Demand":1,"DemandMax":null,"Value":327},{"Length":67,"Height":88,"Demand":1,"DemandMax":null,"Value":5896},{"Length":11,"Height":1,"Demand":2,"DemandMax":null,"Value":11},{"Length":2,"Height":20,"Demand":1,"DemandMax":null,"Value":40},{"Length":50,"Height":1,"Demand":1,"DemandMax":null,"Value":50},{"Length":70,"Height":7,"Demand":1,"DemandMax":null,"Value":490},{"Length":32,"Height":131,"Demand":1,"DemandMax":null,"Value":4192},{"Length":67,"Height":110,"Demand":1,"DemandMax":null,"Value":7370},{"Length":15,"Height":11,"Demand":1,"DemandMax":null,"Value":165},{"Length":67,"Height":54,"Demand":1,"DemandMax":null,"Value":3618},{"Length":491,"Height":87,"Demand":1,"DemandMax":null,"Value":42717},{"Length":102,"Height":145,"Demand":1,"DemandMax":null,"Value":14790},{"Length":34,"Height":4,"Demand":1,"DemandMax":null,"Value":136},{"Length":8,"Height":388,"Demand":1,"DemandMax":null,"Value":3104},{"Length":75,"Height":202,"Demand":1,"DemandMax":null,"Value":15150},{"Length":4,"Height":15,"Demand":1,"DemandMax":null,"Value":60},{"Length":47,"Height":1,"Demand":1,"DemandMax":null,"Value":47},{"Length":130,"Height":54,"Demand":1,"DemandMax":null,"Value":7020},{"Length":421,"Height":17,"Demand":1,"DemandMax":null,"Value":7157},{"Length":37,"Height":1,"Demand":2,"DemandMax":null,"Value":37},{"Length":28,"Height":1,"Demand":1,"DemandMax":null,"Value":28},{"Length":41,"Height":1,"Demand":1,"DemandMax":null,"Value":41},{"Length":110,"Height":75,"Demand":1,"DemandMax":null,"Value":8250},{"Length":296,"Height":262,"Demand":1,"DemandMax":null,"Value":77552},{"Length":1,"Height":40,"Demand":2,"DemandMax":null,"Value":40},{"Length":5,"Height":5,"Demand":1,"DemandMax":null,"Value":25},{"Length":1,"Height":61,"Demand":1,"DemandMax":null,"Value":61},{"Length":39,"Height":82,"Demand":1,"DemandMax":null,"Value":3198},{"Length":457,"Height":2,"Demand":1,"DemandMax":null,"Value":914},{"Length":1,"Height":147,"Demand":1,"DemandMax":null,"Value":147},{"Length":22,"Height":1,"Demand":1,"DemandMax":null,"Value":22},{"Length":32,"Height":227,"Demand":1,"DemandMax":null,"Value":7264},{"Length":110,"Height":2,"Demand":2,"DemandMax":null,"Value":220},{"Length":359,"Height":1,"Demand":1,"DemandMax":null,"Value":359},{"Length":1,"Height":276,"Demand":1,"DemandMax":null,"Value":276},{"Length":17,"Height":2,"Demand":1,"DemandMax":null,"Value":34},{"Length":2,"Height":217,"Demand":2,"DemandMax":null,"Value":434},{"Length":9,"Height":440,"Demand":1,"DemandMax":null,"Value":3960},{"Length":138,"Height":4,"Demand":1,"DemandMax":null,"Value":552},{"Length":188,"Height":5,"Demand":1,"DemandMax":null,"Value":940},{"Length":28,"Height":147,"Demand":1,"DemandMax":null,"Value":4116},{"Length":491,"Height":6,"Demand":1,"DemandMax":null,"Value":2946},{"Length":1,"Height":7,"Demand":1,"DemandMax":null,"Value":7},{"Length":50,"Height":5,"Demand":1,"DemandMax":null,"Value":250},{"Length":110,"Height":14,"Demand":1,"DemandMax":null,"Value":1540},{"Length":15,"Height":109,"Demand":1,"DemandMax":null,"Value":1635},{"Length":11,"Height":43,"Demand":1,"DemandMax":null,"Value":473},{"Length":13,"Height":1,"Demand":1,"DemandMax":null,"Value":13},{"Length":2,"Height":7,"Demand":1,"DemandMax":null,"Value":14},{"Length":1,"Height":13,"Demand":1,"DemandMax":null,"Value":13},{"Length":121,"Height":2,"Demand":1,"DemandMax":null,"Value":242},{"Length":62,"Height":7,"Demand":1,"DemandMax":null,"Value":434},{"Length":2,"Height":47,"Demand":1,"DemandMax":null,"Value":94},{"Length":65,"Height":15,"Demand":1,"DemandMax":null,"Value":975},{"Length":34,"Height":1,"Demand":1,"DemandMax":null,"Value":34},{"Length":429,"Height":241,"Demand":1,"DemandMax":null,"Value":103389},{"Length":6,"Height":374,"Demand":1,"DemandMax":null,"Value":2244},{"Length":110,"Height":21,"Demand":1,"DemandMax":null,"Value":2310},{"Length":55,"Height":2,"Demand":1,"DemandMax":null,"Value":110},{"Length":2,"Height":292,"Demand":1,"DemandMax":null,"Value":584},{"Length":121,"Height":4,"Demand":1,"DemandMax":null,"Value":484},{"Length":3,"Height":1,"Demand":1,"DemandMax":null,"Value":3},{"Length":65,"Height":117,"Demand":1,"DemandMax":null,"Value":7605},{"Length":8,"Height":1,"Demand":1,"DemandMax":null,"Value":8},{"Length":161,"Height":3,"Demand":1,"DemandMax":null,"Value":483},{"Length":2,"Height":17,"Demand":1,"DemandMax":null,"Value":34},{"Length":195,"Height":36,"Demand":1,"DemandMax":null,"Value":7020},{"Length":40,"Height":1,"Demand":1,"DemandMax":null,"Value":40},{"Length":48,"Height":7,"Demand":1,"DemandMax":null,"Value":336},{"Length":491,"Height":22,"Demand":1,"DemandMax":null,"Value":10802},{"Length":29,"Height":150,"Demand":1,"DemandMax":null,"Value":4350},{"Length":4,"Height":1,"Demand":1,"DemandMax":null,"Value":4},{"Length":3,"Height":2,"Demand":1,"DemandMax":null,"Value":6},{"Length":124,"Height":2,"Demand":1,"DemandMax":null,"Value":248},{"Length":49,"Height":1,"Demand":1,"DemandMax":null,"Value":49},{"Length":30,"Height":3,"Demand":1,"DemandMax":null,"Value":90},{"Length":79,"Height":1,"Demand":1,"DemandMax":null,"Value":79},{"Length":9,"Height":1,"Demand":1,"DemandMax":null,"Value":9},{"Length":70,"Height":2,"Demand":1,"DemandMax":null,"Value":140},{"Length":296,"Height":94,"Demand":1,"DemandMax":null,"Value":27824}]}