{"Name":"Nice500i2b2","Objects":[{"Length":447,"Height":1000,"Stock":6,"Cost":447000},{"Length":553,"Height":1000,"Stock":5,"Cost":553000}],"Items":[{"Length":45,"Height":68,"Demand":1,"DemandMax":null,"Value":3060},{"Length":51,"Height":54,"Demand":1,"DemandMax":null,"Value":2754},{"Length":30,"Height":41,"Demand":1,"DemandMax":null,"Value":1230},{"Length":58,"Height":73,"Demand":1,"DemandMax":null,"Value":4234},{"Length":39,"Height":19,"Demand":1,"DemandMax":null,"Value":741},{"Length":55,"Height":32,"Demand":2,"DemandMax":null,"Value":1760},{"Length":28,"Height":66,"Demand":2,"DemandMax":null,"Value":1848},{"Length":17,"Height":48,"Demand":1,"DemandMax":null,"Value":816},{"Length":33,"Height":50,"Demand":2,"DemandMax":null,"Value":1650},{"Length":49,"Height":15,"Demand":2,"DemandMax":null,"Value":735},{"Length":54,"Height":30,"Demand":1,"DemandMax":null,"Value":1620},{"Length":24,"Height":73,"Demand":1,"DemandMax":null,"Value":1752},{"Length":26,"Height":36,"Demand":1,"DemandMax":null,"Value":936},{"Length":39,"Height":48,"Demand":1,"DemandMax":null,"Value":1872},{"Length":35,"Height":91,"Demand":1,"DemandMax":null,"Value":3185},{"Length":35,"Height":47,"Demand":1,"DemandMax":null,"Value":1645},{"Length":27,"Height":60,"Demand":1,"DemandMax":null,"Value":1620},{"Length":31,"Height":24,"Demand":2,"DemandMax":null,"Value":744},{"Length":25,"Height":65,"Demand":3,"DemandMax":null,"Value":1625},{"Length":81,"Height":21,"Demand":1,"DemandMax":null,"Value":1701},{"Length":54,"Height":32,"Demand":1,"DemandMax":null,"Value":1728},{"Length":25,"Height":95,"Demand":1,"DemandMax":null,"Value":2375},{"Length":53,"Height":56,"Demand":1,"DemandMax":null,"Value":2968},{"Length":42,"Height":56,"Demand":2,"DemandMax":null,"Value":2352},{"Length":50,"Height":15,"Demand":1,"DemandMax":null,"Value":750},{"Length":55,"Height":55,"Demand":1,"DemandMax":null,"Value":3025},{"Length":41,"Height":42,"Demand":1,"DemandMax":null,"Value":1722},{"Length":41,"Height":51,"Demand":1,"DemandMax":null,"Value":2091},{"Length":36,"Height":82,"Demand":1,"DemandMax":null,"Value":2952},{"Length":23,"Height":38,"Demand":1,"DemandMax":null,"Value":874},{"Length":52,"Height":40,"Demand":3,"DemandMax":null,"Value":2080},{"Length":52,"Height":32,"Demand":2,"DemandMax":null,"Value":1664},{"Length":46,"Height":68,"Demand":1,"DemandMax":null,"Value":3128},{"Length":16,"Height":50,"Demand":1,"DemandMax":null,"Value":800},{"Length":27,"Height":66,"Demand":2,"DemandMax":null,"Value":1782},{"Length":33,"Height":24,"Demand":1,"DemandMax":null,"Value":792},{"Length":48,"Height":44,"Demand":2,"DemandMax":null,"Value":2112},{"Length":35,"Height":50,"Demand":1,"DemandMax":null,"Value":1750},{"Length":52,"Height":16,"Demand":1,"DemandMax":null,"Value":832},{"Length":37,"Height":45,"Demand":1,"DemandMax":null,"Value":1665},{"Length":49,"Height":44,"Demand":1,"DemandMax":null,"Value":2156},{"Length":58,"Height":30,"Demand":1,"DemandMax":null,"Value":1740},{"Length":43,"Height":49,"Demand":3,"DemandMax":null,"Value":2107},{"Length":39,"Height":43,"Demand":1,"DemandMax":null,"Value":1677},{"Length":37,"Height":116,"Demand":1,"DemandMax":null,"Value":4292},{"Length":32,"Height":50,"Demand":1,"DemandMax":null,"Value":1600},{"Length":43,"Height":32,"Demand":1,"DemandMax":null,"Value":1376},{"Length":33,"Height":53,"Demand":2,"DemandMax":null,"Value":1749},{"Length":51,"Height":33,"Demand":1,"DemandMax":null,"Value":1683},{"Length":73,"Height":22,"Demand":1,"DemandMax":null,"Value":1606},{"Length":14,"Height":54,"Demand":1,"DemandMax":null,"Value":756},{"Length":55,"Height":29,"Demand":3,"DemandMax":null,"Value":1595},{"Length":59,"Height":16,"Demand":1,"DemandMax":null,"Value":944},{"Length":81,"Height":25,"Demand":1,"DemandMax":null,"Value":2025},{"Length":76,"Height":49,"Demand":1,"DemandMax":null,"Value":3724},{"Length":24,"Height":72,"Demand":1,"DemandMax":null,"Value":1728},{"Length":39,"Height":18,"Demand":1,"DemandMax":null,"Value":702},{"Length":23,"Height":88,"Demand":2,"DemandMax":null,"Value":2024},{"Length":87,"Height":25,"Demand":1,"DemandMax":null,"Value":2175},{"Length":27,"Height":80,"Demand":1,"DemandMax":null,"Value":2160},{"Length":46,"Height":57,"Demand":1,"DemandMax":null,"Value":2622},{"Length":43,"Height":58,"Demand":2,"DemandMax":null,"Value":2494},{"Length":51,"Height":35,"Demand":1,"DemandMax":null,"Value":1785},{"Length":69,"Height":24,"Demand":1,"DemandMax":null,"Value":1656},{"Length":39,"Height":55,"Demand":1,"DemandMax":null,"Value":2145},{"Length":68,"Height":26,"Demand":1,"DemandMax":null,"Value":1768},{"Length":71,"Height":23,"Demand":1,"DemandMax":null,"Value":1633},{"Length":71,"Height":27,"Demand":1,"DemandMax":null,"Value":1917},{"Length":29,"Height":62,"Demand":1,"DemandMax":null,"Value":1798},{"Length":34,"Height":67,"Demand":1,"DemandMax":null,"Value":2278},{"Length":37,"Height":46,"Demand":3,"DemandMax":null,"Value":1702},{"Length":40,"Height":44,"Demand":3,"DemandMax":null,"Value":1760},{"Length":58,"Height":31,"Demand":1,"DemandMax":null,"Value":1798},{"Length":50,"Height":35,"Demand":2,"DemandMax":null,"Value":1750},{"Length":41,"Height":48,"Demand":1,"DemandMax":null,"Value":1968},{"Length":49,"Height":55,"Demand":1,"DemandMax":null,"Value":2695},{"Length":71,"Height":28,"Demand":1,"DemandMax":null,"Value":1988},{"Length":60,"Height":15,"Demand":2,"DemandMax":null,"Value":900},{"Length":36,"Height":54,"Demand":1,"DemandMax":null,"Value":1944},{"Length":24,"Height":69,"Demand":2,"DemandMax":null,"Value":1656},{"Length":29,"Height":58,"Demand":2,"DemandMax":null,"Value":1682},{"Length":45,"Height":48,"Demand":1,"DemandMax":null,"Value":2160},{"Length":26,"Height":67,"Demand":1,"DemandMax":null,"Value":1742},{"Length":27,"Height":72,"Demand":2,"DemandMax":null,"Value":1944},{"Length":28,"Height":62,"Demand":1,"DemandMax":null,"Value":1736},{"Length":42,"Height":44,"Demand":1,"DemandMax":null,"Value":1848},{"Length":39,"Height":54,"Demand":1,"DemandMax":null,"Value":2106},{"Length":21,"Height":44,"Demand":2,"DemandMax":null,"Value":924},{"Length":73,"Height":43,"Demand":1,"DemandMax":null,"Value":3139},{"Length":42,"Height":69,"Demand":1,"DemandMax":null,"Value":2898},{"Length":16,"Height":49,"Demand":1,"DemandMax":null,"Value":784},{"Length":47,"Height":44,"Demand":2,"DemandMax":null,"Value":2068},{"Length":53,"Height":52,"Demand":1,"DemandMax":null,"Value":2756},{"Length":65,"Height":31,"Demand":1,"DemandMax":null,"Value":2015},{"Length":56,"Height":29,"Demand":1,"DemandMax":null,"Value":1624},{"Length":43,"Height":55,"Demand":1,"DemandMax":null,"Value":2365},{"Length":37,"Height":20,"Demand":1,"DemandMax":null,"Value":740},{"Length":33,"Height":55,"Demand":1,"DemandMax":null,"Value":1815},{"Length":25,"Height":100,"Demand":1,"DemandMax":null,"Value":2500},{"Length":71,"Height":70,"Demand":1,"DemandMax":null,"Value":4970},{"Length":54,"Height":33,"Demand":1,"DemandMax":null,"Value":1782},{"Length":81,"Height":22,"Demand":1,"DemandMax":null,"Value":1782},{"Length":37,"Height":43,"Demand":2,"DemandMax":null,"Value":1591},{"Length":45,"Height":42,"Demand":1,"DemandMax":null,"Value":1890},{"Length":22,"Height":82,"Demand":1,"DemandMax":null,"Value":1804},{"Length":37,"Height":54,"Demand":1,"DemandMax":null,"Value":1998},{"Length":43,"Height":17,"Demand":1,"DemandMax":null,"Value":731},{"Length":38,"Height":128,"Demand":1,"DemandMax":null,"Value":4864},{"Length":68,"Height":40,"Demand":1,"DemandMax":null,"Value":2720},{"Length":43,"Height":38,"Demand":1,"DemandMax":null,"Value":1634},{"Length":36,"Height":64,"Demand":1,"DemandMax":null,"Value":2304},{"Length":61,"Height":30,"Demand":1,"DemandMax":null,"Value":1830},{"Length":32,"Height":25,"Demand":1,"DemandMax":null,"Value":800},{"Length":30,"Height":58,"Demand":1,"DemandMax":null,"Value":1740},{"Length":54,"Height":37,"Demand":1,"DemandMax":null,"Value":1998},{"Length":33,"Height":49,"Demand":1,"DemandMax":null,"Value":1617},{"Length":51,"Height":52,"Demand":1,"DemandMax":null,"Value":2652},{"Length":70,"Height":26,"Demand":1,"DemandMax":null,"Value":1820},{"Length":41,"Height":76,"Demand":1,"DemandMax":null,"Value":3116},{"Length":31,"Height":78,"Demand":1,"DemandMax":null,"Value":2418},{"Length":81,"Height":74,"Demand":1,"DemandMax":null,"Value":5994},{"Length":66,"Height":30,"Demand":2,"DemandMax":null,"Value":1980},{"Length":38,"Height":44,"Demand":1,"DemandMax":null,"Value":1672},{"Length":93,"Height":31,"Demand":1,"DemandMax":null,"Value":2883},{"Length":111,"Height":35,"Demand":1,"DemandMax":null,"Value":3885},{"Length":41,"Height":20,"Demand":1,"DemandMax":null,"Value":820},{"Length":33,"Height":57,"Demand":1,"DemandMax":null,"Value":1881},{"Length":39,"Height":49,"Demand":2,"DemandMax":null,"Value":1911},{"Length":80,"Height":29,"Demand":1,"DemandMax":null,"Value":2320},{"Length":37,"Height":53,"Demand":1,"DemandMax":null,"Value":1961},{"Length":21,"Height":78,"Demand":1,"DemandMax":null,"Value":1638},{"Length":69,"Height":23,"Demand":1,"DemandMax":null,"Value":1587},{"Length":23,"Height":75,"Demand":1,"DemandMax":null,"Value":1725},{"Length":51,"Height":60,"Demand":1,"DemandMax":null,"Value":3060},{"Length":39,"Height":76,"Demand":1,"DemandMax":null,"Value":2964},{"Length":17,"Height":47,"Demand":1,"DemandMax":null,"Value":799},{"Length":47,"Height":65,"Demand":1,"DemandMax":null,"Value":3055},{"Length":38,"Height":46,"Demand":2,"DemandMax":null,"Value":1748},{"Length":39,"Height":66,"Demand":1,"DemandMax":null,"Value":2574},{"Length":55,"Height":54,"Demand":2,"DemandMax":null,"Value":2970},{"Length":41,"Height":52,"Demand":1,"DemandMax":null,"Value":2132},{"Length":34,"Height":50,"Demand":1,"DemandMax":null,"Value":1700},{"Length":29,"Height":101,"Demand":1,"DemandMax":null,"Value":2929},{"Length":45,"Height":41,"Demand":3,"DemandMax":null,"Value":1845},{"Length":16,"Height":63,"Demand":1,"DemandMax":null,"Value":1008},{"Length":28,"Height":58,"Demand":1,"DemandMax":null,"Value":1624},{"Length":81,"Height":37,"Demand":1,"DemandMax":null,"Value":2997},{"Length":69,"Height":25,"Demand":1,"DemandMax":null,"Value":1725},{"Length":18,"Height":49,"Demand":1,"DemandMax":null,"Value":882},{"Length":82,"Height":21,"Demand":1,"DemandMax":null,"Value":1722},{"Length":115,"Height":63,"Demand":1,"DemandMax":null,"Value":7245},{"Length":58,"Height":36,"Demand":2,"DemandMax":null,"Value":2088},{"Length":53,"Height":57,"Demand":1,"DemandMax":null,"Value":3021},{"Length":105,"Height":27,"Demand":1,"DemandMax":null,"Value":2835},{"Length":23,"Height":72,"Demand":1,"DemandMax":null,"Value":1656},{"Length":27,"Height":27,"Demand":1,"DemandMax":null,"Value":729},{"Length":53,"Height":36,"Demand":1,"DemandMax":null,"Value":1908},{"Length":102,"Height":31,"Demand":1,"DemandMax":null,"Value":3162},{"Length":46,"Height":39,"Demand":1,"DemandMax":null,"Value":1794},{"Length":35,"Height":56,"Demand":1,"DemandMax":null,"Value":1960},{"Length":55,"Height":49,"Demand":1,"DemandMax":null,"Value":2695},{"Length":71,"Height":33,"Demand":1,"DemandMax":null,"Value":2343},{"Length":57,"Height":77,"Demand":1,"DemandMax":null,"Value":4389},{"Length":18,"Height":46,"Demand":1,"DemandMax":null,"Value":828},{"Length":44,"Height":46,"Demand":1,"DemandMax":null,"Value":2024},{"Length":37,"Height":52,"Demand":1,"DemandMax":null,"Value":1924},{"Length":42,"Height":40,"Demand":1,"DemandMax":null,"Value":1680},{"Length":30,"Height":59,"Demand":1,"DemandMax":null,"Value":1770},{"Length":111,"Height":36,"Demand":1,"DemandMax":null,"Value":3996},{"Length":58,"Height":121,"Demand":1,"DemandMax":null,"Value":7018},{"Length":28,"Height":86,"Demand":1,"DemandMax":null,"Value":2408},{"Length":24,"Height":31,"Demand":1,"DemandMax":null,"Value":744},{"Length":44,"Height":16,"Demand":1,"DemandMax":null,"Value":704},{"Length":44,"Height":38,"Demand":2,"DemandMax":null,"Value":1672},{"Length":37,"Height":24,"Demand":1,"DemandMax":null,"Value":888},{"Length":21,"Height":52,"Demand":1,"DemandMax":null,"Value":1092},{"Length":24,"Height":74,"Demand":1,"DemandMax":null,"Value":1776},{"Length":46,"Height":38,"Demand":1,"DemandMax":null,"Value":1748},{"Length":28,"Height":96,"Demand":1,"DemandMax":null,"Value":2688},{"Length":64,"Height":27,"Demand":1,"DemandMax":null,"Value":1728},{"Length":54,"Height":16,"Demand":1,"DemandMax":null,"Value":864},{"Length":44,"Height":40,"Demand":1,"DemandMax":null,"Value":1760},{"Length":65,"Height":25,"Demand":1,"DemandMax":null,"Value":1625},{"Length":31,"Height":55,"Demand":1,"DemandMax":null,"Value":1705},{"Length":66,"Height":25,"Demand":1,"DemandMax":null,"Value":1650},{"Length":49,"Height":41,"Demand":1,"DemandMax":null,"Value":2009},{"Length":90,"Height":26,"Demand":1,"DemandMax":null,"Value":2340},{"Length":33,"Height":68,"Demand":2,"DemandMax":null,"Value":2244},{"Length":53,"Height":38,"Demand":1,"DemandMax":null,"Value":2014},{"Length":27,"Height":70,"Demand":1,"DemandMax":null,"Value":1890},{"Length":51,"Height":59,"Demand":1,"DemandMax":null,"Value":3009},{"Length":31,"Height":53,"Demand":1,"DemandMax":null,"Value":1643},{"Length":46,"Height":42,"Demand":1,"DemandMax":null,"Value":1932},{"Length":32,"Height":22,"Demand":1,"DemandMax":null,"Value":704},{"Length":42,"Height":77,"Demand":1,"DemandMax":null,"Value":3234},{"Length":40,"Height":76,"Demand":1,"DemandMax":null,"Value":3040},{"Length":26,"Height":63,"Demand":1,"DemandMax":null,"Value":1638},{"Length":61,"Height":34,"Demand":1,"DemandMax":null,"Value":2074},{"Length":62,"Height":66,"Demand":1,"DemandMax":null,"Value":4092},{"Length":58,"Height":40,"Demand":1,"DemandMax":null,"Value":2320},{"Length":64,"Height":26,"Demand":1,"DemandMax":null,"Value":1664},{"Length":56,"Height":49,"Demand":1,"DemandMax":null,"Value":2744},{"Length":46,"Height":64,"Demand":1,"DemandMax":null,"Value":2944},{"Length":65,"Height":33,"Demand":1,"DemandMax":null,"Value":2145},{"Length":30,"Height":86,"Demand":1,"DemandMax":null,"Value":2580},{"Length":50,"Height":32,"Demand":3,"DemandMax":null,"Value":1600},{"Length":47,"Height":56,"Demand":1,"DemandMax":null,"Value":2632},{"Length":33,"Height":77,"Demand":1,"DemandMax":null,"Value":2541},{"Length":86,"Height":25,"Demand":1,"DemandMax":null,"Value":2150},{"Length":51,"Height":102,"Demand":1,"DemandMax":null,"Value":5202},{"Length":60,"Height":42,"Demand":1,"DemandMax":null,"Value":2520},{"Length":50,"Height":39,"Demand":2,"DemandMax":null,"Value":1950},{"Length":31,"Height":66,"Demand":2,"DemandMax":null,"Value":2046},{"Length":33,"Height":65,"Demand":1,"DemandMax":null,"Value":2145},{"Length":32,"Height":68,"Demand":1,"DemandMax":null,"Value":2176},{"Length":44,"Height":45,"Demand":1,"DemandMax":null,"Value":1980},{"Length":90,"Height":27,"Demand":1,"DemandMax":null,"Value":2430},{"Length":39,"Height":64,"Demand":1,"DemandMax":null,"Value":2496},{"Length":32,"Height":51,"Demand":1,"DemandMax":null,"Value":1632},{"Length":45,"Height":62,"Demand":1,"DemandMax":null,"Value":2790},{"Length":16,"Height":58,"Demand":1,"DemandMax":null,"Value":928},{"Length":45,"Height":19,"Demand":1,"DemandMax":null,"Value":855},{"Length":57,"Height":40,"Demand":1,"DemandMax":null,"Value":2280},{"Length":58,"Height":39,"Demand":1,"DemandMax":null,"Value":2262},{"Length":68,"Height":49,"Demand":1,"DemandMax":null,"Value":3332},{"Length":40,"Height":49,"Demand":1,"DemandMax":null,"Value":1960},{"Length":37,"Height":23,"Demand":2,"DemandMax":null,"Value":851},{"Length":36,"Height":63,"Demand":1,"DemandMax":null,"Value":2268},{"Length":72,"Height":24,"Demand":2,"DemandMax":null,"Value":1728},{"Length":33,"Height":60,"Demand":2,"DemandMax":null,"Value":1980},{"Length":46,"Height":59,"Demand":1,"DemandMax":null,"Value":2714},{"Length":35,"Height":55,"Demand":1,"DemandMax":null,"Value":1925},{"Length":30,"Height":60,"Demand":1,"DemandMax":null,"Value":1800},{"Length":43,"Height":60,"Demand":1,"DemandMax":null,"Value":2580},{"Length":36,"Height":55,"Demand":1,"DemandMax":null,"Value":1980},{"Length":30,"Height":66,"Demand":1,"DemandMax":null,"Value":1980},{"Length":64,"Height":38,"Demand":1,"DemandMax":null,"Value":2432},{"Length":44,"Height":41,"Demand":1,"DemandMax":null,"Value":1804},{"Length":23,"Height":31,"Demand":1,"DemandMax":null,"Value":713},{"Length":60,"Height":46,"Demand":1,"DemandMax":null,"Value":2760},{"Length":31,"Height":60,"Demand":1,"DemandMax":null,"Value":1860},{"Length":30,"Height":100,"Demand":1,"DemandMax":null,"Value":3000},{"Length":59,"Height":44,"Demand":1,"DemandMax":null,"Value":2596},{"Length":53,"Height":14,"Demand":1,"DemandMax":null,"Value":742},{"Length":18,"Height":70,"Demand":1,"DemandMax":null,"Value":1260},{"Length":26,"Height":88,"Demand":1,"DemandMax":null,"Value":2288},{"Length":29,"Height":96,"Demand":1,"DemandMax":null,"Value":2784},{"Length":39,"Height":69,"Demand":1,"DemandMax":null,"Value":2691},{"Length":17,"Height":46,"Demand":1,"DemandMax":null,"Value":782},{"Length":31,"Height":58,"Demand":2,"DemandMax":null,"Value":1798},{"Length":59,"Height":48,"Demand":1,"DemandMax":null,"Value":2832},{"Length":45,"Height":36,"Demand":1,"DemandMax":null,"Value":1620},{"Length":50,"Height":33,"Demand":1,"DemandMax":null,"Value":1650},{"Length":60,"Height":50,"Demand":1,"DemandMax":null,"Value":3000},{"Length":64,"Height":33,"Demand":1,"DemandMax":null,"Value":2112},{"Length":37,"Height":55,"Demand":1,"DemandMax":null,"Value":2035},{"Length":52,"Height":33,"Demand":2,"DemandMax":null,"Value":1716},{"Length":53,"Height":15,"Demand":1,"DemandMax":null,"Value":795},{"Length":39,"Height":46,"Demand":1,"DemandMax":null,"Value":1794},{"Length":23,"Height":36,"Demand":1,"DemandMax":null,"Value":828},{"Length":44,"Height":50,"Demand":1,"DemandMax":null,"Value":2200},{"Length":39,"Height":47,"Demand":1,"DemandMax":null,"Value":1833},{"Length":37,"Height":73,"Demand":1,"DemandMax":null,"Value":2701},{"Length":42,"Height":89,"Demand":1,"DemandMax":null,"Value":3738},{"Length":36,"Height":58,"Demand":2,"DemandMax":null,"Value":2088},{"Length":45,"Height":50,"Demand":1,"DemandMax":null,"Value":2250},{"Length":69,"Height":40,"Demand":1,"DemandMax":null,"Value":2760},{"Length":23,"Height":69,"Demand":1,"DemandMax":null,"Value":1587},{"Length":81,"Height":26,"Demand":1,"DemandMax":null,"Value":2106},{"Length":45,"Height":40,"Demand":1,"DemandMax":null,"Value":1800},{"Length":59,"Height":40,"Demand":1,"DemandMax":null,"Value":2360},{"Length":37,"Height":50,"Demand":2,"DemandMax":null,"Value":1850},{"Length":31,"Height":59,"Demand":1,"DemandMax":null,"Value":1829},{"Length":36,"Height":69,"Demand":1,"DemandMax":null,"Value":2484},{"Length":64,"Height":36,"Demand":1,"DemandMax":null,"Value":2304},{"Length":42,"Height":72,"Demand":1,"DemandMax":null,"Value":3024},{"Length":54,"Height":44,"Demand":1,"DemandMax":null,"Value":2376},{"Length":56,"Height":43,"Demand":1,"DemandMax":null,"Value":2408},{"Length":69,"Height":35,"Demand":1,"DemandMax":null,"Value":2415},{"Length":49,"Height":56,"Demand":1,"DemandMax":null,"Value":2744},{"Length":26,"Height":28,"Demand":1,"DemandMax":null,"Value":728},{"Length":93,"Height":32,"Demand":1,"DemandMax":null,"Value":2976},{"Length":59,"Height":49,"Demand":1,"DemandMax":null,"Value":2891},{"Length":31,"Height":62,"Demand":1,"DemandMax":null,"Value":1922},{"Length":35,"Height":39,"Demand":1,"DemandMax":null,"Value":1365},{"Length":40,"Height":46,"Demand":1,"DemandMax":null,"Value":1840},{"Length":54,"Height":35,"Demand":2,"DemandMax":null,"Value":1890},{"Length":87,"Height":28,"Demand":1,"DemandMax":null,"Value":2436},{"Length":34,"Height":38,"Demand":1,"DemandMax":null,"Value":1292},{"Length":45,"Height":47,"Demand":1,"DemandMax":null,"Value":2115},{"Length":33,"Height":72,"Demand":1,"DemandMax":null,"Value":2376},{"Length":43,"Height":51,"Demand":1,"DemandMax":null,"Value":2193},{"Length":41,"Height":54,"Demand":1,"DemandMax":null,"Value":2214},{"Length":68,"Height":17,"Demand":1,"DemandMax":null,"Value":1156},{"Length":42,"Height":38,"Demand":1,"DemandMax":null,"Value":1596},{"Length":44,"Height":54,"Demand":1,"DemandMax":null,"Value":2376},{"Length":38,"Height":52,"Demand":1,"DemandMax":null,"Value":1976},{"Length":52,"Height":97,"Demand":1,"DemandMax":null,"Value":5044},{"Length":29,"Height":25,"Demand":1,"DemandMax":null,"Value":725},{"Length":81,"Height":24,"Demand":1,"DemandMax":null,"Value":1944},{"Length":32,"Height":52,"Demand":2,"DemandMax":null,"Value":1664},{"Length":58,"Height":29,"Demand":1,"DemandMax":null,"Value":1682},{"Length":18,"Height":55,"Demand":1,"DemandMax":null,"Value":990},{"Length":53,"Height":31,"Demand":1,"DemandMax":null,"Value":1643},{"Length":37,"Height":62,"Demand":1,"DemandMax":null,"Value":2294},{"Length":71,"Height":32,"Demand":2,"DemandMax":null,"Value":2272},{"Length":37,"Height":67,"Demand":1,"DemandMax":null,"Value":2479},{"Length":33,"Height":22,"Demand":1,"DemandMax":null,"Value":726},{"Length":60,"Height":33,"Demand":1,"DemandMax":null,"Value":1980},{"Length":16,"Height":51,"Demand":1,"DemandMax":null,"Value":816},{"Length":55,"Height":19,"Demand":1,"DemandMax":null,"Value":1045},{"Length":29,"Height":78,"Demand":1,"DemandMax":null,"Value":2262},{"Length":21,"Height":81,"Demand":1,"DemandMax":null,"Value":1701},{"Length":39,"Height":63,"Demand":1,"DemandMax":null,"Value":2457},{"Length":38,"Height":53,"Demand":1,"DemandMax":null,"Value":2014},{"Length":35,"Height":62,"Demand":1,"DemandMax":null,"Value":2170},{"Length":36,"Height":24,"Demand":1,"DemandMax":null,"Value":864},{"Length":57,"Height":30,"Demand":1,"DemandMax":null,"Value":1710},{"Length":33,"Height":74,"Demand":1,"DemandMax":null,"Value":2442},{"Length":38,"Height":82,"Demand":1,"DemandMax":null,"Value":3116},{"Length":55,"Height":48,"Demand":1,"DemandMax":null,"Value":2640},{"Length":59,"Height":27,"Demand":1,"DemandMax":null,"Value":1593},{"Length":55,"Height":38,"Demand":2,"DemandMax":null,"Value":2090},{"Length":52,"Height":67,"Demand":1,"DemandMax":null,"Value":3484},{"Length":17,"Height":44,"Demand":1,"DemandMax":null,"Value":748},{"Length":48,"Height":38,"Demand":1,"DemandMax":null,"Value":1824},{"Length":24,"Height":88,"Demand":1,"DemandMax":null,"Value":2112},{"Length":68,"Height":37,"Demand":1,"DemandMax":null,"Value":2516},{"Length":45,"Height":61,"Demand":1,"DemandMax":null,"Value":2745},{"Length":57,"Height":35,"Demand":1,"DemandMax":null,"Value":1995},{"Length":53,"Height":19,"Demand":1,"DemandMax":null,"Value":1007},{"Length":32,"Height":29,"Demand":1,"DemandMax":null,"Value":928},{"Length":32,"Height":75,"Demand":1,"DemandMax":null,"Value":2400},{"Length":29,"Height":67,"Demand":1,"DemandMax":null,"Value":1943},{"Length":71,"Height":38,"Demand":1,"DemandMax":null,"Value":2698},{"Length":61,"Height":35,"Demand":1,"DemandMax":null,"Value":2135},{"Length":58,"Height":35,"Demand":1,"DemandMax":null,"Value":2030},{"Length":55,"Height":76,"Demand":1,"DemandMax":null,"Value":4180},{"Length":61,"Height":16,"Demand":1,"DemandMax":null,"Value":976},{"Length":41,"Height":63,"Demand":1,"DemandMax":null,"Value":2583},{"Length":33,"Height":58,"Demand":2,"DemandMax":null,"Value":1914},{"Length":38,"Height":47,"Demand":1,"DemandMax":null,"Value":1786},{"Length":51,"Height":23,"Demand":1,"DemandMax":null,"Value":1173},{"Length":59,"Height":45,"Demand":1,"DemandMax":null,"Value":2655},{"Length":38,"Height":69,"Demand":1,"DemandMax":null,"Value":2622},{"Length":35,"Height":53,"Demand":2,"DemandMax":null,"Value":1855},{"Length":61,"Height":33,"Demand":1,"DemandMax":null,"Value":2013},{"Length":16,"Height":44,"Demand":1,"DemandMax":null,"Value":704},{"Length":68,"Height":45,"Demand":1,"DemandMax":null,"Value":3060},{"Length":73,"Height":23,"Demand":1,"DemandMax":null,"Value":1679},{"Length":37,"Height":83,"Demand":1,"DemandMax":null,"Value":3071},{"Length":66,"Height":28,"Demand":1,"DemandMax":null,"Value":1848},{"Length":36,"Height":72,"Demand":1,"DemandMax":null,"Value":2592},{"Length":55,"Height":41,"Demand":1,"DemandMax":null,"Value":2255},{"Length":75,"Height":46,"Demand":1,"DemandMax":null,"Value":3450},{"Length":67,"Height":40,"Demand":1,"DemandMax":null,"Value":2680},{"Length":60,"Height":32,"Demand":1,"DemandMax":null,"Value":1920},{"Length":37,"Height":78,"Demand":1,"DemandMax":null,"Value":2886},{"Length":69,"Height":33,"Demand":1,"DemandMax":null,"Value":2277},{"Length":56,"Height":47,"Demand":1,"DemandMax":null,"Value":2632},{"Length":34,"Height":72,"Demand":1,"DemandMax":null,"Value":2448},{"Length":25,"Height":68,"Demand":1,"DemandMax":null,"Value":1700},{"Length":56,"Height":46,"Demand":1,"DemandMax":null,"Value":2576},{"Length":52,"Height":54,"Demand":1,"DemandMax":null,"Value":2808},{"Length":28,"Height":33,"Demand":1,"DemandMax":null,"Value":924},{"Length":39,"Height":53,"Demand":1,"DemandMax":null,"Value":2067},{"Length":60,"Height":41,"Demand":1,"DemandMax":null,"Value":2460},{"Length":48,"Height":52,"Demand":1,"DemandMax":null,"Value":2496},{"Length":20,"Height":44,"Demand":1,"DemandMax":null,"Value":880},{"Length":52,"Height":57,"Demand":1,"DemandMax":null,"Value":2964},{"Length":80,"Height":58,"Demand":1,"DemandMax":null,"Value":4640},{"Length":55,"Height":77,"Demand":1,"DemandMax":null,"Value":4235},{"Length":70,"Height":63,"Demand":1,"DemandMax":null,"Value":4410},{"Length":100,"Height":85,"Demand":1,"DemandMax":null,"Value":8500},{"Length":35,"Height":52,"Demand":1,"DemandMax":null,"Value":1820},{"Length":71,"Height":34,"Demand":1,"DemandMax":null,"Value":2414},{"Length":60,"Height":36,"Demand":1,"DemandMax":null,"Value":2160},{"Length":49,"Height":49,"Demand":1,"DemandMax":null,"Value":2401},{"Length":63,"Height":45,"Demand":1,"DemandMax":null,"Value":2835},{"Length":73,"Height":24,"Demand":1,"DemandMax":null,"Value":1752},{"Length":88,"Height":53,"Demand":1,"DemandMax":null,"Value":4664},{"Length":58,"Height":60,"Demand":1,"DemandMax":null,"Value":3480},{"Length":21,"Height":36,"Demand":1,"DemandMax":null,"Value":756},{"Length":33,"Height":35,"Demand":1,"DemandMax":null,"Value":1155},{"Length":62,"Height":113,"Demand":1,"DemandMax":null,"Value":7006},{"Length":28,"Height":35,"Demand":1,"DemandMax":null,"Value":980},{"Length":31,"Height":36,"Demand":1,"DemandMax":null,"Value":1116},{"Length":26,"Height":38,"Demand":1,"DemandMax":null,"Value":988},{"Length":41,"Height":22,"Demand":1,"DemandMax":null,"Value":902},{"Length":31,"Height":31,"Demand":1,"DemandMax":null,"Value":961},{"Length":37,"Height":38,"Demand":1,"DemandMax":null,"Value":1406},{"Length":41,"Height":23,"Demand":1,"DemandMax":null,"Value":943},{"Length":68,"Height":18,"Demand":1,"DemandMax":null,"Value":1224},{"Length":19,"Height":49,"Demand":1,"DemandMax":null,"Value":931},{"Length":54,"Height":17,"Demand":1,"DemandMax":null,"Value":918},{"Length":45,"Height":46,"Demand":1,"DemandMax":null,"Value":2070},{"Length":19,"Height":63,"Demand":1,"DemandMax":null,"Value":1197},{"Length":39,"Height":29,"Demand":1,"DemandMax":null,"Value":1131},{"Length":41,"Height":41,"Demand":1,"DemandMax":null,"Value":1681},{"Length":26,"Height":55,"Demand":1,"DemandMax":null,"Value":1430},{"Length":52,"Height":23,"Demand":1,"DemandMax":null,"Value":1196},{"Length":27,"Height":35,"Demand":1,"DemandMax":null,"Value":945},{"Length":32,"Height":27,"Demand":1,"DemandMax":null,"Value":864},{"Length":27,"Height":46,"Demand":1,"DemandMax":null,"Value":1242},{"Length":53,"Height":20,"Demand":1,"DemandMax":null,"Value":1060},{"Length":55,"Height":25,"Demand":1,"DemandMax":null,"Value":1375},{"Length":49,"Height":20,"Demand":1,"DemandMax":null,"Value":980},{"Length":35,"Height":41,"Demand":1,"DemandMax":null,"Value":1435},{"Length":25,"Height":50,"Demand":1,"DemandMax":null,"Value":1250},{"Length":51,"Height":24,"Demand":1,"DemandMax":null,"Value":1224},{"Length":43,"Height":36,"Demand":1,"DemandMax":null,"Value":1548},{"Length":50,"Height":17,"Demand":1,"DemandMax":null,"Value":850},{"Length":35,"Height":44,"Demand":1,"DemandMax":null,"Value":1540},{"Length":31,"Height":74,"Demand":1,"DemandMax":null,"Value":2294},{"Length":23,"Height":52,"Demand":1,"DemandMax":null,"Value":1196},{"Length":39,"Height":26,"Demand":1,"DemandMax":null,"Value":1014},{"Length":18,"Height":54,"Demand":1,"DemandMax":null,"Value":972},{"Length":24,"Height":46,"Demand":1,"DemandMax":null,"Value":1104},{"Length":43,"Height":22,"Demand":1,"DemandMax":null,"Value":946},{"Length":33,"Height":31,"Demand":1,"DemandMax":null,"Value":1023},{"Length":19,"Height":70,"Demand":1,"DemandMax":null,"Value":1330},{"Length":19,"Height":47,"Demand":1,"DemandMax":null,"Value":893},{"Length":17,"Height":51,"Demand":1,"DemandMax":null,"Value":867},{"Length":53,"Height":26,"Demand":1,"DemandMax":null,"Value":1378},{"Length":44,"Height":22,"Demand":1,"DemandMax":null,"Value":968},{"Length":37,"Height":36,"Demand":1,"DemandMax":null,"Value":1332},{"Length":25,"Height":58,"Demand":1,"DemandMax":null,"Value":1450},{"Length":29,"Height":41,"Demand":1,"DemandMax":null,"Value":1189},{"Length":37,"Height":27,"Demand":1,"DemandMax":null,"Value":999},{"Length":54,"Height":46,"Demand":1,"DemandMax":null,"Value":2484},{"Length":53,"Height":18,"Demand":1,"DemandMax":null,"Value":954},{"Length":36,"Height":39,"Demand":1,"DemandMax":null,"Value":1404},{"Length":53,"Height":24,"Demand":1,"DemandMax":null,"Value":1272},{"Length":34,"Height":48,"Demand":1,"DemandMax":null,"Value":1632},{"Length":51,"Height":97,"Demand":1,"DemandMax":null,"Value":4947},{"Length":49,"Height":21,"Demand":1,"DemandMax":null,"Value":1029},{"Length":36,"Height":35,"Demand":1,"DemandMax":null,"Value":1260},{"Length":29,"Height":44,"Demand":1,"DemandMax":null,"Value":1276},{"Length":74,"Height":32,"Demand":1,"DemandMax":null,"Value":2368},{"Length":59,"Height":17,"Demand":1,"DemandMax":null,"Value":1003},{"Length":61,"Height":22,"Demand":1,"DemandMax":null,"Value":1342},{"Length":26,"Height":35,"Demand":1,"DemandMax":null,"Value":910}]}