{"Name":"Nice200i3b1","Objects":[{"Length":427,"Height":1000,"Stock":3,"Cost":427000},{"Length":283,"Height":1000,"Stock":2,"Cost":283000},{"Length":290,"Height":1000,"Stock":5,"Cost":290000}],"Items":[{"Length":99,"Height":33,"Demand":1,"DemandMax":null,"Value":3267},{"Length":125,"Height":91,"Demand":1,"DemandMax":null,"Value":11375},{"Length":43,"Height":108,"Demand":1,"DemandMax":null,"Value":4644},{"Length":33,"Height":93,"Demand":1,"DemandMax":null,"Value":3069},{"Length":71,"Height":39,"Demand":1,"DemandMax":null,"Value":2769},{"Length":50,"Height":51,"Demand":1,"DemandMax":null,"Value":2550},{"Length":145,"Height":55,"Demand":1,"DemandMax":null,"Value":7975},{"Length":101,"Height":38,"Demand":1,"DemandMax":null,"Value":3838},{"Length":52,"Height":49,"Demand":1,"DemandMax":null,"Value":2548},{"Length":38,"Height":75,"Demand":1,"DemandMax":null,"Value":2850},{"Length":141,"Height":39,"Demand":1,"DemandMax":null,"Value":5499},{"Length":115,"Height":32,"Demand":1,"DemandMax":null,"Value":3680},{"Length":58,"Height":48,"Demand":2,"DemandMax":null,"Value":2784},{"Length":141,"Height":41,"Demand":1,"DemandMax":null,"Value":5781},{"Length":48,"Height":59,"Demand":1,"DemandMax":null,"Value":2832},{"Length":85,"Height":34,"Demand":1,"DemandMax":null,"Value":2890},{"Length":124,"Height":31,"Demand":1,"DemandMax":null,"Value":3844},{"Length":47,"Height":102,"Demand":1,"DemandMax":null,"Value":4794},{"Length":34,"Height":75,"Demand":1,"DemandMax":null,"Value":2550},{"Length":33,"Height":123,"Demand":2,"DemandMax":null,"Value":4059},{"Length":75,"Height":38,"Demand":1,"DemandMax":null,"Value":2850},{"Length":129,"Height":101,"Demand":1,"DemandMax":null,"Value":13029},{"Length":39,"Height":118,"Demand":1,"DemandMax":null,"Value":4602},{"Length":31,"Height":85,"Demand":1,"DemandMax":null,"Value":2635},{"Length":70,"Height":55,"Demand":1,"DemandMax":null,"Value":3850},{"Length":49,"Height":53,"Demand":2,"DemandMax":null,"Value":2597},{"Length":134,"Height":42,"Demand":1,"DemandMax":null,"Value":5628},{"Length":78,"Height":40,"Demand":1,"DemandMax":null,"Value":3120},{"Length":67,"Height":39,"Demand":1,"DemandMax":null,"Value":2613},{"Length":144,"Height":102,"Demand":1,"DemandMax":null,"Value":14688},{"Length":75,"Height":34,"Demand":1,"DemandMax":null,"Value":2550},{"Length":75,"Height":118,"Demand":1,"DemandMax":null,"Value":8850},{"Length":37,"Height":141,"Demand":1,"DemandMax":null,"Value":5217},{"Length":67,"Height":40,"Demand":1,"DemandMax":null,"Value":2680},{"Length":60,"Height":148,"Demand":1,"DemandMax":null,"Value":8880},{"Length":42,"Height":151,"Demand":1,"DemandMax":null,"Value":6342},{"Length":78,"Height":39,"Demand":2,"DemandMax":null,"Value":3042},{"Length":150,"Height":78,"Demand":1,"DemandMax":null,"Value":11700},{"Length":146,"Height":37,"Demand":1,"DemandMax":null,"Value":5402},{"Length":63,"Height":52,"Demand":1,"DemandMax":null,"Value":3276},{"Length":142,"Height":55,"Demand":1,"DemandMax":null,"Value":7810},{"Length":50,"Height":54,"Demand":2,"DemandMax":null,"Value":2700},{"Length":156,"Height":107,"Demand":1,"DemandMax":null,"Value":16692},{"Length":198,"Height":59,"Demand":1,"DemandMax":null,"Value":11682},{"Length":39,"Height":107,"Demand":2,"DemandMax":null,"Value":4173},{"Length":53,"Height":61,"Demand":2,"DemandMax":null,"Value":3233},{"Length":150,"Height":79,"Demand":1,"DemandMax":null,"Value":11850},{"Length":44,"Height":85,"Demand":1,"DemandMax":null,"Value":3740},{"Length":58,"Height":78,"Demand":2,"DemandMax":null,"Value":4524},{"Length":69,"Height":54,"Demand":1,"DemandMax":null,"Value":3726},{"Length":56,"Height":78,"Demand":1,"DemandMax":null,"Value":4368},{"Length":154,"Height":50,"Demand":1,"DemandMax":null,"Value":7700},{"Length":91,"Height":70,"Demand":1,"DemandMax":null,"Value":6370},{"Length":59,"Height":60,"Demand":1,"DemandMax":null,"Value":3540},{"Length":62,"Height":86,"Demand":1,"DemandMax":null,"Value":5332},{"Length":32,"Height":101,"Demand":1,"DemandMax":null,"Value":3232},{"Length":28,"Height":96,"Demand":1,"DemandMax":null,"Value":2688},{"Length":64,"Height":43,"Demand":1,"DemandMax":null,"Value":2752},{"Length":84,"Height":35,"Demand":1,"DemandMax":null,"Value":2940},{"Length":80,"Height":64,"Demand":1,"DemandMax":null,"Value":5120},{"Length":53,"Height":83,"Demand":1,"DemandMax":null,"Value":4399},{"Length":27,"Height":99,"Demand":1,"DemandMax":null,"Value":2673},{"Length":38,"Height":105,"Demand":1,"DemandMax":null,"Value":3990},{"Length":42,"Height":61,"Demand":1,"DemandMax":null,"Value":2562},{"Length":66,"Height":148,"Demand":1,"DemandMax":null,"Value":9768},{"Length":63,"Height":226,"Demand":1,"DemandMax":null,"Value":14238},{"Length":75,"Height":46,"Demand":1,"DemandMax":null,"Value":3450},{"Length":86,"Height":102,"Demand":1,"DemandMax":null,"Value":8772},{"Length":170,"Height":62,"Demand":1,"DemandMax":null,"Value":10540},{"Length":73,"Height":39,"Demand":1,"DemandMax":null,"Value":2847},{"Length":80,"Height":39,"Demand":1,"DemandMax":null,"Value":3120},{"Length":91,"Height":100,"Demand":1,"DemandMax":null,"Value":9100},{"Length":70,"Height":45,"Demand":1,"DemandMax":null,"Value":3150},{"Length":101,"Height":35,"Demand":1,"DemandMax":null,"Value":3535},{"Length":101,"Height":45,"Demand":1,"DemandMax":null,"Value":4545},{"Length":52,"Height":50,"Demand":1,"DemandMax":null,"Value":2600},{"Length":89,"Height":64,"Demand":1,"DemandMax":null,"Value":5696},{"Length":40,"Height":77,"Demand":1,"DemandMax":null,"Value":3080},{"Length":57,"Height":74,"Demand":1,"DemandMax":null,"Value":4218},{"Length":208,"Height":75,"Demand":1,"DemandMax":null,"Value":15600},{"Length":48,"Height":123,"Demand":1,"DemandMax":null,"Value":5904},{"Length":75,"Height":54,"Demand":1,"DemandMax":null,"Value":4050},{"Length":93,"Height":30,"Demand":1,"DemandMax":null,"Value":2790},{"Length":113,"Height":54,"Demand":1,"DemandMax":null,"Value":6102},{"Length":58,"Height":101,"Demand":1,"DemandMax":null,"Value":5858},{"Length":74,"Height":37,"Demand":1,"DemandMax":null,"Value":2738},{"Length":49,"Height":66,"Demand":2,"DemandMax":null,"Value":3234},{"Length":87,"Height":38,"Demand":1,"DemandMax":null,"Value":3306},{"Length":75,"Height":85,"Demand":1,"DemandMax":null,"Value":6375},{"Length":39,"Height":67,"Demand":1,"DemandMax":null,"Value":2613},{"Length":101,"Height":119,"Demand":1,"DemandMax":null,"Value":12019},{"Length":158,"Height":48,"Demand":1,"DemandMax":null,"Value":7584},{"Length":78,"Height":177,"Demand":1,"DemandMax":null,"Value":13806},{"Length":64,"Height":57,"Demand":1,"DemandMax":null,"Value":3648},{"Length":71,"Height":44,"Demand":2,"DemandMax":null,"Value":3124},{"Length":81,"Height":57,"Demand":1,"DemandMax":null,"Value":4617},{"Length":33,"Height":83,"Demand":1,"DemandMax":null,"Value":2739},{"Length":79,"Height":44,"Demand":1,"DemandMax":null,"Value":3476},{"Length":100,"Height":118,"Demand":1,"DemandMax":null,"Value":11800},{"Length":37,"Height":133,"Demand":1,"DemandMax":null,"Value":4921},{"Length":80,"Height":32,"Demand":1,"DemandMax":null,"Value":2560},{"Length":78,"Height":226,"Demand":1,"DemandMax":null,"Value":17628},{"Length":87,"Height":78,"Demand":1,"DemandMax":null,"Value":6786},{"Length":72,"Height":35,"Demand":1,"DemandMax":null,"Value":2520},{"Length":30,"Height":85,"Demand":1,"DemandMax":null,"Value":2550},{"Length":30,"Height":97,"Demand":1,"DemandMax":null,"Value":2910},{"Length":49,"Height":133,"Demand":1,"DemandMax":null,"Value":6517},{"Length":78,"Height":51,"Demand":1,"DemandMax":null,"Value":3978},{"Length":76,"Height":53,"Demand":1,"DemandMax":null,"Value":4028},{"Length":52,"Height":51,"Demand":1,"DemandMax":null,"Value":2652},{"Length":40,"Height":85,"Demand":1,"DemandMax":null,"Value":3400},{"Length":63,"Height":44,"Demand":2,"DemandMax":null,"Value":2772},{"Length":55,"Height":85,"Demand":1,"DemandMax":null,"Value":4675},{"Length":89,"Height":78,"Demand":1,"DemandMax":null,"Value":6942},{"Length":78,"Height":55,"Demand":1,"DemandMax":null,"Value":4290},{"Length":57,"Height":85,"Demand":1,"DemandMax":null,"Value":4845},{"Length":134,"Height":52,"Demand":1,"DemandMax":null,"Value":6968},{"Length":79,"Height":39,"Demand":1,"DemandMax":null,"Value":3081},{"Length":42,"Height":66,"Demand":1,"DemandMax":null,"Value":2772},{"Length":114,"Height":33,"Demand":1,"DemandMax":null,"Value":3762},{"Length":73,"Height":51,"Demand":1,"DemandMax":null,"Value":3723},{"Length":52,"Height":55,"Demand":1,"DemandMax":null,"Value":2860},{"Length":115,"Height":91,"Demand":1,"DemandMax":null,"Value":10465},{"Length":59,"Height":146,"Demand":1,"DemandMax":null,"Value":8614},{"Length":111,"Height":93,"Demand":1,"DemandMax":null,"Value":10323},{"Length":63,"Height":81,"Demand":1,"DemandMax":null,"Value":5103},{"Length":76,"Height":65,"Demand":1,"DemandMax":null,"Value":4940},{"Length":86,"Height":40,"Demand":1,"DemandMax":null,"Value":3440},{"Length":80,"Height":51,"Demand":1,"DemandMax":null,"Value":4080},{"Length":36,"Height":75,"Demand":1,"DemandMax":null,"Value":2700},{"Length":50,"Height":62,"Demand":1,"DemandMax":null,"Value":3100},{"Length":39,"Height":84,"Demand":1,"DemandMax":null,"Value":3276},{"Length":77,"Height":59,"Demand":1,"DemandMax":null,"Value":4543},{"Length":76,"Height":39,"Demand":1,"DemandMax":null,"Value":2964},{"Length":63,"Height":64,"Demand":1,"DemandMax":null,"Value":4032},{"Length":85,"Height":32,"Demand":1,"DemandMax":null,"Value":2720},{"Length":63,"Height":107,"Demand":1,"DemandMax":null,"Value":6741},{"Length":78,"Height":80,"Demand":1,"DemandMax":null,"Value":6240},{"Length":58,"Height":59,"Demand":1,"DemandMax":null,"Value":3422},{"Length":94,"Height":59,"Demand":1,"DemandMax":null,"Value":5546},{"Length":114,"Height":41,"Demand":1,"DemandMax":null,"Value":4674},{"Length":141,"Height":77,"Demand":1,"DemandMax":null,"Value":10857},{"Length":42,"Height":62,"Demand":1,"DemandMax":null,"Value":2604},{"Length":75,"Height":141,"Demand":1,"DemandMax":null,"Value":10575},{"Length":60,"Height":52,"Demand":1,"DemandMax":null,"Value":3120},{"Length":45,"Height":123,"Demand":1,"DemandMax":null,"Value":5535},{"Length":60,"Height":63,"Demand":1,"DemandMax":null,"Value":3780},{"Length":109,"Height":67,"Demand":1,"DemandMax":null,"Value":7303},{"Length":78,"Height":34,"Demand":1,"DemandMax":null,"Value":2652},{"Length":82,"Height":39,"Demand":1,"DemandMax":null,"Value":3198},{"Length":93,"Height":34,"Demand":1,"DemandMax":null,"Value":3162},{"Length":37,"Height":70,"Demand":1,"DemandMax":null,"Value":2590},{"Length":42,"Height":85,"Demand":1,"DemandMax":null,"Value":3570},{"Length":64,"Height":112,"Demand":1,"DemandMax":null,"Value":7168},{"Length":54,"Height":60,"Demand":1,"DemandMax":null,"Value":3240},{"Length":99,"Height":34,"Demand":1,"DemandMax":null,"Value":3366},{"Length":75,"Height":40,"Demand":1,"DemandMax":null,"Value":3000},{"Length":78,"Height":33,"Demand":1,"DemandMax":null,"Value":2574},{"Length":94,"Height":43,"Demand":1,"DemandMax":null,"Value":4042},{"Length":133,"Height":83,"Demand":1,"DemandMax":null,"Value":11039},{"Length":38,"Height":76,"Demand":1,"DemandMax":null,"Value":2888},{"Length":70,"Height":70,"Demand":1,"DemandMax":null,"Value":4900},{"Length":52,"Height":71,"Demand":1,"DemandMax":null,"Value":3692},{"Length":33,"Height":99,"Demand":1,"DemandMax":null,"Value":3267},{"Length":81,"Height":32,"Demand":1,"DemandMax":null,"Value":2592},{"Length":81,"Height":137,"Demand":1,"DemandMax":null,"Value":11097},{"Length":142,"Height":58,"Demand":1,"DemandMax":null,"Value":8236},{"Length":80,"Height":37,"Demand":1,"DemandMax":null,"Value":2960},{"Length":32,"Height":85,"Demand":1,"DemandMax":null,"Value":2720},{"Length":85,"Height":67,"Demand":1,"DemandMax":null,"Value":5695},{"Length":81,"Height":54,"Demand":1,"DemandMax":null,"Value":4374},{"Length":37,"Height":71,"Demand":1,"DemandMax":null,"Value":2627},{"Length":51,"Height":51,"Demand":2,"DemandMax":null,"Value":2601},{"Length":84,"Height":39,"Demand":1,"DemandMax":null,"Value":3276},{"Length":75,"Height":109,"Demand":1,"DemandMax":null,"Value":8175},{"Length":70,"Height":60,"Demand":1,"DemandMax":null,"Value":4200},{"Length":74,"Height":83,"Demand":1,"DemandMax":null,"Value":6142},{"Length":72,"Height":78,"Demand":1,"DemandMax":null,"Value":5616},{"Length":146,"Height":56,"Demand":1,"DemandMax":null,"Value":8176},{"Length":41,"Height":77,"Demand":1,"DemandMax":null,"Value":3157},{"Length":55,"Height":56,"Demand":1,"DemandMax":null,"Value":3080},{"Length":40,"Height":97,"Demand":1,"DemandMax":null,"Value":3880},{"Length":64,"Height":61,"Demand":1,"DemandMax":null,"Value":3904},{"Length":75,"Height":35,"Demand":1,"DemandMax":null,"Value":2625},{"Length":84,"Height":74,"Demand":1,"DemandMax":null,"Value":6216},{"Length":36,"Height":96,"Demand":1,"DemandMax":null,"Value":3456},{"Length":58,"Height":82,"Demand":1,"DemandMax":null,"Value":4756},{"Length":79,"Height":56,"Demand":1,"DemandMax":null,"Value":4424}]}