{"Name":"Nice500i6b4","Objects":[{"Length":497,"Height":315,"Stock":3,"Cost":156555},{"Length":503,"Height":227,"Stock":3,"Cost":114181},{"Length":234,"Height":291,"Stock":2,"Cost":68094},{"Length":269,"Height":773,"Stock":6,"Cost":207937},{"Length":497,"Height":685,"Stock":1,"Cost":340445},{"Length":234,"Height":482,"Stock":6,"Cost":112788}],"Items":[{"Length":57,"Height":49,"Demand":1,"DemandMax":null,"Value":2793},{"Length":71,"Height":40,"Demand":1,"DemandMax":null,"Value":2840},{"Length":51,"Height":49,"Demand":1,"DemandMax":null,"Value":2499},{"Length":43,"Height":68,"Demand":1,"DemandMax":null,"Value":2924},{"Length":35,"Height":25,"Demand":2,"DemandMax":null,"Value":875},{"Length":43,"Height":36,"Demand":3,"DemandMax":null,"Value":1548},{"Length":34,"Height":66,"Demand":1,"DemandMax":null,"Value":2244},{"Length":34,"Height":50,"Demand":1,"DemandMax":null,"Value":1700},{"Length":50,"Height":31,"Demand":4,"DemandMax":null,"Value":1550},{"Length":23,"Height":26,"Demand":1,"DemandMax":null,"Value":598},{"Length":28,"Height":100,"Demand":1,"DemandMax":null,"Value":2800},{"Length":27,"Height":86,"Demand":1,"DemandMax":null,"Value":2322},{"Length":43,"Height":51,"Demand":4,"DemandMax":null,"Value":2193},{"Length":33,"Height":26,"Demand":1,"DemandMax":null,"Value":858},{"Length":51,"Height":46,"Demand":1,"DemandMax":null,"Value":2346},{"Length":32,"Height":49,"Demand":2,"DemandMax":null,"Value":1568},{"Length":57,"Height":50,"Demand":1,"DemandMax":null,"Value":2850},{"Length":33,"Height":67,"Demand":1,"DemandMax":null,"Value":2211},{"Length":45,"Height":51,"Demand":1,"DemandMax":null,"Value":2295},{"Length":65,"Height":61,"Demand":1,"DemandMax":null,"Value":3965},{"Length":33,"Height":52,"Demand":1,"DemandMax":null,"Value":1716},{"Length":53,"Height":38,"Demand":2,"DemandMax":null,"Value":2014},{"Length":64,"Height":34,"Demand":3,"DemandMax":null,"Value":2176},{"Length":40,"Height":55,"Demand":1,"DemandMax":null,"Value":2200},{"Length":44,"Height":45,"Demand":1,"DemandMax":null,"Value":1980},{"Length":36,"Height":65,"Demand":1,"DemandMax":null,"Value":2340},{"Length":49,"Height":45,"Demand":1,"DemandMax":null,"Value":2205},{"Length":34,"Height":59,"Demand":1,"DemandMax":null,"Value":2006},{"Length":75,"Height":56,"Demand":1,"DemandMax":null,"Value":4200},{"Length":42,"Height":41,"Demand":1,"DemandMax":null,"Value":1722},{"Length":47,"Height":32,"Demand":1,"DemandMax":null,"Value":1504},{"Length":49,"Height":44,"Demand":1,"DemandMax":null,"Value":2156},{"Length":55,"Height":31,"Demand":2,"DemandMax":null,"Value":1705},{"Length":38,"Height":70,"Demand":1,"DemandMax":null,"Value":2660},{"Length":57,"Height":33,"Demand":1,"DemandMax":null,"Value":1881},{"Length":38,"Height":37,"Demand":1,"DemandMax":null,"Value":1406},{"Length":42,"Height":67,"Demand":1,"DemandMax":null,"Value":2814},{"Length":46,"Height":48,"Demand":3,"DemandMax":null,"Value":2208},{"Length":74,"Height":39,"Demand":1,"DemandMax":null,"Value":2886},{"Length":88,"Height":28,"Demand":1,"DemandMax":null,"Value":2464},{"Length":24,"Height":69,"Demand":1,"DemandMax":null,"Value":1656},{"Length":44,"Height":49,"Demand":1,"DemandMax":null,"Value":2156},{"Length":43,"Height":55,"Demand":1,"DemandMax":null,"Value":2365},{"Length":65,"Height":36,"Demand":2,"DemandMax":null,"Value":2340},{"Length":96,"Height":31,"Demand":2,"DemandMax":null,"Value":2976},{"Length":24,"Height":71,"Demand":1,"DemandMax":null,"Value":1704},{"Length":68,"Height":41,"Demand":1,"DemandMax":null,"Value":2788},{"Length":32,"Height":72,"Demand":1,"DemandMax":null,"Value":2304},{"Length":57,"Height":41,"Demand":1,"DemandMax":null,"Value":2337},{"Length":30,"Height":36,"Demand":1,"DemandMax":null,"Value":1080},{"Length":37,"Height":42,"Demand":1,"DemandMax":null,"Value":1554},{"Length":102,"Height":35,"Demand":1,"DemandMax":null,"Value":3570},{"Length":33,"Height":54,"Demand":1,"DemandMax":null,"Value":1782},{"Length":65,"Height":41,"Demand":1,"DemandMax":null,"Value":2665},{"Length":55,"Height":26,"Demand":1,"DemandMax":null,"Value":1430},{"Length":38,"Height":80,"Demand":1,"DemandMax":null,"Value":3040},{"Length":32,"Height":48,"Demand":1,"DemandMax":null,"Value":1536},{"Length":113,"Height":29,"Demand":1,"DemandMax":null,"Value":3277},{"Length":87,"Height":25,"Demand":3,"DemandMax":null,"Value":2175},{"Length":46,"Height":50,"Demand":1,"DemandMax":null,"Value":2300},{"Length":39,"Height":58,"Demand":1,"DemandMax":null,"Value":2262},{"Length":55,"Height":43,"Demand":1,"DemandMax":null,"Value":2365},{"Length":48,"Height":48,"Demand":1,"DemandMax":null,"Value":2304},{"Length":31,"Height":59,"Demand":1,"DemandMax":null,"Value":1829},{"Length":28,"Height":91,"Demand":1,"DemandMax":null,"Value":2548},{"Length":71,"Height":32,"Demand":1,"DemandMax":null,"Value":2272},{"Length":64,"Height":47,"Demand":1,"DemandMax":null,"Value":3008},{"Length":30,"Height":66,"Demand":1,"DemandMax":null,"Value":1980},{"Length":52,"Height":32,"Demand":1,"DemandMax":null,"Value":1664},{"Length":71,"Height":39,"Demand":2,"DemandMax":null,"Value":2769},{"Length":30,"Height":50,"Demand":2,"DemandMax":null,"Value":1500},{"Length":30,"Height":81,"Demand":1,"DemandMax":null,"Value":2430},{"Length":59,"Height":49,"Demand":2,"DemandMax":null,"Value":2891},{"Length":38,"Height":105,"Demand":1,"DemandMax":null,"Value":3990},{"Length":40,"Height":37,"Demand":2,"DemandMax":null,"Value":1480},{"Length":52,"Height":13,"Demand":1,"DemandMax":null,"Value":676},{"Length":42,"Height":38,"Demand":1,"DemandMax":null,"Value":1596},{"Length":28,"Height":80,"Demand":1,"DemandMax":null,"Value":2240},{"Length":47,"Height":48,"Demand":1,"DemandMax":null,"Value":2256},{"Length":40,"Height":80,"Demand":1,"DemandMax":null,"Value":3200},{"Length":39,"Height":105,"Demand":1,"DemandMax":null,"Value":4095},{"Length":28,"Height":77,"Demand":1,"DemandMax":null,"Value":2156},{"Length":20,"Height":80,"Demand":5,"DemandMax":null,"Value":1600},{"Length":65,"Height":23,"Demand":1,"DemandMax":null,"Value":1495},{"Length":55,"Height":30,"Demand":1,"DemandMax":null,"Value":1650},{"Length":42,"Height":46,"Demand":1,"DemandMax":null,"Value":1932},{"Length":40,"Height":97,"Demand":1,"DemandMax":null,"Value":3880},{"Length":37,"Height":113,"Demand":1,"DemandMax":null,"Value":4181},{"Length":71,"Height":22,"Demand":1,"DemandMax":null,"Value":1562},{"Length":39,"Height":73,"Demand":2,"DemandMax":null,"Value":2847},{"Length":36,"Height":66,"Demand":3,"DemandMax":null,"Value":2376},{"Length":50,"Height":34,"Demand":1,"DemandMax":null,"Value":1700},{"Length":33,"Height":96,"Demand":1,"DemandMax":null,"Value":3168},{"Length":30,"Height":95,"Demand":1,"DemandMax":null,"Value":2850},{"Length":60,"Height":36,"Demand":2,"DemandMax":null,"Value":2160},{"Length":81,"Height":49,"Demand":1,"DemandMax":null,"Value":3969},{"Length":64,"Height":52,"Demand":1,"DemandMax":null,"Value":3328},{"Length":38,"Height":40,"Demand":2,"DemandMax":null,"Value":1520},{"Length":27,"Height":103,"Demand":1,"DemandMax":null,"Value":2781},{"Length":44,"Height":34,"Demand":1,"DemandMax":null,"Value":1496},{"Length":55,"Height":42,"Demand":1,"DemandMax":null,"Value":2310},{"Length":63,"Height":60,"Demand":1,"DemandMax":null,"Value":3780},{"Length":64,"Height":49,"Demand":1,"DemandMax":null,"Value":3136},{"Length":49,"Height":72,"Demand":1,"DemandMax":null,"Value":3528},{"Length":32,"Height":18,"Demand":1,"DemandMax":null,"Value":576},{"Length":38,"Height":96,"Demand":1,"DemandMax":null,"Value":3648},{"Length":46,"Height":41,"Demand":1,"DemandMax":null,"Value":1886},{"Length":64,"Height":55,"Demand":1,"DemandMax":null,"Value":3520},{"Length":49,"Height":50,"Demand":2,"DemandMax":null,"Value":2450},{"Length":31,"Height":121,"Demand":1,"DemandMax":null,"Value":3751},{"Length":64,"Height":21,"Demand":2,"DemandMax":null,"Value":1344},{"Length":30,"Height":61,"Demand":1,"DemandMax":null,"Value":1830},{"Length":50,"Height":50,"Demand":1,"DemandMax":null,"Value":2500},{"Length":44,"Height":65,"Demand":1,"DemandMax":null,"Value":2860},{"Length":74,"Height":21,"Demand":2,"DemandMax":null,"Value":1554},{"Length":33,"Height":20,"Demand":1,"DemandMax":null,"Value":660},{"Length":37,"Height":76,"Demand":1,"DemandMax":null,"Value":2812},{"Length":113,"Height":31,"Demand":1,"DemandMax":null,"Value":3503},{"Length":31,"Height":100,"Demand":1,"DemandMax":null,"Value":3100},{"Length":59,"Height":39,"Demand":1,"DemandMax":null,"Value":2301},{"Length":86,"Height":29,"Demand":1,"DemandMax":null,"Value":2494},{"Length":32,"Height":71,"Demand":1,"DemandMax":null,"Value":2272},{"Length":39,"Height":39,"Demand":2,"DemandMax":null,"Value":1521},{"Length":44,"Height":36,"Demand":1,"DemandMax":null,"Value":1584},{"Length":54,"Height":47,"Demand":1,"DemandMax":null,"Value":2538},{"Length":41,"Height":65,"Demand":1,"DemandMax":null,"Value":2665},{"Length":36,"Height":67,"Demand":2,"DemandMax":null,"Value":2412},{"Length":16,"Height":45,"Demand":1,"DemandMax":null,"Value":720},{"Length":57,"Height":32,"Demand":1,"DemandMax":null,"Value":1824},{"Length":72,"Height":21,"Demand":1,"DemandMax":null,"Value":1512},{"Length":29,"Height":100,"Demand":1,"DemandMax":null,"Value":2900},{"Length":20,"Height":59,"Demand":1,"DemandMax":null,"Value":1180},{"Length":50,"Height":30,"Demand":2,"DemandMax":null,"Value":1500},{"Length":64,"Height":24,"Demand":2,"DemandMax":null,"Value":1536},{"Length":62,"Height":49,"Demand":2,"DemandMax":null,"Value":3038},{"Length":34,"Height":49,"Demand":2,"DemandMax":null,"Value":1666},{"Length":66,"Height":24,"Demand":1,"DemandMax":null,"Value":1584},{"Length":35,"Height":53,"Demand":1,"DemandMax":null,"Value":1855},{"Length":65,"Height":34,"Demand":1,"DemandMax":null,"Value":2210},{"Length":23,"Height":69,"Demand":1,"DemandMax":null,"Value":1587},{"Length":22,"Height":69,"Demand":1,"DemandMax":null,"Value":1518},{"Length":86,"Height":27,"Demand":1,"DemandMax":null,"Value":2322},{"Length":76,"Height":29,"Demand":1,"DemandMax":null,"Value":2204},{"Length":38,"Height":39,"Demand":4,"DemandMax":null,"Value":1482},{"Length":73,"Height":41,"Demand":1,"DemandMax":null,"Value":2993},{"Length":35,"Height":47,"Demand":2,"DemandMax":null,"Value":1645},{"Length":38,"Height":38,"Demand":1,"DemandMax":null,"Value":1444},{"Length":31,"Height":77,"Demand":1,"DemandMax":null,"Value":2387},{"Length":43,"Height":38,"Demand":2,"DemandMax":null,"Value":1634},{"Length":41,"Height":45,"Demand":1,"DemandMax":null,"Value":1845},{"Length":62,"Height":34,"Demand":1,"DemandMax":null,"Value":2108},{"Length":43,"Height":37,"Demand":1,"DemandMax":null,"Value":1591},{"Length":32,"Height":46,"Demand":2,"DemandMax":null,"Value":1472},{"Length":53,"Height":45,"Demand":1,"DemandMax":null,"Value":2385},{"Length":57,"Height":45,"Demand":1,"DemandMax":null,"Value":2565},{"Length":31,"Height":113,"Demand":1,"DemandMax":null,"Value":3503},{"Length":29,"Height":54,"Demand":1,"DemandMax":null,"Value":1566},{"Length":37,"Height":40,"Demand":2,"DemandMax":null,"Value":1480},{"Length":56,"Height":73,"Demand":1,"DemandMax":null,"Value":4088},{"Length":25,"Height":100,"Demand":1,"DemandMax":null,"Value":2500},{"Length":72,"Height":30,"Demand":1,"DemandMax":null,"Value":2160},{"Length":18,"Height":37,"Demand":1,"DemandMax":null,"Value":666},{"Length":31,"Height":65,"Demand":1,"DemandMax":null,"Value":2015},{"Length":44,"Height":51,"Demand":1,"DemandMax":null,"Value":2244},{"Length":81,"Height":27,"Demand":1,"DemandMax":null,"Value":2187},{"Length":46,"Height":36,"Demand":1,"DemandMax":null,"Value":1656},{"Length":49,"Height":47,"Demand":1,"DemandMax":null,"Value":2303},{"Length":65,"Height":43,"Demand":1,"DemandMax":null,"Value":2795},{"Length":52,"Height":50,"Demand":1,"DemandMax":null,"Value":2600},{"Length":28,"Height":35,"Demand":1,"DemandMax":null,"Value":980},{"Length":36,"Height":69,"Demand":1,"DemandMax":null,"Value":2484},{"Length":27,"Height":80,"Demand":2,"DemandMax":null,"Value":2160},{"Length":51,"Height":50,"Demand":1,"DemandMax":null,"Value":2550},{"Length":96,"Height":25,"Demand":1,"DemandMax":null,"Value":2400},{"Length":32,"Height":104,"Demand":1,"DemandMax":null,"Value":3328},{"Length":45,"Height":56,"Demand":1,"DemandMax":null,"Value":2520},{"Length":52,"Height":43,"Demand":1,"DemandMax":null,"Value":2236},{"Length":61,"Height":31,"Demand":2,"DemandMax":null,"Value":1891},{"Length":27,"Height":35,"Demand":1,"DemandMax":null,"Value":945},{"Length":52,"Height":18,"Demand":1,"DemandMax":null,"Value":936},{"Length":33,"Height":70,"Demand":1,"DemandMax":null,"Value":2310},{"Length":57,"Height":38,"Demand":2,"DemandMax":null,"Value":2166},{"Length":64,"Height":46,"Demand":1,"DemandMax":null,"Value":2944},{"Length":48,"Height":58,"Demand":1,"DemandMax":null,"Value":2784},{"Length":46,"Height":14,"Demand":1,"DemandMax":null,"Value":644},{"Length":87,"Height":27,"Demand":1,"DemandMax":null,"Value":2349},{"Length":50,"Height":48,"Demand":1,"DemandMax":null,"Value":2400},{"Length":75,"Height":32,"Demand":1,"DemandMax":null,"Value":2400},{"Length":53,"Height":55,"Demand":1,"DemandMax":null,"Value":2915},{"Length":41,"Height":41,"Demand":1,"DemandMax":null,"Value":1681},{"Length":86,"Height":30,"Demand":1,"DemandMax":null,"Value":2580},{"Length":72,"Height":35,"Demand":1,"DemandMax":null,"Value":2520},{"Length":18,"Height":51,"Demand":1,"DemandMax":null,"Value":918},{"Length":37,"Height":72,"Demand":1,"DemandMax":null,"Value":2664},{"Length":59,"Height":47,"Demand":1,"DemandMax":null,"Value":2773},{"Length":32,"Height":47,"Demand":1,"DemandMax":null,"Value":1504},{"Length":29,"Height":45,"Demand":1,"DemandMax":null,"Value":1305},{"Length":48,"Height":50,"Demand":1,"DemandMax":null,"Value":2400},{"Length":49,"Height":76,"Demand":1,"DemandMax":null,"Value":3724},{"Length":37,"Height":66,"Demand":1,"DemandMax":null,"Value":2442},{"Length":71,"Height":33,"Demand":1,"DemandMax":null,"Value":2343},{"Length":61,"Height":43,"Demand":1,"DemandMax":null,"Value":2623},{"Length":36,"Height":36,"Demand":1,"DemandMax":null,"Value":1296},{"Length":81,"Height":25,"Demand":2,"DemandMax":null,"Value":2025},{"Length":26,"Height":72,"Demand":2,"DemandMax":null,"Value":1872},{"Length":52,"Height":52,"Demand":1,"DemandMax":null,"Value":2704},{"Length":44,"Height":30,"Demand":2,"DemandMax":null,"Value":1320},{"Length":24,"Height":52,"Demand":4,"DemandMax":null,"Value":1248},{"Length":54,"Height":49,"Demand":1,"DemandMax":null,"Value":2646},{"Length":70,"Height":32,"Demand":1,"DemandMax":null,"Value":2240},{"Length":100,"Height":30,"Demand":1,"DemandMax":null,"Value":3000},{"Length":33,"Height":73,"Demand":1,"DemandMax":null,"Value":2409},{"Length":51,"Height":66,"Demand":1,"DemandMax":null,"Value":3366},{"Length":41,"Height":55,"Demand":1,"DemandMax":null,"Value":2255},{"Length":32,"Height":77,"Demand":1,"DemandMax":null,"Value":2464},{"Length":49,"Height":53,"Demand":2,"DemandMax":null,"Value":2597},{"Length":23,"Height":76,"Demand":1,"DemandMax":null,"Value":1748},{"Length":43,"Height":43,"Demand":1,"DemandMax":null,"Value":1849},{"Length":26,"Height":49,"Demand":1,"DemandMax":null,"Value":1274},{"Length":55,"Height":46,"Demand":2,"DemandMax":null,"Value":2530},{"Length":23,"Height":55,"Demand":2,"DemandMax":null,"Value":1265},{"Length":64,"Height":20,"Demand":1,"DemandMax":null,"Value":1280},{"Length":66,"Height":37,"Demand":1,"DemandMax":null,"Value":2442},{"Length":55,"Height":39,"Demand":2,"DemandMax":null,"Value":2145},{"Length":68,"Height":34,"Demand":1,"DemandMax":null,"Value":2312},{"Length":76,"Height":31,"Demand":1,"DemandMax":null,"Value":2356},{"Length":28,"Height":28,"Demand":1,"DemandMax":null,"Value":784},{"Length":45,"Height":48,"Demand":1,"DemandMax":null,"Value":2160},{"Length":65,"Height":63,"Demand":1,"DemandMax":null,"Value":4095},{"Length":35,"Height":62,"Demand":1,"DemandMax":null,"Value":2170},{"Length":18,"Height":62,"Demand":1,"DemandMax":null,"Value":1116},{"Length":45,"Height":49,"Demand":1,"DemandMax":null,"Value":2205},{"Length":31,"Height":80,"Demand":1,"DemandMax":null,"Value":2480},{"Length":100,"Height":33,"Demand":1,"DemandMax":null,"Value":3300},{"Length":22,"Height":38,"Demand":1,"DemandMax":null,"Value":836},{"Length":20,"Height":39,"Demand":1,"DemandMax":null,"Value":780},{"Length":25,"Height":50,"Demand":1,"DemandMax":null,"Value":1250},{"Length":27,"Height":90,"Demand":1,"DemandMax":null,"Value":2430},{"Length":70,"Height":35,"Demand":1,"DemandMax":null,"Value":2450},{"Length":43,"Height":52,"Demand":1,"DemandMax":null,"Value":2236},{"Length":65,"Height":42,"Demand":1,"DemandMax":null,"Value":2730},{"Length":57,"Height":42,"Demand":1,"DemandMax":null,"Value":2394},{"Length":47,"Height":70,"Demand":1,"DemandMax":null,"Value":3290},{"Length":79,"Height":29,"Demand":1,"DemandMax":null,"Value":2291},{"Length":39,"Height":81,"Demand":1,"DemandMax":null,"Value":3159},{"Length":56,"Height":40,"Demand":1,"DemandMax":null,"Value":2240},{"Length":51,"Height":48,"Demand":1,"DemandMax":null,"Value":2448},{"Length":24,"Height":70,"Demand":1,"DemandMax":null,"Value":1680},{"Length":64,"Height":36,"Demand":1,"DemandMax":null,"Value":2304},{"Length":64,"Height":39,"Demand":1,"DemandMax":null,"Value":2496},{"Length":14,"Height":52,"Demand":1,"DemandMax":null,"Value":728},{"Length":36,"Height":37,"Demand":1,"DemandMax":null,"Value":1332},{"Length":72,"Height":32,"Demand":1,"DemandMax":null,"Value":2304},{"Length":39,"Height":34,"Demand":1,"DemandMax":null,"Value":1326},{"Length":31,"Height":49,"Demand":1,"DemandMax":null,"Value":1519},{"Length":56,"Height":27,"Demand":1,"DemandMax":null,"Value":1512},{"Length":37,"Height":43,"Demand":1,"DemandMax":null,"Value":1591},{"Length":45,"Height":57,"Demand":1,"DemandMax":null,"Value":2565},{"Length":45,"Height":33,"Demand":1,"DemandMax":null,"Value":1485},{"Length":57,"Height":44,"Demand":1,"DemandMax":null,"Value":2508},{"Length":42,"Height":52,"Demand":2,"DemandMax":null,"Value":2184},{"Length":15,"Height":44,"Demand":1,"DemandMax":null,"Value":660},{"Length":21,"Height":53,"Demand":1,"DemandMax":null,"Value":1113},{"Length":50,"Height":32,"Demand":1,"DemandMax":null,"Value":1600},{"Length":27,"Height":32,"Demand":1,"DemandMax":null,"Value":864},{"Length":66,"Height":23,"Demand":1,"DemandMax":null,"Value":1518},{"Length":25,"Height":62,"Demand":2,"DemandMax":null,"Value":1550},{"Length":52,"Height":30,"Demand":1,"DemandMax":null,"Value":1560},{"Length":49,"Height":39,"Demand":1,"DemandMax":null,"Value":1911},{"Length":49,"Height":51,"Demand":1,"DemandMax":null,"Value":2499},{"Length":44,"Height":52,"Demand":2,"DemandMax":null,"Value":2288},{"Length":54,"Height":48,"Demand":1,"DemandMax":null,"Value":2592},{"Length":46,"Height":16,"Demand":1,"DemandMax":null,"Value":736},{"Length":21,"Height":71,"Demand":1,"DemandMax":null,"Value":1491},{"Length":27,"Height":91,"Demand":1,"DemandMax":null,"Value":2457},{"Length":41,"Height":53,"Demand":1,"DemandMax":null,"Value":2173},{"Length":19,"Height":43,"Demand":1,"DemandMax":null,"Value":817},{"Length":54,"Height":57,"Demand":1,"DemandMax":null,"Value":3078},{"Length":65,"Height":35,"Demand":1,"DemandMax":null,"Value":2275},{"Length":35,"Height":67,"Demand":1,"DemandMax":null,"Value":2345},{"Length":44,"Height":54,"Demand":2,"DemandMax":null,"Value":2376},{"Length":34,"Height":78,"Demand":1,"DemandMax":null,"Value":2652},{"Length":47,"Height":60,"Demand":1,"DemandMax":null,"Value":2820},{"Length":100,"Height":38,"Demand":1,"DemandMax":null,"Value":3800},{"Length":44,"Height":57,"Demand":1,"DemandMax":null,"Value":2508},{"Length":33,"Height":69,"Demand":1,"DemandMax":null,"Value":2277},{"Length":51,"Height":53,"Demand":1,"DemandMax":null,"Value":2703},{"Length":56,"Height":34,"Demand":1,"DemandMax":null,"Value":1904},{"Length":33,"Height":38,"Demand":1,"DemandMax":null,"Value":1254},{"Length":23,"Height":66,"Demand":1,"DemandMax":null,"Value":1518},{"Length":66,"Height":17,"Demand":1,"DemandMax":null,"Value":1122},{"Length":44,"Height":13,"Demand":1,"DemandMax":null,"Value":572},{"Length":32,"Height":51,"Demand":1,"DemandMax":null,"Value":1632},{"Length":73,"Height":39,"Demand":1,"DemandMax":null,"Value":2847},{"Length":49,"Height":36,"Demand":1,"DemandMax":null,"Value":1764},{"Length":88,"Height":23,"Demand":1,"DemandMax":null,"Value":2024},{"Length":38,"Height":41,"Demand":2,"DemandMax":null,"Value":1558},{"Length":25,"Height":65,"Demand":1,"DemandMax":null,"Value":1625},{"Length":38,"Height":43,"Demand":1,"DemandMax":null,"Value":1634},{"Length":30,"Height":23,"Demand":1,"DemandMax":null,"Value":690},{"Length":55,"Height":45,"Demand":1,"DemandMax":null,"Value":2475},{"Length":36,"Height":44,"Demand":1,"DemandMax":null,"Value":1584},{"Length":72,"Height":22,"Demand":1,"DemandMax":null,"Value":1584},{"Length":63,"Height":33,"Demand":1,"DemandMax":null,"Value":2079},{"Length":41,"Height":40,"Demand":1,"DemandMax":null,"Value":1640},{"Length":42,"Height":53,"Demand":1,"DemandMax":null,"Value":2226},{"Length":38,"Height":55,"Demand":1,"DemandMax":null,"Value":2090},{"Length":56,"Height":33,"Demand":1,"DemandMax":null,"Value":1848},{"Length":24,"Height":23,"Demand":1,"DemandMax":null,"Value":552},{"Length":64,"Height":29,"Demand":2,"DemandMax":null,"Value":1856},{"Length":51,"Height":32,"Demand":1,"DemandMax":null,"Value":1632},{"Length":71,"Height":23,"Demand":1,"DemandMax":null,"Value":1633},{"Length":66,"Height":29,"Demand":1,"DemandMax":null,"Value":1914},{"Length":45,"Height":46,"Demand":1,"DemandMax":null,"Value":2070},{"Length":55,"Height":35,"Demand":1,"DemandMax":null,"Value":1925},{"Length":25,"Height":71,"Demand":2,"DemandMax":null,"Value":1775},{"Length":49,"Height":41,"Demand":1,"DemandMax":null,"Value":2009},{"Length":33,"Height":53,"Demand":1,"DemandMax":null,"Value":1749},{"Length":65,"Height":25,"Demand":1,"DemandMax":null,"Value":1625},{"Length":43,"Height":47,"Demand":1,"DemandMax":null,"Value":2021},{"Length":74,"Height":31,"Demand":1,"DemandMax":null,"Value":2294},{"Length":34,"Height":60,"Demand":1,"DemandMax":null,"Value":2040},{"Length":62,"Height":30,"Demand":1,"DemandMax":null,"Value":1860},{"Length":33,"Height":76,"Demand":1,"DemandMax":null,"Value":2508},{"Length":63,"Height":34,"Demand":1,"DemandMax":null,"Value":2142},{"Length":41,"Height":37,"Demand":2,"DemandMax":null,"Value":1517},{"Length":41,"Height":52,"Demand":2,"DemandMax":null,"Value":2132},{"Length":37,"Height":53,"Demand":1,"DemandMax":null,"Value":1961},{"Length":38,"Height":61,"Demand":1,"DemandMax":null,"Value":2318},{"Length":59,"Height":32,"Demand":1,"DemandMax":null,"Value":1888},{"Length":46,"Height":39,"Demand":1,"DemandMax":null,"Value":1794},{"Length":74,"Height":34,"Demand":1,"DemandMax":null,"Value":2516},{"Length":47,"Height":33,"Demand":1,"DemandMax":null,"Value":1551},{"Length":64,"Height":30,"Demand":1,"DemandMax":null,"Value":1920},{"Length":42,"Height":51,"Demand":1,"DemandMax":null,"Value":2142},{"Length":34,"Height":72,"Demand":1,"DemandMax":null,"Value":2448},{"Length":34,"Height":68,"Demand":1,"DemandMax":null,"Value":2312},{"Length":40,"Height":33,"Demand":1,"DemandMax":null,"Value":1320},{"Length":54,"Height":30,"Demand":1,"DemandMax":null,"Value":1620},{"Length":63,"Height":42,"Demand":1,"DemandMax":null,"Value":2646},{"Length":66,"Height":27,"Demand":1,"DemandMax":null,"Value":1782},{"Length":50,"Height":35,"Demand":1,"DemandMax":null,"Value":1750},{"Length":45,"Height":36,"Demand":1,"DemandMax":null,"Value":1620},{"Length":52,"Height":40,"Demand":1,"DemandMax":null,"Value":2080},{"Length":38,"Height":49,"Demand":1,"DemandMax":null,"Value":1862},{"Length":31,"Height":70,"Demand":1,"DemandMax":null,"Value":2170},{"Length":42,"Height":29,"Demand":1,"DemandMax":null,"Value":1218},{"Length":70,"Height":36,"Demand":1,"DemandMax":null,"Value":2520},{"Length":42,"Height":48,"Demand":1,"DemandMax":null,"Value":2016},{"Length":44,"Height":39,"Demand":2,"DemandMax":null,"Value":1716},{"Length":31,"Height":20,"Demand":1,"DemandMax":null,"Value":620},{"Length":53,"Height":39,"Demand":1,"DemandMax":null,"Value":2067},{"Length":42,"Height":69,"Demand":1,"DemandMax":null,"Value":2898},{"Length":39,"Height":41,"Demand":1,"DemandMax":null,"Value":1599},{"Length":40,"Height":39,"Demand":1,"DemandMax":null,"Value":1560},{"Length":46,"Height":25,"Demand":2,"DemandMax":null,"Value":1150},{"Length":43,"Height":45,"Demand":1,"DemandMax":null,"Value":1935},{"Length":35,"Height":58,"Demand":1,"DemandMax":null,"Value":2030},{"Length":33,"Height":78,"Demand":1,"DemandMax":null,"Value":2574},{"Length":43,"Height":15,"Demand":1,"DemandMax":null,"Value":645},{"Length":35,"Height":71,"Demand":1,"DemandMax":null,"Value":2485},{"Length":31,"Height":69,"Demand":1,"DemandMax":null,"Value":2139},{"Length":50,"Height":13,"Demand":1,"DemandMax":null,"Value":650},{"Length":32,"Height":55,"Demand":1,"DemandMax":null,"Value":1760},{"Length":24,"Height":33,"Demand":2,"DemandMax":null,"Value":792},{"Length":33,"Height":45,"Demand":1,"DemandMax":null,"Value":1485},{"Length":49,"Height":34,"Demand":1,"DemandMax":null,"Value":1666},{"Length":44,"Height":40,"Demand":1,"DemandMax":null,"Value":1760},{"Length":27,"Height":69,"Demand":2,"DemandMax":null,"Value":1863},{"Length":30,"Height":65,"Demand":1,"DemandMax":null,"Value":1950},{"Length":44,"Height":43,"Demand":1,"DemandMax":null,"Value":1892},{"Length":33,"Height":40,"Demand":1,"DemandMax":null,"Value":1320},{"Length":29,"Height":46,"Demand":1,"DemandMax":null,"Value":1334},{"Length":23,"Height":25,"Demand":1,"DemandMax":null,"Value":575},{"Length":35,"Height":54,"Demand":1,"DemandMax":null,"Value":1890},{"Length":25,"Height":55,"Demand":1,"DemandMax":null,"Value":1375},{"Length":47,"Height":34,"Demand":1,"DemandMax":null,"Value":1598},{"Length":50,"Height":38,"Demand":1,"DemandMax":null,"Value":1900},{"Length":38,"Height":36,"Demand":1,"DemandMax":null,"Value":1368},{"Length":26,"Height":51,"Demand":1,"DemandMax":null,"Value":1326},{"Length":39,"Height":37,"Demand":3,"DemandMax":null,"Value":1443},{"Length":29,"Height":50,"Demand":1,"DemandMax":null,"Value":1450},{"Length":31,"Height":66,"Demand":1,"DemandMax":null,"Value":2046},{"Length":47,"Height":39,"Demand":1,"DemandMax":null,"Value":1833},{"Length":61,"Height":39,"Demand":1,"DemandMax":null,"Value":2379},{"Length":55,"Height":37,"Demand":1,"DemandMax":null,"Value":2035},{"Length":28,"Height":76,"Demand":1,"DemandMax":null,"Value":2128},{"Length":67,"Height":32,"Demand":1,"DemandMax":null,"Value":2144},{"Length":17,"Height":34,"Demand":1,"DemandMax":null,"Value":578},{"Length":104,"Height":65,"Demand":1,"DemandMax":null,"Value":6760},{"Length":31,"Height":42,"Demand":1,"DemandMax":null,"Value":1302},{"Length":17,"Height":45,"Demand":1,"DemandMax":null,"Value":765},{"Length":28,"Height":53,"Demand":1,"DemandMax":null,"Value":1484},{"Length":46,"Height":35,"Demand":2,"DemandMax":null,"Value":1610},{"Length":23,"Height":50,"Demand":1,"DemandMax":null,"Value":1150},{"Length":25,"Height":38,"Demand":1,"DemandMax":null,"Value":950},{"Length":23,"Height":30,"Demand":1,"DemandMax":null,"Value":690},{"Length":32,"Height":21,"Demand":1,"DemandMax":null,"Value":672},{"Length":84,"Height":36,"Demand":1,"DemandMax":null,"Value":3024},{"Length":23,"Height":34,"Demand":1,"DemandMax":null,"Value":782},{"Length":34,"Height":20,"Demand":1,"DemandMax":null,"Value":680},{"Length":23,"Height":43,"Demand":1,"DemandMax":null,"Value":989},{"Length":37,"Height":35,"Demand":1,"DemandMax":null,"Value":1295},{"Length":26,"Height":59,"Demand":1,"DemandMax":null,"Value":1534},{"Length":33,"Height":47,"Demand":1,"DemandMax":null,"Value":1551},{"Length":21,"Height":39,"Demand":1,"DemandMax":null,"Value":819},{"Length":48,"Height":32,"Demand":1,"DemandMax":null,"Value":1536},{"Length":21,"Height":44,"Demand":1,"DemandMax":null,"Value":924},{"Length":28,"Height":52,"Demand":1,"DemandMax":null,"Value":1456},{"Length":66,"Height":20,"Demand":1,"DemandMax":null,"Value":1320},{"Length":42,"Height":36,"Demand":1,"DemandMax":null,"Value":1512},{"Length":24,"Height":46,"Demand":1,"DemandMax":null,"Value":1104},{"Length":44,"Height":61,"Demand":1,"DemandMax":null,"Value":2684},{"Length":22,"Height":62,"Demand":1,"DemandMax":null,"Value":1364},{"Length":52,"Height":25,"Demand":1,"DemandMax":null,"Value":1300},{"Length":52,"Height":16,"Demand":1,"DemandMax":null,"Value":832},{"Length":43,"Height":24,"Demand":1,"DemandMax":null,"Value":1032},{"Length":25,"Height":51,"Demand":1,"DemandMax":null,"Value":1275},{"Length":19,"Height":37,"Demand":1,"DemandMax":null,"Value":703},{"Length":30,"Height":57,"Demand":1,"DemandMax":null,"Value":1710},{"Length":39,"Height":52,"Demand":1,"DemandMax":null,"Value":2028},{"Length":50,"Height":23,"Demand":1,"DemandMax":null,"Value":1150}]}