{"Name":"Path25i5b2","Objects":[{"Length":290,"Height":434,"Stock":3,"Cost":125860},{"Length":533,"Height":566,"Stock":6,"Cost":301678},{"Length":467,"Height":566,"Stock":6,"Cost":264322},{"Length":286,"Height":434,"Stock":1,"Cost":124124},{"Length":424,"Height":434,"Stock":1,"Cost":184016}],"Items":[{"Length":183,"Height":216,"Demand":1,"DemandMax":null,"Value":39528},{"Length":232,"Height":285,"Demand":1,"DemandMax":null,"Value":66120},{"Length":226,"Height":280,"Demand":1,"DemandMax":null,"Value":63280},{"Length":286,"Height":244,"Demand":1,"DemandMax":null,"Value":69784},{"Length":166,"Height":228,"Demand":1,"DemandMax":null,"Value":37848},{"Length":207,"Height":206,"Demand":1,"DemandMax":null,"Value":42642},{"Length":175,"Height":22,"Demand":1,"DemandMax":null,"Value":3850},{"Length":241,"Height":43,"Demand":1,"DemandMax":null,"Value":10363},{"Length":217,"Height":206,"Demand":1,"DemandMax":null,"Value":44702},{"Length":179,"Height":190,"Demand":1,"DemandMax":null,"Value":34010},{"Length":107,"Height":190,"Demand":1,"DemandMax":null,"Value":20330},{"Length":128,"Height":218,"Demand":1,"DemandMax":null,"Value":27904},{"Length":250,"Height":286,"Demand":1,"DemandMax":null,"Value":71500},{"Length":263,"Height":281,"Demand":1,"DemandMax":null,"Value":73903},{"Length":270,"Height":281,"Demand":1,"DemandMax":null,"Value":75870},{"Length":254,"Height":7,"Demand":1,"DemandMax":null,"Value":1778},{"Length":217,"Height":219,"Demand":1,"DemandMax":null,"Value":47523},{"Length":217,"Height":45,"Demand":1,"DemandMax":null,"Value":9765},{"Length":241,"Height":237,"Demand":1,"DemandMax":null,"Value":57117},{"Length":47,"Height":285,"Demand":1,"DemandMax":null,"Value":13395},{"Length":254,"Height":278,"Demand":1,"DemandMax":null,"Value":70612},{"Length":42,"Height":22,"Demand":1,"DemandMax":null,"Value":924},{"Length":162,"Height":218,"Demand":1,"DemandMax":null,"Value":35316},{"Length":107,"Height":216,"Demand":1,"DemandMax":null,"Value":23112},{"Length":258,"Height":228,"Demand":1,"DemandMax":null,"Value":58824}]}