{"Name":"Path25i4b2","Objects":[{"Length":608,"Height":434,"Stock":6,"Cost":263872},{"Length":518,"Height":566,"Stock":1,"Cost":293188},{"Length":482,"Height":566,"Stock":5,"Cost":272812},{"Length":392,"Height":434,"Stock":4,"Cost":170128}],"Items":[{"Length":354,"Height":41,"Demand":1,"DemandMax":null,"Value":14514},{"Length":276,"Height":10,"Demand":1,"DemandMax":null,"Value":2760},{"Length":107,"Height":202,"Demand":1,"DemandMax":null,"Value":21614},{"Length":392,"Height":24,"Demand":1,"DemandMax":null,"Value":9408},{"Length":249,"Height":376,"Demand":1,"DemandMax":null,"Value":93624},{"Length":242,"Height":65,"Demand":1,"DemandMax":null,"Value":15730},{"Length":279,"Height":364,"Demand":1,"DemandMax":null,"Value":101556},{"Length":254,"Height":172,"Demand":1,"DemandMax":null,"Value":43688},{"Length":269,"Height":376,"Demand":1,"DemandMax":null,"Value":101144},{"Length":210,"Height":18,"Demand":1,"DemandMax":null,"Value":3780},{"Length":354,"Height":202,"Demand":1,"DemandMax":null,"Value":71508},{"Length":66,"Height":18,"Demand":1,"DemandMax":null,"Value":1188},{"Length":354,"Height":18,"Demand":1,"DemandMax":null,"Value":6372},{"Length":242,"Height":125,"Demand":1,"DemandMax":null,"Value":30250},{"Length":70,"Height":364,"Demand":1,"DemandMax":null,"Value":25480},{"Length":354,"Height":26,"Demand":1,"DemandMax":null,"Value":9204},{"Length":25,"Height":364,"Demand":1,"DemandMax":null,"Value":9100},{"Length":276,"Height":162,"Demand":1,"DemandMax":null,"Value":44712},{"Length":108,"Height":364,"Demand":1,"DemandMax":null,"Value":39312},{"Length":297,"Height":194,"Demand":1,"DemandMax":null,"Value":57618},{"Length":254,"Height":262,"Demand":1,"DemandMax":null,"Value":66548},{"Length":95,"Height":194,"Demand":1,"DemandMax":null,"Value":18430},{"Length":354,"Height":147,"Demand":1,"DemandMax":null,"Value":52038},{"Length":375,"Height":202,"Demand":1,"DemandMax":null,"Value":75750},{"Length":392,"Height":216,"Demand":1,"DemandMax":null,"Value":84672}]}