{"Name":"Path400i6b3","Objects":[{"Length":314,"Height":280,"Stock":5,"Cost":87920},{"Length":686,"Height":261,"Stock":5,"Cost":179046},{"Length":686,"Height":188,"Stock":2,"Cost":128968},{"Length":314,"Height":192,"Stock":3,"Cost":60288},{"Length":686,"Height":551,"Stock":6,"Cost":377986},{"Length":314,"Height":528,"Stock":2,"Cost":165792}],"Items":[{"Length":72,"Height":53,"Demand":1,"DemandMax":null,"Value":3816},{"Length":132,"Height":47,"Demand":1,"DemandMax":null,"Value":6204},{"Length":177,"Height":21,"Demand":1,"DemandMax":null,"Value":3717},{"Length":164,"Height":81,"Demand":1,"DemandMax":null,"Value":13284},{"Length":61,"Height":102,"Demand":1,"DemandMax":null,"Value":6222},{"Length":182,"Height":104,"Demand":1,"DemandMax":null,"Value":18928},{"Length":17,"Height":171,"Demand":1,"DemandMax":null,"Value":2907},{"Length":62,"Height":9,"Demand":1,"DemandMax":null,"Value":558},{"Length":13,"Height":167,"Demand":1,"DemandMax":null,"Value":2171},{"Length":4,"Height":8,"Demand":1,"DemandMax":null,"Value":32},{"Length":173,"Height":29,"Demand":1,"DemandMax":null,"Value":5017},{"Length":81,"Height":75,"Demand":1,"DemandMax":null,"Value":6075},{"Length":43,"Height":26,"Demand":1,"DemandMax":null,"Value":1118},{"Length":1,"Height":16,"Demand":3,"DemandMax":null,"Value":16},{"Length":144,"Height":81,"Demand":1,"DemandMax":null,"Value":11664},{"Length":187,"Height":18,"Demand":1,"DemandMax":null,"Value":3366},{"Length":171,"Height":132,"Demand":1,"DemandMax":null,"Value":22572},{"Length":144,"Height":1,"Demand":1,"DemandMax":null,"Value":144},{"Length":4,"Height":120,"Demand":1,"DemandMax":null,"Value":480},{"Length":187,"Height":30,"Demand":1,"DemandMax":null,"Value":5610},{"Length":75,"Height":1,"Demand":1,"DemandMax":null,"Value":75},{"Length":146,"Height":7,"Demand":1,"DemandMax":null,"Value":1022},{"Length":23,"Height":185,"Demand":1,"DemandMax":null,"Value":4255},{"Length":41,"Height":1,"Demand":1,"DemandMax":null,"Value":41},{"Length":16,"Height":1,"Demand":1,"DemandMax":null,"Value":16},{"Length":11,"Height":20,"Demand":1,"DemandMax":null,"Value":220},{"Length":188,"Height":76,"Demand":1,"DemandMax":null,"Value":14288},{"Length":142,"Height":176,"Demand":1,"DemandMax":null,"Value":24992},{"Length":127,"Height":10,"Demand":1,"DemandMax":null,"Value":1270},{"Length":115,"Height":1,"Demand":1,"DemandMax":null,"Value":115},{"Length":14,"Height":68,"Demand":1,"DemandMax":null,"Value":952},{"Length":25,"Height":25,"Demand":1,"DemandMax":null,"Value":625},{"Length":166,"Height":46,"Demand":1,"DemandMax":null,"Value":7636},{"Length":79,"Height":182,"Demand":1,"DemandMax":null,"Value":14378},{"Length":24,"Height":11,"Demand":1,"DemandMax":null,"Value":264},{"Length":24,"Height":44,"Demand":1,"DemandMax":null,"Value":1056},{"Length":167,"Height":26,"Demand":1,"DemandMax":null,"Value":4342},{"Length":14,"Height":8,"Demand":1,"DemandMax":null,"Value":112},{"Length":9,"Height":121,"Demand":1,"DemandMax":null,"Value":1089},{"Length":6,"Height":3,"Demand":2,"DemandMax":null,"Value":18},{"Length":12,"Height":126,"Demand":1,"DemandMax":null,"Value":1512},{"Length":1,"Height":1,"Demand":26,"DemandMax":null,"Value":1},{"Length":147,"Height":187,"Demand":1,"DemandMax":null,"Value":27489},{"Length":13,"Height":164,"Demand":1,"DemandMax":null,"Value":2132},{"Length":90,"Height":45,"Demand":1,"DemandMax":null,"Value":4050},{"Length":12,"Height":182,"Demand":1,"DemandMax":null,"Value":2184},{"Length":93,"Height":6,"Demand":1,"DemandMax":null,"Value":558},{"Length":81,"Height":5,"Demand":1,"DemandMax":null,"Value":405},{"Length":70,"Height":59,"Demand":1,"DemandMax":null,"Value":4130},{"Length":83,"Height":10,"Demand":1,"DemandMax":null,"Value":830},{"Length":148,"Height":35,"Demand":1,"DemandMax":null,"Value":5180},{"Length":3,"Height":3,"Demand":1,"DemandMax":null,"Value":9},{"Length":142,"Height":112,"Demand":1,"DemandMax":null,"Value":15904},{"Length":144,"Height":40,"Demand":1,"DemandMax":null,"Value":5760},{"Length":5,"Height":32,"Demand":1,"DemandMax":null,"Value":160},{"Length":19,"Height":48,"Demand":1,"DemandMax":null,"Value":912},{"Length":168,"Height":2,"Demand":1,"DemandMax":null,"Value":336},{"Length":1,"Height":9,"Demand":3,"DemandMax":null,"Value":9},{"Length":72,"Height":10,"Demand":2,"DemandMax":null,"Value":720},{"Length":3,"Height":35,"Demand":1,"DemandMax":null,"Value":105},{"Length":33,"Height":167,"Demand":1,"DemandMax":null,"Value":5511},{"Length":27,"Height":42,"Demand":1,"DemandMax":null,"Value":1134},{"Length":1,"Height":4,"Demand":4,"DemandMax":null,"Value":4},{"Length":71,"Height":1,"Demand":1,"DemandMax":null,"Value":71},{"Length":59,"Height":177,"Demand":1,"DemandMax":null,"Value":10443},{"Length":135,"Height":5,"Demand":1,"DemandMax":null,"Value":675},{"Length":87,"Height":99,"Demand":1,"DemandMax":null,"Value":8613},{"Length":1,"Height":60,"Demand":1,"DemandMax":null,"Value":60},{"Length":92,"Height":11,"Demand":1,"DemandMax":null,"Value":1012},{"Length":174,"Height":124,"Demand":1,"DemandMax":null,"Value":21576},{"Length":8,"Height":155,"Demand":1,"DemandMax":null,"Value":1240},{"Length":1,"Height":28,"Demand":2,"DemandMax":null,"Value":28},{"Length":187,"Height":95,"Demand":1,"DemandMax":null,"Value":17765},{"Length":1,"Height":6,"Demand":7,"DemandMax":null,"Value":6},{"Length":24,"Height":9,"Demand":1,"DemandMax":null,"Value":216},{"Length":116,"Height":132,"Demand":1,"DemandMax":null,"Value":15312},{"Length":35,"Height":15,"Demand":1,"DemandMax":null,"Value":525},{"Length":13,"Height":107,"Demand":1,"DemandMax":null,"Value":1391},{"Length":119,"Height":121,"Demand":1,"DemandMax":null,"Value":14399},{"Length":10,"Height":2,"Demand":1,"DemandMax":null,"Value":20},{"Length":104,"Height":8,"Demand":1,"DemandMax":null,"Value":832},{"Length":4,"Height":15,"Demand":1,"DemandMax":null,"Value":60},{"Length":144,"Height":14,"Demand":1,"DemandMax":null,"Value":2016},{"Length":4,"Height":7,"Demand":1,"DemandMax":null,"Value":28},{"Length":137,"Height":79,"Demand":1,"DemandMax":null,"Value":10823},{"Length":29,"Height":109,"Demand":1,"DemandMax":null,"Value":3161},{"Length":168,"Height":7,"Demand":1,"DemandMax":null,"Value":1176},{"Length":181,"Height":76,"Demand":1,"DemandMax":null,"Value":13756},{"Length":74,"Height":137,"Demand":1,"DemandMax":null,"Value":10138},{"Length":140,"Height":45,"Demand":1,"DemandMax":null,"Value":6300},{"Length":10,"Height":57,"Demand":1,"DemandMax":null,"Value":570},{"Length":171,"Height":16,"Demand":1,"DemandMax":null,"Value":2736},{"Length":11,"Height":60,"Demand":1,"DemandMax":null,"Value":660},{"Length":148,"Height":5,"Demand":1,"DemandMax":null,"Value":740},{"Length":120,"Height":164,"Demand":1,"DemandMax":null,"Value":19680},{"Length":173,"Height":4,"Demand":1,"DemandMax":null,"Value":692},{"Length":181,"Height":11,"Demand":1,"DemandMax":null,"Value":1991},{"Length":18,"Height":59,"Demand":1,"DemandMax":null,"Value":1062},{"Length":5,"Height":152,"Demand":1,"DemandMax":null,"Value":760},{"Length":46,"Height":140,"Demand":1,"DemandMax":null,"Value":6440},{"Length":11,"Height":56,"Demand":1,"DemandMax":null,"Value":616},{"Length":51,"Height":6,"Demand":1,"DemandMax":null,"Value":306},{"Length":166,"Height":85,"Demand":1,"DemandMax":null,"Value":14110},{"Length":75,"Height":85,"Demand":1,"DemandMax":null,"Value":6375},{"Length":25,"Height":3,"Demand":1,"DemandMax":null,"Value":75},{"Length":1,"Height":5,"Demand":2,"DemandMax":null,"Value":5},{"Length":77,"Height":3,"Demand":1,"DemandMax":null,"Value":231},{"Length":77,"Height":1,"Demand":1,"DemandMax":null,"Value":77},{"Length":40,"Height":23,"Demand":2,"DemandMax":null,"Value":920},{"Length":87,"Height":147,"Demand":1,"DemandMax":null,"Value":12789},{"Length":16,"Height":23,"Demand":1,"DemandMax":null,"Value":368},{"Length":1,"Height":112,"Demand":1,"DemandMax":null,"Value":112},{"Length":18,"Height":7,"Demand":1,"DemandMax":null,"Value":126},{"Length":107,"Height":23,"Demand":1,"DemandMax":null,"Value":2461},{"Length":1,"Height":13,"Demand":2,"DemandMax":null,"Value":13},{"Length":17,"Height":5,"Demand":1,"DemandMax":null,"Value":85},{"Length":16,"Height":102,"Demand":1,"DemandMax":null,"Value":1632},{"Length":86,"Height":19,"Demand":1,"DemandMax":null,"Value":1634},{"Length":19,"Height":19,"Demand":1,"DemandMax":null,"Value":361},{"Length":15,"Height":13,"Demand":1,"DemandMax":null,"Value":195},{"Length":95,"Height":14,"Demand":1,"DemandMax":null,"Value":1330},{"Length":1,"Height":25,"Demand":1,"DemandMax":null,"Value":25},{"Length":168,"Height":1,"Demand":1,"DemandMax":null,"Value":168},{"Length":5,"Height":4,"Demand":1,"DemandMax":null,"Value":20},{"Length":89,"Height":80,"Demand":1,"DemandMax":null,"Value":7120},{"Length":11,"Height":95,"Demand":1,"DemandMax":null,"Value":1045},{"Length":10,"Height":11,"Demand":1,"DemandMax":null,"Value":110},{"Length":2,"Height":1,"Demand":3,"DemandMax":null,"Value":2},{"Length":8,"Height":21,"Demand":1,"DemandMax":null,"Value":168},{"Length":1,"Height":27,"Demand":2,"DemandMax":null,"Value":27},{"Length":187,"Height":60,"Demand":1,"DemandMax":null,"Value":11220},{"Length":3,"Height":1,"Demand":1,"DemandMax":null,"Value":3},{"Length":150,"Height":85,"Demand":1,"DemandMax":null,"Value":12750},{"Length":132,"Height":71,"Demand":1,"DemandMax":null,"Value":9372},{"Length":39,"Height":12,"Demand":1,"DemandMax":null,"Value":468},{"Length":55,"Height":1,"Demand":1,"DemandMax":null,"Value":55},{"Length":19,"Height":64,"Demand":1,"DemandMax":null,"Value":1216},{"Length":168,"Height":3,"Demand":2,"DemandMax":null,"Value":504},{"Length":25,"Height":114,"Demand":1,"DemandMax":null,"Value":2850},{"Length":2,"Height":8,"Demand":1,"DemandMax":null,"Value":16},{"Length":2,"Height":35,"Demand":1,"DemandMax":null,"Value":70},{"Length":144,"Height":50,"Demand":1,"DemandMax":null,"Value":7200},{"Length":144,"Height":33,"Demand":1,"DemandMax":null,"Value":4752},{"Length":23,"Height":1,"Demand":1,"DemandMax":null,"Value":23},{"Length":126,"Height":34,"Demand":1,"DemandMax":null,"Value":4284},{"Length":187,"Height":6,"Demand":1,"DemandMax":null,"Value":1122},{"Length":103,"Height":1,"Demand":2,"DemandMax":null,"Value":103},{"Length":2,"Height":25,"Demand":1,"DemandMax":null,"Value":50},{"Length":76,"Height":1,"Demand":1,"DemandMax":null,"Value":76},{"Length":41,"Height":10,"Demand":1,"DemandMax":null,"Value":410},{"Length":5,"Height":2,"Demand":1,"DemandMax":null,"Value":10},{"Length":121,"Height":100,"Demand":1,"DemandMax":null,"Value":12100},{"Length":5,"Height":25,"Demand":1,"DemandMax":null,"Value":125},{"Length":63,"Height":54,"Demand":1,"DemandMax":null,"Value":3402},{"Length":1,"Height":26,"Demand":2,"DemandMax":null,"Value":26},{"Length":3,"Height":9,"Demand":2,"DemandMax":null,"Value":27},{"Length":101,"Height":147,"Demand":1,"DemandMax":null,"Value":14847},{"Length":137,"Height":74,"Demand":1,"DemandMax":null,"Value":10138},{"Length":188,"Height":28,"Demand":1,"DemandMax":null,"Value":5264},{"Length":104,"Height":33,"Demand":1,"DemandMax":null,"Value":3432},{"Length":81,"Height":1,"Demand":1,"DemandMax":null,"Value":81},{"Length":168,"Height":104,"Demand":1,"DemandMax":null,"Value":17472},{"Length":1,"Height":19,"Demand":1,"DemandMax":null,"Value":19},{"Length":182,"Height":67,"Demand":1,"DemandMax":null,"Value":12194},{"Length":6,"Height":134,"Demand":1,"DemandMax":null,"Value":804},{"Length":1,"Height":2,"Demand":4,"DemandMax":null,"Value":2},{"Length":1,"Height":35,"Demand":1,"DemandMax":null,"Value":35},{"Length":1,"Height":20,"Demand":1,"DemandMax":null,"Value":20},{"Length":55,"Height":19,"Demand":1,"DemandMax":null,"Value":1045},{"Length":5,"Height":10,"Demand":1,"DemandMax":null,"Value":50},{"Length":21,"Height":1,"Demand":1,"DemandMax":null,"Value":21},{"Length":86,"Height":45,"Demand":1,"DemandMax":null,"Value":3870},{"Length":8,"Height":182,"Demand":1,"DemandMax":null,"Value":1456},{"Length":107,"Height":153,"Demand":1,"DemandMax":null,"Value":16371},{"Length":4,"Height":90,"Demand":1,"DemandMax":null,"Value":360},{"Length":26,"Height":1,"Demand":2,"DemandMax":null,"Value":26},{"Length":66,"Height":1,"Demand":1,"DemandMax":null,"Value":66},{"Length":6,"Height":35,"Demand":1,"DemandMax":null,"Value":210},{"Length":128,"Height":123,"Demand":1,"DemandMax":null,"Value":15744},{"Length":67,"Height":1,"Demand":1,"DemandMax":null,"Value":67},{"Length":20,"Height":9,"Demand":1,"DemandMax":null,"Value":180},{"Length":6,"Height":100,"Demand":1,"DemandMax":null,"Value":600},{"Length":83,"Height":56,"Demand":1,"DemandMax":null,"Value":4648},{"Length":1,"Height":62,"Demand":1,"DemandMax":null,"Value":62},{"Length":187,"Height":16,"Demand":1,"DemandMax":null,"Value":2992},{"Length":27,"Height":14,"Demand":1,"DemandMax":null,"Value":378},{"Length":12,"Height":26,"Demand":1,"DemandMax":null,"Value":312},{"Length":27,"Height":75,"Demand":1,"DemandMax":null,"Value":2025},{"Length":100,"Height":64,"Demand":1,"DemandMax":null,"Value":6400},{"Length":70,"Height":8,"Demand":1,"DemandMax":null,"Value":560},{"Length":2,"Height":20,"Demand":1,"DemandMax":null,"Value":40},{"Length":173,"Height":46,"Demand":1,"DemandMax":null,"Value":7958},{"Length":59,"Height":107,"Demand":1,"DemandMax":null,"Value":6313},{"Length":7,"Height":13,"Demand":1,"DemandMax":null,"Value":91},{"Length":21,"Height":17,"Demand":1,"DemandMax":null,"Value":357},{"Length":40,"Height":7,"Demand":1,"DemandMax":null,"Value":280},{"Length":160,"Height":111,"Demand":1,"DemandMax":null,"Value":17760},{"Length":6,"Height":1,"Demand":3,"DemandMax":null,"Value":6},{"Length":25,"Height":155,"Demand":1,"DemandMax":null,"Value":3875},{"Length":5,"Height":6,"Demand":1,"DemandMax":null,"Value":30},{"Length":43,"Height":110,"Demand":1,"DemandMax":null,"Value":4730},{"Length":11,"Height":1,"Demand":1,"DemandMax":null,"Value":11},{"Length":83,"Height":2,"Demand":1,"DemandMax":null,"Value":166},{"Length":9,"Height":5,"Demand":1,"DemandMax":null,"Value":45},{"Length":6,"Height":9,"Demand":2,"DemandMax":null,"Value":54},{"Length":12,"Height":9,"Demand":1,"DemandMax":null,"Value":108},{"Length":167,"Height":55,"Demand":1,"DemandMax":null,"Value":9185},{"Length":22,"Height":9,"Demand":1,"DemandMax":null,"Value":198},{"Length":119,"Height":109,"Demand":1,"DemandMax":null,"Value":12971},{"Length":35,"Height":5,"Demand":1,"DemandMax":null,"Value":175},{"Length":6,"Height":4,"Demand":1,"DemandMax":null,"Value":24},{"Length":24,"Height":85,"Demand":1,"DemandMax":null,"Value":2040},{"Length":148,"Height":20,"Demand":1,"DemandMax":null,"Value":2960},{"Length":12,"Height":57,"Demand":1,"DemandMax":null,"Value":684},{"Length":130,"Height":128,"Demand":1,"DemandMax":null,"Value":16640},{"Length":2,"Height":22,"Demand":1,"DemandMax":null,"Value":44},{"Length":85,"Height":1,"Demand":1,"DemandMax":null,"Value":85},{"Length":71,"Height":12,"Demand":1,"DemandMax":null,"Value":852},{"Length":1,"Height":81,"Demand":1,"DemandMax":null,"Value":81},{"Length":140,"Height":19,"Demand":1,"DemandMax":null,"Value":2660},{"Length":32,"Height":1,"Demand":1,"DemandMax":null,"Value":32},{"Length":187,"Height":1,"Demand":1,"DemandMax":null,"Value":187},{"Length":24,"Height":54,"Demand":1,"DemandMax":null,"Value":1296},{"Length":69,"Height":1,"Demand":1,"DemandMax":null,"Value":69},{"Length":8,"Height":33,"Demand":1,"DemandMax":null,"Value":264},{"Length":35,"Height":7,"Demand":1,"DemandMax":null,"Value":245},{"Length":2,"Height":14,"Demand":1,"DemandMax":null,"Value":28},{"Length":187,"Height":2,"Demand":2,"DemandMax":null,"Value":374},{"Length":11,"Height":102,"Demand":1,"DemandMax":null,"Value":1122},{"Length":66,"Height":4,"Demand":1,"DemandMax":null,"Value":264},{"Length":18,"Height":2,"Demand":2,"DemandMax":null,"Value":36},{"Length":8,"Height":25,"Demand":1,"DemandMax":null,"Value":200},{"Length":72,"Height":47,"Demand":1,"DemandMax":null,"Value":3384},{"Length":17,"Height":1,"Demand":1,"DemandMax":null,"Value":17},{"Length":95,"Height":152,"Demand":1,"DemandMax":null,"Value":14440},{"Length":1,"Height":11,"Demand":2,"DemandMax":null,"Value":11},{"Length":32,"Height":2,"Demand":1,"DemandMax":null,"Value":64},{"Length":1,"Height":32,"Demand":1,"DemandMax":null,"Value":32},{"Length":173,"Height":8,"Demand":1,"DemandMax":null,"Value":1384},{"Length":2,"Height":54,"Demand":2,"DemandMax":null,"Value":108},{"Length":14,"Height":91,"Demand":1,"DemandMax":null,"Value":1274},{"Length":19,"Height":29,"Demand":1,"DemandMax":null,"Value":551},{"Length":4,"Height":1,"Demand":2,"DemandMax":null,"Value":4},{"Length":34,"Height":122,"Demand":1,"DemandMax":null,"Value":4148},{"Length":3,"Height":102,"Demand":1,"DemandMax":null,"Value":306},{"Length":87,"Height":56,"Demand":1,"DemandMax":null,"Value":4872},{"Length":10,"Height":33,"Demand":1,"DemandMax":null,"Value":330},{"Length":4,"Height":111,"Demand":1,"DemandMax":null,"Value":444},{"Length":4,"Height":13,"Demand":1,"DemandMax":null,"Value":52},{"Length":21,"Height":33,"Demand":1,"DemandMax":null,"Value":693},{"Length":11,"Height":25,"Demand":1,"DemandMax":null,"Value":275},{"Length":2,"Height":112,"Demand":1,"DemandMax":null,"Value":224},{"Length":187,"Height":41,"Demand":1,"DemandMax":null,"Value":7667},{"Length":36,"Height":14,"Demand":1,"DemandMax":null,"Value":504},{"Length":3,"Height":27,"Demand":1,"DemandMax":null,"Value":81},{"Length":32,"Height":57,"Demand":1,"DemandMax":null,"Value":1824},{"Length":35,"Height":9,"Demand":1,"DemandMax":null,"Value":315},{"Length":81,"Height":10,"Demand":1,"DemandMax":null,"Value":810},{"Length":18,"Height":5,"Demand":1,"DemandMax":null,"Value":90},{"Length":23,"Height":23,"Demand":2,"DemandMax":null,"Value":529},{"Length":7,"Height":9,"Demand":1,"DemandMax":null,"Value":63},{"Length":15,"Height":3,"Demand":1,"DemandMax":null,"Value":45},{"Length":3,"Height":33,"Demand":1,"DemandMax":null,"Value":99},{"Length":171,"Height":21,"Demand":1,"DemandMax":null,"Value":3591},{"Length":94,"Height":167,"Demand":1,"DemandMax":null,"Value":15698},{"Length":26,"Height":80,"Demand":1,"DemandMax":null,"Value":2080},{"Length":29,"Height":1,"Demand":1,"DemandMax":null,"Value":29},{"Length":1,"Height":132,"Demand":1,"DemandMax":null,"Value":132},{"Length":25,"Height":140,"Demand":1,"DemandMax":null,"Value":3500},{"Length":1,"Height":12,"Demand":1,"DemandMax":null,"Value":12},{"Length":72,"Height":25,"Demand":1,"DemandMax":null,"Value":1800},{"Length":181,"Height":36,"Demand":1,"DemandMax":null,"Value":6516},{"Length":70,"Height":7,"Demand":1,"DemandMax":null,"Value":490},{"Length":7,"Height":8,"Demand":1,"DemandMax":null,"Value":56},{"Length":1,"Height":37,"Demand":1,"DemandMax":null,"Value":37},{"Length":74,"Height":8,"Demand":1,"DemandMax":null,"Value":592},{"Length":173,"Height":13,"Demand":1,"DemandMax":null,"Value":2249},{"Length":1,"Height":8,"Demand":1,"DemandMax":null,"Value":8},{"Length":42,"Height":54,"Demand":1,"DemandMax":null,"Value":2268},{"Length":36,"Height":4,"Demand":1,"DemandMax":null,"Value":144},{"Length":16,"Height":25,"Demand":1,"DemandMax":null,"Value":400},{"Length":29,"Height":26,"Demand":1,"DemandMax":null,"Value":754},{"Length":38,"Height":75,"Demand":1,"DemandMax":null,"Value":2850},{"Length":47,"Height":14,"Demand":1,"DemandMax":null,"Value":658},{"Length":3,"Height":73,"Demand":1,"DemandMax":null,"Value":219},{"Length":130,"Height":15,"Demand":1,"DemandMax":null,"Value":1950},{"Length":8,"Height":35,"Demand":1,"DemandMax":null,"Value":280},{"Length":16,"Height":132,"Demand":1,"DemandMax":null,"Value":2112},{"Length":8,"Height":1,"Demand":1,"DemandMax":null,"Value":8},{"Length":9,"Height":102,"Demand":1,"DemandMax":null,"Value":918},{"Length":7,"Height":1,"Demand":1,"DemandMax":null,"Value":7},{"Length":3,"Height":20,"Demand":1,"DemandMax":null,"Value":60},{"Length":33,"Height":102,"Demand":1,"DemandMax":null,"Value":3366},{"Length":74,"Height":64,"Demand":1,"DemandMax":null,"Value":4736},{"Length":35,"Height":1,"Demand":1,"DemandMax":null,"Value":35},{"Length":33,"Height":7,"Demand":1,"DemandMax":null,"Value":231},{"Length":18,"Height":75,"Demand":1,"DemandMax":null,"Value":1350},{"Length":1,"Height":46,"Demand":1,"DemandMax":null,"Value":46},{"Length":103,"Height":2,"Demand":1,"DemandMax":null,"Value":206},{"Length":19,"Height":2,"Demand":1,"DemandMax":null,"Value":38},{"Length":4,"Height":2,"Demand":1,"DemandMax":null,"Value":8},{"Length":2,"Height":39,"Demand":1,"DemandMax":null,"Value":78},{"Length":25,"Height":1,"Demand":1,"DemandMax":null,"Value":25},{"Length":187,"Height":20,"Demand":1,"DemandMax":null,"Value":3740},{"Length":5,"Height":132,"Demand":1,"DemandMax":null,"Value":660},{"Length":1,"Height":33,"Demand":1,"DemandMax":null,"Value":33},{"Length":181,"Height":34,"Demand":1,"DemandMax":null,"Value":6154},{"Length":51,"Height":1,"Demand":3,"DemandMax":null,"Value":51},{"Length":1,"Height":3,"Demand":1,"DemandMax":null,"Value":3},{"Length":18,"Height":171,"Demand":1,"DemandMax":null,"Value":3078},{"Length":22,"Height":33,"Demand":1,"DemandMax":null,"Value":726},{"Length":188,"Height":57,"Demand":1,"DemandMax":null,"Value":10716},{"Length":3,"Height":2,"Demand":1,"DemandMax":null,"Value":6},{"Length":10,"Height":49,"Demand":1,"DemandMax":null,"Value":490},{"Length":36,"Height":8,"Demand":1,"DemandMax":null,"Value":288},{"Length":27,"Height":59,"Demand":1,"DemandMax":null,"Value":1593},{"Length":16,"Height":21,"Demand":1,"DemandMax":null,"Value":336},{"Length":9,"Height":155,"Demand":1,"DemandMax":null,"Value":1395},{"Length":26,"Height":102,"Demand":1,"DemandMax":null,"Value":2652},{"Length":171,"Height":43,"Demand":1,"DemandMax":null,"Value":7353},{"Length":83,"Height":15,"Demand":1,"DemandMax":null,"Value":1245},{"Length":3,"Height":25,"Demand":1,"DemandMax":null,"Value":75},{"Length":33,"Height":2,"Demand":1,"DemandMax":null,"Value":66},{"Length":9,"Height":20,"Demand":1,"DemandMax":null,"Value":180},{"Length":10,"Height":107,"Demand":1,"DemandMax":null,"Value":1070},{"Length":54,"Height":6,"Demand":1,"DemandMax":null,"Value":324},{"Length":33,"Height":107,"Demand":1,"DemandMax":null,"Value":3531},{"Length":47,"Height":108,"Demand":1,"DemandMax":null,"Value":5076},{"Length":132,"Height":82,"Demand":1,"DemandMax":null,"Value":10824},{"Length":170,"Height":45,"Demand":1,"DemandMax":null,"Value":7650},{"Length":177,"Height":167,"Demand":1,"DemandMax":null,"Value":29559},{"Length":23,"Height":10,"Demand":1,"DemandMax":null,"Value":230},{"Length":1,"Height":39,"Demand":1,"DemandMax":null,"Value":39},{"Length":98,"Height":53,"Demand":1,"DemandMax":null,"Value":5194}]}