{"Name":"Nice500i3b2","Objects":[{"Length":1000,"Height":291,"Stock":5,"Cost":291000},{"Length":426,"Height":709,"Stock":3,"Cost":302034},{"Length":574,"Height":709,"Stock":4,"Cost":406966}],"Items":[{"Length":50,"Height":46,"Demand":1,"DemandMax":null,"Value":2300},{"Length":35,"Height":51,"Demand":1,"DemandMax":null,"Value":1785},{"Length":39,"Height":44,"Demand":1,"DemandMax":null,"Value":1716},{"Length":63,"Height":39,"Demand":1,"DemandMax":null,"Value":2457},{"Length":24,"Height":85,"Demand":1,"DemandMax":null,"Value":2040},{"Length":64,"Height":27,"Demand":1,"DemandMax":null,"Value":1728},{"Length":56,"Height":66,"Demand":1,"DemandMax":null,"Value":3696},{"Length":34,"Height":54,"Demand":1,"DemandMax":null,"Value":1836},{"Length":18,"Height":64,"Demand":1,"DemandMax":null,"Value":1152},{"Length":37,"Height":56,"Demand":3,"DemandMax":null,"Value":2072},{"Length":70,"Height":25,"Demand":1,"DemandMax":null,"Value":1750},{"Length":21,"Height":53,"Demand":1,"DemandMax":null,"Value":1113},{"Length":28,"Height":44,"Demand":1,"DemandMax":null,"Value":1232},{"Length":32,"Height":44,"Demand":1,"DemandMax":null,"Value":1408},{"Length":87,"Height":22,"Demand":1,"DemandMax":null,"Value":1914},{"Length":85,"Height":25,"Demand":2,"DemandMax":null,"Value":2125},{"Length":52,"Height":38,"Demand":1,"DemandMax":null,"Value":1976},{"Length":28,"Height":99,"Demand":1,"DemandMax":null,"Value":2772},{"Length":43,"Height":66,"Demand":1,"DemandMax":null,"Value":2838},{"Length":26,"Height":48,"Demand":1,"DemandMax":null,"Value":1248},{"Length":65,"Height":32,"Demand":1,"DemandMax":null,"Value":2080},{"Length":57,"Height":60,"Demand":1,"DemandMax":null,"Value":3420},{"Length":46,"Height":31,"Demand":1,"DemandMax":null,"Value":1426},{"Length":64,"Height":32,"Demand":1,"DemandMax":null,"Value":2048},{"Length":98,"Height":148,"Demand":1,"DemandMax":null,"Value":14504},{"Length":50,"Height":34,"Demand":1,"DemandMax":null,"Value":1700},{"Length":35,"Height":59,"Demand":1,"DemandMax":null,"Value":2065},{"Length":45,"Height":27,"Demand":1,"DemandMax":null,"Value":1215},{"Length":24,"Height":90,"Demand":1,"DemandMax":null,"Value":2160},{"Length":56,"Height":20,"Demand":1,"DemandMax":null,"Value":1120},{"Length":123,"Height":34,"Demand":1,"DemandMax":null,"Value":4182},{"Length":65,"Height":40,"Demand":1,"DemandMax":null,"Value":2600},{"Length":36,"Height":37,"Demand":2,"DemandMax":null,"Value":1332},{"Length":24,"Height":73,"Demand":1,"DemandMax":null,"Value":1752},{"Length":39,"Height":127,"Demand":1,"DemandMax":null,"Value":4953},{"Length":29,"Height":70,"Demand":1,"DemandMax":null,"Value":2030},{"Length":87,"Height":27,"Demand":1,"DemandMax":null,"Value":2349},{"Length":34,"Height":66,"Demand":1,"DemandMax":null,"Value":2244},{"Length":39,"Height":54,"Demand":3,"DemandMax":null,"Value":2106},{"Length":36,"Height":50,"Demand":1,"DemandMax":null,"Value":1800},{"Length":25,"Height":45,"Demand":2,"DemandMax":null,"Value":1125},{"Length":71,"Height":18,"Demand":1,"DemandMax":null,"Value":1278},{"Length":51,"Height":34,"Demand":1,"DemandMax":null,"Value":1734},{"Length":19,"Height":60,"Demand":1,"DemandMax":null,"Value":1140},{"Length":37,"Height":53,"Demand":2,"DemandMax":null,"Value":1961},{"Length":18,"Height":70,"Demand":1,"DemandMax":null,"Value":1260},{"Length":89,"Height":34,"Demand":1,"DemandMax":null,"Value":3026},{"Length":36,"Height":61,"Demand":1,"DemandMax":null,"Value":2196},{"Length":41,"Height":61,"Demand":1,"DemandMax":null,"Value":2501},{"Length":42,"Height":27,"Demand":2,"DemandMax":null,"Value":1134},{"Length":50,"Height":40,"Demand":1,"DemandMax":null,"Value":2000},{"Length":55,"Height":30,"Demand":4,"DemandMax":null,"Value":1650},{"Length":43,"Height":31,"Demand":2,"DemandMax":null,"Value":1333},{"Length":47,"Height":50,"Demand":1,"DemandMax":null,"Value":2350},{"Length":47,"Height":43,"Demand":1,"DemandMax":null,"Value":2021},{"Length":29,"Height":57,"Demand":2,"DemandMax":null,"Value":1653},{"Length":46,"Height":32,"Demand":3,"DemandMax":null,"Value":1472},{"Length":38,"Height":33,"Demand":3,"DemandMax":null,"Value":1254},{"Length":43,"Height":78,"Demand":1,"DemandMax":null,"Value":3354},{"Length":72,"Height":108,"Demand":1,"DemandMax":null,"Value":7776},{"Length":34,"Height":36,"Demand":2,"DemandMax":null,"Value":1224},{"Length":40,"Height":54,"Demand":1,"DemandMax":null,"Value":2160},{"Length":45,"Height":169,"Demand":1,"DemandMax":null,"Value":7605},{"Length":117,"Height":54,"Demand":1,"DemandMax":null,"Value":6318},{"Length":30,"Height":55,"Demand":1,"DemandMax":null,"Value":1650},{"Length":46,"Height":44,"Demand":4,"DemandMax":null,"Value":2024},{"Length":23,"Height":90,"Demand":1,"DemandMax":null,"Value":2070},{"Length":55,"Height":46,"Demand":1,"DemandMax":null,"Value":2530},{"Length":20,"Height":59,"Demand":2,"DemandMax":null,"Value":1180},{"Length":56,"Height":53,"Demand":1,"DemandMax":null,"Value":2968},{"Length":36,"Height":53,"Demand":2,"DemandMax":null,"Value":1908},{"Length":38,"Height":50,"Demand":1,"DemandMax":null,"Value":1900},{"Length":23,"Height":53,"Demand":1,"DemandMax":null,"Value":1219},{"Length":40,"Height":55,"Demand":1,"DemandMax":null,"Value":2200},{"Length":53,"Height":36,"Demand":1,"DemandMax":null,"Value":1908},{"Length":25,"Height":44,"Demand":3,"DemandMax":null,"Value":1100},{"Length":34,"Height":33,"Demand":2,"DemandMax":null,"Value":1122},{"Length":45,"Height":42,"Demand":1,"DemandMax":null,"Value":1890},{"Length":95,"Height":25,"Demand":1,"DemandMax":null,"Value":2375},{"Length":67,"Height":32,"Demand":2,"DemandMax":null,"Value":2144},{"Length":22,"Height":75,"Demand":1,"DemandMax":null,"Value":1650},{"Length":31,"Height":36,"Demand":2,"DemandMax":null,"Value":1116},{"Length":34,"Height":32,"Demand":4,"DemandMax":null,"Value":1088},{"Length":55,"Height":70,"Demand":1,"DemandMax":null,"Value":3850},{"Length":28,"Height":60,"Demand":1,"DemandMax":null,"Value":1680},{"Length":33,"Height":49,"Demand":1,"DemandMax":null,"Value":1617},{"Length":71,"Height":24,"Demand":1,"DemandMax":null,"Value":1704},{"Length":80,"Height":37,"Demand":1,"DemandMax":null,"Value":2960},{"Length":91,"Height":24,"Demand":1,"DemandMax":null,"Value":2184},{"Length":32,"Height":53,"Demand":1,"DemandMax":null,"Value":1696},{"Length":33,"Height":33,"Demand":2,"DemandMax":null,"Value":1089},{"Length":57,"Height":29,"Demand":1,"DemandMax":null,"Value":1653},{"Length":54,"Height":34,"Demand":1,"DemandMax":null,"Value":1836},{"Length":48,"Height":38,"Demand":1,"DemandMax":null,"Value":1824},{"Length":62,"Height":57,"Demand":1,"DemandMax":null,"Value":3534},{"Length":59,"Height":21,"Demand":1,"DemandMax":null,"Value":1239},{"Length":20,"Height":55,"Demand":1,"DemandMax":null,"Value":1100},{"Length":35,"Height":44,"Demand":1,"DemandMax":null,"Value":1540},{"Length":40,"Height":45,"Demand":3,"DemandMax":null,"Value":1800},{"Length":68,"Height":30,"Demand":1,"DemandMax":null,"Value":2040},{"Length":79,"Height":76,"Demand":1,"DemandMax":null,"Value":6004},{"Length":36,"Height":36,"Demand":1,"DemandMax":null,"Value":1296},{"Length":37,"Height":47,"Demand":2,"DemandMax":null,"Value":1739},{"Length":37,"Height":73,"Demand":1,"DemandMax":null,"Value":2701},{"Length":25,"Height":46,"Demand":1,"DemandMax":null,"Value":1150},{"Length":24,"Height":75,"Demand":2,"DemandMax":null,"Value":1800},{"Length":35,"Height":48,"Demand":2,"DemandMax":null,"Value":1680},{"Length":46,"Height":53,"Demand":1,"DemandMax":null,"Value":2438},{"Length":54,"Height":25,"Demand":1,"DemandMax":null,"Value":1350},{"Length":26,"Height":78,"Demand":1,"DemandMax":null,"Value":2028},{"Length":87,"Height":24,"Demand":1,"DemandMax":null,"Value":2088},{"Length":27,"Height":107,"Demand":1,"DemandMax":null,"Value":2889},{"Length":87,"Height":25,"Demand":1,"DemandMax":null,"Value":2175},{"Length":41,"Height":44,"Demand":3,"DemandMax":null,"Value":1804},{"Length":28,"Height":66,"Demand":1,"DemandMax":null,"Value":1848},{"Length":21,"Height":79,"Demand":1,"DemandMax":null,"Value":1659},{"Length":64,"Height":24,"Demand":1,"DemandMax":null,"Value":1536},{"Length":41,"Height":27,"Demand":1,"DemandMax":null,"Value":1107},{"Length":92,"Height":23,"Demand":1,"DemandMax":null,"Value":2116},{"Length":27,"Height":42,"Demand":1,"DemandMax":null,"Value":1134},{"Length":33,"Height":36,"Demand":1,"DemandMax":null,"Value":1188},{"Length":61,"Height":55,"Demand":1,"DemandMax":null,"Value":3355},{"Length":28,"Height":43,"Demand":1,"DemandMax":null,"Value":1204},{"Length":43,"Height":28,"Demand":1,"DemandMax":null,"Value":1204},{"Length":85,"Height":28,"Demand":1,"DemandMax":null,"Value":2380},{"Length":51,"Height":40,"Demand":1,"DemandMax":null,"Value":2040},{"Length":22,"Height":52,"Demand":1,"DemandMax":null,"Value":1144},{"Length":70,"Height":20,"Demand":1,"DemandMax":null,"Value":1400},{"Length":26,"Height":43,"Demand":1,"DemandMax":null,"Value":1118},{"Length":46,"Height":76,"Demand":1,"DemandMax":null,"Value":3496},{"Length":26,"Height":42,"Demand":2,"DemandMax":null,"Value":1092},{"Length":26,"Height":90,"Demand":1,"DemandMax":null,"Value":2340},{"Length":31,"Height":66,"Demand":1,"DemandMax":null,"Value":2046},{"Length":45,"Height":25,"Demand":1,"DemandMax":null,"Value":1125},{"Length":52,"Height":53,"Demand":1,"DemandMax":null,"Value":2756},{"Length":36,"Height":57,"Demand":1,"DemandMax":null,"Value":2052},{"Length":57,"Height":36,"Demand":1,"DemandMax":null,"Value":2052},{"Length":26,"Height":44,"Demand":3,"DemandMax":null,"Value":1144},{"Length":66,"Height":22,"Demand":1,"DemandMax":null,"Value":1452},{"Length":60,"Height":19,"Demand":1,"DemandMax":null,"Value":1140},{"Length":20,"Height":60,"Demand":1,"DemandMax":null,"Value":1200},{"Length":20,"Height":74,"Demand":1,"DemandMax":null,"Value":1480},{"Length":69,"Height":45,"Demand":1,"DemandMax":null,"Value":3105},{"Length":68,"Height":31,"Demand":2,"DemandMax":null,"Value":2108},{"Length":42,"Height":45,"Demand":1,"DemandMax":null,"Value":1890},{"Length":53,"Height":21,"Demand":2,"DemandMax":null,"Value":1113},{"Length":30,"Height":73,"Demand":1,"DemandMax":null,"Value":2190},{"Length":48,"Height":43,"Demand":2,"DemandMax":null,"Value":2064},{"Length":45,"Height":54,"Demand":1,"DemandMax":null,"Value":2430},{"Length":35,"Height":33,"Demand":1,"DemandMax":null,"Value":1155},{"Length":61,"Height":20,"Demand":2,"DemandMax":null,"Value":1220},{"Length":67,"Height":46,"Demand":1,"DemandMax":null,"Value":3082},{"Length":36,"Height":46,"Demand":2,"DemandMax":null,"Value":1656},{"Length":42,"Height":44,"Demand":1,"DemandMax":null,"Value":1848},{"Length":72,"Height":19,"Demand":1,"DemandMax":null,"Value":1368},{"Length":24,"Height":54,"Demand":1,"DemandMax":null,"Value":1296},{"Length":50,"Height":29,"Demand":1,"DemandMax":null,"Value":1450},{"Length":33,"Height":58,"Demand":2,"DemandMax":null,"Value":1914},{"Length":51,"Height":41,"Demand":1,"DemandMax":null,"Value":2091},{"Length":40,"Height":28,"Demand":1,"DemandMax":null,"Value":1120},{"Length":23,"Height":50,"Demand":1,"DemandMax":null,"Value":1150},{"Length":81,"Height":35,"Demand":1,"DemandMax":null,"Value":2835},{"Length":48,"Height":24,"Demand":2,"DemandMax":null,"Value":1152},{"Length":77,"Height":47,"Demand":1,"DemandMax":null,"Value":3619},{"Length":28,"Height":39,"Demand":1,"DemandMax":null,"Value":1092},{"Length":42,"Height":49,"Demand":1,"DemandMax":null,"Value":2058},{"Length":47,"Height":34,"Demand":1,"DemandMax":null,"Value":1598},{"Length":42,"Height":51,"Demand":1,"DemandMax":null,"Value":2142},{"Length":28,"Height":74,"Demand":1,"DemandMax":null,"Value":2072},{"Length":64,"Height":44,"Demand":1,"DemandMax":null,"Value":2816},{"Length":44,"Height":27,"Demand":1,"DemandMax":null,"Value":1188},{"Length":28,"Height":90,"Demand":1,"DemandMax":null,"Value":2520},{"Length":62,"Height":35,"Demand":1,"DemandMax":null,"Value":2170},{"Length":58,"Height":19,"Demand":1,"DemandMax":null,"Value":1102},{"Length":40,"Height":43,"Demand":1,"DemandMax":null,"Value":1720},{"Length":39,"Height":31,"Demand":1,"DemandMax":null,"Value":1209},{"Length":47,"Height":45,"Demand":2,"DemandMax":null,"Value":2115},{"Length":57,"Height":24,"Demand":1,"DemandMax":null,"Value":1368},{"Length":22,"Height":79,"Demand":1,"DemandMax":null,"Value":1738},{"Length":52,"Height":21,"Demand":2,"DemandMax":null,"Value":1092},{"Length":46,"Height":36,"Demand":1,"DemandMax":null,"Value":1656},{"Length":65,"Height":34,"Demand":1,"DemandMax":null,"Value":2210},{"Length":46,"Height":24,"Demand":1,"DemandMax":null,"Value":1104},{"Length":80,"Height":109,"Demand":1,"DemandMax":null,"Value":8720},{"Length":62,"Height":18,"Demand":1,"DemandMax":null,"Value":1116},{"Length":34,"Height":55,"Demand":1,"DemandMax":null,"Value":1870},{"Length":41,"Height":40,"Demand":1,"DemandMax":null,"Value":1640},{"Length":43,"Height":44,"Demand":1,"DemandMax":null,"Value":1892},{"Length":29,"Height":116,"Demand":1,"DemandMax":null,"Value":3364},{"Length":43,"Height":47,"Demand":2,"DemandMax":null,"Value":2021},{"Length":31,"Height":37,"Demand":1,"DemandMax":null,"Value":1147},{"Length":43,"Height":29,"Demand":1,"DemandMax":null,"Value":1247},{"Length":61,"Height":30,"Demand":1,"DemandMax":null,"Value":1830},{"Length":48,"Height":59,"Demand":1,"DemandMax":null,"Value":2832},{"Length":74,"Height":23,"Demand":1,"DemandMax":null,"Value":1702},{"Length":49,"Height":43,"Demand":1,"DemandMax":null,"Value":2107},{"Length":40,"Height":35,"Demand":1,"DemandMax":null,"Value":1400},{"Length":23,"Height":51,"Demand":1,"DemandMax":null,"Value":1173},{"Length":50,"Height":71,"Demand":1,"DemandMax":null,"Value":3550},{"Length":31,"Height":60,"Demand":1,"DemandMax":null,"Value":1860},{"Length":49,"Height":41,"Demand":1,"DemandMax":null,"Value":2009},{"Length":35,"Height":36,"Demand":2,"DemandMax":null,"Value":1260},{"Length":55,"Height":20,"Demand":1,"DemandMax":null,"Value":1100},{"Length":58,"Height":34,"Demand":1,"DemandMax":null,"Value":1972},{"Length":56,"Height":40,"Demand":1,"DemandMax":null,"Value":2240},{"Length":31,"Height":58,"Demand":1,"DemandMax":null,"Value":1798},{"Length":51,"Height":37,"Demand":1,"DemandMax":null,"Value":1887},{"Length":39,"Height":79,"Demand":1,"DemandMax":null,"Value":3081},{"Length":68,"Height":43,"Demand":1,"DemandMax":null,"Value":2924},{"Length":39,"Height":46,"Demand":1,"DemandMax":null,"Value":1794},{"Length":70,"Height":53,"Demand":1,"DemandMax":null,"Value":3710},{"Length":72,"Height":27,"Demand":1,"DemandMax":null,"Value":1944},{"Length":64,"Height":38,"Demand":1,"DemandMax":null,"Value":2432},{"Length":26,"Height":54,"Demand":1,"DemandMax":null,"Value":1404},{"Length":55,"Height":34,"Demand":1,"DemandMax":null,"Value":1870},{"Length":55,"Height":31,"Demand":1,"DemandMax":null,"Value":1705},{"Length":20,"Height":57,"Demand":2,"DemandMax":null,"Value":1140},{"Length":66,"Height":35,"Demand":1,"DemandMax":null,"Value":2310},{"Length":35,"Height":70,"Demand":1,"DemandMax":null,"Value":2450},{"Length":61,"Height":38,"Demand":1,"DemandMax":null,"Value":2318},{"Length":25,"Height":54,"Demand":1,"DemandMax":null,"Value":1350},{"Length":40,"Height":31,"Demand":2,"DemandMax":null,"Value":1240},{"Length":43,"Height":27,"Demand":1,"DemandMax":null,"Value":1161},{"Length":22,"Height":64,"Demand":1,"DemandMax":null,"Value":1408},{"Length":52,"Height":70,"Demand":1,"DemandMax":null,"Value":3640},{"Length":62,"Height":34,"Demand":1,"DemandMax":null,"Value":2108},{"Length":81,"Height":24,"Demand":1,"DemandMax":null,"Value":1944},{"Length":59,"Height":29,"Demand":1,"DemandMax":null,"Value":1711},{"Length":70,"Height":31,"Demand":1,"DemandMax":null,"Value":2170},{"Length":29,"Height":51,"Demand":1,"DemandMax":null,"Value":1479},{"Length":39,"Height":36,"Demand":2,"DemandMax":null,"Value":1404},{"Length":30,"Height":46,"Demand":1,"DemandMax":null,"Value":1380},{"Length":71,"Height":131,"Demand":1,"DemandMax":null,"Value":9301},{"Length":61,"Height":18,"Demand":1,"DemandMax":null,"Value":1098},{"Length":42,"Height":26,"Demand":1,"DemandMax":null,"Value":1092},{"Length":21,"Height":75,"Demand":1,"DemandMax":null,"Value":1575},{"Length":31,"Height":39,"Demand":1,"DemandMax":null,"Value":1209},{"Length":62,"Height":23,"Demand":2,"DemandMax":null,"Value":1426},{"Length":70,"Height":34,"Demand":1,"DemandMax":null,"Value":2380},{"Length":47,"Height":26,"Demand":1,"DemandMax":null,"Value":1222},{"Length":42,"Height":52,"Demand":1,"DemandMax":null,"Value":2184},{"Length":32,"Height":96,"Demand":1,"DemandMax":null,"Value":3072},{"Length":54,"Height":21,"Demand":1,"DemandMax":null,"Value":1134},{"Length":48,"Height":101,"Demand":1,"DemandMax":null,"Value":4848},{"Length":81,"Height":25,"Demand":1,"DemandMax":null,"Value":2025},{"Length":34,"Height":73,"Demand":1,"DemandMax":null,"Value":2482},{"Length":56,"Height":106,"Demand":1,"DemandMax":null,"Value":5936},{"Length":64,"Height":39,"Demand":1,"DemandMax":null,"Value":2496},{"Length":49,"Height":26,"Demand":2,"DemandMax":null,"Value":1274},{"Length":59,"Height":38,"Demand":2,"DemandMax":null,"Value":2242},{"Length":62,"Height":22,"Demand":1,"DemandMax":null,"Value":1364},{"Length":80,"Height":73,"Demand":1,"DemandMax":null,"Value":5840},{"Length":58,"Height":45,"Demand":1,"DemandMax":null,"Value":2610},{"Length":48,"Height":26,"Demand":2,"DemandMax":null,"Value":1248},{"Length":64,"Height":33,"Demand":1,"DemandMax":null,"Value":2112},{"Length":57,"Height":37,"Demand":1,"DemandMax":null,"Value":2109},{"Length":64,"Height":40,"Demand":1,"DemandMax":null,"Value":2560},{"Length":27,"Height":44,"Demand":1,"DemandMax":null,"Value":1188},{"Length":33,"Height":35,"Demand":1,"DemandMax":null,"Value":1155},{"Length":35,"Height":84,"Demand":1,"DemandMax":null,"Value":2940},{"Length":33,"Height":46,"Demand":2,"DemandMax":null,"Value":1518},{"Length":43,"Height":50,"Demand":3,"DemandMax":null,"Value":2150},{"Length":35,"Height":78,"Demand":1,"DemandMax":null,"Value":2730},{"Length":81,"Height":44,"Demand":1,"DemandMax":null,"Value":3564},{"Length":29,"Height":55,"Demand":2,"DemandMax":null,"Value":1595},{"Length":66,"Height":27,"Demand":1,"DemandMax":null,"Value":1782},{"Length":26,"Height":91,"Demand":1,"DemandMax":null,"Value":2366},{"Length":31,"Height":43,"Demand":3,"DemandMax":null,"Value":1333},{"Length":23,"Height":54,"Demand":1,"DemandMax":null,"Value":1242},{"Length":28,"Height":78,"Demand":1,"DemandMax":null,"Value":2184},{"Length":56,"Height":43,"Demand":1,"DemandMax":null,"Value":2408},{"Length":62,"Height":70,"Demand":1,"DemandMax":null,"Value":4340},{"Length":68,"Height":17,"Demand":1,"DemandMax":null,"Value":1156},{"Length":38,"Height":29,"Demand":1,"DemandMax":null,"Value":1102},{"Length":20,"Height":78,"Demand":1,"DemandMax":null,"Value":1560},{"Length":50,"Height":41,"Demand":1,"DemandMax":null,"Value":2050},{"Length":29,"Height":74,"Demand":1,"DemandMax":null,"Value":2146},{"Length":59,"Height":20,"Demand":1,"DemandMax":null,"Value":1180},{"Length":44,"Height":30,"Demand":1,"DemandMax":null,"Value":1320},{"Length":23,"Height":62,"Demand":1,"DemandMax":null,"Value":1426},{"Length":70,"Height":46,"Demand":1,"DemandMax":null,"Value":3220},{"Length":50,"Height":45,"Demand":1,"DemandMax":null,"Value":2250},{"Length":60,"Height":40,"Demand":1,"DemandMax":null,"Value":2400},{"Length":73,"Height":19,"Demand":1,"DemandMax":null,"Value":1387},{"Length":20,"Height":69,"Demand":2,"DemandMax":null,"Value":1380},{"Length":36,"Height":43,"Demand":1,"DemandMax":null,"Value":1548},{"Length":48,"Height":52,"Demand":1,"DemandMax":null,"Value":2496},{"Length":30,"Height":92,"Demand":1,"DemandMax":null,"Value":2760},{"Length":42,"Height":31,"Demand":1,"DemandMax":null,"Value":1302},{"Length":78,"Height":32,"Demand":1,"DemandMax":null,"Value":2496},{"Length":69,"Height":84,"Demand":1,"DemandMax":null,"Value":5796},{"Length":31,"Height":69,"Demand":1,"DemandMax":null,"Value":2139},{"Length":87,"Height":40,"Demand":1,"DemandMax":null,"Value":3480},{"Length":59,"Height":40,"Demand":1,"DemandMax":null,"Value":2360},{"Length":62,"Height":40,"Demand":1,"DemandMax":null,"Value":2480},{"Length":36,"Height":31,"Demand":1,"DemandMax":null,"Value":1116},{"Length":30,"Height":40,"Demand":1,"DemandMax":null,"Value":1200},{"Length":30,"Height":37,"Demand":1,"DemandMax":null,"Value":1110},{"Length":24,"Height":50,"Demand":1,"DemandMax":null,"Value":1200},{"Length":35,"Height":49,"Demand":1,"DemandMax":null,"Value":1715},{"Length":50,"Height":30,"Demand":1,"DemandMax":null,"Value":1500},{"Length":23,"Height":60,"Demand":1,"DemandMax":null,"Value":1380},{"Length":68,"Height":18,"Demand":1,"DemandMax":null,"Value":1224},{"Length":38,"Height":42,"Demand":1,"DemandMax":null,"Value":1596},{"Length":22,"Height":55,"Demand":1,"DemandMax":null,"Value":1210},{"Length":61,"Height":23,"Demand":1,"DemandMax":null,"Value":1403},{"Length":32,"Height":56,"Demand":1,"DemandMax":null,"Value":1792},{"Length":30,"Height":49,"Demand":1,"DemandMax":null,"Value":1470},{"Length":19,"Height":62,"Demand":1,"DemandMax":null,"Value":1178},{"Length":51,"Height":53,"Demand":1,"DemandMax":null,"Value":2703},{"Length":47,"Height":31,"Demand":1,"DemandMax":null,"Value":1457},{"Length":23,"Height":75,"Demand":2,"DemandMax":null,"Value":1725},{"Length":36,"Height":74,"Demand":1,"DemandMax":null,"Value":2664},{"Length":29,"Height":44,"Demand":1,"DemandMax":null,"Value":1276},{"Length":47,"Height":27,"Demand":1,"DemandMax":null,"Value":1269},{"Length":29,"Height":54,"Demand":1,"DemandMax":null,"Value":1566},{"Length":59,"Height":25,"Demand":1,"DemandMax":null,"Value":1475},{"Length":53,"Height":27,"Demand":1,"DemandMax":null,"Value":1431},{"Length":53,"Height":101,"Demand":1,"DemandMax":null,"Value":5353},{"Length":27,"Height":59,"Demand":1,"DemandMax":null,"Value":1593},{"Length":48,"Height":29,"Demand":1,"DemandMax":null,"Value":1392},{"Length":46,"Height":56,"Demand":1,"DemandMax":null,"Value":2576},{"Length":40,"Height":51,"Demand":1,"DemandMax":null,"Value":2040},{"Length":55,"Height":27,"Demand":1,"DemandMax":null,"Value":1485},{"Length":41,"Height":29,"Demand":1,"DemandMax":null,"Value":1189},{"Length":26,"Height":53,"Demand":1,"DemandMax":null,"Value":1378},{"Length":46,"Height":27,"Demand":1,"DemandMax":null,"Value":1242},{"Length":73,"Height":31,"Demand":1,"DemandMax":null,"Value":2263},{"Length":57,"Height":69,"Demand":1,"DemandMax":null,"Value":3933},{"Length":34,"Height":37,"Demand":3,"DemandMax":null,"Value":1258},{"Length":39,"Height":33,"Demand":1,"DemandMax":null,"Value":1287},{"Length":34,"Height":85,"Demand":1,"DemandMax":null,"Value":2890},{"Length":35,"Height":43,"Demand":1,"DemandMax":null,"Value":1505},{"Length":58,"Height":26,"Demand":1,"DemandMax":null,"Value":1508},{"Length":35,"Height":37,"Demand":1,"DemandMax":null,"Value":1295},{"Length":52,"Height":24,"Demand":1,"DemandMax":null,"Value":1248},{"Length":57,"Height":27,"Demand":1,"DemandMax":null,"Value":1539},{"Length":49,"Height":36,"Demand":1,"DemandMax":null,"Value":1764},{"Length":19,"Height":64,"Demand":3,"DemandMax":null,"Value":1216},{"Length":50,"Height":27,"Demand":1,"DemandMax":null,"Value":1350},{"Length":26,"Height":45,"Demand":3,"DemandMax":null,"Value":1170},{"Length":60,"Height":34,"Demand":1,"DemandMax":null,"Value":2040},{"Length":31,"Height":59,"Demand":1,"DemandMax":null,"Value":1829},{"Length":30,"Height":47,"Demand":1,"DemandMax":null,"Value":1410},{"Length":61,"Height":24,"Demand":1,"DemandMax":null,"Value":1464},{"Length":62,"Height":28,"Demand":1,"DemandMax":null,"Value":1736},{"Length":25,"Height":51,"Demand":1,"DemandMax":null,"Value":1275},{"Length":34,"Height":40,"Demand":2,"DemandMax":null,"Value":1360},{"Length":29,"Height":42,"Demand":1,"DemandMax":null,"Value":1218},{"Length":87,"Height":61,"Demand":1,"DemandMax":null,"Value":5307},{"Length":19,"Height":59,"Demand":1,"DemandMax":null,"Value":1121},{"Length":20,"Height":70,"Demand":1,"DemandMax":null,"Value":1400},{"Length":23,"Height":48,"Demand":1,"DemandMax":null,"Value":1104},{"Length":44,"Height":28,"Demand":1,"DemandMax":null,"Value":1232},{"Length":56,"Height":107,"Demand":1,"DemandMax":null,"Value":5992},{"Length":47,"Height":33,"Demand":1,"DemandMax":null,"Value":1551},{"Length":53,"Height":127,"Demand":1,"DemandMax":null,"Value":6731},{"Length":23,"Height":70,"Demand":1,"DemandMax":null,"Value":1610},{"Length":49,"Height":40,"Demand":1,"DemandMax":null,"Value":1960},{"Length":31,"Height":54,"Demand":1,"DemandMax":null,"Value":1674},{"Length":49,"Height":23,"Demand":1,"DemandMax":null,"Value":1127},{"Length":31,"Height":42,"Demand":1,"DemandMax":null,"Value":1302},{"Length":64,"Height":28,"Demand":1,"DemandMax":null,"Value":1792},{"Length":54,"Height":33,"Demand":1,"DemandMax":null,"Value":1782},{"Length":27,"Height":54,"Demand":1,"DemandMax":null,"Value":1458},{"Length":56,"Height":21,"Demand":1,"DemandMax":null,"Value":1176},{"Length":87,"Height":67,"Demand":1,"DemandMax":null,"Value":5829},{"Length":81,"Height":42,"Demand":1,"DemandMax":null,"Value":3402},{"Length":127,"Height":36,"Demand":1,"DemandMax":null,"Value":4572},{"Length":50,"Height":25,"Demand":1,"DemandMax":null,"Value":1250},{"Length":117,"Height":50,"Demand":1,"DemandMax":null,"Value":5850},{"Length":62,"Height":43,"Demand":1,"DemandMax":null,"Value":2666},{"Length":46,"Height":40,"Demand":1,"DemandMax":null,"Value":1840},{"Length":70,"Height":27,"Demand":1,"DemandMax":null,"Value":1890},{"Length":54,"Height":23,"Demand":1,"DemandMax":null,"Value":1242},{"Length":91,"Height":36,"Demand":1,"DemandMax":null,"Value":3276},{"Length":43,"Height":48,"Demand":1,"DemandMax":null,"Value":2064},{"Length":66,"Height":23,"Demand":1,"DemandMax":null,"Value":1518},{"Length":28,"Height":68,"Demand":1,"DemandMax":null,"Value":1904},{"Length":55,"Height":24,"Demand":1,"DemandMax":null,"Value":1320},{"Length":26,"Height":62,"Demand":1,"DemandMax":null,"Value":1612},{"Length":31,"Height":53,"Demand":1,"DemandMax":null,"Value":1643},{"Length":31,"Height":49,"Demand":2,"DemandMax":null,"Value":1519},{"Length":73,"Height":21,"Demand":1,"DemandMax":null,"Value":1533},{"Length":26,"Height":52,"Demand":1,"DemandMax":null,"Value":1352},{"Length":45,"Height":43,"Demand":1,"DemandMax":null,"Value":1935},{"Length":38,"Height":37,"Demand":1,"DemandMax":null,"Value":1406},{"Length":72,"Height":41,"Demand":1,"DemandMax":null,"Value":2952},{"Length":66,"Height":112,"Demand":1,"DemandMax":null,"Value":7392},{"Length":43,"Height":38,"Demand":1,"DemandMax":null,"Value":1634},{"Length":26,"Height":46,"Demand":1,"DemandMax":null,"Value":1196},{"Length":40,"Height":36,"Demand":1,"DemandMax":null,"Value":1440},{"Length":49,"Height":31,"Demand":1,"DemandMax":null,"Value":1519},{"Length":32,"Height":40,"Demand":1,"DemandMax":null,"Value":1280},{"Length":61,"Height":27,"Demand":1,"DemandMax":null,"Value":1647},{"Length":79,"Height":68,"Demand":1,"DemandMax":null,"Value":5372},{"Length":57,"Height":43,"Demand":1,"DemandMax":null,"Value":2451},{"Length":77,"Height":31,"Demand":1,"DemandMax":null,"Value":2387},{"Length":44,"Height":32,"Demand":1,"DemandMax":null,"Value":1408},{"Length":71,"Height":22,"Demand":1,"DemandMax":null,"Value":1562},{"Length":30,"Height":52,"Demand":1,"DemandMax":null,"Value":1560},{"Length":26,"Height":60,"Demand":1,"DemandMax":null,"Value":1560},{"Length":57,"Height":66,"Demand":1,"DemandMax":null,"Value":3762},{"Length":46,"Height":43,"Demand":1,"DemandMax":null,"Value":1978},{"Length":41,"Height":33,"Demand":1,"DemandMax":null,"Value":1353},{"Length":29,"Height":63,"Demand":1,"DemandMax":null,"Value":1827},{"Length":51,"Height":35,"Demand":1,"DemandMax":null,"Value":1785},{"Length":40,"Height":37,"Demand":1,"DemandMax":null,"Value":1480},{"Length":22,"Height":78,"Demand":1,"DemandMax":null,"Value":1716},{"Length":32,"Height":46,"Demand":1,"DemandMax":null,"Value":1472},{"Length":33,"Height":40,"Demand":1,"DemandMax":null,"Value":1320},{"Length":43,"Height":70,"Demand":1,"DemandMax":null,"Value":3010},{"Length":69,"Height":44,"Demand":1,"DemandMax":null,"Value":3036},{"Length":52,"Height":22,"Demand":1,"DemandMax":null,"Value":1144},{"Length":71,"Height":30,"Demand":1,"DemandMax":null,"Value":2130},{"Length":78,"Height":34,"Demand":1,"DemandMax":null,"Value":2652},{"Length":80,"Height":39,"Demand":1,"DemandMax":null,"Value":3120},{"Length":21,"Height":59,"Demand":1,"DemandMax":null,"Value":1239},{"Length":42,"Height":40,"Demand":1,"DemandMax":null,"Value":1680},{"Length":52,"Height":27,"Demand":1,"DemandMax":null,"Value":1404},{"Length":36,"Height":97,"Demand":1,"DemandMax":null,"Value":3492},{"Length":80,"Height":42,"Demand":1,"DemandMax":null,"Value":3360},{"Length":45,"Height":26,"Demand":1,"DemandMax":null,"Value":1170}]}