{"Name":"Nice25i4b3","Objects":[{"Length":381,"Height":387,"Stock":3,"Cost":147447},{"Length":619,"Height":419,"Stock":6,"Cost":259361},{"Length":381,"Height":613,"Stock":1,"Cost":233553},{"Length":619,"Height":581,"Stock":3,"Cost":359639}],"Items":[{"Length":150,"Height":179,"Demand":1,"DemandMax":null,"Value":26850},{"Length":121,"Height":176,"Demand":1,"DemandMax":null,"Value":21296},{"Length":103,"Height":127,"Demand":1,"DemandMax":null,"Value":13081},{"Length":305,"Height":167,"Demand":1,"DemandMax":null,"Value":50935},{"Length":231,"Height":155,"Demand":1,"DemandMax":null,"Value":35805},{"Length":107,"Height":177,"Demand":1,"DemandMax":null,"Value":18939},{"Length":149,"Height":100,"Demand":1,"DemandMax":null,"Value":14900},{"Length":314,"Height":216,"Demand":1,"DemandMax":null,"Value":67824},{"Length":381,"Height":318,"Demand":1,"DemandMax":null,"Value":121158},{"Length":301,"Height":143,"Demand":1,"DemandMax":null,"Value":43043},{"Length":278,"Height":117,"Demand":1,"DemandMax":null,"Value":32526},{"Length":305,"Height":102,"Demand":1,"DemandMax":null,"Value":31110},{"Length":211,"Height":182,"Demand":1,"DemandMax":null,"Value":38402},{"Length":150,"Height":208,"Demand":1,"DemandMax":null,"Value":31200},{"Length":141,"Height":365,"Demand":1,"DemandMax":null,"Value":51465},{"Length":107,"Height":242,"Demand":1,"DemandMax":null,"Value":25894},{"Length":173,"Height":365,"Demand":1,"DemandMax":null,"Value":63145},{"Length":103,"Height":168,"Demand":1,"DemandMax":null,"Value":17304},{"Length":152,"Height":312,"Demand":1,"DemandMax":null,"Value":47424},{"Length":180,"Height":176,"Demand":1,"DemandMax":null,"Value":31680},{"Length":153,"Height":312,"Demand":1,"DemandMax":null,"Value":47736},{"Length":278,"Height":178,"Demand":1,"DemandMax":null,"Value":49484},{"Length":152,"Height":100,"Demand":1,"DemandMax":null,"Value":15200},{"Length":231,"Height":232,"Demand":1,"DemandMax":null,"Value":53592},{"Length":211,"Height":237,"Demand":1,"DemandMax":null,"Value":50007}]}