{"Name":"Path25i5b1","Objects":[{"Length":411,"Height":399,"Stock":3,"Cost":163989},{"Length":589,"Height":312,"Stock":3,"Cost":183768},{"Length":589,"Height":334,"Stock":3,"Cost":196726},{"Length":411,"Height":601,"Stock":3,"Cost":247011},{"Length":589,"Height":354,"Stock":3,"Cost":208506}],"Items":[{"Length":268,"Height":170,"Demand":1,"DemandMax":null,"Value":45560},{"Length":116,"Height":312,"Demand":1,"DemandMax":null,"Value":36192},{"Length":285,"Height":175,"Demand":1,"DemandMax":null,"Value":49875},{"Length":271,"Height":292,"Demand":1,"DemandMax":null,"Value":79132},{"Length":299,"Height":132,"Demand":1,"DemandMax":null,"Value":39468},{"Length":143,"Height":253,"Demand":1,"DemandMax":null,"Value":36179},{"Length":294,"Height":179,"Demand":1,"DemandMax":null,"Value":52626},{"Length":304,"Height":119,"Demand":1,"DemandMax":null,"Value":36176},{"Length":212,"Height":309,"Demand":1,"DemandMax":null,"Value":65508},{"Length":257,"Height":12,"Demand":1,"DemandMax":null,"Value":3084},{"Length":253,"Height":195,"Demand":1,"DemandMax":null,"Value":49335},{"Length":290,"Height":269,"Demand":1,"DemandMax":null,"Value":78010},{"Length":294,"Height":133,"Demand":1,"DemandMax":null,"Value":39102},{"Length":290,"Height":73,"Demand":1,"DemandMax":null,"Value":21170},{"Length":121,"Height":146,"Demand":1,"DemandMax":null,"Value":17666},{"Length":268,"Height":34,"Demand":1,"DemandMax":null,"Value":9112},{"Length":140,"Height":292,"Demand":1,"DemandMax":null,"Value":40880},{"Length":179,"Height":312,"Demand":1,"DemandMax":null,"Value":55848},{"Length":15,"Height":195,"Demand":1,"DemandMax":null,"Value":2925},{"Length":299,"Height":222,"Demand":1,"DemandMax":null,"Value":66378},{"Length":285,"Height":159,"Demand":1,"DemandMax":null,"Value":45315},{"Length":33,"Height":12,"Demand":1,"DemandMax":null,"Value":396},{"Length":22,"Height":146,"Demand":1,"DemandMax":null,"Value":3212},{"Length":199,"Height":309,"Demand":1,"DemandMax":null,"Value":61491},{"Length":304,"Height":215,"Demand":1,"DemandMax":null,"Value":65360}]}