{"Name":"Nice100i2b2","Objects":[{"Length":1000,"Height":482,"Stock":3,"Cost":482000},{"Length":1000,"Height":518,"Stock":4,"Cost":518000}],"Items":[{"Length":53,"Height":119,"Demand":1,"DemandMax":null,"Value":6307},{"Length":78,"Height":125,"Demand":1,"DemandMax":null,"Value":9750},{"Length":59,"Height":165,"Demand":1,"DemandMax":null,"Value":9735},{"Length":61,"Height":110,"Demand":1,"DemandMax":null,"Value":6710},{"Length":107,"Height":97,"Demand":1,"DemandMax":null,"Value":10379},{"Length":394,"Height":109,"Demand":1,"DemandMax":null,"Value":42946},{"Length":160,"Height":54,"Demand":1,"DemandMax":null,"Value":8640},{"Length":134,"Height":71,"Demand":1,"DemandMax":null,"Value":9514},{"Length":61,"Height":165,"Demand":1,"DemandMax":null,"Value":10065},{"Length":194,"Height":53,"Demand":1,"DemandMax":null,"Value":10282},{"Length":72,"Height":118,"Demand":1,"DemandMax":null,"Value":8496},{"Length":53,"Height":127,"Demand":1,"DemandMax":null,"Value":6731},{"Length":50,"Height":134,"Demand":2,"DemandMax":null,"Value":6700},{"Length":64,"Height":105,"Demand":1,"DemandMax":null,"Value":6720},{"Length":127,"Height":70,"Demand":1,"DemandMax":null,"Value":8890},{"Length":128,"Height":92,"Demand":1,"DemandMax":null,"Value":11776},{"Length":130,"Height":56,"Demand":1,"DemandMax":null,"Value":7280},{"Length":207,"Height":58,"Demand":1,"DemandMax":null,"Value":12006},{"Length":216,"Height":121,"Demand":1,"DemandMax":null,"Value":26136},{"Length":121,"Height":68,"Demand":1,"DemandMax":null,"Value":8228},{"Length":80,"Height":148,"Demand":1,"DemandMax":null,"Value":11840},{"Length":87,"Height":90,"Demand":1,"DemandMax":null,"Value":7830},{"Length":96,"Height":68,"Demand":1,"DemandMax":null,"Value":6528},{"Length":127,"Height":55,"Demand":1,"DemandMax":null,"Value":6985},{"Length":85,"Height":107,"Demand":1,"DemandMax":null,"Value":9095},{"Length":76,"Height":120,"Demand":1,"DemandMax":null,"Value":9120},{"Length":122,"Height":52,"Demand":1,"DemandMax":null,"Value":6344},{"Length":70,"Height":124,"Demand":1,"DemandMax":null,"Value":8680},{"Length":70,"Height":128,"Demand":1,"DemandMax":null,"Value":8960},{"Length":112,"Height":63,"Demand":1,"DemandMax":null,"Value":7056},{"Length":83,"Height":97,"Demand":1,"DemandMax":null,"Value":8051},{"Length":119,"Height":71,"Demand":1,"DemandMax":null,"Value":8449},{"Length":95,"Height":65,"Demand":1,"DemandMax":null,"Value":6175},{"Length":100,"Height":67,"Demand":2,"DemandMax":null,"Value":6700},{"Length":105,"Height":61,"Demand":1,"DemandMax":null,"Value":6405},{"Length":131,"Height":72,"Demand":1,"DemandMax":null,"Value":9432},{"Length":91,"Height":135,"Demand":1,"DemandMax":null,"Value":12285},{"Length":83,"Height":165,"Demand":1,"DemandMax":null,"Value":13695},{"Length":89,"Height":92,"Demand":1,"DemandMax":null,"Value":8188},{"Length":120,"Height":61,"Demand":1,"DemandMax":null,"Value":7320},{"Length":91,"Height":81,"Demand":1,"DemandMax":null,"Value":7371},{"Length":127,"Height":73,"Demand":1,"DemandMax":null,"Value":9271},{"Length":150,"Height":72,"Demand":1,"DemandMax":null,"Value":10800},{"Length":135,"Height":97,"Demand":1,"DemandMax":null,"Value":13095},{"Length":97,"Height":120,"Demand":1,"DemandMax":null,"Value":11640},{"Length":118,"Height":78,"Demand":1,"DemandMax":null,"Value":9204},{"Length":212,"Height":64,"Demand":1,"DemandMax":null,"Value":13568},{"Length":102,"Height":120,"Demand":1,"DemandMax":null,"Value":12240},{"Length":59,"Height":120,"Demand":1,"DemandMax":null,"Value":7080},{"Length":99,"Height":121,"Demand":1,"DemandMax":null,"Value":11979},{"Length":190,"Height":135,"Demand":1,"DemandMax":null,"Value":25650},{"Length":112,"Height":64,"Demand":1,"DemandMax":null,"Value":7168},{"Length":156,"Height":41,"Demand":1,"DemandMax":null,"Value":6396},{"Length":92,"Height":165,"Demand":1,"DemandMax":null,"Value":15180},{"Length":134,"Height":83,"Demand":1,"DemandMax":null,"Value":11122},{"Length":64,"Height":147,"Demand":1,"DemandMax":null,"Value":9408},{"Length":127,"Height":63,"Demand":1,"DemandMax":null,"Value":8001},{"Length":79,"Height":128,"Demand":1,"DemandMax":null,"Value":10112},{"Length":119,"Height":77,"Demand":1,"DemandMax":null,"Value":9163},{"Length":121,"Height":77,"Demand":1,"DemandMax":null,"Value":9317},{"Length":60,"Height":120,"Demand":1,"DemandMax":null,"Value":7200},{"Length":108,"Height":92,"Demand":1,"DemandMax":null,"Value":9936},{"Length":134,"Height":98,"Demand":1,"DemandMax":null,"Value":13132},{"Length":64,"Height":110,"Demand":1,"DemandMax":null,"Value":7040},{"Length":51,"Height":128,"Demand":1,"DemandMax":null,"Value":6528},{"Length":74,"Height":123,"Demand":1,"DemandMax":null,"Value":9102},{"Length":104,"Height":123,"Demand":1,"DemandMax":null,"Value":12792},{"Length":160,"Height":69,"Demand":1,"DemandMax":null,"Value":11040},{"Length":98,"Height":125,"Demand":1,"DemandMax":null,"Value":12250},{"Length":139,"Height":252,"Demand":1,"DemandMax":null,"Value":35028},{"Length":95,"Height":78,"Demand":1,"DemandMax":null,"Value":7410},{"Length":49,"Height":127,"Demand":1,"DemandMax":null,"Value":6223},{"Length":50,"Height":145,"Demand":1,"DemandMax":null,"Value":7250},{"Length":148,"Height":59,"Demand":1,"DemandMax":null,"Value":8732},{"Length":43,"Height":162,"Demand":1,"DemandMax":null,"Value":6966},{"Length":116,"Height":78,"Demand":1,"DemandMax":null,"Value":9048},{"Length":130,"Height":72,"Demand":1,"DemandMax":null,"Value":9360},{"Length":44,"Height":162,"Demand":1,"DemandMax":null,"Value":7128},{"Length":103,"Height":81,"Demand":1,"DemandMax":null,"Value":8343},{"Length":136,"Height":51,"Demand":1,"DemandMax":null,"Value":6936},{"Length":148,"Height":62,"Demand":1,"DemandMax":null,"Value":9176},{"Length":58,"Height":119,"Demand":2,"DemandMax":null,"Value":6902},{"Length":54,"Height":127,"Demand":1,"DemandMax":null,"Value":6858},{"Length":65,"Height":128,"Demand":1,"DemandMax":null,"Value":8320},{"Length":104,"Height":165,"Demand":1,"DemandMax":null,"Value":17160},{"Length":96,"Height":77,"Demand":1,"DemandMax":null,"Value":7392},{"Length":136,"Height":94,"Demand":1,"DemandMax":null,"Value":12784},{"Length":120,"Height":66,"Demand":1,"DemandMax":null,"Value":7920},{"Length":116,"Height":65,"Demand":1,"DemandMax":null,"Value":7540},{"Length":107,"Height":61,"Demand":1,"DemandMax":null,"Value":6527},{"Length":118,"Height":66,"Demand":1,"DemandMax":null,"Value":7788},{"Length":64,"Height":119,"Demand":1,"DemandMax":null,"Value":7616},{"Length":118,"Height":108,"Demand":1,"DemandMax":null,"Value":12744},{"Length":122,"Height":55,"Demand":1,"DemandMax":null,"Value":6710},{"Length":60,"Height":145,"Demand":1,"DemandMax":null,"Value":8700},{"Length":156,"Height":69,"Demand":1,"DemandMax":null,"Value":10764},{"Length":161,"Height":119,"Demand":1,"DemandMax":null,"Value":19159}]}