{"Name":"Nice500i2b3","Objects":[{"Length":1000,"Height":401,"Stock":5,"Cost":401000},{"Length":1000,"Height":599,"Stock":3,"Cost":599000}],"Items":[{"Length":28,"Height":51,"Demand":1,"DemandMax":null,"Value":1428},{"Length":35,"Height":50,"Demand":1,"DemandMax":null,"Value":1750},{"Length":35,"Height":83,"Demand":1,"DemandMax":null,"Value":2905},{"Length":27,"Height":58,"Demand":1,"DemandMax":null,"Value":1566},{"Length":40,"Height":55,"Demand":1,"DemandMax":null,"Value":2200},{"Length":81,"Height":33,"Demand":1,"DemandMax":null,"Value":2673},{"Length":93,"Height":30,"Demand":1,"DemandMax":null,"Value":2790},{"Length":42,"Height":44,"Demand":1,"DemandMax":null,"Value":1848},{"Length":54,"Height":38,"Demand":3,"DemandMax":null,"Value":2052},{"Length":58,"Height":42,"Demand":2,"DemandMax":null,"Value":2436},{"Length":47,"Height":39,"Demand":4,"DemandMax":null,"Value":1833},{"Length":23,"Height":34,"Demand":1,"DemandMax":null,"Value":782},{"Length":38,"Height":37,"Demand":1,"DemandMax":null,"Value":1406},{"Length":25,"Height":56,"Demand":1,"DemandMax":null,"Value":1400},{"Length":40,"Height":73,"Demand":1,"DemandMax":null,"Value":2920},{"Length":42,"Height":34,"Demand":1,"DemandMax":null,"Value":1428},{"Length":28,"Height":96,"Demand":1,"DemandMax":null,"Value":2688},{"Length":47,"Height":31,"Demand":1,"DemandMax":null,"Value":1457},{"Length":97,"Height":28,"Demand":3,"DemandMax":null,"Value":2716},{"Length":88,"Height":31,"Demand":1,"DemandMax":null,"Value":2728},{"Length":60,"Height":44,"Demand":1,"DemandMax":null,"Value":2640},{"Length":72,"Height":38,"Demand":1,"DemandMax":null,"Value":2736},{"Length":57,"Height":36,"Demand":1,"DemandMax":null,"Value":2052},{"Length":29,"Height":49,"Demand":1,"DemandMax":null,"Value":1421},{"Length":42,"Height":35,"Demand":1,"DemandMax":null,"Value":1470},{"Length":54,"Height":48,"Demand":3,"DemandMax":null,"Value":2592},{"Length":30,"Height":68,"Demand":2,"DemandMax":null,"Value":2040},{"Length":39,"Height":36,"Demand":2,"DemandMax":null,"Value":1404},{"Length":24,"Height":96,"Demand":1,"DemandMax":null,"Value":2304},{"Length":55,"Height":41,"Demand":1,"DemandMax":null,"Value":2255},{"Length":30,"Height":58,"Demand":1,"DemandMax":null,"Value":1740},{"Length":55,"Height":58,"Demand":1,"DemandMax":null,"Value":3190},{"Length":38,"Height":21,"Demand":1,"DemandMax":null,"Value":798},{"Length":23,"Height":79,"Demand":1,"DemandMax":null,"Value":1817},{"Length":70,"Height":54,"Demand":1,"DemandMax":null,"Value":3780},{"Length":42,"Height":53,"Demand":1,"DemandMax":null,"Value":2226},{"Length":35,"Height":65,"Demand":1,"DemandMax":null,"Value":2275},{"Length":53,"Height":104,"Demand":1,"DemandMax":null,"Value":5512},{"Length":61,"Height":39,"Demand":2,"DemandMax":null,"Value":2379},{"Length":61,"Height":41,"Demand":3,"DemandMax":null,"Value":2501},{"Length":55,"Height":44,"Demand":1,"DemandMax":null,"Value":2420},{"Length":26,"Height":87,"Demand":1,"DemandMax":null,"Value":2262},{"Length":56,"Height":34,"Demand":2,"DemandMax":null,"Value":1904},{"Length":22,"Height":79,"Demand":1,"DemandMax":null,"Value":1738},{"Length":92,"Height":25,"Demand":1,"DemandMax":null,"Value":2300},{"Length":55,"Height":45,"Demand":1,"DemandMax":null,"Value":2475},{"Length":17,"Height":63,"Demand":1,"DemandMax":null,"Value":1071},{"Length":35,"Height":74,"Demand":1,"DemandMax":null,"Value":2590},{"Length":34,"Height":74,"Demand":2,"DemandMax":null,"Value":2516},{"Length":22,"Height":42,"Demand":1,"DemandMax":null,"Value":924},{"Length":41,"Height":73,"Demand":1,"DemandMax":null,"Value":2993},{"Length":33,"Height":31,"Demand":1,"DemandMax":null,"Value":1023},{"Length":61,"Height":104,"Demand":1,"DemandMax":null,"Value":6344},{"Length":33,"Height":72,"Demand":2,"DemandMax":null,"Value":2376},{"Length":22,"Height":80,"Demand":2,"DemandMax":null,"Value":1760},{"Length":24,"Height":36,"Demand":2,"DemandMax":null,"Value":864},{"Length":45,"Height":61,"Demand":1,"DemandMax":null,"Value":2745},{"Length":59,"Height":62,"Demand":1,"DemandMax":null,"Value":3658},{"Length":29,"Height":96,"Demand":1,"DemandMax":null,"Value":2784},{"Length":50,"Height":48,"Demand":1,"DemandMax":null,"Value":2400},{"Length":48,"Height":18,"Demand":1,"DemandMax":null,"Value":864},{"Length":44,"Height":36,"Demand":1,"DemandMax":null,"Value":1584},{"Length":65,"Height":37,"Demand":2,"DemandMax":null,"Value":2405},{"Length":62,"Height":41,"Demand":1,"DemandMax":null,"Value":2542},{"Length":57,"Height":44,"Demand":1,"DemandMax":null,"Value":2508},{"Length":53,"Height":32,"Demand":1,"DemandMax":null,"Value":1696},{"Length":57,"Height":41,"Demand":1,"DemandMax":null,"Value":2337},{"Length":49,"Height":51,"Demand":2,"DemandMax":null,"Value":2499},{"Length":55,"Height":35,"Demand":1,"DemandMax":null,"Value":1925},{"Length":32,"Height":83,"Demand":1,"DemandMax":null,"Value":2656},{"Length":54,"Height":28,"Demand":3,"DemandMax":null,"Value":1512},{"Length":88,"Height":30,"Demand":1,"DemandMax":null,"Value":2640},{"Length":45,"Height":41,"Demand":1,"DemandMax":null,"Value":1845},{"Length":35,"Height":77,"Demand":1,"DemandMax":null,"Value":2695},{"Length":140,"Height":36,"Demand":1,"DemandMax":null,"Value":5040},{"Length":48,"Height":32,"Demand":2,"DemandMax":null,"Value":1536},{"Length":49,"Height":57,"Demand":1,"DemandMax":null,"Value":2793},{"Length":37,"Height":48,"Demand":1,"DemandMax":null,"Value":1776},{"Length":54,"Height":33,"Demand":1,"DemandMax":null,"Value":1782},{"Length":41,"Height":42,"Demand":2,"DemandMax":null,"Value":1722},{"Length":30,"Height":47,"Demand":1,"DemandMax":null,"Value":1410},{"Length":21,"Height":39,"Demand":1,"DemandMax":null,"Value":819},{"Length":33,"Height":97,"Demand":1,"DemandMax":null,"Value":3201},{"Length":44,"Height":48,"Demand":2,"DemandMax":null,"Value":2112},{"Length":41,"Height":18,"Demand":1,"DemandMax":null,"Value":738},{"Length":26,"Height":65,"Demand":1,"DemandMax":null,"Value":1690},{"Length":32,"Height":32,"Demand":1,"DemandMax":null,"Value":1024},{"Length":23,"Height":44,"Demand":2,"DemandMax":null,"Value":1012},{"Length":54,"Height":46,"Demand":1,"DemandMax":null,"Value":2484},{"Length":49,"Height":49,"Demand":2,"DemandMax":null,"Value":2401},{"Length":44,"Height":57,"Demand":2,"DemandMax":null,"Value":2508},{"Length":71,"Height":37,"Demand":2,"DemandMax":null,"Value":2627},{"Length":45,"Height":56,"Demand":1,"DemandMax":null,"Value":2520},{"Length":44,"Height":62,"Demand":1,"DemandMax":null,"Value":2728},{"Length":81,"Height":51,"Demand":1,"DemandMax":null,"Value":4131},{"Length":99,"Height":25,"Demand":1,"DemandMax":null,"Value":2475},{"Length":50,"Height":53,"Demand":1,"DemandMax":null,"Value":2650},{"Length":26,"Height":86,"Demand":1,"DemandMax":null,"Value":2236},{"Length":21,"Height":71,"Demand":1,"DemandMax":null,"Value":1491},{"Length":65,"Height":29,"Demand":1,"DemandMax":null,"Value":1885},{"Length":97,"Height":30,"Demand":1,"DemandMax":null,"Value":2910},{"Length":34,"Height":81,"Demand":1,"DemandMax":null,"Value":2754},{"Length":32,"Height":55,"Demand":1,"DemandMax":null,"Value":1760},{"Length":27,"Height":87,"Demand":2,"DemandMax":null,"Value":2349},{"Length":34,"Height":38,"Demand":1,"DemandMax":null,"Value":1292},{"Length":28,"Height":50,"Demand":2,"DemandMax":null,"Value":1400},{"Length":49,"Height":18,"Demand":1,"DemandMax":null,"Value":882},{"Length":99,"Height":28,"Demand":1,"DemandMax":null,"Value":2772},{"Length":25,"Height":57,"Demand":1,"DemandMax":null,"Value":1425},{"Length":57,"Height":32,"Demand":1,"DemandMax":null,"Value":1824},{"Length":51,"Height":36,"Demand":1,"DemandMax":null,"Value":1836},{"Length":18,"Height":44,"Demand":1,"DemandMax":null,"Value":792},{"Length":26,"Height":94,"Demand":1,"DemandMax":null,"Value":2444},{"Length":44,"Height":41,"Demand":2,"DemandMax":null,"Value":1804},{"Length":23,"Height":32,"Demand":1,"DemandMax":null,"Value":736},{"Length":93,"Height":31,"Demand":1,"DemandMax":null,"Value":2883},{"Length":82,"Height":30,"Demand":1,"DemandMax":null,"Value":2460},{"Length":55,"Height":48,"Demand":1,"DemandMax":null,"Value":2640},{"Length":36,"Height":77,"Demand":1,"DemandMax":null,"Value":2772},{"Length":39,"Height":62,"Demand":1,"DemandMax":null,"Value":2418},{"Length":66,"Height":22,"Demand":1,"DemandMax":null,"Value":1452},{"Length":31,"Height":26,"Demand":1,"DemandMax":null,"Value":806},{"Length":48,"Height":54,"Demand":2,"DemandMax":null,"Value":2592},{"Length":22,"Height":41,"Demand":1,"DemandMax":null,"Value":902},{"Length":43,"Height":33,"Demand":2,"DemandMax":null,"Value":1419},{"Length":36,"Height":63,"Demand":2,"DemandMax":null,"Value":2268},{"Length":44,"Height":32,"Demand":2,"DemandMax":null,"Value":1408},{"Length":68,"Height":39,"Demand":1,"DemandMax":null,"Value":2652},{"Length":68,"Height":29,"Demand":1,"DemandMax":null,"Value":1972},{"Length":33,"Height":44,"Demand":1,"DemandMax":null,"Value":1452},{"Length":72,"Height":20,"Demand":1,"DemandMax":null,"Value":1440},{"Length":37,"Height":23,"Demand":1,"DemandMax":null,"Value":851},{"Length":27,"Height":54,"Demand":1,"DemandMax":null,"Value":1458},{"Length":34,"Height":41,"Demand":2,"DemandMax":null,"Value":1394},{"Length":51,"Height":61,"Demand":1,"DemandMax":null,"Value":3111},{"Length":81,"Height":21,"Demand":1,"DemandMax":null,"Value":1701},{"Length":81,"Height":26,"Demand":1,"DemandMax":null,"Value":2106},{"Length":90,"Height":24,"Demand":1,"DemandMax":null,"Value":2160},{"Length":57,"Height":33,"Demand":1,"DemandMax":null,"Value":1881},{"Length":19,"Height":59,"Demand":1,"DemandMax":null,"Value":1121},{"Length":39,"Height":63,"Demand":2,"DemandMax":null,"Value":2457},{"Length":33,"Height":57,"Demand":1,"DemandMax":null,"Value":1881},{"Length":48,"Height":16,"Demand":1,"DemandMax":null,"Value":768},{"Length":30,"Height":34,"Demand":1,"DemandMax":null,"Value":1020},{"Length":29,"Height":26,"Demand":2,"DemandMax":null,"Value":754},{"Length":27,"Height":103,"Demand":1,"DemandMax":null,"Value":2781},{"Length":47,"Height":47,"Demand":1,"DemandMax":null,"Value":2209},{"Length":60,"Height":37,"Demand":1,"DemandMax":null,"Value":2220},{"Length":58,"Height":33,"Demand":3,"DemandMax":null,"Value":1914},{"Length":37,"Height":24,"Demand":1,"DemandMax":null,"Value":888},{"Length":30,"Height":66,"Demand":1,"DemandMax":null,"Value":1980},{"Length":37,"Height":85,"Demand":1,"DemandMax":null,"Value":3145},{"Length":92,"Height":29,"Demand":1,"DemandMax":null,"Value":2668},{"Length":31,"Height":103,"Demand":1,"DemandMax":null,"Value":3193},{"Length":37,"Height":81,"Demand":1,"DemandMax":null,"Value":2997},{"Length":39,"Height":85,"Demand":1,"DemandMax":null,"Value":3315},{"Length":31,"Height":85,"Demand":1,"DemandMax":null,"Value":2635},{"Length":97,"Height":25,"Demand":1,"DemandMax":null,"Value":2425},{"Length":45,"Height":20,"Demand":1,"DemandMax":null,"Value":900},{"Length":47,"Height":30,"Demand":1,"DemandMax":null,"Value":1410},{"Length":26,"Height":28,"Demand":1,"DemandMax":null,"Value":728},{"Length":40,"Height":38,"Demand":1,"DemandMax":null,"Value":1520},{"Length":41,"Height":24,"Demand":1,"DemandMax":null,"Value":984},{"Length":56,"Height":43,"Demand":1,"DemandMax":null,"Value":2408},{"Length":46,"Height":60,"Demand":1,"DemandMax":null,"Value":2760},{"Length":46,"Height":31,"Demand":2,"DemandMax":null,"Value":1426},{"Length":25,"Height":29,"Demand":1,"DemandMax":null,"Value":725},{"Length":34,"Height":59,"Demand":1,"DemandMax":null,"Value":2006},{"Length":44,"Height":42,"Demand":1,"DemandMax":null,"Value":1848},{"Length":106,"Height":135,"Demand":1,"DemandMax":null,"Value":14310},{"Length":24,"Height":75,"Demand":1,"DemandMax":null,"Value":1800},{"Length":39,"Height":115,"Demand":1,"DemandMax":null,"Value":4485},{"Length":90,"Height":35,"Demand":1,"DemandMax":null,"Value":3150},{"Length":29,"Height":75,"Demand":1,"DemandMax":null,"Value":2175},{"Length":55,"Height":57,"Demand":1,"DemandMax":null,"Value":3135},{"Length":22,"Height":77,"Demand":1,"DemandMax":null,"Value":1694},{"Length":126,"Height":34,"Demand":1,"DemandMax":null,"Value":4284},{"Length":40,"Height":68,"Demand":1,"DemandMax":null,"Value":2720},{"Length":39,"Height":48,"Demand":1,"DemandMax":null,"Value":1872},{"Length":59,"Height":75,"Demand":1,"DemandMax":null,"Value":4425},{"Length":40,"Height":24,"Demand":1,"DemandMax":null,"Value":960},{"Length":28,"Height":33,"Demand":1,"DemandMax":null,"Value":924},{"Length":56,"Height":39,"Demand":1,"DemandMax":null,"Value":2184},{"Length":25,"Height":76,"Demand":1,"DemandMax":null,"Value":1900},{"Length":17,"Height":67,"Demand":1,"DemandMax":null,"Value":1139},{"Length":92,"Height":23,"Demand":1,"DemandMax":null,"Value":2116},{"Length":81,"Height":81,"Demand":1,"DemandMax":null,"Value":6561},{"Length":45,"Height":62,"Demand":1,"DemandMax":null,"Value":2790},{"Length":45,"Height":42,"Demand":1,"DemandMax":null,"Value":1890},{"Length":22,"Height":51,"Demand":1,"DemandMax":null,"Value":1122},{"Length":26,"Height":76,"Demand":1,"DemandMax":null,"Value":1976},{"Length":63,"Height":40,"Demand":1,"DemandMax":null,"Value":2520},{"Length":16,"Height":58,"Demand":1,"DemandMax":null,"Value":928},{"Length":40,"Height":35,"Demand":1,"DemandMax":null,"Value":1400},{"Length":60,"Height":48,"Demand":1,"DemandMax":null,"Value":2880},{"Length":16,"Height":46,"Demand":1,"DemandMax":null,"Value":736},{"Length":34,"Height":42,"Demand":5,"DemandMax":null,"Value":1428},{"Length":59,"Height":45,"Demand":1,"DemandMax":null,"Value":2655},{"Length":37,"Height":74,"Demand":1,"DemandMax":null,"Value":2738},{"Length":31,"Height":57,"Demand":1,"DemandMax":null,"Value":1767},{"Length":32,"Height":85,"Demand":1,"DemandMax":null,"Value":2720},{"Length":28,"Height":30,"Demand":2,"DemandMax":null,"Value":840},{"Length":54,"Height":47,"Demand":1,"DemandMax":null,"Value":2538},{"Length":29,"Height":94,"Demand":1,"DemandMax":null,"Value":2726},{"Length":82,"Height":32,"Demand":1,"DemandMax":null,"Value":2624},{"Length":67,"Height":44,"Demand":1,"DemandMax":null,"Value":2948},{"Length":21,"Height":83,"Demand":1,"DemandMax":null,"Value":1743},{"Length":47,"Height":56,"Demand":1,"DemandMax":null,"Value":2632},{"Length":60,"Height":31,"Demand":1,"DemandMax":null,"Value":1860},{"Length":40,"Height":63,"Demand":1,"DemandMax":null,"Value":2520},{"Length":50,"Height":67,"Demand":1,"DemandMax":null,"Value":3350},{"Length":52,"Height":48,"Demand":2,"DemandMax":null,"Value":2496},{"Length":49,"Height":38,"Demand":1,"DemandMax":null,"Value":1862},{"Length":42,"Height":22,"Demand":1,"DemandMax":null,"Value":924},{"Length":36,"Height":39,"Demand":2,"DemandMax":null,"Value":1404},{"Length":48,"Height":39,"Demand":2,"DemandMax":null,"Value":1872},{"Length":14,"Height":56,"Demand":1,"DemandMax":null,"Value":784},{"Length":26,"Height":68,"Demand":1,"DemandMax":null,"Value":1768},{"Length":33,"Height":27,"Demand":2,"DemandMax":null,"Value":891},{"Length":48,"Height":58,"Demand":1,"DemandMax":null,"Value":2784},{"Length":70,"Height":33,"Demand":2,"DemandMax":null,"Value":2310},{"Length":71,"Height":41,"Demand":1,"DemandMax":null,"Value":2911},{"Length":46,"Height":37,"Demand":1,"DemandMax":null,"Value":1702},{"Length":33,"Height":77,"Demand":1,"DemandMax":null,"Value":2541},{"Length":77,"Height":20,"Demand":2,"DemandMax":null,"Value":1540},{"Length":46,"Height":18,"Demand":1,"DemandMax":null,"Value":828},{"Length":94,"Height":36,"Demand":1,"DemandMax":null,"Value":3384},{"Length":40,"Height":37,"Demand":1,"DemandMax":null,"Value":1480},{"Length":44,"Height":35,"Demand":2,"DemandMax":null,"Value":1540},{"Length":55,"Height":28,"Demand":1,"DemandMax":null,"Value":1540},{"Length":77,"Height":43,"Demand":1,"DemandMax":null,"Value":3311},{"Length":33,"Height":74,"Demand":1,"DemandMax":null,"Value":2442},{"Length":38,"Height":63,"Demand":1,"DemandMax":null,"Value":2394},{"Length":47,"Height":53,"Demand":1,"DemandMax":null,"Value":2491},{"Length":36,"Height":56,"Demand":1,"DemandMax":null,"Value":2016},{"Length":92,"Height":26,"Demand":1,"DemandMax":null,"Value":2392},{"Length":46,"Height":38,"Demand":1,"DemandMax":null,"Value":1748},{"Length":48,"Height":42,"Demand":1,"DemandMax":null,"Value":2016},{"Length":26,"Height":29,"Demand":2,"DemandMax":null,"Value":754},{"Length":54,"Height":24,"Demand":2,"DemandMax":null,"Value":1296},{"Length":41,"Height":43,"Demand":2,"DemandMax":null,"Value":1763},{"Length":40,"Height":60,"Demand":1,"DemandMax":null,"Value":2400},{"Length":56,"Height":40,"Demand":1,"DemandMax":null,"Value":2240},{"Length":33,"Height":66,"Demand":1,"DemandMax":null,"Value":2178},{"Length":31,"Height":79,"Demand":1,"DemandMax":null,"Value":2449},{"Length":75,"Height":39,"Demand":1,"DemandMax":null,"Value":2925},{"Length":43,"Height":34,"Demand":1,"DemandMax":null,"Value":1462},{"Length":32,"Height":57,"Demand":1,"DemandMax":null,"Value":1824},{"Length":47,"Height":37,"Demand":1,"DemandMax":null,"Value":1739},{"Length":28,"Height":54,"Demand":2,"DemandMax":null,"Value":1512},{"Length":44,"Height":53,"Demand":1,"DemandMax":null,"Value":2332},{"Length":87,"Height":67,"Demand":1,"DemandMax":null,"Value":5829},{"Length":68,"Height":25,"Demand":1,"DemandMax":null,"Value":1700},{"Length":37,"Height":55,"Demand":1,"DemandMax":null,"Value":2035},{"Length":90,"Height":29,"Demand":2,"DemandMax":null,"Value":2610},{"Length":69,"Height":33,"Demand":1,"DemandMax":null,"Value":2277},{"Length":21,"Height":59,"Demand":1,"DemandMax":null,"Value":1239},{"Length":54,"Height":26,"Demand":1,"DemandMax":null,"Value":1404},{"Length":28,"Height":53,"Demand":3,"DemandMax":null,"Value":1484},{"Length":62,"Height":17,"Demand":1,"DemandMax":null,"Value":1054},{"Length":35,"Height":21,"Demand":1,"DemandMax":null,"Value":735},{"Length":49,"Height":105,"Demand":1,"DemandMax":null,"Value":5145},{"Length":42,"Height":81,"Demand":1,"DemandMax":null,"Value":3402},{"Length":50,"Height":37,"Demand":1,"DemandMax":null,"Value":1850},{"Length":23,"Height":83,"Demand":1,"DemandMax":null,"Value":1909},{"Length":28,"Height":86,"Demand":1,"DemandMax":null,"Value":2408},{"Length":72,"Height":26,"Demand":1,"DemandMax":null,"Value":1872},{"Length":45,"Height":31,"Demand":1,"DemandMax":null,"Value":1395},{"Length":42,"Height":54,"Demand":1,"DemandMax":null,"Value":2268},{"Length":29,"Height":25,"Demand":2,"DemandMax":null,"Value":725},{"Length":29,"Height":32,"Demand":1,"DemandMax":null,"Value":928},{"Length":87,"Height":24,"Demand":1,"DemandMax":null,"Value":2088},{"Length":51,"Height":53,"Demand":1,"DemandMax":null,"Value":2703},{"Length":41,"Height":50,"Demand":1,"DemandMax":null,"Value":2050},{"Length":68,"Height":36,"Demand":1,"DemandMax":null,"Value":2448},{"Length":28,"Height":103,"Demand":1,"DemandMax":null,"Value":2884},{"Length":60,"Height":20,"Demand":1,"DemandMax":null,"Value":1200},{"Length":39,"Height":79,"Demand":1,"DemandMax":null,"Value":3081},{"Length":19,"Height":63,"Demand":2,"DemandMax":null,"Value":1197},{"Length":32,"Height":71,"Demand":2,"DemandMax":null,"Value":2272},{"Length":42,"Height":50,"Demand":2,"DemandMax":null,"Value":2100},{"Length":49,"Height":42,"Demand":1,"DemandMax":null,"Value":2058},{"Length":56,"Height":42,"Demand":1,"DemandMax":null,"Value":2352},{"Length":41,"Height":44,"Demand":1,"DemandMax":null,"Value":1804},{"Length":55,"Height":38,"Demand":1,"DemandMax":null,"Value":2090},{"Length":24,"Height":30,"Demand":2,"DemandMax":null,"Value":720},{"Length":26,"Height":44,"Demand":1,"DemandMax":null,"Value":1144},{"Length":68,"Height":34,"Demand":1,"DemandMax":null,"Value":2312},{"Length":36,"Height":58,"Demand":1,"DemandMax":null,"Value":2088},{"Length":72,"Height":33,"Demand":1,"DemandMax":null,"Value":2376},{"Length":36,"Height":65,"Demand":1,"DemandMax":null,"Value":2340},{"Length":60,"Height":47,"Demand":1,"DemandMax":null,"Value":2820},{"Length":31,"Height":75,"Demand":1,"DemandMax":null,"Value":2325},{"Length":60,"Height":29,"Demand":1,"DemandMax":null,"Value":1740},{"Length":30,"Height":75,"Demand":1,"DemandMax":null,"Value":2250},{"Length":31,"Height":77,"Demand":1,"DemandMax":null,"Value":2387},{"Length":65,"Height":22,"Demand":1,"DemandMax":null,"Value":1430},{"Length":49,"Height":32,"Demand":1,"DemandMax":null,"Value":1568},{"Length":74,"Height":33,"Demand":1,"DemandMax":null,"Value":2442},{"Length":49,"Height":27,"Demand":1,"DemandMax":null,"Value":1323},{"Length":66,"Height":29,"Demand":1,"DemandMax":null,"Value":1914},{"Length":58,"Height":32,"Demand":1,"DemandMax":null,"Value":1856},{"Length":81,"Height":29,"Demand":1,"DemandMax":null,"Value":2349},{"Length":30,"Height":25,"Demand":2,"DemandMax":null,"Value":750},{"Length":46,"Height":64,"Demand":1,"DemandMax":null,"Value":2944},{"Length":39,"Height":39,"Demand":1,"DemandMax":null,"Value":1521},{"Length":16,"Height":47,"Demand":1,"DemandMax":null,"Value":752},{"Length":57,"Height":45,"Demand":1,"DemandMax":null,"Value":2565},{"Length":41,"Height":35,"Demand":2,"DemandMax":null,"Value":1435},{"Length":48,"Height":35,"Demand":2,"DemandMax":null,"Value":1680},{"Length":55,"Height":26,"Demand":1,"DemandMax":null,"Value":1430},{"Length":42,"Height":46,"Demand":1,"DemandMax":null,"Value":1932},{"Length":19,"Height":40,"Demand":1,"DemandMax":null,"Value":760},{"Length":35,"Height":68,"Demand":1,"DemandMax":null,"Value":2380},{"Length":55,"Height":51,"Demand":1,"DemandMax":null,"Value":2805},{"Length":29,"Height":53,"Demand":1,"DemandMax":null,"Value":1537},{"Length":66,"Height":38,"Demand":1,"DemandMax":null,"Value":2508},{"Length":28,"Height":68,"Demand":1,"DemandMax":null,"Value":1904},{"Length":33,"Height":56,"Demand":1,"DemandMax":null,"Value":1848},{"Length":44,"Height":63,"Demand":1,"DemandMax":null,"Value":2772},{"Length":32,"Height":25,"Demand":1,"DemandMax":null,"Value":800},{"Length":26,"Height":57,"Demand":1,"DemandMax":null,"Value":1482},{"Length":83,"Height":54,"Demand":1,"DemandMax":null,"Value":4482},{"Length":53,"Height":31,"Demand":1,"DemandMax":null,"Value":1643},{"Length":24,"Height":32,"Demand":1,"DemandMax":null,"Value":768},{"Length":40,"Height":49,"Demand":1,"DemandMax":null,"Value":1960},{"Length":24,"Height":60,"Demand":1,"DemandMax":null,"Value":1440},{"Length":43,"Height":47,"Demand":1,"DemandMax":null,"Value":2021},{"Length":30,"Height":76,"Demand":1,"DemandMax":null,"Value":2280},{"Length":55,"Height":32,"Demand":1,"DemandMax":null,"Value":1760},{"Length":54,"Height":27,"Demand":2,"DemandMax":null,"Value":1458},{"Length":62,"Height":32,"Demand":1,"DemandMax":null,"Value":1984},{"Length":28,"Height":52,"Demand":1,"DemandMax":null,"Value":1456},{"Length":38,"Height":45,"Demand":1,"DemandMax":null,"Value":1710},{"Length":59,"Height":32,"Demand":1,"DemandMax":null,"Value":1888},{"Length":30,"Height":33,"Demand":1,"DemandMax":null,"Value":990},{"Length":72,"Height":25,"Demand":1,"DemandMax":null,"Value":1800},{"Length":32,"Height":47,"Demand":1,"DemandMax":null,"Value":1504},{"Length":92,"Height":28,"Demand":1,"DemandMax":null,"Value":2576},{"Length":59,"Height":33,"Demand":1,"DemandMax":null,"Value":1947},{"Length":51,"Height":15,"Demand":1,"DemandMax":null,"Value":765},{"Length":31,"Height":88,"Demand":1,"DemandMax":null,"Value":2728},{"Length":47,"Height":34,"Demand":1,"DemandMax":null,"Value":1598},{"Length":26,"Height":64,"Demand":1,"DemandMax":null,"Value":1664},{"Length":28,"Height":64,"Demand":1,"DemandMax":null,"Value":1792},{"Length":47,"Height":59,"Demand":1,"DemandMax":null,"Value":2773},{"Length":33,"Height":52,"Demand":1,"DemandMax":null,"Value":1716},{"Length":22,"Height":71,"Demand":1,"DemandMax":null,"Value":1562},{"Length":52,"Height":30,"Demand":1,"DemandMax":null,"Value":1560},{"Length":47,"Height":68,"Demand":1,"DemandMax":null,"Value":3196},{"Length":39,"Height":57,"Demand":1,"DemandMax":null,"Value":2223},{"Length":26,"Height":58,"Demand":1,"DemandMax":null,"Value":1508},{"Length":68,"Height":54,"Demand":1,"DemandMax":null,"Value":3672},{"Length":52,"Height":39,"Demand":1,"DemandMax":null,"Value":2028},{"Length":45,"Height":34,"Demand":1,"DemandMax":null,"Value":1530},{"Length":56,"Height":41,"Demand":1,"DemandMax":null,"Value":2296},{"Length":94,"Height":47,"Demand":1,"DemandMax":null,"Value":4418},{"Length":31,"Height":29,"Demand":1,"DemandMax":null,"Value":899},{"Length":60,"Height":19,"Demand":1,"DemandMax":null,"Value":1140},{"Length":55,"Height":36,"Demand":1,"DemandMax":null,"Value":1980},{"Length":54,"Height":31,"Demand":1,"DemandMax":null,"Value":1674},{"Length":45,"Height":33,"Demand":1,"DemandMax":null,"Value":1485},{"Length":54,"Height":87,"Demand":1,"DemandMax":null,"Value":4698},{"Length":51,"Height":31,"Demand":1,"DemandMax":null,"Value":1581},{"Length":34,"Height":55,"Demand":1,"DemandMax":null,"Value":1870},{"Length":35,"Height":41,"Demand":1,"DemandMax":null,"Value":1435},{"Length":28,"Height":28,"Demand":1,"DemandMax":null,"Value":784},{"Length":16,"Height":59,"Demand":1,"DemandMax":null,"Value":944},{"Length":15,"Height":56,"Demand":1,"DemandMax":null,"Value":840},{"Length":17,"Height":44,"Demand":1,"DemandMax":null,"Value":748},{"Length":47,"Height":46,"Demand":1,"DemandMax":null,"Value":2162},{"Length":43,"Height":92,"Demand":1,"DemandMax":null,"Value":3956},{"Length":65,"Height":23,"Demand":1,"DemandMax":null,"Value":1495},{"Length":97,"Height":26,"Demand":1,"DemandMax":null,"Value":2522},{"Length":29,"Height":54,"Demand":1,"DemandMax":null,"Value":1566},{"Length":42,"Height":45,"Demand":1,"DemandMax":null,"Value":1890},{"Length":57,"Height":126,"Demand":1,"DemandMax":null,"Value":7182},{"Length":18,"Height":41,"Demand":1,"DemandMax":null,"Value":738},{"Length":49,"Height":36,"Demand":1,"DemandMax":null,"Value":1764},{"Length":19,"Height":41,"Demand":1,"DemandMax":null,"Value":779},{"Length":42,"Height":26,"Demand":1,"DemandMax":null,"Value":1092},{"Length":34,"Height":25,"Demand":1,"DemandMax":null,"Value":850},{"Length":30,"Height":26,"Demand":1,"DemandMax":null,"Value":780},{"Length":60,"Height":46,"Demand":1,"DemandMax":null,"Value":2760},{"Length":21,"Height":40,"Demand":1,"DemandMax":null,"Value":840},{"Length":30,"Height":64,"Demand":1,"DemandMax":null,"Value":1920},{"Length":37,"Height":31,"Demand":1,"DemandMax":null,"Value":1147},{"Length":19,"Height":44,"Demand":1,"DemandMax":null,"Value":836},{"Length":28,"Height":38,"Demand":1,"DemandMax":null,"Value":1064},{"Length":33,"Height":43,"Demand":1,"DemandMax":null,"Value":1419},{"Length":49,"Height":33,"Demand":1,"DemandMax":null,"Value":1617},{"Length":26,"Height":59,"Demand":1,"DemandMax":null,"Value":1534},{"Length":26,"Height":75,"Demand":1,"DemandMax":null,"Value":1950},{"Length":41,"Height":21,"Demand":1,"DemandMax":null,"Value":861},{"Length":51,"Height":23,"Demand":1,"DemandMax":null,"Value":1173},{"Length":28,"Height":44,"Demand":1,"DemandMax":null,"Value":1232},{"Length":25,"Height":30,"Demand":1,"DemandMax":null,"Value":750},{"Length":24,"Height":59,"Demand":1,"DemandMax":null,"Value":1416},{"Length":45,"Height":24,"Demand":1,"DemandMax":null,"Value":1080},{"Length":27,"Height":44,"Demand":1,"DemandMax":null,"Value":1188},{"Length":27,"Height":51,"Demand":1,"DemandMax":null,"Value":1377},{"Length":25,"Height":39,"Demand":1,"DemandMax":null,"Value":975},{"Length":28,"Height":59,"Demand":1,"DemandMax":null,"Value":1652},{"Length":37,"Height":26,"Demand":1,"DemandMax":null,"Value":962},{"Length":46,"Height":21,"Demand":1,"DemandMax":null,"Value":966},{"Length":28,"Height":58,"Demand":1,"DemandMax":null,"Value":1624},{"Length":19,"Height":67,"Demand":1,"DemandMax":null,"Value":1273},{"Length":46,"Height":20,"Demand":1,"DemandMax":null,"Value":920},{"Length":17,"Height":47,"Demand":1,"DemandMax":null,"Value":799},{"Length":60,"Height":25,"Demand":1,"DemandMax":null,"Value":1500},{"Length":16,"Height":56,"Demand":1,"DemandMax":null,"Value":896},{"Length":22,"Height":56,"Demand":1,"DemandMax":null,"Value":1232},{"Length":25,"Height":96,"Demand":1,"DemandMax":null,"Value":2400},{"Length":62,"Height":21,"Demand":1,"DemandMax":null,"Value":1302},{"Length":49,"Height":24,"Demand":1,"DemandMax":null,"Value":1176},{"Length":49,"Height":56,"Demand":1,"DemandMax":null,"Value":2744},{"Length":89,"Height":38,"Demand":1,"DemandMax":null,"Value":3382},{"Length":38,"Height":25,"Demand":1,"DemandMax":null,"Value":950},{"Length":40,"Height":32,"Demand":1,"DemandMax":null,"Value":1280},{"Length":50,"Height":24,"Demand":1,"DemandMax":null,"Value":1200},{"Length":37,"Height":29,"Demand":1,"DemandMax":null,"Value":1073},{"Length":35,"Height":34,"Demand":1,"DemandMax":null,"Value":1190},{"Length":43,"Height":68,"Demand":1,"DemandMax":null,"Value":2924},{"Length":41,"Height":46,"Demand":1,"DemandMax":null,"Value":1886},{"Length":25,"Height":32,"Demand":1,"DemandMax":null,"Value":800},{"Length":40,"Height":91,"Demand":1,"DemandMax":null,"Value":3640},{"Length":47,"Height":32,"Demand":1,"DemandMax":null,"Value":1504},{"Length":81,"Height":63,"Demand":1,"DemandMax":null,"Value":5103}]}