{"Name":"Nice25i3b3","Objects":[{"Length":495,"Height":433,"Stock":5,"Cost":214335},{"Length":505,"Height":1000,"Stock":3,"Cost":505000},{"Length":495,"Height":567,"Stock":4,"Cost":280665}],"Items":[{"Length":173,"Height":215,"Demand":1,"DemandMax":null,"Value":37195},{"Length":252,"Height":216,"Demand":1,"DemandMax":null,"Value":54432},{"Length":106,"Height":163,"Demand":1,"DemandMax":null,"Value":17278},{"Length":253,"Height":171,"Demand":1,"DemandMax":null,"Value":43263},{"Length":158,"Height":164,"Demand":1,"DemandMax":null,"Value":25912},{"Length":151,"Height":184,"Demand":1,"DemandMax":null,"Value":27784},{"Length":252,"Height":231,"Demand":1,"DemandMax":null,"Value":58212},{"Length":149,"Height":433,"Demand":1,"DemandMax":null,"Value":64517},{"Length":266,"Height":163,"Demand":1,"DemandMax":null,"Value":43358},{"Length":186,"Height":167,"Demand":1,"DemandMax":null,"Value":31062},{"Length":86,"Height":211,"Demand":1,"DemandMax":null,"Value":18146},{"Length":173,"Height":222,"Demand":1,"DemandMax":null,"Value":38406},{"Length":173,"Height":218,"Demand":1,"DemandMax":null,"Value":37714},{"Length":252,"Height":73,"Demand":1,"DemandMax":null,"Value":18396},{"Length":253,"Height":153,"Demand":1,"DemandMax":null,"Value":38709},{"Length":151,"Height":220,"Demand":1,"DemandMax":null,"Value":33220},{"Length":158,"Height":240,"Demand":1,"DemandMax":null,"Value":37920},{"Length":186,"Height":117,"Demand":1,"DemandMax":null,"Value":21762},{"Length":253,"Height":370,"Demand":1,"DemandMax":null,"Value":93610},{"Length":186,"Height":120,"Demand":1,"DemandMax":null,"Value":22320},{"Length":252,"Height":351,"Demand":1,"DemandMax":null,"Value":88452},{"Length":87,"Height":211,"Demand":1,"DemandMax":null,"Value":18357},{"Length":252,"Height":129,"Demand":1,"DemandMax":null,"Value":32508},{"Length":123,"Height":163,"Demand":1,"DemandMax":null,"Value":20049},{"Length":253,"Height":306,"Demand":1,"DemandMax":null,"Value":77418}]}