{"Name":"Path100i3b1","Objects":[{"Length":585,"Height":647,"Stock":3,"Cost":378495},{"Length":1000,"Height":353,"Stock":5,"Cost":353000},{"Length":415,"Height":647,"Stock":6,"Cost":268505}],"Items":[{"Length":87,"Height":205,"Demand":1,"DemandMax":null,"Value":17835},{"Length":242,"Height":353,"Demand":1,"DemandMax":null,"Value":85426},{"Length":45,"Height":1,"Demand":1,"DemandMax":null,"Value":45},{"Length":301,"Height":309,"Demand":1,"DemandMax":null,"Value":93009},{"Length":74,"Height":353,"Demand":1,"DemandMax":null,"Value":26122},{"Length":100,"Height":73,"Demand":1,"DemandMax":null,"Value":7300},{"Length":1,"Height":56,"Demand":1,"DemandMax":null,"Value":56},{"Length":119,"Height":30,"Demand":1,"DemandMax":null,"Value":3570},{"Length":21,"Height":70,"Demand":1,"DemandMax":null,"Value":1470},{"Length":33,"Height":303,"Demand":1,"DemandMax":null,"Value":9999},{"Length":96,"Height":202,"Demand":1,"DemandMax":null,"Value":19392},{"Length":7,"Height":131,"Demand":1,"DemandMax":null,"Value":917},{"Length":276,"Height":250,"Demand":1,"DemandMax":null,"Value":69000},{"Length":110,"Height":178,"Demand":1,"DemandMax":null,"Value":19580},{"Length":222,"Height":338,"Demand":1,"DemandMax":null,"Value":75036},{"Length":328,"Height":34,"Demand":2,"DemandMax":null,"Value":11152},{"Length":181,"Height":151,"Demand":1,"DemandMax":null,"Value":27331},{"Length":7,"Height":241,"Demand":1,"DemandMax":null,"Value":1687},{"Length":3,"Height":151,"Demand":1,"DemandMax":null,"Value":453},{"Length":96,"Height":268,"Demand":1,"DemandMax":null,"Value":25728},{"Length":9,"Height":317,"Demand":1,"DemandMax":null,"Value":2853},{"Length":16,"Height":13,"Demand":1,"DemandMax":null,"Value":208},{"Length":157,"Height":88,"Demand":1,"DemandMax":null,"Value":13816},{"Length":284,"Height":309,"Demand":1,"DemandMax":null,"Value":87756},{"Length":3,"Height":1,"Demand":1,"DemandMax":null,"Value":3},{"Length":24,"Height":17,"Demand":1,"DemandMax":null,"Value":408},{"Length":14,"Height":13,"Demand":2,"DemandMax":null,"Value":182},{"Length":8,"Height":4,"Demand":1,"DemandMax":null,"Value":32},{"Length":178,"Height":27,"Demand":1,"DemandMax":null,"Value":4806},{"Length":8,"Height":303,"Demand":1,"DemandMax":null,"Value":2424},{"Length":100,"Height":67,"Demand":1,"DemandMax":null,"Value":6700},{"Length":11,"Height":13,"Demand":1,"DemandMax":null,"Value":143},{"Length":2,"Height":303,"Demand":1,"DemandMax":null,"Value":606},{"Length":16,"Height":77,"Demand":1,"DemandMax":null,"Value":1232},{"Length":181,"Height":166,"Demand":1,"DemandMax":null,"Value":30046},{"Length":3,"Height":4,"Demand":1,"DemandMax":null,"Value":12},{"Length":11,"Height":19,"Demand":1,"DemandMax":null,"Value":209},{"Length":19,"Height":178,"Demand":1,"DemandMax":null,"Value":3382},{"Length":7,"Height":19,"Demand":1,"DemandMax":null,"Value":133},{"Length":8,"Height":95,"Demand":1,"DemandMax":null,"Value":760},{"Length":38,"Height":7,"Demand":1,"DemandMax":null,"Value":266},{"Length":87,"Height":73,"Demand":1,"DemandMax":null,"Value":6351},{"Length":56,"Height":24,"Demand":1,"DemandMax":null,"Value":1344},{"Length":1,"Height":5,"Demand":1,"DemandMax":null,"Value":5},{"Length":2,"Height":48,"Demand":1,"DemandMax":null,"Value":96},{"Length":20,"Height":30,"Demand":1,"DemandMax":null,"Value":600},{"Length":7,"Height":24,"Demand":1,"DemandMax":null,"Value":168},{"Length":148,"Height":3,"Demand":1,"DemandMax":null,"Value":444},{"Length":14,"Height":1,"Demand":1,"DemandMax":null,"Value":14},{"Length":3,"Height":241,"Demand":1,"DemandMax":null,"Value":723},{"Length":77,"Height":317,"Demand":1,"DemandMax":null,"Value":24409},{"Length":42,"Height":200,"Demand":1,"DemandMax":null,"Value":8400},{"Length":119,"Height":1,"Demand":1,"DemandMax":null,"Value":119},{"Length":10,"Height":1,"Demand":1,"DemandMax":null,"Value":10},{"Length":36,"Height":303,"Demand":1,"DemandMax":null,"Value":10908},{"Length":38,"Height":132,"Demand":1,"DemandMax":null,"Value":5016},{"Length":148,"Height":19,"Demand":1,"DemandMax":null,"Value":2812},{"Length":3,"Height":16,"Demand":1,"DemandMax":null,"Value":48},{"Length":2,"Height":2,"Demand":1,"DemandMax":null,"Value":4},{"Length":16,"Height":16,"Demand":1,"DemandMax":null,"Value":256},{"Length":2,"Height":1,"Demand":2,"DemandMax":null,"Value":2},{"Length":14,"Height":3,"Demand":1,"DemandMax":null,"Value":42},{"Length":100,"Height":213,"Demand":1,"DemandMax":null,"Value":21300},{"Length":34,"Height":2,"Demand":1,"DemandMax":null,"Value":68},{"Length":56,"Height":1,"Demand":2,"DemandMax":null,"Value":56},{"Length":3,"Height":70,"Demand":1,"DemandMax":null,"Value":210},{"Length":87,"Height":60,"Demand":1,"DemandMax":null,"Value":5220},{"Length":7,"Height":1,"Demand":1,"DemandMax":null,"Value":7},{"Length":3,"Height":10,"Demand":1,"DemandMax":null,"Value":30},{"Length":9,"Height":2,"Demand":1,"DemandMax":null,"Value":18},{"Length":39,"Height":56,"Demand":1,"DemandMax":null,"Value":2184},{"Length":8,"Height":44,"Demand":1,"DemandMax":null,"Value":352},{"Length":2,"Height":38,"Demand":1,"DemandMax":null,"Value":76},{"Length":2,"Height":18,"Demand":1,"DemandMax":null,"Value":36},{"Length":16,"Height":45,"Demand":1,"DemandMax":null,"Value":720},{"Length":24,"Height":10,"Demand":1,"DemandMax":null,"Value":240},{"Length":7,"Height":75,"Demand":1,"DemandMax":null,"Value":525},{"Length":291,"Height":303,"Demand":1,"DemandMax":null,"Value":88173},{"Length":99,"Height":30,"Demand":1,"DemandMax":null,"Value":2970},{"Length":7,"Height":54,"Demand":1,"DemandMax":null,"Value":378},{"Length":1,"Height":1,"Demand":1,"DemandMax":null,"Value":1},{"Length":148,"Height":295,"Demand":1,"DemandMax":null,"Value":43660},{"Length":119,"Height":25,"Demand":1,"DemandMax":null,"Value":2975},{"Length":2,"Height":5,"Demand":1,"DemandMax":null,"Value":10},{"Length":4,"Height":1,"Demand":2,"DemandMax":null,"Value":4},{"Length":52,"Height":178,"Demand":1,"DemandMax":null,"Value":9256},{"Length":4,"Height":48,"Demand":1,"DemandMax":null,"Value":192},{"Length":85,"Height":2,"Demand":1,"DemandMax":null,"Value":170},{"Length":232,"Height":268,"Demand":1,"DemandMax":null,"Value":62176},{"Length":11,"Height":1,"Demand":1,"DemandMax":null,"Value":11},{"Length":10,"Height":95,"Demand":1,"DemandMax":null,"Value":950},{"Length":104,"Height":202,"Demand":1,"DemandMax":null,"Value":21008},{"Length":38,"Height":164,"Demand":1,"DemandMax":null,"Value":6232},{"Length":4,"Height":241,"Demand":1,"DemandMax":null,"Value":964},{"Length":328,"Height":17,"Demand":1,"DemandMax":null,"Value":5576}]}