{"Name":"Nice50i5b4","Objects":[{"Length":394,"Height":304,"Stock":6,"Cost":119776},{"Length":1000,"Height":348,"Stock":5,"Cost":348000},{"Length":606,"Height":304,"Stock":2,"Cost":184224},{"Length":421,"Height":348,"Stock":4,"Cost":146508},{"Length":579,"Height":348,"Stock":5,"Cost":201492}],"Items":[{"Length":38,"Height":142,"Demand":1,"DemandMax":null,"Value":5396},{"Length":121,"Height":153,"Demand":1,"DemandMax":null,"Value":18513},{"Length":119,"Height":152,"Demand":1,"DemandMax":null,"Value":18088},{"Length":159,"Height":173,"Demand":1,"DemandMax":null,"Value":27507},{"Length":176,"Height":124,"Demand":1,"DemandMax":null,"Value":21824},{"Length":186,"Height":86,"Demand":1,"DemandMax":null,"Value":15996},{"Length":142,"Height":152,"Demand":1,"DemandMax":null,"Value":21584},{"Length":86,"Height":162,"Demand":1,"DemandMax":null,"Value":13932},{"Length":141,"Height":137,"Demand":1,"DemandMax":null,"Value":19317},{"Length":261,"Height":68,"Demand":2,"DemandMax":null,"Value":17748},{"Length":95,"Height":165,"Demand":1,"DemandMax":null,"Value":15675},{"Length":156,"Height":131,"Demand":1,"DemandMax":null,"Value":20436},{"Length":50,"Height":78,"Demand":1,"DemandMax":null,"Value":3900},{"Length":262,"Height":72,"Demand":1,"DemandMax":null,"Value":18864},{"Length":189,"Height":50,"Demand":1,"DemandMax":null,"Value":9450},{"Length":106,"Height":162,"Demand":1,"DemandMax":null,"Value":17172},{"Length":216,"Height":217,"Demand":1,"DemandMax":null,"Value":46872},{"Length":141,"Height":211,"Demand":1,"DemandMax":null,"Value":29751},{"Length":262,"Height":79,"Demand":1,"DemandMax":null,"Value":20698},{"Length":137,"Height":152,"Demand":1,"DemandMax":null,"Value":20824},{"Length":235,"Height":71,"Demand":1,"DemandMax":null,"Value":16685},{"Length":186,"Height":89,"Demand":1,"DemandMax":null,"Value":16554},{"Length":261,"Height":81,"Demand":1,"DemandMax":null,"Value":21141},{"Length":202,"Height":84,"Demand":1,"DemandMax":null,"Value":16968},{"Length":162,"Height":131,"Demand":1,"DemandMax":null,"Value":21222},{"Length":235,"Height":104,"Demand":1,"DemandMax":null,"Value":24440},{"Length":129,"Height":142,"Demand":1,"DemandMax":null,"Value":18318},{"Length":170,"Height":152,"Demand":1,"DemandMax":null,"Value":25840},{"Length":128,"Height":140,"Demand":1,"DemandMax":null,"Value":17920},{"Length":172,"Height":131,"Demand":1,"DemandMax":null,"Value":22532},{"Length":125,"Height":131,"Demand":1,"DemandMax":null,"Value":16375},{"Length":180,"Height":49,"Demand":1,"DemandMax":null,"Value":8820},{"Length":47,"Height":111,"Demand":1,"DemandMax":null,"Value":5217},{"Length":176,"Height":89,"Demand":1,"DemandMax":null,"Value":15664},{"Length":128,"Height":208,"Demand":1,"DemandMax":null,"Value":26624},{"Length":148,"Height":142,"Demand":1,"DemandMax":null,"Value":21016},{"Length":167,"Height":165,"Demand":1,"DemandMax":null,"Value":27555},{"Length":176,"Height":135,"Demand":1,"DemandMax":null,"Value":23760},{"Length":275,"Height":69,"Demand":1,"DemandMax":null,"Value":18975},{"Length":275,"Height":83,"Demand":1,"DemandMax":null,"Value":22825},{"Length":121,"Height":195,"Demand":1,"DemandMax":null,"Value":23595},{"Length":136,"Height":131,"Demand":1,"DemandMax":null,"Value":17816},{"Length":262,"Height":94,"Demand":1,"DemandMax":null,"Value":24628},{"Length":274,"Height":217,"Demand":1,"DemandMax":null,"Value":59458},{"Length":79,"Height":142,"Demand":1,"DemandMax":null,"Value":11218},{"Length":180,"Height":103,"Demand":1,"DemandMax":null,"Value":18540},{"Length":189,"Height":102,"Demand":1,"DemandMax":null,"Value":19278},{"Length":152,"Height":78,"Demand":1,"DemandMax":null,"Value":11856},{"Length":215,"Height":111,"Demand":1,"DemandMax":null,"Value":23865}]}