{"Name":"Path500i5b1","Objects":[{"Length":513,"Height":478,"Stock":1,"Cost":245214},{"Length":487,"Height":288,"Stock":5,"Cost":140256},{"Length":513,"Height":522,"Stock":5,"Cost":267786},{"Length":487,"Height":466,"Stock":4,"Cost":226942},{"Length":487,"Height":246,"Stock":3,"Cost":119802}],"Items":[{"Length":83,"Height":54,"Demand":1,"DemandMax":null,"Value":4482},{"Length":36,"Height":104,"Demand":1,"DemandMax":null,"Value":3744},{"Length":95,"Height":35,"Demand":1,"DemandMax":null,"Value":3325},{"Length":59,"Height":1,"Demand":1,"DemandMax":null,"Value":59},{"Length":105,"Height":10,"Demand":1,"DemandMax":null,"Value":1050},{"Length":4,"Height":27,"Demand":1,"DemandMax":null,"Value":108},{"Length":175,"Height":49,"Demand":1,"DemandMax":null,"Value":8575},{"Length":7,"Height":1,"Demand":2,"DemandMax":null,"Value":7},{"Length":246,"Height":19,"Demand":1,"DemandMax":null,"Value":4674},{"Length":147,"Height":27,"Demand":1,"DemandMax":null,"Value":3969},{"Length":1,"Height":211,"Demand":1,"DemandMax":null,"Value":211},{"Length":14,"Height":19,"Demand":1,"DemandMax":null,"Value":266},{"Length":5,"Height":205,"Demand":1,"DemandMax":null,"Value":1025},{"Length":244,"Height":43,"Demand":1,"DemandMax":null,"Value":10492},{"Length":99,"Height":31,"Demand":1,"DemandMax":null,"Value":3069},{"Length":3,"Height":2,"Demand":2,"DemandMax":null,"Value":6},{"Length":11,"Height":24,"Demand":1,"DemandMax":null,"Value":264},{"Length":2,"Height":22,"Demand":2,"DemandMax":null,"Value":44},{"Length":2,"Height":199,"Demand":1,"DemandMax":null,"Value":398},{"Length":91,"Height":111,"Demand":1,"DemandMax":null,"Value":10101},{"Length":180,"Height":6,"Demand":1,"DemandMax":null,"Value":1080},{"Length":2,"Height":27,"Demand":1,"DemandMax":null,"Value":54},{"Length":7,"Height":9,"Demand":1,"DemandMax":null,"Value":63},{"Length":15,"Height":1,"Demand":2,"DemandMax":null,"Value":15},{"Length":3,"Height":41,"Demand":1,"DemandMax":null,"Value":123},{"Length":22,"Height":10,"Demand":1,"DemandMax":null,"Value":220},{"Length":56,"Height":1,"Demand":1,"DemandMax":null,"Value":56},{"Length":191,"Height":91,"Demand":1,"DemandMax":null,"Value":17381},{"Length":34,"Height":4,"Demand":1,"DemandMax":null,"Value":136},{"Length":160,"Height":4,"Demand":1,"DemandMax":null,"Value":640},{"Length":97,"Height":155,"Demand":1,"DemandMax":null,"Value":15035},{"Length":1,"Height":1,"Demand":44,"DemandMax":null,"Value":1},{"Length":133,"Height":104,"Demand":1,"DemandMax":null,"Value":13832},{"Length":159,"Height":110,"Demand":1,"DemandMax":null,"Value":17490},{"Length":182,"Height":229,"Demand":1,"DemandMax":null,"Value":41678},{"Length":23,"Height":107,"Demand":1,"DemandMax":null,"Value":2461},{"Length":2,"Height":1,"Demand":20,"DemandMax":null,"Value":2},{"Length":168,"Height":10,"Demand":1,"DemandMax":null,"Value":1680},{"Length":101,"Height":3,"Demand":1,"DemandMax":null,"Value":303},{"Length":127,"Height":9,"Demand":1,"DemandMax":null,"Value":1143},{"Length":30,"Height":6,"Demand":1,"DemandMax":null,"Value":180},{"Length":1,"Height":20,"Demand":4,"DemandMax":null,"Value":20},{"Length":105,"Height":4,"Demand":1,"DemandMax":null,"Value":420},{"Length":1,"Height":199,"Demand":1,"DemandMax":null,"Value":199},{"Length":20,"Height":108,"Demand":1,"DemandMax":null,"Value":2160},{"Length":35,"Height":81,"Demand":1,"DemandMax":null,"Value":2835},{"Length":8,"Height":235,"Demand":1,"DemandMax":null,"Value":1880},{"Length":39,"Height":1,"Demand":3,"DemandMax":null,"Value":39},{"Length":6,"Height":190,"Demand":1,"DemandMax":null,"Value":1140},{"Length":2,"Height":35,"Demand":1,"DemandMax":null,"Value":70},{"Length":8,"Height":107,"Demand":1,"DemandMax":null,"Value":856},{"Length":3,"Height":16,"Demand":1,"DemandMax":null,"Value":48},{"Length":172,"Height":87,"Demand":1,"DemandMax":null,"Value":14964},{"Length":1,"Height":188,"Demand":2,"DemandMax":null,"Value":188},{"Length":10,"Height":14,"Demand":1,"DemandMax":null,"Value":140},{"Length":6,"Height":1,"Demand":6,"DemandMax":null,"Value":6},{"Length":33,"Height":3,"Demand":1,"DemandMax":null,"Value":99},{"Length":195,"Height":4,"Demand":1,"DemandMax":null,"Value":780},{"Length":5,"Height":1,"Demand":5,"DemandMax":null,"Value":5},{"Length":9,"Height":5,"Demand":3,"DemandMax":null,"Value":45},{"Length":28,"Height":43,"Demand":1,"DemandMax":null,"Value":1204},{"Length":4,"Height":6,"Demand":1,"DemandMax":null,"Value":24},{"Length":68,"Height":110,"Demand":1,"DemandMax":null,"Value":7480},{"Length":13,"Height":107,"Demand":2,"DemandMax":null,"Value":1391},{"Length":2,"Height":24,"Demand":1,"DemandMax":null,"Value":48},{"Length":168,"Height":2,"Demand":1,"DemandMax":null,"Value":336},{"Length":1,"Height":48,"Demand":1,"DemandMax":null,"Value":48},{"Length":2,"Height":29,"Demand":2,"DemandMax":null,"Value":58},{"Length":38,"Height":33,"Demand":1,"DemandMax":null,"Value":1254},{"Length":205,"Height":226,"Demand":1,"DemandMax":null,"Value":46330},{"Length":9,"Height":66,"Demand":1,"DemandMax":null,"Value":594},{"Length":168,"Height":7,"Demand":1,"DemandMax":null,"Value":1176},{"Length":14,"Height":27,"Demand":1,"DemandMax":null,"Value":378},{"Length":168,"Height":19,"Demand":1,"DemandMax":null,"Value":3192},{"Length":5,"Height":10,"Demand":2,"DemandMax":null,"Value":50},{"Length":164,"Height":128,"Demand":1,"DemandMax":null,"Value":20992},{"Length":242,"Height":32,"Demand":1,"DemandMax":null,"Value":7744},{"Length":29,"Height":1,"Demand":2,"DemandMax":null,"Value":29},{"Length":1,"Height":9,"Demand":3,"DemandMax":null,"Value":9},{"Length":133,"Height":33,"Demand":1,"DemandMax":null,"Value":4389},{"Length":9,"Height":17,"Demand":1,"DemandMax":null,"Value":153},{"Length":1,"Height":10,"Demand":1,"DemandMax":null,"Value":10},{"Length":136,"Height":38,"Demand":1,"DemandMax":null,"Value":5168},{"Length":47,"Height":1,"Demand":2,"DemandMax":null,"Value":47},{"Length":4,"Height":1,"Demand":8,"DemandMax":null,"Value":4},{"Length":1,"Height":107,"Demand":1,"DemandMax":null,"Value":107},{"Length":8,"Height":4,"Demand":1,"DemandMax":null,"Value":32},{"Length":5,"Height":2,"Demand":1,"DemandMax":null,"Value":10},{"Length":17,"Height":46,"Demand":1,"DemandMax":null,"Value":782},{"Length":76,"Height":5,"Demand":1,"DemandMax":null,"Value":380},{"Length":50,"Height":14,"Demand":1,"DemandMax":null,"Value":700},{"Length":19,"Height":130,"Demand":1,"DemandMax":null,"Value":2470},{"Length":136,"Height":3,"Demand":1,"DemandMax":null,"Value":408},{"Length":6,"Height":9,"Demand":1,"DemandMax":null,"Value":54},{"Length":2,"Height":37,"Demand":1,"DemandMax":null,"Value":74},{"Length":2,"Height":3,"Demand":1,"DemandMax":null,"Value":6},{"Length":9,"Height":1,"Demand":5,"DemandMax":null,"Value":9},{"Length":98,"Height":1,"Demand":1,"DemandMax":null,"Value":98},{"Length":29,"Height":2,"Demand":1,"DemandMax":null,"Value":58},{"Length":196,"Height":15,"Demand":1,"DemandMax":null,"Value":2940},{"Length":242,"Height":15,"Demand":1,"DemandMax":null,"Value":3630},{"Length":104,"Height":63,"Demand":1,"DemandMax":null,"Value":6552},{"Length":47,"Height":48,"Demand":1,"DemandMax":null,"Value":2256},{"Length":58,"Height":10,"Demand":1,"DemandMax":null,"Value":580},{"Length":134,"Height":1,"Demand":1,"DemandMax":null,"Value":134},{"Length":2,"Height":6,"Demand":2,"DemandMax":null,"Value":12},{"Length":131,"Height":26,"Demand":1,"DemandMax":null,"Value":3406},{"Length":10,"Height":41,"Demand":1,"DemandMax":null,"Value":410},{"Length":50,"Height":17,"Demand":1,"DemandMax":null,"Value":850},{"Length":11,"Height":3,"Demand":2,"DemandMax":null,"Value":33},{"Length":30,"Height":11,"Demand":1,"DemandMax":null,"Value":330},{"Length":14,"Height":54,"Demand":1,"DemandMax":null,"Value":756},{"Length":40,"Height":1,"Demand":1,"DemandMax":null,"Value":40},{"Length":122,"Height":1,"Demand":1,"DemandMax":null,"Value":122},{"Length":10,"Height":59,"Demand":1,"DemandMax":null,"Value":590},{"Length":127,"Height":34,"Demand":1,"DemandMax":null,"Value":4318},{"Length":2,"Height":12,"Demand":1,"DemandMax":null,"Value":24},{"Length":24,"Height":8,"Demand":1,"DemandMax":null,"Value":192},{"Length":91,"Height":3,"Demand":1,"DemandMax":null,"Value":273},{"Length":16,"Height":36,"Demand":1,"DemandMax":null,"Value":576},{"Length":61,"Height":229,"Demand":1,"DemandMax":null,"Value":13969},{"Length":8,"Height":20,"Demand":1,"DemandMax":null,"Value":160},{"Length":168,"Height":8,"Demand":1,"DemandMax":null,"Value":1344},{"Length":3,"Height":104,"Demand":1,"DemandMax":null,"Value":312},{"Length":11,"Height":1,"Demand":4,"DemandMax":null,"Value":11},{"Length":142,"Height":3,"Demand":1,"DemandMax":null,"Value":426},{"Length":7,"Height":48,"Demand":1,"DemandMax":null,"Value":336},{"Length":136,"Height":5,"Demand":1,"DemandMax":null,"Value":680},{"Length":2,"Height":28,"Demand":1,"DemandMax":null,"Value":56},{"Length":10,"Height":1,"Demand":2,"DemandMax":null,"Value":10},{"Length":9,"Height":4,"Demand":1,"DemandMax":null,"Value":36},{"Length":18,"Height":18,"Demand":1,"DemandMax":null,"Value":324},{"Length":8,"Height":1,"Demand":3,"DemandMax":null,"Value":8},{"Length":1,"Height":17,"Demand":1,"DemandMax":null,"Value":17},{"Length":87,"Height":28,"Demand":1,"DemandMax":null,"Value":2436},{"Length":53,"Height":2,"Demand":1,"DemandMax":null,"Value":106},{"Length":48,"Height":32,"Demand":1,"DemandMax":null,"Value":1536},{"Length":29,"Height":63,"Demand":1,"DemandMax":null,"Value":1827},{"Length":1,"Height":36,"Demand":1,"DemandMax":null,"Value":36},{"Length":196,"Height":4,"Demand":1,"DemandMax":null,"Value":784},{"Length":244,"Height":110,"Demand":1,"DemandMax":null,"Value":26840},{"Length":23,"Height":1,"Demand":1,"DemandMax":null,"Value":23},{"Length":3,"Height":29,"Demand":1,"DemandMax":null,"Value":87},{"Length":15,"Height":8,"Demand":1,"DemandMax":null,"Value":120},{"Length":235,"Height":166,"Demand":1,"DemandMax":null,"Value":39010},{"Length":1,"Height":73,"Demand":1,"DemandMax":null,"Value":73},{"Length":3,"Height":1,"Demand":6,"DemandMax":null,"Value":3},{"Length":1,"Height":143,"Demand":1,"DemandMax":null,"Value":143},{"Length":85,"Height":184,"Demand":1,"DemandMax":null,"Value":15640},{"Length":40,"Height":22,"Demand":1,"DemandMax":null,"Value":880},{"Length":42,"Height":104,"Demand":1,"DemandMax":null,"Value":4368},{"Length":1,"Height":191,"Demand":1,"DemandMax":null,"Value":191},{"Length":6,"Height":48,"Demand":1,"DemandMax":null,"Value":288},{"Length":1,"Height":6,"Demand":5,"DemandMax":null,"Value":6},{"Length":3,"Height":7,"Demand":1,"DemandMax":null,"Value":21},{"Length":136,"Height":1,"Demand":1,"DemandMax":null,"Value":136},{"Length":111,"Height":37,"Demand":1,"DemandMax":null,"Value":4107},{"Length":2,"Height":19,"Demand":2,"DemandMax":null,"Value":38},{"Length":28,"Height":4,"Demand":1,"DemandMax":null,"Value":112},{"Length":13,"Height":119,"Demand":1,"DemandMax":null,"Value":1547},{"Length":5,"Height":14,"Demand":1,"DemandMax":null,"Value":70},{"Length":1,"Height":4,"Demand":4,"DemandMax":null,"Value":4},{"Length":10,"Height":5,"Demand":1,"DemandMax":null,"Value":50},{"Length":28,"Height":18,"Demand":1,"DemandMax":null,"Value":504},{"Length":154,"Height":2,"Demand":1,"DemandMax":null,"Value":308},{"Length":19,"Height":16,"Demand":1,"DemandMax":null,"Value":304},{"Length":61,"Height":1,"Demand":1,"DemandMax":null,"Value":61},{"Length":2,"Height":8,"Demand":2,"DemandMax":null,"Value":16},{"Length":29,"Height":49,"Demand":1,"DemandMax":null,"Value":1421},{"Length":55,"Height":76,"Demand":1,"DemandMax":null,"Value":4180},{"Length":12,"Height":119,"Demand":1,"DemandMax":null,"Value":1428},{"Length":45,"Height":5,"Demand":1,"DemandMax":null,"Value":225},{"Length":6,"Height":3,"Demand":3,"DemandMax":null,"Value":18},{"Length":5,"Height":6,"Demand":1,"DemandMax":null,"Value":30},{"Length":41,"Height":48,"Demand":1,"DemandMax":null,"Value":1968},{"Length":3,"Height":3,"Demand":3,"DemandMax":null,"Value":9},{"Length":15,"Height":130,"Demand":1,"DemandMax":null,"Value":1950},{"Length":40,"Height":33,"Demand":1,"DemandMax":null,"Value":1320},{"Length":12,"Height":11,"Demand":1,"DemandMax":null,"Value":132},{"Length":1,"Height":28,"Demand":1,"DemandMax":null,"Value":28},{"Length":71,"Height":31,"Demand":1,"DemandMax":null,"Value":2201},{"Length":59,"Height":28,"Demand":1,"DemandMax":null,"Value":1652},{"Length":71,"Height":11,"Demand":1,"DemandMax":null,"Value":781},{"Length":9,"Height":8,"Demand":1,"DemandMax":null,"Value":72},{"Length":108,"Height":134,"Demand":1,"DemandMax":null,"Value":14472},{"Length":9,"Height":12,"Demand":1,"DemandMax":null,"Value":108},{"Length":3,"Height":59,"Demand":2,"DemandMax":null,"Value":177},{"Length":44,"Height":1,"Demand":1,"DemandMax":null,"Value":44},{"Length":8,"Height":211,"Demand":1,"DemandMax":null,"Value":1688},{"Length":192,"Height":165,"Demand":1,"DemandMax":null,"Value":31680},{"Length":4,"Height":107,"Demand":1,"DemandMax":null,"Value":428},{"Length":71,"Height":26,"Demand":2,"DemandMax":null,"Value":1846},{"Length":145,"Height":3,"Demand":1,"DemandMax":null,"Value":435},{"Length":1,"Height":11,"Demand":3,"DemandMax":null,"Value":11},{"Length":9,"Height":33,"Demand":1,"DemandMax":null,"Value":297},{"Length":150,"Height":54,"Demand":1,"DemandMax":null,"Value":8100},{"Length":4,"Height":28,"Demand":1,"DemandMax":null,"Value":112},{"Length":104,"Height":2,"Demand":1,"DemandMax":null,"Value":208},{"Length":2,"Height":150,"Demand":1,"DemandMax":null,"Value":300},{"Length":4,"Height":15,"Demand":1,"DemandMax":null,"Value":60},{"Length":22,"Height":3,"Demand":1,"DemandMax":null,"Value":66},{"Length":2,"Height":55,"Demand":1,"DemandMax":null,"Value":110},{"Length":2,"Height":50,"Demand":1,"DemandMax":null,"Value":100},{"Length":46,"Height":1,"Demand":1,"DemandMax":null,"Value":46},{"Length":56,"Height":61,"Demand":1,"DemandMax":null,"Value":3416},{"Length":19,"Height":10,"Demand":1,"DemandMax":null,"Value":190},{"Length":3,"Height":28,"Demand":1,"DemandMax":null,"Value":84},{"Length":1,"Height":18,"Demand":1,"DemandMax":null,"Value":18},{"Length":7,"Height":7,"Demand":1,"DemandMax":null,"Value":49},{"Length":10,"Height":199,"Demand":1,"DemandMax":null,"Value":1990},{"Length":12,"Height":2,"Demand":2,"DemandMax":null,"Value":24},{"Length":98,"Height":30,"Demand":1,"DemandMax":null,"Value":2940},{"Length":5,"Height":9,"Demand":2,"DemandMax":null,"Value":45},{"Length":56,"Height":144,"Demand":1,"DemandMax":null,"Value":8064},{"Length":162,"Height":52,"Demand":1,"DemandMax":null,"Value":8424},{"Length":1,"Height":84,"Demand":1,"DemandMax":null,"Value":84},{"Length":35,"Height":8,"Demand":1,"DemandMax":null,"Value":280},{"Length":64,"Height":1,"Demand":1,"DemandMax":null,"Value":64},{"Length":12,"Height":1,"Demand":1,"DemandMax":null,"Value":12},{"Length":122,"Height":2,"Demand":1,"DemandMax":null,"Value":244},{"Length":6,"Height":104,"Demand":1,"DemandMax":null,"Value":624},{"Length":131,"Height":8,"Demand":1,"DemandMax":null,"Value":1048},{"Length":1,"Height":3,"Demand":4,"DemandMax":null,"Value":3},{"Length":70,"Height":47,"Demand":1,"DemandMax":null,"Value":3290},{"Length":2,"Height":106,"Demand":1,"DemandMax":null,"Value":212},{"Length":51,"Height":10,"Demand":1,"DemandMax":null,"Value":510},{"Length":15,"Height":3,"Demand":2,"DemandMax":null,"Value":45},{"Length":12,"Height":57,"Demand":1,"DemandMax":null,"Value":684},{"Length":70,"Height":27,"Demand":1,"DemandMax":null,"Value":1890},{"Length":2,"Height":2,"Demand":2,"DemandMax":null,"Value":4},{"Length":111,"Height":1,"Demand":1,"DemandMax":null,"Value":111},{"Length":40,"Height":108,"Demand":1,"DemandMax":null,"Value":4320},{"Length":162,"Height":67,"Demand":1,"DemandMax":null,"Value":10854},{"Length":5,"Height":12,"Demand":1,"DemandMax":null,"Value":60},{"Length":56,"Height":184,"Demand":1,"DemandMax":null,"Value":10304},{"Length":6,"Height":8,"Demand":2,"DemandMax":null,"Value":48},{"Length":136,"Height":2,"Demand":3,"DemandMax":null,"Value":272},{"Length":101,"Height":210,"Demand":1,"DemandMax":null,"Value":21210},{"Length":243,"Height":95,"Demand":1,"DemandMax":null,"Value":23085},{"Length":50,"Height":12,"Demand":1,"DemandMax":null,"Value":600},{"Length":11,"Height":6,"Demand":1,"DemandMax":null,"Value":66},{"Length":55,"Height":43,"Demand":1,"DemandMax":null,"Value":2365},{"Length":56,"Height":5,"Demand":1,"DemandMax":null,"Value":280},{"Length":30,"Height":29,"Demand":1,"DemandMax":null,"Value":870},{"Length":5,"Height":28,"Demand":1,"DemandMax":null,"Value":140},{"Length":64,"Height":3,"Demand":1,"DemandMax":null,"Value":192},{"Length":6,"Height":35,"Demand":1,"DemandMax":null,"Value":210},{"Length":196,"Height":7,"Demand":1,"DemandMax":null,"Value":1372},{"Length":104,"Height":114,"Demand":1,"DemandMax":null,"Value":11856},{"Length":22,"Height":48,"Demand":1,"DemandMax":null,"Value":1056},{"Length":149,"Height":186,"Demand":1,"DemandMax":null,"Value":27714},{"Length":36,"Height":129,"Demand":1,"DemandMax":null,"Value":4644},{"Length":3,"Height":48,"Demand":1,"DemandMax":null,"Value":144},{"Length":10,"Height":11,"Demand":1,"DemandMax":null,"Value":110},{"Length":1,"Height":12,"Demand":1,"DemandMax":null,"Value":12},{"Length":50,"Height":24,"Demand":1,"DemandMax":null,"Value":1200},{"Length":160,"Height":7,"Demand":1,"DemandMax":null,"Value":1120},{"Length":5,"Height":32,"Demand":1,"DemandMax":null,"Value":160},{"Length":2,"Height":11,"Demand":1,"DemandMax":null,"Value":22},{"Length":15,"Height":41,"Demand":1,"DemandMax":null,"Value":615},{"Length":6,"Height":41,"Demand":1,"DemandMax":null,"Value":246},{"Length":6,"Height":10,"Demand":1,"DemandMax":null,"Value":60},{"Length":207,"Height":238,"Demand":1,"DemandMax":null,"Value":49266},{"Length":131,"Height":60,"Demand":1,"DemandMax":null,"Value":7860},{"Length":5,"Height":48,"Demand":1,"DemandMax":null,"Value":240},{"Length":2,"Height":41,"Demand":1,"DemandMax":null,"Value":82},{"Length":39,"Height":4,"Demand":1,"DemandMax":null,"Value":156},{"Length":8,"Height":3,"Demand":1,"DemandMax":null,"Value":24},{"Length":33,"Height":1,"Demand":2,"DemandMax":null,"Value":33},{"Length":91,"Height":23,"Demand":1,"DemandMax":null,"Value":2093},{"Length":134,"Height":2,"Demand":1,"DemandMax":null,"Value":268},{"Length":16,"Height":1,"Demand":1,"DemandMax":null,"Value":16},{"Length":26,"Height":11,"Demand":1,"DemandMax":null,"Value":286},{"Length":47,"Height":65,"Demand":1,"DemandMax":null,"Value":3055},{"Length":135,"Height":155,"Demand":1,"DemandMax":null,"Value":20925},{"Length":111,"Height":14,"Demand":1,"DemandMax":null,"Value":1554},{"Length":56,"Height":25,"Demand":1,"DemandMax":null,"Value":1400},{"Length":1,"Height":15,"Demand":1,"DemandMax":null,"Value":15},{"Length":11,"Height":27,"Demand":1,"DemandMax":null,"Value":297},{"Length":6,"Height":191,"Demand":1,"DemandMax":null,"Value":1146},{"Length":61,"Height":2,"Demand":1,"DemandMax":null,"Value":122},{"Length":242,"Height":28,"Demand":1,"DemandMax":null,"Value":6776},{"Length":12,"Height":243,"Demand":1,"DemandMax":null,"Value":2916},{"Length":105,"Height":43,"Demand":1,"DemandMax":null,"Value":4515},{"Length":9,"Height":2,"Demand":1,"DemandMax":null,"Value":18},{"Length":1,"Height":46,"Demand":1,"DemandMax":null,"Value":46},{"Length":116,"Height":9,"Demand":1,"DemandMax":null,"Value":1044},{"Length":8,"Height":35,"Demand":1,"DemandMax":null,"Value":280},{"Length":92,"Height":48,"Demand":1,"DemandMax":null,"Value":4416},{"Length":2,"Height":104,"Demand":1,"DemandMax":null,"Value":208},{"Length":112,"Height":8,"Demand":1,"DemandMax":null,"Value":896},{"Length":2,"Height":70,"Demand":1,"DemandMax":null,"Value":140},{"Length":55,"Height":1,"Demand":1,"DemandMax":null,"Value":55},{"Length":35,"Height":7,"Demand":1,"DemandMax":null,"Value":245},{"Length":66,"Height":54,"Demand":1,"DemandMax":null,"Value":3564},{"Length":93,"Height":5,"Demand":1,"DemandMax":null,"Value":465},{"Length":108,"Height":9,"Demand":1,"DemandMax":null,"Value":972},{"Length":99,"Height":112,"Demand":1,"DemandMax":null,"Value":11088},{"Length":104,"Height":68,"Demand":1,"DemandMax":null,"Value":7072},{"Length":1,"Height":2,"Demand":6,"DemandMax":null,"Value":2},{"Length":209,"Height":104,"Demand":1,"DemandMax":null,"Value":21736},{"Length":6,"Height":6,"Demand":1,"DemandMax":null,"Value":36},{"Length":50,"Height":224,"Demand":1,"DemandMax":null,"Value":11200},{"Length":30,"Height":1,"Demand":1,"DemandMax":null,"Value":30},{"Length":3,"Height":107,"Demand":1,"DemandMax":null,"Value":321},{"Length":108,"Height":97,"Demand":1,"DemandMax":null,"Value":10476},{"Length":9,"Height":100,"Demand":1,"DemandMax":null,"Value":900},{"Length":168,"Height":25,"Demand":1,"DemandMax":null,"Value":4200},{"Length":27,"Height":38,"Demand":1,"DemandMax":null,"Value":1026},{"Length":15,"Height":24,"Demand":1,"DemandMax":null,"Value":360},{"Length":164,"Height":62,"Demand":1,"DemandMax":null,"Value":10168},{"Length":166,"Height":27,"Demand":1,"DemandMax":null,"Value":4482},{"Length":5,"Height":36,"Demand":1,"DemandMax":null,"Value":180},{"Length":1,"Height":5,"Demand":1,"DemandMax":null,"Value":5},{"Length":137,"Height":129,"Demand":1,"DemandMax":null,"Value":17673},{"Length":24,"Height":87,"Demand":1,"DemandMax":null,"Value":2088},{"Length":2,"Height":188,"Demand":1,"DemandMax":null,"Value":376},{"Length":10,"Height":33,"Demand":1,"DemandMax":null,"Value":330},{"Length":22,"Height":4,"Demand":1,"DemandMax":null,"Value":88},{"Length":1,"Height":23,"Demand":1,"DemandMax":null,"Value":23},{"Length":3,"Height":22,"Demand":1,"DemandMax":null,"Value":66},{"Length":35,"Height":33,"Demand":1,"DemandMax":null,"Value":1155},{"Length":30,"Height":2,"Demand":1,"DemandMax":null,"Value":60},{"Length":35,"Height":5,"Demand":1,"DemandMax":null,"Value":175},{"Length":4,"Height":7,"Demand":1,"DemandMax":null,"Value":28},{"Length":56,"Height":2,"Demand":1,"DemandMax":null,"Value":112},{"Length":19,"Height":9,"Demand":1,"DemandMax":null,"Value":171},{"Length":122,"Height":3,"Demand":1,"DemandMax":null,"Value":366},{"Length":154,"Height":8,"Demand":1,"DemandMax":null,"Value":1232},{"Length":6,"Height":5,"Demand":1,"DemandMax":null,"Value":30},{"Length":5,"Height":17,"Demand":1,"DemandMax":null,"Value":85},{"Length":122,"Height":5,"Demand":1,"DemandMax":null,"Value":610},{"Length":8,"Height":130,"Demand":1,"DemandMax":null,"Value":1040},{"Length":100,"Height":10,"Demand":1,"DemandMax":null,"Value":1000},{"Length":243,"Height":39,"Demand":1,"DemandMax":null,"Value":9477},{"Length":31,"Height":38,"Demand":1,"DemandMax":null,"Value":1178},{"Length":19,"Height":30,"Demand":1,"DemandMax":null,"Value":570},{"Length":5,"Height":8,"Demand":1,"DemandMax":null,"Value":40},{"Length":11,"Height":9,"Demand":1,"DemandMax":null,"Value":99},{"Length":2,"Height":129,"Demand":1,"DemandMax":null,"Value":258},{"Length":192,"Height":70,"Demand":1,"DemandMax":null,"Value":13440},{"Length":5,"Height":38,"Demand":1,"DemandMax":null,"Value":190},{"Length":111,"Height":43,"Demand":1,"DemandMax":null,"Value":4773},{"Length":244,"Height":133,"Demand":1,"DemandMax":null,"Value":32452},{"Length":5,"Height":3,"Demand":1,"DemandMax":null,"Value":15},{"Length":35,"Height":2,"Demand":1,"DemandMax":null,"Value":70},{"Length":47,"Height":22,"Demand":1,"DemandMax":null,"Value":1034},{"Length":117,"Height":34,"Demand":1,"DemandMax":null,"Value":3978},{"Length":76,"Height":108,"Demand":1,"DemandMax":null,"Value":8208},{"Length":71,"Height":60,"Demand":1,"DemandMax":null,"Value":4260},{"Length":27,"Height":54,"Demand":1,"DemandMax":null,"Value":1458},{"Length":22,"Height":18,"Demand":1,"DemandMax":null,"Value":396},{"Length":5,"Height":19,"Demand":1,"DemandMax":null,"Value":95}]}