{"Name":"Nice25i3b4","Objects":[{"Length":473,"Height":473,"Stock":6,"Cost":223729},{"Length":1000,"Height":527,"Stock":6,"Cost":527000},{"Length":527,"Height":473,"Stock":2,"Cost":249271}],"Items":[{"Length":171,"Height":175,"Demand":1,"DemandMax":null,"Value":29925},{"Length":114,"Height":257,"Demand":1,"DemandMax":null,"Value":29298},{"Length":246,"Height":169,"Demand":1,"DemandMax":null,"Value":41574},{"Length":131,"Height":304,"Demand":1,"DemandMax":null,"Value":39824},{"Length":305,"Height":108,"Demand":1,"DemandMax":null,"Value":32940},{"Length":174,"Height":96,"Demand":1,"DemandMax":null,"Value":16704},{"Length":281,"Height":169,"Demand":1,"DemandMax":null,"Value":47489},{"Length":111,"Height":270,"Demand":1,"DemandMax":null,"Value":29970},{"Length":234,"Height":126,"Demand":1,"DemandMax":null,"Value":29484},{"Length":305,"Height":79,"Demand":1,"DemandMax":null,"Value":24095},{"Length":473,"Height":172,"Demand":1,"DemandMax":null,"Value":81356},{"Length":112,"Height":257,"Demand":1,"DemandMax":null,"Value":28784},{"Length":239,"Height":126,"Demand":1,"DemandMax":null,"Value":30114},{"Length":459,"Height":118,"Demand":1,"DemandMax":null,"Value":54162},{"Length":396,"Height":304,"Demand":1,"DemandMax":null,"Value":120384},{"Length":117,"Height":175,"Demand":1,"DemandMax":null,"Value":20475},{"Length":65,"Height":257,"Demand":1,"DemandMax":null,"Value":16705},{"Length":459,"Height":139,"Demand":1,"DemandMax":null,"Value":63801},{"Length":263,"Height":129,"Demand":1,"DemandMax":null,"Value":33927},{"Length":321,"Height":270,"Demand":1,"DemandMax":null,"Value":86670},{"Length":305,"Height":83,"Demand":1,"DemandMax":null,"Value":25315},{"Length":263,"Height":141,"Demand":1,"DemandMax":null,"Value":37083},{"Length":76,"Height":257,"Demand":1,"DemandMax":null,"Value":19532},{"Length":174,"Height":161,"Demand":1,"DemandMax":null,"Value":28014},{"Length":185,"Height":175,"Demand":1,"DemandMax":null,"Value":32375}]}