{"Name":"Nice400i3b5","Objects":[{"Length":1000,"Height":455,"Stock":5,"Cost":455000},{"Length":290,"Height":545,"Stock":3,"Cost":158050},{"Length":710,"Height":545,"Stock":1,"Cost":386950}],"Items":[{"Length":60,"Height":21,"Demand":1,"DemandMax":null,"Value":1260},{"Length":59,"Height":38,"Demand":2,"DemandMax":null,"Value":2242},{"Length":43,"Height":43,"Demand":1,"DemandMax":null,"Value":1849},{"Length":86,"Height":30,"Demand":1,"DemandMax":null,"Value":2580},{"Length":26,"Height":48,"Demand":1,"DemandMax":null,"Value":1248},{"Length":37,"Height":51,"Demand":2,"DemandMax":null,"Value":1887},{"Length":43,"Height":29,"Demand":1,"DemandMax":null,"Value":1247},{"Length":31,"Height":108,"Demand":1,"DemandMax":null,"Value":3348},{"Length":39,"Height":36,"Demand":1,"DemandMax":null,"Value":1404},{"Length":105,"Height":29,"Demand":2,"DemandMax":null,"Value":3045},{"Length":71,"Height":41,"Demand":1,"DemandMax":null,"Value":2911},{"Length":94,"Height":34,"Demand":1,"DemandMax":null,"Value":3196},{"Length":67,"Height":21,"Demand":1,"DemandMax":null,"Value":1407},{"Length":41,"Height":46,"Demand":2,"DemandMax":null,"Value":1886},{"Length":32,"Height":39,"Demand":2,"DemandMax":null,"Value":1248},{"Length":66,"Height":57,"Demand":1,"DemandMax":null,"Value":3762},{"Length":49,"Height":46,"Demand":1,"DemandMax":null,"Value":2254},{"Length":70,"Height":50,"Demand":1,"DemandMax":null,"Value":3500},{"Length":40,"Height":48,"Demand":1,"DemandMax":null,"Value":1920},{"Length":64,"Height":46,"Demand":1,"DemandMax":null,"Value":2944},{"Length":59,"Height":34,"Demand":1,"DemandMax":null,"Value":2006},{"Length":60,"Height":55,"Demand":1,"DemandMax":null,"Value":3300},{"Length":66,"Height":51,"Demand":1,"DemandMax":null,"Value":3366},{"Length":31,"Height":41,"Demand":1,"DemandMax":null,"Value":1271},{"Length":25,"Height":88,"Demand":1,"DemandMax":null,"Value":2200},{"Length":50,"Height":34,"Demand":1,"DemandMax":null,"Value":1700},{"Length":63,"Height":39,"Demand":1,"DemandMax":null,"Value":2457},{"Length":119,"Height":92,"Demand":1,"DemandMax":null,"Value":10948},{"Length":76,"Height":30,"Demand":3,"DemandMax":null,"Value":2280},{"Length":26,"Height":51,"Demand":1,"DemandMax":null,"Value":1326},{"Length":40,"Height":64,"Demand":1,"DemandMax":null,"Value":2560},{"Length":32,"Height":99,"Demand":1,"DemandMax":null,"Value":3168},{"Length":49,"Height":37,"Demand":1,"DemandMax":null,"Value":1813},{"Length":148,"Height":58,"Demand":1,"DemandMax":null,"Value":8584},{"Length":97,"Height":30,"Demand":1,"DemandMax":null,"Value":2910},{"Length":31,"Height":98,"Demand":1,"DemandMax":null,"Value":3038},{"Length":108,"Height":33,"Demand":1,"DemandMax":null,"Value":3564},{"Length":60,"Height":40,"Demand":3,"DemandMax":null,"Value":2400},{"Length":74,"Height":31,"Demand":2,"DemandMax":null,"Value":2294},{"Length":78,"Height":40,"Demand":1,"DemandMax":null,"Value":3120},{"Length":37,"Height":35,"Demand":1,"DemandMax":null,"Value":1295},{"Length":36,"Height":94,"Demand":1,"DemandMax":null,"Value":3384},{"Length":33,"Height":57,"Demand":1,"DemandMax":null,"Value":1881},{"Length":48,"Height":56,"Demand":1,"DemandMax":null,"Value":2688},{"Length":38,"Height":49,"Demand":1,"DemandMax":null,"Value":1862},{"Length":41,"Height":57,"Demand":2,"DemandMax":null,"Value":2337},{"Length":37,"Height":50,"Demand":1,"DemandMax":null,"Value":1850},{"Length":56,"Height":43,"Demand":1,"DemandMax":null,"Value":2408},{"Length":41,"Height":33,"Demand":1,"DemandMax":null,"Value":1353},{"Length":91,"Height":41,"Demand":1,"DemandMax":null,"Value":3731},{"Length":24,"Height":94,"Demand":1,"DemandMax":null,"Value":2256},{"Length":42,"Height":44,"Demand":1,"DemandMax":null,"Value":1848},{"Length":43,"Height":31,"Demand":1,"DemandMax":null,"Value":1333},{"Length":70,"Height":58,"Demand":1,"DemandMax":null,"Value":4060},{"Length":28,"Height":104,"Demand":1,"DemandMax":null,"Value":2912},{"Length":37,"Height":63,"Demand":2,"DemandMax":null,"Value":2331},{"Length":54,"Height":63,"Demand":1,"DemandMax":null,"Value":3402},{"Length":55,"Height":99,"Demand":1,"DemandMax":null,"Value":5445},{"Length":59,"Height":44,"Demand":1,"DemandMax":null,"Value":2596},{"Length":36,"Height":61,"Demand":2,"DemandMax":null,"Value":2196},{"Length":53,"Height":87,"Demand":1,"DemandMax":null,"Value":4611},{"Length":46,"Height":63,"Demand":1,"DemandMax":null,"Value":2898},{"Length":27,"Height":106,"Demand":1,"DemandMax":null,"Value":2862},{"Length":33,"Height":56,"Demand":1,"DemandMax":null,"Value":1848},{"Length":28,"Height":50,"Demand":2,"DemandMax":null,"Value":1400},{"Length":49,"Height":60,"Demand":1,"DemandMax":null,"Value":2940},{"Length":43,"Height":45,"Demand":1,"DemandMax":null,"Value":1935},{"Length":34,"Height":37,"Demand":2,"DemandMax":null,"Value":1258},{"Length":26,"Height":92,"Demand":1,"DemandMax":null,"Value":2392},{"Length":91,"Height":29,"Demand":1,"DemandMax":null,"Value":2639},{"Length":48,"Height":36,"Demand":1,"DemandMax":null,"Value":1728},{"Length":51,"Height":28,"Demand":1,"DemandMax":null,"Value":1428},{"Length":53,"Height":47,"Demand":1,"DemandMax":null,"Value":2491},{"Length":81,"Height":47,"Demand":1,"DemandMax":null,"Value":3807},{"Length":30,"Height":108,"Demand":1,"DemandMax":null,"Value":3240},{"Length":74,"Height":27,"Demand":1,"DemandMax":null,"Value":1998},{"Length":74,"Height":42,"Demand":1,"DemandMax":null,"Value":3108},{"Length":62,"Height":44,"Demand":1,"DemandMax":null,"Value":2728},{"Length":36,"Height":52,"Demand":2,"DemandMax":null,"Value":1872},{"Length":36,"Height":57,"Demand":1,"DemandMax":null,"Value":2052},{"Length":53,"Height":26,"Demand":1,"DemandMax":null,"Value":1378},{"Length":36,"Height":64,"Demand":1,"DemandMax":null,"Value":2304},{"Length":78,"Height":128,"Demand":1,"DemandMax":null,"Value":9984},{"Length":117,"Height":30,"Demand":2,"DemandMax":null,"Value":3510},{"Length":45,"Height":54,"Demand":1,"DemandMax":null,"Value":2430},{"Length":61,"Height":31,"Demand":1,"DemandMax":null,"Value":1891},{"Length":85,"Height":34,"Demand":1,"DemandMax":null,"Value":2890},{"Length":108,"Height":28,"Demand":1,"DemandMax":null,"Value":3024},{"Length":32,"Height":64,"Demand":1,"DemandMax":null,"Value":2048},{"Length":30,"Height":42,"Demand":1,"DemandMax":null,"Value":1260},{"Length":59,"Height":45,"Demand":1,"DemandMax":null,"Value":2655},{"Length":108,"Height":30,"Demand":1,"DemandMax":null,"Value":3240},{"Length":59,"Height":41,"Demand":1,"DemandMax":null,"Value":2419},{"Length":58,"Height":25,"Demand":2,"DemandMax":null,"Value":1450},{"Length":43,"Height":115,"Demand":1,"DemandMax":null,"Value":4945},{"Length":60,"Height":32,"Demand":1,"DemandMax":null,"Value":1920},{"Length":45,"Height":53,"Demand":1,"DemandMax":null,"Value":2385},{"Length":119,"Height":40,"Demand":1,"DemandMax":null,"Value":4760},{"Length":61,"Height":55,"Demand":1,"DemandMax":null,"Value":3355},{"Length":66,"Height":28,"Demand":1,"DemandMax":null,"Value":1848},{"Length":31,"Height":72,"Demand":1,"DemandMax":null,"Value":2232},{"Length":45,"Height":28,"Demand":2,"DemandMax":null,"Value":1260},{"Length":39,"Height":57,"Demand":1,"DemandMax":null,"Value":2223},{"Length":53,"Height":55,"Demand":1,"DemandMax":null,"Value":2915},{"Length":43,"Height":55,"Demand":1,"DemandMax":null,"Value":2365},{"Length":27,"Height":98,"Demand":1,"DemandMax":null,"Value":2646},{"Length":49,"Height":40,"Demand":1,"DemandMax":null,"Value":1960},{"Length":57,"Height":23,"Demand":1,"DemandMax":null,"Value":1311},{"Length":43,"Height":98,"Demand":1,"DemandMax":null,"Value":4214},{"Length":58,"Height":39,"Demand":2,"DemandMax":null,"Value":2262},{"Length":33,"Height":104,"Demand":1,"DemandMax":null,"Value":3432},{"Length":26,"Height":103,"Demand":1,"DemandMax":null,"Value":2678},{"Length":59,"Height":60,"Demand":2,"DemandMax":null,"Value":3540},{"Length":33,"Height":58,"Demand":2,"DemandMax":null,"Value":1914},{"Length":54,"Height":28,"Demand":1,"DemandMax":null,"Value":1512},{"Length":29,"Height":67,"Demand":1,"DemandMax":null,"Value":1943},{"Length":37,"Height":65,"Demand":2,"DemandMax":null,"Value":2405},{"Length":52,"Height":29,"Demand":1,"DemandMax":null,"Value":1508},{"Length":60,"Height":44,"Demand":1,"DemandMax":null,"Value":2640},{"Length":39,"Height":34,"Demand":2,"DemandMax":null,"Value":1326},{"Length":28,"Height":81,"Demand":1,"DemandMax":null,"Value":2268},{"Length":53,"Height":66,"Demand":1,"DemandMax":null,"Value":3498},{"Length":69,"Height":29,"Demand":1,"DemandMax":null,"Value":2001},{"Length":52,"Height":46,"Demand":1,"DemandMax":null,"Value":2392},{"Length":59,"Height":42,"Demand":1,"DemandMax":null,"Value":2478},{"Length":41,"Height":48,"Demand":1,"DemandMax":null,"Value":1968},{"Length":29,"Height":66,"Demand":1,"DemandMax":null,"Value":1914},{"Length":25,"Height":94,"Demand":1,"DemandMax":null,"Value":2350},{"Length":53,"Height":35,"Demand":1,"DemandMax":null,"Value":1855},{"Length":40,"Height":50,"Demand":1,"DemandMax":null,"Value":2000},{"Length":35,"Height":53,"Demand":1,"DemandMax":null,"Value":1855},{"Length":46,"Height":27,"Demand":1,"DemandMax":null,"Value":1242},{"Length":73,"Height":50,"Demand":1,"DemandMax":null,"Value":3650},{"Length":76,"Height":25,"Demand":1,"DemandMax":null,"Value":1900},{"Length":52,"Height":62,"Demand":2,"DemandMax":null,"Value":3224},{"Length":27,"Height":47,"Demand":3,"DemandMax":null,"Value":1269},{"Length":108,"Height":34,"Demand":1,"DemandMax":null,"Value":3672},{"Length":50,"Height":48,"Demand":1,"DemandMax":null,"Value":2400},{"Length":51,"Height":37,"Demand":1,"DemandMax":null,"Value":1887},{"Length":33,"Height":103,"Demand":1,"DemandMax":null,"Value":3399},{"Length":29,"Height":79,"Demand":1,"DemandMax":null,"Value":2291},{"Length":63,"Height":54,"Demand":1,"DemandMax":null,"Value":3402},{"Length":78,"Height":38,"Demand":1,"DemandMax":null,"Value":2964},{"Length":42,"Height":51,"Demand":1,"DemandMax":null,"Value":2142},{"Length":26,"Height":94,"Demand":1,"DemandMax":null,"Value":2444},{"Length":32,"Height":69,"Demand":1,"DemandMax":null,"Value":2208},{"Length":60,"Height":29,"Demand":1,"DemandMax":null,"Value":1740},{"Length":42,"Height":32,"Demand":1,"DemandMax":null,"Value":1344},{"Length":30,"Height":79,"Demand":1,"DemandMax":null,"Value":2370},{"Length":58,"Height":33,"Demand":1,"DemandMax":null,"Value":1914},{"Length":65,"Height":29,"Demand":1,"DemandMax":null,"Value":1885},{"Length":51,"Height":27,"Demand":1,"DemandMax":null,"Value":1377},{"Length":36,"Height":118,"Demand":1,"DemandMax":null,"Value":4248},{"Length":53,"Height":46,"Demand":1,"DemandMax":null,"Value":2438},{"Length":97,"Height":26,"Demand":1,"DemandMax":null,"Value":2522},{"Length":44,"Height":50,"Demand":1,"DemandMax":null,"Value":2200},{"Length":34,"Height":96,"Demand":1,"DemandMax":null,"Value":3264},{"Length":46,"Height":31,"Demand":2,"DemandMax":null,"Value":1426},{"Length":111,"Height":28,"Demand":1,"DemandMax":null,"Value":3108},{"Length":38,"Height":34,"Demand":1,"DemandMax":null,"Value":1292},{"Length":29,"Height":56,"Demand":1,"DemandMax":null,"Value":1624},{"Length":26,"Height":63,"Demand":1,"DemandMax":null,"Value":1638},{"Length":52,"Height":43,"Demand":1,"DemandMax":null,"Value":2236},{"Length":39,"Height":61,"Demand":1,"DemandMax":null,"Value":2379},{"Length":79,"Height":85,"Demand":1,"DemandMax":null,"Value":6715},{"Length":71,"Height":24,"Demand":1,"DemandMax":null,"Value":1704},{"Length":41,"Height":65,"Demand":1,"DemandMax":null,"Value":2665},{"Length":36,"Height":56,"Demand":3,"DemandMax":null,"Value":2016},{"Length":93,"Height":47,"Demand":1,"DemandMax":null,"Value":4371},{"Length":42,"Height":71,"Demand":1,"DemandMax":null,"Value":2982},{"Length":76,"Height":57,"Demand":1,"DemandMax":null,"Value":4332},{"Length":69,"Height":25,"Demand":1,"DemandMax":null,"Value":1725},{"Length":89,"Height":44,"Demand":1,"DemandMax":null,"Value":3916},{"Length":105,"Height":28,"Demand":1,"DemandMax":null,"Value":2940},{"Length":49,"Height":30,"Demand":1,"DemandMax":null,"Value":1470},{"Length":26,"Height":67,"Demand":1,"DemandMax":null,"Value":1742},{"Length":54,"Height":31,"Demand":1,"DemandMax":null,"Value":1674},{"Length":25,"Height":99,"Demand":1,"DemandMax":null,"Value":2475},{"Length":78,"Height":31,"Demand":1,"DemandMax":null,"Value":2418},{"Length":36,"Height":75,"Demand":1,"DemandMax":null,"Value":2700},{"Length":50,"Height":59,"Demand":1,"DemandMax":null,"Value":2950},{"Length":41,"Height":50,"Demand":1,"DemandMax":null,"Value":2050},{"Length":44,"Height":69,"Demand":1,"DemandMax":null,"Value":3036},{"Length":74,"Height":22,"Demand":1,"DemandMax":null,"Value":1628},{"Length":38,"Height":55,"Demand":1,"DemandMax":null,"Value":2090},{"Length":101,"Height":46,"Demand":1,"DemandMax":null,"Value":4646},{"Length":62,"Height":31,"Demand":3,"DemandMax":null,"Value":1922},{"Length":64,"Height":94,"Demand":1,"DemandMax":null,"Value":6016},{"Length":88,"Height":22,"Demand":1,"DemandMax":null,"Value":1936},{"Length":94,"Height":31,"Demand":1,"DemandMax":null,"Value":2914},{"Length":45,"Height":43,"Demand":1,"DemandMax":null,"Value":1935},{"Length":82,"Height":55,"Demand":1,"DemandMax":null,"Value":4510},{"Length":34,"Height":45,"Demand":3,"DemandMax":null,"Value":1530},{"Length":38,"Height":73,"Demand":1,"DemandMax":null,"Value":2774},{"Length":76,"Height":28,"Demand":1,"DemandMax":null,"Value":2128},{"Length":44,"Height":43,"Demand":2,"DemandMax":null,"Value":1892},{"Length":42,"Height":61,"Demand":1,"DemandMax":null,"Value":2562},{"Length":49,"Height":38,"Demand":1,"DemandMax":null,"Value":1862},{"Length":30,"Height":67,"Demand":1,"DemandMax":null,"Value":2010},{"Length":69,"Height":35,"Demand":1,"DemandMax":null,"Value":2415},{"Length":38,"Height":54,"Demand":1,"DemandMax":null,"Value":2052},{"Length":142,"Height":38,"Demand":1,"DemandMax":null,"Value":5396},{"Length":33,"Height":61,"Demand":1,"DemandMax":null,"Value":2013},{"Length":65,"Height":35,"Demand":1,"DemandMax":null,"Value":2275},{"Length":33,"Height":81,"Demand":1,"DemandMax":null,"Value":2673},{"Length":92,"Height":52,"Demand":1,"DemandMax":null,"Value":4784},{"Length":47,"Height":49,"Demand":1,"DemandMax":null,"Value":2303},{"Length":65,"Height":40,"Demand":1,"DemandMax":null,"Value":2600},{"Length":34,"Height":60,"Demand":1,"DemandMax":null,"Value":2040},{"Length":74,"Height":40,"Demand":1,"DemandMax":null,"Value":2960},{"Length":54,"Height":54,"Demand":1,"DemandMax":null,"Value":2916},{"Length":43,"Height":34,"Demand":1,"DemandMax":null,"Value":1462},{"Length":25,"Height":58,"Demand":1,"DemandMax":null,"Value":1450},{"Length":37,"Height":52,"Demand":1,"DemandMax":null,"Value":1924},{"Length":38,"Height":46,"Demand":1,"DemandMax":null,"Value":1748},{"Length":87,"Height":24,"Demand":1,"DemandMax":null,"Value":2088},{"Length":54,"Height":38,"Demand":1,"DemandMax":null,"Value":2052},{"Length":26,"Height":50,"Demand":1,"DemandMax":null,"Value":1300},{"Length":62,"Height":34,"Demand":1,"DemandMax":null,"Value":2108},{"Length":87,"Height":35,"Demand":1,"DemandMax":null,"Value":3045},{"Length":60,"Height":33,"Demand":2,"DemandMax":null,"Value":1980},{"Length":41,"Height":60,"Demand":1,"DemandMax":null,"Value":2460},{"Length":35,"Height":57,"Demand":1,"DemandMax":null,"Value":1995},{"Length":43,"Height":56,"Demand":1,"DemandMax":null,"Value":2408},{"Length":58,"Height":32,"Demand":1,"DemandMax":null,"Value":1856},{"Length":45,"Height":50,"Demand":1,"DemandMax":null,"Value":2250},{"Length":42,"Height":57,"Demand":1,"DemandMax":null,"Value":2394},{"Length":60,"Height":31,"Demand":1,"DemandMax":null,"Value":1860},{"Length":47,"Height":51,"Demand":1,"DemandMax":null,"Value":2397},{"Length":61,"Height":46,"Demand":2,"DemandMax":null,"Value":2806},{"Length":73,"Height":20,"Demand":1,"DemandMax":null,"Value":1460},{"Length":47,"Height":52,"Demand":1,"DemandMax":null,"Value":2444},{"Length":43,"Height":53,"Demand":1,"DemandMax":null,"Value":2279},{"Length":33,"Height":38,"Demand":1,"DemandMax":null,"Value":1254},{"Length":37,"Height":58,"Demand":1,"DemandMax":null,"Value":2146},{"Length":58,"Height":34,"Demand":1,"DemandMax":null,"Value":1972},{"Length":41,"Height":42,"Demand":1,"DemandMax":null,"Value":1722},{"Length":108,"Height":31,"Demand":1,"DemandMax":null,"Value":3348},{"Length":36,"Height":55,"Demand":1,"DemandMax":null,"Value":1980},{"Length":31,"Height":66,"Demand":1,"DemandMax":null,"Value":2046},{"Length":69,"Height":30,"Demand":1,"DemandMax":null,"Value":2070},{"Length":41,"Height":54,"Demand":1,"DemandMax":null,"Value":2214},{"Length":43,"Height":32,"Demand":1,"DemandMax":null,"Value":1376},{"Length":68,"Height":35,"Demand":1,"DemandMax":null,"Value":2380},{"Length":36,"Height":80,"Demand":1,"DemandMax":null,"Value":2880},{"Length":66,"Height":32,"Demand":1,"DemandMax":null,"Value":2112},{"Length":37,"Height":40,"Demand":1,"DemandMax":null,"Value":1480},{"Length":51,"Height":42,"Demand":1,"DemandMax":null,"Value":2142},{"Length":73,"Height":26,"Demand":1,"DemandMax":null,"Value":1898},{"Length":39,"Height":53,"Demand":1,"DemandMax":null,"Value":2067},{"Length":69,"Height":34,"Demand":1,"DemandMax":null,"Value":2346},{"Length":37,"Height":64,"Demand":3,"DemandMax":null,"Value":2368},{"Length":25,"Height":92,"Demand":1,"DemandMax":null,"Value":2300},{"Length":46,"Height":43,"Demand":1,"DemandMax":null,"Value":1978},{"Length":41,"Height":64,"Demand":1,"DemandMax":null,"Value":2624},{"Length":86,"Height":29,"Demand":1,"DemandMax":null,"Value":2494},{"Length":28,"Height":48,"Demand":1,"DemandMax":null,"Value":1344},{"Length":35,"Height":64,"Demand":1,"DemandMax":null,"Value":2240},{"Length":73,"Height":30,"Demand":1,"DemandMax":null,"Value":2190},{"Length":49,"Height":68,"Demand":1,"DemandMax":null,"Value":3332},{"Length":32,"Height":87,"Demand":1,"DemandMax":null,"Value":2784},{"Length":74,"Height":46,"Demand":1,"DemandMax":null,"Value":3404},{"Length":49,"Height":50,"Demand":1,"DemandMax":null,"Value":2450},{"Length":31,"Height":45,"Demand":2,"DemandMax":null,"Value":1395},{"Length":86,"Height":43,"Demand":1,"DemandMax":null,"Value":3698},{"Length":43,"Height":57,"Demand":1,"DemandMax":null,"Value":2451},{"Length":59,"Height":57,"Demand":2,"DemandMax":null,"Value":3363},{"Length":81,"Height":55,"Demand":1,"DemandMax":null,"Value":4455},{"Length":67,"Height":48,"Demand":1,"DemandMax":null,"Value":3216},{"Length":25,"Height":63,"Demand":1,"DemandMax":null,"Value":1575},{"Length":36,"Height":42,"Demand":1,"DemandMax":null,"Value":1512},{"Length":135,"Height":67,"Demand":1,"DemandMax":null,"Value":9045},{"Length":124,"Height":77,"Demand":1,"DemandMax":null,"Value":9548},{"Length":22,"Height":85,"Demand":1,"DemandMax":null,"Value":1870},{"Length":28,"Height":99,"Demand":1,"DemandMax":null,"Value":2772},{"Length":33,"Height":107,"Demand":1,"DemandMax":null,"Value":3531},{"Length":23,"Height":56,"Demand":2,"DemandMax":null,"Value":1288},{"Length":70,"Height":77,"Demand":1,"DemandMax":null,"Value":5390},{"Length":92,"Height":29,"Demand":1,"DemandMax":null,"Value":2668},{"Length":63,"Height":52,"Demand":1,"DemandMax":null,"Value":3276},{"Length":63,"Height":66,"Demand":1,"DemandMax":null,"Value":4158},{"Length":48,"Height":26,"Demand":1,"DemandMax":null,"Value":1248},{"Length":23,"Height":87,"Demand":1,"DemandMax":null,"Value":2001},{"Length":72,"Height":39,"Demand":1,"DemandMax":null,"Value":2808},{"Length":98,"Height":45,"Demand":1,"DemandMax":null,"Value":4410},{"Length":105,"Height":77,"Demand":1,"DemandMax":null,"Value":8085},{"Length":23,"Height":55,"Demand":1,"DemandMax":null,"Value":1265},{"Length":90,"Height":43,"Demand":1,"DemandMax":null,"Value":3870},{"Length":46,"Height":28,"Demand":1,"DemandMax":null,"Value":1288},{"Length":79,"Height":51,"Demand":1,"DemandMax":null,"Value":4029},{"Length":92,"Height":46,"Demand":1,"DemandMax":null,"Value":4232},{"Length":22,"Height":67,"Demand":1,"DemandMax":null,"Value":1474},{"Length":67,"Height":51,"Demand":1,"DemandMax":null,"Value":3417},{"Length":118,"Height":85,"Demand":1,"DemandMax":null,"Value":10030},{"Length":63,"Height":55,"Demand":1,"DemandMax":null,"Value":3465},{"Length":38,"Height":35,"Demand":1,"DemandMax":null,"Value":1330},{"Length":44,"Height":37,"Demand":1,"DemandMax":null,"Value":1628},{"Length":30,"Height":77,"Demand":1,"DemandMax":null,"Value":2310},{"Length":31,"Height":62,"Demand":1,"DemandMax":null,"Value":1922},{"Length":24,"Height":55,"Demand":1,"DemandMax":null,"Value":1320},{"Length":60,"Height":23,"Demand":1,"DemandMax":null,"Value":1380},{"Length":48,"Height":31,"Demand":1,"DemandMax":null,"Value":1488},{"Length":33,"Height":51,"Demand":1,"DemandMax":null,"Value":1683},{"Length":53,"Height":32,"Demand":1,"DemandMax":null,"Value":1696},{"Length":47,"Height":29,"Demand":1,"DemandMax":null,"Value":1363},{"Length":40,"Height":63,"Demand":1,"DemandMax":null,"Value":2520},{"Length":50,"Height":38,"Demand":1,"DemandMax":null,"Value":1900},{"Length":35,"Height":50,"Demand":1,"DemandMax":null,"Value":1750},{"Length":64,"Height":56,"Demand":1,"DemandMax":null,"Value":3584},{"Length":27,"Height":58,"Demand":1,"DemandMax":null,"Value":1566},{"Length":34,"Height":51,"Demand":1,"DemandMax":null,"Value":1734},{"Length":54,"Height":27,"Demand":1,"DemandMax":null,"Value":1458},{"Length":48,"Height":27,"Demand":1,"DemandMax":null,"Value":1296},{"Length":43,"Height":69,"Demand":1,"DemandMax":null,"Value":2967},{"Length":35,"Height":67,"Demand":1,"DemandMax":null,"Value":2345},{"Length":71,"Height":19,"Demand":1,"DemandMax":null,"Value":1349},{"Length":57,"Height":40,"Demand":1,"DemandMax":null,"Value":2280},{"Length":52,"Height":28,"Demand":1,"DemandMax":null,"Value":1456},{"Length":51,"Height":34,"Demand":1,"DemandMax":null,"Value":1734},{"Length":26,"Height":85,"Demand":1,"DemandMax":null,"Value":2210},{"Length":27,"Height":92,"Demand":1,"DemandMax":null,"Value":2484},{"Length":71,"Height":33,"Demand":1,"DemandMax":null,"Value":2343},{"Length":69,"Height":31,"Demand":1,"DemandMax":null,"Value":2139},{"Length":45,"Height":32,"Demand":1,"DemandMax":null,"Value":1440},{"Length":30,"Height":56,"Demand":1,"DemandMax":null,"Value":1680},{"Length":35,"Height":38,"Demand":1,"DemandMax":null,"Value":1330},{"Length":38,"Height":48,"Demand":1,"DemandMax":null,"Value":1824},{"Length":79,"Height":31,"Demand":1,"DemandMax":null,"Value":2449},{"Length":53,"Height":37,"Demand":1,"DemandMax":null,"Value":1961},{"Length":39,"Height":40,"Demand":1,"DemandMax":null,"Value":1560},{"Length":39,"Height":41,"Demand":1,"DemandMax":null,"Value":1599},{"Length":67,"Height":34,"Demand":1,"DemandMax":null,"Value":2278},{"Length":66,"Height":36,"Demand":1,"DemandMax":null,"Value":2376},{"Length":51,"Height":29,"Demand":1,"DemandMax":null,"Value":1479},{"Length":73,"Height":22,"Demand":1,"DemandMax":null,"Value":1606},{"Length":53,"Height":29,"Demand":1,"DemandMax":null,"Value":1537},{"Length":57,"Height":28,"Demand":1,"DemandMax":null,"Value":1596},{"Length":42,"Height":33,"Demand":1,"DemandMax":null,"Value":1386},{"Length":69,"Height":63,"Demand":1,"DemandMax":null,"Value":4347},{"Length":73,"Height":23,"Demand":1,"DemandMax":null,"Value":1679},{"Length":44,"Height":67,"Demand":1,"DemandMax":null,"Value":2948},{"Length":34,"Height":108,"Demand":1,"DemandMax":null,"Value":3672},{"Length":43,"Height":54,"Demand":1,"DemandMax":null,"Value":2322},{"Length":32,"Height":56,"Demand":1,"DemandMax":null,"Value":1792},{"Length":54,"Height":34,"Demand":1,"DemandMax":null,"Value":1836},{"Length":60,"Height":115,"Demand":1,"DemandMax":null,"Value":6900},{"Length":41,"Height":56,"Demand":1,"DemandMax":null,"Value":2296},{"Length":74,"Height":28,"Demand":1,"DemandMax":null,"Value":2072},{"Length":34,"Height":47,"Demand":1,"DemandMax":null,"Value":1598},{"Length":34,"Height":50,"Demand":1,"DemandMax":null,"Value":1700},{"Length":56,"Height":37,"Demand":1,"DemandMax":null,"Value":2072},{"Length":69,"Height":38,"Demand":1,"DemandMax":null,"Value":2622},{"Length":37,"Height":106,"Demand":1,"DemandMax":null,"Value":3922},{"Length":59,"Height":30,"Demand":1,"DemandMax":null,"Value":1770},{"Length":82,"Height":73,"Demand":1,"DemandMax":null,"Value":5986},{"Length":30,"Height":87,"Demand":1,"DemandMax":null,"Value":2610},{"Length":26,"Height":54,"Demand":1,"DemandMax":null,"Value":1404},{"Length":40,"Height":70,"Demand":1,"DemandMax":null,"Value":2800}]}