{"Name":"Path50i3b3","Objects":[{"Length":442,"Height":615,"Stock":4,"Cost":271830},{"Length":1000,"Height":385,"Stock":5,"Cost":385000},{"Length":558,"Height":615,"Stock":4,"Cost":343170}],"Items":[{"Length":32,"Height":343,"Demand":1,"DemandMax":null,"Value":10976},{"Length":7,"Height":385,"Demand":1,"DemandMax":null,"Value":2695},{"Length":103,"Height":283,"Demand":1,"DemandMax":null,"Value":29149},{"Length":140,"Height":232,"Demand":1,"DemandMax":null,"Value":32480},{"Length":342,"Height":332,"Demand":1,"DemandMax":null,"Value":113544},{"Length":13,"Height":1,"Demand":1,"DemandMax":null,"Value":13},{"Length":8,"Height":23,"Demand":1,"DemandMax":null,"Value":184},{"Length":364,"Height":383,"Demand":1,"DemandMax":null,"Value":139412},{"Length":364,"Height":385,"Demand":1,"DemandMax":null,"Value":140140},{"Length":158,"Height":196,"Demand":1,"DemandMax":null,"Value":30968},{"Length":315,"Height":385,"Demand":1,"DemandMax":null,"Value":121275},{"Length":279,"Height":145,"Demand":1,"DemandMax":null,"Value":40455},{"Length":313,"Height":174,"Demand":1,"DemandMax":null,"Value":54462},{"Length":279,"Height":2,"Demand":1,"DemandMax":null,"Value":558},{"Length":55,"Height":232,"Demand":1,"DemandMax":null,"Value":12760},{"Length":11,"Height":208,"Demand":1,"DemandMax":null,"Value":2288},{"Length":1,"Height":2,"Demand":1,"DemandMax":null,"Value":2},{"Length":16,"Height":2,"Demand":1,"DemandMax":null,"Value":32},{"Length":2,"Height":322,"Demand":1,"DemandMax":null,"Value":644},{"Length":3,"Height":66,"Demand":1,"DemandMax":null,"Value":198},{"Length":36,"Height":232,"Demand":1,"DemandMax":null,"Value":8352},{"Length":263,"Height":1,"Demand":1,"DemandMax":null,"Value":263},{"Length":20,"Height":196,"Demand":1,"DemandMax":null,"Value":3920},{"Length":1,"Height":385,"Demand":1,"DemandMax":null,"Value":385},{"Length":46,"Height":383,"Demand":1,"DemandMax":null,"Value":17618},{"Length":279,"Height":236,"Demand":1,"DemandMax":null,"Value":65844},{"Length":2,"Height":63,"Demand":1,"DemandMax":null,"Value":126},{"Length":216,"Height":2,"Demand":1,"DemandMax":null,"Value":432},{"Length":32,"Height":21,"Demand":1,"DemandMax":null,"Value":672},{"Length":1,"Height":1,"Demand":1,"DemandMax":null,"Value":1},{"Length":1,"Height":21,"Demand":1,"DemandMax":null,"Value":21},{"Length":75,"Height":283,"Demand":1,"DemandMax":null,"Value":21225},{"Length":32,"Height":34,"Demand":1,"DemandMax":null,"Value":1088},{"Length":10,"Height":1,"Demand":1,"DemandMax":null,"Value":10},{"Length":38,"Height":196,"Demand":1,"DemandMax":null,"Value":7448},{"Length":32,"Height":6,"Demand":1,"DemandMax":null,"Value":192},{"Length":195,"Height":66,"Demand":1,"DemandMax":null,"Value":12870},{"Length":96,"Height":232,"Demand":1,"DemandMax":null,"Value":22272},{"Length":52,"Height":283,"Demand":1,"DemandMax":null,"Value":14716},{"Length":32,"Height":364,"Demand":1,"DemandMax":null,"Value":11648},{"Length":26,"Height":109,"Demand":1,"DemandMax":null,"Value":2834},{"Length":58,"Height":95,"Demand":1,"DemandMax":null,"Value":5510},{"Length":58,"Height":137,"Demand":1,"DemandMax":null,"Value":7946},{"Length":216,"Height":68,"Demand":1,"DemandMax":null,"Value":14688},{"Length":287,"Height":109,"Demand":1,"DemandMax":null,"Value":31283},{"Length":15,"Height":283,"Demand":1,"DemandMax":null,"Value":4245},{"Length":46,"Height":232,"Demand":1,"DemandMax":null,"Value":10672},{"Length":250,"Height":1,"Demand":1,"DemandMax":null,"Value":250},{"Length":18,"Height":66,"Demand":1,"DemandMax":null,"Value":1188},{"Length":2,"Height":23,"Demand":1,"DemandMax":null,"Value":46}]}