{"Name":"Path50i3b5","Objects":[{"Length":618,"Height":459,"Stock":2,"Cost":283662},{"Length":382,"Height":1000,"Stock":6,"Cost":382000},{"Length":618,"Height":541,"Stock":3,"Cost":334338}],"Items":[{"Length":341,"Height":368,"Demand":1,"DemandMax":null,"Value":125488},{"Length":144,"Height":267,"Demand":1,"DemandMax":null,"Value":38448},{"Length":311,"Height":197,"Demand":1,"DemandMax":null,"Value":61267},{"Length":382,"Height":299,"Demand":1,"DemandMax":null,"Value":114218},{"Length":277,"Height":96,"Demand":1,"DemandMax":null,"Value":26592},{"Length":307,"Height":267,"Demand":1,"DemandMax":null,"Value":81969},{"Length":81,"Height":42,"Demand":1,"DemandMax":null,"Value":3402},{"Length":230,"Height":169,"Demand":1,"DemandMax":null,"Value":38870},{"Length":236,"Height":344,"Demand":1,"DemandMax":null,"Value":81184},{"Length":16,"Height":1,"Demand":1,"DemandMax":null,"Value":16},{"Length":19,"Height":180,"Demand":1,"DemandMax":null,"Value":3420},{"Length":382,"Height":91,"Demand":1,"DemandMax":null,"Value":34762},{"Length":7,"Height":230,"Demand":1,"DemandMax":null,"Value":1610},{"Length":382,"Height":18,"Demand":1,"DemandMax":null,"Value":6876},{"Length":22,"Height":344,"Demand":1,"DemandMax":null,"Value":7568},{"Length":3,"Height":36,"Demand":1,"DemandMax":null,"Value":108},{"Length":307,"Height":69,"Demand":1,"DemandMax":null,"Value":21183},{"Length":138,"Height":154,"Demand":1,"DemandMax":null,"Value":21252},{"Length":138,"Height":101,"Demand":1,"DemandMax":null,"Value":13938},{"Length":181,"Height":267,"Demand":1,"DemandMax":null,"Value":48327},{"Length":111,"Height":13,"Demand":1,"DemandMax":null,"Value":1443},{"Length":5,"Height":36,"Demand":1,"DemandMax":null,"Value":180},{"Length":2,"Height":255,"Demand":1,"DemandMax":null,"Value":510},{"Length":53,"Height":134,"Demand":1,"DemandMax":null,"Value":7102},{"Length":277,"Height":102,"Demand":1,"DemandMax":null,"Value":28254},{"Length":234,"Height":249,"Demand":1,"DemandMax":null,"Value":58266},{"Length":122,"Height":23,"Demand":1,"DemandMax":null,"Value":2806},{"Length":277,"Height":3,"Demand":1,"DemandMax":null,"Value":831},{"Length":27,"Height":1,"Demand":1,"DemandMax":null,"Value":27},{"Length":57,"Height":267,"Demand":1,"DemandMax":null,"Value":15219},{"Length":153,"Height":42,"Demand":1,"DemandMax":null,"Value":6426},{"Length":77,"Height":169,"Demand":1,"DemandMax":null,"Value":13013},{"Length":7,"Height":25,"Demand":1,"DemandMax":null,"Value":175},{"Length":1,"Height":176,"Demand":1,"DemandMax":null,"Value":176},{"Length":341,"Height":91,"Demand":1,"DemandMax":null,"Value":31031},{"Length":16,"Height":22,"Demand":1,"DemandMax":null,"Value":352},{"Length":277,"Height":137,"Demand":1,"DemandMax":null,"Value":37949},{"Length":34,"Height":175,"Demand":1,"DemandMax":null,"Value":5950},{"Length":78,"Height":100,"Demand":1,"DemandMax":null,"Value":7800},{"Length":277,"Height":21,"Demand":1,"DemandMax":null,"Value":5817},{"Length":19,"Height":30,"Demand":1,"DemandMax":null,"Value":570},{"Length":27,"Height":12,"Demand":1,"DemandMax":null,"Value":324},{"Length":382,"Height":26,"Demand":1,"DemandMax":null,"Value":9932},{"Length":382,"Height":8,"Demand":1,"DemandMax":null,"Value":3056},{"Length":199,"Height":27,"Demand":1,"DemandMax":null,"Value":5373},{"Length":307,"Height":36,"Demand":1,"DemandMax":null,"Value":11052},{"Length":199,"Height":73,"Demand":1,"DemandMax":null,"Value":14527},{"Length":34,"Height":35,"Demand":1,"DemandMax":null,"Value":1190},{"Length":2,"Height":36,"Demand":1,"DemandMax":null,"Value":72},{"Length":1,"Height":79,"Demand":1,"DemandMax":null,"Value":79}]}