{"Name":"Path500i4b1","Objects":[{"Length":244,"Height":212,"Stock":1,"Cost":51728},{"Length":236,"Height":788,"Stock":5,"Cost":185968},{"Length":764,"Height":788,"Stock":3,"Cost":602032},{"Length":756,"Height":212,"Stock":3,"Cost":160272}],"Items":[{"Length":1,"Height":14,"Demand":3,"DemandMax":null,"Value":14},{"Length":100,"Height":199,"Demand":1,"DemandMax":null,"Value":19900},{"Length":10,"Height":93,"Demand":1,"DemandMax":null,"Value":930},{"Length":52,"Height":212,"Demand":1,"DemandMax":null,"Value":11024},{"Length":16,"Height":122,"Demand":1,"DemandMax":null,"Value":1952},{"Length":144,"Height":89,"Demand":1,"DemandMax":null,"Value":12816},{"Length":196,"Height":27,"Demand":1,"DemandMax":null,"Value":5292},{"Length":1,"Height":3,"Demand":8,"DemandMax":null,"Value":3},{"Length":28,"Height":22,"Demand":1,"DemandMax":null,"Value":616},{"Length":167,"Height":94,"Demand":1,"DemandMax":null,"Value":15698},{"Length":102,"Height":3,"Demand":1,"DemandMax":null,"Value":306},{"Length":37,"Height":212,"Demand":1,"DemandMax":null,"Value":7844},{"Length":5,"Height":3,"Demand":1,"DemandMax":null,"Value":15},{"Length":18,"Height":1,"Demand":3,"DemandMax":null,"Value":18},{"Length":7,"Height":1,"Demand":3,"DemandMax":null,"Value":7},{"Length":123,"Height":69,"Demand":1,"DemandMax":null,"Value":8487},{"Length":5,"Height":83,"Demand":1,"DemandMax":null,"Value":415},{"Length":45,"Height":3,"Demand":1,"DemandMax":null,"Value":135},{"Length":201,"Height":86,"Demand":1,"DemandMax":null,"Value":17286},{"Length":67,"Height":108,"Demand":1,"DemandMax":null,"Value":7236},{"Length":15,"Height":129,"Demand":1,"DemandMax":null,"Value":1935},{"Length":56,"Height":2,"Demand":1,"DemandMax":null,"Value":112},{"Length":29,"Height":49,"Demand":1,"DemandMax":null,"Value":1421},{"Length":14,"Height":52,"Demand":1,"DemandMax":null,"Value":728},{"Length":8,"Height":6,"Demand":1,"DemandMax":null,"Value":48},{"Length":1,"Height":1,"Demand":61,"DemandMax":null,"Value":1},{"Length":16,"Height":9,"Demand":1,"DemandMax":null,"Value":144},{"Length":49,"Height":52,"Demand":1,"DemandMax":null,"Value":2548},{"Length":68,"Height":208,"Demand":1,"DemandMax":null,"Value":14144},{"Length":6,"Height":133,"Demand":1,"DemandMax":null,"Value":798},{"Length":1,"Height":2,"Demand":7,"DemandMax":null,"Value":2},{"Length":4,"Height":212,"Demand":2,"DemandMax":null,"Value":848},{"Length":184,"Height":17,"Demand":1,"DemandMax":null,"Value":3128},{"Length":2,"Height":1,"Demand":5,"DemandMax":null,"Value":2},{"Length":1,"Height":117,"Demand":3,"DemandMax":null,"Value":117},{"Length":1,"Height":15,"Demand":2,"DemandMax":null,"Value":15},{"Length":3,"Height":114,"Demand":1,"DemandMax":null,"Value":342},{"Length":20,"Height":5,"Demand":1,"DemandMax":null,"Value":100},{"Length":203,"Height":37,"Demand":1,"DemandMax":null,"Value":7511},{"Length":3,"Height":1,"Demand":5,"DemandMax":null,"Value":3},{"Length":207,"Height":212,"Demand":1,"DemandMax":null,"Value":43884},{"Length":1,"Height":29,"Demand":1,"DemandMax":null,"Value":29},{"Length":94,"Height":66,"Demand":1,"DemandMax":null,"Value":6204},{"Length":7,"Height":123,"Demand":1,"DemandMax":null,"Value":861},{"Length":14,"Height":106,"Demand":1,"DemandMax":null,"Value":1484},{"Length":130,"Height":59,"Demand":1,"DemandMax":null,"Value":7670},{"Length":18,"Height":82,"Demand":1,"DemandMax":null,"Value":1476},{"Length":14,"Height":26,"Demand":1,"DemandMax":null,"Value":364},{"Length":122,"Height":107,"Demand":1,"DemandMax":null,"Value":13054},{"Length":2,"Height":7,"Demand":1,"DemandMax":null,"Value":14},{"Length":47,"Height":111,"Demand":1,"DemandMax":null,"Value":5217},{"Length":171,"Height":171,"Demand":1,"DemandMax":null,"Value":29241},{"Length":7,"Height":3,"Demand":2,"DemandMax":null,"Value":21},{"Length":196,"Height":165,"Demand":1,"DemandMax":null,"Value":32340},{"Length":5,"Height":115,"Demand":1,"DemandMax":null,"Value":575},{"Length":194,"Height":38,"Demand":1,"DemandMax":null,"Value":7372},{"Length":22,"Height":2,"Demand":1,"DemandMax":null,"Value":44},{"Length":8,"Height":1,"Demand":2,"DemandMax":null,"Value":8},{"Length":47,"Height":115,"Demand":1,"DemandMax":null,"Value":5405},{"Length":80,"Height":77,"Demand":1,"DemandMax":null,"Value":6160},{"Length":2,"Height":34,"Demand":2,"DemandMax":null,"Value":68},{"Length":9,"Height":9,"Demand":1,"DemandMax":null,"Value":81},{"Length":29,"Height":44,"Demand":1,"DemandMax":null,"Value":1276},{"Length":47,"Height":5,"Demand":1,"DemandMax":null,"Value":235},{"Length":22,"Height":1,"Demand":2,"DemandMax":null,"Value":22},{"Length":169,"Height":66,"Demand":1,"DemandMax":null,"Value":11154},{"Length":33,"Height":23,"Demand":1,"DemandMax":null,"Value":759},{"Length":1,"Height":179,"Demand":3,"DemandMax":null,"Value":179},{"Length":203,"Height":5,"Demand":1,"DemandMax":null,"Value":1015},{"Length":8,"Height":8,"Demand":1,"DemandMax":null,"Value":64},{"Length":206,"Height":98,"Demand":1,"DemandMax":null,"Value":20188},{"Length":1,"Height":20,"Demand":2,"DemandMax":null,"Value":20},{"Length":1,"Height":66,"Demand":3,"DemandMax":null,"Value":66},{"Length":103,"Height":2,"Demand":2,"DemandMax":null,"Value":206},{"Length":5,"Height":179,"Demand":1,"DemandMax":null,"Value":895},{"Length":40,"Height":65,"Demand":1,"DemandMax":null,"Value":2600},{"Length":10,"Height":13,"Demand":1,"DemandMax":null,"Value":130},{"Length":5,"Height":86,"Demand":1,"DemandMax":null,"Value":430},{"Length":23,"Height":152,"Demand":1,"DemandMax":null,"Value":3496},{"Length":6,"Height":1,"Demand":2,"DemandMax":null,"Value":6},{"Length":43,"Height":7,"Demand":1,"DemandMax":null,"Value":301},{"Length":37,"Height":1,"Demand":1,"DemandMax":null,"Value":37},{"Length":110,"Height":8,"Demand":1,"DemandMax":null,"Value":880},{"Length":171,"Height":133,"Demand":1,"DemandMax":null,"Value":22743},{"Length":1,"Height":173,"Demand":1,"DemandMax":null,"Value":173},{"Length":39,"Height":43,"Demand":1,"DemandMax":null,"Value":1677},{"Length":8,"Height":97,"Demand":1,"DemandMax":null,"Value":776},{"Length":1,"Height":4,"Demand":3,"DemandMax":null,"Value":4},{"Length":147,"Height":208,"Demand":1,"DemandMax":null,"Value":30576},{"Length":1,"Height":98,"Demand":1,"DemandMax":null,"Value":98},{"Length":23,"Height":7,"Demand":1,"DemandMax":null,"Value":161},{"Length":36,"Height":45,"Demand":1,"DemandMax":null,"Value":1620},{"Length":114,"Height":80,"Demand":1,"DemandMax":null,"Value":9120},{"Length":4,"Height":1,"Demand":5,"DemandMax":null,"Value":4},{"Length":4,"Height":53,"Demand":1,"DemandMax":null,"Value":212},{"Length":40,"Height":1,"Demand":2,"DemandMax":null,"Value":40},{"Length":15,"Height":1,"Demand":2,"DemandMax":null,"Value":15},{"Length":203,"Height":22,"Demand":1,"DemandMax":null,"Value":4466},{"Length":2,"Height":9,"Demand":1,"DemandMax":null,"Value":18},{"Length":29,"Height":1,"Demand":1,"DemandMax":null,"Value":29},{"Length":32,"Height":24,"Demand":1,"DemandMax":null,"Value":768},{"Length":7,"Height":7,"Demand":1,"DemandMax":null,"Value":49},{"Length":21,"Height":6,"Demand":1,"DemandMax":null,"Value":126},{"Length":24,"Height":1,"Demand":2,"DemandMax":null,"Value":24},{"Length":5,"Height":1,"Demand":4,"DemandMax":null,"Value":5},{"Length":122,"Height":74,"Demand":1,"DemandMax":null,"Value":9028},{"Length":115,"Height":107,"Demand":1,"DemandMax":null,"Value":12305},{"Length":8,"Height":7,"Demand":1,"DemandMax":null,"Value":56},{"Length":1,"Height":35,"Demand":1,"DemandMax":null,"Value":35},{"Length":2,"Height":2,"Demand":1,"DemandMax":null,"Value":4},{"Length":12,"Height":184,"Demand":1,"DemandMax":null,"Value":2208},{"Length":19,"Height":1,"Demand":1,"DemandMax":null,"Value":19},{"Length":14,"Height":29,"Demand":1,"DemandMax":null,"Value":406},{"Length":82,"Height":1,"Demand":1,"DemandMax":null,"Value":82},{"Length":86,"Height":9,"Demand":1,"DemandMax":null,"Value":774},{"Length":3,"Height":52,"Demand":2,"DemandMax":null,"Value":156},{"Length":19,"Height":2,"Demand":1,"DemandMax":null,"Value":38},{"Length":5,"Height":7,"Demand":1,"DemandMax":null,"Value":35},{"Length":95,"Height":13,"Demand":1,"DemandMax":null,"Value":1235},{"Length":18,"Height":166,"Demand":1,"DemandMax":null,"Value":2988},{"Length":203,"Height":10,"Demand":1,"DemandMax":null,"Value":2030},{"Length":48,"Height":8,"Demand":1,"DemandMax":null,"Value":384},{"Length":184,"Height":2,"Demand":1,"DemandMax":null,"Value":368},{"Length":2,"Height":69,"Demand":1,"DemandMax":null,"Value":138},{"Length":1,"Height":7,"Demand":3,"DemandMax":null,"Value":7},{"Length":1,"Height":40,"Demand":2,"DemandMax":null,"Value":40},{"Length":159,"Height":2,"Demand":1,"DemandMax":null,"Value":318},{"Length":2,"Height":23,"Demand":1,"DemandMax":null,"Value":46},{"Length":58,"Height":84,"Demand":1,"DemandMax":null,"Value":4872},{"Length":17,"Height":204,"Demand":1,"DemandMax":null,"Value":3468},{"Length":1,"Height":79,"Demand":1,"DemandMax":null,"Value":79},{"Length":48,"Height":57,"Demand":1,"DemandMax":null,"Value":2736},{"Length":4,"Height":12,"Demand":2,"DemandMax":null,"Value":48},{"Length":28,"Height":86,"Demand":1,"DemandMax":null,"Value":2408},{"Length":171,"Height":47,"Demand":1,"DemandMax":null,"Value":8037},{"Length":107,"Height":114,"Demand":1,"DemandMax":null,"Value":12198},{"Length":18,"Height":92,"Demand":1,"DemandMax":null,"Value":1656},{"Length":47,"Height":69,"Demand":1,"DemandMax":null,"Value":3243},{"Length":10,"Height":1,"Demand":2,"DemandMax":null,"Value":10},{"Length":1,"Height":65,"Demand":1,"DemandMax":null,"Value":65},{"Length":2,"Height":5,"Demand":3,"DemandMax":null,"Value":10},{"Length":17,"Height":1,"Demand":1,"DemandMax":null,"Value":17},{"Length":32,"Height":100,"Demand":1,"DemandMax":null,"Value":3200},{"Length":1,"Height":61,"Demand":1,"DemandMax":null,"Value":61},{"Length":1,"Height":67,"Demand":1,"DemandMax":null,"Value":67},{"Length":59,"Height":5,"Demand":1,"DemandMax":null,"Value":295},{"Length":132,"Height":57,"Demand":1,"DemandMax":null,"Value":7524},{"Length":39,"Height":3,"Demand":1,"DemandMax":null,"Value":117},{"Length":7,"Height":53,"Demand":1,"DemandMax":null,"Value":371},{"Length":1,"Height":42,"Demand":1,"DemandMax":null,"Value":42},{"Length":1,"Height":21,"Demand":1,"DemandMax":null,"Value":21},{"Length":196,"Height":107,"Demand":1,"DemandMax":null,"Value":20972},{"Length":14,"Height":1,"Demand":2,"DemandMax":null,"Value":14},{"Length":1,"Height":31,"Demand":1,"DemandMax":null,"Value":31},{"Length":2,"Height":10,"Demand":1,"DemandMax":null,"Value":20},{"Length":28,"Height":166,"Demand":1,"DemandMax":null,"Value":4648},{"Length":1,"Height":169,"Demand":1,"DemandMax":null,"Value":169},{"Length":2,"Height":179,"Demand":2,"DemandMax":null,"Value":358},{"Length":110,"Height":2,"Demand":1,"DemandMax":null,"Value":220},{"Length":6,"Height":201,"Demand":1,"DemandMax":null,"Value":1206},{"Length":8,"Height":208,"Demand":1,"DemandMax":null,"Value":1664},{"Length":9,"Height":84,"Demand":1,"DemandMax":null,"Value":756},{"Length":139,"Height":76,"Demand":1,"DemandMax":null,"Value":10564},{"Length":3,"Height":13,"Demand":1,"DemandMax":null,"Value":39},{"Length":26,"Height":42,"Demand":1,"DemandMax":null,"Value":1092},{"Length":3,"Height":8,"Demand":1,"DemandMax":null,"Value":24},{"Length":14,"Height":166,"Demand":1,"DemandMax":null,"Value":2324},{"Length":31,"Height":115,"Demand":1,"DemandMax":null,"Value":3565},{"Length":11,"Height":112,"Demand":1,"DemandMax":null,"Value":1232},{"Length":14,"Height":2,"Demand":1,"DemandMax":null,"Value":28},{"Length":168,"Height":1,"Demand":1,"DemandMax":null,"Value":168},{"Length":36,"Height":103,"Demand":1,"DemandMax":null,"Value":3708},{"Length":10,"Height":9,"Demand":3,"DemandMax":null,"Value":90},{"Length":151,"Height":160,"Demand":1,"DemandMax":null,"Value":24160},{"Length":4,"Height":166,"Demand":1,"DemandMax":null,"Value":664},{"Length":9,"Height":1,"Demand":3,"DemandMax":null,"Value":9},{"Length":31,"Height":84,"Demand":1,"DemandMax":null,"Value":2604},{"Length":16,"Height":63,"Demand":1,"DemandMax":null,"Value":1008},{"Length":10,"Height":143,"Demand":1,"DemandMax":null,"Value":1430},{"Length":5,"Height":6,"Demand":1,"DemandMax":null,"Value":30},{"Length":156,"Height":171,"Demand":1,"DemandMax":null,"Value":26676},{"Length":1,"Height":13,"Demand":3,"DemandMax":null,"Value":13},{"Length":61,"Height":52,"Demand":1,"DemandMax":null,"Value":3172},{"Length":29,"Height":40,"Demand":1,"DemandMax":null,"Value":1160},{"Length":6,"Height":208,"Demand":1,"DemandMax":null,"Value":1248},{"Length":1,"Height":33,"Demand":1,"DemandMax":null,"Value":33},{"Length":19,"Height":4,"Demand":1,"DemandMax":null,"Value":76},{"Length":36,"Height":8,"Demand":1,"DemandMax":null,"Value":288},{"Length":1,"Height":123,"Demand":2,"DemandMax":null,"Value":123},{"Length":13,"Height":1,"Demand":4,"DemandMax":null,"Value":13},{"Length":49,"Height":114,"Demand":1,"DemandMax":null,"Value":5586},{"Length":2,"Height":97,"Demand":1,"DemandMax":null,"Value":194},{"Length":158,"Height":71,"Demand":1,"DemandMax":null,"Value":11218},{"Length":6,"Height":20,"Demand":1,"DemandMax":null,"Value":120},{"Length":110,"Height":5,"Demand":1,"DemandMax":null,"Value":550},{"Length":1,"Height":23,"Demand":2,"DemandMax":null,"Value":23},{"Length":116,"Height":122,"Demand":1,"DemandMax":null,"Value":14152},{"Length":7,"Height":15,"Demand":1,"DemandMax":null,"Value":105},{"Length":7,"Height":208,"Demand":1,"DemandMax":null,"Value":1456},{"Length":59,"Height":3,"Demand":1,"DemandMax":null,"Value":177},{"Length":122,"Height":138,"Demand":1,"DemandMax":null,"Value":16836},{"Length":71,"Height":2,"Demand":2,"DemandMax":null,"Value":142},{"Length":97,"Height":4,"Demand":1,"DemandMax":null,"Value":388},{"Length":10,"Height":5,"Demand":1,"DemandMax":null,"Value":50},{"Length":78,"Height":100,"Demand":1,"DemandMax":null,"Value":7800},{"Length":81,"Height":49,"Demand":1,"DemandMax":null,"Value":3969},{"Length":39,"Height":5,"Demand":1,"DemandMax":null,"Value":195},{"Length":121,"Height":107,"Demand":1,"DemandMax":null,"Value":12947},{"Length":42,"Height":5,"Demand":1,"DemandMax":null,"Value":210},{"Length":35,"Height":1,"Demand":2,"DemandMax":null,"Value":35},{"Length":5,"Height":5,"Demand":1,"DemandMax":null,"Value":25},{"Length":2,"Height":4,"Demand":1,"DemandMax":null,"Value":8},{"Length":2,"Height":102,"Demand":1,"DemandMax":null,"Value":204},{"Length":123,"Height":4,"Demand":1,"DemandMax":null,"Value":492},{"Length":16,"Height":1,"Demand":1,"DemandMax":null,"Value":16},{"Length":1,"Height":9,"Demand":3,"DemandMax":null,"Value":9},{"Length":97,"Height":3,"Demand":1,"DemandMax":null,"Value":291},{"Length":10,"Height":3,"Demand":1,"DemandMax":null,"Value":30},{"Length":184,"Height":6,"Demand":1,"DemandMax":null,"Value":1104},{"Length":18,"Height":21,"Demand":1,"DemandMax":null,"Value":378},{"Length":169,"Height":110,"Demand":1,"DemandMax":null,"Value":18590},{"Length":164,"Height":92,"Demand":1,"DemandMax":null,"Value":15088},{"Length":13,"Height":166,"Demand":1,"DemandMax":null,"Value":2158},{"Length":80,"Height":4,"Demand":1,"DemandMax":null,"Value":320},{"Length":40,"Height":15,"Demand":1,"DemandMax":null,"Value":600},{"Length":5,"Height":44,"Demand":2,"DemandMax":null,"Value":220},{"Length":161,"Height":60,"Demand":1,"DemandMax":null,"Value":9660},{"Length":107,"Height":23,"Demand":1,"DemandMax":null,"Value":2461},{"Length":78,"Height":3,"Demand":1,"DemandMax":null,"Value":234},{"Length":4,"Height":117,"Demand":1,"DemandMax":null,"Value":468},{"Length":33,"Height":29,"Demand":1,"DemandMax":null,"Value":957},{"Length":12,"Height":133,"Demand":1,"DemandMax":null,"Value":1596},{"Length":9,"Height":3,"Demand":1,"DemandMax":null,"Value":27},{"Length":23,"Height":70,"Demand":1,"DemandMax":null,"Value":1610},{"Length":4,"Height":89,"Demand":1,"DemandMax":null,"Value":356},{"Length":16,"Height":2,"Demand":1,"DemandMax":null,"Value":32},{"Length":136,"Height":108,"Demand":1,"DemandMax":null,"Value":14688},{"Length":2,"Height":71,"Demand":1,"DemandMax":null,"Value":142},{"Length":17,"Height":212,"Demand":1,"DemandMax":null,"Value":3604},{"Length":57,"Height":1,"Demand":2,"DemandMax":null,"Value":57},{"Length":2,"Height":3,"Demand":1,"DemandMax":null,"Value":6},{"Length":54,"Height":1,"Demand":1,"DemandMax":null,"Value":54},{"Length":60,"Height":112,"Demand":1,"DemandMax":null,"Value":6720},{"Length":48,"Height":2,"Demand":1,"DemandMax":null,"Value":96},{"Length":110,"Height":4,"Demand":1,"DemandMax":null,"Value":440},{"Length":23,"Height":110,"Demand":1,"DemandMax":null,"Value":2530},{"Length":4,"Height":47,"Demand":1,"DemandMax":null,"Value":188},{"Length":1,"Height":97,"Demand":2,"DemandMax":null,"Value":97},{"Length":48,"Height":22,"Demand":1,"DemandMax":null,"Value":1056},{"Length":52,"Height":1,"Demand":1,"DemandMax":null,"Value":52},{"Length":15,"Height":83,"Demand":1,"DemandMax":null,"Value":1245},{"Length":17,"Height":4,"Demand":1,"DemandMax":null,"Value":68},{"Length":110,"Height":3,"Demand":1,"DemandMax":null,"Value":330},{"Length":103,"Height":6,"Demand":1,"DemandMax":null,"Value":618},{"Length":169,"Height":42,"Demand":1,"DemandMax":null,"Value":7098},{"Length":1,"Height":81,"Demand":1,"DemandMax":null,"Value":81},{"Length":40,"Height":166,"Demand":1,"DemandMax":null,"Value":6640},{"Length":9,"Height":135,"Demand":1,"DemandMax":null,"Value":1215},{"Length":12,"Height":20,"Demand":1,"DemandMax":null,"Value":240},{"Length":8,"Height":2,"Demand":1,"DemandMax":null,"Value":16},{"Length":8,"Height":5,"Demand":2,"DemandMax":null,"Value":40},{"Length":28,"Height":49,"Demand":1,"DemandMax":null,"Value":1372},{"Length":101,"Height":53,"Demand":1,"DemandMax":null,"Value":5353},{"Length":1,"Height":140,"Demand":1,"DemandMax":null,"Value":140},{"Length":27,"Height":204,"Demand":1,"DemandMax":null,"Value":5508},{"Length":8,"Height":17,"Demand":1,"DemandMax":null,"Value":136},{"Length":136,"Height":91,"Demand":1,"DemandMax":null,"Value":12376},{"Length":5,"Height":74,"Demand":1,"DemandMax":null,"Value":370},{"Length":95,"Height":71,"Demand":1,"DemandMax":null,"Value":6745},{"Length":10,"Height":26,"Demand":1,"DemandMax":null,"Value":260},{"Length":94,"Height":33,"Demand":1,"DemandMax":null,"Value":3102},{"Length":110,"Height":44,"Demand":1,"DemandMax":null,"Value":4840},{"Length":1,"Height":11,"Demand":1,"DemandMax":null,"Value":11},{"Length":34,"Height":1,"Demand":1,"DemandMax":null,"Value":34},{"Length":110,"Height":1,"Demand":3,"DemandMax":null,"Value":110},{"Length":35,"Height":3,"Demand":1,"DemandMax":null,"Value":105},{"Length":1,"Height":8,"Demand":2,"DemandMax":null,"Value":8},{"Length":10,"Height":16,"Demand":1,"DemandMax":null,"Value":160},{"Length":36,"Height":3,"Demand":1,"DemandMax":null,"Value":108},{"Length":57,"Height":3,"Demand":1,"DemandMax":null,"Value":171},{"Length":47,"Height":56,"Demand":1,"DemandMax":null,"Value":2632},{"Length":158,"Height":46,"Demand":1,"DemandMax":null,"Value":7268},{"Length":6,"Height":5,"Demand":1,"DemandMax":null,"Value":30},{"Length":2,"Height":11,"Demand":1,"DemandMax":null,"Value":22},{"Length":10,"Height":63,"Demand":1,"DemandMax":null,"Value":630},{"Length":23,"Height":114,"Demand":1,"DemandMax":null,"Value":2622},{"Length":24,"Height":20,"Demand":1,"DemandMax":null,"Value":480},{"Length":5,"Height":133,"Demand":1,"DemandMax":null,"Value":665},{"Length":81,"Height":1,"Demand":1,"DemandMax":null,"Value":81},{"Length":31,"Height":4,"Demand":1,"DemandMax":null,"Value":124},{"Length":203,"Height":28,"Demand":1,"DemandMax":null,"Value":5684},{"Length":102,"Height":66,"Demand":1,"DemandMax":null,"Value":6732},{"Length":158,"Height":74,"Demand":1,"DemandMax":null,"Value":11692},{"Length":161,"Height":33,"Demand":1,"DemandMax":null,"Value":5313},{"Length":31,"Height":117,"Demand":1,"DemandMax":null,"Value":3627},{"Length":4,"Height":7,"Demand":1,"DemandMax":null,"Value":28},{"Length":3,"Height":34,"Demand":1,"DemandMax":null,"Value":102},{"Length":203,"Height":30,"Demand":1,"DemandMax":null,"Value":6090},{"Length":23,"Height":1,"Demand":1,"DemandMax":null,"Value":23},{"Length":114,"Height":124,"Demand":1,"DemandMax":null,"Value":14136},{"Length":24,"Height":3,"Demand":1,"DemandMax":null,"Value":72},{"Length":6,"Height":97,"Demand":1,"DemandMax":null,"Value":582},{"Length":80,"Height":89,"Demand":1,"DemandMax":null,"Value":7120},{"Length":144,"Height":184,"Demand":1,"DemandMax":null,"Value":26496},{"Length":130,"Height":76,"Demand":1,"DemandMax":null,"Value":9880},{"Length":13,"Height":7,"Demand":1,"DemandMax":null,"Value":91},{"Length":1,"Height":19,"Demand":2,"DemandMax":null,"Value":19},{"Length":43,"Height":3,"Demand":1,"DemandMax":null,"Value":129},{"Length":36,"Height":5,"Demand":1,"DemandMax":null,"Value":180},{"Length":33,"Height":11,"Demand":1,"DemandMax":null,"Value":363},{"Length":128,"Height":23,"Demand":1,"DemandMax":null,"Value":2944},{"Length":106,"Height":1,"Demand":1,"DemandMax":null,"Value":106},{"Length":9,"Height":44,"Demand":1,"DemandMax":null,"Value":396},{"Length":10,"Height":132,"Demand":1,"DemandMax":null,"Value":1320},{"Length":5,"Height":2,"Demand":1,"DemandMax":null,"Value":10},{"Length":12,"Height":52,"Demand":1,"DemandMax":null,"Value":624},{"Length":7,"Height":152,"Demand":1,"DemandMax":null,"Value":1064},{"Length":62,"Height":1,"Demand":1,"DemandMax":null,"Value":62},{"Length":99,"Height":7,"Demand":1,"DemandMax":null,"Value":693},{"Length":64,"Height":3,"Demand":1,"DemandMax":null,"Value":192},{"Length":44,"Height":2,"Demand":1,"DemandMax":null,"Value":88},{"Length":2,"Height":21,"Demand":1,"DemandMax":null,"Value":42},{"Length":28,"Height":5,"Demand":1,"DemandMax":null,"Value":140},{"Length":14,"Height":14,"Demand":1,"DemandMax":null,"Value":196},{"Length":3,"Height":10,"Demand":1,"DemandMax":null,"Value":30},{"Length":122,"Height":5,"Demand":1,"DemandMax":null,"Value":610},{"Length":1,"Height":12,"Demand":1,"DemandMax":null,"Value":12},{"Length":1,"Height":6,"Demand":1,"DemandMax":null,"Value":6},{"Length":3,"Height":21,"Demand":1,"DemandMax":null,"Value":63},{"Length":10,"Height":2,"Demand":2,"DemandMax":null,"Value":20},{"Length":196,"Height":32,"Demand":1,"DemandMax":null,"Value":6272},{"Length":1,"Height":85,"Demand":1,"DemandMax":null,"Value":85},{"Length":8,"Height":69,"Demand":1,"DemandMax":null,"Value":552},{"Length":71,"Height":1,"Demand":1,"DemandMax":null,"Value":71},{"Length":1,"Height":24,"Demand":1,"DemandMax":null,"Value":24},{"Length":158,"Height":82,"Demand":1,"DemandMax":null,"Value":12956},{"Length":23,"Height":6,"Demand":1,"DemandMax":null,"Value":138},{"Length":2,"Height":114,"Demand":1,"DemandMax":null,"Value":228},{"Length":5,"Height":9,"Demand":1,"DemandMax":null,"Value":45},{"Length":11,"Height":54,"Demand":1,"DemandMax":null,"Value":594},{"Length":25,"Height":94,"Demand":1,"DemandMax":null,"Value":2350},{"Length":3,"Height":4,"Demand":1,"DemandMax":null,"Value":12},{"Length":28,"Height":31,"Demand":1,"DemandMax":null,"Value":868},{"Length":2,"Height":117,"Demand":1,"DemandMax":null,"Value":234},{"Length":58,"Height":103,"Demand":1,"DemandMax":null,"Value":5974},{"Length":37,"Height":9,"Demand":1,"DemandMax":null,"Value":333},{"Length":30,"Height":3,"Demand":1,"DemandMax":null,"Value":90},{"Length":1,"Height":49,"Demand":1,"DemandMax":null,"Value":49},{"Length":40,"Height":17,"Demand":1,"DemandMax":null,"Value":680},{"Length":3,"Height":98,"Demand":1,"DemandMax":null,"Value":294},{"Length":5,"Height":13,"Demand":1,"DemandMax":null,"Value":65},{"Length":2,"Height":13,"Demand":1,"DemandMax":null,"Value":26}]}