{"Name":"Nice100i6b1","Objects":[{"Length":403,"Height":351,"Stock":5,"Cost":141453},{"Length":597,"Height":342,"Stock":4,"Cost":204174},{"Length":269,"Height":314,"Stock":6,"Cost":84466},{"Length":403,"Height":649,"Stock":1,"Cost":261547},{"Length":328,"Height":658,"Stock":2,"Cost":215824},{"Length":269,"Height":344,"Stock":6,"Cost":92536}],"Items":[{"Length":65,"Height":67,"Demand":1,"DemandMax":null,"Value":4355},{"Length":58,"Height":67,"Demand":1,"DemandMax":null,"Value":3886},{"Length":98,"Height":123,"Demand":1,"DemandMax":null,"Value":12054},{"Length":172,"Height":180,"Demand":1,"DemandMax":null,"Value":30960},{"Length":103,"Height":114,"Demand":1,"DemandMax":null,"Value":11742},{"Length":65,"Height":122,"Demand":2,"DemandMax":null,"Value":7930},{"Length":231,"Height":60,"Demand":1,"DemandMax":null,"Value":13860},{"Length":102,"Height":89,"Demand":1,"DemandMax":null,"Value":9078},{"Length":61,"Height":90,"Demand":1,"DemandMax":null,"Value":5490},{"Length":107,"Height":111,"Demand":2,"DemandMax":null,"Value":11877},{"Length":119,"Height":46,"Demand":1,"DemandMax":null,"Value":5474},{"Length":231,"Height":72,"Demand":1,"DemandMax":null,"Value":16632},{"Length":75,"Height":44,"Demand":1,"DemandMax":null,"Value":3300},{"Length":162,"Height":107,"Demand":1,"DemandMax":null,"Value":17334},{"Length":70,"Height":118,"Demand":1,"DemandMax":null,"Value":8260},{"Length":64,"Height":49,"Demand":1,"DemandMax":null,"Value":3136},{"Length":82,"Height":262,"Demand":1,"DemandMax":null,"Value":21484},{"Length":94,"Height":129,"Demand":1,"DemandMax":null,"Value":12126},{"Length":38,"Height":119,"Demand":1,"DemandMax":null,"Value":4522},{"Length":77,"Height":50,"Demand":1,"DemandMax":null,"Value":3850},{"Length":225,"Height":73,"Demand":1,"DemandMax":null,"Value":16425},{"Length":246,"Height":67,"Demand":1,"DemandMax":null,"Value":16482},{"Length":84,"Height":96,"Demand":1,"DemandMax":null,"Value":8064},{"Length":77,"Height":52,"Demand":1,"DemandMax":null,"Value":4004},{"Length":71,"Height":110,"Demand":1,"DemandMax":null,"Value":7810},{"Length":121,"Height":69,"Demand":1,"DemandMax":null,"Value":8349},{"Length":117,"Height":69,"Demand":1,"DemandMax":null,"Value":8073},{"Length":171,"Height":99,"Demand":1,"DemandMax":null,"Value":16929},{"Length":116,"Height":70,"Demand":1,"DemandMax":null,"Value":8120},{"Length":54,"Height":68,"Demand":1,"DemandMax":null,"Value":3672},{"Length":174,"Height":67,"Demand":1,"DemandMax":null,"Value":11658},{"Length":106,"Height":106,"Demand":1,"DemandMax":null,"Value":11236},{"Length":78,"Height":215,"Demand":1,"DemandMax":null,"Value":16770},{"Length":231,"Height":77,"Demand":1,"DemandMax":null,"Value":17787},{"Length":231,"Height":102,"Demand":1,"DemandMax":null,"Value":23562},{"Length":162,"Height":115,"Demand":1,"DemandMax":null,"Value":18630},{"Length":172,"Height":70,"Demand":1,"DemandMax":null,"Value":12040},{"Length":98,"Height":36,"Demand":1,"DemandMax":null,"Value":3528},{"Length":174,"Height":75,"Demand":1,"DemandMax":null,"Value":13050},{"Length":61,"Height":215,"Demand":1,"DemandMax":null,"Value":13115},{"Length":94,"Height":133,"Demand":1,"DemandMax":null,"Value":12502},{"Length":35,"Height":90,"Demand":1,"DemandMax":null,"Value":3150},{"Length":106,"Height":95,"Demand":1,"DemandMax":null,"Value":10070},{"Length":115,"Height":75,"Demand":1,"DemandMax":null,"Value":8625},{"Length":103,"Height":120,"Demand":1,"DemandMax":null,"Value":12360},{"Length":104,"Height":77,"Demand":1,"DemandMax":null,"Value":8008},{"Length":232,"Height":60,"Demand":1,"DemandMax":null,"Value":13920},{"Length":165,"Height":89,"Demand":1,"DemandMax":null,"Value":14685},{"Length":95,"Height":161,"Demand":1,"DemandMax":null,"Value":15295},{"Length":172,"Height":44,"Demand":1,"DemandMax":null,"Value":7568},{"Length":129,"Height":69,"Demand":1,"DemandMax":null,"Value":8901},{"Length":87,"Height":96,"Demand":1,"DemandMax":null,"Value":8352},{"Length":86,"Height":110,"Demand":1,"DemandMax":null,"Value":9460},{"Length":161,"Height":54,"Demand":1,"DemandMax":null,"Value":8694},{"Length":172,"Height":82,"Demand":1,"DemandMax":null,"Value":14104},{"Length":125,"Height":69,"Demand":1,"DemandMax":null,"Value":8625},{"Length":232,"Height":67,"Demand":1,"DemandMax":null,"Value":15544},{"Length":106,"Height":109,"Demand":1,"DemandMax":null,"Value":11554},{"Length":70,"Height":144,"Demand":1,"DemandMax":null,"Value":10080},{"Length":80,"Height":106,"Demand":1,"DemandMax":null,"Value":8480},{"Length":116,"Height":30,"Demand":1,"DemandMax":null,"Value":3480},{"Length":44,"Height":70,"Demand":1,"DemandMax":null,"Value":3080},{"Length":129,"Height":67,"Demand":1,"DemandMax":null,"Value":8643},{"Length":144,"Height":89,"Demand":1,"DemandMax":null,"Value":12816},{"Length":154,"Height":74,"Demand":1,"DemandMax":null,"Value":11396},{"Length":167,"Height":53,"Demand":1,"DemandMax":null,"Value":8851},{"Length":66,"Height":122,"Demand":1,"DemandMax":null,"Value":8052},{"Length":93,"Height":51,"Demand":1,"DemandMax":null,"Value":4743},{"Length":127,"Height":77,"Demand":1,"DemandMax":null,"Value":9779},{"Length":89,"Height":36,"Demand":1,"DemandMax":null,"Value":3204},{"Length":70,"Height":65,"Demand":1,"DemandMax":null,"Value":4550},{"Length":49,"Height":120,"Demand":1,"DemandMax":null,"Value":5880},{"Length":157,"Height":68,"Demand":1,"DemandMax":null,"Value":10676},{"Length":172,"Height":107,"Demand":1,"DemandMax":null,"Value":18404},{"Length":231,"Height":186,"Demand":1,"DemandMax":null,"Value":42966},{"Length":92,"Height":67,"Demand":1,"DemandMax":null,"Value":6164},{"Length":91,"Height":90,"Demand":1,"DemandMax":null,"Value":8190},{"Length":102,"Height":65,"Demand":1,"DemandMax":null,"Value":6630},{"Length":119,"Height":81,"Demand":1,"DemandMax":null,"Value":9639},{"Length":172,"Height":101,"Demand":1,"DemandMax":null,"Value":17372},{"Length":90,"Height":50,"Demand":1,"DemandMax":null,"Value":4500},{"Length":89,"Height":54,"Demand":1,"DemandMax":null,"Value":4806},{"Length":52,"Height":90,"Demand":1,"DemandMax":null,"Value":4680},{"Length":40,"Height":119,"Demand":1,"DemandMax":null,"Value":4760},{"Length":77,"Height":54,"Demand":1,"DemandMax":null,"Value":4158},{"Length":98,"Height":155,"Demand":1,"DemandMax":null,"Value":15190},{"Length":93,"Height":68,"Demand":1,"DemandMax":null,"Value":6324},{"Length":86,"Height":70,"Demand":1,"DemandMax":null,"Value":6020},{"Length":116,"Height":45,"Demand":1,"DemandMax":null,"Value":5220},{"Length":163,"Height":45,"Demand":1,"DemandMax":null,"Value":7335},{"Length":59,"Height":67,"Demand":1,"DemandMax":null,"Value":3953},{"Length":130,"Height":161,"Demand":1,"DemandMax":null,"Value":20930},{"Length":73,"Height":122,"Demand":1,"DemandMax":null,"Value":8906},{"Length":97,"Height":49,"Demand":1,"DemandMax":null,"Value":4753},{"Length":57,"Height":120,"Demand":1,"DemandMax":null,"Value":6840},{"Length":100,"Height":31,"Demand":1,"DemandMax":null,"Value":3100},{"Length":100,"Height":37,"Demand":1,"DemandMax":null,"Value":3700},{"Length":88,"Height":44,"Demand":1,"DemandMax":null,"Value":3872}]}