{"Name":"Path50i6b2","Objects":[{"Length":332,"Height":545,"Stock":2,"Cost":180940},{"Length":274,"Height":458,"Stock":5,"Cost":125492},{"Length":317,"Height":455,"Stock":5,"Cost":144235},{"Length":274,"Height":542,"Stock":4,"Cost":148508},{"Length":394,"Height":545,"Stock":3,"Cost":214730},{"Length":409,"Height":455,"Stock":5,"Cost":186095}],"Items":[{"Length":40,"Height":272,"Demand":1,"DemandMax":null,"Value":10880},{"Length":274,"Height":200,"Demand":1,"DemandMax":null,"Value":54800},{"Length":103,"Height":56,"Demand":1,"DemandMax":null,"Value":5768},{"Length":274,"Height":270,"Demand":1,"DemandMax":null,"Value":73980},{"Length":224,"Height":271,"Demand":1,"DemandMax":null,"Value":60704},{"Length":62,"Height":75,"Demand":2,"DemandMax":null,"Value":4650},{"Length":2,"Height":264,"Demand":1,"DemandMax":null,"Value":528},{"Length":147,"Height":258,"Demand":1,"DemandMax":null,"Value":37926},{"Length":176,"Height":191,"Demand":1,"DemandMax":null,"Value":33616},{"Length":190,"Height":255,"Demand":1,"DemandMax":null,"Value":48450},{"Length":112,"Height":272,"Demand":1,"DemandMax":null,"Value":30464},{"Length":198,"Height":76,"Demand":1,"DemandMax":null,"Value":15048},{"Length":274,"Height":62,"Demand":1,"DemandMax":null,"Value":16988},{"Length":138,"Height":191,"Demand":1,"DemandMax":null,"Value":26358},{"Length":212,"Height":200,"Demand":1,"DemandMax":null,"Value":42400},{"Length":10,"Height":264,"Demand":1,"DemandMax":null,"Value":2640},{"Length":12,"Height":142,"Demand":1,"DemandMax":null,"Value":1704},{"Length":2,"Height":200,"Demand":1,"DemandMax":null,"Value":400},{"Length":185,"Height":273,"Demand":1,"DemandMax":null,"Value":50505},{"Length":127,"Height":255,"Demand":1,"DemandMax":null,"Value":32385},{"Length":18,"Height":5,"Demand":1,"DemandMax":null,"Value":90},{"Length":137,"Height":5,"Demand":1,"DemandMax":null,"Value":685},{"Length":135,"Height":264,"Demand":1,"DemandMax":null,"Value":35640},{"Length":34,"Height":264,"Demand":1,"DemandMax":null,"Value":8976},{"Length":221,"Height":274,"Demand":1,"DemandMax":null,"Value":60554},{"Length":53,"Height":264,"Demand":1,"DemandMax":null,"Value":13992},{"Length":76,"Height":76,"Demand":1,"DemandMax":null,"Value":5776},{"Length":209,"Height":191,"Demand":1,"DemandMax":null,"Value":39919},{"Length":62,"Height":39,"Demand":1,"DemandMax":null,"Value":2418},{"Length":1,"Height":98,"Demand":1,"DemandMax":null,"Value":98},{"Length":143,"Height":189,"Demand":1,"DemandMax":null,"Value":27027},{"Length":1,"Height":3,"Demand":1,"DemandMax":null,"Value":3},{"Length":103,"Height":144,"Demand":1,"DemandMax":null,"Value":14832},{"Length":119,"Height":5,"Demand":1,"DemandMax":null,"Value":595},{"Length":98,"Height":154,"Demand":1,"DemandMax":null,"Value":15092},{"Length":170,"Height":271,"Demand":1,"DemandMax":null,"Value":46070},{"Length":173,"Height":274,"Demand":1,"DemandMax":null,"Value":47402},{"Length":1,"Height":119,"Demand":1,"DemandMax":null,"Value":119},{"Length":153,"Height":83,"Demand":1,"DemandMax":null,"Value":12699},{"Length":62,"Height":2,"Demand":1,"DemandMax":null,"Value":124},{"Length":98,"Height":37,"Demand":1,"DemandMax":null,"Value":3626},{"Length":12,"Height":130,"Demand":1,"DemandMax":null,"Value":1560},{"Length":15,"Height":272,"Demand":1,"DemandMax":null,"Value":4080},{"Length":174,"Height":264,"Demand":1,"DemandMax":null,"Value":45936},{"Length":1,"Height":44,"Demand":1,"DemandMax":null,"Value":44},{"Length":147,"Height":15,"Demand":1,"DemandMax":null,"Value":2205},{"Length":10,"Height":189,"Demand":1,"DemandMax":null,"Value":1890},{"Length":93,"Height":196,"Demand":1,"DemandMax":null,"Value":18228},{"Length":181,"Height":196,"Demand":1,"DemandMax":null,"Value":35476}]}