{"Name":"Nice200i4b4","Objects":[{"Length":397,"Height":195,"Stock":4,"Cost":77415},{"Length":1000,"Height":516,"Stock":5,"Cost":516000},{"Length":603,"Height":484,"Stock":2,"Cost":291852},{"Length":397,"Height":289,"Stock":5,"Cost":114733}],"Items":[{"Length":91,"Height":64,"Demand":1,"DemandMax":null,"Value":5824},{"Length":92,"Height":46,"Demand":2,"DemandMax":null,"Value":4232},{"Length":85,"Height":70,"Demand":1,"DemandMax":null,"Value":5950},{"Length":80,"Height":89,"Demand":1,"DemandMax":null,"Value":7120},{"Length":47,"Height":97,"Demand":2,"DemandMax":null,"Value":4559},{"Length":67,"Height":65,"Demand":2,"DemandMax":null,"Value":4355},{"Length":37,"Height":144,"Demand":1,"DemandMax":null,"Value":5328},{"Length":87,"Height":62,"Demand":1,"DemandMax":null,"Value":5394},{"Length":93,"Height":68,"Demand":1,"DemandMax":null,"Value":6324},{"Length":80,"Height":53,"Demand":1,"DemandMax":null,"Value":4240},{"Length":121,"Height":50,"Demand":1,"DemandMax":null,"Value":6050},{"Length":141,"Height":38,"Demand":1,"DemandMax":null,"Value":5358},{"Length":41,"Height":127,"Demand":1,"DemandMax":null,"Value":5207},{"Length":83,"Height":58,"Demand":1,"DemandMax":null,"Value":4814},{"Length":67,"Height":79,"Demand":1,"DemandMax":null,"Value":5293},{"Length":115,"Height":48,"Demand":1,"DemandMax":null,"Value":5520},{"Length":48,"Height":154,"Demand":1,"DemandMax":null,"Value":7392},{"Length":46,"Height":67,"Demand":1,"DemandMax":null,"Value":3082},{"Length":47,"Height":88,"Demand":2,"DemandMax":null,"Value":4136},{"Length":79,"Height":57,"Demand":1,"DemandMax":null,"Value":4503},{"Length":45,"Height":101,"Demand":1,"DemandMax":null,"Value":4545},{"Length":99,"Height":48,"Demand":1,"DemandMax":null,"Value":4752},{"Length":60,"Height":60,"Demand":1,"DemandMax":null,"Value":3600},{"Length":115,"Height":62,"Demand":1,"DemandMax":null,"Value":7130},{"Length":88,"Height":78,"Demand":1,"DemandMax":null,"Value":6864},{"Length":88,"Height":52,"Demand":1,"DemandMax":null,"Value":4576},{"Length":118,"Height":47,"Demand":1,"DemandMax":null,"Value":5546},{"Length":125,"Height":68,"Demand":1,"DemandMax":null,"Value":8500},{"Length":32,"Height":89,"Demand":1,"DemandMax":null,"Value":2848},{"Length":98,"Height":77,"Demand":1,"DemandMax":null,"Value":7546},{"Length":51,"Height":84,"Demand":2,"DemandMax":null,"Value":4284},{"Length":67,"Height":42,"Demand":1,"DemandMax":null,"Value":2814},{"Length":43,"Height":64,"Demand":1,"DemandMax":null,"Value":2752},{"Length":45,"Height":84,"Demand":1,"DemandMax":null,"Value":3780},{"Length":94,"Height":72,"Demand":1,"DemandMax":null,"Value":6768},{"Length":112,"Height":38,"Demand":2,"DemandMax":null,"Value":4256},{"Length":42,"Height":59,"Demand":1,"DemandMax":null,"Value":2478},{"Length":76,"Height":106,"Demand":1,"DemandMax":null,"Value":8056},{"Length":39,"Height":130,"Demand":1,"DemandMax":null,"Value":5070},{"Length":62,"Height":77,"Demand":2,"DemandMax":null,"Value":4774},{"Length":31,"Height":83,"Demand":1,"DemandMax":null,"Value":2573},{"Length":41,"Height":145,"Demand":1,"DemandMax":null,"Value":5945},{"Length":96,"Height":82,"Demand":1,"DemandMax":null,"Value":7872},{"Length":38,"Height":130,"Demand":1,"DemandMax":null,"Value":4940},{"Length":51,"Height":118,"Demand":2,"DemandMax":null,"Value":6018},{"Length":49,"Height":97,"Demand":1,"DemandMax":null,"Value":4753},{"Length":43,"Height":67,"Demand":1,"DemandMax":null,"Value":2881},{"Length":38,"Height":69,"Demand":1,"DemandMax":null,"Value":2622},{"Length":48,"Height":70,"Demand":1,"DemandMax":null,"Value":3360},{"Length":38,"Height":86,"Demand":1,"DemandMax":null,"Value":3268},{"Length":92,"Height":47,"Demand":2,"DemandMax":null,"Value":4324},{"Length":67,"Height":63,"Demand":1,"DemandMax":null,"Value":4221},{"Length":45,"Height":95,"Demand":1,"DemandMax":null,"Value":4275},{"Length":47,"Height":133,"Demand":1,"DemandMax":null,"Value":6251},{"Length":117,"Height":62,"Demand":1,"DemandMax":null,"Value":7254},{"Length":127,"Height":39,"Demand":1,"DemandMax":null,"Value":4953},{"Length":67,"Height":70,"Demand":2,"DemandMax":null,"Value":4690},{"Length":68,"Height":89,"Demand":1,"DemandMax":null,"Value":6052},{"Length":168,"Height":42,"Demand":1,"DemandMax":null,"Value":7056},{"Length":41,"Height":63,"Demand":1,"DemandMax":null,"Value":2583},{"Length":82,"Height":35,"Demand":1,"DemandMax":null,"Value":2870},{"Length":88,"Height":30,"Demand":2,"DemandMax":null,"Value":2640},{"Length":99,"Height":85,"Demand":1,"DemandMax":null,"Value":8415},{"Length":79,"Height":89,"Demand":1,"DemandMax":null,"Value":7031},{"Length":112,"Height":59,"Demand":1,"DemandMax":null,"Value":6608},{"Length":45,"Height":131,"Demand":1,"DemandMax":null,"Value":5895},{"Length":43,"Height":154,"Demand":1,"DemandMax":null,"Value":6622},{"Length":48,"Height":87,"Demand":1,"DemandMax":null,"Value":4176},{"Length":118,"Height":37,"Demand":1,"DemandMax":null,"Value":4366},{"Length":99,"Height":63,"Demand":1,"DemandMax":null,"Value":6237},{"Length":99,"Height":65,"Demand":1,"DemandMax":null,"Value":6435},{"Length":80,"Height":64,"Demand":1,"DemandMax":null,"Value":5120},{"Length":80,"Height":84,"Demand":1,"DemandMax":null,"Value":6720},{"Length":98,"Height":26,"Demand":1,"DemandMax":null,"Value":2548},{"Length":52,"Height":86,"Demand":1,"DemandMax":null,"Value":4472},{"Length":92,"Height":70,"Demand":1,"DemandMax":null,"Value":6440},{"Length":57,"Height":75,"Demand":1,"DemandMax":null,"Value":4275},{"Length":54,"Height":81,"Demand":2,"DemandMax":null,"Value":4374},{"Length":141,"Height":52,"Demand":1,"DemandMax":null,"Value":7332},{"Length":57,"Height":79,"Demand":1,"DemandMax":null,"Value":4503},{"Length":73,"Height":65,"Demand":1,"DemandMax":null,"Value":4745},{"Length":83,"Height":69,"Demand":1,"DemandMax":null,"Value":5727},{"Length":61,"Height":46,"Demand":1,"DemandMax":null,"Value":2806},{"Length":49,"Height":173,"Demand":1,"DemandMax":null,"Value":8477},{"Length":88,"Height":64,"Demand":1,"DemandMax":null,"Value":5632},{"Length":53,"Height":91,"Demand":1,"DemandMax":null,"Value":4823},{"Length":52,"Height":90,"Demand":1,"DemandMax":null,"Value":4680},{"Length":51,"Height":133,"Demand":1,"DemandMax":null,"Value":6783},{"Length":50,"Height":133,"Demand":1,"DemandMax":null,"Value":6650},{"Length":63,"Height":67,"Demand":1,"DemandMax":null,"Value":4221},{"Length":56,"Height":133,"Demand":1,"DemandMax":null,"Value":7448},{"Length":56,"Height":83,"Demand":1,"DemandMax":null,"Value":4648},{"Length":115,"Height":39,"Demand":1,"DemandMax":null,"Value":4485},{"Length":43,"Height":58,"Demand":1,"DemandMax":null,"Value":2494},{"Length":50,"Height":111,"Demand":1,"DemandMax":null,"Value":5550},{"Length":62,"Height":91,"Demand":1,"DemandMax":null,"Value":5642},{"Length":47,"Height":100,"Demand":2,"DemandMax":null,"Value":4700},{"Length":97,"Height":57,"Demand":1,"DemandMax":null,"Value":5529},{"Length":36,"Height":127,"Demand":2,"DemandMax":null,"Value":4572},{"Length":58,"Height":83,"Demand":1,"DemandMax":null,"Value":4814},{"Length":59,"Height":72,"Demand":1,"DemandMax":null,"Value":4248},{"Length":115,"Height":49,"Demand":1,"DemandMax":null,"Value":5635},{"Length":63,"Height":77,"Demand":1,"DemandMax":null,"Value":4851},{"Length":32,"Height":95,"Demand":1,"DemandMax":null,"Value":3040},{"Length":51,"Height":64,"Demand":1,"DemandMax":null,"Value":3264},{"Length":74,"Height":70,"Demand":1,"DemandMax":null,"Value":5180},{"Length":50,"Height":142,"Demand":1,"DemandMax":null,"Value":7100},{"Length":56,"Height":45,"Demand":1,"DemandMax":null,"Value":2520},{"Length":127,"Height":37,"Demand":1,"DemandMax":null,"Value":4699},{"Length":99,"Height":43,"Demand":1,"DemandMax":null,"Value":4257},{"Length":118,"Height":40,"Demand":1,"DemandMax":null,"Value":4720},{"Length":67,"Height":112,"Demand":1,"DemandMax":null,"Value":7504},{"Length":80,"Height":80,"Demand":1,"DemandMax":null,"Value":6400},{"Length":48,"Height":90,"Demand":2,"DemandMax":null,"Value":4320},{"Length":89,"Height":65,"Demand":1,"DemandMax":null,"Value":5785},{"Length":80,"Height":79,"Demand":1,"DemandMax":null,"Value":6320},{"Length":42,"Height":127,"Demand":1,"DemandMax":null,"Value":5334},{"Length":37,"Height":116,"Demand":1,"DemandMax":null,"Value":4292},{"Length":60,"Height":73,"Demand":1,"DemandMax":null,"Value":4380},{"Length":99,"Height":44,"Demand":1,"DemandMax":null,"Value":4356},{"Length":59,"Height":97,"Demand":1,"DemandMax":null,"Value":5723},{"Length":80,"Height":97,"Demand":1,"DemandMax":null,"Value":7760},{"Length":60,"Height":100,"Demand":1,"DemandMax":null,"Value":6000},{"Length":83,"Height":101,"Demand":1,"DemandMax":null,"Value":8383},{"Length":56,"Height":48,"Demand":1,"DemandMax":null,"Value":2688},{"Length":80,"Height":81,"Demand":1,"DemandMax":null,"Value":6480},{"Length":47,"Height":127,"Demand":2,"DemandMax":null,"Value":5969},{"Length":59,"Height":73,"Demand":1,"DemandMax":null,"Value":4307},{"Length":93,"Height":47,"Demand":1,"DemandMax":null,"Value":4371},{"Length":93,"Height":48,"Demand":1,"DemandMax":null,"Value":4464},{"Length":52,"Height":54,"Demand":1,"DemandMax":null,"Value":2808},{"Length":112,"Height":45,"Demand":1,"DemandMax":null,"Value":5040},{"Length":43,"Height":116,"Demand":1,"DemandMax":null,"Value":4988},{"Length":102,"Height":42,"Demand":2,"DemandMax":null,"Value":4284},{"Length":51,"Height":87,"Demand":1,"DemandMax":null,"Value":4437},{"Length":52,"Height":57,"Demand":1,"DemandMax":null,"Value":2964},{"Length":56,"Height":67,"Demand":1,"DemandMax":null,"Value":3752},{"Length":68,"Height":68,"Demand":1,"DemandMax":null,"Value":4624},{"Length":57,"Height":77,"Demand":1,"DemandMax":null,"Value":4389},{"Length":46,"Height":131,"Demand":1,"DemandMax":null,"Value":6026},{"Length":83,"Height":52,"Demand":1,"DemandMax":null,"Value":4316},{"Length":96,"Height":28,"Demand":1,"DemandMax":null,"Value":2688},{"Length":50,"Height":95,"Demand":1,"DemandMax":null,"Value":4750},{"Length":40,"Height":122,"Demand":2,"DemandMax":null,"Value":4880},{"Length":132,"Height":49,"Demand":1,"DemandMax":null,"Value":6468},{"Length":66,"Height":45,"Demand":1,"DemandMax":null,"Value":2970},{"Length":81,"Height":70,"Demand":1,"DemandMax":null,"Value":5670},{"Length":102,"Height":44,"Demand":1,"DemandMax":null,"Value":4488},{"Length":78,"Height":68,"Demand":1,"DemandMax":null,"Value":5304},{"Length":112,"Height":51,"Demand":1,"DemandMax":null,"Value":5712},{"Length":94,"Height":52,"Demand":1,"DemandMax":null,"Value":4888},{"Length":55,"Height":81,"Demand":1,"DemandMax":null,"Value":4455},{"Length":102,"Height":43,"Demand":1,"DemandMax":null,"Value":4386},{"Length":48,"Height":89,"Demand":1,"DemandMax":null,"Value":4272},{"Length":64,"Height":77,"Demand":1,"DemandMax":null,"Value":4928},{"Length":48,"Height":91,"Demand":2,"DemandMax":null,"Value":4368},{"Length":61,"Height":81,"Demand":2,"DemandMax":null,"Value":4941},{"Length":127,"Height":53,"Demand":1,"DemandMax":null,"Value":6731},{"Length":65,"Height":95,"Demand":1,"DemandMax":null,"Value":6175},{"Length":89,"Height":192,"Demand":1,"DemandMax":null,"Value":17088},{"Length":39,"Height":83,"Demand":1,"DemandMax":null,"Value":3237},{"Length":96,"Height":50,"Demand":1,"DemandMax":null,"Value":4800},{"Length":43,"Height":90,"Demand":1,"DemandMax":null,"Value":3870},{"Length":51,"Height":90,"Demand":1,"DemandMax":null,"Value":4590},{"Length":121,"Height":45,"Demand":1,"DemandMax":null,"Value":5445},{"Length":84,"Height":58,"Demand":1,"DemandMax":null,"Value":4872},{"Length":66,"Height":147,"Demand":1,"DemandMax":null,"Value":9702},{"Length":50,"Height":89,"Demand":1,"DemandMax":null,"Value":4450},{"Length":46,"Height":109,"Demand":1,"DemandMax":null,"Value":5014},{"Length":37,"Height":95,"Demand":1,"DemandMax":null,"Value":3515},{"Length":67,"Height":77,"Demand":1,"DemandMax":null,"Value":5159},{"Length":38,"Height":73,"Demand":1,"DemandMax":null,"Value":2774},{"Length":53,"Height":59,"Demand":1,"DemandMax":null,"Value":3127},{"Length":82,"Height":55,"Demand":1,"DemandMax":null,"Value":4510},{"Length":45,"Height":88,"Demand":1,"DemandMax":null,"Value":3960},{"Length":41,"Height":67,"Demand":1,"DemandMax":null,"Value":2747},{"Length":98,"Height":51,"Demand":1,"DemandMax":null,"Value":4998},{"Length":55,"Height":86,"Demand":1,"DemandMax":null,"Value":4730},{"Length":76,"Height":48,"Demand":1,"DemandMax":null,"Value":3648},{"Length":60,"Height":67,"Demand":1,"DemandMax":null,"Value":4020}]}