{"Name":"Path300i6b4","Objects":[{"Length":275,"Height":691,"Stock":2,"Cost":190025},{"Length":275,"Height":392,"Stock":5,"Cost":107800},{"Length":384,"Height":309,"Stock":1,"Cost":118656},{"Length":275,"Height":608,"Stock":2,"Cost":167200},{"Length":450,"Height":691,"Stock":5,"Cost":310950},{"Length":341,"Height":309,"Stock":4,"Cost":105369}],"Items":[{"Length":275,"Height":228,"Demand":1,"DemandMax":null,"Value":62700},{"Length":2,"Height":136,"Demand":1,"DemandMax":null,"Value":272},{"Length":258,"Height":32,"Demand":1,"DemandMax":null,"Value":8256},{"Length":134,"Height":7,"Demand":1,"DemandMax":null,"Value":938},{"Length":197,"Height":102,"Demand":1,"DemandMax":null,"Value":20094},{"Length":48,"Height":63,"Demand":1,"DemandMax":null,"Value":3024},{"Length":50,"Height":91,"Demand":1,"DemandMax":null,"Value":4550},{"Length":40,"Height":47,"Demand":1,"DemandMax":null,"Value":1880},{"Length":46,"Height":131,"Demand":1,"DemandMax":null,"Value":6026},{"Length":173,"Height":216,"Demand":1,"DemandMax":null,"Value":37368},{"Length":60,"Height":150,"Demand":1,"DemandMax":null,"Value":9000},{"Length":35,"Height":90,"Demand":1,"DemandMax":null,"Value":3150},{"Length":156,"Height":20,"Demand":1,"DemandMax":null,"Value":3120},{"Length":21,"Height":213,"Demand":1,"DemandMax":null,"Value":4473},{"Length":164,"Height":23,"Demand":1,"DemandMax":null,"Value":3772},{"Length":251,"Height":163,"Demand":1,"DemandMax":null,"Value":40913},{"Length":1,"Height":152,"Demand":2,"DemandMax":null,"Value":152},{"Length":14,"Height":1,"Demand":1,"DemandMax":null,"Value":14},{"Length":10,"Height":7,"Demand":1,"DemandMax":null,"Value":70},{"Length":71,"Height":30,"Demand":1,"DemandMax":null,"Value":2130},{"Length":200,"Height":33,"Demand":1,"DemandMax":null,"Value":6600},{"Length":268,"Height":220,"Demand":1,"DemandMax":null,"Value":58960},{"Length":36,"Height":115,"Demand":1,"DemandMax":null,"Value":4140},{"Length":1,"Height":98,"Demand":1,"DemandMax":null,"Value":98},{"Length":96,"Height":69,"Demand":1,"DemandMax":null,"Value":6624},{"Length":11,"Height":2,"Demand":2,"DemandMax":null,"Value":22},{"Length":28,"Height":198,"Demand":1,"DemandMax":null,"Value":5544},{"Length":29,"Height":1,"Demand":1,"DemandMax":null,"Value":29},{"Length":1,"Height":14,"Demand":3,"DemandMax":null,"Value":14},{"Length":143,"Height":1,"Demand":1,"DemandMax":null,"Value":143},{"Length":46,"Height":36,"Demand":1,"DemandMax":null,"Value":1656},{"Length":36,"Height":88,"Demand":1,"DemandMax":null,"Value":3168},{"Length":1,"Height":189,"Demand":1,"DemandMax":null,"Value":189},{"Length":1,"Height":3,"Demand":3,"DemandMax":null,"Value":3},{"Length":36,"Height":13,"Demand":1,"DemandMax":null,"Value":468},{"Length":64,"Height":109,"Demand":1,"DemandMax":null,"Value":6976},{"Length":25,"Height":52,"Demand":1,"DemandMax":null,"Value":1300},{"Length":8,"Height":12,"Demand":1,"DemandMax":null,"Value":96},{"Length":74,"Height":145,"Demand":1,"DemandMax":null,"Value":10730},{"Length":33,"Height":53,"Demand":1,"DemandMax":null,"Value":1749},{"Length":192,"Height":1,"Demand":1,"DemandMax":null,"Value":192},{"Length":275,"Height":61,"Demand":1,"DemandMax":null,"Value":16775},{"Length":14,"Height":246,"Demand":1,"DemandMax":null,"Value":3444},{"Length":41,"Height":13,"Demand":1,"DemandMax":null,"Value":533},{"Length":8,"Height":50,"Demand":1,"DemandMax":null,"Value":400},{"Length":138,"Height":72,"Demand":1,"DemandMax":null,"Value":9936},{"Length":16,"Height":213,"Demand":1,"DemandMax":null,"Value":3408},{"Length":45,"Height":1,"Demand":2,"DemandMax":null,"Value":45},{"Length":58,"Height":4,"Demand":1,"DemandMax":null,"Value":232},{"Length":120,"Height":13,"Demand":1,"DemandMax":null,"Value":1560},{"Length":2,"Height":164,"Demand":1,"DemandMax":null,"Value":328},{"Length":20,"Height":27,"Demand":1,"DemandMax":null,"Value":540},{"Length":95,"Height":2,"Demand":1,"DemandMax":null,"Value":190},{"Length":10,"Height":109,"Demand":1,"DemandMax":null,"Value":1090},{"Length":74,"Height":10,"Demand":1,"DemandMax":null,"Value":740},{"Length":275,"Height":230,"Demand":1,"DemandMax":null,"Value":63250},{"Length":7,"Height":63,"Demand":1,"DemandMax":null,"Value":441},{"Length":1,"Height":57,"Demand":2,"DemandMax":null,"Value":57},{"Length":235,"Height":114,"Demand":1,"DemandMax":null,"Value":26790},{"Length":78,"Height":28,"Demand":1,"DemandMax":null,"Value":2184},{"Length":159,"Height":18,"Demand":1,"DemandMax":null,"Value":2862},{"Length":3,"Height":42,"Demand":2,"DemandMax":null,"Value":126},{"Length":188,"Height":29,"Demand":1,"DemandMax":null,"Value":5452},{"Length":13,"Height":1,"Demand":1,"DemandMax":null,"Value":13},{"Length":104,"Height":2,"Demand":2,"DemandMax":null,"Value":208},{"Length":8,"Height":213,"Demand":2,"DemandMax":null,"Value":1704},{"Length":1,"Height":86,"Demand":1,"DemandMax":null,"Value":86},{"Length":156,"Height":87,"Demand":1,"DemandMax":null,"Value":13572},{"Length":125,"Height":64,"Demand":1,"DemandMax":null,"Value":8000},{"Length":1,"Height":1,"Demand":8,"DemandMax":null,"Value":1},{"Length":63,"Height":18,"Demand":1,"DemandMax":null,"Value":1134},{"Length":41,"Height":253,"Demand":1,"DemandMax":null,"Value":10373},{"Length":71,"Height":64,"Demand":1,"DemandMax":null,"Value":4544},{"Length":104,"Height":24,"Demand":1,"DemandMax":null,"Value":2496},{"Length":104,"Height":32,"Demand":1,"DemandMax":null,"Value":3328},{"Length":68,"Height":79,"Demand":1,"DemandMax":null,"Value":5372},{"Length":4,"Height":2,"Demand":1,"DemandMax":null,"Value":8},{"Length":3,"Height":11,"Demand":1,"DemandMax":null,"Value":33},{"Length":51,"Height":147,"Demand":1,"DemandMax":null,"Value":7497},{"Length":1,"Height":8,"Demand":2,"DemandMax":null,"Value":8},{"Length":1,"Height":7,"Demand":2,"DemandMax":null,"Value":7},{"Length":81,"Height":1,"Demand":1,"DemandMax":null,"Value":81},{"Length":33,"Height":42,"Demand":1,"DemandMax":null,"Value":1386},{"Length":3,"Height":10,"Demand":1,"DemandMax":null,"Value":30},{"Length":10,"Height":213,"Demand":2,"DemandMax":null,"Value":2130},{"Length":163,"Height":2,"Demand":1,"DemandMax":null,"Value":326},{"Length":59,"Height":88,"Demand":1,"DemandMax":null,"Value":5192},{"Length":27,"Height":1,"Demand":1,"DemandMax":null,"Value":27},{"Length":28,"Height":107,"Demand":1,"DemandMax":null,"Value":2996},{"Length":69,"Height":183,"Demand":1,"DemandMax":null,"Value":12627},{"Length":52,"Height":20,"Demand":1,"DemandMax":null,"Value":1040},{"Length":14,"Height":80,"Demand":1,"DemandMax":null,"Value":1120},{"Length":8,"Height":22,"Demand":1,"DemandMax":null,"Value":176},{"Length":8,"Height":20,"Demand":2,"DemandMax":null,"Value":160},{"Length":49,"Height":105,"Demand":1,"DemandMax":null,"Value":5145},{"Length":74,"Height":40,"Demand":1,"DemandMax":null,"Value":2960},{"Length":1,"Height":2,"Demand":4,"DemandMax":null,"Value":2},{"Length":1,"Height":22,"Demand":2,"DemandMax":null,"Value":22},{"Length":20,"Height":42,"Demand":1,"DemandMax":null,"Value":840},{"Length":2,"Height":79,"Demand":2,"DemandMax":null,"Value":158},{"Length":1,"Height":81,"Demand":1,"DemandMax":null,"Value":81},{"Length":33,"Height":1,"Demand":1,"DemandMax":null,"Value":33},{"Length":11,"Height":11,"Demand":1,"DemandMax":null,"Value":121},{"Length":49,"Height":140,"Demand":1,"DemandMax":null,"Value":6860},{"Length":4,"Height":198,"Demand":1,"DemandMax":null,"Value":792},{"Length":3,"Height":29,"Demand":1,"DemandMax":null,"Value":87},{"Length":2,"Height":5,"Demand":1,"DemandMax":null,"Value":10},{"Length":2,"Height":16,"Demand":2,"DemandMax":null,"Value":32},{"Length":7,"Height":54,"Demand":1,"DemandMax":null,"Value":378},{"Length":180,"Height":78,"Demand":1,"DemandMax":null,"Value":14040},{"Length":19,"Height":8,"Demand":1,"DemandMax":null,"Value":152},{"Length":6,"Height":9,"Demand":1,"DemandMax":null,"Value":54},{"Length":2,"Height":42,"Demand":1,"DemandMax":null,"Value":84},{"Length":36,"Height":1,"Demand":2,"DemandMax":null,"Value":36},{"Length":41,"Height":60,"Demand":1,"DemandMax":null,"Value":2460},{"Length":3,"Height":53,"Demand":1,"DemandMax":null,"Value":159},{"Length":7,"Height":10,"Demand":1,"DemandMax":null,"Value":70},{"Length":241,"Height":15,"Demand":1,"DemandMax":null,"Value":3615},{"Length":71,"Height":6,"Demand":1,"DemandMax":null,"Value":426},{"Length":69,"Height":12,"Demand":1,"DemandMax":null,"Value":828},{"Length":1,"Height":15,"Demand":1,"DemandMax":null,"Value":15},{"Length":33,"Height":30,"Demand":1,"DemandMax":null,"Value":990},{"Length":28,"Height":28,"Demand":1,"DemandMax":null,"Value":784},{"Length":189,"Height":12,"Demand":1,"DemandMax":null,"Value":2268},{"Length":115,"Height":116,"Demand":1,"DemandMax":null,"Value":13340},{"Length":9,"Height":18,"Demand":1,"DemandMax":null,"Value":162},{"Length":4,"Height":30,"Demand":1,"DemandMax":null,"Value":120},{"Length":3,"Height":109,"Demand":1,"DemandMax":null,"Value":327},{"Length":107,"Height":246,"Demand":1,"DemandMax":null,"Value":26322},{"Length":9,"Height":12,"Demand":1,"DemandMax":null,"Value":108},{"Length":74,"Height":9,"Demand":1,"DemandMax":null,"Value":666},{"Length":8,"Height":116,"Demand":1,"DemandMax":null,"Value":928},{"Length":164,"Height":113,"Demand":1,"DemandMax":null,"Value":18532},{"Length":112,"Height":1,"Demand":1,"DemandMax":null,"Value":112},{"Length":8,"Height":1,"Demand":1,"DemandMax":null,"Value":8},{"Length":33,"Height":23,"Demand":1,"DemandMax":null,"Value":759},{"Length":111,"Height":91,"Demand":1,"DemandMax":null,"Value":10101},{"Length":63,"Height":1,"Demand":1,"DemandMax":null,"Value":63},{"Length":32,"Height":213,"Demand":1,"DemandMax":null,"Value":6816},{"Length":71,"Height":18,"Demand":1,"DemandMax":null,"Value":1278},{"Length":8,"Height":6,"Demand":1,"DemandMax":null,"Value":48},{"Length":134,"Height":65,"Demand":1,"DemandMax":null,"Value":8710},{"Length":61,"Height":78,"Demand":1,"DemandMax":null,"Value":4758},{"Length":59,"Height":119,"Demand":1,"DemandMax":null,"Value":7021},{"Length":58,"Height":15,"Demand":1,"DemandMax":null,"Value":870},{"Length":164,"Height":2,"Demand":1,"DemandMax":null,"Value":328},{"Length":3,"Height":213,"Demand":1,"DemandMax":null,"Value":639},{"Length":95,"Height":14,"Demand":1,"DemandMax":null,"Value":1330},{"Length":10,"Height":42,"Demand":1,"DemandMax":null,"Value":420},{"Length":1,"Height":55,"Demand":1,"DemandMax":null,"Value":55},{"Length":1,"Height":19,"Demand":1,"DemandMax":null,"Value":19},{"Length":3,"Height":46,"Demand":1,"DemandMax":null,"Value":138},{"Length":33,"Height":20,"Demand":1,"DemandMax":null,"Value":660},{"Length":71,"Height":35,"Demand":1,"DemandMax":null,"Value":2485},{"Length":1,"Height":164,"Demand":1,"DemandMax":null,"Value":164},{"Length":25,"Height":4,"Demand":1,"DemandMax":null,"Value":100},{"Length":4,"Height":213,"Demand":1,"DemandMax":null,"Value":852},{"Length":13,"Height":58,"Demand":1,"DemandMax":null,"Value":754},{"Length":9,"Height":103,"Demand":1,"DemandMax":null,"Value":927},{"Length":20,"Height":80,"Demand":1,"DemandMax":null,"Value":1600},{"Length":134,"Height":6,"Demand":1,"DemandMax":null,"Value":804},{"Length":1,"Height":42,"Demand":3,"DemandMax":null,"Value":42},{"Length":8,"Height":7,"Demand":1,"DemandMax":null,"Value":56},{"Length":49,"Height":5,"Demand":1,"DemandMax":null,"Value":245},{"Length":4,"Height":6,"Demand":1,"DemandMax":null,"Value":24},{"Length":2,"Height":198,"Demand":1,"DemandMax":null,"Value":396},{"Length":5,"Height":246,"Demand":1,"DemandMax":null,"Value":1230},{"Length":22,"Height":246,"Demand":1,"DemandMax":null,"Value":5412},{"Length":3,"Height":1,"Demand":2,"DemandMax":null,"Value":3},{"Length":164,"Height":64,"Demand":1,"DemandMax":null,"Value":10496},{"Length":62,"Height":99,"Demand":1,"DemandMax":null,"Value":6138},{"Length":164,"Height":1,"Demand":2,"DemandMax":null,"Value":164},{"Length":1,"Height":64,"Demand":1,"DemandMax":null,"Value":64},{"Length":2,"Height":20,"Demand":1,"DemandMax":null,"Value":40},{"Length":23,"Height":58,"Demand":1,"DemandMax":null,"Value":1334},{"Length":45,"Height":22,"Demand":1,"DemandMax":null,"Value":990},{"Length":5,"Height":79,"Demand":1,"DemandMax":null,"Value":395},{"Length":8,"Height":3,"Demand":1,"DemandMax":null,"Value":24},{"Length":3,"Height":98,"Demand":2,"DemandMax":null,"Value":294},{"Length":10,"Height":59,"Demand":1,"DemandMax":null,"Value":590},{"Length":20,"Height":15,"Demand":1,"DemandMax":null,"Value":300},{"Length":138,"Height":9,"Demand":1,"DemandMax":null,"Value":1242},{"Length":2,"Height":18,"Demand":1,"DemandMax":null,"Value":36},{"Length":10,"Height":1,"Demand":1,"DemandMax":null,"Value":10},{"Length":14,"Height":53,"Demand":1,"DemandMax":null,"Value":742},{"Length":46,"Height":1,"Demand":1,"DemandMax":null,"Value":46},{"Length":1,"Height":16,"Demand":1,"DemandMax":null,"Value":16},{"Length":3,"Height":20,"Demand":1,"DemandMax":null,"Value":60},{"Length":20,"Height":216,"Demand":1,"DemandMax":null,"Value":4320},{"Length":51,"Height":90,"Demand":1,"DemandMax":null,"Value":4590},{"Length":19,"Height":34,"Demand":1,"DemandMax":null,"Value":646},{"Length":8,"Height":107,"Demand":1,"DemandMax":null,"Value":856},{"Length":8,"Height":87,"Demand":1,"DemandMax":null,"Value":696},{"Length":2,"Height":216,"Demand":1,"DemandMax":null,"Value":432},{"Length":1,"Height":103,"Demand":1,"DemandMax":null,"Value":103},{"Length":1,"Height":13,"Demand":1,"DemandMax":null,"Value":13},{"Length":108,"Height":115,"Demand":1,"DemandMax":null,"Value":12420},{"Length":29,"Height":79,"Demand":1,"DemandMax":null,"Value":2291},{"Length":141,"Height":119,"Demand":1,"DemandMax":null,"Value":16779},{"Length":188,"Height":11,"Demand":1,"DemandMax":null,"Value":2068},{"Length":29,"Height":10,"Demand":1,"DemandMax":null,"Value":290},{"Length":1,"Height":40,"Demand":1,"DemandMax":null,"Value":40},{"Length":126,"Height":1,"Demand":1,"DemandMax":null,"Value":126},{"Length":3,"Height":58,"Demand":1,"DemandMax":null,"Value":174},{"Length":41,"Height":5,"Demand":1,"DemandMax":null,"Value":205},{"Length":8,"Height":42,"Demand":1,"DemandMax":null,"Value":336},{"Length":33,"Height":57,"Demand":1,"DemandMax":null,"Value":1881},{"Length":6,"Height":20,"Demand":1,"DemandMax":null,"Value":120},{"Length":58,"Height":101,"Demand":1,"DemandMax":null,"Value":5858},{"Length":71,"Height":14,"Demand":1,"DemandMax":null,"Value":994},{"Length":45,"Height":19,"Demand":1,"DemandMax":null,"Value":855},{"Length":46,"Height":3,"Demand":1,"DemandMax":null,"Value":138},{"Length":1,"Height":43,"Demand":2,"DemandMax":null,"Value":43},{"Length":10,"Height":44,"Demand":1,"DemandMax":null,"Value":440},{"Length":66,"Height":5,"Demand":1,"DemandMax":null,"Value":330},{"Length":96,"Height":90,"Demand":1,"DemandMax":null,"Value":8640},{"Length":49,"Height":7,"Demand":1,"DemandMax":null,"Value":343},{"Length":55,"Height":91,"Demand":1,"DemandMax":null,"Value":5005},{"Length":1,"Height":213,"Demand":2,"DemandMax":null,"Value":213},{"Length":6,"Height":1,"Demand":1,"DemandMax":null,"Value":6},{"Length":258,"Height":4,"Demand":1,"DemandMax":null,"Value":1032},{"Length":29,"Height":40,"Demand":1,"DemandMax":null,"Value":1160},{"Length":87,"Height":116,"Demand":1,"DemandMax":null,"Value":10092},{"Length":4,"Height":1,"Demand":2,"DemandMax":null,"Value":4},{"Length":156,"Height":253,"Demand":1,"DemandMax":null,"Value":39468},{"Length":24,"Height":36,"Demand":1,"DemandMax":null,"Value":864},{"Length":29,"Height":8,"Demand":1,"DemandMax":null,"Value":232},{"Length":5,"Height":12,"Demand":1,"DemandMax":null,"Value":60},{"Length":62,"Height":127,"Demand":1,"DemandMax":null,"Value":7874},{"Length":24,"Height":115,"Demand":1,"DemandMax":null,"Value":2760},{"Length":33,"Height":21,"Demand":1,"DemandMax":null,"Value":693},{"Length":138,"Height":101,"Demand":1,"DemandMax":null,"Value":13938},{"Length":89,"Height":183,"Demand":1,"DemandMax":null,"Value":16287},{"Length":1,"Height":27,"Demand":1,"DemandMax":null,"Value":27},{"Length":5,"Height":216,"Demand":1,"DemandMax":null,"Value":1080},{"Length":258,"Height":9,"Demand":1,"DemandMax":null,"Value":2322},{"Length":17,"Height":58,"Demand":1,"DemandMax":null,"Value":986},{"Length":1,"Height":18,"Demand":1,"DemandMax":null,"Value":18},{"Length":9,"Height":10,"Demand":1,"DemandMax":null,"Value":90},{"Length":2,"Height":11,"Demand":1,"DemandMax":null,"Value":22},{"Length":189,"Height":8,"Demand":1,"DemandMax":null,"Value":1512},{"Length":1,"Height":10,"Demand":1,"DemandMax":null,"Value":10},{"Length":11,"Height":6,"Demand":1,"DemandMax":null,"Value":66},{"Length":1,"Height":115,"Demand":1,"DemandMax":null,"Value":115},{"Length":80,"Height":26,"Demand":1,"DemandMax":null,"Value":2080},{"Length":1,"Height":5,"Demand":1,"DemandMax":null,"Value":5},{"Length":241,"Height":85,"Demand":1,"DemandMax":null,"Value":20485},{"Length":2,"Height":63,"Demand":1,"DemandMax":null,"Value":126},{"Length":4,"Height":52,"Demand":1,"DemandMax":null,"Value":208},{"Length":120,"Height":88,"Demand":1,"DemandMax":null,"Value":10560},{"Length":75,"Height":1,"Demand":1,"DemandMax":null,"Value":75},{"Length":17,"Height":2,"Demand":1,"DemandMax":null,"Value":34},{"Length":40,"Height":67,"Demand":1,"DemandMax":null,"Value":2680},{"Length":31,"Height":105,"Demand":1,"DemandMax":null,"Value":3255},{"Length":4,"Height":97,"Demand":1,"DemandMax":null,"Value":388},{"Length":1,"Height":25,"Demand":1,"DemandMax":null,"Value":25},{"Length":160,"Height":246,"Demand":1,"DemandMax":null,"Value":39360},{"Length":188,"Height":21,"Demand":1,"DemandMax":null,"Value":3948},{"Length":5,"Height":1,"Demand":1,"DemandMax":null,"Value":5},{"Length":138,"Height":28,"Demand":1,"DemandMax":null,"Value":3864},{"Length":9,"Height":6,"Demand":1,"DemandMax":null,"Value":54},{"Length":66,"Height":18,"Demand":1,"DemandMax":null,"Value":1188},{"Length":19,"Height":58,"Demand":1,"DemandMax":null,"Value":1102}]}