{"Name":"Nice50i3b1","Objects":[{"Length":456,"Height":484,"Stock":6,"Cost":220704},{"Length":1000,"Height":516,"Stock":6,"Cost":516000},{"Length":544,"Height":484,"Stock":2,"Cost":263296}],"Items":[{"Length":63,"Height":209,"Demand":1,"DemandMax":null,"Value":13167},{"Length":139,"Height":94,"Demand":1,"DemandMax":null,"Value":13066},{"Length":197,"Height":162,"Demand":1,"DemandMax":null,"Value":31914},{"Length":81,"Height":160,"Demand":1,"DemandMax":null,"Value":12960},{"Length":176,"Height":139,"Demand":1,"DemandMax":null,"Value":24464},{"Length":101,"Height":126,"Demand":1,"DemandMax":null,"Value":12726},{"Length":173,"Height":85,"Demand":1,"DemandMax":null,"Value":14705},{"Length":121,"Height":136,"Demand":1,"DemandMax":null,"Value":16456},{"Length":101,"Height":131,"Demand":1,"DemandMax":null,"Value":13231},{"Length":100,"Height":130,"Demand":1,"DemandMax":null,"Value":13000},{"Length":102,"Height":183,"Demand":1,"DemandMax":null,"Value":18666},{"Length":123,"Height":139,"Demand":1,"DemandMax":null,"Value":17097},{"Length":173,"Height":98,"Demand":1,"DemandMax":null,"Value":16954},{"Length":102,"Height":188,"Demand":1,"DemandMax":null,"Value":19176},{"Length":98,"Height":136,"Demand":1,"DemandMax":null,"Value":13328},{"Length":131,"Height":104,"Demand":1,"DemandMax":null,"Value":13624},{"Length":106,"Height":136,"Demand":1,"DemandMax":null,"Value":14416},{"Length":269,"Height":72,"Demand":1,"DemandMax":null,"Value":19368},{"Length":131,"Height":171,"Demand":1,"DemandMax":null,"Value":22401},{"Length":110,"Height":131,"Demand":1,"DemandMax":null,"Value":14410},{"Length":61,"Height":218,"Demand":1,"DemandMax":null,"Value":13298},{"Length":144,"Height":153,"Demand":1,"DemandMax":null,"Value":22032},{"Length":245,"Height":65,"Demand":1,"DemandMax":null,"Value":15925},{"Length":68,"Height":209,"Demand":1,"DemandMax":null,"Value":14212},{"Length":124,"Height":111,"Demand":1,"DemandMax":null,"Value":13764},{"Length":172,"Height":87,"Demand":1,"DemandMax":null,"Value":14964},{"Length":147,"Height":89,"Demand":1,"DemandMax":null,"Value":13083},{"Length":172,"Height":81,"Demand":1,"DemandMax":null,"Value":13932},{"Length":91,"Height":160,"Demand":1,"DemandMax":null,"Value":14560},{"Length":109,"Height":170,"Demand":1,"DemandMax":null,"Value":18530},{"Length":102,"Height":197,"Demand":1,"DemandMax":null,"Value":20094},{"Length":109,"Height":215,"Demand":1,"DemandMax":null,"Value":23435},{"Length":145,"Height":111,"Demand":1,"DemandMax":null,"Value":16095},{"Length":72,"Height":188,"Demand":1,"DemandMax":null,"Value":13536},{"Length":113,"Height":129,"Demand":1,"DemandMax":null,"Value":14577},{"Length":130,"Height":125,"Demand":1,"DemandMax":null,"Value":16250},{"Length":100,"Height":390,"Demand":1,"DemandMax":null,"Value":39000},{"Length":212,"Height":129,"Demand":1,"DemandMax":null,"Value":27348},{"Length":103,"Height":126,"Demand":1,"DemandMax":null,"Value":12978},{"Length":245,"Height":74,"Demand":1,"DemandMax":null,"Value":18130},{"Length":108,"Height":130,"Demand":1,"DemandMax":null,"Value":14040},{"Length":144,"Height":363,"Demand":1,"DemandMax":null,"Value":52272},{"Length":178,"Height":89,"Demand":1,"DemandMax":null,"Value":15842},{"Length":100,"Height":188,"Demand":1,"DemandMax":null,"Value":18800},{"Length":104,"Height":390,"Demand":1,"DemandMax":null,"Value":40560},{"Length":347,"Height":162,"Demand":1,"DemandMax":null,"Value":56214},{"Length":117,"Height":130,"Demand":1,"DemandMax":null,"Value":15210},{"Length":69,"Height":218,"Demand":1,"DemandMax":null,"Value":15042},{"Length":130,"Height":173,"Demand":1,"DemandMax":null,"Value":22490},{"Length":139,"Height":422,"Demand":1,"DemandMax":null,"Value":58658}]}