{"Name":"Nice200i2b1","Objects":[{"Length":385,"Height":1000,"Stock":6,"Cost":385000},{"Length":615,"Height":1000,"Stock":6,"Cost":615000}],"Items":[{"Length":65,"Height":50,"Demand":1,"DemandMax":null,"Value":3250},{"Length":53,"Height":107,"Demand":1,"DemandMax":null,"Value":5671},{"Length":40,"Height":75,"Demand":1,"DemandMax":null,"Value":3000},{"Length":68,"Height":121,"Demand":1,"DemandMax":null,"Value":8228},{"Length":37,"Height":37,"Demand":1,"DemandMax":null,"Value":1369},{"Length":26,"Height":60,"Demand":1,"DemandMax":null,"Value":1560},{"Length":30,"Height":46,"Demand":1,"DemandMax":null,"Value":1380},{"Length":63,"Height":106,"Demand":2,"DemandMax":null,"Value":6678},{"Length":127,"Height":57,"Demand":1,"DemandMax":null,"Value":7239},{"Length":81,"Height":26,"Demand":2,"DemandMax":null,"Value":2106},{"Length":59,"Height":80,"Demand":1,"DemandMax":null,"Value":4720},{"Length":71,"Height":77,"Demand":1,"DemandMax":null,"Value":5467},{"Length":91,"Height":130,"Demand":1,"DemandMax":null,"Value":11830},{"Length":47,"Height":43,"Demand":1,"DemandMax":null,"Value":2021},{"Length":72,"Height":119,"Demand":1,"DemandMax":null,"Value":8568},{"Length":83,"Height":131,"Demand":1,"DemandMax":null,"Value":10873},{"Length":50,"Height":121,"Demand":1,"DemandMax":null,"Value":6050},{"Length":40,"Height":68,"Demand":1,"DemandMax":null,"Value":2720},{"Length":54,"Height":50,"Demand":1,"DemandMax":null,"Value":2700},{"Length":37,"Height":55,"Demand":1,"DemandMax":null,"Value":2035},{"Length":47,"Height":141,"Demand":1,"DemandMax":null,"Value":6627},{"Length":59,"Height":88,"Demand":1,"DemandMax":null,"Value":5192},{"Length":30,"Height":65,"Demand":1,"DemandMax":null,"Value":1950},{"Length":69,"Height":134,"Demand":1,"DemandMax":null,"Value":9246},{"Length":32,"Height":105,"Demand":2,"DemandMax":null,"Value":3360},{"Length":100,"Height":78,"Demand":1,"DemandMax":null,"Value":7800},{"Length":26,"Height":87,"Demand":1,"DemandMax":null,"Value":2262},{"Length":82,"Height":22,"Demand":1,"DemandMax":null,"Value":1804},{"Length":94,"Height":105,"Demand":1,"DemandMax":null,"Value":9870},{"Length":33,"Height":57,"Demand":1,"DemandMax":null,"Value":1881},{"Length":44,"Height":75,"Demand":1,"DemandMax":null,"Value":3300},{"Length":64,"Height":176,"Demand":1,"DemandMax":null,"Value":11264},{"Length":183,"Height":79,"Demand":1,"DemandMax":null,"Value":14457},{"Length":36,"Height":56,"Demand":1,"DemandMax":null,"Value":2016},{"Length":47,"Height":52,"Demand":1,"DemandMax":null,"Value":2444},{"Length":63,"Height":69,"Demand":1,"DemandMax":null,"Value":4347},{"Length":118,"Height":63,"Demand":1,"DemandMax":null,"Value":7434},{"Length":71,"Height":62,"Demand":1,"DemandMax":null,"Value":4402},{"Length":103,"Height":72,"Demand":1,"DemandMax":null,"Value":7416},{"Length":52,"Height":41,"Demand":1,"DemandMax":null,"Value":2132},{"Length":92,"Height":117,"Demand":1,"DemandMax":null,"Value":10764},{"Length":52,"Height":38,"Demand":1,"DemandMax":null,"Value":1976},{"Length":48,"Height":67,"Demand":1,"DemandMax":null,"Value":3216},{"Length":187,"Height":48,"Demand":1,"DemandMax":null,"Value":8976},{"Length":63,"Height":185,"Demand":1,"DemandMax":null,"Value":11655},{"Length":74,"Height":40,"Demand":1,"DemandMax":null,"Value":2960},{"Length":102,"Height":92,"Demand":1,"DemandMax":null,"Value":9384},{"Length":63,"Height":125,"Demand":1,"DemandMax":null,"Value":7875},{"Length":41,"Height":62,"Demand":1,"DemandMax":null,"Value":2542},{"Length":24,"Height":84,"Demand":1,"DemandMax":null,"Value":2016},{"Length":102,"Height":37,"Demand":1,"DemandMax":null,"Value":3774},{"Length":64,"Height":43,"Demand":1,"DemandMax":null,"Value":2752},{"Length":40,"Height":115,"Demand":1,"DemandMax":null,"Value":4600},{"Length":79,"Height":56,"Demand":1,"DemandMax":null,"Value":4424},{"Length":87,"Height":42,"Demand":1,"DemandMax":null,"Value":3654},{"Length":50,"Height":47,"Demand":1,"DemandMax":null,"Value":2350},{"Length":39,"Height":58,"Demand":1,"DemandMax":null,"Value":2262},{"Length":35,"Height":88,"Demand":1,"DemandMax":null,"Value":3080},{"Length":40,"Height":36,"Demand":1,"DemandMax":null,"Value":1440},{"Length":183,"Height":46,"Demand":1,"DemandMax":null,"Value":8418},{"Length":151,"Height":96,"Demand":1,"DemandMax":null,"Value":14496},{"Length":151,"Height":50,"Demand":1,"DemandMax":null,"Value":7550},{"Length":57,"Height":141,"Demand":1,"DemandMax":null,"Value":8037},{"Length":151,"Height":48,"Demand":1,"DemandMax":null,"Value":7248},{"Length":42,"Height":134,"Demand":1,"DemandMax":null,"Value":5628},{"Length":48,"Height":75,"Demand":1,"DemandMax":null,"Value":3600},{"Length":44,"Height":145,"Demand":1,"DemandMax":null,"Value":6380},{"Length":31,"Height":74,"Demand":1,"DemandMax":null,"Value":2294},{"Length":183,"Height":47,"Demand":1,"DemandMax":null,"Value":8601},{"Length":33,"Height":43,"Demand":1,"DemandMax":null,"Value":1419},{"Length":58,"Height":33,"Demand":1,"DemandMax":null,"Value":1914},{"Length":151,"Height":41,"Demand":1,"DemandMax":null,"Value":6191},{"Length":99,"Height":30,"Demand":1,"DemandMax":null,"Value":2970},{"Length":44,"Height":50,"Demand":1,"DemandMax":null,"Value":2200},{"Length":51,"Height":57,"Demand":1,"DemandMax":null,"Value":2907},{"Length":63,"Height":116,"Demand":1,"DemandMax":null,"Value":7308},{"Length":99,"Height":147,"Demand":1,"DemandMax":null,"Value":14553},{"Length":29,"Height":109,"Demand":1,"DemandMax":null,"Value":3161},{"Length":53,"Height":31,"Demand":1,"DemandMax":null,"Value":1643},{"Length":36,"Height":61,"Demand":1,"DemandMax":null,"Value":2196},{"Length":102,"Height":68,"Demand":1,"DemandMax":null,"Value":6936},{"Length":88,"Height":29,"Demand":1,"DemandMax":null,"Value":2552},{"Length":79,"Height":100,"Demand":1,"DemandMax":null,"Value":7900},{"Length":74,"Height":127,"Demand":1,"DemandMax":null,"Value":9398},{"Length":36,"Height":58,"Demand":1,"DemandMax":null,"Value":2088},{"Length":127,"Height":70,"Demand":1,"DemandMax":null,"Value":8890},{"Length":63,"Height":48,"Demand":1,"DemandMax":null,"Value":3024},{"Length":52,"Height":40,"Demand":1,"DemandMax":null,"Value":2080},{"Length":119,"Height":169,"Demand":1,"DemandMax":null,"Value":20111},{"Length":94,"Height":111,"Demand":1,"DemandMax":null,"Value":10434},{"Length":95,"Height":24,"Demand":1,"DemandMax":null,"Value":2280},{"Length":42,"Height":72,"Demand":1,"DemandMax":null,"Value":3024},{"Length":31,"Height":52,"Demand":1,"DemandMax":null,"Value":1612},{"Length":118,"Height":68,"Demand":1,"DemandMax":null,"Value":8024},{"Length":65,"Height":106,"Demand":1,"DemandMax":null,"Value":6890},{"Length":151,"Height":98,"Demand":1,"DemandMax":null,"Value":14798},{"Length":47,"Height":72,"Demand":1,"DemandMax":null,"Value":3384},{"Length":101,"Height":50,"Demand":1,"DemandMax":null,"Value":5050},{"Length":51,"Height":86,"Demand":1,"DemandMax":null,"Value":4386},{"Length":47,"Height":134,"Demand":1,"DemandMax":null,"Value":6298},{"Length":49,"Height":72,"Demand":1,"DemandMax":null,"Value":3528},{"Length":59,"Height":117,"Demand":1,"DemandMax":null,"Value":6903},{"Length":29,"Height":89,"Demand":1,"DemandMax":null,"Value":2581},{"Length":27,"Height":97,"Demand":1,"DemandMax":null,"Value":2619},{"Length":31,"Height":97,"Demand":1,"DemandMax":null,"Value":3007},{"Length":34,"Height":106,"Demand":1,"DemandMax":null,"Value":3604},{"Length":42,"Height":56,"Demand":1,"DemandMax":null,"Value":2352},{"Length":35,"Height":117,"Demand":1,"DemandMax":null,"Value":4095},{"Length":83,"Height":27,"Demand":1,"DemandMax":null,"Value":2241},{"Length":37,"Height":41,"Demand":1,"DemandMax":null,"Value":1517},{"Length":79,"Height":48,"Demand":1,"DemandMax":null,"Value":3792},{"Length":28,"Height":78,"Demand":1,"DemandMax":null,"Value":2184},{"Length":106,"Height":165,"Demand":1,"DemandMax":null,"Value":17490},{"Length":101,"Height":47,"Demand":1,"DemandMax":null,"Value":4747},{"Length":44,"Height":58,"Demand":1,"DemandMax":null,"Value":2552},{"Length":30,"Height":67,"Demand":1,"DemandMax":null,"Value":2010},{"Length":142,"Height":55,"Demand":1,"DemandMax":null,"Value":7810},{"Length":114,"Height":62,"Demand":1,"DemandMax":null,"Value":7068},{"Length":86,"Height":42,"Demand":1,"DemandMax":null,"Value":3612},{"Length":33,"Height":111,"Demand":1,"DemandMax":null,"Value":3663},{"Length":87,"Height":46,"Demand":1,"DemandMax":null,"Value":4002},{"Length":52,"Height":39,"Demand":1,"DemandMax":null,"Value":2028},{"Length":80,"Height":25,"Demand":1,"DemandMax":null,"Value":2000},{"Length":47,"Height":91,"Demand":1,"DemandMax":null,"Value":4277},{"Length":35,"Height":39,"Demand":2,"DemandMax":null,"Value":1365},{"Length":44,"Height":95,"Demand":1,"DemandMax":null,"Value":4180},{"Length":53,"Height":47,"Demand":1,"DemandMax":null,"Value":2491},{"Length":155,"Height":75,"Demand":1,"DemandMax":null,"Value":11625},{"Length":37,"Height":101,"Demand":1,"DemandMax":null,"Value":3737},{"Length":155,"Height":45,"Demand":1,"DemandMax":null,"Value":6975},{"Length":60,"Height":68,"Demand":1,"DemandMax":null,"Value":4080},{"Length":187,"Height":51,"Demand":1,"DemandMax":null,"Value":9537},{"Length":66,"Height":115,"Demand":1,"DemandMax":null,"Value":7590},{"Length":52,"Height":50,"Demand":1,"DemandMax":null,"Value":2600},{"Length":49,"Height":58,"Demand":1,"DemandMax":null,"Value":2842},{"Length":47,"Height":75,"Demand":1,"DemandMax":null,"Value":3525},{"Length":70,"Height":26,"Demand":1,"DemandMax":null,"Value":1820},{"Length":52,"Height":48,"Demand":1,"DemandMax":null,"Value":2496},{"Length":53,"Height":76,"Demand":1,"DemandMax":null,"Value":4028},{"Length":29,"Height":84,"Demand":1,"DemandMax":null,"Value":2436},{"Length":81,"Height":40,"Demand":1,"DemandMax":null,"Value":3240},{"Length":83,"Height":36,"Demand":1,"DemandMax":null,"Value":2988},{"Length":52,"Height":77,"Demand":1,"DemandMax":null,"Value":4004},{"Length":52,"Height":37,"Demand":1,"DemandMax":null,"Value":1924},{"Length":102,"Height":41,"Demand":1,"DemandMax":null,"Value":4182},{"Length":66,"Height":107,"Demand":1,"DemandMax":null,"Value":7062},{"Length":26,"Height":75,"Demand":1,"DemandMax":null,"Value":1950},{"Length":52,"Height":88,"Demand":1,"DemandMax":null,"Value":4576},{"Length":98,"Height":34,"Demand":1,"DemandMax":null,"Value":3332},{"Length":88,"Height":43,"Demand":1,"DemandMax":null,"Value":3784},{"Length":81,"Height":48,"Demand":1,"DemandMax":null,"Value":3888},{"Length":116,"Height":62,"Demand":1,"DemandMax":null,"Value":7192},{"Length":115,"Height":61,"Demand":1,"DemandMax":null,"Value":7015},{"Length":85,"Height":75,"Demand":1,"DemandMax":null,"Value":6375},{"Length":80,"Height":42,"Demand":1,"DemandMax":null,"Value":3360},{"Length":51,"Height":43,"Demand":1,"DemandMax":null,"Value":2193},{"Length":98,"Height":47,"Demand":1,"DemandMax":null,"Value":4606},{"Length":52,"Height":55,"Demand":1,"DemandMax":null,"Value":2860},{"Length":62,"Height":87,"Demand":1,"DemandMax":null,"Value":5394},{"Length":77,"Height":127,"Demand":1,"DemandMax":null,"Value":9779},{"Length":73,"Height":56,"Demand":1,"DemandMax":null,"Value":4088},{"Length":72,"Height":74,"Demand":1,"DemandMax":null,"Value":5328},{"Length":153,"Height":65,"Demand":1,"DemandMax":null,"Value":9945},{"Length":59,"Height":144,"Demand":1,"DemandMax":null,"Value":8496},{"Length":59,"Height":97,"Demand":1,"DemandMax":null,"Value":5723},{"Length":86,"Height":106,"Demand":1,"DemandMax":null,"Value":9116},{"Length":80,"Height":77,"Demand":1,"DemandMax":null,"Value":6160},{"Length":79,"Height":63,"Demand":1,"DemandMax":null,"Value":4977},{"Length":95,"Height":69,"Demand":1,"DemandMax":null,"Value":6555},{"Length":53,"Height":121,"Demand":1,"DemandMax":null,"Value":6413},{"Length":95,"Height":72,"Demand":1,"DemandMax":null,"Value":6840},{"Length":151,"Height":42,"Demand":1,"DemandMax":null,"Value":6342},{"Length":155,"Height":120,"Demand":1,"DemandMax":null,"Value":18600},{"Length":68,"Height":31,"Demand":1,"DemandMax":null,"Value":2108},{"Length":86,"Height":75,"Demand":1,"DemandMax":null,"Value":6450},{"Length":33,"Height":63,"Demand":1,"DemandMax":null,"Value":2079},{"Length":98,"Height":36,"Demand":1,"DemandMax":null,"Value":3528},{"Length":98,"Height":45,"Demand":1,"DemandMax":null,"Value":4410},{"Length":82,"Height":70,"Demand":1,"DemandMax":null,"Value":5740},{"Length":31,"Height":59,"Demand":1,"DemandMax":null,"Value":1829},{"Length":70,"Height":32,"Demand":1,"DemandMax":null,"Value":2240},{"Length":40,"Height":38,"Demand":1,"DemandMax":null,"Value":1520},{"Length":99,"Height":47,"Demand":1,"DemandMax":null,"Value":4653},{"Length":30,"Height":55,"Demand":1,"DemandMax":null,"Value":1650},{"Length":42,"Height":37,"Demand":1,"DemandMax":null,"Value":1554},{"Length":62,"Height":41,"Demand":1,"DemandMax":null,"Value":2542},{"Length":108,"Height":72,"Demand":1,"DemandMax":null,"Value":7776},{"Length":33,"Height":60,"Demand":1,"DemandMax":null,"Value":1980},{"Length":35,"Height":109,"Demand":1,"DemandMax":null,"Value":3815},{"Length":72,"Height":26,"Demand":1,"DemandMax":null,"Value":1872},{"Length":72,"Height":34,"Demand":1,"DemandMax":null,"Value":2448},{"Length":95,"Height":29,"Demand":1,"DemandMax":null,"Value":2755},{"Length":64,"Height":55,"Demand":1,"DemandMax":null,"Value":3520},{"Length":151,"Height":59,"Demand":1,"DemandMax":null,"Value":8909},{"Length":49,"Height":75,"Demand":1,"DemandMax":null,"Value":3675},{"Length":118,"Height":50,"Demand":1,"DemandMax":null,"Value":5900}]}