{"Name":"Nice200i6b1","Objects":[{"Length":1000,"Height":254,"Stock":4,"Cost":254000},{"Length":389,"Height":215,"Stock":5,"Cost":83635},{"Length":272,"Height":746,"Stock":3,"Cost":202912},{"Length":389,"Height":213,"Stock":5,"Cost":82857},{"Length":389,"Height":318,"Stock":2,"Cost":123702},{"Length":339,"Height":746,"Stock":5,"Cost":252894}],"Items":[{"Length":94,"Height":46,"Demand":1,"DemandMax":null,"Value":4324},{"Length":125,"Height":38,"Demand":1,"DemandMax":null,"Value":4750},{"Length":124,"Height":38,"Demand":2,"DemandMax":null,"Value":4712},{"Length":69,"Height":73,"Demand":1,"DemandMax":null,"Value":5037},{"Length":125,"Height":60,"Demand":1,"DemandMax":null,"Value":7500},{"Length":76,"Height":60,"Demand":2,"DemandMax":null,"Value":4560},{"Length":180,"Height":45,"Demand":1,"DemandMax":null,"Value":8100},{"Length":24,"Height":87,"Demand":1,"DemandMax":null,"Value":2088},{"Length":61,"Height":37,"Demand":1,"DemandMax":null,"Value":2257},{"Length":149,"Height":38,"Demand":1,"DemandMax":null,"Value":5662},{"Length":91,"Height":43,"Demand":2,"DemandMax":null,"Value":3913},{"Length":60,"Height":65,"Demand":1,"DemandMax":null,"Value":3900},{"Length":92,"Height":28,"Demand":1,"DemandMax":null,"Value":2576},{"Length":63,"Height":65,"Demand":1,"DemandMax":null,"Value":4095},{"Length":81,"Height":175,"Demand":1,"DemandMax":null,"Value":14175},{"Length":89,"Height":53,"Demand":1,"DemandMax":null,"Value":4717},{"Length":40,"Height":42,"Demand":1,"DemandMax":null,"Value":1680},{"Length":91,"Height":50,"Demand":1,"DemandMax":null,"Value":4550},{"Length":144,"Height":63,"Demand":1,"DemandMax":null,"Value":9072},{"Length":37,"Height":105,"Demand":1,"DemandMax":null,"Value":3885},{"Length":84,"Height":50,"Demand":2,"DemandMax":null,"Value":4200},{"Length":49,"Height":106,"Demand":1,"DemandMax":null,"Value":5194},{"Length":77,"Height":70,"Demand":1,"DemandMax":null,"Value":5390},{"Length":78,"Height":59,"Demand":1,"DemandMax":null,"Value":4602},{"Length":96,"Height":60,"Demand":1,"DemandMax":null,"Value":5760},{"Length":60,"Height":95,"Demand":1,"DemandMax":null,"Value":5700},{"Length":125,"Height":42,"Demand":1,"DemandMax":null,"Value":5250},{"Length":50,"Height":106,"Demand":1,"DemandMax":null,"Value":5300},{"Length":50,"Height":170,"Demand":1,"DemandMax":null,"Value":8500},{"Length":123,"Height":40,"Demand":1,"DemandMax":null,"Value":4920},{"Length":139,"Height":40,"Demand":1,"DemandMax":null,"Value":5560},{"Length":24,"Height":85,"Demand":1,"DemandMax":null,"Value":2040},{"Length":88,"Height":67,"Demand":1,"DemandMax":null,"Value":5896},{"Length":94,"Height":70,"Demand":1,"DemandMax":null,"Value":6580},{"Length":63,"Height":82,"Demand":2,"DemandMax":null,"Value":5166},{"Length":124,"Height":35,"Demand":1,"DemandMax":null,"Value":4340},{"Length":63,"Height":100,"Demand":1,"DemandMax":null,"Value":6300},{"Length":195,"Height":49,"Demand":1,"DemandMax":null,"Value":9555},{"Length":30,"Height":81,"Demand":1,"DemandMax":null,"Value":2430},{"Length":71,"Height":57,"Demand":1,"DemandMax":null,"Value":4047},{"Length":46,"Height":89,"Demand":1,"DemandMax":null,"Value":4094},{"Length":43,"Height":105,"Demand":2,"DemandMax":null,"Value":4515},{"Length":84,"Height":53,"Demand":2,"DemandMax":null,"Value":4452},{"Length":111,"Height":45,"Demand":1,"DemandMax":null,"Value":4995},{"Length":47,"Height":86,"Demand":2,"DemandMax":null,"Value":4042},{"Length":152,"Height":45,"Demand":1,"DemandMax":null,"Value":6840},{"Length":58,"Height":68,"Demand":1,"DemandMax":null,"Value":3944},{"Length":42,"Height":149,"Demand":2,"DemandMax":null,"Value":6258},{"Length":142,"Height":47,"Demand":1,"DemandMax":null,"Value":6674},{"Length":55,"Height":88,"Demand":1,"DemandMax":null,"Value":4840},{"Length":91,"Height":60,"Demand":1,"DemandMax":null,"Value":5460},{"Length":76,"Height":57,"Demand":1,"DemandMax":null,"Value":4332},{"Length":148,"Height":57,"Demand":1,"DemandMax":null,"Value":8436},{"Length":106,"Height":51,"Demand":1,"DemandMax":null,"Value":5406},{"Length":95,"Height":102,"Demand":1,"DemandMax":null,"Value":9690},{"Length":39,"Height":149,"Demand":1,"DemandMax":null,"Value":5811},{"Length":84,"Height":65,"Demand":1,"DemandMax":null,"Value":5460},{"Length":37,"Height":42,"Demand":1,"DemandMax":null,"Value":1554},{"Length":52,"Height":105,"Demand":1,"DemandMax":null,"Value":5460},{"Length":57,"Height":36,"Demand":1,"DemandMax":null,"Value":2052},{"Length":59,"Height":79,"Demand":1,"DemandMax":null,"Value":4661},{"Length":62,"Height":77,"Demand":1,"DemandMax":null,"Value":4774},{"Length":36,"Height":106,"Demand":1,"DemandMax":null,"Value":3816},{"Length":123,"Height":61,"Demand":1,"DemandMax":null,"Value":7503},{"Length":125,"Height":32,"Demand":1,"DemandMax":null,"Value":4000},{"Length":125,"Height":33,"Demand":1,"DemandMax":null,"Value":4125},{"Length":91,"Height":53,"Demand":1,"DemandMax":null,"Value":4823},{"Length":49,"Height":80,"Demand":1,"DemandMax":null,"Value":3920},{"Length":90,"Height":57,"Demand":1,"DemandMax":null,"Value":5130},{"Length":88,"Height":65,"Demand":1,"DemandMax":null,"Value":5720},{"Length":120,"Height":53,"Demand":1,"DemandMax":null,"Value":6360},{"Length":49,"Height":38,"Demand":1,"DemandMax":null,"Value":1862},{"Length":143,"Height":40,"Demand":1,"DemandMax":null,"Value":5720},{"Length":35,"Height":76,"Demand":1,"DemandMax":null,"Value":2660},{"Length":100,"Height":51,"Demand":2,"DemandMax":null,"Value":5100},{"Length":65,"Height":59,"Demand":1,"DemandMax":null,"Value":3835},{"Length":143,"Height":47,"Demand":1,"DemandMax":null,"Value":6721},{"Length":86,"Height":60,"Demand":1,"DemandMax":null,"Value":5160},{"Length":34,"Height":117,"Demand":1,"DemandMax":null,"Value":3978},{"Length":106,"Height":54,"Demand":1,"DemandMax":null,"Value":5724},{"Length":63,"Height":63,"Demand":1,"DemandMax":null,"Value":3969},{"Length":76,"Height":51,"Demand":1,"DemandMax":null,"Value":3876},{"Length":90,"Height":80,"Demand":1,"DemandMax":null,"Value":7200},{"Length":73,"Height":98,"Demand":2,"DemandMax":null,"Value":7154},{"Length":43,"Height":61,"Demand":1,"DemandMax":null,"Value":2623},{"Length":76,"Height":65,"Demand":1,"DemandMax":null,"Value":4940},{"Length":86,"Height":62,"Demand":1,"DemandMax":null,"Value":5332},{"Length":144,"Height":43,"Demand":1,"DemandMax":null,"Value":6192},{"Length":59,"Height":37,"Demand":1,"DemandMax":null,"Value":2183},{"Length":139,"Height":63,"Demand":1,"DemandMax":null,"Value":8757},{"Length":42,"Height":117,"Demand":1,"DemandMax":null,"Value":4914},{"Length":116,"Height":33,"Demand":1,"DemandMax":null,"Value":3828},{"Length":55,"Height":130,"Demand":1,"DemandMax":null,"Value":7150},{"Length":41,"Height":100,"Demand":1,"DemandMax":null,"Value":4100},{"Length":111,"Height":77,"Demand":2,"DemandMax":null,"Value":8547},{"Length":51,"Height":76,"Demand":1,"DemandMax":null,"Value":3876},{"Length":88,"Height":25,"Demand":1,"DemandMax":null,"Value":2200},{"Length":65,"Height":89,"Demand":1,"DemandMax":null,"Value":5785},{"Length":38,"Height":57,"Demand":1,"DemandMax":null,"Value":2166},{"Length":111,"Height":63,"Demand":1,"DemandMax":null,"Value":6993},{"Length":144,"Height":49,"Demand":1,"DemandMax":null,"Value":7056},{"Length":63,"Height":61,"Demand":1,"DemandMax":null,"Value":3843},{"Length":39,"Height":105,"Demand":1,"DemandMax":null,"Value":4095},{"Length":142,"Height":48,"Demand":1,"DemandMax":null,"Value":6816},{"Length":91,"Height":75,"Demand":1,"DemandMax":null,"Value":6825},{"Length":54,"Height":34,"Demand":1,"DemandMax":null,"Value":1836},{"Length":24,"Height":84,"Demand":1,"DemandMax":null,"Value":2016},{"Length":91,"Height":66,"Demand":1,"DemandMax":null,"Value":6006},{"Length":72,"Height":76,"Demand":1,"DemandMax":null,"Value":5472},{"Length":103,"Height":52,"Demand":1,"DemandMax":null,"Value":5356},{"Length":38,"Height":107,"Demand":1,"DemandMax":null,"Value":4066},{"Length":58,"Height":149,"Demand":1,"DemandMax":null,"Value":8642},{"Length":75,"Height":94,"Demand":1,"DemandMax":null,"Value":7050},{"Length":68,"Height":107,"Demand":1,"DemandMax":null,"Value":7276},{"Length":65,"Height":48,"Demand":1,"DemandMax":null,"Value":3120},{"Length":84,"Height":46,"Demand":1,"DemandMax":null,"Value":3864},{"Length":73,"Height":69,"Demand":1,"DemandMax":null,"Value":5037},{"Length":49,"Height":86,"Demand":1,"DemandMax":null,"Value":4214},{"Length":45,"Height":36,"Demand":1,"DemandMax":null,"Value":1620},{"Length":61,"Height":78,"Demand":1,"DemandMax":null,"Value":4758},{"Length":37,"Height":51,"Demand":1,"DemandMax":null,"Value":1887},{"Length":23,"Height":86,"Demand":1,"DemandMax":null,"Value":1978},{"Length":70,"Height":88,"Demand":1,"DemandMax":null,"Value":6160},{"Length":71,"Height":110,"Demand":1,"DemandMax":null,"Value":7810},{"Length":152,"Height":68,"Demand":1,"DemandMax":null,"Value":10336},{"Length":116,"Height":46,"Demand":1,"DemandMax":null,"Value":5336},{"Length":111,"Height":36,"Demand":1,"DemandMax":null,"Value":3996},{"Length":103,"Height":54,"Demand":1,"DemandMax":null,"Value":5562},{"Length":45,"Height":100,"Demand":1,"DemandMax":null,"Value":4500},{"Length":114,"Height":50,"Demand":1,"DemandMax":null,"Value":5700},{"Length":58,"Height":77,"Demand":1,"DemandMax":null,"Value":4466},{"Length":82,"Height":28,"Demand":1,"DemandMax":null,"Value":2296},{"Length":94,"Height":61,"Demand":1,"DemandMax":null,"Value":5734},{"Length":84,"Height":52,"Demand":1,"DemandMax":null,"Value":4368},{"Length":49,"Height":88,"Demand":1,"DemandMax":null,"Value":4312},{"Length":63,"Height":89,"Demand":1,"DemandMax":null,"Value":5607},{"Length":38,"Height":106,"Demand":1,"DemandMax":null,"Value":4028},{"Length":107,"Height":60,"Demand":1,"DemandMax":null,"Value":6420},{"Length":63,"Height":78,"Demand":1,"DemandMax":null,"Value":4914},{"Length":66,"Height":59,"Demand":1,"DemandMax":null,"Value":3894},{"Length":41,"Height":114,"Demand":1,"DemandMax":null,"Value":4674},{"Length":43,"Height":35,"Demand":1,"DemandMax":null,"Value":1505},{"Length":39,"Height":74,"Demand":1,"DemandMax":null,"Value":2886},{"Length":60,"Height":140,"Demand":1,"DemandMax":null,"Value":8400},{"Length":91,"Height":76,"Demand":1,"DemandMax":null,"Value":6916},{"Length":56,"Height":130,"Demand":1,"DemandMax":null,"Value":7280},{"Length":85,"Height":80,"Demand":1,"DemandMax":null,"Value":6800},{"Length":112,"Height":67,"Demand":1,"DemandMax":null,"Value":7504},{"Length":33,"Height":54,"Demand":1,"DemandMax":null,"Value":1782},{"Length":35,"Height":98,"Demand":1,"DemandMax":null,"Value":3430},{"Length":58,"Height":50,"Demand":1,"DemandMax":null,"Value":2900},{"Length":87,"Height":67,"Demand":1,"DemandMax":null,"Value":5829},{"Length":25,"Height":86,"Demand":1,"DemandMax":null,"Value":2150},{"Length":75,"Height":170,"Demand":1,"DemandMax":null,"Value":12750},{"Length":84,"Height":93,"Demand":1,"DemandMax":null,"Value":7812},{"Length":97,"Height":70,"Demand":1,"DemandMax":null,"Value":6790},{"Length":93,"Height":67,"Demand":1,"DemandMax":null,"Value":6231},{"Length":74,"Height":69,"Demand":2,"DemandMax":null,"Value":5106},{"Length":101,"Height":54,"Demand":1,"DemandMax":null,"Value":5454},{"Length":115,"Height":80,"Demand":1,"DemandMax":null,"Value":9200},{"Length":148,"Height":142,"Demand":1,"DemandMax":null,"Value":21016},{"Length":57,"Height":51,"Demand":1,"DemandMax":null,"Value":2907},{"Length":65,"Height":36,"Demand":1,"DemandMax":null,"Value":2340},{"Length":54,"Height":42,"Demand":1,"DemandMax":null,"Value":2268},{"Length":69,"Height":36,"Demand":1,"DemandMax":null,"Value":2484},{"Length":25,"Height":84,"Demand":1,"DemandMax":null,"Value":2100},{"Length":61,"Height":54,"Demand":1,"DemandMax":null,"Value":3294},{"Length":24,"Height":86,"Demand":1,"DemandMax":null,"Value":2064},{"Length":45,"Height":74,"Demand":1,"DemandMax":null,"Value":3330},{"Length":59,"Height":86,"Demand":1,"DemandMax":null,"Value":5074},{"Length":84,"Height":48,"Demand":1,"DemandMax":null,"Value":4032},{"Length":60,"Height":34,"Demand":1,"DemandMax":null,"Value":2040},{"Length":88,"Height":35,"Demand":1,"DemandMax":null,"Value":3080},{"Length":71,"Height":42,"Demand":1,"DemandMax":null,"Value":2982},{"Length":82,"Height":61,"Demand":1,"DemandMax":null,"Value":5002},{"Length":67,"Height":57,"Demand":1,"DemandMax":null,"Value":3819},{"Length":40,"Height":76,"Demand":1,"DemandMax":null,"Value":3040},{"Length":61,"Height":40,"Demand":1,"DemandMax":null,"Value":2440},{"Length":82,"Height":77,"Demand":1,"DemandMax":null,"Value":6314},{"Length":75,"Height":38,"Demand":1,"DemandMax":null,"Value":2850},{"Length":43,"Height":79,"Demand":1,"DemandMax":null,"Value":3397},{"Length":31,"Height":87,"Demand":1,"DemandMax":null,"Value":2697},{"Length":63,"Height":37,"Demand":1,"DemandMax":null,"Value":2331},{"Length":39,"Height":85,"Demand":1,"DemandMax":null,"Value":3315},{"Length":45,"Height":81,"Demand":1,"DemandMax":null,"Value":3645},{"Length":92,"Height":51,"Demand":1,"DemandMax":null,"Value":4692},{"Length":62,"Height":98,"Demand":1,"DemandMax":null,"Value":6076}]}