{"Name":"Nice100i4b3","Objects":[{"Length":283,"Height":336,"Stock":2,"Cost":95088},{"Length":1000,"Height":256,"Stock":2,"Cost":256000},{"Length":717,"Height":336,"Stock":2,"Cost":240912},{"Length":1000,"Height":408,"Stock":6,"Cost":408000}],"Items":[{"Length":135,"Height":64,"Demand":1,"DemandMax":null,"Value":8640},{"Length":123,"Height":73,"Demand":1,"DemandMax":null,"Value":8979},{"Length":216,"Height":63,"Demand":1,"DemandMax":null,"Value":13608},{"Length":101,"Height":85,"Demand":1,"DemandMax":null,"Value":8585},{"Length":153,"Height":56,"Demand":1,"DemandMax":null,"Value":8568},{"Length":126,"Height":112,"Demand":1,"DemandMax":null,"Value":14112},{"Length":107,"Height":109,"Demand":1,"DemandMax":null,"Value":11663},{"Length":51,"Height":203,"Demand":1,"DemandMax":null,"Value":10353},{"Length":72,"Height":44,"Demand":1,"DemandMax":null,"Value":3168},{"Length":83,"Height":110,"Demand":1,"DemandMax":null,"Value":9130},{"Length":129,"Height":72,"Demand":1,"DemandMax":null,"Value":9288},{"Length":114,"Height":79,"Demand":1,"DemandMax":null,"Value":9006},{"Length":67,"Height":203,"Demand":1,"DemandMax":null,"Value":13601},{"Length":144,"Height":105,"Demand":1,"DemandMax":null,"Value":15120},{"Length":203,"Height":84,"Demand":1,"DemandMax":null,"Value":17052},{"Length":62,"Height":67,"Demand":1,"DemandMax":null,"Value":4154},{"Length":72,"Height":209,"Demand":1,"DemandMax":null,"Value":15048},{"Length":65,"Height":55,"Demand":1,"DemandMax":null,"Value":3575},{"Length":68,"Height":202,"Demand":1,"DemandMax":null,"Value":13736},{"Length":73,"Height":147,"Demand":1,"DemandMax":null,"Value":10731},{"Length":236,"Height":67,"Demand":1,"DemandMax":null,"Value":15812},{"Length":30,"Height":111,"Demand":1,"DemandMax":null,"Value":3330},{"Length":76,"Height":177,"Demand":1,"DemandMax":null,"Value":13452},{"Length":78,"Height":110,"Demand":1,"DemandMax":null,"Value":8580},{"Length":76,"Height":205,"Demand":1,"DemandMax":null,"Value":15580},{"Length":101,"Height":96,"Demand":1,"DemandMax":null,"Value":9696},{"Length":134,"Height":72,"Demand":2,"DemandMax":null,"Value":9648},{"Length":112,"Height":124,"Demand":1,"DemandMax":null,"Value":13888},{"Length":83,"Height":52,"Demand":1,"DemandMax":null,"Value":4316},{"Length":144,"Height":68,"Demand":1,"DemandMax":null,"Value":9792},{"Length":133,"Height":114,"Demand":1,"DemandMax":null,"Value":15162},{"Length":206,"Height":114,"Demand":1,"DemandMax":null,"Value":23484},{"Length":69,"Height":136,"Demand":1,"DemandMax":null,"Value":9384},{"Length":97,"Height":104,"Demand":1,"DemandMax":null,"Value":10088},{"Length":142,"Height":112,"Demand":1,"DemandMax":null,"Value":15904},{"Length":77,"Height":177,"Demand":1,"DemandMax":null,"Value":13629},{"Length":71,"Height":209,"Demand":1,"DemandMax":null,"Value":14839},{"Length":184,"Height":91,"Demand":1,"DemandMax":null,"Value":16744},{"Length":216,"Height":64,"Demand":1,"DemandMax":null,"Value":13824},{"Length":128,"Height":39,"Demand":1,"DemandMax":null,"Value":4992},{"Length":111,"Height":108,"Demand":1,"DemandMax":null,"Value":11988},{"Length":203,"Height":67,"Demand":1,"DemandMax":null,"Value":13601},{"Length":74,"Height":134,"Demand":1,"DemandMax":null,"Value":9916},{"Length":73,"Height":209,"Demand":1,"DemandMax":null,"Value":15257},{"Length":61,"Height":68,"Demand":1,"DemandMax":null,"Value":4148},{"Length":83,"Height":202,"Demand":1,"DemandMax":null,"Value":16766},{"Length":141,"Height":205,"Demand":1,"DemandMax":null,"Value":28905},{"Length":111,"Height":79,"Demand":1,"DemandMax":null,"Value":8769},{"Length":36,"Height":96,"Demand":1,"DemandMax":null,"Value":3456},{"Length":123,"Height":75,"Demand":1,"DemandMax":null,"Value":9225},{"Length":122,"Height":109,"Demand":1,"DemandMax":null,"Value":13298},{"Length":140,"Height":41,"Demand":1,"DemandMax":null,"Value":5740},{"Length":34,"Height":134,"Demand":1,"DemandMax":null,"Value":4556},{"Length":47,"Height":61,"Demand":1,"DemandMax":null,"Value":2867},{"Length":125,"Height":79,"Demand":1,"DemandMax":null,"Value":9875},{"Length":91,"Height":31,"Demand":1,"DemandMax":null,"Value":2821},{"Length":101,"Height":107,"Demand":1,"DemandMax":null,"Value":10807},{"Length":126,"Height":79,"Demand":1,"DemandMax":null,"Value":9954},{"Length":153,"Height":103,"Demand":1,"DemandMax":null,"Value":15759},{"Length":146,"Height":64,"Demand":1,"DemandMax":null,"Value":9344},{"Length":135,"Height":35,"Demand":2,"DemandMax":null,"Value":4725},{"Length":30,"Height":83,"Demand":1,"DemandMax":null,"Value":2490},{"Length":78,"Height":115,"Demand":1,"DemandMax":null,"Value":8970},{"Length":102,"Height":85,"Demand":1,"DemandMax":null,"Value":8670},{"Length":71,"Height":72,"Demand":1,"DemandMax":null,"Value":5112},{"Length":156,"Height":147,"Demand":1,"DemandMax":null,"Value":22932},{"Length":139,"Height":36,"Demand":2,"DemandMax":null,"Value":5004},{"Length":123,"Height":128,"Demand":1,"DemandMax":null,"Value":15744},{"Length":76,"Height":54,"Demand":1,"DemandMax":null,"Value":4104},{"Length":61,"Height":225,"Demand":1,"DemandMax":null,"Value":13725},{"Length":46,"Height":110,"Demand":1,"DemandMax":null,"Value":5060},{"Length":106,"Height":104,"Demand":1,"DemandMax":null,"Value":11024},{"Length":111,"Height":117,"Demand":1,"DemandMax":null,"Value":12987},{"Length":65,"Height":205,"Demand":1,"DemandMax":null,"Value":13325},{"Length":128,"Height":85,"Demand":1,"DemandMax":null,"Value":10880},{"Length":46,"Height":67,"Demand":1,"DemandMax":null,"Value":3082},{"Length":40,"Height":134,"Demand":1,"DemandMax":null,"Value":5360},{"Length":155,"Height":47,"Demand":1,"DemandMax":null,"Value":7285},{"Length":107,"Height":110,"Demand":1,"DemandMax":null,"Value":11770},{"Length":40,"Height":59,"Demand":1,"DemandMax":null,"Value":2360},{"Length":98,"Height":225,"Demand":1,"DemandMax":null,"Value":22050},{"Length":83,"Height":44,"Demand":1,"DemandMax":null,"Value":3652},{"Length":85,"Height":205,"Demand":1,"DemandMax":null,"Value":17425},{"Length":76,"Height":129,"Demand":1,"DemandMax":null,"Value":9804},{"Length":142,"Height":68,"Demand":1,"DemandMax":null,"Value":9656},{"Length":107,"Height":67,"Demand":1,"DemandMax":null,"Value":7169},{"Length":67,"Height":202,"Demand":1,"DemandMax":null,"Value":13534},{"Length":140,"Height":70,"Demand":1,"DemandMax":null,"Value":9800},{"Length":55,"Height":96,"Demand":1,"DemandMax":null,"Value":5280},{"Length":65,"Height":147,"Demand":1,"DemandMax":null,"Value":9555},{"Length":95,"Height":111,"Demand":1,"DemandMax":null,"Value":10545},{"Length":75,"Height":72,"Demand":1,"DemandMax":null,"Value":5400},{"Length":114,"Height":38,"Demand":1,"DemandMax":null,"Value":4332},{"Length":114,"Height":45,"Demand":1,"DemandMax":null,"Value":5130},{"Length":43,"Height":59,"Demand":1,"DemandMax":null,"Value":2537},{"Length":47,"Height":122,"Demand":1,"DemandMax":null,"Value":5734},{"Length":91,"Height":78,"Demand":1,"DemandMax":null,"Value":7098}]}