{"Name":"Nice100i3b3","Objects":[{"Length":410,"Height":1000,"Stock":6,"Cost":410000},{"Length":590,"Height":424,"Stock":6,"Cost":250160},{"Length":590,"Height":576,"Stock":4,"Cost":339840}],"Items":[{"Length":149,"Height":38,"Demand":1,"DemandMax":null,"Value":5662},{"Length":172,"Height":185,"Demand":1,"DemandMax":null,"Value":31820},{"Length":84,"Height":85,"Demand":1,"DemandMax":null,"Value":7140},{"Length":73,"Height":78,"Demand":1,"DemandMax":null,"Value":5694},{"Length":123,"Height":87,"Demand":1,"DemandMax":null,"Value":10701},{"Length":95,"Height":171,"Demand":1,"DemandMax":null,"Value":16245},{"Length":136,"Height":95,"Demand":1,"DemandMax":null,"Value":12920},{"Length":103,"Height":56,"Demand":1,"DemandMax":null,"Value":5768},{"Length":75,"Height":76,"Demand":1,"DemandMax":null,"Value":5700},{"Length":205,"Height":53,"Demand":1,"DemandMax":null,"Value":10865},{"Length":135,"Height":63,"Demand":1,"DemandMax":null,"Value":8505},{"Length":94,"Height":117,"Demand":1,"DemandMax":null,"Value":10998},{"Length":220,"Height":63,"Demand":1,"DemandMax":null,"Value":13860},{"Length":120,"Height":69,"Demand":1,"DemandMax":null,"Value":8280},{"Length":52,"Height":200,"Demand":1,"DemandMax":null,"Value":10400},{"Length":59,"Height":97,"Demand":1,"DemandMax":null,"Value":5723},{"Length":96,"Height":61,"Demand":2,"DemandMax":null,"Value":5856},{"Length":69,"Height":216,"Demand":1,"DemandMax":null,"Value":14904},{"Length":81,"Height":77,"Demand":1,"DemandMax":null,"Value":6237},{"Length":115,"Height":149,"Demand":1,"DemandMax":null,"Value":17135},{"Length":50,"Height":116,"Demand":1,"DemandMax":null,"Value":5800},{"Length":121,"Height":49,"Demand":1,"DemandMax":null,"Value":5929},{"Length":63,"Height":98,"Demand":1,"DemandMax":null,"Value":6174},{"Length":58,"Height":129,"Demand":1,"DemandMax":null,"Value":7482},{"Length":46,"Height":123,"Demand":2,"DemandMax":null,"Value":5658},{"Length":115,"Height":150,"Demand":1,"DemandMax":null,"Value":17250},{"Length":98,"Height":109,"Demand":1,"DemandMax":null,"Value":10682},{"Length":96,"Height":69,"Demand":2,"DemandMax":null,"Value":6624},{"Length":92,"Height":94,"Demand":1,"DemandMax":null,"Value":8648},{"Length":218,"Height":66,"Demand":1,"DemandMax":null,"Value":14388},{"Length":91,"Height":120,"Demand":1,"DemandMax":null,"Value":10920},{"Length":100,"Height":85,"Demand":1,"DemandMax":null,"Value":8500},{"Length":64,"Height":200,"Demand":1,"DemandMax":null,"Value":12800},{"Length":152,"Height":58,"Demand":2,"DemandMax":null,"Value":8816},{"Length":111,"Height":52,"Demand":1,"DemandMax":null,"Value":5772},{"Length":48,"Height":125,"Demand":2,"DemandMax":null,"Value":6000},{"Length":96,"Height":59,"Demand":1,"DemandMax":null,"Value":5664},{"Length":126,"Height":123,"Demand":1,"DemandMax":null,"Value":15498},{"Length":136,"Height":105,"Demand":1,"DemandMax":null,"Value":14280},{"Length":62,"Height":176,"Demand":1,"DemandMax":null,"Value":10912},{"Length":97,"Height":78,"Demand":1,"DemandMax":null,"Value":7566},{"Length":74,"Height":131,"Demand":1,"DemandMax":null,"Value":9694},{"Length":91,"Height":64,"Demand":1,"DemandMax":null,"Value":5824},{"Length":56,"Height":104,"Demand":1,"DemandMax":null,"Value":5824},{"Length":95,"Height":71,"Demand":1,"DemandMax":null,"Value":6745},{"Length":103,"Height":86,"Demand":1,"DemandMax":null,"Value":8858},{"Length":47,"Height":160,"Demand":2,"DemandMax":null,"Value":7520},{"Length":120,"Height":47,"Demand":1,"DemandMax":null,"Value":5640},{"Length":327,"Height":120,"Demand":1,"DemandMax":null,"Value":39240},{"Length":72,"Height":216,"Demand":1,"DemandMax":null,"Value":15552},{"Length":84,"Height":73,"Demand":1,"DemandMax":null,"Value":6132},{"Length":130,"Height":86,"Demand":1,"DemandMax":null,"Value":11180},{"Length":220,"Height":137,"Demand":1,"DemandMax":null,"Value":30140},{"Length":60,"Height":96,"Demand":1,"DemandMax":null,"Value":5760},{"Length":215,"Height":88,"Demand":1,"DemandMax":null,"Value":18920},{"Length":88,"Height":84,"Demand":1,"DemandMax":null,"Value":7392},{"Length":98,"Height":64,"Demand":1,"DemandMax":null,"Value":6272},{"Length":172,"Height":84,"Demand":1,"DemandMax":null,"Value":14448},{"Length":120,"Height":62,"Demand":1,"DemandMax":null,"Value":7440},{"Length":149,"Height":78,"Demand":1,"DemandMax":null,"Value":11622},{"Length":97,"Height":71,"Demand":1,"DemandMax":null,"Value":6887},{"Length":172,"Height":62,"Demand":1,"DemandMax":null,"Value":10664},{"Length":111,"Height":65,"Demand":1,"DemandMax":null,"Value":7215},{"Length":172,"Height":44,"Demand":1,"DemandMax":null,"Value":7568},{"Length":115,"Height":85,"Demand":1,"DemandMax":null,"Value":9775},{"Length":77,"Height":131,"Demand":1,"DemandMax":null,"Value":10087},{"Length":134,"Height":73,"Demand":1,"DemandMax":null,"Value":9782},{"Length":122,"Height":77,"Demand":1,"DemandMax":null,"Value":9394},{"Length":73,"Height":82,"Demand":1,"DemandMax":null,"Value":5986},{"Length":56,"Height":112,"Demand":1,"DemandMax":null,"Value":6272},{"Length":96,"Height":66,"Demand":1,"DemandMax":null,"Value":6336},{"Length":73,"Height":87,"Demand":1,"DemandMax":null,"Value":6351},{"Length":84,"Height":131,"Demand":1,"DemandMax":null,"Value":11004},{"Length":97,"Height":93,"Demand":1,"DemandMax":null,"Value":9021},{"Length":107,"Height":76,"Demand":1,"DemandMax":null,"Value":8132},{"Length":103,"Height":66,"Demand":1,"DemandMax":null,"Value":6798},{"Length":113,"Height":87,"Demand":1,"DemandMax":null,"Value":9831},{"Length":121,"Height":111,"Demand":1,"DemandMax":null,"Value":13431},{"Length":172,"Height":49,"Demand":1,"DemandMax":null,"Value":8428},{"Length":120,"Height":91,"Demand":1,"DemandMax":null,"Value":10920},{"Length":135,"Height":66,"Demand":1,"DemandMax":null,"Value":8910},{"Length":176,"Height":131,"Demand":1,"DemandMax":null,"Value":23056},{"Length":55,"Height":200,"Demand":1,"DemandMax":null,"Value":11000},{"Length":116,"Height":129,"Demand":1,"DemandMax":null,"Value":14964},{"Length":143,"Height":96,"Demand":1,"DemandMax":null,"Value":13728},{"Length":59,"Height":116,"Demand":1,"DemandMax":null,"Value":6844},{"Length":100,"Height":94,"Demand":1,"DemandMax":null,"Value":9400},{"Length":63,"Height":102,"Demand":1,"DemandMax":null,"Value":6426},{"Length":91,"Height":67,"Demand":1,"DemandMax":null,"Value":6097},{"Length":94,"Height":84,"Demand":1,"DemandMax":null,"Value":7896},{"Length":130,"Height":90,"Demand":1,"DemandMax":null,"Value":11700},{"Length":159,"Height":97,"Demand":1,"DemandMax":null,"Value":15423},{"Length":103,"Height":91,"Demand":1,"DemandMax":null,"Value":9373},{"Length":107,"Height":64,"Demand":1,"DemandMax":null,"Value":6848}]}