{"Name":"Nice200i3b3","Objects":[{"Length":291,"Height":464,"Stock":2,"Cost":135024},{"Length":709,"Height":1000,"Stock":6,"Cost":709000},{"Length":291,"Height":536,"Stock":2,"Cost":155976}],"Items":[{"Length":58,"Height":88,"Demand":1,"DemandMax":null,"Value":5104},{"Length":91,"Height":102,"Demand":1,"DemandMax":null,"Value":9282},{"Length":135,"Height":43,"Demand":1,"DemandMax":null,"Value":5805},{"Length":45,"Height":85,"Demand":1,"DemandMax":null,"Value":3825},{"Length":128,"Height":32,"Demand":1,"DemandMax":null,"Value":4096},{"Length":44,"Height":77,"Demand":1,"DemandMax":null,"Value":3388},{"Length":54,"Height":88,"Demand":1,"DemandMax":null,"Value":4752},{"Length":63,"Height":95,"Demand":1,"DemandMax":null,"Value":5985},{"Length":160,"Height":40,"Demand":3,"DemandMax":null,"Value":6400},{"Length":60,"Height":79,"Demand":1,"DemandMax":null,"Value":4740},{"Length":59,"Height":117,"Demand":1,"DemandMax":null,"Value":6903},{"Length":46,"Height":86,"Demand":1,"DemandMax":null,"Value":3956},{"Length":68,"Height":52,"Demand":1,"DemandMax":null,"Value":3536},{"Length":83,"Height":42,"Demand":1,"DemandMax":null,"Value":3486},{"Length":45,"Height":84,"Demand":1,"DemandMax":null,"Value":3780},{"Length":53,"Height":98,"Demand":1,"DemandMax":null,"Value":5194},{"Length":100,"Height":51,"Demand":1,"DemandMax":null,"Value":5100},{"Length":73,"Height":58,"Demand":1,"DemandMax":null,"Value":4234},{"Length":102,"Height":50,"Demand":1,"DemandMax":null,"Value":5100},{"Length":49,"Height":83,"Demand":1,"DemandMax":null,"Value":4067},{"Length":102,"Height":61,"Demand":1,"DemandMax":null,"Value":6222},{"Length":82,"Height":46,"Demand":1,"DemandMax":null,"Value":3772},{"Length":95,"Height":89,"Demand":1,"DemandMax":null,"Value":8455},{"Length":106,"Height":63,"Demand":1,"DemandMax":null,"Value":6678},{"Length":73,"Height":75,"Demand":1,"DemandMax":null,"Value":5475},{"Length":87,"Height":49,"Demand":1,"DemandMax":null,"Value":4263},{"Length":46,"Height":83,"Demand":1,"DemandMax":null,"Value":3818},{"Length":131,"Height":44,"Demand":1,"DemandMax":null,"Value":5764},{"Length":51,"Height":93,"Demand":1,"DemandMax":null,"Value":4743},{"Length":48,"Height":90,"Demand":1,"DemandMax":null,"Value":4320},{"Length":106,"Height":47,"Demand":1,"DemandMax":null,"Value":4982},{"Length":110,"Height":47,"Demand":1,"DemandMax":null,"Value":5170},{"Length":117,"Height":37,"Demand":1,"DemandMax":null,"Value":4329},{"Length":61,"Height":90,"Demand":1,"DemandMax":null,"Value":5490},{"Length":70,"Height":83,"Demand":1,"DemandMax":null,"Value":5810},{"Length":74,"Height":78,"Demand":1,"DemandMax":null,"Value":5772},{"Length":36,"Height":96,"Demand":1,"DemandMax":null,"Value":3456},{"Length":48,"Height":119,"Demand":1,"DemandMax":null,"Value":5712},{"Length":45,"Height":119,"Demand":1,"DemandMax":null,"Value":5355},{"Length":76,"Height":57,"Demand":1,"DemandMax":null,"Value":4332},{"Length":106,"Height":45,"Demand":1,"DemandMax":null,"Value":4770},{"Length":36,"Height":141,"Demand":4,"DemandMax":null,"Value":5076},{"Length":84,"Height":113,"Demand":1,"DemandMax":null,"Value":9492},{"Length":62,"Height":27,"Demand":1,"DemandMax":null,"Value":1674},{"Length":112,"Height":32,"Demand":1,"DemandMax":null,"Value":3584},{"Length":87,"Height":41,"Demand":1,"DemandMax":null,"Value":3567},{"Length":40,"Height":90,"Demand":1,"DemandMax":null,"Value":3600},{"Length":73,"Height":57,"Demand":1,"DemandMax":null,"Value":4161},{"Length":72,"Height":92,"Demand":1,"DemandMax":null,"Value":6624},{"Length":117,"Height":33,"Demand":1,"DemandMax":null,"Value":3861},{"Length":156,"Height":42,"Demand":1,"DemandMax":null,"Value":6552},{"Length":100,"Height":54,"Demand":1,"DemandMax":null,"Value":5400},{"Length":56,"Height":116,"Demand":1,"DemandMax":null,"Value":6496},{"Length":135,"Height":69,"Demand":1,"DemandMax":null,"Value":9315},{"Length":37,"Height":134,"Demand":1,"DemandMax":null,"Value":4958},{"Length":91,"Height":47,"Demand":2,"DemandMax":null,"Value":4277},{"Length":64,"Height":73,"Demand":1,"DemandMax":null,"Value":4672},{"Length":53,"Height":103,"Demand":1,"DemandMax":null,"Value":5459},{"Length":63,"Height":55,"Demand":1,"DemandMax":null,"Value":3465},{"Length":49,"Height":71,"Demand":1,"DemandMax":null,"Value":3479},{"Length":102,"Height":51,"Demand":1,"DemandMax":null,"Value":5202},{"Length":100,"Height":46,"Demand":2,"DemandMax":null,"Value":4600},{"Length":56,"Height":82,"Demand":1,"DemandMax":null,"Value":4592},{"Length":91,"Height":61,"Demand":1,"DemandMax":null,"Value":5551},{"Length":82,"Height":68,"Demand":1,"DemandMax":null,"Value":5576},{"Length":35,"Height":134,"Demand":1,"DemandMax":null,"Value":4690},{"Length":51,"Height":126,"Demand":2,"DemandMax":null,"Value":6426},{"Length":65,"Height":73,"Demand":1,"DemandMax":null,"Value":4745},{"Length":106,"Height":57,"Demand":1,"DemandMax":null,"Value":6042},{"Length":91,"Height":73,"Demand":1,"DemandMax":null,"Value":6643},{"Length":46,"Height":89,"Demand":1,"DemandMax":null,"Value":4094},{"Length":76,"Height":51,"Demand":1,"DemandMax":null,"Value":3876},{"Length":73,"Height":51,"Demand":1,"DemandMax":null,"Value":3723},{"Length":58,"Height":72,"Demand":2,"DemandMax":null,"Value":4176},{"Length":52,"Height":73,"Demand":1,"DemandMax":null,"Value":3796},{"Length":82,"Height":47,"Demand":2,"DemandMax":null,"Value":3854},{"Length":51,"Height":34,"Demand":1,"DemandMax":null,"Value":1734},{"Length":56,"Height":93,"Demand":1,"DemandMax":null,"Value":5208},{"Length":53,"Height":109,"Demand":1,"DemandMax":null,"Value":5777},{"Length":43,"Height":84,"Demand":1,"DemandMax":null,"Value":3612},{"Length":117,"Height":57,"Demand":1,"DemandMax":null,"Value":6669},{"Length":72,"Height":63,"Demand":2,"DemandMax":null,"Value":4536},{"Length":42,"Height":134,"Demand":1,"DemandMax":null,"Value":5628},{"Length":30,"Height":119,"Demand":1,"DemandMax":null,"Value":3570},{"Length":73,"Height":74,"Demand":1,"DemandMax":null,"Value":5402},{"Length":43,"Height":124,"Demand":1,"DemandMax":null,"Value":5332},{"Length":63,"Height":176,"Demand":1,"DemandMax":null,"Value":11088},{"Length":37,"Height":92,"Demand":1,"DemandMax":null,"Value":3404},{"Length":35,"Height":101,"Demand":1,"DemandMax":null,"Value":3535},{"Length":38,"Height":92,"Demand":1,"DemandMax":null,"Value":3496},{"Length":128,"Height":52,"Demand":1,"DemandMax":null,"Value":6656},{"Length":136,"Height":43,"Demand":1,"DemandMax":null,"Value":5848},{"Length":27,"Height":64,"Demand":1,"DemandMax":null,"Value":1728},{"Length":46,"Height":88,"Demand":1,"DemandMax":null,"Value":4048},{"Length":39,"Height":124,"Demand":1,"DemandMax":null,"Value":4836},{"Length":112,"Height":41,"Demand":1,"DemandMax":null,"Value":4592},{"Length":92,"Height":57,"Demand":1,"DemandMax":null,"Value":5244},{"Length":79,"Height":58,"Demand":1,"DemandMax":null,"Value":4582},{"Length":103,"Height":35,"Demand":1,"DemandMax":null,"Value":3605},{"Length":59,"Height":81,"Demand":1,"DemandMax":null,"Value":4779},{"Length":35,"Height":120,"Demand":1,"DemandMax":null,"Value":4200},{"Length":46,"Height":124,"Demand":1,"DemandMax":null,"Value":5704},{"Length":131,"Height":35,"Demand":2,"DemandMax":null,"Value":4585},{"Length":117,"Height":39,"Demand":1,"DemandMax":null,"Value":4563},{"Length":82,"Height":78,"Demand":1,"DemandMax":null,"Value":6396},{"Length":50,"Height":119,"Demand":1,"DemandMax":null,"Value":5950},{"Length":54,"Height":98,"Demand":1,"DemandMax":null,"Value":5292},{"Length":46,"Height":84,"Demand":1,"DemandMax":null,"Value":3864},{"Length":82,"Height":50,"Demand":1,"DemandMax":null,"Value":4100},{"Length":63,"Height":82,"Demand":1,"DemandMax":null,"Value":5166},{"Length":59,"Height":63,"Demand":1,"DemandMax":null,"Value":3717},{"Length":60,"Height":98,"Demand":1,"DemandMax":null,"Value":5880},{"Length":45,"Height":93,"Demand":1,"DemandMax":null,"Value":4185},{"Length":100,"Height":61,"Demand":1,"DemandMax":null,"Value":6100},{"Length":102,"Height":52,"Demand":1,"DemandMax":null,"Value":5304},{"Length":72,"Height":151,"Demand":1,"DemandMax":null,"Value":10872},{"Length":38,"Height":120,"Demand":1,"DemandMax":null,"Value":4560},{"Length":43,"Height":83,"Demand":2,"DemandMax":null,"Value":3569},{"Length":110,"Height":48,"Demand":1,"DemandMax":null,"Value":5280},{"Length":43,"Height":103,"Demand":1,"DemandMax":null,"Value":4429},{"Length":92,"Height":60,"Demand":1,"DemandMax":null,"Value":5520},{"Length":62,"Height":71,"Demand":1,"DemandMax":null,"Value":4402},{"Length":27,"Height":73,"Demand":1,"DemandMax":null,"Value":1971},{"Length":56,"Height":63,"Demand":1,"DemandMax":null,"Value":3528},{"Length":52,"Height":94,"Demand":1,"DemandMax":null,"Value":4888},{"Length":148,"Height":96,"Demand":1,"DemandMax":null,"Value":14208},{"Length":67,"Height":90,"Demand":1,"DemandMax":null,"Value":6030},{"Length":51,"Height":108,"Demand":1,"DemandMax":null,"Value":5508},{"Length":100,"Height":57,"Demand":1,"DemandMax":null,"Value":5700},{"Length":60,"Height":63,"Demand":1,"DemandMax":null,"Value":3780},{"Length":73,"Height":71,"Demand":1,"DemandMax":null,"Value":5183},{"Length":84,"Height":57,"Demand":1,"DemandMax":null,"Value":4788},{"Length":33,"Height":119,"Demand":1,"DemandMax":null,"Value":3927},{"Length":69,"Height":55,"Demand":1,"DemandMax":null,"Value":3795},{"Length":103,"Height":39,"Demand":1,"DemandMax":null,"Value":4017},{"Length":53,"Height":65,"Demand":2,"DemandMax":null,"Value":3445},{"Length":56,"Height":201,"Demand":1,"DemandMax":null,"Value":11256},{"Length":156,"Height":39,"Demand":1,"DemandMax":null,"Value":6084},{"Length":60,"Height":122,"Demand":1,"DemandMax":null,"Value":7320},{"Length":46,"Height":93,"Demand":1,"DemandMax":null,"Value":4278},{"Length":49,"Height":41,"Demand":1,"DemandMax":null,"Value":2009},{"Length":66,"Height":70,"Demand":1,"DemandMax":null,"Value":4620},{"Length":76,"Height":45,"Demand":1,"DemandMax":null,"Value":3420},{"Length":50,"Height":75,"Demand":1,"DemandMax":null,"Value":3750},{"Length":57,"Height":116,"Demand":1,"DemandMax":null,"Value":6612},{"Length":59,"Height":105,"Demand":1,"DemandMax":null,"Value":6195},{"Length":91,"Height":55,"Demand":1,"DemandMax":null,"Value":5005},{"Length":79,"Height":43,"Demand":2,"DemandMax":null,"Value":3397},{"Length":103,"Height":58,"Demand":1,"DemandMax":null,"Value":5974},{"Length":87,"Height":70,"Demand":1,"DemandMax":null,"Value":6090},{"Length":80,"Height":51,"Demand":1,"DemandMax":null,"Value":4080},{"Length":87,"Height":77,"Demand":1,"DemandMax":null,"Value":6699},{"Length":46,"Height":90,"Demand":1,"DemandMax":null,"Value":4140},{"Length":79,"Height":63,"Demand":1,"DemandMax":null,"Value":4977},{"Length":83,"Height":45,"Demand":1,"DemandMax":null,"Value":3735},{"Length":135,"Height":71,"Demand":1,"DemandMax":null,"Value":9585},{"Length":103,"Height":43,"Demand":1,"DemandMax":null,"Value":4429},{"Length":33,"Height":103,"Demand":1,"DemandMax":null,"Value":3399},{"Length":56,"Height":84,"Demand":1,"DemandMax":null,"Value":4704},{"Length":91,"Height":66,"Demand":1,"DemandMax":null,"Value":6006},{"Length":38,"Height":101,"Demand":1,"DemandMax":null,"Value":3838},{"Length":60,"Height":71,"Demand":1,"DemandMax":null,"Value":4260},{"Length":136,"Height":47,"Demand":1,"DemandMax":null,"Value":6392},{"Length":117,"Height":48,"Demand":1,"DemandMax":null,"Value":5616},{"Length":52,"Height":107,"Demand":1,"DemandMax":null,"Value":5564},{"Length":69,"Height":41,"Demand":1,"DemandMax":null,"Value":2829},{"Length":31,"Height":119,"Demand":2,"DemandMax":null,"Value":3689},{"Length":80,"Height":45,"Demand":1,"DemandMax":null,"Value":3600},{"Length":87,"Height":128,"Demand":1,"DemandMax":null,"Value":11136},{"Length":69,"Height":70,"Demand":1,"DemandMax":null,"Value":4830},{"Length":44,"Height":99,"Demand":1,"DemandMax":null,"Value":4356},{"Length":100,"Height":72,"Demand":1,"DemandMax":null,"Value":7200},{"Length":38,"Height":103,"Demand":1,"DemandMax":null,"Value":3914},{"Length":51,"Height":90,"Demand":1,"DemandMax":null,"Value":4590},{"Length":73,"Height":59,"Demand":1,"DemandMax":null,"Value":4307},{"Length":158,"Height":44,"Demand":1,"DemandMax":null,"Value":6952},{"Length":52,"Height":75,"Demand":1,"DemandMax":null,"Value":3900},{"Length":84,"Height":169,"Demand":1,"DemandMax":null,"Value":14196},{"Length":36,"Height":64,"Demand":1,"DemandMax":null,"Value":2304},{"Length":62,"Height":28,"Demand":1,"DemandMax":null,"Value":1736},{"Length":35,"Height":73,"Demand":1,"DemandMax":null,"Value":2555},{"Length":51,"Height":49,"Demand":1,"DemandMax":null,"Value":2499},{"Length":49,"Height":74,"Demand":1,"DemandMax":null,"Value":3626},{"Length":91,"Height":41,"Demand":1,"DemandMax":null,"Value":3731}]}