{"Name":"Nice300i4b5","Objects":[{"Length":1000,"Height":390,"Stock":3,"Cost":390000},{"Length":208,"Height":610,"Stock":1,"Cost":126880},{"Length":339,"Height":610,"Stock":5,"Cost":206790},{"Length":453,"Height":610,"Stock":6,"Cost":276330}],"Items":[{"Length":54,"Height":52,"Demand":1,"DemandMax":null,"Value":2808},{"Length":47,"Height":63,"Demand":1,"DemandMax":null,"Value":2961},{"Length":52,"Height":26,"Demand":2,"DemandMax":null,"Value":1352},{"Length":96,"Height":34,"Demand":1,"DemandMax":null,"Value":3264},{"Length":49,"Height":55,"Demand":2,"DemandMax":null,"Value":2695},{"Length":116,"Height":45,"Demand":1,"DemandMax":null,"Value":5220},{"Length":110,"Height":38,"Demand":1,"DemandMax":null,"Value":4180},{"Length":117,"Height":36,"Demand":1,"DemandMax":null,"Value":4212},{"Length":42,"Height":56,"Demand":1,"DemandMax":null,"Value":2352},{"Length":49,"Height":56,"Demand":3,"DemandMax":null,"Value":2744},{"Length":72,"Height":39,"Demand":1,"DemandMax":null,"Value":2808},{"Length":98,"Height":29,"Demand":1,"DemandMax":null,"Value":2842},{"Length":87,"Height":32,"Demand":1,"DemandMax":null,"Value":2784},{"Length":96,"Height":54,"Demand":1,"DemandMax":null,"Value":5184},{"Length":61,"Height":45,"Demand":4,"DemandMax":null,"Value":2745},{"Length":55,"Height":48,"Demand":1,"DemandMax":null,"Value":2640},{"Length":48,"Height":63,"Demand":1,"DemandMax":null,"Value":3024},{"Length":25,"Height":67,"Demand":1,"DemandMax":null,"Value":1675},{"Length":53,"Height":81,"Demand":1,"DemandMax":null,"Value":4293},{"Length":58,"Height":88,"Demand":1,"DemandMax":null,"Value":5104},{"Length":52,"Height":82,"Demand":1,"DemandMax":null,"Value":4264},{"Length":47,"Height":79,"Demand":1,"DemandMax":null,"Value":3713},{"Length":81,"Height":36,"Demand":1,"DemandMax":null,"Value":2916},{"Length":43,"Height":52,"Demand":1,"DemandMax":null,"Value":2236},{"Length":51,"Height":26,"Demand":3,"DemandMax":null,"Value":1326},{"Length":80,"Height":35,"Demand":2,"DemandMax":null,"Value":2800},{"Length":28,"Height":47,"Demand":1,"DemandMax":null,"Value":1316},{"Length":50,"Height":60,"Demand":1,"DemandMax":null,"Value":3000},{"Length":65,"Height":56,"Demand":2,"DemandMax":null,"Value":3640},{"Length":31,"Height":113,"Demand":1,"DemandMax":null,"Value":3503},{"Length":43,"Height":86,"Demand":1,"DemandMax":null,"Value":3698},{"Length":32,"Height":117,"Demand":1,"DemandMax":null,"Value":3744},{"Length":35,"Height":95,"Demand":1,"DemandMax":null,"Value":3325},{"Length":51,"Height":90,"Demand":1,"DemandMax":null,"Value":4590},{"Length":63,"Height":49,"Demand":1,"DemandMax":null,"Value":3087},{"Length":63,"Height":42,"Demand":1,"DemandMax":null,"Value":2646},{"Length":66,"Height":41,"Demand":3,"DemandMax":null,"Value":2706},{"Length":53,"Height":50,"Demand":1,"DemandMax":null,"Value":2650},{"Length":38,"Height":88,"Demand":1,"DemandMax":null,"Value":3344},{"Length":78,"Height":35,"Demand":1,"DemandMax":null,"Value":2730},{"Length":45,"Height":112,"Demand":1,"DemandMax":null,"Value":5040},{"Length":49,"Height":105,"Demand":2,"DemandMax":null,"Value":5145},{"Length":65,"Height":21,"Demand":1,"DemandMax":null,"Value":1365},{"Length":135,"Height":34,"Demand":1,"DemandMax":null,"Value":4590},{"Length":106,"Height":49,"Demand":1,"DemandMax":null,"Value":5194},{"Length":67,"Height":44,"Demand":1,"DemandMax":null,"Value":2948},{"Length":26,"Height":104,"Demand":1,"DemandMax":null,"Value":2704},{"Length":79,"Height":21,"Demand":1,"DemandMax":null,"Value":1659},{"Length":48,"Height":62,"Demand":2,"DemandMax":null,"Value":2976},{"Length":48,"Height":37,"Demand":1,"DemandMax":null,"Value":1776},{"Length":44,"Height":65,"Demand":2,"DemandMax":null,"Value":2860},{"Length":28,"Height":48,"Demand":2,"DemandMax":null,"Value":1344},{"Length":92,"Height":31,"Demand":1,"DemandMax":null,"Value":2852},{"Length":42,"Height":123,"Demand":1,"DemandMax":null,"Value":5166},{"Length":56,"Height":71,"Demand":1,"DemandMax":null,"Value":3976},{"Length":46,"Height":59,"Demand":1,"DemandMax":null,"Value":2714},{"Length":54,"Height":45,"Demand":1,"DemandMax":null,"Value":2430},{"Length":47,"Height":61,"Demand":1,"DemandMax":null,"Value":2867},{"Length":50,"Height":34,"Demand":1,"DemandMax":null,"Value":1700},{"Length":28,"Height":104,"Demand":2,"DemandMax":null,"Value":2912},{"Length":75,"Height":59,"Demand":2,"DemandMax":null,"Value":4425},{"Length":130,"Height":39,"Demand":1,"DemandMax":null,"Value":5070},{"Length":46,"Height":112,"Demand":1,"DemandMax":null,"Value":5152},{"Length":135,"Height":38,"Demand":1,"DemandMax":null,"Value":5130},{"Length":58,"Height":46,"Demand":1,"DemandMax":null,"Value":2668},{"Length":96,"Height":41,"Demand":1,"DemandMax":null,"Value":3936},{"Length":42,"Height":88,"Demand":1,"DemandMax":null,"Value":3696},{"Length":50,"Height":29,"Demand":1,"DemandMax":null,"Value":1450},{"Length":53,"Height":51,"Demand":1,"DemandMax":null,"Value":2703},{"Length":46,"Height":63,"Demand":1,"DemandMax":null,"Value":2898},{"Length":40,"Height":91,"Demand":1,"DemandMax":null,"Value":3640},{"Length":134,"Height":39,"Demand":2,"DemandMax":null,"Value":5226},{"Length":51,"Height":82,"Demand":1,"DemandMax":null,"Value":4182},{"Length":61,"Height":43,"Demand":2,"DemandMax":null,"Value":2623},{"Length":56,"Height":57,"Demand":1,"DemandMax":null,"Value":3192},{"Length":31,"Height":105,"Demand":1,"DemandMax":null,"Value":3255},{"Length":47,"Height":56,"Demand":1,"DemandMax":null,"Value":2632},{"Length":49,"Height":61,"Demand":1,"DemandMax":null,"Value":2989},{"Length":60,"Height":44,"Demand":1,"DemandMax":null,"Value":2640},{"Length":41,"Height":64,"Demand":1,"DemandMax":null,"Value":2624},{"Length":109,"Height":46,"Demand":1,"DemandMax":null,"Value":5014},{"Length":23,"Height":64,"Demand":1,"DemandMax":null,"Value":1472},{"Length":35,"Height":84,"Demand":1,"DemandMax":null,"Value":2940},{"Length":60,"Height":51,"Demand":1,"DemandMax":null,"Value":3060},{"Length":67,"Height":75,"Demand":1,"DemandMax":null,"Value":5025},{"Length":108,"Height":27,"Demand":1,"DemandMax":null,"Value":2916},{"Length":68,"Height":75,"Demand":1,"DemandMax":null,"Value":5100},{"Length":51,"Height":55,"Demand":2,"DemandMax":null,"Value":2805},{"Length":33,"Height":113,"Demand":1,"DemandMax":null,"Value":3729},{"Length":51,"Height":53,"Demand":1,"DemandMax":null,"Value":2703},{"Length":64,"Height":51,"Demand":1,"DemandMax":null,"Value":3264},{"Length":36,"Height":142,"Demand":1,"DemandMax":null,"Value":5112},{"Length":96,"Height":32,"Demand":2,"DemandMax":null,"Value":3072},{"Length":96,"Height":36,"Demand":2,"DemandMax":null,"Value":3456},{"Length":127,"Height":34,"Demand":1,"DemandMax":null,"Value":4318},{"Length":70,"Height":40,"Demand":1,"DemandMax":null,"Value":2800},{"Length":50,"Height":95,"Demand":1,"DemandMax":null,"Value":4750},{"Length":61,"Height":44,"Demand":1,"DemandMax":null,"Value":2684},{"Length":46,"Height":30,"Demand":1,"DemandMax":null,"Value":1380},{"Length":79,"Height":61,"Demand":1,"DemandMax":null,"Value":4819},{"Length":52,"Height":94,"Demand":1,"DemandMax":null,"Value":4888},{"Length":34,"Height":130,"Demand":1,"DemandMax":null,"Value":4420},{"Length":52,"Height":113,"Demand":1,"DemandMax":null,"Value":5876},{"Length":35,"Height":41,"Demand":1,"DemandMax":null,"Value":1435},{"Length":47,"Height":96,"Demand":1,"DemandMax":null,"Value":4512},{"Length":63,"Height":81,"Demand":1,"DemandMax":null,"Value":5103},{"Length":117,"Height":42,"Demand":1,"DemandMax":null,"Value":4914},{"Length":34,"Height":99,"Demand":1,"DemandMax":null,"Value":3366},{"Length":78,"Height":81,"Demand":1,"DemandMax":null,"Value":6318},{"Length":77,"Height":46,"Demand":1,"DemandMax":null,"Value":3542},{"Length":27,"Height":106,"Demand":1,"DemandMax":null,"Value":2862},{"Length":65,"Height":63,"Demand":1,"DemandMax":null,"Value":4095},{"Length":38,"Height":82,"Demand":1,"DemandMax":null,"Value":3116},{"Length":51,"Height":29,"Demand":1,"DemandMax":null,"Value":1479},{"Length":78,"Height":80,"Demand":1,"DemandMax":null,"Value":6240},{"Length":60,"Height":71,"Demand":1,"DemandMax":null,"Value":4260},{"Length":60,"Height":53,"Demand":1,"DemandMax":null,"Value":3180},{"Length":81,"Height":57,"Demand":1,"DemandMax":null,"Value":4617},{"Length":112,"Height":28,"Demand":2,"DemandMax":null,"Value":3136},{"Length":44,"Height":111,"Demand":1,"DemandMax":null,"Value":4884},{"Length":34,"Height":104,"Demand":1,"DemandMax":null,"Value":3536},{"Length":66,"Height":47,"Demand":1,"DemandMax":null,"Value":3102},{"Length":51,"Height":59,"Demand":3,"DemandMax":null,"Value":3009},{"Length":50,"Height":59,"Demand":1,"DemandMax":null,"Value":2950},{"Length":128,"Height":42,"Demand":1,"DemandMax":null,"Value":5376},{"Length":39,"Height":64,"Demand":1,"DemandMax":null,"Value":2496},{"Length":53,"Height":26,"Demand":1,"DemandMax":null,"Value":1378},{"Length":48,"Height":28,"Demand":3,"DemandMax":null,"Value":1344},{"Length":61,"Height":52,"Demand":1,"DemandMax":null,"Value":3172},{"Length":51,"Height":56,"Demand":1,"DemandMax":null,"Value":2856},{"Length":37,"Height":113,"Demand":1,"DemandMax":null,"Value":4181},{"Length":43,"Height":117,"Demand":1,"DemandMax":null,"Value":5031},{"Length":92,"Height":40,"Demand":1,"DemandMax":null,"Value":3680},{"Length":55,"Height":90,"Demand":1,"DemandMax":null,"Value":4950},{"Length":114,"Height":39,"Demand":1,"DemandMax":null,"Value":4446},{"Length":56,"Height":73,"Demand":1,"DemandMax":null,"Value":4088},{"Length":57,"Height":52,"Demand":1,"DemandMax":null,"Value":2964},{"Length":112,"Height":155,"Demand":1,"DemandMax":null,"Value":17360},{"Length":47,"Height":57,"Demand":1,"DemandMax":null,"Value":2679},{"Length":27,"Height":52,"Demand":1,"DemandMax":null,"Value":1404},{"Length":98,"Height":53,"Demand":1,"DemandMax":null,"Value":5194},{"Length":72,"Height":88,"Demand":1,"DemandMax":null,"Value":6336},{"Length":49,"Height":71,"Demand":1,"DemandMax":null,"Value":3479},{"Length":54,"Height":50,"Demand":1,"DemandMax":null,"Value":2700},{"Length":50,"Height":82,"Demand":1,"DemandMax":null,"Value":4100},{"Length":110,"Height":29,"Demand":1,"DemandMax":null,"Value":3190},{"Length":132,"Height":39,"Demand":1,"DemandMax":null,"Value":5148},{"Length":91,"Height":29,"Demand":1,"DemandMax":null,"Value":2639},{"Length":34,"Height":119,"Demand":1,"DemandMax":null,"Value":4046},{"Length":40,"Height":84,"Demand":1,"DemandMax":null,"Value":3360},{"Length":37,"Height":37,"Demand":2,"DemandMax":null,"Value":1369},{"Length":71,"Height":40,"Demand":2,"DemandMax":null,"Value":2840},{"Length":56,"Height":49,"Demand":2,"DemandMax":null,"Value":2744},{"Length":47,"Height":88,"Demand":1,"DemandMax":null,"Value":4136},{"Length":43,"Height":70,"Demand":1,"DemandMax":null,"Value":3010},{"Length":68,"Height":60,"Demand":1,"DemandMax":null,"Value":4080},{"Length":100,"Height":119,"Demand":1,"DemandMax":null,"Value":11900},{"Length":68,"Height":44,"Demand":1,"DemandMax":null,"Value":2992},{"Length":64,"Height":55,"Demand":1,"DemandMax":null,"Value":3520},{"Length":31,"Height":48,"Demand":1,"DemandMax":null,"Value":1488},{"Length":52,"Height":61,"Demand":1,"DemandMax":null,"Value":3172},{"Length":40,"Height":123,"Demand":1,"DemandMax":null,"Value":4920},{"Length":30,"Height":88,"Demand":1,"DemandMax":null,"Value":2640},{"Length":72,"Height":41,"Demand":1,"DemandMax":null,"Value":2952},{"Length":49,"Height":68,"Demand":1,"DemandMax":null,"Value":3332},{"Length":46,"Height":88,"Demand":1,"DemandMax":null,"Value":4048},{"Length":29,"Height":105,"Demand":1,"DemandMax":null,"Value":3045},{"Length":47,"Height":59,"Demand":1,"DemandMax":null,"Value":2773},{"Length":48,"Height":66,"Demand":1,"DemandMax":null,"Value":3168},{"Length":110,"Height":31,"Demand":1,"DemandMax":null,"Value":3410},{"Length":54,"Height":49,"Demand":1,"DemandMax":null,"Value":2646},{"Length":39,"Height":39,"Demand":1,"DemandMax":null,"Value":1521},{"Length":49,"Height":67,"Demand":1,"DemandMax":null,"Value":3283},{"Length":66,"Height":43,"Demand":1,"DemandMax":null,"Value":2838},{"Length":44,"Height":77,"Demand":1,"DemandMax":null,"Value":3388},{"Length":38,"Height":95,"Demand":1,"DemandMax":null,"Value":3610},{"Length":34,"Height":43,"Demand":2,"DemandMax":null,"Value":1462},{"Length":57,"Height":56,"Demand":1,"DemandMax":null,"Value":3192},{"Length":79,"Height":49,"Demand":2,"DemandMax":null,"Value":3871},{"Length":91,"Height":30,"Demand":1,"DemandMax":null,"Value":2730},{"Length":96,"Height":50,"Demand":1,"DemandMax":null,"Value":4800},{"Length":103,"Height":70,"Demand":1,"DemandMax":null,"Value":7210},{"Length":46,"Height":67,"Demand":1,"DemandMax":null,"Value":3082},{"Length":96,"Height":51,"Demand":1,"DemandMax":null,"Value":4896},{"Length":65,"Height":42,"Demand":1,"DemandMax":null,"Value":2730},{"Length":169,"Height":54,"Demand":1,"DemandMax":null,"Value":9126},{"Length":47,"Height":64,"Demand":2,"DemandMax":null,"Value":3008},{"Length":56,"Height":84,"Demand":1,"DemandMax":null,"Value":4704},{"Length":33,"Height":42,"Demand":1,"DemandMax":null,"Value":1386},{"Length":63,"Height":56,"Demand":1,"DemandMax":null,"Value":3528},{"Length":79,"Height":50,"Demand":1,"DemandMax":null,"Value":3950},{"Length":93,"Height":63,"Demand":1,"DemandMax":null,"Value":5859},{"Length":53,"Height":30,"Demand":1,"DemandMax":null,"Value":1590},{"Length":23,"Height":59,"Demand":1,"DemandMax":null,"Value":1357},{"Length":59,"Height":81,"Demand":1,"DemandMax":null,"Value":4779},{"Length":61,"Height":46,"Demand":1,"DemandMax":null,"Value":2806},{"Length":96,"Height":28,"Demand":1,"DemandMax":null,"Value":2688},{"Length":50,"Height":56,"Demand":1,"DemandMax":null,"Value":2800},{"Length":36,"Height":113,"Demand":1,"DemandMax":null,"Value":4068},{"Length":87,"Height":59,"Demand":1,"DemandMax":null,"Value":5133},{"Length":62,"Height":23,"Demand":1,"DemandMax":null,"Value":1426},{"Length":54,"Height":53,"Demand":1,"DemandMax":null,"Value":2862},{"Length":112,"Height":29,"Demand":1,"DemandMax":null,"Value":3248},{"Length":42,"Height":40,"Demand":1,"DemandMax":null,"Value":1680},{"Length":62,"Height":81,"Demand":1,"DemandMax":null,"Value":5022},{"Length":72,"Height":42,"Demand":1,"DemandMax":null,"Value":3024},{"Length":54,"Height":65,"Demand":1,"DemandMax":null,"Value":3510},{"Length":41,"Height":65,"Demand":1,"DemandMax":null,"Value":2665},{"Length":114,"Height":57,"Demand":1,"DemandMax":null,"Value":6498},{"Length":47,"Height":58,"Demand":1,"DemandMax":null,"Value":2726},{"Length":96,"Height":30,"Demand":1,"DemandMax":null,"Value":2880},{"Length":46,"Height":60,"Demand":1,"DemandMax":null,"Value":2760},{"Length":115,"Height":65,"Demand":1,"DemandMax":null,"Value":7475},{"Length":36,"Height":105,"Demand":1,"DemandMax":null,"Value":3780},{"Length":55,"Height":24,"Demand":2,"DemandMax":null,"Value":1320},{"Length":47,"Height":62,"Demand":1,"DemandMax":null,"Value":2914},{"Length":107,"Height":84,"Demand":1,"DemandMax":null,"Value":8988},{"Length":110,"Height":43,"Demand":1,"DemandMax":null,"Value":4730},{"Length":70,"Height":51,"Demand":1,"DemandMax":null,"Value":3570},{"Length":50,"Height":96,"Demand":1,"DemandMax":null,"Value":4800},{"Length":23,"Height":74,"Demand":1,"DemandMax":null,"Value":1702},{"Length":35,"Height":86,"Demand":1,"DemandMax":null,"Value":3010},{"Length":96,"Height":52,"Demand":1,"DemandMax":null,"Value":4992},{"Length":93,"Height":66,"Demand":1,"DemandMax":null,"Value":6138},{"Length":110,"Height":44,"Demand":1,"DemandMax":null,"Value":4840},{"Length":41,"Height":99,"Demand":1,"DemandMax":null,"Value":4059},{"Length":47,"Height":65,"Demand":1,"DemandMax":null,"Value":3055},{"Length":50,"Height":63,"Demand":1,"DemandMax":null,"Value":3150},{"Length":61,"Height":23,"Demand":2,"DemandMax":null,"Value":1403},{"Length":148,"Height":81,"Demand":1,"DemandMax":null,"Value":11988},{"Length":62,"Height":45,"Demand":1,"DemandMax":null,"Value":2790},{"Length":31,"Height":58,"Demand":1,"DemandMax":null,"Value":1798},{"Length":50,"Height":53,"Demand":1,"DemandMax":null,"Value":2650},{"Length":30,"Height":67,"Demand":1,"DemandMax":null,"Value":2010},{"Length":48,"Height":59,"Demand":1,"DemandMax":null,"Value":2832},{"Length":79,"Height":33,"Demand":1,"DemandMax":null,"Value":2607},{"Length":62,"Height":25,"Demand":1,"DemandMax":null,"Value":1550},{"Length":46,"Height":31,"Demand":1,"DemandMax":null,"Value":1426},{"Length":40,"Height":64,"Demand":1,"DemandMax":null,"Value":2560},{"Length":53,"Height":37,"Demand":1,"DemandMax":null,"Value":1961},{"Length":61,"Height":41,"Demand":1,"DemandMax":null,"Value":2501},{"Length":50,"Height":52,"Demand":1,"DemandMax":null,"Value":2600},{"Length":65,"Height":22,"Demand":1,"DemandMax":null,"Value":1430},{"Length":42,"Height":74,"Demand":1,"DemandMax":null,"Value":3108},{"Length":37,"Height":44,"Demand":1,"DemandMax":null,"Value":1628},{"Length":46,"Height":35,"Demand":1,"DemandMax":null,"Value":1610},{"Length":29,"Height":47,"Demand":1,"DemandMax":null,"Value":1363},{"Length":37,"Height":69,"Demand":1,"DemandMax":null,"Value":2553},{"Length":44,"Height":40,"Demand":1,"DemandMax":null,"Value":1760},{"Length":55,"Height":25,"Demand":1,"DemandMax":null,"Value":1375},{"Length":26,"Height":74,"Demand":1,"DemandMax":null,"Value":1924},{"Length":27,"Height":54,"Demand":1,"DemandMax":null,"Value":1458},{"Length":55,"Height":29,"Demand":1,"DemandMax":null,"Value":1595},{"Length":112,"Height":34,"Demand":1,"DemandMax":null,"Value":3808},{"Length":53,"Height":29,"Demand":1,"DemandMax":null,"Value":1537},{"Length":91,"Height":43,"Demand":1,"DemandMax":null,"Value":3913},{"Length":39,"Height":43,"Demand":1,"DemandMax":null,"Value":1677},{"Length":39,"Height":42,"Demand":1,"DemandMax":null,"Value":1638},{"Length":53,"Height":59,"Demand":1,"DemandMax":null,"Value":3127},{"Length":51,"Height":28,"Demand":1,"DemandMax":null,"Value":1428},{"Length":51,"Height":33,"Demand":1,"DemandMax":null,"Value":1683},{"Length":43,"Height":54,"Demand":1,"DemandMax":null,"Value":2322},{"Length":60,"Height":28,"Demand":1,"DemandMax":null,"Value":1680}]}