{"Name":"Path100i5b4","Objects":[{"Length":537,"Height":589,"Stock":2,"Cost":316293},{"Length":463,"Height":272,"Stock":3,"Cost":125936},{"Length":537,"Height":411,"Stock":5,"Cost":220707},{"Length":463,"Height":286,"Stock":1,"Cost":132418},{"Length":463,"Height":442,"Stock":5,"Cost":204646}],"Items":[{"Length":267,"Height":140,"Demand":1,"DemandMax":null,"Value":37380},{"Length":3,"Height":117,"Demand":1,"DemandMax":null,"Value":351},{"Length":56,"Height":243,"Demand":1,"DemandMax":null,"Value":13608},{"Length":271,"Height":269,"Demand":1,"DemandMax":null,"Value":72899},{"Length":213,"Height":15,"Demand":1,"DemandMax":null,"Value":3195},{"Length":250,"Height":245,"Demand":1,"DemandMax":null,"Value":61250},{"Length":233,"Height":241,"Demand":1,"DemandMax":null,"Value":56153},{"Length":61,"Height":177,"Demand":1,"DemandMax":null,"Value":10797},{"Length":36,"Height":31,"Demand":1,"DemandMax":null,"Value":1116},{"Length":213,"Height":16,"Demand":1,"DemandMax":null,"Value":3408},{"Length":150,"Height":128,"Demand":1,"DemandMax":null,"Value":19200},{"Length":173,"Height":80,"Demand":1,"DemandMax":null,"Value":13840},{"Length":5,"Height":25,"Demand":1,"DemandMax":null,"Value":125},{"Length":268,"Height":106,"Demand":1,"DemandMax":null,"Value":28408},{"Length":27,"Height":155,"Demand":1,"DemandMax":null,"Value":4185},{"Length":251,"Height":52,"Demand":1,"DemandMax":null,"Value":13052},{"Length":271,"Height":3,"Demand":1,"DemandMax":null,"Value":813},{"Length":150,"Height":144,"Demand":1,"DemandMax":null,"Value":21600},{"Length":192,"Height":31,"Demand":1,"DemandMax":null,"Value":5952},{"Length":2,"Height":117,"Demand":1,"DemandMax":null,"Value":234},{"Length":159,"Height":12,"Demand":1,"DemandMax":null,"Value":1908},{"Length":271,"Height":195,"Demand":1,"DemandMax":null,"Value":52845},{"Length":234,"Height":10,"Demand":1,"DemandMax":null,"Value":2340},{"Length":268,"Height":1,"Demand":2,"DemandMax":null,"Value":268},{"Length":152,"Height":180,"Demand":1,"DemandMax":null,"Value":27360},{"Length":266,"Height":168,"Demand":1,"DemandMax":null,"Value":44688},{"Length":62,"Height":210,"Demand":1,"DemandMax":null,"Value":13020},{"Length":270,"Height":97,"Demand":1,"DemandMax":null,"Value":26190},{"Length":5,"Height":1,"Demand":1,"DemandMax":null,"Value":5},{"Length":23,"Height":1,"Demand":1,"DemandMax":null,"Value":23},{"Length":217,"Height":2,"Demand":1,"DemandMax":null,"Value":434},{"Length":19,"Height":25,"Demand":1,"DemandMax":null,"Value":475},{"Length":192,"Height":10,"Demand":1,"DemandMax":null,"Value":1920},{"Length":213,"Height":21,"Demand":1,"DemandMax":null,"Value":4473},{"Length":21,"Height":6,"Demand":1,"DemandMax":null,"Value":126},{"Length":38,"Height":2,"Demand":1,"DemandMax":null,"Value":76},{"Length":242,"Height":19,"Demand":1,"DemandMax":null,"Value":4598},{"Length":192,"Height":90,"Demand":1,"DemandMax":null,"Value":17280},{"Length":4,"Height":1,"Demand":2,"DemandMax":null,"Value":4},{"Length":237,"Height":197,"Demand":1,"DemandMax":null,"Value":46689},{"Length":63,"Height":41,"Demand":1,"DemandMax":null,"Value":2583},{"Length":13,"Height":1,"Demand":1,"DemandMax":null,"Value":13},{"Length":192,"Height":4,"Demand":1,"DemandMax":null,"Value":768},{"Length":31,"Height":149,"Demand":1,"DemandMax":null,"Value":4619},{"Length":13,"Height":11,"Demand":1,"DemandMax":null,"Value":143},{"Length":91,"Height":6,"Demand":1,"DemandMax":null,"Value":546},{"Length":36,"Height":216,"Demand":1,"DemandMax":null,"Value":7776},{"Length":6,"Height":94,"Demand":1,"DemandMax":null,"Value":564},{"Length":8,"Height":10,"Demand":1,"DemandMax":null,"Value":80},{"Length":32,"Height":243,"Demand":1,"DemandMax":null,"Value":7776},{"Length":270,"Height":144,"Demand":1,"DemandMax":null,"Value":38880},{"Length":265,"Height":7,"Demand":1,"DemandMax":null,"Value":1855},{"Length":8,"Height":249,"Demand":1,"DemandMax":null,"Value":1992},{"Length":192,"Height":7,"Demand":1,"DemandMax":null,"Value":1344},{"Length":9,"Height":249,"Demand":1,"DemandMax":null,"Value":2241},{"Length":128,"Height":44,"Demand":1,"DemandMax":null,"Value":5632},{"Length":12,"Height":165,"Demand":1,"DemandMax":null,"Value":1980},{"Length":88,"Height":210,"Demand":1,"DemandMax":null,"Value":18480},{"Length":271,"Height":151,"Demand":1,"DemandMax":null,"Value":40921},{"Length":36,"Height":25,"Demand":1,"DemandMax":null,"Value":900},{"Length":267,"Height":200,"Demand":1,"DemandMax":null,"Value":53400},{"Length":270,"Height":41,"Demand":1,"DemandMax":null,"Value":11070},{"Length":1,"Height":44,"Demand":1,"DemandMax":null,"Value":44},{"Length":271,"Height":65,"Demand":1,"DemandMax":null,"Value":17615},{"Length":147,"Height":243,"Demand":1,"DemandMax":null,"Value":35721},{"Length":175,"Height":1,"Demand":1,"DemandMax":null,"Value":175},{"Length":63,"Height":20,"Demand":1,"DemandMax":null,"Value":1260},{"Length":1,"Height":165,"Demand":1,"DemandMax":null,"Value":165},{"Length":25,"Height":2,"Demand":1,"DemandMax":null,"Value":50},{"Length":268,"Height":104,"Demand":1,"DemandMax":null,"Value":27872},{"Length":6,"Height":7,"Demand":1,"DemandMax":null,"Value":42},{"Length":5,"Height":4,"Demand":1,"DemandMax":null,"Value":20},{"Length":15,"Height":1,"Demand":1,"DemandMax":null,"Value":15},{"Length":19,"Height":80,"Demand":1,"DemandMax":null,"Value":1520},{"Length":11,"Height":117,"Demand":1,"DemandMax":null,"Value":1287},{"Length":159,"Height":6,"Demand":1,"DemandMax":null,"Value":954},{"Length":24,"Height":1,"Demand":1,"DemandMax":null,"Value":24},{"Length":270,"Height":58,"Demand":1,"DemandMax":null,"Value":15660},{"Length":5,"Height":2,"Demand":1,"DemandMax":null,"Value":10},{"Length":1,"Height":249,"Demand":1,"DemandMax":null,"Value":249},{"Length":2,"Height":44,"Demand":1,"DemandMax":null,"Value":88},{"Length":251,"Height":197,"Demand":1,"DemandMax":null,"Value":49447},{"Length":55,"Height":1,"Demand":1,"DemandMax":null,"Value":55},{"Length":3,"Height":155,"Demand":1,"DemandMax":null,"Value":465},{"Length":61,"Height":44,"Demand":1,"DemandMax":null,"Value":2684},{"Length":14,"Height":241,"Demand":1,"DemandMax":null,"Value":3374},{"Length":35,"Height":25,"Demand":1,"DemandMax":null,"Value":875},{"Length":14,"Height":117,"Demand":1,"DemandMax":null,"Value":1638},{"Length":59,"Height":1,"Demand":1,"DemandMax":null,"Value":59},{"Length":129,"Height":20,"Demand":1,"DemandMax":null,"Value":2580},{"Length":1,"Height":1,"Demand":1,"DemandMax":null,"Value":1},{"Length":25,"Height":94,"Demand":1,"DemandMax":null,"Value":2350},{"Length":63,"Height":82,"Demand":1,"DemandMax":null,"Value":5166},{"Length":63,"Height":87,"Demand":1,"DemandMax":null,"Value":5481},{"Length":214,"Height":25,"Demand":1,"DemandMax":null,"Value":5350},{"Length":109,"Height":1,"Demand":1,"DemandMax":null,"Value":109},{"Length":109,"Height":11,"Demand":1,"DemandMax":null,"Value":1199},{"Length":13,"Height":21,"Demand":1,"DemandMax":null,"Value":273}]}