{"Name":"Nice50i3b3","Objects":[{"Length":328,"Height":407,"Stock":4,"Cost":133496},{"Length":1000,"Height":593,"Stock":5,"Cost":593000},{"Length":672,"Height":407,"Stock":1,"Cost":273504}],"Items":[{"Length":159,"Height":142,"Demand":1,"DemandMax":null,"Value":22578},{"Length":83,"Height":274,"Demand":1,"DemandMax":null,"Value":22742},{"Length":183,"Height":187,"Demand":1,"DemandMax":null,"Value":34221},{"Length":150,"Height":238,"Demand":1,"DemandMax":null,"Value":35700},{"Length":104,"Height":198,"Demand":1,"DemandMax":null,"Value":20592},{"Length":169,"Height":195,"Demand":1,"DemandMax":null,"Value":32955},{"Length":122,"Height":116,"Demand":1,"DemandMax":null,"Value":14152},{"Length":88,"Height":99,"Demand":1,"DemandMax":null,"Value":8712},{"Length":247,"Height":93,"Demand":1,"DemandMax":null,"Value":22971},{"Length":85,"Height":150,"Demand":1,"DemandMax":null,"Value":12750},{"Length":259,"Height":87,"Demand":1,"DemandMax":null,"Value":22533},{"Length":141,"Height":139,"Demand":1,"DemandMax":null,"Value":19599},{"Length":152,"Height":138,"Demand":1,"DemandMax":null,"Value":20976},{"Length":174,"Height":180,"Demand":1,"DemandMax":null,"Value":31320},{"Length":169,"Height":96,"Demand":1,"DemandMax":null,"Value":16224},{"Length":183,"Height":105,"Demand":1,"DemandMax":null,"Value":19215},{"Length":150,"Height":142,"Demand":1,"DemandMax":null,"Value":21300},{"Length":134,"Height":64,"Demand":1,"DemandMax":null,"Value":8576},{"Length":213,"Height":195,"Demand":1,"DemandMax":null,"Value":41535},{"Length":83,"Height":105,"Demand":1,"DemandMax":null,"Value":8715},{"Length":150,"Height":213,"Demand":1,"DemandMax":null,"Value":31950},{"Length":85,"Height":145,"Demand":1,"DemandMax":null,"Value":12325},{"Length":141,"Height":92,"Demand":1,"DemandMax":null,"Value":12972},{"Length":174,"Height":80,"Demand":1,"DemandMax":null,"Value":13920},{"Length":127,"Height":122,"Demand":1,"DemandMax":null,"Value":15494},{"Length":159,"Height":63,"Demand":1,"DemandMax":null,"Value":10017},{"Length":87,"Height":104,"Demand":1,"DemandMax":null,"Value":9048},{"Length":66,"Height":198,"Demand":1,"DemandMax":null,"Value":13068},{"Length":72,"Height":265,"Demand":1,"DemandMax":null,"Value":19080},{"Length":87,"Height":265,"Demand":1,"DemandMax":null,"Value":23055},{"Length":183,"Height":115,"Demand":1,"DemandMax":null,"Value":21045},{"Length":87,"Height":229,"Demand":2,"DemandMax":null,"Value":19923},{"Length":142,"Height":209,"Demand":1,"DemandMax":null,"Value":29678},{"Length":152,"Height":204,"Demand":1,"DemandMax":null,"Value":31008},{"Length":213,"Height":120,"Demand":1,"DemandMax":null,"Value":25560},{"Length":85,"Height":169,"Demand":1,"DemandMax":null,"Value":14365},{"Length":132,"Height":122,"Demand":1,"DemandMax":null,"Value":16104},{"Length":169,"Height":116,"Demand":1,"DemandMax":null,"Value":19604},{"Length":85,"Height":174,"Demand":1,"DemandMax":null,"Value":14790},{"Length":141,"Height":111,"Demand":1,"DemandMax":null,"Value":15651},{"Length":171,"Height":116,"Demand":1,"DemandMax":null,"Value":19836},{"Length":174,"Height":104,"Demand":1,"DemandMax":null,"Value":18096},{"Length":213,"Height":278,"Demand":1,"DemandMax":null,"Value":59214},{"Length":159,"Height":72,"Demand":1,"DemandMax":null,"Value":11448},{"Length":72,"Height":198,"Demand":1,"DemandMax":null,"Value":14256},{"Length":134,"Height":71,"Demand":1,"DemandMax":null,"Value":9514},{"Length":88,"Height":110,"Demand":1,"DemandMax":null,"Value":9680},{"Length":164,"Height":105,"Demand":1,"DemandMax":null,"Value":17220},{"Length":87,"Height":170,"Demand":1,"DemandMax":null,"Value":14790}]}