{"Name":"Nice50i5b2","Objects":[{"Length":348,"Height":1000,"Stock":5,"Cost":348000},{"Length":257,"Height":441,"Stock":6,"Cost":113337},{"Length":395,"Height":360,"Stock":5,"Cost":142200},{"Length":257,"Height":559,"Stock":6,"Cost":143663},{"Length":395,"Height":640,"Stock":3,"Cost":252800}],"Items":[{"Length":93,"Height":171,"Demand":1,"DemandMax":null,"Value":15903},{"Length":111,"Height":217,"Demand":1,"DemandMax":null,"Value":24087},{"Length":140,"Height":177,"Demand":1,"DemandMax":null,"Value":24780},{"Length":118,"Height":206,"Demand":1,"DemandMax":null,"Value":24308},{"Length":153,"Height":95,"Demand":1,"DemandMax":null,"Value":14535},{"Length":109,"Height":129,"Demand":1,"DemandMax":null,"Value":14061},{"Length":162,"Height":89,"Demand":1,"DemandMax":null,"Value":14418},{"Length":255,"Height":89,"Demand":1,"DemandMax":null,"Value":22695},{"Length":157,"Height":94,"Demand":1,"DemandMax":null,"Value":14758},{"Length":148,"Height":153,"Demand":1,"DemandMax":null,"Value":22644},{"Length":108,"Height":208,"Demand":1,"DemandMax":null,"Value":22464},{"Length":255,"Height":67,"Demand":1,"DemandMax":null,"Value":17085},{"Length":57,"Height":215,"Demand":1,"DemandMax":null,"Value":12255},{"Length":255,"Height":88,"Demand":2,"DemandMax":null,"Value":22440},{"Length":60,"Height":216,"Demand":2,"DemandMax":null,"Value":12960},{"Length":125,"Height":184,"Demand":1,"DemandMax":null,"Value":23000},{"Length":133,"Height":104,"Demand":1,"DemandMax":null,"Value":13832},{"Length":255,"Height":90,"Demand":1,"DemandMax":null,"Value":22950},{"Length":108,"Height":216,"Demand":1,"DemandMax":null,"Value":23328},{"Length":125,"Height":240,"Demand":1,"DemandMax":null,"Value":30000},{"Length":146,"Height":96,"Demand":1,"DemandMax":null,"Value":14016},{"Length":255,"Height":91,"Demand":1,"DemandMax":null,"Value":23205},{"Length":148,"Height":94,"Demand":1,"DemandMax":null,"Value":13912},{"Length":146,"Height":100,"Demand":1,"DemandMax":null,"Value":14600},{"Length":140,"Height":183,"Demand":1,"DemandMax":null,"Value":25620},{"Length":122,"Height":216,"Demand":1,"DemandMax":null,"Value":26352},{"Length":69,"Height":206,"Demand":1,"DemandMax":null,"Value":14214},{"Length":255,"Height":93,"Demand":1,"DemandMax":null,"Value":23715},{"Length":111,"Height":55,"Demand":1,"DemandMax":null,"Value":6105},{"Length":171,"Height":103,"Demand":1,"DemandMax":null,"Value":17613},{"Length":215,"Height":201,"Demand":1,"DemandMax":null,"Value":43215},{"Length":146,"Height":109,"Demand":1,"DemandMax":null,"Value":15914},{"Length":93,"Height":182,"Demand":1,"DemandMax":null,"Value":16926},{"Length":177,"Height":103,"Demand":1,"DemandMax":null,"Value":18231},{"Length":162,"Height":120,"Demand":1,"DemandMax":null,"Value":19440},{"Length":255,"Height":107,"Demand":1,"DemandMax":null,"Value":27285},{"Length":63,"Height":237,"Demand":1,"DemandMax":null,"Value":14931},{"Length":146,"Height":136,"Demand":1,"DemandMax":null,"Value":19856},{"Length":191,"Height":94,"Demand":1,"DemandMax":null,"Value":17954},{"Length":133,"Height":109,"Demand":1,"DemandMax":null,"Value":14497},{"Length":148,"Height":106,"Demand":1,"DemandMax":null,"Value":15688},{"Length":70,"Height":237,"Demand":1,"DemandMax":null,"Value":16590},{"Length":70,"Height":206,"Demand":1,"DemandMax":null,"Value":14420},{"Length":153,"Height":121,"Demand":1,"DemandMax":null,"Value":18513},{"Length":109,"Height":224,"Demand":1,"DemandMax":null,"Value":24416},{"Length":215,"Height":249,"Demand":1,"DemandMax":null,"Value":53535},{"Length":105,"Height":215,"Demand":1,"DemandMax":null,"Value":22575},{"Length":111,"Height":169,"Demand":1,"DemandMax":null,"Value":18759}]}