{"Name":"Path500i4b2","Objects":[{"Length":358,"Height":555,"Stock":6,"Cost":198690},{"Length":642,"Height":450,"Stock":6,"Cost":288900},{"Length":642,"Height":550,"Stock":4,"Cost":353100},{"Length":358,"Height":445,"Stock":3,"Cost":159310}],"Items":[{"Length":217,"Height":8,"Demand":1,"DemandMax":null,"Value":1736},{"Length":148,"Height":58,"Demand":1,"DemandMax":null,"Value":8584},{"Length":86,"Height":66,"Demand":1,"DemandMax":null,"Value":5676},{"Length":73,"Height":11,"Demand":1,"DemandMax":null,"Value":803},{"Length":15,"Height":2,"Demand":2,"DemandMax":null,"Value":30},{"Length":95,"Height":13,"Demand":1,"DemandMax":null,"Value":1235},{"Length":1,"Height":168,"Demand":1,"DemandMax":null,"Value":168},{"Length":47,"Height":196,"Demand":1,"DemandMax":null,"Value":9212},{"Length":38,"Height":143,"Demand":1,"DemandMax":null,"Value":5434},{"Length":300,"Height":267,"Demand":1,"DemandMax":null,"Value":80100},{"Length":295,"Height":16,"Demand":1,"DemandMax":null,"Value":4720},{"Length":25,"Height":91,"Demand":1,"DemandMax":null,"Value":2275},{"Length":38,"Height":64,"Demand":1,"DemandMax":null,"Value":2432},{"Length":37,"Height":29,"Demand":1,"DemandMax":null,"Value":1073},{"Length":3,"Height":1,"Demand":9,"DemandMax":null,"Value":3},{"Length":40,"Height":91,"Demand":1,"DemandMax":null,"Value":3640},{"Length":295,"Height":105,"Demand":1,"DemandMax":null,"Value":30975},{"Length":3,"Height":27,"Demand":1,"DemandMax":null,"Value":81},{"Length":16,"Height":31,"Demand":1,"DemandMax":null,"Value":496},{"Length":91,"Height":62,"Demand":1,"DemandMax":null,"Value":5642},{"Length":6,"Height":8,"Demand":1,"DemandMax":null,"Value":48},{"Length":223,"Height":9,"Demand":1,"DemandMax":null,"Value":2007},{"Length":269,"Height":61,"Demand":1,"DemandMax":null,"Value":16409},{"Length":42,"Height":1,"Demand":2,"DemandMax":null,"Value":42},{"Length":358,"Height":1,"Demand":2,"DemandMax":null,"Value":358},{"Length":1,"Height":10,"Demand":1,"DemandMax":null,"Value":10},{"Length":43,"Height":115,"Demand":1,"DemandMax":null,"Value":4945},{"Length":1,"Height":4,"Demand":6,"DemandMax":null,"Value":4},{"Length":73,"Height":33,"Demand":1,"DemandMax":null,"Value":2409},{"Length":22,"Height":62,"Demand":1,"DemandMax":null,"Value":1364},{"Length":11,"Height":1,"Demand":5,"DemandMax":null,"Value":11},{"Length":6,"Height":11,"Demand":1,"DemandMax":null,"Value":66},{"Length":2,"Height":330,"Demand":1,"DemandMax":null,"Value":660},{"Length":120,"Height":74,"Demand":1,"DemandMax":null,"Value":8880},{"Length":183,"Height":44,"Demand":1,"DemandMax":null,"Value":8052},{"Length":42,"Height":23,"Demand":1,"DemandMax":null,"Value":966},{"Length":33,"Height":23,"Demand":1,"DemandMax":null,"Value":759},{"Length":43,"Height":57,"Demand":1,"DemandMax":null,"Value":2451},{"Length":148,"Height":2,"Demand":1,"DemandMax":null,"Value":296},{"Length":1,"Height":1,"Demand":34,"DemandMax":null,"Value":1},{"Length":17,"Height":1,"Demand":3,"DemandMax":null,"Value":17},{"Length":56,"Height":39,"Demand":1,"DemandMax":null,"Value":2184},{"Length":223,"Height":12,"Demand":1,"DemandMax":null,"Value":2676},{"Length":28,"Height":1,"Demand":4,"DemandMax":null,"Value":28},{"Length":22,"Height":1,"Demand":1,"DemandMax":null,"Value":22},{"Length":178,"Height":13,"Demand":1,"DemandMax":null,"Value":2314},{"Length":137,"Height":1,"Demand":1,"DemandMax":null,"Value":137},{"Length":47,"Height":243,"Demand":1,"DemandMax":null,"Value":11421},{"Length":8,"Height":207,"Demand":1,"DemandMax":null,"Value":1656},{"Length":14,"Height":41,"Demand":1,"DemandMax":null,"Value":574},{"Length":5,"Height":75,"Demand":1,"DemandMax":null,"Value":375},{"Length":75,"Height":207,"Demand":1,"DemandMax":null,"Value":15525},{"Length":111,"Height":6,"Demand":1,"DemandMax":null,"Value":666},{"Length":183,"Height":168,"Demand":1,"DemandMax":null,"Value":30744},{"Length":281,"Height":13,"Demand":1,"DemandMax":null,"Value":3653},{"Length":29,"Height":20,"Demand":1,"DemandMax":null,"Value":580},{"Length":69,"Height":243,"Demand":1,"DemandMax":null,"Value":16767},{"Length":1,"Height":3,"Demand":3,"DemandMax":null,"Value":3},{"Length":5,"Height":28,"Demand":1,"DemandMax":null,"Value":140},{"Length":1,"Height":5,"Demand":3,"DemandMax":null,"Value":5},{"Length":1,"Height":31,"Demand":3,"DemandMax":null,"Value":31},{"Length":37,"Height":27,"Demand":1,"DemandMax":null,"Value":999},{"Length":5,"Height":7,"Demand":1,"DemandMax":null,"Value":35},{"Length":73,"Height":39,"Demand":1,"DemandMax":null,"Value":2847},{"Length":20,"Height":6,"Demand":2,"DemandMax":null,"Value":120},{"Length":86,"Height":30,"Demand":1,"DemandMax":null,"Value":2580},{"Length":5,"Height":4,"Demand":1,"DemandMax":null,"Value":20},{"Length":1,"Height":11,"Demand":4,"DemandMax":null,"Value":11},{"Length":1,"Height":86,"Demand":1,"DemandMax":null,"Value":86},{"Length":6,"Height":178,"Demand":1,"DemandMax":null,"Value":1068},{"Length":223,"Height":25,"Demand":1,"DemandMax":null,"Value":5575},{"Length":124,"Height":23,"Demand":1,"DemandMax":null,"Value":2852},{"Length":29,"Height":25,"Demand":1,"DemandMax":null,"Value":725},{"Length":7,"Height":98,"Demand":1,"DemandMax":null,"Value":686},{"Length":12,"Height":174,"Demand":1,"DemandMax":null,"Value":2088},{"Length":2,"Height":20,"Demand":1,"DemandMax":null,"Value":40},{"Length":2,"Height":5,"Demand":2,"DemandMax":null,"Value":10},{"Length":40,"Height":36,"Demand":1,"DemandMax":null,"Value":1440},{"Length":3,"Height":93,"Demand":1,"DemandMax":null,"Value":279},{"Length":12,"Height":1,"Demand":2,"DemandMax":null,"Value":12},{"Length":47,"Height":11,"Demand":1,"DemandMax":null,"Value":517},{"Length":5,"Height":26,"Demand":1,"DemandMax":null,"Value":130},{"Length":12,"Height":9,"Demand":2,"DemandMax":null,"Value":108},{"Length":145,"Height":2,"Demand":1,"DemandMax":null,"Value":290},{"Length":2,"Height":3,"Demand":2,"DemandMax":null,"Value":6},{"Length":88,"Height":10,"Demand":1,"DemandMax":null,"Value":880},{"Length":10,"Height":1,"Demand":3,"DemandMax":null,"Value":10},{"Length":40,"Height":111,"Demand":1,"DemandMax":null,"Value":4440},{"Length":4,"Height":1,"Demand":11,"DemandMax":null,"Value":4},{"Length":8,"Height":160,"Demand":1,"DemandMax":null,"Value":1280},{"Length":38,"Height":14,"Demand":1,"DemandMax":null,"Value":532},{"Length":113,"Height":38,"Demand":1,"DemandMax":null,"Value":4294},{"Length":3,"Height":6,"Demand":1,"DemandMax":null,"Value":18},{"Length":279,"Height":17,"Demand":1,"DemandMax":null,"Value":4743},{"Length":5,"Height":44,"Demand":1,"DemandMax":null,"Value":220},{"Length":23,"Height":1,"Demand":3,"DemandMax":null,"Value":23},{"Length":56,"Height":330,"Demand":1,"DemandMax":null,"Value":18480},{"Length":40,"Height":6,"Demand":1,"DemandMax":null,"Value":240},{"Length":3,"Height":75,"Demand":1,"DemandMax":null,"Value":225},{"Length":1,"Height":14,"Demand":4,"DemandMax":null,"Value":14},{"Length":28,"Height":16,"Demand":1,"DemandMax":null,"Value":448},{"Length":203,"Height":11,"Demand":1,"DemandMax":null,"Value":2233},{"Length":40,"Height":38,"Demand":1,"DemandMax":null,"Value":1520},{"Length":7,"Height":19,"Demand":1,"DemandMax":null,"Value":133},{"Length":5,"Height":152,"Demand":1,"DemandMax":null,"Value":760},{"Length":63,"Height":62,"Demand":1,"DemandMax":null,"Value":3906},{"Length":111,"Height":133,"Demand":1,"DemandMax":null,"Value":14763},{"Length":279,"Height":15,"Demand":1,"DemandMax":null,"Value":4185},{"Length":19,"Height":6,"Demand":1,"DemandMax":null,"Value":114},{"Length":1,"Height":9,"Demand":2,"DemandMax":null,"Value":9},{"Length":231,"Height":62,"Demand":1,"DemandMax":null,"Value":14322},{"Length":28,"Height":2,"Demand":1,"DemandMax":null,"Value":56},{"Length":39,"Height":76,"Demand":1,"DemandMax":null,"Value":2964},{"Length":19,"Height":1,"Demand":1,"DemandMax":null,"Value":19},{"Length":5,"Height":1,"Demand":5,"DemandMax":null,"Value":5},{"Length":17,"Height":62,"Demand":1,"DemandMax":null,"Value":1054},{"Length":111,"Height":67,"Demand":1,"DemandMax":null,"Value":7437},{"Length":36,"Height":48,"Demand":1,"DemandMax":null,"Value":1728},{"Length":5,"Height":8,"Demand":1,"DemandMax":null,"Value":40},{"Length":2,"Height":64,"Demand":1,"DemandMax":null,"Value":128},{"Length":1,"Height":7,"Demand":3,"DemandMax":null,"Value":7},{"Length":95,"Height":125,"Demand":1,"DemandMax":null,"Value":11875},{"Length":3,"Height":8,"Demand":1,"DemandMax":null,"Value":24},{"Length":7,"Height":1,"Demand":6,"DemandMax":null,"Value":7},{"Length":32,"Height":16,"Demand":1,"DemandMax":null,"Value":512},{"Length":9,"Height":8,"Demand":1,"DemandMax":null,"Value":72},{"Length":38,"Height":1,"Demand":1,"DemandMax":null,"Value":38},{"Length":8,"Height":14,"Demand":1,"DemandMax":null,"Value":112},{"Length":2,"Height":1,"Demand":12,"DemandMax":null,"Value":2},{"Length":3,"Height":96,"Demand":1,"DemandMax":null,"Value":288},{"Length":10,"Height":2,"Demand":1,"DemandMax":null,"Value":20},{"Length":70,"Height":1,"Demand":1,"DemandMax":null,"Value":70},{"Length":7,"Height":48,"Demand":1,"DemandMax":null,"Value":336},{"Length":9,"Height":116,"Demand":1,"DemandMax":null,"Value":1044},{"Length":200,"Height":47,"Demand":1,"DemandMax":null,"Value":9400},{"Length":260,"Height":5,"Demand":1,"DemandMax":null,"Value":1300},{"Length":1,"Height":17,"Demand":1,"DemandMax":null,"Value":17},{"Length":53,"Height":32,"Demand":1,"DemandMax":null,"Value":1696},{"Length":15,"Height":11,"Demand":1,"DemandMax":null,"Value":165},{"Length":20,"Height":2,"Demand":2,"DemandMax":null,"Value":40},{"Length":148,"Height":17,"Demand":1,"DemandMax":null,"Value":2516},{"Length":87,"Height":96,"Demand":1,"DemandMax":null,"Value":8352},{"Length":7,"Height":22,"Demand":1,"DemandMax":null,"Value":154},{"Length":2,"Height":75,"Demand":1,"DemandMax":null,"Value":150},{"Length":27,"Height":2,"Demand":1,"DemandMax":null,"Value":54},{"Length":90,"Height":1,"Demand":1,"DemandMax":null,"Value":90},{"Length":9,"Height":7,"Demand":1,"DemandMax":null,"Value":63},{"Length":246,"Height":1,"Demand":1,"DemandMax":null,"Value":246},{"Length":30,"Height":96,"Demand":1,"DemandMax":null,"Value":2880},{"Length":87,"Height":1,"Demand":1,"DemandMax":null,"Value":87},{"Length":300,"Height":145,"Demand":1,"DemandMax":null,"Value":43500},{"Length":6,"Height":1,"Demand":2,"DemandMax":null,"Value":6},{"Length":8,"Height":1,"Demand":2,"DemandMax":null,"Value":8},{"Length":10,"Height":23,"Demand":1,"DemandMax":null,"Value":230},{"Length":1,"Height":49,"Demand":1,"DemandMax":null,"Value":49},{"Length":73,"Height":3,"Demand":1,"DemandMax":null,"Value":219},{"Length":9,"Height":39,"Demand":1,"DemandMax":null,"Value":351},{"Length":57,"Height":24,"Demand":1,"DemandMax":null,"Value":1368},{"Length":65,"Height":1,"Demand":1,"DemandMax":null,"Value":65},{"Length":40,"Height":27,"Demand":1,"DemandMax":null,"Value":1080},{"Length":7,"Height":15,"Demand":1,"DemandMax":null,"Value":105},{"Length":281,"Height":18,"Demand":1,"DemandMax":null,"Value":5058},{"Length":71,"Height":44,"Demand":1,"DemandMax":null,"Value":3124},{"Length":22,"Height":11,"Demand":1,"DemandMax":null,"Value":242},{"Length":185,"Height":79,"Demand":1,"DemandMax":null,"Value":14615},{"Length":1,"Height":8,"Demand":2,"DemandMax":null,"Value":8},{"Length":2,"Height":12,"Demand":1,"DemandMax":null,"Value":24},{"Length":4,"Height":6,"Demand":1,"DemandMax":null,"Value":24},{"Length":48,"Height":39,"Demand":1,"DemandMax":null,"Value":1872},{"Length":40,"Height":100,"Demand":1,"DemandMax":null,"Value":4000},{"Length":80,"Height":52,"Demand":1,"DemandMax":null,"Value":4160},{"Length":118,"Height":104,"Demand":1,"DemandMax":null,"Value":12272},{"Length":6,"Height":16,"Demand":1,"DemandMax":null,"Value":96},{"Length":4,"Height":52,"Demand":1,"DemandMax":null,"Value":208},{"Length":295,"Height":108,"Demand":1,"DemandMax":null,"Value":31860},{"Length":19,"Height":116,"Demand":1,"DemandMax":null,"Value":2204},{"Length":139,"Height":27,"Demand":1,"DemandMax":null,"Value":3753},{"Length":5,"Height":207,"Demand":1,"DemandMax":null,"Value":1035},{"Length":71,"Height":11,"Demand":1,"DemandMax":null,"Value":781},{"Length":47,"Height":57,"Demand":1,"DemandMax":null,"Value":2679},{"Length":3,"Height":330,"Demand":1,"DemandMax":null,"Value":990},{"Length":40,"Height":47,"Demand":1,"DemandMax":null,"Value":1880},{"Length":7,"Height":4,"Demand":1,"DemandMax":null,"Value":28},{"Length":6,"Height":210,"Demand":1,"DemandMax":null,"Value":1260},{"Length":50,"Height":1,"Demand":2,"DemandMax":null,"Value":50},{"Length":66,"Height":21,"Demand":1,"DemandMax":null,"Value":1386},{"Length":55,"Height":1,"Demand":1,"DemandMax":null,"Value":55},{"Length":3,"Height":12,"Demand":1,"DemandMax":null,"Value":36},{"Length":68,"Height":11,"Demand":1,"DemandMax":null,"Value":748},{"Length":48,"Height":6,"Demand":1,"DemandMax":null,"Value":288},{"Length":5,"Height":165,"Demand":1,"DemandMax":null,"Value":825},{"Length":1,"Height":13,"Demand":1,"DemandMax":null,"Value":13},{"Length":8,"Height":31,"Demand":1,"DemandMax":null,"Value":248},{"Length":1,"Height":23,"Demand":2,"DemandMax":null,"Value":23},{"Length":32,"Height":9,"Demand":1,"DemandMax":null,"Value":288},{"Length":172,"Height":57,"Demand":1,"DemandMax":null,"Value":9804},{"Length":1,"Height":160,"Demand":2,"DemandMax":null,"Value":160},{"Length":2,"Height":207,"Demand":2,"DemandMax":null,"Value":414},{"Length":17,"Height":5,"Demand":1,"DemandMax":null,"Value":85},{"Length":40,"Height":243,"Demand":1,"DemandMax":null,"Value":9720},{"Length":1,"Height":207,"Demand":2,"DemandMax":null,"Value":207},{"Length":65,"Height":4,"Demand":1,"DemandMax":null,"Value":260},{"Length":43,"Height":23,"Demand":1,"DemandMax":null,"Value":989},{"Length":260,"Height":1,"Demand":1,"DemandMax":null,"Value":260},{"Length":6,"Height":99,"Demand":1,"DemandMax":null,"Value":594},{"Length":18,"Height":1,"Demand":1,"DemandMax":null,"Value":18},{"Length":1,"Height":71,"Demand":1,"DemandMax":null,"Value":71},{"Length":2,"Height":56,"Demand":1,"DemandMax":null,"Value":112},{"Length":2,"Height":33,"Demand":1,"DemandMax":null,"Value":66},{"Length":7,"Height":78,"Demand":1,"DemandMax":null,"Value":546},{"Length":20,"Height":28,"Demand":1,"DemandMax":null,"Value":560},{"Length":15,"Height":15,"Demand":1,"DemandMax":null,"Value":225},{"Length":9,"Height":91,"Demand":1,"DemandMax":null,"Value":819},{"Length":1,"Height":52,"Demand":1,"DemandMax":null,"Value":52},{"Length":78,"Height":14,"Demand":1,"DemandMax":null,"Value":1092},{"Length":95,"Height":1,"Demand":1,"DemandMax":null,"Value":95},{"Length":12,"Height":11,"Demand":1,"DemandMax":null,"Value":132},{"Length":1,"Height":6,"Demand":3,"DemandMax":null,"Value":6},{"Length":41,"Height":1,"Demand":1,"DemandMax":null,"Value":41},{"Length":9,"Height":98,"Demand":1,"DemandMax":null,"Value":882},{"Length":281,"Height":11,"Demand":1,"DemandMax":null,"Value":3091},{"Length":2,"Height":99,"Demand":1,"DemandMax":null,"Value":198},{"Length":34,"Height":76,"Demand":1,"DemandMax":null,"Value":2584},{"Length":10,"Height":210,"Demand":1,"DemandMax":null,"Value":2100},{"Length":79,"Height":1,"Demand":1,"DemandMax":null,"Value":79},{"Length":3,"Height":11,"Demand":1,"DemandMax":null,"Value":33},{"Length":78,"Height":82,"Demand":1,"DemandMax":null,"Value":6396},{"Length":119,"Height":342,"Demand":1,"DemandMax":null,"Value":40698},{"Length":65,"Height":3,"Demand":1,"DemandMax":null,"Value":195},{"Length":56,"Height":33,"Demand":1,"DemandMax":null,"Value":1848},{"Length":11,"Height":16,"Demand":1,"DemandMax":null,"Value":176},{"Length":260,"Height":100,"Demand":1,"DemandMax":null,"Value":26000},{"Length":20,"Height":1,"Demand":1,"DemandMax":null,"Value":20},{"Length":12,"Height":6,"Demand":1,"DemandMax":null,"Value":72},{"Length":60,"Height":34,"Demand":1,"DemandMax":null,"Value":2040},{"Length":2,"Height":4,"Demand":3,"DemandMax":null,"Value":8},{"Length":3,"Height":2,"Demand":1,"DemandMax":null,"Value":6},{"Length":181,"Height":1,"Demand":1,"DemandMax":null,"Value":181},{"Length":10,"Height":160,"Demand":1,"DemandMax":null,"Value":1600},{"Length":44,"Height":210,"Demand":1,"DemandMax":null,"Value":9240},{"Length":1,"Height":172,"Demand":2,"DemandMax":null,"Value":172},{"Length":65,"Height":26,"Demand":1,"DemandMax":null,"Value":1690},{"Length":15,"Height":32,"Demand":1,"DemandMax":null,"Value":480},{"Length":7,"Height":9,"Demand":1,"DemandMax":null,"Value":63},{"Length":53,"Height":23,"Demand":1,"DemandMax":null,"Value":1219},{"Length":10,"Height":21,"Demand":2,"DemandMax":null,"Value":210},{"Length":257,"Height":38,"Demand":1,"DemandMax":null,"Value":9766},{"Length":1,"Height":22,"Demand":1,"DemandMax":null,"Value":22},{"Length":1,"Height":20,"Demand":3,"DemandMax":null,"Value":20},{"Length":25,"Height":53,"Demand":1,"DemandMax":null,"Value":1325},{"Length":47,"Height":146,"Demand":1,"DemandMax":null,"Value":6862},{"Length":16,"Height":2,"Demand":1,"DemandMax":null,"Value":32},{"Length":2,"Height":26,"Demand":1,"DemandMax":null,"Value":52},{"Length":8,"Height":11,"Demand":1,"DemandMax":null,"Value":88},{"Length":3,"Height":26,"Demand":1,"DemandMax":null,"Value":78},{"Length":295,"Height":23,"Demand":1,"DemandMax":null,"Value":6785},{"Length":223,"Height":20,"Demand":1,"DemandMax":null,"Value":4460},{"Length":29,"Height":1,"Demand":1,"DemandMax":null,"Value":29},{"Length":40,"Height":119,"Demand":1,"DemandMax":null,"Value":4760},{"Length":3,"Height":21,"Demand":1,"DemandMax":null,"Value":63},{"Length":7,"Height":67,"Demand":1,"DemandMax":null,"Value":469},{"Length":281,"Height":2,"Demand":1,"DemandMax":null,"Value":562},{"Length":43,"Height":80,"Demand":1,"DemandMax":null,"Value":3440},{"Length":1,"Height":15,"Demand":3,"DemandMax":null,"Value":15},{"Length":52,"Height":11,"Demand":1,"DemandMax":null,"Value":572},{"Length":1,"Height":55,"Demand":2,"DemandMax":null,"Value":55},{"Length":1,"Height":37,"Demand":1,"DemandMax":null,"Value":37},{"Length":2,"Height":8,"Demand":1,"DemandMax":null,"Value":16},{"Length":21,"Height":7,"Demand":1,"DemandMax":null,"Value":147},{"Length":1,"Height":63,"Demand":2,"DemandMax":null,"Value":63},{"Length":66,"Height":1,"Demand":1,"DemandMax":null,"Value":66},{"Length":11,"Height":5,"Demand":1,"DemandMax":null,"Value":55},{"Length":4,"Height":14,"Demand":2,"DemandMax":null,"Value":56},{"Length":7,"Height":30,"Demand":1,"DemandMax":null,"Value":210},{"Length":7,"Height":10,"Demand":1,"DemandMax":null,"Value":70},{"Length":269,"Height":269,"Demand":1,"DemandMax":null,"Value":72361},{"Length":7,"Height":7,"Demand":1,"DemandMax":null,"Value":49},{"Length":40,"Height":4,"Demand":1,"DemandMax":null,"Value":160},{"Length":1,"Height":12,"Demand":2,"DemandMax":null,"Value":12},{"Length":5,"Height":2,"Demand":1,"DemandMax":null,"Value":10},{"Length":73,"Height":1,"Demand":2,"DemandMax":null,"Value":73},{"Length":102,"Height":14,"Demand":1,"DemandMax":null,"Value":1428},{"Length":34,"Height":7,"Demand":1,"DemandMax":null,"Value":238},{"Length":2,"Height":9,"Demand":1,"DemandMax":null,"Value":18},{"Length":34,"Height":38,"Demand":1,"DemandMax":null,"Value":1292},{"Length":95,"Height":2,"Demand":1,"DemandMax":null,"Value":190},{"Length":37,"Height":7,"Demand":1,"DemandMax":null,"Value":259},{"Length":1,"Height":2,"Demand":3,"DemandMax":null,"Value":2},{"Length":43,"Height":15,"Demand":1,"DemandMax":null,"Value":645},{"Length":4,"Height":27,"Demand":2,"DemandMax":null,"Value":108},{"Length":3,"Height":78,"Demand":1,"DemandMax":null,"Value":234},{"Length":4,"Height":65,"Demand":1,"DemandMax":null,"Value":260},{"Length":2,"Height":116,"Demand":1,"DemandMax":null,"Value":232},{"Length":3,"Height":5,"Demand":1,"DemandMax":null,"Value":15},{"Length":26,"Height":5,"Demand":1,"DemandMax":null,"Value":130},{"Length":4,"Height":22,"Demand":1,"DemandMax":null,"Value":88},{"Length":10,"Height":62,"Demand":1,"DemandMax":null,"Value":620},{"Length":2,"Height":31,"Demand":1,"DemandMax":null,"Value":62},{"Length":16,"Height":22,"Demand":1,"DemandMax":null,"Value":352},{"Length":1,"Height":65,"Demand":1,"DemandMax":null,"Value":65},{"Length":13,"Height":1,"Demand":1,"DemandMax":null,"Value":13},{"Length":71,"Height":6,"Demand":1,"DemandMax":null,"Value":426},{"Length":1,"Height":24,"Demand":1,"DemandMax":null,"Value":24},{"Length":2,"Height":96,"Demand":1,"DemandMax":null,"Value":192},{"Length":259,"Height":1,"Demand":1,"DemandMax":null,"Value":259},{"Length":129,"Height":116,"Demand":1,"DemandMax":null,"Value":14964},{"Length":56,"Height":21,"Demand":1,"DemandMax":null,"Value":1176},{"Length":9,"Height":1,"Demand":1,"DemandMax":null,"Value":9},{"Length":2,"Height":23,"Demand":1,"DemandMax":null,"Value":46},{"Length":40,"Height":12,"Demand":1,"DemandMax":null,"Value":480},{"Length":10,"Height":24,"Demand":1,"DemandMax":null,"Value":240},{"Length":1,"Height":30,"Demand":1,"DemandMax":null,"Value":30},{"Length":2,"Height":44,"Demand":1,"DemandMax":null,"Value":88},{"Length":9,"Height":2,"Demand":1,"DemandMax":null,"Value":18},{"Length":3,"Height":55,"Demand":1,"DemandMax":null,"Value":165},{"Length":9,"Height":27,"Demand":1,"DemandMax":null,"Value":243},{"Length":13,"Height":34,"Demand":1,"DemandMax":null,"Value":442},{"Length":3,"Height":52,"Demand":1,"DemandMax":null,"Value":156},{"Length":4,"Height":11,"Demand":1,"DemandMax":null,"Value":44},{"Length":50,"Height":96,"Demand":1,"DemandMax":null,"Value":4800},{"Length":129,"Height":342,"Demand":1,"DemandMax":null,"Value":44118},{"Length":4,"Height":100,"Demand":1,"DemandMax":null,"Value":400},{"Length":6,"Height":108,"Demand":1,"DemandMax":null,"Value":648},{"Length":101,"Height":1,"Demand":1,"DemandMax":null,"Value":101},{"Length":4,"Height":25,"Demand":1,"DemandMax":null,"Value":100},{"Length":61,"Height":9,"Demand":1,"DemandMax":null,"Value":549},{"Length":3,"Height":29,"Demand":1,"DemandMax":null,"Value":87},{"Length":20,"Height":3,"Demand":1,"DemandMax":null,"Value":60},{"Length":116,"Height":22,"Demand":1,"DemandMax":null,"Value":2552},{"Length":108,"Height":41,"Demand":1,"DemandMax":null,"Value":4428},{"Length":8,"Height":75,"Demand":1,"DemandMax":null,"Value":600},{"Length":172,"Height":111,"Demand":1,"DemandMax":null,"Value":19092},{"Length":85,"Height":207,"Demand":1,"DemandMax":null,"Value":17595},{"Length":178,"Height":83,"Demand":1,"DemandMax":null,"Value":14774},{"Length":4,"Height":5,"Demand":1,"DemandMax":null,"Value":20},{"Length":3,"Height":54,"Demand":1,"DemandMax":null,"Value":162},{"Length":10,"Height":7,"Demand":1,"DemandMax":null,"Value":70},{"Length":10,"Height":50,"Demand":1,"DemandMax":null,"Value":500},{"Length":67,"Height":88,"Demand":1,"DemandMax":null,"Value":5896},{"Length":67,"Height":16,"Demand":1,"DemandMax":null,"Value":1072},{"Length":9,"Height":96,"Demand":1,"DemandMax":null,"Value":864},{"Length":4,"Height":330,"Demand":1,"DemandMax":null,"Value":1320},{"Length":281,"Height":1,"Demand":1,"DemandMax":null,"Value":281},{"Length":20,"Height":4,"Demand":1,"DemandMax":null,"Value":80},{"Length":137,"Height":3,"Demand":1,"DemandMax":null,"Value":411},{"Length":6,"Height":29,"Demand":1,"DemandMax":null,"Value":174},{"Length":5,"Height":19,"Demand":1,"DemandMax":null,"Value":95},{"Length":50,"Height":11,"Demand":1,"DemandMax":null,"Value":550},{"Length":10,"Height":9,"Demand":1,"DemandMax":null,"Value":90},{"Length":5,"Height":14,"Demand":1,"DemandMax":null,"Value":70},{"Length":7,"Height":13,"Demand":1,"DemandMax":null,"Value":91},{"Length":16,"Height":4,"Demand":1,"DemandMax":null,"Value":64},{"Length":1,"Height":16,"Demand":1,"DemandMax":null,"Value":16},{"Length":58,"Height":93,"Demand":1,"DemandMax":null,"Value":5394},{"Length":24,"Height":50,"Demand":1,"DemandMax":null,"Value":1200},{"Length":8,"Height":6,"Demand":1,"DemandMax":null,"Value":48},{"Length":8,"Height":25,"Demand":1,"DemandMax":null,"Value":200},{"Length":33,"Height":2,"Demand":1,"DemandMax":null,"Value":66},{"Length":4,"Height":93,"Demand":1,"DemandMax":null,"Value":372},{"Length":48,"Height":3,"Demand":1,"DemandMax":null,"Value":144},{"Length":40,"Height":1,"Demand":1,"DemandMax":null,"Value":40}]}