{"Name":"Path200i4b2","Objects":[{"Length":265,"Height":506,"Stock":1,"Cost":134090},{"Length":735,"Height":647,"Stock":5,"Cost":475545},{"Length":735,"Height":353,"Stock":2,"Cost":259455},{"Length":265,"Height":494,"Stock":4,"Cost":130910}],"Items":[{"Length":20,"Height":54,"Demand":1,"DemandMax":null,"Value":1080},{"Length":3,"Height":111,"Demand":1,"DemandMax":null,"Value":333},{"Length":17,"Height":95,"Demand":1,"DemandMax":null,"Value":1615},{"Length":155,"Height":208,"Demand":1,"DemandMax":null,"Value":32240},{"Length":4,"Height":43,"Demand":2,"DemandMax":null,"Value":172},{"Length":170,"Height":103,"Demand":1,"DemandMax":null,"Value":17510},{"Length":265,"Height":193,"Demand":1,"DemandMax":null,"Value":51145},{"Length":241,"Height":230,"Demand":1,"DemandMax":null,"Value":55430},{"Length":63,"Height":2,"Demand":1,"DemandMax":null,"Value":126},{"Length":259,"Height":205,"Demand":1,"DemandMax":null,"Value":53095},{"Length":165,"Height":87,"Demand":1,"DemandMax":null,"Value":14355},{"Length":86,"Height":251,"Demand":1,"DemandMax":null,"Value":21586},{"Length":233,"Height":12,"Demand":1,"DemandMax":null,"Value":2796},{"Length":16,"Height":44,"Demand":1,"DemandMax":null,"Value":704},{"Length":47,"Height":14,"Demand":1,"DemandMax":null,"Value":658},{"Length":19,"Height":34,"Demand":1,"DemandMax":null,"Value":646},{"Length":247,"Height":108,"Demand":1,"DemandMax":null,"Value":26676},{"Length":18,"Height":191,"Demand":1,"DemandMax":null,"Value":3438},{"Length":4,"Height":26,"Demand":1,"DemandMax":null,"Value":104},{"Length":38,"Height":255,"Demand":1,"DemandMax":null,"Value":9690},{"Length":65,"Height":34,"Demand":1,"DemandMax":null,"Value":2210},{"Length":2,"Height":69,"Demand":1,"DemandMax":null,"Value":138},{"Length":133,"Height":25,"Demand":1,"DemandMax":null,"Value":3325},{"Length":38,"Height":52,"Demand":1,"DemandMax":null,"Value":1976},{"Length":27,"Height":185,"Demand":1,"DemandMax":null,"Value":4995},{"Length":151,"Height":26,"Demand":1,"DemandMax":null,"Value":3926},{"Length":155,"Height":4,"Demand":1,"DemandMax":null,"Value":620},{"Length":229,"Height":55,"Demand":1,"DemandMax":null,"Value":12595},{"Length":247,"Height":99,"Demand":1,"DemandMax":null,"Value":24453},{"Length":19,"Height":258,"Demand":1,"DemandMax":null,"Value":4902},{"Length":10,"Height":96,"Demand":1,"DemandMax":null,"Value":960},{"Length":5,"Height":25,"Demand":1,"DemandMax":null,"Value":125},{"Length":214,"Height":31,"Demand":1,"DemandMax":null,"Value":6634},{"Length":27,"Height":10,"Demand":1,"DemandMax":null,"Value":270},{"Length":265,"Height":105,"Demand":1,"DemandMax":null,"Value":27825},{"Length":232,"Height":160,"Demand":1,"DemandMax":null,"Value":37120},{"Length":11,"Height":11,"Demand":1,"DemandMax":null,"Value":121},{"Length":265,"Height":31,"Demand":1,"DemandMax":null,"Value":8215},{"Length":226,"Height":7,"Demand":1,"DemandMax":null,"Value":1582},{"Length":35,"Height":2,"Demand":1,"DemandMax":null,"Value":70},{"Length":124,"Height":163,"Demand":1,"DemandMax":null,"Value":20212},{"Length":10,"Height":8,"Demand":1,"DemandMax":null,"Value":80},{"Length":93,"Height":8,"Demand":1,"DemandMax":null,"Value":744},{"Length":229,"Height":20,"Demand":1,"DemandMax":null,"Value":4580},{"Length":1,"Height":96,"Demand":2,"DemandMax":null,"Value":96},{"Length":61,"Height":1,"Demand":1,"DemandMax":null,"Value":61},{"Length":2,"Height":63,"Demand":1,"DemandMax":null,"Value":126},{"Length":6,"Height":69,"Demand":1,"DemandMax":null,"Value":414},{"Length":47,"Height":1,"Demand":1,"DemandMax":null,"Value":47},{"Length":159,"Height":156,"Demand":1,"DemandMax":null,"Value":24804},{"Length":229,"Height":131,"Demand":1,"DemandMax":null,"Value":29999},{"Length":1,"Height":38,"Demand":1,"DemandMax":null,"Value":38},{"Length":33,"Height":98,"Demand":1,"DemandMax":null,"Value":3234},{"Length":229,"Height":28,"Demand":1,"DemandMax":null,"Value":6412},{"Length":67,"Height":3,"Demand":1,"DemandMax":null,"Value":201},{"Length":4,"Height":14,"Demand":1,"DemandMax":null,"Value":56},{"Length":5,"Height":1,"Demand":2,"DemandMax":null,"Value":5},{"Length":14,"Height":52,"Demand":1,"DemandMax":null,"Value":728},{"Length":2,"Height":56,"Demand":1,"DemandMax":null,"Value":112},{"Length":2,"Height":1,"Demand":2,"DemandMax":null,"Value":2},{"Length":265,"Height":48,"Demand":1,"DemandMax":null,"Value":12720},{"Length":36,"Height":26,"Demand":1,"DemandMax":null,"Value":936},{"Length":8,"Height":4,"Demand":1,"DemandMax":null,"Value":32},{"Length":8,"Height":103,"Demand":1,"DemandMax":null,"Value":824},{"Length":118,"Height":125,"Demand":1,"DemandMax":null,"Value":14750},{"Length":9,"Height":48,"Demand":1,"DemandMax":null,"Value":432},{"Length":4,"Height":68,"Demand":1,"DemandMax":null,"Value":272},{"Length":10,"Height":52,"Demand":1,"DemandMax":null,"Value":520},{"Length":33,"Height":9,"Demand":1,"DemandMax":null,"Value":297},{"Length":265,"Height":52,"Demand":1,"DemandMax":null,"Value":13780},{"Length":8,"Height":30,"Demand":1,"DemandMax":null,"Value":240},{"Length":64,"Height":258,"Demand":1,"DemandMax":null,"Value":16512},{"Length":46,"Height":163,"Demand":1,"DemandMax":null,"Value":7498},{"Length":33,"Height":7,"Demand":1,"DemandMax":null,"Value":231},{"Length":259,"Height":172,"Demand":1,"DemandMax":null,"Value":44548},{"Length":15,"Height":12,"Demand":1,"DemandMax":null,"Value":180},{"Length":172,"Height":1,"Demand":1,"DemandMax":null,"Value":172},{"Length":147,"Height":13,"Demand":1,"DemandMax":null,"Value":1911},{"Length":16,"Height":124,"Demand":1,"DemandMax":null,"Value":1984},{"Length":84,"Height":3,"Demand":1,"DemandMax":null,"Value":252},{"Length":2,"Height":8,"Demand":1,"DemandMax":null,"Value":16},{"Length":2,"Height":96,"Demand":2,"DemandMax":null,"Value":192},{"Length":229,"Height":2,"Demand":1,"DemandMax":null,"Value":458},{"Length":11,"Height":68,"Demand":1,"DemandMax":null,"Value":748},{"Length":4,"Height":5,"Demand":1,"DemandMax":null,"Value":20},{"Length":11,"Height":258,"Demand":1,"DemandMax":null,"Value":2838},{"Length":60,"Height":69,"Demand":1,"DemandMax":null,"Value":4140},{"Length":10,"Height":258,"Demand":1,"DemandMax":null,"Value":2580},{"Length":136,"Height":61,"Demand":1,"DemandMax":null,"Value":8296},{"Length":27,"Height":51,"Demand":1,"DemandMax":null,"Value":1377},{"Length":7,"Height":12,"Demand":1,"DemandMax":null,"Value":84},{"Length":1,"Height":103,"Demand":1,"DemandMax":null,"Value":103},{"Length":64,"Height":13,"Demand":1,"DemandMax":null,"Value":832},{"Length":2,"Height":9,"Demand":1,"DemandMax":null,"Value":18},{"Length":247,"Height":55,"Demand":1,"DemandMax":null,"Value":13585},{"Length":24,"Height":258,"Demand":1,"DemandMax":null,"Value":6192},{"Length":2,"Height":14,"Demand":1,"DemandMax":null,"Value":28},{"Length":244,"Height":33,"Demand":1,"DemandMax":null,"Value":8052},{"Length":155,"Height":6,"Demand":1,"DemandMax":null,"Value":930},{"Length":100,"Height":235,"Demand":1,"DemandMax":null,"Value":23500},{"Length":1,"Height":56,"Demand":1,"DemandMax":null,"Value":56},{"Length":259,"Height":155,"Demand":1,"DemandMax":null,"Value":40145},{"Length":214,"Height":69,"Demand":1,"DemandMax":null,"Value":14766},{"Length":9,"Height":14,"Demand":1,"DemandMax":null,"Value":126},{"Length":7,"Height":20,"Demand":1,"DemandMax":null,"Value":140},{"Length":55,"Height":8,"Demand":1,"DemandMax":null,"Value":440},{"Length":17,"Height":63,"Demand":1,"DemandMax":null,"Value":1071},{"Length":84,"Height":38,"Demand":1,"DemandMax":null,"Value":3192},{"Length":17,"Height":12,"Demand":1,"DemandMax":null,"Value":204},{"Length":205,"Height":1,"Demand":1,"DemandMax":null,"Value":205},{"Length":214,"Height":1,"Demand":2,"DemandMax":null,"Value":214},{"Length":97,"Height":8,"Demand":1,"DemandMax":null,"Value":776},{"Length":155,"Height":46,"Demand":1,"DemandMax":null,"Value":7130},{"Length":129,"Height":26,"Demand":1,"DemandMax":null,"Value":3354},{"Length":74,"Height":113,"Demand":1,"DemandMax":null,"Value":8362},{"Length":3,"Height":230,"Demand":1,"DemandMax":null,"Value":690},{"Length":40,"Height":12,"Demand":1,"DemandMax":null,"Value":480},{"Length":259,"Height":115,"Demand":1,"DemandMax":null,"Value":29785},{"Length":92,"Height":103,"Demand":1,"DemandMax":null,"Value":9476},{"Length":4,"Height":56,"Demand":1,"DemandMax":null,"Value":224},{"Length":214,"Height":4,"Demand":1,"DemandMax":null,"Value":856},{"Length":205,"Height":4,"Demand":1,"DemandMax":null,"Value":820},{"Length":7,"Height":95,"Demand":1,"DemandMax":null,"Value":665},{"Length":11,"Height":1,"Demand":1,"DemandMax":null,"Value":11},{"Length":86,"Height":2,"Demand":1,"DemandMax":null,"Value":172},{"Length":5,"Height":12,"Demand":1,"DemandMax":null,"Value":60},{"Length":8,"Height":13,"Demand":1,"DemandMax":null,"Value":104},{"Length":63,"Height":3,"Demand":1,"DemandMax":null,"Value":189},{"Length":9,"Height":3,"Demand":1,"DemandMax":null,"Value":27},{"Length":77,"Height":69,"Demand":1,"DemandMax":null,"Value":5313},{"Length":85,"Height":3,"Demand":1,"DemandMax":null,"Value":255},{"Length":5,"Height":64,"Demand":1,"DemandMax":null,"Value":320},{"Length":205,"Height":7,"Demand":1,"DemandMax":null,"Value":1435},{"Length":78,"Height":133,"Demand":1,"DemandMax":null,"Value":10374},{"Length":1,"Height":20,"Demand":2,"DemandMax":null,"Value":20},{"Length":1,"Height":22,"Demand":1,"DemandMax":null,"Value":22},{"Length":63,"Height":1,"Demand":1,"DemandMax":null,"Value":63},{"Length":91,"Height":103,"Demand":1,"DemandMax":null,"Value":9373},{"Length":97,"Height":61,"Demand":1,"DemandMax":null,"Value":5917},{"Length":16,"Height":11,"Demand":1,"DemandMax":null,"Value":176},{"Length":5,"Height":23,"Demand":1,"DemandMax":null,"Value":115},{"Length":229,"Height":41,"Demand":1,"DemandMax":null,"Value":9389},{"Length":229,"Height":9,"Demand":1,"DemandMax":null,"Value":2061},{"Length":21,"Height":230,"Demand":1,"DemandMax":null,"Value":4830},{"Length":86,"Height":5,"Demand":1,"DemandMax":null,"Value":430},{"Length":229,"Height":4,"Demand":1,"DemandMax":null,"Value":916},{"Length":3,"Height":68,"Demand":1,"DemandMax":null,"Value":204},{"Length":84,"Height":1,"Demand":1,"DemandMax":null,"Value":84},{"Length":3,"Height":69,"Demand":1,"DemandMax":null,"Value":207},{"Length":34,"Height":8,"Demand":1,"DemandMax":null,"Value":272},{"Length":214,"Height":2,"Demand":1,"DemandMax":null,"Value":428},{"Length":1,"Height":35,"Demand":1,"DemandMax":null,"Value":35},{"Length":5,"Height":26,"Demand":1,"DemandMax":null,"Value":130},{"Length":73,"Height":1,"Demand":1,"DemandMax":null,"Value":73},{"Length":126,"Height":159,"Demand":1,"DemandMax":null,"Value":20034},{"Length":5,"Height":9,"Demand":1,"DemandMax":null,"Value":45},{"Length":9,"Height":8,"Demand":1,"DemandMax":null,"Value":72},{"Length":1,"Height":23,"Demand":1,"DemandMax":null,"Value":23},{"Length":90,"Height":111,"Demand":1,"DemandMax":null,"Value":9990},{"Length":3,"Height":14,"Demand":1,"DemandMax":null,"Value":42},{"Length":3,"Height":52,"Demand":1,"DemandMax":null,"Value":156},{"Length":132,"Height":8,"Demand":1,"DemandMax":null,"Value":1056},{"Length":29,"Height":255,"Demand":1,"DemandMax":null,"Value":7395},{"Length":135,"Height":15,"Demand":1,"DemandMax":null,"Value":2025},{"Length":214,"Height":6,"Demand":1,"DemandMax":null,"Value":1284},{"Length":100,"Height":2,"Demand":1,"DemandMax":null,"Value":200},{"Length":1,"Height":9,"Demand":1,"DemandMax":null,"Value":9},{"Length":18,"Height":44,"Demand":1,"DemandMax":null,"Value":792},{"Length":47,"Height":89,"Demand":1,"DemandMax":null,"Value":4183},{"Length":6,"Height":12,"Demand":1,"DemandMax":null,"Value":72},{"Length":7,"Height":6,"Demand":1,"DemandMax":null,"Value":42},{"Length":265,"Height":2,"Demand":1,"DemandMax":null,"Value":530},{"Length":229,"Height":47,"Demand":1,"DemandMax":null,"Value":10763},{"Length":16,"Height":38,"Demand":1,"DemandMax":null,"Value":608},{"Length":4,"Height":95,"Demand":1,"DemandMax":null,"Value":380},{"Length":44,"Height":14,"Demand":1,"DemandMax":null,"Value":616},{"Length":43,"Height":43,"Demand":1,"DemandMax":null,"Value":1849},{"Length":3,"Height":9,"Demand":1,"DemandMax":null,"Value":27},{"Length":265,"Height":1,"Demand":1,"DemandMax":null,"Value":265},{"Length":265,"Height":11,"Demand":1,"DemandMax":null,"Value":2915},{"Length":133,"Height":78,"Demand":1,"DemandMax":null,"Value":10374},{"Length":60,"Height":1,"Demand":1,"DemandMax":null,"Value":60},{"Length":229,"Height":5,"Demand":1,"DemandMax":null,"Value":1145},{"Length":112,"Height":3,"Demand":1,"DemandMax":null,"Value":336},{"Length":126,"Height":76,"Demand":1,"DemandMax":null,"Value":9576},{"Length":16,"Height":31,"Demand":1,"DemandMax":null,"Value":496},{"Length":1,"Height":3,"Demand":1,"DemandMax":null,"Value":3},{"Length":70,"Height":43,"Demand":1,"DemandMax":null,"Value":3010},{"Length":5,"Height":8,"Demand":1,"DemandMax":null,"Value":40},{"Length":2,"Height":6,"Demand":1,"DemandMax":null,"Value":12},{"Length":47,"Height":2,"Demand":1,"DemandMax":null,"Value":94},{"Length":40,"Height":133,"Demand":1,"DemandMax":null,"Value":5320},{"Length":229,"Height":34,"Demand":1,"DemandMax":null,"Value":7786}]}