{"Name":"Path500i5b3","Objects":[{"Length":567,"Height":470,"Stock":1,"Cost":266490},{"Length":289,"Height":530,"Stock":5,"Cost":153170},{"Length":249,"Height":530,"Stock":5,"Cost":131970},{"Length":433,"Height":470,"Stock":5,"Cost":203510},{"Length":462,"Height":530,"Stock":2,"Cost":244860}],"Items":[{"Length":227,"Height":4,"Demand":1,"DemandMax":null,"Value":908},{"Length":117,"Height":177,"Demand":1,"DemandMax":null,"Value":20709},{"Length":165,"Height":33,"Demand":1,"DemandMax":null,"Value":5445},{"Length":1,"Height":240,"Demand":2,"DemandMax":null,"Value":240},{"Length":8,"Height":178,"Demand":1,"DemandMax":null,"Value":1424},{"Length":32,"Height":146,"Demand":1,"DemandMax":null,"Value":4672},{"Length":116,"Height":1,"Demand":1,"DemandMax":null,"Value":116},{"Length":60,"Height":59,"Demand":1,"DemandMax":null,"Value":3540},{"Length":172,"Height":12,"Demand":1,"DemandMax":null,"Value":2064},{"Length":65,"Height":6,"Demand":1,"DemandMax":null,"Value":390},{"Length":12,"Height":5,"Demand":1,"DemandMax":null,"Value":60},{"Length":1,"Height":1,"Demand":39,"DemandMax":null,"Value":1},{"Length":67,"Height":139,"Demand":1,"DemandMax":null,"Value":9313},{"Length":13,"Height":2,"Demand":1,"DemandMax":null,"Value":26},{"Length":29,"Height":13,"Demand":1,"DemandMax":null,"Value":377},{"Length":84,"Height":1,"Demand":2,"DemandMax":null,"Value":84},{"Length":217,"Height":22,"Demand":1,"DemandMax":null,"Value":4774},{"Length":113,"Height":65,"Demand":1,"DemandMax":null,"Value":7345},{"Length":29,"Height":20,"Demand":1,"DemandMax":null,"Value":580},{"Length":1,"Height":176,"Demand":1,"DemandMax":null,"Value":176},{"Length":130,"Height":158,"Demand":1,"DemandMax":null,"Value":20540},{"Length":1,"Height":56,"Demand":1,"DemandMax":null,"Value":56},{"Length":143,"Height":18,"Demand":1,"DemandMax":null,"Value":2574},{"Length":3,"Height":36,"Demand":1,"DemandMax":null,"Value":108},{"Length":1,"Height":10,"Demand":2,"DemandMax":null,"Value":10},{"Length":1,"Height":7,"Demand":3,"DemandMax":null,"Value":7},{"Length":84,"Height":4,"Demand":1,"DemandMax":null,"Value":336},{"Length":23,"Height":44,"Demand":1,"DemandMax":null,"Value":1012},{"Length":249,"Height":24,"Demand":1,"DemandMax":null,"Value":5976},{"Length":245,"Height":192,"Demand":1,"DemandMax":null,"Value":47040},{"Length":71,"Height":17,"Demand":1,"DemandMax":null,"Value":1207},{"Length":172,"Height":193,"Demand":1,"DemandMax":null,"Value":33196},{"Length":99,"Height":195,"Demand":1,"DemandMax":null,"Value":19305},{"Length":123,"Height":127,"Demand":1,"DemandMax":null,"Value":15621},{"Length":113,"Height":40,"Demand":1,"DemandMax":null,"Value":4520},{"Length":221,"Height":69,"Demand":1,"DemandMax":null,"Value":15249},{"Length":146,"Height":154,"Demand":1,"DemandMax":null,"Value":22484},{"Length":10,"Height":132,"Demand":1,"DemandMax":null,"Value":1320},{"Length":59,"Height":172,"Demand":1,"DemandMax":null,"Value":10148},{"Length":96,"Height":229,"Demand":1,"DemandMax":null,"Value":21984},{"Length":221,"Height":3,"Demand":1,"DemandMax":null,"Value":663},{"Length":59,"Height":4,"Demand":1,"DemandMax":null,"Value":236},{"Length":116,"Height":35,"Demand":1,"DemandMax":null,"Value":4060},{"Length":17,"Height":36,"Demand":1,"DemandMax":null,"Value":612},{"Length":14,"Height":30,"Demand":1,"DemandMax":null,"Value":420},{"Length":21,"Height":49,"Demand":1,"DemandMax":null,"Value":1029},{"Length":35,"Height":111,"Demand":1,"DemandMax":null,"Value":3885},{"Length":1,"Height":2,"Demand":6,"DemandMax":null,"Value":2},{"Length":10,"Height":31,"Demand":1,"DemandMax":null,"Value":310},{"Length":67,"Height":1,"Demand":1,"DemandMax":null,"Value":67},{"Length":208,"Height":16,"Demand":1,"DemandMax":null,"Value":3328},{"Length":26,"Height":1,"Demand":1,"DemandMax":null,"Value":26},{"Length":8,"Height":49,"Demand":1,"DemandMax":null,"Value":392},{"Length":99,"Height":66,"Demand":1,"DemandMax":null,"Value":6534},{"Length":44,"Height":171,"Demand":1,"DemandMax":null,"Value":7524},{"Length":5,"Height":2,"Demand":3,"DemandMax":null,"Value":10},{"Length":42,"Height":1,"Demand":1,"DemandMax":null,"Value":42},{"Length":22,"Height":171,"Demand":1,"DemandMax":null,"Value":3762},{"Length":27,"Height":5,"Demand":1,"DemandMax":null,"Value":135},{"Length":1,"Height":169,"Demand":1,"DemandMax":null,"Value":169},{"Length":5,"Height":3,"Demand":3,"DemandMax":null,"Value":15},{"Length":3,"Height":29,"Demand":1,"DemandMax":null,"Value":87},{"Length":2,"Height":8,"Demand":1,"DemandMax":null,"Value":16},{"Length":38,"Height":7,"Demand":1,"DemandMax":null,"Value":266},{"Length":207,"Height":40,"Demand":1,"DemandMax":null,"Value":8280},{"Length":5,"Height":1,"Demand":8,"DemandMax":null,"Value":5},{"Length":13,"Height":25,"Demand":1,"DemandMax":null,"Value":325},{"Length":1,"Height":3,"Demand":3,"DemandMax":null,"Value":3},{"Length":105,"Height":36,"Demand":1,"DemandMax":null,"Value":3780},{"Length":5,"Height":108,"Demand":1,"DemandMax":null,"Value":540},{"Length":9,"Height":24,"Demand":1,"DemandMax":null,"Value":216},{"Length":4,"Height":97,"Demand":1,"DemandMax":null,"Value":388},{"Length":76,"Height":9,"Demand":1,"DemandMax":null,"Value":684},{"Length":5,"Height":8,"Demand":1,"DemandMax":null,"Value":40},{"Length":18,"Height":1,"Demand":3,"DemandMax":null,"Value":18},{"Length":7,"Height":1,"Demand":3,"DemandMax":null,"Value":7},{"Length":227,"Height":196,"Demand":1,"DemandMax":null,"Value":44492},{"Length":155,"Height":8,"Demand":1,"DemandMax":null,"Value":1240},{"Length":124,"Height":2,"Demand":1,"DemandMax":null,"Value":248},{"Length":27,"Height":241,"Demand":1,"DemandMax":null,"Value":6507},{"Length":78,"Height":174,"Demand":1,"DemandMax":null,"Value":13572},{"Length":10,"Height":14,"Demand":1,"DemandMax":null,"Value":140},{"Length":107,"Height":154,"Demand":1,"DemandMax":null,"Value":16478},{"Length":37,"Height":29,"Demand":1,"DemandMax":null,"Value":1073},{"Length":3,"Height":24,"Demand":1,"DemandMax":null,"Value":72},{"Length":49,"Height":24,"Demand":1,"DemandMax":null,"Value":1176},{"Length":1,"Height":12,"Demand":1,"DemandMax":null,"Value":12},{"Length":151,"Height":1,"Demand":1,"DemandMax":null,"Value":151},{"Length":12,"Height":64,"Demand":1,"DemandMax":null,"Value":768},{"Length":139,"Height":5,"Demand":1,"DemandMax":null,"Value":695},{"Length":142,"Height":160,"Demand":1,"DemandMax":null,"Value":22720},{"Length":3,"Height":26,"Demand":1,"DemandMax":null,"Value":78},{"Length":12,"Height":30,"Demand":1,"DemandMax":null,"Value":360},{"Length":3,"Height":163,"Demand":1,"DemandMax":null,"Value":489},{"Length":155,"Height":207,"Demand":1,"DemandMax":null,"Value":32085},{"Length":249,"Height":3,"Demand":1,"DemandMax":null,"Value":747},{"Length":2,"Height":97,"Demand":1,"DemandMax":null,"Value":194},{"Length":1,"Height":6,"Demand":3,"DemandMax":null,"Value":6},{"Length":59,"Height":2,"Demand":1,"DemandMax":null,"Value":118},{"Length":21,"Height":6,"Demand":1,"DemandMax":null,"Value":126},{"Length":2,"Height":1,"Demand":8,"DemandMax":null,"Value":2},{"Length":93,"Height":1,"Demand":1,"DemandMax":null,"Value":93},{"Length":59,"Height":146,"Demand":1,"DemandMax":null,"Value":8614},{"Length":39,"Height":53,"Demand":1,"DemandMax":null,"Value":2067},{"Length":34,"Height":59,"Demand":1,"DemandMax":null,"Value":2006},{"Length":205,"Height":13,"Demand":1,"DemandMax":null,"Value":2665},{"Length":206,"Height":1,"Demand":1,"DemandMax":null,"Value":206},{"Length":1,"Height":18,"Demand":1,"DemandMax":null,"Value":18},{"Length":7,"Height":2,"Demand":2,"DemandMax":null,"Value":14},{"Length":197,"Height":240,"Demand":1,"DemandMax":null,"Value":47280},{"Length":1,"Height":29,"Demand":2,"DemandMax":null,"Value":29},{"Length":30,"Height":46,"Demand":1,"DemandMax":null,"Value":1380},{"Length":4,"Height":74,"Demand":1,"DemandMax":null,"Value":296},{"Length":32,"Height":116,"Demand":1,"DemandMax":null,"Value":3712},{"Length":5,"Height":14,"Demand":2,"DemandMax":null,"Value":70},{"Length":9,"Height":7,"Demand":1,"DemandMax":null,"Value":63},{"Length":34,"Height":24,"Demand":1,"DemandMax":null,"Value":816},{"Length":12,"Height":134,"Demand":1,"DemandMax":null,"Value":1608},{"Length":175,"Height":5,"Demand":1,"DemandMax":null,"Value":875},{"Length":78,"Height":1,"Demand":1,"DemandMax":null,"Value":78},{"Length":1,"Height":16,"Demand":1,"DemandMax":null,"Value":16},{"Length":5,"Height":99,"Demand":1,"DemandMax":null,"Value":495},{"Length":58,"Height":6,"Demand":1,"DemandMax":null,"Value":348},{"Length":39,"Height":1,"Demand":2,"DemandMax":null,"Value":39},{"Length":227,"Height":113,"Demand":1,"DemandMax":null,"Value":25651},{"Length":69,"Height":33,"Demand":1,"DemandMax":null,"Value":2277},{"Length":42,"Height":50,"Demand":1,"DemandMax":null,"Value":2100},{"Length":1,"Height":8,"Demand":2,"DemandMax":null,"Value":8},{"Length":68,"Height":4,"Demand":1,"DemandMax":null,"Value":272},{"Length":5,"Height":139,"Demand":2,"DemandMax":null,"Value":695},{"Length":221,"Height":17,"Demand":1,"DemandMax":null,"Value":3757},{"Length":15,"Height":15,"Demand":1,"DemandMax":null,"Value":225},{"Length":227,"Height":6,"Demand":1,"DemandMax":null,"Value":1362},{"Length":34,"Height":229,"Demand":1,"DemandMax":null,"Value":7786},{"Length":221,"Height":10,"Demand":1,"DemandMax":null,"Value":2210},{"Length":5,"Height":18,"Demand":2,"DemandMax":null,"Value":90},{"Length":29,"Height":53,"Demand":1,"DemandMax":null,"Value":1537},{"Length":37,"Height":193,"Demand":1,"DemandMax":null,"Value":7141},{"Length":205,"Height":1,"Demand":1,"DemandMax":null,"Value":205},{"Length":22,"Height":97,"Demand":1,"DemandMax":null,"Value":2134},{"Length":10,"Height":61,"Demand":2,"DemandMax":null,"Value":610},{"Length":25,"Height":33,"Demand":1,"DemandMax":null,"Value":825},{"Length":65,"Height":21,"Demand":1,"DemandMax":null,"Value":1365},{"Length":6,"Height":1,"Demand":3,"DemandMax":null,"Value":6},{"Length":45,"Height":9,"Demand":1,"DemandMax":null,"Value":405},{"Length":38,"Height":26,"Demand":1,"DemandMax":null,"Value":988},{"Length":172,"Height":14,"Demand":1,"DemandMax":null,"Value":2408},{"Length":29,"Height":32,"Demand":1,"DemandMax":null,"Value":928},{"Length":2,"Height":61,"Demand":1,"DemandMax":null,"Value":122},{"Length":11,"Height":5,"Demand":2,"DemandMax":null,"Value":55},{"Length":12,"Height":1,"Demand":2,"DemandMax":null,"Value":12},{"Length":93,"Height":5,"Demand":1,"DemandMax":null,"Value":465},{"Length":7,"Height":22,"Demand":1,"DemandMax":null,"Value":154},{"Length":3,"Height":1,"Demand":2,"DemandMax":null,"Value":3},{"Length":8,"Height":1,"Demand":2,"DemandMax":null,"Value":8},{"Length":221,"Height":15,"Demand":1,"DemandMax":null,"Value":3315},{"Length":227,"Height":35,"Demand":1,"DemandMax":null,"Value":7945},{"Length":12,"Height":6,"Demand":2,"DemandMax":null,"Value":72},{"Length":6,"Height":95,"Demand":1,"DemandMax":null,"Value":570},{"Length":14,"Height":204,"Demand":1,"DemandMax":null,"Value":2856},{"Length":39,"Height":39,"Demand":1,"DemandMax":null,"Value":1521},{"Length":25,"Height":9,"Demand":1,"DemandMax":null,"Value":225},{"Length":32,"Height":19,"Demand":2,"DemandMax":null,"Value":608},{"Length":29,"Height":139,"Demand":1,"DemandMax":null,"Value":4031},{"Length":6,"Height":32,"Demand":1,"DemandMax":null,"Value":192},{"Length":9,"Height":108,"Demand":1,"DemandMax":null,"Value":972},{"Length":40,"Height":1,"Demand":2,"DemandMax":null,"Value":40},{"Length":93,"Height":23,"Demand":1,"DemandMax":null,"Value":2139},{"Length":163,"Height":19,"Demand":1,"DemandMax":null,"Value":3097},{"Length":144,"Height":9,"Demand":1,"DemandMax":null,"Value":1296},{"Length":37,"Height":8,"Demand":1,"DemandMax":null,"Value":296},{"Length":25,"Height":55,"Demand":1,"DemandMax":null,"Value":1375},{"Length":1,"Height":5,"Demand":3,"DemandMax":null,"Value":5},{"Length":1,"Height":4,"Demand":5,"DemandMax":null,"Value":4},{"Length":38,"Height":1,"Demand":1,"DemandMax":null,"Value":38},{"Length":35,"Height":142,"Demand":1,"DemandMax":null,"Value":4970},{"Length":2,"Height":132,"Demand":1,"DemandMax":null,"Value":264},{"Length":104,"Height":127,"Demand":1,"DemandMax":null,"Value":13208},{"Length":227,"Height":83,"Demand":1,"DemandMax":null,"Value":18841},{"Length":1,"Height":35,"Demand":1,"DemandMax":null,"Value":35},{"Length":53,"Height":166,"Demand":1,"DemandMax":null,"Value":8798},{"Length":5,"Height":11,"Demand":1,"DemandMax":null,"Value":55},{"Length":4,"Height":5,"Demand":1,"DemandMax":null,"Value":20},{"Length":19,"Height":44,"Demand":1,"DemandMax":null,"Value":836},{"Length":36,"Height":156,"Demand":1,"DemandMax":null,"Value":5616},{"Length":2,"Height":41,"Demand":2,"DemandMax":null,"Value":82},{"Length":163,"Height":53,"Demand":1,"DemandMax":null,"Value":8639},{"Length":12,"Height":33,"Demand":1,"DemandMax":null,"Value":396},{"Length":212,"Height":2,"Demand":1,"DemandMax":null,"Value":424},{"Length":227,"Height":88,"Demand":1,"DemandMax":null,"Value":19976},{"Length":13,"Height":132,"Demand":1,"DemandMax":null,"Value":1716},{"Length":48,"Height":16,"Demand":1,"DemandMax":null,"Value":768},{"Length":31,"Height":56,"Demand":1,"DemandMax":null,"Value":1736},{"Length":36,"Height":1,"Demand":4,"DemandMax":null,"Value":36},{"Length":69,"Height":11,"Demand":1,"DemandMax":null,"Value":759},{"Length":12,"Height":62,"Demand":1,"DemandMax":null,"Value":744},{"Length":227,"Height":9,"Demand":1,"DemandMax":null,"Value":2043},{"Length":5,"Height":17,"Demand":1,"DemandMax":null,"Value":85},{"Length":18,"Height":49,"Demand":1,"DemandMax":null,"Value":882},{"Length":10,"Height":197,"Demand":1,"DemandMax":null,"Value":1970},{"Length":163,"Height":94,"Demand":1,"DemandMax":null,"Value":15322},{"Length":4,"Height":1,"Demand":2,"DemandMax":null,"Value":4},{"Length":12,"Height":45,"Demand":1,"DemandMax":null,"Value":540},{"Length":227,"Height":13,"Demand":2,"DemandMax":null,"Value":2951},{"Length":105,"Height":62,"Demand":1,"DemandMax":null,"Value":6510},{"Length":32,"Height":4,"Demand":1,"DemandMax":null,"Value":128},{"Length":1,"Height":99,"Demand":1,"DemandMax":null,"Value":99},{"Length":7,"Height":31,"Demand":1,"DemandMax":null,"Value":217},{"Length":2,"Height":57,"Demand":1,"DemandMax":null,"Value":114},{"Length":32,"Height":31,"Demand":1,"DemandMax":null,"Value":992},{"Length":10,"Height":98,"Demand":1,"DemandMax":null,"Value":980},{"Length":5,"Height":41,"Demand":1,"DemandMax":null,"Value":205},{"Length":93,"Height":2,"Demand":1,"DemandMax":null,"Value":186},{"Length":43,"Height":8,"Demand":2,"DemandMax":null,"Value":344},{"Length":52,"Height":1,"Demand":1,"DemandMax":null,"Value":52},{"Length":63,"Height":158,"Demand":1,"DemandMax":null,"Value":9954},{"Length":59,"Height":1,"Demand":1,"DemandMax":null,"Value":59},{"Length":1,"Height":19,"Demand":1,"DemandMax":null,"Value":19},{"Length":6,"Height":19,"Demand":1,"DemandMax":null,"Value":114},{"Length":221,"Height":79,"Demand":1,"DemandMax":null,"Value":17459},{"Length":11,"Height":1,"Demand":2,"DemandMax":null,"Value":11},{"Length":1,"Height":44,"Demand":1,"DemandMax":null,"Value":44},{"Length":68,"Height":8,"Demand":1,"DemandMax":null,"Value":544},{"Length":31,"Height":101,"Demand":1,"DemandMax":null,"Value":3131},{"Length":24,"Height":1,"Demand":1,"DemandMax":null,"Value":24},{"Length":35,"Height":59,"Demand":1,"DemandMax":null,"Value":2065},{"Length":86,"Height":66,"Demand":1,"DemandMax":null,"Value":5676},{"Length":92,"Height":168,"Demand":1,"DemandMax":null,"Value":15456},{"Length":9,"Height":174,"Demand":1,"DemandMax":null,"Value":1566},{"Length":63,"Height":1,"Demand":1,"DemandMax":null,"Value":63},{"Length":20,"Height":8,"Demand":1,"DemandMax":null,"Value":160},{"Length":1,"Height":69,"Demand":1,"DemandMax":null,"Value":69},{"Length":36,"Height":7,"Demand":1,"DemandMax":null,"Value":252},{"Length":6,"Height":48,"Demand":1,"DemandMax":null,"Value":288},{"Length":16,"Height":21,"Demand":1,"DemandMax":null,"Value":336},{"Length":41,"Height":41,"Demand":1,"DemandMax":null,"Value":1681},{"Length":113,"Height":4,"Demand":1,"DemandMax":null,"Value":452},{"Length":14,"Height":1,"Demand":3,"DemandMax":null,"Value":14},{"Length":13,"Height":134,"Demand":1,"DemandMax":null,"Value":1742},{"Length":4,"Height":10,"Demand":1,"DemandMax":null,"Value":40},{"Length":1,"Height":174,"Demand":2,"DemandMax":null,"Value":174},{"Length":68,"Height":7,"Demand":1,"DemandMax":null,"Value":476},{"Length":1,"Height":48,"Demand":1,"DemandMax":null,"Value":48},{"Length":163,"Height":12,"Demand":1,"DemandMax":null,"Value":1956},{"Length":45,"Height":37,"Demand":1,"DemandMax":null,"Value":1665},{"Length":22,"Height":1,"Demand":2,"DemandMax":null,"Value":22},{"Length":6,"Height":49,"Demand":1,"DemandMax":null,"Value":294},{"Length":8,"Height":37,"Demand":1,"DemandMax":null,"Value":296},{"Length":5,"Height":46,"Demand":1,"DemandMax":null,"Value":230},{"Length":227,"Height":2,"Demand":1,"DemandMax":null,"Value":454},{"Length":2,"Height":18,"Demand":1,"DemandMax":null,"Value":36},{"Length":26,"Height":20,"Demand":1,"DemandMax":null,"Value":520},{"Length":7,"Height":240,"Demand":1,"DemandMax":null,"Value":1680},{"Length":58,"Height":1,"Demand":1,"DemandMax":null,"Value":58},{"Length":1,"Height":110,"Demand":1,"DemandMax":null,"Value":110},{"Length":3,"Height":9,"Demand":1,"DemandMax":null,"Value":27},{"Length":32,"Height":32,"Demand":1,"DemandMax":null,"Value":1024},{"Length":217,"Height":7,"Demand":1,"DemandMax":null,"Value":1519},{"Length":79,"Height":61,"Demand":1,"DemandMax":null,"Value":4819},{"Length":2,"Height":66,"Demand":1,"DemandMax":null,"Value":132},{"Length":86,"Height":156,"Demand":1,"DemandMax":null,"Value":13416},{"Length":45,"Height":156,"Demand":1,"DemandMax":null,"Value":7020},{"Length":28,"Height":16,"Demand":1,"DemandMax":null,"Value":448},{"Length":68,"Height":1,"Demand":2,"DemandMax":null,"Value":68},{"Length":32,"Height":66,"Demand":1,"DemandMax":null,"Value":2112},{"Length":44,"Height":41,"Demand":1,"DemandMax":null,"Value":1804},{"Length":6,"Height":15,"Demand":1,"DemandMax":null,"Value":90},{"Length":10,"Height":41,"Demand":1,"DemandMax":null,"Value":410},{"Length":22,"Height":33,"Demand":1,"DemandMax":null,"Value":726},{"Length":3,"Height":15,"Demand":1,"DemandMax":null,"Value":45},{"Length":5,"Height":44,"Demand":1,"DemandMax":null,"Value":220},{"Length":13,"Height":15,"Demand":1,"DemandMax":null,"Value":195},{"Length":13,"Height":40,"Demand":1,"DemandMax":null,"Value":520},{"Length":3,"Height":3,"Demand":2,"DemandMax":null,"Value":9},{"Length":1,"Height":11,"Demand":2,"DemandMax":null,"Value":11},{"Length":119,"Height":2,"Demand":1,"DemandMax":null,"Value":238},{"Length":28,"Height":10,"Demand":1,"DemandMax":null,"Value":280},{"Length":37,"Height":15,"Demand":1,"DemandMax":null,"Value":555},{"Length":5,"Height":7,"Demand":2,"DemandMax":null,"Value":35},{"Length":1,"Height":60,"Demand":1,"DemandMax":null,"Value":60},{"Length":31,"Height":1,"Demand":1,"DemandMax":null,"Value":31},{"Length":3,"Height":11,"Demand":1,"DemandMax":null,"Value":33},{"Length":35,"Height":16,"Demand":1,"DemandMax":null,"Value":560},{"Length":11,"Height":9,"Demand":1,"DemandMax":null,"Value":99},{"Length":2,"Height":12,"Demand":1,"DemandMax":null,"Value":24},{"Length":43,"Height":41,"Demand":1,"DemandMax":null,"Value":1763},{"Length":66,"Height":151,"Demand":1,"DemandMax":null,"Value":9966},{"Length":1,"Height":211,"Demand":1,"DemandMax":null,"Value":211},{"Length":1,"Height":132,"Demand":1,"DemandMax":null,"Value":132},{"Length":2,"Height":2,"Demand":1,"DemandMax":null,"Value":4},{"Length":69,"Height":178,"Demand":1,"DemandMax":null,"Value":12282},{"Length":41,"Height":14,"Demand":1,"DemandMax":null,"Value":574},{"Length":107,"Height":21,"Demand":1,"DemandMax":null,"Value":2247},{"Length":2,"Height":11,"Demand":1,"DemandMax":null,"Value":22},{"Length":67,"Height":3,"Demand":1,"DemandMax":null,"Value":201},{"Length":55,"Height":17,"Demand":1,"DemandMax":null,"Value":935},{"Length":13,"Height":1,"Demand":1,"DemandMax":null,"Value":13},{"Length":1,"Height":21,"Demand":1,"DemandMax":null,"Value":21},{"Length":35,"Height":49,"Demand":1,"DemandMax":null,"Value":1715},{"Length":1,"Height":46,"Demand":1,"DemandMax":null,"Value":46},{"Length":2,"Height":55,"Demand":1,"DemandMax":null,"Value":110},{"Length":1,"Height":20,"Demand":2,"DemandMax":null,"Value":20},{"Length":15,"Height":21,"Demand":1,"DemandMax":null,"Value":315},{"Length":1,"Height":61,"Demand":3,"DemandMax":null,"Value":61},{"Length":6,"Height":24,"Demand":1,"DemandMax":null,"Value":144},{"Length":4,"Height":15,"Demand":1,"DemandMax":null,"Value":60},{"Length":1,"Height":9,"Demand":1,"DemandMax":null,"Value":9},{"Length":26,"Height":2,"Demand":1,"DemandMax":null,"Value":52},{"Length":5,"Height":6,"Demand":1,"DemandMax":null,"Value":30},{"Length":15,"Height":20,"Demand":1,"DemandMax":null,"Value":300},{"Length":88,"Height":24,"Demand":1,"DemandMax":null,"Value":2112},{"Length":30,"Height":1,"Demand":1,"DemandMax":null,"Value":30},{"Length":24,"Height":50,"Demand":1,"DemandMax":null,"Value":1200},{"Length":38,"Height":46,"Demand":1,"DemandMax":null,"Value":1748},{"Length":2,"Height":3,"Demand":1,"DemandMax":null,"Value":6},{"Length":81,"Height":31,"Demand":1,"DemandMax":null,"Value":2511},{"Length":18,"Height":4,"Demand":1,"DemandMax":null,"Value":72},{"Length":111,"Height":1,"Demand":1,"DemandMax":null,"Value":111},{"Length":172,"Height":3,"Demand":1,"DemandMax":null,"Value":516},{"Length":5,"Height":130,"Demand":1,"DemandMax":null,"Value":650},{"Length":1,"Height":148,"Demand":1,"DemandMax":null,"Value":148},{"Length":31,"Height":41,"Demand":1,"DemandMax":null,"Value":1271},{"Length":25,"Height":22,"Demand":1,"DemandMax":null,"Value":550},{"Length":32,"Height":1,"Demand":1,"DemandMax":null,"Value":32},{"Length":28,"Height":133,"Demand":1,"DemandMax":null,"Value":3724},{"Length":94,"Height":70,"Demand":1,"DemandMax":null,"Value":6580},{"Length":114,"Height":171,"Demand":1,"DemandMax":null,"Value":19494},{"Length":6,"Height":56,"Demand":1,"DemandMax":null,"Value":336},{"Length":67,"Height":2,"Demand":1,"DemandMax":null,"Value":134},{"Length":1,"Height":15,"Demand":2,"DemandMax":null,"Value":15},{"Length":28,"Height":29,"Demand":1,"DemandMax":null,"Value":812},{"Length":5,"Height":26,"Demand":1,"DemandMax":null,"Value":130},{"Length":44,"Height":33,"Demand":1,"DemandMax":null,"Value":1452},{"Length":9,"Height":1,"Demand":1,"DemandMax":null,"Value":9},{"Length":146,"Height":20,"Demand":1,"DemandMax":null,"Value":2920},{"Length":13,"Height":4,"Demand":1,"DemandMax":null,"Value":52},{"Length":2,"Height":49,"Demand":1,"DemandMax":null,"Value":98},{"Length":25,"Height":11,"Demand":1,"DemandMax":null,"Value":275},{"Length":154,"Height":6,"Demand":1,"DemandMax":null,"Value":924},{"Length":82,"Height":1,"Demand":1,"DemandMax":null,"Value":82},{"Length":4,"Height":55,"Demand":1,"DemandMax":null,"Value":220},{"Length":3,"Height":40,"Demand":1,"DemandMax":null,"Value":120},{"Length":5,"Height":30,"Demand":1,"DemandMax":null,"Value":150},{"Length":166,"Height":1,"Demand":1,"DemandMax":null,"Value":166},{"Length":21,"Height":148,"Demand":1,"DemandMax":null,"Value":3108},{"Length":13,"Height":133,"Demand":1,"DemandMax":null,"Value":1729},{"Length":12,"Height":114,"Demand":1,"DemandMax":null,"Value":1368},{"Length":139,"Height":15,"Demand":1,"DemandMax":null,"Value":2085},{"Length":13,"Height":33,"Demand":1,"DemandMax":null,"Value":429},{"Length":2,"Height":20,"Demand":1,"DemandMax":null,"Value":40},{"Length":20,"Height":36,"Demand":1,"DemandMax":null,"Value":720},{"Length":60,"Height":2,"Demand":1,"DemandMax":null,"Value":120},{"Length":52,"Height":3,"Demand":1,"DemandMax":null,"Value":156},{"Length":163,"Height":1,"Demand":1,"DemandMax":null,"Value":163},{"Length":36,"Height":5,"Demand":1,"DemandMax":null,"Value":180},{"Length":8,"Height":95,"Demand":1,"DemandMax":null,"Value":760},{"Length":30,"Height":2,"Demand":1,"DemandMax":null,"Value":60},{"Length":37,"Height":26,"Demand":1,"DemandMax":null,"Value":962},{"Length":1,"Height":41,"Demand":1,"DemandMax":null,"Value":41},{"Length":6,"Height":9,"Demand":1,"DemandMax":null,"Value":54},{"Length":3,"Height":12,"Demand":1,"DemandMax":null,"Value":36},{"Length":3,"Height":66,"Demand":1,"DemandMax":null,"Value":198},{"Length":3,"Height":16,"Demand":1,"DemandMax":null,"Value":48},{"Length":5,"Height":43,"Demand":1,"DemandMax":null,"Value":215},{"Length":37,"Height":1,"Demand":1,"DemandMax":null,"Value":37},{"Length":60,"Height":101,"Demand":1,"DemandMax":null,"Value":6060},{"Length":21,"Height":5,"Demand":1,"DemandMax":null,"Value":105},{"Length":27,"Height":33,"Demand":1,"DemandMax":null,"Value":891},{"Length":3,"Height":6,"Demand":1,"DemandMax":null,"Value":18},{"Length":3,"Height":10,"Demand":1,"DemandMax":null,"Value":30},{"Length":4,"Height":13,"Demand":1,"DemandMax":null,"Value":52},{"Length":88,"Height":57,"Demand":1,"DemandMax":null,"Value":5016},{"Length":155,"Height":59,"Demand":1,"DemandMax":null,"Value":9145},{"Length":8,"Height":8,"Demand":1,"DemandMax":null,"Value":64},{"Length":120,"Height":2,"Demand":1,"DemandMax":null,"Value":240},{"Length":1,"Height":178,"Demand":1,"DemandMax":null,"Value":178},{"Length":1,"Height":26,"Demand":1,"DemandMax":null,"Value":26},{"Length":7,"Height":40,"Demand":1,"DemandMax":null,"Value":280},{"Length":4,"Height":8,"Demand":1,"DemandMax":null,"Value":32},{"Length":3,"Height":57,"Demand":1,"DemandMax":null,"Value":171},{"Length":64,"Height":70,"Demand":1,"DemandMax":null,"Value":4480},{"Length":56,"Height":1,"Demand":1,"DemandMax":null,"Value":56},{"Length":59,"Height":16,"Demand":1,"DemandMax":null,"Value":944}]}