{"Name":"Path500i2b3","Objects":[{"Length":1000,"Height":685,"Stock":3,"Cost":685000},{"Length":1000,"Height":315,"Stock":4,"Cost":315000}],"Items":[{"Length":218,"Height":242,"Demand":1,"DemandMax":null,"Value":52756},{"Length":30,"Height":10,"Demand":1,"DemandMax":null,"Value":300},{"Length":114,"Height":62,"Demand":1,"DemandMax":null,"Value":7068},{"Length":61,"Height":61,"Demand":1,"DemandMax":null,"Value":3721},{"Length":218,"Height":27,"Demand":1,"DemandMax":null,"Value":5886},{"Length":243,"Height":1,"Demand":1,"DemandMax":null,"Value":243},{"Length":39,"Height":9,"Demand":1,"DemandMax":null,"Value":351},{"Length":95,"Height":86,"Demand":1,"DemandMax":null,"Value":8170},{"Length":250,"Height":4,"Demand":1,"DemandMax":null,"Value":1000},{"Length":5,"Height":93,"Demand":1,"DemandMax":null,"Value":465},{"Length":1,"Height":18,"Demand":3,"DemandMax":null,"Value":18},{"Length":73,"Height":42,"Demand":1,"DemandMax":null,"Value":3066},{"Length":24,"Height":3,"Demand":1,"DemandMax":null,"Value":72},{"Length":69,"Height":42,"Demand":1,"DemandMax":null,"Value":2898},{"Length":209,"Height":62,"Demand":1,"DemandMax":null,"Value":12958},{"Length":64,"Height":17,"Demand":1,"DemandMax":null,"Value":1088},{"Length":83,"Height":64,"Demand":1,"DemandMax":null,"Value":5312},{"Length":20,"Height":101,"Demand":1,"DemandMax":null,"Value":2020},{"Length":45,"Height":11,"Demand":1,"DemandMax":null,"Value":495},{"Length":10,"Height":1,"Demand":1,"DemandMax":null,"Value":10},{"Length":158,"Height":44,"Demand":1,"DemandMax":null,"Value":6952},{"Length":20,"Height":278,"Demand":1,"DemandMax":null,"Value":5560},{"Length":44,"Height":48,"Demand":1,"DemandMax":null,"Value":2112},{"Length":1,"Height":28,"Demand":1,"DemandMax":null,"Value":28},{"Length":160,"Height":3,"Demand":1,"DemandMax":null,"Value":480},{"Length":103,"Height":21,"Demand":1,"DemandMax":null,"Value":2163},{"Length":27,"Height":5,"Demand":1,"DemandMax":null,"Value":135},{"Length":17,"Height":131,"Demand":1,"DemandMax":null,"Value":2227},{"Length":287,"Height":15,"Demand":1,"DemandMax":null,"Value":4305},{"Length":287,"Height":11,"Demand":1,"DemandMax":null,"Value":3157},{"Length":293,"Height":3,"Demand":1,"DemandMax":null,"Value":879},{"Length":218,"Height":1,"Demand":2,"DemandMax":null,"Value":218},{"Length":65,"Height":186,"Demand":1,"DemandMax":null,"Value":12090},{"Length":97,"Height":17,"Demand":2,"DemandMax":null,"Value":1649},{"Length":49,"Height":5,"Demand":1,"DemandMax":null,"Value":245},{"Length":195,"Height":42,"Demand":1,"DemandMax":null,"Value":8190},{"Length":3,"Height":14,"Demand":1,"DemandMax":null,"Value":42},{"Length":293,"Height":115,"Demand":1,"DemandMax":null,"Value":33695},{"Length":164,"Height":3,"Demand":1,"DemandMax":null,"Value":492},{"Length":5,"Height":13,"Demand":1,"DemandMax":null,"Value":65},{"Length":19,"Height":2,"Demand":1,"DemandMax":null,"Value":38},{"Length":1,"Height":1,"Demand":36,"DemandMax":null,"Value":1},{"Length":12,"Height":81,"Demand":1,"DemandMax":null,"Value":972},{"Length":9,"Height":1,"Demand":4,"DemandMax":null,"Value":9},{"Length":6,"Height":209,"Demand":1,"DemandMax":null,"Value":1254},{"Length":14,"Height":87,"Demand":1,"DemandMax":null,"Value":1218},{"Length":91,"Height":16,"Demand":1,"DemandMax":null,"Value":1456},{"Length":14,"Height":126,"Demand":1,"DemandMax":null,"Value":1764},{"Length":27,"Height":1,"Demand":3,"DemandMax":null,"Value":27},{"Length":287,"Height":7,"Demand":1,"DemandMax":null,"Value":2009},{"Length":59,"Height":7,"Demand":1,"DemandMax":null,"Value":413},{"Length":79,"Height":12,"Demand":1,"DemandMax":null,"Value":948},{"Length":47,"Height":108,"Demand":1,"DemandMax":null,"Value":5076},{"Length":15,"Height":9,"Demand":1,"DemandMax":null,"Value":135},{"Length":53,"Height":163,"Demand":1,"DemandMax":null,"Value":8639},{"Length":93,"Height":273,"Demand":1,"DemandMax":null,"Value":25389},{"Length":3,"Height":40,"Demand":1,"DemandMax":null,"Value":120},{"Length":175,"Height":6,"Demand":1,"DemandMax":null,"Value":1050},{"Length":127,"Height":50,"Demand":1,"DemandMax":null,"Value":6350},{"Length":100,"Height":4,"Demand":1,"DemandMax":null,"Value":400},{"Length":22,"Height":51,"Demand":1,"DemandMax":null,"Value":1122},{"Length":144,"Height":1,"Demand":2,"DemandMax":null,"Value":144},{"Length":101,"Height":255,"Demand":1,"DemandMax":null,"Value":25755},{"Length":1,"Height":117,"Demand":2,"DemandMax":null,"Value":117},{"Length":10,"Height":89,"Demand":1,"DemandMax":null,"Value":890},{"Length":99,"Height":1,"Demand":1,"DemandMax":null,"Value":99},{"Length":21,"Height":71,"Demand":1,"DemandMax":null,"Value":1491},{"Length":236,"Height":34,"Demand":1,"DemandMax":null,"Value":8024},{"Length":312,"Height":12,"Demand":1,"DemandMax":null,"Value":3744},{"Length":3,"Height":1,"Demand":10,"DemandMax":null,"Value":3},{"Length":4,"Height":6,"Demand":1,"DemandMax":null,"Value":24},{"Length":2,"Height":8,"Demand":3,"DemandMax":null,"Value":16},{"Length":49,"Height":6,"Demand":1,"DemandMax":null,"Value":294},{"Length":2,"Height":6,"Demand":3,"DemandMax":null,"Value":12},{"Length":14,"Height":17,"Demand":1,"DemandMax":null,"Value":238},{"Length":3,"Height":161,"Demand":1,"DemandMax":null,"Value":483},{"Length":85,"Height":64,"Demand":1,"DemandMax":null,"Value":5440},{"Length":1,"Height":4,"Demand":4,"DemandMax":null,"Value":4},{"Length":2,"Height":3,"Demand":3,"DemandMax":null,"Value":6},{"Length":3,"Height":11,"Demand":2,"DemandMax":null,"Value":33},{"Length":293,"Height":10,"Demand":1,"DemandMax":null,"Value":2930},{"Length":8,"Height":163,"Demand":1,"DemandMax":null,"Value":1304},{"Length":7,"Height":1,"Demand":4,"DemandMax":null,"Value":7},{"Length":5,"Height":186,"Demand":1,"DemandMax":null,"Value":930},{"Length":22,"Height":1,"Demand":2,"DemandMax":null,"Value":22},{"Length":42,"Height":23,"Demand":1,"DemandMax":null,"Value":966},{"Length":55,"Height":17,"Demand":1,"DemandMax":null,"Value":935},{"Length":1,"Height":8,"Demand":4,"DemandMax":null,"Value":8},{"Length":136,"Height":23,"Demand":1,"DemandMax":null,"Value":3128},{"Length":12,"Height":1,"Demand":5,"DemandMax":null,"Value":12},{"Length":123,"Height":86,"Demand":1,"DemandMax":null,"Value":10578},{"Length":7,"Height":160,"Demand":1,"DemandMax":null,"Value":1120},{"Length":15,"Height":148,"Demand":1,"DemandMax":null,"Value":2220},{"Length":1,"Height":5,"Demand":2,"DemandMax":null,"Value":5},{"Length":172,"Height":14,"Demand":1,"DemandMax":null,"Value":2408},{"Length":158,"Height":23,"Demand":1,"DemandMax":null,"Value":3634},{"Length":22,"Height":76,"Demand":1,"DemandMax":null,"Value":1672},{"Length":11,"Height":1,"Demand":2,"DemandMax":null,"Value":11},{"Length":39,"Height":1,"Demand":2,"DemandMax":null,"Value":39},{"Length":278,"Height":53,"Demand":1,"DemandMax":null,"Value":14734},{"Length":1,"Height":252,"Demand":4,"DemandMax":null,"Value":252},{"Length":76,"Height":28,"Demand":1,"DemandMax":null,"Value":2128},{"Length":14,"Height":315,"Demand":1,"DemandMax":null,"Value":4410},{"Length":6,"Height":69,"Demand":1,"DemandMax":null,"Value":414},{"Length":111,"Height":1,"Demand":3,"DemandMax":null,"Value":111},{"Length":1,"Height":2,"Demand":9,"DemandMax":null,"Value":2},{"Length":1,"Height":17,"Demand":1,"DemandMax":null,"Value":17},{"Length":15,"Height":4,"Demand":1,"DemandMax":null,"Value":60},{"Length":119,"Height":4,"Demand":1,"DemandMax":null,"Value":476},{"Length":16,"Height":17,"Demand":1,"DemandMax":null,"Value":272},{"Length":158,"Height":119,"Demand":1,"DemandMax":null,"Value":18802},{"Length":111,"Height":2,"Demand":1,"DemandMax":null,"Value":222},{"Length":2,"Height":163,"Demand":1,"DemandMax":null,"Value":326},{"Length":24,"Height":2,"Demand":1,"DemandMax":null,"Value":48},{"Length":42,"Height":22,"Demand":1,"DemandMax":null,"Value":924},{"Length":16,"Height":2,"Demand":1,"DemandMax":null,"Value":32},{"Length":2,"Height":226,"Demand":1,"DemandMax":null,"Value":452},{"Length":3,"Height":42,"Demand":1,"DemandMax":null,"Value":126},{"Length":4,"Height":4,"Demand":1,"DemandMax":null,"Value":16},{"Length":130,"Height":5,"Demand":1,"DemandMax":null,"Value":650},{"Length":195,"Height":82,"Demand":1,"DemandMax":null,"Value":15990},{"Length":3,"Height":6,"Demand":1,"DemandMax":null,"Value":18},{"Length":7,"Height":6,"Demand":1,"DemandMax":null,"Value":42},{"Length":9,"Height":48,"Demand":1,"DemandMax":null,"Value":432},{"Length":1,"Height":6,"Demand":2,"DemandMax":null,"Value":6},{"Length":3,"Height":10,"Demand":1,"DemandMax":null,"Value":30},{"Length":14,"Height":1,"Demand":2,"DemandMax":null,"Value":14},{"Length":1,"Height":7,"Demand":3,"DemandMax":null,"Value":7},{"Length":7,"Height":9,"Demand":1,"DemandMax":null,"Value":63},{"Length":194,"Height":234,"Demand":1,"DemandMax":null,"Value":45396},{"Length":72,"Height":211,"Demand":1,"DemandMax":null,"Value":15192},{"Length":82,"Height":62,"Demand":1,"DemandMax":null,"Value":5084},{"Length":159,"Height":4,"Demand":1,"DemandMax":null,"Value":636},{"Length":312,"Height":3,"Demand":1,"DemandMax":null,"Value":936},{"Length":8,"Height":1,"Demand":4,"DemandMax":null,"Value":8},{"Length":130,"Height":6,"Demand":1,"DemandMax":null,"Value":780},{"Length":1,"Height":11,"Demand":1,"DemandMax":null,"Value":11},{"Length":10,"Height":8,"Demand":1,"DemandMax":null,"Value":80},{"Length":27,"Height":31,"Demand":1,"DemandMax":null,"Value":837},{"Length":20,"Height":1,"Demand":1,"DemandMax":null,"Value":20},{"Length":7,"Height":252,"Demand":1,"DemandMax":null,"Value":1764},{"Length":170,"Height":16,"Demand":1,"DemandMax":null,"Value":2720},{"Length":114,"Height":34,"Demand":1,"DemandMax":null,"Value":3876},{"Length":5,"Height":46,"Demand":1,"DemandMax":null,"Value":230},{"Length":2,"Height":12,"Demand":1,"DemandMax":null,"Value":24},{"Length":5,"Height":205,"Demand":1,"DemandMax":null,"Value":1025},{"Length":16,"Height":269,"Demand":1,"DemandMax":null,"Value":4304},{"Length":70,"Height":10,"Demand":1,"DemandMax":null,"Value":700},{"Length":19,"Height":46,"Demand":1,"DemandMax":null,"Value":874},{"Length":28,"Height":9,"Demand":1,"DemandMax":null,"Value":252},{"Length":140,"Height":5,"Demand":1,"DemandMax":null,"Value":700},{"Length":164,"Height":8,"Demand":1,"DemandMax":null,"Value":1312},{"Length":127,"Height":37,"Demand":1,"DemandMax":null,"Value":4699},{"Length":10,"Height":76,"Demand":1,"DemandMax":null,"Value":760},{"Length":312,"Height":1,"Demand":2,"DemandMax":null,"Value":312},{"Length":1,"Height":13,"Demand":1,"DemandMax":null,"Value":13},{"Length":214,"Height":151,"Demand":1,"DemandMax":null,"Value":32314},{"Length":2,"Height":130,"Demand":1,"DemandMax":null,"Value":260},{"Length":2,"Height":120,"Demand":1,"DemandMax":null,"Value":240},{"Length":3,"Height":5,"Demand":2,"DemandMax":null,"Value":15},{"Length":312,"Height":2,"Demand":1,"DemandMax":null,"Value":624},{"Length":20,"Height":4,"Demand":1,"DemandMax":null,"Value":80},{"Length":30,"Height":180,"Demand":1,"DemandMax":null,"Value":5400},{"Length":6,"Height":12,"Demand":2,"DemandMax":null,"Value":72},{"Length":105,"Height":2,"Demand":2,"DemandMax":null,"Value":210},{"Length":45,"Height":6,"Demand":1,"DemandMax":null,"Value":270},{"Length":67,"Height":62,"Demand":1,"DemandMax":null,"Value":4154},{"Length":28,"Height":12,"Demand":1,"DemandMax":null,"Value":336},{"Length":24,"Height":68,"Demand":1,"DemandMax":null,"Value":1632},{"Length":3,"Height":46,"Demand":1,"DemandMax":null,"Value":138},{"Length":90,"Height":1,"Demand":1,"DemandMax":null,"Value":90},{"Length":194,"Height":136,"Demand":1,"DemandMax":null,"Value":26384},{"Length":11,"Height":35,"Demand":1,"DemandMax":null,"Value":385},{"Length":20,"Height":8,"Demand":2,"DemandMax":null,"Value":160},{"Length":193,"Height":154,"Demand":1,"DemandMax":null,"Value":29722},{"Length":301,"Height":261,"Demand":1,"DemandMax":null,"Value":78561},{"Length":116,"Height":126,"Demand":1,"DemandMax":null,"Value":14616},{"Length":19,"Height":16,"Demand":1,"DemandMax":null,"Value":304},{"Length":25,"Height":46,"Demand":1,"DemandMax":null,"Value":1150},{"Length":159,"Height":1,"Demand":2,"DemandMax":null,"Value":159},{"Length":3,"Height":43,"Demand":1,"DemandMax":null,"Value":129},{"Length":127,"Height":15,"Demand":1,"DemandMax":null,"Value":1905},{"Length":112,"Height":6,"Demand":1,"DemandMax":null,"Value":672},{"Length":3,"Height":185,"Demand":1,"DemandMax":null,"Value":555},{"Length":5,"Height":1,"Demand":6,"DemandMax":null,"Value":5},{"Length":1,"Height":12,"Demand":1,"DemandMax":null,"Value":12},{"Length":126,"Height":2,"Demand":1,"DemandMax":null,"Value":252},{"Length":13,"Height":18,"Demand":1,"DemandMax":null,"Value":234},{"Length":4,"Height":1,"Demand":4,"DemandMax":null,"Value":4},{"Length":2,"Height":1,"Demand":9,"DemandMax":null,"Value":2},{"Length":60,"Height":109,"Demand":1,"DemandMax":null,"Value":6540},{"Length":78,"Height":1,"Demand":1,"DemandMax":null,"Value":78},{"Length":27,"Height":18,"Demand":1,"DemandMax":null,"Value":486},{"Length":283,"Height":6,"Demand":1,"DemandMax":null,"Value":1698},{"Length":3,"Height":9,"Demand":3,"DemandMax":null,"Value":27},{"Length":62,"Height":163,"Demand":1,"DemandMax":null,"Value":10106},{"Length":301,"Height":47,"Demand":1,"DemandMax":null,"Value":14147},{"Length":130,"Height":2,"Demand":1,"DemandMax":null,"Value":260},{"Length":41,"Height":17,"Demand":1,"DemandMax":null,"Value":697},{"Length":22,"Height":7,"Demand":1,"DemandMax":null,"Value":154},{"Length":49,"Height":14,"Demand":1,"DemandMax":null,"Value":686},{"Length":2,"Height":275,"Demand":1,"DemandMax":null,"Value":550},{"Length":2,"Height":46,"Demand":1,"DemandMax":null,"Value":92},{"Length":8,"Height":3,"Demand":1,"DemandMax":null,"Value":24},{"Length":7,"Height":2,"Demand":1,"DemandMax":null,"Value":14},{"Length":1,"Height":101,"Demand":2,"DemandMax":null,"Value":101},{"Length":16,"Height":46,"Demand":1,"DemandMax":null,"Value":736},{"Length":23,"Height":1,"Demand":1,"DemandMax":null,"Value":23},{"Length":19,"Height":186,"Demand":1,"DemandMax":null,"Value":3534},{"Length":5,"Height":2,"Demand":1,"DemandMax":null,"Value":10},{"Length":1,"Height":9,"Demand":4,"DemandMax":null,"Value":9},{"Length":22,"Height":88,"Demand":1,"DemandMax":null,"Value":1936},{"Length":287,"Height":21,"Demand":1,"DemandMax":null,"Value":6027},{"Length":49,"Height":7,"Demand":1,"DemandMax":null,"Value":343},{"Length":27,"Height":8,"Demand":1,"DemandMax":null,"Value":216},{"Length":5,"Height":21,"Demand":1,"DemandMax":null,"Value":105},{"Length":114,"Height":11,"Demand":1,"DemandMax":null,"Value":1254},{"Length":19,"Height":147,"Demand":1,"DemandMax":null,"Value":2793},{"Length":104,"Height":1,"Demand":1,"DemandMax":null,"Value":104},{"Length":3,"Height":7,"Demand":1,"DemandMax":null,"Value":21},{"Length":5,"Height":18,"Demand":1,"DemandMax":null,"Value":90},{"Length":4,"Height":78,"Demand":1,"DemandMax":null,"Value":312},{"Length":12,"Height":17,"Demand":1,"DemandMax":null,"Value":204},{"Length":11,"Height":29,"Demand":1,"DemandMax":null,"Value":319},{"Length":1,"Height":3,"Demand":3,"DemandMax":null,"Value":3},{"Length":30,"Height":12,"Demand":1,"DemandMax":null,"Value":360},{"Length":1,"Height":179,"Demand":1,"DemandMax":null,"Value":179},{"Length":7,"Height":93,"Demand":1,"DemandMax":null,"Value":651},{"Length":3,"Height":49,"Demand":1,"DemandMax":null,"Value":147},{"Length":8,"Height":6,"Demand":2,"DemandMax":null,"Value":48},{"Length":9,"Height":3,"Demand":1,"DemandMax":null,"Value":27},{"Length":6,"Height":1,"Demand":2,"DemandMax":null,"Value":6},{"Length":195,"Height":19,"Demand":1,"DemandMax":null,"Value":3705},{"Length":3,"Height":2,"Demand":2,"DemandMax":null,"Value":6},{"Length":22,"Height":130,"Demand":1,"DemandMax":null,"Value":2860},{"Length":15,"Height":1,"Demand":1,"DemandMax":null,"Value":15},{"Length":228,"Height":16,"Demand":1,"DemandMax":null,"Value":3648},{"Length":22,"Height":12,"Demand":1,"DemandMax":null,"Value":264},{"Length":187,"Height":153,"Demand":1,"DemandMax":null,"Value":28611},{"Length":15,"Height":186,"Demand":1,"DemandMax":null,"Value":2790},{"Length":46,"Height":1,"Demand":1,"DemandMax":null,"Value":46},{"Length":7,"Height":3,"Demand":1,"DemandMax":null,"Value":21},{"Length":27,"Height":16,"Demand":1,"DemandMax":null,"Value":432},{"Length":3,"Height":15,"Demand":1,"DemandMax":null,"Value":45},{"Length":36,"Height":1,"Demand":1,"DemandMax":null,"Value":36},{"Length":24,"Height":29,"Demand":2,"DemandMax":null,"Value":696},{"Length":17,"Height":1,"Demand":3,"DemandMax":null,"Value":17},{"Length":9,"Height":4,"Demand":1,"DemandMax":null,"Value":36},{"Length":293,"Height":1,"Demand":1,"DemandMax":null,"Value":293},{"Length":82,"Height":44,"Demand":1,"DemandMax":null,"Value":3608},{"Length":10,"Height":14,"Demand":1,"DemandMax":null,"Value":140},{"Length":22,"Height":5,"Demand":1,"DemandMax":null,"Value":110},{"Length":114,"Height":1,"Demand":1,"DemandMax":null,"Value":114},{"Length":32,"Height":273,"Demand":1,"DemandMax":null,"Value":8736},{"Length":25,"Height":101,"Demand":1,"DemandMax":null,"Value":2525},{"Length":35,"Height":1,"Demand":3,"DemandMax":null,"Value":35},{"Length":1,"Height":42,"Demand":1,"DemandMax":null,"Value":42},{"Length":81,"Height":17,"Demand":1,"DemandMax":null,"Value":1377},{"Length":3,"Height":12,"Demand":2,"DemandMax":null,"Value":36},{"Length":30,"Height":71,"Demand":1,"DemandMax":null,"Value":2130},{"Length":10,"Height":28,"Demand":1,"DemandMax":null,"Value":280},{"Length":121,"Height":17,"Demand":1,"DemandMax":null,"Value":2057},{"Length":140,"Height":1,"Demand":1,"DemandMax":null,"Value":140},{"Length":60,"Height":1,"Demand":1,"DemandMax":null,"Value":60},{"Length":49,"Height":17,"Demand":1,"DemandMax":null,"Value":833},{"Length":6,"Height":87,"Demand":1,"DemandMax":null,"Value":522},{"Length":3,"Height":126,"Demand":1,"DemandMax":null,"Value":378},{"Length":1,"Height":197,"Demand":1,"DemandMax":null,"Value":197},{"Length":2,"Height":15,"Demand":1,"DemandMax":null,"Value":30},{"Length":48,"Height":3,"Demand":2,"DemandMax":null,"Value":144},{"Length":3,"Height":13,"Demand":1,"DemandMax":null,"Value":39},{"Length":3,"Height":28,"Demand":1,"DemandMax":null,"Value":84},{"Length":8,"Height":8,"Demand":1,"DemandMax":null,"Value":64},{"Length":15,"Height":108,"Demand":1,"DemandMax":null,"Value":1620},{"Length":2,"Height":60,"Demand":1,"DemandMax":null,"Value":120},{"Length":236,"Height":37,"Demand":1,"DemandMax":null,"Value":8732},{"Length":4,"Height":87,"Demand":1,"DemandMax":null,"Value":348},{"Length":19,"Height":6,"Demand":1,"DemandMax":null,"Value":114},{"Length":14,"Height":23,"Demand":1,"DemandMax":null,"Value":322},{"Length":195,"Height":127,"Demand":1,"DemandMax":null,"Value":24765},{"Length":32,"Height":23,"Demand":1,"DemandMax":null,"Value":736},{"Length":209,"Height":45,"Demand":1,"DemandMax":null,"Value":9405},{"Length":7,"Height":88,"Demand":2,"DemandMax":null,"Value":616},{"Length":1,"Height":75,"Demand":1,"DemandMax":null,"Value":75},{"Length":8,"Height":18,"Demand":1,"DemandMax":null,"Value":144},{"Length":283,"Height":15,"Demand":1,"DemandMax":null,"Value":4245},{"Length":258,"Height":2,"Demand":1,"DemandMax":null,"Value":516},{"Length":5,"Height":88,"Demand":1,"DemandMax":null,"Value":440},{"Length":187,"Height":120,"Demand":1,"DemandMax":null,"Value":22440},{"Length":190,"Height":161,"Demand":1,"DemandMax":null,"Value":30590},{"Length":14,"Height":2,"Demand":1,"DemandMax":null,"Value":28},{"Length":30,"Height":113,"Demand":1,"DemandMax":null,"Value":3390},{"Length":1,"Height":129,"Demand":1,"DemandMax":null,"Value":129},{"Length":13,"Height":109,"Demand":1,"DemandMax":null,"Value":1417},{"Length":1,"Height":10,"Demand":1,"DemandMax":null,"Value":10},{"Length":5,"Height":23,"Demand":1,"DemandMax":null,"Value":115},{"Length":46,"Height":22,"Demand":1,"DemandMax":null,"Value":1012},{"Length":1,"Height":15,"Demand":1,"DemandMax":null,"Value":15},{"Length":12,"Height":2,"Demand":1,"DemandMax":null,"Value":24},{"Length":13,"Height":26,"Demand":1,"DemandMax":null,"Value":338},{"Length":45,"Height":1,"Demand":1,"DemandMax":null,"Value":45},{"Length":22,"Height":2,"Demand":1,"DemandMax":null,"Value":44},{"Length":53,"Height":88,"Demand":1,"DemandMax":null,"Value":4664},{"Length":44,"Height":43,"Demand":1,"DemandMax":null,"Value":1892},{"Length":6,"Height":9,"Demand":1,"DemandMax":null,"Value":54},{"Length":24,"Height":23,"Demand":1,"DemandMax":null,"Value":552},{"Length":7,"Height":55,"Demand":1,"DemandMax":null,"Value":385},{"Length":23,"Height":22,"Demand":1,"DemandMax":null,"Value":506},{"Length":4,"Height":186,"Demand":1,"DemandMax":null,"Value":744},{"Length":140,"Height":11,"Demand":1,"DemandMax":null,"Value":1540},{"Length":218,"Height":2,"Demand":1,"DemandMax":null,"Value":436},{"Length":23,"Height":3,"Demand":1,"DemandMax":null,"Value":69},{"Length":20,"Height":2,"Demand":1,"DemandMax":null,"Value":40},{"Length":95,"Height":7,"Demand":1,"DemandMax":null,"Value":665},{"Length":9,"Height":53,"Demand":1,"DemandMax":null,"Value":477},{"Length":15,"Height":94,"Demand":1,"DemandMax":null,"Value":1410},{"Length":127,"Height":4,"Demand":1,"DemandMax":null,"Value":508},{"Length":16,"Height":11,"Demand":1,"DemandMax":null,"Value":176},{"Length":5,"Height":160,"Demand":1,"DemandMax":null,"Value":800},{"Length":11,"Height":36,"Demand":1,"DemandMax":null,"Value":396},{"Length":14,"Height":4,"Demand":1,"DemandMax":null,"Value":56},{"Length":30,"Height":16,"Demand":1,"DemandMax":null,"Value":480},{"Length":123,"Height":2,"Demand":1,"DemandMax":null,"Value":246},{"Length":13,"Height":23,"Demand":1,"DemandMax":null,"Value":299},{"Length":10,"Height":160,"Demand":1,"DemandMax":null,"Value":1600},{"Length":153,"Height":17,"Demand":1,"DemandMax":null,"Value":2601},{"Length":5,"Height":3,"Demand":1,"DemandMax":null,"Value":15},{"Length":144,"Height":2,"Demand":1,"DemandMax":null,"Value":288},{"Length":187,"Height":62,"Demand":1,"DemandMax":null,"Value":11594},{"Length":1,"Height":60,"Demand":1,"DemandMax":null,"Value":60},{"Length":52,"Height":26,"Demand":1,"DemandMax":null,"Value":1352},{"Length":20,"Height":18,"Demand":1,"DemandMax":null,"Value":360},{"Length":218,"Height":7,"Demand":1,"DemandMax":null,"Value":1526},{"Length":49,"Height":22,"Demand":1,"DemandMax":null,"Value":1078},{"Length":91,"Height":25,"Demand":1,"DemandMax":null,"Value":2275},{"Length":2,"Height":186,"Demand":1,"DemandMax":null,"Value":372},{"Length":67,"Height":1,"Demand":1,"DemandMax":null,"Value":67},{"Length":14,"Height":44,"Demand":1,"DemandMax":null,"Value":616},{"Length":18,"Height":1,"Demand":1,"DemandMax":null,"Value":18},{"Length":81,"Height":1,"Demand":1,"DemandMax":null,"Value":81},{"Length":99,"Height":16,"Demand":1,"DemandMax":null,"Value":1584},{"Length":34,"Height":1,"Demand":1,"DemandMax":null,"Value":34},{"Length":164,"Height":2,"Demand":1,"DemandMax":null,"Value":328},{"Length":27,"Height":6,"Demand":1,"DemandMax":null,"Value":162},{"Length":8,"Height":23,"Demand":1,"DemandMax":null,"Value":184},{"Length":4,"Height":44,"Demand":1,"DemandMax":null,"Value":176},{"Length":8,"Height":278,"Demand":1,"DemandMax":null,"Value":2224},{"Length":29,"Height":1,"Demand":1,"DemandMax":null,"Value":29},{"Length":1,"Height":86,"Demand":1,"DemandMax":null,"Value":86},{"Length":11,"Height":90,"Demand":1,"DemandMax":null,"Value":990},{"Length":5,"Height":163,"Demand":1,"DemandMax":null,"Value":815},{"Length":35,"Height":9,"Demand":1,"DemandMax":null,"Value":315},{"Length":11,"Height":128,"Demand":1,"DemandMax":null,"Value":1408},{"Length":46,"Height":185,"Demand":1,"DemandMax":null,"Value":8510},{"Length":9,"Height":10,"Demand":1,"DemandMax":null,"Value":90},{"Length":2,"Height":7,"Demand":1,"DemandMax":null,"Value":14},{"Length":176,"Height":23,"Demand":1,"DemandMax":null,"Value":4048},{"Length":76,"Height":122,"Demand":1,"DemandMax":null,"Value":9272},{"Length":99,"Height":45,"Demand":1,"DemandMax":null,"Value":4455},{"Length":13,"Height":1,"Demand":1,"DemandMax":null,"Value":13}]}