{"Name":"Nice400i5b2","Objects":[{"Length":462,"Height":1000,"Stock":3,"Cost":462000},{"Length":259,"Height":424,"Stock":5,"Cost":109816},{"Length":279,"Height":482,"Stock":5,"Cost":134478},{"Length":279,"Height":518,"Stock":1,"Cost":144522},{"Length":259,"Height":576,"Stock":2,"Cost":149184}],"Items":[{"Length":110,"Height":29,"Demand":1,"DemandMax":null,"Value":3190},{"Length":43,"Height":40,"Demand":1,"DemandMax":null,"Value":1720},{"Length":62,"Height":38,"Demand":2,"DemandMax":null,"Value":2356},{"Length":26,"Height":81,"Demand":1,"DemandMax":null,"Value":2106},{"Length":56,"Height":51,"Demand":1,"DemandMax":null,"Value":2856},{"Length":33,"Height":67,"Demand":2,"DemandMax":null,"Value":2211},{"Length":102,"Height":29,"Demand":1,"DemandMax":null,"Value":2958},{"Length":25,"Height":98,"Demand":2,"DemandMax":null,"Value":2450},{"Length":52,"Height":67,"Demand":1,"DemandMax":null,"Value":3484},{"Length":57,"Height":57,"Demand":2,"DemandMax":null,"Value":3249},{"Length":141,"Height":41,"Demand":1,"DemandMax":null,"Value":5781},{"Length":50,"Height":66,"Demand":1,"DemandMax":null,"Value":3300},{"Length":33,"Height":84,"Demand":1,"DemandMax":null,"Value":2772},{"Length":71,"Height":22,"Demand":2,"DemandMax":null,"Value":1562},{"Length":47,"Height":49,"Demand":1,"DemandMax":null,"Value":2303},{"Length":77,"Height":43,"Demand":1,"DemandMax":null,"Value":3311},{"Length":55,"Height":30,"Demand":2,"DemandMax":null,"Value":1650},{"Length":68,"Height":23,"Demand":1,"DemandMax":null,"Value":1564},{"Length":69,"Height":39,"Demand":1,"DemandMax":null,"Value":2691},{"Length":115,"Height":49,"Demand":1,"DemandMax":null,"Value":5635},{"Length":56,"Height":41,"Demand":1,"DemandMax":null,"Value":2296},{"Length":39,"Height":107,"Demand":1,"DemandMax":null,"Value":4173},{"Length":38,"Height":44,"Demand":1,"DemandMax":null,"Value":1672},{"Length":32,"Height":48,"Demand":2,"DemandMax":null,"Value":1536},{"Length":39,"Height":73,"Demand":1,"DemandMax":null,"Value":2847},{"Length":119,"Height":31,"Demand":1,"DemandMax":null,"Value":3689},{"Length":74,"Height":21,"Demand":1,"DemandMax":null,"Value":1554},{"Length":73,"Height":24,"Demand":1,"DemandMax":null,"Value":1752},{"Length":35,"Height":43,"Demand":1,"DemandMax":null,"Value":1505},{"Length":80,"Height":91,"Demand":1,"DemandMax":null,"Value":7280},{"Length":65,"Height":23,"Demand":1,"DemandMax":null,"Value":1495},{"Length":63,"Height":52,"Demand":1,"DemandMax":null,"Value":3276},{"Length":64,"Height":44,"Demand":1,"DemandMax":null,"Value":2816},{"Length":53,"Height":30,"Demand":3,"DemandMax":null,"Value":1590},{"Length":77,"Height":25,"Demand":1,"DemandMax":null,"Value":1925},{"Length":70,"Height":44,"Demand":1,"DemandMax":null,"Value":3080},{"Length":31,"Height":55,"Demand":2,"DemandMax":null,"Value":1705},{"Length":53,"Height":46,"Demand":1,"DemandMax":null,"Value":2438},{"Length":72,"Height":21,"Demand":1,"DemandMax":null,"Value":1512},{"Length":41,"Height":121,"Demand":1,"DemandMax":null,"Value":4961},{"Length":69,"Height":23,"Demand":2,"DemandMax":null,"Value":1587},{"Length":80,"Height":37,"Demand":1,"DemandMax":null,"Value":2960},{"Length":74,"Height":42,"Demand":1,"DemandMax":null,"Value":3108},{"Length":79,"Height":28,"Demand":1,"DemandMax":null,"Value":2212},{"Length":37,"Height":60,"Demand":2,"DemandMax":null,"Value":2220},{"Length":73,"Height":31,"Demand":1,"DemandMax":null,"Value":2263},{"Length":42,"Height":42,"Demand":1,"DemandMax":null,"Value":1764},{"Length":50,"Height":61,"Demand":1,"DemandMax":null,"Value":3050},{"Length":38,"Height":53,"Demand":1,"DemandMax":null,"Value":2014},{"Length":67,"Height":62,"Demand":1,"DemandMax":null,"Value":4154},{"Length":36,"Height":53,"Demand":1,"DemandMax":null,"Value":1908},{"Length":22,"Height":70,"Demand":2,"DemandMax":null,"Value":1540},{"Length":42,"Height":55,"Demand":1,"DemandMax":null,"Value":2310},{"Length":64,"Height":24,"Demand":2,"DemandMax":null,"Value":1536},{"Length":48,"Height":32,"Demand":1,"DemandMax":null,"Value":1536},{"Length":67,"Height":42,"Demand":1,"DemandMax":null,"Value":2814},{"Length":65,"Height":43,"Demand":1,"DemandMax":null,"Value":2795},{"Length":91,"Height":54,"Demand":1,"DemandMax":null,"Value":4914},{"Length":89,"Height":35,"Demand":2,"DemandMax":null,"Value":3115},{"Length":53,"Height":59,"Demand":1,"DemandMax":null,"Value":3127},{"Length":48,"Height":77,"Demand":1,"DemandMax":null,"Value":3696},{"Length":40,"Height":41,"Demand":1,"DemandMax":null,"Value":1640},{"Length":39,"Height":72,"Demand":1,"DemandMax":null,"Value":2808},{"Length":57,"Height":60,"Demand":1,"DemandMax":null,"Value":3420},{"Length":16,"Height":62,"Demand":1,"DemandMax":null,"Value":992},{"Length":32,"Height":56,"Demand":1,"DemandMax":null,"Value":1792},{"Length":109,"Height":33,"Demand":1,"DemandMax":null,"Value":3597},{"Length":61,"Height":36,"Demand":1,"DemandMax":null,"Value":2196},{"Length":72,"Height":22,"Demand":1,"DemandMax":null,"Value":1584},{"Length":30,"Height":81,"Demand":1,"DemandMax":null,"Value":2430},{"Length":32,"Height":49,"Demand":1,"DemandMax":null,"Value":1568},{"Length":83,"Height":21,"Demand":1,"DemandMax":null,"Value":1743},{"Length":49,"Height":45,"Demand":1,"DemandMax":null,"Value":2205},{"Length":69,"Height":22,"Demand":1,"DemandMax":null,"Value":1518},{"Length":41,"Height":59,"Demand":1,"DemandMax":null,"Value":2419},{"Length":20,"Height":79,"Demand":1,"DemandMax":null,"Value":1580},{"Length":43,"Height":63,"Demand":2,"DemandMax":null,"Value":2709},{"Length":29,"Height":105,"Demand":1,"DemandMax":null,"Value":3045},{"Length":35,"Height":52,"Demand":1,"DemandMax":null,"Value":1820},{"Length":73,"Height":40,"Demand":2,"DemandMax":null,"Value":2920},{"Length":34,"Height":67,"Demand":1,"DemandMax":null,"Value":2278},{"Length":78,"Height":42,"Demand":1,"DemandMax":null,"Value":3276},{"Length":45,"Height":73,"Demand":1,"DemandMax":null,"Value":3285},{"Length":26,"Height":60,"Demand":1,"DemandMax":null,"Value":1560},{"Length":59,"Height":31,"Demand":1,"DemandMax":null,"Value":1829},{"Length":78,"Height":39,"Demand":1,"DemandMax":null,"Value":3042},{"Length":71,"Height":31,"Demand":4,"DemandMax":null,"Value":2201},{"Length":48,"Height":69,"Demand":1,"DemandMax":null,"Value":3312},{"Length":40,"Height":55,"Demand":1,"DemandMax":null,"Value":2200},{"Length":22,"Height":77,"Demand":1,"DemandMax":null,"Value":1694},{"Length":83,"Height":31,"Demand":1,"DemandMax":null,"Value":2573},{"Length":42,"Height":66,"Demand":1,"DemandMax":null,"Value":2772},{"Length":68,"Height":22,"Demand":1,"DemandMax":null,"Value":1496},{"Length":62,"Height":64,"Demand":1,"DemandMax":null,"Value":3968},{"Length":72,"Height":53,"Demand":1,"DemandMax":null,"Value":3816},{"Length":50,"Height":44,"Demand":1,"DemandMax":null,"Value":2200},{"Length":41,"Height":54,"Demand":1,"DemandMax":null,"Value":2214},{"Length":76,"Height":35,"Demand":1,"DemandMax":null,"Value":2660},{"Length":48,"Height":37,"Demand":1,"DemandMax":null,"Value":1776},{"Length":23,"Height":91,"Demand":2,"DemandMax":null,"Value":2093},{"Length":78,"Height":35,"Demand":2,"DemandMax":null,"Value":2730},{"Length":110,"Height":30,"Demand":1,"DemandMax":null,"Value":3300},{"Length":55,"Height":52,"Demand":1,"DemandMax":null,"Value":2860},{"Length":64,"Height":45,"Demand":1,"DemandMax":null,"Value":2880},{"Length":46,"Height":34,"Demand":1,"DemandMax":null,"Value":1564},{"Length":77,"Height":29,"Demand":2,"DemandMax":null,"Value":2233},{"Length":84,"Height":62,"Demand":1,"DemandMax":null,"Value":5208},{"Length":49,"Height":31,"Demand":1,"DemandMax":null,"Value":1519},{"Length":49,"Height":34,"Demand":1,"DemandMax":null,"Value":1666},{"Length":52,"Height":34,"Demand":1,"DemandMax":null,"Value":1768},{"Length":29,"Height":52,"Demand":1,"DemandMax":null,"Value":1508},{"Length":31,"Height":57,"Demand":1,"DemandMax":null,"Value":1767},{"Length":34,"Height":56,"Demand":1,"DemandMax":null,"Value":1904},{"Length":66,"Height":40,"Demand":1,"DemandMax":null,"Value":2640},{"Length":31,"Height":61,"Demand":1,"DemandMax":null,"Value":1891},{"Length":27,"Height":98,"Demand":1,"DemandMax":null,"Value":2646},{"Length":32,"Height":91,"Demand":1,"DemandMax":null,"Value":2912},{"Length":37,"Height":63,"Demand":1,"DemandMax":null,"Value":2331},{"Length":46,"Height":91,"Demand":1,"DemandMax":null,"Value":4186},{"Length":24,"Height":63,"Demand":1,"DemandMax":null,"Value":1512},{"Length":41,"Height":71,"Demand":1,"DemandMax":null,"Value":2911},{"Length":123,"Height":31,"Demand":1,"DemandMax":null,"Value":3813},{"Length":68,"Height":43,"Demand":1,"DemandMax":null,"Value":2924},{"Length":70,"Height":45,"Demand":1,"DemandMax":null,"Value":3150},{"Length":60,"Height":38,"Demand":1,"DemandMax":null,"Value":2280},{"Length":35,"Height":85,"Demand":1,"DemandMax":null,"Value":2975},{"Length":30,"Height":52,"Demand":1,"DemandMax":null,"Value":1560},{"Length":59,"Height":71,"Demand":1,"DemandMax":null,"Value":4189},{"Length":71,"Height":52,"Demand":1,"DemandMax":null,"Value":3692},{"Length":26,"Height":68,"Demand":1,"DemandMax":null,"Value":1768},{"Length":66,"Height":39,"Demand":1,"DemandMax":null,"Value":2574},{"Length":48,"Height":31,"Demand":1,"DemandMax":null,"Value":1488},{"Length":29,"Height":56,"Demand":1,"DemandMax":null,"Value":1624},{"Length":52,"Height":19,"Demand":1,"DemandMax":null,"Value":988},{"Length":40,"Height":79,"Demand":1,"DemandMax":null,"Value":3160},{"Length":36,"Height":46,"Demand":1,"DemandMax":null,"Value":1656},{"Length":39,"Height":57,"Demand":1,"DemandMax":null,"Value":2223},{"Length":42,"Height":113,"Demand":1,"DemandMax":null,"Value":4746},{"Length":72,"Height":24,"Demand":1,"DemandMax":null,"Value":1728},{"Length":36,"Height":85,"Demand":3,"DemandMax":null,"Value":3060},{"Length":46,"Height":33,"Demand":1,"DemandMax":null,"Value":1518},{"Length":46,"Height":40,"Demand":1,"DemandMax":null,"Value":1840},{"Length":35,"Height":64,"Demand":1,"DemandMax":null,"Value":2240},{"Length":53,"Height":49,"Demand":1,"DemandMax":null,"Value":2597},{"Length":74,"Height":48,"Demand":1,"DemandMax":null,"Value":3552},{"Length":47,"Height":62,"Demand":1,"DemandMax":null,"Value":2914},{"Length":28,"Height":54,"Demand":2,"DemandMax":null,"Value":1512},{"Length":52,"Height":43,"Demand":1,"DemandMax":null,"Value":2236},{"Length":44,"Height":36,"Demand":1,"DemandMax":null,"Value":1584},{"Length":28,"Height":79,"Demand":2,"DemandMax":null,"Value":2212},{"Length":79,"Height":61,"Demand":1,"DemandMax":null,"Value":4819},{"Length":59,"Height":57,"Demand":1,"DemandMax":null,"Value":3363},{"Length":23,"Height":46,"Demand":1,"DemandMax":null,"Value":1058},{"Length":27,"Height":83,"Demand":1,"DemandMax":null,"Value":2241},{"Length":31,"Height":58,"Demand":2,"DemandMax":null,"Value":1798},{"Length":76,"Height":20,"Demand":1,"DemandMax":null,"Value":1520},{"Length":27,"Height":81,"Demand":2,"DemandMax":null,"Value":2187},{"Length":45,"Height":70,"Demand":1,"DemandMax":null,"Value":3150},{"Length":74,"Height":56,"Demand":1,"DemandMax":null,"Value":4144},{"Length":33,"Height":58,"Demand":1,"DemandMax":null,"Value":1914},{"Length":54,"Height":30,"Demand":1,"DemandMax":null,"Value":1620},{"Length":48,"Height":50,"Demand":1,"DemandMax":null,"Value":2400},{"Length":33,"Height":49,"Demand":1,"DemandMax":null,"Value":1617},{"Length":57,"Height":63,"Demand":1,"DemandMax":null,"Value":3591},{"Length":42,"Height":57,"Demand":1,"DemandMax":null,"Value":2394},{"Length":64,"Height":33,"Demand":2,"DemandMax":null,"Value":2112},{"Length":72,"Height":45,"Demand":2,"DemandMax":null,"Value":3240},{"Length":89,"Height":57,"Demand":1,"DemandMax":null,"Value":5073},{"Length":29,"Height":55,"Demand":1,"DemandMax":null,"Value":1595},{"Length":80,"Height":36,"Demand":2,"DemandMax":null,"Value":2880},{"Length":39,"Height":42,"Demand":1,"DemandMax":null,"Value":1638},{"Length":77,"Height":31,"Demand":2,"DemandMax":null,"Value":2387},{"Length":57,"Height":59,"Demand":1,"DemandMax":null,"Value":3363},{"Length":32,"Height":61,"Demand":1,"DemandMax":null,"Value":1952},{"Length":76,"Height":56,"Demand":2,"DemandMax":null,"Value":4256},{"Length":33,"Height":46,"Demand":1,"DemandMax":null,"Value":1518},{"Length":75,"Height":110,"Demand":1,"DemandMax":null,"Value":8250},{"Length":57,"Height":39,"Demand":2,"DemandMax":null,"Value":2223},{"Length":42,"Height":53,"Demand":1,"DemandMax":null,"Value":2226},{"Length":32,"Height":84,"Demand":1,"DemandMax":null,"Value":2688},{"Length":49,"Height":40,"Demand":1,"DemandMax":null,"Value":1960},{"Length":95,"Height":31,"Demand":1,"DemandMax":null,"Value":2945},{"Length":43,"Height":35,"Demand":1,"DemandMax":null,"Value":1505},{"Length":40,"Height":63,"Demand":1,"DemandMax":null,"Value":2520},{"Length":50,"Height":52,"Demand":1,"DemandMax":null,"Value":2600},{"Length":54,"Height":28,"Demand":2,"DemandMax":null,"Value":1512},{"Length":33,"Height":59,"Demand":2,"DemandMax":null,"Value":1947},{"Length":73,"Height":111,"Demand":1,"DemandMax":null,"Value":8103},{"Length":134,"Height":34,"Demand":1,"DemandMax":null,"Value":4556},{"Length":64,"Height":42,"Demand":1,"DemandMax":null,"Value":2688},{"Length":82,"Height":28,"Demand":2,"DemandMax":null,"Value":2296},{"Length":28,"Height":108,"Demand":1,"DemandMax":null,"Value":3024},{"Length":30,"Height":110,"Demand":1,"DemandMax":null,"Value":3300},{"Length":76,"Height":59,"Demand":1,"DemandMax":null,"Value":4484},{"Length":41,"Height":38,"Demand":1,"DemandMax":null,"Value":1558},{"Length":37,"Height":42,"Demand":2,"DemandMax":null,"Value":1554},{"Length":71,"Height":42,"Demand":1,"DemandMax":null,"Value":2982},{"Length":72,"Height":39,"Demand":1,"DemandMax":null,"Value":2808},{"Length":115,"Height":34,"Demand":1,"DemandMax":null,"Value":3910},{"Length":32,"Height":50,"Demand":2,"DemandMax":null,"Value":1600},{"Length":67,"Height":34,"Demand":1,"DemandMax":null,"Value":2278},{"Length":37,"Height":71,"Demand":2,"DemandMax":null,"Value":2627},{"Length":22,"Height":87,"Demand":1,"DemandMax":null,"Value":1914},{"Length":40,"Height":40,"Demand":2,"DemandMax":null,"Value":1600},{"Length":70,"Height":51,"Demand":1,"DemandMax":null,"Value":3570},{"Length":54,"Height":32,"Demand":1,"DemandMax":null,"Value":1728},{"Length":76,"Height":38,"Demand":2,"DemandMax":null,"Value":2888},{"Length":57,"Height":33,"Demand":1,"DemandMax":null,"Value":1881},{"Length":45,"Height":57,"Demand":1,"DemandMax":null,"Value":2565},{"Length":73,"Height":32,"Demand":2,"DemandMax":null,"Value":2336},{"Length":50,"Height":45,"Demand":1,"DemandMax":null,"Value":2250},{"Length":45,"Height":63,"Demand":1,"DemandMax":null,"Value":2835},{"Length":39,"Height":60,"Demand":2,"DemandMax":null,"Value":2340},{"Length":51,"Height":38,"Demand":2,"DemandMax":null,"Value":1938},{"Length":60,"Height":51,"Demand":1,"DemandMax":null,"Value":3060},{"Length":44,"Height":81,"Demand":1,"DemandMax":null,"Value":3564},{"Length":43,"Height":36,"Demand":1,"DemandMax":null,"Value":1548},{"Length":47,"Height":83,"Demand":1,"DemandMax":null,"Value":3901},{"Length":57,"Height":67,"Demand":1,"DemandMax":null,"Value":3819},{"Length":36,"Height":121,"Demand":1,"DemandMax":null,"Value":4356},{"Length":67,"Height":36,"Demand":1,"DemandMax":null,"Value":2412},{"Length":68,"Height":39,"Demand":1,"DemandMax":null,"Value":2652},{"Length":39,"Height":58,"Demand":1,"DemandMax":null,"Value":2262},{"Length":28,"Height":66,"Demand":1,"DemandMax":null,"Value":1848},{"Length":76,"Height":24,"Demand":1,"DemandMax":null,"Value":1824},{"Length":132,"Height":33,"Demand":1,"DemandMax":null,"Value":4356},{"Length":58,"Height":41,"Demand":1,"DemandMax":null,"Value":2378},{"Length":41,"Height":70,"Demand":1,"DemandMax":null,"Value":2870},{"Length":83,"Height":27,"Demand":1,"DemandMax":null,"Value":2241},{"Length":42,"Height":54,"Demand":1,"DemandMax":null,"Value":2268},{"Length":61,"Height":49,"Demand":1,"DemandMax":null,"Value":2989},{"Length":26,"Height":62,"Demand":1,"DemandMax":null,"Value":1612},{"Length":77,"Height":39,"Demand":1,"DemandMax":null,"Value":3003},{"Length":53,"Height":113,"Demand":1,"DemandMax":null,"Value":5989},{"Length":30,"Height":56,"Demand":1,"DemandMax":null,"Value":1680},{"Length":72,"Height":40,"Demand":1,"DemandMax":null,"Value":2880},{"Length":36,"Height":64,"Demand":1,"DemandMax":null,"Value":2304},{"Length":79,"Height":33,"Demand":1,"DemandMax":null,"Value":2607},{"Length":77,"Height":26,"Demand":1,"DemandMax":null,"Value":2002},{"Length":52,"Height":48,"Demand":1,"DemandMax":null,"Value":2496},{"Length":75,"Height":35,"Demand":1,"DemandMax":null,"Value":2625},{"Length":37,"Height":55,"Demand":1,"DemandMax":null,"Value":2035},{"Length":40,"Height":60,"Demand":1,"DemandMax":null,"Value":2400},{"Length":37,"Height":67,"Demand":1,"DemandMax":null,"Value":2479},{"Length":52,"Height":52,"Demand":1,"DemandMax":null,"Value":2704},{"Length":33,"Height":28,"Demand":1,"DemandMax":null,"Value":924},{"Length":28,"Height":84,"Demand":1,"DemandMax":null,"Value":2352},{"Length":75,"Height":24,"Demand":1,"DemandMax":null,"Value":1800},{"Length":72,"Height":47,"Demand":1,"DemandMax":null,"Value":3384},{"Length":80,"Height":69,"Demand":1,"DemandMax":null,"Value":5520},{"Length":103,"Height":27,"Demand":1,"DemandMax":null,"Value":2781},{"Length":77,"Height":37,"Demand":1,"DemandMax":null,"Value":2849},{"Length":39,"Height":67,"Demand":1,"DemandMax":null,"Value":2613},{"Length":77,"Height":34,"Demand":1,"DemandMax":null,"Value":2618},{"Length":68,"Height":64,"Demand":1,"DemandMax":null,"Value":4352},{"Length":36,"Height":56,"Demand":2,"DemandMax":null,"Value":2016},{"Length":54,"Height":33,"Demand":1,"DemandMax":null,"Value":1782},{"Length":46,"Height":42,"Demand":1,"DemandMax":null,"Value":1932},{"Length":32,"Height":77,"Demand":1,"DemandMax":null,"Value":2464},{"Length":65,"Height":27,"Demand":1,"DemandMax":null,"Value":1755},{"Length":23,"Height":85,"Demand":1,"DemandMax":null,"Value":1955},{"Length":29,"Height":60,"Demand":1,"DemandMax":null,"Value":1740},{"Length":56,"Height":30,"Demand":1,"DemandMax":null,"Value":1680},{"Length":49,"Height":42,"Demand":1,"DemandMax":null,"Value":2058},{"Length":30,"Height":55,"Demand":1,"DemandMax":null,"Value":1650},{"Length":83,"Height":23,"Demand":1,"DemandMax":null,"Value":1909},{"Length":68,"Height":49,"Demand":1,"DemandMax":null,"Value":3332},{"Length":48,"Height":68,"Demand":1,"DemandMax":null,"Value":3264},{"Length":76,"Height":26,"Demand":1,"DemandMax":null,"Value":1976},{"Length":34,"Height":81,"Demand":1,"DemandMax":null,"Value":2754},{"Length":30,"Height":84,"Demand":1,"DemandMax":null,"Value":2520},{"Length":77,"Height":38,"Demand":1,"DemandMax":null,"Value":2926},{"Length":30,"Height":59,"Demand":1,"DemandMax":null,"Value":1770},{"Length":38,"Height":51,"Demand":1,"DemandMax":null,"Value":1938},{"Length":82,"Height":22,"Demand":1,"DemandMax":null,"Value":1804},{"Length":74,"Height":36,"Demand":1,"DemandMax":null,"Value":2664},{"Length":38,"Height":49,"Demand":1,"DemandMax":null,"Value":1862},{"Length":35,"Height":59,"Demand":1,"DemandMax":null,"Value":2065},{"Length":40,"Height":53,"Demand":1,"DemandMax":null,"Value":2120},{"Length":32,"Height":68,"Demand":1,"DemandMax":null,"Value":2176},{"Length":71,"Height":40,"Demand":1,"DemandMax":null,"Value":2840},{"Length":39,"Height":61,"Demand":2,"DemandMax":null,"Value":2379},{"Length":28,"Height":34,"Demand":1,"DemandMax":null,"Value":952},{"Length":27,"Height":62,"Demand":1,"DemandMax":null,"Value":1674},{"Length":31,"Height":52,"Demand":1,"DemandMax":null,"Value":1612},{"Length":23,"Height":70,"Demand":1,"DemandMax":null,"Value":1610},{"Length":72,"Height":25,"Demand":1,"DemandMax":null,"Value":1800},{"Length":55,"Height":31,"Demand":1,"DemandMax":null,"Value":1705},{"Length":72,"Height":23,"Demand":1,"DemandMax":null,"Value":1656},{"Length":40,"Height":46,"Demand":1,"DemandMax":null,"Value":1840},{"Length":32,"Height":87,"Demand":1,"DemandMax":null,"Value":2784},{"Length":68,"Height":66,"Demand":1,"DemandMax":null,"Value":4488},{"Length":35,"Height":67,"Demand":1,"DemandMax":null,"Value":2345},{"Length":58,"Height":32,"Demand":1,"DemandMax":null,"Value":1856},{"Length":43,"Height":48,"Demand":1,"DemandMax":null,"Value":2064},{"Length":25,"Height":79,"Demand":1,"DemandMax":null,"Value":1975},{"Length":32,"Height":72,"Demand":1,"DemandMax":null,"Value":2304},{"Length":45,"Height":36,"Demand":1,"DemandMax":null,"Value":1620},{"Length":33,"Height":57,"Demand":1,"DemandMax":null,"Value":1881},{"Length":32,"Height":55,"Demand":1,"DemandMax":null,"Value":1760},{"Length":68,"Height":34,"Demand":1,"DemandMax":null,"Value":2312},{"Length":68,"Height":27,"Demand":1,"DemandMax":null,"Value":1836},{"Length":35,"Height":48,"Demand":1,"DemandMax":null,"Value":1680},{"Length":75,"Height":37,"Demand":1,"DemandMax":null,"Value":2775},{"Length":28,"Height":33,"Demand":1,"DemandMax":null,"Value":924},{"Length":57,"Height":34,"Demand":1,"DemandMax":null,"Value":1938},{"Length":62,"Height":30,"Demand":1,"DemandMax":null,"Value":1860},{"Length":53,"Height":40,"Demand":1,"DemandMax":null,"Value":2120},{"Length":40,"Height":72,"Demand":1,"DemandMax":null,"Value":2880},{"Length":54,"Height":80,"Demand":1,"DemandMax":null,"Value":4320},{"Length":41,"Height":55,"Demand":1,"DemandMax":null,"Value":2255},{"Length":26,"Height":85,"Demand":1,"DemandMax":null,"Value":2210},{"Length":60,"Height":40,"Demand":1,"DemandMax":null,"Value":2400},{"Length":34,"Height":59,"Demand":1,"DemandMax":null,"Value":2006},{"Length":36,"Height":59,"Demand":1,"DemandMax":null,"Value":2124},{"Length":44,"Height":35,"Demand":1,"DemandMax":null,"Value":1540},{"Length":72,"Height":31,"Demand":1,"DemandMax":null,"Value":2232},{"Length":41,"Height":46,"Demand":1,"DemandMax":null,"Value":1886},{"Length":53,"Height":32,"Demand":1,"DemandMax":null,"Value":1696},{"Length":76,"Height":28,"Demand":1,"DemandMax":null,"Value":2128},{"Length":134,"Height":63,"Demand":1,"DemandMax":null,"Value":8442},{"Length":24,"Height":70,"Demand":1,"DemandMax":null,"Value":1680},{"Length":51,"Height":35,"Demand":1,"DemandMax":null,"Value":1785},{"Length":26,"Height":63,"Demand":1,"DemandMax":null,"Value":1638},{"Length":43,"Height":57,"Demand":1,"DemandMax":null,"Value":2451},{"Length":72,"Height":30,"Demand":1,"DemandMax":null,"Value":2160},{"Length":24,"Height":42,"Demand":1,"DemandMax":null,"Value":1008},{"Length":36,"Height":60,"Demand":1,"DemandMax":null,"Value":2160},{"Length":49,"Height":39,"Demand":1,"DemandMax":null,"Value":1911},{"Length":68,"Height":89,"Demand":1,"DemandMax":null,"Value":6052},{"Length":42,"Height":73,"Demand":1,"DemandMax":null,"Value":3066},{"Length":72,"Height":33,"Demand":1,"DemandMax":null,"Value":2376},{"Length":48,"Height":41,"Demand":1,"DemandMax":null,"Value":1968},{"Length":82,"Height":27,"Demand":1,"DemandMax":null,"Value":2214},{"Length":64,"Height":34,"Demand":1,"DemandMax":null,"Value":2176},{"Length":40,"Height":58,"Demand":1,"DemandMax":null,"Value":2320},{"Length":75,"Height":26,"Demand":1,"DemandMax":null,"Value":1950},{"Length":64,"Height":31,"Demand":1,"DemandMax":null,"Value":1984},{"Length":64,"Height":59,"Demand":1,"DemandMax":null,"Value":3776},{"Length":103,"Height":28,"Demand":1,"DemandMax":null,"Value":2884},{"Length":95,"Height":53,"Demand":1,"DemandMax":null,"Value":5035},{"Length":38,"Height":52,"Demand":1,"DemandMax":null,"Value":1976},{"Length":36,"Height":57,"Demand":1,"DemandMax":null,"Value":2052},{"Length":82,"Height":120,"Demand":1,"DemandMax":null,"Value":9840},{"Length":52,"Height":25,"Demand":1,"DemandMax":null,"Value":1300},{"Length":29,"Height":34,"Demand":1,"DemandMax":null,"Value":986},{"Length":38,"Height":62,"Demand":1,"DemandMax":null,"Value":2356},{"Length":25,"Height":42,"Demand":1,"DemandMax":null,"Value":1050},{"Length":50,"Height":28,"Demand":1,"DemandMax":null,"Value":1400},{"Length":40,"Height":33,"Demand":1,"DemandMax":null,"Value":1320},{"Length":45,"Height":46,"Demand":1,"DemandMax":null,"Value":2070},{"Length":69,"Height":30,"Demand":1,"DemandMax":null,"Value":2070}]}