{"Name":"Path200i3b2","Objects":[{"Length":1000,"Height":425,"Stock":4,"Cost":425000},{"Length":342,"Height":575,"Stock":6,"Cost":196650},{"Length":658,"Height":575,"Stock":6,"Cost":378350}],"Items":[{"Length":303,"Height":15,"Demand":1,"DemandMax":null,"Value":4545},{"Length":342,"Height":11,"Demand":1,"DemandMax":null,"Value":3762},{"Length":149,"Height":215,"Demand":1,"DemandMax":null,"Value":32035},{"Length":279,"Height":126,"Demand":1,"DemandMax":null,"Value":35154},{"Length":10,"Height":6,"Demand":1,"DemandMax":null,"Value":60},{"Length":185,"Height":78,"Demand":1,"DemandMax":null,"Value":14430},{"Length":21,"Height":1,"Demand":1,"DemandMax":null,"Value":21},{"Length":1,"Height":84,"Demand":1,"DemandMax":null,"Value":84},{"Length":276,"Height":135,"Demand":1,"DemandMax":null,"Value":37260},{"Length":276,"Height":6,"Demand":1,"DemandMax":null,"Value":1656},{"Length":22,"Height":250,"Demand":1,"DemandMax":null,"Value":5500},{"Length":38,"Height":93,"Demand":1,"DemandMax":null,"Value":3534},{"Length":242,"Height":20,"Demand":1,"DemandMax":null,"Value":4840},{"Length":115,"Height":33,"Demand":1,"DemandMax":null,"Value":3795},{"Length":69,"Height":6,"Demand":1,"DemandMax":null,"Value":414},{"Length":15,"Height":3,"Demand":1,"DemandMax":null,"Value":45},{"Length":57,"Height":28,"Demand":1,"DemandMax":null,"Value":1596},{"Length":1,"Height":106,"Demand":1,"DemandMax":null,"Value":106},{"Length":18,"Height":1,"Demand":2,"DemandMax":null,"Value":18},{"Length":58,"Height":114,"Demand":1,"DemandMax":null,"Value":6612},{"Length":66,"Height":54,"Demand":1,"DemandMax":null,"Value":3564},{"Length":137,"Height":11,"Demand":1,"DemandMax":null,"Value":1507},{"Length":342,"Height":62,"Demand":1,"DemandMax":null,"Value":21204},{"Length":5,"Height":16,"Demand":1,"DemandMax":null,"Value":80},{"Length":2,"Height":93,"Demand":1,"DemandMax":null,"Value":186},{"Length":3,"Height":85,"Demand":1,"DemandMax":null,"Value":255},{"Length":331,"Height":64,"Demand":1,"DemandMax":null,"Value":21184},{"Length":1,"Height":18,"Demand":1,"DemandMax":null,"Value":18},{"Length":2,"Height":29,"Demand":1,"DemandMax":null,"Value":58},{"Length":71,"Height":54,"Demand":1,"DemandMax":null,"Value":3834},{"Length":47,"Height":40,"Demand":1,"DemandMax":null,"Value":1880},{"Length":9,"Height":118,"Demand":1,"DemandMax":null,"Value":1062},{"Length":5,"Height":2,"Demand":1,"DemandMax":null,"Value":10},{"Length":1,"Height":1,"Demand":6,"DemandMax":null,"Value":1},{"Length":276,"Height":23,"Demand":1,"DemandMax":null,"Value":6348},{"Length":25,"Height":1,"Demand":1,"DemandMax":null,"Value":25},{"Length":165,"Height":7,"Demand":1,"DemandMax":null,"Value":1155},{"Length":70,"Height":1,"Demand":1,"DemandMax":null,"Value":70},{"Length":28,"Height":106,"Demand":1,"DemandMax":null,"Value":2968},{"Length":16,"Height":106,"Demand":1,"DemandMax":null,"Value":1696},{"Length":133,"Height":307,"Demand":1,"DemandMax":null,"Value":40831},{"Length":211,"Height":230,"Demand":1,"DemandMax":null,"Value":48530},{"Length":1,"Height":11,"Demand":2,"DemandMax":null,"Value":11},{"Length":222,"Height":7,"Demand":1,"DemandMax":null,"Value":1554},{"Length":41,"Height":22,"Demand":1,"DemandMax":null,"Value":902},{"Length":4,"Height":13,"Demand":1,"DemandMax":null,"Value":52},{"Length":342,"Height":8,"Demand":1,"DemandMax":null,"Value":2736},{"Length":37,"Height":26,"Demand":1,"DemandMax":null,"Value":962},{"Length":219,"Height":255,"Demand":1,"DemandMax":null,"Value":55845},{"Length":45,"Height":1,"Demand":1,"DemandMax":null,"Value":45},{"Length":22,"Height":18,"Demand":1,"DemandMax":null,"Value":396},{"Length":30,"Height":28,"Demand":1,"DemandMax":null,"Value":840},{"Length":327,"Height":4,"Demand":1,"DemandMax":null,"Value":1308},{"Length":13,"Height":93,"Demand":1,"DemandMax":null,"Value":1209},{"Length":120,"Height":230,"Demand":1,"DemandMax":null,"Value":27600},{"Length":214,"Height":26,"Demand":1,"DemandMax":null,"Value":5564},{"Length":114,"Height":73,"Demand":1,"DemandMax":null,"Value":8322},{"Length":34,"Height":40,"Demand":1,"DemandMax":null,"Value":1360},{"Length":327,"Height":11,"Demand":1,"DemandMax":null,"Value":3597},{"Length":23,"Height":249,"Demand":1,"DemandMax":null,"Value":5727},{"Length":47,"Height":1,"Demand":1,"DemandMax":null,"Value":47},{"Length":253,"Height":153,"Demand":1,"DemandMax":null,"Value":38709},{"Length":43,"Height":7,"Demand":1,"DemandMax":null,"Value":301},{"Length":18,"Height":2,"Demand":1,"DemandMax":null,"Value":36},{"Length":40,"Height":324,"Demand":1,"DemandMax":null,"Value":12960},{"Length":1,"Height":324,"Demand":2,"DemandMax":null,"Value":324},{"Length":29,"Height":4,"Demand":1,"DemandMax":null,"Value":116},{"Length":134,"Height":1,"Demand":1,"DemandMax":null,"Value":134},{"Length":30,"Height":1,"Demand":1,"DemandMax":null,"Value":30},{"Length":3,"Height":47,"Demand":1,"DemandMax":null,"Value":141},{"Length":8,"Height":40,"Demand":1,"DemandMax":null,"Value":320},{"Length":58,"Height":68,"Demand":1,"DemandMax":null,"Value":3944},{"Length":327,"Height":2,"Demand":1,"DemandMax":null,"Value":654},{"Length":148,"Height":62,"Demand":1,"DemandMax":null,"Value":9176},{"Length":3,"Height":69,"Demand":1,"DemandMax":null,"Value":207},{"Length":63,"Height":2,"Demand":1,"DemandMax":null,"Value":126},{"Length":1,"Height":2,"Demand":1,"DemandMax":null,"Value":2},{"Length":18,"Height":4,"Demand":1,"DemandMax":null,"Value":72},{"Length":77,"Height":66,"Demand":1,"DemandMax":null,"Value":5082},{"Length":102,"Height":6,"Demand":1,"DemandMax":null,"Value":612},{"Length":102,"Height":27,"Demand":1,"DemandMax":null,"Value":2754},{"Length":342,"Height":9,"Demand":1,"DemandMax":null,"Value":3078},{"Length":3,"Height":106,"Demand":1,"DemandMax":null,"Value":318},{"Length":3,"Height":1,"Demand":1,"DemandMax":null,"Value":3},{"Length":140,"Height":45,"Demand":1,"DemandMax":null,"Value":6300},{"Length":68,"Height":78,"Demand":1,"DemandMax":null,"Value":5304},{"Length":102,"Height":10,"Demand":1,"DemandMax":null,"Value":1020},{"Length":276,"Height":1,"Demand":1,"DemandMax":null,"Value":276},{"Length":7,"Height":58,"Demand":1,"DemandMax":null,"Value":406},{"Length":2,"Height":13,"Demand":1,"DemandMax":null,"Value":26},{"Length":26,"Height":1,"Demand":1,"DemandMax":null,"Value":26},{"Length":37,"Height":4,"Demand":1,"DemandMax":null,"Value":148},{"Length":49,"Height":255,"Demand":1,"DemandMax":null,"Value":12495},{"Length":1,"Height":13,"Demand":1,"DemandMax":null,"Value":13},{"Length":253,"Height":4,"Demand":1,"DemandMax":null,"Value":1012},{"Length":1,"Height":7,"Demand":1,"DemandMax":null,"Value":7},{"Length":1,"Height":31,"Demand":2,"DemandMax":null,"Value":31},{"Length":37,"Height":17,"Demand":1,"DemandMax":null,"Value":629},{"Length":61,"Height":45,"Demand":1,"DemandMax":null,"Value":2745},{"Length":51,"Height":28,"Demand":1,"DemandMax":null,"Value":1428},{"Length":41,"Height":6,"Demand":1,"DemandMax":null,"Value":246},{"Length":156,"Height":1,"Demand":1,"DemandMax":null,"Value":156},{"Length":279,"Height":198,"Demand":1,"DemandMax":null,"Value":55242},{"Length":96,"Height":1,"Demand":1,"DemandMax":null,"Value":96},{"Length":47,"Height":68,"Demand":1,"DemandMax":null,"Value":3196},{"Length":207,"Height":4,"Demand":1,"DemandMax":null,"Value":828},{"Length":50,"Height":3,"Demand":1,"DemandMax":null,"Value":150},{"Length":111,"Height":249,"Demand":1,"DemandMax":null,"Value":27639},{"Length":137,"Height":74,"Demand":1,"DemandMax":null,"Value":10138},{"Length":1,"Height":206,"Demand":1,"DemandMax":null,"Value":206},{"Length":59,"Height":1,"Demand":1,"DemandMax":null,"Value":59},{"Length":137,"Height":6,"Demand":1,"DemandMax":null,"Value":822},{"Length":1,"Height":28,"Demand":2,"DemandMax":null,"Value":28},{"Length":10,"Height":183,"Demand":1,"DemandMax":null,"Value":1830},{"Length":21,"Height":14,"Demand":1,"DemandMax":null,"Value":294},{"Length":132,"Height":6,"Demand":1,"DemandMax":null,"Value":792},{"Length":201,"Height":32,"Demand":1,"DemandMax":null,"Value":6432},{"Length":4,"Height":5,"Demand":1,"DemandMax":null,"Value":20},{"Length":327,"Height":278,"Demand":1,"DemandMax":null,"Value":90906},{"Length":1,"Height":85,"Demand":1,"DemandMax":null,"Value":85},{"Length":41,"Height":9,"Demand":1,"DemandMax":null,"Value":369},{"Length":55,"Height":6,"Demand":1,"DemandMax":null,"Value":330},{"Length":17,"Height":4,"Demand":1,"DemandMax":null,"Value":68},{"Length":20,"Height":2,"Demand":1,"DemandMax":null,"Value":40},{"Length":1,"Height":4,"Demand":1,"DemandMax":null,"Value":4},{"Length":83,"Height":3,"Demand":2,"DemandMax":null,"Value":249},{"Length":342,"Height":102,"Demand":1,"DemandMax":null,"Value":34884},{"Length":35,"Height":307,"Demand":1,"DemandMax":null,"Value":10745},{"Length":182,"Height":215,"Demand":1,"DemandMax":null,"Value":39130},{"Length":342,"Height":12,"Demand":1,"DemandMax":null,"Value":4104},{"Length":37,"Height":66,"Demand":1,"DemandMax":null,"Value":2442},{"Length":38,"Height":3,"Demand":1,"DemandMax":null,"Value":114},{"Length":303,"Height":5,"Demand":1,"DemandMax":null,"Value":1515},{"Length":43,"Height":1,"Demand":1,"DemandMax":null,"Value":43},{"Length":276,"Height":126,"Demand":1,"DemandMax":null,"Value":34776},{"Length":20,"Height":1,"Demand":1,"DemandMax":null,"Value":20},{"Length":276,"Height":62,"Demand":1,"DemandMax":null,"Value":17112},{"Length":128,"Height":40,"Demand":1,"DemandMax":null,"Value":5120},{"Length":67,"Height":6,"Demand":1,"DemandMax":null,"Value":402},{"Length":19,"Height":1,"Demand":1,"DemandMax":null,"Value":19},{"Length":1,"Height":54,"Demand":1,"DemandMax":null,"Value":54},{"Length":5,"Height":43,"Demand":1,"DemandMax":null,"Value":215},{"Length":35,"Height":5,"Demand":1,"DemandMax":null,"Value":175},{"Length":2,"Height":1,"Demand":1,"DemandMax":null,"Value":2},{"Length":270,"Height":28,"Demand":1,"DemandMax":null,"Value":7560},{"Length":5,"Height":50,"Demand":1,"DemandMax":null,"Value":250},{"Length":58,"Height":135,"Demand":1,"DemandMax":null,"Value":7830},{"Length":314,"Height":14,"Demand":1,"DemandMax":null,"Value":4396},{"Length":41,"Height":2,"Demand":1,"DemandMax":null,"Value":82},{"Length":1,"Height":3,"Demand":2,"DemandMax":null,"Value":3},{"Length":65,"Height":249,"Demand":1,"DemandMax":null,"Value":16185},{"Length":3,"Height":28,"Demand":1,"DemandMax":null,"Value":84},{"Length":28,"Height":14,"Demand":1,"DemandMax":null,"Value":392},{"Length":9,"Height":29,"Demand":1,"DemandMax":null,"Value":261},{"Length":18,"Height":14,"Demand":1,"DemandMax":null,"Value":252},{"Length":5,"Height":3,"Demand":1,"DemandMax":null,"Value":15},{"Length":38,"Height":69,"Demand":1,"DemandMax":null,"Value":2622},{"Length":81,"Height":4,"Demand":1,"DemandMax":null,"Value":324},{"Length":13,"Height":2,"Demand":1,"DemandMax":null,"Value":26},{"Length":342,"Height":30,"Demand":1,"DemandMax":null,"Value":10260},{"Length":7,"Height":131,"Demand":1,"DemandMax":null,"Value":917},{"Length":56,"Height":1,"Demand":2,"DemandMax":null,"Value":56},{"Length":3,"Height":11,"Demand":1,"DemandMax":null,"Value":33},{"Length":137,"Height":1,"Demand":1,"DemandMax":null,"Value":137},{"Length":303,"Height":9,"Demand":1,"DemandMax":null,"Value":2727},{"Length":214,"Height":14,"Demand":1,"DemandMax":null,"Value":2996},{"Length":255,"Height":14,"Demand":1,"DemandMax":null,"Value":3570},{"Length":148,"Height":6,"Demand":1,"DemandMax":null,"Value":888},{"Length":13,"Height":33,"Demand":1,"DemandMax":null,"Value":429},{"Length":37,"Height":1,"Demand":1,"DemandMax":null,"Value":37},{"Length":327,"Height":3,"Demand":1,"DemandMax":null,"Value":981},{"Length":13,"Height":4,"Demand":1,"DemandMax":null,"Value":52},{"Length":15,"Height":1,"Demand":1,"DemandMax":null,"Value":15},{"Length":38,"Height":6,"Demand":1,"DemandMax":null,"Value":228},{"Length":3,"Height":93,"Demand":1,"DemandMax":null,"Value":279},{"Length":102,"Height":4,"Demand":1,"DemandMax":null,"Value":408},{"Length":342,"Height":3,"Demand":1,"DemandMax":null,"Value":1026},{"Length":303,"Height":1,"Demand":1,"DemandMax":null,"Value":303},{"Length":120,"Height":28,"Demand":1,"DemandMax":null,"Value":3360},{"Length":94,"Height":1,"Demand":1,"DemandMax":null,"Value":94},{"Length":13,"Height":250,"Demand":1,"DemandMax":null,"Value":3250},{"Length":3,"Height":142,"Demand":1,"DemandMax":null,"Value":426},{"Length":70,"Height":249,"Demand":1,"DemandMax":null,"Value":17430},{"Length":217,"Height":66,"Demand":1,"DemandMax":null,"Value":14322},{"Length":276,"Height":2,"Demand":1,"DemandMax":null,"Value":552},{"Length":90,"Height":1,"Demand":1,"DemandMax":null,"Value":90},{"Length":137,"Height":15,"Demand":1,"DemandMax":null,"Value":2055}]}