{"Name":"Nice500i3b4","Objects":[{"Length":1000,"Height":266,"Stock":5,"Cost":266000},{"Length":1000,"Height":308,"Stock":4,"Cost":308000},{"Length":1000,"Height":426,"Stock":3,"Cost":426000}],"Items":[{"Length":32,"Height":63,"Demand":2,"DemandMax":null,"Value":2016},{"Length":37,"Height":46,"Demand":1,"DemandMax":null,"Value":1702},{"Length":38,"Height":82,"Demand":1,"DemandMax":null,"Value":3116},{"Length":74,"Height":26,"Demand":1,"DemandMax":null,"Value":1924},{"Length":50,"Height":42,"Demand":1,"DemandMax":null,"Value":2100},{"Length":97,"Height":26,"Demand":1,"DemandMax":null,"Value":2522},{"Length":28,"Height":71,"Demand":2,"DemandMax":null,"Value":1988},{"Length":37,"Height":24,"Demand":2,"DemandMax":null,"Value":888},{"Length":45,"Height":59,"Demand":1,"DemandMax":null,"Value":2655},{"Length":61,"Height":67,"Demand":1,"DemandMax":null,"Value":4087},{"Length":66,"Height":44,"Demand":1,"DemandMax":null,"Value":2904},{"Length":102,"Height":30,"Demand":1,"DemandMax":null,"Value":3060},{"Length":50,"Height":35,"Demand":1,"DemandMax":null,"Value":1750},{"Length":27,"Height":52,"Demand":2,"DemandMax":null,"Value":1404},{"Length":59,"Height":42,"Demand":1,"DemandMax":null,"Value":2478},{"Length":43,"Height":71,"Demand":2,"DemandMax":null,"Value":3053},{"Length":48,"Height":54,"Demand":1,"DemandMax":null,"Value":2592},{"Length":37,"Height":72,"Demand":1,"DemandMax":null,"Value":2664},{"Length":88,"Height":34,"Demand":1,"DemandMax":null,"Value":2992},{"Length":75,"Height":39,"Demand":1,"DemandMax":null,"Value":2925},{"Length":29,"Height":58,"Demand":3,"DemandMax":null,"Value":1682},{"Length":38,"Height":61,"Demand":1,"DemandMax":null,"Value":2318},{"Length":105,"Height":30,"Demand":1,"DemandMax":null,"Value":3150},{"Length":29,"Height":31,"Demand":1,"DemandMax":null,"Value":899},{"Length":58,"Height":60,"Demand":1,"DemandMax":null,"Value":3480},{"Length":43,"Height":56,"Demand":1,"DemandMax":null,"Value":2408},{"Length":27,"Height":89,"Demand":1,"DemandMax":null,"Value":2403},{"Length":54,"Height":54,"Demand":1,"DemandMax":null,"Value":2916},{"Length":52,"Height":18,"Demand":2,"DemandMax":null,"Value":936},{"Length":56,"Height":21,"Demand":1,"DemandMax":null,"Value":1176},{"Length":49,"Height":62,"Demand":1,"DemandMax":null,"Value":3038},{"Length":29,"Height":57,"Demand":1,"DemandMax":null,"Value":1653},{"Length":29,"Height":71,"Demand":3,"DemandMax":null,"Value":2059},{"Length":30,"Height":82,"Demand":2,"DemandMax":null,"Value":2460},{"Length":52,"Height":31,"Demand":4,"DemandMax":null,"Value":1612},{"Length":16,"Height":55,"Demand":1,"DemandMax":null,"Value":880},{"Length":24,"Height":70,"Demand":1,"DemandMax":null,"Value":1680},{"Length":43,"Height":15,"Demand":1,"DemandMax":null,"Value":645},{"Length":41,"Height":43,"Demand":1,"DemandMax":null,"Value":1763},{"Length":59,"Height":28,"Demand":1,"DemandMax":null,"Value":1652},{"Length":30,"Height":45,"Demand":1,"DemandMax":null,"Value":1350},{"Length":29,"Height":101,"Demand":1,"DemandMax":null,"Value":2929},{"Length":50,"Height":63,"Demand":1,"DemandMax":null,"Value":3150},{"Length":33,"Height":72,"Demand":2,"DemandMax":null,"Value":2376},{"Length":25,"Height":66,"Demand":1,"DemandMax":null,"Value":1650},{"Length":54,"Height":31,"Demand":1,"DemandMax":null,"Value":1674},{"Length":19,"Height":69,"Demand":1,"DemandMax":null,"Value":1311},{"Length":47,"Height":40,"Demand":1,"DemandMax":null,"Value":1880},{"Length":30,"Height":58,"Demand":1,"DemandMax":null,"Value":1740},{"Length":34,"Height":67,"Demand":3,"DemandMax":null,"Value":2278},{"Length":57,"Height":42,"Demand":1,"DemandMax":null,"Value":2394},{"Length":54,"Height":38,"Demand":1,"DemandMax":null,"Value":2052},{"Length":31,"Height":52,"Demand":2,"DemandMax":null,"Value":1612},{"Length":28,"Height":25,"Demand":1,"DemandMax":null,"Value":700},{"Length":28,"Height":108,"Demand":1,"DemandMax":null,"Value":3024},{"Length":38,"Height":68,"Demand":1,"DemandMax":null,"Value":2584},{"Length":29,"Height":67,"Demand":1,"DemandMax":null,"Value":1943},{"Length":32,"Height":43,"Demand":1,"DemandMax":null,"Value":1376},{"Length":29,"Height":68,"Demand":1,"DemandMax":null,"Value":1972},{"Length":52,"Height":13,"Demand":1,"DemandMax":null,"Value":676},{"Length":57,"Height":28,"Demand":1,"DemandMax":null,"Value":1596},{"Length":40,"Height":71,"Demand":1,"DemandMax":null,"Value":2840},{"Length":27,"Height":69,"Demand":1,"DemandMax":null,"Value":1863},{"Length":50,"Height":38,"Demand":1,"DemandMax":null,"Value":1900},{"Length":38,"Height":34,"Demand":2,"DemandMax":null,"Value":1292},{"Length":36,"Height":66,"Demand":1,"DemandMax":null,"Value":2376},{"Length":109,"Height":28,"Demand":1,"DemandMax":null,"Value":3052},{"Length":81,"Height":22,"Demand":2,"DemandMax":null,"Value":1782},{"Length":34,"Height":25,"Demand":1,"DemandMax":null,"Value":850},{"Length":57,"Height":32,"Demand":1,"DemandMax":null,"Value":1824},{"Length":36,"Height":36,"Demand":2,"DemandMax":null,"Value":1296},{"Length":57,"Height":47,"Demand":1,"DemandMax":null,"Value":2679},{"Length":28,"Height":100,"Demand":1,"DemandMax":null,"Value":2800},{"Length":75,"Height":26,"Demand":2,"DemandMax":null,"Value":1950},{"Length":38,"Height":91,"Demand":1,"DemandMax":null,"Value":3458},{"Length":31,"Height":107,"Demand":1,"DemandMax":null,"Value":3317},{"Length":53,"Height":57,"Demand":1,"DemandMax":null,"Value":3021},{"Length":24,"Height":35,"Demand":2,"DemandMax":null,"Value":840},{"Length":36,"Height":76,"Demand":1,"DemandMax":null,"Value":2736},{"Length":59,"Height":36,"Demand":1,"DemandMax":null,"Value":2124},{"Length":29,"Height":29,"Demand":1,"DemandMax":null,"Value":841},{"Length":23,"Height":71,"Demand":1,"DemandMax":null,"Value":1633},{"Length":123,"Height":36,"Demand":1,"DemandMax":null,"Value":4428},{"Length":21,"Height":65,"Demand":1,"DemandMax":null,"Value":1365},{"Length":35,"Height":82,"Demand":2,"DemandMax":null,"Value":2870},{"Length":53,"Height":32,"Demand":2,"DemandMax":null,"Value":1696},{"Length":68,"Height":30,"Demand":1,"DemandMax":null,"Value":2040},{"Length":66,"Height":29,"Demand":1,"DemandMax":null,"Value":1914},{"Length":27,"Height":104,"Demand":1,"DemandMax":null,"Value":2808},{"Length":32,"Height":115,"Demand":1,"DemandMax":null,"Value":3680},{"Length":57,"Height":34,"Demand":1,"DemandMax":null,"Value":1938},{"Length":61,"Height":41,"Demand":1,"DemandMax":null,"Value":2501},{"Length":75,"Height":33,"Demand":1,"DemandMax":null,"Value":2475},{"Length":26,"Height":77,"Demand":1,"DemandMax":null,"Value":2002},{"Length":33,"Height":107,"Demand":1,"DemandMax":null,"Value":3531},{"Length":21,"Height":79,"Demand":2,"DemandMax":null,"Value":1659},{"Length":24,"Height":75,"Demand":1,"DemandMax":null,"Value":1800},{"Length":103,"Height":27,"Demand":1,"DemandMax":null,"Value":2781},{"Length":60,"Height":32,"Demand":1,"DemandMax":null,"Value":1920},{"Length":28,"Height":107,"Demand":1,"DemandMax":null,"Value":2996},{"Length":31,"Height":66,"Demand":2,"DemandMax":null,"Value":2046},{"Length":80,"Height":30,"Demand":2,"DemandMax":null,"Value":2400},{"Length":41,"Height":36,"Demand":1,"DemandMax":null,"Value":1476},{"Length":29,"Height":49,"Demand":1,"DemandMax":null,"Value":1421},{"Length":57,"Height":44,"Demand":1,"DemandMax":null,"Value":2508},{"Length":43,"Height":42,"Demand":2,"DemandMax":null,"Value":1806},{"Length":37,"Height":44,"Demand":1,"DemandMax":null,"Value":1628},{"Length":26,"Height":100,"Demand":1,"DemandMax":null,"Value":2600},{"Length":28,"Height":75,"Demand":1,"DemandMax":null,"Value":2100},{"Length":29,"Height":88,"Demand":1,"DemandMax":null,"Value":2552},{"Length":33,"Height":76,"Demand":2,"DemandMax":null,"Value":2508},{"Length":47,"Height":30,"Demand":3,"DemandMax":null,"Value":1410},{"Length":45,"Height":29,"Demand":1,"DemandMax":null,"Value":1305},{"Length":35,"Height":76,"Demand":1,"DemandMax":null,"Value":2660},{"Length":30,"Height":55,"Demand":1,"DemandMax":null,"Value":1650},{"Length":66,"Height":37,"Demand":1,"DemandMax":null,"Value":2442},{"Length":65,"Height":30,"Demand":2,"DemandMax":null,"Value":1950},{"Length":50,"Height":39,"Demand":2,"DemandMax":null,"Value":1950},{"Length":63,"Height":33,"Demand":1,"DemandMax":null,"Value":2079},{"Length":66,"Height":34,"Demand":1,"DemandMax":null,"Value":2244},{"Length":33,"Height":58,"Demand":2,"DemandMax":null,"Value":1914},{"Length":79,"Height":30,"Demand":1,"DemandMax":null,"Value":2370},{"Length":42,"Height":55,"Demand":2,"DemandMax":null,"Value":2310},{"Length":37,"Height":64,"Demand":1,"DemandMax":null,"Value":2368},{"Length":40,"Height":60,"Demand":1,"DemandMax":null,"Value":2400},{"Length":36,"Height":104,"Demand":1,"DemandMax":null,"Value":3744},{"Length":19,"Height":55,"Demand":1,"DemandMax":null,"Value":1045},{"Length":28,"Height":59,"Demand":2,"DemandMax":null,"Value":1652},{"Length":29,"Height":75,"Demand":1,"DemandMax":null,"Value":2175},{"Length":53,"Height":44,"Demand":1,"DemandMax":null,"Value":2332},{"Length":56,"Height":47,"Demand":1,"DemandMax":null,"Value":2632},{"Length":47,"Height":50,"Demand":1,"DemandMax":null,"Value":2350},{"Length":31,"Height":63,"Demand":2,"DemandMax":null,"Value":1953},{"Length":45,"Height":82,"Demand":1,"DemandMax":null,"Value":3690},{"Length":33,"Height":55,"Demand":1,"DemandMax":null,"Value":1815},{"Length":35,"Height":60,"Demand":2,"DemandMax":null,"Value":2100},{"Length":39,"Height":62,"Demand":1,"DemandMax":null,"Value":2418},{"Length":39,"Height":31,"Demand":1,"DemandMax":null,"Value":1209},{"Length":40,"Height":48,"Demand":1,"DemandMax":null,"Value":1920},{"Length":28,"Height":45,"Demand":1,"DemandMax":null,"Value":1260},{"Length":38,"Height":36,"Demand":2,"DemandMax":null,"Value":1368},{"Length":69,"Height":36,"Demand":1,"DemandMax":null,"Value":2484},{"Length":77,"Height":37,"Demand":1,"DemandMax":null,"Value":2849},{"Length":45,"Height":64,"Demand":1,"DemandMax":null,"Value":2880},{"Length":56,"Height":35,"Demand":1,"DemandMax":null,"Value":1960},{"Length":69,"Height":108,"Demand":1,"DemandMax":null,"Value":7452},{"Length":44,"Height":57,"Demand":1,"DemandMax":null,"Value":2508},{"Length":39,"Height":48,"Demand":2,"DemandMax":null,"Value":1872},{"Length":82,"Height":31,"Demand":1,"DemandMax":null,"Value":2542},{"Length":36,"Height":63,"Demand":1,"DemandMax":null,"Value":2268},{"Length":49,"Height":36,"Demand":1,"DemandMax":null,"Value":1764},{"Length":23,"Height":86,"Demand":1,"DemandMax":null,"Value":1978},{"Length":18,"Height":60,"Demand":2,"DemandMax":null,"Value":1080},{"Length":43,"Height":47,"Demand":1,"DemandMax":null,"Value":2021},{"Length":22,"Height":40,"Demand":1,"DemandMax":null,"Value":880},{"Length":62,"Height":32,"Demand":1,"DemandMax":null,"Value":1984},{"Length":34,"Height":101,"Demand":1,"DemandMax":null,"Value":3434},{"Length":21,"Height":80,"Demand":1,"DemandMax":null,"Value":1680},{"Length":36,"Height":67,"Demand":1,"DemandMax":null,"Value":2412},{"Length":53,"Height":29,"Demand":1,"DemandMax":null,"Value":1537},{"Length":37,"Height":61,"Demand":1,"DemandMax":null,"Value":2257},{"Length":58,"Height":30,"Demand":1,"DemandMax":null,"Value":1740},{"Length":43,"Height":31,"Demand":2,"DemandMax":null,"Value":1333},{"Length":30,"Height":66,"Demand":1,"DemandMax":null,"Value":1980},{"Length":27,"Height":79,"Demand":1,"DemandMax":null,"Value":2133},{"Length":40,"Height":52,"Demand":1,"DemandMax":null,"Value":2080},{"Length":28,"Height":62,"Demand":1,"DemandMax":null,"Value":1736},{"Length":32,"Height":88,"Demand":1,"DemandMax":null,"Value":2816},{"Length":43,"Height":76,"Demand":1,"DemandMax":null,"Value":3268},{"Length":43,"Height":50,"Demand":2,"DemandMax":null,"Value":2150},{"Length":56,"Height":29,"Demand":1,"DemandMax":null,"Value":1624},{"Length":38,"Height":33,"Demand":1,"DemandMax":null,"Value":1254},{"Length":48,"Height":50,"Demand":1,"DemandMax":null,"Value":2400},{"Length":53,"Height":31,"Demand":1,"DemandMax":null,"Value":1643},{"Length":79,"Height":37,"Demand":1,"DemandMax":null,"Value":2923},{"Length":31,"Height":71,"Demand":2,"DemandMax":null,"Value":2201},{"Length":47,"Height":27,"Demand":1,"DemandMax":null,"Value":1269},{"Length":32,"Height":51,"Demand":1,"DemandMax":null,"Value":1632},{"Length":46,"Height":18,"Demand":1,"DemandMax":null,"Value":828},{"Length":75,"Height":24,"Demand":2,"DemandMax":null,"Value":1800},{"Length":42,"Height":30,"Demand":1,"DemandMax":null,"Value":1260},{"Length":40,"Height":53,"Demand":1,"DemandMax":null,"Value":2120},{"Length":39,"Height":42,"Demand":1,"DemandMax":null,"Value":1638},{"Length":48,"Height":49,"Demand":1,"DemandMax":null,"Value":2352},{"Length":65,"Height":22,"Demand":1,"DemandMax":null,"Value":1430},{"Length":39,"Height":61,"Demand":1,"DemandMax":null,"Value":2379},{"Length":24,"Height":71,"Demand":1,"DemandMax":null,"Value":1704},{"Length":62,"Height":38,"Demand":1,"DemandMax":null,"Value":2356},{"Length":66,"Height":45,"Demand":1,"DemandMax":null,"Value":2970},{"Length":63,"Height":19,"Demand":1,"DemandMax":null,"Value":1197},{"Length":39,"Height":43,"Demand":2,"DemandMax":null,"Value":1677},{"Length":51,"Height":72,"Demand":1,"DemandMax":null,"Value":3672},{"Length":26,"Height":32,"Demand":2,"DemandMax":null,"Value":832},{"Length":38,"Height":42,"Demand":2,"DemandMax":null,"Value":1596},{"Length":26,"Height":76,"Demand":2,"DemandMax":null,"Value":1976},{"Length":35,"Height":49,"Demand":1,"DemandMax":null,"Value":1715},{"Length":60,"Height":21,"Demand":1,"DemandMax":null,"Value":1260},{"Length":40,"Height":54,"Demand":1,"DemandMax":null,"Value":2160},{"Length":63,"Height":45,"Demand":1,"DemandMax":null,"Value":2835},{"Length":36,"Height":74,"Demand":1,"DemandMax":null,"Value":2664},{"Length":40,"Height":57,"Demand":1,"DemandMax":null,"Value":2280},{"Length":51,"Height":39,"Demand":1,"DemandMax":null,"Value":1989},{"Length":94,"Height":31,"Demand":1,"DemandMax":null,"Value":2914},{"Length":28,"Height":79,"Demand":1,"DemandMax":null,"Value":2212},{"Length":50,"Height":43,"Demand":1,"DemandMax":null,"Value":2150},{"Length":20,"Height":58,"Demand":2,"DemandMax":null,"Value":1160},{"Length":31,"Height":30,"Demand":1,"DemandMax":null,"Value":930},{"Length":64,"Height":37,"Demand":1,"DemandMax":null,"Value":2368},{"Length":21,"Height":62,"Demand":1,"DemandMax":null,"Value":1302},{"Length":33,"Height":67,"Demand":1,"DemandMax":null,"Value":2211},{"Length":43,"Height":53,"Demand":1,"DemandMax":null,"Value":2279},{"Length":80,"Height":32,"Demand":1,"DemandMax":null,"Value":2560},{"Length":50,"Height":20,"Demand":1,"DemandMax":null,"Value":1000},{"Length":33,"Height":26,"Demand":1,"DemandMax":null,"Value":858},{"Length":58,"Height":28,"Demand":1,"DemandMax":null,"Value":1624},{"Length":28,"Height":65,"Demand":1,"DemandMax":null,"Value":1820},{"Length":49,"Height":40,"Demand":1,"DemandMax":null,"Value":1960},{"Length":49,"Height":41,"Demand":1,"DemandMax":null,"Value":2009},{"Length":33,"Height":31,"Demand":1,"DemandMax":null,"Value":1023},{"Length":49,"Height":34,"Demand":1,"DemandMax":null,"Value":1666},{"Length":32,"Height":29,"Demand":1,"DemandMax":null,"Value":928},{"Length":54,"Height":72,"Demand":1,"DemandMax":null,"Value":3888},{"Length":28,"Height":78,"Demand":1,"DemandMax":null,"Value":2184},{"Length":17,"Height":53,"Demand":1,"DemandMax":null,"Value":901},{"Length":39,"Height":41,"Demand":2,"DemandMax":null,"Value":1599},{"Length":52,"Height":34,"Demand":1,"DemandMax":null,"Value":1768},{"Length":52,"Height":39,"Demand":2,"DemandMax":null,"Value":2028},{"Length":43,"Height":66,"Demand":1,"DemandMax":null,"Value":2838},{"Length":39,"Height":104,"Demand":1,"DemandMax":null,"Value":4056},{"Length":39,"Height":58,"Demand":1,"DemandMax":null,"Value":2262},{"Length":41,"Height":63,"Demand":1,"DemandMax":null,"Value":2583},{"Length":40,"Height":67,"Demand":1,"DemandMax":null,"Value":2680},{"Length":35,"Height":66,"Demand":1,"DemandMax":null,"Value":2310},{"Length":38,"Height":43,"Demand":1,"DemandMax":null,"Value":1634},{"Length":74,"Height":34,"Demand":1,"DemandMax":null,"Value":2516},{"Length":50,"Height":45,"Demand":1,"DemandMax":null,"Value":2250},{"Length":62,"Height":40,"Demand":1,"DemandMax":null,"Value":2480},{"Length":50,"Height":44,"Demand":1,"DemandMax":null,"Value":2200},{"Length":23,"Height":92,"Demand":1,"DemandMax":null,"Value":2116},{"Length":46,"Height":46,"Demand":1,"DemandMax":null,"Value":2116},{"Length":53,"Height":45,"Demand":1,"DemandMax":null,"Value":2385},{"Length":75,"Height":106,"Demand":1,"DemandMax":null,"Value":7950},{"Length":63,"Height":16,"Demand":1,"DemandMax":null,"Value":1008},{"Length":63,"Height":34,"Demand":1,"DemandMax":null,"Value":2142},{"Length":63,"Height":88,"Demand":1,"DemandMax":null,"Value":5544},{"Length":45,"Height":28,"Demand":1,"DemandMax":null,"Value":1260},{"Length":33,"Height":63,"Demand":1,"DemandMax":null,"Value":2079},{"Length":16,"Height":61,"Demand":1,"DemandMax":null,"Value":976},{"Length":42,"Height":21,"Demand":1,"DemandMax":null,"Value":882},{"Length":56,"Height":44,"Demand":1,"DemandMax":null,"Value":2464},{"Length":25,"Height":92,"Demand":1,"DemandMax":null,"Value":2300},{"Length":23,"Height":55,"Demand":2,"DemandMax":null,"Value":1265},{"Length":58,"Height":47,"Demand":1,"DemandMax":null,"Value":2726},{"Length":62,"Height":77,"Demand":1,"DemandMax":null,"Value":4774},{"Length":36,"Height":27,"Demand":1,"DemandMax":null,"Value":972},{"Length":59,"Height":31,"Demand":1,"DemandMax":null,"Value":1829},{"Length":89,"Height":88,"Demand":1,"DemandMax":null,"Value":7832},{"Length":48,"Height":41,"Demand":1,"DemandMax":null,"Value":1968},{"Length":68,"Height":37,"Demand":1,"DemandMax":null,"Value":2516},{"Length":50,"Height":41,"Demand":1,"DemandMax":null,"Value":2050},{"Length":29,"Height":70,"Demand":1,"DemandMax":null,"Value":2030},{"Length":27,"Height":98,"Demand":1,"DemandMax":null,"Value":2646},{"Length":30,"Height":61,"Demand":1,"DemandMax":null,"Value":1830},{"Length":46,"Height":28,"Demand":1,"DemandMax":null,"Value":1288},{"Length":32,"Height":75,"Demand":1,"DemandMax":null,"Value":2400},{"Length":75,"Height":34,"Demand":1,"DemandMax":null,"Value":2550},{"Length":43,"Height":52,"Demand":1,"DemandMax":null,"Value":2236},{"Length":51,"Height":56,"Demand":1,"DemandMax":null,"Value":2856},{"Length":16,"Height":58,"Demand":2,"DemandMax":null,"Value":928},{"Length":53,"Height":37,"Demand":1,"DemandMax":null,"Value":1961},{"Length":44,"Height":69,"Demand":1,"DemandMax":null,"Value":3036},{"Length":57,"Height":37,"Demand":1,"DemandMax":null,"Value":2109},{"Length":39,"Height":71,"Demand":1,"DemandMax":null,"Value":2769},{"Length":66,"Height":32,"Demand":1,"DemandMax":null,"Value":2112},{"Length":62,"Height":31,"Demand":1,"DemandMax":null,"Value":1922},{"Length":33,"Height":71,"Demand":1,"DemandMax":null,"Value":2343},{"Length":46,"Height":21,"Demand":1,"DemandMax":null,"Value":966},{"Length":26,"Height":66,"Demand":1,"DemandMax":null,"Value":1716},{"Length":55,"Height":40,"Demand":1,"DemandMax":null,"Value":2200},{"Length":27,"Height":29,"Demand":1,"DemandMax":null,"Value":783},{"Length":32,"Height":33,"Demand":1,"DemandMax":null,"Value":1056},{"Length":60,"Height":34,"Demand":1,"DemandMax":null,"Value":2040},{"Length":21,"Height":68,"Demand":1,"DemandMax":null,"Value":1428},{"Length":44,"Height":45,"Demand":2,"DemandMax":null,"Value":1980},{"Length":20,"Height":68,"Demand":1,"DemandMax":null,"Value":1360},{"Length":50,"Height":18,"Demand":2,"DemandMax":null,"Value":900},{"Length":32,"Height":35,"Demand":1,"DemandMax":null,"Value":1120},{"Length":73,"Height":43,"Demand":1,"DemandMax":null,"Value":3139},{"Length":46,"Height":58,"Demand":1,"DemandMax":null,"Value":2668},{"Length":58,"Height":34,"Demand":1,"DemandMax":null,"Value":1972},{"Length":27,"Height":73,"Demand":1,"DemandMax":null,"Value":1971},{"Length":43,"Height":45,"Demand":1,"DemandMax":null,"Value":1935},{"Length":44,"Height":41,"Demand":1,"DemandMax":null,"Value":1804},{"Length":75,"Height":36,"Demand":1,"DemandMax":null,"Value":2700},{"Length":28,"Height":111,"Demand":1,"DemandMax":null,"Value":3108},{"Length":31,"Height":59,"Demand":1,"DemandMax":null,"Value":1829},{"Length":32,"Height":69,"Demand":1,"DemandMax":null,"Value":2208},{"Length":28,"Height":69,"Demand":1,"DemandMax":null,"Value":1932},{"Length":47,"Height":44,"Demand":1,"DemandMax":null,"Value":2068},{"Length":56,"Height":32,"Demand":1,"DemandMax":null,"Value":1792},{"Length":29,"Height":59,"Demand":1,"DemandMax":null,"Value":1711},{"Length":28,"Height":48,"Demand":1,"DemandMax":null,"Value":1344},{"Length":29,"Height":62,"Demand":1,"DemandMax":null,"Value":1798},{"Length":33,"Height":35,"Demand":2,"DemandMax":null,"Value":1155},{"Length":58,"Height":24,"Demand":1,"DemandMax":null,"Value":1392},{"Length":29,"Height":90,"Demand":1,"DemandMax":null,"Value":2610},{"Length":52,"Height":32,"Demand":1,"DemandMax":null,"Value":1664},{"Length":115,"Height":108,"Demand":1,"DemandMax":null,"Value":12420},{"Length":67,"Height":25,"Demand":1,"DemandMax":null,"Value":1675},{"Length":50,"Height":17,"Demand":1,"DemandMax":null,"Value":850},{"Length":39,"Height":56,"Demand":1,"DemandMax":null,"Value":2184},{"Length":33,"Height":64,"Demand":1,"DemandMax":null,"Value":2112},{"Length":36,"Height":40,"Demand":2,"DemandMax":null,"Value":1440},{"Length":43,"Height":55,"Demand":1,"DemandMax":null,"Value":2365},{"Length":47,"Height":42,"Demand":1,"DemandMax":null,"Value":1974},{"Length":57,"Height":49,"Demand":1,"DemandMax":null,"Value":2793},{"Length":41,"Height":54,"Demand":1,"DemandMax":null,"Value":2214},{"Length":59,"Height":34,"Demand":1,"DemandMax":null,"Value":2006},{"Length":58,"Height":36,"Demand":1,"DemandMax":null,"Value":2088},{"Length":58,"Height":15,"Demand":1,"DemandMax":null,"Value":870},{"Length":25,"Height":70,"Demand":1,"DemandMax":null,"Value":1750},{"Length":62,"Height":27,"Demand":1,"DemandMax":null,"Value":1674},{"Length":31,"Height":86,"Demand":1,"DemandMax":null,"Value":2666},{"Length":44,"Height":71,"Demand":1,"DemandMax":null,"Value":3124},{"Length":30,"Height":35,"Demand":1,"DemandMax":null,"Value":1050},{"Length":33,"Height":74,"Demand":1,"DemandMax":null,"Value":2442},{"Length":56,"Height":33,"Demand":1,"DemandMax":null,"Value":1848},{"Length":55,"Height":42,"Demand":1,"DemandMax":null,"Value":2310},{"Length":64,"Height":28,"Demand":1,"DemandMax":null,"Value":1792},{"Length":62,"Height":36,"Demand":1,"DemandMax":null,"Value":2232},{"Length":36,"Height":45,"Demand":1,"DemandMax":null,"Value":1620},{"Length":17,"Height":51,"Demand":1,"DemandMax":null,"Value":867},{"Length":26,"Height":71,"Demand":1,"DemandMax":null,"Value":1846},{"Length":66,"Height":46,"Demand":1,"DemandMax":null,"Value":3036},{"Length":38,"Height":56,"Demand":1,"DemandMax":null,"Value":2128},{"Length":51,"Height":68,"Demand":1,"DemandMax":null,"Value":3468},{"Length":63,"Height":21,"Demand":2,"DemandMax":null,"Value":1323},{"Length":67,"Height":30,"Demand":1,"DemandMax":null,"Value":2010},{"Length":40,"Height":75,"Demand":1,"DemandMax":null,"Value":3000},{"Length":64,"Height":44,"Demand":1,"DemandMax":null,"Value":2816},{"Length":69,"Height":31,"Demand":1,"DemandMax":null,"Value":2139},{"Length":51,"Height":20,"Demand":2,"DemandMax":null,"Value":1020},{"Length":75,"Height":40,"Demand":1,"DemandMax":null,"Value":3000},{"Length":36,"Height":53,"Demand":1,"DemandMax":null,"Value":1908},{"Length":48,"Height":59,"Demand":1,"DemandMax":null,"Value":2832},{"Length":49,"Height":37,"Demand":1,"DemandMax":null,"Value":1813},{"Length":24,"Height":82,"Demand":1,"DemandMax":null,"Value":1968},{"Length":20,"Height":76,"Demand":1,"DemandMax":null,"Value":1520},{"Length":24,"Height":36,"Demand":1,"DemandMax":null,"Value":864},{"Length":67,"Height":46,"Demand":1,"DemandMax":null,"Value":3082},{"Length":57,"Height":31,"Demand":1,"DemandMax":null,"Value":1767},{"Length":33,"Height":32,"Demand":1,"DemandMax":null,"Value":1056},{"Length":38,"Height":40,"Demand":1,"DemandMax":null,"Value":1520},{"Length":24,"Height":57,"Demand":1,"DemandMax":null,"Value":1368},{"Length":33,"Height":65,"Demand":1,"DemandMax":null,"Value":2145},{"Length":18,"Height":71,"Demand":1,"DemandMax":null,"Value":1278},{"Length":62,"Height":60,"Demand":1,"DemandMax":null,"Value":3720},{"Length":67,"Height":47,"Demand":1,"DemandMax":null,"Value":3149},{"Length":37,"Height":34,"Demand":1,"DemandMax":null,"Value":1258},{"Length":40,"Height":87,"Demand":1,"DemandMax":null,"Value":3480},{"Length":57,"Height":39,"Demand":1,"DemandMax":null,"Value":2223},{"Length":46,"Height":39,"Demand":1,"DemandMax":null,"Value":1794},{"Length":39,"Height":34,"Demand":1,"DemandMax":null,"Value":1326},{"Length":65,"Height":34,"Demand":1,"DemandMax":null,"Value":2210},{"Length":43,"Height":107,"Demand":1,"DemandMax":null,"Value":4601},{"Length":37,"Height":27,"Demand":1,"DemandMax":null,"Value":999},{"Length":54,"Height":33,"Demand":1,"DemandMax":null,"Value":1782},{"Length":26,"Height":68,"Demand":1,"DemandMax":null,"Value":1768},{"Length":22,"Height":68,"Demand":1,"DemandMax":null,"Value":1496},{"Length":38,"Height":46,"Demand":1,"DemandMax":null,"Value":1748},{"Length":58,"Height":29,"Demand":1,"DemandMax":null,"Value":1682},{"Length":45,"Height":36,"Demand":1,"DemandMax":null,"Value":1620},{"Length":43,"Height":33,"Demand":2,"DemandMax":null,"Value":1419},{"Length":29,"Height":55,"Demand":1,"DemandMax":null,"Value":1595},{"Length":37,"Height":47,"Demand":1,"DemandMax":null,"Value":1739},{"Length":59,"Height":16,"Demand":1,"DemandMax":null,"Value":944},{"Length":53,"Height":28,"Demand":1,"DemandMax":null,"Value":1484},{"Length":35,"Height":37,"Demand":1,"DemandMax":null,"Value":1295},{"Length":23,"Height":62,"Demand":1,"DemandMax":null,"Value":1426},{"Length":48,"Height":18,"Demand":2,"DemandMax":null,"Value":864},{"Length":45,"Height":71,"Demand":1,"DemandMax":null,"Value":3195},{"Length":47,"Height":34,"Demand":1,"DemandMax":null,"Value":1598},{"Length":32,"Height":45,"Demand":1,"DemandMax":null,"Value":1440},{"Length":47,"Height":31,"Demand":1,"DemandMax":null,"Value":1457},{"Length":28,"Height":57,"Demand":1,"DemandMax":null,"Value":1596},{"Length":60,"Height":30,"Demand":1,"DemandMax":null,"Value":1800},{"Length":38,"Height":38,"Demand":1,"DemandMax":null,"Value":1444},{"Length":41,"Height":55,"Demand":1,"DemandMax":null,"Value":2255},{"Length":33,"Height":43,"Demand":1,"DemandMax":null,"Value":1419},{"Length":30,"Height":27,"Demand":1,"DemandMax":null,"Value":810},{"Length":22,"Height":31,"Demand":1,"DemandMax":null,"Value":682},{"Length":57,"Height":115,"Demand":1,"DemandMax":null,"Value":6555},{"Length":88,"Height":37,"Demand":1,"DemandMax":null,"Value":3256},{"Length":36,"Height":35,"Demand":1,"DemandMax":null,"Value":1260},{"Length":32,"Height":40,"Demand":2,"DemandMax":null,"Value":1280},{"Length":37,"Height":28,"Demand":1,"DemandMax":null,"Value":1036},{"Length":34,"Height":29,"Demand":1,"DemandMax":null,"Value":986},{"Length":56,"Height":22,"Demand":1,"DemandMax":null,"Value":1232},{"Length":35,"Height":25,"Demand":1,"DemandMax":null,"Value":875},{"Length":28,"Height":63,"Demand":1,"DemandMax":null,"Value":1764},{"Length":57,"Height":24,"Demand":1,"DemandMax":null,"Value":1368},{"Length":46,"Height":31,"Demand":1,"DemandMax":null,"Value":1426},{"Length":31,"Height":47,"Demand":1,"DemandMax":null,"Value":1457},{"Length":29,"Height":42,"Demand":1,"DemandMax":null,"Value":1218},{"Length":20,"Height":69,"Demand":1,"DemandMax":null,"Value":1380},{"Length":20,"Height":51,"Demand":1,"DemandMax":null,"Value":1020},{"Length":42,"Height":57,"Demand":1,"DemandMax":null,"Value":2394},{"Length":26,"Height":41,"Demand":1,"DemandMax":null,"Value":1066},{"Length":63,"Height":22,"Demand":1,"DemandMax":null,"Value":1386},{"Length":59,"Height":25,"Demand":1,"DemandMax":null,"Value":1475},{"Length":26,"Height":37,"Demand":1,"DemandMax":null,"Value":962},{"Length":50,"Height":24,"Demand":1,"DemandMax":null,"Value":1200},{"Length":47,"Height":35,"Demand":1,"DemandMax":null,"Value":1645},{"Length":52,"Height":19,"Demand":1,"DemandMax":null,"Value":988},{"Length":29,"Height":36,"Demand":1,"DemandMax":null,"Value":1044},{"Length":45,"Height":30,"Demand":1,"DemandMax":null,"Value":1350},{"Length":24,"Height":45,"Demand":1,"DemandMax":null,"Value":1080},{"Length":33,"Height":40,"Demand":1,"DemandMax":null,"Value":1320},{"Length":46,"Height":25,"Demand":1,"DemandMax":null,"Value":1150},{"Length":33,"Height":38,"Demand":1,"DemandMax":null,"Value":1254},{"Length":28,"Height":54,"Demand":1,"DemandMax":null,"Value":1512},{"Length":90,"Height":38,"Demand":1,"DemandMax":null,"Value":3420},{"Length":63,"Height":25,"Demand":1,"DemandMax":null,"Value":1575},{"Length":22,"Height":53,"Demand":1,"DemandMax":null,"Value":1166},{"Length":22,"Height":34,"Demand":1,"DemandMax":null,"Value":748},{"Length":39,"Height":27,"Demand":1,"DemandMax":null,"Value":1053},{"Length":27,"Height":61,"Demand":1,"DemandMax":null,"Value":1647},{"Length":35,"Height":27,"Demand":1,"DemandMax":null,"Value":945},{"Length":17,"Height":61,"Demand":1,"DemandMax":null,"Value":1037},{"Length":32,"Height":42,"Demand":1,"DemandMax":null,"Value":1344},{"Length":20,"Height":55,"Demand":1,"DemandMax":null,"Value":1100},{"Length":58,"Height":19,"Demand":1,"DemandMax":null,"Value":1102},{"Length":28,"Height":39,"Demand":1,"DemandMax":null,"Value":1092},{"Length":43,"Height":16,"Demand":1,"DemandMax":null,"Value":688},{"Length":50,"Height":22,"Demand":1,"DemandMax":null,"Value":1100},{"Length":37,"Height":51,"Demand":1,"DemandMax":null,"Value":1887}]}