{"Name":"Nice50i6b2","Objects":[{"Length":1000,"Height":281,"Stock":5,"Cost":281000},{"Length":299,"Height":305,"Stock":3,"Cost":91195},{"Length":326,"Height":310,"Stock":3,"Cost":101060},{"Length":299,"Height":414,"Stock":3,"Cost":123786},{"Length":701,"Height":409,"Stock":2,"Cost":286709},{"Length":375,"Height":310,"Stock":4,"Cost":116250}],"Items":[{"Length":184,"Height":281,"Demand":1,"DemandMax":null,"Value":51704},{"Length":112,"Height":87,"Demand":1,"DemandMax":null,"Value":9744},{"Length":152,"Height":145,"Demand":1,"DemandMax":null,"Value":22040},{"Length":131,"Height":94,"Demand":1,"DemandMax":null,"Value":12314},{"Length":137,"Height":90,"Demand":1,"DemandMax":null,"Value":12330},{"Length":84,"Height":104,"Demand":1,"DemandMax":null,"Value":8736},{"Length":122,"Height":134,"Demand":1,"DemandMax":null,"Value":16348},{"Length":103,"Height":96,"Demand":1,"DemandMax":null,"Value":9888},{"Length":134,"Height":124,"Demand":1,"DemandMax":null,"Value":16616},{"Length":73,"Height":216,"Demand":1,"DemandMax":null,"Value":15768},{"Length":174,"Height":95,"Demand":1,"DemandMax":null,"Value":16530},{"Length":77,"Height":194,"Demand":1,"DemandMax":null,"Value":14938},{"Length":145,"Height":193,"Demand":1,"DemandMax":null,"Value":27985},{"Length":88,"Height":220,"Demand":1,"DemandMax":null,"Value":19360},{"Length":123,"Height":216,"Demand":1,"DemandMax":null,"Value":26568},{"Length":61,"Height":218,"Demand":2,"DemandMax":null,"Value":13298},{"Length":134,"Height":216,"Demand":1,"DemandMax":null,"Value":28944},{"Length":91,"Height":194,"Demand":1,"DemandMax":null,"Value":17654},{"Length":171,"Height":103,"Demand":1,"DemandMax":null,"Value":17613},{"Length":78,"Height":206,"Demand":1,"DemandMax":null,"Value":16068},{"Length":109,"Height":216,"Demand":1,"DemandMax":null,"Value":23544},{"Length":161,"Height":281,"Demand":1,"DemandMax":null,"Value":45241},{"Length":194,"Height":104,"Demand":1,"DemandMax":null,"Value":20176},{"Length":119,"Height":218,"Demand":1,"DemandMax":null,"Value":25942},{"Length":206,"Height":90,"Demand":1,"DemandMax":null,"Value":18540},{"Length":131,"Height":100,"Demand":1,"DemandMax":null,"Value":13100},{"Length":77,"Height":215,"Demand":1,"DemandMax":null,"Value":16555},{"Length":82,"Height":193,"Demand":1,"DemandMax":null,"Value":15826},{"Length":172,"Height":103,"Demand":1,"DemandMax":null,"Value":17716},{"Length":262,"Height":78,"Demand":1,"DemandMax":null,"Value":20436},{"Length":262,"Height":69,"Demand":2,"DemandMax":null,"Value":18078},{"Length":108,"Height":220,"Demand":1,"DemandMax":null,"Value":23760},{"Length":149,"Height":157,"Demand":1,"DemandMax":null,"Value":23393},{"Length":152,"Height":165,"Demand":1,"DemandMax":null,"Value":25080},{"Length":65,"Height":193,"Demand":1,"DemandMax":null,"Value":12545},{"Length":191,"Height":124,"Demand":1,"DemandMax":null,"Value":23684},{"Length":58,"Height":218,"Demand":1,"DemandMax":null,"Value":12644},{"Length":122,"Height":147,"Demand":1,"DemandMax":null,"Value":17934},{"Length":97,"Height":215,"Demand":1,"DemandMax":null,"Value":20855},{"Length":176,"Height":157,"Demand":1,"DemandMax":null,"Value":27632},{"Length":212,"Height":206,"Demand":1,"DemandMax":null,"Value":43672},{"Length":85,"Height":102,"Demand":1,"DemandMax":null,"Value":8670},{"Length":208,"Height":281,"Demand":1,"DemandMax":null,"Value":58448},{"Length":187,"Height":87,"Demand":1,"DemandMax":null,"Value":16269},{"Length":66,"Height":193,"Demand":1,"DemandMax":null,"Value":12738},{"Length":85,"Height":104,"Demand":1,"DemandMax":null,"Value":8840},{"Length":97,"Height":104,"Demand":1,"DemandMax":null,"Value":10088},{"Length":103,"Height":124,"Demand":1,"DemandMax":null,"Value":12772}]}