{"Name":"Nice50i3b5","Objects":[{"Length":478,"Height":402,"Stock":1,"Cost":192156},{"Length":1000,"Height":598,"Stock":6,"Cost":598000},{"Length":522,"Height":402,"Stock":2,"Cost":209844}],"Items":[{"Length":112,"Height":402,"Demand":1,"DemandMax":null,"Value":45024},{"Length":139,"Height":62,"Demand":1,"DemandMax":null,"Value":8618},{"Length":72,"Height":92,"Demand":1,"DemandMax":null,"Value":6624},{"Length":168,"Height":153,"Demand":1,"DemandMax":null,"Value":25704},{"Length":255,"Height":158,"Demand":1,"DemandMax":null,"Value":40290},{"Length":148,"Height":140,"Demand":1,"DemandMax":null,"Value":20720},{"Length":123,"Height":261,"Demand":1,"DemandMax":null,"Value":32103},{"Length":120,"Height":164,"Demand":1,"DemandMax":null,"Value":19680},{"Length":75,"Height":184,"Demand":1,"DemandMax":null,"Value":13800},{"Length":107,"Height":198,"Demand":1,"DemandMax":null,"Value":21186},{"Length":66,"Height":261,"Demand":1,"DemandMax":null,"Value":17226},{"Length":119,"Height":64,"Demand":1,"DemandMax":null,"Value":7616},{"Length":89,"Height":158,"Demand":1,"DemandMax":null,"Value":14062},{"Length":264,"Height":179,"Demand":1,"DemandMax":null,"Value":47256},{"Length":193,"Height":71,"Demand":1,"DemandMax":null,"Value":13703},{"Length":111,"Height":68,"Demand":1,"DemandMax":null,"Value":7548},{"Length":156,"Height":261,"Demand":2,"DemandMax":null,"Value":40716},{"Length":219,"Height":87,"Demand":1,"DemandMax":null,"Value":19053},{"Length":111,"Height":58,"Demand":1,"DemandMax":null,"Value":6438},{"Length":68,"Height":262,"Demand":1,"DemandMax":null,"Value":17816},{"Length":132,"Height":188,"Demand":1,"DemandMax":null,"Value":24816},{"Length":120,"Height":173,"Demand":1,"DemandMax":null,"Value":20760},{"Length":107,"Height":204,"Demand":1,"DemandMax":null,"Value":21828},{"Length":69,"Height":188,"Demand":1,"DemandMax":null,"Value":12972},{"Length":111,"Height":76,"Demand":1,"DemandMax":null,"Value":8436},{"Length":101,"Height":138,"Demand":1,"DemandMax":null,"Value":13938},{"Length":184,"Height":132,"Demand":1,"DemandMax":null,"Value":24288},{"Length":80,"Height":105,"Demand":1,"DemandMax":null,"Value":8400},{"Length":111,"Height":129,"Demand":1,"DemandMax":null,"Value":14319},{"Length":202,"Height":138,"Demand":1,"DemandMax":null,"Value":27876},{"Length":93,"Height":184,"Demand":1,"DemandMax":null,"Value":17112},{"Length":192,"Height":76,"Demand":1,"DemandMax":null,"Value":14592},{"Length":292,"Height":129,"Demand":1,"DemandMax":null,"Value":37668},{"Length":219,"Height":127,"Demand":1,"DemandMax":null,"Value":27813},{"Length":139,"Height":67,"Demand":1,"DemandMax":null,"Value":9313},{"Length":175,"Height":158,"Demand":1,"DemandMax":null,"Value":27650},{"Length":255,"Height":115,"Demand":1,"DemandMax":null,"Value":29325},{"Length":133,"Height":188,"Demand":1,"DemandMax":null,"Value":25004},{"Length":84,"Height":132,"Demand":1,"DemandMax":null,"Value":11088},{"Length":80,"Height":157,"Demand":1,"DemandMax":null,"Value":12560},{"Length":193,"Height":194,"Demand":1,"DemandMax":null,"Value":37442},{"Length":136,"Height":64,"Demand":1,"DemandMax":null,"Value":8704},{"Length":163,"Height":132,"Demand":1,"DemandMax":null,"Value":21516},{"Length":111,"Height":65,"Demand":1,"DemandMax":null,"Value":7215},{"Length":116,"Height":188,"Demand":1,"DemandMax":null,"Value":21808},{"Length":68,"Height":261,"Demand":1,"DemandMax":null,"Value":17748},{"Length":111,"Height":82,"Demand":1,"DemandMax":null,"Value":9102},{"Length":72,"Height":96,"Demand":1,"DemandMax":null,"Value":6912},{"Length":193,"Height":72,"Demand":1,"DemandMax":null,"Value":13896}]}