{"Name":"Path400i2b5","Objects":[{"Length":1000,"Height":380,"Stock":4,"Cost":380000},{"Length":1000,"Height":620,"Stock":4,"Cost":620000}],"Items":[{"Length":169,"Height":380,"Demand":1,"DemandMax":null,"Value":64220},{"Length":17,"Height":22,"Demand":1,"DemandMax":null,"Value":374},{"Length":35,"Height":373,"Demand":1,"DemandMax":null,"Value":13055},{"Length":32,"Height":363,"Demand":1,"DemandMax":null,"Value":11616},{"Length":10,"Height":1,"Demand":4,"DemandMax":null,"Value":10},{"Length":4,"Height":247,"Demand":1,"DemandMax":null,"Value":988},{"Length":76,"Height":135,"Demand":1,"DemandMax":null,"Value":10260},{"Length":1,"Height":1,"Demand":55,"DemandMax":null,"Value":1},{"Length":7,"Height":41,"Demand":2,"DemandMax":null,"Value":287},{"Length":2,"Height":305,"Demand":1,"DemandMax":null,"Value":610},{"Length":2,"Height":12,"Demand":1,"DemandMax":null,"Value":24},{"Length":2,"Height":23,"Demand":1,"DemandMax":null,"Value":46},{"Length":10,"Height":380,"Demand":1,"DemandMax":null,"Value":3800},{"Length":48,"Height":380,"Demand":1,"DemandMax":null,"Value":18240},{"Length":14,"Height":263,"Demand":2,"DemandMax":null,"Value":3682},{"Length":1,"Height":263,"Demand":1,"DemandMax":null,"Value":263},{"Length":17,"Height":15,"Demand":1,"DemandMax":null,"Value":255},{"Length":1,"Height":11,"Demand":4,"DemandMax":null,"Value":11},{"Length":1,"Height":3,"Demand":10,"DemandMax":null,"Value":3},{"Length":9,"Height":13,"Demand":1,"DemandMax":null,"Value":117},{"Length":1,"Height":229,"Demand":1,"DemandMax":null,"Value":229},{"Length":1,"Height":96,"Demand":2,"DemandMax":null,"Value":96},{"Length":17,"Height":10,"Demand":1,"DemandMax":null,"Value":170},{"Length":16,"Height":25,"Demand":1,"DemandMax":null,"Value":400},{"Length":16,"Height":108,"Demand":1,"DemandMax":null,"Value":1728},{"Length":32,"Height":380,"Demand":1,"DemandMax":null,"Value":12160},{"Length":1,"Height":2,"Demand":16,"DemandMax":null,"Value":2},{"Length":13,"Height":1,"Demand":1,"DemandMax":null,"Value":13},{"Length":1,"Height":5,"Demand":6,"DemandMax":null,"Value":5},{"Length":2,"Height":4,"Demand":1,"DemandMax":null,"Value":8},{"Length":15,"Height":355,"Demand":1,"DemandMax":null,"Value":5325},{"Length":1,"Height":4,"Demand":7,"DemandMax":null,"Value":4},{"Length":17,"Height":4,"Demand":4,"DemandMax":null,"Value":68},{"Length":31,"Height":193,"Demand":1,"DemandMax":null,"Value":5983},{"Length":2,"Height":1,"Demand":5,"DemandMax":null,"Value":2},{"Length":3,"Height":57,"Demand":1,"DemandMax":null,"Value":171},{"Length":4,"Height":357,"Demand":1,"DemandMax":null,"Value":1428},{"Length":1,"Height":42,"Demand":1,"DemandMax":null,"Value":42},{"Length":66,"Height":91,"Demand":1,"DemandMax":null,"Value":6006},{"Length":44,"Height":357,"Demand":1,"DemandMax":null,"Value":15708},{"Length":8,"Height":1,"Demand":2,"DemandMax":null,"Value":8},{"Length":3,"Height":1,"Demand":7,"DemandMax":null,"Value":3},{"Length":13,"Height":4,"Demand":1,"DemandMax":null,"Value":52},{"Length":1,"Height":184,"Demand":1,"DemandMax":null,"Value":184},{"Length":19,"Height":11,"Demand":1,"DemandMax":null,"Value":209},{"Length":72,"Height":247,"Demand":1,"DemandMax":null,"Value":17784},{"Length":3,"Height":195,"Demand":1,"DemandMax":null,"Value":585},{"Length":74,"Height":163,"Demand":1,"DemandMax":null,"Value":12062},{"Length":1,"Height":15,"Demand":3,"DemandMax":null,"Value":15},{"Length":288,"Height":25,"Demand":1,"DemandMax":null,"Value":7200},{"Length":15,"Height":181,"Demand":1,"DemandMax":null,"Value":2715},{"Length":111,"Height":137,"Demand":1,"DemandMax":null,"Value":15207},{"Length":6,"Height":24,"Demand":1,"DemandMax":null,"Value":144},{"Length":288,"Height":39,"Demand":1,"DemandMax":null,"Value":11232},{"Length":4,"Height":93,"Demand":1,"DemandMax":null,"Value":372},{"Length":51,"Height":48,"Demand":1,"DemandMax":null,"Value":2448},{"Length":15,"Height":87,"Demand":1,"DemandMax":null,"Value":1305},{"Length":16,"Height":231,"Demand":1,"DemandMax":null,"Value":3696},{"Length":1,"Height":32,"Demand":1,"DemandMax":null,"Value":32},{"Length":3,"Height":3,"Demand":3,"DemandMax":null,"Value":9},{"Length":47,"Height":357,"Demand":1,"DemandMax":null,"Value":16779},{"Length":215,"Height":150,"Demand":1,"DemandMax":null,"Value":32250},{"Length":175,"Height":149,"Demand":1,"DemandMax":null,"Value":26075},{"Length":1,"Height":40,"Demand":1,"DemandMax":null,"Value":40},{"Length":15,"Height":2,"Demand":2,"DemandMax":null,"Value":30},{"Length":8,"Height":58,"Demand":1,"DemandMax":null,"Value":464},{"Length":56,"Height":71,"Demand":1,"DemandMax":null,"Value":3976},{"Length":6,"Height":10,"Demand":1,"DemandMax":null,"Value":60},{"Length":3,"Height":75,"Demand":1,"DemandMax":null,"Value":225},{"Length":74,"Height":194,"Demand":1,"DemandMax":null,"Value":14356},{"Length":22,"Height":39,"Demand":1,"DemandMax":null,"Value":858},{"Length":17,"Height":64,"Demand":1,"DemandMax":null,"Value":1088},{"Length":146,"Height":1,"Demand":1,"DemandMax":null,"Value":146},{"Length":52,"Height":14,"Demand":1,"DemandMax":null,"Value":728},{"Length":3,"Height":92,"Demand":1,"DemandMax":null,"Value":276},{"Length":5,"Height":32,"Demand":1,"DemandMax":null,"Value":160},{"Length":3,"Height":12,"Demand":1,"DemandMax":null,"Value":36},{"Length":30,"Height":131,"Demand":1,"DemandMax":null,"Value":3930},{"Length":3,"Height":19,"Demand":1,"DemandMax":null,"Value":57},{"Length":175,"Height":32,"Demand":1,"DemandMax":null,"Value":5600},{"Length":1,"Height":7,"Demand":1,"DemandMax":null,"Value":7},{"Length":58,"Height":1,"Demand":1,"DemandMax":null,"Value":58},{"Length":34,"Height":94,"Demand":1,"DemandMax":null,"Value":3196},{"Length":40,"Height":5,"Demand":1,"DemandMax":null,"Value":200},{"Length":30,"Height":226,"Demand":1,"DemandMax":null,"Value":6780},{"Length":1,"Height":192,"Demand":1,"DemandMax":null,"Value":192},{"Length":3,"Height":216,"Demand":1,"DemandMax":null,"Value":648},{"Length":66,"Height":100,"Demand":1,"DemandMax":null,"Value":6600},{"Length":1,"Height":18,"Demand":3,"DemandMax":null,"Value":18},{"Length":1,"Height":90,"Demand":1,"DemandMax":null,"Value":90},{"Length":40,"Height":148,"Demand":1,"DemandMax":null,"Value":5920},{"Length":24,"Height":71,"Demand":1,"DemandMax":null,"Value":1704},{"Length":6,"Height":2,"Demand":1,"DemandMax":null,"Value":12},{"Length":37,"Height":7,"Demand":2,"DemandMax":null,"Value":259},{"Length":10,"Height":29,"Demand":2,"DemandMax":null,"Value":290},{"Length":33,"Height":2,"Demand":1,"DemandMax":null,"Value":66},{"Length":49,"Height":4,"Demand":1,"DemandMax":null,"Value":196},{"Length":9,"Height":47,"Demand":1,"DemandMax":null,"Value":423},{"Length":58,"Height":380,"Demand":1,"DemandMax":null,"Value":22040},{"Length":5,"Height":40,"Demand":1,"DemandMax":null,"Value":200},{"Length":1,"Height":310,"Demand":1,"DemandMax":null,"Value":310},{"Length":1,"Height":20,"Demand":2,"DemandMax":null,"Value":20},{"Length":1,"Height":6,"Demand":3,"DemandMax":null,"Value":6},{"Length":12,"Height":116,"Demand":1,"DemandMax":null,"Value":1392},{"Length":156,"Height":263,"Demand":1,"DemandMax":null,"Value":41028},{"Length":4,"Height":1,"Demand":5,"DemandMax":null,"Value":4},{"Length":40,"Height":21,"Demand":1,"DemandMax":null,"Value":840},{"Length":8,"Height":68,"Demand":1,"DemandMax":null,"Value":544},{"Length":1,"Height":8,"Demand":5,"DemandMax":null,"Value":8},{"Length":98,"Height":380,"Demand":1,"DemandMax":null,"Value":37240},{"Length":5,"Height":1,"Demand":2,"DemandMax":null,"Value":5},{"Length":159,"Height":373,"Demand":1,"DemandMax":null,"Value":59307},{"Length":1,"Height":28,"Demand":1,"DemandMax":null,"Value":28},{"Length":4,"Height":4,"Demand":1,"DemandMax":null,"Value":16},{"Length":38,"Height":22,"Demand":1,"DemandMax":null,"Value":836},{"Length":1,"Height":95,"Demand":1,"DemandMax":null,"Value":95},{"Length":66,"Height":21,"Demand":1,"DemandMax":null,"Value":1386},{"Length":19,"Height":263,"Demand":1,"DemandMax":null,"Value":4997},{"Length":41,"Height":355,"Demand":1,"DemandMax":null,"Value":14555},{"Length":29,"Height":61,"Demand":1,"DemandMax":null,"Value":1769},{"Length":10,"Height":263,"Demand":1,"DemandMax":null,"Value":2630},{"Length":35,"Height":1,"Demand":1,"DemandMax":null,"Value":35},{"Length":51,"Height":5,"Demand":1,"DemandMax":null,"Value":255},{"Length":1,"Height":43,"Demand":1,"DemandMax":null,"Value":43},{"Length":2,"Height":14,"Demand":1,"DemandMax":null,"Value":28},{"Length":89,"Height":86,"Demand":1,"DemandMax":null,"Value":7654},{"Length":16,"Height":127,"Demand":1,"DemandMax":null,"Value":2032},{"Length":19,"Height":57,"Demand":1,"DemandMax":null,"Value":1083},{"Length":1,"Height":380,"Demand":2,"DemandMax":null,"Value":380},{"Length":25,"Height":15,"Demand":1,"DemandMax":null,"Value":375},{"Length":53,"Height":263,"Demand":1,"DemandMax":null,"Value":13939},{"Length":175,"Height":12,"Demand":1,"DemandMax":null,"Value":2100},{"Length":1,"Height":260,"Demand":1,"DemandMax":null,"Value":260},{"Length":3,"Height":2,"Demand":6,"DemandMax":null,"Value":6},{"Length":30,"Height":62,"Demand":1,"DemandMax":null,"Value":1860},{"Length":12,"Height":77,"Demand":1,"DemandMax":null,"Value":924},{"Length":2,"Height":7,"Demand":1,"DemandMax":null,"Value":14},{"Length":23,"Height":1,"Demand":1,"DemandMax":null,"Value":23},{"Length":1,"Height":47,"Demand":2,"DemandMax":null,"Value":47},{"Length":21,"Height":373,"Demand":1,"DemandMax":null,"Value":7833},{"Length":78,"Height":380,"Demand":1,"DemandMax":null,"Value":29640},{"Length":36,"Height":5,"Demand":1,"DemandMax":null,"Value":180},{"Length":8,"Height":63,"Demand":1,"DemandMax":null,"Value":504},{"Length":11,"Height":61,"Demand":1,"DemandMax":null,"Value":671},{"Length":71,"Height":219,"Demand":1,"DemandMax":null,"Value":15549},{"Length":34,"Height":269,"Demand":1,"DemandMax":null,"Value":9146},{"Length":5,"Height":3,"Demand":2,"DemandMax":null,"Value":15},{"Length":17,"Height":6,"Demand":1,"DemandMax":null,"Value":102},{"Length":19,"Height":2,"Demand":1,"DemandMax":null,"Value":38},{"Length":1,"Height":10,"Demand":3,"DemandMax":null,"Value":10},{"Length":38,"Height":380,"Demand":1,"DemandMax":null,"Value":14440},{"Length":10,"Height":7,"Demand":1,"DemandMax":null,"Value":70},{"Length":50,"Height":192,"Demand":1,"DemandMax":null,"Value":9600},{"Length":153,"Height":116,"Demand":1,"DemandMax":null,"Value":17748},{"Length":72,"Height":12,"Demand":1,"DemandMax":null,"Value":864},{"Length":1,"Height":34,"Demand":1,"DemandMax":null,"Value":34},{"Length":1,"Height":17,"Demand":1,"DemandMax":null,"Value":17},{"Length":1,"Height":116,"Demand":1,"DemandMax":null,"Value":116},{"Length":1,"Height":16,"Demand":1,"DemandMax":null,"Value":16},{"Length":15,"Height":6,"Demand":1,"DemandMax":null,"Value":90},{"Length":3,"Height":199,"Demand":1,"DemandMax":null,"Value":597},{"Length":1,"Height":199,"Demand":2,"DemandMax":null,"Value":199},{"Length":1,"Height":214,"Demand":1,"DemandMax":null,"Value":214},{"Length":5,"Height":47,"Demand":1,"DemandMax":null,"Value":235},{"Length":12,"Height":1,"Demand":1,"DemandMax":null,"Value":12},{"Length":34,"Height":1,"Demand":1,"DemandMax":null,"Value":34},{"Length":47,"Height":198,"Demand":1,"DemandMax":null,"Value":9306},{"Length":1,"Height":114,"Demand":1,"DemandMax":null,"Value":114},{"Length":1,"Height":24,"Demand":1,"DemandMax":null,"Value":24},{"Length":210,"Height":28,"Demand":1,"DemandMax":null,"Value":5880},{"Length":2,"Height":22,"Demand":1,"DemandMax":null,"Value":44},{"Length":59,"Height":41,"Demand":1,"DemandMax":null,"Value":2419},{"Length":1,"Height":9,"Demand":2,"DemandMax":null,"Value":9},{"Length":6,"Height":25,"Demand":1,"DemandMax":null,"Value":150},{"Length":4,"Height":29,"Demand":1,"DemandMax":null,"Value":116},{"Length":2,"Height":192,"Demand":1,"DemandMax":null,"Value":384},{"Length":16,"Height":82,"Demand":1,"DemandMax":null,"Value":1312},{"Length":29,"Height":274,"Demand":1,"DemandMax":null,"Value":7946},{"Length":6,"Height":1,"Demand":1,"DemandMax":null,"Value":6},{"Length":19,"Height":243,"Demand":1,"DemandMax":null,"Value":4617},{"Length":16,"Height":40,"Demand":1,"DemandMax":null,"Value":640},{"Length":1,"Height":44,"Demand":1,"DemandMax":null,"Value":44},{"Length":5,"Height":24,"Demand":1,"DemandMax":null,"Value":120},{"Length":103,"Height":80,"Demand":1,"DemandMax":null,"Value":8240},{"Length":5,"Height":7,"Demand":1,"DemandMax":null,"Value":35},{"Length":4,"Height":85,"Demand":1,"DemandMax":null,"Value":340},{"Length":29,"Height":2,"Demand":1,"DemandMax":null,"Value":58},{"Length":17,"Height":1,"Demand":2,"DemandMax":null,"Value":17},{"Length":56,"Height":151,"Demand":1,"DemandMax":null,"Value":8456},{"Length":139,"Height":219,"Demand":1,"DemandMax":null,"Value":30441},{"Length":17,"Height":28,"Demand":1,"DemandMax":null,"Value":476},{"Length":52,"Height":75,"Demand":1,"DemandMax":null,"Value":3900},{"Length":49,"Height":2,"Demand":1,"DemandMax":null,"Value":98},{"Length":72,"Height":35,"Demand":1,"DemandMax":null,"Value":2520},{"Length":2,"Height":8,"Demand":1,"DemandMax":null,"Value":16},{"Length":66,"Height":243,"Demand":1,"DemandMax":null,"Value":16038},{"Length":135,"Height":116,"Demand":1,"DemandMax":null,"Value":15660},{"Length":199,"Height":96,"Demand":1,"DemandMax":null,"Value":19104},{"Length":4,"Height":3,"Demand":1,"DemandMax":null,"Value":12},{"Length":2,"Height":2,"Demand":1,"DemandMax":null,"Value":4},{"Length":67,"Height":30,"Demand":1,"DemandMax":null,"Value":2010},{"Length":6,"Height":58,"Demand":1,"DemandMax":null,"Value":348},{"Length":1,"Height":31,"Demand":1,"DemandMax":null,"Value":31},{"Length":1,"Height":71,"Demand":1,"DemandMax":null,"Value":71},{"Length":3,"Height":38,"Demand":1,"DemandMax":null,"Value":114},{"Length":26,"Height":243,"Demand":1,"DemandMax":null,"Value":6318},{"Length":1,"Height":305,"Demand":3,"DemandMax":null,"Value":305},{"Length":3,"Height":29,"Demand":1,"DemandMax":null,"Value":87},{"Length":10,"Height":373,"Demand":1,"DemandMax":null,"Value":3730},{"Length":1,"Height":227,"Demand":1,"DemandMax":null,"Value":227},{"Length":37,"Height":4,"Demand":1,"DemandMax":null,"Value":148},{"Length":11,"Height":96,"Demand":1,"DemandMax":null,"Value":1056},{"Length":17,"Height":53,"Demand":1,"DemandMax":null,"Value":901},{"Length":5,"Height":71,"Demand":1,"DemandMax":null,"Value":355},{"Length":10,"Height":57,"Demand":1,"DemandMax":null,"Value":570},{"Length":1,"Height":26,"Demand":1,"DemandMax":null,"Value":26},{"Length":7,"Height":7,"Demand":1,"DemandMax":null,"Value":49},{"Length":10,"Height":8,"Demand":1,"DemandMax":null,"Value":80},{"Length":76,"Height":15,"Demand":1,"DemandMax":null,"Value":1140},{"Length":89,"Height":154,"Demand":1,"DemandMax":null,"Value":13706},{"Length":32,"Height":146,"Demand":1,"DemandMax":null,"Value":4672},{"Length":29,"Height":39,"Demand":1,"DemandMax":null,"Value":1131},{"Length":45,"Height":17,"Demand":1,"DemandMax":null,"Value":765},{"Length":82,"Height":373,"Demand":1,"DemandMax":null,"Value":30586},{"Length":16,"Height":149,"Demand":1,"DemandMax":null,"Value":2384},{"Length":17,"Height":19,"Demand":1,"DemandMax":null,"Value":323},{"Length":11,"Height":263,"Demand":1,"DemandMax":null,"Value":2893},{"Length":11,"Height":81,"Demand":1,"DemandMax":null,"Value":891},{"Length":10,"Height":2,"Demand":1,"DemandMax":null,"Value":20},{"Length":10,"Height":96,"Demand":1,"DemandMax":null,"Value":960},{"Length":15,"Height":15,"Demand":1,"DemandMax":null,"Value":225},{"Length":24,"Height":146,"Demand":1,"DemandMax":null,"Value":3504},{"Length":16,"Height":121,"Demand":1,"DemandMax":null,"Value":1936},{"Length":44,"Height":68,"Demand":1,"DemandMax":null,"Value":2992},{"Length":1,"Height":195,"Demand":1,"DemandMax":null,"Value":195},{"Length":2,"Height":39,"Demand":1,"DemandMax":null,"Value":78},{"Length":49,"Height":357,"Demand":1,"DemandMax":null,"Value":17493},{"Length":15,"Height":12,"Demand":1,"DemandMax":null,"Value":180},{"Length":6,"Height":373,"Demand":1,"DemandMax":null,"Value":2238},{"Length":56,"Height":198,"Demand":1,"DemandMax":null,"Value":11088},{"Length":4,"Height":380,"Demand":1,"DemandMax":null,"Value":1520},{"Length":49,"Height":41,"Demand":1,"DemandMax":null,"Value":2009},{"Length":66,"Height":36,"Demand":1,"DemandMax":null,"Value":2376},{"Length":49,"Height":102,"Demand":1,"DemandMax":null,"Value":4998},{"Length":15,"Height":176,"Demand":1,"DemandMax":null,"Value":2640},{"Length":2,"Height":260,"Demand":1,"DemandMax":null,"Value":520},{"Length":5,"Height":11,"Demand":1,"DemandMax":null,"Value":55},{"Length":67,"Height":66,"Demand":1,"DemandMax":null,"Value":4422},{"Length":2,"Height":47,"Demand":1,"DemandMax":null,"Value":94},{"Length":54,"Height":102,"Demand":1,"DemandMax":null,"Value":5508},{"Length":9,"Height":4,"Demand":1,"DemandMax":null,"Value":36},{"Length":4,"Height":24,"Demand":1,"DemandMax":null,"Value":96}]}