{"Name":"Nice500i6b1","Objects":[{"Length":440,"Height":361,"Stock":5,"Cost":158840},{"Length":1000,"Height":300,"Stock":1,"Cost":300000},{"Length":275,"Height":178,"Stock":5,"Cost":48950},{"Length":285,"Height":361,"Stock":6,"Cost":102885},{"Length":1000,"Height":339,"Stock":5,"Cost":339000},{"Length":275,"Height":183,"Stock":1,"Cost":50325}],"Items":[{"Length":48,"Height":24,"Demand":2,"DemandMax":null,"Value":1152},{"Length":80,"Height":30,"Demand":1,"DemandMax":null,"Value":2400},{"Length":48,"Height":41,"Demand":1,"DemandMax":null,"Value":1968},{"Length":61,"Height":35,"Demand":1,"DemandMax":null,"Value":2135},{"Length":22,"Height":81,"Demand":1,"DemandMax":null,"Value":1782},{"Length":44,"Height":78,"Demand":1,"DemandMax":null,"Value":3432},{"Length":55,"Height":30,"Demand":1,"DemandMax":null,"Value":1650},{"Length":26,"Height":71,"Demand":1,"DemandMax":null,"Value":1846},{"Length":25,"Height":73,"Demand":1,"DemandMax":null,"Value":1825},{"Length":51,"Height":49,"Demand":2,"DemandMax":null,"Value":2499},{"Length":29,"Height":41,"Demand":1,"DemandMax":null,"Value":1189},{"Length":27,"Height":43,"Demand":2,"DemandMax":null,"Value":1161},{"Length":48,"Height":77,"Demand":1,"DemandMax":null,"Value":3696},{"Length":58,"Height":30,"Demand":1,"DemandMax":null,"Value":1740},{"Length":23,"Height":92,"Demand":1,"DemandMax":null,"Value":2116},{"Length":63,"Height":28,"Demand":1,"DemandMax":null,"Value":1764},{"Length":92,"Height":23,"Demand":1,"DemandMax":null,"Value":2116},{"Length":96,"Height":26,"Demand":1,"DemandMax":null,"Value":2496},{"Length":89,"Height":26,"Demand":1,"DemandMax":null,"Value":2314},{"Length":75,"Height":24,"Demand":3,"DemandMax":null,"Value":1800},{"Length":75,"Height":26,"Demand":1,"DemandMax":null,"Value":1950},{"Length":58,"Height":94,"Demand":1,"DemandMax":null,"Value":5452},{"Length":47,"Height":38,"Demand":1,"DemandMax":null,"Value":1786},{"Length":82,"Height":22,"Demand":3,"DemandMax":null,"Value":1804},{"Length":45,"Height":39,"Demand":1,"DemandMax":null,"Value":1755},{"Length":42,"Height":46,"Demand":1,"DemandMax":null,"Value":1932},{"Length":23,"Height":83,"Demand":1,"DemandMax":null,"Value":1909},{"Length":44,"Height":51,"Demand":1,"DemandMax":null,"Value":2244},{"Length":43,"Height":46,"Demand":2,"DemandMax":null,"Value":1978},{"Length":34,"Height":44,"Demand":1,"DemandMax":null,"Value":1496},{"Length":50,"Height":40,"Demand":1,"DemandMax":null,"Value":2000},{"Length":81,"Height":23,"Demand":1,"DemandMax":null,"Value":1863},{"Length":58,"Height":31,"Demand":1,"DemandMax":null,"Value":1798},{"Length":68,"Height":21,"Demand":1,"DemandMax":null,"Value":1428},{"Length":39,"Height":30,"Demand":1,"DemandMax":null,"Value":1170},{"Length":44,"Height":26,"Demand":1,"DemandMax":null,"Value":1144},{"Length":28,"Height":112,"Demand":1,"DemandMax":null,"Value":3136},{"Length":128,"Height":33,"Demand":1,"DemandMax":null,"Value":4224},{"Length":56,"Height":39,"Demand":1,"DemandMax":null,"Value":2184},{"Length":52,"Height":38,"Demand":1,"DemandMax":null,"Value":1976},{"Length":110,"Height":29,"Demand":1,"DemandMax":null,"Value":3190},{"Length":25,"Height":89,"Demand":1,"DemandMax":null,"Value":2225},{"Length":37,"Height":32,"Demand":3,"DemandMax":null,"Value":1184},{"Length":36,"Height":52,"Demand":1,"DemandMax":null,"Value":1872},{"Length":55,"Height":34,"Demand":1,"DemandMax":null,"Value":1870},{"Length":80,"Height":62,"Demand":1,"DemandMax":null,"Value":4960},{"Length":23,"Height":65,"Demand":1,"DemandMax":null,"Value":1495},{"Length":59,"Height":37,"Demand":1,"DemandMax":null,"Value":2183},{"Length":47,"Height":26,"Demand":1,"DemandMax":null,"Value":1222},{"Length":42,"Height":45,"Demand":1,"DemandMax":null,"Value":1890},{"Length":47,"Height":25,"Demand":1,"DemandMax":null,"Value":1175},{"Length":23,"Height":78,"Demand":4,"DemandMax":null,"Value":1794},{"Length":24,"Height":49,"Demand":1,"DemandMax":null,"Value":1176},{"Length":64,"Height":27,"Demand":1,"DemandMax":null,"Value":1728},{"Length":72,"Height":38,"Demand":1,"DemandMax":null,"Value":2736},{"Length":34,"Height":55,"Demand":1,"DemandMax":null,"Value":1870},{"Length":44,"Height":41,"Demand":3,"DemandMax":null,"Value":1804},{"Length":39,"Height":45,"Demand":3,"DemandMax":null,"Value":1755},{"Length":54,"Height":33,"Demand":5,"DemandMax":null,"Value":1782},{"Length":96,"Height":36,"Demand":1,"DemandMax":null,"Value":3456},{"Length":73,"Height":26,"Demand":1,"DemandMax":null,"Value":1898},{"Length":80,"Height":23,"Demand":1,"DemandMax":null,"Value":1840},{"Length":30,"Height":61,"Demand":3,"DemandMax":null,"Value":1830},{"Length":31,"Height":38,"Demand":1,"DemandMax":null,"Value":1178},{"Length":46,"Height":26,"Demand":1,"DemandMax":null,"Value":1196},{"Length":32,"Height":41,"Demand":1,"DemandMax":null,"Value":1312},{"Length":78,"Height":45,"Demand":1,"DemandMax":null,"Value":3510},{"Length":65,"Height":28,"Demand":1,"DemandMax":null,"Value":1820},{"Length":63,"Height":30,"Demand":2,"DemandMax":null,"Value":1890},{"Length":109,"Height":30,"Demand":2,"DemandMax":null,"Value":3270},{"Length":77,"Height":79,"Demand":1,"DemandMax":null,"Value":6083},{"Length":26,"Height":70,"Demand":1,"DemandMax":null,"Value":1820},{"Length":22,"Height":88,"Demand":3,"DemandMax":null,"Value":1936},{"Length":41,"Height":40,"Demand":1,"DemandMax":null,"Value":1640},{"Length":37,"Height":51,"Demand":1,"DemandMax":null,"Value":1887},{"Length":36,"Height":36,"Demand":1,"DemandMax":null,"Value":1296},{"Length":71,"Height":27,"Demand":1,"DemandMax":null,"Value":1917},{"Length":70,"Height":19,"Demand":1,"DemandMax":null,"Value":1330},{"Length":124,"Height":45,"Demand":1,"DemandMax":null,"Value":5580},{"Length":43,"Height":45,"Demand":2,"DemandMax":null,"Value":1935},{"Length":62,"Height":29,"Demand":2,"DemandMax":null,"Value":1798},{"Length":108,"Height":46,"Demand":1,"DemandMax":null,"Value":4968},{"Length":45,"Height":40,"Demand":2,"DemandMax":null,"Value":1800},{"Length":35,"Height":33,"Demand":1,"DemandMax":null,"Value":1155},{"Length":41,"Height":44,"Demand":4,"DemandMax":null,"Value":1804},{"Length":45,"Height":43,"Demand":1,"DemandMax":null,"Value":1935},{"Length":54,"Height":34,"Demand":1,"DemandMax":null,"Value":1836},{"Length":38,"Height":47,"Demand":2,"DemandMax":null,"Value":1786},{"Length":72,"Height":18,"Demand":1,"DemandMax":null,"Value":1296},{"Length":84,"Height":23,"Demand":1,"DemandMax":null,"Value":1932},{"Length":26,"Height":83,"Demand":1,"DemandMax":null,"Value":2158},{"Length":53,"Height":63,"Demand":1,"DemandMax":null,"Value":3339},{"Length":28,"Height":65,"Demand":2,"DemandMax":null,"Value":1820},{"Length":25,"Height":97,"Demand":2,"DemandMax":null,"Value":2425},{"Length":47,"Height":39,"Demand":1,"DemandMax":null,"Value":1833},{"Length":37,"Height":55,"Demand":1,"DemandMax":null,"Value":2035},{"Length":63,"Height":33,"Demand":2,"DemandMax":null,"Value":2079},{"Length":26,"Height":46,"Demand":1,"DemandMax":null,"Value":1196},{"Length":38,"Height":49,"Demand":1,"DemandMax":null,"Value":1862},{"Length":20,"Height":57,"Demand":1,"DemandMax":null,"Value":1140},{"Length":42,"Height":38,"Demand":1,"DemandMax":null,"Value":1596},{"Length":74,"Height":25,"Demand":1,"DemandMax":null,"Value":1850},{"Length":23,"Height":85,"Demand":2,"DemandMax":null,"Value":1955},{"Length":49,"Height":41,"Demand":2,"DemandMax":null,"Value":2009},{"Length":28,"Height":69,"Demand":1,"DemandMax":null,"Value":1932},{"Length":74,"Height":47,"Demand":1,"DemandMax":null,"Value":3478},{"Length":35,"Height":58,"Demand":2,"DemandMax":null,"Value":2030},{"Length":34,"Height":61,"Demand":1,"DemandMax":null,"Value":2074},{"Length":50,"Height":39,"Demand":1,"DemandMax":null,"Value":1950},{"Length":32,"Height":56,"Demand":2,"DemandMax":null,"Value":1792},{"Length":61,"Height":38,"Demand":1,"DemandMax":null,"Value":2318},{"Length":22,"Height":83,"Demand":1,"DemandMax":null,"Value":1826},{"Length":43,"Height":51,"Demand":1,"DemandMax":null,"Value":2193},{"Length":20,"Height":58,"Demand":1,"DemandMax":null,"Value":1160},{"Length":66,"Height":35,"Demand":1,"DemandMax":null,"Value":2310},{"Length":31,"Height":55,"Demand":1,"DemandMax":null,"Value":1705},{"Length":89,"Height":70,"Demand":1,"DemandMax":null,"Value":6230},{"Length":43,"Height":27,"Demand":1,"DemandMax":null,"Value":1161},{"Length":45,"Height":32,"Demand":1,"DemandMax":null,"Value":1440},{"Length":46,"Height":83,"Demand":1,"DemandMax":null,"Value":3818},{"Length":64,"Height":29,"Demand":2,"DemandMax":null,"Value":1856},{"Length":69,"Height":28,"Demand":1,"DemandMax":null,"Value":1932},{"Length":42,"Height":52,"Demand":1,"DemandMax":null,"Value":2184},{"Length":56,"Height":23,"Demand":2,"DemandMax":null,"Value":1288},{"Length":66,"Height":92,"Demand":1,"DemandMax":null,"Value":6072},{"Length":24,"Height":79,"Demand":2,"DemandMax":null,"Value":1896},{"Length":45,"Height":44,"Demand":1,"DemandMax":null,"Value":1980},{"Length":42,"Height":83,"Demand":1,"DemandMax":null,"Value":3486},{"Length":44,"Height":42,"Demand":2,"DemandMax":null,"Value":1848},{"Length":60,"Height":29,"Demand":1,"DemandMax":null,"Value":1740},{"Length":37,"Height":49,"Demand":1,"DemandMax":null,"Value":1813},{"Length":25,"Height":88,"Demand":1,"DemandMax":null,"Value":2200},{"Length":73,"Height":65,"Demand":1,"DemandMax":null,"Value":4745},{"Length":32,"Height":62,"Demand":1,"DemandMax":null,"Value":1984},{"Length":50,"Height":44,"Demand":1,"DemandMax":null,"Value":2200},{"Length":39,"Height":36,"Demand":1,"DemandMax":null,"Value":1404},{"Length":33,"Height":50,"Demand":2,"DemandMax":null,"Value":1650},{"Length":37,"Height":37,"Demand":1,"DemandMax":null,"Value":1369},{"Length":35,"Height":34,"Demand":2,"DemandMax":null,"Value":1190},{"Length":36,"Height":32,"Demand":1,"DemandMax":null,"Value":1152},{"Length":24,"Height":91,"Demand":1,"DemandMax":null,"Value":2184},{"Length":37,"Height":31,"Demand":2,"DemandMax":null,"Value":1147},{"Length":36,"Height":49,"Demand":3,"DemandMax":null,"Value":1764},{"Length":55,"Height":42,"Demand":1,"DemandMax":null,"Value":2310},{"Length":44,"Height":47,"Demand":2,"DemandMax":null,"Value":2068},{"Length":55,"Height":32,"Demand":1,"DemandMax":null,"Value":1760},{"Length":52,"Height":48,"Demand":1,"DemandMax":null,"Value":2496},{"Length":41,"Height":46,"Demand":1,"DemandMax":null,"Value":1886},{"Length":37,"Height":91,"Demand":2,"DemandMax":null,"Value":3367},{"Length":76,"Height":25,"Demand":1,"DemandMax":null,"Value":1900},{"Length":22,"Height":54,"Demand":1,"DemandMax":null,"Value":1188},{"Length":57,"Height":34,"Demand":1,"DemandMax":null,"Value":1938},{"Length":82,"Height":25,"Demand":1,"DemandMax":null,"Value":2050},{"Length":88,"Height":22,"Demand":1,"DemandMax":null,"Value":1936},{"Length":33,"Height":64,"Demand":1,"DemandMax":null,"Value":2112},{"Length":43,"Height":47,"Demand":1,"DemandMax":null,"Value":2021},{"Length":28,"Height":50,"Demand":2,"DemandMax":null,"Value":1400},{"Length":23,"Height":90,"Demand":1,"DemandMax":null,"Value":2070},{"Length":90,"Height":25,"Demand":1,"DemandMax":null,"Value":2250},{"Length":21,"Height":64,"Demand":1,"DemandMax":null,"Value":1344},{"Length":42,"Height":28,"Demand":5,"DemandMax":null,"Value":1176},{"Length":38,"Height":85,"Demand":1,"DemandMax":null,"Value":3230},{"Length":48,"Height":40,"Demand":1,"DemandMax":null,"Value":1920},{"Length":76,"Height":57,"Demand":1,"DemandMax":null,"Value":4332},{"Length":40,"Height":43,"Demand":1,"DemandMax":null,"Value":1720},{"Length":41,"Height":82,"Demand":1,"DemandMax":null,"Value":3362},{"Length":48,"Height":52,"Demand":1,"DemandMax":null,"Value":2496},{"Length":30,"Height":94,"Demand":1,"DemandMax":null,"Value":2820},{"Length":57,"Height":31,"Demand":1,"DemandMax":null,"Value":1767},{"Length":78,"Height":22,"Demand":1,"DemandMax":null,"Value":1716},{"Length":46,"Height":39,"Demand":2,"DemandMax":null,"Value":1794},{"Length":59,"Height":39,"Demand":1,"DemandMax":null,"Value":2301},{"Length":37,"Height":48,"Demand":2,"DemandMax":null,"Value":1776},{"Length":56,"Height":77,"Demand":1,"DemandMax":null,"Value":4312},{"Length":33,"Height":36,"Demand":1,"DemandMax":null,"Value":1188},{"Length":33,"Height":35,"Demand":1,"DemandMax":null,"Value":1155},{"Length":50,"Height":28,"Demand":1,"DemandMax":null,"Value":1400},{"Length":63,"Height":20,"Demand":1,"DemandMax":null,"Value":1260},{"Length":55,"Height":24,"Demand":2,"DemandMax":null,"Value":1320},{"Length":50,"Height":36,"Demand":1,"DemandMax":null,"Value":1800},{"Length":59,"Height":31,"Demand":1,"DemandMax":null,"Value":1829},{"Length":25,"Height":46,"Demand":3,"DemandMax":null,"Value":1150},{"Length":39,"Height":46,"Demand":3,"DemandMax":null,"Value":1794},{"Length":88,"Height":32,"Demand":1,"DemandMax":null,"Value":2816},{"Length":34,"Height":112,"Demand":1,"DemandMax":null,"Value":3808},{"Length":28,"Height":42,"Demand":1,"DemandMax":null,"Value":1176},{"Length":19,"Height":67,"Demand":1,"DemandMax":null,"Value":1273},{"Length":44,"Height":30,"Demand":1,"DemandMax":null,"Value":1320},{"Length":24,"Height":71,"Demand":1,"DemandMax":null,"Value":1704},{"Length":19,"Height":73,"Demand":2,"DemandMax":null,"Value":1387},{"Length":20,"Height":66,"Demand":1,"DemandMax":null,"Value":1320},{"Length":44,"Height":50,"Demand":1,"DemandMax":null,"Value":2200},{"Length":39,"Height":38,"Demand":2,"DemandMax":null,"Value":1482},{"Length":21,"Height":58,"Demand":1,"DemandMax":null,"Value":1218},{"Length":74,"Height":19,"Demand":2,"DemandMax":null,"Value":1406},{"Length":24,"Height":62,"Demand":1,"DemandMax":null,"Value":1488},{"Length":38,"Height":32,"Demand":1,"DemandMax":null,"Value":1216},{"Length":53,"Height":39,"Demand":1,"DemandMax":null,"Value":2067},{"Length":51,"Height":41,"Demand":1,"DemandMax":null,"Value":2091},{"Length":50,"Height":37,"Demand":1,"DemandMax":null,"Value":1850},{"Length":37,"Height":57,"Demand":1,"DemandMax":null,"Value":2109},{"Length":58,"Height":33,"Demand":1,"DemandMax":null,"Value":1914},{"Length":65,"Height":19,"Demand":1,"DemandMax":null,"Value":1235},{"Length":56,"Height":35,"Demand":1,"DemandMax":null,"Value":1960},{"Length":58,"Height":41,"Demand":1,"DemandMax":null,"Value":2378},{"Length":49,"Height":45,"Demand":1,"DemandMax":null,"Value":2205},{"Length":66,"Height":21,"Demand":1,"DemandMax":null,"Value":1386},{"Length":40,"Height":61,"Demand":1,"DemandMax":null,"Value":2440},{"Length":67,"Height":17,"Demand":1,"DemandMax":null,"Value":1139},{"Length":82,"Height":49,"Demand":1,"DemandMax":null,"Value":4018},{"Length":49,"Height":37,"Demand":1,"DemandMax":null,"Value":1813},{"Length":45,"Height":48,"Demand":1,"DemandMax":null,"Value":2160},{"Length":67,"Height":34,"Demand":1,"DemandMax":null,"Value":2278},{"Length":34,"Height":34,"Demand":1,"DemandMax":null,"Value":1156},{"Length":38,"Height":48,"Demand":1,"DemandMax":null,"Value":1824},{"Length":57,"Height":20,"Demand":2,"DemandMax":null,"Value":1140},{"Length":82,"Height":24,"Demand":1,"DemandMax":null,"Value":1968},{"Length":48,"Height":25,"Demand":5,"DemandMax":null,"Value":1200},{"Length":24,"Height":81,"Demand":1,"DemandMax":null,"Value":1944},{"Length":52,"Height":22,"Demand":1,"DemandMax":null,"Value":1144},{"Length":73,"Height":27,"Demand":1,"DemandMax":null,"Value":1971},{"Length":48,"Height":39,"Demand":2,"DemandMax":null,"Value":1872},{"Length":21,"Height":83,"Demand":2,"DemandMax":null,"Value":1743},{"Length":82,"Height":34,"Demand":1,"DemandMax":null,"Value":2788},{"Length":26,"Height":44,"Demand":2,"DemandMax":null,"Value":1144},{"Length":28,"Height":52,"Demand":1,"DemandMax":null,"Value":1456},{"Length":62,"Height":39,"Demand":1,"DemandMax":null,"Value":2418},{"Length":55,"Height":126,"Demand":1,"DemandMax":null,"Value":6930},{"Length":23,"Height":50,"Demand":2,"DemandMax":null,"Value":1150},{"Length":25,"Height":54,"Demand":1,"DemandMax":null,"Value":1350},{"Length":56,"Height":142,"Demand":1,"DemandMax":null,"Value":7952},{"Length":22,"Height":63,"Demand":1,"DemandMax":null,"Value":1386},{"Length":25,"Height":85,"Demand":1,"DemandMax":null,"Value":2125},{"Length":40,"Height":34,"Demand":1,"DemandMax":null,"Value":1360},{"Length":44,"Height":32,"Demand":1,"DemandMax":null,"Value":1408},{"Length":19,"Height":62,"Demand":2,"DemandMax":null,"Value":1178},{"Length":96,"Height":39,"Demand":1,"DemandMax":null,"Value":3744},{"Length":23,"Height":53,"Demand":1,"DemandMax":null,"Value":1219},{"Length":69,"Height":30,"Demand":1,"DemandMax":null,"Value":2070},{"Length":56,"Height":38,"Demand":1,"DemandMax":null,"Value":2128},{"Length":31,"Height":41,"Demand":1,"DemandMax":null,"Value":1271},{"Length":63,"Height":57,"Demand":1,"DemandMax":null,"Value":3591},{"Length":65,"Height":22,"Demand":2,"DemandMax":null,"Value":1430},{"Length":72,"Height":54,"Demand":1,"DemandMax":null,"Value":3888},{"Length":50,"Height":42,"Demand":1,"DemandMax":null,"Value":2100},{"Length":24,"Height":92,"Demand":1,"DemandMax":null,"Value":2208},{"Length":21,"Height":55,"Demand":1,"DemandMax":null,"Value":1155},{"Length":76,"Height":30,"Demand":1,"DemandMax":null,"Value":2280},{"Length":82,"Height":58,"Demand":1,"DemandMax":null,"Value":4756},{"Length":37,"Height":33,"Demand":1,"DemandMax":null,"Value":1221},{"Length":35,"Height":35,"Demand":1,"DemandMax":null,"Value":1225},{"Length":49,"Height":26,"Demand":1,"DemandMax":null,"Value":1274},{"Length":60,"Height":94,"Demand":1,"DemandMax":null,"Value":5640},{"Length":71,"Height":30,"Demand":1,"DemandMax":null,"Value":2130},{"Length":65,"Height":33,"Demand":1,"DemandMax":null,"Value":2145},{"Length":56,"Height":33,"Demand":1,"DemandMax":null,"Value":1848},{"Length":36,"Height":58,"Demand":1,"DemandMax":null,"Value":2088},{"Length":55,"Height":82,"Demand":1,"DemandMax":null,"Value":4510},{"Length":68,"Height":18,"Demand":1,"DemandMax":null,"Value":1224},{"Length":52,"Height":45,"Demand":1,"DemandMax":null,"Value":2340},{"Length":48,"Height":26,"Demand":1,"DemandMax":null,"Value":1248},{"Length":25,"Height":49,"Demand":1,"DemandMax":null,"Value":1225},{"Length":36,"Height":64,"Demand":1,"DemandMax":null,"Value":2304},{"Length":33,"Height":38,"Demand":1,"DemandMax":null,"Value":1254},{"Length":22,"Height":52,"Demand":1,"DemandMax":null,"Value":1144},{"Length":57,"Height":32,"Demand":1,"DemandMax":null,"Value":1824},{"Length":72,"Height":52,"Demand":1,"DemandMax":null,"Value":3744},{"Length":77,"Height":39,"Demand":1,"DemandMax":null,"Value":3003},{"Length":36,"Height":35,"Demand":1,"DemandMax":null,"Value":1260},{"Length":35,"Height":63,"Demand":2,"DemandMax":null,"Value":2205},{"Length":103,"Height":56,"Demand":1,"DemandMax":null,"Value":5768},{"Length":44,"Height":86,"Demand":1,"DemandMax":null,"Value":3784},{"Length":84,"Height":25,"Demand":1,"DemandMax":null,"Value":2100},{"Length":137,"Height":94,"Demand":1,"DemandMax":null,"Value":12878},{"Length":87,"Height":22,"Demand":2,"DemandMax":null,"Value":1914},{"Length":30,"Height":41,"Demand":3,"DemandMax":null,"Value":1230},{"Length":75,"Height":28,"Demand":1,"DemandMax":null,"Value":2100},{"Length":43,"Height":59,"Demand":1,"DemandMax":null,"Value":2537},{"Length":46,"Height":55,"Demand":1,"DemandMax":null,"Value":2530},{"Length":49,"Height":44,"Demand":1,"DemandMax":null,"Value":2156},{"Length":32,"Height":77,"Demand":1,"DemandMax":null,"Value":2464},{"Length":52,"Height":41,"Demand":1,"DemandMax":null,"Value":2132},{"Length":83,"Height":52,"Demand":1,"DemandMax":null,"Value":4316},{"Length":78,"Height":38,"Demand":1,"DemandMax":null,"Value":2964},{"Length":28,"Height":47,"Demand":2,"DemandMax":null,"Value":1316},{"Length":43,"Height":93,"Demand":1,"DemandMax":null,"Value":3999},{"Length":18,"Height":69,"Demand":1,"DemandMax":null,"Value":1242},{"Length":46,"Height":46,"Demand":1,"DemandMax":null,"Value":2116},{"Length":82,"Height":29,"Demand":1,"DemandMax":null,"Value":2378},{"Length":37,"Height":58,"Demand":1,"DemandMax":null,"Value":2146},{"Length":50,"Height":30,"Demand":1,"DemandMax":null,"Value":1500},{"Length":31,"Height":83,"Demand":1,"DemandMax":null,"Value":2573},{"Length":28,"Height":41,"Demand":3,"DemandMax":null,"Value":1148},{"Length":56,"Height":136,"Demand":1,"DemandMax":null,"Value":7616},{"Length":63,"Height":21,"Demand":1,"DemandMax":null,"Value":1323},{"Length":18,"Height":67,"Demand":2,"DemandMax":null,"Value":1206},{"Length":35,"Height":52,"Demand":1,"DemandMax":null,"Value":1820},{"Length":34,"Height":57,"Demand":1,"DemandMax":null,"Value":1938},{"Length":48,"Height":28,"Demand":2,"DemandMax":null,"Value":1344},{"Length":38,"Height":37,"Demand":1,"DemandMax":null,"Value":1406},{"Length":23,"Height":57,"Demand":1,"DemandMax":null,"Value":1311},{"Length":34,"Height":41,"Demand":1,"DemandMax":null,"Value":1394},{"Length":28,"Height":59,"Demand":1,"DemandMax":null,"Value":1652},{"Length":27,"Height":58,"Demand":1,"DemandMax":null,"Value":1566},{"Length":46,"Height":32,"Demand":1,"DemandMax":null,"Value":1472},{"Length":22,"Height":66,"Demand":1,"DemandMax":null,"Value":1452},{"Length":28,"Height":55,"Demand":1,"DemandMax":null,"Value":1540},{"Length":48,"Height":32,"Demand":1,"DemandMax":null,"Value":1536},{"Length":21,"Height":71,"Demand":2,"DemandMax":null,"Value":1491},{"Length":55,"Height":26,"Demand":1,"DemandMax":null,"Value":1430},{"Length":29,"Height":63,"Demand":1,"DemandMax":null,"Value":1827},{"Length":39,"Height":32,"Demand":1,"DemandMax":null,"Value":1248},{"Length":65,"Height":44,"Demand":1,"DemandMax":null,"Value":2860},{"Length":74,"Height":27,"Demand":1,"DemandMax":null,"Value":1998},{"Length":39,"Height":33,"Demand":1,"DemandMax":null,"Value":1287},{"Length":65,"Height":20,"Demand":1,"DemandMax":null,"Value":1300},{"Length":58,"Height":20,"Demand":1,"DemandMax":null,"Value":1160},{"Length":27,"Height":67,"Demand":1,"DemandMax":null,"Value":1809},{"Length":33,"Height":41,"Demand":1,"DemandMax":null,"Value":1353},{"Length":96,"Height":37,"Demand":1,"DemandMax":null,"Value":3552},{"Length":78,"Height":23,"Demand":1,"DemandMax":null,"Value":1794},{"Length":27,"Height":44,"Demand":1,"DemandMax":null,"Value":1188},{"Length":65,"Height":24,"Demand":1,"DemandMax":null,"Value":1560},{"Length":65,"Height":41,"Demand":1,"DemandMax":null,"Value":2665},{"Length":41,"Height":76,"Demand":1,"DemandMax":null,"Value":3116},{"Length":57,"Height":40,"Demand":1,"DemandMax":null,"Value":2280},{"Length":45,"Height":35,"Demand":1,"DemandMax":null,"Value":1575},{"Length":19,"Height":68,"Demand":1,"DemandMax":null,"Value":1292},{"Length":56,"Height":31,"Demand":1,"DemandMax":null,"Value":1736},{"Length":31,"Height":45,"Demand":1,"DemandMax":null,"Value":1395},{"Length":20,"Height":79,"Demand":2,"DemandMax":null,"Value":1580},{"Length":47,"Height":27,"Demand":1,"DemandMax":null,"Value":1269},{"Length":44,"Height":96,"Demand":1,"DemandMax":null,"Value":4224},{"Length":27,"Height":69,"Demand":1,"DemandMax":null,"Value":1863},{"Length":47,"Height":36,"Demand":1,"DemandMax":null,"Value":1692},{"Length":24,"Height":51,"Demand":1,"DemandMax":null,"Value":1224},{"Length":23,"Height":64,"Demand":1,"DemandMax":null,"Value":1472},{"Length":30,"Height":42,"Demand":1,"DemandMax":null,"Value":1260},{"Length":43,"Height":29,"Demand":1,"DemandMax":null,"Value":1247},{"Length":44,"Height":39,"Demand":1,"DemandMax":null,"Value":1716},{"Length":26,"Height":49,"Demand":2,"DemandMax":null,"Value":1274},{"Length":65,"Height":30,"Demand":1,"DemandMax":null,"Value":1950},{"Length":42,"Height":33,"Demand":1,"DemandMax":null,"Value":1386},{"Length":27,"Height":47,"Demand":1,"DemandMax":null,"Value":1269},{"Length":70,"Height":26,"Demand":1,"DemandMax":null,"Value":1820},{"Length":31,"Height":51,"Demand":1,"DemandMax":null,"Value":1581},{"Length":50,"Height":31,"Demand":1,"DemandMax":null,"Value":1550},{"Length":51,"Height":46,"Demand":1,"DemandMax":null,"Value":2346},{"Length":33,"Height":42,"Demand":1,"DemandMax":null,"Value":1386},{"Length":27,"Height":48,"Demand":1,"DemandMax":null,"Value":1296},{"Length":72,"Height":55,"Demand":1,"DemandMax":null,"Value":3960},{"Length":31,"Height":59,"Demand":1,"DemandMax":null,"Value":1829},{"Length":66,"Height":53,"Demand":1,"DemandMax":null,"Value":3498},{"Length":32,"Height":50,"Demand":1,"DemandMax":null,"Value":1600},{"Length":60,"Height":23,"Demand":1,"DemandMax":null,"Value":1380},{"Length":41,"Height":35,"Demand":2,"DemandMax":null,"Value":1435},{"Length":31,"Height":58,"Demand":1,"DemandMax":null,"Value":1798},{"Length":66,"Height":25,"Demand":1,"DemandMax":null,"Value":1650},{"Length":78,"Height":44,"Demand":1,"DemandMax":null,"Value":3432},{"Length":50,"Height":33,"Demand":1,"DemandMax":null,"Value":1650},{"Length":68,"Height":29,"Demand":1,"DemandMax":null,"Value":1972},{"Length":49,"Height":42,"Demand":1,"DemandMax":null,"Value":2058},{"Length":67,"Height":21,"Demand":1,"DemandMax":null,"Value":1407},{"Length":36,"Height":70,"Demand":1,"DemandMax":null,"Value":2520},{"Length":57,"Height":26,"Demand":1,"DemandMax":null,"Value":1482},{"Length":68,"Height":26,"Demand":1,"DemandMax":null,"Value":1768},{"Length":65,"Height":58,"Demand":1,"DemandMax":null,"Value":3770},{"Length":31,"Height":54,"Demand":1,"DemandMax":null,"Value":1674},{"Length":51,"Height":45,"Demand":1,"DemandMax":null,"Value":2295},{"Length":39,"Height":47,"Demand":1,"DemandMax":null,"Value":1833},{"Length":40,"Height":39,"Demand":1,"DemandMax":null,"Value":1560},{"Length":22,"Height":58,"Demand":1,"DemandMax":null,"Value":1276},{"Length":47,"Height":28,"Demand":1,"DemandMax":null,"Value":1316},{"Length":27,"Height":53,"Demand":1,"DemandMax":null,"Value":1431},{"Length":56,"Height":28,"Demand":1,"DemandMax":null,"Value":1568},{"Length":66,"Height":34,"Demand":1,"DemandMax":null,"Value":2244},{"Length":61,"Height":30,"Demand":1,"DemandMax":null,"Value":1830},{"Length":43,"Height":33,"Demand":1,"DemandMax":null,"Value":1419},{"Length":44,"Height":27,"Demand":1,"DemandMax":null,"Value":1188},{"Length":67,"Height":36,"Demand":1,"DemandMax":null,"Value":2412},{"Length":58,"Height":26,"Demand":1,"DemandMax":null,"Value":1508},{"Length":43,"Height":38,"Demand":1,"DemandMax":null,"Value":1634},{"Length":39,"Height":57,"Demand":1,"DemandMax":null,"Value":2223},{"Length":39,"Height":50,"Demand":1,"DemandMax":null,"Value":1950},{"Length":72,"Height":23,"Demand":1,"DemandMax":null,"Value":1656},{"Length":48,"Height":47,"Demand":1,"DemandMax":null,"Value":2256},{"Length":25,"Height":71,"Demand":1,"DemandMax":null,"Value":1775},{"Length":45,"Height":26,"Demand":2,"DemandMax":null,"Value":1170},{"Length":26,"Height":54,"Demand":1,"DemandMax":null,"Value":1404},{"Length":64,"Height":35,"Demand":1,"DemandMax":null,"Value":2240},{"Length":54,"Height":28,"Demand":1,"DemandMax":null,"Value":1512},{"Length":23,"Height":88,"Demand":1,"DemandMax":null,"Value":2024},{"Length":55,"Height":38,"Demand":1,"DemandMax":null,"Value":2090},{"Length":42,"Height":50,"Demand":1,"DemandMax":null,"Value":2100},{"Length":57,"Height":67,"Demand":1,"DemandMax":null,"Value":3819},{"Length":29,"Height":47,"Demand":1,"DemandMax":null,"Value":1363},{"Length":52,"Height":27,"Demand":1,"DemandMax":null,"Value":1404},{"Length":26,"Height":62,"Demand":1,"DemandMax":null,"Value":1612},{"Length":60,"Height":26,"Demand":1,"DemandMax":null,"Value":1560},{"Length":74,"Height":22,"Demand":1,"DemandMax":null,"Value":1628},{"Length":44,"Height":43,"Demand":1,"DemandMax":null,"Value":1892},{"Length":60,"Height":69,"Demand":1,"DemandMax":null,"Value":4140},{"Length":31,"Height":39,"Demand":1,"DemandMax":null,"Value":1209},{"Length":25,"Height":90,"Demand":1,"DemandMax":null,"Value":2250},{"Length":26,"Height":45,"Demand":1,"DemandMax":null,"Value":1170},{"Length":47,"Height":29,"Demand":1,"DemandMax":null,"Value":1363},{"Length":28,"Height":43,"Demand":1,"DemandMax":null,"Value":1204},{"Length":28,"Height":68,"Demand":1,"DemandMax":null,"Value":1904}]}