{"Name":"Nice100i2b5","Objects":[{"Length":483,"Height":1000,"Stock":2,"Cost":483000},{"Length":517,"Height":1000,"Stock":4,"Cost":517000}],"Items":[{"Length":148,"Height":72,"Demand":1,"DemandMax":null,"Value":10656},{"Length":122,"Height":152,"Demand":1,"DemandMax":null,"Value":18544},{"Length":127,"Height":37,"Demand":1,"DemandMax":null,"Value":4699},{"Length":110,"Height":96,"Demand":1,"DemandMax":null,"Value":10560},{"Length":74,"Height":193,"Demand":1,"DemandMax":null,"Value":14282},{"Length":179,"Height":80,"Demand":1,"DemandMax":null,"Value":14320},{"Length":107,"Height":78,"Demand":1,"DemandMax":null,"Value":8346},{"Length":157,"Height":53,"Demand":1,"DemandMax":null,"Value":8321},{"Length":77,"Height":111,"Demand":1,"DemandMax":null,"Value":8547},{"Length":69,"Height":155,"Demand":1,"DemandMax":null,"Value":10695},{"Length":148,"Height":37,"Demand":1,"DemandMax":null,"Value":5476},{"Length":63,"Height":73,"Demand":1,"DemandMax":null,"Value":4599},{"Length":123,"Height":108,"Demand":1,"DemandMax":null,"Value":13284},{"Length":46,"Height":147,"Demand":1,"DemandMax":null,"Value":6762},{"Length":64,"Height":112,"Demand":1,"DemandMax":null,"Value":7168},{"Length":99,"Height":53,"Demand":1,"DemandMax":null,"Value":5247},{"Length":128,"Height":150,"Demand":1,"DemandMax":null,"Value":19200},{"Length":146,"Height":85,"Demand":1,"DemandMax":null,"Value":12410},{"Length":73,"Height":188,"Demand":1,"DemandMax":null,"Value":13724},{"Length":127,"Height":108,"Demand":1,"DemandMax":null,"Value":13716},{"Length":122,"Height":39,"Demand":1,"DemandMax":null,"Value":4758},{"Length":157,"Height":59,"Demand":1,"DemandMax":null,"Value":9263},{"Length":105,"Height":103,"Demand":1,"DemandMax":null,"Value":10815},{"Length":76,"Height":117,"Demand":1,"DemandMax":null,"Value":8892},{"Length":75,"Height":147,"Demand":1,"DemandMax":null,"Value":11025},{"Length":77,"Height":110,"Demand":1,"DemandMax":null,"Value":8470},{"Length":145,"Height":39,"Demand":1,"DemandMax":null,"Value":5655},{"Length":64,"Height":81,"Demand":1,"DemandMax":null,"Value":5184},{"Length":132,"Height":100,"Demand":1,"DemandMax":null,"Value":13200},{"Length":157,"Height":41,"Demand":1,"DemandMax":null,"Value":6437},{"Length":187,"Height":73,"Demand":1,"DemandMax":null,"Value":13651},{"Length":145,"Height":90,"Demand":2,"DemandMax":null,"Value":13050},{"Length":157,"Height":98,"Demand":1,"DemandMax":null,"Value":15386},{"Length":89,"Height":86,"Demand":1,"DemandMax":null,"Value":7654},{"Length":73,"Height":135,"Demand":1,"DemandMax":null,"Value":9855},{"Length":45,"Height":175,"Demand":1,"DemandMax":null,"Value":7875},{"Length":76,"Height":100,"Demand":1,"DemandMax":null,"Value":7600},{"Length":73,"Height":203,"Demand":1,"DemandMax":null,"Value":14819},{"Length":178,"Height":60,"Demand":1,"DemandMax":null,"Value":10680},{"Length":127,"Height":109,"Demand":1,"DemandMax":null,"Value":13843},{"Length":62,"Height":147,"Demand":1,"DemandMax":null,"Value":9114},{"Length":79,"Height":105,"Demand":1,"DemandMax":null,"Value":8295},{"Length":187,"Height":74,"Demand":1,"DemandMax":null,"Value":13838},{"Length":95,"Height":82,"Demand":1,"DemandMax":null,"Value":7790},{"Length":70,"Height":217,"Demand":1,"DemandMax":null,"Value":15190},{"Length":136,"Height":35,"Demand":1,"DemandMax":null,"Value":4760},{"Length":73,"Height":97,"Demand":1,"DemandMax":null,"Value":7081},{"Length":158,"Height":40,"Demand":1,"DemandMax":null,"Value":6320},{"Length":64,"Height":76,"Demand":1,"DemandMax":null,"Value":4864},{"Length":133,"Height":188,"Demand":1,"DemandMax":null,"Value":25004},{"Length":140,"Height":96,"Demand":1,"DemandMax":null,"Value":13440},{"Length":64,"Height":133,"Demand":1,"DemandMax":null,"Value":8512},{"Length":63,"Height":68,"Demand":2,"DemandMax":null,"Value":4284},{"Length":69,"Height":63,"Demand":1,"DemandMax":null,"Value":4347},{"Length":127,"Height":40,"Demand":1,"DemandMax":null,"Value":5080},{"Length":136,"Height":95,"Demand":1,"DemandMax":null,"Value":12920},{"Length":52,"Height":73,"Demand":1,"DemandMax":null,"Value":3796},{"Length":63,"Height":151,"Demand":1,"DemandMax":null,"Value":9513},{"Length":68,"Height":100,"Demand":1,"DemandMax":null,"Value":6800},{"Length":54,"Height":175,"Demand":1,"DemandMax":null,"Value":9450},{"Length":76,"Height":63,"Demand":1,"DemandMax":null,"Value":4788},{"Length":99,"Height":110,"Demand":1,"DemandMax":null,"Value":10890},{"Length":86,"Height":147,"Demand":1,"DemandMax":null,"Value":12642},{"Length":158,"Height":45,"Demand":1,"DemandMax":null,"Value":7110},{"Length":64,"Height":110,"Demand":1,"DemandMax":null,"Value":7040},{"Length":64,"Height":136,"Demand":1,"DemandMax":null,"Value":8704},{"Length":148,"Height":39,"Demand":1,"DemandMax":null,"Value":5772},{"Length":85,"Height":100,"Demand":1,"DemandMax":null,"Value":8500},{"Length":178,"Height":46,"Demand":2,"DemandMax":null,"Value":8188},{"Length":50,"Height":105,"Demand":2,"DemandMax":null,"Value":5250},{"Length":157,"Height":48,"Demand":1,"DemandMax":null,"Value":7536},{"Length":75,"Height":97,"Demand":1,"DemandMax":null,"Value":7275},{"Length":136,"Height":58,"Demand":1,"DemandMax":null,"Value":7888},{"Length":95,"Height":135,"Demand":1,"DemandMax":null,"Value":12825},{"Length":64,"Height":105,"Demand":1,"DemandMax":null,"Value":6720},{"Length":105,"Height":73,"Demand":2,"DemandMax":null,"Value":7665},{"Length":143,"Height":78,"Demand":1,"DemandMax":null,"Value":11154},{"Length":96,"Height":100,"Demand":1,"DemandMax":null,"Value":9600},{"Length":97,"Height":100,"Demand":1,"DemandMax":null,"Value":9700},{"Length":65,"Height":147,"Demand":1,"DemandMax":null,"Value":9555},{"Length":76,"Height":128,"Demand":1,"DemandMax":null,"Value":9728},{"Length":122,"Height":97,"Demand":1,"DemandMax":null,"Value":11834},{"Length":101,"Height":111,"Demand":1,"DemandMax":null,"Value":11211},{"Length":95,"Height":121,"Demand":1,"DemandMax":null,"Value":11495},{"Length":193,"Height":107,"Demand":1,"DemandMax":null,"Value":20651},{"Length":104,"Height":86,"Demand":1,"DemandMax":null,"Value":8944},{"Length":77,"Height":114,"Demand":1,"DemandMax":null,"Value":8778},{"Length":79,"Height":155,"Demand":1,"DemandMax":null,"Value":12245},{"Length":105,"Height":106,"Demand":1,"DemandMax":null,"Value":11130},{"Length":148,"Height":80,"Demand":1,"DemandMax":null,"Value":11840},{"Length":89,"Height":147,"Demand":1,"DemandMax":null,"Value":13083},{"Length":157,"Height":108,"Demand":1,"DemandMax":null,"Value":16956},{"Length":108,"Height":217,"Demand":1,"DemandMax":null,"Value":23436},{"Length":141,"Height":188,"Demand":1,"DemandMax":null,"Value":26508},{"Length":122,"Height":48,"Demand":1,"DemandMax":null,"Value":5856}]}