{"Name":"Nice300i5b5","Objects":[{"Length":258,"Height":322,"Stock":1,"Cost":83076},{"Length":742,"Height":458,"Stock":2,"Cost":339836},{"Length":742,"Height":542,"Stock":5,"Cost":402164},{"Length":258,"Height":268,"Stock":1,"Cost":69144},{"Length":258,"Height":410,"Stock":6,"Cost":105780}],"Items":[{"Length":50,"Height":123,"Demand":1,"DemandMax":null,"Value":6150},{"Length":35,"Height":41,"Demand":1,"DemandMax":null,"Value":1435},{"Length":95,"Height":123,"Demand":1,"DemandMax":null,"Value":11685},{"Length":122,"Height":42,"Demand":1,"DemandMax":null,"Value":5124},{"Length":113,"Height":37,"Demand":1,"DemandMax":null,"Value":4181},{"Length":46,"Height":95,"Demand":1,"DemandMax":null,"Value":4370},{"Length":59,"Height":40,"Demand":1,"DemandMax":null,"Value":2360},{"Length":71,"Height":38,"Demand":1,"DemandMax":null,"Value":2698},{"Length":42,"Height":68,"Demand":1,"DemandMax":null,"Value":2856},{"Length":86,"Height":54,"Demand":2,"DemandMax":null,"Value":4644},{"Length":68,"Height":66,"Demand":1,"DemandMax":null,"Value":4488},{"Length":119,"Height":32,"Demand":1,"DemandMax":null,"Value":3808},{"Length":37,"Height":84,"Demand":1,"DemandMax":null,"Value":3108},{"Length":23,"Height":58,"Demand":1,"DemandMax":null,"Value":1334},{"Length":46,"Height":113,"Demand":1,"DemandMax":null,"Value":5198},{"Length":65,"Height":45,"Demand":1,"DemandMax":null,"Value":2925},{"Length":43,"Height":40,"Demand":1,"DemandMax":null,"Value":1720},{"Length":21,"Height":84,"Demand":1,"DemandMax":null,"Value":1764},{"Length":27,"Height":101,"Demand":1,"DemandMax":null,"Value":2727},{"Length":55,"Height":28,"Demand":1,"DemandMax":null,"Value":1540},{"Length":36,"Height":89,"Demand":2,"DemandMax":null,"Value":3204},{"Length":21,"Height":68,"Demand":1,"DemandMax":null,"Value":1428},{"Length":68,"Height":76,"Demand":1,"DemandMax":null,"Value":5168},{"Length":120,"Height":68,"Demand":1,"DemandMax":null,"Value":8160},{"Length":65,"Height":48,"Demand":1,"DemandMax":null,"Value":3120},{"Length":49,"Height":27,"Demand":1,"DemandMax":null,"Value":1323},{"Length":120,"Height":90,"Demand":1,"DemandMax":null,"Value":10800},{"Length":92,"Height":41,"Demand":1,"DemandMax":null,"Value":3772},{"Length":122,"Height":31,"Demand":1,"DemandMax":null,"Value":3782},{"Length":62,"Height":31,"Demand":2,"DemandMax":null,"Value":1922},{"Length":33,"Height":46,"Demand":1,"DemandMax":null,"Value":1518},{"Length":60,"Height":46,"Demand":2,"DemandMax":null,"Value":2760},{"Length":28,"Height":47,"Demand":1,"DemandMax":null,"Value":1316},{"Length":58,"Height":83,"Demand":1,"DemandMax":null,"Value":4814},{"Length":71,"Height":64,"Demand":1,"DemandMax":null,"Value":4544},{"Length":42,"Height":64,"Demand":1,"DemandMax":null,"Value":2688},{"Length":48,"Height":28,"Demand":3,"DemandMax":null,"Value":1344},{"Length":55,"Height":56,"Demand":1,"DemandMax":null,"Value":3080},{"Length":107,"Height":55,"Demand":1,"DemandMax":null,"Value":5885},{"Length":59,"Height":157,"Demand":1,"DemandMax":null,"Value":9263},{"Length":96,"Height":47,"Demand":1,"DemandMax":null,"Value":4512},{"Length":74,"Height":42,"Demand":1,"DemandMax":null,"Value":3108},{"Length":40,"Height":68,"Demand":2,"DemandMax":null,"Value":2720},{"Length":73,"Height":57,"Demand":1,"DemandMax":null,"Value":4161},{"Length":35,"Height":58,"Demand":1,"DemandMax":null,"Value":2030},{"Length":48,"Height":69,"Demand":1,"DemandMax":null,"Value":3312},{"Length":64,"Height":22,"Demand":1,"DemandMax":null,"Value":1408},{"Length":37,"Height":123,"Demand":1,"DemandMax":null,"Value":4551},{"Length":59,"Height":58,"Demand":1,"DemandMax":null,"Value":3422},{"Length":52,"Height":69,"Demand":1,"DemandMax":null,"Value":3588},{"Length":54,"Height":169,"Demand":1,"DemandMax":null,"Value":9126},{"Length":58,"Height":23,"Demand":1,"DemandMax":null,"Value":1334},{"Length":59,"Height":54,"Demand":1,"DemandMax":null,"Value":3186},{"Length":55,"Height":87,"Demand":1,"DemandMax":null,"Value":4785},{"Length":71,"Height":53,"Demand":1,"DemandMax":null,"Value":3763},{"Length":59,"Height":84,"Demand":1,"DemandMax":null,"Value":4956},{"Length":81,"Height":34,"Demand":1,"DemandMax":null,"Value":2754},{"Length":61,"Height":87,"Demand":1,"DemandMax":null,"Value":5307},{"Length":38,"Height":44,"Demand":1,"DemandMax":null,"Value":1672},{"Length":28,"Height":68,"Demand":2,"DemandMax":null,"Value":1904},{"Length":53,"Height":60,"Demand":1,"DemandMax":null,"Value":3180},{"Length":65,"Height":84,"Demand":1,"DemandMax":null,"Value":5460},{"Length":69,"Height":53,"Demand":2,"DemandMax":null,"Value":3657},{"Length":38,"Height":130,"Demand":1,"DemandMax":null,"Value":4940},{"Length":49,"Height":65,"Demand":2,"DemandMax":null,"Value":3185},{"Length":76,"Height":68,"Demand":1,"DemandMax":null,"Value":5168},{"Length":110,"Height":48,"Demand":1,"DemandMax":null,"Value":5280},{"Length":96,"Height":66,"Demand":1,"DemandMax":null,"Value":6336},{"Length":27,"Height":108,"Demand":1,"DemandMax":null,"Value":2916},{"Length":48,"Height":84,"Demand":2,"DemandMax":null,"Value":4032},{"Length":27,"Height":52,"Demand":1,"DemandMax":null,"Value":1404},{"Length":126,"Height":73,"Demand":1,"DemandMax":null,"Value":9198},{"Length":36,"Height":108,"Demand":1,"DemandMax":null,"Value":3888},{"Length":65,"Height":83,"Demand":1,"DemandMax":null,"Value":5395},{"Length":37,"Height":83,"Demand":2,"DemandMax":null,"Value":3071},{"Length":39,"Height":34,"Demand":2,"DemandMax":null,"Value":1326},{"Length":52,"Height":52,"Demand":1,"DemandMax":null,"Value":2704},{"Length":61,"Height":83,"Demand":1,"DemandMax":null,"Value":5063},{"Length":73,"Height":64,"Demand":1,"DemandMax":null,"Value":4672},{"Length":21,"Height":66,"Demand":1,"DemandMax":null,"Value":1386},{"Length":106,"Height":31,"Demand":1,"DemandMax":null,"Value":3286},{"Length":38,"Height":95,"Demand":1,"DemandMax":null,"Value":3610},{"Length":60,"Height":59,"Demand":1,"DemandMax":null,"Value":3540},{"Length":37,"Height":64,"Demand":1,"DemandMax":null,"Value":2368},{"Length":57,"Height":52,"Demand":1,"DemandMax":null,"Value":2964},{"Length":79,"Height":34,"Demand":1,"DemandMax":null,"Value":2686},{"Length":29,"Height":93,"Demand":1,"DemandMax":null,"Value":2697},{"Length":82,"Height":94,"Demand":1,"DemandMax":null,"Value":7708},{"Length":60,"Height":22,"Demand":1,"DemandMax":null,"Value":1320},{"Length":84,"Height":87,"Demand":1,"DemandMax":null,"Value":7308},{"Length":54,"Height":53,"Demand":1,"DemandMax":null,"Value":2862},{"Length":44,"Height":41,"Demand":2,"DemandMax":null,"Value":1804},{"Length":41,"Height":38,"Demand":1,"DemandMax":null,"Value":1558},{"Length":66,"Height":47,"Demand":1,"DemandMax":null,"Value":3102},{"Length":90,"Height":157,"Demand":1,"DemandMax":null,"Value":14130},{"Length":35,"Height":38,"Demand":1,"DemandMax":null,"Value":1330},{"Length":61,"Height":31,"Demand":2,"DemandMax":null,"Value":1891},{"Length":39,"Height":36,"Demand":1,"DemandMax":null,"Value":1404},{"Length":57,"Height":84,"Demand":1,"DemandMax":null,"Value":4788},{"Length":60,"Height":34,"Demand":1,"DemandMax":null,"Value":2040},{"Length":64,"Height":53,"Demand":1,"DemandMax":null,"Value":3392},{"Length":33,"Height":50,"Demand":1,"DemandMax":null,"Value":1650},{"Length":60,"Height":64,"Demand":1,"DemandMax":null,"Value":3840},{"Length":91,"Height":39,"Demand":1,"DemandMax":null,"Value":3549},{"Length":81,"Height":47,"Demand":1,"DemandMax":null,"Value":3807},{"Length":32,"Height":108,"Demand":1,"DemandMax":null,"Value":3456},{"Length":83,"Height":21,"Demand":2,"DemandMax":null,"Value":1743},{"Length":53,"Height":51,"Demand":2,"DemandMax":null,"Value":2703},{"Length":58,"Height":56,"Demand":1,"DemandMax":null,"Value":3248},{"Length":99,"Height":72,"Demand":1,"DemandMax":null,"Value":7128},{"Length":49,"Height":57,"Demand":1,"DemandMax":null,"Value":2793},{"Length":75,"Height":53,"Demand":1,"DemandMax":null,"Value":3975},{"Length":49,"Height":69,"Demand":1,"DemandMax":null,"Value":3381},{"Length":28,"Height":56,"Demand":2,"DemandMax":null,"Value":1568},{"Length":61,"Height":58,"Demand":1,"DemandMax":null,"Value":3538},{"Length":32,"Height":84,"Demand":1,"DemandMax":null,"Value":2688},{"Length":67,"Height":52,"Demand":1,"DemandMax":null,"Value":3484},{"Length":52,"Height":64,"Demand":1,"DemandMax":null,"Value":3328},{"Length":46,"Height":29,"Demand":1,"DemandMax":null,"Value":1334},{"Length":94,"Height":32,"Demand":1,"DemandMax":null,"Value":3008},{"Length":20,"Height":73,"Demand":2,"DemandMax":null,"Value":1460},{"Length":73,"Height":38,"Demand":1,"DemandMax":null,"Value":2774},{"Length":74,"Height":51,"Demand":2,"DemandMax":null,"Value":3774},{"Length":53,"Height":30,"Demand":1,"DemandMax":null,"Value":1590},{"Length":50,"Height":56,"Demand":1,"DemandMax":null,"Value":2800},{"Length":45,"Height":93,"Demand":1,"DemandMax":null,"Value":4185},{"Length":92,"Height":45,"Demand":1,"DemandMax":null,"Value":4140},{"Length":59,"Height":41,"Demand":1,"DemandMax":null,"Value":2419},{"Length":32,"Height":95,"Demand":1,"DemandMax":null,"Value":3040},{"Length":27,"Height":74,"Demand":1,"DemandMax":null,"Value":1998},{"Length":38,"Height":53,"Demand":1,"DemandMax":null,"Value":2014},{"Length":80,"Height":38,"Demand":1,"DemandMax":null,"Value":3040},{"Length":122,"Height":39,"Demand":1,"DemandMax":null,"Value":4758},{"Length":25,"Height":55,"Demand":2,"DemandMax":null,"Value":1375},{"Length":60,"Height":72,"Demand":1,"DemandMax":null,"Value":4320},{"Length":49,"Height":105,"Demand":1,"DemandMax":null,"Value":5145},{"Length":37,"Height":120,"Demand":1,"DemandMax":null,"Value":4440},{"Length":135,"Height":34,"Demand":1,"DemandMax":null,"Value":4590},{"Length":57,"Height":49,"Demand":1,"DemandMax":null,"Value":2793},{"Length":49,"Height":84,"Demand":1,"DemandMax":null,"Value":4116},{"Length":119,"Height":85,"Demand":1,"DemandMax":null,"Value":10115},{"Length":80,"Height":21,"Demand":2,"DemandMax":null,"Value":1680},{"Length":53,"Height":52,"Demand":3,"DemandMax":null,"Value":2756},{"Length":107,"Height":30,"Demand":1,"DemandMax":null,"Value":3210},{"Length":91,"Height":34,"Demand":1,"DemandMax":null,"Value":3094},{"Length":96,"Height":24,"Demand":1,"DemandMax":null,"Value":2304},{"Length":100,"Height":48,"Demand":1,"DemandMax":null,"Value":4800},{"Length":63,"Height":54,"Demand":1,"DemandMax":null,"Value":3402},{"Length":96,"Height":35,"Demand":1,"DemandMax":null,"Value":3360},{"Length":50,"Height":108,"Demand":1,"DemandMax":null,"Value":5400},{"Length":83,"Height":42,"Demand":1,"DemandMax":null,"Value":3486},{"Length":99,"Height":26,"Demand":1,"DemandMax":null,"Value":2574},{"Length":63,"Height":23,"Demand":1,"DemandMax":null,"Value":1449},{"Length":33,"Height":60,"Demand":1,"DemandMax":null,"Value":1980},{"Length":35,"Height":50,"Demand":1,"DemandMax":null,"Value":1750},{"Length":53,"Height":89,"Demand":1,"DemandMax":null,"Value":4717},{"Length":28,"Height":108,"Demand":1,"DemandMax":null,"Value":3024},{"Length":100,"Height":28,"Demand":1,"DemandMax":null,"Value":2800},{"Length":35,"Height":95,"Demand":1,"DemandMax":null,"Value":3325},{"Length":58,"Height":74,"Demand":1,"DemandMax":null,"Value":4292},{"Length":96,"Height":49,"Demand":1,"DemandMax":null,"Value":4704},{"Length":34,"Height":59,"Demand":1,"DemandMax":null,"Value":2006},{"Length":100,"Height":32,"Demand":1,"DemandMax":null,"Value":3200},{"Length":29,"Height":62,"Demand":1,"DemandMax":null,"Value":1798},{"Length":73,"Height":45,"Demand":1,"DemandMax":null,"Value":3285},{"Length":50,"Height":93,"Demand":1,"DemandMax":null,"Value":4650},{"Length":52,"Height":84,"Demand":1,"DemandMax":null,"Value":4368},{"Length":83,"Height":40,"Demand":1,"DemandMax":null,"Value":3320},{"Length":79,"Height":51,"Demand":1,"DemandMax":null,"Value":4029},{"Length":53,"Height":53,"Demand":1,"DemandMax":null,"Value":2809},{"Length":41,"Height":32,"Demand":1,"DemandMax":null,"Value":1312},{"Length":78,"Height":68,"Demand":1,"DemandMax":null,"Value":5304},{"Length":63,"Height":34,"Demand":1,"DemandMax":null,"Value":2142},{"Length":36,"Height":45,"Demand":1,"DemandMax":null,"Value":1620},{"Length":81,"Height":54,"Demand":1,"DemandMax":null,"Value":4374},{"Length":49,"Height":41,"Demand":1,"DemandMax":null,"Value":2009},{"Length":64,"Height":42,"Demand":1,"DemandMax":null,"Value":2688},{"Length":33,"Height":41,"Demand":1,"DemandMax":null,"Value":1353},{"Length":29,"Height":108,"Demand":1,"DemandMax":null,"Value":3132},{"Length":48,"Height":106,"Demand":1,"DemandMax":null,"Value":5088},{"Length":87,"Height":56,"Demand":1,"DemandMax":null,"Value":4872},{"Length":27,"Height":102,"Demand":2,"DemandMax":null,"Value":2754},{"Length":57,"Height":56,"Demand":1,"DemandMax":null,"Value":3192},{"Length":55,"Height":52,"Demand":1,"DemandMax":null,"Value":2860},{"Length":31,"Height":53,"Demand":1,"DemandMax":null,"Value":1643},{"Length":34,"Height":56,"Demand":1,"DemandMax":null,"Value":1904},{"Length":81,"Height":39,"Demand":1,"DemandMax":null,"Value":3159},{"Length":80,"Height":64,"Demand":1,"DemandMax":null,"Value":5120},{"Length":81,"Height":33,"Demand":1,"DemandMax":null,"Value":2673},{"Length":68,"Height":97,"Demand":1,"DemandMax":null,"Value":6596},{"Length":35,"Height":53,"Demand":1,"DemandMax":null,"Value":1855},{"Length":83,"Height":52,"Demand":1,"DemandMax":null,"Value":4316},{"Length":81,"Height":36,"Demand":1,"DemandMax":null,"Value":2916},{"Length":83,"Height":44,"Demand":1,"DemandMax":null,"Value":3652},{"Length":47,"Height":59,"Demand":1,"DemandMax":null,"Value":2773},{"Length":39,"Height":69,"Demand":1,"DemandMax":null,"Value":2691},{"Length":62,"Height":51,"Demand":1,"DemandMax":null,"Value":3162},{"Length":83,"Height":84,"Demand":1,"DemandMax":null,"Value":6972},{"Length":65,"Height":22,"Demand":1,"DemandMax":null,"Value":1430},{"Length":136,"Height":111,"Demand":1,"DemandMax":null,"Value":15096},{"Length":53,"Height":86,"Demand":1,"DemandMax":null,"Value":4558},{"Length":44,"Height":68,"Demand":1,"DemandMax":null,"Value":2992},{"Length":64,"Height":21,"Demand":1,"DemandMax":null,"Value":1344},{"Length":41,"Height":80,"Demand":1,"DemandMax":null,"Value":3280},{"Length":71,"Height":120,"Demand":1,"DemandMax":null,"Value":8520},{"Length":81,"Height":32,"Demand":1,"DemandMax":null,"Value":2592},{"Length":59,"Height":123,"Demand":1,"DemandMax":null,"Value":7257},{"Length":99,"Height":90,"Demand":1,"DemandMax":null,"Value":8910},{"Length":31,"Height":108,"Demand":1,"DemandMax":null,"Value":3348},{"Length":28,"Height":101,"Demand":1,"DemandMax":null,"Value":2828},{"Length":41,"Height":68,"Demand":1,"DemandMax":null,"Value":2788},{"Length":129,"Height":73,"Demand":1,"DemandMax":null,"Value":9417},{"Length":72,"Height":34,"Demand":1,"DemandMax":null,"Value":2448},{"Length":96,"Height":64,"Demand":1,"DemandMax":null,"Value":6144},{"Length":61,"Height":34,"Demand":1,"DemandMax":null,"Value":2074},{"Length":66,"Height":152,"Demand":1,"DemandMax":null,"Value":10032},{"Length":60,"Height":23,"Demand":1,"DemandMax":null,"Value":1380},{"Length":32,"Height":68,"Demand":1,"DemandMax":null,"Value":2176},{"Length":29,"Height":47,"Demand":1,"DemandMax":null,"Value":1363},{"Length":33,"Height":58,"Demand":1,"DemandMax":null,"Value":1914},{"Length":59,"Height":44,"Demand":1,"DemandMax":null,"Value":2596},{"Length":64,"Height":27,"Demand":1,"DemandMax":null,"Value":1728},{"Length":122,"Height":32,"Demand":1,"DemandMax":null,"Value":3904},{"Length":37,"Height":56,"Demand":1,"DemandMax":null,"Value":2072},{"Length":96,"Height":31,"Demand":1,"DemandMax":null,"Value":2976},{"Length":39,"Height":35,"Demand":1,"DemandMax":null,"Value":1365},{"Length":29,"Height":55,"Demand":1,"DemandMax":null,"Value":1595},{"Length":21,"Height":73,"Demand":1,"DemandMax":null,"Value":1533},{"Length":55,"Height":59,"Demand":1,"DemandMax":null,"Value":3245},{"Length":34,"Height":64,"Demand":1,"DemandMax":null,"Value":2176},{"Length":46,"Height":53,"Demand":1,"DemandMax":null,"Value":2438},{"Length":24,"Height":58,"Demand":1,"DemandMax":null,"Value":1392},{"Length":49,"Height":28,"Demand":1,"DemandMax":null,"Value":1372},{"Length":72,"Height":44,"Demand":1,"DemandMax":null,"Value":3168},{"Length":38,"Height":63,"Demand":1,"DemandMax":null,"Value":2394},{"Length":55,"Height":55,"Demand":1,"DemandMax":null,"Value":3025},{"Length":43,"Height":63,"Demand":1,"DemandMax":null,"Value":2709},{"Length":50,"Height":53,"Demand":1,"DemandMax":null,"Value":2650},{"Length":73,"Height":107,"Demand":1,"DemandMax":null,"Value":7811},{"Length":36,"Height":48,"Demand":1,"DemandMax":null,"Value":1728},{"Length":33,"Height":47,"Demand":1,"DemandMax":null,"Value":1551},{"Length":44,"Height":49,"Demand":1,"DemandMax":null,"Value":2156},{"Length":68,"Height":40,"Demand":1,"DemandMax":null,"Value":2720},{"Length":91,"Height":35,"Demand":1,"DemandMax":null,"Value":3185},{"Length":29,"Height":84,"Demand":1,"DemandMax":null,"Value":2436},{"Length":43,"Height":83,"Demand":1,"DemandMax":null,"Value":3569},{"Length":49,"Height":68,"Demand":1,"DemandMax":null,"Value":3332},{"Length":32,"Height":73,"Demand":1,"DemandMax":null,"Value":2336},{"Length":39,"Height":50,"Demand":1,"DemandMax":null,"Value":1950},{"Length":63,"Height":21,"Demand":1,"DemandMax":null,"Value":1323},{"Length":35,"Height":62,"Demand":1,"DemandMax":null,"Value":2170},{"Length":48,"Height":31,"Demand":1,"DemandMax":null,"Value":1488},{"Length":50,"Height":62,"Demand":1,"DemandMax":null,"Value":3100},{"Length":51,"Height":41,"Demand":1,"DemandMax":null,"Value":2091},{"Length":52,"Height":34,"Demand":1,"DemandMax":null,"Value":1768},{"Length":46,"Height":30,"Demand":1,"DemandMax":null,"Value":1380},{"Length":35,"Height":85,"Demand":1,"DemandMax":null,"Value":2975},{"Length":23,"Height":73,"Demand":1,"DemandMax":null,"Value":1679},{"Length":28,"Height":74,"Demand":1,"DemandMax":null,"Value":2072},{"Length":58,"Height":30,"Demand":1,"DemandMax":null,"Value":1740},{"Length":58,"Height":41,"Demand":1,"DemandMax":null,"Value":2378},{"Length":65,"Height":25,"Demand":1,"DemandMax":null,"Value":1625},{"Length":63,"Height":29,"Demand":1,"DemandMax":null,"Value":1827},{"Length":64,"Height":29,"Demand":1,"DemandMax":null,"Value":1856},{"Length":23,"Height":66,"Demand":1,"DemandMax":null,"Value":1518},{"Length":53,"Height":32,"Demand":1,"DemandMax":null,"Value":1696},{"Length":27,"Height":66,"Demand":1,"DemandMax":null,"Value":1782},{"Length":91,"Height":52,"Demand":1,"DemandMax":null,"Value":4732},{"Length":41,"Height":39,"Demand":1,"DemandMax":null,"Value":1599},{"Length":52,"Height":60,"Demand":1,"DemandMax":null,"Value":3120},{"Length":53,"Height":78,"Demand":1,"DemandMax":null,"Value":4134},{"Length":31,"Height":52,"Demand":1,"DemandMax":null,"Value":1612},{"Length":99,"Height":36,"Demand":1,"DemandMax":null,"Value":3564},{"Length":41,"Height":36,"Demand":1,"DemandMax":null,"Value":1476},{"Length":35,"Height":70,"Demand":1,"DemandMax":null,"Value":2450}]}