{"Name":"Nice500i5b4","Objects":[{"Length":348,"Height":498,"Stock":6,"Cost":173304},{"Length":319,"Height":493,"Stock":5,"Cost":157267},{"Length":348,"Height":502,"Stock":3,"Cost":174696},{"Length":333,"Height":1000,"Stock":1,"Cost":333000},{"Length":319,"Height":507,"Stock":5,"Cost":161733}],"Items":[{"Length":69,"Height":40,"Demand":1,"DemandMax":null,"Value":2760},{"Length":71,"Height":18,"Demand":1,"DemandMax":null,"Value":1278},{"Length":32,"Height":50,"Demand":3,"DemandMax":null,"Value":1600},{"Length":22,"Height":49,"Demand":1,"DemandMax":null,"Value":1078},{"Length":29,"Height":46,"Demand":2,"DemandMax":null,"Value":1334},{"Length":27,"Height":43,"Demand":1,"DemandMax":null,"Value":1161},{"Length":71,"Height":43,"Demand":1,"DemandMax":null,"Value":3053},{"Length":44,"Height":136,"Demand":1,"DemandMax":null,"Value":5984},{"Length":19,"Height":60,"Demand":2,"DemandMax":null,"Value":1140},{"Length":35,"Height":96,"Demand":1,"DemandMax":null,"Value":3360},{"Length":93,"Height":36,"Demand":1,"DemandMax":null,"Value":3348},{"Length":61,"Height":18,"Demand":1,"DemandMax":null,"Value":1098},{"Length":27,"Height":48,"Demand":1,"DemandMax":null,"Value":1296},{"Length":72,"Height":38,"Demand":1,"DemandMax":null,"Value":2736},{"Length":30,"Height":50,"Demand":2,"DemandMax":null,"Value":1500},{"Length":68,"Height":42,"Demand":1,"DemandMax":null,"Value":2856},{"Length":70,"Height":22,"Demand":1,"DemandMax":null,"Value":1540},{"Length":73,"Height":34,"Demand":1,"DemandMax":null,"Value":2482},{"Length":42,"Height":71,"Demand":1,"DemandMax":null,"Value":2982},{"Length":80,"Height":34,"Demand":1,"DemandMax":null,"Value":2720},{"Length":37,"Height":51,"Demand":1,"DemandMax":null,"Value":1887},{"Length":97,"Height":63,"Demand":1,"DemandMax":null,"Value":6111},{"Length":102,"Height":37,"Demand":1,"DemandMax":null,"Value":3774},{"Length":43,"Height":26,"Demand":3,"DemandMax":null,"Value":1118},{"Length":71,"Height":38,"Demand":1,"DemandMax":null,"Value":2698},{"Length":42,"Height":36,"Demand":1,"DemandMax":null,"Value":1512},{"Length":45,"Height":27,"Demand":1,"DemandMax":null,"Value":1215},{"Length":70,"Height":53,"Demand":1,"DemandMax":null,"Value":3710},{"Length":44,"Height":53,"Demand":1,"DemandMax":null,"Value":2332},{"Length":44,"Height":68,"Demand":1,"DemandMax":null,"Value":2992},{"Length":79,"Height":22,"Demand":1,"DemandMax":null,"Value":1738},{"Length":37,"Height":70,"Demand":2,"DemandMax":null,"Value":2590},{"Length":78,"Height":24,"Demand":1,"DemandMax":null,"Value":1872},{"Length":21,"Height":44,"Demand":1,"DemandMax":null,"Value":924},{"Length":90,"Height":47,"Demand":1,"DemandMax":null,"Value":4230},{"Length":45,"Height":69,"Demand":1,"DemandMax":null,"Value":3105},{"Length":48,"Height":32,"Demand":1,"DemandMax":null,"Value":1536},{"Length":77,"Height":54,"Demand":1,"DemandMax":null,"Value":4158},{"Length":57,"Height":90,"Demand":1,"DemandMax":null,"Value":5130},{"Length":41,"Height":33,"Demand":1,"DemandMax":null,"Value":1353},{"Length":149,"Height":40,"Demand":1,"DemandMax":null,"Value":5960},{"Length":48,"Height":23,"Demand":1,"DemandMax":null,"Value":1104},{"Length":34,"Height":36,"Demand":1,"DemandMax":null,"Value":1224},{"Length":97,"Height":27,"Demand":3,"DemandMax":null,"Value":2619},{"Length":51,"Height":36,"Demand":1,"DemandMax":null,"Value":1836},{"Length":60,"Height":38,"Demand":1,"DemandMax":null,"Value":2280},{"Length":71,"Height":54,"Demand":1,"DemandMax":null,"Value":3834},{"Length":54,"Height":50,"Demand":1,"DemandMax":null,"Value":2700},{"Length":24,"Height":37,"Demand":1,"DemandMax":null,"Value":888},{"Length":25,"Height":50,"Demand":1,"DemandMax":null,"Value":1250},{"Length":53,"Height":49,"Demand":1,"DemandMax":null,"Value":2597},{"Length":44,"Height":31,"Demand":2,"DemandMax":null,"Value":1364},{"Length":58,"Height":24,"Demand":1,"DemandMax":null,"Value":1392},{"Length":51,"Height":42,"Demand":2,"DemandMax":null,"Value":2142},{"Length":23,"Height":54,"Demand":1,"DemandMax":null,"Value":1242},{"Length":53,"Height":27,"Demand":1,"DemandMax":null,"Value":1431},{"Length":25,"Height":39,"Demand":1,"DemandMax":null,"Value":975},{"Length":30,"Height":37,"Demand":2,"DemandMax":null,"Value":1110},{"Length":40,"Height":24,"Demand":1,"DemandMax":null,"Value":960},{"Length":39,"Height":22,"Demand":1,"DemandMax":null,"Value":858},{"Length":56,"Height":22,"Demand":1,"DemandMax":null,"Value":1232},{"Length":63,"Height":49,"Demand":1,"DemandMax":null,"Value":3087},{"Length":36,"Height":41,"Demand":1,"DemandMax":null,"Value":1476},{"Length":46,"Height":30,"Demand":2,"DemandMax":null,"Value":1380},{"Length":63,"Height":22,"Demand":1,"DemandMax":null,"Value":1386},{"Length":124,"Height":38,"Demand":1,"DemandMax":null,"Value":4712},{"Length":41,"Height":110,"Demand":1,"DemandMax":null,"Value":4510},{"Length":54,"Height":27,"Demand":1,"DemandMax":null,"Value":1458},{"Length":42,"Height":26,"Demand":4,"DemandMax":null,"Value":1092},{"Length":31,"Height":46,"Demand":1,"DemandMax":null,"Value":1426},{"Length":63,"Height":51,"Demand":1,"DemandMax":null,"Value":3213},{"Length":26,"Height":91,"Demand":1,"DemandMax":null,"Value":2366},{"Length":25,"Height":65,"Demand":1,"DemandMax":null,"Value":1625},{"Length":38,"Height":108,"Demand":1,"DemandMax":null,"Value":4104},{"Length":40,"Height":30,"Demand":1,"DemandMax":null,"Value":1200},{"Length":27,"Height":108,"Demand":1,"DemandMax":null,"Value":2916},{"Length":35,"Height":33,"Demand":1,"DemandMax":null,"Value":1155},{"Length":77,"Height":22,"Demand":2,"DemandMax":null,"Value":1694},{"Length":74,"Height":19,"Demand":2,"DemandMax":null,"Value":1406},{"Length":57,"Height":24,"Demand":1,"DemandMax":null,"Value":1368},{"Length":42,"Height":33,"Demand":1,"DemandMax":null,"Value":1386},{"Length":63,"Height":65,"Demand":1,"DemandMax":null,"Value":4095},{"Length":46,"Height":25,"Demand":1,"DemandMax":null,"Value":1150},{"Length":38,"Height":68,"Demand":1,"DemandMax":null,"Value":2584},{"Length":51,"Height":26,"Demand":1,"DemandMax":null,"Value":1326},{"Length":28,"Height":46,"Demand":1,"DemandMax":null,"Value":1288},{"Length":71,"Height":65,"Demand":1,"DemandMax":null,"Value":4615},{"Length":91,"Height":27,"Demand":1,"DemandMax":null,"Value":2457},{"Length":25,"Height":46,"Demand":3,"DemandMax":null,"Value":1150},{"Length":55,"Height":20,"Demand":2,"DemandMax":null,"Value":1100},{"Length":53,"Height":59,"Demand":1,"DemandMax":null,"Value":3127},{"Length":28,"Height":110,"Demand":1,"DemandMax":null,"Value":3080},{"Length":29,"Height":43,"Demand":1,"DemandMax":null,"Value":1247},{"Length":22,"Height":68,"Demand":3,"DemandMax":null,"Value":1496},{"Length":28,"Height":39,"Demand":3,"DemandMax":null,"Value":1092},{"Length":45,"Height":25,"Demand":2,"DemandMax":null,"Value":1125},{"Length":73,"Height":54,"Demand":2,"DemandMax":null,"Value":3942},{"Length":29,"Height":38,"Demand":2,"DemandMax":null,"Value":1102},{"Length":37,"Height":78,"Demand":1,"DemandMax":null,"Value":2886},{"Length":50,"Height":35,"Demand":1,"DemandMax":null,"Value":1750},{"Length":42,"Height":93,"Demand":1,"DemandMax":null,"Value":3906},{"Length":29,"Height":108,"Demand":1,"DemandMax":null,"Value":3132},{"Length":25,"Height":55,"Demand":1,"DemandMax":null,"Value":1375},{"Length":27,"Height":70,"Demand":1,"DemandMax":null,"Value":1890},{"Length":54,"Height":53,"Demand":1,"DemandMax":null,"Value":2862},{"Length":79,"Height":20,"Demand":1,"DemandMax":null,"Value":1580},{"Length":56,"Height":50,"Demand":1,"DemandMax":null,"Value":2800},{"Length":70,"Height":19,"Demand":1,"DemandMax":null,"Value":1330},{"Length":35,"Height":39,"Demand":1,"DemandMax":null,"Value":1365},{"Length":71,"Height":58,"Demand":1,"DemandMax":null,"Value":4118},{"Length":20,"Height":73,"Demand":3,"DemandMax":null,"Value":1460},{"Length":72,"Height":22,"Demand":2,"DemandMax":null,"Value":1584},{"Length":21,"Height":71,"Demand":1,"DemandMax":null,"Value":1491},{"Length":79,"Height":21,"Demand":1,"DemandMax":null,"Value":1659},{"Length":30,"Height":42,"Demand":1,"DemandMax":null,"Value":1260},{"Length":74,"Height":54,"Demand":1,"DemandMax":null,"Value":3996},{"Length":59,"Height":23,"Demand":1,"DemandMax":null,"Value":1357},{"Length":94,"Height":75,"Demand":1,"DemandMax":null,"Value":7050},{"Length":73,"Height":39,"Demand":1,"DemandMax":null,"Value":2847},{"Length":53,"Height":21,"Demand":2,"DemandMax":null,"Value":1113},{"Length":41,"Height":67,"Demand":1,"DemandMax":null,"Value":2747},{"Length":26,"Height":70,"Demand":1,"DemandMax":null,"Value":1820},{"Length":39,"Height":30,"Demand":1,"DemandMax":null,"Value":1170},{"Length":19,"Height":73,"Demand":1,"DemandMax":null,"Value":1387},{"Length":51,"Height":22,"Demand":1,"DemandMax":null,"Value":1122},{"Length":21,"Height":56,"Demand":1,"DemandMax":null,"Value":1176},{"Length":22,"Height":50,"Demand":1,"DemandMax":null,"Value":1100},{"Length":63,"Height":28,"Demand":1,"DemandMax":null,"Value":1764},{"Length":90,"Height":59,"Demand":1,"DemandMax":null,"Value":5310},{"Length":33,"Height":44,"Demand":2,"DemandMax":null,"Value":1452},{"Length":31,"Height":120,"Demand":1,"DemandMax":null,"Value":3720},{"Length":33,"Height":33,"Demand":1,"DemandMax":null,"Value":1089},{"Length":68,"Height":64,"Demand":1,"DemandMax":null,"Value":4352},{"Length":35,"Height":32,"Demand":2,"DemandMax":null,"Value":1120},{"Length":22,"Height":55,"Demand":1,"DemandMax":null,"Value":1210},{"Length":66,"Height":23,"Demand":1,"DemandMax":null,"Value":1518},{"Length":31,"Height":87,"Demand":2,"DemandMax":null,"Value":2697},{"Length":53,"Height":52,"Demand":2,"DemandMax":null,"Value":2756},{"Length":17,"Height":68,"Demand":1,"DemandMax":null,"Value":1156},{"Length":20,"Height":48,"Demand":1,"DemandMax":null,"Value":960},{"Length":48,"Height":30,"Demand":2,"DemandMax":null,"Value":1440},{"Length":55,"Height":59,"Demand":1,"DemandMax":null,"Value":3245},{"Length":37,"Height":28,"Demand":1,"DemandMax":null,"Value":1036},{"Length":66,"Height":34,"Demand":1,"DemandMax":null,"Value":2244},{"Length":28,"Height":41,"Demand":1,"DemandMax":null,"Value":1148},{"Length":17,"Height":54,"Demand":1,"DemandMax":null,"Value":918},{"Length":37,"Height":30,"Demand":3,"DemandMax":null,"Value":1110},{"Length":19,"Height":59,"Demand":1,"DemandMax":null,"Value":1121},{"Length":32,"Height":87,"Demand":1,"DemandMax":null,"Value":2784},{"Length":33,"Height":110,"Demand":1,"DemandMax":null,"Value":3630},{"Length":36,"Height":30,"Demand":2,"DemandMax":null,"Value":1080},{"Length":42,"Height":24,"Demand":1,"DemandMax":null,"Value":1008},{"Length":48,"Height":73,"Demand":1,"DemandMax":null,"Value":3504},{"Length":39,"Height":72,"Demand":1,"DemandMax":null,"Value":2808},{"Length":30,"Height":39,"Demand":1,"DemandMax":null,"Value":1170},{"Length":44,"Height":28,"Demand":1,"DemandMax":null,"Value":1232},{"Length":71,"Height":75,"Demand":1,"DemandMax":null,"Value":5325},{"Length":43,"Height":33,"Demand":1,"DemandMax":null,"Value":1419},{"Length":97,"Height":39,"Demand":1,"DemandMax":null,"Value":3783},{"Length":45,"Height":59,"Demand":1,"DemandMax":null,"Value":2655},{"Length":50,"Height":25,"Demand":1,"DemandMax":null,"Value":1250},{"Length":30,"Height":96,"Demand":1,"DemandMax":null,"Value":2880},{"Length":66,"Height":54,"Demand":1,"DemandMax":null,"Value":3564},{"Length":35,"Height":35,"Demand":1,"DemandMax":null,"Value":1225},{"Length":36,"Height":42,"Demand":1,"DemandMax":null,"Value":1512},{"Length":20,"Height":57,"Demand":1,"DemandMax":null,"Value":1140},{"Length":33,"Height":32,"Demand":1,"DemandMax":null,"Value":1056},{"Length":41,"Height":55,"Demand":1,"DemandMax":null,"Value":2255},{"Length":68,"Height":36,"Demand":1,"DemandMax":null,"Value":2448},{"Length":84,"Height":21,"Demand":1,"DemandMax":null,"Value":1764},{"Length":35,"Height":36,"Demand":1,"DemandMax":null,"Value":1260},{"Length":50,"Height":18,"Demand":1,"DemandMax":null,"Value":900},{"Length":19,"Height":54,"Demand":1,"DemandMax":null,"Value":1026},{"Length":80,"Height":39,"Demand":1,"DemandMax":null,"Value":3120},{"Length":22,"Height":67,"Demand":1,"DemandMax":null,"Value":1474},{"Length":28,"Height":42,"Demand":1,"DemandMax":null,"Value":1176},{"Length":35,"Height":49,"Demand":1,"DemandMax":null,"Value":1715},{"Length":90,"Height":32,"Demand":1,"DemandMax":null,"Value":2880},{"Length":34,"Height":52,"Demand":1,"DemandMax":null,"Value":1768},{"Length":87,"Height":44,"Demand":1,"DemandMax":null,"Value":3828},{"Length":33,"Height":100,"Demand":1,"DemandMax":null,"Value":3300},{"Length":37,"Height":38,"Demand":2,"DemandMax":null,"Value":1406},{"Length":31,"Height":33,"Demand":1,"DemandMax":null,"Value":1023},{"Length":59,"Height":56,"Demand":1,"DemandMax":null,"Value":3304},{"Length":45,"Height":31,"Demand":1,"DemandMax":null,"Value":1395},{"Length":46,"Height":59,"Demand":1,"DemandMax":null,"Value":2714},{"Length":48,"Height":57,"Demand":1,"DemandMax":null,"Value":2736},{"Length":22,"Height":51,"Demand":1,"DemandMax":null,"Value":1122},{"Length":55,"Height":109,"Demand":1,"DemandMax":null,"Value":5995},{"Length":20,"Height":77,"Demand":2,"DemandMax":null,"Value":1540},{"Length":20,"Height":55,"Demand":1,"DemandMax":null,"Value":1100},{"Length":37,"Height":61,"Demand":1,"DemandMax":null,"Value":2257},{"Length":34,"Height":115,"Demand":1,"DemandMax":null,"Value":3910},{"Length":50,"Height":33,"Demand":1,"DemandMax":null,"Value":1650},{"Length":27,"Height":41,"Demand":1,"DemandMax":null,"Value":1107},{"Length":19,"Height":67,"Demand":1,"DemandMax":null,"Value":1273},{"Length":72,"Height":19,"Demand":1,"DemandMax":null,"Value":1368},{"Length":25,"Height":90,"Demand":1,"DemandMax":null,"Value":2250},{"Length":32,"Height":29,"Demand":1,"DemandMax":null,"Value":928},{"Length":46,"Height":35,"Demand":2,"DemandMax":null,"Value":1610},{"Length":84,"Height":124,"Demand":1,"DemandMax":null,"Value":10416},{"Length":67,"Height":37,"Demand":3,"DemandMax":null,"Value":2479},{"Length":21,"Height":59,"Demand":1,"DemandMax":null,"Value":1239},{"Length":21,"Height":51,"Demand":1,"DemandMax":null,"Value":1071},{"Length":43,"Height":39,"Demand":1,"DemandMax":null,"Value":1677},{"Length":67,"Height":47,"Demand":1,"DemandMax":null,"Value":3149},{"Length":74,"Height":30,"Demand":1,"DemandMax":null,"Value":2220},{"Length":35,"Height":42,"Demand":1,"DemandMax":null,"Value":1470},{"Length":59,"Height":93,"Demand":1,"DemandMax":null,"Value":5487},{"Length":70,"Height":18,"Demand":1,"DemandMax":null,"Value":1260},{"Length":93,"Height":38,"Demand":1,"DemandMax":null,"Value":3534},{"Length":85,"Height":40,"Demand":1,"DemandMax":null,"Value":3400},{"Length":32,"Height":46,"Demand":1,"DemandMax":null,"Value":1472},{"Length":21,"Height":78,"Demand":2,"DemandMax":null,"Value":1638},{"Length":22,"Height":52,"Demand":2,"DemandMax":null,"Value":1144},{"Length":25,"Height":77,"Demand":1,"DemandMax":null,"Value":1925},{"Length":60,"Height":20,"Demand":2,"DemandMax":null,"Value":1200},{"Length":35,"Height":90,"Demand":1,"DemandMax":null,"Value":3150},{"Length":29,"Height":88,"Demand":1,"DemandMax":null,"Value":2552},{"Length":60,"Height":18,"Demand":1,"DemandMax":null,"Value":1080},{"Length":72,"Height":51,"Demand":1,"DemandMax":null,"Value":3672},{"Length":48,"Height":25,"Demand":1,"DemandMax":null,"Value":1200},{"Length":41,"Height":37,"Demand":1,"DemandMax":null,"Value":1517},{"Length":25,"Height":66,"Demand":1,"DemandMax":null,"Value":1650},{"Length":31,"Height":91,"Demand":1,"DemandMax":null,"Value":2821},{"Length":18,"Height":72,"Demand":1,"DemandMax":null,"Value":1296},{"Length":71,"Height":63,"Demand":1,"DemandMax":null,"Value":4473},{"Length":29,"Height":39,"Demand":1,"DemandMax":null,"Value":1131},{"Length":23,"Height":46,"Demand":1,"DemandMax":null,"Value":1058},{"Length":60,"Height":16,"Demand":1,"DemandMax":null,"Value":960},{"Length":41,"Height":28,"Demand":1,"DemandMax":null,"Value":1148},{"Length":70,"Height":71,"Demand":1,"DemandMax":null,"Value":4970},{"Length":86,"Height":90,"Demand":1,"DemandMax":null,"Value":7740},{"Length":39,"Height":60,"Demand":1,"DemandMax":null,"Value":2340},{"Length":17,"Height":64,"Demand":1,"DemandMax":null,"Value":1088},{"Length":35,"Height":73,"Demand":2,"DemandMax":null,"Value":2555},{"Length":28,"Height":34,"Demand":2,"DemandMax":null,"Value":952},{"Length":65,"Height":38,"Demand":1,"DemandMax":null,"Value":2470},{"Length":108,"Height":64,"Demand":1,"DemandMax":null,"Value":6912},{"Length":27,"Height":51,"Demand":1,"DemandMax":null,"Value":1377},{"Length":68,"Height":19,"Demand":1,"DemandMax":null,"Value":1292},{"Length":16,"Height":61,"Demand":1,"DemandMax":null,"Value":976},{"Length":95,"Height":26,"Demand":1,"DemandMax":null,"Value":2470},{"Length":82,"Height":67,"Demand":1,"DemandMax":null,"Value":5494},{"Length":137,"Height":53,"Demand":1,"DemandMax":null,"Value":7261},{"Length":108,"Height":29,"Demand":1,"DemandMax":null,"Value":3132},{"Length":41,"Height":29,"Demand":1,"DemandMax":null,"Value":1189},{"Length":73,"Height":37,"Demand":1,"DemandMax":null,"Value":2701},{"Length":51,"Height":25,"Demand":1,"DemandMax":null,"Value":1275},{"Length":23,"Height":49,"Demand":1,"DemandMax":null,"Value":1127},{"Length":30,"Height":52,"Demand":1,"DemandMax":null,"Value":1560},{"Length":45,"Height":32,"Demand":1,"DemandMax":null,"Value":1440},{"Length":37,"Height":37,"Demand":1,"DemandMax":null,"Value":1369},{"Length":43,"Height":115,"Demand":1,"DemandMax":null,"Value":4945},{"Length":35,"Height":69,"Demand":1,"DemandMax":null,"Value":2415},{"Length":40,"Height":90,"Demand":2,"DemandMax":null,"Value":3600},{"Length":28,"Height":90,"Demand":1,"DemandMax":null,"Value":2520},{"Length":45,"Height":30,"Demand":1,"DemandMax":null,"Value":1350},{"Length":22,"Height":87,"Demand":2,"DemandMax":null,"Value":1914},{"Length":67,"Height":18,"Demand":3,"DemandMax":null,"Value":1206},{"Length":31,"Height":32,"Demand":1,"DemandMax":null,"Value":992},{"Length":23,"Height":51,"Demand":1,"DemandMax":null,"Value":1173},{"Length":53,"Height":29,"Demand":2,"DemandMax":null,"Value":1537},{"Length":48,"Height":26,"Demand":1,"DemandMax":null,"Value":1248},{"Length":40,"Height":63,"Demand":1,"DemandMax":null,"Value":2520},{"Length":32,"Height":36,"Demand":3,"DemandMax":null,"Value":1152},{"Length":30,"Height":38,"Demand":1,"DemandMax":null,"Value":1140},{"Length":37,"Height":48,"Demand":1,"DemandMax":null,"Value":1776},{"Length":30,"Height":58,"Demand":1,"DemandMax":null,"Value":1740},{"Length":48,"Height":18,"Demand":1,"DemandMax":null,"Value":864},{"Length":37,"Height":33,"Demand":2,"DemandMax":null,"Value":1221},{"Length":33,"Height":46,"Demand":1,"DemandMax":null,"Value":1518},{"Length":28,"Height":54,"Demand":1,"DemandMax":null,"Value":1512},{"Length":79,"Height":23,"Demand":1,"DemandMax":null,"Value":1817},{"Length":28,"Height":32,"Demand":3,"DemandMax":null,"Value":896},{"Length":39,"Height":37,"Demand":1,"DemandMax":null,"Value":1443},{"Length":18,"Height":70,"Demand":1,"DemandMax":null,"Value":1260},{"Length":30,"Height":46,"Demand":1,"DemandMax":null,"Value":1380},{"Length":27,"Height":59,"Demand":1,"DemandMax":null,"Value":1593},{"Length":26,"Height":59,"Demand":1,"DemandMax":null,"Value":1534},{"Length":36,"Height":31,"Demand":1,"DemandMax":null,"Value":1116},{"Length":32,"Height":58,"Demand":1,"DemandMax":null,"Value":1856},{"Length":50,"Height":21,"Demand":1,"DemandMax":null,"Value":1050},{"Length":32,"Height":39,"Demand":1,"DemandMax":null,"Value":1248},{"Length":27,"Height":57,"Demand":1,"DemandMax":null,"Value":1539},{"Length":47,"Height":23,"Demand":3,"DemandMax":null,"Value":1081},{"Length":35,"Height":38,"Demand":1,"DemandMax":null,"Value":1330},{"Length":74,"Height":20,"Demand":1,"DemandMax":null,"Value":1480},{"Length":17,"Height":58,"Demand":1,"DemandMax":null,"Value":986},{"Length":37,"Height":27,"Demand":1,"DemandMax":null,"Value":999},{"Length":30,"Height":51,"Demand":1,"DemandMax":null,"Value":1530},{"Length":29,"Height":30,"Demand":1,"DemandMax":null,"Value":870},{"Length":49,"Height":30,"Demand":1,"DemandMax":null,"Value":1470},{"Length":79,"Height":30,"Demand":1,"DemandMax":null,"Value":2370},{"Length":25,"Height":38,"Demand":1,"DemandMax":null,"Value":950},{"Length":33,"Height":36,"Demand":3,"DemandMax":null,"Value":1188},{"Length":44,"Height":43,"Demand":1,"DemandMax":null,"Value":1892},{"Length":42,"Height":84,"Demand":1,"DemandMax":null,"Value":3528},{"Length":38,"Height":55,"Demand":2,"DemandMax":null,"Value":2090},{"Length":101,"Height":90,"Demand":1,"DemandMax":null,"Value":9090},{"Length":31,"Height":50,"Demand":1,"DemandMax":null,"Value":1550},{"Length":39,"Height":51,"Demand":2,"DemandMax":null,"Value":1989},{"Length":29,"Height":56,"Demand":1,"DemandMax":null,"Value":1624},{"Length":36,"Height":46,"Demand":1,"DemandMax":null,"Value":1656},{"Length":53,"Height":67,"Demand":1,"DemandMax":null,"Value":3551},{"Length":59,"Height":37,"Demand":1,"DemandMax":null,"Value":2183},{"Length":56,"Height":28,"Demand":1,"DemandMax":null,"Value":1568},{"Length":64,"Height":28,"Demand":1,"DemandMax":null,"Value":1792},{"Length":66,"Height":27,"Demand":1,"DemandMax":null,"Value":1782},{"Length":46,"Height":19,"Demand":1,"DemandMax":null,"Value":874},{"Length":41,"Height":66,"Demand":1,"DemandMax":null,"Value":2706},{"Length":21,"Height":41,"Demand":1,"DemandMax":null,"Value":861},{"Length":58,"Height":50,"Demand":1,"DemandMax":null,"Value":2900},{"Length":74,"Height":22,"Demand":2,"DemandMax":null,"Value":1628},{"Length":70,"Height":38,"Demand":1,"DemandMax":null,"Value":2660},{"Length":27,"Height":35,"Demand":1,"DemandMax":null,"Value":945},{"Length":92,"Height":30,"Demand":1,"DemandMax":null,"Value":2760},{"Length":36,"Height":49,"Demand":1,"DemandMax":null,"Value":1764},{"Length":144,"Height":38,"Demand":1,"DemandMax":null,"Value":5472},{"Length":55,"Height":17,"Demand":1,"DemandMax":null,"Value":935},{"Length":47,"Height":36,"Demand":1,"DemandMax":null,"Value":1692},{"Length":19,"Height":70,"Demand":1,"DemandMax":null,"Value":1330},{"Length":51,"Height":30,"Demand":3,"DemandMax":null,"Value":1530},{"Length":51,"Height":33,"Demand":1,"DemandMax":null,"Value":1683},{"Length":30,"Height":49,"Demand":1,"DemandMax":null,"Value":1470},{"Length":45,"Height":36,"Demand":1,"DemandMax":null,"Value":1620},{"Length":36,"Height":40,"Demand":1,"DemandMax":null,"Value":1440},{"Length":45,"Height":34,"Demand":1,"DemandMax":null,"Value":1530},{"Length":44,"Height":37,"Demand":2,"DemandMax":null,"Value":1628},{"Length":32,"Height":37,"Demand":1,"DemandMax":null,"Value":1184},{"Length":29,"Height":54,"Demand":1,"DemandMax":null,"Value":1566},{"Length":27,"Height":77,"Demand":1,"DemandMax":null,"Value":2079},{"Length":42,"Height":28,"Demand":2,"DemandMax":null,"Value":1176},{"Length":33,"Height":37,"Demand":1,"DemandMax":null,"Value":1221},{"Length":49,"Height":29,"Demand":1,"DemandMax":null,"Value":1421},{"Length":30,"Height":29,"Demand":2,"DemandMax":null,"Value":870},{"Length":57,"Height":36,"Demand":1,"DemandMax":null,"Value":2052},{"Length":21,"Height":55,"Demand":1,"DemandMax":null,"Value":1155},{"Length":69,"Height":32,"Demand":1,"DemandMax":null,"Value":2208},{"Length":15,"Height":59,"Demand":1,"DemandMax":null,"Value":885},{"Length":31,"Height":47,"Demand":1,"DemandMax":null,"Value":1457},{"Length":24,"Height":36,"Demand":1,"DemandMax":null,"Value":864},{"Length":26,"Height":77,"Demand":1,"DemandMax":null,"Value":2002},{"Length":61,"Height":20,"Demand":1,"DemandMax":null,"Value":1220},{"Length":23,"Height":73,"Demand":1,"DemandMax":null,"Value":1679},{"Length":41,"Height":40,"Demand":1,"DemandMax":null,"Value":1640},{"Length":31,"Height":36,"Demand":1,"DemandMax":null,"Value":1116},{"Length":91,"Height":47,"Demand":1,"DemandMax":null,"Value":4277},{"Length":79,"Height":24,"Demand":1,"DemandMax":null,"Value":1896},{"Length":58,"Height":70,"Demand":1,"DemandMax":null,"Value":4060},{"Length":39,"Height":65,"Demand":1,"DemandMax":null,"Value":2535},{"Length":63,"Height":26,"Demand":1,"DemandMax":null,"Value":1638},{"Length":58,"Height":28,"Demand":1,"DemandMax":null,"Value":1624},{"Length":33,"Height":43,"Demand":1,"DemandMax":null,"Value":1419},{"Length":35,"Height":48,"Demand":1,"DemandMax":null,"Value":1680},{"Length":105,"Height":44,"Demand":1,"DemandMax":null,"Value":4620},{"Length":29,"Height":51,"Demand":1,"DemandMax":null,"Value":1479},{"Length":44,"Height":23,"Demand":2,"DemandMax":null,"Value":1012},{"Length":42,"Height":68,"Demand":1,"DemandMax":null,"Value":2856},{"Length":72,"Height":39,"Demand":2,"DemandMax":null,"Value":2808},{"Length":35,"Height":25,"Demand":2,"DemandMax":null,"Value":875},{"Length":51,"Height":37,"Demand":1,"DemandMax":null,"Value":1887},{"Length":28,"Height":57,"Demand":1,"DemandMax":null,"Value":1596},{"Length":28,"Height":38,"Demand":1,"DemandMax":null,"Value":1064},{"Length":55,"Height":38,"Demand":1,"DemandMax":null,"Value":2090},{"Length":44,"Height":44,"Demand":1,"DemandMax":null,"Value":1936},{"Length":56,"Height":30,"Demand":1,"DemandMax":null,"Value":1680},{"Length":46,"Height":48,"Demand":1,"DemandMax":null,"Value":2208},{"Length":57,"Height":58,"Demand":1,"DemandMax":null,"Value":3306},{"Length":50,"Height":28,"Demand":1,"DemandMax":null,"Value":1400},{"Length":36,"Height":55,"Demand":1,"DemandMax":null,"Value":1980},{"Length":67,"Height":34,"Demand":1,"DemandMax":null,"Value":2278},{"Length":45,"Height":61,"Demand":1,"DemandMax":null,"Value":2745},{"Length":28,"Height":35,"Demand":1,"DemandMax":null,"Value":980},{"Length":32,"Height":71,"Demand":1,"DemandMax":null,"Value":2272},{"Length":48,"Height":21,"Demand":1,"DemandMax":null,"Value":1008},{"Length":29,"Height":31,"Demand":1,"DemandMax":null,"Value":899},{"Length":50,"Height":19,"Demand":1,"DemandMax":null,"Value":950},{"Length":50,"Height":58,"Demand":1,"DemandMax":null,"Value":2900},{"Length":50,"Height":39,"Demand":1,"DemandMax":null,"Value":1950},{"Length":49,"Height":25,"Demand":1,"DemandMax":null,"Value":1225},{"Length":40,"Height":34,"Demand":1,"DemandMax":null,"Value":1360},{"Length":60,"Height":22,"Demand":1,"DemandMax":null,"Value":1320},{"Length":22,"Height":41,"Demand":1,"DemandMax":null,"Value":902},{"Length":42,"Height":85,"Demand":1,"DemandMax":null,"Value":3570},{"Length":43,"Height":64,"Demand":1,"DemandMax":null,"Value":2752},{"Length":36,"Height":34,"Demand":1,"DemandMax":null,"Value":1224},{"Length":78,"Height":30,"Demand":1,"DemandMax":null,"Value":2340},{"Length":50,"Height":27,"Demand":1,"DemandMax":null,"Value":1350},{"Length":54,"Height":54,"Demand":1,"DemandMax":null,"Value":2916},{"Length":84,"Height":23,"Demand":1,"DemandMax":null,"Value":1932},{"Length":42,"Height":39,"Demand":1,"DemandMax":null,"Value":1638},{"Length":40,"Height":32,"Demand":1,"DemandMax":null,"Value":1280},{"Length":43,"Height":96,"Demand":1,"DemandMax":null,"Value":4128},{"Length":44,"Height":39,"Demand":1,"DemandMax":null,"Value":1716},{"Length":33,"Height":58,"Demand":1,"DemandMax":null,"Value":1914},{"Length":46,"Height":52,"Demand":1,"DemandMax":null,"Value":2392},{"Length":20,"Height":58,"Demand":1,"DemandMax":null,"Value":1160},{"Length":46,"Height":21,"Demand":1,"DemandMax":null,"Value":966},{"Length":46,"Height":37,"Demand":1,"DemandMax":null,"Value":1702},{"Length":32,"Height":48,"Demand":1,"DemandMax":null,"Value":1536},{"Length":55,"Height":37,"Demand":1,"DemandMax":null,"Value":2035},{"Length":24,"Height":61,"Demand":1,"DemandMax":null,"Value":1464},{"Length":54,"Height":30,"Demand":1,"DemandMax":null,"Value":1620},{"Length":20,"Height":72,"Demand":1,"DemandMax":null,"Value":1440},{"Length":62,"Height":56,"Demand":1,"DemandMax":null,"Value":3472},{"Length":46,"Height":69,"Demand":1,"DemandMax":null,"Value":3174},{"Length":37,"Height":31,"Demand":1,"DemandMax":null,"Value":1147},{"Length":27,"Height":67,"Demand":1,"DemandMax":null,"Value":1809},{"Length":40,"Height":67,"Demand":1,"DemandMax":null,"Value":2680},{"Length":59,"Height":29,"Demand":1,"DemandMax":null,"Value":1711},{"Length":68,"Height":35,"Demand":1,"DemandMax":null,"Value":2380},{"Length":24,"Height":51,"Demand":1,"DemandMax":null,"Value":1224},{"Length":22,"Height":59,"Demand":1,"DemandMax":null,"Value":1298},{"Length":29,"Height":60,"Demand":1,"DemandMax":null,"Value":1740},{"Length":44,"Height":36,"Demand":1,"DemandMax":null,"Value":1584},{"Length":45,"Height":44,"Demand":1,"DemandMax":null,"Value":1980},{"Length":55,"Height":49,"Demand":1,"DemandMax":null,"Value":2695},{"Length":50,"Height":71,"Demand":1,"DemandMax":null,"Value":3550},{"Length":22,"Height":77,"Demand":1,"DemandMax":null,"Value":1694},{"Length":40,"Height":38,"Demand":1,"DemandMax":null,"Value":1520},{"Length":42,"Height":54,"Demand":1,"DemandMax":null,"Value":2268},{"Length":43,"Height":35,"Demand":1,"DemandMax":null,"Value":1505},{"Length":21,"Height":48,"Demand":1,"DemandMax":null,"Value":1008}]}