{"Name":"Path200i6b3","Objects":[{"Length":286,"Height":636,"Stock":1,"Cost":181896},{"Length":310,"Height":474,"Stock":5,"Cost":146940},{"Length":351,"Height":526,"Stock":5,"Cost":184626},{"Length":286,"Height":364,"Stock":5,"Cost":104104},{"Length":363,"Height":526,"Stock":6,"Cost":190938},{"Length":404,"Height":474,"Stock":6,"Cost":191496}],"Items":[{"Length":286,"Height":57,"Demand":1,"DemandMax":null,"Value":16302},{"Length":121,"Height":143,"Demand":1,"DemandMax":null,"Value":17303},{"Length":1,"Height":94,"Demand":1,"DemandMax":null,"Value":94},{"Length":286,"Height":112,"Demand":1,"DemandMax":null,"Value":32032},{"Length":216,"Height":32,"Demand":1,"DemandMax":null,"Value":6912},{"Length":77,"Height":222,"Demand":1,"DemandMax":null,"Value":17094},{"Length":193,"Height":108,"Demand":1,"DemandMax":null,"Value":20844},{"Length":171,"Height":209,"Demand":1,"DemandMax":null,"Value":35739},{"Length":15,"Height":108,"Demand":1,"DemandMax":null,"Value":1620},{"Length":86,"Height":103,"Demand":1,"DemandMax":null,"Value":8858},{"Length":4,"Height":14,"Demand":1,"DemandMax":null,"Value":56},{"Length":261,"Height":173,"Demand":1,"DemandMax":null,"Value":45153},{"Length":219,"Height":49,"Demand":1,"DemandMax":null,"Value":10731},{"Length":15,"Height":54,"Demand":1,"DemandMax":null,"Value":810},{"Length":67,"Height":43,"Demand":1,"DemandMax":null,"Value":2881},{"Length":2,"Height":252,"Demand":1,"DemandMax":null,"Value":504},{"Length":105,"Height":193,"Demand":1,"DemandMax":null,"Value":20265},{"Length":149,"Height":234,"Demand":1,"DemandMax":null,"Value":34866},{"Length":3,"Height":217,"Demand":1,"DemandMax":null,"Value":651},{"Length":3,"Height":19,"Demand":1,"DemandMax":null,"Value":57},{"Length":3,"Height":191,"Demand":1,"DemandMax":null,"Value":573},{"Length":91,"Height":266,"Demand":1,"DemandMax":null,"Value":24206},{"Length":1,"Height":1,"Demand":8,"DemandMax":null,"Value":1},{"Length":6,"Height":29,"Demand":1,"DemandMax":null,"Value":174},{"Length":65,"Height":155,"Demand":1,"DemandMax":null,"Value":10075},{"Length":57,"Height":83,"Demand":1,"DemandMax":null,"Value":4731},{"Length":13,"Height":4,"Demand":1,"DemandMax":null,"Value":52},{"Length":3,"Height":236,"Demand":1,"DemandMax":null,"Value":708},{"Length":84,"Height":222,"Demand":1,"DemandMax":null,"Value":18648},{"Length":4,"Height":5,"Demand":1,"DemandMax":null,"Value":20},{"Length":216,"Height":55,"Demand":1,"DemandMax":null,"Value":11880},{"Length":86,"Height":8,"Demand":1,"DemandMax":null,"Value":688},{"Length":1,"Height":18,"Demand":1,"DemandMax":null,"Value":18},{"Length":1,"Height":6,"Demand":1,"DemandMax":null,"Value":6},{"Length":286,"Height":15,"Demand":1,"DemandMax":null,"Value":4290},{"Length":41,"Height":42,"Demand":1,"DemandMax":null,"Value":1722},{"Length":86,"Height":132,"Demand":1,"DemandMax":null,"Value":11352},{"Length":25,"Height":161,"Demand":1,"DemandMax":null,"Value":4025},{"Length":1,"Height":21,"Demand":2,"DemandMax":null,"Value":21},{"Length":15,"Height":171,"Demand":1,"DemandMax":null,"Value":2565},{"Length":1,"Height":3,"Demand":2,"DemandMax":null,"Value":3},{"Length":1,"Height":2,"Demand":3,"DemandMax":null,"Value":2},{"Length":273,"Height":139,"Demand":1,"DemandMax":null,"Value":37947},{"Length":35,"Height":2,"Demand":1,"DemandMax":null,"Value":70},{"Length":2,"Height":20,"Demand":1,"DemandMax":null,"Value":40},{"Length":2,"Height":36,"Demand":1,"DemandMax":null,"Value":72},{"Length":7,"Height":174,"Demand":1,"DemandMax":null,"Value":1218},{"Length":1,"Height":25,"Demand":2,"DemandMax":null,"Value":25},{"Length":122,"Height":54,"Demand":1,"DemandMax":null,"Value":6588},{"Length":122,"Height":69,"Demand":1,"DemandMax":null,"Value":8418},{"Length":25,"Height":63,"Demand":1,"DemandMax":null,"Value":1575},{"Length":30,"Height":153,"Demand":1,"DemandMax":null,"Value":4590},{"Length":3,"Height":13,"Demand":1,"DemandMax":null,"Value":39},{"Length":83,"Height":260,"Demand":1,"DemandMax":null,"Value":21580},{"Length":101,"Height":271,"Demand":1,"DemandMax":null,"Value":27371},{"Length":216,"Height":48,"Demand":1,"DemandMax":null,"Value":10368},{"Length":193,"Height":43,"Demand":1,"DemandMax":null,"Value":8299},{"Length":13,"Height":36,"Demand":1,"DemandMax":null,"Value":468},{"Length":5,"Height":41,"Demand":1,"DemandMax":null,"Value":205},{"Length":13,"Height":1,"Demand":2,"DemandMax":null,"Value":13},{"Length":193,"Height":13,"Demand":1,"DemandMax":null,"Value":2509},{"Length":50,"Height":75,"Demand":1,"DemandMax":null,"Value":3750},{"Length":86,"Height":32,"Demand":1,"DemandMax":null,"Value":2752},{"Length":76,"Height":72,"Demand":1,"DemandMax":null,"Value":5472},{"Length":4,"Height":1,"Demand":2,"DemandMax":null,"Value":4},{"Length":13,"Height":25,"Demand":1,"DemandMax":null,"Value":325},{"Length":25,"Height":11,"Demand":1,"DemandMax":null,"Value":275},{"Length":8,"Height":49,"Demand":1,"DemandMax":null,"Value":392},{"Length":105,"Height":43,"Demand":1,"DemandMax":null,"Value":4515},{"Length":50,"Height":62,"Demand":1,"DemandMax":null,"Value":3100},{"Length":172,"Height":238,"Demand":1,"DemandMax":null,"Value":40936},{"Length":116,"Height":32,"Demand":1,"DemandMax":null,"Value":3712},{"Length":10,"Height":28,"Demand":1,"DemandMax":null,"Value":280},{"Length":234,"Height":42,"Demand":1,"DemandMax":null,"Value":9828},{"Length":286,"Height":72,"Demand":1,"DemandMax":null,"Value":20592},{"Length":1,"Height":83,"Demand":1,"DemandMax":null,"Value":83},{"Length":35,"Height":120,"Demand":1,"DemandMax":null,"Value":4200},{"Length":69,"Height":63,"Demand":1,"DemandMax":null,"Value":4347},{"Length":286,"Height":11,"Demand":1,"DemandMax":null,"Value":3146},{"Length":23,"Height":54,"Demand":1,"DemandMax":null,"Value":1242},{"Length":3,"Height":45,"Demand":1,"DemandMax":null,"Value":135},{"Length":13,"Height":3,"Demand":1,"DemandMax":null,"Value":39},{"Length":4,"Height":22,"Demand":1,"DemandMax":null,"Value":88},{"Length":11,"Height":23,"Demand":1,"DemandMax":null,"Value":253},{"Length":25,"Height":276,"Demand":1,"DemandMax":null,"Value":6900},{"Length":41,"Height":260,"Demand":1,"DemandMax":null,"Value":10660},{"Length":41,"Height":207,"Demand":1,"DemandMax":null,"Value":8487},{"Length":30,"Height":252,"Demand":1,"DemandMax":null,"Value":7560},{"Length":2,"Height":3,"Demand":1,"DemandMax":null,"Value":6},{"Length":1,"Height":12,"Demand":1,"DemandMax":null,"Value":12},{"Length":1,"Height":63,"Demand":1,"DemandMax":null,"Value":63},{"Length":1,"Height":101,"Demand":1,"DemandMax":null,"Value":101},{"Length":3,"Height":1,"Demand":3,"DemandMax":null,"Value":3},{"Length":1,"Height":24,"Demand":1,"DemandMax":null,"Value":24},{"Length":78,"Height":222,"Demand":1,"DemandMax":null,"Value":17316},{"Length":122,"Height":113,"Demand":1,"DemandMax":null,"Value":13786},{"Length":209,"Height":260,"Demand":1,"DemandMax":null,"Value":54340},{"Length":2,"Height":5,"Demand":1,"DemandMax":null,"Value":10},{"Length":2,"Height":11,"Demand":1,"DemandMax":null,"Value":22},{"Length":73,"Height":13,"Demand":1,"DemandMax":null,"Value":949},{"Length":15,"Height":153,"Demand":1,"DemandMax":null,"Value":2295},{"Length":5,"Height":1,"Demand":1,"DemandMax":null,"Value":5},{"Length":86,"Height":80,"Demand":1,"DemandMax":null,"Value":6880},{"Length":15,"Height":14,"Demand":1,"DemandMax":null,"Value":210},{"Length":10,"Height":31,"Demand":1,"DemandMax":null,"Value":310},{"Length":63,"Height":134,"Demand":1,"DemandMax":null,"Value":8442},{"Length":112,"Height":128,"Demand":1,"DemandMax":null,"Value":14336},{"Length":234,"Height":161,"Demand":1,"DemandMax":null,"Value":37674},{"Length":12,"Height":153,"Demand":1,"DemandMax":null,"Value":1836},{"Length":5,"Height":25,"Demand":1,"DemandMax":null,"Value":125},{"Length":6,"Height":62,"Demand":1,"DemandMax":null,"Value":372},{"Length":2,"Height":56,"Demand":1,"DemandMax":null,"Value":112},{"Length":216,"Height":83,"Demand":1,"DemandMax":null,"Value":17928},{"Length":286,"Height":66,"Demand":1,"DemandMax":null,"Value":18876},{"Length":7,"Height":252,"Demand":1,"DemandMax":null,"Value":1764},{"Length":2,"Height":92,"Demand":1,"DemandMax":null,"Value":184},{"Length":261,"Height":79,"Demand":1,"DemandMax":null,"Value":20619},{"Length":6,"Height":42,"Demand":1,"DemandMax":null,"Value":252},{"Length":211,"Height":25,"Demand":1,"DemandMax":null,"Value":5275},{"Length":115,"Height":62,"Demand":1,"DemandMax":null,"Value":7130},{"Length":1,"Height":84,"Demand":1,"DemandMax":null,"Value":84},{"Length":2,"Height":187,"Demand":1,"DemandMax":null,"Value":374},{"Length":13,"Height":139,"Demand":1,"DemandMax":null,"Value":1807},{"Length":4,"Height":238,"Demand":2,"DemandMax":null,"Value":952},{"Length":13,"Height":20,"Demand":1,"DemandMax":null,"Value":260},{"Length":4,"Height":260,"Demand":1,"DemandMax":null,"Value":1040},{"Length":47,"Height":7,"Demand":1,"DemandMax":null,"Value":329},{"Length":62,"Height":148,"Demand":1,"DemandMax":null,"Value":9176},{"Length":50,"Height":73,"Demand":1,"DemandMax":null,"Value":3650},{"Length":4,"Height":3,"Demand":1,"DemandMax":null,"Value":12},{"Length":3,"Height":14,"Demand":1,"DemandMax":null,"Value":42},{"Length":2,"Height":22,"Demand":1,"DemandMax":null,"Value":44},{"Length":42,"Height":41,"Demand":1,"DemandMax":null,"Value":1722},{"Length":4,"Height":43,"Demand":1,"DemandMax":null,"Value":172},{"Length":1,"Height":20,"Demand":1,"DemandMax":null,"Value":20},{"Length":4,"Height":134,"Demand":1,"DemandMax":null,"Value":536},{"Length":1,"Height":166,"Demand":1,"DemandMax":null,"Value":166},{"Length":1,"Height":29,"Demand":1,"DemandMax":null,"Value":29},{"Length":6,"Height":145,"Demand":1,"DemandMax":null,"Value":870},{"Length":1,"Height":201,"Demand":1,"DemandMax":null,"Value":201},{"Length":25,"Height":42,"Demand":1,"DemandMax":null,"Value":1050},{"Length":193,"Height":102,"Demand":1,"DemandMax":null,"Value":19686},{"Length":41,"Height":3,"Demand":1,"DemandMax":null,"Value":123},{"Length":6,"Height":260,"Demand":1,"DemandMax":null,"Value":1560},{"Length":9,"Height":238,"Demand":1,"DemandMax":null,"Value":2142},{"Length":46,"Height":63,"Demand":1,"DemandMax":null,"Value":2898},{"Length":5,"Height":32,"Demand":1,"DemandMax":null,"Value":160},{"Length":47,"Height":6,"Demand":1,"DemandMax":null,"Value":282},{"Length":1,"Height":168,"Demand":2,"DemandMax":null,"Value":168},{"Length":13,"Height":28,"Demand":1,"DemandMax":null,"Value":364},{"Length":216,"Height":12,"Demand":1,"DemandMax":null,"Value":2592},{"Length":35,"Height":20,"Demand":1,"DemandMax":null,"Value":700},{"Length":10,"Height":3,"Demand":1,"DemandMax":null,"Value":30},{"Length":11,"Height":20,"Demand":1,"DemandMax":null,"Value":220},{"Length":12,"Height":45,"Demand":1,"DemandMax":null,"Value":540},{"Length":73,"Height":2,"Demand":1,"DemandMax":null,"Value":146},{"Length":5,"Height":63,"Demand":1,"DemandMax":null,"Value":315},{"Length":1,"Height":4,"Demand":1,"DemandMax":null,"Value":4},{"Length":24,"Height":252,"Demand":1,"DemandMax":null,"Value":6048},{"Length":6,"Height":14,"Demand":1,"DemandMax":null,"Value":84},{"Length":1,"Height":5,"Demand":1,"DemandMax":null,"Value":5},{"Length":13,"Height":12,"Demand":1,"DemandMax":null,"Value":156},{"Length":158,"Height":222,"Demand":1,"DemandMax":null,"Value":35076},{"Length":2,"Height":9,"Demand":1,"DemandMax":null,"Value":18},{"Length":1,"Height":10,"Demand":1,"DemandMax":null,"Value":10},{"Length":25,"Height":17,"Demand":1,"DemandMax":null,"Value":425},{"Length":1,"Height":65,"Demand":1,"DemandMax":null,"Value":65},{"Length":12,"Height":1,"Demand":2,"DemandMax":null,"Value":12},{"Length":1,"Height":11,"Demand":1,"DemandMax":null,"Value":11},{"Length":1,"Height":231,"Demand":1,"DemandMax":null,"Value":231},{"Length":5,"Height":260,"Demand":1,"DemandMax":null,"Value":1300},{"Length":10,"Height":41,"Demand":1,"DemandMax":null,"Value":410},{"Length":2,"Height":1,"Demand":1,"DemandMax":null,"Value":2},{"Length":86,"Height":23,"Demand":1,"DemandMax":null,"Value":1978},{"Length":7,"Height":222,"Demand":1,"DemandMax":null,"Value":1554},{"Length":67,"Height":89,"Demand":1,"DemandMax":null,"Value":5963},{"Length":73,"Height":7,"Demand":1,"DemandMax":null,"Value":511},{"Length":124,"Height":42,"Demand":1,"DemandMax":null,"Value":5208},{"Length":65,"Height":97,"Demand":1,"DemandMax":null,"Value":6305},{"Length":15,"Height":49,"Demand":1,"DemandMax":null,"Value":735},{"Length":35,"Height":113,"Demand":1,"DemandMax":null,"Value":3955}]}