{"Name":"Nice300i2b4","Objects":[{"Length":1000,"Height":417,"Stock":3,"Cost":417000},{"Length":1000,"Height":583,"Stock":5,"Cost":583000}],"Items":[{"Length":104,"Height":26,"Demand":1,"DemandMax":null,"Value":2704},{"Length":72,"Height":42,"Demand":1,"DemandMax":null,"Value":3024},{"Length":35,"Height":79,"Demand":1,"DemandMax":null,"Value":2765},{"Length":59,"Height":73,"Demand":1,"DemandMax":null,"Value":4307},{"Length":35,"Height":140,"Demand":1,"DemandMax":null,"Value":4900},{"Length":32,"Height":126,"Demand":1,"DemandMax":null,"Value":4032},{"Length":85,"Height":96,"Demand":1,"DemandMax":null,"Value":8160},{"Length":28,"Height":63,"Demand":1,"DemandMax":null,"Value":1764},{"Length":90,"Height":29,"Demand":1,"DemandMax":null,"Value":2610},{"Length":73,"Height":55,"Demand":1,"DemandMax":null,"Value":4015},{"Length":23,"Height":80,"Demand":1,"DemandMax":null,"Value":1840},{"Length":133,"Height":36,"Demand":1,"DemandMax":null,"Value":4788},{"Length":66,"Height":44,"Demand":1,"DemandMax":null,"Value":2904},{"Length":102,"Height":29,"Demand":1,"DemandMax":null,"Value":2958},{"Length":31,"Height":117,"Demand":1,"DemandMax":null,"Value":3627},{"Length":37,"Height":120,"Demand":1,"DemandMax":null,"Value":4440},{"Length":74,"Height":124,"Demand":1,"DemandMax":null,"Value":9176},{"Length":71,"Height":38,"Demand":3,"DemandMax":null,"Value":2698},{"Length":70,"Height":41,"Demand":1,"DemandMax":null,"Value":2870},{"Length":32,"Height":123,"Demand":1,"DemandMax":null,"Value":3936},{"Length":56,"Height":55,"Demand":1,"DemandMax":null,"Value":3080},{"Length":61,"Height":81,"Demand":1,"DemandMax":null,"Value":4941},{"Length":48,"Height":38,"Demand":1,"DemandMax":null,"Value":1824},{"Length":96,"Height":29,"Demand":2,"DemandMax":null,"Value":2784},{"Length":186,"Height":61,"Demand":1,"DemandMax":null,"Value":11346},{"Length":32,"Height":87,"Demand":1,"DemandMax":null,"Value":2784},{"Length":37,"Height":143,"Demand":1,"DemandMax":null,"Value":5291},{"Length":63,"Height":37,"Demand":1,"DemandMax":null,"Value":2331},{"Length":51,"Height":38,"Demand":1,"DemandMax":null,"Value":1938},{"Length":88,"Height":44,"Demand":1,"DemandMax":null,"Value":3872},{"Length":49,"Height":56,"Demand":1,"DemandMax":null,"Value":2744},{"Length":79,"Height":105,"Demand":1,"DemandMax":null,"Value":8295},{"Length":42,"Height":84,"Demand":1,"DemandMax":null,"Value":3528},{"Length":48,"Height":39,"Demand":1,"DemandMax":null,"Value":1872},{"Length":73,"Height":36,"Demand":1,"DemandMax":null,"Value":2628},{"Length":81,"Height":36,"Demand":1,"DemandMax":null,"Value":2916},{"Length":70,"Height":57,"Demand":1,"DemandMax":null,"Value":3990},{"Length":56,"Height":51,"Demand":1,"DemandMax":null,"Value":2856},{"Length":28,"Height":58,"Demand":1,"DemandMax":null,"Value":1624},{"Length":50,"Height":60,"Demand":1,"DemandMax":null,"Value":3000},{"Length":54,"Height":60,"Demand":1,"DemandMax":null,"Value":3240},{"Length":40,"Height":65,"Demand":1,"DemandMax":null,"Value":2600},{"Length":48,"Height":89,"Demand":1,"DemandMax":null,"Value":4272},{"Length":36,"Height":74,"Demand":1,"DemandMax":null,"Value":2664},{"Length":36,"Height":143,"Demand":1,"DemandMax":null,"Value":5148},{"Length":33,"Height":123,"Demand":1,"DemandMax":null,"Value":4059},{"Length":65,"Height":40,"Demand":1,"DemandMax":null,"Value":2600},{"Length":31,"Height":113,"Demand":1,"DemandMax":null,"Value":3503},{"Length":44,"Height":74,"Demand":1,"DemandMax":null,"Value":3256},{"Length":32,"Height":88,"Demand":3,"DemandMax":null,"Value":2816},{"Length":51,"Height":76,"Demand":1,"DemandMax":null,"Value":3876},{"Length":102,"Height":78,"Demand":1,"DemandMax":null,"Value":7956},{"Length":84,"Height":33,"Demand":2,"DemandMax":null,"Value":2772},{"Length":34,"Height":65,"Demand":1,"DemandMax":null,"Value":2210},{"Length":87,"Height":27,"Demand":1,"DemandMax":null,"Value":2349},{"Length":102,"Height":30,"Demand":1,"DemandMax":null,"Value":3060},{"Length":50,"Height":62,"Demand":1,"DemandMax":null,"Value":3100},{"Length":74,"Height":62,"Demand":1,"DemandMax":null,"Value":4588},{"Length":80,"Height":41,"Demand":1,"DemandMax":null,"Value":3280},{"Length":50,"Height":37,"Demand":1,"DemandMax":null,"Value":1850},{"Length":92,"Height":30,"Demand":2,"DemandMax":null,"Value":2760},{"Length":73,"Height":41,"Demand":1,"DemandMax":null,"Value":2993},{"Length":54,"Height":57,"Demand":1,"DemandMax":null,"Value":3078},{"Length":44,"Height":114,"Demand":2,"DemandMax":null,"Value":5016},{"Length":43,"Height":40,"Demand":1,"DemandMax":null,"Value":1720},{"Length":88,"Height":91,"Demand":1,"DemandMax":null,"Value":8008},{"Length":178,"Height":78,"Demand":1,"DemandMax":null,"Value":13884},{"Length":102,"Height":100,"Demand":1,"DemandMax":null,"Value":10200},{"Length":62,"Height":29,"Demand":1,"DemandMax":null,"Value":1798},{"Length":77,"Height":35,"Demand":2,"DemandMax":null,"Value":2695},{"Length":42,"Height":70,"Demand":2,"DemandMax":null,"Value":2940},{"Length":39,"Height":76,"Demand":1,"DemandMax":null,"Value":2964},{"Length":48,"Height":65,"Demand":1,"DemandMax":null,"Value":3120},{"Length":66,"Height":27,"Demand":1,"DemandMax":null,"Value":1782},{"Length":61,"Height":32,"Demand":1,"DemandMax":null,"Value":1952},{"Length":67,"Height":66,"Demand":1,"DemandMax":null,"Value":4422},{"Length":52,"Height":56,"Demand":1,"DemandMax":null,"Value":2912},{"Length":70,"Height":63,"Demand":1,"DemandMax":null,"Value":4410},{"Length":79,"Height":37,"Demand":1,"DemandMax":null,"Value":2923},{"Length":35,"Height":135,"Demand":1,"DemandMax":null,"Value":4725},{"Length":88,"Height":31,"Demand":2,"DemandMax":null,"Value":2728},{"Length":173,"Height":59,"Demand":1,"DemandMax":null,"Value":10207},{"Length":92,"Height":60,"Demand":1,"DemandMax":null,"Value":5520},{"Length":70,"Height":44,"Demand":1,"DemandMax":null,"Value":3080},{"Length":35,"Height":65,"Demand":1,"DemandMax":null,"Value":2275},{"Length":49,"Height":61,"Demand":1,"DemandMax":null,"Value":2989},{"Length":81,"Height":101,"Demand":1,"DemandMax":null,"Value":8181},{"Length":61,"Height":47,"Demand":1,"DemandMax":null,"Value":2867},{"Length":49,"Height":60,"Demand":1,"DemandMax":null,"Value":2940},{"Length":45,"Height":63,"Demand":1,"DemandMax":null,"Value":2835},{"Length":36,"Height":82,"Demand":3,"DemandMax":null,"Value":2952},{"Length":36,"Height":90,"Demand":1,"DemandMax":null,"Value":3240},{"Length":48,"Height":58,"Demand":1,"DemandMax":null,"Value":2784},{"Length":32,"Height":82,"Demand":1,"DemandMax":null,"Value":2624},{"Length":39,"Height":77,"Demand":1,"DemandMax":null,"Value":3003},{"Length":52,"Height":58,"Demand":1,"DemandMax":null,"Value":3016},{"Length":52,"Height":69,"Demand":1,"DemandMax":null,"Value":3588},{"Length":73,"Height":23,"Demand":1,"DemandMax":null,"Value":1679},{"Length":70,"Height":58,"Demand":1,"DemandMax":null,"Value":4060},{"Length":43,"Height":76,"Demand":1,"DemandMax":null,"Value":3268},{"Length":52,"Height":35,"Demand":1,"DemandMax":null,"Value":1820},{"Length":68,"Height":28,"Demand":1,"DemandMax":null,"Value":1904},{"Length":37,"Height":79,"Demand":1,"DemandMax":null,"Value":2923},{"Length":57,"Height":87,"Demand":1,"DemandMax":null,"Value":4959},{"Length":77,"Height":41,"Demand":2,"DemandMax":null,"Value":3157},{"Length":40,"Height":43,"Demand":1,"DemandMax":null,"Value":1720},{"Length":41,"Height":63,"Demand":2,"DemandMax":null,"Value":2583},{"Length":52,"Height":55,"Demand":1,"DemandMax":null,"Value":2860},{"Length":62,"Height":44,"Demand":1,"DemandMax":null,"Value":2728},{"Length":33,"Height":89,"Demand":1,"DemandMax":null,"Value":2937},{"Length":66,"Height":135,"Demand":1,"DemandMax":null,"Value":8910},{"Length":58,"Height":38,"Demand":1,"DemandMax":null,"Value":2204},{"Length":48,"Height":40,"Demand":1,"DemandMax":null,"Value":1920},{"Length":88,"Height":30,"Demand":1,"DemandMax":null,"Value":2640},{"Length":38,"Height":74,"Demand":2,"DemandMax":null,"Value":2812},{"Length":31,"Height":90,"Demand":1,"DemandMax":null,"Value":2790},{"Length":49,"Height":57,"Demand":1,"DemandMax":null,"Value":2793},{"Length":60,"Height":51,"Demand":1,"DemandMax":null,"Value":3060},{"Length":35,"Height":63,"Demand":1,"DemandMax":null,"Value":2205},{"Length":36,"Height":96,"Demand":1,"DemandMax":null,"Value":3456},{"Length":102,"Height":32,"Demand":1,"DemandMax":null,"Value":3264},{"Length":40,"Height":44,"Demand":1,"DemandMax":null,"Value":1760},{"Length":34,"Height":123,"Demand":1,"DemandMax":null,"Value":4182},{"Length":31,"Height":63,"Demand":1,"DemandMax":null,"Value":1953},{"Length":36,"Height":56,"Demand":1,"DemandMax":null,"Value":2016},{"Length":92,"Height":29,"Demand":1,"DemandMax":null,"Value":2668},{"Length":58,"Height":54,"Demand":2,"DemandMax":null,"Value":3132},{"Length":28,"Height":97,"Demand":2,"DemandMax":null,"Value":2716},{"Length":42,"Height":74,"Demand":1,"DemandMax":null,"Value":3108},{"Length":66,"Height":25,"Demand":1,"DemandMax":null,"Value":1650},{"Length":29,"Height":96,"Demand":1,"DemandMax":null,"Value":2784},{"Length":26,"Height":69,"Demand":1,"DemandMax":null,"Value":1794},{"Length":37,"Height":76,"Demand":1,"DemandMax":null,"Value":2812},{"Length":71,"Height":45,"Demand":1,"DemandMax":null,"Value":3195},{"Length":94,"Height":56,"Demand":1,"DemandMax":null,"Value":5264},{"Length":54,"Height":87,"Demand":1,"DemandMax":null,"Value":4698},{"Length":84,"Height":36,"Demand":1,"DemandMax":null,"Value":3024},{"Length":42,"Height":65,"Demand":2,"DemandMax":null,"Value":2730},{"Length":55,"Height":60,"Demand":1,"DemandMax":null,"Value":3300},{"Length":54,"Height":35,"Demand":1,"DemandMax":null,"Value":1890},{"Length":50,"Height":57,"Demand":2,"DemandMax":null,"Value":2850},{"Length":50,"Height":45,"Demand":1,"DemandMax":null,"Value":2250},{"Length":64,"Height":35,"Demand":1,"DemandMax":null,"Value":2240},{"Length":129,"Height":39,"Demand":1,"DemandMax":null,"Value":5031},{"Length":62,"Height":45,"Demand":1,"DemandMax":null,"Value":2790},{"Length":104,"Height":27,"Demand":1,"DemandMax":null,"Value":2808},{"Length":57,"Height":31,"Demand":1,"DemandMax":null,"Value":1767},{"Length":41,"Height":50,"Demand":1,"DemandMax":null,"Value":2050},{"Length":40,"Height":77,"Demand":1,"DemandMax":null,"Value":3080},{"Length":36,"Height":73,"Demand":2,"DemandMax":null,"Value":2628},{"Length":84,"Height":47,"Demand":1,"DemandMax":null,"Value":3948},{"Length":61,"Height":76,"Demand":2,"DemandMax":null,"Value":4636},{"Length":53,"Height":70,"Demand":1,"DemandMax":null,"Value":3710},{"Length":66,"Height":70,"Demand":1,"DemandMax":null,"Value":4620},{"Length":77,"Height":38,"Demand":1,"DemandMax":null,"Value":2926},{"Length":33,"Height":99,"Demand":1,"DemandMax":null,"Value":3267},{"Length":44,"Height":59,"Demand":1,"DemandMax":null,"Value":2596},{"Length":66,"Height":28,"Demand":1,"DemandMax":null,"Value":1848},{"Length":76,"Height":44,"Demand":1,"DemandMax":null,"Value":3344},{"Length":73,"Height":100,"Demand":1,"DemandMax":null,"Value":7300},{"Length":24,"Height":73,"Demand":1,"DemandMax":null,"Value":1752},{"Length":41,"Height":65,"Demand":3,"DemandMax":null,"Value":2665},{"Length":40,"Height":74,"Demand":1,"DemandMax":null,"Value":2960},{"Length":41,"Height":78,"Demand":1,"DemandMax":null,"Value":3198},{"Length":134,"Height":39,"Demand":1,"DemandMax":null,"Value":5226},{"Length":35,"Height":102,"Demand":1,"DemandMax":null,"Value":3570},{"Length":53,"Height":49,"Demand":1,"DemandMax":null,"Value":2597},{"Length":31,"Height":108,"Demand":1,"DemandMax":null,"Value":3348},{"Length":37,"Height":44,"Demand":1,"DemandMax":null,"Value":1628},{"Length":132,"Height":58,"Demand":1,"DemandMax":null,"Value":7656},{"Length":47,"Height":46,"Demand":1,"DemandMax":null,"Value":2162},{"Length":52,"Height":88,"Demand":1,"DemandMax":null,"Value":4576},{"Length":80,"Height":32,"Demand":1,"DemandMax":null,"Value":2560},{"Length":36,"Height":88,"Demand":1,"DemandMax":null,"Value":3168},{"Length":24,"Height":96,"Demand":1,"DemandMax":null,"Value":2304},{"Length":67,"Height":67,"Demand":1,"DemandMax":null,"Value":4489},{"Length":30,"Height":88,"Demand":1,"DemandMax":null,"Value":2640},{"Length":49,"Height":76,"Demand":1,"DemandMax":null,"Value":3724},{"Length":74,"Height":70,"Demand":1,"DemandMax":null,"Value":5180},{"Length":60,"Height":61,"Demand":1,"DemandMax":null,"Value":3660},{"Length":32,"Height":105,"Demand":1,"DemandMax":null,"Value":3360},{"Length":35,"Height":117,"Demand":1,"DemandMax":null,"Value":4095},{"Length":38,"Height":69,"Demand":1,"DemandMax":null,"Value":2622},{"Length":76,"Height":62,"Demand":1,"DemandMax":null,"Value":4712},{"Length":61,"Height":66,"Demand":1,"DemandMax":null,"Value":4026},{"Length":88,"Height":45,"Demand":1,"DemandMax":null,"Value":3960},{"Length":34,"Height":49,"Demand":1,"DemandMax":null,"Value":1666},{"Length":73,"Height":52,"Demand":1,"DemandMax":null,"Value":3796},{"Length":42,"Height":108,"Demand":1,"DemandMax":null,"Value":4536},{"Length":77,"Height":45,"Demand":1,"DemandMax":null,"Value":3465},{"Length":90,"Height":40,"Demand":1,"DemandMax":null,"Value":3600},{"Length":53,"Height":122,"Demand":1,"DemandMax":null,"Value":6466},{"Length":43,"Height":49,"Demand":1,"DemandMax":null,"Value":2107},{"Length":29,"Height":56,"Demand":1,"DemandMax":null,"Value":1624},{"Length":93,"Height":55,"Demand":1,"DemandMax":null,"Value":5115},{"Length":92,"Height":55,"Demand":1,"DemandMax":null,"Value":5060},{"Length":54,"Height":121,"Demand":1,"DemandMax":null,"Value":6534},{"Length":38,"Height":60,"Demand":1,"DemandMax":null,"Value":2280},{"Length":79,"Height":39,"Demand":1,"DemandMax":null,"Value":3081},{"Length":36,"Height":105,"Demand":1,"DemandMax":null,"Value":3780},{"Length":46,"Height":102,"Demand":1,"DemandMax":null,"Value":4692},{"Length":34,"Height":95,"Demand":1,"DemandMax":null,"Value":3230},{"Length":65,"Height":42,"Demand":1,"DemandMax":null,"Value":2730},{"Length":60,"Height":67,"Demand":1,"DemandMax":null,"Value":4020},{"Length":49,"Height":41,"Demand":2,"DemandMax":null,"Value":2009},{"Length":36,"Height":95,"Demand":1,"DemandMax":null,"Value":3420},{"Length":42,"Height":40,"Demand":1,"DemandMax":null,"Value":1680},{"Length":121,"Height":50,"Demand":1,"DemandMax":null,"Value":6050},{"Length":41,"Height":51,"Demand":1,"DemandMax":null,"Value":2091},{"Length":80,"Height":38,"Demand":1,"DemandMax":null,"Value":3040},{"Length":70,"Height":42,"Demand":1,"DemandMax":null,"Value":2940},{"Length":39,"Height":132,"Demand":1,"DemandMax":null,"Value":5148},{"Length":34,"Height":134,"Demand":1,"DemandMax":null,"Value":4556},{"Length":47,"Height":50,"Demand":1,"DemandMax":null,"Value":2350},{"Length":61,"Height":50,"Demand":1,"DemandMax":null,"Value":3050},{"Length":34,"Height":67,"Demand":1,"DemandMax":null,"Value":2278},{"Length":87,"Height":34,"Demand":1,"DemandMax":null,"Value":2958},{"Length":38,"Height":63,"Demand":1,"DemandMax":null,"Value":2394},{"Length":36,"Height":49,"Demand":2,"DemandMax":null,"Value":1764},{"Length":137,"Height":73,"Demand":1,"DemandMax":null,"Value":10001},{"Length":24,"Height":88,"Demand":1,"DemandMax":null,"Value":2112},{"Length":70,"Height":38,"Demand":1,"DemandMax":null,"Value":2660},{"Length":28,"Height":72,"Demand":1,"DemandMax":null,"Value":2016},{"Length":65,"Height":35,"Demand":1,"DemandMax":null,"Value":2275},{"Length":35,"Height":72,"Demand":1,"DemandMax":null,"Value":2520},{"Length":53,"Height":41,"Demand":1,"DemandMax":null,"Value":2173},{"Length":57,"Height":32,"Demand":1,"DemandMax":null,"Value":1824},{"Length":34,"Height":78,"Demand":1,"DemandMax":null,"Value":2652},{"Length":36,"Height":78,"Demand":1,"DemandMax":null,"Value":2808},{"Length":66,"Height":72,"Demand":1,"DemandMax":null,"Value":4752},{"Length":48,"Height":44,"Demand":1,"DemandMax":null,"Value":2112},{"Length":43,"Height":38,"Demand":2,"DemandMax":null,"Value":1634},{"Length":36,"Height":85,"Demand":1,"DemandMax":null,"Value":3060},{"Length":30,"Height":72,"Demand":1,"DemandMax":null,"Value":2160},{"Length":50,"Height":52,"Demand":1,"DemandMax":null,"Value":2600},{"Length":83,"Height":81,"Demand":1,"DemandMax":null,"Value":6723},{"Length":43,"Height":47,"Demand":1,"DemandMax":null,"Value":2021},{"Length":122,"Height":42,"Demand":1,"DemandMax":null,"Value":5124},{"Length":61,"Height":58,"Demand":1,"DemandMax":null,"Value":3538},{"Length":62,"Height":31,"Demand":1,"DemandMax":null,"Value":1922},{"Length":37,"Height":63,"Demand":1,"DemandMax":null,"Value":2331},{"Length":40,"Height":45,"Demand":3,"DemandMax":null,"Value":1800},{"Length":30,"Height":58,"Demand":1,"DemandMax":null,"Value":1740},{"Length":41,"Height":89,"Demand":1,"DemandMax":null,"Value":3649},{"Length":73,"Height":27,"Demand":1,"DemandMax":null,"Value":1971},{"Length":40,"Height":47,"Demand":1,"DemandMax":null,"Value":1880},{"Length":43,"Height":71,"Demand":1,"DemandMax":null,"Value":3053},{"Length":44,"Height":112,"Demand":1,"DemandMax":null,"Value":4928},{"Length":42,"Height":41,"Demand":1,"DemandMax":null,"Value":1722},{"Length":66,"Height":41,"Demand":2,"DemandMax":null,"Value":2706},{"Length":41,"Height":56,"Demand":1,"DemandMax":null,"Value":2296},{"Length":44,"Height":72,"Demand":1,"DemandMax":null,"Value":3168},{"Length":60,"Height":73,"Demand":1,"DemandMax":null,"Value":4380},{"Length":48,"Height":96,"Demand":1,"DemandMax":null,"Value":4608},{"Length":32,"Height":63,"Demand":1,"DemandMax":null,"Value":2016},{"Length":54,"Height":54,"Demand":1,"DemandMax":null,"Value":2916},{"Length":48,"Height":49,"Demand":1,"DemandMax":null,"Value":2352},{"Length":33,"Height":51,"Demand":2,"DemandMax":null,"Value":1683},{"Length":68,"Height":30,"Demand":1,"DemandMax":null,"Value":2040},{"Length":44,"Height":135,"Demand":1,"DemandMax":null,"Value":5940},{"Length":52,"Height":54,"Demand":1,"DemandMax":null,"Value":2808},{"Length":37,"Height":55,"Demand":1,"DemandMax":null,"Value":2035},{"Length":37,"Height":69,"Demand":1,"DemandMax":null,"Value":2553},{"Length":50,"Height":72,"Demand":1,"DemandMax":null,"Value":3600},{"Length":49,"Height":55,"Demand":1,"DemandMax":null,"Value":2695},{"Length":69,"Height":37,"Demand":1,"DemandMax":null,"Value":2553},{"Length":27,"Height":80,"Demand":1,"DemandMax":null,"Value":2160},{"Length":64,"Height":38,"Demand":1,"DemandMax":null,"Value":2432},{"Length":36,"Height":79,"Demand":1,"DemandMax":null,"Value":2844}]}