{"Name":"Nice25i5b4","Objects":[{"Length":343,"Height":320,"Stock":5,"Cost":109760},{"Length":454,"Height":320,"Stock":2,"Cost":145280},{"Length":657,"Height":320,"Stock":5,"Cost":210240},{"Length":546,"Height":680,"Stock":5,"Cost":371280},{"Length":454,"Height":360,"Stock":2,"Cost":163440}],"Items":[{"Length":119,"Height":320,"Demand":1,"DemandMax":null,"Value":38080},{"Length":179,"Height":320,"Demand":1,"DemandMax":null,"Value":57280},{"Length":215,"Height":155,"Demand":1,"DemandMax":null,"Value":33325},{"Length":115,"Height":238,"Demand":1,"DemandMax":null,"Value":27370},{"Length":218,"Height":173,"Demand":1,"DemandMax":null,"Value":37714},{"Length":166,"Height":187,"Demand":1,"DemandMax":null,"Value":31042},{"Length":215,"Height":147,"Demand":1,"DemandMax":null,"Value":31605},{"Length":133,"Height":320,"Demand":1,"DemandMax":null,"Value":42560},{"Length":183,"Height":173,"Demand":1,"DemandMax":null,"Value":31659},{"Length":305,"Height":289,"Demand":1,"DemandMax":null,"Value":88145},{"Length":142,"Height":320,"Demand":1,"DemandMax":null,"Value":45440},{"Length":241,"Height":209,"Demand":1,"DemandMax":null,"Value":50369},{"Length":288,"Height":187,"Demand":1,"DemandMax":null,"Value":53856},{"Length":64,"Height":173,"Demand":1,"DemandMax":null,"Value":11072},{"Length":241,"Height":233,"Demand":1,"DemandMax":null,"Value":56153},{"Length":227,"Height":68,"Demand":1,"DemandMax":null,"Value":15436},{"Length":215,"Height":165,"Demand":1,"DemandMax":null,"Value":35475},{"Length":224,"Height":146,"Demand":1,"DemandMax":null,"Value":32704},{"Length":224,"Height":174,"Demand":1,"DemandMax":null,"Value":38976},{"Length":305,"Height":118,"Demand":1,"DemandMax":null,"Value":35990},{"Length":172,"Height":173,"Demand":1,"DemandMax":null,"Value":29756},{"Length":227,"Height":79,"Demand":1,"DemandMax":null,"Value":17933},{"Length":305,"Height":273,"Demand":1,"DemandMax":null,"Value":83265},{"Length":259,"Height":173,"Demand":1,"DemandMax":null,"Value":44807},{"Length":126,"Height":238,"Demand":1,"DemandMax":null,"Value":29988}]}