{"Name":"Path100i6b4","Objects":[{"Length":497,"Height":329,"Stock":1,"Cost":163513},{"Length":503,"Height":296,"Stock":6,"Cost":148888},{"Length":503,"Height":306,"Stock":5,"Cost":153918},{"Length":497,"Height":392,"Stock":3,"Cost":194824},{"Length":503,"Height":398,"Stock":2,"Cost":200194},{"Length":497,"Height":279,"Stock":2,"Cost":138663}],"Items":[{"Length":223,"Height":74,"Demand":1,"DemandMax":null,"Value":16502},{"Length":21,"Height":101,"Demand":1,"DemandMax":null,"Value":2121},{"Length":141,"Height":121,"Demand":1,"DemandMax":null,"Value":17061},{"Length":85,"Height":166,"Demand":1,"DemandMax":null,"Value":14110},{"Length":266,"Height":82,"Demand":1,"DemandMax":null,"Value":21812},{"Length":100,"Height":9,"Demand":1,"DemandMax":null,"Value":900},{"Length":219,"Height":184,"Demand":1,"DemandMax":null,"Value":40296},{"Length":44,"Height":41,"Demand":1,"DemandMax":null,"Value":1804},{"Length":41,"Height":35,"Demand":1,"DemandMax":null,"Value":1435},{"Length":126,"Height":93,"Demand":1,"DemandMax":null,"Value":11718},{"Length":237,"Height":160,"Demand":1,"DemandMax":null,"Value":37920},{"Length":263,"Height":154,"Demand":1,"DemandMax":null,"Value":40502},{"Length":226,"Height":88,"Demand":1,"DemandMax":null,"Value":19888},{"Length":276,"Height":165,"Demand":1,"DemandMax":null,"Value":45540},{"Length":237,"Height":238,"Demand":1,"DemandMax":null,"Value":56406},{"Length":263,"Height":10,"Demand":1,"DemandMax":null,"Value":2630},{"Length":28,"Height":205,"Demand":1,"DemandMax":null,"Value":5740},{"Length":12,"Height":143,"Demand":1,"DemandMax":null,"Value":1716},{"Length":40,"Height":114,"Demand":1,"DemandMax":null,"Value":4560},{"Length":223,"Height":155,"Demand":1,"DemandMax":null,"Value":34565},{"Length":130,"Height":35,"Demand":1,"DemandMax":null,"Value":4550},{"Length":170,"Height":128,"Demand":1,"DemandMax":null,"Value":21760},{"Length":193,"Height":5,"Demand":1,"DemandMax":null,"Value":965},{"Length":247,"Height":197,"Demand":1,"DemandMax":null,"Value":48659},{"Length":237,"Height":86,"Demand":1,"DemandMax":null,"Value":20382},{"Length":12,"Height":22,"Demand":1,"DemandMax":null,"Value":264},{"Length":136,"Height":91,"Demand":1,"DemandMax":null,"Value":12376},{"Length":242,"Height":1,"Demand":1,"DemandMax":null,"Value":242},{"Length":78,"Height":29,"Demand":1,"DemandMax":null,"Value":2262},{"Length":274,"Height":236,"Demand":1,"DemandMax":null,"Value":64664},{"Length":159,"Height":18,"Demand":1,"DemandMax":null,"Value":2862},{"Length":78,"Height":42,"Demand":1,"DemandMax":null,"Value":3276},{"Length":7,"Height":132,"Demand":1,"DemandMax":null,"Value":924},{"Length":237,"Height":17,"Demand":1,"DemandMax":null,"Value":4029},{"Length":7,"Height":1,"Demand":3,"DemandMax":null,"Value":7},{"Length":263,"Height":8,"Demand":1,"DemandMax":null,"Value":2104},{"Length":35,"Height":33,"Demand":1,"DemandMax":null,"Value":1155},{"Length":93,"Height":128,"Demand":1,"DemandMax":null,"Value":11904},{"Length":240,"Height":19,"Demand":1,"DemandMax":null,"Value":4560},{"Length":98,"Height":36,"Demand":1,"DemandMax":null,"Value":3528},{"Length":237,"Height":193,"Demand":1,"DemandMax":null,"Value":45741},{"Length":101,"Height":120,"Demand":1,"DemandMax":null,"Value":12120},{"Length":193,"Height":226,"Demand":1,"DemandMax":null,"Value":43618},{"Length":28,"Height":17,"Demand":1,"DemandMax":null,"Value":476},{"Length":113,"Height":33,"Demand":1,"DemandMax":null,"Value":3729},{"Length":266,"Height":119,"Demand":2,"DemandMax":null,"Value":31654},{"Length":64,"Height":36,"Demand":1,"DemandMax":null,"Value":2304},{"Length":31,"Height":36,"Demand":1,"DemandMax":null,"Value":1116},{"Length":7,"Height":39,"Demand":1,"DemandMax":null,"Value":273},{"Length":148,"Height":12,"Demand":1,"DemandMax":null,"Value":1776},{"Length":130,"Height":1,"Demand":1,"DemandMax":null,"Value":130},{"Length":148,"Height":3,"Demand":1,"DemandMax":null,"Value":444},{"Length":223,"Height":77,"Demand":1,"DemandMax":null,"Value":17171},{"Length":7,"Height":26,"Demand":1,"DemandMax":null,"Value":182},{"Length":240,"Height":33,"Demand":1,"DemandMax":null,"Value":7920},{"Length":48,"Height":1,"Demand":1,"DemandMax":null,"Value":48},{"Length":10,"Height":1,"Demand":1,"DemandMax":null,"Value":10},{"Length":193,"Height":203,"Demand":1,"DemandMax":null,"Value":39179},{"Length":7,"Height":184,"Demand":1,"DemandMax":null,"Value":1288},{"Length":226,"Height":3,"Demand":1,"DemandMax":null,"Value":678},{"Length":223,"Height":23,"Demand":1,"DemandMax":null,"Value":5129},{"Length":130,"Height":119,"Demand":1,"DemandMax":null,"Value":15470},{"Length":22,"Height":19,"Demand":1,"DemandMax":null,"Value":418},{"Length":240,"Height":11,"Demand":1,"DemandMax":null,"Value":2640},{"Length":226,"Height":4,"Demand":1,"DemandMax":null,"Value":904},{"Length":59,"Height":227,"Demand":1,"DemandMax":null,"Value":13393},{"Length":138,"Height":3,"Demand":1,"DemandMax":null,"Value":414},{"Length":263,"Height":1,"Demand":1,"DemandMax":null,"Value":263},{"Length":240,"Height":8,"Demand":1,"DemandMax":null,"Value":1920},{"Length":28,"Height":4,"Demand":1,"DemandMax":null,"Value":112},{"Length":90,"Height":1,"Demand":1,"DemandMax":null,"Value":90},{"Length":148,"Height":40,"Demand":1,"DemandMax":null,"Value":5920},{"Length":59,"Height":42,"Demand":1,"DemandMax":null,"Value":2478},{"Length":3,"Height":3,"Demand":1,"DemandMax":null,"Value":9},{"Length":136,"Height":24,"Demand":1,"DemandMax":null,"Value":3264},{"Length":107,"Height":57,"Demand":1,"DemandMax":null,"Value":6099},{"Length":78,"Height":90,"Demand":1,"DemandMax":null,"Value":7020},{"Length":15,"Height":26,"Demand":1,"DemandMax":null,"Value":390},{"Length":148,"Height":1,"Demand":1,"DemandMax":null,"Value":148},{"Length":14,"Height":101,"Demand":1,"DemandMax":null,"Value":1414},{"Length":4,"Height":12,"Demand":1,"DemandMax":null,"Value":48},{"Length":85,"Height":26,"Demand":1,"DemandMax":null,"Value":2210},{"Length":136,"Height":51,"Demand":1,"DemandMax":null,"Value":6936},{"Length":175,"Height":227,"Demand":1,"DemandMax":null,"Value":39725},{"Length":8,"Height":32,"Demand":1,"DemandMax":null,"Value":256},{"Length":19,"Height":1,"Demand":1,"DemandMax":null,"Value":19},{"Length":99,"Height":121,"Demand":1,"DemandMax":null,"Value":11979},{"Length":4,"Height":14,"Demand":1,"DemandMax":null,"Value":56},{"Length":200,"Height":114,"Demand":1,"DemandMax":null,"Value":22800},{"Length":34,"Height":41,"Demand":1,"DemandMax":null,"Value":1394},{"Length":2,"Height":1,"Demand":1,"DemandMax":null,"Value":2},{"Length":4,"Height":6,"Demand":1,"DemandMax":null,"Value":24},{"Length":13,"Height":19,"Demand":1,"DemandMax":null,"Value":247},{"Length":159,"Height":39,"Demand":1,"DemandMax":null,"Value":6201},{"Length":42,"Height":227,"Demand":1,"DemandMax":null,"Value":9534},{"Length":263,"Height":4,"Demand":1,"DemandMax":null,"Value":1052},{"Length":19,"Height":42,"Demand":1,"DemandMax":null,"Value":798}]}