{"Name":"Nice300i6b1","Objects":[{"Length":204,"Height":463,"Stock":4,"Cost":94452},{"Length":1000,"Height":261,"Stock":3,"Cost":261000},{"Length":281,"Height":463,"Stock":5,"Cost":130103},{"Length":459,"Height":276,"Stock":1,"Cost":126684},{"Length":541,"Height":276,"Stock":4,"Cost":149316},{"Length":515,"Height":463,"Stock":6,"Cost":238445}],"Items":[{"Length":99,"Height":39,"Demand":1,"DemandMax":null,"Value":3861},{"Length":33,"Height":62,"Demand":2,"DemandMax":null,"Value":2046},{"Length":66,"Height":40,"Demand":1,"DemandMax":null,"Value":2640},{"Length":70,"Height":62,"Demand":1,"DemandMax":null,"Value":4340},{"Length":83,"Height":58,"Demand":1,"DemandMax":null,"Value":4814},{"Length":49,"Height":42,"Demand":1,"DemandMax":null,"Value":2058},{"Length":36,"Height":122,"Demand":1,"DemandMax":null,"Value":4392},{"Length":66,"Height":72,"Demand":1,"DemandMax":null,"Value":4752},{"Length":49,"Height":65,"Demand":1,"DemandMax":null,"Value":3185},{"Length":115,"Height":31,"Demand":1,"DemandMax":null,"Value":3565},{"Length":45,"Height":94,"Demand":1,"DemandMax":null,"Value":4230},{"Length":30,"Height":112,"Demand":1,"DemandMax":null,"Value":3360},{"Length":39,"Height":93,"Demand":1,"DemandMax":null,"Value":3627},{"Length":63,"Height":67,"Demand":1,"DemandMax":null,"Value":4221},{"Length":72,"Height":46,"Demand":1,"DemandMax":null,"Value":3312},{"Length":79,"Height":61,"Demand":1,"DemandMax":null,"Value":4819},{"Length":115,"Height":36,"Demand":1,"DemandMax":null,"Value":4140},{"Length":60,"Height":54,"Demand":1,"DemandMax":null,"Value":3240},{"Length":36,"Height":101,"Demand":1,"DemandMax":null,"Value":3636},{"Length":39,"Height":50,"Demand":2,"DemandMax":null,"Value":1950},{"Length":47,"Height":56,"Demand":1,"DemandMax":null,"Value":2632},{"Length":53,"Height":43,"Demand":1,"DemandMax":null,"Value":2279},{"Length":48,"Height":80,"Demand":1,"DemandMax":null,"Value":3840},{"Length":120,"Height":95,"Demand":1,"DemandMax":null,"Value":11400},{"Length":64,"Height":49,"Demand":1,"DemandMax":null,"Value":3136},{"Length":43,"Height":104,"Demand":1,"DemandMax":null,"Value":4472},{"Length":42,"Height":51,"Demand":1,"DemandMax":null,"Value":2142},{"Length":56,"Height":34,"Demand":1,"DemandMax":null,"Value":1904},{"Length":105,"Height":45,"Demand":1,"DemandMax":null,"Value":4725},{"Length":46,"Height":70,"Demand":1,"DemandMax":null,"Value":3220},{"Length":43,"Height":101,"Demand":1,"DemandMax":null,"Value":4343},{"Length":69,"Height":44,"Demand":1,"DemandMax":null,"Value":3036},{"Length":90,"Height":23,"Demand":2,"DemandMax":null,"Value":2070},{"Length":78,"Height":52,"Demand":1,"DemandMax":null,"Value":4056},{"Length":54,"Height":68,"Demand":1,"DemandMax":null,"Value":3672},{"Length":64,"Height":37,"Demand":1,"DemandMax":null,"Value":2368},{"Length":91,"Height":36,"Demand":1,"DemandMax":null,"Value":3276},{"Length":40,"Height":94,"Demand":1,"DemandMax":null,"Value":3760},{"Length":45,"Height":101,"Demand":1,"DemandMax":null,"Value":4545},{"Length":36,"Height":104,"Demand":2,"DemandMax":null,"Value":3744},{"Length":135,"Height":38,"Demand":2,"DemandMax":null,"Value":5130},{"Length":42,"Height":74,"Demand":1,"DemandMax":null,"Value":3108},{"Length":48,"Height":60,"Demand":1,"DemandMax":null,"Value":2880},{"Length":56,"Height":80,"Demand":1,"DemandMax":null,"Value":4480},{"Length":66,"Height":43,"Demand":1,"DemandMax":null,"Value":2838},{"Length":66,"Height":54,"Demand":2,"DemandMax":null,"Value":3564},{"Length":35,"Height":104,"Demand":2,"DemandMax":null,"Value":3640},{"Length":47,"Height":46,"Demand":1,"DemandMax":null,"Value":2162},{"Length":96,"Height":34,"Demand":1,"DemandMax":null,"Value":3264},{"Length":45,"Height":62,"Demand":1,"DemandMax":null,"Value":2790},{"Length":41,"Height":118,"Demand":1,"DemandMax":null,"Value":4838},{"Length":51,"Height":70,"Demand":1,"DemandMax":null,"Value":3570},{"Length":35,"Height":62,"Demand":1,"DemandMax":null,"Value":2170},{"Length":91,"Height":70,"Demand":1,"DemandMax":null,"Value":6370},{"Length":119,"Height":32,"Demand":1,"DemandMax":null,"Value":3808},{"Length":100,"Height":37,"Demand":1,"DemandMax":null,"Value":3700},{"Length":60,"Height":33,"Demand":1,"DemandMax":null,"Value":1980},{"Length":30,"Height":114,"Demand":1,"DemandMax":null,"Value":3420},{"Length":105,"Height":41,"Demand":1,"DemandMax":null,"Value":4305},{"Length":35,"Height":138,"Demand":1,"DemandMax":null,"Value":4830},{"Length":41,"Height":76,"Demand":1,"DemandMax":null,"Value":3116},{"Length":38,"Height":136,"Demand":1,"DemandMax":null,"Value":5168},{"Length":72,"Height":40,"Demand":2,"DemandMax":null,"Value":2880},{"Length":67,"Height":69,"Demand":1,"DemandMax":null,"Value":4623},{"Length":75,"Height":49,"Demand":1,"DemandMax":null,"Value":3675},{"Length":40,"Height":89,"Demand":1,"DemandMax":null,"Value":3560},{"Length":92,"Height":39,"Demand":1,"DemandMax":null,"Value":3588},{"Length":51,"Height":31,"Demand":1,"DemandMax":null,"Value":1581},{"Length":41,"Height":89,"Demand":1,"DemandMax":null,"Value":3649},{"Length":35,"Height":126,"Demand":1,"DemandMax":null,"Value":4410},{"Length":72,"Height":22,"Demand":1,"DemandMax":null,"Value":1584},{"Length":77,"Height":43,"Demand":1,"DemandMax":null,"Value":3311},{"Length":97,"Height":27,"Demand":2,"DemandMax":null,"Value":2619},{"Length":90,"Height":58,"Demand":1,"DemandMax":null,"Value":5220},{"Length":55,"Height":69,"Demand":1,"DemandMax":null,"Value":3795},{"Length":43,"Height":47,"Demand":1,"DemandMax":null,"Value":2021},{"Length":56,"Height":67,"Demand":1,"DemandMax":null,"Value":3752},{"Length":35,"Height":80,"Demand":1,"DemandMax":null,"Value":2800},{"Length":71,"Height":61,"Demand":1,"DemandMax":null,"Value":4331},{"Length":54,"Height":65,"Demand":1,"DemandMax":null,"Value":3510},{"Length":65,"Height":76,"Demand":1,"DemandMax":null,"Value":4940},{"Length":55,"Height":51,"Demand":1,"DemandMax":null,"Value":2805},{"Length":69,"Height":58,"Demand":1,"DemandMax":null,"Value":4002},{"Length":66,"Height":62,"Demand":1,"DemandMax":null,"Value":4092},{"Length":52,"Height":60,"Demand":1,"DemandMax":null,"Value":3120},{"Length":39,"Height":76,"Demand":2,"DemandMax":null,"Value":2964},{"Length":23,"Height":60,"Demand":1,"DemandMax":null,"Value":1380},{"Length":49,"Height":44,"Demand":1,"DemandMax":null,"Value":2156},{"Length":106,"Height":33,"Demand":1,"DemandMax":null,"Value":3498},{"Length":100,"Height":43,"Demand":1,"DemandMax":null,"Value":4300},{"Length":53,"Height":56,"Demand":1,"DemandMax":null,"Value":2968},{"Length":45,"Height":49,"Demand":1,"DemandMax":null,"Value":2205},{"Length":29,"Height":70,"Demand":1,"DemandMax":null,"Value":2030},{"Length":53,"Height":80,"Demand":1,"DemandMax":null,"Value":4240},{"Length":20,"Height":67,"Demand":1,"DemandMax":null,"Value":1340},{"Length":119,"Height":35,"Demand":1,"DemandMax":null,"Value":4165},{"Length":106,"Height":37,"Demand":1,"DemandMax":null,"Value":3922},{"Length":51,"Height":36,"Demand":1,"DemandMax":null,"Value":1836},{"Length":96,"Height":31,"Demand":1,"DemandMax":null,"Value":2976},{"Length":45,"Height":74,"Demand":1,"DemandMax":null,"Value":3330},{"Length":52,"Height":61,"Demand":1,"DemandMax":null,"Value":3172},{"Length":72,"Height":67,"Demand":1,"DemandMax":null,"Value":4824},{"Length":106,"Height":36,"Demand":1,"DemandMax":null,"Value":3816},{"Length":57,"Height":46,"Demand":1,"DemandMax":null,"Value":2622},{"Length":49,"Height":28,"Demand":1,"DemandMax":null,"Value":1372},{"Length":66,"Height":58,"Demand":1,"DemandMax":null,"Value":3828},{"Length":119,"Height":65,"Demand":1,"DemandMax":null,"Value":7735},{"Length":83,"Height":43,"Demand":1,"DemandMax":null,"Value":3569},{"Length":74,"Height":46,"Demand":1,"DemandMax":null,"Value":3404},{"Length":39,"Height":78,"Demand":2,"DemandMax":null,"Value":3042},{"Length":28,"Height":112,"Demand":1,"DemandMax":null,"Value":3136},{"Length":45,"Height":59,"Demand":1,"DemandMax":null,"Value":2655},{"Length":42,"Height":49,"Demand":1,"DemandMax":null,"Value":2058},{"Length":61,"Height":49,"Demand":1,"DemandMax":null,"Value":2989},{"Length":45,"Height":43,"Demand":2,"DemandMax":null,"Value":1935},{"Length":42,"Height":73,"Demand":1,"DemandMax":null,"Value":3066},{"Length":71,"Height":44,"Demand":1,"DemandMax":null,"Value":3124},{"Length":53,"Height":65,"Demand":1,"DemandMax":null,"Value":3445},{"Length":46,"Height":66,"Demand":1,"DemandMax":null,"Value":3036},{"Length":44,"Height":77,"Demand":1,"DemandMax":null,"Value":3388},{"Length":42,"Height":75,"Demand":1,"DemandMax":null,"Value":3150},{"Length":70,"Height":43,"Demand":1,"DemandMax":null,"Value":3010},{"Length":50,"Height":71,"Demand":1,"DemandMax":null,"Value":3550},{"Length":71,"Height":52,"Demand":1,"DemandMax":null,"Value":3692},{"Length":66,"Height":82,"Demand":1,"DemandMax":null,"Value":5412},{"Length":63,"Height":80,"Demand":1,"DemandMax":null,"Value":5040},{"Length":45,"Height":104,"Demand":1,"DemandMax":null,"Value":4680},{"Length":49,"Height":87,"Demand":1,"DemandMax":null,"Value":4263},{"Length":70,"Height":51,"Demand":2,"DemandMax":null,"Value":3570},{"Length":39,"Height":58,"Demand":1,"DemandMax":null,"Value":2262},{"Length":72,"Height":70,"Demand":1,"DemandMax":null,"Value":5040},{"Length":133,"Height":71,"Demand":1,"DemandMax":null,"Value":9443},{"Length":75,"Height":66,"Demand":1,"DemandMax":null,"Value":4950},{"Length":45,"Height":80,"Demand":1,"DemandMax":null,"Value":3600},{"Length":48,"Height":54,"Demand":1,"DemandMax":null,"Value":2592},{"Length":57,"Height":80,"Demand":1,"DemandMax":null,"Value":4560},{"Length":70,"Height":69,"Demand":1,"DemandMax":null,"Value":4830},{"Length":75,"Height":50,"Demand":1,"DemandMax":null,"Value":3750},{"Length":49,"Height":80,"Demand":1,"DemandMax":null,"Value":3920},{"Length":60,"Height":50,"Demand":1,"DemandMax":null,"Value":3000},{"Length":40,"Height":50,"Demand":1,"DemandMax":null,"Value":2000},{"Length":37,"Height":126,"Demand":1,"DemandMax":null,"Value":4662},{"Length":81,"Height":48,"Demand":1,"DemandMax":null,"Value":3888},{"Length":49,"Height":69,"Demand":2,"DemandMax":null,"Value":3381},{"Length":30,"Height":118,"Demand":1,"DemandMax":null,"Value":3540},{"Length":54,"Height":70,"Demand":1,"DemandMax":null,"Value":3780},{"Length":54,"Height":49,"Demand":2,"DemandMax":null,"Value":2646},{"Length":68,"Height":32,"Demand":1,"DemandMax":null,"Value":2176},{"Length":67,"Height":24,"Demand":1,"DemandMax":null,"Value":1608},{"Length":39,"Height":80,"Demand":2,"DemandMax":null,"Value":3120},{"Length":49,"Height":45,"Demand":1,"DemandMax":null,"Value":2205},{"Length":112,"Height":32,"Demand":1,"DemandMax":null,"Value":3584},{"Length":56,"Height":52,"Demand":1,"DemandMax":null,"Value":2912},{"Length":39,"Height":54,"Demand":1,"DemandMax":null,"Value":2106},{"Length":115,"Height":64,"Demand":1,"DemandMax":null,"Value":7360},{"Length":72,"Height":41,"Demand":1,"DemandMax":null,"Value":2952},{"Length":44,"Height":41,"Demand":2,"DemandMax":null,"Value":1804},{"Length":59,"Height":53,"Demand":1,"DemandMax":null,"Value":3127},{"Length":35,"Height":65,"Demand":1,"DemandMax":null,"Value":2275},{"Length":77,"Height":67,"Demand":1,"DemandMax":null,"Value":5159},{"Length":70,"Height":45,"Demand":1,"DemandMax":null,"Value":3150},{"Length":23,"Height":80,"Demand":1,"DemandMax":null,"Value":1840},{"Length":44,"Height":56,"Demand":1,"DemandMax":null,"Value":2464},{"Length":51,"Height":94,"Demand":1,"DemandMax":null,"Value":4794},{"Length":81,"Height":37,"Demand":2,"DemandMax":null,"Value":2997},{"Length":55,"Height":91,"Demand":1,"DemandMax":null,"Value":5005},{"Length":112,"Height":41,"Demand":1,"DemandMax":null,"Value":4592},{"Length":35,"Height":56,"Demand":1,"DemandMax":null,"Value":1960},{"Length":80,"Height":26,"Demand":1,"DemandMax":null,"Value":2080},{"Length":69,"Height":41,"Demand":1,"DemandMax":null,"Value":2829},{"Length":68,"Height":44,"Demand":1,"DemandMax":null,"Value":2992},{"Length":67,"Height":54,"Demand":1,"DemandMax":null,"Value":3618},{"Length":25,"Height":60,"Demand":1,"DemandMax":null,"Value":1500},{"Length":34,"Height":80,"Demand":1,"DemandMax":null,"Value":2720},{"Length":51,"Height":61,"Demand":1,"DemandMax":null,"Value":3111},{"Length":46,"Height":42,"Demand":1,"DemandMax":null,"Value":1932},{"Length":47,"Height":93,"Demand":1,"DemandMax":null,"Value":4371},{"Length":97,"Height":28,"Demand":1,"DemandMax":null,"Value":2716},{"Length":77,"Height":41,"Demand":1,"DemandMax":null,"Value":3157},{"Length":60,"Height":84,"Demand":1,"DemandMax":null,"Value":5040},{"Length":49,"Height":62,"Demand":2,"DemandMax":null,"Value":3038},{"Length":44,"Height":85,"Demand":1,"DemandMax":null,"Value":3740},{"Length":99,"Height":47,"Demand":1,"DemandMax":null,"Value":4653},{"Length":97,"Height":57,"Demand":1,"DemandMax":null,"Value":5529},{"Length":115,"Height":29,"Demand":1,"DemandMax":null,"Value":3335},{"Length":58,"Height":24,"Demand":1,"DemandMax":null,"Value":1392},{"Length":46,"Height":72,"Demand":1,"DemandMax":null,"Value":3312},{"Length":68,"Height":45,"Demand":1,"DemandMax":null,"Value":3060},{"Length":29,"Height":112,"Demand":1,"DemandMax":null,"Value":3248},{"Length":115,"Height":35,"Demand":1,"DemandMax":null,"Value":4025},{"Length":63,"Height":52,"Demand":1,"DemandMax":null,"Value":3276},{"Length":61,"Height":57,"Demand":2,"DemandMax":null,"Value":3477},{"Length":47,"Height":60,"Demand":1,"DemandMax":null,"Value":2820},{"Length":42,"Height":89,"Demand":1,"DemandMax":null,"Value":3738},{"Length":72,"Height":54,"Demand":1,"DemandMax":null,"Value":3888},{"Length":107,"Height":27,"Demand":1,"DemandMax":null,"Value":2889},{"Length":53,"Height":61,"Demand":1,"DemandMax":null,"Value":3233},{"Length":66,"Height":94,"Demand":1,"DemandMax":null,"Value":6204},{"Length":99,"Height":50,"Demand":1,"DemandMax":null,"Value":4950},{"Length":67,"Height":78,"Demand":1,"DemandMax":null,"Value":5226},{"Length":62,"Height":65,"Demand":1,"DemandMax":null,"Value":4030},{"Length":68,"Height":49,"Demand":1,"DemandMax":null,"Value":3332},{"Length":45,"Height":58,"Demand":3,"DemandMax":null,"Value":2610},{"Length":44,"Height":61,"Demand":1,"DemandMax":null,"Value":2684},{"Length":64,"Height":43,"Demand":1,"DemandMax":null,"Value":2752},{"Length":40,"Height":80,"Demand":1,"DemandMax":null,"Value":3200},{"Length":68,"Height":129,"Demand":1,"DemandMax":null,"Value":8772},{"Length":45,"Height":67,"Demand":1,"DemandMax":null,"Value":3015},{"Length":61,"Height":50,"Demand":1,"DemandMax":null,"Value":3050},{"Length":52,"Height":55,"Demand":1,"DemandMax":null,"Value":2860},{"Length":40,"Height":130,"Demand":1,"DemandMax":null,"Value":5200},{"Length":58,"Height":65,"Demand":1,"DemandMax":null,"Value":3770},{"Length":32,"Height":81,"Demand":1,"DemandMax":null,"Value":2592},{"Length":42,"Height":80,"Demand":1,"DemandMax":null,"Value":3360},{"Length":45,"Height":75,"Demand":1,"DemandMax":null,"Value":3375},{"Length":107,"Height":29,"Demand":1,"DemandMax":null,"Value":3103},{"Length":70,"Height":30,"Demand":1,"DemandMax":null,"Value":2100},{"Length":52,"Height":63,"Demand":1,"DemandMax":null,"Value":3276},{"Length":65,"Height":40,"Demand":1,"DemandMax":null,"Value":2600},{"Length":97,"Height":30,"Demand":1,"DemandMax":null,"Value":2910},{"Length":49,"Height":54,"Demand":1,"DemandMax":null,"Value":2646},{"Length":47,"Height":59,"Demand":1,"DemandMax":null,"Value":2773},{"Length":51,"Height":40,"Demand":1,"DemandMax":null,"Value":2040},{"Length":61,"Height":61,"Demand":1,"DemandMax":null,"Value":3721},{"Length":59,"Height":62,"Demand":1,"DemandMax":null,"Value":3658},{"Length":106,"Height":58,"Demand":1,"DemandMax":null,"Value":6148},{"Length":58,"Height":60,"Demand":1,"DemandMax":null,"Value":3480},{"Length":66,"Height":41,"Demand":1,"DemandMax":null,"Value":2706},{"Length":54,"Height":52,"Demand":1,"DemandMax":null,"Value":2808},{"Length":70,"Height":40,"Demand":1,"DemandMax":null,"Value":2800},{"Length":34,"Height":81,"Demand":1,"DemandMax":null,"Value":2754},{"Length":46,"Height":59,"Demand":1,"DemandMax":null,"Value":2714},{"Length":97,"Height":25,"Demand":1,"DemandMax":null,"Value":2425},{"Length":57,"Height":55,"Demand":1,"DemandMax":null,"Value":3135},{"Length":64,"Height":22,"Demand":2,"DemandMax":null,"Value":1408},{"Length":49,"Height":83,"Demand":1,"DemandMax":null,"Value":4067},{"Length":48,"Height":33,"Demand":1,"DemandMax":null,"Value":1584},{"Length":58,"Height":27,"Demand":1,"DemandMax":null,"Value":1566},{"Length":63,"Height":34,"Demand":1,"DemandMax":null,"Value":2142},{"Length":72,"Height":43,"Demand":1,"DemandMax":null,"Value":3096},{"Length":49,"Height":32,"Demand":1,"DemandMax":null,"Value":1568},{"Length":24,"Height":94,"Demand":2,"DemandMax":null,"Value":2256},{"Length":44,"Height":60,"Demand":1,"DemandMax":null,"Value":2640},{"Length":49,"Height":57,"Demand":1,"DemandMax":null,"Value":2793},{"Length":51,"Height":49,"Demand":1,"DemandMax":null,"Value":2499},{"Length":44,"Height":48,"Demand":1,"DemandMax":null,"Value":2112},{"Length":67,"Height":34,"Demand":1,"DemandMax":null,"Value":2278},{"Length":76,"Height":47,"Demand":1,"DemandMax":null,"Value":3572},{"Length":82,"Height":37,"Demand":1,"DemandMax":null,"Value":3034},{"Length":25,"Height":80,"Demand":1,"DemandMax":null,"Value":2000},{"Length":48,"Height":41,"Demand":1,"DemandMax":null,"Value":1968},{"Length":30,"Height":60,"Demand":1,"DemandMax":null,"Value":1800},{"Length":30,"Height":67,"Demand":1,"DemandMax":null,"Value":2010},{"Length":49,"Height":104,"Demand":1,"DemandMax":null,"Value":5096},{"Length":35,"Height":74,"Demand":1,"DemandMax":null,"Value":2590},{"Length":46,"Height":56,"Demand":1,"DemandMax":null,"Value":2576},{"Length":46,"Height":43,"Demand":1,"DemandMax":null,"Value":1978},{"Length":56,"Height":42,"Demand":1,"DemandMax":null,"Value":2352},{"Length":62,"Height":43,"Demand":1,"DemandMax":null,"Value":2666},{"Length":97,"Height":34,"Demand":1,"DemandMax":null,"Value":3298},{"Length":90,"Height":49,"Demand":1,"DemandMax":null,"Value":4410},{"Length":35,"Height":76,"Demand":1,"DemandMax":null,"Value":2660},{"Length":42,"Height":67,"Demand":1,"DemandMax":null,"Value":2814},{"Length":31,"Height":70,"Demand":1,"DemandMax":null,"Value":2170},{"Length":51,"Height":45,"Demand":1,"DemandMax":null,"Value":2295},{"Length":97,"Height":35,"Demand":1,"DemandMax":null,"Value":3395},{"Length":35,"Height":73,"Demand":1,"DemandMax":null,"Value":2555},{"Length":70,"Height":32,"Demand":1,"DemandMax":null,"Value":2240},{"Length":80,"Height":32,"Demand":1,"DemandMax":null,"Value":2560},{"Length":47,"Height":49,"Demand":1,"DemandMax":null,"Value":2303},{"Length":60,"Height":47,"Demand":1,"DemandMax":null,"Value":2820},{"Length":68,"Height":37,"Demand":1,"DemandMax":null,"Value":2516},{"Length":40,"Height":54,"Demand":1,"DemandMax":null,"Value":2160},{"Length":39,"Height":64,"Demand":1,"DemandMax":null,"Value":2496},{"Length":97,"Height":108,"Demand":1,"DemandMax":null,"Value":10476},{"Length":51,"Height":48,"Demand":1,"DemandMax":null,"Value":2448}]}