{"Name":"Path200i4b1","Objects":[{"Length":454,"Height":550,"Stock":6,"Cost":249700},{"Length":546,"Height":698,"Stock":1,"Cost":381108},{"Length":546,"Height":302,"Stock":5,"Cost":164892},{"Length":454,"Height":450,"Stock":5,"Cost":204300}],"Items":[{"Length":265,"Height":276,"Demand":1,"DemandMax":null,"Value":73140},{"Length":52,"Height":201,"Demand":1,"DemandMax":null,"Value":10452},{"Length":168,"Height":91,"Demand":1,"DemandMax":null,"Value":15288},{"Length":197,"Height":8,"Demand":1,"DemandMax":null,"Value":1576},{"Length":30,"Height":243,"Demand":1,"DemandMax":null,"Value":7290},{"Length":128,"Height":12,"Demand":1,"DemandMax":null,"Value":1536},{"Length":7,"Height":78,"Demand":1,"DemandMax":null,"Value":546},{"Length":212,"Height":48,"Demand":1,"DemandMax":null,"Value":10176},{"Length":256,"Height":204,"Demand":1,"DemandMax":null,"Value":52224},{"Length":13,"Height":11,"Demand":1,"DemandMax":null,"Value":143},{"Length":2,"Height":15,"Demand":1,"DemandMax":null,"Value":30},{"Length":236,"Height":8,"Demand":1,"DemandMax":null,"Value":1888},{"Length":64,"Height":45,"Demand":1,"DemandMax":null,"Value":2880},{"Length":9,"Height":34,"Demand":1,"DemandMax":null,"Value":306},{"Length":2,"Height":243,"Demand":1,"DemandMax":null,"Value":486},{"Length":258,"Height":185,"Demand":1,"DemandMax":null,"Value":47730},{"Length":112,"Height":107,"Demand":1,"DemandMax":null,"Value":11984},{"Length":7,"Height":22,"Demand":1,"DemandMax":null,"Value":154},{"Length":33,"Height":77,"Demand":1,"DemandMax":null,"Value":2541},{"Length":289,"Height":302,"Demand":1,"DemandMax":null,"Value":87278},{"Length":258,"Height":110,"Demand":1,"DemandMax":null,"Value":28380},{"Length":127,"Height":1,"Demand":4,"DemandMax":null,"Value":127},{"Length":44,"Height":14,"Demand":1,"DemandMax":null,"Value":616},{"Length":9,"Height":70,"Demand":1,"DemandMax":null,"Value":630},{"Length":18,"Height":240,"Demand":1,"DemandMax":null,"Value":4320},{"Length":151,"Height":205,"Demand":1,"DemandMax":null,"Value":30955},{"Length":11,"Height":18,"Demand":1,"DemandMax":null,"Value":198},{"Length":3,"Height":243,"Demand":1,"DemandMax":null,"Value":729},{"Length":83,"Height":130,"Demand":1,"DemandMax":null,"Value":10790},{"Length":117,"Height":42,"Demand":1,"DemandMax":null,"Value":4914},{"Length":37,"Height":273,"Demand":1,"DemandMax":null,"Value":10101},{"Length":3,"Height":54,"Demand":1,"DemandMax":null,"Value":162},{"Length":1,"Height":258,"Demand":2,"DemandMax":null,"Value":258},{"Length":24,"Height":3,"Demand":2,"DemandMax":null,"Value":72},{"Length":236,"Height":9,"Demand":1,"DemandMax":null,"Value":2124},{"Length":1,"Height":14,"Demand":1,"DemandMax":null,"Value":14},{"Length":2,"Height":41,"Demand":1,"DemandMax":null,"Value":82},{"Length":37,"Height":181,"Demand":1,"DemandMax":null,"Value":6697},{"Length":1,"Height":274,"Demand":1,"DemandMax":null,"Value":274},{"Length":10,"Height":274,"Demand":1,"DemandMax":null,"Value":2740},{"Length":94,"Height":226,"Demand":1,"DemandMax":null,"Value":21244},{"Length":106,"Height":161,"Demand":1,"DemandMax":null,"Value":17066},{"Length":6,"Height":8,"Demand":2,"DemandMax":null,"Value":48},{"Length":26,"Height":22,"Demand":2,"DemandMax":null,"Value":572},{"Length":5,"Height":6,"Demand":2,"DemandMax":null,"Value":30},{"Length":10,"Height":143,"Demand":1,"DemandMax":null,"Value":1430},{"Length":288,"Height":5,"Demand":1,"DemandMax":null,"Value":1440},{"Length":81,"Height":1,"Demand":1,"DemandMax":null,"Value":81},{"Length":5,"Height":258,"Demand":1,"DemandMax":null,"Value":1290},{"Length":117,"Height":80,"Demand":1,"DemandMax":null,"Value":9360},{"Length":1,"Height":109,"Demand":1,"DemandMax":null,"Value":109},{"Length":1,"Height":81,"Demand":1,"DemandMax":null,"Value":81},{"Length":9,"Height":274,"Demand":1,"DemandMax":null,"Value":2466},{"Length":106,"Height":16,"Demand":1,"DemandMax":null,"Value":1696},{"Length":10,"Height":149,"Demand":1,"DemandMax":null,"Value":1490},{"Length":67,"Height":272,"Demand":1,"DemandMax":null,"Value":18224},{"Length":236,"Height":11,"Demand":1,"DemandMax":null,"Value":2596},{"Length":16,"Height":251,"Demand":1,"DemandMax":null,"Value":4016},{"Length":265,"Height":28,"Demand":1,"DemandMax":null,"Value":7420},{"Length":3,"Height":258,"Demand":2,"DemandMax":null,"Value":774},{"Length":1,"Height":221,"Demand":1,"DemandMax":null,"Value":221},{"Length":55,"Height":199,"Demand":1,"DemandMax":null,"Value":10945},{"Length":23,"Height":70,"Demand":1,"DemandMax":null,"Value":1610},{"Length":236,"Height":144,"Demand":1,"DemandMax":null,"Value":33984},{"Length":33,"Height":111,"Demand":1,"DemandMax":null,"Value":3663},{"Length":73,"Height":202,"Demand":1,"DemandMax":null,"Value":14746},{"Length":86,"Height":144,"Demand":1,"DemandMax":null,"Value":12384},{"Length":3,"Height":189,"Demand":1,"DemandMax":null,"Value":567},{"Length":22,"Height":29,"Demand":1,"DemandMax":null,"Value":638},{"Length":25,"Height":273,"Demand":1,"DemandMax":null,"Value":6825},{"Length":31,"Height":273,"Demand":1,"DemandMax":null,"Value":8463},{"Length":4,"Height":29,"Demand":1,"DemandMax":null,"Value":116},{"Length":6,"Height":258,"Demand":1,"DemandMax":null,"Value":1548},{"Length":18,"Height":243,"Demand":1,"DemandMax":null,"Value":4374},{"Length":89,"Height":158,"Demand":1,"DemandMax":null,"Value":14062},{"Length":15,"Height":1,"Demand":1,"DemandMax":null,"Value":15},{"Length":8,"Height":18,"Demand":1,"DemandMax":null,"Value":144},{"Length":106,"Height":6,"Demand":1,"DemandMax":null,"Value":636},{"Length":5,"Height":161,"Demand":1,"DemandMax":null,"Value":805},{"Length":164,"Height":149,"Demand":1,"DemandMax":null,"Value":24436},{"Length":1,"Height":18,"Demand":4,"DemandMax":null,"Value":18},{"Length":2,"Height":17,"Demand":1,"DemandMax":null,"Value":34},{"Length":29,"Height":32,"Demand":1,"DemandMax":null,"Value":928},{"Length":147,"Height":18,"Demand":1,"DemandMax":null,"Value":2646},{"Length":120,"Height":72,"Demand":1,"DemandMax":null,"Value":8640},{"Length":6,"Height":52,"Demand":1,"DemandMax":null,"Value":312},{"Length":265,"Height":42,"Demand":1,"DemandMax":null,"Value":11130},{"Length":4,"Height":207,"Demand":1,"DemandMax":null,"Value":828},{"Length":1,"Height":7,"Demand":1,"DemandMax":null,"Value":7},{"Length":64,"Height":211,"Demand":1,"DemandMax":null,"Value":13504},{"Length":84,"Height":86,"Demand":1,"DemandMax":null,"Value":7224},{"Length":3,"Height":2,"Demand":1,"DemandMax":null,"Value":6},{"Length":9,"Height":88,"Demand":1,"DemandMax":null,"Value":792},{"Length":12,"Height":17,"Demand":1,"DemandMax":null,"Value":204},{"Length":21,"Height":4,"Demand":1,"DemandMax":null,"Value":84},{"Length":135,"Height":69,"Demand":1,"DemandMax":null,"Value":9315},{"Length":13,"Height":8,"Demand":1,"DemandMax":null,"Value":104},{"Length":84,"Height":58,"Demand":1,"DemandMax":null,"Value":4872},{"Length":16,"Height":1,"Demand":1,"DemandMax":null,"Value":16},{"Length":3,"Height":74,"Demand":1,"DemandMax":null,"Value":222},{"Length":1,"Height":17,"Demand":2,"DemandMax":null,"Value":17},{"Length":7,"Height":139,"Demand":1,"DemandMax":null,"Value":973},{"Length":21,"Height":161,"Demand":1,"DemandMax":null,"Value":3381},{"Length":212,"Height":159,"Demand":1,"DemandMax":null,"Value":33708},{"Length":87,"Height":144,"Demand":1,"DemandMax":null,"Value":12528},{"Length":5,"Height":107,"Demand":1,"DemandMax":null,"Value":535},{"Length":3,"Height":219,"Demand":1,"DemandMax":null,"Value":657},{"Length":94,"Height":28,"Demand":1,"DemandMax":null,"Value":2632},{"Length":2,"Height":273,"Demand":1,"DemandMax":null,"Value":546},{"Length":3,"Height":190,"Demand":1,"DemandMax":null,"Value":570},{"Length":16,"Height":14,"Demand":1,"DemandMax":null,"Value":224},{"Length":26,"Height":1,"Demand":1,"DemandMax":null,"Value":26},{"Length":10,"Height":52,"Demand":1,"DemandMax":null,"Value":520},{"Length":1,"Height":115,"Demand":1,"DemandMax":null,"Value":115},{"Length":64,"Height":2,"Demand":1,"DemandMax":null,"Value":128},{"Length":90,"Height":61,"Demand":1,"DemandMax":null,"Value":5490},{"Length":27,"Height":181,"Demand":1,"DemandMax":null,"Value":4887},{"Length":129,"Height":18,"Demand":1,"DemandMax":null,"Value":2322},{"Length":2,"Height":9,"Demand":1,"DemandMax":null,"Value":18},{"Length":16,"Height":61,"Demand":1,"DemandMax":null,"Value":976},{"Length":31,"Height":46,"Demand":1,"DemandMax":null,"Value":1426},{"Length":47,"Height":202,"Demand":1,"DemandMax":null,"Value":9494},{"Length":29,"Height":242,"Demand":1,"DemandMax":null,"Value":7018},{"Length":189,"Height":276,"Demand":1,"DemandMax":null,"Value":52164},{"Length":21,"Height":79,"Demand":1,"DemandMax":null,"Value":1659},{"Length":1,"Height":9,"Demand":2,"DemandMax":null,"Value":9},{"Length":1,"Height":63,"Demand":1,"DemandMax":null,"Value":63},{"Length":4,"Height":221,"Demand":1,"DemandMax":null,"Value":884},{"Length":236,"Height":4,"Demand":1,"DemandMax":null,"Value":944},{"Length":26,"Height":90,"Demand":1,"DemandMax":null,"Value":2340},{"Length":70,"Height":1,"Demand":1,"DemandMax":null,"Value":70},{"Length":92,"Height":7,"Demand":1,"DemandMax":null,"Value":644},{"Length":13,"Height":104,"Demand":1,"DemandMax":null,"Value":1352},{"Length":1,"Height":8,"Demand":1,"DemandMax":null,"Value":8},{"Length":1,"Height":80,"Demand":1,"DemandMax":null,"Value":80},{"Length":2,"Height":88,"Demand":1,"DemandMax":null,"Value":176},{"Length":1,"Height":24,"Demand":1,"DemandMax":null,"Value":24},{"Length":9,"Height":240,"Demand":1,"DemandMax":null,"Value":2160},{"Length":92,"Height":12,"Demand":2,"DemandMax":null,"Value":1104},{"Length":2,"Height":207,"Demand":1,"DemandMax":null,"Value":414},{"Length":39,"Height":272,"Demand":1,"DemandMax":null,"Value":10608},{"Length":60,"Height":8,"Demand":1,"DemandMax":null,"Value":480},{"Length":1,"Height":163,"Demand":1,"DemandMax":null,"Value":163},{"Length":196,"Height":19,"Demand":1,"DemandMax":null,"Value":3724},{"Length":21,"Height":1,"Demand":1,"DemandMax":null,"Value":21},{"Length":16,"Height":7,"Demand":1,"DemandMax":null,"Value":112},{"Length":236,"Height":1,"Demand":2,"DemandMax":null,"Value":236},{"Length":147,"Height":48,"Demand":1,"DemandMax":null,"Value":7056},{"Length":49,"Height":29,"Demand":1,"DemandMax":null,"Value":1421},{"Length":24,"Height":2,"Demand":1,"DemandMax":null,"Value":48},{"Length":12,"Height":22,"Demand":1,"DemandMax":null,"Value":264},{"Length":1,"Height":226,"Demand":1,"DemandMax":null,"Value":226},{"Length":1,"Height":159,"Demand":1,"DemandMax":null,"Value":159},{"Length":117,"Height":14,"Demand":1,"DemandMax":null,"Value":1638},{"Length":7,"Height":1,"Demand":1,"DemandMax":null,"Value":7},{"Length":1,"Height":3,"Demand":1,"DemandMax":null,"Value":3},{"Length":12,"Height":48,"Demand":1,"DemandMax":null,"Value":576},{"Length":16,"Height":69,"Demand":1,"DemandMax":null,"Value":1104},{"Length":33,"Height":144,"Demand":1,"DemandMax":null,"Value":4752},{"Length":1,"Height":243,"Demand":1,"DemandMax":null,"Value":243},{"Length":10,"Height":29,"Demand":1,"DemandMax":null,"Value":290},{"Length":7,"Height":5,"Demand":1,"DemandMax":null,"Value":35},{"Length":3,"Height":88,"Demand":1,"DemandMax":null,"Value":264},{"Length":1,"Height":78,"Demand":1,"DemandMax":null,"Value":78},{"Length":5,"Height":41,"Demand":1,"DemandMax":null,"Value":205},{"Length":153,"Height":1,"Demand":1,"DemandMax":null,"Value":153},{"Length":207,"Height":130,"Demand":1,"DemandMax":null,"Value":26910},{"Length":2,"Height":24,"Demand":1,"DemandMax":null,"Value":48},{"Length":1,"Height":1,"Demand":1,"DemandMax":null,"Value":1},{"Length":33,"Height":143,"Demand":1,"DemandMax":null,"Value":4719},{"Length":68,"Height":199,"Demand":1,"DemandMax":null,"Value":13532},{"Length":2,"Height":221,"Demand":1,"DemandMax":null,"Value":442},{"Length":2,"Height":73,"Demand":1,"DemandMax":null,"Value":146},{"Length":1,"Height":31,"Demand":1,"DemandMax":null,"Value":31},{"Length":21,"Height":62,"Demand":1,"DemandMax":null,"Value":1302},{"Length":1,"Height":16,"Demand":1,"DemandMax":null,"Value":16},{"Length":35,"Height":29,"Demand":1,"DemandMax":null,"Value":1015},{"Length":17,"Height":274,"Demand":1,"DemandMax":null,"Value":4658},{"Length":1,"Height":146,"Demand":1,"DemandMax":null,"Value":146},{"Length":44,"Height":251,"Demand":1,"DemandMax":null,"Value":11044},{"Length":69,"Height":181,"Demand":1,"DemandMax":null,"Value":12489},{"Length":1,"Height":6,"Demand":1,"DemandMax":null,"Value":6},{"Length":13,"Height":2,"Demand":1,"DemandMax":null,"Value":26},{"Length":205,"Height":46,"Demand":1,"DemandMax":null,"Value":9430}]}