{"Name":"Nice100i6b3","Objects":[{"Length":434,"Height":1000,"Stock":4,"Cost":434000},{"Length":282,"Height":405,"Stock":4,"Cost":114210},{"Length":284,"Height":392,"Stock":4,"Cost":111328},{"Length":284,"Height":247,"Stock":2,"Cost":70148},{"Length":282,"Height":595,"Stock":5,"Cost":167790},{"Length":284,"Height":361,"Stock":2,"Cost":102524}],"Items":[{"Length":67,"Height":110,"Demand":1,"DemandMax":null,"Value":7370},{"Length":42,"Height":101,"Demand":1,"DemandMax":null,"Value":4242},{"Length":130,"Height":39,"Demand":1,"DemandMax":null,"Value":5070},{"Length":137,"Height":118,"Demand":1,"DemandMax":null,"Value":16166},{"Length":67,"Height":130,"Demand":1,"DemandMax":null,"Value":8710},{"Length":112,"Height":86,"Demand":1,"DemandMax":null,"Value":9632},{"Length":101,"Height":125,"Demand":1,"DemandMax":null,"Value":12625},{"Length":66,"Height":211,"Demand":1,"DemandMax":null,"Value":13926},{"Length":172,"Height":71,"Demand":1,"DemandMax":null,"Value":12212},{"Length":104,"Height":93,"Demand":1,"DemandMax":null,"Value":9672},{"Length":92,"Height":129,"Demand":1,"DemandMax":null,"Value":11868},{"Length":154,"Height":60,"Demand":1,"DemandMax":null,"Value":9240},{"Length":137,"Height":82,"Demand":1,"DemandMax":null,"Value":11234},{"Length":79,"Height":120,"Demand":1,"DemandMax":null,"Value":9480},{"Length":77,"Height":171,"Demand":1,"DemandMax":null,"Value":13167},{"Length":148,"Height":81,"Demand":1,"DemandMax":null,"Value":11988},{"Length":151,"Height":97,"Demand":1,"DemandMax":null,"Value":14647},{"Length":133,"Height":73,"Demand":1,"DemandMax":null,"Value":9709},{"Length":119,"Height":39,"Demand":1,"DemandMax":null,"Value":4641},{"Length":62,"Height":219,"Demand":1,"DemandMax":null,"Value":13578},{"Length":70,"Height":208,"Demand":1,"DemandMax":null,"Value":14560},{"Length":157,"Height":61,"Demand":1,"DemandMax":null,"Value":9577},{"Length":99,"Height":99,"Demand":1,"DemandMax":null,"Value":9801},{"Length":88,"Height":103,"Demand":1,"DemandMax":null,"Value":9064},{"Length":130,"Height":92,"Demand":1,"DemandMax":null,"Value":11960},{"Length":137,"Height":63,"Demand":1,"DemandMax":null,"Value":8631},{"Length":75,"Height":208,"Demand":1,"DemandMax":null,"Value":15600},{"Length":192,"Height":49,"Demand":1,"DemandMax":null,"Value":9408},{"Length":192,"Height":80,"Demand":1,"DemandMax":null,"Value":15360},{"Length":172,"Height":93,"Demand":1,"DemandMax":null,"Value":15996},{"Length":91,"Height":113,"Demand":1,"DemandMax":null,"Value":10283},{"Length":84,"Height":113,"Demand":1,"DemandMax":null,"Value":9492},{"Length":179,"Height":93,"Demand":1,"DemandMax":null,"Value":16647},{"Length":147,"Height":59,"Demand":2,"DemandMax":null,"Value":8673},{"Length":184,"Height":47,"Demand":1,"DemandMax":null,"Value":8648},{"Length":84,"Height":115,"Demand":1,"DemandMax":null,"Value":9660},{"Length":132,"Height":76,"Demand":1,"DemandMax":null,"Value":10032},{"Length":77,"Height":124,"Demand":1,"DemandMax":null,"Value":9548},{"Length":120,"Height":63,"Demand":1,"DemandMax":null,"Value":7560},{"Length":150,"Height":73,"Demand":1,"DemandMax":null,"Value":10950},{"Length":56,"Height":181,"Demand":1,"DemandMax":null,"Value":10136},{"Length":95,"Height":124,"Demand":1,"DemandMax":null,"Value":11780},{"Length":46,"Height":181,"Demand":2,"DemandMax":null,"Value":8326},{"Length":158,"Height":80,"Demand":1,"DemandMax":null,"Value":12640},{"Length":67,"Height":131,"Demand":2,"DemandMax":null,"Value":8777},{"Length":68,"Height":136,"Demand":1,"DemandMax":null,"Value":9248},{"Length":68,"Height":109,"Demand":1,"DemandMax":null,"Value":7412},{"Length":134,"Height":73,"Demand":1,"DemandMax":null,"Value":9782},{"Length":46,"Height":57,"Demand":1,"DemandMax":null,"Value":2622},{"Length":112,"Height":31,"Demand":1,"DemandMax":null,"Value":3472},{"Length":151,"Height":76,"Demand":1,"DemandMax":null,"Value":11476},{"Length":186,"Height":54,"Demand":1,"DemandMax":null,"Value":10044},{"Length":33,"Height":132,"Demand":1,"DemandMax":null,"Value":4356},{"Length":33,"Height":101,"Demand":1,"DemandMax":null,"Value":3333},{"Length":91,"Height":110,"Demand":1,"DemandMax":null,"Value":10010},{"Length":55,"Height":178,"Demand":1,"DemandMax":null,"Value":9790},{"Length":157,"Height":98,"Demand":1,"DemandMax":null,"Value":15386},{"Length":47,"Height":63,"Demand":1,"DemandMax":null,"Value":2961},{"Length":189,"Height":50,"Demand":1,"DemandMax":null,"Value":9450},{"Length":120,"Height":84,"Demand":1,"DemandMax":null,"Value":10080},{"Length":42,"Height":53,"Demand":1,"DemandMax":null,"Value":2226},{"Length":52,"Height":177,"Demand":1,"DemandMax":null,"Value":9204},{"Length":120,"Height":89,"Demand":1,"DemandMax":null,"Value":10680},{"Length":172,"Height":73,"Demand":1,"DemandMax":null,"Value":12556},{"Length":184,"Height":52,"Demand":1,"DemandMax":null,"Value":9568},{"Length":181,"Height":49,"Demand":1,"DemandMax":null,"Value":8869},{"Length":85,"Height":171,"Demand":1,"DemandMax":null,"Value":14535},{"Length":97,"Height":170,"Demand":1,"DemandMax":null,"Value":16490},{"Length":181,"Height":76,"Demand":1,"DemandMax":null,"Value":13756},{"Length":204,"Height":52,"Demand":1,"DemandMax":null,"Value":10608},{"Length":186,"Height":59,"Demand":1,"DemandMax":null,"Value":10974},{"Length":57,"Height":178,"Demand":1,"DemandMax":null,"Value":10146},{"Length":180,"Height":55,"Demand":1,"DemandMax":null,"Value":9900},{"Length":143,"Height":73,"Demand":1,"DemandMax":null,"Value":10439},{"Length":83,"Height":136,"Demand":1,"DemandMax":null,"Value":11288},{"Length":204,"Height":68,"Demand":1,"DemandMax":null,"Value":13872},{"Length":180,"Height":50,"Demand":1,"DemandMax":null,"Value":9000},{"Length":180,"Height":65,"Demand":1,"DemandMax":null,"Value":11700},{"Length":55,"Height":63,"Demand":1,"DemandMax":null,"Value":3465},{"Length":157,"Height":106,"Demand":1,"DemandMax":null,"Value":16642},{"Length":55,"Height":177,"Demand":2,"DemandMax":null,"Value":9735},{"Length":154,"Height":124,"Demand":1,"DemandMax":null,"Value":19096},{"Length":68,"Height":110,"Demand":1,"DemandMax":null,"Value":7480},{"Length":67,"Height":118,"Demand":1,"DemandMax":null,"Value":7906},{"Length":120,"Height":68,"Demand":1,"DemandMax":null,"Value":8160},{"Length":154,"Height":208,"Demand":1,"DemandMax":null,"Value":32032},{"Length":102,"Height":63,"Demand":1,"DemandMax":null,"Value":6426},{"Length":90,"Height":63,"Demand":1,"DemandMax":null,"Value":5670},{"Length":34,"Height":132,"Demand":1,"DemandMax":null,"Value":4488},{"Length":130,"Height":42,"Demand":1,"DemandMax":null,"Value":5460},{"Length":112,"Height":66,"Demand":1,"DemandMax":null,"Value":7392},{"Length":78,"Height":101,"Demand":1,"DemandMax":null,"Value":7878},{"Length":58,"Height":101,"Demand":1,"DemandMax":null,"Value":5858},{"Length":119,"Height":41,"Demand":1,"DemandMax":null,"Value":4879},{"Length":116,"Height":57,"Demand":1,"DemandMax":null,"Value":6612},{"Length":147,"Height":53,"Demand":1,"DemandMax":null,"Value":7791}]}