{"Name":"Path100i6b2","Objects":[{"Length":336,"Height":524,"Stock":6,"Cost":176064},{"Length":427,"Height":476,"Stock":1,"Cost":203252},{"Length":393,"Height":524,"Stock":6,"Cost":205932},{"Length":274,"Height":476,"Stock":3,"Cost":130424},{"Length":299,"Height":476,"Stock":4,"Cost":142324},{"Length":271,"Height":524,"Stock":3,"Cost":142004}],"Items":[{"Length":2,"Height":133,"Demand":1,"DemandMax":null,"Value":266},{"Length":10,"Height":265,"Demand":1,"DemandMax":null,"Value":2650},{"Length":134,"Height":262,"Demand":1,"DemandMax":null,"Value":35108},{"Length":8,"Height":238,"Demand":1,"DemandMax":null,"Value":1904},{"Length":113,"Height":169,"Demand":1,"DemandMax":null,"Value":19097},{"Length":271,"Height":86,"Demand":1,"DemandMax":null,"Value":23306},{"Length":263,"Height":1,"Demand":1,"DemandMax":null,"Value":263},{"Length":52,"Height":225,"Demand":1,"DemandMax":null,"Value":11700},{"Length":83,"Height":238,"Demand":1,"DemandMax":null,"Value":19754},{"Length":226,"Height":35,"Demand":1,"DemandMax":null,"Value":7910},{"Length":122,"Height":262,"Demand":1,"DemandMax":null,"Value":31964},{"Length":259,"Height":33,"Demand":1,"DemandMax":null,"Value":8547},{"Length":36,"Height":45,"Demand":1,"DemandMax":null,"Value":1620},{"Length":4,"Height":179,"Demand":1,"DemandMax":null,"Value":716},{"Length":247,"Height":225,"Demand":1,"DemandMax":null,"Value":55575},{"Length":14,"Height":66,"Demand":1,"DemandMax":null,"Value":924},{"Length":123,"Height":271,"Demand":1,"DemandMax":null,"Value":33333},{"Length":32,"Height":169,"Demand":1,"DemandMax":null,"Value":5408},{"Length":55,"Height":2,"Demand":1,"DemandMax":null,"Value":110},{"Length":124,"Height":11,"Demand":1,"DemandMax":null,"Value":1364},{"Length":33,"Height":20,"Demand":1,"DemandMax":null,"Value":660},{"Length":153,"Height":218,"Demand":1,"DemandMax":null,"Value":33354},{"Length":34,"Height":24,"Demand":1,"DemandMax":null,"Value":816},{"Length":49,"Height":156,"Demand":1,"DemandMax":null,"Value":7644},{"Length":88,"Height":32,"Demand":1,"DemandMax":null,"Value":2816},{"Length":221,"Height":11,"Demand":1,"DemandMax":null,"Value":2431},{"Length":271,"Height":3,"Demand":1,"DemandMax":null,"Value":813},{"Length":55,"Height":147,"Demand":1,"DemandMax":null,"Value":8085},{"Length":47,"Height":77,"Demand":1,"DemandMax":null,"Value":3619},{"Length":143,"Height":66,"Demand":1,"DemandMax":null,"Value":9438},{"Length":6,"Height":11,"Demand":1,"DemandMax":null,"Value":66},{"Length":238,"Height":179,"Demand":1,"DemandMax":null,"Value":42602},{"Length":3,"Height":133,"Demand":1,"DemandMax":null,"Value":399},{"Length":45,"Height":70,"Demand":1,"DemandMax":null,"Value":3150},{"Length":126,"Height":215,"Demand":1,"DemandMax":null,"Value":27090},{"Length":88,"Height":38,"Demand":1,"DemandMax":null,"Value":3344},{"Length":128,"Height":66,"Demand":1,"DemandMax":null,"Value":8448},{"Length":85,"Height":253,"Demand":1,"DemandMax":null,"Value":21505},{"Length":1,"Height":168,"Demand":2,"DemandMax":null,"Value":168},{"Length":55,"Height":59,"Demand":1,"DemandMax":null,"Value":3245},{"Length":132,"Height":253,"Demand":1,"DemandMax":null,"Value":33396},{"Length":38,"Height":218,"Demand":1,"DemandMax":null,"Value":8284},{"Length":95,"Height":215,"Demand":1,"DemandMax":null,"Value":20425},{"Length":99,"Height":238,"Demand":1,"DemandMax":null,"Value":23562},{"Length":6,"Height":179,"Demand":1,"DemandMax":null,"Value":1074},{"Length":11,"Height":161,"Demand":1,"DemandMax":null,"Value":1771},{"Length":19,"Height":120,"Demand":1,"DemandMax":null,"Value":2280},{"Length":58,"Height":209,"Demand":1,"DemandMax":null,"Value":12122},{"Length":259,"Height":224,"Demand":1,"DemandMax":null,"Value":58016},{"Length":92,"Height":3,"Demand":1,"DemandMax":null,"Value":276},{"Length":3,"Height":179,"Demand":1,"DemandMax":null,"Value":537},{"Length":2,"Height":11,"Demand":1,"DemandMax":null,"Value":22},{"Length":14,"Height":85,"Demand":1,"DemandMax":null,"Value":1190},{"Length":92,"Height":29,"Demand":1,"DemandMax":null,"Value":2668},{"Length":34,"Height":13,"Demand":1,"DemandMax":null,"Value":442},{"Length":8,"Height":3,"Demand":1,"DemandMax":null,"Value":24},{"Length":41,"Height":61,"Demand":1,"DemandMax":null,"Value":2501},{"Length":21,"Height":26,"Demand":1,"DemandMax":null,"Value":546},{"Length":166,"Height":16,"Demand":1,"DemandMax":null,"Value":2656},{"Length":196,"Height":265,"Demand":1,"DemandMax":null,"Value":51940},{"Length":213,"Height":271,"Demand":1,"DemandMax":null,"Value":57723},{"Length":221,"Height":39,"Demand":1,"DemandMax":null,"Value":8619},{"Length":222,"Height":262,"Demand":1,"DemandMax":null,"Value":58164},{"Length":271,"Height":10,"Demand":1,"DemandMax":null,"Value":2710},{"Length":3,"Height":37,"Demand":1,"DemandMax":null,"Value":111},{"Length":41,"Height":64,"Demand":1,"DemandMax":null,"Value":2624},{"Length":3,"Height":8,"Demand":1,"DemandMax":null,"Value":24},{"Length":17,"Height":34,"Demand":1,"DemandMax":null,"Value":578},{"Length":36,"Height":161,"Demand":1,"DemandMax":null,"Value":5796},{"Length":72,"Height":10,"Demand":1,"DemandMax":null,"Value":720},{"Length":5,"Height":16,"Demand":1,"DemandMax":null,"Value":80},{"Length":49,"Height":106,"Demand":1,"DemandMax":null,"Value":5194},{"Length":271,"Height":177,"Demand":1,"DemandMax":null,"Value":47967},{"Length":263,"Height":2,"Demand":1,"DemandMax":null,"Value":526},{"Length":20,"Height":2,"Demand":1,"DemandMax":null,"Value":40},{"Length":13,"Height":66,"Demand":1,"DemandMax":null,"Value":858},{"Length":43,"Height":253,"Demand":1,"DemandMax":null,"Value":10879},{"Length":20,"Height":8,"Demand":1,"DemandMax":null,"Value":160},{"Length":55,"Height":30,"Demand":1,"DemandMax":null,"Value":1650},{"Length":12,"Height":29,"Demand":1,"DemandMax":null,"Value":348},{"Length":5,"Height":29,"Demand":1,"DemandMax":null,"Value":145},{"Length":17,"Height":99,"Demand":1,"DemandMax":null,"Value":1683},{"Length":14,"Height":179,"Demand":1,"DemandMax":null,"Value":2506},{"Length":7,"Height":238,"Demand":1,"DemandMax":null,"Value":1666},{"Length":3,"Height":1,"Demand":2,"DemandMax":null,"Value":3},{"Length":201,"Height":211,"Demand":1,"DemandMax":null,"Value":42411},{"Length":92,"Height":43,"Demand":1,"DemandMax":null,"Value":3956},{"Length":3,"Height":10,"Demand":1,"DemandMax":null,"Value":30},{"Length":44,"Height":85,"Demand":1,"DemandMax":null,"Value":3740},{"Length":1,"Height":179,"Demand":1,"DemandMax":null,"Value":179},{"Length":21,"Height":143,"Demand":1,"DemandMax":null,"Value":3003},{"Length":158,"Height":20,"Demand":1,"DemandMax":null,"Value":3160},{"Length":259,"Height":5,"Demand":1,"DemandMax":null,"Value":1295},{"Length":34,"Height":48,"Demand":1,"DemandMax":null,"Value":1632},{"Length":57,"Height":253,"Demand":1,"DemandMax":null,"Value":14421},{"Length":226,"Height":176,"Demand":1,"DemandMax":null,"Value":39776},{"Length":46,"Height":29,"Demand":1,"DemandMax":null,"Value":1334},{"Length":139,"Height":66,"Demand":1,"DemandMax":null,"Value":9174}]}