{"Name":"Nice25i3b1","Objects":[{"Length":412,"Height":491,"Stock":4,"Cost":202292},{"Length":1000,"Height":509,"Stock":3,"Cost":509000},{"Length":588,"Height":491,"Stock":6,"Cost":288708}],"Items":[{"Length":412,"Height":115,"Demand":1,"DemandMax":null,"Value":47380},{"Length":116,"Height":250,"Demand":1,"DemandMax":null,"Value":29000},{"Length":248,"Height":150,"Demand":1,"DemandMax":null,"Value":37200},{"Length":71,"Height":244,"Demand":1,"DemandMax":null,"Value":17324},{"Length":174,"Height":223,"Demand":1,"DemandMax":null,"Value":38802},{"Length":133,"Height":259,"Demand":1,"DemandMax":null,"Value":34447},{"Length":248,"Height":163,"Demand":1,"DemandMax":null,"Value":40424},{"Length":248,"Height":178,"Demand":1,"DemandMax":null,"Value":44144},{"Length":71,"Height":247,"Demand":1,"DemandMax":null,"Value":17537},{"Length":232,"Height":259,"Demand":1,"DemandMax":null,"Value":60088},{"Length":178,"Height":125,"Demand":1,"DemandMax":null,"Value":22250},{"Length":117,"Height":259,"Demand":1,"DemandMax":null,"Value":30303},{"Length":123,"Height":250,"Demand":1,"DemandMax":null,"Value":30750},{"Length":331,"Height":112,"Demand":1,"DemandMax":null,"Value":37072},{"Length":187,"Height":259,"Demand":1,"DemandMax":null,"Value":48433},{"Length":383,"Height":250,"Demand":1,"DemandMax":null,"Value":95750},{"Length":174,"Height":268,"Demand":1,"DemandMax":null,"Value":46632},{"Length":155,"Height":147,"Demand":1,"DemandMax":null,"Value":22785},{"Length":378,"Height":125,"Demand":1,"DemandMax":null,"Value":47250},{"Length":188,"Height":376,"Demand":1,"DemandMax":null,"Value":70688},{"Length":176,"Height":147,"Demand":1,"DemandMax":null,"Value":25872},{"Length":200,"Height":125,"Demand":1,"DemandMax":null,"Value":25000},{"Length":224,"Height":376,"Demand":1,"DemandMax":null,"Value":84224},{"Length":95,"Height":244,"Demand":1,"DemandMax":null,"Value":23180},{"Length":95,"Height":247,"Demand":1,"DemandMax":null,"Value":23465}]}