{"Name":"Path500i2b1","Objects":[{"Length":336,"Height":1000,"Stock":3,"Cost":336000},{"Length":664,"Height":1000,"Stock":3,"Cost":664000}],"Items":[{"Length":40,"Height":284,"Demand":1,"DemandMax":null,"Value":11360},{"Length":131,"Height":274,"Demand":1,"DemandMax":null,"Value":35894},{"Length":321,"Height":82,"Demand":1,"DemandMax":null,"Value":26322},{"Length":13,"Height":1,"Demand":3,"DemandMax":null,"Value":13},{"Length":10,"Height":1,"Demand":8,"DemandMax":null,"Value":10},{"Length":10,"Height":43,"Demand":1,"DemandMax":null,"Value":430},{"Length":336,"Height":319,"Demand":1,"DemandMax":null,"Value":107184},{"Length":1,"Height":36,"Demand":1,"DemandMax":null,"Value":36},{"Length":15,"Height":20,"Demand":1,"DemandMax":null,"Value":300},{"Length":330,"Height":157,"Demand":1,"DemandMax":null,"Value":51810},{"Length":12,"Height":73,"Demand":1,"DemandMax":null,"Value":876},{"Length":309,"Height":43,"Demand":1,"DemandMax":null,"Value":13287},{"Length":71,"Height":5,"Demand":1,"DemandMax":null,"Value":355},{"Length":101,"Height":11,"Demand":1,"DemandMax":null,"Value":1111},{"Length":5,"Height":3,"Demand":1,"DemandMax":null,"Value":15},{"Length":106,"Height":9,"Demand":1,"DemandMax":null,"Value":954},{"Length":6,"Height":9,"Demand":2,"DemandMax":null,"Value":54},{"Length":86,"Height":104,"Demand":1,"DemandMax":null,"Value":8944},{"Length":20,"Height":249,"Demand":1,"DemandMax":null,"Value":4980},{"Length":79,"Height":27,"Demand":1,"DemandMax":null,"Value":2133},{"Length":65,"Height":7,"Demand":1,"DemandMax":null,"Value":455},{"Length":277,"Height":5,"Demand":1,"DemandMax":null,"Value":1385},{"Length":27,"Height":133,"Demand":1,"DemandMax":null,"Value":3591},{"Length":1,"Height":1,"Demand":48,"DemandMax":null,"Value":1},{"Length":4,"Height":224,"Demand":1,"DemandMax":null,"Value":896},{"Length":24,"Height":1,"Demand":1,"DemandMax":null,"Value":24},{"Length":23,"Height":1,"Demand":2,"DemandMax":null,"Value":23},{"Length":185,"Height":245,"Demand":1,"DemandMax":null,"Value":45325},{"Length":40,"Height":1,"Demand":1,"DemandMax":null,"Value":40},{"Length":329,"Height":196,"Demand":1,"DemandMax":null,"Value":64484},{"Length":79,"Height":8,"Demand":1,"DemandMax":null,"Value":632},{"Length":33,"Height":3,"Demand":1,"DemandMax":null,"Value":99},{"Length":19,"Height":72,"Demand":1,"DemandMax":null,"Value":1368},{"Length":5,"Height":8,"Demand":1,"DemandMax":null,"Value":40},{"Length":155,"Height":27,"Demand":1,"DemandMax":null,"Value":4185},{"Length":51,"Height":5,"Demand":1,"DemandMax":null,"Value":255},{"Length":38,"Height":133,"Demand":1,"DemandMax":null,"Value":5054},{"Length":33,"Height":13,"Demand":1,"DemandMax":null,"Value":429},{"Length":3,"Height":79,"Demand":1,"DemandMax":null,"Value":237},{"Length":8,"Height":5,"Demand":3,"DemandMax":null,"Value":40},{"Length":68,"Height":9,"Demand":1,"DemandMax":null,"Value":612},{"Length":329,"Height":29,"Demand":1,"DemandMax":null,"Value":9541},{"Length":112,"Height":1,"Demand":1,"DemandMax":null,"Value":112},{"Length":120,"Height":50,"Demand":1,"DemandMax":null,"Value":6000},{"Length":100,"Height":1,"Demand":1,"DemandMax":null,"Value":100},{"Length":292,"Height":1,"Demand":2,"DemandMax":null,"Value":292},{"Length":34,"Height":64,"Demand":2,"DemandMax":null,"Value":2176},{"Length":79,"Height":7,"Demand":2,"DemandMax":null,"Value":553},{"Length":16,"Height":10,"Demand":1,"DemandMax":null,"Value":160},{"Length":14,"Height":1,"Demand":6,"DemandMax":null,"Value":14},{"Length":203,"Height":92,"Demand":1,"DemandMax":null,"Value":18676},{"Length":64,"Height":9,"Demand":1,"DemandMax":null,"Value":576},{"Length":132,"Height":32,"Demand":1,"DemandMax":null,"Value":4224},{"Length":12,"Height":9,"Demand":1,"DemandMax":null,"Value":108},{"Length":13,"Height":79,"Demand":1,"DemandMax":null,"Value":1027},{"Length":263,"Height":1,"Demand":1,"DemandMax":null,"Value":263},{"Length":22,"Height":78,"Demand":1,"DemandMax":null,"Value":1716},{"Length":8,"Height":84,"Demand":1,"DemandMax":null,"Value":672},{"Length":2,"Height":1,"Demand":14,"DemandMax":null,"Value":2},{"Length":191,"Height":43,"Demand":1,"DemandMax":null,"Value":8213},{"Length":4,"Height":1,"Demand":6,"DemandMax":null,"Value":4},{"Length":43,"Height":51,"Demand":1,"DemandMax":null,"Value":2193},{"Length":29,"Height":2,"Demand":1,"DemandMax":null,"Value":58},{"Length":17,"Height":6,"Demand":1,"DemandMax":null,"Value":102},{"Length":23,"Height":13,"Demand":1,"DemandMax":null,"Value":299},{"Length":42,"Height":2,"Demand":1,"DemandMax":null,"Value":84},{"Length":8,"Height":2,"Demand":1,"DemandMax":null,"Value":16},{"Length":33,"Height":7,"Demand":1,"DemandMax":null,"Value":231},{"Length":27,"Height":9,"Demand":1,"DemandMax":null,"Value":243},{"Length":12,"Height":224,"Demand":1,"DemandMax":null,"Value":2688},{"Length":71,"Height":78,"Demand":1,"DemandMax":null,"Value":5538},{"Length":15,"Height":3,"Demand":1,"DemandMax":null,"Value":45},{"Length":86,"Height":39,"Demand":1,"DemandMax":null,"Value":3354},{"Length":204,"Height":1,"Demand":1,"DemandMax":null,"Value":204},{"Length":33,"Height":101,"Demand":1,"DemandMax":null,"Value":3333},{"Length":28,"Height":33,"Demand":1,"DemandMax":null,"Value":924},{"Length":18,"Height":2,"Demand":2,"DemandMax":null,"Value":36},{"Length":5,"Height":46,"Demand":1,"DemandMax":null,"Value":230},{"Length":259,"Height":36,"Demand":1,"DemandMax":null,"Value":9324},{"Length":7,"Height":73,"Demand":1,"DemandMax":null,"Value":511},{"Length":44,"Height":9,"Demand":1,"DemandMax":null,"Value":396},{"Length":6,"Height":224,"Demand":1,"DemandMax":null,"Value":1344},{"Length":43,"Height":49,"Demand":1,"DemandMax":null,"Value":2107},{"Length":1,"Height":284,"Demand":1,"DemandMax":null,"Value":284},{"Length":12,"Height":34,"Demand":2,"DemandMax":null,"Value":408},{"Length":191,"Height":30,"Demand":1,"DemandMax":null,"Value":5730},{"Length":20,"Height":1,"Demand":3,"DemandMax":null,"Value":20},{"Length":38,"Height":4,"Demand":1,"DemandMax":null,"Value":152},{"Length":215,"Height":1,"Demand":2,"DemandMax":null,"Value":215},{"Length":41,"Height":13,"Demand":1,"DemandMax":null,"Value":533},{"Length":67,"Height":3,"Demand":1,"DemandMax":null,"Value":201},{"Length":65,"Height":3,"Demand":1,"DemandMax":null,"Value":195},{"Length":2,"Height":23,"Demand":1,"DemandMax":null,"Value":46},{"Length":42,"Height":5,"Demand":1,"DemandMax":null,"Value":210},{"Length":173,"Height":1,"Demand":1,"DemandMax":null,"Value":173},{"Length":11,"Height":131,"Demand":1,"DemandMax":null,"Value":1441},{"Length":3,"Height":9,"Demand":1,"DemandMax":null,"Value":27},{"Length":13,"Height":131,"Demand":1,"DemandMax":null,"Value":1703},{"Length":120,"Height":27,"Demand":1,"DemandMax":null,"Value":3240},{"Length":7,"Height":2,"Demand":3,"DemandMax":null,"Value":14},{"Length":8,"Height":1,"Demand":4,"DemandMax":null,"Value":8},{"Length":34,"Height":22,"Demand":1,"DemandMax":null,"Value":748},{"Length":129,"Height":60,"Demand":1,"DemandMax":null,"Value":7740},{"Length":34,"Height":4,"Demand":1,"DemandMax":null,"Value":136},{"Length":6,"Height":11,"Demand":1,"DemandMax":null,"Value":66},{"Length":3,"Height":43,"Demand":1,"DemandMax":null,"Value":129},{"Length":4,"Height":3,"Demand":1,"DemandMax":null,"Value":12},{"Length":129,"Height":21,"Demand":1,"DemandMax":null,"Value":2709},{"Length":155,"Height":2,"Demand":2,"DemandMax":null,"Value":310},{"Length":130,"Height":249,"Demand":1,"DemandMax":null,"Value":32370},{"Length":1,"Height":224,"Demand":1,"DemandMax":null,"Value":224},{"Length":122,"Height":16,"Demand":1,"DemandMax":null,"Value":1952},{"Length":40,"Height":5,"Demand":1,"DemandMax":null,"Value":200},{"Length":21,"Height":1,"Demand":4,"DemandMax":null,"Value":21},{"Length":1,"Height":50,"Demand":2,"DemandMax":null,"Value":50},{"Length":26,"Height":51,"Demand":1,"DemandMax":null,"Value":1326},{"Length":171,"Height":6,"Demand":1,"DemandMax":null,"Value":1026},{"Length":4,"Height":117,"Demand":1,"DemandMax":null,"Value":468},{"Length":2,"Height":131,"Demand":4,"DemandMax":null,"Value":262},{"Length":1,"Height":6,"Demand":2,"DemandMax":null,"Value":6},{"Length":202,"Height":22,"Demand":1,"DemandMax":null,"Value":4444},{"Length":4,"Height":11,"Demand":2,"DemandMax":null,"Value":44},{"Length":17,"Height":1,"Demand":4,"DemandMax":null,"Value":17},{"Length":3,"Height":34,"Demand":1,"DemandMax":null,"Value":102},{"Length":7,"Height":1,"Demand":5,"DemandMax":null,"Value":7},{"Length":5,"Height":1,"Demand":5,"DemandMax":null,"Value":5},{"Length":1,"Height":2,"Demand":4,"DemandMax":null,"Value":2},{"Length":80,"Height":1,"Demand":1,"DemandMax":null,"Value":80},{"Length":1,"Height":78,"Demand":1,"DemandMax":null,"Value":78},{"Length":81,"Height":117,"Demand":1,"DemandMax":null,"Value":9477},{"Length":99,"Height":152,"Demand":1,"DemandMax":null,"Value":15048},{"Length":6,"Height":2,"Demand":1,"DemandMax":null,"Value":12},{"Length":37,"Height":14,"Demand":1,"DemandMax":null,"Value":518},{"Length":33,"Height":2,"Demand":2,"DemandMax":null,"Value":66},{"Length":13,"Height":29,"Demand":1,"DemandMax":null,"Value":377},{"Length":1,"Height":54,"Demand":1,"DemandMax":null,"Value":54},{"Length":6,"Height":117,"Demand":1,"DemandMax":null,"Value":702},{"Length":78,"Height":9,"Demand":1,"DemandMax":null,"Value":702},{"Length":4,"Height":131,"Demand":2,"DemandMax":null,"Value":524},{"Length":1,"Height":107,"Demand":1,"DemandMax":null,"Value":107},{"Length":2,"Height":63,"Demand":1,"DemandMax":null,"Value":126},{"Length":3,"Height":1,"Demand":6,"DemandMax":null,"Value":3},{"Length":80,"Height":3,"Demand":1,"DemandMax":null,"Value":240},{"Length":4,"Height":7,"Demand":2,"DemandMax":null,"Value":28},{"Length":10,"Height":71,"Demand":1,"DemandMax":null,"Value":710},{"Length":18,"Height":81,"Demand":1,"DemandMax":null,"Value":1458},{"Length":63,"Height":152,"Demand":1,"DemandMax":null,"Value":9576},{"Length":28,"Height":53,"Demand":1,"DemandMax":null,"Value":1484},{"Length":24,"Height":53,"Demand":1,"DemandMax":null,"Value":1272},{"Length":270,"Height":1,"Demand":1,"DemandMax":null,"Value":270},{"Length":26,"Height":13,"Demand":1,"DemandMax":null,"Value":338},{"Length":25,"Height":1,"Demand":1,"DemandMax":null,"Value":25},{"Length":16,"Height":2,"Demand":1,"DemandMax":null,"Value":32},{"Length":143,"Height":76,"Demand":1,"DemandMax":null,"Value":10868},{"Length":95,"Height":3,"Demand":1,"DemandMax":null,"Value":285},{"Length":2,"Height":4,"Demand":1,"DemandMax":null,"Value":8},{"Length":22,"Height":1,"Demand":4,"DemandMax":null,"Value":22},{"Length":43,"Height":3,"Demand":1,"DemandMax":null,"Value":129},{"Length":44,"Height":3,"Demand":1,"DemandMax":null,"Value":132},{"Length":55,"Height":67,"Demand":1,"DemandMax":null,"Value":3685},{"Length":6,"Height":79,"Demand":1,"DemandMax":null,"Value":474},{"Length":1,"Height":3,"Demand":3,"DemandMax":null,"Value":3},{"Length":19,"Height":12,"Demand":1,"DemandMax":null,"Value":228},{"Length":8,"Height":4,"Demand":1,"DemandMax":null,"Value":32},{"Length":13,"Height":84,"Demand":1,"DemandMax":null,"Value":1092},{"Length":52,"Height":1,"Demand":1,"DemandMax":null,"Value":52},{"Length":20,"Height":3,"Demand":1,"DemandMax":null,"Value":60},{"Length":51,"Height":158,"Demand":1,"DemandMax":null,"Value":8058},{"Length":10,"Height":16,"Demand":1,"DemandMax":null,"Value":160},{"Length":28,"Height":2,"Demand":1,"DemandMax":null,"Value":56},{"Length":136,"Height":64,"Demand":1,"DemandMax":null,"Value":8704},{"Length":118,"Height":11,"Demand":1,"DemandMax":null,"Value":1298},{"Length":43,"Height":22,"Demand":1,"DemandMax":null,"Value":946},{"Length":72,"Height":213,"Demand":1,"DemandMax":null,"Value":15336},{"Length":18,"Height":7,"Demand":1,"DemandMax":null,"Value":126},{"Length":38,"Height":14,"Demand":1,"DemandMax":null,"Value":532},{"Length":175,"Height":5,"Demand":1,"DemandMax":null,"Value":875},{"Length":72,"Height":10,"Demand":1,"DemandMax":null,"Value":720},{"Length":9,"Height":2,"Demand":1,"DemandMax":null,"Value":18},{"Length":39,"Height":23,"Demand":1,"DemandMax":null,"Value":897},{"Length":1,"Height":12,"Demand":4,"DemandMax":null,"Value":12},{"Length":56,"Height":1,"Demand":2,"DemandMax":null,"Value":56},{"Length":194,"Height":75,"Demand":1,"DemandMax":null,"Value":14550},{"Length":13,"Height":3,"Demand":1,"DemandMax":null,"Value":39},{"Length":167,"Height":1,"Demand":1,"DemandMax":null,"Value":167},{"Length":29,"Height":12,"Demand":1,"DemandMax":null,"Value":348},{"Length":76,"Height":26,"Demand":1,"DemandMax":null,"Value":1976},{"Length":9,"Height":9,"Demand":2,"DemandMax":null,"Value":81},{"Length":9,"Height":11,"Demand":1,"DemandMax":null,"Value":99},{"Length":21,"Height":9,"Demand":1,"DemandMax":null,"Value":189},{"Length":51,"Height":126,"Demand":1,"DemandMax":null,"Value":6426},{"Length":61,"Height":84,"Demand":1,"DemandMax":null,"Value":5124},{"Length":70,"Height":1,"Demand":1,"DemandMax":null,"Value":70},{"Length":176,"Height":3,"Demand":1,"DemandMax":null,"Value":528},{"Length":44,"Height":61,"Demand":1,"DemandMax":null,"Value":2684},{"Length":24,"Height":115,"Demand":1,"DemandMax":null,"Value":2760},{"Length":29,"Height":133,"Demand":1,"DemandMax":null,"Value":3857},{"Length":4,"Height":26,"Demand":1,"DemandMax":null,"Value":104},{"Length":6,"Height":5,"Demand":3,"DemandMax":null,"Value":30},{"Length":45,"Height":23,"Demand":1,"DemandMax":null,"Value":1035},{"Length":45,"Height":14,"Demand":1,"DemandMax":null,"Value":630},{"Length":41,"Height":59,"Demand":1,"DemandMax":null,"Value":2419},{"Length":12,"Height":30,"Demand":1,"DemandMax":null,"Value":360},{"Length":79,"Height":3,"Demand":1,"DemandMax":null,"Value":237},{"Length":14,"Height":133,"Demand":1,"DemandMax":null,"Value":1862},{"Length":54,"Height":74,"Demand":1,"DemandMax":null,"Value":3996},{"Length":11,"Height":1,"Demand":2,"DemandMax":null,"Value":11},{"Length":1,"Height":35,"Demand":1,"DemandMax":null,"Value":35},{"Length":33,"Height":11,"Demand":1,"DemandMax":null,"Value":363},{"Length":19,"Height":117,"Demand":1,"DemandMax":null,"Value":2223},{"Length":215,"Height":8,"Demand":1,"DemandMax":null,"Value":1720},{"Length":47,"Height":1,"Demand":1,"DemandMax":null,"Value":47},{"Length":57,"Height":11,"Demand":1,"DemandMax":null,"Value":627},{"Length":33,"Height":8,"Demand":1,"DemandMax":null,"Value":264},{"Length":45,"Height":8,"Demand":1,"DemandMax":null,"Value":360},{"Length":37,"Height":1,"Demand":1,"DemandMax":null,"Value":37},{"Length":3,"Height":45,"Demand":1,"DemandMax":null,"Value":135},{"Length":18,"Height":1,"Demand":2,"DemandMax":null,"Value":18},{"Length":10,"Height":3,"Demand":1,"DemandMax":null,"Value":30},{"Length":12,"Height":76,"Demand":1,"DemandMax":null,"Value":912},{"Length":18,"Height":5,"Demand":1,"DemandMax":null,"Value":90},{"Length":8,"Height":82,"Demand":1,"DemandMax":null,"Value":656},{"Length":91,"Height":2,"Demand":1,"DemandMax":null,"Value":182},{"Length":65,"Height":86,"Demand":1,"DemandMax":null,"Value":5590},{"Length":3,"Height":28,"Demand":1,"DemandMax":null,"Value":84},{"Length":194,"Height":4,"Demand":1,"DemandMax":null,"Value":776},{"Length":2,"Height":7,"Demand":1,"DemandMax":null,"Value":14},{"Length":9,"Height":1,"Demand":3,"DemandMax":null,"Value":9},{"Length":61,"Height":1,"Demand":1,"DemandMax":null,"Value":61},{"Length":50,"Height":22,"Demand":1,"DemandMax":null,"Value":1100},{"Length":242,"Height":9,"Demand":1,"DemandMax":null,"Value":2178},{"Length":9,"Height":87,"Demand":1,"DemandMax":null,"Value":783},{"Length":67,"Height":5,"Demand":1,"DemandMax":null,"Value":335},{"Length":27,"Height":78,"Demand":1,"DemandMax":null,"Value":2106},{"Length":292,"Height":2,"Demand":1,"DemandMax":null,"Value":584},{"Length":79,"Height":1,"Demand":2,"DemandMax":null,"Value":79},{"Length":65,"Height":6,"Demand":1,"DemandMax":null,"Value":390},{"Length":116,"Height":32,"Demand":1,"DemandMax":null,"Value":3712},{"Length":7,"Height":3,"Demand":1,"DemandMax":null,"Value":21},{"Length":72,"Height":22,"Demand":1,"DemandMax":null,"Value":1584},{"Length":35,"Height":13,"Demand":1,"DemandMax":null,"Value":455},{"Length":53,"Height":284,"Demand":1,"DemandMax":null,"Value":15052},{"Length":14,"Height":117,"Demand":1,"DemandMax":null,"Value":1638},{"Length":68,"Height":49,"Demand":1,"DemandMax":null,"Value":3332},{"Length":10,"Height":6,"Demand":1,"DemandMax":null,"Value":60},{"Length":59,"Height":33,"Demand":1,"DemandMax":null,"Value":1947},{"Length":9,"Height":61,"Demand":1,"DemandMax":null,"Value":549},{"Length":12,"Height":14,"Demand":1,"DemandMax":null,"Value":168},{"Length":2,"Height":9,"Demand":1,"DemandMax":null,"Value":18},{"Length":7,"Height":133,"Demand":1,"DemandMax":null,"Value":931},{"Length":38,"Height":2,"Demand":1,"DemandMax":null,"Value":76},{"Length":122,"Height":4,"Demand":1,"DemandMax":null,"Value":488},{"Length":257,"Height":8,"Demand":1,"DemandMax":null,"Value":2056},{"Length":1,"Height":5,"Demand":2,"DemandMax":null,"Value":5},{"Length":6,"Height":33,"Demand":1,"DemandMax":null,"Value":198},{"Length":79,"Height":14,"Demand":1,"DemandMax":null,"Value":1106},{"Length":8,"Height":8,"Demand":1,"DemandMax":null,"Value":64},{"Length":1,"Height":51,"Demand":1,"DemandMax":null,"Value":51},{"Length":91,"Height":4,"Demand":1,"DemandMax":null,"Value":364},{"Length":8,"Height":245,"Demand":1,"DemandMax":null,"Value":1960},{"Length":79,"Height":5,"Demand":1,"DemandMax":null,"Value":395},{"Length":194,"Height":5,"Demand":1,"DemandMax":null,"Value":970},{"Length":6,"Height":1,"Demand":2,"DemandMax":null,"Value":6},{"Length":43,"Height":284,"Demand":1,"DemandMax":null,"Value":12212},{"Length":32,"Height":1,"Demand":1,"DemandMax":null,"Value":32},{"Length":263,"Height":3,"Demand":1,"DemandMax":null,"Value":789},{"Length":33,"Height":1,"Demand":1,"DemandMax":null,"Value":33},{"Length":14,"Height":2,"Demand":1,"DemandMax":null,"Value":28},{"Length":2,"Height":21,"Demand":1,"DemandMax":null,"Value":42},{"Length":308,"Height":19,"Demand":1,"DemandMax":null,"Value":5852},{"Length":14,"Height":3,"Demand":2,"DemandMax":null,"Value":42},{"Length":4,"Height":23,"Demand":1,"DemandMax":null,"Value":92},{"Length":309,"Height":140,"Demand":1,"DemandMax":null,"Value":43260},{"Length":37,"Height":15,"Demand":1,"DemandMax":null,"Value":555},{"Length":15,"Height":1,"Demand":1,"DemandMax":null,"Value":15},{"Length":12,"Height":1,"Demand":1,"DemandMax":null,"Value":12},{"Length":52,"Height":14,"Demand":1,"DemandMax":null,"Value":728},{"Length":2,"Height":15,"Demand":2,"DemandMax":null,"Value":30},{"Length":75,"Height":249,"Demand":1,"DemandMax":null,"Value":18675},{"Length":4,"Height":2,"Demand":1,"DemandMax":null,"Value":8},{"Length":5,"Height":7,"Demand":1,"DemandMax":null,"Value":35},{"Length":19,"Height":1,"Demand":1,"DemandMax":null,"Value":19},{"Length":14,"Height":4,"Demand":2,"DemandMax":null,"Value":56},{"Length":4,"Height":9,"Demand":1,"DemandMax":null,"Value":36},{"Length":34,"Height":2,"Demand":1,"DemandMax":null,"Value":68},{"Length":1,"Height":46,"Demand":1,"DemandMax":null,"Value":46},{"Length":155,"Height":1,"Demand":1,"DemandMax":null,"Value":155},{"Length":54,"Height":171,"Demand":1,"DemandMax":null,"Value":9234},{"Length":7,"Height":10,"Demand":1,"DemandMax":null,"Value":70},{"Length":23,"Height":4,"Demand":2,"DemandMax":null,"Value":92},{"Length":44,"Height":40,"Demand":1,"DemandMax":null,"Value":1760},{"Length":120,"Height":3,"Demand":1,"DemandMax":null,"Value":360},{"Length":3,"Height":56,"Demand":1,"DemandMax":null,"Value":168},{"Length":44,"Height":1,"Demand":1,"DemandMax":null,"Value":44},{"Length":39,"Height":1,"Demand":1,"DemandMax":null,"Value":39},{"Length":10,"Height":245,"Demand":1,"DemandMax":null,"Value":2450},{"Length":63,"Height":1,"Demand":1,"DemandMax":null,"Value":63},{"Length":85,"Height":7,"Demand":1,"DemandMax":null,"Value":595},{"Length":42,"Height":12,"Demand":1,"DemandMax":null,"Value":504},{"Length":1,"Height":42,"Demand":1,"DemandMax":null,"Value":42},{"Length":21,"Height":43,"Demand":1,"DemandMax":null,"Value":903},{"Length":46,"Height":1,"Demand":1,"DemandMax":null,"Value":46},{"Length":22,"Height":27,"Demand":1,"DemandMax":null,"Value":594},{"Length":3,"Height":145,"Demand":1,"DemandMax":null,"Value":435},{"Length":1,"Height":32,"Demand":1,"DemandMax":null,"Value":32},{"Length":43,"Height":34,"Demand":1,"DemandMax":null,"Value":1462},{"Length":336,"Height":300,"Demand":1,"DemandMax":null,"Value":100800},{"Length":5,"Height":81,"Demand":1,"DemandMax":null,"Value":405},{"Length":4,"Height":15,"Demand":1,"DemandMax":null,"Value":60},{"Length":42,"Height":1,"Demand":1,"DemandMax":null,"Value":42},{"Length":59,"Height":1,"Demand":1,"DemandMax":null,"Value":59},{"Length":1,"Height":251,"Demand":1,"DemandMax":null,"Value":251},{"Length":4,"Height":43,"Demand":1,"DemandMax":null,"Value":172},{"Length":1,"Height":30,"Demand":1,"DemandMax":null,"Value":30},{"Length":35,"Height":48,"Demand":1,"DemandMax":null,"Value":1680},{"Length":20,"Height":93,"Demand":1,"DemandMax":null,"Value":1860},{"Length":1,"Height":131,"Demand":1,"DemandMax":null,"Value":131},{"Length":5,"Height":131,"Demand":1,"DemandMax":null,"Value":655},{"Length":17,"Height":133,"Demand":1,"DemandMax":null,"Value":2261},{"Length":242,"Height":4,"Demand":1,"DemandMax":null,"Value":968},{"Length":79,"Height":19,"Demand":1,"DemandMax":null,"Value":1501},{"Length":37,"Height":9,"Demand":1,"DemandMax":null,"Value":333},{"Length":27,"Height":158,"Demand":1,"DemandMax":null,"Value":4266},{"Length":45,"Height":2,"Demand":1,"DemandMax":null,"Value":90},{"Length":15,"Height":29,"Demand":1,"DemandMax":null,"Value":435},{"Length":140,"Height":1,"Demand":1,"DemandMax":null,"Value":140},{"Length":15,"Height":117,"Demand":1,"DemandMax":null,"Value":1755},{"Length":40,"Height":15,"Demand":1,"DemandMax":null,"Value":600},{"Length":3,"Height":46,"Demand":1,"DemandMax":null,"Value":138},{"Length":10,"Height":46,"Demand":1,"DemandMax":null,"Value":460},{"Length":202,"Height":1,"Demand":1,"DemandMax":null,"Value":202},{"Length":66,"Height":1,"Demand":1,"DemandMax":null,"Value":66},{"Length":176,"Height":8,"Demand":1,"DemandMax":null,"Value":1408},{"Length":14,"Height":59,"Demand":1,"DemandMax":null,"Value":826},{"Length":4,"Height":50,"Demand":1,"DemandMax":null,"Value":200},{"Length":3,"Height":10,"Demand":1,"DemandMax":null,"Value":30},{"Length":57,"Height":32,"Demand":1,"DemandMax":null,"Value":1824},{"Length":10,"Height":74,"Demand":1,"DemandMax":null,"Value":740},{"Length":1,"Height":27,"Demand":1,"DemandMax":null,"Value":27},{"Length":1,"Height":73,"Demand":1,"DemandMax":null,"Value":73},{"Length":34,"Height":3,"Demand":1,"DemandMax":null,"Value":102},{"Length":76,"Height":1,"Demand":1,"DemandMax":null,"Value":76},{"Length":29,"Height":5,"Demand":1,"DemandMax":null,"Value":145},{"Length":41,"Height":152,"Demand":1,"DemandMax":null,"Value":6232},{"Length":1,"Height":18,"Demand":1,"DemandMax":null,"Value":18},{"Length":5,"Height":32,"Demand":1,"DemandMax":null,"Value":160},{"Length":31,"Height":1,"Demand":1,"DemandMax":null,"Value":31},{"Length":7,"Height":93,"Demand":1,"DemandMax":null,"Value":651},{"Length":18,"Height":49,"Demand":1,"DemandMax":null,"Value":882}]}