{"Name":"Path400i3b1","Objects":[{"Length":1000,"Height":469,"Stock":2,"Cost":469000},{"Length":678,"Height":531,"Stock":5,"Cost":360018},{"Length":322,"Height":531,"Stock":5,"Cost":170982}],"Items":[{"Length":172,"Height":2,"Demand":1,"DemandMax":null,"Value":344},{"Length":54,"Height":217,"Demand":1,"DemandMax":null,"Value":11718},{"Length":17,"Height":234,"Demand":1,"DemandMax":null,"Value":3978},{"Length":31,"Height":70,"Demand":1,"DemandMax":null,"Value":2170},{"Length":206,"Height":90,"Demand":1,"DemandMax":null,"Value":18540},{"Length":211,"Height":13,"Demand":1,"DemandMax":null,"Value":2743},{"Length":25,"Height":1,"Demand":3,"DemandMax":null,"Value":25},{"Length":116,"Height":216,"Demand":1,"DemandMax":null,"Value":25056},{"Length":39,"Height":23,"Demand":1,"DemandMax":null,"Value":897},{"Length":4,"Height":39,"Demand":1,"DemandMax":null,"Value":156},{"Length":4,"Height":89,"Demand":1,"DemandMax":null,"Value":356},{"Length":292,"Height":17,"Demand":1,"DemandMax":null,"Value":4964},{"Length":224,"Height":57,"Demand":1,"DemandMax":null,"Value":12768},{"Length":6,"Height":15,"Demand":1,"DemandMax":null,"Value":90},{"Length":15,"Height":43,"Demand":1,"DemandMax":null,"Value":645},{"Length":110,"Height":1,"Demand":1,"DemandMax":null,"Value":110},{"Length":39,"Height":2,"Demand":2,"DemandMax":null,"Value":78},{"Length":29,"Height":150,"Demand":1,"DemandMax":null,"Value":4350},{"Length":34,"Height":3,"Demand":1,"DemandMax":null,"Value":102},{"Length":16,"Height":6,"Demand":1,"DemandMax":null,"Value":96},{"Length":39,"Height":89,"Demand":1,"DemandMax":null,"Value":3471},{"Length":1,"Height":1,"Demand":30,"DemandMax":null,"Value":1},{"Length":41,"Height":280,"Demand":1,"DemandMax":null,"Value":11480},{"Length":14,"Height":34,"Demand":1,"DemandMax":null,"Value":476},{"Length":41,"Height":37,"Demand":1,"DemandMax":null,"Value":1517},{"Length":5,"Height":140,"Demand":1,"DemandMax":null,"Value":700},{"Length":224,"Height":54,"Demand":1,"DemandMax":null,"Value":12096},{"Length":3,"Height":196,"Demand":1,"DemandMax":null,"Value":588},{"Length":12,"Height":4,"Demand":1,"DemandMax":null,"Value":48},{"Length":27,"Height":4,"Demand":1,"DemandMax":null,"Value":108},{"Length":18,"Height":39,"Demand":1,"DemandMax":null,"Value":702},{"Length":224,"Height":5,"Demand":1,"DemandMax":null,"Value":1120},{"Length":125,"Height":26,"Demand":1,"DemandMax":null,"Value":3250},{"Length":82,"Height":105,"Demand":1,"DemandMax":null,"Value":8610},{"Length":2,"Height":147,"Demand":1,"DemandMax":null,"Value":294},{"Length":174,"Height":6,"Demand":1,"DemandMax":null,"Value":1044},{"Length":37,"Height":130,"Demand":1,"DemandMax":null,"Value":4810},{"Length":124,"Height":153,"Demand":1,"DemandMax":null,"Value":18972},{"Length":50,"Height":78,"Demand":1,"DemandMax":null,"Value":3900},{"Length":41,"Height":7,"Demand":1,"DemandMax":null,"Value":287},{"Length":21,"Height":1,"Demand":1,"DemandMax":null,"Value":21},{"Length":1,"Height":15,"Demand":1,"DemandMax":null,"Value":15},{"Length":1,"Height":21,"Demand":2,"DemandMax":null,"Value":21},{"Length":24,"Height":28,"Demand":1,"DemandMax":null,"Value":672},{"Length":5,"Height":27,"Demand":1,"DemandMax":null,"Value":135},{"Length":72,"Height":100,"Demand":1,"DemandMax":null,"Value":7200},{"Length":10,"Height":43,"Demand":1,"DemandMax":null,"Value":430},{"Length":130,"Height":2,"Demand":2,"DemandMax":null,"Value":260},{"Length":38,"Height":33,"Demand":1,"DemandMax":null,"Value":1254},{"Length":74,"Height":5,"Demand":1,"DemandMax":null,"Value":370},{"Length":27,"Height":167,"Demand":1,"DemandMax":null,"Value":4509},{"Length":42,"Height":1,"Demand":1,"DemandMax":null,"Value":42},{"Length":115,"Height":217,"Demand":1,"DemandMax":null,"Value":24955},{"Length":15,"Height":80,"Demand":1,"DemandMax":null,"Value":1200},{"Length":214,"Height":2,"Demand":1,"DemandMax":null,"Value":428},{"Length":18,"Height":9,"Demand":1,"DemandMax":null,"Value":162},{"Length":12,"Height":19,"Demand":1,"DemandMax":null,"Value":228},{"Length":1,"Height":2,"Demand":7,"DemandMax":null,"Value":2},{"Length":25,"Height":38,"Demand":1,"DemandMax":null,"Value":950},{"Length":32,"Height":111,"Demand":1,"DemandMax":null,"Value":3552},{"Length":57,"Height":281,"Demand":1,"DemandMax":null,"Value":16017},{"Length":109,"Height":234,"Demand":1,"DemandMax":null,"Value":25506},{"Length":12,"Height":9,"Demand":1,"DemandMax":null,"Value":108},{"Length":253,"Height":78,"Demand":1,"DemandMax":null,"Value":19734},{"Length":70,"Height":3,"Demand":2,"DemandMax":null,"Value":210},{"Length":3,"Height":34,"Demand":1,"DemandMax":null,"Value":102},{"Length":4,"Height":2,"Demand":1,"DemandMax":null,"Value":8},{"Length":61,"Height":100,"Demand":1,"DemandMax":null,"Value":6100},{"Length":16,"Height":83,"Demand":1,"DemandMax":null,"Value":1328},{"Length":1,"Height":4,"Demand":8,"DemandMax":null,"Value":4},{"Length":292,"Height":74,"Demand":1,"DemandMax":null,"Value":21608},{"Length":4,"Height":38,"Demand":1,"DemandMax":null,"Value":152},{"Length":64,"Height":75,"Demand":1,"DemandMax":null,"Value":4800},{"Length":48,"Height":182,"Demand":1,"DemandMax":null,"Value":8736},{"Length":6,"Height":5,"Demand":1,"DemandMax":null,"Value":30},{"Length":19,"Height":3,"Demand":1,"DemandMax":null,"Value":57},{"Length":4,"Height":137,"Demand":1,"DemandMax":null,"Value":548},{"Length":190,"Height":209,"Demand":1,"DemandMax":null,"Value":39710},{"Length":2,"Height":75,"Demand":1,"DemandMax":null,"Value":150},{"Length":224,"Height":2,"Demand":1,"DemandMax":null,"Value":448},{"Length":19,"Height":67,"Demand":1,"DemandMax":null,"Value":1273},{"Length":125,"Height":19,"Demand":1,"DemandMax":null,"Value":2375},{"Length":16,"Height":2,"Demand":2,"DemandMax":null,"Value":32},{"Length":2,"Height":4,"Demand":2,"DemandMax":null,"Value":8},{"Length":108,"Height":4,"Demand":1,"DemandMax":null,"Value":432},{"Length":10,"Height":80,"Demand":1,"DemandMax":null,"Value":800},{"Length":3,"Height":99,"Demand":1,"DemandMax":null,"Value":297},{"Length":135,"Height":16,"Demand":1,"DemandMax":null,"Value":2160},{"Length":8,"Height":216,"Demand":1,"DemandMax":null,"Value":1728},{"Length":34,"Height":48,"Demand":1,"DemandMax":null,"Value":1632},{"Length":3,"Height":1,"Demand":6,"DemandMax":null,"Value":3},{"Length":270,"Height":284,"Demand":1,"DemandMax":null,"Value":76680},{"Length":2,"Height":1,"Demand":3,"DemandMax":null,"Value":2},{"Length":84,"Height":61,"Demand":1,"DemandMax":null,"Value":5124},{"Length":13,"Height":1,"Demand":1,"DemandMax":null,"Value":13},{"Length":5,"Height":54,"Demand":1,"DemandMax":null,"Value":270},{"Length":102,"Height":82,"Demand":1,"DemandMax":null,"Value":8364},{"Length":310,"Height":314,"Demand":1,"DemandMax":null,"Value":97340},{"Length":10,"Height":124,"Demand":1,"DemandMax":null,"Value":1240},{"Length":83,"Height":92,"Demand":1,"DemandMax":null,"Value":7636},{"Length":1,"Height":75,"Demand":4,"DemandMax":null,"Value":75},{"Length":30,"Height":60,"Demand":1,"DemandMax":null,"Value":1800},{"Length":13,"Height":87,"Demand":1,"DemandMax":null,"Value":1131},{"Length":1,"Height":3,"Demand":2,"DemandMax":null,"Value":3},{"Length":130,"Height":25,"Demand":1,"DemandMax":null,"Value":3250},{"Length":21,"Height":51,"Demand":1,"DemandMax":null,"Value":1071},{"Length":39,"Height":22,"Demand":1,"DemandMax":null,"Value":858},{"Length":35,"Height":4,"Demand":1,"DemandMax":null,"Value":140},{"Length":70,"Height":4,"Demand":1,"DemandMax":null,"Value":280},{"Length":18,"Height":3,"Demand":1,"DemandMax":null,"Value":54},{"Length":15,"Height":45,"Demand":1,"DemandMax":null,"Value":675},{"Length":65,"Height":134,"Demand":1,"DemandMax":null,"Value":8710},{"Length":3,"Height":10,"Demand":1,"DemandMax":null,"Value":30},{"Length":16,"Height":5,"Demand":2,"DemandMax":null,"Value":80},{"Length":2,"Height":83,"Demand":2,"DemandMax":null,"Value":166},{"Length":130,"Height":21,"Demand":1,"DemandMax":null,"Value":2730},{"Length":31,"Height":4,"Demand":1,"DemandMax":null,"Value":124},{"Length":3,"Height":55,"Demand":1,"DemandMax":null,"Value":165},{"Length":16,"Height":95,"Demand":1,"DemandMax":null,"Value":1520},{"Length":214,"Height":77,"Demand":1,"DemandMax":null,"Value":16478},{"Length":13,"Height":20,"Demand":1,"DemandMax":null,"Value":260},{"Length":137,"Height":1,"Demand":1,"DemandMax":null,"Value":137},{"Length":47,"Height":203,"Demand":1,"DemandMax":null,"Value":9541},{"Length":43,"Height":70,"Demand":1,"DemandMax":null,"Value":3010},{"Length":68,"Height":23,"Demand":1,"DemandMax":null,"Value":1564},{"Length":130,"Height":146,"Demand":1,"DemandMax":null,"Value":18980},{"Length":35,"Height":20,"Demand":1,"DemandMax":null,"Value":700},{"Length":27,"Height":140,"Demand":2,"DemandMax":null,"Value":3780},{"Length":33,"Height":1,"Demand":1,"DemandMax":null,"Value":33},{"Length":170,"Height":111,"Demand":1,"DemandMax":null,"Value":18870},{"Length":15,"Height":73,"Demand":1,"DemandMax":null,"Value":1095},{"Length":310,"Height":10,"Demand":1,"DemandMax":null,"Value":3100},{"Length":7,"Height":55,"Demand":1,"DemandMax":null,"Value":385},{"Length":35,"Height":6,"Demand":1,"DemandMax":null,"Value":210},{"Length":59,"Height":24,"Demand":2,"DemandMax":null,"Value":1416},{"Length":2,"Height":32,"Demand":1,"DemandMax":null,"Value":64},{"Length":10,"Height":63,"Demand":1,"DemandMax":null,"Value":630},{"Length":12,"Height":16,"Demand":1,"DemandMax":null,"Value":192},{"Length":8,"Height":2,"Demand":1,"DemandMax":null,"Value":16},{"Length":16,"Height":56,"Demand":1,"DemandMax":null,"Value":896},{"Length":4,"Height":59,"Demand":1,"DemandMax":null,"Value":236},{"Length":61,"Height":16,"Demand":1,"DemandMax":null,"Value":976},{"Length":22,"Height":42,"Demand":1,"DemandMax":null,"Value":924},{"Length":13,"Height":100,"Demand":1,"DemandMax":null,"Value":1300},{"Length":88,"Height":100,"Demand":1,"DemandMax":null,"Value":8800},{"Length":132,"Height":1,"Demand":1,"DemandMax":null,"Value":132},{"Length":42,"Height":3,"Demand":1,"DemandMax":null,"Value":126},{"Length":10,"Height":4,"Demand":1,"DemandMax":null,"Value":40},{"Length":26,"Height":1,"Demand":1,"DemandMax":null,"Value":26},{"Length":42,"Height":25,"Demand":2,"DemandMax":null,"Value":1050},{"Length":14,"Height":15,"Demand":1,"DemandMax":null,"Value":210},{"Length":20,"Height":2,"Demand":2,"DemandMax":null,"Value":40},{"Length":4,"Height":43,"Demand":1,"DemandMax":null,"Value":172},{"Length":2,"Height":9,"Demand":1,"DemandMax":null,"Value":18},{"Length":14,"Height":60,"Demand":1,"DemandMax":null,"Value":840},{"Length":11,"Height":52,"Demand":1,"DemandMax":null,"Value":572},{"Length":3,"Height":33,"Demand":1,"DemandMax":null,"Value":99},{"Length":8,"Height":33,"Demand":1,"DemandMax":null,"Value":264},{"Length":57,"Height":10,"Demand":1,"DemandMax":null,"Value":570},{"Length":70,"Height":8,"Demand":1,"DemandMax":null,"Value":560},{"Length":1,"Height":30,"Demand":1,"DemandMax":null,"Value":30},{"Length":3,"Height":21,"Demand":2,"DemandMax":null,"Value":63},{"Length":26,"Height":216,"Demand":1,"DemandMax":null,"Value":5616},{"Length":12,"Height":132,"Demand":1,"DemandMax":null,"Value":1584},{"Length":19,"Height":234,"Demand":1,"DemandMax":null,"Value":4446},{"Length":4,"Height":34,"Demand":1,"DemandMax":null,"Value":136},{"Length":125,"Height":3,"Demand":1,"DemandMax":null,"Value":375},{"Length":38,"Height":1,"Demand":1,"DemandMax":null,"Value":38},{"Length":118,"Height":16,"Demand":1,"DemandMax":null,"Value":1888},{"Length":27,"Height":7,"Demand":1,"DemandMax":null,"Value":189},{"Length":8,"Height":45,"Demand":1,"DemandMax":null,"Value":360},{"Length":8,"Height":1,"Demand":1,"DemandMax":null,"Value":8},{"Length":8,"Height":37,"Demand":1,"DemandMax":null,"Value":296},{"Length":54,"Height":92,"Demand":1,"DemandMax":null,"Value":4968},{"Length":211,"Height":107,"Demand":1,"DemandMax":null,"Value":22577},{"Length":50,"Height":8,"Demand":1,"DemandMax":null,"Value":400},{"Length":6,"Height":3,"Demand":1,"DemandMax":null,"Value":18},{"Length":1,"Height":14,"Demand":1,"DemandMax":null,"Value":14},{"Length":8,"Height":24,"Demand":1,"DemandMax":null,"Value":192},{"Length":25,"Height":24,"Demand":1,"DemandMax":null,"Value":600},{"Length":23,"Height":35,"Demand":1,"DemandMax":null,"Value":805},{"Length":5,"Height":17,"Demand":1,"DemandMax":null,"Value":85},{"Length":154,"Height":60,"Demand":1,"DemandMax":null,"Value":9240},{"Length":80,"Height":2,"Demand":1,"DemandMax":null,"Value":160},{"Length":10,"Height":15,"Demand":1,"DemandMax":null,"Value":150},{"Length":1,"Height":10,"Demand":3,"DemandMax":null,"Value":10},{"Length":30,"Height":4,"Demand":1,"DemandMax":null,"Value":120},{"Length":23,"Height":111,"Demand":1,"DemandMax":null,"Value":2553},{"Length":21,"Height":2,"Demand":1,"DemandMax":null,"Value":42},{"Length":5,"Height":10,"Demand":2,"DemandMax":null,"Value":50},{"Length":24,"Height":15,"Demand":1,"DemandMax":null,"Value":360},{"Length":29,"Height":234,"Demand":1,"DemandMax":null,"Value":6786},{"Length":186,"Height":52,"Demand":1,"DemandMax":null,"Value":9672},{"Length":2,"Height":26,"Demand":1,"DemandMax":null,"Value":52},{"Length":1,"Height":216,"Demand":1,"DemandMax":null,"Value":216},{"Length":10,"Height":73,"Demand":1,"DemandMax":null,"Value":730},{"Length":42,"Height":222,"Demand":1,"DemandMax":null,"Value":9324},{"Length":16,"Height":3,"Demand":1,"DemandMax":null,"Value":48},{"Length":12,"Height":21,"Demand":1,"DemandMax":null,"Value":252},{"Length":8,"Height":9,"Demand":1,"DemandMax":null,"Value":72},{"Length":28,"Height":1,"Demand":1,"DemandMax":null,"Value":28},{"Length":5,"Height":59,"Demand":1,"DemandMax":null,"Value":295},{"Length":1,"Height":34,"Demand":2,"DemandMax":null,"Value":34},{"Length":172,"Height":4,"Demand":1,"DemandMax":null,"Value":688},{"Length":58,"Height":234,"Demand":1,"DemandMax":null,"Value":13572},{"Length":125,"Height":25,"Demand":1,"DemandMax":null,"Value":3125},{"Length":310,"Height":6,"Demand":1,"DemandMax":null,"Value":1860},{"Length":19,"Height":65,"Demand":1,"DemandMax":null,"Value":1235},{"Length":14,"Height":6,"Demand":1,"DemandMax":null,"Value":84},{"Length":8,"Height":14,"Demand":1,"DemandMax":null,"Value":112},{"Length":42,"Height":37,"Demand":1,"DemandMax":null,"Value":1554},{"Length":11,"Height":45,"Demand":1,"DemandMax":null,"Value":495},{"Length":3,"Height":216,"Demand":1,"DemandMax":null,"Value":648},{"Length":40,"Height":2,"Demand":1,"DemandMax":null,"Value":80},{"Length":1,"Height":25,"Demand":1,"DemandMax":null,"Value":25},{"Length":1,"Height":99,"Demand":1,"DemandMax":null,"Value":99},{"Length":29,"Height":86,"Demand":1,"DemandMax":null,"Value":2494},{"Length":2,"Height":111,"Demand":1,"DemandMax":null,"Value":222},{"Length":11,"Height":32,"Demand":1,"DemandMax":null,"Value":352},{"Length":130,"Height":13,"Demand":1,"DemandMax":null,"Value":1690},{"Length":18,"Height":18,"Demand":1,"DemandMax":null,"Value":324},{"Length":5,"Height":63,"Demand":1,"DemandMax":null,"Value":315},{"Length":85,"Height":4,"Demand":1,"DemandMax":null,"Value":340},{"Length":134,"Height":217,"Demand":1,"DemandMax":null,"Value":29078},{"Length":7,"Height":140,"Demand":1,"DemandMax":null,"Value":980},{"Length":4,"Height":21,"Demand":1,"DemandMax":null,"Value":84},{"Length":2,"Height":216,"Demand":1,"DemandMax":null,"Value":432},{"Length":1,"Height":55,"Demand":1,"DemandMax":null,"Value":55},{"Length":177,"Height":1,"Demand":1,"DemandMax":null,"Value":177},{"Length":125,"Height":38,"Demand":1,"DemandMax":null,"Value":4750},{"Length":14,"Height":3,"Demand":2,"DemandMax":null,"Value":42},{"Length":117,"Height":5,"Demand":1,"DemandMax":null,"Value":585},{"Length":1,"Height":12,"Demand":1,"DemandMax":null,"Value":12},{"Length":86,"Height":35,"Demand":1,"DemandMax":null,"Value":3010},{"Length":4,"Height":1,"Demand":4,"DemandMax":null,"Value":4},{"Length":310,"Height":15,"Demand":1,"DemandMax":null,"Value":4650},{"Length":6,"Height":4,"Demand":2,"DemandMax":null,"Value":24},{"Length":31,"Height":67,"Demand":1,"DemandMax":null,"Value":2077},{"Length":10,"Height":60,"Demand":1,"DemandMax":null,"Value":600},{"Length":34,"Height":81,"Demand":1,"DemandMax":null,"Value":2754},{"Length":21,"Height":3,"Demand":1,"DemandMax":null,"Value":63},{"Length":24,"Height":30,"Demand":1,"DemandMax":null,"Value":720},{"Length":80,"Height":1,"Demand":1,"DemandMax":null,"Value":80},{"Length":125,"Height":9,"Demand":1,"DemandMax":null,"Value":1125},{"Length":17,"Height":1,"Demand":1,"DemandMax":null,"Value":17},{"Length":1,"Height":6,"Demand":1,"DemandMax":null,"Value":6},{"Length":4,"Height":35,"Demand":1,"DemandMax":null,"Value":140},{"Length":23,"Height":52,"Demand":1,"DemandMax":null,"Value":1196},{"Length":5,"Height":45,"Demand":1,"DemandMax":null,"Value":225},{"Length":15,"Height":111,"Demand":1,"DemandMax":null,"Value":1665},{"Length":1,"Height":89,"Demand":1,"DemandMax":null,"Value":89},{"Length":10,"Height":34,"Demand":1,"DemandMax":null,"Value":340},{"Length":93,"Height":100,"Demand":1,"DemandMax":null,"Value":9300},{"Length":135,"Height":74,"Demand":1,"DemandMax":null,"Value":9990},{"Length":4,"Height":16,"Demand":1,"DemandMax":null,"Value":64},{"Length":90,"Height":19,"Demand":1,"DemandMax":null,"Value":1710},{"Length":29,"Height":48,"Demand":1,"DemandMax":null,"Value":1392},{"Length":135,"Height":15,"Demand":1,"DemandMax":null,"Value":2025},{"Length":186,"Height":101,"Demand":1,"DemandMax":null,"Value":18786},{"Length":13,"Height":10,"Demand":1,"DemandMax":null,"Value":130},{"Length":117,"Height":26,"Demand":1,"DemandMax":null,"Value":3042},{"Length":34,"Height":38,"Demand":1,"DemandMax":null,"Value":1292},{"Length":10,"Height":234,"Demand":1,"DemandMax":null,"Value":2340},{"Length":4,"Height":3,"Demand":1,"DemandMax":null,"Value":12},{"Length":34,"Height":36,"Demand":1,"DemandMax":null,"Value":1224},{"Length":1,"Height":43,"Demand":1,"DemandMax":null,"Value":43},{"Length":16,"Height":30,"Demand":1,"DemandMax":null,"Value":480},{"Length":34,"Height":2,"Demand":1,"DemandMax":null,"Value":68},{"Length":16,"Height":1,"Demand":1,"DemandMax":null,"Value":16},{"Length":5,"Height":40,"Demand":1,"DemandMax":null,"Value":200},{"Length":12,"Height":1,"Demand":1,"DemandMax":null,"Value":12},{"Length":1,"Height":13,"Demand":1,"DemandMax":null,"Value":13},{"Length":177,"Height":95,"Demand":1,"DemandMax":null,"Value":16815},{"Length":130,"Height":22,"Demand":1,"DemandMax":null,"Value":2860},{"Length":1,"Height":29,"Demand":1,"DemandMax":null,"Value":29},{"Length":64,"Height":30,"Demand":1,"DemandMax":null,"Value":1920},{"Length":9,"Height":36,"Demand":1,"DemandMax":null,"Value":324},{"Length":125,"Height":14,"Demand":1,"DemandMax":null,"Value":1750},{"Length":55,"Height":39,"Demand":1,"DemandMax":null,"Value":2145},{"Length":22,"Height":90,"Demand":1,"DemandMax":null,"Value":1980},{"Length":16,"Height":216,"Demand":1,"DemandMax":null,"Value":3456},{"Length":125,"Height":2,"Demand":1,"DemandMax":null,"Value":250},{"Length":34,"Height":1,"Demand":1,"DemandMax":null,"Value":34},{"Length":1,"Height":17,"Demand":1,"DemandMax":null,"Value":17},{"Length":11,"Height":111,"Demand":1,"DemandMax":null,"Value":1221},{"Length":19,"Height":32,"Demand":1,"DemandMax":null,"Value":608},{"Length":7,"Height":196,"Demand":1,"DemandMax":null,"Value":1372},{"Length":47,"Height":30,"Demand":1,"DemandMax":null,"Value":1410},{"Length":24,"Height":4,"Demand":1,"DemandMax":null,"Value":96},{"Length":13,"Height":99,"Demand":1,"DemandMax":null,"Value":1287},{"Length":2,"Height":196,"Demand":1,"DemandMax":null,"Value":392},{"Length":1,"Height":63,"Demand":1,"DemandMax":null,"Value":63},{"Length":206,"Height":113,"Demand":1,"DemandMax":null,"Value":23278},{"Length":140,"Height":3,"Demand":1,"DemandMax":null,"Value":420},{"Length":146,"Height":23,"Demand":1,"DemandMax":null,"Value":3358},{"Length":3,"Height":24,"Demand":1,"DemandMax":null,"Value":72},{"Length":3,"Height":111,"Demand":1,"DemandMax":null,"Value":333},{"Length":5,"Height":32,"Demand":1,"DemandMax":null,"Value":160},{"Length":5,"Height":36,"Demand":1,"DemandMax":null,"Value":180},{"Length":34,"Height":9,"Demand":1,"DemandMax":null,"Value":306},{"Length":190,"Height":20,"Demand":1,"DemandMax":null,"Value":3800},{"Length":1,"Height":38,"Demand":1,"DemandMax":null,"Value":38},{"Length":105,"Height":2,"Demand":1,"DemandMax":null,"Value":210},{"Length":1,"Height":84,"Demand":1,"DemandMax":null,"Value":84},{"Length":34,"Height":98,"Demand":1,"DemandMax":null,"Value":3332},{"Length":29,"Height":1,"Demand":1,"DemandMax":null,"Value":29},{"Length":41,"Height":2,"Demand":1,"DemandMax":null,"Value":82},{"Length":61,"Height":71,"Demand":1,"DemandMax":null,"Value":4331},{"Length":21,"Height":49,"Demand":1,"DemandMax":null,"Value":1029},{"Length":42,"Height":5,"Demand":1,"DemandMax":null,"Value":210},{"Length":10,"Height":45,"Demand":1,"DemandMax":null,"Value":450},{"Length":310,"Height":3,"Demand":1,"DemandMax":null,"Value":930},{"Length":310,"Height":1,"Demand":1,"DemandMax":null,"Value":310},{"Length":9,"Height":98,"Demand":1,"DemandMax":null,"Value":882},{"Length":1,"Height":16,"Demand":1,"DemandMax":null,"Value":16},{"Length":77,"Height":2,"Demand":1,"DemandMax":null,"Value":154},{"Length":70,"Height":1,"Demand":1,"DemandMax":null,"Value":70},{"Length":125,"Height":15,"Demand":1,"DemandMax":null,"Value":1875},{"Length":4,"Height":234,"Demand":1,"DemandMax":null,"Value":936},{"Length":3,"Height":35,"Demand":1,"DemandMax":null,"Value":105},{"Length":43,"Height":1,"Demand":1,"DemandMax":null,"Value":43},{"Length":2,"Height":151,"Demand":1,"DemandMax":null,"Value":302},{"Length":66,"Height":39,"Demand":1,"DemandMax":null,"Value":2574}]}