{"Name":"Nice50i2b5","Objects":[{"Length":375,"Height":1000,"Stock":4,"Cost":375000},{"Length":625,"Height":1000,"Stock":4,"Cost":625000}],"Items":[{"Length":97,"Height":157,"Demand":1,"DemandMax":null,"Value":15229},{"Length":108,"Height":120,"Demand":1,"DemandMax":null,"Value":12960},{"Length":124,"Height":251,"Demand":1,"DemandMax":null,"Value":31124},{"Length":84,"Height":193,"Demand":2,"DemandMax":null,"Value":16212},{"Length":99,"Height":117,"Demand":1,"DemandMax":null,"Value":11583},{"Length":88,"Height":171,"Demand":1,"DemandMax":null,"Value":15048},{"Length":84,"Height":118,"Demand":1,"DemandMax":null,"Value":9912},{"Length":146,"Height":121,"Demand":1,"DemandMax":null,"Value":17666},{"Length":207,"Height":77,"Demand":1,"DemandMax":null,"Value":15939},{"Length":96,"Height":119,"Demand":1,"DemandMax":null,"Value":11424},{"Length":168,"Height":237,"Demand":1,"DemandMax":null,"Value":39816},{"Length":124,"Height":129,"Demand":1,"DemandMax":null,"Value":15996},{"Length":94,"Height":171,"Demand":2,"DemandMax":null,"Value":16074},{"Length":207,"Height":129,"Demand":1,"DemandMax":null,"Value":26703},{"Length":106,"Height":185,"Demand":1,"DemandMax":null,"Value":19610},{"Length":168,"Height":242,"Demand":1,"DemandMax":null,"Value":40656},{"Length":124,"Height":105,"Demand":1,"DemandMax":null,"Value":13020},{"Length":207,"Height":96,"Demand":1,"DemandMax":null,"Value":19872},{"Length":239,"Height":62,"Demand":1,"DemandMax":null,"Value":14818},{"Length":62,"Height":177,"Demand":2,"DemandMax":null,"Value":10974},{"Length":132,"Height":85,"Demand":1,"DemandMax":null,"Value":11220},{"Length":239,"Height":70,"Demand":1,"DemandMax":null,"Value":16730},{"Length":106,"Height":121,"Demand":1,"DemandMax":null,"Value":12826},{"Length":81,"Height":185,"Demand":1,"DemandMax":null,"Value":14985},{"Length":138,"Height":152,"Demand":1,"DemandMax":null,"Value":20976},{"Length":278,"Height":70,"Demand":1,"DemandMax":null,"Value":19460},{"Length":99,"Height":171,"Demand":1,"DemandMax":null,"Value":16929},{"Length":207,"Height":67,"Demand":1,"DemandMax":null,"Value":13869},{"Length":147,"Height":148,"Demand":1,"DemandMax":null,"Value":21756},{"Length":147,"Height":87,"Demand":1,"DemandMax":null,"Value":12789},{"Length":135,"Height":338,"Demand":1,"DemandMax":null,"Value":45630},{"Length":138,"Height":171,"Demand":1,"DemandMax":null,"Value":23598},{"Length":129,"Height":87,"Demand":1,"DemandMax":null,"Value":11223},{"Length":132,"Height":100,"Demand":1,"DemandMax":null,"Value":13200},{"Length":99,"Height":189,"Demand":1,"DemandMax":null,"Value":18711},{"Length":147,"Height":88,"Demand":1,"DemandMax":null,"Value":12936},{"Length":150,"Height":121,"Demand":1,"DemandMax":null,"Value":18150},{"Length":83,"Height":185,"Demand":1,"DemandMax":null,"Value":15355},{"Length":216,"Height":105,"Demand":1,"DemandMax":null,"Value":22680},{"Length":87,"Height":120,"Demand":1,"DemandMax":null,"Value":10440},{"Length":149,"Height":87,"Demand":1,"DemandMax":null,"Value":12963},{"Length":205,"Height":338,"Demand":1,"DemandMax":null,"Value":69290},{"Length":143,"Height":119,"Demand":1,"DemandMax":null,"Value":17017},{"Length":207,"Height":303,"Demand":1,"DemandMax":null,"Value":62721},{"Length":178,"Height":251,"Demand":1,"DemandMax":null,"Value":44678},{"Length":90,"Height":120,"Demand":1,"DemandMax":null,"Value":10800},{"Length":84,"Height":133,"Demand":1,"DemandMax":null,"Value":11172}]}