{"Name":"Nice300i2b1","Objects":[{"Length":406,"Height":1000,"Stock":2,"Cost":406000},{"Length":594,"Height":1000,"Stock":4,"Cost":594000}],"Items":[{"Length":36,"Height":56,"Demand":1,"DemandMax":null,"Value":2016},{"Length":29,"Height":99,"Demand":2,"DemandMax":null,"Value":2871},{"Length":25,"Height":83,"Demand":1,"DemandMax":null,"Value":2075},{"Length":67,"Height":27,"Demand":2,"DemandMax":null,"Value":1809},{"Length":81,"Height":30,"Demand":1,"DemandMax":null,"Value":2430},{"Length":34,"Height":95,"Demand":1,"DemandMax":null,"Value":3230},{"Length":117,"Height":30,"Demand":1,"DemandMax":null,"Value":3510},{"Length":60,"Height":77,"Demand":1,"DemandMax":null,"Value":4620},{"Length":41,"Height":51,"Demand":2,"DemandMax":null,"Value":2091},{"Length":28,"Height":100,"Demand":1,"DemandMax":null,"Value":2800},{"Length":47,"Height":36,"Demand":1,"DemandMax":null,"Value":1692},{"Length":42,"Height":51,"Demand":2,"DemandMax":null,"Value":2142},{"Length":126,"Height":56,"Demand":1,"DemandMax":null,"Value":7056},{"Length":101,"Height":45,"Demand":1,"DemandMax":null,"Value":4545},{"Length":42,"Height":70,"Demand":1,"DemandMax":null,"Value":2940},{"Length":31,"Height":59,"Demand":1,"DemandMax":null,"Value":1829},{"Length":105,"Height":67,"Demand":1,"DemandMax":null,"Value":7035},{"Length":42,"Height":52,"Demand":1,"DemandMax":null,"Value":2184},{"Length":75,"Height":98,"Demand":1,"DemandMax":null,"Value":7350},{"Length":72,"Height":94,"Demand":1,"DemandMax":null,"Value":6768},{"Length":38,"Height":48,"Demand":1,"DemandMax":null,"Value":1824},{"Length":52,"Height":119,"Demand":1,"DemandMax":null,"Value":6188},{"Length":118,"Height":63,"Demand":1,"DemandMax":null,"Value":7434},{"Length":53,"Height":37,"Demand":1,"DemandMax":null,"Value":1961},{"Length":73,"Height":35,"Demand":1,"DemandMax":null,"Value":2555},{"Length":78,"Height":108,"Demand":1,"DemandMax":null,"Value":8424},{"Length":46,"Height":44,"Demand":2,"DemandMax":null,"Value":2024},{"Length":35,"Height":48,"Demand":1,"DemandMax":null,"Value":1680},{"Length":57,"Height":136,"Demand":1,"DemandMax":null,"Value":7752},{"Length":79,"Height":98,"Demand":1,"DemandMax":null,"Value":7742},{"Length":35,"Height":51,"Demand":1,"DemandMax":null,"Value":1785},{"Length":82,"Height":21,"Demand":1,"DemandMax":null,"Value":1722},{"Length":87,"Height":93,"Demand":1,"DemandMax":null,"Value":8091},{"Length":82,"Height":23,"Demand":3,"DemandMax":null,"Value":1886},{"Length":97,"Height":26,"Demand":2,"DemandMax":null,"Value":2522},{"Length":74,"Height":33,"Demand":2,"DemandMax":null,"Value":2442},{"Length":85,"Height":61,"Demand":1,"DemandMax":null,"Value":5185},{"Length":43,"Height":41,"Demand":1,"DemandMax":null,"Value":1763},{"Length":54,"Height":214,"Demand":1,"DemandMax":null,"Value":11556},{"Length":90,"Height":23,"Demand":1,"DemandMax":null,"Value":2070},{"Length":75,"Height":104,"Demand":1,"DemandMax":null,"Value":7800},{"Length":31,"Height":104,"Demand":1,"DemandMax":null,"Value":3224},{"Length":55,"Height":49,"Demand":1,"DemandMax":null,"Value":2695},{"Length":57,"Height":32,"Demand":2,"DemandMax":null,"Value":1824},{"Length":56,"Height":31,"Demand":2,"DemandMax":null,"Value":1736},{"Length":136,"Height":35,"Demand":1,"DemandMax":null,"Value":4760},{"Length":136,"Height":39,"Demand":1,"DemandMax":null,"Value":5304},{"Length":31,"Height":60,"Demand":1,"DemandMax":null,"Value":1860},{"Length":121,"Height":40,"Demand":1,"DemandMax":null,"Value":4840},{"Length":57,"Height":44,"Demand":1,"DemandMax":null,"Value":2508},{"Length":26,"Height":74,"Demand":1,"DemandMax":null,"Value":1924},{"Length":49,"Height":43,"Demand":1,"DemandMax":null,"Value":2107},{"Length":46,"Height":51,"Demand":2,"DemandMax":null,"Value":2346},{"Length":21,"Height":84,"Demand":1,"DemandMax":null,"Value":1764},{"Length":61,"Height":119,"Demand":1,"DemandMax":null,"Value":7259},{"Length":50,"Height":149,"Demand":1,"DemandMax":null,"Value":7450},{"Length":137,"Height":43,"Demand":1,"DemandMax":null,"Value":5891},{"Length":57,"Height":59,"Demand":1,"DemandMax":null,"Value":3363},{"Length":68,"Height":39,"Demand":2,"DemandMax":null,"Value":2652},{"Length":46,"Height":69,"Demand":1,"DemandMax":null,"Value":3174},{"Length":71,"Height":52,"Demand":1,"DemandMax":null,"Value":3692},{"Length":91,"Height":84,"Demand":1,"DemandMax":null,"Value":7644},{"Length":61,"Height":50,"Demand":1,"DemandMax":null,"Value":3050},{"Length":34,"Height":54,"Demand":2,"DemandMax":null,"Value":1836},{"Length":33,"Height":52,"Demand":1,"DemandMax":null,"Value":1716},{"Length":31,"Height":63,"Demand":1,"DemandMax":null,"Value":1953},{"Length":105,"Height":41,"Demand":1,"DemandMax":null,"Value":4305},{"Length":67,"Height":53,"Demand":1,"DemandMax":null,"Value":3551},{"Length":38,"Height":46,"Demand":1,"DemandMax":null,"Value":1748},{"Length":43,"Height":48,"Demand":1,"DemandMax":null,"Value":2064},{"Length":41,"Height":65,"Demand":1,"DemandMax":null,"Value":2665},{"Length":143,"Height":50,"Demand":1,"DemandMax":null,"Value":7150},{"Length":35,"Height":139,"Demand":1,"DemandMax":null,"Value":4865},{"Length":48,"Height":35,"Demand":2,"DemandMax":null,"Value":1680},{"Length":69,"Height":46,"Demand":1,"DemandMax":null,"Value":3174},{"Length":63,"Height":68,"Demand":1,"DemandMax":null,"Value":4284},{"Length":89,"Height":57,"Demand":1,"DemandMax":null,"Value":5073},{"Length":32,"Height":60,"Demand":1,"DemandMax":null,"Value":1920},{"Length":59,"Height":125,"Demand":1,"DemandMax":null,"Value":7375},{"Length":41,"Height":45,"Demand":1,"DemandMax":null,"Value":1845},{"Length":46,"Height":164,"Demand":1,"DemandMax":null,"Value":7544},{"Length":63,"Height":37,"Demand":1,"DemandMax":null,"Value":2331},{"Length":118,"Height":31,"Demand":1,"DemandMax":null,"Value":3658},{"Length":91,"Height":93,"Demand":1,"DemandMax":null,"Value":8463},{"Length":64,"Height":113,"Demand":1,"DemandMax":null,"Value":7232},{"Length":39,"Height":95,"Demand":1,"DemandMax":null,"Value":3705},{"Length":118,"Height":34,"Demand":1,"DemandMax":null,"Value":4012},{"Length":53,"Height":83,"Demand":1,"DemandMax":null,"Value":4399},{"Length":38,"Height":113,"Demand":1,"DemandMax":null,"Value":4294},{"Length":32,"Height":64,"Demand":1,"DemandMax":null,"Value":2048},{"Length":38,"Height":50,"Demand":1,"DemandMax":null,"Value":1900},{"Length":81,"Height":22,"Demand":1,"DemandMax":null,"Value":1782},{"Length":66,"Height":47,"Demand":1,"DemandMax":null,"Value":3102},{"Length":49,"Height":51,"Demand":2,"DemandMax":null,"Value":2499},{"Length":40,"Height":60,"Demand":1,"DemandMax":null,"Value":2400},{"Length":46,"Height":57,"Demand":1,"DemandMax":null,"Value":2622},{"Length":97,"Height":60,"Demand":1,"DemandMax":null,"Value":5820},{"Length":53,"Height":150,"Demand":1,"DemandMax":null,"Value":7950},{"Length":50,"Height":38,"Demand":2,"DemandMax":null,"Value":1900},{"Length":69,"Height":26,"Demand":1,"DemandMax":null,"Value":1794},{"Length":106,"Height":52,"Demand":1,"DemandMax":null,"Value":5512},{"Length":57,"Height":34,"Demand":2,"DemandMax":null,"Value":1938},{"Length":54,"Height":94,"Demand":1,"DemandMax":null,"Value":5076},{"Length":97,"Height":45,"Demand":1,"DemandMax":null,"Value":4365},{"Length":108,"Height":27,"Demand":1,"DemandMax":null,"Value":2916},{"Length":110,"Height":62,"Demand":1,"DemandMax":null,"Value":6820},{"Length":86,"Height":61,"Demand":1,"DemandMax":null,"Value":5246},{"Length":89,"Height":67,"Demand":1,"DemandMax":null,"Value":5963},{"Length":97,"Height":28,"Demand":2,"DemandMax":null,"Value":2716},{"Length":31,"Height":55,"Demand":2,"DemandMax":null,"Value":1705},{"Length":34,"Height":84,"Demand":1,"DemandMax":null,"Value":2856},{"Length":64,"Height":69,"Demand":1,"DemandMax":null,"Value":4416},{"Length":71,"Height":32,"Demand":1,"DemandMax":null,"Value":2272},{"Length":60,"Height":31,"Demand":1,"DemandMax":null,"Value":1860},{"Length":34,"Height":86,"Demand":2,"DemandMax":null,"Value":2924},{"Length":37,"Height":65,"Demand":1,"DemandMax":null,"Value":2405},{"Length":53,"Height":84,"Demand":1,"DemandMax":null,"Value":4452},{"Length":53,"Height":36,"Demand":1,"DemandMax":null,"Value":1908},{"Length":33,"Height":57,"Demand":1,"DemandMax":null,"Value":1881},{"Length":51,"Height":36,"Demand":1,"DemandMax":null,"Value":1836},{"Length":30,"Height":117,"Demand":1,"DemandMax":null,"Value":3510},{"Length":93,"Height":56,"Demand":1,"DemandMax":null,"Value":5208},{"Length":54,"Height":120,"Demand":1,"DemandMax":null,"Value":6480},{"Length":36,"Height":69,"Demand":1,"DemandMax":null,"Value":2484},{"Length":44,"Height":61,"Demand":1,"DemandMax":null,"Value":2684},{"Length":89,"Height":33,"Demand":2,"DemandMax":null,"Value":2937},{"Length":82,"Height":99,"Demand":1,"DemandMax":null,"Value":8118},{"Length":101,"Height":48,"Demand":1,"DemandMax":null,"Value":4848},{"Length":32,"Height":58,"Demand":1,"DemandMax":null,"Value":1856},{"Length":49,"Height":41,"Demand":1,"DemandMax":null,"Value":2009},{"Length":29,"Height":57,"Demand":1,"DemandMax":null,"Value":1653},{"Length":96,"Height":24,"Demand":2,"DemandMax":null,"Value":2304},{"Length":41,"Height":41,"Demand":1,"DemandMax":null,"Value":1681},{"Length":58,"Height":77,"Demand":1,"DemandMax":null,"Value":4466},{"Length":137,"Height":57,"Demand":1,"DemandMax":null,"Value":7809},{"Length":52,"Height":32,"Demand":1,"DemandMax":null,"Value":1664},{"Length":51,"Height":34,"Demand":1,"DemandMax":null,"Value":1734},{"Length":43,"Height":52,"Demand":1,"DemandMax":null,"Value":2236},{"Length":63,"Height":77,"Demand":1,"DemandMax":null,"Value":4851},{"Length":37,"Height":45,"Demand":1,"DemandMax":null,"Value":1665},{"Length":70,"Height":42,"Demand":1,"DemandMax":null,"Value":2940},{"Length":43,"Height":56,"Demand":1,"DemandMax":null,"Value":2408},{"Length":53,"Height":45,"Demand":2,"DemandMax":null,"Value":2385},{"Length":49,"Height":45,"Demand":1,"DemandMax":null,"Value":2205},{"Length":101,"Height":31,"Demand":1,"DemandMax":null,"Value":3131},{"Length":89,"Height":29,"Demand":3,"DemandMax":null,"Value":2581},{"Length":27,"Height":74,"Demand":1,"DemandMax":null,"Value":1998},{"Length":91,"Height":52,"Demand":1,"DemandMax":null,"Value":4732},{"Length":77,"Height":61,"Demand":1,"DemandMax":null,"Value":4697},{"Length":25,"Height":68,"Demand":1,"DemandMax":null,"Value":1700},{"Length":39,"Height":50,"Demand":1,"DemandMax":null,"Value":1950},{"Length":33,"Height":58,"Demand":1,"DemandMax":null,"Value":1914},{"Length":37,"Height":47,"Demand":1,"DemandMax":null,"Value":1739},{"Length":56,"Height":50,"Demand":1,"DemandMax":null,"Value":2800},{"Length":47,"Height":52,"Demand":1,"DemandMax":null,"Value":2444},{"Length":46,"Height":100,"Demand":1,"DemandMax":null,"Value":4600},{"Length":92,"Height":65,"Demand":1,"DemandMax":null,"Value":5980},{"Length":53,"Height":49,"Demand":1,"DemandMax":null,"Value":2597},{"Length":74,"Height":23,"Demand":1,"DemandMax":null,"Value":1702},{"Length":55,"Height":52,"Demand":1,"DemandMax":null,"Value":2860},{"Length":50,"Height":60,"Demand":1,"DemandMax":null,"Value":3000},{"Length":79,"Height":21,"Demand":1,"DemandMax":null,"Value":1659},{"Length":119,"Height":119,"Demand":1,"DemandMax":null,"Value":14161},{"Length":29,"Height":83,"Demand":1,"DemandMax":null,"Value":2407},{"Length":31,"Height":64,"Demand":1,"DemandMax":null,"Value":1984},{"Length":36,"Height":46,"Demand":1,"DemandMax":null,"Value":1656},{"Length":46,"Height":58,"Demand":2,"DemandMax":null,"Value":2668},{"Length":46,"Height":95,"Demand":2,"DemandMax":null,"Value":4370},{"Length":34,"Height":119,"Demand":1,"DemandMax":null,"Value":4046},{"Length":62,"Height":40,"Demand":1,"DemandMax":null,"Value":2480},{"Length":90,"Height":55,"Demand":1,"DemandMax":null,"Value":4950},{"Length":23,"Height":78,"Demand":1,"DemandMax":null,"Value":1794},{"Length":50,"Height":51,"Demand":2,"DemandMax":null,"Value":2550},{"Length":39,"Height":64,"Demand":1,"DemandMax":null,"Value":2496},{"Length":121,"Height":39,"Demand":1,"DemandMax":null,"Value":4719},{"Length":55,"Height":34,"Demand":1,"DemandMax":null,"Value":1870},{"Length":64,"Height":32,"Demand":1,"DemandMax":null,"Value":2048},{"Length":26,"Height":65,"Demand":1,"DemandMax":null,"Value":1690},{"Length":89,"Height":51,"Demand":1,"DemandMax":null,"Value":4539},{"Length":43,"Height":61,"Demand":1,"DemandMax":null,"Value":2623},{"Length":24,"Height":77,"Demand":1,"DemandMax":null,"Value":1848},{"Length":37,"Height":53,"Demand":1,"DemandMax":null,"Value":1961},{"Length":96,"Height":47,"Demand":1,"DemandMax":null,"Value":4512},{"Length":97,"Height":31,"Demand":1,"DemandMax":null,"Value":3007},{"Length":83,"Height":45,"Demand":1,"DemandMax":null,"Value":3735},{"Length":32,"Height":74,"Demand":2,"DemandMax":null,"Value":2368},{"Length":44,"Height":65,"Demand":1,"DemandMax":null,"Value":2860},{"Length":67,"Height":47,"Demand":1,"DemandMax":null,"Value":3149},{"Length":44,"Height":58,"Demand":1,"DemandMax":null,"Value":2552},{"Length":62,"Height":31,"Demand":2,"DemandMax":null,"Value":1922},{"Length":97,"Height":33,"Demand":1,"DemandMax":null,"Value":3201},{"Length":56,"Height":69,"Demand":1,"DemandMax":null,"Value":3864},{"Length":71,"Height":27,"Demand":1,"DemandMax":null,"Value":1917},{"Length":30,"Height":65,"Demand":1,"DemandMax":null,"Value":1950},{"Length":81,"Height":38,"Demand":1,"DemandMax":null,"Value":3078},{"Length":56,"Height":41,"Demand":1,"DemandMax":null,"Value":2296},{"Length":81,"Height":75,"Demand":1,"DemandMax":null,"Value":6075},{"Length":43,"Height":95,"Demand":1,"DemandMax":null,"Value":4085},{"Length":82,"Height":24,"Demand":1,"DemandMax":null,"Value":1968},{"Length":47,"Height":60,"Demand":2,"DemandMax":null,"Value":2820},{"Length":46,"Height":64,"Demand":1,"DemandMax":null,"Value":2944},{"Length":54,"Height":48,"Demand":1,"DemandMax":null,"Value":2592},{"Length":63,"Height":34,"Demand":1,"DemandMax":null,"Value":2142},{"Length":60,"Height":53,"Demand":1,"DemandMax":null,"Value":3180},{"Length":67,"Height":41,"Demand":1,"DemandMax":null,"Value":2747},{"Length":48,"Height":38,"Demand":1,"DemandMax":null,"Value":1824},{"Length":34,"Height":57,"Demand":1,"DemandMax":null,"Value":1938},{"Length":37,"Height":55,"Demand":1,"DemandMax":null,"Value":2035},{"Length":68,"Height":72,"Demand":1,"DemandMax":null,"Value":4896},{"Length":49,"Height":46,"Demand":1,"DemandMax":null,"Value":2254},{"Length":33,"Height":61,"Demand":1,"DemandMax":null,"Value":2013},{"Length":49,"Height":50,"Demand":2,"DemandMax":null,"Value":2450},{"Length":34,"Height":65,"Demand":1,"DemandMax":null,"Value":2210},{"Length":38,"Height":68,"Demand":1,"DemandMax":null,"Value":2584},{"Length":63,"Height":51,"Demand":1,"DemandMax":null,"Value":3213},{"Length":38,"Height":57,"Demand":1,"DemandMax":null,"Value":2166},{"Length":69,"Height":58,"Demand":1,"DemandMax":null,"Value":4002},{"Length":70,"Height":37,"Demand":1,"DemandMax":null,"Value":2590},{"Length":46,"Height":59,"Demand":1,"DemandMax":null,"Value":2714},{"Length":31,"Height":84,"Demand":1,"DemandMax":null,"Value":2604},{"Length":62,"Height":44,"Demand":1,"DemandMax":null,"Value":2728},{"Length":43,"Height":57,"Demand":1,"DemandMax":null,"Value":2451},{"Length":42,"Height":56,"Demand":1,"DemandMax":null,"Value":2352},{"Length":36,"Height":49,"Demand":2,"DemandMax":null,"Value":1764},{"Length":55,"Height":48,"Demand":1,"DemandMax":null,"Value":2640},{"Length":52,"Height":52,"Demand":1,"DemandMax":null,"Value":2704},{"Length":44,"Height":51,"Demand":1,"DemandMax":null,"Value":2244},{"Length":26,"Height":77,"Demand":1,"DemandMax":null,"Value":2002},{"Length":101,"Height":33,"Demand":1,"DemandMax":null,"Value":3333},{"Length":38,"Height":69,"Demand":1,"DemandMax":null,"Value":2622},{"Length":95,"Height":63,"Demand":1,"DemandMax":null,"Value":5985},{"Length":75,"Height":34,"Demand":1,"DemandMax":null,"Value":2550},{"Length":48,"Height":66,"Demand":1,"DemandMax":null,"Value":3168},{"Length":88,"Height":83,"Demand":1,"DemandMax":null,"Value":7304},{"Length":41,"Height":58,"Demand":1,"DemandMax":null,"Value":2378},{"Length":89,"Height":32,"Demand":1,"DemandMax":null,"Value":2848},{"Length":52,"Height":49,"Demand":1,"DemandMax":null,"Value":2548},{"Length":38,"Height":102,"Demand":1,"DemandMax":null,"Value":3876},{"Length":39,"Height":65,"Demand":1,"DemandMax":null,"Value":2535},{"Length":118,"Height":38,"Demand":1,"DemandMax":null,"Value":4484},{"Length":68,"Height":66,"Demand":1,"DemandMax":null,"Value":4488},{"Length":57,"Height":76,"Demand":1,"DemandMax":null,"Value":4332},{"Length":74,"Height":38,"Demand":1,"DemandMax":null,"Value":2812},{"Length":53,"Height":61,"Demand":1,"DemandMax":null,"Value":3233},{"Length":67,"Height":60,"Demand":1,"DemandMax":null,"Value":4020},{"Length":47,"Height":141,"Demand":1,"DemandMax":null,"Value":6627},{"Length":39,"Height":69,"Demand":1,"DemandMax":null,"Value":2691},{"Length":82,"Height":82,"Demand":1,"DemandMax":null,"Value":6724},{"Length":85,"Height":36,"Demand":1,"DemandMax":null,"Value":3060},{"Length":41,"Height":42,"Demand":1,"DemandMax":null,"Value":1722},{"Length":42,"Height":83,"Demand":1,"DemandMax":null,"Value":3486},{"Length":123,"Height":52,"Demand":1,"DemandMax":null,"Value":6396},{"Length":69,"Height":34,"Demand":1,"DemandMax":null,"Value":2346},{"Length":114,"Height":44,"Demand":1,"DemandMax":null,"Value":5016},{"Length":84,"Height":65,"Demand":1,"DemandMax":null,"Value":5460},{"Length":90,"Height":25,"Demand":1,"DemandMax":null,"Value":2250},{"Length":85,"Height":45,"Demand":1,"DemandMax":null,"Value":3825},{"Length":67,"Height":30,"Demand":1,"DemandMax":null,"Value":2010},{"Length":37,"Height":54,"Demand":1,"DemandMax":null,"Value":1998},{"Length":117,"Height":42,"Demand":1,"DemandMax":null,"Value":4914},{"Length":79,"Height":25,"Demand":1,"DemandMax":null,"Value":1975},{"Length":42,"Height":117,"Demand":1,"DemandMax":null,"Value":4914},{"Length":59,"Height":69,"Demand":1,"DemandMax":null,"Value":4071},{"Length":108,"Height":33,"Demand":1,"DemandMax":null,"Value":3564},{"Length":49,"Height":57,"Demand":1,"DemandMax":null,"Value":2793},{"Length":50,"Height":78,"Demand":1,"DemandMax":null,"Value":3900}]}