{"Name":"Path200i4b3","Objects":[{"Length":443,"Height":351,"Stock":1,"Cost":155493},{"Length":421,"Height":649,"Stock":5,"Cost":273229},{"Length":579,"Height":649,"Stock":5,"Cost":375771},{"Length":557,"Height":351,"Stock":2,"Cost":195507}],"Items":[{"Length":12,"Height":109,"Demand":1,"DemandMax":null,"Value":1308},{"Length":186,"Height":319,"Demand":1,"DemandMax":null,"Value":59334},{"Length":269,"Height":331,"Demand":1,"DemandMax":null,"Value":89039},{"Length":106,"Height":147,"Demand":1,"DemandMax":null,"Value":15582},{"Length":308,"Height":285,"Demand":1,"DemandMax":null,"Value":87780},{"Length":16,"Height":39,"Demand":1,"DemandMax":null,"Value":624},{"Length":4,"Height":53,"Demand":1,"DemandMax":null,"Value":212},{"Length":1,"Height":1,"Demand":33,"DemandMax":null,"Value":1},{"Length":1,"Height":2,"Demand":11,"DemandMax":null,"Value":2},{"Length":2,"Height":219,"Demand":3,"DemandMax":null,"Value":438},{"Length":101,"Height":11,"Demand":1,"DemandMax":null,"Value":1111},{"Length":1,"Height":34,"Demand":1,"DemandMax":null,"Value":34},{"Length":11,"Height":125,"Demand":1,"DemandMax":null,"Value":1375},{"Length":7,"Height":351,"Demand":1,"DemandMax":null,"Value":2457},{"Length":1,"Height":178,"Demand":1,"DemandMax":null,"Value":178},{"Length":178,"Height":103,"Demand":1,"DemandMax":null,"Value":18334},{"Length":4,"Height":35,"Demand":1,"DemandMax":null,"Value":140},{"Length":4,"Height":19,"Demand":1,"DemandMax":null,"Value":76},{"Length":2,"Height":13,"Demand":1,"DemandMax":null,"Value":26},{"Length":1,"Height":169,"Demand":1,"DemandMax":null,"Value":169},{"Length":1,"Height":94,"Demand":1,"DemandMax":null,"Value":94},{"Length":7,"Height":93,"Demand":2,"DemandMax":null,"Value":651},{"Length":193,"Height":336,"Demand":1,"DemandMax":null,"Value":64848},{"Length":1,"Height":65,"Demand":1,"DemandMax":null,"Value":65},{"Length":1,"Height":11,"Demand":1,"DemandMax":null,"Value":11},{"Length":47,"Height":132,"Demand":1,"DemandMax":null,"Value":6204},{"Length":232,"Height":3,"Demand":1,"DemandMax":null,"Value":696},{"Length":1,"Height":13,"Demand":4,"DemandMax":null,"Value":13},{"Length":13,"Height":339,"Demand":1,"DemandMax":null,"Value":4407},{"Length":1,"Height":3,"Demand":3,"DemandMax":null,"Value":3},{"Length":2,"Height":1,"Demand":3,"DemandMax":null,"Value":2},{"Length":1,"Height":30,"Demand":2,"DemandMax":null,"Value":30},{"Length":1,"Height":28,"Demand":1,"DemandMax":null,"Value":28},{"Length":106,"Height":62,"Demand":1,"DemandMax":null,"Value":6572},{"Length":348,"Height":19,"Demand":1,"DemandMax":null,"Value":6612},{"Length":1,"Height":119,"Demand":1,"DemandMax":null,"Value":119},{"Length":5,"Height":330,"Demand":1,"DemandMax":null,"Value":1650},{"Length":322,"Height":91,"Demand":1,"DemandMax":null,"Value":29302},{"Length":3,"Height":209,"Demand":1,"DemandMax":null,"Value":627},{"Length":211,"Height":13,"Demand":1,"DemandMax":null,"Value":2743},{"Length":1,"Height":4,"Demand":5,"DemandMax":null,"Value":4},{"Length":211,"Height":16,"Demand":1,"DemandMax":null,"Value":3376},{"Length":1,"Height":8,"Demand":2,"DemandMax":null,"Value":8},{"Length":211,"Height":12,"Demand":1,"DemandMax":null,"Value":2532},{"Length":211,"Height":174,"Demand":1,"DemandMax":null,"Value":36714},{"Length":348,"Height":178,"Demand":1,"DemandMax":null,"Value":61944},{"Length":54,"Height":21,"Demand":1,"DemandMax":null,"Value":1134},{"Length":7,"Height":39,"Demand":1,"DemandMax":null,"Value":273},{"Length":81,"Height":25,"Demand":1,"DemandMax":null,"Value":2025},{"Length":49,"Height":144,"Demand":1,"DemandMax":null,"Value":7056},{"Length":12,"Height":174,"Demand":1,"DemandMax":null,"Value":2088},{"Length":11,"Height":154,"Demand":1,"DemandMax":null,"Value":1694},{"Length":1,"Height":23,"Demand":2,"DemandMax":null,"Value":23},{"Length":1,"Height":92,"Demand":1,"DemandMax":null,"Value":92},{"Length":3,"Height":98,"Demand":1,"DemandMax":null,"Value":294},{"Length":35,"Height":141,"Demand":1,"DemandMax":null,"Value":4935},{"Length":1,"Height":24,"Demand":1,"DemandMax":null,"Value":24},{"Length":8,"Height":39,"Demand":1,"DemandMax":null,"Value":312},{"Length":19,"Height":10,"Demand":1,"DemandMax":null,"Value":190},{"Length":4,"Height":87,"Demand":1,"DemandMax":null,"Value":348},{"Length":124,"Height":3,"Demand":1,"DemandMax":null,"Value":372},{"Length":1,"Height":6,"Demand":3,"DemandMax":null,"Value":6},{"Length":1,"Height":58,"Demand":1,"DemandMax":null,"Value":58},{"Length":50,"Height":1,"Demand":1,"DemandMax":null,"Value":50},{"Length":322,"Height":120,"Demand":1,"DemandMax":null,"Value":38640},{"Length":2,"Height":26,"Demand":1,"DemandMax":null,"Value":52},{"Length":2,"Height":21,"Demand":2,"DemandMax":null,"Value":42},{"Length":178,"Height":27,"Demand":1,"DemandMax":null,"Value":4806},{"Length":14,"Height":25,"Demand":1,"DemandMax":null,"Value":350},{"Length":1,"Height":230,"Demand":1,"DemandMax":null,"Value":230},{"Length":4,"Height":1,"Demand":1,"DemandMax":null,"Value":4},{"Length":45,"Height":2,"Demand":1,"DemandMax":null,"Value":90},{"Length":106,"Height":107,"Demand":1,"DemandMax":null,"Value":11342},{"Length":178,"Height":158,"Demand":1,"DemandMax":null,"Value":28124},{"Length":1,"Height":12,"Demand":1,"DemandMax":null,"Value":12},{"Length":4,"Height":61,"Demand":1,"DemandMax":null,"Value":244},{"Length":308,"Height":66,"Demand":1,"DemandMax":null,"Value":20328},{"Length":39,"Height":336,"Demand":1,"DemandMax":null,"Value":13104},{"Length":6,"Height":12,"Demand":1,"DemandMax":null,"Value":72},{"Length":1,"Height":93,"Demand":1,"DemandMax":null,"Value":93},{"Length":310,"Height":331,"Demand":1,"DemandMax":null,"Value":102610},{"Length":123,"Height":30,"Demand":1,"DemandMax":null,"Value":3690},{"Length":13,"Height":11,"Demand":1,"DemandMax":null,"Value":143},{"Length":14,"Height":153,"Demand":1,"DemandMax":null,"Value":2142},{"Length":1,"Height":15,"Demand":1,"DemandMax":null,"Value":15},{"Length":2,"Height":2,"Demand":1,"DemandMax":null,"Value":4},{"Length":131,"Height":8,"Demand":1,"DemandMax":null,"Value":1048},{"Length":7,"Height":3,"Demand":1,"DemandMax":null,"Value":21},{"Length":142,"Height":82,"Demand":1,"DemandMax":null,"Value":11644},{"Length":3,"Height":5,"Demand":1,"DemandMax":null,"Value":15},{"Length":57,"Height":109,"Demand":1,"DemandMax":null,"Value":6213},{"Length":1,"Height":47,"Demand":2,"DemandMax":null,"Value":47},{"Length":1,"Height":196,"Demand":1,"DemandMax":null,"Value":196},{"Length":221,"Height":319,"Demand":1,"DemandMax":null,"Value":70499},{"Length":1,"Height":56,"Demand":1,"DemandMax":null,"Value":56},{"Length":78,"Height":10,"Demand":1,"DemandMax":null,"Value":780},{"Length":153,"Height":47,"Demand":1,"DemandMax":null,"Value":7191},{"Length":1,"Height":7,"Demand":1,"DemandMax":null,"Value":7},{"Length":13,"Height":163,"Demand":1,"DemandMax":null,"Value":2119},{"Length":232,"Height":1,"Demand":1,"DemandMax":null,"Value":232},{"Length":30,"Height":144,"Demand":1,"DemandMax":null,"Value":4320},{"Length":7,"Height":10,"Demand":1,"DemandMax":null,"Value":70},{"Length":1,"Height":18,"Demand":1,"DemandMax":null,"Value":18},{"Length":128,"Height":10,"Demand":1,"DemandMax":null,"Value":1280},{"Length":68,"Height":330,"Demand":1,"DemandMax":null,"Value":22440},{"Length":1,"Height":101,"Demand":1,"DemandMax":null,"Value":101},{"Length":4,"Height":72,"Demand":1,"DemandMax":null,"Value":288},{"Length":5,"Height":35,"Demand":1,"DemandMax":null,"Value":175},{"Length":14,"Height":319,"Demand":1,"DemandMax":null,"Value":4466},{"Length":322,"Height":107,"Demand":1,"DemandMax":null,"Value":34454},{"Length":3,"Height":219,"Demand":1,"DemandMax":null,"Value":657},{"Length":2,"Height":25,"Demand":1,"DemandMax":null,"Value":50},{"Length":55,"Height":1,"Demand":1,"DemandMax":null,"Value":55},{"Length":54,"Height":153,"Demand":1,"DemandMax":null,"Value":8262},{"Length":1,"Height":219,"Demand":1,"DemandMax":null,"Value":219},{"Length":23,"Height":212,"Demand":1,"DemandMax":null,"Value":4876},{"Length":23,"Height":37,"Demand":1,"DemandMax":null,"Value":851},{"Length":211,"Height":8,"Demand":1,"DemandMax":null,"Value":1688},{"Length":23,"Height":102,"Demand":1,"DemandMax":null,"Value":2346},{"Length":14,"Height":66,"Demand":1,"DemandMax":null,"Value":924},{"Length":7,"Height":72,"Demand":1,"DemandMax":null,"Value":504},{"Length":142,"Height":27,"Demand":1,"DemandMax":null,"Value":3834},{"Length":348,"Height":86,"Demand":1,"DemandMax":null,"Value":29928},{"Length":35,"Height":78,"Demand":1,"DemandMax":null,"Value":2730},{"Length":1,"Height":16,"Demand":1,"DemandMax":null,"Value":16},{"Length":70,"Height":10,"Demand":1,"DemandMax":null,"Value":700},{"Length":7,"Height":2,"Demand":1,"DemandMax":null,"Value":14},{"Length":16,"Height":178,"Demand":1,"DemandMax":null,"Value":2848},{"Length":194,"Height":47,"Demand":1,"DemandMax":null,"Value":9118},{"Length":166,"Height":1,"Demand":1,"DemandMax":null,"Value":166},{"Length":55,"Height":29,"Demand":1,"DemandMax":null,"Value":1595},{"Length":211,"Height":7,"Demand":1,"DemandMax":null,"Value":1477},{"Length":116,"Height":1,"Demand":1,"DemandMax":null,"Value":116},{"Length":13,"Height":10,"Demand":1,"DemandMax":null,"Value":130},{"Length":16,"Height":134,"Demand":1,"DemandMax":null,"Value":2144},{"Length":1,"Height":38,"Demand":1,"DemandMax":null,"Value":38},{"Length":3,"Height":214,"Demand":1,"DemandMax":null,"Value":642}]}