{"Name":"Path500i6b4","Objects":[{"Length":308,"Height":531,"Stock":4,"Cost":163548},{"Length":368,"Height":448,"Stock":5,"Cost":164864},{"Length":266,"Height":552,"Stock":4,"Cost":146832},{"Length":308,"Height":469,"Stock":2,"Cost":144452},{"Length":426,"Height":552,"Stock":6,"Cost":235152},{"Length":324,"Height":448,"Stock":5,"Cost":145152}],"Items":[{"Length":190,"Height":8,"Demand":1,"DemandMax":null,"Value":1520},{"Length":84,"Height":87,"Demand":1,"DemandMax":null,"Value":7308},{"Length":19,"Height":207,"Demand":1,"DemandMax":null,"Value":3933},{"Length":39,"Height":6,"Demand":1,"DemandMax":null,"Value":234},{"Length":240,"Height":4,"Demand":1,"DemandMax":null,"Value":960},{"Length":98,"Height":72,"Demand":1,"DemandMax":null,"Value":7056},{"Length":242,"Height":63,"Demand":1,"DemandMax":null,"Value":15246},{"Length":261,"Height":20,"Demand":1,"DemandMax":null,"Value":5220},{"Length":168,"Height":8,"Demand":1,"DemandMax":null,"Value":1344},{"Length":28,"Height":22,"Demand":1,"DemandMax":null,"Value":616},{"Length":33,"Height":1,"Demand":1,"DemandMax":null,"Value":33},{"Length":92,"Height":86,"Demand":1,"DemandMax":null,"Value":7912},{"Length":215,"Height":178,"Demand":1,"DemandMax":null,"Value":38270},{"Length":2,"Height":4,"Demand":3,"DemandMax":null,"Value":8},{"Length":6,"Height":156,"Demand":1,"DemandMax":null,"Value":936},{"Length":214,"Height":63,"Demand":1,"DemandMax":null,"Value":13482},{"Length":14,"Height":204,"Demand":1,"DemandMax":null,"Value":2856},{"Length":109,"Height":6,"Demand":1,"DemandMax":null,"Value":654},{"Length":60,"Height":259,"Demand":1,"DemandMax":null,"Value":15540},{"Length":27,"Height":136,"Demand":1,"DemandMax":null,"Value":3672},{"Length":30,"Height":198,"Demand":1,"DemandMax":null,"Value":5940},{"Length":8,"Height":46,"Demand":1,"DemandMax":null,"Value":368},{"Length":215,"Height":2,"Demand":1,"DemandMax":null,"Value":430},{"Length":15,"Height":133,"Demand":1,"DemandMax":null,"Value":1995},{"Length":1,"Height":1,"Demand":37,"DemandMax":null,"Value":1},{"Length":4,"Height":1,"Demand":3,"DemandMax":null,"Value":4},{"Length":6,"Height":186,"Demand":1,"DemandMax":null,"Value":1116},{"Length":3,"Height":219,"Demand":2,"DemandMax":null,"Value":657},{"Length":59,"Height":41,"Demand":1,"DemandMax":null,"Value":2419},{"Length":266,"Height":1,"Demand":1,"DemandMax":null,"Value":266},{"Length":49,"Height":41,"Demand":1,"DemandMax":null,"Value":2009},{"Length":2,"Height":33,"Demand":2,"DemandMax":null,"Value":66},{"Length":142,"Height":115,"Demand":1,"DemandMax":null,"Value":16330},{"Length":12,"Height":1,"Demand":1,"DemandMax":null,"Value":12},{"Length":1,"Height":15,"Demand":1,"DemandMax":null,"Value":15},{"Length":105,"Height":1,"Demand":2,"DemandMax":null,"Value":105},{"Length":10,"Height":133,"Demand":1,"DemandMax":null,"Value":1330},{"Length":16,"Height":42,"Demand":1,"DemandMax":null,"Value":672},{"Length":1,"Height":142,"Demand":1,"DemandMax":null,"Value":142},{"Length":15,"Height":70,"Demand":1,"DemandMax":null,"Value":1050},{"Length":10,"Height":60,"Demand":1,"DemandMax":null,"Value":600},{"Length":14,"Height":65,"Demand":1,"DemandMax":null,"Value":910},{"Length":3,"Height":4,"Demand":2,"DemandMax":null,"Value":12},{"Length":1,"Height":22,"Demand":2,"DemandMax":null,"Value":22},{"Length":12,"Height":136,"Demand":1,"DemandMax":null,"Value":1632},{"Length":15,"Height":4,"Demand":3,"DemandMax":null,"Value":60},{"Length":14,"Height":166,"Demand":1,"DemandMax":null,"Value":2324},{"Length":1,"Height":19,"Demand":1,"DemandMax":null,"Value":19},{"Length":40,"Height":226,"Demand":1,"DemandMax":null,"Value":9040},{"Length":3,"Height":1,"Demand":5,"DemandMax":null,"Value":3},{"Length":2,"Height":36,"Demand":2,"DemandMax":null,"Value":72},{"Length":1,"Height":5,"Demand":5,"DemandMax":null,"Value":5},{"Length":1,"Height":9,"Demand":2,"DemandMax":null,"Value":9},{"Length":1,"Height":80,"Demand":1,"DemandMax":null,"Value":80},{"Length":1,"Height":2,"Demand":10,"DemandMax":null,"Value":2},{"Length":83,"Height":121,"Demand":1,"DemandMax":null,"Value":10043},{"Length":108,"Height":20,"Demand":1,"DemandMax":null,"Value":2160},{"Length":1,"Height":18,"Demand":4,"DemandMax":null,"Value":18},{"Length":1,"Height":6,"Demand":4,"DemandMax":null,"Value":6},{"Length":5,"Height":192,"Demand":2,"DemandMax":null,"Value":960},{"Length":186,"Height":175,"Demand":1,"DemandMax":null,"Value":32550},{"Length":21,"Height":28,"Demand":1,"DemandMax":null,"Value":588},{"Length":6,"Height":24,"Demand":1,"DemandMax":null,"Value":144},{"Length":4,"Height":90,"Demand":1,"DemandMax":null,"Value":360},{"Length":8,"Height":51,"Demand":1,"DemandMax":null,"Value":408},{"Length":261,"Height":1,"Demand":1,"DemandMax":null,"Value":261},{"Length":111,"Height":206,"Demand":1,"DemandMax":null,"Value":22866},{"Length":12,"Height":204,"Demand":1,"DemandMax":null,"Value":2448},{"Length":240,"Height":181,"Demand":1,"DemandMax":null,"Value":43440},{"Length":13,"Height":51,"Demand":1,"DemandMax":null,"Value":663},{"Length":118,"Height":265,"Demand":1,"DemandMax":null,"Value":31270},{"Length":1,"Height":33,"Demand":3,"DemandMax":null,"Value":33},{"Length":25,"Height":21,"Demand":1,"DemandMax":null,"Value":525},{"Length":24,"Height":6,"Demand":1,"DemandMax":null,"Value":144},{"Length":15,"Height":30,"Demand":1,"DemandMax":null,"Value":450},{"Length":10,"Height":98,"Demand":1,"DemandMax":null,"Value":980},{"Length":90,"Height":51,"Demand":1,"DemandMax":null,"Value":4590},{"Length":7,"Height":1,"Demand":4,"DemandMax":null,"Value":7},{"Length":25,"Height":17,"Demand":1,"DemandMax":null,"Value":425},{"Length":14,"Height":22,"Demand":1,"DemandMax":null,"Value":308},{"Length":166,"Height":71,"Demand":1,"DemandMax":null,"Value":11786},{"Length":113,"Height":62,"Demand":1,"DemandMax":null,"Value":7006},{"Length":15,"Height":20,"Demand":1,"DemandMax":null,"Value":300},{"Length":28,"Height":21,"Demand":1,"DemandMax":null,"Value":588},{"Length":95,"Height":46,"Demand":1,"DemandMax":null,"Value":4370},{"Length":74,"Height":175,"Demand":1,"DemandMax":null,"Value":12950},{"Length":29,"Height":3,"Demand":1,"DemandMax":null,"Value":87},{"Length":4,"Height":12,"Demand":2,"DemandMax":null,"Value":48},{"Length":3,"Height":153,"Demand":1,"DemandMax":null,"Value":459},{"Length":2,"Height":1,"Demand":11,"DemandMax":null,"Value":2},{"Length":40,"Height":125,"Demand":1,"DemandMax":null,"Value":5000},{"Length":8,"Height":149,"Demand":1,"DemandMax":null,"Value":1192},{"Length":19,"Height":58,"Demand":1,"DemandMax":null,"Value":1102},{"Length":6,"Height":71,"Demand":1,"DemandMax":null,"Value":426},{"Length":36,"Height":135,"Demand":1,"DemandMax":null,"Value":4860},{"Length":2,"Height":10,"Demand":1,"DemandMax":null,"Value":20},{"Length":8,"Height":1,"Demand":2,"DemandMax":null,"Value":8},{"Length":93,"Height":33,"Demand":1,"DemandMax":null,"Value":3069},{"Length":2,"Height":12,"Demand":1,"DemandMax":null,"Value":24},{"Length":13,"Height":1,"Demand":2,"DemandMax":null,"Value":13},{"Length":24,"Height":13,"Demand":1,"DemandMax":null,"Value":312},{"Length":15,"Height":40,"Demand":1,"DemandMax":null,"Value":600},{"Length":15,"Height":131,"Demand":1,"DemandMax":null,"Value":1965},{"Length":14,"Height":2,"Demand":1,"DemandMax":null,"Value":28},{"Length":15,"Height":78,"Demand":1,"DemandMax":null,"Value":1170},{"Length":25,"Height":3,"Demand":1,"DemandMax":null,"Value":75},{"Length":71,"Height":59,"Demand":1,"DemandMax":null,"Value":4189},{"Length":15,"Height":3,"Demand":1,"DemandMax":null,"Value":45},{"Length":6,"Height":16,"Demand":1,"DemandMax":null,"Value":96},{"Length":21,"Height":1,"Demand":1,"DemandMax":null,"Value":21},{"Length":5,"Height":19,"Demand":1,"DemandMax":null,"Value":95},{"Length":25,"Height":14,"Demand":1,"DemandMax":null,"Value":350},{"Length":10,"Height":25,"Demand":1,"DemandMax":null,"Value":250},{"Length":13,"Height":100,"Demand":1,"DemandMax":null,"Value":1300},{"Length":19,"Height":4,"Demand":2,"DemandMax":null,"Value":76},{"Length":191,"Height":266,"Demand":1,"DemandMax":null,"Value":50806},{"Length":25,"Height":134,"Demand":1,"DemandMax":null,"Value":3350},{"Length":1,"Height":27,"Demand":2,"DemandMax":null,"Value":27},{"Length":3,"Height":6,"Demand":1,"DemandMax":null,"Value":18},{"Length":23,"Height":35,"Demand":1,"DemandMax":null,"Value":805},{"Length":77,"Height":42,"Demand":1,"DemandMax":null,"Value":3234},{"Length":6,"Height":27,"Demand":1,"DemandMax":null,"Value":162},{"Length":28,"Height":1,"Demand":1,"DemandMax":null,"Value":28},{"Length":3,"Height":2,"Demand":2,"DemandMax":null,"Value":6},{"Length":2,"Height":27,"Demand":1,"DemandMax":null,"Value":54},{"Length":85,"Height":23,"Demand":1,"DemandMax":null,"Value":1955},{"Length":1,"Height":35,"Demand":1,"DemandMax":null,"Value":35},{"Length":21,"Height":3,"Demand":1,"DemandMax":null,"Value":63},{"Length":56,"Height":13,"Demand":1,"DemandMax":null,"Value":728},{"Length":13,"Height":149,"Demand":1,"DemandMax":null,"Value":1937},{"Length":77,"Height":5,"Demand":1,"DemandMax":null,"Value":385},{"Length":10,"Height":18,"Demand":1,"DemandMax":null,"Value":180},{"Length":21,"Height":65,"Demand":1,"DemandMax":null,"Value":1365},{"Length":36,"Height":138,"Demand":1,"DemandMax":null,"Value":4968},{"Length":4,"Height":33,"Demand":1,"DemandMax":null,"Value":132},{"Length":8,"Height":128,"Demand":1,"DemandMax":null,"Value":1024},{"Length":52,"Height":45,"Demand":1,"DemandMax":null,"Value":2340},{"Length":65,"Height":1,"Demand":1,"DemandMax":null,"Value":65},{"Length":10,"Height":2,"Demand":1,"DemandMax":null,"Value":20},{"Length":3,"Height":5,"Demand":2,"DemandMax":null,"Value":15},{"Length":2,"Height":174,"Demand":1,"DemandMax":null,"Value":348},{"Length":3,"Height":28,"Demand":1,"DemandMax":null,"Value":84},{"Length":184,"Height":49,"Demand":1,"DemandMax":null,"Value":9016},{"Length":10,"Height":65,"Demand":1,"DemandMax":null,"Value":650},{"Length":136,"Height":15,"Demand":1,"DemandMax":null,"Value":2040},{"Length":10,"Height":3,"Demand":1,"DemandMax":null,"Value":30},{"Length":9,"Height":2,"Demand":2,"DemandMax":null,"Value":18},{"Length":95,"Height":59,"Demand":1,"DemandMax":null,"Value":5605},{"Length":3,"Height":176,"Demand":1,"DemandMax":null,"Value":528},{"Length":14,"Height":6,"Demand":1,"DemandMax":null,"Value":84},{"Length":6,"Height":90,"Demand":2,"DemandMax":null,"Value":540},{"Length":41,"Height":177,"Demand":1,"DemandMax":null,"Value":7257},{"Length":1,"Height":25,"Demand":3,"DemandMax":null,"Value":25},{"Length":4,"Height":10,"Demand":1,"DemandMax":null,"Value":40},{"Length":215,"Height":25,"Demand":1,"DemandMax":null,"Value":5375},{"Length":15,"Height":138,"Demand":1,"DemandMax":null,"Value":2070},{"Length":40,"Height":204,"Demand":1,"DemandMax":null,"Value":8160},{"Length":6,"Height":3,"Demand":1,"DemandMax":null,"Value":18},{"Length":33,"Height":35,"Demand":1,"DemandMax":null,"Value":1155},{"Length":56,"Height":207,"Demand":1,"DemandMax":null,"Value":11592},{"Length":130,"Height":75,"Demand":1,"DemandMax":null,"Value":9750},{"Length":6,"Height":37,"Demand":1,"DemandMax":null,"Value":222},{"Length":65,"Height":41,"Demand":1,"DemandMax":null,"Value":2665},{"Length":24,"Height":206,"Demand":1,"DemandMax":null,"Value":4944},{"Length":3,"Height":8,"Demand":2,"DemandMax":null,"Value":24},{"Length":1,"Height":13,"Demand":1,"DemandMax":null,"Value":13},{"Length":2,"Height":11,"Demand":1,"DemandMax":null,"Value":22},{"Length":5,"Height":257,"Demand":1,"DemandMax":null,"Value":1285},{"Length":78,"Height":1,"Demand":1,"DemandMax":null,"Value":78},{"Length":2,"Height":9,"Demand":3,"DemandMax":null,"Value":18},{"Length":2,"Height":97,"Demand":1,"DemandMax":null,"Value":194},{"Length":240,"Height":86,"Demand":1,"DemandMax":null,"Value":20640},{"Length":41,"Height":7,"Demand":1,"DemandMax":null,"Value":287},{"Length":1,"Height":112,"Demand":1,"DemandMax":null,"Value":112},{"Length":1,"Height":8,"Demand":3,"DemandMax":null,"Value":8},{"Length":15,"Height":10,"Demand":1,"DemandMax":null,"Value":150},{"Length":32,"Height":19,"Demand":1,"DemandMax":null,"Value":608},{"Length":142,"Height":57,"Demand":1,"DemandMax":null,"Value":8094},{"Length":15,"Height":111,"Demand":1,"DemandMax":null,"Value":1665},{"Length":41,"Height":1,"Demand":1,"DemandMax":null,"Value":41},{"Length":2,"Height":14,"Demand":1,"DemandMax":null,"Value":28},{"Length":5,"Height":1,"Demand":1,"DemandMax":null,"Value":5},{"Length":57,"Height":1,"Demand":1,"DemandMax":null,"Value":57},{"Length":9,"Height":25,"Demand":1,"DemandMax":null,"Value":225},{"Length":21,"Height":2,"Demand":1,"DemandMax":null,"Value":42},{"Length":89,"Height":26,"Demand":1,"DemandMax":null,"Value":2314},{"Length":106,"Height":266,"Demand":1,"DemandMax":null,"Value":28196},{"Length":226,"Height":2,"Demand":1,"DemandMax":null,"Value":452},{"Length":16,"Height":1,"Demand":2,"DemandMax":null,"Value":16},{"Length":1,"Height":4,"Demand":5,"DemandMax":null,"Value":4},{"Length":6,"Height":19,"Demand":1,"DemandMax":null,"Value":114},{"Length":124,"Height":54,"Demand":1,"DemandMax":null,"Value":6696},{"Length":1,"Height":125,"Demand":1,"DemandMax":null,"Value":125},{"Length":57,"Height":89,"Demand":1,"DemandMax":null,"Value":5073},{"Length":266,"Height":84,"Demand":1,"DemandMax":null,"Value":22344},{"Length":18,"Height":13,"Demand":1,"DemandMax":null,"Value":234},{"Length":39,"Height":37,"Demand":1,"DemandMax":null,"Value":1443},{"Length":60,"Height":1,"Demand":1,"DemandMax":null,"Value":60},{"Length":15,"Height":18,"Demand":1,"DemandMax":null,"Value":270},{"Length":18,"Height":51,"Demand":1,"DemandMax":null,"Value":918},{"Length":11,"Height":13,"Demand":1,"DemandMax":null,"Value":143},{"Length":10,"Height":51,"Demand":2,"DemandMax":null,"Value":510},{"Length":27,"Height":4,"Demand":1,"DemandMax":null,"Value":108},{"Length":29,"Height":63,"Demand":1,"DemandMax":null,"Value":1827},{"Length":37,"Height":1,"Demand":1,"DemandMax":null,"Value":37},{"Length":173,"Height":1,"Demand":1,"DemandMax":null,"Value":173},{"Length":1,"Height":52,"Demand":2,"DemandMax":null,"Value":52},{"Length":151,"Height":3,"Demand":1,"DemandMax":null,"Value":453},{"Length":110,"Height":188,"Demand":1,"DemandMax":null,"Value":20680},{"Length":83,"Height":31,"Demand":1,"DemandMax":null,"Value":2573},{"Length":1,"Height":14,"Demand":2,"DemandMax":null,"Value":14},{"Length":29,"Height":20,"Demand":1,"DemandMax":null,"Value":580},{"Length":5,"Height":2,"Demand":1,"DemandMax":null,"Value":10},{"Length":65,"Height":117,"Demand":1,"DemandMax":null,"Value":7605},{"Length":130,"Height":23,"Demand":1,"DemandMax":null,"Value":2990},{"Length":75,"Height":24,"Demand":1,"DemandMax":null,"Value":1800},{"Length":1,"Height":24,"Demand":2,"DemandMax":null,"Value":24},{"Length":118,"Height":54,"Demand":1,"DemandMax":null,"Value":6372},{"Length":1,"Height":174,"Demand":1,"DemandMax":null,"Value":174},{"Length":8,"Height":8,"Demand":1,"DemandMax":null,"Value":64},{"Length":10,"Height":23,"Demand":1,"DemandMax":null,"Value":230},{"Length":1,"Height":58,"Demand":1,"DemandMax":null,"Value":58},{"Length":65,"Height":10,"Demand":1,"DemandMax":null,"Value":650},{"Length":1,"Height":66,"Demand":1,"DemandMax":null,"Value":66},{"Length":168,"Height":18,"Demand":1,"DemandMax":null,"Value":3024},{"Length":42,"Height":35,"Demand":1,"DemandMax":null,"Value":1470},{"Length":24,"Height":1,"Demand":2,"DemandMax":null,"Value":24},{"Length":121,"Height":160,"Demand":1,"DemandMax":null,"Value":19360},{"Length":168,"Height":139,"Demand":1,"DemandMax":null,"Value":23352},{"Length":15,"Height":19,"Demand":1,"DemandMax":null,"Value":285},{"Length":5,"Height":7,"Demand":1,"DemandMax":null,"Value":35},{"Length":266,"Height":3,"Demand":1,"DemandMax":null,"Value":798},{"Length":253,"Height":1,"Demand":1,"DemandMax":null,"Value":253},{"Length":18,"Height":41,"Demand":1,"DemandMax":null,"Value":738},{"Length":34,"Height":45,"Demand":1,"DemandMax":null,"Value":1530},{"Length":14,"Height":1,"Demand":1,"DemandMax":null,"Value":14},{"Length":6,"Height":49,"Demand":1,"DemandMax":null,"Value":294},{"Length":161,"Height":82,"Demand":1,"DemandMax":null,"Value":13202},{"Length":1,"Height":115,"Demand":1,"DemandMax":null,"Value":115},{"Length":2,"Height":61,"Demand":1,"DemandMax":null,"Value":122},{"Length":113,"Height":76,"Demand":1,"DemandMax":null,"Value":8588},{"Length":36,"Height":1,"Demand":1,"DemandMax":null,"Value":36},{"Length":1,"Height":3,"Demand":3,"DemandMax":null,"Value":3},{"Length":14,"Height":3,"Demand":1,"DemandMax":null,"Value":42},{"Length":136,"Height":160,"Demand":1,"DemandMax":null,"Value":21760},{"Length":4,"Height":9,"Demand":1,"DemandMax":null,"Value":36},{"Length":29,"Height":112,"Demand":1,"DemandMax":null,"Value":3248},{"Length":37,"Height":80,"Demand":1,"DemandMax":null,"Value":2960},{"Length":110,"Height":17,"Demand":1,"DemandMax":null,"Value":1870},{"Length":15,"Height":1,"Demand":4,"DemandMax":null,"Value":15},{"Length":4,"Height":11,"Demand":1,"DemandMax":null,"Value":44},{"Length":157,"Height":6,"Demand":1,"DemandMax":null,"Value":942},{"Length":15,"Height":81,"Demand":1,"DemandMax":null,"Value":1215},{"Length":56,"Height":41,"Demand":1,"DemandMax":null,"Value":2296},{"Length":10,"Height":17,"Demand":1,"DemandMax":null,"Value":170},{"Length":2,"Height":160,"Demand":1,"DemandMax":null,"Value":320},{"Length":4,"Height":16,"Demand":1,"DemandMax":null,"Value":64},{"Length":3,"Height":7,"Demand":1,"DemandMax":null,"Value":21},{"Length":15,"Height":2,"Demand":2,"DemandMax":null,"Value":30},{"Length":15,"Height":9,"Demand":1,"DemandMax":null,"Value":135},{"Length":11,"Height":3,"Demand":1,"DemandMax":null,"Value":33},{"Length":49,"Height":42,"Demand":1,"DemandMax":null,"Value":2058},{"Length":25,"Height":40,"Demand":1,"DemandMax":null,"Value":1000},{"Length":2,"Height":7,"Demand":1,"DemandMax":null,"Value":14},{"Length":2,"Height":49,"Demand":1,"DemandMax":null,"Value":98},{"Length":7,"Height":3,"Demand":1,"DemandMax":null,"Value":21},{"Length":2,"Height":24,"Demand":2,"DemandMax":null,"Value":48},{"Length":6,"Height":1,"Demand":2,"DemandMax":null,"Value":6},{"Length":10,"Height":61,"Demand":1,"DemandMax":null,"Value":610},{"Length":19,"Height":6,"Demand":1,"DemandMax":null,"Value":114},{"Length":1,"Height":65,"Demand":1,"DemandMax":null,"Value":65},{"Length":130,"Height":89,"Demand":1,"DemandMax":null,"Value":11570},{"Length":23,"Height":6,"Demand":1,"DemandMax":null,"Value":138},{"Length":10,"Height":11,"Demand":1,"DemandMax":null,"Value":110},{"Length":9,"Height":192,"Demand":1,"DemandMax":null,"Value":1728},{"Length":62,"Height":65,"Demand":1,"DemandMax":null,"Value":4030},{"Length":125,"Height":1,"Demand":1,"DemandMax":null,"Value":125},{"Length":11,"Height":1,"Demand":1,"DemandMax":null,"Value":11},{"Length":11,"Height":10,"Demand":1,"DemandMax":null,"Value":110},{"Length":41,"Height":34,"Demand":1,"DemandMax":null,"Value":1394},{"Length":31,"Height":19,"Demand":1,"DemandMax":null,"Value":589},{"Length":15,"Height":44,"Demand":1,"DemandMax":null,"Value":660},{"Length":47,"Height":77,"Demand":1,"DemandMax":null,"Value":3619},{"Length":15,"Height":34,"Demand":1,"DemandMax":null,"Value":510},{"Length":3,"Height":17,"Demand":1,"DemandMax":null,"Value":51},{"Length":2,"Height":77,"Demand":2,"DemandMax":null,"Value":154},{"Length":120,"Height":1,"Demand":1,"DemandMax":null,"Value":120},{"Length":24,"Height":77,"Demand":1,"DemandMax":null,"Value":1848},{"Length":38,"Height":37,"Demand":1,"DemandMax":null,"Value":1406},{"Length":63,"Height":1,"Demand":2,"DemandMax":null,"Value":63},{"Length":8,"Height":13,"Demand":1,"DemandMax":null,"Value":104},{"Length":55,"Height":3,"Demand":1,"DemandMax":null,"Value":165},{"Length":5,"Height":5,"Demand":1,"DemandMax":null,"Value":25},{"Length":13,"Height":8,"Demand":1,"DemandMax":null,"Value":104},{"Length":2,"Height":20,"Demand":2,"DemandMax":null,"Value":40},{"Length":1,"Height":16,"Demand":1,"DemandMax":null,"Value":16},{"Length":10,"Height":22,"Demand":1,"DemandMax":null,"Value":220},{"Length":22,"Height":1,"Demand":1,"DemandMax":null,"Value":22},{"Length":186,"Height":83,"Demand":1,"DemandMax":null,"Value":15438},{"Length":1,"Height":77,"Demand":1,"DemandMax":null,"Value":77},{"Length":2,"Height":31,"Demand":1,"DemandMax":null,"Value":62},{"Length":3,"Height":31,"Demand":1,"DemandMax":null,"Value":93},{"Length":2,"Height":5,"Demand":1,"DemandMax":null,"Value":10},{"Length":98,"Height":10,"Demand":1,"DemandMax":null,"Value":980},{"Length":23,"Height":10,"Demand":1,"DemandMax":null,"Value":230},{"Length":203,"Height":1,"Demand":1,"DemandMax":null,"Value":203},{"Length":1,"Height":45,"Demand":4,"DemandMax":null,"Value":45},{"Length":240,"Height":6,"Demand":1,"DemandMax":null,"Value":1440},{"Length":26,"Height":2,"Demand":1,"DemandMax":null,"Value":52},{"Length":3,"Height":46,"Demand":1,"DemandMax":null,"Value":138},{"Length":17,"Height":1,"Demand":1,"DemandMax":null,"Value":17},{"Length":130,"Height":62,"Demand":1,"DemandMax":null,"Value":8060},{"Length":19,"Height":1,"Demand":1,"DemandMax":null,"Value":19},{"Length":13,"Height":4,"Demand":1,"DemandMax":null,"Value":52},{"Length":24,"Height":17,"Demand":1,"DemandMax":null,"Value":408},{"Length":17,"Height":7,"Demand":1,"DemandMax":null,"Value":119},{"Length":126,"Height":73,"Demand":1,"DemandMax":null,"Value":9198},{"Length":168,"Height":41,"Demand":1,"DemandMax":null,"Value":6888},{"Length":10,"Height":198,"Demand":1,"DemandMax":null,"Value":1980},{"Length":162,"Height":24,"Demand":1,"DemandMax":null,"Value":3888},{"Length":29,"Height":1,"Demand":1,"DemandMax":null,"Value":29},{"Length":2,"Height":3,"Demand":2,"DemandMax":null,"Value":6},{"Length":186,"Height":68,"Demand":1,"DemandMax":null,"Value":12648},{"Length":21,"Height":51,"Demand":1,"DemandMax":null,"Value":1071},{"Length":1,"Height":111,"Demand":1,"DemandMax":null,"Value":111},{"Length":10,"Height":35,"Demand":1,"DemandMax":null,"Value":350},{"Length":9,"Height":12,"Demand":1,"DemandMax":null,"Value":108},{"Length":266,"Height":33,"Demand":1,"DemandMax":null,"Value":8778},{"Length":19,"Height":75,"Demand":1,"DemandMax":null,"Value":1425},{"Length":3,"Height":51,"Demand":1,"DemandMax":null,"Value":153},{"Length":184,"Height":208,"Demand":1,"DemandMax":null,"Value":38272},{"Length":2,"Height":2,"Demand":1,"DemandMax":null,"Value":4},{"Length":14,"Height":14,"Demand":1,"DemandMax":null,"Value":196},{"Length":10,"Height":1,"Demand":1,"DemandMax":null,"Value":10},{"Length":4,"Height":3,"Demand":1,"DemandMax":null,"Value":12},{"Length":27,"Height":1,"Demand":1,"DemandMax":null,"Value":27},{"Length":36,"Height":2,"Demand":1,"DemandMax":null,"Value":72},{"Length":2,"Height":19,"Demand":1,"DemandMax":null,"Value":38},{"Length":55,"Height":5,"Demand":1,"DemandMax":null,"Value":275},{"Length":1,"Height":28,"Demand":1,"DemandMax":null,"Value":28},{"Length":21,"Height":206,"Demand":1,"DemandMax":null,"Value":4326},{"Length":234,"Height":32,"Demand":1,"DemandMax":null,"Value":7488},{"Length":242,"Height":87,"Demand":1,"DemandMax":null,"Value":21054},{"Length":105,"Height":3,"Demand":1,"DemandMax":null,"Value":315},{"Length":151,"Height":13,"Demand":1,"DemandMax":null,"Value":1963},{"Length":2,"Height":131,"Demand":1,"DemandMax":null,"Value":262},{"Length":3,"Height":3,"Demand":1,"DemandMax":null,"Value":9},{"Length":151,"Height":1,"Demand":1,"DemandMax":null,"Value":151},{"Length":15,"Height":17,"Demand":1,"DemandMax":null,"Value":255},{"Length":1,"Height":131,"Demand":1,"DemandMax":null,"Value":131},{"Length":148,"Height":22,"Demand":1,"DemandMax":null,"Value":3256},{"Length":3,"Height":20,"Demand":1,"DemandMax":null,"Value":60},{"Length":39,"Height":71,"Demand":1,"DemandMax":null,"Value":2769},{"Length":60,"Height":7,"Demand":1,"DemandMax":null,"Value":420},{"Length":1,"Height":20,"Demand":1,"DemandMax":null,"Value":20},{"Length":141,"Height":1,"Demand":1,"DemandMax":null,"Value":141},{"Length":8,"Height":10,"Demand":1,"DemandMax":null,"Value":80},{"Length":66,"Height":1,"Demand":1,"DemandMax":null,"Value":66},{"Length":20,"Height":1,"Demand":1,"DemandMax":null,"Value":20},{"Length":104,"Height":15,"Demand":1,"DemandMax":null,"Value":1560},{"Length":14,"Height":51,"Demand":1,"DemandMax":null,"Value":714},{"Length":1,"Height":12,"Demand":1,"DemandMax":null,"Value":12},{"Length":1,"Height":7,"Demand":2,"DemandMax":null,"Value":7},{"Length":6,"Height":12,"Demand":1,"DemandMax":null,"Value":72},{"Length":6,"Height":32,"Demand":1,"DemandMax":null,"Value":192},{"Length":28,"Height":33,"Demand":1,"DemandMax":null,"Value":924},{"Length":13,"Height":20,"Demand":1,"DemandMax":null,"Value":260},{"Length":43,"Height":80,"Demand":1,"DemandMax":null,"Value":3440},{"Length":2,"Height":80,"Demand":1,"DemandMax":null,"Value":160},{"Length":28,"Height":2,"Demand":1,"DemandMax":null,"Value":56}]}