{"Name":"Path400i5b2","Objects":[{"Length":501,"Height":476,"Stock":5,"Cost":238476},{"Length":499,"Height":250,"Stock":2,"Cost":124750},{"Length":501,"Height":524,"Stock":6,"Cost":262524},{"Length":499,"Height":456,"Stock":6,"Cost":227544},{"Length":499,"Height":294,"Stock":6,"Cost":146706}],"Items":[{"Length":41,"Height":45,"Demand":1,"DemandMax":null,"Value":1845},{"Length":102,"Height":97,"Demand":1,"DemandMax":null,"Value":9894},{"Length":102,"Height":225,"Demand":1,"DemandMax":null,"Value":22950},{"Length":130,"Height":46,"Demand":1,"DemandMax":null,"Value":5980},{"Length":249,"Height":178,"Demand":1,"DemandMax":null,"Value":44322},{"Length":250,"Height":5,"Demand":2,"DemandMax":null,"Value":1250},{"Length":1,"Height":250,"Demand":1,"DemandMax":null,"Value":250},{"Length":1,"Height":1,"Demand":57,"DemandMax":null,"Value":1},{"Length":41,"Height":13,"Demand":1,"DemandMax":null,"Value":533},{"Length":33,"Height":64,"Demand":1,"DemandMax":null,"Value":2112},{"Length":56,"Height":236,"Demand":1,"DemandMax":null,"Value":13216},{"Length":4,"Height":15,"Demand":3,"DemandMax":null,"Value":60},{"Length":73,"Height":11,"Demand":1,"DemandMax":null,"Value":803},{"Length":12,"Height":132,"Demand":1,"DemandMax":null,"Value":1584},{"Length":186,"Height":14,"Demand":1,"DemandMax":null,"Value":2604},{"Length":68,"Height":19,"Demand":1,"DemandMax":null,"Value":1292},{"Length":31,"Height":181,"Demand":1,"DemandMax":null,"Value":5611},{"Length":16,"Height":57,"Demand":1,"DemandMax":null,"Value":912},{"Length":1,"Height":120,"Demand":1,"DemandMax":null,"Value":120},{"Length":4,"Height":150,"Demand":1,"DemandMax":null,"Value":600},{"Length":73,"Height":41,"Demand":1,"DemandMax":null,"Value":2993},{"Length":20,"Height":1,"Demand":2,"DemandMax":null,"Value":20},{"Length":250,"Height":135,"Demand":1,"DemandMax":null,"Value":33750},{"Length":25,"Height":1,"Demand":2,"DemandMax":null,"Value":25},{"Length":71,"Height":6,"Demand":1,"DemandMax":null,"Value":426},{"Length":22,"Height":105,"Demand":1,"DemandMax":null,"Value":2310},{"Length":185,"Height":49,"Demand":1,"DemandMax":null,"Value":9065},{"Length":104,"Height":55,"Demand":1,"DemandMax":null,"Value":5720},{"Length":72,"Height":105,"Demand":1,"DemandMax":null,"Value":7560},{"Length":34,"Height":28,"Demand":1,"DemandMax":null,"Value":952},{"Length":1,"Height":61,"Demand":1,"DemandMax":null,"Value":61},{"Length":3,"Height":2,"Demand":2,"DemandMax":null,"Value":6},{"Length":175,"Height":2,"Demand":1,"DemandMax":null,"Value":350},{"Length":178,"Height":1,"Demand":1,"DemandMax":null,"Value":178},{"Length":250,"Height":42,"Demand":1,"DemandMax":null,"Value":10500},{"Length":8,"Height":13,"Demand":1,"DemandMax":null,"Value":104},{"Length":51,"Height":1,"Demand":1,"DemandMax":null,"Value":51},{"Length":3,"Height":6,"Demand":1,"DemandMax":null,"Value":18},{"Length":250,"Height":85,"Demand":1,"DemandMax":null,"Value":21250},{"Length":15,"Height":39,"Demand":1,"DemandMax":null,"Value":585},{"Length":1,"Height":4,"Demand":1,"DemandMax":null,"Value":4},{"Length":135,"Height":102,"Demand":1,"DemandMax":null,"Value":13770},{"Length":15,"Height":13,"Demand":2,"DemandMax":null,"Value":195},{"Length":45,"Height":24,"Demand":1,"DemandMax":null,"Value":1080},{"Length":208,"Height":71,"Demand":1,"DemandMax":null,"Value":14768},{"Length":15,"Height":2,"Demand":1,"DemandMax":null,"Value":30},{"Length":27,"Height":45,"Demand":1,"DemandMax":null,"Value":1215},{"Length":5,"Height":35,"Demand":1,"DemandMax":null,"Value":175},{"Length":45,"Height":12,"Demand":1,"DemandMax":null,"Value":540},{"Length":89,"Height":13,"Demand":1,"DemandMax":null,"Value":1157},{"Length":3,"Height":56,"Demand":1,"DemandMax":null,"Value":168},{"Length":26,"Height":13,"Demand":1,"DemandMax":null,"Value":338},{"Length":6,"Height":21,"Demand":1,"DemandMax":null,"Value":126},{"Length":21,"Height":147,"Demand":1,"DemandMax":null,"Value":3087},{"Length":3,"Height":1,"Demand":12,"DemandMax":null,"Value":3},{"Length":67,"Height":42,"Demand":1,"DemandMax":null,"Value":2814},{"Length":3,"Height":152,"Demand":1,"DemandMax":null,"Value":456},{"Length":1,"Height":78,"Demand":1,"DemandMax":null,"Value":78},{"Length":9,"Height":40,"Demand":1,"DemandMax":null,"Value":360},{"Length":1,"Height":105,"Demand":1,"DemandMax":null,"Value":105},{"Length":4,"Height":13,"Demand":1,"DemandMax":null,"Value":52},{"Length":11,"Height":145,"Demand":1,"DemandMax":null,"Value":1595},{"Length":200,"Height":225,"Demand":1,"DemandMax":null,"Value":45000},{"Length":7,"Height":1,"Demand":5,"DemandMax":null,"Value":7},{"Length":12,"Height":1,"Demand":1,"DemandMax":null,"Value":12},{"Length":1,"Height":33,"Demand":1,"DemandMax":null,"Value":33},{"Length":65,"Height":15,"Demand":1,"DemandMax":null,"Value":975},{"Length":13,"Height":1,"Demand":1,"DemandMax":null,"Value":13},{"Length":102,"Height":10,"Demand":1,"DemandMax":null,"Value":1020},{"Length":5,"Height":1,"Demand":2,"DemandMax":null,"Value":5},{"Length":21,"Height":42,"Demand":1,"DemandMax":null,"Value":882},{"Length":188,"Height":214,"Demand":1,"DemandMax":null,"Value":40232},{"Length":3,"Height":147,"Demand":1,"DemandMax":null,"Value":441},{"Length":102,"Height":36,"Demand":1,"DemandMax":null,"Value":3672},{"Length":29,"Height":13,"Demand":1,"DemandMax":null,"Value":377},{"Length":6,"Height":112,"Demand":1,"DemandMax":null,"Value":672},{"Length":53,"Height":57,"Demand":1,"DemandMax":null,"Value":3021},{"Length":70,"Height":25,"Demand":1,"DemandMax":null,"Value":1750},{"Length":2,"Height":1,"Demand":10,"DemandMax":null,"Value":2},{"Length":3,"Height":105,"Demand":1,"DemandMax":null,"Value":315},{"Length":249,"Height":244,"Demand":1,"DemandMax":null,"Value":60756},{"Length":3,"Height":192,"Demand":1,"DemandMax":null,"Value":576},{"Length":15,"Height":58,"Demand":1,"DemandMax":null,"Value":870},{"Length":10,"Height":160,"Demand":1,"DemandMax":null,"Value":1600},{"Length":13,"Height":14,"Demand":1,"DemandMax":null,"Value":182},{"Length":80,"Height":1,"Demand":2,"DemandMax":null,"Value":80},{"Length":15,"Height":6,"Demand":1,"DemandMax":null,"Value":90},{"Length":4,"Height":1,"Demand":6,"DemandMax":null,"Value":4},{"Length":249,"Height":166,"Demand":1,"DemandMax":null,"Value":41334},{"Length":10,"Height":23,"Demand":1,"DemandMax":null,"Value":230},{"Length":12,"Height":9,"Demand":1,"DemandMax":null,"Value":108},{"Length":1,"Height":27,"Demand":1,"DemandMax":null,"Value":27},{"Length":1,"Height":5,"Demand":1,"DemandMax":null,"Value":5},{"Length":185,"Height":7,"Demand":1,"DemandMax":null,"Value":1295},{"Length":33,"Height":1,"Demand":1,"DemandMax":null,"Value":33},{"Length":4,"Height":49,"Demand":1,"DemandMax":null,"Value":196},{"Length":5,"Height":42,"Demand":1,"DemandMax":null,"Value":210},{"Length":93,"Height":6,"Demand":1,"DemandMax":null,"Value":558},{"Length":11,"Height":46,"Demand":1,"DemandMax":null,"Value":506},{"Length":1,"Height":92,"Demand":1,"DemandMax":null,"Value":92},{"Length":1,"Height":57,"Demand":2,"DemandMax":null,"Value":57},{"Length":250,"Height":242,"Demand":1,"DemandMax":null,"Value":60500},{"Length":250,"Height":14,"Demand":1,"DemandMax":null,"Value":3500},{"Length":6,"Height":72,"Demand":1,"DemandMax":null,"Value":432},{"Length":9,"Height":29,"Demand":1,"DemandMax":null,"Value":261},{"Length":3,"Height":15,"Demand":1,"DemandMax":null,"Value":45},{"Length":21,"Height":1,"Demand":1,"DemandMax":null,"Value":21},{"Length":6,"Height":1,"Demand":2,"DemandMax":null,"Value":6},{"Length":135,"Height":111,"Demand":1,"DemandMax":null,"Value":14985},{"Length":174,"Height":28,"Demand":1,"DemandMax":null,"Value":4872},{"Length":41,"Height":207,"Demand":1,"DemandMax":null,"Value":8487},{"Length":164,"Height":32,"Demand":1,"DemandMax":null,"Value":5248},{"Length":1,"Height":25,"Demand":1,"DemandMax":null,"Value":25},{"Length":3,"Height":3,"Demand":1,"DemandMax":null,"Value":9},{"Length":65,"Height":1,"Demand":1,"DemandMax":null,"Value":65},{"Length":38,"Height":127,"Demand":1,"DemandMax":null,"Value":4826},{"Length":86,"Height":4,"Demand":1,"DemandMax":null,"Value":344},{"Length":47,"Height":9,"Demand":1,"DemandMax":null,"Value":423},{"Length":54,"Height":16,"Demand":1,"DemandMax":null,"Value":864},{"Length":22,"Height":23,"Demand":1,"DemandMax":null,"Value":506},{"Length":62,"Height":214,"Demand":1,"DemandMax":null,"Value":13268},{"Length":12,"Height":56,"Demand":1,"DemandMax":null,"Value":672},{"Length":1,"Height":7,"Demand":2,"DemandMax":null,"Value":7},{"Length":4,"Height":103,"Demand":1,"DemandMax":null,"Value":412},{"Length":11,"Height":1,"Demand":3,"DemandMax":null,"Value":11},{"Length":3,"Height":69,"Demand":1,"DemandMax":null,"Value":207},{"Length":60,"Height":23,"Demand":1,"DemandMax":null,"Value":1380},{"Length":7,"Height":44,"Demand":1,"DemandMax":null,"Value":308},{"Length":104,"Height":202,"Demand":1,"DemandMax":null,"Value":21008},{"Length":47,"Height":1,"Demand":1,"DemandMax":null,"Value":47},{"Length":5,"Height":160,"Demand":1,"DemandMax":null,"Value":800},{"Length":9,"Height":21,"Demand":1,"DemandMax":null,"Value":189},{"Length":26,"Height":1,"Demand":2,"DemandMax":null,"Value":26},{"Length":1,"Height":36,"Demand":1,"DemandMax":null,"Value":36},{"Length":7,"Height":5,"Demand":1,"DemandMax":null,"Value":35},{"Length":107,"Height":2,"Demand":1,"DemandMax":null,"Value":214},{"Length":1,"Height":9,"Demand":2,"DemandMax":null,"Value":9},{"Length":15,"Height":30,"Demand":1,"DemandMax":null,"Value":450},{"Length":87,"Height":16,"Demand":1,"DemandMax":null,"Value":1392},{"Length":211,"Height":118,"Demand":1,"DemandMax":null,"Value":24898},{"Length":1,"Height":72,"Demand":1,"DemandMax":null,"Value":72},{"Length":1,"Height":56,"Demand":3,"DemandMax":null,"Value":56},{"Length":30,"Height":1,"Demand":2,"DemandMax":null,"Value":30},{"Length":86,"Height":6,"Demand":1,"DemandMax":null,"Value":516},{"Length":2,"Height":152,"Demand":1,"DemandMax":null,"Value":304},{"Length":11,"Height":5,"Demand":1,"DemandMax":null,"Value":55},{"Length":2,"Height":9,"Demand":3,"DemandMax":null,"Value":18},{"Length":6,"Height":19,"Demand":1,"DemandMax":null,"Value":114},{"Length":9,"Height":234,"Demand":1,"DemandMax":null,"Value":2106},{"Length":27,"Height":21,"Demand":1,"DemandMax":null,"Value":567},{"Length":65,"Height":31,"Demand":1,"DemandMax":null,"Value":2015},{"Length":1,"Height":44,"Demand":2,"DemandMax":null,"Value":44},{"Length":1,"Height":23,"Demand":1,"DemandMax":null,"Value":23},{"Length":189,"Height":52,"Demand":1,"DemandMax":null,"Value":9828},{"Length":92,"Height":1,"Demand":1,"DemandMax":null,"Value":92},{"Length":58,"Height":5,"Demand":1,"DemandMax":null,"Value":290},{"Length":250,"Height":22,"Demand":1,"DemandMax":null,"Value":5500},{"Length":1,"Height":69,"Demand":2,"DemandMax":null,"Value":69},{"Length":81,"Height":3,"Demand":1,"DemandMax":null,"Value":243},{"Length":16,"Height":1,"Demand":2,"DemandMax":null,"Value":16},{"Length":56,"Height":19,"Demand":1,"DemandMax":null,"Value":1064},{"Length":60,"Height":17,"Demand":1,"DemandMax":null,"Value":1020},{"Length":199,"Height":225,"Demand":1,"DemandMax":null,"Value":44775},{"Length":6,"Height":65,"Demand":1,"DemandMax":null,"Value":390},{"Length":207,"Height":14,"Demand":1,"DemandMax":null,"Value":2898},{"Length":26,"Height":12,"Demand":1,"DemandMax":null,"Value":312},{"Length":6,"Height":45,"Demand":1,"DemandMax":null,"Value":270},{"Length":5,"Height":84,"Demand":1,"DemandMax":null,"Value":420},{"Length":5,"Height":36,"Demand":1,"DemandMax":null,"Value":180},{"Length":14,"Height":5,"Demand":2,"DemandMax":null,"Value":70},{"Length":249,"Height":109,"Demand":1,"DemandMax":null,"Value":27141},{"Length":9,"Height":1,"Demand":4,"DemandMax":null,"Value":9},{"Length":1,"Height":89,"Demand":1,"DemandMax":null,"Value":89},{"Length":2,"Height":56,"Demand":1,"DemandMax":null,"Value":112},{"Length":3,"Height":9,"Demand":1,"DemandMax":null,"Value":27},{"Length":11,"Height":9,"Demand":1,"DemandMax":null,"Value":99},{"Length":1,"Height":48,"Demand":1,"DemandMax":null,"Value":48},{"Length":73,"Height":198,"Demand":1,"DemandMax":null,"Value":14454},{"Length":178,"Height":107,"Demand":1,"DemandMax":null,"Value":19046},{"Length":110,"Height":16,"Demand":1,"DemandMax":null,"Value":1760},{"Length":41,"Height":147,"Demand":1,"DemandMax":null,"Value":6027},{"Length":102,"Height":24,"Demand":1,"DemandMax":null,"Value":2448},{"Length":64,"Height":12,"Demand":1,"DemandMax":null,"Value":768},{"Length":7,"Height":21,"Demand":1,"DemandMax":null,"Value":147},{"Length":3,"Height":140,"Demand":1,"DemandMax":null,"Value":420},{"Length":18,"Height":10,"Demand":1,"DemandMax":null,"Value":180},{"Length":2,"Height":136,"Demand":1,"DemandMax":null,"Value":272},{"Length":1,"Height":16,"Demand":2,"DemandMax":null,"Value":16},{"Length":186,"Height":29,"Demand":1,"DemandMax":null,"Value":5394},{"Length":180,"Height":181,"Demand":1,"DemandMax":null,"Value":32580},{"Length":71,"Height":46,"Demand":1,"DemandMax":null,"Value":3266},{"Length":6,"Height":169,"Demand":1,"DemandMax":null,"Value":1014},{"Length":4,"Height":152,"Demand":1,"DemandMax":null,"Value":608},{"Length":68,"Height":3,"Demand":1,"DemandMax":null,"Value":204},{"Length":2,"Height":2,"Demand":3,"DemandMax":null,"Value":4},{"Length":37,"Height":46,"Demand":1,"DemandMax":null,"Value":1702},{"Length":30,"Height":21,"Demand":1,"DemandMax":null,"Value":630},{"Length":156,"Height":88,"Demand":1,"DemandMax":null,"Value":13728},{"Length":22,"Height":6,"Demand":1,"DemandMax":null,"Value":132},{"Length":9,"Height":5,"Demand":1,"DemandMax":null,"Value":45},{"Length":104,"Height":42,"Demand":1,"DemandMax":null,"Value":4368},{"Length":1,"Height":6,"Demand":2,"DemandMax":null,"Value":6},{"Length":1,"Height":60,"Demand":1,"DemandMax":null,"Value":60},{"Length":186,"Height":103,"Demand":1,"DemandMax":null,"Value":19158},{"Length":158,"Height":1,"Demand":1,"DemandMax":null,"Value":158},{"Length":7,"Height":6,"Demand":1,"DemandMax":null,"Value":42},{"Length":14,"Height":1,"Demand":2,"DemandMax":null,"Value":14},{"Length":8,"Height":1,"Demand":3,"DemandMax":null,"Value":8},{"Length":75,"Height":7,"Demand":1,"DemandMax":null,"Value":525},{"Length":7,"Height":105,"Demand":1,"DemandMax":null,"Value":735},{"Length":24,"Height":52,"Demand":1,"DemandMax":null,"Value":1248},{"Length":15,"Height":95,"Demand":1,"DemandMax":null,"Value":1425},{"Length":5,"Height":5,"Demand":1,"DemandMax":null,"Value":25},{"Length":22,"Height":7,"Demand":1,"DemandMax":null,"Value":154},{"Length":72,"Height":1,"Demand":1,"DemandMax":null,"Value":72},{"Length":123,"Height":190,"Demand":1,"DemandMax":null,"Value":23370},{"Length":18,"Height":127,"Demand":1,"DemandMax":null,"Value":2286},{"Length":6,"Height":7,"Demand":1,"DemandMax":null,"Value":42},{"Length":152,"Height":7,"Demand":1,"DemandMax":null,"Value":1064},{"Length":98,"Height":1,"Demand":1,"DemandMax":null,"Value":98},{"Length":1,"Height":150,"Demand":1,"DemandMax":null,"Value":150},{"Length":82,"Height":22,"Demand":1,"DemandMax":null,"Value":1804},{"Length":8,"Height":5,"Demand":1,"DemandMax":null,"Value":40},{"Length":14,"Height":8,"Demand":1,"DemandMax":null,"Value":112},{"Length":1,"Height":12,"Demand":1,"DemandMax":null,"Value":12},{"Length":1,"Height":3,"Demand":2,"DemandMax":null,"Value":3},{"Length":1,"Height":136,"Demand":1,"DemandMax":null,"Value":136},{"Length":15,"Height":3,"Demand":2,"DemandMax":null,"Value":45},{"Length":57,"Height":1,"Demand":1,"DemandMax":null,"Value":57},{"Length":42,"Height":1,"Demand":1,"DemandMax":null,"Value":42},{"Length":32,"Height":16,"Demand":1,"DemandMax":null,"Value":512},{"Length":3,"Height":44,"Demand":1,"DemandMax":null,"Value":132},{"Length":5,"Height":3,"Demand":1,"DemandMax":null,"Value":15},{"Length":3,"Height":5,"Demand":1,"DemandMax":null,"Value":15},{"Length":32,"Height":5,"Demand":1,"DemandMax":null,"Value":160},{"Length":6,"Height":5,"Demand":1,"DemandMax":null,"Value":30},{"Length":1,"Height":24,"Demand":1,"DemandMax":null,"Value":24},{"Length":1,"Height":45,"Demand":1,"DemandMax":null,"Value":45},{"Length":3,"Height":92,"Demand":1,"DemandMax":null,"Value":276},{"Length":123,"Height":17,"Demand":1,"DemandMax":null,"Value":2091},{"Length":36,"Height":6,"Demand":1,"DemandMax":null,"Value":216},{"Length":13,"Height":127,"Demand":1,"DemandMax":null,"Value":1651},{"Length":3,"Height":21,"Demand":1,"DemandMax":null,"Value":63},{"Length":75,"Height":1,"Demand":1,"DemandMax":null,"Value":75},{"Length":140,"Height":1,"Demand":1,"DemandMax":null,"Value":140},{"Length":57,"Height":5,"Demand":1,"DemandMax":null,"Value":285},{"Length":1,"Height":13,"Demand":1,"DemandMax":null,"Value":13},{"Length":3,"Height":127,"Demand":1,"DemandMax":null,"Value":381},{"Length":78,"Height":1,"Demand":1,"DemandMax":null,"Value":78},{"Length":18,"Height":3,"Demand":2,"DemandMax":null,"Value":54},{"Length":5,"Height":15,"Demand":1,"DemandMax":null,"Value":75},{"Length":186,"Height":65,"Demand":1,"DemandMax":null,"Value":12090},{"Length":7,"Height":3,"Demand":1,"DemandMax":null,"Value":21},{"Length":188,"Height":152,"Demand":1,"DemandMax":null,"Value":28576},{"Length":46,"Height":1,"Demand":1,"DemandMax":null,"Value":46},{"Length":17,"Height":6,"Demand":1,"DemandMax":null,"Value":102},{"Length":10,"Height":1,"Demand":1,"DemandMax":null,"Value":10},{"Length":207,"Height":106,"Demand":1,"DemandMax":null,"Value":21942},{"Length":14,"Height":21,"Demand":1,"DemandMax":null,"Value":294},{"Length":17,"Height":105,"Demand":1,"DemandMax":null,"Value":1785},{"Length":32,"Height":9,"Demand":1,"DemandMax":null,"Value":288},{"Length":1,"Height":15,"Demand":2,"DemandMax":null,"Value":15},{"Length":155,"Height":64,"Demand":1,"DemandMax":null,"Value":9920},{"Length":9,"Height":13,"Demand":1,"DemandMax":null,"Value":117},{"Length":37,"Height":52,"Demand":1,"DemandMax":null,"Value":1924},{"Length":72,"Height":107,"Demand":1,"DemandMax":null,"Value":7704},{"Length":45,"Height":1,"Demand":1,"DemandMax":null,"Value":45},{"Length":25,"Height":23,"Demand":1,"DemandMax":null,"Value":575},{"Length":250,"Height":2,"Demand":1,"DemandMax":null,"Value":500},{"Length":34,"Height":105,"Demand":1,"DemandMax":null,"Value":3570},{"Length":73,"Height":38,"Demand":1,"DemandMax":null,"Value":2774},{"Length":30,"Height":88,"Demand":1,"DemandMax":null,"Value":2640},{"Length":24,"Height":8,"Demand":1,"DemandMax":null,"Value":192},{"Length":60,"Height":16,"Demand":1,"DemandMax":null,"Value":960},{"Length":11,"Height":2,"Demand":1,"DemandMax":null,"Value":22},{"Length":1,"Height":2,"Demand":1,"DemandMax":null,"Value":2}]}