{"Name":"Path25i3b5","Objects":[{"Length":1000,"Height":370,"Stock":3,"Cost":370000},{"Length":462,"Height":630,"Stock":5,"Cost":291060},{"Length":538,"Height":630,"Stock":5,"Cost":338940}],"Items":[{"Length":95,"Height":370,"Demand":1,"DemandMax":null,"Value":35150},{"Length":46,"Height":97,"Demand":1,"DemandMax":null,"Value":4462},{"Length":105,"Height":23,"Demand":1,"DemandMax":null,"Value":2415},{"Length":330,"Height":341,"Demand":1,"DemandMax":null,"Value":112530},{"Length":98,"Height":370,"Demand":1,"DemandMax":null,"Value":36260},{"Length":137,"Height":53,"Demand":1,"DemandMax":null,"Value":7261},{"Length":208,"Height":341,"Demand":1,"DemandMax":null,"Value":70928},{"Length":180,"Height":289,"Demand":1,"DemandMax":null,"Value":52020},{"Length":253,"Height":289,"Demand":1,"DemandMax":null,"Value":73117},{"Length":147,"Height":317,"Demand":1,"DemandMax":null,"Value":46599},{"Length":168,"Height":349,"Demand":1,"DemandMax":null,"Value":58632},{"Length":105,"Height":64,"Demand":1,"DemandMax":null,"Value":6720},{"Length":260,"Height":281,"Demand":1,"DemandMax":null,"Value":73060},{"Length":236,"Height":349,"Demand":1,"DemandMax":null,"Value":82364},{"Length":208,"Height":370,"Demand":1,"DemandMax":null,"Value":76960},{"Length":200,"Height":370,"Demand":1,"DemandMax":null,"Value":74000},{"Length":13,"Height":281,"Demand":1,"DemandMax":null,"Value":3653},{"Length":147,"Height":184,"Demand":1,"DemandMax":null,"Value":27048},{"Length":105,"Height":118,"Demand":1,"DemandMax":null,"Value":12390},{"Length":42,"Height":281,"Demand":1,"DemandMax":null,"Value":11802},{"Length":58,"Height":349,"Demand":1,"DemandMax":null,"Value":20242},{"Length":252,"Height":370,"Demand":1,"DemandMax":null,"Value":93240},{"Length":10,"Height":53,"Demand":1,"DemandMax":null,"Value":530},{"Length":105,"Height":84,"Demand":1,"DemandMax":null,"Value":8820},{"Length":101,"Height":97,"Demand":1,"DemandMax":null,"Value":9797}]}