{"Name":"Nice500i5b5","Objects":[{"Length":316,"Height":401,"Stock":2,"Cost":126716},{"Length":684,"Height":289,"Stock":3,"Cost":197676},{"Length":316,"Height":599,"Stock":5,"Cost":189284},{"Length":182,"Height":711,"Stock":3,"Cost":129402},{"Length":502,"Height":711,"Stock":5,"Cost":356922}],"Items":[{"Length":56,"Height":29,"Demand":1,"DemandMax":null,"Value":1624},{"Length":29,"Height":62,"Demand":2,"DemandMax":null,"Value":1798},{"Length":65,"Height":49,"Demand":1,"DemandMax":null,"Value":3185},{"Length":21,"Height":77,"Demand":2,"DemandMax":null,"Value":1617},{"Length":55,"Height":67,"Demand":1,"DemandMax":null,"Value":3685},{"Length":16,"Height":63,"Demand":3,"DemandMax":null,"Value":1008},{"Length":33,"Height":51,"Demand":1,"DemandMax":null,"Value":1683},{"Length":40,"Height":43,"Demand":3,"DemandMax":null,"Value":1720},{"Length":22,"Height":58,"Demand":1,"DemandMax":null,"Value":1276},{"Length":22,"Height":53,"Demand":1,"DemandMax":null,"Value":1166},{"Length":36,"Height":84,"Demand":1,"DemandMax":null,"Value":3024},{"Length":40,"Height":64,"Demand":1,"DemandMax":null,"Value":2560},{"Length":40,"Height":29,"Demand":1,"DemandMax":null,"Value":1160},{"Length":42,"Height":75,"Demand":1,"DemandMax":null,"Value":3150},{"Length":94,"Height":33,"Demand":1,"DemandMax":null,"Value":3102},{"Length":66,"Height":26,"Demand":1,"DemandMax":null,"Value":1716},{"Length":38,"Height":31,"Demand":1,"DemandMax":null,"Value":1178},{"Length":52,"Height":50,"Demand":1,"DemandMax":null,"Value":2600},{"Length":21,"Height":78,"Demand":1,"DemandMax":null,"Value":1638},{"Length":30,"Height":41,"Demand":1,"DemandMax":null,"Value":1230},{"Length":62,"Height":60,"Demand":1,"DemandMax":null,"Value":3720},{"Length":92,"Height":37,"Demand":1,"DemandMax":null,"Value":3404},{"Length":44,"Height":30,"Demand":1,"DemandMax":null,"Value":1320},{"Length":62,"Height":46,"Demand":1,"DemandMax":null,"Value":2852},{"Length":40,"Height":66,"Demand":2,"DemandMax":null,"Value":2640},{"Length":56,"Height":21,"Demand":1,"DemandMax":null,"Value":1176},{"Length":35,"Height":45,"Demand":3,"DemandMax":null,"Value":1575},{"Length":92,"Height":28,"Demand":1,"DemandMax":null,"Value":2576},{"Length":67,"Height":36,"Demand":1,"DemandMax":null,"Value":2412},{"Length":49,"Height":30,"Demand":1,"DemandMax":null,"Value":1470},{"Length":58,"Height":55,"Demand":1,"DemandMax":null,"Value":3190},{"Length":49,"Height":57,"Demand":1,"DemandMax":null,"Value":2793},{"Length":31,"Height":38,"Demand":1,"DemandMax":null,"Value":1178},{"Length":45,"Height":69,"Demand":3,"DemandMax":null,"Value":3105},{"Length":56,"Height":30,"Demand":1,"DemandMax":null,"Value":1680},{"Length":34,"Height":65,"Demand":1,"DemandMax":null,"Value":2210},{"Length":46,"Height":29,"Demand":1,"DemandMax":null,"Value":1334},{"Length":21,"Height":69,"Demand":1,"DemandMax":null,"Value":1449},{"Length":50,"Height":74,"Demand":1,"DemandMax":null,"Value":3700},{"Length":64,"Height":45,"Demand":1,"DemandMax":null,"Value":2880},{"Length":102,"Height":31,"Demand":1,"DemandMax":null,"Value":3162},{"Length":71,"Height":33,"Demand":1,"DemandMax":null,"Value":2343},{"Length":52,"Height":31,"Demand":3,"DemandMax":null,"Value":1612},{"Length":32,"Height":52,"Demand":2,"DemandMax":null,"Value":1664},{"Length":48,"Height":56,"Demand":1,"DemandMax":null,"Value":2688},{"Length":75,"Height":23,"Demand":3,"DemandMax":null,"Value":1725},{"Length":78,"Height":41,"Demand":1,"DemandMax":null,"Value":3198},{"Length":45,"Height":27,"Demand":1,"DemandMax":null,"Value":1215},{"Length":39,"Height":37,"Demand":1,"DemandMax":null,"Value":1443},{"Length":38,"Height":62,"Demand":1,"DemandMax":null,"Value":2356},{"Length":47,"Height":68,"Demand":1,"DemandMax":null,"Value":3196},{"Length":42,"Height":39,"Demand":2,"DemandMax":null,"Value":1638},{"Length":37,"Height":36,"Demand":1,"DemandMax":null,"Value":1332},{"Length":23,"Height":74,"Demand":1,"DemandMax":null,"Value":1702},{"Length":85,"Height":29,"Demand":1,"DemandMax":null,"Value":2465},{"Length":53,"Height":37,"Demand":1,"DemandMax":null,"Value":1961},{"Length":37,"Height":65,"Demand":3,"DemandMax":null,"Value":2405},{"Length":35,"Height":73,"Demand":1,"DemandMax":null,"Value":2555},{"Length":39,"Height":65,"Demand":1,"DemandMax":null,"Value":2535},{"Length":36,"Height":64,"Demand":2,"DemandMax":null,"Value":2304},{"Length":44,"Height":28,"Demand":1,"DemandMax":null,"Value":1232},{"Length":44,"Height":34,"Demand":1,"DemandMax":null,"Value":1496},{"Length":51,"Height":33,"Demand":2,"DemandMax":null,"Value":1683},{"Length":22,"Height":65,"Demand":1,"DemandMax":null,"Value":1430},{"Length":60,"Height":45,"Demand":2,"DemandMax":null,"Value":2700},{"Length":49,"Height":25,"Demand":2,"DemandMax":null,"Value":1225},{"Length":43,"Height":27,"Demand":1,"DemandMax":null,"Value":1161},{"Length":63,"Height":68,"Demand":1,"DemandMax":null,"Value":4284},{"Length":21,"Height":73,"Demand":2,"DemandMax":null,"Value":1533},{"Length":33,"Height":74,"Demand":1,"DemandMax":null,"Value":2442},{"Length":62,"Height":43,"Demand":1,"DemandMax":null,"Value":2666},{"Length":56,"Height":39,"Demand":2,"DemandMax":null,"Value":2184},{"Length":47,"Height":66,"Demand":1,"DemandMax":null,"Value":3102},{"Length":78,"Height":43,"Demand":1,"DemandMax":null,"Value":3354},{"Length":30,"Height":90,"Demand":1,"DemandMax":null,"Value":2700},{"Length":38,"Height":91,"Demand":1,"DemandMax":null,"Value":3458},{"Length":23,"Height":64,"Demand":2,"DemandMax":null,"Value":1472},{"Length":66,"Height":18,"Demand":1,"DemandMax":null,"Value":1188},{"Length":28,"Height":91,"Demand":1,"DemandMax":null,"Value":2548},{"Length":78,"Height":22,"Demand":1,"DemandMax":null,"Value":1716},{"Length":42,"Height":73,"Demand":1,"DemandMax":null,"Value":3066},{"Length":26,"Height":44,"Demand":3,"DemandMax":null,"Value":1144},{"Length":40,"Height":30,"Demand":1,"DemandMax":null,"Value":1200},{"Length":34,"Height":34,"Demand":2,"DemandMax":null,"Value":1156},{"Length":106,"Height":31,"Demand":1,"DemandMax":null,"Value":3286},{"Length":58,"Height":29,"Demand":1,"DemandMax":null,"Value":1682},{"Length":41,"Height":61,"Demand":1,"DemandMax":null,"Value":2501},{"Length":38,"Height":36,"Demand":2,"DemandMax":null,"Value":1368},{"Length":29,"Height":43,"Demand":1,"DemandMax":null,"Value":1247},{"Length":50,"Height":35,"Demand":1,"DemandMax":null,"Value":1750},{"Length":63,"Height":40,"Demand":1,"DemandMax":null,"Value":2520},{"Length":52,"Height":47,"Demand":2,"DemandMax":null,"Value":2444},{"Length":39,"Height":42,"Demand":1,"DemandMax":null,"Value":1638},{"Length":18,"Height":63,"Demand":1,"DemandMax":null,"Value":1134},{"Length":20,"Height":80,"Demand":1,"DemandMax":null,"Value":1600},{"Length":46,"Height":50,"Demand":2,"DemandMax":null,"Value":2300},{"Length":19,"Height":69,"Demand":1,"DemandMax":null,"Value":1311},{"Length":49,"Height":47,"Demand":1,"DemandMax":null,"Value":2303},{"Length":45,"Height":34,"Demand":1,"DemandMax":null,"Value":1530},{"Length":91,"Height":47,"Demand":1,"DemandMax":null,"Value":4277},{"Length":52,"Height":33,"Demand":1,"DemandMax":null,"Value":1716},{"Length":26,"Height":41,"Demand":1,"DemandMax":null,"Value":1066},{"Length":52,"Height":60,"Demand":1,"DemandMax":null,"Value":3120},{"Length":39,"Height":30,"Demand":2,"DemandMax":null,"Value":1170},{"Length":45,"Height":70,"Demand":2,"DemandMax":null,"Value":3150},{"Length":49,"Height":36,"Demand":4,"DemandMax":null,"Value":1764},{"Length":56,"Height":43,"Demand":2,"DemandMax":null,"Value":2408},{"Length":63,"Height":26,"Demand":1,"DemandMax":null,"Value":1638},{"Length":34,"Height":94,"Demand":1,"DemandMax":null,"Value":3196},{"Length":25,"Height":54,"Demand":1,"DemandMax":null,"Value":1350},{"Length":60,"Height":25,"Demand":1,"DemandMax":null,"Value":1500},{"Length":83,"Height":21,"Demand":1,"DemandMax":null,"Value":1743},{"Length":38,"Height":47,"Demand":1,"DemandMax":null,"Value":1786},{"Length":24,"Height":49,"Demand":2,"DemandMax":null,"Value":1176},{"Length":22,"Height":74,"Demand":1,"DemandMax":null,"Value":1628},{"Length":47,"Height":36,"Demand":2,"DemandMax":null,"Value":1692},{"Length":34,"Height":59,"Demand":1,"DemandMax":null,"Value":2006},{"Length":61,"Height":42,"Demand":1,"DemandMax":null,"Value":2562},{"Length":35,"Height":41,"Demand":1,"DemandMax":null,"Value":1435},{"Length":26,"Height":64,"Demand":1,"DemandMax":null,"Value":1664},{"Length":100,"Height":31,"Demand":1,"DemandMax":null,"Value":3100},{"Length":51,"Height":47,"Demand":1,"DemandMax":null,"Value":2397},{"Length":57,"Height":45,"Demand":1,"DemandMax":null,"Value":2565},{"Length":25,"Height":44,"Demand":1,"DemandMax":null,"Value":1100},{"Length":23,"Height":69,"Demand":1,"DemandMax":null,"Value":1587},{"Length":83,"Height":22,"Demand":2,"DemandMax":null,"Value":1826},{"Length":46,"Height":38,"Demand":1,"DemandMax":null,"Value":1748},{"Length":35,"Height":43,"Demand":1,"DemandMax":null,"Value":1505},{"Length":46,"Height":59,"Demand":2,"DemandMax":null,"Value":2714},{"Length":34,"Height":48,"Demand":1,"DemandMax":null,"Value":1632},{"Length":100,"Height":37,"Demand":1,"DemandMax":null,"Value":3700},{"Length":54,"Height":45,"Demand":1,"DemandMax":null,"Value":2430},{"Length":53,"Height":43,"Demand":1,"DemandMax":null,"Value":2279},{"Length":55,"Height":79,"Demand":1,"DemandMax":null,"Value":4345},{"Length":19,"Height":65,"Demand":1,"DemandMax":null,"Value":1235},{"Length":47,"Height":38,"Demand":2,"DemandMax":null,"Value":1786},{"Length":50,"Height":38,"Demand":1,"DemandMax":null,"Value":1900},{"Length":19,"Height":70,"Demand":2,"DemandMax":null,"Value":1330},{"Length":60,"Height":40,"Demand":1,"DemandMax":null,"Value":2400},{"Length":21,"Height":76,"Demand":1,"DemandMax":null,"Value":1596},{"Length":86,"Height":24,"Demand":1,"DemandMax":null,"Value":2064},{"Length":45,"Height":32,"Demand":1,"DemandMax":null,"Value":1440},{"Length":82,"Height":22,"Demand":1,"DemandMax":null,"Value":1804},{"Length":34,"Height":40,"Demand":1,"DemandMax":null,"Value":1360},{"Length":82,"Height":29,"Demand":2,"DemandMax":null,"Value":2378},{"Length":26,"Height":47,"Demand":1,"DemandMax":null,"Value":1222},{"Length":42,"Height":59,"Demand":1,"DemandMax":null,"Value":2478},{"Length":49,"Height":35,"Demand":1,"DemandMax":null,"Value":1715},{"Length":44,"Height":27,"Demand":1,"DemandMax":null,"Value":1188},{"Length":59,"Height":42,"Demand":1,"DemandMax":null,"Value":2478},{"Length":52,"Height":34,"Demand":1,"DemandMax":null,"Value":1768},{"Length":34,"Height":92,"Demand":1,"DemandMax":null,"Value":3128},{"Length":35,"Height":55,"Demand":1,"DemandMax":null,"Value":1925},{"Length":40,"Height":48,"Demand":1,"DemandMax":null,"Value":1920},{"Length":54,"Height":30,"Demand":1,"DemandMax":null,"Value":1620},{"Length":74,"Height":43,"Demand":1,"DemandMax":null,"Value":3182},{"Length":92,"Height":42,"Demand":1,"DemandMax":null,"Value":3864},{"Length":33,"Height":43,"Demand":1,"DemandMax":null,"Value":1419},{"Length":61,"Height":19,"Demand":1,"DemandMax":null,"Value":1159},{"Length":64,"Height":36,"Demand":1,"DemandMax":null,"Value":2304},{"Length":61,"Height":40,"Demand":1,"DemandMax":null,"Value":2440},{"Length":32,"Height":51,"Demand":3,"DemandMax":null,"Value":1632},{"Length":71,"Height":34,"Demand":1,"DemandMax":null,"Value":2414},{"Length":26,"Height":48,"Demand":1,"DemandMax":null,"Value":1248},{"Length":60,"Height":19,"Demand":1,"DemandMax":null,"Value":1140},{"Length":27,"Height":45,"Demand":1,"DemandMax":null,"Value":1215},{"Length":47,"Height":25,"Demand":1,"DemandMax":null,"Value":1175},{"Length":42,"Height":52,"Demand":1,"DemandMax":null,"Value":2184},{"Length":45,"Height":54,"Demand":1,"DemandMax":null,"Value":2430},{"Length":47,"Height":65,"Demand":1,"DemandMax":null,"Value":3055},{"Length":30,"Height":39,"Demand":1,"DemandMax":null,"Value":1170},{"Length":54,"Height":24,"Demand":1,"DemandMax":null,"Value":1296},{"Length":59,"Height":52,"Demand":1,"DemandMax":null,"Value":3068},{"Length":28,"Height":41,"Demand":2,"DemandMax":null,"Value":1148},{"Length":63,"Height":55,"Demand":1,"DemandMax":null,"Value":3465},{"Length":39,"Height":46,"Demand":1,"DemandMax":null,"Value":1794},{"Length":42,"Height":92,"Demand":1,"DemandMax":null,"Value":3864},{"Length":85,"Height":44,"Demand":1,"DemandMax":null,"Value":3740},{"Length":54,"Height":23,"Demand":1,"DemandMax":null,"Value":1242},{"Length":45,"Height":29,"Demand":2,"DemandMax":null,"Value":1305},{"Length":25,"Height":45,"Demand":1,"DemandMax":null,"Value":1125},{"Length":41,"Height":30,"Demand":1,"DemandMax":null,"Value":1230},{"Length":107,"Height":28,"Demand":1,"DemandMax":null,"Value":2996},{"Length":38,"Height":34,"Demand":1,"DemandMax":null,"Value":1292},{"Length":61,"Height":24,"Demand":1,"DemandMax":null,"Value":1464},{"Length":46,"Height":25,"Demand":2,"DemandMax":null,"Value":1150},{"Length":54,"Height":52,"Demand":1,"DemandMax":null,"Value":2808},{"Length":52,"Height":29,"Demand":1,"DemandMax":null,"Value":1508},{"Length":69,"Height":21,"Demand":2,"DemandMax":null,"Value":1449},{"Length":45,"Height":77,"Demand":1,"DemandMax":null,"Value":3465},{"Length":51,"Height":62,"Demand":3,"DemandMax":null,"Value":3162},{"Length":21,"Height":83,"Demand":1,"DemandMax":null,"Value":1743},{"Length":58,"Height":20,"Demand":1,"DemandMax":null,"Value":1160},{"Length":41,"Height":43,"Demand":1,"DemandMax":null,"Value":1763},{"Length":84,"Height":31,"Demand":1,"DemandMax":null,"Value":2604},{"Length":56,"Height":54,"Demand":1,"DemandMax":null,"Value":3024},{"Length":33,"Height":72,"Demand":1,"DemandMax":null,"Value":2376},{"Length":35,"Height":33,"Demand":1,"DemandMax":null,"Value":1155},{"Length":24,"Height":60,"Demand":1,"DemandMax":null,"Value":1440},{"Length":62,"Height":48,"Demand":1,"DemandMax":null,"Value":2976},{"Length":34,"Height":35,"Demand":1,"DemandMax":null,"Value":1190},{"Length":47,"Height":29,"Demand":2,"DemandMax":null,"Value":1363},{"Length":23,"Height":50,"Demand":1,"DemandMax":null,"Value":1150},{"Length":48,"Height":51,"Demand":1,"DemandMax":null,"Value":2448},{"Length":88,"Height":22,"Demand":1,"DemandMax":null,"Value":1936},{"Length":46,"Height":69,"Demand":2,"DemandMax":null,"Value":3174},{"Length":44,"Height":69,"Demand":1,"DemandMax":null,"Value":3036},{"Length":35,"Height":27,"Demand":1,"DemandMax":null,"Value":945},{"Length":46,"Height":61,"Demand":1,"DemandMax":null,"Value":2806},{"Length":33,"Height":64,"Demand":1,"DemandMax":null,"Value":2112},{"Length":44,"Height":60,"Demand":2,"DemandMax":null,"Value":2640},{"Length":68,"Height":17,"Demand":1,"DemandMax":null,"Value":1156},{"Length":48,"Height":60,"Demand":1,"DemandMax":null,"Value":2880},{"Length":67,"Height":34,"Demand":1,"DemandMax":null,"Value":2278},{"Length":41,"Height":69,"Demand":1,"DemandMax":null,"Value":2829},{"Length":39,"Height":41,"Demand":1,"DemandMax":null,"Value":1599},{"Length":106,"Height":35,"Demand":1,"DemandMax":null,"Value":3710},{"Length":59,"Height":69,"Demand":1,"DemandMax":null,"Value":4071},{"Length":61,"Height":25,"Demand":1,"DemandMax":null,"Value":1525},{"Length":25,"Height":63,"Demand":1,"DemandMax":null,"Value":1575},{"Length":38,"Height":59,"Demand":1,"DemandMax":null,"Value":2242},{"Length":27,"Height":42,"Demand":1,"DemandMax":null,"Value":1134},{"Length":18,"Height":70,"Demand":1,"DemandMax":null,"Value":1260},{"Length":58,"Height":28,"Demand":2,"DemandMax":null,"Value":1624},{"Length":25,"Height":52,"Demand":1,"DemandMax":null,"Value":1300},{"Length":44,"Height":29,"Demand":2,"DemandMax":null,"Value":1276},{"Length":47,"Height":58,"Demand":1,"DemandMax":null,"Value":2726},{"Length":36,"Height":91,"Demand":1,"DemandMax":null,"Value":3276},{"Length":84,"Height":45,"Demand":1,"DemandMax":null,"Value":3780},{"Length":44,"Height":148,"Demand":1,"DemandMax":null,"Value":6512},{"Length":33,"Height":73,"Demand":2,"DemandMax":null,"Value":2409},{"Length":41,"Height":98,"Demand":1,"DemandMax":null,"Value":4018},{"Length":61,"Height":39,"Demand":1,"DemandMax":null,"Value":2379},{"Length":35,"Height":39,"Demand":1,"DemandMax":null,"Value":1365},{"Length":71,"Height":58,"Demand":1,"DemandMax":null,"Value":4118},{"Length":31,"Height":41,"Demand":1,"DemandMax":null,"Value":1271},{"Length":70,"Height":36,"Demand":1,"DemandMax":null,"Value":2520},{"Length":24,"Height":48,"Demand":1,"DemandMax":null,"Value":1152},{"Length":64,"Height":18,"Demand":2,"DemandMax":null,"Value":1152},{"Length":20,"Height":58,"Demand":1,"DemandMax":null,"Value":1160},{"Length":34,"Height":97,"Demand":1,"DemandMax":null,"Value":3298},{"Length":40,"Height":113,"Demand":1,"DemandMax":null,"Value":4520},{"Length":54,"Height":53,"Demand":1,"DemandMax":null,"Value":2862},{"Length":64,"Height":50,"Demand":1,"DemandMax":null,"Value":3200},{"Length":24,"Height":47,"Demand":1,"DemandMax":null,"Value":1128},{"Length":42,"Height":45,"Demand":1,"DemandMax":null,"Value":1890},{"Length":56,"Height":50,"Demand":1,"DemandMax":null,"Value":2800},{"Length":38,"Height":32,"Demand":1,"DemandMax":null,"Value":1216},{"Length":67,"Height":58,"Demand":1,"DemandMax":null,"Value":3886},{"Length":53,"Height":87,"Demand":1,"DemandMax":null,"Value":4611},{"Length":73,"Height":37,"Demand":1,"DemandMax":null,"Value":2701},{"Length":44,"Height":40,"Demand":1,"DemandMax":null,"Value":1760},{"Length":23,"Height":51,"Demand":2,"DemandMax":null,"Value":1173},{"Length":60,"Height":28,"Demand":3,"DemandMax":null,"Value":1680},{"Length":73,"Height":23,"Demand":1,"DemandMax":null,"Value":1679},{"Length":34,"Height":32,"Demand":1,"DemandMax":null,"Value":1088},{"Length":61,"Height":28,"Demand":2,"DemandMax":null,"Value":1708},{"Length":41,"Height":41,"Demand":1,"DemandMax":null,"Value":1681},{"Length":67,"Height":17,"Demand":1,"DemandMax":null,"Value":1139},{"Length":92,"Height":25,"Demand":1,"DemandMax":null,"Value":2300},{"Length":19,"Height":71,"Demand":1,"DemandMax":null,"Value":1349},{"Length":24,"Height":73,"Demand":1,"DemandMax":null,"Value":1752},{"Length":52,"Height":44,"Demand":1,"DemandMax":null,"Value":2288},{"Length":33,"Height":45,"Demand":1,"DemandMax":null,"Value":1485},{"Length":35,"Height":36,"Demand":1,"DemandMax":null,"Value":1260},{"Length":36,"Height":45,"Demand":2,"DemandMax":null,"Value":1620},{"Length":34,"Height":45,"Demand":1,"DemandMax":null,"Value":1530},{"Length":46,"Height":45,"Demand":2,"DemandMax":null,"Value":2070},{"Length":25,"Height":49,"Demand":1,"DemandMax":null,"Value":1225},{"Length":37,"Height":34,"Demand":1,"DemandMax":null,"Value":1258},{"Length":66,"Height":29,"Demand":1,"DemandMax":null,"Value":1914},{"Length":22,"Height":73,"Demand":1,"DemandMax":null,"Value":1606},{"Length":56,"Height":22,"Demand":1,"DemandMax":null,"Value":1232},{"Length":68,"Height":29,"Demand":1,"DemandMax":null,"Value":1972},{"Length":27,"Height":44,"Demand":1,"DemandMax":null,"Value":1188},{"Length":35,"Height":52,"Demand":1,"DemandMax":null,"Value":1820},{"Length":51,"Height":25,"Demand":1,"DemandMax":null,"Value":1275},{"Length":25,"Height":64,"Demand":1,"DemandMax":null,"Value":1600},{"Length":44,"Height":41,"Demand":1,"DemandMax":null,"Value":1804},{"Length":49,"Height":33,"Demand":1,"DemandMax":null,"Value":1617},{"Length":54,"Height":54,"Demand":1,"DemandMax":null,"Value":2916},{"Length":40,"Height":79,"Demand":1,"DemandMax":null,"Value":3160},{"Length":53,"Height":29,"Demand":1,"DemandMax":null,"Value":1537},{"Length":46,"Height":40,"Demand":1,"DemandMax":null,"Value":1840},{"Length":39,"Height":43,"Demand":1,"DemandMax":null,"Value":1677},{"Length":30,"Height":44,"Demand":1,"DemandMax":null,"Value":1320},{"Length":61,"Height":20,"Demand":1,"DemandMax":null,"Value":1220},{"Length":28,"Height":34,"Demand":2,"DemandMax":null,"Value":952},{"Length":75,"Height":36,"Demand":1,"DemandMax":null,"Value":2700},{"Length":28,"Height":36,"Demand":1,"DemandMax":null,"Value":1008},{"Length":48,"Height":29,"Demand":1,"DemandMax":null,"Value":1392},{"Length":25,"Height":48,"Demand":1,"DemandMax":null,"Value":1200},{"Length":35,"Height":58,"Demand":1,"DemandMax":null,"Value":2030},{"Length":26,"Height":51,"Demand":1,"DemandMax":null,"Value":1326},{"Length":68,"Height":19,"Demand":1,"DemandMax":null,"Value":1292},{"Length":43,"Height":102,"Demand":1,"DemandMax":null,"Value":4386},{"Length":45,"Height":30,"Demand":2,"DemandMax":null,"Value":1350},{"Length":26,"Height":70,"Demand":1,"DemandMax":null,"Value":1820},{"Length":45,"Height":43,"Demand":1,"DemandMax":null,"Value":1935},{"Length":41,"Height":58,"Demand":1,"DemandMax":null,"Value":2378},{"Length":54,"Height":38,"Demand":1,"DemandMax":null,"Value":2052},{"Length":50,"Height":65,"Demand":1,"DemandMax":null,"Value":3250},{"Length":78,"Height":45,"Demand":1,"DemandMax":null,"Value":3510},{"Length":34,"Height":33,"Demand":1,"DemandMax":null,"Value":1122},{"Length":58,"Height":21,"Demand":1,"DemandMax":null,"Value":1218},{"Length":25,"Height":53,"Demand":1,"DemandMax":null,"Value":1325},{"Length":45,"Height":39,"Demand":1,"DemandMax":null,"Value":1755},{"Length":31,"Height":76,"Demand":1,"DemandMax":null,"Value":2356},{"Length":23,"Height":41,"Demand":1,"DemandMax":null,"Value":943},{"Length":54,"Height":57,"Demand":1,"DemandMax":null,"Value":3078},{"Length":23,"Height":80,"Demand":1,"DemandMax":null,"Value":1840},{"Length":31,"Height":69,"Demand":1,"DemandMax":null,"Value":2139},{"Length":71,"Height":45,"Demand":1,"DemandMax":null,"Value":3195},{"Length":33,"Height":47,"Demand":2,"DemandMax":null,"Value":1551},{"Length":29,"Height":48,"Demand":1,"DemandMax":null,"Value":1392},{"Length":45,"Height":46,"Demand":1,"DemandMax":null,"Value":2070},{"Length":39,"Height":31,"Demand":1,"DemandMax":null,"Value":1209},{"Length":31,"Height":60,"Demand":1,"DemandMax":null,"Value":1860},{"Length":28,"Height":47,"Demand":1,"DemandMax":null,"Value":1316},{"Length":34,"Height":39,"Demand":1,"DemandMax":null,"Value":1326},{"Length":50,"Height":51,"Demand":1,"DemandMax":null,"Value":2550},{"Length":49,"Height":40,"Demand":2,"DemandMax":null,"Value":1960},{"Length":38,"Height":79,"Demand":1,"DemandMax":null,"Value":3002},{"Length":40,"Height":44,"Demand":1,"DemandMax":null,"Value":1760},{"Length":54,"Height":41,"Demand":1,"DemandMax":null,"Value":2214},{"Length":31,"Height":65,"Demand":1,"DemandMax":null,"Value":2015},{"Length":38,"Height":43,"Demand":1,"DemandMax":null,"Value":1634},{"Length":66,"Height":32,"Demand":1,"DemandMax":null,"Value":2112},{"Length":78,"Height":25,"Demand":1,"DemandMax":null,"Value":1950},{"Length":28,"Height":64,"Demand":1,"DemandMax":null,"Value":1792},{"Length":40,"Height":45,"Demand":1,"DemandMax":null,"Value":1800},{"Length":47,"Height":27,"Demand":1,"DemandMax":null,"Value":1269},{"Length":39,"Height":38,"Demand":1,"DemandMax":null,"Value":1482},{"Length":29,"Height":49,"Demand":1,"DemandMax":null,"Value":1421},{"Length":88,"Height":29,"Demand":1,"DemandMax":null,"Value":2552},{"Length":28,"Height":50,"Demand":1,"DemandMax":null,"Value":1400},{"Length":58,"Height":23,"Demand":1,"DemandMax":null,"Value":1334},{"Length":44,"Height":50,"Demand":2,"DemandMax":null,"Value":2200},{"Length":21,"Height":58,"Demand":1,"DemandMax":null,"Value":1218},{"Length":34,"Height":74,"Demand":1,"DemandMax":null,"Value":2516},{"Length":38,"Height":33,"Demand":1,"DemandMax":null,"Value":1254},{"Length":39,"Height":69,"Demand":1,"DemandMax":null,"Value":2691},{"Length":59,"Height":41,"Demand":1,"DemandMax":null,"Value":2419},{"Length":47,"Height":44,"Demand":1,"DemandMax":null,"Value":2068},{"Length":26,"Height":63,"Demand":1,"DemandMax":null,"Value":1638},{"Length":54,"Height":34,"Demand":2,"DemandMax":null,"Value":1836},{"Length":52,"Height":38,"Demand":1,"DemandMax":null,"Value":1976},{"Length":62,"Height":34,"Demand":1,"DemandMax":null,"Value":2108},{"Length":48,"Height":45,"Demand":1,"DemandMax":null,"Value":2160},{"Length":59,"Height":54,"Demand":1,"DemandMax":null,"Value":3186},{"Length":46,"Height":26,"Demand":1,"DemandMax":null,"Value":1196},{"Length":37,"Height":44,"Demand":1,"DemandMax":null,"Value":1628},{"Length":19,"Height":60,"Demand":1,"DemandMax":null,"Value":1140},{"Length":36,"Height":47,"Demand":1,"DemandMax":null,"Value":1692},{"Length":62,"Height":44,"Demand":1,"DemandMax":null,"Value":2728},{"Length":37,"Height":148,"Demand":1,"DemandMax":null,"Value":5476},{"Length":32,"Height":31,"Demand":1,"DemandMax":null,"Value":992},{"Length":33,"Height":68,"Demand":1,"DemandMax":null,"Value":2244},{"Length":50,"Height":43,"Demand":1,"DemandMax":null,"Value":2150},{"Length":61,"Height":34,"Demand":1,"DemandMax":null,"Value":2074},{"Length":36,"Height":85,"Demand":1,"DemandMax":null,"Value":3060},{"Length":52,"Height":41,"Demand":1,"DemandMax":null,"Value":2132},{"Length":64,"Height":30,"Demand":1,"DemandMax":null,"Value":1920},{"Length":27,"Height":64,"Demand":1,"DemandMax":null,"Value":1728},{"Length":42,"Height":56,"Demand":1,"DemandMax":null,"Value":2352},{"Length":39,"Height":45,"Demand":1,"DemandMax":null,"Value":1755},{"Length":53,"Height":45,"Demand":1,"DemandMax":null,"Value":2385},{"Length":50,"Height":45,"Demand":1,"DemandMax":null,"Value":2250},{"Length":27,"Height":73,"Demand":1,"DemandMax":null,"Value":1971},{"Length":34,"Height":30,"Demand":1,"DemandMax":null,"Value":1020},{"Length":38,"Height":70,"Demand":1,"DemandMax":null,"Value":2660},{"Length":44,"Height":25,"Demand":1,"DemandMax":null,"Value":1100},{"Length":63,"Height":41,"Demand":1,"DemandMax":null,"Value":2583},{"Length":51,"Height":36,"Demand":1,"DemandMax":null,"Value":1836},{"Length":54,"Height":33,"Demand":1,"DemandMax":null,"Value":1782},{"Length":56,"Height":37,"Demand":1,"DemandMax":null,"Value":2072},{"Length":51,"Height":43,"Demand":1,"DemandMax":null,"Value":2193},{"Length":86,"Height":29,"Demand":1,"DemandMax":null,"Value":2494},{"Length":25,"Height":41,"Demand":1,"DemandMax":null,"Value":1025},{"Length":42,"Height":41,"Demand":1,"DemandMax":null,"Value":1722},{"Length":73,"Height":27,"Demand":1,"DemandMax":null,"Value":1971},{"Length":41,"Height":49,"Demand":1,"DemandMax":null,"Value":2009},{"Length":35,"Height":74,"Demand":1,"DemandMax":null,"Value":2590},{"Length":38,"Height":25,"Demand":1,"DemandMax":null,"Value":950},{"Length":40,"Height":53,"Demand":2,"DemandMax":null,"Value":2120},{"Length":60,"Height":30,"Demand":1,"DemandMax":null,"Value":1800},{"Length":22,"Height":77,"Demand":1,"DemandMax":null,"Value":1694},{"Length":33,"Height":35,"Demand":1,"DemandMax":null,"Value":1155},{"Length":38,"Height":65,"Demand":1,"DemandMax":null,"Value":2470},{"Length":49,"Height":39,"Demand":1,"DemandMax":null,"Value":1911},{"Length":58,"Height":34,"Demand":1,"DemandMax":null,"Value":1972},{"Length":37,"Height":53,"Demand":1,"DemandMax":null,"Value":1961},{"Length":75,"Height":30,"Demand":1,"DemandMax":null,"Value":2250},{"Length":25,"Height":78,"Demand":1,"DemandMax":null,"Value":1950},{"Length":37,"Height":74,"Demand":1,"DemandMax":null,"Value":2738},{"Length":39,"Height":148,"Demand":1,"DemandMax":null,"Value":5772},{"Length":26,"Height":71,"Demand":1,"DemandMax":null,"Value":1846},{"Length":50,"Height":34,"Demand":1,"DemandMax":null,"Value":1700},{"Length":45,"Height":25,"Demand":1,"DemandMax":null,"Value":1125},{"Length":44,"Height":33,"Demand":1,"DemandMax":null,"Value":1452},{"Length":25,"Height":55,"Demand":1,"DemandMax":null,"Value":1375},{"Length":20,"Height":63,"Demand":1,"DemandMax":null,"Value":1260},{"Length":23,"Height":42,"Demand":1,"DemandMax":null,"Value":966},{"Length":31,"Height":83,"Demand":1,"DemandMax":null,"Value":2573},{"Length":32,"Height":30,"Demand":1,"DemandMax":null,"Value":960},{"Length":34,"Height":55,"Demand":1,"DemandMax":null,"Value":1870},{"Length":67,"Height":21,"Demand":1,"DemandMax":null,"Value":1407},{"Length":39,"Height":53,"Demand":1,"DemandMax":null,"Value":2067},{"Length":28,"Height":35,"Demand":1,"DemandMax":null,"Value":980},{"Length":34,"Height":42,"Demand":1,"DemandMax":null,"Value":1428},{"Length":47,"Height":31,"Demand":1,"DemandMax":null,"Value":1457},{"Length":32,"Height":46,"Demand":1,"DemandMax":null,"Value":1472},{"Length":29,"Height":45,"Demand":1,"DemandMax":null,"Value":1305},{"Length":52,"Height":39,"Demand":1,"DemandMax":null,"Value":2028},{"Length":22,"Height":63,"Demand":1,"DemandMax":null,"Value":1386},{"Length":31,"Height":42,"Demand":1,"DemandMax":null,"Value":1302},{"Length":55,"Height":32,"Demand":1,"DemandMax":null,"Value":1760},{"Length":61,"Height":33,"Demand":1,"DemandMax":null,"Value":2013},{"Length":33,"Height":30,"Demand":1,"DemandMax":null,"Value":990},{"Length":33,"Height":66,"Demand":1,"DemandMax":null,"Value":2178},{"Length":45,"Height":28,"Demand":1,"DemandMax":null,"Value":1260},{"Length":35,"Height":46,"Demand":1,"DemandMax":null,"Value":1610},{"Length":54,"Height":27,"Demand":1,"DemandMax":null,"Value":1458},{"Length":38,"Height":35,"Demand":1,"DemandMax":null,"Value":1330},{"Length":44,"Height":44,"Demand":1,"DemandMax":null,"Value":1936},{"Length":41,"Height":36,"Demand":1,"DemandMax":null,"Value":1476},{"Length":88,"Height":41,"Demand":1,"DemandMax":null,"Value":3608}]}