{"Name":"Path200i5b2","Objects":[{"Length":281,"Height":550,"Stock":2,"Cost":154550},{"Length":427,"Height":500,"Stock":9,"Cost":213500},{"Length":573,"Height":450,"Stock":1,"Cost":257850},{"Length":292,"Height":550,"Stock":4,"Cost":160600}],"Items":[{"Length":281,"Height":44,"Demand":1,"DemandMax":null,"Value":12364},{"Length":80,"Height":2,"Demand":1,"DemandMax":null,"Value":160},{"Length":1,"Height":200,"Demand":2,"DemandMax":null,"Value":200},{"Length":246,"Height":243,"Demand":1,"DemandMax":null,"Value":59778},{"Length":29,"Height":50,"Demand":1,"DemandMax":null,"Value":1450},{"Length":13,"Height":62,"Demand":1,"DemandMax":null,"Value":806},{"Length":266,"Height":124,"Demand":1,"DemandMax":null,"Value":32984},{"Length":54,"Height":165,"Demand":1,"DemandMax":null,"Value":8910},{"Length":233,"Height":15,"Demand":1,"DemandMax":null,"Value":3495},{"Length":77,"Height":210,"Demand":1,"DemandMax":null,"Value":16170},{"Length":76,"Height":240,"Demand":1,"DemandMax":null,"Value":18240},{"Length":164,"Height":45,"Demand":1,"DemandMax":null,"Value":7380},{"Length":16,"Height":2,"Demand":1,"DemandMax":null,"Value":32},{"Length":263,"Height":18,"Demand":1,"DemandMax":null,"Value":4734},{"Length":5,"Height":10,"Demand":1,"DemandMax":null,"Value":50},{"Length":25,"Height":210,"Demand":1,"DemandMax":null,"Value":5250},{"Length":82,"Height":6,"Demand":1,"DemandMax":null,"Value":492},{"Length":194,"Height":259,"Demand":1,"DemandMax":null,"Value":50246},{"Length":4,"Height":86,"Demand":2,"DemandMax":null,"Value":344},{"Length":119,"Height":28,"Demand":1,"DemandMax":null,"Value":3332},{"Length":7,"Height":66,"Demand":1,"DemandMax":null,"Value":462},{"Length":20,"Height":241,"Demand":1,"DemandMax":null,"Value":4820},{"Length":36,"Height":210,"Demand":1,"DemandMax":null,"Value":7560},{"Length":3,"Height":240,"Demand":1,"DemandMax":null,"Value":720},{"Length":129,"Height":240,"Demand":1,"DemandMax":null,"Value":30960},{"Length":38,"Height":35,"Demand":1,"DemandMax":null,"Value":1330},{"Length":6,"Height":36,"Demand":1,"DemandMax":null,"Value":216},{"Length":2,"Height":3,"Demand":1,"DemandMax":null,"Value":6},{"Length":2,"Height":92,"Demand":1,"DemandMax":null,"Value":184},{"Length":16,"Height":3,"Demand":1,"DemandMax":null,"Value":48},{"Length":16,"Height":158,"Demand":1,"DemandMax":null,"Value":2528},{"Length":3,"Height":1,"Demand":2,"DemandMax":null,"Value":3},{"Length":168,"Height":203,"Demand":1,"DemandMax":null,"Value":34104},{"Length":2,"Height":133,"Demand":1,"DemandMax":null,"Value":266},{"Length":29,"Height":276,"Demand":1,"DemandMax":null,"Value":8004},{"Length":1,"Height":169,"Demand":1,"DemandMax":null,"Value":169},{"Length":266,"Height":120,"Demand":1,"DemandMax":null,"Value":31920},{"Length":26,"Height":1,"Demand":1,"DemandMax":null,"Value":26},{"Length":4,"Height":276,"Demand":1,"DemandMax":null,"Value":1104},{"Length":2,"Height":1,"Demand":1,"DemandMax":null,"Value":2},{"Length":74,"Height":38,"Demand":1,"DemandMax":null,"Value":2812},{"Length":1,"Height":13,"Demand":2,"DemandMax":null,"Value":13},{"Length":16,"Height":154,"Demand":1,"DemandMax":null,"Value":2464},{"Length":10,"Height":205,"Demand":2,"DemandMax":null,"Value":2050},{"Length":6,"Height":198,"Demand":1,"DemandMax":null,"Value":1188},{"Length":22,"Height":61,"Demand":1,"DemandMax":null,"Value":1342},{"Length":91,"Height":9,"Demand":1,"DemandMax":null,"Value":819},{"Length":43,"Height":35,"Demand":1,"DemandMax":null,"Value":1505},{"Length":186,"Height":257,"Demand":1,"DemandMax":null,"Value":47802},{"Length":16,"Height":132,"Demand":1,"DemandMax":null,"Value":2112},{"Length":10,"Height":208,"Demand":1,"DemandMax":null,"Value":2080},{"Length":181,"Height":243,"Demand":1,"DemandMax":null,"Value":43983},{"Length":24,"Height":66,"Demand":1,"DemandMax":null,"Value":1584},{"Length":220,"Height":133,"Demand":1,"DemandMax":null,"Value":29260},{"Length":5,"Height":160,"Demand":1,"DemandMax":null,"Value":800},{"Length":38,"Height":257,"Demand":1,"DemandMax":null,"Value":9766},{"Length":16,"Height":140,"Demand":1,"DemandMax":null,"Value":2240},{"Length":1,"Height":116,"Demand":2,"DemandMax":null,"Value":116},{"Length":1,"Height":73,"Demand":1,"DemandMax":null,"Value":73},{"Length":9,"Height":143,"Demand":1,"DemandMax":null,"Value":1287},{"Length":3,"Height":36,"Demand":1,"DemandMax":null,"Value":108},{"Length":1,"Height":59,"Demand":1,"DemandMax":null,"Value":59},{"Length":9,"Height":20,"Demand":1,"DemandMax":null,"Value":180},{"Length":17,"Height":145,"Demand":1,"DemandMax":null,"Value":2465},{"Length":2,"Height":241,"Demand":1,"DemandMax":null,"Value":482},{"Length":233,"Height":13,"Demand":1,"DemandMax":null,"Value":3029},{"Length":34,"Height":2,"Demand":1,"DemandMax":null,"Value":68},{"Length":1,"Height":30,"Demand":1,"DemandMax":null,"Value":30},{"Length":5,"Height":16,"Demand":1,"DemandMax":null,"Value":80},{"Length":91,"Height":34,"Demand":1,"DemandMax":null,"Value":3094},{"Length":16,"Height":1,"Demand":2,"DemandMax":null,"Value":16},{"Length":13,"Height":200,"Demand":1,"DemandMax":null,"Value":2600},{"Length":29,"Height":241,"Demand":1,"DemandMax":null,"Value":6989},{"Length":14,"Height":3,"Demand":1,"DemandMax":null,"Value":42},{"Length":281,"Height":272,"Demand":1,"DemandMax":null,"Value":76432},{"Length":119,"Height":248,"Demand":1,"DemandMax":null,"Value":29512},{"Length":4,"Height":26,"Demand":1,"DemandMax":null,"Value":104},{"Length":233,"Height":231,"Demand":1,"DemandMax":null,"Value":53823},{"Length":95,"Height":52,"Demand":1,"DemandMax":null,"Value":4940},{"Length":20,"Height":210,"Demand":1,"DemandMax":null,"Value":4200},{"Length":11,"Height":6,"Demand":1,"DemandMax":null,"Value":66},{"Length":21,"Height":134,"Demand":1,"DemandMax":null,"Value":2814},{"Length":19,"Height":66,"Demand":1,"DemandMax":null,"Value":1254},{"Length":16,"Height":45,"Demand":1,"DemandMax":null,"Value":720},{"Length":1,"Height":41,"Demand":1,"DemandMax":null,"Value":41},{"Length":7,"Height":25,"Demand":1,"DemandMax":null,"Value":175},{"Length":28,"Height":57,"Demand":1,"DemandMax":null,"Value":1596},{"Length":2,"Height":15,"Demand":1,"DemandMax":null,"Value":30},{"Length":1,"Height":6,"Demand":2,"DemandMax":null,"Value":6},{"Length":5,"Height":1,"Demand":1,"DemandMax":null,"Value":5},{"Length":2,"Height":10,"Demand":1,"DemandMax":null,"Value":20},{"Length":1,"Height":4,"Demand":1,"DemandMax":null,"Value":4},{"Length":22,"Height":93,"Demand":1,"DemandMax":null,"Value":2046},{"Length":23,"Height":1,"Demand":1,"DemandMax":null,"Value":23},{"Length":49,"Height":109,"Demand":1,"DemandMax":null,"Value":5341},{"Length":1,"Height":1,"Demand":5,"DemandMax":null,"Value":1},{"Length":12,"Height":16,"Demand":1,"DemandMax":null,"Value":192},{"Length":38,"Height":160,"Demand":1,"DemandMax":null,"Value":6080},{"Length":80,"Height":36,"Demand":1,"DemandMax":null,"Value":2880},{"Length":3,"Height":169,"Demand":1,"DemandMax":null,"Value":507},{"Length":8,"Height":210,"Demand":1,"DemandMax":null,"Value":1680},{"Length":2,"Height":33,"Demand":1,"DemandMax":null,"Value":66},{"Length":7,"Height":33,"Demand":1,"DemandMax":null,"Value":231},{"Length":6,"Height":1,"Demand":1,"DemandMax":null,"Value":6},{"Length":3,"Height":9,"Demand":1,"DemandMax":null,"Value":27},{"Length":1,"Height":93,"Demand":1,"DemandMax":null,"Value":93},{"Length":20,"Height":2,"Demand":1,"DemandMax":null,"Value":40},{"Length":41,"Height":39,"Demand":1,"DemandMax":null,"Value":1599},{"Length":4,"Height":33,"Demand":1,"DemandMax":null,"Value":132},{"Length":95,"Height":43,"Demand":1,"DemandMax":null,"Value":4085},{"Length":5,"Height":241,"Demand":1,"DemandMax":null,"Value":1205},{"Length":1,"Height":8,"Demand":2,"DemandMax":null,"Value":8},{"Length":6,"Height":7,"Demand":1,"DemandMax":null,"Value":42},{"Length":99,"Height":99,"Demand":1,"DemandMax":null,"Value":9801},{"Length":9,"Height":6,"Demand":2,"DemandMax":null,"Value":54},{"Length":4,"Height":7,"Demand":1,"DemandMax":null,"Value":28},{"Length":82,"Height":24,"Demand":1,"DemandMax":null,"Value":1968},{"Length":6,"Height":12,"Demand":1,"DemandMax":null,"Value":72},{"Length":33,"Height":210,"Demand":1,"DemandMax":null,"Value":6930},{"Length":2,"Height":77,"Demand":1,"DemandMax":null,"Value":154},{"Length":1,"Height":67,"Demand":1,"DemandMax":null,"Value":67},{"Length":10,"Height":1,"Demand":1,"DemandMax":null,"Value":10},{"Length":71,"Height":23,"Demand":1,"DemandMax":null,"Value":1633},{"Length":281,"Height":234,"Demand":1,"DemandMax":null,"Value":65754},{"Length":12,"Height":96,"Demand":1,"DemandMax":null,"Value":1152},{"Length":2,"Height":2,"Demand":2,"DemandMax":null,"Value":4},{"Length":3,"Height":2,"Demand":1,"DemandMax":null,"Value":6},{"Length":3,"Height":72,"Demand":1,"DemandMax":null,"Value":216},{"Length":23,"Height":276,"Demand":1,"DemandMax":null,"Value":6348},{"Length":2,"Height":199,"Demand":1,"DemandMax":null,"Value":398},{"Length":23,"Height":16,"Demand":1,"DemandMax":null,"Value":368},{"Length":24,"Height":143,"Demand":2,"DemandMax":null,"Value":3432},{"Length":265,"Height":30,"Demand":1,"DemandMax":null,"Value":7950},{"Length":9,"Height":4,"Demand":1,"DemandMax":null,"Value":36},{"Length":12,"Height":116,"Demand":1,"DemandMax":null,"Value":1392},{"Length":82,"Height":12,"Demand":1,"DemandMax":null,"Value":984},{"Length":4,"Height":48,"Demand":1,"DemandMax":null,"Value":192},{"Length":1,"Height":132,"Demand":1,"DemandMax":null,"Value":132},{"Length":8,"Height":4,"Demand":1,"DemandMax":null,"Value":32},{"Length":3,"Height":134,"Demand":1,"DemandMax":null,"Value":402},{"Length":164,"Height":54,"Demand":1,"DemandMax":null,"Value":8856},{"Length":16,"Height":44,"Demand":1,"DemandMax":null,"Value":704},{"Length":13,"Height":6,"Demand":1,"DemandMax":null,"Value":78},{"Length":9,"Height":36,"Demand":1,"DemandMax":null,"Value":324},{"Length":18,"Height":1,"Demand":1,"DemandMax":null,"Value":18},{"Length":89,"Height":92,"Demand":1,"DemandMax":null,"Value":8188},{"Length":5,"Height":200,"Demand":1,"DemandMax":null,"Value":1000},{"Length":8,"Height":6,"Demand":1,"DemandMax":null,"Value":48},{"Length":29,"Height":6,"Demand":1,"DemandMax":null,"Value":174},{"Length":1,"Height":227,"Demand":1,"DemandMax":null,"Value":227},{"Length":20,"Height":7,"Demand":1,"DemandMax":null,"Value":140},{"Length":1,"Height":7,"Demand":2,"DemandMax":null,"Value":7},{"Length":65,"Height":241,"Demand":1,"DemandMax":null,"Value":15665},{"Length":15,"Height":276,"Demand":1,"DemandMax":null,"Value":4140},{"Length":3,"Height":42,"Demand":1,"DemandMax":null,"Value":126},{"Length":11,"Height":1,"Demand":1,"DemandMax":null,"Value":11},{"Length":78,"Height":145,"Demand":1,"DemandMax":null,"Value":11310},{"Length":203,"Height":257,"Demand":1,"DemandMax":null,"Value":52171},{"Length":6,"Height":60,"Demand":1,"DemandMax":null,"Value":360},{"Length":4,"Height":69,"Demand":1,"DemandMax":null,"Value":276},{"Length":1,"Height":42,"Demand":1,"DemandMax":null,"Value":42},{"Length":11,"Height":17,"Demand":1,"DemandMax":null,"Value":187},{"Length":7,"Height":2,"Demand":1,"DemandMax":null,"Value":14},{"Length":16,"Height":22,"Demand":1,"DemandMax":null,"Value":352},{"Length":16,"Height":4,"Demand":1,"DemandMax":null,"Value":64},{"Length":54,"Height":45,"Demand":1,"DemandMax":null,"Value":2430},{"Length":1,"Height":2,"Demand":1,"DemandMax":null,"Value":2},{"Length":55,"Height":133,"Demand":1,"DemandMax":null,"Value":7315},{"Length":14,"Height":35,"Demand":1,"DemandMax":null,"Value":490},{"Length":25,"Height":45,"Demand":1,"DemandMax":null,"Value":1125},{"Length":9,"Height":96,"Demand":1,"DemandMax":null,"Value":864},{"Length":28,"Height":1,"Demand":1,"DemandMax":null,"Value":28},{"Length":153,"Height":200,"Demand":1,"DemandMax":null,"Value":30600},{"Length":43,"Height":133,"Demand":1,"DemandMax":null,"Value":5719},{"Length":1,"Height":38,"Demand":1,"DemandMax":null,"Value":38},{"Length":1,"Height":72,"Demand":1,"DemandMax":null,"Value":72},{"Length":13,"Height":18,"Demand":1,"DemandMax":null,"Value":234},{"Length":23,"Height":44,"Demand":1,"DemandMax":null,"Value":1012},{"Length":20,"Height":14,"Demand":1,"DemandMax":null,"Value":280},{"Length":12,"Height":26,"Demand":1,"DemandMax":null,"Value":312},{"Length":28,"Height":39,"Demand":1,"DemandMax":null,"Value":1092},{"Length":12,"Height":205,"Demand":1,"DemandMax":null,"Value":2460},{"Length":4,"Height":65,"Demand":1,"DemandMax":null,"Value":260}]}