{"Name":"Path300i2b5","Objects":[{"Length":1000,"Height":340,"Stock":6,"Cost":340000},{"Length":1000,"Height":660,"Stock":5,"Cost":660000}],"Items":[{"Length":45,"Height":65,"Demand":1,"DemandMax":null,"Value":2925},{"Length":230,"Height":332,"Demand":1,"DemandMax":null,"Value":76360},{"Length":22,"Height":2,"Demand":2,"DemandMax":null,"Value":44},{"Length":18,"Height":247,"Demand":1,"DemandMax":null,"Value":4446},{"Length":3,"Height":1,"Demand":7,"DemandMax":null,"Value":3},{"Length":1,"Height":1,"Demand":30,"DemandMax":null,"Value":1},{"Length":82,"Height":301,"Demand":1,"DemandMax":null,"Value":24682},{"Length":35,"Height":42,"Demand":1,"DemandMax":null,"Value":1470},{"Length":46,"Height":4,"Demand":1,"DemandMax":null,"Value":184},{"Length":3,"Height":75,"Demand":2,"DemandMax":null,"Value":225},{"Length":118,"Height":3,"Demand":1,"DemandMax":null,"Value":354},{"Length":26,"Height":13,"Demand":1,"DemandMax":null,"Value":338},{"Length":9,"Height":67,"Demand":1,"DemandMax":null,"Value":603},{"Length":1,"Height":152,"Demand":1,"DemandMax":null,"Value":152},{"Length":9,"Height":32,"Demand":1,"DemandMax":null,"Value":288},{"Length":16,"Height":8,"Demand":1,"DemandMax":null,"Value":128},{"Length":1,"Height":3,"Demand":1,"DemandMax":null,"Value":3},{"Length":107,"Height":5,"Demand":1,"DemandMax":null,"Value":535},{"Length":9,"Height":57,"Demand":1,"DemandMax":null,"Value":513},{"Length":31,"Height":3,"Demand":1,"DemandMax":null,"Value":93},{"Length":35,"Height":53,"Demand":1,"DemandMax":null,"Value":1855},{"Length":14,"Height":1,"Demand":2,"DemandMax":null,"Value":14},{"Length":226,"Height":28,"Demand":1,"DemandMax":null,"Value":6328},{"Length":16,"Height":71,"Demand":1,"DemandMax":null,"Value":1136},{"Length":4,"Height":1,"Demand":4,"DemandMax":null,"Value":4},{"Length":279,"Height":254,"Demand":1,"DemandMax":null,"Value":70866},{"Length":1,"Height":17,"Demand":1,"DemandMax":null,"Value":17},{"Length":252,"Height":36,"Demand":1,"DemandMax":null,"Value":9072},{"Length":13,"Height":43,"Demand":1,"DemandMax":null,"Value":559},{"Length":16,"Height":1,"Demand":1,"DemandMax":null,"Value":16},{"Length":2,"Height":116,"Demand":1,"DemandMax":null,"Value":232},{"Length":2,"Height":18,"Demand":1,"DemandMax":null,"Value":36},{"Length":153,"Height":3,"Demand":1,"DemandMax":null,"Value":459},{"Length":4,"Height":120,"Demand":1,"DemandMax":null,"Value":480},{"Length":8,"Height":48,"Demand":1,"DemandMax":null,"Value":384},{"Length":4,"Height":3,"Demand":1,"DemandMax":null,"Value":12},{"Length":42,"Height":193,"Demand":1,"DemandMax":null,"Value":8106},{"Length":16,"Height":62,"Demand":1,"DemandMax":null,"Value":992},{"Length":5,"Height":3,"Demand":2,"DemandMax":null,"Value":15},{"Length":43,"Height":19,"Demand":1,"DemandMax":null,"Value":817},{"Length":153,"Height":19,"Demand":1,"DemandMax":null,"Value":2907},{"Length":41,"Height":31,"Demand":1,"DemandMax":null,"Value":1271},{"Length":61,"Height":13,"Demand":1,"DemandMax":null,"Value":793},{"Length":14,"Height":3,"Demand":1,"DemandMax":null,"Value":42},{"Length":107,"Height":1,"Demand":1,"DemandMax":null,"Value":107},{"Length":17,"Height":1,"Demand":1,"DemandMax":null,"Value":17},{"Length":21,"Height":1,"Demand":1,"DemandMax":null,"Value":21},{"Length":18,"Height":30,"Demand":1,"DemandMax":null,"Value":540},{"Length":44,"Height":43,"Demand":1,"DemandMax":null,"Value":1892},{"Length":23,"Height":301,"Demand":1,"DemandMax":null,"Value":6923},{"Length":132,"Height":6,"Demand":1,"DemandMax":null,"Value":792},{"Length":5,"Height":171,"Demand":1,"DemandMax":null,"Value":855},{"Length":33,"Height":48,"Demand":1,"DemandMax":null,"Value":1584},{"Length":153,"Height":144,"Demand":1,"DemandMax":null,"Value":22032},{"Length":27,"Height":338,"Demand":1,"DemandMax":null,"Value":9126},{"Length":87,"Height":1,"Demand":2,"DemandMax":null,"Value":87},{"Length":38,"Height":1,"Demand":1,"DemandMax":null,"Value":38},{"Length":131,"Height":140,"Demand":1,"DemandMax":null,"Value":18340},{"Length":14,"Height":82,"Demand":1,"DemandMax":null,"Value":1148},{"Length":12,"Height":55,"Demand":1,"DemandMax":null,"Value":660},{"Length":9,"Height":25,"Demand":1,"DemandMax":null,"Value":225},{"Length":153,"Height":11,"Demand":1,"DemandMax":null,"Value":1683},{"Length":2,"Height":27,"Demand":2,"DemandMax":null,"Value":54},{"Length":51,"Height":65,"Demand":1,"DemandMax":null,"Value":3315},{"Length":3,"Height":62,"Demand":1,"DemandMax":null,"Value":186},{"Length":82,"Height":17,"Demand":1,"DemandMax":null,"Value":1394},{"Length":22,"Height":1,"Demand":3,"DemandMax":null,"Value":22},{"Length":9,"Height":7,"Demand":1,"DemandMax":null,"Value":63},{"Length":1,"Height":63,"Demand":1,"DemandMax":null,"Value":63},{"Length":15,"Height":13,"Demand":1,"DemandMax":null,"Value":195},{"Length":319,"Height":93,"Demand":1,"DemandMax":null,"Value":29667},{"Length":13,"Height":2,"Demand":1,"DemandMax":null,"Value":26},{"Length":235,"Height":328,"Demand":1,"DemandMax":null,"Value":77080},{"Length":21,"Height":82,"Demand":1,"DemandMax":null,"Value":1722},{"Length":20,"Height":6,"Demand":1,"DemandMax":null,"Value":120},{"Length":1,"Height":162,"Demand":1,"DemandMax":null,"Value":162},{"Length":9,"Height":38,"Demand":1,"DemandMax":null,"Value":342},{"Length":279,"Height":68,"Demand":1,"DemandMax":null,"Value":18972},{"Length":17,"Height":38,"Demand":1,"DemandMax":null,"Value":646},{"Length":6,"Height":1,"Demand":2,"DemandMax":null,"Value":6},{"Length":26,"Height":57,"Demand":1,"DemandMax":null,"Value":1482},{"Length":25,"Height":44,"Demand":1,"DemandMax":null,"Value":1100},{"Length":3,"Height":27,"Demand":1,"DemandMax":null,"Value":81},{"Length":1,"Height":15,"Demand":1,"DemandMax":null,"Value":15},{"Length":10,"Height":1,"Demand":1,"DemandMax":null,"Value":10},{"Length":43,"Height":1,"Demand":1,"DemandMax":null,"Value":43},{"Length":9,"Height":338,"Demand":1,"DemandMax":null,"Value":3042},{"Length":12,"Height":1,"Demand":2,"DemandMax":null,"Value":12},{"Length":1,"Height":75,"Demand":1,"DemandMax":null,"Value":75},{"Length":5,"Height":338,"Demand":1,"DemandMax":null,"Value":1690},{"Length":3,"Height":17,"Demand":1,"DemandMax":null,"Value":51},{"Length":8,"Height":8,"Demand":2,"DemandMax":null,"Value":64},{"Length":30,"Height":156,"Demand":1,"DemandMax":null,"Value":4680},{"Length":22,"Height":107,"Demand":1,"DemandMax":null,"Value":2354},{"Length":12,"Height":127,"Demand":1,"DemandMax":null,"Value":1524},{"Length":22,"Height":13,"Demand":1,"DemandMax":null,"Value":286},{"Length":83,"Height":6,"Demand":2,"DemandMax":null,"Value":498},{"Length":1,"Height":301,"Demand":2,"DemandMax":null,"Value":301},{"Length":9,"Height":1,"Demand":6,"DemandMax":null,"Value":9},{"Length":226,"Height":101,"Demand":1,"DemandMax":null,"Value":22826},{"Length":33,"Height":9,"Demand":1,"DemandMax":null,"Value":297},{"Length":11,"Height":116,"Demand":1,"DemandMax":null,"Value":1276},{"Length":4,"Height":10,"Demand":1,"DemandMax":null,"Value":40},{"Length":26,"Height":15,"Demand":1,"DemandMax":null,"Value":390},{"Length":35,"Height":17,"Demand":1,"DemandMax":null,"Value":595},{"Length":14,"Height":112,"Demand":1,"DemandMax":null,"Value":1568},{"Length":12,"Height":56,"Demand":1,"DemandMax":null,"Value":672},{"Length":75,"Height":1,"Demand":1,"DemandMax":null,"Value":75},{"Length":144,"Height":16,"Demand":1,"DemandMax":null,"Value":2304},{"Length":10,"Height":116,"Demand":1,"DemandMax":null,"Value":1160},{"Length":46,"Height":55,"Demand":1,"DemandMax":null,"Value":2530},{"Length":132,"Height":1,"Demand":3,"DemandMax":null,"Value":132},{"Length":2,"Height":3,"Demand":2,"DemandMax":null,"Value":6},{"Length":26,"Height":65,"Demand":1,"DemandMax":null,"Value":1690},{"Length":22,"Height":81,"Demand":1,"DemandMax":null,"Value":1782},{"Length":23,"Height":16,"Demand":1,"DemandMax":null,"Value":368},{"Length":2,"Height":1,"Demand":3,"DemandMax":null,"Value":2},{"Length":24,"Height":33,"Demand":1,"DemandMax":null,"Value":792},{"Length":132,"Height":8,"Demand":1,"DemandMax":null,"Value":1056},{"Length":1,"Height":2,"Demand":4,"DemandMax":null,"Value":2},{"Length":33,"Height":8,"Demand":1,"DemandMax":null,"Value":264},{"Length":82,"Height":274,"Demand":1,"DemandMax":null,"Value":22468},{"Length":92,"Height":3,"Demand":1,"DemandMax":null,"Value":276},{"Length":31,"Height":10,"Demand":1,"DemandMax":null,"Value":310},{"Length":22,"Height":58,"Demand":1,"DemandMax":null,"Value":1276},{"Length":88,"Height":16,"Demand":1,"DemandMax":null,"Value":1408},{"Length":1,"Height":19,"Demand":1,"DemandMax":null,"Value":19},{"Length":7,"Height":1,"Demand":2,"DemandMax":null,"Value":7},{"Length":1,"Height":30,"Demand":1,"DemandMax":null,"Value":30},{"Length":46,"Height":123,"Demand":1,"DemandMax":null,"Value":5658},{"Length":36,"Height":66,"Demand":1,"DemandMax":null,"Value":2376},{"Length":9,"Height":4,"Demand":1,"DemandMax":null,"Value":36},{"Length":5,"Height":22,"Demand":1,"DemandMax":null,"Value":110},{"Length":80,"Height":1,"Demand":1,"DemandMax":null,"Value":80},{"Length":7,"Height":104,"Demand":1,"DemandMax":null,"Value":728},{"Length":226,"Height":209,"Demand":1,"DemandMax":null,"Value":47234},{"Length":1,"Height":11,"Demand":1,"DemandMax":null,"Value":11},{"Length":95,"Height":1,"Demand":1,"DemandMax":null,"Value":95},{"Length":96,"Height":332,"Demand":1,"DemandMax":null,"Value":31872},{"Length":22,"Height":8,"Demand":1,"DemandMax":null,"Value":176},{"Length":8,"Height":84,"Demand":1,"DemandMax":null,"Value":672},{"Length":87,"Height":4,"Demand":1,"DemandMax":null,"Value":348},{"Length":11,"Height":8,"Demand":1,"DemandMax":null,"Value":88},{"Length":122,"Height":1,"Demand":1,"DemandMax":null,"Value":122},{"Length":83,"Height":1,"Demand":1,"DemandMax":null,"Value":83},{"Length":1,"Height":25,"Demand":1,"DemandMax":null,"Value":25},{"Length":2,"Height":171,"Demand":1,"DemandMax":null,"Value":342},{"Length":12,"Height":49,"Demand":1,"DemandMax":null,"Value":588},{"Length":3,"Height":16,"Demand":2,"DemandMax":null,"Value":48},{"Length":3,"Height":8,"Demand":1,"DemandMax":null,"Value":24},{"Length":21,"Height":37,"Demand":1,"DemandMax":null,"Value":777},{"Length":7,"Height":33,"Demand":1,"DemandMax":null,"Value":231},{"Length":55,"Height":4,"Demand":1,"DemandMax":null,"Value":220},{"Length":13,"Height":13,"Demand":1,"DemandMax":null,"Value":169},{"Length":152,"Height":328,"Demand":1,"DemandMax":null,"Value":49856},{"Length":293,"Height":338,"Demand":1,"DemandMax":null,"Value":99034},{"Length":83,"Height":20,"Demand":1,"DemandMax":null,"Value":1660},{"Length":5,"Height":1,"Demand":6,"DemandMax":null,"Value":5},{"Length":14,"Height":338,"Demand":1,"DemandMax":null,"Value":4732},{"Length":13,"Height":1,"Demand":1,"DemandMax":null,"Value":13},{"Length":1,"Height":171,"Demand":1,"DemandMax":null,"Value":171},{"Length":122,"Height":2,"Demand":1,"DemandMax":null,"Value":244},{"Length":9,"Height":146,"Demand":1,"DemandMax":null,"Value":1314},{"Length":46,"Height":213,"Demand":1,"DemandMax":null,"Value":9798},{"Length":1,"Height":9,"Demand":1,"DemandMax":null,"Value":9},{"Length":1,"Height":13,"Demand":2,"DemandMax":null,"Value":13},{"Length":15,"Height":46,"Demand":1,"DemandMax":null,"Value":690},{"Length":35,"Height":8,"Demand":1,"DemandMax":null,"Value":280},{"Length":102,"Height":16,"Demand":1,"DemandMax":null,"Value":1632},{"Length":22,"Height":7,"Demand":2,"DemandMax":null,"Value":154},{"Length":46,"Height":44,"Demand":1,"DemandMax":null,"Value":2024},{"Length":153,"Height":1,"Demand":1,"DemandMax":null,"Value":153},{"Length":31,"Height":5,"Demand":1,"DemandMax":null,"Value":155},{"Length":109,"Height":6,"Demand":1,"DemandMax":null,"Value":654},{"Length":41,"Height":2,"Demand":1,"DemandMax":null,"Value":82},{"Length":1,"Height":84,"Demand":2,"DemandMax":null,"Value":84},{"Length":41,"Height":22,"Demand":1,"DemandMax":null,"Value":902},{"Length":9,"Height":104,"Demand":1,"DemandMax":null,"Value":936},{"Length":26,"Height":3,"Demand":1,"DemandMax":null,"Value":78},{"Length":6,"Height":2,"Demand":1,"DemandMax":null,"Value":12},{"Length":1,"Height":7,"Demand":1,"DemandMax":null,"Value":7},{"Length":7,"Height":37,"Demand":1,"DemandMax":null,"Value":259},{"Length":25,"Height":1,"Demand":1,"DemandMax":null,"Value":25},{"Length":6,"Height":27,"Demand":1,"DemandMax":null,"Value":162},{"Length":2,"Height":16,"Demand":1,"DemandMax":null,"Value":32},{"Length":39,"Height":338,"Demand":1,"DemandMax":null,"Value":13182},{"Length":7,"Height":46,"Demand":1,"DemandMax":null,"Value":322},{"Length":9,"Height":11,"Demand":1,"DemandMax":null,"Value":99},{"Length":109,"Height":1,"Demand":1,"DemandMax":null,"Value":109},{"Length":45,"Height":193,"Demand":1,"DemandMax":null,"Value":8685},{"Length":322,"Height":247,"Demand":1,"DemandMax":null,"Value":79534},{"Length":1,"Height":5,"Demand":1,"DemandMax":null,"Value":5},{"Length":42,"Height":1,"Demand":1,"DemandMax":null,"Value":42},{"Length":5,"Height":7,"Demand":1,"DemandMax":null,"Value":35},{"Length":1,"Height":12,"Demand":1,"DemandMax":null,"Value":12},{"Length":252,"Height":238,"Demand":1,"DemandMax":null,"Value":59976},{"Length":15,"Height":242,"Demand":1,"DemandMax":null,"Value":3630},{"Length":45,"Height":301,"Demand":1,"DemandMax":null,"Value":13545},{"Length":153,"Height":7,"Demand":1,"DemandMax":null,"Value":1071},{"Length":20,"Height":14,"Demand":1,"DemandMax":null,"Value":280},{"Length":1,"Height":269,"Demand":1,"DemandMax":null,"Value":269},{"Length":3,"Height":104,"Demand":1,"DemandMax":null,"Value":312},{"Length":10,"Height":43,"Demand":1,"DemandMax":null,"Value":430},{"Length":1,"Height":4,"Demand":1,"DemandMax":null,"Value":4},{"Length":42,"Height":31,"Demand":1,"DemandMax":null,"Value":1302},{"Length":31,"Height":65,"Demand":1,"DemandMax":null,"Value":2015},{"Length":6,"Height":75,"Demand":1,"DemandMax":null,"Value":450},{"Length":61,"Height":332,"Demand":1,"DemandMax":null,"Value":20252},{"Length":1,"Height":42,"Demand":1,"DemandMax":null,"Value":42},{"Length":1,"Height":23,"Demand":1,"DemandMax":null,"Value":23},{"Length":82,"Height":15,"Demand":1,"DemandMax":null,"Value":1230},{"Length":9,"Height":56,"Demand":1,"DemandMax":null,"Value":504},{"Length":144,"Height":11,"Demand":1,"DemandMax":null,"Value":1584},{"Length":2,"Height":17,"Demand":1,"DemandMax":null,"Value":34},{"Length":3,"Height":84,"Demand":1,"DemandMax":null,"Value":252},{"Length":68,"Height":14,"Demand":1,"DemandMax":null,"Value":952},{"Length":8,"Height":62,"Demand":1,"DemandMax":null,"Value":496},{"Length":31,"Height":188,"Demand":1,"DemandMax":null,"Value":5828},{"Length":33,"Height":3,"Demand":1,"DemandMax":null,"Value":99},{"Length":153,"Height":4,"Demand":1,"DemandMax":null,"Value":612},{"Length":99,"Height":43,"Demand":1,"DemandMax":null,"Value":4257},{"Length":7,"Height":13,"Demand":1,"DemandMax":null,"Value":91},{"Length":27,"Height":1,"Demand":1,"DemandMax":null,"Value":27},{"Length":36,"Height":2,"Demand":1,"DemandMax":null,"Value":72},{"Length":55,"Height":27,"Demand":1,"DemandMax":null,"Value":1485},{"Length":66,"Height":71,"Demand":1,"DemandMax":null,"Value":4686}]}