{"Name":"Nice100i5b5","Objects":[{"Length":1000,"Height":401,"Stock":2,"Cost":401000},{"Length":420,"Height":257,"Stock":5,"Cost":107940},{"Length":1000,"Height":342,"Stock":5,"Cost":342000},{"Length":234,"Height":257,"Stock":3,"Cost":60138},{"Length":346,"Height":257,"Stock":5,"Cost":88922}],"Items":[{"Length":51,"Height":158,"Demand":1,"DemandMax":null,"Value":8058},{"Length":58,"Height":126,"Demand":1,"DemandMax":null,"Value":7308},{"Length":110,"Height":120,"Demand":1,"DemandMax":null,"Value":13200},{"Length":96,"Height":77,"Demand":1,"DemandMax":null,"Value":7392},{"Length":163,"Height":47,"Demand":1,"DemandMax":null,"Value":7661},{"Length":49,"Height":181,"Demand":1,"DemandMax":null,"Value":8869},{"Length":103,"Height":131,"Demand":1,"DemandMax":null,"Value":13493},{"Length":116,"Height":110,"Demand":1,"DemandMax":null,"Value":12760},{"Length":176,"Height":77,"Demand":1,"DemandMax":null,"Value":13552},{"Length":107,"Height":75,"Demand":1,"DemandMax":null,"Value":8025},{"Length":61,"Height":136,"Demand":1,"DemandMax":null,"Value":8296},{"Length":220,"Height":61,"Demand":1,"DemandMax":null,"Value":13420},{"Length":100,"Height":131,"Demand":1,"DemandMax":null,"Value":13100},{"Length":181,"Height":73,"Demand":1,"DemandMax":null,"Value":13213},{"Length":172,"Height":44,"Demand":1,"DemandMax":null,"Value":7568},{"Length":55,"Height":176,"Demand":1,"DemandMax":null,"Value":9680},{"Length":214,"Height":61,"Demand":1,"DemandMax":null,"Value":13054},{"Length":171,"Height":43,"Demand":1,"DemandMax":null,"Value":7353},{"Length":95,"Height":77,"Demand":1,"DemandMax":null,"Value":7315},{"Length":90,"Height":85,"Demand":1,"DemandMax":null,"Value":7650},{"Length":93,"Height":86,"Demand":1,"DemandMax":null,"Value":7998},{"Length":135,"Height":101,"Demand":1,"DemandMax":null,"Value":13635},{"Length":138,"Height":119,"Demand":1,"DemandMax":null,"Value":16422},{"Length":102,"Height":91,"Demand":1,"DemandMax":null,"Value":9282},{"Length":184,"Height":70,"Demand":1,"DemandMax":null,"Value":12880},{"Length":81,"Height":96,"Demand":1,"DemandMax":null,"Value":7776},{"Length":141,"Height":52,"Demand":1,"DemandMax":null,"Value":7332},{"Length":101,"Height":127,"Demand":1,"DemandMax":null,"Value":12827},{"Length":181,"Height":75,"Demand":1,"DemandMax":null,"Value":13575},{"Length":163,"Height":79,"Demand":1,"DemandMax":null,"Value":12877},{"Length":69,"Height":106,"Demand":1,"DemandMax":null,"Value":7314},{"Length":88,"Height":84,"Demand":2,"DemandMax":null,"Value":7392},{"Length":92,"Height":93,"Demand":1,"DemandMax":null,"Value":8556},{"Length":138,"Height":76,"Demand":1,"DemandMax":null,"Value":10488},{"Length":60,"Height":206,"Demand":1,"DemandMax":null,"Value":12360},{"Length":52,"Height":155,"Demand":1,"DemandMax":null,"Value":8060},{"Length":113,"Height":63,"Demand":1,"DemandMax":null,"Value":7119},{"Length":110,"Height":89,"Demand":1,"DemandMax":null,"Value":9790},{"Length":163,"Height":83,"Demand":1,"DemandMax":null,"Value":13529},{"Length":110,"Height":65,"Demand":2,"DemandMax":null,"Value":7150},{"Length":62,"Height":112,"Demand":2,"DemandMax":null,"Value":6944},{"Length":107,"Height":119,"Demand":1,"DemandMax":null,"Value":12733},{"Length":113,"Height":109,"Demand":1,"DemandMax":null,"Value":12317},{"Length":107,"Height":121,"Demand":1,"DemandMax":null,"Value":12947},{"Length":103,"Height":92,"Demand":1,"DemandMax":null,"Value":9476},{"Length":79,"Height":94,"Demand":1,"DemandMax":null,"Value":7426},{"Length":104,"Height":131,"Demand":1,"DemandMax":null,"Value":13624},{"Length":92,"Height":78,"Demand":2,"DemandMax":null,"Value":7176},{"Length":70,"Height":110,"Demand":1,"DemandMax":null,"Value":7700},{"Length":105,"Height":101,"Demand":1,"DemandMax":null,"Value":10605},{"Length":121,"Height":172,"Demand":1,"DemandMax":null,"Value":20812},{"Length":141,"Height":66,"Demand":1,"DemandMax":null,"Value":9306},{"Length":163,"Height":48,"Demand":1,"DemandMax":null,"Value":7824},{"Length":138,"Height":138,"Demand":1,"DemandMax":null,"Value":19044},{"Length":96,"Height":88,"Demand":1,"DemandMax":null,"Value":8448},{"Length":79,"Height":130,"Demand":1,"DemandMax":null,"Value":10270},{"Length":102,"Height":72,"Demand":1,"DemandMax":null,"Value":7344},{"Length":71,"Height":136,"Demand":1,"DemandMax":null,"Value":9656},{"Length":112,"Height":72,"Demand":1,"DemandMax":null,"Value":8064},{"Length":54,"Height":181,"Demand":1,"DemandMax":null,"Value":9774},{"Length":54,"Height":133,"Demand":1,"DemandMax":null,"Value":7182},{"Length":49,"Height":158,"Demand":1,"DemandMax":null,"Value":7742},{"Length":102,"Height":93,"Demand":1,"DemandMax":null,"Value":9486},{"Length":138,"Height":82,"Demand":1,"DemandMax":null,"Value":11316},{"Length":95,"Height":81,"Demand":1,"DemandMax":null,"Value":7695},{"Length":113,"Height":68,"Demand":1,"DemandMax":null,"Value":7684},{"Length":125,"Height":101,"Demand":1,"DemandMax":null,"Value":12625},{"Length":103,"Height":128,"Demand":1,"DemandMax":null,"Value":13184},{"Length":46,"Height":171,"Demand":1,"DemandMax":null,"Value":7866},{"Length":150,"Height":91,"Demand":1,"DemandMax":null,"Value":13650},{"Length":142,"Height":61,"Demand":1,"DemandMax":null,"Value":8662},{"Length":101,"Height":98,"Demand":1,"DemandMax":null,"Value":9898},{"Length":93,"Height":75,"Demand":1,"DemandMax":null,"Value":6975},{"Length":172,"Height":43,"Demand":1,"DemandMax":null,"Value":7396},{"Length":142,"Height":65,"Demand":1,"DemandMax":null,"Value":9230},{"Length":47,"Height":171,"Demand":1,"DemandMax":null,"Value":8037},{"Length":58,"Height":176,"Demand":1,"DemandMax":null,"Value":10208},{"Length":80,"Height":50,"Demand":1,"DemandMax":null,"Value":4000},{"Length":113,"Height":44,"Demand":1,"DemandMax":null,"Value":4972},{"Length":200,"Height":110,"Demand":1,"DemandMax":null,"Value":22000},{"Length":96,"Height":92,"Demand":1,"DemandMax":null,"Value":8832},{"Length":101,"Height":176,"Demand":1,"DemandMax":null,"Value":17776},{"Length":56,"Height":133,"Demand":1,"DemandMax":null,"Value":7448},{"Length":72,"Height":206,"Demand":1,"DemandMax":null,"Value":14832},{"Length":107,"Height":80,"Demand":1,"DemandMax":null,"Value":8560},{"Length":172,"Height":46,"Demand":1,"DemandMax":null,"Value":7912},{"Length":93,"Height":80,"Demand":1,"DemandMax":null,"Value":7440},{"Length":69,"Height":134,"Demand":1,"DemandMax":null,"Value":9246},{"Length":171,"Height":45,"Demand":1,"DemandMax":null,"Value":7695},{"Length":43,"Height":172,"Demand":1,"DemandMax":null,"Value":7396},{"Length":53,"Height":158,"Demand":1,"DemandMax":null,"Value":8374},{"Length":121,"Height":229,"Demand":1,"DemandMax":null,"Value":27709},{"Length":47,"Height":172,"Demand":1,"DemandMax":null,"Value":8084},{"Length":171,"Height":51,"Demand":1,"DemandMax":null,"Value":8721},{"Length":113,"Height":72,"Demand":1,"DemandMax":null,"Value":8136},{"Length":91,"Height":50,"Demand":1,"DemandMax":null,"Value":4550}]}