{"Name":"Nice25i2b5","Objects":[{"Length":1000,"Height":436,"Stock":3,"Cost":436000},{"Length":1000,"Height":564,"Stock":4,"Cost":564000}],"Items":[{"Length":101,"Height":202,"Demand":1,"DemandMax":null,"Value":20402},{"Length":132,"Height":279,"Demand":1,"DemandMax":null,"Value":36828},{"Length":137,"Height":176,"Demand":1,"DemandMax":null,"Value":24112},{"Length":385,"Height":100,"Demand":1,"DemandMax":null,"Value":38500},{"Length":282,"Height":131,"Demand":1,"DemandMax":null,"Value":36942},{"Length":182,"Height":234,"Demand":1,"DemandMax":null,"Value":42588},{"Length":136,"Height":285,"Demand":1,"DemandMax":null,"Value":38760},{"Length":261,"Height":100,"Demand":1,"DemandMax":null,"Value":26100},{"Length":286,"Height":91,"Demand":1,"DemandMax":null,"Value":26026},{"Length":84,"Height":279,"Demand":1,"DemandMax":null,"Value":23436},{"Length":175,"Height":185,"Demand":1,"DemandMax":null,"Value":32375},{"Length":395,"Height":436,"Demand":1,"DemandMax":null,"Value":172220},{"Length":137,"Height":260,"Demand":1,"DemandMax":null,"Value":35620},{"Length":139,"Height":143,"Demand":1,"DemandMax":null,"Value":19877},{"Length":282,"Height":154,"Demand":1,"DemandMax":null,"Value":43428},{"Length":197,"Height":129,"Demand":1,"DemandMax":null,"Value":25413},{"Length":85,"Height":279,"Demand":1,"DemandMax":null,"Value":23715},{"Length":197,"Height":156,"Demand":1,"DemandMax":null,"Value":30732},{"Length":147,"Height":143,"Demand":1,"DemandMax":null,"Value":21021},{"Length":106,"Height":202,"Demand":1,"DemandMax":null,"Value":21412},{"Length":400,"Height":279,"Demand":1,"DemandMax":null,"Value":111600},{"Length":299,"Height":86,"Demand":1,"DemandMax":null,"Value":25714},{"Length":261,"Height":102,"Demand":1,"DemandMax":null,"Value":26622},{"Length":210,"Height":185,"Demand":1,"DemandMax":null,"Value":38850},{"Length":299,"Height":193,"Demand":1,"DemandMax":null,"Value":57707}]}