{"Name":"Path500i3b1","Objects":[{"Length":489,"Height":702,"Stock":5,"Cost":343278},{"Length":1000,"Height":298,"Stock":4,"Cost":298000},{"Length":511,"Height":702,"Stock":1,"Cost":358722}],"Items":[{"Length":6,"Height":2,"Demand":3,"DemandMax":null,"Value":12},{"Length":40,"Height":1,"Demand":1,"DemandMax":null,"Value":40},{"Length":1,"Height":1,"Demand":36,"DemandMax":null,"Value":1},{"Length":25,"Height":263,"Demand":1,"DemandMax":null,"Value":6575},{"Length":286,"Height":92,"Demand":1,"DemandMax":null,"Value":26312},{"Length":8,"Height":248,"Demand":1,"DemandMax":null,"Value":1984},{"Length":293,"Height":90,"Demand":1,"DemandMax":null,"Value":26370},{"Length":147,"Height":170,"Demand":1,"DemandMax":null,"Value":24990},{"Length":186,"Height":273,"Demand":1,"DemandMax":null,"Value":50778},{"Length":196,"Height":6,"Demand":1,"DemandMax":null,"Value":1176},{"Length":225,"Height":18,"Demand":1,"DemandMax":null,"Value":4050},{"Length":22,"Height":70,"Demand":1,"DemandMax":null,"Value":1540},{"Length":36,"Height":76,"Demand":1,"DemandMax":null,"Value":2736},{"Length":294,"Height":61,"Demand":1,"DemandMax":null,"Value":17934},{"Length":95,"Height":298,"Demand":1,"DemandMax":null,"Value":28310},{"Length":1,"Height":37,"Demand":3,"DemandMax":null,"Value":37},{"Length":292,"Height":1,"Demand":1,"DemandMax":null,"Value":292},{"Length":65,"Height":43,"Demand":1,"DemandMax":null,"Value":2795},{"Length":10,"Height":139,"Demand":2,"DemandMax":null,"Value":1390},{"Length":23,"Height":28,"Demand":1,"DemandMax":null,"Value":644},{"Length":3,"Height":2,"Demand":2,"DemandMax":null,"Value":6},{"Length":181,"Height":239,"Demand":1,"DemandMax":null,"Value":43259},{"Length":1,"Height":23,"Demand":1,"DemandMax":null,"Value":23},{"Length":146,"Height":4,"Demand":1,"DemandMax":null,"Value":584},{"Length":293,"Height":1,"Demand":1,"DemandMax":null,"Value":293},{"Length":54,"Height":111,"Demand":1,"DemandMax":null,"Value":5994},{"Length":293,"Height":6,"Demand":1,"DemandMax":null,"Value":1758},{"Length":13,"Height":51,"Demand":1,"DemandMax":null,"Value":663},{"Length":2,"Height":9,"Demand":1,"DemandMax":null,"Value":18},{"Length":80,"Height":51,"Demand":1,"DemandMax":null,"Value":4080},{"Length":59,"Height":76,"Demand":1,"DemandMax":null,"Value":4484},{"Length":1,"Height":89,"Demand":1,"DemandMax":null,"Value":89},{"Length":1,"Height":28,"Demand":2,"DemandMax":null,"Value":28},{"Length":7,"Height":4,"Demand":1,"DemandMax":null,"Value":28},{"Length":294,"Height":30,"Demand":1,"DemandMax":null,"Value":8820},{"Length":8,"Height":1,"Demand":2,"DemandMax":null,"Value":8},{"Length":3,"Height":9,"Demand":2,"DemandMax":null,"Value":27},{"Length":4,"Height":134,"Demand":1,"DemandMax":null,"Value":536},{"Length":20,"Height":239,"Demand":1,"DemandMax":null,"Value":4780},{"Length":19,"Height":45,"Demand":1,"DemandMax":null,"Value":855},{"Length":72,"Height":30,"Demand":1,"DemandMax":null,"Value":2160},{"Length":116,"Height":19,"Demand":1,"DemandMax":null,"Value":2204},{"Length":6,"Height":15,"Demand":1,"DemandMax":null,"Value":90},{"Length":50,"Height":1,"Demand":3,"DemandMax":null,"Value":50},{"Length":162,"Height":9,"Demand":1,"DemandMax":null,"Value":1458},{"Length":14,"Height":110,"Demand":1,"DemandMax":null,"Value":1540},{"Length":43,"Height":19,"Demand":1,"DemandMax":null,"Value":817},{"Length":25,"Height":1,"Demand":2,"DemandMax":null,"Value":25},{"Length":67,"Height":5,"Demand":1,"DemandMax":null,"Value":335},{"Length":2,"Height":298,"Demand":1,"DemandMax":null,"Value":596},{"Length":177,"Height":50,"Demand":1,"DemandMax":null,"Value":8850},{"Length":39,"Height":102,"Demand":1,"DemandMax":null,"Value":3978},{"Length":8,"Height":139,"Demand":1,"DemandMax":null,"Value":1112},{"Length":4,"Height":2,"Demand":4,"DemandMax":null,"Value":8},{"Length":2,"Height":139,"Demand":2,"DemandMax":null,"Value":278},{"Length":18,"Height":1,"Demand":1,"DemandMax":null,"Value":18},{"Length":22,"Height":4,"Demand":1,"DemandMax":null,"Value":88},{"Length":4,"Height":184,"Demand":1,"DemandMax":null,"Value":736},{"Length":1,"Height":8,"Demand":1,"DemandMax":null,"Value":8},{"Length":15,"Height":6,"Demand":1,"DemandMax":null,"Value":90},{"Length":141,"Height":108,"Demand":1,"DemandMax":null,"Value":15228},{"Length":173,"Height":38,"Demand":1,"DemandMax":null,"Value":6574},{"Length":1,"Height":24,"Demand":1,"DemandMax":null,"Value":24},{"Length":269,"Height":72,"Demand":1,"DemandMax":null,"Value":19368},{"Length":60,"Height":27,"Demand":1,"DemandMax":null,"Value":1620},{"Length":111,"Height":1,"Demand":1,"DemandMax":null,"Value":111},{"Length":5,"Height":17,"Demand":1,"DemandMax":null,"Value":85},{"Length":51,"Height":37,"Demand":1,"DemandMax":null,"Value":1887},{"Length":5,"Height":43,"Demand":1,"DemandMax":null,"Value":215},{"Length":1,"Height":26,"Demand":2,"DemandMax":null,"Value":26},{"Length":6,"Height":43,"Demand":1,"DemandMax":null,"Value":258},{"Length":50,"Height":31,"Demand":1,"DemandMax":null,"Value":1550},{"Length":41,"Height":90,"Demand":1,"DemandMax":null,"Value":3690},{"Length":243,"Height":1,"Demand":4,"DemandMax":null,"Value":243},{"Length":58,"Height":1,"Demand":2,"DemandMax":null,"Value":58},{"Length":16,"Height":1,"Demand":5,"DemandMax":null,"Value":16},{"Length":156,"Height":16,"Demand":1,"DemandMax":null,"Value":2496},{"Length":20,"Height":9,"Demand":1,"DemandMax":null,"Value":180},{"Length":2,"Height":81,"Demand":1,"DemandMax":null,"Value":162},{"Length":18,"Height":14,"Demand":1,"DemandMax":null,"Value":252},{"Length":9,"Height":43,"Demand":1,"DemandMax":null,"Value":387},{"Length":3,"Height":1,"Demand":7,"DemandMax":null,"Value":3},{"Length":5,"Height":85,"Demand":1,"DemandMax":null,"Value":425},{"Length":88,"Height":23,"Demand":1,"DemandMax":null,"Value":2024},{"Length":1,"Height":15,"Demand":1,"DemandMax":null,"Value":15},{"Length":2,"Height":1,"Demand":9,"DemandMax":null,"Value":2},{"Length":286,"Height":10,"Demand":1,"DemandMax":null,"Value":2860},{"Length":15,"Height":4,"Demand":1,"DemandMax":null,"Value":60},{"Length":292,"Height":16,"Demand":1,"DemandMax":null,"Value":4672},{"Length":88,"Height":24,"Demand":1,"DemandMax":null,"Value":2112},{"Length":273,"Height":109,"Demand":1,"DemandMax":null,"Value":29757},{"Length":6,"Height":18,"Demand":2,"DemandMax":null,"Value":108},{"Length":228,"Height":96,"Demand":1,"DemandMax":null,"Value":21888},{"Length":3,"Height":132,"Demand":1,"DemandMax":null,"Value":396},{"Length":27,"Height":1,"Demand":1,"DemandMax":null,"Value":27},{"Length":10,"Height":1,"Demand":2,"DemandMax":null,"Value":10},{"Length":42,"Height":7,"Demand":1,"DemandMax":null,"Value":294},{"Length":6,"Height":33,"Demand":1,"DemandMax":null,"Value":198},{"Length":10,"Height":51,"Demand":1,"DemandMax":null,"Value":510},{"Length":11,"Height":18,"Demand":1,"DemandMax":null,"Value":198},{"Length":13,"Height":149,"Demand":1,"DemandMax":null,"Value":1937},{"Length":3,"Height":298,"Demand":2,"DemandMax":null,"Value":894},{"Length":25,"Height":13,"Demand":1,"DemandMax":null,"Value":325},{"Length":130,"Height":97,"Demand":1,"DemandMax":null,"Value":12610},{"Length":156,"Height":118,"Demand":1,"DemandMax":null,"Value":18408},{"Length":13,"Height":16,"Demand":1,"DemandMax":null,"Value":208},{"Length":3,"Height":4,"Demand":3,"DemandMax":null,"Value":12},{"Length":93,"Height":1,"Demand":1,"DemandMax":null,"Value":93},{"Length":1,"Height":50,"Demand":1,"DemandMax":null,"Value":50},{"Length":15,"Height":132,"Demand":1,"DemandMax":null,"Value":1980},{"Length":1,"Height":7,"Demand":5,"DemandMax":null,"Value":7},{"Length":172,"Height":12,"Demand":1,"DemandMax":null,"Value":2064},{"Length":173,"Height":43,"Demand":1,"DemandMax":null,"Value":7439},{"Length":5,"Height":39,"Demand":1,"DemandMax":null,"Value":195},{"Length":50,"Height":3,"Demand":1,"DemandMax":null,"Value":150},{"Length":135,"Height":1,"Demand":1,"DemandMax":null,"Value":135},{"Length":1,"Height":63,"Demand":2,"DemandMax":null,"Value":63},{"Length":1,"Height":5,"Demand":6,"DemandMax":null,"Value":5},{"Length":28,"Height":1,"Demand":1,"DemandMax":null,"Value":28},{"Length":35,"Height":76,"Demand":1,"DemandMax":null,"Value":2660},{"Length":107,"Height":8,"Demand":1,"DemandMax":null,"Value":856},{"Length":6,"Height":1,"Demand":6,"DemandMax":null,"Value":6},{"Length":33,"Height":27,"Demand":1,"DemandMax":null,"Value":891},{"Length":22,"Height":8,"Demand":1,"DemandMax":null,"Value":176},{"Length":7,"Height":110,"Demand":1,"DemandMax":null,"Value":770},{"Length":18,"Height":2,"Demand":1,"DemandMax":null,"Value":36},{"Length":2,"Height":4,"Demand":2,"DemandMax":null,"Value":8},{"Length":1,"Height":31,"Demand":1,"DemandMax":null,"Value":31},{"Length":293,"Height":8,"Demand":1,"DemandMax":null,"Value":2344},{"Length":1,"Height":2,"Demand":9,"DemandMax":null,"Value":2},{"Length":165,"Height":27,"Demand":1,"DemandMax":null,"Value":4455},{"Length":128,"Height":5,"Demand":1,"DemandMax":null,"Value":640},{"Length":3,"Height":17,"Demand":2,"DemandMax":null,"Value":51},{"Length":32,"Height":9,"Demand":1,"DemandMax":null,"Value":288},{"Length":47,"Height":77,"Demand":1,"DemandMax":null,"Value":3619},{"Length":195,"Height":12,"Demand":1,"DemandMax":null,"Value":2340},{"Length":22,"Height":44,"Demand":1,"DemandMax":null,"Value":968},{"Length":1,"Height":29,"Demand":1,"DemandMax":null,"Value":29},{"Length":5,"Height":5,"Demand":2,"DemandMax":null,"Value":25},{"Length":1,"Height":30,"Demand":1,"DemandMax":null,"Value":30},{"Length":1,"Height":3,"Demand":13,"DemandMax":null,"Value":3},{"Length":13,"Height":40,"Demand":1,"DemandMax":null,"Value":520},{"Length":98,"Height":11,"Demand":1,"DemandMax":null,"Value":1078},{"Length":33,"Height":31,"Demand":1,"DemandMax":null,"Value":1023},{"Length":136,"Height":3,"Demand":1,"DemandMax":null,"Value":408},{"Length":12,"Height":8,"Demand":2,"DemandMax":null,"Value":96},{"Length":1,"Height":9,"Demand":3,"DemandMax":null,"Value":9},{"Length":59,"Height":217,"Demand":1,"DemandMax":null,"Value":12803},{"Length":1,"Height":16,"Demand":2,"DemandMax":null,"Value":16},{"Length":23,"Height":1,"Demand":2,"DemandMax":null,"Value":23},{"Length":130,"Height":1,"Demand":1,"DemandMax":null,"Value":130},{"Length":7,"Height":32,"Demand":1,"DemandMax":null,"Value":224},{"Length":11,"Height":109,"Demand":1,"DemandMax":null,"Value":1199},{"Length":187,"Height":242,"Demand":1,"DemandMax":null,"Value":45254},{"Length":11,"Height":28,"Demand":1,"DemandMax":null,"Value":308},{"Length":16,"Height":19,"Demand":1,"DemandMax":null,"Value":304},{"Length":146,"Height":28,"Demand":1,"DemandMax":null,"Value":4088},{"Length":5,"Height":1,"Demand":4,"DemandMax":null,"Value":5},{"Length":9,"Height":1,"Demand":2,"DemandMax":null,"Value":9},{"Length":22,"Height":12,"Demand":2,"DemandMax":null,"Value":264},{"Length":72,"Height":2,"Demand":1,"DemandMax":null,"Value":144},{"Length":6,"Height":4,"Demand":3,"DemandMax":null,"Value":24},{"Length":98,"Height":1,"Demand":1,"DemandMax":null,"Value":98},{"Length":38,"Height":239,"Demand":1,"DemandMax":null,"Value":9082},{"Length":1,"Height":21,"Demand":1,"DemandMax":null,"Value":21},{"Length":9,"Height":32,"Demand":1,"DemandMax":null,"Value":288},{"Length":13,"Height":3,"Demand":1,"DemandMax":null,"Value":39},{"Length":26,"Height":17,"Demand":1,"DemandMax":null,"Value":442},{"Length":179,"Height":49,"Demand":1,"DemandMax":null,"Value":8771},{"Length":2,"Height":12,"Demand":1,"DemandMax":null,"Value":24},{"Length":5,"Height":22,"Demand":2,"DemandMax":null,"Value":110},{"Length":3,"Height":34,"Demand":1,"DemandMax":null,"Value":102},{"Length":2,"Height":131,"Demand":2,"DemandMax":null,"Value":262},{"Length":1,"Height":36,"Demand":1,"DemandMax":null,"Value":36},{"Length":132,"Height":77,"Demand":1,"DemandMax":null,"Value":10164},{"Length":5,"Height":13,"Demand":1,"DemandMax":null,"Value":65},{"Length":28,"Height":18,"Demand":1,"DemandMax":null,"Value":504},{"Length":22,"Height":287,"Demand":1,"DemandMax":null,"Value":6314},{"Length":1,"Height":42,"Demand":1,"DemandMax":null,"Value":42},{"Length":46,"Height":6,"Demand":1,"DemandMax":null,"Value":276},{"Length":286,"Height":98,"Demand":1,"DemandMax":null,"Value":28028},{"Length":3,"Height":16,"Demand":1,"DemandMax":null,"Value":48},{"Length":294,"Height":5,"Demand":1,"DemandMax":null,"Value":1470},{"Length":92,"Height":86,"Demand":1,"DemandMax":null,"Value":7912},{"Length":7,"Height":139,"Demand":1,"DemandMax":null,"Value":973},{"Length":81,"Height":29,"Demand":1,"DemandMax":null,"Value":2349},{"Length":11,"Height":5,"Demand":1,"DemandMax":null,"Value":55},{"Length":29,"Height":108,"Demand":1,"DemandMax":null,"Value":3132},{"Length":13,"Height":39,"Demand":1,"DemandMax":null,"Value":507},{"Length":33,"Height":239,"Demand":1,"DemandMax":null,"Value":7887},{"Length":16,"Height":5,"Demand":1,"DemandMax":null,"Value":80},{"Length":65,"Height":3,"Demand":1,"DemandMax":null,"Value":195},{"Length":66,"Height":28,"Demand":1,"DemandMax":null,"Value":1848},{"Length":252,"Height":42,"Demand":1,"DemandMax":null,"Value":10584},{"Length":9,"Height":9,"Demand":1,"DemandMax":null,"Value":81},{"Length":5,"Height":2,"Demand":1,"DemandMax":null,"Value":10},{"Length":269,"Height":43,"Demand":1,"DemandMax":null,"Value":11567},{"Length":61,"Height":2,"Demand":1,"DemandMax":null,"Value":122},{"Length":2,"Height":14,"Demand":1,"DemandMax":null,"Value":28},{"Length":10,"Height":100,"Demand":1,"DemandMax":null,"Value":1000},{"Length":164,"Height":5,"Demand":1,"DemandMax":null,"Value":820},{"Length":158,"Height":27,"Demand":1,"DemandMax":null,"Value":4266},{"Length":9,"Height":88,"Demand":1,"DemandMax":null,"Value":792},{"Length":293,"Height":40,"Demand":1,"DemandMax":null,"Value":11720},{"Length":11,"Height":1,"Demand":1,"DemandMax":null,"Value":11},{"Length":1,"Height":27,"Demand":1,"DemandMax":null,"Value":27},{"Length":81,"Height":34,"Demand":1,"DemandMax":null,"Value":2754},{"Length":2,"Height":184,"Demand":1,"DemandMax":null,"Value":368},{"Length":4,"Height":6,"Demand":1,"DemandMax":null,"Value":24},{"Length":10,"Height":20,"Demand":1,"DemandMax":null,"Value":200},{"Length":81,"Height":5,"Demand":1,"DemandMax":null,"Value":405},{"Length":293,"Height":2,"Demand":1,"DemandMax":null,"Value":586},{"Length":9,"Height":18,"Demand":1,"DemandMax":null,"Value":162},{"Length":27,"Height":32,"Demand":1,"DemandMax":null,"Value":864},{"Length":42,"Height":1,"Demand":1,"DemandMax":null,"Value":42},{"Length":2,"Height":2,"Demand":1,"DemandMax":null,"Value":4},{"Length":13,"Height":19,"Demand":1,"DemandMax":null,"Value":247},{"Length":71,"Height":3,"Demand":1,"DemandMax":null,"Value":213},{"Length":2,"Height":5,"Demand":1,"DemandMax":null,"Value":10},{"Length":136,"Height":1,"Demand":2,"DemandMax":null,"Value":136},{"Length":81,"Height":8,"Demand":1,"DemandMax":null,"Value":648},{"Length":4,"Height":1,"Demand":4,"DemandMax":null,"Value":4},{"Length":21,"Height":6,"Demand":1,"DemandMax":null,"Value":126},{"Length":1,"Height":12,"Demand":2,"DemandMax":null,"Value":12},{"Length":194,"Height":263,"Demand":1,"DemandMax":null,"Value":51022},{"Length":53,"Height":12,"Demand":1,"DemandMax":null,"Value":636},{"Length":29,"Height":170,"Demand":1,"DemandMax":null,"Value":4930},{"Length":33,"Height":1,"Demand":1,"DemandMax":null,"Value":33},{"Length":13,"Height":4,"Demand":1,"DemandMax":null,"Value":52},{"Length":136,"Height":23,"Demand":1,"DemandMax":null,"Value":3128},{"Length":75,"Height":3,"Demand":2,"DemandMax":null,"Value":225},{"Length":22,"Height":2,"Demand":1,"DemandMax":null,"Value":44},{"Length":32,"Height":11,"Demand":1,"DemandMax":null,"Value":352},{"Length":293,"Height":24,"Demand":1,"DemandMax":null,"Value":7032},{"Length":3,"Height":6,"Demand":2,"DemandMax":null,"Value":18},{"Length":270,"Height":5,"Demand":1,"DemandMax":null,"Value":1350},{"Length":4,"Height":22,"Demand":3,"DemandMax":null,"Value":88},{"Length":270,"Height":1,"Demand":1,"DemandMax":null,"Value":270},{"Length":13,"Height":9,"Demand":2,"DemandMax":null,"Value":117},{"Length":22,"Height":6,"Demand":1,"DemandMax":null,"Value":132},{"Length":63,"Height":76,"Demand":1,"DemandMax":null,"Value":4788},{"Length":34,"Height":1,"Demand":1,"DemandMax":null,"Value":34},{"Length":1,"Height":11,"Demand":1,"DemandMax":null,"Value":11},{"Length":15,"Height":9,"Demand":1,"DemandMax":null,"Value":135},{"Length":27,"Height":3,"Demand":1,"DemandMax":null,"Value":81},{"Length":1,"Height":48,"Demand":1,"DemandMax":null,"Value":48},{"Length":42,"Height":42,"Demand":1,"DemandMax":null,"Value":1764},{"Length":186,"Height":25,"Demand":1,"DemandMax":null,"Value":4650},{"Length":25,"Height":2,"Demand":2,"DemandMax":null,"Value":50},{"Length":146,"Height":1,"Demand":1,"DemandMax":null,"Value":146},{"Length":187,"Height":56,"Demand":1,"DemandMax":null,"Value":10472},{"Length":13,"Height":12,"Demand":1,"DemandMax":null,"Value":156},{"Length":1,"Height":33,"Demand":1,"DemandMax":null,"Value":33},{"Length":66,"Height":1,"Demand":1,"DemandMax":null,"Value":66},{"Length":93,"Height":86,"Demand":1,"DemandMax":null,"Value":7998},{"Length":6,"Height":23,"Demand":1,"DemandMax":null,"Value":138},{"Length":8,"Height":5,"Demand":1,"DemandMax":null,"Value":40},{"Length":173,"Height":1,"Demand":1,"DemandMax":null,"Value":173},{"Length":5,"Height":3,"Demand":1,"DemandMax":null,"Value":15},{"Length":8,"Height":7,"Demand":1,"DemandMax":null,"Value":56},{"Length":19,"Height":7,"Demand":1,"DemandMax":null,"Value":133},{"Length":1,"Height":35,"Demand":1,"DemandMax":null,"Value":35},{"Length":121,"Height":8,"Demand":1,"DemandMax":null,"Value":968},{"Length":1,"Height":19,"Demand":1,"DemandMax":null,"Value":19},{"Length":52,"Height":102,"Demand":1,"DemandMax":null,"Value":5304},{"Length":3,"Height":11,"Demand":1,"DemandMax":null,"Value":33},{"Length":48,"Height":2,"Demand":1,"DemandMax":null,"Value":96},{"Length":26,"Height":2,"Demand":1,"DemandMax":null,"Value":52},{"Length":12,"Height":1,"Demand":1,"DemandMax":null,"Value":12},{"Length":13,"Height":6,"Demand":1,"DemandMax":null,"Value":78},{"Length":6,"Height":6,"Demand":2,"DemandMax":null,"Value":36},{"Length":1,"Height":39,"Demand":1,"DemandMax":null,"Value":39},{"Length":11,"Height":7,"Demand":1,"DemandMax":null,"Value":77},{"Length":172,"Height":51,"Demand":1,"DemandMax":null,"Value":8772},{"Length":1,"Height":4,"Demand":3,"DemandMax":null,"Value":4},{"Length":4,"Height":3,"Demand":1,"DemandMax":null,"Value":12},{"Length":163,"Height":86,"Demand":1,"DemandMax":null,"Value":14018},{"Length":213,"Height":2,"Demand":1,"DemandMax":null,"Value":426},{"Length":2,"Height":6,"Demand":1,"DemandMax":null,"Value":12},{"Length":292,"Height":2,"Demand":1,"DemandMax":null,"Value":584},{"Length":33,"Height":9,"Demand":1,"DemandMax":null,"Value":297},{"Length":13,"Height":2,"Demand":1,"DemandMax":null,"Value":26},{"Length":6,"Height":3,"Demand":2,"DemandMax":null,"Value":18},{"Length":122,"Height":298,"Demand":1,"DemandMax":null,"Value":36356},{"Length":15,"Height":5,"Demand":2,"DemandMax":null,"Value":75},{"Length":3,"Height":7,"Demand":2,"DemandMax":null,"Value":21},{"Length":37,"Height":27,"Demand":1,"DemandMax":null,"Value":999},{"Length":64,"Height":102,"Demand":1,"DemandMax":null,"Value":6528},{"Length":45,"Height":1,"Demand":1,"DemandMax":null,"Value":45},{"Length":1,"Height":179,"Demand":1,"DemandMax":null,"Value":179},{"Length":3,"Height":13,"Demand":1,"DemandMax":null,"Value":39},{"Length":8,"Height":6,"Demand":2,"DemandMax":null,"Value":48},{"Length":78,"Height":239,"Demand":1,"DemandMax":null,"Value":18642},{"Length":93,"Height":84,"Demand":1,"DemandMax":null,"Value":7812},{"Length":124,"Height":248,"Demand":1,"DemandMax":null,"Value":30752},{"Length":1,"Height":10,"Demand":1,"DemandMax":null,"Value":10},{"Length":12,"Height":43,"Demand":1,"DemandMax":null,"Value":516},{"Length":38,"Height":1,"Demand":1,"DemandMax":null,"Value":38},{"Length":2,"Height":15,"Demand":1,"DemandMax":null,"Value":30},{"Length":45,"Height":4,"Demand":1,"DemandMax":null,"Value":180},{"Length":14,"Height":11,"Demand":1,"DemandMax":null,"Value":154},{"Length":13,"Height":86,"Demand":1,"DemandMax":null,"Value":1118},{"Length":11,"Height":2,"Demand":1,"DemandMax":null,"Value":22},{"Length":7,"Height":36,"Demand":1,"DemandMax":null,"Value":252},{"Length":4,"Height":18,"Demand":1,"DemandMax":null,"Value":72},{"Length":8,"Height":3,"Demand":1,"DemandMax":null,"Value":24},{"Length":1,"Height":17,"Demand":2,"DemandMax":null,"Value":17},{"Length":1,"Height":70,"Demand":1,"DemandMax":null,"Value":70},{"Length":14,"Height":21,"Demand":1,"DemandMax":null,"Value":294},{"Length":3,"Height":5,"Demand":1,"DemandMax":null,"Value":15},{"Length":51,"Height":108,"Demand":1,"DemandMax":null,"Value":5508},{"Length":10,"Height":4,"Demand":1,"DemandMax":null,"Value":40},{"Length":55,"Height":2,"Demand":1,"DemandMax":null,"Value":110},{"Length":7,"Height":108,"Demand":1,"DemandMax":null,"Value":756},{"Length":28,"Height":76,"Demand":1,"DemandMax":null,"Value":2128},{"Length":40,"Height":10,"Demand":1,"DemandMax":null,"Value":400},{"Length":15,"Height":1,"Demand":2,"DemandMax":null,"Value":15},{"Length":50,"Height":19,"Demand":1,"DemandMax":null,"Value":950},{"Length":8,"Height":2,"Demand":1,"DemandMax":null,"Value":16},{"Length":1,"Height":6,"Demand":2,"DemandMax":null,"Value":6},{"Length":13,"Height":287,"Demand":1,"DemandMax":null,"Value":3731},{"Length":1,"Height":81,"Demand":1,"DemandMax":null,"Value":81},{"Length":22,"Height":1,"Demand":1,"DemandMax":null,"Value":22},{"Length":1,"Height":139,"Demand":1,"DemandMax":null,"Value":139},{"Length":88,"Height":248,"Demand":1,"DemandMax":null,"Value":21824},{"Length":88,"Height":21,"Demand":1,"DemandMax":null,"Value":1848},{"Length":4,"Height":4,"Demand":2,"DemandMax":null,"Value":16},{"Length":7,"Height":15,"Demand":1,"DemandMax":null,"Value":105},{"Length":20,"Height":1,"Demand":1,"DemandMax":null,"Value":20},{"Length":28,"Height":6,"Demand":1,"DemandMax":null,"Value":168},{"Length":72,"Height":1,"Demand":1,"DemandMax":null,"Value":72},{"Length":15,"Height":3,"Demand":1,"DemandMax":null,"Value":45},{"Length":3,"Height":51,"Demand":1,"DemandMax":null,"Value":153},{"Length":125,"Height":51,"Demand":1,"DemandMax":null,"Value":6375},{"Length":2,"Height":39,"Demand":1,"DemandMax":null,"Value":78},{"Length":294,"Height":51,"Demand":1,"DemandMax":null,"Value":14994},{"Length":53,"Height":1,"Demand":1,"DemandMax":null,"Value":53},{"Length":112,"Height":5,"Demand":1,"DemandMax":null,"Value":560},{"Length":1,"Height":13,"Demand":1,"DemandMax":null,"Value":13},{"Length":2,"Height":24,"Demand":1,"DemandMax":null,"Value":48},{"Length":23,"Height":2,"Demand":1,"DemandMax":null,"Value":46},{"Length":3,"Height":3,"Demand":1,"DemandMax":null,"Value":9},{"Length":269,"Height":8,"Demand":1,"DemandMax":null,"Value":2152},{"Length":1,"Height":22,"Demand":1,"DemandMax":null,"Value":22},{"Length":41,"Height":41,"Demand":1,"DemandMax":null,"Value":1681},{"Length":28,"Height":56,"Demand":1,"DemandMax":null,"Value":1568},{"Length":9,"Height":5,"Demand":1,"DemandMax":null,"Value":45}]}