{"Name":"Path25i5b3","Objects":[{"Length":695,"Height":440,"Stock":6,"Cost":305800},{"Length":305,"Height":567,"Stock":5,"Cost":172935},{"Length":305,"Height":560,"Stock":6,"Cost":170800},{"Length":305,"Height":433,"Stock":5,"Cost":132065},{"Length":390,"Height":560,"Stock":2,"Cost":218400}],"Items":[{"Length":185,"Height":142,"Demand":1,"DemandMax":null,"Value":26270},{"Length":305,"Height":20,"Demand":1,"DemandMax":null,"Value":6100},{"Length":305,"Height":302,"Demand":1,"DemandMax":null,"Value":92110},{"Length":305,"Height":214,"Demand":1,"DemandMax":null,"Value":65270},{"Length":64,"Height":64,"Demand":2,"DemandMax":null,"Value":4096},{"Length":274,"Height":243,"Demand":1,"DemandMax":null,"Value":66582},{"Length":305,"Height":233,"Demand":1,"DemandMax":null,"Value":71065},{"Length":298,"Height":273,"Demand":1,"DemandMax":null,"Value":81354},{"Length":119,"Height":284,"Demand":1,"DemandMax":null,"Value":33796},{"Length":245,"Height":298,"Demand":1,"DemandMax":null,"Value":73010},{"Length":131,"Height":287,"Demand":1,"DemandMax":null,"Value":37597},{"Length":305,"Height":219,"Demand":1,"DemandMax":null,"Value":66795},{"Length":82,"Height":3,"Demand":1,"DemandMax":null,"Value":246},{"Length":305,"Height":273,"Demand":1,"DemandMax":null,"Value":83265},{"Length":18,"Height":3,"Demand":1,"DemandMax":null,"Value":54},{"Length":76,"Height":287,"Demand":1,"DemandMax":null,"Value":21812},{"Length":274,"Height":197,"Demand":1,"DemandMax":null,"Value":53978},{"Length":305,"Height":41,"Demand":1,"DemandMax":null,"Value":12505},{"Length":64,"Height":159,"Demand":1,"DemandMax":null,"Value":10176},{"Length":236,"Height":142,"Demand":1,"DemandMax":null,"Value":33512},{"Length":305,"Height":258,"Demand":1,"DemandMax":null,"Value":78690},{"Length":19,"Height":3,"Demand":1,"DemandMax":null,"Value":57},{"Length":92,"Height":273,"Demand":1,"DemandMax":null,"Value":25116},{"Length":176,"Height":298,"Demand":1,"DemandMax":null,"Value":52448}]}