{"Name":"Nice400i4b1","Objects":[{"Length":302,"Height":423,"Stock":5,"Cost":127746},{"Length":226,"Height":577,"Stock":6,"Cost":130402},{"Length":774,"Height":577,"Stock":6,"Cost":446598},{"Length":698,"Height":423,"Stock":4,"Cost":295254}],"Items":[{"Length":72,"Height":43,"Demand":1,"DemandMax":null,"Value":3096},{"Length":74,"Height":64,"Demand":1,"DemandMax":null,"Value":4736},{"Length":33,"Height":99,"Demand":1,"DemandMax":null,"Value":3267},{"Length":64,"Height":41,"Demand":2,"DemandMax":null,"Value":2624},{"Length":44,"Height":51,"Demand":2,"DemandMax":null,"Value":2244},{"Length":85,"Height":34,"Demand":1,"DemandMax":null,"Value":2890},{"Length":55,"Height":54,"Demand":1,"DemandMax":null,"Value":2970},{"Length":66,"Height":39,"Demand":1,"DemandMax":null,"Value":2574},{"Length":58,"Height":62,"Demand":1,"DemandMax":null,"Value":3596},{"Length":44,"Height":58,"Demand":1,"DemandMax":null,"Value":2552},{"Length":44,"Height":72,"Demand":1,"DemandMax":null,"Value":3168},{"Length":43,"Height":63,"Demand":1,"DemandMax":null,"Value":2709},{"Length":65,"Height":51,"Demand":1,"DemandMax":null,"Value":3315},{"Length":56,"Height":31,"Demand":1,"DemandMax":null,"Value":1736},{"Length":57,"Height":25,"Demand":1,"DemandMax":null,"Value":1425},{"Length":77,"Height":36,"Demand":1,"DemandMax":null,"Value":2772},{"Length":47,"Height":33,"Demand":1,"DemandMax":null,"Value":1551},{"Length":64,"Height":51,"Demand":1,"DemandMax":null,"Value":3264},{"Length":47,"Height":48,"Demand":1,"DemandMax":null,"Value":2256},{"Length":85,"Height":46,"Demand":1,"DemandMax":null,"Value":3910},{"Length":93,"Height":36,"Demand":1,"DemandMax":null,"Value":3348},{"Length":71,"Height":34,"Demand":1,"DemandMax":null,"Value":2414},{"Length":33,"Height":43,"Demand":1,"DemandMax":null,"Value":1419},{"Length":74,"Height":19,"Demand":1,"DemandMax":null,"Value":1406},{"Length":35,"Height":74,"Demand":1,"DemandMax":null,"Value":2590},{"Length":37,"Height":72,"Demand":1,"DemandMax":null,"Value":2664},{"Length":32,"Height":77,"Demand":1,"DemandMax":null,"Value":2464},{"Length":30,"Height":52,"Demand":1,"DemandMax":null,"Value":1560},{"Length":113,"Height":30,"Demand":1,"DemandMax":null,"Value":3390},{"Length":58,"Height":24,"Demand":1,"DemandMax":null,"Value":1392},{"Length":91,"Height":25,"Demand":1,"DemandMax":null,"Value":2275},{"Length":45,"Height":47,"Demand":1,"DemandMax":null,"Value":2115},{"Length":47,"Height":57,"Demand":2,"DemandMax":null,"Value":2679},{"Length":93,"Height":34,"Demand":1,"DemandMax":null,"Value":3162},{"Length":30,"Height":113,"Demand":1,"DemandMax":null,"Value":3390},{"Length":76,"Height":30,"Demand":1,"DemandMax":null,"Value":2280},{"Length":105,"Height":34,"Demand":1,"DemandMax":null,"Value":3570},{"Length":92,"Height":31,"Demand":1,"DemandMax":null,"Value":2852},{"Length":67,"Height":44,"Demand":1,"DemandMax":null,"Value":2948},{"Length":41,"Height":61,"Demand":2,"DemandMax":null,"Value":2501},{"Length":79,"Height":46,"Demand":1,"DemandMax":null,"Value":3634},{"Length":112,"Height":30,"Demand":1,"DemandMax":null,"Value":3360},{"Length":54,"Height":46,"Demand":1,"DemandMax":null,"Value":2484},{"Length":63,"Height":40,"Demand":2,"DemandMax":null,"Value":2520},{"Length":37,"Height":71,"Demand":1,"DemandMax":null,"Value":2627},{"Length":38,"Height":94,"Demand":1,"DemandMax":null,"Value":3572},{"Length":67,"Height":60,"Demand":1,"DemandMax":null,"Value":4020},{"Length":44,"Height":75,"Demand":1,"DemandMax":null,"Value":3300},{"Length":78,"Height":34,"Demand":2,"DemandMax":null,"Value":2652},{"Length":47,"Height":56,"Demand":1,"DemandMax":null,"Value":2632},{"Length":103,"Height":27,"Demand":1,"DemandMax":null,"Value":2781},{"Length":33,"Height":65,"Demand":2,"DemandMax":null,"Value":2145},{"Length":38,"Height":71,"Demand":1,"DemandMax":null,"Value":2698},{"Length":44,"Height":47,"Demand":1,"DemandMax":null,"Value":2068},{"Length":42,"Height":50,"Demand":1,"DemandMax":null,"Value":2100},{"Length":58,"Height":60,"Demand":1,"DemandMax":null,"Value":3480},{"Length":58,"Height":37,"Demand":2,"DemandMax":null,"Value":2146},{"Length":98,"Height":29,"Demand":1,"DemandMax":null,"Value":2842},{"Length":64,"Height":39,"Demand":1,"DemandMax":null,"Value":2496},{"Length":74,"Height":51,"Demand":1,"DemandMax":null,"Value":3774},{"Length":23,"Height":73,"Demand":1,"DemandMax":null,"Value":1679},{"Length":37,"Height":107,"Demand":1,"DemandMax":null,"Value":3959},{"Length":113,"Height":31,"Demand":1,"DemandMax":null,"Value":3503},{"Length":38,"Height":73,"Demand":1,"DemandMax":null,"Value":2774},{"Length":32,"Height":58,"Demand":1,"DemandMax":null,"Value":1856},{"Length":85,"Height":35,"Demand":1,"DemandMax":null,"Value":2975},{"Length":85,"Height":42,"Demand":1,"DemandMax":null,"Value":3570},{"Length":42,"Height":77,"Demand":1,"DemandMax":null,"Value":3234},{"Length":30,"Height":69,"Demand":1,"DemandMax":null,"Value":2070},{"Length":40,"Height":63,"Demand":1,"DemandMax":null,"Value":2520},{"Length":49,"Height":63,"Demand":1,"DemandMax":null,"Value":3087},{"Length":44,"Height":67,"Demand":1,"DemandMax":null,"Value":2948},{"Length":76,"Height":20,"Demand":3,"DemandMax":null,"Value":1520},{"Length":40,"Height":68,"Demand":1,"DemandMax":null,"Value":2720},{"Length":46,"Height":34,"Demand":1,"DemandMax":null,"Value":1564},{"Length":20,"Height":77,"Demand":1,"DemandMax":null,"Value":1540},{"Length":75,"Height":28,"Demand":2,"DemandMax":null,"Value":2100},{"Length":43,"Height":37,"Demand":2,"DemandMax":null,"Value":1591},{"Length":46,"Height":47,"Demand":2,"DemandMax":null,"Value":2162},{"Length":92,"Height":24,"Demand":2,"DemandMax":null,"Value":2208},{"Length":55,"Height":47,"Demand":1,"DemandMax":null,"Value":2585},{"Length":45,"Height":56,"Demand":1,"DemandMax":null,"Value":2520},{"Length":55,"Height":46,"Demand":2,"DemandMax":null,"Value":2530},{"Length":69,"Height":54,"Demand":1,"DemandMax":null,"Value":3726},{"Length":55,"Height":38,"Demand":2,"DemandMax":null,"Value":2090},{"Length":39,"Height":68,"Demand":1,"DemandMax":null,"Value":2652},{"Length":30,"Height":97,"Demand":1,"DemandMax":null,"Value":2910},{"Length":53,"Height":39,"Demand":1,"DemandMax":null,"Value":2067},{"Length":42,"Height":65,"Demand":1,"DemandMax":null,"Value":2730},{"Length":41,"Height":67,"Demand":1,"DemandMax":null,"Value":2747},{"Length":35,"Height":82,"Demand":1,"DemandMax":null,"Value":2870},{"Length":49,"Height":43,"Demand":2,"DemandMax":null,"Value":2107},{"Length":36,"Height":63,"Demand":1,"DemandMax":null,"Value":2268},{"Length":48,"Height":54,"Demand":1,"DemandMax":null,"Value":2592},{"Length":61,"Height":41,"Demand":1,"DemandMax":null,"Value":2501},{"Length":37,"Height":106,"Demand":1,"DemandMax":null,"Value":3922},{"Length":60,"Height":52,"Demand":1,"DemandMax":null,"Value":3120},{"Length":35,"Height":99,"Demand":1,"DemandMax":null,"Value":3465},{"Length":23,"Height":63,"Demand":2,"DemandMax":null,"Value":1449},{"Length":42,"Height":52,"Demand":2,"DemandMax":null,"Value":2184},{"Length":43,"Height":65,"Demand":1,"DemandMax":null,"Value":2795},{"Length":38,"Height":57,"Demand":1,"DemandMax":null,"Value":2166},{"Length":25,"Height":91,"Demand":1,"DemandMax":null,"Value":2275},{"Length":58,"Height":32,"Demand":2,"DemandMax":null,"Value":1856},{"Length":60,"Height":36,"Demand":1,"DemandMax":null,"Value":2160},{"Length":67,"Height":23,"Demand":3,"DemandMax":null,"Value":1541},{"Length":47,"Height":53,"Demand":2,"DemandMax":null,"Value":2491},{"Length":36,"Height":82,"Demand":1,"DemandMax":null,"Value":2952},{"Length":85,"Height":47,"Demand":1,"DemandMax":null,"Value":3995},{"Length":37,"Height":56,"Demand":1,"DemandMax":null,"Value":2072},{"Length":42,"Height":63,"Demand":1,"DemandMax":null,"Value":2646},{"Length":45,"Height":55,"Demand":1,"DemandMax":null,"Value":2475},{"Length":35,"Height":77,"Demand":1,"DemandMax":null,"Value":2695},{"Length":51,"Height":28,"Demand":1,"DemandMax":null,"Value":1428},{"Length":31,"Height":94,"Demand":1,"DemandMax":null,"Value":2914},{"Length":97,"Height":26,"Demand":1,"DemandMax":null,"Value":2522},{"Length":33,"Height":94,"Demand":1,"DemandMax":null,"Value":3102},{"Length":76,"Height":33,"Demand":1,"DemandMax":null,"Value":2508},{"Length":77,"Height":51,"Demand":1,"DemandMax":null,"Value":3927},{"Length":37,"Height":70,"Demand":1,"DemandMax":null,"Value":2590},{"Length":71,"Height":36,"Demand":2,"DemandMax":null,"Value":2556},{"Length":43,"Height":90,"Demand":1,"DemandMax":null,"Value":3870},{"Length":37,"Height":54,"Demand":1,"DemandMax":null,"Value":1998},{"Length":63,"Height":47,"Demand":3,"DemandMax":null,"Value":2961},{"Length":87,"Height":25,"Demand":1,"DemandMax":null,"Value":2175},{"Length":79,"Height":27,"Demand":1,"DemandMax":null,"Value":2133},{"Length":66,"Height":35,"Demand":1,"DemandMax":null,"Value":2310},{"Length":50,"Height":50,"Demand":1,"DemandMax":null,"Value":2500},{"Length":76,"Height":40,"Demand":1,"DemandMax":null,"Value":3040},{"Length":85,"Height":31,"Demand":1,"DemandMax":null,"Value":2635},{"Length":37,"Height":73,"Demand":1,"DemandMax":null,"Value":2701},{"Length":61,"Height":23,"Demand":1,"DemandMax":null,"Value":1403},{"Length":62,"Height":44,"Demand":1,"DemandMax":null,"Value":2728},{"Length":65,"Height":37,"Demand":1,"DemandMax":null,"Value":2405},{"Length":41,"Height":37,"Demand":1,"DemandMax":null,"Value":1517},{"Length":52,"Height":77,"Demand":1,"DemandMax":null,"Value":4004},{"Length":33,"Height":81,"Demand":2,"DemandMax":null,"Value":2673},{"Length":54,"Height":70,"Demand":1,"DemandMax":null,"Value":3780},{"Length":58,"Height":36,"Demand":1,"DemandMax":null,"Value":2088},{"Length":58,"Height":47,"Demand":1,"DemandMax":null,"Value":2726},{"Length":30,"Height":119,"Demand":1,"DemandMax":null,"Value":3570},{"Length":42,"Height":70,"Demand":1,"DemandMax":null,"Value":2940},{"Length":73,"Height":35,"Demand":2,"DemandMax":null,"Value":2555},{"Length":45,"Height":32,"Demand":1,"DemandMax":null,"Value":1440},{"Length":37,"Height":62,"Demand":1,"DemandMax":null,"Value":2294},{"Length":82,"Height":45,"Demand":1,"DemandMax":null,"Value":3690},{"Length":93,"Height":26,"Demand":1,"DemandMax":null,"Value":2418},{"Length":41,"Height":84,"Demand":2,"DemandMax":null,"Value":3444},{"Length":42,"Height":71,"Demand":3,"DemandMax":null,"Value":2982},{"Length":103,"Height":26,"Demand":1,"DemandMax":null,"Value":2678},{"Length":67,"Height":53,"Demand":1,"DemandMax":null,"Value":3551},{"Length":42,"Height":36,"Demand":1,"DemandMax":null,"Value":1512},{"Length":39,"Height":65,"Demand":1,"DemandMax":null,"Value":2535},{"Length":47,"Height":55,"Demand":1,"DemandMax":null,"Value":2585},{"Length":65,"Height":56,"Demand":1,"DemandMax":null,"Value":3640},{"Length":83,"Height":43,"Demand":1,"DemandMax":null,"Value":3569},{"Length":85,"Height":32,"Demand":1,"DemandMax":null,"Value":2720},{"Length":53,"Height":58,"Demand":1,"DemandMax":null,"Value":3074},{"Length":81,"Height":42,"Demand":1,"DemandMax":null,"Value":3402},{"Length":32,"Height":48,"Demand":1,"DemandMax":null,"Value":1536},{"Length":38,"Height":79,"Demand":1,"DemandMax":null,"Value":3002},{"Length":67,"Height":33,"Demand":1,"DemandMax":null,"Value":2211},{"Length":84,"Height":22,"Demand":2,"DemandMax":null,"Value":1848},{"Length":40,"Height":65,"Demand":1,"DemandMax":null,"Value":2600},{"Length":40,"Height":78,"Demand":1,"DemandMax":null,"Value":3120},{"Length":44,"Height":32,"Demand":2,"DemandMax":null,"Value":1408},{"Length":37,"Height":45,"Demand":1,"DemandMax":null,"Value":1665},{"Length":74,"Height":37,"Demand":1,"DemandMax":null,"Value":2738},{"Length":38,"Height":44,"Demand":1,"DemandMax":null,"Value":1672},{"Length":37,"Height":69,"Demand":1,"DemandMax":null,"Value":2553},{"Length":45,"Height":31,"Demand":2,"DemandMax":null,"Value":1395},{"Length":36,"Height":70,"Demand":1,"DemandMax":null,"Value":2520},{"Length":30,"Height":85,"Demand":1,"DemandMax":null,"Value":2550},{"Length":63,"Height":50,"Demand":1,"DemandMax":null,"Value":3150},{"Length":69,"Height":36,"Demand":2,"DemandMax":null,"Value":2484},{"Length":31,"Height":119,"Demand":1,"DemandMax":null,"Value":3689},{"Length":40,"Height":84,"Demand":1,"DemandMax":null,"Value":3360},{"Length":77,"Height":22,"Demand":1,"DemandMax":null,"Value":1694},{"Length":30,"Height":56,"Demand":1,"DemandMax":null,"Value":1680},{"Length":74,"Height":20,"Demand":3,"DemandMax":null,"Value":1480},{"Length":65,"Height":39,"Demand":1,"DemandMax":null,"Value":2535},{"Length":21,"Height":70,"Demand":2,"DemandMax":null,"Value":1470},{"Length":58,"Height":44,"Demand":1,"DemandMax":null,"Value":2552},{"Length":72,"Height":36,"Demand":2,"DemandMax":null,"Value":2592},{"Length":42,"Height":76,"Demand":1,"DemandMax":null,"Value":3192},{"Length":85,"Height":25,"Demand":2,"DemandMax":null,"Value":2125},{"Length":42,"Height":79,"Demand":1,"DemandMax":null,"Value":3318},{"Length":31,"Height":45,"Demand":1,"DemandMax":null,"Value":1395},{"Length":41,"Height":36,"Demand":1,"DemandMax":null,"Value":1476},{"Length":90,"Height":41,"Demand":1,"DemandMax":null,"Value":3690},{"Length":48,"Height":85,"Demand":1,"DemandMax":null,"Value":4080},{"Length":91,"Height":33,"Demand":1,"DemandMax":null,"Value":3003},{"Length":41,"Height":54,"Demand":1,"DemandMax":null,"Value":2214},{"Length":38,"Height":75,"Demand":1,"DemandMax":null,"Value":2850},{"Length":77,"Height":53,"Demand":1,"DemandMax":null,"Value":4081},{"Length":42,"Height":73,"Demand":1,"DemandMax":null,"Value":3066},{"Length":92,"Height":25,"Demand":1,"DemandMax":null,"Value":2300},{"Length":76,"Height":51,"Demand":1,"DemandMax":null,"Value":3876},{"Length":52,"Height":68,"Demand":1,"DemandMax":null,"Value":3536},{"Length":29,"Height":86,"Demand":2,"DemandMax":null,"Value":2494},{"Length":47,"Height":77,"Demand":1,"DemandMax":null,"Value":3619},{"Length":28,"Height":112,"Demand":1,"DemandMax":null,"Value":3136},{"Length":45,"Height":57,"Demand":1,"DemandMax":null,"Value":2565},{"Length":37,"Height":84,"Demand":1,"DemandMax":null,"Value":3108},{"Length":57,"Height":40,"Demand":1,"DemandMax":null,"Value":2280},{"Length":65,"Height":22,"Demand":2,"DemandMax":null,"Value":1430},{"Length":59,"Height":39,"Demand":1,"DemandMax":null,"Value":2301},{"Length":33,"Height":112,"Demand":1,"DemandMax":null,"Value":3696},{"Length":39,"Height":36,"Demand":2,"DemandMax":null,"Value":1404},{"Length":22,"Height":86,"Demand":2,"DemandMax":null,"Value":1892},{"Length":47,"Height":54,"Demand":1,"DemandMax":null,"Value":2538},{"Length":39,"Height":63,"Demand":2,"DemandMax":null,"Value":2457},{"Length":56,"Height":38,"Demand":2,"DemandMax":null,"Value":2128},{"Length":70,"Height":40,"Demand":1,"DemandMax":null,"Value":2800},{"Length":43,"Height":81,"Demand":1,"DemandMax":null,"Value":3483},{"Length":65,"Height":40,"Demand":1,"DemandMax":null,"Value":2600},{"Length":77,"Height":27,"Demand":1,"DemandMax":null,"Value":2079},{"Length":34,"Height":41,"Demand":1,"DemandMax":null,"Value":1394},{"Length":39,"Height":38,"Demand":1,"DemandMax":null,"Value":1482},{"Length":47,"Height":31,"Demand":1,"DemandMax":null,"Value":1457},{"Length":42,"Height":51,"Demand":1,"DemandMax":null,"Value":2142},{"Length":47,"Height":38,"Demand":1,"DemandMax":null,"Value":1786},{"Length":51,"Height":69,"Demand":1,"DemandMax":null,"Value":3519},{"Length":41,"Height":40,"Demand":1,"DemandMax":null,"Value":1640},{"Length":48,"Height":46,"Demand":1,"DemandMax":null,"Value":2208},{"Length":27,"Height":52,"Demand":1,"DemandMax":null,"Value":1404},{"Length":54,"Height":59,"Demand":1,"DemandMax":null,"Value":3186},{"Length":59,"Height":37,"Demand":1,"DemandMax":null,"Value":2183},{"Length":50,"Height":61,"Demand":1,"DemandMax":null,"Value":3050},{"Length":45,"Height":63,"Demand":1,"DemandMax":null,"Value":2835},{"Length":41,"Height":63,"Demand":1,"DemandMax":null,"Value":2583},{"Length":82,"Height":26,"Demand":1,"DemandMax":null,"Value":2132},{"Length":47,"Height":63,"Demand":1,"DemandMax":null,"Value":2961},{"Length":88,"Height":25,"Demand":1,"DemandMax":null,"Value":2200},{"Length":57,"Height":53,"Demand":1,"DemandMax":null,"Value":3021},{"Length":47,"Height":67,"Demand":1,"DemandMax":null,"Value":3149},{"Length":48,"Height":30,"Demand":1,"DemandMax":null,"Value":1440},{"Length":62,"Height":41,"Demand":1,"DemandMax":null,"Value":2542},{"Length":66,"Height":43,"Demand":1,"DemandMax":null,"Value":2838},{"Length":58,"Height":55,"Demand":1,"DemandMax":null,"Value":3190},{"Length":37,"Height":74,"Demand":1,"DemandMax":null,"Value":2738},{"Length":54,"Height":47,"Demand":1,"DemandMax":null,"Value":2538},{"Length":79,"Height":43,"Demand":1,"DemandMax":null,"Value":3397},{"Length":46,"Height":61,"Demand":1,"DemandMax":null,"Value":2806},{"Length":73,"Height":21,"Demand":1,"DemandMax":null,"Value":1533},{"Length":105,"Height":39,"Demand":1,"DemandMax":null,"Value":4095},{"Length":73,"Height":41,"Demand":1,"DemandMax":null,"Value":2993},{"Length":71,"Height":56,"Demand":1,"DemandMax":null,"Value":3976},{"Length":56,"Height":47,"Demand":1,"DemandMax":null,"Value":2632},{"Length":71,"Height":37,"Demand":2,"DemandMax":null,"Value":2627},{"Length":73,"Height":53,"Demand":1,"DemandMax":null,"Value":3869},{"Length":55,"Height":50,"Demand":1,"DemandMax":null,"Value":2750},{"Length":71,"Height":57,"Demand":1,"DemandMax":null,"Value":4047},{"Length":80,"Height":50,"Demand":1,"DemandMax":null,"Value":4000},{"Length":37,"Height":75,"Demand":1,"DemandMax":null,"Value":2775},{"Length":57,"Height":61,"Demand":1,"DemandMax":null,"Value":3477},{"Length":36,"Height":74,"Demand":1,"DemandMax":null,"Value":2664},{"Length":61,"Height":36,"Demand":1,"DemandMax":null,"Value":2196},{"Length":87,"Height":26,"Demand":1,"DemandMax":null,"Value":2262},{"Length":75,"Height":40,"Demand":1,"DemandMax":null,"Value":3000},{"Length":57,"Height":46,"Demand":2,"DemandMax":null,"Value":2622},{"Length":58,"Height":38,"Demand":3,"DemandMax":null,"Value":2204},{"Length":42,"Height":53,"Demand":1,"DemandMax":null,"Value":2226},{"Length":91,"Height":26,"Demand":1,"DemandMax":null,"Value":2366},{"Length":88,"Height":28,"Demand":1,"DemandMax":null,"Value":2464},{"Length":76,"Height":31,"Demand":1,"DemandMax":null,"Value":2356},{"Length":88,"Height":45,"Demand":1,"DemandMax":null,"Value":3960},{"Length":92,"Height":26,"Demand":2,"DemandMax":null,"Value":2392},{"Length":92,"Height":29,"Demand":1,"DemandMax":null,"Value":2668},{"Length":93,"Height":27,"Demand":1,"DemandMax":null,"Value":2511},{"Length":66,"Height":36,"Demand":1,"DemandMax":null,"Value":2376},{"Length":25,"Height":74,"Demand":1,"DemandMax":null,"Value":1850},{"Length":37,"Height":68,"Demand":1,"DemandMax":null,"Value":2516},{"Length":65,"Height":41,"Demand":1,"DemandMax":null,"Value":2665},{"Length":39,"Height":56,"Demand":1,"DemandMax":null,"Value":2184},{"Length":77,"Height":30,"Demand":1,"DemandMax":null,"Value":2310},{"Length":49,"Height":65,"Demand":1,"DemandMax":null,"Value":3185},{"Length":29,"Height":91,"Demand":1,"DemandMax":null,"Value":2639},{"Length":63,"Height":36,"Demand":1,"DemandMax":null,"Value":2268},{"Length":47,"Height":47,"Demand":1,"DemandMax":null,"Value":2209},{"Length":36,"Height":67,"Demand":1,"DemandMax":null,"Value":2412},{"Length":82,"Height":33,"Demand":1,"DemandMax":null,"Value":2706},{"Length":42,"Height":55,"Demand":1,"DemandMax":null,"Value":2310},{"Length":59,"Height":40,"Demand":1,"DemandMax":null,"Value":2360},{"Length":38,"Height":65,"Demand":1,"DemandMax":null,"Value":2470},{"Length":78,"Height":38,"Demand":1,"DemandMax":null,"Value":2964},{"Length":53,"Height":52,"Demand":1,"DemandMax":null,"Value":2756},{"Length":62,"Height":39,"Demand":1,"DemandMax":null,"Value":2418},{"Length":38,"Height":69,"Demand":1,"DemandMax":null,"Value":2622},{"Length":44,"Height":54,"Demand":1,"DemandMax":null,"Value":2376},{"Length":63,"Height":43,"Demand":1,"DemandMax":null,"Value":2709},{"Length":62,"Height":38,"Demand":1,"DemandMax":null,"Value":2356},{"Length":67,"Height":38,"Demand":1,"DemandMax":null,"Value":2546},{"Length":75,"Height":36,"Demand":1,"DemandMax":null,"Value":2700},{"Length":44,"Height":53,"Demand":1,"DemandMax":null,"Value":2332},{"Length":37,"Height":38,"Demand":2,"DemandMax":null,"Value":1406},{"Length":41,"Height":71,"Demand":1,"DemandMax":null,"Value":2911},{"Length":48,"Height":48,"Demand":1,"DemandMax":null,"Value":2304},{"Length":68,"Height":37,"Demand":1,"DemandMax":null,"Value":2516},{"Length":59,"Height":42,"Demand":1,"DemandMax":null,"Value":2478},{"Length":56,"Height":48,"Demand":1,"DemandMax":null,"Value":2688},{"Length":55,"Height":41,"Demand":1,"DemandMax":null,"Value":2255},{"Length":67,"Height":21,"Demand":1,"DemandMax":null,"Value":1407},{"Length":37,"Height":39,"Demand":1,"DemandMax":null,"Value":1443},{"Length":27,"Height":90,"Demand":1,"DemandMax":null,"Value":2430},{"Length":20,"Height":71,"Demand":1,"DemandMax":null,"Value":1420},{"Length":57,"Height":67,"Demand":1,"DemandMax":null,"Value":3819},{"Length":79,"Height":30,"Demand":1,"DemandMax":null,"Value":2370},{"Length":34,"Height":90,"Demand":1,"DemandMax":null,"Value":3060},{"Length":152,"Height":64,"Demand":1,"DemandMax":null,"Value":9728},{"Length":74,"Height":33,"Demand":1,"DemandMax":null,"Value":2442},{"Length":28,"Height":63,"Demand":1,"DemandMax":null,"Value":1764},{"Length":75,"Height":34,"Demand":1,"DemandMax":null,"Value":2550},{"Length":41,"Height":42,"Demand":1,"DemandMax":null,"Value":1722},{"Length":44,"Height":46,"Demand":1,"DemandMax":null,"Value":2024},{"Length":41,"Height":44,"Demand":1,"DemandMax":null,"Value":1804},{"Length":31,"Height":56,"Demand":1,"DemandMax":null,"Value":1736},{"Length":52,"Height":32,"Demand":1,"DemandMax":null,"Value":1664},{"Length":76,"Height":21,"Demand":1,"DemandMax":null,"Value":1596},{"Length":24,"Height":71,"Demand":1,"DemandMax":null,"Value":1704},{"Length":77,"Height":25,"Demand":1,"DemandMax":null,"Value":1925},{"Length":31,"Height":58,"Demand":1,"DemandMax":null,"Value":1798},{"Length":33,"Height":52,"Demand":1,"DemandMax":null,"Value":1716},{"Length":51,"Height":44,"Demand":1,"DemandMax":null,"Value":2244},{"Length":30,"Height":74,"Demand":1,"DemandMax":null,"Value":2220},{"Length":43,"Height":52,"Demand":1,"DemandMax":null,"Value":2236},{"Length":56,"Height":34,"Demand":1,"DemandMax":null,"Value":1904},{"Length":61,"Height":24,"Demand":1,"DemandMax":null,"Value":1464},{"Length":41,"Height":39,"Demand":1,"DemandMax":null,"Value":1599},{"Length":42,"Height":37,"Demand":1,"DemandMax":null,"Value":1554},{"Length":69,"Height":32,"Demand":1,"DemandMax":null,"Value":2208},{"Length":47,"Height":32,"Demand":2,"DemandMax":null,"Value":1504},{"Length":39,"Height":54,"Demand":1,"DemandMax":null,"Value":2106},{"Length":37,"Height":61,"Demand":1,"DemandMax":null,"Value":2257},{"Length":24,"Height":73,"Demand":1,"DemandMax":null,"Value":1752},{"Length":39,"Height":37,"Demand":2,"DemandMax":null,"Value":1443},{"Length":32,"Height":61,"Demand":1,"DemandMax":null,"Value":1952},{"Length":58,"Height":26,"Demand":1,"DemandMax":null,"Value":1508},{"Length":73,"Height":23,"Demand":1,"DemandMax":null,"Value":1679},{"Length":37,"Height":41,"Demand":1,"DemandMax":null,"Value":1517},{"Length":50,"Height":30,"Demand":1,"DemandMax":null,"Value":1500},{"Length":49,"Height":48,"Demand":1,"DemandMax":null,"Value":2352},{"Length":51,"Height":41,"Demand":1,"DemandMax":null,"Value":2091},{"Length":22,"Height":77,"Demand":1,"DemandMax":null,"Value":1694},{"Length":42,"Height":39,"Demand":1,"DemandMax":null,"Value":1638},{"Length":39,"Height":39,"Demand":1,"DemandMax":null,"Value":1521}]}