{"Name":"Path400i3b5","Objects":[{"Length":323,"Height":1000,"Stock":6,"Cost":323000},{"Length":677,"Height":425,"Stock":1,"Cost":287725},{"Length":677,"Height":575,"Stock":3,"Cost":389275}],"Items":[{"Length":12,"Height":5,"Demand":2,"DemandMax":null,"Value":60},{"Length":186,"Height":252,"Demand":1,"DemandMax":null,"Value":46872},{"Length":255,"Height":169,"Demand":1,"DemandMax":null,"Value":43095},{"Length":161,"Height":7,"Demand":1,"DemandMax":null,"Value":1127},{"Length":191,"Height":20,"Demand":1,"DemandMax":null,"Value":3820},{"Length":38,"Height":46,"Demand":1,"DemandMax":null,"Value":1748},{"Length":4,"Height":36,"Demand":1,"DemandMax":null,"Value":144},{"Length":95,"Height":41,"Demand":1,"DemandMax":null,"Value":3895},{"Length":29,"Height":51,"Demand":1,"DemandMax":null,"Value":1479},{"Length":218,"Height":173,"Demand":1,"DemandMax":null,"Value":37714},{"Length":23,"Height":181,"Demand":1,"DemandMax":null,"Value":4163},{"Length":323,"Height":227,"Demand":1,"DemandMax":null,"Value":73321},{"Length":10,"Height":7,"Demand":1,"DemandMax":null,"Value":70},{"Length":159,"Height":204,"Demand":1,"DemandMax":null,"Value":32436},{"Length":1,"Height":59,"Demand":1,"DemandMax":null,"Value":59},{"Length":216,"Height":117,"Demand":1,"DemandMax":null,"Value":25272},{"Length":8,"Height":40,"Demand":1,"DemandMax":null,"Value":320},{"Length":23,"Height":229,"Demand":1,"DemandMax":null,"Value":5267},{"Length":218,"Height":181,"Demand":1,"DemandMax":null,"Value":39458},{"Length":81,"Height":26,"Demand":1,"DemandMax":null,"Value":2106},{"Length":13,"Height":8,"Demand":1,"DemandMax":null,"Value":104},{"Length":1,"Height":3,"Demand":6,"DemandMax":null,"Value":3},{"Length":23,"Height":2,"Demand":1,"DemandMax":null,"Value":46},{"Length":323,"Height":100,"Demand":1,"DemandMax":null,"Value":32300},{"Length":136,"Height":123,"Demand":1,"DemandMax":null,"Value":16728},{"Length":323,"Height":37,"Demand":1,"DemandMax":null,"Value":11951},{"Length":27,"Height":50,"Demand":1,"DemandMax":null,"Value":1350},{"Length":37,"Height":28,"Demand":1,"DemandMax":null,"Value":1036},{"Length":67,"Height":36,"Demand":1,"DemandMax":null,"Value":2412},{"Length":59,"Height":19,"Demand":1,"DemandMax":null,"Value":1121},{"Length":80,"Height":128,"Demand":1,"DemandMax":null,"Value":10240},{"Length":3,"Height":7,"Demand":2,"DemandMax":null,"Value":21},{"Length":3,"Height":36,"Demand":1,"DemandMax":null,"Value":108},{"Length":26,"Height":302,"Demand":1,"DemandMax":null,"Value":7852},{"Length":323,"Height":10,"Demand":1,"DemandMax":null,"Value":3230},{"Length":15,"Height":2,"Demand":2,"DemandMax":null,"Value":30},{"Length":47,"Height":12,"Demand":1,"DemandMax":null,"Value":564},{"Length":92,"Height":5,"Demand":1,"DemandMax":null,"Value":460},{"Length":1,"Height":1,"Demand":32,"DemandMax":null,"Value":1},{"Length":4,"Height":1,"Demand":4,"DemandMax":null,"Value":4},{"Length":38,"Height":37,"Demand":1,"DemandMax":null,"Value":1406},{"Length":16,"Height":1,"Demand":1,"DemandMax":null,"Value":16},{"Length":2,"Height":12,"Demand":1,"DemandMax":null,"Value":24},{"Length":2,"Height":42,"Demand":1,"DemandMax":null,"Value":84},{"Length":16,"Height":5,"Demand":1,"DemandMax":null,"Value":80},{"Length":126,"Height":37,"Demand":1,"DemandMax":null,"Value":4662},{"Length":7,"Height":5,"Demand":3,"DemandMax":null,"Value":35},{"Length":21,"Height":20,"Demand":1,"DemandMax":null,"Value":420},{"Length":7,"Height":1,"Demand":3,"DemandMax":null,"Value":7},{"Length":19,"Height":8,"Demand":1,"DemandMax":null,"Value":152},{"Length":19,"Height":16,"Demand":1,"DemandMax":null,"Value":304},{"Length":14,"Height":1,"Demand":2,"DemandMax":null,"Value":14},{"Length":50,"Height":240,"Demand":1,"DemandMax":null,"Value":12000},{"Length":76,"Height":156,"Demand":1,"DemandMax":null,"Value":11856},{"Length":83,"Height":25,"Demand":1,"DemandMax":null,"Value":2075},{"Length":35,"Height":28,"Demand":1,"DemandMax":null,"Value":980},{"Length":76,"Height":80,"Demand":1,"DemandMax":null,"Value":6080},{"Length":5,"Height":2,"Demand":2,"DemandMax":null,"Value":10},{"Length":31,"Height":26,"Demand":1,"DemandMax":null,"Value":806},{"Length":36,"Height":36,"Demand":1,"DemandMax":null,"Value":1296},{"Length":94,"Height":7,"Demand":1,"DemandMax":null,"Value":658},{"Length":88,"Height":15,"Demand":1,"DemandMax":null,"Value":1320},{"Length":11,"Height":4,"Demand":1,"DemandMax":null,"Value":44},{"Length":1,"Height":8,"Demand":4,"DemandMax":null,"Value":8},{"Length":68,"Height":5,"Demand":1,"DemandMax":null,"Value":340},{"Length":1,"Height":2,"Demand":3,"DemandMax":null,"Value":2},{"Length":15,"Height":13,"Demand":1,"DemandMax":null,"Value":195},{"Length":2,"Height":37,"Demand":1,"DemandMax":null,"Value":74},{"Length":43,"Height":17,"Demand":1,"DemandMax":null,"Value":731},{"Length":24,"Height":240,"Demand":1,"DemandMax":null,"Value":5760},{"Length":94,"Height":1,"Demand":1,"DemandMax":null,"Value":94},{"Length":67,"Height":13,"Demand":1,"DemandMax":null,"Value":871},{"Length":17,"Height":1,"Demand":1,"DemandMax":null,"Value":17},{"Length":3,"Height":1,"Demand":8,"DemandMax":null,"Value":3},{"Length":26,"Height":8,"Demand":1,"DemandMax":null,"Value":208},{"Length":323,"Height":7,"Demand":1,"DemandMax":null,"Value":2261},{"Length":9,"Height":1,"Demand":5,"DemandMax":null,"Value":9},{"Length":2,"Height":83,"Demand":1,"DemandMax":null,"Value":166},{"Length":63,"Height":28,"Demand":1,"DemandMax":null,"Value":1764},{"Length":20,"Height":14,"Demand":2,"DemandMax":null,"Value":280},{"Length":3,"Height":2,"Demand":2,"DemandMax":null,"Value":6},{"Length":15,"Height":1,"Demand":3,"DemandMax":null,"Value":15},{"Length":255,"Height":77,"Demand":1,"DemandMax":null,"Value":19635},{"Length":262,"Height":26,"Demand":1,"DemandMax":null,"Value":6812},{"Length":20,"Height":4,"Demand":1,"DemandMax":null,"Value":80},{"Length":53,"Height":37,"Demand":1,"DemandMax":null,"Value":1961},{"Length":5,"Height":70,"Demand":1,"DemandMax":null,"Value":350},{"Length":79,"Height":83,"Demand":1,"DemandMax":null,"Value":6557},{"Length":8,"Height":213,"Demand":1,"DemandMax":null,"Value":1704},{"Length":19,"Height":42,"Demand":1,"DemandMax":null,"Value":798},{"Length":40,"Height":1,"Demand":1,"DemandMax":null,"Value":40},{"Length":1,"Height":11,"Demand":2,"DemandMax":null,"Value":11},{"Length":47,"Height":53,"Demand":1,"DemandMax":null,"Value":2491},{"Length":323,"Height":1,"Demand":4,"DemandMax":null,"Value":323},{"Length":65,"Height":67,"Demand":1,"DemandMax":null,"Value":4355},{"Length":73,"Height":1,"Demand":2,"DemandMax":null,"Value":73},{"Length":5,"Height":15,"Demand":2,"DemandMax":null,"Value":75},{"Length":5,"Height":3,"Demand":1,"DemandMax":null,"Value":15},{"Length":33,"Height":8,"Demand":1,"DemandMax":null,"Value":264},{"Length":5,"Height":1,"Demand":3,"DemandMax":null,"Value":5},{"Length":22,"Height":235,"Demand":1,"DemandMax":null,"Value":5170},{"Length":285,"Height":49,"Demand":1,"DemandMax":null,"Value":13965},{"Length":92,"Height":66,"Demand":1,"DemandMax":null,"Value":6072},{"Length":10,"Height":4,"Demand":1,"DemandMax":null,"Value":40},{"Length":14,"Height":20,"Demand":1,"DemandMax":null,"Value":280},{"Length":29,"Height":2,"Demand":2,"DemandMax":null,"Value":58},{"Length":20,"Height":83,"Demand":1,"DemandMax":null,"Value":1660},{"Length":21,"Height":2,"Demand":1,"DemandMax":null,"Value":42},{"Length":12,"Height":4,"Demand":2,"DemandMax":null,"Value":48},{"Length":4,"Height":21,"Demand":1,"DemandMax":null,"Value":84},{"Length":11,"Height":1,"Demand":2,"DemandMax":null,"Value":11},{"Length":3,"Height":30,"Demand":2,"DemandMax":null,"Value":90},{"Length":7,"Height":28,"Demand":1,"DemandMax":null,"Value":196},{"Length":75,"Height":11,"Demand":1,"DemandMax":null,"Value":825},{"Length":229,"Height":169,"Demand":1,"DemandMax":null,"Value":38701},{"Length":323,"Height":3,"Demand":2,"DemandMax":null,"Value":969},{"Length":5,"Height":5,"Demand":2,"DemandMax":null,"Value":25},{"Length":294,"Height":16,"Demand":1,"DemandMax":null,"Value":4704},{"Length":27,"Height":56,"Demand":1,"DemandMax":null,"Value":1512},{"Length":1,"Height":16,"Demand":3,"DemandMax":null,"Value":16},{"Length":4,"Height":53,"Demand":1,"DemandMax":null,"Value":212},{"Length":37,"Height":42,"Demand":1,"DemandMax":null,"Value":1554},{"Length":8,"Height":229,"Demand":2,"DemandMax":null,"Value":1832},{"Length":114,"Height":2,"Demand":1,"DemandMax":null,"Value":228},{"Length":1,"Height":10,"Demand":1,"DemandMax":null,"Value":10},{"Length":193,"Height":17,"Demand":1,"DemandMax":null,"Value":3281},{"Length":22,"Height":1,"Demand":1,"DemandMax":null,"Value":22},{"Length":26,"Height":1,"Demand":3,"DemandMax":null,"Value":26},{"Length":69,"Height":25,"Demand":1,"DemandMax":null,"Value":1725},{"Length":262,"Height":2,"Demand":1,"DemandMax":null,"Value":524},{"Length":19,"Height":36,"Demand":1,"DemandMax":null,"Value":684},{"Length":9,"Height":16,"Demand":1,"DemandMax":null,"Value":144},{"Length":109,"Height":121,"Demand":1,"DemandMax":null,"Value":13189},{"Length":49,"Height":294,"Demand":1,"DemandMax":null,"Value":14406},{"Length":13,"Height":1,"Demand":1,"DemandMax":null,"Value":13},{"Length":187,"Height":94,"Demand":1,"DemandMax":null,"Value":17578},{"Length":2,"Height":1,"Demand":3,"DemandMax":null,"Value":2},{"Length":177,"Height":140,"Demand":1,"DemandMax":null,"Value":24780},{"Length":67,"Height":20,"Demand":1,"DemandMax":null,"Value":1340},{"Length":26,"Height":3,"Demand":1,"DemandMax":null,"Value":78},{"Length":21,"Height":7,"Demand":1,"DemandMax":null,"Value":147},{"Length":191,"Height":10,"Demand":1,"DemandMax":null,"Value":1910},{"Length":262,"Height":6,"Demand":2,"DemandMax":null,"Value":1572},{"Length":27,"Height":1,"Demand":1,"DemandMax":null,"Value":27},{"Length":46,"Height":1,"Demand":1,"DemandMax":null,"Value":46},{"Length":1,"Height":75,"Demand":1,"DemandMax":null,"Value":75},{"Length":179,"Height":213,"Demand":1,"DemandMax":null,"Value":38127},{"Length":1,"Height":83,"Demand":1,"DemandMax":null,"Value":83},{"Length":323,"Height":2,"Demand":1,"DemandMax":null,"Value":646},{"Length":88,"Height":14,"Demand":1,"DemandMax":null,"Value":1232},{"Length":197,"Height":45,"Demand":1,"DemandMax":null,"Value":8865},{"Length":6,"Height":1,"Demand":2,"DemandMax":null,"Value":6},{"Length":6,"Height":42,"Demand":1,"DemandMax":null,"Value":252},{"Length":59,"Height":3,"Demand":1,"DemandMax":null,"Value":177},{"Length":12,"Height":1,"Demand":2,"DemandMax":null,"Value":12},{"Length":3,"Height":103,"Demand":1,"DemandMax":null,"Value":309},{"Length":13,"Height":32,"Demand":1,"DemandMax":null,"Value":416},{"Length":31,"Height":10,"Demand":1,"DemandMax":null,"Value":310},{"Length":2,"Height":8,"Demand":1,"DemandMax":null,"Value":16},{"Length":3,"Height":71,"Demand":1,"DemandMax":null,"Value":213},{"Length":54,"Height":12,"Demand":1,"DemandMax":null,"Value":648},{"Length":276,"Height":24,"Demand":1,"DemandMax":null,"Value":6624},{"Length":7,"Height":6,"Demand":1,"DemandMax":null,"Value":42},{"Length":294,"Height":21,"Demand":1,"DemandMax":null,"Value":6174},{"Length":1,"Height":5,"Demand":1,"DemandMax":null,"Value":5},{"Length":11,"Height":10,"Demand":1,"DemandMax":null,"Value":110},{"Length":25,"Height":1,"Demand":1,"DemandMax":null,"Value":25},{"Length":24,"Height":14,"Demand":1,"DemandMax":null,"Value":336},{"Length":18,"Height":53,"Demand":1,"DemandMax":null,"Value":954},{"Length":8,"Height":6,"Demand":1,"DemandMax":null,"Value":48},{"Length":12,"Height":15,"Demand":1,"DemandMax":null,"Value":180},{"Length":7,"Height":67,"Demand":1,"DemandMax":null,"Value":469},{"Length":64,"Height":10,"Demand":1,"DemandMax":null,"Value":640},{"Length":323,"Height":5,"Demand":2,"DemandMax":null,"Value":1615},{"Length":13,"Height":4,"Demand":1,"DemandMax":null,"Value":52},{"Length":11,"Height":12,"Demand":1,"DemandMax":null,"Value":132},{"Length":93,"Height":14,"Demand":1,"DemandMax":null,"Value":1302},{"Length":4,"Height":3,"Demand":1,"DemandMax":null,"Value":12},{"Length":206,"Height":16,"Demand":1,"DemandMax":null,"Value":3296},{"Length":38,"Height":11,"Demand":1,"DemandMax":null,"Value":418},{"Length":54,"Height":11,"Demand":1,"DemandMax":null,"Value":594},{"Length":95,"Height":23,"Demand":1,"DemandMax":null,"Value":2185},{"Length":38,"Height":5,"Demand":1,"DemandMax":null,"Value":190},{"Length":20,"Height":1,"Demand":2,"DemandMax":null,"Value":20},{"Length":1,"Height":18,"Demand":1,"DemandMax":null,"Value":18},{"Length":323,"Height":4,"Demand":1,"DemandMax":null,"Value":1292},{"Length":1,"Height":38,"Demand":1,"DemandMax":null,"Value":38},{"Length":185,"Height":1,"Demand":1,"DemandMax":null,"Value":185},{"Length":2,"Height":15,"Demand":1,"DemandMax":null,"Value":30},{"Length":63,"Height":32,"Demand":1,"DemandMax":null,"Value":2016},{"Length":42,"Height":40,"Demand":1,"DemandMax":null,"Value":1680},{"Length":66,"Height":1,"Demand":1,"DemandMax":null,"Value":66},{"Length":2,"Height":19,"Demand":1,"DemandMax":null,"Value":38},{"Length":12,"Height":12,"Demand":1,"DemandMax":null,"Value":144},{"Length":66,"Height":5,"Demand":1,"DemandMax":null,"Value":330},{"Length":32,"Height":302,"Demand":1,"DemandMax":null,"Value":9664},{"Length":51,"Height":17,"Demand":1,"DemandMax":null,"Value":867},{"Length":160,"Height":3,"Demand":1,"DemandMax":null,"Value":480},{"Length":13,"Height":117,"Demand":1,"DemandMax":null,"Value":1521},{"Length":56,"Height":29,"Demand":1,"DemandMax":null,"Value":1624},{"Length":95,"Height":95,"Demand":1,"DemandMax":null,"Value":9025},{"Length":8,"Height":30,"Demand":1,"DemandMax":null,"Value":240},{"Length":323,"Height":35,"Demand":1,"DemandMax":null,"Value":11305},{"Length":148,"Height":2,"Demand":1,"DemandMax":null,"Value":296},{"Length":11,"Height":53,"Demand":1,"DemandMax":null,"Value":583},{"Length":1,"Height":6,"Demand":2,"DemandMax":null,"Value":6},{"Length":323,"Height":6,"Demand":1,"DemandMax":null,"Value":1938},{"Length":47,"Height":26,"Demand":1,"DemandMax":null,"Value":1222},{"Length":75,"Height":5,"Demand":1,"DemandMax":null,"Value":375},{"Length":7,"Height":17,"Demand":1,"DemandMax":null,"Value":119},{"Length":285,"Height":8,"Demand":1,"DemandMax":null,"Value":2280},{"Length":12,"Height":16,"Demand":1,"DemandMax":null,"Value":192},{"Length":21,"Height":17,"Demand":1,"DemandMax":null,"Value":357},{"Length":3,"Height":24,"Demand":1,"DemandMax":null,"Value":72},{"Length":2,"Height":181,"Demand":1,"DemandMax":null,"Value":362},{"Length":2,"Height":302,"Demand":1,"DemandMax":null,"Value":604},{"Length":16,"Height":15,"Demand":1,"DemandMax":null,"Value":240},{"Length":118,"Height":49,"Demand":1,"DemandMax":null,"Value":5782},{"Length":8,"Height":24,"Demand":1,"DemandMax":null,"Value":192},{"Length":276,"Height":2,"Demand":1,"DemandMax":null,"Value":552},{"Length":73,"Height":3,"Demand":1,"DemandMax":null,"Value":219},{"Length":5,"Height":6,"Demand":1,"DemandMax":null,"Value":30},{"Length":5,"Height":23,"Demand":1,"DemandMax":null,"Value":115},{"Length":8,"Height":5,"Demand":1,"DemandMax":null,"Value":40},{"Length":118,"Height":137,"Demand":1,"DemandMax":null,"Value":16166},{"Length":5,"Height":9,"Demand":1,"DemandMax":null,"Value":45},{"Length":25,"Height":4,"Demand":1,"DemandMax":null,"Value":100},{"Length":8,"Height":46,"Demand":1,"DemandMax":null,"Value":368},{"Length":23,"Height":1,"Demand":1,"DemandMax":null,"Value":23},{"Length":42,"Height":28,"Demand":1,"DemandMax":null,"Value":1176},{"Length":21,"Height":3,"Demand":1,"DemandMax":null,"Value":63},{"Length":49,"Height":8,"Demand":1,"DemandMax":null,"Value":392},{"Length":8,"Height":26,"Demand":1,"DemandMax":null,"Value":208},{"Length":68,"Height":121,"Demand":1,"DemandMax":null,"Value":8228},{"Length":35,"Height":1,"Demand":2,"DemandMax":null,"Value":35},{"Length":1,"Height":4,"Demand":2,"DemandMax":null,"Value":4},{"Length":27,"Height":37,"Demand":1,"DemandMax":null,"Value":999},{"Length":15,"Height":4,"Demand":1,"DemandMax":null,"Value":60},{"Length":3,"Height":3,"Demand":1,"DemandMax":null,"Value":9},{"Length":88,"Height":3,"Demand":1,"DemandMax":null,"Value":264},{"Length":126,"Height":8,"Demand":1,"DemandMax":null,"Value":1008},{"Length":17,"Height":14,"Demand":1,"DemandMax":null,"Value":238},{"Length":2,"Height":2,"Demand":1,"DemandMax":null,"Value":4},{"Length":33,"Height":1,"Demand":1,"DemandMax":null,"Value":33},{"Length":159,"Height":103,"Demand":1,"DemandMax":null,"Value":16377},{"Length":3,"Height":19,"Demand":1,"DemandMax":null,"Value":57},{"Length":1,"Height":65,"Demand":1,"DemandMax":null,"Value":65},{"Length":111,"Height":78,"Demand":1,"DemandMax":null,"Value":8658},{"Length":39,"Height":20,"Demand":1,"DemandMax":null,"Value":780},{"Length":242,"Height":26,"Demand":1,"DemandMax":null,"Value":6292},{"Length":4,"Height":27,"Demand":1,"DemandMax":null,"Value":108},{"Length":1,"Height":15,"Demand":1,"DemandMax":null,"Value":15},{"Length":19,"Height":1,"Demand":2,"DemandMax":null,"Value":19},{"Length":9,"Height":3,"Demand":2,"DemandMax":null,"Value":27},{"Length":150,"Height":302,"Demand":1,"DemandMax":null,"Value":45300},{"Length":323,"Height":96,"Demand":1,"DemandMax":null,"Value":31008},{"Length":25,"Height":42,"Demand":1,"DemandMax":null,"Value":1050},{"Length":1,"Height":9,"Demand":2,"DemandMax":null,"Value":9},{"Length":71,"Height":20,"Demand":1,"DemandMax":null,"Value":1420},{"Length":56,"Height":8,"Demand":1,"DemandMax":null,"Value":448},{"Length":20,"Height":3,"Demand":1,"DemandMax":null,"Value":60},{"Length":8,"Height":1,"Demand":3,"DemandMax":null,"Value":8},{"Length":4,"Height":40,"Demand":1,"DemandMax":null,"Value":160},{"Length":7,"Height":78,"Demand":1,"DemandMax":null,"Value":546},{"Length":34,"Height":1,"Demand":1,"DemandMax":null,"Value":34},{"Length":8,"Height":4,"Demand":1,"DemandMax":null,"Value":32},{"Length":59,"Height":9,"Demand":1,"DemandMax":null,"Value":531},{"Length":15,"Height":16,"Demand":1,"DemandMax":null,"Value":240},{"Length":182,"Height":1,"Demand":1,"DemandMax":null,"Value":182},{"Length":6,"Height":2,"Demand":1,"DemandMax":null,"Value":12},{"Length":50,"Height":235,"Demand":1,"DemandMax":null,"Value":11750},{"Length":7,"Height":24,"Demand":1,"DemandMax":null,"Value":168},{"Length":26,"Height":66,"Demand":1,"DemandMax":null,"Value":1716},{"Length":67,"Height":23,"Demand":1,"DemandMax":null,"Value":1541},{"Length":57,"Height":1,"Demand":1,"DemandMax":null,"Value":57},{"Length":181,"Height":14,"Demand":1,"DemandMax":null,"Value":2534},{"Length":262,"Height":7,"Demand":1,"DemandMax":null,"Value":1834},{"Length":12,"Height":7,"Demand":1,"DemandMax":null,"Value":84},{"Length":2,"Height":3,"Demand":1,"DemandMax":null,"Value":6},{"Length":20,"Height":2,"Demand":2,"DemandMax":null,"Value":40},{"Length":1,"Height":28,"Demand":1,"DemandMax":null,"Value":28},{"Length":1,"Height":36,"Demand":1,"DemandMax":null,"Value":36},{"Length":19,"Height":5,"Demand":1,"DemandMax":null,"Value":95},{"Length":94,"Height":4,"Demand":1,"DemandMax":null,"Value":376},{"Length":10,"Height":17,"Demand":1,"DemandMax":null,"Value":170},{"Length":32,"Height":12,"Demand":1,"DemandMax":null,"Value":384},{"Length":95,"Height":19,"Demand":1,"DemandMax":null,"Value":1805},{"Length":78,"Height":20,"Demand":1,"DemandMax":null,"Value":1560},{"Length":16,"Height":7,"Demand":1,"DemandMax":null,"Value":112},{"Length":88,"Height":1,"Demand":1,"DemandMax":null,"Value":88},{"Length":3,"Height":10,"Demand":1,"DemandMax":null,"Value":30},{"Length":59,"Height":28,"Demand":1,"DemandMax":null,"Value":1652},{"Length":46,"Height":3,"Demand":1,"DemandMax":null,"Value":138},{"Length":95,"Height":145,"Demand":1,"DemandMax":null,"Value":13775},{"Length":7,"Height":201,"Demand":1,"DemandMax":null,"Value":1407},{"Length":1,"Height":12,"Demand":1,"DemandMax":null,"Value":12},{"Length":1,"Height":7,"Demand":1,"DemandMax":null,"Value":7}]}