{"Name":"Nice200i6b5","Objects":[{"Length":275,"Height":1000,"Stock":5,"Cost":275000},{"Length":360,"Height":224,"Stock":3,"Cost":80640},{"Length":266,"Height":293,"Stock":3,"Cost":77938},{"Length":365,"Height":224,"Stock":6,"Cost":81760},{"Length":459,"Height":776,"Stock":3,"Cost":356184},{"Length":266,"Height":483,"Stock":1,"Cost":128478}],"Items":[{"Length":59,"Height":108,"Demand":1,"DemandMax":null,"Value":6372},{"Length":81,"Height":84,"Demand":1,"DemandMax":null,"Value":6804},{"Length":109,"Height":140,"Demand":1,"DemandMax":null,"Value":15260},{"Length":176,"Height":46,"Demand":1,"DemandMax":null,"Value":8096},{"Length":86,"Height":60,"Demand":2,"DemandMax":null,"Value":5160},{"Length":128,"Height":43,"Demand":1,"DemandMax":null,"Value":5504},{"Length":90,"Height":55,"Demand":2,"DemandMax":null,"Value":4950},{"Length":135,"Height":72,"Demand":1,"DemandMax":null,"Value":9720},{"Length":150,"Height":40,"Demand":1,"DemandMax":null,"Value":6000},{"Length":61,"Height":117,"Demand":1,"DemandMax":null,"Value":7137},{"Length":85,"Height":57,"Demand":1,"DemandMax":null,"Value":4845},{"Length":82,"Height":58,"Demand":1,"DemandMax":null,"Value":4756},{"Length":74,"Height":102,"Demand":1,"DemandMax":null,"Value":7548},{"Length":49,"Height":49,"Demand":2,"DemandMax":null,"Value":2401},{"Length":38,"Height":142,"Demand":1,"DemandMax":null,"Value":5396},{"Length":48,"Height":123,"Demand":1,"DemandMax":null,"Value":5904},{"Length":129,"Height":36,"Demand":1,"DemandMax":null,"Value":4644},{"Length":39,"Height":134,"Demand":1,"DemandMax":null,"Value":5226},{"Length":67,"Height":101,"Demand":1,"DemandMax":null,"Value":6767},{"Length":98,"Height":29,"Demand":1,"DemandMax":null,"Value":2842},{"Length":92,"Height":51,"Demand":1,"DemandMax":null,"Value":4692},{"Length":65,"Height":73,"Demand":1,"DemandMax":null,"Value":4745},{"Length":76,"Height":139,"Demand":1,"DemandMax":null,"Value":10564},{"Length":63,"Height":61,"Demand":1,"DemandMax":null,"Value":3843},{"Length":49,"Height":56,"Demand":1,"DemandMax":null,"Value":2744},{"Length":61,"Height":55,"Demand":1,"DemandMax":null,"Value":3355},{"Length":88,"Height":80,"Demand":1,"DemandMax":null,"Value":7040},{"Length":59,"Height":58,"Demand":1,"DemandMax":null,"Value":3422},{"Length":112,"Height":51,"Demand":1,"DemandMax":null,"Value":5712},{"Length":59,"Height":48,"Demand":1,"DemandMax":null,"Value":2832},{"Length":140,"Height":36,"Demand":1,"DemandMax":null,"Value":5040},{"Length":196,"Height":53,"Demand":1,"DemandMax":null,"Value":10388},{"Length":137,"Height":48,"Demand":1,"DemandMax":null,"Value":6576},{"Length":198,"Height":88,"Demand":1,"DemandMax":null,"Value":17424},{"Length":47,"Height":74,"Demand":1,"DemandMax":null,"Value":3478},{"Length":44,"Height":109,"Demand":1,"DemandMax":null,"Value":4796},{"Length":33,"Height":74,"Demand":2,"DemandMax":null,"Value":2442},{"Length":44,"Height":56,"Demand":1,"DemandMax":null,"Value":2464},{"Length":66,"Height":105,"Demand":1,"DemandMax":null,"Value":6930},{"Length":39,"Height":151,"Demand":2,"DemandMax":null,"Value":5889},{"Length":40,"Height":54,"Demand":1,"DemandMax":null,"Value":2160},{"Length":85,"Height":151,"Demand":1,"DemandMax":null,"Value":12835},{"Length":135,"Height":38,"Demand":2,"DemandMax":null,"Value":5130},{"Length":48,"Height":47,"Demand":1,"DemandMax":null,"Value":2256},{"Length":71,"Height":25,"Demand":2,"DemandMax":null,"Value":1775},{"Length":109,"Height":53,"Demand":1,"DemandMax":null,"Value":5777},{"Length":69,"Height":67,"Demand":1,"DemandMax":null,"Value":4623},{"Length":79,"Height":68,"Demand":1,"DemandMax":null,"Value":5372},{"Length":50,"Height":102,"Demand":2,"DemandMax":null,"Value":5100},{"Length":53,"Height":150,"Demand":1,"DemandMax":null,"Value":7950},{"Length":57,"Height":127,"Demand":1,"DemandMax":null,"Value":7239},{"Length":129,"Height":65,"Demand":1,"DemandMax":null,"Value":8385},{"Length":54,"Height":119,"Demand":1,"DemandMax":null,"Value":6426},{"Length":91,"Height":48,"Demand":1,"DemandMax":null,"Value":4368},{"Length":112,"Height":62,"Demand":1,"DemandMax":null,"Value":6944},{"Length":75,"Height":63,"Demand":1,"DemandMax":null,"Value":4725},{"Length":74,"Height":91,"Demand":1,"DemandMax":null,"Value":6734},{"Length":71,"Height":31,"Demand":1,"DemandMax":null,"Value":2201},{"Length":32,"Height":70,"Demand":1,"DemandMax":null,"Value":2240},{"Length":98,"Height":49,"Demand":1,"DemandMax":null,"Value":4802},{"Length":81,"Height":61,"Demand":1,"DemandMax":null,"Value":4941},{"Length":54,"Height":112,"Demand":1,"DemandMax":null,"Value":6048},{"Length":90,"Height":66,"Demand":1,"DemandMax":null,"Value":5940},{"Length":71,"Height":113,"Demand":1,"DemandMax":null,"Value":8023},{"Length":33,"Height":57,"Demand":1,"DemandMax":null,"Value":1881},{"Length":110,"Height":80,"Demand":1,"DemandMax":null,"Value":8800},{"Length":74,"Height":63,"Demand":1,"DemandMax":null,"Value":4662},{"Length":112,"Height":71,"Demand":1,"DemandMax":null,"Value":7952},{"Length":67,"Height":48,"Demand":1,"DemandMax":null,"Value":3216},{"Length":71,"Height":33,"Demand":1,"DemandMax":null,"Value":2343},{"Length":27,"Height":68,"Demand":1,"DemandMax":null,"Value":1836},{"Length":81,"Height":70,"Demand":1,"DemandMax":null,"Value":5670},{"Length":60,"Height":153,"Demand":1,"DemandMax":null,"Value":9180},{"Length":132,"Height":64,"Demand":1,"DemandMax":null,"Value":8448},{"Length":86,"Height":61,"Demand":1,"DemandMax":null,"Value":5246},{"Length":76,"Height":71,"Demand":1,"DemandMax":null,"Value":5396},{"Length":76,"Height":69,"Demand":1,"DemandMax":null,"Value":5244},{"Length":45,"Height":51,"Demand":1,"DemandMax":null,"Value":2295},{"Length":58,"Height":46,"Demand":1,"DemandMax":null,"Value":2668},{"Length":81,"Height":81,"Demand":1,"DemandMax":null,"Value":6561},{"Length":72,"Height":130,"Demand":1,"DemandMax":null,"Value":9360},{"Length":35,"Height":134,"Demand":1,"DemandMax":null,"Value":4690},{"Length":68,"Height":31,"Demand":1,"DemandMax":null,"Value":2108},{"Length":82,"Height":56,"Demand":1,"DemandMax":null,"Value":4592},{"Length":33,"Height":59,"Demand":1,"DemandMax":null,"Value":1947},{"Length":112,"Height":59,"Demand":1,"DemandMax":null,"Value":6608},{"Length":40,"Height":134,"Demand":1,"DemandMax":null,"Value":5360},{"Length":100,"Height":71,"Demand":1,"DemandMax":null,"Value":7100},{"Length":52,"Height":55,"Demand":1,"DemandMax":null,"Value":2860},{"Length":76,"Height":24,"Demand":1,"DemandMax":null,"Value":1824},{"Length":68,"Height":40,"Demand":1,"DemandMax":null,"Value":2720},{"Length":51,"Height":119,"Demand":1,"DemandMax":null,"Value":6069},{"Length":79,"Height":27,"Demand":1,"DemandMax":null,"Value":2133},{"Length":40,"Height":142,"Demand":1,"DemandMax":null,"Value":5680},{"Length":90,"Height":60,"Demand":1,"DemandMax":null,"Value":5400},{"Length":58,"Height":213,"Demand":1,"DemandMax":null,"Value":12354},{"Length":98,"Height":26,"Demand":1,"DemandMax":null,"Value":2548},{"Length":71,"Height":87,"Demand":1,"DemandMax":null,"Value":6177},{"Length":46,"Height":122,"Demand":1,"DemandMax":null,"Value":5612},{"Length":59,"Height":98,"Demand":1,"DemandMax":null,"Value":5782},{"Length":78,"Height":112,"Demand":1,"DemandMax":null,"Value":8736},{"Length":37,"Height":71,"Demand":1,"DemandMax":null,"Value":2627},{"Length":74,"Height":74,"Demand":1,"DemandMax":null,"Value":5476},{"Length":150,"Height":49,"Demand":1,"DemandMax":null,"Value":7350},{"Length":85,"Height":22,"Demand":1,"DemandMax":null,"Value":1870},{"Length":116,"Height":56,"Demand":1,"DemandMax":null,"Value":6496},{"Length":66,"Height":86,"Demand":1,"DemandMax":null,"Value":5676},{"Length":28,"Height":98,"Demand":1,"DemandMax":null,"Value":2744},{"Length":137,"Height":59,"Demand":1,"DemandMax":null,"Value":8083},{"Length":92,"Height":26,"Demand":1,"DemandMax":null,"Value":2392},{"Length":65,"Height":39,"Demand":2,"DemandMax":null,"Value":2535},{"Length":69,"Height":69,"Demand":1,"DemandMax":null,"Value":4761},{"Length":106,"Height":30,"Demand":1,"DemandMax":null,"Value":3180},{"Length":66,"Height":130,"Demand":1,"DemandMax":null,"Value":8580},{"Length":81,"Height":57,"Demand":1,"DemandMax":null,"Value":4617},{"Length":49,"Height":105,"Demand":1,"DemandMax":null,"Value":5145},{"Length":77,"Height":123,"Demand":1,"DemandMax":null,"Value":9471},{"Length":38,"Height":58,"Demand":1,"DemandMax":null,"Value":2204},{"Length":85,"Height":99,"Demand":1,"DemandMax":null,"Value":8415},{"Length":59,"Height":44,"Demand":1,"DemandMax":null,"Value":2596},{"Length":29,"Height":81,"Demand":1,"DemandMax":null,"Value":2349},{"Length":27,"Height":67,"Demand":1,"DemandMax":null,"Value":1809},{"Length":60,"Height":134,"Demand":1,"DemandMax":null,"Value":8040},{"Length":45,"Height":109,"Demand":1,"DemandMax":null,"Value":4905},{"Length":37,"Height":88,"Demand":1,"DemandMax":null,"Value":3256},{"Length":74,"Height":116,"Demand":1,"DemandMax":null,"Value":8584},{"Length":37,"Height":53,"Demand":1,"DemandMax":null,"Value":1961},{"Length":181,"Height":66,"Demand":1,"DemandMax":null,"Value":11946},{"Length":49,"Height":63,"Demand":1,"DemandMax":null,"Value":3087},{"Length":81,"Height":83,"Demand":1,"DemandMax":null,"Value":6723},{"Length":88,"Height":61,"Demand":1,"DemandMax":null,"Value":5368},{"Length":98,"Height":59,"Demand":1,"DemandMax":null,"Value":5782},{"Length":109,"Height":28,"Demand":2,"DemandMax":null,"Value":3052},{"Length":87,"Height":58,"Demand":1,"DemandMax":null,"Value":5046},{"Length":32,"Height":69,"Demand":1,"DemandMax":null,"Value":2208},{"Length":52,"Height":134,"Demand":1,"DemandMax":null,"Value":6968},{"Length":132,"Height":178,"Demand":1,"DemandMax":null,"Value":23496},{"Length":44,"Height":70,"Demand":1,"DemandMax":null,"Value":3080},{"Length":45,"Height":68,"Demand":1,"DemandMax":null,"Value":3060},{"Length":35,"Height":126,"Demand":1,"DemandMax":null,"Value":4410},{"Length":69,"Height":134,"Demand":1,"DemandMax":null,"Value":9246},{"Length":98,"Height":75,"Demand":1,"DemandMax":null,"Value":7350},{"Length":61,"Height":63,"Demand":1,"DemandMax":null,"Value":3843},{"Length":56,"Height":48,"Demand":1,"DemandMax":null,"Value":2688},{"Length":52,"Height":36,"Demand":1,"DemandMax":null,"Value":1872},{"Length":47,"Height":83,"Demand":1,"DemandMax":null,"Value":3901},{"Length":45,"Height":59,"Demand":1,"DemandMax":null,"Value":2655},{"Length":44,"Height":75,"Demand":1,"DemandMax":null,"Value":3300},{"Length":52,"Height":43,"Demand":1,"DemandMax":null,"Value":2236},{"Length":71,"Height":129,"Demand":1,"DemandMax":null,"Value":9159},{"Length":76,"Height":48,"Demand":1,"DemandMax":null,"Value":3648},{"Length":33,"Height":58,"Demand":1,"DemandMax":null,"Value":1914},{"Length":92,"Height":28,"Demand":1,"DemandMax":null,"Value":2576},{"Length":61,"Height":71,"Demand":1,"DemandMax":null,"Value":4331},{"Length":39,"Height":69,"Demand":1,"DemandMax":null,"Value":2691},{"Length":85,"Height":35,"Demand":1,"DemandMax":null,"Value":2975},{"Length":27,"Height":83,"Demand":1,"DemandMax":null,"Value":2241},{"Length":66,"Height":48,"Demand":1,"DemandMax":null,"Value":3168},{"Length":67,"Height":67,"Demand":1,"DemandMax":null,"Value":4489},{"Length":30,"Height":62,"Demand":1,"DemandMax":null,"Value":1860},{"Length":70,"Height":46,"Demand":1,"DemandMax":null,"Value":3220},{"Length":106,"Height":36,"Demand":1,"DemandMax":null,"Value":3816},{"Length":70,"Height":37,"Demand":2,"DemandMax":null,"Value":2590},{"Length":38,"Height":88,"Demand":1,"DemandMax":null,"Value":3344},{"Length":80,"Height":63,"Demand":1,"DemandMax":null,"Value":5040},{"Length":47,"Height":81,"Demand":1,"DemandMax":null,"Value":3807},{"Length":59,"Height":93,"Demand":1,"DemandMax":null,"Value":5487},{"Length":35,"Height":58,"Demand":1,"DemandMax":null,"Value":2030},{"Length":68,"Height":86,"Demand":1,"DemandMax":null,"Value":5848},{"Length":37,"Height":81,"Demand":1,"DemandMax":null,"Value":2997},{"Length":63,"Height":69,"Demand":1,"DemandMax":null,"Value":4347},{"Length":36,"Height":126,"Demand":1,"DemandMax":null,"Value":4536},{"Length":61,"Height":115,"Demand":1,"DemandMax":null,"Value":7015},{"Length":47,"Height":58,"Demand":1,"DemandMax":null,"Value":2726},{"Length":49,"Height":43,"Demand":1,"DemandMax":null,"Value":2107},{"Length":32,"Height":83,"Demand":1,"DemandMax":null,"Value":2656},{"Length":48,"Height":57,"Demand":1,"DemandMax":null,"Value":2736},{"Length":71,"Height":94,"Demand":1,"DemandMax":null,"Value":6674},{"Length":49,"Height":54,"Demand":1,"DemandMax":null,"Value":2646},{"Length":44,"Height":67,"Demand":1,"DemandMax":null,"Value":2948},{"Length":81,"Height":74,"Demand":1,"DemandMax":null,"Value":5994},{"Length":71,"Height":53,"Demand":1,"DemandMax":null,"Value":3763},{"Length":43,"Height":98,"Demand":1,"DemandMax":null,"Value":4214},{"Length":47,"Height":68,"Demand":1,"DemandMax":null,"Value":3196},{"Length":79,"Height":64,"Demand":1,"DemandMax":null,"Value":5056},{"Length":61,"Height":62,"Demand":1,"DemandMax":null,"Value":3782},{"Length":40,"Height":68,"Demand":1,"DemandMax":null,"Value":2720},{"Length":98,"Height":27,"Demand":1,"DemandMax":null,"Value":2646},{"Length":48,"Height":58,"Demand":1,"DemandMax":null,"Value":2784}]}