{"Name":"Nice50i4b1","Objects":[{"Length":393,"Height":1000,"Stock":5,"Cost":393000},{"Length":607,"Height":394,"Stock":5,"Cost":239158},{"Length":607,"Height":302,"Stock":4,"Cost":183314},{"Length":607,"Height":304,"Stock":5,"Cost":184528}],"Items":[{"Length":85,"Height":220,"Demand":1,"DemandMax":null,"Value":18700},{"Length":157,"Height":183,"Demand":1,"DemandMax":null,"Value":28731},{"Length":98,"Height":302,"Demand":1,"DemandMax":null,"Value":29596},{"Length":193,"Height":146,"Demand":1,"DemandMax":null,"Value":28178},{"Length":150,"Height":101,"Demand":1,"DemandMax":null,"Value":15150},{"Length":141,"Height":258,"Demand":1,"DemandMax":null,"Value":36378},{"Length":102,"Height":190,"Demand":1,"DemandMax":null,"Value":19380},{"Length":185,"Height":151,"Demand":1,"DemandMax":null,"Value":27935},{"Length":186,"Height":52,"Demand":1,"DemandMax":null,"Value":9672},{"Length":175,"Height":153,"Demand":1,"DemandMax":null,"Value":26775},{"Length":252,"Height":76,"Demand":2,"DemandMax":null,"Value":19152},{"Length":218,"Height":102,"Demand":1,"DemandMax":null,"Value":22236},{"Length":240,"Height":61,"Demand":1,"DemandMax":null,"Value":14640},{"Length":120,"Height":154,"Demand":2,"DemandMax":null,"Value":18480},{"Length":70,"Height":278,"Demand":1,"DemandMax":null,"Value":19460},{"Length":136,"Height":137,"Demand":1,"DemandMax":null,"Value":18632},{"Length":57,"Height":211,"Demand":1,"DemandMax":null,"Value":12027},{"Length":150,"Height":38,"Demand":1,"DemandMax":null,"Value":5700},{"Length":71,"Height":278,"Demand":1,"DemandMax":null,"Value":19738},{"Length":52,"Height":140,"Demand":1,"DemandMax":null,"Value":7280},{"Length":93,"Height":158,"Demand":1,"DemandMax":null,"Value":14694},{"Length":190,"Height":73,"Demand":1,"DemandMax":null,"Value":13870},{"Length":90,"Height":220,"Demand":1,"DemandMax":null,"Value":19800},{"Length":218,"Height":118,"Demand":1,"DemandMax":null,"Value":25724},{"Length":207,"Height":107,"Demand":1,"DemandMax":null,"Value":22149},{"Length":252,"Height":85,"Demand":1,"DemandMax":null,"Value":21420},{"Length":197,"Height":211,"Demand":1,"DemandMax":null,"Value":41567},{"Length":252,"Height":109,"Demand":1,"DemandMax":null,"Value":27468},{"Length":150,"Height":99,"Demand":1,"DemandMax":null,"Value":14850},{"Length":257,"Height":137,"Demand":1,"DemandMax":null,"Value":35209},{"Length":150,"Height":102,"Demand":1,"DemandMax":null,"Value":15300},{"Length":229,"Height":67,"Demand":1,"DemandMax":null,"Value":15343},{"Length":100,"Height":158,"Demand":1,"DemandMax":null,"Value":15800},{"Length":229,"Height":84,"Demand":1,"DemandMax":null,"Value":19236},{"Length":119,"Height":162,"Demand":1,"DemandMax":null,"Value":19278},{"Length":239,"Height":153,"Demand":1,"DemandMax":null,"Value":36567},{"Length":240,"Height":87,"Demand":1,"DemandMax":null,"Value":20880},{"Length":118,"Height":211,"Demand":1,"DemandMax":null,"Value":24898},{"Length":170,"Height":93,"Demand":1,"DemandMax":null,"Value":15810},{"Length":170,"Height":118,"Demand":1,"DemandMax":null,"Value":20060},{"Length":150,"Height":110,"Demand":1,"DemandMax":null,"Value":16500},{"Length":65,"Height":211,"Demand":1,"DemandMax":null,"Value":13715},{"Length":260,"Height":88,"Demand":1,"DemandMax":null,"Value":22880},{"Length":190,"Height":110,"Demand":1,"DemandMax":null,"Value":20900},{"Length":150,"Height":42,"Demand":1,"DemandMax":null,"Value":6300},{"Length":67,"Height":140,"Demand":1,"DemandMax":null,"Value":9380},{"Length":260,"Height":95,"Demand":1,"DemandMax":null,"Value":24700},{"Length":186,"Height":55,"Demand":1,"DemandMax":null,"Value":10230}]}