{"Name":"Path500i2b2","Objects":[{"Length":499,"Height":1000,"Stock":6,"Cost":499000},{"Length":501,"Height":1000,"Stock":6,"Cost":501000}],"Items":[{"Length":499,"Height":43,"Demand":1,"DemandMax":null,"Value":21457},{"Length":162,"Height":110,"Demand":1,"DemandMax":null,"Value":17820},{"Length":8,"Height":67,"Demand":1,"DemandMax":null,"Value":536},{"Length":21,"Height":11,"Demand":1,"DemandMax":null,"Value":231},{"Length":25,"Height":11,"Demand":1,"DemandMax":null,"Value":275},{"Length":1,"Height":1,"Demand":37,"DemandMax":null,"Value":1},{"Length":275,"Height":9,"Demand":1,"DemandMax":null,"Value":2475},{"Length":67,"Height":12,"Demand":1,"DemandMax":null,"Value":804},{"Length":58,"Height":18,"Demand":1,"DemandMax":null,"Value":1044},{"Length":88,"Height":152,"Demand":1,"DemandMax":null,"Value":13376},{"Length":164,"Height":35,"Demand":1,"DemandMax":null,"Value":5740},{"Length":37,"Height":39,"Demand":1,"DemandMax":null,"Value":1443},{"Length":54,"Height":23,"Demand":1,"DemandMax":null,"Value":1242},{"Length":4,"Height":26,"Demand":1,"DemandMax":null,"Value":104},{"Length":15,"Height":9,"Demand":1,"DemandMax":null,"Value":135},{"Length":95,"Height":15,"Demand":1,"DemandMax":null,"Value":1425},{"Length":5,"Height":43,"Demand":1,"DemandMax":null,"Value":215},{"Length":6,"Height":1,"Demand":3,"DemandMax":null,"Value":6},{"Length":209,"Height":10,"Demand":1,"DemandMax":null,"Value":2090},{"Length":18,"Height":1,"Demand":4,"DemandMax":null,"Value":18},{"Length":499,"Height":175,"Demand":1,"DemandMax":null,"Value":87325},{"Length":18,"Height":93,"Demand":1,"DemandMax":null,"Value":1674},{"Length":23,"Height":51,"Demand":1,"DemandMax":null,"Value":1173},{"Length":269,"Height":50,"Demand":1,"DemandMax":null,"Value":13450},{"Length":435,"Height":316,"Demand":1,"DemandMax":null,"Value":137460},{"Length":108,"Height":94,"Demand":1,"DemandMax":null,"Value":10152},{"Length":202,"Height":10,"Demand":2,"DemandMax":null,"Value":2020},{"Length":217,"Height":23,"Demand":1,"DemandMax":null,"Value":4991},{"Length":120,"Height":1,"Demand":1,"DemandMax":null,"Value":120},{"Length":1,"Height":372,"Demand":1,"DemandMax":null,"Value":372},{"Length":2,"Height":99,"Demand":1,"DemandMax":null,"Value":198},{"Length":84,"Height":8,"Demand":1,"DemandMax":null,"Value":672},{"Length":7,"Height":6,"Demand":1,"DemandMax":null,"Value":42},{"Length":391,"Height":40,"Demand":1,"DemandMax":null,"Value":15640},{"Length":22,"Height":24,"Demand":1,"DemandMax":null,"Value":528},{"Length":5,"Height":5,"Demand":1,"DemandMax":null,"Value":25},{"Length":2,"Height":2,"Demand":2,"DemandMax":null,"Value":4},{"Length":8,"Height":31,"Demand":1,"DemandMax":null,"Value":248},{"Length":90,"Height":2,"Demand":1,"DemandMax":null,"Value":180},{"Length":52,"Height":1,"Demand":2,"DemandMax":null,"Value":52},{"Length":6,"Height":346,"Demand":1,"DemandMax":null,"Value":2076},{"Length":150,"Height":51,"Demand":1,"DemandMax":null,"Value":7650},{"Length":7,"Height":14,"Demand":1,"DemandMax":null,"Value":98},{"Length":137,"Height":33,"Demand":1,"DemandMax":null,"Value":4521},{"Length":73,"Height":11,"Demand":1,"DemandMax":null,"Value":803},{"Length":37,"Height":2,"Demand":1,"DemandMax":null,"Value":74},{"Length":17,"Height":10,"Demand":1,"DemandMax":null,"Value":170},{"Length":122,"Height":117,"Demand":1,"DemandMax":null,"Value":14274},{"Length":3,"Height":1,"Demand":3,"DemandMax":null,"Value":3},{"Length":4,"Height":14,"Demand":1,"DemandMax":null,"Value":56},{"Length":4,"Height":31,"Demand":1,"DemandMax":null,"Value":124},{"Length":245,"Height":3,"Demand":1,"DemandMax":null,"Value":735},{"Length":17,"Height":1,"Demand":4,"DemandMax":null,"Value":17},{"Length":58,"Height":138,"Demand":1,"DemandMax":null,"Value":8004},{"Length":18,"Height":2,"Demand":2,"DemandMax":null,"Value":36},{"Length":18,"Height":44,"Demand":1,"DemandMax":null,"Value":792},{"Length":1,"Height":8,"Demand":2,"DemandMax":null,"Value":8},{"Length":30,"Height":19,"Demand":1,"DemandMax":null,"Value":570},{"Length":233,"Height":187,"Demand":1,"DemandMax":null,"Value":43571},{"Length":22,"Height":54,"Demand":1,"DemandMax":null,"Value":1188},{"Length":1,"Height":5,"Demand":6,"DemandMax":null,"Value":5},{"Length":435,"Height":3,"Demand":1,"DemandMax":null,"Value":1305},{"Length":3,"Height":5,"Demand":2,"DemandMax":null,"Value":15},{"Length":116,"Height":372,"Demand":1,"DemandMax":null,"Value":43152},{"Length":54,"Height":1,"Demand":1,"DemandMax":null,"Value":54},{"Length":19,"Height":14,"Demand":1,"DemandMax":null,"Value":266},{"Length":1,"Height":32,"Demand":1,"DemandMax":null,"Value":32},{"Length":34,"Height":1,"Demand":2,"DemandMax":null,"Value":34},{"Length":122,"Height":6,"Demand":1,"DemandMax":null,"Value":732},{"Length":124,"Height":24,"Demand":1,"DemandMax":null,"Value":2976},{"Length":4,"Height":4,"Demand":3,"DemandMax":null,"Value":16},{"Length":24,"Height":2,"Demand":2,"DemandMax":null,"Value":48},{"Length":1,"Height":7,"Demand":3,"DemandMax":null,"Value":7},{"Length":35,"Height":24,"Demand":1,"DemandMax":null,"Value":840},{"Length":15,"Height":34,"Demand":1,"DemandMax":null,"Value":510},{"Length":4,"Height":20,"Demand":1,"DemandMax":null,"Value":80},{"Length":66,"Height":29,"Demand":1,"DemandMax":null,"Value":1914},{"Length":11,"Height":1,"Demand":6,"DemandMax":null,"Value":11},{"Length":19,"Height":3,"Demand":2,"DemandMax":null,"Value":57},{"Length":78,"Height":64,"Demand":1,"DemandMax":null,"Value":4992},{"Length":1,"Height":17,"Demand":2,"DemandMax":null,"Value":17},{"Length":33,"Height":1,"Demand":1,"DemandMax":null,"Value":33},{"Length":2,"Height":1,"Demand":13,"DemandMax":null,"Value":2},{"Length":1,"Height":90,"Demand":1,"DemandMax":null,"Value":90},{"Length":14,"Height":1,"Demand":3,"DemandMax":null,"Value":14},{"Length":5,"Height":1,"Demand":5,"DemandMax":null,"Value":5},{"Length":1,"Height":4,"Demand":8,"DemandMax":null,"Value":4},{"Length":1,"Height":15,"Demand":1,"DemandMax":null,"Value":15},{"Length":3,"Height":3,"Demand":3,"DemandMax":null,"Value":9},{"Length":60,"Height":33,"Demand":1,"DemandMax":null,"Value":1980},{"Length":302,"Height":94,"Demand":1,"DemandMax":null,"Value":28388},{"Length":4,"Height":11,"Demand":1,"DemandMax":null,"Value":44},{"Length":23,"Height":61,"Demand":1,"DemandMax":null,"Value":1403},{"Length":7,"Height":4,"Demand":1,"DemandMax":null,"Value":28},{"Length":1,"Height":2,"Demand":7,"DemandMax":null,"Value":2},{"Length":78,"Height":1,"Demand":1,"DemandMax":null,"Value":78},{"Length":19,"Height":1,"Demand":2,"DemandMax":null,"Value":19},{"Length":19,"Height":26,"Demand":1,"DemandMax":null,"Value":494},{"Length":21,"Height":1,"Demand":3,"DemandMax":null,"Value":21},{"Length":1,"Height":125,"Demand":1,"DemandMax":null,"Value":125},{"Length":126,"Height":1,"Demand":1,"DemandMax":null,"Value":126},{"Length":263,"Height":212,"Demand":1,"DemandMax":null,"Value":55756},{"Length":89,"Height":5,"Demand":1,"DemandMax":null,"Value":445},{"Length":20,"Height":34,"Demand":1,"DemandMax":null,"Value":680},{"Length":33,"Height":16,"Demand":1,"DemandMax":null,"Value":528},{"Length":7,"Height":1,"Demand":2,"DemandMax":null,"Value":7},{"Length":79,"Height":18,"Demand":1,"DemandMax":null,"Value":1422},{"Length":2,"Height":11,"Demand":1,"DemandMax":null,"Value":22},{"Length":4,"Height":409,"Demand":1,"DemandMax":null,"Value":1636},{"Length":197,"Height":42,"Demand":1,"DemandMax":null,"Value":8274},{"Length":14,"Height":48,"Demand":1,"DemandMax":null,"Value":672},{"Length":2,"Height":86,"Demand":2,"DemandMax":null,"Value":172},{"Length":273,"Height":215,"Demand":1,"DemandMax":null,"Value":58695},{"Length":2,"Height":3,"Demand":3,"DemandMax":null,"Value":6},{"Length":1,"Height":6,"Demand":5,"DemandMax":null,"Value":6},{"Length":32,"Height":35,"Demand":1,"DemandMax":null,"Value":1120},{"Length":5,"Height":28,"Demand":1,"DemandMax":null,"Value":140},{"Length":92,"Height":67,"Demand":1,"DemandMax":null,"Value":6164},{"Length":55,"Height":1,"Demand":1,"DemandMax":null,"Value":55},{"Length":1,"Height":211,"Demand":1,"DemandMax":null,"Value":211},{"Length":6,"Height":39,"Demand":1,"DemandMax":null,"Value":234},{"Length":99,"Height":28,"Demand":1,"DemandMax":null,"Value":2772},{"Length":409,"Height":25,"Demand":1,"DemandMax":null,"Value":10225},{"Length":1,"Height":14,"Demand":1,"DemandMax":null,"Value":14},{"Length":1,"Height":93,"Demand":1,"DemandMax":null,"Value":93},{"Length":5,"Height":7,"Demand":2,"DemandMax":null,"Value":35},{"Length":1,"Height":10,"Demand":3,"DemandMax":null,"Value":10},{"Length":166,"Height":1,"Demand":2,"DemandMax":null,"Value":166},{"Length":118,"Height":21,"Demand":1,"DemandMax":null,"Value":2478},{"Length":499,"Height":6,"Demand":1,"DemandMax":null,"Value":2994},{"Length":1,"Height":48,"Demand":1,"DemandMax":null,"Value":48},{"Length":69,"Height":2,"Demand":1,"DemandMax":null,"Value":138},{"Length":109,"Height":152,"Demand":1,"DemandMax":null,"Value":16568},{"Length":379,"Height":1,"Demand":1,"DemandMax":null,"Value":379},{"Length":1,"Height":35,"Demand":1,"DemandMax":null,"Value":35},{"Length":64,"Height":1,"Demand":1,"DemandMax":null,"Value":64},{"Length":10,"Height":3,"Demand":1,"DemandMax":null,"Value":30},{"Length":13,"Height":1,"Demand":2,"DemandMax":null,"Value":13},{"Length":5,"Height":21,"Demand":1,"DemandMax":null,"Value":105},{"Length":167,"Height":9,"Demand":1,"DemandMax":null,"Value":1503},{"Length":7,"Height":5,"Demand":1,"DemandMax":null,"Value":35},{"Length":7,"Height":15,"Demand":2,"DemandMax":null,"Value":105},{"Length":5,"Height":9,"Demand":1,"DemandMax":null,"Value":45},{"Length":4,"Height":41,"Demand":1,"DemandMax":null,"Value":164},{"Length":1,"Height":68,"Demand":1,"DemandMax":null,"Value":68},{"Length":2,"Height":29,"Demand":1,"DemandMax":null,"Value":58},{"Length":26,"Height":50,"Demand":1,"DemandMax":null,"Value":1300},{"Length":66,"Height":1,"Demand":1,"DemandMax":null,"Value":66},{"Length":16,"Height":8,"Demand":1,"DemandMax":null,"Value":128},{"Length":3,"Height":99,"Demand":1,"DemandMax":null,"Value":297},{"Length":4,"Height":12,"Demand":1,"DemandMax":null,"Value":48},{"Length":6,"Height":7,"Demand":1,"DemandMax":null,"Value":42},{"Length":1,"Height":110,"Demand":1,"DemandMax":null,"Value":110},{"Length":17,"Height":2,"Demand":1,"DemandMax":null,"Value":34},{"Length":29,"Height":17,"Demand":1,"DemandMax":null,"Value":493},{"Length":22,"Height":3,"Demand":2,"DemandMax":null,"Value":66},{"Length":20,"Height":1,"Demand":2,"DemandMax":null,"Value":20},{"Length":3,"Height":64,"Demand":1,"DemandMax":null,"Value":192},{"Length":11,"Height":138,"Demand":1,"DemandMax":null,"Value":1518},{"Length":3,"Height":9,"Demand":2,"DemandMax":null,"Value":27},{"Length":1,"Height":197,"Demand":1,"DemandMax":null,"Value":197},{"Length":6,"Height":45,"Demand":1,"DemandMax":null,"Value":270},{"Length":16,"Height":316,"Demand":1,"DemandMax":null,"Value":5056},{"Length":224,"Height":8,"Demand":1,"DemandMax":null,"Value":1792},{"Length":197,"Height":32,"Demand":1,"DemandMax":null,"Value":6304},{"Length":68,"Height":1,"Demand":1,"DemandMax":null,"Value":68},{"Length":3,"Height":22,"Demand":1,"DemandMax":null,"Value":66},{"Length":62,"Height":27,"Demand":1,"DemandMax":null,"Value":1674},{"Length":6,"Height":9,"Demand":2,"DemandMax":null,"Value":54},{"Length":11,"Height":6,"Demand":2,"DemandMax":null,"Value":66},{"Length":9,"Height":3,"Demand":1,"DemandMax":null,"Value":27},{"Length":53,"Height":41,"Demand":1,"DemandMax":null,"Value":2173},{"Length":3,"Height":6,"Demand":1,"DemandMax":null,"Value":18},{"Length":39,"Height":1,"Demand":1,"DemandMax":null,"Value":39},{"Length":120,"Height":11,"Demand":1,"DemandMax":null,"Value":1320},{"Length":27,"Height":9,"Demand":1,"DemandMax":null,"Value":243},{"Length":7,"Height":16,"Demand":1,"DemandMax":null,"Value":112},{"Length":196,"Height":4,"Demand":1,"DemandMax":null,"Value":784},{"Length":4,"Height":1,"Demand":6,"DemandMax":null,"Value":4},{"Length":69,"Height":12,"Demand":1,"DemandMax":null,"Value":828},{"Length":1,"Height":186,"Demand":1,"DemandMax":null,"Value":186},{"Length":27,"Height":1,"Demand":1,"DemandMax":null,"Value":27},{"Length":13,"Height":21,"Demand":1,"DemandMax":null,"Value":273},{"Length":11,"Height":31,"Demand":1,"DemandMax":null,"Value":341},{"Length":5,"Height":30,"Demand":2,"DemandMax":null,"Value":150},{"Length":95,"Height":9,"Demand":1,"DemandMax":null,"Value":855},{"Length":62,"Height":1,"Demand":1,"DemandMax":null,"Value":62},{"Length":123,"Height":24,"Demand":1,"DemandMax":null,"Value":2952},{"Length":106,"Height":179,"Demand":1,"DemandMax":null,"Value":18974},{"Length":269,"Height":10,"Demand":1,"DemandMax":null,"Value":2690},{"Length":138,"Height":16,"Demand":1,"DemandMax":null,"Value":2208},{"Length":13,"Height":2,"Demand":1,"DemandMax":null,"Value":26},{"Length":4,"Height":15,"Demand":1,"DemandMax":null,"Value":60},{"Length":6,"Height":48,"Demand":1,"DemandMax":null,"Value":288},{"Length":209,"Height":11,"Demand":1,"DemandMax":null,"Value":2299},{"Length":62,"Height":11,"Demand":1,"DemandMax":null,"Value":682},{"Length":156,"Height":24,"Demand":1,"DemandMax":null,"Value":3744},{"Length":1,"Height":22,"Demand":2,"DemandMax":null,"Value":22},{"Length":60,"Height":4,"Demand":1,"DemandMax":null,"Value":240},{"Length":22,"Height":1,"Demand":1,"DemandMax":null,"Value":22},{"Length":2,"Height":4,"Demand":2,"DemandMax":null,"Value":8},{"Length":200,"Height":24,"Demand":1,"DemandMax":null,"Value":4800},{"Length":63,"Height":50,"Demand":1,"DemandMax":null,"Value":3150},{"Length":302,"Height":95,"Demand":1,"DemandMax":null,"Value":28690},{"Length":90,"Height":13,"Demand":1,"DemandMax":null,"Value":1170},{"Length":1,"Height":69,"Demand":1,"DemandMax":null,"Value":69},{"Length":65,"Height":40,"Demand":1,"DemandMax":null,"Value":2600},{"Length":19,"Height":2,"Demand":1,"DemandMax":null,"Value":38},{"Length":5,"Height":2,"Demand":1,"DemandMax":null,"Value":10},{"Length":11,"Height":36,"Demand":1,"DemandMax":null,"Value":396},{"Length":3,"Height":65,"Demand":1,"DemandMax":null,"Value":195},{"Length":2,"Height":26,"Demand":1,"DemandMax":null,"Value":52},{"Length":11,"Height":4,"Demand":1,"DemandMax":null,"Value":44},{"Length":40,"Height":72,"Demand":1,"DemandMax":null,"Value":2880},{"Length":89,"Height":11,"Demand":1,"DemandMax":null,"Value":979},{"Length":4,"Height":18,"Demand":1,"DemandMax":null,"Value":72},{"Length":52,"Height":24,"Demand":1,"DemandMax":null,"Value":1248},{"Length":2,"Height":64,"Demand":2,"DemandMax":null,"Value":128},{"Length":5,"Height":23,"Demand":2,"DemandMax":null,"Value":115},{"Length":1,"Height":41,"Demand":2,"DemandMax":null,"Value":41},{"Length":78,"Height":5,"Demand":2,"DemandMax":null,"Value":390},{"Length":29,"Height":4,"Demand":1,"DemandMax":null,"Value":116},{"Length":8,"Height":35,"Demand":1,"DemandMax":null,"Value":280},{"Length":30,"Height":1,"Demand":2,"DemandMax":null,"Value":30},{"Length":6,"Height":23,"Demand":1,"DemandMax":null,"Value":138},{"Length":29,"Height":51,"Demand":1,"DemandMax":null,"Value":1479},{"Length":3,"Height":86,"Demand":1,"DemandMax":null,"Value":258},{"Length":1,"Height":126,"Demand":1,"DemandMax":null,"Value":126},{"Length":3,"Height":37,"Demand":1,"DemandMax":null,"Value":111},{"Length":19,"Height":38,"Demand":1,"DemandMax":null,"Value":722},{"Length":52,"Height":21,"Demand":1,"DemandMax":null,"Value":1092},{"Length":10,"Height":26,"Demand":1,"DemandMax":null,"Value":260},{"Length":30,"Height":58,"Demand":1,"DemandMax":null,"Value":1740},{"Length":3,"Height":7,"Demand":1,"DemandMax":null,"Value":21},{"Length":112,"Height":8,"Demand":1,"DemandMax":null,"Value":896},{"Length":1,"Height":9,"Demand":2,"DemandMax":null,"Value":9},{"Length":11,"Height":15,"Demand":1,"DemandMax":null,"Value":165},{"Length":1,"Height":3,"Demand":3,"DemandMax":null,"Value":3},{"Length":2,"Height":42,"Demand":1,"DemandMax":null,"Value":84},{"Length":1,"Height":12,"Demand":1,"DemandMax":null,"Value":12},{"Length":31,"Height":10,"Demand":1,"DemandMax":null,"Value":310},{"Length":19,"Height":6,"Demand":1,"DemandMax":null,"Value":114},{"Length":87,"Height":2,"Demand":1,"DemandMax":null,"Value":174},{"Length":3,"Height":10,"Demand":1,"DemandMax":null,"Value":30},{"Length":435,"Height":4,"Demand":1,"DemandMax":null,"Value":1740},{"Length":117,"Height":14,"Demand":1,"DemandMax":null,"Value":1638},{"Length":157,"Height":24,"Demand":1,"DemandMax":null,"Value":3768},{"Length":160,"Height":8,"Demand":1,"DemandMax":null,"Value":1280},{"Length":11,"Height":2,"Demand":1,"DemandMax":null,"Value":22},{"Length":12,"Height":1,"Demand":2,"DemandMax":null,"Value":12},{"Length":63,"Height":67,"Demand":1,"DemandMax":null,"Value":4221},{"Length":76,"Height":50,"Demand":1,"DemandMax":null,"Value":3800},{"Length":10,"Height":254,"Demand":1,"DemandMax":null,"Value":2540},{"Length":351,"Height":1,"Demand":1,"DemandMax":null,"Value":351},{"Length":195,"Height":4,"Demand":1,"DemandMax":null,"Value":780},{"Length":15,"Height":41,"Demand":1,"DemandMax":null,"Value":615},{"Length":79,"Height":55,"Demand":1,"DemandMax":null,"Value":4345},{"Length":52,"Height":2,"Demand":1,"DemandMax":null,"Value":104},{"Length":60,"Height":1,"Demand":2,"DemandMax":null,"Value":60},{"Length":62,"Height":5,"Demand":1,"DemandMax":null,"Value":310},{"Length":7,"Height":9,"Demand":1,"DemandMax":null,"Value":63},{"Length":22,"Height":20,"Demand":1,"DemandMax":null,"Value":440},{"Length":233,"Height":14,"Demand":1,"DemandMax":null,"Value":3262},{"Length":160,"Height":11,"Demand":1,"DemandMax":null,"Value":1760},{"Length":79,"Height":2,"Demand":1,"DemandMax":null,"Value":158},{"Length":202,"Height":17,"Demand":1,"DemandMax":null,"Value":3434},{"Length":1,"Height":30,"Demand":2,"DemandMax":null,"Value":30},{"Length":37,"Height":28,"Demand":1,"DemandMax":null,"Value":1036},{"Length":7,"Height":32,"Demand":1,"DemandMax":null,"Value":224},{"Length":20,"Height":254,"Demand":1,"DemandMax":null,"Value":5080},{"Length":24,"Height":44,"Demand":1,"DemandMax":null,"Value":1056},{"Length":166,"Height":10,"Demand":1,"DemandMax":null,"Value":1660},{"Length":16,"Height":1,"Demand":1,"DemandMax":null,"Value":16},{"Length":302,"Height":34,"Demand":1,"DemandMax":null,"Value":10268},{"Length":24,"Height":48,"Demand":1,"DemandMax":null,"Value":1152},{"Length":19,"Height":42,"Demand":1,"DemandMax":null,"Value":798},{"Length":8,"Height":6,"Demand":1,"DemandMax":null,"Value":48},{"Length":6,"Height":3,"Demand":1,"DemandMax":null,"Value":18},{"Length":30,"Height":3,"Demand":1,"DemandMax":null,"Value":90},{"Length":282,"Height":23,"Demand":1,"DemandMax":null,"Value":6486},{"Length":32,"Height":2,"Demand":1,"DemandMax":null,"Value":64},{"Length":302,"Height":82,"Demand":1,"DemandMax":null,"Value":24764},{"Length":139,"Height":67,"Demand":1,"DemandMax":null,"Value":9313},{"Length":156,"Height":15,"Demand":1,"DemandMax":null,"Value":2340},{"Length":3,"Height":23,"Demand":1,"DemandMax":null,"Value":69},{"Length":46,"Height":15,"Demand":1,"DemandMax":null,"Value":690},{"Length":2,"Height":290,"Demand":1,"DemandMax":null,"Value":580},{"Length":8,"Height":55,"Demand":1,"DemandMax":null,"Value":440},{"Length":1,"Height":122,"Demand":1,"DemandMax":null,"Value":122},{"Length":233,"Height":4,"Demand":1,"DemandMax":null,"Value":932},{"Length":1,"Height":281,"Demand":1,"DemandMax":null,"Value":281},{"Length":23,"Height":8,"Demand":1,"DemandMax":null,"Value":184},{"Length":1,"Height":27,"Demand":1,"DemandMax":null,"Value":27},{"Length":35,"Height":33,"Demand":1,"DemandMax":null,"Value":1155},{"Length":55,"Height":37,"Demand":1,"DemandMax":null,"Value":2035},{"Length":25,"Height":26,"Demand":1,"DemandMax":null,"Value":650},{"Length":48,"Height":1,"Demand":1,"DemandMax":null,"Value":48},{"Length":4,"Height":5,"Demand":1,"DemandMax":null,"Value":20},{"Length":29,"Height":2,"Demand":1,"DemandMax":null,"Value":58},{"Length":8,"Height":1,"Demand":1,"DemandMax":null,"Value":8},{"Length":1,"Height":87,"Demand":1,"DemandMax":null,"Value":87},{"Length":51,"Height":1,"Demand":1,"DemandMax":null,"Value":51},{"Length":115,"Height":1,"Demand":1,"DemandMax":null,"Value":115},{"Length":22,"Height":52,"Demand":1,"DemandMax":null,"Value":1144},{"Length":38,"Height":24,"Demand":1,"DemandMax":null,"Value":912},{"Length":15,"Height":24,"Demand":1,"DemandMax":null,"Value":360},{"Length":4,"Height":2,"Demand":1,"DemandMax":null,"Value":8},{"Length":28,"Height":50,"Demand":1,"DemandMax":null,"Value":1400},{"Length":435,"Height":11,"Demand":1,"DemandMax":null,"Value":4785},{"Length":44,"Height":1,"Demand":1,"DemandMax":null,"Value":44},{"Length":4,"Height":3,"Demand":1,"DemandMax":null,"Value":12},{"Length":47,"Height":1,"Demand":1,"DemandMax":null,"Value":47},{"Length":14,"Height":50,"Demand":1,"DemandMax":null,"Value":700},{"Length":499,"Height":18,"Demand":1,"DemandMax":null,"Value":8982},{"Length":64,"Height":4,"Demand":1,"DemandMax":null,"Value":256},{"Length":10,"Height":1,"Demand":2,"DemandMax":null,"Value":10},{"Length":5,"Height":32,"Demand":1,"DemandMax":null,"Value":160},{"Length":5,"Height":14,"Demand":1,"DemandMax":null,"Value":70},{"Length":30,"Height":25,"Demand":1,"DemandMax":null,"Value":750},{"Length":12,"Height":3,"Demand":1,"DemandMax":null,"Value":36},{"Length":5,"Height":12,"Demand":1,"DemandMax":null,"Value":60},{"Length":1,"Height":65,"Demand":1,"DemandMax":null,"Value":65},{"Length":27,"Height":2,"Demand":1,"DemandMax":null,"Value":54},{"Length":2,"Height":247,"Demand":1,"DemandMax":null,"Value":494},{"Length":5,"Height":18,"Demand":1,"DemandMax":null,"Value":90},{"Length":1,"Height":86,"Demand":1,"DemandMax":null,"Value":86},{"Length":224,"Height":1,"Demand":1,"DemandMax":null,"Value":224},{"Length":5,"Height":4,"Demand":1,"DemandMax":null,"Value":20},{"Length":23,"Height":17,"Demand":1,"DemandMax":null,"Value":391},{"Length":202,"Height":33,"Demand":1,"DemandMax":null,"Value":6666},{"Length":117,"Height":36,"Demand":1,"DemandMax":null,"Value":4212},{"Length":160,"Height":4,"Demand":1,"DemandMax":null,"Value":640},{"Length":21,"Height":19,"Demand":1,"DemandMax":null,"Value":399},{"Length":138,"Height":4,"Demand":1,"DemandMax":null,"Value":552},{"Length":11,"Height":3,"Demand":1,"DemandMax":null,"Value":33},{"Length":2,"Height":80,"Demand":1,"DemandMax":null,"Value":160},{"Length":59,"Height":30,"Demand":1,"DemandMax":null,"Value":1770},{"Length":136,"Height":1,"Demand":1,"DemandMax":null,"Value":136},{"Length":20,"Height":45,"Demand":1,"DemandMax":null,"Value":900},{"Length":4,"Height":21,"Demand":1,"DemandMax":null,"Value":84},{"Length":27,"Height":34,"Demand":1,"DemandMax":null,"Value":918},{"Length":105,"Height":9,"Demand":1,"DemandMax":null,"Value":945},{"Length":47,"Height":21,"Demand":1,"DemandMax":null,"Value":987},{"Length":5,"Height":24,"Demand":1,"DemandMax":null,"Value":120},{"Length":106,"Height":36,"Demand":1,"DemandMax":null,"Value":3816},{"Length":5,"Height":3,"Demand":1,"DemandMax":null,"Value":15},{"Length":122,"Height":3,"Demand":1,"DemandMax":null,"Value":366},{"Length":72,"Height":372,"Demand":1,"DemandMax":null,"Value":26784},{"Length":160,"Height":1,"Demand":1,"DemandMax":null,"Value":160},{"Length":7,"Height":2,"Demand":1,"DemandMax":null,"Value":14},{"Length":375,"Height":2,"Demand":2,"DemandMax":null,"Value":750},{"Length":8,"Height":372,"Demand":1,"DemandMax":null,"Value":2976},{"Length":9,"Height":2,"Demand":1,"DemandMax":null,"Value":18},{"Length":18,"Height":41,"Demand":1,"DemandMax":null,"Value":738}]}