{"Name":"Path200i5b3","Objects":[{"Length":234,"Height":500,"Stock":1,"Cost":117000},{"Length":378,"Height":431,"Stock":6,"Cost":162918},{"Length":622,"Height":500,"Stock":3,"Cost":311000},{"Length":378,"Height":569,"Stock":6,"Cost":215082},{"Length":388,"Height":500,"Stock":3,"Cost":194000}],"Items":[{"Length":234,"Height":167,"Demand":1,"DemandMax":null,"Value":39078},{"Length":65,"Height":7,"Demand":1,"DemandMax":null,"Value":455},{"Length":194,"Height":58,"Demand":1,"DemandMax":null,"Value":11252},{"Length":149,"Height":74,"Demand":1,"DemandMax":null,"Value":11026},{"Length":185,"Height":134,"Demand":1,"DemandMax":null,"Value":24790},{"Length":106,"Height":30,"Demand":1,"DemandMax":null,"Value":3180},{"Length":75,"Height":3,"Demand":2,"DemandMax":null,"Value":225},{"Length":232,"Height":73,"Demand":1,"DemandMax":null,"Value":16936},{"Length":228,"Height":232,"Demand":1,"DemandMax":null,"Value":52896},{"Length":98,"Height":34,"Demand":1,"DemandMax":null,"Value":3332},{"Length":85,"Height":27,"Demand":1,"DemandMax":null,"Value":2295},{"Length":10,"Height":227,"Demand":1,"DemandMax":null,"Value":2270},{"Length":10,"Height":220,"Demand":1,"DemandMax":null,"Value":2200},{"Length":26,"Height":221,"Demand":1,"DemandMax":null,"Value":5746},{"Length":88,"Height":27,"Demand":1,"DemandMax":null,"Value":2376},{"Length":31,"Height":68,"Demand":1,"DemandMax":null,"Value":2108},{"Length":31,"Height":50,"Demand":1,"DemandMax":null,"Value":1550},{"Length":93,"Height":19,"Demand":1,"DemandMax":null,"Value":1767},{"Length":192,"Height":155,"Demand":1,"DemandMax":null,"Value":29760},{"Length":15,"Height":11,"Demand":2,"DemandMax":null,"Value":165},{"Length":74,"Height":120,"Demand":1,"DemandMax":null,"Value":8880},{"Length":114,"Height":221,"Demand":1,"DemandMax":null,"Value":25194},{"Length":61,"Height":134,"Demand":1,"DemandMax":null,"Value":8174},{"Length":3,"Height":137,"Demand":1,"DemandMax":null,"Value":411},{"Length":217,"Height":77,"Demand":1,"DemandMax":null,"Value":16709},{"Length":65,"Height":122,"Demand":1,"DemandMax":null,"Value":7930},{"Length":5,"Height":211,"Demand":1,"DemandMax":null,"Value":1055},{"Length":217,"Height":150,"Demand":1,"DemandMax":null,"Value":32550},{"Length":142,"Height":50,"Demand":1,"DemandMax":null,"Value":7100},{"Length":129,"Height":14,"Demand":1,"DemandMax":null,"Value":1806},{"Length":194,"Height":92,"Demand":1,"DemandMax":null,"Value":17848},{"Length":26,"Height":210,"Demand":1,"DemandMax":null,"Value":5460},{"Length":1,"Height":39,"Demand":1,"DemandMax":null,"Value":39},{"Length":197,"Height":116,"Demand":1,"DemandMax":null,"Value":22852},{"Length":3,"Height":107,"Demand":1,"DemandMax":null,"Value":321},{"Length":54,"Height":120,"Demand":1,"DemandMax":null,"Value":6480},{"Length":6,"Height":27,"Demand":1,"DemandMax":null,"Value":162},{"Length":62,"Height":35,"Demand":1,"DemandMax":null,"Value":2170},{"Length":45,"Height":91,"Demand":1,"DemandMax":null,"Value":4095},{"Length":1,"Height":4,"Demand":1,"DemandMax":null,"Value":4},{"Length":228,"Height":3,"Demand":1,"DemandMax":null,"Value":684},{"Length":18,"Height":210,"Demand":1,"DemandMax":null,"Value":3780},{"Length":21,"Height":27,"Demand":1,"DemandMax":null,"Value":567},{"Length":51,"Height":2,"Demand":1,"DemandMax":null,"Value":102},{"Length":228,"Height":6,"Demand":1,"DemandMax":null,"Value":1368},{"Length":1,"Height":29,"Demand":1,"DemandMax":null,"Value":29},{"Length":110,"Height":12,"Demand":1,"DemandMax":null,"Value":1320},{"Length":6,"Height":213,"Demand":1,"DemandMax":null,"Value":1278},{"Length":6,"Height":2,"Demand":1,"DemandMax":null,"Value":12},{"Length":185,"Height":89,"Demand":1,"DemandMax":null,"Value":16465},{"Length":144,"Height":120,"Demand":1,"DemandMax":null,"Value":17280},{"Length":50,"Height":79,"Demand":1,"DemandMax":null,"Value":3950},{"Length":3,"Height":221,"Demand":1,"DemandMax":null,"Value":663},{"Length":1,"Height":11,"Demand":3,"DemandMax":null,"Value":11},{"Length":157,"Height":39,"Demand":1,"DemandMax":null,"Value":6123},{"Length":7,"Height":98,"Demand":1,"DemandMax":null,"Value":686},{"Length":32,"Height":12,"Demand":1,"DemandMax":null,"Value":384},{"Length":63,"Height":76,"Demand":1,"DemandMax":null,"Value":4788},{"Length":163,"Height":21,"Demand":1,"DemandMax":null,"Value":3423},{"Length":57,"Height":48,"Demand":1,"DemandMax":null,"Value":2736},{"Length":70,"Height":223,"Demand":1,"DemandMax":null,"Value":15610},{"Length":76,"Height":14,"Demand":1,"DemandMax":null,"Value":1064},{"Length":106,"Height":18,"Demand":1,"DemandMax":null,"Value":1908},{"Length":4,"Height":65,"Demand":1,"DemandMax":null,"Value":260},{"Length":6,"Height":1,"Demand":1,"DemandMax":null,"Value":6},{"Length":74,"Height":63,"Demand":1,"DemandMax":null,"Value":4662},{"Length":68,"Height":101,"Demand":1,"DemandMax":null,"Value":6868},{"Length":1,"Height":76,"Demand":1,"DemandMax":null,"Value":76},{"Length":43,"Height":2,"Demand":1,"DemandMax":null,"Value":86},{"Length":15,"Height":101,"Demand":1,"DemandMax":null,"Value":1515},{"Length":43,"Height":6,"Demand":1,"DemandMax":null,"Value":258},{"Length":36,"Height":190,"Demand":1,"DemandMax":null,"Value":6840},{"Length":1,"Height":27,"Demand":3,"DemandMax":null,"Value":27},{"Length":1,"Height":33,"Demand":1,"DemandMax":null,"Value":33},{"Length":137,"Height":29,"Demand":1,"DemandMax":null,"Value":3973},{"Length":25,"Height":28,"Demand":1,"DemandMax":null,"Value":700},{"Length":2,"Height":27,"Demand":1,"DemandMax":null,"Value":54},{"Length":1,"Height":18,"Demand":1,"DemandMax":null,"Value":18},{"Length":150,"Height":201,"Demand":1,"DemandMax":null,"Value":30150},{"Length":228,"Height":213,"Demand":1,"DemandMax":null,"Value":48564},{"Length":1,"Height":145,"Demand":1,"DemandMax":null,"Value":145},{"Length":7,"Height":101,"Demand":1,"DemandMax":null,"Value":707},{"Length":196,"Height":179,"Demand":1,"DemandMax":null,"Value":35084},{"Length":22,"Height":149,"Demand":1,"DemandMax":null,"Value":3278},{"Length":40,"Height":76,"Demand":1,"DemandMax":null,"Value":3040},{"Length":184,"Height":78,"Demand":1,"DemandMax":null,"Value":14352},{"Length":3,"Height":4,"Demand":1,"DemandMax":null,"Value":12},{"Length":43,"Height":3,"Demand":1,"DemandMax":null,"Value":129},{"Length":155,"Height":202,"Demand":1,"DemandMax":null,"Value":31310},{"Length":145,"Height":91,"Demand":1,"DemandMax":null,"Value":13195},{"Length":1,"Height":5,"Demand":2,"DemandMax":null,"Value":5},{"Length":76,"Height":143,"Demand":1,"DemandMax":null,"Value":10868},{"Length":3,"Height":125,"Demand":1,"DemandMax":null,"Value":375},{"Length":25,"Height":79,"Demand":1,"DemandMax":null,"Value":1975},{"Length":176,"Height":14,"Demand":1,"DemandMax":null,"Value":2464},{"Length":2,"Height":77,"Demand":1,"DemandMax":null,"Value":154},{"Length":17,"Height":30,"Demand":1,"DemandMax":null,"Value":510},{"Length":1,"Height":16,"Demand":1,"DemandMax":null,"Value":16},{"Length":43,"Height":1,"Demand":1,"DemandMax":null,"Value":43},{"Length":4,"Height":139,"Demand":1,"DemandMax":null,"Value":556},{"Length":3,"Height":101,"Demand":1,"DemandMax":null,"Value":303},{"Length":76,"Height":36,"Demand":1,"DemandMax":null,"Value":2736},{"Length":78,"Height":34,"Demand":1,"DemandMax":null,"Value":2652},{"Length":76,"Height":6,"Demand":1,"DemandMax":null,"Value":456},{"Length":5,"Height":27,"Demand":1,"DemandMax":null,"Value":135},{"Length":8,"Height":211,"Demand":1,"DemandMax":null,"Value":1688},{"Length":3,"Height":74,"Demand":1,"DemandMax":null,"Value":222},{"Length":29,"Height":74,"Demand":1,"DemandMax":null,"Value":2146},{"Length":15,"Height":49,"Demand":1,"DemandMax":null,"Value":735},{"Length":77,"Height":174,"Demand":1,"DemandMax":null,"Value":13398},{"Length":196,"Height":73,"Demand":1,"DemandMax":null,"Value":14308},{"Length":5,"Height":125,"Demand":1,"DemandMax":null,"Value":625},{"Length":102,"Height":174,"Demand":1,"DemandMax":null,"Value":17748},{"Length":21,"Height":16,"Demand":1,"DemandMax":null,"Value":336},{"Length":31,"Height":41,"Demand":1,"DemandMax":null,"Value":1271},{"Length":228,"Height":4,"Demand":1,"DemandMax":null,"Value":912},{"Length":5,"Height":35,"Demand":1,"DemandMax":null,"Value":175},{"Length":17,"Height":144,"Demand":1,"DemandMax":null,"Value":2448},{"Length":76,"Height":3,"Demand":1,"DemandMax":null,"Value":228},{"Length":31,"Height":39,"Demand":1,"DemandMax":null,"Value":1209},{"Length":6,"Height":77,"Demand":1,"DemandMax":null,"Value":462},{"Length":228,"Height":14,"Demand":1,"DemandMax":null,"Value":3192},{"Length":2,"Height":65,"Demand":1,"DemandMax":null,"Value":130},{"Length":14,"Height":2,"Demand":1,"DemandMax":null,"Value":28},{"Length":74,"Height":147,"Demand":1,"DemandMax":null,"Value":10878},{"Length":1,"Height":1,"Demand":1,"DemandMax":null,"Value":1},{"Length":4,"Height":4,"Demand":1,"DemandMax":null,"Value":16},{"Length":22,"Height":61,"Demand":1,"DemandMax":null,"Value":1342},{"Length":194,"Height":3,"Demand":1,"DemandMax":null,"Value":582},{"Length":19,"Height":220,"Demand":1,"DemandMax":null,"Value":4180},{"Length":2,"Height":16,"Demand":1,"DemandMax":null,"Value":32},{"Length":7,"Height":22,"Demand":1,"DemandMax":null,"Value":154},{"Length":1,"Height":123,"Demand":1,"DemandMax":null,"Value":123},{"Length":7,"Height":33,"Demand":1,"DemandMax":null,"Value":231},{"Length":193,"Height":220,"Demand":1,"DemandMax":null,"Value":42460},{"Length":137,"Height":4,"Demand":1,"DemandMax":null,"Value":548},{"Length":7,"Height":31,"Demand":1,"DemandMax":null,"Value":217},{"Length":7,"Height":2,"Demand":1,"DemandMax":null,"Value":14},{"Length":129,"Height":62,"Demand":1,"DemandMax":null,"Value":7998},{"Length":3,"Height":3,"Demand":1,"DemandMax":null,"Value":9},{"Length":31,"Height":30,"Demand":1,"DemandMax":null,"Value":930},{"Length":118,"Height":14,"Demand":1,"DemandMax":null,"Value":1652},{"Length":110,"Height":1,"Demand":2,"DemandMax":null,"Value":110},{"Length":7,"Height":41,"Demand":1,"DemandMax":null,"Value":287},{"Length":1,"Height":7,"Demand":1,"DemandMax":null,"Value":7},{"Length":5,"Height":81,"Demand":1,"DemandMax":null,"Value":405},{"Length":6,"Height":4,"Demand":1,"DemandMax":null,"Value":24},{"Length":127,"Height":122,"Demand":1,"DemandMax":null,"Value":15494},{"Length":228,"Height":9,"Demand":1,"DemandMax":null,"Value":2052},{"Length":11,"Height":139,"Demand":1,"DemandMax":null,"Value":1529},{"Length":75,"Height":6,"Demand":1,"DemandMax":null,"Value":450},{"Length":12,"Height":220,"Demand":1,"DemandMax":null,"Value":2640},{"Length":1,"Height":165,"Demand":1,"DemandMax":null,"Value":165},{"Length":18,"Height":27,"Demand":1,"DemandMax":null,"Value":486},{"Length":3,"Height":1,"Demand":3,"DemandMax":null,"Value":3},{"Length":1,"Height":3,"Demand":3,"DemandMax":null,"Value":3},{"Length":7,"Height":7,"Demand":1,"DemandMax":null,"Value":49},{"Length":20,"Height":211,"Demand":1,"DemandMax":null,"Value":4220},{"Length":157,"Height":232,"Demand":1,"DemandMax":null,"Value":36424},{"Length":5,"Height":145,"Demand":1,"DemandMax":null,"Value":725},{"Length":232,"Height":217,"Demand":1,"DemandMax":null,"Value":50344},{"Length":5,"Height":1,"Demand":1,"DemandMax":null,"Value":5},{"Length":106,"Height":20,"Demand":1,"DemandMax":null,"Value":2120},{"Length":54,"Height":50,"Demand":1,"DemandMax":null,"Value":2700},{"Length":79,"Height":74,"Demand":1,"DemandMax":null,"Value":5846},{"Length":12,"Height":211,"Demand":1,"DemandMax":null,"Value":2532},{"Length":4,"Height":210,"Demand":1,"DemandMax":null,"Value":840},{"Length":1,"Height":57,"Demand":1,"DemandMax":null,"Value":57},{"Length":150,"Height":100,"Demand":1,"DemandMax":null,"Value":15000},{"Length":21,"Height":60,"Demand":1,"DemandMax":null,"Value":1260},{"Length":1,"Height":8,"Demand":1,"DemandMax":null,"Value":8},{"Length":184,"Height":1,"Demand":1,"DemandMax":null,"Value":184},{"Length":4,"Height":3,"Demand":1,"DemandMax":null,"Value":12},{"Length":2,"Height":2,"Demand":1,"DemandMax":null,"Value":4},{"Length":6,"Height":210,"Demand":1,"DemandMax":null,"Value":1260},{"Length":83,"Height":35,"Demand":1,"DemandMax":null,"Value":2905},{"Length":49,"Height":30,"Demand":1,"DemandMax":null,"Value":1470},{"Length":1,"Height":54,"Demand":1,"DemandMax":null,"Value":54},{"Length":10,"Height":30,"Demand":1,"DemandMax":null,"Value":300},{"Length":144,"Height":100,"Demand":1,"DemandMax":null,"Value":14400},{"Length":5,"Height":4,"Demand":1,"DemandMax":null,"Value":20},{"Length":36,"Height":21,"Demand":1,"DemandMax":null,"Value":756},{"Length":3,"Height":5,"Demand":1,"DemandMax":null,"Value":15},{"Length":9,"Height":2,"Demand":1,"DemandMax":null,"Value":18},{"Length":2,"Height":4,"Demand":1,"DemandMax":null,"Value":8},{"Length":3,"Height":10,"Demand":1,"DemandMax":null,"Value":30},{"Length":106,"Height":36,"Demand":1,"DemandMax":null,"Value":3816},{"Length":2,"Height":137,"Demand":1,"DemandMax":null,"Value":274}]}