{"Name":"Path500i3b4","Objects":[{"Length":1000,"Height":450,"Stock":3,"Cost":450000},{"Length":702,"Height":550,"Stock":6,"Cost":386100},{"Length":298,"Height":550,"Stock":3,"Cost":163900}],"Items":[{"Length":11,"Height":229,"Demand":1,"DemandMax":null,"Value":2519},{"Length":130,"Height":1,"Demand":2,"DemandMax":null,"Value":130},{"Length":32,"Height":23,"Demand":1,"DemandMax":null,"Value":736},{"Length":214,"Height":270,"Demand":1,"DemandMax":null,"Value":57780},{"Length":2,"Height":21,"Demand":1,"DemandMax":null,"Value":42},{"Length":3,"Height":267,"Demand":1,"DemandMax":null,"Value":801},{"Length":2,"Height":202,"Demand":1,"DemandMax":null,"Value":404},{"Length":92,"Height":19,"Demand":1,"DemandMax":null,"Value":1748},{"Length":1,"Height":3,"Demand":6,"DemandMax":null,"Value":3},{"Length":62,"Height":10,"Demand":1,"DemandMax":null,"Value":620},{"Length":199,"Height":26,"Demand":1,"DemandMax":null,"Value":5174},{"Length":145,"Height":56,"Demand":1,"DemandMax":null,"Value":8120},{"Length":30,"Height":1,"Demand":4,"DemandMax":null,"Value":30},{"Length":4,"Height":1,"Demand":2,"DemandMax":null,"Value":4},{"Length":214,"Height":1,"Demand":1,"DemandMax":null,"Value":214},{"Length":42,"Height":7,"Demand":1,"DemandMax":null,"Value":294},{"Length":173,"Height":1,"Demand":2,"DemandMax":null,"Value":173},{"Length":2,"Height":24,"Demand":1,"DemandMax":null,"Value":48},{"Length":162,"Height":28,"Demand":1,"DemandMax":null,"Value":4536},{"Length":4,"Height":75,"Demand":1,"DemandMax":null,"Value":300},{"Length":22,"Height":1,"Demand":1,"DemandMax":null,"Value":22},{"Length":154,"Height":228,"Demand":1,"DemandMax":null,"Value":35112},{"Length":6,"Height":14,"Demand":1,"DemandMax":null,"Value":84},{"Length":283,"Height":22,"Demand":1,"DemandMax":null,"Value":6226},{"Length":9,"Height":6,"Demand":1,"DemandMax":null,"Value":54},{"Length":295,"Height":3,"Demand":1,"DemandMax":null,"Value":885},{"Length":181,"Height":33,"Demand":1,"DemandMax":null,"Value":5973},{"Length":70,"Height":1,"Demand":2,"DemandMax":null,"Value":70},{"Length":1,"Height":21,"Demand":2,"DemandMax":null,"Value":21},{"Length":6,"Height":10,"Demand":2,"DemandMax":null,"Value":60},{"Length":253,"Height":204,"Demand":1,"DemandMax":null,"Value":51612},{"Length":5,"Height":13,"Demand":1,"DemandMax":null,"Value":65},{"Length":41,"Height":13,"Demand":1,"DemandMax":null,"Value":533},{"Length":13,"Height":1,"Demand":1,"DemandMax":null,"Value":13},{"Length":29,"Height":77,"Demand":1,"DemandMax":null,"Value":2233},{"Length":49,"Height":7,"Demand":2,"DemandMax":null,"Value":343},{"Length":1,"Height":67,"Demand":1,"DemandMax":null,"Value":67},{"Length":22,"Height":270,"Demand":1,"DemandMax":null,"Value":5940},{"Length":187,"Height":11,"Demand":1,"DemandMax":null,"Value":2057},{"Length":28,"Height":105,"Demand":1,"DemandMax":null,"Value":2940},{"Length":13,"Height":164,"Demand":1,"DemandMax":null,"Value":2132},{"Length":8,"Height":3,"Demand":1,"DemandMax":null,"Value":24},{"Length":1,"Height":1,"Demand":22,"DemandMax":null,"Value":1},{"Length":39,"Height":22,"Demand":1,"DemandMax":null,"Value":858},{"Length":188,"Height":13,"Demand":1,"DemandMax":null,"Value":2444},{"Length":14,"Height":110,"Demand":1,"DemandMax":null,"Value":1540},{"Length":107,"Height":51,"Demand":1,"DemandMax":null,"Value":5457},{"Length":39,"Height":1,"Demand":1,"DemandMax":null,"Value":39},{"Length":162,"Height":1,"Demand":1,"DemandMax":null,"Value":162},{"Length":266,"Height":5,"Demand":1,"DemandMax":null,"Value":1330},{"Length":41,"Height":89,"Demand":1,"DemandMax":null,"Value":3649},{"Length":9,"Height":30,"Demand":1,"DemandMax":null,"Value":270},{"Length":245,"Height":135,"Demand":1,"DemandMax":null,"Value":33075},{"Length":16,"Height":4,"Demand":1,"DemandMax":null,"Value":64},{"Length":137,"Height":119,"Demand":1,"DemandMax":null,"Value":16303},{"Length":1,"Height":14,"Demand":2,"DemandMax":null,"Value":14},{"Length":2,"Height":13,"Demand":4,"DemandMax":null,"Value":26},{"Length":233,"Height":10,"Demand":1,"DemandMax":null,"Value":2330},{"Length":25,"Height":1,"Demand":1,"DemandMax":null,"Value":25},{"Length":55,"Height":114,"Demand":1,"DemandMax":null,"Value":6270},{"Length":194,"Height":92,"Demand":1,"DemandMax":null,"Value":17848},{"Length":180,"Height":87,"Demand":1,"DemandMax":null,"Value":15660},{"Length":2,"Height":5,"Demand":2,"DemandMax":null,"Value":10},{"Length":233,"Height":4,"Demand":1,"DemandMax":null,"Value":932},{"Length":7,"Height":1,"Demand":4,"DemandMax":null,"Value":7},{"Length":8,"Height":11,"Demand":1,"DemandMax":null,"Value":88},{"Length":3,"Height":171,"Demand":1,"DemandMax":null,"Value":513},{"Length":9,"Height":14,"Demand":1,"DemandMax":null,"Value":126},{"Length":41,"Height":6,"Demand":1,"DemandMax":null,"Value":246},{"Length":120,"Height":229,"Demand":1,"DemandMax":null,"Value":27480},{"Length":173,"Height":3,"Demand":1,"DemandMax":null,"Value":519},{"Length":107,"Height":1,"Demand":2,"DemandMax":null,"Value":107},{"Length":42,"Height":11,"Demand":1,"DemandMax":null,"Value":462},{"Length":57,"Height":92,"Demand":1,"DemandMax":null,"Value":5244},{"Length":6,"Height":5,"Demand":1,"DemandMax":null,"Value":30},{"Length":38,"Height":116,"Demand":1,"DemandMax":null,"Value":4408},{"Length":44,"Height":31,"Demand":1,"DemandMax":null,"Value":1364},{"Length":6,"Height":19,"Demand":1,"DemandMax":null,"Value":114},{"Length":11,"Height":1,"Demand":2,"DemandMax":null,"Value":11},{"Length":3,"Height":12,"Demand":1,"DemandMax":null,"Value":36},{"Length":6,"Height":6,"Demand":2,"DemandMax":null,"Value":36},{"Length":1,"Height":38,"Demand":2,"DemandMax":null,"Value":38},{"Length":39,"Height":24,"Demand":1,"DemandMax":null,"Value":936},{"Length":283,"Height":80,"Demand":1,"DemandMax":null,"Value":22640},{"Length":194,"Height":30,"Demand":1,"DemandMax":null,"Value":5820},{"Length":38,"Height":10,"Demand":1,"DemandMax":null,"Value":380},{"Length":7,"Height":10,"Demand":1,"DemandMax":null,"Value":70},{"Length":43,"Height":1,"Demand":1,"DemandMax":null,"Value":43},{"Length":1,"Height":5,"Demand":6,"DemandMax":null,"Value":5},{"Length":1,"Height":178,"Demand":1,"DemandMax":null,"Value":178},{"Length":22,"Height":143,"Demand":1,"DemandMax":null,"Value":3146},{"Length":147,"Height":12,"Demand":1,"DemandMax":null,"Value":1764},{"Length":33,"Height":228,"Demand":1,"DemandMax":null,"Value":7524},{"Length":1,"Height":36,"Demand":3,"DemandMax":null,"Value":36},{"Length":20,"Height":26,"Demand":1,"DemandMax":null,"Value":520},{"Length":1,"Height":51,"Demand":1,"DemandMax":null,"Value":51},{"Length":10,"Height":37,"Demand":1,"DemandMax":null,"Value":370},{"Length":2,"Height":2,"Demand":2,"DemandMax":null,"Value":4},{"Length":35,"Height":1,"Demand":1,"DemandMax":null,"Value":35},{"Length":48,"Height":20,"Demand":1,"DemandMax":null,"Value":960},{"Length":266,"Height":7,"Demand":1,"DemandMax":null,"Value":1862},{"Length":7,"Height":3,"Demand":3,"DemandMax":null,"Value":21},{"Length":22,"Height":47,"Demand":1,"DemandMax":null,"Value":1034},{"Length":2,"Height":1,"Demand":4,"DemandMax":null,"Value":2},{"Length":22,"Height":98,"Demand":1,"DemandMax":null,"Value":2156},{"Length":47,"Height":181,"Demand":1,"DemandMax":null,"Value":8507},{"Length":45,"Height":76,"Demand":1,"DemandMax":null,"Value":3420},{"Length":11,"Height":29,"Demand":1,"DemandMax":null,"Value":319},{"Length":7,"Height":28,"Demand":1,"DemandMax":null,"Value":196},{"Length":164,"Height":6,"Demand":1,"DemandMax":null,"Value":984},{"Length":48,"Height":1,"Demand":1,"DemandMax":null,"Value":48},{"Length":50,"Height":151,"Demand":1,"DemandMax":null,"Value":7550},{"Length":84,"Height":22,"Demand":1,"DemandMax":null,"Value":1848},{"Length":118,"Height":12,"Demand":1,"DemandMax":null,"Value":1416},{"Length":102,"Height":267,"Demand":1,"DemandMax":null,"Value":27234},{"Length":9,"Height":38,"Demand":2,"DemandMax":null,"Value":342},{"Length":1,"Height":72,"Demand":1,"DemandMax":null,"Value":72},{"Length":49,"Height":40,"Demand":1,"DemandMax":null,"Value":1960},{"Length":233,"Height":106,"Demand":1,"DemandMax":null,"Value":24698},{"Length":13,"Height":50,"Demand":1,"DemandMax":null,"Value":650},{"Length":57,"Height":15,"Demand":1,"DemandMax":null,"Value":855},{"Length":48,"Height":183,"Demand":1,"DemandMax":null,"Value":8784},{"Length":21,"Height":44,"Demand":1,"DemandMax":null,"Value":924},{"Length":1,"Height":15,"Demand":1,"DemandMax":null,"Value":15},{"Length":90,"Height":2,"Demand":1,"DemandMax":null,"Value":180},{"Length":21,"Height":10,"Demand":1,"DemandMax":null,"Value":210},{"Length":118,"Height":31,"Demand":1,"DemandMax":null,"Value":3658},{"Length":18,"Height":18,"Demand":1,"DemandMax":null,"Value":324},{"Length":1,"Height":2,"Demand":7,"DemandMax":null,"Value":2},{"Length":1,"Height":22,"Demand":1,"DemandMax":null,"Value":22},{"Length":11,"Height":60,"Demand":1,"DemandMax":null,"Value":660},{"Length":1,"Height":44,"Demand":1,"DemandMax":null,"Value":44},{"Length":119,"Height":1,"Demand":1,"DemandMax":null,"Value":119},{"Length":10,"Height":49,"Demand":1,"DemandMax":null,"Value":490},{"Length":2,"Height":229,"Demand":1,"DemandMax":null,"Value":458},{"Length":6,"Height":49,"Demand":1,"DemandMax":null,"Value":294},{"Length":86,"Height":146,"Demand":1,"DemandMax":null,"Value":12556},{"Length":1,"Height":4,"Demand":1,"DemandMax":null,"Value":4},{"Length":25,"Height":3,"Demand":1,"DemandMax":null,"Value":75},{"Length":15,"Height":58,"Demand":1,"DemandMax":null,"Value":870},{"Length":84,"Height":37,"Demand":1,"DemandMax":null,"Value":3108},{"Length":16,"Height":36,"Demand":1,"DemandMax":null,"Value":576},{"Length":1,"Height":11,"Demand":2,"DemandMax":null,"Value":11},{"Length":47,"Height":88,"Demand":1,"DemandMax":null,"Value":4136},{"Length":43,"Height":11,"Demand":1,"DemandMax":null,"Value":473},{"Length":15,"Height":11,"Demand":1,"DemandMax":null,"Value":165},{"Length":12,"Height":10,"Demand":1,"DemandMax":null,"Value":120},{"Length":4,"Height":12,"Demand":1,"DemandMax":null,"Value":48},{"Length":3,"Height":2,"Demand":1,"DemandMax":null,"Value":6},{"Length":181,"Height":16,"Demand":1,"DemandMax":null,"Value":2896},{"Length":15,"Height":7,"Demand":1,"DemandMax":null,"Value":105},{"Length":68,"Height":2,"Demand":1,"DemandMax":null,"Value":136},{"Length":2,"Height":22,"Demand":2,"DemandMax":null,"Value":44},{"Length":9,"Height":12,"Demand":1,"DemandMax":null,"Value":108},{"Length":38,"Height":36,"Demand":1,"DemandMax":null,"Value":1368},{"Length":21,"Height":87,"Demand":1,"DemandMax":null,"Value":1827},{"Length":12,"Height":145,"Demand":1,"DemandMax":null,"Value":1740},{"Length":11,"Height":202,"Demand":1,"DemandMax":null,"Value":2222},{"Length":11,"Height":8,"Demand":1,"DemandMax":null,"Value":88},{"Length":20,"Height":14,"Demand":1,"DemandMax":null,"Value":280},{"Length":112,"Height":9,"Demand":1,"DemandMax":null,"Value":1008},{"Length":30,"Height":6,"Demand":1,"DemandMax":null,"Value":180},{"Length":10,"Height":17,"Demand":1,"DemandMax":null,"Value":170},{"Length":10,"Height":1,"Demand":1,"DemandMax":null,"Value":10},{"Length":14,"Height":4,"Demand":2,"DemandMax":null,"Value":56},{"Length":28,"Height":1,"Demand":2,"DemandMax":null,"Value":28},{"Length":2,"Height":14,"Demand":1,"DemandMax":null,"Value":28},{"Length":80,"Height":7,"Demand":1,"DemandMax":null,"Value":560},{"Length":5,"Height":10,"Demand":1,"DemandMax":null,"Value":50},{"Length":233,"Height":17,"Demand":1,"DemandMax":null,"Value":3961},{"Length":16,"Height":33,"Demand":1,"DemandMax":null,"Value":528},{"Length":97,"Height":92,"Demand":1,"DemandMax":null,"Value":8924},{"Length":147,"Height":1,"Demand":1,"DemandMax":null,"Value":147},{"Length":1,"Height":19,"Demand":4,"DemandMax":null,"Value":19},{"Length":3,"Height":13,"Demand":1,"DemandMax":null,"Value":39},{"Length":1,"Height":58,"Demand":1,"DemandMax":null,"Value":58},{"Length":14,"Height":184,"Demand":1,"DemandMax":null,"Value":2576},{"Length":41,"Height":26,"Demand":1,"DemandMax":null,"Value":1066},{"Length":1,"Height":10,"Demand":2,"DemandMax":null,"Value":10},{"Length":11,"Height":4,"Demand":1,"DemandMax":null,"Value":44},{"Length":2,"Height":19,"Demand":1,"DemandMax":null,"Value":38},{"Length":62,"Height":229,"Demand":1,"DemandMax":null,"Value":14198},{"Length":1,"Height":32,"Demand":2,"DemandMax":null,"Value":32},{"Length":50,"Height":129,"Demand":1,"DemandMax":null,"Value":6450},{"Length":82,"Height":2,"Demand":1,"DemandMax":null,"Value":164},{"Length":1,"Height":49,"Demand":2,"DemandMax":null,"Value":49},{"Length":27,"Height":26,"Demand":1,"DemandMax":null,"Value":702},{"Length":68,"Height":16,"Demand":1,"DemandMax":null,"Value":1088},{"Length":3,"Height":280,"Demand":2,"DemandMax":null,"Value":840},{"Length":57,"Height":11,"Demand":1,"DemandMax":null,"Value":627},{"Length":1,"Height":13,"Demand":1,"DemandMax":null,"Value":13},{"Length":2,"Height":12,"Demand":1,"DemandMax":null,"Value":24},{"Length":22,"Height":76,"Demand":1,"DemandMax":null,"Value":1672},{"Length":31,"Height":1,"Demand":3,"DemandMax":null,"Value":31},{"Length":113,"Height":4,"Demand":1,"DemandMax":null,"Value":452},{"Length":128,"Height":86,"Demand":1,"DemandMax":null,"Value":11008},{"Length":12,"Height":31,"Demand":1,"DemandMax":null,"Value":372},{"Length":214,"Height":6,"Demand":1,"DemandMax":null,"Value":1284},{"Length":36,"Height":110,"Demand":1,"DemandMax":null,"Value":3960},{"Length":77,"Height":3,"Demand":2,"DemandMax":null,"Value":231},{"Length":14,"Height":29,"Demand":1,"DemandMax":null,"Value":406},{"Length":18,"Height":229,"Demand":1,"DemandMax":null,"Value":4122},{"Length":3,"Height":3,"Demand":2,"DemandMax":null,"Value":9},{"Length":1,"Height":6,"Demand":3,"DemandMax":null,"Value":6},{"Length":4,"Height":9,"Demand":3,"DemandMax":null,"Value":36},{"Length":48,"Height":2,"Demand":1,"DemandMax":null,"Value":96},{"Length":124,"Height":2,"Demand":1,"DemandMax":null,"Value":248},{"Length":13,"Height":84,"Demand":1,"DemandMax":null,"Value":1092},{"Length":13,"Height":202,"Demand":1,"DemandMax":null,"Value":2626},{"Length":29,"Height":280,"Demand":1,"DemandMax":null,"Value":8120},{"Length":68,"Height":170,"Demand":1,"DemandMax":null,"Value":11560},{"Length":62,"Height":96,"Demand":1,"DemandMax":null,"Value":5952},{"Length":12,"Height":24,"Demand":1,"DemandMax":null,"Value":288},{"Length":22,"Height":164,"Demand":1,"DemandMax":null,"Value":3608},{"Length":244,"Height":3,"Demand":1,"DemandMax":null,"Value":732},{"Length":3,"Height":1,"Demand":1,"DemandMax":null,"Value":3},{"Length":4,"Height":36,"Demand":1,"DemandMax":null,"Value":144},{"Length":4,"Height":23,"Demand":1,"DemandMax":null,"Value":92},{"Length":283,"Height":50,"Demand":1,"DemandMax":null,"Value":14150},{"Length":5,"Height":22,"Demand":1,"DemandMax":null,"Value":110},{"Length":13,"Height":280,"Demand":1,"DemandMax":null,"Value":3640},{"Length":117,"Height":8,"Demand":1,"DemandMax":null,"Value":936},{"Length":2,"Height":3,"Demand":1,"DemandMax":null,"Value":6},{"Length":187,"Height":22,"Demand":1,"DemandMax":null,"Value":4114},{"Length":6,"Height":3,"Demand":1,"DemandMax":null,"Value":18},{"Length":113,"Height":6,"Demand":1,"DemandMax":null,"Value":678},{"Length":168,"Height":63,"Demand":1,"DemandMax":null,"Value":10584},{"Length":19,"Height":1,"Demand":1,"DemandMax":null,"Value":19},{"Length":7,"Height":11,"Demand":1,"DemandMax":null,"Value":77},{"Length":5,"Height":1,"Demand":2,"DemandMax":null,"Value":5},{"Length":124,"Height":93,"Demand":1,"DemandMax":null,"Value":11532},{"Length":57,"Height":48,"Demand":1,"DemandMax":null,"Value":2736},{"Length":14,"Height":12,"Demand":1,"DemandMax":null,"Value":168},{"Length":180,"Height":26,"Demand":1,"DemandMax":null,"Value":4680},{"Length":21,"Height":12,"Demand":1,"DemandMax":null,"Value":252},{"Length":7,"Height":7,"Demand":1,"DemandMax":null,"Value":49},{"Length":3,"Height":14,"Demand":2,"DemandMax":null,"Value":42},{"Length":8,"Height":66,"Demand":1,"DemandMax":null,"Value":528},{"Length":17,"Height":98,"Demand":1,"DemandMax":null,"Value":1666},{"Length":42,"Height":1,"Demand":1,"DemandMax":null,"Value":42},{"Length":61,"Height":18,"Demand":1,"DemandMax":null,"Value":1098},{"Length":13,"Height":65,"Demand":1,"DemandMax":null,"Value":845},{"Length":178,"Height":114,"Demand":1,"DemandMax":null,"Value":20292},{"Length":13,"Height":52,"Demand":1,"DemandMax":null,"Value":676},{"Length":3,"Height":24,"Demand":1,"DemandMax":null,"Value":72},{"Length":1,"Height":88,"Demand":1,"DemandMax":null,"Value":88},{"Length":16,"Height":2,"Demand":1,"DemandMax":null,"Value":32},{"Length":1,"Height":34,"Demand":1,"DemandMax":null,"Value":34},{"Length":29,"Height":9,"Demand":1,"DemandMax":null,"Value":261},{"Length":12,"Height":8,"Demand":1,"DemandMax":null,"Value":96},{"Length":74,"Height":1,"Demand":1,"DemandMax":null,"Value":74},{"Length":5,"Height":272,"Demand":1,"DemandMax":null,"Value":1360},{"Length":214,"Height":24,"Demand":1,"DemandMax":null,"Value":5136},{"Length":54,"Height":13,"Demand":1,"DemandMax":null,"Value":702},{"Length":239,"Height":31,"Demand":1,"DemandMax":null,"Value":7409},{"Length":14,"Height":2,"Demand":1,"DemandMax":null,"Value":28},{"Length":45,"Height":40,"Demand":1,"DemandMax":null,"Value":1800},{"Length":1,"Height":8,"Demand":3,"DemandMax":null,"Value":8},{"Length":25,"Height":11,"Demand":2,"DemandMax":null,"Value":275},{"Length":13,"Height":19,"Demand":1,"DemandMax":null,"Value":247},{"Length":18,"Height":2,"Demand":1,"DemandMax":null,"Value":36},{"Length":19,"Height":93,"Demand":1,"DemandMax":null,"Value":1767},{"Length":33,"Height":38,"Demand":1,"DemandMax":null,"Value":1254},{"Length":2,"Height":4,"Demand":1,"DemandMax":null,"Value":8},{"Length":144,"Height":2,"Demand":1,"DemandMax":null,"Value":288},{"Length":54,"Height":1,"Demand":1,"DemandMax":null,"Value":54},{"Length":56,"Height":1,"Demand":1,"DemandMax":null,"Value":56},{"Length":12,"Height":156,"Demand":1,"DemandMax":null,"Value":1872},{"Length":3,"Height":39,"Demand":1,"DemandMax":null,"Value":117},{"Length":7,"Height":2,"Demand":1,"DemandMax":null,"Value":14},{"Length":180,"Height":2,"Demand":1,"DemandMax":null,"Value":360},{"Length":12,"Height":93,"Demand":1,"DemandMax":null,"Value":1116},{"Length":6,"Height":2,"Demand":1,"DemandMax":null,"Value":12},{"Length":187,"Height":43,"Demand":1,"DemandMax":null,"Value":8041},{"Length":21,"Height":2,"Demand":2,"DemandMax":null,"Value":42},{"Length":1,"Height":71,"Demand":3,"DemandMax":null,"Value":71},{"Length":30,"Height":9,"Demand":1,"DemandMax":null,"Value":270},{"Length":12,"Height":21,"Demand":1,"DemandMax":null,"Value":252},{"Length":25,"Height":60,"Demand":1,"DemandMax":null,"Value":1500},{"Length":44,"Height":2,"Demand":1,"DemandMax":null,"Value":88},{"Length":1,"Height":12,"Demand":1,"DemandMax":null,"Value":12},{"Length":98,"Height":12,"Demand":1,"DemandMax":null,"Value":1176},{"Length":266,"Height":62,"Demand":1,"DemandMax":null,"Value":16492},{"Length":12,"Height":3,"Demand":1,"DemandMax":null,"Value":36},{"Length":11,"Height":47,"Demand":1,"DemandMax":null,"Value":517},{"Length":16,"Height":7,"Demand":1,"DemandMax":null,"Value":112},{"Length":118,"Height":36,"Demand":1,"DemandMax":null,"Value":4248},{"Length":194,"Height":39,"Demand":1,"DemandMax":null,"Value":7566},{"Length":5,"Height":39,"Demand":1,"DemandMax":null,"Value":195},{"Length":1,"Height":102,"Demand":1,"DemandMax":null,"Value":102},{"Length":17,"Height":12,"Demand":1,"DemandMax":null,"Value":204},{"Length":187,"Height":9,"Demand":1,"DemandMax":null,"Value":1683},{"Length":107,"Height":153,"Demand":1,"DemandMax":null,"Value":16371},{"Length":13,"Height":2,"Demand":1,"DemandMax":null,"Value":26},{"Length":7,"Height":13,"Demand":2,"DemandMax":null,"Value":91},{"Length":244,"Height":4,"Demand":1,"DemandMax":null,"Value":976},{"Length":29,"Height":203,"Demand":1,"DemandMax":null,"Value":5887},{"Length":120,"Height":1,"Demand":1,"DemandMax":null,"Value":120},{"Length":3,"Height":6,"Demand":1,"DemandMax":null,"Value":18},{"Length":240,"Height":1,"Demand":1,"DemandMax":null,"Value":240},{"Length":77,"Height":35,"Demand":1,"DemandMax":null,"Value":2695},{"Length":40,"Height":103,"Demand":1,"DemandMax":null,"Value":4120},{"Length":63,"Height":4,"Demand":1,"DemandMax":null,"Value":252},{"Length":41,"Height":3,"Demand":1,"DemandMax":null,"Value":123},{"Length":30,"Height":11,"Demand":1,"DemandMax":null,"Value":330},{"Length":5,"Height":60,"Demand":1,"DemandMax":null,"Value":300},{"Length":3,"Height":18,"Demand":1,"DemandMax":null,"Value":54},{"Length":1,"Height":7,"Demand":3,"DemandMax":null,"Value":7},{"Length":1,"Height":280,"Demand":1,"DemandMax":null,"Value":280},{"Length":194,"Height":102,"Demand":1,"DemandMax":null,"Value":19788},{"Length":13,"Height":10,"Demand":1,"DemandMax":null,"Value":130},{"Length":29,"Height":2,"Demand":1,"DemandMax":null,"Value":58},{"Length":6,"Height":33,"Demand":1,"DemandMax":null,"Value":198},{"Length":244,"Height":1,"Demand":1,"DemandMax":null,"Value":244},{"Length":38,"Height":30,"Demand":1,"DemandMax":null,"Value":1140},{"Length":9,"Height":265,"Demand":1,"DemandMax":null,"Value":2385},{"Length":49,"Height":88,"Demand":1,"DemandMax":null,"Value":4312},{"Length":85,"Height":63,"Demand":1,"DemandMax":null,"Value":5355},{"Length":2,"Height":280,"Demand":1,"DemandMax":null,"Value":560},{"Length":41,"Height":31,"Demand":1,"DemandMax":null,"Value":1271},{"Length":22,"Height":40,"Demand":1,"DemandMax":null,"Value":880},{"Length":115,"Height":116,"Demand":1,"DemandMax":null,"Value":13340},{"Length":18,"Height":164,"Demand":1,"DemandMax":null,"Value":2952},{"Length":37,"Height":1,"Demand":2,"DemandMax":null,"Value":37},{"Length":5,"Height":34,"Demand":1,"DemandMax":null,"Value":170},{"Length":36,"Height":73,"Demand":1,"DemandMax":null,"Value":2628},{"Length":187,"Height":36,"Demand":1,"DemandMax":null,"Value":6732},{"Length":12,"Height":50,"Demand":1,"DemandMax":null,"Value":600},{"Length":8,"Height":49,"Demand":1,"DemandMax":null,"Value":392},{"Length":3,"Height":23,"Demand":1,"DemandMax":null,"Value":69},{"Length":1,"Height":9,"Demand":2,"DemandMax":null,"Value":9},{"Length":9,"Height":5,"Demand":1,"DemandMax":null,"Value":45},{"Length":3,"Height":4,"Demand":1,"DemandMax":null,"Value":12},{"Length":130,"Height":4,"Demand":1,"DemandMax":null,"Value":520},{"Length":1,"Height":100,"Demand":1,"DemandMax":null,"Value":100},{"Length":61,"Height":1,"Demand":1,"DemandMax":null,"Value":61},{"Length":3,"Height":21,"Demand":1,"DemandMax":null,"Value":63},{"Length":233,"Height":14,"Demand":1,"DemandMax":null,"Value":3262},{"Length":9,"Height":2,"Demand":1,"DemandMax":null,"Value":18},{"Length":30,"Height":34,"Demand":1,"DemandMax":null,"Value":1020},{"Length":9,"Height":60,"Demand":1,"DemandMax":null,"Value":540},{"Length":12,"Height":18,"Demand":1,"DemandMax":null,"Value":216},{"Length":118,"Height":4,"Demand":1,"DemandMax":null,"Value":472},{"Length":22,"Height":67,"Demand":1,"DemandMax":null,"Value":1474},{"Length":12,"Height":4,"Demand":1,"DemandMax":null,"Value":48},{"Length":22,"Height":127,"Demand":1,"DemandMax":null,"Value":2794},{"Length":1,"Height":20,"Demand":1,"DemandMax":null,"Value":20},{"Length":147,"Height":3,"Demand":1,"DemandMax":null,"Value":441},{"Length":4,"Height":5,"Demand":1,"DemandMax":null,"Value":20},{"Length":7,"Height":88,"Demand":1,"DemandMax":null,"Value":616},{"Length":9,"Height":13,"Demand":1,"DemandMax":null,"Value":117},{"Length":8,"Height":10,"Demand":1,"DemandMax":null,"Value":80},{"Length":84,"Height":11,"Demand":1,"DemandMax":null,"Value":924},{"Length":77,"Height":1,"Demand":1,"DemandMax":null,"Value":77},{"Length":59,"Height":8,"Demand":1,"DemandMax":null,"Value":472},{"Length":5,"Height":8,"Demand":1,"DemandMax":null,"Value":40},{"Length":295,"Height":81,"Demand":1,"DemandMax":null,"Value":23895},{"Length":54,"Height":270,"Demand":1,"DemandMax":null,"Value":14580},{"Length":21,"Height":58,"Demand":1,"DemandMax":null,"Value":1218},{"Length":3,"Height":11,"Demand":1,"DemandMax":null,"Value":33},{"Length":187,"Height":30,"Demand":1,"DemandMax":null,"Value":5610},{"Length":137,"Height":151,"Demand":1,"DemandMax":null,"Value":20687},{"Length":1,"Height":16,"Demand":1,"DemandMax":null,"Value":16},{"Length":67,"Height":26,"Demand":1,"DemandMax":null,"Value":1742},{"Length":38,"Height":15,"Demand":1,"DemandMax":null,"Value":570},{"Length":4,"Height":2,"Demand":1,"DemandMax":null,"Value":8},{"Length":5,"Height":229,"Demand":1,"DemandMax":null,"Value":1145},{"Length":118,"Height":32,"Demand":1,"DemandMax":null,"Value":3776},{"Length":2,"Height":10,"Demand":1,"DemandMax":null,"Value":20},{"Length":266,"Height":9,"Demand":1,"DemandMax":null,"Value":2394},{"Length":7,"Height":86,"Demand":1,"DemandMax":null,"Value":602},{"Length":12,"Height":84,"Demand":1,"DemandMax":null,"Value":1008},{"Length":53,"Height":1,"Demand":1,"DemandMax":null,"Value":53},{"Length":29,"Height":1,"Demand":1,"DemandMax":null,"Value":29},{"Length":11,"Height":3,"Demand":2,"DemandMax":null,"Value":33},{"Length":4,"Height":18,"Demand":1,"DemandMax":null,"Value":72},{"Length":9,"Height":56,"Demand":1,"DemandMax":null,"Value":504},{"Length":9,"Height":1,"Demand":1,"DemandMax":null,"Value":9},{"Length":8,"Height":20,"Demand":1,"DemandMax":null,"Value":160},{"Length":21,"Height":8,"Demand":1,"DemandMax":null,"Value":168},{"Length":5,"Height":24,"Demand":1,"DemandMax":null,"Value":120},{"Length":12,"Height":40,"Demand":1,"DemandMax":null,"Value":480},{"Length":164,"Height":8,"Demand":1,"DemandMax":null,"Value":1312},{"Length":77,"Height":2,"Demand":1,"DemandMax":null,"Value":154},{"Length":266,"Height":2,"Demand":1,"DemandMax":null,"Value":532},{"Length":3,"Height":7,"Demand":1,"DemandMax":null,"Value":21},{"Length":3,"Height":19,"Demand":1,"DemandMax":null,"Value":57},{"Length":44,"Height":7,"Demand":1,"DemandMax":null,"Value":308},{"Length":2,"Height":38,"Demand":1,"DemandMax":null,"Value":76},{"Length":41,"Height":102,"Demand":1,"DemandMax":null,"Value":4182},{"Length":214,"Height":2,"Demand":1,"DemandMax":null,"Value":428},{"Length":30,"Height":10,"Demand":1,"DemandMax":null,"Value":300},{"Length":1,"Height":23,"Demand":1,"DemandMax":null,"Value":23},{"Length":216,"Height":110,"Demand":1,"DemandMax":null,"Value":23760},{"Length":1,"Height":26,"Demand":1,"DemandMax":null,"Value":26},{"Length":59,"Height":4,"Demand":1,"DemandMax":null,"Value":236},{"Length":8,"Height":105,"Demand":1,"DemandMax":null,"Value":840},{"Length":4,"Height":28,"Demand":1,"DemandMax":null,"Value":112},{"Length":6,"Height":17,"Demand":1,"DemandMax":null,"Value":102}]}