{"Name":"Nice200i4b1","Objects":[{"Length":386,"Height":318,"Stock":2,"Cost":122748},{"Length":614,"Height":1000,"Stock":4,"Cost":614000},{"Length":386,"Height":243,"Stock":3,"Cost":93798},{"Length":386,"Height":439,"Stock":5,"Cost":169454}],"Items":[{"Length":63,"Height":121,"Demand":1,"DemandMax":null,"Value":7623},{"Length":53,"Height":39,"Demand":2,"DemandMax":null,"Value":2067},{"Length":88,"Height":63,"Demand":1,"DemandMax":null,"Value":5544},{"Length":79,"Height":84,"Demand":1,"DemandMax":null,"Value":6636},{"Length":49,"Height":154,"Demand":1,"DemandMax":null,"Value":7546},{"Length":157,"Height":41,"Demand":1,"DemandMax":null,"Value":6437},{"Length":74,"Height":88,"Demand":1,"DemandMax":null,"Value":6512},{"Length":94,"Height":51,"Demand":1,"DemandMax":null,"Value":4794},{"Length":149,"Height":41,"Demand":1,"DemandMax":null,"Value":6109},{"Length":84,"Height":49,"Demand":1,"DemandMax":null,"Value":4116},{"Length":57,"Height":72,"Demand":1,"DemandMax":null,"Value":4104},{"Length":84,"Height":63,"Demand":1,"DemandMax":null,"Value":5292},{"Length":76,"Height":71,"Demand":1,"DemandMax":null,"Value":5396},{"Length":50,"Height":45,"Demand":1,"DemandMax":null,"Value":2250},{"Length":63,"Height":62,"Demand":1,"DemandMax":null,"Value":3906},{"Length":117,"Height":49,"Demand":1,"DemandMax":null,"Value":5733},{"Length":55,"Height":99,"Demand":2,"DemandMax":null,"Value":5445},{"Length":83,"Height":63,"Demand":1,"DemandMax":null,"Value":5229},{"Length":96,"Height":27,"Demand":1,"DemandMax":null,"Value":2592},{"Length":77,"Height":80,"Demand":1,"DemandMax":null,"Value":6160},{"Length":72,"Height":101,"Demand":1,"DemandMax":null,"Value":7272},{"Length":29,"Height":93,"Demand":1,"DemandMax":null,"Value":2697},{"Length":92,"Height":33,"Demand":1,"DemandMax":null,"Value":3036},{"Length":60,"Height":109,"Demand":2,"DemandMax":null,"Value":6540},{"Length":46,"Height":131,"Demand":1,"DemandMax":null,"Value":6026},{"Length":39,"Height":76,"Demand":1,"DemandMax":null,"Value":2964},{"Length":84,"Height":46,"Demand":1,"DemandMax":null,"Value":3864},{"Length":89,"Height":45,"Demand":2,"DemandMax":null,"Value":4005},{"Length":35,"Height":111,"Demand":1,"DemandMax":null,"Value":3885},{"Length":151,"Height":43,"Demand":1,"DemandMax":null,"Value":6493},{"Length":117,"Height":47,"Demand":1,"DemandMax":null,"Value":5499},{"Length":183,"Height":49,"Demand":1,"DemandMax":null,"Value":8967},{"Length":38,"Height":80,"Demand":1,"DemandMax":null,"Value":3040},{"Length":135,"Height":41,"Demand":1,"DemandMax":null,"Value":5535},{"Length":49,"Height":180,"Demand":1,"DemandMax":null,"Value":8820},{"Length":32,"Height":126,"Demand":1,"DemandMax":null,"Value":4032},{"Length":61,"Height":43,"Demand":1,"DemandMax":null,"Value":2623},{"Length":105,"Height":56,"Demand":1,"DemandMax":null,"Value":5880},{"Length":61,"Height":97,"Demand":1,"DemandMax":null,"Value":5917},{"Length":55,"Height":131,"Demand":1,"DemandMax":null,"Value":7205},{"Length":77,"Height":50,"Demand":1,"DemandMax":null,"Value":3850},{"Length":122,"Height":37,"Demand":1,"DemandMax":null,"Value":4514},{"Length":42,"Height":121,"Demand":1,"DemandMax":null,"Value":5082},{"Length":26,"Height":104,"Demand":1,"DemandMax":null,"Value":2704},{"Length":86,"Height":24,"Demand":1,"DemandMax":null,"Value":2064},{"Length":74,"Height":89,"Demand":1,"DemandMax":null,"Value":6586},{"Length":46,"Height":84,"Demand":1,"DemandMax":null,"Value":3864},{"Length":36,"Height":58,"Demand":1,"DemandMax":null,"Value":2088},{"Length":96,"Height":41,"Demand":2,"DemandMax":null,"Value":3936},{"Length":65,"Height":111,"Demand":1,"DemandMax":null,"Value":7215},{"Length":49,"Height":46,"Demand":1,"DemandMax":null,"Value":2254},{"Length":49,"Height":114,"Demand":1,"DemandMax":null,"Value":5586},{"Length":88,"Height":54,"Demand":1,"DemandMax":null,"Value":4752},{"Length":53,"Height":91,"Demand":1,"DemandMax":null,"Value":4823},{"Length":58,"Height":218,"Demand":1,"DemandMax":null,"Value":12644},{"Length":56,"Height":131,"Demand":2,"DemandMax":null,"Value":7336},{"Length":79,"Height":97,"Demand":1,"DemandMax":null,"Value":7663},{"Length":72,"Height":41,"Demand":1,"DemandMax":null,"Value":2952},{"Length":87,"Height":59,"Demand":1,"DemandMax":null,"Value":5133},{"Length":54,"Height":71,"Demand":1,"DemandMax":null,"Value":3834},{"Length":102,"Height":49,"Demand":1,"DemandMax":null,"Value":4998},{"Length":151,"Height":44,"Demand":1,"DemandMax":null,"Value":6644},{"Length":84,"Height":80,"Demand":1,"DemandMax":null,"Value":6720},{"Length":112,"Height":50,"Demand":1,"DemandMax":null,"Value":5600},{"Length":53,"Height":114,"Demand":1,"DemandMax":null,"Value":6042},{"Length":56,"Height":75,"Demand":1,"DemandMax":null,"Value":4200},{"Length":52,"Height":43,"Demand":1,"DemandMax":null,"Value":2236},{"Length":88,"Height":59,"Demand":1,"DemandMax":null,"Value":5192},{"Length":89,"Height":26,"Demand":1,"DemandMax":null,"Value":2314},{"Length":157,"Height":49,"Demand":1,"DemandMax":null,"Value":7693},{"Length":50,"Height":99,"Demand":1,"DemandMax":null,"Value":4950},{"Length":68,"Height":41,"Demand":1,"DemandMax":null,"Value":2788},{"Length":50,"Height":92,"Demand":1,"DemandMax":null,"Value":4600},{"Length":75,"Height":53,"Demand":1,"DemandMax":null,"Value":3975},{"Length":135,"Height":34,"Demand":1,"DemandMax":null,"Value":4590},{"Length":117,"Height":34,"Demand":1,"DemandMax":null,"Value":3978},{"Length":43,"Height":50,"Demand":1,"DemandMax":null,"Value":2150},{"Length":81,"Height":63,"Demand":1,"DemandMax":null,"Value":5103},{"Length":44,"Height":51,"Demand":1,"DemandMax":null,"Value":2244},{"Length":115,"Height":63,"Demand":1,"DemandMax":null,"Value":7245},{"Length":96,"Height":67,"Demand":1,"DemandMax":null,"Value":6432},{"Length":61,"Height":95,"Demand":1,"DemandMax":null,"Value":5795},{"Length":152,"Height":38,"Demand":1,"DemandMax":null,"Value":5776},{"Length":52,"Height":99,"Demand":1,"DemandMax":null,"Value":5148},{"Length":82,"Height":79,"Demand":1,"DemandMax":null,"Value":6478},{"Length":66,"Height":60,"Demand":1,"DemandMax":null,"Value":3960},{"Length":112,"Height":54,"Demand":1,"DemandMax":null,"Value":6048},{"Length":73,"Height":76,"Demand":1,"DemandMax":null,"Value":5548},{"Length":51,"Height":88,"Demand":2,"DemandMax":null,"Value":4488},{"Length":86,"Height":63,"Demand":1,"DemandMax":null,"Value":5418},{"Length":36,"Height":63,"Demand":1,"DemandMax":null,"Value":2268},{"Length":100,"Height":51,"Demand":1,"DemandMax":null,"Value":5100},{"Length":72,"Height":90,"Demand":1,"DemandMax":null,"Value":6480},{"Length":149,"Height":46,"Demand":1,"DemandMax":null,"Value":6854},{"Length":152,"Height":46,"Demand":1,"DemandMax":null,"Value":6992},{"Length":106,"Height":63,"Demand":1,"DemandMax":null,"Value":6678},{"Length":64,"Height":91,"Demand":1,"DemandMax":null,"Value":5824},{"Length":49,"Height":108,"Demand":1,"DemandMax":null,"Value":5292},{"Length":53,"Height":79,"Demand":1,"DemandMax":null,"Value":4187},{"Length":104,"Height":28,"Demand":1,"DemandMax":null,"Value":2912},{"Length":38,"Height":126,"Demand":1,"DemandMax":null,"Value":4788},{"Length":105,"Height":28,"Demand":1,"DemandMax":null,"Value":2940},{"Length":73,"Height":78,"Demand":1,"DemandMax":null,"Value":5694},{"Length":100,"Height":40,"Demand":1,"DemandMax":null,"Value":4000},{"Length":135,"Height":39,"Demand":1,"DemandMax":null,"Value":5265},{"Length":27,"Height":77,"Demand":1,"DemandMax":null,"Value":2079},{"Length":52,"Height":51,"Demand":2,"DemandMax":null,"Value":2652},{"Length":78,"Height":58,"Demand":1,"DemandMax":null,"Value":4524},{"Length":42,"Height":60,"Demand":1,"DemandMax":null,"Value":2520},{"Length":50,"Height":127,"Demand":1,"DemandMax":null,"Value":6350},{"Length":61,"Height":98,"Demand":1,"DemandMax":null,"Value":5978},{"Length":51,"Height":94,"Demand":1,"DemandMax":null,"Value":4794},{"Length":61,"Height":102,"Demand":1,"DemandMax":null,"Value":6222},{"Length":59,"Height":88,"Demand":1,"DemandMax":null,"Value":5192},{"Length":25,"Height":99,"Demand":1,"DemandMax":null,"Value":2475},{"Length":70,"Height":81,"Demand":1,"DemandMax":null,"Value":5670},{"Length":81,"Height":71,"Demand":1,"DemandMax":null,"Value":5751},{"Length":40,"Height":59,"Demand":1,"DemandMax":null,"Value":2360},{"Length":66,"Height":61,"Demand":1,"DemandMax":null,"Value":4026},{"Length":40,"Height":54,"Demand":1,"DemandMax":null,"Value":2160},{"Length":24,"Height":92,"Demand":1,"DemandMax":null,"Value":2208},{"Length":53,"Height":84,"Demand":1,"DemandMax":null,"Value":4452},{"Length":72,"Height":92,"Demand":1,"DemandMax":null,"Value":6624},{"Length":81,"Height":58,"Demand":1,"DemandMax":null,"Value":4698},{"Length":106,"Height":67,"Demand":1,"DemandMax":null,"Value":7102},{"Length":123,"Height":55,"Demand":1,"DemandMax":null,"Value":6765},{"Length":96,"Height":52,"Demand":1,"DemandMax":null,"Value":4992},{"Length":57,"Height":76,"Demand":1,"DemandMax":null,"Value":4332},{"Length":102,"Height":58,"Demand":1,"DemandMax":null,"Value":5916},{"Length":101,"Height":62,"Demand":1,"DemandMax":null,"Value":6262},{"Length":33,"Height":101,"Demand":1,"DemandMax":null,"Value":3333},{"Length":117,"Height":50,"Demand":1,"DemandMax":null,"Value":5850},{"Length":55,"Height":107,"Demand":1,"DemandMax":null,"Value":5885},{"Length":73,"Height":68,"Demand":1,"DemandMax":null,"Value":4964},{"Length":113,"Height":63,"Demand":1,"DemandMax":null,"Value":7119},{"Length":111,"Height":189,"Demand":1,"DemandMax":null,"Value":20979},{"Length":114,"Height":62,"Demand":1,"DemandMax":null,"Value":7068},{"Length":77,"Height":64,"Demand":1,"DemandMax":null,"Value":4928},{"Length":63,"Height":69,"Demand":1,"DemandMax":null,"Value":4347},{"Length":36,"Height":108,"Demand":1,"DemandMax":null,"Value":3888},{"Length":93,"Height":24,"Demand":1,"DemandMax":null,"Value":2232},{"Length":68,"Height":85,"Demand":1,"DemandMax":null,"Value":5780},{"Length":104,"Height":68,"Demand":1,"DemandMax":null,"Value":7072},{"Length":103,"Height":53,"Demand":1,"DemandMax":null,"Value":5459},{"Length":53,"Height":104,"Demand":1,"DemandMax":null,"Value":5512},{"Length":57,"Height":79,"Demand":1,"DemandMax":null,"Value":4503},{"Length":81,"Height":118,"Demand":1,"DemandMax":null,"Value":9558},{"Length":78,"Height":71,"Demand":1,"DemandMax":null,"Value":5538},{"Length":66,"Height":163,"Demand":1,"DemandMax":null,"Value":10758},{"Length":93,"Height":46,"Demand":1,"DemandMax":null,"Value":4278},{"Length":100,"Height":108,"Demand":1,"DemandMax":null,"Value":10800},{"Length":51,"Height":126,"Demand":1,"DemandMax":null,"Value":6426},{"Length":68,"Height":95,"Demand":1,"DemandMax":null,"Value":6460},{"Length":64,"Height":126,"Demand":1,"DemandMax":null,"Value":8064},{"Length":36,"Height":57,"Demand":1,"DemandMax":null,"Value":2052},{"Length":106,"Height":59,"Demand":1,"DemandMax":null,"Value":6254},{"Length":133,"Height":59,"Demand":1,"DemandMax":null,"Value":7847},{"Length":79,"Height":58,"Demand":1,"DemandMax":null,"Value":4582},{"Length":37,"Height":108,"Demand":1,"DemandMax":null,"Value":3996},{"Length":56,"Height":88,"Demand":1,"DemandMax":null,"Value":4928},{"Length":50,"Height":126,"Demand":1,"DemandMax":null,"Value":6300},{"Length":65,"Height":218,"Demand":1,"DemandMax":null,"Value":14170},{"Length":104,"Height":35,"Demand":1,"DemandMax":null,"Value":3640},{"Length":36,"Height":69,"Demand":1,"DemandMax":null,"Value":2484},{"Length":153,"Height":76,"Demand":1,"DemandMax":null,"Value":11628},{"Length":93,"Height":25,"Demand":1,"DemandMax":null,"Value":2325},{"Length":42,"Height":67,"Demand":1,"DemandMax":null,"Value":2814},{"Length":62,"Height":43,"Demand":1,"DemandMax":null,"Value":2666},{"Length":37,"Height":101,"Demand":1,"DemandMax":null,"Value":3737},{"Length":96,"Height":31,"Demand":1,"DemandMax":null,"Value":2976},{"Length":59,"Height":50,"Demand":1,"DemandMax":null,"Value":2950},{"Length":41,"Height":80,"Demand":1,"DemandMax":null,"Value":3280},{"Length":80,"Height":41,"Demand":1,"DemandMax":null,"Value":3280},{"Length":50,"Height":80,"Demand":1,"DemandMax":null,"Value":4000},{"Length":42,"Height":59,"Demand":1,"DemandMax":null,"Value":2478},{"Length":105,"Height":31,"Demand":1,"DemandMax":null,"Value":3255},{"Length":51,"Height":46,"Demand":1,"DemandMax":null,"Value":2346},{"Length":40,"Height":57,"Demand":1,"DemandMax":null,"Value":2280},{"Length":34,"Height":104,"Demand":1,"DemandMax":null,"Value":3536},{"Length":92,"Height":37,"Demand":1,"DemandMax":null,"Value":3404},{"Length":33,"Height":70,"Demand":1,"DemandMax":null,"Value":2310},{"Length":26,"Height":92,"Demand":1,"DemandMax":null,"Value":2392},{"Length":89,"Height":33,"Demand":1,"DemandMax":null,"Value":2937},{"Length":35,"Height":70,"Demand":1,"DemandMax":null,"Value":2450},{"Length":36,"Height":81,"Demand":1,"DemandMax":null,"Value":2916},{"Length":36,"Height":99,"Demand":1,"DemandMax":null,"Value":3564},{"Length":56,"Height":51,"Demand":1,"DemandMax":null,"Value":2856},{"Length":86,"Height":35,"Demand":1,"DemandMax":null,"Value":3010},{"Length":58,"Height":43,"Demand":1,"DemandMax":null,"Value":2494},{"Length":36,"Height":76,"Demand":1,"DemandMax":null,"Value":2736},{"Length":143,"Height":93,"Demand":1,"DemandMax":null,"Value":13299},{"Length":28,"Height":77,"Demand":1,"DemandMax":null,"Value":2156}]}