{"Name":"Nice300i3b1","Objects":[{"Length":252,"Height":1000,"Stock":6,"Cost":252000},{"Length":748,"Height":403,"Stock":3,"Cost":301444},{"Length":748,"Height":597,"Stock":4,"Cost":446556}],"Items":[{"Length":123,"Height":31,"Demand":1,"DemandMax":null,"Value":3813},{"Length":57,"Height":68,"Demand":1,"DemandMax":null,"Value":3876},{"Length":107,"Height":40,"Demand":1,"DemandMax":null,"Value":4280},{"Length":54,"Height":45,"Demand":1,"DemandMax":null,"Value":2430},{"Length":53,"Height":73,"Demand":1,"DemandMax":null,"Value":3869},{"Length":32,"Height":65,"Demand":1,"DemandMax":null,"Value":2080},{"Length":46,"Height":54,"Demand":1,"DemandMax":null,"Value":2484},{"Length":22,"Height":79,"Demand":1,"DemandMax":null,"Value":1738},{"Length":58,"Height":58,"Demand":1,"DemandMax":null,"Value":3364},{"Length":26,"Height":46,"Demand":1,"DemandMax":null,"Value":1196},{"Length":118,"Height":31,"Demand":1,"DemandMax":null,"Value":3658},{"Length":55,"Height":83,"Demand":1,"DemandMax":null,"Value":4565},{"Length":168,"Height":46,"Demand":1,"DemandMax":null,"Value":7728},{"Length":88,"Height":31,"Demand":1,"DemandMax":null,"Value":2728},{"Length":73,"Height":57,"Demand":1,"DemandMax":null,"Value":4161},{"Length":66,"Height":35,"Demand":1,"DemandMax":null,"Value":2310},{"Length":79,"Height":20,"Demand":1,"DemandMax":null,"Value":1580},{"Length":53,"Height":49,"Demand":1,"DemandMax":null,"Value":2597},{"Length":66,"Height":47,"Demand":1,"DemandMax":null,"Value":3102},{"Length":28,"Height":69,"Demand":1,"DemandMax":null,"Value":1932},{"Length":58,"Height":54,"Demand":1,"DemandMax":null,"Value":3132},{"Length":36,"Height":119,"Demand":1,"DemandMax":null,"Value":4284},{"Length":30,"Height":45,"Demand":1,"DemandMax":null,"Value":1350},{"Length":34,"Height":34,"Demand":1,"DemandMax":null,"Value":1156},{"Length":55,"Height":70,"Demand":1,"DemandMax":null,"Value":3850},{"Length":105,"Height":100,"Demand":1,"DemandMax":null,"Value":10500},{"Length":33,"Height":108,"Demand":1,"DemandMax":null,"Value":3564},{"Length":67,"Height":48,"Demand":1,"DemandMax":null,"Value":3216},{"Length":107,"Height":166,"Demand":1,"DemandMax":null,"Value":17762},{"Length":144,"Height":36,"Demand":1,"DemandMax":null,"Value":5184},{"Length":123,"Height":50,"Demand":1,"DemandMax":null,"Value":6150},{"Length":141,"Height":84,"Demand":1,"DemandMax":null,"Value":11844},{"Length":144,"Height":41,"Demand":1,"DemandMax":null,"Value":5904},{"Length":158,"Height":68,"Demand":1,"DemandMax":null,"Value":10744},{"Length":65,"Height":55,"Demand":1,"DemandMax":null,"Value":3575},{"Length":38,"Height":63,"Demand":1,"DemandMax":null,"Value":2394},{"Length":59,"Height":43,"Demand":1,"DemandMax":null,"Value":2537},{"Length":53,"Height":30,"Demand":1,"DemandMax":null,"Value":1590},{"Length":46,"Height":32,"Demand":1,"DemandMax":null,"Value":1472},{"Length":65,"Height":21,"Demand":1,"DemandMax":null,"Value":1365},{"Length":36,"Height":87,"Demand":1,"DemandMax":null,"Value":3132},{"Length":62,"Height":21,"Demand":1,"DemandMax":null,"Value":1302},{"Length":129,"Height":39,"Demand":1,"DemandMax":null,"Value":5031},{"Length":48,"Height":34,"Demand":1,"DemandMax":null,"Value":1632},{"Length":53,"Height":91,"Demand":1,"DemandMax":null,"Value":4823},{"Length":116,"Height":59,"Demand":1,"DemandMax":null,"Value":6844},{"Length":56,"Height":45,"Demand":2,"DemandMax":null,"Value":2520},{"Length":33,"Height":35,"Demand":1,"DemandMax":null,"Value":1155},{"Length":55,"Height":56,"Demand":1,"DemandMax":null,"Value":3080},{"Length":34,"Height":92,"Demand":2,"DemandMax":null,"Value":3128},{"Length":98,"Height":163,"Demand":1,"DemandMax":null,"Value":15974},{"Length":52,"Height":83,"Demand":2,"DemandMax":null,"Value":4316},{"Length":30,"Height":56,"Demand":1,"DemandMax":null,"Value":1680},{"Length":81,"Height":40,"Demand":1,"DemandMax":null,"Value":3240},{"Length":64,"Height":57,"Demand":1,"DemandMax":null,"Value":3648},{"Length":65,"Height":46,"Demand":2,"DemandMax":null,"Value":2990},{"Length":65,"Height":60,"Demand":1,"DemandMax":null,"Value":3900},{"Length":37,"Height":100,"Demand":1,"DemandMax":null,"Value":3700},{"Length":39,"Height":33,"Demand":1,"DemandMax":null,"Value":1287},{"Length":49,"Height":70,"Demand":1,"DemandMax":null,"Value":3430},{"Length":69,"Height":136,"Demand":1,"DemandMax":null,"Value":9384},{"Length":58,"Height":39,"Demand":2,"DemandMax":null,"Value":2262},{"Length":50,"Height":79,"Demand":1,"DemandMax":null,"Value":3950},{"Length":107,"Height":49,"Demand":1,"DemandMax":null,"Value":5243},{"Length":40,"Height":86,"Demand":1,"DemandMax":null,"Value":3440},{"Length":34,"Height":41,"Demand":1,"DemandMax":null,"Value":1394},{"Length":38,"Height":33,"Demand":1,"DemandMax":null,"Value":1254},{"Length":52,"Height":41,"Demand":1,"DemandMax":null,"Value":2132},{"Length":56,"Height":80,"Demand":1,"DemandMax":null,"Value":4480},{"Length":23,"Height":80,"Demand":2,"DemandMax":null,"Value":1840},{"Length":44,"Height":72,"Demand":1,"DemandMax":null,"Value":3168},{"Length":83,"Height":43,"Demand":1,"DemandMax":null,"Value":3569},{"Length":54,"Height":47,"Demand":1,"DemandMax":null,"Value":2538},{"Length":62,"Height":45,"Demand":1,"DemandMax":null,"Value":2790},{"Length":39,"Height":76,"Demand":1,"DemandMax":null,"Value":2964},{"Length":50,"Height":50,"Demand":1,"DemandMax":null,"Value":2500},{"Length":89,"Height":31,"Demand":1,"DemandMax":null,"Value":2759},{"Length":30,"Height":75,"Demand":2,"DemandMax":null,"Value":2250},{"Length":60,"Height":20,"Demand":1,"DemandMax":null,"Value":1200},{"Length":114,"Height":72,"Demand":1,"DemandMax":null,"Value":8208},{"Length":55,"Height":23,"Demand":1,"DemandMax":null,"Value":1265},{"Length":64,"Height":66,"Demand":1,"DemandMax":null,"Value":4224},{"Length":30,"Height":38,"Demand":1,"DemandMax":null,"Value":1140},{"Length":30,"Height":39,"Demand":1,"DemandMax":null,"Value":1170},{"Length":30,"Height":80,"Demand":1,"DemandMax":null,"Value":2400},{"Length":37,"Height":35,"Demand":1,"DemandMax":null,"Value":1295},{"Length":65,"Height":49,"Demand":1,"DemandMax":null,"Value":3185},{"Length":51,"Height":82,"Demand":1,"DemandMax":null,"Value":4182},{"Length":21,"Height":65,"Demand":1,"DemandMax":null,"Value":1365},{"Length":65,"Height":59,"Demand":1,"DemandMax":null,"Value":3835},{"Length":116,"Height":76,"Demand":1,"DemandMax":null,"Value":8816},{"Length":65,"Height":73,"Demand":1,"DemandMax":null,"Value":4745},{"Length":61,"Height":19,"Demand":1,"DemandMax":null,"Value":1159},{"Length":36,"Height":80,"Demand":2,"DemandMax":null,"Value":2880},{"Length":42,"Height":74,"Demand":1,"DemandMax":null,"Value":3108},{"Length":31,"Height":90,"Demand":1,"DemandMax":null,"Value":2790},{"Length":41,"Height":52,"Demand":1,"DemandMax":null,"Value":2132},{"Length":96,"Height":28,"Demand":1,"DemandMax":null,"Value":2688},{"Length":41,"Height":81,"Demand":1,"DemandMax":null,"Value":3321},{"Length":129,"Height":33,"Demand":1,"DemandMax":null,"Value":4257},{"Length":45,"Height":57,"Demand":1,"DemandMax":null,"Value":2565},{"Length":34,"Height":70,"Demand":1,"DemandMax":null,"Value":2380},{"Length":76,"Height":68,"Demand":1,"DemandMax":null,"Value":5168},{"Length":51,"Height":65,"Demand":1,"DemandMax":null,"Value":3315},{"Length":57,"Height":63,"Demand":1,"DemandMax":null,"Value":3591},{"Length":36,"Height":38,"Demand":1,"DemandMax":null,"Value":1368},{"Length":26,"Height":83,"Demand":1,"DemandMax":null,"Value":2158},{"Length":34,"Height":119,"Demand":1,"DemandMax":null,"Value":4046},{"Length":88,"Height":30,"Demand":1,"DemandMax":null,"Value":2640},{"Length":70,"Height":49,"Demand":1,"DemandMax":null,"Value":3430},{"Length":33,"Height":36,"Demand":2,"DemandMax":null,"Value":1188},{"Length":38,"Height":82,"Demand":1,"DemandMax":null,"Value":3116},{"Length":79,"Height":22,"Demand":1,"DemandMax":null,"Value":1738},{"Length":25,"Height":100,"Demand":1,"DemandMax":null,"Value":2500},{"Length":32,"Height":86,"Demand":1,"DemandMax":null,"Value":2752},{"Length":32,"Height":36,"Demand":1,"DemandMax":null,"Value":1152},{"Length":61,"Height":39,"Demand":1,"DemandMax":null,"Value":2379},{"Length":59,"Height":59,"Demand":1,"DemandMax":null,"Value":3481},{"Length":64,"Height":59,"Demand":1,"DemandMax":null,"Value":3776},{"Length":58,"Height":24,"Demand":1,"DemandMax":null,"Value":1392},{"Length":105,"Height":38,"Demand":1,"DemandMax":null,"Value":3990},{"Length":40,"Height":75,"Demand":1,"DemandMax":null,"Value":3000},{"Length":65,"Height":35,"Demand":2,"DemandMax":null,"Value":2275},{"Length":19,"Height":67,"Demand":1,"DemandMax":null,"Value":1273},{"Length":50,"Height":54,"Demand":3,"DemandMax":null,"Value":2700},{"Length":70,"Height":53,"Demand":1,"DemandMax":null,"Value":3710},{"Length":32,"Height":117,"Demand":1,"DemandMax":null,"Value":3744},{"Length":40,"Height":78,"Demand":1,"DemandMax":null,"Value":3120},{"Length":71,"Height":37,"Demand":1,"DemandMax":null,"Value":2627},{"Length":53,"Height":55,"Demand":1,"DemandMax":null,"Value":2915},{"Length":147,"Height":54,"Demand":1,"DemandMax":null,"Value":7938},{"Length":34,"Height":112,"Demand":1,"DemandMax":null,"Value":3808},{"Length":47,"Height":49,"Demand":1,"DemandMax":null,"Value":2303},{"Length":107,"Height":29,"Demand":1,"DemandMax":null,"Value":3103},{"Length":53,"Height":41,"Demand":1,"DemandMax":null,"Value":2173},{"Length":72,"Height":143,"Demand":1,"DemandMax":null,"Value":10296},{"Length":34,"Height":123,"Demand":1,"DemandMax":null,"Value":4182},{"Length":93,"Height":25,"Demand":1,"DemandMax":null,"Value":2325},{"Length":66,"Height":48,"Demand":1,"DemandMax":null,"Value":3168},{"Length":63,"Height":54,"Demand":1,"DemandMax":null,"Value":3402},{"Length":70,"Height":59,"Demand":1,"DemandMax":null,"Value":4130},{"Length":79,"Height":105,"Demand":2,"DemandMax":null,"Value":8295},{"Length":29,"Height":83,"Demand":1,"DemandMax":null,"Value":2407},{"Length":35,"Height":75,"Demand":1,"DemandMax":null,"Value":2625},{"Length":33,"Height":65,"Demand":1,"DemandMax":null,"Value":2145},{"Length":58,"Height":49,"Demand":1,"DemandMax":null,"Value":2842},{"Length":52,"Height":52,"Demand":1,"DemandMax":null,"Value":2704},{"Length":53,"Height":54,"Demand":1,"DemandMax":null,"Value":2862},{"Length":73,"Height":63,"Demand":1,"DemandMax":null,"Value":4599},{"Length":66,"Height":42,"Demand":1,"DemandMax":null,"Value":2772},{"Length":30,"Height":54,"Demand":1,"DemandMax":null,"Value":1620},{"Length":38,"Height":80,"Demand":1,"DemandMax":null,"Value":3040},{"Length":62,"Height":39,"Demand":1,"DemandMax":null,"Value":2418},{"Length":78,"Height":120,"Demand":1,"DemandMax":null,"Value":9360},{"Length":62,"Height":23,"Demand":2,"DemandMax":null,"Value":1426},{"Length":84,"Height":42,"Demand":1,"DemandMax":null,"Value":3528},{"Length":112,"Height":29,"Demand":1,"DemandMax":null,"Value":3248},{"Length":96,"Height":37,"Demand":1,"DemandMax":null,"Value":3552},{"Length":53,"Height":64,"Demand":1,"DemandMax":null,"Value":3392},{"Length":61,"Height":42,"Demand":1,"DemandMax":null,"Value":2562},{"Length":54,"Height":52,"Demand":2,"DemandMax":null,"Value":2808},{"Length":51,"Height":33,"Demand":1,"DemandMax":null,"Value":1683},{"Length":88,"Height":35,"Demand":1,"DemandMax":null,"Value":3080},{"Length":61,"Height":40,"Demand":1,"DemandMax":null,"Value":2440},{"Length":62,"Height":35,"Demand":1,"DemandMax":null,"Value":2170},{"Length":60,"Height":42,"Demand":1,"DemandMax":null,"Value":2520},{"Length":29,"Height":114,"Demand":1,"DemandMax":null,"Value":3306},{"Length":32,"Height":38,"Demand":1,"DemandMax":null,"Value":1216},{"Length":57,"Height":67,"Demand":1,"DemandMax":null,"Value":3819},{"Length":38,"Height":120,"Demand":1,"DemandMax":null,"Value":4560},{"Length":55,"Height":49,"Demand":1,"DemandMax":null,"Value":2695},{"Length":46,"Height":70,"Demand":1,"DemandMax":null,"Value":3220},{"Length":17,"Height":68,"Demand":2,"DemandMax":null,"Value":1156},{"Length":118,"Height":86,"Demand":1,"DemandMax":null,"Value":10148},{"Length":28,"Height":43,"Demand":1,"DemandMax":null,"Value":1204},{"Length":34,"Height":86,"Demand":1,"DemandMax":null,"Value":2924},{"Length":80,"Height":25,"Demand":1,"DemandMax":null,"Value":2000},{"Length":129,"Height":37,"Demand":1,"DemandMax":null,"Value":4773},{"Length":46,"Height":81,"Demand":1,"DemandMax":null,"Value":3726},{"Length":71,"Height":40,"Demand":1,"DemandMax":null,"Value":2840},{"Length":51,"Height":84,"Demand":1,"DemandMax":null,"Value":4284},{"Length":29,"Height":41,"Demand":1,"DemandMax":null,"Value":1189},{"Length":118,"Height":33,"Demand":1,"DemandMax":null,"Value":3894},{"Length":88,"Height":67,"Demand":1,"DemandMax":null,"Value":5896},{"Length":72,"Height":84,"Demand":1,"DemandMax":null,"Value":6048},{"Length":87,"Height":22,"Demand":2,"DemandMax":null,"Value":1914},{"Length":64,"Height":49,"Demand":2,"DemandMax":null,"Value":3136},{"Length":67,"Height":52,"Demand":1,"DemandMax":null,"Value":3484},{"Length":34,"Height":117,"Demand":1,"DemandMax":null,"Value":3978},{"Length":39,"Height":69,"Demand":1,"DemandMax":null,"Value":2691},{"Length":28,"Height":111,"Demand":1,"DemandMax":null,"Value":3108},{"Length":71,"Height":20,"Demand":1,"DemandMax":null,"Value":1420},{"Length":47,"Height":123,"Demand":1,"DemandMax":null,"Value":5781},{"Length":54,"Height":64,"Demand":1,"DemandMax":null,"Value":3456},{"Length":63,"Height":49,"Demand":1,"DemandMax":null,"Value":3087},{"Length":56,"Height":50,"Demand":1,"DemandMax":null,"Value":2800},{"Length":32,"Height":77,"Demand":1,"DemandMax":null,"Value":2464},{"Length":43,"Height":41,"Demand":1,"DemandMax":null,"Value":1763},{"Length":54,"Height":41,"Demand":1,"DemandMax":null,"Value":2214},{"Length":83,"Height":68,"Demand":1,"DemandMax":null,"Value":5644},{"Length":39,"Height":77,"Demand":1,"DemandMax":null,"Value":3003},{"Length":59,"Height":74,"Demand":1,"DemandMax":null,"Value":4366},{"Length":59,"Height":41,"Demand":2,"DemandMax":null,"Value":2419},{"Length":62,"Height":86,"Demand":1,"DemandMax":null,"Value":5332},{"Length":52,"Height":82,"Demand":1,"DemandMax":null,"Value":4264},{"Length":50,"Height":71,"Demand":2,"DemandMax":null,"Value":3550},{"Length":95,"Height":98,"Demand":1,"DemandMax":null,"Value":9310},{"Length":62,"Height":44,"Demand":1,"DemandMax":null,"Value":2728},{"Length":41,"Height":33,"Demand":1,"DemandMax":null,"Value":1353},{"Length":100,"Height":42,"Demand":1,"DemandMax":null,"Value":4200},{"Length":23,"Height":66,"Demand":1,"DemandMax":null,"Value":1518},{"Length":82,"Height":44,"Demand":1,"DemandMax":null,"Value":3608},{"Length":49,"Height":112,"Demand":1,"DemandMax":null,"Value":5488},{"Length":37,"Height":111,"Demand":1,"DemandMax":null,"Value":4107},{"Length":62,"Height":42,"Demand":1,"DemandMax":null,"Value":2604},{"Length":57,"Height":57,"Demand":1,"DemandMax":null,"Value":3249},{"Length":168,"Height":84,"Demand":1,"DemandMax":null,"Value":14112},{"Length":37,"Height":98,"Demand":1,"DemandMax":null,"Value":3626},{"Length":38,"Height":31,"Demand":1,"DemandMax":null,"Value":1178},{"Length":65,"Height":40,"Demand":1,"DemandMax":null,"Value":2600},{"Length":46,"Height":66,"Demand":1,"DemandMax":null,"Value":3036},{"Length":112,"Height":38,"Demand":1,"DemandMax":null,"Value":4256},{"Length":90,"Height":28,"Demand":1,"DemandMax":null,"Value":2520},{"Length":105,"Height":28,"Demand":2,"DemandMax":null,"Value":2940},{"Length":70,"Height":90,"Demand":1,"DemandMax":null,"Value":6300},{"Length":58,"Height":62,"Demand":1,"DemandMax":null,"Value":3596},{"Length":53,"Height":109,"Demand":1,"DemandMax":null,"Value":5777},{"Length":47,"Height":66,"Demand":1,"DemandMax":null,"Value":3102},{"Length":65,"Height":98,"Demand":1,"DemandMax":null,"Value":6370},{"Length":42,"Height":29,"Demand":1,"DemandMax":null,"Value":1218},{"Length":46,"Height":171,"Demand":1,"DemandMax":null,"Value":7866},{"Length":42,"Height":69,"Demand":1,"DemandMax":null,"Value":2898},{"Length":39,"Height":67,"Demand":1,"DemandMax":null,"Value":2613},{"Length":46,"Height":139,"Demand":1,"DemandMax":null,"Value":6394},{"Length":37,"Height":34,"Demand":1,"DemandMax":null,"Value":1258},{"Length":44,"Height":44,"Demand":1,"DemandMax":null,"Value":1936},{"Length":108,"Height":79,"Demand":1,"DemandMax":null,"Value":8532},{"Length":58,"Height":28,"Demand":1,"DemandMax":null,"Value":1624},{"Length":79,"Height":33,"Demand":1,"DemandMax":null,"Value":2607},{"Length":70,"Height":41,"Demand":1,"DemandMax":null,"Value":2870},{"Length":36,"Height":65,"Demand":1,"DemandMax":null,"Value":2340},{"Length":44,"Height":70,"Demand":1,"DemandMax":null,"Value":3080},{"Length":38,"Height":49,"Demand":1,"DemandMax":null,"Value":1862},{"Length":38,"Height":51,"Demand":1,"DemandMax":null,"Value":1938},{"Length":50,"Height":69,"Demand":1,"DemandMax":null,"Value":3450},{"Length":30,"Height":63,"Demand":1,"DemandMax":null,"Value":1890},{"Length":62,"Height":27,"Demand":1,"DemandMax":null,"Value":1674},{"Length":77,"Height":71,"Demand":1,"DemandMax":null,"Value":5467},{"Length":34,"Height":50,"Demand":1,"DemandMax":null,"Value":1700},{"Length":30,"Height":66,"Demand":1,"DemandMax":null,"Value":1980},{"Length":32,"Height":66,"Demand":1,"DemandMax":null,"Value":2112},{"Length":55,"Height":30,"Demand":1,"DemandMax":null,"Value":1650},{"Length":35,"Height":36,"Demand":1,"DemandMax":null,"Value":1260},{"Length":43,"Height":49,"Demand":1,"DemandMax":null,"Value":2107},{"Length":71,"Height":33,"Demand":1,"DemandMax":null,"Value":2343},{"Length":75,"Height":34,"Demand":1,"DemandMax":null,"Value":2550},{"Length":79,"Height":26,"Demand":1,"DemandMax":null,"Value":2054},{"Length":60,"Height":22,"Demand":1,"DemandMax":null,"Value":1320},{"Length":62,"Height":57,"Demand":1,"DemandMax":null,"Value":3534},{"Length":80,"Height":95,"Demand":1,"DemandMax":null,"Value":7600},{"Length":61,"Height":33,"Demand":1,"DemandMax":null,"Value":2013},{"Length":31,"Height":39,"Demand":1,"DemandMax":null,"Value":1209},{"Length":33,"Height":64,"Demand":1,"DemandMax":null,"Value":2112},{"Length":35,"Height":38,"Demand":1,"DemandMax":null,"Value":1330},{"Length":37,"Height":48,"Demand":1,"DemandMax":null,"Value":1776},{"Length":71,"Height":23,"Demand":1,"DemandMax":null,"Value":1633},{"Length":26,"Height":52,"Demand":1,"DemandMax":null,"Value":1352},{"Length":65,"Height":22,"Demand":1,"DemandMax":null,"Value":1430},{"Length":51,"Height":38,"Demand":1,"DemandMax":null,"Value":1938},{"Length":48,"Height":29,"Demand":1,"DemandMax":null,"Value":1392},{"Length":24,"Height":59,"Demand":1,"DemandMax":null,"Value":1416},{"Length":28,"Height":59,"Demand":1,"DemandMax":null,"Value":1652},{"Length":27,"Height":79,"Demand":1,"DemandMax":null,"Value":2133},{"Length":59,"Height":30,"Demand":1,"DemandMax":null,"Value":1770},{"Length":67,"Height":33,"Demand":1,"DemandMax":null,"Value":2211},{"Length":54,"Height":76,"Demand":1,"DemandMax":null,"Value":4104},{"Length":32,"Height":39,"Demand":1,"DemandMax":null,"Value":1248},{"Length":61,"Height":22,"Demand":1,"DemandMax":null,"Value":1342},{"Length":28,"Height":57,"Demand":1,"DemandMax":null,"Value":1596}]}