{"Name":"Nice25i2b2","Objects":[{"Length":1000,"Height":421,"Stock":3,"Cost":421000},{"Length":1000,"Height":579,"Stock":3,"Cost":579000}],"Items":[{"Length":292,"Height":189,"Demand":1,"DemandMax":null,"Value":55188},{"Length":90,"Height":267,"Demand":1,"DemandMax":null,"Value":24030},{"Length":201,"Height":201,"Demand":1,"DemandMax":null,"Value":40401},{"Length":221,"Height":312,"Demand":1,"DemandMax":null,"Value":68952},{"Length":170,"Height":146,"Demand":1,"DemandMax":null,"Value":24820},{"Length":164,"Height":421,"Demand":1,"DemandMax":null,"Value":69044},{"Length":292,"Height":232,"Demand":1,"DemandMax":null,"Value":67744},{"Length":102,"Height":138,"Demand":2,"DemandMax":null,"Value":14076},{"Length":238,"Height":166,"Demand":1,"DemandMax":null,"Value":39508},{"Length":264,"Height":166,"Demand":1,"DemandMax":null,"Value":43824},{"Length":201,"Height":220,"Demand":1,"DemandMax":null,"Value":44220},{"Length":277,"Height":72,"Demand":1,"DemandMax":null,"Value":19944},{"Length":193,"Height":267,"Demand":1,"DemandMax":null,"Value":51531},{"Length":126,"Height":114,"Demand":1,"DemandMax":null,"Value":14364},{"Length":141,"Height":267,"Demand":1,"DemandMax":null,"Value":37647},{"Length":343,"Height":207,"Demand":1,"DemandMax":null,"Value":71001},{"Length":277,"Height":102,"Demand":1,"DemandMax":null,"Value":28254},{"Length":138,"Height":267,"Demand":1,"DemandMax":null,"Value":36846},{"Length":73,"Height":138,"Demand":1,"DemandMax":null,"Value":10074},{"Length":212,"Height":267,"Demand":1,"DemandMax":null,"Value":56604},{"Length":343,"Height":214,"Demand":1,"DemandMax":null,"Value":73402},{"Length":332,"Height":146,"Demand":1,"DemandMax":null,"Value":48472},{"Length":126,"Height":153,"Demand":1,"DemandMax":null,"Value":19278},{"Length":100,"Height":267,"Demand":1,"DemandMax":null,"Value":26700}]}