{"Name":"Nice200i6b3","Objects":[{"Length":227,"Height":269,"Stock":6,"Cost":61063},{"Length":465,"Height":731,"Stock":6,"Cost":339915},{"Length":211,"Height":269,"Stock":4,"Cost":56759},{"Length":535,"Height":731,"Stock":6,"Cost":391085},{"Length":297,"Height":269,"Stock":4,"Cost":79893},{"Length":265,"Height":269,"Stock":5,"Cost":71285}],"Items":[{"Length":104,"Height":65,"Demand":1,"DemandMax":null,"Value":6760},{"Length":88,"Height":52,"Demand":1,"DemandMax":null,"Value":4576},{"Length":105,"Height":42,"Demand":1,"DemandMax":null,"Value":4410},{"Length":97,"Height":80,"Demand":1,"DemandMax":null,"Value":7760},{"Length":60,"Height":59,"Demand":2,"DemandMax":null,"Value":3540},{"Length":101,"Height":55,"Demand":1,"DemandMax":null,"Value":5555},{"Length":60,"Height":73,"Demand":3,"DemandMax":null,"Value":4380},{"Length":55,"Height":70,"Demand":1,"DemandMax":null,"Value":3850},{"Length":77,"Height":63,"Demand":2,"DemandMax":null,"Value":4851},{"Length":62,"Height":70,"Demand":1,"DemandMax":null,"Value":4340},{"Length":41,"Height":89,"Demand":1,"DemandMax":null,"Value":3649},{"Length":41,"Height":84,"Demand":1,"DemandMax":null,"Value":3444},{"Length":45,"Height":64,"Demand":1,"DemandMax":null,"Value":2880},{"Length":76,"Height":63,"Demand":1,"DemandMax":null,"Value":4788},{"Length":52,"Height":57,"Demand":2,"DemandMax":null,"Value":2964},{"Length":63,"Height":101,"Demand":1,"DemandMax":null,"Value":6363},{"Length":85,"Height":85,"Demand":1,"DemandMax":null,"Value":7225},{"Length":115,"Height":67,"Demand":1,"DemandMax":null,"Value":7705},{"Length":60,"Height":76,"Demand":1,"DemandMax":null,"Value":4560},{"Length":91,"Height":46,"Demand":1,"DemandMax":null,"Value":4186},{"Length":94,"Height":42,"Demand":1,"DemandMax":null,"Value":3948},{"Length":87,"Height":48,"Demand":2,"DemandMax":null,"Value":4176},{"Length":41,"Height":69,"Demand":1,"DemandMax":null,"Value":2829},{"Length":90,"Height":30,"Demand":1,"DemandMax":null,"Value":2700},{"Length":71,"Height":107,"Demand":1,"DemandMax":null,"Value":7597},{"Length":41,"Height":66,"Demand":1,"DemandMax":null,"Value":2706},{"Length":87,"Height":58,"Demand":1,"DemandMax":null,"Value":5046},{"Length":123,"Height":47,"Demand":1,"DemandMax":null,"Value":5781},{"Length":60,"Height":72,"Demand":1,"DemandMax":null,"Value":4320},{"Length":53,"Height":83,"Demand":1,"DemandMax":null,"Value":4399},{"Length":91,"Height":81,"Demand":1,"DemandMax":null,"Value":7371},{"Length":85,"Height":57,"Demand":1,"DemandMax":null,"Value":4845},{"Length":43,"Height":86,"Demand":1,"DemandMax":null,"Value":3698},{"Length":44,"Height":100,"Demand":1,"DemandMax":null,"Value":4400},{"Length":120,"Height":31,"Demand":1,"DemandMax":null,"Value":3720},{"Length":85,"Height":54,"Demand":1,"DemandMax":null,"Value":4590},{"Length":101,"Height":72,"Demand":1,"DemandMax":null,"Value":7272},{"Length":66,"Height":95,"Demand":1,"DemandMax":null,"Value":6270},{"Length":132,"Height":47,"Demand":1,"DemandMax":null,"Value":6204},{"Length":59,"Height":60,"Demand":1,"DemandMax":null,"Value":3540},{"Length":40,"Height":69,"Demand":1,"DemandMax":null,"Value":2760},{"Length":120,"Height":38,"Demand":1,"DemandMax":null,"Value":4560},{"Length":110,"Height":44,"Demand":1,"DemandMax":null,"Value":4840},{"Length":108,"Height":50,"Demand":2,"DemandMax":null,"Value":5400},{"Length":36,"Height":137,"Demand":1,"DemandMax":null,"Value":4932},{"Length":43,"Height":110,"Demand":2,"DemandMax":null,"Value":4730},{"Length":49,"Height":113,"Demand":1,"DemandMax":null,"Value":5537},{"Length":94,"Height":43,"Demand":1,"DemandMax":null,"Value":4042},{"Length":50,"Height":71,"Demand":1,"DemandMax":null,"Value":3550},{"Length":109,"Height":46,"Demand":1,"DemandMax":null,"Value":5014},{"Length":27,"Height":98,"Demand":1,"DemandMax":null,"Value":2646},{"Length":45,"Height":96,"Demand":1,"DemandMax":null,"Value":4320},{"Length":100,"Height":80,"Demand":1,"DemandMax":null,"Value":8000},{"Length":69,"Height":88,"Demand":1,"DemandMax":null,"Value":6072},{"Length":69,"Height":125,"Demand":1,"DemandMax":null,"Value":8625},{"Length":37,"Height":125,"Demand":1,"DemandMax":null,"Value":4625},{"Length":34,"Height":116,"Demand":1,"DemandMax":null,"Value":3944},{"Length":94,"Height":82,"Demand":1,"DemandMax":null,"Value":7708},{"Length":61,"Height":86,"Demand":1,"DemandMax":null,"Value":5246},{"Length":62,"Height":43,"Demand":1,"DemandMax":null,"Value":2666},{"Length":56,"Height":76,"Demand":2,"DemandMax":null,"Value":4256},{"Length":116,"Height":44,"Demand":1,"DemandMax":null,"Value":5104},{"Length":58,"Height":82,"Demand":2,"DemandMax":null,"Value":4756},{"Length":66,"Height":98,"Demand":1,"DemandMax":null,"Value":6468},{"Length":67,"Height":67,"Demand":1,"DemandMax":null,"Value":4489},{"Length":53,"Height":81,"Demand":2,"DemandMax":null,"Value":4293},{"Length":66,"Height":40,"Demand":1,"DemandMax":null,"Value":2640},{"Length":58,"Height":110,"Demand":1,"DemandMax":null,"Value":6380},{"Length":104,"Height":67,"Demand":1,"DemandMax":null,"Value":6968},{"Length":53,"Height":84,"Demand":1,"DemandMax":null,"Value":4452},{"Length":40,"Height":146,"Demand":1,"DemandMax":null,"Value":5840},{"Length":71,"Height":113,"Demand":1,"DemandMax":null,"Value":8023},{"Length":61,"Height":61,"Demand":1,"DemandMax":null,"Value":3721},{"Length":76,"Height":69,"Demand":1,"DemandMax":null,"Value":5244},{"Length":120,"Height":57,"Demand":1,"DemandMax":null,"Value":6840},{"Length":58,"Height":61,"Demand":3,"DemandMax":null,"Value":3538},{"Length":106,"Height":69,"Demand":1,"DemandMax":null,"Value":7314},{"Length":69,"Height":64,"Demand":2,"DemandMax":null,"Value":4416},{"Length":67,"Height":73,"Demand":1,"DemandMax":null,"Value":4891},{"Length":50,"Height":89,"Demand":1,"DemandMax":null,"Value":4450},{"Length":61,"Height":72,"Demand":1,"DemandMax":null,"Value":4392},{"Length":61,"Height":89,"Demand":1,"DemandMax":null,"Value":5429},{"Length":45,"Height":100,"Demand":1,"DemandMax":null,"Value":4500},{"Length":67,"Height":79,"Demand":1,"DemandMax":null,"Value":5293},{"Length":57,"Height":62,"Demand":1,"DemandMax":null,"Value":3534},{"Length":39,"Height":130,"Demand":2,"DemandMax":null,"Value":5070},{"Length":63,"Height":76,"Demand":1,"DemandMax":null,"Value":4788},{"Length":69,"Height":84,"Demand":1,"DemandMax":null,"Value":5796},{"Length":120,"Height":46,"Demand":1,"DemandMax":null,"Value":5520},{"Length":61,"Height":74,"Demand":1,"DemandMax":null,"Value":4514},{"Length":132,"Height":48,"Demand":1,"DemandMax":null,"Value":6336},{"Length":69,"Height":97,"Demand":1,"DemandMax":null,"Value":6693},{"Length":62,"Height":89,"Demand":1,"DemandMax":null,"Value":5518},{"Length":91,"Height":75,"Demand":1,"DemandMax":null,"Value":6825},{"Length":43,"Height":167,"Demand":1,"DemandMax":null,"Value":7181},{"Length":57,"Height":69,"Demand":1,"DemandMax":null,"Value":3933},{"Length":53,"Height":102,"Demand":1,"DemandMax":null,"Value":5406},{"Length":48,"Height":74,"Demand":1,"DemandMax":null,"Value":3552},{"Length":52,"Height":90,"Demand":1,"DemandMax":null,"Value":4680},{"Length":65,"Height":90,"Demand":1,"DemandMax":null,"Value":5850},{"Length":123,"Height":35,"Demand":1,"DemandMax":null,"Value":4305},{"Length":65,"Height":68,"Demand":1,"DemandMax":null,"Value":4420},{"Length":70,"Height":40,"Demand":1,"DemandMax":null,"Value":2800},{"Length":65,"Height":96,"Demand":1,"DemandMax":null,"Value":6240},{"Length":51,"Height":91,"Demand":1,"DemandMax":null,"Value":4641},{"Length":50,"Height":53,"Demand":1,"DemandMax":null,"Value":2650},{"Length":58,"Height":114,"Demand":1,"DemandMax":null,"Value":6612},{"Length":65,"Height":114,"Demand":1,"DemandMax":null,"Value":7410},{"Length":87,"Height":76,"Demand":1,"DemandMax":null,"Value":6612},{"Length":55,"Height":77,"Demand":1,"DemandMax":null,"Value":4235},{"Length":101,"Height":35,"Demand":2,"DemandMax":null,"Value":3535},{"Length":51,"Height":52,"Demand":1,"DemandMax":null,"Value":2652},{"Length":31,"Height":95,"Demand":1,"DemandMax":null,"Value":2945},{"Length":105,"Height":65,"Demand":1,"DemandMax":null,"Value":6825},{"Length":99,"Height":40,"Demand":1,"DemandMax":null,"Value":3960},{"Length":120,"Height":53,"Demand":1,"DemandMax":null,"Value":6360},{"Length":62,"Height":75,"Demand":1,"DemandMax":null,"Value":4650},{"Length":63,"Height":66,"Demand":1,"DemandMax":null,"Value":4158},{"Length":63,"Height":68,"Demand":1,"DemandMax":null,"Value":4284},{"Length":74,"Height":82,"Demand":1,"DemandMax":null,"Value":6068},{"Length":123,"Height":57,"Demand":1,"DemandMax":null,"Value":7011},{"Length":55,"Height":85,"Demand":1,"DemandMax":null,"Value":4675},{"Length":73,"Height":67,"Demand":1,"DemandMax":null,"Value":4891},{"Length":62,"Height":71,"Demand":1,"DemandMax":null,"Value":4402},{"Length":58,"Height":90,"Demand":1,"DemandMax":null,"Value":5220},{"Length":63,"Height":71,"Demand":1,"DemandMax":null,"Value":4473},{"Length":116,"Height":39,"Demand":1,"DemandMax":null,"Value":4524},{"Length":62,"Height":85,"Demand":1,"DemandMax":null,"Value":5270},{"Length":62,"Height":74,"Demand":1,"DemandMax":null,"Value":4588},{"Length":91,"Height":47,"Demand":1,"DemandMax":null,"Value":4277},{"Length":66,"Height":71,"Demand":1,"DemandMax":null,"Value":4686},{"Length":65,"Height":85,"Demand":1,"DemandMax":null,"Value":5525},{"Length":68,"Height":110,"Demand":1,"DemandMax":null,"Value":7480},{"Length":88,"Height":69,"Demand":1,"DemandMax":null,"Value":6072},{"Length":69,"Height":96,"Demand":1,"DemandMax":null,"Value":6624},{"Length":156,"Height":73,"Demand":1,"DemandMax":null,"Value":11388},{"Length":30,"Height":88,"Demand":1,"DemandMax":null,"Value":2640},{"Length":65,"Height":75,"Demand":1,"DemandMax":null,"Value":4875},{"Length":64,"Height":68,"Demand":1,"DemandMax":null,"Value":4352},{"Length":51,"Height":98,"Demand":1,"DemandMax":null,"Value":4998},{"Length":58,"Height":49,"Demand":2,"DemandMax":null,"Value":2842},{"Length":40,"Height":137,"Demand":1,"DemandMax":null,"Value":5480},{"Length":90,"Height":71,"Demand":1,"DemandMax":null,"Value":6390},{"Length":94,"Height":110,"Demand":1,"DemandMax":null,"Value":10340},{"Length":59,"Height":86,"Demand":1,"DemandMax":null,"Value":5074},{"Length":99,"Height":45,"Demand":1,"DemandMax":null,"Value":4455},{"Length":55,"Height":76,"Demand":1,"DemandMax":null,"Value":4180},{"Length":62,"Height":78,"Demand":1,"DemandMax":null,"Value":4836},{"Length":37,"Height":116,"Demand":1,"DemandMax":null,"Value":4292},{"Length":58,"Height":64,"Demand":1,"DemandMax":null,"Value":3712},{"Length":75,"Height":62,"Demand":1,"DemandMax":null,"Value":4650},{"Length":63,"Height":69,"Demand":1,"DemandMax":null,"Value":4347},{"Length":73,"Height":61,"Demand":1,"DemandMax":null,"Value":4453},{"Length":46,"Height":86,"Demand":1,"DemandMax":null,"Value":3956},{"Length":94,"Height":47,"Demand":1,"DemandMax":null,"Value":4418},{"Length":105,"Height":86,"Demand":1,"DemandMax":null,"Value":9030},{"Length":112,"Height":54,"Demand":1,"DemandMax":null,"Value":6048},{"Length":48,"Height":93,"Demand":1,"DemandMax":null,"Value":4464},{"Length":94,"Height":45,"Demand":1,"DemandMax":null,"Value":4230},{"Length":116,"Height":172,"Demand":1,"DemandMax":null,"Value":19952},{"Length":94,"Height":113,"Demand":1,"DemandMax":null,"Value":10622},{"Length":46,"Height":89,"Demand":1,"DemandMax":null,"Value":4094},{"Length":50,"Height":91,"Demand":1,"DemandMax":null,"Value":4550},{"Length":88,"Height":209,"Demand":1,"DemandMax":null,"Value":18392},{"Length":51,"Height":54,"Demand":1,"DemandMax":null,"Value":2754},{"Length":50,"Height":55,"Demand":1,"DemandMax":null,"Value":2750},{"Length":70,"Height":45,"Demand":1,"DemandMax":null,"Value":3150},{"Length":40,"Height":77,"Demand":1,"DemandMax":null,"Value":3080},{"Length":36,"Height":88,"Demand":1,"DemandMax":null,"Value":3168},{"Length":39,"Height":98,"Demand":1,"DemandMax":null,"Value":3822},{"Length":54,"Height":57,"Demand":1,"DemandMax":null,"Value":3078},{"Length":41,"Height":74,"Demand":1,"DemandMax":null,"Value":3034},{"Length":54,"Height":88,"Demand":1,"DemandMax":null,"Value":4752},{"Length":90,"Height":58,"Demand":1,"DemandMax":null,"Value":5220},{"Length":65,"Height":43,"Demand":1,"DemandMax":null,"Value":2795},{"Length":68,"Height":40,"Demand":1,"DemandMax":null,"Value":2720},{"Length":120,"Height":34,"Demand":1,"DemandMax":null,"Value":4080},{"Length":111,"Height":82,"Demand":1,"DemandMax":null,"Value":9102},{"Length":64,"Height":57,"Demand":1,"DemandMax":null,"Value":3648},{"Length":42,"Height":84,"Demand":1,"DemandMax":null,"Value":3528},{"Length":41,"Height":71,"Demand":1,"DemandMax":null,"Value":2911},{"Length":35,"Height":95,"Demand":1,"DemandMax":null,"Value":3325},{"Length":45,"Height":66,"Demand":1,"DemandMax":null,"Value":2970}]}