{"Name":"Path200i6b5","Objects":[{"Length":298,"Height":431,"Stock":6,"Cost":128438},{"Length":642,"Height":279,"Stock":1,"Cost":179118},{"Length":702,"Height":273,"Stock":4,"Cost":191646},{"Length":358,"Height":279,"Stock":3,"Cost":99882},{"Length":702,"Height":448,"Stock":4,"Cost":314496},{"Length":298,"Height":290,"Stock":1,"Cost":86420}],"Items":[{"Length":47,"Height":237,"Demand":1,"DemandMax":null,"Value":11139},{"Length":208,"Height":124,"Demand":1,"DemandMax":null,"Value":25792},{"Length":239,"Height":273,"Demand":1,"DemandMax":null,"Value":65247},{"Length":197,"Height":7,"Demand":1,"DemandMax":null,"Value":1379},{"Length":258,"Height":233,"Demand":1,"DemandMax":null,"Value":60114},{"Length":51,"Height":46,"Demand":1,"DemandMax":null,"Value":2346},{"Length":192,"Height":204,"Demand":1,"DemandMax":null,"Value":39168},{"Length":9,"Height":52,"Demand":1,"DemandMax":null,"Value":468},{"Length":259,"Height":5,"Demand":1,"DemandMax":null,"Value":1295},{"Length":56,"Height":86,"Demand":1,"DemandMax":null,"Value":4816},{"Length":123,"Height":24,"Demand":1,"DemandMax":null,"Value":2952},{"Length":25,"Height":17,"Demand":1,"DemandMax":null,"Value":425},{"Length":96,"Height":63,"Demand":1,"DemandMax":null,"Value":6048},{"Length":22,"Height":17,"Demand":1,"DemandMax":null,"Value":374},{"Length":53,"Height":13,"Demand":1,"DemandMax":null,"Value":689},{"Length":56,"Height":2,"Demand":1,"DemandMax":null,"Value":112},{"Length":247,"Height":49,"Demand":1,"DemandMax":null,"Value":12103},{"Length":2,"Height":17,"Demand":1,"DemandMax":null,"Value":34},{"Length":3,"Height":237,"Demand":1,"DemandMax":null,"Value":711},{"Length":104,"Height":238,"Demand":1,"DemandMax":null,"Value":24752},{"Length":110,"Height":21,"Demand":1,"DemandMax":null,"Value":2310},{"Length":96,"Height":111,"Demand":1,"DemandMax":null,"Value":10656},{"Length":18,"Height":69,"Demand":1,"DemandMax":null,"Value":1242},{"Length":110,"Height":130,"Demand":1,"DemandMax":null,"Value":14300},{"Length":170,"Height":40,"Demand":1,"DemandMax":null,"Value":6800},{"Length":3,"Height":199,"Demand":1,"DemandMax":null,"Value":597},{"Length":15,"Height":16,"Demand":1,"DemandMax":null,"Value":240},{"Length":1,"Height":116,"Demand":3,"DemandMax":null,"Value":116},{"Length":1,"Height":35,"Demand":1,"DemandMax":null,"Value":35},{"Length":6,"Height":63,"Demand":1,"DemandMax":null,"Value":378},{"Length":101,"Height":34,"Demand":1,"DemandMax":null,"Value":3434},{"Length":31,"Height":15,"Demand":1,"DemandMax":null,"Value":465},{"Length":192,"Height":8,"Demand":1,"DemandMax":null,"Value":1536},{"Length":112,"Height":4,"Demand":1,"DemandMax":null,"Value":448},{"Length":76,"Height":1,"Demand":1,"DemandMax":null,"Value":76},{"Length":247,"Height":138,"Demand":1,"DemandMax":null,"Value":34086},{"Length":145,"Height":2,"Demand":1,"DemandMax":null,"Value":290},{"Length":1,"Height":7,"Demand":1,"DemandMax":null,"Value":7},{"Length":43,"Height":194,"Demand":1,"DemandMax":null,"Value":8342},{"Length":62,"Height":273,"Demand":1,"DemandMax":null,"Value":16926},{"Length":26,"Height":119,"Demand":1,"DemandMax":null,"Value":3094},{"Length":172,"Height":241,"Demand":1,"DemandMax":null,"Value":41452},{"Length":96,"Height":132,"Demand":1,"DemandMax":null,"Value":12672},{"Length":2,"Height":12,"Demand":2,"DemandMax":null,"Value":24},{"Length":3,"Height":49,"Demand":1,"DemandMax":null,"Value":147},{"Length":5,"Height":56,"Demand":1,"DemandMax":null,"Value":280},{"Length":192,"Height":159,"Demand":1,"DemandMax":null,"Value":30528},{"Length":19,"Height":46,"Demand":1,"DemandMax":null,"Value":874},{"Length":6,"Height":114,"Demand":1,"DemandMax":null,"Value":684},{"Length":28,"Height":207,"Demand":1,"DemandMax":null,"Value":5796},{"Length":3,"Height":105,"Demand":1,"DemandMax":null,"Value":315},{"Length":197,"Height":215,"Demand":1,"DemandMax":null,"Value":42355},{"Length":56,"Height":4,"Demand":1,"DemandMax":null,"Value":224},{"Length":143,"Height":1,"Demand":2,"DemandMax":null,"Value":143},{"Length":192,"Height":51,"Demand":1,"DemandMax":null,"Value":9792},{"Length":14,"Height":23,"Demand":1,"DemandMax":null,"Value":322},{"Length":1,"Height":202,"Demand":1,"DemandMax":null,"Value":202},{"Length":247,"Height":7,"Demand":1,"DemandMax":null,"Value":1729},{"Length":24,"Height":44,"Demand":1,"DemandMax":null,"Value":1056},{"Length":30,"Height":14,"Demand":1,"DemandMax":null,"Value":420},{"Length":124,"Height":33,"Demand":1,"DemandMax":null,"Value":4092},{"Length":88,"Height":180,"Demand":1,"DemandMax":null,"Value":15840},{"Length":75,"Height":19,"Demand":1,"DemandMax":null,"Value":1425},{"Length":40,"Height":51,"Demand":1,"DemandMax":null,"Value":2040},{"Length":192,"Height":105,"Demand":1,"DemandMax":null,"Value":20160},{"Length":21,"Height":223,"Demand":1,"DemandMax":null,"Value":4683},{"Length":16,"Height":56,"Demand":1,"DemandMax":null,"Value":896},{"Length":167,"Height":87,"Demand":1,"DemandMax":null,"Value":14529},{"Length":1,"Height":12,"Demand":1,"DemandMax":null,"Value":12},{"Length":170,"Height":39,"Demand":1,"DemandMax":null,"Value":6630},{"Length":144,"Height":9,"Demand":1,"DemandMax":null,"Value":1296},{"Length":105,"Height":273,"Demand":1,"DemandMax":null,"Value":28665},{"Length":7,"Height":273,"Demand":1,"DemandMax":null,"Value":1911},{"Length":5,"Height":23,"Demand":1,"DemandMax":null,"Value":115},{"Length":36,"Height":105,"Demand":1,"DemandMax":null,"Value":3780},{"Length":57,"Height":21,"Demand":1,"DemandMax":null,"Value":1197},{"Length":58,"Height":31,"Demand":1,"DemandMax":null,"Value":1798},{"Length":5,"Height":237,"Demand":1,"DemandMax":null,"Value":1185},{"Length":1,"Height":41,"Demand":1,"DemandMax":null,"Value":41},{"Length":10,"Height":260,"Demand":1,"DemandMax":null,"Value":2600},{"Length":57,"Height":159,"Demand":1,"DemandMax":null,"Value":9063},{"Length":88,"Height":58,"Demand":1,"DemandMax":null,"Value":5104},{"Length":12,"Height":10,"Demand":1,"DemandMax":null,"Value":120},{"Length":167,"Height":18,"Demand":1,"DemandMax":null,"Value":3006},{"Length":1,"Height":49,"Demand":1,"DemandMax":null,"Value":49},{"Length":143,"Height":20,"Demand":1,"DemandMax":null,"Value":2860},{"Length":1,"Height":6,"Demand":1,"DemandMax":null,"Value":6},{"Length":1,"Height":5,"Demand":1,"DemandMax":null,"Value":5},{"Length":89,"Height":2,"Demand":1,"DemandMax":null,"Value":178},{"Length":30,"Height":72,"Demand":1,"DemandMax":null,"Value":2160},{"Length":190,"Height":48,"Demand":1,"DemandMax":null,"Value":9120},{"Length":3,"Height":1,"Demand":1,"DemandMax":null,"Value":3},{"Length":129,"Height":233,"Demand":1,"DemandMax":null,"Value":30057},{"Length":5,"Height":52,"Demand":1,"DemandMax":null,"Value":260},{"Length":259,"Height":7,"Demand":1,"DemandMax":null,"Value":1813},{"Length":4,"Height":62,"Demand":1,"DemandMax":null,"Value":248},{"Length":1,"Height":151,"Demand":1,"DemandMax":null,"Value":151},{"Length":81,"Height":72,"Demand":1,"DemandMax":null,"Value":5832},{"Length":1,"Height":4,"Demand":1,"DemandMax":null,"Value":4},{"Length":144,"Height":123,"Demand":1,"DemandMax":null,"Value":17712},{"Length":6,"Height":11,"Demand":2,"DemandMax":null,"Value":66},{"Length":1,"Height":24,"Demand":1,"DemandMax":null,"Value":24},{"Length":8,"Height":52,"Demand":1,"DemandMax":null,"Value":416},{"Length":76,"Height":4,"Demand":1,"DemandMax":null,"Value":304},{"Length":18,"Height":47,"Demand":1,"DemandMax":null,"Value":846},{"Length":51,"Height":44,"Demand":1,"DemandMax":null,"Value":2244},{"Length":19,"Height":7,"Demand":1,"DemandMax":null,"Value":133},{"Length":52,"Height":15,"Demand":1,"DemandMax":null,"Value":780},{"Length":1,"Height":237,"Demand":1,"DemandMax":null,"Value":237},{"Length":59,"Height":1,"Demand":1,"DemandMax":null,"Value":59},{"Length":6,"Height":12,"Demand":1,"DemandMax":null,"Value":72},{"Length":190,"Height":15,"Demand":1,"DemandMax":null,"Value":2850},{"Length":9,"Height":124,"Demand":1,"DemandMax":null,"Value":1116},{"Length":14,"Height":201,"Demand":1,"DemandMax":null,"Value":2814},{"Length":46,"Height":9,"Demand":1,"DemandMax":null,"Value":414},{"Length":13,"Height":3,"Demand":2,"DemandMax":null,"Value":39},{"Length":105,"Height":4,"Demand":1,"DemandMax":null,"Value":420},{"Length":40,"Height":182,"Demand":1,"DemandMax":null,"Value":7280},{"Length":197,"Height":1,"Demand":1,"DemandMax":null,"Value":197},{"Length":143,"Height":3,"Demand":1,"DemandMax":null,"Value":429},{"Length":9,"Height":237,"Demand":1,"DemandMax":null,"Value":2133},{"Length":154,"Height":152,"Demand":1,"DemandMax":null,"Value":23408},{"Length":1,"Height":149,"Demand":1,"DemandMax":null,"Value":149},{"Length":1,"Height":1,"Demand":1,"DemandMax":null,"Value":1},{"Length":5,"Height":63,"Demand":1,"DemandMax":null,"Value":315},{"Length":17,"Height":121,"Demand":1,"DemandMax":null,"Value":2057},{"Length":197,"Height":8,"Demand":1,"DemandMax":null,"Value":1576},{"Length":112,"Height":13,"Demand":1,"DemandMax":null,"Value":1456},{"Length":2,"Height":116,"Demand":1,"DemandMax":null,"Value":232},{"Length":259,"Height":55,"Demand":1,"DemandMax":null,"Value":14245},{"Length":16,"Height":37,"Demand":1,"DemandMax":null,"Value":592},{"Length":21,"Height":46,"Demand":1,"DemandMax":null,"Value":966},{"Length":110,"Height":86,"Demand":1,"DemandMax":null,"Value":9460},{"Length":15,"Height":116,"Demand":1,"DemandMax":null,"Value":1740},{"Length":259,"Height":211,"Demand":1,"DemandMax":null,"Value":54649},{"Length":36,"Height":47,"Demand":1,"DemandMax":null,"Value":1692},{"Length":13,"Height":1,"Demand":1,"DemandMax":null,"Value":13},{"Length":93,"Height":8,"Demand":1,"DemandMax":null,"Value":744},{"Length":123,"Height":240,"Demand":1,"DemandMax":null,"Value":29520},{"Length":56,"Height":12,"Demand":1,"DemandMax":null,"Value":672},{"Length":10,"Height":1,"Demand":1,"DemandMax":null,"Value":10},{"Length":9,"Height":1,"Demand":1,"DemandMax":null,"Value":9},{"Length":25,"Height":16,"Demand":1,"DemandMax":null,"Value":400},{"Length":247,"Height":8,"Demand":1,"DemandMax":null,"Value":1976},{"Length":9,"Height":223,"Demand":1,"DemandMax":null,"Value":2007},{"Length":192,"Height":10,"Demand":1,"DemandMax":null,"Value":1920},{"Length":144,"Height":4,"Demand":1,"DemandMax":null,"Value":576},{"Length":96,"Height":21,"Demand":1,"DemandMax":null,"Value":2016},{"Length":58,"Height":191,"Demand":1,"DemandMax":null,"Value":11078},{"Length":6,"Height":101,"Demand":1,"DemandMax":null,"Value":606},{"Length":51,"Height":99,"Demand":1,"DemandMax":null,"Value":5049},{"Length":7,"Height":6,"Demand":1,"DemandMax":null,"Value":42},{"Length":1,"Height":9,"Demand":1,"DemandMax":null,"Value":9},{"Length":1,"Height":52,"Demand":1,"DemandMax":null,"Value":52},{"Length":144,"Height":1,"Demand":1,"DemandMax":null,"Value":144},{"Length":3,"Height":33,"Demand":1,"DemandMax":null,"Value":99},{"Length":17,"Height":62,"Demand":1,"DemandMax":null,"Value":1054},{"Length":2,"Height":1,"Demand":1,"DemandMax":null,"Value":2},{"Length":4,"Height":63,"Demand":1,"DemandMax":null,"Value":252},{"Length":3,"Height":6,"Demand":1,"DemandMax":null,"Value":18},{"Length":30,"Height":36,"Demand":1,"DemandMax":null,"Value":1080},{"Length":144,"Height":10,"Demand":1,"DemandMax":null,"Value":1440},{"Length":85,"Height":194,"Demand":1,"DemandMax":null,"Value":16490},{"Length":51,"Height":8,"Demand":1,"DemandMax":null,"Value":408},{"Length":28,"Height":30,"Demand":1,"DemandMax":null,"Value":840},{"Length":1,"Height":42,"Demand":1,"DemandMax":null,"Value":42},{"Length":37,"Height":7,"Demand":1,"DemandMax":null,"Value":259},{"Length":259,"Height":1,"Demand":1,"DemandMax":null,"Value":259},{"Length":14,"Height":72,"Demand":1,"DemandMax":null,"Value":1008},{"Length":16,"Height":18,"Demand":1,"DemandMax":null,"Value":288},{"Length":1,"Height":10,"Demand":1,"DemandMax":null,"Value":10},{"Length":51,"Height":14,"Demand":1,"DemandMax":null,"Value":714},{"Length":1,"Height":2,"Demand":1,"DemandMax":null,"Value":2},{"Length":51,"Height":87,"Demand":1,"DemandMax":null,"Value":4437},{"Length":99,"Height":114,"Demand":1,"DemandMax":null,"Value":11286},{"Length":1,"Height":3,"Demand":1,"DemandMax":null,"Value":3},{"Length":68,"Height":4,"Demand":1,"DemandMax":null,"Value":272},{"Length":59,"Height":9,"Demand":1,"DemandMax":null,"Value":531},{"Length":40,"Height":10,"Demand":1,"DemandMax":null,"Value":400},{"Length":6,"Height":6,"Demand":1,"DemandMax":null,"Value":36},{"Length":43,"Height":34,"Demand":1,"DemandMax":null,"Value":1462},{"Length":1,"Height":31,"Demand":1,"DemandMax":null,"Value":31},{"Length":31,"Height":1,"Demand":1,"DemandMax":null,"Value":31},{"Length":57,"Height":57,"Demand":1,"DemandMax":null,"Value":3249},{"Length":3,"Height":3,"Demand":1,"DemandMax":null,"Value":9},{"Length":16,"Height":45,"Demand":1,"DemandMax":null,"Value":720},{"Length":24,"Height":28,"Demand":1,"DemandMax":null,"Value":672},{"Length":124,"Height":151,"Demand":1,"DemandMax":null,"Value":18724},{"Length":43,"Height":260,"Demand":1,"DemandMax":null,"Value":11180},{"Length":56,"Height":135,"Demand":1,"DemandMax":null,"Value":7560},{"Length":15,"Height":221,"Demand":1,"DemandMax":null,"Value":3315},{"Length":96,"Height":15,"Demand":1,"DemandMax":null,"Value":1440},{"Length":16,"Height":66,"Demand":1,"DemandMax":null,"Value":1056},{"Length":30,"Height":52,"Demand":1,"DemandMax":null,"Value":1560}]}