{"Name":"Path50i4b5","Objects":[{"Length":367,"Height":614,"Stock":5,"Cost":225338},{"Length":633,"Height":392,"Stock":2,"Cost":248136},{"Length":633,"Height":608,"Stock":6,"Cost":384864},{"Length":367,"Height":386,"Stock":3,"Cost":141662}],"Items":[{"Length":316,"Height":314,"Demand":1,"DemandMax":null,"Value":99224},{"Length":312,"Height":193,"Demand":1,"DemandMax":null,"Value":60216},{"Length":351,"Height":323,"Demand":1,"DemandMax":null,"Value":113373},{"Length":367,"Height":174,"Demand":1,"DemandMax":null,"Value":63858},{"Length":367,"Height":27,"Demand":1,"DemandMax":null,"Value":9909},{"Length":94,"Height":313,"Demand":1,"DemandMax":null,"Value":29422},{"Length":339,"Height":39,"Demand":1,"DemandMax":null,"Value":13221},{"Length":28,"Height":53,"Demand":1,"DemandMax":null,"Value":1484},{"Length":4,"Height":295,"Demand":1,"DemandMax":null,"Value":1180},{"Length":74,"Height":5,"Demand":1,"DemandMax":null,"Value":370},{"Length":321,"Height":322,"Demand":1,"DemandMax":null,"Value":103362},{"Length":54,"Height":313,"Demand":1,"DemandMax":null,"Value":16902},{"Length":3,"Height":6,"Demand":1,"DemandMax":null,"Value":18},{"Length":221,"Height":2,"Demand":1,"DemandMax":null,"Value":442},{"Length":168,"Height":295,"Demand":1,"DemandMax":null,"Value":49560},{"Length":351,"Height":77,"Demand":1,"DemandMax":null,"Value":27027},{"Length":1,"Height":5,"Demand":1,"DemandMax":null,"Value":5},{"Length":52,"Height":313,"Demand":1,"DemandMax":null,"Value":16276},{"Length":17,"Height":295,"Demand":1,"DemandMax":null,"Value":5015},{"Length":1,"Height":2,"Demand":1,"DemandMax":null,"Value":2},{"Length":2,"Height":313,"Demand":1,"DemandMax":null,"Value":626},{"Length":167,"Height":149,"Demand":1,"DemandMax":null,"Value":24883},{"Length":1,"Height":1,"Demand":3,"DemandMax":null,"Value":1},{"Length":1,"Height":313,"Demand":1,"DemandMax":null,"Value":313},{"Length":187,"Height":10,"Demand":1,"DemandMax":null,"Value":1870},{"Length":145,"Height":149,"Demand":1,"DemandMax":null,"Value":21605},{"Length":79,"Height":48,"Demand":1,"DemandMax":null,"Value":3792},{"Length":12,"Height":1,"Demand":1,"DemandMax":null,"Value":12},{"Length":367,"Height":300,"Demand":1,"DemandMax":null,"Value":110100},{"Length":363,"Height":3,"Demand":1,"DemandMax":null,"Value":1089},{"Length":146,"Height":1,"Demand":2,"DemandMax":null,"Value":146},{"Length":339,"Height":15,"Demand":1,"DemandMax":null,"Value":5085},{"Length":93,"Height":295,"Demand":1,"DemandMax":null,"Value":27435},{"Length":79,"Height":178,"Demand":1,"DemandMax":null,"Value":14062},{"Length":2,"Height":4,"Demand":1,"DemandMax":null,"Value":8},{"Length":367,"Height":6,"Demand":1,"DemandMax":null,"Value":2202},{"Length":16,"Height":1,"Demand":1,"DemandMax":null,"Value":16},{"Length":367,"Height":103,"Demand":1,"DemandMax":null,"Value":37801},{"Length":180,"Height":10,"Demand":1,"DemandMax":null,"Value":1800},{"Length":363,"Height":2,"Demand":1,"DemandMax":null,"Value":726},{"Length":351,"Height":208,"Demand":1,"DemandMax":null,"Value":73008},{"Length":312,"Height":50,"Demand":1,"DemandMax":null,"Value":15600},{"Length":51,"Height":314,"Demand":1,"DemandMax":null,"Value":16014},{"Length":321,"Height":70,"Demand":1,"DemandMax":null,"Value":22470},{"Length":1,"Height":4,"Demand":1,"DemandMax":null,"Value":4},{"Length":289,"Height":5,"Demand":1,"DemandMax":null,"Value":1445},{"Length":79,"Height":87,"Demand":1,"DemandMax":null,"Value":6873}]}