{"Name":"Path25i5b5","Objects":[{"Length":493,"Height":343,"Stock":6,"Cost":169099},{"Length":507,"Height":638,"Stock":5,"Cost":323466},{"Length":507,"Height":362,"Stock":3,"Cost":183534},{"Length":493,"Height":297,"Stock":6,"Cost":146421},{"Length":493,"Height":360,"Stock":1,"Cost":177480}],"Items":[{"Length":248,"Height":292,"Demand":1,"DemandMax":null,"Value":72416},{"Length":283,"Height":267,"Demand":1,"DemandMax":null,"Value":75561},{"Length":276,"Height":226,"Demand":1,"DemandMax":null,"Value":62376},{"Length":221,"Height":297,"Demand":1,"DemandMax":null,"Value":65637},{"Length":289,"Height":256,"Demand":1,"DemandMax":null,"Value":73984},{"Length":204,"Height":131,"Demand":1,"DemandMax":null,"Value":26724},{"Length":272,"Height":274,"Demand":1,"DemandMax":null,"Value":74528},{"Length":204,"Height":123,"Demand":1,"DemandMax":null,"Value":25092},{"Length":245,"Height":157,"Demand":1,"DemandMax":null,"Value":38465},{"Length":191,"Height":74,"Demand":1,"DemandMax":null,"Value":14134},{"Length":296,"Height":280,"Demand":1,"DemandMax":null,"Value":82880},{"Length":231,"Height":83,"Demand":1,"DemandMax":null,"Value":19173},{"Length":289,"Height":30,"Demand":1,"DemandMax":null,"Value":8670},{"Length":211,"Height":232,"Demand":1,"DemandMax":null,"Value":48952},{"Length":272,"Height":23,"Demand":1,"DemandMax":null,"Value":6256},{"Length":231,"Height":279,"Demand":1,"DemandMax":null,"Value":64449},{"Length":224,"Height":267,"Demand":1,"DemandMax":null,"Value":59808},{"Length":98,"Height":9,"Demand":1,"DemandMax":null,"Value":882},{"Length":211,"Height":139,"Demand":1,"DemandMax":null,"Value":29329},{"Length":204,"Height":106,"Demand":1,"DemandMax":null,"Value":21624},{"Length":248,"Height":51,"Demand":1,"DemandMax":null,"Value":12648},{"Length":245,"Height":186,"Demand":1,"DemandMax":null,"Value":45570},{"Length":276,"Height":136,"Demand":1,"DemandMax":null,"Value":37536},{"Length":98,"Height":65,"Demand":1,"DemandMax":null,"Value":6370},{"Length":296,"Height":91,"Demand":1,"DemandMax":null,"Value":26936}]}