{"Name":"Path400i2b4","Objects":[{"Length":1000,"Height":543,"Stock":4,"Cost":543000},{"Length":1000,"Height":457,"Stock":6,"Cost":457000}],"Items":[{"Length":419,"Height":42,"Demand":1,"DemandMax":null,"Value":17598},{"Length":1,"Height":90,"Demand":2,"DemandMax":null,"Value":90},{"Length":54,"Height":27,"Demand":1,"DemandMax":null,"Value":1458},{"Length":3,"Height":64,"Demand":1,"DemandMax":null,"Value":192},{"Length":298,"Height":56,"Demand":1,"DemandMax":null,"Value":16688},{"Length":25,"Height":60,"Demand":1,"DemandMax":null,"Value":1500},{"Length":1,"Height":11,"Demand":3,"DemandMax":null,"Value":11},{"Length":53,"Height":301,"Demand":1,"DemandMax":null,"Value":15953},{"Length":296,"Height":27,"Demand":1,"DemandMax":null,"Value":7992},{"Length":2,"Height":7,"Demand":1,"DemandMax":null,"Value":14},{"Length":2,"Height":16,"Demand":1,"DemandMax":null,"Value":32},{"Length":129,"Height":26,"Demand":1,"DemandMax":null,"Value":3354},{"Length":36,"Height":7,"Demand":1,"DemandMax":null,"Value":252},{"Length":7,"Height":4,"Demand":1,"DemandMax":null,"Value":28},{"Length":39,"Height":238,"Demand":1,"DemandMax":null,"Value":9282},{"Length":177,"Height":57,"Demand":1,"DemandMax":null,"Value":10089},{"Length":1,"Height":2,"Demand":8,"DemandMax":null,"Value":2},{"Length":22,"Height":1,"Demand":1,"DemandMax":null,"Value":22},{"Length":198,"Height":11,"Demand":1,"DemandMax":null,"Value":2178},{"Length":17,"Height":14,"Demand":1,"DemandMax":null,"Value":238},{"Length":10,"Height":457,"Demand":1,"DemandMax":null,"Value":4570},{"Length":1,"Height":142,"Demand":1,"DemandMax":null,"Value":142},{"Length":2,"Height":270,"Demand":3,"DemandMax":null,"Value":540},{"Length":273,"Height":75,"Demand":1,"DemandMax":null,"Value":20475},{"Length":86,"Height":2,"Demand":1,"DemandMax":null,"Value":172},{"Length":6,"Height":6,"Demand":1,"DemandMax":null,"Value":36},{"Length":8,"Height":309,"Demand":1,"DemandMax":null,"Value":2472},{"Length":4,"Height":457,"Demand":1,"DemandMax":null,"Value":1828},{"Length":1,"Height":4,"Demand":7,"DemandMax":null,"Value":4},{"Length":1,"Height":48,"Demand":1,"DemandMax":null,"Value":48},{"Length":5,"Height":221,"Demand":1,"DemandMax":null,"Value":1105},{"Length":114,"Height":21,"Demand":1,"DemandMax":null,"Value":2394},{"Length":63,"Height":36,"Demand":1,"DemandMax":null,"Value":2268},{"Length":1,"Height":35,"Demand":1,"DemandMax":null,"Value":35},{"Length":1,"Height":95,"Demand":1,"DemandMax":null,"Value":95},{"Length":2,"Height":457,"Demand":1,"DemandMax":null,"Value":914},{"Length":45,"Height":131,"Demand":1,"DemandMax":null,"Value":5895},{"Length":317,"Height":24,"Demand":1,"DemandMax":null,"Value":7608},{"Length":1,"Height":1,"Demand":36,"DemandMax":null,"Value":1},{"Length":3,"Height":60,"Demand":2,"DemandMax":null,"Value":180},{"Length":8,"Height":1,"Demand":2,"DemandMax":null,"Value":8},{"Length":3,"Height":148,"Demand":1,"DemandMax":null,"Value":444},{"Length":35,"Height":331,"Demand":1,"DemandMax":null,"Value":11585},{"Length":172,"Height":123,"Demand":1,"DemandMax":null,"Value":21156},{"Length":51,"Height":53,"Demand":1,"DemandMax":null,"Value":2703},{"Length":1,"Height":27,"Demand":2,"DemandMax":null,"Value":27},{"Length":144,"Height":373,"Demand":1,"DemandMax":null,"Value":53712},{"Length":7,"Height":1,"Demand":5,"DemandMax":null,"Value":7},{"Length":33,"Height":55,"Demand":1,"DemandMax":null,"Value":1815},{"Length":79,"Height":1,"Demand":2,"DemandMax":null,"Value":79},{"Length":110,"Height":66,"Demand":1,"DemandMax":null,"Value":7260},{"Length":142,"Height":64,"Demand":1,"DemandMax":null,"Value":9088},{"Length":6,"Height":270,"Demand":1,"DemandMax":null,"Value":1620},{"Length":1,"Height":19,"Demand":3,"DemandMax":null,"Value":19},{"Length":11,"Height":83,"Demand":1,"DemandMax":null,"Value":913},{"Length":13,"Height":40,"Demand":1,"DemandMax":null,"Value":520},{"Length":243,"Height":103,"Demand":1,"DemandMax":null,"Value":25029},{"Length":9,"Height":6,"Demand":1,"DemandMax":null,"Value":54},{"Length":59,"Height":40,"Demand":1,"DemandMax":null,"Value":2360},{"Length":1,"Height":89,"Demand":1,"DemandMax":null,"Value":89},{"Length":264,"Height":148,"Demand":1,"DemandMax":null,"Value":39072},{"Length":59,"Height":16,"Demand":1,"DemandMax":null,"Value":944},{"Length":146,"Height":1,"Demand":2,"DemandMax":null,"Value":146},{"Length":2,"Height":2,"Demand":1,"DemandMax":null,"Value":4},{"Length":25,"Height":21,"Demand":1,"DemandMax":null,"Value":525},{"Length":19,"Height":12,"Demand":1,"DemandMax":null,"Value":228},{"Length":8,"Height":2,"Demand":2,"DemandMax":null,"Value":16},{"Length":1,"Height":87,"Demand":1,"DemandMax":null,"Value":87},{"Length":1,"Height":29,"Demand":2,"DemandMax":null,"Value":29},{"Length":22,"Height":31,"Demand":1,"DemandMax":null,"Value":682},{"Length":74,"Height":4,"Demand":1,"DemandMax":null,"Value":296},{"Length":110,"Height":30,"Demand":1,"DemandMax":null,"Value":3300},{"Length":35,"Height":5,"Demand":1,"DemandMax":null,"Value":175},{"Length":45,"Height":13,"Demand":2,"DemandMax":null,"Value":585},{"Length":168,"Height":3,"Demand":1,"DemandMax":null,"Value":504},{"Length":30,"Height":1,"Demand":1,"DemandMax":null,"Value":30},{"Length":116,"Height":67,"Demand":1,"DemandMax":null,"Value":7772},{"Length":30,"Height":230,"Demand":1,"DemandMax":null,"Value":6900},{"Length":62,"Height":2,"Demand":1,"DemandMax":null,"Value":124},{"Length":6,"Height":1,"Demand":2,"DemandMax":null,"Value":6},{"Length":1,"Height":5,"Demand":4,"DemandMax":null,"Value":5},{"Length":64,"Height":1,"Demand":2,"DemandMax":null,"Value":64},{"Length":34,"Height":18,"Demand":1,"DemandMax":null,"Value":612},{"Length":111,"Height":13,"Demand":1,"DemandMax":null,"Value":1443},{"Length":176,"Height":9,"Demand":1,"DemandMax":null,"Value":1584},{"Length":68,"Height":26,"Demand":1,"DemandMax":null,"Value":1768},{"Length":172,"Height":164,"Demand":1,"DemandMax":null,"Value":28208},{"Length":5,"Height":30,"Demand":1,"DemandMax":null,"Value":150},{"Length":1,"Height":3,"Demand":7,"DemandMax":null,"Value":3},{"Length":1,"Height":128,"Demand":1,"DemandMax":null,"Value":128},{"Length":5,"Height":54,"Demand":1,"DemandMax":null,"Value":270},{"Length":1,"Height":103,"Demand":1,"DemandMax":null,"Value":103},{"Length":34,"Height":6,"Demand":1,"DemandMax":null,"Value":204},{"Length":111,"Height":23,"Demand":1,"DemandMax":null,"Value":2553},{"Length":159,"Height":24,"Demand":1,"DemandMax":null,"Value":3816},{"Length":214,"Height":11,"Demand":1,"DemandMax":null,"Value":2354},{"Length":227,"Height":23,"Demand":1,"DemandMax":null,"Value":5221},{"Length":168,"Height":50,"Demand":1,"DemandMax":null,"Value":8400},{"Length":419,"Height":131,"Demand":1,"DemandMax":null,"Value":54889},{"Length":46,"Height":64,"Demand":1,"DemandMax":null,"Value":2944},{"Length":41,"Height":138,"Demand":1,"DemandMax":null,"Value":5658},{"Length":111,"Height":268,"Demand":1,"DemandMax":null,"Value":29748},{"Length":86,"Height":3,"Demand":1,"DemandMax":null,"Value":258},{"Length":28,"Height":82,"Demand":1,"DemandMax":null,"Value":2296},{"Length":124,"Height":2,"Demand":1,"DemandMax":null,"Value":248},{"Length":13,"Height":107,"Demand":1,"DemandMax":null,"Value":1391},{"Length":15,"Height":3,"Demand":1,"DemandMax":null,"Value":45},{"Length":119,"Height":57,"Demand":1,"DemandMax":null,"Value":6783},{"Length":227,"Height":73,"Demand":1,"DemandMax":null,"Value":16571},{"Length":5,"Height":24,"Demand":1,"DemandMax":null,"Value":120},{"Length":60,"Height":1,"Demand":2,"DemandMax":null,"Value":60},{"Length":1,"Height":188,"Demand":1,"DemandMax":null,"Value":188},{"Length":43,"Height":138,"Demand":1,"DemandMax":null,"Value":5934},{"Length":173,"Height":373,"Demand":1,"DemandMax":null,"Value":64529},{"Length":1,"Height":97,"Demand":1,"DemandMax":null,"Value":97},{"Length":121,"Height":76,"Demand":1,"DemandMax":null,"Value":9196},{"Length":7,"Height":140,"Demand":1,"DemandMax":null,"Value":980},{"Length":27,"Height":6,"Demand":1,"DemandMax":null,"Value":162},{"Length":26,"Height":2,"Demand":1,"DemandMax":null,"Value":52},{"Length":1,"Height":271,"Demand":1,"DemandMax":null,"Value":271},{"Length":1,"Height":6,"Demand":5,"DemandMax":null,"Value":6},{"Length":17,"Height":90,"Demand":1,"DemandMax":null,"Value":1530},{"Length":1,"Height":42,"Demand":1,"DemandMax":null,"Value":42},{"Length":2,"Height":6,"Demand":1,"DemandMax":null,"Value":12},{"Length":22,"Height":8,"Demand":1,"DemandMax":null,"Value":176},{"Length":1,"Height":74,"Demand":1,"DemandMax":null,"Value":74},{"Length":176,"Height":1,"Demand":2,"DemandMax":null,"Value":176},{"Length":26,"Height":4,"Demand":1,"DemandMax":null,"Value":104},{"Length":28,"Height":1,"Demand":1,"DemandMax":null,"Value":28},{"Length":15,"Height":1,"Demand":2,"DemandMax":null,"Value":15},{"Length":3,"Height":52,"Demand":2,"DemandMax":null,"Value":156},{"Length":1,"Height":52,"Demand":1,"DemandMax":null,"Value":52},{"Length":29,"Height":103,"Demand":1,"DemandMax":null,"Value":2987},{"Length":7,"Height":148,"Demand":1,"DemandMax":null,"Value":1036},{"Length":41,"Height":90,"Demand":1,"DemandMax":null,"Value":3690},{"Length":37,"Height":1,"Demand":1,"DemandMax":null,"Value":37},{"Length":18,"Height":59,"Demand":1,"DemandMax":null,"Value":1062},{"Length":59,"Height":105,"Demand":1,"DemandMax":null,"Value":6195},{"Length":2,"Height":10,"Demand":2,"DemandMax":null,"Value":20},{"Length":47,"Height":22,"Demand":1,"DemandMax":null,"Value":1034},{"Length":45,"Height":21,"Demand":1,"DemandMax":null,"Value":945},{"Length":227,"Height":45,"Demand":1,"DemandMax":null,"Value":10215},{"Length":24,"Height":1,"Demand":1,"DemandMax":null,"Value":24},{"Length":84,"Height":3,"Demand":1,"DemandMax":null,"Value":252},{"Length":233,"Height":60,"Demand":1,"DemandMax":null,"Value":13980},{"Length":3,"Height":21,"Demand":1,"DemandMax":null,"Value":63},{"Length":298,"Height":21,"Demand":2,"DemandMax":null,"Value":6258},{"Length":227,"Height":31,"Demand":1,"DemandMax":null,"Value":7037},{"Length":111,"Height":1,"Demand":2,"DemandMax":null,"Value":111},{"Length":121,"Height":1,"Demand":2,"DemandMax":null,"Value":121},{"Length":1,"Height":25,"Demand":2,"DemandMax":null,"Value":25},{"Length":104,"Height":170,"Demand":1,"DemandMax":null,"Value":17680},{"Length":1,"Height":62,"Demand":1,"DemandMax":null,"Value":62},{"Length":1,"Height":124,"Demand":1,"DemandMax":null,"Value":124},{"Length":87,"Height":25,"Demand":1,"DemandMax":null,"Value":2175},{"Length":14,"Height":1,"Demand":1,"DemandMax":null,"Value":14},{"Length":227,"Height":4,"Demand":1,"DemandMax":null,"Value":908},{"Length":1,"Height":55,"Demand":2,"DemandMax":null,"Value":55},{"Length":273,"Height":11,"Demand":1,"DemandMax":null,"Value":3003},{"Length":53,"Height":16,"Demand":1,"DemandMax":null,"Value":848},{"Length":12,"Height":1,"Demand":2,"DemandMax":null,"Value":12},{"Length":1,"Height":154,"Demand":1,"DemandMax":null,"Value":154},{"Length":2,"Height":1,"Demand":1,"DemandMax":null,"Value":2},{"Length":13,"Height":55,"Demand":1,"DemandMax":null,"Value":715},{"Length":156,"Height":255,"Demand":1,"DemandMax":null,"Value":39780},{"Length":123,"Height":6,"Demand":1,"DemandMax":null,"Value":738},{"Length":13,"Height":1,"Demand":2,"DemandMax":null,"Value":13},{"Length":44,"Height":18,"Demand":1,"DemandMax":null,"Value":792},{"Length":1,"Height":112,"Demand":1,"DemandMax":null,"Value":112},{"Length":5,"Height":55,"Demand":1,"DemandMax":null,"Value":275},{"Length":12,"Height":4,"Demand":2,"DemandMax":null,"Value":48},{"Length":30,"Height":40,"Demand":1,"DemandMax":null,"Value":1200},{"Length":1,"Height":18,"Demand":2,"DemandMax":null,"Value":18},{"Length":1,"Height":100,"Demand":1,"DemandMax":null,"Value":100},{"Length":227,"Height":207,"Demand":1,"DemandMax":null,"Value":46989},{"Length":86,"Height":109,"Demand":1,"DemandMax":null,"Value":9374},{"Length":8,"Height":3,"Demand":1,"DemandMax":null,"Value":24},{"Length":3,"Height":9,"Demand":1,"DemandMax":null,"Value":27},{"Length":35,"Height":1,"Demand":1,"DemandMax":null,"Value":35},{"Length":5,"Height":16,"Demand":1,"DemandMax":null,"Value":80},{"Length":12,"Height":6,"Demand":1,"DemandMax":null,"Value":72},{"Length":50,"Height":75,"Demand":1,"DemandMax":null,"Value":3750},{"Length":2,"Height":28,"Demand":1,"DemandMax":null,"Value":56},{"Length":27,"Height":1,"Demand":1,"DemandMax":null,"Value":27},{"Length":1,"Height":64,"Demand":2,"DemandMax":null,"Value":64},{"Length":47,"Height":2,"Demand":1,"DemandMax":null,"Value":94},{"Length":140,"Height":37,"Demand":1,"DemandMax":null,"Value":5180},{"Length":26,"Height":1,"Demand":2,"DemandMax":null,"Value":26},{"Length":102,"Height":13,"Demand":1,"DemandMax":null,"Value":1326},{"Length":1,"Height":28,"Demand":2,"DemandMax":null,"Value":28},{"Length":4,"Height":6,"Demand":1,"DemandMax":null,"Value":24},{"Length":1,"Height":67,"Demand":1,"DemandMax":null,"Value":67},{"Length":1,"Height":30,"Demand":2,"DemandMax":null,"Value":30},{"Length":1,"Height":10,"Demand":3,"DemandMax":null,"Value":10},{"Length":65,"Height":1,"Demand":2,"DemandMax":null,"Value":65},{"Length":112,"Height":5,"Demand":1,"DemandMax":null,"Value":560},{"Length":64,"Height":12,"Demand":1,"DemandMax":null,"Value":768},{"Length":1,"Height":226,"Demand":1,"DemandMax":null,"Value":226},{"Length":5,"Height":103,"Demand":1,"DemandMax":null,"Value":515},{"Length":5,"Height":15,"Demand":1,"DemandMax":null,"Value":75},{"Length":18,"Height":31,"Demand":1,"DemandMax":null,"Value":558},{"Length":53,"Height":144,"Demand":1,"DemandMax":null,"Value":7632},{"Length":273,"Height":3,"Demand":1,"DemandMax":null,"Value":819},{"Length":123,"Height":1,"Demand":1,"DemandMax":null,"Value":123},{"Length":3,"Height":270,"Demand":1,"DemandMax":null,"Value":810},{"Length":25,"Height":91,"Demand":1,"DemandMax":null,"Value":2275},{"Length":1,"Height":16,"Demand":1,"DemandMax":null,"Value":16},{"Length":227,"Height":10,"Demand":1,"DemandMax":null,"Value":2270},{"Length":5,"Height":52,"Demand":1,"DemandMax":null,"Value":260},{"Length":3,"Height":1,"Demand":1,"DemandMax":null,"Value":3},{"Length":187,"Height":64,"Demand":1,"DemandMax":null,"Value":11968},{"Length":74,"Height":1,"Demand":1,"DemandMax":null,"Value":74},{"Length":5,"Height":2,"Demand":1,"DemandMax":null,"Value":10},{"Length":2,"Height":4,"Demand":1,"DemandMax":null,"Value":8},{"Length":2,"Height":18,"Demand":1,"DemandMax":null,"Value":36},{"Length":4,"Height":1,"Demand":1,"DemandMax":null,"Value":4},{"Length":5,"Height":37,"Demand":1,"DemandMax":null,"Value":185},{"Length":50,"Height":140,"Demand":1,"DemandMax":null,"Value":7000},{"Length":172,"Height":2,"Demand":1,"DemandMax":null,"Value":344},{"Length":8,"Height":457,"Demand":1,"DemandMax":null,"Value":3656},{"Length":1,"Height":9,"Demand":1,"DemandMax":null,"Value":9},{"Length":47,"Height":4,"Demand":1,"DemandMax":null,"Value":188},{"Length":61,"Height":3,"Demand":2,"DemandMax":null,"Value":183},{"Length":176,"Height":7,"Demand":1,"DemandMax":null,"Value":1232},{"Length":74,"Height":2,"Demand":1,"DemandMax":null,"Value":148},{"Length":18,"Height":27,"Demand":1,"DemandMax":null,"Value":486},{"Length":1,"Height":99,"Demand":1,"DemandMax":null,"Value":99},{"Length":11,"Height":1,"Demand":1,"DemandMax":null,"Value":11},{"Length":59,"Height":5,"Demand":1,"DemandMax":null,"Value":295},{"Length":26,"Height":19,"Demand":1,"DemandMax":null,"Value":494},{"Length":142,"Height":125,"Demand":1,"DemandMax":null,"Value":17750},{"Length":1,"Height":148,"Demand":1,"DemandMax":null,"Value":148},{"Length":11,"Height":6,"Demand":1,"DemandMax":null,"Value":66},{"Length":41,"Height":12,"Demand":1,"DemandMax":null,"Value":492},{"Length":13,"Height":23,"Demand":1,"DemandMax":null,"Value":299},{"Length":86,"Height":27,"Demand":1,"DemandMax":null,"Value":2322},{"Length":172,"Height":4,"Demand":1,"DemandMax":null,"Value":688},{"Length":1,"Height":21,"Demand":2,"DemandMax":null,"Value":21},{"Length":59,"Height":2,"Demand":1,"DemandMax":null,"Value":118},{"Length":31,"Height":331,"Demand":1,"DemandMax":null,"Value":10261},{"Length":1,"Height":138,"Demand":1,"DemandMax":null,"Value":138},{"Length":1,"Height":12,"Demand":1,"DemandMax":null,"Value":12},{"Length":1,"Height":23,"Demand":1,"DemandMax":null,"Value":23},{"Length":5,"Height":36,"Demand":1,"DemandMax":null,"Value":180},{"Length":8,"Height":27,"Demand":1,"DemandMax":null,"Value":216},{"Length":142,"Height":3,"Demand":1,"DemandMax":null,"Value":426},{"Length":259,"Height":55,"Demand":1,"DemandMax":null,"Value":14245},{"Length":19,"Height":1,"Demand":1,"DemandMax":null,"Value":19},{"Length":111,"Height":3,"Demand":1,"DemandMax":null,"Value":333},{"Length":1,"Height":26,"Demand":1,"DemandMax":null,"Value":26},{"Length":4,"Height":87,"Demand":1,"DemandMax":null,"Value":348},{"Length":5,"Height":1,"Demand":1,"DemandMax":null,"Value":5},{"Length":9,"Height":16,"Demand":1,"DemandMax":null,"Value":144},{"Length":273,"Height":1,"Demand":1,"DemandMax":null,"Value":273},{"Length":1,"Height":14,"Demand":1,"DemandMax":null,"Value":14},{"Length":10,"Height":14,"Demand":1,"DemandMax":null,"Value":140},{"Length":28,"Height":56,"Demand":1,"DemandMax":null,"Value":1568},{"Length":1,"Height":7,"Demand":2,"DemandMax":null,"Value":7},{"Length":87,"Height":1,"Demand":1,"DemandMax":null,"Value":87},{"Length":88,"Height":18,"Demand":1,"DemandMax":null,"Value":1584},{"Length":214,"Height":7,"Demand":1,"DemandMax":null,"Value":1498},{"Length":77,"Height":53,"Demand":1,"DemandMax":null,"Value":4081},{"Length":27,"Height":7,"Demand":1,"DemandMax":null,"Value":189},{"Length":121,"Height":22,"Demand":1,"DemandMax":null,"Value":2662},{"Length":3,"Height":18,"Demand":2,"DemandMax":null,"Value":54},{"Length":62,"Height":73,"Demand":1,"DemandMax":null,"Value":4526},{"Length":1,"Height":53,"Demand":1,"DemandMax":null,"Value":53},{"Length":12,"Height":2,"Demand":1,"DemandMax":null,"Value":24},{"Length":1,"Height":38,"Demand":1,"DemandMax":null,"Value":38},{"Length":1,"Height":270,"Demand":1,"DemandMax":null,"Value":270},{"Length":233,"Height":2,"Demand":1,"DemandMax":null,"Value":466},{"Length":59,"Height":3,"Demand":1,"DemandMax":null,"Value":177},{"Length":10,"Height":7,"Demand":1,"DemandMax":null,"Value":70},{"Length":1,"Height":137,"Demand":1,"DemandMax":null,"Value":137},{"Length":1,"Height":106,"Demand":1,"DemandMax":null,"Value":106},{"Length":1,"Height":8,"Demand":1,"DemandMax":null,"Value":8},{"Length":5,"Height":43,"Demand":1,"DemandMax":null,"Value":215},{"Length":116,"Height":125,"Demand":1,"DemandMax":null,"Value":14500},{"Length":39,"Height":75,"Demand":1,"DemandMax":null,"Value":2925},{"Length":26,"Height":41,"Demand":1,"DemandMax":null,"Value":1066},{"Length":48,"Height":36,"Demand":1,"DemandMax":null,"Value":1728},{"Length":98,"Height":11,"Demand":1,"DemandMax":null,"Value":1078},{"Length":13,"Height":78,"Demand":1,"DemandMax":null,"Value":1014},{"Length":317,"Height":91,"Demand":1,"DemandMax":null,"Value":28847},{"Length":87,"Height":39,"Demand":1,"DemandMax":null,"Value":3393},{"Length":68,"Height":144,"Demand":1,"DemandMax":null,"Value":9792},{"Length":110,"Height":10,"Demand":1,"DemandMax":null,"Value":1100},{"Length":38,"Height":4,"Demand":1,"DemandMax":null,"Value":152},{"Length":84,"Height":4,"Demand":1,"DemandMax":null,"Value":336},{"Length":18,"Height":103,"Demand":1,"DemandMax":null,"Value":1854},{"Length":29,"Height":331,"Demand":1,"DemandMax":null,"Value":9599},{"Length":2,"Height":83,"Demand":1,"DemandMax":null,"Value":166},{"Length":156,"Height":76,"Demand":1,"DemandMax":null,"Value":11856}]}