{"Name":"Nice500i6b5","Objects":[{"Length":387,"Height":421,"Stock":5,"Cost":162927},{"Length":344,"Height":275,"Stock":5,"Cost":94600},{"Length":1000,"Height":304,"Stock":4,"Cost":304000},{"Length":613,"Height":181,"Stock":4,"Cost":110953},{"Length":613,"Height":240,"Stock":6,"Cost":147120},{"Length":656,"Height":275,"Stock":4,"Cost":180400}],"Items":[{"Length":22,"Height":48,"Demand":1,"DemandMax":null,"Value":1056},{"Length":59,"Height":26,"Demand":1,"DemandMax":null,"Value":1534},{"Length":26,"Height":70,"Demand":1,"DemandMax":null,"Value":1820},{"Length":60,"Height":81,"Demand":1,"DemandMax":null,"Value":4860},{"Length":31,"Height":48,"Demand":1,"DemandMax":null,"Value":1488},{"Length":114,"Height":29,"Demand":1,"DemandMax":null,"Value":3306},{"Length":60,"Height":23,"Demand":1,"DemandMax":null,"Value":1380},{"Length":65,"Height":19,"Demand":1,"DemandMax":null,"Value":1235},{"Length":71,"Height":46,"Demand":1,"DemandMax":null,"Value":3266},{"Length":35,"Height":32,"Demand":1,"DemandMax":null,"Value":1120},{"Length":46,"Height":26,"Demand":2,"DemandMax":null,"Value":1196},{"Length":44,"Height":28,"Demand":1,"DemandMax":null,"Value":1232},{"Length":52,"Height":63,"Demand":1,"DemandMax":null,"Value":3276},{"Length":21,"Height":77,"Demand":1,"DemandMax":null,"Value":1617},{"Length":52,"Height":77,"Demand":1,"DemandMax":null,"Value":4004},{"Length":26,"Height":65,"Demand":1,"DemandMax":null,"Value":1690},{"Length":23,"Height":72,"Demand":1,"DemandMax":null,"Value":1656},{"Length":51,"Height":29,"Demand":1,"DemandMax":null,"Value":1479},{"Length":25,"Height":42,"Demand":1,"DemandMax":null,"Value":1050},{"Length":83,"Height":61,"Demand":1,"DemandMax":null,"Value":5063},{"Length":37,"Height":23,"Demand":3,"DemandMax":null,"Value":851},{"Length":20,"Height":59,"Demand":2,"DemandMax":null,"Value":1180},{"Length":43,"Height":28,"Demand":1,"DemandMax":null,"Value":1204},{"Length":50,"Height":30,"Demand":3,"DemandMax":null,"Value":1500},{"Length":106,"Height":56,"Demand":1,"DemandMax":null,"Value":5936},{"Length":28,"Height":72,"Demand":2,"DemandMax":null,"Value":2016},{"Length":28,"Height":44,"Demand":1,"DemandMax":null,"Value":1232},{"Length":37,"Height":41,"Demand":1,"DemandMax":null,"Value":1517},{"Length":38,"Height":35,"Demand":3,"DemandMax":null,"Value":1330},{"Length":34,"Height":45,"Demand":2,"DemandMax":null,"Value":1530},{"Length":18,"Height":64,"Demand":1,"DemandMax":null,"Value":1152},{"Length":94,"Height":36,"Demand":1,"DemandMax":null,"Value":3384},{"Length":39,"Height":31,"Demand":2,"DemandMax":null,"Value":1209},{"Length":32,"Height":58,"Demand":1,"DemandMax":null,"Value":1856},{"Length":85,"Height":39,"Demand":1,"DemandMax":null,"Value":3315},{"Length":55,"Height":32,"Demand":1,"DemandMax":null,"Value":1760},{"Length":23,"Height":39,"Demand":3,"DemandMax":null,"Value":897},{"Length":22,"Height":77,"Demand":2,"DemandMax":null,"Value":1694},{"Length":21,"Height":82,"Demand":1,"DemandMax":null,"Value":1722},{"Length":43,"Height":137,"Demand":1,"DemandMax":null,"Value":5891},{"Length":22,"Height":75,"Demand":3,"DemandMax":null,"Value":1650},{"Length":23,"Height":61,"Demand":1,"DemandMax":null,"Value":1403},{"Length":37,"Height":31,"Demand":3,"DemandMax":null,"Value":1147},{"Length":41,"Height":36,"Demand":1,"DemandMax":null,"Value":1476},{"Length":49,"Height":19,"Demand":1,"DemandMax":null,"Value":931},{"Length":73,"Height":45,"Demand":1,"DemandMax":null,"Value":3285},{"Length":50,"Height":20,"Demand":1,"DemandMax":null,"Value":1000},{"Length":93,"Height":34,"Demand":2,"DemandMax":null,"Value":3162},{"Length":77,"Height":41,"Demand":1,"DemandMax":null,"Value":3157},{"Length":79,"Height":45,"Demand":1,"DemandMax":null,"Value":3555},{"Length":68,"Height":47,"Demand":1,"DemandMax":null,"Value":3196},{"Length":103,"Height":49,"Demand":1,"DemandMax":null,"Value":5047},{"Length":31,"Height":47,"Demand":1,"DemandMax":null,"Value":1457},{"Length":27,"Height":61,"Demand":1,"DemandMax":null,"Value":1647},{"Length":118,"Height":44,"Demand":1,"DemandMax":null,"Value":5192},{"Length":77,"Height":20,"Demand":1,"DemandMax":null,"Value":1540},{"Length":77,"Height":21,"Demand":1,"DemandMax":null,"Value":1617},{"Length":71,"Height":19,"Demand":1,"DemandMax":null,"Value":1349},{"Length":17,"Height":61,"Demand":1,"DemandMax":null,"Value":1037},{"Length":61,"Height":75,"Demand":1,"DemandMax":null,"Value":4575},{"Length":17,"Height":67,"Demand":1,"DemandMax":null,"Value":1139},{"Length":51,"Height":18,"Demand":1,"DemandMax":null,"Value":918},{"Length":37,"Height":28,"Demand":1,"DemandMax":null,"Value":1036},{"Length":57,"Height":90,"Demand":1,"DemandMax":null,"Value":5130},{"Length":24,"Height":39,"Demand":1,"DemandMax":null,"Value":936},{"Length":40,"Height":23,"Demand":1,"DemandMax":null,"Value":920},{"Length":22,"Height":81,"Demand":2,"DemandMax":null,"Value":1782},{"Length":44,"Height":37,"Demand":1,"DemandMax":null,"Value":1628},{"Length":27,"Height":37,"Demand":2,"DemandMax":null,"Value":999},{"Length":58,"Height":30,"Demand":1,"DemandMax":null,"Value":1740},{"Length":58,"Height":40,"Demand":1,"DemandMax":null,"Value":2320},{"Length":30,"Height":52,"Demand":1,"DemandMax":null,"Value":1560},{"Length":37,"Height":29,"Demand":1,"DemandMax":null,"Value":1073},{"Length":76,"Height":42,"Demand":2,"DemandMax":null,"Value":3192},{"Length":79,"Height":76,"Demand":1,"DemandMax":null,"Value":6004},{"Length":68,"Height":68,"Demand":1,"DemandMax":null,"Value":4624},{"Length":90,"Height":26,"Demand":1,"DemandMax":null,"Value":2340},{"Length":37,"Height":39,"Demand":1,"DemandMax":null,"Value":1443},{"Length":64,"Height":19,"Demand":1,"DemandMax":null,"Value":1216},{"Length":38,"Height":137,"Demand":1,"DemandMax":null,"Value":5206},{"Length":75,"Height":82,"Demand":1,"DemandMax":null,"Value":6150},{"Length":75,"Height":25,"Demand":1,"DemandMax":null,"Value":1875},{"Length":81,"Height":67,"Demand":1,"DemandMax":null,"Value":5427},{"Length":70,"Height":35,"Demand":1,"DemandMax":null,"Value":2450},{"Length":34,"Height":27,"Demand":1,"DemandMax":null,"Value":918},{"Length":19,"Height":55,"Demand":1,"DemandMax":null,"Value":1045},{"Length":79,"Height":47,"Demand":1,"DemandMax":null,"Value":3713},{"Length":77,"Height":49,"Demand":1,"DemandMax":null,"Value":3773},{"Length":52,"Height":89,"Demand":1,"DemandMax":null,"Value":4628},{"Length":74,"Height":30,"Demand":1,"DemandMax":null,"Value":2220},{"Length":17,"Height":60,"Demand":1,"DemandMax":null,"Value":1020},{"Length":23,"Height":89,"Demand":1,"DemandMax":null,"Value":2047},{"Length":81,"Height":21,"Demand":1,"DemandMax":null,"Value":1701},{"Length":47,"Height":19,"Demand":1,"DemandMax":null,"Value":893},{"Length":33,"Height":64,"Demand":2,"DemandMax":null,"Value":2112},{"Length":23,"Height":88,"Demand":1,"DemandMax":null,"Value":2024},{"Length":36,"Height":65,"Demand":1,"DemandMax":null,"Value":2340},{"Length":52,"Height":82,"Demand":1,"DemandMax":null,"Value":4264},{"Length":37,"Height":105,"Demand":1,"DemandMax":null,"Value":3885},{"Length":36,"Height":136,"Demand":1,"DemandMax":null,"Value":4896},{"Length":45,"Height":38,"Demand":1,"DemandMax":null,"Value":1710},{"Length":59,"Height":58,"Demand":2,"DemandMax":null,"Value":3422},{"Length":36,"Height":35,"Demand":1,"DemandMax":null,"Value":1260},{"Length":31,"Height":29,"Demand":2,"DemandMax":null,"Value":899},{"Length":55,"Height":59,"Demand":1,"DemandMax":null,"Value":3245},{"Length":51,"Height":20,"Demand":3,"DemandMax":null,"Value":1020},{"Length":24,"Height":72,"Demand":1,"DemandMax":null,"Value":1728},{"Length":81,"Height":26,"Demand":1,"DemandMax":null,"Value":2106},{"Length":24,"Height":62,"Demand":1,"DemandMax":null,"Value":1488},{"Length":16,"Height":61,"Demand":1,"DemandMax":null,"Value":976},{"Length":24,"Height":45,"Demand":1,"DemandMax":null,"Value":1080},{"Length":29,"Height":42,"Demand":1,"DemandMax":null,"Value":1218},{"Length":44,"Height":72,"Demand":1,"DemandMax":null,"Value":3168},{"Length":26,"Height":62,"Demand":2,"DemandMax":null,"Value":1612},{"Length":23,"Height":92,"Demand":1,"DemandMax":null,"Value":2116},{"Length":43,"Height":89,"Demand":1,"DemandMax":null,"Value":3827},{"Length":86,"Height":61,"Demand":1,"DemandMax":null,"Value":5246},{"Length":76,"Height":28,"Demand":1,"DemandMax":null,"Value":2128},{"Length":18,"Height":65,"Demand":1,"DemandMax":null,"Value":1170},{"Length":53,"Height":89,"Demand":1,"DemandMax":null,"Value":4717},{"Length":54,"Height":17,"Demand":1,"DemandMax":null,"Value":918},{"Length":59,"Height":83,"Demand":1,"DemandMax":null,"Value":4897},{"Length":17,"Height":68,"Demand":1,"DemandMax":null,"Value":1156},{"Length":22,"Height":60,"Demand":1,"DemandMax":null,"Value":1320},{"Length":53,"Height":117,"Demand":1,"DemandMax":null,"Value":6201},{"Length":60,"Height":27,"Demand":1,"DemandMax":null,"Value":1620},{"Length":64,"Height":29,"Demand":1,"DemandMax":null,"Value":1856},{"Length":26,"Height":36,"Demand":2,"DemandMax":null,"Value":936},{"Length":50,"Height":18,"Demand":1,"DemandMax":null,"Value":900},{"Length":58,"Height":16,"Demand":1,"DemandMax":null,"Value":928},{"Length":53,"Height":103,"Demand":1,"DemandMax":null,"Value":5459},{"Length":63,"Height":30,"Demand":1,"DemandMax":null,"Value":1890},{"Length":72,"Height":34,"Demand":1,"DemandMax":null,"Value":2448},{"Length":58,"Height":17,"Demand":1,"DemandMax":null,"Value":986},{"Length":49,"Height":65,"Demand":1,"DemandMax":null,"Value":3185},{"Length":86,"Height":40,"Demand":1,"DemandMax":null,"Value":3440},{"Length":40,"Height":34,"Demand":2,"DemandMax":null,"Value":1360},{"Length":30,"Height":75,"Demand":1,"DemandMax":null,"Value":2250},{"Length":57,"Height":104,"Demand":1,"DemandMax":null,"Value":5928},{"Length":118,"Height":46,"Demand":1,"DemandMax":null,"Value":5428},{"Length":27,"Height":51,"Demand":1,"DemandMax":null,"Value":1377},{"Length":40,"Height":41,"Demand":1,"DemandMax":null,"Value":1640},{"Length":20,"Height":63,"Demand":1,"DemandMax":null,"Value":1260},{"Length":25,"Height":65,"Demand":2,"DemandMax":null,"Value":1625},{"Length":21,"Height":71,"Demand":1,"DemandMax":null,"Value":1491},{"Length":36,"Height":53,"Demand":1,"DemandMax":null,"Value":1908},{"Length":23,"Height":62,"Demand":1,"DemandMax":null,"Value":1426},{"Length":23,"Height":53,"Demand":1,"DemandMax":null,"Value":1219},{"Length":26,"Height":74,"Demand":2,"DemandMax":null,"Value":1924},{"Length":54,"Height":18,"Demand":1,"DemandMax":null,"Value":972},{"Length":104,"Height":26,"Demand":2,"DemandMax":null,"Value":2704},{"Length":26,"Height":40,"Demand":3,"DemandMax":null,"Value":1040},{"Length":55,"Height":21,"Demand":1,"DemandMax":null,"Value":1155},{"Length":42,"Height":21,"Demand":1,"DemandMax":null,"Value":882},{"Length":77,"Height":25,"Demand":1,"DemandMax":null,"Value":1925},{"Length":86,"Height":42,"Demand":1,"DemandMax":null,"Value":3612},{"Length":25,"Height":77,"Demand":1,"DemandMax":null,"Value":1925},{"Length":41,"Height":68,"Demand":1,"DemandMax":null,"Value":2788},{"Length":93,"Height":47,"Demand":1,"DemandMax":null,"Value":4371},{"Length":44,"Height":33,"Demand":1,"DemandMax":null,"Value":1452},{"Length":53,"Height":73,"Demand":1,"DemandMax":null,"Value":3869},{"Length":44,"Height":25,"Demand":1,"DemandMax":null,"Value":1100},{"Length":60,"Height":70,"Demand":1,"DemandMax":null,"Value":4200},{"Length":59,"Height":117,"Demand":1,"DemandMax":null,"Value":6903},{"Length":39,"Height":47,"Demand":1,"DemandMax":null,"Value":1833},{"Length":73,"Height":27,"Demand":1,"DemandMax":null,"Value":1971},{"Length":40,"Height":42,"Demand":1,"DemandMax":null,"Value":1680},{"Length":59,"Height":82,"Demand":1,"DemandMax":null,"Value":4838},{"Length":53,"Height":23,"Demand":1,"DemandMax":null,"Value":1219},{"Length":43,"Height":44,"Demand":1,"DemandMax":null,"Value":1892},{"Length":39,"Height":45,"Demand":1,"DemandMax":null,"Value":1755},{"Length":37,"Height":122,"Demand":1,"DemandMax":null,"Value":4514},{"Length":59,"Height":25,"Demand":1,"DemandMax":null,"Value":1475},{"Length":31,"Height":104,"Demand":1,"DemandMax":null,"Value":3224},{"Length":29,"Height":76,"Demand":1,"DemandMax":null,"Value":2204},{"Length":43,"Height":20,"Demand":2,"DemandMax":null,"Value":860},{"Length":28,"Height":36,"Demand":1,"DemandMax":null,"Value":1008},{"Length":21,"Height":48,"Demand":1,"DemandMax":null,"Value":1008},{"Length":83,"Height":41,"Demand":1,"DemandMax":null,"Value":3403},{"Length":58,"Height":69,"Demand":1,"DemandMax":null,"Value":4002},{"Length":35,"Height":62,"Demand":1,"DemandMax":null,"Value":2170},{"Length":41,"Height":38,"Demand":1,"DemandMax":null,"Value":1558},{"Length":35,"Height":58,"Demand":1,"DemandMax":null,"Value":2030},{"Length":27,"Height":39,"Demand":1,"DemandMax":null,"Value":1053},{"Length":62,"Height":25,"Demand":1,"DemandMax":null,"Value":1550},{"Length":77,"Height":22,"Demand":1,"DemandMax":null,"Value":1694},{"Length":24,"Height":63,"Demand":1,"DemandMax":null,"Value":1512},{"Length":81,"Height":23,"Demand":1,"DemandMax":null,"Value":1863},{"Length":24,"Height":65,"Demand":1,"DemandMax":null,"Value":1560},{"Length":24,"Height":91,"Demand":1,"DemandMax":null,"Value":2184},{"Length":17,"Height":65,"Demand":1,"DemandMax":null,"Value":1105},{"Length":85,"Height":50,"Demand":1,"DemandMax":null,"Value":4250},{"Length":25,"Height":38,"Demand":1,"DemandMax":null,"Value":950},{"Length":77,"Height":64,"Demand":1,"DemandMax":null,"Value":4928},{"Length":44,"Height":38,"Demand":1,"DemandMax":null,"Value":1672},{"Length":23,"Height":43,"Demand":1,"DemandMax":null,"Value":989},{"Length":60,"Height":62,"Demand":1,"DemandMax":null,"Value":3720},{"Length":95,"Height":42,"Demand":1,"DemandMax":null,"Value":3990},{"Length":25,"Height":43,"Demand":1,"DemandMax":null,"Value":1075},{"Length":39,"Height":23,"Demand":1,"DemandMax":null,"Value":897},{"Length":114,"Height":31,"Demand":1,"DemandMax":null,"Value":3534},{"Length":36,"Height":28,"Demand":1,"DemandMax":null,"Value":1008},{"Length":25,"Height":71,"Demand":2,"DemandMax":null,"Value":1775},{"Length":43,"Height":40,"Demand":1,"DemandMax":null,"Value":1720},{"Length":35,"Height":40,"Demand":1,"DemandMax":null,"Value":1400},{"Length":62,"Height":54,"Demand":1,"DemandMax":null,"Value":3348},{"Length":62,"Height":21,"Demand":1,"DemandMax":null,"Value":1302},{"Length":40,"Height":24,"Demand":1,"DemandMax":null,"Value":960},{"Length":60,"Height":16,"Demand":2,"DemandMax":null,"Value":960},{"Length":52,"Height":119,"Demand":1,"DemandMax":null,"Value":6188},{"Length":39,"Height":86,"Demand":1,"DemandMax":null,"Value":3354},{"Length":36,"Height":128,"Demand":1,"DemandMax":null,"Value":4608},{"Length":49,"Height":29,"Demand":1,"DemandMax":null,"Value":1421},{"Length":54,"Height":53,"Demand":1,"DemandMax":null,"Value":2862},{"Length":37,"Height":96,"Demand":1,"DemandMax":null,"Value":3552},{"Length":59,"Height":64,"Demand":1,"DemandMax":null,"Value":3776},{"Length":44,"Height":27,"Demand":1,"DemandMax":null,"Value":1188},{"Length":52,"Height":23,"Demand":1,"DemandMax":null,"Value":1196},{"Length":52,"Height":47,"Demand":1,"DemandMax":null,"Value":2444},{"Length":50,"Height":60,"Demand":1,"DemandMax":null,"Value":3000},{"Length":52,"Height":42,"Demand":1,"DemandMax":null,"Value":2184},{"Length":40,"Height":26,"Demand":1,"DemandMax":null,"Value":1040},{"Length":29,"Height":31,"Demand":1,"DemandMax":null,"Value":899},{"Length":85,"Height":53,"Demand":1,"DemandMax":null,"Value":4505},{"Length":24,"Height":69,"Demand":1,"DemandMax":null,"Value":1656},{"Length":37,"Height":27,"Demand":1,"DemandMax":null,"Value":999},{"Length":54,"Height":61,"Demand":1,"DemandMax":null,"Value":3294},{"Length":63,"Height":40,"Demand":1,"DemandMax":null,"Value":2520},{"Length":38,"Height":47,"Demand":1,"DemandMax":null,"Value":1786},{"Length":55,"Height":81,"Demand":1,"DemandMax":null,"Value":4455},{"Length":35,"Height":36,"Demand":1,"DemandMax":null,"Value":1260},{"Length":18,"Height":47,"Demand":1,"DemandMax":null,"Value":846},{"Length":22,"Height":40,"Demand":1,"DemandMax":null,"Value":880},{"Length":20,"Height":73,"Demand":1,"DemandMax":null,"Value":1460},{"Length":64,"Height":61,"Demand":2,"DemandMax":null,"Value":3904},{"Length":29,"Height":37,"Demand":1,"DemandMax":null,"Value":1073},{"Length":37,"Height":36,"Demand":1,"DemandMax":null,"Value":1332},{"Length":37,"Height":42,"Demand":2,"DemandMax":null,"Value":1554},{"Length":46,"Height":22,"Demand":1,"DemandMax":null,"Value":1012},{"Length":92,"Height":24,"Demand":2,"DemandMax":null,"Value":2208},{"Length":38,"Height":101,"Demand":1,"DemandMax":null,"Value":3838},{"Length":22,"Height":82,"Demand":1,"DemandMax":null,"Value":1804},{"Length":29,"Height":39,"Demand":1,"DemandMax":null,"Value":1131},{"Length":28,"Height":42,"Demand":1,"DemandMax":null,"Value":1176},{"Length":44,"Height":39,"Demand":1,"DemandMax":null,"Value":1716},{"Length":59,"Height":72,"Demand":1,"DemandMax":null,"Value":4248},{"Length":29,"Height":33,"Demand":1,"DemandMax":null,"Value":957},{"Length":44,"Height":40,"Demand":1,"DemandMax":null,"Value":1760},{"Length":43,"Height":25,"Demand":2,"DemandMax":null,"Value":1075},{"Length":32,"Height":32,"Demand":1,"DemandMax":null,"Value":1024},{"Length":55,"Height":18,"Demand":1,"DemandMax":null,"Value":990},{"Length":37,"Height":35,"Demand":1,"DemandMax":null,"Value":1295},{"Length":27,"Height":77,"Demand":1,"DemandMax":null,"Value":2079},{"Length":28,"Height":96,"Demand":1,"DemandMax":null,"Value":2688},{"Length":26,"Height":69,"Demand":1,"DemandMax":null,"Value":1794},{"Length":18,"Height":72,"Demand":1,"DemandMax":null,"Value":1296},{"Length":21,"Height":54,"Demand":1,"DemandMax":null,"Value":1134},{"Length":23,"Height":37,"Demand":2,"DemandMax":null,"Value":851},{"Length":36,"Height":67,"Demand":1,"DemandMax":null,"Value":2412},{"Length":82,"Height":37,"Demand":2,"DemandMax":null,"Value":3034},{"Length":26,"Height":41,"Demand":1,"DemandMax":null,"Value":1066},{"Length":46,"Height":72,"Demand":1,"DemandMax":null,"Value":3312},{"Length":28,"Height":32,"Demand":1,"DemandMax":null,"Value":896},{"Length":27,"Height":47,"Demand":1,"DemandMax":null,"Value":1269},{"Length":28,"Height":33,"Demand":1,"DemandMax":null,"Value":924},{"Length":54,"Height":21,"Demand":1,"DemandMax":null,"Value":1134},{"Length":51,"Height":72,"Demand":1,"DemandMax":null,"Value":3672},{"Length":32,"Height":36,"Demand":1,"DemandMax":null,"Value":1152},{"Length":38,"Height":34,"Demand":1,"DemandMax":null,"Value":1292},{"Length":40,"Height":36,"Demand":1,"DemandMax":null,"Value":1440},{"Length":37,"Height":108,"Demand":1,"DemandMax":null,"Value":3996},{"Length":22,"Height":58,"Demand":1,"DemandMax":null,"Value":1276},{"Length":29,"Height":47,"Demand":2,"DemandMax":null,"Value":1363},{"Length":23,"Height":41,"Demand":1,"DemandMax":null,"Value":943},{"Length":23,"Height":50,"Demand":1,"DemandMax":null,"Value":1150},{"Length":46,"Height":40,"Demand":1,"DemandMax":null,"Value":1840},{"Length":30,"Height":32,"Demand":1,"DemandMax":null,"Value":960},{"Length":60,"Height":15,"Demand":1,"DemandMax":null,"Value":900},{"Length":59,"Height":28,"Demand":1,"DemandMax":null,"Value":1652},{"Length":35,"Height":75,"Demand":2,"DemandMax":null,"Value":2625},{"Length":57,"Height":15,"Demand":1,"DemandMax":null,"Value":855},{"Length":16,"Height":63,"Demand":2,"DemandMax":null,"Value":1008},{"Length":41,"Height":28,"Demand":1,"DemandMax":null,"Value":1148},{"Length":31,"Height":31,"Demand":1,"DemandMax":null,"Value":961},{"Length":34,"Height":31,"Demand":1,"DemandMax":null,"Value":1054},{"Length":19,"Height":45,"Demand":1,"DemandMax":null,"Value":855},{"Length":27,"Height":45,"Demand":1,"DemandMax":null,"Value":1215},{"Length":21,"Height":53,"Demand":1,"DemandMax":null,"Value":1113},{"Length":81,"Height":25,"Demand":1,"DemandMax":null,"Value":2025},{"Length":18,"Height":68,"Demand":1,"DemandMax":null,"Value":1224},{"Length":15,"Height":60,"Demand":2,"DemandMax":null,"Value":900},{"Length":45,"Height":65,"Demand":1,"DemandMax":null,"Value":2925},{"Length":40,"Height":29,"Demand":3,"DemandMax":null,"Value":1160},{"Length":25,"Height":37,"Demand":1,"DemandMax":null,"Value":925},{"Length":20,"Height":49,"Demand":1,"DemandMax":null,"Value":980},{"Length":42,"Height":84,"Demand":1,"DemandMax":null,"Value":3528},{"Length":28,"Height":39,"Demand":1,"DemandMax":null,"Value":1092},{"Length":36,"Height":34,"Demand":1,"DemandMax":null,"Value":1224},{"Length":44,"Height":54,"Demand":1,"DemandMax":null,"Value":2376},{"Length":40,"Height":60,"Demand":1,"DemandMax":null,"Value":2400},{"Length":20,"Height":44,"Demand":1,"DemandMax":null,"Value":880},{"Length":37,"Height":75,"Demand":1,"DemandMax":null,"Value":2775},{"Length":85,"Height":128,"Demand":1,"DemandMax":null,"Value":10880},{"Length":55,"Height":17,"Demand":1,"DemandMax":null,"Value":935},{"Length":33,"Height":53,"Demand":1,"DemandMax":null,"Value":1749},{"Length":23,"Height":68,"Demand":1,"DemandMax":null,"Value":1564},{"Length":17,"Height":56,"Demand":1,"DemandMax":null,"Value":952},{"Length":40,"Height":64,"Demand":1,"DemandMax":null,"Value":2560},{"Length":35,"Height":26,"Demand":1,"DemandMax":null,"Value":910},{"Length":55,"Height":25,"Demand":1,"DemandMax":null,"Value":1375},{"Length":60,"Height":22,"Demand":1,"DemandMax":null,"Value":1320},{"Length":40,"Height":73,"Demand":1,"DemandMax":null,"Value":2920},{"Length":71,"Height":60,"Demand":1,"DemandMax":null,"Value":4260},{"Length":24,"Height":58,"Demand":1,"DemandMax":null,"Value":1392},{"Length":25,"Height":63,"Demand":1,"DemandMax":null,"Value":1575},{"Length":72,"Height":65,"Demand":1,"DemandMax":null,"Value":4680},{"Length":77,"Height":27,"Demand":2,"DemandMax":null,"Value":2079},{"Length":70,"Height":42,"Demand":1,"DemandMax":null,"Value":2940},{"Length":39,"Height":24,"Demand":1,"DemandMax":null,"Value":936},{"Length":37,"Height":91,"Demand":1,"DemandMax":null,"Value":3367},{"Length":58,"Height":85,"Demand":1,"DemandMax":null,"Value":4930},{"Length":34,"Height":35,"Demand":1,"DemandMax":null,"Value":1190},{"Length":37,"Height":77,"Demand":1,"DemandMax":null,"Value":2849},{"Length":93,"Height":25,"Demand":1,"DemandMax":null,"Value":2325},{"Length":75,"Height":21,"Demand":2,"DemandMax":null,"Value":1575},{"Length":54,"Height":28,"Demand":1,"DemandMax":null,"Value":1512},{"Length":30,"Height":88,"Demand":1,"DemandMax":null,"Value":2640},{"Length":69,"Height":44,"Demand":1,"DemandMax":null,"Value":3036},{"Length":31,"Height":39,"Demand":1,"DemandMax":null,"Value":1209},{"Length":29,"Height":59,"Demand":1,"DemandMax":null,"Value":1711},{"Length":37,"Height":61,"Demand":2,"DemandMax":null,"Value":2257},{"Length":43,"Height":30,"Demand":1,"DemandMax":null,"Value":1290},{"Length":37,"Height":38,"Demand":1,"DemandMax":null,"Value":1406},{"Length":36,"Height":41,"Demand":1,"DemandMax":null,"Value":1476},{"Length":16,"Height":58,"Demand":1,"DemandMax":null,"Value":928},{"Length":18,"Height":54,"Demand":1,"DemandMax":null,"Value":972},{"Length":47,"Height":52,"Demand":1,"DemandMax":null,"Value":2444},{"Length":36,"Height":102,"Demand":1,"DemandMax":null,"Value":3672},{"Length":28,"Height":63,"Demand":1,"DemandMax":null,"Value":1764},{"Length":50,"Height":29,"Demand":1,"DemandMax":null,"Value":1450},{"Length":19,"Height":54,"Demand":1,"DemandMax":null,"Value":1026},{"Length":41,"Height":25,"Demand":1,"DemandMax":null,"Value":1025},{"Length":31,"Height":53,"Demand":1,"DemandMax":null,"Value":1643},{"Length":87,"Height":35,"Demand":1,"DemandMax":null,"Value":3045},{"Length":17,"Height":59,"Demand":1,"DemandMax":null,"Value":1003},{"Length":41,"Height":114,"Demand":1,"DemandMax":null,"Value":4674},{"Length":23,"Height":46,"Demand":1,"DemandMax":null,"Value":1058},{"Length":81,"Height":28,"Demand":1,"DemandMax":null,"Value":2268},{"Length":16,"Height":59,"Demand":1,"DemandMax":null,"Value":944},{"Length":54,"Height":59,"Demand":1,"DemandMax":null,"Value":3186},{"Length":33,"Height":30,"Demand":1,"DemandMax":null,"Value":990},{"Length":32,"Height":47,"Demand":1,"DemandMax":null,"Value":1504},{"Length":19,"Height":47,"Demand":1,"DemandMax":null,"Value":893},{"Length":33,"Height":38,"Demand":1,"DemandMax":null,"Value":1254},{"Length":36,"Height":26,"Demand":1,"DemandMax":null,"Value":936},{"Length":32,"Height":31,"Demand":1,"DemandMax":null,"Value":992},{"Length":26,"Height":38,"Demand":1,"DemandMax":null,"Value":988},{"Length":16,"Height":54,"Demand":1,"DemandMax":null,"Value":864},{"Length":22,"Height":54,"Demand":1,"DemandMax":null,"Value":1188},{"Length":54,"Height":27,"Demand":1,"DemandMax":null,"Value":1458},{"Length":49,"Height":26,"Demand":1,"DemandMax":null,"Value":1274},{"Length":34,"Height":30,"Demand":1,"DemandMax":null,"Value":1020},{"Length":36,"Height":39,"Demand":1,"DemandMax":null,"Value":1404},{"Length":32,"Height":44,"Demand":2,"DemandMax":null,"Value":1408},{"Length":28,"Height":41,"Demand":1,"DemandMax":null,"Value":1148},{"Length":24,"Height":61,"Demand":1,"DemandMax":null,"Value":1464},{"Length":46,"Height":32,"Demand":1,"DemandMax":null,"Value":1472},{"Length":48,"Height":62,"Demand":1,"DemandMax":null,"Value":2976},{"Length":32,"Height":56,"Demand":1,"DemandMax":null,"Value":1792},{"Length":27,"Height":92,"Demand":1,"DemandMax":null,"Value":2484},{"Length":51,"Height":43,"Demand":1,"DemandMax":null,"Value":2193},{"Length":44,"Height":44,"Demand":1,"DemandMax":null,"Value":1936},{"Length":20,"Height":65,"Demand":1,"DemandMax":null,"Value":1300},{"Length":34,"Height":25,"Demand":1,"DemandMax":null,"Value":850},{"Length":52,"Height":17,"Demand":1,"DemandMax":null,"Value":884},{"Length":36,"Height":75,"Demand":1,"DemandMax":null,"Value":2700},{"Length":45,"Height":32,"Demand":1,"DemandMax":null,"Value":1440},{"Length":54,"Height":39,"Demand":1,"DemandMax":null,"Value":2106},{"Length":50,"Height":62,"Demand":1,"DemandMax":null,"Value":3100},{"Length":53,"Height":40,"Demand":1,"DemandMax":null,"Value":2120},{"Length":31,"Height":28,"Demand":2,"DemandMax":null,"Value":868},{"Length":33,"Height":63,"Demand":1,"DemandMax":null,"Value":2079},{"Length":21,"Height":68,"Demand":1,"DemandMax":null,"Value":1428},{"Length":55,"Height":43,"Demand":1,"DemandMax":null,"Value":2365},{"Length":50,"Height":45,"Demand":1,"DemandMax":null,"Value":2250},{"Length":46,"Height":31,"Demand":1,"DemandMax":null,"Value":1426},{"Length":49,"Height":34,"Demand":1,"DemandMax":null,"Value":1666},{"Length":25,"Height":58,"Demand":1,"DemandMax":null,"Value":1450},{"Length":16,"Height":60,"Demand":1,"DemandMax":null,"Value":960},{"Length":57,"Height":24,"Demand":1,"DemandMax":null,"Value":1368},{"Length":43,"Height":29,"Demand":2,"DemandMax":null,"Value":1247},{"Length":34,"Height":29,"Demand":2,"DemandMax":null,"Value":986},{"Length":43,"Height":47,"Demand":1,"DemandMax":null,"Value":2021},{"Length":40,"Height":44,"Demand":1,"DemandMax":null,"Value":1760},{"Length":32,"Height":29,"Demand":1,"DemandMax":null,"Value":928},{"Length":21,"Height":67,"Demand":1,"DemandMax":null,"Value":1407},{"Length":63,"Height":31,"Demand":1,"DemandMax":null,"Value":1953},{"Length":24,"Height":47,"Demand":1,"DemandMax":null,"Value":1128},{"Length":28,"Height":34,"Demand":1,"DemandMax":null,"Value":952},{"Length":36,"Height":36,"Demand":1,"DemandMax":null,"Value":1296},{"Length":77,"Height":39,"Demand":1,"DemandMax":null,"Value":3003},{"Length":51,"Height":25,"Demand":1,"DemandMax":null,"Value":1275},{"Length":37,"Height":34,"Demand":1,"DemandMax":null,"Value":1258},{"Length":27,"Height":60,"Demand":1,"DemandMax":null,"Value":1620},{"Length":75,"Height":38,"Demand":1,"DemandMax":null,"Value":2850},{"Length":56,"Height":35,"Demand":1,"DemandMax":null,"Value":1960},{"Length":41,"Height":33,"Demand":1,"DemandMax":null,"Value":1353},{"Length":43,"Height":23,"Demand":1,"DemandMax":null,"Value":989},{"Length":54,"Height":37,"Demand":1,"DemandMax":null,"Value":1998},{"Length":38,"Height":49,"Demand":1,"DemandMax":null,"Value":1862},{"Length":46,"Height":44,"Demand":1,"DemandMax":null,"Value":2024},{"Length":58,"Height":42,"Demand":1,"DemandMax":null,"Value":2436},{"Length":35,"Height":51,"Demand":1,"DemandMax":null,"Value":1785},{"Length":31,"Height":56,"Demand":1,"DemandMax":null,"Value":1736},{"Length":35,"Height":41,"Demand":1,"DemandMax":null,"Value":1435},{"Length":35,"Height":35,"Demand":1,"DemandMax":null,"Value":1225},{"Length":42,"Height":45,"Demand":1,"DemandMax":null,"Value":1890},{"Length":26,"Height":72,"Demand":1,"DemandMax":null,"Value":1872},{"Length":50,"Height":23,"Demand":1,"DemandMax":null,"Value":1150},{"Length":19,"Height":58,"Demand":1,"DemandMax":null,"Value":1102},{"Length":52,"Height":21,"Demand":1,"DemandMax":null,"Value":1092},{"Length":53,"Height":34,"Demand":1,"DemandMax":null,"Value":1802},{"Length":32,"Height":35,"Demand":1,"DemandMax":null,"Value":1120},{"Length":40,"Height":59,"Demand":1,"DemandMax":null,"Value":2360},{"Length":51,"Height":30,"Demand":1,"DemandMax":null,"Value":1530},{"Length":62,"Height":62,"Demand":1,"DemandMax":null,"Value":3844},{"Length":40,"Height":30,"Demand":1,"DemandMax":null,"Value":1200},{"Length":35,"Height":76,"Demand":1,"DemandMax":null,"Value":2660},{"Length":33,"Height":68,"Demand":1,"DemandMax":null,"Value":2244},{"Length":55,"Height":38,"Demand":1,"DemandMax":null,"Value":2090},{"Length":50,"Height":32,"Demand":1,"DemandMax":null,"Value":1600},{"Length":45,"Height":42,"Demand":1,"DemandMax":null,"Value":1890},{"Length":26,"Height":71,"Demand":1,"DemandMax":null,"Value":1846},{"Length":41,"Height":45,"Demand":1,"DemandMax":null,"Value":1845},{"Length":27,"Height":46,"Demand":1,"DemandMax":null,"Value":1242},{"Length":47,"Height":21,"Demand":1,"DemandMax":null,"Value":987},{"Length":19,"Height":48,"Demand":1,"DemandMax":null,"Value":912},{"Length":37,"Height":67,"Demand":1,"DemandMax":null,"Value":2479},{"Length":40,"Height":32,"Demand":1,"DemandMax":null,"Value":1280},{"Length":27,"Height":48,"Demand":1,"DemandMax":null,"Value":1296},{"Length":36,"Height":72,"Demand":1,"DemandMax":null,"Value":2592},{"Length":43,"Height":35,"Demand":1,"DemandMax":null,"Value":1505},{"Length":28,"Height":89,"Demand":1,"DemandMax":null,"Value":2492}]}