{"Name":"Path100i3b2","Objects":[{"Length":472,"Height":638,"Stock":3,"Cost":301136},{"Length":1000,"Height":362,"Stock":6,"Cost":362000},{"Length":528,"Height":638,"Stock":1,"Cost":336864}],"Items":[{"Length":55,"Height":260,"Demand":1,"DemandMax":null,"Value":14300},{"Length":102,"Height":3,"Demand":1,"DemandMax":null,"Value":306},{"Length":225,"Height":304,"Demand":1,"DemandMax":null,"Value":68400},{"Length":148,"Height":292,"Demand":1,"DemandMax":null,"Value":43216},{"Length":176,"Height":294,"Demand":1,"DemandMax":null,"Value":51744},{"Length":213,"Height":77,"Demand":1,"DemandMax":null,"Value":16401},{"Length":1,"Height":141,"Demand":1,"DemandMax":null,"Value":141},{"Length":284,"Height":7,"Demand":1,"DemandMax":null,"Value":1988},{"Length":70,"Height":118,"Demand":1,"DemandMax":null,"Value":8260},{"Length":134,"Height":66,"Demand":1,"DemandMax":null,"Value":8844},{"Length":7,"Height":208,"Demand":1,"DemandMax":null,"Value":1456},{"Length":73,"Height":6,"Demand":1,"DemandMax":null,"Value":438},{"Length":155,"Height":285,"Demand":1,"DemandMax":null,"Value":44175},{"Length":163,"Height":21,"Demand":1,"DemandMax":null,"Value":3423},{"Length":239,"Height":44,"Demand":1,"DemandMax":null,"Value":10516},{"Length":19,"Height":9,"Demand":1,"DemandMax":null,"Value":171},{"Length":1,"Height":21,"Demand":1,"DemandMax":null,"Value":21},{"Length":87,"Height":8,"Demand":1,"DemandMax":null,"Value":696},{"Length":4,"Height":9,"Demand":1,"DemandMax":null,"Value":36},{"Length":75,"Height":2,"Demand":3,"DemandMax":null,"Value":150},{"Length":235,"Height":188,"Demand":1,"DemandMax":null,"Value":44180},{"Length":16,"Height":21,"Demand":1,"DemandMax":null,"Value":336},{"Length":27,"Height":318,"Demand":1,"DemandMax":null,"Value":8586},{"Length":91,"Height":2,"Demand":1,"DemandMax":null,"Value":182},{"Length":250,"Height":186,"Demand":1,"DemandMax":null,"Value":46500},{"Length":39,"Height":13,"Demand":1,"DemandMax":null,"Value":507},{"Length":102,"Height":27,"Demand":1,"DemandMax":null,"Value":2754},{"Length":75,"Height":3,"Demand":1,"DemandMax":null,"Value":225},{"Length":152,"Height":334,"Demand":1,"DemandMax":null,"Value":50768},{"Length":330,"Height":79,"Demand":1,"DemandMax":null,"Value":26070},{"Length":5,"Height":318,"Demand":1,"DemandMax":null,"Value":1590},{"Length":296,"Height":66,"Demand":1,"DemandMax":null,"Value":19536},{"Length":4,"Height":186,"Demand":1,"DemandMax":null,"Value":744},{"Length":27,"Height":16,"Demand":1,"DemandMax":null,"Value":432},{"Length":2,"Height":318,"Demand":1,"DemandMax":null,"Value":636},{"Length":2,"Height":219,"Demand":1,"DemandMax":null,"Value":438},{"Length":135,"Height":92,"Demand":1,"DemandMax":null,"Value":12420},{"Length":27,"Height":186,"Demand":1,"DemandMax":null,"Value":5022},{"Length":135,"Height":57,"Demand":1,"DemandMax":null,"Value":7695},{"Length":222,"Height":318,"Demand":1,"DemandMax":null,"Value":70596},{"Length":1,"Height":152,"Demand":1,"DemandMax":null,"Value":152},{"Length":188,"Height":5,"Demand":1,"DemandMax":null,"Value":940},{"Length":6,"Height":334,"Demand":1,"DemandMax":null,"Value":2004},{"Length":50,"Height":5,"Demand":1,"DemandMax":null,"Value":250},{"Length":6,"Height":186,"Demand":1,"DemandMax":null,"Value":1116},{"Length":55,"Height":318,"Demand":1,"DemandMax":null,"Value":17490},{"Length":131,"Height":13,"Demand":1,"DemandMax":null,"Value":1703},{"Length":14,"Height":16,"Demand":1,"DemandMax":null,"Value":224},{"Length":342,"Height":42,"Demand":1,"DemandMax":null,"Value":14364},{"Length":28,"Height":334,"Demand":1,"DemandMax":null,"Value":9352},{"Length":91,"Height":118,"Demand":1,"DemandMax":null,"Value":10738},{"Length":5,"Height":21,"Demand":1,"DemandMax":null,"Value":105},{"Length":1,"Height":344,"Demand":3,"DemandMax":null,"Value":344},{"Length":139,"Height":118,"Demand":1,"DemandMax":null,"Value":16402},{"Length":296,"Height":228,"Demand":1,"DemandMax":null,"Value":67488},{"Length":1,"Height":16,"Demand":1,"DemandMax":null,"Value":16},{"Length":2,"Height":2,"Demand":1,"DemandMax":null,"Value":4},{"Length":1,"Height":12,"Demand":1,"DemandMax":null,"Value":12},{"Length":275,"Height":260,"Demand":1,"DemandMax":null,"Value":71500},{"Length":194,"Height":292,"Demand":1,"DemandMax":null,"Value":56648},{"Length":28,"Height":318,"Demand":1,"DemandMax":null,"Value":8904},{"Length":2,"Height":184,"Demand":1,"DemandMax":null,"Value":368},{"Length":135,"Height":43,"Demand":1,"DemandMax":null,"Value":5805},{"Length":145,"Height":285,"Demand":1,"DemandMax":null,"Value":41325},{"Length":46,"Height":16,"Demand":1,"DemandMax":null,"Value":736},{"Length":1,"Height":5,"Demand":1,"DemandMax":null,"Value":5},{"Length":70,"Height":1,"Demand":3,"DemandMax":null,"Value":70},{"Length":1,"Height":118,"Demand":1,"DemandMax":null,"Value":118},{"Length":124,"Height":123,"Demand":1,"DemandMax":null,"Value":15252},{"Length":284,"Height":3,"Demand":1,"DemandMax":null,"Value":852},{"Length":21,"Height":3,"Demand":1,"DemandMax":null,"Value":63},{"Length":134,"Height":56,"Demand":1,"DemandMax":null,"Value":7504},{"Length":1,"Height":45,"Demand":1,"DemandMax":null,"Value":45},{"Length":33,"Height":208,"Demand":1,"DemandMax":null,"Value":6864},{"Length":1,"Height":89,"Demand":1,"DemandMax":null,"Value":89},{"Length":2,"Height":125,"Demand":1,"DemandMax":null,"Value":250},{"Length":1,"Height":17,"Demand":1,"DemandMax":null,"Value":17},{"Length":235,"Height":143,"Demand":1,"DemandMax":null,"Value":33605},{"Length":170,"Height":2,"Demand":1,"DemandMax":null,"Value":340},{"Length":1,"Height":273,"Demand":1,"DemandMax":null,"Value":273},{"Length":75,"Height":1,"Demand":1,"DemandMax":null,"Value":75},{"Length":1,"Height":177,"Demand":1,"DemandMax":null,"Value":177},{"Length":134,"Height":30,"Demand":1,"DemandMax":null,"Value":4020},{"Length":1,"Height":102,"Demand":1,"DemandMax":null,"Value":102},{"Length":68,"Height":53,"Demand":1,"DemandMax":null,"Value":3604},{"Length":97,"Height":6,"Demand":1,"DemandMax":null,"Value":582},{"Length":92,"Height":14,"Demand":1,"DemandMax":null,"Value":1288},{"Length":14,"Height":186,"Demand":1,"DemandMax":null,"Value":2604},{"Length":4,"Height":12,"Demand":1,"DemandMax":null,"Value":48},{"Length":84,"Height":116,"Demand":1,"DemandMax":null,"Value":9744},{"Length":2,"Height":344,"Demand":1,"DemandMax":null,"Value":688},{"Length":84,"Height":92,"Demand":1,"DemandMax":null,"Value":7728},{"Length":10,"Height":14,"Demand":1,"DemandMax":null,"Value":140},{"Length":19,"Height":44,"Demand":1,"DemandMax":null,"Value":836}]}