{"Name":"Path25i2b1","Objects":[{"Length":1000,"Height":645,"Stock":5,"Cost":645000},{"Length":1000,"Height":355,"Stock":4,"Cost":355000}],"Items":[{"Length":287,"Height":66,"Demand":1,"DemandMax":null,"Value":18942},{"Length":295,"Height":27,"Demand":1,"DemandMax":null,"Value":7965},{"Length":304,"Height":142,"Demand":1,"DemandMax":null,"Value":43168},{"Length":176,"Height":355,"Demand":1,"DemandMax":null,"Value":62480},{"Length":299,"Height":326,"Demand":1,"DemandMax":null,"Value":97474},{"Length":340,"Height":97,"Demand":1,"DemandMax":null,"Value":32980},{"Length":174,"Height":312,"Demand":1,"DemandMax":null,"Value":54288},{"Length":89,"Height":136,"Demand":1,"DemandMax":null,"Value":12104},{"Length":295,"Height":330,"Demand":1,"DemandMax":null,"Value":97350},{"Length":304,"Height":188,"Demand":1,"DemandMax":null,"Value":57152},{"Length":89,"Height":39,"Demand":1,"DemandMax":null,"Value":3471},{"Length":288,"Height":239,"Demand":1,"DemandMax":null,"Value":68832},{"Length":114,"Height":319,"Demand":1,"DemandMax":null,"Value":36366},{"Length":311,"Height":3,"Demand":1,"DemandMax":null,"Value":933},{"Length":287,"Height":253,"Demand":1,"DemandMax":null,"Value":72611},{"Length":295,"Height":328,"Demand":1,"DemandMax":null,"Value":96760},{"Length":89,"Height":58,"Demand":1,"DemandMax":null,"Value":5162},{"Length":127,"Height":312,"Demand":1,"DemandMax":null,"Value":39624},{"Length":100,"Height":355,"Demand":1,"DemandMax":null,"Value":35500},{"Length":288,"Height":76,"Demand":1,"DemandMax":null,"Value":21888},{"Length":340,"Height":258,"Demand":1,"DemandMax":null,"Value":87720},{"Length":6,"Height":312,"Demand":1,"DemandMax":null,"Value":1872},{"Length":4,"Height":312,"Demand":1,"DemandMax":null,"Value":1248},{"Length":102,"Height":326,"Demand":1,"DemandMax":null,"Value":33252},{"Length":89,"Height":122,"Demand":1,"DemandMax":null,"Value":10858}]}