{"Name":"Path50i6b4","Objects":[{"Length":636,"Height":308,"Stock":2,"Cost":195888},{"Length":507,"Height":336,"Stock":3,"Cost":170352},{"Length":493,"Height":308,"Stock":6,"Cost":151844},{"Length":364,"Height":308,"Stock":1,"Cost":112112},{"Length":507,"Height":356,"Stock":3,"Cost":180492},{"Length":493,"Height":384,"Stock":3,"Cost":189312}],"Items":[{"Length":152,"Height":84,"Demand":1,"DemandMax":null,"Value":12768},{"Length":213,"Height":64,"Demand":1,"DemandMax":null,"Value":13632},{"Length":34,"Height":308,"Demand":1,"DemandMax":null,"Value":10472},{"Length":170,"Height":308,"Demand":1,"DemandMax":null,"Value":52360},{"Length":283,"Height":307,"Demand":1,"DemandMax":null,"Value":86881},{"Length":235,"Height":290,"Demand":1,"DemandMax":null,"Value":68150},{"Length":224,"Height":268,"Demand":1,"DemandMax":null,"Value":60032},{"Length":1,"Height":43,"Demand":1,"DemandMax":null,"Value":43},{"Length":33,"Height":308,"Demand":2,"DemandMax":null,"Value":10164},{"Length":237,"Height":49,"Demand":1,"DemandMax":null,"Value":11613},{"Length":122,"Height":308,"Demand":1,"DemandMax":null,"Value":37576},{"Length":128,"Height":308,"Demand":1,"DemandMax":null,"Value":39424},{"Length":294,"Height":5,"Demand":1,"DemandMax":null,"Value":1470},{"Length":103,"Height":308,"Demand":1,"DemandMax":null,"Value":31724},{"Length":258,"Height":292,"Demand":1,"DemandMax":null,"Value":75336},{"Length":148,"Height":308,"Demand":1,"DemandMax":null,"Value":45584},{"Length":91,"Height":94,"Demand":1,"DemandMax":null,"Value":8554},{"Length":7,"Height":308,"Demand":1,"DemandMax":null,"Value":2156},{"Length":3,"Height":135,"Demand":1,"DemandMax":null,"Value":405},{"Length":294,"Height":286,"Demand":1,"DemandMax":null,"Value":84084},{"Length":11,"Height":49,"Demand":1,"DemandMax":null,"Value":539},{"Length":152,"Height":89,"Demand":1,"DemandMax":null,"Value":13528},{"Length":1,"Height":49,"Demand":2,"DemandMax":null,"Value":49},{"Length":45,"Height":308,"Demand":1,"DemandMax":null,"Value":13860},{"Length":23,"Height":22,"Demand":1,"DemandMax":null,"Value":506},{"Length":253,"Height":308,"Demand":1,"DemandMax":null,"Value":77924},{"Length":33,"Height":135,"Demand":1,"DemandMax":null,"Value":4455},{"Length":194,"Height":308,"Demand":1,"DemandMax":null,"Value":59752},{"Length":213,"Height":272,"Demand":1,"DemandMax":null,"Value":57936},{"Length":258,"Height":26,"Demand":1,"DemandMax":null,"Value":6708},{"Length":23,"Height":135,"Demand":1,"DemandMax":null,"Value":3105},{"Length":294,"Height":45,"Demand":1,"DemandMax":null,"Value":13230},{"Length":144,"Height":94,"Demand":1,"DemandMax":null,"Value":13536},{"Length":64,"Height":46,"Demand":1,"DemandMax":null,"Value":2944},{"Length":1,"Height":3,"Demand":2,"DemandMax":null,"Value":3},{"Length":258,"Height":41,"Demand":1,"DemandMax":null,"Value":10578},{"Length":63,"Height":308,"Demand":1,"DemandMax":null,"Value":19404},{"Length":36,"Height":46,"Demand":1,"DemandMax":null,"Value":1656},{"Length":8,"Height":308,"Demand":1,"DemandMax":null,"Value":2464},{"Length":124,"Height":46,"Demand":1,"DemandMax":null,"Value":5704},{"Length":32,"Height":49,"Demand":1,"DemandMax":null,"Value":1568},{"Length":201,"Height":42,"Demand":1,"DemandMax":null,"Value":8442},{"Length":23,"Height":20,"Demand":1,"DemandMax":null,"Value":460},{"Length":38,"Height":135,"Demand":1,"DemandMax":null,"Value":5130},{"Length":55,"Height":135,"Demand":1,"DemandMax":null,"Value":7425},{"Length":111,"Height":25,"Demand":1,"DemandMax":null,"Value":2775},{"Length":147,"Height":25,"Demand":1,"DemandMax":null,"Value":3675}]}