{"Name":"Path100i4b1","Objects":[{"Length":550,"Height":570,"Stock":4,"Cost":313500},{"Length":450,"Height":686,"Stock":5,"Cost":308700},{"Length":550,"Height":430,"Stock":6,"Cost":236500},{"Length":450,"Height":314,"Stock":5,"Cost":141300}],"Items":[{"Length":93,"Height":21,"Demand":1,"DemandMax":null,"Value":1953},{"Length":1,"Height":280,"Demand":1,"DemandMax":null,"Value":280},{"Length":92,"Height":102,"Demand":1,"DemandMax":null,"Value":9384},{"Length":237,"Height":11,"Demand":1,"DemandMax":null,"Value":2607},{"Length":30,"Height":28,"Demand":1,"DemandMax":null,"Value":840},{"Length":25,"Height":14,"Demand":1,"DemandMax":null,"Value":350},{"Length":32,"Height":286,"Demand":1,"DemandMax":null,"Value":9152},{"Length":2,"Height":271,"Demand":1,"DemandMax":null,"Value":542},{"Length":249,"Height":291,"Demand":1,"DemandMax":null,"Value":72459},{"Length":237,"Height":292,"Demand":1,"DemandMax":null,"Value":69204},{"Length":3,"Height":286,"Demand":1,"DemandMax":null,"Value":858},{"Length":79,"Height":2,"Demand":1,"DemandMax":null,"Value":158},{"Length":1,"Height":29,"Demand":1,"DemandMax":null,"Value":29},{"Length":308,"Height":279,"Demand":1,"DemandMax":null,"Value":85932},{"Length":242,"Height":3,"Demand":1,"DemandMax":null,"Value":726},{"Length":1,"Height":97,"Demand":1,"DemandMax":null,"Value":97},{"Length":242,"Height":180,"Demand":1,"DemandMax":null,"Value":43560},{"Length":77,"Height":4,"Demand":1,"DemandMax":null,"Value":308},{"Length":45,"Height":1,"Demand":2,"DemandMax":null,"Value":45},{"Length":17,"Height":2,"Demand":1,"DemandMax":null,"Value":34},{"Length":306,"Height":263,"Demand":1,"DemandMax":null,"Value":80478},{"Length":163,"Height":282,"Demand":1,"DemandMax":null,"Value":45966},{"Length":171,"Height":2,"Demand":1,"DemandMax":null,"Value":342},{"Length":85,"Height":1,"Demand":1,"DemandMax":null,"Value":85},{"Length":242,"Height":8,"Demand":1,"DemandMax":null,"Value":1936},{"Length":17,"Height":300,"Demand":1,"DemandMax":null,"Value":5100},{"Length":12,"Height":28,"Demand":1,"DemandMax":null,"Value":336},{"Length":71,"Height":12,"Demand":1,"DemandMax":null,"Value":852},{"Length":244,"Height":83,"Demand":1,"DemandMax":null,"Value":20252},{"Length":12,"Height":233,"Demand":1,"DemandMax":null,"Value":2796},{"Length":34,"Height":2,"Demand":1,"DemandMax":null,"Value":68},{"Length":77,"Height":5,"Demand":1,"DemandMax":null,"Value":385},{"Length":47,"Height":7,"Demand":1,"DemandMax":null,"Value":329},{"Length":75,"Height":28,"Demand":1,"DemandMax":null,"Value":2100},{"Length":16,"Height":3,"Demand":1,"DemandMax":null,"Value":48},{"Length":30,"Height":1,"Demand":1,"DemandMax":null,"Value":30},{"Length":240,"Height":151,"Demand":1,"DemandMax":null,"Value":36240},{"Length":301,"Height":291,"Demand":1,"DemandMax":null,"Value":87591},{"Length":306,"Height":89,"Demand":1,"DemandMax":null,"Value":27234},{"Length":47,"Height":1,"Demand":1,"DemandMax":null,"Value":47},{"Length":242,"Height":11,"Demand":1,"DemandMax":null,"Value":2662},{"Length":119,"Height":2,"Demand":1,"DemandMax":null,"Value":238},{"Length":12,"Height":15,"Demand":1,"DemandMax":null,"Value":180},{"Length":7,"Height":1,"Demand":2,"DemandMax":null,"Value":7},{"Length":209,"Height":1,"Demand":1,"DemandMax":null,"Value":209},{"Length":1,"Height":160,"Demand":1,"DemandMax":null,"Value":160},{"Length":4,"Height":5,"Demand":1,"DemandMax":null,"Value":20},{"Length":2,"Height":7,"Demand":1,"DemandMax":null,"Value":14},{"Length":244,"Height":10,"Demand":1,"DemandMax":null,"Value":2440},{"Length":244,"Height":26,"Demand":1,"DemandMax":null,"Value":6344},{"Length":83,"Height":16,"Demand":1,"DemandMax":null,"Value":1328},{"Length":147,"Height":280,"Demand":1,"DemandMax":null,"Value":41160},{"Length":8,"Height":24,"Demand":1,"DemandMax":null,"Value":192},{"Length":64,"Height":2,"Demand":1,"DemandMax":null,"Value":128},{"Length":149,"Height":2,"Demand":1,"DemandMax":null,"Value":298},{"Length":242,"Height":13,"Demand":1,"DemandMax":null,"Value":3146},{"Length":244,"Height":189,"Demand":1,"DemandMax":null,"Value":46116},{"Length":93,"Height":286,"Demand":1,"DemandMax":null,"Value":26598},{"Length":12,"Height":3,"Demand":1,"DemandMax":null,"Value":36},{"Length":287,"Height":198,"Demand":1,"DemandMax":null,"Value":56826},{"Length":77,"Height":1,"Demand":1,"DemandMax":null,"Value":77},{"Length":211,"Height":2,"Demand":1,"DemandMax":null,"Value":422},{"Length":57,"Height":119,"Demand":1,"DemandMax":null,"Value":6783},{"Length":31,"Height":1,"Demand":2,"DemandMax":null,"Value":31},{"Length":2,"Height":1,"Demand":1,"DemandMax":null,"Value":2},{"Length":242,"Height":1,"Demand":1,"DemandMax":null,"Value":242},{"Length":5,"Height":280,"Demand":1,"DemandMax":null,"Value":1400},{"Length":107,"Height":124,"Demand":1,"DemandMax":null,"Value":13268},{"Length":180,"Height":18,"Demand":1,"DemandMax":null,"Value":3240},{"Length":30,"Height":2,"Demand":1,"DemandMax":null,"Value":60},{"Length":19,"Height":78,"Demand":1,"DemandMax":null,"Value":1482},{"Length":242,"Height":24,"Demand":1,"DemandMax":null,"Value":5808},{"Length":128,"Height":1,"Demand":1,"DemandMax":null,"Value":128},{"Length":2,"Height":12,"Demand":2,"DemandMax":null,"Value":24},{"Length":25,"Height":20,"Demand":1,"DemandMax":null,"Value":500},{"Length":287,"Height":208,"Demand":1,"DemandMax":null,"Value":59696},{"Length":56,"Height":124,"Demand":1,"DemandMax":null,"Value":6944},{"Length":152,"Height":4,"Demand":1,"DemandMax":null,"Value":608},{"Length":4,"Height":3,"Demand":1,"DemandMax":null,"Value":12},{"Length":57,"Height":161,"Demand":1,"DemandMax":null,"Value":9177},{"Length":180,"Height":2,"Demand":1,"DemandMax":null,"Value":360},{"Length":242,"Height":9,"Demand":1,"DemandMax":null,"Value":2178},{"Length":152,"Height":98,"Demand":1,"DemandMax":null,"Value":14896},{"Length":149,"Height":19,"Demand":1,"DemandMax":null,"Value":2831},{"Length":8,"Height":12,"Demand":1,"DemandMax":null,"Value":96},{"Length":8,"Height":3,"Demand":1,"DemandMax":null,"Value":24},{"Length":287,"Height":78,"Demand":1,"DemandMax":null,"Value":22386},{"Length":240,"Height":129,"Demand":1,"DemandMax":null,"Value":30960},{"Length":45,"Height":286,"Demand":1,"DemandMax":null,"Value":12870},{"Length":195,"Height":7,"Demand":1,"DemandMax":null,"Value":1365},{"Length":8,"Height":276,"Demand":1,"DemandMax":null,"Value":2208},{"Length":24,"Height":1,"Demand":1,"DemandMax":null,"Value":24},{"Length":38,"Height":2,"Demand":1,"DemandMax":null,"Value":76},{"Length":2,"Height":8,"Demand":1,"DemandMax":null,"Value":16},{"Length":39,"Height":20,"Demand":1,"DemandMax":null,"Value":780},{"Length":12,"Height":7,"Demand":1,"DemandMax":null,"Value":84}]}