{"Name":"A2s","Objects":[{"Length":60,"Height":60,"Stock":null,"Cost":3600}],"Items":[{"Length":32,"Height":40,"Demand":1,"DemandMax":null,"Value":1280},{"Length":29,"Height":42,"Demand":2,"DemandMax":null,"Value":1218},{"Length":31,"Height":39,"Demand":1,"DemandMax":null,"Value":1209},{"Length":27,"Height":38,"Demand":1,"DemandMax":null,"Value":1026},{"Length":27,"Height":37,"Demand":3,"DemandMax":null,"Value":999},{"Length":24,"Height":36,"Demand":4,"DemandMax":null,"Value":864},{"Length":25,"Height":35,"Demand":2,"DemandMax":null,"Value":875},{"Length":28,"Height":34,"Demand":2,"DemandMax":null,"Value":952},{"Length":33,"Height":25,"Demand":4,"DemandMax":null,"Value":825},{"Length":23,"Height":31,"Demand":4,"DemandMax":null,"Value":713},{"Length":31,"Height":24,"Demand":3,"DemandMax":null,"Value":744},{"Length":26,"Height":18,"Demand":3,"DemandMax":null,"Value":468},{"Length":18,"Height":29,"Demand":4,"DemandMax":null,"Value":522},{"Length":15,"Height":24,"Demand":2,"DemandMax":null,"Value":360},{"Length":16,"Height":25,"Demand":4,"DemandMax":null,"Value":400},{"Length":17,"Height":26,"Demand":3,"DemandMax":null,"Value":442},{"Length":23,"Height":14,"Demand":4,"DemandMax":null,"Value":322},{"Length":21,"Height":15,"Demand":3,"DemandMax":null,"Value":315},{"Length":19,"Height":16,"Demand":2,"DemandMax":null,"Value":304},{"Length":12,"Height":17,"Demand":1,"DemandMax":null,"Value":204}]}