{"Name":"STS2s","Objects":[{"Length":55,"Height":85,"Stock":null,"Cost":4675}],"Items":[{"Length":10,"Height":20,"Demand":2,"DemandMax":null,"Value":200},{"Length":11,"Height":21,"Demand":1,"DemandMax":null,"Value":231},{"Length":12,"Height":22,"Demand":2,"DemandMax":null,"Value":264},{"Length":12,"Height":40,"Demand":2,"DemandMax":null,"Value":480},{"Length":13,"Height":23,"Demand":3,"DemandMax":null,"Value":299},{"Length":14,"Height":24,"Demand":1,"DemandMax":null,"Value":336},{"Length":15,"Height":25,"Demand":4,"DemandMax":null,"Value":375},{"Length":15,"Height":26,"Demand":3,"DemandMax":null,"Value":390},{"Length":16,"Height":28,"Demand":2,"DemandMax":null,"Value":448},{"Length":17,"Height":14,"Demand":1,"DemandMax":null,"Value":238},{"Length":18,"Height":27,"Demand":2,"DemandMax":null,"Value":486},{"Length":19,"Height":15,"Demand":3,"DemandMax":null,"Value":285},{"Length":20,"Height":30,"Demand":2,"DemandMax":null,"Value":600},{"Length":21,"Height":13,"Demand":2,"DemandMax":null,"Value":273},{"Length":22,"Height":25,"Demand":1,"DemandMax":null,"Value":550},{"Length":22,"Height":32,"Demand":3,"DemandMax":null,"Value":704},{"Length":23,"Height":14,"Demand":4,"DemandMax":null,"Value":322},{"Length":24,"Height":30,"Demand":2,"DemandMax":null,"Value":720},{"Length":24,"Height":34,"Demand":4,"DemandMax":null,"Value":816},{"Length":25,"Height":30,"Demand":2,"DemandMax":null,"Value":750},{"Length":25,"Height":35,"Demand":3,"DemandMax":null,"Value":875},{"Length":26,"Height":36,"Demand":4,"DemandMax":null,"Value":936},{"Length":26,"Height":40,"Demand":2,"DemandMax":null,"Value":1040},{"Length":27,"Height":37,"Demand":3,"DemandMax":null,"Value":999},{"Length":28,"Height":38,"Demand":3,"DemandMax":null,"Value":1064},{"Length":29,"Height":19,"Demand":5,"DemandMax":null,"Value":551},{"Length":29,"Height":39,"Demand":4,"DemandMax":null,"Value":1131},{"Length":30,"Height":10,"Demand":1,"DemandMax":null,"Value":300},{"Length":31,"Height":21,"Demand":3,"DemandMax":null,"Value":651},{"Length":31,"Height":43,"Demand":4,"DemandMax":null,"Value":1333}]}