{"Name":"STS4s","Objects":[{"Length":99,"Height":99,"Stock":null,"Cost":9801}],"Items":[{"Length":14,"Height":16,"Demand":1,"DemandMax":null,"Value":224},{"Length":14,"Height":31,"Demand":2,"DemandMax":null,"Value":434},{"Length":15,"Height":17,"Demand":3,"DemandMax":null,"Value":255},{"Length":17,"Height":19,"Demand":3,"DemandMax":null,"Value":323},{"Length":18,"Height":19,"Demand":2,"DemandMax":null,"Value":342},{"Length":20,"Height":34,"Demand":2,"DemandMax":null,"Value":680},{"Length":20,"Height":39,"Demand":3,"DemandMax":null,"Value":780},{"Length":21,"Height":29,"Demand":2,"DemandMax":null,"Value":609},{"Length":25,"Height":25,"Demand":2,"DemandMax":null,"Value":625},{"Length":27,"Height":27,"Demand":3,"DemandMax":null,"Value":729},{"Length":29,"Height":34,"Demand":2,"DemandMax":null,"Value":986},{"Length":30,"Height":25,"Demand":2,"DemandMax":null,"Value":750},{"Length":30,"Height":27,"Demand":3,"DemandMax":null,"Value":810},{"Length":33,"Height":30,"Demand":2,"DemandMax":null,"Value":990},{"Length":35,"Height":30,"Demand":2,"DemandMax":null,"Value":1050},{"Length":37,"Height":27,"Demand":4,"DemandMax":null,"Value":999},{"Length":38,"Height":49,"Demand":2,"DemandMax":null,"Value":1862},{"Length":40,"Height":25,"Demand":2,"DemandMax":null,"Value":1000},{"Length":43,"Height":28,"Demand":4,"DemandMax":null,"Value":1204},{"Length":44,"Height":34,"Demand":4,"DemandMax":null,"Value":1496}]}