{"Name":"CHL2s","Objects":[{"Length":62,"Height":55,"Stock":null,"Cost":3410}],"Items":[{"Length":11,"Height":15,"Demand":2,"DemandMax":null,"Value":165},{"Length":27,"Height":9,"Demand":3,"DemandMax":null,"Value":243},{"Length":19,"Height":21,"Demand":1,"DemandMax":null,"Value":399},{"Length":28,"Height":31,"Demand":1,"DemandMax":null,"Value":868},{"Length":13,"Height":17,"Demand":2,"DemandMax":null,"Value":221},{"Length":15,"Height":29,"Demand":3,"DemandMax":null,"Value":435},{"Length":29,"Height":13,"Demand":2,"DemandMax":null,"Value":377},{"Length":31,"Height":12,"Demand":2,"DemandMax":null,"Value":372},{"Length":31,"Height":19,"Demand":2,"DemandMax":null,"Value":589},{"Length":23,"Height":16,"Demand":1,"DemandMax":null,"Value":368}]}