{"Name":"CU1","Objects":[{"Length":100,"Height":125,"Stock":null,"Cost":12500}],"Items":[{"Length":23,"Height":44,"Demand":6,"DemandMax":null,"Value":1012},{"Length":20,"Height":56,"Demand":9,"DemandMax":null,"Value":1120},{"Length":24,"Height":41,"Demand":6,"DemandMax":null,"Value":984},{"Length":38,"Height":57,"Demand":3,"DemandMax":null,"Value":2166},{"Length":23,"Height":57,"Demand":4,"DemandMax":null,"Value":1311},{"Length":58,"Height":49,"Demand":1,"DemandMax":null,"Value":2842},{"Length":51,"Height":79,"Demand":1,"DemandMax":null,"Value":4029},{"Length":43,"Height":35,"Demand":3,"DemandMax":null,"Value":1505},{"Length":39,"Height":68,"Demand":2,"DemandMax":null,"Value":2652},{"Length":21,"Height":65,"Demand":2,"DemandMax":null,"Value":1365},{"Length":24,"Height":80,"Demand":3,"DemandMax":null,"Value":1920},{"Length":50,"Height":61,"Demand":3,"DemandMax":null,"Value":3050},{"Length":45,"Height":59,"Demand":2,"DemandMax":null,"Value":2655},{"Length":42,"Height":69,"Demand":1,"DemandMax":null,"Value":2898},{"Length":54,"Height":68,"Demand":1,"DemandMax":null,"Value":3672},{"Length":29,"Height":75,"Demand":3,"DemandMax":null,"Value":2175},{"Length":24,"Height":39,"Demand":7,"DemandMax":null,"Value":936},{"Length":22,"Height":42,"Demand":2,"DemandMax":null,"Value":924},{"Length":56,"Height":53,"Demand":1,"DemandMax":null,"Value":2968},{"Length":24,"Height":49,"Demand":1,"DemandMax":null,"Value":1176},{"Length":20,"Height":66,"Demand":5,"DemandMax":null,"Value":1320},{"Length":45,"Height":53,"Demand":4,"DemandMax":null,"Value":2385},{"Length":23,"Height":50,"Demand":8,"DemandMax":null,"Value":1150},{"Length":34,"Height":75,"Demand":1,"DemandMax":null,"Value":2550},{"Length":38,"Height":28,"Demand":3,"DemandMax":null,"Value":1064}]}