{"Name":"Hchl6s","Objects":[{"Length":253,"Height":244,"Stock":null,"Cost":61732}],"Items":[{"Length":35,"Height":75,"Demand":2,"DemandMax":null,"Value":2625},{"Length":75,"Height":38,"Demand":3,"DemandMax":null,"Value":2850},{"Length":85,"Height":49,"Demand":4,"DemandMax":null,"Value":4165},{"Length":72,"Height":39,"Demand":3,"DemandMax":null,"Value":2808},{"Length":82,"Height":94,"Demand":2,"DemandMax":null,"Value":7708},{"Length":79,"Height":62,"Demand":1,"DemandMax":null,"Value":4898},{"Length":39,"Height":87,"Demand":4,"DemandMax":null,"Value":3393},{"Length":109,"Height":78,"Demand":3,"DemandMax":null,"Value":8502},{"Length":59,"Height":101,"Demand":2,"DemandMax":null,"Value":5959},{"Length":65,"Height":47,"Demand":4,"DemandMax":null,"Value":3055},{"Length":49,"Height":68,"Demand":3,"DemandMax":null,"Value":3332},{"Length":59,"Height":85,"Demand":5,"DemandMax":null,"Value":5015},{"Length":65,"Height":49,"Demand":3,"DemandMax":null,"Value":3185},{"Length":64,"Height":84,"Demand":2,"DemandMax":null,"Value":5376},{"Length":75,"Height":47,"Demand":4,"DemandMax":null,"Value":3525},{"Length":61,"Height":63,"Demand":1,"DemandMax":null,"Value":3843},{"Length":85,"Height":86,"Demand":2,"DemandMax":null,"Value":7310},{"Length":44,"Height":68,"Demand":2,"DemandMax":null,"Value":2992},{"Length":48,"Height":51,"Demand":3,"DemandMax":null,"Value":2448},{"Length":62,"Height":83,"Demand":3,"DemandMax":null,"Value":5146},{"Length":103,"Height":57,"Demand":2,"DemandMax":null,"Value":5871},{"Length":48,"Height":57,"Demand":2,"DemandMax":null,"Value":2736}]}