{"Name":"STS2","Objects":[{"Length":55,"Height":85,"Stock":null,"Cost":4675}],"Items":[{"Length":10,"Height":20,"Demand":2,"DemandMax":null,"Value":190},{"Length":11,"Height":21,"Demand":1,"DemandMax":null,"Value":220},{"Length":12,"Height":22,"Demand":2,"DemandMax":null,"Value":240},{"Length":12,"Height":40,"Demand":2,"DemandMax":null,"Value":450},{"Length":13,"Height":23,"Demand":3,"DemandMax":null,"Value":280},{"Length":14,"Height":24,"Demand":1,"DemandMax":null,"Value":390},{"Length":15,"Height":25,"Demand":4,"DemandMax":null,"Value":360},{"Length":15,"Height":26,"Demand":3,"DemandMax":null,"Value":350},{"Length":16,"Height":28,"Demand":2,"DemandMax":null,"Value":450},{"Length":17,"Height":14,"Demand":1,"DemandMax":null,"Value":250},{"Length":18,"Height":27,"Demand":2,"DemandMax":null,"Value":460},{"Length":19,"Height":15,"Demand":3,"DemandMax":null,"Value":250},{"Length":20,"Height":30,"Demand":2,"DemandMax":null,"Value":570},{"Length":21,"Height":13,"Demand":2,"DemandMax":null,"Value":250},{"Length":22,"Height":25,"Demand":1,"DemandMax":null,"Value":600},{"Length":22,"Height":32,"Demand":3,"DemandMax":null,"Value":660},{"Length":23,"Height":14,"Demand":4,"DemandMax":null,"Value":310},{"Length":24,"Height":30,"Demand":2,"DemandMax":null,"Value":720},{"Length":24,"Height":34,"Demand":4,"DemandMax":null,"Value":790},{"Length":25,"Height":30,"Demand":2,"DemandMax":null,"Value":760},{"Length":25,"Height":35,"Demand":3,"DemandMax":null,"Value":840},{"Length":26,"Height":36,"Demand":4,"DemandMax":null,"Value":900},{"Length":26,"Height":40,"Demand":2,"DemandMax":null,"Value":1000},{"Length":27,"Height":37,"Demand":3,"DemandMax":null,"Value":980},{"Length":28,"Height":38,"Demand":3,"DemandMax":null,"Value":1010},{"Length":29,"Height":19,"Demand":5,"DemandMax":null,"Value":550},{"Length":29,"Height":39,"Demand":4,"DemandMax":null,"Value":1050},{"Length":30,"Height":10,"Demand":1,"DemandMax":null,"Value":280},{"Length":31,"Height":21,"Demand":3,"DemandMax":null,"Value":630},{"Length":31,"Height":43,"Demand":4,"DemandMax":null,"Value":1320}]}