{"Name":"Nice3_50","Objects":[{"Length":100.0,"Height":100.0,"Stock":null,"Cost":10000.0}],"Items":[{"Length":29.05898,"Height":21.82474,"Demand":1.0,"DemandMax":null,"Value":634.20468316519987},{"Length":22.72985,"Height":15.04952,"Demand":1.0,"DemandMax":null,"Value":342.073332172},{"Length":31.95151,"Height":9.910716,"Demand":1.0,"DemandMax":null,"Value":316.66234138116},{"Length":24.59609,"Height":12.28913,"Demand":1.0,"DemandMax":null,"Value":302.2645475017},{"Length":21.86319,"Height":13.61798,"Demand":1.0,"DemandMax":null,"Value":297.7324841562},{"Length":14.21651,"Height":20.29039,"Demand":1.0,"DemandMax":null,"Value":288.45853233889994},{"Length":31.95151,"Height":8.855738,"Demand":1.0,"DemandMax":null,"Value":282.95420126438},{"Length":18.99926,"Height":14.6068,"Demand":1.0,"DemandMax":null,"Value":277.518390968},{"Length":16.95234,"Height":15.88331,"Demand":1.0,"DemandMax":null,"Value":269.2592714454},{"Length":31.95151,"Height":8.326654,"Demand":1.0,"DemandMax":null,"Value":266.04916854754},{"Length":20.72256,"Height":12.28913,"Demand":1.0,"DemandMax":null,"Value":254.66223377280002},{"Length":17.14938,"Height":14.6068,"Demand":1.0,"DemandMax":null,"Value":250.497563784},{"Length":16.84456,"Height":14.85736,"Demand":1.0,"DemandMax":null,"Value":250.26569196160003},{"Length":12.077,"Height":20.59204,"Demand":1.0,"DemandMax":null,"Value":248.69006708},{"Length":26.57838,"Height":9.3506,"Demand":1.0,"DemandMax":null,"Value":248.52380002799998},{"Length":10.79,"Height":20.59204,"Demand":1.0,"DemandMax":null,"Value":222.18811159999999},{"Length":18.09204,"Height":12.1123,"Demand":1.0,"DemandMax":null,"Value":219.136216092},{"Length":17.53507,"Height":12.35196,"Demand":1.0,"DemandMax":null,"Value":216.5924832372},{"Length":21.86319,"Height":9.16468,"Demand":1.0,"DemandMax":null,"Value":200.36914012920002},{"Length":17.53507,"Height":11.35649,"Demand":1.0,"DemandMax":null,"Value":199.13684710430002},{"Length":12.4142,"Height":15.88331,"Demand":1.0,"DemandMax":null,"Value":197.17858700199997},{"Length":25.14361,"Height":7.768642,"Demand":1.0,"DemandMax":null,"Value":195.33170467762},{"Length":9.335219,"Height":20.59204,"Demand":1.0,"DemandMax":null,"Value":192.23120305676002},{"Length":23.04772,"Height":8.214659,"Demand":1.0,"DemandMax":null,"Value":189.32916052747999},{"Length":14.38146,"Height":13.00426,"Demand":1.0,"DemandMax":null,"Value":187.02024501960003},{"Length":25.14361,"Height":7.088722,"Demand":1.0,"DemandMax":null,"Value":178.23606136642},{"Length":18.09204,"Height":9.712435,"Demand":1.0,"DemandMax":null,"Value":175.7177625174},{"Length":21.86319,"Height":7.707457,"Demand":1.0,"DemandMax":null,"Value":168.50959680782998},{"Length":17.53507,"Height":9.565293,"Demand":1.0,"DemandMax":null,"Value":167.72808232551003},{"Length":22.27093,"Height":7.436531,"Demand":1.0,"DemandMax":null,"Value":165.61846134382998},{"Length":22.27093,"Height":7.367445,"Demand":1.0,"DemandMax":null,"Value":164.07985187385},{"Length":17.53507,"Height":9.143034,"Demand":1.0,"DemandMax":null,"Value":160.32374120238},{"Length":14.21651,"Height":11.07092,"Demand":1.0,"DemandMax":null,"Value":157.3898448892},{"Length":14.21651,"Height":11.05546,"Demand":1.0,"DemandMax":null,"Value":157.1700576446},{"Length":13.70207,"Height":11.24144,"Demand":1.0,"DemandMax":null,"Value":154.03099778080002},{"Length":23.04772,"Height":6.589316,"Demand":1.0,"DemandMax":null,"Value":151.86871015952002},{"Length":6.715949,"Height":21.82474,"Demand":1.0,"DemandMax":null,"Value":146.57384077826},{"Length":12.87631,"Height":11.24144,"Demand":1.0,"DemandMax":null,"Value":144.74826628640003},{"Length":11.49015,"Height":12.04359,"Demand":1.0,"DemandMax":null,"Value":138.3826556385},{"Length":11.23969,"Height":12.04359,"Demand":1.0,"DemandMax":null,"Value":135.36621808709998},{"Length":14.38146,"Height":8.82048,"Demand":1.0,"DemandMax":null,"Value":126.8513803008},{"Length":8.03758,"Height":15.63275,"Demand":1.0,"DemandMax":null,"Value":125.649478745},{"Length":7.432432,"Height":15.63275,"Demand":1.0,"DemandMax":null,"Value":116.189351348},{"Length":7.37829,"Height":15.63275,"Demand":1.0,"DemandMax":null,"Value":115.3429629975},{"Length":6.7821,"Height":15.88331,"Demand":1.0,"DemandMax":null,"Value":107.722196751},{"Length":9.467816,"Height":10.91528,"Demand":1.0,"DemandMax":null,"Value":103.34386262847998},{"Length":6.574157,"Height":15.63275,"Demand":1.0,"DemandMax":null,"Value":102.77215284174999},{"Length":12.56572,"Height":8.13784,"Demand":1.0,"DemandMax":null,"Value":102.25781884480001},{"Length":12.56572,"Height":7.494907,"Demand":1.0,"DemandMax":null,"Value":94.17890278804},{"Length":9.467816,"Height":9.676755,"Demand":1.0,"DemandMax":null,"Value":91.617735817079989}]}