{"Name":"Path32_100","Objects":[{"Length":100.0,"Height":100.0,"Stock":null,"Cost":10000.0}],"Items":[{"Length":39.36114,"Height":41.64405,"Demand":1.0,"DemandMax":null,"Value":1639.1572822169999},{"Length":78.27666,"Height":18.16041,"Demand":1.0,"DemandMax":null,"Value":1421.5362390306},{"Length":97.03335,"Height":9.664112,"Demand":1.0,"DemandMax":null,"Value":937.74116213519994},{"Length":42.82951,"Height":17.14629,"Demand":1.0,"DemandMax":null,"Value":734.3671990179},{"Length":40.10145,"Height":16.28932,"Demand":1.0,"DemandMax":null,"Value":653.225351514},{"Length":45.16424,"Height":10.76531,"Demand":1.0,"DemandMax":null,"Value":486.20704451439997},{"Length":42.82951,"Height":8.208442,"Demand":1.0,"DemandMax":null,"Value":351.56354872341996},{"Length":14.63714,"Height":18.16041,"Demand":1.0,"DemandMax":null,"Value":265.81646362739997},{"Length":41.79468,"Height":4.632722,"Demand":1.0,"DemandMax":null,"Value":193.62313351896},{"Length":73.2886,"Height":2.583391,"Demand":1.0,"DemandMax":null,"Value":189.33310964260002},{"Length":41.79468,"Height":4.413483,"Demand":1.0,"DemandMax":null,"Value":184.46010967044},{"Length":5.19789,"Height":32.27222,"Demand":1.0,"DemandMax":null,"Value":167.74744961579998},{"Length":12.08243,"Height":11.88666,"Demand":1.0,"DemandMax":null,"Value":143.6197373838},{"Length":73.2886,"Height":1.311232,"Demand":1.0,"DemandMax":null,"Value":96.0983575552},{"Length":4.839666,"Height":19.19834,"Demand":1.0,"DemandMax":null,"Value":92.913553354440012},{"Length":66.84016,"Height":1.248832,"Demand":1.0,"DemandMax":null,"Value":83.47213069312},{"Length":2.966655,"Height":24.69021,"Demand":1.0,"DemandMax":null,"Value":73.24733494755},{"Length":73.2886,"Height":0.9904063,"Demand":1.0,"DemandMax":null,"Value":72.58549115818},{"Length":6.067714,"Height":11.88666,"Demand":1.0,"DemandMax":null,"Value":72.124853295239987},{"Length":14.27941,"Height":4.608372,"Demand":1.0,"DemandMax":null,"Value":65.80483322052001},{"Length":2.690123,"Height":21.01477,"Demand":1.0,"DemandMax":null,"Value":56.532316116709993},{"Length":10.9765,"Height":4.934163,"Demand":1.0,"DemandMax":null,"Value":54.159840169499994},{"Length":2.640395,"Height":19.34222,"Demand":1.0,"DemandMax":null,"Value":51.0711009769},{"Length":9.200591,"Height":5.368301,"Demand":1.0,"DemandMax":null,"Value":49.391541865890993},{"Length":6.547552,"Height":7.365757,"Demand":1.0,"DemandMax":null,"Value":48.227676976864},{"Length":2.55371,"Height":18.16041,"Demand":1.0,"DemandMax":null,"Value":46.3764206211},{"Length":12.5432,"Height":3.677903,"Demand":1.0,"DemandMax":null,"Value":46.132672909600004},{"Length":3.589771,"Height":11.88666,"Demand":1.0,"DemandMax":null,"Value":42.67038735486},{"Length":2.03558,"Height":19.5705,"Demand":1.0,"DemandMax":null,"Value":39.83731839},{"Length":15.35048,"Height":2.502519,"Demand":1.0,"DemandMax":null,"Value":38.414867859119994},{"Length":26.10426,"Height":1.379737,"Demand":1.0,"DemandMax":null,"Value":36.017013379619996},{"Length":15.35048,"Height":2.211015,"Demand":1.0,"DemandMax":null,"Value":33.9401415372},{"Length":3.417086,"Height":9.842277,"Demand":1.0,"DemandMax":null,"Value":33.631906944822},{"Length":2.784073,"Height":11.88666,"Demand":1.0,"DemandMax":null,"Value":33.09332916618},{"Length":1.634963,"Height":19.97176,"Demand":1.0,"DemandMax":null,"Value":32.65308864488},{"Length":28.97196,"Height":1.121344,"Demand":1.0,"DemandMax":null,"Value":32.48753351424},{"Length":17.26167,"Height":1.845645,"Demand":1.0,"DemandMax":null,"Value":31.858914927149996},{"Length":4.839666,"Height":6.494582,"Demand":1.0,"DemandMax":null,"Value":31.431607689612004},{"Length":5.758166,"Height":5.368301,"Demand":1.0,"DemandMax":null,"Value":30.911568295966},{"Length":31.72738,"Height":0.9609711,"Demand":1.0,"DemandMax":null,"Value":30.489095258718},{"Length":1.565833,"Height":18.16041,"Demand":1.0,"DemandMax":null,"Value":28.436169271529998},{"Length":0.9580793,"Height":29.23195,"Demand":1.0,"DemandMax":null,"Value":28.006526193635},{"Length":0.8381498,"Height":32.8343,"Demand":1.0,"DemandMax":null,"Value":27.520061978139996},{"Length":27.57126,"Height":0.9873489,"Demand":1.0,"DemandMax":null,"Value":27.222453232613997},{"Length":0.9271737,"Height":29.23195,"Demand":1.0,"DemandMax":null,"Value":27.103095239715},{"Length":4.022153,"Height":6.66923,"Demand":1.0,"DemandMax":null,"Value":26.824663452190002},{"Length":2.216165,"Height":11.87094,"Demand":1.0,"DemandMax":null,"Value":26.3079617451},{"Length":0.7730395,"Height":32.8343,"Demand":1.0,"DemandMax":null,"Value":25.382210854849998},{"Length":2.216165,"Height":11.30192,"Demand":1.0,"DemandMax":null,"Value":25.046919536800004},{"Length":4.566969,"Height":5.368301,"Demand":1.0,"DemandMax":null,"Value":24.516864249669002},{"Length":1.156334,"Height":21.01477,"Demand":1.0,"DemandMax":null,"Value":24.30009305318},{"Length":1.476438,"Height":16.28932,"Demand":1.0,"DemandMax":null,"Value":24.05017104216},{"Length":39.26891,"Height":0.5921333,"Demand":1.0,"DemandMax":null,"Value":23.252429265702997},{"Length":0.9958901,"Height":23.17286,"Demand":1.0,"DemandMax":null,"Value":23.077621862686},{"Length":31.72738,"Height":0.7194761,"Demand":1.0,"DemandMax":null,"Value":22.827091625618},{"Length":5.70048,"Height":3.986962,"Demand":1.0,"DemandMax":null,"Value":22.72759714176},{"Length":8.239215,"Height":2.757385,"Demand":1.0,"DemandMax":null,"Value":22.718687852775002},{"Length":8.902049,"Height":2.544724,"Demand":1.0,"DemandMax":null,"Value":22.653257739476},{"Length":3.512864,"Height":6.391784,"Demand":1.0,"DemandMax":null,"Value":22.453467909376002},{"Length":39.26891,"Height":0.5717402,"Demand":1.0,"DemandMax":null,"Value":22.451614457182},{"Length":1.85363,"Height":11.88666,"Demand":1.0,"DemandMax":null,"Value":22.033469575799998},{"Length":10.9765,"Height":2.000351,"Demand":1.0,"DemandMax":null,"Value":21.9568527515},{"Length":1.111477,"Height":19.5705,"Demand":1.0,"DemandMax":null,"Value":21.7521606285},{"Length":1.104528,"Height":19.5705,"Demand":1.0,"DemandMax":null,"Value":21.616165224},{"Length":1.815547,"Height":11.88666,"Demand":1.0,"DemandMax":null,"Value":21.580789903019998},{"Length":1.026932,"Height":21.01477,"Demand":1.0,"DemandMax":null,"Value":21.58073978564},{"Length":3.985562,"Height":5.368301,"Demand":1.0,"DemandMax":null,"Value":21.395696470161997},{"Length":1.84823,"Height":11.50628,"Demand":1.0,"DemandMax":null,"Value":21.266251884400003},{"Length":10.9765,"Height":1.90241,"Demand":1.0,"DemandMax":null,"Value":20.881803365},{"Length":8.902049,"Height":2.340304,"Demand":1.0,"DemandMax":null,"Value":20.833500882896},{"Length":5.199939,"Height":3.986962,"Demand":1.0,"DemandMax":null,"Value":20.731959195317998},{"Length":10.9765,"Height":1.88755,"Demand":1.0,"DemandMax":null,"Value":20.718692575},{"Length":1.742642,"Height":11.88666,"Demand":1.0,"DemandMax":null,"Value":20.714192955719998},{"Length":0.9817824,"Height":21.01477,"Demand":1.0,"DemandMax":null,"Value":20.631931326048},{"Length":0.9776827,"Height":21.01477,"Demand":1.0,"DemandMax":null,"Value":20.545777073478998},{"Length":10.96808,"Height":1.868699,"Demand":1.0,"DemandMax":null,"Value":20.49604012792},{"Length":3.068436,"Height":6.66923,"Demand":1.0,"DemandMax":null,"Value":20.46410542428},{"Length":1.251619,"Height":16.28932,"Demand":1.0,"DemandMax":null,"Value":20.38802240908},{"Length":10.96808,"Height":1.809204,"Demand":1.0,"DemandMax":null,"Value":19.843494208320003},{"Length":39.26891,"Height":0.5004175,"Demand":1.0,"DemandMax":null,"Value":19.650849769924996},{"Length":3.749865,"Height":5.217426,"Demand":1.0,"DemandMax":null,"Value":19.56464314749},{"Length":1.634963,"Height":11.92922,"Demand":1.0,"DemandMax":null,"Value":19.50383331886},{"Length":1.664634,"Height":11.50628,"Demand":1.0,"DemandMax":null,"Value":19.15374490152},{"Length":10.30959,"Height":1.845645,"Demand":1.0,"DemandMax":null,"Value":19.02784323555},{"Length":5.501623,"Height":3.378795,"Demand":1.0,"DemandMax":null,"Value":18.588856284285},{"Length":3.512864,"Height":5.27479,"Demand":1.0,"DemandMax":null,"Value":18.52961989856},{"Length":2.966655,"Height":6.179691,"Demand":1.0,"DemandMax":null,"Value":18.333011203605},{"Length":2.640395,"Height":6.928598,"Demand":1.0,"DemandMax":null,"Value":18.294235516209998},{"Length":5.398796,"Height":3.378795,"Demand":1.0,"DemandMax":null,"Value":18.24142493082},{"Length":13.16465,"Height":1.379737,"Demand":1.0,"DemandMax":null,"Value":18.16375469705},{"Length":16.19229,"Height":1.121344,"Demand":1.0,"DemandMax":null,"Value":18.157127237759997},{"Length":2.966655,"Height":6.000823,"Demand":1.0,"DemandMax":null,"Value":17.802371557064998},{"Length":1.780805,"Height":9.842277,"Demand":1.0,"DemandMax":null,"Value":17.527176092985},{"Length":3.340725,"Height":5.217426,"Demand":1.0,"DemandMax":null,"Value":17.42998547385},{"Length":27.57126,"Height":0.631708,"Demand":1.0,"DemandMax":null,"Value":17.41698551208},{"Length":2.640395,"Height":6.563488,"Demand":1.0,"DemandMax":null,"Value":17.33020089776},{"Length":4.839666,"Height":3.539027,"Demand":1.0,"DemandMax":null,"Value":17.127708644982},{"Length":1.634963,"Height":10.21352,"Demand":1.0,"DemandMax":null,"Value":16.69872729976},{"Length":6.040199,"Height":2.757385,"Demand":1.0,"DemandMax":null,"Value":16.655154119615002},{"Length":39.26891,"Height":0.4206747,"Demand":1.0,"DemandMax":null,"Value":16.519436933577}]}