{"Name":"Nice6_25","Objects":[{"Length":100.0,"Height":100.0,"Stock":null,"Cost":10000.0}],"Items":[{"Length":56.24302,"Height":20.01448,"Demand":1.0,"DemandMax":null,"Value":1125.6747989296},{"Length":28.62946,"Height":31.97741,"Demand":1.0,"DemandMax":null,"Value":915.4959804986},{"Length":27.75074,"Height":26.58151,"Demand":1.0,"DemandMax":null,"Value":737.6565728174},{"Length":25.97458,"Height":23.31292,"Demand":1.0,"DemandMax":null,"Value":605.54330557359992},{"Length":19.06499,"Height":30.09109,"Demand":1.0,"DemandMax":null,"Value":573.68632993910012},{"Length":15.12751,"Height":31.97741,"Demand":1.0,"DemandMax":null,"Value":483.73858954909997},{"Length":30.68112,"Height":14.83023,"Demand":1.0,"DemandMax":null,"Value":455.00806625760004},{"Length":16.64658,"Height":26.58151,"Demand":1.0,"DemandMax":null,"Value":442.49123273580005},{"Length":18.97335,"Height":23.31292,"Demand":1.0,"DemandMax":null,"Value":442.324190682},{"Length":13.34446,"Height":30.09109,"Demand":1.0,"DemandMax":null,"Value":401.5493468614},{"Length":26.45063,"Height":14.83023,"Demand":1.0,"DemandMax":null,"Value":392.2689265449},{"Length":22.32201,"Height":15.26087,"Demand":1.0,"DemandMax":null,"Value":340.6532927487},{"Length":10.45881,"Height":30.09109,"Demand":1.0,"DemandMax":null,"Value":314.7169930029},{"Length":24.821,"Height":11.34999,"Demand":1.0,"DemandMax":null,"Value":281.71810179},{"Length":10.47785,"Height":26.58151,"Demand":1.0,"DemandMax":null,"Value":278.51707455350004},{"Length":11.29509,"Height":23.31292,"Demand":1.0,"DemandMax":null,"Value":263.3215295628},{"Length":9.788992,"Height":26.58151,"Demand":1.0,"DemandMax":null,"Value":260.20618873792},{"Length":9.719791,"Height":26.58151,"Demand":1.0,"DemandMax":null,"Value":258.36672166441},{"Length":8.717866,"Height":26.58151,"Demand":1.0,"DemandMax":null,"Value":231.73404225766004},{"Length":8.615152,"Height":26.58151,"Demand":1.0,"DemandMax":null,"Value":229.00374903952002},{"Length":8.283028,"Height":26.58151,"Demand":1.0,"DemandMax":null,"Value":220.17539161228},{"Length":18.93597,"Height":11.34999,"Demand":1.0,"DemandMax":null,"Value":214.9230701403},{"Length":12.3384,"Height":15.26087,"Demand":1.0,"DemandMax":null,"Value":188.294718408},{"Length":11.26781,"Height":15.26087,"Demand":1.0,"DemandMax":null,"Value":171.95658359470002},{"Length":11.20353,"Height":15.26087,"Demand":1.0,"DemandMax":null,"Value":170.97561487110002}]}