{"Name":"Path46_100","Objects":[{"Length":100.0,"Height":100.0,"Stock":null,"Cost":10000.0}],"Items":[{"Length":33.07901,"Height":54.2277,"Demand":1.0,"DemandMax":null,"Value":1793.7986305769998},{"Length":45.50156,"Height":19.70983,"Demand":1.0,"DemandMax":null,"Value":896.8280123348},{"Length":12.42255,"Height":54.2277,"Demand":1.0,"DemandMax":null,"Value":673.646314635},{"Length":66.19903,"Height":7.252178,"Demand":1.0,"DemandMax":null,"Value":480.08714898733996},{"Length":5.563125,"Height":73.93752,"Demand":1.0,"DemandMax":null,"Value":411.32366595000008},{"Length":16.63462,"Height":21.76374,"Demand":1.0,"DemandMax":null,"Value":362.0315446788},{"Length":13.308,"Height":24.93135,"Demand":1.0,"DemandMax":null,"Value":331.78640579999995},{"Length":44.09016,"Height":5.805069,"Demand":1.0,"DemandMax":null,"Value":255.94642102103995},{"Length":8.520887,"Height":28.0218,"Demand":1.0,"DemandMax":null,"Value":238.7705913366},{"Length":52.98019,"Height":3.650515,"Demand":1.0,"DemandMax":null,"Value":193.40497829785},{"Length":8.520887,"Height":19.39793,"Demand":1.0,"DemandMax":null,"Value":165.28756956390998},{"Length":12.2766,"Height":10.6632,"Demand":1.0,"DemandMax":null,"Value":130.90784112},{"Length":12.2766,"Height":8.350564,"Demand":1.0,"DemandMax":null,"Value":102.51653400240001},{"Length":8.880001,"Height":10.8403,"Demand":1.0,"DemandMax":null,"Value":96.2618748403},{"Length":8.520887,"Height":10.88499,"Demand":1.0,"DemandMax":null,"Value":92.74976978613},{"Length":15.39058,"Height":5.987017,"Demand":1.0,"DemandMax":null,"Value":92.14366409985999},{"Length":8.123379,"Height":10.90269,"Demand":1.0,"DemandMax":null,"Value":88.56668298951},{"Length":1.082487,"Height":73.93752,"Demand":1.0,"DemandMax":null,"Value":80.03640421224},{"Length":7.276699,"Height":10.90269,"Demand":1.0,"DemandMax":null,"Value":79.335593420309991},{"Length":11.36447,"Height":6.918389,"Demand":1.0,"DemandMax":null,"Value":78.623824238830011},{"Length":7.952767,"Height":9.427258,"Demand":1.0,"DemandMax":null,"Value":74.972786322886},{"Length":9.355548,"Height":7.984666,"Demand":1.0,"DemandMax":null,"Value":74.700926026968},{"Length":12.2766,"Height":6.073519,"Demand":1.0,"DemandMax":null,"Value":74.5621633554},{"Length":1.586421,"Height":44.14222,"Demand":1.0,"DemandMax":null,"Value":70.02814479462},{"Length":44.09016,"Height":1.586961,"Demand":1.0,"DemandMax":null,"Value":69.96936440376},{"Length":9.746424,"Height":6.918389,"Demand":1.0,"DemandMax":null,"Value":67.429552590936},{"Length":29.17208,"Height":2.305719,"Demand":1.0,"DemandMax":null,"Value":67.26261912552},{"Length":7.17069,"Height":9.172771,"Demand":1.0,"DemandMax":null,"Value":65.775097281989986},{"Length":5.082621,"Height":12.78986,"Demand":1.0,"DemandMax":null,"Value":65.00601102306},{"Length":9.355548,"Height":6.886438,"Demand":1.0,"DemandMax":null,"Value":64.426401258024},{"Length":1.511055,"Height":40.42025,"Demand":1.0,"DemandMax":null,"Value":61.077220863750007},{"Length":3.88047,"Height":15.6328,"Demand":1.0,"DemandMax":null,"Value":60.662611416},{"Length":1.939312,"Height":30.98071,"Demand":1.0,"DemandMax":null,"Value":60.081262671519994},{"Length":5.082621,"Height":11.66938,"Demand":1.0,"DemandMax":null,"Value":59.31103584498},{"Length":6.432351,"Height":9.172771,"Demand":1.0,"DemandMax":null,"Value":59.002482714620989},{"Length":5.855676,"Height":10.05269,"Demand":1.0,"DemandMax":null,"Value":58.86529556844},{"Length":9.679404,"Height":5.987017,"Demand":1.0,"DemandMax":null,"Value":57.950756297868},{"Length":5.30682,"Height":10.90269,"Demand":1.0,"DemandMax":null,"Value":57.8586133458},{"Length":19.45813,"Height":2.934372,"Demand":1.0,"DemandMax":null,"Value":57.097391844360004},{"Length":5.080743,"Height":10.90269,"Demand":1.0,"DemandMax":null,"Value":55.39376589867},{"Length":4.729805,"Height":10.90269,"Demand":1.0,"DemandMax":null,"Value":51.567597675449996},{"Length":1.260875,"Height":40.42025,"Demand":1.0,"DemandMax":null,"Value":50.964882718750005},{"Length":8.399039,"Height":5.987017,"Demand":1.0,"DemandMax":null,"Value":50.285189276663},{"Length":3.124566,"Height":15.70255,"Demand":1.0,"DemandMax":null,"Value":49.0636538433},{"Length":13.21884,"Height":3.650515,"Demand":1.0,"DemandMax":null,"Value":48.2555737026},{"Length":4.428002,"Height":10.8403,"Demand":1.0,"DemandMax":null,"Value":48.0008700806},{"Length":1.991948,"Height":24.02342,"Demand":1.0,"DemandMax":null,"Value":47.853403422160007},{"Length":1.586421,"Height":29.79531,"Demand":1.0,"DemandMax":null,"Value":47.267905485510006},{"Length":7.279071,"Height":6.342423,"Demand":1.0,"DemandMax":null,"Value":46.166947329033},{"Length":1.141625,"Height":40.42025,"Demand":1.0,"DemandMax":null,"Value":46.144767906249996},{"Length":5.855676,"Height":7.785957,"Demand":1.0,"DemandMax":null,"Value":45.592041541932},{"Length":2.278906,"Height":19.55168,"Demand":1.0,"DemandMax":null,"Value":44.55644086208},{"Length":5.855676,"Height":7.473957,"Demand":1.0,"DemandMax":null,"Value":43.765070629932005},{"Length":1.043669,"Height":40.42025,"Demand":1.0,"DemandMax":null,"Value":42.185361897250004},{"Length":11.45839,"Height":3.681298,"Demand":1.0,"DemandMax":null,"Value":42.18174819022},{"Length":2.870146,"Height":14.69211,"Demand":1.0,"DemandMax":null,"Value":42.16850074806},{"Length":4.561285,"Height":9.172771,"Demand":1.0,"DemandMax":null,"Value":41.839622770734991},{"Length":1.738563,"Height":24.02342,"Demand":1.0,"DemandMax":null,"Value":41.76622914546},{"Length":5.855676,"Height":7.071157,"Demand":1.0,"DemandMax":null,"Value":41.406404337132},{"Length":3.653575,"Height":11.22407,"Demand":1.0,"DemandMax":null,"Value":41.00798155025},{"Length":1.304746,"Height":30.98071,"Demand":1.0,"DemandMax":null,"Value":40.42195744966},{"Length":13.15595,"Height":3.052645,"Demand":1.0,"DemandMax":null,"Value":40.160444987750004},{"Length":17.71369,"Height":2.255576,"Demand":1.0,"DemandMax":null,"Value":39.95457403544},{"Length":9.355548,"Height":4.270666,"Demand":1.0,"DemandMax":null,"Value":39.954420754968005},{"Length":1.557912,"Height":24.94346,"Demand":1.0,"DemandMax":null,"Value":38.85971565552},{"Length":6.537419,"Height":5.893429,"Demand":1.0,"DemandMax":null,"Value":38.527814719751},{"Length":12.49266,"Height":3.052645,"Demand":1.0,"DemandMax":null,"Value":38.135656085700006},{"Length":44.09016,"Height":0.8603297,"Demand":1.0,"DemandMax":null,"Value":37.932074125751996},{"Length":2.278906,"Height":16.21998,"Demand":1.0,"DemandMax":null,"Value":36.96380974188},{"Length":3.283526,"Height":10.90269,"Demand":1.0,"DemandMax":null,"Value":35.79926608494},{"Length":11.71029,"Height":3.052645,"Demand":1.0,"DemandMax":null,"Value":35.74735821705},{"Length":1.767917,"Height":20.0691,"Demand":1.0,"DemandMax":null,"Value":35.480503064699995},{"Length":1.113961,"Height":30.98071,"Demand":1.0,"DemandMax":null,"Value":34.51130269231},{"Length":5.739181,"Height":5.893429,"Demand":1.0,"DemandMax":null,"Value":33.823455741649006},{"Length":5.701973,"Height":5.768856,"Demand":1.0,"DemandMax":null,"Value":32.893861152888},{"Length":0.787317,"Height":40.42025,"Demand":1.0,"DemandMax":null,"Value":31.823549969250003},{"Length":5.701973,"Height":5.455213,"Demand":1.0,"DemandMax":null,"Value":31.105477235248998},{"Length":7.952767,"Height":3.581522,"Demand":1.0,"DemandMax":null,"Value":28.483009971374},{"Length":2.870146,"Height":9.767126,"Demand":1.0,"DemandMax":null,"Value":28.033077620396},{"Length":1.35665,"Height":20.0691,"Demand":1.0,"DemandMax":null,"Value":27.226744514999996},{"Length":17.90077,"Height":1.513155,"Demand":1.0,"DemandMax":null,"Value":27.086639629350003},{"Length":4.640418,"Height":5.790754,"Demand":1.0,"DemandMax":null,"Value":26.871519095172},{"Length":1.08223,"Height":24.02342,"Demand":1.0,"DemandMax":null,"Value":25.998865826600003},{"Length":17.90077,"Height":1.421217,"Demand":1.0,"DemandMax":null,"Value":25.44087863709},{"Length":17.71369,"Height":1.425721,"Demand":1.0,"DemandMax":null,"Value":25.25477982049},{"Length":3.131826,"Height":8.036492,"Demand":1.0,"DemandMax":null,"Value":25.168894594392004},{"Length":2.452815,"Height":9.842041,"Demand":1.0,"DemandMax":null,"Value":24.140705795415002},{"Length":1.557912,"Height":15.47679,"Demand":1.0,"DemandMax":null,"Value":24.11147686248},{"Length":7.952767,"Height":2.95223,"Demand":1.0,"DemandMax":null,"Value":23.47839732041},{"Length":0.6530781,"Height":35.77165,"Demand":1.0,"DemandMax":null,"Value":23.361681215865},{"Length":1.702869,"Height":13.03026,"Demand":1.0,"DemandMax":null,"Value":22.18882581594},{"Length":2.72385,"Height":8.036492,"Demand":1.0,"DemandMax":null,"Value":21.890198734200002},{"Length":0.6028426,"Height":35.77165,"Demand":1.0,"DemandMax":null,"Value":21.56467449229},{"Length":2.187603,"Height":9.842041,"Demand":1.0,"DemandMax":null,"Value":21.530478417723003},{"Length":44.09016,"Height":0.4705896,"Demand":1.0,"DemandMax":null,"Value":20.748370758335998},{"Length":0.5739954,"Height":35.77165,"Demand":1.0,"DemandMax":null,"Value":20.532762550410002},{"Length":0.5695036,"Height":35.77165,"Demand":1.0,"DemandMax":null,"Value":20.37208345294},{"Length":44.09016,"Height":0.4498205,"Demand":1.0,"DemandMax":null,"Value":19.832657816279998},{"Length":1.702869,"Height":10.99315,"Demand":1.0,"DemandMax":null,"Value":18.71989434735},{"Length":0.7634603,"Height":24.02342,"Demand":1.0,"DemandMax":null,"Value":18.340927440226}]}