{"Name":"Path26_100","Objects":[{"Length":100.0,"Height":100.0,"Stock":null,"Cost":10000.0}],"Items":[{"Length":29.61673,"Height":38.43488,"Demand":1.0,"DemandMax":null,"Value":1138.3154635424},{"Length":27.52994,"Height":33.22807,"Demand":1.0,"DemandMax":null,"Value":914.76677341580012},{"Length":24.66258,"Height":31.36707,"Demand":1.0,"DemandMax":null,"Value":773.59287324059994},{"Length":49.81392,"Height":14.5334,"Demand":1.0,"DemandMax":null,"Value":723.965624928},{"Length":66.53271,"Height":10.50048,"Demand":1.0,"DemandMax":null,"Value":698.62539070079993},{"Length":18.19074,"Height":33.22807,"Demand":1.0,"DemandMax":null,"Value":604.44318207180015},{"Length":30.83878,"Height":16.39796,"Demand":1.0,"DemandMax":null,"Value":505.6930808888},{"Length":63.07056,"Height":6.385449,"Demand":1.0,"DemandMax":null,"Value":402.73384428144004},{"Length":14.83532,"Height":21.35518,"Demand":1.0,"DemandMax":null,"Value":316.81092895759997},{"Length":27.37732,"Height":11.43671,"Demand":1.0,"DemandMax":null,"Value":313.1064694172},{"Length":24.02377,"Height":11.43671,"Demand":1.0,"DemandMax":null,"Value":274.75289059669996},{"Length":39.27491,"Height":5.206806,"Demand":1.0,"DemandMax":null,"Value":204.49683703746},{"Length":8.119884,"Height":21.35518,"Demand":1.0,"DemandMax":null,"Value":173.40158439912003},{"Length":15.13163,"Height":11.43671,"Demand":1.0,"DemandMax":null,"Value":173.05606413729998},{"Length":66.53271,"Height":2.367927,"Demand":1.0,"DemandMax":null,"Value":157.54460039216997},{"Length":2.628502,"Height":42.23209,"Demand":1.0,"DemandMax":null,"Value":111.00713302918},{"Length":17.03189,"Height":6.279813,"Demand":1.0,"DemandMax":null,"Value":106.95708423657},{"Length":66.53271,"Height":1.443353,"Demand":1.0,"DemandMax":null,"Value":96.03018657663},{"Length":41.03678,"Height":2.123692,"Demand":1.0,"DemandMax":null,"Value":87.14948139176},{"Length":52.87175,"Height":1.569472,"Demand":1.0,"DemandMax":null,"Value":82.980731216},{"Length":36.67904,"Height":2.260336,"Demand":1.0,"DemandMax":null,"Value":82.90695455744},{"Length":3.325085,"Height":21.35518,"Demand":1.0,"DemandMax":null,"Value":71.0077886903},{"Length":18.99608,"Height":3.681874,"Demand":1.0,"DemandMax":null,"Value":69.94117305392},{"Length":28.35245,"Height":2.442829,"Demand":1.0,"DemandMax":null,"Value":69.26018708105},{"Length":66.53271,"Height":0.9545954,"Demand":1.0,"DemandMax":null,"Value":63.511818915533993},{"Length":9.248395,"Height":6.279813,"Demand":1.0,"DemandMax":null,"Value":58.078191150135},{"Length":3.981835,"Height":14.34824,"Demand":1.0,"DemandMax":null,"Value":57.1323242204},{"Length":66.53271,"Height":0.8201543,"Demand":1.0,"DemandMax":null,"Value":54.567088197153},{"Length":3.981835,"Height":13.28675,"Demand":1.0,"DemandMax":null,"Value":52.905646186249996},{"Length":8.297163,"Height":6.267793,"Demand":1.0,"DemandMax":null,"Value":52.004900171258996},{"Length":46.94504,"Height":1.08602,"Demand":1.0,"DemandMax":null,"Value":50.9832523408},{"Length":24.66258,"Height":1.860997,"Demand":1.0,"DemandMax":null,"Value":45.896987392259994},{"Length":44.08006,"Height":1.01425,"Demand":1.0,"DemandMax":null,"Value":44.708200855000008},{"Length":19.40901,"Height":2.260336,"Demand":1.0,"DemandMax":null,"Value":43.87088402736},{"Length":37.89985,"Height":1.056967,"Demand":1.0,"DemandMax":null,"Value":40.05889075495},{"Length":7.684922,"Height":5.206806,"Demand":1.0,"DemandMax":null,"Value":40.013897979132004},{"Length":33.38424,"Height":1.124239,"Demand":1.0,"DemandMax":null,"Value":37.53186459336},{"Length":7.104465,"Height":5.206806,"Demand":1.0,"DemandMax":null,"Value":36.99157098879},{"Length":7.094242,"Height":5.206806,"Demand":1.0,"DemandMax":null,"Value":36.938341811052005},{"Length":38.56446,"Height":0.9576911,"Demand":1.0,"DemandMax":null,"Value":36.932840118306},{"Length":14.16434,"Height":2.585919,"Demand":1.0,"DemandMax":null,"Value":36.62783592846},{"Length":41.03678,"Height":0.8503549,"Demand":1.0,"DemandMax":null,"Value":34.895826953222},{"Length":27.02101,"Height":1.214315,"Demand":1.0,"DemandMax":null,"Value":32.81201775815},{"Length":30.83878,"Height":1.000528,"Demand":1.0,"DemandMax":null,"Value":30.85506287584},{"Length":28.63286,"Height":1.056967,"Demand":1.0,"DemandMax":null,"Value":30.26398813562},{"Length":36.25159,"Height":0.7920805,"Demand":1.0,"DemandMax":null,"Value":28.714177532995},{"Length":7.652534,"Height":3.567068,"Demand":1.0,"DemandMax":null,"Value":27.297109150312},{"Length":27.96826,"Height":0.9576911,"Demand":1.0,"DemandMax":null,"Value":26.784953684486002},{"Length":14.80624,"Height":1.720608,"Demand":1.0,"DemandMax":null,"Value":25.47573499392},{"Length":9.974508,"Height":2.504178,"Demand":1.0,"DemandMax":null,"Value":24.977943494424},{"Length":32.98316,"Height":0.7482902,"Demand":1.0,"DemandMax":null,"Value":24.680975393032},{"Length":30.28112,"Height":0.7920805,"Demand":1.0,"DemandMax":null,"Value":23.98508467016},{"Length":3.769026,"Height":6.267793,"Demand":1.0,"DemandMax":null,"Value":23.623474779618},{"Length":10.44467,"Height":2.260336,"Demand":1.0,"DemandMax":null,"Value":23.60846360912},{"Length":21.31346,"Height":1.106336,"Demand":1.0,"DemandMax":null,"Value":23.579848082559998},{"Length":22.45266,"Height":1.01425,"Demand":1.0,"DemandMax":null,"Value":22.772610405000005},{"Length":9.149311,"Height":2.422042,"Demand":1.0,"DemandMax":null,"Value":22.160015513062},{"Length":3.462159,"Height":6.385449,"Demand":1.0,"DemandMax":null,"Value":22.107439724391003},{"Length":13.66096,"Height":1.569472,"Demand":1.0,"DemandMax":null,"Value":21.440494213119997},{"Length":19.58767,"Height":1.08602,"Demand":1.0,"DemandMax":null,"Value":21.2726013734},{"Length":11.93277,"Height":1.724489,"Demand":1.0,"DemandMax":null,"Value":20.57793060453},{"Length":15.21991,"Height":1.317302,"Demand":1.0,"DemandMax":null,"Value":20.04921788282},{"Length":15.06801,"Height":1.214315,"Demand":1.0,"DemandMax":null,"Value":18.29731056315},{"Length":3.454807,"Height":5.206806,"Demand":1.0,"DemandMax":null,"Value":17.988509816442},{"Length":19.31004,"Height":0.9208598,"Demand":1.0,"DemandMax":null,"Value":17.781839572392002},{"Length":20.00017,"Height":0.8749796,"Demand":1.0,"DemandMax":null,"Value":17.499740746532},{"Length":14.40831,"Height":1.214315,"Demand":1.0,"DemandMax":null,"Value":17.496226957650002},{"Length":5.769927,"Height":3.032026,"Demand":1.0,"DemandMax":null,"Value":17.494568682102},{"Length":9.793977,"Height":1.724489,"Demand":1.0,"DemandMax":null,"Value":16.889605602753},{"Length":0.576659,"Height":27.635,"Demand":1.0,"DemandMax":null,"Value":15.935971465000002},{"Length":9.149311,"Height":1.707487,"Demand":1.0,"DemandMax":null,"Value":15.622329591457001},{"Length":4.768042,"Height":3.264766,"Demand":1.0,"DemandMax":null,"Value":15.566541408172},{"Length":19.31004,"Height":0.8036291,"Demand":1.0,"DemandMax":null,"Value":15.518110066164},{"Length":33.32458,"Height":0.4423222,"Demand":1.0,"DemandMax":null,"Value":14.740201539675999},{"Length":1.571617,"Height":9.053999,"Demand":1.0,"DemandMax":null,"Value":14.229418746382999},{"Length":2.399307,"Height":5.789233,"Demand":1.0,"DemandMax":null,"Value":13.890147261531},{"Length":2.368735,"Height":5.789233,"Demand":1.0,"DemandMax":null,"Value":13.713158830255},{"Length":12.13738,"Height":1.106336,"Demand":1.0,"DemandMax":null,"Value":13.428020439680001},{"Length":33.54955,"Height":0.3928631,"Demand":1.0,"DemandMax":null,"Value":13.180380216605002},{"Length":1.449889,"Height":9.053999,"Demand":1.0,"DemandMax":null,"Value":13.127293556110999},{"Length":14.80624,"Height":0.8653105,"Demand":1.0,"DemandMax":null,"Value":12.81199493752},{"Length":22.74348,"Height":0.5591198,"Demand":1.0,"DemandMax":null,"Value":12.716329988904},{"Length":30.83878,"Height":0.4110523,"Demand":1.0,"DemandMax":null,"Value":12.676351448194},{"Length":2.628502,"Height":4.799635,"Demand":1.0,"DemandMax":null,"Value":12.615850196770001},{"Length":5.769927,"Height":2.17478,"Demand":1.0,"DemandMax":null,"Value":12.548321841060002},{"Length":30.83878,"Height":0.4038315,"Demand":1.0,"DemandMax":null,"Value":12.45367078557},{"Length":22.74348,"Height":0.5472165,"Demand":1.0,"DemandMax":null,"Value":12.445607523420001},{"Length":9.149311,"Height":1.349869,"Demand":1.0,"DemandMax":null,"Value":12.350371290259002},{"Length":1.359763,"Height":9.053999,"Demand":1.0,"DemandMax":null,"Value":12.311292842237},{"Length":5.031794,"Height":2.442829,"Demand":1.0,"DemandMax":null,"Value":12.291812305226},{"Length":15.41942,"Height":0.7912799,"Demand":1.0,"DemandMax":null,"Value":12.201077115658},{"Length":15.41936,"Height":0.7912799,"Demand":1.0,"DemandMax":null,"Value":12.201029638864},{"Length":10.03538,"Height":1.214315,"Demand":1.0,"DemandMax":null,"Value":12.1861124647},{"Length":9.214996,"Height":1.317302,"Demand":1.0,"DemandMax":null,"Value":12.138932660792},{"Length":30.83878,"Height":0.3920766,"Demand":1.0,"DemandMax":null,"Value":12.091164010548},{"Length":33.54955,"Height":0.3554272,"Demand":1.0,"DemandMax":null,"Value":11.924422617760001},{"Length":9.974508,"Height":1.177696,"Demand":1.0,"DemandMax":null,"Value":11.746938173568001},{"Length":13.32441,"Height":0.8749796,"Demand":1.0,"DemandMax":null,"Value":11.658586932036},{"Length":8.773228,"Height":1.317302,"Demand":1.0,"DemandMax":null,"Value":11.556990790855998},{"Length":10.33839,"Height":1.106336,"Demand":1.0,"DemandMax":null,"Value":11.437733039040001}]}