{"Name":"Nice43_200","Objects":[{"Length":100.0,"Height":100.0,"Stock":null,"Cost":10000.0}],"Items":[{"Length":10.37406,"Height":18.33331,"Demand":1.0,"DemandMax":null,"Value":190.1908579386},{"Length":15.81879,"Height":10.44615,"Demand":1.0,"DemandMax":null,"Value":165.2454531585},{"Length":11.35938,"Height":9.718409,"Demand":1.0,"DemandMax":null,"Value":110.39510082641999},{"Length":11.85211,"Height":9.148785,"Demand":1.0,"DemandMax":null,"Value":108.43240618635},{"Length":10.79706,"Height":8.812554,"Demand":1.0,"DemandMax":null,"Value":95.14967429124},{"Length":11.35938,"Height":7.835511,"Demand":1.0,"DemandMax":null,"Value":89.00654694318},{"Length":7.122806,"Height":12.43231,"Demand":1.0,"DemandMax":null,"Value":88.55293226186},{"Length":11.73752,"Height":7.512968,"Demand":1.0,"DemandMax":null,"Value":88.18361215936},{"Length":8.091142,"Height":10.85926,"Demand":1.0,"DemandMax":null,"Value":87.863814674920008},{"Length":11.32834,"Height":7.753696,"Demand":1.0,"DemandMax":null,"Value":87.836504544640007},{"Length":10.23314,"Height":8.276184,"Demand":1.0,"DemandMax":null,"Value":84.69134953776},{"Length":9.347138,"Height":8.812554,"Demand":1.0,"DemandMax":null,"Value":82.372158370452},{"Length":9.91106,"Height":8.276184,"Demand":1.0,"DemandMax":null,"Value":82.025756195040017},{"Length":7.180548,"Height":11.33433,"Demand":1.0,"DemandMax":null,"Value":81.38670061284},{"Length":8.288968,"Height":9.811079,"Demand":1.0,"DemandMax":null,"Value":81.323719876472},{"Length":15.33226,"Height":5.181633,"Demand":1.0,"DemandMax":null,"Value":79.44614438058},{"Length":15.33226,"Height":4.89982,"Demand":1.0,"DemandMax":null,"Value":75.1253141932},{"Length":7.862222,"Height":9.486097,"Demand":1.0,"DemandMax":null,"Value":74.581800527534},{"Length":15.33226,"Height":4.724159,"Demand":1.0,"DemandMax":null,"Value":72.43203406934},{"Length":4.567129,"Height":15.79835,"Demand":1.0,"DemandMax":null,"Value":72.15310243715},{"Length":9.874443,"Height":7.263906,"Demand":1.0,"DemandMax":null,"Value":71.727025754358},{"Length":11.35938,"Height":6.199143,"Demand":1.0,"DemandMax":null,"Value":70.41842101134},{"Length":6.379528,"Height":10.9976,"Demand":1.0,"DemandMax":null,"Value":70.1594971328},{"Length":14.24557,"Height":4.921598,"Demand":1.0,"DemandMax":null,"Value":70.110968820860009},{"Length":4.193699,"Height":16.63714,"Demand":1.0,"DemandMax":null,"Value":69.771157380859989},{"Length":5.740992,"Height":11.87618,"Demand":1.0,"DemandMax":null,"Value":68.18105437056},{"Length":5.784299,"Height":11.33433,"Demand":1.0,"DemandMax":null,"Value":65.561153684669989},{"Length":6.843318,"Height":9.44679,"Demand":1.0,"DemandMax":null,"Value":64.64738804922},{"Length":6.494932,"Height":9.718457,"Demand":1.0,"DemandMax":null,"Value":63.120717359924008},{"Length":8.40436,"Height":7.253571,"Demand":1.0,"DemandMax":null,"Value":60.961621969560007},{"Length":7.76381,"Height":7.804266,"Demand":1.0,"DemandMax":null,"Value":60.590838413460006},{"Length":9.070642,"Height":6.591603,"Demand":1.0,"DemandMax":null,"Value":59.790071019125996},{"Length":14.18412,"Height":4.211256,"Demand":1.0,"DemandMax":null,"Value":59.732960454719993},{"Length":6.03031,"Height":9.811079,"Demand":1.0,"DemandMax":null,"Value":59.16384780449},{"Length":14.24557,"Height":4.133852,"Demand":1.0,"DemandMax":null,"Value":58.889078035640004},{"Length":6.181964,"Height":9.518898,"Demand":1.0,"DemandMax":null,"Value":58.845484755672},{"Length":6.225276,"Height":9.35303,"Demand":1.0,"DemandMax":null,"Value":58.22519318628},{"Length":5.339438,"Height":10.87337,"Demand":1.0,"DemandMax":null,"Value":58.05768496606},{"Length":14.35755,"Height":3.978148,"Demand":1.0,"DemandMax":null,"Value":57.1164588174},{"Length":4.768807,"Height":11.87518,"Demand":1.0,"DemandMax":null,"Value":56.63044151026},{"Length":9.371497,"Height":6.040167,"Demand":1.0,"DemandMax":null,"Value":56.605406919999},{"Length":8.40436,"Height":6.703953,"Demand":1.0,"DemandMax":null,"Value":56.342434435080008},{"Length":4.270541,"Height":13.03531,"Demand":1.0,"DemandMax":null,"Value":55.66782580271},{"Length":5.249645,"Height":10.60268,"Demand":1.0,"DemandMax":null,"Value":55.6603060486},{"Length":5.723121,"Height":9.642195,"Demand":1.0,"DemandMax":null,"Value":55.183448690594993},{"Length":4.979852,"Height":10.9976,"Demand":1.0,"DemandMax":null,"Value":54.766420355200005},{"Length":9.371497,"Height":5.81861,"Demand":1.0,"DemandMax":null,"Value":54.529086159169992},{"Length":9.253113,"Height":5.86331,"Demand":1.0,"DemandMax":null,"Value":54.253869984030004},{"Length":10.71376,"Height":5.023777,"Demand":1.0,"DemandMax":null,"Value":53.823541071520005},{"Length":5.673924,"Height":9.486097,"Demand":1.0,"DemandMax":null,"Value":53.823393434628},{"Length":14.35755,"Height":3.734272,"Demand":1.0,"DemandMax":null,"Value":53.6149969536},{"Length":5.054749,"Height":10.60268,"Demand":1.0,"DemandMax":null,"Value":53.59388612732},{"Length":5.339438,"Height":10.03592,"Demand":1.0,"DemandMax":null,"Value":53.586172612960006},{"Length":8.214118,"Height":6.453596,"Demand":1.0,"DemandMax":null,"Value":53.010599068328},{"Length":7.505968,"Height":6.932451,"Demand":1.0,"DemandMax":null,"Value":52.034755367568},{"Length":8.047402,"Height":6.453596,"Demand":1.0,"DemandMax":null,"Value":51.934681357592},{"Length":13.53615,"Height":3.831832,"Demand":1.0,"DemandMax":null,"Value":51.868252726799994},{"Length":5.99679,"Height":8.59535,"Demand":1.0,"DemandMax":null,"Value":51.5445089265},{"Length":10.71376,"Height":4.80575,"Demand":1.0,"DemandMax":null,"Value":51.48765212},{"Length":6.613509,"Height":7.753696,"Demand":1.0,"DemandMax":null,"Value":51.279138279264},{"Length":5.99679,"Height":8.521389,"Demand":1.0,"DemandMax":null,"Value":51.100980341309992},{"Length":14.18412,"Height":3.59301,"Demand":1.0,"DemandMax":null,"Value":50.9636850012},{"Length":10.0908,"Height":5.044236,"Demand":1.0,"DemandMax":null,"Value":50.9003766288},{"Length":11.10911,"Height":4.532903,"Demand":1.0,"DemandMax":null,"Value":50.356518046329995},{"Length":7.570714,"Height":6.625513,"Demand":1.0,"DemandMax":null,"Value":50.159864026281994},{"Length":4.113561,"Height":12.08196,"Demand":1.0,"DemandMax":null,"Value":49.69987945956},{"Length":12.36227,"Height":3.99492,"Demand":1.0,"DemandMax":null,"Value":49.3862796684},{"Length":4.543381,"Height":10.86802,"Demand":1.0,"DemandMax":null,"Value":49.37755557562},{"Length":3.532351,"Height":13.95752,"Demand":1.0,"DemandMax":null,"Value":49.30285972952},{"Length":4.150575,"Height":11.87518,"Demand":1.0,"DemandMax":null,"Value":49.2888252285},{"Length":8.626127,"Height":5.681722,"Demand":1.0,"DemandMax":null,"Value":49.011255550694},{"Length":7.00637,"Height":6.978631,"Demand":1.0,"DemandMax":null,"Value":48.894870879470005},{"Length":8.626127,"Height":5.652606,"Demand":1.0,"DemandMax":null,"Value":48.760097236962},{"Length":4.698348,"Height":10.36044,"Demand":1.0,"DemandMax":null,"Value":48.67695255312},{"Length":12.33409,"Height":3.942049,"Demand":1.0,"DemandMax":null,"Value":48.62158715041},{"Length":4.740658,"Height":10.22362,"Demand":1.0,"DemandMax":null,"Value":48.46668594196},{"Length":6.939389,"Height":6.978631,"Demand":1.0,"DemandMax":null,"Value":48.427435196459},{"Length":4.673149,"Height":10.36044,"Demand":1.0,"DemandMax":null,"Value":48.415879825560005},{"Length":11.10911,"Height":4.342145,"Demand":1.0,"DemandMax":null,"Value":48.23736644095},{"Length":5.977711,"Height":8.033717,"Demand":1.0,"DemandMax":null,"Value":48.023238481787},{"Length":4.236971,"Height":11.33433,"Demand":1.0,"DemandMax":null,"Value":48.02322751442999},{"Length":4.232903,"Height":11.30899,"Demand":1.0,"DemandMax":null,"Value":47.869857697970005},{"Length":11.10911,"Height":4.30569,"Demand":1.0,"DemandMax":null,"Value":47.832383835899996},{"Length":13.34823,"Height":3.572514,"Demand":1.0,"DemandMax":null,"Value":47.68673855022},{"Length":13.61056,"Height":3.492005,"Demand":1.0,"DemandMax":null,"Value":47.5281435728},{"Length":4.105271,"Height":11.57403,"Demand":1.0,"DemandMax":null,"Value":47.514529712130006},{"Length":13.61056,"Height":3.486625,"Demand":1.0,"DemandMax":null,"Value":47.45491876},{"Length":7.190878,"Height":6.591603,"Demand":1.0,"DemandMax":null,"Value":47.399412997434},{"Length":4.16941,"Height":11.33433,"Demand":1.0,"DemandMax":null,"Value":47.2574688453},{"Length":9.371497,"Height":5.033416,"Demand":1.0,"DemandMax":null,"Value":47.170642943752},{"Length":12.33409,"Height":3.822253,"Demand":1.0,"DemandMax":null,"Value":47.14401250477},{"Length":3.900086,"Height":12.08196,"Demand":1.0,"DemandMax":null,"Value":47.120683048560004},{"Length":11.85582,"Height":3.963204,"Demand":1.0,"DemandMax":null,"Value":46.98703324728},{"Length":11.10911,"Height":4.228553,"Demand":1.0,"DemandMax":null,"Value":46.975460417829993},{"Length":3.603184,"Height":13.03531,"Demand":1.0,"DemandMax":null,"Value":46.968620427040008},{"Length":4.146096,"Height":11.30899,"Demand":1.0,"DemandMax":null,"Value":46.88815820304},{"Length":4.925222,"Height":9.518898,"Demand":1.0,"DemandMax":null,"Value":46.882685845356},{"Length":5.374326,"Height":8.711333,"Demand":1.0,"DemandMax":null,"Value":46.817543436558},{"Length":6.219295,"Height":7.49656,"Demand":1.0,"DemandMax":null,"Value":46.623318125199994},{"Length":8.378999,"Height":5.559878,"Demand":1.0,"DemandMax":null,"Value":46.586212202122006},{"Length":8.091142,"Height":5.74714,"Demand":1.0,"DemandMax":null,"Value":46.50092583388},{"Length":6.702115,"Height":6.932451,"Demand":1.0,"DemandMax":null,"Value":46.462083833865},{"Length":5.977711,"Height":7.764629,"Demand":1.0,"DemandMax":null,"Value":46.414708184219},{"Length":6.387077,"Height":7.263906,"Demand":1.0,"DemandMax":null,"Value":46.395126942762},{"Length":10.0908,"Height":4.587574,"Demand":1.0,"DemandMax":null,"Value":46.2922917192},{"Length":9.064317,"Height":5.082946,"Demand":1.0,"DemandMax":null,"Value":46.073433837882},{"Length":11.10911,"Height":4.133764,"Demand":1.0,"DemandMax":null,"Value":45.92243899004},{"Length":4.66222,"Height":9.839873,"Demand":1.0,"DemandMax":null,"Value":45.87565269806},{"Length":7.83144,"Height":5.856438,"Demand":1.0,"DemandMax":null,"Value":45.86434281072},{"Length":7.265224,"Height":6.27797,"Demand":1.0,"DemandMax":null,"Value":45.61085831528},{"Length":8.296726,"Height":5.48309,"Demand":1.0,"DemandMax":null,"Value":45.491695363339993},{"Length":12.33206,"Height":3.686331,"Demand":1.0,"DemandMax":null,"Value":45.460055071860005},{"Length":12.33409,"Height":3.682777,"Demand":1.0,"DemandMax":null,"Value":45.423702967930005},{"Length":3.442678,"Height":13.1912,"Demand":1.0,"DemandMax":null,"Value":45.4130540336},{"Length":4.07899,"Height":11.12742,"Demand":1.0,"DemandMax":null,"Value":45.388634905800004},{"Length":6.217508,"Height":7.297979,"Demand":1.0,"DemandMax":null,"Value":45.375242816332},{"Length":4.590892,"Height":9.839873,"Demand":1.0,"DemandMax":null,"Value":45.173794236716006},{"Length":6.195179,"Height":7.27931,"Demand":1.0,"DemandMax":null,"Value":45.09662844649},{"Length":8.091142,"Height":5.565287,"Demand":1.0,"DemandMax":null,"Value":45.029527387753994},{"Length":7.925532,"Height":5.679573,"Demand":1.0,"DemandMax":null,"Value":45.013637557836},{"Length":3.723876,"Height":12.08196,"Demand":1.0,"DemandMax":null,"Value":44.99172087696},{"Length":6.78684,"Height":6.625513,"Demand":1.0,"DemandMax":null,"Value":44.96629664892},{"Length":12.36227,"Height":3.636674,"Demand":1.0,"DemandMax":null,"Value":44.957545889980004},{"Length":11.85582,"Height":3.790493,"Demand":1.0,"DemandMax":null,"Value":44.93940271926},{"Length":3.400639,"Height":13.1912,"Demand":1.0,"DemandMax":null,"Value":44.8585091768},{"Length":8.489553,"Height":5.283812,"Demand":1.0,"DemandMax":null,"Value":44.857202016036005},{"Length":13.34823,"Height":3.359937,"Demand":1.0,"DemandMax":null,"Value":44.84921186151},{"Length":12.33409,"Height":3.63606,"Demand":1.0,"DemandMax":null,"Value":44.8474912854},{"Length":10.0908,"Height":4.441704,"Demand":1.0,"DemandMax":null,"Value":44.8203467232},{"Length":7.925532,"Height":5.654755,"Demand":1.0,"DemandMax":null,"Value":44.816941704659996},{"Length":7.83144,"Height":5.717588,"Demand":1.0,"DemandMax":null,"Value":44.77694736672},{"Length":12.33409,"Height":3.624866,"Demand":1.0,"DemandMax":null,"Value":44.70942348194},{"Length":8.296726,"Height":5.38493,"Demand":1.0,"DemandMax":null,"Value":44.677288739179993},{"Length":6.136881,"Height":7.27931,"Demand":1.0,"DemandMax":null,"Value":44.672259232109994},{"Length":6.114552,"Height":7.297979,"Demand":1.0,"DemandMax":null,"Value":44.623872090408},{"Length":4.681241,"Height":9.518898,"Demand":1.0,"DemandMax":null,"Value":44.560255592418},{"Length":3.930193,"Height":11.33433,"Demand":1.0,"DemandMax":null,"Value":44.54610442569},{"Length":7.09233,"Height":6.27797,"Demand":1.0,"DemandMax":null,"Value":44.525434970099994},{"Length":4.676438,"Height":9.518898,"Demand":1.0,"DemandMax":null,"Value":44.514536325324},{"Length":3.801712,"Height":11.69583,"Demand":1.0,"DemandMax":null,"Value":44.464177260960007},{"Length":11.10911,"Height":3.988493,"Demand":1.0,"DemandMax":null,"Value":44.30860747123},{"Length":6.591068,"Height":6.588272,"Demand":1.0,"DemandMax":null,"Value":43.423748754495996},{"Length":4.185299,"Height":10.11396,"Demand":1.0,"DemandMax":null,"Value":42.32994667404},{"Length":4.787426,"Height":8.833498,"Demand":1.0,"DemandMax":null,"Value":42.289717996148},{"Length":6.219295,"Height":6.779034,"Demand":1.0,"DemandMax":null,"Value":42.16081226103},{"Length":8.847255,"Height":4.721258,"Demand":1.0,"DemandMax":null,"Value":41.77017344679},{"Length":8.276367,"Height":4.9751,"Demand":1.0,"DemandMax":null,"Value":41.175753461700005},{"Length":3.269083,"Height":12.45323,"Demand":1.0,"DemandMax":null,"Value":40.71064248809},{"Length":4.141179,"Height":9.739379,"Demand":1.0,"DemandMax":null,"Value":40.332511787841},{"Length":3.225848,"Height":12.45323,"Demand":1.0,"DemandMax":null,"Value":40.17222708904},{"Length":4.367681,"Height":9.181362,"Demand":1.0,"DemandMax":null,"Value":40.101260361522},{"Length":7.436598,"Height":5.329156,"Demand":1.0,"DemandMax":null,"Value":39.630790851288005},{"Length":3.3631,"Height":11.69583,"Demand":1.0,"DemandMax":null,"Value":39.334245873000008},{"Length":6.925566,"Height":5.621345,"Demand":1.0,"DemandMax":null,"Value":38.93099580627},{"Length":3.138152,"Height":12.33323,"Demand":1.0,"DemandMax":null,"Value":38.70355039096},{"Length":5.374326,"Height":7.108794,"Demand":1.0,"DemandMax":null,"Value":38.204976422844},{"Length":3.087124,"Height":12.33323,"Demand":1.0,"DemandMax":null,"Value":38.07421033052},{"Length":4.204792,"Height":8.940664,"Demand":1.0,"DemandMax":null,"Value":37.593632461888},{"Length":3.209251,"Height":11.69583,"Demand":1.0,"DemandMax":null,"Value":37.534854123330007},{"Length":8.847255,"Height":4.219406,"Demand":1.0,"DemandMax":null,"Value":37.330160830530005},{"Length":3.966679,"Height":9.148785,"Demand":1.0,"DemandMax":null,"Value":36.290293335015},{"Length":5.723121,"Height":6.313428,"Demand":1.0,"DemandMax":null,"Value":36.132512368788},{"Length":6.845814,"Height":5.201293,"Demand":1.0,"DemandMax":null,"Value":35.607084437501996},{"Length":6.591068,"Height":5.287911,"Demand":1.0,"DemandMax":null,"Value":34.852980978948004},{"Length":8.307228,"Height":4.146709,"Demand":1.0,"DemandMax":null,"Value":34.447657112652},{"Length":3.231751,"Height":10.60268,"Demand":1.0,"DemandMax":null,"Value":34.26522169268},{"Length":5.399896,"Height":6.197927,"Demand":1.0,"DemandMax":null,"Value":33.468161215592},{"Length":4.787426,"Height":6.964849,"Demand":1.0,"DemandMax":null,"Value":33.343699188674},{"Length":5.99679,"Height":5.521254,"Demand":1.0,"DemandMax":null,"Value":33.10980077466},{"Length":8.102599,"Height":4.034319,"Demand":1.0,"DemandMax":null,"Value":32.688469095081},{"Length":6.099548,"Height":5.329156,"Demand":1.0,"DemandMax":null,"Value":32.505442821488},{"Length":7.849735,"Height":4.069808,"Demand":1.0,"DemandMax":null,"Value":31.94691430088},{"Length":6.219295,"Height":5.038768,"Demand":1.0,"DemandMax":null,"Value":31.33758462856},{"Length":5.973106,"Height":5.221801,"Demand":1.0,"DemandMax":null,"Value":31.190370883906},{"Length":4.460365,"Height":6.896995,"Demand":1.0,"DemandMax":null,"Value":30.763115103175004},{"Length":5.399896,"Height":5.67725,"Demand":1.0,"DemandMax":null,"Value":30.656559566},{"Length":9.371497,"Height":3.252186,"Demand":1.0,"DemandMax":null,"Value":30.477851342441998},{"Length":5.756017,"Height":5.283812,"Demand":1.0,"DemandMax":null,"Value":30.413711696804},{"Length":5.406494,"Height":5.621345,"Demand":1.0,"DemandMax":null,"Value":30.39176801443},{"Length":5.973106,"Height":5.001819,"Demand":1.0,"DemandMax":null,"Value":29.876395079814},{"Length":5.969203,"Height":4.9751,"Demand":1.0,"DemandMax":null,"Value":29.697381845300004},{"Length":5.2632,"Height":5.628269,"Demand":1.0,"DemandMax":null,"Value":29.622705400800005},{"Length":4.367681,"Height":6.774262,"Demand":1.0,"DemandMax":null,"Value":29.587815426422},{"Length":7.849735,"Height":3.734458,"Demand":1.0,"DemandMax":null,"Value":29.31450566863},{"Length":8.102599,"Height":3.597275,"Demand":1.0,"DemandMax":null,"Value":29.147276817724997},{"Length":7.025037,"Height":4.146709,"Demand":1.0,"DemandMax":null,"Value":29.130784153233005},{"Length":2.981627,"Height":9.739379,"Demand":1.0,"DemandMax":null,"Value":29.039195389632997},{"Length":5.2632,"Height":5.499148,"Demand":1.0,"DemandMax":null,"Value":28.9431157536},{"Length":5.650054,"Height":5.082946,"Demand":1.0,"DemandMax":null,"Value":28.718919379084},{"Length":3.209474,"Height":8.940664,"Demand":1.0,"DemandMax":null,"Value":28.694828650736},{"Length":5.486246,"Height":5.201293,"Demand":1.0,"DemandMax":null,"Value":28.535572916078},{"Length":5.015364,"Height":5.669741,"Demand":1.0,"DemandMax":null,"Value":28.435814900724},{"Length":4.701005,"Height":5.983073,"Demand":1.0,"DemandMax":null,"Value":28.126456088365003},{"Length":9.371497,"Height":3.001194,"Demand":1.0,"DemandMax":null,"Value":28.125680567417998},{"Length":5.42983,"Height":5.082946,"Demand":1.0,"DemandMax":null,"Value":27.599532679179998},{"Length":4.460365,"Height":6.138319,"Demand":1.0,"DemandMax":null,"Value":27.379143226435},{"Length":5.015364,"Height":5.457676,"Demand":1.0,"DemandMax":null,"Value":27.372231734064002},{"Length":5.374326,"Height":5.089167,"Demand":1.0,"DemandMax":null,"Value":27.350842526441998},{"Length":4.185299,"Height":6.523185,"Demand":1.0,"DemandMax":null,"Value":27.301479657314996},{"Length":4.552107,"Height":5.983073,"Demand":1.0,"DemandMax":null,"Value":27.235588484811004}]}