{"Name":"Path49_50","Objects":[{"Length":100.0,"Height":100.0,"Stock":null,"Cost":10000.0}],"Items":[{"Length":36.04818,"Height":44.27541,"Demand":1.0,"DemandMax":null,"Value":1596.0479492538002},{"Length":100.0,"Height":12.7263,"Demand":1.0,"DemandMax":null,"Value":1272.63},{"Length":78.53202,"Height":13.66691,"Demand":1.0,"DemandMax":null,"Value":1073.2900494582},{"Length":12.9209,"Height":48.87571,"Demand":1.0,"DemandMax":null,"Value":631.5181613389999},{"Length":30.78909,"Height":18.40546,"Demand":1.0,"DemandMax":null,"Value":566.6873644314},{"Length":100.0,"Height":5.071746,"Demand":1.0,"DemandMax":null,"Value":507.1746},{"Length":42.61716,"Height":11.03589,"Demand":1.0,"DemandMax":null,"Value":470.3182898724},{"Length":13.52037,"Height":21.32738,"Demand":1.0,"DemandMax":null,"Value":288.35406873060003},{"Length":5.222344,"Height":54.46571,"Demand":1.0,"DemandMax":null,"Value":284.43867382423997},{"Length":36.04818,"Height":7.831951,"Demand":1.0,"DemandMax":null,"Value":282.32757939918},{"Length":78.53202,"Height":3.033446,"Demand":1.0,"DemandMax":null,"Value":238.22264194092003},{"Length":38.32695,"Height":5.855394,"Demand":1.0,"DemandMax":null,"Value":224.4193930683},{"Length":19.05589,"Height":11.03589,"Demand":1.0,"DemandMax":null,"Value":210.29870589210003},{"Length":21.46798,"Height":9.775896,"Demand":1.0,"DemandMax":null,"Value":209.86873981008},{"Length":38.32695,"Height":5.180496,"Demand":1.0,"DemandMax":null,"Value":198.55261116719998},{"Length":3.738603,"Height":48.36077,"Demand":1.0,"DemandMax":null,"Value":180.80171980431},{"Length":21.46798,"Height":6.924459,"Demand":1.0,"DemandMax":null,"Value":148.65414732282},{"Length":3.837916,"Height":29.18904,"Demand":1.0,"DemandMax":null,"Value":112.02508364063999},{"Length":2.426722,"Height":41.50359,"Demand":1.0,"DemandMax":null,"Value":100.71767493198},{"Length":3.837916,"Height":25.27667,"Demand":1.0,"DemandMax":null,"Value":97.00973621972},{"Length":10.07359,"Height":9.289153,"Demand":1.0,"DemandMax":null,"Value":93.57511876927},{"Length":10.07359,"Height":9.12482,"Demand":1.0,"DemandMax":null,"Value":91.919695503799986},{"Length":20.62189,"Height":4.456268,"Demand":1.0,"DemandMax":null,"Value":91.89666850652},{"Length":1.683129,"Height":54.46571,"Demand":1.0,"DemandMax":null,"Value":91.672816006590011},{"Length":36.04818,"Height":2.358346,"Demand":1.0,"DemandMax":null,"Value":85.01408111028},{"Length":1.322146,"Height":54.46571,"Demand":1.0,"DemandMax":null,"Value":72.01162061366},{"Length":2.010969,"Height":33.85773,"Demand":1.0,"DemandMax":null,"Value":68.086845440369984},{"Length":10.07359,"Height":6.046711,"Demand":1.0,"DemandMax":null,"Value":60.91208746249},{"Length":4.724776,"Height":9.131585,"Demand":1.0,"DemandMax":null,"Value":43.14469364996},{"Length":30.78909,"Height":1.351596,"Demand":1.0,"DemandMax":null,"Value":41.614410887640005},{"Length":14.93187,"Height":2.544854,"Demand":1.0,"DemandMax":null,"Value":37.99942909698},{"Length":20.7155,"Height":1.720687,"Demand":1.0,"DemandMax":null,"Value":35.6448915485},{"Length":10.1672,"Height":3.26033,"Demand":1.0,"DemandMax":null,"Value":33.148427176},{"Length":30.78909,"Height":1.028223,"Demand":1.0,"DemandMax":null,"Value":31.658050487070007},{"Length":2.591665,"Height":12.1958,"Demand":1.0,"DemandMax":null,"Value":31.607428007},{"Length":2.426722,"Height":12.96211,"Demand":1.0,"DemandMax":null,"Value":31.455437503419997},{"Length":30.78909,"Height":1.017841,"Demand":1.0,"DemandMax":null,"Value":31.33839815469},{"Length":2.010969,"Height":15.01798,"Demand":1.0,"DemandMax":null,"Value":30.200692222619995},{"Length":13.08307,"Height":2.292601,"Demand":1.0,"DemandMax":null,"Value":29.994259365069997},{"Length":20.62189,"Height":1.453036,"Demand":1.0,"DemandMax":null,"Value":29.96434855804},{"Length":20.7155,"Height":1.412615,"Demand":1.0,"DemandMax":null,"Value":29.263026032499997},{"Length":1.289931,"Height":21.32738,"Demand":1.0,"DemandMax":null,"Value":27.510848610780002},{"Length":10.1672,"Height":2.648974,"Demand":1.0,"DemandMax":null,"Value":26.9326484528},{"Length":2.133111,"Height":12.1958,"Demand":1.0,"DemandMax":null,"Value":26.0149951338},{"Length":1.180429,"Height":21.32738,"Demand":1.0,"DemandMax":null,"Value":25.175457846020002},{"Length":14.93187,"Height":1.598912,"Demand":1.0,"DemandMax":null,"Value":23.87474612544},{"Length":3.738603,"Height":6.104939,"Demand":1.0,"DemandMax":null,"Value":22.823943260217},{"Length":14.93187,"Height":1.446235,"Demand":1.0,"DemandMax":null,"Value":21.59499300945},{"Length":9.345091,"Height":2.292601,"Demand":1.0,"DemandMax":null,"Value":21.424564971690998},{"Length":8.360932,"Height":2.292601,"Demand":1.0,"DemandMax":null,"Value":19.168281064132}]}