{"Name":"Path6_50","Objects":[{"Length":100.0,"Height":100.0,"Stock":null,"Cost":10000.0}],"Items":[{"Length":41.15111,"Height":30.83685,"Demand":1.0,"DemandMax":null,"Value":1268.9706064035},{"Length":21.55258,"Height":47.91071,"Demand":1.0,"DemandMax":null,"Value":1032.5994101318},{"Length":18.17658,"Height":47.91071,"Demand":1.0,"DemandMax":null,"Value":870.85285317180012},{"Length":20.5826,"Height":41.76114,"Demand":1.0,"DemandMax":null,"Value":859.55284016399992},{"Length":17.79087,"Height":47.91071,"Demand":1.0,"DemandMax":null,"Value":852.37321321770014},{"Length":19.38535,"Height":39.34757,"Demand":1.0,"DemandMax":null,"Value":762.76641609949991},{"Length":61.99001,"Height":10.97855,"Demand":1.0,"DemandMax":null,"Value":680.5604242855},{"Length":10.45045,"Height":47.91071,"Demand":1.0,"DemandMax":null,"Value":500.6884793195},{"Length":9.014807,"Height":47.91071,"Demand":1.0,"DemandMax":null,"Value":431.90580388296996},{"Length":13.91396,"Height":30.83685,"Demand":1.0,"DemandMax":null,"Value":429.06269742599994},{"Length":56.17746,"Height":6.799518,"Demand":1.0,"DemandMax":null,"Value":381.97965046428004},{"Length":10.56061,"Height":30.83685,"Demand":1.0,"DemandMax":null,"Value":325.65594647849997},{"Length":13.81904,"Height":10.97855,"Demand":1.0,"DemandMax":null,"Value":151.713021592},{"Length":8.86837,"Height":16.24096,"Demand":1.0,"DemandMax":null,"Value":144.03084243520002},{"Length":8.86837,"Height":10.47589,"Demand":1.0,"DemandMax":null,"Value":92.9040685993},{"Length":0.9771872,"Height":81.10871,"Demand":1.0,"DemandMax":null,"Value":79.258393220512},{"Length":15.8063,"Height":4.891353,"Demand":1.0,"DemandMax":null,"Value":77.3141929239},{"Length":2.491234,"Height":30.83685,"Demand":1.0,"DemandMax":null,"Value":76.821809172899989},{"Length":16.26955,"Height":4.595067,"Demand":1.0,"DemandMax":null,"Value":74.75967230985},{"Length":54.23965,"Height":1.154789,"Demand":1.0,"DemandMax":null,"Value":62.63535118385},{"Length":15.8063,"Height":3.121141,"Demand":1.0,"DemandMax":null,"Value":49.333690988300006},{"Length":42.85681,"Height":1.113228,"Demand":1.0,"DemandMax":null,"Value":47.709400882680008},{"Length":1.197251,"Height":39.34757,"Demand":1.0,"DemandMax":null,"Value":47.10891753007},{"Length":14.11091,"Height":3.301056,"Demand":1.0,"DemandMax":null,"Value":46.58090412096},{"Length":4.125597,"Height":10.97855,"Demand":1.0,"DemandMax":null,"Value":45.29307294435},{"Length":1.454922,"Height":26.64577,"Demand":1.0,"DemandMax":null,"Value":38.76751697994},{"Length":34.36774,"Height":1.113228,"Demand":1.0,"DemandMax":null,"Value":38.25913046472},{"Length":5.049922,"Height":6.799518,"Demand":1.0,"DemandMax":null,"Value":34.337035537595995},{"Length":0.9265484,"Height":35.85109,"Demand":1.0,"DemandMax":null,"Value":33.217770077756},{"Length":14.11091,"Height":2.286039,"Demand":1.0,"DemandMax":null,"Value":32.25809058549},{"Length":4.380277,"Height":6.799518,"Demand":1.0,"DemandMax":null,"Value":29.783772306486004},{"Length":4.011884,"Height":6.799518,"Demand":1.0,"DemandMax":null,"Value":27.278877471912},{"Length":44.33968,"Height":0.6135163,"Demand":1.0,"DemandMax":null,"Value":27.203116416784002},{"Length":1.454922,"Height":18.61186,"Demand":1.0,"DemandMax":null,"Value":27.07880457492},{"Length":44.33968,"Height":0.5928379,"Demand":1.0,"DemandMax":null,"Value":26.286242777872},{"Length":22.74565,"Height":1.154789,"Demand":1.0,"DemandMax":null,"Value":26.266426417850003},{"Length":22.77545,"Height":1.113228,"Demand":1.0,"DemandMax":null,"Value":25.354268652600002},{"Length":2.691135,"Height":8.012494,"Demand":1.0,"DemandMax":null,"Value":21.56270304069},{"Length":8.86837,"Height":2.427979,"Demand":1.0,"DemandMax":null,"Value":21.53221612423},{"Length":7.040861,"Height":2.966052,"Demand":1.0,"DemandMax":null,"Value":20.883559850772},{"Length":16.85477,"Height":1.206354,"Demand":1.0,"DemandMax":null,"Value":20.33281920858},{"Length":16.26955,"Height":1.227553,"Demand":1.0,"DemandMax":null,"Value":19.971734911149998},{"Length":6.677436,"Height":2.966052,"Demand":1.0,"DemandMax":null,"Value":19.805622402672},{"Length":15.79084,"Height":1.206354,"Demand":1.0,"DemandMax":null,"Value":19.049342997359997},{"Length":0.5283741,"Height":35.85109,"Demand":1.0,"DemandMax":null,"Value":18.942787412768997},{"Length":1.567931,"Height":10.97855,"Demand":1.0,"DemandMax":null,"Value":17.21360888005},{"Length":14.11091,"Height":1.212423,"Demand":1.0,"DemandMax":null,"Value":17.10839183493},{"Length":16.26955,"Height":0.976898,"Demand":1.0,"DemandMax":null,"Value":15.8936908559},{"Length":8.86837,"Height":1.692027,"Demand":1.0,"DemandMax":null,"Value":15.00552148599},{"Length":4.779134,"Height":2.966052,"Demand":1.0,"DemandMax":null,"Value":14.175159958967999}]}