{"Name":"Nice17_200","Objects":[{"Length":100.0,"Height":100.0,"Stock":null,"Cost":10000.0}],"Items":[{"Length":15.36913,"Height":11.8784,"Demand":1.0,"DemandMax":null,"Value":182.560673792},{"Length":10.52368,"Height":16.71562,"Demand":1.0,"DemandMax":null,"Value":175.90983588160003},{"Length":8.457157,"Height":20.50415,"Demand":1.0,"DemandMax":null,"Value":173.40681570155002},{"Length":15.90765,"Height":9.371712,"Demand":1.0,"DemandMax":null,"Value":149.08191439680002},{"Length":13.20192,"Height":10.61226,"Demand":1.0,"DemandMax":null,"Value":140.10220753919998},{"Length":13.71659,"Height":9.215614,"Demand":1.0,"DemandMax":null,"Value":126.40679883626001},{"Length":9.223413,"Height":11.80575,"Demand":1.0,"DemandMax":null,"Value":108.88930802475001},{"Length":10.89959,"Height":9.794724,"Demand":1.0,"DemandMax":null,"Value":106.75847576316},{"Length":10.89959,"Height":9.537259,"Demand":1.0,"DemandMax":null,"Value":103.95221282381},{"Length":11.07451,"Height":9.314312,"Demand":1.0,"DemandMax":null,"Value":103.15144138711999},{"Length":9.035958,"Height":11.38946,"Demand":1.0,"DemandMax":null,"Value":102.91468220268001},{"Length":16.91163,"Height":6.055028,"Demand":1.0,"DemandMax":null,"Value":102.40039317563999},{"Length":8.283259,"Height":12.24319,"Demand":1.0,"DemandMax":null,"Value":101.41351375621},{"Length":16.75343,"Height":5.81053,"Demand":1.0,"DemandMax":null,"Value":97.34630761790001},{"Length":6.139663,"Height":15.72686,"Demand":1.0,"DemandMax":null,"Value":96.557620448179989},{"Length":9.657899,"Height":9.64712,"Demand":1.0,"DemandMax":null,"Value":93.170910600879992},{"Length":10.89959,"Height":8.118241,"Demand":1.0,"DemandMax":null,"Value":88.485498421189988},{"Length":10.872,"Height":8.006289,"Demand":1.0,"DemandMax":null,"Value":87.044374008},{"Length":4.624828,"Height":18.46368,"Demand":1.0,"DemandMax":null,"Value":85.39134424704},{"Length":4.622332,"Height":18.46368,"Demand":1.0,"DemandMax":null,"Value":85.34525890176},{"Length":5.072184,"Height":16.71562,"Demand":1.0,"DemandMax":null,"Value":84.784700314080013},{"Length":4.602151,"Height":18.354,"Demand":1.0,"DemandMax":null,"Value":84.467879454},{"Length":13.29669,"Height":6.204405,"Demand":1.0,"DemandMax":null,"Value":82.498049919450011},{"Length":16.18684,"Height":5.093246,"Demand":1.0,"DemandMax":null,"Value":82.44355808264},{"Length":9.192808,"Height":8.812667,"Demand":1.0,"DemandMax":null,"Value":81.013155698935989},{"Length":6.763024,"Height":11.80575,"Demand":1.0,"DemandMax":null,"Value":79.842570588},{"Length":4.621163,"Height":16.71562,"Demand":1.0,"DemandMax":null,"Value":77.24560466606},{"Length":8.555846,"Height":9.015084,"Demand":1.0,"DemandMax":null,"Value":77.131670381064012},{"Length":5.403864,"Height":14.15574,"Demand":1.0,"DemandMax":null,"Value":76.49569377936},{"Length":15.36913,"Height":4.83722,"Demand":1.0,"DemandMax":null,"Value":74.3438630186},{"Length":6.954805,"Height":10.61226,"Demand":1.0,"DemandMax":null,"Value":73.8061989093},{"Length":7.774736,"Height":9.314312,"Demand":1.0,"DemandMax":null,"Value":72.416316821632},{"Length":13.56049,"Height":5.32269,"Demand":1.0,"DemandMax":null,"Value":72.1782845181},{"Length":10.2284,"Height":7.039456,"Demand":1.0,"DemandMax":null,"Value":72.0023717504},{"Length":6.022262,"Height":11.80575,"Demand":1.0,"DemandMax":null,"Value":71.0973196065},{"Length":16.18684,"Height":4.189681,"Demand":1.0,"DemandMax":null,"Value":67.817695998040008},{"Length":7.553063,"Height":8.812667,"Demand":1.0,"DemandMax":null,"Value":66.562629049021},{"Length":13.29669,"Height":4.837371,"Demand":1.0,"DemandMax":null,"Value":64.32102260199},{"Length":10.9671,"Height":5.848012,"Demand":1.0,"DemandMax":null,"Value":64.1357324052},{"Length":13.56049,"Height":4.676215,"Demand":1.0,"DemandMax":null,"Value":63.41176674535},{"Length":6.779793,"Height":9.215614,"Demand":1.0,"DemandMax":null,"Value":62.479955287902},{"Length":4.767265,"Height":12.92709,"Demand":1.0,"DemandMax":null,"Value":61.62686370885},{"Length":13.29669,"Height":4.602021,"Demand":1.0,"DemandMax":null,"Value":61.19164661049},{"Length":5.41835,"Height":11.12195,"Demand":1.0,"DemandMax":null,"Value":60.2626177825},{"Length":10.26797,"Height":5.846185,"Demand":1.0,"DemandMax":null,"Value":60.028452194450004},{"Length":9.462304,"Height":6.270628,"Demand":1.0,"DemandMax":null,"Value":59.334588406912},{"Length":13.29669,"Height":4.402478,"Demand":1.0,"DemandMax":null,"Value":58.538385197820006},{"Length":9.343667,"Height":6.197987,"Demand":1.0,"DemandMax":null,"Value":57.911926598329},{"Length":5.166385,"Height":11.12195,"Demand":1.0,"DemandMax":null,"Value":57.46027565075},{"Length":9.695882,"Height":5.840603,"Demand":1.0,"DemandMax":null,"Value":56.629797496845995},{"Length":10.19547,"Height":5.546628,"Demand":1.0,"DemandMax":null,"Value":56.55047937516},{"Length":9.802409,"Height":5.737205,"Demand":1.0,"DemandMax":null,"Value":56.238429926845008},{"Length":5.229867,"Height":10.73726,"Demand":1.0,"DemandMax":null,"Value":56.154441744419991},{"Length":5.485338,"Height":10.16446,"Demand":1.0,"DemandMax":null,"Value":55.75549868748},{"Length":4.97307,"Height":11.12195,"Demand":1.0,"DemandMax":null,"Value":55.310235886499996},{"Length":6.122392,"Height":9.033038,"Demand":1.0,"DemandMax":null,"Value":55.303799586895991},{"Length":8.922214,"Height":6.197987,"Demand":1.0,"DemandMax":null,"Value":55.299766383218007},{"Length":5.76418,"Height":9.584014,"Demand":1.0,"DemandMax":null,"Value":55.24398181852},{"Length":10.73026,"Height":5.09072,"Demand":1.0,"DemandMax":null,"Value":54.624749187199996},{"Length":5.472007,"Height":9.979292,"Demand":1.0,"DemandMax":null,"Value":54.606755679043992},{"Length":5.233395,"Height":10.42616,"Demand":1.0,"DemandMax":null,"Value":54.564213613199996},{"Length":13.29669,"Height":4.090221,"Demand":1.0,"DemandMax":null,"Value":54.38640066849},{"Length":8.647651,"Height":6.270628,"Demand":1.0,"DemandMax":null,"Value":54.226202494828},{"Length":6.643244,"Height":8.142576,"Demand":1.0,"DemandMax":null,"Value":54.093119156544},{"Length":6.037863,"Height":8.777088,"Demand":1.0,"DemandMax":null,"Value":52.99485488294399},{"Length":8.930547,"Height":5.882524,"Demand":1.0,"DemandMax":null,"Value":52.534157060628004},{"Length":3.632095,"Height":14.15574,"Demand":1.0,"DemandMax":null,"Value":51.414992475300004},{"Length":5.517611,"Height":9.167077,"Demand":1.0,"DemandMax":null,"Value":50.580364893047},{"Length":8.569999,"Height":5.840603,"Demand":1.0,"DemandMax":null,"Value":50.053961869396993},{"Length":7.330008,"Height":6.775442,"Demand":1.0,"DemandMax":null,"Value":49.664044063536004},{"Length":7.296281,"Height":6.775442,"Demand":1.0,"DemandMax":null,"Value":49.435528731202},{"Length":4.587172,"Height":10.73726,"Demand":1.0,"DemandMax":null,"Value":49.253658428719994},{"Length":6.494884,"Height":7.53727,"Demand":1.0,"DemandMax":null,"Value":48.95369432668},{"Length":4.645009,"Height":10.50323,"Demand":1.0,"DemandMax":null,"Value":48.78759787907},{"Length":5.341051,"Height":9.033038,"Demand":1.0,"DemandMax":null,"Value":48.245916642938},{"Length":5.607217,"Height":8.411927,"Demand":1.0,"DemandMax":null,"Value":47.167500077159005},{"Length":7.981082,"Height":5.882524,"Demand":1.0,"DemandMax":null,"Value":46.948906410968},{"Length":5.553572,"Height":8.327868,"Demand":1.0,"DemandMax":null,"Value":46.249414544496005},{"Length":5.108573,"Height":9.024894,"Demand":1.0,"DemandMax":null,"Value":46.104329816261995},{"Length":7.586169,"Height":6.004185,"Demand":1.0,"DemandMax":null,"Value":45.548762117265},{"Length":5.577374,"Height":8.142576,"Demand":1.0,"DemandMax":null,"Value":45.414191675424},{"Length":6.030695,"Height":7.460035,"Demand":1.0,"DemandMax":null,"Value":44.989195774325},{"Length":5.436981,"Height":8.239483,"Demand":1.0,"DemandMax":null,"Value":44.797912520823004},{"Length":8.555846,"Height":5.217317,"Demand":1.0,"DemandMax":null,"Value":44.638560785182008},{"Length":7.671539,"Height":5.814029,"Demand":1.0,"DemandMax":null,"Value":44.602550220630995},{"Length":8.939734,"Height":4.962346,"Demand":1.0,"DemandMax":null,"Value":44.362053255964},{"Length":7.378292,"Height":6.009731,"Demand":1.0,"DemandMax":null,"Value":44.341550159452005},{"Length":10.89959,"Height":4.015314,"Demand":1.0,"DemandMax":null,"Value":43.765276321260004},{"Length":3.697669,"Height":11.81383,"Demand":1.0,"DemandMax":null,"Value":43.683632962269996},{"Length":4.556657,"Height":9.584014,"Demand":1.0,"DemandMax":null,"Value":43.671064481198},{"Length":6.398528,"Height":6.775442,"Demand":1.0,"DemandMax":null,"Value":43.352855349376},{"Length":4.588727,"Height":9.371712,"Demand":1.0,"DemandMax":null,"Value":43.004227890624},{"Length":7.298783,"Height":5.848012,"Demand":1.0,"DemandMax":null,"Value":42.683370569396},{"Length":3.932518,"Height":10.73726,"Demand":1.0,"DemandMax":null,"Value":42.224468220679995},{"Length":9.051999,"Height":4.611287,"Demand":1.0,"DemandMax":null,"Value":41.741365312713},{"Length":10.26797,"Height":4.058824,"Demand":1.0,"DemandMax":null,"Value":41.675883067280004},{"Length":5.517611,"Height":7.548543,"Demand":1.0,"DemandMax":null,"Value":41.649923890772996},{"Length":9.624382,"Height":4.303924,"Demand":1.0,"DemandMax":null,"Value":41.422608674968004},{"Length":6.352562,"Height":6.403201,"Demand":1.0,"DemandMax":null,"Value":40.676731350962},{"Length":3.746322,"Height":10.73726,"Demand":1.0,"DemandMax":null,"Value":40.22523335772},{"Length":3.539644,"Height":11.26612,"Demand":1.0,"DemandMax":null,"Value":39.878054061280004},{"Length":8.796816,"Height":4.530062,"Demand":1.0,"DemandMax":null,"Value":39.850121882592},{"Length":4.71362,"Height":8.411927,"Demand":1.0,"DemandMax":null,"Value":39.65062734574},{"Length":3.351483,"Height":11.80575,"Demand":1.0,"DemandMax":null,"Value":39.56677042725},{"Length":7.971895,"Height":4.962346,"Demand":1.0,"DemandMax":null,"Value":39.55930126567},{"Length":6.494884,"Height":6.055101,"Demand":1.0,"DemandMax":null,"Value":39.327178603284},{"Length":3.297089,"Height":11.81383,"Demand":1.0,"DemandMax":null,"Value":38.95124894087},{"Length":3.822126,"Height":9.998905,"Demand":1.0,"DemandMax":null,"Value":38.21707477203},{"Length":4.691011,"Height":8.142576,"Demand":1.0,"DemandMax":null,"Value":38.196913584335995},{"Length":6.481868,"Height":5.81053,"Demand":1.0,"DemandMax":null,"Value":37.66308847004},{"Length":9.051999,"Height":4.144614,"Demand":1.0,"DemandMax":null,"Value":37.517041783386},{"Length":4.435504,"Height":8.389183,"Demand":1.0,"DemandMax":null,"Value":37.210254753231993},{"Length":5.483993,"Height":6.775442,"Demand":1.0,"DemandMax":null,"Value":37.156476499906},{"Length":4.667927,"Height":7.954853,"Demand":1.0,"DemandMax":null,"Value":37.132673099731},{"Length":5.587138,"Height":6.621285,"Demand":1.0,"DemandMax":null,"Value":36.99403303233},{"Length":3.121654,"Height":11.81383,"Demand":1.0,"DemandMax":null,"Value":36.878689674819995},{"Length":8.457157,"Height":4.354341,"Demand":1.0,"DemandMax":null,"Value":36.825345468537},{"Length":8.114813,"Height":4.530062,"Demand":1.0,"DemandMax":null,"Value":36.760606008406},{"Length":4.645009,"Height":7.850768,"Demand":1.0,"DemandMax":null,"Value":36.466888016912},{"Length":3.077148,"Height":11.81383,"Demand":1.0,"DemandMax":null,"Value":36.35290335684},{"Length":4.254296,"Height":8.488327,"Demand":1.0,"DemandMax":null,"Value":36.111855602792},{"Length":4.779706,"Height":7.460035,"Demand":1.0,"DemandMax":null,"Value":35.65677404971},{"Length":9.624382,"Height":3.702365,"Demand":1.0,"DemandMax":null,"Value":35.63297506343},{"Length":3.927385,"Height":9.024894,"Demand":1.0,"DemandMax":null,"Value":35.44423332219},{"Length":6.795516,"Height":5.215737,"Demand":1.0,"DemandMax":null,"Value":35.443624235292},{"Length":6.830165,"Height":5.189234,"Demand":1.0,"DemandMax":null,"Value":35.44332444361},{"Length":5.659559,"Height":6.25912,"Demand":1.0,"DemandMax":null,"Value":35.42385892808},{"Length":8.283259,"Height":4.226114,"Demand":1.0,"DemandMax":null,"Value":35.005996825526},{"Length":4.254296,"Height":8.227293,"Demand":1.0,"DemandMax":null,"Value":35.001339700727996},{"Length":9.120682,"Height":3.825242,"Demand":1.0,"DemandMax":null,"Value":34.888815855044},{"Length":5.587138,"Height":6.230149,"Demand":1.0,"DemandMax":null,"Value":34.808702223562},{"Length":3.748715,"Height":9.282927,"Demand":1.0,"DemandMax":null,"Value":34.799047688805004},{"Length":4.220918,"Height":8.239483,"Demand":1.0,"DemandMax":null,"Value":34.778182105394},{"Length":6.195355,"Height":5.51508,"Demand":1.0,"DemandMax":null,"Value":34.1678784534},{"Length":10.89959,"Height":3.104557,"Demand":1.0,"DemandMax":null,"Value":33.83839843163},{"Length":6.466521,"Height":5.189234,"Demand":1.0,"DemandMax":null,"Value":33.556290634914},{"Length":3.19373,"Height":10.42616,"Demand":1.0,"DemandMax":null,"Value":33.2983399768},{"Length":2.95524,"Height":11.26612,"Demand":1.0,"DemandMax":null,"Value":33.2940884688},{"Length":10.48655,"Height":3.146103,"Demand":1.0,"DemandMax":null,"Value":32.99176641465},{"Length":4.382897,"Height":7.460035,"Demand":1.0,"DemandMax":null,"Value":32.696565021395},{"Length":5.637936,"Height":5.760543,"Demand":1.0,"DemandMax":null,"Value":32.477572759248},{"Length":8.724113,"Height":3.706265,"Demand":1.0,"DemandMax":null,"Value":32.333874667945},{"Length":3.847756,"Height":8.389183,"Demand":1.0,"DemandMax":null,"Value":32.279529223348},{"Length":5.472007,"Height":5.799776,"Demand":1.0,"DemandMax":null,"Value":31.736414870431997},{"Length":3.036318,"Height":10.42616,"Demand":1.0,"DemandMax":null,"Value":31.65713727888},{"Length":5.259656,"Height":6.009731,"Demand":1.0,"DemandMax":null,"Value":31.609117712536},{"Length":8.555846,"Height":3.654202,"Demand":1.0,"DemandMax":null,"Value":31.264789564892006},{"Length":9.120682,"Height":3.419902,"Demand":1.0,"DemandMax":null,"Value":31.191838613164002},{"Length":2.931722,"Height":10.61226,"Demand":1.0,"DemandMax":null,"Value":31.11219611172},{"Length":5.114095,"Height":6.068544,"Demand":1.0,"DemandMax":null,"Value":31.03511052768},{"Length":2.852731,"Height":10.85126,"Demand":1.0,"DemandMax":null,"Value":30.955725791059997},{"Length":2.843378,"Height":10.73726,"Demand":1.0,"DemandMax":null,"Value":30.530088864279996},{"Length":5.485338,"Height":5.562401,"Demand":1.0,"DemandMax":null,"Value":30.511649576538},{"Length":5.051779,"Height":6.004185,"Demand":1.0,"DemandMax":null,"Value":30.331815695114997},{"Length":3.319594,"Height":9.118542,"Demand":1.0,"DemandMax":null,"Value":30.269857311947998},{"Length":3.474884,"Height":8.679827,"Demand":1.0,"DemandMax":null,"Value":30.161391965067995},{"Length":5.553572,"Height":5.415326,"Demand":1.0,"DemandMax":null,"Value":30.074402844472},{"Length":4.236538,"Height":7.083715,"Demand":1.0,"DemandMax":null,"Value":30.010427778670003},{"Length":3.354762,"Height":8.812667,"Demand":1.0,"DemandMax":null,"Value":29.564400370254},{"Length":5.077211,"Height":5.814029,"Demand":1.0,"DemandMax":null,"Value":29.519051993119},{"Length":2.749187,"Height":10.73726,"Demand":1.0,"DemandMax":null,"Value":29.51873560762},{"Length":8.724113,"Height":3.37745,"Demand":1.0,"DemandMax":null,"Value":29.46525545185},{"Length":5.092324,"Height":5.760543,"Demand":1.0,"DemandMax":null,"Value":29.334551371931997},{"Length":10.2284,"Height":2.865552,"Demand":1.0,"DemandMax":null,"Value":29.310012076800003},{"Length":2.930843,"Height":9.998905,"Demand":1.0,"DemandMax":null,"Value":29.305220726915},{"Length":5.472007,"Height":5.35339,"Demand":1.0,"DemandMax":null,"Value":29.29378755373},{"Length":3.196849,"Height":9.118542,"Demand":1.0,"DemandMax":null,"Value":29.150601874157996},{"Length":7.790947,"Height":3.709136,"Demand":1.0,"DemandMax":null,"Value":28.897681991792002},{"Length":3.320632,"Height":8.679827,"Demand":1.0,"DemandMax":null,"Value":28.822511290663996},{"Length":4.688314,"Height":6.068544,"Demand":1.0,"DemandMax":null,"Value":28.451239794816},{"Length":4.535908,"Height":6.25912,"Demand":1.0,"DemandMax":null,"Value":28.390792480960002},{"Length":6.815555,"Height":4.156157,"Demand":1.0,"DemandMax":null,"Value":28.326516622135003},{"Length":6.352562,"Height":4.448062,"Demand":1.0,"DemandMax":null,"Value":28.256589634844},{"Length":5.553572,"Height":5.078545,"Demand":1.0,"DemandMax":null,"Value":28.20406531274},{"Length":3.092641,"Height":9.118542,"Demand":1.0,"DemandMax":null,"Value":28.200376849422},{"Length":4.767265,"Height":5.894645,"Demand":1.0,"DemandMax":null,"Value":28.101334795925},{"Length":10.48655,"Height":2.667926,"Demand":1.0,"DemandMax":null,"Value":27.9773393953},{"Length":6.195355,"Height":4.483825,"Demand":1.0,"DemandMax":null,"Value":27.778887632875005},{"Length":4.667927,"Height":5.940711,"Demand":1.0,"DemandMax":null,"Value":27.730805276097},{"Length":4.938573,"Height":5.6085,"Demand":1.0,"DemandMax":null,"Value":27.6979866705},{"Length":9.051999,"Height":3.057929,"Demand":1.0,"DemandMax":null,"Value":27.680370250071004},{"Length":9.035857,"Height":3.061551,"Demand":1.0,"DemandMax":null,"Value":27.663737034207003},{"Length":4.547704,"Height":6.078801,"Demand":1.0,"DemandMax":null,"Value":27.644587622904005},{"Length":3.134667,"Height":8.812667,"Demand":1.0,"DemandMax":null,"Value":27.624776426888996},{"Length":3.028864,"Height":9.118542,"Demand":1.0,"DemandMax":null,"Value":27.618823596288},{"Length":7.790947,"Height":3.536007,"Demand":1.0,"DemandMax":null,"Value":27.548843128629002},{"Length":4.526394,"Height":6.078801,"Demand":1.0,"DemandMax":null,"Value":27.515048373594002},{"Length":4.630303,"Height":5.916757,"Demand":1.0,"DemandMax":null,"Value":27.396377687370997},{"Length":4.630303,"Height":5.897073,"Demand":1.0,"DemandMax":null,"Value":27.305234803118996},{"Length":3.655951,"Height":7.460035,"Demand":1.0,"DemandMax":null,"Value":27.273522418285},{"Length":9.035857,"Height":3.01725,"Demand":1.0,"DemandMax":null,"Value":27.26343953325},{"Length":4.938573,"Height":5.513448,"Demand":1.0,"DemandMax":null,"Value":27.228565429704002},{"Length":3.826584,"Height":7.083715,"Demand":1.0,"DemandMax":null,"Value":27.10643047956},{"Length":6.481131,"Height":4.156157,"Demand":1.0,"DemandMax":null,"Value":26.936597973567004},{"Length":3.037291,"Height":8.850811,"Demand":1.0,"DemandMax":null,"Value":26.882488593001003},{"Length":4.530778,"Height":5.92505,"Demand":1.0,"DemandMax":null,"Value":26.845086188899998},{"Length":5.587138,"Height":4.776465,"Demand":1.0,"DemandMax":null,"Value":26.68676910717},{"Length":4.530778,"Height":5.88878,"Demand":1.0,"DemandMax":null,"Value":26.680754870839998},{"Length":3.000572,"Height":8.850811,"Demand":1.0,"DemandMax":null,"Value":26.557495663892002},{"Length":3.709143,"Height":7.083715,"Demand":1.0,"DemandMax":null,"Value":26.274511906245}]}