{"Name":"Nice41_25","Objects":[{"Length":100.0,"Height":100.0,"Stock":null,"Cost":10000.0}],"Items":[{"Length":38.68125,"Height":32.20005,"Demand":1.0,"DemandMax":null,"Value":1245.5381840624998},{"Length":36.28068,"Height":27.92204,"Demand":1.0,"DemandMax":null,"Value":1013.0305981871999},{"Length":61.31875,"Height":16.20511,"Demand":1.0,"DemandMax":null,"Value":993.67708881250007},{"Length":14.01713,"Height":42.1051,"Demand":1.0,"DemandMax":null,"Value":590.192660363},{"Length":21.63014,"Height":25.69485,"Demand":1.0,"DemandMax":null,"Value":555.783202779},{"Length":15.78856,"Height":25.69485,"Demand":1.0,"DemandMax":null,"Value":405.684680916},{"Length":23.9995,"Height":15.99494,"Demand":1.0,"DemandMax":null,"Value":383.87056253000003},{"Length":22.83119,"Height":15.99494,"Demand":1.0,"DemandMax":null,"Value":365.1835141786},{"Length":18.41628,"Height":19.33275,"Demand":1.0,"DemandMax":null,"Value":356.03733717},{"Length":19.63065,"Height":17.41955,"Demand":1.0,"DemandMax":null,"Value":341.9570892075},{"Length":24.49152,"Height":13.07428,"Demand":1.0,"DemandMax":null,"Value":320.20899010560004},{"Length":24.49152,"Height":12.62057,"Demand":1.0,"DemandMax":null,"Value":309.09694256640006},{"Length":11.65527,"Height":26.26305,"Demand":1.0,"DemandMax":null,"Value":306.1029387735},{"Length":23.0518,"Height":13.15104,"Demand":1.0,"DemandMax":null,"Value":303.155143872},{"Length":23.0518,"Height":12.54381,"Demand":1.0,"DemandMax":null,"Value":289.157399358},{"Length":18.8945,"Height":14.18307,"Demand":1.0,"DemandMax":null,"Value":267.982016115},{"Length":10.60982,"Height":24.68556,"Demand":1.0,"DemandMax":null,"Value":261.90934819919994},{"Length":17.38618,"Height":14.18307,"Demand":1.0,"DemandMax":null,"Value":246.58940797260001},{"Length":10.184,"Height":22.77235,"Demand":1.0,"DemandMax":null,"Value":231.91361239999998},{"Length":14.48806,"Height":15.99494,"Demand":1.0,"DemandMax":null,"Value":231.7356504164},{"Length":9.020832,"Height":24.68556,"Demand":1.0,"DemandMax":null,"Value":222.68428958592},{"Length":7.940604,"Height":25.69485,"Demand":1.0,"DemandMax":null,"Value":204.0326286894},{"Length":8.232285,"Height":22.77235,"Demand":1.0,"DemandMax":null,"Value":187.46847531974998},{"Length":11.65527,"Height":15.84205,"Demand":1.0,"DemandMax":null,"Value":184.6433701035},{"Length":7.097378,"Height":25.69485,"Demand":1.0,"DemandMax":null,"Value":182.36606310329998}]}