{"Name":"Path10_25","Objects":[{"Length":100.0,"Height":100.0,"Stock":null,"Cost":10000.0}],"Items":[{"Length":87.09244,"Height":49.60557,"Demand":1.0,"DemandMax":null,"Value":4320.2701288908},{"Length":52.77564,"Height":19.77775,"Demand":1.0,"DemandMax":null,"Value":1043.7834140100001},{"Length":87.09244,"Height":8.132802,"Demand":1.0,"DemandMax":null,"Value":708.30557021687991},{"Length":67.29694,"Height":8.526659,"Demand":1.0,"DemandMax":null,"Value":573.8180591234601},{"Length":24.30509,"Height":21.67602,"Demand":1.0,"DemandMax":null,"Value":526.8376169418},{"Length":18.9615,"Height":21.67602,"Demand":1.0,"DemandMax":null,"Value":411.00985323000003},{"Length":25.01097,"Height":15.99152,"Demand":1.0,"DemandMax":null,"Value":399.9634269744},{"Length":12.90756,"Height":30.81986,"Demand":1.0,"DemandMax":null,"Value":397.80919214159996},{"Length":50.86524,"Height":5.333525,"Demand":1.0,"DemandMax":null,"Value":271.291029171},{"Length":75.15393,"Height":2.478646,"Demand":1.0,"DemandMax":null,"Value":186.27998797877999},{"Length":50.86524,"Height":2.131337,"Demand":1.0,"DemandMax":null,"Value":108.41096802588},{"Length":7.49341,"Height":14.37178,"Demand":1.0,"DemandMax":null,"Value":107.69363996979999},{"Length":8.247379,"Height":12.54673,"Demand":1.0,"DemandMax":null,"Value":103.47763752067},{"Length":100.0,"Height":1.023969,"Demand":1.0,"DemandMax":null,"Value":102.39689999999999},{"Length":52.77564,"Height":1.898277,"Demand":1.0,"DemandMax":null,"Value":100.18278357228},{"Length":3.957769,"Height":21.67602,"Demand":1.0,"DemandMax":null,"Value":85.788679999380008},{"Length":5.414153,"Height":14.37178,"Demand":1.0,"DemandMax":null,"Value":77.81101580234},{"Length":16.43169,"Height":4.403259,"Demand":1.0,"DemandMax":null,"Value":72.352986877710009},{"Length":4.06739,"Height":15.99152,"Demand":1.0,"DemandMax":null,"Value":65.0437485328},{"Length":24.84607,"Height":2.478646,"Demand":1.0,"DemandMax":null,"Value":61.58461202122},{"Length":4.660182,"Height":12.54673,"Demand":1.0,"DemandMax":null,"Value":58.47004530486},{"Length":3.624701,"Height":15.99152,"Demand":1.0,"DemandMax":null,"Value":57.964478535519994},{"Length":51.80481,"Height":1.091473,"Demand":1.0,"DemandMax":null,"Value":56.54355138513},{"Length":48.19519,"Height":1.091473,"Demand":1.0,"DemandMax":null,"Value":52.603748614869993},{"Length":16.43169,"Height":3.061603,"Demand":1.0,"DemandMax":null,"Value":50.307311399069995}]}