{"Name":"Path12_25","Objects":[{"Length":100.0,"Height":100.0,"Stock":null,"Cost":10000.0}],"Items":[{"Length":96.67023,"Height":34.58812,"Demand":1.0,"DemandMax":null,"Value":3343.6415156676003},{"Length":95.28142,"Height":28.51685,"Demand":1.0,"DemandMax":null,"Value":2717.125961927},{"Length":63.05185,"Height":11.64279,"Demand":1.0,"DemandMax":null,"Value":734.0994486615},{"Length":90.30145,"Height":7.894212,"Demand":1.0,"DemandMax":null,"Value":712.8587902074},{"Length":90.30145,"Height":5.741186,"Demand":1.0,"DemandMax":null,"Value":518.4374205197},{"Length":56.45687,"Height":4.386353,"Demand":1.0,"DemandMax":null,"Value":247.63976109511},{"Length":18.8779,"Height":11.64279,"Demand":1.0,"DemandMax":null,"Value":219.791425341},{"Length":95.28142,"Height":2.200949,"Demand":1.0,"DemandMax":null,"Value":209.70954606758},{"Length":21.46647,"Height":5.029541,"Demand":1.0,"DemandMax":null,"Value":107.96649099027},{"Length":2.297424,"Height":45.60545,"Demand":1.0,"DemandMax":null,"Value":104.7750553608},{"Length":2.297424,"Height":44.97866,"Demand":1.0,"DemandMax":null,"Value":103.33505297183999},{"Length":8.661955,"Height":11.64279,"Demand":1.0,"DemandMax":null,"Value":100.84932305445001},{"Length":25.53312,"Height":3.819288,"Demand":1.0,"DemandMax":null,"Value":97.51833881856},{"Length":21.85564,"Height":4.386353,"Demand":1.0,"DemandMax":null,"Value":95.86655208092},{"Length":21.68748,"Height":4.386353,"Demand":1.0,"DemandMax":null,"Value":95.12894296044},{"Length":42.39964,"Height":2.131095,"Demand":1.0,"DemandMax":null,"Value":90.357660805800009},{"Length":1.388808,"Height":55.99599,"Demand":1.0,"DemandMax":null,"Value":77.76767887992},{"Length":42.39964,"Height":1.688193,"Demand":1.0,"DemandMax":null,"Value":71.57877545052},{"Length":4.979966,"Height":13.6354,"Demand":1.0,"DemandMax":null,"Value":67.9038283964},{"Length":4.689711,"Height":11.64279,"Demand":1.0,"DemandMax":null,"Value":54.60132033369},{"Length":41.61712,"Height":1.210253,"Demand":1.0,"DemandMax":null,"Value":50.36724433136},{"Length":1.032349,"Height":47.9414,"Demand":1.0,"DemandMax":null,"Value":49.4922563486},{"Length":36.91642,"Height":1.210253,"Demand":1.0,"DemandMax":null,"Value":44.678208054260004},{"Length":1.032349,"Height":42.6427,"Demand":1.0,"DemandMax":null,"Value":44.022148702299994},{"Length":10.60077,"Height":3.819288,"Demand":1.0,"DemandMax":null,"Value":40.48739365176}]}