{"Name":"Path8_25","Objects":[{"Length":100.0,"Height":100.0,"Stock":null,"Cost":10000.0}],"Items":[{"Length":58.80319,"Height":36.56022,"Demand":1.0,"DemandMax":null,"Value":2149.8575631018},{"Length":40.49228,"Height":32.88415,"Demand":1.0,"DemandMax":null,"Value":1331.554209362},{"Length":29.22077,"Height":36.16311,"Demand":1.0,"DemandMax":null,"Value":1056.7139197947001},{"Length":41.19681,"Height":22.29454,"Demand":1.0,"DemandMax":null,"Value":918.4639284174},{"Length":19.87506,"Height":32.88415,"Demand":1.0,"DemandMax":null,"Value":653.574454299},{"Length":29.22077,"Height":20.71256,"Demand":1.0,"DemandMax":null,"Value":605.23695187120006},{"Length":25.66441,"Height":19.41933,"Demand":1.0,"DemandMax":null,"Value":498.38564704529995},{"Length":24.09848,"Height":19.41933,"Demand":1.0,"DemandMax":null,"Value":467.97633561839996},{"Length":41.19681,"Height":8.560877,"Demand":1.0,"DemandMax":null,"Value":352.68082320237},{"Length":5.371288,"Height":56.87567,"Demand":1.0,"DemandMax":null,"Value":305.49560376296},{"Length":60.36734,"Height":3.377814,"Demand":1.0,"DemandMax":null,"Value":203.90964619476},{"Length":41.19681,"Height":4.839071,"Demand":1.0,"DemandMax":null,"Value":199.35428856350998},{"Length":4.251101,"Height":46.3836,"Demand":1.0,"DemandMax":null,"Value":197.1813683436},{"Length":83.33008,"Height":2.27849,"Demand":1.0,"DemandMax":null,"Value":189.8667539792},{"Length":83.59152,"Height":1.821513,"Demand":1.0,"DemandMax":null,"Value":152.26304036976},{"Length":10.60445,"Height":13.97378,"Demand":1.0,"DemandMax":null,"Value":148.184251321},{"Length":83.59152,"Height":1.354139,"Demand":1.0,"DemandMax":null,"Value":113.19453730128001},{"Length":100.0,"Height":1.109966,"Demand":1.0,"DemandMax":null,"Value":110.9966},{"Length":60.36734,"Height":1.19438,"Demand":1.0,"DemandMax":null,"Value":72.1015435492},{"Length":10.60445,"Height":5.445549,"Demand":1.0,"DemandMax":null,"Value":57.747052093049994},{"Length":16.40848,"Height":3.175652,"Demand":1.0,"DemandMax":null,"Value":52.10762232896},{"Length":0.7895064,"Height":56.87567,"Demand":1.0,"DemandMax":null,"Value":44.903705469288},{"Length":4.251101,"Height":10.49207,"Demand":1.0,"DemandMax":null,"Value":44.60284926907},{"Length":16.66992,"Height":2.27849,"Demand":1.0,"DemandMax":null,"Value":37.982246020800005},{"Length":41.19681,"Height":0.8657346,"Demand":1.0,"DemandMax":null,"Value":35.665503826626}]}