{"Name":"Path35_200","Objects":[{"Length":100.0,"Height":100.0,"Stock":null,"Cost":10000.0}],"Items":[{"Length":19.31604,"Height":53.12455,"Demand":1.0,"DemandMax":null,"Value":1026.155932782},{"Length":17.06042,"Height":53.12455,"Demand":1.0,"DemandMax":null,"Value":906.327135311},{"Length":17.648,"Height":50.6329,"Demand":1.0,"DemandMax":null,"Value":893.5694192},{"Length":12.15486,"Height":33.41353,"Demand":1.0,"DemandMax":null,"Value":406.1367792558},{"Length":6.957307,"Height":50.6329,"Demand":1.0,"DemandMax":null,"Value":352.2686296003},{"Length":24.75701,"Height":13.27845,"Demand":1.0,"DemandMax":null,"Value":328.7347194345},{"Length":37.24321,"Height":6.892744,"Demand":1.0,"DemandMax":null,"Value":256.70791226824},{"Length":12.15486,"Height":19.71102,"Demand":1.0,"DemandMax":null,"Value":239.5846885572},{"Length":4.265491,"Height":53.12455,"Demand":1.0,"DemandMax":null,"Value":226.60228990405},{"Length":3.745453,"Height":50.6329,"Demand":1.0,"DemandMax":null,"Value":189.64314720369998},{"Length":9.198748,"Height":16.15053,"Demand":1.0,"DemandMax":null,"Value":148.56465553644},{"Length":20.44173,"Height":3.89405,"Demand":1.0,"DemandMax":null,"Value":79.6011187065},{"Length":16.41419,"Height":4.137701,"Demand":1.0,"DemandMax":null,"Value":67.91701037719001},{"Length":6.46406,"Height":10.23451,"Demand":1.0,"DemandMax":null,"Value":66.1564867106},{"Length":4.04855,"Height":16.15053,"Demand":1.0,"DemandMax":null,"Value":65.3862282315},{"Length":15.08182,"Height":3.957943,"Demand":1.0,"DemandMax":null,"Value":59.69298389626},{"Length":14.91715,"Height":3.877447,"Demand":1.0,"DemandMax":null,"Value":57.84045851605},{"Length":5.378058,"Height":10.23451,"Demand":1.0,"DemandMax":null,"Value":55.041788381580005},{"Length":8.881902,"Height":6.095135,"Demand":1.0,"DemandMax":null,"Value":54.13639174677},{"Length":15.21123,"Height":3.495851,"Demand":1.0,"DemandMax":null,"Value":53.17619360673},{"Length":1.161492,"Height":44.00625,"Demand":1.0,"DemandMax":null,"Value":51.112907325},{"Length":9.73708,"Height":5.170223,"Demand":1.0,"DemandMax":null,"Value":50.34287496884},{"Length":9.952708,"Height":4.925061,"Demand":1.0,"DemandMax":null,"Value":49.017694015188},{"Length":1.404652,"Height":34.46013,"Demand":1.0,"DemandMax":null,"Value":48.40449052476},{"Length":1.067453,"Height":44.00625,"Demand":1.0,"DemandMax":null,"Value":46.97460358125},{"Length":1.39131,"Height":33.53236,"Demand":1.0,"DemandMax":null,"Value":46.6539077916},{"Length":6.813999,"Height":6.754408,"Demand":1.0,"DemandMax":null,"Value":46.024529357591994},{"Length":16.49644,"Height":2.744819,"Demand":1.0,"DemandMax":null,"Value":45.279741944360005},{"Length":1.479879,"Height":29.62723,"Demand":1.0,"DemandMax":null,"Value":43.84471550517},{"Length":1.304571,"Height":33.53236,"Demand":1.0,"DemandMax":null,"Value":43.745344417559991},{"Length":28.3823,"Height":1.540914,"Demand":1.0,"DemandMax":null,"Value":43.7346834222},{"Length":5.853099,"Height":7.375882,"Demand":1.0,"DemandMax":null,"Value":43.171767558318},{"Length":16.06021,"Height":2.642727,"Demand":1.0,"DemandMax":null,"Value":42.44275059267},{"Length":28.3823,"Height":1.48668,"Demand":1.0,"DemandMax":null,"Value":42.195397764},{"Length":28.3823,"Height":1.483434,"Demand":1.0,"DemandMax":null,"Value":42.1032688182},{"Length":4.937989,"Height":8.040166,"Demand":1.0,"DemandMax":null,"Value":39.702251266173995},{"Length":1.499558,"Height":26.45506,"Demand":1.0,"DemandMax":null,"Value":39.670896863479996},{"Length":1.13986,"Height":34.48439,"Demand":1.0,"DemandMax":null,"Value":39.3073767854},{"Length":1.707914,"Height":22.82781,"Demand":1.0,"DemandMax":null,"Value":38.987936288339995},{"Length":4.799091,"Height":8.040166,"Demand":1.0,"DemandMax":null,"Value":38.585488289105996},{"Length":28.3823,"Height":1.358978,"Demand":1.0,"DemandMax":null,"Value":38.570921289400005},{"Length":2.875395,"Height":13.27845,"Demand":1.0,"DemandMax":null,"Value":38.18078873775},{"Length":10.12981,"Height":3.763132,"Demand":1.0,"DemandMax":null,"Value":38.119812164920006},{"Length":4.333923,"Height":8.586234,"Demand":1.0,"DemandMax":null,"Value":37.212077015982},{"Length":5.042001,"Height":7.375882,"Demand":1.0,"DemandMax":null,"Value":37.189204419881996},{"Length":12.70852,"Height":2.923317,"Demand":1.0,"DemandMax":null,"Value":37.15103256084},{"Length":7.440126,"Height":4.925061,"Demand":1.0,"DemandMax":null,"Value":36.643074397686007},{"Length":15.08182,"Height":2.423238,"Demand":1.0,"DemandMax":null,"Value":36.54683933316},{"Length":28.3823,"Height":1.283927,"Demand":1.0,"DemandMax":null,"Value":36.440801292100005},{"Length":5.23178,"Height":6.892744,"Demand":1.0,"DemandMax":null,"Value":36.06132020432},{"Length":28.3823,"Height":1.270086,"Demand":1.0,"DemandMax":null,"Value":36.0479618778},{"Length":15.08182,"Height":2.384903,"Demand":1.0,"DemandMax":null,"Value":35.96867776346},{"Length":2.977172,"Height":12.05503,"Demand":1.0,"DemandMax":null,"Value":35.88989777516},{"Length":12.70852,"Height":2.823074,"Demand":1.0,"DemandMax":null,"Value":35.87709239048},{"Length":15.44745,"Height":2.320378,"Demand":1.0,"DemandMax":null,"Value":35.843923136099995},{"Length":7.502472,"Height":4.776706,"Demand":1.0,"DemandMax":null,"Value":35.837103017231996},{"Length":28.3823,"Height":1.25804,"Demand":1.0,"DemandMax":null,"Value":35.706068692},{"Length":7.535285,"Height":4.683523,"Demand":1.0,"DemandMax":null,"Value":35.291680609055},{"Length":9.04812,"Height":3.877447,"Demand":1.0,"DemandMax":null,"Value":35.083605749640007},{"Length":2.046568,"Height":17.11141,"Demand":1.0,"DemandMax":null,"Value":35.01966414088},{"Length":7.535285,"Height":4.641471,"Demand":1.0,"DemandMax":null,"Value":34.974806804235},{"Length":2.604802,"Height":13.27845,"Demand":1.0,"DemandMax":null,"Value":34.5877331169},{"Length":0.7822427,"Height":44.00625,"Demand":1.0,"DemandMax":null,"Value":34.423567816875},{"Length":13.01849,"Height":2.642727,"Demand":1.0,"DemandMax":null,"Value":34.404315022229994},{"Length":0.9953213,"Height":34.46013,"Demand":1.0,"DemandMax":null,"Value":34.298901389769},{"Length":12.70852,"Height":2.684852,"Demand":1.0,"DemandMax":null,"Value":34.12049533904},{"Length":3.147988,"Height":10.83639,"Demand":1.0,"DemandMax":null,"Value":34.11282568332},{"Length":3.134336,"Height":10.83639,"Demand":1.0,"DemandMax":null,"Value":33.96488728704},{"Length":9.73708,"Height":3.426825,"Demand":1.0,"DemandMax":null,"Value":33.367269171000004},{"Length":43.14323,"Height":0.763685,"Demand":1.0,"DemandMax":null,"Value":32.94783760255},{"Length":20.50177,"Height":1.592199,"Demand":1.0,"DemandMax":null,"Value":32.64289769223},{"Length":4.31716,"Height":7.467376,"Demand":1.0,"DemandMax":null,"Value":32.23785697216},{"Length":2.129316,"Height":15.09513,"Demand":1.0,"DemandMax":null,"Value":32.142301831080005},{"Length":0.6338469,"Height":50.6329,"Demand":1.0,"DemandMax":null,"Value":32.09350670301},{"Length":7.535285,"Height":4.245754,"Demand":1.0,"DemandMax":null,"Value":31.99296642989},{"Length":1.600896,"Height":19.94981,"Demand":1.0,"DemandMax":null,"Value":31.93757102976},{"Length":15.06955,"Height":2.079228,"Demand":1.0,"DemandMax":null,"Value":31.3330303074},{"Length":4.186718,"Height":7.375882,"Demand":1.0,"DemandMax":null,"Value":30.880737935276},{"Length":2.942809,"Height":10.46204,"Demand":1.0,"DemandMax":null,"Value":30.78778547036},{"Length":10.16001,"Height":3.00319,"Demand":1.0,"DemandMax":null,"Value":30.5124404319},{"Length":2.755051,"Height":11.0202,"Demand":1.0,"DemandMax":null,"Value":30.361213030200002},{"Length":2.864025,"Height":10.47389,"Demand":1.0,"DemandMax":null,"Value":29.99748280725},{"Length":3.282353,"Height":8.926054,"Demand":1.0,"DemandMax":null,"Value":29.298460125062004},{"Length":0.8371453,"Height":34.48439,"Demand":1.0,"DemandMax":null,"Value":28.868445011866996},{"Length":3.342025,"Height":8.586234,"Demand":1.0,"DemandMax":null,"Value":28.695408683849998},{"Length":2.798953,"Height":10.23451,"Demand":1.0,"DemandMax":null,"Value":28.64591246803},{"Length":14.94265,"Height":1.911069,"Demand":1.0,"DemandMax":null,"Value":28.55643519285},{"Length":0.8273431,"Height":34.48439,"Demand":1.0,"DemandMax":null,"Value":28.530422124208997},{"Length":2.977172,"Height":9.195754,"Demand":1.0,"DemandMax":null,"Value":27.377341327688},{"Length":8.424664,"Height":3.214617,"Demand":1.0,"DemandMax":null,"Value":27.082068113688},{"Length":14.13605,"Height":1.911069,"Demand":1.0,"DemandMax":null,"Value":27.014966937449998},{"Length":0.6083618,"Height":44.00625,"Demand":1.0,"DemandMax":null,"Value":26.77172146125},{"Length":28.3823,"Height":0.9092544,"Demand":1.0,"DemandMax":null,"Value":25.80673115712},{"Length":0.7367927,"Height":34.74459,"Demand":1.0,"DemandMax":null,"Value":25.599560276493},{"Length":10.75283,"Height":2.371461,"Demand":1.0,"DemandMax":null,"Value":25.499916984629998},{"Length":5.064459,"Height":4.93709,"Demand":1.0,"DemandMax":null,"Value":25.003689884310003},{"Length":6.387122,"Height":3.89405,"Demand":1.0,"DemandMax":null,"Value":24.871772424099998},{"Length":1.609459,"Height":15.18186,"Demand":1.0,"DemandMax":null,"Value":24.43458121374},{"Length":15.51037,"Height":1.549051,"Demand":1.0,"DemandMax":null,"Value":24.02635415887},{"Length":15.06955,"Height":1.575309,"Demand":1.0,"DemandMax":null,"Value":23.73919774095},{"Length":14.09486,"Height":1.65243,"Demand":1.0,"DemandMax":null,"Value":23.2907695098},{"Length":1.339856,"Height":17.37299,"Demand":1.0,"DemandMax":null,"Value":23.27730488944},{"Length":1.600896,"Height":14.53459,"Demand":1.0,"DemandMax":null,"Value":23.26836699264},{"Length":2.942809,"Height":7.888455,"Demand":1.0,"DemandMax":null,"Value":23.214216370095002},{"Length":27.61488,"Height":0.8405734,"Demand":1.0,"DemandMax":null,"Value":23.212333572192},{"Length":7.535285,"Height":3.072034,"Demand":1.0,"DemandMax":null,"Value":23.14865171969},{"Length":2.977172,"Height":7.660333,"Demand":1.0,"DemandMax":null,"Value":22.806128918276},{"Length":0.6603657,"Height":34.48439,"Demand":1.0,"DemandMax":null,"Value":22.772308341423},{"Length":0.8709393,"Height":26.04871,"Demand":1.0,"DemandMax":null,"Value":22.686845253302998},{"Length":5.287748,"Height":4.2642,"Demand":1.0,"DemandMax":null,"Value":22.548015021599998},{"Length":13.2473,"Height":1.673915,"Demand":1.0,"DemandMax":null,"Value":22.1748541795},{"Length":3.630441,"Height":6.095135,"Demand":1.0,"DemandMax":null,"Value":22.128028004535},{"Length":0.4955885,"Height":44.00625,"Demand":1.0,"DemandMax":null,"Value":21.808991428125},{"Length":4.532716,"Height":4.776706,"Demand":1.0,"DemandMax":null,"Value":21.651451713495998},{"Length":13.2473,"Height":1.613106,"Demand":1.0,"DemandMax":null,"Value":21.369299113799997},{"Length":1.479879,"Height":14.37902,"Demand":1.0,"DemandMax":null,"Value":21.27920973858},{"Length":3.728305,"Height":5.697151,"Demand":1.0,"DemandMax":null,"Value":21.240716559055002},{"Length":2.378384,"Height":8.926054,"Demand":1.0,"DemandMax":null,"Value":21.229584016736002},{"Length":3.090054,"Height":6.755996,"Demand":1.0,"DemandMax":null,"Value":20.876392463783997},{"Length":8.874326,"Height":2.325242,"Demand":1.0,"DemandMax":null,"Value":20.634955536891997},{"Length":8.802283,"Height":2.325242,"Demand":1.0,"DemandMax":null,"Value":20.467438127485995},{"Length":7.749906,"Height":2.639867,"Demand":1.0,"DemandMax":null,"Value":20.458721102502},{"Length":1.223667,"Height":16.63721,"Demand":1.0,"DemandMax":null,"Value":20.358404849070002},{"Length":14.09486,"Height":1.439516,"Demand":1.0,"DemandMax":null,"Value":20.28977648776},{"Length":1.33335,"Height":15.18186,"Demand":1.0,"DemandMax":null,"Value":20.242733031},{"Length":5.064459,"Height":3.988964,"Demand":1.0,"DemandMax":null,"Value":20.201944630476003},{"Length":8.401127,"Height":2.396413,"Demand":1.0,"DemandMax":null,"Value":20.132569957451},{"Length":13.2473,"Height":1.518983,"Demand":1.0,"DemandMax":null,"Value":20.122423495899998},{"Length":6.462296,"Height":3.095428,"Demand":1.0,"DemandMax":null,"Value":20.003571982688},{"Length":12.87193,"Height":1.549051,"Demand":1.0,"DemandMax":null,"Value":19.939276038430002},{"Length":5.113433,"Height":3.877447,"Demand":1.0,"DemandMax":null,"Value":19.827065445551},{"Length":7.461327,"Height":2.639867,"Demand":1.0,"DemandMax":null,"Value":19.696910923509},{"Length":17.67661,"Height":1.107345,"Demand":1.0,"DemandMax":null,"Value":19.57410570045},{"Length":6.342563,"Height":3.080889,"Demand":1.0,"DemandMax":null,"Value":19.540732578507},{"Length":2.399973,"Height":8.098928,"Demand":1.0,"DemandMax":null,"Value":19.437208528944},{"Length":7.862193,"Height":2.466588,"Demand":1.0,"DemandMax":null,"Value":19.392790907484},{"Length":6.462296,"Height":2.999707,"Demand":1.0,"DemandMax":null,"Value":19.384994547272},{"Length":2.399973,"Height":8.073845,"Demand":1.0,"DemandMax":null,"Value":19.377010006185003},{"Length":7.862193,"Height":2.458473,"Demand":1.0,"DemandMax":null,"Value":19.328989211289002},{"Length":4.952009,"Height":3.763132,"Demand":1.0,"DemandMax":null,"Value":18.635063532188003},{"Length":1.099534,"Height":16.63721,"Demand":1.0,"DemandMax":null,"Value":18.29317806014},{"Length":3.207045,"Height":5.697151,"Demand":1.0,"DemandMax":null,"Value":18.271019628795},{"Length":1.773117,"Height":10.23451,"Demand":1.0,"DemandMax":null,"Value":18.14698366767},{"Length":3.035368,"Height":5.697151,"Demand":1.0,"DemandMax":null,"Value":17.292949836568},{"Length":1.565177,"Height":11.0202,"Demand":1.0,"DemandMax":null,"Value":17.248563575400002},{"Length":4.225745,"Height":4.032386,"Demand":1.0,"DemandMax":null,"Value":17.03983497757},{"Length":4.486036,"Height":3.767157,"Demand":1.0,"DemandMax":null,"Value":16.899601919652003},{"Length":0.4886211,"Height":34.48439,"Demand":1.0,"DemandMax":null,"Value":16.849800574628997},{"Length":28.3823,"Height":0.5842747,"Demand":1.0,"DemandMax":null,"Value":16.58305981781},{"Length":10.75283,"Height":1.52259,"Demand":1.0,"DemandMax":null,"Value":16.3721514297},{"Length":0.8709393,"Height":17.95754,"Demand":1.0,"DemandMax":null,"Value":15.639927317322002},{"Length":4.856727,"Height":3.214617,"Demand":1.0,"DemandMax":null,"Value":15.612517178559001},{"Length":10.45821,"Height":1.492474,"Demand":1.0,"DemandMax":null,"Value":15.60860651154},{"Length":5.131413,"Height":3.014247,"Demand":1.0,"DemandMax":null,"Value":15.467346241011},{"Length":1.470973,"Height":10.47389,"Demand":1.0,"DemandMax":null,"Value":15.406809394970003},{"Length":4.31716,"Height":3.55282,"Demand":1.0,"DemandMax":null,"Value":15.338092391200002},{"Length":6.548062,"Height":2.320378,"Demand":1.0,"DemandMax":null,"Value":15.193979007435999},{"Length":2.65181,"Height":5.697151,"Demand":1.0,"DemandMax":null,"Value":15.107761993309998},{"Length":1.393625,"Height":10.83639,"Demand":1.0,"DemandMax":null,"Value":15.10186401375},{"Length":2.197695,"Height":6.755996,"Demand":1.0,"DemandMax":null,"Value":14.84761862922},{"Length":6.386794,"Height":2.320378,"Demand":1.0,"DemandMax":null,"Value":14.819776288132},{"Length":16.41419,"Height":0.9009421,"Demand":1.0,"DemandMax":null,"Value":14.788234808399},{"Length":0.4212403,"Height":34.48439,"Demand":1.0,"DemandMax":null,"Value":14.526214788916999},{"Length":3.034365,"Height":4.776706,"Demand":1.0,"DemandMax":null,"Value":14.49426950169},{"Length":13.2473,"Height":1.081411,"Demand":1.0,"DemandMax":null,"Value":14.325775940299998},{"Length":4.730724,"Height":3.014247,"Demand":1.0,"DemandMax":null,"Value":14.259570624828001},{"Length":0.4081803,"Height":34.48439,"Demand":1.0,"DemandMax":null,"Value":14.075848655517},{"Length":0.4037465,"Height":34.48439,"Demand":1.0,"DemandMax":null,"Value":13.922951767134999},{"Length":1.303692,"Height":10.47389,"Demand":1.0,"DemandMax":null,"Value":13.654726601880002},{"Length":0.3933863,"Height":34.48439,"Demand":1.0,"DemandMax":null,"Value":13.565686589857},{"Length":0.592445,"Height":22.82781,"Demand":1.0,"DemandMax":null,"Value":13.52422189545},{"Length":15.52835,"Height":0.8405734,"Demand":1.0,"DemandMax":null,"Value":13.05271795589},{"Length":0.8478553,"Height":15.09513,"Demand":1.0,"DemandMax":null,"Value":12.798485974689},{"Length":0.959641,"Height":13.27845,"Demand":1.0,"DemandMax":null,"Value":12.742545036449998},{"Length":8.401127,"Height":1.497637,"Demand":1.0,"DemandMax":null,"Value":12.581838636899002},{"Length":7.880536,"Height":1.592199,"Demand":1.0,"DemandMax":null,"Value":12.547381538664},{"Length":0.3600861,"Height":34.48439,"Demand":1.0,"DemandMax":null,"Value":12.417349505979},{"Length":0.7067125,"Height":17.37299,"Demand":1.0,"DemandMax":null,"Value":12.277709195375001},{"Length":0.9245312,"Height":13.27845,"Demand":1.0,"DemandMax":null,"Value":12.27634131264},{"Length":3.507813,"Height":3.476027,"Demand":1.0,"DemandMax":null,"Value":12.193252698951001},{"Length":1.499558,"Height":8.029333,"Demand":1.0,"DemandMax":null,"Value":12.040450534814},{"Length":0.348564,"Height":34.48439,"Demand":1.0,"DemandMax":null,"Value":12.02001691596},{"Length":3.507813,"Height":3.416718,"Demand":1.0,"DemandMax":null,"Value":11.985207817734},{"Length":3.934855,"Height":3.00319,"Demand":1.0,"DemandMax":null,"Value":11.81711718745},{"Length":2.279764,"Height":5.158897,"Demand":1.0,"DemandMax":null,"Value":11.761067660307999},{"Length":16.41419,"Height":0.7143281,"Demand":1.0,"DemandMax":null,"Value":11.725117155739001},{"Length":0.7367927,"Height":15.88831,"Demand":1.0,"DemandMax":null,"Value":11.706390823337},{"Length":2.014664,"Height":5.697151,"Demand":1.0,"DemandMax":null,"Value":11.477845022263999},{"Length":2.206272,"Height":5.158897,"Demand":1.0,"DemandMax":null,"Value":11.381930001983998},{"Length":0.4826407,"Height":22.82781,"Demand":1.0,"DemandMax":null,"Value":11.017630197867},{"Length":3.519574,"Height":3.080889,"Demand":1.0,"DemandMax":null,"Value":10.843416821286},{"Length":7.218398,"Height":1.492474,"Demand":1.0,"DemandMax":null,"Value":10.773271336652},{"Length":16.41419,"Height":0.6497352,"Demand":1.0,"DemandMax":null,"Value":10.664877022488},{"Length":7.535285,"Height":1.413503,"Demand":1.0,"DemandMax":null,"Value":10.651147953355},{"Length":0.4661402,"Height":22.82781,"Demand":1.0,"DemandMax":null,"Value":10.640959918962},{"Length":1.859244,"Height":5.697151,"Demand":1.0,"DemandMax":null,"Value":10.592393813844},{"Length":13.2473,"Height":0.7898582,"Demand":1.0,"DemandMax":null,"Value":10.46348853286},{"Length":2.588254,"Height":4.032386,"Demand":1.0,"DemandMax":null,"Value":10.436839194044},{"Length":3.215046,"Height":3.214617,"Demand":1.0,"DemandMax":null,"Value":10.335141527382},{"Length":7.535285,"Height":1.366338,"Demand":1.0,"DemandMax":null,"Value":10.29574623633}]}