{"Name":"Nice29_100","Objects":[{"Length":100.0,"Height":100.0,"Stock":null,"Cost":10000.0}],"Items":[{"Length":16.55109,"Height":19.17889,"Demand":1.0,"DemandMax":null,"Value":317.4315344901},{"Length":11.50347,"Height":26.25586,"Demand":1.0,"DemandMax":null,"Value":302.0334978342},{"Length":15.94954,"Height":18.11057,"Demand":1.0,"DemandMax":null,"Value":288.8552606378},{"Length":17.0906,"Height":12.64587,"Demand":1.0,"DemandMax":null,"Value":216.12550582199998},{"Length":11.93171,"Height":17.46435,"Demand":1.0,"DemandMax":null,"Value":208.37955953850002},{"Length":13.29344,"Height":15.29541,"Demand":1.0,"DemandMax":null,"Value":203.32861511040002},{"Length":11.82173,"Height":16.51609,"Demand":1.0,"DemandMax":null,"Value":195.24875663569998},{"Length":14.15766,"Height":12.67541,"Demand":1.0,"DemandMax":null,"Value":179.4541451406},{"Length":12.61968,"Height":12.57938,"Demand":1.0,"DemandMax":null,"Value":158.7477501984},{"Length":15.29068,"Height":10.20657,"Demand":1.0,"DemandMax":null,"Value":156.0653957676},{"Length":15.75171,"Height":9.822901,"Demand":1.0,"DemandMax":null,"Value":154.72748791070998},{"Length":9.186668,"Height":16.54481,"Demand":1.0,"DemandMax":null,"Value":151.99167659307997},{"Length":17.51368,"Height":8.654839,"Demand":1.0,"DemandMax":null,"Value":151.57808069752002},{"Length":8.596193,"Height":17.57183,"Demand":1.0,"DemandMax":null,"Value":151.05084204319},{"Length":12.2663,"Height":11.34721,"Demand":1.0,"DemandMax":null,"Value":139.188282023},{"Length":11.03431,"Height":12.44704,"Demand":1.0,"DemandMax":null,"Value":137.34449794239998},{"Length":11.06245,"Height":12.14555,"Demand":1.0,"DemandMax":null,"Value":134.3595395975},{"Length":15.29068,"Height":8.722248,"Demand":1.0,"DemandMax":null,"Value":133.36910304864},{"Length":14.96067,"Height":8.769779,"Demand":1.0,"DemandMax":null,"Value":131.20176959193},{"Length":15.94954,"Height":8.145295,"Demand":1.0,"DemandMax":null,"Value":129.91370841430003},{"Length":19.31102,"Height":6.634886,"Demand":1.0,"DemandMax":null,"Value":128.12641624372},{"Length":8.596193,"Height":14.78137,"Demand":1.0,"DemandMax":null,"Value":127.06350932441},{"Length":9.521259,"Height":13.2038,"Demand":1.0,"DemandMax":null,"Value":125.7167995842},{"Length":13.77244,"Height":9.07193,"Demand":1.0,"DemandMax":null,"Value":124.9426116092},{"Length":7.489291,"Height":16.51609,"Demand":1.0,"DemandMax":null,"Value":123.69380419218999},{"Length":10.00412,"Height":12.14555,"Demand":1.0,"DemandMax":null,"Value":121.505539666},{"Length":6.850111,"Height":17.49549,"Demand":1.0,"DemandMax":null,"Value":119.84604849939001},{"Length":14.20412,"Height":8.395851,"Demand":1.0,"DemandMax":null,"Value":119.25567510612001},{"Length":10.81675,"Height":10.78179,"Demand":1.0,"DemandMax":null,"Value":116.62392698250002},{"Length":9.21813,"Height":12.64587,"Demand":1.0,"DemandMax":null,"Value":116.57127362310001},{"Length":7.820539,"Height":13.58045,"Demand":1.0,"DemandMax":null,"Value":106.20643886255},{"Length":7.992422,"Height":13.2038,"Demand":1.0,"DemandMax":null,"Value":105.5303416036},{"Length":11.03431,"Height":9.350563,"Demand":1.0,"DemandMax":null,"Value":103.17701081652999},{"Length":12.10461,"Height":8.395851,"Demand":1.0,"DemandMax":null,"Value":101.62850197311},{"Length":11.05199,"Height":9.132236,"Demand":1.0,"DemandMax":null,"Value":100.92938094964},{"Length":6.974385,"Height":14.4265,"Demand":1.0,"DemandMax":null,"Value":100.6159652025},{"Length":12.21687,"Height":8.133257,"Demand":1.0,"DemandMax":null,"Value":99.36294344559},{"Length":11.28054,"Height":8.765941,"Demand":1.0,"DemandMax":null,"Value":98.88454808814},{"Length":5.603261,"Height":17.46435,"Demand":1.0,"DemandMax":null,"Value":97.85731124534999},{"Length":5.565574,"Height":17.46435,"Demand":1.0,"DemandMax":null,"Value":97.1991322869},{"Length":19.31102,"Height":5.030776,"Demand":1.0,"DemandMax":null,"Value":97.14941595152},{"Length":13.29344,"Height":7.268255,"Demand":1.0,"DemandMax":null,"Value":96.6201117472},{"Length":7.986287,"Height":11.59631,"Demand":1.0,"DemandMax":null,"Value":92.61145980097001},{"Length":7.347885,"Height":12.57938,"Demand":1.0,"DemandMax":null,"Value":92.4318376113},{"Length":18.88469,"Height":4.879135,"Demand":1.0,"DemandMax":null,"Value":92.140951943149986},{"Length":6.974385,"Height":13.16265,"Demand":1.0,"DemandMax":null,"Value":91.801388720249989},{"Length":10.01458,"Height":9.132236,"Demand":1.0,"DemandMax":null,"Value":91.455508000880016},{"Length":13.29344,"Height":6.819094,"Demand":1.0,"DemandMax":null,"Value":90.64921694336},{"Length":8.992661,"Height":10.07844,"Demand":1.0,"DemandMax":null,"Value":90.631994328840008},{"Length":9.186668,"Height":9.711049,"Demand":1.0,"DemandMax":null,"Value":89.212183094731984},{"Length":6.33712,"Height":13.58045,"Demand":1.0,"DemandMax":null,"Value":86.060941304},{"Length":9.786032,"Height":8.765941,"Demand":1.0,"DemandMax":null,"Value":85.783779136112},{"Length":11.95981,"Height":7.076972,"Demand":1.0,"DemandMax":null,"Value":84.63924049532},{"Length":5.879981,"Height":14.31765,"Demand":1.0,"DemandMax":null,"Value":84.18750996465},{"Length":12.21687,"Height":6.784323,"Demand":1.0,"DemandMax":null,"Value":82.88319212901},{"Length":8.992661,"Height":9.100454,"Demand":1.0,"DemandMax":null,"Value":81.83729776809399},{"Length":4.591928,"Height":17.49549,"Demand":1.0,"DemandMax":null,"Value":80.33803040472},{"Length":5.142371,"Height":15.51866,"Demand":1.0,"DemandMax":null,"Value":79.80270714286},{"Length":5.101927,"Height":15.51866,"Demand":1.0,"DemandMax":null,"Value":79.17507045782},{"Length":7.435682,"Height":10.60225,"Demand":1.0,"DemandMax":null,"Value":78.83495948449999},{"Length":5.055,"Height":15.51866,"Demand":1.0,"DemandMax":null,"Value":78.4468263},{"Length":10.09731,"Height":7.700241,"Demand":1.0,"DemandMax":null,"Value":77.75172045171},{"Length":7.435682,"Height":10.36955,"Demand":1.0,"DemandMax":null,"Value":77.1046762831},{"Length":11.62058,"Height":6.601835,"Demand":1.0,"DemandMax":null,"Value":76.717151764300013},{"Length":6.336754,"Height":12.02452,"Demand":1.0,"DemandMax":null,"Value":76.19642520808},{"Length":7.986287,"Height":9.063014,"Demand":1.0,"DemandMax":null,"Value":72.37983088901801},{"Length":6.696927,"Height":10.78179,"Demand":1.0,"DemandMax":null,"Value":72.20486055933},{"Length":9.416561,"Height":7.641453,"Demand":1.0,"DemandMax":null,"Value":71.956208303133},{"Length":12.21687,"Height":5.866433,"Demand":1.0,"DemandMax":null,"Value":71.66944932471},{"Length":8.787387,"Height":7.700241,"Demand":1.0,"DemandMax":null,"Value":67.664997660267},{"Length":5.619942,"Height":11.94312,"Demand":1.0,"DemandMax":null,"Value":67.11964169904},{"Length":12.21687,"Height":5.471848,"Demand":1.0,"DemandMax":null,"Value":66.848855675759992},{"Length":7.296343,"Height":9.002012,"Demand":1.0,"DemandMax":null,"Value":65.68176724211601},{"Length":5.414365,"Height":11.94312,"Demand":1.0,"DemandMax":null,"Value":64.6644109188},{"Length":4.011722,"Height":15.51866,"Demand":1.0,"DemandMax":null,"Value":62.25654973252},{"Length":11.03431,"Height":5.461406,"Demand":1.0,"DemandMax":null,"Value":60.26284683986},{"Length":8.082983,"Height":7.341482,"Demand":1.0,"DemandMax":null,"Value":59.341074200806005},{"Length":8.515717,"Height":6.903944,"Demand":1.0,"DemandMax":null,"Value":58.792033287848007},{"Length":12.62919,"Height":4.573626,"Demand":1.0,"DemandMax":null,"Value":57.76119174294},{"Length":6.383201,"Height":9.002012,"Demand":1.0,"DemandMax":null,"Value":57.461652000412},{"Length":6.336754,"Height":8.947276,"Demand":1.0,"DemandMax":null,"Value":56.696686982104005},{"Length":12.62919,"Height":4.428387,"Demand":1.0,"DemandMax":null,"Value":55.92694081653},{"Length":7.413463,"Height":7.498926,"Demand":1.0,"DemandMax":null,"Value":55.593010440738},{"Length":7.986287,"Height":6.929825,"Demand":1.0,"DemandMax":null,"Value":55.343571309775},{"Length":11.62058,"Height":4.745372,"Demand":1.0,"DemandMax":null,"Value":55.14397495576},{"Length":11.44204,"Height":4.791476,"Demand":1.0,"DemandMax":null,"Value":54.824260051040007},{"Length":8.184969,"Height":6.520441,"Demand":1.0,"DemandMax":null,"Value":53.369607451329},{"Length":7.413463,"Height":6.818721,"Demand":1.0,"DemandMax":null,"Value":50.550335840823},{"Length":6.877689,"Height":7.341482,"Demand":1.0,"DemandMax":null,"Value":50.492429995098},{"Length":8.904031,"Height":5.612955,"Demand":1.0,"DemandMax":null,"Value":49.977925321605},{"Length":11.03431,"Height":4.498286,"Demand":1.0,"DemandMax":null,"Value":49.63548219266},{"Length":13.58394,"Height":3.635629,"Demand":1.0,"DemandMax":null,"Value":49.386166198260007},{"Length":8.997457,"Height":5.447021,"Demand":1.0,"DemandMax":null,"Value":49.009337225597008},{"Length":6.335148,"Height":7.641453,"Demand":1.0,"DemandMax":null,"Value":48.409735690044},{"Length":8.609651,"Height":5.612955,"Demand":1.0,"DemandMax":null,"Value":48.325583628705},{"Length":6.774968,"Height":6.903944,"Demand":1.0,"DemandMax":null,"Value":46.773999673792005},{"Length":13.58394,"Height":3.441343,"Demand":1.0,"DemandMax":null,"Value":46.74699683142},{"Length":8.516225,"Height":5.447021,"Demand":1.0,"DemandMax":null,"Value":46.388056415725},{"Length":7.105715,"Height":6.520441,"Demand":1.0,"DemandMax":null,"Value":46.332395420315},{"Length":11.44204,"Height":3.968899,"Demand":1.0,"DemandMax":null,"Value":45.41230111396}]}