{"Name":"Path3_200","Objects":[{"Length":100.0,"Height":100.0,"Stock":null,"Cost":10000.0}],"Items":[{"Length":21.50483,"Height":31.34348,"Demand":1.0,"DemandMax":null,"Value":674.0362090084},{"Length":33.41239,"Height":18.70419,"Demand":1.0,"DemandMax":null,"Value":624.9516909141},{"Length":33.41239,"Height":18.42204,"Demand":1.0,"DemandMax":null,"Value":615.5243850756},{"Length":91.42475,"Height":5.916935,"Demand":1.0,"DemandMax":null,"Value":540.95430314125},{"Length":13.48732,"Height":37.81916,"Demand":1.0,"DemandMax":null,"Value":510.07911305119995},{"Length":33.41239,"Height":10.4012,"Demand":1.0,"DemandMax":null,"Value":347.528950868},{"Length":5.622171,"Height":44.19955,"Demand":1.0,"DemandMax":null,"Value":248.49742822305},{"Length":23.22156,"Height":10.27522,"Demand":1.0,"DemandMax":null,"Value":238.60663774319997},{"Length":14.5019,"Height":16.18395,"Demand":1.0,"DemandMax":null,"Value":234.69802450499998},{"Length":6.375349,"Height":34.5369,"Demand":1.0,"DemandMax":null,"Value":220.18479087810002},{"Length":16.84832,"Height":10.69789,"Demand":1.0,"DemandMax":null,"Value":180.2414740448},{"Length":12.48124,"Height":13.63324,"Demand":1.0,"DemandMax":null,"Value":170.1597404176},{"Length":17.35206,"Height":8.392146,"Demand":1.0,"DemandMax":null,"Value":145.62102092076003},{"Length":3.65882,"Height":35.72581,"Demand":1.0,"DemandMax":null,"Value":130.7143081442},{"Length":41.27234,"Height":3.061721,"Demand":1.0,"DemandMax":null,"Value":126.36439009714},{"Length":4.993147,"Height":24.65198,"Demand":1.0,"DemandMax":null,"Value":123.09095998105998},{"Length":3.198551,"Height":35.72581,"Demand":1.0,"DemandMax":null,"Value":114.27082530131001},{"Length":9.330377,"Height":9.925706,"Demand":1.0,"DemandMax":null,"Value":92.610578971162},{"Length":5.667687,"Height":16.18395,"Demand":1.0,"DemandMax":null,"Value":91.72556302365},{"Length":7.900615,"Height":10.84531,"Demand":1.0,"DemandMax":null,"Value":85.68461886565},{"Length":7.800607,"Height":10.69789,"Demand":1.0,"DemandMax":null,"Value":83.45003561923},{"Length":23.79973,"Height":3.327872,"Demand":1.0,"DemandMax":null,"Value":79.20245507456},{"Length":26.76713,"Height":2.832188,"Demand":1.0,"DemandMax":null,"Value":75.80954438044},{"Length":9.284649,"Height":7.728467,"Demand":1.0,"DemandMax":null,"Value":71.756103403083},{"Length":3.591367,"Height":18.67385,"Demand":1.0,"DemandMax":null,"Value":67.064648652950012},{"Length":45.63202,"Height":1.331559,"Demand":1.0,"DemandMax":null,"Value":60.761726919179992},{"Length":8.201567,"Height":6.916731,"Demand":1.0,"DemandMax":null,"Value":56.728032717477006},{"Length":3.279047,"Height":16.9415,"Demand":1.0,"DemandMax":null,"Value":55.5519747505},{"Length":1.466537,"Height":35.72581,"Demand":1.0,"DemandMax":null,"Value":52.393222219970006},{"Length":5.819947,"Height":8.605205,"Demand":1.0,"DemandMax":null,"Value":50.081837024135},{"Length":41.27234,"Height":1.19248,"Demand":1.0,"DemandMax":null,"Value":49.2164400032},{"Length":15.38052,"Height":3.147152,"Demand":1.0,"DemandMax":null,"Value":48.40483427904},{"Length":5.395403,"Height":8.905634,"Demand":1.0,"DemandMax":null,"Value":48.049484400501996},{"Length":31.07244,"Height":1.510728,"Demand":1.0,"DemandMax":null,"Value":46.942005136320006},{"Length":38.84843,"Height":1.205831,"Demand":1.0,"DemandMax":null,"Value":46.844641195330006},{"Length":22.68425,"Height":2.01646,"Demand":1.0,"DemandMax":null,"Value":45.741882755},{"Length":32.57882,"Height":1.383416,"Demand":1.0,"DemandMax":null,"Value":45.07006084912},{"Length":9.330377,"Height":4.286867,"Demand":1.0,"DemandMax":null,"Value":39.998085258859},{"Length":24.6316,"Height":1.612361,"Demand":1.0,"DemandMax":null,"Value":39.7150312076},{"Length":2.080693,"Height":18.72838,"Demand":1.0,"DemandMax":null,"Value":38.968009167340007},{"Length":2.034631,"Height":18.67385,"Demand":1.0,"DemandMax":null,"Value":37.994394099350004},{"Length":44.79187,"Height":0.8252154,"Demand":1.0,"DemandMax":null,"Value":36.962940918798004},{"Length":7.566041,"Height":4.746171,"Demand":1.0,"DemandMax":null,"Value":35.909724379011},{"Length":28.16232,"Height":1.270248,"Demand":1.0,"DemandMax":null,"Value":35.77313065536},{"Length":17.61155,"Height":2.01646,"Demand":1.0,"DemandMax":null,"Value":35.512986113000004},{"Length":2.080693,"Height":16.99743,"Demand":1.0,"DemandMax":null,"Value":35.366433618990008},{"Length":44.79187,"Height":0.7871457,"Demand":1.0,"DemandMax":null,"Value":35.257727865459},{"Length":1.372995,"Height":24.32818,"Demand":1.0,"DemandMax":null,"Value":33.4024694991},{"Length":5.628295,"Height":5.916935,"Demand":1.0,"DemandMax":null,"Value":33.302255675824995},{"Length":17.35206,"Height":1.883075,"Demand":1.0,"DemandMax":null,"Value":32.675230384500004},{"Length":41.27234,"Height":0.786413,"Demand":1.0,"DemandMax":null,"Value":32.45710471642},{"Length":24.24023,"Height":1.331559,"Demand":1.0,"DemandMax":null,"Value":32.277296418569996},{"Length":24.96062,"Height":1.281122,"Demand":1.0,"DemandMax":null,"Value":31.97759941564},{"Length":10.75747,"Height":2.935342,"Demand":1.0,"DemandMax":null,"Value":31.576853504739997},{"Length":3.119751,"Height":10.02861,"Demand":1.0,"DemandMax":null,"Value":31.286766076110002},{"Length":8.632359,"Height":3.527363,"Demand":1.0,"DemandMax":null,"Value":30.449463739316997},{"Length":5.500957,"Height":5.53093,"Demand":1.0,"DemandMax":null,"Value":30.425408100009996},{"Length":6.604647,"Height":4.53993,"Demand":1.0,"DemandMax":null,"Value":29.98463505471},{"Length":2.255345,"Height":13.21885,"Demand":1.0,"DemandMax":null,"Value":29.81306725325},{"Length":22.96272,"Height":1.281122,"Demand":1.0,"DemandMax":null,"Value":29.418045771840003},{"Length":21.10942,"Height":1.391297,"Demand":1.0,"DemandMax":null,"Value":29.36947271774},{"Length":5.27898,"Height":5.532824,"Demand":1.0,"DemandMax":null,"Value":29.20766723952},{"Length":12.00595,"Height":2.426141,"Demand":1.0,"DemandMax":null,"Value":29.12812753895},{"Length":1.714101,"Height":16.9415,"Demand":1.0,"DemandMax":null,"Value":29.039442091500003},{"Length":20.75981,"Height":1.391297,"Demand":1.0,"DemandMax":null,"Value":28.88306137357},{"Length":5.395403,"Height":5.306939,"Demand":1.0,"DemandMax":null,"Value":28.633074601417},{"Length":4.14217,"Height":6.853849,"Demand":1.0,"DemandMax":null,"Value":28.38980771233},{"Length":8.266024,"Height":3.420307,"Demand":1.0,"DemandMax":null,"Value":28.272339749368},{"Length":35.49519,"Height":0.7955838,"Demand":1.0,"DemandMax":null,"Value":28.239398141922},{"Length":23.41389,"Height":1.205831,"Demand":1.0,"DemandMax":null,"Value":28.23319439259},{"Length":4.14217,"Height":6.779387,"Demand":1.0,"DemandMax":null,"Value":28.08137344979},{"Length":4.366224,"Height":6.380394,"Demand":1.0,"DemandMax":null,"Value":27.858229412255998},{"Length":2.827196,"Height":9.850429,"Demand":1.0,"DemandMax":null,"Value":27.849093467084},{"Length":17.2221,"Height":1.612361,"Demand":1.0,"DemandMax":null,"Value":27.768242378100002},{"Length":16.10045,"Height":1.700162,"Demand":1.0,"DemandMax":null,"Value":27.373373272899997},{"Length":4.649227,"Height":5.887403,"Demand":1.0,"DemandMax":null,"Value":27.371872987480998},{"Length":1.372995,"Height":19.87138,"Demand":1.0,"DemandMax":null,"Value":27.283305383099997},{"Length":1.45222,"Height":18.67385,"Demand":1.0,"DemandMax":null,"Value":27.118538447000002},{"Length":4.993147,"Height":5.420374,"Demand":1.0,"DemandMax":null,"Value":27.064724176977997},{"Length":11.24158,"Height":2.405286,"Demand":1.0,"DemandMax":null,"Value":27.03921499188},{"Length":3.119751,"Height":8.645246,"Demand":1.0,"DemandMax":null,"Value":26.971014853746},{"Length":4.988654,"Height":5.347467,"Demand":1.0,"DemandMax":null,"Value":26.676662639418},{"Length":7.900615,"Height":3.367261,"Demand":1.0,"DemandMax":null,"Value":26.603432765515002},{"Length":2.124876,"Height":12.50418,"Demand":1.0,"DemandMax":null,"Value":26.56983198168},{"Length":21.96652,"Height":1.204224,"Demand":1.0,"DemandMax":null,"Value":26.45261058048},{"Length":18.00518,"Height":1.458628,"Demand":1.0,"DemandMax":null,"Value":26.26285969304},{"Length":4.993147,"Height":5.250344,"Demand":1.0,"DemandMax":null,"Value":26.215739392567997},{"Length":5.500957,"Height":4.744292,"Demand":1.0,"DemandMax":null,"Value":26.098146287443996},{"Length":2.950547,"Height":8.625973,"Demand":1.0,"DemandMax":null,"Value":25.451338757231},{"Length":1.577903,"Height":15.9051,"Demand":1.0,"DemandMax":null,"Value":25.0967050053},{"Length":13.99549,"Height":1.763736,"Demand":1.0,"DemandMax":null,"Value":24.68434955064},{"Length":8.362274,"Height":2.935342,"Demand":1.0,"DemandMax":null,"Value":24.546134087707998},{"Length":7.764589,"Height":3.147152,"Demand":1.0,"DemandMax":null,"Value":24.436341800528},{"Length":2.364533,"Height":10.27522,"Demand":1.0,"DemandMax":null,"Value":24.29609677226},{"Length":19.7325,"Height":1.222388,"Demand":1.0,"DemandMax":null,"Value":24.12077121},{"Length":3.474733,"Height":6.916731,"Demand":1.0,"DemandMax":null,"Value":24.033793457823002},{"Length":19.7325,"Height":1.216215,"Demand":1.0,"DemandMax":null,"Value":23.998962487500002},{"Length":5.27898,"Height":4.535822,"Demand":1.0,"DemandMax":null,"Value":23.944513621559995},{"Length":9.907472,"Height":2.405286,"Demand":1.0,"DemandMax":null,"Value":23.830303696991997},{"Length":6.345775,"Height":3.742687,"Demand":1.0,"DemandMax":null,"Value":23.750249597425},{"Length":9.253447,"Height":2.546755,"Demand":1.0,"DemandMax":null,"Value":23.566262414485},{"Length":2.827196,"Height":8.297801,"Demand":1.0,"DemandMax":null,"Value":23.459509795996},{"Length":36.2763,"Height":0.6387074,"Demand":1.0,"DemandMax":null,"Value":23.16994125462},{"Length":3.92613,"Height":5.833664,"Demand":1.0,"DemandMax":null,"Value":22.903723240319998},{"Length":7.898472,"Height":2.853031,"Demand":1.0,"DemandMax":null,"Value":22.534585468632},{"Length":16.73301,"Height":1.331559,"Demand":1.0,"DemandMax":null,"Value":22.28099006259},{"Length":27.82507,"Height":0.7909426,"Demand":1.0,"DemandMax":null,"Value":22.008033210982003},{"Length":5.529621,"Height":3.94086,"Demand":1.0,"DemandMax":null,"Value":21.791462214059997},{"Length":10.4046,"Height":2.093354,"Demand":1.0,"DemandMax":null,"Value":21.780511028400003},{"Length":1.335247,"Height":16.18395,"Demand":1.0,"DemandMax":null,"Value":21.60957068565},{"Length":13.35443,"Height":1.612361,"Demand":1.0,"DemandMax":null,"Value":21.53216210923},{"Length":14.3414,"Height":1.490868,"Demand":1.0,"DemandMax":null,"Value":21.381134335200002},{"Length":15.36156,"Height":1.391297,"Demand":1.0,"DemandMax":null,"Value":21.37249234332},{"Length":33.09801,"Height":0.6391593,"Demand":1.0,"DemandMax":null,"Value":21.154900902993003},{"Length":4.439913,"Height":4.746171,"Demand":1.0,"DemandMax":null,"Value":21.072586323123},{"Length":6.148605,"Height":3.420307,"Demand":1.0,"DemandMax":null,"Value":21.030116721735002},{"Length":6.375349,"Height":3.282257,"Demand":1.0,"DemandMax":null,"Value":20.925533882693},{"Length":13.79683,"Height":1.510728,"Demand":1.0,"DemandMax":null,"Value":20.84325739224},{"Length":13.82092,"Height":1.490868,"Demand":1.0,"DemandMax":null,"Value":20.60516735856},{"Length":6.538395,"Height":3.147152,"Demand":1.0,"DemandMax":null,"Value":20.577322901040002},{"Length":12.06188,"Height":1.700162,"Demand":1.0,"DemandMax":null,"Value":20.50715002456},{"Length":4.649227,"Height":4.387819,"Demand":1.0,"DemandMax":null,"Value":20.399966565913},{"Length":13.42455,"Height":1.510728,"Demand":1.0,"DemandMax":null,"Value":20.280843572400002},{"Length":2.585383,"Height":7.801283,"Demand":1.0,"DemandMax":null,"Value":20.169304446389003},{"Length":1.249292,"Height":15.9051,"Demand":1.0,"DemandMax":null,"Value":19.8701141892},{"Length":3.065069,"Height":6.380394,"Demand":1.0,"DemandMax":null,"Value":19.556347857185997},{"Length":35.49519,"Height":0.5469534,"Demand":1.0,"DemandMax":null,"Value":19.414214854146003},{"Length":5.809839,"Height":3.327872,"Demand":1.0,"DemandMax":null,"Value":19.334400532608},{"Length":2.827196,"Height":6.834399,"Demand":1.0,"DemandMax":null,"Value":19.322185515204},{"Length":5.868113,"Height":3.28859,"Demand":1.0,"DemandMax":null,"Value":19.29781773067},{"Length":35.49519,"Height":0.5373219,"Demand":1.0,"DemandMax":null,"Value":19.072342931661},{"Length":5.778638,"Height":3.28859,"Demand":1.0,"DemandMax":null,"Value":19.00357114042},{"Length":2.737803,"Height":6.817019,"Demand":1.0,"DemandMax":null,"Value":18.663655069257},{"Length":29.16431,"Height":0.6391593,"Demand":1.0,"DemandMax":null,"Value":18.640639964583},{"Length":7.739492,"Height":2.405286,"Demand":1.0,"DemandMax":null,"Value":18.615691754712},{"Length":7.652871,"Height":2.419959,"Demand":1.0,"DemandMax":null,"Value":18.519634052289},{"Length":14.33898,"Height":1.281122,"Demand":1.0,"DemandMax":null,"Value":18.36998273556},{"Length":0.968501,"Height":18.82052,"Demand":1.0,"DemandMax":null,"Value":18.22769244052},{"Length":2.868271,"Height":6.338398,"Demand":1.0,"DemandMax":null,"Value":18.180243169858},{"Length":11.9281,"Height":1.510728,"Demand":1.0,"DemandMax":null,"Value":18.0201146568},{"Length":5.10142,"Height":3.527363,"Demand":1.0,"DemandMax":null,"Value":17.99456015546},{"Length":21.96652,"Height":0.8122364,"Demand":1.0,"DemandMax":null,"Value":17.842007125328},{"Length":1.858695,"Height":9.594989,"Demand":1.0,"DemandMax":null,"Value":17.834158079355},{"Length":5.069728,"Height":3.496423,"Demand":1.0,"DemandMax":null,"Value":17.725913582944},{"Length":2.868271,"Height":6.165779,"Demand":1.0,"DemandMax":null,"Value":17.685125098108998},{"Length":2.827196,"Height":6.24541,"Demand":1.0,"DemandMax":null,"Value":17.656998170359998},{"Length":18.00518,"Height":0.9799748,"Demand":1.0,"DemandMax":null,"Value":17.644622669464},{"Length":2.756421,"Height":6.380394,"Demand":1.0,"DemandMax":null,"Value":17.587052009874},{"Length":12.00595,"Height":1.46221,"Demand":1.0,"DemandMax":null,"Value":17.555220149500002},{"Length":2.864196,"Height":6.127786,"Demand":1.0,"DemandMax":null,"Value":17.551180150056002},{"Length":2.737803,"Height":6.401834,"Demand":1.0,"DemandMax":null,"Value":17.526960330702},{"Length":2.946953,"Height":5.916935,"Demand":1.0,"DemandMax":null,"Value":17.436929349055},{"Length":11.64675,"Height":1.485282,"Demand":1.0,"DemandMax":null,"Value":17.2987081335},{"Length":11.37481,"Height":1.510728,"Demand":1.0,"DemandMax":null,"Value":17.18424396168},{"Length":1.858695,"Height":9.22553,"Demand":1.0,"DemandMax":null,"Value":17.14744648335},{"Length":11.64675,"Height":1.462649,"Demand":1.0,"DemandMax":null,"Value":17.03510724075},{"Length":35.49519,"Height":0.4766006,"Demand":1.0,"DemandMax":null,"Value":16.917028851114},{"Length":35.49519,"Height":0.4757282,"Demand":1.0,"DemandMax":null,"Value":16.886062847358},{"Length":27.82507,"Height":0.6003549,"Demand":1.0,"DemandMax":null,"Value":16.704917117343},{"Length":5.835307,"Height":2.853031,"Demand":1.0,"DemandMax":null,"Value":16.648311765517},{"Length":1.617404,"Height":10.27522,"Demand":1.0,"DemandMax":null,"Value":16.61918192888},{"Length":25.98602,"Height":0.6387074,"Demand":1.0,"DemandMax":null,"Value":16.597463270548},{"Length":2.585383,"Height":6.41129,"Demand":1.0,"DemandMax":null,"Value":16.575640174070003},{"Length":18.58333,"Height":0.8919016,"Demand":1.0,"DemandMax":null,"Value":16.574501760328},{"Length":2.827196,"Height":5.862518,"Demand":1.0,"DemandMax":null,"Value":16.574487439528},{"Length":2.838446,"Height":5.833664,"Demand":1.0,"DemandMax":null,"Value":16.558540246144},{"Length":2.950547,"Height":5.5866,"Demand":1.0,"DemandMax":null,"Value":16.483525870199998},{"Length":9.3449,"Height":1.76108,"Demand":1.0,"DemandMax":null,"Value":16.457116492},{"Length":6.604647,"Height":2.487294,"Demand":1.0,"DemandMax":null,"Value":16.427698855218},{"Length":2.814086,"Height":5.833664,"Demand":1.0,"DemandMax":null,"Value":16.416432191104},{"Length":2.665425,"Height":6.127786,"Demand":1.0,"DemandMax":null,"Value":16.33315399905},{"Length":4.988654,"Height":3.257737,"Demand":1.0,"DemandMax":null,"Value":16.251722715998003},{"Length":0.8695604,"Height":18.67385,"Demand":1.0,"DemandMax":null,"Value":16.23804047554},{"Length":0.8688698,"Height":18.67385,"Demand":1.0,"DemandMax":null,"Value":16.225144314730002},{"Length":9.3449,"Height":1.735343,"Demand":1.0,"DemandMax":null,"Value":16.216606800700003},{"Length":10.58293,"Height":1.510728,"Demand":1.0,"DemandMax":null,"Value":15.987928673039999},{"Length":5.142494,"Height":2.546755,"Demand":1.0,"DemandMax":null,"Value":13.096672306970001},{"Length":14.94414,"Height":0.8741059,"Demand":1.0,"DemandMax":null,"Value":13.062760944426001},{"Length":3.597968,"Height":3.247998,"Demand":1.0,"DemandMax":null,"Value":11.686192868064},{"Length":4.467371,"Height":2.546755,"Demand":1.0,"DemandMax":null,"Value":11.377299431105},{"Length":8.84913,"Height":1.204931,"Demand":1.0,"DemandMax":null,"Value":10.662591060030001},{"Length":8.84913,"Height":1.200355,"Demand":1.0,"DemandMax":null,"Value":10.622097441150002},{"Length":7.655394,"Height":1.331559,"Demand":1.0,"DemandMax":null,"Value":10.193608779246},{"Length":1.644033,"Height":6.171051,"Demand":1.0,"DemandMax":null,"Value":10.145411488683001},{"Length":12.00595,"Height":0.8372052,"Demand":1.0,"DemandMax":null,"Value":10.05144377094},{"Length":3.006679,"Height":3.247998,"Demand":1.0,"DemandMax":null,"Value":9.765687378642},{"Length":12.00595,"Height":0.8034953,"Demand":1.0,"DemandMax":null,"Value":9.6467243970350012},{"Length":9.578663,"Height":1.001071,"Demand":1.0,"DemandMax":null,"Value":9.5889217480730018},{"Length":10.73262,"Height":0.8718348,"Demand":1.0,"DemandMax":null,"Value":9.3570716111760017},{"Length":9.578663,"Height":0.8937312,"Demand":1.0,"DemandMax":null,"Value":8.5607499773856},{"Length":5.529181,"Height":1.540759,"Demand":1.0,"DemandMax":null,"Value":8.519135388379},{"Length":3.185871,"Height":2.637707,"Demand":1.0,"DemandMax":null,"Value":8.403394237797},{"Length":3.159903,"Height":2.637707,"Demand":1.0,"DemandMax":null,"Value":8.334898262421},{"Length":11.64675,"Height":0.6802105,"Demand":1.0,"DemandMax":null,"Value":7.9222416408750016},{"Length":14.94414,"Height":0.5171915,"Demand":1.0,"DemandMax":null,"Value":7.7289821828100012},{"Length":5.529181,"Height":1.394583,"Demand":1.0,"DemandMax":null,"Value":7.710901826523},{"Length":5.73935,"Height":1.331559,"Demand":1.0,"DemandMax":null,"Value":7.64228314665},{"Length":1.183162,"Height":6.171051,"Demand":1.0,"DemandMax":null,"Value":7.3013530432620009},{"Length":7.652871,"Height":0.9079135,"Demand":1.0,"DemandMax":null,"Value":6.9481448946585},{"Length":7.850717,"Height":0.8718348,"Demand":1.0,"DemandMax":null,"Value":6.8445282855516005}]}