{"Name":"Path49_100","Objects":[{"Length":100.0,"Height":100.0,"Stock":null,"Cost":10000.0}],"Items":[{"Length":100.0,"Height":12.7263,"Demand":1.0,"DemandMax":null,"Value":1272.63},{"Length":36.04818,"Height":20.37128,"Demand":1.0,"DemandMax":null,"Value":734.3475682704},{"Length":36.04818,"Height":20.33339,"Demand":1.0,"DemandMax":null,"Value":732.98170273020014},{"Length":78.53202,"Height":7.736208,"Demand":1.0,"DemandMax":null,"Value":607.54004138016},{"Length":12.9209,"Height":45.32703,"Demand":1.0,"DemandMax":null,"Value":585.666021927},{"Length":100.0,"Height":4.027218,"Demand":1.0,"DemandMax":null,"Value":402.72180000000003},{"Length":30.78909,"Height":10.68336,"Demand":1.0,"DemandMax":null,"Value":328.93093254240006},{"Length":78.53202,"Height":3.897958,"Demand":1.0,"DemandMax":null,"Value":306.11451561516003},{"Length":13.52037,"Height":21.32738,"Demand":1.0,"DemandMax":null,"Value":288.35406873060003},{"Length":5.222344,"Height":54.46571,"Demand":1.0,"DemandMax":null,"Value":284.43867382423997},{"Length":25.72127,"Height":11.03589,"Demand":1.0,"DemandMax":null,"Value":283.8571063803},{"Length":30.78909,"Height":7.722095,"Demand":1.0,"DemandMax":null,"Value":237.75627794355003},{"Length":21.46798,"Height":9.775896,"Demand":1.0,"DemandMax":null,"Value":209.86873981008},{"Length":16.8959,"Height":11.03589,"Demand":1.0,"DemandMax":null,"Value":186.46129385100002},{"Length":78.53202,"Height":2.032744,"Demand":1.0,"DemandMax":null,"Value":159.63549246288002},{"Length":21.46798,"Height":6.924459,"Demand":1.0,"DemandMax":null,"Value":148.65414732282},{"Length":38.32695,"Height":3.767487,"Demand":1.0,"DemandMax":null,"Value":144.39628587464998},{"Length":36.04818,"Height":3.570736,"Demand":1.0,"DemandMax":null,"Value":128.71853406048},{"Length":39.49743,"Height":3.033446,"Demand":1.0,"DemandMax":null,"Value":119.81332104378001},{"Length":14.20044,"Height":7.831951,"Demand":1.0,"DemandMax":null,"Value":111.21715025844},{"Length":38.32695,"Height":2.825381,"Demand":1.0,"DemandMax":null,"Value":108.28823631795},{"Length":100.0,"Height":1.044528,"Demand":1.0,"DemandMax":null,"Value":104.4528},{"Length":12.16071,"Height":7.831951,"Demand":1.0,"DemandMax":null,"Value":95.24208484521},{"Length":1.683129,"Height":54.46571,"Demand":1.0,"DemandMax":null,"Value":91.672816006590011},{"Length":8.506842,"Height":9.12482,"Demand":1.0,"DemandMax":null,"Value":77.62340201844},{"Length":9.687036,"Height":7.831951,"Demand":1.0,"DemandMax":null,"Value":75.868391287236008},{"Length":9.145033,"Height":8.057856,"Demand":1.0,"DemandMax":null,"Value":73.689359029248},{"Length":2.010969,"Height":33.85773,"Demand":1.0,"DemandMax":null,"Value":68.086845440369984},{"Length":7.1564,"Height":9.289153,"Demand":1.0,"DemandMax":null,"Value":66.4768945292},{"Length":1.521127,"Height":41.50359,"Demand":1.0,"DemandMax":null,"Value":63.13223134593},{"Length":1.230334,"Height":48.36077,"Demand":1.0,"DemandMax":null,"Value":59.499899597180004},{"Length":3.837916,"Height":14.93879,"Demand":1.0,"DemandMax":null,"Value":57.333821161639996},{"Length":19.05589,"Height":2.978034,"Demand":1.0,"DemandMax":null,"Value":56.749088320260007},{"Length":29.96134,"Height":1.841205,"Demand":1.0,"DemandMax":null,"Value":55.1649690147},{"Length":1.053165,"Height":48.36077,"Demand":1.0,"DemandMax":null,"Value":50.93187033705},{"Length":20.62189,"Height":2.402126,"Demand":1.0,"DemandMax":null,"Value":49.53637813814},{"Length":6.103713,"Height":8.057856,"Demand":1.0,"DemandMax":null,"Value":49.182840419327995},{"Length":39.0346,"Height":1.248397,"Demand":1.0,"DemandMax":null,"Value":48.7306775362},{"Length":19.71351,"Height":2.358346,"Demand":1.0,"DemandMax":null,"Value":46.49127745446},{"Length":12.9209,"Height":3.54867,"Demand":1.0,"DemandMax":null,"Value":45.852010203},{"Length":22.73601,"Height":1.785049,"Demand":1.0,"DemandMax":null,"Value":40.58489191449},{"Length":0.8363075,"Height":48.36077,"Demand":1.0,"DemandMax":null,"Value":40.444474656775},{"Length":28.53032,"Height":1.413009,"Demand":1.0,"DemandMax":null,"Value":40.31359893288},{"Length":16.33466,"Height":2.358346,"Demand":1.0,"DemandMax":null,"Value":38.52278007236},{"Length":0.7031088,"Height":54.46571,"Demand":1.0,"DemandMax":null,"Value":38.295319999248},{"Length":3.837916,"Height":9.72359,"Demand":1.0,"DemandMax":null,"Value":37.31832163844},{"Length":20.7155,"Height":1.720687,"Demand":1.0,"DemandMax":null,"Value":35.6448915485},{"Length":0.619037,"Height":54.46571,"Demand":1.0,"DemandMax":null,"Value":33.716289721269995},{"Length":27.12238,"Height":1.188808,"Demand":1.0,"DemandMax":null,"Value":32.243302323040005},{"Length":2.386339,"Height":13.43112,"Demand":1.0,"DemandMax":null,"Value":32.05120546968},{"Length":30.78909,"Height":1.017841,"Demand":1.0,"DemandMax":null,"Value":31.33839815469},{"Length":3.807141,"Height":8.057856,"Demand":1.0,"DemandMax":null,"Value":30.677393949695997},{"Length":2.010969,"Height":15.01798,"Demand":1.0,"DemandMax":null,"Value":30.200692222619995},{"Length":13.08307,"Height":2.292601,"Demand":1.0,"DemandMax":null,"Value":29.994259365069997},{"Length":20.62189,"Height":1.453036,"Demand":1.0,"DemandMax":null,"Value":29.96434855804},{"Length":0.6187962,"Height":48.36077,"Demand":1.0,"DemandMax":null,"Value":29.925460705074002},{"Length":20.7155,"Height":1.412615,"Demand":1.0,"DemandMax":null,"Value":29.263026032499997},{"Length":16.29859,"Height":1.785049,"Demand":1.0,"DemandMax":null,"Value":29.093781780910003},{"Length":2.386339,"Height":11.84555,"Demand":1.0,"DemandMax":null,"Value":28.26749794145},{"Length":6.612341,"Height":4.110917,"Demand":1.0,"DemandMax":null,"Value":27.182785026696997},{"Length":4.724776,"Height":5.527124,"Demand":1.0,"DemandMax":null,"Value":26.114422824224},{"Length":2.133111,"Height":12.1958,"Demand":1.0,"DemandMax":null,"Value":26.0149951338},{"Length":1.180429,"Height":21.32738,"Demand":1.0,"DemandMax":null,"Value":25.175457846020002},{"Length":12.04191,"Height":2.054142,"Demand":1.0,"DemandMax":null,"Value":24.73579309122},{"Length":17.82872,"Height":1.351596,"Demand":1.0,"DemandMax":null,"Value":24.097226637120002},{"Length":14.93187,"Height":1.598912,"Demand":1.0,"DemandMax":null,"Value":23.87474612544},{"Length":3.738603,"Height":6.104939,"Demand":1.0,"DemandMax":null,"Value":22.823943260217},{"Length":1.451577,"Height":15.48284,"Demand":1.0,"DemandMax":null,"Value":22.47453443868},{"Length":14.93187,"Height":1.446235,"Demand":1.0,"DemandMax":null,"Value":21.59499300945},{"Length":9.345091,"Height":2.292601,"Demand":1.0,"DemandMax":null,"Value":21.424564971690998},{"Length":3.461249,"Height":6.046711,"Demand":1.0,"DemandMax":null,"Value":20.929172402039},{"Length":0.4854434,"Height":41.50359,"Demand":1.0,"DemandMax":null,"Value":20.147643841806},{"Length":7.586864,"Height":2.544854,"Demand":1.0,"DemandMax":null,"Value":19.307461197856},{"Length":8.360932,"Height":2.292601,"Demand":1.0,"DemandMax":null,"Value":19.168281064132},{"Length":7.345007,"Height":2.544854,"Demand":1.0,"DemandMax":null,"Value":18.691970443978},{"Length":2.426722,"Height":7.353755,"Demand":1.0,"DemandMax":null,"Value":17.84551904111},{"Length":30.78909,"Height":0.5763811,"Demand":1.0,"DemandMax":null,"Value":17.746249562199},{"Length":8.579989,"Height":2.054142,"Demand":1.0,"DemandMax":null,"Value":17.624515764438},{"Length":12.96037,"Height":1.351596,"Demand":1.0,"DemandMax":null,"Value":17.51718425052},{"Length":5.362087,"Height":3.26033,"Demand":1.0,"DemandMax":null,"Value":17.48217310871},{"Length":0.4201522,"Height":41.50359,"Demand":1.0,"DemandMax":null,"Value":17.437824646398},{"Length":3.837916,"Height":4.526653,"Demand":1.0,"DemandMax":null,"Value":17.372913975148},{"Length":4.724776,"Height":3.604461,"Demand":1.0,"DemandMax":null,"Value":17.030270825736},{"Length":2.591665,"Height":6.51876,"Demand":1.0,"DemandMax":null,"Value":16.8944421354},{"Length":4.805112,"Height":3.26033,"Demand":1.0,"DemandMax":null,"Value":15.66625080696},{"Length":8.365616,"Height":1.841205,"Demand":1.0,"DemandMax":null,"Value":15.402814007279998},{"Length":2.591665,"Height":5.677038,"Demand":1.0,"DemandMax":null,"Value":14.712980688269997},{"Length":2.91719,"Height":4.910313,"Demand":1.0,"DemandMax":null,"Value":14.324315980470002},{"Length":1.566748,"Height":9.12482,"Demand":1.0,"DemandMax":null,"Value":14.29629348536},{"Length":1.451577,"Height":9.793834,"Demand":1.0,"DemandMax":null,"Value":14.216504176217999},{"Length":30.78909,"Height":0.4518415,"Demand":1.0,"DemandMax":null,"Value":13.911788609235002},{"Length":1.289931,"Height":10.78336,"Demand":1.0,"DemandMax":null,"Value":13.90979034816},{"Length":9.79663,"Height":1.413009,"Demand":1.0,"DemandMax":null,"Value":13.84272635967},{"Length":10.1672,"Height":1.346761,"Demand":1.0,"DemandMax":null,"Value":13.692788439200001},{"Length":2.426722,"Height":5.608359,"Demand":1.0,"DemandMax":null,"Value":13.609928169198},{"Length":1.289931,"Height":10.54402,"Demand":1.0,"DemandMax":null,"Value":13.601058262619999},{"Length":11.20457,"Height":1.188808,"Demand":1.0,"DemandMax":null,"Value":13.320082452560001},{"Length":10.1672,"Height":1.302212,"Demand":1.0,"DemandMax":null,"Value":13.239849846399999},{"Length":6.612341,"Height":1.935794,"Demand":1.0,"DemandMax":null,"Value":12.800130033754},{"Length":2.91719,"Height":4.37884,"Demand":1.0,"DemandMax":null,"Value":12.773908259600002}]}