{"Name":"Nice37_100","Objects":[{"Length":100.0,"Height":100.0,"Stock":null,"Cost":10000.0}],"Items":[{"Length":21.62582,"Height":14.22539,"Demand":1.0,"DemandMax":null,"Value":307.6357235698},{"Length":13.20447,"Height":19.49863,"Demand":1.0,"DemandMax":null,"Value":257.46907487609997},{"Length":19.31541,"Height":11.96655,"Demand":1.0,"DemandMax":null,"Value":231.1388195355},{"Length":16.66493,"Height":13.60137,"Demand":1.0,"DemandMax":null,"Value":226.66587895409995},{"Length":12.19351,"Height":16.90104,"Demand":1.0,"DemandMax":null,"Value":206.08300025039998},{"Length":14.83342,"Height":13.8401,"Demand":1.0,"DemandMax":null,"Value":205.29601614199999},{"Length":17.35827,"Height":11.00187,"Demand":1.0,"DemandMax":null,"Value":190.97342996490002},{"Length":15.98208,"Height":11.78946,"Demand":1.0,"DemandMax":null,"Value":188.4200928768},{"Length":16.66493,"Height":11.05694,"Demand":1.0,"DemandMax":null,"Value":184.2631311142},{"Length":9.614791,"Height":18.92684,"Demand":1.0,"DemandMax":null,"Value":181.97761089044},{"Length":7.929707,"Height":21.76237,"Demand":1.0,"DemandMax":null,"Value":172.56921772559},{"Length":17.96454,"Height":9.570939,"Demand":1.0,"DemandMax":null,"Value":171.93751650305998},{"Length":6.874021,"Height":24.65831,"Demand":1.0,"DemandMax":null,"Value":169.50174076451},{"Length":17.96454,"Height":9.355899,"Demand":1.0,"DemandMax":null,"Value":168.07442182146002},{"Length":16.02273,"Height":10.43404,"Demand":1.0,"DemandMax":null,"Value":167.1818057292},{"Length":11.62499,"Height":14.21009,"Demand":1.0,"DemandMax":null,"Value":165.1921541491},{"Length":11.72048,"Height":13.60515,"Demand":1.0,"DemandMax":null,"Value":159.458888472},{"Length":22.46598,"Height":7.071155,"Demand":1.0,"DemandMax":null,"Value":158.8604268069},{"Length":9.307321,"Height":16.73473,"Demand":1.0,"DemandMax":null,"Value":155.75550395833},{"Length":21.77018,"Height":6.924655,"Demand":1.0,"DemandMax":null,"Value":150.7509857879},{"Length":11.85662,"Height":11.96655,"Demand":1.0,"DemandMax":null,"Value":141.88283606099998},{"Length":21.77018,"Height":6.344909,"Demand":1.0,"DemandMax":null,"Value":138.12981101362},{"Length":12.34381,"Height":11.02244,"Demand":1.0,"DemandMax":null,"Value":136.0589050964},{"Length":7.431989,"Height":17.5957,"Demand":1.0,"DemandMax":null,"Value":130.7710488473},{"Length":12.64542,"Height":10.27428,"Demand":1.0,"DemandMax":null,"Value":129.9225857976},{"Length":8.146387,"Height":15.79465,"Demand":1.0,"DemandMax":null,"Value":128.66933142955003},{"Length":15.98208,"Height":7.709174,"Demand":1.0,"DemandMax":null,"Value":123.20863560192},{"Length":5.946921,"Height":20.0779,"Demand":1.0,"DemandMax":null,"Value":119.40168514589999},{"Length":8.440177,"Height":14.00168,"Demand":1.0,"DemandMax":null,"Value":118.17665749736001},{"Length":17.22497,"Height":6.664796,"Demand":1.0,"DemandMax":null,"Value":114.80091115612},{"Length":17.22497,"Height":6.604768,"Demand":1.0,"DemandMax":null,"Value":113.76693065696},{"Length":10.72312,"Height":10.53189,"Demand":1.0,"DemandMax":null,"Value":112.93472029680001},{"Length":10.20743,"Height":11.00187,"Demand":1.0,"DemandMax":null,"Value":112.3008178941},{"Length":12.28612,"Height":9.070753,"Demand":1.0,"DemandMax":null,"Value":111.44435984836001},{"Length":10.44988,"Height":10.26806,"Demand":1.0,"DemandMax":null,"Value":107.29999483280001},{"Length":10.44988,"Height":9.809836,"Demand":1.0,"DemandMax":null,"Value":102.51160901968001},{"Length":11.26827,"Height":8.927943,"Demand":1.0,"DemandMax":null,"Value":100.60247226861},{"Length":5.456401,"Height":17.99273,"Demand":1.0,"DemandMax":null,"Value":98.17554996473},{"Length":17.79477,"Height":5.318894,"Demand":1.0,"DemandMax":null,"Value":94.64849538438},{"Length":14.28867,"Height":6.53301,"Demand":1.0,"DemandMax":null,"Value":93.3480239967},{"Length":14.83342,"Height":6.253091,"Demand":1.0,"DemandMax":null,"Value":92.75472510122},{"Length":18.04389,"Height":5.010511,"Demand":1.0,"DemandMax":null,"Value":90.40910932779},{"Length":8.383491,"Height":10.72428,"Demand":1.0,"DemandMax":null,"Value":89.90690486148},{"Length":12.59787,"Height":6.978563,"Demand":1.0,"DemandMax":null,"Value":87.91502946081},{"Length":6.222373,"Height":14.00168,"Demand":1.0,"DemandMax":null,"Value":87.12367558664},{"Length":6.09738,"Height":14.00168,"Demand":1.0,"DemandMax":null,"Value":85.373563598400011},{"Length":5.061246,"Height":16.76558,"Demand":1.0,"DemandMax":null,"Value":84.85472471268},{"Length":8.383491,"Height":10.03188,"Demand":1.0,"DemandMax":null,"Value":84.102175693079985},{"Length":18.04389,"Height":4.634464,"Demand":1.0,"DemandMax":null,"Value":83.623758624960018},{"Length":4.646842,"Height":17.5957,"Demand":1.0,"DemandMax":null,"Value":81.764437779400012},{"Length":6.771338,"Height":11.89301,"Demand":1.0,"DemandMax":null,"Value":80.53159054738},{"Length":13.33647,"Height":5.988081,"Demand":1.0,"DemandMax":null,"Value":79.859862614070011},{"Length":4.565842,"Height":17.41359,"Demand":1.0,"DemandMax":null,"Value":79.50770059278},{"Length":5.278739,"Height":14.6007,"Demand":1.0,"DemandMax":null,"Value":77.0732845173},{"Length":4.423454,"Height":17.41359,"Demand":1.0,"DemandMax":null,"Value":77.02821433986},{"Length":6.866189,"Height":11.02244,"Demand":1.0,"DemandMax":null,"Value":75.68215628116},{"Length":11.26827,"Height":6.579642,"Demand":1.0,"DemandMax":null,"Value":74.14118255934},{"Length":5.003278,"Height":14.78281,"Demand":1.0,"DemandMax":null,"Value":73.96250805118},{"Length":8.146387,"Height":8.86366,"Demand":1.0,"DemandMax":null,"Value":72.20680459642},{"Length":4.246075,"Height":16.76558,"Demand":1.0,"DemandMax":null,"Value":71.1879100985},{"Length":13.64145,"Height":5.122431,"Demand":1.0,"DemandMax":null,"Value":69.87738636495},{"Length":4.43663,"Height":15.29536,"Demand":1.0,"DemandMax":null,"Value":67.8598530368},{"Length":8.093021,"Height":8.364134,"Demand":1.0,"DemandMax":null,"Value":67.691112108814},{"Length":4.819942,"Height":14.00168,"Demand":1.0,"DemandMax":null,"Value":67.48728550256},{"Length":9.369283,"Height":7.138937,"Demand":1.0,"DemandMax":null,"Value":66.886721072171},{"Length":10.68233,"Height":6.231256,"Demand":1.0,"DemandMax":null,"Value":66.56433290648},{"Length":6.393075,"Height":10.25869,"Demand":1.0,"DemandMax":null,"Value":65.58457457175},{"Length":14.28867,"Height":4.468861,"Demand":1.0,"DemandMax":null,"Value":63.854080104870008},{"Length":8.093021,"Height":7.880141,"Demand":1.0,"DemandMax":null,"Value":63.774146595961},{"Length":6.923879,"Height":9.070753,"Demand":1.0,"DemandMax":null,"Value":62.804796210887005},{"Length":12.64542,"Height":4.914169,"Demand":1.0,"DemandMax":null,"Value":62.14173095598},{"Length":12.64542,"Height":4.904745,"Demand":1.0,"DemandMax":null,"Value":62.0225605179},{"Length":13.64145,"Height":4.522544,"Demand":1.0,"DemandMax":null,"Value":61.6940578488},{"Length":10.68233,"Height":5.735294,"Demand":1.0,"DemandMax":null,"Value":61.26630315502},{"Length":13.33647,"Height":4.543809,"Demand":1.0,"DemandMax":null,"Value":60.598372414230006},{"Length":7.756885,"Height":7.668426,"Demand":1.0,"DemandMax":null,"Value":59.48309861301},{"Length":7.756885,"Height":7.626933,"Demand":1.0,"DemandMax":null,"Value":59.161242183705},{"Length":5.229016,"Height":11.30663,"Demand":1.0,"DemandMax":null,"Value":59.12254917608},{"Length":3.986018,"Height":14.78281,"Demand":1.0,"DemandMax":null,"Value":58.92454675058},{"Length":8.383491,"Height":6.720361,"Demand":1.0,"DemandMax":null,"Value":56.340085960250995},{"Length":6.393075,"Height":8.668149,"Demand":1.0,"DemandMax":null,"Value":55.416126668174996},{"Length":5.811872,"Height":9.124598,"Demand":1.0,"DemandMax":null,"Value":53.030995627456008},{"Length":5.811872,"Height":8.86813,"Demand":1.0,"DemandMax":null,"Value":51.540436439360008},{"Length":6.800092,"Height":7.489637,"Demand":1.0,"DemandMax":null,"Value":50.930220646604},{"Length":8.383491,"Height":6.023788,"Demand":1.0,"DemandMax":null,"Value":50.500372483907995},{"Length":3.606675,"Height":14.00168,"Demand":1.0,"DemandMax":null,"Value":50.499509214},{"Length":5.022739,"Height":9.753044,"Demand":1.0,"DemandMax":null,"Value":48.986994467515991},{"Length":6.800092,"Height":7.111063,"Demand":1.0,"DemandMax":null,"Value":48.355882617796},{"Length":9.207208,"Height":5.212996,"Demand":1.0,"DemandMax":null,"Value":47.997138475168},{"Length":4.949145,"Height":9.691138,"Demand":1.0,"DemandMax":null,"Value":47.96284717701},{"Length":13.0967,"Height":3.609527,"Demand":1.0,"DemandMax":null,"Value":47.2728922609},{"Length":6.436173,"Height":7.23153,"Demand":1.0,"DemandMax":null,"Value":46.54337813469},{"Length":13.0967,"Height":3.529411,"Demand":1.0,"DemandMax":null,"Value":46.2236370437},{"Length":5.022739,"Height":9.173794,"Demand":1.0,"DemandMax":null,"Value":46.07757290176599},{"Length":5.229016,"Height":8.771266,"Demand":1.0,"DemandMax":null,"Value":45.865090254256},{"Length":6.771338,"Height":6.698243,"Demand":1.0,"DemandMax":null,"Value":45.356067359134},{"Length":8.58756,"Height":5.212996,"Demand":1.0,"DemandMax":null,"Value":44.76691592976},{"Length":8.093021,"Height":5.51809,"Demand":1.0,"DemandMax":null,"Value":44.65801824989},{"Length":6.161692,"Height":7.23153,"Demand":1.0,"DemandMax":null,"Value":44.55846054876},{"Length":4.949145,"Height":8.900119,"Demand":1.0,"DemandMax":null,"Value":44.047979448255}]}