{"Name":"Path10_50","Objects":[{"Length":100.0,"Height":100.0,"Stock":null,"Cost":10000.0}],"Items":[{"Length":87.09244,"Height":36.7974,"Demand":1.0,"DemandMax":null,"Value":3204.775351656},{"Length":67.29694,"Height":8.526659,"Demand":1.0,"DemandMax":null,"Value":573.8180591234601},{"Length":87.09244,"Height":5.31961,"Demand":1.0,"DemandMax":null,"Value":463.29781474839996},{"Length":56.11554,"Height":7.488557,"Demand":1.0,"DemandMax":null,"Value":420.22441987578003},{"Length":18.9615,"Height":21.67602,"Demand":1.0,"DemandMax":null,"Value":411.00985323000003},{"Length":18.11148,"Height":19.77775,"Demand":1.0,"DemandMax":null,"Value":358.20432357000004},{"Length":87.09244,"Height":4.109406,"Demand":1.0,"DemandMax":null,"Value":357.89819549064},{"Length":13.39943,"Height":21.67602,"Demand":1.0,"DemandMax":null,"Value":290.4463126686},{"Length":34.66416,"Height":8.30327,"Demand":1.0,"DemandMax":null,"Value":287.8258798032},{"Length":66.40032,"Height":4.023396,"Demand":1.0,"DemandMax":null,"Value":267.15478188671995},{"Length":8.66141,"Height":30.81986,"Demand":1.0,"DemandMax":null,"Value":266.9434436026},{"Length":10.90566,"Height":21.67602,"Demand":1.0,"DemandMax":null,"Value":236.3913042732},{"Length":50.86524,"Height":4.593804,"Demand":1.0,"DemandMax":null,"Value":233.66494297296003},{"Length":30.9769,"Height":7.488557,"Demand":1.0,"DemandMax":null,"Value":231.9722813333},{"Length":34.66416,"Height":5.940856,"Demand":1.0,"DemandMax":null,"Value":205.93478292096003},{"Length":34.66416,"Height":5.53362,"Demand":1.0,"DemandMax":null,"Value":191.81828905920003},{"Length":4.246152,"Height":30.81986,"Demand":1.0,"DemandMax":null,"Value":130.86581017872},{"Length":12.79364,"Height":8.2579,"Demand":1.0,"DemandMax":null,"Value":105.648599756},{"Length":100.0,"Height":1.023969,"Demand":1.0,"DemandMax":null,"Value":102.39689999999999},{"Length":3.957769,"Height":21.67602,"Demand":1.0,"DemandMax":null,"Value":85.788679999380008},{"Length":5.414153,"Height":14.37178,"Demand":1.0,"DemandMax":null,"Value":77.81101580234},{"Length":16.43169,"Height":4.403259,"Demand":1.0,"DemandMax":null,"Value":72.352986877710009},{"Length":4.06739,"Height":15.99152,"Demand":1.0,"DemandMax":null,"Value":65.0437485328},{"Length":7.49341,"Height":8.643169,"Demand":1.0,"DemandMax":null,"Value":64.76680901629},{"Length":29.87932,"Height":2.131337,"Demand":1.0,"DemandMax":null,"Value":63.682900250839992},{"Length":43.32784,"Height":1.426259,"Demand":1.0,"DemandMax":null,"Value":61.79672175056},{"Length":24.84607,"Height":2.478646,"Demand":1.0,"DemandMax":null,"Value":61.58461202122},{"Length":4.660182,"Height":12.54673,"Demand":1.0,"DemandMax":null,"Value":58.47004530486},{"Length":3.624701,"Height":15.99152,"Demand":1.0,"DemandMax":null,"Value":57.964478535519994},{"Length":51.80481,"Height":1.091473,"Demand":1.0,"DemandMax":null,"Value":56.54355138513},{"Length":12.21732,"Height":4.616301,"Demand":1.0,"DemandMax":null,"Value":56.398826533320005},{"Length":4.453959,"Height":12.54673,"Demand":1.0,"DemandMax":null,"Value":55.88262100407},{"Length":48.19519,"Height":1.091473,"Demand":1.0,"DemandMax":null,"Value":52.603748614869993},{"Length":12.86355,"Height":4.089095,"Demand":1.0,"DemandMax":null,"Value":52.60027798725},{"Length":26.86493,"Height":1.898277,"Demand":1.0,"DemandMax":null,"Value":50.99707872561},{"Length":16.43169,"Height":3.061603,"Demand":1.0,"DemandMax":null,"Value":50.307311399069995},{"Length":12.14742,"Height":4.089095,"Demand":1.0,"DemandMax":null,"Value":49.671954384900005},{"Length":25.91071,"Height":1.898277,"Demand":1.0,"DemandMax":null,"Value":49.185704846670006},{"Length":3.79342,"Height":12.54673,"Demand":1.0,"DemandMax":null,"Value":47.5950165166},{"Length":25.01097,"Height":1.881701,"Demand":1.0,"DemandMax":null,"Value":47.06316725997},{"Length":43.32784,"Height":1.052387,"Demand":1.0,"DemandMax":null,"Value":45.59765555408},{"Length":20.98592,"Height":2.131337,"Demand":1.0,"DemandMax":null,"Value":44.728067775039996},{"Length":12.21732,"Height":3.6416,"Demand":1.0,"DemandMax":null,"Value":44.490592512},{"Length":25.01097,"Height":1.762824,"Demand":1.0,"DemandMax":null,"Value":44.08993817928},{"Length":20.69211,"Height":2.11724,"Demand":1.0,"DemandMax":null,"Value":43.810162976399994},{"Length":7.49341,"Height":5.728607,"Demand":1.0,"DemandMax":null,"Value":42.92680097987},{"Length":16.9014,"Height":2.478646,"Demand":1.0,"DemandMax":null,"Value":41.8925875044},{"Length":20.69211,"Height":1.906155,"Demand":1.0,"DemandMax":null,"Value":39.44236893705},{"Length":50.86524,"Height":0.7397201,"Demand":1.0,"DemandMax":null,"Value":37.626040419324},{"Length":14.9247,"Height":2.478646,"Demand":1.0,"DemandMax":null,"Value":36.993047956199995}]}