{"Name":"Nice4_100","Objects":[{"Length":100.0,"Height":100.0,"Stock":null,"Cost":10000.0}],"Items":[{"Length":24.51804,"Height":12.88691,"Demand":1.0,"DemandMax":null,"Value":315.9617748564},{"Length":18.55626,"Height":11.94522,"Demand":1.0,"DemandMax":null,"Value":221.65860807720003},{"Length":20.3254,"Height":9.923332,"Demand":1.0,"DemandMax":null,"Value":201.69569223279999},{"Length":8.586657,"Height":20.88594,"Demand":1.0,"DemandMax":null,"Value":179.34040290258002},{"Length":13.29495,"Height":12.88691,"Demand":1.0,"DemandMax":null,"Value":171.3308241045},{"Length":13.61988,"Height":12.01778,"Demand":1.0,"DemandMax":null,"Value":163.6807214664},{"Length":11.81499,"Height":11.82258,"Demand":1.0,"DemandMax":null,"Value":139.68366447420002},{"Length":19.0514,"Height":7.282673,"Demand":1.0,"DemandMax":null,"Value":138.7451163922},{"Length":7.692842,"Height":17.73183,"Demand":1.0,"DemandMax":null,"Value":136.40816656086},{"Length":13.61988,"Height":9.937784,"Demand":1.0,"DemandMax":null,"Value":135.35142554592002},{"Length":9.38042,"Height":14.37028,"Demand":1.0,"DemandMax":null,"Value":134.7992619176},{"Length":13.06913,"Height":10.12701,"Demand":1.0,"DemandMax":null,"Value":132.3512102013},{"Length":21.01637,"Height":6.282017,"Demand":1.0,"DemandMax":null,"Value":132.02519361829},{"Length":11.53478,"Height":11.39514,"Demand":1.0,"DemandMax":null,"Value":131.4404329692},{"Length":18.19032,"Height":7.214003,"Demand":1.0,"DemandMax":null,"Value":131.22502305096},{"Length":8.256595,"Height":15.35707,"Demand":1.0,"DemandMax":null,"Value":126.79710737665002},{"Length":8.809903,"Height":14.37028,"Demand":1.0,"DemandMax":null,"Value":126.60077288283999},{"Length":11.93174,"Height":10.50571,"Demand":1.0,"DemandMax":null,"Value":125.3514002354},{"Length":5.987498,"Height":20.88594,"Demand":1.0,"DemandMax":null,"Value":125.05452397812002},{"Length":12.65278,"Height":9.543861,"Demand":1.0,"DemandMax":null,"Value":120.75637358358},{"Length":11.40691,"Height":10.50571,"Demand":1.0,"DemandMax":null,"Value":119.83768845610001},{"Length":7.679376,"Height":15.58412,"Demand":1.0,"DemandMax":null,"Value":119.67631710912},{"Length":11.81499,"Height":10.11826,"Demand":1.0,"DemandMax":null,"Value":119.5471407174},{"Length":7.890882,"Height":15.10716,"Demand":1.0,"DemandMax":null,"Value":119.20881691512001},{"Length":9.838606,"Height":11.94522,"Demand":1.0,"DemandMax":null,"Value":117.52431316332002},{"Length":10.92986,"Height":10.69251,"Demand":1.0,"DemandMax":null,"Value":116.8676373486},{"Length":18.19032,"Height":6.408817,"Demand":1.0,"DemandMax":null,"Value":116.57843205144},{"Length":6.416503,"Height":17.73183,"Demand":1.0,"DemandMax":null,"Value":113.77634039048999},{"Length":5.445595,"Height":20.88594,"Demand":1.0,"DemandMax":null,"Value":113.73637043430001},{"Length":8.008059,"Height":14.0381,"Demand":1.0,"DemandMax":null,"Value":112.4179330479},{"Length":8.008059,"Height":13.955,"Demand":1.0,"DemandMax":null,"Value":111.752463345},{"Length":12.63361,"Height":8.807929,"Demand":1.0,"DemandMax":null,"Value":111.27593989369},{"Length":12.581,"Height":8.807929,"Demand":1.0,"DemandMax":null,"Value":110.81255474899999},{"Length":12.40732,"Height":8.923905,"Demand":1.0,"DemandMax":null,"Value":110.7217449846},{"Length":11.46348,"Height":9.611538,"Demand":1.0,"DemandMax":null,"Value":110.18167363224},{"Length":12.46444,"Height":8.783281,"Demand":1.0,"DemandMax":null,"Value":109.47867902764},{"Length":13.96563,"Height":7.72798,"Demand":1.0,"DemandMax":null,"Value":107.9261093274},{"Length":6.922297,"Height":15.58412,"Demand":1.0,"DemandMax":null,"Value":107.87790712364001},{"Length":13.96563,"Height":7.67406,"Demand":1.0,"DemandMax":null,"Value":107.1730825578},{"Length":11.82312,"Height":8.783281,"Demand":1.0,"DemandMax":null,"Value":103.84578525672},{"Length":15.51373,"Height":6.582219,"Demand":1.0,"DemandMax":null,"Value":102.11476836687001},{"Length":7.890882,"Height":12.88593,"Demand":1.0,"DemandMax":null,"Value":101.68135309026},{"Length":10.45436,"Height":9.611538,"Demand":1.0,"DemandMax":null,"Value":100.48247840567998},{"Length":12.09984,"Height":8.187973,"Demand":1.0,"DemandMax":null,"Value":99.07316322432},{"Length":9.916971,"Height":9.923332,"Demand":1.0,"DemandMax":null,"Value":98.40939566737201},{"Length":6.270883,"Height":15.58412,"Demand":1.0,"DemandMax":null,"Value":97.726193177960013},{"Length":10.21028,"Height":9.543861,"Demand":1.0,"DemandMax":null,"Value":97.445493091079982},{"Length":11.00433,"Height":8.843252,"Demand":1.0,"DemandMax":null,"Value":97.314063281159989},{"Length":9.012229,"Height":10.69251,"Demand":1.0,"DemandMax":null,"Value":96.36334870479},{"Length":6.022564,"Height":15.58412,"Demand":1.0,"DemandMax":null,"Value":93.85636008368},{"Length":5.967479,"Height":15.35707,"Demand":1.0,"DemandMax":null,"Value":91.64299272653},{"Length":14.22049,"Height":6.432175,"Demand":1.0,"DemandMax":null,"Value":91.46868026575},{"Length":10.43606,"Height":8.553255,"Demand":1.0,"DemandMax":null,"Value":89.262282375299989},{"Length":10.76322,"Height":8.187973,"Demand":1.0,"DemandMax":null,"Value":88.12895475306},{"Length":12.8206,"Height":6.800841,"Demand":1.0,"DemandMax":null,"Value":87.1908621246},{"Length":4.841267,"Height":17.99019,"Demand":1.0,"DemandMax":null,"Value":87.09531317073},{"Length":11.48813,"Height":7.395413,"Demand":1.0,"DemandMax":null,"Value":84.959465947689992},{"Length":12.46196,"Height":6.748198,"Demand":1.0,"DemandMax":null,"Value":84.09577354808},{"Length":4.640319,"Height":17.99019,"Demand":1.0,"DemandMax":null,"Value":83.480220470609993},{"Length":13.61988,"Height":6.042878,"Demand":1.0,"DemandMax":null,"Value":82.30327321464},{"Length":13.96563,"Height":5.825347,"Demand":1.0,"DemandMax":null,"Value":81.35464082361},{"Length":7.508439,"Height":10.69251,"Demand":1.0,"DemandMax":null,"Value":80.28405909189},{"Length":7.565736,"Height":10.50571,"Demand":1.0,"DemandMax":null,"Value":79.483428352560011},{"Length":14.22049,"Height":5.587387,"Demand":1.0,"DemandMax":null,"Value":79.455380959629991},{"Length":11.46695,"Height":6.800841,"Demand":1.0,"DemandMax":null,"Value":77.98490370495},{"Length":6.826201,"Height":11.28921,"Demand":1.0,"DemandMax":null,"Value":77.06241659121001},{"Length":11.53478,"Height":6.595047,"Demand":1.0,"DemandMax":null,"Value":76.07241623466},{"Length":9.290762,"Height":8.103365,"Demand":1.0,"DemandMax":null,"Value":75.286435614130014},{"Length":7.570623,"Height":9.923332,"Demand":1.0,"DemandMax":null,"Value":75.125805475836},{"Length":10.57621,"Height":7.02333,"Demand":1.0,"DemandMax":null,"Value":74.280212979299989},{"Length":11.00433,"Height":6.74087,"Demand":1.0,"DemandMax":null,"Value":74.1787579671},{"Length":4.827328,"Height":15.35707,"Demand":1.0,"DemandMax":null,"Value":74.13361400896},{"Length":8.615337,"Height":8.553255,"Demand":1.0,"DemandMax":null,"Value":73.689174271935},{"Length":10.44016,"Height":7.02333,"Demand":1.0,"DemandMax":null,"Value":73.3246889328},{"Length":6.694475,"Height":10.88509,"Demand":1.0,"DemandMax":null,"Value":72.86996287775},{"Length":9.159121,"Height":7.94451,"Demand":1.0,"DemandMax":null,"Value":72.76472837571},{"Length":9.681657,"Height":7.497951,"Demand":1.0,"DemandMax":null,"Value":72.592589784806989},{"Length":6.908598,"Height":10.50571,"Demand":1.0,"DemandMax":null,"Value":72.57972709458},{"Length":8.921518,"Height":8.103365,"Demand":1.0,"DemandMax":null,"Value":72.294316708070014},{"Length":9.05316,"Height":7.94451,"Demand":1.0,"DemandMax":null,"Value":71.9229201516},{"Length":11.81499,"Height":6.052253,"Demand":1.0,"DemandMax":null,"Value":71.50730867247},{"Length":11.06404,"Height":6.436337,"Demand":1.0,"DemandMax":null,"Value":71.21189002148},{"Length":10.77888,"Height":6.582219,"Demand":1.0,"DemandMax":null,"Value":70.948948734719991},{"Length":5.906304,"Height":11.94522,"Demand":1.0,"DemandMax":null,"Value":70.552100666880008},{"Length":6.694475,"Height":10.53113,"Demand":1.0,"DemandMax":null,"Value":70.50038650674999},{"Length":6.242932,"Height":11.28921,"Demand":1.0,"DemandMax":null,"Value":70.47777036372},{"Length":9.528234,"Height":7.395413,"Demand":1.0,"DemandMax":null,"Value":70.465225590641992},{"Length":9.369744,"Height":7.497951,"Demand":1.0,"DemandMax":null,"Value":70.253881394544},{"Length":6.529006,"Height":10.75356,"Demand":1.0,"DemandMax":null,"Value":70.21005776136},{"Length":10.8538,"Height":6.436337,"Demand":1.0,"DemandMax":null,"Value":69.8587145306},{"Length":5.799258,"Height":12.01956,"Demand":1.0,"DemandMax":null,"Value":69.70452948648},{"Length":5.828945,"Height":11.94522,"Demand":1.0,"DemandMax":null,"Value":69.6280303929},{"Length":6.529006,"Height":10.66267,"Demand":1.0,"DemandMax":null,"Value":69.61663640602},{"Length":11.08584,"Height":5.78545,"Demand":1.0,"DemandMax":null,"Value":64.136573028},{"Length":12.80729,"Height":4.684077,"Demand":1.0,"DemandMax":null,"Value":59.990332521330004},{"Length":12.80729,"Height":4.239828,"Demand":1.0,"DemandMax":null,"Value":54.30070674612},{"Length":8.933911,"Height":5.78545,"Demand":1.0,"DemandMax":null,"Value":51.68669539495},{"Length":12.46196,"Height":3.944311,"Demand":1.0,"DemandMax":null,"Value":49.15384590956},{"Length":7.19046,"Height":6.765708,"Demand":1.0,"DemandMax":null,"Value":48.64855274568},{"Length":6.77517,"Height":6.765708,"Demand":1.0,"DemandMax":null,"Value":45.83882187036}]}