{"Name":"Nice13_200","Objects":[{"Length":100.0,"Height":100.0,"Stock":null,"Cost":10000.0}],"Items":[{"Length":11.49017,"Height":12.02619,"Demand":1.0,"DemandMax":null,"Value":138.1829675523},{"Length":9.252998,"Height":14.19846,"Demand":1.0,"DemandMax":null,"Value":131.37832198308},{"Length":9.61396,"Height":13.12777,"Demand":1.0,"DemandMax":null,"Value":126.20985566920001},{"Length":12.42881,"Height":8.700749,"Demand":1.0,"DemandMax":null,"Value":108.13995617869},{"Length":7.982711,"Height":13.50269,"Demand":1.0,"DemandMax":null,"Value":107.78807199258999},{"Length":7.188229,"Height":14.40114,"Demand":1.0,"DemandMax":null,"Value":103.51869218105999},{"Length":17.33483,"Height":5.79546,"Demand":1.0,"DemandMax":null,"Value":100.46331387180001},{"Length":11.61136,"Height":8.607816,"Demand":1.0,"DemandMax":null,"Value":99.94845038976},{"Length":11.08503,"Height":8.996023,"Demand":1.0,"DemandMax":null,"Value":99.721184835689982},{"Length":7.681464,"Height":12.9229,"Demand":1.0,"DemandMax":null,"Value":99.266791125600008},{"Length":9.469756,"Height":10.4791,"Demand":1.0,"DemandMax":null,"Value":99.2345200996},{"Length":8.107164,"Height":12.04547,"Demand":1.0,"DemandMax":null,"Value":97.654600747079982},{"Length":16.68109,"Height":5.553547,"Demand":1.0,"DemandMax":null,"Value":92.63921732623001},{"Length":5.263933,"Height":17.45559,"Demand":1.0,"DemandMax":null,"Value":91.88505623547},{"Length":11.49017,"Height":7.946948,"Demand":1.0,"DemandMax":null,"Value":91.311783501160008},{"Length":6.562619,"Height":13.86591,"Demand":1.0,"DemandMax":null,"Value":90.996684418289988},{"Length":6.562393,"Height":13.86591,"Demand":1.0,"DemandMax":null,"Value":90.99355072263},{"Length":11.06962,"Height":8.014594,"Demand":1.0,"DemandMax":null,"Value":88.718510034280015},{"Length":16.68109,"Height":5.256715,"Demand":1.0,"DemandMax":null,"Value":87.68773601935},{"Length":7.525414,"Height":11.62996,"Demand":1.0,"DemandMax":null,"Value":87.52026380344},{"Length":8.303385,"Height":10.51126,"Demand":1.0,"DemandMax":null,"Value":87.2790386151},{"Length":9.672211,"Height":8.951344,"Demand":1.0,"DemandMax":null,"Value":86.57928790158401},{"Length":9.920983,"Height":8.453201,"Demand":1.0,"DemandMax":null,"Value":83.864063416583},{"Length":15.26249,"Height":5.452603,"Demand":1.0,"DemandMax":null,"Value":83.220298761469991},{"Length":5.608207,"Height":14.39907,"Demand":1.0,"DemandMax":null,"Value":80.75296516749},{"Length":11.03122,"Height":7.319865,"Demand":1.0,"DemandMax":null,"Value":80.747041185299992},{"Length":5.554202,"Height":14.40114,"Demand":1.0,"DemandMax":null,"Value":79.98684059028},{"Length":5.050951,"Height":15.39192,"Demand":1.0,"DemandMax":null,"Value":77.74383371592},{"Length":4.392975,"Height":17.45559,"Demand":1.0,"DemandMax":null,"Value":76.68197048025},{"Length":11.49017,"Height":6.614186,"Demand":1.0,"DemandMax":null,"Value":75.99812155162},{"Length":5.713392,"Height":13.192,"Demand":1.0,"DemandMax":null,"Value":75.371067264},{"Length":4.855819,"Height":15.48514,"Demand":1.0,"DemandMax":null,"Value":75.19303702966},{"Length":7.279777,"Height":10.00504,"Demand":1.0,"DemandMax":null,"Value":72.834460076079992},{"Length":10.70008,"Height":6.753723,"Demand":1.0,"DemandMax":null,"Value":72.26537639784},{"Length":6.316704,"Height":11.27658,"Demand":1.0,"DemandMax":null,"Value":71.230817992319984},{"Length":15.26249,"Height":4.65914,"Demand":1.0,"DemandMax":null,"Value":71.110077658599991},{"Length":11.39911,"Height":6.213832,"Demand":1.0,"DemandMax":null,"Value":70.832154489520008},{"Length":11.08503,"Height":6.088439,"Demand":1.0,"DemandMax":null,"Value":67.49052896817},{"Length":15.68285,"Height":4.296398,"Demand":1.0,"DemandMax":null,"Value":67.3797653743},{"Length":8.482094,"Height":7.64145,"Demand":1.0,"DemandMax":null,"Value":64.8154971963},{"Length":5.928616,"Height":10.79838,"Demand":1.0,"DemandMax":null,"Value":64.019448442079991},{"Length":7.65152,"Height":8.31716,"Demand":1.0,"DemandMax":null,"Value":63.638916083199994},{"Length":5.8057,"Height":10.90576,"Demand":1.0,"DemandMax":null,"Value":63.315570832000006},{"Length":5.928616,"Height":10.67442,"Demand":1.0,"DemandMax":null,"Value":63.284537202719996},{"Length":5.354745,"Height":11.79235,"Demand":1.0,"DemandMax":null,"Value":63.145027200750008},{"Length":4.828026,"Height":12.9229,"Demand":1.0,"DemandMax":null,"Value":62.392097195400005},{"Length":7.279777,"Height":8.504933,"Demand":1.0,"DemandMax":null,"Value":61.914015639941},{"Length":8.41701,"Height":7.339723,"Demand":1.0,"DemandMax":null,"Value":61.778521888229996},{"Length":11.08503,"Height":5.561841,"Demand":1.0,"DemandMax":null,"Value":61.65317434023},{"Length":10.51912,"Height":5.852231,"Demand":1.0,"DemandMax":null,"Value":61.560320156719989},{"Length":14.14352,"Height":4.334761,"Demand":1.0,"DemandMax":null,"Value":61.308778898720007},{"Length":7.174992,"Height":8.540628,"Demand":1.0,"DemandMax":null,"Value":61.278937574976},{"Length":9.672211,"Height":6.29131,"Demand":1.0,"DemandMax":null,"Value":60.85087778641001},{"Length":8.264081,"Height":7.339723,"Demand":1.0,"DemandMax":null,"Value":60.656065389563},{"Length":14.14352,"Height":4.23397,"Demand":1.0,"DemandMax":null,"Value":59.883239374400006},{"Length":9.444294,"Height":6.33238,"Demand":1.0,"DemandMax":null,"Value":59.804858439719993},{"Length":9.444294,"Height":6.289848,"Demand":1.0,"DemandMax":null,"Value":59.403173727311994},{"Length":10.51912,"Height":5.582276,"Demand":1.0,"DemandMax":null,"Value":58.72063111712},{"Length":8.863847,"Height":6.582468,"Demand":1.0,"DemandMax":null,"Value":58.345989234396},{"Length":7.982711,"Height":7.225061,"Demand":1.0,"DemandMax":null,"Value":57.675573920371},{"Length":6.4125,"Height":8.894518,"Demand":1.0,"DemandMax":null,"Value":57.036096674999996},{"Length":9.754232,"Height":5.835187,"Demand":1.0,"DemandMax":null,"Value":56.917767761384006},{"Length":4.491102,"Height":12.62223,"Demand":1.0,"DemandMax":null,"Value":56.68772239746},{"Length":4.081389,"Height":13.86591,"Demand":1.0,"DemandMax":null,"Value":56.592172548989993},{"Length":5.743341,"Height":9.828229,"Demand":1.0,"DemandMax":null,"Value":56.446870573089},{"Length":4.147432,"Height":13.6009,"Demand":1.0,"DemandMax":null,"Value":56.4088078888},{"Length":4.34089,"Height":12.9229,"Demand":1.0,"DemandMax":null,"Value":56.096887381},{"Length":10.07464,"Height":5.552011,"Demand":1.0,"DemandMax":null,"Value":55.934512101040006},{"Length":5.274086,"Height":10.52501,"Demand":1.0,"DemandMax":null,"Value":55.509807890859996},{"Length":11.39911,"Height":4.855641,"Demand":1.0,"DemandMax":null,"Value":55.349985879510008},{"Length":4.268661,"Height":12.9229,"Demand":1.0,"DemandMax":null,"Value":55.163479236899995},{"Length":9.754232,"Height":5.652394,"Demand":1.0,"DemandMax":null,"Value":55.134762431408},{"Length":6.364235,"Height":8.607816,"Demand":1.0,"DemandMax":null,"Value":54.782163860759994},{"Length":11.39911,"Height":4.784981,"Demand":1.0,"DemandMax":null,"Value":54.54452476691},{"Length":11.06962,"Height":4.908301,"Demand":1.0,"DemandMax":null,"Value":54.33302691562},{"Length":14.14352,"Height":3.785379,"Demand":1.0,"DemandMax":null,"Value":53.53858359408},{"Length":11.22142,"Height":4.744636,"Demand":1.0,"DemandMax":null,"Value":53.24155330312},{"Length":9.920983,"Height":5.353919,"Demand":1.0,"DemandMax":null,"Value":53.116139382377},{"Length":5.728939,"Height":9.142502,"Demand":1.0,"DemandMax":null,"Value":52.376836265377996},{"Length":5.287874,"Height":9.828229,"Demand":1.0,"DemandMax":null,"Value":51.970436595146005},{"Length":5.670167,"Height":9.142502,"Demand":1.0,"DemandMax":null,"Value":51.839513137834004},{"Length":8.141062,"Height":6.340591,"Demand":1.0,"DemandMax":null,"Value":51.619144447642},{"Length":6.052022,"Height":8.517916,"Demand":1.0,"DemandMax":null,"Value":51.550615026151995},{"Length":7.534041,"Height":6.753723,"Demand":1.0,"DemandMax":null,"Value":50.882825984643},{"Length":11.49017,"Height":4.402653,"Demand":1.0,"DemandMax":null,"Value":50.58723142101},{"Length":3.891184,"Height":12.9229,"Demand":1.0,"DemandMax":null,"Value":50.2853817136},{"Length":10.77054,"Height":4.616581,"Demand":1.0,"DemandMax":null,"Value":49.723070323740004},{"Length":9.469756,"Height":5.104573,"Demand":1.0,"DemandMax":null,"Value":48.339060794188},{"Length":4.842449,"Height":9.903069,"Demand":1.0,"DemandMax":null,"Value":47.955106575981006},{"Length":9.469756,"Height":5.06263,"Demand":1.0,"DemandMax":null,"Value":47.941870818280009},{"Length":6.735893,"Height":7.060957,"Demand":1.0,"DemandMax":null,"Value":47.561850829601},{"Length":5.065164,"Height":9.338417,"Demand":1.0,"DemandMax":null,"Value":47.300613605388},{"Length":3.574707,"Height":13.12777,"Demand":1.0,"DemandMax":null,"Value":46.92793131339},{"Length":6.940611,"Height":6.753723,"Demand":1.0,"DemandMax":null,"Value":46.874964144752994},{"Length":3.580862,"Height":12.9229,"Demand":1.0,"DemandMax":null,"Value":46.275121539800004},{"Length":9.656908,"Height":4.646381,"Demand":1.0,"DemandMax":null,"Value":44.869673849947993},{"Length":4.49399,"Height":9.903069,"Demand":1.0,"DemandMax":null,"Value":44.50429305531},{"Length":3.387571,"Height":13.12777,"Demand":1.0,"DemandMax":null,"Value":44.47125294667},{"Length":5.278531,"Height":8.31716,"Demand":1.0,"DemandMax":null,"Value":43.90238689196},{"Length":6.227175,"Height":6.999572,"Demand":1.0,"DemandMax":null,"Value":43.5875597691},{"Length":4.889036,"Height":8.896605,"Demand":1.0,"DemandMax":null,"Value":43.49582212278},{"Length":11.03122,"Height":3.907597,"Demand":1.0,"DemandMax":null,"Value":43.105562178339994},{"Length":7.525414,"Height":5.674499,"Demand":1.0,"DemandMax":null,"Value":42.702954217586},{"Length":7.997253,"Height":5.323472,"Demand":1.0,"DemandMax":null,"Value":42.573152422415994},{"Length":3.294934,"Height":12.62223,"Demand":1.0,"DemandMax":null,"Value":41.58941478282},{"Length":4.930494,"Height":8.387817,"Demand":1.0,"DemandMax":null,"Value":41.356081391598},{"Length":9.844206,"Height":4.192641,"Demand":1.0,"DemandMax":null,"Value":41.273221688046},{"Length":7.685595,"Height":5.323472,"Demand":1.0,"DemandMax":null,"Value":40.91404978584},{"Length":9.920983,"Height":4.053194,"Demand":1.0,"DemandMax":null,"Value":40.211668769702},{"Length":3.629192,"Height":10.95968,"Demand":1.0,"DemandMax":null,"Value":39.774782978560005},{"Length":10.77054,"Height":3.667423,"Demand":1.0,"DemandMax":null,"Value":39.50012611842},{"Length":6.91962,"Height":5.691561,"Demand":1.0,"DemandMax":null,"Value":39.38343932682},{"Length":12.52354,"Height":3.143008,"Demand":1.0,"DemandMax":null,"Value":39.36158640832},{"Length":3.5458,"Height":10.95968,"Demand":1.0,"DemandMax":null,"Value":38.860833344},{"Length":4.363962,"Height":8.896605,"Demand":1.0,"DemandMax":null,"Value":38.824446149009994},{"Length":4.552175,"Height":8.491278,"Demand":1.0,"DemandMax":null,"Value":38.65378342965},{"Length":6.227175,"Height":6.192425,"Demand":1.0,"DemandMax":null,"Value":38.561314149375},{"Length":5.913961,"Height":6.503916,"Demand":1.0,"DemandMax":null,"Value":38.463905571276},{"Length":5.613832,"Height":6.826768,"Demand":1.0,"DemandMax":null,"Value":38.324328654976007},{"Length":8.378165,"Height":4.564046,"Demand":1.0,"DemandMax":null,"Value":38.238330455589995},{"Length":7.483784,"Height":5.100092,"Demand":1.0,"DemandMax":null,"Value":38.167986908128},{"Length":6.807822,"Height":5.586267,"Demand":1.0,"DemandMax":null,"Value":38.030311380474004},{"Length":8.302926,"Height":4.564046,"Demand":1.0,"DemandMax":null,"Value":37.894936198596},{"Length":8.094145,"Height":4.659058,"Demand":1.0,"DemandMax":null,"Value":37.71109101541},{"Length":8.249693,"Height":4.534417,"Demand":1.0,"DemandMax":null,"Value":37.407548183981007},{"Length":3.699891,"Height":10.07988,"Demand":1.0,"DemandMax":null,"Value":37.29445729308},{"Length":11.03122,"Height":3.343891,"Demand":1.0,"DemandMax":null,"Value":36.88719727702},{"Length":10.07464,"Height":3.661069,"Demand":1.0,"DemandMax":null,"Value":36.88395219016},{"Length":9.754232,"Height":3.765771,"Demand":1.0,"DemandMax":null,"Value":36.732203992872},{"Length":4.605957,"Height":7.920645,"Demand":1.0,"DemandMax":null,"Value":36.482150282265},{"Length":5.095557,"Height":7.153607,"Demand":1.0,"DemandMax":null,"Value":36.451612224099},{"Length":4.107894,"Height":8.872176,"Demand":1.0,"DemandMax":null,"Value":36.445958557344},{"Length":3.023486,"Height":12.04547,"Demand":1.0,"DemandMax":null,"Value":36.419309908420004},{"Length":3.012868,"Height":12.04547,"Demand":1.0,"DemandMax":null,"Value":36.29141110796},{"Length":5.576213,"Height":6.503916,"Demand":1.0,"DemandMax":null,"Value":36.267220950108005},{"Length":7.483784,"Height":4.802977,"Demand":1.0,"DemandMax":null,"Value":35.944442424968},{"Length":2.948639,"Height":11.79235,"Demand":1.0,"DemandMax":null,"Value":34.77138311165},{"Length":7.088935,"Height":4.900146,"Demand":1.0,"DemandMax":null,"Value":34.73681648451},{"Length":4.605957,"Height":7.471278,"Demand":1.0,"DemandMax":null,"Value":34.412385203046},{"Length":10.77054,"Height":3.100402,"Demand":1.0,"DemandMax":null,"Value":33.39300375708},{"Length":9.754232,"Height":3.376215,"Demand":1.0,"DemandMax":null,"Value":32.93238439188},{"Length":7.433155,"Height":4.42419,"Demand":1.0,"DemandMax":null,"Value":32.88569001945},{"Length":6.052022,"Height":5.347996,"Demand":1.0,"DemandMax":null,"Value":32.366189447912},{"Length":4.879656,"Height":6.613434,"Demand":1.0,"DemandMax":null,"Value":32.271282898703994},{"Length":4.879656,"Height":6.578563,"Demand":1.0,"DemandMax":null,"Value":32.101124414328},{"Length":5.303892,"Height":6.035321,"Demand":1.0,"DemandMax":null,"Value":32.010690769332},{"Length":6.91962,"Height":4.612433,"Demand":1.0,"DemandMax":null,"Value":31.91628363546},{"Length":10.77054,"Height":2.931206,"Demand":1.0,"DemandMax":null,"Value":31.57067147124},{"Length":5.065164,"Height":6.14672,"Demand":1.0,"DemandMax":null,"Value":31.134144862080003},{"Length":8.31255,"Height":3.723723,"Demand":1.0,"DemandMax":null,"Value":30.95363362365},{"Length":5.891963,"Height":5.185987,"Demand":1.0,"DemandMax":null,"Value":30.555643522481},{"Length":5.215224,"Height":5.852914,"Demand":1.0,"DemandMax":null,"Value":30.524257562736},{"Length":5.245029,"Height":5.794086,"Demand":1.0,"DemandMax":null,"Value":30.390149098494},{"Length":3.646188,"Height":8.31716,"Demand":1.0,"DemandMax":null,"Value":30.325928986079997},{"Length":3.93866,"Height":7.672579,"Demand":1.0,"DemandMax":null,"Value":30.21968000414},{"Length":10.77054,"Height":2.792378,"Demand":1.0,"DemandMax":null,"Value":30.07541894412},{"Length":9.111749,"Height":3.295904,"Demand":1.0,"DemandMax":null,"Value":30.031449976096},{"Length":5.082402,"Height":5.907918,"Demand":1.0,"DemandMax":null,"Value":30.026414259036},{"Length":9.111749,"Height":3.286564,"Demand":1.0,"DemandMax":null,"Value":29.946346240435997},{"Length":10.77054,"Height":2.710843,"Demand":1.0,"DemandMax":null,"Value":29.197242965220003},{"Length":4.510135,"Height":6.340591,"Demand":1.0,"DemandMax":null,"Value":28.596921389785},{"Length":8.249693,"Height":3.444332,"Demand":1.0,"DemandMax":null,"Value":28.414681590076004},{"Length":3.171883,"Height":8.872176,"Demand":1.0,"DemandMax":null,"Value":28.141504227407996},{"Length":5.245029,"Height":5.343747,"Demand":1.0,"DemandMax":null,"Value":28.028107983662995},{"Length":5.095557,"Height":5.468622,"Demand":1.0,"DemandMax":null,"Value":27.865675112454},{"Length":9.754232,"Height":2.843237,"Demand":1.0,"DemandMax":null,"Value":27.733593328983996},{"Length":2.71261,"Height":10.07988,"Demand":1.0,"DemandMax":null,"Value":27.3427832868},{"Length":3.062282,"Height":8.913073,"Demand":1.0,"DemandMax":null,"Value":27.294343012586005},{"Length":5.082402,"Height":5.36866,"Demand":1.0,"DemandMax":null,"Value":27.285688321320002},{"Length":4.930494,"Height":5.478096,"Demand":1.0,"DemandMax":null,"Value":27.009719459424},{"Length":7.982711,"Height":3.357547,"Demand":1.0,"DemandMax":null,"Value":26.802327369917},{"Length":3.93866,"Height":6.728558,"Demand":1.0,"DemandMax":null,"Value":26.501502252279998},{"Length":6.4125,"Height":4.120667,"Demand":1.0,"DemandMax":null,"Value":26.4237771375},{"Length":7.433155,"Height":3.554559,"Demand":1.0,"DemandMax":null,"Value":26.421588003645},{"Length":5.215224,"Height":5.060515,"Demand":1.0,"DemandMax":null,"Value":26.39171928036},{"Length":7.982711,"Height":3.296854,"Demand":1.0,"DemandMax":null,"Value":26.317832691194003},{"Length":5.339871,"Height":4.900146,"Demand":1.0,"DemandMax":null,"Value":26.166147521166},{"Length":5.459676,"Height":4.744636,"Demand":1.0,"DemandMax":null,"Value":25.904175297936},{"Length":5.303892,"Height":4.878109,"Demand":1.0,"DemandMax":null,"Value":25.872963300228},{"Length":8.31255,"Height":3.103045,"Demand":1.0,"DemandMax":null,"Value":25.794216714749997},{"Length":7.174992,"Height":3.594758,"Demand":1.0,"DemandMax":null,"Value":25.792359891935998},{"Length":4.591284,"Height":5.586267,"Demand":1.0,"DemandMax":null,"Value":25.648138296828},{"Length":5.277406,"Height":4.842976,"Demand":1.0,"DemandMax":null,"Value":25.558350600256002},{"Length":5.250589,"Height":4.842976,"Demand":1.0,"DemandMax":null,"Value":25.428476512864},{"Length":7.525414,"Height":3.341846,"Demand":1.0,"DemandMax":null,"Value":25.148774674244},{"Length":5.154852,"Height":4.842976,"Demand":1.0,"DemandMax":null,"Value":24.964824519552},{"Length":6.91962,"Height":3.561918,"Demand":1.0,"DemandMax":null,"Value":24.64711903116},{"Length":5.838642,"Height":4.192641,"Demand":1.0,"DemandMax":null,"Value":24.479329833522},{"Length":4.552175,"Height":5.374635,"Demand":1.0,"DemandMax":null,"Value":24.466279081125},{"Length":2.743419,"Height":8.913073,"Demand":1.0,"DemandMax":null,"Value":24.452293816587},{"Length":5.274086,"Height":4.620947,"Demand":1.0,"DemandMax":null,"Value":24.371271879442},{"Length":8.094145,"Height":2.982392,"Demand":1.0,"DemandMax":null,"Value":24.139913294839996},{"Length":3.408446,"Height":6.826768,"Demand":1.0,"DemandMax":null,"Value":23.268670082528},{"Length":4.182677,"Height":5.185987,"Demand":1.0,"DemandMax":null,"Value":21.691308547199},{"Length":5.128765,"Height":4.148446,"Demand":1.0,"DemandMax":null,"Value":21.27640464919},{"Length":5.245029,"Height":4.008127,"Demand":1.0,"DemandMax":null,"Value":21.022742350683},{"Length":2.936317,"Height":7.060957,"Demand":1.0,"DemandMax":null,"Value":20.733208075369},{"Length":6.298332,"Height":3.197583,"Demand":1.0,"DemandMax":null,"Value":20.139439331555998},{"Length":6.225205,"Height":3.197583,"Demand":1.0,"DemandMax":null,"Value":19.905609679515},{"Length":4.792218,"Height":4.148446,"Demand":1.0,"DemandMax":null,"Value":19.880257593228}]}