{"Name":"Path8_500","Objects":[{"Length":100.0,"Height":100.0,"Stock":null,"Cost":10000.0}],"Items":[{"Length":18.48019,"Height":31.43579,"Demand":1.0,"DemandMax":null,"Value":580.9393720001},{"Length":29.22077,"Height":17.52315,"Demand":1.0,"DemandMax":null,"Value":512.0399358255},{"Length":13.07034,"Height":32.88415,"Demand":1.0,"DemandMax":null,"Value":429.807021111},{"Length":44.29422,"Height":7.006433,"Demand":1.0,"DemandMax":null,"Value":310.34448471726006},{"Length":26.65539,"Height":11.18886,"Demand":1.0,"DemandMax":null,"Value":298.2434269554},{"Length":22.33995,"Height":10.04158,"Demand":1.0,"DemandMax":null,"Value":224.328395121},{"Length":28.55121,"Height":7.149529,"Demand":1.0,"DemandMax":null,"Value":204.12770388009002},{"Length":7.389126,"Height":22.76313,"Demand":1.0,"DemandMax":null,"Value":168.19963572438002},{"Length":7.012198,"Height":21.30865,"Demand":1.0,"DemandMax":null,"Value":149.4204729127},{"Length":10.37132,"Height":12.66343,"Demand":1.0,"DemandMax":null,"Value":131.3364848276},{"Length":3.43797,"Height":32.88415,"Demand":1.0,"DemandMax":null,"Value":113.05472117549999},{"Length":49.71695,"Height":2.005907,"Demand":1.0,"DemandMax":null,"Value":99.72757802365},{"Length":5.119889,"Height":19.41933,"Demand":1.0,"DemandMax":null,"Value":99.424814054369989},{"Length":34.98652,"Height":2.796407,"Demand":1.0,"DemandMax":null,"Value":97.836549433639988},{"Length":32.98604,"Height":2.804956,"Demand":1.0,"DemandMax":null,"Value":92.524390814240007},{"Length":10.37132,"Height":8.645224,"Demand":1.0,"DemandMax":null,"Value":89.662384575680008},{"Length":25.66441,"Height":3.183212,"Demand":1.0,"DemandMax":null,"Value":81.695257884920011},{"Length":16.49475,"Height":4.839071,"Demand":1.0,"DemandMax":null,"Value":79.819266377249988},{"Length":25.66441,"Height":2.620258,"Demand":1.0,"DemandMax":null,"Value":67.247375617780008},{"Length":5.327657,"Height":11.57549,"Demand":1.0,"DemandMax":null,"Value":61.670240326930006},{"Length":2.103951,"Height":28.23393,"Demand":1.0,"DemandMax":null,"Value":59.402805257429996},{"Length":2.101951,"Height":28.23393,"Demand":1.0,"DemandMax":null,"Value":59.346337397430005},{"Length":19.82856,"Height":2.983186,"Demand":1.0,"DemandMax":null,"Value":59.15228259216},{"Length":25.95881,"Height":2.27599,"Demand":1.0,"DemandMax":null,"Value":59.0819919719},{"Length":17.31798,"Height":3.336475,"Demand":1.0,"DemandMax":null,"Value":57.781007320499995},{"Length":4.787877,"Height":11.18886,"Demand":1.0,"DemandMax":null,"Value":53.57088545022},{"Length":4.205902,"Height":12.64124,"Demand":1.0,"DemandMax":null,"Value":53.16781659848},{"Length":8.930762,"Height":5.904906,"Demand":1.0,"DemandMax":null,"Value":52.735310118372},{"Length":4.270201,"Height":12.11271,"Demand":1.0,"DemandMax":null,"Value":51.72370635471},{"Length":42.28485,"Height":1.109966,"Demand":1.0,"DemandMax":null,"Value":46.9347458151},{"Length":23.75815,"Height":1.957794,"Demand":1.0,"DemandMax":null,"Value":46.513563521100004},{"Length":4.892753,"Height":9.344406,"Demand":1.0,"DemandMax":null,"Value":45.719870489718},{"Length":11.44473,"Height":3.956148,"Demand":1.0,"DemandMax":null,"Value":45.27704570004},{"Length":1.343414,"Height":32.88415,"Demand":1.0,"DemandMax":null,"Value":44.1770274881},{"Length":49.71695,"Height":0.8764352,"Demand":1.0,"DemandMax":null,"Value":43.57368501664},{"Length":1.305674,"Height":32.88415,"Demand":1.0,"DemandMax":null,"Value":42.9359796671},{"Length":8.273082,"Height":5.145122,"Demand":1.0,"DemandMax":null,"Value":42.566016206004},{"Length":5.665903,"Height":7.448084,"Demand":1.0,"DemandMax":null,"Value":42.200121479852},{"Length":1.165386,"Height":36.02566,"Demand":1.0,"DemandMax":null,"Value":41.983799804760004},{"Length":40.34374,"Height":1.014707,"Demand":1.0,"DemandMax":null,"Value":40.93707538418},{"Length":7.821338,"Height":5.180824,"Demand":1.0,"DemandMax":null,"Value":40.520975622512005},{"Length":2.864068,"Height":14.03388,"Demand":1.0,"DemandMax":null,"Value":40.19398662384},{"Length":8.461454,"Height":4.727318,"Demand":1.0,"DemandMax":null,"Value":39.999983800372},{"Length":4.205902,"Height":9.410501,"Demand":1.0,"DemandMax":null,"Value":39.579644976902},{"Length":1.199574,"Height":32.5044,"Demand":1.0,"DemandMax":null,"Value":38.9914331256},{"Length":5.046082,"Height":7.494623,"Demand":1.0,"DemandMax":null,"Value":37.818482217086},{"Length":13.47381,"Height":2.804956,"Demand":1.0,"DemandMax":null,"Value":37.79344420236},{"Length":1.900309,"Height":19.41933,"Demand":1.0,"DemandMax":null,"Value":36.90272757297},{"Length":40.82103,"Height":0.8822655,"Demand":1.0,"DemandMax":null,"Value":36.014986443465},{"Length":8.147404,"Height":4.401109,"Demand":1.0,"DemandMax":null,"Value":35.857613071036},{"Length":5.551275,"Height":6.325323,"Demand":1.0,"DemandMax":null,"Value":35.113607436825},{"Length":3.147127,"Height":11.10568,"Demand":1.0,"DemandMax":null,"Value":34.95098538136},{"Length":5.574681,"Height":6.075014,"Demand":1.0,"DemandMax":null,"Value":33.866265120534},{"Length":9.946587,"Height":3.393846,"Demand":1.0,"DemandMax":null,"Value":33.757184503602},{"Length":3.490146,"Height":9.217106,"Demand":1.0,"DemandMax":null,"Value":32.169045637475996},{"Length":40.34374,"Height":0.7971897,"Demand":1.0,"DemandMax":null,"Value":32.161613987478},{"Length":33.86034,"Height":0.9352912,"Demand":1.0,"DemandMax":null,"Value":31.669278031008},{"Length":2.587924,"Height":11.57549,"Demand":1.0,"DemandMax":null,"Value":29.956488382760003},{"Length":1.904535,"Height":15.54576,"Demand":1.0,"DemandMax":null,"Value":29.6074440216},{"Length":2.138736,"Height":13.62099,"Demand":1.0,"DemandMax":null,"Value":29.131701668640005},{"Length":12.77409,"Height":2.280288,"Demand":1.0,"DemandMax":null,"Value":29.12860413792},{"Length":2.502983,"Height":11.57549,"Demand":1.0,"DemandMax":null,"Value":28.97325468667},{"Length":38.06985,"Height":0.7538753,"Demand":1.0,"DemandMax":null,"Value":28.699919589705004},{"Length":17.10649,"Height":1.675861,"Demand":1.0,"DemandMax":null,"Value":28.668099437890003},{"Length":5.161937,"Height":5.476093,"Demand":1.0,"DemandMax":null,"Value":28.267247072140997},{"Length":13.23964,"Height":2.071983,"Demand":1.0,"DemandMax":null,"Value":27.432309006119997},{"Length":5.240273,"Height":4.948474,"Demand":1.0,"DemandMax":null,"Value":25.931354693402},{"Length":9.86661,"Height":2.618365,"Demand":1.0,"DemandMax":null,"Value":25.83438629265},{"Length":5.046082,"Height":5.104772,"Demand":1.0,"DemandMax":null,"Value":25.759098103303998},{"Length":12.98661,"Height":1.88459,"Demand":1.0,"DemandMax":null,"Value":24.4744353399},{"Length":9.468125,"Height":2.530887,"Demand":1.0,"DemandMax":null,"Value":23.962754476875002},{"Length":27.12752,"Height":0.8801394,"Demand":1.0,"DemandMax":null,"Value":23.875999176288},{"Length":6.886412,"Height":3.448444,"Demand":1.0,"DemandMax":null,"Value":23.747406142928},{"Length":4.306188,"Height":5.476093,"Demand":1.0,"DemandMax":null,"Value":23.581085963483996},{"Length":5.665903,"Height":4.127411,"Demand":1.0,"DemandMax":null,"Value":23.385510367133},{"Length":17.31798,"Height":1.308522,"Demand":1.0,"DemandMax":null,"Value":22.660957825559997},{"Length":1.490301,"Height":15.0993,"Demand":1.0,"DemandMax":null,"Value":22.5025018893},{"Length":18.60352,"Height":1.207389,"Demand":1.0,"DemandMax":null,"Value":22.46168540928},{"Length":4.703446,"Height":4.727318,"Demand":1.0,"DemandMax":null,"Value":22.234684937828},{"Length":26.07933,"Height":0.8408075,"Demand":1.0,"DemandMax":null,"Value":21.927696258975},{"Length":23.7682,"Height":0.8977486,"Demand":1.0,"DemandMax":null,"Value":21.33786827452},{"Length":29.03985,"Height":0.7187802,"Demand":1.0,"DemandMax":null,"Value":20.87326919097},{"Length":44.27997,"Height":0.4646543,"Demand":1.0,"DemandMax":null,"Value":20.574878464371},{"Length":4.310273,"Height":4.727318,"Demand":1.0,"DemandMax":null,"Value":20.376031137814},{"Length":4.309251,"Height":4.727318,"Demand":1.0,"DemandMax":null,"Value":20.371199818818},{"Length":1.11526,"Height":18.22858,"Demand":1.0,"DemandMax":null,"Value":20.3296061308},{"Length":1.165386,"Height":17.21215,"Demand":1.0,"DemandMax":null,"Value":20.0587986399},{"Length":16.93354,"Height":1.109966,"Demand":1.0,"DemandMax":null,"Value":18.79565365964},{"Length":18.41543,"Height":1.020072,"Demand":1.0,"DemandMax":null,"Value":18.78506451096},{"Length":2.174849,"Height":8.598366,"Demand":1.0,"DemandMax":null,"Value":18.700147696734},{"Length":7.283349,"Height":2.539425,"Demand":1.0,"DemandMax":null,"Value":18.495518534325},{"Length":5.373835,"Height":3.377814,"Demand":1.0,"DemandMax":null,"Value":18.151815096689997},{"Length":14.40578,"Height":1.258419,"Demand":1.0,"DemandMax":null,"Value":18.128507261819998},{"Length":22.4193,"Height":0.7864456,"Demand":1.0,"DemandMax":null,"Value":17.631559840079998},{"Length":41.89831,"Height":0.4190575,"Demand":1.0,"DemandMax":null,"Value":17.557801042825},{"Length":1.961874,"Height":8.864092,"Demand":1.0,"DemandMax":null,"Value":17.390231628408},{"Length":1.132076,"Height":15.0993,"Demand":1.0,"DemandMax":null,"Value":17.0935551468},{"Length":0.5411331,"Height":31.18528,"Demand":1.0,"DemandMax":null,"Value":16.875387240768},{"Length":9.182173,"Height":1.811897,"Demand":1.0,"DemandMax":null,"Value":16.637151712181},{"Length":4.110095,"Height":3.965471,"Demand":1.0,"DemandMax":null,"Value":16.298462529745002},{"Length":1.402909,"Height":11.10568,"Demand":1.0,"DemandMax":null,"Value":15.580258423119998},{"Length":5.279313,"Height":2.929923,"Demand":1.0,"DemandMax":null,"Value":15.467980582899001},{"Length":15.64238,"Height":0.9807058,"Demand":1.0,"DemandMax":null,"Value":15.340572791803998},{"Length":3.214414,"Height":4.722567,"Demand":1.0,"DemandMax":null,"Value":15.180285480738},{"Length":2.165623,"Height":7.006433,"Demand":1.0,"DemandMax":null,"Value":15.173292452759002},{"Length":1.299051,"Height":11.57549,"Demand":1.0,"DemandMax":null,"Value":15.03715185999},{"Length":1.119947,"Height":13.37092,"Demand":1.0,"DemandMax":null,"Value":14.97472174124},{"Length":1.417244,"Height":10.51534,"Demand":1.0,"DemandMax":null,"Value":14.90280252296},{"Length":18.40746,"Height":0.7990072,"Demand":1.0,"DemandMax":null,"Value":14.707693073712},{"Length":3.200322,"Height":4.541661,"Demand":1.0,"DemandMax":null,"Value":14.534777614842001},{"Length":6.213506,"Height":2.326699,"Demand":1.0,"DemandMax":null,"Value":14.456958196694},{"Length":0.9507869,"Height":15.0993,"Demand":1.0,"DemandMax":null,"Value":14.356216639169999},{"Length":25.72704,"Height":0.5554174,"Demand":1.0,"DemandMax":null,"Value":14.289245666495997},{"Length":8.930762,"Height":1.568636,"Demand":1.0,"DemandMax":null,"Value":14.009114780631998},{"Length":0.6108863,"Height":22.76313,"Demand":1.0,"DemandMax":null,"Value":13.905684262119},{"Length":1.284766,"Height":10.82096,"Demand":1.0,"DemandMax":null,"Value":13.90240149536},{"Length":1.585635,"Height":8.598366,"Demand":1.0,"DemandMax":null,"Value":13.63387007241},{"Length":15.80584,"Height":0.8588231,"Demand":1.0,"DemandMax":null,"Value":13.574420506904},{"Length":2.719837,"Height":4.954004,"Demand":1.0,"DemandMax":null,"Value":13.474083377348002},{"Length":1.568114,"Height":8.560877,"Demand":1.0,"DemandMax":null,"Value":13.424431075978},{"Length":1.564067,"Height":8.560877,"Demand":1.0,"DemandMax":null,"Value":13.389785206759},{"Length":1.702706,"Height":7.833915,"Demand":1.0,"DemandMax":null,"Value":13.338854073990001},{"Length":1.516072,"Height":8.796582,"Demand":1.0,"DemandMax":null,"Value":13.336251665904001},{"Length":31.14133,"Height":0.4261903,"Demand":1.0,"DemandMax":null,"Value":13.272132775099001},{"Length":1.881527,"Height":7.051124,"Demand":1.0,"DemandMax":null,"Value":13.266880186347999},{"Length":7.353967,"Height":1.796711,"Demand":1.0,"DemandMax":null,"Value":13.212953402537},{"Length":29.22077,"Height":0.4521113,"Demand":1.0,"DemandMax":null,"Value":13.211040311701},{"Length":3.519507,"Height":3.723863,"Demand":1.0,"DemandMax":null,"Value":13.106161895541},{"Length":22.53758,"Height":0.5814068,"Demand":1.0,"DemandMax":null,"Value":13.103502267543998},{"Length":33.86034,"Height":0.383868,"Demand":1.0,"DemandMax":null,"Value":12.99790099512},{"Length":29.22077,"Height":0.4430476,"Demand":1.0,"DemandMax":null,"Value":12.946192018652},{"Length":3.724937,"Height":3.465569,"Demand":1.0,"DemandMax":null,"Value":12.909026194153},{"Length":25.4798,"Height":0.5039228,"Demand":1.0,"DemandMax":null,"Value":12.839852159440001},{"Length":2.425063,"Height":5.200275,"Demand":1.0,"DemandMax":null,"Value":12.610994492325002},{"Length":23.7682,"Height":0.5283589,"Demand":1.0,"DemandMax":null,"Value":12.558140006979999},{"Length":0.7895064,"Height":15.75238,"Demand":1.0,"DemandMax":null,"Value":12.436604825232001},{"Length":6.812554,"Height":1.822082,"Demand":1.0,"DemandMax":null,"Value":12.413032017428002},{"Length":4.351517,"Height":2.848619,"Demand":1.0,"DemandMax":null,"Value":12.395814005023},{"Length":4.783896,"Height":2.577135,"Demand":1.0,"DemandMax":null,"Value":12.328745817960002},{"Length":0.6431479,"Height":19.16384,"Demand":1.0,"DemandMax":null,"Value":12.325183451936},{"Length":18.60352,"Height":0.6614795,"Demand":1.0,"DemandMax":null,"Value":12.30584710784},{"Length":5.385577,"Height":2.27849,"Demand":1.0,"DemandMax":null,"Value":12.27098333873},{"Length":0.3696217,"Height":32.88415,"Demand":1.0,"DemandMax":null,"Value":12.154695426055},{"Length":2.565823,"Height":4.727318,"Demand":1.0,"DemandMax":null,"Value":12.129461252714},{"Length":1.082008,"Height":11.18886,"Demand":1.0,"DemandMax":null,"Value":12.106436030880001},{"Length":0.5792734,"Height":20.87317,"Demand":1.0,"DemandMax":null,"Value":12.091272154678},{"Length":13.68267,"Height":0.8657346,"Demand":1.0,"DemandMax":null,"Value":11.845560839382},{"Length":1.381526,"Height":8.560877,"Demand":1.0,"DemandMax":null,"Value":11.827074158302},{"Length":0.7895064,"Height":14.83002,"Demand":1.0,"DemandMax":null,"Value":11.708395702128},{"Length":0.6357287,"Height":18.36544,"Demand":1.0,"DemandMax":null,"Value":11.675437296128},{"Length":6.963037,"Height":1.676332,"Demand":1.0,"DemandMax":null,"Value":11.672361740284},{"Length":2.23417,"Height":5.214384,"Demand":1.0,"DemandMax":null,"Value":11.64982030128},{"Length":31.14133,"Height":0.3728168,"Demand":1.0,"DemandMax":null,"Value":11.610010998344},{"Length":27.51414,"Height":0.4216839,"Demand":1.0,"DemandMax":null,"Value":11.602269860346},{"Length":10.60445,"Height":1.092688,"Demand":1.0,"DemandMax":null,"Value":11.5873552616},{"Length":16.50631,"Height":0.6988283,"Demand":1.0,"DemandMax":null,"Value":11.535076556573},{"Length":2.339825,"Height":4.926581,"Demand":1.0,"DemandMax":null,"Value":11.527337388324998},{"Length":17.42987,"Height":0.6593305,"Demand":1.0,"DemandMax":null,"Value":11.492044902035001},{"Length":1.417244,"Height":8.094346,"Demand":1.0,"DemandMax":null,"Value":11.471663302424},{"Length":0.3488216,"Height":32.88415,"Demand":1.0,"DemandMax":null,"Value":11.47070181764},{"Length":0.5978971,"Height":19.16384,"Demand":1.0,"DemandMax":null,"Value":11.458004360863999},{"Length":11.92224,"Height":0.9568015,"Demand":1.0,"DemandMax":null,"Value":11.40721711536},{"Length":12.96318,"Height":0.8780615,"Demand":1.0,"DemandMax":null,"Value":11.382469275570001},{"Length":8.627645,"Height":1.319159,"Demand":1.0,"DemandMax":null,"Value":11.381235550555},{"Length":9.520398,"Height":1.19438,"Demand":1.0,"DemandMax":null,"Value":11.37097296324},{"Length":17.187,"Height":0.6593305,"Demand":1.0,"DemandMax":null,"Value":11.331913303500002},{"Length":16.24851,"Height":0.6948085,"Demand":1.0,"DemandMax":null,"Value":11.289602860335},{"Length":5.558367,"Height":2.027345,"Demand":1.0,"DemandMax":null,"Value":11.268727545614999},{"Length":25.20669,"Height":0.4461281,"Demand":1.0,"DemandMax":null,"Value":11.245412716989},{"Length":1.132524,"Height":9.928382,"Demand":1.0,"DemandMax":null,"Value":11.244130896168},{"Length":3.14429,"Height":3.574285,"Demand":1.0,"DemandMax":null,"Value":11.23858858265},{"Length":29.22077,"Height":0.3842635,"Demand":1.0,"DemandMax":null,"Value":11.228475352895},{"Length":10.97391,"Height":1.020072,"Demand":1.0,"DemandMax":null,"Value":11.19417832152},{"Length":7.105147,"Height":1.575252,"Demand":1.0,"DemandMax":null,"Value":11.192397022044},{"Length":28.71523,"Height":0.3888828,"Demand":1.0,"DemandMax":null,"Value":11.166859045044},{"Length":0.861371,"Height":12.94171,"Demand":1.0,"DemandMax":null,"Value":11.14761368441},{"Length":0.7771747,"Height":14.27446,"Demand":1.0,"DemandMax":null,"Value":11.093749168161999},{"Length":0.4866628,"Height":22.76313,"Demand":1.0,"DemandMax":null,"Value":11.077968582564},{"Length":0.6051088,"Height":18.22858,"Demand":1.0,"DemandMax":null,"Value":11.030274169504},{"Length":0.3350879,"Height":32.88415,"Demand":1.0,"DemandMax":null,"Value":11.019080766784999},{"Length":8.147404,"Height":1.349279,"Demand":1.0,"DemandMax":null,"Value":10.993121121716},{"Length":2.263591,"Height":4.853977,"Demand":1.0,"DemandMax":null,"Value":10.987418651407001},{"Length":11.33296,"Height":0.9690235,"Demand":1.0,"DemandMax":null,"Value":10.98190456456},{"Length":7.048688,"Height":1.55118,"Demand":1.0,"DemandMax":null,"Value":10.933783851840001},{"Length":0.3496702,"Height":31.18528,"Demand":1.0,"DemandMax":null,"Value":10.904563094656},{"Length":18.79983,"Height":0.5797208,"Demand":1.0,"DemandMax":null,"Value":10.898652487464},{"Length":5.371288,"Height":2.026971,"Demand":1.0,"DemandMax":null,"Value":10.887445008648},{"Length":1.306769,"Height":8.293747,"Demand":1.0,"DemandMax":null,"Value":10.838011473443},{"Length":10.60445,"Height":1.021825,"Demand":1.0,"DemandMax":null,"Value":10.83589212125},{"Length":9.055087,"Height":1.19438,"Demand":1.0,"DemandMax":null,"Value":10.81521481106},{"Length":0.5297555,"Height":20.41186,"Demand":1.0,"DemandMax":null,"Value":10.813295100230002},{"Length":18.20421,"Height":0.591823,"Demand":1.0,"DemandMax":null,"Value":10.77367017483},{"Length":5.26731,"Height":2.043948,"Demand":1.0,"DemandMax":null,"Value":10.766107739879999},{"Length":12.20083,"Height":0.8780615,"Demand":1.0,"DemandMax":null,"Value":10.713079091045001},{"Length":8.930762,"Height":1.199122,"Demand":1.0,"DemandMax":null,"Value":10.709073190964},{"Length":2.170278,"Height":4.923856,"Demand":1.0,"DemandMax":null,"Value":10.686136351968},{"Length":18.35762,"Height":0.5814068,"Demand":1.0,"DemandMax":null,"Value":10.673245099816},{"Length":1.086829,"Height":9.811389,"Demand":1.0,"DemandMax":null,"Value":10.663302095481},{"Length":0.7895064,"Height":13.46171,"Demand":1.0,"DemandMax":null,"Value":10.628106199944002},{"Length":2.170278,"Height":4.887533,"Demand":1.0,"DemandMax":null,"Value":10.607305344174002},{"Length":25.78965,"Height":0.4110323,"Demand":1.0,"DemandMax":null,"Value":10.600379155695002},{"Length":22.4193,"Height":0.471973,"Demand":1.0,"DemandMax":null,"Value":10.5813042789},{"Length":2.263591,"Height":4.667764,"Demand":1.0,"DemandMax":null,"Value":10.565908580523999},{"Length":13.23964,"Height":0.7966095,"Demand":1.0,"DemandMax":null,"Value":10.54682300058},{"Length":3.303915,"Height":3.175652,"Demand":1.0,"DemandMax":null,"Value":10.49208427758},{"Length":8.765605,"Height":1.19438,"Demand":1.0,"DemandMax":null,"Value":10.469463299900001},{"Length":19.43449,"Height":0.5381724,"Demand":1.0,"DemandMax":null,"Value":10.459106126076},{"Length":1.181487,"Height":8.796582,"Demand":1.0,"DemandMax":null,"Value":10.393047277434},{"Length":11.92224,"Height":0.869832,"Demand":1.0,"DemandMax":null,"Value":10.37034586368},{"Length":12.76056,"Height":0.8122904,"Demand":1.0,"DemandMax":null,"Value":10.365280386623999},{"Length":0.7781398,"Height":13.28321,"Demand":1.0,"DemandMax":null,"Value":10.336194372758001},{"Length":7.422414,"Height":1.390626,"Demand":1.0,"DemandMax":null,"Value":10.321801891163998},{"Length":18.55293,"Height":0.5554174,"Demand":1.0,"DemandMax":null,"Value":10.304620142982},{"Length":0.6357287,"Height":16.14874,"Demand":1.0,"DemandMax":null,"Value":10.266217486838},{"Length":1.966646,"Height":5.214384,"Demand":1.0,"DemandMax":null,"Value":10.254847436063999},{"Length":8.147404,"Height":1.258092,"Demand":1.0,"DemandMax":null,"Value":10.250183793168},{"Length":29.22077,"Height":0.350018,"Demand":1.0,"DemandMax":null,"Value":10.22779547386},{"Length":2.253903,"Height":4.534541,"Demand":1.0,"DemandMax":null,"Value":10.220415563523002},{"Length":6.903751,"Height":1.467811,"Demand":1.0,"DemandMax":null,"Value":10.133401659060999},{"Length":0.7895064,"Height":12.83155,"Demand":1.0,"DemandMax":null,"Value":10.13059084692},{"Length":12.44613,"Height":0.8122904,"Demand":1.0,"DemandMax":null,"Value":10.109871916152},{"Length":2.928263,"Height":3.448444,"Demand":1.0,"DemandMax":null,"Value":10.097950972771999},{"Length":1.429152,"Height":7.051124,"Demand":1.0,"DemandMax":null,"Value":10.077127966848},{"Length":8.683801,"Height":1.156799,"Demand":1.0,"DemandMax":null,"Value":10.045412312999},{"Length":0.5159599,"Height":19.16384,"Demand":1.0,"DemandMax":null,"Value":9.887772970016},{"Length":4.332399,"Height":2.280288,"Demand":1.0,"DemandMax":null,"Value":9.879117450912},{"Length":2.369934,"Height":4.158667,"Demand":1.0,"DemandMax":null,"Value":9.8557663179780022},{"Length":9.660773,"Height":1.020072,"Demand":1.0,"DemandMax":null,"Value":9.8546840356560015},{"Length":15.80584,"Height":0.6211212,"Demand":1.0,"DemandMax":null,"Value":9.8173423078080013},{"Length":2.719837,"Height":3.606873,"Demand":1.0,"DemandMax":null,"Value":9.810106639701},{"Length":1.142316,"Height":8.560877,"Demand":1.0,"DemandMax":null,"Value":9.779226771132},{"Length":20.22842,"Height":0.4818564,"Demand":1.0,"DemandMax":null,"Value":9.747193638888},{"Length":23.11044,"Height":0.42175,"Demand":1.0,"DemandMax":null,"Value":9.7468280700000012},{"Length":8.683801,"Height":1.121691,"Demand":1.0,"DemandMax":null,"Value":9.7405414274910012},{"Length":16.77683,"Height":0.5797208,"Demand":1.0,"DemandMax":null,"Value":9.7258773090640016},{"Length":0.5335345,"Height":18.22858,"Demand":1.0,"DemandMax":null,"Value":9.72557631601},{"Length":2.070285,"Height":4.694983,"Demand":1.0,"DemandMax":null,"Value":9.719952880155},{"Length":29.22077,"Height":0.3303467,"Demand":1.0,"DemandMax":null,"Value":9.652984940959},{"Length":3.798036,"Height":2.539425,"Demand":1.0,"DemandMax":null,"Value":9.6448275693},{"Length":2.070285,"Height":4.649423,"Demand":1.0,"DemandMax":null,"Value":9.625630695555},{"Length":2.025709,"Height":4.750503,"Demand":1.0,"DemandMax":null,"Value":9.623136681627},{"Length":0.9518067,"Height":10.04158,"Demand":1.0,"DemandMax":null,"Value":9.557643122586},{"Length":3.823676,"Height":2.49795,"Demand":1.0,"DemandMax":null,"Value":9.5513514642},{"Length":7.228967,"Height":1.319159,"Demand":1.0,"DemandMax":null,"Value":9.536156878753},{"Length":1.826038,"Height":5.200275,"Demand":1.0,"DemandMax":null,"Value":9.4958997604500013},{"Length":11.08138,"Height":0.8544212,"Demand":1.0,"DemandMax":null,"Value":9.468165997256},{"Length":1.786338,"Height":5.291793,"Demand":1.0,"DemandMax":null,"Value":9.452930924034},{"Length":7.862235,"Height":1.19438,"Demand":1.0,"DemandMax":null,"Value":9.3904962393},{"Length":0.4047539,"Height":23.06802,"Demand":1.0,"DemandMax":null,"Value":9.336871060278},{"Length":0.6182315,"Height":15.0993,"Demand":1.0,"DemandMax":null,"Value":9.33486288795},{"Length":6.346588,"Height":1.467811,"Demand":1.0,"DemandMax":null,"Value":9.315591678868},{"Length":3.526339,"Height":2.637852,"Demand":1.0,"DemandMax":null,"Value":9.301960383828},{"Length":2.740232,"Height":3.393846,"Demand":1.0,"DemandMax":null,"Value":9.299925412272},{"Length":6.657074,"Height":1.390626,"Demand":1.0,"DemandMax":null,"Value":9.2575001883239985},{"Length":19.65364,"Height":0.4707013,"Demand":1.0,"DemandMax":null,"Value":9.250993897732},{"Length":2.413715,"Height":3.812042,"Demand":1.0,"DemandMax":null,"Value":9.20118295603},{"Length":2.140123,"Height":4.272429,"Demand":1.0,"DemandMax":null,"Value":9.143523568767},{"Length":5.263645,"Height":1.73596,"Demand":1.0,"DemandMax":null,"Value":9.1374771742},{"Length":0.6400689,"Height":14.27446,"Demand":1.0,"DemandMax":null,"Value":9.136637910294},{"Length":5.007249,"Height":1.811897,"Demand":1.0,"DemandMax":null,"Value":9.072619441353},{"Length":7.08139,"Height":1.276664,"Demand":1.0,"DemandMax":null,"Value":9.04055568296},{"Length":1.306769,"Height":6.904577,"Demand":1.0,"DemandMax":null,"Value":9.022687181713},{"Length":0.8475513,"Height":10.62275,"Demand":1.0,"DemandMax":null,"Value":9.003325572075},{"Length":2.518313,"Height":3.574285,"Demand":1.0,"DemandMax":null,"Value":9.001168381205},{"Length":19.60348,"Height":0.4589372,"Demand":1.0,"DemandMax":null,"Value":8.9967662214560011},{"Length":9.468125,"Height":0.9500256,"Demand":1.0,"DemandMax":null,"Value":8.994961134},{"Length":0.9433268,"Height":9.48559,"Demand":1.0,"DemandMax":null,"Value":8.948011260812},{"Length":1.411762,"Height":6.325323,"Demand":1.0,"DemandMax":null,"Value":8.929850649126},{"Length":5.131241,"Height":1.73596,"Demand":1.0,"DemandMax":null,"Value":8.90762912636},{"Length":0.4647782,"Height":19.16384,"Demand":1.0,"DemandMax":null,"Value":8.906935060288},{"Length":12.71446,"Height":0.6988283,"Demand":1.0,"DemandMax":null,"Value":8.885224467218},{"Length":2.484624,"Height":3.574285,"Demand":1.0,"DemandMax":null,"Value":8.88075429384},{"Length":2.799718,"Height":3.170436,"Demand":1.0,"DemandMax":null,"Value":8.876326737048},{"Length":3.16695,"Height":2.796407,"Demand":1.0,"DemandMax":null,"Value":8.8560811486499986},{"Length":3.526339,"Height":2.50727,"Demand":1.0,"DemandMax":null,"Value":8.84148398453},{"Length":0.3831805,"Height":23.06802,"Demand":1.0,"DemandMax":null,"Value":8.83921543761},{"Length":2.551627,"Height":3.448444,"Demand":1.0,"DemandMax":null,"Value":8.7991428183879989},{"Length":1.027387,"Height":8.560877,"Demand":1.0,"DemandMax":null,"Value":8.795333738399},{"Length":1.013829,"Height":8.672665,"Demand":1.0,"DemandMax":null,"Value":8.7925992842850018},{"Length":11.6471,"Height":0.7538753,"Demand":1.0,"DemandMax":null,"Value":8.78046100663},{"Length":26.45242,"Height":0.3301594,"Demand":1.0,"DemandMax":null,"Value":8.733515115748},{"Length":0.4557191,"Height":19.16384,"Demand":1.0,"DemandMax":null,"Value":8.733327917344},{"Length":4.645184,"Height":1.878697,"Demand":1.0,"DemandMax":null,"Value":8.7268932452480019},{"Length":14.32919,"Height":0.6060432,"Demand":1.0,"DemandMax":null,"Value":8.684108161008},{"Length":17.31798,"Height":0.5001249,"Demand":1.0,"DemandMax":null,"Value":8.6611530157019985},{"Length":5.371288,"Height":1.610896,"Demand":1.0,"DemandMax":null,"Value":8.652586354048001},{"Length":11.15888,"Height":0.7744182,"Demand":1.0,"DemandMax":null,"Value":8.6416397636159985},{"Length":4.959741,"Height":1.741408,"Demand":1.0,"DemandMax":null,"Value":8.6369326553280015},{"Length":3.449904,"Height":2.497621,"Demand":1.0,"DemandMax":null,"Value":8.616552678384},{"Length":1.809297,"Height":4.727318,"Demand":1.0,"DemandMax":null,"Value":8.553122275446},{"Length":1.646787,"Height":5.180824,"Demand":1.0,"DemandMax":null,"Value":8.531713612488},{"Length":3.441843,"Height":2.477443,"Demand":1.0,"DemandMax":null,"Value":8.526969847449001},{"Length":1.722764,"Height":4.948474,"Demand":1.0,"DemandMax":null,"Value":8.525052862136},{"Length":0.6135376,"Height":13.8792,"Demand":1.0,"DemandMax":null,"Value":8.5154110579200015},{"Length":9.468125,"Height":0.8987443,"Demand":1.0,"DemandMax":null,"Value":8.5094233754375015},{"Length":1.755405,"Height":4.839071,"Demand":1.0,"DemandMax":null,"Value":8.494529428755},{"Length":5.828117,"Height":1.456092,"Demand":1.0,"DemandMax":null,"Value":8.4862745387639986},{"Length":7.447518,"Height":1.137363,"Demand":1.0,"DemandMax":null,"Value":8.470531415034},{"Length":3.441843,"Height":2.449139,"Demand":1.0,"DemandMax":null,"Value":8.429551923177},{"Length":2.201325,"Height":3.812042,"Demand":1.0,"DemandMax":null,"Value":8.39154335565},{"Length":0.4272512,"Height":19.41933,"Demand":1.0,"DemandMax":null,"Value":8.296932045696},{"Length":15.62939,"Height":0.530795,"Demand":1.0,"DemandMax":null,"Value":8.29600206505},{"Length":0.8231009,"Height":10.04158,"Demand":1.0,"DemandMax":null,"Value":8.265233535422},{"Length":0.8228174,"Height":10.04158,"Demand":1.0,"DemandMax":null,"Value":8.262386747492},{"Length":1.981583,"Height":4.158667,"Demand":1.0,"DemandMax":null,"Value":8.2407438298610014},{"Length":16.66047,"Height":0.4945822,"Demand":1.0,"DemandMax":null,"Value":8.239971905634},{"Length":2.020607,"Height":4.067286,"Demand":1.0,"DemandMax":null,"Value":8.2183865626020012},{"Length":15.80584,"Height":0.5190883,"Demand":1.0,"DemandMax":null,"Value":8.204626615672},{"Length":1.314418,"Height":6.235207,"Demand":1.0,"DemandMax":null,"Value":8.1956683145260012},{"Length":8.867158,"Height":0.9231463,"Demand":1.0,"DemandMax":null,"Value":8.1856840992154},{"Length":20.11317,"Height":0.4065207,"Demand":1.0,"DemandMax":null,"Value":8.1764199476190011},{"Length":1.306741,"Height":6.235207,"Demand":1.0,"DemandMax":null,"Value":8.147800630387},{"Length":0.5860367,"Height":13.8792,"Demand":1.0,"DemandMax":null,"Value":8.13372056664},{"Length":9.211144,"Height":0.8822655,"Demand":1.0,"DemandMax":null,"Value":8.1266745667320013},{"Length":0.3174982,"Height":25.51044,"Demand":1.0,"DemandMax":null,"Value":8.099518781208},{"Length":3.238117,"Height":2.497621,"Demand":1.0,"DemandMax":null,"Value":8.087589019657},{"Length":0.9317464,"Height":8.560877,"Demand":1.0,"DemandMax":null,"Value":7.9765663255928},{"Length":25.16401,"Height":0.3163188,"Demand":1.0,"DemandMax":null,"Value":7.9598494463880005},{"Length":3.410306,"Height":2.324162,"Demand":1.0,"DemandMax":null,"Value":7.9261036135719989},{"Length":18.78787,"Height":0.42175,"Demand":1.0,"DemandMax":null,"Value":7.9237841725000013},{"Length":9.468125,"Height":0.8275848,"Demand":1.0,"DemandMax":null,"Value":7.8356763345000005},{"Length":1.029913,"Height":7.603398,"Demand":1.0,"DemandMax":null,"Value":7.8308384443740007},{"Length":2.467592,"Height":3.170436,"Demand":1.0,"DemandMax":null,"Value":7.8233425101119991},{"Length":0.4062638,"Height":19.16384,"Demand":1.0,"DemandMax":null,"Value":7.7855744609920006},{"Length":0.4397798,"Height":17.67155,"Demand":1.0,"DemandMax":null,"Value":7.77159072469},{"Length":13.39799,"Height":0.5797208,"Demand":1.0,"DemandMax":null,"Value":7.7670934811920009},{"Length":1.572298,"Height":4.926581,"Demand":1.0,"DemandMax":null,"Value":7.746053453137999},{"Length":3.799641,"Height":2.037892,"Demand":1.0,"DemandMax":null,"Value":7.743257996771999},{"Length":8.771021,"Height":0.8822655,"Demand":1.0,"DemandMax":null,"Value":7.7383692280754994},{"Length":4.270026,"Height":1.811897,"Demand":1.0,"DemandMax":null,"Value":7.736847299322},{"Length":23.7682,"Height":0.3251685,"Demand":1.0,"DemandMax":null,"Value":7.7286699417000007},{"Length":9.468125,"Height":0.8156724,"Demand":1.0,"DemandMax":null,"Value":7.72288824225},{"Length":2.025709,"Height":3.810374,"Demand":1.0,"DemandMax":null,"Value":7.7187089051659994},{"Length":15.30181,"Height":0.5039228,"Demand":1.0,"DemandMax":null,"Value":7.710930940268},{"Length":1.803537,"Height":4.272429,"Demand":1.0,"DemandMax":null,"Value":7.7054837813729993},{"Length":9.946705,"Height":0.7744182,"Demand":1.0,"DemandMax":null,"Value":7.7029093820309988},{"Length":2.741725,"Height":2.796407,"Demand":1.0,"DemandMax":null,"Value":7.666978982075},{"Length":3.75807,"Height":2.037892,"Demand":1.0,"DemandMax":null,"Value":7.658540788439999},{"Length":3.724937,"Height":2.055362,"Demand":1.0,"DemandMax":null,"Value":7.6560939621940012},{"Length":13.23964,"Height":0.5774384,"Demand":1.0,"DemandMax":null,"Value":7.645076538176},{"Length":0.8897835,"Height":8.560877,"Demand":1.0,"DemandMax":null,"Value":7.6173271001294989},{"Length":12.98661,"Height":0.5864535,"Demand":1.0,"DemandMax":null,"Value":7.6160428876349995},{"Length":0.7781398,"Height":9.784801,"Demand":1.0,"DemandMax":null,"Value":7.6139430931798007},{"Length":7.353967,"Height":1.031482,"Demand":1.0,"DemandMax":null,"Value":7.585484589094},{"Length":3.25462,"Height":2.326699,"Demand":1.0,"DemandMax":null,"Value":7.57252109938},{"Length":8.758085,"Height":0.8637831,"Demand":1.0,"DemandMax":null,"Value":7.5650858113635},{"Length":4.873552,"Height":1.55118,"Demand":1.0,"DemandMax":null,"Value":7.5597563913600005},{"Length":23.75815,"Height":0.3181954,"Demand":1.0,"DemandMax":null,"Value":7.5597340425100006},{"Length":0.6357287,"Height":11.86942,"Demand":1.0,"DemandMax":null,"Value":7.545730946354},{"Length":15.33801,"Height":0.4918393,"Demand":1.0,"DemandMax":null,"Value":7.543836101793},{"Length":3.039041,"Height":2.481538,"Demand":1.0,"DemandMax":null,"Value":7.5414957250580006},{"Length":3.061801,"Height":2.460846,"Demand":1.0,"DemandMax":null,"Value":7.534620743646},{"Length":0.6070616,"Height":12.36615,"Demand":1.0,"DemandMax":null,"Value":7.5070148048399989},{"Length":11.86586,"Height":0.6308348,"Demand":1.0,"DemandMax":null,"Value":7.485397419928},{"Length":9.86661,"Height":0.7582436,"Demand":1.0,"DemandMax":null,"Value":7.481293886196},{"Length":2.988878,"Height":2.49795,"Demand":1.0,"DemandMax":null,"Value":7.4660678001},{"Length":1.735032,"Height":4.301907,"Demand":1.0,"DemandMax":null,"Value":7.463946306024},{"Length":11.86586,"Height":0.6275838,"Demand":1.0,"DemandMax":null,"Value":7.446821509068},{"Length":2.493133,"Height":2.983186,"Demand":1.0,"DemandMax":null,"Value":7.437479461738},{"Length":2.475718,"Height":2.98705,"Demand":1.0,"DemandMax":null,"Value":7.3950934519},{"Length":9.254404,"Height":0.7990072,"Demand":1.0,"DemandMax":null,"Value":7.3943354277088},{"Length":1.904535,"Height":3.87357,"Demand":1.0,"DemandMax":null,"Value":7.37734963995},{"Length":2.966179,"Height":2.485863,"Demand":1.0,"DemandMax":null,"Value":7.373514627477},{"Length":4.63238,"Height":1.591364,"Demand":1.0,"DemandMax":null,"Value":7.371802766320001},{"Length":1.557207,"Height":4.727318,"Demand":1.0,"DemandMax":null,"Value":7.3614126808260005},{"Length":2.176065,"Height":3.377814,"Demand":1.0,"DemandMax":null,"Value":7.3503428219099991},{"Length":26.45242,"Height":0.2758838,"Demand":1.0,"DemandMax":null,"Value":7.297794148796},{"Length":0.7267354,"Height":10.04158,"Demand":1.0,"DemandMax":null,"Value":7.297571657932},{"Length":10.60445,"Height":0.6854733,"Demand":1.0,"DemandMax":null,"Value":7.269067336185},{"Length":2.400357,"Height":3.027102,"Demand":1.0,"DemandMax":null,"Value":7.266125475414},{"Length":13.59138,"Height":0.530795,"Demand":1.0,"DemandMax":null,"Value":7.2142365471},{"Length":1.287616,"Height":5.573534,"Demand":1.0,"DemandMax":null,"Value":7.176571554944001},{"Length":4.546216,"Height":1.575252,"Demand":1.0,"DemandMax":null,"Value":7.1614358464320009},{"Length":2.395388,"Height":2.983186,"Demand":1.0,"DemandMax":null,"Value":7.145887946168},{"Length":3.724937,"Height":1.915416,"Demand":1.0,"DemandMax":null,"Value":7.134803928792},{"Length":1.504014,"Height":4.727318,"Demand":1.0,"DemandMax":null,"Value":7.109952454452},{"Length":4.351517,"Height":1.628223,"Demand":1.0,"DemandMax":null,"Value":7.0852400642910007},{"Length":8.037745,"Height":0.8801394,"Demand":1.0,"DemandMax":null,"Value":7.074336061653},{"Length":1.461346,"Height":4.832426,"Demand":1.0,"DemandMax":null,"Value":7.061846405396},{"Length":3.724937,"Height":1.892183,"Demand":1.0,"DemandMax":null,"Value":7.048262467471},{"Length":26.11836,"Height":0.2696228,"Demand":1.0,"DemandMax":null,"Value":7.0421053546079992},{"Length":26.11836,"Height":0.2685496,"Demand":1.0,"DemandMax":null,"Value":7.014075130656},{"Length":9.650167,"Height":0.7187802,"Demand":1.0,"DemandMax":null,"Value":6.9363489662934},{"Length":5.046082,"Height":1.374388,"Demand":1.0,"DemandMax":null,"Value":6.935274547816},{"Length":15.61388,"Height":0.4433719,"Demand":1.0,"DemandMax":null,"Value":6.9227556419719996},{"Length":0.2662131,"Height":25.97174,"Demand":1.0,"DemandMax":null,"Value":6.914017417794},{"Length":0.3559526,"Height":19.41933,"Demand":1.0,"DemandMax":null,"Value":6.912361003758},{"Length":0.7959877,"Height":8.672665,"Demand":1.0,"DemandMax":null,"Value":6.9033346662205},{"Length":3.490146,"Height":1.971832,"Demand":1.0,"DemandMax":null,"Value":6.8819815674720006},{"Length":13.23964,"Height":0.5194404,"Demand":1.0,"DemandMax":null,"Value":6.877203897456},{"Length":1.461346,"Height":4.689315,"Demand":1.0,"DemandMax":null,"Value":6.85271171799},{"Length":0.2635425,"Height":25.97174,"Demand":1.0,"DemandMax":null,"Value":6.8446572889500006},{"Length":4.925954,"Height":1.389139,"Demand":1.0,"DemandMax":null,"Value":6.8428348136059993},{"Length":7.08139,"Height":0.9586163,"Demand":1.0,"DemandMax":null,"Value":6.788335880657},{"Length":13.95858,"Height":0.4861298,"Demand":1.0,"DemandMax":null,"Value":6.7856817036839994},{"Length":1.119947,"Height":6.048415,"Demand":1.0,"DemandMax":null,"Value":6.773904234005},{"Length":0.9595217,"Height":7.051124,"Demand":1.0,"DemandMax":null,"Value":6.7657064873908},{"Length":13.95858,"Height":0.4828937,"Demand":1.0,"DemandMax":null,"Value":6.7405103429459992},{"Length":13.70927,"Height":0.4888665,"Demand":1.0,"DemandMax":null,"Value":6.702002842455},{"Length":0.4397798,"Height":15.2126,"Demand":1.0,"DemandMax":null,"Value":6.69019418548},{"Length":0.2617752,"Height":25.51044,"Demand":1.0,"DemandMax":null,"Value":6.6780005330879995},{"Length":1.682186,"Height":3.965471,"Demand":1.0,"DemandMax":null,"Value":6.670659799606},{"Length":1.257933,"Height":5.291793,"Demand":1.0,"DemandMax":null,"Value":6.656721043869},{"Length":12.98661,"Height":0.5121424,"Demand":1.0,"DemandMax":null,"Value":6.650993613264},{"Length":3.410306,"Height":1.948267,"Demand":1.0,"DemandMax":null,"Value":6.6441866397019993},{"Length":5.317619,"Height":1.247226,"Demand":1.0,"DemandMax":null,"Value":6.6322726748939989},{"Length":18.36835,"Height":0.3596708,"Demand":1.0,"DemandMax":null,"Value":6.60655913918},{"Length":8.147404,"Height":0.8098595,"Demand":1.0,"DemandMax":null,"Value":6.598252529738},{"Length":13.48521,"Height":0.4888665,"Demand":1.0,"DemandMax":null,"Value":6.592467414465},{"Length":2.385093,"Height":2.762485,"Demand":1.0,"DemandMax":null,"Value":6.5887836361049992},{"Length":3.200322,"Height":2.058665,"Demand":1.0,"DemandMax":null,"Value":6.5883908901299995},{"Length":2.229388,"Height":2.952143,"Demand":1.0,"DemandMax":null,"Value":6.5814721784840007},{"Length":13.18699,"Height":0.4988264,"Demand":1.0,"DemandMax":null,"Value":6.5780187485359995},{"Length":0.4159653,"Height":15.80093,"Demand":1.0,"DemandMax":null,"Value":6.5726385877289992},{"Length":7.594989,"Height":0.8637831,"Demand":1.0,"DemandMax":null,"Value":6.5604231428859006},{"Length":4.154475,"Height":1.575252,"Demand":1.0,"DemandMax":null,"Value":6.5443450527},{"Length":1.287616,"Height":5.049215,"Demand":1.0,"DemandMax":null,"Value":6.5014500214400011},{"Length":0.5254621,"Height":12.36615,"Demand":1.0,"DemandMax":null,"Value":6.4979431479150005},{"Length":4.351517,"Height":1.490798,"Demand":1.0,"DemandMax":null,"Value":6.4872328405660005},{"Length":2.608501,"Height":2.485863,"Demand":1.0,"DemandMax":null,"Value":6.4843761213630007},{"Length":2.385093,"Height":2.71275,"Demand":1.0,"DemandMax":null,"Value":6.47016103575},{"Length":4.504242,"Height":1.434386,"Demand":1.0,"DemandMax":null,"Value":6.4608216654119994},{"Length":4.63238,"Height":1.391821,"Demand":1.0,"DemandMax":null,"Value":6.4474437639800009},{"Length":0.5759798,"Height":11.18886,"Demand":1.0,"DemandMax":null,"Value":6.4445573450280005},{"Length":10.60445,"Height":0.607671,"Demand":1.0,"DemandMax":null,"Value":6.4440167359499991},{"Length":1.17679,"Height":5.475235,"Demand":1.0,"DemandMax":null,"Value":6.4432017956499994},{"Length":7.281979,"Height":0.8801394,"Demand":1.0,"DemandMax":null,"Value":6.4091566278725995},{"Length":0.4159653,"Height":15.38435,"Demand":1.0,"DemandMax":null,"Value":6.3993557630549995},{"Length":7.269709,"Height":0.8801394,"Demand":1.0,"DemandMax":null,"Value":6.3983573174346},{"Length":3.129301,"Height":2.042359,"Demand":1.0,"DemandMax":null,"Value":6.3911560610589992},{"Length":1.206829,"Height":5.291793,"Demand":1.0,"DemandMax":null,"Value":6.386289254397},{"Length":2.168205,"Height":2.929923,"Demand":1.0,"DemandMax":null,"Value":6.352673698215},{"Length":2.400357,"Height":2.646447,"Demand":1.0,"DemandMax":null,"Value":6.3524175815790009},{"Length":3.13386,"Height":2.023648,"Demand":1.0,"DemandMax":null,"Value":6.34182952128},{"Length":5.077267,"Height":1.247226,"Demand":1.0,"DemandMax":null,"Value":6.332499411342},{"Length":1.112872,"Height":5.673549,"Demand":1.0,"DemandMax":null,"Value":6.3139338227280009},{"Length":4.542171,"Height":1.389139,"Demand":1.0,"DemandMax":null,"Value":6.3097068807689993},{"Length":20.11317,"Height":0.3122595,"Demand":1.0,"DemandMax":null,"Value":6.2805284076150008},{"Length":3.200322,"Height":1.960551,"Demand":1.0,"DemandMax":null,"Value":6.274394497422},{"Length":4.362916,"Height":1.434386,"Demand":1.0,"DemandMax":null,"Value":6.258105629576},{"Length":14.08508,"Height":0.4440507,"Demand":1.0,"DemandMax":null,"Value":6.254489633556},{"Length":1.101811,"Height":5.673549,"Demand":1.0,"DemandMax":null,"Value":6.2511786972390011},{"Length":0.7281115,"Height":8.560877,"Demand":1.0,"DemandMax":null,"Value":6.2332729937855},{"Length":3.679076,"Height":1.693107,"Demand":1.0,"DemandMax":null,"Value":6.229069329131999},{"Length":3.674891,"Height":1.693107,"Demand":1.0,"DemandMax":null,"Value":6.221983676337},{"Length":10.51102,"Height":0.591823,"Demand":1.0,"DemandMax":null,"Value":6.22066338946},{"Length":3.046738,"Height":2.037892,"Demand":1.0,"DemandMax":null,"Value":6.208922996296},{"Length":13.18712,"Height":0.4707013,"Demand":1.0,"DemandMax":null,"Value":6.207194527256},{"Length":15.61388,"Height":0.3974356,"Demand":1.0,"DemandMax":null,"Value":6.205511766128},{"Length":1.029913,"Height":6.017589,"Demand":1.0,"DemandMax":null,"Value":6.197593139757001},{"Length":3.214414,"Height":1.923398,"Demand":1.0,"DemandMax":null,"Value":6.182597458772},{"Length":4.302555,"Height":1.434244,"Demand":1.0,"DemandMax":null,"Value":6.17091369342},{"Length":1.433617,"Height":4.301907,"Demand":1.0,"DemandMax":null,"Value":6.167287007619},{"Length":3.519507,"Height":1.751371,"Demand":1.0,"DemandMax":null,"Value":6.163962494097},{"Length":18.36835,"Height":0.3351377,"Demand":1.0,"DemandMax":null,"Value":6.155926571795},{"Length":3.214414,"Height":1.914912,"Demand":1.0,"DemandMax":null,"Value":6.155319941568},{"Length":16.66047,"Height":0.3692008,"Demand":1.0,"DemandMax":null,"Value":6.151058852376},{"Length":2.496566,"Height":2.460846,"Demand":1.0,"DemandMax":null,"Value":6.143664454836},{"Length":3.490146,"Height":1.752772,"Demand":1.0,"DemandMax":null,"Value":6.117430184712},{"Length":1.711345,"Height":3.574285,"Demand":1.0,"DemandMax":null,"Value":6.1168347633249995},{"Length":3.499639,"Height":1.741408,"Demand":1.0,"DemandMax":null,"Value":6.094299351712},{"Length":0.3688357,"Height":16.45857,"Demand":1.0,"DemandMax":null,"Value":6.0705081869490005},{"Length":4.684229,"Height":1.295648,"Demand":1.0,"DemandMax":null,"Value":6.069111935392},{"Length":0.4321111,"Height":14.03388,"Demand":1.0,"DemandMax":null,"Value":6.0641953240680007},{"Length":0.3688357,"Height":16.42557,"Demand":1.0,"DemandMax":null,"Value":6.058336608849},{"Length":0.7730117,"Height":7.833915,"Demand":1.0,"DemandMax":null,"Value":6.0557079518055},{"Length":8.147404,"Height":0.7425373,"Demand":1.0,"DemandMax":null,"Value":6.0497513681692},{"Length":12.10455,"Height":0.4988264,"Demand":1.0,"DemandMax":null,"Value":6.0380691001199995},{"Length":4.645184,"Height":1.296955,"Demand":1.0,"DemandMax":null,"Value":6.0245946147200007},{"Length":7.08139,"Height":0.850362,"Demand":1.0,"DemandMax":null,"Value":6.02174496318},{"Length":3.129301,"Height":1.923112,"Demand":1.0,"DemandMax":null,"Value":6.017996304712},{"Length":0.4287577,"Height":14.03388,"Demand":1.0,"DemandMax":null,"Value":6.017134110876},{"Length":4.771316,"Height":1.258419,"Demand":1.0,"DemandMax":null,"Value":6.0043147094039995},{"Length":4.684229,"Height":1.281487,"Demand":1.0,"DemandMax":null,"Value":6.002778568523},{"Length":12.71209,"Height":0.4707013,"Demand":1.0,"DemandMax":null,"Value":5.983597288717},{"Length":5.828117,"Height":1.025446,"Demand":1.0,"DemandMax":null,"Value":5.976419265182},{"Length":13.02118,"Height":0.4589372,"Demand":1.0,"DemandMax":null,"Value":5.9759038898959993},{"Length":0.5623912,"Height":10.62275,"Demand":1.0,"DemandMax":null,"Value":5.9741411198},{"Length":13.42905,"Height":0.4440507,"Demand":1.0,"DemandMax":null,"Value":5.9631790528350006},{"Length":4.156824,"Height":1.434244,"Demand":1.0,"DemandMax":null,"Value":5.961899881056},{"Length":9.468125,"Height":0.6296747,"Demand":1.0,"DemandMax":null,"Value":5.9618387689375005},{"Length":2.938377,"Height":2.023648,"Demand":1.0,"DemandMax":null,"Value":5.946240739296},{"Length":6.056275,"Height":0.9807058,"Demand":1.0,"DemandMax":null,"Value":5.939424018895},{"Length":12.92819,"Height":0.4589372,"Demand":1.0,"DemandMax":null,"Value":5.933227319668},{"Length":2.600544,"Height":2.27849,"Demand":1.0,"DemandMax":null,"Value":5.9253134985600004},{"Length":20.22842,"Height":0.2925618,"Demand":1.0,"DemandMax":null,"Value":5.918062966356},{"Length":7.640647,"Height":0.7744182,"Demand":1.0,"DemandMax":null,"Value":5.9170560965754},{"Length":1.713187,"Height":3.448444,"Demand":1.0,"DemandMax":null,"Value":5.9078294310279995},{"Length":1.483826,"Height":3.965471,"Demand":1.0,"DemandMax":null,"Value":5.884068972046},{"Length":18.60352,"Height":0.3154748,"Demand":1.0,"DemandMax":null,"Value":5.868941751296},{"Length":5.983152,"Height":0.9807058,"Demand":1.0,"DemandMax":null,"Value":5.8677118686815994},{"Length":4.661119,"Height":1.258419,"Demand":1.0,"DemandMax":null,"Value":5.865640710861},{"Length":0.6592841,"Height":8.864092,"Demand":1.0,"DemandMax":null,"Value":5.8439549165372},{"Length":12.89851,"Height":0.4527508,"Demand":1.0,"DemandMax":null,"Value":5.839810721308},{"Length":12.89114,"Height":0.4527508,"Demand":1.0,"DemandMax":null,"Value":5.836473947912},{"Length":1.976514,"Height":2.952143,"Demand":1.0,"DemandMax":null,"Value":5.834951969502},{"Length":11.85647,"Height":0.4918393,"Demand":1.0,"DemandMax":null,"Value":5.831477905271},{"Length":18.60352,"Height":0.3132785,"Demand":1.0,"DemandMax":null,"Value":5.8280828403200005},{"Length":6.072237,"Height":0.9595377,"Demand":1.0,"DemandMax":null,"Value":5.8265403248349008},{"Length":9.86661,"Height":0.5888631,"Demand":1.0,"DemandMax":null,"Value":5.810082551091}]}