{"Name":"Path5_100","Objects":[{"Length":100.0,"Height":100.0,"Stock":null,"Cost":10000.0}],"Items":[{"Length":40.7563,"Height":35.25677,"Demand":1.0,"DemandMax":null,"Value":1436.9354951510002},{"Length":37.83616,"Height":29.35008,"Demand":1.0,"DemandMax":null,"Value":1110.4943228928},{"Length":32.91794,"Height":26.74351,"Demand":1.0,"DemandMax":null,"Value":880.34125756940011},{"Length":46.32716,"Height":15.21821,"Demand":1.0,"DemandMax":null,"Value":705.0164495836},{"Length":46.32716,"Height":7.928696,"Demand":1.0,"DemandMax":null,"Value":367.31396818336003},{"Length":9.762676,"Height":30.47895,"Demand":1.0,"DemandMax":null,"Value":297.55611367020003},{"Length":15.21617,"Height":18.43256,"Demand":1.0,"DemandMax":null,"Value":280.47296649519996},{"Length":24.8475,"Height":11.13401,"Demand":1.0,"DemandMax":null,"Value":276.652313475},{"Length":13.55779,"Height":19.22934,"Demand":1.0,"DemandMax":null,"Value":260.7073535586},{"Length":12.97178,"Height":15.91994,"Demand":1.0,"DemandMax":null,"Value":206.5099592932},{"Length":24.8475,"Height":8.193483,"Demand":1.0,"DemandMax":null,"Value":203.58756884250002},{"Length":14.13104,"Height":12.28034,"Demand":1.0,"DemandMax":null,"Value":173.5339757536},{"Length":87.43151,"Height":1.774121,"Demand":1.0,"DemandMax":null,"Value":155.11407795271},{"Length":15.88328,"Height":9.276566,"Demand":1.0,"DemandMax":null,"Value":147.34229521648},{"Length":46.32716,"Height":3.178525,"Demand":1.0,"DemandMax":null,"Value":147.252036239},{"Length":46.32716,"Height":3.051948,"Demand":1.0,"DemandMax":null,"Value":141.38808330768},{"Length":3.050749,"Height":45.29759,"Demand":1.0,"DemandMax":null,"Value":138.19157739491},{"Length":46.32716,"Height":2.978206,"Demand":1.0,"DemandMax":null,"Value":137.97182587496},{"Length":17.5142,"Height":7.72718,"Demand":1.0,"DemandMax":null,"Value":135.33537595599998},{"Length":15.88328,"Height":8.277051,"Demand":1.0,"DemandMax":null,"Value":131.46671860728},{"Length":15.21617,"Height":8.243272,"Demand":1.0,"DemandMax":null,"Value":125.43102810823999},{"Length":100.0,"Height":1.241949,"Demand":1.0,"DemandMax":null,"Value":124.19489999999999},{"Length":100.0,"Height":1.063616,"Demand":1.0,"DemandMax":null,"Value":106.3616},{"Length":12.40238,"Height":8.502222,"Demand":1.0,"DemandMax":null,"Value":105.44778808836},{"Length":17.5142,"Height":5.770643,"Demand":1.0,"DemandMax":null,"Value":101.06819563059999},{"Length":4.345795,"Height":19.22934,"Demand":1.0,"DemandMax":null,"Value":83.5667696253},{"Length":4.542411,"Height":15.91994,"Demand":1.0,"DemandMax":null,"Value":72.314910575340008},{"Length":2.693353,"Height":26.74351,"Demand":1.0,"DemandMax":null,"Value":72.029712889030009},{"Length":46.32716,"Height":1.544173,"Demand":1.0,"DemandMax":null,"Value":71.53714963868},{"Length":46.32716,"Height":1.357016,"Demand":1.0,"DemandMax":null,"Value":62.866697354559996},{"Length":2.298026,"Height":26.67584,"Demand":1.0,"DemandMax":null,"Value":61.301773891840007},{"Length":11.90798,"Height":4.888763,"Demand":1.0,"DemandMax":null,"Value":58.21529202874},{"Length":10.11315,"Height":5.702859,"Demand":1.0,"DemandMax":null,"Value":57.673868495849995},{"Length":5.450336,"Height":9.006872,"Demand":1.0,"DemandMax":null,"Value":49.090478708991995},{"Length":24.8475,"Height":1.864409,"Demand":1.0,"DemandMax":null,"Value":46.3259026275},{"Length":3.918864,"Height":10.79601,"Demand":1.0,"DemandMax":null,"Value":42.30809493264},{"Length":26.59155,"Height":1.575658,"Demand":1.0,"DemandMax":null,"Value":41.899188489900006},{"Length":2.153721,"Height":19.22934,"Demand":1.0,"DemandMax":null,"Value":41.41463337414},{"Length":8.576292,"Height":4.822709,"Demand":1.0,"DemandMax":null,"Value":41.360960615028},{"Length":2.224866,"Height":18.16195,"Demand":1.0,"DemandMax":null,"Value":40.4079050487},{"Length":35.49308,"Height":1.124904,"Demand":1.0,"DemandMax":null,"Value":39.926307664319992},{"Length":9.51263,"Height":3.397316,"Demand":1.0,"DemandMax":null,"Value":32.31741010108},{"Length":1.677736,"Height":19.22934,"Demand":1.0,"DemandMax":null,"Value":32.261755974239996},{"Length":24.8475,"Height":1.253719,"Demand":1.0,"DemandMax":null,"Value":31.151782852500002},{"Length":27.41147,"Height":1.124904,"Demand":1.0,"DemandMax":null,"Value":30.83527224888},{"Length":0.8708872,"Height":35.25677,"Demand":1.0,"DemandMax":null,"Value":30.704669706344003},{"Length":9.762676,"Height":3.011261,"Demand":1.0,"DemandMax":null,"Value":29.397965494436004},{"Length":9.610497,"Height":2.960677,"Demand":1.0,"DemandMax":null,"Value":28.453577426469},{"Length":10.11315,"Height":2.799363,"Demand":1.0,"DemandMax":null,"Value":28.310377923449998},{"Length":5.431206,"Height":4.888763,"Demand":1.0,"DemandMax":null,"Value":26.551878938178003},{"Length":20.45386,"Height":1.269695,"Demand":1.0,"DemandMax":null,"Value":25.970163772699998},{"Length":24.8475,"Height":1.027655,"Demand":1.0,"DemandMax":null,"Value":25.5346576125},{"Length":21.63589,"Height":1.124904,"Demand":1.0,"DemandMax":null,"Value":24.33829920456},{"Length":0.8681157,"Height":27.36699,"Demand":1.0,"DemandMax":null,"Value":23.757713680743002},{"Length":0.6658836,"Height":35.25677,"Demand":1.0,"DemandMax":null,"Value":23.476904931972},{"Length":12.44861,"Height":1.869385,"Demand":1.0,"DemandMax":null,"Value":23.271244804850003},{"Length":24.20592,"Height":0.954008,"Demand":1.0,"DemandMax":null,"Value":23.09264132736},{"Length":12.56849,"Height":1.774121,"Demand":1.0,"DemandMax":null,"Value":22.29802204729},{"Length":1.752245,"Height":12.28034,"Demand":1.0,"DemandMax":null,"Value":21.518164363300002},{"Length":3.112457,"Height":6.816726,"Demand":1.0,"DemandMax":null,"Value":21.216766555782},{"Length":37.25157,"Height":0.5680897,"Demand":1.0,"DemandMax":null,"Value":21.162233225829002},{"Length":1.702062,"Height":12.41261,"Demand":1.0,"DemandMax":null,"Value":21.12703180182},{"Length":0.5987247,"Height":35.25677,"Demand":1.0,"DemandMax":null,"Value":21.109099041219},{"Length":19.9874,"Height":1.007569,"Demand":1.0,"DemandMax":null,"Value":20.1386846306},{"Length":1.233856,"Height":16.2481,"Demand":1.0,"DemandMax":null,"Value":20.047815673600002},{"Length":2.331967,"Height":8.502222,"Demand":1.0,"DemandMax":null,"Value":19.826901130674},{"Length":4.075676,"Height":4.822709,"Demand":1.0,"DemandMax":null,"Value":19.655799326283997},{"Length":32.03007,"Height":0.5996901,"Demand":1.0,"DemandMax":null,"Value":19.208115881307002},{"Length":4.062295,"Height":4.719743,"Demand":1.0,"DemandMax":null,"Value":19.172988390185},{"Length":0.5418764,"Height":35.25677,"Demand":1.0,"DemandMax":null,"Value":19.104811603228004},{"Length":2.224866,"Height":8.581569,"Demand":1.0,"DemandMax":null,"Value":19.092841094754},{"Length":1.169099,"Height":16.2481,"Demand":1.0,"DemandMax":null,"Value":18.995637461900003},{"Length":2.242849,"Height":8.433578,"Demand":1.0,"DemandMax":null,"Value":18.915241983722},{"Length":11.95096,"Height":1.575658,"Demand":1.0,"DemandMax":null,"Value":18.83062573168},{"Length":15.88328,"Height":1.183566,"Demand":1.0,"DemandMax":null,"Value":18.798910176479996},{"Length":10.0086,"Height":1.869385,"Demand":1.0,"DemandMax":null,"Value":18.709926711},{"Length":3.818632,"Height":4.888763,"Demand":1.0,"DemandMax":null,"Value":18.668386832216},{"Length":6.272786,"Height":2.960677,"Demand":1.0,"DemandMax":null,"Value":18.571693236121998},{"Length":4.80406,"Height":3.843912,"Demand":1.0,"DemandMax":null,"Value":18.46638388272},{"Length":14.3306,"Height":1.269695,"Demand":1.0,"DemandMax":null,"Value":18.195491167},{"Length":4.70857,"Height":3.843912,"Demand":1.0,"DemandMax":null,"Value":18.09932872584},{"Length":3.689679,"Height":4.888763,"Demand":1.0,"DemandMax":null,"Value":18.037966177077},{"Length":1.410394,"Height":12.41261,"Demand":1.0,"DemandMax":null,"Value":17.50667066834},{"Length":4.062295,"Height":4.287129,"Demand":1.0,"DemandMax":null,"Value":17.415582701055},{"Length":17.26417,"Height":1.007569,"Demand":1.0,"DemandMax":null,"Value":17.39484250273},{"Length":15.45956,"Height":1.124904,"Demand":1.0,"DemandMax":null,"Value":17.390520882239997},{"Length":9.762676,"Height":1.766558,"Demand":1.0,"DemandMax":null,"Value":17.246333389208},{"Length":9.167918,"Height":1.869385,"Demand":1.0,"DemandMax":null,"Value":17.138368390430003},{"Length":9.019044,"Height":1.869385,"Demand":1.0,"DemandMax":null,"Value":16.860065567939998},{"Length":0.4764868,"Height":35.25677,"Demand":1.0,"DemandMax":null,"Value":16.799385515636},{"Length":15.88328,"Height":1.044582,"Demand":1.0,"DemandMax":null,"Value":16.59138838896},{"Length":27.32576,"Height":0.5996901,"Demand":1.0,"DemandMax":null,"Value":16.386987746976},{"Length":3.967698,"Height":4.058452,"Demand":1.0,"DemandMax":null,"Value":16.102711883496},{"Length":12.67016,"Height":1.269695,"Demand":1.0,"DemandMax":null,"Value":16.087238801199998},{"Length":3.231314,"Height":4.822709,"Demand":1.0,"DemandMax":null,"Value":15.583687109625998},{"Length":0.8681157,"Height":17.9306,"Demand":1.0,"DemandMax":null,"Value":15.565835370419999},{"Length":11.90121,"Height":1.269695,"Demand":1.0,"DemandMax":null,"Value":15.11090683095},{"Length":24.20592,"Height":0.6216503,"Demand":1.0,"DemandMax":null,"Value":15.047617429775999},{"Length":3.967698,"Height":3.756071,"Demand":1.0,"DemandMax":null,"Value":14.902955394558},{"Length":1.724849,"Height":8.433578,"Demand":1.0,"DemandMax":null,"Value":14.546648579722001}]}