{"Name":"Nice9_200","Objects":[{"Length":100.0,"Height":100.0,"Stock":null,"Cost":10000.0}],"Items":[{"Length":7.106938,"Height":25.48302,"Demand":1.0,"DemandMax":null,"Value":181.10624319276002},{"Length":11.79003,"Height":13.86804,"Demand":1.0,"DemandMax":null,"Value":163.5046076412},{"Length":9.186448,"Height":15.13056,"Demand":1.0,"DemandMax":null,"Value":138.99610265088},{"Length":15.82858,"Height":8.416562,"Demand":1.0,"DemandMax":null,"Value":133.22222494196},{"Length":5.741172,"Height":22.55799,"Demand":1.0,"DemandMax":null,"Value":129.50930056427998},{"Length":20.47902,"Height":6.309927,"Demand":1.0,"DemandMax":null,"Value":129.22112123154},{"Length":9.129275,"Height":14.13707,"Demand":1.0,"DemandMax":null,"Value":129.06119972425},{"Length":20.47902,"Height":5.541069,"Demand":1.0,"DemandMax":null,"Value":113.47566287238},{"Length":15.12463,"Height":7.338957,"Demand":1.0,"DemandMax":null,"Value":110.99900921090999},{"Length":7.980561,"Height":13.9042,"Demand":1.0,"DemandMax":null,"Value":110.96331625619999},{"Length":5.288482,"Height":20.71698,"Demand":1.0,"DemandMax":null,"Value":109.56137582436},{"Length":8.946357,"Height":11.77888,"Demand":1.0,"DemandMax":null,"Value":105.37806554016},{"Length":9.371996,"Height":10.85114,"Demand":1.0,"DemandMax":null,"Value":101.69684067543999},{"Length":10.39803,"Height":9.582291,"Demand":1.0,"DemandMax":null,"Value":99.63694928673},{"Length":9.143904,"Height":9.275664,"Demand":1.0,"DemandMax":null,"Value":84.815781152256},{"Length":8.946357,"Height":9.402266,"Demand":1.0,"DemandMax":null,"Value":84.116028244962},{"Length":6.244592,"Height":13.32391,"Demand":1.0,"DemandMax":null,"Value":83.20238179472},{"Length":12.51826,"Height":6.60026,"Demand":1.0,"DemandMax":null,"Value":82.623770747599991},{"Length":7.231189,"Height":11.38112,"Demand":1.0,"DemandMax":null,"Value":82.29902975168},{"Length":7.874259,"Height":10.43432,"Demand":1.0,"DemandMax":null,"Value":82.16253816888},{"Length":6.536064,"Height":12.17145,"Demand":1.0,"DemandMax":null,"Value":79.5533761728},{"Length":10.26263,"Height":7.589149,"Demand":1.0,"DemandMax":null,"Value":77.88462820187},{"Length":5.271432,"Height":14.56228,"Demand":1.0,"DemandMax":null,"Value":76.764068784959989},{"Length":6.6451,"Height":11.34923,"Demand":1.0,"DemandMax":null,"Value":75.416768273},{"Length":10.38392,"Height":7.156981,"Demand":1.0,"DemandMax":null,"Value":74.31751814552},{"Length":6.38026,"Height":11.64443,"Demand":1.0,"DemandMax":null,"Value":74.2944909518},{"Length":8.93504,"Height":8.299705,"Demand":1.0,"DemandMax":null,"Value":74.1581961632},{"Length":9.129275,"Height":7.962313,"Demand":1.0,"DemandMax":null,"Value":72.690145013075},{"Length":7.118651,"Height":10.18826,"Demand":1.0,"DemandMax":null,"Value":72.52666723726},{"Length":9.900476,"Height":7.175433,"Demand":1.0,"DemandMax":null,"Value":71.040202206107992},{"Length":4.875483,"Height":14.43716,"Demand":1.0,"DemandMax":null,"Value":70.38812814828},{"Length":7.564458,"Height":9.275664,"Demand":1.0,"DemandMax":null,"Value":70.165370750112},{"Length":7.909426,"Height":8.838176,"Demand":1.0,"DemandMax":null,"Value":69.904899046976},{"Length":6.188246,"Height":11.2575,"Demand":1.0,"DemandMax":null,"Value":69.664179345000008},{"Length":7.231189,"Height":9.608232,"Demand":1.0,"DemandMax":null,"Value":69.478941547848},{"Length":9.129275,"Height":7.593456,"Demand":1.0,"DemandMax":null,"Value":69.3227480244},{"Length":6.829935,"Height":9.793512,"Demand":1.0,"DemandMax":null,"Value":66.88905038172},{"Length":10.6296,"Height":6.049081,"Demand":1.0,"DemandMax":null,"Value":64.299311397600007},{"Length":5.851052,"Height":10.9489,"Demand":1.0,"DemandMax":null,"Value":64.0625832428},{"Length":11.68578,"Height":5.440858,"Demand":1.0,"DemandMax":null,"Value":63.580669599240004},{"Length":5.629747,"Height":11.22515,"Demand":1.0,"DemandMax":null,"Value":63.194754537049995},{"Length":8.910351,"Height":7.052377,"Demand":1.0,"DemandMax":null,"Value":62.839154454327},{"Length":5.843231,"Height":10.70848,"Demand":1.0,"DemandMax":null,"Value":62.572122298880004},{"Length":8.576133,"Height":7.154177,"Demand":1.0,"DemandMax":null,"Value":61.355173457541},{"Length":4.20004,"Height":14.43716,"Demand":1.0,"DemandMax":null,"Value":60.63664948640001},{"Length":5.474771,"Height":10.90668,"Demand":1.0,"DemandMax":null,"Value":59.711575370279995},{"Length":6.269169,"Height":9.365973,"Demand":1.0,"DemandMax":null,"Value":58.716867586437},{"Length":9.31559,"Height":6.214789,"Demand":1.0,"DemandMax":null,"Value":57.894426260509995},{"Length":10.26263,"Height":5.612983,"Demand":1.0,"DemandMax":null,"Value":57.60396772529},{"Length":3.915016,"Height":14.56228,"Demand":1.0,"DemandMax":null,"Value":57.01155919648},{"Length":4.439966,"Height":12.56891,"Demand":1.0,"DemandMax":null,"Value":55.80553305706},{"Length":4.20754,"Height":13.19132,"Demand":1.0,"DemandMax":null,"Value":55.503006552799995},{"Length":7.202693,"Height":7.567229,"Demand":1.0,"DemandMax":null,"Value":54.504427347697},{"Length":5.236689,"Height":10.30641,"Demand":1.0,"DemandMax":null,"Value":53.97146387649},{"Length":8.576133,"Height":6.186485,"Demand":1.0,"DemandMax":null,"Value":53.056118162505008},{"Length":8.553464,"Height":6.154733,"Demand":1.0,"DemandMax":null,"Value":52.644287145112},{"Length":12.51826,"Height":4.135547,"Demand":1.0,"DemandMax":null,"Value":51.76985258822},{"Length":6.349833,"Height":8.080249,"Demand":1.0,"DemandMax":null,"Value":51.308231748417},{"Length":7.919152,"Height":6.399913,"Demand":1.0,"DemandMax":null,"Value":50.681883833776},{"Length":6.073217,"Height":8.335914,"Demand":1.0,"DemandMax":null,"Value":50.625814615338},{"Length":4.644003,"Height":10.87626,"Demand":1.0,"DemandMax":null,"Value":50.509384068779994},{"Length":6.829935,"Height":7.3893,"Demand":1.0,"DemandMax":null,"Value":50.468438695500005},{"Length":8.553464,"Height":5.885511,"Demand":1.0,"DemandMax":null,"Value":50.341506460104},{"Length":6.086739,"Height":8.223071,"Demand":1.0,"DemandMax":null,"Value":50.051686955468995},{"Length":6.324281,"Height":7.873161,"Demand":1.0,"DemandMax":null,"Value":49.792082522240996},{"Length":4.546981,"Height":10.9489,"Demand":1.0,"DemandMax":null,"Value":49.7844402709},{"Length":10.39803,"Height":4.773628,"Demand":1.0,"DemandMax":null,"Value":49.63632715284},{"Length":5.688326,"Height":8.713281,"Demand":1.0,"DemandMax":null,"Value":49.563982857606},{"Length":5.871685,"Height":8.335914,"Demand":1.0,"DemandMax":null,"Value":48.94586119509},{"Length":5.474771,"Height":8.923864,"Demand":1.0,"DemandMax":null,"Value":48.856111835144},{"Length":3.701886,"Height":13.19132,"Demand":1.0,"DemandMax":null,"Value":48.83276282952},{"Length":5.688326,"Height":8.469531,"Demand":1.0,"DemandMax":null,"Value":48.177453395106},{"Length":7.919152,"Height":6.045302,"Demand":1.0,"DemandMax":null,"Value":47.873665423904008},{"Length":11.79003,"Height":4.047757,"Demand":1.0,"DemandMax":null,"Value":47.72317646271},{"Length":5.4521,"Height":8.668765,"Demand":1.0,"DemandMax":null,"Value":47.2629736565},{"Length":8.946357,"Height":5.219561,"Demand":1.0,"DemandMax":null,"Value":46.696056089277},{"Length":3.687019,"Height":12.56891,"Demand":1.0,"DemandMax":null,"Value":46.34180997929},{"Length":7.919152,"Height":5.837452,"Demand":1.0,"DemandMax":null,"Value":46.227669680704004},{"Length":10.39003,"Height":4.422465,"Demand":1.0,"DemandMax":null,"Value":45.94954402395},{"Length":10.53985,"Height":4.328195,"Demand":1.0,"DemandMax":null,"Value":45.61852607075},{"Length":5.338084,"Height":8.54113,"Demand":1.0,"DemandMax":null,"Value":45.593269394920007},{"Length":4.599195,"Height":9.886523,"Demand":1.0,"DemandMax":null,"Value":45.470047148985},{"Length":5.519067,"Height":8.223071,"Demand":1.0,"DemandMax":null,"Value":45.383679794756993},{"Length":3.660746,"Height":12.36974,"Demand":1.0,"DemandMax":null,"Value":45.28247622604},{"Length":4.496092,"Height":10.07149,"Demand":1.0,"DemandMax":null,"Value":45.282345617080004},{"Length":4.967196,"Height":9.080037,"Demand":1.0,"DemandMax":null,"Value":45.10232346625201},{"Length":5.564106,"Height":8.070417,"Demand":1.0,"DemandMax":null,"Value":44.904655652202},{"Length":5.543585,"Height":8.080249,"Demand":1.0,"DemandMax":null,"Value":44.793547152665006},{"Length":7.331088,"Height":6.101245,"Demand":1.0,"DemandMax":null,"Value":44.72876400456},{"Length":9.654951,"Height":4.607893,"Demand":1.0,"DemandMax":null,"Value":44.488981128243},{"Length":4.083799,"Height":10.87626,"Demand":1.0,"DemandMax":null,"Value":44.41645971174},{"Length":5.453927,"Height":8.080249,"Demand":1.0,"DemandMax":null,"Value":44.069088187823006},{"Length":6.188246,"Height":7.041317,"Demand":1.0,"DemandMax":null,"Value":43.573401759982005},{"Length":8.727802,"Height":4.912503,"Demand":1.0,"DemandMax":null,"Value":42.875353508406},{"Length":3.820487,"Height":11.20876,"Demand":1.0,"DemandMax":null,"Value":42.82292186612},{"Length":3.457906,"Height":12.36974,"Demand":1.0,"DemandMax":null,"Value":42.77339816444},{"Length":10.39003,"Height":4.053409,"Demand":1.0,"DemandMax":null,"Value":42.11504111227},{"Length":4.280313,"Height":9.826037,"Demand":1.0,"DemandMax":null,"Value":42.058513909580995},{"Length":7.403229,"Height":5.680292,"Demand":1.0,"DemandMax":null,"Value":42.052502462868},{"Length":6.645964,"Height":6.322565,"Demand":1.0,"DemandMax":null,"Value":42.01953937766},{"Length":8.553464,"Height":4.898575,"Demand":1.0,"DemandMax":null,"Value":41.8997849138},{"Length":6.536064,"Height":6.409263,"Demand":1.0,"DemandMax":null,"Value":41.891353160832},{"Length":5.904932,"Height":7.08879,"Demand":1.0,"DemandMax":null,"Value":41.85882291228},{"Length":5.844644,"Height":7.127488,"Demand":1.0,"DemandMax":null,"Value":41.657629974272},{"Length":7.04349,"Height":5.837085,"Demand":1.0,"DemandMax":null,"Value":41.113449826650005},{"Length":3.268907,"Height":12.56891,"Demand":1.0,"DemandMax":null,"Value":41.086597881370004},{"Length":11.11995,"Height":3.659103,"Demand":1.0,"DemandMax":null,"Value":40.68904240485},{"Length":5.404217,"Height":7.507399,"Demand":1.0,"DemandMax":null,"Value":40.571613301583},{"Length":7.919152,"Height":5.110033,"Demand":1.0,"DemandMax":null,"Value":40.467128052016},{"Length":8.576133,"Height":4.692198,"Demand":1.0,"DemandMax":null,"Value":40.240914110334},{"Length":3.670562,"Height":10.9192,"Demand":1.0,"DemandMax":null,"Value":40.0796005904},{"Length":10.08899,"Height":3.933109,"Demand":1.0,"DemandMax":null,"Value":39.681097369910006},{"Length":8.553464,"Height":4.620133,"Demand":1.0,"DemandMax":null,"Value":39.518141290712},{"Length":5.187088,"Height":7.612964,"Demand":1.0,"DemandMax":null,"Value":39.489114208832},{"Length":3.373584,"Height":11.63879,"Demand":1.0,"DemandMax":null,"Value":39.26443572336},{"Length":11.11995,"Height":3.51633,"Demand":1.0,"DemandMax":null,"Value":39.1014137835},{"Length":11.68578,"Height":3.329346,"Demand":1.0,"DemandMax":null,"Value":38.90600489988},{"Length":6.146688,"Height":6.322565,"Demand":1.0,"DemandMax":null,"Value":38.86283441472},{"Length":8.576133,"Height":4.525135,"Demand":1.0,"DemandMax":null,"Value":38.808159602955},{"Length":4.612255,"Height":8.407381,"Demand":1.0,"DemandMax":null,"Value":38.776985054155006},{"Length":4.120862,"Height":9.365973,"Demand":1.0,"DemandMax":null,"Value":38.595882228726},{"Length":6.104317,"Height":6.322565,"Demand":1.0,"DemandMax":null,"Value":38.594941013105},{"Length":10.08899,"Height":3.824459,"Demand":1.0,"DemandMax":null,"Value":38.58492860641},{"Length":3.828072,"Height":10.07149,"Demand":1.0,"DemandMax":null,"Value":38.554388867280004},{"Length":3.299177,"Height":11.6469,"Demand":1.0,"DemandMax":null,"Value":38.425184601299996},{"Length":8.917741,"Height":4.285724,"Demand":1.0,"DemandMax":null,"Value":38.218976629484},{"Length":6.399599,"Height":5.969805,"Demand":1.0,"DemandMax":null,"Value":38.204358108195},{"Length":8.910351,"Height":4.280472,"Demand":1.0,"DemandMax":null,"Value":38.140507965672},{"Length":8.553464,"Height":4.420065,"Demand":1.0,"DemandMax":null,"Value":37.80686685516},{"Length":7.04349,"Height":5.307077,"Demand":1.0,"DemandMax":null,"Value":37.38034377873},{"Length":3.280604,"Height":11.22515,"Demand":1.0,"DemandMax":null,"Value":36.825271990599994},{"Length":7.019465,"Height":5.170851,"Demand":1.0,"DemandMax":null,"Value":36.296607614715},{"Length":3.100422,"Height":11.6469,"Demand":1.0,"DemandMax":null,"Value":36.1103049918},{"Length":5.809037,"Height":6.214789,"Demand":1.0,"DemandMax":null,"Value":36.101939248193},{"Length":5.187088,"Height":6.934967,"Demand":1.0,"DemandMax":null,"Value":35.972284106096005},{"Length":3.079263,"Height":11.63879,"Demand":1.0,"DemandMax":null,"Value":35.838895411770004},{"Length":8.297434,"Height":4.275428,"Demand":1.0,"DemandMax":null,"Value":35.475081651752},{"Length":4.054072,"Height":8.686384,"Demand":1.0,"DemandMax":null,"Value":35.215226155648},{"Length":4.211636,"Height":8.358437,"Demand":1.0,"DemandMax":null,"Value":35.202694172932006},{"Length":8.93504,"Height":3.93968,"Demand":1.0,"DemandMax":null,"Value":35.2011983872},{"Length":4.222772,"Height":8.223071,"Demand":1.0,"DemandMax":null,"Value":34.724153972812},{"Length":4.587337,"Height":7.567229,"Demand":1.0,"DemandMax":null,"Value":34.713429579173},{"Length":4.740705,"Height":7.156981,"Demand":1.0,"DemandMax":null,"Value":33.929135611605},{"Length":3.361612,"Height":10.07149,"Demand":1.0,"DemandMax":null,"Value":33.856441641880004},{"Length":4.275253,"Height":7.873161,"Demand":1.0,"DemandMax":null,"Value":33.659755184733},{"Length":7.980561,"Height":4.216879,"Demand":1.0,"DemandMax":null,"Value":33.653060089118995},{"Length":5.909784,"Height":5.680292,"Demand":1.0,"DemandMax":null,"Value":33.569298776928},{"Length":10.26263,"Height":3.259402,"Demand":1.0,"DemandMax":null,"Value":33.45003674726},{"Length":9.654951,"Height":3.462524,"Demand":1.0,"DemandMax":null,"Value":33.430499556324},{"Length":7.790622,"Height":4.285724,"Demand":1.0,"DemandMax":null,"Value":33.388455680328},{"Length":7.919152,"Height":4.142085,"Demand":1.0,"DemandMax":null,"Value":32.80180071192},{"Length":3.124974,"Height":10.43432,"Demand":1.0,"DemandMax":null,"Value":32.60697870768},{"Length":3.294242,"Height":9.886523,"Demand":1.0,"DemandMax":null,"Value":32.568599300566},{"Length":6.293548,"Height":5.170851,"Demand":1.0,"DemandMax":null,"Value":32.542998969348},{"Length":4.55339,"Height":7.127488,"Demand":1.0,"DemandMax":null,"Value":32.45423258432},{"Length":5.338084,"Height":6.0068,"Demand":1.0,"DemandMax":null,"Value":32.0648029712},{"Length":8.553464,"Height":3.713823,"Demand":1.0,"DemandMax":null,"Value":31.766051332872},{"Length":7.893437,"Height":4.016548,"Demand":1.0,"DemandMax":null,"Value":31.704368595476},{"Length":2.824613,"Height":11.20876,"Demand":1.0,"DemandMax":null,"Value":31.660409209879997},{"Length":6.399599,"Height":4.941289,"Demand":1.0,"DemandMax":null,"Value":31.622268143111004},{"Length":3.768925,"Height":8.358437,"Demand":1.0,"DemandMax":null,"Value":31.502322170225},{"Length":5.404217,"Height":5.816508,"Demand":1.0,"DemandMax":null,"Value":31.433671414236},{"Length":2.884571,"Height":10.70848,"Demand":1.0,"DemandMax":null,"Value":30.889370862080003},{"Length":6.38026,"Height":4.817105,"Demand":1.0,"DemandMax":null,"Value":30.7343823473},{"Length":5.759222,"Height":5.278645,"Demand":1.0,"DemandMax":null,"Value":30.400888414190003},{"Length":2.782285,"Height":10.9192,"Demand":1.0,"DemandMax":null,"Value":30.380326372},{"Length":10.08899,"Height":2.995488,"Demand":1.0,"DemandMax":null,"Value":30.221448477120003},{"Length":4.750083,"Height":6.341332,"Demand":1.0,"DemandMax":null,"Value":30.121853330556004},{"Length":8.297434,"Height":3.597733,"Demand":1.0,"DemandMax":null,"Value":29.851952117122003},{"Length":5.63667,"Height":5.270453,"Demand":1.0,"DemandMax":null,"Value":29.707804311509996},{"Length":3.677911,"Height":8.070417,"Demand":1.0,"DemandMax":null,"Value":29.682275458887002},{"Length":3.673081,"Height":8.080249,"Demand":1.0,"DemandMax":null,"Value":29.679409077168998},{"Length":4.184061,"Height":7.08879,"Demand":1.0,"DemandMax":null,"Value":29.65992977619},{"Length":10.39803,"Height":2.832604,"Demand":1.0,"DemandMax":null,"Value":29.45350137012},{"Length":8.946357,"Height":3.29213,"Demand":1.0,"DemandMax":null,"Value":29.45257027041},{"Length":8.727802,"Height":3.362335,"Demand":1.0,"DemandMax":null,"Value":29.34579413767},{"Length":4.019663,"Height":7.086286,"Demand":1.0,"DemandMax":null,"Value":28.484481641618004},{"Length":4.280313,"Height":6.635497,"Demand":1.0,"DemandMax":null,"Value":28.402004070561},{"Length":7.919152,"Height":3.574745,"Demand":1.0,"DemandMax":null,"Value":28.308949016240003},{"Length":4.613814,"Height":6.101245,"Demand":1.0,"DemandMax":null,"Value":28.150009598429996},{"Length":5.890211,"Height":4.765675,"Demand":1.0,"DemandMax":null,"Value":28.070831307425},{"Length":5.4521,"Height":5.043764,"Demand":1.0,"DemandMax":null,"Value":27.4991057044},{"Length":3.873774,"Height":7.086286,"Demand":1.0,"DemandMax":null,"Value":27.450670463364002},{"Length":5.758598,"Height":4.765675,"Demand":1.0,"DemandMax":null,"Value":27.44360652365},{"Length":2.625633,"Height":10.41057,"Demand":1.0,"DemandMax":null,"Value":27.334336140810002},{"Length":4.495028,"Height":6.049081,"Demand":1.0,"DemandMax":null,"Value":27.190788469267996},{"Length":2.611056,"Height":10.41057,"Demand":1.0,"DemandMax":null,"Value":27.18258126192},{"Length":5.759222,"Height":4.710438,"Demand":1.0,"DemandMax":null,"Value":27.128458159236},{"Length":3.213893,"Height":8.407381,"Demand":1.0,"DemandMax":null,"Value":27.020422944233005},{"Length":7.980561,"Height":3.380068,"Demand":1.0,"DemandMax":null,"Value":26.974838858148},{"Length":2.942229,"Height":9.080037,"Demand":1.0,"DemandMax":null,"Value":26.715548182473004},{"Length":6.168515,"Height":4.328195,"Demand":1.0,"DemandMax":null,"Value":26.698535780425},{"Length":3.173086,"Height":8.407381,"Demand":1.0,"DemandMax":null,"Value":26.677342947766004},{"Length":5.63667,"Height":4.71863,"Demand":1.0,"DemandMax":null,"Value":26.5973601621},{"Length":5.4521,"Height":4.868188,"Demand":1.0,"DemandMax":null,"Value":26.5418477948},{"Length":4.184957,"Height":6.341332,"Demand":1.0,"DemandMax":null,"Value":26.538201742724002},{"Length":6.188246,"Height":4.259175,"Demand":1.0,"DemandMax":null,"Value":26.35682265705},{"Length":5.852921,"Height":4.468413,"Demand":1.0,"DemandMax":null,"Value":26.153268284373002},{"Length":2.989417,"Height":8.686384,"Demand":1.0,"DemandMax":null,"Value":25.967223998128002},{"Length":5.795889,"Height":4.468413,"Demand":1.0,"DemandMax":null,"Value":25.898425754157}]}