{"Name":"Path19_25","Objects":[{"Length":100.0,"Height":100.0,"Stock":null,"Cost":10000.0}],"Items":[{"Length":100.0,"Height":26.39837,"Demand":1.0,"DemandMax":null,"Value":2639.837},{"Length":72.89982,"Height":19.76886,"Demand":1.0,"DemandMax":null,"Value":1441.1463356052002},{"Length":55.52198,"Height":25.906,"Demand":1.0,"DemandMax":null,"Value":1438.3524138799999},{"Length":38.38553,"Height":30.5237,"Demand":1.0,"DemandMax":null,"Value":1171.668402061},{"Length":64.9648,"Height":8.857054,"Demand":1.0,"DemandMax":null,"Value":575.3967416992},{"Length":20.45503,"Height":19.76886,"Demand":1.0,"DemandMax":null,"Value":404.3726243658},{"Length":35.0352,"Height":8.857054,"Demand":1.0,"DemandMax":null,"Value":310.3086583008},{"Length":57.54601,"Height":4.97765,"Demand":1.0,"DemandMax":null,"Value":286.4438966765},{"Length":61.61447,"Height":4.617701,"Demand":1.0,"DemandMax":null,"Value":284.51719973347},{"Length":31.28093,"Height":8.910316,"Demand":1.0,"DemandMax":null,"Value":278.72297107388},{"Length":63.57781,"Height":3.438339,"Demand":1.0,"DemandMax":null,"Value":218.60206365759},{"Length":6.092495,"Height":25.906,"Demand":1.0,"DemandMax":null,"Value":157.83217547},{"Length":100.0,"Height":1.385181,"Demand":1.0,"DemandMax":null,"Value":138.5181},{"Length":6.645149,"Height":19.76886,"Demand":1.0,"DemandMax":null,"Value":131.36702026014},{"Length":36.42219,"Height":1.929246,"Demand":1.0,"DemandMax":null,"Value":70.26736436874},{"Length":23.02741,"Height":2.496877,"Demand":1.0,"DemandMax":null,"Value":57.49661039857},{"Length":6.38248,"Height":8.910316,"Demand":1.0,"DemandMax":null,"Value":56.86991366368},{"Length":36.42219,"Height":1.474758,"Demand":1.0,"DemandMax":null,"Value":53.71391608002},{"Length":20.42182,"Height":2.496877,"Demand":1.0,"DemandMax":null,"Value":50.99077265614},{"Length":63.57781,"Height":0.7181856,"Demand":1.0,"DemandMax":null,"Value":45.660667621536},{"Length":4.79059,"Height":8.910316,"Demand":1.0,"DemandMax":null,"Value":42.68567072644},{"Length":28.83006,"Height":1.435789,"Demand":1.0,"DemandMax":null,"Value":41.39388301734},{"Length":28.71594,"Height":1.435789,"Demand":1.0,"DemandMax":null,"Value":41.23003077666},{"Length":14.09678,"Height":2.496877,"Demand":1.0,"DemandMax":null,"Value":35.19792575606},{"Length":36.42219,"Height":0.7525207,"Demand":1.0,"DemandMax":null,"Value":27.408451914333003}]}