{"Name":"Nice42_200","Objects":[{"Length":100.0,"Height":100.0,"Stock":null,"Cost":10000.0}],"Items":[{"Length":12.42635,"Height":16.73609,"Demand":1.0,"DemandMax":null,"Value":207.9685119715},{"Length":13.46717,"Height":11.03225,"Demand":1.0,"DemandMax":null,"Value":148.57318623249998},{"Length":14.48465,"Height":9.191296,"Demand":1.0,"DemandMax":null,"Value":133.13270560639998},{"Length":9.670931,"Height":13.20309,"Demand":1.0,"DemandMax":null,"Value":127.68617237678998},{"Length":11.97242,"Height":8.651043,"Demand":1.0,"DemandMax":null,"Value":103.57392023406},{"Length":10.45398,"Height":9.471131,"Demand":1.0,"DemandMax":null,"Value":99.011014051379988},{"Length":11.27528,"Height":7.776975,"Demand":1.0,"DemandMax":null,"Value":87.687570678},{"Length":7.447775,"Height":11.66837,"Demand":1.0,"DemandMax":null,"Value":86.90339437675},{"Length":7.356875,"Height":11.78557,"Demand":1.0,"DemandMax":null,"Value":86.704965293749993},{"Length":10.07276,"Height":8.597707,"Demand":1.0,"DemandMax":null,"Value":86.60263916132},{"Length":10.71679,"Height":7.956491,"Demand":1.0,"DemandMax":null,"Value":85.26804318389},{"Length":10.40216,"Height":8.149426,"Demand":1.0,"DemandMax":null,"Value":84.771633160160007},{"Length":7.526946,"Height":11.1068,"Demand":1.0,"DemandMax":null,"Value":83.600283832799988},{"Length":17.98057,"Height":4.589962,"Demand":1.0,"DemandMax":null,"Value":82.53013303834},{"Length":7.260599,"Height":11.35315,"Demand":1.0,"DemandMax":null,"Value":82.43066953684999},{"Length":8.157644,"Height":10.06846,"Demand":1.0,"DemandMax":null,"Value":82.13491230823999},{"Length":8.108419,"Height":9.614722,"Demand":1.0,"DemandMax":null,"Value":77.960194544518},{"Length":8.01194,"Height":9.471131,"Demand":1.0,"DemandMax":null,"Value":75.882133304139984},{"Length":11.2974,"Height":6.714558,"Demand":1.0,"DemandMax":null,"Value":75.8570475492},{"Length":7.402168,"Height":10.19079,"Demand":1.0,"DemandMax":null,"Value":75.43393963272},{"Length":10.80515,"Height":6.945248,"Demand":1.0,"DemandMax":null,"Value":75.0444464272},{"Length":12.94906,"Height":5.78498,"Demand":1.0,"DemandMax":null,"Value":74.9100531188},{"Length":8.286675,"Height":8.904153,"Demand":1.0,"DemandMax":null,"Value":73.785822061275013},{"Length":9.159215,"Height":7.757224,"Demand":1.0,"DemandMax":null,"Value":71.050082419159992},{"Length":6.123838,"Height":11.43641,"Demand":1.0,"DemandMax":null,"Value":70.03472214158},{"Length":12.0209,"Height":5.800607,"Demand":1.0,"DemandMax":null,"Value":69.7285166863},{"Length":8.770096,"Height":7.783649,"Demand":1.0,"DemandMax":null,"Value":68.263348960304},{"Length":8.108419,"Height":8.302434,"Demand":1.0,"DemandMax":null,"Value":67.319613591846},{"Length":10.54759,"Height":6.372286,"Demand":1.0,"DemandMax":null,"Value":67.21226009074},{"Length":5.607366,"Height":11.94343,"Demand":1.0,"DemandMax":null,"Value":66.97118330538},{"Length":9.159215,"Height":7.19901,"Demand":1.0,"DemandMax":null,"Value":65.93728037715},{"Length":4.606026,"Height":14.01896,"Demand":1.0,"DemandMax":null,"Value":64.57169425296},{"Length":7.356538,"Height":8.42733,"Demand":1.0,"DemandMax":null,"Value":61.99597338353999},{"Length":6.317185,"Height":9.471131,"Demand":1.0,"DemandMax":null,"Value":59.830886686235004},{"Length":5.482081,"Height":10.89925,"Demand":1.0,"DemandMax":null,"Value":59.75057133925},{"Length":4.971568,"Height":11.94343,"Demand":1.0,"DemandMax":null,"Value":59.37757439824},{"Length":10.54531,"Height":5.582323,"Demand":1.0,"DemandMax":null,"Value":58.86732655513},{"Length":9.159215,"Height":6.397565,"Demand":1.0,"DemandMax":null,"Value":58.596673311475},{"Length":9.145653,"Height":6.372286,"Demand":1.0,"DemandMax":null,"Value":58.278716572757993},{"Length":14.48465,"Height":4.013076,"Demand":1.0,"DemandMax":null,"Value":58.128001283399996},{"Length":4.625154,"Height":12.53543,"Demand":1.0,"DemandMax":null,"Value":57.97829420622},{"Length":4.622194,"Height":12.53543,"Demand":1.0,"DemandMax":null,"Value":57.941189333420006},{"Length":6.607747,"Height":8.765394,"Demand":1.0,"DemandMax":null,"Value":57.919505907318005},{"Length":9.252451,"Height":6.241889,"Demand":1.0,"DemandMax":null,"Value":57.752772119939},{"Length":4.022218,"Height":14.2425,"Demand":1.0,"DemandMax":null,"Value":57.286439864999991},{"Length":8.223811,"Height":6.945248,"Demand":1.0,"DemandMax":null,"Value":57.116406900128},{"Length":6.201424,"Height":9.205179,"Demand":1.0,"DemandMax":null,"Value":57.085217974896},{"Length":5.291576,"Height":10.75097,"Demand":1.0,"DemandMax":null,"Value":56.88957482872},{"Length":4.738518,"Height":11.94343,"Demand":1.0,"DemandMax":null,"Value":56.59415803674},{"Length":3.998915,"Height":14.01896,"Demand":1.0,"DemandMax":null,"Value":56.060629428400006},{"Length":5.414378,"Height":10.19079,"Demand":1.0,"DemandMax":null,"Value":55.17678917862},{"Length":10.22396,"Height":5.389277,"Demand":1.0,"DemandMax":null,"Value":55.099752476919996},{"Length":4.592491,"Height":11.94343,"Demand":1.0,"DemandMax":null,"Value":54.850094784129993},{"Length":5.246338,"Height":10.44764,"Demand":1.0,"DemandMax":null,"Value":54.81185074232},{"Length":13.46717,"Height":3.957195,"Demand":1.0,"DemandMax":null,"Value":53.29221778815},{"Length":3.707829,"Height":14.09621,"Demand":1.0,"DemandMax":null,"Value":52.26633622809},{"Length":9.32971,"Height":5.546231,"Demand":1.0,"DemandMax":null,"Value":51.74472682301},{"Length":8.651461,"Height":5.976583,"Demand":1.0,"DemandMax":null,"Value":51.706174737762993},{"Length":3.648709,"Height":14.09621,"Demand":1.0,"DemandMax":null,"Value":51.43296829289},{"Length":4.57594,"Height":11.2329,"Demand":1.0,"DemandMax":null,"Value":51.401076426},{"Length":4.221229,"Height":12.10208,"Demand":1.0,"DemandMax":null,"Value":51.08565105632},{"Length":7.042911,"Height":7.253132,"Demand":1.0,"DemandMax":null,"Value":51.083163147252},{"Length":9.469281,"Height":5.389277,"Demand":1.0,"DemandMax":null,"Value":51.032578299837},{"Length":6.387824,"Height":7.956491,"Demand":1.0,"DemandMax":null,"Value":50.824664165584},{"Length":6.849055,"Height":7.3281,"Demand":1.0,"DemandMax":null,"Value":50.1905599455},{"Length":9.218941,"Height":5.4316,"Demand":1.0,"DemandMax":null,"Value":50.0735999356},{"Length":5.350577,"Height":9.312689,"Demand":1.0,"DemandMax":null,"Value":49.828259571553005},{"Length":4.618812,"Height":10.75097,"Demand":1.0,"DemandMax":null,"Value":49.65670924764},{"Length":3.530558,"Height":14.01896,"Demand":1.0,"DemandMax":null,"Value":49.494751379680004},{"Length":5.385419,"Height":9.153612,"Demand":1.0,"DemandMax":null,"Value":49.296035983428},{"Length":5.889863,"Height":8.364789,"Demand":1.0,"DemandMax":null,"Value":49.267461233907},{"Length":3.507714,"Height":14.01896,"Demand":1.0,"DemandMax":null,"Value":49.17450225744},{"Length":4.734388,"Height":10.37597,"Demand":1.0,"DemandMax":null,"Value":49.12386785636},{"Length":7.852166,"Height":6.241889,"Demand":1.0,"DemandMax":null,"Value":49.012348581574},{"Length":6.724931,"Height":7.253132,"Demand":1.0,"DemandMax":null,"Value":48.776812233891995},{"Length":6.584513,"Height":7.390051,"Demand":1.0,"DemandMax":null,"Value":48.659886880163},{"Length":8.735498,"Height":5.546231,"Demand":1.0,"DemandMax":null,"Value":48.449089808037996},{"Length":8.200584,"Height":5.89803,"Demand":1.0,"DemandMax":null,"Value":48.36729044952},{"Length":8.846268,"Height":5.4316,"Demand":1.0,"DemandMax":null,"Value":48.049389268800006},{"Length":9.28257,"Height":5.168651,"Demand":1.0,"DemandMax":null,"Value":47.978364713069993},{"Length":5.518554,"Height":8.651043,"Demand":1.0,"DemandMax":null,"Value":47.741247951822},{"Length":6.607747,"Height":7.220642,"Demand":1.0,"DemandMax":null,"Value":47.712175513573996},{"Length":13.46717,"Height":3.535768,"Demand":1.0,"DemandMax":null,"Value":47.61678873656},{"Length":9.206108,"Height":5.168651,"Demand":1.0,"DemandMax":null,"Value":47.583159320308},{"Length":9.612579,"Height":4.937089,"Demand":1.0,"DemandMax":null,"Value":47.458158042531004},{"Length":8.404935,"Height":5.646298,"Demand":1.0,"DemandMax":null,"Value":47.45676768063},{"Length":6.584513,"Height":7.166095,"Demand":1.0,"DemandMax":null,"Value":47.185245686735},{"Length":12.81655,"Height":3.677982,"Demand":1.0,"DemandMax":null,"Value":47.1390402021},{"Length":8.236733,"Height":5.721523,"Demand":1.0,"DemandMax":null,"Value":47.126657304359},{"Length":12.42635,"Height":3.767318,"Demand":1.0,"DemandMax":null,"Value":46.814012029299995},{"Length":8.286675,"Height":5.564035,"Demand":1.0,"DemandMax":null,"Value":46.107349733625},{"Length":5.350577,"Height":8.604467,"Demand":1.0,"DemandMax":null,"Value":46.038863227459004},{"Length":9.035467,"Height":5.08679,"Demand":1.0,"DemandMax":null,"Value":45.96152318093},{"Length":4.421515,"Height":10.37597,"Demand":1.0,"DemandMax":null,"Value":45.877506994550004},{"Length":10.85333,"Height":4.218761,"Demand":1.0,"DemandMax":null,"Value":45.78760532413},{"Length":4.946885,"Height":9.212279,"Demand":1.0,"DemandMax":null,"Value":45.572084800915},{"Length":7.356538,"Height":6.187143,"Demand":1.0,"DemandMax":null,"Value":45.515952590934},{"Length":6.105637,"Height":7.3281,"Demand":1.0,"DemandMax":null,"Value":44.7427184997},{"Length":3.723133,"Height":11.94343,"Demand":1.0,"DemandMax":null,"Value":44.46697836619},{"Length":9.413776,"Height":4.712161,"Demand":1.0,"DemandMax":null,"Value":44.359228129936},{"Length":6.38693,"Height":6.945248,"Demand":1.0,"DemandMax":null,"Value":44.35881280864},{"Length":8.236733,"Height":5.385272,"Demand":1.0,"DemandMax":null,"Value":44.357047596375992},{"Length":7.94337,"Height":5.582323,"Demand":1.0,"DemandMax":null,"Value":44.34245704851},{"Length":11.76433,"Height":3.755506,"Demand":1.0,"DemandMax":null,"Value":44.181011900979996},{"Length":12.0209,"Height":3.670525,"Demand":1.0,"DemandMax":null,"Value":44.1230139725},{"Length":9.115496,"Height":4.82397,"Demand":1.0,"DemandMax":null,"Value":43.972879239120005},{"Length":5.472462,"Height":8.018309,"Demand":1.0,"DemandMax":null,"Value":43.879891306758005},{"Length":8.347069,"Height":5.255022,"Demand":1.0,"DemandMax":null,"Value":43.864031230518},{"Length":3.669714,"Height":11.94343,"Demand":1.0,"DemandMax":null,"Value":43.828972279019993},{"Length":6.028118,"Height":7.253132,"Demand":1.0,"DemandMax":null,"Value":43.722735565576},{"Length":11.2974,"Height":3.862094,"Demand":1.0,"DemandMax":null,"Value":43.6316207556},{"Length":5.472462,"Height":7.960834,"Demand":1.0,"DemandMax":null,"Value":43.565361553308},{"Length":9.210848,"Height":4.711163,"Demand":1.0,"DemandMax":null,"Value":43.393806296224},{"Length":9.210848,"Height":4.702769,"Demand":1.0,"DemandMax":null,"Value":43.316490438112},{"Length":6.990381,"Height":6.173293,"Demand":1.0,"DemandMax":null,"Value":43.153670094633},{"Length":4.946885,"Height":8.704877,"Demand":1.0,"DemandMax":null,"Value":43.062025458145},{"Length":9.612579,"Height":4.476843,"Demand":1.0,"DemandMax":null,"Value":43.034007008097},{"Length":8.404935,"Height":5.104676,"Demand":1.0,"DemandMax":null,"Value":42.904469976060007},{"Length":7.415092,"Height":5.78498,"Demand":1.0,"DemandMax":null,"Value":42.89615891816},{"Length":8.865078,"Height":4.82397,"Demand":1.0,"DemandMax":null,"Value":42.764870319660005},{"Length":8.200584,"Height":5.208766,"Demand":1.0,"DemandMax":null,"Value":42.714923119343993},{"Length":3.394845,"Height":12.53543,"Demand":1.0,"DemandMax":null,"Value":42.55584185835},{"Length":5.657554,"Height":7.502291,"Demand":1.0,"DemandMax":null,"Value":42.444616456214},{"Length":8.347069,"Height":5.076361,"Demand":1.0,"DemandMax":null,"Value":42.372735535909},{"Length":8.992105,"Height":4.712161,"Demand":1.0,"DemandMax":null,"Value":42.372246488905006},{"Length":3.771129,"Height":11.2329,"Demand":1.0,"DemandMax":null,"Value":42.3607149441},{"Length":3.862952,"Height":10.91528,"Demand":1.0,"DemandMax":null,"Value":42.165202706559995},{"Length":8.157644,"Height":5.134405,"Demand":1.0,"DemandMax":null,"Value":41.88464814182},{"Length":3.493108,"Height":11.94343,"Demand":1.0,"DemandMax":null,"Value":41.71969088044},{"Length":4.117326,"Height":10.00065,"Demand":1.0,"DemandMax":null,"Value":41.175936261900006},{"Length":3.588939,"Height":11.43641,"Demand":1.0,"DemandMax":null,"Value":41.04457786899},{"Length":5.619932,"Height":7.253132,"Demand":1.0,"DemandMax":null,"Value":40.762108627024006},{"Length":12.64219,"Height":3.175188,"Demand":1.0,"DemandMax":null,"Value":40.14132998172},{"Length":12.64219,"Height":3.174406,"Demand":1.0,"DemandMax":null,"Value":40.131443789139993},{"Length":12.42635,"Height":3.201583,"Demand":1.0,"DemandMax":null,"Value":39.783990912049994},{"Length":6.002991,"Height":6.620461,"Demand":1.0,"DemandMax":null,"Value":39.742567798851},{"Length":9.635786,"Height":4.040442,"Demand":1.0,"DemandMax":null,"Value":38.932834457411992},{"Length":3.553385,"Height":10.89925,"Demand":1.0,"DemandMax":null,"Value":38.72923146125},{"Length":3.219941,"Height":11.94343,"Demand":1.0,"DemandMax":null,"Value":38.45713993763},{"Length":3.452561,"Height":11.1068,"Demand":1.0,"DemandMax":null,"Value":38.3469045148},{"Length":5.761338,"Height":6.620461,"Demand":1.0,"DemandMax":null,"Value":38.142713536818},{"Length":7.224292,"Height":5.179778,"Demand":1.0,"DemandMax":null,"Value":37.420228767176},{"Length":6.082289,"Height":6.132195,"Demand":1.0,"DemandMax":null,"Value":37.297782194355},{"Length":6.127906,"Height":6.006522,"Demand":1.0,"DemandMax":null,"Value":36.807402202932},{"Length":3.298342,"Height":11.1068,"Demand":1.0,"DemandMax":null,"Value":36.634024925599995},{"Length":3.053618,"Height":11.94343,"Demand":1.0,"DemandMax":null,"Value":36.47067282974},{"Length":6.828376,"Height":5.326219,"Demand":1.0,"DemandMax":null,"Value":36.369425990344},{"Length":5.889863,"Height":6.155299,"Demand":1.0,"DemandMax":null,"Value":36.253867834037},{"Length":3.61744,"Height":10.01031,"Demand":1.0,"DemandMax":null,"Value":36.2116958064},{"Length":9.635786,"Height":3.743207,"Demand":1.0,"DemandMax":null,"Value":36.068741605701994},{"Length":2.987932,"Height":11.94343,"Demand":1.0,"DemandMax":null,"Value":35.686156686759993},{"Length":3.871332,"Height":9.205179,"Demand":1.0,"DemandMax":null,"Value":35.636304028428},{"Length":6.584513,"Height":5.395089,"Demand":1.0,"DemandMax":null,"Value":35.524033656657},{"Length":5.940467,"Height":5.976583,"Demand":1.0,"DemandMax":null,"Value":35.503694084261},{"Length":3.103769,"Height":11.43641,"Demand":1.0,"DemandMax":null,"Value":35.49597482929},{"Length":5.889863,"Height":6.005654,"Demand":1.0,"DemandMax":null,"Value":35.372479285402},{"Length":6.505816,"Height":5.424795,"Demand":1.0,"DemandMax":null,"Value":35.29271810772},{"Length":6.584513,"Height":5.35394,"Demand":1.0,"DemandMax":null,"Value":35.25308753122},{"Length":3.51316,"Height":10.01031,"Demand":1.0,"DemandMax":null,"Value":35.167820679600005},{"Length":5.772218,"Height":5.976583,"Demand":1.0,"DemandMax":null,"Value":34.498139971094},{"Length":7.1306,"Height":4.823807,"Demand":1.0,"DemandMax":null,"Value":34.3966381942},{"Length":10.85333,"Height":3.167603,"Demand":1.0,"DemandMax":null,"Value":34.37904066799},{"Length":4.21894,"Height":8.071755,"Demand":1.0,"DemandMax":null,"Value":34.054250039699994},{"Length":3.272881,"Height":10.37597,"Demand":1.0,"DemandMax":null,"Value":33.95931506957},{"Length":5.580615,"Height":5.977857,"Demand":1.0,"DemandMax":null,"Value":33.360118442055},{"Length":4.128129,"Height":8.071755,"Demand":1.0,"DemandMax":null,"Value":33.321245896395},{"Length":6.136377,"Height":5.424795,"Demand":1.0,"DemandMax":null,"Value":33.288587267715},{"Length":4.082483,"Height":8.149426,"Demand":1.0,"DemandMax":null,"Value":33.269893104758},{"Length":11.2974,"Height":2.942959,"Demand":1.0,"DemandMax":null,"Value":33.2477850066},{"Length":5.723053,"Height":5.799724,"Demand":1.0,"DemandMax":null,"Value":33.192127837372006},{"Length":3.61004,"Height":9.188276,"Demand":1.0,"DemandMax":null,"Value":33.17004389104},{"Length":6.990381,"Height":4.741986,"Demand":1.0,"DemandMax":null,"Value":33.148288836666},{"Length":10.85333,"Height":3.052155,"Demand":1.0,"DemandMax":null,"Value":33.12604542615},{"Length":4.415202,"Height":7.502291,"Demand":1.0,"DemandMax":null,"Value":33.124130227782},{"Length":7.1306,"Height":4.643499,"Demand":1.0,"DemandMax":null,"Value":33.1109339694},{"Length":5.449702,"Height":6.057077,"Demand":1.0,"DemandMax":null,"Value":33.009264641054},{"Length":5.449702,"Height":6.045004,"Demand":1.0,"DemandMax":null,"Value":32.943470388808},{"Length":5.397254,"Height":6.046106,"Demand":1.0,"DemandMax":null,"Value":32.632369792924},{"Length":8.157644,"Height":3.985539,"Demand":1.0,"DemandMax":null,"Value":32.512608310116},{"Length":5.580615,"Height":5.807709,"Demand":1.0,"DemandMax":null,"Value":32.410587961035},{"Length":6.242877,"Height":5.179778,"Demand":1.0,"DemandMax":null,"Value":32.336716941306},{"Length":7.1306,"Height":4.530885,"Demand":1.0,"DemandMax":null,"Value":32.307928581},{"Length":7.447775,"Height":4.310776,"Demand":1.0,"DemandMax":null,"Value":32.1056897234},{"Length":3.4273,"Height":9.188276,"Demand":1.0,"DemandMax":null,"Value":31.490978334799998},{"Length":3.63788,"Height":8.651043,"Demand":1.0,"DemandMax":null,"Value":31.471456308839997},{"Length":3.143272,"Height":10.00065,"Demand":1.0,"DemandMax":null,"Value":31.4347631268},{"Length":5.397254,"Height":5.739459,"Demand":1.0,"DemandMax":null,"Value":30.977318045586003},{"Length":5.813817,"Height":5.326219,"Demand":1.0,"DemandMax":null,"Value":30.965662567923},{"Length":4.264458,"Height":7.253314,"Demand":1.0,"DemandMax":null,"Value":30.931452913812002},{"Length":5.385419,"Height":5.733903,"Demand":1.0,"DemandMax":null,"Value":30.879470160357},{"Length":7.1306,"Height":4.294215,"Demand":1.0,"DemandMax":null,"Value":30.620329479000002},{"Length":7.03734,"Height":4.331334,"Demand":1.0,"DemandMax":null,"Value":30.481070011560004},{"Length":6.127906,"Height":4.971309,"Demand":1.0,"DemandMax":null,"Value":30.463714248954},{"Length":2.911306,"Height":10.44764,"Demand":1.0,"DemandMax":null,"Value":30.416277017840002},{"Length":5.723053,"Height":5.307072,"Demand":1.0,"DemandMax":null,"Value":30.372654330816},{"Length":5.385419,"Height":5.638226,"Demand":1.0,"DemandMax":null,"Value":30.364209426694},{"Length":6.082289,"Height":4.9746,"Demand":1.0,"DemandMax":null,"Value":30.2569548594},{"Length":8.174167,"Height":3.668039,"Demand":1.0,"DemandMax":null,"Value":29.983163348513},{"Length":8.174167,"Height":3.66006,"Demand":1.0,"DemandMax":null,"Value":29.917941670020003},{"Length":4.264458,"Height":6.989182,"Demand":1.0,"DemandMax":null,"Value":29.805073093356}]}