{"Name":"Path28_25","Objects":[{"Length":100.0,"Height":100.0,"Stock":null,"Cost":10000.0}],"Items":[{"Length":94.88626,"Height":32.92379,"Demand":1.0,"DemandMax":null,"Value":3124.0152981253996},{"Length":94.88626,"Height":25.45286,"Demand":1.0,"DemandMax":null,"Value":2415.1266917036},{"Length":94.88626,"Height":20.04419,"Demand":1.0,"DemandMax":null,"Value":1901.9182238294},{"Length":59.61752,"Height":9.219501,"Demand":1.0,"DemandMax":null,"Value":549.64378525752},{"Length":5.113739,"Height":78.42084,"Demand":1.0,"DemandMax":null,"Value":401.02370792076},{"Length":59.61752,"Height":4.314269,"Demand":1.0,"DemandMax":null,"Value":257.20601839288},{"Length":68.82132,"Height":2.913384,"Demand":1.0,"DemandMax":null,"Value":200.50293254688},{"Length":7.358003,"Height":21.57916,"Demand":1.0,"DemandMax":null,"Value":158.77952401748},{"Length":58.3512,"Height":2.448061,"Demand":1.0,"DemandMax":null,"Value":142.84729702319999},{"Length":58.3512,"Height":1.806178,"Demand":1.0,"DemandMax":null,"Value":105.3926537136},{"Length":9.905342,"Height":6.570581,"Demand":1.0,"DemandMax":null,"Value":65.083851943701987},{"Length":3.008722,"Height":21.57916,"Demand":1.0,"DemandMax":null,"Value":64.92569343352001},{"Length":2.823784,"Height":21.57916,"Demand":1.0,"DemandMax":null,"Value":60.93488674144},{"Length":7.388825,"Height":8.043845,"Demand":1.0,"DemandMax":null,"Value":59.434563032124991},{"Length":10.47012,"Height":5.13201,"Demand":1.0,"DemandMax":null,"Value":53.7327605412},{"Length":3.860209,"Height":13.53532,"Demand":1.0,"DemandMax":null,"Value":52.24916408188},{"Length":2.378029,"Height":21.57916,"Demand":1.0,"DemandMax":null,"Value":51.315868275640007},{"Length":6.376725,"Height":8.043845,"Demand":1.0,"DemandMax":null,"Value":51.293387507625},{"Length":58.3512,"Height":0.8777704,"Demand":1.0,"DemandMax":null,"Value":51.21895616448},{"Length":4.933008,"Height":8.825986,"Demand":1.0,"DemandMax":null,"Value":43.538659545888},{"Length":9.203805,"Height":4.707784,"Demand":1.0,"DemandMax":null,"Value":43.32952591812},{"Length":1.844595,"Height":21.57916,"Demand":1.0,"DemandMax":null,"Value":39.8048106402},{"Length":4.270797,"Height":8.825986,"Demand":1.0,"DemandMax":null,"Value":37.693994530842},{"Length":5.028964,"Height":6.964736,"Demand":1.0,"DemandMax":null,"Value":35.025406613504},{"Length":4.876378,"Height":6.964736,"Demand":1.0,"DemandMax":null,"Value":33.962685406208}]}