{"Name":"Nice34_25","Objects":[{"Length":100.0,"Height":100.0,"Stock":null,"Cost":10000.0}],"Items":[{"Length":68.4021,"Height":17.23962,"Demand":1.0,"DemandMax":null,"Value":1179.226211202},{"Length":24.85294,"Height":32.85846,"Demand":1.0,"DemandMax":null,"Value":816.6293348724},{"Length":24.22647,"Height":32.43924,"Demand":1.0,"DemandMax":null,"Value":785.88827468279987},{"Length":20.60721,"Height":32.43924,"Demand":1.0,"DemandMax":null,"Value":668.4822309204},{"Length":31.5979,"Height":19.43774,"Demand":1.0,"DemandMax":null,"Value":614.191764746},{"Length":31.66694,"Height":18.74367,"Demand":1.0,"DemandMax":null,"Value":593.55467326980011},{"Length":17.74733,"Height":32.85846,"Demand":1.0,"DemandMax":null,"Value":583.14993291180008},{"Length":32.00565,"Height":14.1148,"Demand":1.0,"DemandMax":null,"Value":451.75334862000005},{"Length":13.2054,"Height":32.43924,"Demand":1.0,"DemandMax":null,"Value":428.37313989599994},{"Length":10.85476,"Height":32.85846,"Demand":1.0,"DemandMax":null,"Value":356.67069726960005},{"Length":19.6602,"Height":17.46268,"Demand":1.0,"DemandMax":null,"Value":343.31978133599995},{"Length":14.87803,"Height":18.74367,"Demand":1.0,"DemandMax":null,"Value":278.8688845701},{"Length":23.12893,"Height":11.86645,"Demand":1.0,"DemandMax":null,"Value":274.4582913985},{"Length":17.53561,"Height":15.26456,"Demand":1.0,"DemandMax":null,"Value":267.6733709816},{"Length":12.03467,"Height":20.57278,"Demand":1.0,"DemandMax":null,"Value":247.58661828260003},{"Length":13.9017,"Height":17.46268,"Demand":1.0,"DemandMax":null,"Value":242.76093855599999},{"Length":13.41589,"Height":17.46268,"Demand":1.0,"DemandMax":null,"Value":234.27739398519998},{"Length":11.19029,"Height":20.57278,"Demand":1.0,"DemandMax":null,"Value":230.2153743062},{"Length":18.83199,"Height":11.86645,"Demand":1.0,"DemandMax":null,"Value":223.46886773550003},{"Length":14.06229,"Height":15.26456,"Demand":1.0,"DemandMax":null,"Value":214.6546694424},{"Length":14.53933,"Height":14.1148,"Demand":1.0,"DemandMax":null,"Value":205.219735084},{"Length":18.73596,"Height":10.90235,"Demand":1.0,"DemandMax":null,"Value":204.265993506},{"Length":21.42431,"Height":9.246662,"Demand":1.0,"DemandMax":null,"Value":198.10335315321998},{"Length":18.73596,"Height":9.670431,"Demand":1.0,"DemandMax":null,"Value":181.18480839876},{"Length":21.42431,"Height":8.216019,"Demand":1.0,"DemandMax":null,"Value":176.02253802188997}]}