{"Name":"Nice32_200","Objects":[{"Length":100.0,"Height":100.0,"Stock":null,"Cost":10000.0}],"Items":[{"Length":8.318779,"Height":16.68103,"Demand":1.0,"DemandMax":null,"Value":138.76580206237},{"Length":12.2507,"Height":9.926464,"Demand":1.0,"DemandMax":null,"Value":121.60613252479999},{"Length":10.08071,"Height":11.89004,"Demand":1.0,"DemandMax":null,"Value":119.8600451284},{"Length":9.25012,"Height":12.75095,"Demand":1.0,"DemandMax":null,"Value":117.947817614},{"Length":13.80615,"Height":7.67621,"Demand":1.0,"DemandMax":null,"Value":105.9789066915},{"Length":8.019534,"Height":12.99027,"Demand":1.0,"DemandMax":null,"Value":104.17591193418001},{"Length":6.075566,"Height":16.68103,"Demand":1.0,"DemandMax":null,"Value":101.34669871298},{"Length":6.644058,"Height":14.99265,"Demand":1.0,"DemandMax":null,"Value":99.6120361737},{"Length":9.601126,"Height":9.82928,"Demand":1.0,"DemandMax":null,"Value":94.372155769280013},{"Length":13.86198,"Height":6.676224,"Demand":1.0,"DemandMax":null,"Value":92.545683563520015},{"Length":13.67806,"Height":6.624938,"Demand":1.0,"DemandMax":null,"Value":90.61629946028},{"Length":12.6992,"Height":7.108889,"Demand":1.0,"DemandMax":null,"Value":90.277203188799987},{"Length":10.7193,"Height":8.366789,"Demand":1.0,"DemandMax":null,"Value":89.686121327700008},{"Length":11.02679,"Height":8.089454,"Demand":1.0,"DemandMax":null,"Value":89.20071047266},{"Length":6.259102,"Height":13.9314,"Demand":1.0,"DemandMax":null,"Value":87.1980536028},{"Length":12.76716,"Height":6.676224,"Demand":1.0,"DemandMax":null,"Value":85.23642000384001},{"Length":7.139071,"Height":11.89004,"Demand":1.0,"DemandMax":null,"Value":84.88383975284},{"Length":5.238788,"Height":15.81469,"Demand":1.0,"DemandMax":null,"Value":82.84980819572},{"Length":5.525591,"Height":14.37147,"Demand":1.0,"DemandMax":null,"Value":79.410865288770012},{"Length":6.290738,"Height":12.49405,"Demand":1.0,"DemandMax":null,"Value":78.5967951089},{"Length":13.67806,"Height":5.717072,"Demand":1.0,"DemandMax":null,"Value":78.19845384032},{"Length":5.42155,"Height":14.37147,"Demand":1.0,"DemandMax":null,"Value":77.9156431785},{"Length":14.69876,"Height":5.223134,"Demand":1.0,"DemandMax":null,"Value":76.77359311384},{"Length":5.486427,"Height":13.9314,"Demand":1.0,"DemandMax":null,"Value":76.4336091078},{"Length":6.239624,"Height":11.99692,"Demand":1.0,"DemandMax":null,"Value":74.856269958079992},{"Length":12.154,"Height":6.093091,"Demand":1.0,"DemandMax":null,"Value":74.055428014},{"Length":9.846524,"Height":7.518844,"Demand":1.0,"DemandMax":null,"Value":74.034477898256},{"Length":6.128736,"Height":11.89004,"Demand":1.0,"DemandMax":null,"Value":72.87091618944001},{"Length":9.231526,"Height":7.874103,"Demand":1.0,"DemandMax":null,"Value":72.689986571178},{"Length":8.868634,"Height":8.15144,"Demand":1.0,"DemandMax":null,"Value":72.292137932959989},{"Length":4.925128,"Height":14.67432,"Demand":1.0,"DemandMax":null,"Value":72.27290431296},{"Length":10.00774,"Height":7.14203,"Demand":1.0,"DemandMax":null,"Value":71.4755793122},{"Length":7.932871,"Height":9.006608,"Demand":1.0,"DemandMax":null,"Value":71.448259411567989},{"Length":5.846005,"Height":11.99692,"Demand":1.0,"DemandMax":null,"Value":70.1340543046},{"Length":8.505194,"Height":8.238407,"Demand":1.0,"DemandMax":null,"Value":70.069249785958},{"Length":12.154,"Height":5.732395,"Demand":1.0,"DemandMax":null,"Value":69.67152883},{"Length":12.154,"Height":5.723931,"Demand":1.0,"DemandMax":null,"Value":69.568657374},{"Length":5.492142,"Height":12.66035,"Demand":1.0,"DemandMax":null,"Value":69.5324399697},{"Length":13.67806,"Height":5.001737,"Demand":1.0,"DemandMax":null,"Value":68.414058790220011},{"Length":4.289055,"Height":15.81469,"Demand":1.0,"DemandMax":null,"Value":67.830075217950011},{"Length":9.846524,"Height":6.852629,"Demand":1.0,"DemandMax":null,"Value":67.474575911596},{"Length":14.5478,"Height":4.636393,"Demand":1.0,"DemandMax":null,"Value":67.449318085400009},{"Length":6.015164,"Height":11.16168,"Demand":1.0,"DemandMax":null,"Value":67.13933571552},{"Length":8.287401,"Height":8.089454,"Demand":1.0,"DemandMax":null,"Value":67.040549169053989},{"Length":8.10323,"Height":8.238407,"Demand":1.0,"DemandMax":null,"Value":66.75770675461},{"Length":14.39435,"Height":4.561059,"Demand":1.0,"DemandMax":null,"Value":65.65347961665},{"Length":5.746696,"Height":11.14326,"Demand":1.0,"DemandMax":null,"Value":64.03692766896},{"Length":8.868634,"Height":6.922271,"Demand":1.0,"DemandMax":null,"Value":61.391087947814},{"Length":13.67806,"Height":4.445446,"Demand":1.0,"DemandMax":null,"Value":60.805077114759996},{"Length":13.67806,"Height":4.421324,"Demand":1.0,"DemandMax":null,"Value":60.475134951440005},{"Length":6.614928,"Height":9.006608,"Demand":1.0,"DemandMax":null,"Value":59.578063444224},{"Length":13.67806,"Height":4.339925,"Demand":1.0,"DemandMax":null,"Value":59.3617545455},{"Length":6.832528,"Height":8.62879,"Demand":1.0,"DemandMax":null,"Value":58.95644928112},{"Length":7.223238,"Height":8.089454,"Demand":1.0,"DemandMax":null,"Value":58.432051532052},{"Length":8.174131,"Height":7.108889,"Demand":1.0,"DemandMax":null,"Value":58.108989950458991},{"Length":8.868634,"Height":6.536288,"Demand":1.0,"DemandMax":null,"Value":57.967945990592},{"Length":10.48741,"Height":5.518816,"Demand":1.0,"DemandMax":null,"Value":57.878086106560005},{"Length":8.019534,"Height":7.212944,"Demand":1.0,"DemandMax":null,"Value":57.844449648096},{"Length":3.832782,"Height":14.99265,"Demand":1.0,"DemandMax":null,"Value":57.4635590523},{"Length":5.193826,"Height":10.94244,"Demand":1.0,"DemandMax":null,"Value":56.833129375439995},{"Length":5.744322,"Height":9.8933,"Demand":1.0,"DemandMax":null,"Value":56.8303008426},{"Length":7.937234,"Height":7.133867,"Demand":1.0,"DemandMax":null,"Value":56.623171703878008},{"Length":4.427938,"Height":12.75095,"Demand":1.0,"DemandMax":null,"Value":56.4604160411},{"Length":3.799386,"Height":14.67432,"Demand":1.0,"DemandMax":null,"Value":55.75340596752},{"Length":6.138835,"Height":8.958282,"Demand":1.0,"DemandMax":null,"Value":54.993415081470005},{"Length":5.421371,"Height":10.11183,"Demand":1.0,"DemandMax":null,"Value":54.81998191893},{"Length":5.001653,"Height":10.94244,"Demand":1.0,"DemandMax":null,"Value":54.73028785332},{"Length":7.937234,"Height":6.889225,"Demand":1.0,"DemandMax":null,"Value":54.68139090365},{"Length":8.358011,"Height":6.511861,"Demand":1.0,"DemandMax":null,"Value":54.426205868470994},{"Length":13.80615,"Height":3.926336,"Demand":1.0,"DemandMax":null,"Value":54.207583766400006},{"Length":8.376899,"Height":6.457299,"Demand":1.0,"DemandMax":null,"Value":54.092141535801},{"Length":14.5478,"Height":3.676064,"Demand":1.0,"DemandMax":null,"Value":53.478643859200005},{"Length":7.480623,"Height":7.108889,"Demand":1.0,"DemandMax":null,"Value":53.178918557846991},{"Length":4.850935,"Height":10.94244,"Demand":1.0,"DemandMax":null,"Value":53.081065181399993},{"Length":6.324328,"Height":8.366789,"Demand":1.0,"DemandMax":null,"Value":52.91431794279201},{"Length":6.015164,"Height":8.615926,"Demand":1.0,"DemandMax":null,"Value":51.826207901864},{"Length":8.132886,"Height":6.37122,"Demand":1.0,"DemandMax":null,"Value":51.816405940919992},{"Length":7.417201,"Height":6.965964,"Demand":1.0,"DemandMax":null,"Value":51.667955146764},{"Length":8.07467,"Height":6.37122,"Demand":1.0,"DemandMax":null,"Value":51.445498997399994},{"Length":12.66028,"Height":4.048054,"Demand":1.0,"DemandMax":null,"Value":51.24949709512},{"Length":4.091733,"Height":12.49405,"Demand":1.0,"DemandMax":null,"Value":51.122316688649995},{"Length":7.345595,"Height":6.927955,"Demand":1.0,"DemandMax":null,"Value":50.889951608225005},{"Length":8.376899,"Height":6.036754,"Demand":1.0,"DemandMax":null,"Value":50.569278545846004},{"Length":6.013974,"Height":8.366789,"Demand":1.0,"DemandMax":null,"Value":50.317651509486005},{"Length":12.66028,"Height":3.953753,"Demand":1.0,"DemandMax":null,"Value":50.05562003084},{"Length":6.841331,"Height":7.277532,"Demand":1.0,"DemandMax":null,"Value":49.788005275092004},{"Length":7.639798,"Height":6.49051,"Demand":1.0,"DemandMax":null,"Value":49.586185316979993},{"Length":6.108737,"Height":8.10996,"Demand":1.0,"DemandMax":null,"Value":49.541612720519993},{"Length":6.335148,"Height":7.69914,"Demand":1.0,"DemandMax":null,"Value":48.77519137272},{"Length":6.647064,"Height":7.337485,"Demand":1.0,"DemandMax":null,"Value":48.772732394040005},{"Length":6.647064,"Height":7.336837,"Demand":1.0,"DemandMax":null,"Value":48.768425096568},{"Length":6.832528,"Height":7.133988,"Demand":1.0,"DemandMax":null,"Value":48.743172761664006},{"Length":6.325132,"Height":7.69914,"Demand":1.0,"DemandMax":null,"Value":48.69807678648},{"Length":5.744322,"Height":8.456532,"Demand":1.0,"DemandMax":null,"Value":48.577042811304},{"Length":6.841331,"Height":7.093941,"Demand":1.0,"DemandMax":null,"Value":48.531998475471},{"Length":11.93038,"Height":4.066182,"Demand":1.0,"DemandMax":null,"Value":48.511096409160004},{"Length":8.516897,"Height":5.692993,"Demand":1.0,"DemandMax":null,"Value":48.486635002721},{"Length":7.165425,"Height":6.757357,"Demand":1.0,"DemandMax":null,"Value":48.419334781725},{"Length":4.358715,"Height":11.10078,"Demand":1.0,"DemandMax":null,"Value":48.3851362977},{"Length":4.706121,"Height":10.26674,"Demand":1.0,"DemandMax":null,"Value":48.316520715540008},{"Length":8.288692,"Height":5.826696,"Demand":1.0,"DemandMax":null,"Value":48.295688521631995},{"Length":7.121303,"Height":6.757357,"Demand":1.0,"DemandMax":null,"Value":48.121186676171},{"Length":6.941133,"Height":6.927955,"Demand":1.0,"DemandMax":null,"Value":48.087857073014995},{"Length":7.406616,"Height":6.49051,"Demand":1.0,"DemandMax":null,"Value":48.072715214159992},{"Length":4.974691,"Height":9.648422,"Demand":1.0,"DemandMax":null,"Value":47.997918087602},{"Length":8.091526,"Height":5.692993,"Demand":1.0,"DemandMax":null,"Value":46.065000877318006},{"Length":12.2507,"Height":3.758848,"Demand":1.0,"DemandMax":null,"Value":46.0485191936},{"Length":6.094412,"Height":7.458816,"Demand":1.0,"DemandMax":null,"Value":45.457097736192},{"Length":9.183889,"Height":4.942038,"Demand":1.0,"DemandMax":null,"Value":45.387128425782},{"Length":6.16311,"Height":7.305814,"Demand":1.0,"DemandMax":null,"Value":45.026535321539995},{"Length":9.601126,"Height":4.671496,"Demand":1.0,"DemandMax":null,"Value":44.851621704496004},{"Length":7.478561,"Height":5.97437,"Demand":1.0,"DemandMax":null,"Value":44.679690481570006},{"Length":8.140116,"Height":5.459814,"Demand":1.0,"DemandMax":null,"Value":44.443519298424},{"Length":5.746696,"Height":7.394,"Demand":1.0,"DemandMax":null,"Value":42.491070224},{"Length":7.644764,"Height":5.493971,"Demand":1.0,"DemandMax":null,"Value":42.000111717844},{"Length":6.61886,"Height":6.307533,"Demand":1.0,"DemandMax":null,"Value":41.74867787238},{"Length":9.680168,"Height":4.251079,"Demand":1.0,"DemandMax":null,"Value":41.151158901272},{"Length":7.40165,"Height":5.493971,"Demand":1.0,"DemandMax":null,"Value":40.66445045215},{"Length":3.28349,"Height":12.34601,"Demand":1.0,"DemandMax":null,"Value":40.5380003749},{"Length":3.548221,"Height":11.10078,"Demand":1.0,"DemandMax":null,"Value":39.38802071238},{"Length":7.124611,"Height":5.458653,"Demand":1.0,"DemandMax":null,"Value":38.890779208983},{"Length":4.683805,"Height":8.16246,"Demand":1.0,"DemandMax":null,"Value":38.2313709603},{"Length":8.246477,"Height":4.587873,"Demand":1.0,"DemandMax":null,"Value":37.833789173421},{"Length":9.240062,"Height":4.086278,"Demand":1.0,"DemandMax":null,"Value":37.757462069236},{"Length":6.48741,"Height":5.806431,"Demand":1.0,"DemandMax":null,"Value":37.66869853371},{"Length":7.047641,"Height":5.331906,"Demand":1.0,"DemandMax":null,"Value":37.577359333745996},{"Length":7.047641,"Height":5.32665,"Demand":1.0,"DemandMax":null,"Value":37.54031693265},{"Length":6.758512,"Height":5.504693,"Demand":1.0,"DemandMax":null,"Value":37.203533696815995},{"Length":5.886725,"Height":6.307533,"Demand":1.0,"DemandMax":null,"Value":37.130712199425005},{"Length":4.655395,"Height":7.940585,"Demand":1.0,"DemandMax":null,"Value":36.966559706075},{"Length":6.138835,"Height":5.999063,"Demand":1.0,"DemandMax":null,"Value":36.827257911605},{"Length":4.319127,"Height":8.499048,"Demand":1.0,"DemandMax":null,"Value":36.708467691096},{"Length":7.937234,"Height":4.621829,"Demand":1.0,"DemandMax":null,"Value":36.684538280986},{"Length":4.378364,"Height":8.34084,"Demand":1.0,"DemandMax":null,"Value":36.519233585760006},{"Length":4.576131,"Height":7.940585,"Demand":1.0,"DemandMax":null,"Value":36.337157176634996},{"Length":9.420101,"Height":3.849219,"Demand":1.0,"DemandMax":null,"Value":36.260031751119},{"Length":4.412711,"Height":8.121199,"Demand":1.0,"DemandMax":null,"Value":35.836504160489},{"Length":4.90392,"Height":7.234703,"Demand":1.0,"DemandMax":null,"Value":35.47840473576},{"Length":6.758512,"Height":5.153863,"Demand":1.0,"DemandMax":null,"Value":34.832444931856},{"Length":8.028883,"Height":4.335467,"Demand":1.0,"DemandMax":null,"Value":34.808957293361004},{"Length":6.48741,"Height":5.294346,"Demand":1.0,"DemandMax":null,"Value":34.34659318386},{"Length":10.55202,"Height":3.24394,"Demand":1.0,"DemandMax":null,"Value":34.2301197588},{"Length":3.963402,"Height":8.596786,"Demand":1.0,"DemandMax":null,"Value":34.072518825972},{"Length":6.779726,"Height":5.020371,"Demand":1.0,"DemandMax":null,"Value":34.036739798346},{"Length":4.56864,"Height":7.449602,"Demand":1.0,"DemandMax":null,"Value":34.03454968128},{"Length":5.421371,"Height":6.273617,"Demand":1.0,"DemandMax":null,"Value":34.011605268907},{"Length":4.974691,"Height":6.73702,"Demand":1.0,"DemandMax":null,"Value":33.51459276082},{"Length":8.542786,"Height":3.86342,"Demand":1.0,"DemandMax":null,"Value":33.00437028812},{"Length":4.974244,"Height":6.623057,"Demand":1.0,"DemandMax":null,"Value":32.944701543907996},{"Length":10.55202,"Height":3.063593,"Demand":1.0,"DemandMax":null,"Value":32.327094607860005},{"Length":3.92937,"Height":8.121199,"Demand":1.0,"DemandMax":null,"Value":31.911195714630004},{"Length":5.720147,"Height":5.518816,"Demand":1.0,"DemandMax":null,"Value":31.568438785952},{"Length":6.551544,"Height":4.748531,"Demand":1.0,"DemandMax":null,"Value":31.110209781863997},{"Length":5.535669,"Height":5.458653,"Demand":1.0,"DemandMax":null,"Value":30.217296193857003},{"Length":3.674206,"Height":8.16246,"Demand":1.0,"DemandMax":null,"Value":29.990559506759997},{"Length":8.868634,"Height":3.377223,"Demand":1.0,"DemandMax":null,"Value":29.951354723382},{"Length":6.138835,"Height":4.82026,"Demand":1.0,"DemandMax":null,"Value":29.590780797100003},{"Length":6.16311,"Height":4.69111,"Demand":1.0,"DemandMax":null,"Value":28.9118269521},{"Length":9.680168,"Height":2.978364,"Demand":1.0,"DemandMax":null,"Value":28.831063885152002},{"Length":4.138812,"Height":6.922872,"Demand":1.0,"DemandMax":null,"Value":28.652465708063996},{"Length":8.342081,"Height":3.425976,"Demand":1.0,"DemandMax":null,"Value":28.579769296056},{"Length":4.107666,"Height":6.922872,"Demand":1.0,"DemandMax":null,"Value":28.436845936752},{"Length":9.240062,"Height":3.055752,"Demand":1.0,"DemandMax":null,"Value":28.235337936624},{"Length":4.319127,"Height":6.493602,"Demand":1.0,"DemandMax":null,"Value":28.046691725454},{"Length":4.675438,"Height":5.97437,"Demand":1.0,"DemandMax":null,"Value":27.93279652406},{"Length":7.937234,"Height":3.517504,"Demand":1.0,"DemandMax":null,"Value":27.919252343936},{"Length":7.937234,"Height":3.501828,"Demand":1.0,"DemandMax":null,"Value":27.794828263752002},{"Length":9.601126,"Height":2.885293,"Demand":1.0,"DemandMax":null,"Value":27.702061639918},{"Length":6.365462,"Height":4.335467,"Demand":1.0,"DemandMax":null,"Value":27.597250440754003},{"Length":3.466056,"Height":7.857423,"Demand":1.0,"DemandMax":null,"Value":27.234268133688},{"Length":4.133711,"Height":6.512289,"Demand":1.0,"DemandMax":null,"Value":26.919920674479},{"Length":7.937234,"Height":3.381543,"Demand":1.0,"DemandMax":null,"Value":26.840098072062002},{"Length":6.108737,"Height":4.372162,"Demand":1.0,"DemandMax":null,"Value":26.708387779394002},{"Length":6.551544,"Height":4.076024,"Demand":1.0,"DemandMax":null,"Value":26.704250581056},{"Length":9.567631,"Height":2.785668,"Demand":1.0,"DemandMax":null,"Value":26.652243512508},{"Length":4.90392,"Height":5.42565,"Demand":1.0,"DemandMax":null,"Value":26.606953548000003},{"Length":5.36391,"Height":4.942038,"Demand":1.0,"DemandMax":null,"Value":26.50864704858},{"Length":5.744322,"Height":4.577088,"Demand":1.0,"DemandMax":null,"Value":26.292267294336},{"Length":9.420101,"Height":2.773838,"Demand":1.0,"DemandMax":null,"Value":26.129834117638},{"Length":8.342081,"Height":3.127148,"Demand":1.0,"DemandMax":null,"Value":26.086921914988},{"Length":5.150654,"Height":5.020371,"Demand":1.0,"DemandMax":null,"Value":25.858193972634},{"Length":4.175476,"Height":6.170227,"Demand":1.0,"DemandMax":null,"Value":25.763634753051996},{"Length":3.450894,"Height":7.449602,"Demand":1.0,"DemandMax":null,"Value":25.707786844187996},{"Length":6.108737,"Height":4.199857,"Demand":1.0,"DemandMax":null,"Value":25.655821850608998},{"Length":6.094412,"Height":4.206226,"Demand":1.0,"DemandMax":null,"Value":25.634474209112},{"Length":4.113217,"Height":6.170227,"Demand":1.0,"DemandMax":null,"Value":25.379482590259},{"Length":3.963402,"Height":6.395865,"Demand":1.0,"DemandMax":null,"Value":25.34938413273},{"Length":3.038837,"Height":8.34084,"Demand":1.0,"DemandMax":null,"Value":25.34645320308},{"Length":5.746696,"Height":4.389661,"Demand":1.0,"DemandMax":null,"Value":25.226047310056},{"Length":4.895004,"Height":5.134277,"Demand":1.0,"DemandMax":null,"Value":25.132306452108},{"Length":4.895004,"Height":5.132465,"Demand":1.0,"DemandMax":null,"Value":25.12343670486},{"Length":6.094412,"Height":4.097734,"Demand":1.0,"DemandMax":null,"Value":24.973279262408},{"Length":4.520164,"Height":5.459814,"Demand":1.0,"DemandMax":null,"Value":24.679254689496002},{"Length":3.085488,"Height":7.857423,"Demand":1.0,"DemandMax":null,"Value":24.243984377424},{"Length":4.133711,"Height":5.83372,"Demand":1.0,"DemandMax":null,"Value":24.11491253492},{"Length":6.15597,"Height":3.86342,"Demand":1.0,"DemandMax":null,"Value":23.7830976174},{"Length":8.868634,"Height":2.665591,"Demand":1.0,"DemandMax":null,"Value":23.640150972694002},{"Length":8.246477,"Height":2.860728,"Demand":1.0,"DemandMax":null,"Value":23.590927655256},{"Length":4.959014,"Height":4.443775,"Demand":1.0,"DemandMax":null,"Value":22.03674243785},{"Length":4.608616,"Height":4.443775,"Demand":1.0,"DemandMax":null,"Value":20.479652565399995}]}