{"Name":"Nice20_50","Objects":[{"Length":100.0,"Height":100.0,"Stock":null,"Cost":10000.0}],"Items":[{"Length":35.27436,"Height":15.88589,"Demand":1.0,"DemandMax":null,"Value":560.3646027804},{"Length":11.38093,"Height":44.8967,"Demand":1.0,"DemandMax":null,"Value":510.966199931},{"Length":15.42399,"Height":32.16241,"Demand":1.0,"DemandMax":null,"Value":496.0726902159},{"Length":35.27436,"Height":9.493636,"Demand":1.0,"DemandMax":null,"Value":334.88193397296004},{"Length":16.84212,"Height":19.51717,"Demand":1.0,"DemandMax":null,"Value":328.71051920040003},{"Length":19.85364,"Height":16.50532,"Demand":1.0,"DemandMax":null,"Value":327.6906813648},{"Length":12.08804,"Height":27.0544,"Demand":1.0,"DemandMax":null,"Value":327.034669376},{"Length":10.71337,"Height":29.54204,"Demand":1.0,"DemandMax":null,"Value":316.49480507479996},{"Length":18.60666,"Height":13.34691,"Demand":1.0,"DemandMax":null,"Value":248.3414164206},{"Length":14.88617,"Height":16.50532,"Demand":1.0,"DemandMax":null,"Value":245.7009994244},{"Length":8.183573,"Height":29.24109,"Demand":1.0,"DemandMax":null,"Value":239.29659461457},{"Length":8.688107,"Height":27.0544,"Demand":1.0,"DemandMax":null,"Value":235.05152202080004},{"Length":7.893286,"Height":29.54204,"Demand":1.0,"DemandMax":null,"Value":233.18377074344},{"Length":18.60666,"Height":12.21435,"Demand":1.0,"DemandMax":null,"Value":227.26825757100002},{"Length":17.14457,"Height":12.97479,"Demand":1.0,"DemandMax":null,"Value":222.44719539030004},{"Length":12.046,"Height":17.8423,"Demand":1.0,"DemandMax":null,"Value":214.92834580000002},{"Length":18.43224,"Height":11.40978,"Demand":1.0,"DemandMax":null,"Value":210.3078033072},{"Length":7.917022,"Height":25.86221,"Demand":1.0,"DemandMax":null,"Value":204.75168553862002},{"Length":18.78329,"Height":10.70301,"Demand":1.0,"DemandMax":null,"Value":201.03774070290004},{"Length":15.42399,"Height":12.73429,"Demand":1.0,"DemandMax":null,"Value":196.4135616171},{"Length":17.14457,"Height":11.10951,"Demand":1.0,"DemandMax":null,"Value":190.46777186070003},{"Length":10.14814,"Height":18.59667,"Demand":1.0,"DemandMax":null,"Value":188.7216106938},{"Length":18.73577,"Height":9.981354,"Demand":1.0,"DemandMax":null,"Value":187.00835283258},{"Length":13.46496,"Height":13.58386,"Demand":1.0,"DemandMax":null,"Value":182.90613154559998},{"Length":17.84226,"Height":9.56054,"Demand":1.0,"DemandMax":null,"Value":170.5816404204},{"Length":18.73577,"Height":8.61532,"Demand":1.0,"DemandMax":null,"Value":161.4146539964},{"Length":17.84226,"Height":9.036134,"Demand":1.0,"DemandMax":null,"Value":161.22505222284002},{"Length":7.983058,"Height":20.00131,"Demand":1.0,"DemandMax":null,"Value":159.67161780598},{"Length":8.730145,"Height":17.8423,"Demand":1.0,"DemandMax":null,"Value":155.76586613350003},{"Length":23.61941,"Height":6.417453,"Demand":1.0,"DemandMax":null,"Value":151.57645356273},{"Length":16.56501,"Height":9.080433,"Demand":1.0,"DemandMax":null,"Value":150.41746344933},{"Length":18.43224,"Height":8.107392,"Demand":1.0,"DemandMax":null,"Value":149.43739511808002},{"Length":7.437651,"Height":20.00131,"Demand":1.0,"DemandMax":null,"Value":148.76276332281},{"Length":18.78329,"Height":7.893663,"Demand":1.0,"DemandMax":null,"Value":148.26896129127002},{"Length":10.15445,"Height":13.58386,"Demand":1.0,"DemandMax":null,"Value":137.936627177},{"Length":7.700302,"Height":17.74179,"Demand":1.0,"DemandMax":null,"Value":136.61714102058002},{"Length":17.14457,"Height":7.895854,"Demand":1.0,"DemandMax":null,"Value":135.37102161278},{"Length":16.56501,"Height":7.424887,"Demand":1.0,"DemandMax":null,"Value":122.99332740387001},{"Length":21.28076,"Height":5.741426,"Demand":1.0,"DemandMax":null,"Value":122.18190876375999},{"Length":14.20464,"Height":8.601112,"Demand":1.0,"DemandMax":null,"Value":122.17569955968},{"Length":7.966853,"Height":15.12649,"Demand":1.0,"DemandMax":null,"Value":120.51052223597002},{"Length":21.28076,"Height":5.480075,"Demand":1.0,"DemandMax":null,"Value":116.62016085700002},{"Length":17.14457,"Height":6.58641,"Demand":1.0,"DemandMax":null,"Value":112.92116729370001},{"Length":14.20464,"Height":7.904207,"Demand":1.0,"DemandMax":null,"Value":112.27641492048001},{"Length":17.14457,"Height":6.330132,"Demand":1.0,"DemandMax":null,"Value":108.52739118324001},{"Length":5.188584,"Height":20.00131,"Demand":1.0,"DemandMax":null,"Value":103.77847704503999},{"Length":11.0787,"Height":8.779809,"Demand":1.0,"DemandMax":null,"Value":97.2688699683},{"Length":10.20206,"Height":8.779809,"Demand":1.0,"DemandMax":null,"Value":89.57213820654},{"Length":7.700302,"Height":11.4993,"Demand":1.0,"DemandMax":null,"Value":88.5480827886},{"Length":7.966853,"Height":10.73572,"Demand":1.0,"DemandMax":null,"Value":85.529903089160015}]}