{"Name":"Path6_500","Objects":[{"Length":100.0,"Height":100.0,"Stock":null,"Cost":10000.0}],"Items":[{"Length":11.87949,"Height":36.91648,"Demand":1.0,"DemandMax":null,"Value":438.5489549952},{"Length":16.88536,"Height":18.11091,"Demand":1.0,"DemandMax":null,"Value":305.8092352776},{"Length":8.723103,"Height":33.56529,"Demand":1.0,"DemandMax":null,"Value":292.79348189486996},{"Length":13.22902,"Height":15.94783,"Demand":1.0,"DemandMax":null,"Value":210.9741620266},{"Length":6.412327,"Height":31.06429,"Demand":1.0,"DemandMax":null,"Value":199.19438550283002},{"Length":18.66192,"Height":10.61667,"Demand":1.0,"DemandMax":null,"Value":198.12744620639998},{"Length":7.096412,"Height":26.98405,"Demand":1.0,"DemandMax":null,"Value":191.4899362286},{"Length":18.80576,"Height":10.02289,"Demand":1.0,"DemandMax":null,"Value":188.4880638464},{"Length":11.43511,"Height":14.88902,"Demand":1.0,"DemandMax":null,"Value":170.2575814922},{"Length":43.18424,"Height":3.529279,"Demand":1.0,"DemandMax":null,"Value":152.40923136296},{"Length":10.20068,"Height":12.71692,"Demand":1.0,"DemandMax":null,"Value":129.7212315056},{"Length":8.723103,"Height":14.34543,"Demand":1.0,"DemandMax":null,"Value":125.13666346929},{"Length":17.02599,"Height":7.34311,"Demand":1.0,"DemandMax":null,"Value":125.0237174289},{"Length":4.254497,"Height":29.21014,"Demand":1.0,"DemandMax":null,"Value":124.27445299957999},{"Length":7.251365,"Height":16.84643,"Demand":1.0,"DemandMax":null,"Value":122.15961287695},{"Length":4.059382,"Height":27.45113,"Demand":1.0,"DemandMax":null,"Value":111.43462300166},{"Length":7.283879,"Height":15.03259,"Demand":1.0,"DemandMax":null,"Value":109.49556661661},{"Length":7.274716,"Height":14.2589,"Demand":1.0,"DemandMax":null,"Value":103.7294479724},{"Length":9.75127,"Height":9.586032,"Demand":1.0,"DemandMax":null,"Value":93.47598626064},{"Length":2.637512,"Height":34.81314,"Demand":1.0,"DemandMax":null,"Value":91.82007450767999},{"Length":17.02599,"Height":5.183671,"Demand":1.0,"DemandMax":null,"Value":88.25713060929},{"Length":13.55909,"Height":6.495648,"Demand":1.0,"DemandMax":null,"Value":88.07507584032},{"Length":4.526591,"Height":18.77344,"Demand":1.0,"DemandMax":null,"Value":84.97968454304},{"Length":12.40707,"Height":6.799518,"Demand":1.0,"DemandMax":null,"Value":84.362095792259993},{"Length":12.33449,"Height":6.799518,"Demand":1.0,"DemandMax":null,"Value":83.86858677582},{"Length":5.794825,"Height":14.41521,"Demand":1.0,"DemandMax":null,"Value":83.533619288250009},{"Length":2.367047,"Height":34.81314,"Demand":1.0,"DemandMax":null,"Value":82.40433859758},{"Length":4.526591,"Height":18.09997,"Demand":1.0,"DemandMax":null,"Value":81.93116130227},{"Length":0.9771872,"Height":81.10871,"Demand":1.0,"DemandMax":null,"Value":79.258393220512},{"Length":2.008882,"Height":38.44492,"Demand":1.0,"DemandMax":null,"Value":77.23130777944},{"Length":25.02755,"Height":2.915171,"Demand":1.0,"DemandMax":null,"Value":72.95958796105},{"Length":15.10328,"Height":4.765527,"Demand":1.0,"DemandMax":null,"Value":71.975088628559988},{"Length":12.9271,"Height":5.503909,"Demand":1.0,"DemandMax":null,"Value":71.1495820339},{"Length":17.02599,"Height":3.800059,"Demand":1.0,"DemandMax":null,"Value":64.69976653341},{"Length":7.744995,"Height":8.08185,"Demand":1.0,"DemandMax":null,"Value":62.59388784075},{"Length":43.18424,"Height":1.438488,"Demand":1.0,"DemandMax":null,"Value":62.12001102912},{"Length":5.88862,"Height":10.44069,"Demand":1.0,"DemandMax":null,"Value":61.4812559478},{"Length":8.790603,"Height":6.625287,"Demand":1.0,"DemandMax":null,"Value":58.240267778061},{"Length":2.742968,"Height":20.29595,"Demand":1.0,"DemandMax":null,"Value":55.6711413796},{"Length":4.987093,"Height":11.09018,"Demand":1.0,"DemandMax":null,"Value":55.307759046739996},{"Length":1.883342,"Height":27.78949,"Demand":1.0,"DemandMax":null,"Value":52.337113675580007},{"Length":7.402642,"Height":6.799518,"Demand":1.0,"DemandMax":null,"Value":50.334397526556},{"Length":1.461737,"Height":33.4958,"Demand":1.0,"DemandMax":null,"Value":48.962050204600004},{"Length":13.55909,"Height":3.592501,"Demand":1.0,"DemandMax":null,"Value":48.711044384089995},{"Length":3.060775,"Height":15.84742,"Demand":1.0,"DemandMax":null,"Value":48.5053869505},{"Length":2.314068,"Height":20.92666,"Demand":1.0,"DemandMax":null,"Value":48.425714252879992},{"Length":1.733395,"Height":27.7632,"Demand":1.0,"DemandMax":null,"Value":48.124592064000005},{"Length":4.452892,"Height":10.65622,"Demand":1.0,"DemandMax":null,"Value":47.45099678824},{"Length":2.599724,"Height":17.88592,"Demand":1.0,"DemandMax":null,"Value":46.49845548608},{"Length":9.75127,"Height":4.67287,"Demand":1.0,"DemandMax":null,"Value":45.566417044899993},{"Length":7.655504,"Height":5.503909,"Demand":1.0,"DemandMax":null,"Value":42.135197365136},{"Length":10.91598,"Height":3.809646,"Demand":1.0,"DemandMax":null,"Value":41.58601954308},{"Length":6.772864,"Height":5.810225,"Demand":1.0,"DemandMax":null,"Value":39.3518637344},{"Length":2.742968,"Height":14.3115,"Demand":1.0,"DemandMax":null,"Value":39.255986532},{"Length":1.110501,"Height":34.88712,"Demand":1.0,"DemandMax":null,"Value":38.74218164712},{"Length":1.104669,"Height":34.81314,"Demand":1.0,"DemandMax":null,"Value":38.456996550659994},{"Length":17.02599,"Height":2.235087,"Demand":1.0,"DemandMax":null,"Value":38.05456891113},{"Length":5.452971,"Height":6.799518,"Demand":1.0,"DemandMax":null,"Value":37.077574467977996},{"Length":2.742968,"Height":13.30326,"Demand":1.0,"DemandMax":null,"Value":36.49041647568},{"Length":0.90021,"Height":39.18076,"Demand":1.0,"DemandMax":null,"Value":35.2709119596},{"Length":10.56061,"Height":3.240412,"Demand":1.0,"DemandMax":null,"Value":34.22072737132},{"Length":11.62548,"Height":2.915171,"Demand":1.0,"DemandMax":null,"Value":33.890262157079995},{"Length":5.629138,"Height":5.810225,"Demand":1.0,"DemandMax":null,"Value":32.70655833605},{"Length":0.7445523,"Height":43.75773,"Demand":1.0,"DemandMax":null,"Value":32.579918514279},{"Length":1.120951,"Height":28.24298,"Demand":1.0,"DemandMax":null,"Value":31.65899667398},{"Length":4.554348,"Height":6.768949,"Demand":1.0,"DemandMax":null,"Value":30.828149340252},{"Length":7.314337,"Height":4.205037,"Demand":1.0,"DemandMax":null,"Value":30.757057715469},{"Length":15.10328,"Height":2.033991,"Demand":1.0,"DemandMax":null,"Value":30.71993559048},{"Length":3.538851,"Height":8.645849,"Demand":1.0,"DemandMax":null,"Value":30.596371379499},{"Length":7.748197,"Height":3.937941,"Demand":1.0,"DemandMax":null,"Value":30.511942642377},{"Length":1.296197,"Height":22.86526,"Demand":1.0,"DemandMax":null,"Value":29.63788141622},{"Length":3.182891,"Height":9.198977,"Demand":1.0,"DemandMax":null,"Value":29.279341102507},{"Length":11.87949,"Height":2.431088,"Demand":1.0,"DemandMax":null,"Value":28.88008558512},{"Length":1.18006,"Height":23.86413,"Demand":1.0,"DemandMax":null,"Value":28.161105247800002},{"Length":9.694032,"Height":2.901303,"Demand":1.0,"DemandMax":null,"Value":28.125324123696},{"Length":4.747911,"Height":5.670474,"Demand":1.0,"DemandMax":null,"Value":26.922905879814},{"Length":0.7729895,"Height":34.81314,"Demand":1.0,"DemandMax":null,"Value":26.910191682029996},{"Length":10.45045,"Height":2.553521,"Demand":1.0,"DemandMax":null,"Value":26.68544353445},{"Length":7.591445,"Height":3.500524,"Demand":1.0,"DemandMax":null,"Value":26.57403541718},{"Length":2.158171,"Height":12.05057,"Demand":1.0,"DemandMax":null,"Value":26.00719070747},{"Length":3.538851,"Height":7.201573,"Demand":1.0,"DemandMax":null,"Value":25.485293812623002},{"Length":10.20068,"Height":2.486874,"Demand":1.0,"DemandMax":null,"Value":25.36780587432},{"Length":22.77545,"Height":1.113228,"Demand":1.0,"DemandMax":null,"Value":25.354268652600002},{"Length":3.859174,"Height":6.511445,"Demand":1.0,"DemandMax":null,"Value":25.12879924643},{"Length":2.028252,"Height":12.35548,"Demand":1.0,"DemandMax":null,"Value":25.060027020960003},{"Length":17.25531,"Height":1.440363,"Demand":1.0,"DemandMax":null,"Value":24.853910077530003},{"Length":0.7092272,"Height":34.81314,"Demand":1.0,"DemandMax":null,"Value":24.690425805407997},{"Length":15.8063,"Height":1.561185,"Demand":1.0,"DemandMax":null,"Value":24.6765584655},{"Length":10.45045,"Height":2.279279,"Demand":1.0,"DemandMax":null,"Value":23.81949122555},{"Length":6.87086,"Height":3.459727,"Demand":1.0,"DemandMax":null,"Value":23.77129985522},{"Length":3.477001,"Height":6.799518,"Demand":1.0,"DemandMax":null,"Value":23.641930885518},{"Length":3.326263,"Height":6.951574,"Demand":1.0,"DemandMax":null,"Value":23.122763387962},{"Length":39.62127,"Height":0.57279,"Demand":1.0,"DemandMax":null,"Value":22.694667243300003},{"Length":1.506723,"Height":15.03259,"Demand":1.0,"DemandMax":null,"Value":22.64994910257},{"Length":4.153911,"Height":5.294323,"Demand":1.0,"DemandMax":null,"Value":21.992146547253},{"Length":0.4838997,"Height":43.75773,"Demand":1.0,"DemandMax":null,"Value":21.174352419681},{"Length":1.770009,"Height":11.82511,"Demand":1.0,"DemandMax":null,"Value":20.93055112599},{"Length":43.18424,"Height":0.4843182,"Demand":1.0,"DemandMax":null,"Value":20.914913385168},{"Length":2.735477,"Height":7.599408,"Demand":1.0,"DemandMax":null,"Value":20.788005797616},{"Length":0.4737155,"Height":43.75773,"Demand":1.0,"DemandMax":null,"Value":20.728714945815003},{"Length":1.837199,"Height":11.23696,"Demand":1.0,"DemandMax":null,"Value":20.64453167504},{"Length":0.5231521,"Height":39.18076,"Demand":1.0,"DemandMax":null,"Value":20.497496873596},{"Length":16.85477,"Height":1.206354,"Demand":1.0,"DemandMax":null,"Value":20.33281920858},{"Length":9.694032,"Height":2.026282,"Demand":1.0,"DemandMax":null,"Value":19.642842549024003},{"Length":1.646617,"Height":11.92902,"Demand":1.0,"DemandMax":null,"Value":19.64252712534},{"Length":9.694032,"Height":1.970085,"Demand":1.0,"DemandMax":null,"Value":19.09806703272},{"Length":17.02599,"Height":1.097188,"Demand":1.0,"DemandMax":null,"Value":18.68071191612},{"Length":4.526591,"Height":4.106074,"Demand":1.0,"DemandMax":null,"Value":18.586517613733996},{"Length":30.44897,"Height":0.5946144,"Demand":1.0,"DemandMax":null,"Value":18.105396027168},{"Length":3.113422,"Height":5.810225,"Demand":1.0,"DemandMax":null,"Value":18.08968233995},{"Length":1.52841,"Height":11.83038,"Demand":1.0,"DemandMax":null,"Value":18.0816710958},{"Length":18.80576,"Height":0.9556528,"Demand":1.0,"DemandMax":null,"Value":17.971777200128},{"Length":8.756666,"Height":1.990511,"Demand":1.0,"DemandMax":null,"Value":17.430239996325998},{"Length":5.04402,"Height":3.419197,"Demand":1.0,"DemandMax":null,"Value":17.246498051939998},{"Length":16.88536,"Height":1.011078,"Demand":1.0,"DemandMax":null,"Value":17.07241601808},{"Length":1.454922,"Height":11.72192,"Demand":1.0,"DemandMax":null,"Value":17.054479290240003},{"Length":3.562006,"Height":4.710562,"Demand":1.0,"DemandMax":null,"Value":16.779050107372},{"Length":10.91459,"Height":1.528793,"Demand":1.0,"DemandMax":null,"Value":16.68614878987},{"Length":0.5764372,"Height":28.24298,"Demand":1.0,"DemandMax":null,"Value":16.280304310856},{"Length":11.2695,"Height":1.440363,"Demand":1.0,"DemandMax":null,"Value":16.232170828500003},{"Length":3.384851,"Height":4.756815,"Demand":1.0,"DemandMax":null,"Value":16.101110009564998},{"Length":1.793917,"Height":8.916639,"Demand":1.0,"DemandMax":null,"Value":15.995710284963},{"Length":7.748197,"Height":2.064141,"Demand":1.0,"DemandMax":null,"Value":15.993371103777},{"Length":4.42108,"Height":3.523113,"Demand":1.0,"DemandMax":null,"Value":15.57596442204},{"Length":4.653523,"Height":3.301056,"Demand":1.0,"DemandMax":null,"Value":15.361540020287999},{"Length":1.462469,"Height":10.44069,"Demand":1.0,"DemandMax":null,"Value":15.26918546361},{"Length":4.568565,"Height":3.301056,"Demand":1.0,"DemandMax":null,"Value":15.081088904640001},{"Length":11.06086,"Height":1.343172,"Demand":1.0,"DemandMax":null,"Value":14.85663744792},{"Length":6.639778,"Height":2.207762,"Demand":1.0,"DemandMax":null,"Value":14.659049556835997},{"Length":0.7480384,"Height":18.61186,"Demand":1.0,"DemandMax":null,"Value":13.922385975424},{"Length":0.4147504,"Height":33.4958,"Demand":1.0,"DemandMax":null,"Value":13.892396448320001},{"Length":1.770009,"Height":7.697068,"Demand":1.0,"DemandMax":null,"Value":13.623879633611999},{"Length":2.285816,"Height":5.947313,"Demand":1.0,"DemandMax":null,"Value":13.594463212408002},{"Length":8.701649,"Height":1.559956,"Demand":1.0,"DemandMax":null,"Value":13.574189567443998},{"Length":4.3657,"Height":3.030823,"Demand":1.0,"DemandMax":null,"Value":13.2316639711},{"Length":19.62792,"Height":0.6715103,"Demand":1.0,"DemandMax":null,"Value":13.180350447576},{"Length":17.02599,"Height":0.7723322,"Demand":1.0,"DemandMax":null,"Value":13.149720313878001},{"Length":0.839038,"Height":15.62995,"Demand":1.0,"DemandMax":null,"Value":13.114121988099999},{"Length":9.054548,"Height":1.440363,"Demand":1.0,"DemandMax":null,"Value":13.041835920924001},{"Length":0.4607832,"Height":28.24298,"Demand":1.0,"DemandMax":null,"Value":13.013890701935999},{"Length":1.621899,"Height":8.012106,"Demand":1.0,"DemandMax":null,"Value":12.994826709294},{"Length":1.918069,"Height":6.768949,"Demand":1.0,"DemandMax":null,"Value":12.983311239481},{"Length":2.408963,"Height":5.329163,"Demand":1.0,"DemandMax":null,"Value":12.837756487969001},{"Length":1.197251,"Height":10.71811,"Demand":1.0,"DemandMax":null,"Value":12.83226791561},{"Length":1.935651,"Height":6.511445,"Demand":1.0,"DemandMax":null,"Value":12.603885025695},{"Length":7.748197,"Height":1.614438,"Demand":1.0,"DemandMax":null,"Value":12.508983668286001},{"Length":10.56061,"Height":1.182077,"Demand":1.0,"DemandMax":null,"Value":12.48345418697},{"Length":3.384851,"Height":3.687121,"Demand":1.0,"DemandMax":null,"Value":12.480355203971},{"Length":9.694032,"Height":1.281102,"Demand":1.0,"DemandMax":null,"Value":12.419043783264},{"Length":2.599724,"Height":4.749185,"Demand":1.0,"DemandMax":null,"Value":12.34657022494},{"Length":7.314337,"Height":1.65061,"Demand":1.0,"DemandMax":null,"Value":12.073117795569999},{"Length":7.314337,"Height":1.641344,"Demand":1.0,"DemandMax":null,"Value":12.005343148927999},{"Length":1.408824,"Height":8.443936,"Demand":1.0,"DemandMax":null,"Value":11.896019691264002},{"Length":1.080166,"Height":10.97855,"Demand":1.0,"DemandMax":null,"Value":11.8586564393},{"Length":8.756666,"Height":1.350493,"Demand":1.0,"DemandMax":null,"Value":11.825816136337998},{"Length":2.285816,"Height":5.142863,"Demand":1.0,"DemandMax":null,"Value":11.755638531208001},{"Length":1.725534,"Height":6.768949,"Demand":1.0,"DemandMax":null,"Value":11.680051643766},{"Length":1.429934,"Height":8.012106,"Demand":1.0,"DemandMax":null,"Value":11.456782781004},{"Length":3.768982,"Height":3.030823,"Demand":1.0,"DemandMax":null,"Value":11.423117332186},{"Length":4.011884,"Height":2.807751,"Demand":1.0,"DemandMax":null,"Value":11.264371312884002},{"Length":0.4592522,"Height":24.39875,"Demand":1.0,"DemandMax":null,"Value":11.20517961475},{"Length":4.747911,"Height":2.341632,"Demand":1.0,"DemandMax":null,"Value":11.117860330752002},{"Length":5.049922,"Height":2.189798,"Demand":1.0,"DemandMax":null,"Value":11.058309095756},{"Length":3.651256,"Height":2.966052,"Demand":1.0,"DemandMax":null,"Value":10.829815161312},{"Length":0.5283741,"Height":20.38276,"Demand":1.0,"DemandMax":null,"Value":10.769722470516},{"Length":16.26955,"Height":0.6489721,"Demand":1.0,"DemandMax":null,"Value":10.558484029555},{"Length":3.326263,"Height":3.136576,"Demand":1.0,"DemandMax":null,"Value":10.433076695488},{"Length":0.9788892,"Height":10.61667,"Demand":1.0,"DemandMax":null,"Value":10.392543602963999},{"Length":6.53121,"Height":1.586102,"Demand":1.0,"DemandMax":null,"Value":10.35916524342},{"Length":17.87917,"Height":0.576312,"Demand":1.0,"DemandMax":null,"Value":10.30398022104},{"Length":2.252503,"Height":4.48434,"Demand":1.0,"DemandMax":null,"Value":10.10098930302},{"Length":0.9417915,"Height":10.61667,"Demand":1.0,"DemandMax":null,"Value":9.998689564305},{"Length":11.18319,"Height":0.8898602,"Demand":1.0,"DemandMax":null,"Value":9.951475690038},{"Length":10.97422,"Height":0.9007875,"Demand":1.0,"DemandMax":null,"Value":9.88544019825},{"Length":4.872546,"Height":1.994591,"Demand":1.0,"DemandMax":null,"Value":9.718736398686},{"Length":6.519687,"Height":1.470098,"Demand":1.0,"DemandMax":null,"Value":9.584578819326},{"Length":0.684627,"Height":13.82493,"Demand":1.0,"DemandMax":null,"Value":9.4649203511099991},{"Length":7.771711,"Height":1.212423,"Demand":1.0,"DemandMax":null,"Value":9.4226011657529991},{"Length":7.591445,"Height":1.240648,"Demand":1.0,"DemandMax":null,"Value":9.41831105636},{"Length":3.70914,"Height":2.506052,"Demand":1.0,"DemandMax":null,"Value":9.29529771528},{"Length":13.5975,"Height":0.6805202,"Demand":1.0,"DemandMax":null,"Value":9.2533734195},{"Length":8.86837,"Height":1.042834,"Demand":1.0,"DemandMax":null,"Value":9.24823776058},{"Length":0.3330158,"Height":27.7632,"Demand":1.0,"DemandMax":null,"Value":9.24558425856},{"Length":3.562006,"Height":2.531193,"Demand":1.0,"DemandMax":null,"Value":9.016124653158},{"Length":6.519687,"Height":1.377522,"Demand":1.0,"DemandMax":null,"Value":8.981012275613999},{"Length":3.023282,"Height":2.966052,"Demand":1.0,"DemandMax":null,"Value":8.967211622664},{"Length":0.6354072,"Height":14.03323,"Demand":1.0,"DemandMax":null,"Value":8.9168153812559989},{"Length":20.03639,"Height":0.4417174,"Demand":1.0,"DemandMax":null,"Value":8.850422096186},{"Length":2.077777,"Height":4.224723,"Demand":1.0,"DemandMax":null,"Value":8.778032280771},{"Length":1.510563,"Height":5.810225,"Demand":1.0,"DemandMax":null,"Value":8.7767109066750013},{"Length":16.26955,"Height":0.5358379,"Demand":1.0,"DemandMax":null,"Value":8.717841505945},{"Length":6.53121,"Height":1.329069,"Demand":1.0,"DemandMax":null,"Value":8.68042874349},{"Length":5.302746,"Height":1.633299,"Demand":1.0,"DemandMax":null,"Value":8.660969739054},{"Length":0.4694815,"Height":18.3798,"Demand":1.0,"DemandMax":null,"Value":8.6289760737},{"Length":1.773545,"Height":4.850504,"Demand":1.0,"DemandMax":null,"Value":8.6025871166799988},{"Length":5.893552,"Height":1.456285,"Demand":1.0,"DemandMax":null,"Value":8.58269137432},{"Length":2.913011,"Height":2.942881,"Demand":1.0,"DemandMax":null,"Value":8.572644724691},{"Length":0.8954394,"Height":9.522262,"Demand":1.0,"DemandMax":null,"Value":8.5266085719228},{"Length":0.7680456,"Height":11.09018,"Demand":1.0,"DemandMax":null,"Value":8.517763952208},{"Length":10.45045,"Height":0.8149977,"Demand":1.0,"DemandMax":null,"Value":8.517092713965},{"Length":0.7188268,"Height":11.83038,"Demand":1.0,"DemandMax":null,"Value":8.503994198184},{"Length":0.3048337,"Height":27.78949,"Demand":1.0,"DemandMax":null,"Value":8.471173057813},{"Length":12.32534,"Height":0.687044,"Demand":1.0,"DemandMax":null,"Value":8.4680508949600011},{"Length":0.5673466,"Height":14.92384,"Demand":1.0,"DemandMax":null,"Value":8.466989882944},{"Length":5.302746,"Height":1.595239,"Demand":1.0,"DemandMax":null,"Value":8.459147226294},{"Length":0.3030577,"Height":27.78949,"Demand":1.0,"DemandMax":null,"Value":8.421818923573},{"Length":10.56061,"Height":0.7971382,"Demand":1.0,"DemandMax":null,"Value":8.418265646302},{"Length":5.049922,"Height":1.666839,"Demand":1.0,"DemandMax":null,"Value":8.4174069365579989},{"Length":2.599724,"Height":3.236742,"Demand":1.0,"DemandMax":null,"Value":8.4146358592080013},{"Length":14.61838,"Height":0.57279,"Demand":1.0,"DemandMax":null,"Value":8.3732618802000012},{"Length":1.646617,"Height":5.082903,"Demand":1.0,"DemandMax":null,"Value":8.369594489151},{"Length":1.835985,"Height":4.548739,"Demand":1.0,"DemandMax":null,"Value":8.3514165729150012},{"Length":0.6381409,"Height":13.0236,"Demand":1.0,"DemandMax":null,"Value":8.31089182524},{"Length":0.9831442,"Height":8.443936,"Demand":1.0,"DemandMax":null,"Value":8.3016067035712009},{"Length":3.562006,"Height":2.326007,"Demand":1.0,"DemandMax":null,"Value":8.285250890042},{"Length":0.6354072,"Height":12.95082,"Demand":1.0,"DemandMax":null,"Value":8.229044273904},{"Length":1.973903,"Height":4.152985,"Demand":1.0,"DemandMax":null,"Value":8.197589550455},{"Length":5.354957,"Height":1.528793,"Demand":1.0,"DemandMax":null,"Value":8.186620776901},{"Length":0.5283741,"Height":15.46832,"Demand":1.0,"DemandMax":null,"Value":8.173059658511999},{"Length":12.16548,"Height":0.6715103,"Demand":1.0,"DemandMax":null,"Value":8.169245124444},{"Length":16.26955,"Height":0.5014579,"Demand":1.0,"DemandMax":null,"Value":8.1584943769449989},{"Length":17.02599,"Height":0.4789113,"Demand":1.0,"DemandMax":null,"Value":8.153939004687},{"Length":0.5451444,"Height":14.92384,"Demand":1.0,"DemandMax":null,"Value":8.1356478024959991},{"Length":2.599724,"Height":3.128114,"Demand":1.0,"DemandMax":null,"Value":8.132233040536},{"Length":3.232316,"Height":2.508309,"Demand":1.0,"DemandMax":null,"Value":8.107647313644},{"Length":7.591445,"Height":1.067824,"Demand":1.0,"DemandMax":null,"Value":8.1063271656800016},{"Length":12.32534,"Height":0.6568046,"Demand":1.0,"DemandMax":null,"Value":8.095340008564},{"Length":8.86837,"Height":0.9111826,"Demand":1.0,"DemandMax":null,"Value":8.080704434362},{"Length":5.604887,"Height":1.440363,"Demand":1.0,"DemandMax":null,"Value":8.073071853981},{"Length":10.91598,"Height":0.7390931,"Demand":1.0,"DemandMax":null,"Value":8.0679254977379991},{"Length":0.8764917,"Height":9.198977,"Demand":1.0,"DemandMax":null,"Value":8.0628269889909},{"Length":4.921882,"Height":1.628339,"Demand":1.0,"DemandMax":null,"Value":8.014492413998},{"Length":2.675878,"Height":2.994154,"Demand":1.0,"DemandMax":null,"Value":8.011990817212},{"Length":1.364765,"Height":5.851769,"Demand":1.0,"DemandMax":null,"Value":7.986289519285},{"Length":3.995824,"Height":1.994591,"Demand":1.0,"DemandMax":null,"Value":7.9700345879839993},{"Length":15.58894,"Height":0.5107082,"Demand":1.0,"DemandMax":null,"Value":7.9613994873079985},{"Length":12.92942,"Height":0.6135163,"Demand":1.0,"DemandMax":null,"Value":7.932409919546},{"Length":2.139746,"Height":3.689571,"Demand":1.0,"DemandMax":null,"Value":7.894744788966},{"Length":13.53493,"Height":0.5819988,"Demand":1.0,"DemandMax":null,"Value":7.877313018084},{"Length":4.921882,"Height":1.600199,"Demand":1.0,"DemandMax":null,"Value":7.875990654518},{"Length":0.6632248,"Height":11.85598,"Demand":1.0,"DemandMax":null,"Value":7.863179964304},{"Length":0.706884,"Height":11.03431,"Demand":1.0,"DemandMax":null,"Value":7.799977190039999},{"Length":16.26955,"Height":0.4792188,"Demand":1.0,"DemandMax":null,"Value":7.79667422754},{"Length":2.535892,"Height":3.073652,"Demand":1.0,"DemandMax":null,"Value":7.794449517584},{"Length":3.091551,"Height":2.520052,"Demand":1.0,"DemandMax":null,"Value":7.790869280652},{"Length":1.14189,"Height":6.799518,"Demand":1.0,"DemandMax":null,"Value":7.76430160902},{"Length":2.270317,"Height":3.419197,"Demand":1.0,"DemandMax":null,"Value":7.7626610754489995},{"Length":4.249821,"Height":1.82326,"Demand":1.0,"DemandMax":null,"Value":7.7485286364600006},{"Length":1.197251,"Height":6.42525,"Demand":1.0,"DemandMax":null,"Value":7.69263698775},{"Length":6.339197,"Height":1.212423,"Demand":1.0,"DemandMax":null,"Value":7.685788244331},{"Length":0.4672962,"Height":16.3982,"Demand":1.0,"DemandMax":null,"Value":7.6628165468399994},{"Length":0.9548986,"Height":8.012494,"Demand":1.0,"DemandMax":null,"Value":7.6511193031084},{"Length":8.134682,"Height":0.9360131,"Demand":1.0,"DemandMax":null,"Value":7.6141689163342},{"Length":0.9501153,"Height":8.012494,"Demand":1.0,"DemandMax":null,"Value":7.6127931405582006},{"Length":5.222518,"Height":1.456285,"Demand":1.0,"DemandMax":null,"Value":7.60547462563},{"Length":22.8374,"Height":0.3330039,"Demand":1.0,"DemandMax":null,"Value":7.60494326586},{"Length":6.985096,"Height":1.08706,"Demand":1.0,"DemandMax":null,"Value":7.59321845776},{"Length":2.491234,"Height":3.047361,"Demand":1.0,"DemandMax":null,"Value":7.591689333474},{"Length":1.115409,"Height":6.799518,"Demand":1.0,"DemandMax":null,"Value":7.584243572862},{"Length":2.247236,"Height":3.373413,"Demand":1.0,"DemandMax":null,"Value":7.580855136468},{"Length":0.8682005,"Height":8.729959,"Demand":1.0,"DemandMax":null,"Value":7.5793547687795},{"Length":13.02085,"Height":0.5819988,"Demand":1.0,"DemandMax":null,"Value":7.57811907498},{"Length":12.73527,"Height":0.5946144,"Demand":1.0,"DemandMax":null,"Value":7.572574929888},{"Length":4.452892,"Height":1.699264,"Demand":1.0,"DemandMax":null,"Value":7.5666390714880007},{"Length":9.694032,"Height":0.7803727,"Demand":1.0,"DemandMax":null,"Value":7.5649579257264},{"Length":1.770009,"Height":4.271785,"Demand":1.0,"DemandMax":null,"Value":7.561097896065},{"Length":0.3601052,"Height":20.92666,"Demand":1.0,"DemandMax":null,"Value":7.535799084632},{"Length":8.86837,"Height":0.8480491,"Demand":1.0,"DemandMax":null,"Value":7.5208131969670005},{"Length":2.617963,"Height":2.865634,"Demand":1.0,"DemandMax":null,"Value":7.502123783542},{"Length":2.158171,"Height":3.468253,"Demand":1.0,"DemandMax":null,"Value":7.4850830452629991},{"Length":12.90564,"Height":0.576312,"Demand":1.0,"DemandMax":null,"Value":7.437675199680001},{"Length":10.22463,"Height":0.7268371,"Demand":1.0,"DemandMax":null,"Value":7.431640417773},{"Length":11.06341,"Height":0.6715103,"Demand":1.0,"DemandMax":null,"Value":7.429193768123},{"Length":4.42108,"Height":1.678803,"Demand":1.0,"DemandMax":null,"Value":7.42212236724},{"Length":12.06824,"Height":0.6135163,"Demand":1.0,"DemandMax":null,"Value":7.4040619523119995},{"Length":4.422661,"Height":1.660893,"Demand":1.0,"DemandMax":null,"Value":7.3455666962729991},{"Length":5.452905,"Height":1.343849,"Demand":1.0,"DemandMax":null,"Value":7.3278809313450006},{"Length":7.314337,"Height":0.99875,"Demand":1.0,"DemandMax":null,"Value":7.3051940787500005},{"Length":10.92912,"Height":0.6672428,"Demand":1.0,"DemandMax":null,"Value":7.2923766303359994},{"Length":1.072244,"Height":6.799518,"Demand":1.0,"DemandMax":null,"Value":7.2907423783919993},{"Length":0.9619903,"Height":7.577529,"Demand":1.0,"DemandMax":null,"Value":7.2895093959687},{"Length":1.167579,"Height":6.200882,"Demand":1.0,"DemandMax":null,"Value":7.2400196046779994},{"Length":4.779134,"Height":1.503409,"Demand":1.0,"DemandMax":null,"Value":7.184993067806},{"Length":7.314337,"Height":0.9808104,"Demand":1.0,"DemandMax":null,"Value":7.1739777987048},{"Length":1.18006,"Height":6.056949,"Demand":1.0,"DemandMax":null,"Value":7.1475632369400008},{"Length":12.39943,"Height":0.576312,"Demand":1.0,"DemandMax":null,"Value":7.1459403021600005},{"Length":1.112541,"Height":6.422525,"Demand":1.0,"DemandMax":null,"Value":7.1453223860250006},{"Length":1.050734,"Height":6.799518,"Demand":1.0,"DemandMax":null,"Value":7.144484746212},{"Length":0.5767123,"Height":12.35548,"Demand":1.0,"DemandMax":null,"Value":7.125557288403999},{"Length":11.06086,"Height":0.6419687,"Demand":1.0,"DemandMax":null,"Value":7.1007259150819992},{"Length":5.513668,"Height":1.285491,"Demand":1.0,"DemandMax":null,"Value":7.087770590988},{"Length":0.8746549,"Height":8.08185,"Demand":1.0,"DemandMax":null,"Value":7.0688297035649992},{"Length":1.382681,"Height":5.111529,"Demand":1.0,"DemandMax":null,"Value":7.067614029249},{"Length":21.50228,"Height":0.3285919,"Demand":1.0,"DemandMax":null,"Value":7.0654750395319992},{"Length":0.9342217,"Height":7.544143,"Demand":1.0,"DemandMax":null,"Value":7.0479020985031005},{"Length":2.035987,"Height":3.459727,"Demand":1.0,"DemandMax":null,"Value":7.043959195549},{"Length":4.779134,"Height":1.462643,"Demand":1.0,"DemandMax":null,"Value":6.990166891162},{"Length":5.946032,"Height":1.154789,"Demand":1.0,"DemandMax":null,"Value":6.8664123472480005},{"Length":0.3899303,"Height":17.50403,"Demand":1.0,"DemandMax":null,"Value":6.8253516691090006},{"Length":6.310791,"Height":1.077317,"Demand":1.0,"DemandMax":null,"Value":6.798722427747},{"Length":0.5363742,"Height":12.64248,"Demand":1.0,"DemandMax":null,"Value":6.7811000960160008},{"Length":5.870499,"Height":1.154789,"Demand":1.0,"DemandMax":null,"Value":6.779187669711},{"Length":1.690899,"Height":3.991766,"Demand":1.0,"DemandMax":null,"Value":6.749673137634},{"Length":3.934582,"Height":1.712765,"Demand":1.0,"DemandMax":null,"Value":6.73901433923},{"Length":0.3500047,"Height":19.24695,"Demand":1.0,"DemandMax":null,"Value":6.736522960664999},{"Length":6.137648,"Height":1.095074,"Demand":1.0,"DemandMax":null,"Value":6.7211787459520007},{"Length":3.232316,"Height":2.073515,"Demand":1.0,"DemandMax":null,"Value":6.70225571074},{"Length":1.065992,"Height":6.266669,"Demand":1.0,"DemandMax":null,"Value":6.6802190206480008},{"Length":2.229391,"Height":2.994154,"Demand":1.0,"DemandMax":null,"Value":6.675139980214},{"Length":0.839038,"Height":7.943723,"Demand":1.0,"DemandMax":null,"Value":6.665085458474},{"Length":1.167579,"Height":5.655094,"Demand":1.0,"DemandMax":null,"Value":6.602768997426},{"Length":16.26955,"Height":0.4039855,"Demand":1.0,"DemandMax":null,"Value":6.572662291525},{"Length":0.8199055,"Height":8.012106,"Demand":1.0,"DemandMax":null,"Value":6.5691697759829992},{"Length":9.399408,"Height":0.6948918,"Demand":1.0,"DemandMax":null,"Value":6.5315715440543993},{"Length":2.121598,"Height":3.063858,"Demand":1.0,"DemandMax":null,"Value":6.500275005084001},{"Length":1.065992,"Height":6.088813,"Demand":1.0,"DemandMax":null,"Value":6.490625947496},{"Length":8.756666,"Height":0.7396194,"Demand":1.0,"DemandMax":null,"Value":6.4766000529204},{"Length":0.5837745,"Height":11.09018,"Demand":1.0,"DemandMax":null,"Value":6.47416428441},{"Length":1.567931,"Height":4.127932,"Demand":1.0,"DemandMax":null,"Value":6.4723125486920008},{"Length":3.161199,"Height":2.038554,"Demand":1.0,"DemandMax":null,"Value":6.4442748662459994},{"Length":21.13985,"Height":0.3015725,"Demand":1.0,"DemandMax":null,"Value":6.375197414125},{"Length":11.14389,"Height":0.5692631,"Demand":1.0,"DemandMax":null,"Value":6.3438053674590007},{"Length":1.911789,"Height":3.301056,"Demand":1.0,"DemandMax":null,"Value":6.310922549184},{"Length":0.7861215,"Height":8.012494,"Demand":1.0,"DemandMax":null,"Value":6.2987938020210006},{"Length":2.136912,"Height":2.942881,"Demand":1.0,"DemandMax":null,"Value":6.288677723472},{"Length":0.839038,"Height":7.490612,"Demand":1.0,"DemandMax":null,"Value":6.284908111256},{"Length":10.78663,"Height":0.5819988,"Demand":1.0,"DemandMax":null,"Value":6.2778057160440008},{"Length":5.885786,"Height":1.063637,"Demand":1.0,"DemandMax":null,"Value":6.260339763682},{"Length":10.18453,"Height":0.6135163,"Demand":1.0,"DemandMax":null,"Value":6.248375162839},{"Length":0.3899303,"Height":15.99178,"Demand":1.0,"DemandMax":null,"Value":6.235679572934},{"Length":0.904608,"Height":6.850614,"Demand":1.0,"DemandMax":null,"Value":6.197120229312},{"Length":2.706038,"Height":2.286039,"Demand":1.0,"DemandMax":null,"Value":6.1861084034820006},{"Length":0.2942249,"Height":20.92666,"Demand":1.0,"DemandMax":null,"Value":6.157144445834},{"Length":0.4723598,"Height":13.0236,"Demand":1.0,"DemandMax":null,"Value":6.15182509128},{"Length":8.103778,"Height":0.7558818,"Demand":1.0,"DemandMax":null,"Value":6.1254983014404},{"Length":2.617963,"Height":2.32136,"Demand":1.0,"DemandMax":null,"Value":6.07723458968},{"Length":0.3558974,"Height":17.05931,"Demand":1.0,"DemandMax":null,"Value":6.0713640747939994},{"Length":2.24687,"Height":2.697469,"Demand":1.0,"DemandMax":null,"Value":6.0608621720299993},{"Length":0.9619903,"Height":6.247398,"Demand":1.0,"DemandMax":null,"Value":6.0099362762393991},{"Length":3.654154,"Height":1.631799,"Demand":1.0,"DemandMax":null,"Value":5.9628448430460006},{"Length":3.817676,"Height":1.559956,"Demand":1.0,"DemandMax":null,"Value":5.955406582256},{"Length":3.562006,"Height":1.669194,"Demand":1.0,"DemandMax":null,"Value":5.945679043164},{"Length":22.8374,"Height":0.259834,"Demand":1.0,"DemandMax":null,"Value":5.9339329916},{"Length":2.582672,"Height":2.286039,"Demand":1.0,"DemandMax":null,"Value":5.9040889162080008},{"Length":0.3558974,"Height":16.54732,"Demand":1.0,"DemandMax":null,"Value":5.8891481649679989},{"Length":0.5363742,"Height":10.89263,"Demand":1.0,"DemandMax":null,"Value":5.842525702146},{"Length":4.568523,"Height":1.273035,"Demand":1.0,"DemandMax":null,"Value":5.8158896773049991},{"Length":0.9498218,"Height":6.105043,"Demand":1.0,"DemandMax":null,"Value":5.7987029313374006},{"Length":3.327875,"Height":1.734203,"Demand":1.0,"DemandMax":null,"Value":5.771210808625},{"Length":0.6427063,"Height":8.970095,"Demand":1.0,"DemandMax":null,"Value":5.7651365680985},{"Length":4.481514,"Height":1.275076,"Demand":1.0,"DemandMax":null,"Value":5.714270945064},{"Length":9.995967,"Height":0.5692631,"Demand":1.0,"DemandMax":null,"Value":5.6903351619177007},{"Length":2.218468,"Height":2.5636,"Demand":1.0,"DemandMax":null,"Value":5.6872645648},{"Length":21.50228,"Height":0.264246,"Demand":1.0,"DemandMax":null,"Value":5.6818914808799992},{"Length":2.332731,"Height":2.427979,"Demand":1.0,"DemandMax":null,"Value":5.663821880649},{"Length":1.18006,"Height":4.799395,"Demand":1.0,"DemandMax":null,"Value":5.6635740637000005},{"Length":0.2799881,"Height":20.22262,"Demand":1.0,"DemandMax":null,"Value":5.662092950822},{"Length":0.9518049,"Height":5.923884,"Demand":1.0,"DemandMax":null,"Value":5.6383818182316},{"Length":9.157485,"Height":0.6135163,"Demand":1.0,"DemandMax":null,"Value":5.6182663145055},{"Length":10.81934,"Height":0.5182058,"Demand":1.0,"DemandMax":null,"Value":5.606644740172},{"Length":9.302632,"Height":0.6025196,"Demand":1.0,"DemandMax":null,"Value":5.6050181115872},{"Length":2.617963,"Height":2.140297,"Demand":1.0,"DemandMax":null,"Value":5.603218355011},{"Length":0.4218522,"Height":13.23412,"Demand":1.0,"DemandMax":null,"Value":5.582842637064},{"Length":0.9330426,"Height":5.972382,"Demand":1.0,"DemandMax":null,"Value":5.5724868294732},{"Length":10.73324,"Height":0.5182058,"Demand":1.0,"DemandMax":null,"Value":5.562027220792},{"Length":0.264793,"Height":20.92666,"Demand":1.0,"DemandMax":null,"Value":5.54123308138},{"Length":3.191812,"Height":1.734203,"Demand":1.0,"DemandMax":null,"Value":5.535249945836},{"Length":13.5975,"Height":0.4065396,"Demand":1.0,"DemandMax":null,"Value":5.527922211},{"Length":1.511588,"Height":3.637547,"Demand":1.0,"DemandMax":null,"Value":5.498472394636},{"Length":8.822197,"Height":0.6220728,"Demand":1.0,"DemandMax":null,"Value":5.4880487899415993},{"Length":1.590425,"Height":3.434404,"Demand":1.0,"DemandMax":null,"Value":5.4621619817},{"Length":1.18006,"Height":4.627102,"Demand":1.0,"DemandMax":null,"Value":5.46025798612},{"Length":9.694032,"Height":0.5631173,"Demand":1.0,"DemandMax":null,"Value":5.4588771259536006},{"Length":8.057276,"Height":0.6724274,"Demand":1.0,"DemandMax":null,"Value":5.4179331517624},{"Length":21.55258,"Height":0.251341,"Demand":1.0,"DemandMax":null,"Value":5.4170470097799992},{"Length":4.153911,"Height":1.292736,"Demand":1.0,"DemandMax":null,"Value":5.3699102904960005},{"Length":1.008838,"Height":5.312815,"Demand":1.0,"DemandMax":null,"Value":5.3597696589699995},{"Length":4.153911,"Height":1.290033,"Demand":1.0,"DemandMax":null,"Value":5.3586822690629994},{"Length":0.706884,"Height":7.577551,"Demand":1.0,"DemandMax":null,"Value":5.3564495610839993},{"Length":10.45045,"Height":0.5113919,"Demand":1.0,"DemandMax":null,"Value":5.344275481355},{"Length":7.068229,"Height":0.7558818,"Demand":1.0,"DemandMax":null,"Value":5.3427456593322},{"Length":1.543607,"Height":3.459727,"Demand":1.0,"DemandMax":null,"Value":5.340458815289},{"Length":1.296197,"Height":4.118797,"Demand":1.0,"DemandMax":null,"Value":5.338772315009},{"Length":5.885786,"Height":0.90697,"Demand":1.0,"DemandMax":null,"Value":5.3382313284200009},{"Length":10.92912,"Height":0.4875461,"Demand":1.0,"DemandMax":null,"Value":5.328449832432},{"Length":3.934582,"Height":1.351093,"Demand":1.0,"DemandMax":null,"Value":5.315986198126},{"Length":1.000044,"Height":5.312815,"Demand":1.0,"DemandMax":null,"Value":5.3130487638599995},{"Length":1.161998,"Height":4.548739,"Demand":1.0,"DemandMax":null,"Value":5.2856256205220005},{"Length":0.9016529,"Height":5.851769,"Demand":1.0,"DemandMax":null,"Value":5.2762644889801},{"Length":4.805705,"Height":1.097019,"Demand":1.0,"DemandMax":null,"Value":5.2719496933949994},{"Length":8.86837,"Height":0.5939383,"Demand":1.0,"DemandMax":null,"Value":5.267264601571001},{"Length":4.285456,"Height":1.227553,"Demand":1.0,"DemandMax":null,"Value":5.2606243691679992},{"Length":0.4592522,"Height":11.45233,"Demand":1.0,"DemandMax":null,"Value":5.259507747626},{"Length":1.026283,"Height":5.111529,"Demand":1.0,"DemandMax":null,"Value":5.245875316707},{"Length":0.7753989,"Height":6.713789,"Demand":1.0,"DemandMax":null,"Value":5.2058646054321},{"Length":1.734509,"Height":2.994154,"Demand":1.0,"DemandMax":null,"Value":5.1933870603860006},{"Length":0.2563862,"Height":20.22262,"Demand":1.0,"DemandMax":null,"Value":5.184800695844},{"Length":2.97703,"Height":1.740764,"Demand":1.0,"DemandMax":null,"Value":5.18230665092},{"Length":5.522384,"Height":0.9359773,"Demand":1.0,"DemandMax":null,"Value":5.1688260658831995},{"Length":4.481514,"Height":1.152903,"Demand":1.0,"DemandMax":null,"Value":5.166750935142},{"Length":4.051127,"Height":1.273035,"Demand":1.0,"DemandMax":null,"Value":5.157226460445},{"Length":2.252503,"Height":2.284608,"Demand":1.0,"DemandMax":null,"Value":5.146086373824},{"Length":0.8608745,"Height":5.972382,"Demand":1.0,"DemandMax":null,"Value":5.1414713680589994},{"Length":3.28697,"Height":1.559956,"Demand":1.0,"DemandMax":null,"Value":5.12752857332},{"Length":0.3424315,"Height":14.92384,"Demand":1.0,"DemandMax":null,"Value":5.11039291696},{"Length":0.9268839,"Height":5.511015,"Demand":1.0,"DemandMax":null,"Value":5.1080710761585006},{"Length":0.356873,"Height":14.30408,"Demand":1.0,"DemandMax":null,"Value":5.10473994184},{"Length":21.55258,"Height":0.2360063,"Demand":1.0,"DemandMax":null,"Value":5.086544661254},{"Length":4.630412,"Height":1.098089,"Demand":1.0,"DemandMax":null,"Value":5.084604482668},{"Length":16.8537,"Height":0.3013675,"Demand":1.0,"DemandMax":null,"Value":5.07915743475},{"Length":16.8537,"Height":0.3011521,"Demand":1.0,"DemandMax":null,"Value":5.07552714777},{"Length":3.774336,"Height":1.343849,"Demand":1.0,"DemandMax":null,"Value":5.072137659264},{"Length":1.112541,"Height":4.556021,"Demand":1.0,"DemandMax":null,"Value":5.068760159361},{"Length":0.7753989,"Height":6.520327,"Demand":1.0,"DemandMax":null,"Value":5.0558543834403},{"Length":11.42776,"Height":0.4417174,"Demand":1.0,"DemandMax":null,"Value":5.047840435024},{"Length":3.389605,"Height":1.488603,"Demand":1.0,"DemandMax":null,"Value":5.045776171815},{"Length":11.39266,"Height":0.4417174,"Demand":1.0,"DemandMax":null,"Value":5.032336154284},{"Length":0.3500047,"Height":14.35968,"Demand":1.0,"DemandMax":null,"Value":5.025955490496},{"Length":0.4529206,"Height":11.09018,"Demand":1.0,"DemandMax":null,"Value":5.022970979708},{"Length":0.5265999,"Height":9.522262,"Demand":1.0,"DemandMax":null,"Value":5.0144222169737995},{"Length":3.389605,"Height":1.477449,"Demand":1.0,"DemandMax":null,"Value":5.007968517645},{"Length":8.602044,"Height":0.5819988,"Demand":1.0,"DemandMax":null,"Value":5.0063792855472},{"Length":4.821469,"Height":1.038295,"Demand":1.0,"DemandMax":null,"Value":5.0061071553549992},{"Length":8.822197,"Height":0.5669466,"Demand":1.0,"DemandMax":null,"Value":5.001714593680199},{"Length":8.161997,"Height":0.6124966,"Demand":1.0,"DemandMax":null,"Value":4.9991954117101995},{"Length":0.3490291,"Height":14.30408,"Demand":1.0,"DemandMax":null,"Value":4.992540168728},{"Length":8.86837,"Height":0.5629078,"Demand":1.0,"DemandMax":null,"Value":4.9920746462859995},{"Length":2.054126,"Height":2.427979,"Demand":1.0,"DemandMax":null,"Value":4.987374791354},{"Length":0.9039195,"Height":5.511015,"Demand":1.0,"DemandMax":null,"Value":4.9815139232925008},{"Length":0.5545447,"Height":8.970095,"Demand":1.0,"DemandMax":null,"Value":4.9743186407465005},{"Length":5.513668,"Height":0.9006787,"Demand":1.0,"DemandMax":null,"Value":4.9660433264716},{"Length":1.935442,"Height":2.5636,"Demand":1.0,"DemandMax":null,"Value":4.9616991112000006},{"Length":0.6562037,"Height":7.544143,"Demand":1.0,"DemandMax":null,"Value":4.9504945499290995},{"Length":8.211406,"Height":0.6025196,"Demand":1.0,"DemandMax":null,"Value":4.9475330585576005},{"Length":8.86837,"Height":0.5578644,"Demand":1.0,"DemandMax":null,"Value":4.947347909028001},{"Length":1.773545,"Height":2.766015,"Demand":1.0,"DemandMax":null,"Value":4.9056520731749993},{"Length":1.812512,"Height":2.697469,"Demand":1.0,"DemandMax":null,"Value":4.8891949321279995},{"Length":3.654154,"Height":1.334253,"Demand":1.0,"DemandMax":null,"Value":4.8755659369619995},{"Length":2.617963,"Height":1.860772,"Demand":1.0,"DemandMax":null,"Value":4.871432247436},{"Length":8.161997,"Height":0.5938577,"Demand":1.0,"DemandMax":null,"Value":4.8470647658269},{"Length":0.5551615,"Height":8.729959,"Demand":1.0,"DemandMax":null,"Value":4.846537133378499},{"Length":9.470715,"Height":0.5107082,"Demand":1.0,"DemandMax":null,"Value":4.8367718103629995},{"Length":4.427769,"Height":1.09237,"Demand":1.0,"DemandMax":null,"Value":4.8367620225299994},{"Length":8.295199,"Height":0.5819988,"Demand":1.0,"DemandMax":null,"Value":4.8277958637612},{"Length":3.926819,"Height":1.227553,"Demand":1.0,"DemandMax":null,"Value":4.820378443907},{"Length":2.891675,"Height":1.660893,"Demand":1.0,"DemandMax":null,"Value":4.802762765775},{"Length":2.352469,"Height":2.038554,"Demand":1.0,"DemandMax":null,"Value":4.795635089826},{"Length":1.199773,"Height":3.991766,"Demand":1.0,"DemandMax":null,"Value":4.789213069118},{"Length":1.574114,"Height":3.037819,"Demand":1.0,"DemandMax":null,"Value":4.781873417366},{"Length":2.139746,"Height":2.234313,"Demand":1.0,"DemandMax":null,"Value":4.780862304498001},{"Length":3.701592,"Height":1.29078,"Demand":1.0,"DemandMax":null,"Value":4.7779409217600008},{"Length":2.599724,"Height":1.836893,"Demand":1.0,"DemandMax":null,"Value":4.7754148175320008},{"Length":16.26955,"Height":0.2934422,"Demand":1.0,"DemandMax":null,"Value":4.77417254501},{"Length":5.29533,"Height":0.9007875,"Demand":1.0,"DemandMax":null,"Value":4.769967072375},{"Length":4.362833,"Height":1.09237,"Demand":1.0,"DemandMax":null,"Value":4.76582788421},{"Length":1.872528,"Height":2.543272,"Demand":1.0,"DemandMax":null,"Value":4.762348031616},{"Length":9.308084,"Height":0.5107082,"Demand":1.0,"DemandMax":null,"Value":4.7537148250887986},{"Length":4.57794,"Height":1.038295,"Demand":1.0,"DemandMax":null,"Value":4.7532522123},{"Length":11.06086,"Height":0.4294632,"Demand":1.0,"DemandMax":null,"Value":4.7502323303519995},{"Length":11.18319,"Height":0.4242067,"Demand":1.0,"DemandMax":null,"Value":4.743984125373},{"Length":0.9498218,"Height":4.985132,"Demand":1.0,"DemandMax":null,"Value":4.7349870494776},{"Length":1.139568,"Height":4.152985,"Demand":1.0,"DemandMax":null,"Value":4.7326088104799995},{"Length":4.312806,"Height":1.095074,"Demand":1.0,"DemandMax":null,"Value":4.722841717644001},{"Length":1.133952,"Height":4.152985,"Demand":1.0,"DemandMax":null,"Value":4.7092856467200006},{"Length":6.310791,"Height":0.7459423,"Demand":1.0,"DemandMax":null,"Value":4.7074859533593},{"Length":1.535265,"Height":3.063858,"Demand":1.0,"DemandMax":null,"Value":4.703833952370001},{"Length":3.043908,"Height":1.544005,"Demand":1.0,"DemandMax":null,"Value":4.69980917154},{"Length":0.4274686,"Height":10.97855,"Demand":1.0,"DemandMax":null,"Value":4.6929853985299994},{"Length":0.4229824,"Height":11.09018,"Demand":1.0,"DemandMax":null,"Value":4.690950952832},{"Length":2.617963,"Height":1.790483,"Demand":1.0,"DemandMax":null,"Value":4.687418246129},{"Length":11.18319,"Height":0.4191198,"Demand":1.0,"DemandMax":null,"Value":4.687096356162},{"Length":0.744522,"Height":6.273219,"Demand":1.0,"DemandMax":null,"Value":4.670549556318},{"Length":3.612744,"Height":1.29078,"Demand":1.0,"DemandMax":null,"Value":4.66325770032},{"Length":4.460839,"Height":1.043714,"Demand":1.0,"DemandMax":null,"Value":4.655840116046},{"Length":4.237958,"Height":1.098089,"Demand":1.0,"DemandMax":null,"Value":4.6536550622620005},{"Length":2.97703,"Height":1.560292,"Demand":1.0,"DemandMax":null,"Value":4.64503609276},{"Length":3.850048,"Height":1.206354,"Demand":1.0,"DemandMax":null,"Value":4.644520804992},{"Length":4.564668,"Height":1.008143,"Demand":1.0,"DemandMax":null,"Value":4.601838091524},{"Length":3.778798,"Height":1.206354,"Demand":1.0,"DemandMax":null,"Value":4.558568082492},{"Length":16.26955,"Height":0.2794702,"Demand":1.0,"DemandMax":null,"Value":4.5468543924099993},{"Length":2.158171,"Height":2.10664,"Demand":1.0,"DemandMax":null,"Value":4.5464893554399994},{"Length":0.4672962,"Height":9.728495,"Demand":1.0,"DemandMax":null,"Value":4.546088745219},{"Length":0.6633232,"Height":6.850614,"Demand":1.0,"DemandMax":null,"Value":4.5441712004448},{"Length":0.4672962,"Height":9.724386,"Demand":1.0,"DemandMax":null,"Value":4.5441686251332},{"Length":0.744522,"Height":6.082263,"Demand":1.0,"DemandMax":null,"Value":4.5283786132860007},{"Length":4.329763,"Height":1.043714,"Demand":1.0,"DemandMax":null,"Value":4.519034259782},{"Length":5.967847,"Height":0.7558818,"Demand":1.0,"DemandMax":null,"Value":4.5109869324846006},{"Length":1.121212,"Height":3.991766,"Demand":1.0,"DemandMax":null,"Value":4.475615940392},{"Length":8.057276,"Height":0.5551255,"Demand":1.0,"DemandMax":null,"Value":4.472799368138},{"Length":1.469795,"Height":3.037819,"Demand":1.0,"DemandMax":null,"Value":4.4649711771049994},{"Length":1.223889,"Height":3.637547,"Demand":1.0,"DemandMax":null,"Value":4.451953760283},{"Length":1.861423,"Height":2.385301,"Demand":1.0,"DemandMax":null,"Value":4.4400541433230005},{"Length":2.158171,"Height":2.042263,"Demand":1.0,"DemandMax":null,"Value":4.407552780973},{"Length":1.847717,"Height":2.385301,"Demand":1.0,"DemandMax":null,"Value":4.407361207817},{"Length":4.016492,"Height":1.097019,"Demand":1.0,"DemandMax":null,"Value":4.406168037348},{"Length":0.4694815,"Height":9.383397,"Demand":1.0,"DemandMax":null,"Value":4.4053312986555},{"Length":4.702244,"Height":0.9359773,"Demand":1.0,"DemandMax":null,"Value":4.4011936430612},{"Length":1.872528,"Height":2.34808,"Demand":1.0,"DemandMax":null,"Value":4.39684554624},{"Length":4.564668,"Height":0.9624637,"Demand":1.0,"DemandMax":null,"Value":4.3933272525516},{"Length":8.756666,"Height":0.5011997,"Demand":1.0,"DemandMax":null,"Value":4.3888383722002}]}