{"Name":"Nice50_200","Objects":[{"Length":100.0,"Height":100.0,"Stock":null,"Cost":10000.0}],"Items":[{"Length":15.13911,"Height":11.74472,"Demand":1.0,"DemandMax":null,"Value":177.8046079992},{"Length":13.07352,"Height":9.715305,"Demand":1.0,"DemandMax":null,"Value":127.01323422360001},{"Length":11.07724,"Height":11.02565,"Demand":1.0,"DemandMax":null,"Value":122.133771206},{"Length":12.47321,"Height":9.715305,"Demand":1.0,"DemandMax":null,"Value":121.18103947905001},{"Length":5.37226,"Height":21.16974,"Demand":1.0,"DemandMax":null,"Value":113.7293474124},{"Length":12.69743,"Height":8.733745,"Demand":1.0,"DemandMax":null,"Value":110.89611577535001},{"Length":12.51455,"Height":8.349779,"Demand":1.0,"DemandMax":null,"Value":104.49372678444999},{"Length":9.128572,"Height":10.68317,"Demand":1.0,"DemandMax":null,"Value":97.52208653324},{"Length":6.734716,"Height":13.4016,"Demand":1.0,"DemandMax":null,"Value":90.2559699456},{"Length":6.968566,"Height":12.5776,"Demand":1.0,"DemandMax":null,"Value":87.6478357216},{"Length":12.51455,"Height":6.894304,"Demand":1.0,"DemandMax":null,"Value":86.2791121232},{"Length":12.36048,"Height":6.966278,"Demand":1.0,"DemandMax":null,"Value":86.10653989344},{"Length":12.71505,"Height":6.737129,"Demand":1.0,"DemandMax":null,"Value":85.66293209145},{"Length":7.169986,"Height":11.65134,"Demand":1.0,"DemandMax":null,"Value":83.539944681239987},{"Length":5.40279,"Height":15.24408,"Demand":1.0,"DemandMax":null,"Value":82.360562983200012},{"Length":11.07724,"Height":7.270377,"Demand":1.0,"DemandMax":null,"Value":80.53571091948},{"Length":12.01411,"Height":6.669773,"Demand":1.0,"DemandMax":null,"Value":80.131386497030007},{"Length":6.968566,"Height":10.81846,"Demand":1.0,"DemandMax":null,"Value":75.38915252836},{"Length":4.936775,"Height":14.85828,"Demand":1.0,"DemandMax":null,"Value":73.351985247},{"Length":12.36048,"Height":5.855394,"Demand":1.0,"DemandMax":null,"Value":72.37548042912},{"Length":6.163847,"Height":11.65134,"Demand":1.0,"DemandMax":null,"Value":71.817077104979987},{"Length":8.096527,"Height":8.720056,"Demand":1.0,"DemandMax":null,"Value":70.602168845512},{"Length":9.519031,"Height":7.400127,"Demand":1.0,"DemandMax":null,"Value":70.442038316937},{"Length":9.007571,"Height":7.795062,"Demand":1.0,"DemandMax":null,"Value":70.214574414402},{"Length":5.820771,"Height":11.97401,"Demand":1.0,"DemandMax":null,"Value":69.697970161709989},{"Length":9.666001,"Height":7.092395,"Demand":1.0,"DemandMax":null,"Value":68.555097162395},{"Length":7.321084,"Height":9.339866,"Demand":1.0,"DemandMax":null,"Value":68.377943534744},{"Length":10.73214,"Height":6.351727,"Demand":1.0,"DemandMax":null,"Value":68.16762340578},{"Length":14.35103,"Height":4.748772,"Demand":1.0,"DemandMax":null,"Value":68.14976943516},{"Length":7.483337,"Height":9.032795,"Demand":1.0,"DemandMax":null,"Value":67.595449036915},{"Length":9.007571,"Height":7.493088,"Demand":1.0,"DemandMax":null,"Value":67.494522169248},{"Length":9.020902,"Height":7.400127,"Demand":1.0,"DemandMax":null,"Value":66.755820454554},{"Length":7.112759,"Height":9.301371,"Demand":1.0,"DemandMax":null,"Value":66.158410292589},{"Length":7.342903,"Height":9.005049,"Demand":1.0,"DemandMax":null,"Value":66.123201317247},{"Length":11.07994,"Height":5.966852,"Demand":1.0,"DemandMax":null,"Value":66.11236214888001},{"Length":11.27186,"Height":5.845955,"Demand":1.0,"DemandMax":null,"Value":65.894786326300007},{"Length":4.431728,"Height":14.85828,"Demand":1.0,"DemandMax":null,"Value":65.84785550784},{"Length":15.0912,"Height":4.34384,"Demand":1.0,"DemandMax":null,"Value":65.553758208},{"Length":11.17014,"Height":5.845955,"Demand":1.0,"DemandMax":null,"Value":65.3001357837},{"Length":11.23031,"Height":5.809844,"Demand":1.0,"DemandMax":null,"Value":65.246349171639991},{"Length":6.994672,"Height":9.266596,"Demand":1.0,"DemandMax":null,"Value":64.816799576512},{"Length":14.35103,"Height":4.476853,"Demand":1.0,"DemandMax":null,"Value":64.24745170859},{"Length":7.199006,"Height":8.733745,"Demand":1.0,"DemandMax":null,"Value":62.874282657470005},{"Length":9.251565,"Height":6.637992,"Demand":1.0,"DemandMax":null,"Value":61.411814457479991},{"Length":10.80439,"Height":5.661702,"Demand":1.0,"DemandMax":null,"Value":61.17123647178},{"Length":10.73214,"Height":5.581304,"Demand":1.0,"DemandMax":null,"Value":59.89933591056},{"Length":4.008897,"Height":14.85828,"Demand":1.0,"DemandMax":null,"Value":59.565314117160007},{"Length":5.358713,"Height":10.74905,"Demand":1.0,"DemandMax":null,"Value":57.60107397265},{"Length":5.334538,"Height":10.74905,"Demand":1.0,"DemandMax":null,"Value":57.341215688900007},{"Length":4.167603,"Height":13.72864,"Demand":1.0,"DemandMax":null,"Value":57.215521249919995},{"Length":5.508386,"Height":10.37012,"Demand":1.0,"DemandMax":null,"Value":57.122623826319995},{"Length":4.673965,"Height":11.87631,"Demand":1.0,"DemandMax":null,"Value":55.50945726915},{"Length":6.469272,"Height":8.506954,"Demand":1.0,"DemandMax":null,"Value":55.033799317488004},{"Length":5.585008,"Height":9.814999,"Demand":1.0,"DemandMax":null,"Value":54.816847934992005},{"Length":10.73214,"Height":5.07478,"Demand":1.0,"DemandMax":null,"Value":54.46324942919999},{"Length":10.73214,"Height":5.034194,"Demand":1.0,"DemandMax":null,"Value":54.02767479516},{"Length":8.935446,"Height":5.967678,"Demand":1.0,"DemandMax":null,"Value":53.323864514388006},{"Length":14.21639,"Height":3.747643,"Demand":1.0,"DemandMax":null,"Value":53.277954468770005},{"Length":6.245782,"Height":8.506954,"Demand":1.0,"DemandMax":null,"Value":53.132580168028007},{"Length":14.35103,"Height":3.666501,"Demand":1.0,"DemandMax":null,"Value":52.61806584603},{"Length":14.21639,"Height":3.666667,"Demand":1.0,"DemandMax":null,"Value":52.12676807213},{"Length":14.35103,"Height":3.628953,"Demand":1.0,"DemandMax":null,"Value":52.07921337159},{"Length":8.707226,"Height":5.914056,"Demand":1.0,"DemandMax":null,"Value":51.495022168656007},{"Length":10.73214,"Height":4.711546,"Demand":1.0,"DemandMax":null,"Value":50.56497128844},{"Length":4.530981,"Height":10.89554,"Demand":1.0,"DemandMax":null,"Value":49.367484724739995},{"Length":5.65029,"Height":8.733745,"Demand":1.0,"DemandMax":null,"Value":49.34819203605},{"Length":5.184865,"Height":9.497395,"Demand":1.0,"DemandMax":null,"Value":49.242710926674995},{"Length":12.93973,"Height":3.788112,"Demand":1.0,"DemandMax":null,"Value":49.01714648976},{"Length":7.777941,"Height":6.29924,"Demand":1.0,"DemandMax":null,"Value":48.99511706484},{"Length":5.378341,"Height":8.973472,"Demand":1.0,"DemandMax":null,"Value":48.262392369951996},{"Length":9.286401,"Height":5.190663,"Demand":1.0,"DemandMax":null,"Value":48.202578073862995},{"Length":5.685036,"Height":8.375032,"Demand":1.0,"DemandMax":null,"Value":47.612358421151995},{"Length":4.64742,"Height":10.15444,"Demand":1.0,"DemandMax":null,"Value":47.1919475448},{"Length":12.93973,"Height":3.639615,"Demand":1.0,"DemandMax":null,"Value":47.095635403950006},{"Length":5.039396,"Height":9.339866,"Demand":1.0,"DemandMax":null,"Value":47.067283360936},{"Length":4.626375,"Height":10.15444,"Demand":1.0,"DemandMax":null,"Value":46.978247355},{"Length":5.492232,"Height":8.549347,"Demand":1.0,"DemandMax":null,"Value":46.954997172503994},{"Length":8.416746,"Height":5.562915,"Demand":1.0,"DemandMax":null,"Value":46.82164257459},{"Length":9.787376,"Height":4.753117,"Demand":1.0,"DemandMax":null,"Value":46.520543250992},{"Length":6.12694,"Height":7.592491,"Demand":1.0,"DemandMax":null,"Value":46.51873680754},{"Length":4.721685,"Height":9.825263,"Demand":1.0,"DemandMax":null,"Value":46.391796928154996},{"Length":6.289292,"Height":7.332716,"Demand":1.0,"DemandMax":null,"Value":46.117592077072},{"Length":7.313259,"Height":6.29924,"Demand":1.0,"DemandMax":null,"Value":46.06797362316},{"Length":13.10235,"Height":3.510619,"Demand":1.0,"DemandMax":null,"Value":45.99735885465},{"Length":6.457625,"Height":7.092395,"Demand":1.0,"DemandMax":null,"Value":45.800027261875},{"Length":13.02401,"Height":3.511054,"Demand":1.0,"DemandMax":null,"Value":45.72800240654},{"Length":3.871809,"Height":11.65134,"Demand":1.0,"DemandMax":null,"Value":45.111763074059994},{"Length":12.36048,"Height":3.622964,"Demand":1.0,"DemandMax":null,"Value":44.781574062720004},{"Length":6.155755,"Height":7.273365,"Demand":1.0,"DemandMax":null,"Value":44.773052965575},{"Length":4.301484,"Height":10.349,"Demand":1.0,"DemandMax":null,"Value":44.516057916},{"Length":9.787376,"Height":4.548254,"Demand":1.0,"DemandMax":null,"Value":44.515472041504},{"Length":13.10235,"Height":3.358433,"Demand":1.0,"DemandMax":null,"Value":44.00336461755},{"Length":4.885512,"Height":9.005049,"Demand":1.0,"DemandMax":null,"Value":43.994274950088},{"Length":7.73554,"Height":5.661702,"Demand":1.0,"DemandMax":null,"Value":43.79632228908},{"Length":5.479596,"Height":7.992266,"Demand":1.0,"DemandMax":null,"Value":43.794388804536},{"Length":5.683888,"Height":7.703091,"Demand":1.0,"DemandMax":null,"Value":43.783506497808},{"Length":4.866962,"Height":8.973472,"Demand":1.0,"DemandMax":null,"Value":43.673547232063996},{"Length":6.525821,"Height":6.669773,"Demand":1.0,"DemandMax":null,"Value":43.525744708633},{"Length":13.02401,"Height":3.340563,"Demand":1.0,"DemandMax":null,"Value":43.50752591763},{"Length":9.025578,"Height":4.790395,"Demand":1.0,"DemandMax":null,"Value":43.236083723309996},{"Length":7.516041,"Height":5.724139,"Demand":1.0,"DemandMax":null,"Value":43.022863413699},{"Length":4.843302,"Height":8.848639,"Demand":1.0,"DemandMax":null,"Value":42.856630965978006},{"Length":3.673628,"Height":11.65134,"Demand":1.0,"DemandMax":null,"Value":42.80268886152},{"Length":5.002736,"Height":8.493768,"Demand":1.0,"DemandMax":null,"Value":42.492078949248},{"Length":7.309621,"Height":5.809844,"Demand":1.0,"DemandMax":null,"Value":42.467757709124},{"Length":5.184865,"Height":8.153017,"Demand":1.0,"DemandMax":null,"Value":42.272292487705},{"Length":4.689222,"Height":9.005049,"Demand":1.0,"DemandMax":null,"Value":42.226673881878},{"Length":3.499223,"Height":11.87631,"Demand":1.0,"DemandMax":null,"Value":41.557857107130005},{"Length":3.535556,"Height":11.74472,"Demand":1.0,"DemandMax":null,"Value":41.524115264319995},{"Length":6.589046,"Height":6.300913,"Demand":1.0,"DemandMax":null,"Value":41.517005598998004},{"Length":7.892157,"Height":5.221035,"Demand":1.0,"DemandMax":null,"Value":41.205227922495},{"Length":7.218545,"Height":5.70451,"Demand":1.0,"DemandMax":null,"Value":41.17826213795},{"Length":5.343463,"Height":7.678803,"Demand":1.0,"DemandMax":null,"Value":41.031399714789},{"Length":5.492232,"Height":7.47015,"Demand":1.0,"DemandMax":null,"Value":41.027796874799996},{"Length":6.970223,"Height":5.876142,"Demand":1.0,"DemandMax":null,"Value":40.958020119665996},{"Length":5.343463,"Height":7.609347,"Demand":1.0,"DemandMax":null,"Value":40.660264148661},{"Length":6.155755,"Height":6.596156,"Demand":1.0,"DemandMax":null,"Value":40.60432027778},{"Length":8.436699,"Height":4.7863,"Demand":1.0,"DemandMax":null,"Value":40.3805724237},{"Length":4.559724,"Height":8.848639,"Demand":1.0,"DemandMax":null,"Value":40.347351615636},{"Length":6.778228,"Height":5.930049,"Demand":1.0,"DemandMax":null,"Value":40.195224173172008},{"Length":5.508386,"Height":7.280296,"Demand":1.0,"DemandMax":null,"Value":40.102680562256},{"Length":6.350683,"Height":6.300913,"Demand":1.0,"DemandMax":null,"Value":40.015101073579004},{"Length":6.997846,"Height":5.70451,"Demand":1.0,"DemandMax":null,"Value":39.91928248546},{"Length":3.415759,"Height":11.65134,"Demand":1.0,"DemandMax":null,"Value":39.79816946706},{"Length":7.012676,"Height":5.673552,"Demand":1.0,"DemandMax":null,"Value":39.786781945152},{"Length":7.769674,"Height":5.11851,"Demand":1.0,"DemandMax":null,"Value":39.76915406574},{"Length":5.479596,"Height":7.251818,"Demand":1.0,"DemandMax":null,"Value":39.737032905528},{"Length":8.935446,"Height":4.413828,"Demand":1.0,"DemandMax":null,"Value":39.439521747288},{"Length":4.430862,"Height":8.89853,"Demand":1.0,"DemandMax":null,"Value":39.42815843286},{"Length":7.316712,"Height":5.358022,"Demand":1.0,"DemandMax":null,"Value":39.203103863664},{"Length":7.769674,"Height":5.035931,"Demand":1.0,"DemandMax":null,"Value":39.127542156494},{"Length":7.669804,"Height":5.091285,"Demand":1.0,"DemandMax":null,"Value":39.04915805814},{"Length":4.191567,"Height":9.293432,"Demand":1.0,"DemandMax":null,"Value":38.954042887944},{"Length":5.048255,"Height":7.703091,"Demand":1.0,"DemandMax":null,"Value":38.887167656205},{"Length":3.565546,"Height":10.89554,"Demand":1.0,"DemandMax":null,"Value":38.84854906484},{"Length":3.786674,"Height":10.15444,"Demand":1.0,"DemandMax":null,"Value":38.451553932559996},{"Length":6.700349,"Height":5.724139,"Demand":1.0,"DemandMax":null,"Value":38.353729024511004},{"Length":9.286401,"Height":4.110707,"Demand":1.0,"DemandMax":null,"Value":38.173673595507},{"Length":6.289292,"Height":6.068888,"Demand":1.0,"DemandMax":null,"Value":38.169008747296},{"Length":5.893644,"Height":6.456613,"Demand":1.0,"DemandMax":null,"Value":38.052978467772},{"Length":7.638794,"Height":4.980618,"Demand":1.0,"DemandMax":null,"Value":38.045914894692},{"Length":9.025578,"Height":4.214654,"Demand":1.0,"DemandMax":null,"Value":38.039688420012},{"Length":11.07724,"Height":3.432695,"Demand":1.0,"DemandMax":null,"Value":38.0247863618},{"Length":3.726957,"Height":10.15444,"Demand":1.0,"DemandMax":null,"Value":37.84516123908},{"Length":7.609172,"Height":4.95642,"Demand":1.0,"DemandMax":null,"Value":37.71425228424},{"Length":4.050851,"Height":9.301371,"Demand":1.0,"DemandMax":null,"Value":37.678468016721},{"Length":7.199043,"Height":5.221035,"Demand":1.0,"DemandMax":null,"Value":37.586455469505},{"Length":4.160091,"Height":9.005049,"Demand":1.0,"DemandMax":null,"Value":37.461823299459},{"Length":9.251565,"Height":4.045175,"Demand":1.0,"DemandMax":null,"Value":37.424199448875},{"Length":5.334669,"Height":7.009889,"Demand":1.0,"DemandMax":null,"Value":37.395437541741},{"Length":9.423101,"Height":3.966498,"Demand":1.0,"DemandMax":null,"Value":37.376711270298},{"Length":3.680189,"Height":10.15444,"Demand":1.0,"DemandMax":null,"Value":37.37025838916},{"Length":7.136435,"Height":5.230098,"Demand":1.0,"DemandMax":null,"Value":37.32425442063},{"Length":7.482028,"Height":4.95642,"Demand":1.0,"DemandMax":null,"Value":37.084073219759993},{"Length":6.532772,"Height":5.673552,"Demand":1.0,"DemandMax":null,"Value":37.064021646144},{"Length":6.24578,"Height":5.930049,"Demand":1.0,"DemandMax":null,"Value":37.03778144322},{"Length":7.079956,"Height":5.230098,"Demand":1.0,"DemandMax":null,"Value":37.028863715688},{"Length":4.110849,"Height":9.005049,"Demand":1.0,"DemandMax":null,"Value":37.018396676601},{"Length":7.638794,"Height":4.844645,"Demand":1.0,"DemandMax":null,"Value":37.00724515813},{"Length":3.98162,"Height":9.293432,"Demand":1.0,"DemandMax":null,"Value":37.00291471984},{"Length":3.976767,"Height":9.301371,"Demand":1.0,"DemandMax":null,"Value":36.989385247557},{"Length":6.899679,"Height":5.358022,"Demand":1.0,"DemandMax":null,"Value":36.968631874938},{"Length":5.820771,"Height":6.332413,"Demand":1.0,"DemandMax":null,"Value":36.859525950423},{"Length":10.73214,"Height":3.431473,"Demand":1.0,"DemandMax":null,"Value":36.82704864222},{"Length":5.334669,"Height":6.718751,"Demand":1.0,"DemandMax":null,"Value":35.842312678419},{"Length":10.69325,"Height":3.332363,"Demand":1.0,"DemandMax":null,"Value":35.633790649750004},{"Length":6.053786,"Height":5.876142,"Demand":1.0,"DemandMax":null,"Value":35.572906173612},{"Length":7.712714,"Height":4.597264,"Demand":1.0,"DemandMax":null,"Value":35.457382414496},{"Length":3.81586,"Height":9.273624,"Demand":1.0,"DemandMax":null,"Value":35.38685087664},{"Length":3.282364,"Height":10.71393,"Demand":1.0,"DemandMax":null,"Value":35.16701813052},{"Length":6.61667,"Height":5.298285,"Demand":1.0,"DemandMax":null,"Value":35.05700341095},{"Length":11.07724,"Height":3.159828,"Demand":1.0,"DemandMax":null,"Value":35.00217311472},{"Length":5.585008,"Height":6.204498,"Demand":1.0,"DemandMax":null,"Value":34.652170965984},{"Length":5.797288,"Height":5.966852,"Demand":1.0,"DemandMax":null,"Value":34.591559497376004},{"Length":5.620359,"Height":6.083846,"Demand":1.0,"DemandMax":null,"Value":34.193398620714},{"Length":3.667477,"Height":9.273624,"Demand":1.0,"DemandMax":null,"Value":34.010802726647995},{"Length":7.52477,"Height":4.501557,"Demand":1.0,"DemandMax":null,"Value":33.87318106689},{"Length":5.56477,"Height":5.966852,"Demand":1.0,"DemandMax":null,"Value":33.20415900404},{"Length":3.960376,"Height":8.375032,"Demand":1.0,"DemandMax":null,"Value":33.168275732032},{"Length":5.509165,"Height":5.914056,"Demand":1.0,"DemandMax":null,"Value":32.58151032324},{"Length":10.73214,"Height":3.019935,"Demand":1.0,"DemandMax":null,"Value":32.4103652109},{"Length":5.799644,"Height":5.562915,"Demand":1.0,"DemandMax":null,"Value":32.26292660226},{"Length":3.620983,"Height":8.848639,"Demand":1.0,"DemandMax":null,"Value":32.040771392137},{"Length":6.654501,"Height":4.7863,"Demand":1.0,"DemandMax":null,"Value":31.850438136299996},{"Length":5.002736,"Height":6.364511,"Demand":1.0,"DemandMax":null,"Value":31.839968302096},{"Length":5.620359,"Height":5.660871,"Demand":1.0,"DemandMax":null,"Value":31.816127272689},{"Length":8.935446,"Height":3.488014,"Demand":1.0,"DemandMax":null,"Value":31.166960744244005},{"Length":4.799606,"Height":6.456613,"Demand":1.0,"DemandMax":null,"Value":30.989198494478},{"Length":3.026306,"Height":10.15444,"Demand":1.0,"DemandMax":null,"Value":30.730442698639997},{"Length":6.826264,"Height":4.501557,"Demand":1.0,"DemandMax":null,"Value":30.728816493048},{"Length":6.63832,"Height":4.597264,"Demand":1.0,"DemandMax":null,"Value":30.518109556480002},{"Length":2.844576,"Height":10.71393,"Demand":1.0,"DemandMax":null,"Value":30.476588143679997},{"Length":5.743809,"Height":5.298285,"Demand":1.0,"DemandMax":null,"Value":30.432337067564998},{"Length":5.875643,"Height":5.091285,"Demand":1.0,"DemandMax":null,"Value":29.914573071255003},{"Length":3.300145,"Height":8.973472,"Demand":1.0,"DemandMax":null,"Value":29.61375875344},{"Length":9.423101,"Height":3.125897,"Demand":1.0,"DemandMax":null,"Value":29.455643146597005},{"Length":10.69325,"Height":2.719614,"Demand":1.0,"DemandMax":null,"Value":29.081512405500003},{"Length":3.456941,"Height":8.375032,"Demand":1.0,"DemandMax":null,"Value":28.951991497111997},{"Length":4.430862,"Height":6.345553,"Demand":1.0,"DemandMax":null,"Value":28.116269656686},{"Length":2.693189,"Height":10.349,"Demand":1.0,"DemandMax":null,"Value":27.871812961}]}