{"Name":"Path2_500","Objects":[{"Length":100.0,"Height":100.0,"Stock":null,"Cost":10000.0}],"Items":[{"Length":34.90445,"Height":11.91085,"Demand":1.0,"DemandMax":null,"Value":415.7416682825},{"Length":31.97297,"Height":10.75256,"Demand":1.0,"DemandMax":null,"Value":343.79127830320004},{"Length":30.01731,"Height":10.41985,"Demand":1.0,"DemandMax":null,"Value":312.7758676035},{"Length":29.9662,"Height":7.971724,"Demand":1.0,"DemandMax":null,"Value":238.8822757288},{"Length":23.01153,"Height":10.08496,"Demand":1.0,"DemandMax":null,"Value":232.07035958880002},{"Length":5.550388,"Height":41.06546,"Demand":1.0,"DemandMax":null,"Value":227.92923639848002},{"Length":45.08923,"Height":4.117824,"Demand":1.0,"DemandMax":null,"Value":185.66951343552},{"Length":14.93104,"Height":11.91085,"Demand":1.0,"DemandMax":null,"Value":177.841377784},{"Length":6.625718,"Height":24.24078,"Demand":1.0,"DemandMax":null,"Value":160.61257238004},{"Length":10.52129,"Height":14.57907,"Demand":1.0,"DemandMax":null,"Value":153.3906234003},{"Length":8.737872,"Height":16.33818,"Demand":1.0,"DemandMax":null,"Value":142.76092555296},{"Length":45.08923,"Height":2.579884,"Demand":1.0,"DemandMax":null,"Value":116.32498304932},{"Length":2.410795,"Height":41.06546,"Demand":1.0,"DemandMax":null,"Value":99.0004056407},{"Length":53.93744,"Height":1.8036,"Demand":1.0,"DemandMax":null,"Value":97.281566784},{"Length":12.0616,"Height":7.306538,"Demand":1.0,"DemandMax":null,"Value":88.1285387408},{"Length":6.352502,"Height":13.60251,"Demand":1.0,"DemandMax":null,"Value":86.40997198002},{"Length":8.781623,"Height":9.628727,"Demand":1.0,"DemandMax":null,"Value":84.555850483920992},{"Length":15.02374,"Height":4.842594,"Demand":1.0,"DemandMax":null,"Value":72.75387318156},{"Length":27.06529,"Height":2.639423,"Demand":1.0,"DemandMax":null,"Value":71.43674892767},{"Length":9.839893,"Height":7.227256,"Demand":1.0,"DemandMax":null,"Value":71.115425723608},{"Length":6.981927,"Height":10.13992,"Demand":1.0,"DemandMax":null,"Value":70.79618122584},{"Length":16.38388,"Height":4.260848,"Demand":1.0,"DemandMax":null,"Value":69.80922233024},{"Length":8.709176,"Height":7.817214,"Demand":1.0,"DemandMax":null,"Value":68.081492555664},{"Length":60.35429,"Height":1.113488,"Demand":1.0,"DemandMax":null,"Value":67.20377766352},{"Length":45.08923,"Height":1.438362,"Demand":1.0,"DemandMax":null,"Value":64.85463504126},{"Length":45.08923,"Height":1.413961,"Demand":1.0,"DemandMax":null,"Value":63.75441274003},{"Length":8.715814,"Height":7.174386,"Demand":1.0,"DemandMax":null,"Value":62.530613940204},{"Length":13.49162,"Height":4.467391,"Demand":1.0,"DemandMax":null,"Value":60.27234176342},{"Length":45.08923,"Height":1.331954,"Demand":1.0,"DemandMax":null,"Value":60.05678025542},{"Length":14.03266,"Height":4.145211,"Demand":1.0,"DemandMax":null,"Value":58.168336591259994},{"Length":8.758362,"Height":6.558361,"Demand":1.0,"DemandMax":null,"Value":57.440499764681995},{"Length":18.70287,"Height":3.033779,"Demand":1.0,"DemandMax":null,"Value":56.74037424573},{"Length":45.08923,"Height":1.253789,"Demand":1.0,"DemandMax":null,"Value":56.532380592470005},{"Length":5.224938,"Height":10.75256,"Demand":1.0,"DemandMax":null,"Value":56.181459341280004},{"Length":10.02974,"Height":5.388394,"Demand":1.0,"DemandMax":null,"Value":54.04419083756},{"Length":5.042183,"Height":10.41985,"Demand":1.0,"DemandMax":null,"Value":52.538790532549996},{"Length":45.08923,"Height":1.122934,"Demand":1.0,"DemandMax":null,"Value":50.63222940082},{"Length":43.28394,"Height":1.161253,"Demand":1.0,"DemandMax":null,"Value":50.263605176820008},{"Length":4.101948,"Height":11.91085,"Demand":1.0,"DemandMax":null,"Value":48.8576873358},{"Length":16.03927,"Height":3.024567,"Demand":1.0,"DemandMax":null,"Value":48.511846746089994},{"Length":2.085375,"Height":21.98369,"Demand":1.0,"DemandMax":null,"Value":45.84423753375},{"Length":3.98139,"Height":11.08275,"Demand":1.0,"DemandMax":null,"Value":44.1247500225},{"Length":15.7252,"Height":2.785422,"Demand":1.0,"DemandMax":null,"Value":43.8013180344},{"Length":1.020758,"Height":41.06546,"Demand":1.0,"DemandMax":null,"Value":41.917896818680006},{"Length":9.201056,"Height":4.499227,"Demand":1.0,"DemandMax":null,"Value":41.397639583712},{"Length":1.828833,"Height":21.36767,"Demand":1.0,"DemandMax":null,"Value":39.07790002911},{"Length":6.237009,"Height":5.713317,"Demand":1.0,"DemandMax":null,"Value":35.634009548852994},{"Length":1.071072,"Height":32.84672,"Demand":1.0,"DemandMax":null,"Value":35.18120208384},{"Length":9.491518,"Height":3.623017,"Demand":1.0,"DemandMax":null,"Value":34.387931069805994},{"Length":1.060592,"Height":30.62544,"Demand":1.0,"DemandMax":null,"Value":32.48109666048},{"Length":2.312531,"Height":13.71445,"Demand":1.0,"DemandMax":null,"Value":31.715090772949996},{"Length":27.74656,"Height":1.105761,"Demand":1.0,"DemandMax":null,"Value":30.681063932159997},{"Length":8.919004,"Height":3.406932,"Demand":1.0,"DemandMax":null,"Value":30.386440135727995},{"Length":7.046465,"Height":4.260848,"Demand":1.0,"DemandMax":null,"Value":30.023916302320004},{"Length":9.201056,"Height":3.170932,"Demand":1.0,"DemandMax":null,"Value":29.175922904192},{"Length":4.1041,"Height":6.79818,"Demand":1.0,"DemandMax":null,"Value":27.900410538},{"Length":8.354115,"Height":3.319363,"Demand":1.0,"DemandMax":null,"Value":27.730340228745},{"Length":12.76196,"Height":2.109231,"Demand":1.0,"DemandMax":null,"Value":26.917921652759997},{"Length":8.709176,"Height":3.090404,"Demand":1.0,"DemandMax":null,"Value":26.914872347103998},{"Length":9.493938,"Height":2.831785,"Demand":1.0,"DemandMax":null,"Value":26.88479121933},{"Length":5.516015,"Height":4.863577,"Demand":1.0,"DemandMax":null,"Value":26.827563685655004},{"Length":8.934359,"Height":2.931243,"Demand":1.0,"DemandMax":null,"Value":26.188777278237},{"Length":6.958076,"Height":3.739421,"Demand":1.0,"DemandMax":null,"Value":26.019175513996},{"Length":10.02974,"Height":2.481429,"Demand":1.0,"DemandMax":null,"Value":24.888087698459998},{"Length":8.006681,"Height":3.024567,"Demand":1.0,"DemandMax":null,"Value":24.216743132127},{"Length":16.53124,"Height":1.43675,"Demand":1.0,"DemandMax":null,"Value":23.75125907},{"Length":32.08314,"Height":0.7197784,"Demand":1.0,"DemandMax":null,"Value":23.092751176176},{"Length":0.5085835,"Height":44.68848,"Demand":1.0,"DemandMax":null,"Value":22.727823568079998},{"Length":13.59388,"Height":1.655498,"Demand":1.0,"DemandMax":null,"Value":22.504641152239998},{"Length":12.10662,"Height":1.843845,"Demand":1.0,"DemandMax":null,"Value":22.3227307539},{"Length":6.495608,"Height":3.432395,"Demand":1.0,"DemandMax":null,"Value":22.29549242116},{"Length":11.58655,"Height":1.863314,"Demand":1.0,"DemandMax":null,"Value":21.5893808267},{"Length":5.516015,"Height":3.866526,"Demand":1.0,"DemandMax":null,"Value":21.32781541389},{"Length":38.29614,"Height":0.5477759,"Demand":1.0,"DemandMax":null,"Value":20.977702555026},{"Length":1.474368,"Height":14.06303,"Demand":1.0,"DemandMax":null,"Value":20.73408141504},{"Length":45.08923,"Height":0.4518361,"Demand":1.0,"DemandMax":null,"Value":20.372941835203},{"Length":2.085375,"Height":9.706131,"Demand":1.0,"DemandMax":null,"Value":20.240922934125},{"Length":6.981927,"Height":2.889494,"Demand":1.0,"DemandMax":null,"Value":20.174236174938},{"Length":8.714478,"Height":2.313418,"Demand":1.0,"DemandMax":null,"Value":20.160230265804},{"Length":3.511378,"Height":5.728405,"Demand":1.0,"DemandMax":null,"Value":20.11459529209},{"Length":7.079845,"Height":2.831785,"Demand":1.0,"DemandMax":null,"Value":20.048598873325},{"Length":1.589056,"Height":12.60865,"Demand":1.0,"DemandMax":null,"Value":20.035850934400003},{"Length":2.710529,"Height":7.353778,"Demand":1.0,"DemandMax":null,"Value":19.932628528562002},{"Length":16.57378,"Height":1.172596,"Demand":1.0,"DemandMax":null,"Value":19.43434813288},{"Length":1.175776,"Height":16.25883,"Demand":1.0,"DemandMax":null,"Value":19.11674210208},{"Length":6.440134,"Height":2.925449,"Demand":1.0,"DemandMax":null,"Value":18.840283570165997},{"Length":1.834111,"Height":10.22346,"Demand":1.0,"DemandMax":null,"Value":18.75096044406},{"Length":6.237009,"Height":2.989848,"Demand":1.0,"DemandMax":null,"Value":18.647708884632},{"Length":5.777767,"Height":3.154658,"Demand":1.0,"DemandMax":null,"Value":18.226878888686},{"Length":5.961564,"Height":3.045987,"Demand":1.0,"DemandMax":null,"Value":18.158846443668},{"Length":8.615105,"Height":2.101274,"Demand":1.0,"DemandMax":null,"Value":18.10269614377},{"Length":4.460524,"Height":4.053853,"Demand":1.0,"DemandMax":null,"Value":18.082308598972002},{"Length":7.1137,"Height":2.538024,"Demand":1.0,"DemandMax":null,"Value":18.0547413288},{"Length":1.899768,"Height":9.450662,"Demand":1.0,"DemandMax":null,"Value":17.954065246415997},{"Length":5.452122,"Height":3.253398,"Demand":1.0,"DemandMax":null,"Value":17.737922810556},{"Length":12.76196,"Height":1.383128,"Demand":1.0,"DemandMax":null,"Value":17.65142421088},{"Length":12.26174,"Height":1.437563,"Demand":1.0,"DemandMax":null,"Value":17.62702373962},{"Length":1.446682,"Height":11.9022,"Demand":1.0,"DemandMax":null,"Value":17.218698500400002},{"Length":1.91976,"Height":8.850668,"Demand":1.0,"DemandMax":null,"Value":16.99115839968},{"Length":2.589419,"Height":6.44057,"Demand":1.0,"DemandMax":null,"Value":16.67733432883},{"Length":20.9734,"Height":0.7902132,"Demand":1.0,"DemandMax":null,"Value":16.57345752888},{"Length":27.06529,"Height":0.607136,"Demand":1.0,"DemandMax":null,"Value":16.43231190944},{"Length":22.21516,"Height":0.7395194,"Demand":1.0,"DemandMax":null,"Value":16.428541794104003},{"Length":8.392674,"Height":1.956214,"Demand":1.0,"DemandMax":null,"Value":16.417866376236},{"Length":4.955759,"Height":3.265856,"Demand":1.0,"DemandMax":null,"Value":16.184795264703997},{"Length":2.885914,"Height":5.503036,"Demand":1.0,"DemandMax":null,"Value":15.881288634904},{"Length":8.448942,"Height":1.863314,"Demand":1.0,"DemandMax":null,"Value":15.743031913788},{"Length":8.170692,"Height":1.913277,"Demand":1.0,"DemandMax":null,"Value":15.632797077684},{"Length":6.110979,"Height":2.550023,"Demand":1.0,"DemandMax":null,"Value":15.583137002517},{"Length":8.155201,"Height":1.878132,"Demand":1.0,"DemandMax":null,"Value":15.316543964531999},{"Length":3.568719,"Height":4.260848,"Demand":1.0,"DemandMax":null,"Value":15.205769213712001},{"Length":23.6571,"Height":0.641857,"Demand":1.0,"DemandMax":null,"Value":15.1844752347},{"Length":1.743268,"Height":8.643417,"Demand":1.0,"DemandMax":null,"Value":15.067792266756},{"Length":16.70074,"Height":0.8920804,"Demand":1.0,"DemandMax":null,"Value":14.898402819495999},{"Length":1.573736,"Height":9.450662,"Demand":1.0,"DemandMax":null,"Value":14.872847013231999},{"Length":2.10477,"Height":7.045364,"Demand":1.0,"DemandMax":null,"Value":14.82887078628},{"Length":7.405895,"Height":2.000638,"Demand":1.0,"DemandMax":null,"Value":14.81651496101},{"Length":2.888972,"Height":5.119157,"Demand":1.0,"DemandMax":null,"Value":14.789101236604},{"Length":1.074265,"Height":13.71445,"Demand":1.0,"DemandMax":null,"Value":14.73295362925},{"Length":6.426108,"Height":2.292104,"Demand":1.0,"DemandMax":null,"Value":14.729307851232},{"Length":5.898463,"Height":2.495973,"Demand":1.0,"DemandMax":null,"Value":14.722404389499001},{"Length":18.61601,"Height":0.7902132,"Demand":1.0,"DemandMax":null,"Value":14.710616833331999},{"Length":1.175776,"Height":12.50852,"Demand":1.0,"DemandMax":null,"Value":14.70721761152},{"Length":12.23114,"Height":1.202306,"Demand":1.0,"DemandMax":null,"Value":14.705573008840002},{"Length":3.663598,"Height":3.986354,"Demand":1.0,"DemandMax":null,"Value":14.604398541692},{"Length":26.24634,"Height":0.5554978,"Demand":1.0,"DemandMax":null,"Value":14.579784128052001},{"Length":19.6968,"Height":0.7395194,"Demand":1.0,"DemandMax":null,"Value":14.56616571792},{"Length":8.885029,"Height":1.638859,"Demand":1.0,"DemandMax":null,"Value":14.561309741911},{"Length":1.848333,"Height":7.828358,"Demand":1.0,"DemandMax":null,"Value":14.469412427214},{"Length":19.576,"Height":0.7357965,"Demand":1.0,"DemandMax":null,"Value":14.403952283999999},{"Length":8.656465,"Height":1.655498,"Demand":1.0,"DemandMax":null,"Value":14.33076049457},{"Length":30.67774,"Height":0.4664991,"Demand":1.0,"DemandMax":null,"Value":14.311138100034},{"Length":12.30161,"Height":1.15874,"Demand":1.0,"DemandMax":null,"Value":14.254367571400001},{"Length":0.5378382,"Height":26.46573,"Demand":1.0,"DemandMax":null,"Value":14.234280584886001},{"Length":0.8035044,"Height":17.5963,"Demand":1.0,"DemandMax":null,"Value":14.138704473719999},{"Length":1.591617,"Height":8.850668,"Demand":1.0,"DemandMax":null,"Value":14.086873650156},{"Length":13.85751,"Height":1.016108,"Demand":1.0,"DemandMax":null,"Value":14.08072677108},{"Length":15.17964,"Height":0.9273012,"Demand":1.0,"DemandMax":null,"Value":14.076098387568},{"Length":16.70074,"Height":0.8419852,"Demand":1.0,"DemandMax":null,"Value":14.061775909048},{"Length":8.958455,"Height":1.568887,"Demand":1.0,"DemandMax":null,"Value":14.054803589585001},{"Length":13.82227,"Height":1.016108,"Demand":1.0,"DemandMax":null,"Value":14.04491912516},{"Length":3.106111,"Height":4.521583,"Demand":1.0,"DemandMax":null,"Value":14.044538693712998},{"Length":4.871503,"Height":2.870818,"Demand":1.0,"DemandMax":null,"Value":13.985198499453999},{"Length":12.30161,"Height":1.131204,"Demand":1.0,"DemandMax":null,"Value":13.915630438440001},{"Length":29.96912,"Height":0.4626485,"Demand":1.0,"DemandMax":null,"Value":13.865168414320001},{"Length":4.245298,"Height":3.265856,"Demand":1.0,"DemandMax":null,"Value":13.864531945088},{"Length":0.7821847,"Height":17.60793,"Demand":1.0,"DemandMax":null,"Value":13.772653444670999},{"Length":7.375537,"Height":1.863314,"Demand":1.0,"DemandMax":null,"Value":13.742941349617999},{"Length":5.516015,"Height":2.481257,"Demand":1.0,"DemandMax":null,"Value":13.686650830855},{"Length":13.41027,"Height":1.016108,"Demand":1.0,"DemandMax":null,"Value":13.62628262916},{"Length":3.353292,"Height":4.053853,"Demand":1.0,"DemandMax":null,"Value":13.593752834076001},{"Length":2.230344,"Height":6.085817,"Demand":1.0,"DemandMax":null,"Value":13.573465431048},{"Length":4.478269,"Height":3.024567,"Demand":1.0,"DemandMax":null,"Value":13.544824634523},{"Length":28.04634,"Height":0.4828078,"Demand":1.0,"DemandMax":null,"Value":13.540991713452002},{"Length":1.828833,"Height":7.399683,"Demand":1.0,"DemandMax":null,"Value":13.532784459938998},{"Length":3.172153,"Height":4.258084,"Demand":1.0,"DemandMax":null,"Value":13.507293934852},{"Length":17.65494,"Height":0.7636353,"Demand":1.0,"DemandMax":null,"Value":13.481935403382},{"Length":2.570359,"Height":5.241195,"Demand":1.0,"DemandMax":null,"Value":13.471752739005},{"Length":1.761714,"Height":7.641538,"Demand":1.0,"DemandMax":null,"Value":13.462204476132},{"Length":1.210181,"Height":11.08275,"Demand":1.0,"DemandMax":null,"Value":13.41213347775},{"Length":9.923037,"Height":1.349191,"Demand":1.0,"DemandMax":null,"Value":13.388072213067002},{"Length":3.172153,"Height":4.202591,"Demand":1.0,"DemandMax":null,"Value":13.331261648422998},{"Length":1.561281,"Height":8.487754,"Demand":1.0,"DemandMax":null,"Value":13.251769052874},{"Length":22.25034,"Height":0.5918179,"Demand":1.0,"DemandMax":null,"Value":13.168149493086},{"Length":1.774963,"Height":7.380619,"Demand":1.0,"DemandMax":null,"Value":13.100325642097001},{"Length":2.487099,"Height":5.24415,"Demand":1.0,"DemandMax":null,"Value":13.042720220850002},{"Length":24.83548,"Height":0.516862,"Demand":1.0,"DemandMax":null,"Value":12.83651586376},{"Length":6.237009,"Height":2.049397,"Demand":1.0,"DemandMax":null,"Value":12.782107533572999},{"Length":0.6825023,"Height":18.72429,"Demand":1.0,"DemandMax":null,"Value":12.779370990867},{"Length":21.15508,"Height":0.6037274,"Demand":1.0,"DemandMax":null,"Value":12.771901445192002},{"Length":6.852828,"Height":1.863314,"Demand":1.0,"DemandMax":null,"Value":12.768970351992},{"Length":23.1566,"Height":0.5494449,"Demand":1.0,"DemandMax":null,"Value":12.72327577134},{"Length":0.4137765,"Height":30.62544,"Demand":1.0,"DemandMax":null,"Value":12.67208737416},{"Length":2.970056,"Height":4.260848,"Demand":1.0,"DemandMax":null,"Value":12.654957167488},{"Length":0.7553082,"Height":16.70474,"Demand":1.0,"DemandMax":null,"Value":12.617227100868},{"Length":2.230344,"Height":5.623847,"Demand":1.0,"DemandMax":null,"Value":12.543113413368},{"Length":0.535349,"Height":23.40252,"Demand":1.0,"DemandMax":null,"Value":12.528515679479998},{"Length":2.767991,"Height":4.521583,"Demand":1.0,"DemandMax":null,"Value":12.515701049752998},{"Length":2.877758,"Height":4.347782,"Demand":1.0,"DemandMax":null,"Value":12.511864432756},{"Length":15.78559,"Height":0.7902132,"Demand":1.0,"DemandMax":null,"Value":12.473981587787998},{"Length":0.9187143,"Height":13.57743,"Demand":1.0,"DemandMax":null,"Value":12.473779098248999},{"Length":4.525245,"Height":2.736757,"Demand":1.0,"DemandMax":null,"Value":12.384495930464999},{"Length":1.676289,"Height":7.380619,"Demand":1.0,"DemandMax":null,"Value":12.372050442891},{"Length":4.070005,"Height":3.024567,"Demand":1.0,"DemandMax":null,"Value":12.310002812835},{"Length":3.663598,"Height":3.320184,"Demand":1.0,"DemandMax":null,"Value":12.163819462031999},{"Length":21.48937,"Height":0.5660064,"Demand":1.0,"DemandMax":null,"Value":12.163120951968},{"Length":0.5095771,"Height":23.84424,"Demand":1.0,"DemandMax":null,"Value":12.150478670904},{"Length":0.7821847,"Height":15.50023,"Demand":1.0,"DemandMax":null,"Value":12.124042752481},{"Length":12.26174,"Height":0.9878868,"Demand":1.0,"DemandMax":null,"Value":12.113211091032},{"Length":2.22963,"Height":5.429909,"Demand":1.0,"DemandMax":null,"Value":12.10668800367},{"Length":8.758362,"Height":1.381156,"Demand":1.0,"DemandMax":null,"Value":12.096664226472},{"Length":0.366868,"Height":32.84672,"Demand":1.0,"DemandMax":null,"Value":12.05041047296},{"Length":6.304934,"Height":1.906646,"Demand":1.0,"DemandMax":null,"Value":12.021277191364002},{"Length":16.57378,"Height":0.723638,"Demand":1.0,"DemandMax":null,"Value":11.99341701164},{"Length":6.371675,"Height":1.879111,"Demand":1.0,"DemandMax":null,"Value":11.973084580924999},{"Length":11.78204,"Height":1.016108,"Demand":1.0,"DemandMax":null,"Value":11.97182510032},{"Length":1.834111,"Height":6.481282,"Demand":1.0,"DemandMax":null,"Value":11.887390610302},{"Length":2.258179,"Height":5.24415,"Demand":1.0,"DemandMax":null,"Value":11.842229402850002},{"Length":4.648369,"Height":2.538024,"Demand":1.0,"DemandMax":null,"Value":11.797672082856},{"Length":4.912358,"Height":2.40032,"Demand":1.0,"DemandMax":null,"Value":11.79123115456},{"Length":7.350694,"Height":1.601298,"Demand":1.0,"DemandMax":null,"Value":11.770651600812},{"Length":8.826586,"Height":1.333257,"Demand":1.0,"DemandMax":null,"Value":11.768107570602},{"Length":9.345236,"Height":1.258605,"Demand":1.0,"DemandMax":null,"Value":11.761960755779999},{"Length":4.896481,"Height":2.40032,"Demand":1.0,"DemandMax":null,"Value":11.753121273919998},{"Length":12.23114,"Height":0.9602777,"Demand":1.0,"DemandMax":null,"Value":11.745290987578},{"Length":0.9315405,"Height":12.57627,"Demand":1.0,"DemandMax":null,"Value":11.715304843935},{"Length":5.214631,"Height":2.244344,"Demand":1.0,"DemandMax":null,"Value":11.703425797063998},{"Length":6.168992,"Height":1.895524,"Demand":1.0,"DemandMax":null,"Value":11.693472391808001},{"Length":4.871494,"Height":2.40032,"Demand":1.0,"DemandMax":null,"Value":11.693144478079999},{"Length":8.620253,"Height":1.349191,"Demand":1.0,"DemandMax":null,"Value":11.630367765323},{"Length":12.46443,"Height":0.9321505,"Demand":1.0,"DemandMax":null,"Value":11.618724656715},{"Length":9.198053,"Height":1.258605,"Demand":1.0,"DemandMax":null,"Value":11.576715496064999},{"Length":20.50444,"Height":0.5625474,"Demand":1.0,"DemandMax":null,"Value":11.534719410456},{"Length":0.472573,"Height":24.39906,"Demand":1.0,"DemandMax":null,"Value":11.53033698138},{"Length":0.9167929,"Height":12.57627,"Demand":1.0,"DemandMax":null,"Value":11.529835044482999},{"Length":16.24533,"Height":0.7063141,"Demand":1.0,"DemandMax":null,"Value":11.474305638152998},{"Length":2.18627,"Height":5.241195,"Demand":1.0,"DemandMax":null,"Value":11.45866739265},{"Length":10.10321,"Height":1.128896,"Demand":1.0,"DemandMax":null,"Value":11.40547335616},{"Length":0.535349,"Height":21.28596,"Demand":1.0,"DemandMax":null,"Value":11.39541740004},{"Length":1.34255,"Height":8.487754,"Demand":1.0,"DemandMax":null,"Value":11.3952341327},{"Length":6.426108,"Height":1.761749,"Demand":1.0,"DemandMax":null,"Value":11.321189342892},{"Length":22.25034,"Height":0.5077462,"Demand":1.0,"DemandMax":null,"Value":11.297525583708001},{"Length":1.743268,"Height":6.479324,"Demand":1.0,"DemandMax":null,"Value":11.295198190832},{"Length":3.234054,"Height":3.49236,"Demand":1.0,"DemandMax":null,"Value":11.294480827440001},{"Length":13.60765,"Height":0.8264943,"Demand":1.0,"DemandMax":null,"Value":11.246645161395},{"Length":5.966744,"Height":1.879111,"Demand":1.0,"DemandMax":null,"Value":11.212174284584},{"Length":6.84017,"Height":1.638859,"Demand":1.0,"DemandMax":null,"Value":11.21007416603},{"Length":6.325084,"Height":1.77073,"Demand":1.0,"DemandMax":null,"Value":11.20001599132},{"Length":19.74498,"Height":0.5660064,"Demand":1.0,"DemandMax":null,"Value":11.175785047872},{"Length":1.180758,"Height":9.450662,"Demand":1.0,"DemandMax":null,"Value":11.158944761795999},{"Length":1.185571,"Height":9.38314,"Demand":1.0,"DemandMax":null,"Value":11.124378672939999},{"Length":6.310793,"Height":1.761922,"Demand":1.0,"DemandMax":null,"Value":11.119125024146001},{"Length":4.060647,"Height":2.736757,"Demand":1.0,"DemandMax":null,"Value":11.113004101779001},{"Length":8.316988,"Height":1.334234,"Demand":1.0,"DemandMax":null,"Value":11.096808167192},{"Length":2.648411,"Height":4.185468,"Demand":1.0,"DemandMax":null,"Value":11.084839491348},{"Length":6.310793,"Height":1.755635,"Demand":1.0,"DemandMax":null,"Value":11.079449068555},{"Length":0.7316022,"Height":15.12274,"Demand":1.0,"DemandMax":null,"Value":11.063829854028},{"Length":1.839395,"Height":5.983424,"Demand":1.0,"DemandMax":null,"Value":11.005880188479999},{"Length":8.737872,"Height":1.258127,"Demand":1.0,"DemandMax":null,"Value":10.993352685744},{"Length":2.22963,"Height":4.927717,"Demand":1.0,"DemandMax":null,"Value":10.986985654709999},{"Length":1.830465,"Height":5.983424,"Demand":1.0,"DemandMax":null,"Value":10.95244821216},{"Length":32.14409,"Height":0.340669,"Demand":1.0,"DemandMax":null,"Value":10.950494996209999},{"Length":4.781449,"Height":2.287181,"Demand":1.0,"DemandMax":null,"Value":10.936039305269},{"Length":2.665326,"Height":4.098382,"Demand":1.0,"DemandMax":null,"Value":10.923524102532},{"Length":6.325084,"Height":1.72163,"Demand":1.0,"DemandMax":null,"Value":10.88945436692},{"Length":4.1041,"Height":2.652482,"Demand":1.0,"DemandMax":null,"Value":10.8860513762},{"Length":4.246771,"Height":2.544605,"Demand":1.0,"DemandMax":null,"Value":10.806354720455},{"Length":2.665326,"Height":4.051075,"Demand":1.0,"DemandMax":null,"Value":10.79743552545},{"Length":16.994,"Height":0.6345639,"Demand":1.0,"DemandMax":null,"Value":10.7837789166},{"Length":2.888972,"Height":3.726385,"Demand":1.0,"DemandMax":null,"Value":10.76542192622},{"Length":3.547476,"Height":3.033779,"Demand":1.0,"DemandMax":null,"Value":10.762258191804},{"Length":32.14409,"Height":0.3347772,"Demand":1.0,"DemandMax":null,"Value":10.761108446747999},{"Length":9.201056,"Height":1.163896,"Demand":1.0,"DemandMax":null,"Value":10.709072274176},{"Length":3.149724,"Height":3.392851,"Demand":1.0,"DemandMax":null,"Value":10.686544223123999},{"Length":2.506778,"Height":4.253015,"Demand":1.0,"DemandMax":null,"Value":10.661364435670002},{"Length":2.22963,"Height":4.765116,"Demand":1.0,"DemandMax":null,"Value":10.624445587079999},{"Length":27.87838,"Height":0.3807148,"Demand":1.0,"DemandMax":null,"Value":10.613711866024001},{"Length":19.11994,"Height":0.554679,"Demand":1.0,"DemandMax":null,"Value":10.60542919926},{"Length":20.70152,"Height":0.5106308,"Demand":1.0,"DemandMax":null,"Value":10.570833718816},{"Length":2.560517,"Height":4.121825,"Demand":1.0,"DemandMax":null,"Value":10.554002983525},{"Length":7.874153,"Height":1.333257,"Demand":1.0,"DemandMax":null,"Value":10.498269606321},{"Length":20.53284,"Height":0.5106308,"Demand":1.0,"DemandMax":null,"Value":10.484700515472001},{"Length":1.840312,"Height":5.692153,"Demand":1.0,"DemandMax":null,"Value":10.475337471736},{"Length":20.25376,"Height":0.516862,"Demand":1.0,"DemandMax":null,"Value":10.46839890112},{"Length":32.14409,"Height":0.3251238,"Demand":1.0,"DemandMax":null,"Value":10.450808688342},{"Length":6.958076,"Height":1.501774,"Demand":1.0,"DemandMax":null,"Value":10.449457626824},{"Length":13.21911,"Height":0.7902132,"Demand":1.0,"DemandMax":null,"Value":10.445915214252},{"Length":13.49162,"Height":0.7738038,"Demand":1.0,"DemandMax":null,"Value":10.439866824156},{"Length":8.392674,"Height":1.241716,"Demand":1.0,"DemandMax":null,"Value":10.421317588584},{"Length":12.4311,"Height":0.8378335,"Demand":1.0,"DemandMax":null,"Value":10.41519202185},{"Length":0.3616889,"Height":28.76735,"Demand":1.0,"DemandMax":null,"Value":10.404831177415},{"Length":5.967418,"Height":1.738931,"Demand":1.0,"DemandMax":null,"Value":10.376928150158001},{"Length":3.168612,"Height":3.253398,"Demand":1.0,"DemandMax":null,"Value":10.308755943576},{"Length":3.830143,"Height":2.689651,"Demand":1.0,"DemandMax":null,"Value":10.301747950093},{"Length":6.479891,"Height":1.586628,"Demand":1.0,"DemandMax":null,"Value":10.281176497548},{"Length":3.846087,"Height":2.669809,"Demand":1.0,"DemandMax":null,"Value":10.268317687382998},{"Length":3.580057,"Height":2.866425,"Demand":1.0,"DemandMax":null,"Value":10.261964886225},{"Length":15.7252,"Height":0.6509688,"Demand":1.0,"DemandMax":null,"Value":10.236614573759999},{"Length":4.237546,"Height":2.40032,"Demand":1.0,"DemandMax":null,"Value":10.17146641472},{"Length":22.06049,"Height":0.4606299,"Demand":1.0,"DemandMax":null,"Value":10.161721302651001},{"Length":9.558002,"Height":1.062,"Demand":1.0,"DemandMax":null,"Value":10.150598124},{"Length":1.185571,"Height":8.55915,"Demand":1.0,"DemandMax":null,"Value":10.147480024650001},{"Length":21.15605,"Height":0.4783116,"Demand":1.0,"DemandMax":null,"Value":10.11918412518},{"Length":16.994,"Height":0.5948014,"Demand":1.0,"DemandMax":null,"Value":10.108054991600001},{"Length":8.516685,"Height":1.180842,"Demand":1.0,"DemandMax":null,"Value":10.05685934877},{"Length":2.085375,"Height":4.8183,"Demand":1.0,"DemandMax":null,"Value":10.0479623625},{"Length":8.354115,"Height":1.20222,"Demand":1.0,"DemandMax":null,"Value":10.0434841353},{"Length":8.934359,"Height":1.12261,"Demand":1.0,"DemandMax":null,"Value":10.029800756990001},{"Length":8.477319,"Height":1.180842,"Demand":1.0,"DemandMax":null,"Value":10.010374322597999},{"Length":3.918762,"Height":2.550023,"Demand":1.0,"DemandMax":null,"Value":9.9929332315259991},{"Length":13.60765,"Height":0.7340837,"Demand":1.0,"DemandMax":null,"Value":9.989154060305},{"Length":1.185571,"Height":8.424116,"Demand":1.0,"DemandMax":null,"Value":9.9873876302359985},{"Length":19.11994,"Height":0.5219582,"Demand":1.0,"DemandMax":null,"Value":9.979809466508},{"Length":3.645248,"Height":2.736757,"Demand":1.0,"DemandMax":null,"Value":9.976157980736},{"Length":10.70193,"Height":0.9321505,"Demand":1.0,"DemandMax":null,"Value":9.9758094004650015},{"Length":15.7252,"Height":0.6333928,"Demand":1.0,"DemandMax":null,"Value":9.96022845856},{"Length":16.64682,"Height":0.5977219,"Demand":1.0,"DemandMax":null,"Value":9.9501688793580012},{"Length":10.7191,"Height":0.9273012,"Demand":1.0,"DemandMax":null,"Value":9.93983429292},{"Length":0.8958858,"Height":11.08275,"Demand":1.0,"DemandMax":null,"Value":9.92887834995},{"Length":27.87838,"Height":0.3550817,"Demand":1.0,"DemandMax":null,"Value":9.899102563646},{"Length":0.5618376,"Height":17.5963,"Demand":1.0,"DemandMax":null,"Value":9.88626296088},{"Length":8.279525,"Height":1.193993,"Demand":1.0,"DemandMax":null,"Value":9.885694893325},{"Length":10.58835,"Height":0.9321505,"Demand":1.0,"DemandMax":null,"Value":9.869935746675},{"Length":8.781623,"Height":1.123835,"Demand":1.0,"DemandMax":null,"Value":9.8690952842049988},{"Length":21.78755,"Height":0.4527942,"Demand":1.0,"DemandMax":null,"Value":9.86527627221},{"Length":0.5378382,"Height":18.22275,"Demand":1.0,"DemandMax":null,"Value":9.8008910590500022},{"Length":3.830143,"Height":2.5545,"Demand":1.0,"DemandMax":null,"Value":9.7841002935},{"Length":1.858964,"Height":5.241195,"Demand":1.0,"DemandMax":null,"Value":9.743192821980001},{"Length":1.589056,"Height":6.115636,"Demand":1.0,"DemandMax":null,"Value":9.718088079616},{"Length":1.372141,"Height":7.045364,"Demand":1.0,"DemandMax":null,"Value":9.6672328043240014},{"Length":17.65494,"Height":0.5471165,"Demand":1.0,"DemandMax":null,"Value":9.65930898051},{"Length":9.839893,"Height":0.9805244,"Demand":1.0,"DemandMax":null,"Value":9.6482551798892},{"Length":9.839893,"Height":0.9797299,"Demand":1.0,"DemandMax":null,"Value":9.6404373849007},{"Length":2.703743,"Height":3.557973,"Demand":1.0,"DemandMax":null,"Value":9.619844592939},{"Length":4.466307,"Height":2.147413,"Demand":1.0,"DemandMax":null,"Value":9.5910057137909988},{"Length":0.472573,"Height":20.28941,"Demand":1.0,"DemandMax":null,"Value":9.58822735193},{"Length":1.624036,"Height":5.859088,"Demand":1.0,"DemandMax":null,"Value":9.515369839168},{"Length":9.839893,"Height":0.9668532,"Demand":1.0,"DemandMax":null,"Value":9.5137320347076},{"Length":6.658513,"Height":1.427848,"Demand":1.0,"DemandMax":null,"Value":9.507344470024},{"Length":2.085375,"Height":4.558495,"Demand":1.0,"DemandMax":null,"Value":9.506171510625},{"Length":9.839893,"Height":0.9605437,"Demand":1.0,"DemandMax":null,"Value":9.4516472298241},{"Length":17.65494,"Height":0.5330932,"Demand":1.0,"DemandMax":null,"Value":9.4117284604080016},{"Length":6.138494,"Height":1.531835,"Demand":1.0,"DemandMax":null,"Value":9.40315995649},{"Length":2.768051,"Height":3.392851,"Demand":1.0,"DemandMax":null,"Value":9.3915846034009984},{"Length":16.22319,"Height":0.576123,"Demand":1.0,"DemandMax":null,"Value":9.346552892370001},{"Length":20.27113,"Height":0.4608021,"Demand":1.0,"DemandMax":null,"Value":9.340979273373},{"Length":2.087485,"Height":4.446914,"Demand":1.0,"DemandMax":null,"Value":9.2828662712899988},{"Length":15.46668,"Height":0.5977219,"Demand":1.0,"DemandMax":null,"Value":9.244773356292},{"Length":15.7252,"Height":0.5873327,"Demand":1.0,"DemandMax":null,"Value":9.23592417404},{"Length":4.033729,"Height":2.287181,"Demand":1.0,"DemandMax":null,"Value":9.225868327949},{"Length":10.2263,"Height":0.9005284,"Demand":1.0,"DemandMax":null,"Value":9.20907357692},{"Length":4.414558,"Height":2.078528,"Demand":1.0,"DemandMax":null,"Value":9.175782410624},{"Length":2.611926,"Height":3.508625,"Demand":1.0,"DemandMax":null,"Value":9.16426886175},{"Length":4.635452,"Height":1.975703,"Demand":1.0,"DemandMax":null,"Value":9.158276422756},{"Length":4.40062,"Height":2.078528,"Demand":1.0,"DemandMax":null,"Value":9.14681188736},{"Length":8.279525,"Height":1.103688,"Demand":1.0,"DemandMax":null,"Value":9.1380123882},{"Length":3.659539,"Height":2.495973,"Demand":1.0,"DemandMax":null,"Value":9.134110536447},{"Length":3.01941,"Height":3.024567,"Demand":1.0,"DemandMax":null,"Value":9.13240784547},{"Length":2.602705,"Height":3.508625,"Demand":1.0,"DemandMax":null,"Value":9.131915830625},{"Length":2.996891,"Height":3.045987,"Demand":1.0,"DemandMax":null,"Value":9.128491026417},{"Length":12.66732,"Height":0.7197784,"Demand":1.0,"DemandMax":null,"Value":9.117663321888001},{"Length":3.110796,"Height":2.925449,"Demand":1.0,"DemandMax":null,"Value":9.100475047404},{"Length":5.212846,"Height":1.738931,"Demand":1.0,"DemandMax":null,"Value":9.064779507626},{"Length":0.7821847,"Height":11.58032,"Demand":1.0,"DemandMax":null,"Value":9.057949125103999},{"Length":0.9599034,"Height":9.430588,"Demand":1.0,"DemandMax":null,"Value":9.0524534851992},{"Length":5.61216,"Height":1.609247,"Demand":1.0,"DemandMax":null,"Value":9.03135164352},{"Length":4.816693,"Height":1.863314,"Demand":1.0,"DemandMax":null,"Value":8.975011500602},{"Length":2.163985,"Height":4.121825,"Demand":1.0,"DemandMax":null,"Value":8.919567472625},{"Length":2.906811,"Height":3.05197,"Demand":1.0,"DemandMax":null,"Value":8.87149996767},{"Length":0.5095771,"Height":17.22122,"Demand":1.0,"DemandMax":null,"Value":8.7755393460619988},{"Length":5.432188,"Height":1.614539,"Demand":1.0,"DemandMax":null,"Value":8.770479381332},{"Length":2.870955,"Height":3.05197,"Demand":1.0,"DemandMax":null,"Value":8.76206853135},{"Length":11.73359,"Height":0.7461318,"Demand":1.0,"DemandMax":null,"Value":8.754804627162},{"Length":1.789771,"Height":4.847131,"Demand":1.0,"DemandMax":null,"Value":8.675254497001},{"Length":4.635452,"Height":1.846557,"Demand":1.0,"DemandMax":null,"Value":8.559626338764},{"Length":16.57378,"Height":0.5161321,"Demand":1.0,"DemandMax":null,"Value":8.554259876338},{"Length":11.82602,"Height":0.7197784,"Demand":1.0,"DemandMax":null,"Value":8.512113753968},{"Length":3.656478,"Height":2.327255,"Demand":1.0,"DemandMax":null,"Value":8.50955670789},{"Length":1.365546,"Height":6.223649,"Demand":1.0,"DemandMax":null,"Value":8.498678997354},{"Length":7.674834,"Height":1.105761,"Demand":1.0,"DemandMax":null,"Value":8.486532118673999},{"Length":1.624036,"Height":5.223658,"Demand":1.0,"DemandMax":null,"Value":8.4834086436880014},{"Length":12.23114,"Height":0.692803,"Demand":1.0,"DemandMax":null,"Value":8.47377048542},{"Length":0.4863259,"Height":17.34065,"Demand":1.0,"DemandMax":null,"Value":8.433207217835},{"Length":2.880165,"Height":2.925449,"Demand":1.0,"DemandMax":null,"Value":8.4257758190849987},{"Length":4.246771,"Height":1.976978,"Demand":1.0,"DemandMax":null,"Value":8.395772838037999},{"Length":5.187519,"Height":1.618396,"Demand":1.0,"DemandMax":null,"Value":8.395459999524},{"Length":1.344983,"Height":6.223649,"Demand":1.0,"DemandMax":null,"Value":8.370702102967},{"Length":3.44619,"Height":2.414429,"Demand":1.0,"DemandMax":null,"Value":8.32058107551},{"Length":1.19575,"Height":6.952699,"Demand":1.0,"DemandMax":null,"Value":8.31368982925},{"Length":0.8804088,"Height":9.430588,"Demand":1.0,"DemandMax":null,"Value":8.3027726643744},{"Length":8.392674,"Height":0.9875384,"Demand":1.0,"DemandMax":null,"Value":8.2880878536816},{"Length":3.261667,"Height":2.538024,"Demand":1.0,"DemandMax":null,"Value":8.278189126008},{"Length":8.170692,"Height":1.010262,"Demand":1.0,"DemandMax":null,"Value":8.2545396413040013},{"Length":5.772583,"Height":1.427848,"Demand":1.0,"DemandMax":null,"Value":8.242371091384},{"Length":0.7348629,"Height":11.21136,"Demand":1.0,"DemandMax":null,"Value":8.238812522544},{"Length":17.04289,"Height":0.4828078,"Demand":1.0,"DemandMax":null,"Value":8.228440226542},{"Length":5.719099,"Height":1.43675,"Demand":1.0,"DemandMax":null,"Value":8.21691548825},{"Length":0.7310495,"Height":11.21136,"Demand":1.0,"DemandMax":null,"Value":8.1960591223200012},{"Length":12.4311,"Height":0.6562358,"Demand":1.0,"DemandMax":null,"Value":8.15773285338},{"Length":10.30347,"Height":0.7902132,"Demand":1.0,"DemandMax":null,"Value":8.141937999804},{"Length":2.155116,"Height":3.77073,"Demand":1.0,"DemandMax":null,"Value":8.12636055468},{"Length":6.304934,"Height":1.280918,"Demand":1.0,"DemandMax":null,"Value":8.076103449412},{"Length":8.714478,"Height":0.9252377,"Demand":1.0,"DemandMax":null,"Value":8.0629635814206},{"Length":5.021597,"Height":1.601298,"Demand":1.0,"DemandMax":null,"Value":8.0410732329060011},{"Length":1.974923,"Height":4.053853,"Demand":1.0,"DemandMax":null,"Value":8.006047528319},{"Length":1.453743,"Height":5.503036,"Demand":1.0,"DemandMax":null,"Value":8.000000063748},{"Length":4.915696,"Height":1.618396,"Demand":1.0,"DemandMax":null,"Value":7.9555427436159993},{"Length":0.4294841,"Height":18.45501,"Demand":1.0,"DemandMax":null,"Value":7.9261333603410007},{"Length":2.643627,"Height":2.995974,"Demand":1.0,"DemandMax":null,"Value":7.920237757698},{"Length":1.43811,"Height":5.503036,"Demand":1.0,"DemandMax":null,"Value":7.91397110196},{"Length":2.09516,"Height":3.77073,"Demand":1.0,"DemandMax":null,"Value":7.9002826668},{"Length":1.222969,"Height":6.454488,"Demand":1.0,"DemandMax":null,"Value":7.893638734871999},{"Length":12.4311,"Height":0.6329449,"Demand":1.0,"DemandMax":null,"Value":7.8682013463900011},{"Length":1.130212,"Height":6.952699,"Demand":1.0,"DemandMax":null,"Value":7.8580238421879995},{"Length":10.51675,"Height":0.7461318,"Demand":1.0,"DemandMax":null,"Value":7.84688160765},{"Length":15.05504,"Height":0.520747,"Demand":1.0,"DemandMax":null,"Value":7.8398669148799991},{"Length":1.848333,"Height":4.240905,"Demand":1.0,"DemandMax":null,"Value":7.8386046613649993},{"Length":4.203393,"Height":1.863314,"Demand":1.0,"DemandMax":null,"Value":7.832241024402},{"Length":2.665326,"Height":2.933289,"Demand":1.0,"DemandMax":null,"Value":7.8181714372139988},{"Length":13.53837,"Height":0.576123,"Demand":1.0,"DemandMax":null,"Value":7.7997663395100005},{"Length":8.279525,"Height":0.940975,"Demand":1.0,"DemandMax":null,"Value":7.790826036875},{"Length":2.571003,"Height":3.017948,"Demand":1.0,"DemandMax":null,"Value":7.7591533618440005},{"Length":12.97573,"Height":0.5977219,"Demand":1.0,"DemandMax":null,"Value":7.7558779894870007},{"Length":9.839893,"Height":0.787294,"Demand":1.0,"DemandMax":null,"Value":7.746888719542},{"Length":2.643627,"Height":2.919166,"Demand":1.0,"DemandMax":null,"Value":7.717186055082},{"Length":1.194286,"Height":6.454488,"Demand":1.0,"DemandMax":null,"Value":7.7085046555679995},{"Length":11.18026,"Height":0.6881144,"Demand":1.0,"DemandMax":null,"Value":7.6932979017440006},{"Length":14.70652,"Height":0.520747,"Demand":1.0,"DemandMax":null,"Value":7.6583761704399995},{"Length":0.2903956,"Height":26.36641,"Demand":1.0,"DemandMax":null,"Value":7.6566894517959989},{"Length":1.757694,"Height":4.347782,"Demand":1.0,"DemandMax":null,"Value":7.6420703347079995},{"Length":0.2892267,"Height":26.36641,"Demand":1.0,"DemandMax":null,"Value":7.625869755147},{"Length":1.848333,"Height":4.121814,"Demand":1.0,"DemandMax":null,"Value":7.618484836062},{"Length":2.446838,"Height":3.112605,"Demand":1.0,"DemandMax":null,"Value":7.61604019299},{"Length":7.482198,"Height":1.016108,"Demand":1.0,"DemandMax":null,"Value":7.602721245384},{"Length":0.4101745,"Height":18.45501,"Demand":1.0,"DemandMax":null,"Value":7.5697744992450007},{"Length":2.087485,"Height":3.622351,"Demand":1.0,"DemandMax":null,"Value":7.561603377235},{"Length":1.80651,"Height":4.185468,"Demand":1.0,"DemandMax":null,"Value":7.561089796680001},{"Length":2.085375,"Height":3.621858,"Demand":1.0,"DemandMax":null,"Value":7.55293212675},{"Length":3.774368,"Height":2.000638,"Demand":1.0,"DemandMax":null,"Value":7.551144046784},{"Length":2.424665,"Height":3.112605,"Demand":1.0,"DemandMax":null,"Value":7.5470244023249995},{"Length":0.4863259,"Height":15.50607,"Demand":1.0,"DemandMax":null,"Value":7.5410034482129991},{"Length":1.960042,"Height":3.847011,"Demand":1.0,"DemandMax":null,"Value":7.540303134462},{"Length":1.083174,"Height":6.952699,"Demand":1.0,"DemandMax":null,"Value":7.5309827866260006},{"Length":1.302822,"Height":5.774237,"Demand":1.0,"DemandMax":null,"Value":7.522802996814},{"Length":16.70074,"Height":0.4502342,"Demand":1.0,"DemandMax":null,"Value":7.519244313308},{"Length":3.127535,"Height":2.40032,"Demand":1.0,"DemandMax":null,"Value":7.5070848111999995},{"Length":1.162803,"Height":6.454488,"Demand":1.0,"DemandMax":null,"Value":7.505298009864},{"Length":16.50859,"Height":0.4527942,"Demand":1.0,"DemandMax":null,"Value":7.474993802178},{"Length":21.43213,"Height":0.3479825,"Demand":1.0,"DemandMax":null,"Value":7.4580061777249993},{"Length":4.700372,"Height":1.586628,"Demand":1.0,"DemandMax":null,"Value":7.4577418256159991},{"Length":3.103791,"Height":2.40032,"Demand":1.0,"DemandMax":null,"Value":7.45009161312},{"Length":2.571003,"Height":2.897192,"Demand":1.0,"DemandMax":null,"Value":7.4486893235760006},{"Length":1.286597,"Height":5.774237,"Demand":1.0,"DemandMax":null,"Value":7.4291160014890005},{"Length":6.304934,"Height":1.178144,"Demand":1.0,"DemandMax":null,"Value":7.4281201624960005},{"Length":0.2813702,"Height":26.36641,"Demand":1.0,"DemandMax":null,"Value":7.418722054982},{"Length":0.2813169,"Height":26.36641,"Demand":1.0,"DemandMax":null,"Value":7.4173167253289991},{"Length":0.5147235,"Height":14.39171,"Demand":1.0,"DemandMax":null,"Value":7.407751342185},{"Length":3.87273,"Height":1.895524,"Demand":1.0,"DemandMax":null,"Value":7.3408526605199995},{"Length":4.491055,"Height":1.609247,"Demand":1.0,"DemandMax":null,"Value":7.2272167855850009},{"Length":12.61485,"Height":0.5625474,"Demand":1.0,"DemandMax":null,"Value":7.09645106889},{"Length":4.86309,"Height":1.426799,"Demand":1.0,"DemandMax":null,"Value":6.93865194891},{"Length":3.453287,"Height":1.951144,"Demand":1.0,"DemandMax":null,"Value":6.737860210328},{"Length":11.96995,"Height":0.5625474,"Demand":1.0,"DemandMax":null,"Value":6.73366425063},{"Length":1.550938,"Height":4.253015,"Demand":1.0,"DemandMax":null,"Value":6.59616257807},{"Length":1.875977,"Height":3.432395,"Demand":1.0,"DemandMax":null,"Value":6.439094074915},{"Length":12.79082,"Height":0.5020335,"Demand":1.0,"DemandMax":null,"Value":6.4214201324700007},{"Length":14.66452,"Height":0.4302624,"Demand":1.0,"DemandMax":null,"Value":6.309591570048},{"Length":21.43213,"Height":0.2938745,"Demand":1.0,"DemandMax":null,"Value":6.298356487685},{"Length":1.960042,"Height":3.198353,"Demand":1.0,"DemandMax":null,"Value":6.2689062108260005},{"Length":8.958455,"Height":0.6988334,"Demand":1.0,"DemandMax":null,"Value":6.2604675663970006},{"Length":2.745977,"Height":2.249667,"Demand":1.0,"DemandMax":null,"Value":6.177533839659},{"Length":3.610404,"Height":1.706139,"Demand":1.0,"DemandMax":null,"Value":6.159851070156},{"Length":3.768868,"Height":1.614539,"Demand":1.0,"DemandMax":null,"Value":6.0849843718519994},{"Length":4.86309,"Height":1.24301,"Demand":1.0,"DemandMax":null,"Value":6.0448695008999991},{"Length":0.7487269,"Height":8.069265,"Demand":1.0,"DemandMax":null,"Value":6.0416757687284992},{"Length":21.93263,"Height":0.2754325,"Demand":1.0,"DemandMax":null,"Value":6.0409591124750008},{"Length":21.93263,"Height":0.2740124,"Demand":1.0,"DemandMax":null,"Value":6.009812584612},{"Length":0.7438455,"Height":8.069265,"Demand":1.0,"DemandMax":null,"Value":6.0022864585575},{"Length":8.958455,"Height":0.6697162,"Demand":1.0,"DemandMax":null,"Value":5.9996224404710006},{"Length":1.731629,"Height":3.432395,"Demand":1.0,"DemandMax":null,"Value":5.943634721455},{"Length":3.44619,"Height":1.707396,"Demand":1.0,"DemandMax":null,"Value":5.88401102124},{"Length":12.71984,"Height":0.4606299,"Demand":1.0,"DemandMax":null,"Value":5.859138627216},{"Length":2.589419,"Height":2.182481,"Demand":1.0,"DemandMax":null,"Value":5.651357768539},{"Length":10.10321,"Height":0.5564225,"Demand":1.0,"DemandMax":null,"Value":5.6216533662250008},{"Length":3.610404,"Height":1.547259,"Demand":1.0,"DemandMax":null,"Value":5.586230082636},{"Length":9.6713,"Height":0.5554978,"Demand":1.0,"DemandMax":null,"Value":5.3723858731400007},{"Length":3.172153,"Height":1.67992,"Demand":1.0,"DemandMax":null,"Value":5.32896326776},{"Length":13.51624,"Height":0.383317,"Demand":1.0,"DemandMax":null,"Value":5.1810045680800005},{"Length":9.171597,"Height":0.5554978,"Demand":1.0,"DemandMax":null,"Value":5.0948019559866005},{"Length":21.15605,"Height":0.2376709,"Demand":1.0,"DemandMax":null,"Value":5.028177443945},{"Length":3.453287,"Height":1.455787,"Demand":1.0,"DemandMax":null,"Value":5.0272503218689994},{"Length":6.233797,"Height":0.8012211,"Demand":1.0,"DemandMax":null,"Value":4.9946496895167005},{"Length":3.172153,"Height":1.569068,"Demand":1.0,"DemandMax":null,"Value":4.977323763404},{"Length":1.156914,"Height":4.253015,"Demand":1.0,"DemandMax":null,"Value":4.9203725957100009},{"Length":6.544947,"Height":0.7357965,"Demand":1.0,"DemandMax":null,"Value":4.8157490952855},{"Length":10.40662,"Height":0.4608021,"Demand":1.0,"DemandMax":null,"Value":4.795392349902},{"Length":10.3089,"Height":0.4606299,"Demand":1.0,"DemandMax":null,"Value":4.7485875761099994},{"Length":2.178469,"Height":2.147413,"Demand":1.0,"DemandMax":null,"Value":4.678072650697},{"Length":0.3249351,"Height":14.39171,"Demand":1.0,"DemandMax":null,"Value":4.6763717280209995},{"Length":6.354971,"Height":0.7357965,"Demand":1.0,"DemandMax":null,"Value":4.6759654194015},{"Length":0.9635722,"Height":4.847131,"Demand":1.0,"DemandMax":null,"Value":4.6705606813582},{"Length":2.69733,"Height":1.731356,"Demand":1.0,"DemandMax":null,"Value":4.67003847948},{"Length":21.15605,"Height":0.216168,"Demand":1.0,"DemandMax":null,"Value":4.5732610164},{"Length":6.233797,"Height":0.7306135,"Demand":1.0,"DemandMax":null,"Value":4.5544962444595},{"Length":14.66452,"Height":0.309257,"Demand":1.0,"DemandMax":null,"Value":4.53510546164},{"Length":2.589419,"Height":1.744692,"Demand":1.0,"DemandMax":null,"Value":4.517738613948},{"Length":2.69733,"Height":1.661495,"Demand":1.0,"DemandMax":null,"Value":4.48160030835},{"Length":10.2263,"Height":0.4337061,"Demand":1.0,"DemandMax":null,"Value":4.43520869043},{"Length":0.9031343,"Height":4.847131,"Demand":1.0,"DemandMax":null,"Value":4.3776102626933},{"Length":1.158949,"Height":3.77073,"Demand":1.0,"DemandMax":null,"Value":4.37008376277},{"Length":13.51624,"Height":0.3229971,"Demand":1.0,"DemandMax":null,"Value":4.365706322904},{"Length":1.226316,"Height":3.541539,"Demand":1.0,"DemandMax":null,"Value":4.343045940324},{"Length":10.10321,"Height":0.4247452,"Demand":1.0,"DemandMax":null,"Value":4.291289952092},{"Length":2.259888,"Height":1.895524,"Demand":1.0,"DemandMax":null,"Value":4.283671941312},{"Length":8.457355,"Height":0.5041886,"Demand":1.0,"DemandMax":null,"Value":4.2641019771529995},{"Length":1.970329,"Height":2.147413,"Demand":1.0,"DemandMax":null,"Value":4.231110108877},{"Length":8.364268,"Height":0.5020335,"Demand":1.0,"DemandMax":null,"Value":4.199142738978},{"Length":8.457355,"Height":0.4963815,"Demand":1.0,"DemandMax":null,"Value":4.1980745609325},{"Length":1.226316,"Height":3.41116,"Demand":1.0,"DemandMax":null,"Value":4.18316008656},{"Length":2.745977,"Height":1.521063,"Demand":1.0,"DemandMax":null,"Value":4.176804013551}]}