{"Name":"Nice49_200","Objects":[{"Length":100.0,"Height":100.0,"Stock":null,"Cost":10000.0}],"Items":[{"Length":8.507663,"Height":20.87273,"Demand":1.0,"DemandMax":null,"Value":177.57815272999002},{"Length":15.4155,"Height":10.80819,"Demand":1.0,"DemandMax":null,"Value":166.61365294499998},{"Length":9.300221,"Height":15.24786,"Demand":1.0,"DemandMax":null,"Value":141.80846777706},{"Length":10.08806,"Height":13.43788,"Demand":1.0,"DemandMax":null,"Value":135.56213971280002},{"Length":8.645788,"Height":14.36468,"Demand":1.0,"DemandMax":null,"Value":124.19397796784},{"Length":19.41071,"Height":5.529455,"Demand":1.0,"DemandMax":null,"Value":107.33064746305},{"Length":13.52049,"Height":7.398241,"Demand":1.0,"DemandMax":null,"Value":100.02784345809},{"Length":6.280231,"Height":15.80375,"Demand":1.0,"DemandMax":null,"Value":99.25120066625},{"Length":6.203828,"Height":15.75459,"Demand":1.0,"DemandMax":null,"Value":97.73876657052},{"Length":8.51824,"Height":11.41057,"Demand":1.0,"DemandMax":null,"Value":97.1979737968},{"Length":11.64236,"Height":7.692472,"Demand":1.0,"DemandMax":null,"Value":89.558528313920007},{"Length":6.351255,"Height":13.43788,"Demand":1.0,"DemandMax":null,"Value":85.3474025394},{"Length":5.282753,"Height":16.08994,"Demand":1.0,"DemandMax":null,"Value":84.999178804819991},{"Length":10.29452,"Height":8.18191,"Demand":1.0,"DemandMax":null,"Value":84.2288361332},{"Length":8.136905,"Height":10.17947,"Demand":1.0,"DemandMax":null,"Value":82.829380340350014},{"Length":10.59453,"Height":7.775926,"Demand":1.0,"DemandMax":null,"Value":82.38228128478},{"Length":6.733534,"Height":12.03404,"Demand":1.0,"DemandMax":null,"Value":81.031617497359989},{"Length":7.296581,"Height":10.93098,"Demand":1.0,"DemandMax":null,"Value":79.758780979379992},{"Length":4.473011,"Height":17.52094,"Demand":1.0,"DemandMax":null,"Value":78.371357350339991},{"Length":10.69331,"Height":7.225876,"Demand":1.0,"DemandMax":null,"Value":77.268532089560011},{"Length":13.59681,"Height":5.623221,"Demand":1.0,"DemandMax":null,"Value":76.45786752501},{"Length":4.813009,"Height":15.75459,"Demand":1.0,"DemandMax":null,"Value":75.826983461310007},{"Length":7.08419,"Height":9.669239,"Demand":1.0,"DemandMax":null,"Value":68.49872623141},{"Length":5.331361,"Height":12.84794,"Demand":1.0,"DemandMax":null,"Value":68.49700624634},{"Length":6.622559,"Height":10.25055,"Demand":1.0,"DemandMax":null,"Value":67.88487215745},{"Length":6.830064,"Height":9.864828,"Demand":1.0,"DemandMax":null,"Value":67.377406588992},{"Length":10.85776,"Height":6.041859,"Demand":1.0,"DemandMax":null,"Value":65.60105497584},{"Length":9.051762,"Height":7.092278,"Demand":1.0,"DemandMax":null,"Value":64.197612493836},{"Length":10.28002,"Height":6.212858,"Demand":1.0,"DemandMax":null,"Value":63.86830449716},{"Length":5.005449,"Height":12.50547,"Demand":1.0,"DemandMax":null,"Value":62.595492306029996},{"Length":6.467619,"Height":9.669239,"Demand":1.0,"DemandMax":null,"Value":62.536953871940995},{"Length":6.944244,"Height":8.984763,"Demand":1.0,"DemandMax":null,"Value":62.392386554172},{"Length":6.609811,"Height":9.388207,"Demand":1.0,"DemandMax":null,"Value":62.054273898876993},{"Length":8.314498,"Height":7.398241,"Demand":1.0,"DemandMax":null,"Value":61.512659998018},{"Length":7.650435,"Height":8.02721,"Demand":1.0,"DemandMax":null,"Value":61.41164833635},{"Length":6.581701,"Height":9.285608,"Demand":1.0,"DemandMax":null,"Value":61.115095459208},{"Length":10.19711,"Height":5.921108,"Demand":1.0,"DemandMax":null,"Value":60.37818959788},{"Length":9.864074,"Height":6.097407,"Demand":1.0,"DemandMax":null,"Value":60.145273856117996},{"Length":6.111145,"Height":9.761892,"Demand":1.0,"DemandMax":null,"Value":59.656337486339993},{"Length":8.066233,"Height":7.295912,"Demand":1.0,"DemandMax":null,"Value":58.850526139496004},{"Length":7.037148,"Height":8.296068,"Demand":1.0,"DemandMax":null,"Value":58.380658334064},{"Length":8.098149,"Height":7.1611,"Demand":1.0,"DemandMax":null,"Value":57.9916548039},{"Length":4.618834,"Height":12.51003,"Demand":1.0,"DemandMax":null,"Value":57.781751905019995},{"Length":6.731183,"Height":8.538627,"Demand":1.0,"DemandMax":null,"Value":57.475060905740996},{"Length":7.411509,"Height":7.711692,"Demand":1.0,"DemandMax":null,"Value":57.155274663228},{"Length":5.841557,"Height":9.783881,"Demand":1.0,"DemandMax":null,"Value":57.153098542717},{"Length":4.425422,"Height":12.84794,"Demand":1.0,"DemandMax":null,"Value":56.85755633068},{"Length":5.858904,"Height":9.669239,"Demand":1.0,"DemandMax":null,"Value":56.651143054055993},{"Length":5.307244,"Height":10.61457,"Demand":1.0,"DemandMax":null,"Value":56.33411294508},{"Length":14.90622,"Height":3.775153,"Demand":1.0,"DemandMax":null,"Value":56.273261151659995},{"Length":6.618789,"Height":8.499588,"Demand":1.0,"DemandMax":null,"Value":56.256979558931988},{"Length":7.697357,"Height":7.206177,"Demand":1.0,"DemandMax":null,"Value":55.468516974189},{"Length":5.610929,"Height":9.808793,"Demand":1.0,"DemandMax":null,"Value":55.036441098697},{"Length":6.733534,"Height":8.16559,"Demand":1.0,"DemandMax":null,"Value":54.98327789506},{"Length":5.296731,"Height":10.32304,"Demand":1.0,"DemandMax":null,"Value":54.67836598224001},{"Length":4.185225,"Height":12.97376,"Demand":1.0,"DemandMax":null,"Value":54.298104696},{"Length":4.960518,"Height":10.88067,"Demand":1.0,"DemandMax":null,"Value":53.973759387060007},{"Length":5.507175,"Height":9.783881,"Demand":1.0,"DemandMax":null,"Value":53.881544846175},{"Length":8.082497,"Height":6.646432,"Demand":1.0,"DemandMax":null,"Value":53.719766700704},{"Length":6.66029,"Height":8.01861,"Demand":1.0,"DemandMax":null,"Value":53.406267996900006},{"Length":6.409824,"Height":8.283274,"Demand":1.0,"DemandMax":null,"Value":53.094328483776},{"Length":5.387764,"Height":9.808793,"Demand":1.0,"DemandMax":null,"Value":52.847461808851996},{"Length":7.367353,"Height":7.087804,"Demand":1.0,"DemandMax":null,"Value":52.218354062812},{"Length":7.057724,"Height":7.397043,"Demand":1.0,"DemandMax":null,"Value":52.206287910132005},{"Length":4.035817,"Height":12.84794,"Demand":1.0,"DemandMax":null,"Value":51.851934666979993},{"Length":6.43696,"Height":8.01861,"Demand":1.0,"DemandMax":null,"Value":51.615471825600004},{"Length":4.983286,"Height":10.32304,"Demand":1.0,"DemandMax":null,"Value":51.44266070944},{"Length":13.7926,"Height":3.711625,"Demand":1.0,"DemandMax":null,"Value":51.192958975},{"Length":6.161445,"Height":8.18191,"Demand":1.0,"DemandMax":null,"Value":50.41238845995},{"Length":10.08715,"Height":4.972144,"Demand":1.0,"DemandMax":null,"Value":50.1547623496},{"Length":8.351727,"Height":5.983126,"Demand":1.0,"DemandMax":null,"Value":49.969434958602008},{"Length":6.110356,"Height":8.105547,"Demand":1.0,"DemandMax":null,"Value":49.527777744732},{"Length":6.955096,"Height":7.087804,"Demand":1.0,"DemandMax":null,"Value":49.296357249184005},{"Length":6.636908,"Height":7.416442,"Demand":1.0,"DemandMax":null,"Value":49.222243241336},{"Length":11.21189,"Height":4.369465,"Demand":1.0,"DemandMax":null,"Value":48.989960938850004},{"Length":6.319246,"Height":7.75175,"Demand":1.0,"DemandMax":null,"Value":48.9852151805},{"Length":6.731183,"Height":7.265124,"Demand":1.0,"DemandMax":null,"Value":48.902879161692},{"Length":13.7926,"Height":3.530571,"Demand":1.0,"DemandMax":null,"Value":48.695753574600005},{"Length":7.037148,"Height":6.902627,"Demand":1.0,"DemandMax":null,"Value":48.574807787796},{"Length":9.019468,"Height":5.345583,"Demand":1.0,"DemandMax":null,"Value":48.214314809844005},{"Length":6.409824,"Height":7.520478,"Demand":1.0,"DemandMax":null,"Value":48.204940375872},{"Length":5.99379,"Height":8.037594,"Demand":1.0,"DemandMax":null,"Value":48.17565054126},{"Length":8.484777,"Height":5.665316,"Demand":1.0,"DemandMax":null,"Value":48.068942894531993},{"Length":9.665389,"Height":4.972144,"Demand":1.0,"DemandMax":null,"Value":48.057705924016},{"Length":6.684425,"Height":7.1611,"Demand":1.0,"DemandMax":null,"Value":47.867835867500006},{"Length":6.217946,"Height":7.65353,"Demand":1.0,"DemandMax":null,"Value":47.58923624938},{"Length":6.319246,"Height":7.446945,"Demand":1.0,"DemandMax":null,"Value":47.05907740347},{"Length":4.746613,"Height":9.761892,"Demand":1.0,"DemandMax":null,"Value":46.335923471796},{"Length":8.484777,"Height":5.459287,"Demand":1.0,"DemandMax":null,"Value":46.320832773998994},{"Length":4.177683,"Height":11.04738,"Demand":1.0,"DemandMax":null,"Value":46.15245162054},{"Length":6.413002,"Height":7.191163,"Demand":1.0,"DemandMax":null,"Value":46.116942701326},{"Length":7.487619,"Height":6.097407,"Demand":1.0,"DemandMax":null,"Value":45.655060503932994},{"Length":4.578751,"Height":9.951969,"Demand":1.0,"DemandMax":null,"Value":45.567588010718993},{"Length":7.051939,"Height":6.415544,"Demand":1.0,"DemandMax":null,"Value":45.242024939816},{"Length":7.040182,"Height":6.415544,"Demand":1.0,"DemandMax":null,"Value":45.166597389008},{"Length":7.511197,"Height":5.99666,"Demand":1.0,"DemandMax":null,"Value":45.04209460202},{"Length":6.437357,"Height":6.99003,"Demand":1.0,"DemandMax":null,"Value":44.997318550710006},{"Length":3.914256,"Height":11.41057,"Demand":1.0,"DemandMax":null,"Value":44.66389208592},{"Length":10.28002,"Height":4.336825,"Demand":1.0,"DemandMax":null,"Value":44.5826477365},{"Length":3.537701,"Height":12.51003,"Demand":1.0,"DemandMax":null,"Value":44.25674564103},{"Length":7.057724,"Height":6.208579,"Demand":1.0,"DemandMax":null,"Value":43.818437014196007},{"Length":7.912282,"Height":5.531298,"Demand":1.0,"DemandMax":null,"Value":43.765189602035996},{"Length":7.768944,"Height":5.623221,"Demand":1.0,"DemandMax":null,"Value":43.686489048624004},{"Length":6.110356,"Height":7.14231,"Demand":1.0,"DemandMax":null,"Value":43.642056762360006},{"Length":5.374774,"Height":8.118505,"Demand":1.0,"DemandMax":null,"Value":43.635129592870008},{"Length":3.485822,"Height":12.51003,"Demand":1.0,"DemandMax":null,"Value":43.607737794660004},{"Length":5.88733,"Height":7.398241,"Demand":1.0,"DemandMax":null,"Value":43.55588618653},{"Length":4.631352,"Height":9.388469,"Demand":1.0,"DemandMax":null,"Value":43.481304680088},{"Length":6.944244,"Height":6.213931,"Demand":1.0,"DemandMax":null,"Value":43.151053063164},{"Length":6.217946,"Height":6.915335,"Demand":1.0,"DemandMax":null,"Value":42.99917960191},{"Length":3.888549,"Height":11.04738,"Demand":1.0,"DemandMax":null,"Value":42.95827845162},{"Length":6.581701,"Height":6.518143,"Demand":1.0,"DemandMax":null,"Value":42.900468301243},{"Length":5.374774,"Height":7.971438,"Demand":1.0,"DemandMax":null,"Value":42.844677705012},{"Length":4.366386,"Height":9.808793,"Demand":1.0,"DemandMax":null,"Value":42.828976432098},{"Length":6.730396,"Height":6.352948,"Demand":1.0,"DemandMax":null,"Value":42.757855807408},{"Length":11.21189,"Height":3.812444,"Demand":1.0,"DemandMax":null,"Value":42.744702759160006},{"Length":7.740419,"Height":5.519537,"Demand":1.0,"DemandMax":null,"Value":42.723529066002996},{"Length":3.911763,"Height":10.88067,"Demand":1.0,"DemandMax":null,"Value":42.56260232121},{"Length":5.291408,"Height":8.01861,"Demand":1.0,"DemandMax":null,"Value":42.429737102880004},{"Length":7.912282,"Height":5.349371,"Demand":1.0,"DemandMax":null,"Value":42.325731874622},{"Length":3.257171,"Height":12.97376,"Demand":1.0,"DemandMax":null,"Value":42.25775483296},{"Length":3.250908,"Height":12.97376,"Demand":1.0,"DemandMax":null,"Value":42.17650017408},{"Length":6.622559,"Height":6.368191,"Demand":1.0,"DemandMax":null,"Value":42.173720620769004},{"Length":6.623491,"Height":6.3396,"Demand":1.0,"DemandMax":null,"Value":41.990283543599993},{"Length":7.740419,"Height":5.411442,"Demand":1.0,"DemandMax":null,"Value":41.886828474198005},{"Length":7.007664,"Height":5.921108,"Demand":1.0,"DemandMax":null,"Value":41.493135371712},{"Length":8.351727,"Height":4.947854,"Demand":1.0,"DemandMax":null,"Value":41.323125843858008},{"Length":8.082497,"Height":5.107693,"Demand":1.0,"DemandMax":null,"Value":41.282913349421},{"Length":4.091087,"Height":10.02016,"Demand":1.0,"DemandMax":null,"Value":40.99334631392},{"Length":9.051762,"Height":4.523335,"Demand":1.0,"DemandMax":null,"Value":40.944151866270005},{"Length":6.775663,"Height":5.99666,"Demand":1.0,"DemandMax":null,"Value":40.63134728558},{"Length":4.045817,"Height":10.02016,"Demand":1.0,"DemandMax":null,"Value":40.539733670720004},{"Length":7.650435,"Height":5.211719,"Demand":1.0,"DemandMax":null,"Value":39.871917447765},{"Length":6.217946,"Height":6.303862,"Demand":1.0,"DemandMax":null,"Value":39.197073507452004},{"Length":11.22854,"Height":3.434152,"Demand":1.0,"DemandMax":null,"Value":38.56051309808},{"Length":8.082497,"Height":4.747965,"Demand":1.0,"DemandMax":null,"Value":38.375412868605},{"Length":4.777871,"Height":8.01861,"Demand":1.0,"DemandMax":null,"Value":38.311884179310006},{"Length":5.031428,"Height":7.581982,"Demand":1.0,"DemandMax":null,"Value":38.148196530296},{"Length":3.861092,"Height":9.808793,"Demand":1.0,"DemandMax":null,"Value":37.872652181956},{"Length":8.287428,"Height":4.568418,"Demand":1.0,"DemandMax":null,"Value":37.860435248904004},{"Length":8.761888,"Height":4.216394,"Demand":1.0,"DemandMax":null,"Value":36.943571991872005},{"Length":9.173433,"Height":4.005061,"Demand":1.0,"DemandMax":null,"Value":36.740158744413},{"Length":4.555788,"Height":8.01861,"Demand":1.0,"DemandMax":null,"Value":36.53108721468},{"Length":3.881392,"Height":9.388207,"Demand":1.0,"DemandMax":null,"Value":36.439311544144},{"Length":5.7021,"Height":6.352948,"Demand":1.0,"DemandMax":null,"Value":36.225144790799995},{"Length":4.443448,"Height":8.037594,"Demand":1.0,"DemandMax":null,"Value":35.714630984112},{"Length":4.701102,"Height":7.581982,"Demand":1.0,"DemandMax":null,"Value":35.643670744164},{"Length":4.987846,"Height":7.109253,"Demand":1.0,"DemandMax":null,"Value":35.459859139038},{"Length":9.244795,"Height":3.821727,"Demand":1.0,"DemandMax":null,"Value":35.331082660965},{"Length":8.082497,"Height":4.370636,"Demand":1.0,"DemandMax":null,"Value":35.325652358092},{"Length":4.393741,"Height":7.9855,"Demand":1.0,"DemandMax":null,"Value":35.086218755500006},{"Length":7.40962,"Height":4.68453,"Demand":1.0,"DemandMax":null,"Value":34.7105871786},{"Length":4.578751,"Height":7.568972,"Demand":1.0,"DemandMax":null,"Value":34.656438113971994},{"Length":3.485561,"Height":9.808793,"Demand":1.0,"DemandMax":null,"Value":34.189146337873},{"Length":4.393741,"Height":7.769088,"Demand":1.0,"DemandMax":null,"Value":34.135360478208},{"Length":7.697357,"Height":4.40047,"Demand":1.0,"DemandMax":null,"Value":33.871988557790004},{"Length":11.22854,"Height":3.013699,"Demand":1.0,"DemandMax":null,"Value":33.83943976946},{"Length":3.600918,"Height":9.388207,"Demand":1.0,"DemandMax":null,"Value":33.806163574026},{"Length":6.636908,"Height":5.089029,"Demand":1.0,"DemandMax":null,"Value":33.775417282332},{"Length":3.177533,"Height":10.61457,"Demand":1.0,"DemandMax":null,"Value":33.72814645581},{"Length":4.79118,"Height":6.99003,"Demand":1.0,"DemandMax":null,"Value":33.4904919354},{"Length":6.26466,"Height":5.345583,"Demand":1.0,"DemandMax":null,"Value":33.48825999678},{"Length":4.154667,"Height":8.037594,"Demand":1.0,"DemandMax":null,"Value":33.393526551198},{"Length":3.044612,"Height":10.88067,"Demand":1.0,"DemandMax":null,"Value":33.12741845004},{"Length":9.173433,"Height":3.576921,"Demand":1.0,"DemandMax":null,"Value":32.812645139793},{"Length":5.465683,"Height":5.99666,"Demand":1.0,"DemandMax":null,"Value":32.775842618780004},{"Length":5.360038,"Height":6.097407,"Demand":1.0,"DemandMax":null,"Value":32.682333221466},{"Length":4.061072,"Height":8.037594,"Demand":1.0,"DemandMax":null,"Value":32.641247940768004},{"Length":5.50696,"Height":5.921108,"Demand":1.0,"DemandMax":null,"Value":32.607304911680004},{"Length":8.287428,"Height":3.93117,"Demand":1.0,"DemandMax":null,"Value":32.57928833076},{"Length":6.081627,"Height":5.345583,"Demand":1.0,"DemandMax":null,"Value":32.509841903541},{"Length":9.051762,"Height":3.571424,"Demand":1.0,"DemandMax":null,"Value":32.327680049088},{"Length":5.72467,"Height":5.63297,"Demand":1.0,"DemandMax":null,"Value":32.2468943699},{"Length":4.535776,"Height":7.087804,"Demand":1.0,"DemandMax":null,"Value":32.148691275904},{"Length":10.59453,"Height":3.032269,"Demand":1.0,"DemandMax":null,"Value":32.12546488857},{"Length":4.782061,"Height":6.656894,"Demand":1.0,"DemandMax":null,"Value":31.833673178534},{"Length":5.624062,"Height":5.63297,"Demand":1.0,"DemandMax":null,"Value":31.680172524140005},{"Length":7.40962,"Height":4.270298,"Demand":1.0,"DemandMax":null,"Value":31.641285466760003},{"Length":4.462053,"Height":7.087804,"Demand":1.0,"DemandMax":null,"Value":31.626157101612},{"Length":4.782061,"Height":6.582035,"Demand":1.0,"DemandMax":null,"Value":31.475692874135},{"Length":2.882556,"Height":10.88067,"Demand":1.0,"DemandMax":null,"Value":31.364140592520002},{"Length":4.347572,"Height":7.087804,"Demand":1.0,"DemandMax":null,"Value":30.814738211888002},{"Length":6.830064,"Height":4.499854,"Demand":1.0,"DemandMax":null,"Value":30.734290810656002},{"Length":3.771825,"Height":8.092058,"Demand":1.0,"DemandMax":null,"Value":30.52182666585},{"Length":4.256948,"Height":7.109253,"Demand":1.0,"DemandMax":null,"Value":30.263720339844003},{"Length":6.623491,"Height":4.468594,"Demand":1.0,"DemandMax":null,"Value":29.597692141654},{"Length":8.761888,"Height":3.365587,"Demand":1.0,"DemandMax":null,"Value":29.488896348256002},{"Length":3.639683,"Height":8.092058,"Demand":1.0,"DemandMax":null,"Value":29.452525937614},{"Length":7.703132,"Height":3.815202,"Demand":1.0,"DemandMax":null,"Value":29.389004612664003},{"Length":7.697357,"Height":3.810204,"Demand":1.0,"DemandMax":null,"Value":29.328500430828},{"Length":6.622559,"Height":4.253982,"Demand":1.0,"DemandMax":null,"Value":28.172246779937996},{"Length":3.870403,"Height":7.1611,"Demand":1.0,"DemandMax":null,"Value":27.7163429233},{"Length":7.203086,"Height":3.815202,"Demand":1.0,"DemandMax":null,"Value":27.481228113372},{"Length":7.379597,"Height":3.659635,"Demand":1.0,"DemandMax":null,"Value":27.006631467095},{"Length":2.778267,"Height":9.388469,"Demand":1.0,"DemandMax":null,"Value":26.083673603223},{"Length":7.379597,"Height":3.531528,"Demand":1.0,"DemandMax":null,"Value":26.061253434216},{"Length":6.964237,"Height":3.721145,"Demand":1.0,"DemandMax":null,"Value":25.914935691365},{"Length":3.532547,"Height":7.267105,"Demand":1.0,"DemandMax":null,"Value":25.671389966435},{"Length":3.525177,"Height":7.267105,"Demand":1.0,"DemandMax":null,"Value":25.617831402584997},{"Length":6.828362,"Height":3.721145,"Demand":1.0,"DemandMax":null,"Value":25.40932511449}]}