{"Name":"Nice26_100","Objects":[{"Length":100.0,"Height":100.0,"Stock":null,"Cost":10000.0}],"Items":[{"Length":37.07085,"Height":9.917105,"Demand":1.0,"DemandMax":null,"Value":367.63551188925},{"Length":37.07085,"Height":9.449186,"Demand":1.0,"DemandMax":null,"Value":350.2893568281},{"Length":24.94906,"Height":11.98085,"Demand":1.0,"DemandMax":null,"Value":298.910945501},{"Length":15.25885,"Height":14.35978,"Demand":1.0,"DemandMax":null,"Value":219.11372905300001},{"Length":13.43847,"Height":15.3534,"Demand":1.0,"DemandMax":null,"Value":206.32620529800002},{"Length":20.81175,"Height":9.379735,"Demand":1.0,"DemandMax":null,"Value":195.20869988625},{"Length":12.62538,"Height":15.3534,"Demand":1.0,"DemandMax":null,"Value":193.84250929200002},{"Length":13.60267,"Height":13.77028,"Demand":1.0,"DemandMax":null,"Value":187.3125746476},{"Length":11.54943,"Height":15.75884,"Demand":1.0,"DemandMax":null,"Value":182.00561946119998},{"Length":8.692051,"Height":20.71936,"Demand":1.0,"DemandMax":null,"Value":180.09373380736},{"Length":9.747597,"Height":15.98089,"Demand":1.0,"DemandMax":null,"Value":155.77527542133},{"Length":10.27594,"Height":14.35978,"Demand":1.0,"DemandMax":null,"Value":147.5602376932},{"Length":9.458914,"Height":15.27719,"Demand":1.0,"DemandMax":null,"Value":144.50562637166},{"Length":19.96334,"Height":7.184725,"Demand":1.0,"DemandMax":null,"Value":143.4311079815},{"Length":16.93538,"Height":8.187716,"Demand":1.0,"DemandMax":null,"Value":138.66208179208},{"Length":9.879706,"Height":13.77028,"Demand":1.0,"DemandMax":null,"Value":136.04631793768002},{"Length":13.00712,"Height":10.45876,"Demand":1.0,"DemandMax":null,"Value":136.0383463712},{"Length":8.660825,"Height":15.3534,"Demand":1.0,"DemandMax":null,"Value":132.973110555},{"Length":9.581398,"Height":13.8011,"Demand":1.0,"DemandMax":null,"Value":132.2338319378},{"Length":13.26792,"Height":9.882189,"Demand":1.0,"DemandMax":null,"Value":131.11609307688002},{"Length":8.704857,"Height":14.40168,"Demand":1.0,"DemandMax":null,"Value":125.36456495976002},{"Length":9.747597,"Height":12.76514,"Demand":1.0,"DemandMax":null,"Value":124.42944036858002},{"Length":7.284688,"Height":16.61893,"Demand":1.0,"DemandMax":null,"Value":121.06371994384},{"Length":8.756602,"Height":13.77028,"Demand":1.0,"DemandMax":null,"Value":120.58086138856001},{"Length":9.623289,"Height":12.39608,"Demand":1.0,"DemandMax":null,"Value":119.29106030711999},{"Length":17.10562,"Height":6.86744,"Demand":1.0,"DemandMax":null,"Value":117.4718190128},{"Length":5.617186,"Height":20.71936,"Demand":1.0,"DemandMax":null,"Value":116.38449892096001},{"Length":15.18162,"Height":7.601946,"Demand":1.0,"DemandMax":null,"Value":115.40985543252},{"Length":6.797894,"Height":16.8059,"Demand":1.0,"DemandMax":null,"Value":114.24472677460001},{"Length":13.57248,"Height":8.155111,"Demand":1.0,"DemandMax":null,"Value":110.68508094528},{"Length":9.623289,"Height":10.98398,"Demand":1.0,"DemandMax":null,"Value":105.70201391022},{"Length":9.458914,"Height":11.06344,"Demand":1.0,"DemandMax":null,"Value":104.64812750416},{"Length":10.53141,"Height":9.917014,"Demand":1.0,"DemandMax":null,"Value":104.44014040974},{"Length":5.465204,"Height":19.09654,"Demand":1.0,"DemandMax":null,"Value":104.36648679416001},{"Length":7.472198,"Height":13.93733,"Demand":1.0,"DemandMax":null,"Value":104.14248935133999},{"Length":8.686214,"Height":11.98085,"Demand":1.0,"DemandMax":null,"Value":104.0682270019},{"Length":13.57248,"Height":7.63455,"Demand":1.0,"DemandMax":null,"Value":103.619777184},{"Length":6.999075,"Height":14.66966,"Demand":1.0,"DemandMax":null,"Value":102.6740505645},{"Length":7.075776,"Height":14.34207,"Demand":1.0,"DemandMax":null,"Value":101.48127469632},{"Length":14.41706,"Height":6.93366,"Demand":1.0,"DemandMax":null,"Value":99.962992239599984},{"Length":5.037803,"Height":19.09654,"Demand":1.0,"DemandMax":null,"Value":96.20460650162},{"Length":5.724874,"Height":16.42361,"Demand":1.0,"DemandMax":null,"Value":94.02309787514},{"Length":13.02758,"Height":6.93366,"Demand":1.0,"DemandMax":null,"Value":90.3288103428},{"Length":6.556537,"Height":13.77028,"Demand":1.0,"DemandMax":null,"Value":90.28535032036},{"Length":5.67186,"Height":15.78966,"Demand":1.0,"DemandMax":null,"Value":89.556740967599993},{"Length":9.366753,"Height":9.379735,"Demand":1.0,"DemandMax":null,"Value":87.857660950455},{"Length":10.16844,"Height":8.57412,"Demand":1.0,"DemandMax":null,"Value":87.1854247728},{"Length":10.13918,"Height":8.413855,"Demand":1.0,"DemandMax":null,"Value":85.3095903389},{"Length":7.075776,"Height":11.99856,"Demand":1.0,"DemandMax":null,"Value":84.89912288256},{"Length":9.794903,"Height":8.57412,"Demand":1.0,"DemandMax":null,"Value":83.98267371036},{"Length":13.73405,"Height":5.751846,"Demand":1.0,"DemandMax":null,"Value":78.996140556299991},{"Length":4.806534,"Height":16.42361,"Demand":1.0,"DemandMax":null,"Value":78.94063986774},{"Length":5.693906,"Height":13.77028,"Demand":1.0,"DemandMax":null,"Value":78.40667991368},{"Length":8.704857,"Height":8.978384,"Demand":1.0,"DemandMax":null,"Value":78.155548811088011},{"Length":10.50301,"Height":7.244093,"Demand":1.0,"DemandMax":null,"Value":76.084781219930008},{"Length":11.83297,"Height":6.328525,"Demand":1.0,"DemandMax":null,"Value":74.885246469249992},{"Length":13.26792,"Height":5.471212,"Demand":1.0,"DemandMax":null,"Value":72.59160311904},{"Length":4.708033,"Height":15.2724,"Demand":1.0,"DemandMax":null,"Value":71.902963189200008},{"Length":10.33902,"Height":6.86744,"Demand":1.0,"DemandMax":null,"Value":71.0025995088},{"Length":7.284688,"Height":9.721704,"Demand":1.0,"DemandMax":null,"Value":70.819580468352},{"Length":10.13918,"Height":6.858543,"Demand":1.0,"DemandMax":null,"Value":69.54000201474},{"Length":5.024709,"Height":13.8011,"Demand":1.0,"DemandMax":null,"Value":69.3465113799},{"Length":9.349252,"Height":7.405926,"Demand":1.0,"DemandMax":null,"Value":69.239868467352},{"Length":5.633562,"Height":11.98085,"Demand":1.0,"DemandMax":null,"Value":67.4948612877},{"Length":4.267423,"Height":15.78966,"Demand":1.0,"DemandMax":null,"Value":67.38115824618},{"Length":6.781911,"Height":9.736474,"Demand":1.0,"DemandMax":null,"Value":66.03190012181399},{"Length":9.079472,"Height":7.189659,"Demand":1.0,"DemandMax":null,"Value":65.278307580048008},{"Length":6.797894,"Height":9.534731,"Demand":1.0,"DemandMax":null,"Value":64.816090656514},{"Length":6.892347,"Height":9.379735,"Demand":1.0,"DemandMax":null,"Value":64.648388388045},{"Length":7.506139,"Height":8.607937,"Demand":1.0,"DemandMax":null,"Value":64.612371625243},{"Length":5.625283,"Height":11.07689,"Demand":1.0,"DemandMax":null,"Value":62.31064100987},{"Length":7.277552,"Height":8.415619,"Demand":1.0,"DemandMax":null,"Value":61.245104884688},{"Length":6.999075,"Height":8.710403,"Demand":1.0,"DemandMax":null,"Value":60.964763877224996},{"Length":6.225209,"Height":9.736474,"Demand":1.0,"DemandMax":null,"Value":60.611585573066},{"Length":9.079472,"Height":6.608401,"Demand":1.0,"DemandMax":null,"Value":60.000791844272},{"Length":5.392702,"Height":11.07689,"Demand":1.0,"DemandMax":null,"Value":59.73436685678},{"Length":9.349252,"Height":6.364357,"Demand":1.0,"DemandMax":null,"Value":59.501977410964},{"Length":7.371001,"Height":7.907137,"Demand":1.0,"DemandMax":null,"Value":58.283514734136993},{"Length":7.371001,"Height":7.851707,"Demand":1.0,"DemandMax":null,"Value":57.874940148707},{"Length":15.14529,"Height":3.811662,"Demand":1.0,"DemandMax":null,"Value":57.728726371979995},{"Length":15.14529,"Height":3.790284,"Demand":1.0,"DemandMax":null,"Value":57.40495036236},{"Length":4.574907,"Height":12.54257,"Demand":1.0,"DemandMax":null,"Value":57.381091290989993},{"Length":13.00712,"Height":4.36403,"Demand":1.0,"DemandMax":null,"Value":56.763461893599995},{"Length":7.472198,"Height":7.596106,"Demand":1.0,"DemandMax":null,"Value":56.759608060987993},{"Length":4.110577,"Height":13.8011,"Demand":1.0,"DemandMax":null,"Value":56.7304842347},{"Length":4.504564,"Height":12.54257,"Demand":1.0,"DemandMax":null,"Value":56.49880928948},{"Length":6.751042,"Height":8.187716,"Demand":1.0,"DemandMax":null,"Value":55.275614600072},{"Length":7.472198,"Height":7.293598,"Demand":1.0,"DemandMax":null,"Value":54.499208388404},{"Length":13.00712,"Height":4.18676,"Demand":1.0,"DemandMax":null,"Value":54.4576897312},{"Length":6.640486,"Height":8.187716,"Demand":1.0,"DemandMax":null,"Value":54.370413469976},{"Length":7.375011,"Height":7.289979,"Demand":1.0,"DemandMax":null,"Value":53.763675314768996},{"Length":6.227908,"Height":8.607937,"Demand":1.0,"DemandMax":null,"Value":53.609439705796},{"Length":11.83297,"Height":4.521526,"Demand":1.0,"DemandMax":null,"Value":53.503081512219993},{"Length":7.277552,"Height":7.343225,"Demand":1.0,"DemandMax":null,"Value":53.440701785200005},{"Length":11.83297,"Height":4.503349,"Demand":1.0,"DemandMax":null,"Value":53.287993616529995},{"Length":11.01798,"Height":4.831293,"Demand":1.0,"DemandMax":null,"Value":53.231089648139992},{"Length":7.375011,"Height":7.193866,"Demand":1.0,"DemandMax":null,"Value":53.054840882525994},{"Length":11.01798,"Height":4.811173,"Demand":1.0,"DemandMax":null,"Value":53.00940789054},{"Length":7.375011,"Height":7.18391,"Demand":1.0,"DemandMax":null,"Value":52.98141527301},{"Length":7.375011,"Height":7.159276,"Demand":1.0,"DemandMax":null,"Value":52.799739252036}]}