{"Name":"Nice34_100","Objects":[{"Length":100.0,"Height":100.0,"Stock":null,"Cost":10000.0}],"Items":[{"Length":23.12893,"Height":11.86645,"Demand":1.0,"DemandMax":null,"Value":274.4582913985},{"Length":24.22647,"Height":11.18594,"Demand":1.0,"DemandMax":null,"Value":270.9958398318},{"Length":30.17854,"Height":8.823669,"Demand":1.0,"DemandMax":null,"Value":266.28544786326006},{"Length":30.17854,"Height":8.415951,"Demand":1.0,"DemandMax":null,"Value":253.98111389154002},{"Length":13.2054,"Height":17.97324,"Demand":1.0,"DemandMax":null,"Value":237.343823496},{"Length":16.5283,"Height":14.1148,"Demand":1.0,"DemandMax":null,"Value":233.29364884000003},{"Length":14.06229,"Height":15.26456,"Demand":1.0,"DemandMax":null,"Value":214.6546694424},{"Length":18.73596,"Height":9.670431,"Demand":1.0,"DemandMax":null,"Value":181.18480839876},{"Length":10.02329,"Height":17.66829,"Demand":1.0,"DemandMax":null,"Value":177.09439447409997},{"Length":14.00648,"Height":12.10623,"Demand":1.0,"DemandMax":null,"Value":169.5656683704},{"Length":8.46589,"Height":18.74367,"Demand":1.0,"DemandMax":null,"Value":158.6818484163},{"Length":11.19029,"Height":13.54605,"Demand":1.0,"DemandMax":null,"Value":151.58422785449997},{"Length":7.900191,"Height":18.74367,"Demand":1.0,"DemandMax":null,"Value":148.07857304097},{"Length":10.02329,"Height":14.77094,"Demand":1.0,"DemandMax":null,"Value":148.0534151926},{"Length":8.574142,"Height":17.23962,"Demand":1.0,"DemandMax":null,"Value":147.81494990604},{"Length":9.603523,"Height":15.26456,"Demand":1.0,"DemandMax":null,"Value":146.59355304487997},{"Length":18.82311,"Height":7.646099,"Demand":1.0,"DemandMax":null,"Value":143.92336254789},{"Length":13.9017,"Height":10.14966,"Demand":1.0,"DemandMax":null,"Value":141.097528422},{"Length":11.69471,"Height":11.89295,"Demand":1.0,"DemandMax":null,"Value":139.0846012945},{"Length":10.84645,"Height":12.10623,"Demand":1.0,"DemandMax":null,"Value":131.3096183835},{"Length":15.18708,"Height":8.634604,"Demand":1.0,"DemandMax":null,"Value":131.13442171632},{"Length":18.82311,"Height":6.579628,"Demand":1.0,"DemandMax":null,"Value":123.84906160307999},{"Length":7.932083,"Height":15.26456,"Demand":1.0,"DemandMax":null,"Value":121.07975687848},{"Length":6.412144,"Height":18.74367,"Demand":1.0,"DemandMax":null,"Value":120.18711112848},{"Length":6.172152,"Height":19.43774,"Demand":1.0,"DemandMax":null,"Value":119.97268581648001},{"Length":13.41589,"Height":8.911809,"Demand":1.0,"DemandMax":null,"Value":119.55984924500999},{"Length":5.801057,"Height":20.57278,"Demand":1.0,"DemandMax":null,"Value":119.34386942846001},{"Length":14.53933,"Height":7.77983,"Demand":1.0,"DemandMax":null,"Value":113.11351571389999},{"Length":17.74733,"Height":6.282787,"Demand":1.0,"DemandMax":null,"Value":111.50269420871001},{"Length":12.41526,"Height":8.859281,"Demand":1.0,"DemandMax":null,"Value":109.99027702805999},{"Length":17.53451,"Height":6.013727,"Demand":1.0,"DemandMax":null,"Value":105.44775621877001},{"Length":11.24132,"Height":9.246662,"Demand":1.0,"DemandMax":null,"Value":103.94468647384001},{"Length":9.865238,"Height":10.42412,"Demand":1.0,"DemandMax":null,"Value":102.83642474056},{"Length":8.618559,"Height":11.89295,"Demand":1.0,"DemandMax":null,"Value":102.50009125905},{"Length":13.9017,"Height":7.313021,"Demand":1.0,"DemandMax":null,"Value":101.6634240357},{"Length":10.85476,"Height":9.354742,"Demand":1.0,"DemandMax":null,"Value":101.54347927192},{"Length":12.11491,"Height":8.378736,"Demand":1.0,"DemandMax":null,"Value":101.50763255376},{"Length":12.0303,"Height":8.216019,"Demand":1.0,"DemandMax":null,"Value":98.8411733757},{"Length":18.83199,"Height":5.23663,"Demand":1.0,"DemandMax":null,"Value":98.616163793700011},{"Length":6.802751,"Height":14.466,"Demand":1.0,"DemandMax":null,"Value":98.408595966},{"Length":18.82311,"Height":5.212013,"Demand":1.0,"DemandMax":null,"Value":98.10629402043},{"Length":17.74733,"Height":5.494081,"Demand":1.0,"DemandMax":null,"Value":97.505268553730019},{"Length":6.800156,"Height":14.10021,"Demand":1.0,"DemandMax":null,"Value":95.88362763276001},{"Length":6.69409,"Height":14.1148,"Demand":1.0,"DemandMax":null,"Value":94.485741532},{"Length":10.18298,"Height":9.246662,"Demand":1.0,"DemandMax":null,"Value":94.158574212760016},{"Length":6.402647,"Height":14.466,"Demand":1.0,"DemandMax":null,"Value":92.620691502},{"Length":10.58392,"Height":8.735873,"Demand":1.0,"DemandMax":null,"Value":92.459780962160011},{"Length":14.53933,"Height":6.334966,"Demand":1.0,"DemandMax":null,"Value":92.10616121278},{"Length":10.58392,"Height":8.617531,"Demand":1.0,"DemandMax":null,"Value":91.20725870152},{"Length":12.70129,"Height":7.153087,"Demand":1.0,"DemandMax":null,"Value":90.853432382230011},{"Length":17.53451,"Height":5.010138,"Demand":1.0,"DemandMax":null,"Value":87.850314862380017},{"Length":5.540858,"Height":15.62326,"Demand":1.0,"DemandMax":null,"Value":86.56626515708},{"Length":15.18708,"Height":5.636163,"Demand":1.0,"DemandMax":null,"Value":85.59685837404},{"Length":10.85476,"Height":7.880457,"Demand":1.0,"DemandMax":null,"Value":85.54046942532},{"Length":8.579675,"Height":9.909882,"Demand":1.0,"DemandMax":null,"Value":85.02356684835},{"Length":7.703577,"Height":10.90235,"Demand":1.0,"DemandMax":null,"Value":83.98709270595},{"Length":5.313897,"Height":15.62326,"Demand":1.0,"DemandMax":null,"Value":83.02039444422},{"Length":11.52518,"Height":7.153087,"Demand":1.0,"DemandMax":null,"Value":82.44061523066},{"Length":17.74733,"Height":4.611469,"Demand":1.0,"DemandMax":null,"Value":81.84126212777},{"Length":9.379299,"Height":8.574082,"Demand":1.0,"DemandMax":null,"Value":80.41887872851801},{"Length":11.19029,"Height":7.026732,"Demand":1.0,"DemandMax":null,"Value":78.63116883228},{"Length":10.58392,"Height":7.393218,"Demand":1.0,"DemandMax":null,"Value":78.24922785456},{"Length":8.689545,"Height":8.888598,"Demand":1.0,"DemandMax":null,"Value":77.23787230791001},{"Length":9.394007,"Height":8.216019,"Demand":1.0,"DemandMax":null,"Value":77.181339998133},{"Length":11.9701,"Height":6.435073,"Demand":1.0,"DemandMax":null,"Value":77.0284673173},{"Length":5.456218,"Height":14.10021,"Demand":1.0,"DemandMax":null,"Value":76.93381960578},{"Length":6.953372,"Height":10.90235,"Demand":1.0,"DemandMax":null,"Value":75.8080952242},{"Length":8.579675,"Height":8.833786,"Demand":1.0,"DemandMax":null,"Value":75.79101289955},{"Length":8.783256,"Height":8.34516,"Demand":1.0,"DemandMax":null,"Value":73.297676640959992},{"Length":6.60264,"Height":10.37316,"Demand":1.0,"DemandMax":null,"Value":68.490241142400009},{"Length":10.29022,"Height":6.62982,"Demand":1.0,"DemandMax":null,"Value":68.2223063604},{"Length":15.18708,"Height":4.472901,"Demand":1.0,"DemandMax":null,"Value":67.93030531908},{"Length":13.41589,"Height":4.781245,"Demand":1.0,"DemandMax":null,"Value":64.14465698305},{"Length":6.974982,"Height":8.860885,"Demand":1.0,"DemandMax":null,"Value":61.804513379069995},{"Length":9.953627,"Height":6.046005,"Demand":1.0,"DemandMax":null,"Value":60.179678610134992},{"Length":6.60264,"Height":9.064582,"Demand":1.0,"DemandMax":null,"Value":59.85017169648},{"Length":12.43768,"Height":4.648662,"Demand":1.0,"DemandMax":null,"Value":57.81857038416},{"Length":8.541761,"Height":6.62982,"Demand":1.0,"DemandMax":null,"Value":56.630337913019993},{"Length":9.010127,"Height":6.215755,"Demand":1.0,"DemandMax":null,"Value":56.004741950885},{"Length":4.53967,"Height":11.89295,"Demand":1.0,"DemandMax":null,"Value":53.9900683265},{"Length":8.524381,"Height":6.215755,"Demand":1.0,"DemandMax":null,"Value":52.985463822655},{"Length":12.43768,"Height":4.210618,"Demand":1.0,"DemandMax":null,"Value":52.370319286240004},{"Length":5.870434,"Height":8.888598,"Demand":1.0,"DemandMax":null,"Value":52.179927911532005},{"Length":6.675222,"Height":7.665133,"Demand":1.0,"DemandMax":null,"Value":51.166464434526},{"Length":8.783256,"Height":5.769636,"Demand":1.0,"DemandMax":null,"Value":50.676190014816},{"Length":13.41589,"Height":3.769626,"Demand":1.0,"DemandMax":null,"Value":50.57288775714},{"Length":7.793707,"Height":6.046005,"Demand":1.0,"DemandMax":null,"Value":47.120791490535005},{"Length":6.233609,"Height":7.416215,"Demand":1.0,"DemandMax":null,"Value":46.229784569935006},{"Length":10.2809,"Height":4.443625,"Demand":1.0,"DemandMax":null,"Value":45.6844642625},{"Length":5.139927,"Height":8.860885,"Demand":1.0,"DemandMax":null,"Value":45.544302055395},{"Length":5.100221,"Height":8.888598,"Demand":1.0,"DemandMax":null,"Value":45.333814180158},{"Length":4.079015,"Height":10.90235,"Demand":1.0,"DemandMax":null,"Value":44.47084918525},{"Length":10.2809,"Height":4.130457,"Demand":1.0,"DemandMax":null,"Value":42.4648153713},{"Length":7.882095,"Height":5.369948,"Demand":1.0,"DemandMax":null,"Value":42.326440281059995},{"Length":6.233609,"Height":6.688169,"Demand":1.0,"DemandMax":null,"Value":41.691430471921},{"Length":5.306958,"Height":7.692614,"Demand":1.0,"DemandMax":null,"Value":40.824379408211996},{"Length":5.276965,"Height":7.692614,"Demand":1.0,"DemandMax":null,"Value":40.59365483651},{"Length":5.294878,"Height":7.665133,"Demand":1.0,"DemandMax":null,"Value":40.585944088774},{"Length":6.233609,"Height":6.4684,"Demand":1.0,"DemandMax":null,"Value":40.3214764556},{"Length":7.882095,"Height":5.054173,"Demand":1.0,"DemandMax":null,"Value":39.837471732434992}]}