{"Name":"Nice6_200","Objects":[{"Length":100.0,"Height":100.0,"Stock":null,"Cost":10000.0}],"Items":[{"Length":13.64307,"Height":10.36804,"Demand":1.0,"DemandMax":null,"Value":141.4518954828},{"Length":7.862552,"Height":15.82987,"Demand":1.0,"DemandMax":null,"Value":124.46317602824},{"Length":13.49888,"Height":8.529457,"Demand":1.0,"DemandMax":null,"Value":115.13811650816001},{"Length":8.115971,"Height":13.98027,"Demand":1.0,"DemandMax":null,"Value":113.46346589217},{"Length":8.283028,"Height":13.50596,"Demand":1.0,"DemandMax":null,"Value":111.87024484688},{"Length":15.38506,"Height":7.265411,"Demand":1.0,"DemandMax":null,"Value":111.77878415966},{"Length":15.11247,"Height":7.051855,"Demand":1.0,"DemandMax":null,"Value":106.57094713184999},{"Length":16.64658,"Height":6.401642,"Demand":1.0,"DemandMax":null,"Value":106.56544568436},{"Length":12.89007,"Height":7.913491,"Demand":1.0,"DemandMax":null,"Value":102.00545293437},{"Length":11.29509,"Height":8.950327,"Demand":1.0,"DemandMax":null,"Value":101.09474899442999},{"Length":6.289857,"Height":15.66198,"Demand":1.0,"DemandMax":null,"Value":98.51161453686},{"Length":13.49888,"Height":7.132522,"Demand":1.0,"DemandMax":null,"Value":96.281058575359992},{"Length":7.76565,"Height":12.34717,"Demand":1.0,"DemandMax":null,"Value":95.8838007105},{"Length":8.854527,"Height":10.30687,"Demand":1.0,"DemandMax":null,"Value":91.262458700489987},{"Length":9.020234,"Height":9.853991,"Demand":1.0,"DemandMax":null,"Value":88.885304653894011},{"Length":5.770526,"Height":14.75525,"Demand":1.0,"DemandMax":null,"Value":85.145553761500011},{"Length":7.069212,"Height":11.34999,"Demand":1.0,"DemandMax":null,"Value":80.23548550788},{"Length":5.43191,"Height":14.75525,"Demand":1.0,"DemandMax":null,"Value":80.1491900275},{"Length":12.55255,"Height":6.333352,"Demand":1.0,"DemandMax":null,"Value":79.4997176476},{"Length":10.45881,"Height":7.535297,"Demand":1.0,"DemandMax":null,"Value":78.81023961657},{"Length":7.568048,"Height":10.36804,"Demand":1.0,"DemandMax":null,"Value":78.46582438592},{"Length":4.437895,"Height":17.43529,"Demand":1.0,"DemandMax":null,"Value":77.375986314549991},{"Length":4.436451,"Height":17.43529,"Demand":1.0,"DemandMax":null,"Value":77.35080975579},{"Length":16.88841,"Height":4.368463,"Demand":1.0,"DemandMax":null,"Value":73.77639421383},{"Length":9.788992,"Height":7.523966,"Demand":1.0,"DemandMax":null,"Value":73.652042982272},{"Length":11.20353,"Height":6.460783,"Demand":1.0,"DemandMax":null,"Value":72.38357616399},{"Length":5.627644,"Height":12.70621,"Demand":1.0,"DemandMax":null,"Value":71.50602646924},{"Length":15.12751,"Height":4.554837,"Demand":1.0,"DemandMax":null,"Value":68.90334226587},{"Length":6.045902,"Height":11.34999,"Demand":1.0,"DemandMax":null,"Value":68.62092724098},{"Length":7.862552,"Height":8.286377,"Demand":1.0,"DemandMax":null,"Value":65.152070054104},{"Length":11.60717,"Height":5.417877,"Demand":1.0,"DemandMax":null,"Value":62.88621937809},{"Length":4.831164,"Height":12.70621,"Demand":1.0,"DemandMax":null,"Value":61.38578432844},{"Length":5.990372,"Height":10.22296,"Demand":1.0,"DemandMax":null,"Value":61.23933334112},{"Length":6.992066,"Height":8.544414,"Demand":1.0,"DemandMax":null,"Value":59.743106619324},{"Length":5.795504,"Height":10.30687,"Demand":1.0,"DemandMax":null,"Value":59.73350631248},{"Length":5.49709,"Height":10.80302,"Demand":1.0,"DemandMax":null,"Value":59.3851732118},{"Length":5.221313,"Height":11.34999,"Demand":1.0,"DemandMax":null,"Value":59.261850336870005},{"Length":8.869327,"Height":6.671974,"Demand":1.0,"DemandMax":null,"Value":59.175919141498},{"Length":8.984266,"Height":6.55985,"Demand":1.0,"DemandMax":null,"Value":58.9354373201},{"Length":8.627827,"Height":6.826524,"Demand":1.0,"DemandMax":null,"Value":58.898068083348},{"Length":5.990372,"Height":9.791521,"Demand":1.0,"DemandMax":null,"Value":58.654853235812},{"Length":6.074859,"Height":9.646437,"Demand":1.0,"DemandMax":null,"Value":58.600744627383},{"Length":6.905306,"Height":8.423203,"Demand":1.0,"DemandMax":null,"Value":58.164794215118008},{"Length":12.88344,"Height":4.488597,"Demand":1.0,"DemandMax":null,"Value":57.82857013368},{"Length":9.761843,"Height":5.888839,"Demand":1.0,"DemandMax":null,"Value":57.485921770277},{"Length":6.261065,"Height":9.140059,"Demand":1.0,"DemandMax":null,"Value":57.226503502835008},{"Length":3.987994,"Height":14.32487,"Demand":1.0,"DemandMax":null,"Value":57.12749561078},{"Length":6.946473,"Height":8.191441,"Demand":1.0,"DemandMax":null,"Value":56.901623737593},{"Length":8.984266,"Height":6.308537,"Demand":1.0,"DemandMax":null,"Value":56.677574478842004},{"Length":5.895741,"Height":9.486105,"Demand":1.0,"DemandMax":null,"Value":55.927618178805005},{"Length":5.056706,"Height":10.96575,"Demand":1.0,"DemandMax":null,"Value":55.4505738195},{"Length":5.625478,"Height":9.849586,"Demand":1.0,"DemandMax":null,"Value":55.408629352108},{"Length":11.29509,"Height":4.876487,"Demand":1.0,"DemandMax":null,"Value":55.08035954883},{"Length":4.47688,"Height":12.25664,"Demand":1.0,"DemandMax":null,"Value":54.871506483200008},{"Length":10.33588,"Height":5.307199,"Demand":1.0,"DemandMax":null,"Value":54.854572000119994},{"Length":8.018751,"Height":6.826524,"Demand":1.0,"DemandMax":null,"Value":54.740196151524},{"Length":6.905306,"Height":7.892228,"Demand":1.0,"DemandMax":null,"Value":54.498249361768},{"Length":4.404165,"Height":12.3043,"Demand":1.0,"DemandMax":null,"Value":54.1901674095},{"Length":8.361723,"Height":6.470446,"Demand":1.0,"DemandMax":null,"Value":54.104077138457995},{"Length":6.953903,"Height":7.769756,"Demand":1.0,"DemandMax":null,"Value":54.030129557668005},{"Length":4.990544,"Height":10.82362,"Demand":1.0,"DemandMax":null,"Value":54.01575184928},{"Length":4.884689,"Height":11.00041,"Demand":1.0,"DemandMax":null,"Value":53.73358172249},{"Length":5.866413,"Height":9.089767,"Demand":1.0,"DemandMax":null,"Value":53.324327295771},{"Length":4.835103,"Height":11.00041,"Demand":1.0,"DemandMax":null,"Value":53.18811539223},{"Length":5.256826,"Height":10.10706,"Demand":1.0,"DemandMax":null,"Value":53.131055791560009},{"Length":8.793054,"Height":5.994402,"Demand":1.0,"DemandMax":null,"Value":52.709100483708},{"Length":11.20353,"Height":4.667627,"Demand":1.0,"DemandMax":null,"Value":52.293899123310005},{"Length":8.874346,"Height":5.877626,"Demand":1.0,"DemandMax":null,"Value":52.160086782596},{"Length":5.256826,"Height":9.907421,"Demand":1.0,"DemandMax":null,"Value":52.081588305745996},{"Length":4.240986,"Height":12.25664,"Demand":1.0,"DemandMax":null,"Value":51.980238647040011},{"Length":4.210987,"Height":12.3043,"Demand":1.0,"DemandMax":null,"Value":51.8132473441},{"Length":11.60717,"Height":4.436113,"Demand":1.0,"DemandMax":null,"Value":51.490717730209994},{"Length":5.399348,"Height":9.486105,"Demand":1.0,"DemandMax":null,"Value":51.21878205954},{"Length":11.20244,"Height":4.563066,"Demand":1.0,"DemandMax":null,"Value":51.117473081039996},{"Length":4.927664,"Height":10.36804,"Demand":1.0,"DemandMax":null,"Value":51.090217458560005},{"Length":12.78274,"Height":3.979037,"Demand":1.0,"DemandMax":null,"Value":50.86299542138},{"Length":5.89137,"Height":8.544414,"Demand":1.0,"DemandMax":null,"Value":50.33830430718},{"Length":8.615152,"Height":5.75872,"Demand":1.0,"DemandMax":null,"Value":49.612248125440004},{"Length":9.788992,"Height":5.061535,"Demand":1.0,"DemandMax":null,"Value":49.54732562272},{"Length":6.946473,"Height":7.069428,"Demand":1.0,"DemandMax":null,"Value":49.107590727444006},{"Length":8.050232,"Height":6.062988,"Demand":1.0,"DemandMax":null,"Value":48.808460013215992},{"Length":13.34446,"Height":3.650311,"Demand":1.0,"DemandMax":null,"Value":48.71142912706},{"Length":10.47785,"Height":4.58417,"Demand":1.0,"DemandMax":null,"Value":48.0322456345},{"Length":6.799078,"Height":7.051855,"Demand":1.0,"DemandMax":null,"Value":47.94611218969},{"Length":10.47785,"Height":4.567389,"Demand":1.0,"DemandMax":null,"Value":47.85641683365},{"Length":11.20244,"Height":4.26403,"Demand":1.0,"DemandMax":null,"Value":47.767540233199995},{"Length":5.866413,"Height":8.141835,"Demand":1.0,"DemandMax":null,"Value":47.763366687855},{"Length":4.565897,"Height":10.44453,"Demand":1.0,"DemandMax":null,"Value":47.688648193409996},{"Length":4.83333,"Height":9.849586,"Demand":1.0,"DemandMax":null,"Value":47.60629950138},{"Length":6.252635,"Height":7.564815,"Demand":1.0,"DemandMax":null,"Value":47.300027037525},{"Length":8.793054,"Height":5.355584,"Demand":1.0,"DemandMax":null,"Value":47.091939313536},{"Length":7.862552,"Height":5.974852,"Demand":1.0,"DemandMax":null,"Value":46.977584542304},{"Length":8.176676,"Height":5.740818,"Demand":1.0,"DemandMax":null,"Value":46.940808760968004},{"Length":11.20353,"Height":4.132459,"Demand":1.0,"DemandMax":null,"Value":46.29812838027},{"Length":4.41837,"Height":10.44453,"Demand":1.0,"DemandMax":null,"Value":46.147798016100005},{"Length":12.90054,"Height":3.573462,"Demand":1.0,"DemandMax":null,"Value":46.09958946948},{"Length":8.017439,"Height":5.718872,"Demand":1.0,"DemandMax":null,"Value":45.850707408808},{"Length":5.00674,"Height":9.140059,"Demand":1.0,"DemandMax":null,"Value":45.761898997660005},{"Length":10.47785,"Height":4.356421,"Demand":1.0,"DemandMax":null,"Value":45.64592577485},{"Length":6.617833,"Height":6.818325,"Demand":1.0,"DemandMax":null,"Value":45.122536189725},{"Length":5.783008,"Height":7.769756,"Demand":1.0,"DemandMax":null,"Value":44.932561106048},{"Length":12.78274,"Height":3.512076,"Demand":1.0,"DemandMax":null,"Value":44.89395436824},{"Length":6.848303,"Height":6.535017,"Demand":1.0,"DemandMax":null,"Value":44.753776526150993},{"Length":12.89007,"Height":3.436495,"Demand":1.0,"DemandMax":null,"Value":44.29666110465},{"Length":8.115971,"Height":5.430553,"Demand":1.0,"DemandMax":null,"Value":44.074210661963},{"Length":3.317568,"Height":13.07555,"Demand":1.0,"DemandMax":null,"Value":43.379026262400004},{"Length":3.737426,"Height":11.34999,"Demand":1.0,"DemandMax":null,"Value":42.41974772574},{"Length":5.816494,"Height":7.265411,"Demand":1.0,"DemandMax":null,"Value":42.259219489033995},{"Length":5.537541,"Height":7.564815,"Demand":1.0,"DemandMax":null,"Value":41.890473219915},{"Length":8.840721,"Height":4.726778,"Demand":1.0,"DemandMax":null,"Value":41.788125526938},{"Length":6.258187,"Height":6.671974,"Demand":1.0,"DemandMax":null,"Value":41.754460951138},{"Length":5.505705,"Height":7.564815,"Demand":1.0,"DemandMax":null,"Value":41.649639769575},{"Length":4.975986,"Height":8.367686,"Demand":1.0,"DemandMax":null,"Value":41.637488388396},{"Length":12.55255,"Height":3.313084,"Demand":1.0,"DemandMax":null,"Value":41.5876525642},{"Length":5.391931,"Height":7.670839,"Demand":1.0,"DemandMax":null,"Value":41.360634600108995},{"Length":5.839194,"Height":7.051855,"Demand":1.0,"DemandMax":null,"Value":41.17714940487},{"Length":5.391931,"Height":7.59003,"Demand":1.0,"DemandMax":null,"Value":40.924918047929992},{"Length":4.428525,"Height":9.19086,"Demand":1.0,"DemandMax":null,"Value":40.701953281499996},{"Length":7.110075,"Height":5.718872,"Demand":1.0,"DemandMax":null,"Value":40.6616088354},{"Length":5.209868,"Height":7.769756,"Demand":1.0,"DemandMax":null,"Value":40.479403152208},{"Length":6.950839,"Height":5.740818,"Demand":1.0,"DemandMax":null,"Value":39.903501646302004},{"Length":7.380708,"Height":5.39585,"Demand":1.0,"DemandMax":null,"Value":39.8251932618},{"Length":4.743805,"Height":8.367686,"Demand":1.0,"DemandMax":null,"Value":39.69467068523},{"Length":8.050232,"Height":4.902761,"Demand":1.0,"DemandMax":null,"Value":39.468363490551994},{"Length":8.698268,"Height":4.53137,"Demand":1.0,"DemandMax":null,"Value":39.41507066716},{"Length":6.454539,"Height":6.072974,"Demand":1.0,"DemandMax":null,"Value":39.198247528986},{"Length":6.446005,"Height":6.072974,"Demand":1.0,"DemandMax":null,"Value":39.14642076887},{"Length":7.238395,"Height":5.3679,"Demand":1.0,"DemandMax":null,"Value":38.854980520499993},{"Length":4.874197,"Height":7.968185,"Demand":1.0,"DemandMax":null,"Value":38.838503422445},{"Length":8.615152,"Height":4.469817,"Demand":1.0,"DemandMax":null,"Value":38.508152867184},{"Length":4.562809,"Height":8.399109,"Demand":1.0,"DemandMax":null,"Value":38.323530137180995},{"Length":5.249074,"Height":7.265411,"Demand":1.0,"DemandMax":null,"Value":38.136679979414005},{"Length":7.754664,"Height":4.849771,"Demand":1.0,"DemandMax":null,"Value":37.608344581943996},{"Length":5.213569,"Height":7.213408,"Demand":1.0,"DemandMax":null,"Value":37.607600333152},{"Length":3.449889,"Height":10.88042,"Demand":1.0,"DemandMax":null,"Value":37.536241273380007},{"Length":3.435959,"Height":10.88042,"Demand":1.0,"DemandMax":null,"Value":37.384677022780004},{"Length":8.430698,"Height":4.410017,"Demand":1.0,"DemandMax":null,"Value":37.179521501866},{"Length":10.47785,"Height":3.537542,"Demand":1.0,"DemandMax":null,"Value":37.0658344447},{"Length":4.969818,"Height":7.45784,"Demand":1.0,"DemandMax":null,"Value":37.06410747312},{"Length":11.20244,"Height":3.302898,"Demand":1.0,"DemandMax":null,"Value":37.000516671119996},{"Length":6.269249,"Height":5.888839,"Demand":1.0,"DemandMax":null,"Value":36.918598011911},{"Length":10.47785,"Height":3.471531,"Demand":1.0,"DemandMax":null,"Value":36.37418108835},{"Length":3.342526,"Height":10.88042,"Demand":1.0,"DemandMax":null,"Value":36.36808674092},{"Length":4.800176,"Height":7.491113,"Demand":1.0,"DemandMax":null,"Value":35.958660835888004},{"Length":7.123333,"Height":5.045321,"Demand":1.0,"DemandMax":null,"Value":35.939501574893},{"Length":11.20244,"Height":3.205852,"Demand":1.0,"DemandMax":null,"Value":35.91336467888},{"Length":7.37285,"Height":4.849771,"Demand":1.0,"DemandMax":null,"Value":35.756634117349996},{"Length":5.866413,"Height":6.081317,"Demand":1.0,"DemandMax":null,"Value":35.675517105921},{"Length":4.70198,"Height":7.564815,"Demand":1.0,"DemandMax":null,"Value":35.5696088337},{"Length":4.7391,"Height":7.491113,"Demand":1.0,"DemandMax":null,"Value":35.5011336183},{"Length":4.729872,"Height":7.460638,"Demand":1.0,"DemandMax":null,"Value":35.287862778336006},{"Length":3.623931,"Height":9.675662,"Demand":1.0,"DemandMax":null,"Value":35.063931467322},{"Length":5.121165,"Height":6.818325,"Demand":1.0,"DemandMax":null,"Value":34.917767348625},{"Length":8.615152,"Height":4.048676,"Demand":1.0,"DemandMax":null,"Value":34.879959138752007},{"Length":5.684347,"Height":6.120811,"Demand":1.0,"DemandMax":null,"Value":34.792813645417},{"Length":6.552531,"Height":5.307199,"Demand":1.0,"DemandMax":null,"Value":34.775585970669},{"Length":4.277912,"Height":8.099192,"Demand":1.0,"DemandMax":null,"Value":34.647630647104},{"Length":7.7983,"Height":4.441138,"Demand":1.0,"DemandMax":null,"Value":34.633326465399996},{"Length":7.123333,"Height":4.808669,"Demand":1.0,"DemandMax":null,"Value":34.253750573777},{"Length":5.583458,"Height":6.120811,"Demand":1.0,"DemandMax":null,"Value":34.175291144438},{"Length":4.375233,"Height":7.769756,"Demand":1.0,"DemandMax":null,"Value":33.994492853147996},{"Length":4.819174,"Height":7.03825,"Demand":1.0,"DemandMax":null,"Value":33.9185514055},{"Length":3.116081,"Height":10.88042,"Demand":1.0,"DemandMax":null,"Value":33.90427003402},{"Length":4.452764,"Height":7.564815,"Demand":1.0,"DemandMax":null,"Value":33.68433589866},{"Length":4.819174,"Height":6.957757,"Demand":1.0,"DemandMax":null,"Value":33.530641632718},{"Length":7.600394,"Height":4.410017,"Demand":1.0,"DemandMax":null,"Value":33.517866746698},{"Length":7.409935,"Height":4.523357,"Demand":1.0,"DemandMax":null,"Value":33.517781351795},{"Length":4.907579,"Height":6.818325,"Demand":1.0,"DemandMax":null,"Value":33.461468585175},{"Length":4.562809,"Height":7.326224,"Demand":1.0,"DemandMax":null,"Value":33.428160803215995},{"Length":5.341287,"Height":6.234417,"Demand":1.0,"DemandMax":null,"Value":33.299810474679},{"Length":7.332824,"Height":4.53137,"Demand":1.0,"DemandMax":null,"Value":33.227738688879995},{"Length":4.965459,"Height":6.681657,"Demand":1.0,"DemandMax":null,"Value":33.177493885563},{"Length":7.240096,"Height":4.523357,"Demand":1.0,"DemandMax":null,"Value":32.749538922272},{"Length":10.47785,"Height":3.12238,"Demand":1.0,"DemandMax":null,"Value":32.715829283000005},{"Length":5.341287,"Height":6.112753,"Demand":1.0,"DemandMax":null,"Value":32.649968133111},{"Length":4.277912,"Height":7.62614,"Demand":1.0,"DemandMax":null,"Value":32.62395581968},{"Length":3.542257,"Height":9.19086,"Demand":1.0,"DemandMax":null,"Value":32.556388171020004},{"Length":7.329214,"Height":4.441138,"Demand":1.0,"DemandMax":null,"Value":32.550050805531995},{"Length":4.506223,"Height":7.213408,"Demand":1.0,"DemandMax":null,"Value":32.505225037984005},{"Length":4.969818,"Height":6.538167,"Demand":1.0,"DemandMax":null,"Value":32.493500043606},{"Length":4.729872,"Height":6.86423,"Demand":1.0,"DemandMax":null,"Value":32.46692927856},{"Length":2.980237,"Height":10.82362,"Demand":1.0,"DemandMax":null,"Value":32.256952797939995},{"Length":4.982733,"Height":6.470446,"Demand":1.0,"DemandMax":null,"Value":32.240504808918},{"Length":9.798275,"Height":3.289746,"Demand":1.0,"DemandMax":null,"Value":32.23383598815},{"Length":5.963748,"Height":5.39585,"Demand":1.0,"DemandMax":null,"Value":32.179489645800004},{"Length":9.798275,"Height":3.245271,"Demand":1.0,"DemandMax":null,"Value":31.798057707525},{"Length":4.965459,"Height":6.393895,"Demand":1.0,"DemandMax":null,"Value":31.748623472804997},{"Length":8.115971,"Height":3.902099,"Demand":1.0,"DemandMax":null,"Value":31.669322323129002},{"Length":3.966524,"Height":7.968185,"Demand":1.0,"DemandMax":null,"Value":31.60599703894},{"Length":8.840721,"Height":3.557114,"Demand":1.0,"DemandMax":null,"Value":31.447452439194},{"Length":7.238395,"Height":4.307762,"Demand":1.0,"DemandMax":null,"Value":31.18128292199},{"Length":10.47785,"Height":2.942077,"Demand":1.0,"DemandMax":null,"Value":30.826641494449998},{"Length":2.795534,"Height":10.36804,"Demand":1.0,"DemandMax":null,"Value":28.98420833336},{"Length":2.593638,"Height":10.36804,"Demand":1.0,"DemandMax":null,"Value":26.89094252952},{"Length":2.795259,"Height":9.21146,"Demand":1.0,"DemandMax":null,"Value":25.748416468140004},{"Length":6.899754,"Height":3.694064,"Demand":1.0,"DemandMax":null,"Value":25.488132860255998},{"Length":2.701831,"Height":9.21146,"Demand":1.0,"DemandMax":null,"Value":24.88780818326},{"Length":6.444702,"Height":3.694064,"Demand":1.0,"DemandMax":null,"Value":23.807141648928003},{"Length":6.565527,"Height":3.282419,"Demand":1.0,"DemandMax":null,"Value":21.550810569813002},{"Length":6.317909,"Height":3.282419,"Demand":1.0,"DemandMax":null,"Value":20.738024541871}]}