{"Name":"Path29_50","Objects":[{"Length":100.0,"Height":100.0,"Stock":null,"Cost":10000.0}],"Items":[{"Length":97.98978,"Height":29.61864,"Demand":1.0,"DemandMax":null,"Value":2902.3240174991997},{"Length":54.55192,"Height":37.27534,"Demand":1.0,"DemandMax":null,"Value":2033.4413656528002},{"Length":13.71827,"Height":31.4621,"Demand":1.0,"DemandMax":null,"Value":431.605582567},{"Length":54.55192,"Height":7.122197,"Demand":1.0,"DemandMax":null,"Value":388.52952096824004},{"Length":14.10983,"Height":21.44374,"Demand":1.0,"DemandMax":null,"Value":302.5675259642},{"Length":7.505805,"Height":38.14476,"Demand":1.0,"DemandMax":null,"Value":286.30713033179995},{"Length":4.676431,"Height":49.31662,"Demand":1.0,"DemandMax":null,"Value":230.62577058322},{"Length":30.45666,"Height":7.479761,"Demand":1.0,"DemandMax":null,"Value":227.80853765825998},{"Length":10.31388,"Height":20.94844,"Demand":1.0,"DemandMax":null,"Value":216.0596963472},{"Length":13.71827,"Height":14.79053,"Demand":1.0,"DemandMax":null,"Value":202.9004839831},{"Length":3.887838,"Height":49.31662,"Demand":1.0,"DemandMax":null,"Value":191.73502926756},{"Length":18.96911,"Height":9.755223,"Demand":1.0,"DemandMax":null,"Value":185.04789816153001},{"Length":31.74839,"Height":5.465337,"Demand":1.0,"DemandMax":null,"Value":173.51565055743},{"Length":31.23545,"Height":4.476143,"Demand":1.0,"DemandMax":null,"Value":139.81434086935002},{"Length":100.0,"Height":1.008761,"Demand":1.0,"DemandMax":null,"Value":100.87610000000001},{"Length":100.0,"Height":1.003355,"Demand":1.0,"DemandMax":null,"Value":100.3355},{"Length":42.80437,"Height":2.275462,"Demand":1.0,"DemandMax":null,"Value":97.39971736894},{"Length":13.86166,"Height":6.470169,"Demand":1.0,"DemandMax":null,"Value":89.68728282054},{"Length":70.48715,"Height":1.263242,"Demand":1.0,"DemandMax":null,"Value":89.0423283403},{"Length":11.51689,"Height":7.479761,"Demand":1.0,"DemandMax":null,"Value":86.14358466329},{"Length":24.34891,"Height":3.295456,"Demand":1.0,"DemandMax":null,"Value":80.240761552960009},{"Length":3.795948,"Height":20.94844,"Demand":1.0,"DemandMax":null,"Value":79.51918892112},{"Length":28.38808,"Height":2.734698,"Demand":1.0,"DemandMax":null,"Value":77.63282559983999},{"Length":1.549902,"Height":49.31662,"Demand":1.0,"DemandMax":null,"Value":76.435927971239991},{"Length":26.16384,"Height":2.734698,"Demand":1.0,"DemandMax":null,"Value":71.55020092032},{"Length":30.91758,"Height":2.275462,"Demand":1.0,"DemandMax":null,"Value":70.35177842196},{"Length":31.74839,"Height":2.014424,"Demand":1.0,"DemandMax":null,"Value":63.95471877736},{"Length":24.34891,"Height":2.402696,"Demand":1.0,"DemandMax":null,"Value":58.503028661360005},{"Length":31.23545,"Height":1.862337,"Demand":1.0,"DemandMax":null,"Value":58.17093424665},{"Length":24.34891,"Height":2.336008,"Demand":1.0,"DemandMax":null,"Value":56.87924855128},{"Length":6.923139,"Height":8.034161,"Demand":1.0,"DemandMax":null,"Value":55.621613351379},{"Length":14.10983,"Height":3.769021,"Demand":1.0,"DemandMax":null,"Value":53.18024557643},{"Length":31.23545,"Height":1.69568,"Demand":1.0,"DemandMax":null,"Value":52.965327856},{"Length":7.505805,"Height":6.899533,"Demand":1.0,"DemandMax":null,"Value":51.786549289064993},{"Length":13.23388,"Height":3.566015,"Demand":1.0,"DemandMax":null,"Value":47.1922145882},{"Length":31.16126,"Height":1.51008,"Demand":1.0,"DemandMax":null,"Value":47.0559955008},{"Length":5.790715,"Height":8.034161,"Demand":1.0,"DemandMax":null,"Value":46.523536615114992},{"Length":14.10983,"Height":3.155417,"Demand":1.0,"DemandMax":null,"Value":44.52239744911},{"Length":27.09554,"Height":1.563992,"Demand":1.0,"DemandMax":null,"Value":42.37720779568},{"Length":13.71827,"Height":3.063982,"Demand":1.0,"DemandMax":null,"Value":42.032532351140006},{"Length":7.308941,"Height":5.489338,"Demand":1.0,"DemandMax":null,"Value":40.121247571058},{"Length":13.23388,"Height":2.904154,"Demand":1.0,"DemandMax":null,"Value":38.43322553752},{"Length":29.51285,"Height":1.263242,"Demand":1.0,"DemandMax":null,"Value":37.2818716597},{"Length":4.606247,"Height":8.034161,"Demand":1.0,"DemandMax":null,"Value":37.007330003766995},{"Length":54.55192,"Height":0.6742985,"Demand":1.0,"DemandMax":null,"Value":36.784277828120004},{"Length":23.39066,"Height":1.51008,"Demand":1.0,"DemandMax":null,"Value":35.3217678528},{"Length":7.505805,"Height":4.272323,"Demand":1.0,"DemandMax":null,"Value":32.067223335015},{"Length":7.308941,"Height":4.265885,"Demand":1.0,"DemandMax":null,"Value":31.179101777785},{"Length":1.011523,"Height":29.61864,"Demand":1.0,"DemandMax":null,"Value":29.959935588719997},{"Length":0.9986957,"Height":29.61864,"Demand":1.0,"DemandMax":null,"Value":29.580008407848}]}