{"Name":"Path48_25","Objects":[{"Length":100.0,"Height":100.0,"Stock":null,"Cost":10000.0}],"Items":[{"Length":31.21588,"Height":38.6245,"Demand":1.0,"DemandMax":null,"Value":1205.69775706},{"Length":35.16602,"Height":29.83753,"Demand":1.0,"DemandMax":null,"Value":1049.2671767306},{"Length":100.0,"Height":10.28993,"Demand":1.0,"DemandMax":null,"Value":1028.993},{"Length":62.5606,"Height":14.00377,"Demand":1.0,"DemandMax":null,"Value":876.084253462},{"Length":35.16602,"Height":19.19796,"Demand":1.0,"DemandMax":null,"Value":675.1158453192},{"Length":15.38601,"Height":40.67458,"Demand":1.0,"DemandMax":null,"Value":625.8194946258},{"Length":31.82738,"Height":19.05418,"Demand":1.0,"DemandMax":null,"Value":606.4446274484},{"Length":30.73321,"Height":19.05418,"Demand":1.0,"DemandMax":null,"Value":585.5961153178},{"Length":11.3711,"Height":36.68231,"Demand":1.0,"DemandMax":null,"Value":417.11821524100003},{"Length":11.02795,"Height":36.68231,"Demand":1.0,"DemandMax":null,"Value":404.5306805645},{"Length":62.5606,"Height":6.249259,"Demand":1.0,"DemandMax":null,"Value":390.95739259540005},{"Length":11.21906,"Height":28.64527,"Demand":1.0,"DemandMax":null,"Value":321.3730028462},{"Length":22.39905,"Height":12.35318,"Demand":1.0,"DemandMax":null,"Value":276.699496479},{"Length":12.9133,"Height":19.95746,"Demand":1.0,"DemandMax":null,"Value":257.716668218},{"Length":12.9133,"Height":18.50542,"Demand":1.0,"DemandMax":null,"Value":238.966040086},{"Length":31.21588,"Height":7.022387,"Demand":1.0,"DemandMax":null,"Value":219.20998990556},{"Length":4.756616,"Height":40.67458,"Demand":1.0,"DemandMax":null,"Value":193.47335802128},{"Length":11.21906,"Height":16.67259,"Demand":1.0,"DemandMax":null,"Value":187.05078756540001},{"Length":31.21588,"Height":3.388601,"Demand":1.0,"DemandMax":null,"Value":105.77816218388},{"Length":2.193815,"Height":40.67458,"Demand":1.0,"DemandMax":null,"Value":89.232503722699988},{"Length":62.5606,"Height":1.367378,"Demand":1.0,"DemandMax":null,"Value":85.5439881068},{"Length":2.189656,"Height":29.43519,"Demand":1.0,"DemandMax":null,"Value":64.45294039464},{"Length":11.21906,"Height":3.717629,"Demand":1.0,"DemandMax":null,"Value":41.70830280874},{"Length":12.9133,"Height":2.211698,"Demand":1.0,"DemandMax":null,"Value":28.5603197834},{"Length":2.189656,"Height":11.23939,"Demand":1.0,"DemandMax":null,"Value":24.610397749839997}]}