{"Name":"Nice36_25","Objects":[{"Length":100.0,"Height":100.0,"Stock":null,"Cost":10000.0}],"Items":[{"Length":36.51735,"Height":26.10321,"Demand":1.0,"DemandMax":null,"Value":953.22005569350006},{"Length":33.7481,"Height":26.10321,"Demand":1.0,"DemandMax":null,"Value":880.933741401},{"Length":18.6699,"Height":40.69199,"Demand":1.0,"DemandMax":null,"Value":759.71538410099993},{"Length":18.78731,"Height":32.66692,"Demand":1.0,"DemandMax":null,"Value":613.7235527852},{"Length":23.04741,"Height":24.21118,"Demand":1.0,"DemandMax":null,"Value":558.00499204379992},{"Length":39.49537,"Height":12.55194,"Demand":1.0,"DemandMax":null,"Value":495.7435145178},{"Length":39.49537,"Height":11.09258,"Demand":1.0,"DemandMax":null,"Value":438.1055513546},{"Length":18.78731,"Height":22.91486,"Demand":1.0,"DemandMax":null,"Value":430.5085784266},{"Length":15.77175,"Height":26.10321,"Demand":1.0,"DemandMax":null,"Value":411.6933023175},{"Length":23.04741,"Height":17.23382,"Demand":1.0,"DemandMax":null,"Value":397.19491540620004},{"Length":23.04741,"Height":16.75752,"Demand":1.0,"DemandMax":null,"Value":386.2174340232},{"Length":13.9628,"Height":26.10321,"Demand":1.0,"DemandMax":null,"Value":364.473900588},{"Length":23.04741,"Height":15.69428,"Demand":1.0,"DemandMax":null,"Value":361.71250581479995},{"Length":26.75075,"Height":13.03801,"Demand":1.0,"DemandMax":null,"Value":348.7765460075},{"Length":12.74462,"Height":23.67126,"Demand":1.0,"DemandMax":null,"Value":301.6812136212},{"Length":18.6699,"Height":15.86889,"Demand":1.0,"DemandMax":null,"Value":296.270589411},{"Length":26.75075,"Height":10.63325,"Demand":1.0,"DemandMax":null,"Value":284.4474124375},{"Length":20.46136,"Height":13.5588,"Demand":1.0,"DemandMax":null,"Value":277.431487968},{"Length":20.58891,"Height":13.02222,"Demand":1.0,"DemandMax":null,"Value":268.1133155802},{"Length":19.03401,"Height":13.5588,"Demand":1.0,"DemandMax":null,"Value":258.07833478799995},{"Length":18.90646,"Height":13.02222,"Demand":1.0,"DemandMax":null,"Value":246.2040815412},{"Length":10.12372,"Height":18.31501,"Demand":1.0,"DemandMax":null,"Value":185.4160330372},{"Length":9.65427,"Height":17.33591,"Demand":1.0,"DemandMax":null,"Value":167.36555583569998},{"Length":8.663592,"Height":18.31501,"Demand":1.0,"DemandMax":null,"Value":158.67377411592},{"Length":9.015635,"Height":17.33591,"Demand":1.0,"DemandMax":null,"Value":156.29423695284999}]}