{"Name":"Path34_50","Objects":[{"Length":100.0,"Height":100.0,"Stock":null,"Cost":10000.0}],"Items":[{"Length":73.76877,"Height":38.92318,"Demand":1.0,"DemandMax":null,"Value":2871.3151130886004},{"Length":100.0,"Height":11.66329,"Demand":1.0,"DemandMax":null,"Value":1166.329},{"Length":67.75803,"Height":11.26922,"Demand":1.0,"DemandMax":null,"Value":763.58014683660008},{"Length":39.00778,"Height":15.07307,"Demand":1.0,"DemandMax":null,"Value":587.96699848459991},{"Length":26.23123,"Height":21.06635,"Demand":1.0,"DemandMax":null,"Value":552.5962721105},{"Length":25.15534,"Height":15.07307,"Demand":1.0,"DemandMax":null,"Value":379.1682006938},{"Length":20.17236,"Height":15.07307,"Demand":1.0,"DemandMax":null,"Value":304.0593943452},{"Length":35.11279,"Height":7.937942,"Demand":1.0,"DemandMax":null,"Value":278.72329047817993},{"Length":15.01087,"Height":13.53192,"Demand":1.0,"DemandMax":null,"Value":203.1258919704},{"Length":19.1138,"Height":10.27773,"Demand":1.0,"DemandMax":null,"Value":196.44647567400003},{"Length":15.75966,"Height":10.27773,"Demand":1.0,"DemandMax":null,"Value":161.9735303718},{"Length":23.73717,"Height":6.810202,"Demand":1.0,"DemandMax":null,"Value":161.65492260834},{"Length":100.0,"Height":1.612372,"Demand":1.0,"DemandMax":null,"Value":161.2372},{"Length":53.77935,"Height":2.878912,"Demand":1.0,"DemandMax":null,"Value":154.82601606720002},{"Length":13.35509,"Height":10.27773,"Demand":1.0,"DemandMax":null,"Value":137.2600091457},{"Length":15.66451,"Height":6.764299,"Demand":1.0,"DemandMax":null,"Value":105.95942932849},{"Length":11.22036,"Height":9.209653,"Demand":1.0,"DemandMax":null,"Value":103.33562213507999},{"Length":9.131855,"Height":10.27773,"Demand":1.0,"DemandMax":null,"Value":93.85474008915},{"Length":61.21004,"Height":1.489743,"Demand":1.0,"DemandMax":null,"Value":91.18722861972},{"Length":46.22065,"Height":1.970806,"Demand":1.0,"DemandMax":null,"Value":91.091934343900007},{"Length":84.33549,"Height":1.034575,"Demand":1.0,"DemandMax":null,"Value":87.251389566749992},{"Length":15.66451,"Height":5.247923,"Demand":1.0,"DemandMax":null,"Value":82.20614231273},{"Length":26.23123,"Height":2.782961,"Demand":1.0,"DemandMax":null,"Value":73.00049007202999},{"Length":15.66451,"Height":4.095419,"Demand":1.0,"DemandMax":null,"Value":64.15273187969},{"Length":29.22364,"Height":2.051142,"Demand":1.0,"DemandMax":null,"Value":59.94183539688},{"Length":60.98172,"Height":0.9608191,"Demand":1.0,"DemandMax":null,"Value":58.592401326852006},{"Length":38.78996,"Height":1.489743,"Demand":1.0,"DemandMax":null,"Value":57.787071380280004},{"Length":60.98172,"Height":0.9082213,"Demand":1.0,"DemandMax":null,"Value":55.384897014636},{"Length":39.7341,"Height":1.31439,"Demand":1.0,"DemandMax":null,"Value":52.226103698999992},{"Length":55.00058,"Height":0.9177907,"Demand":1.0,"DemandMax":null,"Value":50.479020818605996},{"Length":55.00058,"Height":0.8942742,"Demand":1.0,"DemandMax":null,"Value":49.185599679036},{"Length":11.22036,"Height":4.322269,"Demand":1.0,"DemandMax":null,"Value":48.497414196840005},{"Length":44.99942,"Height":1.076728,"Demand":1.0,"DemandMax":null,"Value":48.45213549776},{"Length":4.508477,"Height":10.27773,"Demand":1.0,"DemandMax":null,"Value":46.33690931721},{"Length":18.45132,"Height":2.339787,"Demand":1.0,"DemandMax":null,"Value":43.17215866884},{"Length":55.00058,"Height":0.7824139,"Demand":1.0,"DemandMax":null,"Value":43.033218300061996},{"Length":46.22065,"Height":0.9081065,"Demand":1.0,"DemandMax":null,"Value":41.973272699225},{"Length":60.2659,"Height":0.6925977,"Demand":1.0,"DemandMax":null,"Value":41.74002372843},{"Length":29.22364,"Height":1.417922,"Demand":1.0,"DemandMax":null,"Value":41.43684207608},{"Length":39.01828,"Height":1.052409,"Demand":1.0,"DemandMax":null,"Value":41.063189036519994},{"Length":26.23123,"Height":1.541951,"Demand":1.0,"DemandMax":null,"Value":40.44727132973},{"Length":25.82598,"Height":1.517751,"Demand":1.0,"DemandMax":null,"Value":39.197406970980005},{"Length":16.66147,"Height":2.339787,"Demand":1.0,"DemandMax":null,"Value":38.98429090689},{"Length":60.2659,"Height":0.6217918,"Demand":1.0,"DemandMax":null,"Value":37.47284243962},{"Length":5.486463,"Height":6.810202,"Demand":1.0,"DemandMax":null,"Value":37.363921295526},{"Length":1.561935,"Height":21.54695,"Demand":1.0,"DemandMax":null,"Value":33.65493534825},{"Length":39.01828,"Height":0.8166318,"Demand":1.0,"DemandMax":null,"Value":31.863568229303997},{"Length":1.4564,"Height":21.54695,"Demand":1.0,"DemandMax":null,"Value":31.380977979999997},{"Length":19.17343,"Height":1.517751,"Demand":1.0,"DemandMax":null,"Value":29.10049255593},{"Length":29.22364,"Height":0.9899575,"Demand":1.0,"DemandMax":null,"Value":28.9301615953}]}