{"Name":"Path27_200","Objects":[{"Length":100.0,"Height":100.0,"Stock":null,"Cost":10000.0}],"Items":[{"Length":17.91579,"Height":56.19792,"Demand":1.0,"DemandMax":null,"Value":1006.8301331568001},{"Length":22.77328,"Height":32.92012,"Demand":1.0,"DemandMax":null,"Value":749.69911039359988},{"Length":16.10574,"Height":38.29506,"Demand":1.0,"DemandMax":null,"Value":616.7702796444},{"Length":22.77328,"Height":23.2778,"Demand":1.0,"DemandMax":null,"Value":530.111857184},{"Length":9.305853,"Height":56.19792,"Demand":1.0,"DemandMax":null,"Value":522.96958242576011},{"Length":21.61112,"Height":20.80933,"Demand":1.0,"DemandMax":null,"Value":449.7129277496},{"Length":9.399085,"Height":44.32906,"Demand":1.0,"DemandMax":null,"Value":416.6526029101},{"Length":16.43845,"Height":21.18435,"Demand":1.0,"DemandMax":null,"Value":348.2378782575},{"Length":27.19616,"Height":7.567836,"Demand":1.0,"DemandMax":null,"Value":205.81607870975998},{"Length":5.722466,"Height":30.56623,"Demand":1.0,"DemandMax":null,"Value":174.91421192318},{"Length":27.19616,"Height":4.959248,"Demand":1.0,"DemandMax":null,"Value":134.87250208767998},{"Length":9.399085,"Height":11.86886,"Demand":1.0,"DemandMax":null,"Value":111.5564239931},{"Length":10.54655,"Height":9.802302,"Demand":1.0,"DemandMax":null,"Value":103.38046815809999},{"Length":2.11246,"Height":38.29506,"Demand":1.0,"DemandMax":null,"Value":80.8967824476},{"Length":4.244336,"Height":17.99773,"Demand":1.0,"DemandMax":null,"Value":76.38841335728},{"Length":5.762972,"Height":11.61867,"Demand":1.0,"DemandMax":null,"Value":66.95806988724},{"Length":2.204543,"Height":28.91965,"Demand":1.0,"DemandMax":null,"Value":63.754611969950005},{"Length":0.9702836,"Height":65.01547,"Demand":1.0,"DemandMax":null,"Value":63.083444287292},{"Length":13.96228,"Height":4.384538,"Demand":1.0,"DemandMax":null,"Value":61.21814722664},{"Length":1.985477,"Height":30.56623,"Demand":1.0,"DemandMax":null,"Value":60.68854664171},{"Length":4.574399,"Height":12.73055,"Demand":1.0,"DemandMax":null,"Value":58.23461518944999},{"Length":3.819303,"Height":15.00983,"Demand":1.0,"DemandMax":null,"Value":57.32708874849},{"Length":27.19616,"Height":1.926111,"Demand":1.0,"DemandMax":null,"Value":52.382822933759996},{"Length":0.9466214,"Height":55.20019,"Demand":1.0,"DemandMax":null,"Value":52.253681138066},{"Length":1.787562,"Height":27.31083,"Demand":1.0,"DemandMax":null,"Value":48.81980189646},{"Length":22.6081,"Height":2.116959,"Demand":1.0,"DemandMax":null,"Value":47.8604207679},{"Length":7.677941,"Height":5.956514,"Demand":1.0,"DemandMax":null,"Value":45.733763057674004},{"Length":6.778364,"Height":6.618995,"Demand":1.0,"DemandMax":null,"Value":44.865957424179996},{"Length":7.677941,"Height":5.797954,"Demand":1.0,"DemandMax":null,"Value":44.516348732714},{"Length":5.885391,"Height":7.261114,"Demand":1.0,"DemandMax":null,"Value":42.734494985574},{"Length":14.51735,"Height":2.894511,"Demand":1.0,"DemandMax":null,"Value":42.020629265850005},{"Length":2.800498,"Height":15.00265,"Demand":1.0,"DemandMax":null,"Value":42.0148913197},{"Length":3.18081,"Height":13.19311,"Demand":1.0,"DemandMax":null,"Value":41.9647762191},{"Length":1.217478,"Height":34.22356,"Demand":1.0,"DemandMax":null,"Value":41.66643138168},{"Length":14.81179,"Height":2.71736,"Demand":1.0,"DemandMax":null,"Value":40.248965674400004},{"Length":7.293854,"Height":5.507019,"Demand":1.0,"DemandMax":null,"Value":40.167392561225995},{"Length":1.468533,"Height":26.80287,"Demand":1.0,"DemandMax":null,"Value":39.36089908971},{"Length":8.645823,"Height":4.384538,"Demand":1.0,"DemandMax":null,"Value":37.907939484774},{"Length":50.21266,"Height":0.751634,"Demand":1.0,"DemandMax":null,"Value":37.741542486440004},{"Length":5.885391,"Height":6.348643,"Demand":1.0,"DemandMax":null,"Value":37.364246374413},{"Length":3.061543,"Height":12.18755,"Demand":1.0,"DemandMax":null,"Value":37.31270838965},{"Length":3.19597,"Height":11.66656,"Demand":1.0,"DemandMax":null,"Value":37.2859757632},{"Length":10.18144,"Height":3.65731,"Demand":1.0,"DemandMax":null,"Value":37.2366823264},{"Length":0.9466214,"Height":39.29279,"Demand":1.0,"DemandMax":null,"Value":37.195395879705991},{"Length":8.915155,"Height":4.15336,"Demand":1.0,"DemandMax":null,"Value":37.027848170800006},{"Length":0.6120512,"Height":60.26942,"Demand":1.0,"DemandMax":null,"Value":36.887970834304},{"Length":3.796672,"Height":9.678181,"Demand":1.0,"DemandMax":null,"Value":36.744878813632},{"Length":12.67881,"Height":2.894511,"Demand":1.0,"DemandMax":null,"Value":36.69895501191},{"Length":0.6054265,"Height":60.26942,"Demand":1.0,"DemandMax":null,"Value":36.48870400763},{"Length":1.024813,"Height":35.32552,"Demand":1.0,"DemandMax":null,"Value":36.20205212776},{"Length":16.43845,"Height":2.170057,"Demand":1.0,"DemandMax":null,"Value":35.67237349165},{"Length":50.21266,"Height":0.7000988,"Demand":1.0,"DemandMax":null,"Value":35.153823010808004},{"Length":27.19616,"Height":1.286387,"Demand":1.0,"DemandMax":null,"Value":34.98478667392},{"Length":3.061543,"Height":11.3835,"Demand":1.0,"DemandMax":null,"Value":34.851074740499996},{"Length":9.945886,"Height":3.483465,"Demand":1.0,"DemandMax":null,"Value":34.646145774989996},{"Length":2.800498,"Height":12.30817,"Demand":1.0,"DemandMax":null,"Value":34.46900546866},{"Length":2.951705,"Height":11.63272,"Demand":1.0,"DemandMax":null,"Value":34.3363577876},{"Length":27.19616,"Height":1.260926,"Demand":1.0,"DemandMax":null,"Value":34.292345244159996},{"Length":3.812447,"Height":8.948759,"Demand":1.0,"DemandMax":null,"Value":34.116669403273008},{"Length":1.258533,"Height":26.80287,"Demand":1.0,"DemandMax":null,"Value":33.732296389709994},{"Length":7.017432,"Height":4.724738,"Demand":1.0,"DemandMax":null,"Value":33.155527632816},{"Length":33.67268,"Height":0.980131,"Demand":1.0,"DemandMax":null,"Value":33.00363752108},{"Length":27.19616,"Height":1.197336,"Demand":1.0,"DemandMax":null,"Value":32.562941429759995},{"Length":11.1171,"Height":2.880029,"Demand":1.0,"DemandMax":null,"Value":32.0175703959},{"Length":17.84629,"Height":1.782617,"Demand":1.0,"DemandMax":null,"Value":31.813099940929998},{"Length":6.923576,"Height":4.577518,"Demand":1.0,"DemandMax":null,"Value":31.692793764368},{"Length":7.523293,"Height":4.15336,"Demand":1.0,"DemandMax":null,"Value":31.24694421448},{"Length":1.064308,"Height":28.91965,"Demand":1.0,"DemandMax":null,"Value":30.779414852200002},{"Length":3.268851,"Height":9.375413,"Demand":1.0,"DemandMax":null,"Value":30.646828160463002},{"Length":1.904377,"Height":16.07004,"Demand":1.0,"DemandMax":null,"Value":30.603414565079998},{"Length":6.400129,"Height":4.771294,"Demand":1.0,"DemandMax":null,"Value":30.536897096926},{"Length":9.349867,"Height":3.135571,"Demand":1.0,"DemandMax":null,"Value":29.317171819057},{"Length":4.922844,"Height":5.936401,"Demand":1.0,"DemandMax":null,"Value":29.223976044444004},{"Length":27.19616,"Height":1.062411,"Demand":1.0,"DemandMax":null,"Value":28.893499541759997},{"Length":4.689342,"Height":6.150831,"Demand":1.0,"DemandMax":null,"Value":28.843350143202},{"Length":27.19616,"Height":1.057027,"Demand":1.0,"DemandMax":null,"Value":28.747075416319998},{"Length":6.263726,"Height":4.502674,"Demand":1.0,"DemandMax":null,"Value":28.203516203324},{"Length":9.916972,"Height":2.789659,"Demand":1.0,"DemandMax":null,"Value":27.664970192547997},{"Length":4.574399,"Height":6.016073,"Demand":1.0,"DemandMax":null,"Value":27.519918315126997},{"Length":35.35202,"Height":0.768316,"Demand":1.0,"DemandMax":null,"Value":27.16152259832},{"Length":2.267913,"Height":11.66656,"Demand":1.0,"DemandMax":null,"Value":26.458743089280002},{"Length":5.842816,"Height":4.502674,"Demand":1.0,"DemandMax":null,"Value":26.308295689984},{"Length":3.399419,"Height":7.728837,"Demand":1.0,"DemandMax":null,"Value":26.273555345703002},{"Length":6.923576,"Height":3.763472,"Demand":1.0,"DemandMax":null,"Value":26.056684415872},{"Length":2.167866,"Height":11.66656,"Demand":1.0,"DemandMax":null,"Value":25.29153876096},{"Length":35.5349,"Height":0.7098645,"Demand":1.0,"DemandMax":null,"Value":25.22496402105},{"Length":16.43845,"Height":1.520266,"Demand":1.0,"DemandMax":null,"Value":24.9908166277},{"Length":0.7026033,"Height":35.32552,"Demand":1.0,"DemandMax":null,"Value":24.819826926216},{"Length":3.236663,"Height":7.620655,"Demand":1.0,"DemandMax":null,"Value":24.665492074265},{"Length":4.574399,"Height":5.375979,"Demand":1.0,"DemandMax":null,"Value":24.591872961621},{"Length":2.934546,"Height":8.340991,"Demand":1.0,"DemandMax":null,"Value":24.477021775086},{"Length":6.703729,"Height":3.64205,"Demand":1.0,"DemandMax":null,"Value":24.415316204449997},{"Length":1.024641,"Height":23.57105,"Demand":1.0,"DemandMax":null,"Value":24.151864243049996},{"Length":8.477519,"Height":2.847789,"Demand":1.0,"DemandMax":null,"Value":24.142185355490998},{"Length":1.662992,"Height":14.23058,"Demand":1.0,"DemandMax":null,"Value":23.66534069536},{"Length":4.244336,"Height":5.552841,"Demand":1.0,"DemandMax":null,"Value":23.568122958575998},{"Length":27.19616,"Height":0.8626478,"Demand":1.0,"DemandMax":null,"Value":23.460707592448},{"Length":9.287789,"Height":2.49352,"Demand":1.0,"DemandMax":null,"Value":23.15928762728},{"Length":9.273318,"Height":2.49352,"Demand":1.0,"DemandMax":null,"Value":23.12320389936},{"Length":3.812447,"Height":6.061071,"Demand":1.0,"DemandMax":null,"Value":23.107511950737003},{"Length":27.19616,"Height":0.8491564,"Demand":1.0,"DemandMax":null,"Value":23.093793319424},{"Length":3.236663,"Height":7.123833,"Demand":1.0,"DemandMax":null,"Value":23.057446689279},{"Length":10.11784,"Height":2.251075,"Demand":1.0,"DemandMax":null,"Value":22.776016678},{"Length":7.542648,"Height":2.994557,"Demand":1.0,"DemandMax":null,"Value":22.586889366936},{"Length":7.546969,"Height":2.992685,"Demand":1.0,"DemandMax":null,"Value":22.585700921765},{"Length":1.858798,"Height":11.93833,"Demand":1.0,"DemandMax":null,"Value":22.19094392734},{"Length":16.11265,"Height":1.330442,"Demand":1.0,"DemandMax":null,"Value":21.436946291299996},{"Length":1.662992,"Height":12.57228,"Demand":1.0,"DemandMax":null,"Value":20.907601061759998},{"Length":8.477519,"Height":2.39281,"Demand":1.0,"DemandMax":null,"Value":20.285092238389996},{"Length":3.586585,"Height":5.291166,"Demand":1.0,"DemandMax":null,"Value":18.977216608109998},{"Length":3.422192,"Height":5.507019,"Demand":1.0,"DemandMax":null,"Value":18.846076365648},{"Length":1.256642,"Height":14.74449,"Demand":1.0,"DemandMax":null,"Value":18.52854540258},{"Length":3.603026,"Height":5.093547,"Demand":1.0,"DemandMax":null,"Value":18.352182273222},{"Length":2.352913,"Height":7.728837,"Demand":1.0,"DemandMax":null,"Value":18.185281052181},{"Length":2.42216,"Height":7.465202,"Demand":1.0,"DemandMax":null,"Value":18.08191367632},{"Length":3.796672,"Height":4.694064,"Demand":1.0,"DemandMax":null,"Value":17.821821355008},{"Length":11.1171,"Height":1.583801,"Demand":1.0,"DemandMax":null,"Value":17.6072740971},{"Length":6.703729,"Height":2.562848,"Demand":1.0,"DemandMax":null,"Value":17.180638460192},{"Length":3.545756,"Height":4.771294,"Demand":1.0,"DemandMax":null,"Value":16.917844328264},{"Length":3.191778,"Height":5.291166,"Demand":1.0,"DemandMax":null,"Value":16.888227233147997},{"Length":11.70422,"Height":1.402168,"Demand":1.0,"DemandMax":null,"Value":16.41128274896},{"Length":16.53997,"Height":0.980131,"Demand":1.0,"DemandMax":null,"Value":16.21133733607},{"Length":14.20394,"Height":1.13697,"Demand":1.0,"DemandMax":null,"Value":16.1494536618},{"Length":21.86469,"Height":0.7256839,"Demand":1.0,"DemandMax":null,"Value":15.866853511491001},{"Length":4.922844,"Height":3.190563,"Demand":1.0,"DemandMax":null,"Value":15.706643921172002},{"Length":0.8700914,"Height":18.02748,"Demand":1.0,"DemandMax":null,"Value":15.685555311672},{"Length":1.207685,"Height":12.92365,"Demand":1.0,"DemandMax":null,"Value":15.60769825025},{"Length":8.379663,"Height":1.862538,"Demand":1.0,"DemandMax":null,"Value":15.607440764694001},{"Length":0.9575956,"Height":16.29456,"Demand":1.0,"DemandMax":null,"Value":15.603598959936},{"Length":0.5281796,"Height":29.47751,"Demand":1.0,"DemandMax":null,"Value":15.569419440795999},{"Length":2.814659,"Height":5.507019,"Demand":1.0,"DemandMax":null,"Value":15.500380591520997},{"Length":0.9467816,"Height":16.29456,"Demand":1.0,"DemandMax":null,"Value":15.427389588096},{"Length":9.945886,"Height":1.547543,"Demand":1.0,"DemandMax":null,"Value":15.391686258097998},{"Length":34.26279,"Height":0.4462025,"Demand":1.0,"DemandMax":null,"Value":15.288142554975002},{"Length":5.577044,"Height":2.729705,"Demand":1.0,"DemandMax":null,"Value":15.22368489202},{"Length":16.43845,"Height":0.9260365,"Demand":1.0,"DemandMax":null,"Value":15.222604703425},{"Length":27.19616,"Height":0.5568625,"Demand":1.0,"DemandMax":null,"Value":15.144521648000001},{"Length":1.955611,"Height":7.728837,"Demand":1.0,"DemandMax":null,"Value":15.114598654407},{"Length":0.6400514,"Height":23.57105,"Demand":1.0,"DemandMax":null,"Value":15.086683551970001},{"Length":0.8700914,"Height":17.29804,"Demand":1.0,"DemandMax":null,"Value":15.050875840856},{"Length":8.379663,"Height":1.794773,"Demand":1.0,"DemandMax":null,"Value":15.039592901499},{"Length":1.928917,"Height":7.666141,"Demand":1.0,"DemandMax":null,"Value":14.787349699297},{"Length":12.99222,"Height":1.13697,"Demand":1.0,"DemandMax":null,"Value":14.7717643734},{"Length":11.08351,"Height":1.330442,"Demand":1.0,"DemandMax":null,"Value":14.74596721142},{"Length":4.574399,"Height":3.210299,"Demand":1.0,"DemandMax":null,"Value":14.685188535300998},{"Length":34.26279,"Height":0.4250884,"Demand":1.0,"DemandMax":null,"Value":14.564714580636},{"Length":1.098921,"Height":13.19311,"Demand":1.0,"DemandMax":null,"Value":14.498185634310001},{"Length":10.32774,"Height":1.389127,"Demand":1.0,"DemandMax":null,"Value":14.34654248298},{"Length":10.32774,"Height":1.388187,"Demand":1.0,"DemandMax":null,"Value":14.336834407380001},{"Length":1.867755,"Height":7.666141,"Demand":1.0,"DemandMax":null,"Value":14.318473183455},{"Length":8.477519,"Height":1.670105,"Demand":1.0,"DemandMax":null,"Value":14.158346869494999},{"Length":0.9587165,"Height":14.74449,"Demand":1.0,"DemandMax":null,"Value":14.135785847085},{"Length":15.49495,"Height":0.901805,"Demand":1.0,"DemandMax":null,"Value":13.97342338475},{"Length":15.94987,"Height":0.8712909,"Demand":1.0,"DemandMax":null,"Value":13.896976587183},{"Length":6.703729,"Height":2.058535,"Demand":1.0,"DemandMax":null,"Value":13.799860777015},{"Length":2.237412,"Height":6.150831,"Demand":1.0,"DemandMax":null,"Value":13.761943089372},{"Length":4.922844,"Height":2.783196,"Demand":1.0,"DemandMax":null,"Value":13.701239729424},{"Length":4.894815,"Height":2.789659,"Demand":1.0,"DemandMax":null,"Value":13.654864718085001},{"Length":7.289956,"Height":1.854297,"Demand":1.0,"DemandMax":null,"Value":13.517743540932},{"Length":0.6767946,"Height":19.74959,"Demand":1.0,"DemandMax":null,"Value":13.366415864214002},{"Length":7.15577,"Height":1.854297,"Demand":1.0,"DemandMax":null,"Value":13.268922843690001},{"Length":1.092908,"Height":11.93833,"Demand":1.0,"DemandMax":null,"Value":13.04749636364},{"Length":0.442104,"Height":29.47751,"Demand":1.0,"DemandMax":null,"Value":13.03212508104},{"Length":4.7507,"Height":2.729705,"Demand":1.0,"DemandMax":null,"Value":12.968009543500001},{"Length":27.19616,"Height":0.4762782,"Demand":1.0,"DemandMax":null,"Value":12.952938131712},{"Length":1.55202,"Height":8.340991,"Demand":1.0,"DemandMax":null,"Value":12.94538485182},{"Length":1.207685,"Height":10.62692,"Demand":1.0,"DemandMax":null,"Value":12.833971880199998},{"Length":0.6767946,"Height":18.54548,"Demand":1.0,"DemandMax":null,"Value":12.551480718408001},{"Length":3.715369,"Height":3.377065,"Demand":1.0,"DemandMax":null,"Value":12.547042611984999},{"Length":17.84629,"Height":0.6867561,"Demand":1.0,"DemandMax":null,"Value":12.256048519869},{"Length":6.534494,"Height":1.854297,"Demand":1.0,"DemandMax":null,"Value":12.116892620718},{"Length":5.377114,"Height":2.251075,"Demand":1.0,"DemandMax":null,"Value":12.10428689755},{"Length":17.84629,"Height":0.6661984,"Demand":1.0,"DemandMax":null,"Value":11.889169843936},{"Length":1.425279,"Height":8.340991,"Demand":1.0,"DemandMax":null,"Value":11.888239311489},{"Length":4.574399,"Height":2.560833,"Demand":1.0,"DemandMax":null,"Value":11.714271914367},{"Length":3.603026,"Height":3.247444,"Demand":1.0,"DemandMax":null,"Value":11.700625165544},{"Length":11.1171,"Height":1.043189,"Demand":1.0,"DemandMax":null,"Value":11.597236431899999},{"Length":6.21594,"Height":1.854297,"Demand":1.0,"DemandMax":null,"Value":11.52619889418},{"Length":14.86064,"Height":0.768316,"Demand":1.0,"DemandMax":null,"Value":11.41766748224},{"Length":7.546969,"Height":1.509989,"Demand":1.0,"DemandMax":null,"Value":11.395840173341},{"Length":7.542648,"Height":1.508117,"Demand":1.0,"DemandMax":null,"Value":11.375195673816},{"Length":4.574399,"Height":2.470869,"Demand":1.0,"DemandMax":null,"Value":11.302740682730999},{"Length":0.9645597,"Height":11.61867,"Demand":1.0,"DemandMax":null,"Value":11.206900849599},{"Length":3.302064,"Height":3.377065,"Demand":1.0,"DemandMax":null,"Value":11.15128476216},{"Length":15.49193,"Height":0.7155713,"Demand":1.0,"DemandMax":null,"Value":11.085580489609},{"Length":3.796672,"Height":2.861013,"Demand":1.0,"DemandMax":null,"Value":10.862327948735999},{"Length":1.60566,"Height":6.627848,"Demand":1.0,"DemandMax":null,"Value":10.642070419680001},{"Length":15.49193,"Height":0.6865963,"Demand":1.0,"DemandMax":null,"Value":10.636701817859},{"Length":1.60566,"Height":6.565261,"Demand":1.0,"DemandMax":null,"Value":10.54157697726},{"Length":1.708299,"Height":6.150831,"Demand":1.0,"DemandMax":null,"Value":10.507458446469},{"Length":0.9042178,"Height":11.61867,"Demand":1.0,"DemandMax":null,"Value":10.505808226326},{"Length":0.50344,"Height":20.80933,"Demand":1.0,"DemandMax":null,"Value":10.4762490952},{"Length":14.36155,"Height":0.7256839,"Demand":1.0,"DemandMax":null,"Value":10.421945614045},{"Length":14.67775,"Height":0.7098645,"Demand":1.0,"DemandMax":null,"Value":10.419213664875},{"Length":6.703729,"Height":1.53887,"Demand":1.0,"DemandMax":null,"Value":10.31616744623},{"Length":0.4935371,"Height":20.80933,"Demand":1.0,"DemandMax":null,"Value":10.270176381143},{"Length":1.374512,"Height":7.465202,"Demand":1.0,"DemandMax":null,"Value":10.261009731424},{"Length":15.49495,"Height":0.6554776,"Demand":1.0,"DemandMax":null,"Value":10.15659263812},{"Length":13.98641,"Height":0.7256839,"Demand":1.0,"DemandMax":null,"Value":10.149712555799},{"Length":8.477519,"Height":1.191099,"Demand":1.0,"DemandMax":null,"Value":10.097564403380998}]}