{"Name":"Path6_1t","Objects":[{"Length":100.0,"Height":100.0,"Stock":null,"Cost":10000.0}],"Items":[{"Length":15.52961,"Height":18.11091,"Demand":1.0,"DemandMax":null,"Value":281.2553690451},{"Length":11.87949,"Height":20.84745,"Demand":1.0,"DemandMax":null,"Value":247.6570738005},{"Length":6.412327,"Height":31.06429,"Demand":1.0,"DemandMax":null,"Value":199.19438550283002},{"Length":18.66192,"Height":10.61667,"Demand":1.0,"DemandMax":null,"Value":198.12744620639998},{"Length":11.87949,"Height":16.06903,"Demand":1.0,"DemandMax":null,"Value":190.89188119470003},{"Length":18.80576,"Height":8.860379,"Demand":1.0,"DemandMax":null,"Value":166.62616098304},{"Length":5.663816,"Height":26.98405,"Demand":1.0,"DemandMax":null,"Value":152.8326941348},{"Length":13.22902,"Height":10.60862,"Demand":1.0,"DemandMax":null,"Value":140.34164615240002},{"Length":6.547603,"Height":20.27604,"Demand":1.0,"DemandMax":null,"Value":132.75946033211997},{"Length":4.254497,"Height":29.21014,"Demand":1.0,"DemandMax":null,"Value":124.27445299957999},{"Length":11.43511,"Height":7.871753,"Demand":1.0,"DemandMax":null,"Value":90.01436144783},{"Length":15.50948,"Height":5.183671,"Demand":1.0,"DemandMax":null,"Value":80.396041701080009},{"Length":6.547603,"Height":12.14858,"Demand":1.0,"DemandMax":null,"Value":79.54407885374},{"Length":7.251365,"Height":10.01491,"Demand":1.0,"DemandMax":null,"Value":72.62176785215},{"Length":12.9271,"Height":5.503909,"Demand":1.0,"DemandMax":null,"Value":71.1495820339},{"Length":4.787358,"Height":14.41521,"Demand":1.0,"DemandMax":null,"Value":69.01077091518},{"Length":8.723103,"Height":7.87415,"Demand":1.0,"DemandMax":null,"Value":68.68702148745},{"Length":14.00259,"Height":4.765527,"Demand":1.0,"DemandMax":null,"Value":66.72972071493},{"Length":7.283879,"Height":9.105983,"Demand":1.0,"DemandMax":null,"Value":66.326878348057},{"Length":7.274716,"Height":8.921133,"Demand":1.0,"DemandMax":null,"Value":64.898708973228},{"Length":10.20068,"Height":6.139173,"Demand":1.0,"DemandMax":null,"Value":62.62373923764},{"Length":4.526591,"Height":13.70189,"Demand":1.0,"DemandMax":null,"Value":62.02285195699},{"Length":4.987093,"Height":11.09018,"Demand":1.0,"DemandMax":null,"Value":55.307759046739996},{"Length":13.21557,"Height":4.093405,"Demand":1.0,"DemandMax":null,"Value":54.096680315849994},{"Length":12.40707,"Height":4.326717,"Demand":1.0,"DemandMax":null,"Value":53.68188068919},{"Length":8.279058,"Height":6.170653,"Demand":1.0,"DemandMax":null,"Value":51.087194084873992},{"Length":7.251365,"Height":6.831516,"Demand":1.0,"DemandMax":null,"Value":49.53781601934},{"Length":25.02755,"Height":1.871825,"Demand":1.0,"DemandMax":null,"Value":46.847193778750004},{"Length":2.742968,"Height":17.00825,"Demand":1.0,"DemandMax":null,"Value":46.653085485999995},{"Length":2.599724,"Height":17.88592,"Demand":1.0,"DemandMax":null,"Value":46.49845548608},{"Length":6.994641,"Height":6.471275,"Demand":1.0,"DemandMax":null,"Value":45.264245437275},{"Length":3.060775,"Height":14.57772,"Demand":1.0,"DemandMax":null,"Value":44.619120933},{"Length":43.18424,"Height":0.9786755,"Demand":1.0,"DemandMax":null,"Value":42.26335767412},{"Length":10.20068,"Height":4.033887,"Demand":1.0,"DemandMax":null,"Value":41.148390443160004},{"Length":1.461737,"Height":27.68968,"Demand":1.0,"DemandMax":null,"Value":40.47502977416},{"Length":11.43511,"Height":3.41097,"Demand":1.0,"DemandMax":null,"Value":39.0048171567},{"Length":7.274716,"Height":5.337769,"Demand":1.0,"DemandMax":null,"Value":38.830753548603994},{"Length":1.432596,"Height":26.98405,"Demand":1.0,"DemandMax":null,"Value":38.6572420938},{"Length":7.402642,"Height":5.2007,"Demand":1.0,"DemandMax":null,"Value":38.4989202494},{"Length":1.124552,"Height":33.56529,"Demand":1.0,"DemandMax":null,"Value":37.74591400008},{"Length":13.22902,"Height":2.789783,"Demand":1.0,"DemandMax":null,"Value":36.90609510266},{"Length":1.013281,"Height":34.81314,"Demand":1.0,"DemandMax":null,"Value":35.275493312340004},{"Length":1.050948,"Height":33.56529,"Demand":1.0,"DemandMax":null,"Value":35.27537439492},{"Length":5.326845,"Height":6.495648,"Demand":1.0,"DemandMax":null,"Value":34.60131007056},{"Length":43.18424,"Height":0.789969,"Demand":1.0,"DemandMax":null,"Value":34.11421088856},{"Length":0.9701629,"Height":34.81314,"Demand":1.0,"DemandMax":null,"Value":33.774416860506},{"Length":13.22902,"Height":2.54943,"Demand":1.0,"DemandMax":null,"Value":33.7264604586},{"Length":8.58013,"Height":3.800059,"Demand":1.0,"DemandMax":null,"Value":32.605000227670004},{"Length":2.637512,"Height":12.14216,"Demand":1.0,"DemandMax":null,"Value":32.02509270592},{"Length":2.356719,"Height":13.30326,"Demand":1.0,"DemandMax":null,"Value":31.35204560394},{"Length":10.3092,"Height":3.010308,"Demand":1.0,"DemandMax":null,"Value":31.033867233600002},{"Length":4.554348,"Height":6.768949,"Demand":1.0,"DemandMax":null,"Value":30.828149340252},{"Length":12.62009,"Height":2.414381,"Demand":1.0,"DemandMax":null,"Value":30.46970551429},{"Length":5.770316,"Height":5.166095,"Demand":1.0,"DemandMax":null,"Value":29.810000636020003},{"Length":9.083142,"Height":3.240412,"Demand":1.0,"DemandMax":null,"Value":29.433122334504002},{"Length":8.232248,"Height":3.54976,"Demand":1.0,"DemandMax":null,"Value":29.222504660480002},{"Length":5.33154,"Height":5.431382,"Demand":1.0,"DemandMax":null,"Value":28.957630388280002},{"Length":11.04442,"Height":2.4728,"Demand":1.0,"DemandMax":null,"Value":27.310641776},{"Length":3.104234,"Height":8.785844,"Demand":1.0,"DemandMax":null,"Value":27.273315663496003},{"Length":1.104669,"Height":23.7427,"Demand":1.0,"DemandMax":null,"Value":26.2278246663},{"Length":25.02755,"Height":1.043346,"Demand":1.0,"DemandMax":null,"Value":26.112394182300005},{"Length":11.43511,"Height":2.230453,"Demand":1.0,"DemandMax":null,"Value":25.505475404829998},{"Length":5.452971,"Height":4.671063,"Demand":1.0,"DemandMax":null,"Value":25.471171078173},{"Length":10.20068,"Height":2.486874,"Demand":1.0,"DemandMax":null,"Value":25.36780587432},{"Length":22.77545,"Height":1.113228,"Demand":1.0,"DemandMax":null,"Value":25.354268652600002},{"Length":2.028252,"Height":12.35548,"Demand":1.0,"DemandMax":null,"Value":25.060027020960003},{"Length":4.055431,"Height":6.170653,"Demand":1.0,"DemandMax":null,"Value":25.024657466442996},{"Length":15.8063,"Height":1.561185,"Demand":1.0,"DemandMax":null,"Value":24.6765584655},{"Length":6.647036,"Height":3.698839,"Demand":1.0,"DemandMax":null,"Value":24.586315991204},{"Length":5.384695,"Height":4.512078,"Demand":1.0,"DemandMax":null,"Value":24.296163846209996},{"Length":8.232248,"Height":2.945888,"Demand":1.0,"DemandMax":null,"Value":24.251280596224},{"Length":34.86235,"Height":0.665299,"Demand":1.0,"DemandMax":null,"Value":23.19388659265},{"Length":34.86235,"Height":0.6529056,"Demand":1.0,"DemandMax":null,"Value":22.76182354416},{"Length":0.5138388,"Height":42.97031,"Demand":1.0,"DemandMax":null,"Value":22.079812526028},{"Length":7.655504,"Height":2.864341,"Demand":1.0,"DemandMax":null,"Value":21.927973982864},{"Length":0.7445523,"Height":29.34855,"Demand":1.0,"DemandMax":null,"Value":21.851530404164997},{"Length":1.042439,"Height":20.92666,"Demand":1.0,"DemandMax":null,"Value":21.814766523739998},{"Length":4.526591,"Height":4.746121,"Demand":1.0,"DemandMax":null,"Value":21.483748603510996},{"Length":1.235526,"Height":16.918,"Demand":1.0,"DemandMax":null,"Value":20.902628867999997},{"Length":3.859174,"Height":5.251402,"Demand":1.0,"DemandMax":null,"Value":20.266074061947997},{"Length":7.655504,"Height":2.639568,"Demand":1.0,"DemandMax":null,"Value":20.207223382272},{"Length":0.4633484,"Height":42.97031,"Demand":1.0,"DemandMax":null,"Value":19.910224386004},{"Length":1.002289,"Height":19.83092,"Demand":1.0,"DemandMax":null,"Value":19.876312975879998},{"Length":1.092019,"Height":18.11091,"Demand":1.0,"DemandMax":null,"Value":19.77745782729},{"Length":19.34743,"Height":1.018344,"Demand":1.0,"DemandMax":null,"Value":19.70233925592},{"Length":6.658689,"Height":2.892297,"Demand":1.0,"DemandMax":null,"Value":19.258906218633},{"Length":5.384695,"Height":3.569772,"Demand":1.0,"DemandMax":null,"Value":19.22213343954},{"Length":8.790603,"Height":2.168265,"Demand":1.0,"DemandMax":null,"Value":19.060356813795},{"Length":1.636203,"Height":11.59903,"Demand":1.0,"DemandMax":null,"Value":18.978367683090003},{"Length":0.4940836,"Height":38.1384,"Demand":1.0,"DemandMax":null,"Value":18.84355797024},{"Length":7.283879,"Height":2.577173,"Demand":1.0,"DemandMax":null,"Value":18.771816294067},{"Length":3.619186,"Height":5.161845,"Demand":1.0,"DemandMax":null,"Value":18.68167715817},{"Length":0.4831035,"Height":38.1384,"Demand":1.0,"DemandMax":null,"Value":18.4247945244},{"Length":0.6679643,"Height":27.45113,"Demand":1.0,"DemandMax":null,"Value":18.336374834658997},{"Length":4.526591,"Height":4.015896,"Demand":1.0,"DemandMax":null,"Value":18.178318690536},{"Length":1.52841,"Height":11.83038,"Demand":1.0,"DemandMax":null,"Value":18.0816710958},{"Length":3.182891,"Height":5.604328,"Demand":1.0,"DemandMax":null,"Value":17.837965152248},{"Length":0.6019069,"Height":28.69854,"Demand":1.0,"DemandMax":null,"Value":17.273849245926},{"Length":1.78545,"Height":9.661976,"Demand":1.0,"DemandMax":null,"Value":17.250975049199997},{"Length":0.5231521,"Height":32.94431,"Demand":1.0,"DemandMax":null,"Value":17.234884959551},{"Length":5.875981,"Height":2.915171,"Demand":1.0,"DemandMax":null,"Value":17.129489407751002},{"Length":5.88862,"Height":2.908849,"Demand":1.0,"DemandMax":null,"Value":17.129106398380003},{"Length":3.157262,"Height":5.382627,"Demand":1.0,"DemandMax":null,"Value":16.994363687274},{"Length":1.877409,"Height":8.826794,"Demand":1.0,"DemandMax":null,"Value":16.571502496746},{"Length":7.873219,"Height":2.033991,"Demand":1.0,"DemandMax":null,"Value":16.014056587029},{"Length":7.748197,"Height":2.064141,"Demand":1.0,"DemandMax":null,"Value":15.993371103777},{"Length":6.570002,"Height":2.431088,"Demand":1.0,"DemandMax":null,"Value":15.972253022175998},{"Length":2.795074,"Height":5.670474,"Demand":1.0,"DemandMax":null,"Value":15.849394445076},{"Length":2.055098,"Height":7.599408,"Demand":1.0,"DemandMax":null,"Value":15.617528181984001},{"Length":1.18006,"Height":13.20695,"Demand":1.0,"DemandMax":null,"Value":15.584993417000003},{"Length":4.42108,"Height":3.523113,"Demand":1.0,"DemandMax":null,"Value":15.57596442204},{"Length":4.653523,"Height":3.301056,"Demand":1.0,"DemandMax":null,"Value":15.361540020287999},{"Length":0.7309444,"Height":20.92666,"Demand":1.0,"DemandMax":null,"Value":15.296224937704},{"Length":1.792308,"Height":8.483999,"Demand":1.0,"DemandMax":null,"Value":15.205939279692002},{"Length":14.92023,"Height":1.018344,"Demand":1.0,"DemandMax":null,"Value":15.193926699119999},{"Length":4.568565,"Height":3.301056,"Demand":1.0,"DemandMax":null,"Value":15.081088904640001},{"Length":0.7645833,"Height":18.62433,"Demand":1.0,"DemandMax":null,"Value":14.239851691689},{"Length":1.065716,"Height":13.35556,"Demand":1.0,"DemandMax":null,"Value":14.233233980960002},{"Length":0.7711819,"Height":18.10979,"Demand":1.0,"DemandMax":null,"Value":13.965942260801},{"Length":5.629138,"Height":2.459181,"Demand":1.0,"DemandMax":null,"Value":13.843069215978002},{"Length":34.26766,"Height":0.4027619,"Demand":1.0,"DemandMax":null,"Value":13.801707850154},{"Length":23.03703,"Height":0.5946144,"Demand":1.0,"DemandMax":null,"Value":13.698149771232},{"Length":8.701649,"Height":1.559956,"Demand":1.0,"DemandMax":null,"Value":13.574189567443998},{"Length":6.647036,"Height":2.035024,"Demand":1.0,"DemandMax":null,"Value":13.526877788863999},{"Length":4.239452,"Height":3.154813,"Demand":1.0,"DemandMax":null,"Value":13.374678282476},{"Length":4.526591,"Height":2.944241,"Demand":1.0,"DemandMax":null,"Value":13.327374812431},{"Length":0.7122406,"Height":18.62433,"Demand":1.0,"DemandMax":null,"Value":13.265003973798},{"Length":1.770009,"Height":7.391107,"Demand":1.0,"DemandMax":null,"Value":13.082325909963},{"Length":2.246646,"Height":5.810225,"Demand":1.0,"DemandMax":null,"Value":13.053518755350002},{"Length":0.8630261,"Height":15.03259,"Demand":1.0,"DemandMax":null,"Value":12.973517520599001},{"Length":5.309487,"Height":2.431088,"Demand":1.0,"DemandMax":null,"Value":12.907830131855999},{"Length":1.106765,"Height":11.59903,"Demand":1.0,"DemandMax":null,"Value":12.83740043795},{"Length":1.197251,"Height":10.71811,"Demand":1.0,"DemandMax":null,"Value":12.83226791561},{"Length":22.30441,"Height":0.57279,"Demand":1.0,"DemandMax":null,"Value":12.7757430039},{"Length":3.477001,"Height":3.663489,"Demand":1.0,"DemandMax":null,"Value":12.737954916489},{"Length":1.130381,"Height":11.23696,"Demand":1.0,"DemandMax":null,"Value":12.70204608176},{"Length":8.916582,"Height":1.421106,"Demand":1.0,"DemandMax":null,"Value":12.671408179692},{"Length":1.18006,"Height":10.65718,"Demand":1.0,"DemandMax":null,"Value":12.576111830800002},{"Length":7.499188,"Height":1.674076,"Demand":1.0,"DemandMax":null,"Value":12.554210650287999},{"Length":7.748197,"Height":1.614438,"Demand":1.0,"DemandMax":null,"Value":12.508983668286001},{"Length":5.88862,"Height":2.100461,"Demand":1.0,"DemandMax":null,"Value":12.368816653820002},{"Length":0.90021,"Height":13.73851,"Demand":1.0,"DemandMax":null,"Value":12.367544087099999},{"Length":1.104669,"Height":11.07043,"Demand":1.0,"DemandMax":null,"Value":12.22916083767},{"Length":2.735079,"Height":4.457021,"Demand":1.0,"DemandMax":null,"Value":12.190304539659},{"Length":10.20068,"Height":1.140938,"Demand":1.0,"DemandMax":null,"Value":11.63834343784},{"Length":2.3603,"Height":4.825353,"Demand":1.0,"DemandMax":null,"Value":11.3892806859},{"Length":0.5406848,"Height":20.92666,"Demand":1.0,"DemandMax":null,"Value":11.314726976767998},{"Length":3.339382,"Height":3.351045,"Demand":1.0,"DemandMax":null,"Value":11.19041935419},{"Length":1.728462,"Height":6.471275,"Demand":1.0,"DemandMax":null,"Value":11.18535292905},{"Length":6.654237,"Height":1.674076,"Demand":1.0,"DemandMax":null,"Value":11.139698460012},{"Length":9.75127,"Height":1.142041,"Demand":1.0,"DemandMax":null,"Value":11.13635014207},{"Length":2.709095,"Height":4.093405,"Demand":1.0,"DemandMax":null,"Value":11.089423018475},{"Length":5.614103,"Height":1.970085,"Demand":1.0,"DemandMax":null,"Value":11.060260108755001},{"Length":8.321887,"Height":1.318205,"Demand":1.0,"DemandMax":null,"Value":10.969953052835},{"Length":10.20068,"Height":1.059658,"Demand":1.0,"DemandMax":null,"Value":10.80923216744},{"Length":1.295631,"Height":8.325489,"Demand":1.0,"DemandMax":null,"Value":10.786761638559},{"Length":0.5283741,"Height":20.38276,"Demand":1.0,"DemandMax":null,"Value":10.769722470516},{"Length":0.7445523,"Height":14.40918,"Demand":1.0,"DemandMax":null,"Value":10.728388110113999},{"Length":4.003094,"Height":2.666016,"Demand":1.0,"DemandMax":null,"Value":10.672312653504},{"Length":1.222831,"Height":8.645849,"Demand":1.0,"DemandMax":null,"Value":10.572412178519},{"Length":4.452892,"Height":2.330729,"Demand":1.0,"DemandMax":null,"Value":10.378484518268},{"Length":0.90021,"Height":11.35196,"Demand":1.0,"DemandMax":null,"Value":10.2191479116},{"Length":5.117454,"Height":1.990511,"Demand":1.0,"DemandMax":null,"Value":10.186348478994},{"Length":21.97905,"Height":0.4598125,"Demand":1.0,"DemandMax":null,"Value":10.106241928125002},{"Length":7.344674,"Height":1.375846,"Demand":1.0,"DemandMax":null,"Value":10.105140344203999},{"Length":2.934438,"Height":3.419197,"Demand":1.0,"DemandMax":null,"Value":10.033421606286},{"Length":10.45045,"Height":0.9534746,"Demand":1.0,"DemandMax":null,"Value":9.96423863357},{"Length":1.296197,"Height":7.656073,"Demand":1.0,"DemandMax":null,"Value":9.923778854381},{"Length":10.97422,"Height":0.9007875,"Demand":1.0,"DemandMax":null,"Value":9.88544019825},{"Length":1.257655,"Height":7.697068,"Demand":1.0,"DemandMax":null,"Value":9.68025605554},{"Length":5.987177,"Height":1.607522,"Demand":1.0,"DemandMax":null,"Value":9.6245187453939991},{"Length":0.684627,"Height":13.82493,"Demand":1.0,"DemandMax":null,"Value":9.4649203511099991},{"Length":1.065716,"Height":8.793432,"Demand":1.0,"DemandMax":null,"Value":9.371301177312},{"Length":4.470497,"Height":2.087654,"Demand":1.0,"DemandMax":null,"Value":9.332850944038},{"Length":17.02599,"Height":0.547848,"Demand":1.0,"DemandMax":null,"Value":9.32765456952},{"Length":3.70914,"Height":2.506052,"Demand":1.0,"DemandMax":null,"Value":9.29529771528},{"Length":3.157262,"Height":2.942862,"Demand":1.0,"DemandMax":null,"Value":9.291386363844},{"Length":8.86837,"Height":1.042834,"Demand":1.0,"DemandMax":null,"Value":9.24823776058},{"Length":2.008882,"Height":4.487926,"Demand":1.0,"DemandMax":null,"Value":9.015713758732},{"Length":0.3506192,"Height":25.62408,"Demand":1.0,"DemandMax":null,"Value":8.984294430336},{"Length":13.11802,"Height":0.6837564,"Demand":1.0,"DemandMax":null,"Value":8.969530130328},{"Length":3.023282,"Height":2.966052,"Demand":1.0,"DemandMax":null,"Value":8.967211622664},{"Length":1.296197,"Height":6.824512,"Demand":1.0,"DemandMax":null,"Value":8.845911980864},{"Length":0.6245835,"Height":14.09029,"Demand":1.0,"DemandMax":null,"Value":8.8005626442149989},{"Length":6.639778,"Height":1.322056,"Demand":1.0,"DemandMax":null,"Value":8.7781583435679984},{"Length":2.077777,"Height":4.224723,"Demand":1.0,"DemandMax":null,"Value":8.778032280771},{"Length":1.510563,"Height":5.810225,"Demand":1.0,"DemandMax":null,"Value":8.7767109066750013},{"Length":0.4147504,"Height":21.14879,"Demand":1.0,"DemandMax":null,"Value":8.7714691120160015},{"Length":16.26955,"Height":0.5358379,"Demand":1.0,"DemandMax":null,"Value":8.717841505945},{"Length":1.856405,"Height":4.684947,"Demand":1.0,"DemandMax":null,"Value":8.697159035535},{"Length":5.302746,"Height":1.633299,"Demand":1.0,"DemandMax":null,"Value":8.660969739054},{"Length":0.5329492,"Height":16.22761,"Demand":1.0,"DemandMax":null,"Value":8.6484917674119988},{"Length":3.384851,"Height":2.550666,"Demand":1.0,"DemandMax":null,"Value":8.633624360766},{"Length":10.45045,"Height":0.8236522,"Demand":1.0,"DemandMax":null,"Value":8.60753613349},{"Length":1.773545,"Height":4.850504,"Demand":1.0,"DemandMax":null,"Value":8.6025871166799988},{"Length":5.893552,"Height":1.456285,"Demand":1.0,"DemandMax":null,"Value":8.58269137432},{"Length":2.913011,"Height":2.942881,"Demand":1.0,"DemandMax":null,"Value":8.572644724691},{"Length":3.562006,"Height":2.4044,"Demand":1.0,"DemandMax":null,"Value":8.5644872263999989},{"Length":17.02599,"Height":0.501389,"Demand":1.0,"DemandMax":null,"Value":8.53664410011},{"Length":0.8954394,"Height":9.522262,"Demand":1.0,"DemandMax":null,"Value":8.5266085719228},{"Length":0.7680456,"Height":11.09018,"Demand":1.0,"DemandMax":null,"Value":8.517763952208},{"Length":1.461737,"Height":5.80612,"Demand":1.0,"DemandMax":null,"Value":8.48702043044},{"Length":0.3048337,"Height":27.78949,"Demand":1.0,"DemandMax":null,"Value":8.471173057813},{"Length":7.283879,"Height":1.159543,"Demand":1.0,"DemandMax":null,"Value":8.445970907297},{"Length":2.052379,"Height":4.106074,"Demand":1.0,"DemandMax":null,"Value":8.427220050046},{"Length":2.599724,"Height":3.236742,"Demand":1.0,"DemandMax":null,"Value":8.4146358592080013},{"Length":14.61838,"Height":0.57279,"Demand":1.0,"DemandMax":null,"Value":8.3732618802000012},{"Length":1.835985,"Height":4.548739,"Demand":1.0,"DemandMax":null,"Value":8.3514165729150012},{"Length":0.9831442,"Height":8.443936,"Demand":1.0,"DemandMax":null,"Value":8.3016067035712009},{"Length":3.562006,"Height":2.326007,"Demand":1.0,"DemandMax":null,"Value":8.285250890042},{"Length":17.02599,"Height":0.4861363,"Demand":1.0,"DemandMax":null,"Value":8.2769517824370009},{"Length":6.111894,"Height":1.350493,"Demand":1.0,"DemandMax":null,"Value":8.254070063742},{"Length":0.8520622,"Height":9.661976,"Demand":1.0,"DemandMax":null,"Value":8.232604526907199},{"Length":1.364825,"Height":6.025499,"Demand":1.0,"DemandMax":null,"Value":8.223751672675},{"Length":3.562006,"Height":2.306162,"Demand":1.0,"DemandMax":null,"Value":8.214562880972},{"Length":4.526591,"Height":1.812777,"Demand":1.0,"DemandMax":null,"Value":8.205700053207},{"Length":1.973903,"Height":4.152985,"Demand":1.0,"DemandMax":null,"Value":8.197589550455},{"Length":7.284583,"Height":1.125296,"Demand":1.0,"DemandMax":null,"Value":8.197312111568},{"Length":12.16548,"Height":0.6715103,"Demand":1.0,"DemandMax":null,"Value":8.169245124444},{"Length":16.26955,"Height":0.5014579,"Demand":1.0,"DemandMax":null,"Value":8.1584943769449989},{"Length":0.5451444,"Height":14.92384,"Demand":1.0,"DemandMax":null,"Value":8.1356478024959991},{"Length":7.587533,"Height":1.069741,"Demand":1.0,"DemandMax":null,"Value":8.116695138953},{"Length":3.232316,"Height":2.508309,"Demand":1.0,"DemandMax":null,"Value":8.107647313644},{"Length":7.591445,"Height":1.067824,"Demand":1.0,"DemandMax":null,"Value":8.1063271656800016},{"Length":5.604887,"Height":1.440363,"Demand":1.0,"DemandMax":null,"Value":8.073071853981},{"Length":10.91598,"Height":0.7390931,"Demand":1.0,"DemandMax":null,"Value":8.0679254977379991},{"Length":0.8764917,"Height":9.198977,"Demand":1.0,"DemandMax":null,"Value":8.0628269889909},{"Length":4.079929,"Height":1.970085,"Demand":1.0,"DemandMax":null,"Value":8.037806923965},{"Length":1.733395,"Height":4.63228,"Demand":1.0,"DemandMax":null,"Value":8.0295709906},{"Length":0.283128,"Height":28.24298,"Demand":1.0,"DemandMax":null,"Value":7.9963784414399992},{"Length":0.4223703,"Height":18.92582,"Demand":1.0,"DemandMax":null,"Value":7.993704271146},{"Length":15.58894,"Height":0.5107082,"Demand":1.0,"DemandMax":null,"Value":7.9613994873079985},{"Length":0.7068173,"Height":11.23696,"Demand":1.0,"DemandMax":null,"Value":7.942477727408},{"Length":12.92942,"Height":0.6135163,"Demand":1.0,"DemandMax":null,"Value":7.932409919546},{"Length":7.284583,"Height":1.086335,"Demand":1.0,"DemandMax":null,"Value":7.913497473305},{"Length":2.139746,"Height":3.689571,"Demand":1.0,"DemandMax":null,"Value":7.894744788966},{"Length":13.53493,"Height":0.5819988,"Demand":1.0,"DemandMax":null,"Value":7.877313018084},{"Length":0.5455175,"Height":14.41521,"Demand":1.0,"DemandMax":null,"Value":7.863749321175},{"Length":1.516503,"Height":5.183671,"Demand":1.0,"DemandMax":null,"Value":7.861052622513},{"Length":1.770009,"Height":4.434006,"Demand":1.0,"DemandMax":null,"Value":7.8482305260539995},{"Length":2.12225,"Height":3.687121,"Demand":1.0,"DemandMax":null,"Value":7.82499254225},{"Length":0.3836029,"Height":20.37442,"Demand":1.0,"DemandMax":null,"Value":7.8156865978180008},{"Length":0.7711819,"Height":10.1332,"Demand":1.0,"DemandMax":null,"Value":7.81454042908},{"Length":9.75127,"Height":0.8001879,"Demand":1.0,"DemandMax":null,"Value":7.802848263633},{"Length":2.535892,"Height":3.073652,"Demand":1.0,"DemandMax":null,"Value":7.794449517584},{"Length":1.14189,"Height":6.799518,"Demand":1.0,"DemandMax":null,"Value":7.76430160902},{"Length":2.270317,"Height":3.419197,"Demand":1.0,"DemandMax":null,"Value":7.7626610754489995},{"Length":12.33449,"Height":0.6288645,"Demand":1.0,"DemandMax":null,"Value":7.7567228866050009},{"Length":0.3493792,"Height":22.19614,"Demand":1.0,"DemandMax":null,"Value":7.754869636288},{"Length":4.249821,"Height":1.82326,"Demand":1.0,"DemandMax":null,"Value":7.7485286364600006},{"Length":5.452971,"Height":1.409864,"Demand":1.0,"DemandMax":null,"Value":7.687947505944},{"Length":2.3603,"Height":3.256497,"Demand":1.0,"DemandMax":null,"Value":7.6863098691000005},{"Length":0.9548986,"Height":8.012494,"Demand":1.0,"DemandMax":null,"Value":7.6511193031084},{"Length":2.867767,"Height":2.666016,"Demand":1.0,"DemandMax":null,"Value":7.645512706272},{"Length":8.134682,"Height":0.9360131,"Demand":1.0,"DemandMax":null,"Value":7.6141689163342},{"Length":0.9501153,"Height":8.012494,"Demand":1.0,"DemandMax":null,"Value":7.6127931405582006},{"Length":5.222518,"Height":1.456285,"Demand":1.0,"DemandMax":null,"Value":7.60547462563},{"Length":22.8374,"Height":0.3330039,"Demand":1.0,"DemandMax":null,"Value":7.60494326586},{"Length":6.985096,"Height":1.08706,"Demand":1.0,"DemandMax":null,"Value":7.59321845776},{"Length":2.491234,"Height":3.047361,"Demand":1.0,"DemandMax":null,"Value":7.591689333474},{"Length":2.247236,"Height":3.373413,"Demand":1.0,"DemandMax":null,"Value":7.580855136468},{"Length":0.8682005,"Height":8.729959,"Demand":1.0,"DemandMax":null,"Value":7.5793547687795},{"Length":13.02085,"Height":0.5819988,"Demand":1.0,"DemandMax":null,"Value":7.57811907498},{"Length":12.73527,"Height":0.5946144,"Demand":1.0,"DemandMax":null,"Value":7.572574929888},{"Length":9.694032,"Height":0.7803727,"Demand":1.0,"DemandMax":null,"Value":7.5649579257264},{"Length":3.326263,"Height":2.266626,"Demand":1.0,"DemandMax":null,"Value":7.539394198638},{"Length":9.054548,"Height":0.8325024,"Demand":1.0,"DemandMax":null,"Value":7.5379329409152005},{"Length":2.001355,"Height":3.752877,"Demand":1.0,"DemandMax":null,"Value":7.510839148335},{"Length":2.617963,"Height":2.865634,"Demand":1.0,"DemandMax":null,"Value":7.502123783542},{"Length":2.158171,"Height":3.468253,"Demand":1.0,"DemandMax":null,"Value":7.4850830452629991},{"Length":4.678698,"Height":1.598818,"Demand":1.0,"DemandMax":null,"Value":7.480386578964},{"Length":6.547603,"Height":1.140676,"Demand":1.0,"DemandMax":null,"Value":7.468693599628},{"Length":0.4005853,"Height":18.62433,"Demand":1.0,"DemandMax":null,"Value":7.460632820349},{"Length":5.987177,"Height":1.245457,"Demand":1.0,"DemandMax":null,"Value":7.456771504889},{"Length":12.90564,"Height":0.576312,"Demand":1.0,"DemandMax":null,"Value":7.437675199680001},{"Length":10.22463,"Height":0.7268371,"Demand":1.0,"DemandMax":null,"Value":7.431640417773},{"Length":4.42108,"Height":1.678803,"Demand":1.0,"DemandMax":null,"Value":7.42212236724},{"Length":6.647036,"Height":1.109916,"Demand":1.0,"DemandMax":null,"Value":7.377651608976},{"Length":4.422661,"Height":1.660893,"Demand":1.0,"DemandMax":null,"Value":7.3455666962729991},{"Length":5.452905,"Height":1.343849,"Demand":1.0,"DemandMax":null,"Value":7.3278809313450006},{"Length":7.314337,"Height":0.99875,"Demand":1.0,"DemandMax":null,"Value":7.3051940787500005},{"Length":1.072244,"Height":6.799518,"Demand":1.0,"DemandMax":null,"Value":7.2907423783919993},{"Length":0.9619903,"Height":7.577529,"Demand":1.0,"DemandMax":null,"Value":7.2895093959687},{"Length":6.53121,"Height":1.113154,"Demand":1.0,"DemandMax":null,"Value":7.27024253634},{"Length":3.639212,"Height":1.990511,"Demand":1.0,"DemandMax":null,"Value":7.243891517332},{"Length":1.167579,"Height":6.200882,"Demand":1.0,"DemandMax":null,"Value":7.2400196046779994},{"Length":10.71461,"Height":0.6715103,"Demand":1.0,"DemandMax":null,"Value":7.1949709754830007},{"Length":12.39943,"Height":0.576312,"Demand":1.0,"DemandMax":null,"Value":7.1459403021600005},{"Length":0.839038,"Height":8.510908,"Demand":1.0,"DemandMax":null,"Value":7.140975226504},{"Length":0.5767123,"Height":12.35548,"Demand":1.0,"DemandMax":null,"Value":7.125557288403999},{"Length":5.513668,"Height":1.285491,"Demand":1.0,"DemandMax":null,"Value":7.087770590988},{"Length":0.4838997,"Height":14.56188,"Demand":1.0,"DemandMax":null,"Value":7.046489363436},{"Length":2.035987,"Height":3.459727,"Demand":1.0,"DemandMax":null,"Value":7.043959195549},{"Length":2.401871,"Height":2.915171,"Demand":1.0,"DemandMax":null,"Value":7.0018646849409993},{"Length":0.6874907,"Height":10.17887,"Demand":1.0,"DemandMax":null,"Value":6.997878461509},{"Length":2.409449,"Height":2.901303,"Demand":1.0,"DemandMax":null,"Value":6.990541612047},{"Length":4.779134,"Height":1.462643,"Demand":1.0,"DemandMax":null,"Value":6.990166891162},{"Length":6.516577,"Height":1.069741,"Demand":1.0,"DemandMax":null,"Value":6.971049596557},{"Length":2.215883,"Height":3.136029,"Demand":1.0,"DemandMax":null,"Value":6.9490733486069995},{"Length":2.001355,"Height":3.448696,"Demand":1.0,"DemandMax":null,"Value":6.9020649830800007},{"Length":1.469858,"Height":4.684947,"Demand":1.0,"DemandMax":null,"Value":6.8862068275260011},{"Length":5.946032,"Height":1.154789,"Demand":1.0,"DemandMax":null,"Value":6.8664123472480005},{"Length":0.9417915,"Height":7.256924,"Demand":1.0,"DemandMax":null,"Value":6.834509339346},{"Length":0.3899303,"Height":17.50403,"Demand":1.0,"DemandMax":null,"Value":6.8253516691090006},{"Length":6.647036,"Height":1.026667,"Demand":1.0,"DemandMax":null,"Value":6.824292509012},{"Length":1.869773,"Height":3.645825,"Demand":1.0,"DemandMax":null,"Value":6.8168651477249993},{"Length":3.348051,"Height":2.033991,"Demand":1.0,"DemandMax":null,"Value":6.809905601541},{"Length":6.310791,"Height":1.077317,"Demand":1.0,"DemandMax":null,"Value":6.798722427747},{"Length":5.870499,"Height":1.154789,"Demand":1.0,"DemandMax":null,"Value":6.779187669711},{"Length":1.31225,"Height":5.142863,"Demand":1.0,"DemandMax":null,"Value":6.74872197175},{"Length":1.511705,"Height":4.457791,"Demand":1.0,"DemandMax":null,"Value":6.7388649436550008},{"Length":1.034346,"Height":6.511445,"Demand":1.0,"DemandMax":null,"Value":6.73508708997},{"Length":0.4223703,"Height":15.88732,"Demand":1.0,"DemandMax":null,"Value":6.7103321145959995},{"Length":1.078867,"Height":6.21292,"Demand":1.0,"DemandMax":null,"Value":6.70291436164},{"Length":3.232316,"Height":2.073515,"Demand":1.0,"DemandMax":null,"Value":6.70225571074},{"Length":1.918069,"Height":3.493986,"Demand":1.0,"DemandMax":null,"Value":6.701706233034},{"Length":1.065992,"Height":6.266669,"Demand":1.0,"DemandMax":null,"Value":6.6802190206480008},{"Length":3.047539,"Height":2.189895,"Demand":1.0,"DemandMax":null,"Value":6.673790418405},{"Length":2.008882,"Height":3.320056,"Demand":1.0,"DemandMax":null,"Value":6.669600737392},{"Length":2.780236,"Height":2.397382,"Demand":1.0,"DemandMax":null,"Value":6.665287742152},{"Length":0.4619494,"Height":14.41521,"Demand":1.0,"DemandMax":null,"Value":6.659097610374},{"Length":0.4333958,"Height":15.23446,"Demand":1.0,"DemandMax":null,"Value":6.602550979268},{"Length":16.26955,"Height":0.4039855,"Demand":1.0,"DemandMax":null,"Value":6.572662291525},{"Length":0.8199055,"Height":8.012106,"Demand":1.0,"DemandMax":null,"Value":6.5691697759829992},{"Length":3.768982,"Height":1.74245,"Demand":1.0,"DemandMax":null,"Value":6.5672626859},{"Length":10.45045,"Height":0.6268001,"Demand":1.0,"DemandMax":null,"Value":6.550343105045},{"Length":9.399408,"Height":0.6948918,"Demand":1.0,"DemandMax":null,"Value":6.5315715440543993},{"Length":0.5837745,"Height":11.09018,"Demand":1.0,"DemandMax":null,"Value":6.47416428441},{"Length":13.32246,"Height":0.4840006,"Demand":1.0,"DemandMax":null,"Value":6.4480786334759994},{"Length":3.161199,"Height":2.038554,"Demand":1.0,"DemandMax":null,"Value":6.4442748662459994},{"Length":5.333403,"Height":1.206354,"Demand":1.0,"DemandMax":null,"Value":6.4339720426619991},{"Length":0.5838517,"Height":10.97855,"Demand":1.0,"DemandMax":null,"Value":6.409845081035},{"Length":0.4838997,"Height":13.21381,"Demand":1.0,"DemandMax":null,"Value":6.394158694857},{"Length":0.7571077,"Height":8.384672,"Demand":1.0,"DemandMax":null,"Value":6.3480997331744007},{"Length":0.3191014,"Height":19.83092,"Demand":1.0,"DemandMax":null,"Value":6.3280743352879991},{"Length":1.111829,"Height":5.670474,"Demand":1.0,"DemandMax":null,"Value":6.304597436946},{"Length":0.7861215,"Height":8.012494,"Demand":1.0,"DemandMax":null,"Value":6.2987938020210006},{"Length":2.136912,"Height":2.942881,"Demand":1.0,"DemandMax":null,"Value":6.288677723472},{"Length":10.78663,"Height":0.5819988,"Demand":1.0,"DemandMax":null,"Value":6.2778057160440008},{"Length":0.3899303,"Height":15.99178,"Demand":1.0,"DemandMax":null,"Value":6.235679572934},{"Length":0.359848,"Height":17.13881,"Demand":1.0,"DemandMax":null,"Value":6.16736650088},{"Length":7.314337,"Height":0.8427958,"Demand":1.0,"DemandMax":null,"Value":6.1644925033846},{"Length":2.630113,"Height":2.341632,"Demand":1.0,"DemandMax":null,"Value":6.1587567644160011},{"Length":0.2942249,"Height":20.92666,"Demand":1.0,"DemandMax":null,"Value":6.157144445834},{"Length":0.4723598,"Height":13.0236,"Demand":1.0,"DemandMax":null,"Value":6.15182509128},{"Length":6.647036,"Height":0.9153978,"Demand":1.0,"DemandMax":null,"Value":6.0846821309208},{"Length":2.617963,"Height":2.32136,"Demand":1.0,"DemandMax":null,"Value":6.07723458968},{"Length":0.3558974,"Height":17.05931,"Demand":1.0,"DemandMax":null,"Value":6.0713640747939994},{"Length":2.599724,"Height":2.325115,"Demand":1.0,"DemandMax":null,"Value":6.04465726826},{"Length":4.779541,"Height":1.260669,"Demand":1.0,"DemandMax":null,"Value":6.025419172929},{"Length":0.7480384,"Height":8.054841,"Demand":1.0,"DemandMax":null,"Value":6.0253303738943993},{"Length":0.9619903,"Height":6.247398,"Demand":1.0,"DemandMax":null,"Value":6.0099362762393991},{"Length":2.572999,"Height":2.330945,"Demand":1.0,"DemandMax":null,"Value":5.9975191540549995},{"Length":0.3558974,"Height":16.54732,"Demand":1.0,"DemandMax":null,"Value":5.8891481649679989},{"Length":10.53752,"Height":0.5583991,"Demand":1.0,"DemandMax":null,"Value":5.8841416842320005},{"Length":0.9013052,"Height":6.511445,"Demand":1.0,"DemandMax":null,"Value":5.8687992380140006},{"Length":0.4592522,"Height":12.76317,"Demand":1.0,"DemandMax":null,"Value":5.861513901474},{"Length":5.049922,"Height":1.158781,"Demand":1.0,"DemandMax":null,"Value":5.851753665082},{"Length":0.9498218,"Height":6.105043,"Demand":1.0,"DemandMax":null,"Value":5.7987029313374006},{"Length":0.5085938,"Height":11.36227,"Demand":1.0,"DemandMax":null,"Value":5.778780075926},{"Length":3.327875,"Height":1.734203,"Demand":1.0,"DemandMax":null,"Value":5.771210808625},{"Length":0.6427063,"Height":8.970095,"Demand":1.0,"DemandMax":null,"Value":5.7651365680985},{"Length":0.33466,"Height":17.18936,"Demand":1.0,"DemandMax":null,"Value":5.7525912176},{"Length":2.008882,"Height":2.848894,"Demand":1.0,"DemandMax":null,"Value":5.723091876508},{"Length":11.06086,"Height":0.5161965,"Demand":1.0,"DemandMax":null,"Value":5.70957721899},{"Length":9.995967,"Height":0.5692631,"Demand":1.0,"DemandMax":null,"Value":5.6903351619177007},{"Length":2.218468,"Height":2.5636,"Demand":1.0,"DemandMax":null,"Value":5.6872645648},{"Length":17.02599,"Height":0.3339348,"Demand":1.0,"DemandMax":null,"Value":5.6855705654519992},{"Length":21.50228,"Height":0.264246,"Demand":1.0,"DemandMax":null,"Value":5.6818914808799992},{"Length":5.987177,"Height":0.9470801,"Demand":1.0,"DemandMax":null,"Value":5.6703361918777},{"Length":2.332731,"Height":2.427979,"Demand":1.0,"DemandMax":null,"Value":5.663821880649},{"Length":1.18006,"Height":4.799395,"Demand":1.0,"DemandMax":null,"Value":5.6635740637000005},{"Length":0.9518049,"Height":5.923884,"Demand":1.0,"DemandMax":null,"Value":5.6383818182316},{"Length":9.823762,"Height":0.57279,"Demand":1.0,"DemandMax":null,"Value":5.62695263598},{"Length":0.8808106,"Height":6.383075,"Demand":1.0,"DemandMax":null,"Value":5.622280120595},{"Length":9.157485,"Height":0.6135163,"Demand":1.0,"DemandMax":null,"Value":5.6182663145055},{"Length":1.473128,"Height":3.809646,"Demand":1.0,"DemandMax":null,"Value":5.612096192688},{"Length":1.068007,"Height":5.254324,"Demand":1.0,"DemandMax":null,"Value":5.611654812268},{"Length":10.81934,"Height":0.5182058,"Demand":1.0,"DemandMax":null,"Value":5.606644740172},{"Length":9.302632,"Height":0.6025196,"Demand":1.0,"DemandMax":null,"Value":5.6050181115872},{"Length":2.617963,"Height":2.140297,"Demand":1.0,"DemandMax":null,"Value":5.603218355011},{"Length":0.9640144,"Height":5.810143,"Demand":1.0,"DemandMax":null,"Value":5.6010615180592005},{"Length":0.4218522,"Height":13.23412,"Demand":1.0,"DemandMax":null,"Value":5.582842637064},{"Length":4.526591,"Height":1.231866,"Demand":1.0,"DemandMax":null,"Value":5.5761535488059994},{"Length":0.9330426,"Height":5.972382,"Demand":1.0,"DemandMax":null,"Value":5.5724868294732},{"Length":2.008882,"Height":2.77343,"Demand":1.0,"DemandMax":null,"Value":5.5714936052599988},{"Length":17.87917,"Height":0.3113251,"Demand":1.0,"DemandMax":null,"Value":5.566234388167},{"Length":10.73324,"Height":0.5182058,"Demand":1.0,"DemandMax":null,"Value":5.562027220792},{"Length":6.248929,"Height":0.8898602,"Demand":1.0,"DemandMax":null,"Value":5.5606732097258007},{"Length":4.011884,"Height":1.384074,"Demand":1.0,"DemandMax":null,"Value":5.552744335416},{"Length":0.7188268,"Height":7.721636,"Demand":1.0,"DemandMax":null,"Value":5.5505188966448005},{"Length":0.4737155,"Height":11.71117,"Demand":1.0,"DemandMax":null,"Value":5.547762752135},{"Length":0.264793,"Height":20.92666,"Demand":1.0,"DemandMax":null,"Value":5.54123308138},{"Length":1.68528,"Height":3.2877,"Demand":1.0,"DemandMax":null,"Value":5.540695056},{"Length":0.3836029,"Height":14.43872,"Demand":1.0,"DemandMax":null,"Value":5.538734864288},{"Length":3.191812,"Height":1.734203,"Demand":1.0,"DemandMax":null,"Value":5.535249945836},{"Length":13.5975,"Height":0.4065396,"Demand":1.0,"DemandMax":null,"Value":5.527922211},{"Length":4.239452,"Height":1.302208,"Demand":1.0,"DemandMax":null,"Value":5.520648310016},{"Length":9.054548,"Height":0.6078609,"Demand":1.0,"DemandMax":null,"Value":5.5039056963732005},{"Length":1.511588,"Height":3.637547,"Demand":1.0,"DemandMax":null,"Value":5.498472394636},{"Length":2.968656,"Height":1.850286,"Demand":1.0,"DemandMax":null,"Value":5.492862635616},{"Length":8.822197,"Height":0.6220728,"Demand":1.0,"DemandMax":null,"Value":5.4880487899415993},{"Length":3.651256,"Height":1.49662,"Demand":1.0,"DemandMax":null,"Value":5.46454275472},{"Length":0.9685403,"Height":5.640501,"Demand":1.0,"DemandMax":null,"Value":5.4630525306903008},{"Length":1.590425,"Height":3.434404,"Demand":1.0,"DemandMax":null,"Value":5.4621619817},{"Length":1.18006,"Height":4.627102,"Demand":1.0,"DemandMax":null,"Value":5.46025798612},{"Length":9.694032,"Height":0.5631173,"Demand":1.0,"DemandMax":null,"Value":5.4588771259536006},{"Length":6.87086,"Height":0.7937107,"Demand":1.0,"DemandMax":null,"Value":5.4534751002020005},{"Length":0.4963142,"Height":10.97855,"Demand":1.0,"DemandMax":null,"Value":5.44881026041},{"Length":0.7547336,"Height":7.201573,"Demand":1.0,"DemandMax":null,"Value":5.4352691159528},{"Length":8.057276,"Height":0.6724274,"Demand":1.0,"DemandMax":null,"Value":5.4179331517624},{"Length":21.55258,"Height":0.251341,"Demand":1.0,"DemandMax":null,"Value":5.4170470097799992},{"Length":4.153911,"Height":1.292736,"Demand":1.0,"DemandMax":null,"Value":5.3699102904960005},{"Length":3.651256,"Height":1.469432,"Demand":1.0,"DemandMax":null,"Value":5.365272406592},{"Length":5.354957,"Height":1.001219,"Demand":1.0,"DemandMax":null,"Value":5.361484692583},{"Length":1.008838,"Height":5.312815,"Demand":1.0,"DemandMax":null,"Value":5.3597696589699995},{"Length":4.153911,"Height":1.290033,"Demand":1.0,"DemandMax":null,"Value":5.3586822690629994},{"Length":0.706884,"Height":7.577551,"Demand":1.0,"DemandMax":null,"Value":5.3564495610839993},{"Length":10.45045,"Height":0.5113919,"Demand":1.0,"DemandMax":null,"Value":5.344275481355},{"Length":0.4592522,"Height":11.63558,"Demand":1.0,"DemandMax":null,"Value":5.343665713276},{"Length":7.068229,"Height":0.7558818,"Demand":1.0,"DemandMax":null,"Value":5.3427456593322},{"Length":1.543607,"Height":3.459727,"Demand":1.0,"DemandMax":null,"Value":5.340458815289},{"Length":1.296197,"Height":4.118797,"Demand":1.0,"DemandMax":null,"Value":5.338772315009},{"Length":16.26955,"Height":0.3281135,"Demand":1.0,"DemandMax":null,"Value":5.338258993925},{"Length":5.885786,"Height":0.90697,"Demand":1.0,"DemandMax":null,"Value":5.3382313284200009},{"Length":10.92912,"Height":0.4875461,"Demand":1.0,"DemandMax":null,"Value":5.328449832432},{"Length":3.934582,"Height":1.351093,"Demand":1.0,"DemandMax":null,"Value":5.315986198126},{"Length":1.000044,"Height":5.312815,"Demand":1.0,"DemandMax":null,"Value":5.3130487638599995},{"Length":0.4333958,"Height":12.21667,"Demand":1.0,"DemandMax":null,"Value":5.2946534679860005},{"Length":1.814532,"Height":2.915171,"Demand":1.0,"DemandMax":null,"Value":5.2896710649720005},{"Length":1.161998,"Height":4.548739,"Demand":1.0,"DemandMax":null,"Value":5.2856256205220005},{"Length":0.9016529,"Height":5.851769,"Demand":1.0,"DemandMax":null,"Value":5.2762644889801},{"Length":0.9788892,"Height":5.387326,"Demand":1.0,"DemandMax":null,"Value":5.2735952382792},{"Length":18.80576,"Height":0.2803862,"Demand":1.0,"DemandMax":null,"Value":5.272875584512},{"Length":4.805705,"Height":1.097019,"Demand":1.0,"DemandMax":null,"Value":5.2719496933949994},{"Length":3.249895,"Height":1.621588,"Demand":1.0,"DemandMax":null,"Value":5.26999073326},{"Length":8.86837,"Height":0.5939383,"Demand":1.0,"DemandMax":null,"Value":5.267264601571001},{"Length":4.285456,"Height":1.227553,"Demand":1.0,"DemandMax":null,"Value":5.2606243691679992},{"Length":0.5125564,"Height":10.26176,"Demand":1.0,"DemandMax":null,"Value":5.2597307632640007},{"Length":0.4592522,"Height":11.45233,"Demand":1.0,"DemandMax":null,"Value":5.259507747626},{"Length":2.428696,"Height":2.16437,"Demand":1.0,"DemandMax":null,"Value":5.25659676152},{"Length":0.2698806,"Height":19.46741,"Demand":1.0,"DemandMax":null,"Value":5.2538762912460006},{"Length":10.45045,"Height":0.5021525,"Demand":1.0,"DemandMax":null,"Value":5.247719593625},{"Length":1.026283,"Height":5.111529,"Demand":1.0,"DemandMax":null,"Value":5.245875316707},{"Length":1.100697,"Height":4.765527,"Demand":1.0,"DemandMax":null,"Value":5.2454012723189996},{"Length":5.483301,"Height":0.9556528,"Demand":1.0,"DemandMax":null,"Value":5.2401319538928},{"Length":6.419308,"Height":0.8149977,"Demand":1.0,"DemandMax":null,"Value":5.2317212555916006},{"Length":14.10411,"Height":0.3706227,"Demand":1.0,"DemandMax":null,"Value":5.227303329297},{"Length":0.2933092,"Height":17.81297,"Demand":1.0,"DemandMax":null,"Value":5.224707980324},{"Length":16.26955,"Height":0.3208586,"Demand":1.0,"DemandMax":null,"Value":5.2202250356299995},{"Length":0.4607832,"Height":11.3147,"Demand":1.0,"DemandMax":null,"Value":5.21362367304},{"Length":5.049922,"Height":1.031017,"Demand":1.0,"DemandMax":null,"Value":5.206555430674},{"Length":0.7753989,"Height":6.713789,"Demand":1.0,"DemandMax":null,"Value":5.2058646054321},{"Length":1.267506,"Height":4.106074,"Demand":1.0,"DemandMax":null,"Value":5.204473431444},{"Length":0.4984546,"Height":10.44069,"Demand":1.0,"DemandMax":null,"Value":5.204209957674},{"Length":1.734509,"Height":2.994154,"Demand":1.0,"DemandMax":null,"Value":5.1933870603860006},{"Length":0.2563862,"Height":20.22262,"Demand":1.0,"DemandMax":null,"Value":5.184800695844},{"Length":2.97703,"Height":1.740764,"Demand":1.0,"DemandMax":null,"Value":5.18230665092},{"Length":1.454922,"Height":3.558862,"Demand":1.0,"DemandMax":null,"Value":5.177866618764},{"Length":0.6803789,"Height":7.599408,"Demand":1.0,"DemandMax":null,"Value":5.1704768556912},{"Length":5.522384,"Height":0.9359773,"Demand":1.0,"DemandMax":null,"Value":5.1688260658831995},{"Length":4.481514,"Height":1.152903,"Demand":1.0,"DemandMax":null,"Value":5.166750935142},{"Length":0.914802,"Height":5.640501,"Demand":1.0,"DemandMax":null,"Value":5.1599415958020005},{"Length":6.256865,"Height":0.8245419,"Demand":1.0,"DemandMax":null,"Value":5.1590473551435005},{"Length":4.051127,"Height":1.273035,"Demand":1.0,"DemandMax":null,"Value":5.157226460445},{"Length":9.694032,"Height":0.5316848,"Demand":1.0,"DemandMax":null,"Value":5.1541694651136},{"Length":2.252503,"Height":2.284608,"Demand":1.0,"DemandMax":null,"Value":5.146086373824},{"Length":0.8608745,"Height":5.972382,"Demand":1.0,"DemandMax":null,"Value":5.1414713680589994},{"Length":0.3862489,"Height":13.30326,"Demand":1.0,"DemandMax":null,"Value":5.138369541414},{"Length":2.408963,"Height":2.128798,"Demand":1.0,"DemandMax":null,"Value":5.1281956164740006},{"Length":3.28697,"Height":1.559956,"Demand":1.0,"DemandMax":null,"Value":5.12752857332},{"Length":1.143096,"Height":4.48434,"Demand":1.0,"DemandMax":null,"Value":5.12603111664},{"Length":0.349769,"Height":14.64766,"Demand":1.0,"DemandMax":null,"Value":5.12329739054},{"Length":0.4147504,"Height":12.34701,"Demand":1.0,"DemandMax":null,"Value":5.120927336304},{"Length":0.9788892,"Height":5.229346,"Demand":1.0,"DemandMax":null,"Value":5.1189503224632},{"Length":0.3424315,"Height":14.92384,"Demand":1.0,"DemandMax":null,"Value":5.11039291696},{"Length":0.9268839,"Height":5.511015,"Demand":1.0,"DemandMax":null,"Value":5.1080710761585006},{"Length":2.130478,"Height":2.397382,"Demand":1.0,"DemandMax":null,"Value":5.107569608596},{"Length":0.356873,"Height":14.30408,"Demand":1.0,"DemandMax":null,"Value":5.10473994184},{"Length":21.55258,"Height":0.2360063,"Demand":1.0,"DemandMax":null,"Value":5.086544661254},{"Length":4.630412,"Height":1.098089,"Demand":1.0,"DemandMax":null,"Value":5.084604482668},{"Length":9.060061,"Height":0.5610107,"Demand":1.0,"DemandMax":null,"Value":5.0827911636527},{"Length":16.8537,"Height":0.3013675,"Demand":1.0,"DemandMax":null,"Value":5.07915743475},{"Length":1.392516,"Height":3.645825,"Demand":1.0,"DemandMax":null,"Value":5.0768696457},{"Length":16.8537,"Height":0.3011521,"Demand":1.0,"DemandMax":null,"Value":5.07552714777},{"Length":3.774336,"Height":1.343849,"Demand":1.0,"DemandMax":null,"Value":5.072137659264},{"Length":1.112541,"Height":4.556021,"Demand":1.0,"DemandMax":null,"Value":5.068760159361},{"Length":0.7753989,"Height":6.520327,"Demand":1.0,"DemandMax":null,"Value":5.0558543834403},{"Length":0.5979912,"Height":8.443936,"Demand":1.0,"DemandMax":null,"Value":5.0493994213632},{"Length":11.42776,"Height":0.4417174,"Demand":1.0,"DemandMax":null,"Value":5.047840435024},{"Length":3.389605,"Height":1.488603,"Demand":1.0,"DemandMax":null,"Value":5.045776171815},{"Length":0.7881039,"Height":6.395609,"Demand":1.0,"DemandMax":null,"Value":5.0404043957751},{"Length":0.8667755,"Height":5.810225,"Demand":1.0,"DemandMax":null,"Value":5.0361606794875},{"Length":11.39266,"Height":0.4417174,"Demand":1.0,"DemandMax":null,"Value":5.032336154284},{"Length":0.3500047,"Height":14.35968,"Demand":1.0,"DemandMax":null,"Value":5.025955490496},{"Length":7.284583,"Height":0.6896716,"Demand":1.0,"DemandMax":null,"Value":5.0239700129428},{"Length":0.4529206,"Height":11.09018,"Demand":1.0,"DemandMax":null,"Value":5.022970979708},{"Length":0.5265999,"Height":9.522262,"Demand":1.0,"DemandMax":null,"Value":5.0144222169737995},{"Length":2.513018,"Height":1.994591,"Demand":1.0,"DemandMax":null,"Value":5.012443085638},{"Length":3.389605,"Height":1.477449,"Demand":1.0,"DemandMax":null,"Value":5.007968517645},{"Length":0.9735655,"Height":5.142863,"Demand":1.0,"DemandMax":null,"Value":5.0069139880265},{"Length":8.602044,"Height":0.5819988,"Demand":1.0,"DemandMax":null,"Value":5.0063792855472},{"Length":4.821469,"Height":1.038295,"Demand":1.0,"DemandMax":null,"Value":5.0061071553549992},{"Length":8.822197,"Height":0.5669466,"Demand":1.0,"DemandMax":null,"Value":5.001714593680199},{"Length":8.161997,"Height":0.6124966,"Demand":1.0,"DemandMax":null,"Value":4.9991954117101995},{"Length":0.3490291,"Height":14.30408,"Demand":1.0,"DemandMax":null,"Value":4.992540168728},{"Length":8.86837,"Height":0.5629078,"Demand":1.0,"DemandMax":null,"Value":4.9920746462859995},{"Length":2.054126,"Height":2.427979,"Demand":1.0,"DemandMax":null,"Value":4.987374791354},{"Length":0.9039195,"Height":5.511015,"Demand":1.0,"DemandMax":null,"Value":4.9815139232925008},{"Length":1.109407,"Height":4.48434,"Demand":1.0,"DemandMax":null,"Value":4.97495818638},{"Length":0.5545447,"Height":8.970095,"Demand":1.0,"DemandMax":null,"Value":4.9743186407465005},{"Length":4.119099,"Height":1.207452,"Demand":1.0,"DemandMax":null,"Value":4.9736143257480006},{"Length":5.513668,"Height":0.9006787,"Demand":1.0,"DemandMax":null,"Value":4.9660433264716},{"Length":1.935442,"Height":2.5636,"Demand":1.0,"DemandMax":null,"Value":4.9616991112000006},{"Length":7.591445,"Height":0.6533263,"Demand":1.0,"DemandMax":null,"Value":4.9596906735035},{"Length":0.5085938,"Height":9.751226,"Demand":1.0,"DemandMax":null,"Value":4.9594130859988006},{"Length":2.117798,"Height":2.341632,"Demand":1.0,"DemandMax":null,"Value":4.959103566336},{"Length":1.206706,"Height":4.106074,"Demand":1.0,"DemandMax":null,"Value":4.954824132244},{"Length":0.6562037,"Height":7.544143,"Demand":1.0,"DemandMax":null,"Value":4.9504945499290995},{"Length":8.211406,"Height":0.6025196,"Demand":1.0,"DemandMax":null,"Value":4.9475330585576005},{"Length":8.86837,"Height":0.5578644,"Demand":1.0,"DemandMax":null,"Value":4.947347909028001},{"Length":4.085261,"Height":1.206354,"Demand":1.0,"DemandMax":null,"Value":4.928270948394},{"Length":0.7256647,"Height":6.768949,"Demand":1.0,"DemandMax":null,"Value":4.9119873454003},{"Length":1.773545,"Height":2.766015,"Demand":1.0,"DemandMax":null,"Value":4.9056520731749993},{"Length":0.5673466,"Height":8.643345,"Demand":1.0,"DemandMax":null,"Value":4.9037723983770007},{"Length":6.851845,"Height":0.7143614,"Demand":1.0,"DemandMax":null,"Value":4.894693586783},{"Length":1.812512,"Height":2.697469,"Demand":1.0,"DemandMax":null,"Value":4.8891949321279995},{"Length":17.02599,"Height":0.2871006,"Demand":1.0,"DemandMax":null,"Value":4.888171944594},{"Length":0.8808106,"Height":5.545947,"Demand":1.0,"DemandMax":null,"Value":4.8849289046382},{"Length":3.654154,"Height":1.334253,"Demand":1.0,"DemandMax":null,"Value":4.8755659369619995},{"Length":17.02599,"Height":0.2861958,"Demand":1.0,"DemandMax":null,"Value":4.872766828842},{"Length":3.04464,"Height":1.600199,"Demand":1.0,"DemandMax":null,"Value":4.87202988336},{"Length":2.617963,"Height":1.860772,"Demand":1.0,"DemandMax":null,"Value":4.871432247436},{"Length":0.8322111,"Height":5.851769,"Demand":1.0,"DemandMax":null,"Value":4.8699071164359},{"Length":0.5680567,"Height":8.571554,"Demand":1.0,"DemandMax":null,"Value":4.8691286791118005},{"Length":2.392699,"Height":2.033991,"Demand":1.0,"DemandMax":null,"Value":4.866728231709},{"Length":3.859174,"Height":1.260043,"Demand":1.0,"DemandMax":null,"Value":4.862725184482},{"Length":0.5283741,"Height":9.200277,"Demand":1.0,"DemandMax":null,"Value":4.8611880796256992},{"Length":3.768982,"Height":1.288373,"Demand":1.0,"DemandMax":null,"Value":4.855854646286},{"Length":0.6232018,"Height":7.790108,"Demand":1.0,"DemandMax":null,"Value":4.8548093277944},{"Length":0.7547835,"Height":6.42525,"Demand":1.0,"DemandMax":null,"Value":4.849672683375},{"Length":8.161997,"Height":0.5938577,"Demand":1.0,"DemandMax":null,"Value":4.8470647658269},{"Length":0.5551615,"Height":8.729959,"Demand":1.0,"DemandMax":null,"Value":4.846537133378499},{"Length":3.994796,"Height":1.212423,"Demand":1.0,"DemandMax":null,"Value":4.843382550708},{"Length":0.8176262,"Height":5.921379,"Demand":1.0,"DemandMax":null,"Value":4.8414746105298},{"Length":9.470715,"Height":0.5107082,"Demand":1.0,"DemandMax":null,"Value":4.8367718103629995},{"Length":4.427769,"Height":1.09237,"Demand":1.0,"DemandMax":null,"Value":4.8367620225299994},{"Length":8.295199,"Height":0.5819988,"Demand":1.0,"DemandMax":null,"Value":4.8277958637612},{"Length":1.076675,"Height":4.483195,"Demand":1.0,"DemandMax":null,"Value":4.826943976625},{"Length":3.926819,"Height":1.227553,"Demand":1.0,"DemandMax":null,"Value":4.820378443907},{"Length":2.953988,"Height":1.628339,"Demand":1.0,"DemandMax":null,"Value":4.810093865932},{"Length":2.872561,"Height":1.674076,"Demand":1.0,"DemandMax":null,"Value":4.808885428636},{"Length":2.891675,"Height":1.660893,"Demand":1.0,"DemandMax":null,"Value":4.802762765775},{"Length":0.8064326,"Height":5.947313,"Demand":1.0,"DemandMax":null,"Value":4.7961070856038006},{"Length":2.352469,"Height":2.038554,"Demand":1.0,"DemandMax":null,"Value":4.795635089826},{"Length":6.519687,"Height":0.7351671,"Demand":1.0,"DemandMax":null,"Value":4.7930593846977},{"Length":6.519687,"Height":0.7349309,"Demand":1.0,"DemandMax":null,"Value":4.7915194346283005},{"Length":1.199773,"Height":3.991766,"Demand":1.0,"DemandMax":null,"Value":4.789213069118},{"Length":0.3677033,"Height":13.0236,"Demand":1.0,"DemandMax":null,"Value":4.78882069788},{"Length":1.477469,"Height":3.240412,"Demand":1.0,"DemandMax":null,"Value":4.787608277228},{"Length":4.236341,"Height":1.128885,"Demand":1.0,"DemandMax":null,"Value":4.782341809785},{"Length":1.574114,"Height":3.037819,"Demand":1.0,"DemandMax":null,"Value":4.781873417366},{"Length":2.139746,"Height":2.234313,"Demand":1.0,"DemandMax":null,"Value":4.780862304498001},{"Length":3.701592,"Height":1.29078,"Demand":1.0,"DemandMax":null,"Value":4.7779409217600008},{"Length":0.2637316,"Height":18.11091,"Demand":1.0,"DemandMax":null,"Value":4.7764192717560006},{"Length":2.599724,"Height":1.836893,"Demand":1.0,"DemandMax":null,"Value":4.7754148175320008},{"Length":16.26955,"Height":0.2934422,"Demand":1.0,"DemandMax":null,"Value":4.77417254501},{"Length":10.56061,"Height":0.4520713,"Demand":1.0,"DemandMax":null,"Value":4.774148691493},{"Length":10.53752,"Height":0.4526794,"Demand":1.0,"DemandMax":null,"Value":4.770118231088},{"Length":5.29533,"Height":0.9007875,"Demand":1.0,"DemandMax":null,"Value":4.769967072375},{"Length":0.8410074,"Height":5.670474,"Demand":1.0,"DemandMax":null,"Value":4.7689105955076},{"Length":5.302746,"Height":0.8987907,"Demand":1.0,"DemandMax":null,"Value":4.7660587892622006},{"Length":4.362833,"Height":1.09237,"Demand":1.0,"DemandMax":null,"Value":4.76582788421},{"Length":3.949204,"Height":1.206354,"Demand":1.0,"DemandMax":null,"Value":4.764138042216},{"Length":1.872528,"Height":2.543272,"Demand":1.0,"DemandMax":null,"Value":4.762348031616},{"Length":0.349769,"Height":13.59532,"Demand":1.0,"DemandMax":null,"Value":4.7552214810799995},{"Length":9.308084,"Height":0.5107082,"Demand":1.0,"DemandMax":null,"Value":4.7537148250887986},{"Length":4.57794,"Height":1.038295,"Demand":1.0,"DemandMax":null,"Value":4.7532522123},{"Length":11.06086,"Height":0.4294632,"Demand":1.0,"DemandMax":null,"Value":4.7502323303519995},{"Length":2.675878,"Height":1.774085,"Demand":1.0,"DemandMax":null,"Value":4.74723502163},{"Length":11.18319,"Height":0.4242067,"Demand":1.0,"DemandMax":null,"Value":4.743984125373},{"Length":11.2695,"Height":0.4207937,"Demand":1.0,"DemandMax":null,"Value":4.74213460215},{"Length":17.87917,"Height":0.2649869,"Demand":1.0,"DemandMax":null,"Value":4.737745832873},{"Length":0.3330158,"Height":14.21989,"Demand":1.0,"DemandMax":null,"Value":4.7354480442619993},{"Length":0.9498218,"Height":4.985132,"Demand":1.0,"DemandMax":null,"Value":4.7349870494776},{"Length":1.139568,"Height":4.152985,"Demand":1.0,"DemandMax":null,"Value":4.7326088104799995},{"Length":2.45868,"Height":1.924143,"Demand":1.0,"DemandMax":null,"Value":4.73085191124},{"Length":4.312806,"Height":1.095074,"Demand":1.0,"DemandMax":null,"Value":4.722841717644001},{"Length":1.133952,"Height":4.152985,"Demand":1.0,"DemandMax":null,"Value":4.7092856467200006},{"Length":5.049922,"Height":0.9322548,"Demand":1.0,"DemandMax":null,"Value":4.7078140241256},{"Length":6.310791,"Height":0.7459423,"Demand":1.0,"DemandMax":null,"Value":4.7074859533593},{"Length":2.359527,"Height":1.994591,"Demand":1.0,"DemandMax":null,"Value":4.706291318457},{"Length":1.535265,"Height":3.063858,"Demand":1.0,"DemandMax":null,"Value":4.703833952370001},{"Length":3.043908,"Height":1.544005,"Demand":1.0,"DemandMax":null,"Value":4.69980917154},{"Length":8.86837,"Height":0.5296357,"Demand":1.0,"DemandMax":null,"Value":4.6970053528090006},{"Length":0.4274686,"Height":10.97855,"Demand":1.0,"DemandMax":null,"Value":4.6929853985299994},{"Length":0.3030577,"Height":15.47875,"Demand":1.0,"DemandMax":null,"Value":4.690954373875},{"Length":0.4229824,"Height":11.09018,"Demand":1.0,"DemandMax":null,"Value":4.690950952832},{"Length":0.3931983,"Height":11.92902,"Demand":1.0,"DemandMax":null,"Value":4.690470384666},{"Length":2.158171,"Height":2.172919,"Demand":1.0,"DemandMax":null,"Value":4.6895307711489993},{"Length":13.5975,"Height":0.344876,"Demand":1.0,"DemandMax":null,"Value":4.68945141},{"Length":2.617963,"Height":1.790483,"Demand":1.0,"DemandMax":null,"Value":4.687418246129},{"Length":11.18319,"Height":0.4191198,"Demand":1.0,"DemandMax":null,"Value":4.687096356162},{"Length":2.68159,"Height":1.747637,"Demand":1.0,"DemandMax":null,"Value":4.68644590283},{"Length":17.02599,"Height":0.2751614,"Demand":1.0,"DemandMax":null,"Value":4.684895244786},{"Length":0.6354072,"Height":7.372052,"Demand":1.0,"DemandMax":null,"Value":4.6842549195744},{"Length":0.9074056,"Height":5.161845,"Demand":1.0,"DemandMax":null,"Value":4.683887059332},{"Length":0.744522,"Height":6.273219,"Demand":1.0,"DemandMax":null,"Value":4.670549556318},{"Length":17.02599,"Height":0.2741786,"Demand":1.0,"DemandMax":null,"Value":4.668162101814},{"Length":1.612962,"Height":2.892297,"Demand":1.0,"DemandMax":null,"Value":4.6651651537140006},{"Length":3.612744,"Height":1.29078,"Demand":1.0,"DemandMax":null,"Value":4.66325770032},{"Length":4.460839,"Height":1.043714,"Demand":1.0,"DemandMax":null,"Value":4.655840116046},{"Length":1.262601,"Height":3.687121,"Demand":1.0,"DemandMax":null,"Value":4.655362661721},{"Length":4.237958,"Height":1.098089,"Demand":1.0,"DemandMax":null,"Value":4.6536550622620005},{"Length":2.97703,"Height":1.560292,"Demand":1.0,"DemandMax":null,"Value":4.64503609276},{"Length":3.850048,"Height":1.206354,"Demand":1.0,"DemandMax":null,"Value":4.644520804992},{"Length":6.551653,"Height":0.7079112,"Demand":1.0,"DemandMax":null,"Value":4.6379885372136},{"Length":10.45045,"Height":0.4432971,"Demand":1.0,"DemandMax":null,"Value":4.632654178695},{"Length":0.2846771,"Height":16.22761,"Demand":1.0,"DemandMax":null,"Value":4.619628954731},{"Length":2.45868,"Height":1.875916,"Demand":1.0,"DemandMax":null,"Value":4.61227715088},{"Length":4.564668,"Height":1.008143,"Demand":1.0,"DemandMax":null,"Value":4.601838091524},{"Length":1.817459,"Height":2.531193,"Demand":1.0,"DemandMax":null,"Value":4.600339498587},{"Length":16.26955,"Height":0.2825116,"Demand":1.0,"DemandMax":null,"Value":4.5963366017799991},{"Length":1.205304,"Height":3.809646,"Demand":1.0,"DemandMax":null,"Value":4.591781562384},{"Length":11.06086,"Height":0.414078,"Demand":1.0,"DemandMax":null,"Value":4.58005878708},{"Length":3.776915,"Height":1.212423,"Demand":1.0,"DemandMax":null,"Value":4.579218615045},{"Length":0.528915,"Height":8.645849,"Demand":1.0,"DemandMax":null,"Value":4.572919223835},{"Length":2.599724,"Height":1.758225,"Demand":1.0,"DemandMax":null,"Value":4.5708997299},{"Length":11.06086,"Height":0.4128971,"Demand":1.0,"DemandMax":null,"Value":4.566997017506},{"Length":13.5975,"Height":0.3356442,"Demand":1.0,"DemandMax":null,"Value":4.5639220095},{"Length":3.778798,"Height":1.206354,"Demand":1.0,"DemandMax":null,"Value":4.558568082492},{"Length":1.953592,"Height":2.330945,"Demand":1.0,"DemandMax":null,"Value":4.5537155044399995},{"Length":6.851845,"Height":0.6640981,"Demand":1.0,"DemandMax":null,"Value":4.5502972459945},{"Length":16.26955,"Height":0.2794702,"Demand":1.0,"DemandMax":null,"Value":4.5468543924099993},{"Length":2.158171,"Height":2.10664,"Demand":1.0,"DemandMax":null,"Value":4.5464893554399994},{"Length":0.4672962,"Height":9.728495,"Demand":1.0,"DemandMax":null,"Value":4.546088745219},{"Length":0.6633232,"Height":6.850614,"Demand":1.0,"DemandMax":null,"Value":4.5441712004448},{"Length":0.4672962,"Height":9.724386,"Demand":1.0,"DemandMax":null,"Value":4.5441686251332},{"Length":3.151197,"Height":1.440363,"Demand":1.0,"DemandMax":null,"Value":4.5388675645109995},{"Length":7.789412,"Height":0.5821939,"Demand":1.0,"DemandMax":null,"Value":4.5349481509868},{"Length":10.56061,"Height":0.4288021,"Demand":1.0,"DemandMax":null,"Value":4.5284117452810007},{"Length":0.744522,"Height":6.082263,"Demand":1.0,"DemandMax":null,"Value":4.5283786132860007},{"Length":1.793917,"Height":2.52103,"Demand":1.0,"DemandMax":null,"Value":4.52251857451},{"Length":0.5390891,"Height":8.384672,"Demand":1.0,"DemandMax":null,"Value":4.5200852822752},{"Length":4.329763,"Height":1.043714,"Demand":1.0,"DemandMax":null,"Value":4.519034259782},{"Length":6.519687,"Height":0.692441,"Demand":1.0,"DemandMax":null,"Value":4.514498585967},{"Length":3.249895,"Height":1.388719,"Demand":1.0,"DemandMax":null,"Value":4.513190934505},{"Length":5.967847,"Height":0.7558818,"Demand":1.0,"DemandMax":null,"Value":4.5109869324846006},{"Length":0.3330158,"Height":13.54331,"Demand":1.0,"DemandMax":null,"Value":4.510136214298},{"Length":1.101323,"Height":4.093405,"Demand":1.0,"DemandMax":null,"Value":4.508161074815},{"Length":2.408963,"Height":1.870282,"Demand":1.0,"DemandMax":null,"Value":4.505440137566},{"Length":4.236341,"Height":1.06101,"Demand":1.0,"DemandMax":null,"Value":4.4948001644100009},{"Length":0.2442614,"Height":18.3798,"Demand":1.0,"DemandMax":null,"Value":4.48947567972},{"Length":2.158171,"Height":2.078107,"Demand":1.0,"DemandMax":null,"Value":4.484910262297},{"Length":3.326263,"Height":1.345595,"Demand":1.0,"DemandMax":null,"Value":4.4758028614850005},{"Length":1.121212,"Height":3.991766,"Demand":1.0,"DemandMax":null,"Value":4.475615940392},{"Length":1.621899,"Height":2.757782,"Demand":1.0,"DemandMax":null,"Value":4.472843868018},{"Length":8.057276,"Height":0.5551255,"Demand":1.0,"DemandMax":null,"Value":4.472799368138},{"Length":1.533097,"Height":2.915171,"Demand":1.0,"DemandMax":null,"Value":4.469239914587},{"Length":7.965926,"Height":0.5610107,"Demand":1.0,"DemandMax":null,"Value":4.4689697214081994},{"Length":1.773349,"Height":2.520052,"Demand":1.0,"DemandMax":null,"Value":4.4689316941480008},{"Length":2.064447,"Height":2.16437,"Demand":1.0,"DemandMax":null,"Value":4.46822715339},{"Length":6.519687,"Height":0.6850812,"Demand":1.0,"DemandMax":null,"Value":4.4665149935844},{"Length":6.339197,"Height":0.7045634,"Demand":1.0,"DemandMax":null,"Value":4.4663661915898},{"Length":1.469795,"Height":3.037819,"Demand":1.0,"DemandMax":null,"Value":4.4649711771049994},{"Length":0.9640144,"Height":4.630549,"Demand":1.0,"DemandMax":null,"Value":4.4639159159056},{"Length":0.7505093,"Height":5.947313,"Demand":1.0,"DemandMax":null,"Value":4.4635137165109},{"Length":0.3178327,"Height":14.03323,"Demand":1.0,"DemandMax":null,"Value":4.460219380621},{"Length":7.591445,"Height":0.5873221,"Demand":1.0,"DemandMax":null,"Value":4.4586234194345},{"Length":0.3175745,"Height":14.03323,"Demand":1.0,"DemandMax":null,"Value":4.456596000635},{"Length":2.05851,"Height":2.16437,"Demand":1.0,"DemandMax":null,"Value":4.4553772887},{"Length":1.223889,"Height":3.637547,"Demand":1.0,"DemandMax":null,"Value":4.451953760283},{"Length":20.03639,"Height":0.2220007,"Demand":1.0,"DemandMax":null,"Value":4.448092605473},{"Length":0.3726084,"Height":11.92902,"Demand":1.0,"DemandMax":null,"Value":4.444853055768},{"Length":1.861423,"Height":2.385301,"Demand":1.0,"DemandMax":null,"Value":4.4400541433230005},{"Length":6.851845,"Height":0.6478221,"Demand":1.0,"DemandMax":null,"Value":4.4387766167745},{"Length":4.019334,"Height":1.103142,"Demand":1.0,"DemandMax":null,"Value":4.433896147428},{"Length":4.452892,"Height":0.992933,"Demand":1.0,"DemandMax":null,"Value":4.421423412236},{"Length":1.744547,"Height":2.531193,"Demand":1.0,"DemandMax":null,"Value":4.415785154571},{"Length":0.3493792,"Height":12.617,"Demand":1.0,"DemandMax":null,"Value":4.4081173664},{"Length":2.158171,"Height":2.042263,"Demand":1.0,"DemandMax":null,"Value":4.407552780973},{"Length":1.847717,"Height":2.385301,"Demand":1.0,"DemandMax":null,"Value":4.407361207817},{"Length":7.411942,"Height":0.5946144,"Demand":1.0,"DemandMax":null,"Value":4.4072474451648},{"Length":6.256865,"Height":0.7042511,"Demand":1.0,"DemandMax":null,"Value":4.4064040588015008},{"Length":4.016492,"Height":1.097019,"Demand":1.0,"DemandMax":null,"Value":4.406168037348},{"Length":0.4694815,"Height":9.383397,"Demand":1.0,"DemandMax":null,"Value":4.4053312986555},{"Length":20.03639,"Height":0.2197166,"Demand":1.0,"DemandMax":null,"Value":4.402327487074},{"Length":4.702244,"Height":0.9359773,"Demand":1.0,"DemandMax":null,"Value":4.4011936430612},{"Length":1.872528,"Height":2.34808,"Demand":1.0,"DemandMax":null,"Value":4.39684554624},{"Length":4.564668,"Height":0.9624637,"Demand":1.0,"DemandMax":null,"Value":4.3933272525516},{"Length":4.934262,"Height":0.8898602,"Demand":1.0,"DemandMax":null,"Value":4.3908033701724},{"Length":8.756666,"Height":0.5011997,"Demand":1.0,"DemandMax":null,"Value":4.3888383722002},{"Length":2.388711,"Height":1.834668,"Demand":1.0,"DemandMax":null,"Value":4.382491632948},{"Length":0.4838997,"Height":9.049944,"Demand":1.0,"DemandMax":null,"Value":4.3792651866167995},{"Length":2.723944,"Height":1.598818,"Demand":1.0,"DemandMax":null,"Value":4.355090698192},{"Length":6.53121,"Height":0.6663736,"Demand":1.0,"DemandMax":null,"Value":4.352225920056},{"Length":6.615842,"Height":0.6568046,"Demand":1.0,"DemandMax":null,"Value":4.3453154584731992},{"Length":0.7288738,"Height":5.947313,"Demand":1.0,"DemandMax":null,"Value":4.3348406260994006},{"Length":6.53121,"Height":0.6626952,"Demand":1.0,"DemandMax":null,"Value":4.328201517192},{"Length":2.742968,"Height":1.573085,"Demand":1.0,"DemandMax":null,"Value":4.31492181628},{"Length":0.3601052,"Height":11.96332,"Demand":1.0,"DemandMax":null,"Value":4.308053741264},{"Length":2.864876,"Height":1.503409,"Demand":1.0,"DemandMax":null,"Value":4.307080362284},{"Length":0.9641761,"Height":4.457021,"Demand":1.0,"DemandMax":null,"Value":4.2973531253981},{"Length":7.493095,"Height":0.57279,"Demand":1.0,"DemandMax":null,"Value":4.29196988505},{"Length":1.943127,"Height":2.20615,"Demand":1.0,"DemandMax":null,"Value":4.28682963105},{"Length":6.675512,"Height":0.6419687,"Demand":1.0,"DemandMax":null,"Value":4.2854697604744},{"Length":0.3609841,"Height":11.85598,"Demand":1.0,"DemandMax":null,"Value":4.279820269918},{"Length":1.479619,"Height":2.892297,"Demand":1.0,"DemandMax":null,"Value":4.279497594843},{"Length":10.45045,"Height":0.4086278,"Demand":1.0,"DemandMax":null,"Value":4.27034439251},{"Length":0.2601331,"Height":16.3982,"Demand":1.0,"DemandMax":null,"Value":4.26571460042},{"Length":6.176667,"Height":0.687044,"Demand":1.0,"DemandMax":null,"Value":4.243642002348},{"Length":0.2498255,"Height":16.918,"Demand":1.0,"DemandMax":null,"Value":4.2265478089999995},{"Length":10.56061,"Height":0.4000481,"Demand":1.0,"DemandMax":null,"Value":4.224751965341},{"Length":6.14867,"Height":0.687044,"Demand":1.0,"DemandMax":null,"Value":4.22440683148},{"Length":16.0811,"Height":0.2626712,"Demand":1.0,"DemandMax":null,"Value":4.2240418343199995},{"Length":1.646617,"Height":2.564773,"Demand":1.0,"DemandMax":null,"Value":4.2231988229410007},{"Length":2.807956,"Height":1.499643,"Demand":1.0,"DemandMax":null,"Value":4.210931559708},{"Length":3.486899,"Height":1.206354,"Demand":1.0,"DemandMax":null,"Value":4.206434556246},{"Length":2.807956,"Height":1.497942,"Demand":1.0,"DemandMax":null,"Value":4.206155226552},{"Length":2.388711,"Height":1.759981,"Demand":1.0,"DemandMax":null,"Value":4.204085974491},{"Length":4.526591,"Height":0.9278341,"Demand":1.0,"DemandMax":null,"Value":4.1999254865530995},{"Length":0.2480439,"Height":16.918,"Demand":1.0,"DemandMax":null,"Value":4.1964067002},{"Length":2.109582,"Height":1.986272,"Demand":1.0,"DemandMax":null,"Value":4.190203658304},{"Length":6.396027,"Height":0.654203,"Demand":1.0,"DemandMax":null,"Value":4.184300051481},{"Length":0.9240763,"Height":4.525003,"Demand":1.0,"DemandMax":null,"Value":4.1814480297289},{"Length":11.06341,"Height":0.3766893,"Demand":1.0,"DemandMax":null,"Value":4.1674681685129995},{"Length":10.45045,"Height":0.3981816,"Demand":1.0,"DemandMax":null,"Value":4.16117690172},{"Length":3.195238,"Height":1.298067,"Demand":1.0,"DemandMax":null,"Value":4.147633004946},{"Length":1.646617,"Height":2.51813,"Demand":1.0,"DemandMax":null,"Value":4.14639566621},{"Length":0.9281066,"Height":4.463262,"Demand":1.0,"DemandMax":null,"Value":4.1423829197292},{"Length":0.2252201,"Height":18.3798,"Demand":1.0,"DemandMax":null,"Value":4.13950039398},{"Length":0.5680567,"Height":7.262057,"Demand":1.0,"DemandMax":null,"Value":4.1252601346319},{"Length":2.289755,"Height":1.799504,"Demand":1.0,"DemandMax":null,"Value":4.12042328152},{"Length":11.2695,"Height":0.3653665,"Demand":1.0,"DemandMax":null,"Value":4.11749777175},{"Length":9.694032,"Height":0.4246936,"Demand":1.0,"DemandMax":null,"Value":4.1169933485952},{"Length":0.6039256,"Height":6.799518,"Demand":1.0,"DemandMax":null,"Value":4.1064029878607995},{"Length":0.6545284,"Height":6.21292,"Demand":1.0,"DemandMax":null,"Value":4.066532586928},{"Length":0.7480384,"Height":5.417587,"Demand":1.0,"DemandMax":null,"Value":4.0525631113408},{"Length":12.06824,"Height":0.3335515,"Demand":1.0,"DemandMax":null,"Value":4.02537955436},{"Length":0.5018272,"Height":8.012106,"Demand":1.0,"DemandMax":null,"Value":4.0206927200832},{"Length":0.706884,"Height":5.684143,"Demand":1.0,"DemandMax":null,"Value":4.018029740412},{"Length":4.657729,"Height":0.861716,"Demand":1.0,"DemandMax":null,"Value":4.013639602964},{"Length":2.010463,"Height":1.994591,"Demand":1.0,"DemandMax":null,"Value":4.010051405633},{"Length":6.000558,"Height":0.6672428,"Demand":1.0,"DemandMax":null,"Value":4.0038291214824},{"Length":0.4607832,"Height":8.630385,"Demand":1.0,"DemandMax":null,"Value":3.9767364175320004},{"Length":0.6558653,"Height":6.056949,"Demand":1.0,"DemandMax":null,"Value":3.9725426729697},{"Length":0.2038349,"Height":19.46741,"Demand":1.0,"DemandMax":null,"Value":3.9681375706090005},{"Length":1.076675,"Height":3.679866,"Demand":1.0,"DemandMax":null,"Value":3.9620197255500003},{"Length":1.985361,"Height":1.994591,"Demand":1.0,"DemandMax":null,"Value":3.959983182351},{"Length":1.261117,"Height":3.136029,"Demand":1.0,"DemandMax":null,"Value":3.9548994843930005},{"Length":0.5123545,"Height":7.697068,"Demand":1.0,"DemandMax":null,"Value":3.943627426606},{"Length":3.572111,"Height":1.103142,"Demand":1.0,"DemandMax":null,"Value":3.940545672762},{"Length":14.98736,"Height":0.2624609,"Demand":1.0,"DemandMax":null,"Value":3.933595994224},{"Length":1.311142,"Height":2.997585,"Demand":1.0,"DemandMax":null,"Value":3.93025959207},{"Length":0.868232,"Height":4.525003,"Demand":1.0,"DemandMax":null,"Value":3.928752404696},{"Length":1.881032,"Height":2.087654,"Demand":1.0,"DemandMax":null,"Value":3.9269439789280005},{"Length":5.452971,"Height":0.7185901,"Demand":1.0,"DemandMax":null,"Value":3.9184509761871},{"Length":8.86837,"Height":0.4411617,"Demand":1.0,"DemandMax":null,"Value":3.912385185429},{"Length":0.6069149,"Height":6.422525,"Demand":1.0,"DemandMax":null,"Value":3.8979261181225002},{"Length":5.687739,"Height":0.6837564,"Demand":1.0,"DemandMax":null,"Value":3.8890279427796},{"Length":3.060775,"Height":1.269698,"Demand":1.0,"DemandMax":null,"Value":3.88625989595},{"Length":0.2756265,"Height":14.09029,"Demand":1.0,"DemandMax":null,"Value":3.883657316685},{"Length":0.8746549,"Height":4.419755,"Demand":1.0,"DemandMax":null,"Value":3.8657603675495005},{"Length":0.5085938,"Height":7.585044,"Demand":1.0,"DemandMax":null,"Value":3.8577063511271996},{"Length":0.7480384,"Height":5.13943,"Demand":1.0,"DemandMax":null,"Value":3.844490994112},{"Length":1.770009,"Height":2.171468,"Demand":1.0,"DemandMax":null,"Value":3.8435179032119997},{"Length":11.6602,"Height":0.3285919,"Demand":1.0,"DemandMax":null,"Value":3.8314472723799997},{"Length":0.4607832,"Height":8.297894,"Demand":1.0,"DemandMax":null,"Value":3.8235301505807997},{"Length":5.618472,"Height":0.6766146,"Demand":1.0,"DemandMax":null,"Value":3.8015401848911994},{"Length":2.158171,"Height":1.759557,"Demand":1.0,"DemandMax":null,"Value":3.7974248902469996},{"Length":0.8518953,"Height":4.457021,"Demand":1.0,"DemandMax":null,"Value":3.7969152419013},{"Length":0.706884,"Height":5.350164,"Demand":1.0,"DemandMax":null,"Value":3.781945328976},{"Length":1.382681,"Height":2.721609,"Demand":1.0,"DemandMax":null,"Value":3.763117053729},{"Length":0.5553217,"Height":6.768949,"Demand":1.0,"DemandMax":null,"Value":3.7589442658933003},{"Length":5.709496,"Height":0.6568046,"Demand":1.0,"DemandMax":null,"Value":3.7500232364815997},{"Length":0.6874907,"Height":5.429477,"Demand":1.0,"DemandMax":null,"Value":3.7327149433639004},{"Length":0.3030577,"Height":12.31074,"Demand":1.0,"DemandMax":null,"Value":3.7308645496979995},{"Length":18.80576,"Height":0.198371,"Demand":1.0,"DemandMax":null,"Value":3.7305174169599997},{"Length":10.56061,"Height":0.3532271,"Demand":1.0,"DemandMax":null,"Value":3.730293644531},{"Length":1.770009,"Height":2.100317,"Demand":1.0,"DemandMax":null,"Value":3.717579992853},{"Length":5.770316,"Height":0.6441308,"Demand":1.0,"DemandMax":null,"Value":3.7168382613328004},{"Length":5.049922,"Height":0.7345846,"Demand":1.0,"DemandMax":null,"Value":3.7095949324012},{"Length":5.302746,"Height":0.6964481,"Demand":1.0,"DemandMax":null,"Value":3.6930873764826},{"Length":8.031427,"Height":0.4598125,"Demand":1.0,"DemandMax":null,"Value":3.6929505274375005},{"Length":1.050734,"Height":3.505558,"Demand":1.0,"DemandMax":null,"Value":3.6834089795720004},{"Length":0.4351477,"Height":8.443936,"Demand":1.0,"DemandMax":null,"Value":3.6743593293472006},{"Length":0.9172271,"Height":3.991766,"Demand":1.0,"DemandMax":null,"Value":3.6613559520586},{"Length":0.4222804,"Height":8.645849,"Demand":1.0,"DemandMax":null,"Value":3.6509725740596},{"Length":1.110501,"Height":3.287561,"Demand":1.0,"DemandMax":null,"Value":3.650839778061},{"Length":10.56061,"Height":0.3450668,"Demand":1.0,"DemandMax":null,"Value":3.6441158987480002},{"Length":3.309904,"Height":1.095074,"Demand":1.0,"DemandMax":null,"Value":3.624589812896},{"Length":1.042111,"Height":3.467386,"Demand":1.0,"DemandMax":null,"Value":3.613401091846},{"Length":8.86837,"Height":0.4068874,"Demand":1.0,"DemandMax":null,"Value":3.6084280115380003},{"Length":0.9342217,"Height":3.86137,"Demand":1.0,"DemandMax":null,"Value":3.6073756457290003},{"Length":3.657349,"Height":0.9808104,"Demand":1.0,"DemandMax":null,"Value":3.5871659356295997},{"Length":3.656987,"Height":0.9808104,"Demand":1.0,"DemandMax":null,"Value":3.5868108822647997},{"Length":0.3022407,"Height":11.85598,"Demand":1.0,"DemandMax":null,"Value":3.583359694386},{"Length":1.364825,"Height":2.62035,"Demand":1.0,"DemandMax":null,"Value":3.5763191887500003},{"Length":2.644772,"Height":1.350493,"Demand":1.0,"DemandMax":null,"Value":3.571746072596},{"Length":16.0811,"Height":0.221647,"Demand":1.0,"DemandMax":null,"Value":3.5643275717},{"Length":0.5673466,"Height":6.280499,"Demand":1.0,"DemandMax":null,"Value":3.5632197539534003},{"Length":2.599724,"Height":1.369889,"Demand":1.0,"DemandMax":null,"Value":3.561333310636},{"Length":2.289755,"Height":1.551541,"Demand":1.0,"DemandMax":null,"Value":3.552648762455},{"Length":0.3500047,"Height":10.14714,"Demand":1.0,"DemandMax":null,"Value":3.5515466915580003},{"Length":0.6354072,"Height":5.578772,"Demand":1.0,"DemandMax":null,"Value":3.5447918959583995},{"Length":0.3048794,"Height":11.61751,"Demand":1.0,"DemandMax":null,"Value":3.541939478294},{"Length":2.267537,"Height":1.554532,"Demand":1.0,"DemandMax":null,"Value":3.524958827684},{"Length":1.149805,"Height":3.063858,"Demand":1.0,"DemandMax":null,"Value":3.52283924769},{"Length":0.2704376,"Height":13.0236,"Demand":1.0,"DemandMax":null,"Value":3.52207112736},{"Length":3.195238,"Height":1.100284,"Demand":1.0,"DemandMax":null,"Value":3.5156692475919997},{"Length":10.20068,"Height":0.3432626,"Demand":1.0,"DemandMax":null,"Value":3.5015119385679996},{"Length":0.5114829,"Height":6.799518,"Demand":1.0,"DemandMax":null,"Value":3.4778371852422},{"Length":1.057688,"Height":3.2877,"Demand":1.0,"DemandMax":null,"Value":3.4773608376},{"Length":0.2311441,"Height":15.03259,"Demand":1.0,"DemandMax":null,"Value":3.474694486219},{"Length":0.5363742,"Height":6.462482,"Demand":1.0,"DemandMax":null,"Value":3.4663086127644},{"Length":1.050734,"Height":3.29396,"Demand":1.0,"DemandMax":null,"Value":3.4610757666400005},{"Length":4.3657,"Height":0.7914958,"Demand":1.0,"DemandMax":null,"Value":3.45543321406},{"Length":4.153911,"Height":0.8311698,"Demand":1.0,"DemandMax":null,"Value":3.4526053750877996},{"Length":2.008882,"Height":1.716305,"Demand":1.0,"DemandMax":null,"Value":3.4478542210099996},{"Length":1.167579,"Height":2.951618,"Demand":1.0,"DemandMax":null,"Value":3.4462471928219998},{"Length":0.9342217,"Height":3.682773,"Demand":1.0,"DemandMax":null,"Value":3.4405264527741},{"Length":11.36508,"Height":0.3015725,"Demand":1.0,"DemandMax":null,"Value":3.4273955883000005},{"Length":8.756666,"Height":0.3907633,"Demand":1.0,"DemandMax":null,"Value":3.4217837031577996},{"Length":2.158171,"Height":1.5822,"Demand":1.0,"DemandMax":null,"Value":3.4146581562},{"Length":0.839038,"Height":4.059926,"Demand":1.0,"DemandMax":null,"Value":3.406432191188},{"Length":1.065992,"Height":3.190563,"Demand":1.0,"DemandMax":null,"Value":3.4011146334960003},{"Length":0.2071631,"Height":16.3982,"Demand":1.0,"DemandMax":null,"Value":3.39710194642},{"Length":3.357995,"Height":1.011078,"Demand":1.0,"DemandMax":null,"Value":3.3951948686099995},{"Length":4.153911,"Height":0.8173283,"Demand":1.0,"DemandMax":null,"Value":3.3951090159813},{"Length":1.978788,"Height":1.712765,"Demand":1.0,"DemandMax":null,"Value":3.38919882882},{"Length":8.86837,"Height":0.381547,"Demand":1.0,"DemandMax":null,"Value":3.3836999683900006},{"Length":12.06824,"Height":0.2799649,"Demand":1.0,"DemandMax":null,"Value":3.378683604776},{"Length":1.127908,"Height":2.994154,"Demand":1.0,"DemandMax":null,"Value":3.3771302498319997},{"Length":0.904608,"Height":3.726644,"Demand":1.0,"DemandMax":null,"Value":3.371151975552},{"Length":1.362651,"Height":2.4728,"Demand":1.0,"DemandMax":null,"Value":3.3695633928},{"Length":5.769681,"Height":0.5821939,"Demand":1.0,"DemandMax":null,"Value":3.3590730831459004},{"Length":0.4838997,"Height":6.932094,"Demand":1.0,"DemandMax":null,"Value":3.3544382069718},{"Length":0.9667702,"Height":3.467386,"Demand":1.0,"DemandMax":null,"Value":3.3521654566972},{"Length":1.955794,"Height":1.712765,"Demand":1.0,"DemandMax":null,"Value":3.34981551041},{"Length":14.98736,"Height":0.2218573,"Demand":1.0,"DemandMax":null,"Value":3.3250552237280004},{"Length":1.318202,"Height":2.520052,"Demand":1.0,"DemandMax":null,"Value":3.3219375865040006},{"Length":0.5363742,"Height":6.179997,"Demand":1.0,"DemandMax":null,"Value":3.3147909468774004},{"Length":0.8699764,"Height":3.809646,"Demand":1.0,"DemandMax":null,"Value":3.3143021123543996},{"Length":0.5283741,"Height":6.268044,"Demand":1.0,"DemandMax":null,"Value":3.3118721072603994},{"Length":1.567931,"Height":2.111766,"Demand":1.0,"DemandMax":null,"Value":3.311103376146},{"Length":13.32246,"Height":0.248191,"Demand":1.0,"DemandMax":null,"Value":3.30651466986},{"Length":1.382681,"Height":2.38992,"Demand":1.0,"DemandMax":null,"Value":3.30449697552},{"Length":1.101483,"Height":2.994154,"Demand":1.0,"DemandMax":null,"Value":3.2980097303819997},{"Length":0.9281066,"Height":3.548844,"Demand":1.0,"DemandMax":null,"Value":3.2937055387704},{"Length":4.928557,"Height":0.6672428,"Demand":1.0,"DemandMax":null,"Value":3.2885441726396},{"Length":1.43768,"Height":2.286039,"Demand":1.0,"DemandMax":null,"Value":3.2865925495200004},{"Length":4.031146,"Height":0.8149977,"Demand":1.0,"DemandMax":null,"Value":3.2853747183642},{"Length":5.76475,"Height":0.5692631,"Demand":1.0,"DemandMax":null,"Value":3.2816594557250003},{"Length":1.005813,"Height":3.26109,"Demand":1.0,"DemandMax":null,"Value":3.28004671617},{"Length":4.831982,"Height":0.6766146,"Demand":1.0,"DemandMax":null,"Value":3.2693895681372},{"Length":2.599724,"Height":1.256506,"Demand":1.0,"DemandMax":null,"Value":3.2665688043439998},{"Length":17.02599,"Height":0.1918107,"Demand":1.0,"DemandMax":null,"Value":3.265767060093},{"Length":2.675878,"Height":1.220069,"Demand":1.0,"DemandMax":null,"Value":3.2647557955820004},{"Length":0.5231521,"Height":6.236448,"Demand":1.0,"DemandMax":null,"Value":3.2626108677408},{"Length":11.06341,"Height":0.2948211,"Demand":1.0,"DemandMax":null,"Value":3.261726705951},{"Length":2.098163,"Height":1.554532,"Demand":1.0,"DemandMax":null,"Value":3.261661524716},{"Length":0.839038,"Height":3.883797,"Demand":1.0,"DemandMax":null,"Value":3.258653267286},{"Length":0.6232018,"Height":5.218894,"Demand":1.0,"DemandMax":null,"Value":3.2524241348092},{"Length":0.8916217,"Height":3.645825,"Demand":1.0,"DemandMax":null,"Value":3.2506966844024996},{"Length":0.5056263,"Height":6.422525,"Demand":1.0,"DemandMax":null,"Value":3.2473975524075},{"Length":3.862425,"Height":0.8397133,"Demand":1.0,"DemandMax":null,"Value":3.2433296427525},{"Length":9.842077,"Height":0.3285919,"Demand":1.0,"DemandMax":null,"Value":3.2340267813762997},{"Length":7.022192,"Height":0.4598125,"Demand":1.0,"DemandMax":null,"Value":3.2288916590000003},{"Length":0.3601052,"Height":8.96334,"Demand":1.0,"DemandMax":null,"Value":3.2277453433680003},{"Length":0.1825701,"Height":17.67433,"Demand":1.0,"DemandMax":null,"Value":3.2268041955330005},{"Length":0.3506192,"Height":9.189057,"Demand":1.0,"DemandMax":null,"Value":3.2218598140944},{"Length":1.110501,"Height":2.901016,"Demand":1.0,"DemandMax":null,"Value":3.221581169016},{"Length":2.680732,"Height":1.201538,"Demand":1.0,"DemandMax":null,"Value":3.221001365816},{"Length":6.339197,"Height":0.5078593,"Demand":1.0,"DemandMax":null,"Value":3.2194201509821},{"Length":0.9729613,"Height":3.301056,"Demand":1.0,"DemandMax":null,"Value":3.2117997371328},{"Length":4.245491,"Height":0.7558818,"Demand":1.0,"DemandMax":null,"Value":3.2090893789638004},{"Length":2.680732,"Height":1.195844,"Demand":1.0,"DemandMax":null,"Value":3.2057372778079998},{"Length":1.967894,"Height":1.628339,"Demand":1.0,"DemandMax":null,"Value":3.204398548066},{"Length":2.408963,"Height":1.330082,"Demand":1.0,"DemandMax":null,"Value":3.204118324966},{"Length":0.8746549,"Height":3.662095,"Demand":1.0,"DemandMax":null,"Value":3.2030693360155},{"Length":16.26955,"Height":0.1967072,"Demand":1.0,"DemandMax":null,"Value":3.2003376257599996},{"Length":4.873472,"Height":0.654203,"Demand":1.0,"DemandMax":null,"Value":3.188240002816},{"Length":0.3500047,"Height":9.099817,"Demand":1.0,"DemandMax":null,"Value":3.1849787191399},{"Length":1.441724,"Height":2.20615,"Demand":1.0,"DemandMax":null,"Value":3.1806594026},{"Length":0.4245442,"Height":7.490612,"Demand":1.0,"DemandMax":null,"Value":3.1800958790503997},{"Length":0.524195,"Height":6.056949,"Demand":1.0,"DemandMax":null,"Value":3.175022381055},{"Length":0.3756855,"Height":8.443936,"Demand":1.0,"DemandMax":null,"Value":3.172264318128},{"Length":2.978006,"Height":1.063637,"Demand":1.0,"DemandMax":null,"Value":3.167517367822},{"Length":1.918069,"Height":1.650866,"Demand":1.0,"DemandMax":null,"Value":3.166474897754},{"Length":0.9417915,"Height":3.359749,"Demand":1.0,"DemandMax":null,"Value":3.1641830503335},{"Length":9.75127,"Height":0.3243202,"Demand":1.0,"DemandMax":null,"Value":3.162533836654},{"Length":1.567931,"Height":2.016166,"Demand":1.0,"DemandMax":null,"Value":3.161209172546},{"Length":1.167579,"Height":2.703476,"Demand":1.0,"DemandMax":null,"Value":3.156521804604},{"Length":1.005813,"Height":3.134519,"Demand":1.0,"DemandMax":null,"Value":3.1527399589470004},{"Length":9.694032,"Height":0.3247241,"Demand":1.0,"DemandMax":null,"Value":3.1478858165712},{"Length":4.452892,"Height":0.7063313,"Demand":1.0,"DemandMax":null,"Value":3.1452169951196},{"Length":0.839038,"Height":3.736956,"Demand":1.0,"DemandMax":null,"Value":3.135448088328},{"Length":0.1772778,"Height":17.67433,"Demand":1.0,"DemandMax":null,"Value":3.1332663388740003},{"Length":4.665576,"Height":0.6715103,"Demand":1.0,"DemandMax":null,"Value":3.1329823394328},{"Length":0.248963,"Height":12.57914,"Demand":1.0,"DemandMax":null,"Value":3.13174043182},{"Length":2.742968,"Height":1.139387,"Demand":1.0,"DemandMax":null,"Value":3.1253020806159997},{"Length":10.18453,"Height":0.306775,"Demand":1.0,"DemandMax":null,"Value":3.1243591907500003},{"Length":10.18453,"Height":0.3067413,"Demand":1.0,"DemandMax":null,"Value":3.124015972089},{"Length":0.5325541,"Height":5.851769,"Demand":1.0,"DemandMax":null,"Value":3.1163835732029},{"Length":1.918069,"Height":1.624097,"Demand":1.0,"DemandMax":null,"Value":3.1151301086929997},{"Length":0.8159181,"Height":3.809646,"Demand":1.0,"DemandMax":null,"Value":3.1083591259926},{"Length":4.657729,"Height":0.6670769,"Demand":1.0,"DemandMax":null,"Value":3.1070634223601},{"Length":0.2066774,"Height":15.03259,"Demand":1.0,"DemandMax":null,"Value":3.1068966164660003},{"Length":0.4144937,"Height":7.490612,"Demand":1.0,"DemandMax":null,"Value":3.1048114831444},{"Length":0.9388273,"Height":3.301056,"Demand":1.0,"DemandMax":null,"Value":3.0991214916288},{"Length":2.827744,"Height":1.095074,"Demand":1.0,"DemandMax":null,"Value":3.096588933056},{"Length":0.2058756,"Height":15.03259,"Demand":1.0,"DemandMax":null,"Value":3.094843485804},{"Length":2.90778,"Height":1.063637,"Demand":1.0,"DemandMax":null,"Value":3.09282239586},{"Length":1.065992,"Height":2.898249,"Demand":1.0,"DemandMax":null,"Value":3.089510248008},{"Length":6.53121,"Height":0.4729488,"Demand":1.0,"DemandMax":null,"Value":3.088927932048},{"Length":0.773672,"Height":3.991766,"Demand":1.0,"DemandMax":null,"Value":3.088317584752},{"Length":0.3782477,"Height":8.163061,"Demand":1.0,"DemandMax":null,"Value":3.0876590482097006},{"Length":6.551653,"Height":0.4691865,"Demand":1.0,"DemandMax":null,"Value":3.0739471402845},{"Length":6.551653,"Height":0.4681778,"Demand":1.0,"DemandMax":null,"Value":3.0673384879034},{"Length":9.75127,"Height":0.3142116,"Demand":1.0,"DemandMax":null,"Value":3.0639621487319997},{"Length":5.379138,"Height":0.5692631,"Demand":1.0,"DemandMax":null,"Value":3.0621447732078004},{"Length":0.2933092,"Height":10.43002,"Demand":1.0,"DemandMax":null,"Value":3.0592208221840003},{"Length":0.1778964,"Height":17.18936,"Demand":1.0,"DemandMax":null,"Value":3.0579252623040003},{"Length":0.2631773,"Height":11.61751,"Demand":1.0,"DemandMax":null,"Value":3.057464914523},{"Length":8.756666,"Height":0.348856,"Demand":1.0,"DemandMax":null,"Value":3.054815474096},{"Length":6.639778,"Height":0.4594804,"Demand":1.0,"DemandMax":null,"Value":3.0508478513512},{"Length":2.582672,"Height":1.178194,"Demand":1.0,"DemandMax":null,"Value":3.042888654368},{"Length":1.697457,"Height":1.790981,"Demand":1.0,"DemandMax":null,"Value":3.040113235317},{"Length":3.562006,"Height":0.852316,"Demand":1.0,"DemandMax":null,"Value":3.0359547058959997},{"Length":2.24687,"Height":1.351081,"Demand":1.0,"DemandMax":null,"Value":3.03570336647},{"Length":2.599724,"Height":1.167563,"Demand":1.0,"DemandMax":null,"Value":3.035341552612},{"Length":1.489312,"Height":2.033991,"Demand":1.0,"DemandMax":null,"Value":3.0292472041919996},{"Length":3.817676,"Height":0.7925896,"Demand":1.0,"DemandMax":null,"Value":3.0258502937696},{"Length":0.5570803,"Height":5.431382,"Demand":1.0,"DemandMax":null,"Value":3.0257159139746},{"Length":2.24687,"Height":1.346388,"Demand":1.0,"DemandMax":null,"Value":3.02515880556},{"Length":3.742733,"Height":0.8078147,"Demand":1.0,"DemandMax":null,"Value":3.0234347355751},{"Length":2.989843,"Height":1.011078,"Demand":1.0,"DemandMax":null,"Value":3.0229644807539997},{"Length":2.109582,"Height":1.432925,"Demand":1.0,"DemandMax":null,"Value":3.0228727873500003},{"Length":1.852396,"Height":1.631799,"Demand":1.0,"DemandMax":null,"Value":3.022737940404},{"Length":0.5363742,"Height":5.635436,"Demand":1.0,"DemandMax":null,"Value":3.0227024761512005},{"Length":1.724306,"Height":1.747637,"Demand":1.0,"DemandMax":null,"Value":3.013460964922},{"Length":0.4445477,"Height":6.768949,"Demand":1.0,"DemandMax":null,"Value":3.0091207093673},{"Length":1.877242,"Height":1.600199,"Demand":1.0,"DemandMax":null,"Value":3.003960771158},{"Length":11.55637,"Height":0.259834,"Demand":1.0,"DemandMax":null,"Value":3.0027378425799998},{"Length":4.3657,"Height":0.6847957,"Demand":1.0,"DemandMax":null,"Value":2.9896125874900004},{"Length":0.9717927,"Height":3.063858,"Demand":1.0,"DemandMax":null,"Value":2.9774348382366},{"Length":13.32246,"Height":0.2234612,"Demand":1.0,"DemandMax":null,"Value":2.977052898552},{"Length":6.126658,"Height":0.4843182,"Demand":1.0,"DemandMax":null,"Value":2.9672519745756},{"Length":1.002548,"Height":2.957081,"Demand":1.0,"DemandMax":null,"Value":2.964615642388},{"Length":1.636525,"Height":1.806685,"Demand":1.0,"DemandMax":null,"Value":2.956685169625},{"Length":0.7188268,"Height":4.108744,"Demand":1.0,"DemandMax":null,"Value":2.9534753015392},{"Length":2.315762,"Height":1.273035,"Demand":1.0,"DemandMax":null,"Value":2.9480460776699995},{"Length":9.774777,"Height":0.3015725,"Demand":1.0,"DemandMax":null,"Value":2.9478039368325004},{"Length":1.801758,"Height":1.631799,"Demand":1.0,"DemandMax":null,"Value":2.940106902642},{"Length":4.405896,"Height":0.6667436,"Demand":1.0,"DemandMax":null,"Value":2.9376029602656},{"Length":3.662462,"Height":0.8016312,"Demand":1.0,"DemandMax":null,"Value":2.9359438080144002},{"Length":11.28103,"Height":0.259834,"Demand":1.0,"DemandMax":null,"Value":2.93119514902},{"Length":3.817676,"Height":0.7673663,"Demand":1.0,"DemandMax":null,"Value":2.9295559067187997},{"Length":3.651875,"Height":0.8016312,"Demand":1.0,"DemandMax":null,"Value":2.9274569384999998},{"Length":1.441304,"Height":2.026282,"Demand":1.0,"DemandMax":null,"Value":2.9204883517280003},{"Length":1.628806,"Height":1.790981,"Demand":1.0,"DemandMax":null,"Value":2.917160598686},{"Length":3.858287,"Height":0.7558818,"Demand":1.0,"DemandMax":null,"Value":2.9164089224766},{"Length":1.396668,"Height":2.087654,"Demand":1.0,"DemandMax":null,"Value":2.915759536872},{"Length":0.5538923,"Height":5.254324,"Demand":1.0,"DemandMax":null,"Value":2.9103296053052},{"Length":3.562006,"Height":0.8168777,"Demand":1.0,"DemandMax":null,"Value":2.9097232686662},{"Length":0.6874907,"Height":4.222572,"Demand":1.0,"DemandMax":null,"Value":2.9029789800804005},{"Length":5.989125,"Height":0.4843182,"Demand":1.0,"DemandMax":null,"Value":2.900642239575},{"Length":1.268358,"Height":2.286039,"Demand":1.0,"DemandMax":null,"Value":2.8995158539620003},{"Length":3.451912,"Height":0.8397133,"Demand":1.0,"DemandMax":null,"Value":2.8986164168296003},{"Length":4.011884,"Height":0.7200923,"Demand":1.0,"DemandMax":null,"Value":2.8889267768932},{"Length":0.2220017,"Height":13.009,"Demand":1.0,"DemandMax":null,"Value":2.8880201153000002},{"Length":3.571604,"Height":0.8078147,"Demand":1.0,"DemandMax":null,"Value":2.8851942137788},{"Length":0.6464663,"Height":4.457791,"Demand":1.0,"DemandMax":null,"Value":2.8818116539433003},{"Length":4.481514,"Height":0.6422412,"Demand":1.0,"DemandMax":null,"Value":2.8782129291767995},{"Length":1.914258,"Height":1.503409,"Demand":1.0,"DemandMax":null,"Value":2.877912705522},{"Length":2.252761,"Height":1.273035,"Demand":1.0,"DemandMax":null,"Value":2.867843599635},{"Length":2.582672,"Height":1.107845,"Demand":1.0,"DemandMax":null,"Value":2.86120026184},{"Length":1.002548,"Height":2.853145,"Demand":1.0,"DemandMax":null,"Value":2.86041481346},{"Length":0.7941797,"Height":3.594649,"Demand":1.0,"DemandMax":null,"Value":2.8547972644253004},{"Length":4.247735,"Height":0.6715103,"Demand":1.0,"DemandMax":null,"Value":2.8523978041705},{"Length":0.4424676,"Height":6.42525,"Demand":1.0,"DemandMax":null,"Value":2.8429649469},{"Length":1.400883,"Height":2.026282,"Demand":1.0,"DemandMax":null,"Value":2.838584007006},{"Length":0.839038,"Height":3.382086,"Demand":1.0,"DemandMax":null,"Value":2.837698673268},{"Length":0.2799881,"Height":10.1343,"Demand":1.0,"DemandMax":null,"Value":2.83748340183},{"Length":4.481514,"Height":0.6328348,"Demand":1.0,"DemandMax":null,"Value":2.8360580158872},{"Length":6.639778,"Height":0.4262254,"Demand":1.0,"DemandMax":null,"Value":2.8300420339612},{"Length":6.151575,"Height":0.4598125,"Demand":1.0,"DemandMax":null,"Value":2.8285710796875003},{"Length":0.2247524,"Height":12.57914,"Demand":1.0,"DemandMax":null,"Value":2.827191904936},{"Length":0.904608,"Height":3.12397,"Demand":1.0,"DemandMax":null,"Value":2.8259682537599997},{"Length":5.354957,"Height":0.5275744,"Demand":1.0,"DemandMax":null,"Value":2.8251382263008},{"Length":0.2799881,"Height":10.08831,"Demand":1.0,"DemandMax":null,"Value":2.824606749111},{"Length":4.011884,"Height":0.7035847,"Demand":1.0,"DemandMax":null,"Value":2.8227002005748},{"Length":0.3916712,"Height":7.201573,"Demand":1.0,"DemandMax":null,"Value":2.8206487387976},{"Length":0.5363742,"Height":5.257197,"Demand":1.0,"DemandMax":null,"Value":2.8198248351174},{"Length":4.779541,"Height":0.5896177,"Demand":1.0,"DemandMax":null,"Value":2.8181019714757003},{"Length":0.3910911,"Height":7.201573,"Demand":1.0,"DemandMax":null,"Value":2.8164711063003},{"Length":1.558713,"Height":1.806685,"Demand":1.0,"DemandMax":null,"Value":2.816103396405},{"Length":4.385346,"Height":0.6419687,"Demand":1.0,"DemandMax":null,"Value":2.8152548706702},{"Length":2.046129,"Height":1.375846,"Demand":1.0,"DemandMax":null,"Value":2.815158400134},{"Length":2.044304,"Height":1.375846,"Demand":1.0,"DemandMax":null,"Value":2.812647481184}]}