{"Name":"Path22_25","Objects":[{"Length":100.0,"Height":100.0,"Stock":null,"Cost":10000.0}],"Items":[{"Length":95.11356,"Height":34.8614,"Demand":1.0,"DemandMax":null,"Value":3315.7918605840005},{"Length":95.11356,"Height":24.66677,"Demand":1.0,"DemandMax":null,"Value":2346.1443084012003},{"Length":100.0,"Height":7.797902,"Demand":1.0,"DemandMax":null,"Value":779.79019999999991},{"Length":50.12254,"Height":9.019436,"Demand":1.0,"DemandMax":null,"Value":452.07704168744004},{"Length":74.31696,"Height":5.924687,"Demand":1.0,"DemandMax":null,"Value":440.30472679151995},{"Length":87.1981,"Height":4.320868,"Demand":1.0,"DemandMax":null,"Value":376.77147995079997},{"Length":4.886444,"Height":68.54761,"Demand":1.0,"DemandMax":null,"Value":334.95405759884005},{"Length":32.41971,"Height":9.019436,"Demand":1.0,"DemandMax":null,"Value":292.40749948356006},{"Length":100.0,"Height":2.342786,"Demand":1.0,"DemandMax":null,"Value":234.27859999999998},{"Length":25.68305,"Height":6.9922,"Demand":1.0,"DemandMax":null,"Value":179.58102221000002},{"Length":47.25928,"Height":2.587442,"Demand":1.0,"DemandMax":null,"Value":122.28064596175999},{"Length":100.0,"Height":1.210672,"Demand":1.0,"DemandMax":null,"Value":121.0672},{"Length":100.0,"Height":1.18517,"Demand":1.0,"DemandMax":null,"Value":118.51700000000001},{"Length":87.1981,"Height":1.339948,"Demand":1.0,"DemandMax":null,"Value":116.8409196988},{"Length":12.5713,"Height":9.019436,"Demand":1.0,"DemandMax":null,"Value":113.38603578680002},{"Length":12.80189,"Height":8.309081,"Demand":1.0,"DemandMax":null,"Value":106.37194096309001},{"Length":100.0,"Height":1.027139,"Demand":1.0,"DemandMax":null,"Value":102.7139},{"Length":87.1981,"Height":1.058712,"Demand":1.0,"DemandMax":null,"Value":92.31767484720001},{"Length":74.31696,"Height":1.067512,"Demand":1.0,"DemandMax":null,"Value":79.33424660352},{"Length":43.11714,"Height":1.589553,"Demand":1.0,"DemandMax":null,"Value":68.53697923842},{"Length":52.74072,"Height":1.231137,"Demand":1.0,"DemandMax":null,"Value":64.93105179864},{"Length":27.2737,"Height":1.356305,"Demand":1.0,"DemandMax":null,"Value":36.9914556785},{"Length":44.08096,"Height":0.8332613,"Demand":1.0,"DemandMax":null,"Value":36.730958034847994},{"Length":25.46702,"Height":1.356305,"Demand":1.0,"DemandMax":null,"Value":34.5410465611},{"Length":44.08096,"Height":0.7562921,"Demand":1.0,"DemandMax":null,"Value":33.338081808416}]}