{"Name":"Path27_100","Objects":[{"Length":100.0,"Height":100.0,"Stock":null,"Cost":10000.0}],"Items":[{"Length":50.08816,"Height":56.19792,"Demand":1.0,"DemandMax":null,"Value":2814.8504086272},{"Length":27.08253,"Height":38.29506,"Demand":1.0,"DemandMax":null,"Value":1037.1271113018},{"Length":24.39566,"Height":27.31083,"Demand":1.0,"DemandMax":null,"Value":666.26572299779991},{"Length":9.305853,"Height":56.19792,"Demand":1.0,"DemandMax":null,"Value":522.96958242576011},{"Length":16.43845,"Height":21.18435,"Demand":1.0,"DemandMax":null,"Value":348.2378782575},{"Length":27.19616,"Height":11.23992,"Demand":1.0,"DemandMax":null,"Value":305.6826627072},{"Length":27.19616,"Height":4.959248,"Demand":1.0,"DemandMax":null,"Value":134.87250208767998},{"Length":5.452022,"Height":23.55058,"Demand":1.0,"DemandMax":null,"Value":128.39828027276002},{"Length":7.631749,"Height":15.00983,"Demand":1.0,"DemandMax":null,"Value":114.55125509266999},{"Length":2.789254,"Height":38.29506,"Demand":1.0,"DemandMax":null,"Value":106.81464928524001},{"Length":10.54655,"Height":9.802302,"Demand":1.0,"DemandMax":null,"Value":103.38046815809999},{"Length":9.945886,"Height":9.802302,"Demand":1.0,"DemandMax":null,"Value":97.49257822957199},{"Length":7.631749,"Height":11.61867,"Demand":1.0,"DemandMax":null,"Value":88.67077315383},{"Length":10.5266,"Height":8.340991,"Demand":1.0,"DemandMax":null,"Value":87.8022758606},{"Length":5.452022,"Height":14.74449,"Demand":1.0,"DemandMax":null,"Value":80.387283858780009},{"Length":27.19616,"Height":2.775268,"Demand":1.0,"DemandMax":null,"Value":75.47663257088},{"Length":0.9702836,"Height":65.01547,"Demand":1.0,"DemandMax":null,"Value":63.083444287292},{"Length":15.49495,"Height":3.808357,"Demand":1.0,"DemandMax":null,"Value":59.01030129715},{"Length":4.574399,"Height":12.73055,"Demand":1.0,"DemandMax":null,"Value":58.23461518944999},{"Length":3.796672,"Height":15.02028,"Demand":1.0,"DemandMax":null,"Value":57.02707650816},{"Length":7.017432,"Height":8.101804,"Demand":1.0,"DemandMax":null,"Value":56.853858647327996},{"Length":17.84629,"Height":3.135571,"Demand":1.0,"DemandMax":null,"Value":55.95830938159},{"Length":1.572695,"Height":35.32552,"Demand":1.0,"DemandMax":null,"Value":55.556268676399995},{"Length":12.10654,"Height":4.502674,"Demand":1.0,"DemandMax":null,"Value":54.51180288796},{"Length":8.635053,"Height":6.150831,"Demand":1.0,"DemandMax":null,"Value":53.112751679042994},{"Length":0.9466214,"Height":55.20019,"Demand":1.0,"DemandMax":null,"Value":52.253681138066},{"Length":4.574399,"Height":11.39205,"Demand":1.0,"DemandMax":null,"Value":52.111782127949994},{"Length":4.435779,"Height":11.66656,"Demand":1.0,"DemandMax":null,"Value":51.75028185024},{"Length":5.911845,"Height":8.340991,"Demand":1.0,"DemandMax":null,"Value":49.310645938395},{"Length":50.21266,"Height":0.980131,"Demand":1.0,"DemandMax":null,"Value":49.21498465846},{"Length":18.56111,"Height":2.49352,"Demand":1.0,"DemandMax":null,"Value":46.2824990072},{"Length":7.677941,"Height":5.956514,"Demand":1.0,"DemandMax":null,"Value":45.733763057674004},{"Length":6.778364,"Height":6.618995,"Demand":1.0,"DemandMax":null,"Value":44.865957424179996},{"Length":1.662992,"Height":26.80287,"Demand":1.0,"DemandMax":null,"Value":44.572958387039996},{"Length":7.677941,"Height":5.797954,"Demand":1.0,"DemandMax":null,"Value":44.516348732714},{"Length":50.21266,"Height":0.8712909,"Demand":1.0,"DemandMax":null,"Value":43.749833722794},{"Length":5.885391,"Height":7.261114,"Demand":1.0,"DemandMax":null,"Value":42.734494985574},{"Length":14.51735,"Height":2.894511,"Demand":1.0,"DemandMax":null,"Value":42.020629265850005},{"Length":2.800498,"Height":15.00265,"Demand":1.0,"DemandMax":null,"Value":42.0148913197},{"Length":3.18081,"Height":13.19311,"Demand":1.0,"DemandMax":null,"Value":41.9647762191},{"Length":1.217478,"Height":34.22356,"Demand":1.0,"DemandMax":null,"Value":41.66643138168},{"Length":14.81179,"Height":2.789659,"Demand":1.0,"DemandMax":null,"Value":41.31984327961},{"Length":14.81179,"Height":2.71736,"Demand":1.0,"DemandMax":null,"Value":40.248965674400004},{"Length":16.43845,"Height":2.446302,"Demand":1.0,"DemandMax":null,"Value":40.2134131119},{"Length":7.293854,"Height":5.507019,"Demand":1.0,"DemandMax":null,"Value":40.167392561225995},{"Length":1.468533,"Height":26.80287,"Demand":1.0,"DemandMax":null,"Value":39.36089908971},{"Length":1.664693,"Height":23.57105,"Demand":1.0,"DemandMax":null,"Value":39.23856193765},{"Length":50.21266,"Height":0.768316,"Demand":1.0,"DemandMax":null,"Value":38.57919008056},{"Length":27.19616,"Height":1.402168,"Demand":1.0,"DemandMax":null,"Value":38.13358527488},{"Length":50.21266,"Height":0.751634,"Demand":1.0,"DemandMax":null,"Value":37.741542486440004},{"Length":4.574399,"Height":8.242001,"Demand":1.0,"DemandMax":null,"Value":37.702201132399},{"Length":5.885391,"Height":6.348643,"Demand":1.0,"DemandMax":null,"Value":37.364246374413},{"Length":3.061543,"Height":12.18755,"Demand":1.0,"DemandMax":null,"Value":37.31270838965},{"Length":3.19597,"Height":11.66656,"Demand":1.0,"DemandMax":null,"Value":37.2859757632},{"Length":10.18144,"Height":3.65731,"Demand":1.0,"DemandMax":null,"Value":37.2366823264},{"Length":0.9466214,"Height":39.29279,"Demand":1.0,"DemandMax":null,"Value":37.195395879705991},{"Length":8.915155,"Height":4.15336,"Demand":1.0,"DemandMax":null,"Value":37.027848170800006},{"Length":0.6120512,"Height":60.26942,"Demand":1.0,"DemandMax":null,"Value":36.887970834304},{"Length":3.796672,"Height":9.678181,"Demand":1.0,"DemandMax":null,"Value":36.744878813632},{"Length":12.67881,"Height":2.894511,"Demand":1.0,"DemandMax":null,"Value":36.69895501191},{"Length":0.6054265,"Height":60.26942,"Demand":1.0,"DemandMax":null,"Value":36.48870400763},{"Length":50.21266,"Height":0.7256839,"Demand":1.0,"DemandMax":null,"Value":36.438518938174},{"Length":27.19616,"Height":1.338926,"Demand":1.0,"DemandMax":null,"Value":36.41364572416},{"Length":1.024813,"Height":35.32552,"Demand":1.0,"DemandMax":null,"Value":36.20205212776},{"Length":27.19616,"Height":1.330442,"Demand":1.0,"DemandMax":null,"Value":36.18291350272},{"Length":6.778364,"Height":5.291166,"Demand":1.0,"DemandMax":null,"Value":35.865449132424},{"Length":2.704581,"Height":13.19311,"Demand":1.0,"DemandMax":null,"Value":35.681834636910004},{"Length":16.43845,"Height":2.170057,"Demand":1.0,"DemandMax":null,"Value":35.67237349165},{"Length":50.21266,"Height":0.7098645,"Demand":1.0,"DemandMax":null,"Value":35.64418478457},{"Length":2.951705,"Height":11.93833,"Demand":1.0,"DemandMax":null,"Value":35.238428352650004},{"Length":50.21266,"Height":0.7000988,"Demand":1.0,"DemandMax":null,"Value":35.153823010808004},{"Length":27.19616,"Height":1.286387,"Demand":1.0,"DemandMax":null,"Value":34.98478667392},{"Length":3.061543,"Height":11.3835,"Demand":1.0,"DemandMax":null,"Value":34.851074740499996},{"Length":6.703729,"Height":5.18092,"Demand":1.0,"DemandMax":null,"Value":34.731483650680005},{"Length":2.800498,"Height":12.30817,"Demand":1.0,"DemandMax":null,"Value":34.46900546866},{"Length":8.477519,"Height":4.062915,"Demand":1.0,"DemandMax":null,"Value":34.443439107885},{"Length":6.236851,"Height":5.507019,"Demand":1.0,"DemandMax":null,"Value":34.346456957168996},{"Length":2.951705,"Height":11.63272,"Demand":1.0,"DemandMax":null,"Value":34.3363577876},{"Length":8.477519,"Height":4.038888,"Demand":1.0,"DemandMax":null,"Value":34.239749758871994},{"Length":7.546969,"Height":4.502674,"Demand":1.0,"DemandMax":null,"Value":33.981541095105996},{"Length":7.542648,"Height":4.502674,"Demand":1.0,"DemandMax":null,"Value":33.962085040752},{"Length":1.258533,"Height":26.80287,"Demand":1.0,"DemandMax":null,"Value":33.732296389709994},{"Length":27.19616,"Height":1.197336,"Demand":1.0,"DemandMax":null,"Value":32.562941429759995},{"Length":11.1171,"Height":2.880029,"Demand":1.0,"DemandMax":null,"Value":32.0175703959},{"Length":7.523293,"Height":4.15336,"Demand":1.0,"DemandMax":null,"Value":31.24694421448},{"Length":1.904377,"Height":16.29456,"Demand":1.0,"DemandMax":null,"Value":31.03098528912},{"Length":6.703729,"Height":4.621382,"Demand":1.0,"DemandMax":null,"Value":30.980492533478},{"Length":27.19616,"Height":1.13697,"Demand":1.0,"DemandMax":null,"Value":30.9212180352},{"Length":8.379663,"Height":3.65731,"Demand":1.0,"DemandMax":null,"Value":30.647025286530003},{"Length":1.904377,"Height":16.07004,"Demand":1.0,"DemandMax":null,"Value":30.603414565079998},{"Length":4.922844,"Height":5.97376,"Demand":1.0,"DemandMax":null,"Value":29.407888573440005},{"Length":9.349867,"Height":3.135571,"Demand":1.0,"DemandMax":null,"Value":29.317171819057},{"Length":4.922844,"Height":5.936401,"Demand":1.0,"DemandMax":null,"Value":29.223976044444004},{"Length":11.1171,"Height":2.62699,"Demand":1.0,"DemandMax":null,"Value":29.204510529000004},{"Length":3.796672,"Height":7.666141,"Demand":1.0,"DemandMax":null,"Value":29.105822882751998},{"Length":27.19616,"Height":1.062411,"Demand":1.0,"DemandMax":null,"Value":28.893499541759997},{"Length":27.19616,"Height":1.057027,"Demand":1.0,"DemandMax":null,"Value":28.747075416319998},{"Length":10.32774,"Height":2.777314,"Demand":1.0,"DemandMax":null,"Value":28.68337689036},{"Length":0.9702836,"Height":29.47751,"Demand":1.0,"DemandMax":null,"Value":28.601544521836},{"Length":10.32774,"Height":2.729705,"Demand":1.0,"DemandMax":null,"Value":28.191683516700003}]}