{"Name":"Nice49_50","Objects":[{"Length":100.0,"Height":100.0,"Stock":null,"Cost":10000.0}],"Items":[{"Length":38.95361,"Height":15.19869,"Demand":1.0,"DemandMax":null,"Value":592.04384277089991},{"Length":18.83021,"Height":20.19963,"Demand":1.0,"DemandMax":null,"Value":380.3632748223},{"Length":32.63352,"Height":10.93098,"Demand":1.0,"DemandMax":null,"Value":356.7163544496},{"Length":32.63352,"Height":10.80819,"Demand":1.0,"DemandMax":null,"Value":352.70928452879997},{"Length":20.40303,"Height":15.80375,"Demand":1.0,"DemandMax":null,"Value":322.44438536250004},{"Length":19.41071,"Height":15.19869,"Demand":1.0,"DemandMax":null,"Value":295.01736396990003},{"Length":22.71173,"Height":12.01852,"Demand":1.0,"DemandMax":null,"Value":272.96138123960003},{"Length":13.7926,"Height":18.1545,"Demand":1.0,"DemandMax":null,"Value":250.39775669999997},{"Length":15.41058,"Height":15.75459,"Demand":1.0,"DemandMax":null,"Value":242.78736956219998},{"Length":14.90622,"Height":16.08994,"Demand":1.0,"DemandMax":null,"Value":239.84018542679996},{"Length":11.64236,"Height":20.19794,"Demand":1.0,"DemandMax":null,"Value":235.1516887384},{"Length":15.41058,"Height":15.24786,"Demand":1.0,"DemandMax":null,"Value":234.97836635879997},{"Length":21.36576,"Height":10.9688,"Demand":1.0,"DemandMax":null,"Value":234.356748288},{"Length":22.71173,"Height":9.808793,"Demand":1.0,"DemandMax":null,"Value":222.77465824189},{"Length":14.09212,"Height":15.80375,"Demand":1.0,"DemandMax":null,"Value":222.70834145},{"Length":15.47585,"Height":14.36468,"Demand":1.0,"DemandMax":null,"Value":222.30563297799998},{"Length":16.43931,"Height":13.43788,"Demand":1.0,"DemandMax":null,"Value":220.90947506279997},{"Length":12.4325,"Height":17.76352,"Demand":1.0,"DemandMax":null,"Value":220.8449624},{"Length":19.75254,"Height":10.9688,"Demand":1.0,"DemandMax":null,"Value":216.661660752},{"Length":27.66785,"Height":7.581982,"Demand":1.0,"DemandMax":null,"Value":209.77714067870002},{"Length":13.01141,"Height":15.80375,"Demand":1.0,"DemandMax":null,"Value":205.6290707875},{"Length":27.72232,"Height":7.398241,"Demand":1.0,"DemandMax":null,"Value":205.09640443912},{"Length":27.66785,"Height":7.087804,"Demand":1.0,"DemandMax":null,"Value":196.1042979014},{"Length":8.484777,"Height":21.73917,"Demand":1.0,"DemandMax":null,"Value":184.45200961509},{"Length":8.507663,"Height":20.87273,"Demand":1.0,"DemandMax":null,"Value":177.57815272999002},{"Length":13.7926,"Height":12.84794,"Demand":1.0,"DemandMax":null,"Value":177.206497244},{"Length":11.34873,"Height":15.41685,"Demand":1.0,"DemandMax":null,"Value":174.9616681005},{"Length":10.85776,"Height":15.80375,"Demand":1.0,"DemandMax":null,"Value":171.59332460000002},{"Length":10.65753,"Height":16.08994,"Demand":1.0,"DemandMax":null,"Value":171.47901824819996},{"Length":8.082497,"Height":20.87273,"Demand":1.0,"DemandMax":null,"Value":168.70377760681},{"Length":12.4325,"Height":13.23893,"Demand":1.0,"DemandMax":null,"Value":164.59299722499998},{"Length":14.79945,"Height":10.88067,"Demand":1.0,"DemandMax":null,"Value":161.0279316315},{"Length":9.051762,"Height":17.52094,"Demand":1.0,"DemandMax":null,"Value":158.59537889628},{"Length":11.22854,"Height":13.43788,"Demand":1.0,"DemandMax":null,"Value":150.8877730952},{"Length":8.066233,"Height":18.3433,"Demand":1.0,"DemandMax":null,"Value":147.9613317889},{"Length":7.057724,"Height":20.87273,"Demand":1.0,"DemandMax":null,"Value":147.31396746652},{"Length":11.64236,"Height":12.51003,"Demand":1.0,"DemandMax":null,"Value":145.6462728708},{"Length":6.622559,"Height":20.87273,"Demand":1.0,"DemandMax":null,"Value":138.23088591607},{"Length":9.051762,"Height":15.18704,"Demand":1.0,"DemandMax":null,"Value":137.46947156448},{"Length":6.733534,"Height":20.19963,"Demand":1.0,"DemandMax":null,"Value":136.01489539242},{"Length":7.40962,"Height":18.3433,"Demand":1.0,"DemandMax":null,"Value":135.916882546},{"Length":16.45597,"Height":8.18191,"Demand":1.0,"DemandMax":null,"Value":134.6412655027},{"Length":16.50624,"Height":8.01861,"Demand":1.0,"DemandMax":null,"Value":132.3571011264},{"Length":6.217946,"Height":20.87273,"Demand":1.0,"DemandMax":null,"Value":129.78550801258},{"Length":7.697357,"Height":15.41685,"Demand":1.0,"DemandMax":null,"Value":118.66899826545},{"Length":10.28002,"Height":10.54968,"Demand":1.0,"DemandMax":null,"Value":108.45092139360001},{"Length":10.28002,"Height":10.32304,"Demand":1.0,"DemandMax":null,"Value":106.1210576608},{"Length":11.21189,"Height":8.18191,"Demand":1.0,"DemandMax":null,"Value":91.734674909900008},{"Length":11.21608,"Height":8.01861,"Demand":1.0,"DemandMax":null,"Value":89.9373712488},{"Length":7.912282,"Height":10.88067,"Demand":1.0,"DemandMax":null,"Value":86.090929388940012}]}