{"Name":"Nice29_50","Objects":[{"Length":100.0,"Height":100.0,"Stock":null,"Cost":10000.0}],"Items":[{"Length":26.30873,"Height":21.64788,"Demand":1.0,"DemandMax":null,"Value":569.5282299924},{"Length":20.69014,"Height":26.25586,"Demand":1.0,"DemandMax":null,"Value":543.23741922039994},{"Length":25.54375,"Height":19.17889,"Demand":1.0,"DemandMax":null,"Value":489.90077143749994},{"Length":15.29068,"Height":22.14663,"Demand":1.0,"DemandMax":null,"Value":338.6370324084},{"Length":11.44204,"Height":26.25586,"Demand":1.0,"DemandMax":null,"Value":300.4206003544},{"Length":15.94954,"Height":18.11057,"Demand":1.0,"DemandMax":null,"Value":288.8552606378},{"Length":15.75171,"Height":17.46435,"Demand":1.0,"DemandMax":null,"Value":275.09337653849997},{"Length":14.96067,"Height":16.11126,"Demand":1.0,"DemandMax":null,"Value":241.03524414420002},{"Length":18.88469,"Height":12.57938,"Demand":1.0,"DemandMax":null,"Value":237.5576916922},{"Length":17.51368,"Height":13.2038,"Demand":1.0,"DemandMax":null,"Value":231.247127984},{"Length":19.31102,"Height":11.66566,"Demand":1.0,"DemandMax":null,"Value":225.27579357320002},{"Length":26.30873,"Height":8.395851,"Demand":1.0,"DemandMax":null,"Value":220.88417707923003},{"Length":7.986287,"Height":27.58915,"Demand":1.0,"DemandMax":null,"Value":220.33486998605},{"Length":11.03431,"Height":19.31026,"Demand":1.0,"DemandMax":null,"Value":213.07539502059998},{"Length":11.93171,"Height":17.46435,"Demand":1.0,"DemandMax":null,"Value":208.37955953850002},{"Length":13.29344,"Height":15.29541,"Demand":1.0,"DemandMax":null,"Value":203.32861511040002},{"Length":11.82173,"Height":16.51609,"Demand":1.0,"DemandMax":null,"Value":195.24875663569998},{"Length":11.16883,"Height":17.46435,"Demand":1.0,"DemandMax":null,"Value":195.05635621049999},{"Length":6.974385,"Height":27.58915,"Demand":1.0,"DemandMax":null,"Value":192.41735392275},{"Length":21.06657,"Height":9.132236,"Demand":1.0,"DemandMax":null,"Value":192.38488895052},{"Length":14.15766,"Height":13.58045,"Demand":1.0,"DemandMax":null,"Value":192.267393747},{"Length":13.29344,"Height":14.31765,"Demand":1.0,"DemandMax":null,"Value":190.330821216},{"Length":17.51368,"Height":10.78179,"Demand":1.0,"DemandMax":null,"Value":188.8288198872},{"Length":13.29344,"Height":14.08735,"Demand":1.0,"DemandMax":null,"Value":187.26934198400002},{"Length":21.06657,"Height":8.765941,"Demand":1.0,"DemandMax":null,"Value":184.66830969236997},{"Length":12.21687,"Height":14.91758,"Demand":1.0,"DemandMax":null,"Value":182.2461355746},{"Length":25.54375,"Height":7.076972,"Demand":1.0,"DemandMax":null,"Value":180.772403525},{"Length":14.15766,"Height":12.67541,"Demand":1.0,"DemandMax":null,"Value":179.4541451406},{"Length":12.61968,"Height":12.57938,"Demand":1.0,"DemandMax":null,"Value":158.7477501984},{"Length":10.15693,"Height":15.51866,"Demand":1.0,"DemandMax":null,"Value":157.6219433138},{"Length":15.29068,"Height":10.20657,"Demand":1.0,"DemandMax":null,"Value":156.0653957676},{"Length":7.435682,"Height":20.9718,"Demand":1.0,"DemandMax":null,"Value":155.9396357676},{"Length":17.51368,"Height":8.654839,"Demand":1.0,"DemandMax":null,"Value":151.57808069752002},{"Length":8.596193,"Height":17.57183,"Demand":1.0,"DemandMax":null,"Value":151.05084204319},{"Length":9.154093,"Height":15.51866,"Demand":1.0,"DemandMax":null,"Value":142.05925687538},{"Length":12.2663,"Height":11.34721,"Demand":1.0,"DemandMax":null,"Value":139.188282023},{"Length":12.21687,"Height":11.33828,"Demand":1.0,"DemandMax":null,"Value":138.5182927836},{"Length":11.03431,"Height":12.44704,"Demand":1.0,"DemandMax":null,"Value":137.34449794239998},{"Length":11.06245,"Height":12.14555,"Demand":1.0,"DemandMax":null,"Value":134.3595395975},{"Length":6.336754,"Height":20.9718,"Demand":1.0,"DemandMax":null,"Value":132.8931375372},{"Length":11.62058,"Height":11.34721,"Demand":1.0,"DemandMax":null,"Value":131.86116158180002},{"Length":11.03431,"Height":11.94312,"Demand":1.0,"DemandMax":null,"Value":131.7840884472},{"Length":15.94954,"Height":8.145295,"Demand":1.0,"DemandMax":null,"Value":129.91370841430003},{"Length":8.596193,"Height":14.78137,"Demand":1.0,"DemandMax":null,"Value":127.06350932441},{"Length":13.77244,"Height":9.07193,"Demand":1.0,"DemandMax":null,"Value":124.9426116092},{"Length":7.489291,"Height":16.51609,"Demand":1.0,"DemandMax":null,"Value":123.69380419218999},{"Length":10.00412,"Height":12.14555,"Demand":1.0,"DemandMax":null,"Value":121.505539666},{"Length":17.51368,"Height":5.612955,"Demand":1.0,"DemandMax":null,"Value":98.303497724400017},{"Length":17.51368,"Height":5.447021,"Demand":1.0,"DemandMax":null,"Value":95.39738274728},{"Length":7.347885,"Height":12.57938,"Demand":1.0,"DemandMax":null,"Value":92.4318376113}]}