{"Name":"Path20_200","Objects":[{"Length":100.0,"Height":100.0,"Stock":null,"Cost":10000.0}],"Items":[{"Length":70.37008,"Height":11.32126,"Demand":1.0,"DemandMax":null,"Value":796.6779719008},{"Length":71.27899,"Height":9.711567,"Demand":1.0,"DemandMax":null,"Value":692.23068707733},{"Length":24.55003,"Height":19.35698,"Demand":1.0,"DemandMax":null,"Value":475.2144397094},{"Length":26.05155,"Height":13.1288,"Demand":1.0,"DemandMax":null,"Value":342.02558963999996},{"Length":16.96186,"Height":19.49715,"Demand":1.0,"DemandMax":null,"Value":330.70792869900004},{"Length":16.8032,"Height":19.49715,"Demand":1.0,"DemandMax":null,"Value":327.61451088},{"Length":25.9414,"Height":12.05893,"Demand":1.0,"DemandMax":null,"Value":312.82552670200005},{"Length":29.97014,"Height":8.950994,"Demand":1.0,"DemandMax":null,"Value":268.26254331916},{"Length":30.34784,"Height":8.394337,"Demand":1.0,"DemandMax":null,"Value":254.74999618208003},{"Length":45.15615,"Height":5.466695,"Demand":1.0,"DemandMax":null,"Value":246.85489942424997},{"Length":54.76827,"Height":4.351664,"Demand":1.0,"DemandMax":null,"Value":238.33310890128004},{"Length":61.49934,"Height":3.656842,"Demand":1.0,"DemandMax":null,"Value":224.89336948428},{"Length":13.20618,"Height":15.37673,"Demand":1.0,"DemandMax":null,"Value":203.0678641914},{"Length":15.67116,"Height":12.62785,"Demand":1.0,"DemandMax":null,"Value":197.893057806},{"Length":86.62259,"Height":2.162281,"Demand":1.0,"DemandMax":null,"Value":187.30238052779},{"Length":23.12227,"Height":6.829142,"Demand":1.0,"DemandMax":null,"Value":157.90526519234},{"Length":29.82501,"Height":4.351664,"Demand":1.0,"DemandMax":null,"Value":129.78842231664},{"Length":6.650407,"Height":19.49715,"Demand":1.0,"DemandMax":null,"Value":129.66398284005},{"Length":6.356853,"Height":19.35698,"Demand":1.0,"DemandMax":null,"Value":123.04947638394},{"Length":5.657537,"Height":19.49715,"Demand":1.0,"DemandMax":null,"Value":110.30584751955},{"Length":6.792132,"Height":16.15124,"Demand":1.0,"DemandMax":null,"Value":109.70135404368},{"Length":8.566348,"Height":12.62785,"Demand":1.0,"DemandMax":null,"Value":108.1745575918},{"Length":5.271935,"Height":19.35698,"Demand":1.0,"DemandMax":null,"Value":102.0487403563},{"Length":20.21967,"Height":4.886416,"Demand":1.0,"DemandMax":null,"Value":98.801719002719992},{"Length":45.15615,"Height":2.016839,"Demand":1.0,"DemandMax":null,"Value":91.07268440985},{"Length":74.697,"Height":1.214721,"Demand":1.0,"DemandMax":null,"Value":90.736014537},{"Length":4.615587,"Height":19.65492,"Demand":1.0,"DemandMax":null,"Value":90.71899323804},{"Length":20.21967,"Height":4.388688,"Demand":1.0,"DemandMax":null,"Value":88.73782309296},{"Length":26.05155,"Height":3.022445,"Demand":1.0,"DemandMax":null,"Value":78.73937703975},{"Length":22.68123,"Height":3.321245,"Demand":1.0,"DemandMax":null,"Value":75.32992173135},{"Length":3.774886,"Height":19.35698,"Demand":1.0,"DemandMax":null,"Value":73.07039280428},{"Length":4.660768,"Height":15.37673,"Demand":1.0,"DemandMax":null,"Value":71.66737112864},{"Length":8.087463,"Height":8.394337,"Demand":1.0,"DemandMax":null,"Value":67.888889897030992},{"Length":63.64977,"Height":1.045625,"Demand":1.0,"DemandMax":null,"Value":66.55379075625},{"Length":25.30932,"Height":2.604553,"Demand":1.0,"DemandMax":null,"Value":65.91946533396},{"Length":3.892835,"Height":15.37673,"Demand":1.0,"DemandMax":null,"Value":59.85907272955},{"Length":48.89452,"Height":1.142723,"Demand":1.0,"DemandMax":null,"Value":55.872892577959995},{"Length":25.66368,"Height":2.114609,"Demand":1.0,"DemandMax":null,"Value":54.26864870112},{"Length":13.53305,"Height":3.949188,"Demand":1.0,"DemandMax":null,"Value":53.444558663399995},{"Length":25.9414,"Height":1.921401,"Demand":1.0,"DemandMax":null,"Value":49.8438319014},{"Length":10.56585,"Height":4.351664,"Demand":1.0,"DemandMax":null,"Value":45.9790290744},{"Length":3.858249,"Height":11.66898,"Demand":1.0,"DemandMax":null,"Value":45.021830416019995},{"Length":3.825661,"Height":11.66898,"Demand":1.0,"DemandMax":null,"Value":44.64156169578},{"Length":5.492856,"Height":7.744555,"Demand":1.0,"DemandMax":null,"Value":42.53972539908},{"Length":10.83261,"Height":3.892545,"Demand":1.0,"DemandMax":null,"Value":42.16642189245},{"Length":17.64936,"Height":2.378693,"Demand":1.0,"DemandMax":null,"Value":41.982409086480004},{"Length":14.0622,"Height":2.747648,"Demand":1.0,"DemandMax":null,"Value":38.6379757056},{"Length":61.49934,"Height":0.6180013,"Demand":1.0,"DemandMax":null,"Value":38.006672069142},{"Length":17.7798,"Height":2.121853,"Demand":1.0,"DemandMax":null,"Value":37.726121969400005},{"Length":2.779609,"Height":13.54948,"Demand":1.0,"DemandMax":null,"Value":37.662256553320006},{"Length":13.88115,"Height":2.629185,"Demand":1.0,"DemandMax":null,"Value":36.49611136275},{"Length":7.074394,"Height":5.156322,"Demand":1.0,"DemandMax":null,"Value":36.477853418868},{"Length":4.500815,"Height":8.101523,"Demand":1.0,"DemandMax":null,"Value":36.463456241245005},{"Length":3.298253,"Height":10.72512,"Demand":1.0,"DemandMax":null,"Value":35.37415921536},{"Length":7.936254,"Height":4.41686,"Demand":1.0,"DemandMax":null,"Value":35.05332284244},{"Length":25.9414,"Height":1.30619,"Demand":1.0,"DemandMax":null,"Value":33.884397266},{"Length":25.9414,"Height":1.289568,"Demand":1.0,"DemandMax":null,"Value":33.4531993152},{"Length":4.500815,"Height":6.924403,"Demand":1.0,"DemandMax":null,"Value":31.165456888445},{"Length":25.303,"Height":1.214721,"Demand":1.0,"DemandMax":null,"Value":30.736085463},{"Length":1.948399,"Height":15.65446,"Demand":1.0,"DemandMax":null,"Value":30.50113420954},{"Length":37.40833,"Height":0.8121064,"Demand":1.0,"DemandMax":null,"Value":30.379544206312},{"Length":1.569146,"Height":19.35698,"Demand":1.0,"DemandMax":null,"Value":30.37392773908},{"Length":13.37741,"Height":2.264713,"Demand":1.0,"DemandMax":null,"Value":30.295994333329997},{"Length":48.55373,"Height":0.6164922,"Demand":1.0,"DemandMax":null,"Value":29.932995825906005},{"Length":53.09241,"Height":0.5437563,"Demand":1.0,"DemandMax":null,"Value":28.869332419682998},{"Length":4.677906,"Height":6.125673,"Demand":1.0,"DemandMax":null,"Value":28.655322480738},{"Length":8.140203,"Height":3.321245,"Demand":1.0,"DemandMax":null,"Value":27.035608512734996},{"Length":25.43663,"Height":1.045625,"Demand":1.0,"DemandMax":null,"Value":26.597176243750003},{"Length":15.14824,"Height":1.748683,"Demand":1.0,"DemandMax":null,"Value":26.48946976792},{"Length":2.321811,"Height":10.71767,"Demand":1.0,"DemandMax":null,"Value":24.88440410037},{"Length":9.306309,"Height":2.653538,"Demand":1.0,"DemandMax":null,"Value":24.694644571242},{"Length":18.31232,"Height":1.342291,"Demand":1.0,"DemandMax":null,"Value":24.58046232512},{"Length":13.88115,"Height":1.760651,"Demand":1.0,"DemandMax":null,"Value":24.43986062865},{"Length":10.25096,"Height":2.378693,"Demand":1.0,"DemandMax":null,"Value":24.38388679528},{"Length":22.38181,"Height":1.084132,"Demand":1.0,"DemandMax":null,"Value":24.264836438920003},{"Length":36.05927,"Height":0.6673083,"Demand":1.0,"DemandMax":null,"Value":24.062650162940997},{"Length":15.14824,"Height":1.572563,"Demand":1.0,"DemandMax":null,"Value":23.82156173912},{"Length":13.53305,"Height":1.754253,"Demand":1.0,"DemandMax":null,"Value":23.74039356165},{"Length":25.66368,"Height":0.8769543,"Demand":1.0,"DemandMax":null,"Value":22.505874529824},{"Length":9.485455,"Height":2.331043,"Demand":1.0,"DemandMax":null,"Value":22.111003479565003},{"Length":5.653318,"Height":3.892545,"Demand":1.0,"DemandMax":null,"Value":22.00579471431},{"Length":4.840867,"Height":4.351664,"Demand":1.0,"DemandMax":null,"Value":21.065826652688003},{"Length":19.22209,"Height":1.084132,"Demand":1.0,"DemandMax":null,"Value":20.839282875880002},{"Length":23.86588,"Height":0.8494319,"Demand":1.0,"DemandMax":null,"Value":20.272439793572},{"Length":12.13962,"Height":1.646244,"Demand":1.0,"DemandMax":null,"Value":19.984776587280003},{"Length":24.091,"Height":0.8121064,"Demand":1.0,"DemandMax":null,"Value":19.5644552824},{"Length":9.485455,"Height":1.996228,"Demand":1.0,"DemandMax":null,"Value":18.93513086374},{"Length":38.43531,"Height":0.4891583,"Demand":1.0,"DemandMax":null,"Value":18.800950899573},{"Length":42.56655,"Height":0.4384516,"Demand":1.0,"DemandMax":null,"Value":18.66337195398},{"Length":26.9132,"Height":0.6677461,"Demand":1.0,"DemandMax":null,"Value":17.97118433852},{"Length":5.34142,"Height":3.209823,"Demand":1.0,"DemandMax":null,"Value":17.145012768660003},{"Length":22.75312,"Height":0.7323188,"Demand":1.0,"DemandMax":null,"Value":16.662537534656},{"Length":7.074394,"Height":2.333982,"Demand":1.0,"DemandMax":null,"Value":16.511508256907998},{"Length":4.913312,"Height":3.209823,"Demand":1.0,"DemandMax":null,"Value":15.770861863776002},{"Length":1.026605,"Height":15.32868,"Demand":1.0,"DemandMax":null,"Value":15.7364995314},{"Length":7.68391,"Height":2.041381,"Demand":1.0,"DemandMax":null,"Value":15.685787879709999},{"Length":11.42448,"Height":1.342291,"Demand":1.0,"DemandMax":null,"Value":15.33497668368},{"Length":10.25473,"Height":1.487725,"Demand":1.0,"DemandMax":null,"Value":15.25621818925},{"Length":3.298253,"Height":4.603559,"Demand":1.0,"DemandMax":null,"Value":15.183702282427},{"Length":38.43531,"Height":0.3938612,"Demand":1.0,"DemandMax":null,"Value":15.138177318972002},{"Length":13.36395,"Height":1.125362,"Demand":1.0,"DemandMax":null,"Value":15.039281499900001},{"Length":2.396488,"Height":6.125673,"Demand":1.0,"DemandMax":null,"Value":14.680101836424},{"Length":5.847324,"Height":2.508601,"Demand":1.0,"DemandMax":null,"Value":14.668602833724002},{"Length":4.155754,"Height":3.426626,"Demand":1.0,"DemandMax":null,"Value":14.240214706004},{"Length":0.9093854,"Height":15.32868,"Demand":1.0,"DemandMax":null,"Value":13.939677793272},{"Length":9.446807,"Height":1.468311,"Demand":1.0,"DemandMax":null,"Value":13.870850632977},{"Length":9.383075,"Height":1.468311,"Demand":1.0,"DemandMax":null,"Value":13.777272236324999},{"Length":2.506291,"Height":5.445367,"Demand":1.0,"DemandMax":null,"Value":13.647674303797},{"Length":10.11031,"Height":1.342291,"Demand":1.0,"DemandMax":null,"Value":13.570978120209999},{"Length":9.165953,"Height":1.479073,"Demand":1.0,"DemandMax":null,"Value":13.557113601569},{"Length":12.48257,"Height":1.084132,"Demand":1.0,"DemandMax":null,"Value":13.532753579240001},{"Length":24.28434,"Height":0.552678,"Demand":1.0,"DemandMax":null,"Value":13.42142046252},{"Length":3.423296,"Height":3.834548,"Demand":1.0,"DemandMax":null,"Value":13.126792830208},{"Length":9.485455,"Height":1.376171,"Demand":1.0,"DemandMax":null,"Value":13.053608092805},{"Length":0.8312103,"Height":15.65446,"Demand":1.0,"DemandMax":null,"Value":13.012148392938},{"Length":1.468372,"Height":8.740814,"Demand":1.0,"DemandMax":null,"Value":12.834766534808},{"Length":8.662391,"Height":1.468311,"Demand":1.0,"DemandMax":null,"Value":12.719083991600998},{"Length":17.25584,"Height":0.7324493,"Demand":1.0,"DemandMax":null,"Value":12.639027928911998},{"Length":8.604428,"Height":1.468311,"Demand":1.0,"DemandMax":null,"Value":12.633976281108},{"Length":10.94289,"Height":1.142723,"Demand":1.0,"DemandMax":null,"Value":12.50469208947},{"Length":7.68391,"Height":1.626896,"Demand":1.0,"DemandMax":null,"Value":12.500922443359999},{"Length":1.703888,"Height":7.335245,"Demand":1.0,"DemandMax":null,"Value":12.49843593256},{"Length":14.56943,"Height":0.8494319,"Demand":1.0,"DemandMax":null,"Value":12.375738606817},{"Length":2.969627,"Height":4.159894,"Demand":1.0,"DemandMax":null,"Value":12.353333539538001},{"Length":17.84886,"Height":0.6745446,"Demand":1.0,"DemandMax":null,"Value":12.039852129156},{"Length":20.18475,"Height":0.5945883,"Demand":1.0,"DemandMax":null,"Value":12.001616188425},{"Length":28.18057,"Height":0.4211551,"Demand":1.0,"DemandMax":null,"Value":11.868390776407},{"Length":1.101486,"Height":10.71767,"Demand":1.0,"DemandMax":null,"Value":11.80536345762},{"Length":28.72101,"Height":0.4074916,"Demand":1.0,"DemandMax":null,"Value":11.703570318516},{"Length":7.959336,"Height":1.468311,"Demand":1.0,"DemandMax":null,"Value":11.686780601496},{"Length":9.165953,"Height":1.268575,"Demand":1.0,"DemandMax":null,"Value":11.627698826975},{"Length":9.306309,"Height":1.239007,"Demand":1.0,"DemandMax":null,"Value":11.530581995163},{"Length":2.761416,"Height":4.168468,"Demand":1.0,"DemandMax":null,"Value":11.510874230688},{"Length":15.68219,"Height":0.7323188,"Demand":1.0,"DemandMax":null,"Value":11.484362562172},{"Length":10.9136,"Height":1.045625,"Demand":1.0,"DemandMax":null,"Value":11.411533},{"Length":2.634031,"Height":4.331051,"Demand":1.0,"DemandMax":null,"Value":11.408122596581},{"Length":5.342474,"Height":2.121853,"Demand":1.0,"DemandMax":null,"Value":11.335944484322},{"Length":4.714283,"Height":2.395871,"Demand":1.0,"DemandMax":null,"Value":11.294813925493001},{"Length":16.84684,"Height":0.6677461,"Demand":1.0,"DemandMax":null,"Value":11.249411707324},{"Length":23.26802,"Height":0.4771809,"Demand":1.0,"DemandMax":null,"Value":11.103054724818},{"Length":15.27757,"Height":0.7262228,"Demand":1.0,"DemandMax":null,"Value":11.094919662596},{"Length":16.39285,"Height":0.6677461,"Demand":1.0,"DemandMax":null,"Value":10.946261655385},{"Length":18.25056,"Height":0.5945883,"Demand":1.0,"DemandMax":null,"Value":10.851569444448},{"Length":28.18057,"Height":0.383848,"Demand":1.0,"DemandMax":null,"Value":10.81705543336},{"Length":3.937793,"Height":2.72741,"Demand":1.0,"DemandMax":null,"Value":10.73997600613},{"Length":3.008483,"Height":3.563624,"Demand":1.0,"DemandMax":null,"Value":10.721102222392},{"Length":3.937793,"Height":2.717957,"Demand":1.0,"DemandMax":null,"Value":10.702752048901},{"Length":17.79431,"Height":0.5976281,"Demand":1.0,"DemandMax":null,"Value":10.634379676111},{"Length":29.47328,"Height":0.3579097,"Demand":1.0,"DemandMax":null,"Value":10.548772802816},{"Length":14.19571,"Height":0.7262228,"Demand":1.0,"DemandMax":null,"Value":10.309248264188},{"Length":2.472827,"Height":4.168468,"Demand":1.0,"DemandMax":null,"Value":10.307900219036},{"Length":0.9089115,"Height":11.32126,"Demand":1.0,"DemandMax":null,"Value":10.29002340849},{"Length":8.990867,"Height":1.142723,"Demand":1.0,"DemandMax":null,"Value":10.274070510841},{"Length":28.74759,"Height":0.3545609,"Demand":1.0,"DemandMax":null,"Value":10.192771383231},{"Length":7.530086,"Height":1.352527,"Demand":1.0,"DemandMax":null,"Value":10.184644627322},{"Length":18.28221,"Height":0.552678,"Demand":1.0,"DemandMax":null,"Value":10.10417525838},{"Length":2.91864,"Height":3.426626,"Demand":1.0,"DemandMax":null,"Value":10.00108770864},{"Length":1.468372,"Height":6.635911,"Demand":1.0,"DemandMax":null,"Value":9.743985906892},{"Length":17.79431,"Height":0.5450949,"Demand":1.0,"DemandMax":null,"Value":9.699587630019},{"Length":8.613173,"Height":1.125362,"Demand":1.0,"DemandMax":null,"Value":9.6929375936259987},{"Length":17.12812,"Height":0.5653686,"Demand":1.0,"DemandMax":null,"Value":9.683701225032},{"Length":8.527686,"Height":1.125362,"Demand":1.0,"DemandMax":null,"Value":9.596733772332},{"Length":17.12812,"Height":0.5599934,"Demand":1.0,"DemandMax":null,"Value":9.5916341544079984},{"Length":13.18393,"Height":0.716692,"Demand":1.0,"DemandMax":null,"Value":9.44881715956},{"Length":13.88115,"Height":0.6793994,"Demand":1.0,"DemandMax":null,"Value":9.430844981309999},{"Length":7.074394,"Height":1.32482,"Demand":1.0,"DemandMax":null,"Value":9.37229865908},{"Length":8.298617,"Height":1.125362,"Demand":1.0,"DemandMax":null,"Value":9.338948224354},{"Length":2.388333,"Height":3.892545,"Demand":1.0,"DemandMax":null,"Value":9.2966936774849991},{"Length":19.29853,"Height":0.4771809,"Demand":1.0,"DemandMax":null,"Value":9.208889914077},{"Length":0.8772694,"Height":10.48872,"Demand":1.0,"DemandMax":null,"Value":9.201433101168},{"Length":28.74759,"Height":0.3199837,"Demand":1.0,"DemandMax":null,"Value":9.1987602142829985},{"Length":3.057323,"Height":2.991563,"Demand":1.0,"DemandMax":null,"Value":9.146174365849},{"Length":13.55643,"Height":0.6745446,"Demand":1.0,"DemandMax":null,"Value":9.1444166517780019},{"Length":1.601008,"Height":5.703442,"Demand":1.0,"DemandMax":null,"Value":9.131256269536},{"Length":0.90997,"Height":10.02005,"Demand":1.0,"DemandMax":null,"Value":9.1179448985},{"Length":16.44025,"Height":0.554476,"Demand":1.0,"DemandMax":null,"Value":9.115724059},{"Length":1.703888,"Height":5.292601,"Demand":1.0,"DemandMax":null,"Value":9.0179993326880012},{"Length":8.009189,"Height":1.125362,"Demand":1.0,"DemandMax":null,"Value":9.013236951418},{"Length":1.562882,"Height":5.71148,"Demand":1.0,"DemandMax":null,"Value":8.92636928536},{"Length":0.880169,"Height":10.13345,"Demand":1.0,"DemandMax":null,"Value":8.91914855305},{"Length":13.88115,"Height":0.6342067,"Demand":1.0,"DemandMax":null,"Value":8.803518333705},{"Length":3.423296,"Height":2.568561,"Demand":1.0,"DemandMax":null,"Value":8.792944597056},{"Length":16.44025,"Height":0.5296564,"Demand":1.0,"DemandMax":null,"Value":8.7076836301},{"Length":7.530086,"Height":1.156074,"Demand":1.0,"DemandMax":null,"Value":8.705336642364},{"Length":12.12539,"Height":0.716692,"Demand":1.0,"DemandMax":null,"Value":8.69017000988},{"Length":0.8839279,"Height":9.805576,"Demand":1.0,"DemandMax":null,"Value":8.6674222019704},{"Length":0.90997,"Height":9.477106,"Demand":1.0,"DemandMax":null,"Value":8.623882146819998},{"Length":18.59178,"Height":0.4580537,"Demand":1.0,"DemandMax":null,"Value":8.516033618586},{"Length":0.8839279,"Height":9.551401,"Demand":1.0,"DemandMax":null,"Value":8.4427498279879},{"Length":5.116219,"Height":1.646244,"Demand":1.0,"DemandMax":null,"Value":8.4225448314360012},{"Length":4.714283,"Height":1.764024,"Demand":1.0,"DemandMax":null,"Value":8.316108354792},{"Length":1.445601,"Height":5.71148,"Demand":1.0,"DemandMax":null,"Value":8.25652119948},{"Length":0.880169,"Height":9.3637,"Demand":1.0,"DemandMax":null,"Value":8.2416384653},{"Length":3.423296,"Height":2.376371,"Demand":1.0,"DemandMax":null,"Value":8.135021338816},{"Length":1.49217,"Height":5.445367,"Demand":1.0,"DemandMax":null,"Value":8.12541327639},{"Length":1.866784,"Height":4.331051,"Demand":1.0,"DemandMax":null,"Value":8.085136709984},{"Length":0.8772694,"Height":9.166203,"Demand":1.0,"DemandMax":null,"Value":8.041229406088199},{"Length":17.4675,"Height":0.4580537,"Demand":1.0,"DemandMax":null,"Value":8.00105300475},{"Length":7.074394,"Height":1.12973,"Demand":1.0,"DemandMax":null,"Value":7.992155133619999},{"Length":12.94561,"Height":0.6164922,"Demand":1.0,"DemandMax":null,"Value":7.9808675892420009}]}