{"Name":"Nice9_1t","Objects":[{"Length":100.0,"Height":100.0,"Stock":null,"Cost":10000.0}],"Items":[{"Length":11.68578,"Height":3.329346,"Demand":1.0,"DemandMax":null,"Value":38.90600489988},{"Length":5.909784,"Height":5.680292,"Demand":1.0,"DemandMax":null,"Value":33.569298776928},{"Length":9.654951,"Height":3.462524,"Demand":1.0,"DemandMax":null,"Value":33.430499556324},{"Length":5.920342,"Height":5.598939,"Demand":1.0,"DemandMax":null,"Value":33.147633717138},{"Length":2.94345,"Height":11.2575,"Demand":1.0,"DemandMax":null,"Value":33.135888375},{"Length":2.967735,"Height":11.04483,"Demand":1.0,"DemandMax":null,"Value":32.778128560049993},{"Length":8.027955,"Height":3.933109,"Demand":1.0,"DemandMax":null,"Value":31.574822062095002},{"Length":4.495617,"Height":6.553757,"Demand":1.0,"DemandMax":null,"Value":29.463181383069003},{"Length":10.39803,"Height":2.832604,"Demand":1.0,"DemandMax":null,"Value":29.45350137012},{"Length":7.690784,"Height":3.824459,"Demand":1.0,"DemandMax":null,"Value":29.413088085856},{"Length":6.184301,"Height":4.624995,"Demand":1.0,"DemandMax":null,"Value":28.602361203495},{"Length":5.288482,"Height":5.277217,"Demand":1.0,"DemandMax":null,"Value":27.908467114594004},{"Length":4.439966,"Height":6.172598,"Demand":1.0,"DemandMax":null,"Value":27.406125251668},{"Length":3.100422,"Height":8.789739,"Demand":1.0,"DemandMax":null,"Value":27.251900169858004},{"Length":5.187088,"Height":5.176567,"Demand":1.0,"DemandMax":null,"Value":26.851308566896},{"Length":4.052774,"Height":6.555548,"Demand":1.0,"DemandMax":null,"Value":26.568154490152},{"Length":5.210533,"Height":4.964235,"Demand":1.0,"DemandMax":null,"Value":25.866310287255},{"Length":7.106938,"Height":3.584735,"Demand":1.0,"DemandMax":null,"Value":25.47648939143},{"Length":5.731248,"Height":4.422465,"Demand":1.0,"DemandMax":null,"Value":25.346243686319998},{"Length":4.463578,"Height":5.355562,"Demand":1.0,"DemandMax":null,"Value":23.904968720836},{"Length":4.120862,"Height":5.690032,"Demand":1.0,"DemandMax":null,"Value":23.447836647584},{"Length":7.10088,"Height":3.29213,"Demand":1.0,"DemandMax":null,"Value":23.377020074399997},{"Length":4.322608,"Height":5.358779,"Demand":1.0,"DemandMax":null,"Value":23.163900975632},{"Length":4.054072,"Height":5.678636,"Demand":1.0,"DemandMax":null,"Value":23.021599205791997},{"Length":3.361612,"Height":6.734892,"Demand":1.0,"DemandMax":null,"Value":22.640093765904002},{"Length":6.188246,"Height":3.628289,"Demand":1.0,"DemandMax":null,"Value":22.452744891094003},{"Length":6.293548,"Height":3.470372,"Demand":1.0,"DemandMax":null,"Value":21.840952759856},{"Length":2.729264,"Height":7.932614,"Demand":1.0,"DemandMax":null,"Value":21.650197816096},{"Length":2.703228,"Height":7.990376,"Demand":1.0,"DemandMax":null,"Value":21.599808133728004},{"Length":2.880541,"Height":7.3893,"Demand":1.0,"DemandMax":null,"Value":21.2851816113},{"Length":3.828072,"Height":5.49736,"Demand":1.0,"DemandMax":null,"Value":21.044289889919998},{"Length":2.332086,"Height":8.923864,"Demand":1.0,"DemandMax":null,"Value":20.811218300304},{"Length":4.526108,"Height":4.574665,"Demand":1.0,"DemandMax":null,"Value":20.70542785382},{"Length":5.4521,"Height":3.791184,"Demand":1.0,"DemandMax":null,"Value":20.669914286399997},{"Length":2.70184,"Height":7.507399,"Demand":1.0,"DemandMax":null,"Value":20.28379091416},{"Length":4.128164,"Height":4.817105,"Demand":1.0,"DemandMax":null,"Value":19.885799445219998},{"Length":2.782285,"Height":7.111422,"Demand":1.0,"DemandMax":null,"Value":19.78600275927},{"Length":2.209632,"Height":8.838176,"Demand":1.0,"DemandMax":null,"Value":19.529116511232},{"Length":5.38961,"Height":3.574935,"Demand":1.0,"DemandMax":null,"Value":19.267505425350002},{"Length":4.988844,"Height":3.720687,"Demand":1.0,"DemandMax":null,"Value":18.561927015828},{"Length":5.688326,"Height":3.216094,"Demand":1.0,"DemandMax":null,"Value":18.294191118644},{"Length":2.884571,"Height":6.216266,"Demand":1.0,"DemandMax":null,"Value":17.931260631886},{"Length":2.80227,"Height":6.396313,"Demand":1.0,"DemandMax":null,"Value":17.92419603051},{"Length":3.702237,"Height":4.789293,"Demand":1.0,"DemandMax":null,"Value":17.731097748441},{"Length":2.882579,"Height":6.091082,"Demand":1.0,"DemandMax":null,"Value":17.558025060478},{"Length":5.737144,"Height":3.049068,"Demand":1.0,"DemandMax":null,"Value":17.492942181792},{"Length":3.490218,"Height":4.88728,"Demand":1.0,"DemandMax":null,"Value":17.05767262704},{"Length":4.232604,"Height":3.943667,"Demand":1.0,"DemandMax":null,"Value":16.691980718868002},{"Length":3.477595,"Height":4.788811,"Demand":1.0,"DemandMax":null,"Value":16.653545189545},{"Length":7.919152,"Height":2.026699,"Demand":1.0,"DemandMax":null,"Value":16.049737439248},{"Length":5.189728,"Height":3.072886,"Demand":1.0,"DemandMax":null,"Value":15.947442515008},{"Length":5.052099,"Height":3.143473,"Demand":1.0,"DemandMax":null,"Value":15.881136799827},{"Length":4.875483,"Height":3.219449,"Demand":1.0,"DemandMax":null,"Value":15.696368868867},{"Length":3.257329,"Height":4.807166,"Demand":1.0,"DemandMax":null,"Value":15.658521219613999},{"Length":6.305483,"Height":2.461299,"Demand":1.0,"DemandMax":null,"Value":15.519679002416998},{"Length":5.404217,"Height":2.859148,"Demand":1.0,"DemandMax":null,"Value":15.451456227116},{"Length":7.196926,"Height":2.146802,"Demand":1.0,"DemandMax":null,"Value":15.450375130652002},{"Length":4.739772,"Height":3.259402,"Demand":1.0,"DemandMax":null,"Value":15.448822336344001},{"Length":2.991268,"Height":5.081667,"Demand":1.0,"DemandMax":null,"Value":15.200627883756},{"Length":3.373433,"Height":4.480283,"Demand":1.0,"DemandMax":null,"Value":15.113934521538999},{"Length":4.211636,"Height":3.566139,"Demand":1.0,"DemandMax":null,"Value":15.019279393404002},{"Length":3.016093,"Height":4.947581,"Demand":1.0,"DemandMax":null,"Value":14.922364421032999},{"Length":2.625633,"Height":5.680313,"Demand":1.0,"DemandMax":null,"Value":14.914417263129},{"Length":2.46984,"Height":6.02815,"Demand":1.0,"DemandMax":null,"Value":14.888565996},{"Length":3.140003,"Height":4.733799,"Demand":1.0,"DemandMax":null,"Value":14.864143061397002},{"Length":5.809037,"Height":2.537093,"Demand":1.0,"DemandMax":null,"Value":14.738067109441},{"Length":2.622662,"Height":5.609758,"Demand":1.0,"DemandMax":null,"Value":14.712499135796001},{"Length":5.333578,"Height":2.748878,"Demand":1.0,"DemandMax":null,"Value":14.661355225484},{"Length":2.898426,"Height":4.94858,"Demand":1.0,"DemandMax":null,"Value":14.34309293508},{"Length":5.795889,"Height":2.463775,"Demand":1.0,"DemandMax":null,"Value":14.279766420975},{"Length":1.92496,"Height":7.406093,"Demand":1.0,"DemandMax":null,"Value":14.256432781280001},{"Length":5.948387,"Height":2.34789,"Demand":1.0,"DemandMax":null,"Value":13.966158353430002},{"Length":2.511032,"Height":5.560183,"Demand":1.0,"DemandMax":null,"Value":13.961797438856001},{"Length":3.677911,"Height":3.794173,"Demand":1.0,"DemandMax":null,"Value":13.954630612603},{"Length":3.673179,"Height":3.79429,"Demand":1.0,"DemandMax":null,"Value":13.937106347910001},{"Length":3.178414,"Height":4.376935,"Demand":1.0,"DemandMax":null,"Value":13.911711481089998},{"Length":5.614962,"Height":2.472537,"Demand":1.0,"DemandMax":null,"Value":13.883201298594},{"Length":4.121446,"Height":3.362335,"Demand":1.0,"DemandMax":null,"Value":13.857682136409999},{"Length":7.202693,"Height":1.922308,"Demand":1.0,"DemandMax":null,"Value":13.845794375444},{"Length":3.213893,"Height":4.302665,"Demand":1.0,"DemandMax":null,"Value":13.828304924845002},{"Length":3.490218,"Height":3.950895,"Demand":1.0,"DemandMax":null,"Value":13.78948484511},{"Length":4.635592,"Height":2.974466,"Demand":1.0,"DemandMax":null,"Value":13.788410793872},{"Length":7.202693,"Height":1.91306,"Demand":1.0,"DemandMax":null,"Value":13.77918387058},{"Length":5.737144,"Height":2.395796,"Demand":1.0,"DemandMax":null,"Value":13.745026646623998},{"Length":2.882579,"Height":4.760061,"Demand":1.0,"DemandMax":null,"Value":13.721251877319},{"Length":6.188246,"Height":2.216608,"Demand":1.0,"DemandMax":null,"Value":13.716915589568},{"Length":5.121776,"Height":2.661649,"Demand":1.0,"DemandMax":null,"Value":13.632369968624},{"Length":4.31137,"Height":3.161766,"Demand":1.0,"DemandMax":null,"Value":13.63154307942},{"Length":3.294242,"Height":4.133143,"Demand":1.0,"DemandMax":null,"Value":13.615573262605999},{"Length":3.865846,"Height":3.520037,"Demand":1.0,"DemandMax":null,"Value":13.607920956302},{"Length":4.083799,"Height":3.329913,"Demand":1.0,"DemandMax":null,"Value":13.598695379487},{"Length":4.674074,"Height":2.904189,"Demand":1.0,"DemandMax":null,"Value":13.574394295986},{"Length":7.202693,"Height":1.874442,"Demand":1.0,"DemandMax":null,"Value":13.501030272306},{"Length":2.7455,"Height":4.912503,"Demand":1.0,"DemandMax":null,"Value":13.4872769865},{"Length":4.264763,"Height":3.161766,"Demand":1.0,"DemandMax":null,"Value":13.484182651458001},{"Length":4.398859,"Height":3.061153,"Demand":1.0,"DemandMax":null,"Value":13.465580424427},{"Length":3.046511,"Height":4.397481,"Demand":1.0,"DemandMax":null,"Value":13.396974238791001},{"Length":4.740705,"Height":2.825943,"Demand":1.0,"DemandMax":null,"Value":13.396962109815002},{"Length":7.202693,"Height":1.857419,"Demand":1.0,"DemandMax":null,"Value":13.378418829367},{"Length":3.723951,"Height":3.587271,"Demand":1.0,"DemandMax":null,"Value":13.358821427720999},{"Length":6.506473,"Height":2.042058,"Demand":1.0,"DemandMax":null,"Value":13.286595241433998},{"Length":2.971786,"Height":4.470852,"Demand":1.0,"DemandMax":null,"Value":13.286415381671999},{"Length":4.731615,"Height":2.797544,"Demand":1.0,"DemandMax":null,"Value":13.236901153559998},{"Length":4.667408,"Height":2.835416,"Demand":1.0,"DemandMax":null,"Value":13.234043321728},{"Length":3.740746,"Height":3.53605,"Demand":1.0,"DemandMax":null,"Value":13.2274648933},{"Length":2.084155,"Height":6.341332,"Demand":1.0,"DemandMax":null,"Value":13.216318794460001},{"Length":4.201576,"Height":3.144139,"Demand":1.0,"DemandMax":null,"Value":13.210338963064},{"Length":2.745507,"Height":4.811471,"Demand":1.0,"DemandMax":null,"Value":13.209927310797},{"Length":3.670134,"Height":3.597733,"Demand":1.0,"DemandMax":null,"Value":13.204162206222},{"Length":3.213893,"Height":4.104716,"Demand":1.0,"DemandMax":null,"Value":13.192118019388},{"Length":4.241909,"Height":3.107031,"Demand":1.0,"DemandMax":null,"Value":13.179742762179},{"Length":7.196926,"Height":1.828693,"Demand":1.0,"DemandMax":null,"Value":13.160968197718},{"Length":4.635777,"Height":2.837173,"Demand":1.0,"DemandMax":null,"Value":13.152501338421},{"Length":4.612255,"Height":2.849197,"Demand":1.0,"DemandMax":null,"Value":13.141223109235002},{"Length":2.953836,"Height":4.441067,"Demand":1.0,"DemandMax":null,"Value":13.118183583012},{"Length":4.55339,"Height":2.876607,"Demand":1.0,"DemandMax":null,"Value":13.098313547730001},{"Length":3.820487,"Height":3.423954,"Demand":1.0,"DemandMax":null,"Value":13.081171745598},{"Length":3.701886,"Height":3.529791,"Demand":1.0,"DemandMax":null,"Value":13.066883885826},{"Length":4.581175,"Height":2.844283,"Demand":1.0,"DemandMax":null,"Value":13.030158172524999},{"Length":7.106938,"Height":1.83149,"Demand":1.0,"DemandMax":null,"Value":13.016285877620001},{"Length":4.731615,"Height":2.743525,"Demand":1.0,"DemandMax":null,"Value":12.981304042875},{"Length":4.46983,"Height":2.904189,"Demand":1.0,"DemandMax":null,"Value":12.981231117870001},{"Length":4.562728,"Height":2.844283,"Demand":1.0,"DemandMax":null,"Value":12.977689684024},{"Length":2.614803,"Height":4.956838,"Demand":1.0,"DemandMax":null,"Value":12.961154872914001},{"Length":2.36702,"Height":5.474042,"Demand":1.0,"DemandMax":null,"Value":12.95716689484},{"Length":2.117193,"Height":6.101245,"Demand":1.0,"DemandMax":null,"Value":12.917513205285},{"Length":5.247869,"Height":2.459691,"Demand":1.0,"DemandMax":null,"Value":12.908136148478999},{"Length":5.340289,"Height":2.413891,"Demand":1.0,"DemandMax":null,"Value":12.890875554499},{"Length":2.920099,"Height":4.409147,"Demand":1.0,"DemandMax":null,"Value":12.875145745553},{"Length":3.706273,"Height":3.465106,"Demand":1.0,"DemandMax":null,"Value":12.842628809938},{"Length":5.288482,"Height":2.420207,"Demand":1.0,"DemandMax":null,"Value":12.799221155774001},{"Length":4.844788,"Height":2.639457,"Demand":1.0,"DemandMax":null,"Value":12.787609600116001},{"Length":4.257998,"Height":2.995488,"Demand":1.0,"DemandMax":null,"Value":12.754781913023999},{"Length":2.701853,"Height":4.70874,"Demand":1.0,"DemandMax":null,"Value":12.722323295219999},{"Length":3.177294,"Height":3.997185,"Demand":1.0,"DemandMax":null,"Value":12.70023191739},{"Length":2.961964,"Height":4.280472,"Demand":1.0,"DemandMax":null,"Value":12.678603967008},{"Length":4.199963,"Height":3.018129,"Demand":1.0,"DemandMax":null,"Value":12.676030129227002},{"Length":5.913707,"Height":2.140448,"Demand":1.0,"DemandMax":null,"Value":12.657982320736},{"Length":4.815795,"Height":2.624913,"Demand":1.0,"DemandMax":null,"Value":12.641042900834998},{"Length":6.188246,"Height":2.042568,"Demand":1.0,"DemandMax":null,"Value":12.639913255728002},{"Length":5.187088,"Height":2.436398,"Demand":1.0,"DemandMax":null,"Value":12.637810829024001},{"Length":4.423146,"Height":2.852401,"Demand":1.0,"DemandMax":null,"Value":12.616586073546},{"Length":3.109285,"Height":4.047757,"Demand":1.0,"DemandMax":null,"Value":12.585630123744998},{"Length":4.248191,"Height":2.960267,"Demand":1.0,"DemandMax":null,"Value":12.575779626997},{"Length":6.168515,"Height":2.036754,"Demand":1.0,"DemandMax":null,"Value":12.563747600310002},{"Length":4.566898,"Height":2.748878,"Demand":1.0,"DemandMax":null,"Value":12.553845440444},{"Length":2.017514,"Height":6.214789,"Demand":1.0,"DemandMax":null,"Value":12.538423814545999},{"Length":2.942229,"Height":4.24522,"Demand":1.0,"DemandMax":null,"Value":12.49040939538},{"Length":6.38026,"Height":1.952557,"Demand":1.0,"DemandMax":null,"Value":12.457821324820001},{"Length":2.824613,"Height":4.405233,"Demand":1.0,"DemandMax":null,"Value":12.443078399828998},{"Length":2.927297,"Height":4.247966,"Demand":1.0,"DemandMax":null,"Value":12.435058127902},{"Length":4.540573,"Height":2.735291,"Demand":1.0,"DemandMax":null,"Value":12.419788461743002},{"Length":4.160542,"Height":2.980257,"Demand":1.0,"DemandMax":null,"Value":12.399484419294002},{"Length":6.38026,"Height":1.933486,"Demand":1.0,"DemandMax":null,"Value":12.33614338636},{"Length":3.297125,"Height":3.738327,"Demand":1.0,"DemandMax":null,"Value":12.325731409874999},{"Length":2.622662,"Height":4.696648,"Demand":1.0,"DemandMax":null,"Value":12.317720236976},{"Length":3.950773,"Height":3.113599,"Demand":1.0,"DemandMax":null,"Value":12.301122862026999},{"Length":3.087677,"Height":3.975495,"Demand":1.0,"DemandMax":null,"Value":12.275044475115},{"Length":2.825174,"Height":4.335217,"Demand":1.0,"DemandMax":null,"Value":12.247742352758001},{"Length":4.054072,"Height":3.007749,"Demand":1.0,"DemandMax":null,"Value":12.193631003928},{"Length":2.589139,"Height":4.70874,"Demand":1.0,"DemandMax":null,"Value":12.19158237486},{"Length":2.145069,"Height":5.680292,"Demand":1.0,"DemandMax":null,"Value":12.184618280148},{"Length":3.313241,"Height":3.67197,"Demand":1.0,"DemandMax":null,"Value":12.166121554770001},{"Length":3.915016,"Height":3.096638,"Demand":1.0,"DemandMax":null,"Value":12.123387316208},{"Length":6.38026,"Height":1.899985,"Demand":1.0,"DemandMax":null,"Value":12.1223982961},{"Length":4.644003,"Height":2.608643,"Demand":1.0,"DemandMax":null,"Value":12.114545917928998},{"Length":2.920099,"Height":4.143138,"Demand":1.0,"DemandMax":null,"Value":12.098373130662},{"Length":3.60829,"Height":3.351753,"Demand":1.0,"DemandMax":null,"Value":12.09409683237},{"Length":6.824143,"Height":1.769697,"Demand":1.0,"DemandMax":null,"Value":12.076665394671002},{"Length":2.829176,"Height":4.256174,"Demand":1.0,"DemandMax":null,"Value":12.041465332623998},{"Length":3.046511,"Height":3.938433,"Demand":1.0,"DemandMax":null,"Value":11.998479457263},{"Length":2.054363,"Height":5.837085,"Demand":1.0,"DemandMax":null,"Value":11.991491451855},{"Length":2.797913,"Height":4.285724,"Demand":1.0,"DemandMax":null,"Value":11.991082894012},{"Length":4.599195,"Height":2.607136,"Demand":1.0,"DemandMax":null,"Value":11.99072685552},{"Length":3.93348,"Height":3.047702,"Demand":1.0,"DemandMax":null,"Value":11.98807486296},{"Length":2.314401,"Height":5.170851,"Demand":1.0,"DemandMax":null,"Value":11.967422725251},{"Length":2.179962,"Height":5.474042,"Demand":1.0,"DemandMax":null,"Value":11.933203546404},{"Length":5.121776,"Height":2.326463,"Demand":1.0,"DemandMax":null,"Value":11.915622358288},{"Length":3.124974,"Height":3.808804,"Demand":1.0,"DemandMax":null,"Value":11.902413471095999},{"Length":2.830251,"Height":4.194649,"Demand":1.0,"DemandMax":null,"Value":11.871909526899001},{"Length":2.860439,"Height":4.147787,"Demand":1.0,"DemandMax":null,"Value":11.864491698493},{"Length":4.576953,"Height":2.583825,"Demand":1.0,"DemandMax":null,"Value":11.826045585225},{"Length":3.824581,"Height":3.087292,"Demand":1.0,"DemandMax":null,"Value":11.807598324652},{"Length":1.833868,"Height":6.417746,"Demand":1.0,"DemandMax":null,"Value":11.769299021528001},{"Length":2.464137,"Height":4.765675,"Demand":1.0,"DemandMax":null,"Value":11.743276097475},{"Length":3.459767,"Height":3.387109,"Demand":1.0,"DemandMax":null,"Value":11.718607943603},{"Length":3.142685,"Height":3.719772,"Demand":1.0,"DemandMax":null,"Value":11.69007166782},{"Length":2.645146,"Height":4.414154,"Demand":1.0,"DemandMax":null,"Value":11.676081796484},{"Length":2.639826,"Height":4.420065,"Demand":1.0,"DemandMax":null,"Value":11.66820250869},{"Length":5.795889,"Height":2.004638,"Demand":1.0,"DemandMax":null,"Value":11.618659333181999},{"Length":2.830251,"Height":4.105056,"Demand":1.0,"DemandMax":null,"Value":11.618338849056},{"Length":2.971905,"Height":3.90602,"Demand":1.0,"DemandMax":null,"Value":11.6083203681},{"Length":2.527746,"Height":4.589509,"Demand":1.0,"DemandMax":null,"Value":11.601113016713999},{"Length":1.706893,"Height":6.794572,"Demand":1.0,"DemandMax":null,"Value":11.597607384796},{"Length":2.989417,"Height":3.878248,"Demand":1.0,"DemandMax":null,"Value":11.593700501416},{"Length":1.745825,"Height":6.635497,"Demand":1.0,"DemandMax":null,"Value":11.584416550024999},{"Length":1.852243,"Height":6.247119,"Demand":1.0,"DemandMax":null,"Value":11.571182437917},{"Length":3.314102,"Height":3.482055,"Demand":1.0,"DemandMax":null,"Value":11.53988543961},{"Length":3.925581,"Height":2.934239,"Demand":1.0,"DemandMax":null,"Value":11.518592867859},{"Length":2.824613,"Height":4.077186,"Demand":1.0,"DemandMax":null,"Value":11.516472579018},{"Length":6.696932,"Height":1.718708,"Demand":1.0,"DemandMax":null,"Value":11.510070603856},{"Length":5.741172,"Height":2.003268,"Demand":1.0,"DemandMax":null,"Value":11.501106150095998},{"Length":5.948387,"Height":1.932582,"Demand":1.0,"DemandMax":null,"Value":11.495745645234},{"Length":2.398729,"Height":4.788811,"Demand":1.0,"DemandMax":null,"Value":11.487059821218999},{"Length":3.206814,"Height":3.574745,"Demand":1.0,"DemandMax":null,"Value":11.46354231243},{"Length":6.163683,"Height":1.859709,"Demand":1.0,"DemandMax":null,"Value":11.462656748247},{"Length":2.088788,"Height":5.474854,"Demand":1.0,"DemandMax":null,"Value":11.435809336952},{"Length":3.124974,"Height":3.658213,"Demand":1.0,"DemandMax":null,"Value":11.431820511462},{"Length":3.421969,"Height":3.337156,"Demand":1.0,"DemandMax":null,"Value":11.419644380163998},{"Length":3.367074,"Height":3.380068,"Demand":1.0,"DemandMax":null,"Value":11.380939081032},{"Length":2.316632,"Height":4.912503,"Demand":1.0,"DemandMax":null,"Value":11.380461649895999},{"Length":5.132736,"Height":2.217159,"Demand":1.0,"DemandMax":null,"Value":11.380091817024},{"Length":4.495617,"Height":2.525468,"Demand":1.0,"DemandMax":null,"Value":11.353536873756001},{"Length":2.429608,"Height":4.671967,"Demand":1.0,"DemandMax":null,"Value":11.351048398936001},{"Length":2.819189,"Height":4.025251,"Demand":1.0,"DemandMax":null,"Value":11.347943341439},{"Length":3.988719,"Height":2.837548,"Demand":1.0,"DemandMax":null,"Value":11.318181621012},{"Length":2.825174,"Height":4.000697,"Demand":1.0,"DemandMax":null,"Value":11.302665146277999},{"Length":2.367687,"Height":4.773628,"Demand":1.0,"DemandMax":null,"Value":11.302456958436002},{"Length":5.271432,"Height":2.142065,"Demand":1.0,"DemandMax":null,"Value":11.291749987080001},{"Length":4.184957,"Height":2.697593,"Demand":1.0,"DemandMax":null,"Value":11.289310708500999},{"Length":2.85956,"Height":3.93968,"Demand":1.0,"DemandMax":null,"Value":11.265751340800001},{"Length":4.667408,"Height":2.41103,"Demand":1.0,"DemandMax":null,"Value":11.25326071024},{"Length":5.271432,"Height":2.131696,"Demand":1.0,"DemandMax":null,"Value":11.237090508671999},{"Length":2.377503,"Height":4.725654,"Demand":1.0,"DemandMax":null,"Value":11.235256561961998},{"Length":2.208269,"Height":5.082231,"Demand":1.0,"DemandMax":null,"Value":11.222933168139},{"Length":1.896546,"Height":5.916685,"Demand":1.0,"DemandMax":null,"Value":11.22126527001},{"Length":3.361612,"Height":3.336602,"Demand":1.0,"DemandMax":null,"Value":11.216361322424},{"Length":2.636809,"Height":4.247966,"Demand":1.0,"DemandMax":null,"Value":11.201074980493999},{"Length":4.495028,"Height":2.488138,"Demand":1.0,"DemandMax":null,"Value":11.184249977863999},{"Length":1.888114,"Height":5.916685,"Demand":1.0,"DemandMax":null,"Value":11.171375782090001},{"Length":3.307878,"Height":3.375739,"Demand":1.0,"DemandMax":null,"Value":11.166532771842},{"Length":4.605911,"Height":2.417118,"Demand":1.0,"DemandMax":null,"Value":11.133030384498},{"Length":3.824581,"Height":2.906592,"Demand":1.0,"DemandMax":null,"Value":11.116496537951999},{"Length":5.852921,"Height":1.898995,"Demand":1.0,"DemandMax":null,"Value":11.114667714395},{"Length":1.734851,"Height":6.399913,"Demand":1.0,"DemandMax":null,"Value":11.102895467962998},{"Length":3.758586,"Height":2.953264,"Demand":1.0,"DemandMax":null,"Value":11.100096724704},{"Length":3.290941,"Height":3.368807,"Demand":1.0,"DemandMax":null,"Value":11.086545077387},{"Length":4.599195,"Height":2.410271,"Demand":1.0,"DemandMax":null,"Value":11.085306331844999},{"Length":3.78466,"Height":2.927442,"Demand":1.0,"DemandMax":null,"Value":11.07937263972},{"Length":4.410227,"Height":2.511742,"Demand":1.0,"DemandMax":null,"Value":11.077352385433999},{"Length":2.702377,"Height":4.09777,"Demand":1.0,"DemandMax":null,"Value":11.073719399289999},{"Length":5.543585,"Height":1.997065,"Demand":1.0,"DemandMax":null,"Value":11.070899578025001},{"Length":3.479349,"Height":3.180171,"Demand":1.0,"DemandMax":null,"Value":11.064924788679},{"Length":5.741172,"Height":1.92632,"Demand":1.0,"DemandMax":null,"Value":11.05933444704},{"Length":2.119261,"Height":5.214375,"Demand":1.0,"DemandMax":null,"Value":11.050621576875},{"Length":5.187088,"Height":2.127801,"Demand":1.0,"DemandMax":null,"Value":11.037091033488},{"Length":2.662799,"Height":4.143846,"Demand":1.0,"DemandMax":null,"Value":11.034228984954},{"Length":2.963718,"Height":3.717314,"Demand":1.0,"DemandMax":null,"Value":11.017070413452},{"Length":2.717884,"Height":4.053409,"Demand":1.0,"DemandMax":null,"Value":11.016695466556001},{"Length":2.237602,"Height":4.912503,"Demand":1.0,"DemandMax":null,"Value":10.992226537806},{"Length":2.709466,"Height":4.053409,"Demand":1.0,"DemandMax":null,"Value":10.982573869594},{"Length":4.384213,"Height":2.504883,"Demand":1.0,"DemandMax":null,"Value":10.981940612078999},{"Length":3.314102,"Height":3.312517,"Demand":1.0,"DemandMax":null,"Value":10.978019214734001},{"Length":6.184301,"Height":1.774917,"Demand":1.0,"DemandMax":null,"Value":10.976620978017},{"Length":1.782713,"Height":6.15535,"Demand":1.0,"DemandMax":null,"Value":10.97322246455},{"Length":4.599195,"Height":2.383211,"Demand":1.0,"DemandMax":null,"Value":10.960852115145},{"Length":3.660746,"Height":2.993657,"Demand":1.0,"DemandMax":null,"Value":10.959017888122},{"Length":4.673266,"Height":2.339808,"Demand":1.0,"DemandMax":null,"Value":10.934545172928},{"Length":2.893428,"Height":3.778393,"Demand":1.0,"DemandMax":null,"Value":10.932508101204},{"Length":2.47663,"Height":4.414154,"Demand":1.0,"DemandMax":null,"Value":10.93222622102},{"Length":6.305483,"Height":1.733518,"Demand":1.0,"DemandMax":null,"Value":10.930668279193998},{"Length":6.188246,"Height":1.766007,"Demand":1.0,"DemandMax":null,"Value":10.928485753722},{"Length":3.660746,"Height":2.98528,"Demand":1.0,"DemandMax":null,"Value":10.92835181888},{"Length":1.700473,"Height":6.424063,"Demand":1.0,"DemandMax":null,"Value":10.923945681799},{"Length":4.280313,"Height":2.55181,"Demand":1.0,"DemandMax":null,"Value":10.922545516529999},{"Length":2.207487,"Height":4.947462,"Demand":1.0,"DemandMax":null,"Value":10.921458047994},{"Length":4.151919,"Height":2.626454,"Demand":1.0,"DemandMax":null,"Value":10.904824265226},{"Length":2.597721,"Height":4.194818,"Demand":1.0,"DemandMax":null,"Value":10.896966809777998},{"Length":1.987163,"Height":5.48344,"Demand":1.0,"DemandMax":null,"Value":10.89648908072},{"Length":5.519067,"Height":1.972338,"Demand":1.0,"DemandMax":null,"Value":10.885465568646},{"Length":4.962681,"Height":2.192919,"Demand":1.0,"DemandMax":null,"Value":10.882757455838998},{"Length":2.969209,"Height":3.659103,"Demand":1.0,"DemandMax":null,"Value":10.864641559527001},{"Length":4.275253,"Height":2.540737,"Demand":1.0,"DemandMax":null,"Value":10.862293481461},{"Length":1.698941,"Height":6.3908,"Demand":1.0,"DemandMax":null,"Value":10.8575921428},{"Length":4.423146,"Height":2.454676,"Demand":1.0,"DemandMax":null,"Value":10.857390330696001},{"Length":2.252096,"Height":4.817105,"Demand":1.0,"DemandMax":null,"Value":10.848582902079999},{"Length":2.476816,"Height":4.3739,"Demand":1.0,"DemandMax":null,"Value":10.833345502399999},{"Length":2.288112,"Height":4.730452,"Demand":1.0,"DemandMax":null,"Value":10.823803986623998},{"Length":4.281927,"Height":2.52763,"Demand":1.0,"DemandMax":null,"Value":10.823127143009998},{"Length":5.453927,"Height":1.984106,"Demand":1.0,"DemandMax":null,"Value":10.821169284262},{"Length":6.073217,"Height":1.780223,"Demand":1.0,"DemandMax":null,"Value":10.811680587391},{"Length":3.494234,"Height":3.094014,"Demand":1.0,"DemandMax":null,"Value":10.811208915276},{"Length":2.395054,"Height":4.513381,"Demand":1.0,"DemandMax":null,"Value":10.809791217574},{"Length":5.809037,"Height":1.860237,"Demand":1.0,"DemandMax":null,"Value":10.806185561769},{"Length":3.111264,"Height":3.472378,"Demand":1.0,"DemandMax":null,"Value":10.803484665791999},{"Length":4.271537,"Height":2.52763,"Demand":1.0,"DemandMax":null,"Value":10.79686506731},{"Length":2.018121,"Height":5.349727,"Demand":1.0,"DemandMax":null,"Value":10.796396402966998},{"Length":3.206193,"Height":3.365776,"Demand":1.0,"DemandMax":null,"Value":10.791327450768},{"Length":2.934601,"Height":3.674736,"Demand":1.0,"DemandMax":null,"Value":10.783883940335999},{"Length":2.831673,"Height":3.807706,"Demand":1.0,"DemandMax":null,"Value":10.782178272138},{"Length":1.89762,"Height":5.680292,"Demand":1.0,"DemandMax":null,"Value":10.77903570504},{"Length":2.77486,"Height":3.880751,"Demand":1.0,"DemandMax":null,"Value":10.768540719859999},{"Length":3.114094,"Height":3.456965,"Demand":1.0,"DemandMax":null,"Value":10.76531396471},{"Length":4.006143,"Height":2.684536,"Demand":1.0,"DemandMax":null,"Value":10.754635104647999},{"Length":2.476816,"Height":4.338937,"Demand":1.0,"DemandMax":null,"Value":10.746748584591998},{"Length":1.69612,"Height":6.328564,"Demand":1.0,"DemandMax":null,"Value":10.73400397168},{"Length":1.896417,"Height":5.657823,"Demand":1.0,"DemandMax":null,"Value":10.729591720191},{"Length":3.228185,"Height":3.322943,"Demand":1.0,"DemandMax":null,"Value":10.727074748455},{"Length":2.971786,"Height":3.609397,"Demand":1.0,"DemandMax":null,"Value":10.726355473042},{"Length":1.895693,"Height":5.657823,"Demand":1.0,"DemandMax":null,"Value":10.725495456338999},{"Length":5.120596,"Height":2.092317,"Demand":1.0,"DemandMax":null,"Value":10.713910060932},{"Length":6.293548,"Height":1.700479,"Demand":1.0,"DemandMax":null,"Value":10.702046209492002},{"Length":2.335922,"Height":4.579447,"Demand":1.0,"DemandMax":null,"Value":10.697230995134001},{"Length":2.301838,"Height":4.644233,"Demand":1.0,"DemandMax":null,"Value":10.690272000254},{"Length":1.982741,"Height":5.391327,"Demand":1.0,"DemandMax":null,"Value":10.689605087307001},{"Length":2.730831,"Height":3.911877,"Demand":1.0,"DemandMax":null,"Value":10.682674979786999},{"Length":2.893428,"Height":3.689142,"Demand":1.0,"DemandMax":null,"Value":10.674266758776},{"Length":4.658782,"Height":2.289068,"Demand":1.0,"DemandMax":null,"Value":10.664268795176},{"Length":2.96883,"Height":3.587271,"Demand":1.0,"DemandMax":null,"Value":10.64999776293},{"Length":2.97033,"Height":3.585214,"Demand":1.0,"DemandMax":null,"Value":10.64926870062},{"Length":2.2942,"Height":4.641556,"Demand":1.0,"DemandMax":null,"Value":10.648657775199999},{"Length":2.872739,"Height":3.695723,"Demand":1.0,"DemandMax":null,"Value":10.616847595297001},{"Length":2.947467,"Height":3.60074,"Demand":1.0,"DemandMax":null,"Value":10.61306232558},{"Length":3.038399,"Height":3.491693,"Demand":1.0,"DemandMax":null,"Value":10.609156519507001},{"Length":1.982736,"Height":5.347325,"Demand":1.0,"DemandMax":null,"Value":10.6023337812},{"Length":2.782285,"Height":3.807783,"Demand":1.0,"DemandMax":null,"Value":10.594337524155},{"Length":4.629869,"Height":2.285322,"Demand":1.0,"DemandMax":null,"Value":10.580741482818},{"Length":1.740093,"Height":6.077857,"Demand":1.0,"DemandMax":null,"Value":10.576036420701},{"Length":3.290941,"Height":3.208905,"Demand":1.0,"DemandMax":null,"Value":10.560317029605},{"Length":5.809037,"Height":1.817459,"Demand":1.0,"DemandMax":null,"Value":10.557686576983},{"Length":4.278949,"Height":2.466754,"Demand":1.0,"DemandMax":null,"Value":10.555114561545999},{"Length":3.723834,"Height":2.833686,"Demand":1.0,"DemandMax":null,"Value":10.552176272124001},{"Length":3.858236,"Height":2.733388,"Demand":1.0,"DemandMax":null,"Value":10.546055983568001},{"Length":3.421969,"Height":3.078892,"Demand":1.0,"DemandMax":null,"Value":10.535872978348},{"Length":4.275253,"Height":2.463918,"Demand":1.0,"DemandMax":null,"Value":10.533872821254},{"Length":4.768093,"Height":2.205275,"Demand":1.0,"DemandMax":null,"Value":10.514956290575},{"Length":1.994683,"Height":5.270453,"Demand":1.0,"DemandMax":null,"Value":10.512883001399},{"Length":3.913009,"Height":2.684536,"Demand":1.0,"DemandMax":null,"Value":10.504613528824},{"Length":5.759222,"Height":1.821107,"Demand":1.0,"DemandMax":null,"Value":10.488159498754001},{"Length":2.829176,"Height":3.706139,"Demand":1.0,"DemandMax":null,"Value":10.485319511463999},{"Length":2.351333,"Height":4.458731,"Demand":1.0,"DemandMax":null,"Value":10.483961338423},{"Length":1.943273,"Height":5.391327,"Demand":1.0,"DemandMax":null,"Value":10.476820193271001},{"Length":3.09294,"Height":3.387109,"Demand":1.0,"DemandMax":null,"Value":10.476124910460001},{"Length":1.637695,"Height":6.396313,"Demand":1.0,"DemandMax":null,"Value":10.475209818535},{"Length":2.219816,"Height":4.71863,"Demand":1.0,"DemandMax":null,"Value":10.47449037208},{"Length":4.415964,"Height":2.370944,"Demand":1.0,"DemandMax":null,"Value":10.470003350016},{"Length":5.338084,"Height":1.961129,"Demand":1.0,"DemandMax":null,"Value":10.468671336836},{"Length":2.364739,"Height":4.426555,"Demand":1.0,"DemandMax":null,"Value":10.467647244144999},{"Length":2.860151,"Height":3.659103,"Demand":1.0,"DemandMax":null,"Value":10.465587104553},{"Length":4.423159,"Height":2.365474,"Demand":1.0,"DemandMax":null,"Value":10.462867612365999},{"Length":2.022827,"Height":5.170851,"Demand":1.0,"DemandMax":null,"Value":10.459737015777},{"Length":2.860439,"Height":3.652972,"Demand":1.0,"DemandMax":null,"Value":10.449103574708},{"Length":3.496582,"Height":2.986529,"Demand":1.0,"DemandMax":null,"Value":10.442643543878},{"Length":2.175329,"Height":4.792297,"Demand":1.0,"DemandMax":null,"Value":10.424822640713},{"Length":2.800654,"Height":3.72215,"Demand":1.0,"DemandMax":null,"Value":10.424454286100001},{"Length":3.244796,"Height":3.210447,"Demand":1.0,"DemandMax":null,"Value":10.417245583811999},{"Length":2.97033,"Height":3.503576,"Demand":1.0,"DemandMax":null,"Value":10.40677690008},{"Length":3.386405,"Height":3.072886,"Demand":1.0,"DemandMax":null,"Value":10.40603651483},{"Length":3.08192,"Height":3.373003,"Demand":1.0,"DemandMax":null,"Value":10.395325405760001},{"Length":2.431263,"Height":4.275428,"Demand":1.0,"DemandMax":null,"Value":10.394689905563999},{"Length":2.819189,"Height":3.683777,"Demand":1.0,"DemandMax":null,"Value":10.385263596853001},{"Length":3.698025,"Height":2.80768,"Demand":1.0,"DemandMax":null,"Value":10.382870832},{"Length":2.398011,"Height":4.328195,"Demand":1.0,"DemandMax":null,"Value":10.379059220144999},{"Length":2.040895,"Height":5.082231,"Demand":1.0,"DemandMax":null,"Value":10.372299836745},{"Length":4.365617,"Height":2.37067,"Demand":1.0,"DemandMax":null,"Value":10.34943725339},{"Length":3.28154,"Height":3.152916,"Demand":1.0,"DemandMax":null,"Value":10.34641997064},{"Length":3.421969,"Height":3.018314,"Demand":1.0,"DemandMax":null,"Value":10.328576940266},{"Length":4.278949,"Height":2.4113,"Demand":1.0,"DemandMax":null,"Value":10.317829723700001},{"Length":5.338084,"Height":1.931538,"Demand":1.0,"DemandMax":null,"Value":10.310712093192},{"Length":4.875483,"Height":2.114637,"Demand":1.0,"DemandMax":null,"Value":10.309876744671001},{"Length":5.758598,"Height":1.788279,"Demand":1.0,"DemandMax":null,"Value":10.297979872842},{"Length":3.206193,"Height":3.208933,"Demand":1.0,"DemandMax":null,"Value":10.288458522069},{"Length":5.543585,"Height":1.855817,"Demand":1.0,"DemandMax":null,"Value":10.287879283945001},{"Length":3.200031,"Height":3.213151,"Demand":1.0,"DemandMax":null,"Value":10.282182807681},{"Length":3.661812,"Height":2.80768,"Demand":1.0,"DemandMax":null,"Value":10.281196316159999},{"Length":2.402537,"Height":4.27696,"Demand":1.0,"DemandMax":null,"Value":10.27555464752},{"Length":2.614027,"Height":3.92776,"Demand":1.0,"DemandMax":null,"Value":10.26727068952},{"Length":2.687395,"Height":3.807706,"Demand":1.0,"DemandMax":null,"Value":10.23281006587},{"Length":2.301838,"Height":4.435804,"Demand":1.0,"DemandMax":null,"Value":10.210502207752},{"Length":3.159825,"Height":3.228551,"Demand":1.0,"DemandMax":null,"Value":10.201656163575},{"Length":6.188246,"Height":1.647021,"Demand":1.0,"DemandMax":null,"Value":10.192171115166001},{"Length":2.941197,"Height":3.465106,"Demand":1.0,"DemandMax":null,"Value":10.191559371881999},{"Length":2.098313,"Height":4.853739,"Demand":1.0,"DemandMax":null,"Value":10.184663642307001},{"Length":5.453927,"Height":1.867147,"Demand":1.0,"DemandMax":null,"Value":10.183283436268999},{"Length":2.913863,"Height":3.493759,"Demand":1.0,"DemandMax":null,"Value":10.180335081017},{"Length":3.244796,"Height":3.132736,"Demand":1.0,"DemandMax":null,"Value":10.165089241856},{"Length":2.665359,"Height":3.81293,"Demand":1.0,"DemandMax":null,"Value":10.16282729187},{"Length":3.401028,"Height":2.986529,"Demand":1.0,"DemandMax":null,"Value":10.157268751812001},{"Length":2.860439,"Height":3.548476,"Demand":1.0,"DemandMax":null,"Value":10.150199140964},{"Length":4.982718,"Height":2.036657,"Demand":1.0,"DemandMax":null,"Value":10.148087493726},{"Length":2.124459,"Height":4.776562,"Demand":1.0,"DemandMax":null,"Value":10.147610129958},{"Length":2.724608,"Height":3.717314,"Demand":1.0,"DemandMax":null,"Value":10.128223462912},{"Length":3.368399,"Height":3.001369,"Demand":1.0,"DemandMax":null,"Value":10.109808338231},{"Length":1.847521,"Height":5.464056,"Demand":1.0,"DemandMax":null,"Value":10.094958205176},{"Length":1.990439,"Height":5.070529,"Demand":1.0,"DemandMax":null,"Value":10.092578672231},{"Length":1.838951,"Height":5.487692,"Demand":1.0,"DemandMax":null,"Value":10.091596691092},{"Length":4.349136,"Height":2.319859,"Demand":1.0,"DemandMax":null,"Value":10.089382291824},{"Length":1.83413,"Height":5.487692,"Demand":1.0,"DemandMax":null,"Value":10.06514052796},{"Length":6.197206,"Height":1.622755,"Demand":1.0,"DemandMax":null,"Value":10.056547022530001},{"Length":3.577043,"Height":2.811059,"Demand":1.0,"DemandMax":null,"Value":10.055278918537},{"Length":3.365021,"Height":2.986529,"Demand":1.0,"DemandMax":null,"Value":10.049732802109},{"Length":2.745707,"Height":3.659103,"Demand":1.0,"DemandMax":null,"Value":10.046824720821},{"Length":2.31919,"Height":4.328195,"Demand":1.0,"DemandMax":null,"Value":10.037906562049999},{"Length":3.307878,"Height":3.033525,"Demand":1.0,"DemandMax":null,"Value":10.03453060995},{"Length":5.553608,"Height":1.806499,"Demand":1.0,"DemandMax":null,"Value":10.032587298392},{"Length":3.121024,"Height":3.213151,"Demand":1.0,"DemandMax":null,"Value":10.028321386623999},{"Length":1.584484,"Height":6.328564,"Demand":1.0,"DemandMax":null,"Value":10.027508400976},{"Length":2.934601,"Height":3.414053,"Demand":1.0,"DemandMax":null,"Value":10.018883347852999},{"Length":4.210515,"Height":2.37067,"Demand":1.0,"DemandMax":null,"Value":9.98174159505},{"Length":3.228185,"Height":3.08632,"Demand":1.0,"DemandMax":null,"Value":9.9632119292},{"Length":1.823041,"Height":5.464056,"Demand":1.0,"DemandMax":null,"Value":9.961198114296},{"Length":4.875483,"Height":2.041961,"Demand":1.0,"DemandMax":null,"Value":9.9555461421630014},{"Length":4.282151,"Height":2.323932,"Demand":1.0,"DemandMax":null,"Value":9.951427737732},{"Length":4.658782,"Height":2.133397,"Demand":1.0,"DemandMax":null,"Value":9.9390315424540017},{"Length":3.507355,"Height":2.833686,"Demand":1.0,"DemandMax":null,"Value":9.9387427605300012},{"Length":1.810656,"Height":5.488646,"Demand":1.0,"DemandMax":null,"Value":9.938049811776},{"Length":3.297125,"Height":3.010871,"Demand":1.0,"DemandMax":null,"Value":9.927218045875},{"Length":3.233531,"Height":3.068531,"Demand":1.0,"DemandMax":null,"Value":9.9221901129610011},{"Length":2.192384,"Height":4.524853,"Demand":1.0,"DemandMax":null,"Value":9.9202153195520015},{"Length":2.819189,"Height":3.516117,"Demand":1.0,"DemandMax":null,"Value":9.912598369113},{"Length":2.530877,"Height":3.914035,"Demand":1.0,"DemandMax":null,"Value":9.9059411586949988},{"Length":1.628306,"Height":6.077857,"Demand":1.0,"DemandMax":null,"Value":9.896611020242},{"Length":2.032224,"Height":4.868188,"Demand":1.0,"DemandMax":null,"Value":9.8932484901119988},{"Length":2.000741,"Height":4.941289,"Demand":1.0,"DemandMax":null,"Value":9.886239495149},{"Length":4.052774,"Height":2.439313,"Demand":1.0,"DemandMax":null,"Value":9.885984304262},{"Length":5.338084,"Height":1.84955,"Demand":1.0,"DemandMax":null,"Value":9.8730532622000009},{"Length":4.316488,"Height":2.285322,"Demand":1.0,"DemandMax":null,"Value":9.864564989136},{"Length":2.872739,"Height":3.431765,"Demand":1.0,"DemandMax":null,"Value":9.858565154335},{"Length":6.197206,"Height":1.590395,"Demand":1.0,"DemandMax":null,"Value":9.8560054363700011},{"Length":3.016093,"Height":3.265189,"Demand":1.0,"DemandMax":null,"Value":9.848113686577},{"Length":4.55644,"Height":2.160442,"Demand":1.0,"DemandMax":null,"Value":9.8439243464800015},{"Length":1.710168,"Height":5.75338,"Demand":1.0,"DemandMax":null,"Value":9.83924636784},{"Length":3.383831,"Height":2.903495,"Demand":1.0,"DemandMax":null,"Value":9.824936389345},{"Length":2.743777,"Height":3.580121,"Demand":1.0,"DemandMax":null,"Value":9.823053657017},{"Length":3.820487,"Height":2.570431,"Demand":1.0,"DemandMax":null,"Value":9.8202982198970012},{"Length":6.146688,"Height":1.596911,"Demand":1.0,"DemandMax":null,"Value":9.815713680768},{"Length":4.1375,"Height":2.370944,"Demand":1.0,"DemandMax":null,"Value":9.8097808},{"Length":4.226996,"Height":2.319859,"Demand":1.0,"DemandMax":null,"Value":9.806034713564},{"Length":1.590871,"Height":6.15535,"Demand":1.0,"DemandMax":null,"Value":9.79236780985},{"Length":2.730831,"Height":3.584909,"Demand":1.0,"DemandMax":null,"Value":9.7897806293789991},{"Length":1.885161,"Height":5.188741,"Demand":1.0,"DemandMax":null,"Value":9.781612172301001},{"Length":2.241466,"Height":4.35904,"Demand":1.0,"DemandMax":null,"Value":9.77063995264},{"Length":4.130305,"Height":2.365474,"Demand":1.0,"DemandMax":null,"Value":9.7701290895699984},{"Length":1.820426,"Height":5.365269,"Demand":1.0,"DemandMax":null,"Value":9.767075184594},{"Length":3.28356,"Height":2.974466,"Demand":1.0,"DemandMax":null,"Value":9.76683757896},{"Length":2.036307,"Height":4.792297,"Demand":1.0,"DemandMax":null,"Value":9.7585879271789988},{"Length":3.828072,"Height":2.547771,"Demand":1.0,"DemandMax":null,"Value":9.753050827512},{"Length":4.673266,"Height":2.086747,"Demand":1.0,"DemandMax":null,"Value":9.751923805701999},{"Length":2.450794,"Height":3.975495,"Demand":1.0,"DemandMax":null,"Value":9.74311929303},{"Length":2.398108,"Height":4.061226,"Demand":1.0,"DemandMax":null,"Value":9.7392585604079986},{"Length":1.949296,"Height":4.980057,"Demand":1.0,"DemandMax":null,"Value":9.707605189872},{"Length":1.766387,"Height":5.488646,"Demand":1.0,"DemandMax":null,"Value":9.695072942002},{"Length":3.740746,"Height":2.591234,"Demand":1.0,"DemandMax":null,"Value":9.693148220564},{"Length":2.856133,"Height":3.392885,"Demand":1.0,"DemandMax":null,"Value":9.690530813705},{"Length":3.687019,"Height":2.627846,"Demand":1.0,"DemandMax":null,"Value":9.6889181310739989},{"Length":1.906015,"Height":5.083078,"Demand":1.0,"DemandMax":null,"Value":9.6884229141700011},{"Length":2.12422,"Height":4.554692,"Demand":1.0,"DemandMax":null,"Value":9.6751678402400021},{"Length":4.052774,"Height":2.386263,"Demand":1.0,"DemandMax":null,"Value":9.670984643562},{"Length":4.278949,"Height":2.258507,"Demand":1.0,"DemandMax":null,"Value":9.6640362691429988},{"Length":4.322608,"Height":2.234677,"Demand":1.0,"DemandMax":null,"Value":9.6596326776159991},{"Length":2.335922,"Height":4.13339,"Demand":1.0,"DemandMax":null,"Value":9.6552766355800017},{"Length":1.89798,"Height":5.082231,"Demand":1.0,"DemandMax":null,"Value":9.64597279338},{"Length":2.73934,"Height":3.51633,"Demand":1.0,"DemandMax":null,"Value":9.6324234221999987},{"Length":2.412449,"Height":3.992411,"Demand":1.0,"DemandMax":null,"Value":9.631487924539},{"Length":2.351333,"Height":4.093554,"Demand":1.0,"DemandMax":null,"Value":9.625308607482},{"Length":2.24589,"Height":4.285724,"Demand":1.0,"DemandMax":null,"Value":9.62526467436},{"Length":4.383242,"Height":2.195459,"Demand":1.0,"DemandMax":null,"Value":9.623228098078},{"Length":5.4521,"Height":1.760841,"Demand":1.0,"DemandMax":null,"Value":9.6002812161},{"Length":1.689975,"Height":5.680292,"Demand":1.0,"DemandMax":null,"Value":9.5995514727},{"Length":2.402537,"Height":3.990656,"Demand":1.0,"DemandMax":null,"Value":9.5876986942720013},{"Length":3.758586,"Height":2.548151,"Demand":1.0,"DemandMax":null,"Value":9.577444674486},{"Length":2.971905,"Height":3.221468,"Demand":1.0,"DemandMax":null,"Value":9.5738968565400011},{"Length":3.501601,"Height":2.733388,"Demand":1.0,"DemandMax":null,"Value":9.571234154188},{"Length":3.768925,"Height":2.538881,"Demand":1.0,"DemandMax":null,"Value":9.5688520729249991},{"Length":5.822646,"Height":1.640205,"Demand":1.0,"DemandMax":null,"Value":9.550333082429999},{"Length":2.257339,"Height":4.228995,"Demand":1.0,"DemandMax":null,"Value":9.546275344305},{"Length":1.623688,"Height":5.871564,"Demand":1.0,"DemandMax":null,"Value":9.533588008032},{"Length":4.6273,"Height":2.060138,"Demand":1.0,"DemandMax":null,"Value":9.5328765673999989},{"Length":3.673081,"Height":2.592557,"Demand":1.0,"DemandMax":null,"Value":9.5226718581169987},{"Length":2.944492,"Height":3.228551,"Demand":1.0,"DemandMax":null,"Value":9.506442591092},{"Length":3.19313,"Height":2.97557,"Demand":1.0,"DemandMax":null,"Value":9.5013818341},{"Length":1.679029,"Height":5.657823,"Demand":1.0,"DemandMax":null,"Value":9.499648893867},{"Length":3.996636,"Height":2.376386,"Demand":1.0,"DemandMax":null,"Value":9.497549837496},{"Length":3.346898,"Height":2.837548,"Demand":1.0,"DemandMax":null,"Value":9.496983726104},{"Length":3.629951,"Height":2.615616,"Demand":1.0,"DemandMax":null,"Value":9.4945579148160011},{"Length":1.670565,"Height":5.680292,"Demand":1.0,"DemandMax":null,"Value":9.48929700498},{"Length":3.78466,"Height":2.505108,"Demand":1.0,"DemandMax":null,"Value":9.48098204328},{"Length":2.214876,"Height":4.275428,"Demand":1.0,"DemandMax":null,"Value":9.4695428669279984},{"Length":4.191025,"Height":2.256061,"Demand":1.0,"DemandMax":null,"Value":9.4552080525249984},{"Length":3.60829,"Height":2.618053,"Demand":1.0,"DemandMax":null,"Value":9.44669445937},{"Length":2.638828,"Height":3.574745,"Demand":1.0,"DemandMax":null,"Value":9.43313719886},{"Length":4.280313,"Height":2.203698,"Demand":1.0,"DemandMax":null,"Value":9.432517197474},{"Length":1.816725,"Height":5.188741,"Demand":1.0,"DemandMax":null,"Value":9.426515493225},{"Length":5.52286,"Height":1.706681,"Demand":1.0,"DemandMax":null,"Value":9.42576022766},{"Length":3.687019,"Height":2.553985,"Demand":1.0,"DemandMax":null,"Value":9.4165912207149987},{"Length":3.439987,"Height":2.735291,"Demand":1.0,"DemandMax":null,"Value":9.409365481217},{"Length":4.605911,"Height":2.042664,"Demand":1.0,"DemandMax":null,"Value":9.4083285869039983},{"Length":5.132736,"Height":1.830598,"Demand":1.0,"DemandMax":null,"Value":9.395976256128},{"Length":6.086739,"Height":1.543251,"Demand":1.0,"DemandMax":null,"Value":9.393366048489},{"Length":5.658088,"Height":1.659007,"Demand":1.0,"DemandMax":null,"Value":9.386807598616},{"Length":2.18923,"Height":4.284405,"Demand":1.0,"DemandMax":null,"Value":9.379547958149999},{"Length":2.800349,"Height":3.349039,"Demand":1.0,"DemandMax":null,"Value":9.378478014611},{"Length":2.527746,"Height":3.710196,"Demand":1.0,"DemandMax":null,"Value":9.378433098216},{"Length":3.333013,"Height":2.812543,"Demand":1.0,"DemandMax":null,"Value":9.3742423820589984},{"Length":3.038399,"Height":3.083016,"Demand":1.0,"DemandMax":null,"Value":9.3674327313840013},{"Length":3.421969,"Height":2.737091,"Demand":1.0,"DemandMax":null,"Value":9.3662405521789989},{"Length":1.531894,"Height":6.101245,"Demand":1.0,"DemandMax":null,"Value":9.34646060803},{"Length":2.2942,"Height":4.071281,"Demand":1.0,"DemandMax":null,"Value":9.3403328702},{"Length":4.383242,"Height":2.130574,"Demand":1.0,"DemandMax":null,"Value":9.338821440908001},{"Length":3.426074,"Height":2.721061,"Demand":1.0,"DemandMax":null,"Value":9.322556344514},{"Length":4.191025,"Height":2.224222,"Demand":1.0,"DemandMax":null,"Value":9.32177000755},{"Length":1.833418,"Height":5.082231,"Demand":1.0,"DemandMax":null,"Value":9.317853795558},{"Length":2.544882,"Height":3.659103,"Demand":1.0,"DemandMax":null,"Value":9.311985360846},{"Length":1.740464,"Height":5.349727,"Demand":1.0,"DemandMax":null,"Value":9.3110072533279986},{"Length":1.778363,"Height":5.23142,"Demand":1.0,"DemandMax":null,"Value":9.30336376546},{"Length":5.591999,"Height":1.661988,"Demand":1.0,"DemandMax":null,"Value":9.293835234012},{"Length":2.800349,"Height":3.316356,"Demand":1.0,"DemandMax":null,"Value":9.286954208244},{"Length":2.947467,"Height":3.148458,"Demand":1.0,"DemandMax":null,"Value":9.2799760558860012},{"Length":1.929759,"Height":4.807166,"Demand":1.0,"DemandMax":null,"Value":9.276671852994},{"Length":3.124974,"Height":2.9673,"Demand":1.0,"DemandMax":null,"Value":9.2727353502},{"Length":4.576953,"Height":2.024068,"Demand":1.0,"DemandMax":null,"Value":9.264064104804},{"Length":2.590951,"Height":3.574935,"Demand":1.0,"DemandMax":null,"Value":9.262481413185},{"Length":3.479349,"Height":2.656914,"Demand":1.0,"DemandMax":null,"Value":9.244331068986},{"Length":1.879651,"Height":4.91432,"Demand":1.0,"DemandMax":null,"Value":9.23720650232},{"Length":4.232604,"Height":2.181624,"Demand":1.0,"DemandMax":null,"Value":9.233950468896},{"Length":4.962681,"Height":1.860489,"Demand":1.0,"DemandMax":null,"Value":9.233013411009},{"Length":3.378047,"Height":2.732924,"Demand":1.0,"DemandMax":null,"Value":9.2319457194280012},{"Length":5.920342,"Height":1.558041,"Demand":1.0,"DemandMax":null,"Value":9.224135570022},{"Length":2.298846,"Height":4.011817,"Demand":1.0,"DemandMax":null,"Value":9.222549463182},{"Length":2.702377,"Height":3.409629,"Demand":1.0,"DemandMax":null,"Value":9.2141029881329981},{"Length":3.050702,"Height":3.01722,"Demand":1.0,"DemandMax":null,"Value":9.2046390884399987},{"Length":5.4521,"Height":1.687761,"Demand":1.0,"DemandMax":null,"Value":9.2018417481},{"Length":5.052099,"Height":1.820763,"Demand":1.0,"DemandMax":null,"Value":9.1986749315369991},{"Length":3.299177,"Height":2.787723,"Demand":1.0,"DemandMax":null,"Value":9.197191603971},{"Length":5.658088,"Height":1.624282,"Demand":1.0,"DemandMax":null,"Value":9.190330492816},{"Length":2.344606,"Height":3.914035,"Demand":1.0,"DemandMax":null,"Value":9.17686994521},{"Length":3.290941,"Height":2.788261,"Demand":1.0,"DemandMax":null,"Value":9.176002443601},{"Length":2.398208,"Height":3.824459,"Demand":1.0,"DemandMax":null,"Value":9.171848169472},{"Length":3.996636,"Height":2.294674,"Demand":1.0,"DemandMax":null,"Value":9.170976716664},{"Length":2.614027,"Height":3.505013,"Demand":1.0,"DemandMax":null,"Value":9.162198617351},{"Length":2.730831,"Height":3.354357,"Demand":1.0,"DemandMax":null,"Value":9.160182080667},{"Length":2.467857,"Height":3.709906,"Demand":1.0,"DemandMax":null,"Value":9.155517491442},{"Length":5.271432,"Height":1.736234,"Demand":1.0,"DemandMax":null,"Value":9.152439467088},{"Length":3.070647,"Height":2.980257,"Demand":1.0,"DemandMax":null,"Value":9.151317216279},{"Length":4.667408,"Height":1.959047,"Demand":1.0,"DemandMax":null,"Value":9.143671640176},{"Length":3.178414,"Height":2.876557,"Demand":1.0,"DemandMax":null,"Value":9.142889040598},{"Length":4.276847,"Height":2.135567,"Demand":1.0,"DemandMax":null,"Value":9.133493317249},{"Length":1.79603,"Height":5.083078,"Demand":1.0,"DemandMax":null,"Value":9.12936058034},{"Length":3.302471,"Height":2.764292,"Demand":1.0,"DemandMax":null,"Value":9.128994165532001},{"Length":1.92882,"Height":4.725654,"Demand":1.0,"DemandMax":null,"Value":9.11493594828},{"Length":1.584074,"Height":5.75338,"Demand":1.0,"DemandMax":null,"Value":9.11377967012},{"Length":3.040899,"Height":2.995488,"Demand":1.0,"DemandMax":null,"Value":9.108976463712},{"Length":2.423197,"Height":3.756362,"Demand":1.0,"DemandMax":null,"Value":9.102405129314},{"Length":2.067495,"Height":4.402144,"Demand":1.0,"DemandMax":null,"Value":9.10141070928},{"Length":1.55347,"Height":5.858402,"Demand":1.0,"DemandMax":null,"Value":9.100851754939999},{"Length":3.476987,"Height":2.615616,"Demand":1.0,"DemandMax":null,"Value":9.094462828992},{"Length":2.013434,"Height":4.516776,"Demand":1.0,"DemandMax":null,"Value":9.094230368784},{"Length":2.150312,"Height":4.227367,"Demand":1.0,"DemandMax":null,"Value":9.090157988504},{"Length":3.396884,"Height":2.675316,"Demand":1.0,"DemandMax":null,"Value":9.0877381153440009},{"Length":2.118823,"Height":4.285724,"Demand":1.0,"DemandMax":null,"Value":9.080690582852},{"Length":3.768925,"Height":2.402364,"Demand":1.0,"DemandMax":null,"Value":9.0543297387},{"Length":2.773437,"Height":3.260971,"Demand":1.0,"DemandMax":null,"Value":9.044097627327},{"Length":3.069734,"Height":2.923458,"Demand":1.0,"DemandMax":null,"Value":8.974238420172},{"Length":3.570333,"Height":2.511742,"Demand":1.0,"DemandMax":null,"Value":8.967755350086},{"Length":3.009675,"Height":2.977396,"Demand":1.0,"DemandMax":null,"Value":8.9609943063},{"Length":2.791309,"Height":3.20986,"Demand":1.0,"DemandMax":null,"Value":8.95971110674},{"Length":4.21641,"Height":2.124563,"Demand":1.0,"DemandMax":null,"Value":8.95802867883},{"Length":1.829063,"Height":4.896582,"Demand":1.0,"DemandMax":null,"Value":8.956156962666002},{"Length":2.810559,"Height":3.181818,"Demand":1.0,"DemandMax":null,"Value":8.942687216262},{"Length":4.184543,"Height":2.137037,"Demand":1.0,"DemandMax":null,"Value":8.942523219091},{"Length":1.835799,"Height":4.868188,"Demand":1.0,"DemandMax":null,"Value":8.937014662212},{"Length":3.996636,"Height":2.224273,"Demand":1.0,"DemandMax":null,"Value":8.8896095456280015},{"Length":2.232022,"Height":3.97912,"Demand":1.0,"DemandMax":null,"Value":8.88148338064},{"Length":2.390034,"Height":3.713823,"Demand":1.0,"DemandMax":null,"Value":8.876163239982},{"Length":3.687019,"Height":2.407024,"Demand":1.0,"DemandMax":null,"Value":8.8747432214559989},{"Length":1.701226,"Height":5.214375,"Demand":1.0,"DemandMax":null,"Value":8.87083032375},{"Length":4.190696,"Height":2.115386,"Demand":1.0,"DemandMax":null,"Value":8.864939648656},{"Length":3.100422,"Height":2.857162,"Demand":1.0,"DemandMax":null,"Value":8.858407922364},{"Length":3.017005,"Height":2.923458,"Demand":1.0,"DemandMax":null,"Value":8.8200874032900014},{"Length":4.333411,"Height":2.034703,"Demand":1.0,"DemandMax":null,"Value":8.817204361933},{"Length":1.509778,"Height":5.837085,"Demand":1.0,"DemandMax":null,"Value":8.81270251713},{"Length":1.740779,"Height":5.060617,"Demand":1.0,"DemandMax":null,"Value":8.809415800643},{"Length":1.990056,"Height":4.421834,"Demand":1.0,"DemandMax":null,"Value":8.799697282703999},{"Length":3.268907,"Height":2.686867,"Demand":1.0,"DemandMax":null,"Value":8.7831183443689991},{"Length":2.241466,"Height":3.908576,"Demand":1.0,"DemandMax":null,"Value":8.760940212416},{"Length":2.665929,"Height":3.284061,"Demand":1.0,"DemandMax":null,"Value":8.755073457669},{"Length":5.688326,"Height":1.536124,"Demand":1.0,"DemandMax":null,"Value":8.737974088424},{"Length":5.741172,"Height":1.52072,"Demand":1.0,"DemandMax":null,"Value":8.73071508384},{"Length":3.449304,"Height":2.526731,"Demand":1.0,"DemandMax":null,"Value":8.715463345224},{"Length":1.840365,"Height":4.725654,"Demand":1.0,"DemandMax":null,"Value":8.69692822371},{"Length":4.383242,"Height":1.983893,"Demand":1.0,"DemandMax":null,"Value":8.695883121106},{"Length":3.670562,"Height":2.368395,"Demand":1.0,"DemandMax":null,"Value":8.69334068799},{"Length":5.564106,"Height":1.558367,"Demand":1.0,"DemandMax":null,"Value":8.670919174902},{"Length":3.076129,"Height":2.817529,"Demand":1.0,"DemandMax":null,"Value":8.6670826652409989},{"Length":2.282861,"Height":3.795696,"Demand":1.0,"DemandMax":null,"Value":8.665046366256},{"Length":1.737723,"Height":4.980057,"Demand":1.0,"DemandMax":null,"Value":8.653959590211},{"Length":2.457711,"Height":3.520037,"Demand":1.0,"DemandMax":null,"Value":8.6512336553070011},{"Length":3.997024,"Height":2.160442,"Demand":1.0,"DemandMax":null,"Value":8.635338524608},{"Length":1.966473,"Height":4.391059,"Demand":1.0,"DemandMax":null,"Value":8.634898964907},{"Length":1.469493,"Height":5.871564,"Demand":1.0,"DemandMax":null,"Value":8.628222197052},{"Length":3.996636,"Height":2.15866,"Demand":1.0,"DemandMax":null,"Value":8.62737826776},{"Length":2.543525,"Height":3.387109,"Demand":1.0,"DemandMax":null,"Value":8.615196419225},{"Length":2.810559,"Height":3.065036,"Demand":1.0,"DemandMax":null,"Value":8.614464515124},{"Length":2.429608,"Height":3.540803,"Demand":1.0,"DemandMax":null,"Value":8.602763295224},{"Length":4.092591,"Height":2.100009,"Demand":1.0,"DemandMax":null,"Value":8.5944779333189985},{"Length":1.921078,"Height":4.472785,"Demand":1.0,"DemandMax":null,"Value":8.5925688622300012},{"Length":3.142685,"Height":2.733327,"Demand":1.0,"DemandMax":null,"Value":8.5899857629950009},{"Length":3.299177,"Height":2.602057,"Demand":1.0,"DemandMax":null,"Value":8.5846466070889988},{"Length":4.988844,"Height":1.720171,"Demand":1.0,"DemandMax":null,"Value":8.581664772324},{"Length":2.968498,"Height":2.889331,"Demand":1.0,"DemandMax":null,"Value":8.576973294838},{"Length":5.52286,"Height":1.552721,"Demand":1.0,"DemandMax":null,"Value":8.5754607020599991},{"Length":2.880088,"Height":2.97557,"Demand":1.0,"DemandMax":null,"Value":8.56990345016},{"Length":2.534489,"Height":3.375107,"Demand":1.0,"DemandMax":null,"Value":8.554171565323001},{"Length":3.299177,"Height":2.589887,"Demand":1.0,"DemandMax":null,"Value":8.544495622999},{"Length":4.495028,"Height":1.89487,"Demand":1.0,"DemandMax":null,"Value":8.51749370636},{"Length":2.745507,"Height":3.099852,"Demand":1.0,"DemandMax":null,"Value":8.510665364964},{"Length":2.158117,"Height":3.93968,"Demand":1.0,"DemandMax":null,"Value":8.50229038256},{"Length":2.510082,"Height":3.380068,"Demand":1.0,"DemandMax":null,"Value":8.484247845576},{"Length":4.503849,"Height":1.877709,"Demand":1.0,"DemandMax":null,"Value":8.456917801941},{"Length":5.737144,"Height":1.472927,"Demand":1.0,"DemandMax":null,"Value":8.450394300488},{"Length":5.658088,"Height":1.490339,"Demand":1.0,"DemandMax":null,"Value":8.432469211832},{"Length":4.251338,"Height":1.981845,"Demand":1.0,"DemandMax":null,"Value":8.4254929586099987},{"Length":2.429773,"Height":3.463247,"Demand":1.0,"DemandMax":null,"Value":8.414904052931},{"Length":3.08192,"Height":2.728242,"Demand":1.0,"DemandMax":null,"Value":8.40822358464},{"Length":2.398108,"Height":3.506003,"Demand":1.0,"DemandMax":null,"Value":8.4077738423240014},{"Length":3.80804,"Height":2.205275,"Demand":1.0,"DemandMax":null,"Value":8.397775411},{"Length":2.257291,"Height":3.713823,"Demand":1.0,"DemandMax":null,"Value":8.383179233493},{"Length":5.404217,"Height":1.549327,"Demand":1.0,"DemandMax":null,"Value":8.372899311959},{"Length":3.416854,"Height":2.448357,"Demand":1.0,"DemandMax":null,"Value":8.365678408878},{"Length":1.955625,"Height":4.275428,"Demand":1.0,"DemandMax":null,"Value":8.361133882499999},{"Length":2.790095,"Height":2.995488,"Demand":1.0,"DemandMax":null,"Value":8.35769609136},{"Length":2.991268,"Height":2.791494,"Demand":1.0,"DemandMax":null,"Value":8.350106674392},{"Length":1.583657,"Height":5.248475,"Demand":1.0,"DemandMax":null,"Value":8.311784173075},{"Length":2.928681,"Height":2.837173,"Demand":1.0,"DemandMax":null,"Value":8.309174658813},{"Length":2.464328,"Height":3.362335,"Demand":1.0,"DemandMax":null,"Value":8.28589628588},{"Length":4.398859,"Height":1.880136,"Demand":1.0,"DemandMax":null,"Value":8.270453164824},{"Length":4.740705,"Height":1.74403,"Demand":1.0,"DemandMax":null,"Value":8.26793174115},{"Length":2.534489,"Height":3.26039,"Demand":1.0,"DemandMax":null,"Value":8.26342259071},{"Length":2.745507,"Height":2.99536,"Demand":1.0,"DemandMax":null,"Value":8.22378184752},{"Length":2.844604,"Height":2.88847,"Demand":1.0,"DemandMax":null,"Value":8.2165533158799988},{"Length":3.125608,"Height":2.626454,"Demand":1.0,"DemandMax":null,"Value":8.209265634032},{"Length":3.457906,"Height":2.373765,"Demand":1.0,"DemandMax":null,"Value":8.20825623609},{"Length":3.050702,"Height":2.683202,"Demand":1.0,"DemandMax":null,"Value":8.185649707804},{"Length":2.748924,"Height":2.977396,"Demand":1.0,"DemandMax":null,"Value":8.184635321904},{"Length":2.31976,"Height":3.527192,"Demand":1.0,"DemandMax":null,"Value":8.18223891392},{"Length":3.033722,"Height":2.68799,"Demand":1.0,"DemandMax":null,"Value":8.15461439878},{"Length":3.508471,"Height":2.323932,"Demand":1.0,"DemandMax":null,"Value":8.153448027972},{"Length":2.665929,"Height":3.057271,"Demand":1.0,"DemandMax":null,"Value":8.1504674197590017},{"Length":2.007656,"Height":4.059275,"Demand":1.0,"DemandMax":null,"Value":8.1496278094},{"Length":3.305595,"Height":2.459691,"Demand":1.0,"DemandMax":null,"Value":8.130742271145},{"Length":2.729264,"Height":2.974068,"Demand":1.0,"DemandMax":null,"Value":8.117016725952},{"Length":2.056706,"Height":3.942902,"Demand":1.0,"DemandMax":null,"Value":8.1093902008120011},{"Length":2.30613,"Height":3.51633,"Demand":1.0,"DemandMax":null,"Value":8.1091141029},{"Length":1.997329,"Height":4.059549,"Demand":1.0,"DemandMax":null,"Value":8.1082549446209988},{"Length":2.061037,"Height":3.933109,"Demand":1.0,"DemandMax":null,"Value":8.106283174032999},{"Length":2.610082,"Height":3.094014,"Demand":1.0,"DemandMax":null,"Value":8.075630249148},{"Length":2.918951,"Height":2.764292,"Demand":1.0,"DemandMax":null,"Value":8.068832897692},{"Length":2.790724,"Height":2.889331,"Demand":1.0,"DemandMax":null,"Value":8.063325365644},{"Length":3.360631,"Height":2.399009,"Demand":1.0,"DemandMax":null,"Value":8.062184014679},{"Length":1.592234,"Height":5.060617,"Demand":1.0,"DemandMax":null,"Value":8.057686448378},{"Length":4.463578,"Height":1.801419,"Demand":1.0,"DemandMax":null,"Value":8.0407742171820011},{"Length":4.278949,"Height":1.86921,"Demand":1.0,"DemandMax":null,"Value":7.9982542602899995},{"Length":3.764151,"Height":2.124563,"Demand":1.0,"DemandMax":null,"Value":7.9971759410130012},{"Length":3.029471,"Height":2.639457,"Demand":1.0,"DemandMax":null,"Value":7.9961584372470007},{"Length":3.677911,"Height":2.172465,"Demand":1.0,"DemandMax":null,"Value":7.9901329206149994},{"Length":2.027092,"Height":3.931237,"Demand":1.0,"DemandMax":null,"Value":7.968979072804},{"Length":1.780808,"Height":4.472785,"Demand":1.0,"DemandMax":null,"Value":7.96517131028},{"Length":2.772609,"Height":2.872274,"Demand":1.0,"DemandMax":null,"Value":7.9636927428660007},{"Length":3.098935,"Height":2.569418,"Demand":1.0,"DemandMax":null,"Value":7.96245936983},{"Length":3.041809,"Height":2.615345,"Demand":1.0,"DemandMax":null,"Value":7.9553799591050005},{"Length":2.217569,"Height":3.587271,"Demand":1.0,"DemandMax":null,"Value":7.955020964199},{"Length":2.007656,"Height":3.960138,"Demand":1.0,"DemandMax":null,"Value":7.950594816528},{"Length":3.935237,"Height":2.018844,"Demand":1.0,"DemandMax":null,"Value":7.944629606028},{"Length":4.875483,"Height":1.626528,"Demand":1.0,"DemandMax":null,"Value":7.930109613024},{"Length":2.913863,"Height":2.72103,"Demand":1.0,"DemandMax":null,"Value":7.92870863889},{"Length":2.511032,"Height":3.153098,"Demand":1.0,"DemandMax":null,"Value":7.9175299771360006},{"Length":2.168329,"Height":3.643739,"Demand":1.0,"DemandMax":null,"Value":7.900824942131},{"Length":3.728456,"Height":2.115386,"Demand":1.0,"DemandMax":null,"Value":7.887123624016},{"Length":3.689716,"Height":2.137037,"Demand":1.0,"DemandMax":null,"Value":7.885059611492},{"Length":3.093181,"Height":2.544998,"Demand":1.0,"DemandMax":null,"Value":7.872139458638},{"Length":3.917364,"Height":2.008372,"Demand":1.0,"DemandMax":null,"Value":7.867524171408},{"Length":3.313241,"Height":2.373332,"Demand":1.0,"DemandMax":null,"Value":7.8634208890120005},{"Length":2.967598,"Height":2.648363,"Demand":1.0,"DemandMax":null,"Value":7.859276742074},{"Length":2.229906,"Height":3.520037,"Demand":1.0,"DemandMax":null,"Value":7.849351626522},{"Length":2.945802,"Height":2.6633,"Demand":1.0,"DemandMax":null,"Value":7.8455544666},{"Length":3.401421,"Height":2.305687,"Demand":1.0,"DemandMax":null,"Value":7.8426121812269995},{"Length":2.262881,"Height":3.465106,"Demand":1.0,"DemandMax":null,"Value":7.841122530386},{"Length":2.985105,"Height":2.626454,"Demand":1.0,"DemandMax":null,"Value":7.8402409676699989},{"Length":3.401421,"Height":2.302206,"Demand":1.0,"DemandMax":null,"Value":7.830771834726},{"Length":2.946108,"Height":2.648363,"Demand":1.0,"DemandMax":null,"Value":7.802363421204},{"Length":3.740746,"Height":2.085486,"Demand":1.0,"DemandMax":null,"Value":7.801273412556},{"Length":5.4521,"Height":1.428978,"Demand":1.0,"DemandMax":null,"Value":7.7909309538},{"Length":1.917687,"Height":4.059549,"Demand":1.0,"DemandMax":null,"Value":7.7849443431629988},{"Length":3.973492,"Height":1.958209,"Demand":1.0,"DemandMax":null,"Value":7.780927795828},{"Length":3.642305,"Height":2.135567,"Demand":1.0,"DemandMax":null,"Value":7.7783863619349995},{"Length":4.232604,"Height":1.837021,"Demand":1.0,"DemandMax":null,"Value":7.775382432684},{"Length":1.448482,"Height":5.365269,"Demand":1.0,"DemandMax":null,"Value":7.771495571658},{"Length":2.470892,"Height":3.144139,"Demand":1.0,"DemandMax":null,"Value":7.7688279019880007},{"Length":3.142685,"Height":2.470766,"Demand":1.0,"DemandMax":null,"Value":7.7648392467099994},{"Length":2.090508,"Height":3.713823,"Demand":1.0,"DemandMax":null,"Value":7.763776692084},{"Length":2.978229,"Height":2.606842,"Demand":1.0,"DemandMax":null,"Value":7.7637724428179995},{"Length":2.611056,"Height":2.971658,"Demand":1.0,"DemandMax":null,"Value":7.759165450848},{"Length":3.416854,"Height":2.270273,"Demand":1.0,"DemandMax":null,"Value":7.7571913811419995},{"Length":3.828072,"Height":2.026362,"Demand":1.0,"DemandMax":null,"Value":7.7570596340640012},{"Length":1.559172,"Height":4.974643,"Demand":1.0,"DemandMax":null,"Value":7.7563240755960008},{"Length":1.695314,"Height":4.574665,"Demand":1.0,"DemandMax":null,"Value":7.7554936198100011},{"Length":3.677911,"Height":2.10378,"Demand":1.0,"DemandMax":null,"Value":7.7375156035799995},{"Length":4.612255,"Height":1.677433,"Demand":1.0,"DemandMax":null,"Value":7.736748741415},{"Length":1.554922,"Height":4.974643,"Demand":1.0,"DemandMax":null,"Value":7.735181842846},{"Length":2.062257,"Height":3.749825,"Demand":1.0,"DemandMax":null,"Value":7.7331028550249989},{"Length":1.676577,"Height":4.607893,"Demand":1.0,"DemandMax":null,"Value":7.725487422261},{"Length":1.465452,"Height":5.270453,"Demand":1.0,"DemandMax":null,"Value":7.723595889756},{"Length":1.51679,"Height":5.084773,"Demand":1.0,"DemandMax":null,"Value":7.7125328386700005},{"Length":1.584078,"Height":4.868188,"Demand":1.0,"DemandMax":null,"Value":7.711589510664},{"Length":2.791309,"Height":2.759945,"Demand":1.0,"DemandMax":null,"Value":7.7038593180050006},{"Length":2.824613,"Height":2.726341,"Demand":1.0,"DemandMax":null,"Value":7.700858231033},{"Length":1.467045,"Height":5.248475,"Demand":1.0,"DemandMax":null,"Value":7.699749006375},{"Length":2.366173,"Height":3.247707,"Demand":1.0,"DemandMax":null,"Value":7.684636615311},{"Length":3.91686,"Height":1.961792,"Demand":1.0,"DemandMax":null,"Value":7.6840646131199994},{"Length":4.120862,"Height":1.86464,"Demand":1.0,"DemandMax":null,"Value":7.68392411968},{"Length":3.067064,"Height":2.502681,"Demand":1.0,"DemandMax":null,"Value":7.6758827985839995},{"Length":2.750415,"Height":2.787718,"Demand":1.0,"DemandMax":null,"Value":7.6673814029699994},{"Length":2.898426,"Height":2.644876,"Demand":1.0,"DemandMax":null,"Value":7.665977365176},{"Length":2.192384,"Height":3.49456,"Demand":1.0,"DemandMax":null,"Value":7.66141743104},{"Length":2.013512,"Height":3.79429,"Demand":1.0,"DemandMax":null,"Value":7.63984844648},{"Length":2.572175,"Height":2.960267,"Demand":1.0,"DemandMax":null,"Value":7.614324770725},{"Length":2.978229,"Height":2.555952,"Demand":1.0,"DemandMax":null,"Value":7.6122103690079994},{"Length":5.404217,"Height":1.408033,"Demand":1.0,"DemandMax":null,"Value":7.609315875161},{"Length":1.386421,"Height":5.48344,"Demand":1.0,"DemandMax":null,"Value":7.60235636824},{"Length":3.873761,"Height":1.961792,"Demand":1.0,"DemandMax":null,"Value":7.599513339712},{"Length":2.856133,"Height":2.656196,"Demand":1.0,"DemandMax":null,"Value":7.5864490500679995},{"Length":3.917364,"Height":1.931308,"Demand":1.0,"DemandMax":null,"Value":7.565636432112},{"Length":5.4521,"Height":1.38537,"Demand":1.0,"DemandMax":null,"Value":7.553175777},{"Length":3.145842,"Height":2.399009,"Demand":1.0,"DemandMax":null,"Value":7.5469032705779995},{"Length":2.276765,"Height":3.304435,"Demand":1.0,"DemandMax":null,"Value":7.523421952775},{"Length":2.139242,"Height":3.51633,"Demand":1.0,"DemandMax":null,"Value":7.522280821859999},{"Length":1.755115,"Height":4.285724,"Demand":1.0,"DemandMax":null,"Value":7.52193847826},{"Length":1.593349,"Height":4.716095,"Demand":1.0,"DemandMax":null,"Value":7.514385252155},{"Length":2.614027,"Height":2.873633,"Demand":1.0,"DemandMax":null,"Value":7.511754250091},{"Length":5.020775,"Height":1.496128,"Demand":1.0,"DemandMax":null,"Value":7.5117220592},{"Length":2.062257,"Height":3.639475,"Demand":1.0,"DemandMax":null,"Value":7.5055327950749993},{"Length":2.366173,"Height":3.170039,"Demand":1.0,"DemandMax":null,"Value":7.5008606907469995},{"Length":2.788924,"Height":2.68799,"Demand":1.0,"DemandMax":null,"Value":7.49659982276},{"Length":2.81342,"Height":2.6633,"Demand":1.0,"DemandMax":null,"Value":7.492981486},{"Length":3.595103,"Height":2.083644,"Demand":1.0,"DemandMax":null,"Value":7.490914795332},{"Length":4.495028,"Height":1.666073,"Demand":1.0,"DemandMax":null,"Value":7.4890447850439985},{"Length":2.46984,"Height":3.025844,"Demand":1.0,"DemandMax":null,"Value":7.4733505449600006},{"Length":2.209575,"Height":3.381634,"Demand":1.0,"DemandMax":null,"Value":7.47197394555},{"Length":1.583945,"Height":4.716095,"Demand":1.0,"DemandMax":null,"Value":7.470035094775},{"Length":5.338084,"Height":1.399382,"Demand":1.0,"DemandMax":null,"Value":7.470018664088},{"Length":4.496092,"Height":1.660785,"Demand":1.0,"DemandMax":null,"Value":7.4670421522199995},{"Length":5.4521,"Height":1.369519,"Demand":1.0,"DemandMax":null,"Value":7.4667545398999993},{"Length":2.494317,"Height":2.992748,"Demand":1.0,"DemandMax":null,"Value":7.4648622131160005},{"Length":4.120862,"Height":1.8113,"Demand":1.0,"DemandMax":null,"Value":7.4641173406},{"Length":1.395311,"Height":5.347325,"Demand":1.0,"DemandMax":null,"Value":7.4611813930749991},{"Length":2.364914,"Height":3.152916,"Demand":1.0,"DemandMax":null,"Value":7.456375189224},{"Length":3.049971,"Height":2.439261,"Demand":1.0,"DemandMax":null,"Value":7.4396753114310012},{"Length":3.524444,"Height":2.107184,"Demand":1.0,"DemandMax":null,"Value":7.4266520056960008},{"Length":2.355297,"Height":3.152904,"Demand":1.0,"DemandMax":null,"Value":7.4260253324880008},{"Length":2.190167,"Height":3.387543,"Demand":1.0,"DemandMax":null,"Value":7.419284889681},{"Length":3.195749,"Height":2.321528,"Demand":1.0,"DemandMax":null,"Value":7.419020784472},{"Length":4.875483,"Height":1.520548,"Demand":1.0,"DemandMax":null,"Value":7.4134059246840005},{"Length":2.07351,"Height":3.574745,"Demand":1.0,"DemandMax":null,"Value":7.4122695049500011},{"Length":2.056706,"Height":3.603444,"Demand":1.0,"DemandMax":null,"Value":7.4112248954640005},{"Length":1.98948,"Height":3.72215,"Demand":1.0,"DemandMax":null,"Value":7.405142982},{"Length":2.665359,"Height":2.778045,"Demand":1.0,"DemandMax":null,"Value":7.4044872431550006},{"Length":2.351713,"Height":3.148503,"Demand":1.0,"DemandMax":null,"Value":7.404375435639},{"Length":2.773437,"Height":2.668857,"Demand":1.0,"DemandMax":null,"Value":7.401906751509},{"Length":2.772609,"Height":2.668794,"Demand":1.0,"DemandMax":null,"Value":7.399522263546},{"Length":2.004511,"Height":3.687898,"Demand":1.0,"DemandMax":null,"Value":7.392432107878},{"Length":1.887136,"Height":3.916413,"Demand":1.0,"DemandMax":null,"Value":7.390803963168},{"Length":2.446001,"Height":3.018129,"Demand":1.0,"DemandMax":null,"Value":7.3823465521289995},{"Length":2.332473,"Height":3.163448,"Demand":1.0,"DemandMax":null,"Value":7.3786570469039985},{"Length":3.079263,"Height":2.393109,"Demand":1.0,"DemandMax":null,"Value":7.369011998667},{"Length":2.067495,"Height":3.560169,"Demand":1.0,"DemandMax":null,"Value":7.3606316066550006},{"Length":2.118928,"Height":3.472378,"Demand":1.0,"DemandMax":null,"Value":7.357718970784},{"Length":2.056696,"Height":3.575549,"Demand":1.0,"DemandMax":null,"Value":7.353817326104},{"Length":2.016628,"Height":3.643739,"Demand":1.0,"DemandMax":null,"Value":7.348066092092},{"Length":2.703228,"Height":2.718107,"Demand":1.0,"DemandMax":null,"Value":7.347662949396},{"Length":2.358536,"Height":3.113599,"Demand":1.0,"DemandMax":null,"Value":7.3435353310639995},{"Length":2.384753,"Height":3.079129,"Demand":1.0,"DemandMax":null,"Value":7.342962120137},{"Length":3.393274,"Height":2.162569,"Demand":1.0,"DemandMax":null,"Value":7.3381891609059995},{"Length":2.403121,"Height":3.052824,"Demand":1.0,"DemandMax":null,"Value":7.3363054637040008},{"Length":2.027092,"Height":3.615108,"Demand":1.0,"DemandMax":null,"Value":7.3281565059360005},{"Length":1.597589,"Height":4.586449,"Demand":1.0,"DemandMax":null,"Value":7.327260471461},{"Length":2.124459,"Height":3.446509,"Demand":1.0,"DemandMax":null,"Value":7.321967063630999},{"Length":3.511835,"Height":2.083644,"Demand":1.0,"DemandMax":null,"Value":7.3174139267400005},{"Length":1.64739,"Height":4.441067,"Demand":1.0,"DemandMax":null,"Value":7.31616936513},{"Length":2.105425,"Height":3.472378,"Demand":1.0,"DemandMax":null,"Value":7.3108314506499994},{"Length":2.38143,"Height":3.068531,"Demand":1.0,"DemandMax":null,"Value":7.30749177933},{"Length":4.605911,"Height":1.585521,"Demand":1.0,"DemandMax":null,"Value":7.302768614631},{"Length":2.315695,"Height":3.148503,"Demand":1.0,"DemandMax":null,"Value":7.2909726545849987},{"Length":2.355297,"Height":3.094215,"Demand":1.0,"DemandMax":null,"Value":7.287795306855001},{"Length":3.079263,"Height":2.364425,"Demand":1.0,"DemandMax":null,"Value":7.2806864187750007},{"Length":4.369199,"Height":1.66321,"Demand":1.0,"DemandMax":null,"Value":7.2668954687900005},{"Length":1.908242,"Height":3.802586,"Demand":1.0,"DemandMax":null,"Value":7.256254313812},{"Length":1.69567,"Height":4.275428,"Demand":1.0,"DemandMax":null,"Value":7.24971499676},{"Length":3.440208,"Height":2.107184,"Demand":1.0,"DemandMax":null,"Value":7.2491512542720011},{"Length":1.538943,"Height":4.70874,"Demand":1.0,"DemandMax":null,"Value":7.2464824618199994},{"Length":2.719771,"Height":2.663547,"Demand":1.0,"DemandMax":null,"Value":7.244237887737},{"Length":3.560026,"Height":2.034703,"Demand":1.0,"DemandMax":null,"Value":7.243595582278},{"Length":1.511658,"Height":4.789293,"Demand":1.0,"DemandMax":null,"Value":7.2397730777939993},{"Length":1.908242,"Height":3.79087,"Demand":1.0,"DemandMax":null,"Value":7.2338973505399995},{"Length":2.611056,"Height":2.770033,"Demand":1.0,"DemandMax":null,"Value":7.232711284848},{"Length":1.627699,"Height":4.441067,"Demand":1.0,"DemandMax":null,"Value":7.2287203148330006},{"Length":1.575496,"Height":4.586449,"Demand":1.0,"DemandMax":null,"Value":7.225932053704},{"Length":2.700098,"Height":2.67588,"Demand":1.0,"DemandMax":null,"Value":7.2251382362399994},{"Length":1.502404,"Height":4.808136,"Demand":1.0,"DemandMax":null,"Value":7.2237627589440008},{"Length":2.056696,"Height":3.510737,"Demand":1.0,"DemandMax":null,"Value":7.2205187449520007},{"Length":5.020775,"Height":1.43811,"Demand":1.0,"DemandMax":null,"Value":7.22042673525},{"Length":3.642099,"Height":1.981845,"Demand":1.0,"DemandMax":null,"Value":7.218075692655},{"Length":2.748642,"Height":2.624913,"Demand":1.0,"DemandMax":null,"Value":7.2149461181459991},{"Length":2.942229,"Height":2.451972,"Demand":1.0,"DemandMax":null,"Value":7.214263125588},{"Length":1.781719,"Height":4.047757,"Demand":1.0,"DemandMax":null,"Value":7.211965554283},{"Length":2.142028,"Height":3.362335,"Demand":1.0,"DemandMax":null,"Value":7.2022157153799995},{"Length":3.079263,"Height":2.337205,"Demand":1.0,"DemandMax":null,"Value":7.196868879915},{"Length":3.079263,"Height":2.33713,"Demand":1.0,"DemandMax":null,"Value":7.1966379351900009},{"Length":1.849289,"Height":3.891078,"Demand":1.0,"DemandMax":null,"Value":7.1957277435419993},{"Length":2.282861,"Height":3.148502,"Demand":1.0,"DemandMax":null,"Value":7.187592424222},{"Length":2.18923,"Height":3.282824,"Demand":1.0,"DemandMax":null,"Value":7.18685678552},{"Length":1.410605,"Height":5.084773,"Demand":1.0,"DemandMax":null,"Value":7.1726062176650007},{"Length":4.369199,"Height":1.641226,"Demand":1.0,"DemandMax":null,"Value":7.1708429979740007},{"Length":2.572288,"Height":2.787718,"Demand":1.0,"DemandMax":null,"Value":7.1708135587839994},{"Length":2.272698,"Height":3.152916,"Demand":1.0,"DemandMax":null,"Value":7.165625887368},{"Length":2.066319,"Height":3.463247,"Demand":1.0,"DemandMax":null,"Value":7.156173077793},{"Length":3.121588,"Height":2.291441,"Demand":1.0,"DemandMax":null,"Value":7.152934728308},{"Length":1.487013,"Height":4.808136,"Demand":1.0,"DemandMax":null,"Value":7.149760737768},{"Length":1.766291,"Height":4.047757,"Demand":1.0,"DemandMax":null,"Value":7.149516759287},{"Length":2.494317,"Height":2.865654,"Demand":1.0,"DemandMax":null,"Value":7.147849488318001},{"Length":5.075331,"Height":1.406288,"Demand":1.0,"DemandMax":null,"Value":7.137377081328},{"Length":3.663542,"Height":1.946376,"Demand":1.0,"DemandMax":null,"Value":7.130630223792001},{"Length":1.837394,"Height":3.880751,"Demand":1.0,"DemandMax":null,"Value":7.130468602894},{"Length":3.342138,"Height":2.132702,"Demand":1.0,"DemandMax":null,"Value":7.127784396876},{"Length":2.846574,"Height":2.502681,"Demand":1.0,"DemandMax":null,"Value":7.1240666648939994},{"Length":3.509563,"Height":2.028363,"Demand":1.0,"DemandMax":null,"Value":7.1186677353690007},{"Length":4.6273,"Height":1.537595,"Demand":1.0,"DemandMax":null,"Value":7.1149133435000005},{"Length":1.787641,"Height":3.97912,"Demand":1.0,"DemandMax":null,"Value":7.11323805592},{"Length":2.103404,"Height":3.380068,"Demand":1.0,"DemandMax":null,"Value":7.109648551472},{"Length":1.916356,"Height":3.709906,"Demand":1.0,"DemandMax":null,"Value":7.109500622536},{"Length":1.45154,"Height":4.896582,"Demand":1.0,"DemandMax":null,"Value":7.1075846362800013},{"Length":1.993207,"Height":3.565612,"Demand":1.0,"DemandMax":null,"Value":7.1070027976839993},{"Length":2.717413,"Height":2.615345,"Demand":1.0,"DemandMax":null,"Value":7.106972502485},{"Length":1.906798,"Height":3.72215,"Demand":1.0,"DemandMax":null,"Value":7.0973881757},{"Length":1.395726,"Height":5.083078,"Demand":1.0,"DemandMax":null,"Value":7.0945841246280006},{"Length":2.773437,"Height":2.557995,"Demand":1.0,"DemandMax":null,"Value":7.094437978815},{"Length":2.773437,"Height":2.557004,"Demand":1.0,"DemandMax":null,"Value":7.091689502748},{"Length":2.884571,"Height":2.456872,"Demand":1.0,"DemandMax":null,"Value":7.0870217219120013},{"Length":2.079124,"Height":3.408381,"Demand":1.0,"DemandMax":null,"Value":7.0864467382440006},{"Length":1.921503,"Height":3.687898,"Demand":1.0,"DemandMax":null,"Value":7.086307070694},{"Length":2.698194,"Height":2.624913,"Demand":1.0,"DemandMax":null,"Value":7.082524507122},{"Length":2.753985,"Height":2.569418,"Demand":1.0,"DemandMax":null,"Value":7.0761386307300009},{"Length":2.395054,"Height":2.954155,"Demand":1.0,"DemandMax":null,"Value":7.0753607493700006},{"Length":1.391201,"Height":5.084773,"Demand":1.0,"DemandMax":null,"Value":7.073941282373},{"Length":2.276657,"Height":3.107031,"Demand":1.0,"DemandMax":null,"Value":7.0736438753670008},{"Length":2.298846,"Height":3.076972,"Demand":1.0,"DemandMax":null,"Value":7.0734847743120008},{"Length":2.098313,"Height":3.369332,"Demand":1.0,"DemandMax":null,"Value":7.069913136916},{"Length":4.619984,"Height":1.529391,"Demand":1.0,"DemandMax":null,"Value":7.0657619497439992},{"Length":3.140003,"Height":2.249987,"Demand":1.0,"DemandMax":null,"Value":7.064965929961},{"Length":2.443878,"Height":2.88847,"Demand":1.0,"DemandMax":null,"Value":7.0590682866600005},{"Length":2.637986,"Height":2.67588,"Demand":1.0,"DemandMax":null,"Value":7.05893397768},{"Length":2.266824,"Height":3.113599,"Demand":1.0,"DemandMax":null,"Value":7.057980939576},{"Length":1.706933,"Height":4.127632,"Demand":1.0,"DemandMax":null,"Value":7.0455912726560008},{"Length":3.590967,"Height":1.958209,"Demand":1.0,"DemandMax":null,"Value":7.031863898103},{"Length":1.428069,"Height":4.912503,"Demand":1.0,"DemandMax":null,"Value":7.015393246707},{"Length":4.619984,"Height":1.518311,"Demand":1.0,"DemandMax":null,"Value":7.0145725270239989},{"Length":2.230736,"Height":3.144139,"Demand":1.0,"DemandMax":null,"Value":7.013744056304},{"Length":2.752934,"Height":2.547546,"Demand":1.0,"DemandMax":null,"Value":7.0132259999640008},{"Length":5.075331,"Height":1.38143,"Demand":1.0,"DemandMax":null,"Value":7.01121450333},{"Length":2.942229,"Height":2.382845,"Demand":1.0,"DemandMax":null,"Value":7.0108756615050005},{"Length":2.620344,"Height":2.675507,"Demand":1.0,"DemandMax":null,"Value":7.010748714408},{"Length":3.455089,"Height":2.028363,"Demand":1.0,"DemandMax":null,"Value":7.008174689307},{"Length":3.393274,"Height":2.064798,"Demand":1.0,"DemandMax":null,"Value":7.0064253686520006},{"Length":3.426074,"Height":2.044614,"Demand":1.0,"DemandMax":null,"Value":7.004998865436},{"Length":1.354522,"Height":5.170851,"Demand":1.0,"DemandMax":null,"Value":7.0040314382219995},{"Length":1.406827,"Height":4.978291,"Demand":1.0,"DemandMax":null,"Value":7.0035941926569993},{"Length":1.403732,"Height":4.978291,"Demand":1.0,"DemandMax":null,"Value":6.988186382012},{"Length":3.049971,"Height":2.291191,"Demand":1.0,"DemandMax":null,"Value":6.9880661054610007},{"Length":4.55339,"Height":1.533996,"Demand":1.0,"DemandMax":null,"Value":6.98488204644},{"Length":3.046927,"Height":2.291441,"Demand":1.0,"DemandMax":null,"Value":6.981853451807},{"Length":2.752934,"Height":2.535532,"Demand":1.0,"DemandMax":null,"Value":6.9801522508880005},{"Length":2.847626,"Height":2.443027,"Demand":1.0,"DemandMax":null,"Value":6.956827203902},{"Length":2.985116,"Height":2.321528,"Demand":1.0,"DemandMax":null,"Value":6.9300303772479994},{"Length":2.620344,"Height":2.63157,"Demand":1.0,"DemandMax":null,"Value":6.8956186600799994},{"Length":1.627243,"Height":4.228995,"Demand":1.0,"DemandMax":null,"Value":6.881602510785},{"Length":2.458193,"Height":2.796535,"Demand":1.0,"DemandMax":null,"Value":6.874422761255},{"Length":1.885215,"Height":3.642353,"Demand":1.0,"DemandMax":null,"Value":6.866618510895},{"Length":1.327716,"Height":5.170851,"Demand":1.0,"DemandMax":null,"Value":6.865421606316},{"Length":2.568711,"Height":2.663547,"Demand":1.0,"DemandMax":null,"Value":6.8418824779169993},{"Length":5.213895,"Height":1.311951,"Demand":1.0,"DemandMax":null,"Value":6.8403747591450008},{"Length":1.817078,"Height":3.758819,"Demand":1.0,"DemandMax":null,"Value":6.830067310882},{"Length":2.926406,"Height":2.329048,"Demand":1.0,"DemandMax":null,"Value":6.815740041488},{"Length":1.384643,"Height":4.910147,"Demand":1.0,"DemandMax":null,"Value":6.7988006725210006},{"Length":3.079263,"Height":2.20692,"Demand":1.0,"DemandMax":null,"Value":6.7956870999600012},{"Length":1.924679,"Height":3.5257,"Demand":1.0,"DemandMax":null,"Value":6.7858407503},{"Length":1.815631,"Height":3.713823,"Demand":1.0,"DemandMax":null,"Value":6.7429321673130005},{"Length":1.365145,"Height":4.91432,"Demand":1.0,"DemandMax":null,"Value":6.7087593764000006},{"Length":2.661178,"Height":2.518036,"Demand":1.0,"DemandMax":null,"Value":6.700942006408},{"Length":4.667408,"Height":1.424888,"Demand":1.0,"DemandMax":null,"Value":6.6505336503039993},{"Length":1.569344,"Height":4.228995,"Demand":1.0,"DemandMax":null,"Value":6.6367479292800011},{"Length":2.135188,"Height":3.107166,"Demand":1.0,"DemandMax":null,"Value":6.6343835572079994},{"Length":2.665359,"Height":2.489062,"Demand":1.0,"DemandMax":null,"Value":6.634243803258},{"Length":3.663542,"Height":1.809986,"Demand":1.0,"DemandMax":null,"Value":6.630959730412},{"Length":2.181468,"Height":3.034768,"Demand":1.0,"DemandMax":null,"Value":6.6202492794240007},{"Length":3.013686,"Height":2.187109,"Demand":1.0,"DemandMax":null,"Value":6.5912597737739995},{"Length":2.458193,"Height":2.678319,"Demand":1.0,"DemandMax":null,"Value":6.583825017567},{"Length":1.924679,"Height":3.418499,"Demand":1.0,"DemandMax":null,"Value":6.5795132368210005},{"Length":2.181468,"Height":3.014313,"Demand":1.0,"DemandMax":null,"Value":6.5756273514840009},{"Length":1.887136,"Height":3.472887,"Demand":1.0,"DemandMax":null,"Value":6.553810081632},{"Length":2.978229,"Height":2.196177,"Demand":1.0,"DemandMax":null,"Value":6.5407180305329993},{"Length":2.671441,"Height":2.443027,"Demand":1.0,"DemandMax":null,"Value":6.526402491907},{"Length":2.119097,"Height":3.079129,"Demand":1.0,"DemandMax":null,"Value":6.524973026513},{"Length":2.879979,"Height":2.264084,"Demand":1.0,"DemandMax":null,"Value":6.520514374236},{"Length":1.961805,"Height":3.320668,"Demand":1.0,"DemandMax":null,"Value":6.51450308574},{"Length":1.905743,"Height":3.417192,"Demand":1.0,"DemandMax":null,"Value":6.512289733656},{"Length":1.482831,"Height":4.391059,"Demand":1.0,"DemandMax":null,"Value":6.511198408029},{"Length":1.278571,"Height":5.083078,"Demand":1.0,"DemandMax":null,"Value":6.499076121538},{"Length":1.885215,"Height":3.446437,"Demand":1.0,"DemandMax":null,"Value":6.497274728955},{"Length":2.511339,"Height":2.571945,"Demand":1.0,"DemandMax":null,"Value":6.459025784355},{"Length":2.815226,"Height":2.288874,"Demand":1.0,"DemandMax":null,"Value":6.4436975955239992},{"Length":1.993207,"Height":3.228961,"Demand":1.0,"DemandMax":null,"Value":6.435987667927},{"Length":4.55339,"Height":1.405453,"Demand":1.0,"DemandMax":null,"Value":6.3995756356700007},{"Length":1.350273,"Height":4.730258,"Demand":1.0,"DemandMax":null,"Value":6.387139660434},{"Length":2.264159,"Height":2.817529,"Demand":1.0,"DemandMax":null,"Value":6.379333643110999},{"Length":2.862471,"Height":2.226557,"Demand":1.0,"DemandMax":null,"Value":6.3734548423470008},{"Length":1.863182,"Height":3.417192,"Demand":1.0,"DemandMax":null,"Value":6.366850624944},{"Length":3.299177,"Height":1.922945,"Demand":1.0,"DemandMax":null,"Value":6.3441359162649995},{"Length":3.014347,"Height":2.100009,"Demand":1.0,"DemandMax":null,"Value":6.330155829123},{"Length":2.034898,"Height":3.107031,"Demand":1.0,"DemandMax":null,"Value":6.3224911678380007},{"Length":2.511339,"Height":2.512828,"Demand":1.0,"DemandMax":null,"Value":6.3105629566919994},{"Length":3.551005,"Height":1.774877,"Demand":1.0,"DemandMax":null,"Value":6.302597101385},{"Length":2.862471,"Height":2.199998,"Demand":1.0,"DemandMax":null,"Value":6.297430475058},{"Length":2.332473,"Height":2.694953,"Demand":1.0,"DemandMax":null,"Value":6.285905108769},{"Length":1.278156,"Height":4.910147,"Demand":1.0,"DemandMax":null,"Value":6.2759338489320005},{"Length":2.344288,"Height":2.675316,"Demand":1.0,"DemandMax":null,"Value":6.2717111950080007},{"Length":2.403121,"Height":2.604999,"Demand":1.0,"DemandMax":null,"Value":6.2601278018789994},{"Length":1.939798,"Height":3.20475,"Demand":1.0,"DemandMax":null,"Value":6.2165676405},{"Length":4.740705,"Height":1.310559,"Demand":1.0,"DemandMax":null,"Value":6.2129736040950005},{"Length":1.736156,"Height":3.57191,"Demand":1.0,"DemandMax":null,"Value":6.20139297796},{"Length":2.806908,"Height":2.199984,"Demand":1.0,"DemandMax":null,"Value":6.175152689472},{"Length":3.510561,"Height":1.757495,"Demand":1.0,"DemandMax":null,"Value":6.1697934046950005},{"Length":1.32059,"Height":4.668879,"Demand":1.0,"DemandMax":null,"Value":6.1656749186099988},{"Length":1.721749,"Height":3.57191,"Demand":1.0,"DemandMax":null,"Value":6.14993247059},{"Length":2.142071,"Height":2.868505,"Demand":1.0,"DemandMax":null,"Value":6.144541373855},{"Length":1.60739,"Height":3.820933,"Demand":1.0,"DemandMax":null,"Value":6.1417294948700007},{"Length":2.785091,"Height":2.199984,"Demand":1.0,"DemandMax":null,"Value":6.127155638544},{"Length":2.133182,"Height":2.868505,"Demand":1.0,"DemandMax":null,"Value":6.11904323291},{"Length":2.627202,"Height":2.329048,"Demand":1.0,"DemandMax":null,"Value":6.118879563696},{"Length":2.209575,"Height":2.769101,"Demand":1.0,"DemandMax":null,"Value":6.118536342075},{"Length":2.684127,"Height":2.264084,"Demand":1.0,"DemandMax":null,"Value":6.077088994668},{"Length":1.845477,"Height":3.29213,"Demand":1.0,"DemandMax":null,"Value":6.07555019601},{"Length":1.471482,"Height":4.127632,"Demand":1.0,"DemandMax":null,"Value":6.073736190624},{"Length":1.413456,"Height":4.283501,"Demand":1.0,"DemandMax":null,"Value":6.0545401894560005},{"Length":4.740705,"Height":1.276447,"Demand":1.0,"DemandMax":null,"Value":6.051258675135001},{"Length":3.329441,"Height":1.816593,"Demand":1.0,"DemandMax":null,"Value":6.048239214513},{"Length":1.817078,"Height":3.327467,"Demand":1.0,"DemandMax":null,"Value":6.046267081426},{"Length":2.636874,"Height":2.288874,"Demand":1.0,"DemandMax":null,"Value":6.035472339876},{"Length":1.27536,"Height":4.730258,"Demand":1.0,"DemandMax":null,"Value":6.03278184288},{"Length":1.290465,"Height":4.668879,"Demand":1.0,"DemandMax":null,"Value":6.0250249387349992},{"Length":1.939798,"Height":3.105177,"Demand":1.0,"DemandMax":null,"Value":6.0234161342459993},{"Length":1.961805,"Height":3.070132,"Demand":1.0,"DemandMax":null,"Value":6.02300030826},{"Length":2.821545,"Height":2.132702,"Demand":1.0,"DemandMax":null,"Value":6.01751466459},{"Length":1.602837,"Height":3.739846,"Demand":1.0,"DemandMax":null,"Value":5.9943635431020006},{"Length":2.859965,"Height":2.092317,"Demand":1.0,"DemandMax":null,"Value":5.9839533889049994},{"Length":1.565695,"Height":3.820933,"Demand":1.0,"DemandMax":null,"Value":5.9824156934350006},{"Length":2.978229,"Height":2.007002,"Demand":1.0,"DemandMax":null,"Value":5.9773115594579993},{"Length":4.278949,"Height":1.395565,"Demand":1.0,"DemandMax":null,"Value":5.9715514611849994},{"Length":4.55339,"Height":1.311432,"Demand":1.0,"DemandMax":null,"Value":5.97146135448},{"Length":1.534542,"Height":3.891078,"Demand":1.0,"DemandMax":null,"Value":5.971022616276},{"Length":1.745457,"Height":3.408381,"Demand":1.0,"DemandMax":null,"Value":5.9491824751169995},{"Length":1.386894,"Height":4.283501,"Demand":1.0,"DemandMax":null,"Value":5.940761835894},{"Length":1.990056,"Height":2.984258,"Demand":1.0,"DemandMax":null,"Value":5.938840538448},{"Length":2.209575,"Height":2.687441,"Demand":1.0,"DemandMax":null,"Value":5.9381024475750008},{"Length":2.289875,"Height":2.578837,"Demand":1.0,"DemandMax":null,"Value":5.9052143753749995},{"Length":1.741094,"Height":3.387109,"Demand":1.0,"DemandMax":null,"Value":5.897275157246},{"Length":1.583198,"Height":3.724698,"Demand":1.0,"DemandMax":null,"Value":5.8969344242040007},{"Length":4.278949,"Height":1.377547,"Demand":1.0,"DemandMax":null,"Value":5.894453358103},{"Length":3.935237,"Height":1.497487,"Demand":1.0,"DemandMax":null,"Value":5.892966249419},{"Length":3.329441,"Height":1.763528,"Demand":1.0,"DemandMax":null,"Value":5.8715624278480005},{"Length":2.884571,"Height":2.035346,"Demand":1.0,"DemandMax":null,"Value":5.871100046566001},{"Length":1.544497,"Height":3.79429,"Demand":1.0,"DemandMax":null,"Value":5.86026952213},{"Length":1.884475,"Height":3.107166,"Demand":1.0,"DemandMax":null,"Value":5.8553766478499991},{"Length":2.32154,"Height":2.518036,"Demand":1.0,"DemandMax":null,"Value":5.8457212954400006},{"Length":2.349887,"Height":2.485904,"Demand":1.0,"DemandMax":null,"Value":5.841593492848},{"Length":3.313582,"Height":1.757495,"Demand":1.0,"DemandMax":null,"Value":5.82360379709},{"Length":3.44865,"Height":1.682016,"Demand":1.0,"DemandMax":null,"Value":5.8006844784},{"Length":1.556805,"Height":3.724698,"Demand":1.0,"DemandMax":null,"Value":5.79862846989},{"Length":2.176535,"Height":2.647839,"Demand":1.0,"DemandMax":null,"Value":5.7631142578649994},{"Length":3.299177,"Height":1.744289,"Demand":1.0,"DemandMax":null,"Value":5.754718150153},{"Length":3.44865,"Height":1.667643,"Demand":1.0,"DemandMax":null,"Value":5.7511170319500007},{"Length":2.998207,"Height":1.917384,"Demand":1.0,"DemandMax":null,"Value":5.748714130488},{"Length":3.551005,"Height":1.612667,"Demand":1.0,"DemandMax":null,"Value":5.726588580335},{"Length":1.707692,"Height":3.349659,"Demand":1.0,"DemandMax":null,"Value":5.720185877028},{"Length":2.176535,"Height":2.622614,"Demand":1.0,"DemandMax":null,"Value":5.70821116249},{"Length":2.289875,"Height":2.491693,"Demand":1.0,"DemandMax":null,"Value":5.705665508375},{"Length":2.288604,"Height":2.489867,"Demand":1.0,"DemandMax":null,"Value":5.6983195756679992},{"Length":3.670562,"Height":1.551871,"Demand":1.0,"DemandMax":null,"Value":5.696238721502},{"Length":1.680935,"Height":3.387109,"Demand":1.0,"DemandMax":null,"Value":5.6935100669150005},{"Length":2.372258,"Height":2.398314,"Demand":1.0,"DemandMax":null,"Value":5.6894195730120005},{"Length":1.255473,"Height":4.516776,"Demand":1.0,"DemandMax":null,"Value":5.6706903150480006},{"Length":1.757432,"Height":3.224824,"Demand":1.0,"DemandMax":null,"Value":5.667408891968},{"Length":1.511257,"Height":3.739846,"Demand":1.0,"DemandMax":null,"Value":5.651868446422},{"Length":2.578313,"Height":2.187109,"Demand":1.0,"DemandMax":null,"Value":5.639051567117},{"Length":2.372258,"Height":2.375314,"Demand":1.0,"DemandMax":null,"Value":5.634857639012},{"Length":3.670562,"Height":1.534882,"Demand":1.0,"DemandMax":null,"Value":5.633879543684},{"Length":2.288604,"Height":2.457595,"Demand":1.0,"DemandMax":null,"Value":5.62446174738},{"Length":1.757432,"Height":3.199238,"Demand":1.0,"DemandMax":null,"Value":5.622443236816},{"Length":2.249308,"Height":2.485904,"Demand":1.0,"DemandMax":null,"Value":5.591563754432},{"Length":2.915431,"Height":1.917384,"Demand":1.0,"DemandMax":null,"Value":5.5900007525039994},{"Length":1.664024,"Height":3.349659,"Demand":1.0,"DemandMax":null,"Value":5.573912967816},{"Length":2.395268,"Height":2.321528,"Demand":1.0,"DemandMax":null,"Value":5.560681729504}]}