{"Name":"Nice45_100","Objects":[{"Length":100.0,"Height":100.0,"Stock":null,"Cost":10000.0}],"Items":[{"Length":19.17275,"Height":17.03119,"Demand":1.0,"DemandMax":null,"Value":326.5347480725},{"Length":34.39445,"Height":8.715138,"Demand":1.0,"DemandMax":null,"Value":299.7523781841},{"Length":19.597,"Height":11.77167,"Demand":1.0,"DemandMax":null,"Value":230.68941699},{"Length":14.69986,"Height":13.30176,"Demand":1.0,"DemandMax":null,"Value":195.53400975359998},{"Length":14.77069,"Height":13.17687,"Demand":1.0,"DemandMax":null,"Value":194.6314619403},{"Length":27.53297,"Height":6.928403,"Demand":1.0,"DemandMax":null,"Value":190.75951194691},{"Length":14.77069,"Height":11.84354,"Demand":1.0,"DemandMax":null,"Value":174.93725784260002},{"Length":6.734755,"Height":25.07342,"Demand":1.0,"DemandMax":null,"Value":168.86334071209998},{"Length":13.43056,"Height":12.52141,"Demand":1.0,"DemandMax":null,"Value":168.1695482896},{"Length":21.59184,"Height":7.65496,"Demand":1.0,"DemandMax":null,"Value":165.28467152640002},{"Length":16.562,"Height":9.713301,"Demand":1.0,"DemandMax":null,"Value":160.871691162},{"Length":14.77224,"Height":10.77437,"Demand":1.0,"DemandMax":null,"Value":159.1615794888},{"Length":11.01345,"Height":13.96508,"Demand":1.0,"DemandMax":null,"Value":153.80371032600002},{"Length":10.73633,"Height":13.30176,"Demand":1.0,"DemandMax":null,"Value":142.81208494080002},{"Length":11.03145,"Height":12.49901,"Demand":1.0,"DemandMax":null,"Value":137.88220386449999},{"Length":9.632092,"Height":14.29905,"Demand":1.0,"DemandMax":null,"Value":137.7297651126},{"Length":14.19446,"Height":9.626215,"Demand":1.0,"DemandMax":null,"Value":136.63892376889999},{"Length":18.81126,"Height":7.241624,"Demand":1.0,"DemandMax":null,"Value":136.22407188624},{"Length":12.57187,"Height":10.77437,"Demand":1.0,"DemandMax":null,"Value":135.4539789719},{"Length":7.68261,"Height":17.37738,"Demand":1.0,"DemandMax":null,"Value":133.50363336179998},{"Length":10.65432,"Height":12.52141,"Demand":1.0,"DemandMax":null,"Value":133.4071089912},{"Length":7.017415,"Height":18.5637,"Demand":1.0,"DemandMax":null,"Value":130.2691868355},{"Length":14.41087,"Height":8.858178,"Demand":1.0,"DemandMax":null,"Value":127.65405159486001},{"Length":21.45621,"Height":5.940776,"Demand":1.0,"DemandMax":null,"Value":127.46653741895999},{"Length":17.27547,"Height":7.330906,"Demand":1.0,"DemandMax":null,"Value":126.64484667581998},{"Length":6.774462,"Height":18.5637,"Demand":1.0,"DemandMax":null,"Value":125.7590802294},{"Length":9.676273,"Height":12.49373,"Demand":1.0,"DemandMax":null,"Value":120.89274226829},{"Length":6.030308,"Height":20.0347,"Demand":1.0,"DemandMax":null,"Value":120.8154116876},{"Length":9.678042,"Height":12.26261,"Demand":1.0,"DemandMax":null,"Value":118.67805460962},{"Length":5.885254,"Height":20.0347,"Demand":1.0,"DemandMax":null,"Value":117.9092983138},{"Length":17.27547,"Height":6.49087,"Demand":1.0,"DemandMax":null,"Value":112.13282995889999},{"Length":7.826257,"Height":13.96508,"Demand":1.0,"DemandMax":null,"Value":109.29430510556},{"Length":7.808159,"Height":13.96508,"Demand":1.0,"DemandMax":null,"Value":109.04156508772},{"Length":8.573521,"Height":12.49901,"Demand":1.0,"DemandMax":null,"Value":107.16052471421},{"Length":5.613403,"Height":18.5637,"Demand":1.0,"DemandMax":null,"Value":104.2055292711},{"Length":11.86337,"Height":8.662242,"Demand":1.0,"DemandMax":null,"Value":102.76338187554},{"Length":14.00656,"Height":6.937876,"Demand":1.0,"DemandMax":null,"Value":97.175776466560009},{"Length":8.759666,"Height":11.06178,"Demand":1.0,"DemandMax":null,"Value":96.89749816548},{"Length":7.739738,"Height":12.38182,"Demand":1.0,"DemandMax":null,"Value":95.83204276315999},{"Length":11.03356,"Height":8.683863,"Demand":1.0,"DemandMax":null,"Value":95.81392344228},{"Length":13.86484,"Height":6.888847,"Demand":1.0,"DemandMax":null,"Value":95.51276143948},{"Length":13.52641,"Height":6.937876,"Demand":1.0,"DemandMax":null,"Value":93.84455530516},{"Length":11.65262,"Height":7.989224,"Demand":1.0,"DemandMax":null,"Value":93.095391366880008},{"Length":6.517971,"Height":14.16565,"Demand":1.0,"DemandMax":null,"Value":92.33129589615},{"Length":11.03356,"Height":8.085067,"Demand":1.0,"DemandMax":null,"Value":89.20707184852},{"Length":6.504519,"Height":13.39934,"Demand":1.0,"DemandMax":null,"Value":87.15626161746},{"Length":13.24774,"Height":6.524029,"Demand":1.0,"DemandMax":null,"Value":86.42863994446},{"Length":9.822632,"Height":8.662242,"Demand":1.0,"DemandMax":null,"Value":85.086015460944012},{"Length":8.79814,"Height":9.509909,"Demand":1.0,"DemandMax":null,"Value":83.66951076926},{"Length":7.745864,"Height":10.77437,"Demand":1.0,"DemandMax":null,"Value":83.45680470568},{"Length":11.19536,"Height":7.360982,"Demand":1.0,"DemandMax":null,"Value":82.40884344352},{"Length":17.27547,"Height":4.741926,"Demand":1.0,"DemandMax":null,"Value":81.919000355219993},{"Length":11.41153,"Height":7.172709,"Demand":1.0,"DemandMax":null,"Value":81.85158393477},{"Length":11.41153,"Height":7.126339,"Demand":1.0,"DemandMax":null,"Value":81.32243128867},{"Length":13.24774,"Height":5.974981,"Demand":1.0,"DemandMax":null,"Value":79.15499479294},{"Length":10.9545,"Height":7.057424,"Demand":1.0,"DemandMax":null,"Value":77.310551207999993},{"Length":9.678042,"Height":7.82204,"Demand":1.0,"DemandMax":null,"Value":75.70203164568},{"Length":6.504519,"Height":11.62108,"Demand":1.0,"DemandMax":null,"Value":75.58953566052},{"Length":10.26085,"Height":7.360982,"Demand":1.0,"DemandMax":null,"Value":75.529932154699992},{"Length":10.9039,"Height":6.915882,"Demand":1.0,"DemandMax":null,"Value":75.4100857398},{"Length":7.739738,"Height":9.684965,"Demand":1.0,"DemandMax":null,"Value":74.95909163917},{"Length":14.78393,"Height":5.05887,"Demand":1.0,"DemandMax":null,"Value":74.7899799591},{"Length":11.45749,"Height":6.483095,"Demand":1.0,"DemandMax":null,"Value":74.279996131549993},{"Length":5.540112,"Height":13.35832,"Demand":1.0,"DemandMax":null,"Value":74.00658893184},{"Length":10.38715,"Height":7.084252,"Demand":1.0,"DemandMax":null,"Value":73.5851881618},{"Length":15.46378,"Height":4.74092,"Demand":1.0,"DemandMax":null,"Value":73.3125438776},{"Length":9.676273,"Height":7.540971,"Demand":1.0,"DemandMax":null,"Value":72.968494081083},{"Length":14.19446,"Height":5.10838,"Demand":1.0,"DemandMax":null,"Value":72.5106955748},{"Length":6.517971,"Height":10.90778,"Demand":1.0,"DemandMax":null,"Value":71.09659371438},{"Length":16.562,"Height":4.251777,"Demand":1.0,"DemandMax":null,"Value":70.417930674},{"Length":5.97954,"Height":11.77167,"Demand":1.0,"DemandMax":null,"Value":70.3891716318},{"Length":10.9039,"Height":6.442441,"Demand":1.0,"DemandMax":null,"Value":70.2477324199},{"Length":9.818966,"Height":7.084252,"Demand":1.0,"DemandMax":null,"Value":69.560029523432},{"Length":5.563803,"Height":12.49901,"Demand":1.0,"DemandMax":null,"Value":69.542029335030008},{"Length":8.79814,"Height":7.867472,"Demand":1.0,"DemandMax":null,"Value":69.21912010208},{"Length":11.45749,"Height":6.015915,"Demand":1.0,"DemandMax":null,"Value":68.92728595335},{"Length":5.503721,"Height":12.52141,"Demand":1.0,"DemandMax":null,"Value":68.914347166609986},{"Length":5.852073,"Height":11.77167,"Demand":1.0,"DemandMax":null,"Value":68.88867217191},{"Length":5.501462,"Height":12.52141,"Demand":1.0,"DemandMax":null,"Value":68.88606130142},{"Length":5.147823,"Height":13.35832,"Demand":1.0,"DemandMax":null,"Value":68.76626693736},{"Length":7.180966,"Height":8.858178,"Demand":1.0,"DemandMax":null,"Value":63.610275039948},{"Length":7.520134,"Height":7.989224,"Demand":1.0,"DemandMax":null,"Value":60.080035036016},{"Length":12.70845,"Height":4.70332,"Demand":1.0,"DemandMax":null,"Value":59.771907053999989},{"Length":7.665337,"Height":7.695131,"Demand":1.0,"DemandMax":null,"Value":58.985772374147},{"Length":11.03356,"Height":5.297853,"Demand":1.0,"DemandMax":null,"Value":58.454178946679995},{"Length":8.240342,"Height":7.030746,"Demand":1.0,"DemandMax":null,"Value":57.935751555132},{"Length":7.507813,"Height":7.462538,"Demand":1.0,"DemandMax":null,"Value":56.027339809394},{"Length":7.856755,"Height":7.057424,"Demand":1.0,"DemandMax":null,"Value":55.44845129912},{"Length":14.19446,"Height":3.829106,"Demand":1.0,"DemandMax":null,"Value":54.35209195276},{"Length":7.276112,"Height":7.462538,"Demand":1.0,"DemandMax":null,"Value":54.298262292256005},{"Length":7.326848,"Height":7.084252,"Demand":1.0,"DemandMax":null,"Value":51.905237597696},{"Length":4.764907,"Height":10.77437,"Demand":1.0,"DemandMax":null,"Value":51.338871033589996},{"Length":7.223438,"Height":7.030746,"Demand":1.0,"DemandMax":null,"Value":50.786157824747995},{"Length":12.70845,"Height":3.958922,"Demand":1.0,"DemandMax":null,"Value":50.311762290899992},{"Length":8.759666,"Height":5.530007,"Demand":1.0,"DemandMax":null,"Value":48.441014297662},{"Length":7.665337,"Height":6.269946,"Demand":1.0,"DemandMax":null,"Value":48.061249061802},{"Length":8.759666,"Height":5.47499,"Demand":1.0,"DemandMax":null,"Value":47.959083753339996},{"Length":9.678042,"Height":4.935765,"Demand":1.0,"DemandMax":null,"Value":47.76854097213},{"Length":13.66813,"Height":3.462547,"Demand":1.0,"DemandMax":null,"Value":47.326542527109993},{"Length":13.66813,"Height":3.4263,"Demand":1.0,"DemandMax":null,"Value":46.831113818999995}]}