{"Name":"Path24_200","Objects":[{"Length":100.0,"Height":100.0,"Stock":null,"Cost":10000.0}],"Items":[{"Length":33.79131,"Height":42.7136,"Demand":1.0,"DemandMax":null,"Value":1443.348498816},{"Length":12.37357,"Height":25.51849,"Demand":1.0,"DemandMax":null,"Value":315.75482230930004},{"Length":33.79131,"Height":9.133451,"Demand":1.0,"DemandMax":null,"Value":308.63127411081007},{"Length":21.66607,"Height":12.94277,"Demand":1.0,"DemandMax":null,"Value":280.4189608139},{"Length":26.26679,"Height":9.833238,"Demand":1.0,"DemandMax":null,"Value":258.28759756602},{"Length":18.99907,"Height":11.28168,"Demand":1.0,"DemandMax":null,"Value":214.3414280376},{"Length":4.384602,"Height":43.28425,"Demand":1.0,"DemandMax":null,"Value":189.7842091185},{"Length":11.35882,"Height":16.12111,"Demand":1.0,"DemandMax":null,"Value":183.1167866902},{"Length":12.38712,"Height":14.22563,"Demand":1.0,"DemandMax":null,"Value":176.2145858856},{"Length":33.79131,"Height":5.043616,"Demand":1.0,"DemandMax":null,"Value":170.43039177696002},{"Length":6.462986,"Height":25.38872,"Demand":1.0,"DemandMax":null,"Value":164.08694191792},{"Length":9.965642,"Height":16.3136,"Demand":1.0,"DemandMax":null,"Value":162.5754973312},{"Length":11.89524,"Height":12.96933,"Demand":1.0,"DemandMax":null,"Value":154.27329298919997},{"Length":11.54514,"Height":12.96933,"Demand":1.0,"DemandMax":null,"Value":149.73273055619998},{"Length":9.567245,"Height":15.48813,"Demand":1.0,"DemandMax":null,"Value":148.17873430185},{"Length":8.184,"Height":17.89553,"Demand":1.0,"DemandMax":null,"Value":146.45701752},{"Length":24.80959,"Height":5.61211,"Demand":1.0,"DemandMax":null,"Value":139.2341481349},{"Length":7.369559,"Height":16.7329,"Demand":1.0,"DemandMax":null,"Value":123.3140937911},{"Length":24.79057,"Height":4.022201,"Demand":1.0,"DemandMax":null,"Value":99.71265544456999},{"Length":21.8127,"Height":4.06201,"Demand":1.0,"DemandMax":null,"Value":88.603405526999992},{"Length":18.34609,"Height":4.572402,"Demand":1.0,"DemandMax":null,"Value":83.885698608180007},{"Length":4.830706,"Height":16.37695,"Demand":1.0,"DemandMax":null,"Value":79.112230626700011},{"Length":42.04386,"Height":1.805247,"Demand":1.0,"DemandMax":null,"Value":75.89955213342},{"Length":5.623504,"Height":13.24607,"Demand":1.0,"DemandMax":null,"Value":74.48932762928},{"Length":17.18417,"Height":4.27973,"Demand":1.0,"DemandMax":null,"Value":73.5436078741},{"Length":3.864004,"Height":18.33773,"Demand":1.0,"DemandMax":null,"Value":70.857062070920009},{"Length":4.220095,"Height":16.37695,"Demand":1.0,"DemandMax":null,"Value":69.11228481025},{"Length":8.553349,"Height":7.921808,"Demand":1.0,"DemandMax":null,"Value":67.757988534992009},{"Length":34.85531,"Height":1.867683,"Demand":1.0,"DemandMax":null,"Value":65.09866994673},{"Length":15.82375,"Height":4.06201,"Demand":1.0,"DemandMax":null,"Value":64.2762307375},{"Length":33.31764,"Height":1.867683,"Demand":1.0,"DemandMax":null,"Value":62.22678982812},{"Length":33.79131,"Height":1.80071,"Demand":1.0,"DemandMax":null,"Value":60.848349830100005},{"Length":4.342138,"Height":13.72875,"Demand":1.0,"DemandMax":null,"Value":59.612127067500005},{"Length":31.82704,"Height":1.867683,"Demand":1.0,"DemandMax":null,"Value":59.44282154832},{"Length":1.702073,"Height":34.09124,"Demand":1.0,"DemandMax":null,"Value":58.025779140519994},{"Length":4.342138,"Height":13.2419,"Demand":1.0,"DemandMax":null,"Value":57.4981571822},{"Length":13.86713,"Height":4.078207,"Demand":1.0,"DemandMax":null,"Value":56.553026635909994},{"Length":12.38712,"Height":4.377482,"Demand":1.0,"DemandMax":null,"Value":54.224394831839994},{"Length":6.586523,"Height":8.199305,"Demand":1.0,"DemandMax":null,"Value":54.004910966515006},{"Length":5.738429,"Height":9.156363,"Demand":1.0,"DemandMax":null,"Value":52.543138973727004},{"Length":10.29765,"Height":4.768188,"Demand":1.0,"DemandMax":null,"Value":49.101131158200005},{"Length":62.9161,"Height":0.7132165,"Demand":1.0,"DemandMax":null,"Value":44.87280063565},{"Length":19.3116,"Height":2.298171,"Demand":1.0,"DemandMax":null,"Value":44.381359083599996},{"Length":2.375776,"Height":18.33773,"Demand":1.0,"DemandMax":null,"Value":43.566338828480006},{"Length":8.711246,"Height":4.97304,"Demand":1.0,"DemandMax":null,"Value":43.321374807839995},{"Length":37.0839,"Height":1.155674,"Demand":1.0,"DemandMax":null,"Value":42.856899048600006},{"Length":37.0839,"Height":1.132348,"Demand":1.0,"DemandMax":null,"Value":41.991879997199995},{"Length":5.623504,"Height":7.410527,"Demand":1.0,"DemandMax":null,"Value":41.673128226608},{"Length":1.143746,"Height":36.07526,"Demand":1.0,"DemandMax":null,"Value":41.26093432396},{"Length":24.79057,"Height":1.626604,"Demand":1.0,"DemandMax":null,"Value":40.32444032428},{"Length":6.39644,"Height":5.998144,"Demand":1.0,"DemandMax":null,"Value":38.36676820736},{"Length":2.079714,"Height":18.33773,"Demand":1.0,"DemandMax":null,"Value":38.13723380922},{"Length":6.463493,"Height":5.816337,"Demand":1.0,"DemandMax":null,"Value":37.593853485141},{"Length":2.057639,"Height":17.61795,"Demand":1.0,"DemandMax":null,"Value":36.25138102005},{"Length":19.4485,"Height":1.838862,"Demand":1.0,"DemandMax":null,"Value":35.763107607},{"Length":12.07919,"Height":2.896006,"Demand":1.0,"DemandMax":null,"Value":34.98140671514},{"Length":1.451913,"Height":23.85479,"Demand":1.0,"DemandMax":null,"Value":34.63507971327},{"Length":21.66607,"Height":1.592892,"Demand":1.0,"DemandMax":null,"Value":34.511709574440005},{"Length":1.376195,"Height":24.00198,"Demand":1.0,"DemandMax":null,"Value":33.031404866100004},{"Length":26.81212,"Height":1.210212,"Demand":1.0,"DemandMax":null,"Value":32.44834936944},{"Length":0.9379464,"Height":34.09124,"Demand":1.0,"DemandMax":null,"Value":31.975755829536},{"Length":3.168102,"Height":10.00388,"Demand":1.0,"DemandMax":null,"Value":31.693312235760004},{"Length":8.319493,"Height":3.777829,"Demand":1.0,"DemandMax":null,"Value":31.429621920697},{"Length":2.494355,"Height":12.56073,"Demand":1.0,"DemandMax":null,"Value":31.33091967915},{"Length":1.290353,"Height":24.00198,"Demand":1.0,"DemandMax":null,"Value":30.97102689894},{"Length":1.597539,"Height":19.27296,"Demand":1.0,"DemandMax":null,"Value":30.78930524544},{"Length":7.262615,"Height":4.214153,"Demand":1.0,"DemandMax":null,"Value":30.605770790094997},{"Length":8.747725,"Height":3.497262,"Demand":1.0,"DemandMax":null,"Value":30.593086228950003},{"Length":1.212479,"Height":24.00198,"Demand":1.0,"DemandMax":null,"Value":29.10189670842},{"Length":1.212134,"Height":24.00198,"Demand":1.0,"DemandMax":null,"Value":29.09361602532},{"Length":33.79131,"Height":0.8565995,"Demand":1.0,"DemandMax":null,"Value":28.945619250345},{"Length":2.494355,"Height":11.44125,"Demand":1.0,"DemandMax":null,"Value":28.53853914375},{"Length":1.178632,"Height":24.00198,"Demand":1.0,"DemandMax":null,"Value":28.289501691359998},{"Length":1.753903,"Height":16.12111,"Demand":1.0,"DemandMax":null,"Value":28.274863192330002},{"Length":33.79131,"Height":0.8353832,"Demand":1.0,"DemandMax":null,"Value":28.228692679992},{"Length":1.166006,"Height":24.00198,"Demand":1.0,"DemandMax":null,"Value":27.98645269188},{"Length":6.604512,"Height":4.214153,"Demand":1.0,"DemandMax":null,"Value":27.832424058335995},{"Length":33.79131,"Height":0.8182176,"Demand":1.0,"DemandMax":null,"Value":27.648644569056003},{"Length":0.7594557,"Height":36.07526,"Demand":1.0,"DemandMax":null,"Value":27.397561835982},{"Length":4.027373,"Height":6.781069,"Demand":1.0,"DemandMax":null,"Value":27.309894201737},{"Length":9.467632,"Height":2.880021,"Demand":1.0,"DemandMax":null,"Value":27.266978980272},{"Length":4.03322,"Height":6.716402,"Demand":1.0,"DemandMax":null,"Value":27.088726874440002},{"Length":9.388468,"Height":2.857968,"Demand":1.0,"DemandMax":null,"Value":26.831941113023998},{"Length":21.6537,"Height":1.236224,"Demand":1.0,"DemandMax":null,"Value":26.7688236288},{"Length":1.721014,"Height":15.30829,"Demand":1.0,"DemandMax":null,"Value":26.34578140606},{"Length":33.79131,"Height":0.7774565,"Demand":1.0,"DemandMax":null,"Value":26.271273603015},{"Length":3.745941,"Height":6.975269,"Demand":1.0,"DemandMax":null,"Value":26.128946133129002},{"Length":3.124493,"Height":8.34512,"Demand":1.0,"DemandMax":null,"Value":26.07426902416},{"Length":1.080401,"Height":24.00198,"Demand":1.0,"DemandMax":null,"Value":25.931763193979997},{"Length":2.282643,"Height":11.28168,"Demand":1.0,"DemandMax":null,"Value":25.752047880240003},{"Length":5.155881,"Height":4.97304,"Demand":1.0,"DemandMax":null,"Value":25.64040244824},{"Length":2.553358,"Height":10.00388,"Demand":1.0,"DemandMax":null,"Value":25.543487029039998},{"Length":1.648747,"Height":15.48813,"Demand":1.0,"DemandMax":null,"Value":25.536007873109998},{"Length":4.256176,"Height":5.998144,"Demand":1.0,"DemandMax":null,"Value":25.529156537344},{"Length":19.4485,"Height":1.29994,"Demand":1.0,"DemandMax":null,"Value":25.28188309},{"Length":33.79131,"Height":0.7448935,"Demand":1.0,"DemandMax":null,"Value":25.170927175485},{"Length":1.522474,"Height":16.37695,"Demand":1.0,"DemandMax":null,"Value":24.933480574300003},{"Length":3.124493,"Height":7.968024,"Demand":1.0,"DemandMax":null,"Value":24.896035211832},{"Length":1.505913,"Height":16.37695,"Demand":1.0,"DemandMax":null,"Value":24.662261905350004},{"Length":19.19823,"Height":1.273369,"Demand":1.0,"DemandMax":null,"Value":24.446430936869998},{"Length":0.5634871,"Height":43.28425,"Demand":1.0,"DemandMax":null,"Value":24.390116508175},{"Length":2.581064,"Height":9.156363,"Demand":1.0,"DemandMax":null,"Value":23.633158910232},{"Length":15.32293,"Height":1.532281,"Demand":1.0,"DemandMax":null,"Value":23.47903450333},{"Length":8.319493,"Height":2.819322,"Demand":1.0,"DemandMax":null,"Value":23.455329643746},{"Length":0.9672622,"Height":24.00198,"Demand":1.0,"DemandMax":null,"Value":23.216207979156},{"Length":1.081865,"Height":21.32046,"Demand":1.0,"DemandMax":null,"Value":23.065859457900004},{"Length":2.038306,"Height":11.28168,"Demand":1.0,"DemandMax":null,"Value":22.995516034079998},{"Length":6.575209,"Height":3.497262,"Demand":1.0,"DemandMax":null,"Value":22.995228577758002},{"Length":1.363804,"Height":16.84708,"Demand":1.0,"DemandMax":null,"Value":22.976115092319997},{"Length":18.34609,"Height":1.243935,"Demand":1.0,"DemandMax":null,"Value":22.82134346415},{"Length":37.63644,"Height":0.6015021,"Demand":1.0,"DemandMax":null,"Value":22.638397696524002},{"Length":1.996054,"Height":11.28168,"Demand":1.0,"DemandMax":null,"Value":22.51884249072},{"Length":10.06121,"Height":2.232586,"Demand":1.0,"DemandMax":null,"Value":22.46251658906},{"Length":17.18417,"Height":1.279247,"Demand":1.0,"DemandMax":null,"Value":21.982797919990002},{"Length":0.6079439,"Height":36.07526,"Demand":1.0,"DemandMax":null,"Value":21.931734257913998},{"Length":7.12862,"Height":3.043988,"Demand":1.0,"DemandMax":null,"Value":21.69943373656},{"Length":34.32903,"Height":0.6295773,"Demand":1.0,"DemandMax":null,"Value":21.612778019019004},{"Length":9.371576,"Height":2.298171,"Demand":1.0,"DemandMax":null,"Value":21.537484187496},{"Length":4.03322,"Height":5.32066,"Demand":1.0,"DemandMax":null,"Value":21.4593923252},{"Length":17.18417,"Height":1.222092,"Demand":1.0,"DemandMax":null,"Value":21.00063668364},{"Length":0.8220921,"Height":25.51849,"Demand":1.0,"DemandMax":null,"Value":20.978549032929},{"Length":9.38729,"Height":2.232586,"Demand":1.0,"DemandMax":null,"Value":20.95793223194},{"Length":18.31223,"Height":1.144154,"Demand":1.0,"DemandMax":null,"Value":20.952011203419996},{"Length":33.79131,"Height":0.6145608,"Demand":1.0,"DemandMax":null,"Value":20.766814506648004},{"Length":10.65262,"Height":1.938936,"Demand":1.0,"DemandMax":null,"Value":20.65474841232},{"Length":2.959813,"Height":6.975269,"Demand":1.0,"DemandMax":null,"Value":20.645491864697},{"Length":5.623504,"Height":3.665569,"Demand":1.0,"DemandMax":null,"Value":20.613341933776},{"Length":2.095984,"Height":9.833238,"Demand":1.0,"DemandMax":null,"Value":20.610309516192},{"Length":8.953266,"Height":2.298171,"Demand":1.0,"DemandMax":null,"Value":20.576136276485997},{"Length":6.738506,"Height":3.043988,"Demand":1.0,"DemandMax":null,"Value":20.511931401928003},{"Length":11.31168,"Height":1.805247,"Demand":1.0,"DemandMax":null,"Value":20.42037638496},{"Length":5.721459,"Height":3.567047,"Demand":1.0,"DemandMax":null,"Value":20.408713161573},{"Length":9.467632,"Height":2.149522,"Demand":1.0,"DemandMax":null,"Value":20.350883271904003},{"Length":10.13542,"Height":2.00241,"Demand":1.0,"DemandMax":null,"Value":20.295266362199996},{"Length":13.86713,"Height":1.456366,"Demand":1.0,"DemandMax":null,"Value":20.19561664958},{"Length":1.186243,"Height":16.7329,"Demand":1.0,"DemandMax":null,"Value":19.8492854947},{"Length":0.5816368,"Height":34.09124,"Demand":1.0,"DemandMax":null,"Value":19.828719741631996},{"Length":33.79131,"Height":0.5795463,"Demand":1.0,"DemandMax":null,"Value":19.583628682653},{"Length":2.699813,"Height":7.232679,"Demand":1.0,"DemandMax":null,"Value":19.526880789027},{"Length":2.699813,"Height":7.225708,"Demand":1.0,"DemandMax":null,"Value":19.508060392603998},{"Length":15.26093,"Height":1.273369,"Demand":1.0,"DemandMax":null,"Value":19.43279517317},{"Length":21.66607,"Height":0.8935904,"Demand":1.0,"DemandMax":null,"Value":19.360592157728},{"Length":2.838882,"Height":6.781069,"Demand":1.0,"DemandMax":null,"Value":19.250654724858},{"Length":1.138014,"Height":16.7329,"Demand":1.0,"DemandMax":null,"Value":19.0422744606},{"Length":3.666877,"Height":5.19295,"Demand":1.0,"DemandMax":null,"Value":19.04190891715},{"Length":6.497359,"Height":2.930331,"Demand":1.0,"DemandMax":null,"Value":19.039412495829},{"Length":4.03322,"Height":4.695835,"Demand":1.0,"DemandMax":null,"Value":18.939335638699998},{"Length":1.066854,"Height":17.61795,"Demand":1.0,"DemandMax":null,"Value":18.7957804293},{"Length":11.71768,"Height":1.602656,"Demand":1.0,"DemandMax":null,"Value":18.77941015808},{"Length":2.761693,"Height":6.781069,"Demand":1.0,"DemandMax":null,"Value":18.727230789817},{"Length":2.682714,"Height":6.975269,"Demand":1.0,"DemandMax":null,"Value":18.712651800066},{"Length":29.1867,"Height":0.6403561,"Demand":1.0,"DemandMax":null,"Value":18.68988138387},{"Length":9.795104,"Height":1.897695,"Demand":1.0,"DemandMax":null,"Value":18.58811988528},{"Length":2.699813,"Height":6.862074,"Demand":1.0,"DemandMax":null,"Value":18.526316592161997},{"Length":29.1867,"Height":0.6330133,"Demand":1.0,"DemandMax":null,"Value":18.475569283109998},{"Length":9.653392,"Height":1.897695,"Demand":1.0,"DemandMax":null,"Value":18.31919373144},{"Length":1.171126,"Height":15.48813,"Demand":1.0,"DemandMax":null,"Value":18.13855173438},{"Length":5.721459,"Height":3.161967,"Demand":1.0,"DemandMax":null,"Value":18.091064549853},{"Length":28.58706,"Height":0.6295773,"Demand":1.0,"DemandMax":null,"Value":17.997764049738002},{"Length":23.65589,"Height":0.7598876,"Demand":1.0,"DemandMax":null,"Value":17.975817477964},{"Length":0.9292779,"Height":19.27296,"Demand":1.0,"DemandMax":null,"Value":17.909935795584},{"Length":11.49261,"Height":1.551411,"Demand":1.0,"DemandMax":null,"Value":17.82976157271},{"Length":18.31223,"Height":0.9691468,"Demand":1.0,"DemandMax":null,"Value":17.747239105364},{"Length":1.451913,"Height":12.22047,"Demand":1.0,"DemandMax":null,"Value":17.74305925911},{"Length":11.41967,"Height":1.551411,"Demand":1.0,"DemandMax":null,"Value":17.716601654370002},{"Length":0.4902068,"Height":36.07526,"Demand":1.0,"DemandMax":null,"Value":17.684337763768},{"Length":24.79057,"Height":0.7088159,"Demand":1.0,"DemandMax":null,"Value":17.571950186063},{"Length":1.350184,"Height":12.96933,"Demand":1.0,"DemandMax":null,"Value":17.51098185672},{"Length":37.0839,"Height":0.4696889,"Demand":1.0,"DemandMax":null,"Value":17.41789619871},{"Length":1.721014,"Height":10.08043,"Demand":1.0,"DemandMax":null,"Value":17.34856115602},{"Length":9.560559,"Height":1.805247,"Demand":1.0,"DemandMax":null,"Value":17.259170453073},{"Length":2.174243,"Height":7.937079,"Demand":1.0,"DemandMax":null,"Value":17.257138456197},{"Length":24.79057,"Height":0.6919327,"Demand":1.0,"DemandMax":null,"Value":17.153406034638998},{"Length":0.6714641,"Height":25.51849,"Demand":1.0,"DemandMax":null,"Value":17.134749921209},{"Length":10.29765,"Height":1.65351,"Demand":1.0,"DemandMax":null,"Value":17.027267251500003},{"Length":2.361452,"Height":7.208983,"Demand":1.0,"DemandMax":null,"Value":17.023667323315998},{"Length":3.666877,"Height":4.640287,"Demand":1.0,"DemandMax":null,"Value":17.015361673698997},{"Length":2.364999,"Height":7.154904,"Demand":1.0,"DemandMax":null,"Value":16.921340805096},{"Length":33.79131,"Height":0.5006052,"Demand":1.0,"DemandMax":null,"Value":16.916105500812},{"Length":33.79131,"Height":0.5002409,"Demand":1.0,"DemandMax":null,"Value":16.903795326579},{"Length":10.87903,"Height":1.551411,"Demand":1.0,"DemandMax":null,"Value":16.877846811330002},{"Length":1.496038,"Height":11.28168,"Demand":1.0,"DemandMax":null,"Value":16.87782198384},{"Length":1.001195,"Height":16.84708,"Demand":1.0,"DemandMax":null,"Value":16.8672122606},{"Length":21.66607,"Height":0.7780804,"Demand":1.0,"DemandMax":null,"Value":16.857944412028},{"Length":13.17032,"Height":1.273369,"Demand":1.0,"DemandMax":null,"Value":16.77067720808},{"Length":2.529206,"Height":6.421699,"Demand":1.0,"DemandMax":null,"Value":16.241799640994},{"Length":1.966826,"Height":8.199305,"Demand":1.0,"DemandMax":null,"Value":16.12660625593},{"Length":9.948388,"Height":1.602656,"Demand":1.0,"DemandMax":null,"Value":15.943843718528},{"Length":24.79057,"Height":0.6401392,"Demand":1.0,"DemandMax":null,"Value":15.869415647343999},{"Length":2.091813,"Height":7.208983,"Demand":1.0,"DemandMax":null,"Value":15.079844356179},{"Length":23.18382,"Height":0.6485084,"Demand":1.0,"DemandMax":null,"Value":15.034902014088},{"Length":12.13762,"Height":1.236224,"Demand":1.0,"DemandMax":null,"Value":15.00481714688},{"Length":18.31223,"Height":0.8170303,"Demand":1.0,"DemandMax":null,"Value":14.961646770568999},{"Length":0.4375348,"Height":34.09124,"Demand":1.0,"DemandMax":null,"Value":14.916103875152},{"Length":5.623504,"Height":2.648486,"Demand":1.0,"DemandMax":null,"Value":14.893771614943999},{"Length":23.65589,"Height":0.6227713,"Demand":1.0,"DemandMax":null,"Value":14.732209367957001},{"Length":23.65589,"Height":0.619751,"Demand":1.0,"DemandMax":null,"Value":14.66076148339},{"Length":23.18382,"Height":0.6248611,"Demand":1.0,"DemandMax":null,"Value":14.486667267402},{"Length":0.4247625,"Height":34.09124,"Demand":1.0,"DemandMax":null,"Value":14.480680330499999},{"Length":37.0839,"Height":0.3903297,"Demand":1.0,"DemandMax":null,"Value":14.47494756183}]}