{"Name":"Nice33_25","Objects":[{"Length":100.0,"Height":100.0,"Stock":null,"Cost":10000.0}],"Items":[{"Length":71.79391,"Height":19.32199,"Demand":1.0,"DemandMax":null,"Value":1387.2012110808998},{"Length":48.12099,"Height":19.56118,"Demand":1.0,"DemandMax":null,"Value":941.3033471682},{"Length":17.63505,"Height":40.76943,"Demand":1.0,"DemandMax":null,"Value":718.9709365215},{"Length":37.71505,"Height":16.69753,"Demand":1.0,"DemandMax":null,"Value":629.7481788265},{"Length":16.792,"Height":26.50146,"Demand":1.0,"DemandMax":null,"Value":445.01251632000009},{"Length":31.57379,"Height":13.7739,"Demand":1.0,"DemandMax":null,"Value":434.89422608099994},{"Length":34.47313,"Height":12.30139,"Demand":1.0,"DemandMax":null,"Value":424.06741665069995},{"Length":31.57379,"Height":12.72756,"Demand":1.0,"DemandMax":null,"Value":401.8573066524},{"Length":30.16119,"Height":13.16792,"Demand":1.0,"DemandMax":null,"Value":397.1601370248},{"Length":24.21158,"Height":16.03158,"Demand":1.0,"DemandMax":null,"Value":388.14988169640009},{"Length":14.9991,"Height":21.44745,"Demand":1.0,"DemandMax":null,"Value":321.692447295},{"Length":34.47313,"Height":9.146056,"Demand":1.0,"DemandMax":null,"Value":315.29317747527995},{"Length":21.9852,"Height":13.27623,"Demand":1.0,"DemandMax":null,"Value":291.88057179599997},{"Length":21.9852,"Height":13.22523,"Demand":1.0,"DemandMax":null,"Value":290.759326596},{"Length":29.64901,"Height":9.368197,"Demand":1.0,"DemandMax":null,"Value":277.75776653497},{"Length":15.45467,"Height":17.13327,"Demand":1.0,"DemandMax":null,"Value":264.78903387089997},{"Length":11.53961,"Height":21.44745,"Demand":1.0,"DemandMax":null,"Value":247.4952084945},{"Length":14.19433,"Height":17.13327,"Demand":1.0,"DemandMax":null,"Value":243.1952883591},{"Length":14.16396,"Height":16.69753,"Demand":1.0,"DemandMax":null,"Value":236.5031470188},{"Length":17.9598,"Height":13.16792,"Demand":1.0,"DemandMax":null,"Value":236.49320961600003},{"Length":10.78208,"Height":21.44745,"Demand":1.0,"DemandMax":null,"Value":231.248121696},{"Length":10.57104,"Height":21.429,"Demand":1.0,"DemandMax":null,"Value":226.52681615999998},{"Length":27.66743,"Height":8.065232,"Demand":1.0,"DemandMax":null,"Value":223.14424179376},{"Length":27.66743,"Height":7.966346,"Demand":1.0,"DemandMax":null,"Value":220.40832031078},{"Length":10.57104,"Height":19.34043,"Demand":1.0,"DemandMax":null,"Value":204.44845914720003}]}