{"Name":"Path13_25","Objects":[{"Length":100.0,"Height":100.0,"Stock":null,"Cost":10000.0}],"Items":[{"Length":49.34679,"Height":34.27306,"Demand":1.0,"DemandMax":null,"Value":1691.2654944774},{"Length":100.0,"Height":14.81162,"Demand":1.0,"DemandMax":null,"Value":1481.162},{"Length":49.34679,"Height":24.7604,"Demand":1.0,"DemandMax":null,"Value":1221.846259116},{"Length":49.34679,"Height":15.47849,"Demand":1.0,"DemandMax":null,"Value":763.8137955471},{"Length":13.19806,"Height":51.05917,"Demand":1.0,"DemandMax":null,"Value":673.8819892102},{"Length":18.04396,"Height":36.26064,"Demand":1.0,"DemandMax":null,"Value":654.2855377344},{"Length":68.93021,"Height":7.998757,"Demand":1.0,"DemandMax":null,"Value":551.35599974897},{"Length":13.07069,"Height":38.08095,"Demand":1.0,"DemandMax":null,"Value":497.7442923555},{"Length":26.5745,"Height":16.67037,"Demand":1.0,"DemandMax":null,"Value":443.00674756499996},{"Length":13.17231,"Height":30.94201,"Demand":1.0,"DemandMax":null,"Value":407.57774774309996},{"Length":5.631533,"Height":51.05917,"Demand":1.0,"DemandMax":null,"Value":287.54140080761},{"Length":68.93021,"Height":2.677657,"Demand":1.0,"DemandMax":null,"Value":184.57145931797},{"Length":26.5745,"Height":6.782424,"Demand":1.0,"DemandMax":null,"Value":180.239526588},{"Length":13.07069,"Height":12.97821,"Demand":1.0,"DemandMax":null,"Value":169.6341596649},{"Length":19.18459,"Height":7.648498,"Demand":1.0,"DemandMax":null,"Value":146.73329824582},{"Length":18.75293,"Height":7.309318,"Demand":1.0,"DemandMax":null,"Value":137.07112880174},{"Length":31.06979,"Height":3.027917,"Demand":1.0,"DemandMax":null,"Value":94.07674532743},{"Length":3.932013,"Height":23.4528,"Demand":1.0,"DemandMax":null,"Value":92.2167144864},{"Length":11.8852,"Height":7.648498,"Demand":1.0,"DemandMax":null,"Value":90.9039284296},{"Length":5.580616,"Height":13.16793,"Demand":1.0,"DemandMax":null,"Value":73.48516084488},{"Length":5.580616,"Height":10.18035,"Demand":1.0,"DemandMax":null,"Value":56.812624095600007},{"Length":1.39377,"Height":23.4528,"Demand":1.0,"DemandMax":null,"Value":32.687809056},{"Length":0.7089655,"Height":36.26064,"Demand":1.0,"DemandMax":null,"Value":25.707542767920003},{"Length":5.580616,"Height":4.064249,"Demand":1.0,"DemandMax":null,"Value":22.681012997384002},{"Length":5.580616,"Height":3.529474,"Demand":1.0,"DemandMax":null,"Value":19.696639075984}]}