{"Name":"Nice22_50","Objects":[{"Length":100.0,"Height":100.0,"Stock":null,"Cost":10000.0}],"Items":[{"Length":33.01994,"Height":18.0939,"Demand":1.0,"DemandMax":null,"Value":597.45949236600006},{"Length":15.82189,"Height":36.29761,"Demand":1.0,"DemandMax":null,"Value":574.2967926829},{"Length":27.21047,"Height":16.05138,"Demand":1.0,"DemandMax":null,"Value":436.76559394860004},{"Length":23.44775,"Height":12.59105,"Demand":1.0,"DemandMax":null,"Value":295.23179263749995},{"Length":22.39853,"Height":12.78093,"Demand":1.0,"DemandMax":null,"Value":286.2740440329},{"Length":18.40506,"Height":15.02377,"Demand":1.0,"DemandMax":null,"Value":276.5133882762},{"Length":14.25911,"Height":19.27058,"Demand":1.0,"DemandMax":null,"Value":274.78131998379996},{"Length":14.774,"Height":18.06787,"Demand":1.0,"DemandMax":null,"Value":266.93471137999995},{"Length":13.7774,"Height":18.43739,"Demand":1.0,"DemandMax":null,"Value":254.019296986},{"Length":13.9607,"Height":18.06787,"Demand":1.0,"DemandMax":null,"Value":252.240112709},{"Length":18.62286,"Height":13.48648,"Demand":1.0,"DemandMax":null,"Value":251.15682893279998},{"Length":11.05817,"Height":22.45825,"Demand":1.0,"DemandMax":null,"Value":248.34714640250002},{"Length":13.7774,"Height":17.86022,"Demand":1.0,"DemandMax":null,"Value":246.06739502800002},{"Length":25.24282,"Height":9.730536,"Demand":1.0,"DemandMax":null,"Value":245.62616875152},{"Length":18.62286,"Height":12.85144,"Demand":1.0,"DemandMax":null,"Value":239.3305679184},{"Length":14.38852,"Height":16.05138,"Demand":1.0,"DemandMax":null,"Value":230.95560215760003},{"Length":12.50855,"Height":18.0939,"Demand":1.0,"DemandMax":null,"Value":226.32845284500002},{"Length":15.40101,"Height":13.36206,"Demand":1.0,"DemandMax":null,"Value":205.78921968059998},{"Length":25.24282,"Height":7.95385,"Demand":1.0,"DemandMax":null,"Value":200.77760385699997},{"Length":15.40101,"Height":12.97585,"Demand":1.0,"DemandMax":null,"Value":199.8411956085},{"Length":10.93549,"Height":18.0939,"Demand":1.0,"DemandMax":null,"Value":197.865662511},{"Length":16.43366,"Height":11.31415,"Demand":1.0,"DemandMax":null,"Value":185.932894289},{"Length":12.05407,"Height":15.02377,"Demand":1.0,"DemandMax":null,"Value":181.0975752439},{"Length":22.39853,"Height":7.4653,"Demand":1.0,"DemandMax":null,"Value":167.211746009},{"Length":8.487018,"Height":19.27058,"Demand":1.0,"DemandMax":null,"Value":163.54975933044},{"Length":15.02428,"Height":10.84542,"Demand":1.0,"DemandMax":null,"Value":162.9446267976},{"Length":15.03506,"Height":10.71145,"Demand":1.0,"DemandMax":null,"Value":161.04729343699998},{"Length":23.44775,"Height":6.679529,"Demand":1.0,"DemandMax":null,"Value":156.61992610975},{"Length":10.27417,"Height":15.02377,"Demand":1.0,"DemandMax":null,"Value":154.3567670209},{"Length":11.05817,"Height":13.83935,"Demand":1.0,"DemandMax":null,"Value":153.03788498950001},{"Length":13.71042,"Height":10.84542,"Demand":1.0,"DemandMax":null,"Value":148.6952632764},{"Length":9.083391,"Height":16.05138,"Demand":1.0,"DemandMax":null,"Value":145.80096062958003},{"Length":12.69339,"Height":11.31415,"Demand":1.0,"DemandMax":null,"Value":143.6149184685},{"Length":13.91707,"Height":10.18688,"Demand":1.0,"DemandMax":null,"Value":141.7715220416},{"Length":7.832019,"Height":18.0939,"Demand":1.0,"DemandMax":null,"Value":141.7117685841},{"Length":8.660168,"Height":16.05138,"Demand":1.0,"DemandMax":null,"Value":139.00764743184},{"Length":14.38176,"Height":9.534775,"Demand":1.0,"DemandMax":null,"Value":137.126845704},{"Length":11.60626,"Height":11.31415,"Demand":1.0,"DemandMax":null,"Value":131.31496657900001},{"Length":14.09596,"Height":9.083703,"Demand":1.0,"DemandMax":null,"Value":128.04351413988},{"Length":6.969299,"Height":18.0939,"Demand":1.0,"DemandMax":null,"Value":126.10179917610002},{"Length":14.88685,"Height":8.45119,"Demand":1.0,"DemandMax":null,"Value":125.81159785150001},{"Length":11.31207,"Height":10.71145,"Demand":1.0,"DemandMax":null,"Value":121.1686722015},{"Length":13.55869,"Height":8.65353,"Demand":1.0,"DemandMax":null,"Value":117.3305306757},{"Length":13.84785,"Height":8.45119,"Demand":1.0,"DemandMax":null,"Value":117.0308114415},{"Length":11.15436,"Height":10.18688,"Demand":1.0,"DemandMax":null,"Value":113.6281267968},{"Length":10.59688,"Height":10.71145,"Demand":1.0,"DemandMax":null,"Value":113.507950276},{"Length":11.34373,"Height":9.534775,"Demand":1.0,"DemandMax":null,"Value":108.15991321075},{"Length":11.21852,"Height":9.534775,"Demand":1.0,"DemandMax":null,"Value":106.966064033},{"Length":11.68413,"Height":8.65353,"Demand":1.0,"DemandMax":null,"Value":101.1089694789},{"Length":10.97547,"Height":9.083703,"Demand":1.0,"DemandMax":null,"Value":99.697909765409989}]}