{"Name":"Nice11_200","Objects":[{"Length":100.0,"Height":100.0,"Stock":null,"Cost":10000.0}],"Items":[{"Length":19.5924,"Height":11.44249,"Demand":1.0,"DemandMax":null,"Value":224.185841076},{"Length":12.99919,"Height":16.65919,"Demand":1.0,"DemandMax":null,"Value":216.55597605609998},{"Length":13.23806,"Height":12.54721,"Demand":1.0,"DemandMax":null,"Value":166.1007188126},{"Length":11.59744,"Height":11.10373,"Demand":1.0,"DemandMax":null,"Value":128.77484245120002},{"Length":10.15691,"Height":11.79555,"Demand":1.0,"DemandMax":null,"Value":119.8063397505},{"Length":13.18691,"Height":8.76088,"Demand":1.0,"DemandMax":null,"Value":115.5289360808},{"Length":10.15565,"Height":10.96094,"Demand":1.0,"DemandMax":null,"Value":111.315470311},{"Length":8.310528,"Height":11.83597,"Demand":1.0,"DemandMax":null,"Value":98.363160092159987},{"Length":19.5924,"Height":5.012591,"Demand":1.0,"DemandMax":null,"Value":98.2086879084},{"Length":7.171661,"Height":13.39899,"Demand":1.0,"DemandMax":null,"Value":96.09301402239},{"Length":11.75785,"Height":8.007067,"Demand":1.0,"DemandMax":null,"Value":94.145892725949992},{"Length":7.379999,"Height":12.53496,"Demand":1.0,"DemandMax":null,"Value":92.50799226504},{"Length":11.19606,"Height":8.236817,"Demand":1.0,"DemandMax":null,"Value":92.21989734102},{"Length":12.58083,"Height":7.053668,"Demand":1.0,"DemandMax":null,"Value":88.74099798444},{"Length":8.504561,"Height":10.24932,"Demand":1.0,"DemandMax":null,"Value":87.165967148520011},{"Length":10.45382,"Height":8.318915,"Demand":1.0,"DemandMax":null,"Value":86.9644400053},{"Length":9.089927,"Height":9.38682,"Demand":1.0,"DemandMax":null,"Value":85.32550856214},{"Length":6.558843,"Height":12.45903,"Demand":1.0,"DemandMax":null,"Value":81.71682170229},{"Length":8.956676,"Height":9.117794,"Demand":1.0,"DemandMax":null,"Value":81.665126692744},{"Length":8.736382,"Height":9.27169,"Demand":1.0,"DemandMax":null,"Value":81.00102562558},{"Length":9.745902,"Height":8.007067,"Demand":1.0,"DemandMax":null,"Value":78.036090289433986},{"Length":9.207251,"Height":7.897842,"Demand":1.0,"DemandMax":null,"Value":72.717413652341989},{"Length":10.40391,"Height":6.967303,"Demand":1.0,"DemandMax":null,"Value":72.48719335473},{"Length":4.381908,"Height":15.66254,"Demand":1.0,"DemandMax":null,"Value":68.63180932632},{"Length":8.310528,"Height":8.143026,"Demand":1.0,"DemandMax":null,"Value":67.672845577728},{"Length":4.826984,"Height":13.88396,"Demand":1.0,"DemandMax":null,"Value":67.01765277664},{"Length":8.278284,"Height":7.936192,"Demand":1.0,"DemandMax":null,"Value":65.698051254528},{"Length":12.99919,"Height":4.930442,"Demand":1.0,"DemandMax":null,"Value":64.091752341980012},{"Length":4.599327,"Height":13.88396,"Demand":1.0,"DemandMax":null,"Value":63.85687209492},{"Length":8.504561,"Height":7.480705,"Demand":1.0,"DemandMax":null,"Value":63.620111995505006},{"Length":7.162401,"Height":8.773508,"Demand":1.0,"DemandMax":null,"Value":62.839382472707996},{"Length":7.77628,"Height":8.031195,"Demand":1.0,"DemandMax":null,"Value":62.4528210546},{"Length":8.796562,"Height":7.090229,"Demand":1.0,"DemandMax":null,"Value":62.369638992698},{"Length":9.922966,"Height":6.03843,"Demand":1.0,"DemandMax":null,"Value":59.919135583380005},{"Length":9.207251,"Height":6.489627,"Demand":1.0,"DemandMax":null,"Value":59.751624685376996},{"Length":10.0578,"Height":5.896314,"Demand":1.0,"DemandMax":null,"Value":59.303946949200004},{"Length":10.50248,"Height":5.549818,"Demand":1.0,"DemandMax":null,"Value":58.286852548640006},{"Length":5.871566,"Height":9.890581,"Demand":1.0,"DemandMax":null,"Value":58.073199119845988},{"Length":12.2824,"Height":4.692178,"Demand":1.0,"DemandMax":null,"Value":57.631207067200009},{"Length":11.19606,"Height":5.093409,"Demand":1.0,"DemandMax":null,"Value":57.02611276854},{"Length":9.620132,"Height":5.8814,"Demand":1.0,"DemandMax":null,"Value":56.5798443448},{"Length":7.389765,"Height":7.652421,"Demand":1.0,"DemandMax":null,"Value":56.549592871065},{"Length":10.26434,"Height":5.498743,"Demand":1.0,"DemandMax":null,"Value":56.44096772462},{"Length":12.54083,"Height":4.487364,"Demand":1.0,"DemandMax":null,"Value":56.275269072120004},{"Length":12.2824,"Height":4.521617,"Demand":1.0,"DemandMax":null,"Value":55.5363086408},{"Length":10.88989,"Height":5.092379,"Demand":1.0,"DemandMax":null,"Value":55.45544714831},{"Length":4.885808,"Height":11.14199,"Demand":1.0,"DemandMax":null,"Value":54.43762387792},{"Length":12.04922,"Height":4.513751,"Demand":1.0,"DemandMax":null,"Value":54.38717882422},{"Length":8.310528,"Height":6.452168,"Demand":1.0,"DemandMax":null,"Value":53.620922824704},{"Length":12.54083,"Height":4.20396,"Demand":1.0,"DemandMax":null,"Value":52.7211476868},{"Length":12.76737,"Height":4.125588,"Demand":1.0,"DemandMax":null,"Value":52.672908463559992},{"Length":8.023209,"Height":6.504681,"Demand":1.0,"DemandMax":null,"Value":52.188415141328996},{"Length":6.951857,"Height":7.494399,"Demand":1.0,"DemandMax":null,"Value":52.099990148943},{"Length":5.259452,"Height":9.890581,"Demand":1.0,"DemandMax":null,"Value":52.019036021611988},{"Length":9.807041,"Height":5.26251,"Demand":1.0,"DemandMax":null,"Value":51.60965133291},{"Length":6.951857,"Height":7.32205,"Demand":1.0,"DemandMax":null,"Value":50.90184454685},{"Length":4.537147,"Height":11.14199,"Demand":1.0,"DemandMax":null,"Value":50.55284650253},{"Length":6.845963,"Height":7.352983,"Demand":1.0,"DemandMax":null,"Value":50.338249557629005},{"Length":13.18691,"Height":3.796315,"Demand":1.0,"DemandMax":null,"Value":50.061664236649996},{"Length":4.450666,"Height":11.14199,"Demand":1.0,"DemandMax":null,"Value":49.58927606534},{"Length":13.46551,"Height":3.659239,"Demand":1.0,"DemandMax":null,"Value":49.27351934689},{"Length":11.01693,"Height":4.413151,"Demand":1.0,"DemandMax":null,"Value":48.61937564643},{"Length":4.326476,"Height":11.23464,"Demand":1.0,"DemandMax":null,"Value":48.606400328640007},{"Length":12.91118,"Height":3.764014,"Demand":1.0,"DemandMax":null,"Value":48.59786227652},{"Length":7.282315,"Height":6.653678,"Demand":1.0,"DemandMax":null,"Value":48.45417910457},{"Length":7.946059,"Height":6.03843,"Demand":1.0,"DemandMax":null,"Value":47.98172104737},{"Length":3.721169,"Height":12.89011,"Demand":1.0,"DemandMax":null,"Value":47.96627773859},{"Length":13.46551,"Height":3.541728,"Demand":1.0,"DemandMax":null,"Value":47.69117380128},{"Length":5.683521,"Height":8.283745,"Demand":1.0,"DemandMax":null,"Value":47.080838666145},{"Length":12.91118,"Height":3.596543,"Demand":1.0,"DemandMax":null,"Value":46.43561405074},{"Length":9.103528,"Height":5.092379,"Demand":1.0,"DemandMax":null,"Value":46.358614813112005},{"Length":5.288193,"Height":8.764938,"Demand":1.0,"DemandMax":null,"Value":46.350683777034},{"Length":4.496323,"Height":10.26304,"Demand":1.0,"DemandMax":null,"Value":46.14594280192},{"Length":5.929391,"Height":7.750969,"Demand":1.0,"DemandMax":null,"Value":45.958525829879},{"Length":7.973529,"Height":5.75718,"Demand":1.0,"DemandMax":null,"Value":45.90504168822},{"Length":4.069871,"Height":11.23464,"Demand":1.0,"DemandMax":null,"Value":45.72353553144},{"Length":6.951857,"Height":6.572372,"Demand":1.0,"DemandMax":null,"Value":45.690190294804},{"Length":8.819742,"Height":5.120681,"Demand":1.0,"DemandMax":null,"Value":45.163085284302},{"Length":3.902861,"Height":11.54053,"Demand":1.0,"DemandMax":null,"Value":45.041084456330005},{"Length":3.471158,"Height":12.89011,"Demand":1.0,"DemandMax":null,"Value":44.74360844738},{"Length":5.720402,"Height":7.750969,"Demand":1.0,"DemandMax":null,"Value":44.338658569538005},{"Length":3.83031,"Height":11.54053,"Demand":1.0,"DemandMax":null,"Value":44.2038074643},{"Length":8.74138,"Height":5.027359,"Demand":1.0,"DemandMax":null,"Value":43.946055415419991},{"Length":10.72062,"Height":4.072341,"Demand":1.0,"DemandMax":null,"Value":43.65802037142},{"Length":5.83919,"Height":7.454827,"Demand":1.0,"DemandMax":null,"Value":43.53015127013},{"Length":3.376484,"Height":12.89011,"Demand":1.0,"DemandMax":null,"Value":43.52325017324},{"Length":5.027532,"Height":8.645444,"Demand":1.0,"DemandMax":null,"Value":43.465246364208},{"Length":3.684247,"Height":11.79555,"Demand":1.0,"DemandMax":null,"Value":43.45771970085},{"Length":5.223529,"Height":8.318915,"Demand":1.0,"DemandMax":null,"Value":43.454093751035},{"Length":7.391376,"Height":5.852767,"Demand":1.0,"DemandMax":null,"Value":43.260001537392},{"Length":5.154324,"Height":8.385219,"Demand":1.0,"DemandMax":null,"Value":43.220135536955993},{"Length":5.944985,"Height":7.225359,"Demand":1.0,"DemandMax":null,"Value":42.954650874615},{"Length":7.282315,"Height":5.890217,"Demand":1.0,"DemandMax":null,"Value":42.894415612355},{"Length":5.110015,"Height":8.385219,"Demand":1.0,"DemandMax":null,"Value":42.848594868284991},{"Length":8.167819,"Height":5.233166,"Demand":1.0,"DemandMax":null,"Value":42.743552684954},{"Length":7.379999,"Height":5.787083,"Demand":1.0,"DemandMax":null,"Value":42.708666752917},{"Length":4.949674,"Height":8.563593,"Demand":1.0,"DemandMax":null,"Value":42.386993618681991},{"Length":6.951857,"Height":6.086262,"Demand":1.0,"DemandMax":null,"Value":42.310823088534},{"Length":4.756643,"Height":8.886087,"Demand":1.0,"DemandMax":null,"Value":42.267943525941},{"Length":3.264069,"Height":12.89011,"Demand":1.0,"DemandMax":null,"Value":42.074208457590004},{"Length":5.683521,"Height":7.378793,"Demand":1.0,"DemandMax":null,"Value":41.937524970153},{"Length":6.322025,"Height":6.597851,"Demand":1.0,"DemandMax":null,"Value":41.711778968275006},{"Length":4.064198,"Height":10.23553,"Demand":1.0,"DemandMax":null,"Value":41.599220554940004},{"Length":5.294415,"Height":7.795115,"Demand":1.0,"DemandMax":null,"Value":41.270573782725},{"Length":12.2824,"Height":3.346053,"Demand":1.0,"DemandMax":null,"Value":41.0975613672},{"Length":6.218809,"Height":6.597851,"Demand":1.0,"DemandMax":null,"Value":41.030775179459006},{"Length":9.207251,"Height":4.44217,"Demand":1.0,"DemandMax":null,"Value":40.90017417467},{"Length":5.089623,"Height":8.031195,"Demand":1.0,"DemandMax":null,"Value":40.875754789485},{"Length":5.259405,"Height":7.750969,"Demand":1.0,"DemandMax":null,"Value":40.765485113445},{"Length":4.642975,"Height":8.777053,"Demand":1.0,"DemandMax":null,"Value":40.751637652675},{"Length":4.642975,"Height":8.76405,"Demand":1.0,"DemandMax":null,"Value":40.69126504875},{"Length":5.493292,"Height":7.352983,"Demand":1.0,"DemandMax":null,"Value":40.392082690036005},{"Length":9.841427,"Height":4.103852,"Demand":1.0,"DemandMax":null,"Value":40.387759876804},{"Length":10.50248,"Height":3.837002,"Demand":1.0,"DemandMax":null,"Value":40.29803676496},{"Length":3.203204,"Height":12.54721,"Demand":1.0,"DemandMax":null,"Value":40.19127326084},{"Length":4.396519,"Height":9.117794,"Demand":1.0,"DemandMax":null,"Value":40.086554559086},{"Length":9.807041,"Height":4.079562,"Demand":1.0,"DemandMax":null,"Value":40.008431796042004},{"Length":11.19606,"Height":3.570932,"Demand":1.0,"DemandMax":null,"Value":39.98036892792},{"Length":10.27441,"Height":3.887108,"Demand":1.0,"DemandMax":null,"Value":39.937741306279996},{"Length":8.514593,"Height":4.683599,"Demand":1.0,"DemandMax":null,"Value":39.878939260207},{"Length":12.04922,"Height":3.303479,"Demand":1.0,"DemandMax":null,"Value":39.80434523638},{"Length":7.414996,"Height":5.34624,"Demand":1.0,"DemandMax":null,"Value":39.64234821504},{"Length":11.13102,"Height":3.508406,"Demand":1.0,"DemandMax":null,"Value":39.05213735412},{"Length":8.396347,"Height":4.648038,"Demand":1.0,"DemandMax":null,"Value":39.026539917186},{"Length":9.620132,"Height":4.03058,"Demand":1.0,"DemandMax":null,"Value":38.77471163656},{"Length":4.688781,"Height":8.213503,"Demand":1.0,"DemandMax":null,"Value":38.511316809842995},{"Length":5.284355,"Height":7.225359,"Demand":1.0,"DemandMax":null,"Value":38.181361958444995},{"Length":12.2824,"Height":3.093974,"Demand":1.0,"DemandMax":null,"Value":38.0014262576},{"Length":8.74138,"Height":4.310768,"Demand":1.0,"DemandMax":null,"Value":37.68206117984},{"Length":11.19606,"Height":3.350695,"Demand":1.0,"DemandMax":null,"Value":37.5145822617},{"Length":7.282315,"Height":5.143192,"Demand":1.0,"DemandMax":null,"Value":37.454344249479995},{"Length":5.089664,"Height":7.344249,"Demand":1.0,"DemandMax":null,"Value":37.379759742336},{"Length":8.023209,"Height":4.637312,"Demand":1.0,"DemandMax":null,"Value":37.206123374208},{"Length":7.282315,"Height":5.070576,"Demand":1.0,"DemandMax":null,"Value":36.92553166344},{"Length":7.389765,"Height":4.994134,"Demand":1.0,"DemandMax":null,"Value":36.905476638509995},{"Length":4.202954,"Height":8.764938,"Demand":1.0,"DemandMax":null,"Value":36.838631226852},{"Length":5.038902,"Height":7.288931,"Demand":1.0,"DemandMax":null,"Value":36.728208993762},{"Length":8.396347,"Height":4.369173,"Demand":1.0,"DemandMax":null,"Value":36.685092611031},{"Length":10.16749,"Height":3.606823,"Demand":1.0,"DemandMax":null,"Value":36.67233678427},{"Length":6.059085,"Height":6.03843,"Demand":1.0,"DemandMax":null,"Value":36.587360636549995},{"Length":5.018902,"Height":7.288931,"Demand":1.0,"DemandMax":null,"Value":36.582430373761994},{"Length":12.04922,"Height":3.035754,"Demand":1.0,"DemandMax":null,"Value":36.578467811879996},{"Length":5.46207,"Height":6.691236,"Demand":1.0,"DemandMax":null,"Value":36.54799941852},{"Length":12.04922,"Height":3.030978,"Demand":1.0,"DemandMax":null,"Value":36.520920737160004},{"Length":4.96814,"Height":7.344249,"Demand":1.0,"DemandMax":null,"Value":36.487257226859995},{"Length":4.472878,"Height":8.145931,"Demand":1.0,"DemandMax":null,"Value":36.435755559417991},{"Length":6.618375,"Height":5.503527,"Demand":1.0,"DemandMax":null,"Value":36.424405508625},{"Length":7.761999,"Height":4.683599,"Demand":1.0,"DemandMax":null,"Value":36.354090754401},{"Length":4.179718,"Height":8.645444,"Demand":1.0,"DemandMax":null,"Value":36.135517904792},{"Length":9.850769,"Height":3.612241,"Demand":1.0,"DemandMax":null,"Value":35.583351663329},{"Length":3.072289,"Height":11.54053,"Demand":1.0,"DemandMax":null,"Value":35.455843373170005},{"Length":8.819742,"Height":3.997113,"Demand":1.0,"DemandMax":null,"Value":35.253505404846},{"Length":3.415822,"Height":10.29864,"Demand":1.0,"DemandMax":null,"Value":35.178321082080004},{"Length":5.04845,"Height":6.945589,"Demand":1.0,"DemandMax":null,"Value":35.06445878705},{"Length":3.035698,"Height":11.54053,"Demand":1.0,"DemandMax":null,"Value":35.03356383994},{"Length":4.688781,"Height":7.440319,"Demand":1.0,"DemandMax":null,"Value":34.886026361138995},{"Length":5.009354,"Height":6.945589,"Demand":1.0,"DemandMax":null,"Value":34.792914039506},{"Length":5.285896,"Height":6.580167,"Demand":1.0,"DemandMax":null,"Value":34.782078424632004},{"Length":3.661679,"Height":9.491309,"Demand":1.0,"DemandMax":null,"Value":34.754126847810994},{"Length":6.018055,"Height":5.75718,"Demand":1.0,"DemandMax":null,"Value":34.6470258849},{"Length":11.59744,"Height":2.972363,"Demand":1.0,"DemandMax":null,"Value":34.47180155072},{"Length":9.850769,"Height":3.496552,"Demand":1.0,"DemandMax":null,"Value":34.443726048487996},{"Length":10.27441,"Height":3.338251,"Demand":1.0,"DemandMax":null,"Value":34.29855945691},{"Length":7.379999,"Height":4.637316,"Demand":1.0,"DemandMax":null,"Value":34.223387442684},{"Length":10.16749,"Height":3.36048,"Demand":1.0,"DemandMax":null,"Value":34.1676467952},{"Length":8.341519,"Height":4.081339,"Demand":1.0,"DemandMax":null,"Value":34.044566813940996},{"Length":3.325567,"Height":10.23553,"Demand":1.0,"DemandMax":null,"Value":34.03894079551},{"Length":7.389765,"Height":4.592998,"Demand":1.0,"DemandMax":null,"Value":33.941175865469994},{"Length":7.102157,"Height":4.77321,"Demand":1.0,"DemandMax":null,"Value":33.90008681397},{"Length":5.46207,"Height":6.198871,"Demand":1.0,"DemandMax":null,"Value":33.85866732297},{"Length":4.472878,"Height":7.516608,"Demand":1.0,"DemandMax":null,"Value":33.620870557824},{"Length":6.533149,"Height":5.146102,"Demand":1.0,"DemandMax":null,"Value":33.620251135198},{"Length":9.620132,"Height":3.487007,"Demand":1.0,"DemandMax":null,"Value":33.545467624924},{"Length":8.167819,"Height":4.10496,"Demand":1.0,"DemandMax":null,"Value":33.52857028224},{"Length":7.379999,"Height":4.515728,"Demand":1.0,"DemandMax":null,"Value":33.326068124272},{"Length":4.004743,"Height":8.318915,"Demand":1.0,"DemandMax":null,"Value":33.315116613845007},{"Length":2.98326,"Height":11.14199,"Demand":1.0,"DemandMax":null,"Value":33.2394530874},{"Length":3.500722,"Height":9.491309,"Demand":1.0,"DemandMax":null,"Value":33.226434225098},{"Length":7.162401,"Height":4.60802,"Demand":1.0,"DemandMax":null,"Value":33.00448705602},{"Length":9.841427,"Height":3.350975,"Demand":1.0,"DemandMax":null,"Value":32.978375841325},{"Length":7.162401,"Height":4.602244,"Demand":1.0,"DemandMax":null,"Value":32.963117027844},{"Length":3.846889,"Height":8.563593,"Demand":1.0,"DemandMax":null,"Value":32.943191712177},{"Length":8.504561,"Height":3.859607,"Demand":1.0,"DemandMax":null,"Value":32.824263167527},{"Length":5.962452,"Height":5.503527,"Demand":1.0,"DemandMax":null,"Value":32.814515568204},{"Length":3.594803,"Height":9.117794,"Demand":1.0,"DemandMax":null,"Value":32.776673224582},{"Length":5.690506,"Height":5.75718,"Demand":1.0,"DemandMax":null,"Value":32.76126733308},{"Length":4.496323,"Height":7.278059,"Demand":1.0,"DemandMax":null,"Value":32.724504077057},{"Length":10.72062,"Height":3.036452,"Demand":1.0,"DemandMax":null,"Value":32.55264804024},{"Length":11.01693,"Height":2.947407,"Demand":1.0,"DemandMax":null,"Value":32.471376600510006},{"Length":7.102157,"Height":4.568861,"Demand":1.0,"DemandMax":null,"Value":32.448768133177},{"Length":7.935073,"Height":4.081339,"Demand":1.0,"DemandMax":null,"Value":32.385722902747},{"Length":3.143021,"Height":10.29864,"Demand":1.0,"DemandMax":null,"Value":32.368841791440005},{"Length":6.050509,"Height":5.34624,"Demand":1.0,"DemandMax":null,"Value":32.34747323616},{"Length":5.294415,"Height":6.088847,"Demand":1.0,"DemandMax":null,"Value":32.236882889505004},{"Length":4.756643,"Height":6.776451,"Demand":1.0,"DemandMax":null,"Value":32.233158213993},{"Length":4.060971,"Height":7.936192,"Demand":1.0,"DemandMax":null,"Value":32.228645562432},{"Length":4.312801,"Height":7.454827,"Demand":1.0,"DemandMax":null,"Value":32.151185340427},{"Length":6.234219,"Height":5.146102,"Demand":1.0,"DemandMax":null,"Value":32.081926864338},{"Length":4.869757,"Height":6.580167,"Demand":1.0,"DemandMax":null,"Value":32.043814309419},{"Length":5.474528,"Height":5.852767,"Demand":1.0,"DemandMax":null,"Value":32.041136818976}]}