{"Name":"Nice2_25","Objects":[{"Length":100.0,"Height":100.0,"Stock":null,"Cost":10000.0}],"Items":[{"Length":45.8001,"Height":17.85781,"Demand":1.0,"DemandMax":null,"Value":817.88948378100008},{"Length":45.8001,"Height":15.17611,"Demand":1.0,"DemandMax":null,"Value":695.067355611},{"Length":27.78437,"Height":24.93519,"Demand":1.0,"DemandMax":null,"Value":692.8085449803},{"Length":45.8001,"Height":14.25611,"Demand":1.0,"DemandMax":null,"Value":652.931263611},{"Length":23.30938,"Height":23.84862,"Demand":1.0,"DemandMax":null,"Value":555.89654605560008},{"Length":19.95133,"Height":27.08437,"Demand":1.0,"DemandMax":null,"Value":540.3692037121},{"Length":18.63636,"Height":25.6404,"Demand":1.0,"DemandMax":null,"Value":477.843724944},{"Length":20.63998,"Height":20.69923,"Demand":1.0,"DemandMax":null,"Value":427.2316932154},{"Length":19.95133,"Height":20.20567,"Demand":1.0,"DemandMax":null,"Value":403.1299900411},{"Length":14.31591,"Height":27.77477,"Demand":1.0,"DemandMax":null,"Value":397.62110759070003},{"Length":27.52162,"Height":14.1358,"Demand":1.0,"DemandMax":null,"Value":389.040115996},{"Length":13.60859,"Height":28.32717,"Demand":1.0,"DemandMax":null,"Value":385.4928423903},{"Length":13.46846,"Height":27.77477,"Demand":1.0,"DemandMax":null,"Value":374.0833787542},{"Length":26.05765,"Height":14.1358,"Demand":1.0,"DemandMax":null,"Value":368.34572886999996},{"Length":22.48869,"Height":14.72555,"Demand":1.0,"DemandMax":null,"Value":331.15832902949995},{"Length":13.73403,"Height":23.84862,"Demand":1.0,"DemandMax":null,"Value":327.53766253860005},{"Length":11.54565,"Height":26.59081,"Demand":1.0,"DemandMax":null,"Value":307.00818547650005},{"Length":9.960582,"Height":27.06956,"Demand":1.0,"DemandMax":null,"Value":269.62857208392},{"Length":13.60859,"Height":18.96287,"Demand":1.0,"DemandMax":null,"Value":258.0579230533},{"Length":9.09433,"Height":26.59081,"Demand":1.0,"DemandMax":null,"Value":241.8256011073},{"Length":16.40497,"Height":14.72555,"Demand":1.0,"DemandMax":null,"Value":241.57220598349997},{"Length":8.675775,"Height":27.06956,"Demand":1.0,"DemandMax":null,"Value":234.849411909},{"Length":16.53587,"Height":13.12022,"Demand":1.0,"DemandMax":null,"Value":216.9542522914},{"Length":14.68561,"Height":14.72555,"Demand":1.0,"DemandMax":null,"Value":216.2536843355},{"Length":16.53587,"Height":10.7284,"Demand":1.0,"DemandMax":null,"Value":177.403427708}]}