{"Name":"Path32_25","Objects":[{"Length":100.0,"Height":100.0,"Stock":null,"Cost":10000.0}],"Items":[{"Length":82.19064,"Height":41.64405,"Demand":1.0,"DemandMax":null,"Value":3422.751121692},{"Length":97.03335,"Height":27.82452,"Demand":1.0,"DemandMax":null,"Value":2699.906387742},{"Length":48.83342,"Height":11.88666,"Demand":1.0,"DemandMax":null,"Value":580.4662601772},{"Length":10.9765,"Height":52.4048,"Demand":1.0,"DemandMax":null,"Value":575.2212872},{"Length":6.832854,"Height":63.12927,"Demand":1.0,"DemandMax":null,"Value":431.35308503658},{"Length":82.19064,"Height":4.885029,"Demand":1.0,"DemandMax":null,"Value":401.50365992856},{"Length":41.79468,"Height":9.046205,"Demand":1.0,"DemandMax":null,"Value":378.08324318940004},{"Length":25.24074,"Height":11.88666,"Demand":1.0,"DemandMax":null,"Value":300.02809452839995},{"Length":10.9765,"Height":10.72447,"Demand":1.0,"DemandMax":null,"Value":117.717144955},{"Length":2.966655,"Height":36.87073,"Demand":1.0,"DemandMax":null,"Value":109.38273550814999},{"Length":8.116487,"Height":11.88666,"Demand":1.0,"DemandMax":null,"Value":96.477921363419981},{"Length":27.57126,"Height":3.464702,"Demand":1.0,"DemandMax":null,"Value":95.52619966452},{"Length":66.84016,"Height":1.248832,"Demand":1.0,"DemandMax":null,"Value":83.47213069312},{"Length":39.26891,"Height":2.084966,"Demand":1.0,"DemandMax":null,"Value":81.87434220706},{"Length":10.90042,"Height":7.365757,"Demand":1.0,"DemandMax":null,"Value":80.28984491794},{"Length":14.3107,"Height":5.368301,"Demand":1.0,"DemandMax":null,"Value":76.8241451207},{"Length":15.35048,"Height":4.713534,"Demand":1.0,"DemandMax":null,"Value":72.35500939632},{"Length":14.27941,"Height":4.608372,"Demand":1.0,"DemandMax":null,"Value":65.80483322052001},{"Length":39.26891,"Height":1.379737,"Demand":1.0,"DemandMax":null,"Value":54.18076807667},{"Length":31.72738,"Height":1.680447,"Demand":1.0,"DemandMax":null,"Value":53.31618053886},{"Length":9.200591,"Height":5.368301,"Demand":1.0,"DemandMax":null,"Value":49.391541865890993},{"Length":6.547552,"Height":7.365757,"Demand":1.0,"DemandMax":null,"Value":48.227676976864},{"Length":12.5432,"Height":3.677903,"Demand":1.0,"DemandMax":null,"Value":46.132672909600004},{"Length":10.96808,"Height":3.677903,"Demand":1.0,"DemandMax":null,"Value":40.339534336240007},{"Length":14.27941,"Height":2.757385,"Demand":1.0,"DemandMax":null,"Value":39.373830942850006}]}