{"Name":"Nice46_200","Objects":[{"Length":100.0,"Height":100.0,"Stock":null,"Cost":10000.0}],"Items":[{"Length":12.95833,"Height":11.51013,"Demand":1.0,"DemandMax":null,"Value":149.1520628829},{"Length":6.603536,"Height":18.57262,"Demand":1.0,"DemandMax":null,"Value":122.64496478432001},{"Length":8.334325,"Height":14.28625,"Demand":1.0,"DemandMax":null,"Value":119.06625053125},{"Length":9.527321,"Height":12.44602,"Demand":1.0,"DemandMax":null,"Value":118.57722771242001},{"Length":8.108116,"Height":14.19825,"Demand":1.0,"DemandMax":null,"Value":115.12105799700001},{"Length":17.48477,"Height":6.509922,"Demand":1.0,"DemandMax":null,"Value":113.82448888794002},{"Length":17.48477,"Height":6.26841,"Demand":1.0,"DemandMax":null,"Value":109.60170711570001},{"Length":9.498187,"Height":10.28379,"Demand":1.0,"DemandMax":null,"Value":97.677360488729988},{"Length":6.120253,"Height":15.90663,"Demand":1.0,"DemandMax":null,"Value":97.35259997739},{"Length":10.43744,"Height":9.282337,"Demand":1.0,"DemandMax":null,"Value":96.88383549728},{"Length":9.52887,"Height":9.973674,"Demand":1.0,"DemandMax":null,"Value":95.03784296838},{"Length":11.20347,"Height":7.673795,"Demand":1.0,"DemandMax":null,"Value":85.97313206865},{"Length":11.63702,"Height":7.236748,"Demand":1.0,"DemandMax":null,"Value":84.21418121096},{"Length":11.63702,"Height":6.918281,"Demand":1.0,"DemandMax":null,"Value":80.50817436262},{"Length":6.858649,"Height":11.68667,"Demand":1.0,"DemandMax":null,"Value":80.154767508829991},{"Length":12.79724,"Height":6.256436,"Demand":1.0,"DemandMax":null,"Value":80.06511303664},{"Length":7.663537,"Height":10.40131,"Demand":1.0,"DemandMax":null,"Value":79.71082403347},{"Length":14.40203,"Height":5.466548,"Demand":1.0,"DemandMax":null,"Value":78.72938829244},{"Length":10.88778,"Height":7.08313,"Demand":1.0,"DemandMax":null,"Value":77.119561151399992},{"Length":9.498187,"Height":8.075471,"Demand":1.0,"DemandMax":null,"Value":76.702333671077},{"Length":11.52614,"Height":6.539619,"Demand":1.0,"DemandMax":null,"Value":75.37656414066},{"Length":5.710793,"Height":12.98895,"Demand":1.0,"DemandMax":null,"Value":74.17720473735},{"Length":12.95833,"Height":5.656266,"Demand":1.0,"DemandMax":null,"Value":73.295761395779991},{"Length":11.68967,"Height":6.256436,"Demand":1.0,"DemandMax":null,"Value":73.13567221612},{"Length":11.20347,"Height":6.481234,"Demand":1.0,"DemandMax":null,"Value":72.612310681979992},{"Length":14.09801,"Height":5.09825,"Demand":1.0,"DemandMax":null,"Value":71.8751794825},{"Length":6.674036,"Height":10.62685,"Demand":1.0,"DemandMax":null,"Value":70.9239794666},{"Length":11.60423,"Height":5.989155,"Demand":1.0,"DemandMax":null,"Value":69.499532125649992},{"Length":7.944232,"Height":8.684676,"Demand":1.0,"DemandMax":null,"Value":68.993080988832},{"Length":4.77456,"Height":14.19825,"Demand":1.0,"DemandMax":null,"Value":67.79039652},{"Length":11.71142,"Height":5.687299,"Demand":1.0,"DemandMax":null,"Value":66.60634725458},{"Length":7.801424,"Height":8.517214,"Demand":1.0,"DemandMax":null,"Value":66.446397712735987},{"Length":8.484385,"Height":7.518672,"Demand":1.0,"DemandMax":null,"Value":63.791307936719996},{"Length":6.084736,"Height":10.23948,"Demand":1.0,"DemandMax":null,"Value":62.304532577280007},{"Length":7.625569,"Height":7.926346,"Demand":1.0,"DemandMax":null,"Value":60.442898340873995},{"Length":7.432839,"Height":8.034461,"Demand":1.0,"DemandMax":null,"Value":59.718855064779007},{"Length":7.091155,"Height":8.232862,"Demand":1.0,"DemandMax":null,"Value":58.380500535610004},{"Length":5.95542,"Height":9.801245,"Demand":1.0,"DemandMax":null,"Value":58.3705304979},{"Length":14.70823,"Height":3.966009,"Demand":1.0,"DemandMax":null,"Value":58.332972554070004},{"Length":6.828631,"Height":8.452097,"Demand":1.0,"DemandMax":null,"Value":57.716251589207},{"Length":10.82051,"Height":5.324656,"Demand":1.0,"DemandMax":null,"Value":57.615493494560006},{"Length":7.801424,"Height":7.381099,"Demand":1.0,"DemandMax":null,"Value":57.583082884976},{"Length":7.661987,"Height":7.494371,"Demand":1.0,"DemandMax":null,"Value":57.421773175177},{"Length":4.329401,"Height":13.22556,"Demand":1.0,"DemandMax":null,"Value":57.25875268956},{"Length":7.441019,"Height":7.609382,"Demand":1.0,"DemandMax":null,"Value":56.621556040258},{"Length":5.000696,"Height":11.10689,"Demand":1.0,"DemandMax":null,"Value":55.542180395439992},{"Length":8.810469,"Height":6.304103,"Demand":1.0,"DemandMax":null,"Value":55.542104054306989},{"Length":9.122827,"Height":6.086951,"Demand":1.0,"DemandMax":null,"Value":55.530200930476994},{"Length":6.838078,"Height":8.117897,"Demand":1.0,"DemandMax":null,"Value":55.510812881966},{"Length":8.484385,"Height":6.500916,"Demand":1.0,"DemandMax":null,"Value":55.15627419666},{"Length":7.704549,"Height":7.101838,"Demand":1.0,"DemandMax":null,"Value":54.716458861062},{"Length":14.70823,"Height":3.705436,"Demand":1.0,"DemandMax":null,"Value":54.500404938280006},{"Length":6.205935,"Height":8.762176,"Demand":1.0,"DemandMax":null,"Value":54.37749471456},{"Length":11.52614,"Height":4.695646,"Demand":1.0,"DemandMax":null,"Value":54.12267318644},{"Length":5.525506,"Height":9.719581,"Demand":1.0,"DemandMax":null,"Value":53.705603132986},{"Length":11.71142,"Height":4.562326,"Demand":1.0,"DemandMax":null,"Value":53.431315962919996},{"Length":12.08907,"Height":4.419004,"Demand":1.0,"DemandMax":null,"Value":53.42164868628},{"Length":14.02897,"Height":3.798269,"Demand":1.0,"DemandMax":null,"Value":53.285801852929993},{"Length":7.785739,"Height":6.804261,"Demand":1.0,"DemandMax":null,"Value":52.976200233879005},{"Length":3.975126,"Height":13.22556,"Demand":1.0,"DemandMax":null,"Value":52.57326742056},{"Length":11.60423,"Height":4.524343,"Demand":1.0,"DemandMax":null,"Value":52.50151677089},{"Length":7.668199,"Height":6.825243,"Demand":1.0,"DemandMax":null,"Value":52.337321547357007},{"Length":7.263514,"Height":7.14722,"Demand":1.0,"DemandMax":null,"Value":51.91393253108},{"Length":8.484385,"Height":6.111441,"Demand":1.0,"DemandMax":null,"Value":51.851818348784995},{"Length":4.852101,"Height":10.62685,"Demand":1.0,"DemandMax":null,"Value":51.56254951185},{"Length":8.438608,"Height":6.097068,"Demand":1.0,"DemandMax":null,"Value":51.450766801344},{"Length":12.8131,"Height":3.983124,"Demand":1.0,"DemandMax":null,"Value":51.036166124400005},{"Length":5.80592,"Height":8.762176,"Demand":1.0,"DemandMax":null,"Value":50.87249288192},{"Length":5.710793,"Height":8.873164,"Demand":1.0,"DemandMax":null,"Value":50.672802859051991},{"Length":5.323603,"Height":9.516359,"Demand":1.0,"DemandMax":null,"Value":50.661317321477},{"Length":5.274838,"Height":9.603877,"Demand":1.0,"DemandMax":null,"Value":50.658895346926},{"Length":12.75384,"Height":3.96331,"Demand":1.0,"DemandMax":null,"Value":50.5474216104},{"Length":7.995328,"Height":6.304103,"Demand":1.0,"DemandMax":null,"Value":50.403371230783996},{"Length":14.09801,"Height":3.575121,"Demand":1.0,"DemandMax":null,"Value":50.402091609210004},{"Length":10.88778,"Height":4.623922,"Demand":1.0,"DemandMax":null,"Value":50.34424547316},{"Length":5.323603,"Height":9.435606,"Demand":1.0,"DemandMax":null,"Value":50.231420408418},{"Length":14.09801,"Height":3.55302,"Demand":1.0,"DemandMax":null,"Value":50.0905114902},{"Length":5.710142,"Height":8.762176,"Demand":1.0,"DemandMax":null,"Value":50.033269188992},{"Length":5.869253,"Height":8.474421,"Demand":1.0,"DemandMax":null,"Value":49.738520877513},{"Length":5.274838,"Height":9.348088,"Demand":1.0,"DemandMax":null,"Value":49.309649809744},{"Length":7.478943,"Height":6.5516,"Demand":1.0,"DemandMax":null,"Value":48.9990429588},{"Length":7.556461,"Height":6.483583,"Demand":1.0,"DemandMax":null,"Value":48.992942079763},{"Length":12.95833,"Height":3.774056,"Demand":1.0,"DemandMax":null,"Value":48.90546308648},{"Length":4.006396,"Height":12.17474,"Demand":1.0,"DemandMax":null,"Value":48.776829637039995},{"Length":6.15251,"Height":7.926346,"Demand":1.0,"DemandMax":null,"Value":48.76692302846},{"Length":7.785739,"Height":6.252356,"Demand":1.0,"DemandMax":null,"Value":48.679211951084},{"Length":5.879863,"Height":8.277726,"Demand":1.0,"DemandMax":null,"Value":48.671894831538},{"Length":6.054816,"Height":8.034461,"Demand":1.0,"DemandMax":null,"Value":48.647183014176},{"Length":4.845435,"Height":10.00744,"Demand":1.0,"DemandMax":null,"Value":48.490400036400004},{"Length":7.681111,"Height":6.304103,"Demand":1.0,"DemandMax":null,"Value":48.422514898432993},{"Length":6.765454,"Height":7.14722,"Demand":1.0,"DemandMax":null,"Value":48.35418813788},{"Length":6.033507,"Height":7.977191,"Demand":1.0,"DemandMax":null,"Value":48.130437738837},{"Length":5.522769,"Height":8.709628,"Demand":1.0,"DemandMax":null,"Value":48.101263519932004},{"Length":5.175574,"Height":9.282337,"Demand":1.0,"DemandMax":null,"Value":48.041422036438},{"Length":7.668199,"Height":6.24637,"Demand":1.0,"DemandMax":null,"Value":47.898408187630004},{"Length":4.059787,"Height":11.73219,"Demand":1.0,"DemandMax":null,"Value":47.63019244353},{"Length":4.33812,"Height":10.96011,"Demand":1.0,"DemandMax":null,"Value":47.5462723932},{"Length":10.16373,"Height":4.673506,"Demand":1.0,"DemandMax":null,"Value":47.500253137379993},{"Length":7.661987,"Height":6.15822,"Demand":1.0,"DemandMax":null,"Value":47.18420158314},{"Length":4.008244,"Height":11.73219,"Demand":1.0,"DemandMax":null,"Value":47.02548017436},{"Length":5.525506,"Height":8.507236,"Demand":1.0,"DemandMax":null,"Value":47.006783561416007},{"Length":5.522769,"Height":8.499055,"Demand":1.0,"DemandMax":null,"Value":46.938317483295},{"Length":4.768845,"Height":9.837774,"Demand":1.0,"DemandMax":null,"Value":46.91481935103},{"Length":10.82051,"Height":4.335442,"Demand":1.0,"DemandMax":null,"Value":46.91169351542},{"Length":4.908565,"Height":9.547513,"Demand":1.0,"DemandMax":null,"Value":46.864588148845},{"Length":9.527321,"Height":4.908966,"Demand":1.0,"DemandMax":null,"Value":46.769294860086006},{"Length":12.75384,"Height":3.666321,"Demand":1.0,"DemandMax":null,"Value":46.75967142264},{"Length":12.85257,"Height":3.630905,"Demand":1.0,"DemandMax":null,"Value":46.66646067585},{"Length":4.739858,"Height":9.825138,"Demand":1.0,"DemandMax":null,"Value":46.569758950404},{"Length":4.747273,"Height":9.794848,"Demand":1.0,"DemandMax":null,"Value":46.498817449503996},{"Length":10.16373,"Height":4.574287,"Demand":1.0,"DemandMax":null,"Value":46.491818010509995},{"Length":7.151767,"Height":6.483583,"Demand":1.0,"DemandMax":null,"Value":46.369074941161},{"Length":5.75821,"Height":8.034461,"Demand":1.0,"DemandMax":null,"Value":46.264113674810005},{"Length":9.52887,"Height":4.817731,"Demand":1.0,"DemandMax":null,"Value":45.90753239397},{"Length":7.785739,"Height":5.895349,"Demand":1.0,"DemandMax":null,"Value":45.899648627911006},{"Length":12.75384,"Height":3.593482,"Demand":1.0,"DemandMax":null,"Value":45.83069447088},{"Length":6.324419,"Height":7.21824,"Demand":1.0,"DemandMax":null,"Value":45.65117420256},{"Length":10.88778,"Height":4.191261,"Demand":1.0,"DemandMax":null,"Value":45.633527690579996},{"Length":5.677915,"Height":7.977191,"Demand":1.0,"DemandMax":null,"Value":45.293812436765},{"Length":6.054045,"Height":7.405254,"Demand":1.0,"DemandMax":null,"Value":44.83174095243},{"Length":5.879863,"Height":7.620586,"Demand":1.0,"DemandMax":null,"Value":44.808001659718},{"Length":3.661803,"Height":12.17474,"Demand":1.0,"DemandMax":null,"Value":44.58149945622},{"Length":7.079294,"Height":6.288499,"Demand":1.0,"DemandMax":null,"Value":44.518133239705996},{"Length":6.324419,"Height":7.019836,"Demand":1.0,"DemandMax":null,"Value":44.396384175284},{"Length":5.294295,"Height":8.377007,"Demand":1.0,"DemandMax":null,"Value":44.350346275065007},{"Length":10.16373,"Height":4.351192,"Demand":1.0,"DemandMax":null,"Value":44.224340666159996},{"Length":3.588062,"Height":12.30083,"Demand":1.0,"DemandMax":null,"Value":44.13614069146},{"Length":6.828631,"Height":6.435768,"Demand":1.0,"DemandMax":null,"Value":43.947484873608},{"Length":7.661987,"Height":5.724066,"Demand":1.0,"DemandMax":null,"Value":43.857719279141996},{"Length":3.996205,"Height":10.96011,"Demand":1.0,"DemandMax":null,"Value":43.798846382549996},{"Length":4.371932,"Height":10.00744,"Demand":1.0,"DemandMax":null,"Value":43.751847174080005},{"Length":12.08907,"Height":3.615457,"Demand":1.0,"DemandMax":null,"Value":43.70751275499},{"Length":6.949674,"Height":6.288499,"Demand":1.0,"DemandMax":null,"Value":43.703017999326},{"Length":6.656989,"Height":6.553916,"Demand":1.0,"DemandMax":null,"Value":43.629346718924005},{"Length":5.869253,"Height":7.423892,"Demand":1.0,"DemandMax":null,"Value":43.572700392676},{"Length":4.747273,"Height":9.157117,"Demand":1.0,"DemandMax":null,"Value":43.471334291941},{"Length":4.768845,"Height":9.114191,"Demand":1.0,"DemandMax":null,"Value":43.464164179395},{"Length":6.427143,"Height":6.762249,"Demand":1.0,"DemandMax":null,"Value":43.461941324607},{"Length":8.484385,"Height":5.115325,"Demand":1.0,"DemandMax":null,"Value":43.400386700125004},{"Length":6.619064,"Height":6.5516,"Demand":1.0,"DemandMax":null,"Value":43.365459702399995},{"Length":4.739858,"Height":9.126827,"Demand":1.0,"DemandMax":null,"Value":43.259863970566},{"Length":4.319961,"Height":10.00744,"Demand":1.0,"DemandMax":null,"Value":43.231750509840005},{"Length":9.833529,"Height":4.388457,"Demand":1.0,"DemandMax":null,"Value":43.154019174753},{"Length":7.027125,"Height":6.128343,"Demand":1.0,"DemandMax":null,"Value":43.064632303875},{"Length":4.686781,"Height":9.185931,"Demand":1.0,"DemandMax":null,"Value":43.052446878111},{"Length":9.833529,"Height":4.373718,"Demand":1.0,"DemandMax":null,"Value":43.009082790822006},{"Length":4.686781,"Height":9.173326,"Demand":1.0,"DemandMax":null,"Value":42.993370003605996},{"Length":3.439063,"Height":12.30083,"Demand":1.0,"DemandMax":null,"Value":42.30332932229},{"Length":6.084736,"Height":6.822209,"Demand":1.0,"DemandMax":null,"Value":41.511340701824004},{"Length":7.091155,"Height":5.643593,"Demand":1.0,"DemandMax":null,"Value":40.019592719914996},{"Length":9.014533,"Height":4.430351,"Demand":1.0,"DemandMax":null,"Value":39.937545291083},{"Length":4.508573,"Height":8.460421,"Demand":1.0,"DemandMax":null,"Value":38.144425689233},{"Length":8.048433,"Height":4.6752,"Demand":1.0,"DemandMax":null,"Value":37.628033961599996},{"Length":8.470233,"Height":4.430351,"Demand":1.0,"DemandMax":null,"Value":37.526105241783},{"Length":5.000696,"Height":7.465731,"Demand":1.0,"DemandMax":null,"Value":37.333851148776},{"Length":6.099682,"Height":6.083239,"Demand":1.0,"DemandMax":null,"Value":37.105823429998},{"Length":7.531163,"Height":4.540894,"Demand":1.0,"DemandMax":null,"Value":34.198212879722},{"Length":6.099682,"Height":5.60343,"Demand":1.0,"DemandMax":null,"Value":34.17914110926},{"Length":3.395576,"Height":10.00744,"Demand":1.0,"DemandMax":null,"Value":33.981023085440007},{"Length":10.82051,"Height":3.134994,"Demand":1.0,"DemandMax":null,"Value":33.92223392694},{"Length":10.82051,"Height":3.10322,"Demand":1.0,"DemandMax":null,"Value":33.5784230422},{"Length":4.6497,"Height":7.136239,"Demand":1.0,"DemandMax":null,"Value":33.1813704783},{"Length":3.77941,"Height":8.762176,"Demand":1.0,"DemandMax":null,"Value":33.11585559616},{"Length":7.485737,"Height":4.295441,"Demand":1.0,"DemandMax":null,"Value":32.154541625017},{"Length":7.091155,"Height":4.482802,"Demand":1.0,"DemandMax":null,"Value":31.78824381631},{"Length":6.870871,"Height":4.540894,"Demand":1.0,"DemandMax":null,"Value":31.199896898673998},{"Length":3.117292,"Height":9.525544,"Demand":1.0,"DemandMax":null,"Value":29.693902106848},{"Length":4.174771,"Height":6.953675,"Demand":1.0,"DemandMax":null,"Value":29.030000733425},{"Length":7.670865,"Height":3.72049,"Demand":1.0,"DemandMax":null,"Value":28.53937652385},{"Length":6.656989,"Height":4.255008,"Demand":1.0,"DemandMax":null,"Value":28.325541450912002},{"Length":5.805758,"Height":4.869811,"Demand":1.0,"DemandMax":null,"Value":28.272944171738},{"Length":3.533114,"Height":7.788731,"Demand":1.0,"DemandMax":null,"Value":27.518474538334},{"Length":9.122827,"Height":2.965531,"Demand":1.0,"DemandMax":null,"Value":27.054026276136998},{"Length":3.827283,"Height":6.939303,"Demand":1.0,"DemandMax":null,"Value":26.558676403749},{"Length":2.850257,"Height":9.282337,"Demand":1.0,"DemandMax":null,"Value":26.457046010609},{"Length":5.419336,"Height":4.83019,"Demand":1.0,"DemandMax":null,"Value":26.176422553840002},{"Length":2.951745,"Height":8.833713,"Demand":1.0,"DemandMax":null,"Value":26.074868179184996},{"Length":3.304964,"Height":7.788731,"Demand":1.0,"DemandMax":null,"Value":25.741475560684002},{"Length":5.805758,"Height":4.412526,"Demand":1.0,"DemandMax":null,"Value":25.618058124708},{"Length":3.613736,"Height":6.939303,"Demand":1.0,"DemandMax":null,"Value":25.076809066007996},{"Length":6.656989,"Height":3.739761,"Demand":1.0,"DemandMax":null,"Value":24.895547839629003},{"Length":2.593886,"Height":9.525544,"Demand":1.0,"DemandMax":null,"Value":24.708175223984},{"Length":9.122827,"Height":2.679704,"Demand":1.0,"DemandMax":null,"Value":24.446476003207998},{"Length":2.759433,"Height":8.833713,"Demand":1.0,"DemandMax":null,"Value":24.376039164728997},{"Length":2.483188,"Height":9.801245,"Demand":1.0,"DemandMax":null,"Value":24.338333969060002},{"Length":3.488765,"Height":6.953675,"Demand":1.0,"DemandMax":null,"Value":24.259737961375},{"Length":4.908565,"Height":4.864532,"Demand":1.0,"DemandMax":null,"Value":23.87787151658},{"Length":6.054045,"Height":3.942891,"Demand":1.0,"DemandMax":null,"Value":23.870439544095},{"Length":7.670865,"Height":3.041759,"Demand":1.0,"DemandMax":null,"Value":23.332922651535},{"Length":5.366831,"Height":4.295441,"Demand":1.0,"DemandMax":null,"Value":23.052905917471},{"Length":4.744396,"Height":4.83019,"Demand":1.0,"DemandMax":null,"Value":22.91633411524},{"Length":4.908565,"Height":4.53992,"Demand":1.0,"DemandMax":null,"Value":22.284492414800003},{"Length":2.649936,"Height":8.377007,"Demand":1.0,"DemandMax":null,"Value":22.198532421552002},{"Length":4.808409,"Height":4.585253,"Demand":1.0,"DemandMax":null,"Value":22.047771792477},{"Length":4.705404,"Height":4.6752,"Demand":1.0,"DemandMax":null,"Value":21.9987047808},{"Length":2.361618,"Height":9.282337,"Demand":1.0,"DemandMax":null,"Value":21.921334141266},{"Length":3.054849,"Height":7.136239,"Demand":1.0,"DemandMax":null,"Value":21.800132572911},{"Length":4.72046,"Height":4.585253,"Demand":1.0,"DemandMax":null,"Value":21.64450337638},{"Length":4.508573,"Height":4.765138,"Demand":1.0,"DemandMax":null,"Value":21.483972528074002},{"Length":6.054045,"Height":3.53972,"Demand":1.0,"DemandMax":null,"Value":21.4296241674}]}