{"Name":"Nice50_50","Objects":[{"Length":100.0,"Height":100.0,"Stock":null,"Cost":10000.0}],"Items":[{"Length":31.2636,"Height":23.39606,"Demand":1.0,"DemandMax":null,"Value":731.44506141599993},{"Length":42.76282,"Height":15.24408,"Demand":1.0,"DemandMax":null,"Value":651.8798491056},{"Length":34.21415,"Height":18.30642,"Demand":1.0,"DemandMax":null,"Value":626.33859984299988},{"Length":15.0912,"Height":25.60684,"Demand":1.0,"DemandMax":null,"Value":386.437943808},{"Length":22.442,"Height":13.72864,"Demand":1.0,"DemandMax":null,"Value":308.09813888},{"Length":12.36048,"Height":21.74292,"Demand":1.0,"DemandMax":null,"Value":268.75292780160004},{"Length":22.442,"Height":11.81281,"Demand":1.0,"DemandMax":null,"Value":265.10308202000004},{"Length":14.21639,"Height":18.34892,"Demand":1.0,"DemandMax":null,"Value":260.8554027988},{"Length":18.53993,"Height":14.0699,"Demand":1.0,"DemandMax":null,"Value":260.854961107},{"Length":25.54673,"Height":9.715305,"Demand":1.0,"DemandMax":null,"Value":248.19427370265},{"Length":14.35103,"Height":16.36957,"Demand":1.0,"DemandMax":null,"Value":234.9201901571},{"Length":14.35103,"Height":15.28815,"Demand":1.0,"DemandMax":null,"Value":219.4006992945},{"Length":15.0912,"Height":13.86952,"Demand":1.0,"DemandMax":null,"Value":209.307700224},{"Length":10.73214,"Height":19.08901,"Demand":1.0,"DemandMax":null,"Value":204.86592778139996},{"Length":13.02401,"Height":15.70026,"Demand":1.0,"DemandMax":null,"Value":204.48034324260001},{"Length":19.8032,"Height":10.15444,"Demand":1.0,"DemandMax":null,"Value":201.090406208},{"Length":18.38014,"Height":10.68317,"Demand":1.0,"DemandMax":null,"Value":196.35816024380003},{"Length":10.69325,"Height":17.65041,"Demand":1.0,"DemandMax":null,"Value":188.74024673250003},{"Length":25.54673,"Height":7.092395,"Demand":1.0,"DemandMax":null,"Value":181.18750011835},{"Length":11.07724,"Height":16.0195,"Demand":1.0,"DemandMax":null,"Value":177.45184618000002},{"Length":13.02401,"Height":13.4016,"Demand":1.0,"DemandMax":null,"Value":174.542572416},{"Length":8.173187,"Height":21.16974,"Demand":1.0,"DemandMax":null,"Value":173.02424376138},{"Length":10.88239,"Height":15.24408,"Demand":1.0,"DemandMax":null,"Value":165.89202375119999},{"Length":14.21639,"Height":11.6382,"Demand":1.0,"DemandMax":null,"Value":165.453190098},{"Length":8.096527,"Height":19.61559,"Demand":1.0,"DemandMax":null,"Value":158.81815405593},{"Length":14.21639,"Height":10.92094,"Demand":1.0,"DemandMax":null,"Value":155.2563422066},{"Length":13.02401,"Height":11.80619,"Demand":1.0,"DemandMax":null,"Value":153.76393662190003},{"Length":11.07724,"Height":13.8629,"Demand":1.0,"DemandMax":null,"Value":153.562670396},{"Length":9.939511,"Height":14.85828,"Demand":1.0,"DemandMax":null,"Value":147.68403750108},{"Length":13.54545,"Height":10.76484,"Demand":1.0,"DemandMax":null,"Value":145.814601978},{"Length":6.994672,"Height":19.61559,"Demand":1.0,"DemandMax":null,"Value":137.20461813648},{"Length":7.483337,"Height":18.30642,"Demand":1.0,"DemandMax":null,"Value":136.99311012354},{"Length":10.69325,"Height":12.50859,"Demand":1.0,"DemandMax":null,"Value":133.7574800175},{"Length":14.35103,"Height":9.250329,"Demand":1.0,"DemandMax":null,"Value":132.75174898887002},{"Length":8.440625,"Height":14.85828,"Demand":1.0,"DemandMax":null,"Value":125.41316962500001},{"Length":11.07724,"Height":11.02565,"Demand":1.0,"DemandMax":null,"Value":122.133771206},{"Length":13.54545,"Height":8.973472,"Demand":1.0,"DemandMax":null,"Value":121.5497163024},{"Length":12.36048,"Height":9.825263,"Demand":1.0,"DemandMax":null,"Value":121.44496680624},{"Length":10.73214,"Height":11.16295,"Demand":1.0,"DemandMax":null,"Value":119.802342213},{"Length":11.4604,"Height":10.15444,"Demand":1.0,"DemandMax":null,"Value":116.373944176},{"Length":12.36048,"Height":9.339866,"Demand":1.0,"DemandMax":null,"Value":115.44522689568002},{"Length":10.69325,"Height":10.74905,"Demand":1.0,"DemandMax":null,"Value":114.94227891250002},{"Length":10.73214,"Height":10.65608,"Demand":1.0,"DemandMax":null,"Value":114.36254241119998},{"Length":5.37226,"Height":21.16974,"Demand":1.0,"DemandMax":null,"Value":113.7293474124},{"Length":12.8493,"Height":8.733745,"Demand":1.0,"DemandMax":null,"Value":112.2225096285},{"Length":6.12694,"Height":18.30642,"Demand":1.0,"DemandMax":null,"Value":112.1623369548},{"Length":12.69743,"Height":8.733745,"Demand":1.0,"DemandMax":null,"Value":110.89611577535001},{"Length":18.53993,"Height":5.809844,"Demand":1.0,"DemandMax":null,"Value":107.71410107092},{"Length":5.820771,"Height":18.30642,"Demand":1.0,"DemandMax":null,"Value":106.55747864981998},{"Length":18.53993,"Height":5.661702,"Demand":1.0,"DemandMax":null,"Value":104.96755876085999}]}