{"Name":"Nice18_50","Objects":[{"Length":100.0,"Height":100.0,"Stock":null,"Cost":10000.0}],"Items":[{"Length":22.72263,"Height":28.73529,"Demand":1.0,"DemandMax":null,"Value":652.94136261269989},{"Length":11.50577,"Height":36.43822,"Demand":1.0,"DemandMax":null,"Value":419.24977852940003},{"Length":24.73236,"Height":16.10705,"Demand":1.0,"DemandMax":null,"Value":398.36535913800003},{"Length":34.19395,"Height":11.17407,"Demand":1.0,"DemandMax":null,"Value":382.0855908765},{"Length":11.94099,"Height":28.49579,"Demand":1.0,"DemandMax":null,"Value":340.26794343209997},{"Length":20.678,"Height":13.83273,"Demand":1.0,"DemandMax":null,"Value":286.03319094},{"Length":20.678,"Height":13.46084,"Demand":1.0,"DemandMax":null,"Value":278.34324952},{"Length":20.53973,"Height":13.48152,"Demand":1.0,"DemandMax":null,"Value":276.90678078959996},{"Length":19.69606,"Height":12.7144,"Demand":1.0,"DemandMax":null,"Value":250.42358526399997},{"Length":14.55699,"Height":17.19734,"Demand":1.0,"DemandMax":null,"Value":250.34150640660002},{"Length":15.54151,"Height":15.01427,"Demand":1.0,"DemandMax":null,"Value":233.34442734770002},{"Length":15.07016,"Height":15.01427,"Demand":1.0,"DemandMax":null,"Value":226.2674511832},{"Length":7.92614,"Height":28.49579,"Demand":1.0,"DemandMax":null,"Value":225.8616209506},{"Length":13.5891,"Height":16.10705,"Demand":1.0,"DemandMax":null,"Value":218.880313155},{"Length":11.59395,"Height":18.81878,"Demand":1.0,"DemandMax":null,"Value":218.183994381},{"Length":9.23121,"Height":22.47226,"Demand":1.0,"DemandMax":null,"Value":207.4461512346},{"Length":11.59395,"Height":17.61944,"Demand":1.0,"DemandMax":null,"Value":204.278906388},{"Length":9.90941,"Height":20.50768,"Demand":1.0,"DemandMax":null,"Value":203.2190092688},{"Length":20.678,"Height":9.144656,"Demand":1.0,"DemandMax":null,"Value":189.09319676799998},{"Length":11.19975,"Height":16.10705,"Demand":1.0,"DemandMax":null,"Value":180.3949332375},{"Length":9.711446,"Height":18.29456,"Demand":1.0,"DemandMax":null,"Value":177.66663153376},{"Length":18.91447,"Height":9.333613,"Demand":1.0,"DemandMax":null,"Value":176.54034308011},{"Length":9.711446,"Height":18.14366,"Demand":1.0,"DemandMax":null,"Value":176.20117433236},{"Length":20.89969,"Height":8.414365,"Demand":1.0,"DemandMax":null,"Value":175.85762004685},{"Length":22.72263,"Height":7.702926,"Demand":1.0,"DemandMax":null,"Value":175.03073741537997},{"Length":13.08003,"Height":13.10978,"Demand":1.0,"DemandMax":null,"Value":171.4763156934},{"Length":13.69733,"Height":12.38874,"Demand":1.0,"DemandMax":null,"Value":169.6926600642},{"Length":13.38399,"Height":12.38874,"Demand":1.0,"DemandMax":null,"Value":165.81077227260002},{"Length":11.27371,"Height":14.55831,"Demand":1.0,"DemandMax":null,"Value":164.1261650301},{"Length":12.88049,"Height":12.38874,"Demand":1.0,"DemandMax":null,"Value":159.5730416826},{"Length":14.55699,"Height":10.3939,"Demand":1.0,"DemandMax":null,"Value":151.30389836100002},{"Length":10.31024,"Height":14.55831,"Demand":1.0,"DemandMax":null,"Value":150.0996700944},{"Length":11.86619,"Height":12.35923,"Demand":1.0,"DemandMax":null,"Value":146.6569714337},{"Length":11.94565,"Height":12.26853,"Demand":1.0,"DemandMax":null,"Value":146.5555653945},{"Length":7.127193,"Height":20.50768,"Demand":1.0,"DemandMax":null,"Value":146.16219334224002},{"Length":19.34884,"Height":7.535783,"Demand":1.0,"DemandMax":null,"Value":145.80865954172},{"Length":15.27948,"Height":9.333613,"Demand":1.0,"DemandMax":null,"Value":142.61275316124},{"Length":6.146791,"Height":22.35159,"Demand":1.0,"DemandMax":null,"Value":137.39055224769},{"Length":10.07194,"Height":13.48152,"Demand":1.0,"DemandMax":null,"Value":135.7850605488},{"Length":9.23121,"Height":13.96596,"Demand":1.0,"DemandMax":null,"Value":128.92270961160003},{"Length":14.55699,"Height":8.846981,"Demand":1.0,"DemandMax":null,"Value":128.78541394719},{"Length":20.89969,"Height":6.143941,"Demand":1.0,"DemandMax":null,"Value":128.40646227829},{"Length":5.730778,"Height":22.35159,"Demand":1.0,"DemandMax":null,"Value":128.09200023702002},{"Length":8.746919,"Height":14.55831,"Demand":1.0,"DemandMax":null,"Value":127.34035834689},{"Length":9.724547,"Height":12.7144,"Demand":1.0,"DemandMax":null,"Value":123.64178037679999},{"Length":13.08003,"Height":9.241811,"Demand":1.0,"DemandMax":null,"Value":120.88316513433001},{"Length":11.94565,"Height":10.08307,"Demand":1.0,"DemandMax":null,"Value":120.4488251455},{"Length":11.86619,"Height":9.992361,"Demand":1.0,"DemandMax":null,"Value":118.57125417459001},{"Length":9.559403,"Height":12.38874,"Demand":1.0,"DemandMax":null,"Value":118.42895832222},{"Length":19.34884,"Height":5.178613,"Demand":1.0,"DemandMax":null,"Value":100.20015435892}]}