{"Name":"Nice38_200","Objects":[{"Length":100.0,"Height":100.0,"Stock":null,"Cost":10000.0}],"Items":[{"Length":18.023,"Height":10.05422,"Demand":1.0,"DemandMax":null,"Value":181.20720706},{"Length":6.757151,"Height":19.77232,"Demand":1.0,"DemandMax":null,"Value":133.60455186032002},{"Length":9.247462,"Height":12.52331,"Demand":1.0,"DemandMax":null,"Value":115.80883333922002},{"Length":19.65606,"Height":5.415623,"Demand":1.0,"DemandMax":null,"Value":106.44981062538},{"Length":14.59,"Height":7.156949,"Demand":1.0,"DemandMax":null,"Value":104.41988591},{"Length":18.62626,"Height":5.558127,"Demand":1.0,"DemandMax":null,"Value":103.52711861501999},{"Length":13.19025,"Height":7.806311,"Demand":1.0,"DemandMax":null,"Value":102.96719366775001},{"Length":11.83091,"Height":8.570022,"Demand":1.0,"DemandMax":null,"Value":101.39115898002},{"Length":5.579648,"Height":17.72945,"Demand":1.0,"DemandMax":null,"Value":98.9240902336},{"Length":9.409706,"Height":10.28127,"Demand":1.0,"DemandMax":null,"Value":96.743728006619989},{"Length":11.14777,"Height":8.309544,"Demand":1.0,"DemandMax":null,"Value":92.63288531688},{"Length":7.35455,"Height":12.52331,"Demand":1.0,"DemandMax":null,"Value":92.1033095605},{"Length":17.63441,"Height":5.196139,"Demand":1.0,"DemandMax":null,"Value":91.630845542989988},{"Length":11.04631,"Height":8.289869,"Demand":1.0,"DemandMax":null,"Value":91.572462833389991},{"Length":12.19162,"Height":7.42987,"Demand":1.0,"DemandMax":null,"Value":90.5821516894},{"Length":18.62626,"Height":4.844866,"Demand":1.0,"DemandMax":null,"Value":90.24173378116},{"Length":7.814628,"Height":11.48818,"Demand":1.0,"DemandMax":null,"Value":89.77585309704},{"Length":7.22653,"Height":12.41576,"Demand":1.0,"DemandMax":null,"Value":89.7228621128},{"Length":10.17448,"Height":8.693377,"Demand":1.0,"DemandMax":null,"Value":88.45059041896},{"Length":11.04631,"Height":7.936723,"Demand":1.0,"DemandMax":null,"Value":87.67150264213},{"Length":12.45758,"Height":6.602167,"Demand":1.0,"DemandMax":null,"Value":82.24702357586},{"Length":11.58691,"Height":6.957218,"Demand":1.0,"DemandMax":null,"Value":80.61265881638},{"Length":6.995894,"Height":11.41376,"Demand":1.0,"DemandMax":null,"Value":79.84945510144},{"Length":9.811434,"Height":8.047974,"Demand":1.0,"DemandMax":null,"Value":78.962165734716},{"Length":8.095497,"Height":9.369325,"Demand":1.0,"DemandMax":null,"Value":75.849342429525},{"Length":7.165158,"Height":10.57063,"Demand":1.0,"DemandMax":null,"Value":75.74023410954},{"Length":9.439127,"Height":7.806311,"Demand":1.0,"DemandMax":null,"Value":73.684760930496992},{"Length":11.87983,"Height":6.063753,"Demand":1.0,"DemandMax":null,"Value":72.03635480199},{"Length":5.729424,"Height":12.41576,"Demand":1.0,"DemandMax":null,"Value":71.13515332224},{"Length":7.659084,"Height":9.188807,"Demand":1.0,"DemandMax":null,"Value":70.377844672788},{"Length":6.77537,"Height":10.34319,"Demand":1.0,"DemandMax":null,"Value":70.0789392303},{"Length":12.57168,"Height":5.498976,"Demand":1.0,"DemandMax":null,"Value":69.13136659968},{"Length":11.56946,"Height":5.924021,"Demand":1.0,"DemandMax":null,"Value":68.53772399866},{"Length":9.60957,"Height":7.129117,"Demand":1.0,"DemandMax":null,"Value":68.50774884969},{"Length":5.200092,"Height":13.00038,"Demand":1.0,"DemandMax":null,"Value":67.60317203496},{"Length":10.87737,"Height":6.14855,"Demand":1.0,"DemandMax":null,"Value":66.880053313500014},{"Length":11.05145,"Height":6.026118,"Demand":1.0,"DemandMax":null,"Value":66.5973417711},{"Length":5.670497,"Height":11.41376,"Demand":1.0,"DemandMax":null,"Value":64.72169183872},{"Length":11.58691,"Height":5.425495,"Demand":1.0,"DemandMax":null,"Value":62.864722270449995},{"Length":12.45758,"Height":5.042764,"Demand":1.0,"DemandMax":null,"Value":62.82063595112},{"Length":11.87983,"Height":5.270158,"Demand":1.0,"DemandMax":null,"Value":62.608581113140005},{"Length":5.527134,"Height":11.29312,"Demand":1.0,"DemandMax":null,"Value":62.41858751808},{"Length":12.45758,"Height":5.001606,"Demand":1.0,"DemandMax":null,"Value":62.30790687348},{"Length":12.45758,"Height":4.997013,"Demand":1.0,"DemandMax":null,"Value":62.25068920854},{"Length":5.460919,"Height":11.39713,"Demand":1.0,"DemandMax":null,"Value":62.23880376247},{"Length":11.56946,"Height":5.369103,"Demand":1.0,"DemandMax":null,"Value":62.11762239438},{"Length":6.197359,"Height":9.972136,"Demand":1.0,"DemandMax":null,"Value":61.800906788824},{"Length":6.837002,"Height":8.693377,"Demand":1.0,"DemandMax":null,"Value":59.436635935754},{"Length":9.594264,"Height":6.131124,"Demand":1.0,"DemandMax":null,"Value":58.823622272736},{"Length":11.05145,"Height":5.307793,"Demand":1.0,"DemandMax":null,"Value":58.658808949850005},{"Length":9.757664,"Height":6.000188,"Demand":1.0,"DemandMax":null,"Value":58.547818440831996},{"Length":5.099815,"Height":11.40357,"Demand":1.0,"DemandMax":null,"Value":58.156097339550008},{"Length":11.29896,"Height":5.136864,"Demand":1.0,"DemandMax":null,"Value":58.041220861439996},{"Length":12.06019,"Height":4.760885,"Demand":1.0,"DemandMax":null,"Value":57.41717766815},{"Length":4.107685,"Height":13.87831,"Demand":1.0,"DemandMax":null,"Value":57.00772581235},{"Length":9.409706,"Height":6.053869,"Demand":1.0,"DemandMax":null,"Value":56.965127452514},{"Length":11.40193,"Height":4.909154,"Demand":1.0,"DemandMax":null,"Value":55.97383026722},{"Length":5.292422,"Height":10.57063,"Demand":1.0,"DemandMax":null,"Value":55.94423476586},{"Length":11.94542,"Height":4.663468,"Demand":1.0,"DemandMax":null,"Value":55.70708391656},{"Length":8.274936,"Height":6.729019,"Demand":1.0,"DemandMax":null,"Value":55.682201567784006},{"Length":4.62634,"Height":12.02858,"Demand":1.0,"DemandMax":null,"Value":55.6483007972},{"Length":5.704653,"Height":9.721823,"Demand":1.0,"DemandMax":null,"Value":55.459626742419005},{"Length":4.058087,"Height":13.64843,"Demand":1.0,"DemandMax":null,"Value":55.38651635341},{"Length":14.59,"Height":3.786508,"Demand":1.0,"DemandMax":null,"Value":55.24515172},{"Length":14.59,"Height":3.782223,"Demand":1.0,"DemandMax":null,"Value":55.18263357},{"Length":7.814628,"Height":7.043713,"Demand":1.0,"DemandMax":null,"Value":55.043996833764005},{"Length":6.790578,"Height":8.072359,"Demand":1.0,"DemandMax":null,"Value":54.815983433502005},{"Length":10.56918,"Height":5.143545,"Demand":1.0,"DemandMax":null,"Value":54.363052943099994},{"Length":10.76975,"Height":4.945133,"Demand":1.0,"DemandMax":null,"Value":53.25784612675},{"Length":5.594092,"Height":9.497663,"Demand":1.0,"DemandMax":null,"Value":53.130800606996},{"Length":11.83091,"Height":4.430363,"Demand":1.0,"DemandMax":null,"Value":52.415225920329995},{"Length":5.071126,"Height":10.28918,"Demand":1.0,"DemandMax":null,"Value":52.177728216679995},{"Length":6.297548,"Height":8.231791,"Demand":1.0,"DemandMax":null,"Value":51.840098948468},{"Length":4.514642,"Height":11.39713,"Demand":1.0,"DemandMax":null,"Value":51.453961777460009},{"Length":12.04969,"Height":4.25501,"Demand":1.0,"DemandMax":null,"Value":51.271551446900006},{"Length":5.260076,"Height":9.721823,"Demand":1.0,"DemandMax":null,"Value":51.137527838548},{"Length":4.47077,"Height":11.39713,"Demand":1.0,"DemandMax":null,"Value":50.9539468901},{"Length":5.233151,"Height":9.721823,"Demand":1.0,"DemandMax":null,"Value":50.875767754273006},{"Length":8.043239,"Height":6.324941,"Demand":1.0,"DemandMax":null,"Value":50.873012123898995},{"Length":9.811434,"Height":5.161896,"Demand":1.0,"DemandMax":null,"Value":50.645601918863996},{"Length":10.44344,"Height":4.846697,"Demand":1.0,"DemandMax":null,"Value":50.61618931768},{"Length":4.368504,"Height":11.55402,"Demand":1.0,"DemandMax":null,"Value":50.473782586079992},{"Length":6.125844,"Height":8.231791,"Demand":1.0,"DemandMax":null,"Value":50.426667506604},{"Length":11.14777,"Height":4.518231,"Demand":1.0,"DemandMax":null,"Value":50.36819999487},{"Length":4.055531,"Height":12.41576,"Demand":1.0,"DemandMax":null,"Value":50.352499568560006},{"Length":4.55232,"Height":11.01882,"Demand":1.0,"DemandMax":null,"Value":50.1611946624},{"Length":9.871775,"Height":5.044323,"Demand":1.0,"DemandMax":null,"Value":49.796421683325},{"Length":10.67094,"Height":4.655925,"Demand":1.0,"DemandMax":null,"Value":49.683096319499995},{"Length":3.544339,"Height":13.87831,"Demand":1.0,"DemandMax":null,"Value":49.18943538709},{"Length":12.06019,"Height":4.066759,"Demand":1.0,"DemandMax":null,"Value":49.04588622421},{"Length":5.081686,"Height":9.536201,"Demand":1.0,"DemandMax":null,"Value":48.459979114886},{"Length":9.655369,"Height":5.015424,"Demand":1.0,"DemandMax":null,"Value":48.425769411456},{"Length":12.06019,"Height":3.984299,"Demand":1.0,"DemandMax":null,"Value":48.05140295681},{"Length":7.075859,"Height":6.675889,"Demand":1.0,"DemandMax":null,"Value":47.237649263651},{"Length":4.918835,"Height":9.536201,"Demand":1.0,"DemandMax":null,"Value":46.906999245834996},{"Length":4.039983,"Height":11.56272,"Demand":1.0,"DemandMax":null,"Value":46.713192233760005},{"Length":9.97823,"Height":4.444891,"Demand":1.0,"DemandMax":null,"Value":44.35214472293},{"Length":8.886319,"Height":4.945133,"Demand":1.0,"DemandMax":null,"Value":43.944029335427004},{"Length":10.56918,"Height":4.099077,"Demand":1.0,"DemandMax":null,"Value":43.32388264686},{"Length":6.937974,"Height":6.240195,"Demand":1.0,"DemandMax":null,"Value":43.294310664929995},{"Length":5.099815,"Height":8.368751,"Demand":1.0,"DemandMax":null,"Value":42.679081881065},{"Length":6.112713,"Height":6.959915,"Demand":1.0,"DemandMax":null,"Value":42.543962899395},{"Length":6.257142,"Height":6.763805,"Demand":1.0,"DemandMax":null,"Value":42.32208834531},{"Length":11.58691,"Height":3.633847,"Demand":1.0,"DemandMax":null,"Value":42.10505814277},{"Length":4.623216,"Height":9.08261,"Demand":1.0,"DemandMax":null,"Value":41.99086787376},{"Length":9.145794,"Height":4.522628,"Demand":1.0,"DemandMax":null,"Value":41.363024026632004},{"Length":3.526938,"Height":11.56272,"Demand":1.0,"DemandMax":null,"Value":40.78099655136},{"Length":6.221739,"Height":6.544193,"Demand":1.0,"DemandMax":null,"Value":40.716260811627},{"Length":4.326606,"Height":9.369325,"Demand":1.0,"DemandMax":null,"Value":40.53737776095},{"Length":7.026622,"Height":5.757744,"Demand":1.0,"DemandMax":null,"Value":40.457490660767995},{"Length":7.386454,"Height":5.466774,"Demand":1.0,"DemandMax":null,"Value":40.380074679395996},{"Length":10.38668,"Height":3.883639,"Demand":1.0,"DemandMax":null,"Value":40.33811552852},{"Length":8.9182,"Height":4.522628,"Demand":1.0,"DemandMax":null,"Value":40.3337010296},{"Length":3.646446,"Height":10.88887,"Demand":1.0,"DemandMax":null,"Value":39.70567645602},{"Length":5.79255,"Height":6.763805,"Demand":1.0,"DemandMax":null,"Value":39.17967865275},{"Length":3.93923,"Height":9.90175,"Demand":1.0,"DemandMax":null,"Value":39.005270652499995},{"Length":10.38668,"Height":3.747998,"Demand":1.0,"DemandMax":null,"Value":38.92925586664},{"Length":5.755298,"Height":6.729019,"Demand":1.0,"DemandMax":null,"Value":38.727509592662},{"Length":8.801635,"Height":4.393243,"Demand":1.0,"DemandMax":null,"Value":38.667721352304994},{"Length":5.884397,"Height":6.539865,"Demand":1.0,"DemandMax":null,"Value":38.483161986405},{"Length":7.071731,"Height":5.397905,"Demand":1.0,"DemandMax":null,"Value":38.172532123554994},{"Length":4.016818,"Height":9.497663,"Demand":1.0,"DemandMax":null,"Value":38.150383696333996},{"Length":5.474193,"Height":6.959915,"Demand":1.0,"DemandMax":null,"Value":38.099917973595},{"Length":10.56918,"Height":3.569321,"Demand":1.0,"DemandMax":null,"Value":37.72479612678},{"Length":5.598378,"Height":6.735635,"Demand":1.0,"DemandMax":null,"Value":37.70863080003},{"Length":6.371158,"Height":5.834935,"Demand":1.0,"DemandMax":null,"Value":37.17529280473},{"Length":7.620556,"Height":4.846697,"Demand":1.0,"DemandMax":null,"Value":36.934525903532},{"Length":5.996377,"Height":6.14855,"Demand":1.0,"DemandMax":null,"Value":36.86902380335},{"Length":11.04631,"Height":3.332839,"Demand":1.0,"DemandMax":null,"Value":36.81557277409},{"Length":12.10614,"Height":3.031264,"Demand":1.0,"DemandMax":null,"Value":36.69690636096},{"Length":12.10614,"Height":3.029597,"Demand":1.0,"DemandMax":null,"Value":36.676725425579995},{"Length":6.81484,"Height":5.354947,"Demand":1.0,"DemandMax":null,"Value":36.49310701348},{"Length":7.224818,"Height":5.044323,"Demand":1.0,"DemandMax":null,"Value":36.444315608214005},{"Length":5.632017,"Height":6.451144,"Demand":1.0,"DemandMax":null,"Value":36.332952677448006},{"Length":6.200521,"Height":5.834935,"Demand":1.0,"DemandMax":null,"Value":36.179637001135},{"Length":5.773337,"Height":6.260264,"Demand":1.0,"DemandMax":null,"Value":36.142613780968},{"Length":9.594264,"Height":3.739444,"Demand":1.0,"DemandMax":null,"Value":35.877212949216},{"Length":4.795341,"Height":7.42987,"Demand":1.0,"DemandMax":null,"Value":35.62876023567},{"Length":7.386454,"Height":4.822406,"Demand":1.0,"DemandMax":null,"Value":35.620480088324},{"Length":5.755633,"Height":6.14855,"Demand":1.0,"DemandMax":null,"Value":35.38879728215},{"Length":3.174268,"Height":11.11809,"Demand":1.0,"DemandMax":null,"Value":35.29179730812},{"Length":5.598378,"Height":6.264749,"Demand":1.0,"DemandMax":null,"Value":35.072432977122006},{"Length":11.04631,"Height":3.171607,"Demand":1.0,"DemandMax":null,"Value":35.03455412017},{"Length":9.97823,"Height":3.471881,"Demand":1.0,"DemandMax":null,"Value":34.643227150630004},{"Length":5.525622,"Height":6.260264,"Demand":1.0,"DemandMax":null,"Value":34.591852484208005},{"Length":5.406992,"Height":6.388712,"Demand":1.0,"DemandMax":null,"Value":34.543714674304},{"Length":6.034794,"Height":5.697288,"Demand":1.0,"DemandMax":null,"Value":34.381959438672},{"Length":3.144133,"Height":10.88887,"Demand":1.0,"DemandMax":null,"Value":34.236055499710005},{"Length":5.910623,"Height":5.697288,"Demand":1.0,"DemandMax":null,"Value":33.674521490424006},{"Length":3.02309,"Height":11.11809,"Demand":1.0,"DemandMax":null,"Value":33.6109866981},{"Length":5.242549,"Height":6.388712,"Demand":1.0,"DemandMax":null,"Value":33.493135706888005},{"Length":10.64954,"Height":3.14265,"Demand":1.0,"DemandMax":null,"Value":33.467776881},{"Length":6.542511,"Height":5.015424,"Demand":1.0,"DemandMax":null,"Value":32.813466689664004},{"Length":9.409706,"Height":3.46545,"Demand":1.0,"DemandMax":null,"Value":32.6088656577},{"Length":6.621076,"Height":4.909154,"Demand":1.0,"DemandMax":null,"Value":32.503881729704005},{"Length":3.570047,"Height":9.08261,"Demand":1.0,"DemandMax":null,"Value":32.425344582670007},{"Length":10.64954,"Height":2.972226,"Demand":1.0,"DemandMax":null,"Value":31.65283967604},{"Length":4.714583,"Height":6.675889,"Demand":1.0,"DemandMax":null,"Value":31.474032789287},{"Length":5.8634,"Height":5.251975,"Demand":1.0,"DemandMax":null,"Value":30.794430215000002},{"Length":5.8634,"Height":5.151019,"Demand":1.0,"DemandMax":null,"Value":30.2024848046},{"Length":4.135176,"Height":7.236912,"Demand":1.0,"DemandMax":null,"Value":29.925904816512006},{"Length":9.409706,"Height":3.175887,"Demand":1.0,"DemandMax":null,"Value":29.884162959222},{"Length":8.968246,"Height":3.296535,"Demand":1.0,"DemandMax":null,"Value":29.564136827610003},{"Length":5.099471,"Height":5.796677,"Demand":1.0,"DemandMax":null,"Value":29.559986257867003},{"Length":6.340545,"Height":4.655925,"Demand":1.0,"DemandMax":null,"Value":29.521101979124996},{"Length":4.407438,"Height":6.675889,"Demand":1.0,"DemandMax":null,"Value":29.423566862382},{"Length":5.099471,"Height":5.76604,"Demand":1.0,"DemandMax":null,"Value":29.403753764840005},{"Length":5.079513,"Height":5.757744,"Demand":1.0,"DemandMax":null,"Value":29.246535498672},{"Length":9.811434,"Height":2.953386,"Demand":1.0,"DemandMax":null,"Value":28.976951815524},{"Length":5.632017,"Height":5.102876,"Demand":1.0,"DemandMax":null,"Value":28.739484380892},{"Length":6.221739,"Height":4.613676,"Demand":1.0,"DemandMax":null,"Value":28.705087902564},{"Length":7.247725,"Height":3.933478,"Demand":1.0,"DemandMax":null,"Value":28.50876683755},{"Length":3.593334,"Height":7.916772,"Demand":1.0,"DemandMax":null,"Value":28.447605997848},{"Length":10.28175,"Height":2.744475,"Demand":1.0,"DemandMax":null,"Value":28.21800583125},{"Length":3.438843,"Height":8.188705,"Demand":1.0,"DemandMax":null,"Value":28.159670868315},{"Length":2.841919,"Height":9.90175,"Demand":1.0,"DemandMax":null,"Value":28.13997145825},{"Length":2.813115,"Height":9.90175,"Demand":1.0,"DemandMax":null,"Value":27.85476145125},{"Length":2.990457,"Height":9.188807,"Demand":1.0,"DemandMax":null,"Value":27.478732214799003},{"Length":9.811434,"Height":2.797977,"Demand":1.0,"DemandMax":null,"Value":27.452166669018},{"Length":3.336527,"Height":8.188705,"Demand":1.0,"DemandMax":null,"Value":27.321835327535002},{"Length":3.439919,"Height":7.916772,"Demand":1.0,"DemandMax":null,"Value":27.233054421468},{"Length":5.884397,"Height":4.618004,"Demand":1.0,"DemandMax":null,"Value":27.174168883588},{"Length":8.968246,"Height":3.028405,"Demand":1.0,"DemandMax":null,"Value":27.15948102763},{"Length":3.992771,"Height":6.729019,"Demand":1.0,"DemandMax":null,"Value":26.867431921649},{"Length":10.28175,"Height":2.610472,"Demand":1.0,"DemandMax":null,"Value":26.840220486000003},{"Length":7.247725,"Height":3.698158,"Demand":1.0,"DemandMax":null,"Value":26.80323219055},{"Length":9.915231,"Height":2.703017,"Demand":1.0,"DemandMax":null,"Value":26.801037951927},{"Length":4.457839,"Height":6.00975,"Demand":1.0,"DemandMax":null,"Value":26.79049793025},{"Length":7.401915,"Height":3.61123,"Demand":1.0,"DemandMax":null,"Value":26.73001750545},{"Length":9.915231,"Height":2.694888,"Demand":1.0,"DemandMax":null,"Value":26.720437039128004},{"Length":2.812481,"Height":9.497663,"Demand":1.0,"DemandMax":null,"Value":26.711996731903},{"Length":6.937974,"Height":3.836412,"Demand":1.0,"DemandMax":null,"Value":26.616926709288},{"Length":9.757664,"Height":2.72501,"Demand":1.0,"DemandMax":null,"Value":26.589731976640003},{"Length":4.135176,"Height":6.411517,"Demand":1.0,"DemandMax":null,"Value":26.512751221992},{"Length":6.937974,"Height":3.801705,"Demand":1.0,"DemandMax":null,"Value":26.37613044567},{"Length":4.62634,"Height":5.70087,"Demand":1.0,"DemandMax":null,"Value":26.3741629158},{"Length":2.805197,"Height":9.369325,"Demand":1.0,"DemandMax":null,"Value":26.282802382025},{"Length":4.343796,"Height":6.00975,"Demand":1.0,"DemandMax":null,"Value":26.105128011},{"Length":9.757664,"Height":2.67193,"Demand":1.0,"DemandMax":null,"Value":26.07179517152},{"Length":7.401915,"Height":3.517886,"Demand":1.0,"DemandMax":null,"Value":26.039093151689997}]}