{"Name":"Nice28_50","Objects":[{"Length":100.0,"Height":100.0,"Stock":null,"Cost":10000.0}],"Items":[{"Length":27.92878,"Height":22.06527,"Demand":1.0,"DemandMax":null,"Value":616.25607147060009},{"Length":19.46261,"Height":31.11988,"Demand":1.0,"DemandMax":null,"Value":605.6740876868},{"Length":16.66982,"Height":35.86644,"Demand":1.0,"DemandMax":null,"Value":597.8870988408},{"Length":9.913652,"Height":32.51295,"Demand":1.0,"DemandMax":null,"Value":322.32207179339997},{"Length":27.53809,"Height":10.75429,"Demand":1.0,"DemandMax":null,"Value":296.1526059061},{"Length":9.055382,"Height":32.51295,"Demand":1.0,"DemandMax":null,"Value":294.41718219689994},{"Length":18.96903,"Height":14.35198,"Demand":1.0,"DemandMax":null,"Value":272.2431391794},{"Length":9.542583,"Height":26.8238,"Demand":1.0,"DemandMax":null,"Value":255.9683378754},{"Length":16.96976,"Height":14.55873,"Demand":1.0,"DemandMax":null,"Value":247.05815400480003},{"Length":21.65582,"Height":10.35012,"Demand":1.0,"DemandMax":null,"Value":224.14033569839998},{"Length":12.13492,"Height":18.46978,"Demand":1.0,"DemandMax":null,"Value":224.12930271759998},{"Length":27.92878,"Height":7.990669,"Demand":1.0,"DemandMax":null,"Value":223.16963655382},{"Length":22.15524,"Height":10.01012,"Demand":1.0,"DemandMax":null,"Value":221.7766110288},{"Length":16.96976,"Height":12.73463,"Demand":1.0,"DemandMax":null,"Value":216.1036147888},{"Length":12.85536,"Height":16.72936,"Demand":1.0,"DemandMax":null,"Value":215.06194536959998},{"Length":25.55259,"Height":8.327509,"Demand":1.0,"DemandMax":null,"Value":212.78942319830998},{"Length":27.53809,"Height":7.715485,"Demand":1.0,"DemandMax":null,"Value":212.46972032365},{"Length":11.15992,"Height":18.46978,"Demand":1.0,"DemandMax":null,"Value":206.1212672176},{"Length":7.427173,"Height":26.8238,"Demand":1.0,"DemandMax":null,"Value":199.22500311739998},{"Length":9.7968,"Height":18.66225,"Demand":1.0,"DemandMax":null,"Value":182.83033079999998},{"Length":10.69039,"Height":17.02979,"Demand":1.0,"DemandMax":null,"Value":182.0550967181},{"Length":12.69723,"Height":14.07976,"Demand":1.0,"DemandMax":null,"Value":178.7739510648},{"Length":16.96976,"Height":10.38327,"Demand":1.0,"DemandMax":null,"Value":176.2015999152},{"Length":18.96903,"Height":9.240722,"Demand":1.0,"DemandMax":null,"Value":175.28753283966},{"Length":10.14916,"Height":17.02979,"Demand":1.0,"DemandMax":null,"Value":172.83806347639998},{"Length":12.69723,"Height":13.0923,"Demand":1.0,"DemandMax":null,"Value":166.23594432899998},{"Length":9.7968,"Height":16.83732,"Demand":1.0,"DemandMax":null,"Value":164.95185657599998},{"Length":19.46261,"Height":8.302602,"Demand":1.0,"DemandMax":null,"Value":161.59030471122003},{"Length":18.96903,"Height":8.394776,"Demand":1.0,"DemandMax":null,"Value":159.24075778728002},{"Length":22.15524,"Height":7.01967,"Demand":1.0,"DemandMax":null,"Value":155.52247357079997},{"Length":14.2063,"Height":10.70983,"Demand":1.0,"DemandMax":null,"Value":152.147057929},{"Length":13.72247,"Height":10.70983,"Demand":1.0,"DemandMax":null,"Value":146.9653208801},{"Length":21.65582,"Height":6.679675,"Demand":1.0,"DemandMax":null,"Value":144.6538394585},{"Length":10.29662,"Height":13.82203,"Demand":1.0,"DemandMax":null,"Value":142.3201905386},{"Length":8.923645,"Height":15.21594,"Demand":1.0,"DemandMax":null,"Value":135.7816469013},{"Length":12.85536,"Height":10.4427,"Demand":1.0,"DemandMax":null,"Value":134.244667872},{"Length":9.165991,"Height":14.63204,"Demand":1.0,"DemandMax":null,"Value":134.11714695164},{"Length":13.81769,"Height":9.530791,"Demand":1.0,"DemandMax":null,"Value":131.69351549279003},{"Length":13.81769,"Height":8.938987,"Demand":1.0,"DemandMax":null,"Value":123.51615128002999},{"Length":15.25334,"Height":8.08462,"Demand":1.0,"DemandMax":null,"Value":123.31745763079999},{"Length":16.66982,"Height":7.366292,"Demand":1.0,"DemandMax":null,"Value":122.79476170744},{"Length":7.74618,"Height":15.21594,"Demand":1.0,"DemandMax":null,"Value":117.8654101092},{"Length":14.31575,"Height":8.107008,"Demand":1.0,"DemandMax":null,"Value":116.057899776},{"Length":10.29662,"Height":11.25591,"Demand":1.0,"DemandMax":null,"Value":115.89782802420001},{"Length":15.25334,"Height":7.543032,"Demand":1.0,"DemandMax":null,"Value":115.05643172688},{"Length":13.61302,"Height":8.107008,"Demand":1.0,"DemandMax":null,"Value":110.36086204416002},{"Length":6.889461,"Height":15.62765,"Demand":1.0,"DemandMax":null,"Value":107.66608519664999},{"Length":16.66982,"Height":6.051754,"Demand":1.0,"DemandMax":null,"Value":100.88164986428},{"Length":9.165991,"Height":10.4459,"Demand":1.0,"DemandMax":null,"Value":95.7470253869},{"Length":5.785974,"Height":15.62765,"Demand":1.0,"DemandMax":null,"Value":90.4211765811}]}