{"Name":"Path21_200","Objects":[{"Length":100.0,"Height":100.0,"Stock":null,"Cost":10000.0}],"Items":[{"Length":26.13706,"Height":26.61588,"Demand":1.0,"DemandMax":null,"Value":695.6608525128},{"Length":26.13706,"Height":22.90721,"Demand":1.0,"DemandMax":null,"Value":598.72712220260007},{"Length":16.14206,"Height":34.00433,"Demand":1.0,"DemandMax":null,"Value":548.8999351198},{"Length":48.62963,"Height":9.775454,"Demand":1.0,"DemandMax":null,"Value":475.37671110201995},{"Length":13.68107,"Height":34.00433,"Demand":1.0,"DemandMax":null,"Value":465.21561903310004},{"Length":13.91432,"Height":31.01348,"Demand":1.0,"DemandMax":null,"Value":431.5314850336},{"Length":20.75073,"Height":15.51875,"Demand":1.0,"DemandMax":null,"Value":322.0253911875},{"Length":11.86761,"Height":26.44828,"Demand":1.0,"DemandMax":null,"Value":313.87787221080004},{"Length":6.848022,"Height":40.65979,"Demand":1.0,"DemandMax":null,"Value":278.43913643538},{"Length":51.75589,"Height":5.34258,"Demand":1.0,"DemandMax":null,"Value":276.5099827962},{"Length":61.35945,"Height":3.477122,"Demand":1.0,"DemandMax":null,"Value":213.35429350290002},{"Length":70.32969,"Height":2.889885,"Demand":1.0,"DemandMax":null,"Value":203.24471618565},{"Length":48.76366,"Height":3.968262,"Demand":1.0,"DemandMax":null,"Value":193.50697895892},{"Length":14.54959,"Height":11.7295,"Demand":1.0,"DemandMax":null,"Value":170.659415905},{"Length":16.27571,"Height":9.18811,"Demand":1.0,"DemandMax":null,"Value":149.5430138081},{"Length":3.25923,"Height":43.66164,"Demand":1.0,"DemandMax":null,"Value":142.3033269372},{"Length":10.9399,"Height":11.31901,"Demand":1.0,"DemandMax":null,"Value":123.828837499},{"Length":70.32969,"Height":1.727343,"Demand":1.0,"DemandMax":null,"Value":121.48349771367},{"Length":24.401,"Height":4.761875,"Demand":1.0,"DemandMax":null,"Value":116.19451187499999},{"Length":10.91074,"Height":10.52969,"Demand":1.0,"DemandMax":null,"Value":114.88670987060002},{"Length":34.35609,"Height":2.766372,"Demand":1.0,"DemandMax":null,"Value":95.041725405480008},{"Length":50.08422,"Height":1.825532,"Demand":1.0,"DemandMax":null,"Value":91.43034630504},{"Length":10.21734,"Height":8.167315,"Demand":1.0,"DemandMax":null,"Value":83.4482342421},{"Length":71.37021,"Height":1.162454,"Demand":1.0,"DemandMax":null,"Value":82.96458609534001},{"Length":10.9399,"Height":7.190587,"Demand":1.0,"DemandMax":null,"Value":78.66430272129999},{"Length":10.61238,"Height":7.371431,"Demand":1.0,"DemandMax":null,"Value":78.22842691578},{"Length":1.495699,"Height":49.52308,"Demand":1.0,"DemandMax":null,"Value":74.07162123292},{"Length":2.681979,"Height":26.44828,"Demand":1.0,"DemandMax":null,"Value":70.93373154612},{"Length":6.492313,"Height":10.58143,"Demand":1.0,"DemandMax":null,"Value":68.69795554759},{"Length":1.353498,"Height":47.96248,"Demand":1.0,"DemandMax":null,"Value":64.91712075504},{"Length":9.479025,"Height":6.734634,"Demand":1.0,"DemandMax":null,"Value":63.83776405185},{"Length":22.98038,"Height":2.766372,"Demand":1.0,"DemandMax":null,"Value":63.57227978136},{"Length":45.85693,"Height":1.334018,"Demand":1.0,"DemandMax":null,"Value":61.173970044739995},{"Length":8.918623,"Height":6.734634,"Demand":1.0,"DemandMax":null,"Value":60.063661688982},{"Length":50.08422,"Height":1.17076,"Demand":1.0,"DemandMax":null,"Value":58.636601407200004},{"Length":13.21282,"Height":3.814034,"Demand":1.0,"DemandMax":null,"Value":50.39414471588},{"Length":35.18719,"Height":1.410291,"Demand":1.0,"DemandMax":null,"Value":49.62417737229},{"Length":7.22861,"Height":6.734634,"Demand":1.0,"DemandMax":null,"Value":48.68204267874},{"Length":36.09851,"Height":1.163747,"Demand":1.0,"DemandMax":null,"Value":42.00953271697},{"Length":4.939032,"Height":8.452803,"Demand":1.0,"DemandMax":null,"Value":41.748664506695995},{"Length":2.580084,"Height":15.51875,"Demand":1.0,"DemandMax":null,"Value":40.039678574999996},{"Length":12.52762,"Height":3.132207,"Demand":1.0,"DemandMax":null,"Value":39.239099057340006},{"Length":21.39761,"Height":1.802355,"Demand":1.0,"DemandMax":null,"Value":38.56608937155},{"Length":35.39869,"Height":1.055187,"Demand":1.0,"DemandMax":null,"Value":37.352237505030004},{"Length":21.29105,"Height":1.740147,"Demand":1.0,"DemandMax":null,"Value":37.04955678435},{"Length":6.685163,"Height":5.34258,"Demand":1.0,"DemandMax":null,"Value":35.71601814054},{"Length":48.62963,"Height":0.6812043,"Demand":1.0,"DemandMax":null,"Value":33.126713063409},{"Length":33.32181,"Height":0.9842786,"Demand":1.0,"DemandMax":null,"Value":32.797944496266},{"Length":26.61366,"Height":1.210803,"Demand":1.0,"DemandMax":null,"Value":32.22389936898},{"Length":6.492313,"Height":4.937321,"Demand":1.0,"DemandMax":null,"Value":32.054633313473},{"Length":45.85693,"Height":0.6581671,"Demand":1.0,"DemandMax":null,"Value":30.181522633003},{"Length":40.35612,"Height":0.7476613,"Demand":1.0,"DemandMax":null,"Value":30.172709142156},{"Length":4.158679,"Height":7.071167,"Demand":1.0,"DemandMax":null,"Value":29.406713708393003},{"Length":28.62979,"Height":1.02585,"Demand":1.0,"DemandMax":null,"Value":29.3698700715},{"Length":2.974429,"Height":9.636436,"Demand":1.0,"DemandMax":null,"Value":28.662894695044002},{"Length":4.04676,"Height":6.942286,"Demand":1.0,"DemandMax":null,"Value":28.09376529336},{"Length":29.32283,"Height":0.9144003,"Demand":1.0,"DemandMax":null,"Value":26.812804548849},{"Length":13.50611,"Height":1.976586,"Demand":1.0,"DemandMax":null,"Value":26.69598794046},{"Length":2.974429,"Height":8.873165,"Demand":1.0,"DemandMax":null,"Value":26.392599297785},{"Length":6.665273,"Height":3.950415,"Demand":1.0,"DemandMax":null,"Value":26.330594438295},{"Length":12.43276,"Height":2.040619,"Demand":1.0,"DemandMax":null,"Value":25.37052627844},{"Length":10.21734,"Height":2.479382,"Demand":1.0,"DemandMax":null,"Value":25.332688883880003},{"Length":28.62979,"Height":0.8673885,"Demand":1.0,"DemandMax":null,"Value":24.833150603415},{"Length":31.93962,"Height":0.7685158,"Demand":1.0,"DemandMax":null,"Value":24.546102615996},{"Length":30.33317,"Height":0.8001356,"Demand":1.0,"DemandMax":null,"Value":24.270649177851997},{"Length":2.470235,"Height":9.781866,"Demand":1.0,"DemandMax":null,"Value":24.163507758510004},{"Length":2.468797,"Height":9.781866,"Demand":1.0,"DemandMax":null,"Value":24.149441435202},{"Length":45.85693,"Height":0.5188522,"Demand":1.0,"DemandMax":null,"Value":23.792969015746},{"Length":48.62963,"Height":0.4877194,"Demand":1.0,"DemandMax":null,"Value":23.717613965822},{"Length":5.843459,"Height":4.024716,"Demand":1.0,"DemandMax":null,"Value":23.518262932644},{"Length":14.50036,"Height":1.619117,"Demand":1.0,"DemandMax":null,"Value":23.47777938212},{"Length":26.09062,"Height":0.8909687,"Demand":1.0,"DemandMax":null,"Value":23.245925783594},{"Length":28.20938,"Height":0.8189815,"Demand":1.0,"DemandMax":null,"Value":23.10296034647},{"Length":2.100816,"Height":10.87185,"Demand":1.0,"DemandMax":null,"Value":22.8397564296},{"Length":4.04676,"Height":5.632194,"Demand":1.0,"DemandMax":null,"Value":22.79213739144},{"Length":0.7125922,"Height":31.33453,"Demand":1.0,"DemandMax":null,"Value":22.328741668666},{"Length":10.91074,"Height":2.044786,"Demand":1.0,"DemandMax":null,"Value":22.310128401640004},{"Length":36.49908,"Height":0.6033271,"Demand":1.0,"DemandMax":null,"Value":22.020884089067998},{"Length":18.32312,"Height":1.200865,"Demand":1.0,"DemandMax":null,"Value":22.0035934988},{"Length":8.572806,"Height":2.561835,"Demand":1.0,"DemandMax":null,"Value":21.96211445901},{"Length":3.874809,"Height":5.642482,"Demand":1.0,"DemandMax":null,"Value":21.863540035938},{"Length":15.48361,"Height":1.410291,"Demand":1.0,"DemandMax":null,"Value":21.83639583051},{"Length":21.29476,"Height":1.019967,"Demand":1.0,"DemandMax":null,"Value":21.719952472920003},{"Length":2.345546,"Height":9.18811,"Demand":1.0,"DemandMax":null,"Value":21.55113465806},{"Length":0.4891743,"Height":43.66164,"Demand":1.0,"DemandMax":null,"Value":21.358152183852},{"Length":2.17226,"Height":9.771471,"Demand":1.0,"DemandMax":null,"Value":21.226175594460003},{"Length":0.4832718,"Height":43.66164,"Demand":1.0,"DemandMax":null,"Value":21.100439353751998},{"Length":35.67841,"Height":0.5749161,"Demand":1.0,"DemandMax":null,"Value":20.512092331401},{"Length":3.874809,"Height":5.229369,"Demand":1.0,"DemandMax":null,"Value":20.262806065521},{"Length":13.22659,"Height":1.51676,"Demand":1.0,"DemandMax":null,"Value":20.061562648400002},{"Length":18.00096,"Height":1.109743,"Demand":1.0,"DemandMax":null,"Value":19.976439353279996},{"Length":0.454946,"Height":43.66164,"Demand":1.0,"DemandMax":null,"Value":19.86368847144},{"Length":10.21734,"Height":1.927783,"Demand":1.0,"DemandMax":null,"Value":19.69681435722},{"Length":16.21383,"Height":1.210803,"Demand":1.0,"DemandMax":null,"Value":19.631754005490002},{"Length":7.574273,"Height":2.586688,"Demand":1.0,"DemandMax":null,"Value":19.592281077824},{"Length":0.8937189,"Height":21.90309,"Demand":1.0,"DemandMax":null,"Value":19.575205501400998},{"Length":15.85151,"Height":1.216273,"Demand":1.0,"DemandMax":null,"Value":19.27976362223},{"Length":7.574273,"Height":2.538656,"Demand":1.0,"DemandMax":null,"Value":19.228473597088},{"Length":11.28164,"Height":1.686306,"Demand":1.0,"DemandMax":null,"Value":19.02429722184},{"Length":10.22601,"Height":1.831269,"Demand":1.0,"DemandMax":null,"Value":18.726575106690003},{"Length":19.59631,"Height":0.9546721,"Demand":1.0,"DemandMax":null,"Value":18.708050419951},{"Length":20.45225,"Height":0.8909687,"Demand":1.0,"DemandMax":null,"Value":18.222314594575},{"Length":2.567791,"Height":7.071167,"Demand":1.0,"DemandMax":null,"Value":18.157278982097},{"Length":4.939032,"Height":3.668422,"Demand":1.0,"DemandMax":null,"Value":18.118453647504},{"Length":5.742967,"Height":3.132207,"Demand":1.0,"DemandMax":null,"Value":17.988161438169},{"Length":7.129072,"Height":2.511038,"Demand":1.0,"DemandMax":null,"Value":17.901370696736},{"Length":6.665273,"Height":2.652069,"Demand":1.0,"DemandMax":null,"Value":17.676763899837},{"Length":14.54959,"Height":1.212031,"Demand":1.0,"DemandMax":null,"Value":17.63455411729},{"Length":1.598648,"Height":10.87185,"Demand":1.0,"DemandMax":null,"Value":17.3802612588},{"Length":10.11596,"Height":1.686306,"Demand":1.0,"DemandMax":null,"Value":17.05860404376},{"Length":8.308561,"Height":2.040619,"Demand":1.0,"DemandMax":null,"Value":16.954607439258996},{"Length":13.99589,"Height":1.210803,"Demand":1.0,"DemandMax":null,"Value":16.94626559967},{"Length":36.49908,"Height":0.4640546,"Demand":1.0,"DemandMax":null,"Value":16.937565969768},{"Length":1.731444,"Height":9.771471,"Demand":1.0,"DemandMax":null,"Value":16.918754834123998},{"Length":8.285957,"Height":1.976586,"Demand":1.0,"DemandMax":null,"Value":16.377906602802},{"Length":8.299991,"Height":1.97273,"Demand":1.0,"DemandMax":null,"Value":16.37364124543},{"Length":6.720963,"Height":2.40004,"Demand":1.0,"DemandMax":null,"Value":16.13058003852},{"Length":5.843459,"Height":2.709918,"Demand":1.0,"DemandMax":null,"Value":15.835294726362001},{"Length":16.5022,"Height":0.9546721,"Demand":1.0,"DemandMax":null,"Value":15.754189928619999},{"Length":17.22003,"Height":0.9144003,"Demand":1.0,"DemandMax":null,"Value":15.746000598009003},{"Length":0.717475,"Height":21.90309,"Demand":1.0,"DemandMax":null,"Value":15.714919497749998},{"Length":2.21971,"Height":7.071167,"Demand":1.0,"DemandMax":null,"Value":15.69594010157},{"Length":2.918391,"Height":5.34258,"Demand":1.0,"DemandMax":null,"Value":15.59173738878},{"Length":1.592203,"Height":9.771471,"Demand":1.0,"DemandMax":null,"Value":15.558165440613001},{"Length":18.16638,"Height":0.8536631,"Demand":1.0,"DemandMax":null,"Value":15.507968266578},{"Length":2.280859,"Height":6.734634,"Demand":1.0,"DemandMax":null,"Value":15.360750570606},{"Length":18.62125,"Height":0.8158944,"Demand":1.0,"DemandMax":null,"Value":15.192973596},{"Length":10.69872,"Height":1.410291,"Demand":1.0,"DemandMax":null,"Value":15.088308527519999},{"Length":7.551523,"Height":1.97273,"Demand":1.0,"DemandMax":null,"Value":14.897115967790002},{"Length":9.199265,"Height":1.619117,"Demand":1.0,"DemandMax":null,"Value":14.894686349005},{"Length":18.62125,"Height":0.7973062,"Demand":1.0,"DemandMax":null,"Value":14.84683807675},{"Length":10.50677,"Height":1.410291,"Demand":1.0,"DemandMax":null,"Value":14.817603170069999},{"Length":18.0881,"Height":0.8189815,"Demand":1.0,"DemandMax":null,"Value":14.81381927015},{"Length":18.71303,"Height":0.7818246,"Demand":1.0,"DemandMax":null,"Value":14.630307194538},{"Length":13.29343,"Height":1.097213,"Demand":1.0,"DemandMax":null,"Value":14.585724210590001},{"Length":3.793549,"Height":3.814034,"Demand":1.0,"DemandMax":null,"Value":14.468724866666},{"Length":35.05173,"Height":0.4069255,"Demand":1.0,"DemandMax":null,"Value":14.263442756115},{"Length":7.77495,"Height":1.831269,"Demand":1.0,"DemandMax":null,"Value":14.23802491155},{"Length":16.68367,"Height":0.8469318,"Demand":1.0,"DemandMax":null,"Value":14.129930663706},{"Length":13.23095,"Height":1.055187,"Demand":1.0,"DemandMax":null,"Value":13.961126437650002},{"Length":1.969302,"Height":7.071167,"Demand":1.0,"DemandMax":null,"Value":13.925263315434},{"Length":35.05173,"Height":0.3932101,"Demand":1.0,"DemandMax":null,"Value":13.782694258473},{"Length":15.85151,"Height":0.8688239,"Demand":1.0,"DemandMax":null,"Value":13.772170739088999},{"Length":7.766891,"Height":1.773168,"Demand":1.0,"DemandMax":null,"Value":13.772002580688001},{"Length":18.71303,"Height":0.7349349,"Demand":1.0,"DemandMax":null,"Value":13.752858831746998},{"Length":7.51773,"Height":1.767367,"Demand":1.0,"DemandMax":null,"Value":13.28658791691},{"Length":15.25595,"Height":0.8469318,"Demand":1.0,"DemandMax":null,"Value":12.92074919421},{"Length":2.967256,"Height":4.300848,"Demand":1.0,"DemandMax":null,"Value":12.761717033088},{"Length":16.26136,"Height":0.7695668,"Demand":1.0,"DemandMax":null,"Value":12.514202778848},{"Length":0.4794695,"Height":25.92523,"Demand":1.0,"DemandMax":null,"Value":12.430357065485},{"Length":8.572806,"Height":1.406427,"Demand":1.0,"DemandMax":null,"Value":12.057025824162},{"Length":0.7125922,"Height":16.62795,"Demand":1.0,"DemandMax":null,"Value":11.84894747199},{"Length":33.32181,"Height":0.3425594,"Demand":1.0,"DemandMax":null,"Value":11.414699240514},{"Length":8.750134,"Height":1.210803,"Demand":1.0,"DemandMax":null,"Value":10.594688497602},{"Length":13.22105,"Height":0.7983914,"Demand":1.0,"DemandMax":null,"Value":10.55557261897},{"Length":2.629088,"Height":3.894222,"Demand":1.0,"DemandMax":null,"Value":10.238252329536},{"Length":3.246934,"Height":3.132207,"Demand":1.0,"DemandMax":null,"Value":10.170069403338001},{"Length":2.461377,"Height":4.057827,"Demand":1.0,"DemandMax":null,"Value":9.9878420477789991},{"Length":7.819039,"Height":1.269975,"Demand":1.0,"DemandMax":null,"Value":9.929984054025},{"Length":5.491389,"Height":1.773168,"Demand":1.0,"DemandMax":null,"Value":9.737155250352},{"Length":5.362972,"Height":1.773168,"Demand":1.0,"DemandMax":null,"Value":9.509450335296},{"Length":2.198836,"Height":4.300848,"Demand":1.0,"DemandMax":null,"Value":9.456859412928},{"Length":3.891415,"Height":2.40004,"Demand":1.0,"DemandMax":null,"Value":9.3395516566},{"Length":2.264241,"Height":4.057827,"Demand":1.0,"DemandMax":null,"Value":9.187898264307},{"Length":5.143938,"Height":1.767367,"Demand":1.0,"DemandMax":null,"Value":9.091226271246},{"Length":1.338676,"Height":6.734634,"Demand":1.0,"DemandMax":null,"Value":9.0154929045839989},{"Length":0.916401,"Height":9.771471,"Demand":1.0,"DemandMax":null,"Value":8.9545857958710009},{"Length":7.888472,"Height":1.120979,"Demand":1.0,"DemandMax":null,"Value":8.842811454088},{"Length":0.8956676,"Height":9.771471,"Demand":1.0,"DemandMax":null,"Value":8.7519899790396},{"Length":9.130397,"Height":0.9478294,"Demand":1.0,"DemandMax":null,"Value":8.6540587102718014},{"Length":6.730548,"Height":1.269975,"Demand":1.0,"DemandMax":null,"Value":8.5476276963000011},{"Length":13.29343,"Height":0.6429345,"Demand":1.0,"DemandMax":null,"Value":8.546804770335},{"Length":0.4794695,"Height":17.73641,"Demand":1.0,"DemandMax":null,"Value":8.504067634495},{"Length":9.848495,"Height":0.8536631,"Demand":1.0,"DemandMax":null,"Value":8.4072967720344991},{"Length":4.391244,"Height":1.907499,"Demand":1.0,"DemandMax":null,"Value":8.376293538756},{"Length":4.391244,"Height":1.906534,"Demand":1.0,"DemandMax":null,"Value":8.3720559882960011},{"Length":8.123955,"Height":1.019967,"Demand":1.0,"DemandMax":null,"Value":8.2861660094850009},{"Length":9.740327,"Height":0.8189815,"Demand":1.0,"DemandMax":null,"Value":7.9771476169505009},{"Length":2.629088,"Height":3.015929,"Demand":1.0,"DemandMax":null,"Value":7.9291427427519992},{"Length":1.951356,"Height":4.057827,"Demand":1.0,"DemandMax":null,"Value":7.918265063412},{"Length":9.347089,"Height":0.8189815,"Demand":1.0,"DemandMax":null,"Value":7.6550929698535},{"Length":3.441218,"Height":2.217218,"Demand":1.0,"DemandMax":null,"Value":7.629930491524},{"Length":0.6779262,"Height":11.21362,"Demand":1.0,"DemandMax":null,"Value":7.6020067948440007},{"Length":1.872517,"Height":4.057827,"Demand":1.0,"DemandMax":null,"Value":7.598350040559},{"Length":0.3461209,"Height":21.90309,"Demand":1.0,"DemandMax":null,"Value":7.581117223581},{"Length":2.629088,"Height":2.86132,"Demand":1.0,"DemandMax":null,"Value":7.52266207616},{"Length":9.130397,"Height":0.8195378,"Demand":1.0,"DemandMax":null,"Value":7.4827054705066},{"Length":12.95122,"Height":0.5749161,"Demand":1.0,"DemandMax":null,"Value":7.445864892642},{"Length":9.728093,"Height":0.7476613,"Demand":1.0,"DemandMax":null,"Value":7.2733186589008989},{"Length":7.888472,"Height":0.9196402,"Demand":1.0,"DemandMax":null,"Value":7.2545559677744},{"Length":0.6779262,"Height":10.68947,"Demand":1.0,"DemandMax":null,"Value":7.2466717771140008},{"Length":8.484206,"Height":0.8536631,"Demand":1.0,"DemandMax":null,"Value":7.2426535949986},{"Length":7.080365,"Height":1.019967,"Demand":1.0,"DemandMax":null,"Value":7.221738647955},{"Length":3.224055,"Height":2.217218,"Demand":1.0,"DemandMax":null,"Value":7.1484327789899993},{"Length":18.20166,"Height":0.3926189,"Demand":1.0,"DemandMax":null,"Value":7.146315727374},{"Length":1.546592,"Height":4.617228,"Demand":1.0,"DemandMax":null,"Value":7.140967886976},{"Length":17.89685,"Height":0.3926189,"Demand":1.0,"DemandMax":null,"Value":7.026641560465},{"Length":5.796697,"Height":1.210803,"Demand":1.0,"DemandMax":null,"Value":7.018658117691},{"Length":16.26136,"Height":0.431298,"Demand":1.0,"DemandMax":null,"Value":7.0134920452800005},{"Length":13.22105,"Height":0.5284466,"Demand":1.0,"DemandMax":null,"Value":6.98661892093}]}