{"Name":"Path1_100","Objects":[{"Length":100.0,"Height":100.0,"Stock":null,"Cost":10000.0}],"Items":[{"Length":66.41014,"Height":22.58638,"Demand":1.0,"DemandMax":null,"Value":1499.9646578932},{"Length":49.89878,"Height":26.42571,"Demand":1.0,"DemandMax":null,"Value":1318.6106896338},{"Length":10.80839,"Height":50.44383,"Demand":1.0,"DemandMax":null,"Value":545.2165877337},{"Length":49.89878,"Height":8.123472,"Demand":1.0,"DemandMax":null,"Value":405.35134216416},{"Length":7.441764,"Height":50.44383,"Demand":1.0,"DemandMax":null,"Value":375.39107811612},{"Length":30.71195,"Height":10.82619,"Demand":1.0,"DemandMax":null,"Value":332.4934059705},{"Length":9.653809,"Height":29.67593,"Demand":1.0,"DemandMax":null,"Value":286.48576011737003},{"Length":21.2018,"Height":13.16058,"Demand":1.0,"DemandMax":null,"Value":279.027985044},{"Length":23.59949,"Height":10.89873,"Demand":1.0,"DemandMax":null,"Value":257.2044696477},{"Length":6.627722,"Height":34.54919,"Demand":1.0,"DemandMax":null,"Value":228.98242664518003},{"Length":41.20461,"Height":5.355551,"Demand":1.0,"DemandMax":null,"Value":220.67339029011},{"Length":6.154009,"Height":34.54919,"Demand":1.0,"DemandMax":null,"Value":212.61602620271003},{"Length":7.078392,"Height":29.67593,"Demand":1.0,"DemandMax":null,"Value":210.05786550456},{"Length":14.52475,"Height":13.36493,"Demand":1.0,"DemandMax":null,"Value":194.12226701749998},{"Length":7.817509,"Height":22.58638,"Demand":1.0,"DemandMax":null,"Value":176.56922892742},{"Length":5.023225,"Height":34.54919,"Demand":1.0,"DemandMax":null,"Value":173.54835493775002},{"Length":70.33542,"Height":2.436572,"Demand":1.0,"DemandMax":null,"Value":171.37731498024},{"Length":21.2018,"Height":6.580703,"Demand":1.0,"DemandMax":null,"Value":139.5227488654},{"Length":5.538497,"Height":22.17488,"Demand":1.0,"DemandMax":null,"Value":122.81550635536},{"Length":18.79912,"Height":6.028456,"Demand":1.0,"DemandMax":null,"Value":113.32966775871999},{"Length":9.153507,"Height":12.13727,"Demand":1.0,"DemandMax":null,"Value":111.09858590588999},{"Length":4.570549,"Height":22.58638,"Demand":1.0,"DemandMax":null,"Value":103.23215652261999},{"Length":5.556846,"Height":18.30268,"Demand":1.0,"DemandMax":null,"Value":101.70517414727999},{"Length":5.556846,"Height":17.83539,"Demand":1.0,"DemandMax":null,"Value":99.10851557994},{"Length":2.631681,"Height":34.54919,"Demand":1.0,"DemandMax":null,"Value":90.92244688839},{"Length":6.715201,"Height":12.53911,"Demand":1.0,"DemandMax":null,"Value":84.20264401111001},{"Length":9.556726,"Height":8.7815,"Demand":1.0,"DemandMax":null,"Value":83.922389368999987},{"Length":5.986324,"Height":13.36493,"Demand":1.0,"DemandMax":null,"Value":80.006801217319989},{"Length":1.99521,"Height":36.13807,"Demand":1.0,"DemandMax":null,"Value":72.103038644699993},{"Length":41.20461,"Height":1.654715,"Demand":1.0,"DemandMax":null,"Value":68.18188623615},{"Length":7.603799,"Height":8.255175,"Demand":1.0,"DemandMax":null,"Value":62.770691409825},{"Length":1.179846,"Height":50.44383,"Demand":1.0,"DemandMax":null,"Value":59.515951050179993},{"Length":1.016037,"Height":50.44383,"Demand":1.0,"DemandMax":null,"Value":51.25279770171},{"Length":18.62181,"Height":2.62699,"Demand":1.0,"DemandMax":null,"Value":48.9193086519},{"Length":15.69942,"Height":2.845096,"Demand":1.0,"DemandMax":null,"Value":44.666357044319994},{"Length":0.818425,"Height":50.44383,"Demand":1.0,"DemandMax":null,"Value":41.284491567749996},{"Length":2.912739,"Height":13.99973,"Demand":1.0,"DemandMax":null,"Value":40.77755956047},{"Length":23.59949,"Height":1.64038,"Demand":1.0,"DemandMax":null,"Value":38.7121314062},{"Length":29.66458,"Height":1.250198,"Demand":1.0,"DemandMax":null,"Value":37.08659858684},{"Length":9.556726,"Height":3.757611,"Demand":1.0,"DemandMax":null,"Value":35.910458741586},{"Length":39.19777,"Height":0.8734146,"Demand":1.0,"DemandMax":null,"Value":34.235904605442},{"Length":36.5858,"Height":0.9345279,"Demand":1.0,"DemandMax":null,"Value":34.190450843819995},{"Length":1.312688,"Height":25.8097,"Demand":1.0,"DemandMax":null,"Value":33.8800834736},{"Length":5.580657,"Height":6.028456,"Demand":1.0,"DemandMax":null,"Value":33.642745175592005},{"Length":14.96699,"Height":2.22832,"Demand":1.0,"DemandMax":null,"Value":33.3512431568},{"Length":29.66458,"Height":1.112942,"Demand":1.0,"DemandMax":null,"Value":33.014956994360006},{"Length":2.888855,"Height":10.82619,"Demand":1.0,"DemandMax":null,"Value":31.27529311245},{"Length":31.61253,"Height":0.9345279,"Demand":1.0,"DemandMax":null,"Value":29.542791274587},{"Length":26.025,"Height":1.116649,"Demand":1.0,"DemandMax":null,"Value":29.060790224999998},{"Length":11.04277,"Height":2.62699,"Demand":1.0,"DemandMax":null,"Value":29.009246362300004},{"Length":2.912739,"Height":9.920597,"Demand":1.0,"DemandMax":null,"Value":28.896109785183004},{"Length":16.50992,"Height":1.735629,"Demand":1.0,"DemandMax":null,"Value":28.655095939680002},{"Length":12.693,"Height":2.22832,"Demand":1.0,"DemandMax":null,"Value":28.28406576},{"Length":7.552056,"Height":3.7018,"Demand":1.0,"DemandMax":null,"Value":27.956200900800003},{"Length":11.78512,"Height":2.346882,"Demand":1.0,"DemandMax":null,"Value":27.658285995839996},{"Length":32.43066,"Height":0.8488664,"Demand":1.0,"DemandMax":null,"Value":27.529297603824002},{"Length":15.71809,"Height":1.74896,"Demand":1.0,"DemandMax":null,"Value":27.4903106864},{"Length":4.548562,"Height":6.028456,"Demand":1.0,"DemandMax":null,"Value":27.420805880272002},{"Length":41.20461,"Height":0.6514165,"Demand":1.0,"DemandMax":null,"Value":26.841362830065},{"Length":42.17333,"Height":0.6352693,"Demand":1.0,"DemandMax":null,"Value":26.791421827769003},{"Length":0.8480661,"Height":30.3919,"Demand":1.0,"DemandMax":null,"Value":25.77434010459},{"Length":32.43066,"Height":0.7946854,"Demand":1.0,"DemandMax":null,"Value":25.772172014364003},{"Length":3.984951,"Height":6.337144,"Demand":1.0,"DemandMax":null,"Value":25.253208319944},{"Length":14.37288,"Height":1.74896,"Demand":1.0,"DemandMax":null,"Value":25.1375922048},{"Length":16.82834,"Height":1.473467,"Demand":1.0,"DemandMax":null,"Value":24.79600365478},{"Length":10.53587,"Height":2.346882,"Demand":1.0,"DemandMax":null,"Value":24.726443657339995},{"Length":3.947375,"Height":6.242819,"Demand":1.0,"DemandMax":null,"Value":24.642747650125},{"Length":41.20461,"Height":0.5931523,"Demand":1.0,"DemandMax":null,"Value":24.440609192103},{"Length":2.912739,"Height":8.132191,"Demand":1.0,"DemandMax":null,"Value":23.686949881149005},{"Length":13.15466,"Height":1.735629,"Demand":1.0,"DemandMax":null,"Value":22.83160938114},{"Length":9.30422,"Height":2.376595,"Demand":1.0,"DemandMax":null,"Value":22.112362730900003},{"Length":2.136431,"Height":9.877637,"Demand":1.0,"DemandMax":null,"Value":21.102889893547},{"Length":8.816664,"Height":2.346882,"Demand":1.0,"DemandMax":null,"Value":20.691670041648},{"Length":42.17333,"Height":0.4813793,"Demand":1.0,"DemandMax":null,"Value":20.301368074069},{"Length":7.603799,"Height":2.571012,"Demand":1.0,"DemandMax":null,"Value":19.549458474588},{"Length":1.830299,"Height":10.60397,"Demand":1.0,"DemandMax":null,"Value":19.40843568703},{"Length":9.153507,"Height":2.078303,"Demand":1.0,"DemandMax":null,"Value":19.023761058620998},{"Length":32.43066,"Height":0.584768,"Demand":1.0,"DemandMax":null,"Value":18.96441218688},{"Length":1.320217,"Height":14.0974,"Demand":1.0,"DemandMax":null,"Value":18.6116271358},{"Length":1.31447,"Height":14.11632,"Demand":1.0,"DemandMax":null,"Value":18.5554791504},{"Length":1.736806,"Height":10.60397,"Demand":1.0,"DemandMax":null,"Value":18.417038719820003},{"Length":8.107682,"Height":2.22832,"Demand":1.0,"DemandMax":null,"Value":18.06650995424},{"Length":10.30317,"Height":1.74896,"Demand":1.0,"DemandMax":null,"Value":18.0198322032},{"Length":41.20461,"Height":0.4323889,"Demand":1.0,"DemandMax":null,"Value":17.816415992829},{"Length":7.42798,"Height":2.376595,"Demand":1.0,"DemandMax":null,"Value":17.6533001281},{"Length":20.51107,"Height":0.8506401,"Demand":1.0,"DemandMax":null,"Value":17.447538635907},{"Length":2.873327,"Height":6.028456,"Demand":1.0,"DemandMax":null,"Value":17.321725393112},{"Length":0.8480661,"Height":20.05193,"Demand":1.0,"DemandMax":null,"Value":17.005362072573},{"Length":3.984951,"Height":4.266823,"Demand":1.0,"DemandMax":null,"Value":17.003080580673},{"Length":1.705037,"Height":9.877637,"Demand":1.0,"DemandMax":null,"Value":16.841736557569},{"Length":1.697029,"Height":9.877637,"Demand":1.0,"DemandMax":null,"Value":16.762636440473},{"Length":1.333192,"Height":12.53911,"Demand":1.0,"DemandMax":null,"Value":16.71704113912},{"Length":11.26031,"Height":1.473467,"Demand":1.0,"DemandMax":null,"Value":16.59169519477},{"Length":9.360808,"Height":1.74896,"Demand":1.0,"DemandMax":null,"Value":16.37167875968},{"Length":11.10912,"Height":1.473467,"Demand":1.0,"DemandMax":null,"Value":16.368921719040003},{"Length":18.44339,"Height":0.8746032,"Demand":1.0,"DemandMax":null,"Value":16.130647912848},{"Length":18.44339,"Height":0.8743567,"Demand":1.0,"DemandMax":null,"Value":16.126101617213},{"Length":5.502379,"Height":2.845096,"Demand":1.0,"DemandMax":null,"Value":15.654796483384},{"Length":1.320217,"Height":11.7123,"Demand":1.0,"DemandMax":null,"Value":15.4627775691},{"Length":1.31447,"Height":11.69338,"Demand":1.0,"DemandMax":null,"Value":15.3705972086}]}