{"Name":"Nice40_100","Objects":[{"Length":100.0,"Height":100.0,"Stock":null,"Cost":10000.0}],"Items":[{"Length":28.50961,"Height":13.60863,"Demand":1.0,"DemandMax":null,"Value":387.9767339343},{"Length":23.68833,"Height":12.1595,"Demand":1.0,"DemandMax":null,"Value":288.038248635},{"Length":31.23823,"Height":8.521806,"Demand":1.0,"DemandMax":null,"Value":266.20613584338},{"Length":13.42636,"Height":18.86539,"Demand":1.0,"DemandMax":null,"Value":253.29351768040004},{"Length":18.67143,"Height":13.4114,"Demand":1.0,"DemandMax":null,"Value":250.41001630200003},{"Length":12.85292,"Height":18.48152,"Demand":1.0,"DemandMax":null,"Value":237.5414980384},{"Length":8.522308,"Height":26.0739,"Demand":1.0,"DemandMax":null,"Value":222.2098065612},{"Length":13.42636,"Height":15.29898,"Demand":1.0,"DemandMax":null,"Value":205.4096131128},{"Length":8.899945,"Height":20.26558,"Demand":1.0,"DemandMax":null,"Value":180.36254739310002},{"Length":10.66814,"Height":16.84773,"Demand":1.0,"DemandMax":null,"Value":179.73394232219997},{"Length":12.44093,"Height":13.28457,"Demand":1.0,"DemandMax":null,"Value":165.2724054501},{"Length":23.68833,"Height":6.811097,"Demand":1.0,"DemandMax":null,"Value":161.34351339801},{"Length":11.25137,"Height":13.70587,"Demand":1.0,"DemandMax":null,"Value":154.20981454190002},{"Length":13.0802,"Height":10.9177,"Demand":1.0,"DemandMax":null,"Value":142.80569954},{"Length":15.02435,"Height":9.297318,"Demand":1.0,"DemandMax":null,"Value":139.6861596933},{"Length":6.413329,"Height":20.61969,"Demand":1.0,"DemandMax":null,"Value":132.24085584801},{"Length":16.41259,"Height":7.951701,"Demand":1.0,"DemandMax":null,"Value":130.50800831559002},{"Length":16.23775,"Height":8.00461,"Demand":1.0,"DemandMax":null,"Value":129.9768560275},{"Length":16.13572,"Height":7.881584,"Demand":1.0,"DemandMax":null,"Value":127.17503258047999},{"Length":8.899945,"Height":13.63868,"Demand":1.0,"DemandMax":null,"Value":121.38350187260002},{"Length":6.861522,"Height":17.58902,"Demand":1.0,"DemandMax":null,"Value":120.68744768844},{"Length":10.69335,"Height":11.0638,"Demand":1.0,"DemandMax":null,"Value":118.30908573},{"Length":10.73304,"Height":10.44392,"Demand":1.0,"DemandMax":null,"Value":112.09501111680001},{"Length":5.435498,"Height":20.61969,"Demand":1.0,"DemandMax":null,"Value":112.07828375561999},{"Length":9.729568,"Height":11.25842,"Demand":1.0,"DemandMax":null,"Value":109.53956296256},{"Length":10.73304,"Height":10.17577,"Demand":1.0,"DemandMax":null,"Value":109.2169464408},{"Length":12.85292,"Height":8.425347,"Demand":1.0,"DemandMax":null,"Value":108.29031096324},{"Length":6.962524,"Height":15.01591,"Demand":1.0,"DemandMax":null,"Value":104.54863375684},{"Length":9.497221,"Height":10.9863,"Demand":1.0,"DemandMax":null,"Value":104.3393190723},{"Length":6.148818,"Height":16.91545,"Demand":1.0,"DemandMax":null,"Value":104.0100234381},{"Length":11.25137,"Height":9.241746,"Demand":1.0,"DemandMax":null,"Value":103.98230369201998},{"Length":9.793314,"Height":10.40429,"Demand":1.0,"DemandMax":null,"Value":101.89247891706},{"Length":11.30697,"Height":8.981461,"Demand":1.0,"DemandMax":null,"Value":101.55311008317},{"Length":6.443548,"Height":15.53879,"Demand":1.0,"DemandMax":null,"Value":100.12493922692},{"Length":6.403867,"Height":15.49552,"Demand":1.0,"DemandMax":null,"Value":99.23124917584},{"Length":7.549898,"Height":12.71528,"Demand":1.0,"DemandMax":null,"Value":95.99906704144},{"Length":16.13572,"Height":5.94151,"Demand":1.0,"DemandMax":null,"Value":95.8705417372},{"Length":7.549898,"Height":12.66718,"Demand":1.0,"DemandMax":null,"Value":95.63591694764},{"Length":5.569609,"Height":16.84773,"Demand":1.0,"DemandMax":null,"Value":93.835268637569982},{"Length":8.87812,"Height":10.40429,"Demand":1.0,"DemandMax":null,"Value":92.3705351348},{"Length":9.029319,"Height":10.06251,"Demand":1.0,"DemandMax":null,"Value":90.85761273069},{"Length":14.99721,"Height":5.99534,"Demand":1.0,"DemandMax":null,"Value":89.9133730014},{"Length":12.84741,"Height":6.938437,"Demand":1.0,"DemandMax":null,"Value":89.14094489817},{"Length":8.476963,"Height":10.30007,"Demand":1.0,"DemandMax":null,"Value":87.31331228741},{"Length":7.730726,"Height":11.25842,"Demand":1.0,"DemandMax":null,"Value":87.03576021292},{"Length":13.54289,"Height":6.411865,"Demand":1.0,"DemandMax":null,"Value":86.83518238984999},{"Length":10.15114,"Height":8.115675,"Demand":1.0,"DemandMax":null,"Value":82.3833531195},{"Length":4.445444,"Height":17.58902,"Demand":1.0,"DemandMax":null,"Value":78.191003424880009},{"Length":4.608975,"Height":16.588,"Demand":1.0,"DemandMax":null,"Value":76.45367730000001},{"Length":8.205701,"Height":9.312033,"Demand":1.0,"DemandMax":null,"Value":76.41175850013299},{"Length":14.99721,"Height":5.068463,"Demand":1.0,"DemandMax":null,"Value":76.01280398823},{"Length":4.485646,"Height":16.91545,"Demand":1.0,"DemandMax":null,"Value":75.8767206307},{"Length":8.03205,"Height":9.312033,"Demand":1.0,"DemandMax":null,"Value":74.79471465764999},{"Length":10.82347,"Height":6.807005,"Demand":1.0,"DemandMax":null,"Value":73.67541440735},{"Length":10.14094,"Height":7.235213,"Demand":1.0,"DemandMax":null,"Value":73.37186092022},{"Length":4.420343,"Height":16.588,"Demand":1.0,"DemandMax":null,"Value":73.324649684000008},{"Length":9.497221,"Height":7.556419,"Demand":1.0,"DemandMax":null,"Value":71.764981211599},{"Length":4.246896,"Height":16.5941,"Demand":1.0,"DemandMax":null,"Value":70.473416913599991},{"Length":4.230067,"Height":16.5941,"Demand":1.0,"DemandMax":null,"Value":70.1941548047},{"Length":10.22729,"Height":6.807005,"Demand":1.0,"DemandMax":null,"Value":69.61721416645},{"Length":5.696129,"Height":12.18287,"Demand":1.0,"DemandMax":null,"Value":69.39519911023},{"Length":12.61036,"Height":5.499509,"Demand":1.0,"DemandMax":null,"Value":69.35078831324},{"Length":8.520295,"Height":8.115675,"Demand":1.0,"DemandMax":null,"Value":69.147945124125},{"Length":12.61036,"Height":5.418186,"Demand":1.0,"DemandMax":null,"Value":68.32527600696001},{"Length":9.497221,"Height":7.107464,"Demand":1.0,"DemandMax":null,"Value":67.501156357544},{"Length":8.522308,"Height":7.830367,"Demand":1.0,"DemandMax":null,"Value":66.732799327036},{"Length":16.13572,"Height":4.12154,"Demand":1.0,"DemandMax":null,"Value":66.5040154088},{"Length":9.029319,"Height":7.253761,"Demand":1.0,"DemandMax":null,"Value":65.496522018759},{"Length":11.25137,"Height":5.800098,"Demand":1.0,"DemandMax":null,"Value":65.25904863426},{"Length":16.13572,"Height":4.036865,"Demand":1.0,"DemandMax":null,"Value":65.1377233178},{"Length":11.04932,"Height":5.889257,"Demand":1.0,"DemandMax":null,"Value":65.07228515524},{"Length":10.14545,"Height":6.411865,"Demand":1.0,"DemandMax":null,"Value":65.05125576425},{"Length":12.85292,"Height":5.024495,"Demand":1.0,"DemandMax":null,"Value":64.5794322754},{"Length":13.48526,"Height":4.777839,"Demand":1.0,"DemandMax":null,"Value":64.43040115314},{"Length":5.286805,"Height":12.18287,"Demand":1.0,"DemandMax":null,"Value":64.40845803035},{"Length":10.51253,"Height":6.010732,"Demand":1.0,"DemandMax":null,"Value":63.18800047196},{"Length":10.14094,"Height":6.049361,"Demand":1.0,"DemandMax":null,"Value":61.346206939340007},{"Length":13.48526,"Height":4.519479,"Demand":1.0,"DemandMax":null,"Value":60.946349379539996},{"Length":6.443548,"Height":9.454131,"Demand":1.0,"DemandMax":null,"Value":60.918146896788},{"Length":6.403867,"Height":9.497406,"Demand":1.0,"DemandMax":null,"Value":60.820124869002},{"Length":11.30697,"Height":5.360884,"Demand":1.0,"DemandMax":null,"Value":60.615354561480004},{"Length":6.865678,"Height":8.732242,"Demand":1.0,"DemandMax":null,"Value":59.952761790075996},{"Length":4.906046,"Height":12.18287,"Demand":1.0,"DemandMax":null,"Value":59.76972063202},{"Length":9.497221,"Height":6.281181,"Demand":1.0,"DemandMax":null,"Value":59.653764098001},{"Length":4.88654,"Height":12.18287,"Demand":1.0,"DemandMax":null,"Value":59.5320815698},{"Length":8.423266,"Height":7.064205,"Demand":1.0,"DemandMax":null,"Value":59.50367779353},{"Length":8.476963,"Height":7.010099,"Demand":1.0,"DemandMax":null,"Value":59.424349849337},{"Length":11.04932,"Height":5.369162,"Demand":1.0,"DemandMax":null,"Value":59.32558906984},{"Length":3.937792,"Height":15.01591,"Demand":1.0,"DemandMax":null,"Value":59.12953027072},{"Length":10.51253,"Height":5.610624,"Demand":1.0,"DemandMax":null,"Value":58.98185311872},{"Length":6.81137,"Height":8.62507,"Demand":1.0,"DemandMax":null,"Value":58.748543045899993},{"Length":11.25137,"Height":5.156555,"Demand":1.0,"DemandMax":null,"Value":58.01830823035},{"Length":10.63564,"Height":5.375867,"Demand":1.0,"DemandMax":null,"Value":57.175786099880007},{"Length":6.81137,"Height":8.290385,"Demand":1.0,"DemandMax":null,"Value":56.468879677450005},{"Length":7.989327,"Height":7.064205,"Demand":1.0,"DemandMax":null,"Value":56.438243740035006},{"Length":3.756705,"Height":15.01591,"Demand":1.0,"DemandMax":null,"Value":56.410344176550005},{"Length":3.754428,"Height":15.01591,"Demand":1.0,"DemandMax":null,"Value":56.376152949479994},{"Length":6.865678,"Height":8.183213,"Demand":1.0,"DemandMax":null,"Value":56.183305463414},{"Length":10.41511,"Height":5.375867,"Demand":1.0,"DemandMax":null,"Value":55.990246150370005},{"Length":10.51253,"Height":5.294098,"Demand":1.0,"DemandMax":null,"Value":55.65436404794}]}