{"Name":"Nice48_50","Objects":[{"Length":100.0,"Height":100.0,"Stock":null,"Cost":10000.0}],"Items":[{"Length":15.94369,"Height":26.63278,"Demand":1.0,"DemandMax":null,"Value":424.62478815820003},{"Length":34.07511,"Height":11.88296,"Demand":1.0,"DemandMax":null,"Value":404.91316912560006},{"Length":39.24586,"Height":10.22789,"Demand":1.0,"DemandMax":null,"Value":401.4023390354},{"Length":13.90746,"Height":25.38899,"Demand":1.0,"DemandMax":null,"Value":353.0963628654},{"Length":13.25299,"Height":25.38899,"Demand":1.0,"DemandMax":null,"Value":336.4800305801},{"Length":25.11824,"Height":13.21041,"Demand":1.0,"DemandMax":null,"Value":331.8222488784},{"Length":21.25467,"Height":14.65279,"Demand":1.0,"DemandMax":null,"Value":311.4402160293},{"Length":26.17606,"Height":11.71022,"Demand":1.0,"DemandMax":null,"Value":306.5274213332},{"Length":19.98737,"Height":15.17084,"Demand":1.0,"DemandMax":null,"Value":303.22519229079995},{"Length":21.25467,"Height":14.13293,"Demand":1.0,"DemandMax":null,"Value":300.3907632831},{"Length":22.72597,"Height":12.97134,"Demand":1.0,"DemandMax":null,"Value":294.7862836998},{"Length":23.11694,"Height":12.63383,"Demand":1.0,"DemandMax":null,"Value":292.0554900802},{"Length":17.6808,"Height":16.01392,"Demand":1.0,"DemandMax":null,"Value":283.138916736},{"Length":20.66203,"Height":13.68851,"Demand":1.0,"DemandMax":null,"Value":282.83240427530006},{"Length":10.14403,"Height":26.57339,"Demand":1.0,"DemandMax":null,"Value":269.5612653617},{"Length":19.42504,"Height":13.70597,"Demand":1.0,"DemandMax":null,"Value":266.2390154888},{"Length":21.25467,"Height":12.36379,"Demand":1.0,"DemandMax":null,"Value":262.7882763993},{"Length":20.70411,"Height":12.45954,"Demand":1.0,"DemandMax":null,"Value":257.9636867094},{"Length":9.281012,"Height":26.57339,"Demand":1.0,"DemandMax":null,"Value":246.62795147068002},{"Length":18.13639,"Height":12.18802,"Demand":1.0,"DemandMax":null,"Value":221.04668404779997},{"Length":8.160963,"Height":25.38899,"Demand":1.0,"DemandMax":null,"Value":207.19860799737},{"Length":16.89729,"Height":11.71022,"Demand":1.0,"DemandMax":null,"Value":197.87098330380002},{"Length":15.94369,"Height":11.48455,"Demand":1.0,"DemandMax":null,"Value":183.1061049895},{"Length":21.25467,"Height":8.358387,"Demand":1.0,"DemandMax":null,"Value":177.65475741729003},{"Length":11.32227,"Height":15.17084,"Demand":1.0,"DemandMax":null,"Value":171.7683466068},{"Length":22.41132,"Height":7.663298,"Demand":1.0,"DemandMax":null,"Value":171.74462373336002},{"Length":17.6808,"Height":9.384811,"Demand":1.0,"DemandMax":null,"Value":165.9309663288},{"Length":12.817,"Height":12.90534,"Demand":1.0,"DemandMax":null,"Value":165.40774278},{"Length":11.34031,"Height":12.97134,"Demand":1.0,"DemandMax":null,"Value":147.0990167154},{"Length":11.27337,"Height":12.90534,"Demand":1.0,"DemandMax":null,"Value":145.48667279580002},{"Length":12.82556,"Height":11.14757,"Demand":1.0,"DemandMax":null,"Value":142.97382788919998},{"Length":22.41132,"Height":6.025213,"Demand":1.0,"DemandMax":null,"Value":135.03297661116},{"Length":12.02616,"Height":11.14757,"Demand":1.0,"DemandMax":null,"Value":134.0624604312},{"Length":9.630928,"Height":12.63383,"Demand":1.0,"DemandMax":null,"Value":121.67550709424},{"Length":9.310319,"Height":12.97134,"Demand":1.0,"DemandMax":null,"Value":120.76731325745999},{"Length":7.936223,"Height":15.17084,"Demand":1.0,"DemandMax":null,"Value":120.39916933732},{"Length":8.956868,"Height":13.21041,"Demand":1.0,"DemandMax":null,"Value":118.32389859588},{"Length":9.086661,"Height":12.90534,"Demand":1.0,"DemandMax":null,"Value":117.26644966974},{"Length":8.055187,"Height":13.70846,"Demand":1.0,"DemandMax":null,"Value":110.42420878202},{"Length":18.52488,"Height":5.587907,"Demand":1.0,"DemandMax":null,"Value":103.51530662616001},{"Length":18.52488,"Height":5.55966,"Demand":1.0,"DemandMax":null,"Value":102.9920343408},{"Length":15.04064,"Height":6.772447,"Demand":1.0,"DemandMax":null,"Value":101.86193724607999},{"Length":15.94369,"Height":5.904437,"Demand":1.0,"DemandMax":null,"Value":94.13851315253},{"Length":8.055187,"Height":11.68053,"Demand":1.0,"DemandMax":null,"Value":94.08885340911},{"Length":10.04623,"Height":9.228547,"Demand":1.0,"DemandMax":null,"Value":92.71210572781},{"Length":7.164585,"Height":12.45954,"Demand":1.0,"DemandMax":null,"Value":89.2674333909},{"Length":15.94369,"Height":5.486138,"Demand":1.0,"DemandMax":null,"Value":87.469283569220011},{"Length":9.378815,"Height":9.228547,"Demand":1.0,"DemandMax":null,"Value":86.552835031805},{"Length":15.04064,"Height":5.415573,"Demand":1.0,"DemandMax":null,"Value":81.45368388672},{"Length":4.879174,"Height":12.45954,"Demand":1.0,"DemandMax":null,"Value":60.79226361996}]}