{"Name":"Path4_200","Objects":[{"Length":100.0,"Height":100.0,"Stock":null,"Cost":10000.0}],"Items":[{"Length":84.82965,"Height":8.66892,"Demand":1.0,"DemandMax":null,"Value":735.381449478},{"Length":32.73585,"Height":20.52183,"Demand":1.0,"DemandMax":null,"Value":671.7995486055},{"Length":17.55681,"Height":31.87901,"Demand":1.0,"DemandMax":null,"Value":559.69372155809992},{"Length":42.39825,"Height":8.659718,"Demand":1.0,"DemandMax":null,"Value":367.1568886935},{"Length":21.97461,"Height":12.98426,"Demand":1.0,"DemandMax":null,"Value":285.3240496386},{"Length":12.79575,"Height":19.893,"Demand":1.0,"DemandMax":null,"Value":254.54585475000002},{"Length":9.760767,"Height":25.90555,"Demand":1.0,"DemandMax":null,"Value":252.85803755685},{"Length":100.0,"Height":2.17814,"Demand":1.0,"DemandMax":null,"Value":217.814},{"Length":48.48455,"Height":4.2481,"Demand":1.0,"DemandMax":null,"Value":205.967216855},{"Length":11.22307,"Height":18.07844,"Demand":1.0,"DemandMax":null,"Value":202.8955976108},{"Length":45.28103,"Height":4.360635,"Demand":1.0,"DemandMax":null,"Value":197.45404425405002},{"Length":84.82965,"Height":2.323795,"Demand":1.0,"DemandMax":null,"Value":197.12671652175},{"Length":69.4037,"Height":2.630592,"Demand":1.0,"DemandMax":null,"Value":182.5728179904},{"Length":48.48455,"Height":3.618703,"Demand":1.0,"DemandMax":null,"Value":175.45118653865},{"Length":39.54862,"Height":4.360635,"Demand":1.0,"DemandMax":null,"Value":172.4570965737},{"Length":9.23367,"Height":18.59557,"Demand":1.0,"DemandMax":null,"Value":171.7053568419},{"Length":10.10291,"Height":16.01452,"Demand":1.0,"DemandMax":null,"Value":161.7932542532},{"Length":10.76124,"Height":13.69869,"Demand":1.0,"DemandMax":null,"Value":147.4148907756},{"Length":5.681275,"Height":25.90555,"Demand":1.0,"DemandMax":null,"Value":147.17655357625003},{"Length":74.76779,"Height":1.894516,"Demand":1.0,"DemandMax":null,"Value":141.64877443964002},{"Length":48.48455,"Height":2.771749,"Demand":1.0,"DemandMax":null,"Value":134.38700297794998},{"Length":21.97461,"Height":5.875743,"Demand":1.0,"DemandMax":null,"Value":129.11716088523},{"Length":4.684324,"Height":26.44285,"Demand":1.0,"DemandMax":null,"Value":123.86687688340001},{"Length":28.12886,"Height":4.127392,"Demand":1.0,"DemandMax":null,"Value":116.09883173312001},{"Length":4.341914,"Height":25.73003,"Demand":1.0,"DemandMax":null,"Value":111.71757747742},{"Length":25.19345,"Height":4.279446,"Demand":1.0,"DemandMax":null,"Value":107.8140088287},{"Length":15.78226,"Height":6.671135,"Demand":1.0,"DemandMax":null,"Value":105.2855870651},{"Length":6.565405,"Height":15.61804,"Demand":1.0,"DemandMax":null,"Value":102.5387579062},{"Length":40.69833,"Height":2.410484,"Demand":1.0,"DemandMax":null,"Value":98.10267329172},{"Length":9.228553,"Height":10.52022,"Demand":1.0,"DemandMax":null,"Value":97.08640784166},{"Length":9.446326,"Height":8.355457,"Demand":1.0,"DemandMax":null,"Value":78.928370700981986},{"Length":25.19345,"Height":2.974184,"Demand":1.0,"DemandMax":null,"Value":74.9299558948},{"Length":48.48455,"Height":1.523522,"Demand":1.0,"DemandMax":null,"Value":73.8672785851},{"Length":15.74712,"Height":4.499285,"Demand":1.0,"DemandMax":null,"Value":70.8507808092},{"Length":4.889308,"Height":14.47485,"Demand":1.0,"DemandMax":null,"Value":70.7719999038},{"Length":4.344362,"Height":14.47485,"Demand":1.0,"DemandMax":null,"Value":62.883988295700007},{"Length":3.258914,"Height":18.36769,"Demand":1.0,"DemandMax":null,"Value":59.858722088659995},{"Length":3.938166,"Height":14.28763,"Demand":1.0,"DemandMax":null,"Value":56.26705868658},{"Length":10.76124,"Height":5.161317,"Demand":1.0,"DemandMax":null,"Value":55.54217095308001},{"Length":20.82916,"Height":2.630592,"Demand":1.0,"DemandMax":null,"Value":54.793021662720008},{"Length":2.681989,"Height":19.893,"Demand":1.0,"DemandMax":null,"Value":53.352807177},{"Length":6.086305,"Height":8.659718,"Demand":1.0,"DemandMax":null,"Value":52.70568496199},{"Length":4.911146,"Height":10.43881,"Demand":1.0,"DemandMax":null,"Value":51.26651997626},{"Length":1.881081,"Height":26.44285,"Demand":1.0,"DemandMax":null,"Value":49.74114272085},{"Length":5.96488,"Height":7.941258,"Demand":1.0,"DemandMax":null,"Value":47.36865101904},{"Length":16.69847,"Height":2.829402,"Demand":1.0,"DemandMax":null,"Value":47.24668441494},{"Length":2.336392,"Height":19.9915,"Demand":1.0,"DemandMax":null,"Value":46.707980668},{"Length":4.322524,"Height":10.43881,"Demand":1.0,"DemandMax":null,"Value":45.122006756439994},{"Length":17.95237,"Height":2.410484,"Demand":1.0,"DemandMax":null,"Value":43.273900647079991},{"Length":9.228553,"Height":4.642093,"Demand":1.0,"DemandMax":null,"Value":42.839801281429},{"Length":6.116462,"Height":6.671135,"Demand":1.0,"DemandMax":null,"Value":40.80374372437},{"Length":30.20497,"Height":1.286591,"Demand":1.0,"DemandMax":null,"Value":38.86144255727},{"Length":41.02211,"Height":0.9398156,"Demand":1.0,"DemandMax":null,"Value":38.553218922915995},{"Length":4.050737,"Height":9.320406,"Demand":1.0,"DemandMax":null,"Value":37.754513439222},{"Length":7.536643,"Height":4.959089,"Demand":1.0,"DemandMax":null,"Value":37.374883398227},{"Length":11.22307,"Height":3.196492,"Demand":1.0,"DemandMax":null,"Value":35.87445347044},{"Length":8.496363,"Height":4.196626,"Demand":1.0,"DemandMax":null,"Value":35.656057871238005},{"Length":1.892643,"Height":18.36769,"Demand":1.0,"DemandMax":null,"Value":34.76347990467},{"Length":9.629046,"Height":3.456181,"Demand":1.0,"DemandMax":null,"Value":33.279725833326005},{"Length":43.48311,"Height":0.7467136,"Demand":1.0,"DemandMax":null,"Value":32.469429607296},{"Length":9.228553,"Height":3.438121,"Demand":1.0,"DemandMax":null,"Value":31.728881868913},{"Length":3.821976,"Height":7.941258,"Demand":1.0,"DemandMax":null,"Value":30.351297485808},{"Length":1.169062,"Height":25.90555,"Demand":1.0,"DemandMax":null,"Value":30.285194094100003},{"Length":33.61865,"Height":0.8861654,"Demand":1.0,"DemandMax":null,"Value":29.791684424710002},{"Length":25.23221,"Height":1.029253,"Demand":1.0,"DemandMax":null,"Value":25.970327839129997},{"Length":9.767138,"Height":2.630592,"Demand":1.0,"DemandMax":null,"Value":25.693355085696},{"Length":9.629046,"Height":2.54556,"Demand":1.0,"DemandMax":null,"Value":24.51131433576},{"Length":29.80807,"Height":0.8017063,"Demand":1.0,"DemandMax":null,"Value":23.897317509841},{"Length":27.41156,"Height":0.8666755,"Demand":1.0,"DemandMax":null,"Value":23.756927468780002},{"Length":43.48311,"Height":0.5398777,"Demand":1.0,"DemandMax":null,"Value":23.475561415647004},{"Length":12.48316,"Height":1.839842,"Demand":1.0,"DemandMax":null,"Value":22.96704206072},{"Length":24.39971,"Height":0.9398156,"Demand":1.0,"DemandMax":null,"Value":22.931228093475998},{"Length":4.939483,"Height":4.630614,"Demand":1.0,"DemandMax":null,"Value":22.872839132562},{"Length":6.736135,"Height":3.294009,"Demand":1.0,"DemandMax":null,"Value":22.188889315215},{"Length":3.938166,"Height":5.605371,"Demand":1.0,"DemandMax":null,"Value":22.074881489585998},{"Length":1.185488,"Height":18.55864,"Demand":1.0,"DemandMax":null,"Value":22.001045016320003},{"Length":1.010543,"Height":21.66169,"Demand":1.0,"DemandMax":null,"Value":21.890069197669998},{"Length":25.19345,"Height":0.8651838,"Demand":1.0,"DemandMax":null,"Value":21.796964806109997},{"Length":0.8293671,"Height":25.90555,"Demand":1.0,"DemandMax":null,"Value":21.485210877405002},{"Length":1.150904,"Height":18.55864,"Demand":1.0,"DemandMax":null,"Value":21.359213010559998},{"Length":0.7940342,"Height":25.60005,"Demand":1.0,"DemandMax":null,"Value":20.327315221710002},{"Length":5.791404,"Height":3.508145,"Demand":1.0,"DemandMax":null,"Value":20.31708498558},{"Length":8.544025,"Height":2.356784,"Demand":1.0,"DemandMax":null,"Value":20.1364214156},{"Length":1.522928,"Height":13.01795,"Demand":1.0,"DemandMax":null,"Value":19.825400557600002},{"Length":22.80268,"Height":0.8666755,"Demand":1.0,"DemandMax":null,"Value":19.76252409034},{"Length":0.9106014,"Height":21.66169,"Demand":1.0,"DemandMax":null,"Value":19.725165240366},{"Length":12.38881,"Height":1.578938,"Demand":1.0,"DemandMax":null,"Value":19.56116288378},{"Length":7.356105,"Height":2.599428,"Demand":1.0,"DemandMax":null,"Value":19.121665307940003},{"Length":11.90141,"Height":1.597198,"Demand":1.0,"DemandMax":null,"Value":19.00890824918},{"Length":0.7308161,"Height":25.90555,"Demand":1.0,"DemandMax":null,"Value":18.932193019355},{"Length":9.629046,"Height":1.939517,"Demand":1.0,"DemandMax":null,"Value":18.675698410782},{"Length":2.566703,"Height":7.266165,"Demand":1.0,"DemandMax":null,"Value":18.650087503995},{"Length":8.312096,"Height":2.205426,"Demand":1.0,"DemandMax":null,"Value":18.331712632896},{"Length":19.40783,"Height":0.9398156,"Demand":1.0,"DemandMax":null,"Value":18.239781396148},{"Length":16.55577,"Height":1.101023,"Demand":1.0,"DemandMax":null,"Value":18.22828355271},{"Length":7.555716,"Height":2.356784,"Demand":1.0,"DemandMax":null,"Value":17.807190577344002},{"Length":16.23623,"Height":1.096349,"Demand":1.0,"DemandMax":null,"Value":17.80057452427},{"Length":16.22213,"Height":1.096349,"Demand":1.0,"DemandMax":null,"Value":17.78511600337},{"Length":2.236938,"Height":7.839434,"Demand":1.0,"DemandMax":null,"Value":17.536327813091997},{"Length":29.80807,"Height":0.5751307,"Demand":1.0,"DemandMax":null,"Value":17.143536164749},{"Length":0.7573664,"Height":21.66169,"Demand":1.0,"DemandMax":null,"Value":16.405836173216},{"Length":4.630472,"Height":3.514416,"Demand":1.0,"DemandMax":null,"Value":16.273404884352},{"Length":12.35976,"Height":1.286591,"Demand":1.0,"DemandMax":null,"Value":15.90195597816},{"Length":1.582422,"Height":9.821901,"Demand":1.0,"DemandMax":null,"Value":15.542392224222},{"Length":10.69426,"Height":1.40658,"Demand":1.0,"DemandMax":null,"Value":15.0423322308},{"Length":11.39399,"Height":1.298226,"Demand":1.0,"DemandMax":null,"Value":14.791974061740001},{"Length":9.495418,"Height":1.538754,"Demand":1.0,"DemandMax":null,"Value":14.611112429172001},{"Length":7.889502,"Height":1.839842,"Demand":1.0,"DemandMax":null,"Value":14.515437138684},{"Length":0.7940342,"Height":17.90918,"Demand":1.0,"DemandMax":null,"Value":14.220501413956},{"Length":1.813799,"Height":7.839434,"Demand":1.0,"DemandMax":null,"Value":14.219157549765999},{"Length":23.19335,"Height":0.6120412,"Demand":1.0,"DemandMax":null,"Value":14.195285766019998},{"Length":6.352188,"Height":2.22191,"Demand":1.0,"DemandMax":null,"Value":14.113990039079999},{"Length":2.66394,"Height":5.264915,"Demand":1.0,"DemandMax":null,"Value":14.0254176651},{"Length":25.19345,"Height":0.5502032,"Demand":1.0,"DemandMax":null,"Value":13.86151680904},{"Length":1.495399,"Height":9.269024,"Demand":1.0,"DemandMax":null,"Value":13.860889220575999},{"Length":7.714117,"Height":1.766631,"Demand":1.0,"DemandMax":null,"Value":13.627998229827},{"Length":12.02176,"Height":1.096349,"Demand":1.0,"DemandMax":null,"Value":13.18004455424},{"Length":33.61865,"Height":0.3887086,"Demand":1.0,"DemandMax":null,"Value":13.067858375390001},{"Length":25.23221,"Height":0.5169785,"Demand":1.0,"DemandMax":null,"Value":13.044510077484999},{"Length":3.654922,"Height":3.508145,"Demand":1.0,"DemandMax":null,"Value":12.82199633969},{"Length":0.5009772,"Height":25.2497,"Demand":1.0,"DemandMax":null,"Value":12.64952400684},{"Length":5.232884,"Height":2.410484,"Demand":1.0,"DemandMax":null,"Value":12.613783155856},{"Length":0.3987286,"Height":30.1789,"Demand":1.0,"DemandMax":null,"Value":12.033190546539998},{"Length":4.545304,"Height":2.599428,"Demand":1.0,"DemandMax":null,"Value":11.815190486112},{"Length":12.8861,"Height":0.9114083,"Demand":1.0,"DemandMax":null,"Value":11.74449849463},{"Length":23.96612,"Height":0.4843073,"Demand":1.0,"DemandMax":null,"Value":11.606966868676},{"Length":10.10291,"Height":1.145317,"Demand":1.0,"DemandMax":null,"Value":11.57103457247},{"Length":2.566703,"Height":4.444848,"Demand":1.0,"DemandMax":null,"Value":11.408604696144002},{"Length":7.714117,"Height":1.46711,"Demand":1.0,"DemandMax":null,"Value":11.31745819187},{"Length":25.68352,"Height":0.4399437,"Demand":1.0,"DemandMax":null,"Value":11.299302817824},{"Length":5.304481,"Height":2.129687,"Demand":1.0,"DemandMax":null,"Value":11.296884227447},{"Length":0.7090554,"Height":15.83258,"Demand":1.0,"DemandMax":null,"Value":11.226176344932},{"Length":12.30735,"Height":0.9114083,"Demand":1.0,"DemandMax":null,"Value":11.217020941004998},{"Length":22.80103,"Height":0.4779073,"Demand":1.0,"DemandMax":null,"Value":10.896778684519},{"Length":1.762343,"Height":6.148978,"Demand":1.0,"DemandMax":null,"Value":10.836608335453999},{"Length":1.168541,"Height":9.269024,"Demand":1.0,"DemandMax":null,"Value":10.831234573984},{"Length":10.69426,"Height":1.003904,"Demand":1.0,"DemandMax":null,"Value":10.736010391039999},{"Length":0.4137114,"Height":25.90555,"Demand":1.0,"DemandMax":null,"Value":10.71742135827},{"Length":2.588207,"Height":4.127392,"Demand":1.0,"DemandMax":null,"Value":10.682544866144001},{"Length":12.22114,"Height":0.8666755,"Demand":1.0,"DemandMax":null,"Value":10.59176262007},{"Length":17.30372,"Height":0.6120412,"Demand":1.0,"DemandMax":null,"Value":10.590589553263998},{"Length":4.402014,"Height":2.402869,"Demand":1.0,"DemandMax":null,"Value":10.577462978166},{"Length":0.9352254,"Height":11.13686,"Demand":1.0,"DemandMax":null,"Value":10.415474348244},{"Length":0.34277,"Height":30.1789,"Demand":1.0,"DemandMax":null,"Value":10.344421553},{"Length":12.38881,"Height":0.8315458,"Demand":1.0,"DemandMax":null,"Value":10.301862922498},{"Length":2.66394,"Height":3.833745,"Demand":1.0,"DemandMax":null,"Value":10.212866655300001},{"Length":25.19345,"Height":0.4035107,"Demand":1.0,"DemandMax":null,"Value":10.165826644914999},{"Length":0.5878141,"Height":17.15984,"Demand":1.0,"DemandMax":null,"Value":10.086795905744},{"Length":2.291478,"Height":4.40183,"Demand":1.0,"DemandMax":null,"Value":10.086696604740002},{"Length":4.272921,"Height":2.356784,"Demand":1.0,"DemandMax":null,"Value":10.070351846064002},{"Length":9.127748,"Height":1.101023,"Demand":1.0,"DemandMax":null,"Value":10.049860486204},{"Length":2.291478,"Height":4.367988,"Demand":1.0,"DemandMax":null,"Value":10.009148406264002},{"Length":0.7414985,"Height":13.33033,"Demand":1.0,"DemandMax":null,"Value":9.8844196995049991},{"Length":0.9352254,"Height":10.52484,"Demand":1.0,"DemandMax":null,"Value":9.8430976989359991},{"Length":11.34371,"Height":0.8666755,"Demand":1.0,"DemandMax":null,"Value":9.831315536105},{"Length":4.402014,"Height":2.227745,"Demand":1.0,"DemandMax":null,"Value":9.8065646784300018},{"Length":2.566703,"Height":3.810003,"Demand":1.0,"DemandMax":null,"Value":9.779146130109},{"Length":9.228553,"Height":1.054628,"Demand":1.0,"DemandMax":null,"Value":9.732690393283999},{"Length":0.4460337,"Height":21.66169,"Demand":1.0,"DemandMax":null,"Value":9.661843738953},{"Length":9.228553,"Height":1.045372,"Demand":1.0,"DemandMax":null,"Value":9.647270906715999},{"Length":14.8659,"Height":0.647534,"Demand":1.0,"DemandMax":null,"Value":9.6261756906},{"Length":11.05056,"Height":0.8666755,"Demand":1.0,"DemandMax":null,"Value":9.5772496132800011},{"Length":1.582422,"Height":6.010677,"Demand":1.0,"DemandMax":null,"Value":9.511427519694001},{"Length":6.565405,"Height":1.448345,"Demand":1.0,"DemandMax":null,"Value":9.508971504725},{"Length":11.39399,"Height":0.8314601,"Demand":1.0,"DemandMax":null,"Value":9.473648064799},{"Length":7.286477,"Height":1.286591,"Demand":1.0,"DemandMax":null,"Value":9.374715729906999},{"Length":14.8659,"Height":0.62734,"Demand":1.0,"DemandMax":null,"Value":9.325973706},{"Length":5.623111,"Height":1.644476,"Demand":1.0,"DemandMax":null,"Value":9.247071084836},{"Length":4.764465,"Height":1.932767,"Demand":1.0,"DemandMax":null,"Value":9.208600724655},{"Length":0.5009772,"Height":18.25953,"Demand":1.0,"DemandMax":null,"Value":9.1476082127160012},{"Length":9.228553,"Height":0.9612585,"Demand":1.0,"DemandMax":null,"Value":8.8710250139505},{"Length":25.23221,"Height":0.3482848,"Demand":1.0,"DemandMax":null,"Value":8.787995213408},{"Length":1.881575,"Height":4.630614,"Demand":1.0,"DemandMax":null,"Value":8.71284753705},{"Length":7.43503,"Height":1.159541,"Demand":1.0,"DemandMax":null,"Value":8.62122212123},{"Length":15.02281,"Height":0.5735266,"Demand":1.0,"DemandMax":null,"Value":8.615981141746},{"Length":10.12401,"Height":0.8487377,"Demand":1.0,"DemandMax":null,"Value":8.592628962177},{"Length":6.665688,"Height":1.286591,"Demand":1.0,"DemandMax":null,"Value":8.5760141896080011},{"Length":2.602289,"Height":3.294009,"Demand":1.0,"DemandMax":null,"Value":8.5719633866009985},{"Length":3.537937,"Height":2.410484,"Demand":1.0,"DemandMax":null,"Value":8.528140531507999},{"Length":15.18847,"Height":0.5518756,"Demand":1.0,"DemandMax":null,"Value":8.3821459943320011},{"Length":2.01878,"Height":4.127392,"Demand":1.0,"DemandMax":null,"Value":8.33229642176},{"Length":9.495418,"Height":0.8717298,"Demand":1.0,"DemandMax":null,"Value":8.2774388340564009},{"Length":22.80103,"Height":0.3626422,"Demand":1.0,"DemandMax":null,"Value":8.268615681466},{"Length":11.75485,"Height":0.700417,"Demand":1.0,"DemandMax":null,"Value":8.2332967724499984},{"Length":6.352188,"Height":1.292506,"Demand":1.0,"DemandMax":null,"Value":8.210241103128},{"Length":1.522928,"Height":5.349731,"Demand":1.0,"DemandMax":null,"Value":8.147255132368},{"Length":2.566703,"Height":3.16017,"Demand":1.0,"DemandMax":null,"Value":8.11121781951},{"Length":14.6196,"Height":0.5518756,"Demand":1.0,"DemandMax":null,"Value":8.06820052176},{"Length":10.12401,"Height":0.7957383,"Demand":1.0,"DemandMax":null,"Value":8.056062506583},{"Length":16.53095,"Height":0.4843073,"Demand":1.0,"DemandMax":null,"Value":8.006059760935},{"Length":1.29734,"Height":6.148978,"Demand":1.0,"DemandMax":null,"Value":7.9773151185199991},{"Length":1.282231,"Height":6.148978,"Demand":1.0,"DemandMax":null,"Value":7.8844102099179985},{"Length":15.02281,"Height":0.5228219,"Demand":1.0,"DemandMax":null,"Value":7.8542540675389994},{"Length":7.43503,"Height":1.045884,"Demand":1.0,"DemandMax":null,"Value":7.77617891652},{"Length":11.04618,"Height":0.700417,"Demand":1.0,"DemandMax":null,"Value":7.7369322570599994},{"Length":2.566703,"Height":2.980507,"Demand":1.0,"DemandMax":null,"Value":7.650076258421},{"Length":4.764465,"Height":1.581649,"Demand":1.0,"DemandMax":null,"Value":7.5357113027850007},{"Length":7.714117,"Height":0.9628849,"Demand":1.0,"DemandMax":null,"Value":7.4278067761333},{"Length":2.291478,"Height":3.231862,"Demand":1.0,"DemandMax":null,"Value":7.4057406720360008},{"Length":0.4288889,"Height":17.15984,"Demand":1.0,"DemandMax":null,"Value":7.359664901776}]}