{"Name":"Path13_200","Objects":[{"Length":100.0,"Height":100.0,"Stock":null,"Cost":10000.0}],"Items":[{"Length":13.19806,"Height":51.05917,"Demand":1.0,"DemandMax":null,"Value":673.8819892102},{"Length":68.93021,"Height":7.998757,"Demand":1.0,"DemandMax":null,"Value":551.35599974897},{"Length":97.11381,"Height":4.613568,"Demand":1.0,"DemandMax":null,"Value":448.04116617408},{"Length":17.17919,"Height":24.78617,"Demand":1.0,"DemandMax":null,"Value":425.80632380229991},{"Length":45.56853,"Height":7.742836,"Demand":1.0,"DemandMax":null,"Value":352.82965455108},{"Length":13.85443,"Height":24.78617,"Demand":1.0,"DemandMax":null,"Value":343.39825723309997},{"Length":13.17231,"Height":23.80016,"Demand":1.0,"DemandMax":null,"Value":313.5030855696},{"Length":13.07069,"Height":23.61832,"Demand":1.0,"DemandMax":null,"Value":308.70773904080005},{"Length":18.1827,"Height":15.47849,"Demand":1.0,"DemandMax":null,"Value":281.440740123},{"Length":12.71198,"Height":20.73346,"Demand":1.0,"DemandMax":null,"Value":263.5633288508},{"Length":100.0,"Height":2.455219,"Demand":1.0,"DemandMax":null,"Value":245.52190000000002},{"Length":49.34679,"Height":4.743877,"Demand":1.0,"DemandMax":null,"Value":234.09510210483},{"Length":15.13823,"Height":14.4445,"Demand":1.0,"DemandMax":null,"Value":218.664163235},{"Length":41.67361,"Height":4.996317,"Demand":1.0,"DemandMax":null,"Value":208.21456609436999},{"Length":33.03437,"Height":5.572029,"Demand":1.0,"DemandMax":null,"Value":184.06846763673},{"Length":18.04396,"Height":10.05682,"Demand":1.0,"DemandMax":null,"Value":181.4648578072},{"Length":47.23065,"Height":3.667766,"Demand":1.0,"DemandMax":null,"Value":173.2309722279},{"Length":5.631533,"Height":29.09261,"Demand":1.0,"DemandMax":null,"Value":163.83599327113},{"Length":10.82018,"Height":14.4445,"Demand":1.0,"DemandMax":null,"Value":156.29209001},{"Length":19.43013,"Height":7.742836,"Demand":1.0,"DemandMax":null,"Value":150.44431004867997},{"Length":11.10544,"Height":12.91061,"Demand":1.0,"DemandMax":null,"Value":143.3780047184},{"Length":53.12556,"Height":2.677657,"Demand":1.0,"DemandMax":null,"Value":142.25202761292},{"Length":18.04396,"Height":6.955319,"Demand":1.0,"DemandMax":null,"Value":125.50149782323999},{"Length":18.75293,"Height":4.518667,"Demand":1.0,"DemandMax":null,"Value":84.73824594431},{"Length":13.17271,"Height":6.389888,"Demand":1.0,"DemandMax":null,"Value":84.17214155648},{"Length":20.75271,"Height":4.037994,"Demand":1.0,"DemandMax":null,"Value":83.799318463740008},{"Length":31.06979,"Height":2.522636,"Demand":1.0,"DemandMax":null,"Value":78.37777076644},{"Length":20.75271,"Height":3.704842,"Demand":1.0,"DemandMax":null,"Value":76.88551162182},{"Length":13.07069,"Height":5.590612,"Demand":1.0,"DemandMax":null,"Value":73.07315636228},{"Length":18.04396,"Height":3.765203,"Demand":1.0,"DemandMax":null,"Value":67.93917232388},{"Length":13.07069,"Height":5.093544,"Demand":1.0,"DemandMax":null,"Value":66.57613462536},{"Length":3.932013,"Height":15.62686,"Demand":1.0,"DemandMax":null,"Value":61.44501666918},{"Length":3.157185,"Height":19.32557,"Demand":1.0,"DemandMax":null,"Value":61.01439972045},{"Length":4.2021,"Height":14.4445,"Demand":1.0,"DemandMax":null,"Value":60.697233449999992},{"Length":13.07069,"Height":4.359231,"Demand":1.0,"DemandMax":null,"Value":56.978157039390005},{"Length":10.18414,"Height":5.572029,"Demand":1.0,"DemandMax":null,"Value":56.746323420059994},{"Length":13.07069,"Height":4.212519,"Demand":1.0,"DemandMax":null,"Value":55.060529968110011},{"Length":19.18627,"Height":2.82319,"Demand":1.0,"DemandMax":null,"Value":54.166485601299996},{"Length":13.03984,"Height":4.052711,"Demand":1.0,"DemandMax":null,"Value":52.846703006240006},{"Length":5.631533,"Height":9.353797,"Demand":1.0,"DemandMax":null,"Value":52.676216480801},{"Length":6.229536,"Height":8.052373,"Demand":1.0,"DemandMax":null,"Value":50.162547488928},{"Length":18.04396,"Height":2.77734,"Demand":1.0,"DemandMax":null,"Value":50.1142118664},{"Length":15.30085,"Height":3.260921,"Demand":1.0,"DemandMax":null,"Value":49.89486308285},{"Length":18.04396,"Height":2.759958,"Demand":1.0,"DemandMax":null,"Value":49.800571753679996},{"Length":9.618867,"Height":5.156565,"Demand":1.0,"DemandMax":null,"Value":49.600312911854992},{"Length":3.520343,"Height":12.91061,"Demand":1.0,"DemandMax":null,"Value":45.449775539230004},{"Length":19.18627,"Height":2.365045,"Demand":1.0,"DemandMax":null,"Value":45.37639193215},{"Length":7.614668,"Height":5.245898,"Demand":1.0,"DemandMax":null,"Value":39.945771631864005},{"Length":13.07069,"Height":3.028371,"Demand":1.0,"DemandMax":null,"Value":39.58289854599},{"Length":5.807999,"Height":6.782424,"Demand":1.0,"DemandMax":null,"Value":39.392311809575993},{"Length":47.23065,"Height":0.8228126,"Demand":1.0,"DemandMax":null,"Value":38.86197392619},{"Length":6.128278,"Height":5.572029,"Demand":1.0,"DemandMax":null,"Value":34.146942736061995},{"Length":10.4293,"Height":3.230566,"Demand":1.0,"DemandMax":null,"Value":33.6925419838},{"Length":18.75293,"Height":1.792258,"Demand":1.0,"DemandMax":null,"Value":33.610088815939996},{"Length":4.895842,"Height":6.782424,"Demand":1.0,"DemandMax":null,"Value":33.205676281007996},{"Length":4.802429,"Height":6.782424,"Demand":1.0,"DemandMax":null,"Value":32.572109707896},{"Length":4.815872,"Height":6.576795,"Demand":1.0,"DemandMax":null,"Value":31.673002890239996},{"Length":2.116138,"Height":14.55717,"Demand":1.0,"DemandMax":null,"Value":30.804980609459996},{"Length":3.932013,"Height":7.825935,"Demand":1.0,"DemandMax":null,"Value":30.771678157155},{"Length":5.486193,"Height":5.607791,"Demand":1.0,"DemandMax":null,"Value":30.765423729663},{"Length":11.28561,"Height":2.677657,"Demand":1.0,"DemandMax":null,"Value":30.21899261577},{"Length":2.116138,"Height":14.04381,"Demand":1.0,"DemandMax":null,"Value":29.71864000578},{"Length":11.98414,"Height":2.434785,"Demand":1.0,"DemandMax":null,"Value":29.178804309900002},{"Length":3.755299,"Height":7.742836,"Demand":1.0,"DemandMax":null,"Value":29.076664287963997},{"Length":4.031767,"Height":7.14185,"Demand":1.0,"DemandMax":null,"Value":28.794275148950003},{"Length":19.18627,"Height":1.478763,"Demand":1.0,"DemandMax":null,"Value":28.371946184010003},{"Length":5.557035,"Height":4.996317,"Demand":1.0,"DemandMax":null,"Value":27.764708440095003},{"Length":3.496189,"Height":7.742836,"Demand":1.0,"DemandMax":null,"Value":27.070418052004},{"Length":3.458176,"Height":7.742836,"Demand":1.0,"DemandMax":null,"Value":26.776089627136},{"Length":3.952509,"Height":6.729361,"Demand":1.0,"DemandMax":null,"Value":26.597859916749},{"Length":3.406041,"Height":7.759017,"Demand":1.0,"DemandMax":null,"Value":26.427530021697002},{"Length":5.087581,"Height":4.727247,"Demand":1.0,"DemandMax":null,"Value":24.050252019507003},{"Length":5.580616,"Height":4.068801,"Demand":1.0,"DemandMax":null,"Value":22.706415961416},{"Length":3.358634,"Height":6.286295,"Demand":1.0,"DemandMax":null,"Value":21.11336412103},{"Length":5.302863,"Height":3.973009,"Demand":1.0,"DemandMax":null,"Value":21.068322424767},{"Length":10.4293,"Height":2.015332,"Demand":1.0,"DemandMax":null,"Value":21.018502027599997},{"Length":14.59036,"Height":1.413783,"Demand":1.0,"DemandMax":null,"Value":20.627602931880002},{"Length":5.848374,"Height":3.259322,"Demand":1.0,"DemandMax":null,"Value":19.061734042428},{"Length":2.454954,"Height":7.715753,"Demand":1.0,"DemandMax":null,"Value":18.941818690362},{"Length":18.75293,"Height":0.9983931,"Demand":1.0,"DemandMax":null,"Value":18.722795916783},{"Length":7.427835,"Height":2.512238,"Demand":1.0,"DemandMax":null,"Value":18.66048934473},{"Length":15.65608,"Height":1.190834,"Demand":1.0,"DemandMax":null,"Value":18.64379237072},{"Length":13.17271,"Height":1.387612,"Demand":1.0,"DemandMax":null,"Value":18.27861046852},{"Length":2.515122,"Height":7.14185,"Demand":1.0,"DemandMax":null,"Value":17.962624055699997},{"Length":3.90874,"Height":4.56963,"Demand":1.0,"DemandMax":null,"Value":17.8614955662},{"Length":3.451824,"Height":5.156565,"Demand":1.0,"DemandMax":null,"Value":17.799554824559998},{"Length":2.60927,"Height":6.782424,"Demand":1.0,"DemandMax":null,"Value":17.697175470479998},{"Length":4.815872,"Height":3.664656,"Demand":1.0,"DemandMax":null,"Value":17.648514220032},{"Length":2.23615,"Height":7.648498,"Demand":1.0,"DemandMax":null,"Value":17.1031888027},{"Length":2.654932,"Height":6.286295,"Demand":1.0,"DemandMax":null,"Value":16.68968575694},{"Length":6.406374,"Height":2.512492,"Demand":1.0,"DemandMax":null,"Value":16.095963424007998},{"Length":6.113802,"Height":2.616076,"Demand":1.0,"DemandMax":null,"Value":15.994170680952},{"Length":31.06979,"Height":0.5052804,"Demand":1.0,"DemandMax":null,"Value":15.698955919115999},{"Length":5.398376,"Height":2.907839,"Demand":1.0,"DemandMax":null,"Value":15.697608269464},{"Length":5.268156,"Height":2.921251,"Demand":1.0,"DemandMax":null,"Value":15.389605983156},{"Length":5.631533,"Height":2.715473,"Demand":1.0,"DemandMax":null,"Value":15.292275810108999},{"Length":7.427835,"Height":1.96636,"Demand":1.0,"DemandMax":null,"Value":14.605797630600002},{"Length":4.396321,"Height":3.259322,"Demand":1.0,"DemandMax":null,"Value":14.329025754362002},{"Length":7.79927,"Height":1.729006,"Demand":1.0,"DemandMax":null,"Value":13.484984625620001},{"Length":9.310816,"Height":1.440771,"Demand":1.0,"DemandMax":null,"Value":13.414753679136002},{"Length":0.5708405,"Height":23.4528,"Demand":1.0,"DemandMax":null,"Value":13.387808078399999},{"Length":0.7089655,"Height":18.81574,"Demand":1.0,"DemandMax":null,"Value":13.339710516970001},{"Length":14.59036,"Height":0.9138724,"Demand":1.0,"DemandMax":null,"Value":13.333727310064},{"Length":2.886193,"Height":4.613568,"Demand":1.0,"DemandMax":null,"Value":13.315647666623999},{"Length":5.398376,"Height":2.465023,"Demand":1.0,"DemandMax":null,"Value":13.307121002648},{"Length":1.689266,"Height":7.715753,"Demand":1.0,"DemandMax":null,"Value":13.033959207298},{"Length":15.30085,"Height":0.8511524,"Demand":1.0,"DemandMax":null,"Value":13.023355199540001},{"Length":4.815872,"Height":2.66916,"Demand":1.0,"DemandMax":null,"Value":12.85433290752},{"Length":2.730883,"Height":4.674188,"Demand":1.0,"DemandMax":null,"Value":12.764660548004},{"Length":2.688375,"Height":4.727247,"Demand":1.0,"DemandMax":null,"Value":12.708612653625002},{"Length":3.684043,"Height":3.435257,"Demand":1.0,"DemandMax":null,"Value":12.655634504051},{"Length":8.733149,"Height":1.440771,"Demand":1.0,"DemandMax":null,"Value":12.582467817879},{"Length":5.631533,"Height":2.213437,"Demand":1.0,"DemandMax":null,"Value":12.465043508921},{"Length":0.7089655,"Height":17.44489,"Demand":1.0,"DemandMax":null,"Value":12.367825161295},{"Length":15.65608,"Height":0.7852754,"Demand":1.0,"DemandMax":null,"Value":12.294334484432},{"Length":5.580616,"Height":2.202173,"Demand":1.0,"DemandMax":null,"Value":12.289481878568001},{"Length":8.458963,"Height":1.449482,"Demand":1.0,"DemandMax":null,"Value":12.261114607166},{"Length":4.519038,"Height":2.677657,"Demand":1.0,"DemandMax":null,"Value":12.100433733966},{"Length":1.350354,"Height":8.937601,"Demand":1.0,"DemandMax":null,"Value":12.068925260754002},{"Length":0.9333816,"Height":12.91061,"Demand":1.0,"DemandMax":null,"Value":12.050525818776},{"Length":2.116138,"Height":5.672079,"Demand":1.0,"DemandMax":null,"Value":12.002901910901999},{"Length":7.79927,"Height":1.530316,"Demand":1.0,"DemandMax":null,"Value":11.93534766932},{"Length":3.684043,"Height":3.226645,"Demand":1.0,"DemandMax":null,"Value":11.887098925735},{"Length":1.150265,"Height":10.16988,"Demand":1.0,"DemandMax":null,"Value":11.6980570182},{"Length":4.485707,"Height":2.56788,"Demand":1.0,"DemandMax":null,"Value":11.51875729116},{"Length":19.4523,"Height":0.5917706,"Demand":1.0,"DemandMax":null,"Value":11.511299242380002},{"Length":2.836063,"Height":4.042382,"Demand":1.0,"DemandMax":null,"Value":11.464450022065998},{"Length":4.438776,"Height":2.56788,"Demand":1.0,"DemandMax":null,"Value":11.39824411488},{"Length":5.580616,"Height":2.038063,"Demand":1.0,"DemandMax":null,"Value":11.373646986808002},{"Length":5.580616,"Height":2.026186,"Demand":1.0,"DemandMax":null,"Value":11.307366010576},{"Length":2.795469,"Height":4.042382,"Demand":1.0,"DemandMax":null,"Value":11.300353567158},{"Length":1.436396,"Height":7.715753,"Demand":1.0,"DemandMax":null,"Value":11.082876746188001},{"Length":4.402153,"Height":2.512492,"Demand":1.0,"DemandMax":null,"Value":11.060374195276001},{"Length":15.30085,"Height":0.7190032,"Demand":1.0,"DemandMax":null,"Value":11.00136011272},{"Length":15.30085,"Height":0.7150276,"Demand":1.0,"DemandMax":null,"Value":10.94053005346},{"Length":5.631533,"Height":1.911272,"Demand":1.0,"DemandMax":null,"Value":10.763391339976002},{"Length":14.59036,"Height":0.7359693,"Demand":1.0,"DemandMax":null,"Value":10.738057035948001},{"Length":3.538971,"Height":2.934224,"Demand":1.0,"DemandMax":null,"Value":10.384133643504},{"Length":14.59036,"Height":0.7108587,"Demand":1.0,"DemandMax":null,"Value":10.371684342132},{"Length":14.59036,"Height":0.7104273,"Demand":1.0,"DemandMax":null,"Value":10.365390060828},{"Length":11.98414,"Height":0.8613034,"Demand":1.0,"DemandMax":null,"Value":10.321980528076},{"Length":3.157185,"Height":3.262922,"Demand":1.0,"DemandMax":null,"Value":10.30164839457},{"Length":2.244213,"Height":4.501094,"Demand":1.0,"DemandMax":null,"Value":10.101413669022},{"Length":1.492421,"Height":6.661902,"Demand":1.0,"DemandMax":null,"Value":9.942362444742},{"Length":2.345161,"Height":4.19901,"Demand":1.0,"DemandMax":null,"Value":9.8473544906100017},{"Length":14.59036,"Height":0.6705623,"Demand":1.0,"DemandMax":null,"Value":9.7837453594280017},{"Length":5.631533,"Height":1.730192,"Demand":1.0,"DemandMax":null,"Value":9.743633344336},{"Length":6.113802,"Height":1.582935,"Demand":1.0,"DemandMax":null,"Value":9.67775116887},{"Length":0.4126329,"Height":23.4528,"Demand":1.0,"DemandMax":null,"Value":9.6773968771200014},{"Length":0.4102964,"Height":23.4528,"Demand":1.0,"DemandMax":null,"Value":9.62259940992},{"Length":2.001074,"Height":4.808612,"Demand":1.0,"DemandMax":null,"Value":9.622388449288},{"Length":8.76771,"Height":1.097149,"Demand":1.0,"DemandMax":null,"Value":9.61948425879},{"Length":8.458963,"Height":1.133932,"Demand":1.0,"DemandMax":null,"Value":9.591888832516},{"Length":5.398376,"Height":1.768988,"Demand":1.0,"DemandMax":null,"Value":9.549662363488},{"Length":3.781836,"Height":2.512492,"Demand":1.0,"DemandMax":null,"Value":9.501832695312},{"Length":4.231712,"Height":2.233784,"Demand":1.0,"DemandMax":null,"Value":9.452730558208},{"Length":5.580616,"Height":1.677858,"Demand":1.0,"DemandMax":null,"Value":9.363481200528},{"Length":2.730883,"Height":3.378185,"Demand":1.0,"DemandMax":null,"Value":9.2254279873550011},{"Length":3.162886,"Height":2.876021,"Demand":1.0,"DemandMax":null,"Value":9.096526556606},{"Length":6.013566,"Height":1.491204,"Demand":1.0,"DemandMax":null,"Value":8.967453673464},{"Length":2.804188,"Height":3.142731,"Demand":1.0,"DemandMax":null,"Value":8.812808557428},{"Length":1.227048,"Height":7.14185,"Demand":1.0,"DemandMax":null,"Value":8.7633927587999985},{"Length":3.952509,"Height":2.208241,"Demand":1.0,"DemandMax":null,"Value":8.728092426669},{"Length":2.776428,"Height":3.142731,"Demand":1.0,"DemandMax":null,"Value":8.725566344868},{"Length":5.486193,"Height":1.565049,"Demand":1.0,"DemandMax":null,"Value":8.586160868457},{"Length":3.406041,"Height":2.410864,"Demand":1.0,"DemandMax":null,"Value":8.2115016294240011},{"Length":3.883734,"Height":2.092818,"Demand":1.0,"DemandMax":null,"Value":8.1279484224119987},{"Length":1.186678,"Height":6.661902,"Demand":1.0,"DemandMax":null,"Value":7.905532541556},{"Length":15.30085,"Height":0.5134208,"Demand":1.0,"DemandMax":null,"Value":7.8557746476800006},{"Length":15.30085,"Height":0.4918241,"Demand":1.0,"DemandMax":null,"Value":7.525326780485},{"Length":3.796221,"Height":1.97611,"Demand":1.0,"DemandMax":null,"Value":7.5017502803100005},{"Length":3.883734,"Height":1.92905,"Demand":1.0,"DemandMax":null,"Value":7.4919170727},{"Length":1.651794,"Height":4.501094,"Demand":1.0,"DemandMax":null,"Value":7.434880062636},{"Length":5.580616,"Height":1.327302,"Demand":1.0,"DemandMax":null,"Value":7.407162778032},{"Length":1.537897,"Height":4.808612,"Demand":1.0,"DemandMax":null,"Value":7.3951499689640006},{"Length":4.556305,"Height":1.620178,"Demand":1.0,"DemandMax":null,"Value":7.38202512229},{"Length":2.5078,"Height":2.921251,"Demand":1.0,"DemandMax":null,"Value":7.3259132578},{"Length":5.580616,"Height":1.293518,"Demand":1.0,"DemandMax":null,"Value":7.2186272470879995},{"Length":4.556305,"Height":1.584225,"Demand":1.0,"DemandMax":null,"Value":7.218212288625},{"Length":5.580616,"Height":1.290961,"Demand":1.0,"DemandMax":null,"Value":7.204357611976},{"Length":1.873096,"Height":3.841631,"Demand":1.0,"DemandMax":null,"Value":7.195743659576},{"Length":6.533144,"Height":1.097149,"Demand":1.0,"DemandMax":null,"Value":7.1678324064559993},{"Length":3.883734,"Height":1.843674,"Demand":1.0,"DemandMax":null,"Value":7.160339398716},{"Length":5.580616,"Height":1.28264,"Demand":1.0,"DemandMax":null,"Value":7.1579213062400004},{"Length":1.590185,"Height":4.501094,"Demand":1.0,"DemandMax":null,"Value":7.15757216239},{"Length":2.787308,"Height":2.56788,"Demand":1.0,"DemandMax":null,"Value":7.15747246704},{"Length":3.196123,"Height":2.233784,"Demand":1.0,"DemandMax":null,"Value":7.139448419432},{"Length":1.873096,"Height":3.806867,"Demand":1.0,"DemandMax":null,"Value":7.130627350232},{"Length":1.064694,"Height":6.661902,"Demand":1.0,"DemandMax":null,"Value":7.092887087988001},{"Length":14.59036,"Height":0.4840517,"Demand":1.0,"DemandMax":null,"Value":7.062488561612},{"Length":1.721204,"Height":4.067832,"Demand":1.0,"DemandMax":null,"Value":7.001568709728},{"Length":2.41773,"Height":2.876021,"Demand":1.0,"DemandMax":null,"Value":6.9534422523300012},{"Length":3.157185,"Height":2.197679,"Demand":1.0,"DemandMax":null,"Value":6.938479173615},{"Length":3.883734,"Height":1.782955,"Demand":1.0,"DemandMax":null,"Value":6.92452295397},{"Length":1.721204,"Height":3.984541,"Demand":1.0,"DemandMax":null,"Value":6.858207907364},{"Length":3.90874,"Height":1.754086,"Demand":1.0,"DemandMax":null,"Value":6.85626611164},{"Length":14.59036,"Height":0.4659816,"Demand":1.0,"DemandMax":null,"Value":6.798839297376},{"Length":0.3278573,"Height":20.73346,"Demand":1.0,"DemandMax":null,"Value":6.797616215258},{"Length":5.486193,"Height":1.236675,"Demand":1.0,"DemandMax":null,"Value":6.784637728275},{"Length":3.90874,"Height":1.728657,"Demand":1.0,"DemandMax":null,"Value":6.75687076218}]}