{"Name":"Path9_200","Objects":[{"Length":100.0,"Height":100.0,"Stock":null,"Cost":10000.0}],"Items":[{"Length":37.5498,"Height":56.86306,"Demand":1.0,"DemandMax":null,"Value":2135.1965303879997},{"Length":37.5498,"Height":10.09204,"Demand":1.0,"DemandMax":null,"Value":378.954083592},{"Length":11.42227,"Height":33.00991,"Demand":1.0,"DemandMax":null,"Value":377.0481046957},{"Length":4.743099,"Height":46.79382,"Demand":1.0,"DemandMax":null,"Value":221.94772084817998},{"Length":7.017984,"Height":26.23491,"Demand":1.0,"DemandMax":null,"Value":184.11617862144},{"Length":3.80596,"Height":41.84032,"Demand":1.0,"DemandMax":null,"Value":159.2425843072},{"Length":3.621654,"Height":38.91024,"Demand":1.0,"DemandMax":null,"Value":140.91942633696002},{"Length":4.404285,"Height":26.23491,"Demand":1.0,"DemandMax":null,"Value":115.54602058935},{"Length":18.30185,"Height":5.292287,"Demand":1.0,"DemandMax":null,"Value":96.85864283095},{"Length":4.743099,"Height":20.16128,"Demand":1.0,"DemandMax":null,"Value":95.62694700672},{"Length":18.30185,"Height":4.658872,"Demand":1.0,"DemandMax":null,"Value":85.2659765132},{"Length":5.967961,"Height":13.80077,"Demand":1.0,"DemandMax":null,"Value":82.36245712997},{"Length":3.80596,"Height":17.4045,"Demand":1.0,"DemandMax":null,"Value":66.240830819999985},{"Length":26.42443,"Height":2.48972,"Demand":1.0,"DemandMax":null,"Value":65.7894318596},{"Length":18.30185,"Height":3.196041,"Demand":1.0,"DemandMax":null,"Value":58.493462975850008},{"Length":12.84045,"Height":4.237912,"Demand":1.0,"DemandMax":null,"Value":54.4166971404},{"Length":1.992889,"Height":26.9795,"Demand":1.0,"DemandMax":null,"Value":53.7671487755},{"Length":17.40365,"Height":2.897943,"Demand":1.0,"DemandMax":null,"Value":50.43478569195},{"Length":13.21484,"Height":3.641685,"Demand":1.0,"DemandMax":null,"Value":48.1242846054},{"Length":19.05407,"Height":2.48972,"Demand":1.0,"DemandMax":null,"Value":47.439299160400004},{"Length":48.10653,"Height":0.9696984,"Demand":1.0,"DemandMax":null,"Value":46.648825170551994},{"Length":1.149687,"Height":40.14642,"Demand":1.0,"DemandMax":null,"Value":46.15581717054},{"Length":18.30185,"Height":2.477703,"Demand":1.0,"DemandMax":null,"Value":45.346548650550005},{"Length":2.415998,"Height":17.829,"Demand":1.0,"DemandMax":null,"Value":43.074828342},{"Length":39.75001,"Height":1.081526,"Demand":1.0,"DemandMax":null,"Value":42.99066931526},{"Length":6.262742,"Height":6.851847,"Demand":1.0,"DemandMax":null,"Value":42.911349984474},{"Length":48.10653,"Height":0.8861682,"Demand":1.0,"DemandMax":null,"Value":42.630477098346},{"Length":1.753702,"Height":24.2515,"Demand":1.0,"DemandMax":null,"Value":42.529904053},{"Length":23.92978,"Height":1.769995,"Demand":1.0,"DemandMax":null,"Value":42.3555909511},{"Length":20.85965,"Height":1.996413,"Demand":1.0,"DemandMax":null,"Value":41.644476435449995},{"Length":32.89761,"Height":1.264316,"Demand":1.0,"DemandMax":null,"Value":41.59297468476},{"Length":48.10653,"Height":0.8600125,"Demand":1.0,"DemandMax":null,"Value":41.372217131625},{"Length":20.95653,"Height":1.956112,"Demand":1.0,"DemandMax":null,"Value":40.99331981136},{"Length":3.240492,"Height":12.60895,"Demand":1.0,"DemandMax":null,"Value":40.8592016034},{"Length":0.6895229,"Height":59.24482,"Demand":1.0,"DemandMax":null,"Value":40.850660096378},{"Length":3.240492,"Height":12.29671,"Demand":1.0,"DemandMax":null,"Value":39.84739038132},{"Length":2.726104,"Height":14.52059,"Demand":1.0,"DemandMax":null,"Value":39.584638481359995},{"Length":10.00684,"Height":3.954613,"Demand":1.0,"DemandMax":null,"Value":39.57317955292},{"Length":18.30185,"Height":2.112577,"Demand":1.0,"DemandMax":null,"Value":38.66406736745},{"Length":3.888962,"Height":9.920141,"Demand":1.0,"DemandMax":null,"Value":38.579051383641996},{"Length":16.41638,"Height":2.348772,"Demand":1.0,"DemandMax":null,"Value":38.55833368536},{"Length":32.89761,"Height":1.155133,"Demand":1.0,"DemandMax":null,"Value":38.00111493213},{"Length":49.69875,"Height":0.7625471,"Demand":1.0,"DemandMax":null,"Value":37.897637686125},{"Length":48.10653,"Height":0.787554,"Demand":1.0,"DemandMax":null,"Value":37.88649012762},{"Length":18.89036,"Height":1.996413,"Demand":1.0,"DemandMax":null,"Value":37.71296027868},{"Length":9.525098,"Height":3.95832,"Demand":1.0,"DemandMax":null,"Value":37.70338591536},{"Length":10.32507,"Height":3.641685,"Demand":1.0,"DemandMax":null,"Value":37.60065254295},{"Length":27.42648,"Height":1.366239,"Demand":1.0,"DemandMax":null,"Value":37.47112660872},{"Length":44.3144,"Height":0.8436509,"Demand":1.0,"DemandMax":null,"Value":37.38588344296},{"Length":1.691503,"Height":22.01633,"Demand":1.0,"DemandMax":null,"Value":37.24068824399},{"Length":16.1655,"Height":2.302814,"Demand":1.0,"DemandMax":null,"Value":37.226139717},{"Length":21.30635,"Height":1.728685,"Demand":1.0,"DemandMax":null,"Value":36.83196764975},{"Length":1.240953,"Height":29.64678,"Demand":1.0,"DemandMax":null,"Value":36.79026058134},{"Length":9.26404,"Height":3.954613,"Demand":1.0,"DemandMax":null,"Value":36.63569301652},{"Length":28.56876,"Height":1.276124,"Demand":1.0,"DemandMax":null,"Value":36.45728028624},{"Length":17.40365,"Height":2.090961,"Demand":1.0,"DemandMax":null,"Value":36.39035340765},{"Length":27.42648,"Height":1.326129,"Demand":1.0,"DemandMax":null,"Value":36.37105049592},{"Length":49.62828,"Height":0.7318614,"Demand":1.0,"DemandMax":null,"Value":36.321022480391996},{"Length":2.891597,"Height":12.47806,"Demand":1.0,"DemandMax":null,"Value":36.081520861819996},{"Length":5.481487,"Height":6.577129,"Demand":1.0,"DemandMax":null,"Value":36.052447110823},{"Length":1.214286,"Height":29.64678,"Demand":1.0,"DemandMax":null,"Value":35.99966989908},{"Length":5.045429,"Height":7.133445,"Demand":1.0,"DemandMax":null,"Value":35.991290272905005},{"Length":5.967961,"Height":6.021367,"Demand":1.0,"DemandMax":null,"Value":35.935283422687},{"Length":19.83525,"Height":1.808494,"Demand":1.0,"DemandMax":null,"Value":35.8719306135},{"Length":2.81682,"Height":12.68617,"Demand":1.0,"DemandMax":null,"Value":35.7346573794},{"Length":28.00806,"Height":1.271272,"Demand":1.0,"DemandMax":null,"Value":35.60586245232},{"Length":4.989002,"Height":7.133445,"Demand":1.0,"DemandMax":null,"Value":35.588771371890005},{"Length":6.58384,"Height":5.396564,"Demand":1.0,"DemandMax":null,"Value":35.53011392576},{"Length":49.69875,"Height":0.7101885,"Demand":1.0,"DemandMax":null,"Value":35.295480714374996},{"Length":23.53991,"Height":1.497189,"Demand":1.0,"DemandMax":null,"Value":35.24369431299},{"Length":27.42648,"Height":1.282943,"Demand":1.0,"DemandMax":null,"Value":35.18661053064},{"Length":0.9364582,"Height":37.56775,"Demand":1.0,"DemandMax":null,"Value":35.18062754305},{"Length":48.46419,"Height":0.7200834,"Demand":1.0,"DemandMax":null,"Value":34.898258713446005},{"Length":20.46921,"Height":1.701379,"Demand":1.0,"DemandMax":null,"Value":34.82588404059},{"Length":6.945118,"Height":4.994342,"Demand":1.0,"DemandMax":null,"Value":34.686294522355993},{"Length":3.374634,"Height":10.21585,"Demand":1.0,"DemandMax":null,"Value":34.4747547489},{"Length":48.46419,"Height":0.7111186,"Demand":1.0,"DemandMax":null,"Value":34.463786942934007},{"Length":2.81682,"Height":12.21949,"Demand":1.0,"DemandMax":null,"Value":34.4201038218},{"Length":49.62828,"Height":0.6926154,"Demand":1.0,"DemandMax":null,"Value":34.373311003512},{"Length":2.641544,"Height":12.98891,"Demand":1.0,"DemandMax":null,"Value":34.31077727704},{"Length":23.53991,"Height":1.438254,"Demand":1.0,"DemandMax":null,"Value":33.85636971714},{"Length":17.06744,"Height":1.958726,"Demand":1.0,"DemandMax":null,"Value":33.43043848144},{"Length":10.9387,"Height":3.052335,"Demand":1.0,"DemandMax":null,"Value":33.3885768645},{"Length":2.277618,"Height":14.5782,"Demand":1.0,"DemandMax":null,"Value":33.2035707276},{"Length":2.266756,"Height":14.5782,"Demand":1.0,"DemandMax":null,"Value":33.0452223192},{"Length":20.95653,"Height":1.568682,"Demand":1.0,"DemandMax":null,"Value":32.87413139346},{"Length":27.03029,"Height":1.212015,"Demand":1.0,"DemandMax":null,"Value":32.76111693435},{"Length":1.827776,"Height":17.78382,"Demand":1.0,"DemandMax":null,"Value":32.50483938432},{"Length":4.506259,"Height":7.133445,"Demand":1.0,"DemandMax":null,"Value":32.145150732255},{"Length":1.325466,"Height":24.2515,"Demand":1.0,"DemandMax":null,"Value":32.144538699},{"Length":2.455239,"Height":13.05682,"Demand":1.0,"DemandMax":null,"Value":32.05761367998},{"Length":1.544334,"Height":20.64792,"Demand":1.0,"DemandMax":null,"Value":31.88728488528},{"Length":19.83525,"Height":1.594455,"Demand":1.0,"DemandMax":null,"Value":31.626413538749997},{"Length":17.43248,"Height":1.787784,"Demand":1.0,"DemandMax":null,"Value":31.165508824320003},{"Length":6.883152,"Height":4.509222,"Demand":1.0,"DemandMax":null,"Value":31.037660427744},{"Length":4.688752,"Height":6.577129,"Demand":1.0,"DemandMax":null,"Value":30.838526753008},{"Length":3.888962,"Height":7.908857,"Demand":1.0,"DemandMax":null,"Value":30.757244336434},{"Length":10.01783,"Height":3.052335,"Demand":1.0,"DemandMax":null,"Value":30.577773133049998},{"Length":2.594674,"Height":11.75471,"Demand":1.0,"DemandMax":null,"Value":30.499640414539996},{"Length":6.883152,"Height":4.390042,"Demand":1.0,"DemandMax":null,"Value":30.217326372384},{"Length":24.86318,"Height":1.212015,"Demand":1.0,"DemandMax":null,"Value":30.1345471077},{"Length":2.930326,"Height":10.21585,"Demand":1.0,"DemandMax":null,"Value":29.9357708671},{"Length":6.58384,"Height":4.528025,"Demand":1.0,"DemandMax":null,"Value":29.811792116000003},{"Length":2.039467,"Height":14.5782,"Demand":1.0,"DemandMax":null,"Value":29.731757819400002},{"Length":25.33778,"Height":1.172899,"Demand":1.0,"DemandMax":null,"Value":29.718656824219995},{"Length":7.424012,"Height":3.997049,"Demand":1.0,"DemandMax":null,"Value":29.674139740588},{"Length":5.923028,"Height":4.994342,"Demand":1.0,"DemandMax":null,"Value":29.581627507576},{"Length":4.469074,"Height":6.577129,"Demand":1.0,"DemandMax":null,"Value":29.393676208546},{"Length":21.30635,"Height":1.346255,"Demand":1.0,"DemandMax":null,"Value":28.683780219249996},{"Length":18.30185,"Height":1.559881,"Demand":1.0,"DemandMax":null,"Value":28.548708079850005},{"Length":6.883152,"Height":4.140035,"Demand":1.0,"DemandMax":null,"Value":28.49649019032},{"Length":4.1096,"Height":6.851847,"Demand":1.0,"DemandMax":null,"Value":28.158350431200002},{"Length":0.8832059,"Height":31.68326,"Demand":1.0,"DemandMax":null,"Value":27.982842163234},{"Length":27.42648,"Height":1.019031,"Demand":1.0,"DemandMax":null,"Value":27.94843334088},{"Length":1.347262,"Height":20.64792,"Demand":1.0,"DemandMax":null,"Value":27.818157995039996},{"Length":6.883152,"Height":4.040573,"Demand":1.0,"DemandMax":null,"Value":27.811878126096},{"Length":6.944019,"Height":3.997049,"Demand":1.0,"DemandMax":null,"Value":27.755584199931},{"Length":4.037645,"Height":6.851847,"Demand":1.0,"DemandMax":null,"Value":27.665325780315005},{"Length":15.46513,"Height":1.787784,"Demand":1.0,"DemandMax":null,"Value":27.648311971920002},{"Length":21.69068,"Height":1.271272,"Demand":1.0,"DemandMax":null,"Value":27.57475414496},{"Length":0.9364582,"Height":29.38735,"Demand":1.0,"DemandMax":null,"Value":27.520024883770002},{"Length":0.8612558,"Height":31.68326,"Demand":1.0,"DemandMax":null,"Value":27.287391437908003},{"Length":10.74007,"Height":2.534024,"Demand":1.0,"DemandMax":null,"Value":27.215595141679998},{"Length":20.46921,"Height":1.322161,"Demand":1.0,"DemandMax":null,"Value":27.06359116281},{"Length":1.112313,"Height":24.2515,"Demand":1.0,"DemandMax":null,"Value":26.9752587195},{"Length":2.891597,"Height":9.326321,"Demand":1.0,"DemandMax":null,"Value":26.967961824637},{"Length":21.12999,"Height":1.276124,"Demand":1.0,"DemandMax":null,"Value":26.96448735876},{"Length":0.8495394,"Height":31.68326,"Demand":1.0,"DemandMax":null,"Value":26.916177690443998},{"Length":0.690417,"Height":38.91024,"Demand":1.0,"DemandMax":null,"Value":26.864291170079998},{"Length":17.06744,"Height":1.573993,"Demand":1.0,"DemandMax":null,"Value":26.86403108792},{"Length":5.378457,"Height":4.994342,"Demand":1.0,"DemandMax":null,"Value":26.861853690293998},{"Length":3.761163,"Height":7.133445,"Demand":1.0,"DemandMax":null,"Value":26.830049396535},{"Length":18.30185,"Height":1.464882,"Demand":1.0,"DemandMax":null,"Value":26.8100506317},{"Length":13.13291,"Height":2.038504,"Demand":1.0,"DemandMax":null,"Value":26.771489566640003},{"Length":27.62267,"Height":0.9687715,"Demand":1.0,"DemandMax":null,"Value":26.760055449905},{"Length":1.503432,"Height":17.78382,"Demand":1.0,"DemandMax":null,"Value":26.73676407024},{"Length":22.76875,"Height":1.172899,"Demand":1.0,"DemandMax":null,"Value":26.70544410625},{"Length":3.891866,"Height":6.851847,"Demand":1.0,"DemandMax":null,"Value":26.666470376502},{"Length":6.650373,"Height":3.997049,"Demand":1.0,"DemandMax":null,"Value":26.581866749277},{"Length":14.98309,"Height":1.769995,"Demand":1.0,"DemandMax":null,"Value":26.51999438455},{"Length":6.624885,"Height":3.997049,"Demand":1.0,"DemandMax":null,"Value":26.479989964365},{"Length":5.967961,"Height":4.429358,"Demand":1.0,"DemandMax":null,"Value":26.434235799037996},{"Length":10.74007,"Height":2.460318,"Demand":1.0,"DemandMax":null,"Value":26.423987542259997},{"Length":0.8217671,"Height":31.68326,"Demand":1.0,"DemandMax":null,"Value":26.036260688746},{"Length":48.46419,"Height":0.5354908,"Demand":1.0,"DemandMax":null,"Value":25.952127874452003},{"Length":3.944948,"Height":6.577129,"Demand":1.0,"DemandMax":null,"Value":25.946431894292},{"Length":3.331208,"Height":7.775576,"Demand":1.0,"DemandMax":null,"Value":25.902060975808002},{"Length":20.46921,"Height":1.26279,"Demand":1.0,"DemandMax":null,"Value":25.848313695900003},{"Length":21.34098,"Height":1.208391,"Demand":1.0,"DemandMax":null,"Value":25.788248163179997},{"Length":2.726104,"Height":9.446431,"Demand":1.0,"DemandMax":null,"Value":25.751953334824},{"Length":17.06744,"Height":1.508249,"Demand":1.0,"DemandMax":null,"Value":25.741949312560003},{"Length":44.3144,"Height":0.580826,"Demand":1.0,"DemandMax":null,"Value":25.738955694399998},{"Length":32.89761,"Height":0.7816709,"Demand":1.0,"DemandMax":null,"Value":25.715104416549},{"Length":3.904393,"Height":6.577129,"Demand":1.0,"DemandMax":null,"Value":25.679696427697},{"Length":48.10653,"Height":0.5327315,"Demand":1.0,"DemandMax":null,"Value":25.627863886695},{"Length":3.331208,"Height":7.653717,"Demand":1.0,"DemandMax":null,"Value":25.496123300136002},{"Length":6.371789,"Height":3.997049,"Demand":1.0,"DemandMax":null,"Value":25.468352850661},{"Length":19.50202,"Height":1.304945,"Demand":1.0,"DemandMax":null,"Value":25.449063488900002},{"Length":19.27088,"Height":1.315774,"Demand":1.0,"DemandMax":null,"Value":25.35612286112},{"Length":3.535304,"Height":7.171624,"Demand":1.0,"DemandMax":null,"Value":25.353871013696},{"Length":48.46419,"Height":0.5230269,"Demand":1.0,"DemandMax":null,"Value":25.348075056711},{"Length":3.851326,"Height":6.577129,"Demand":1.0,"DemandMax":null,"Value":25.330667923054},{"Length":19.41084,"Height":1.304945,"Demand":1.0,"DemandMax":null,"Value":25.3300786038},{"Length":3.835387,"Height":6.577129,"Demand":1.0,"DemandMax":null,"Value":25.225835063923},{"Length":6.31012,"Height":3.997049,"Demand":1.0,"DemandMax":null,"Value":25.221858835880003},{"Length":13.13291,"Height":1.919817,"Demand":1.0,"DemandMax":null,"Value":25.212783877470002},{"Length":2.726104,"Height":9.246093,"Demand":1.0,"DemandMax":null,"Value":25.205811111672},{"Length":19.27088,"Height":1.306742,"Demand":1.0,"DemandMax":null,"Value":25.18206827296},{"Length":2.641544,"Height":9.510733,"Demand":1.0,"DemandMax":null,"Value":25.123019691752003},{"Length":4.947658,"Height":4.994342,"Demand":1.0,"DemandMax":null,"Value":24.710296151035998},{"Length":2.641544,"Height":9.183615,"Demand":1.0,"DemandMax":null,"Value":24.25892310156},{"Length":1.878978,"Height":12.82028,"Demand":1.0,"DemandMax":null,"Value":24.08902407384},{"Length":3.347847,"Height":7.171624,"Demand":1.0,"DemandMax":null,"Value":24.009499893528},{"Length":6.992824,"Height":3.40295,"Demand":1.0,"DemandMax":null,"Value":23.7962304308},{"Length":11.56827,"Height":2.056963,"Demand":1.0,"DemandMax":null,"Value":23.795503364010003},{"Length":1.992889,"Height":11.93075,"Demand":1.0,"DemandMax":null,"Value":23.77666043675},{"Length":17.06744,"Height":1.387992,"Demand":1.0,"DemandMax":null,"Value":23.68947018048},{"Length":6.895397,"Height":3.40295,"Demand":1.0,"DemandMax":null,"Value":23.46469122115},{"Length":5.461405,"Height":4.237912,"Demand":1.0,"DemandMax":null,"Value":23.14495378636},{"Length":18.30185,"Height":1.258204,"Demand":1.0,"DemandMax":null,"Value":23.027460877400003},{"Length":0.9485642,"Height":24.2515,"Demand":1.0,"DemandMax":null,"Value":23.0041046963},{"Length":18.30185,"Height":1.23884,"Demand":1.0,"DemandMax":null,"Value":22.673063854000002},{"Length":2.594674,"Height":8.681262,"Demand":1.0,"DemandMax":null,"Value":22.525044798588},{"Length":11.56827,"Height":1.940086,"Demand":1.0,"DemandMax":null,"Value":22.44343867122},{"Length":1.097569,"Height":20.43597,"Demand":1.0,"DemandMax":null,"Value":22.42988715693},{"Length":18.30185,"Height":1.221107,"Demand":1.0,"DemandMax":null,"Value":22.34851714795},{"Length":2.00074,"Height":11.14634,"Demand":1.0,"DemandMax":null,"Value":22.300928291600002},{"Length":18.40902,"Height":1.208391,"Demand":1.0,"DemandMax":null,"Value":22.245294086820003},{"Length":5.616459,"Height":3.95832,"Demand":1.0,"DemandMax":null,"Value":22.23174198888},{"Length":1.149687,"Height":19.0984,"Demand":1.0,"DemandMax":null,"Value":21.9571822008},{"Length":17.06744,"Height":1.281309,"Demand":1.0,"DemandMax":null,"Value":21.868664478960003},{"Length":16.1655,"Height":1.346626,"Demand":1.0,"DemandMax":null,"Value":21.768882603000005},{"Length":2.00074,"Height":10.86999,"Demand":1.0,"DemandMax":null,"Value":21.748023792599998},{"Length":16.1655,"Height":1.344902,"Demand":1.0,"DemandMax":null,"Value":21.741013281000004},{"Length":16.41638,"Height":1.323552,"Demand":1.0,"DemandMax":null,"Value":21.72793258176},{"Length":16.41638,"Height":1.322018,"Demand":1.0,"DemandMax":null,"Value":21.70274985484},{"Length":5.448996,"Height":3.95832,"Demand":1.0,"DemandMax":null,"Value":21.568869846720002},{"Length":0.8869561,"Height":24.2515,"Demand":1.0,"DemandMax":null,"Value":21.510015859150002},{"Length":1.878978,"Height":11.43122,"Demand":1.0,"DemandMax":null,"Value":21.479010893159998},{"Length":22.07608,"Height":0.9687715,"Demand":1.0,"DemandMax":null,"Value":21.38667713572}]}