{"Name":"Nice6_100","Objects":[{"Length":100.0,"Height":100.0,"Stock":null,"Cost":10000.0}],"Items":[{"Length":19.78874,"Height":15.66198,"Demand":1.0,"DemandMax":null,"Value":309.9308501052},{"Length":24.821,"Height":11.34999,"Demand":1.0,"DemandMax":null,"Value":281.71810179},{"Length":16.03109,"Height":14.83023,"Demand":1.0,"DemandMax":null,"Value":237.7447518507},{"Length":21.21112,"Height":10.36804,"Demand":1.0,"DemandMax":null,"Value":219.91774060480003},{"Length":18.93597,"Height":11.34999,"Demand":1.0,"DemandMax":null,"Value":214.9230701403},{"Length":12.88344,"Height":16.31543,"Demand":1.0,"DemandMax":null,"Value":210.19886347919999},{"Length":8.874346,"Height":23.31292,"Demand":1.0,"DemandMax":null,"Value":206.88691835031997},{"Length":26.45063,"Height":7.265411,"Demand":1.0,"DemandMax":null,"Value":192.17469815893},{"Length":8.115971,"Height":23.31292,"Demand":1.0,"DemandMax":null,"Value":189.20698264531998},{"Length":15.12751,"Height":12.39085,"Demand":1.0,"DemandMax":null,"Value":187.4427072835},{"Length":22.32201,"Height":7.491113,"Demand":1.0,"DemandMax":null,"Value":167.21669929713},{"Length":11.20244,"Height":14.75525,"Demand":1.0,"DemandMax":null,"Value":165.29480281},{"Length":16.88841,"Height":9.675662,"Demand":1.0,"DemandMax":null,"Value":163.40654687742003},{"Length":13.10694,"Height":12.34717,"Demand":1.0,"DemandMax":null,"Value":161.8336163598},{"Length":11.29509,"Height":13.82681,"Demand":1.0,"DemandMax":null,"Value":156.1750633629},{"Length":14.65003,"Height":10.30687,"Demand":1.0,"DemandMax":null,"Value":150.99595470609998},{"Length":20.95166,"Height":7.051855,"Demand":1.0,"DemandMax":null,"Value":147.7480683293},{"Length":8.840721,"Height":16.25208,"Demand":1.0,"DemandMax":null,"Value":143.68010494968},{"Length":10.45881,"Height":12.70621,"Demand":1.0,"DemandMax":null,"Value":132.8918362101},{"Length":8.717866,"Height":14.32487,"Demand":1.0,"DemandMax":null,"Value":124.88229712742002},{"Length":16.49216,"Height":7.564815,"Demand":1.0,"DemandMax":null,"Value":124.7601393504},{"Length":7.862552,"Height":15.82987,"Demand":1.0,"DemandMax":null,"Value":124.46317602824},{"Length":9.788992,"Height":12.5855,"Demand":1.0,"DemandMax":null,"Value":123.199358816},{"Length":8.615152,"Height":14.27721,"Demand":1.0,"DemandMax":null,"Value":123.00033428592},{"Length":12.55255,"Height":9.646437,"Demand":1.0,"DemandMax":null,"Value":121.08738276435001},{"Length":5.990372,"Height":20.01448,"Demand":1.0,"DemandMax":null,"Value":119.89418058655998},{"Length":8.984266,"Height":12.86839,"Demand":1.0,"DemandMax":null,"Value":115.61303875173999},{"Length":16.64658,"Height":6.818325,"Demand":1.0,"DemandMax":null,"Value":113.5017925785},{"Length":6.905306,"Height":16.31543,"Demand":1.0,"DemandMax":null,"Value":112.66303667158},{"Length":7.862552,"Height":14.26123,"Demand":1.0,"DemandMax":null,"Value":112.12966245896},{"Length":8.283028,"Height":13.50596,"Demand":1.0,"DemandMax":null,"Value":111.87024484688},{"Length":10.47785,"Height":10.42088,"Demand":1.0,"DemandMax":null,"Value":109.188417508},{"Length":8.283028,"Height":13.07555,"Demand":1.0,"DemandMax":null,"Value":108.3051467654},{"Length":8.717866,"Height":12.25664,"Demand":1.0,"DemandMax":null,"Value":106.85174513024002},{"Length":16.64658,"Height":6.401642,"Demand":1.0,"DemandMax":null,"Value":106.56544568436},{"Length":6.946473,"Height":15.26087,"Demand":1.0,"DemandMax":null,"Value":106.00922141151001},{"Length":5.256826,"Height":20.01448,"Demand":1.0,"DemandMax":null,"Value":105.21263884048},{"Length":10.86233,"Height":9.675662,"Demand":1.0,"DemandMax":null,"Value":105.10023361246002},{"Length":10.45881,"Height":9.849586,"Demand":1.0,"DemandMax":null,"Value":103.01494855266},{"Length":12.73691,"Height":7.769756,"Demand":1.0,"DemandMax":null,"Value":98.962682893960007},{"Length":11.20244,"Height":8.827095,"Demand":1.0,"DemandMax":null,"Value":98.885002111799992},{"Length":13.34446,"Height":7.344375,"Demand":1.0,"DemandMax":null,"Value":98.0067184125},{"Length":8.984266,"Height":10.44453,"Demand":1.0,"DemandMax":null,"Value":93.83643576498},{"Length":9.020234,"Height":9.853991,"Demand":1.0,"DemandMax":null,"Value":88.885304653894011},{"Length":8.050232,"Height":10.96575,"Demand":1.0,"DemandMax":null,"Value":88.276831554},{"Length":15.12751,"Height":5.740818,"Demand":1.0,"DemandMax":null,"Value":86.844281703179988},{"Length":13.34446,"Height":6.470446,"Demand":1.0,"DemandMax":null,"Value":86.34460782916},{"Length":7.970781,"Height":10.82362,"Demand":1.0,"DemandMax":null,"Value":86.27270464722},{"Length":5.866413,"Height":14.22315,"Demand":1.0,"DemandMax":null,"Value":83.43887206095},{"Length":5.391931,"Height":15.26087,"Demand":1.0,"DemandMax":null,"Value":82.28555803997},{"Length":9.719791,"Height":8.367686,"Demand":1.0,"DemandMax":null,"Value":81.332159073626016},{"Length":10.45881,"Height":7.535297,"Demand":1.0,"DemandMax":null,"Value":78.81023961657},{"Length":12.90054,"Height":6.072974,"Demand":1.0,"DemandMax":null,"Value":78.34464400596},{"Length":9.958469,"Height":7.564815,"Demand":1.0,"DemandMax":null,"Value":75.333975668235},{"Length":9.585101,"Height":7.769756,"Demand":1.0,"DemandMax":null,"Value":74.473896005356},{"Length":6.778486,"Height":10.88042,"Demand":1.0,"DemandMax":null,"Value":73.752774644120009},{"Length":10.47785,"Height":7.009073,"Demand":1.0,"DemandMax":null,"Value":73.44001553305},{"Length":15.12751,"Height":4.849771,"Demand":1.0,"DemandMax":null,"Value":73.364959300209989},{"Length":7.970781,"Height":9.19086,"Demand":1.0,"DemandMax":null,"Value":73.25833226166},{"Length":11.20244,"Height":6.50875,"Demand":1.0,"DemandMax":null,"Value":72.91388135},{"Length":11.20353,"Height":6.460783,"Demand":1.0,"DemandMax":null,"Value":72.38357616399},{"Length":13.34446,"Height":5.39585,"Demand":1.0,"DemandMax":null,"Value":72.004704491},{"Length":4.562809,"Height":15.72533,"Demand":1.0,"DemandMax":null,"Value":71.75167725197},{"Length":6.56597,"Height":10.88042,"Demand":1.0,"DemandMax":null,"Value":71.4405113074},{"Length":7.123333,"Height":9.853991,"Demand":1.0,"DemandMax":null,"Value":70.193259272003},{"Length":9.719791,"Height":7.213408,"Demand":1.0,"DemandMax":null,"Value":70.112818157728015},{"Length":4.969818,"Height":13.99601,"Demand":1.0,"DemandMax":null,"Value":69.55762242618},{"Length":11.26781,"Height":6.120811,"Demand":1.0,"DemandMax":null,"Value":68.96813539391},{"Length":15.12751,"Height":4.554837,"Demand":1.0,"DemandMax":null,"Value":68.90334226587},{"Length":4.819174,"Height":13.99601,"Demand":1.0,"DemandMax":null,"Value":67.44920749574},{"Length":4.277912,"Height":15.72533,"Demand":1.0,"DemandMax":null,"Value":67.271577910959991},{"Length":15.12751,"Height":4.441138,"Demand":1.0,"DemandMax":null,"Value":67.183359506379986},{"Length":14.65003,"Height":4.523357,"Demand":1.0,"DemandMax":null,"Value":66.26731575071},{"Length":9.798275,"Height":6.535017,"Demand":1.0,"DemandMax":null,"Value":64.031893695675},{"Length":11.60717,"Height":5.417877,"Demand":1.0,"DemandMax":null,"Value":62.88621937809},{"Length":5.49709,"Height":10.80302,"Demand":1.0,"DemandMax":null,"Value":59.3851732118},{"Length":8.627827,"Height":6.826524,"Demand":1.0,"DemandMax":null,"Value":58.898068083348},{"Length":6.074859,"Height":9.646437,"Demand":1.0,"DemandMax":null,"Value":58.600744627383},{"Length":6.261065,"Height":9.140059,"Demand":1.0,"DemandMax":null,"Value":57.226503502835008},{"Length":5.895741,"Height":9.486105,"Demand":1.0,"DemandMax":null,"Value":55.927618178805005},{"Length":5.389172,"Height":10.36804,"Demand":1.0,"DemandMax":null,"Value":55.875150862880005},{"Length":5.056706,"Height":10.96575,"Demand":1.0,"DemandMax":null,"Value":55.4505738195},{"Length":8.018751,"Height":6.826524,"Demand":1.0,"DemandMax":null,"Value":54.740196151524},{"Length":4.404165,"Height":12.3043,"Demand":1.0,"DemandMax":null,"Value":54.1901674095},{"Length":4.884689,"Height":11.00041,"Demand":1.0,"DemandMax":null,"Value":53.73358172249},{"Length":5.866413,"Height":9.089767,"Demand":1.0,"DemandMax":null,"Value":53.324327295771},{"Length":4.835103,"Height":11.00041,"Demand":1.0,"DemandMax":null,"Value":53.18811539223},{"Length":11.20353,"Height":4.667627,"Demand":1.0,"DemandMax":null,"Value":52.293899123310005},{"Length":4.210987,"Height":12.3043,"Demand":1.0,"DemandMax":null,"Value":51.8132473441},{"Length":11.60717,"Height":4.436113,"Demand":1.0,"DemandMax":null,"Value":51.490717730209994},{"Length":5.399348,"Height":9.486105,"Demand":1.0,"DemandMax":null,"Value":51.21878205954},{"Length":4.927664,"Height":10.36804,"Demand":1.0,"DemandMax":null,"Value":51.090217458560005},{"Length":5.49709,"Height":9.21146,"Demand":1.0,"DemandMax":null,"Value":50.636224651400006},{"Length":10.47785,"Height":4.58417,"Demand":1.0,"DemandMax":null,"Value":48.0322456345},{"Length":6.799078,"Height":7.051855,"Demand":1.0,"DemandMax":null,"Value":47.94611218969},{"Length":10.47785,"Height":4.567389,"Demand":1.0,"DemandMax":null,"Value":47.85641683365},{"Length":11.20353,"Height":4.132459,"Demand":1.0,"DemandMax":null,"Value":46.29812838027},{"Length":12.90054,"Height":3.573462,"Demand":1.0,"DemandMax":null,"Value":46.09958946948},{"Length":5.00674,"Height":9.140059,"Demand":1.0,"DemandMax":null,"Value":45.761898997660005},{"Length":6.848303,"Height":6.535017,"Demand":1.0,"DemandMax":null,"Value":44.753776526150993}]}