{"Name":"Nice31_25","Objects":[{"Length":100.0,"Height":100.0,"Stock":null,"Cost":10000.0}],"Items":[{"Length":35.05548,"Height":41.65762,"Demand":1.0,"DemandMax":null,"Value":1460.3278647576},{"Length":46.40111,"Height":15.83735,"Demand":1.0,"DemandMax":null,"Value":734.87061945850007},{"Length":31.34158,"Height":20.87101,"Demand":1.0,"DemandMax":null,"Value":654.13042959579991},{"Length":26.66703,"Height":23.24107,"Demand":1.0,"DemandMax":null,"Value":619.77031092210007},{"Length":29.99986,"Height":19.26397,"Demand":1.0,"DemandMax":null,"Value":577.9164030442},{"Length":11.41365,"Height":41.65762,"Demand":1.0,"DemandMax":null,"Value":475.465494513},{"Length":31.34158,"Height":14.23031,"Demand":1.0,"DemandMax":null,"Value":446.0003992898},{"Length":32.23927,"Height":13.49434,"Demand":1.0,"DemandMax":null,"Value":435.04767073179994},{"Length":17.18017,"Height":20.07709,"Demand":1.0,"DemandMax":null,"Value":344.9278193053},{"Length":22.25731,"Height":15.05098,"Demand":1.0,"DemandMax":null,"Value":334.9943276638},{"Length":15.12833,"Height":21.32781,"Demand":1.0,"DemandMax":null,"Value":322.6541478573},{"Length":16.40125,"Height":19.26397,"Demand":1.0,"DemandMax":null,"Value":315.9531879625},{"Length":32.23927,"Height":9.746727,"Demand":1.0,"DemandMax":null,"Value":314.22736336928995},{"Length":13.44628,"Height":23.24107,"Demand":1.0,"DemandMax":null,"Value":312.5059347196},{"Length":17.18017,"Height":18.11396,"Demand":1.0,"DemandMax":null,"Value":311.2009121732},{"Length":15.12833,"Height":20.3298,"Demand":1.0,"DemandMax":null,"Value":307.555923234},{"Length":10.46725,"Height":23.24107,"Demand":1.0,"DemandMax":null,"Value":243.2700899575},{"Length":11.74823,"Height":20.05034,"Demand":1.0,"DemandMax":null,"Value":235.55600589819997},{"Length":10.65186,"Height":21.94938,"Demand":1.0,"DemandMax":null,"Value":233.8017228468},{"Length":8.68892,"Height":26.70763,"Demand":1.0,"DemandMax":null,"Value":232.0604604596},{"Length":8.491248,"Height":26.70763,"Demand":1.0,"DemandMax":null,"Value":226.78110982224004},{"Length":10.57051,"Height":21.21548,"Demand":1.0,"DemandMax":null,"Value":224.2584434948},{"Length":10.57051,"Height":20.44214,"Demand":1.0,"DemandMax":null,"Value":216.0838452914},{"Length":10.50909,"Height":20.05034,"Demand":1.0,"DemandMax":null,"Value":210.7108275906},{"Length":10.65186,"Height":19.70823,"Demand":1.0,"DemandMax":null,"Value":209.92930680779998}]}