{"Name":"Nice13_25","Objects":[{"Length":100.0,"Height":100.0,"Stock":null,"Cost":10000.0}],"Items":[{"Length":39.66071,"Height":25.54512,"Demand":1.0,"DemandMax":null,"Value":1013.1375962352},{"Length":21.41116,"Height":37.4939,"Demand":1.0,"DemandMax":null,"Value":802.78789192399984},{"Length":20.17602,"Height":37.4939,"Demand":1.0,"DemandMax":null,"Value":756.477676278},{"Length":39.66071,"Height":13.86591,"Demand":1.0,"DemandMax":null,"Value":549.9318353961},{"Length":16.57624,"Height":29.08638,"Demand":1.0,"DemandMax":null,"Value":482.14281561119992},{"Length":11.39911,"Height":41.8598,"Demand":1.0,"DemandMax":null,"Value":477.164464778},{"Length":16.68109,"Height":26.99757,"Demand":1.0,"DemandMax":null,"Value":450.3488949513},{"Length":15.26249,"Height":27.38215,"Demand":1.0,"DemandMax":null,"Value":417.9197905535},{"Length":17.9756,"Height":22.30361,"Demand":1.0,"DemandMax":null,"Value":400.920771916},{"Length":16.82022,"Height":23.09507,"Demand":1.0,"DemandMax":null,"Value":388.46415831539997},{"Length":15.68285,"Height":24.56552,"Demand":1.0,"DemandMax":null,"Value":385.257365332},{"Length":16.42799,"Height":23.09507,"Demand":1.0,"DemandMax":null,"Value":379.4055790093},{"Length":16.99517,"Height":20.6463,"Demand":1.0,"DemandMax":null,"Value":350.887378371},{"Length":14.14352,"Height":24.39958,"Demand":1.0,"DemandMax":null,"Value":345.0959477216},{"Length":15.68285,"Height":21.4728,"Demand":1.0,"DemandMax":null,"Value":336.75470148},{"Length":25.17473,"Height":13.09431,"Demand":1.0,"DemandMax":null,"Value":329.6457187863},{"Length":16.57624,"Height":19.81883,"Demand":1.0,"DemandMax":null,"Value":328.52168259919995},{"Length":17.9756,"Height":15.19028,"Demand":1.0,"DemandMax":null,"Value":273.054397168},{"Length":11.03122,"Height":24.39958,"Demand":1.0,"DemandMax":null,"Value":269.15713488759997},{"Length":15.68285,"Height":16.46779,"Demand":1.0,"DemandMax":null,"Value":258.26188040150004},{"Length":16.68109,"Height":14.86223,"Demand":1.0,"DemandMax":null,"Value":247.91819623070003},{"Length":11.08503,"Height":20.6463,"Demand":1.0,"DemandMax":null,"Value":228.864854889},{"Length":16.57624,"Height":13.6009,"Demand":1.0,"DemandMax":null,"Value":225.45178261599997},{"Length":15.26249,"Height":10.11174,"Demand":1.0,"DemandMax":null,"Value":154.33033063259998},{"Length":6.4125,"Height":23.09507,"Demand":1.0,"DemandMax":null,"Value":148.097136375}]}