{"Name":"Nice47_25","Objects":[{"Length":100.0,"Height":100.0,"Stock":null,"Cost":10000.0}],"Items":[{"Length":16.73143,"Height":58.69293,"Demand":1.0,"DemandMax":null,"Value":982.01664978989993},{"Length":40.47273,"Height":20.86196,"Demand":1.0,"DemandMax":null,"Value":844.34047435079992},{"Length":39.27113,"Height":20.44511,"Demand":1.0,"DemandMax":null,"Value":802.9025726743},{"Length":17.21634,"Height":30.46894,"Demand":1.0,"DemandMax":null,"Value":524.5636304796},{"Length":18.57478,"Height":27.48549,"Demand":1.0,"DemandMax":null,"Value":510.5369299422},{"Length":30.51867,"Height":16.0003,"Demand":1.0,"DemandMax":null,"Value":488.307875601},{"Length":17.21634,"Height":28.22399,"Demand":1.0,"DemandMax":null,"Value":485.9138079966},{"Length":16.13192,"Height":28.22827,"Demand":1.0,"DemandMax":null,"Value":455.3761933784},{"Length":30.51867,"Height":14.46436,"Demand":1.0,"DemandMax":null,"Value":441.43302960119996},{"Length":19.28263,"Height":20.86196,"Demand":1.0,"DemandMax":null,"Value":402.2734557548},{"Length":16.95878,"Height":22.2427,"Demand":1.0,"DemandMax":null,"Value":377.209055906},{"Length":28.63313,"Height":11.3869,"Demand":1.0,"DemandMax":null,"Value":326.04258799700006},{"Length":18.42412,"Height":17.33003,"Demand":1.0,"DemandMax":null,"Value":319.29055232359997},{"Length":16.95878,"Height":18.28087,"Demand":1.0,"DemandMax":null,"Value":310.02125253860004},{"Length":16.95878,"Height":18.16936,"Demand":1.0,"DemandMax":null,"Value":308.13017898080005},{"Length":18.57478,"Height":16.15217,"Demand":1.0,"DemandMax":null,"Value":300.0230042726},{"Length":18.57478,"Height":15.05526,"Demand":1.0,"DemandMax":null,"Value":279.64814234280004},{"Length":13.67162,"Height":20.44511,"Demand":1.0,"DemandMax":null,"Value":279.5177747782},{"Length":28.63313,"Height":9.05821,"Demand":1.0,"DemandMax":null,"Value":259.3649044973},{"Length":11.9201,"Height":20.86196,"Demand":1.0,"DemandMax":null,"Value":248.676649396},{"Length":10.10987,"Height":23.97703,"Demand":1.0,"DemandMax":null,"Value":242.40465628610002},{"Length":14.38674,"Height":14.78922,"Demand":1.0,"DemandMax":null,"Value":212.7686629428},{"Length":9.900418,"Height":20.86196,"Demand":1.0,"DemandMax":null,"Value":206.54212429928},{"Length":8.314242,"Height":23.97703,"Demand":1.0,"DemandMax":null,"Value":199.35082986126},{"Length":14.38674,"Height":13.43905,"Demand":1.0,"DemandMax":null,"Value":193.344118197}]}