{"Name":"Path8_200","Objects":[{"Length":100.0,"Height":100.0,"Stock":null,"Cost":10000.0}],"Items":[{"Length":33.10125,"Height":22.29454,"Demand":1.0,"DemandMax":null,"Value":737.977142175},{"Length":18.48019,"Height":31.43579,"Demand":1.0,"DemandMax":null,"Value":580.9393720001},{"Length":17.38352,"Height":32.88415,"Demand":1.0,"DemandMax":null,"Value":571.642279208},{"Length":16.50831,"Height":32.88415,"Demand":1.0,"DemandMax":null,"Value":542.8617422865},{"Length":29.22077,"Height":17.52315,"Demand":1.0,"DemandMax":null,"Value":512.0399358255},{"Length":49.71695,"Height":9.811389,"Demand":1.0,"DemandMax":null,"Value":487.79233634355},{"Length":5.371288,"Height":56.87567,"Demand":1.0,"DemandMax":null,"Value":305.49560376296},{"Length":10.74058,"Height":22.76313,"Demand":1.0,"DemandMax":null,"Value":244.4892188154},{"Length":22.33995,"Height":10.04158,"Demand":1.0,"DemandMax":null,"Value":224.328395121},{"Length":83.33008,"Height":2.27849,"Demand":1.0,"DemandMax":null,"Value":189.8667539792},{"Length":25.66441,"Height":5.80347,"Demand":1.0,"DemandMax":null,"Value":148.9426335027},{"Length":49.71695,"Height":2.882342,"Demand":1.0,"DemandMax":null,"Value":143.30125309689998},{"Length":40.8952,"Height":3.377814,"Demand":1.0,"DemandMax":null,"Value":138.1363790928},{"Length":23.7682,"Height":5.145122,"Demand":1.0,"DemandMax":null,"Value":122.2902887204},{"Length":6.963037,"Height":15.96921,"Demand":1.0,"DemandMax":null,"Value":111.19420009077},{"Length":3.366745,"Height":32.88415,"Demand":1.0,"DemandMax":null,"Value":110.71254759175},{"Length":5.665019,"Height":19.41933,"Demand":1.0,"DemandMax":null,"Value":110.01087341726999},{"Length":58.80319,"Height":1.811897,"Demand":1.0,"DemandMax":null,"Value":106.54532355143},{"Length":6.812554,"Height":15.0993,"Demand":1.0,"DemandMax":null,"Value":102.86479661220001},{"Length":5.119889,"Height":19.41933,"Demand":1.0,"DemandMax":null,"Value":99.424814054369989},{"Length":23.64504,"Height":3.965471,"Demand":1.0,"DemandMax":null,"Value":93.76372041384},{"Length":10.74058,"Height":8.672665,"Demand":1.0,"DemandMax":null,"Value":93.1494522457},{"Length":30.53318,"Height":2.983186,"Demand":1.0,"DemandMax":null,"Value":91.08615511148},{"Length":17.31798,"Height":5.145122,"Demand":1.0,"DemandMax":null,"Value":89.103119893559992},{"Length":9.468125,"Height":9.382492,"Demand":1.0,"DemandMax":null,"Value":88.8346070675},{"Length":28.27002,"Height":2.983186,"Demand":1.0,"DemandMax":null,"Value":84.334727883719992},{"Length":16.49475,"Height":4.839071,"Demand":1.0,"DemandMax":null,"Value":79.819266377249988},{"Length":16.08504,"Height":4.727318,"Demand":1.0,"DemandMax":null,"Value":76.03909912272},{"Length":3.803459,"Height":19.41933,"Demand":1.0,"DemandMax":null,"Value":73.86062546247},{"Length":5.046082,"Height":13.97378,"Demand":1.0,"DemandMax":null,"Value":70.51283972996},{"Length":83.59152,"Height":0.8408075,"Demand":1.0,"DemandMax":null,"Value":70.284376952400009},{"Length":8.147404,"Height":8.560877,"Demand":1.0,"DemandMax":null,"Value":69.748923513308},{"Length":45.55285,"Height":1.467811,"Demand":1.0,"DemandMax":null,"Value":66.86297431135},{"Length":59.21839,"Height":1.109966,"Demand":1.0,"DemandMax":null,"Value":65.73039947474},{"Length":49.71695,"Height":1.319159,"Demand":1.0,"DemandMax":null,"Value":65.584562045049992},{"Length":13.13573,"Height":4.727318,"Demand":1.0,"DemandMax":null,"Value":62.096772872140008},{"Length":25.95881,"Height":2.27599,"Demand":1.0,"DemandMax":null,"Value":59.0819919719},{"Length":6.85659,"Height":8.560877,"Demand":1.0,"DemandMax":null,"Value":58.698423629429996},{"Length":4.351517,"Height":12.94171,"Demand":1.0,"DemandMax":null,"Value":56.31607107407},{"Length":23.75815,"Height":2.27599,"Demand":1.0,"DemandMax":null,"Value":54.0733118185},{"Length":5.558367,"Height":9.48559,"Demand":1.0,"DemandMax":null,"Value":52.72439043153},{"Length":3.724937,"Height":14.03388,"Demand":1.0,"DemandMax":null,"Value":52.27531886556},{"Length":58.80319,"Height":0.8822655,"Demand":1.0,"DemandMax":null,"Value":51.880025826945},{"Length":4.270201,"Height":12.11271,"Demand":1.0,"DemandMax":null,"Value":51.72370635471},{"Length":9.468125,"Height":5.456425,"Demand":1.0,"DemandMax":null,"Value":51.662113953125008},{"Length":9.468125,"Height":5.180824,"Demand":1.0,"DemandMax":null,"Value":49.052689235},{"Length":1.417244,"Height":32.88415,"Demand":1.0,"DemandMax":null,"Value":46.6048642826},{"Length":18.60352,"Height":2.497621,"Demand":1.0,"DemandMax":null,"Value":46.46454222592},{"Length":29.22077,"Height":1.516739,"Demand":1.0,"DemandMax":null,"Value":44.320281469030007},{"Length":6.963037,"Height":6.325323,"Demand":1.0,"DemandMax":null,"Value":44.043458085951},{"Length":49.71695,"Height":0.8801394,"Demand":1.0,"DemandMax":null,"Value":43.757846542829995},{"Length":8.273082,"Height":5.145122,"Demand":1.0,"DemandMax":null,"Value":42.566016206004},{"Length":58.80319,"Height":0.7187802,"Demand":1.0,"DemandMax":null,"Value":42.266568668838},{"Length":9.86661,"Height":3.965471,"Demand":1.0,"DemandMax":null,"Value":39.12575582331},{"Length":1.199574,"Height":32.5044,"Demand":1.0,"DemandMax":null,"Value":38.9914331256},{"Length":7.08139,"Height":5.475235,"Demand":1.0,"DemandMax":null,"Value":38.772274376649996},{"Length":1.144489,"Height":32.88415,"Demand":1.0,"DemandMax":null,"Value":37.63554794935},{"Length":49.71695,"Height":0.7538753,"Demand":1.0,"DemandMax":null,"Value":37.480380596334996},{"Length":9.858572,"Height":3.574285,"Demand":1.0,"DemandMax":null,"Value":35.23734602102},{"Length":5.574681,"Height":6.075014,"Demand":1.0,"DemandMax":null,"Value":33.866265120534},{"Length":9.814674,"Height":3.448444,"Demand":1.0,"DemandMax":null,"Value":33.845353667256},{"Length":3.324461,"Height":10.04158,"Demand":1.0,"DemandMax":null,"Value":33.38284108838},{"Length":10.60445,"Height":3.059717,"Demand":1.0,"DemandMax":null,"Value":32.44661594065},{"Length":4.270201,"Height":7.051124,"Demand":1.0,"DemandMax":null,"Value":30.109716755924},{"Length":3.407235,"Height":8.560877,"Demand":1.0,"DemandMax":null,"Value":29.168919745095},{"Length":2.138736,"Height":13.62099,"Demand":1.0,"DemandMax":null,"Value":29.131701668640005},{"Length":2.697559,"Height":10.62275,"Demand":1.0,"DemandMax":null,"Value":28.65549486725},{"Length":28.71523,"Height":0.9807058,"Demand":1.0,"DemandMax":null,"Value":28.161192609333998},{"Length":5.26731,"Height":5.214384,"Demand":1.0,"DemandMax":null,"Value":27.46577698704},{"Length":27.68181,"Height":0.9807058,"Demand":1.0,"DemandMax":null,"Value":27.147711621497997},{"Length":0.5792734,"Height":46.3836,"Demand":1.0,"DemandMax":null,"Value":26.86878567624},{"Length":8.459379,"Height":3.175652,"Demand":1.0,"DemandMax":null,"Value":26.864043840108},{"Length":7.5499,"Height":3.377814,"Demand":1.0,"DemandMax":null,"Value":25.5021579186},{"Length":5.558367,"Height":4.488192,"Demand":1.0,"DemandMax":null,"Value":24.947018302463995},{"Length":31.14133,"Height":0.7990072,"Demand":1.0,"DemandMax":null,"Value":24.882146887576003},{"Length":0.5297555,"Height":46.3836,"Demand":1.0,"DemandMax":null,"Value":24.571967209800004},{"Length":9.468125,"Height":2.530887,"Demand":1.0,"DemandMax":null,"Value":23.962754476875002},{"Length":27.66186,"Height":0.7990072,"Demand":1.0,"DemandMax":null,"Value":22.102025305392},{"Length":8.867158,"Height":2.481538,"Demand":1.0,"DemandMax":null,"Value":22.004189529003998},{"Length":4.200816,"Height":5.214384,"Demand":1.0,"DemandMax":null,"Value":21.904667737344},{"Length":7.08139,"Height":3.085642,"Demand":1.0,"DemandMax":null,"Value":21.85063440238},{"Length":8.867158,"Height":2.357533,"Demand":1.0,"DemandMax":null,"Value":20.904617601214},{"Length":7.353967,"Height":2.828194,"Demand":1.0,"DemandMax":null,"Value":20.798445345597997},{"Length":40.78161,"Height":0.5039228,"Demand":1.0,"DemandMax":null,"Value":20.550783099708},{"Length":29.22077,"Height":0.6988283,"Demand":1.0,"DemandMax":null,"Value":20.420301023791},{"Length":3.724937,"Height":5.380985,"Demand":1.0,"DemandMax":null,"Value":20.043830122945},{"Length":1.306769,"Height":15.19832,"Demand":1.0,"DemandMax":null,"Value":19.86069342808},{"Length":14.07949,"Height":1.390626,"Demand":1.0,"DemandMax":null,"Value":19.57930486074},{"Length":3.912123,"Height":4.926581,"Demand":1.0,"DemandMax":null,"Value":19.273390841462998},{"Length":0.6357287,"Height":30.23486,"Demand":1.0,"DemandMax":null,"Value":19.221168242482},{"Length":11.92224,"Height":1.55118,"Demand":1.0,"DemandMax":null,"Value":18.493540243200002},{"Length":7.986121,"Height":2.27849,"Demand":1.0,"DemandMax":null,"Value":18.19629683729},{"Length":0.7879344,"Height":23.06802,"Demand":1.0,"DemandMax":null,"Value":18.176086497888},{"Length":4.351517,"Height":4.158667,"Demand":1.0,"DemandMax":null,"Value":18.096510147839002},{"Length":15.80584,"Height":1.14021,"Demand":1.0,"DemandMax":null,"Value":18.0219768264},{"Length":6.812554,"Height":2.49795,"Demand":1.0,"DemandMax":null,"Value":17.0174192643},{"Length":3.441843,"Height":4.926581,"Demand":1.0,"DemandMax":null,"Value":16.956518328782998},{"Length":0.5411331,"Height":31.18528,"Demand":1.0,"DemandMax":null,"Value":16.875387240768},{"Length":3.94366,"Height":4.272429,"Demand":1.0,"DemandMax":null,"Value":16.84900735014},{"Length":26.45242,"Height":0.6060432,"Demand":1.0,"DemandMax":null,"Value":16.031309264544},{"Length":20.22842,"Height":0.7744182,"Demand":1.0,"DemandMax":null,"Value":15.665256605243998},{"Length":29.22077,"Height":0.530795,"Demand":1.0,"DemandMax":null,"Value":15.510238612150001},{"Length":4.645184,"Height":3.175652,"Demand":1.0,"DemandMax":null,"Value":14.751487859968002},{"Length":4.264814,"Height":3.448444,"Demand":1.0,"DemandMax":null,"Value":14.706972249416001},{"Length":3.724937,"Height":3.947545,"Demand":1.0,"DemandMax":null,"Value":14.704356429665},{"Length":3.410306,"Height":4.272429,"Demand":1.0,"DemandMax":null,"Value":14.570290253273999},{"Length":18.79953,"Height":0.7744182,"Demand":1.0,"DemandMax":null,"Value":14.558698183446},{"Length":3.200322,"Height":4.541661,"Demand":1.0,"DemandMax":null,"Value":14.534777614842001},{"Length":16.66047,"Height":0.8637831,"Demand":1.0,"DemandMax":null,"Value":14.391032424057},{"Length":16.35308,"Height":0.8637831,"Demand":1.0,"DemandMax":null,"Value":14.125514136947999},{"Length":1.029913,"Height":13.62099,"Demand":1.0,"DemandMax":null,"Value":14.028434673870002},{"Length":1.132524,"Height":12.36615,"Demand":1.0,"DemandMax":null,"Value":14.0049616626},{"Length":1.461346,"Height":9.521741,"Demand":1.0,"DemandMax":null,"Value":13.914558123386001},{"Length":5.574681,"Height":2.485863,"Demand":1.0,"DemandMax":null,"Value":13.857893234703},{"Length":1.617895,"Height":8.560877,"Demand":1.0,"DemandMax":null,"Value":13.850600093915},{"Length":10.60445,"Height":1.293144,"Demand":1.0,"DemandMax":null,"Value":13.7130808908},{"Length":8.700691,"Height":1.575252,"Demand":1.0,"DemandMax":null,"Value":13.705780899132002},{"Length":3.168649,"Height":4.301907,"Demand":1.0,"DemandMax":null,"Value":13.631233313643},{"Length":15.80584,"Height":0.8588231,"Demand":1.0,"DemandMax":null,"Value":13.574420506904},{"Length":4.351517,"Height":3.119021,"Demand":1.0,"DemandMax":null,"Value":13.572472904857001},{"Length":13.95858,"Height":0.9690235,"Demand":1.0,"DemandMax":null,"Value":13.52619204663},{"Length":2.719837,"Height":4.954004,"Demand":1.0,"DemandMax":null,"Value":13.474083377348002},{"Length":1.564067,"Height":8.560877,"Demand":1.0,"DemandMax":null,"Value":13.389785206759},{"Length":27.19448,"Height":0.4918393,"Demand":1.0,"DemandMax":null,"Value":13.375314007063999},{"Length":1.516072,"Height":8.796582,"Demand":1.0,"DemandMax":null,"Value":13.336251665904001},{"Length":27.19448,"Height":0.4888665,"Demand":1.0,"DemandMax":null,"Value":13.294470256919999},{"Length":2.464762,"Height":5.291793,"Demand":1.0,"DemandMax":null,"Value":13.043010298266},{"Length":0.4159653,"Height":31.18528,"Demand":1.0,"DemandMax":null,"Value":12.971994350784},{"Length":29.22077,"Height":0.4430476,"Demand":1.0,"DemandMax":null,"Value":12.946192018652},{"Length":3.200322,"Height":4.019216,"Demand":1.0,"DemandMax":null,"Value":12.862785387552},{"Length":18.36835,"Height":0.6948085,"Demand":1.0,"DemandMax":null,"Value":12.762485710975001},{"Length":25.29154,"Height":0.4988264,"Demand":1.0,"DemandMax":null,"Value":12.616087848656},{"Length":2.425063,"Height":5.200275,"Demand":1.0,"DemandMax":null,"Value":12.610994492325002},{"Length":7.353967,"Height":1.693107,"Demand":1.0,"DemandMax":null,"Value":12.451053005469},{"Length":0.7895064,"Height":15.75238,"Demand":1.0,"DemandMax":null,"Value":12.436604825232001},{"Length":6.812554,"Height":1.822082,"Demand":1.0,"DemandMax":null,"Value":12.413032017428002},{"Length":4.351517,"Height":2.848619,"Demand":1.0,"DemandMax":null,"Value":12.395814005023},{"Length":4.783896,"Height":2.577135,"Demand":1.0,"DemandMax":null,"Value":12.328745817960002},{"Length":0.6431479,"Height":19.16384,"Demand":1.0,"DemandMax":null,"Value":12.325183451936},{"Length":27.51414,"Height":0.4440507,"Demand":1.0,"DemandMax":null,"Value":12.217673126898001},{"Length":4.684229,"Height":2.577135,"Demand":1.0,"DemandMax":null,"Value":12.071890503915002},{"Length":13.68267,"Height":0.8657346,"Demand":1.0,"DemandMax":null,"Value":11.845560839382},{"Length":0.7895064,"Height":14.83002,"Demand":1.0,"DemandMax":null,"Value":11.708395702128},{"Length":25.78965,"Height":0.4527508,"Demand":1.0,"DemandMax":null,"Value":11.676284669220001},{"Length":27.51414,"Height":0.4216839,"Demand":1.0,"DemandMax":null,"Value":11.602269860346},{"Length":10.60445,"Height":1.092688,"Demand":1.0,"DemandMax":null,"Value":11.5873552616},{"Length":17.42987,"Height":0.6593305,"Demand":1.0,"DemandMax":null,"Value":11.492044902035001},{"Length":0.5978971,"Height":19.16384,"Demand":1.0,"DemandMax":null,"Value":11.458004360863999},{"Length":11.92224,"Height":0.9568015,"Demand":1.0,"DemandMax":null,"Value":11.40721711536},{"Length":12.96318,"Height":0.8780615,"Demand":1.0,"DemandMax":null,"Value":11.382469275570001},{"Length":9.520398,"Height":1.19438,"Demand":1.0,"DemandMax":null,"Value":11.37097296324},{"Length":17.187,"Height":0.6593305,"Demand":1.0,"DemandMax":null,"Value":11.331913303500002},{"Length":16.24851,"Height":0.6948085,"Demand":1.0,"DemandMax":null,"Value":11.289602860335},{"Length":1.132524,"Height":9.928382,"Demand":1.0,"DemandMax":null,"Value":11.244130896168},{"Length":7.105147,"Height":1.575252,"Demand":1.0,"DemandMax":null,"Value":11.192397022044},{"Length":2.263591,"Height":4.853977,"Demand":1.0,"DemandMax":null,"Value":10.987418651407001},{"Length":11.33296,"Height":0.9690235,"Demand":1.0,"DemandMax":null,"Value":10.98190456456},{"Length":0.3496702,"Height":31.18528,"Demand":1.0,"DemandMax":null,"Value":10.904563094656},{"Length":18.79983,"Height":0.5797208,"Demand":1.0,"DemandMax":null,"Value":10.898652487464},{"Length":9.055087,"Height":1.19438,"Demand":1.0,"DemandMax":null,"Value":10.81521481106},{"Length":12.20083,"Height":0.8780615,"Demand":1.0,"DemandMax":null,"Value":10.713079091045001},{"Length":0.7895064,"Height":13.46171,"Demand":1.0,"DemandMax":null,"Value":10.628106199944002},{"Length":25.78965,"Height":0.4110323,"Demand":1.0,"DemandMax":null,"Value":10.600379155695002},{"Length":2.263591,"Height":4.667764,"Demand":1.0,"DemandMax":null,"Value":10.565908580523999},{"Length":3.303915,"Height":3.175652,"Demand":1.0,"DemandMax":null,"Value":10.49208427758},{"Length":8.765605,"Height":1.19438,"Demand":1.0,"DemandMax":null,"Value":10.469463299900001},{"Length":1.181487,"Height":8.796582,"Demand":1.0,"DemandMax":null,"Value":10.393047277434},{"Length":11.92224,"Height":0.869832,"Demand":1.0,"DemandMax":null,"Value":10.37034586368},{"Length":0.7781398,"Height":13.28321,"Demand":1.0,"DemandMax":null,"Value":10.336194372758001},{"Length":0.6357287,"Height":16.14874,"Demand":1.0,"DemandMax":null,"Value":10.266217486838},{"Length":6.903751,"Height":1.467811,"Demand":1.0,"DemandMax":null,"Value":10.133401659060999},{"Length":0.7895064,"Height":12.83155,"Demand":1.0,"DemandMax":null,"Value":10.13059084692},{"Length":8.683801,"Height":1.156799,"Demand":1.0,"DemandMax":null,"Value":10.045412312999},{"Length":0.5159599,"Height":19.16384,"Demand":1.0,"DemandMax":null,"Value":9.887772970016},{"Length":2.719837,"Height":3.606873,"Demand":1.0,"DemandMax":null,"Value":9.810106639701},{"Length":8.683801,"Height":1.121691,"Demand":1.0,"DemandMax":null,"Value":9.7405414274910012},{"Length":16.77683,"Height":0.5797208,"Demand":1.0,"DemandMax":null,"Value":9.7258773090640016},{"Length":1.826038,"Height":5.200275,"Demand":1.0,"DemandMax":null,"Value":9.4958997604500013},{"Length":1.786338,"Height":5.291793,"Demand":1.0,"DemandMax":null,"Value":9.452930924034},{"Length":7.862235,"Height":1.19438,"Demand":1.0,"DemandMax":null,"Value":9.3904962393},{"Length":6.346588,"Height":1.467811,"Demand":1.0,"DemandMax":null,"Value":9.315591678868},{"Length":3.526339,"Height":2.637852,"Demand":1.0,"DemandMax":null,"Value":9.301960383828},{"Length":0.4647782,"Height":19.16384,"Demand":1.0,"DemandMax":null,"Value":8.906935060288},{"Length":3.526339,"Height":2.50727,"Demand":1.0,"DemandMax":null,"Value":8.84148398453},{"Length":1.027387,"Height":8.560877,"Demand":1.0,"DemandMax":null,"Value":8.795333738399},{"Length":0.4557191,"Height":19.16384,"Demand":1.0,"DemandMax":null,"Value":8.733327917344},{"Length":14.32919,"Height":0.6060432,"Demand":1.0,"DemandMax":null,"Value":8.684108161008},{"Length":3.449904,"Height":2.497621,"Demand":1.0,"DemandMax":null,"Value":8.616552678384},{"Length":0.6135376,"Height":13.8792,"Demand":1.0,"DemandMax":null,"Value":8.5154110579200015},{"Length":9.468125,"Height":0.8987443,"Demand":1.0,"DemandMax":null,"Value":8.5094233754375015},{"Length":1.755405,"Height":4.839071,"Demand":1.0,"DemandMax":null,"Value":8.494529428755},{"Length":0.5860367,"Height":13.8792,"Demand":1.0,"DemandMax":null,"Value":8.13372056664},{"Length":3.238117,"Height":2.497621,"Demand":1.0,"DemandMax":null,"Value":8.087589019657},{"Length":25.16401,"Height":0.3163188,"Demand":1.0,"DemandMax":null,"Value":7.9598494463880005},{"Length":9.468125,"Height":0.8275848,"Demand":1.0,"DemandMax":null,"Value":7.8356763345000005},{"Length":0.4062638,"Height":19.16384,"Demand":1.0,"DemandMax":null,"Value":7.7855744609920006},{"Length":13.39799,"Height":0.5797208,"Demand":1.0,"DemandMax":null,"Value":7.7670934811920009},{"Length":9.468125,"Height":0.8156724,"Demand":1.0,"DemandMax":null,"Value":7.72288824225},{"Length":9.946705,"Height":0.7744182,"Demand":1.0,"DemandMax":null,"Value":7.7029093820309988},{"Length":0.7781398,"Height":9.784801,"Demand":1.0,"DemandMax":null,"Value":7.6139430931798007}]}