{"Name":"Nice35_200","Objects":[{"Length":100.0,"Height":100.0,"Stock":null,"Cost":10000.0}],"Items":[{"Length":10.17343,"Height":11.4059,"Demand":1.0,"DemandMax":null,"Value":116.03712523700001},{"Length":10.17343,"Height":9.901065,"Demand":1.0,"DemandMax":null,"Value":100.72779170294999},{"Length":8.063406,"Height":12.03415,"Demand":1.0,"DemandMax":null,"Value":97.0362373149},{"Length":9.826428,"Height":8.625594,"Demand":1.0,"DemandMax":null,"Value":84.758778398232},{"Length":16.2694,"Height":5.191082,"Demand":1.0,"DemandMax":null,"Value":84.4557894908},{"Length":11.58576,"Height":7.009562,"Demand":1.0,"DemandMax":null,"Value":81.21110303712},{"Length":4.585976,"Height":17.42767,"Demand":1.0,"DemandMax":null,"Value":79.92287635592},{"Length":7.964077,"Height":9.942051,"Demand":1.0,"DemandMax":null,"Value":79.179259701927},{"Length":10.64871,"Height":7.198796,"Demand":1.0,"DemandMax":null,"Value":76.657890953159992},{"Length":11.58576,"Height":6.598063,"Demand":1.0,"DemandMax":null,"Value":76.44357438288},{"Length":5.164803,"Height":14.78441,"Demand":1.0,"DemandMax":null,"Value":76.35856512123},{"Length":6.080709,"Height":12.52479,"Demand":1.0,"DemandMax":null,"Value":76.159603276109991},{"Length":8.550166,"Height":8.772716,"Demand":1.0,"DemandMax":null,"Value":75.008178070856019},{"Length":12.32741,"Height":6.007132,"Demand":1.0,"DemandMax":null,"Value":74.05237908812},{"Length":6.203199,"Height":11.86374,"Demand":1.0,"DemandMax":null,"Value":73.59314010426},{"Length":8.059885,"Height":9.033106,"Demand":1.0,"DemandMax":null,"Value":72.80579555281},{"Length":9.460632,"Height":7.601109,"Demand":1.0,"DemandMax":null,"Value":71.911295040888},{"Length":9.826428,"Height":7.311255,"Demand":1.0,"DemandMax":null,"Value":71.84352084714},{"Length":12.83623,"Height":5.580892,"Demand":1.0,"DemandMax":null,"Value":71.63761331716},{"Length":4.618832,"Height":15.46912,"Demand":1.0,"DemandMax":null,"Value":71.44926646784},{"Length":4.529085,"Height":15.7526,"Demand":1.0,"DemandMax":null,"Value":71.344864371},{"Length":11.96083,"Height":5.94809,"Demand":1.0,"DemandMax":null,"Value":71.144093314699987},{"Length":11.76744,"Height":5.970469,"Demand":1.0,"DemandMax":null,"Value":70.25713572936},{"Length":16.2694,"Height":4.317385,"Demand":1.0,"DemandMax":null,"Value":70.241263519},{"Length":4.402551,"Height":15.93685,"Demand":1.0,"DemandMax":null,"Value":70.16279490435},{"Length":15.50696,"Height":4.483352,"Demand":1.0,"DemandMax":null,"Value":69.52316012992},{"Length":12.33665,"Height":5.609901,"Demand":1.0,"DemandMax":null,"Value":69.20738517165},{"Length":4.365075,"Height":15.7526,"Demand":1.0,"DemandMax":null,"Value":68.761280445},{"Length":10.17343,"Height":6.732176,"Demand":1.0,"DemandMax":null,"Value":68.48932128368},{"Length":9.264317,"Height":7.370127,"Demand":1.0,"DemandMax":null,"Value":68.279192858259009},{"Length":9.098157,"Height":7.485797,"Demand":1.0,"DemandMax":null,"Value":68.106956376129},{"Length":12.23704,"Height":5.552071,"Demand":1.0,"DemandMax":null,"Value":67.94091490984},{"Length":15.50696,"Height":4.364214,"Demand":1.0,"DemandMax":null,"Value":67.675691929439992},{"Length":8.694345,"Height":7.69753,"Demand":1.0,"DemandMax":null,"Value":66.92498146785},{"Length":15.50696,"Height":4.247336,"Demand":1.0,"DemandMax":null,"Value":65.86326945856},{"Length":8.078731,"Height":8.142695,"Demand":1.0,"DemandMax":null,"Value":65.782642520044988},{"Length":7.497953,"Height":8.771507,"Demand":1.0,"DemandMax":null,"Value":65.768347225171},{"Length":6.025267,"Height":10.80665,"Demand":1.0,"DemandMax":null,"Value":65.11295162555},{"Length":15.50696,"Height":4.194269,"Demand":1.0,"DemandMax":null,"Value":65.04036161224},{"Length":9.264317,"Height":6.903951,"Demand":1.0,"DemandMax":null,"Value":63.960390616467},{"Length":6.426892,"Height":9.906236,"Demand":1.0,"DemandMax":null,"Value":63.666308898511993},{"Length":8.694345,"Height":7.181882,"Demand":1.0,"DemandMax":null,"Value":62.44175985729},{"Length":4.028189,"Height":15.46912,"Demand":1.0,"DemandMax":null,"Value":62.31253902368},{"Length":4.927147,"Height":12.52479,"Demand":1.0,"DemandMax":null,"Value":61.71148147413},{"Length":11.09012,"Height":5.528927,"Demand":1.0,"DemandMax":null,"Value":61.316463901240006},{"Length":8.059885,"Height":7.547937,"Demand":1.0,"DemandMax":null,"Value":60.835504207244995},{"Length":4.099514,"Height":14.78441,"Demand":1.0,"DemandMax":null,"Value":60.60889577674},{"Length":8.823011,"Height":6.859094,"Demand":1.0,"DemandMax":null,"Value":60.517861812033992},{"Length":5.981707,"Height":9.992609,"Demand":1.0,"DemandMax":null,"Value":59.772859203563},{"Length":7.497953,"Height":7.96986,"Demand":1.0,"DemandMax":null,"Value":59.757635696579996},{"Length":4.380265,"Height":13.58937,"Demand":1.0,"DemandMax":null,"Value":59.52504178305},{"Length":8.694345,"Height":6.837109,"Demand":1.0,"DemandMax":null,"Value":59.444184448605},{"Length":7.934551,"Height":7.490088,"Demand":1.0,"DemandMax":null,"Value":59.430485230488},{"Length":9.024515,"Height":6.567816,"Demand":1.0,"DemandMax":null,"Value":59.271354009239992},{"Length":8.059885,"Height":7.353361,"Demand":1.0,"DemandMax":null,"Value":59.267244023484992},{"Length":10.64871,"Height":5.539773,"Demand":1.0,"DemandMax":null,"Value":58.99143614283},{"Length":9.340799,"Height":6.306778,"Demand":1.0,"DemandMax":null,"Value":58.910345635622008},{"Length":9.335066,"Height":6.306778,"Demand":1.0,"DemandMax":null,"Value":58.874188877348},{"Length":5.909753,"Height":9.906236,"Demand":1.0,"DemandMax":null,"Value":58.543407919708},{"Length":4.266755,"Height":13.58937,"Demand":1.0,"DemandMax":null,"Value":57.98251239435},{"Length":5.465752,"Height":10.5517,"Demand":1.0,"DemandMax":null,"Value":57.672975378400004},{"Length":8.764413,"Height":6.567816,"Demand":1.0,"DemandMax":null,"Value":57.563051932007994},{"Length":4.742636,"Height":12.03415,"Demand":1.0,"DemandMax":null,"Value":57.0735930194},{"Length":3.983269,"Height":14.22535,"Demand":1.0,"DemandMax":null,"Value":56.66339566915},{"Length":4.208592,"Height":13.40552,"Demand":1.0,"DemandMax":null,"Value":56.41836422784},{"Length":9.358812,"Height":6.01002,"Demand":1.0,"DemandMax":null,"Value":56.24664729624},{"Length":8.196019,"Height":6.859558,"Demand":1.0,"DemandMax":null,"Value":56.221067699601996},{"Length":8.059885,"Height":6.933823,"Demand":1.0,"DemandMax":null,"Value":55.885815990355},{"Length":8.449711,"Height":6.608885,"Demand":1.0,"DemandMax":null,"Value":55.843168282235006},{"Length":11.09012,"Height":5.022769,"Demand":1.0,"DemandMax":null,"Value":55.703110942280006},{"Length":7.934551,"Height":7.006273,"Demand":1.0,"DemandMax":null,"Value":55.591630438423},{"Length":10.41061,"Height":5.270436,"Demand":1.0,"DemandMax":null,"Value":54.86845372596},{"Length":3.842729,"Height":14.20475,"Demand":1.0,"DemandMax":null,"Value":54.58500476275},{"Length":6.749831,"Height":8.044256,"Demand":1.0,"DemandMax":null,"Value":54.297368520736008},{"Length":8.694345,"Height":6.185362,"Demand":1.0,"DemandMax":null,"Value":53.77767117789},{"Length":12.23704,"Height":4.38998,"Demand":1.0,"DemandMax":null,"Value":53.720360859200007},{"Length":5.990086,"Height":8.902431,"Demand":1.0,"DemandMax":null,"Value":53.326327299066},{"Length":4.588912,"Height":11.60197,"Demand":1.0,"DemandMax":null,"Value":53.24041935664},{"Length":8.550166,"Height":6.218281,"Demand":1.0,"DemandMax":null,"Value":53.167334784646009},{"Length":4.445509,"Height":11.86374,"Demand":1.0,"DemandMax":null,"Value":52.74036294366},{"Length":3.873478,"Height":13.57235,"Demand":1.0,"DemandMax":null,"Value":52.5721991333},{"Length":8.07609,"Height":6.466349,"Demand":1.0,"DemandMax":null,"Value":52.222816495410008},{"Length":8.078731,"Height":6.394552,"Demand":1.0,"DemandMax":null,"Value":51.659865473512},{"Length":10.41061,"Height":4.95165,"Demand":1.0,"DemandMax":null,"Value":51.5496970065},{"Length":4.373125,"Height":11.61872,"Demand":1.0,"DemandMax":null,"Value":50.810114899999995},{"Length":11.76744,"Height":4.316066,"Demand":1.0,"DemandMax":null,"Value":50.789047691040004},{"Length":9.061543,"Height":5.594842,"Demand":1.0,"DemandMax":null,"Value":50.697901361206},{"Length":6.797627,"Height":7.45178,"Demand":1.0,"DemandMax":null,"Value":50.654420926060006},{"Length":5.686693,"Height":8.899221,"Demand":1.0,"DemandMax":null,"Value":50.607137766153},{"Length":6.286864,"Height":8.044256,"Demand":1.0,"DemandMax":null,"Value":50.573143453184},{"Length":7.406963,"Height":6.821024,"Demand":1.0,"DemandMax":null,"Value":50.523072390112006},{"Length":7.0773,"Height":7.13438,"Demand":1.0,"DemandMax":null,"Value":50.492147574},{"Length":7.859513,"Height":6.356951,"Demand":1.0,"DemandMax":null,"Value":49.962539024863},{"Length":5.981707,"Height":8.350824,"Demand":1.0,"DemandMax":null,"Value":49.952182376568},{"Length":3.725958,"Height":13.40552,"Demand":1.0,"DemandMax":null,"Value":49.948404488159994},{"Length":5.267708,"Height":9.413596,"Demand":1.0,"DemandMax":null,"Value":49.588074957968},{"Length":7.249316,"Height":6.821024,"Demand":1.0,"DemandMax":null,"Value":49.447758419584005},{"Length":8.078731,"Height":6.099444,"Demand":1.0,"DemandMax":null,"Value":49.275767325564},{"Length":12.17968,"Height":3.998713,"Demand":1.0,"DemandMax":null,"Value":48.70304475184},{"Length":7.647443,"Height":6.356951,"Demand":1.0,"DemandMax":null,"Value":48.614420426292995},{"Length":3.569916,"Height":13.57235,"Demand":1.0,"DemandMax":null,"Value":48.4521494226},{"Length":4.31446,"Height":11.19061,"Demand":1.0,"DemandMax":null,"Value":48.2814392206},{"Length":9.448238,"Height":5.096218,"Demand":1.0,"DemandMax":null,"Value":48.150280563884},{"Length":12.43147,"Height":3.82212,"Demand":1.0,"DemandMax":null,"Value":47.514570116399995},{"Length":10.64871,"Height":4.456176,"Demand":1.0,"DemandMax":null,"Value":47.45252593296},{"Length":6.460472,"Height":7.249915,"Demand":1.0,"DemandMax":null,"Value":46.83787285988},{"Length":5.02615,"Height":9.298368,"Demand":1.0,"DemandMax":null,"Value":46.734992323200004},{"Length":10.06053,"Height":4.64325,"Demand":1.0,"DemandMax":null,"Value":46.7135559225},{"Length":5.990086,"Height":7.777829,"Demand":1.0,"DemandMax":null,"Value":46.589864603294},{"Length":6.121106,"Height":7.605192,"Demand":1.0,"DemandMax":null,"Value":46.552186382352},{"Length":12.33665,"Height":3.733367,"Demand":1.0,"DemandMax":null,"Value":46.05724200055},{"Length":6.046324,"Height":7.601109,"Demand":1.0,"DemandMax":null,"Value":45.958767773316005},{"Length":6.940886,"Height":6.608885,"Demand":1.0,"DemandMax":null,"Value":45.87151737211},{"Length":5.595674,"Height":8.185466,"Demand":1.0,"DemandMax":null,"Value":45.803199274084},{"Length":6.017078,"Height":7.562333,"Demand":1.0,"DemandMax":null,"Value":45.503147522974},{"Length":5.02615,"Height":9.045066,"Demand":1.0,"DemandMax":null,"Value":45.4618584759},{"Length":5.639171,"Height":8.044256,"Demand":1.0,"DemandMax":null,"Value":45.362935151776007},{"Length":8.196019,"Height":5.530653,"Demand":1.0,"DemandMax":null,"Value":45.329337070407},{"Length":7.769404,"Height":5.81566,"Demand":1.0,"DemandMax":null,"Value":45.18421206664},{"Length":4.012417,"Height":11.25972,"Demand":1.0,"DemandMax":null,"Value":45.17869194324},{"Length":4.792822,"Height":9.413596,"Demand":1.0,"DemandMax":null,"Value":45.117690007912},{"Length":8.280032,"Height":5.43181,"Demand":1.0,"DemandMax":null,"Value":44.975560617919996},{"Length":7.769404,"Height":5.786314,"Demand":1.0,"DemandMax":null,"Value":44.956211136856},{"Length":9.257152,"Height":4.831421,"Demand":1.0,"DemandMax":null,"Value":44.725198572991992},{"Length":5.686693,"Height":7.842146,"Demand":1.0,"DemandMax":null,"Value":44.595876763178},{"Length":4.484614,"Height":9.942051,"Demand":1.0,"DemandMax":null,"Value":44.586261103313994},{"Length":6.760503,"Height":6.567816,"Demand":1.0,"DemandMax":null,"Value":44.401739771448},{"Length":11.96083,"Height":3.6905,"Demand":1.0,"DemandMax":null,"Value":44.141443115},{"Length":8.280032,"Height":5.330643,"Demand":1.0,"DemandMax":null,"Value":44.137894620576006},{"Length":10.41061,"Height":4.239147,"Demand":1.0,"DemandMax":null,"Value":44.13210614967},{"Length":5.20197,"Height":8.483252,"Demand":1.0,"DemandMax":null,"Value":44.129622406440006},{"Length":9.129464,"Height":4.831421,"Demand":1.0,"DemandMax":null,"Value":44.108284088344},{"Length":7.702211,"Height":5.725061,"Demand":1.0,"DemandMax":null,"Value":44.095627809871004},{"Length":8.129854,"Height":5.385959,"Demand":1.0,"DemandMax":null,"Value":43.787060319986},{"Length":8.280032,"Height":5.276987,"Demand":1.0,"DemandMax":null,"Value":43.693621223584},{"Length":6.757411,"Height":6.453256,"Demand":1.0,"DemandMax":null,"Value":43.607303080216},{"Length":4.813343,"Height":8.960629,"Demand":1.0,"DemandMax":null,"Value":43.130580872747004},{"Length":11.96083,"Height":3.5988,"Demand":1.0,"DemandMax":null,"Value":43.044635004},{"Length":3.701093,"Height":11.61872,"Demand":1.0,"DemandMax":null,"Value":43.001963260960004},{"Length":5.20197,"Height":8.258116,"Demand":1.0,"DemandMax":null,"Value":42.95847168852},{"Length":5.994084,"Height":7.141138,"Demand":1.0,"DemandMax":null,"Value":42.804581027592},{"Length":8.129854,"Height":5.165738,"Demand":1.0,"DemandMax":null,"Value":41.996695742252},{"Length":3.689794,"Height":11.25972,"Demand":1.0,"DemandMax":null,"Value":41.54604729768},{"Length":4.634896,"Height":8.960629,"Demand":1.0,"DemandMax":null,"Value":41.53158350958401},{"Length":8.196019,"Height":5.037463,"Demand":1.0,"DemandMax":null,"Value":41.287142459796996},{"Length":5.773352,"Height":7.141138,"Demand":1.0,"DemandMax":null,"Value":41.228303354576},{"Length":12.43147,"Height":3.31226,"Demand":1.0,"DemandMax":null,"Value":41.1762608222},{"Length":7.793972,"Height":5.213123,"Demand":1.0,"DemandMax":null,"Value":40.630934694556004},{"Length":4.252726,"Height":9.454773,"Demand":1.0,"DemandMax":null,"Value":40.208558961197994},{"Length":6.191067,"Height":6.466349,"Demand":1.0,"DemandMax":null,"Value":40.033599904383},{"Length":4.446886,"Height":8.961641,"Demand":1.0,"DemandMax":null,"Value":39.851395899926004},{"Length":3.649195,"Height":10.80665,"Demand":1.0,"DemandMax":null,"Value":39.43557314675},{"Length":6.078814,"Height":6.453256,"Demand":1.0,"DemandMax":null,"Value":39.228142918384},{"Length":5.114887,"Height":7.451241,"Demand":1.0,"DemandMax":null,"Value":38.112255724767},{"Length":5.34076,"Height":6.817995,"Demand":1.0,"DemandMax":null,"Value":36.4132749762},{"Length":6.456274,"Height":5.571989,"Demand":1.0,"DemandMax":null,"Value":35.974287708986},{"Length":6.862307,"Height":5.213123,"Demand":1.0,"DemandMax":null,"Value":35.774050454761},{"Length":6.241975,"Height":5.569252,"Demand":1.0,"DemandMax":null,"Value":34.7631317527},{"Length":3.214232,"Height":10.80665,"Demand":1.0,"DemandMax":null,"Value":34.735080242799995},{"Length":5.114887,"Height":6.774108,"Demand":1.0,"DemandMax":null,"Value":34.648796945796},{"Length":6.121106,"Height":5.632197,"Demand":1.0,"DemandMax":null,"Value":34.475274849882},{"Length":4.707437,"Height":7.321882,"Demand":1.0,"DemandMax":null,"Value":34.467298236434},{"Length":4.408846,"Height":7.791553,"Demand":1.0,"DemandMax":null,"Value":34.351757277838},{"Length":4.485313,"Height":7.599577,"Demand":1.0,"DemandMax":null,"Value":34.086481512601},{"Length":6.456274,"Height":5.234664,"Demand":1.0,"DemandMax":null,"Value":33.796425081936},{"Length":4.510296,"Height":7.45178,"Demand":1.0,"DemandMax":null,"Value":33.609733526880007},{"Length":5.937709,"Height":5.569252,"Demand":1.0,"DemandMax":null,"Value":33.068597723668},{"Length":7.865249,"Height":4.203364,"Demand":1.0,"DemandMax":null,"Value":33.060504497635996},{"Length":4.707437,"Height":6.882865,"Demand":1.0,"DemandMax":null,"Value":32.400653367005},{"Length":4.408846,"Height":7.324073,"Demand":1.0,"DemandMax":null,"Value":32.290709949757996},{"Length":8.280032,"Height":3.890512,"Demand":1.0,"DemandMax":null,"Value":32.213563856384006},{"Length":7.641707,"Height":4.203364,"Demand":1.0,"DemandMax":null,"Value":32.120876102348},{"Length":4.636408,"Height":6.907779,"Demand":1.0,"DemandMax":null,"Value":32.027281817832},{"Length":4.252726,"Height":7.53001,"Demand":1.0,"DemandMax":null,"Value":32.02306930726},{"Length":9.158834,"Height":3.476744,"Demand":1.0,"DemandMax":null,"Value":31.842921156496004},{"Length":4.199033,"Height":7.45178,"Demand":1.0,"DemandMax":null,"Value":31.29027012874},{"Length":4.632771,"Height":6.713259,"Demand":1.0,"DemandMax":null,"Value":31.100991610689},{"Length":8.280032,"Height":3.752477,"Demand":1.0,"DemandMax":null,"Value":31.070629639264},{"Length":4.446886,"Height":6.975208,"Demand":1.0,"DemandMax":null,"Value":31.017954802288003},{"Length":4.636408,"Height":6.664575,"Demand":1.0,"DemandMax":null,"Value":30.899688846600004},{"Length":9.158834,"Height":3.132141,"Demand":1.0,"DemandMax":null,"Value":28.686759483594},{"Length":3.95014,"Height":7.249915,"Demand":1.0,"DemandMax":null,"Value":28.6381792381},{"Length":4.19024,"Height":6.713259,"Demand":1.0,"DemandMax":null,"Value":28.13016639216},{"Length":3.213434,"Height":8.494794,"Demand":1.0,"DemandMax":null,"Value":27.297459862596},{"Length":4.262426,"Height":6.351446,"Demand":1.0,"DemandMax":null,"Value":27.072568567995997},{"Length":4.119459,"Height":6.466349,"Demand":1.0,"DemandMax":null,"Value":26.637859585191002},{"Length":4.496961,"Height":5.717204,"Demand":1.0,"DemandMax":null,"Value":25.710043417043998},{"Length":3.341734,"Height":7.562333,"Demand":1.0,"DemandMax":null,"Value":25.271305305422},{"Length":4.31446,"Height":5.794168,"Demand":1.0,"DemandMax":null,"Value":24.99870606928},{"Length":8.280032,"Height":2.810822,"Demand":1.0,"DemandMax":null,"Value":23.273696106304},{"Length":6.326975,"Height":3.669424,"Demand":1.0,"DemandMax":null,"Value":23.2163539124},{"Length":8.078731,"Height":2.841846,"Demand":1.0,"DemandMax":null,"Value":22.958509377425997},{"Length":4.262426,"Height":5.267277,"Demand":1.0,"DemandMax":null,"Value":22.451378434002},{"Length":5.852709,"Height":3.669424,"Demand":1.0,"DemandMax":null,"Value":21.476070869616},{"Length":5.34076,"Height":3.988658,"Demand":1.0,"DemandMax":null,"Value":21.302465100080003},{"Length":3.58177,"Height":5.717204,"Demand":1.0,"DemandMax":null,"Value":20.47770977108},{"Length":2.38224,"Height":8.494794,"Demand":1.0,"DemandMax":null,"Value":20.23663805856},{"Length":3.265869,"Height":5.594842,"Demand":1.0,"DemandMax":null,"Value":18.272021047698},{"Length":4.485313,"Height":3.810227,"Demand":1.0,"DemandMax":null,"Value":17.090060696050998},{"Length":4.485313,"Height":3.705823,"Demand":1.0,"DemandMax":null,"Value":16.621776077598998}]}