{"Name":"Nice7_50","Objects":[{"Length":100.0,"Height":100.0,"Stock":null,"Cost":10000.0}],"Items":[{"Length":31.94117,"Height":16.12273,"Demand":1.0,"DemandMax":null,"Value":514.9788597941},{"Length":26.33414,"Height":18.16706,"Demand":1.0,"DemandMax":null,"Value":478.4139014284},{"Length":19.80244,"Height":23.41604,"Demand":1.0,"DemandMax":null,"Value":463.6947271376},{"Length":33.85862,"Height":13.3714,"Demand":1.0,"DemandMax":null,"Value":452.73715146800004},{"Length":15.65709,"Height":23.41604,"Demand":1.0,"DemandMax":null,"Value":366.62704572359996},{"Length":11.91261,"Height":27.77284,"Demand":1.0,"DemandMax":null,"Value":330.8470115124},{"Length":14.35438,"Height":19.25103,"Demand":1.0,"DemandMax":null,"Value":276.33660001140004},{"Length":9.23539,"Height":27.77284,"Demand":1.0,"DemandMax":null,"Value":256.4930088076},{"Length":12.49946,"Height":20.12487,"Demand":1.0,"DemandMax":null,"Value":251.5500075702},{"Length":31.07712,"Height":8.06426,"Demand":1.0,"DemandMax":null,"Value":250.61397573120004},{"Length":31.07712,"Height":8.058466,"Demand":1.0,"DemandMax":null,"Value":250.43391489791998},{"Length":22.62733,"Height":10.62991,"Demand":1.0,"DemandMax":null,"Value":240.52648144030002},{"Length":16.12487,"Height":14.40144,"Demand":1.0,"DemandMax":null,"Value":232.22134781280002},{"Length":28.77213,"Height":7.921547,"Demand":1.0,"DemandMax":null,"Value":227.91978008511},{"Length":29.17386,"Height":7.438162,"Demand":1.0,"DemandMax":null,"Value":216.99989684532002},{"Length":29.17386,"Height":7.43773,"Demand":1.0,"DemandMax":null,"Value":216.9872937378},{"Length":9.038038,"Height":23.41604,"Demand":1.0,"DemandMax":null,"Value":211.63505932952},{"Length":14.35438,"Height":14.6842,"Demand":1.0,"DemandMax":null,"Value":210.78258679600003},{"Length":11.54269,"Height":17.8125,"Demand":1.0,"DemandMax":null,"Value":205.604165625},{"Length":15.88725,"Height":12.79941,"Demand":1.0,"DemandMax":null,"Value":203.3474265225},{"Length":15.59126,"Height":12.79941,"Demand":1.0,"DemandMax":null,"Value":199.5589291566},{"Length":15.80444,"Height":12.61254,"Demand":1.0,"DemandMax":null,"Value":199.33413167759997},{"Length":8.353651,"Height":23.41604,"Demand":1.0,"DemandMax":null,"Value":195.60942596203998},{"Length":22.62733,"Height":8.572488,"Demand":1.0,"DemandMax":null,"Value":193.97251489704},{"Length":9.55197,"Height":20.12487,"Demand":1.0,"DemandMax":null,"Value":192.23215449390003},{"Length":22.62733,"Height":8.353928,"Demand":1.0,"DemandMax":null,"Value":189.02708565224},{"Length":22.97949,"Height":7.945807,"Demand":1.0,"DemandMax":null,"Value":182.59059249843},{"Length":22.01389,"Height":8.254702,"Demand":1.0,"DemandMax":null,"Value":181.71810181078},{"Length":13.51487,"Height":12.79941,"Demand":1.0,"DemandMax":null,"Value":172.9823622267},{"Length":16.85476,"Height":10.16679,"Demand":1.0,"DemandMax":null,"Value":171.3588054204},{"Length":16.85476,"Height":9.95808,"Demand":1.0,"DemandMax":null,"Value":167.8410484608},{"Length":8.53947,"Height":18.16706,"Demand":1.0,"DemandMax":null,"Value":155.13706385819998},{"Length":10.08664,"Height":14.87589,"Demand":1.0,"DemandMax":null,"Value":150.04774710959998},{"Length":22.01389,"Height":6.718733,"Demand":1.0,"DemandMax":null,"Value":147.90544920137},{"Length":22.62733,"Height":6.378897,"Demand":1.0,"DemandMax":null,"Value":144.33740745501},{"Length":8.954644,"Height":14.40144,"Demand":1.0,"DemandMax":null,"Value":128.95976828736},{"Length":12.96518,"Height":9.890953,"Demand":1.0,"DemandMax":null,"Value":128.23798601654},{"Length":8.779101,"Height":14.40144,"Demand":1.0,"DemandMax":null,"Value":126.43169630544},{"Length":6.899032,"Height":17.8125,"Demand":1.0,"DemandMax":null,"Value":122.8890075},{"Length":8.124534,"Height":14.87589,"Demand":1.0,"DemandMax":null,"Value":120.85967408526001},{"Length":12.27518,"Height":9.663047,"Demand":1.0,"DemandMax":null,"Value":118.61564127346001},{"Length":12.27518,"Height":8.50401,"Demand":1.0,"DemandMax":null,"Value":104.3882534718},{"Length":8.242599,"Height":10.97706,"Demand":1.0,"DemandMax":null,"Value":90.47950377894},{"Length":12.41015,"Height":7.027627,"Demand":1.0,"DemandMax":null,"Value":87.21390521405},{"Length":8.323364,"Height":9.890953,"Demand":1.0,"DemandMax":null,"Value":82.326002125891989},{"Length":15.80444,"Height":5.199959,"Demand":1.0,"DemandMax":null,"Value":82.182440017959991},{"Length":5.466169,"Height":14.87589,"Demand":1.0,"DemandMax":null,"Value":81.31412876541},{"Length":8.242599,"Height":9.147816,"Demand":1.0,"DemandMax":null,"Value":75.401779013784008},{"Length":10.56934,"Height":7.027627,"Demand":1.0,"DemandMax":null,"Value":74.27737915618},{"Length":7.48358,"Height":9.890953,"Demand":1.0,"DemandMax":null,"Value":74.019738051739992}]}