{"Name":"Path17_25","Objects":[{"Length":100.0,"Height":100.0,"Stock":null,"Cost":10000.0}],"Items":[{"Length":68.54996,"Height":53.15212,"Demand":1.0,"DemandMax":null,"Value":3643.5756999151995},{"Length":76.13593,"Height":40.7796,"Demand":1.0,"DemandMax":null,"Value":3104.792771028},{"Length":18.52812,"Height":39.46498,"Demand":1.0,"DemandMax":null,"Value":731.2118852376},{"Length":12.69953,"Height":30.37155,"Demand":1.0,"DemandMax":null,"Value":385.7044103715},{"Length":29.23204,"Height":7.958536,"Demand":1.0,"DemandMax":null,"Value":232.64424269344},{"Length":10.70392,"Height":20.00556,"Demand":1.0,"DemandMax":null,"Value":214.1379137952},{"Length":7.478383,"Height":26.95147,"Demand":1.0,"DemandMax":null,"Value":201.55341507301},{"Length":32.84885,"Height":6.068276,"Demand":1.0,"DemandMax":null,"Value":199.33588808259998},{"Length":27.99369,"Height":6.068276,"Demand":1.0,"DemandMax":null,"Value":169.87343717844},{"Length":8.700698,"Height":19.45942,"Demand":1.0,"DemandMax":null,"Value":169.31053667516},{"Length":9.683662,"Height":11.79688,"Demand":1.0,"DemandMax":null,"Value":114.23699857456},{"Length":3.686164,"Height":30.37155,"Demand":1.0,"DemandMax":null,"Value":111.9545142342},{"Length":7.478383,"Height":13.82814,"Demand":1.0,"DemandMax":null,"Value":103.41212709762},{"Length":1.364339,"Height":59.2204,"Demand":1.0,"DemandMax":null,"Value":80.796701315599989},{"Length":10.62754,"Height":6.973775,"Demand":1.0,"DemandMax":null,"Value":74.114072763499991},{"Length":5.120214,"Height":11.79688,"Demand":1.0,"DemandMax":null,"Value":60.402550132319995},{"Length":5.758151,"Height":10.40805,"Demand":1.0,"DemandMax":null,"Value":59.931123515549992},{"Length":8.287739,"Height":6.260994,"Demand":1.0,"DemandMax":null,"Value":51.889484152566006},{"Length":0.8536602,"Height":59.2204,"Demand":1.0,"DemandMax":null,"Value":50.554098508079996},{"Length":7.707417,"Height":6.068276,"Demand":1.0,"DemandMax":null,"Value":46.770733603092005},{"Length":7.421437,"Height":5.535889,"Demand":1.0,"DemandMax":null,"Value":41.084251452493},{"Length":2.003221,"Height":19.45942,"Demand":1.0,"DemandMax":null,"Value":38.98151879182},{"Length":7.006729,"Height":5.535889,"Demand":1.0,"DemandMax":null,"Value":38.788473997081},{"Length":6.140428,"Height":6.260994,"Demand":1.0,"DemandMax":null,"Value":38.445182865432},{"Length":10.62754,"Height":3.434279,"Demand":1.0,"DemandMax":null,"Value":36.49793744366}]}