{"Name":"Path29_200","Objects":[{"Length":100.0,"Height":100.0,"Stock":null,"Cost":10000.0}],"Items":[{"Length":97.98978,"Height":16.42731,"Demand":1.0,"DemandMax":null,"Value":1609.7084928917998},{"Length":21.28315,"Height":24.0668,"Demand":1.0,"DemandMax":null,"Value":512.21731442},{"Length":9.169971,"Height":37.27534,"Demand":1.0,"DemandMax":null,"Value":341.81378681514},{"Length":35.31917,"Height":7.930142,"Demand":1.0,"DemandMax":null,"Value":280.08603342214},{"Length":50.15524,"Height":4.315054,"Demand":1.0,"DemandMax":null,"Value":216.42256898296},{"Length":5.180385,"Height":37.27534,"Demand":1.0,"DemandMax":null,"Value":193.1006122059},{"Length":21.28315,"Height":8.684738,"Demand":1.0,"DemandMax":null,"Value":184.83858156469998},{"Length":19.01846,"Height":8.876275,"Demand":1.0,"DemandMax":null,"Value":168.8130810365},{"Length":11.19447,"Height":15.02114,"Demand":1.0,"DemandMax":null,"Value":168.15370109580002},{"Length":30.41971,"Height":4.315054,"Demand":1.0,"DemandMax":null,"Value":131.26269131434},{"Length":13.41903,"Height":8.876275,"Demand":1.0,"DemandMax":null,"Value":119.11100051324999},{"Length":6.458416,"Height":17.77247,"Demand":1.0,"DemandMax":null,"Value":114.78200460751998},{"Length":12.66248,"Height":8.876275,"Demand":1.0,"DemandMax":null,"Value":112.395654662},{"Length":23.43274,"Height":4.612613,"Demand":1.0,"DemandMax":null,"Value":108.08616114961998},{"Length":2.182214,"Height":49.31662,"Demand":1.0,"DemandMax":null,"Value":107.61941859668},{"Length":5.026019,"Height":20.95423,"Demand":1.0,"DemandMax":null,"Value":105.31635811036999},{"Length":12.25516,"Height":7.930142,"Demand":1.0,"DemandMax":null,"Value":97.18515903272},{"Length":9.819201,"Height":9.603281,"Demand":1.0,"DemandMax":null,"Value":94.296546398481},{"Length":2.278434,"Height":38.14476,"Demand":1.0,"DemandMax":null,"Value":86.910318105839991},{"Length":9.819201,"Height":8.783075,"Demand":1.0,"DemandMax":null,"Value":86.242778823075},{"Length":18.39244,"Height":4.612613,"Demand":1.0,"DemandMax":null,"Value":84.83720784572},{"Length":10.31388,"Height":7.166929,"Demand":1.0,"DemandMax":null,"Value":73.918845674519986},{"Length":8.275007,"Height":8.426438,"Demand":1.0,"DemandMax":null,"Value":69.728833435066},{"Length":2.17401,"Height":29.02263,"Demand":1.0,"DemandMax":null,"Value":63.095487846299996},{"Length":38.39732,"Height":1.582546,"Demand":1.0,"DemandMax":null,"Value":60.765525176720004},{"Length":2.658929,"Height":22.32085,"Demand":1.0,"DemandMax":null,"Value":59.349555369650005},{"Length":1.485491,"Height":37.27534,"Demand":1.0,"DemandMax":null,"Value":55.37218209194},{"Length":10.31388,"Height":5.319896,"Demand":1.0,"DemandMax":null,"Value":54.86876895648},{"Length":5.026019,"Height":10.83403,"Demand":1.0,"DemandMax":null,"Value":54.452040626569996},{"Length":1.43899,"Height":37.68691,"Demand":1.0,"DemandMax":null,"Value":54.231086620899994},{"Length":4.290633,"Height":12.63501,"Demand":1.0,"DemandMax":null,"Value":54.212190861329994},{"Length":31.23545,"Height":1.680869,"Demand":1.0,"DemandMax":null,"Value":52.50269960605},{"Length":6.676538,"Height":7.479761,"Demand":1.0,"DemandMax":null,"Value":49.938908547417995},{"Length":1.713828,"Height":29.02263,"Demand":1.0,"DemandMax":null,"Value":49.739795927639996},{"Length":7.130229,"Height":6.806918,"Demand":1.0,"DemandMax":null,"Value":48.534884124221996},{"Length":11.84125,"Height":4.069566,"Demand":1.0,"DemandMax":null,"Value":48.1887483975},{"Length":7.319016,"Height":6.470169,"Demand":1.0,"DemandMax":null,"Value":47.355270433704007},{"Length":18.19296,"Height":2.592709,"Demand":1.0,"DemandMax":null,"Value":47.16905112864},{"Length":1.232834,"Height":38.14476,"Demand":1.0,"DemandMax":null,"Value":47.026157049839995},{"Length":21.04387,"Height":2.218935,"Demand":1.0,"DemandMax":null,"Value":46.69497967845},{"Length":5.790715,"Height":8.034161,"Demand":1.0,"DemandMax":null,"Value":46.523536615114992},{"Length":46.01209,"Height":1.008761,"Demand":1.0,"DemandMax":null,"Value":46.41520192049},{"Length":15.12958,"Height":3.01242,"Demand":1.0,"DemandMax":null,"Value":45.576649383600007},{"Length":13.71827,"Height":3.145142,"Demand":1.0,"DemandMax":null,"Value":43.14590714434},{"Length":6.542642,"Height":6.470169,"Demand":1.0,"DemandMax":null,"Value":42.331999446498},{"Length":20.6236,"Height":2.01979,"Demand":1.0,"DemandMax":null,"Value":41.655341044},{"Length":2.690923,"Height":15.24086,"Demand":1.0,"DemandMax":null,"Value":41.011980713780005},{"Length":9.94605,"Height":4.11376,"Demand":1.0,"DemandMax":null,"Value":40.915662648},{"Length":8.642973,"Height":4.612613,"Demand":1.0,"DemandMax":null,"Value":39.866689618448994},{"Length":3.776469,"Height":10.32868,"Demand":1.0,"DemandMax":null,"Value":39.00593983092},{"Length":1.019246,"Height":38.14476,"Demand":1.0,"DemandMax":null,"Value":38.87889405096},{"Length":1.904763,"Height":20.29399,"Demand":1.0,"DemandMax":null,"Value":38.65524127437},{"Length":13.19462,"Height":2.872628,"Demand":1.0,"DemandMax":null,"Value":37.903234861360005},{"Length":1.789217,"Height":20.94844,"Demand":1.0,"DemandMax":null,"Value":37.481304971480007},{"Length":29.51285,"Height":1.263242,"Demand":1.0,"DemandMax":null,"Value":37.2818716597},{"Length":4.606247,"Height":8.034161,"Demand":1.0,"DemandMax":null,"Value":37.007330003766995},{"Length":20.6236,"Height":1.731996,"Demand":1.0,"DemandMax":null,"Value":35.7199927056},{"Length":35.28377,"Height":1.008761,"Demand":1.0,"DemandMax":null,"Value":35.59289110897},{"Length":23.39066,"Height":1.51008,"Demand":1.0,"DemandMax":null,"Value":35.3217678528},{"Length":12.28352,"Height":2.872628,"Demand":1.0,"DemandMax":null,"Value":35.28598349056},{"Length":30.91758,"Height":1.140933,"Demand":1.0,"DemandMax":null,"Value":35.27488730214},{"Length":30.91758,"Height":1.13453,"Demand":1.0,"DemandMax":null,"Value":35.0769220374},{"Length":3.776469,"Height":9.1742,"Demand":1.0,"DemandMax":null,"Value":34.6460818998},{"Length":10.49209,"Height":3.295456,"Demand":1.0,"DemandMax":null,"Value":34.57622094304},{"Length":10.31388,"Height":3.236127,"Demand":1.0,"DemandMax":null,"Value":33.37702554276},{"Length":8.833843,"Height":3.769021,"Demand":1.0,"DemandMax":null,"Value":33.294939777703},{"Length":11.84125,"Height":2.757617,"Demand":1.0,"DemandMax":null,"Value":32.653632301250006},{"Length":7.505805,"Height":4.293166,"Demand":1.0,"DemandMax":null,"Value":32.22366682863},{"Length":17.24189,"Height":1.864844,"Demand":1.0,"DemandMax":null,"Value":32.15343511516},{"Length":7.505805,"Height":4.272323,"Demand":1.0,"DemandMax":null,"Value":32.067223335015},{"Length":2.681947,"Height":11.836,"Demand":1.0,"DemandMax":null,"Value":31.743524692},{"Length":18.70906,"Height":1.69568,"Demand":1.0,"DemandMax":null,"Value":31.7245788608},{"Length":10.97992,"Height":2.843351,"Demand":1.0,"DemandMax":null,"Value":31.219766511920003},{"Length":7.308941,"Height":4.265885,"Demand":1.0,"DemandMax":null,"Value":31.179101777785},{"Length":10.31388,"Height":3.008787,"Demand":1.0,"DemandMax":null,"Value":31.032268063559997},{"Length":16.63922,"Height":1.862337,"Demand":1.0,"DemandMax":null,"Value":30.98783505714},{"Length":1.549902,"Height":19.84301,"Demand":1.0,"DemandMax":null,"Value":30.754720885019996},{"Length":20.6236,"Height":1.478157,"Demand":1.0,"DemandMax":null,"Value":30.4849187052},{"Length":50.52262,"Height":0.5974379,"Demand":1.0,"DemandMax":null,"Value":30.184127995298},{"Length":9.819201,"Height":3.057384,"Demand":1.0,"DemandMax":null,"Value":30.021068030183997},{"Length":13.71827,"Height":2.188214,"Demand":1.0,"DemandMax":null,"Value":30.01851046978},{"Length":1.011523,"Height":29.61864,"Demand":1.0,"DemandMax":null,"Value":29.959935588719997},{"Length":24.34891,"Height":1.230002,"Demand":1.0,"DemandMax":null,"Value":29.94920799782},{"Length":0.9986957,"Height":29.61864,"Demand":1.0,"DemandMax":null,"Value":29.580008407848},{"Length":12.21992,"Height":2.402696,"Demand":1.0,"DemandMax":null,"Value":29.36075290432},{"Length":12.12899,"Height":2.402696,"Demand":1.0,"DemandMax":null,"Value":29.14227575704},{"Length":30.05493,"Height":0.9461325,"Demand":1.0,"DemandMax":null,"Value":28.435946058225},{"Length":20.6236,"Height":1.366469,"Demand":1.0,"DemandMax":null,"Value":28.181510068399998},{"Length":10.29987,"Height":2.734698,"Demand":1.0,"DemandMax":null,"Value":28.16703388926},{"Length":30.34346,"Height":0.9270392,"Demand":1.0,"DemandMax":null,"Value":28.129576883631998},{"Length":6.153571,"Height":4.52381,"Demand":1.0,"DemandMax":null,"Value":27.837586025510003},{"Length":18.08821,"Height":1.535316,"Demand":1.0,"DemandMax":null,"Value":27.77111822436},{"Length":6.434914,"Height":4.315054,"Demand":1.0,"DemandMax":null,"Value":27.767001395356},{"Length":13.71259,"Height":2.014424,"Demand":1.0,"DemandMax":null,"Value":27.62297039816},{"Length":5.026019,"Height":5.487082,"Demand":1.0,"DemandMax":null,"Value":27.578178386557997},{"Length":14.59623,"Height":1.862337,"Demand":1.0,"DemandMax":null,"Value":27.18309918951},{"Length":24.34891,"Height":1.106006,"Demand":1.0,"DemandMax":null,"Value":26.93004055346},{"Length":3.005426,"Height":8.876275,"Demand":1.0,"DemandMax":null,"Value":26.676987668149998},{"Length":0.5336505,"Height":49.31662,"Demand":1.0,"DemandMax":null,"Value":26.317838921310003},{"Length":13.23388,"Height":1.967247,"Demand":1.0,"DemandMax":null,"Value":26.034310728359998},{"Length":3.075696,"Height":8.426438,"Demand":1.0,"DemandMax":null,"Value":25.917161650847998},{"Length":0.6772612,"Height":38.14476,"Demand":1.0,"DemandMax":null,"Value":25.833965931311997},{"Length":16.1546,"Height":1.582546,"Demand":1.0,"DemandMax":null,"Value":25.565397611599998},{"Length":16.83928,"Height":1.51008,"Demand":1.0,"DemandMax":null,"Value":25.4286599424},{"Length":1.549902,"Height":16.28316,"Demand":1.0,"DemandMax":null,"Value":25.237302250319996},{"Length":19.96453,"Height":1.263242,"Demand":1.0,"DemandMax":null,"Value":25.22003280626},{"Length":6.098206,"Height":4.071378,"Demand":1.0,"DemandMax":null,"Value":24.828101747868},{"Length":5.128789,"Height":4.838473,"Demand":1.0,"DemandMax":null,"Value":24.815507099197},{"Length":0.637472,"Height":38.14476,"Demand":1.0,"DemandMax":null,"Value":24.31621644672},{"Length":13.85682,"Height":1.747393,"Demand":1.0,"DemandMax":null,"Value":24.213310270260003},{"Length":7.556169,"Height":3.155417,"Demand":1.0,"DemandMax":null,"Value":23.842864117473},{"Length":8.589482,"Height":2.775654,"Demand":1.0,"DemandMax":null,"Value":23.841430071228},{"Length":1.170376,"Height":20.23,"Demand":1.0,"DemandMax":null,"Value":23.676706480000004},{"Length":3.156526,"Height":7.479761,"Demand":1.0,"DemandMax":null,"Value":23.610060070286},{"Length":14.98328,"Height":1.563992,"Demand":1.0,"DemandMax":null,"Value":23.43373005376},{"Length":3.433966,"Height":6.806918,"Demand":1.0,"DemandMax":null,"Value":23.374724976788},{"Length":1.539871,"Height":14.9545,"Demand":1.0,"DemandMax":null,"Value":23.028000869499998},{"Length":1.039653,"Height":22.03448,"Demand":1.0,"DemandMax":null,"Value":22.908213235439998},{"Length":15.12958,"Height":1.511391,"Demand":1.0,"DemandMax":null,"Value":22.86671104578},{"Length":10.31388,"Height":2.216701,"Demand":1.0,"DemandMax":null,"Value":22.86278810988},{"Length":1.960566,"Height":11.62971,"Demand":1.0,"DemandMax":null,"Value":22.80081401586},{"Length":26.16384,"Height":0.8698537,"Demand":1.0,"DemandMax":null,"Value":22.758713030208},{"Length":9.970796,"Height":2.275462,"Demand":1.0,"DemandMax":null,"Value":22.688167407752},{"Length":10.19158,"Height":2.218935,"Demand":1.0,"DemandMax":null,"Value":22.6144535673},{"Length":44.58287,"Height":0.5039338,"Demand":1.0,"DemandMax":null,"Value":22.466815094005998},{"Length":2.006732,"Height":11.18582,"Demand":1.0,"DemandMax":null,"Value":22.44694294024},{"Length":24.20846,"Height":0.9270392,"Demand":1.0,"DemandMax":null,"Value":22.442191391631997},{"Length":0.5986364,"Height":37.27534,"Demand":1.0,"DemandMax":null,"Value":22.314375346376},{"Length":44.58287,"Height":0.4994207,"Demand":1.0,"DemandMax":null,"Value":22.265608143409},{"Length":5.418685,"Height":4.071378,"Demand":1.0,"DemandMax":null,"Value":22.06151489793},{"Length":3.772222,"Height":5.826317,"Demand":1.0,"DemandMax":null,"Value":21.978161166374004},{"Length":18.08821,"Height":1.199382,"Demand":1.0,"DemandMax":null,"Value":21.694673486219997},{"Length":1.068331,"Height":20.29399,"Demand":1.0,"DemandMax":null,"Value":21.68069863069},{"Length":14.32198,"Height":1.51008,"Demand":1.0,"DemandMax":null,"Value":21.627335558400002},{"Length":2.523804,"Height":8.510321,"Demand":1.0,"DemandMax":null,"Value":21.478382181084},{"Length":3.154076,"Height":6.806918,"Demand":1.0,"DemandMax":null,"Value":21.469536697768},{"Length":13.85682,"Height":1.548064,"Demand":1.0,"DemandMax":null,"Value":21.45124419648},{"Length":12.52639,"Height":1.69568,"Demand":1.0,"DemandMax":null,"Value":21.2407489952},{"Length":13.23388,"Height":1.598767,"Demand":1.0,"DemandMax":null,"Value":21.15789062596},{"Length":13.71827,"Height":1.536898,"Demand":1.0,"DemandMax":null,"Value":21.08358172646},{"Length":18.44894,"Height":1.141033,"Demand":1.0,"DemandMax":null,"Value":21.05084935502},{"Length":3.833284,"Height":5.489338,"Demand":1.0,"DemandMax":null,"Value":21.042191525992},{"Length":1.170376,"Height":17.91477,"Demand":1.0,"DemandMax":null,"Value":20.967016853520004},{"Length":13.71827,"Height":1.527084,"Demand":1.0,"DemandMax":null,"Value":20.948950624680002},{"Length":18.44894,"Height":1.134429,"Demand":1.0,"DemandMax":null,"Value":20.929012555259998},{"Length":2.371615,"Height":8.808727,"Demand":1.0,"DemandMax":null,"Value":20.890909084104997},{"Length":6.923139,"Height":2.98759,"Demand":1.0,"DemandMax":null,"Value":20.68350084501},{"Length":6.553664,"Height":3.155417,"Demand":1.0,"DemandMax":null,"Value":20.679542797888},{"Length":2.681947,"Height":7.666874,"Demand":1.0,"DemandMax":null,"Value":20.562149723678},{"Length":2.310055,"Height":8.876275,"Demand":1.0,"DemandMax":null,"Value":20.504683445125},{"Length":1.549902,"Height":13.19045,"Demand":1.0,"DemandMax":null,"Value":20.4439048359},{"Length":11.51689,"Height":1.754661,"Demand":1.0,"DemandMax":null,"Value":20.20823772429},{"Length":2.367569,"Height":8.426438,"Demand":1.0,"DemandMax":null,"Value":19.950173389221998},{"Length":5.27599,"Height":3.769021,"Demand":1.0,"DemandMax":null,"Value":19.88531710579},{"Length":13.23388,"Height":1.488307,"Demand":1.0,"DemandMax":null,"Value":19.69607624116},{"Length":36.69122,"Height":0.5366808,"Demand":1.0,"DemandMax":null,"Value":19.691473302576},{"Length":0.5215759,"Height":37.68691,"Demand":1.0,"DemandMax":null,"Value":19.656584001469},{"Length":2.006732,"Height":9.762624,"Demand":1.0,"DemandMax":null,"Value":19.590969984768},{"Length":29.02908,"Height":0.6742985,"Demand":1.0,"DemandMax":null,"Value":19.57426510038},{"Length":7.505805,"Height":2.606367,"Demand":1.0,"DemandMax":null,"Value":19.562882460435},{"Length":1.65127,"Height":11.80115,"Demand":1.0,"DemandMax":null,"Value":19.4868849605},{"Length":3.475657,"Height":5.489338,"Demand":1.0,"DemandMax":null,"Value":19.079056045066},{"Length":11.51689,"Height":1.653722,"Demand":1.0,"DemandMax":null,"Value":19.04573436458},{"Length":12.11226,"Height":1.563992,"Demand":1.0,"DemandMax":null,"Value":18.94347774192},{"Length":7.285186,"Height":2.592709,"Demand":1.0,"DemandMax":null,"Value":18.888367308874003},{"Length":18.70414,"Height":1.008761,"Demand":1.0,"DemandMax":null,"Value":18.868006970539998},{"Length":4.083761,"Height":4.612613,"Demand":1.0,"DemandMax":null,"Value":18.836809077492997},{"Length":18.72591,"Height":1.003355,"Demand":1.0,"DemandMax":null,"Value":18.78873542805},{"Length":3.615794,"Height":5.191777,"Demand":1.0,"DemandMax":null,"Value":18.772396125938002},{"Length":13.23388,"Height":1.415847,"Demand":1.0,"DemandMax":null,"Value":18.73714929636},{"Length":0.4901825,"Height":38.14476,"Demand":1.0,"DemandMax":null,"Value":18.6978938187},{"Length":9.25888,"Height":2.014424,"Demand":1.0,"DemandMax":null,"Value":18.65131008512},{"Length":0.9147437,"Height":20.29399,"Demand":1.0,"DemandMax":null,"Value":18.563799500363},{"Length":20.6236,"Height":0.8833489,"Demand":1.0,"DemandMax":null,"Value":18.21783437404},{"Length":3.584516,"Height":5.04657,"Demand":1.0,"DemandMax":null,"Value":18.089510910119998},{"Length":31.23545,"Height":0.5763394,"Demand":1.0,"DemandMax":null,"Value":18.00222051173},{"Length":8.589482,"Height":2.06282,"Demand":1.0,"DemandMax":null,"Value":17.71855525924},{"Length":8.776916,"Height":2.014424,"Demand":1.0,"DemandMax":null,"Value":17.680430236384},{"Length":11.84125,"Height":1.488785,"Demand":1.0,"DemandMax":null,"Value":17.62907538125},{"Length":3.512066,"Height":5.001853,"Demand":1.0,"DemandMax":null,"Value":17.566837858297998},{"Length":3.208954,"Height":5.465337,"Demand":1.0,"DemandMax":null,"Value":17.538015027498},{"Length":25.52284,"Height":0.6742985,"Demand":1.0,"DemandMax":null,"Value":17.21001272774},{"Length":25.73219,"Height":0.6658041,"Demand":1.0,"DemandMax":null,"Value":17.132597603979},{"Length":36.69122,"Height":0.4666737,"Demand":1.0,"DemandMax":null,"Value":17.122827394914},{"Length":11.84125,"Height":1.439256,"Demand":1.0,"DemandMax":null,"Value":17.042590110000003},{"Length":9.94605,"Height":1.712557,"Demand":1.0,"DemandMax":null,"Value":17.03317754985},{"Length":1.919018,"Height":8.808727,"Demand":1.0,"DemandMax":null,"Value":16.904105670085997},{"Length":1.65127,"Height":10.23333,"Demand":1.0,"DemandMax":null,"Value":16.8979908291},{"Length":3.338623,"Height":5.04657,"Demand":1.0,"DemandMax":null,"Value":16.84859467311},{"Length":1.119057,"Height":14.9545,"Demand":1.0,"DemandMax":null,"Value":16.734937906499997},{"Length":3.061295,"Height":5.465337,"Demand":1.0,"DemandMax":null,"Value":16.731008831415},{"Length":3.512066,"Height":4.75337,"Demand":1.0,"DemandMax":null,"Value":16.69414916242},{"Length":8.921947,"Height":1.864844,"Demand":1.0,"DemandMax":null,"Value":16.638039331267997},{"Length":7.294827,"Height":2.275462,"Demand":1.0,"DemandMax":null,"Value":16.599101635074},{"Length":17.5194,"Height":0.9461325,"Demand":1.0,"DemandMax":null,"Value":16.575673720500003},{"Length":24.79043,"Height":0.6658041,"Demand":1.0,"DemandMax":null,"Value":16.505569934763},{"Length":3.615794,"Height":4.563446,"Demand":1.0,"DemandMax":null,"Value":16.500480666124},{"Length":2.523804,"Height":6.510815,"Demand":1.0,"DemandMax":null,"Value":16.432020940260003},{"Length":10.97992,"Height":1.471703,"Demand":1.0,"DemandMax":null,"Value":16.15918120376},{"Length":7.089806,"Height":2.275462,"Demand":1.0,"DemandMax":null,"Value":16.132584140372}]}