{"Name":"Path3_500","Objects":[{"Length":100.0,"Height":100.0,"Stock":null,"Cost":10000.0}],"Items":[{"Length":24.25253,"Height":17.55804,"Demand":1.0,"DemandMax":null,"Value":425.82689184119994},{"Length":63.40578,"Height":5.916935,"Demand":1.0,"DemandMax":null,"Value":375.16787888429997},{"Length":21.50483,"Height":16.46263,"Demand":1.0,"DemandMax":null,"Value":354.0260595029},{"Length":7.952336,"Height":37.81916,"Demand":1.0,"DemandMax":null,"Value":300.75066755776},{"Length":15.43527,"Height":18.70419,"Demand":1.0,"DemandMax":null,"Value":288.7042227813},{"Length":12.50109,"Height":18.70419,"Demand":1.0,"DemandMax":null,"Value":233.8227625671},{"Length":5.534982,"Height":37.81916,"Demand":1.0,"DemandMax":null,"Value":209.32836985512},{"Length":10.63648,"Height":16.18395,"Demand":1.0,"DemandMax":null,"Value":172.140260496},{"Length":12.98667,"Height":13.08236,"Demand":1.0,"DemandMax":null,"Value":169.8962921412},{"Length":28.01897,"Height":5.916935,"Demand":1.0,"DemandMax":null,"Value":165.78642425695},{"Length":14.49091,"Height":8.856501,"Demand":1.0,"DemandMax":null,"Value":128.33875890591},{"Length":4.69367,"Height":24.65198,"Demand":1.0,"DemandMax":null,"Value":115.7082589666},{"Length":23.22156,"Height":4.287584,"Demand":1.0,"DemandMax":null,"Value":99.56438911104},{"Length":2.635232,"Height":34.5369,"Demand":1.0,"DemandMax":null,"Value":91.0127440608},{"Length":8.730117,"Height":10.4012,"Demand":1.0,"DemandMax":null,"Value":90.8036929404},{"Length":6.645076,"Height":13.08236,"Demand":1.0,"DemandMax":null,"Value":86.93327645936},{"Length":6.373275,"Height":13.63324,"Demand":1.0,"DemandMax":null,"Value":86.888387661},{"Length":7.03179,"Height":12.21144,"Demand":1.0,"DemandMax":null,"Value":85.8682816776},{"Length":2.242383,"Height":38.14003,"Demand":1.0,"DemandMax":null,"Value":85.52455489149},{"Length":5.667687,"Height":14.95412,"Demand":1.0,"DemandMax":null,"Value":84.75527152043999},{"Length":7.800607,"Height":10.69789,"Demand":1.0,"DemandMax":null,"Value":83.45003561923},{"Length":2.290443,"Height":35.72581,"Demand":1.0,"DemandMax":null,"Value":81.82793143383},{"Length":9.585175,"Height":8.392146,"Demand":1.0,"DemandMax":null,"Value":80.44018803555},{"Length":26.76713,"Height":2.832188,"Demand":1.0,"DemandMax":null,"Value":75.80954438044},{"Length":23.22156,"Height":2.938345,"Demand":1.0,"DemandMax":null,"Value":68.2329547182},{"Length":3.539423,"Height":18.70419,"Demand":1.0,"DemandMax":null,"Value":66.20204028237},{"Length":21.2986,"Height":3.061721,"Demand":1.0,"DemandMax":null,"Value":65.2103708906},{"Length":7.766884,"Height":8.392146,"Demand":1.0,"DemandMax":null,"Value":65.180824493064009},{"Length":19.97374,"Height":3.061721,"Demand":1.0,"DemandMax":null,"Value":61.15401920654},{"Length":3.65882,"Height":16.54584,"Demand":1.0,"DemandMax":null,"Value":60.538250308799995},{"Length":2.942292,"Height":19.17997,"Demand":1.0,"DemandMax":null,"Value":56.43307229124},{"Length":3.402653,"Height":16.18395,"Demand":1.0,"DemandMax":null,"Value":55.068366019349995},{"Length":5.484295,"Height":9.925706,"Demand":1.0,"DemandMax":null,"Value":54.435499787270004},{"Length":41.27234,"Height":1.19248,"Demand":1.0,"DemandMax":null,"Value":49.2164400032},{"Length":11.25617,"Height":4.272038,"Demand":1.0,"DemandMax":null,"Value":48.08678597446},{"Length":6.719701,"Height":6.916731,"Demand":1.0,"DemandMax":null,"Value":46.478364217431},{"Length":32.57882,"Height":1.383416,"Demand":1.0,"DemandMax":null,"Value":45.07006084912},{"Length":2.037776,"Height":21.66061,"Demand":1.0,"DemandMax":null,"Value":44.139471203359996},{"Length":4.121898,"Height":10.4012,"Demand":1.0,"DemandMax":null,"Value":42.872685477599994},{"Length":7.900615,"Height":5.233962,"Demand":1.0,"DemandMax":null,"Value":41.35151868663},{"Length":1.019109,"Height":38.67109,"Demand":1.0,"DemandMax":null,"Value":39.410055858810004},{"Length":3.591367,"Height":10.88419,"Demand":1.0,"DemandMax":null,"Value":39.08912078773},{"Length":25.72496,"Height":1.510728,"Demand":1.0,"DemandMax":null,"Value":38.86341737088},{"Length":0.8694428,"Height":44.19955,"Demand":1.0,"DemandMax":null,"Value":38.42898051074},{"Length":45.63202,"Height":0.8379914,"Demand":1.0,"DemandMax":null,"Value":38.239240324628},{"Length":3.846082,"Height":9.925706,"Demand":1.0,"DemandMax":null,"Value":38.175079183892},{"Length":2.738566,"Height":13.63324,"Demand":1.0,"DemandMax":null,"Value":37.33552753384},{"Length":44.79187,"Height":0.8252154,"Demand":1.0,"DemandMax":null,"Value":36.962940918798004},{"Length":7.566041,"Height":4.746171,"Demand":1.0,"DemandMax":null,"Value":35.909724379011},{"Length":28.16232,"Height":1.270248,"Demand":1.0,"DemandMax":null,"Value":35.77313065536},{"Length":1.327466,"Height":26.90861,"Demand":1.0,"DemandMax":null,"Value":35.72026488226},{"Length":11.25617,"Height":2.966478,"Demand":1.0,"DemandMax":null,"Value":33.391180669259995},{"Length":0.9081077,"Height":35.72581,"Demand":1.0,"DemandMax":null,"Value":32.442883149737},{"Length":23.79973,"Height":1.288417,"Demand":1.0,"DemandMax":null,"Value":30.66397672741},{"Length":2.932858,"Height":10.4012,"Demand":1.0,"DemandMax":null,"Value":30.505242629599998},{"Length":5.500957,"Height":5.53093,"Demand":1.0,"DemandMax":null,"Value":30.425408100009996},{"Length":3.713356,"Height":7.956023,"Demand":1.0,"DemandMax":null,"Value":29.543545743188},{"Length":2.133002,"Height":13.63324,"Demand":1.0,"DemandMax":null,"Value":29.07972818648},{"Length":3.243917,"Height":8.905634,"Demand":1.0,"DemandMax":null,"Value":28.889137528377997},{"Length":4.14217,"Height":6.853849,"Demand":1.0,"DemandMax":null,"Value":28.38980771233},{"Length":4.14217,"Height":6.779387,"Demand":1.0,"DemandMax":null,"Value":28.08137344979},{"Length":3.591367,"Height":7.789658,"Demand":1.0,"DemandMax":null,"Value":27.975520682486},{"Length":13.6924,"Height":2.039455,"Demand":1.0,"DemandMax":null,"Value":27.925033641999995},{"Length":2.657992,"Height":10.4012,"Demand":1.0,"DemandMax":null,"Value":27.6463063904},{"Length":1.372995,"Height":19.87138,"Demand":1.0,"DemandMax":null,"Value":27.283305383099997},{"Length":8.623147,"Height":3.133626,"Demand":1.0,"DemandMax":null,"Value":27.021717641021997},{"Length":4.993147,"Height":5.250344,"Demand":1.0,"DemandMax":null,"Value":26.215739392567997},{"Length":15.38052,"Height":1.630606,"Demand":1.0,"DemandMax":null,"Value":25.07956819512},{"Length":1.328451,"Height":18.67385,"Demand":1.0,"DemandMax":null,"Value":24.807294706350003},{"Length":8.362274,"Height":2.935342,"Demand":1.0,"DemandMax":null,"Value":24.546134087707998},{"Length":9.330377,"Height":2.614823,"Demand":1.0,"DemandMax":null,"Value":24.397284378271},{"Length":0.5800706,"Height":41.60397,"Demand":1.0,"DemandMax":null,"Value":24.133239840282},{"Length":19.7325,"Height":1.222388,"Demand":1.0,"DemandMax":null,"Value":24.12077121},{"Length":3.474733,"Height":6.916731,"Demand":1.0,"DemandMax":null,"Value":24.033793457823002},{"Length":19.7325,"Height":1.216215,"Demand":1.0,"DemandMax":null,"Value":23.998962487500002},{"Length":9.253447,"Height":2.546755,"Demand":1.0,"DemandMax":null,"Value":23.566262414485},{"Length":1.785616,"Height":12.87629,"Demand":1.0,"DemandMax":null,"Value":22.99210944464},{"Length":3.361066,"Height":6.828491,"Demand":1.0,"DemandMax":null,"Value":22.951008931406},{"Length":17.80349,"Height":1.281122,"Demand":1.0,"DemandMax":null,"Value":22.80844271578},{"Length":7.900615,"Height":2.880544,"Demand":1.0,"DemandMax":null,"Value":22.75806913456},{"Length":0.9446491,"Height":23.89426,"Demand":1.0,"DemandMax":null,"Value":22.571691204166},{"Length":7.898472,"Height":2.853031,"Demand":1.0,"DemandMax":null,"Value":22.534585468632},{"Length":10.4046,"Height":2.093354,"Demand":1.0,"DemandMax":null,"Value":21.780511028400003},{"Length":15.36156,"Height":1.391297,"Demand":1.0,"DemandMax":null,"Value":21.37249234332},{"Length":4.439913,"Height":4.746171,"Demand":1.0,"DemandMax":null,"Value":21.072586323123},{"Length":2.357408,"Height":8.856501,"Demand":1.0,"DemandMax":null,"Value":20.878386309408},{"Length":13.79683,"Height":1.510728,"Demand":1.0,"DemandMax":null,"Value":20.84325739224},{"Length":1.584257,"Height":13.0987,"Demand":1.0,"DemandMax":null,"Value":20.751707165899997},{"Length":5.395403,"Height":3.836413,"Demand":1.0,"DemandMax":null,"Value":20.698994209439},{"Length":10.10732,"Height":2.039455,"Demand":1.0,"DemandMax":null,"Value":20.613424310599996},{"Length":3.306294,"Height":6.233617,"Demand":1.0,"DemandMax":null,"Value":20.610170485397997},{"Length":7.900615,"Height":2.561401,"Demand":1.0,"DemandMax":null,"Value":20.236643161615},{"Length":18.73927,"Height":1.066378,"Demand":1.0,"DemandMax":null,"Value":19.983145264060003},{"Length":38.84843,"Height":0.5134469,"Demand":1.0,"DemandMax":null,"Value":19.946605953367},{"Length":3.194416,"Height":6.233617,"Demand":1.0,"DemandMax":null,"Value":19.912765882671998},{"Length":25.01942,"Height":0.786413,"Demand":1.0,"DemandMax":null,"Value":19.675597140460003},{"Length":10.75747,"Height":1.812729,"Demand":1.0,"DemandMax":null,"Value":19.50037783563},{"Length":1.591357,"Height":12.21144,"Demand":1.0,"DemandMax":null,"Value":19.43276052408},{"Length":2.827196,"Height":6.834399,"Demand":1.0,"DemandMax":null,"Value":19.322185515204},{"Length":5.868113,"Height":3.28859,"Demand":1.0,"DemandMax":null,"Value":19.29781773067},{"Length":27.76983,"Height":0.6923838,"Demand":1.0,"DemandMax":null,"Value":19.227380420754},{"Length":8.623147,"Height":2.21297,"Demand":1.0,"DemandMax":null,"Value":19.08276561659},{"Length":2.255345,"Height":8.425907,"Demand":1.0,"DemandMax":null,"Value":19.003327222915},{"Length":1.38488,"Height":13.71809,"Demand":1.0,"DemandMax":null,"Value":18.997908479200003},{"Length":0.4562985,"Height":41.60397,"Demand":1.0,"DemandMax":null,"Value":18.983829105044997},{"Length":1.577903,"Height":11.94522,"Demand":1.0,"DemandMax":null,"Value":18.84839847366},{"Length":14.33898,"Height":1.281122,"Demand":1.0,"DemandMax":null,"Value":18.36998273556},{"Length":18.73927,"Height":0.9500823,"Demand":1.0,"DemandMax":null,"Value":17.803848741921},{"Length":23.41389,"Height":0.7535114,"Demand":1.0,"DemandMax":null,"Value":17.642633033346},{"Length":4.366224,"Height":4.018089,"Demand":1.0,"DemandMax":null,"Value":17.543876625935997},{"Length":2.783939,"Height":6.233617,"Demand":1.0,"DemandMax":null,"Value":17.354009477363},{"Length":4.649227,"Height":3.72108,"Demand":1.0,"DemandMax":null,"Value":17.30014560516},{"Length":1.983903,"Height":8.625973,"Demand":1.0,"DemandMax":null,"Value":17.113093712619},{"Length":21.50483,"Height":0.7956009,"Demand":1.0,"DemandMax":null,"Value":17.109262102347},{"Length":2.458882,"Height":6.828491,"Demand":1.0,"DemandMax":null,"Value":16.790453607062},{"Length":8.978153,"Height":1.868312,"Demand":1.0,"DemandMax":null,"Value":16.773990987736003},{"Length":27.82507,"Height":0.6003549,"Demand":1.0,"DemandMax":null,"Value":16.704917117343},{"Length":2.585383,"Height":6.41129,"Demand":1.0,"DemandMax":null,"Value":16.575640174070003},{"Length":1.714101,"Height":9.44182,"Demand":1.0,"DemandMax":null,"Value":16.184233103820002},{"Length":32.04408,"Height":0.4935675,"Demand":1.0,"DemandMax":null,"Value":15.8159164554},{"Length":24.24023,"Height":0.6507087,"Demand":1.0,"DemandMax":null,"Value":15.773328551001},{"Length":9.330377,"Height":1.672044,"Demand":1.0,"DemandMax":null,"Value":15.600800880588002},{"Length":2.809072,"Height":5.420374,"Demand":1.0,"DemandMax":null,"Value":15.226220832928},{"Length":1.785031,"Height":8.439248,"Demand":1.0,"DemandMax":null,"Value":15.064319296688},{"Length":2.124876,"Height":7.01193,"Demand":1.0,"DemandMax":null,"Value":14.899481770680001},{"Length":2.364533,"Height":6.276768,"Demand":1.0,"DemandMax":null,"Value":14.841625069344001},{"Length":7.298351,"Height":2.01646,"Demand":1.0,"DemandMax":null,"Value":14.71683285746},{"Length":1.663506,"Height":8.297801,"Demand":1.0,"DemandMax":null,"Value":13.803441750306},{"Length":5.975339,"Height":2.298407,"Demand":1.0,"DemandMax":null,"Value":13.733760984973001},{"Length":7.900615,"Height":1.727484,"Demand":1.0,"DemandMax":null,"Value":13.648186002660001},{"Length":3.92613,"Height":3.462443,"Demand":1.0,"DemandMax":null,"Value":13.59400133559},{"Length":21.07767,"Height":0.6387074,"Demand":1.0,"DemandMax":null,"Value":13.462463803758002},{"Length":5.27898,"Height":2.549199,"Demand":1.0,"DemandMax":null,"Value":13.457170537020001},{"Length":5.529621,"Height":2.425218,"Demand":1.0,"DemandMax":null,"Value":13.410536382378},{"Length":1.019802,"Height":13.08236,"Demand":1.0,"DemandMax":null,"Value":13.341416892720002},{"Length":14.94414,"Height":0.8741059,"Demand":1.0,"DemandMax":null,"Value":13.062760944426001},{"Length":16.84832,"Height":0.7749966,"Demand":1.0,"DemandMax":null,"Value":13.057390715712002},{"Length":13.42455,"Height":0.9656382,"Demand":1.0,"DemandMax":null,"Value":12.96325829781},{"Length":5.327283,"Height":2.426141,"Demand":1.0,"DemandMax":null,"Value":12.924739704903},{"Length":1.714101,"Height":7.499683,"Demand":1.0,"DemandMax":null,"Value":12.855214129983},{"Length":16.25291,"Height":0.786413,"Demand":1.0,"DemandMax":null,"Value":12.78149971183},{"Length":5.27898,"Height":2.412106,"Demand":1.0,"DemandMax":null,"Value":12.73345933188},{"Length":16.10045,"Height":0.7906352,"Demand":1.0,"DemandMax":null,"Value":12.729582505839998},{"Length":35.49519,"Height":0.3555455,"Demand":1.0,"DemandMax":null,"Value":12.620155076145},{"Length":1.412658,"Height":8.905634,"Demand":1.0,"DemandMax":null,"Value":12.580615115171998},{"Length":14.83207,"Height":0.8422399,"Demand":1.0,"DemandMax":null,"Value":12.492161153593},{"Length":0.5218879,"Height":23.89426,"Demand":1.0,"DemandMax":null,"Value":12.470125173453999},{"Length":9.724183,"Height":1.281122,"Demand":1.0,"DemandMax":null,"Value":12.457864773326001},{"Length":8.632359,"Height":1.428216,"Demand":1.0,"DemandMax":null,"Value":12.328873241543999},{"Length":5.280831,"Height":2.298407,"Demand":1.0,"DemandMax":null,"Value":12.137498936217},{"Length":2.472932,"Height":4.878566,"Demand":1.0,"DemandMax":null,"Value":12.064361975512002},{"Length":3.065069,"Height":3.914563,"Demand":1.0,"DemandMax":null,"Value":11.998405699846998},{"Length":6.604647,"Height":1.801739,"Demand":1.0,"DemandMax":null,"Value":11.899850081133},{"Length":17.2221,"Height":0.6815171,"Demand":1.0,"DemandMax":null,"Value":11.73715564791},{"Length":3.597968,"Height":3.247998,"Demand":1.0,"DemandMax":null,"Value":11.686192868064},{"Length":21.10942,"Height":0.5534729,"Demand":1.0,"DemandMax":null,"Value":11.683491904718},{"Length":3.708607,"Height":3.147152,"Demand":1.0,"DemandMax":null,"Value":11.671549937264002},{"Length":6.600443,"Height":1.763736,"Demand":1.0,"DemandMax":null,"Value":11.641438935048},{"Length":8.266024,"Height":1.40802,"Demand":1.0,"DemandMax":null,"Value":11.63872711248},{"Length":0.4548679,"Height":25.53062,"Demand":1.0,"DemandMax":null,"Value":11.613059505097999},{"Length":14.3414,"Height":0.8078505,"Demand":1.0,"DemandMax":null,"Value":11.5857071607},{"Length":7.652871,"Height":1.51311,"Demand":1.0,"DemandMax":null,"Value":11.57963563881},{"Length":16.73301,"Height":0.6919434,"Demand":1.0,"DemandMax":null,"Value":11.578295831634},{"Length":14.68554,"Height":0.7871457,"Demand":1.0,"DemandMax":null,"Value":11.559659663178},{"Length":7.727476,"Height":1.490868,"Demand":1.0,"DemandMax":null,"Value":11.520646689168},{"Length":6.093689,"Height":1.883075,"Demand":1.0,"DemandMax":null,"Value":11.474873413675},{"Length":11.9281,"Height":0.9591862,"Demand":1.0,"DemandMax":null,"Value":11.44126891222},{"Length":2.827196,"Height":4.040586,"Demand":1.0,"DemandMax":null,"Value":11.423528576856},{"Length":4.467371,"Height":2.546755,"Demand":1.0,"DemandMax":null,"Value":11.377299431105},{"Length":1.79431,"Height":6.338398,"Demand":1.0,"DemandMax":null,"Value":11.37305091538},{"Length":1.313384,"Height":8.645246,"Demand":1.0,"DemandMax":null,"Value":11.354527772464001},{"Length":0.853286,"Height":13.08236,"Demand":1.0,"DemandMax":null,"Value":11.162994634959999},{"Length":21.81556,"Height":0.5077717,"Demand":1.0,"DemandMax":null,"Value":11.077323987652},{"Length":13.35443,"Height":0.8252513,"Demand":1.0,"DemandMax":null,"Value":11.020760718259002},{"Length":21.96652,"Height":0.5002231,"Demand":1.0,"DemandMax":null,"Value":10.988160730612},{"Length":5.069728,"Height":2.164822,"Demand":1.0,"DemandMax":null,"Value":10.975058708415999},{"Length":1.0934,"Height":10.02861,"Demand":1.0,"DemandMax":null,"Value":10.965282174},{"Length":5.405591,"Height":2.01646,"Demand":1.0,"DemandMax":null,"Value":10.90015802786},{"Length":2.255345,"Height":4.792946,"Demand":1.0,"DemandMax":null,"Value":10.80974679637},{"Length":14.7778,"Height":0.7299523,"Demand":1.0,"DemandMax":null,"Value":10.78708909894},{"Length":1.577558,"Height":6.817019,"Demand":1.0,"DemandMax":null,"Value":10.754242859602},{"Length":16.73301,"Height":0.6396154,"Demand":1.0,"DemandMax":null,"Value":10.702690884353999},{"Length":11.17957,"Height":0.9554306,"Demand":1.0,"DemandMax":null,"Value":10.681303272842},{"Length":3.025652,"Height":3.527363,"Demand":1.0,"DemandMax":null,"Value":10.672572915676},{"Length":1.666861,"Height":6.401834,"Demand":1.0,"DemandMax":null,"Value":10.670967423074},{"Length":8.84913,"Height":1.204931,"Demand":1.0,"DemandMax":null,"Value":10.662591060030001},{"Length":1.466537,"Height":7.244055,"Demand":1.0,"DemandMax":null,"Value":10.623674687535},{"Length":8.84913,"Height":1.200355,"Demand":1.0,"DemandMax":null,"Value":10.622097441150002},{"Length":19.39558,"Height":0.5469534,"Demand":1.0,"DemandMax":null,"Value":10.608478425972},{"Length":23.41389,"Height":0.4523193,"Demand":1.0,"DemandMax":null,"Value":10.590554335076998},{"Length":30.10633,"Height":0.3505534,"Demand":1.0,"DemandMax":null,"Value":10.553876343022},{"Length":5.27898,"Height":1.986623,"Demand":1.0,"DemandMax":null,"Value":10.487343084539999},{"Length":10.58293,"Height":0.9831526,"Demand":1.0,"DemandMax":null,"Value":10.404635145118},{"Length":5.819947,"Height":1.776714,"Demand":1.0,"DemandMax":null,"Value":10.340381314158},{"Length":0.5491266,"Height":18.82052,"Demand":1.0,"DemandMax":null,"Value":10.334848157831999},{"Length":4.366224,"Height":2.362305,"Demand":1.0,"DemandMax":null,"Value":10.31435278632},{"Length":0.6476266,"Height":15.9051,"Demand":1.0,"DemandMax":null,"Value":10.30056583566},{"Length":12.06188,"Height":0.8533075,"Demand":1.0,"DemandMax":null,"Value":10.2924926681},{"Length":1.481866,"Height":6.916731,"Demand":1.0,"DemandMax":null,"Value":10.249668500046},{"Length":21.53268,"Height":0.4757282,"Demand":1.0,"DemandMax":null,"Value":10.243703097575999},{"Length":12.06188,"Height":0.8468543,"Demand":1.0,"DemandMax":null,"Value":10.214654944084},{"Length":1.597666,"Height":6.380394,"Demand":1.0,"DemandMax":null,"Value":10.193738560404},{"Length":7.655394,"Height":1.331559,"Demand":1.0,"DemandMax":null,"Value":10.193608779246},{"Length":6.604647,"Height":1.542882,"Demand":1.0,"DemandMax":null,"Value":10.190190972654001},{"Length":2.719033,"Height":3.742687,"Demand":1.0,"DemandMax":null,"Value":10.176489461671},{"Length":1.644033,"Height":6.171051,"Demand":1.0,"DemandMax":null,"Value":10.145411488683001},{"Length":4.831112,"Height":2.099146,"Demand":1.0,"DemandMax":null,"Value":10.141209430352001},{"Length":0.7479892,"Height":13.55346,"Demand":1.0,"DemandMax":null,"Value":10.137841702632},{"Length":1.327466,"Height":7.628294,"Demand":1.0,"DemandMax":null,"Value":10.126300923004},{"Length":4.649227,"Height":2.166323,"Demand":1.0,"DemandMax":null,"Value":10.071727382321},{"Length":5.778638,"Height":1.742528,"Demand":1.0,"DemandMax":null,"Value":10.069438516864},{"Length":18.00518,"Height":0.5547576,"Demand":1.0,"DemandMax":null,"Value":9.9885104443679982},{"Length":11.64675,"Height":0.8571859,"Demand":1.0,"DemandMax":null,"Value":9.983429880825},{"Length":11.19198,"Height":0.8919016,"Demand":1.0,"DemandMax":null,"Value":9.9821448691679979},{"Length":11.90589,"Height":0.8378245,"Demand":1.0,"DemandMax":null,"Value":9.9750463363049988},{"Length":6.148605,"Height":1.614511,"Demand":1.0,"DemandMax":null,"Value":9.926990407155},{"Length":2.868271,"Height":3.458138,"Demand":1.0,"DemandMax":null,"Value":9.918876939398},{"Length":4.907609,"Height":2.01646,"Demand":1.0,"DemandMax":null,"Value":9.89599724414},{"Length":14.3414,"Height":0.6830175,"Demand":1.0,"DemandMax":null,"Value":9.7954271745},{"Length":18.22317,"Height":0.5373219,"Demand":1.0,"DemandMax":null,"Value":9.791708328423},{"Length":29.16431,"Height":0.3348677,"Demand":1.0,"DemandMax":null,"Value":9.766185411787},{"Length":3.006679,"Height":3.247998,"Demand":1.0,"DemandMax":null,"Value":9.765687378642},{"Length":8.10691,"Height":1.204224,"Demand":1.0,"DemandMax":null,"Value":9.7625355878399986},{"Length":11.25617,"Height":0.8642769,"Demand":1.0,"DemandMax":null,"Value":9.728447713472999},{"Length":2.946953,"Height":3.29724,"Demand":1.0,"DemandMax":null,"Value":9.71681130972},{"Length":15.19863,"Height":0.6387074,"Demand":1.0,"DemandMax":null,"Value":9.707477450862001},{"Length":3.73362,"Height":2.59559,"Demand":1.0,"DemandMax":null,"Value":9.6909467358},{"Length":9.050989,"Height":1.069174,"Demand":1.0,"DemandMax":null,"Value":9.677082113086},{"Length":1.936618,"Height":4.986099,"Demand":1.0,"DemandMax":null,"Value":9.6561690731820011},{"Length":1.16369,"Height":8.297801,"Demand":1.0,"DemandMax":null,"Value":9.6560680456899988},{"Length":12.00595,"Height":0.8034953,"Demand":1.0,"DemandMax":null,"Value":9.6467243970350012},{"Length":9.578663,"Height":1.001071,"Demand":1.0,"DemandMax":null,"Value":9.5889217480730018},{"Length":0.6016657,"Height":15.9051,"Demand":1.0,"DemandMax":null,"Value":9.56955312507},{"Length":24.24023,"Height":0.3936765,"Demand":1.0,"DemandMax":null,"Value":9.5428089055949989},{"Length":9.907472,"Height":0.9596765,"Demand":1.0,"DemandMax":null,"Value":9.5079680528080015},{"Length":2.665425,"Height":3.549316,"Demand":1.0,"DemandMax":null,"Value":9.4604355993},{"Length":2.364533,"Height":3.998454,"Demand":1.0,"DemandMax":null,"Value":9.4544764319820018},{"Length":2.827196,"Height":3.34127,"Demand":1.0,"DemandMax":null,"Value":9.44642517892},{"Length":11.64675,"Height":0.8104882,"Demand":1.0,"DemandMax":null,"Value":9.43955344335},{"Length":3.921704,"Height":2.405286,"Demand":1.0,"DemandMax":null,"Value":9.4328197273439986},{"Length":0.5367181,"Height":17.55804,"Demand":1.0,"DemandMax":null,"Value":9.423717868524},{"Length":3.877543,"Height":2.426141,"Demand":1.0,"DemandMax":null,"Value":9.407466051563},{"Length":1.588505,"Height":5.916935,"Demand":1.0,"DemandMax":null,"Value":9.399080832175},{"Length":1.236395,"Height":7.598876,"Demand":1.0,"DemandMax":null,"Value":9.3952122920199983},{"Length":10.73262,"Height":0.8718348,"Demand":1.0,"DemandMax":null,"Value":9.3570716111760017},{"Length":3.92613,"Height":2.371221,"Demand":1.0,"DemandMax":null,"Value":9.3097219047299991},{"Length":0.4964365,"Height":18.72838,"Demand":1.0,"DemandMax":null,"Value":9.29745141787},{"Length":17.27202,"Height":0.5373219,"Demand":1.0,"DemandMax":null,"Value":9.2806346032380009},{"Length":11.37481,"Height":0.8154783,"Demand":1.0,"DemandMax":null,"Value":9.275910721623},{"Length":24.6316,"Height":0.3754309,"Demand":1.0,"DemandMax":null,"Value":9.24746375644},{"Length":6.604647,"Height":1.398741,"Demand":1.0,"DemandMax":null,"Value":9.238190549427},{"Length":2.947879,"Height":3.120718,"Demand":1.0,"DemandMax":null,"Value":9.199499057122},{"Length":3.817788,"Height":2.405286,"Demand":1.0,"DemandMax":null,"Value":9.182872027368},{"Length":7.15714,"Height":1.281122,"Demand":1.0,"DemandMax":null,"Value":9.1691695110800016},{"Length":12.00595,"Height":0.7574996,"Demand":1.0,"DemandMax":null,"Value":9.09450232262},{"Length":6.093446,"Height":1.490868,"Demand":1.0,"DemandMax":null,"Value":9.084523651128},{"Length":3.713356,"Height":2.445177,"Demand":1.0,"DemandMax":null,"Value":9.0798126840120013},{"Length":2.814086,"Height":3.225462,"Demand":1.0,"DemandMax":null,"Value":9.076727457732},{"Length":18.00518,"Height":0.5031978,"Demand":1.0,"DemandMax":null,"Value":9.060166964604},{"Length":18.92994,"Height":0.4766006,"Demand":1.0,"DemandMax":null,"Value":9.0220207619639989},{"Length":15.38052,"Height":0.585567,"Demand":1.0,"DemandMax":null,"Value":9.00632495484},{"Length":0.8695604,"Height":10.34706,"Demand":1.0,"DemandMax":null,"Value":8.997393632424},{"Length":14.08637,"Height":0.6387074,"Demand":1.0,"DemandMax":null,"Value":8.9970687581380009},{"Length":1.037574,"Height":8.645246,"Demand":1.0,"DemandMax":null,"Value":8.970082473204},{"Length":2.472932,"Height":3.623689,"Demand":1.0,"DemandMax":null,"Value":8.9611364861480016},{"Length":5.778638,"Height":1.546061,"Demand":1.0,"DemandMax":null,"Value":8.934126844918},{"Length":1.584257,"Height":5.629678,"Demand":1.0,"DemandMax":null,"Value":8.918856779246001},{"Length":1.162971,"Height":7.651435,"Demand":1.0,"DemandMax":null,"Value":8.898397013385},{"Length":2.864196,"Height":3.103512,"Demand":1.0,"DemandMax":null,"Value":8.889066656352},{"Length":29.16431,"Height":0.3042916,"Demand":1.0,"DemandMax":null,"Value":8.874454552796},{"Length":6.604647,"Height":1.339451,"Demand":1.0,"DemandMax":null,"Value":8.846601028797},{"Length":9.3449,"Height":0.9462602,"Demand":1.0,"DemandMax":null,"Value":8.8427069429800014},{"Length":1.503003,"Height":5.862518,"Demand":1.0,"DemandMax":null,"Value":8.811382141554},{"Length":16.09962,"Height":0.5469534,"Demand":1.0,"DemandMax":null,"Value":8.8057418977080015},{"Length":1.56878,"Height":5.5866,"Demand":1.0,"DemandMax":null,"Value":8.764146348},{"Length":4.601601,"Height":1.883075,"Demand":1.0,"DemandMax":null,"Value":8.665159803075},{"Length":2.864196,"Height":3.024275,"Demand":1.0,"DemandMax":null,"Value":8.6621163579},{"Length":20.75981,"Height":0.4154434,"Demand":1.0,"DemandMax":null,"Value":8.6245260497540013},{"Length":8.266024,"Height":1.041022,"Demand":1.0,"DemandMax":null,"Value":8.605112836527999},{"Length":1.481037,"Height":5.809843,"Demand":1.0,"DemandMax":null,"Value":8.604592447191},{"Length":9.578663,"Height":0.8937312,"Demand":1.0,"DemandMax":null,"Value":8.5607499773856},{"Length":6.673541,"Height":1.281122,"Demand":1.0,"DemandMax":null,"Value":8.549620193002001},{"Length":5.529181,"Height":1.540759,"Demand":1.0,"DemandMax":null,"Value":8.519135388379},{"Length":12.00595,"Height":0.7047106,"Demand":1.0,"DemandMax":null,"Value":8.46072022807},{"Length":1.448122,"Height":5.833664,"Demand":1.0,"DemandMax":null,"Value":8.4478571790079986},{"Length":0.8218917,"Height":10.27522,"Demand":1.0,"DemandMax":null,"Value":8.445118033674},{"Length":6.564995,"Height":1.281122,"Demand":1.0,"DemandMax":null,"Value":8.41055952439},{"Length":3.185871,"Height":2.637707,"Demand":1.0,"DemandMax":null,"Value":8.403394237797},{"Length":5.529621,"Height":1.515642,"Demand":1.0,"DemandMax":null,"Value":8.380925831682},{"Length":9.3449,"Height":0.8967919,"Demand":1.0,"DemandMax":null,"Value":8.38043062631},{"Length":0.4485401,"Height":18.67385,"Demand":1.0,"DemandMax":null,"Value":8.375970546385},{"Length":1.75974,"Height":4.744292,"Demand":1.0,"DemandMax":null,"Value":8.34872040408},{"Length":0.966644,"Height":8.625973,"Demand":1.0,"DemandMax":null,"Value":8.338245044612},{"Length":3.159903,"Height":2.637707,"Demand":1.0,"DemandMax":null,"Value":8.334898262421},{"Length":8.513062,"Height":0.975854,"Demand":1.0,"DemandMax":null,"Value":8.307505604948},{"Length":8.921675,"Height":0.9308439,"Demand":1.0,"DemandMax":null,"Value":8.3046867515325},{"Length":0.8630299,"Height":9.594989,"Demand":1.0,"DemandMax":null,"Value":8.2807623971711},{"Length":0.8250872,"Height":10.02861,"Demand":1.0,"DemandMax":null,"Value":8.274477744792},{"Length":2.827196,"Height":2.904141,"Demand":1.0,"DemandMax":null,"Value":8.210575818636},{"Length":0.7955125,"Height":10.27522,"Demand":1.0,"DemandMax":null,"Value":8.1740659502499984},{"Length":0.3748741,"Height":21.66061,"Demand":1.0,"DemandMax":null,"Value":8.120001679201},{"Length":1.390324,"Height":5.833664,"Demand":1.0,"DemandMax":null,"Value":8.110683067136},{"Length":5.347479,"Height":1.510728,"Demand":1.0,"DemandMax":null,"Value":8.078586254712},{"Length":9.3449,"Height":0.8642882,"Demand":1.0,"DemandMax":null,"Value":8.076686800180001},{"Length":16.10045,"Height":0.5015351,"Demand":1.0,"DemandMax":null,"Value":8.074940800795},{"Length":0.6270337,"Height":12.87629,"Demand":1.0,"DemandMax":null,"Value":8.073867760973},{"Length":0.7479892,"Height":10.77471,"Demand":1.0,"DemandMax":null,"Value":8.059366713132},{"Length":8.266024,"Height":0.9712656,"Demand":1.0,"DemandMax":null,"Value":8.0285047599744},{"Length":3.801246,"Height":2.099146,"Demand":1.0,"DemandMax":null,"Value":7.979370335916},{"Length":2.430728,"Height":3.282257,"Demand":1.0,"DemandMax":null,"Value":7.9782739930960007},{"Length":3.944977,"Height":2.01646,"Demand":1.0,"DemandMax":null,"Value":7.95488832142},{"Length":5.395403,"Height":1.470526,"Demand":1.0,"DemandMax":null,"Value":7.934080391978},{"Length":7.900615,"Height":1.003322,"Demand":1.0,"DemandMax":null,"Value":7.9268608430300009},{"Length":11.64675,"Height":0.6802105,"Demand":1.0,"DemandMax":null,"Value":7.9222416408750016},{"Length":1.160245,"Height":6.817019,"Demand":1.0,"DemandMax":null,"Value":7.909412209655},{"Length":5.809839,"Height":1.361285,"Demand":1.0,"DemandMax":null,"Value":7.9088466831150006},{"Length":11.37481,"Height":0.6952499,"Demand":1.0,"DemandMax":null,"Value":7.908335515019},{"Length":0.6250057,"Height":12.65163,"Demand":1.0,"DemandMax":null,"Value":7.907340864291},{"Length":16.56525,"Height":0.4766006,"Demand":1.0,"DemandMax":null,"Value":7.8950080891499992},{"Length":0.4193743,"Height":18.82052,"Demand":1.0,"DemandMax":null,"Value":7.892842400635999},{"Length":11.64675,"Height":0.6747938,"Demand":1.0,"DemandMax":null,"Value":7.8591546901500005},{"Length":1.346159,"Height":5.809843,"Demand":1.0,"DemandMax":null,"Value":7.820972443037},{"Length":21.50483,"Height":0.3615218,"Demand":1.0,"DemandMax":null,"Value":7.774464850294},{"Length":2.242383,"Height":3.463933,"Demand":1.0,"DemandMax":null,"Value":7.7674644723389994},{"Length":2.868271,"Height":2.707641,"Demand":1.0,"DemandMax":null,"Value":7.7662481587110008},{"Length":1.324193,"Height":5.862518,"Demand":1.0,"DemandMax":null,"Value":7.763105297974},{"Length":14.94414,"Height":0.5171915,"Demand":1.0,"DemandMax":null,"Value":7.7289821828100012},{"Length":8.300426,"Height":0.9308439,"Demand":1.0,"DemandMax":null,"Value":7.7264009095013995},{"Length":2.946953,"Height":2.619695,"Demand":1.0,"DemandMax":null,"Value":7.720118039335},{"Length":1.381767,"Height":5.5866,"Demand":1.0,"DemandMax":null,"Value":7.7193795222},{"Length":9.203531,"Height":0.8378245,"Demand":1.0,"DemandMax":null,"Value":7.7109437583095},{"Length":5.529181,"Height":1.394583,"Demand":1.0,"DemandMax":null,"Value":7.710901826523},{"Length":17.5761,"Height":0.4365923,"Demand":1.0,"DemandMax":null,"Value":7.67358992403},{"Length":11.0786,"Height":0.6923838,"Demand":1.0,"DemandMax":null,"Value":7.67064316668},{"Length":18.00518,"Height":0.4252172,"Demand":1.0,"DemandMax":null,"Value":7.656112225096},{"Length":1.743234,"Height":4.387819,"Demand":1.0,"DemandMax":null,"Value":7.6489952666460006},{"Length":0.4724488,"Height":16.18395,"Demand":1.0,"DemandMax":null,"Value":7.64608775676},{"Length":5.73935,"Height":1.331559,"Demand":1.0,"DemandMax":null,"Value":7.64228314665},{"Length":11.89965,"Height":0.6387074,"Demand":1.0,"DemandMax":null,"Value":7.60039451241},{"Length":0.5517374,"Height":13.71809,"Demand":1.0,"DemandMax":null,"Value":7.5687833095660011},{"Length":3.065069,"Height":2.465831,"Demand":1.0,"DemandMax":null,"Value":7.557942157339},{"Length":9.555539,"Height":0.7909426,"Demand":1.0,"DemandMax":null,"Value":7.5578828610614},{"Length":14.7778,"Height":0.5069779,"Demand":1.0,"DemandMax":null,"Value":7.4920180106199989},{"Length":0.4627662,"Height":16.18395,"Demand":1.0,"DemandMax":null,"Value":7.48938504249},{"Length":15.38052,"Height":0.4869123,"Demand":1.0,"DemandMax":null,"Value":7.488964368396001},{"Length":1.236395,"Height":6.03436,"Demand":1.0,"DemandMax":null,"Value":7.4608525322},{"Length":18.26953,"Height":0.4067096,"Demand":1.0,"DemandMax":null,"Value":7.430393238488},{"Length":2.913941,"Height":2.546755,"Demand":1.0,"DemandMax":null,"Value":7.421093811455},{"Length":1.158756,"Height":6.380394,"Demand":1.0,"DemandMax":null,"Value":7.3933198298639988},{"Length":2.080693,"Height":3.552534,"Demand":1.0,"DemandMax":null,"Value":7.3917326260620007},{"Length":0.2994775,"Height":24.65198,"Demand":1.0,"DemandMax":null,"Value":7.38271334045},{"Length":9.3449,"Height":0.7890832,"Demand":1.0,"DemandMax":null,"Value":7.3739035956800008},{"Length":11.53046,"Height":0.6391593,"Demand":1.0,"DemandMax":null,"Value":7.369800742278},{"Length":2.640573,"Height":2.780354,"Demand":1.0,"DemandMax":null,"Value":7.3417277028419994},{"Length":2.814086,"Height":2.608202,"Demand":1.0,"DemandMax":null,"Value":7.339704733372},{"Length":5.075171,"Height":1.44561,"Demand":1.0,"DemandMax":null,"Value":7.3367179493100005},{"Length":2.075768,"Height":3.527363,"Demand":1.0,"DemandMax":null,"Value":7.321987239784},{"Length":23.22156,"Height":0.3152662,"Demand":1.0,"DemandMax":null,"Value":7.320972979272},{"Length":13.42455,"Height":0.54509,"Demand":1.0,"DemandMax":null,"Value":7.3175879594999991},{"Length":0.4548679,"Height":16.07335,"Demand":1.0,"DemandMax":null,"Value":7.311250960465},{"Length":1.183162,"Height":6.171051,"Demand":1.0,"DemandMax":null,"Value":7.3013530432620009},{"Length":0.6250057,"Height":11.67655,"Demand":1.0,"DemandMax":null,"Value":7.2979103063350008},{"Length":23.22156,"Height":0.3140833,"Demand":1.0,"DemandMax":null,"Value":7.2935041959480005},{"Length":0.4501406,"Height":16.18395,"Demand":1.0,"DemandMax":null,"Value":7.28505296337},{"Length":2.331101,"Height":3.120718,"Demand":1.0,"DemandMax":null,"Value":7.2747088505179995},{"Length":0.3891678,"Height":18.67385,"Demand":1.0,"DemandMax":null,"Value":7.2672611220300007},{"Length":0.8695604,"Height":8.326795,"Demand":1.0,"DemandMax":null,"Value":7.240651190918},{"Length":4.170485,"Height":1.734425,"Demand":1.0,"DemandMax":null,"Value":7.2333934461250005},{"Length":1.645278,"Height":4.387819,"Demand":1.0,"DemandMax":null,"Value":7.2191820686820005},{"Length":4.088212,"Height":1.763736,"Demand":1.0,"DemandMax":null,"Value":7.210526680032},{"Length":21.56756,"Height":0.3335268,"Demand":1.0,"DemandMax":null,"Value":7.193359270608},{"Length":8.389488,"Height":0.8422399,"Demand":1.0,"DemandMax":null,"Value":7.0659615341712},{"Length":0.3681269,"Height":19.17997,"Demand":1.0,"DemandMax":null,"Value":7.060662898193},{"Length":0.4162482,"Height":16.9415,"Demand":1.0,"DemandMax":null,"Value":7.0518688803000007},{"Length":11.64675,"Height":0.6054627,"Demand":1.0,"DemandMax":null,"Value":7.0516727012250007},{"Length":9.284649,"Height":0.7592153,"Demand":1.0,"DemandMax":null,"Value":7.0490475759297},{"Length":21.50483,"Height":0.3274876,"Demand":1.0,"DemandMax":null,"Value":7.042565165107999},{"Length":0.9177227,"Height":7.651435,"Demand":1.0,"DemandMax":null,"Value":7.0218955870745},{"Length":18.26953,"Height":0.384233,"Demand":1.0,"DemandMax":null,"Value":7.01975632049},{"Length":4.832301,"Height":1.44561,"Demand":1.0,"DemandMax":null,"Value":6.9856226486100006},{"Length":5.835307,"Height":1.197036,"Demand":1.0,"DemandMax":null,"Value":6.985072550052},{"Length":10.75747,"Height":0.6485779,"Demand":1.0,"DemandMax":null,"Value":6.977057301913},{"Length":5.667687,"Height":1.229828,"Demand":1.0,"DemandMax":null,"Value":6.9702801678359991},{"Length":24.24023,"Height":0.2871736,"Demand":1.0,"DemandMax":null,"Value":6.9611541139279991},{"Length":4.988654,"Height":1.394678,"Demand":1.0,"DemandMax":null,"Value":6.9575659834120005},{"Length":2.208584,"Height":3.147152,"Demand":1.0,"DemandMax":null,"Value":6.950749552768},{"Length":7.652871,"Height":0.9079135,"Demand":1.0,"DemandMax":null,"Value":6.9481448946585},{"Length":7.652871,"Height":0.9068484,"Demand":1.0,"DemandMax":null,"Value":6.9399938217564},{"Length":0.8883336,"Height":7.801283,"Demand":1.0,"DemandMax":null,"Value":6.9301418120088},{"Length":0.3708112,"Height":18.67385,"Demand":1.0,"DemandMax":null,"Value":6.92447272712},{"Length":3.668583,"Height":1.883075,"Demand":1.0,"DemandMax":null,"Value":6.908216932725},{"Length":2.665425,"Height":2.57847,"Demand":1.0,"DemandMax":null,"Value":6.8727183997499992},{"Length":3.626741,"Height":1.891731,"Demand":1.0,"DemandMax":null,"Value":6.860818378671},{"Length":1.070941,"Height":6.401834,"Demand":1.0,"DemandMax":null,"Value":6.8559865057939993},{"Length":21.96652,"Height":0.3120133,"Demand":1.0,"DemandMax":null,"Value":6.8538463947159993},{"Length":7.850717,"Height":0.8718348,"Demand":1.0,"DemandMax":null,"Value":6.8445282855516005},{"Length":9.284649,"Height":0.7356345,"Demand":1.0,"DemandMax":null,"Value":6.8301081247905},{"Length":15.38052,"Height":0.4440664,"Demand":1.0,"DemandMax":null,"Value":6.829972146528},{"Length":1.073961,"Height":6.338398,"Demand":1.0,"DemandMax":null,"Value":6.8071922544779992},{"Length":2.801129,"Height":2.426141,"Demand":1.0,"DemandMax":null,"Value":6.795933913189},{"Length":2.640573,"Height":2.567113,"Demand":1.0,"DemandMax":null,"Value":6.7786492757489993},{"Length":5.069728,"Height":1.331601,"Demand":1.0,"DemandMax":null,"Value":6.750854874528},{"Length":21.50483,"Height":0.3138804,"Demand":1.0,"DemandMax":null,"Value":6.7499446423319993},{"Length":1.466537,"Height":4.587492,"Demand":1.0,"DemandMax":null,"Value":6.727726755204},{"Length":3.626741,"Height":1.850956,"Demand":1.0,"DemandMax":null,"Value":6.712938014396},{"Length":13.58794,"Height":0.4935675,"Demand":1.0,"DemandMax":null,"Value":6.70656557595},{"Length":15.22063,"Height":0.4400383,"Demand":1.0,"DemandMax":null,"Value":6.697660150129},{"Length":0.3484009,"Height":19.17997,"Demand":1.0,"DemandMax":null,"Value":6.682318809973},{"Length":0.4126575,"Height":16.18395,"Demand":1.0,"DemandMax":null,"Value":6.678428347125},{"Length":0.7687937,"Height":8.645246,"Demand":1.0,"DemandMax":null,"Value":6.6464106597502006},{"Length":13.96252,"Height":0.4757282,"Demand":1.0,"DemandMax":null,"Value":6.6423645070639994},{"Length":1.69705,"Height":3.907993,"Demand":1.0,"DemandMax":null,"Value":6.6320595206499995},{"Length":1.119669,"Height":5.916935,"Demand":1.0,"DemandMax":null,"Value":6.6250086945149995},{"Length":1.858695,"Height":3.557697,"Demand":1.0,"DemandMax":null,"Value":6.612673625415},{"Length":1.69705,"Height":3.89329,"Demand":1.0,"DemandMax":null,"Value":6.6071077945},{"Length":0.3537359,"Height":18.67385,"Demand":1.0,"DemandMax":null,"Value":6.6056111362150007},{"Length":0.3898667,"Height":16.9415,"Demand":1.0,"DemandMax":null,"Value":6.6049266980500008},{"Length":3.741216,"Height":1.765281,"Demand":1.0,"DemandMax":null,"Value":6.6042975216960009},{"Length":7.391352,"Height":0.8919016,"Demand":1.0,"DemandMax":null,"Value":6.5923586749632},{"Length":21.56756,"Height":0.3056325,"Demand":1.0,"DemandMax":null,"Value":6.5917472816999991},{"Length":0.3524438,"Height":18.67385,"Demand":1.0,"DemandMax":null,"Value":6.58148265463},{"Length":0.7388281,"Height":8.905634,"Demand":1.0,"DemandMax":null,"Value":6.5797326475153994},{"Length":11.9281,"Height":0.551542,"Demand":1.0,"DemandMax":null,"Value":6.5788481302},{"Length":1.111127,"Height":5.916935,"Demand":1.0,"DemandMax":null,"Value":6.574466235745},{"Length":16.10045,"Height":0.4079916,"Demand":1.0,"DemandMax":null,"Value":6.5688483562199993},{"Length":14.17057,"Height":0.4626367,"Demand":1.0,"DemandMax":null,"Value":6.555825741919},{"Length":6.825608,"Height":0.9554306,"Demand":1.0,"DemandMax":null,"Value":6.5213947468048},{"Length":1.986053,"Height":3.282257,"Demand":1.0,"DemandMax":null,"Value":6.518736361621},{"Length":1.958568,"Height":3.282257,"Demand":1.0,"DemandMax":null,"Value":6.428523527976},{"Length":16.84832,"Height":0.3799348,"Demand":1.0,"DemandMax":null,"Value":6.401263089536001},{"Length":7.900615,"Height":0.8058596,"Demand":1.0,"DemandMax":null,"Value":6.366786443654},{"Length":2.080693,"Height":3.04312,"Demand":1.0,"DemandMax":null,"Value":6.3317984821600009},{"Length":12.24675,"Height":0.5155671,"Demand":1.0,"DemandMax":null,"Value":6.3140213819249995},{"Length":2.348081,"Height":2.678433,"Demand":1.0,"DemandMax":null,"Value":6.289177637073},{"Length":2.348081,"Height":2.669035,"Demand":1.0,"DemandMax":null,"Value":6.2671103718350007},{"Length":1.577903,"Height":3.959884,"Demand":1.0,"DemandMax":null,"Value":6.248312843252},{"Length":5.044826,"Height":1.23693,"Demand":1.0,"DemandMax":null,"Value":6.2400966241799996},{"Length":6.604647,"Height":0.9444119,"Demand":1.0,"DemandMax":null,"Value":6.2375072220993},{"Length":17.12951,"Height":0.3562288,"Demand":1.0,"DemandMax":null,"Value":6.102024791888},{"Length":11.98106,"Height":0.5085295,"Demand":1.0,"DemandMax":null,"Value":6.0927224512699993},{"Length":1.858695,"Height":3.251592,"Demand":1.0,"DemandMax":null,"Value":6.04371779244},{"Length":1.201265,"Height":5.020058,"Demand":1.0,"DemandMax":null,"Value":6.03041997337},{"Length":1.201265,"Height":5.008547,"Demand":1.0,"DemandMax":null,"Value":6.016592211955},{"Length":2.184076,"Height":2.73223,"Demand":1.0,"DemandMax":null,"Value":5.96739796948},{"Length":1.08619,"Height":5.492248,"Demand":1.0,"DemandMax":null,"Value":5.96562485512},{"Length":4.808971,"Height":1.23693,"Demand":1.0,"DemandMax":null,"Value":5.94836049903},{"Length":0.6145123,"Height":9.623351,"Demand":1.0,"DemandMax":null,"Value":5.9136675567173},{"Length":4.170485,"Height":1.412727,"Demand":1.0,"DemandMax":null,"Value":5.8917567625950005},{"Length":11.59683,"Height":0.5077717,"Demand":1.0,"DemandMax":null,"Value":5.888542083711001},{"Length":2.184076,"Height":2.688144,"Demand":1.0,"DemandMax":null,"Value":5.871110794944},{"Length":3.306832,"Height":1.763736,"Demand":1.0,"DemandMax":null,"Value":5.832378644352},{"Length":5.809839,"Height":1.002975,"Demand":1.0,"DemandMax":null,"Value":5.827123271025},{"Length":0.6879008,"Height":8.439248,"Demand":1.0,"DemandMax":null,"Value":5.8053654505984},{"Length":16.84832,"Height":0.3443799,"Demand":1.0,"DemandMax":null,"Value":5.8022227567680007},{"Length":16.28289,"Height":0.3562288,"Demand":1.0,"DemandMax":null,"Value":5.8004343652319994},{"Length":9.336711,"Height":0.6194841,"Demand":1.0,"DemandMax":null,"Value":5.783944010795099},{"Length":16.84832,"Height":0.3420823,"Demand":1.0,"DemandMax":null,"Value":5.763512056736},{"Length":2.080693,"Height":2.750341,"Demand":1.0,"DemandMax":null,"Value":5.722615266313},{"Length":11.2405,"Height":0.5085295,"Demand":1.0,"DemandMax":null,"Value":5.71612584475},{"Length":1.038686,"Height":5.492248,"Demand":1.0,"DemandMax":null,"Value":5.704721106128},{"Length":2.228553,"Height":2.546755,"Demand":1.0,"DemandMax":null,"Value":5.6755784955149995},{"Length":12.24675,"Height":0.4602869,"Demand":1.0,"DemandMax":null,"Value":5.637018592575},{"Length":1.019109,"Height":5.52846,"Demand":1.0,"DemandMax":null,"Value":5.63410334214},{"Length":2.988186,"Height":1.883075,"Demand":1.0,"DemandMax":null,"Value":5.62697835195},{"Length":5.809839,"Height":0.9636129,"Demand":1.0,"DemandMax":null,"Value":5.5984358073231},{"Length":1.875062,"Height":2.979012,"Demand":1.0,"DemandMax":null,"Value":5.585832198744},{"Length":10.58293,"Height":0.5275757,"Demand":1.0,"DemandMax":null,"Value":5.5832967028009994},{"Length":0.6145123,"Height":9.0505,"Demand":1.0,"DemandMax":null,"Value":5.5616435711499994},{"Length":1.866154,"Height":2.979012,"Demand":1.0,"DemandMax":null,"Value":5.559295159848},{"Length":3.074365,"Height":1.805796,"Demand":1.0,"DemandMax":null,"Value":5.5516760195399995},{"Length":3.07424,"Height":1.805796,"Demand":1.0,"DemandMax":null,"Value":5.55145029504},{"Length":1.260715,"Height":4.387819,"Demand":1.0,"DemandMax":null,"Value":5.5317892305850007},{"Length":0.9336858,"Height":5.916935,"Demand":1.0,"DemandMax":null,"Value":5.524558189023},{"Length":12.53023,"Height":0.4365923,"Demand":1.0,"DemandMax":null,"Value":5.4706019352289994},{"Length":9.336711,"Height":0.5847394,"Demand":1.0,"DemandMax":null,"Value":5.4595427881134},{"Length":4.522903,"Height":1.204224,"Demand":1.0,"DemandMax":null,"Value":5.446588342272},{"Length":2.263431,"Height":2.405286,"Demand":1.0,"DemandMax":null,"Value":5.444198896266},{"Length":13.35443,"Height":0.4046234,"Demand":1.0,"DemandMax":null,"Value":5.4035148716620007},{"Length":0.9956648,"Height":5.306343,"Demand":1.0,"DemandMax":null,"Value":5.2833389418264005},{"Length":0.8753083,"Height":5.916935,"Demand":1.0,"DemandMax":null,"Value":5.1791423160605},{"Length":12.00595,"Height":0.4311422,"Demand":1.0,"DemandMax":null,"Value":5.17627169609},{"Length":13.35443,"Height":0.3824864,"Demand":1.0,"DemandMax":null,"Value":5.1078878547520006},{"Length":10.75747,"Height":0.4740351,"Demand":1.0,"DemandMax":null,"Value":5.099418367197},{"Length":2.636513,"Height":1.86306,"Demand":1.0,"DemandMax":null,"Value":4.91198190978},{"Length":12.00595,"Height":0.406063,"Demand":1.0,"DemandMax":null,"Value":4.87517207485},{"Length":2.925568,"Height":1.655995,"Demand":1.0,"DemandMax":null,"Value":4.8447259801600007},{"Length":8.978153,"Height":0.5369737,"Demand":1.0,"DemandMax":null,"Value":4.8210320355761},{"Length":2.909739,"Height":1.655995,"Demand":1.0,"DemandMax":null,"Value":4.8185132353050006},{"Length":0.2553457,"Height":18.67385,"Demand":1.0,"DemandMax":null,"Value":4.768287299945},{"Length":10.46942,"Height":0.4400383,"Demand":1.0,"DemandMax":null,"Value":4.606945778786},{"Length":0.2427129,"Height":18.67385,"Demand":1.0,"DemandMax":null,"Value":4.5323842876650007},{"Length":2.829789,"Height":1.590478,"Demand":1.0,"DemandMax":null,"Value":4.500717149142},{"Length":1.858695,"Height":2.41624,"Demand":1.0,"DemandMax":null,"Value":4.4910532068},{"Length":2.829789,"Height":1.556674,"Demand":1.0,"DemandMax":null,"Value":4.405058961786},{"Length":2.352142,"Height":1.86306,"Demand":1.0,"DemandMax":null,"Value":4.38218167452},{"Length":1.385519,"Height":3.147152,"Demand":1.0,"DemandMax":null,"Value":4.360438891888},{"Length":7.145975,"Height":0.606537,"Demand":1.0,"DemandMax":null,"Value":4.334298238575},{"Length":9.805147,"Height":0.4400383,"Demand":1.0,"DemandMax":null,"Value":4.3146402171300995},{"Length":0.9956648,"Height":4.288646,"Demand":1.0,"DemandMax":null,"Value":4.2700538618608},{"Length":7.024597,"Height":0.606537,"Demand":1.0,"DemandMax":null,"Value":4.2606779905889995}]}