{"Name":"Path29_100","Objects":[{"Length":100.0,"Height":100.0,"Stock":null,"Cost":10000.0}],"Items":[{"Length":97.98978,"Height":16.42731,"Demand":1.0,"DemandMax":null,"Value":1609.7084928917998},{"Length":39.77792,"Height":37.27534,"Demand":1.0,"DemandMax":null,"Value":1482.7354924928},{"Length":97.98978,"Height":4.315054,"Demand":1.0,"DemandMax":null,"Value":422.83119214811995},{"Length":47.57433,"Height":8.876275,"Demand":1.0,"DemandMax":null,"Value":422.28283602075004},{"Length":13.71827,"Height":25.63579,"Demand":1.0,"DemandMax":null,"Value":351.6786888833},{"Length":34.68637,"Height":8.876275,"Demand":1.0,"DemandMax":null,"Value":307.88575887174994},{"Length":54.55192,"Height":4.612613,"Demand":1.0,"DemandMax":null,"Value":251.62689536695999},{"Length":6.458416,"Height":37.27534,"Demand":1.0,"DemandMax":null,"Value":240.73965226144},{"Length":5.658168,"Height":38.14476,"Demand":1.0,"DemandMax":null,"Value":215.82946039968},{"Length":9.819201,"Height":21.44374,"Demand":1.0,"DemandMax":null,"Value":210.56039325173998},{"Length":3.887838,"Height":49.31662,"Demand":1.0,"DemandMax":null,"Value":191.73502926756},{"Length":5.026019,"Height":37.27534,"Demand":1.0,"DemandMax":null,"Value":187.34656707146},{"Length":18.96911,"Height":9.755223,"Demand":1.0,"DemandMax":null,"Value":185.04789816153001},{"Length":31.74839,"Height":5.465337,"Demand":1.0,"DemandMax":null,"Value":173.51565055743},{"Length":31.23545,"Height":4.476143,"Demand":1.0,"DemandMax":null,"Value":139.81434086935002},{"Length":15.72909,"Height":8.876275,"Demand":1.0,"DemandMax":null,"Value":139.61572833974998},{"Length":10.31388,"Height":13.41184,"Demand":1.0,"DemandMax":null,"Value":138.32810833919999},{"Length":3.289559,"Height":37.27534,"Demand":1.0,"DemandMax":null,"Value":122.61943017506},{"Length":2.182214,"Height":49.31662,"Demand":1.0,"DemandMax":null,"Value":107.61941859668},{"Length":100.0,"Height":1.008761,"Demand":1.0,"DemandMax":null,"Value":100.87610000000001},{"Length":1.960566,"Height":49.31662,"Demand":1.0,"DemandMax":null,"Value":96.68848840692},{"Length":4.290633,"Height":21.44374,"Demand":1.0,"DemandMax":null,"Value":92.007218487419991},{"Length":13.86166,"Height":6.470169,"Demand":1.0,"DemandMax":null,"Value":89.68728282054},{"Length":54.55192,"Height":1.582546,"Demand":1.0,"DemandMax":null,"Value":86.330922788320009},{"Length":3.795948,"Height":20.94844,"Demand":1.0,"DemandMax":null,"Value":79.51918892112},{"Length":10.31388,"Height":7.536597,"Demand":1.0,"DemandMax":null,"Value":77.73155706636},{"Length":9.833063,"Height":7.479761,"Demand":1.0,"DemandMax":null,"Value":73.548961137943},{"Length":26.16384,"Height":2.734698,"Demand":1.0,"DemandMax":null,"Value":71.55020092032},{"Length":30.91758,"Height":2.275462,"Demand":1.0,"DemandMax":null,"Value":70.35177842196},{"Length":10.28431,"Height":6.806918,"Demand":1.0,"DemandMax":null,"Value":70.00445485658},{"Length":20.6236,"Height":3.386259,"Demand":1.0,"DemandMax":null,"Value":69.8368511124},{"Length":50.52262,"Height":1.263242,"Demand":1.0,"DemandMax":null,"Value":63.82229553404},{"Length":9.94605,"Height":5.826317,"Demand":1.0,"DemandMax":null,"Value":57.948840197850004},{"Length":20.6236,"Height":2.615345,"Demand":1.0,"DemandMax":null,"Value":53.937829142},{"Length":14.10983,"Height":3.769021,"Demand":1.0,"DemandMax":null,"Value":53.18024557643},{"Length":31.23545,"Height":1.69568,"Demand":1.0,"DemandMax":null,"Value":52.965327856},{"Length":7.505805,"Height":6.899533,"Demand":1.0,"DemandMax":null,"Value":51.786549289064993},{"Length":5.790715,"Height":8.034161,"Demand":1.0,"DemandMax":null,"Value":46.523536615114992},{"Length":13.85682,"Height":3.295456,"Demand":1.0,"DemandMax":null,"Value":45.66454060992},{"Length":44.58287,"Height":1.003355,"Demand":1.0,"DemandMax":null,"Value":44.73244552885},{"Length":14.10983,"Height":3.155417,"Demand":1.0,"DemandMax":null,"Value":44.52239744911},{"Length":13.71827,"Height":3.145142,"Demand":1.0,"DemandMax":null,"Value":43.14590714434},{"Length":8.589482,"Height":4.838473,"Demand":1.0,"DemandMax":null,"Value":41.559976740985995},{"Length":7.308941,"Height":5.489338,"Demand":1.0,"DemandMax":null,"Value":40.121247571058},{"Length":29.51285,"Height":1.263242,"Demand":1.0,"DemandMax":null,"Value":37.2818716597},{"Length":4.606247,"Height":8.034161,"Demand":1.0,"DemandMax":null,"Value":37.007330003766995},{"Length":36.69122,"Height":1.003355,"Demand":1.0,"DemandMax":null,"Value":36.8143190431},{"Length":54.55192,"Height":0.6742985,"Demand":1.0,"DemandMax":null,"Value":36.784277828120004},{"Length":18.0358,"Height":2.014424,"Demand":1.0,"DemandMax":null,"Value":36.331748379199993},{"Length":23.39066,"Height":1.51008,"Demand":1.0,"DemandMax":null,"Value":35.3217678528},{"Length":6.923139,"Height":5.04657,"Demand":1.0,"DemandMax":null,"Value":34.93810558323},{"Length":10.49209,"Height":3.295456,"Demand":1.0,"DemandMax":null,"Value":34.57622094304},{"Length":14.38463,"Height":2.275462,"Demand":1.0,"DemandMax":null,"Value":32.73167894906},{"Length":7.505805,"Height":4.272323,"Demand":1.0,"DemandMax":null,"Value":32.067223335015},{"Length":7.308941,"Height":4.265885,"Demand":1.0,"DemandMax":null,"Value":31.179101777785},{"Length":16.63922,"Height":1.862337,"Demand":1.0,"DemandMax":null,"Value":30.98783505714},{"Length":1.549902,"Height":19.84301,"Demand":1.0,"DemandMax":null,"Value":30.754720885019996},{"Length":20.6236,"Height":1.478157,"Demand":1.0,"DemandMax":null,"Value":30.4849187052},{"Length":1.011523,"Height":29.61864,"Demand":1.0,"DemandMax":null,"Value":29.959935588719997},{"Length":24.34891,"Height":1.230002,"Demand":1.0,"DemandMax":null,"Value":29.94920799782},{"Length":0.9986957,"Height":29.61864,"Demand":1.0,"DemandMax":null,"Value":29.580008407848},{"Length":12.21992,"Height":2.402696,"Demand":1.0,"DemandMax":null,"Value":29.36075290432},{"Length":12.12899,"Height":2.402696,"Demand":1.0,"DemandMax":null,"Value":29.14227575704},{"Length":10.29987,"Height":2.734698,"Demand":1.0,"DemandMax":null,"Value":28.16703388926},{"Length":30.34346,"Height":0.9270392,"Demand":1.0,"DemandMax":null,"Value":28.129576883631998},{"Length":18.08821,"Height":1.535316,"Demand":1.0,"DemandMax":null,"Value":27.77111822436},{"Length":13.71259,"Height":2.014424,"Demand":1.0,"DemandMax":null,"Value":27.62297039816},{"Length":14.59623,"Height":1.862337,"Demand":1.0,"DemandMax":null,"Value":27.18309918951},{"Length":24.34891,"Height":1.106006,"Demand":1.0,"DemandMax":null,"Value":26.93004055346},{"Length":0.5336505,"Height":49.31662,"Demand":1.0,"DemandMax":null,"Value":26.317838921310003},{"Length":13.23388,"Height":1.967247,"Demand":1.0,"DemandMax":null,"Value":26.034310728359998},{"Length":0.6772612,"Height":38.14476,"Demand":1.0,"DemandMax":null,"Value":25.833965931311997},{"Length":16.83928,"Height":1.51008,"Demand":1.0,"DemandMax":null,"Value":25.4286599424},{"Length":1.549902,"Height":16.28316,"Demand":1.0,"DemandMax":null,"Value":25.237302250319996},{"Length":19.96453,"Height":1.263242,"Demand":1.0,"DemandMax":null,"Value":25.22003280626},{"Length":6.098206,"Height":4.071378,"Demand":1.0,"DemandMax":null,"Value":24.828101747868},{"Length":5.128789,"Height":4.838473,"Demand":1.0,"DemandMax":null,"Value":24.815507099197},{"Length":1.170376,"Height":20.23,"Demand":1.0,"DemandMax":null,"Value":23.676706480000004},{"Length":14.98328,"Height":1.563992,"Demand":1.0,"DemandMax":null,"Value":23.43373005376},{"Length":3.433966,"Height":6.806918,"Demand":1.0,"DemandMax":null,"Value":23.374724976788},{"Length":9.970796,"Height":2.275462,"Demand":1.0,"DemandMax":null,"Value":22.688167407752},{"Length":24.20846,"Height":0.9270392,"Demand":1.0,"DemandMax":null,"Value":22.442191391631997},{"Length":5.418685,"Height":4.071378,"Demand":1.0,"DemandMax":null,"Value":22.06151489793},{"Length":3.772222,"Height":5.826317,"Demand":1.0,"DemandMax":null,"Value":21.978161166374004},{"Length":18.08821,"Height":1.199382,"Demand":1.0,"DemandMax":null,"Value":21.694673486219997},{"Length":14.32198,"Height":1.51008,"Demand":1.0,"DemandMax":null,"Value":21.627335558400002},{"Length":13.23388,"Height":1.598767,"Demand":1.0,"DemandMax":null,"Value":21.15789062596},{"Length":13.71827,"Height":1.536898,"Demand":1.0,"DemandMax":null,"Value":21.08358172646},{"Length":18.44894,"Height":1.141033,"Demand":1.0,"DemandMax":null,"Value":21.05084935502},{"Length":1.170376,"Height":17.91477,"Demand":1.0,"DemandMax":null,"Value":20.967016853520004},{"Length":13.71827,"Height":1.527084,"Demand":1.0,"DemandMax":null,"Value":20.948950624680002},{"Length":18.44894,"Height":1.134429,"Demand":1.0,"DemandMax":null,"Value":20.929012555259998},{"Length":6.923139,"Height":2.98759,"Demand":1.0,"DemandMax":null,"Value":20.68350084501},{"Length":1.549902,"Height":13.19045,"Demand":1.0,"DemandMax":null,"Value":20.4439048359},{"Length":11.51689,"Height":1.754661,"Demand":1.0,"DemandMax":null,"Value":20.20823772429},{"Length":13.23388,"Height":1.488307,"Demand":1.0,"DemandMax":null,"Value":19.69607624116},{"Length":11.51689,"Height":1.653722,"Demand":1.0,"DemandMax":null,"Value":19.04573436458},{"Length":12.11226,"Height":1.563992,"Demand":1.0,"DemandMax":null,"Value":18.94347774192},{"Length":18.72591,"Height":1.003355,"Demand":1.0,"DemandMax":null,"Value":18.78873542805},{"Length":13.23388,"Height":1.415847,"Demand":1.0,"DemandMax":null,"Value":18.73714929636}]}