{"Name":"Path9_50","Objects":[{"Length":100.0,"Height":100.0,"Stock":null,"Cost":10000.0}],"Items":[{"Length":49.81319,"Height":66.95509,"Demand":1.0,"DemandMax":null,"Value":3335.2466196370997},{"Length":23.3724,"Height":66.95509,"Demand":1.0,"DemandMax":null,"Value":1564.9011455159998},{"Length":20.75709,"Height":66.95509,"Demand":1.0,"DemandMax":null,"Value":1389.7928290881},{"Length":51.89347,"Height":5.209064,"Demand":1.0,"DemandMax":null,"Value":270.31640641207997},{"Length":48.10653,"Height":3.00261,"Demand":1.0,"DemandMax":null,"Value":144.44514804329998},{"Length":33.72347,"Height":3.95832,"Demand":1.0,"DemandMax":null,"Value":133.4882857704},{"Length":38.91286,"Height":3.07494,"Demand":1.0,"DemandMax":null,"Value":119.6547097284},{"Length":48.10653,"Height":2.206454,"Demand":1.0,"DemandMax":null,"Value":106.14484554462},{"Length":32.89761,"Height":2.942917,"Demand":1.0,"DemandMax":null,"Value":96.81493572837},{"Length":14.63931,"Height":6.577129,"Demand":1.0,"DemandMax":null,"Value":96.28463034099},{"Length":39.75001,"Height":2.289917,"Demand":1.0,"DemandMax":null,"Value":91.024223649170011},{"Length":2.726104,"Height":33.21311,"Demand":1.0,"DemandMax":null,"Value":90.54239202344},{"Length":17.68519,"Height":4.994342,"Demand":1.0,"DemandMax":null,"Value":88.325887194979984},{"Length":20.46921,"Height":4.28633,"Demand":1.0,"DemandMax":null,"Value":87.737788899300014},{"Length":17.40365,"Height":4.988904,"Demand":1.0,"DemandMax":null,"Value":86.8251390996},{"Length":23.53991,"Height":3.641685,"Demand":1.0,"DemandMax":null,"Value":85.72493714835},{"Length":2.641544,"Height":31.68326,"Demand":1.0,"DemandMax":null,"Value":83.692725353440011},{"Length":16.41638,"Height":4.994342,"Demand":1.0,"DemandMax":null,"Value":81.989016121959992},{"Length":16.24914,"Height":4.994342,"Demand":1.0,"DemandMax":null,"Value":81.15376236588},{"Length":16.1655,"Height":4.994342,"Demand":1.0,"DemandMax":null,"Value":80.736035601},{"Length":3.240492,"Height":24.90566,"Demand":1.0,"DemandMax":null,"Value":80.70659198472},{"Length":39.75001,"Height":1.996413,"Demand":1.0,"DemandMax":null,"Value":79.35743671413},{"Length":19.27088,"Height":3.954613,"Demand":1.0,"DemandMax":null,"Value":76.20887256943999},{"Length":20.95653,"Height":3.524794,"Demand":1.0,"DemandMax":null,"Value":73.86745120482},{"Length":49.69875,"Height":1.472736,"Demand":1.0,"DemandMax":null,"Value":73.19313828},{"Length":27.42648,"Height":2.609072,"Demand":1.0,"DemandMax":null,"Value":71.55766102656},{"Length":49.62828,"Height":1.424477,"Demand":1.0,"DemandMax":null,"Value":70.694343409559991},{"Length":2.81682,"Height":24.90566,"Demand":1.0,"DemandMax":null,"Value":70.1547612012},{"Length":48.46419,"Height":1.431202,"Demand":1.0,"DemandMax":null,"Value":69.36204565638},{"Length":23.53991,"Height":2.935444,"Demand":1.0,"DemandMax":null,"Value":69.100087570039989},{"Length":19.83525,"Height":3.40295,"Demand":1.0,"DemandMax":null,"Value":67.4983639875},{"Length":32.89761,"Height":2.045987,"Demand":1.0,"DemandMax":null,"Value":67.30808239107},{"Length":26.42443,"Height":2.48972,"Demand":1.0,"DemandMax":null,"Value":65.7894318596},{"Length":21.30635,"Height":3.07494,"Demand":1.0,"DemandMax":null,"Value":65.515747869},{"Length":27.42648,"Height":2.38527,"Demand":1.0,"DemandMax":null,"Value":65.4195599496},{"Length":20.95653,"Height":3.052335,"Demand":1.0,"DemandMax":null,"Value":63.96634999755},{"Length":49.69875,"Height":1.276124,"Demand":1.0,"DemandMax":null,"Value":63.421767644999996},{"Length":49.69875,"Height":1.271272,"Demand":1.0,"DemandMax":null,"Value":63.180629309999993},{"Length":44.3144,"Height":1.424477,"Demand":1.0,"DemandMax":null,"Value":63.124843568799996},{"Length":3.331208,"Height":17.78382,"Demand":1.0,"DemandMax":null,"Value":59.24160345456},{"Length":1.732745,"Height":31.68326,"Demand":1.0,"DemandMax":null,"Value":54.8990103487},{"Length":1.683023,"Height":31.68326,"Demand":1.0,"DemandMax":null,"Value":53.32365529498},{"Length":3.331208,"Height":15.42929,"Demand":1.0,"DemandMax":null,"Value":51.39817428232},{"Length":48.46419,"Height":1.058518,"Demand":1.0,"DemandMax":null,"Value":51.300217470420009},{"Length":7.796274,"Height":6.577129,"Demand":1.0,"DemandMax":null,"Value":51.277099817346006},{"Length":7.739779,"Height":6.577129,"Demand":1.0,"DemandMax":null,"Value":50.905524914491004},{"Length":19.27088,"Height":2.622517,"Demand":1.0,"DemandMax":null,"Value":50.53821040496},{"Length":49.69875,"Height":0.9687715,"Demand":1.0,"DemandMax":null,"Value":48.146732585624996},{"Length":19.05407,"Height":2.48972,"Demand":1.0,"DemandMax":null,"Value":47.439299160400004},{"Length":13.88822,"Height":3.40295,"Demand":1.0,"DemandMax":null,"Value":47.260918249000007}]}