{"Name":"Nice12_200","Objects":[{"Length":100.0,"Height":100.0,"Stock":null,"Cost":10000.0}],"Items":[{"Length":8.010834,"Height":22.01472,"Demand":1.0,"DemandMax":null,"Value":176.35626747647999},{"Length":14.51417,"Height":11.40964,"Demand":1.0,"DemandMax":null,"Value":165.6014545988},{"Length":8.209718,"Height":20.10518,"Demand":1.0,"DemandMax":null,"Value":165.05785813924},{"Length":10.27577,"Height":14.60236,"Demand":1.0,"DemandMax":null,"Value":150.0504928172},{"Length":19.15546,"Height":6.660758,"Demand":1.0,"DemandMax":null,"Value":127.58988343868002},{"Length":12.81921,"Height":9.874556,"Demand":1.0,"DemandMax":null,"Value":126.58400702076},{"Length":19.21341,"Height":6.360365,"Demand":1.0,"DemandMax":null,"Value":122.20430049465},{"Length":7.709144,"Height":14.6529,"Demand":1.0,"DemandMax":null,"Value":112.9613161176},{"Length":13.71592,"Height":7.888627,"Demand":1.0,"DemandMax":null,"Value":108.19977684184},{"Length":8.380097,"Height":12.85645,"Demand":1.0,"DemandMax":null,"Value":107.73829807565},{"Length":11.97085,"Height":8.953454,"Demand":1.0,"DemandMax":null,"Value":107.1804548159},{"Length":7.880593,"Height":13.35455,"Demand":1.0,"DemandMax":null,"Value":105.24177324815},{"Length":12.93138,"Height":7.941603,"Demand":1.0,"DemandMax":null,"Value":102.69588620214},{"Length":12.81921,"Height":7.928019,"Demand":1.0,"DemandMax":null,"Value":101.63094044499},{"Length":5.10605,"Height":19.53374,"Demand":1.0,"DemandMax":null,"Value":99.740253127},{"Length":8.325399,"Height":11.64309,"Demand":1.0,"DemandMax":null,"Value":96.933369842910011},{"Length":14.49113,"Height":6.366983,"Demand":1.0,"DemandMax":null,"Value":92.26477836079},{"Length":9.045724,"Height":9.474191,"Demand":1.0,"DemandMax":null,"Value":85.70091690928399},{"Length":9.61903,"Height":8.756848,"Demand":1.0,"DemandMax":null,"Value":84.232383617440007},{"Length":4.743086,"Height":17.65073,"Demand":1.0,"DemandMax":null,"Value":83.718930352779992},{"Length":7.18047,"Height":11.64309,"Demand":1.0,"DemandMax":null,"Value":83.6028584523},{"Length":4.700447,"Height":17.65073,"Demand":1.0,"DemandMax":null,"Value":82.96632087631},{"Length":8.065494,"Height":10.17891,"Demand":1.0,"DemandMax":null,"Value":82.09793753154},{"Length":8.553185,"Height":9.533216,"Demand":1.0,"DemandMax":null,"Value":81.539360092959981},{"Length":14.34497,"Height":5.572217,"Demand":1.0,"DemandMax":null,"Value":79.93328569849},{"Length":13.42822,"Height":5.948328,"Demand":1.0,"DemandMax":null,"Value":79.87545701616},{"Length":6.864497,"Height":11.55997,"Demand":1.0,"DemandMax":null,"Value":79.35337938509},{"Length":7.688973,"Height":10.31943,"Demand":1.0,"DemandMax":null,"Value":79.34581864539},{"Length":8.054801,"Height":9.83645,"Demand":1.0,"DemandMax":null,"Value":79.230647296449987},{"Length":11.66806,"Height":6.440292,"Demand":1.0,"DemandMax":null,"Value":75.14571347352},{"Length":15.34302,"Height":4.811,"Demand":1.0,"DemandMax":null,"Value":73.81526921999999},{"Length":10.6168,"Height":6.899937,"Demand":1.0,"DemandMax":null,"Value":73.2552511416},{"Length":7.00105,"Height":10.35239,"Demand":1.0,"DemandMax":null,"Value":72.4776000095},{"Length":6.326922,"Height":11.40573,"Demand":1.0,"DemandMax":null,"Value":72.16316406306},{"Length":5.562531,"Height":12.92145,"Demand":1.0,"DemandMax":null,"Value":71.87596618995},{"Length":7.477035,"Height":9.474191,"Demand":1.0,"DemandMax":null,"Value":70.838857703685},{"Length":9.61903,"Height":7.179473,"Demand":1.0,"DemandMax":null,"Value":69.05956617119},{"Length":4.200519,"Height":16.43738,"Demand":1.0,"DemandMax":null,"Value":69.04552700022},{"Length":11.97085,"Height":5.699447,"Demand":1.0,"DemandMax":null,"Value":68.22722511995},{"Length":13.93606,"Height":4.806878,"Demand":1.0,"DemandMax":null,"Value":66.98894022068},{"Length":7.029711,"Height":9.419323,"Demand":1.0,"DemandMax":null,"Value":66.215118505653},{"Length":9.623718,"Height":6.861563,"Demand":1.0,"DemandMax":null,"Value":66.033747351234},{"Length":6.888474,"Height":9.508897,"Demand":1.0,"DemandMax":null,"Value":65.501789753178},{"Length":10.6168,"Height":6.161687,"Demand":1.0,"DemandMax":null,"Value":65.4173985416},{"Length":7.298754,"Height":8.644281,"Demand":1.0,"DemandMax":null,"Value":63.092480525873995},{"Length":5.902383,"Height":10.60899,"Demand":1.0,"DemandMax":null,"Value":62.618322223170004},{"Length":8.246208,"Height":7.272477,"Demand":1.0,"DemandMax":null,"Value":59.970358017216},{"Length":5.074354,"Height":11.42962,"Demand":1.0,"DemandMax":null,"Value":57.997937965479991},{"Length":7.925723,"Height":7.211462,"Demand":1.0,"DemandMax":null,"Value":57.156050237026},{"Length":5.554172,"Height":9.764985,"Demand":1.0,"DemandMax":null,"Value":54.23640626742},{"Length":9.15657,"Height":5.874067,"Demand":1.0,"DemandMax":null,"Value":53.78630567019},{"Length":8.705794,"Height":6.070876,"Demand":1.0,"DemandMax":null,"Value":52.851795855544},{"Length":10.6168,"Height":4.890667,"Demand":1.0,"DemandMax":null,"Value":51.923233405599994},{"Length":8.209718,"Height":6.308939,"Demand":1.0,"DemandMax":null,"Value":51.794610069202},{"Length":6.354291,"Height":7.97885,"Demand":1.0,"DemandMax":null,"Value":50.69993474535},{"Length":8.596705,"Height":5.887306,"Demand":1.0,"DemandMax":null,"Value":50.61143292673},{"Length":5.245834,"Height":9.532981,"Demand":1.0,"DemandMax":null,"Value":50.008435851154},{"Length":6.793996,"Height":7.333511,"Demand":1.0,"DemandMax":null,"Value":49.823844399955995},{"Length":12.99859,"Height":3.809447,"Demand":1.0,"DemandMax":null,"Value":49.51743967973},{"Length":6.224087,"Height":7.941603,"Demand":1.0,"DemandMax":null,"Value":49.429227991461},{"Length":4.694365,"Height":10.51226,"Demand":1.0,"DemandMax":null,"Value":49.3483854149},{"Length":6.681699,"Height":7.305078,"Demand":1.0,"DemandMax":null,"Value":48.810332367522},{"Length":7.54535,"Height":6.440292,"Demand":1.0,"DemandMax":null,"Value":48.5942572422},{"Length":8.054801,"Height":5.953258,"Demand":1.0,"DemandMax":null,"Value":47.952308491657995},{"Length":12.99859,"Height":3.670417,"Demand":1.0,"DemandMax":null,"Value":47.71024571203},{"Length":5.181361,"Height":9.199652,"Demand":1.0,"DemandMax":null,"Value":47.666718086372},{"Length":4.828592,"Height":9.819757,"Demand":1.0,"DemandMax":null,"Value":47.415600092144},{"Length":6.645474,"Height":7.129704,"Demand":1.0,"DemandMax":null,"Value":47.380262559696},{"Length":6.013512,"Height":7.825216,"Demand":1.0,"DemandMax":null,"Value":47.057030318592005},{"Length":4.765785,"Height":9.819757,"Demand":1.0,"DemandMax":null,"Value":46.798850614245},{"Length":4.982277,"Height":9.362569,"Demand":1.0,"DemandMax":null,"Value":46.646912189613005},{"Length":3.435922,"Height":13.56726,"Demand":1.0,"DemandMax":null,"Value":46.61604711372},{"Length":8.775422,"Height":5.308002,"Demand":1.0,"DemandMax":null,"Value":46.579957526844005},{"Length":4.044909,"Height":11.24132,"Demand":1.0,"DemandMax":null,"Value":45.470116439879995},{"Length":8.163715,"Height":5.545507,"Demand":1.0,"DemandMax":null,"Value":45.271938678504995},{"Length":7.688973,"Height":5.837429,"Demand":1.0,"DemandMax":null,"Value":44.883833970417},{"Length":6.137516,"Height":7.305078,"Demand":1.0,"DemandMax":null,"Value":44.835033106248},{"Length":7.015064,"Height":6.3282,"Demand":1.0,"DemandMax":null,"Value":44.3927280048},{"Length":8.553185,"Height":5.169436,"Demand":1.0,"DemandMax":null,"Value":44.215142453659993},{"Length":5.931944,"Height":7.412982,"Demand":1.0,"DemandMax":null,"Value":43.973394097008},{"Length":7.431748,"Height":5.909545,"Demand":1.0,"DemandMax":null,"Value":43.918249234659996},{"Length":7.754697,"Height":5.618031,"Demand":1.0,"DemandMax":null,"Value":43.566128141607},{"Length":4.636753,"Height":9.362569,"Demand":1.0,"DemandMax":null,"Value":43.411919898457},{"Length":8.918333,"Height":4.865172,"Demand":1.0,"DemandMax":null,"Value":43.389223998276},{"Length":4.72602,"Height":9.177031,"Demand":1.0,"DemandMax":null,"Value":43.37083204662},{"Length":7.580456,"Height":5.716766,"Demand":1.0,"DemandMax":null,"Value":43.335693125296},{"Length":4.736497,"Height":9.015297,"Demand":1.0,"DemandMax":null,"Value":42.700927194609},{"Length":3.392983,"Height":12.54053,"Demand":1.0,"DemandMax":null,"Value":42.54980510099},{"Length":3.423519,"Height":12.42322,"Demand":1.0,"DemandMax":null,"Value":42.531129711180007},{"Length":3.416295,"Height":12.42322,"Demand":1.0,"DemandMax":null,"Value":42.4413843699},{"Length":6.354291,"Height":6.67405,"Demand":1.0,"DemandMax":null,"Value":42.408855848550004},{"Length":10.6168,"Height":3.979962,"Demand":1.0,"DemandMax":null,"Value":42.2544605616},{"Length":10.6168,"Height":3.977684,"Demand":1.0,"DemandMax":null,"Value":42.2302754912},{"Length":3.613672,"Height":11.64309,"Demand":1.0,"DemandMax":null,"Value":42.074308326480008},{"Length":3.384318,"Height":12.42322,"Demand":1.0,"DemandMax":null,"Value":42.04412706396},{"Length":4.701095,"Height":8.938007,"Demand":1.0,"DemandMax":null,"Value":42.018420017665},{"Length":9.594378,"Height":4.369769,"Demand":1.0,"DemandMax":null,"Value":41.925215558682},{"Length":8.918333,"Height":4.695285,"Demand":1.0,"DemandMax":null,"Value":41.874115159905},{"Length":5.23805,"Height":7.984154,"Demand":1.0,"DemandMax":null,"Value":41.821397859700006},{"Length":7.107948,"Height":5.874067,"Demand":1.0,"DemandMax":null,"Value":41.752562784516},{"Length":7.059383,"Height":5.909545,"Demand":1.0,"DemandMax":null,"Value":41.717741510735},{"Length":4.373196,"Height":9.532981,"Demand":1.0,"DemandMax":null,"Value":41.689594377276},{"Length":9.594378,"Height":4.317349,"Demand":1.0,"DemandMax":null,"Value":41.422278263922},{"Length":8.553185,"Height":4.831082,"Demand":1.0,"DemandMax":null,"Value":41.321138096169996},{"Length":6.013512,"Height":6.827684,"Demand":1.0,"DemandMax":null,"Value":41.058359666208},{"Length":4.736497,"Height":8.635433,"Demand":1.0,"DemandMax":null,"Value":40.901702498201004},{"Length":3.636603,"Height":11.24132,"Demand":1.0,"DemandMax":null,"Value":40.88021803596},{"Length":3.624466,"Height":11.24132,"Demand":1.0,"DemandMax":null,"Value":40.74378213512},{"Length":3.279453,"Height":12.42322,"Demand":1.0,"DemandMax":null,"Value":40.74136609866},{"Length":4.413017,"Height":9.199652,"Demand":1.0,"DemandMax":null,"Value":40.598220670084004},{"Length":6.413161,"Height":6.3282,"Demand":1.0,"DemandMax":null,"Value":40.5837654402},{"Length":7.688973,"Height":5.219535,"Demand":1.0,"DemandMax":null,"Value":40.132863687554995},{"Length":6.374078,"Height":6.267439,"Demand":1.0,"DemandMax":null,"Value":39.949145046242},{"Length":3.504967,"Height":11.24132,"Demand":1.0,"DemandMax":null,"Value":39.40045563644},{"Length":6.312914,"Height":6.184387,"Demand":1.0,"DemandMax":null,"Value":39.041503273718},{"Length":3.372629,"Height":11.40964,"Demand":1.0,"DemandMax":null,"Value":38.480482743559996},{"Length":3.697036,"Height":10.35239,"Demand":1.0,"DemandMax":null,"Value":38.27315851604},{"Length":11.3083,"Height":3.368316,"Demand":1.0,"DemandMax":null,"Value":38.0899278228},{"Length":4.179579,"Height":9.104063,"Demand":1.0,"DemandMax":null,"Value":38.051150529477006},{"Length":3.23856,"Height":11.40964,"Demand":1.0,"DemandMax":null,"Value":36.9508037184},{"Length":7.738239,"Height":4.727127,"Demand":1.0,"DemandMax":null,"Value":36.579638509353},{"Length":6.888474,"Height":5.236944,"Demand":1.0,"DemandMax":null,"Value":36.074552583456004},{"Length":5.888374,"Height":6.109571,"Demand":1.0,"DemandMax":null,"Value":35.975439027553996},{"Length":8.209718,"Height":4.379441,"Demand":1.0,"DemandMax":null,"Value":35.953975607638},{"Length":10.6168,"Height":3.383886,"Demand":1.0,"DemandMax":null,"Value":35.926040884799995},{"Length":6.888474,"Height":5.215056,"Demand":1.0,"DemandMax":null,"Value":35.923777664544},{"Length":4.694365,"Height":7.652213,"Demand":1.0,"DemandMax":null,"Value":35.922280879745},{"Length":4.629571,"Height":7.704427,"Demand":1.0,"DemandMax":null,"Value":35.668191810817},{"Length":9.932415,"Height":3.570105,"Demand":1.0,"DemandMax":null,"Value":35.459764453575},{"Length":8.577221,"Height":4.11502,"Demand":1.0,"DemandMax":null,"Value":35.295435959420004},{"Length":3.297552,"Height":10.66526,"Demand":1.0,"DemandMax":null,"Value":35.16924944352},{"Length":3.04093,"Height":11.55997,"Demand":1.0,"DemandMax":null,"Value":35.1530595721},{"Length":7.298754,"Height":4.80416,"Demand":1.0,"DemandMax":null,"Value":35.06438201664},{"Length":4.186208,"Height":8.350634,"Demand":1.0,"DemandMax":null,"Value":34.957490855871995},{"Length":5.63918,"Height":6.070876,"Demand":1.0,"DemandMax":null,"Value":34.23476252168},{"Length":3.20154,"Height":10.66526,"Demand":1.0,"DemandMax":null,"Value":34.1452565004},{"Length":6.230907,"Height":5.47403,"Demand":1.0,"DemandMax":null,"Value":34.10817184521},{"Length":2.980447,"Height":11.42962,"Demand":1.0,"DemandMax":null,"Value":34.065376640139995},{"Length":9.61903,"Height":3.539913,"Demand":1.0,"DemandMax":null,"Value":34.05052934439},{"Length":3.285207,"Height":10.35239,"Demand":1.0,"DemandMax":null,"Value":34.00974409473},{"Length":4.701263,"Height":7.228305,"Demand":1.0,"DemandMax":null,"Value":33.982162849215},{"Length":7.688973,"Height":4.404875,"Demand":1.0,"DemandMax":null,"Value":33.868964943375},{"Length":2.913788,"Height":11.55997,"Demand":1.0,"DemandMax":null,"Value":33.68330186636},{"Length":8.112358,"Height":4.074732,"Demand":1.0,"DemandMax":null,"Value":33.055684738056},{"Length":11.3083,"Height":2.921078,"Demand":1.0,"DemandMax":null,"Value":33.0324263474},{"Length":3.095286,"Height":10.66526,"Demand":1.0,"DemandMax":null,"Value":33.01202996436},{"Length":4.349778,"Height":7.588641,"Demand":1.0,"DemandMax":null,"Value":33.008903671698},{"Length":8.06275,"Height":4.079852,"Demand":1.0,"DemandMax":null,"Value":32.894826712999993},{"Length":8.246208,"Height":3.968845,"Demand":1.0,"DemandMax":null,"Value":32.72792138976},{"Length":4.72602,"Height":6.920165,"Demand":1.0,"DemandMax":null,"Value":32.7048381933},{"Length":4.690173,"Height":6.93188,"Demand":1.0,"DemandMax":null,"Value":32.511716415239995},{"Length":5.748888,"Height":5.618031,"Demand":1.0,"DemandMax":null,"Value":32.297430999528004},{"Length":5.254513,"Height":6.137018,"Demand":1.0,"DemandMax":null,"Value":32.247040862234},{"Length":5.772346,"Height":5.545507,"Demand":1.0,"DemandMax":null,"Value":32.010585149422},{"Length":7.523385,"Height":4.244786,"Demand":1.0,"DemandMax":null,"Value":31.935159320610005},{"Length":6.374078,"Height":4.973884,"Demand":1.0,"DemandMax":null,"Value":31.703924578951998},{"Length":3.491471,"Height":8.96749,"Demand":1.0,"DemandMax":null,"Value":31.30973127779},{"Length":5.888374,"Height":5.296163,"Demand":1.0,"DemandMax":null,"Value":31.185788508962},{"Length":7.621527,"Height":4.079852,"Demand":1.0,"DemandMax":null,"Value":31.094702174004},{"Length":5.418137,"Height":5.716766,"Demand":1.0,"DemandMax":null,"Value":30.974221384942},{"Length":3.694385,"Height":8.350634,"Demand":1.0,"DemandMax":null,"Value":30.85045699009},{"Length":7.298754,"Height":4.202289,"Demand":1.0,"DemandMax":null,"Value":30.671473647906},{"Length":4.179579,"Height":7.333315,"Demand":1.0,"DemandMax":null,"Value":30.650169374385},{"Length":6.772623,"Height":4.408617,"Demand":1.0,"DemandMax":null,"Value":29.857900892390997},{"Length":6.730962,"Height":4.408617,"Demand":1.0,"DemandMax":null,"Value":29.674233499553996},{"Length":7.230661,"Height":4.074732,"Demand":1.0,"DemandMax":null,"Value":29.463005757852},{"Length":7.107055,"Height":4.11502,"Demand":1.0,"DemandMax":null,"Value":29.2456734661},{"Length":5.254513,"Height":5.506075,"Demand":1.0,"DemandMax":null,"Value":28.931742666475003},{"Length":8.054801,"Height":3.574222,"Demand":1.0,"DemandMax":null,"Value":28.789646939821996},{"Length":9.932415,"Height":2.884658,"Demand":1.0,"DemandMax":null,"Value":28.65162038907},{"Length":3.154003,"Height":8.96749,"Demand":1.0,"DemandMax":null,"Value":28.283490362469998},{"Length":4.690173,"Height":5.989568,"Demand":1.0,"DemandMax":null,"Value":28.092110115264},{"Length":6.312914,"Height":4.4246,"Demand":1.0,"DemandMax":null,"Value":27.9321192844},{"Length":7.05231,"Height":3.950086,"Demand":1.0,"DemandMax":null,"Value":27.857230998660004},{"Length":5.077393,"Height":5.47403,"Demand":1.0,"DemandMax":null,"Value":27.793801603789998},{"Length":6.793996,"Height":4.076131,"Demand":1.0,"DemandMax":null,"Value":27.693217709476002},{"Length":2.688221,"Height":10.18032,"Demand":1.0,"DemandMax":null,"Value":27.36695001072},{"Length":2.799002,"Height":9.76875,"Demand":1.0,"DemandMax":null,"Value":27.342750787500005},{"Length":2.902704,"Height":9.419323,"Demand":1.0,"DemandMax":null,"Value":27.341506549392},{"Length":5.765346,"Height":4.727127,"Demand":1.0,"DemandMax":null,"Value":27.253522740942003},{"Length":4.629571,"Height":5.862835,"Demand":1.0,"DemandMax":null,"Value":27.142410893785},{"Length":7.688973,"Height":3.512548,"Demand":1.0,"DemandMax":null,"Value":27.007886733203996},{"Length":7.417297,"Height":3.630264,"Demand":1.0,"DemandMax":null,"Value":26.926746276407997},{"Length":2.75517,"Height":9.76875,"Demand":1.0,"DemandMax":null,"Value":26.914566937500002},{"Length":4.701095,"Height":5.714893,"Demand":1.0,"DemandMax":null,"Value":26.866254907834996},{"Length":4.211442,"Height":6.373612,"Demand":1.0,"DemandMax":null,"Value":26.842097268504},{"Length":3.530815,"Height":7.588641,"Demand":1.0,"DemandMax":null,"Value":26.794087472415},{"Length":4.701263,"Height":5.693143,"Demand":1.0,"DemandMax":null,"Value":26.764962539609},{"Length":3.879867,"Height":6.861563,"Demand":1.0,"DemandMax":null,"Value":26.621951852121},{"Length":8.918333,"Height":2.980073,"Demand":1.0,"DemandMax":null,"Value":26.577283378309},{"Length":7.417297,"Height":3.581198,"Demand":1.0,"DemandMax":null,"Value":26.562809181806},{"Length":6.694646,"Height":3.950086,"Demand":1.0,"DemandMax":null,"Value":26.444427439556},{"Length":6.223571,"Height":4.244786,"Demand":1.0,"DemandMax":null,"Value":26.417727050806},{"Length":4.940498,"Height":5.308002,"Demand":1.0,"DemandMax":null,"Value":26.224173264996},{"Length":6.888474,"Height":3.785276,"Demand":1.0,"DemandMax":null,"Value":26.074775308824},{"Length":4.211442,"Height":6.166918,"Demand":1.0,"DemandMax":null,"Value":25.971617475756},{"Length":2.549829,"Height":10.18032,"Demand":1.0,"DemandMax":null,"Value":25.95807516528},{"Length":5.931944,"Height":4.350441,"Demand":1.0,"DemandMax":null,"Value":25.806572387303998},{"Length":8.643538,"Height":2.950619,"Demand":1.0,"DemandMax":null,"Value":25.503787450022},{"Length":8.643538,"Height":2.936687,"Demand":1.0,"DemandMax":null,"Value":25.383365678605998}]}