{"Name":"Path2_200","Objects":[{"Length":100.0,"Height":100.0,"Stock":null,"Cost":10000.0}],"Items":[{"Length":66.52529,"Height":13.71445,"Demand":1.0,"DemandMax":null,"Value":912.3577634405},{"Length":52.21654,"Height":10.75256,"Demand":1.0,"DemandMax":null,"Value":561.4614793424},{"Length":9.491518,"Height":41.06546,"Demand":1.0,"DemandMax":null,"Value":389.77355276827996},{"Length":35.05949,"Height":10.41985,"Demand":1.0,"DemandMax":null,"Value":365.3146268765},{"Length":13.60765,"Height":24.24078,"Demand":1.0,"DemandMax":null,"Value":329.860049967},{"Length":14.03266,"Height":18.72429,"Demand":1.0,"DemandMax":null,"Value":262.7515953114},{"Length":45.08923,"Height":5.556185,"Demand":1.0,"DemandMax":null,"Value":250.52410338755},{"Length":29.9662,"Height":7.971724,"Demand":1.0,"DemandMax":null,"Value":238.8822757288},{"Length":23.01153,"Height":10.08496,"Demand":1.0,"DemandMax":null,"Value":232.07035958880002},{"Length":18.47499,"Height":11.9022,"Demand":1.0,"DemandMax":null,"Value":219.893025978},{"Length":15.7252,"Height":13.60251,"Demand":1.0,"DemandMax":null,"Value":213.902190252},{"Length":10.10321,"Height":17.5963,"Demand":1.0,"DemandMax":null,"Value":177.779114123},{"Length":22.25034,"Height":7.971724,"Demand":1.0,"DemandMax":null,"Value":177.37356938616},{"Length":45.08923,"Height":3.708677,"Demand":1.0,"DemandMax":null,"Value":167.22139024870998},{"Length":11.28658,"Height":11.9022,"Demand":1.0,"DemandMax":null,"Value":134.335132476},{"Length":29.96912,"Height":4.260848,"Demand":1.0,"DemandMax":null,"Value":127.69386501376},{"Length":8.709176,"Height":13.57743,"Demand":1.0,"DemandMax":null,"Value":118.24822749767999},{"Length":45.08923,"Height":2.579884,"Demand":1.0,"DemandMax":null,"Value":116.32498304932},{"Length":45.08923,"Height":2.472313,"Demand":1.0,"DemandMax":null,"Value":111.47468948899001},{"Length":35.61364,"Height":3.024567,"Demand":1.0,"DemandMax":null,"Value":107.71584029387998},{"Length":56.57648,"Height":1.84528,"Demand":1.0,"DemandMax":null,"Value":104.3994470144},{"Length":3.366297,"Height":28.76735,"Demand":1.0,"DemandMax":null,"Value":96.83944400295},{"Length":56.57648,"Height":1.64708,"Demand":1.0,"DemandMax":null,"Value":93.1859886784},{"Length":8.270752,"Height":11.08275,"Demand":1.0,"DemandMax":null,"Value":91.662676728000008},{"Length":27.06529,"Height":3.246559,"Demand":1.0,"DemandMax":null,"Value":87.86906083711},{"Length":16.57378,"Height":5.24415,"Demand":1.0,"DemandMax":null,"Value":86.915388387000007},{"Length":6.352502,"Height":13.60251,"Demand":1.0,"DemandMax":null,"Value":86.40997198002},{"Length":43.28394,"Height":1.863314,"Demand":1.0,"DemandMax":null,"Value":80.65157137716},{"Length":1.792596,"Height":44.68848,"Demand":1.0,"DemandMax":null,"Value":80.10839049408},{"Length":10.02974,"Height":7.938417,"Demand":1.0,"DemandMax":null,"Value":79.62025852158},{"Length":78.89758,"Height":1.00057,"Demand":1.0,"DemandMax":null,"Value":78.9425516206},{"Length":29.76156,"Height":2.550159,"Demand":1.0,"DemandMax":null,"Value":75.89671008804},{"Length":13.49162,"Height":5.241195,"Demand":1.0,"DemandMax":null,"Value":70.7122112859},{"Length":8.758362,"Height":7.939517,"Demand":1.0,"DemandMax":null,"Value":69.537163991154},{"Length":9.542833,"Height":7.045364,"Demand":1.0,"DemandMax":null,"Value":67.232732076212},{"Length":60.35429,"Height":1.113488,"Demand":1.0,"DemandMax":null,"Value":67.20377766352},{"Length":1.474368,"Height":44.68848,"Demand":1.0,"DemandMax":null,"Value":65.887264880639989},{"Length":5.402497,"Height":11.70966,"Demand":1.0,"DemandMax":null,"Value":63.26140302102},{"Length":8.715814,"Height":7.174386,"Demand":1.0,"DemandMax":null,"Value":62.530613940204},{"Length":78.89758,"Height":0.7902132,"Demand":1.0,"DemandMax":null,"Value":62.345909164056},{"Length":60.35429,"Height":1.016108,"Demand":1.0,"DemandMax":null,"Value":61.32647690332},{"Length":12.26174,"Height":4.995537,"Demand":1.0,"DemandMax":null,"Value":61.253975854379995},{"Length":16.70074,"Height":3.517557,"Demand":1.0,"DemandMax":null,"Value":58.74580489218},{"Length":2.085375,"Height":26.80199,"Demand":1.0,"DemandMax":null,"Value":55.89219989625},{"Length":15.99602,"Height":3.49236,"Demand":1.0,"DemandMax":null,"Value":55.8638604072},{"Length":16.994,"Height":3.238656,"Demand":1.0,"DemandMax":null,"Value":55.037720064000005},{"Length":12.8476,"Height":4.185468,"Demand":1.0,"DemandMax":null,"Value":53.7732186768},{"Length":8.958455,"Height":5.983424,"Demand":1.0,"DemandMax":null,"Value":53.602234649920007},{"Length":3.580057,"Height":14.52375,"Demand":1.0,"DemandMax":null,"Value":51.99585285375},{"Length":1.557398,"Height":32.84672,"Demand":1.0,"DemandMax":null,"Value":51.15541603456},{"Length":43.28394,"Height":1.161253,"Demand":1.0,"DemandMax":null,"Value":50.263605176820008},{"Length":5.777767,"Height":8.657693,"Demand":1.0,"DemandMax":null,"Value":50.022132911531},{"Length":3.629243,"Height":13.57743,"Demand":1.0,"DemandMax":null,"Value":49.275792785490005},{"Length":8.615105,"Height":5.540264,"Demand":1.0,"DemandMax":null,"Value":47.72995608772},{"Length":12.37229,"Height":3.406932,"Demand":1.0,"DemandMax":null,"Value":42.15155071428},{"Length":4.635452,"Height":8.928402,"Demand":1.0,"DemandMax":null,"Value":41.387178907704},{"Length":12.23114,"Height":3.253398,"Demand":1.0,"DemandMax":null,"Value":39.792766413719995},{"Length":4.1041,"Height":9.450662,"Demand":1.0,"DemandMax":null,"Value":38.7864619142},{"Length":2.085375,"Height":17.88648,"Demand":1.0,"DemandMax":null,"Value":37.30001823},{"Length":6.958076,"Height":5.241195,"Demand":1.0,"DemandMax":null,"Value":36.46863314082},{"Length":8.934359,"Height":4.053853,"Demand":1.0,"DemandMax":null,"Value":36.218578035227004},{"Length":10.10321,"Height":3.432395,"Demand":1.0,"DemandMax":null,"Value":34.678207487950004},{"Length":6.615592,"Height":5.241195,"Demand":1.0,"DemandMax":null,"Value":34.67360771244},{"Length":9.491518,"Height":3.623017,"Demand":1.0,"DemandMax":null,"Value":34.387931069805994},{"Length":5.214631,"Height":5.91514,"Demand":1.0,"DemandMax":null,"Value":30.84527241334},{"Length":11.18026,"Height":2.688753,"Demand":1.0,"DemandMax":null,"Value":30.060957615780005},{"Length":1.589056,"Height":18.72429,"Demand":1.0,"DemandMax":null,"Value":29.75394537024},{"Length":45.08923,"Height":0.641857,"Demand":1.0,"DemandMax":null,"Value":28.94083790011},{"Length":4.635452,"Height":6.194339,"Demand":1.0,"DemandMax":null,"Value":28.713561106228},{"Length":0.8396586,"Height":32.84672,"Demand":1.0,"DemandMax":null,"Value":27.580030929792},{"Length":1.743268,"Height":15.12274,"Demand":1.0,"DemandMax":null,"Value":26.36298871432},{"Length":3.656478,"Height":7.174386,"Demand":1.0,"DemandMax":null,"Value":26.232984572508},{"Length":2.754494,"Height":9.450662,"Demand":1.0,"DemandMax":null,"Value":26.031791775028},{"Length":18.54329,"Height":1.349191,"Demand":1.0,"DemandMax":null,"Value":25.01843997839},{"Length":10.02974,"Height":2.481429,"Demand":1.0,"DemandMax":null,"Value":24.888087698459998},{"Length":32.47592,"Height":0.7357965,"Demand":1.0,"DemandMax":null,"Value":23.89566827028},{"Length":2.106067,"Height":11.08275,"Demand":1.0,"DemandMax":null,"Value":23.341014044250002},{"Length":41.23436,"Height":0.5660064,"Demand":1.0,"DemandMax":null,"Value":23.338911659904003},{"Length":45.08923,"Height":0.516862,"Demand":1.0,"DemandMax":null,"Value":23.304909596260003},{"Length":0.5085835,"Height":44.68848,"Demand":1.0,"DemandMax":null,"Value":22.727823568079998},{"Length":6.310793,"Height":3.517557,"Demand":1.0,"DemandMax":null,"Value":22.198574092701},{"Length":6.325084,"Height":3.49236,"Demand":1.0,"DemandMax":null,"Value":22.089470358240003},{"Length":45.08923,"Height":0.4828078,"Demand":1.0,"DemandMax":null,"Value":21.769431939994},{"Length":5.328215,"Height":4.053853,"Demand":1.0,"DemandMax":null,"Value":21.599800362395},{"Length":7.705894,"Height":2.736757,"Demand":1.0,"DemandMax":null,"Value":21.089159345758},{"Length":41.23436,"Height":0.5106308,"Demand":1.0,"DemandMax":null,"Value":21.055534234288004},{"Length":19.11994,"Height":1.076637,"Demand":1.0,"DemandMax":null,"Value":20.58523484178},{"Length":45.08923,"Height":0.4518361,"Demand":1.0,"DemandMax":null,"Value":20.372941835203},{"Length":12.23114,"Height":1.653081,"Demand":1.0,"DemandMax":null,"Value":20.21906514234},{"Length":8.815178,"Height":2.287181,"Demand":1.0,"DemandMax":null,"Value":20.161907633217997},{"Length":12.37229,"Height":1.601298,"Demand":1.0,"DemandMax":null,"Value":19.81172323242},{"Length":21.15605,"Height":0.9321505,"Demand":1.0,"DemandMax":null,"Value":19.720622585525},{"Length":11.18026,"Height":1.738931,"Demand":1.0,"DemandMax":null,"Value":19.44170070206},{"Length":12.37229,"Height":1.531835,"Demand":1.0,"DemandMax":null,"Value":18.95230685215},{"Length":6.440134,"Height":2.925449,"Demand":1.0,"DemandMax":null,"Value":18.840283570165997},{"Length":1.834111,"Height":10.22346,"Demand":1.0,"DemandMax":null,"Value":18.75096044406},{"Length":8.815178,"Height":2.078528,"Demand":1.0,"DemandMax":null,"Value":18.322594297983997},{"Length":4.841136,"Height":3.77073,"Demand":1.0,"DemandMax":null,"Value":18.254616749279997},{"Length":8.615105,"Height":2.101274,"Demand":1.0,"DemandMax":null,"Value":18.10269614377},{"Length":4.460524,"Height":4.053853,"Demand":1.0,"DemandMax":null,"Value":18.082308598972002},{"Length":1.899768,"Height":9.450662,"Demand":1.0,"DemandMax":null,"Value":17.954065246415997},{"Length":12.4311,"Height":1.427848,"Demand":1.0,"DemandMax":null,"Value":17.749721272800002},{"Length":11.18026,"Height":1.586628,"Demand":1.0,"DemandMax":null,"Value":17.73891356328},{"Length":5.777767,"Height":3.05197,"Demand":1.0,"DemandMax":null,"Value":17.63357155099},{"Length":5.990961,"Height":2.925449,"Demand":1.0,"DemandMax":null,"Value":17.526250866489},{"Length":1.840312,"Height":9.430588,"Demand":1.0,"DemandMax":null,"Value":17.355224263455998},{"Length":29.76156,"Height":0.576123,"Demand":1.0,"DemandMax":null,"Value":17.14631923188},{"Length":2.589419,"Height":6.44057,"Demand":1.0,"DemandMax":null,"Value":16.67733432883},{"Length":10.10321,"Height":1.618396,"Demand":1.0,"DemandMax":null,"Value":16.35099465116},{"Length":10.10321,"Height":1.609247,"Demand":1.0,"DemandMax":null,"Value":16.25856038287},{"Length":12.4311,"Height":1.289181,"Demand":1.0,"DemandMax":null,"Value":16.0259379291},{"Length":6.304934,"Height":2.459062,"Demand":1.0,"DemandMax":null,"Value":15.504223611908},{"Length":29.76156,"Height":0.520747,"Demand":1.0,"DemandMax":null,"Value":15.498243085319999},{"Length":1.848333,"Height":8.362719,"Demand":1.0,"DemandMax":null,"Value":15.457089497427},{"Length":8.155201,"Height":1.878132,"Demand":1.0,"DemandMax":null,"Value":15.316543964531999},{"Length":0.5796223,"Height":26.36641,"Demand":1.0,"DemandMax":null,"Value":15.282559206943},{"Length":4.871503,"Height":3.112605,"Demand":1.0,"DemandMax":null,"Value":15.163064595314998},{"Length":6.231326,"Height":2.40032,"Demand":1.0,"DemandMax":null,"Value":14.957176424319998},{"Length":2.589419,"Height":5.774237,"Demand":1.0,"DemandMax":null,"Value":14.951918998303},{"Length":0.562687,"Height":26.36641,"Demand":1.0,"DemandMax":null,"Value":14.83603614367},{"Length":2.10477,"Height":7.045364,"Demand":1.0,"DemandMax":null,"Value":14.82887078628},{"Length":2.888972,"Height":5.119157,"Demand":1.0,"DemandMax":null,"Value":14.789101236604},{"Length":6.426108,"Height":2.292104,"Demand":1.0,"DemandMax":null,"Value":14.729307851232},{"Length":12.23114,"Height":1.202306,"Demand":1.0,"DemandMax":null,"Value":14.705573008840002},{"Length":26.24634,"Height":0.5554978,"Demand":1.0,"DemandMax":null,"Value":14.579784128052001},{"Length":1.848333,"Height":7.828358,"Demand":1.0,"DemandMax":null,"Value":14.469412427214},{"Length":12.30161,"Height":1.15874,"Demand":1.0,"DemandMax":null,"Value":14.254367571400001},{"Length":4.871503,"Height":2.870818,"Demand":1.0,"DemandMax":null,"Value":13.985198499453999},{"Length":12.30161,"Height":1.131204,"Demand":1.0,"DemandMax":null,"Value":13.915630438440001},{"Length":29.96912,"Height":0.4626485,"Demand":1.0,"DemandMax":null,"Value":13.865168414320001},{"Length":24.58479,"Height":0.5625474,"Demand":1.0,"DemandMax":null,"Value":13.830109694046001},{"Length":1.960042,"Height":7.045364,"Demand":1.0,"DemandMax":null,"Value":13.809209345288},{"Length":10.2263,"Height":1.334234,"Demand":1.0,"DemandMax":null,"Value":13.6442771542},{"Length":1.761714,"Height":7.641538,"Demand":1.0,"DemandMax":null,"Value":13.462204476132},{"Length":1.561281,"Height":8.487754,"Demand":1.0,"DemandMax":null,"Value":13.251769052874},{"Length":2.487099,"Height":5.24415,"Demand":1.0,"DemandMax":null,"Value":13.042720220850002},{"Length":0.6825023,"Height":18.72429,"Demand":1.0,"DemandMax":null,"Value":12.779370990867},{"Length":23.1566,"Height":0.5494449,"Demand":1.0,"DemandMax":null,"Value":12.72327577134},{"Length":0.7553082,"Height":16.70474,"Demand":1.0,"DemandMax":null,"Value":12.617227100868},{"Length":0.535349,"Height":23.40252,"Demand":1.0,"DemandMax":null,"Value":12.528515679479998},{"Length":3.314065,"Height":3.77073,"Demand":1.0,"DemandMax":null,"Value":12.496444317449999},{"Length":4.525245,"Height":2.736757,"Demand":1.0,"DemandMax":null,"Value":12.384495930464999},{"Length":12.26174,"Height":0.9878868,"Demand":1.0,"DemandMax":null,"Value":12.113211091032},{"Length":2.22963,"Height":5.429909,"Demand":1.0,"DemandMax":null,"Value":12.10668800367},{"Length":21.93263,"Height":0.5494449,"Demand":1.0,"DemandMax":null,"Value":12.050771697087},{"Length":0.366868,"Height":32.84672,"Demand":1.0,"DemandMax":null,"Value":12.05041047296},{"Length":6.304934,"Height":1.906646,"Demand":1.0,"DemandMax":null,"Value":12.021277191364002},{"Length":6.371675,"Height":1.879111,"Demand":1.0,"DemandMax":null,"Value":11.973084580924999},{"Length":1.834111,"Height":6.481282,"Demand":1.0,"DemandMax":null,"Value":11.887390610302},{"Length":2.258179,"Height":5.24415,"Demand":1.0,"DemandMax":null,"Value":11.842229402850002},{"Length":4.912358,"Height":2.40032,"Demand":1.0,"DemandMax":null,"Value":11.79123115456},{"Length":9.345236,"Height":1.258605,"Demand":1.0,"DemandMax":null,"Value":11.761960755779999},{"Length":4.896481,"Height":2.40032,"Demand":1.0,"DemandMax":null,"Value":11.753121273919998},{"Length":0.9315405,"Height":12.57627,"Demand":1.0,"DemandMax":null,"Value":11.715304843935},{"Length":5.214631,"Height":2.244344,"Demand":1.0,"DemandMax":null,"Value":11.703425797063998},{"Length":6.168992,"Height":1.895524,"Demand":1.0,"DemandMax":null,"Value":11.693472391808001},{"Length":4.871494,"Height":2.40032,"Demand":1.0,"DemandMax":null,"Value":11.693144478079999},{"Length":6.132617,"Height":1.895524,"Demand":1.0,"DemandMax":null,"Value":11.624522706308},{"Length":12.46443,"Height":0.9321505,"Demand":1.0,"DemandMax":null,"Value":11.618724656715},{"Length":9.198053,"Height":1.258605,"Demand":1.0,"DemandMax":null,"Value":11.576715496064999},{"Length":20.50444,"Height":0.5625474,"Demand":1.0,"DemandMax":null,"Value":11.534719410456},{"Length":0.9167929,"Height":12.57627,"Demand":1.0,"DemandMax":null,"Value":11.529835044482999},{"Length":2.707852,"Height":4.253015,"Demand":1.0,"DemandMax":null,"Value":11.516535173780001},{"Length":10.10321,"Height":1.128896,"Demand":1.0,"DemandMax":null,"Value":11.40547335616},{"Length":0.535349,"Height":21.28596,"Demand":1.0,"DemandMax":null,"Value":11.39541740004},{"Length":1.34255,"Height":8.487754,"Demand":1.0,"DemandMax":null,"Value":11.3952341327},{"Length":6.426108,"Height":1.761749,"Demand":1.0,"DemandMax":null,"Value":11.321189342892},{"Length":13.60765,"Height":0.8264943,"Demand":1.0,"DemandMax":null,"Value":11.246645161395},{"Length":5.966744,"Height":1.879111,"Demand":1.0,"DemandMax":null,"Value":11.212174284584},{"Length":1.185571,"Height":9.38314,"Demand":1.0,"DemandMax":null,"Value":11.124378672939999},{"Length":8.316988,"Height":1.334234,"Demand":1.0,"DemandMax":null,"Value":11.096808167192},{"Length":0.7316022,"Height":15.12274,"Demand":1.0,"DemandMax":null,"Value":11.063829854028},{"Length":1.839395,"Height":5.983424,"Demand":1.0,"DemandMax":null,"Value":11.005880188479999},{"Length":2.22963,"Height":4.927717,"Demand":1.0,"DemandMax":null,"Value":10.986985654709999},{"Length":1.830465,"Height":5.983424,"Demand":1.0,"DemandMax":null,"Value":10.95244821216},{"Length":16.994,"Height":0.6345639,"Demand":1.0,"DemandMax":null,"Value":10.7837789166},{"Length":2.888972,"Height":3.726385,"Demand":1.0,"DemandMax":null,"Value":10.76542192622},{"Length":2.506778,"Height":4.253015,"Demand":1.0,"DemandMax":null,"Value":10.661364435670002},{"Length":2.22963,"Height":4.765116,"Demand":1.0,"DemandMax":null,"Value":10.624445587079999},{"Length":27.87838,"Height":0.3807148,"Demand":1.0,"DemandMax":null,"Value":10.613711866024001},{"Length":1.840312,"Height":5.692153,"Demand":1.0,"DemandMax":null,"Value":10.475337471736},{"Length":18.8429,"Height":0.5554978,"Demand":1.0,"DemandMax":null,"Value":10.467189495620001},{"Length":12.4311,"Height":0.8378335,"Demand":1.0,"DemandMax":null,"Value":10.41519202185},{"Length":3.830143,"Height":2.689651,"Demand":1.0,"DemandMax":null,"Value":10.301747950093},{"Length":3.580057,"Height":2.866425,"Demand":1.0,"DemandMax":null,"Value":10.261964886225},{"Length":4.237546,"Height":2.40032,"Demand":1.0,"DemandMax":null,"Value":10.17146641472},{"Length":2.589419,"Height":3.927173,"Demand":1.0,"DemandMax":null,"Value":10.169096382487},{"Length":1.185571,"Height":8.55915,"Demand":1.0,"DemandMax":null,"Value":10.147480024650001},{"Length":16.994,"Height":0.5948014,"Demand":1.0,"DemandMax":null,"Value":10.108054991600001},{"Length":8.516685,"Height":1.180842,"Demand":1.0,"DemandMax":null,"Value":10.05685934877},{"Length":8.477319,"Height":1.180842,"Demand":1.0,"DemandMax":null,"Value":10.010374322597999},{"Length":13.60765,"Height":0.7340837,"Demand":1.0,"DemandMax":null,"Value":9.989154060305},{"Length":1.185571,"Height":8.424116,"Demand":1.0,"DemandMax":null,"Value":9.9873876302359985},{"Length":10.70193,"Height":0.9321505,"Demand":1.0,"DemandMax":null,"Value":9.9758094004650015},{"Length":10.10321,"Height":0.9811676,"Demand":1.0,"DemandMax":null,"Value":9.9129423079960013},{"Length":27.87838,"Height":0.3550817,"Demand":1.0,"DemandMax":null,"Value":9.899102563646},{"Length":10.58835,"Height":0.9321505,"Demand":1.0,"DemandMax":null,"Value":9.869935746675},{"Length":3.830143,"Height":2.5545,"Demand":1.0,"DemandMax":null,"Value":9.7841002935},{"Length":2.611926,"Height":3.508625,"Demand":1.0,"DemandMax":null,"Value":9.16426886175},{"Length":2.602705,"Height":3.508625,"Demand":1.0,"DemandMax":null,"Value":9.131915830625}]}