{"Name":"Path5_200","Objects":[{"Length":100.0,"Height":100.0,"Stock":null,"Cost":10000.0}],"Items":[{"Length":37.83616,"Height":28.95722,"Demand":1.0,"DemandMax":null,"Value":1095.6300090752},{"Length":40.7563,"Height":22.06182,"Demand":1.0,"DemandMax":null,"Value":899.15815446600016},{"Length":36.14544,"Height":15.21821,"Demand":1.0,"DemandMax":null,"Value":550.0688964624},{"Length":40.7563,"Height":13.19495,"Demand":1.0,"DemandMax":null,"Value":537.777340685},{"Length":20.31791,"Height":15.08764,"Demand":1.0,"DemandMax":null,"Value":306.5493116324},{"Length":20.31791,"Height":10.67347,"Demand":1.0,"DemandMax":null,"Value":216.8626028477},{"Length":35.95818,"Height":5.89608,"Demand":1.0,"DemandMax":null,"Value":212.01230593440002},{"Length":24.8475,"Height":8.467539,"Demand":1.0,"DemandMax":null,"Value":210.39717530250002},{"Length":24.8475,"Height":8.193483,"Demand":1.0,"DemandMax":null,"Value":203.58756884250002},{"Length":13.55779,"Height":13.38325,"Demand":1.0,"DemandMax":null,"Value":181.44729301750002},{"Length":14.13104,"Height":12.28034,"Demand":1.0,"DemandMax":null,"Value":173.5339757536},{"Length":6.379112,"Height":24.44463,"Demand":1.0,"DemandMax":null,"Value":155.93503256856},{"Length":15.88328,"Height":8.277051,"Demand":1.0,"DemandMax":null,"Value":131.46671860728},{"Length":8.709843,"Height":15.06858,"Demand":1.0,"DemandMax":null,"Value":131.24496603294},{"Length":4.904686,"Height":26.74351,"Demand":1.0,"DemandMax":null,"Value":131.16851908786},{"Length":46.32716,"Height":2.092305,"Demand":1.0,"DemandMax":null,"Value":96.9305485038},{"Length":3.049864,"Height":26.74351,"Demand":1.0,"DemandMax":null,"Value":81.56406838264},{"Length":9.851103,"Height":8.243272,"Demand":1.0,"DemandMax":null,"Value":81.20532152901599},{"Length":43.21991,"Height":1.774121,"Demand":1.0,"DemandMax":null,"Value":76.67734994911},{"Length":31.91146,"Height":2.310235,"Demand":1.0,"DemandMax":null,"Value":73.7229717931},{"Length":35.95818,"Height":2.032616,"Demand":1.0,"DemandMax":null,"Value":73.089171998879991},{"Length":4.671444,"Height":15.21821,"Demand":1.0,"DemandMax":null,"Value":71.09101579524},{"Length":12.17462,"Height":5.770643,"Demand":1.0,"DemandMax":null,"Value":70.25538568066},{"Length":17.5142,"Height":3.95098,"Demand":1.0,"DemandMax":null,"Value":69.198253916},{"Length":24.8475,"Height":2.666468,"Demand":1.0,"DemandMax":null,"Value":66.25506363},{"Length":17.5142,"Height":3.7762,"Demand":1.0,"DemandMax":null,"Value":66.13712204},{"Length":46.32716,"Height":1.396785,"Demand":1.0,"DemandMax":null,"Value":64.709082180599992},{"Length":7.259889,"Height":7.928696,"Demand":1.0,"DemandMax":null,"Value":57.561452874744006},{"Length":3.688592,"Height":15.55282,"Demand":1.0,"DemandMax":null,"Value":57.36800742944},{"Length":3.75958,"Height":15.21821,"Demand":1.0,"DemandMax":null,"Value":57.2140779518},{"Length":2.693353,"Height":19.69011,"Demand":1.0,"DemandMax":null,"Value":53.03241683883},{"Length":12.40238,"Height":4.210825,"Demand":1.0,"DemandMax":null,"Value":52.2242517635},{"Length":24.8475,"Height":1.864409,"Demand":1.0,"DemandMax":null,"Value":46.3259026275},{"Length":7.52471,"Height":6.077891,"Demand":1.0,"DemandMax":null,"Value":45.73436718661},{"Length":4.345795,"Height":10.48231,"Demand":1.0,"DemandMax":null,"Value":45.55397038645},{"Length":46.32716,"Height":0.9660808,"Demand":1.0,"DemandMax":null,"Value":44.755779794527996},{"Length":46.32716,"Height":0.954701,"Demand":1.0,"DemandMax":null,"Value":44.22858597916},{"Length":5.365067,"Height":8.243272,"Demand":1.0,"DemandMax":null,"Value":44.225706579223996},{"Length":1.645181,"Height":26.67584,"Demand":1.0,"DemandMax":null,"Value":43.88658512704},{"Length":12.97178,"Height":3.215084,"Demand":1.0,"DemandMax":null,"Value":41.70536232952},{"Length":33.36101,"Height":1.241949,"Demand":1.0,"DemandMax":null,"Value":41.43267300849},{"Length":2.153721,"Height":19.22934,"Demand":1.0,"DemandMax":null,"Value":41.41463337414},{"Length":8.576292,"Height":4.822709,"Demand":1.0,"DemandMax":null,"Value":41.360960615028},{"Length":2.224866,"Height":18.16195,"Demand":1.0,"DemandMax":null,"Value":40.4079050487},{"Length":1.249,"Height":30.89159,"Demand":1.0,"DemandMax":null,"Value":38.583595910000007},{"Length":4.345795,"Height":8.747027,"Demand":1.0,"DemandMax":null,"Value":38.012786201465},{"Length":12.40238,"Height":2.983357,"Demand":1.0,"DemandMax":null,"Value":37.00072718966},{"Length":6.152134,"Height":5.850259,"Demand":1.0,"DemandMax":null,"Value":35.991577302706006},{"Length":9.762676,"Height":3.600889,"Demand":1.0,"DemandMax":null,"Value":35.154312618964006},{"Length":3.383564,"Height":10.23324,"Demand":1.0,"DemandMax":null,"Value":34.62482246736},{"Length":2.074015,"Height":15.91994,"Demand":1.0,"DemandMax":null,"Value":33.0181943591},{"Length":44.6804,"Height":0.7281086,"Demand":1.0,"DemandMax":null,"Value":32.53218349144},{"Length":5.339576,"Height":5.770643,"Demand":1.0,"DemandMax":null,"Value":30.812786867368},{"Length":5.141824,"Height":5.846095,"Demand":1.0,"DemandMax":null,"Value":30.05959157728},{"Length":5.025475,"Height":5.846095,"Demand":1.0,"DemandMax":null,"Value":29.379404270125},{"Length":0.6381209,"Height":45.29759,"Demand":1.0,"DemandMax":null,"Value":28.905338898630998},{"Length":9.610497,"Height":2.960677,"Demand":1.0,"DemandMax":null,"Value":28.453577426469},{"Length":10.11315,"Height":2.799363,"Demand":1.0,"DemandMax":null,"Value":28.310377923449998},{"Length":8.35272,"Height":3.363979,"Demand":1.0,"DemandMax":null,"Value":28.09837467288},{"Length":46.32716,"Height":0.5894722,"Demand":1.0,"DemandMax":null,"Value":27.308572924952},{"Length":25.65959,"Height":1.063616,"Demand":1.0,"DemandMax":null,"Value":27.29195047744},{"Length":21.95858,"Height":1.241949,"Demand":1.0,"DemandMax":null,"Value":27.27143647242},{"Length":25.28098,"Height":1.068426,"Demand":1.0,"DemandMax":null,"Value":27.010856337480003},{"Length":5.431206,"Height":4.888763,"Demand":1.0,"DemandMax":null,"Value":26.551878938178003},{"Length":20.45386,"Height":1.269695,"Demand":1.0,"DemandMax":null,"Value":25.970163772699998},{"Length":0.5726815,"Height":45.29759,"Demand":1.0,"DemandMax":null,"Value":25.941091787585},{"Length":11.90798,"Height":2.154036,"Demand":1.0,"DemandMax":null,"Value":25.650217607280002},{"Length":0.9568829,"Height":26.74351,"Demand":1.0,"DemandMax":null,"Value":25.590407404979},{"Length":24.8475,"Height":1.027655,"Demand":1.0,"DemandMax":null,"Value":25.5346576125},{"Length":12.97178,"Height":1.927427,"Demand":1.0,"DemandMax":null,"Value":25.00215901006},{"Length":2.999616,"Height":8.30752,"Demand":1.0,"DemandMax":null,"Value":24.91936991232},{"Length":3.109098,"Height":7.928696,"Demand":1.0,"DemandMax":null,"Value":24.651092876208},{"Length":46.32716,"Height":0.530822,"Demand":1.0,"DemandMax":null,"Value":24.59147572552},{"Length":21.63589,"Height":1.124904,"Demand":1.0,"DemandMax":null,"Value":24.33829920456},{"Length":1.522708,"Height":15.91994,"Demand":1.0,"DemandMax":null,"Value":24.24141999752},{"Length":7.52471,"Height":3.198675,"Demand":1.0,"DemandMax":null,"Value":24.06910175925},{"Length":5.806207,"Height":4.110293,"Demand":1.0,"DemandMax":null,"Value":23.865211988651},{"Length":0.8681157,"Height":27.36699,"Demand":1.0,"DemandMax":null,"Value":23.757713680743002},{"Length":9.762676,"Height":2.433431,"Demand":1.0,"DemandMax":null,"Value":23.756798421356002},{"Length":2.552366,"Height":9.276566,"Demand":1.0,"DemandMax":null,"Value":23.677191655156005},{"Length":26.59155,"Height":0.8849524,"Demand":1.0,"DemandMax":null,"Value":23.53225599222},{"Length":0.6658836,"Height":35.25677,"Demand":1.0,"DemandMax":null,"Value":23.476904931972},{"Length":12.44861,"Height":1.869385,"Demand":1.0,"DemandMax":null,"Value":23.271244804850003},{"Length":3.383564,"Height":6.860831,"Demand":1.0,"DemandMax":null,"Value":23.214060781683997},{"Length":42.24345,"Height":0.5478594,"Demand":1.0,"DemandMax":null,"Value":23.143471170930002},{"Length":10.11315,"Height":2.283684,"Demand":1.0,"DemandMax":null,"Value":23.095238844599997},{"Length":24.20592,"Height":0.954008,"Demand":1.0,"DemandMax":null,"Value":23.09264132736},{"Length":6.863451,"Height":3.363979,"Demand":1.0,"DemandMax":null,"Value":23.088505031529003},{"Length":3.918864,"Height":5.869236,"Demand":1.0,"DemandMax":null,"Value":23.000737667904},{"Length":44.6804,"Height":0.5138401,"Demand":1.0,"DemandMax":null,"Value":22.95858120404},{"Length":6.819651,"Height":3.359758,"Demand":1.0,"DemandMax":null,"Value":22.912377004458},{"Length":12.97178,"Height":1.753744,"Demand":1.0,"DemandMax":null,"Value":22.74918134432},{"Length":12.56849,"Height":1.774121,"Demand":1.0,"DemandMax":null,"Value":22.29802204729},{"Length":27.30635,"Height":0.8156592,"Demand":1.0,"DemandMax":null,"Value":22.27267559592},{"Length":26.83479,"Height":0.8261939,"Demand":1.0,"DemandMax":null,"Value":22.170739805781004},{"Length":19.41098,"Height":1.124904,"Demand":1.0,"DemandMax":null,"Value":21.835489045919996},{"Length":42.24345,"Height":0.5157563,"Demand":1.0,"DemandMax":null,"Value":21.787325471235},{"Length":24.39747,"Height":0.8859011,"Demand":1.0,"DemandMax":null,"Value":21.613745510216997},{"Length":1.752245,"Height":12.28034,"Demand":1.0,"DemandMax":null,"Value":21.518164363300002},{"Length":12.97178,"Height":1.638219,"Demand":1.0,"DemandMax":null,"Value":21.25061645982},{"Length":3.112457,"Height":6.816726,"Demand":1.0,"DemandMax":null,"Value":21.216766555782},{"Length":37.25157,"Height":0.5680897,"Demand":1.0,"DemandMax":null,"Value":21.162233225829002},{"Length":1.702062,"Height":12.41261,"Demand":1.0,"DemandMax":null,"Value":21.12703180182},{"Length":0.5987247,"Height":35.25677,"Demand":1.0,"DemandMax":null,"Value":21.109099041219},{"Length":2.999616,"Height":6.761065,"Demand":1.0,"DemandMax":null,"Value":20.280598751040003},{"Length":8.772519,"Height":2.310235,"Demand":1.0,"DemandMax":null,"Value":20.266580431965004},{"Length":3.506711,"Height":5.779092,"Demand":1.0,"DemandMax":null,"Value":20.265605486412003},{"Length":19.9874,"Height":1.007569,"Demand":1.0,"DemandMax":null,"Value":20.1386846306},{"Length":1.233856,"Height":16.2481,"Demand":1.0,"DemandMax":null,"Value":20.047815673600002},{"Length":20.31791,"Height":0.9824074,"Demand":1.0,"DemandMax":null,"Value":19.960465136534},{"Length":12.97178,"Height":1.535204,"Demand":1.0,"DemandMax":null,"Value":19.91432854312},{"Length":2.331967,"Height":8.502222,"Demand":1.0,"DemandMax":null,"Value":19.826901130674},{"Length":3.390491,"Height":5.846095,"Demand":1.0,"DemandMax":null,"Value":19.821132482644998},{"Length":4.075676,"Height":4.822709,"Demand":1.0,"DemandMax":null,"Value":19.655799326283997},{"Length":21.92969,"Height":0.8859011,"Demand":1.0,"DemandMax":null,"Value":19.427536493659},{"Length":10.11315,"Height":1.913272,"Demand":1.0,"DemandMax":null,"Value":19.3492067268},{"Length":3.918864,"Height":4.92677,"Demand":1.0,"DemandMax":null,"Value":19.307341589280004},{"Length":32.03007,"Height":0.5996901,"Demand":1.0,"DemandMax":null,"Value":19.208115881307002},{"Length":4.062295,"Height":4.719743,"Demand":1.0,"DemandMax":null,"Value":19.172988390185},{"Length":0.5418764,"Height":35.25677,"Demand":1.0,"DemandMax":null,"Value":19.104811603228004},{"Length":2.224866,"Height":8.581569,"Demand":1.0,"DemandMax":null,"Value":19.092841094754},{"Length":2.693353,"Height":7.0534,"Demand":1.0,"DemandMax":null,"Value":18.9972960502},{"Length":1.169099,"Height":16.2481,"Demand":1.0,"DemandMax":null,"Value":18.995637461900003},{"Length":2.242849,"Height":8.433578,"Demand":1.0,"DemandMax":null,"Value":18.915241983722},{"Length":11.95096,"Height":1.575658,"Demand":1.0,"DemandMax":null,"Value":18.83062573168},{"Length":15.88328,"Height":1.183566,"Demand":1.0,"DemandMax":null,"Value":18.798910176479996},{"Length":10.0086,"Height":1.869385,"Demand":1.0,"DemandMax":null,"Value":18.709926711},{"Length":3.818632,"Height":4.888763,"Demand":1.0,"DemandMax":null,"Value":18.668386832216},{"Length":6.272786,"Height":2.960677,"Demand":1.0,"DemandMax":null,"Value":18.571693236121998},{"Length":4.80406,"Height":3.843912,"Demand":1.0,"DemandMax":null,"Value":18.46638388272},{"Length":3.749489,"Height":4.914386,"Demand":1.0,"DemandMax":null,"Value":18.426436248754},{"Length":26.59155,"Height":0.6907059,"Demand":1.0,"DemandMax":null,"Value":18.366940475145},{"Length":14.3306,"Height":1.269695,"Demand":1.0,"DemandMax":null,"Value":18.195491167},{"Length":6.637825,"Height":2.734728,"Demand":1.0,"DemandMax":null,"Value":18.152645886600002},{"Length":4.70857,"Height":3.843912,"Demand":1.0,"DemandMax":null,"Value":18.09932872584},{"Length":16.0821,"Height":1.124904,"Demand":1.0,"DemandMax":null,"Value":18.0908186184},{"Length":18.93062,"Height":0.9549589,"Demand":1.0,"DemandMax":null,"Value":18.077964051518002},{"Length":3.689679,"Height":4.888763,"Demand":1.0,"DemandMax":null,"Value":18.037966177077},{"Length":1.249,"Height":14.406,"Demand":1.0,"DemandMax":null,"Value":17.993094000000003},{"Length":25.28098,"Height":0.7056957,"Demand":1.0,"DemandMax":null,"Value":17.840678877786},{"Length":16.67613,"Height":1.063616,"Demand":1.0,"DemandMax":null,"Value":17.73699868608},{"Length":3.506711,"Height":5.048872,"Demand":1.0,"DemandMax":null,"Value":17.704934979992},{"Length":1.410394,"Height":12.41261,"Demand":1.0,"DemandMax":null,"Value":17.50667066834},{"Length":4.062295,"Height":4.287129,"Demand":1.0,"DemandMax":null,"Value":17.415582701055},{"Length":0.652845,"Height":26.67584,"Demand":1.0,"DemandMax":null,"Value":17.4151887648},{"Length":17.26417,"Height":1.007569,"Demand":1.0,"DemandMax":null,"Value":17.39484250273},{"Length":15.45956,"Height":1.124904,"Demand":1.0,"DemandMax":null,"Value":17.390520882239997},{"Length":9.762676,"Height":1.766558,"Demand":1.0,"DemandMax":null,"Value":17.246333389208},{"Length":5.643189,"Height":3.051948,"Demand":1.0,"DemandMax":null,"Value":17.222719382172},{"Length":9.167918,"Height":1.869385,"Demand":1.0,"DemandMax":null,"Value":17.138368390430003},{"Length":6.819651,"Height":2.490501,"Demand":1.0,"DemandMax":null,"Value":16.984347635151},{"Length":9.019044,"Height":1.869385,"Demand":1.0,"DemandMax":null,"Value":16.860065567939998},{"Length":0.4764868,"Height":35.25677,"Demand":1.0,"DemandMax":null,"Value":16.799385515636},{"Length":4.932786,"Height":3.397316,"Demand":1.0,"DemandMax":null,"Value":16.758232802376},{"Length":15.88328,"Height":1.044582,"Demand":1.0,"DemandMax":null,"Value":16.59138838896},{"Length":15.42083,"Height":1.063616,"Demand":1.0,"DemandMax":null,"Value":16.401841521279998},{"Length":27.32576,"Height":0.5996901,"Demand":1.0,"DemandMax":null,"Value":16.386987746976},{"Length":1.677736,"Height":9.758025,"Demand":1.0,"DemandMax":null,"Value":16.3713898314},{"Length":12.40238,"Height":1.30804,"Demand":1.0,"DemandMax":null,"Value":16.222809135200002},{"Length":19.49238,"Height":0.8261939,"Demand":1.0,"DemandMax":null,"Value":16.104485452482002},{"Length":3.967698,"Height":4.058452,"Demand":1.0,"DemandMax":null,"Value":16.102711883496},{"Length":12.67016,"Height":1.269695,"Demand":1.0,"DemandMax":null,"Value":16.087238801199998},{"Length":24.8475,"Height":0.6405813,"Demand":1.0,"DemandMax":null,"Value":15.91684385175},{"Length":1.677736,"Height":9.471316,"Demand":1.0,"DemandMax":null,"Value":15.890367820576},{"Length":13.96271,"Height":1.124904,"Demand":1.0,"DemandMax":null,"Value":15.706708329839998},{"Length":0.8708872,"Height":18.02465,"Demand":1.0,"DemandMax":null,"Value":15.69743696948},{"Length":3.231314,"Height":4.822709,"Demand":1.0,"DemandMax":null,"Value":15.583687109625998},{"Length":0.8681157,"Height":17.9306,"Demand":1.0,"DemandMax":null,"Value":15.565835370419999},{"Length":4.579844,"Height":3.397316,"Demand":1.0,"DemandMax":null,"Value":15.559177298703999},{"Length":3.00828,"Height":5.166272,"Demand":1.0,"DemandMax":null,"Value":15.541592732160002},{"Length":19.02081,"Height":0.8156592,"Demand":1.0,"DemandMax":null,"Value":15.514498667952001},{"Length":18.93062,"Height":0.8191624,"Demand":1.0,"DemandMax":null,"Value":15.507252112688},{"Length":3.749489,"Height":4.092486,"Demand":1.0,"DemandMax":null,"Value":15.344731239654001},{"Length":1.700847,"Height":9.006872,"Demand":1.0,"DemandMax":null,"Value":15.319311220584},{"Length":24.8475,"Height":0.6131374,"Demand":1.0,"DemandMax":null,"Value":15.234931546500002},{"Length":10.11315,"Height":1.505903,"Demand":1.0,"DemandMax":null,"Value":15.229422924449999},{"Length":13.44876,"Height":1.124904,"Demand":1.0,"DemandMax":null,"Value":15.12856391904},{"Length":11.90121,"Height":1.269695,"Demand":1.0,"DemandMax":null,"Value":15.11090683095},{"Length":20.37238,"Height":0.7417125,"Demand":1.0,"DemandMax":null,"Value":15.110448900749999},{"Length":20.3116,"Height":0.7417125,"Demand":1.0,"DemandMax":null,"Value":15.065367615},{"Length":0.9456877,"Height":15.91994,"Demand":1.0,"DemandMax":null,"Value":15.055291442738001},{"Length":24.20592,"Height":0.6216503,"Demand":1.0,"DemandMax":null,"Value":15.047617429775999},{"Length":0.8708872,"Height":17.23212,"Demand":1.0,"DemandMax":null,"Value":15.007232736863998},{"Length":3.967698,"Height":3.756071,"Demand":1.0,"DemandMax":null,"Value":14.902955394558},{"Length":3.506711,"Height":4.240621,"Demand":1.0,"DemandMax":null,"Value":14.870632307531},{"Length":37.83616,"Height":0.3928661,"Demand":1.0,"DemandMax":null,"Value":14.864544618176},{"Length":4.883008,"Height":3.011261,"Demand":1.0,"DemandMax":null,"Value":14.704011553088002},{"Length":4.879668,"Height":3.011261,"Demand":1.0,"DemandMax":null,"Value":14.693953941348},{"Length":3.688592,"Height":3.948374,"Demand":1.0,"DemandMax":null,"Value":14.563940749408},{"Length":1.724849,"Height":8.433578,"Demand":1.0,"DemandMax":null,"Value":14.546648579722001},{"Length":2.797927,"Height":5.166272,"Demand":1.0,"DemandMax":null,"Value":14.454851918144001},{"Length":5.270156,"Height":2.734728,"Demand":1.0,"DemandMax":null,"Value":14.412443177568},{"Length":0.9120825,"Height":15.21821,"Demand":1.0,"DemandMax":null,"Value":13.880263022325},{"Length":0.5909459,"Height":23.45387,"Demand":1.0,"DemandMax":null,"Value":13.859968315633},{"Length":3.688592,"Height":3.670597,"Demand":1.0,"DemandMax":null,"Value":13.539334729423999},{"Length":3.688592,"Height":3.571724,"Demand":1.0,"DemandMax":null,"Value":13.174632572608},{"Length":0.5909459,"Height":21.84372,"Demand":1.0,"DemandMax":null,"Value":12.908456774748002},{"Length":0.8386124,"Height":15.21821,"Demand":1.0,"DemandMax":null,"Value":12.762179611804},{"Length":3.383564,"Height":3.698455,"Demand":1.0,"DemandMax":null,"Value":12.51395919362},{"Length":3.383564,"Height":3.652105,"Demand":1.0,"DemandMax":null,"Value":12.35713100222}]}