{"Name":"Nice44_200","Objects":[{"Length":100.0,"Height":100.0,"Stock":null,"Cost":10000.0}],"Items":[{"Length":12.53303,"Height":12.45848,"Demand":1.0,"DemandMax":null,"Value":156.1425035944},{"Length":14.76596,"Height":9.782548,"Demand":1.0,"DemandMax":null,"Value":144.44871246608},{"Length":6.445343,"Height":21.81048,"Demand":1.0,"DemandMax":null,"Value":140.57602459464},{"Length":15.27542,"Height":9.191262,"Demand":1.0,"DemandMax":null,"Value":140.40038738004},{"Length":7.45632,"Height":18.5895,"Demand":1.0,"DemandMax":null,"Value":138.60926064},{"Length":11.49617,"Height":11.79202,"Demand":1.0,"DemandMax":null,"Value":135.5630665634},{"Length":5.937297,"Height":21.81048,"Demand":1.0,"DemandMax":null,"Value":129.49529747256},{"Length":19.18132,"Height":6.643826,"Demand":1.0,"DemandMax":null,"Value":127.43735253032},{"Length":15.45502,"Height":7.807685,"Demand":1.0,"DemandMax":null,"Value":120.6679278287},{"Length":5.992544,"Height":19.8956,"Demand":1.0,"DemandMax":null,"Value":119.2252584064},{"Length":19.18132,"Height":5.148193,"Demand":1.0,"DemandMax":null,"Value":98.74913735476},{"Length":13.38632,"Height":6.394393,"Demand":1.0,"DemandMax":null,"Value":85.59739090376},{"Length":14.659,"Height":5.600941,"Demand":1.0,"DemandMax":null,"Value":82.104194119},{"Length":8.24773,"Height":9.782548,"Demand":1.0,"DemandMax":null,"Value":80.68381461604001},{"Length":4.422886,"Height":17.69147,"Demand":1.0,"DemandMax":null,"Value":78.247354982419992},{"Length":5.995519,"Height":12.94832,"Demand":1.0,"DemandMax":null,"Value":77.63189857808},{"Length":11.35204,"Height":6.714842,"Demand":1.0,"DemandMax":null,"Value":76.22715497768},{"Length":7.735721,"Height":9.61627,"Demand":1.0,"DemandMax":null,"Value":74.38878178067},{"Length":5.901819,"Height":12.45848,"Demand":1.0,"DemandMax":null,"Value":73.52769397512},{"Length":4.864708,"Height":15.10331,"Demand":1.0,"DemandMax":null,"Value":73.47319298348},{"Length":10.21809,"Height":7.137138,"Demand":1.0,"DemandMax":null,"Value":72.92791842642},{"Length":9.630048,"Height":7.55373,"Demand":1.0,"DemandMax":null,"Value":72.74278247904},{"Length":9.068458,"Height":8.017263,"Demand":1.0,"DemandMax":null,"Value":72.704212790454},{"Length":9.663544,"Height":7.36791,"Demand":1.0,"DemandMax":null,"Value":71.20012247304},{"Length":7.709107,"Height":9.159669,"Demand":1.0,"DemandMax":null,"Value":70.612868405583},{"Length":10.00592,"Height":6.831822,"Demand":1.0,"DemandMax":null,"Value":68.35866438624},{"Length":5.78031,"Height":11.56314,"Demand":1.0,"DemandMax":null,"Value":66.8385337734},{"Length":6.551558,"Height":10.01543,"Demand":1.0,"DemandMax":null,"Value":65.61667053994},{"Length":13.14791,"Height":4.803387,"Demand":1.0,"DemandMax":null,"Value":63.15449997117},{"Length":9.938316,"Height":6.311179,"Demand":1.0,"DemandMax":null,"Value":62.722491234564},{"Length":10.17113,"Height":6.099991,"Demand":1.0,"DemandMax":null,"Value":62.04380145983},{"Length":8.389097,"Height":7.36791,"Demand":1.0,"DemandMax":null,"Value":61.81011167727},{"Length":4.955328,"Height":12.36572,"Demand":1.0,"DemandMax":null,"Value":61.27619855616},{"Length":6.664567,"Height":9.159669,"Demand":1.0,"DemandMax":null,"Value":61.045227748322993},{"Length":7.929122,"Height":7.64652,"Demand":1.0,"DemandMax":null,"Value":60.630189955439995},{"Length":9.525652,"Height":6.322496,"Demand":1.0,"DemandMax":null,"Value":60.225896667391993},{"Length":3.983427,"Height":15.10331,"Demand":1.0,"DemandMax":null,"Value":60.16293284337},{"Length":5.922872,"Height":10.12271,"Demand":1.0,"DemandMax":null,"Value":59.95551562312},{"Length":9.473129,"Height":6.311179,"Demand":1.0,"DemandMax":null,"Value":59.786612809091004},{"Length":6.484172,"Height":9.159669,"Demand":1.0,"DemandMax":null,"Value":59.392869259067993},{"Length":5.502831,"Height":10.76364,"Demand":1.0,"DemandMax":null,"Value":59.23049186484},{"Length":4.503433,"Height":13.13341,"Demand":1.0,"DemandMax":null,"Value":59.14543199653},{"Length":6.774712,"Height":8.581421,"Demand":1.0,"DemandMax":null,"Value":58.136655825752008},{"Length":6.317391,"Height":9.191262,"Demand":1.0,"DemandMax":null,"Value":58.064795837442},{"Length":9.526964,"Height":6.007945,"Demand":1.0,"DemandMax":null,"Value":57.23747572898},{"Length":3.86962,"Height":14.78357,"Demand":1.0,"DemandMax":null,"Value":57.206798143399993},{"Length":6.390096,"Height":8.876347,"Demand":1.0,"DemandMax":null,"Value":56.720709459312005},{"Length":6.161197,"Height":9.191262,"Demand":1.0,"DemandMax":null,"Value":56.629175860614},{"Length":3.788728,"Height":14.78357,"Demand":1.0,"DemandMax":null,"Value":56.010925598959993},{"Length":4.241632,"Height":13.04065,"Demand":1.0,"DemandMax":null,"Value":55.3136383408},{"Length":6.355734,"Height":8.613363,"Demand":1.0,"DemandMax":null,"Value":54.744244073442},{"Length":10.32885,"Height":5.285167,"Demand":1.0,"DemandMax":null,"Value":54.58969716795},{"Length":8.907092,"Height":6.099991,"Demand":1.0,"DemandMax":null,"Value":54.333181036172007},{"Length":6.900829,"Height":7.842412,"Demand":1.0,"DemandMax":null,"Value":54.119144159548},{"Length":4.651385,"Height":11.56314,"Demand":1.0,"DemandMax":null,"Value":53.784615948900004},{"Length":5.827024,"Height":9.159669,"Demand":1.0,"DemandMax":null,"Value":53.373611095055992},{"Length":4.55526,"Height":11.56314,"Demand":1.0,"DemandMax":null,"Value":52.6731091164},{"Length":7.317953,"Height":7.128468,"Demand":1.0,"DemandMax":null,"Value":52.165793786004},{"Length":9.281466,"Height":5.583866,"Demand":1.0,"DemandMax":null,"Value":51.826462427556},{"Length":8.18736,"Height":6.316883,"Demand":1.0,"DemandMax":null,"Value":51.718595198879996},{"Length":7.45632,"Height":6.909629,"Demand":1.0,"DemandMax":null,"Value":51.520404905279996},{"Length":6.937314,"Height":7.424833,"Demand":1.0,"DemandMax":null,"Value":51.508397918562},{"Length":5.585654,"Height":9.212193,"Demand":1.0,"DemandMax":null,"Value":51.456122679221991},{"Length":6.355734,"Height":7.928457,"Demand":1.0,"DemandMax":null,"Value":50.391163722438},{"Length":5.67614,"Height":8.69923,"Demand":1.0,"DemandMax":null,"Value":49.3780473722},{"Length":8.818321,"Height":5.563725,"Demand":1.0,"DemandMax":null,"Value":49.062713005724994},{"Length":6.247082,"Height":7.842412,"Demand":1.0,"DemandMax":null,"Value":48.992190841784},{"Length":7.853053,"Height":6.228294,"Demand":1.0,"DemandMax":null,"Value":48.911122881582},{"Length":4.213028,"Height":11.56314,"Demand":1.0,"DemandMax":null,"Value":48.715832587920005},{"Length":13.38632,"Height":3.607006,"Demand":1.0,"DemandMax":null,"Value":48.28453655792},{"Length":6.313028,"Height":7.64652,"Demand":1.0,"DemandMax":null,"Value":48.27269486256},{"Length":7.898947,"Height":6.06839,"Demand":1.0,"DemandMax":null,"Value":47.933890985329995},{"Length":7.628416,"Height":6.265891,"Demand":1.0,"DemandMax":null,"Value":47.798823158656},{"Length":7.763134,"Height":6.084745,"Demand":1.0,"DemandMax":null,"Value":47.236690790829996},{"Length":7.554421,"Height":6.228294,"Demand":1.0,"DemandMax":null,"Value":47.051154987774},{"Length":9.873129,"Height":4.754883,"Demand":1.0,"DemandMax":null,"Value":46.945573238907009},{"Length":5.361265,"Height":8.581421,"Demand":1.0,"DemandMax":null,"Value":46.007272057565004},{"Length":5.29319,"Height":8.675074,"Demand":1.0,"DemandMax":null,"Value":45.91881494606},{"Length":5.489563,"Height":8.266779,"Demand":1.0,"DemandMax":null,"Value":45.381004127577},{"Length":7.620469,"Height":5.921128,"Demand":1.0,"DemandMax":null,"Value":45.121772369032},{"Length":9.526964,"Height":4.689353,"Demand":1.0,"DemandMax":null,"Value":44.675297214291994},{"Length":4.627291,"Height":9.633457,"Demand":1.0,"DemandMax":null,"Value":44.576808874986995},{"Length":7.48853,"Height":5.938852,"Demand":1.0,"DemandMax":null,"Value":44.473271367559995},{"Length":9.053247,"Height":4.910476,"Demand":1.0,"DemandMax":null,"Value":44.455752115572004},{"Length":5.174795,"Height":8.581421,"Demand":1.0,"DemandMax":null,"Value":44.407094483695},{"Length":5.585654,"Height":7.935317,"Demand":1.0,"DemandMax":null,"Value":44.323935142318},{"Length":7.001372,"Height":6.316883,"Demand":1.0,"DemandMax":null,"Value":44.226847763475995},{"Length":8.999393,"Height":4.910476,"Demand":1.0,"DemandMax":null,"Value":44.191303341068},{"Length":4.224173,"Height":10.45948,"Demand":1.0,"DemandMax":null,"Value":44.18265301004},{"Length":6.932221,"Height":6.316883,"Demand":1.0,"DemandMax":null,"Value":43.790028987143},{"Length":3.343496,"Height":13.04065,"Demand":1.0,"DemandMax":null,"Value":43.6013611124},{"Length":4.165541,"Height":10.45948,"Demand":1.0,"DemandMax":null,"Value":43.56939277868},{"Length":5.022249,"Height":8.665947,"Demand":1.0,"DemandMax":null,"Value":43.522543654803},{"Length":9.873129,"Height":4.404786,"Demand":1.0,"DemandMax":null,"Value":43.489020395394},{"Length":6.929558,"Height":6.265891,"Demand":1.0,"DemandMax":null,"Value":43.419855106178},{"Length":7.620469,"Height":5.697246,"Demand":1.0,"DemandMax":null,"Value":43.415686528373996},{"Length":7.317953,"Height":5.912181,"Demand":1.0,"DemandMax":null,"Value":43.265062685493007},{"Length":7.456446,"Height":5.784954,"Demand":1.0,"DemandMax":null,"Value":43.135197113484},{"Length":7.888113,"Height":5.442276,"Demand":1.0,"DemandMax":null,"Value":42.929288065188},{"Length":7.439115,"Height":5.765287,"Demand":1.0,"DemandMax":null,"Value":42.888633001005},{"Length":5.995519,"Height":7.144623,"Demand":1.0,"DemandMax":null,"Value":42.835722944337},{"Length":6.551558,"Height":6.52639,"Demand":1.0,"DemandMax":null,"Value":42.75802261562},{"Length":3.267647,"Height":13.04065,"Demand":1.0,"DemandMax":null,"Value":42.61224085055},{"Length":5.305572,"Height":8.017263,"Demand":1.0,"DemandMax":null,"Value":42.536166089435994},{"Length":4.621713,"Height":9.156807,"Demand":1.0,"DemandMax":null,"Value":42.320133950391},{"Length":7.48853,"Height":5.624283,"Demand":1.0,"DemandMax":null,"Value":42.11761197399},{"Length":5.502831,"Height":7.604972,"Demand":1.0,"DemandMax":null,"Value":41.848875675731996},{"Length":4.819386,"Height":8.672393,"Demand":1.0,"DemandMax":null,"Value":41.795609410698},{"Length":5.357885,"Height":7.797353,"Demand":1.0,"DemandMax":null,"Value":41.777320678405},{"Length":5.288923,"Height":7.849916,"Demand":1.0,"DemandMax":null,"Value":41.517601280468},{"Length":7.735721,"Height":5.348323,"Demand":1.0,"DemandMax":null,"Value":41.373134545883},{"Length":4.083046,"Height":10.12271,"Demand":1.0,"DemandMax":null,"Value":41.33149057466},{"Length":4.810181,"Height":8.581421,"Demand":1.0,"DemandMax":null,"Value":41.278188247201},{"Length":6.509944,"Height":6.301157,"Demand":1.0,"DemandMax":null,"Value":41.020179205208},{"Length":7.898947,"Height":5.190688,"Demand":1.0,"DemandMax":null,"Value":41.000969405536},{"Length":3.541594,"Height":11.56314,"Demand":1.0,"DemandMax":null,"Value":40.95194724516},{"Length":4.712729,"Height":8.675074,"Demand":1.0,"DemandMax":null,"Value":40.883272816946004},{"Length":4.910721,"Height":8.317842,"Demand":1.0,"DemandMax":null,"Value":40.846601384082},{"Length":3.788943,"Height":10.77653,"Demand":1.0,"DemandMax":null,"Value":40.831657907789996},{"Length":7.723787,"Height":5.285167,"Demand":1.0,"DemandMax":null,"Value":40.821504167429005},{"Length":3.525639,"Height":11.56314,"Demand":1.0,"DemandMax":null,"Value":40.76745734646},{"Length":8.803989,"Height":4.616428,"Demand":1.0,"DemandMax":null,"Value":40.642981331292},{"Length":5.157561,"Height":7.869428,"Demand":1.0,"DemandMax":null,"Value":40.587054945108},{"Length":4.286463,"Height":9.450696,"Demand":1.0,"DemandMax":null,"Value":40.510058728248005},{"Length":5.037416,"Height":8.017263,"Demand":1.0,"DemandMax":null,"Value":40.386288912408},{"Length":4.377035,"Height":9.209707,"Demand":1.0,"DemandMax":null,"Value":40.311209878745004},{"Length":8.803989,"Height":4.574834,"Demand":1.0,"DemandMax":null,"Value":40.276788212826},{"Length":4.643425,"Height":8.672393,"Demand":1.0,"DemandMax":null,"Value":40.269606466024996},{"Length":9.192015,"Height":4.374702,"Demand":1.0,"DemandMax":null,"Value":40.212326404529996},{"Length":4.715256,"Height":8.466019,"Demand":1.0,"DemandMax":null,"Value":39.919446885864},{"Length":3.447797,"Height":11.56615,"Demand":1.0,"DemandMax":null,"Value":39.877737271550004},{"Length":7.735721,"Height":5.128346,"Demand":1.0,"DemandMax":null,"Value":39.671453847466},{"Length":3.428583,"Height":11.56615,"Demand":1.0,"DemandMax":null,"Value":39.65550526545},{"Length":5.169295,"Height":7.64652,"Demand":1.0,"DemandMax":null,"Value":39.5271176034},{"Length":9.281466,"Height":4.254982,"Demand":1.0,"DemandMax":null,"Value":39.492470763612},{"Length":7.898947,"Height":4.993882,"Demand":1.0,"DemandMax":null,"Value":39.446409242254},{"Length":4.425249,"Height":8.89981,"Demand":1.0,"DemandMax":null,"Value":39.38387530269},{"Length":3.650172,"Height":10.77653,"Demand":1.0,"DemandMax":null,"Value":39.336188063159994},{"Length":6.937314,"Height":5.615816,"Demand":1.0,"DemandMax":null,"Value":38.958678958224},{"Length":4.425249,"Height":8.791661,"Demand":1.0,"DemandMax":null,"Value":38.905289048589},{"Length":10.76891,"Height":3.607924,"Demand":1.0,"DemandMax":null,"Value":38.853408842840004},{"Length":5.31371,"Height":7.289028,"Demand":1.0,"DemandMax":null,"Value":38.731780973880007},{"Length":7.893229,"Height":4.874465,"Demand":1.0,"DemandMax":null,"Value":38.475268497485},{"Length":4.822064,"Height":7.93558,"Demand":1.0,"DemandMax":null,"Value":38.26587463712},{"Length":10.00592,"Height":3.781715,"Demand":1.0,"DemandMax":null,"Value":37.8395377528},{"Length":3.255116,"Height":11.56314,"Demand":1.0,"DemandMax":null,"Value":37.63936202424},{"Length":9.526964,"Height":3.938181,"Demand":1.0,"DemandMax":null,"Value":37.518908612484},{"Length":5.92937,"Height":6.322496,"Demand":1.0,"DemandMax":null,"Value":37.48841810752},{"Length":5.886888,"Height":6.358494,"Demand":1.0,"DemandMax":null,"Value":37.431742026672},{"Length":6.911623,"Height":5.36541,"Demand":1.0,"DemandMax":null,"Value":37.08369116043},{"Length":5.808388,"Height":6.358494,"Demand":1.0,"DemandMax":null,"Value":36.932600247672},{"Length":4.673766,"Height":7.849916,"Demand":1.0,"DemandMax":null,"Value":36.688670503656},{"Length":6.589152,"Height":5.563725,"Demand":1.0,"DemandMax":null,"Value":36.6602297112},{"Length":3.141698,"Height":11.56314,"Demand":1.0,"DemandMax":null,"Value":36.32789381172},{"Length":3.762423,"Height":9.633457,"Demand":1.0,"DemandMax":null,"Value":36.245140186311},{"Length":4.169765,"Height":8.665947,"Demand":1.0,"DemandMax":null,"Value":36.134962492454996},{"Length":4.604803,"Height":7.797353,"Demand":1.0,"DemandMax":null,"Value":35.905274486459007},{"Length":5.489563,"Height":6.516792,"Demand":1.0,"DemandMax":null,"Value":35.774340241896},{"Length":4.904376,"Height":7.289028,"Demand":1.0,"DemandMax":null,"Value":35.748133986528},{"Length":9.526964,"Height":3.715451,"Demand":1.0,"DemandMax":null,"Value":35.396967920764},{"Length":7.620469,"Height":4.634587,"Demand":1.0,"DemandMax":null,"Value":35.317726561303},{"Length":3.735646,"Height":9.450696,"Demand":1.0,"DemandMax":null,"Value":35.304454709616},{"Length":8.839285,"Height":3.993271,"Demand":1.0,"DemandMax":null,"Value":35.297660451235004},{"Length":3.2019,"Height":11.01926,"Demand":1.0,"DemandMax":null,"Value":35.282568594},{"Length":3.188196,"Height":11.01926,"Demand":1.0,"DemandMax":null,"Value":35.13156065496},{"Length":9.281466,"Height":3.759055,"Demand":1.0,"DemandMax":null,"Value":34.88954117463},{"Length":3.016826,"Height":11.56314,"Demand":1.0,"DemandMax":null,"Value":34.88398139364},{"Length":4.391292,"Height":7.93558,"Demand":1.0,"DemandMax":null,"Value":34.84744896936},{"Length":8.839285,"Height":3.942309,"Demand":1.0,"DemandMax":null,"Value":34.847192809065},{"Length":4.377035,"Height":7.937803,"Demand":1.0,"DemandMax":null,"Value":34.744041554105},{"Length":7.563676,"Height":4.576231,"Demand":1.0,"DemandMax":null,"Value":34.613128585156},{"Length":7.098357,"Height":4.874465,"Demand":1.0,"DemandMax":null,"Value":34.600692754004996},{"Length":3.953908,"Height":8.69923,"Demand":1.0,"DemandMax":null,"Value":34.395955090840005},{"Length":5.929879,"Height":5.784954,"Demand":1.0,"DemandMax":null,"Value":34.304077240565995},{"Length":6.509944,"Height":5.264996,"Demand":1.0,"DemandMax":null,"Value":34.274829120224},{"Length":4.621713,"Height":7.385013,"Demand":1.0,"DemandMax":null,"Value":34.131410587268995},{"Length":7.427909,"Height":4.576231,"Demand":1.0,"DemandMax":null,"Value":33.991827430979},{"Length":4.305251,"Height":7.869428,"Demand":1.0,"DemandMax":null,"Value":33.879862766428005},{"Length":10.00592,"Height":3.383463,"Demand":1.0,"DemandMax":null,"Value":33.85466010096},{"Length":2.915579,"Height":11.56314,"Demand":1.0,"DemandMax":null,"Value":33.713248158060004},{"Length":6.236288,"Height":5.36541,"Demand":1.0,"DemandMax":null,"Value":33.46024199808},{"Length":10.76891,"Height":3.106918,"Demand":1.0,"DemandMax":null,"Value":33.45812031938},{"Length":3.956424,"Height":8.269163,"Demand":1.0,"DemandMax":null,"Value":32.716314953112004},{"Length":4.550127,"Height":7.047123,"Demand":1.0,"DemandMax":null,"Value":32.065304634621},{"Length":4.458827,"Height":7.11237,"Demand":1.0,"DemandMax":null,"Value":31.712827389990004},{"Length":7.763134,"Height":4.037199,"Demand":1.0,"DemandMax":null,"Value":31.341316821666002},{"Length":5.498212,"Height":5.442276,"Demand":1.0,"DemandMax":null,"Value":29.922787210511995},{"Length":8.455721,"Height":3.20267,"Demand":1.0,"DemandMax":null,"Value":27.08088397507},{"Length":4.752447,"Height":5.600941,"Demand":1.0,"DemandMax":null,"Value":26.618175252626997},{"Length":8.455721,"Height":3.063221,"Demand":1.0,"DemandMax":null,"Value":25.901742137341},{"Length":9.281466,"Height":2.655057,"Demand":1.0,"DemandMax":null,"Value":24.642821273562},{"Length":4.550127,"Height":5.411362,"Demand":1.0,"DemandMax":null,"Value":24.622384342973998},{"Length":7.382943,"Height":3.310299,"Demand":1.0,"DemandMax":null,"Value":24.439748829957},{"Length":4.910721,"Height":4.815571,"Demand":1.0,"DemandMax":null,"Value":23.647925636691},{"Length":4.715256,"Height":4.985664,"Demand":1.0,"DemandMax":null,"Value":23.508682089984},{"Length":4.458827,"Height":5.253351,"Demand":1.0,"DemandMax":null,"Value":23.423783279277004},{"Length":3.956424,"Height":5.861018,"Demand":1.0,"DemandMax":null,"Value":23.188672279631998},{"Length":4.715256,"Height":4.916931,"Demand":1.0,"DemandMax":null,"Value":23.184588399336},{"Length":7.763134,"Height":2.918705,"Demand":1.0,"DemandMax":null,"Value":22.65829802147},{"Length":7.382943,"Height":3.048195,"Demand":1.0,"DemandMax":null,"Value":22.504649937885002}]}