{"Name":"Nice10_25","Objects":[{"Length":100.0,"Height":100.0,"Stock":null,"Cost":10000.0}],"Items":[{"Length":50.41206,"Height":27.53038,"Demand":1.0,"DemandMax":null,"Value":1387.8631683828},{"Length":32.56815,"Height":17.64658,"Demand":1.0,"DemandMax":null,"Value":574.716464427},{"Length":32.56815,"Height":16.93013,"Demand":1.0,"DemandMax":null,"Value":551.3830133595},{"Length":27.37793,"Height":19.03843,"Demand":1.0,"DemandMax":null,"Value":521.2328038499},{"Length":29.11617,"Height":15.6081,"Demand":1.0,"DemandMax":null,"Value":454.448092977},{"Length":22.70117,"Height":18.25348,"Demand":1.0,"DemandMax":null,"Value":414.3753525716},{"Length":21.76618,"Height":18.85449,"Demand":1.0,"DemandMax":null,"Value":410.39022314819994},{"Length":10.7697,"Height":37.89291,"Demand":1.0,"DemandMax":null,"Value":408.09527282700003},{"Length":23.63651,"Height":16.84116,"Demand":1.0,"DemandMax":null,"Value":398.0662467516},{"Length":22.70117,"Height":16.32323,"Demand":1.0,"DemandMax":null,"Value":370.5564191791},{"Length":20.47163,"Height":17.73555,"Demand":1.0,"DemandMax":null,"Value":363.0756174465},{"Length":21.09417,"Height":16.84116,"Demand":1.0,"DemandMax":null,"Value":355.25029203719993},{"Length":29.11617,"Height":11.92228,"Demand":1.0,"DemandMax":null,"Value":347.13113126760004},{"Length":35.3416,"Height":9.540689,"Demand":1.0,"DemandMax":null,"Value":337.1832143624},{"Length":35.3416,"Height":9.313798,"Demand":1.0,"DemandMax":null,"Value":329.1645233968},{"Length":16.29634,"Height":19.92434,"Demand":1.0,"DemandMax":null,"Value":324.69381891560005},{"Length":16.31951,"Height":19.03843,"Demand":1.0,"DemandMax":null,"Value":310.69784876930004},{"Length":20.47178,"Height":14.88813,"Demand":1.0,"DemandMax":null,"Value":304.78652197139996},{"Length":15.82619,"Height":18.85449,"Demand":1.0,"DemandMax":null,"Value":298.3947410931},{"Length":29.23652,"Height":10.04759,"Demand":1.0,"DemandMax":null,"Value":293.75656598679996},{"Length":16.29634,"Height":17.96857,"Demand":1.0,"DemandMax":null,"Value":292.8219260338},{"Length":29.23652,"Height":8.990838,"Demand":1.0,"DemandMax":null,"Value":262.86081500375997},{"Length":20.47178,"Height":12.64225,"Demand":1.0,"DemandMax":null,"Value":258.809360705},{"Length":24.25905,"Height":9.149059,"Demand":1.0,"DemandMax":null,"Value":221.94747973394996},{"Length":24.25905,"Height":8.586489,"Demand":1.0,"DemandMax":null,"Value":208.30006597545}]}