{"Name":"Nice1_25","Objects":[{"Length":100.0,"Height":100.0,"Stock":null,"Cost":10000.0}],"Items":[{"Length":28.48085,"Height":31.94849,"Demand":1.0,"DemandMax":null,"Value":909.9201514165},{"Length":46.53127,"Height":17.06567,"Demand":1.0,"DemandMax":null,"Value":794.0872985009},{"Length":31.32587,"Height":21.41732,"Demand":1.0,"DemandMax":null,"Value":670.9161820684},{"Length":29.71539,"Height":19.61116,"Demand":1.0,"DemandMax":null,"Value":582.7532677524},{"Length":19.24619,"Height":29.41763,"Demand":1.0,"DemandMax":null,"Value":566.1772963297},{"Length":31.32587,"Height":17.67189,"Demand":1.0,"DemandMax":null,"Value":553.5873287943},{"Length":46.53127,"Height":11.89663,"Demand":1.0,"DemandMax":null,"Value":553.56530262009994},{"Length":25.32328,"Height":19.61116,"Demand":1.0,"DemandMax":null,"Value":496.61889580480005},{"Length":20.65838,"Height":19.47804,"Demand":1.0,"DemandMax":null,"Value":402.3847519752},{"Length":22.59542,"Height":16.75077,"Demand":1.0,"DemandMax":null,"Value":378.4906834734},{"Length":34.38029,"Height":10.48017,"Demand":1.0,"DemandMax":null,"Value":360.3112838493},{"Length":35.94995,"Height":9.02011,"Demand":1.0,"DemandMax":null,"Value":324.27250349450003},{"Length":34.38029,"Height":8.997871,"Demand":1.0,"DemandMax":null,"Value":309.34941436259004},{"Length":13.63546,"Height":22.14952,"Demand":1.0,"DemandMax":null,"Value":302.0188939792},{"Length":12.69867,"Height":22.92838,"Demand":1.0,"DemandMax":null,"Value":291.1599312546},{"Length":19.24619,"Height":14.7424,"Demand":1.0,"DemandMax":null,"Value":283.735031456},{"Length":12.10353,"Height":22.92838,"Demand":1.0,"DemandMax":null,"Value":277.5143351814},{"Length":16.32301,"Height":16.25649,"Demand":1.0,"DemandMax":null,"Value":265.3548488349},{"Length":8.950342,"Height":28.96231,"Demand":1.0,"DemandMax":null,"Value":259.22257961002},{"Length":8.949194,"Height":28.96231,"Demand":1.0,"DemandMax":null,"Value":259.18933087813997},{"Length":11.14775,"Height":22.92838,"Demand":1.0,"DemandMax":null,"Value":255.599848145},{"Length":16.32301,"Height":14.64505,"Demand":1.0,"DemandMax":null,"Value":239.0512976005},{"Length":13.63546,"Height":16.93969,"Demand":1.0,"DemandMax":null,"Value":230.98046540739998},{"Length":12.97378,"Height":16.75077,"Demand":1.0,"DemandMax":null,"Value":217.32080481059998},{"Length":16.32301,"Height":13.25848,"Demand":1.0,"DemandMax":null,"Value":216.4183016248}]}