{"Name":"Path47_25","Objects":[{"Length":100.0,"Height":100.0,"Stock":null,"Cost":10000.0}],"Items":[{"Length":81.20293,"Height":31.34055,"Demand":1.0,"DemandMax":null,"Value":2544.9444878115},{"Length":95.82983,"Height":14.45503,"Demand":1.0,"DemandMax":null,"Value":1385.2230675449},{"Length":70.6515,"Height":15.97614,"Demand":1.0,"DemandMax":null,"Value":1128.7382552099998},{"Length":52.59809,"Height":16.77371,"Demand":1.0,"DemandMax":null,"Value":882.2651082139},{"Length":24.75172,"Height":32.96185,"Demand":1.0,"DemandMax":null,"Value":815.86248188199988},{"Length":25.17834,"Height":15.97614,"Demand":1.0,"DemandMax":null,"Value":402.25268480759996},{"Length":9.933835,"Height":32.42802,"Demand":1.0,"DemandMax":null,"Value":322.1346000567},{"Length":22.10921,"Height":12.33204,"Demand":1.0,"DemandMax":null,"Value":272.6516620884},{"Length":19.85357,"Height":12.33204,"Demand":1.0,"DemandMax":null,"Value":244.8350193828},{"Length":9.304922,"Height":25.27323,"Demand":1.0,"DemandMax":null,"Value":235.16543383806},{"Length":3.487955,"Height":67.03815,"Demand":1.0,"DemandMax":null,"Value":233.82605048325},{"Length":60.25454,"Height":3.856103,"Demand":1.0,"DemandMax":null,"Value":232.34771245762},{"Length":18.29176,"Height":12.33204,"Demand":1.0,"DemandMax":null,"Value":225.5747159904},{"Length":43.91471,"Height":4.178963,"Demand":1.0,"DemandMax":null,"Value":183.51794824573003},{"Length":5.688818,"Height":25.27323,"Demand":1.0,"DemandMax":null,"Value":143.77480574214002},{"Length":31.5189,"Height":4.178963,"Demand":1.0,"DemandMax":null,"Value":131.7163169007},{"Length":7.656442,"Height":16.77371,"Demand":1.0,"DemandMax":null,"Value":128.42693773982},{"Length":3.007483,"Height":32.42802,"Demand":1.0,"DemandMax":null,"Value":97.526718873659988},{"Length":81.20293,"Height":1.087468,"Demand":1.0,"DemandMax":null,"Value":88.30558788124},{"Length":9.144957,"Height":7.688624,"Demand":1.0,"DemandMax":null,"Value":70.312135869168},{"Length":1.685577,"Height":32.42802,"Demand":1.0,"DemandMax":null,"Value":54.65992466754},{"Length":20.39622,"Height":2.37103,"Demand":1.0,"DemandMax":null,"Value":48.360049506600006},{"Length":0.682211,"Height":67.03815,"Demand":1.0,"DemandMax":null,"Value":45.734163349650004},{"Length":5.848783,"Height":7.688624,"Demand":1.0,"DemandMax":null,"Value":44.969093344592},{"Length":20.39622,"Height":1.807933,"Demand":1.0,"DemandMax":null,"Value":36.87499921326}]}