{"Name":"Path3_25","Objects":[{"Length":100.0,"Height":100.0,"Stock":null,"Cost":10000.0}],"Items":[{"Length":92.17966,"Height":47.52743,"Demand":1.0,"DemandMax":null,"Value":4381.0623380738},{"Length":92.17966,"Height":18.67385,"Demand":1.0,"DemandMax":null,"Value":1721.349143891},{"Length":100.0,"Height":10.25215,"Demand":1.0,"DemandMax":null,"Value":1025.2150000000002},{"Length":92.17966,"Height":10.27522,"Demand":1.0,"DemandMax":null,"Value":947.1662860252},{"Length":4.993147,"Height":47.82687,"Demand":1.0,"DemandMax":null,"Value":238.80659245988997},{"Length":62.26232,"Height":2.01646,"Demand":1.0,"DemandMax":null,"Value":125.5494777872},{"Length":2.827196,"Height":43.26161,"Demand":1.0,"DemandMax":null,"Value":122.30905074555999},{"Length":32.57882,"Height":3.147152,"Demand":1.0,"DemandMax":null,"Value":102.53049852064001},{"Length":35.49519,"Height":2.832188,"Demand":1.0,"DemandMax":null,"Value":100.52905117572},{"Length":14.41463,"Height":6.916731,"Demand":1.0,"DemandMax":null,"Value":99.702118174530014},{"Length":2.827196,"Height":34.72562,"Demand":1.0,"DemandMax":null,"Value":98.17613396152},{"Length":37.73768,"Height":2.438603,"Demand":1.0,"DemandMax":null,"Value":92.02721966104},{"Length":37.73768,"Height":2.405286,"Demand":1.0,"DemandMax":null,"Value":90.769913376479991},{"Length":4.993147,"Height":16.9415,"Demand":1.0,"DemandMax":null,"Value":84.5913999005},{"Length":53.58346,"Height":1.510728,"Demand":1.0,"DemandMax":null,"Value":80.95003335888},{"Length":11.6763,"Height":6.916731,"Demand":1.0,"DemandMax":null,"Value":80.7618261753},{"Length":11.64675,"Height":6.916731,"Demand":1.0,"DemandMax":null,"Value":80.557436774250007},{"Length":62.26232,"Height":1.281122,"Demand":1.0,"DemandMax":null,"Value":79.765627923040014},{"Length":62.26232,"Height":1.277867,"Demand":1.0,"DemandMax":null,"Value":79.56296407144},{"Length":26.76713,"Height":2.832188,"Demand":1.0,"DemandMax":null,"Value":75.80954438044},{"Length":62.26232,"Height":1.205831,"Demand":1.0,"DemandMax":null,"Value":75.07783558792},{"Length":4.993147,"Height":13.21885,"Demand":1.0,"DemandMax":null,"Value":66.00366122095},{"Length":38.5962,"Height":1.510728,"Demand":1.0,"DemandMax":null,"Value":58.30836003360001},{"Length":15.38052,"Height":3.147152,"Demand":1.0,"DemandMax":null,"Value":48.40483427904},{"Length":14.30298,"Height":3.147152,"Demand":1.0,"DemandMax":null,"Value":45.01365211296}]}