{"Name":"Path18_25","Objects":[{"Length":100.0,"Height":100.0,"Stock":null,"Cost":10000.0}],"Items":[{"Length":93.18155,"Height":33.22494,"Demand":1.0,"DemandMax":null,"Value":3095.9514078569996},{"Length":43.2562,"Height":43.19785,"Demand":1.0,"DemandMax":null,"Value":1868.5748391700001},{"Length":93.18155,"Height":15.72547,"Demand":1.0,"DemandMax":null,"Value":1465.3236690785},{"Length":32.23613,"Height":43.19785,"Demand":1.0,"DemandMax":null,"Value":1392.5315083205003},{"Length":13.58938,"Height":23.73337,"Demand":1.0,"DemandMax":null,"Value":322.52178361060004},{"Length":67.65897,"Height":4.742466,"Demand":1.0,"DemandMax":null,"Value":320.87036482002003},{"Length":9.669264,"Height":19.46448,"Demand":1.0,"DemandMax":null,"Value":188.20719574272},{"Length":3.92331,"Height":43.19785,"Demand":1.0,"DemandMax":null,"Value":169.4785568835},{"Length":67.65897,"Height":1.823282,"Demand":1.0,"DemandMax":null,"Value":123.36138213954},{"Length":6.818451,"Height":15.25578,"Demand":1.0,"DemandMax":null,"Value":104.02078839677999},{"Length":4.939088,"Height":20.83884,"Demand":1.0,"DemandMax":null,"Value":102.92486457792},{"Length":6.818451,"Height":14.144,"Demand":1.0,"DemandMax":null,"Value":96.440170944},{"Length":2.055898,"Height":43.19785,"Demand":1.0,"DemandMax":null,"Value":88.8103734193},{"Length":13.35884,"Height":6.565748,"Demand":1.0,"DemandMax":null,"Value":87.710777012320008},{"Length":3.920115,"Height":19.46448,"Demand":1.0,"DemandMax":null,"Value":76.3030000152},{"Length":9.528829,"Height":6.565748,"Demand":1.0,"DemandMax":null,"Value":62.563889949092},{"Length":9.453364,"Height":6.565748,"Demand":1.0,"DemandMax":null,"Value":62.068405776272},{"Length":4.939088,"Height":12.39539,"Demand":1.0,"DemandMax":null,"Value":61.22192200432},{"Length":6.818451,"Height":8.504133,"Demand":1.0,"DemandMax":null,"Value":57.985014157982995},{"Length":43.75961,"Height":1.285998,"Demand":1.0,"DemandMax":null,"Value":56.27477094078},{"Length":4.939088,"Height":9.963611,"Demand":1.0,"DemandMax":null,"Value":49.211151526768},{"Length":6.818451,"Height":6.171885,"Demand":1.0,"DemandMax":null,"Value":42.082695450134992},{"Length":56.24039,"Height":0.7000459,"Demand":1.0,"DemandMax":null,"Value":39.370854433901},{"Length":6.818451,"Height":4.874602,"Demand":1.0,"DemandMax":null,"Value":33.237234881502},{"Length":56.24039,"Height":0.5859517,"Demand":1.0,"DemandMax":null,"Value":32.954152129163}]}