{"Name":"Nice47_100","Objects":[{"Length":100.0,"Height":100.0,"Stock":null,"Cost":10000.0}],"Items":[{"Length":28.63313,"Height":11.3869,"Demand":1.0,"DemandMax":null,"Value":326.04258799700006},{"Length":18.57478,"Height":16.15217,"Demand":1.0,"DemandMax":null,"Value":300.0230042726},{"Length":26.43169,"Height":10.26768,"Demand":1.0,"DemandMax":null,"Value":271.39213477920003},{"Length":23.55311,"Height":10.36406,"Demand":1.0,"DemandMax":null,"Value":244.1058452266},{"Length":10.10987,"Height":23.97703,"Demand":1.0,"DemandMax":null,"Value":242.40465628610002},{"Length":16.73143,"Height":12.38726,"Demand":1.0,"DemandMax":null,"Value":207.25657358179998},{"Length":9.900418,"Height":20.86196,"Demand":1.0,"DemandMax":null,"Value":206.54212429928},{"Length":9.605405,"Height":20.86196,"Demand":1.0,"DemandMax":null,"Value":200.38757489379998},{"Length":13.73006,"Height":14.46436,"Demand":1.0,"DemandMax":null,"Value":198.59653066159999},{"Length":9.261575,"Height":20.93118,"Demand":1.0,"DemandMax":null,"Value":193.85569340850003},{"Length":16.91962,"Height":10.36406,"Demand":1.0,"DemandMax":null,"Value":175.3559568572},{"Length":9.473356,"Height":17.14858,"Demand":1.0,"DemandMax":null,"Value":162.45460323448},{"Length":13.67162,"Height":11.8122,"Demand":1.0,"DemandMax":null,"Value":161.491909764},{"Length":11.95171,"Height":12.71725,"Demand":1.0,"DemandMax":null,"Value":151.9928839975},{"Length":14.92568,"Height":10.17743,"Demand":1.0,"DemandMax":null,"Value":151.90506340239998},{"Length":13.92638,"Height":10.49789,"Demand":1.0,"DemandMax":null,"Value":146.1976053382},{"Length":7.789169,"Height":18.16936,"Demand":1.0,"DemandMax":null,"Value":141.52421566184},{"Length":13.32959,"Height":10.49789,"Demand":1.0,"DemandMax":null,"Value":139.93256956509998},{"Length":9.677224,"Height":14.40919,"Demand":1.0,"DemandMax":null,"Value":139.44095928856},{"Length":16.65369,"Height":8.310192,"Demand":1.0,"DemandMax":null,"Value":138.39536140848003},{"Length":12.83944,"Height":10.26768,"Demand":1.0,"DemandMax":null,"Value":131.8312612992},{"Length":7.817421,"Height":16.43983,"Demand":1.0,"DemandMax":null,"Value":128.51707227843002},{"Length":7.258074,"Height":17.14858,"Demand":1.0,"DemandMax":null,"Value":124.46566263492},{"Length":5.822031,"Height":20.86196,"Demand":1.0,"DemandMax":null,"Value":121.45897784076},{"Length":7.516945,"Height":14.78922,"Demand":1.0,"DemandMax":null,"Value":111.1697533329},{"Length":17.21634,"Height":6.160743,"Demand":1.0,"DemandMax":null,"Value":106.06544614062},{"Length":10.18938,"Height":10.17743,"Demand":1.0,"DemandMax":null,"Value":103.7017016934},{"Length":9.934552,"Height":10.3866,"Demand":1.0,"DemandMax":null,"Value":103.1862178032},{"Length":6.869795,"Height":14.78922,"Demand":1.0,"DemandMax":null,"Value":101.5989096099},{"Length":10.02345,"Height":9.614285,"Demand":1.0,"DemandMax":null,"Value":96.368304983250013},{"Length":7.745969,"Height":12.34939,"Demand":1.0,"DemandMax":null,"Value":95.65799210891},{"Length":8.314242,"Height":11.46024,"Demand":1.0,"DemandMax":null,"Value":95.28320873808},{"Length":11.77304,"Height":7.893524,"Demand":1.0,"DemandMax":null,"Value":92.93077379296},{"Length":18.57478,"Height":4.759349,"Demand":1.0,"DemandMax":null,"Value":88.403860618220008},{"Length":8.489564,"Height":10.3866,"Demand":1.0,"DemandMax":null,"Value":88.1777054424},{"Length":8.41266,"Height":10.36137,"Demand":1.0,"DemandMax":null,"Value":87.166682944200019},{"Length":7.95477,"Height":10.94623,"Demand":1.0,"DemandMax":null,"Value":87.0747420171},{"Length":10.02345,"Height":8.666588,"Demand":1.0,"DemandMax":null,"Value":86.869111488600012},{"Length":18.57478,"Height":4.660905,"Demand":1.0,"DemandMax":null,"Value":86.57528497589999},{"Length":11.17142,"Height":7.69011,"Demand":1.0,"DemandMax":null,"Value":85.9094486562},{"Length":8.76409,"Height":9.639986,"Demand":1.0,"DemandMax":null,"Value":84.48570490274},{"Length":4.603551,"Height":18.16936,"Demand":1.0,"DemandMax":null,"Value":83.64357539736001},{"Length":5.530857,"Height":15.05526,"Demand":1.0,"DemandMax":null,"Value":83.268490157820011},{"Length":10.79693,"Height":7.69011,"Demand":1.0,"DemandMax":null,"Value":83.0295793623},{"Length":4.566058,"Height":18.16936,"Demand":1.0,"DemandMax":null,"Value":82.96235158288},{"Length":17.21634,"Height":4.807312,"Demand":1.0,"DemandMax":null,"Value":82.764317878079993},{"Length":8.76409,"Height":9.379095,"Demand":1.0,"DemandMax":null,"Value":82.199232698549991},{"Length":14.38674,"Height":5.710123,"Demand":1.0,"DemandMax":null,"Value":82.15005496902},{"Length":8.876776,"Height":9.209185,"Demand":1.0,"DemandMax":null,"Value":81.74787238756},{"Length":10.11404,"Height":7.703868,"Demand":1.0,"DemandMax":null,"Value":77.91722910672},{"Length":4.735717,"Height":16.43983,"Demand":1.0,"DemandMax":null,"Value":77.854382408110013},{"Length":11.77304,"Height":6.57084,"Demand":1.0,"DemandMax":null,"Value":77.3587621536},{"Length":7.596397,"Height":10.17743,"Demand":1.0,"DemandMax":null,"Value":77.31179871971},{"Length":7.745969,"Height":9.893309,"Demand":1.0,"DemandMax":null,"Value":76.633264821421},{"Length":5.053535,"Height":15.05526,"Demand":1.0,"DemandMax":null,"Value":76.0822833441},{"Length":9.212809,"Height":8.223962,"Demand":1.0,"DemandMax":null,"Value":75.765791129258},{"Length":17.21634,"Height":4.345917,"Demand":1.0,"DemandMax":null,"Value":74.820784683779991},{"Length":7.95477,"Height":9.149549,"Demand":1.0,"DemandMax":null,"Value":72.78255789873},{"Length":5.015568,"Height":14.46436,"Demand":1.0,"DemandMax":null,"Value":72.54698115648},{"Length":7.969251,"Height":9.05821,"Demand":1.0,"DemandMax":null,"Value":72.18714910071},{"Length":6.819256,"Height":10.49789,"Demand":1.0,"DemandMax":null,"Value":71.58779936984},{"Length":7.367835,"Height":9.679302,"Demand":1.0,"DemandMax":null,"Value":71.31550005117},{"Length":9.348042,"Height":7.583333,"Demand":1.0,"DemandMax":null,"Value":70.889315383985988},{"Length":7.367835,"Height":9.339779,"Demand":1.0,"DemandMax":null,"Value":68.813950608465},{"Length":4.178292,"Height":16.43983,"Demand":1.0,"DemandMax":null,"Value":68.69041017036},{"Length":8.984867,"Height":7.571633,"Demand":1.0,"DemandMax":null,"Value":68.030115477811},{"Length":9.261575,"Height":7.292815,"Demand":1.0,"DemandMax":null,"Value":67.542953083625008},{"Length":4.805689,"Height":14.01874,"Demand":1.0,"DemandMax":null,"Value":67.36970461186},{"Length":6.397509,"Height":10.49789,"Demand":1.0,"DemandMax":null,"Value":67.16034575601},{"Length":7.255147,"Height":9.209185,"Demand":1.0,"DemandMax":null,"Value":66.813990925195},{"Length":9.617077,"Height":6.94343,"Demand":1.0,"DemandMax":null,"Value":66.77550095411},{"Length":6.559662,"Height":10.17743,"Demand":1.0,"DemandMax":null,"Value":66.76050082866},{"Length":13.86498,"Height":4.808001,"Demand":1.0,"DemandMax":null,"Value":66.662837704979992},{"Length":8.550312,"Height":7.69011,"Demand":1.0,"DemandMax":null,"Value":65.75283981432},{"Length":8.460743,"Height":7.703868,"Demand":1.0,"DemandMax":null,"Value":65.180447253924},{"Length":6.93533,"Height":9.389228,"Demand":1.0,"DemandMax":null,"Value":65.11739462524},{"Length":7.95477,"Height":8.12821,"Demand":1.0,"DemandMax":null,"Value":64.65804106169999},{"Length":6.09807,"Height":10.48954,"Demand":1.0,"DemandMax":null,"Value":63.9659491878},{"Length":7.020375,"Height":9.05821,"Demand":1.0,"DemandMax":null,"Value":63.59203102875},{"Length":6.09807,"Height":10.37242,"Demand":1.0,"DemandMax":null,"Value":63.2517432294},{"Length":6.956693,"Height":9.05821,"Demand":1.0,"DemandMax":null,"Value":63.01518609953},{"Length":9.677224,"Height":6.452765,"Demand":1.0,"DemandMax":null,"Value":62.444852324360006},{"Length":8.231478,"Height":7.571633,"Demand":1.0,"DemandMax":null,"Value":62.325730463574},{"Length":4.40712,"Height":14.01874,"Demand":1.0,"DemandMax":null,"Value":61.7822694288},{"Length":6.93533,"Height":8.891644,"Demand":1.0,"DemandMax":null,"Value":61.66648538252},{"Length":8.807039,"Height":6.94343,"Demand":1.0,"DemandMax":null,"Value":61.15105880377},{"Length":4.046621,"Height":15.05526,"Demand":1.0,"DemandMax":null,"Value":60.922931276460005},{"Length":4.779722,"Height":12.71725,"Demand":1.0,"DemandMax":null,"Value":60.7849196045},{"Length":6.686814,"Height":9.05821,"Demand":1.0,"DemandMax":null,"Value":60.570565442940008},{"Length":7.868303,"Height":7.583333,"Demand":1.0,"DemandMax":null,"Value":59.667961793898996},{"Length":3.943769,"Height":15.05526,"Demand":1.0,"DemandMax":null,"Value":59.37446767494},{"Length":6.844193,"Height":8.632908,"Demand":1.0,"DemandMax":null,"Value":59.085288503244},{"Length":6.827431,"Height":8.632908,"Demand":1.0,"DemandMax":null,"Value":58.940583699348004},{"Length":14.38674,"Height":3.94235,"Demand":1.0,"DemandMax":null,"Value":56.717564438999993},{"Length":5.264968,"Height":10.36137,"Demand":1.0,"DemandMax":null,"Value":54.55228148616},{"Length":14.38674,"Height":3.786577,"Demand":1.0,"DemandMax":null,"Value":54.476498788979995},{"Length":4.188384,"Height":12.5168,"Demand":1.0,"DemandMax":null,"Value":52.4251648512},{"Length":4.125859,"Height":12.5168,"Demand":1.0,"DemandMax":null,"Value":51.6425519312},{"Length":4.897154,"Height":10.36137,"Demand":1.0,"DemandMax":null,"Value":50.74122454098},{"Length":13.86498,"Height":3.502192,"Demand":1.0,"DemandMax":null,"Value":48.55782203616}]}