{"Name":"Nice4_1t","Objects":[{"Length":100.0,"Height":100.0,"Stock":null,"Cost":10000.0}],"Items":[{"Length":6.416503,"Height":5.947473,"Demand":1.0,"DemandMax":null,"Value":38.161978346918993},{"Length":6.418018,"Height":5.027772,"Demand":1.0,"DemandMax":null,"Value":32.268331195895996},{"Length":3.031755,"Height":10.47015,"Demand":1.0,"DemandMax":null,"Value":31.742929613250002},{"Length":4.070672,"Height":7.454194,"Demand":1.0,"DemandMax":null,"Value":30.343578798368},{"Length":4.924719,"Height":5.923799,"Demand":1.0,"DemandMax":null,"Value":29.173045487480998},{"Length":2.732852,"Height":10.47015,"Demand":1.0,"DemandMax":null,"Value":28.613370367799998},{"Length":5.942268,"Height":4.684077,"Demand":1.0,"DemandMax":null,"Value":27.834040866636002},{"Length":3.730869,"Height":6.595047,"Demand":1.0,"DemandMax":null,"Value":24.605256405843},{"Length":5.706452,"Height":3.975345,"Demand":1.0,"DemandMax":null,"Value":22.685115425939998},{"Length":5.70046,"Height":3.975345,"Demand":1.0,"DemandMax":null,"Value":22.6612951587},{"Length":6.215501,"Height":3.586957,"Demand":1.0,"DemandMax":null,"Value":22.294734820457},{"Length":4.640319,"Height":4.794631,"Demand":1.0,"DemandMax":null,"Value":22.248617327288997},{"Length":2.545429,"Height":8.553255,"Demand":1.0,"DemandMax":null,"Value":21.771703321394998},{"Length":2.865577,"Height":7.545604,"Demand":1.0,"DemandMax":null,"Value":21.622509273508},{"Length":5.230515,"Height":4.127213,"Demand":1.0,"DemandMax":null,"Value":21.587449504694998},{"Length":3.162989,"Height":6.800841,"Demand":1.0,"DemandMax":null,"Value":21.510985273749},{"Length":5.850182,"Height":3.652629,"Demand":1.0,"DemandMax":null,"Value":21.368544428478003},{"Length":2.608067,"Height":8.187973,"Demand":1.0,"DemandMax":null,"Value":21.354782178190998},{"Length":5.60458,"Height":3.810123,"Demand":1.0,"DemandMax":null,"Value":21.35413916334},{"Length":3.490243,"Height":6.096602,"Demand":1.0,"DemandMax":null,"Value":21.278622454285998},{"Length":6.298594,"Height":3.372928,"Demand":1.0,"DemandMax":null,"Value":21.244704063232},{"Length":7.882323,"Height":2.689782,"Demand":1.0,"DemandMax":null,"Value":21.201730523586},{"Length":8.075418,"Height":2.624572,"Demand":1.0,"DemandMax":null,"Value":21.194515971096003},{"Length":4.453831,"Height":4.725859,"Demand":1.0,"DemandMax":null,"Value":21.048177315829},{"Length":3.870191,"Height":5.283398,"Demand":1.0,"DemandMax":null,"Value":20.447759389018},{"Length":3.302386,"Height":6.182068,"Demand":1.0,"DemandMax":null,"Value":20.415574814248},{"Length":3.761647,"Height":5.378865,"Demand":1.0,"DemandMax":null,"Value":20.233391390655},{"Length":3.766902,"Height":5.337047,"Demand":1.0,"DemandMax":null,"Value":20.104133018394002},{"Length":4.399889,"Height":4.566607,"Demand":1.0,"DemandMax":null,"Value":20.092563906623003},{"Length":4.640319,"Height":4.305197,"Demand":1.0,"DemandMax":null,"Value":19.977487437843},{"Length":3.822583,"Height":5.209577,"Demand":1.0,"DemandMax":null,"Value":19.914040477391},{"Length":4.924719,"Height":3.999533,"Demand":1.0,"DemandMax":null,"Value":19.696576156227},{"Length":5.868444,"Height":3.326935,"Demand":1.0,"DemandMax":null,"Value":19.523931739140004},{"Length":7.692842,"Height":2.532903,"Demand":1.0,"DemandMax":null,"Value":19.485222580326},{"Length":2.93299,"Height":6.638748,"Demand":1.0,"DemandMax":null,"Value":19.47138149652},{"Length":3.548169,"Height":5.487135,"Demand":1.0,"DemandMax":null,"Value":19.469282305815003},{"Length":3.037092,"Height":6.408817,"Demand":1.0,"DemandMax":null,"Value":19.464166840163998},{"Length":2.737881,"Height":7.070912,"Demand":1.0,"DemandMax":null,"Value":19.359315617472},{"Length":2.809356,"Height":6.86438,"Demand":1.0,"DemandMax":null,"Value":19.28448713928},{"Length":4.656794,"Height":4.128481,"Demand":1.0,"DemandMax":null,"Value":19.225485549913998},{"Length":5.255836,"Height":3.643848,"Demand":1.0,"DemandMax":null,"Value":19.151467496928003},{"Length":5.721555,"Height":3.34014,"Demand":1.0,"DemandMax":null,"Value":19.1107947177},{"Length":3.398688,"Height":5.587387,"Demand":1.0,"DemandMax":null,"Value":18.989785148255997},{"Length":3.554295,"Height":5.34131,"Demand":1.0,"DemandMax":null,"Value":18.984591426450002},{"Length":3.334533,"Height":5.682208,"Demand":1.0,"DemandMax":null,"Value":18.947510088864},{"Length":4.155813,"Height":4.528185,"Demand":1.0,"DemandMax":null,"Value":18.818290089405},{"Length":6.834078,"Height":2.748065,"Demand":1.0,"DemandMax":null,"Value":18.78049055907},{"Length":5.441846,"Height":3.433776,"Demand":1.0,"DemandMax":null,"Value":18.686080190496},{"Length":5.111766,"Height":3.644794,"Demand":1.0,"DemandMax":null,"Value":18.631334046204003},{"Length":5.431317,"Height":3.42845,"Demand":1.0,"DemandMax":null,"Value":18.62099876865},{"Length":6.694475,"Height":2.774359,"Demand":1.0,"DemandMax":null,"Value":18.572876966524998},{"Length":5.60458,"Height":3.300397,"Demand":1.0,"DemandMax":null,"Value":18.49733901826},{"Length":2.320481,"Height":7.94451,"Demand":1.0,"DemandMax":null,"Value":18.435084509310002},{"Length":2.883952,"Height":6.391773,"Demand":1.0,"DemandMax":null,"Value":18.433566526895998},{"Length":4.786313,"Height":3.85119,"Demand":1.0,"DemandMax":null,"Value":18.433000762469998},{"Length":5.721555,"Height":3.220784,"Demand":1.0,"DemandMax":null,"Value":18.427892799120002},{"Length":4.489159,"Height":4.09332,"Demand":1.0,"DemandMax":null,"Value":18.375564317880002},{"Length":4.037822,"Height":4.534692,"Demand":1.0,"DemandMax":null,"Value":18.310279120824},{"Length":4.37825,"Height":4.18166,"Demand":1.0,"DemandMax":null,"Value":18.308352895000002},{"Length":3.018195,"Height":6.062766,"Demand":1.0,"DemandMax":null,"Value":18.29861002737},{"Length":7.692842,"Height":2.353602,"Demand":1.0,"DemandMax":null,"Value":18.105888316884},{"Length":6.046418,"Height":2.987721,"Demand":1.0,"DemandMax":null,"Value":18.065010033378},{"Length":4.784434,"Height":3.764257,"Demand":1.0,"DemandMax":null,"Value":18.009839175538},{"Length":6.694475,"Height":2.675222,"Demand":1.0,"DemandMax":null,"Value":17.90920679845},{"Length":2.713985,"Height":6.582219,"Demand":1.0,"DemandMax":null,"Value":17.864043632715003},{"Length":2.215075,"Height":8.049506,"Demand":1.0,"DemandMax":null,"Value":17.83025950295},{"Length":4.981645,"Height":3.551099,"Demand":1.0,"DemandMax":null,"Value":17.690314577855},{"Length":3.178142,"Height":5.555645,"Demand":1.0,"DemandMax":null,"Value":17.65662871159},{"Length":6.471817,"Height":2.718822,"Demand":1.0,"DemandMax":null,"Value":17.595718439573997},{"Length":2.986132,"Height":5.884066,"Demand":1.0,"DemandMax":null,"Value":17.570597772712},{"Length":5.689443,"Height":3.088241,"Demand":1.0,"DemandMax":null,"Value":17.570371139763},{"Length":4.565398,"Height":3.844193,"Demand":1.0,"DemandMax":null,"Value":17.550271033814003},{"Length":4.921078,"Height":3.551221,"Demand":1.0,"DemandMax":null,"Value":17.475835536237998},{"Length":5.844972,"Height":2.987793,"Demand":1.0,"DemandMax":null,"Value":17.463566426796},{"Length":3.535326,"Height":4.919392,"Demand":1.0,"DemandMax":null,"Value":17.391654441792},{"Length":5.891437,"Height":2.943594,"Demand":1.0,"DemandMax":null,"Value":17.341998604578},{"Length":3.178142,"Height":5.450237,"Demand":1.0,"DemandMax":null,"Value":17.321627119654},{"Length":5.890211,"Height":2.932153,"Demand":1.0,"DemandMax":null,"Value":17.270999854282998},{"Length":3.435755,"Height":5.024475,"Demand":1.0,"DemandMax":null,"Value":17.262865103625},{"Length":5.983717,"Height":2.881077,"Demand":1.0,"DemandMax":null,"Value":17.239549423209},{"Length":4.998975,"Height":3.433776,"Demand":1.0,"DemandMax":null,"Value":17.1653603796},{"Length":4.746665,"Height":3.60825,"Demand":1.0,"DemandMax":null,"Value":17.12715398625},{"Length":5.367438,"Height":3.188906,"Demand":1.0,"DemandMax":null,"Value":17.116255242828},{"Length":5.814275,"Height":2.943408,"Demand":1.0,"DemandMax":null,"Value":17.1137835492},{"Length":3.221031,"Height":5.306474,"Demand":1.0,"DemandMax":null,"Value":17.092317254694},{"Length":7.79715,"Height":2.18918,"Demand":1.0,"DemandMax":null,"Value":17.069364837},{"Length":5.890211,"Height":2.893194,"Demand":1.0,"DemandMax":null,"Value":17.041523123934},{"Length":2.971772,"Height":5.729286,"Demand":1.0,"DemandMax":null,"Value":17.026131714792},{"Length":6.471817,"Height":2.622488,"Demand":1.0,"DemandMax":null,"Value":16.972262420696},{"Length":7.570623,"Height":2.236956,"Demand":1.0,"DemandMax":null,"Value":16.935150543588},{"Length":5.548684,"Height":3.048589,"Demand":1.0,"DemandMax":null,"Value":16.915657006876},{"Length":5.649701,"Height":2.990417,"Demand":1.0,"DemandMax":null,"Value":16.894961915317},{"Length":3.214152,"Height":5.233144,"Demand":1.0,"DemandMax":null,"Value":16.820120253888},{"Length":2.724017,"Height":6.170019,"Demand":1.0,"DemandMax":null,"Value":16.807236646323},{"Length":4.717879,"Height":3.551099,"Demand":1.0,"DemandMax":null,"Value":16.753655399021},{"Length":2.762104,"Height":6.052931,"Demand":1.0,"DemandMax":null,"Value":16.718824926824},{"Length":3.519159,"Height":4.73097,"Demand":1.0,"DemandMax":null,"Value":16.64903565423},{"Length":5.445595,"Height":3.053385,"Demand":1.0,"DemandMax":null,"Value":16.627498089075},{"Length":2.633122,"Height":6.300227,"Demand":1.0,"DemandMax":null,"Value":16.589266318694},{"Length":5.384686,"Height":3.07729,"Demand":1.0,"DemandMax":null,"Value":16.57024038094},{"Length":2.971772,"Height":5.559927,"Demand":1.0,"DemandMax":null,"Value":16.522835380644},{"Length":2.262699,"Height":7.282673,"Demand":1.0,"DemandMax":null,"Value":16.478496914427},{"Length":5.367438,"Height":3.070026,"Demand":1.0,"DemandMax":null,"Value":16.478174213387998},{"Length":2.942497,"Height":5.587387,"Demand":1.0,"DemandMax":null,"Value":16.440869485339},{"Length":4.266847,"Height":3.85119,"Demand":1.0,"DemandMax":null,"Value":16.43243849793},{"Length":5.43893,"Height":3.007886,"Demand":1.0,"DemandMax":null,"Value":16.35968140198},{"Length":2.961695,"Height":5.523743,"Demand":1.0,"DemandMax":null,"Value":16.359642024385},{"Length":2.260252,"Height":7.22795,"Demand":1.0,"DemandMax":null,"Value":16.3369884434},{"Length":4.155166,"Height":3.927494,"Demand":1.0,"DemandMax":null,"Value":16.319389534004},{"Length":2.257563,"Height":7.22795,"Demand":1.0,"DemandMax":null,"Value":16.31755248585},{"Length":2.023788,"Height":8.049506,"Demand":1.0,"DemandMax":null,"Value":16.290493648728},{"Length":5.429897,"Height":2.999458,"Demand":1.0,"DemandMax":null,"Value":16.286747995826},{"Length":2.172158,"Height":7.497951,"Demand":1.0,"DemandMax":null,"Value":16.286734248258},{"Length":6.270883,"Height":2.588396,"Demand":1.0,"DemandMax":null,"Value":16.231528473668},{"Length":2.440708,"Height":6.582219,"Demand":1.0,"DemandMax":null,"Value":16.065274571052},{"Length":5.380006,"Height":2.973968,"Demand":1.0,"DemandMax":null,"Value":15.999965683808},{"Length":2.301992,"Height":6.902803,"Demand":1.0,"DemandMax":null,"Value":15.890197283575997},{"Length":4.046487,"Height":3.920288,"Demand":1.0,"DemandMax":null,"Value":15.863394428256},{"Length":6.202044,"Height":2.549696,"Demand":1.0,"DemandMax":null,"Value":15.813326778623999},{"Length":3.851939,"Height":4.096414,"Demand":1.0,"DemandMax":null,"Value":15.779136846746},{"Length":4.454238,"Height":3.53549,"Demand":1.0,"DemandMax":null,"Value":15.74791390662},{"Length":3.086303,"Height":5.098872,"Demand":1.0,"DemandMax":null,"Value":15.736663950216},{"Length":3.263473,"Height":4.805272,"Demand":1.0,"DemandMax":null,"Value":15.681875429656001},{"Length":4.517815,"Height":3.449617,"Demand":1.0,"DemandMax":null,"Value":15.584731426854999},{"Length":2.769377,"Height":5.577708,"Demand":1.0,"DemandMax":null,"Value":15.446776247916},{"Length":4.073056,"Height":3.786949,"Demand":1.0,"DemandMax":null,"Value":15.424455346144},{"Length":3.851939,"Height":3.998871,"Demand":1.0,"DemandMax":null,"Value":15.403407160868998},{"Length":7.565736,"Height":2.034186,"Demand":1.0,"DemandMax":null,"Value":15.390114250896001},{"Length":2.33171,"Height":6.582219,"Demand":1.0,"DemandMax":null,"Value":15.347825864490002},{"Length":2.493031,"Height":6.052253,"Demand":1.0,"DemandMax":null,"Value":15.088454348843003},{"Length":3.297738,"Height":4.569787,"Demand":1.0,"DemandMax":null,"Value":15.069960241806},{"Length":3.072073,"Height":4.882404,"Demand":1.0,"DemandMax":null,"Value":14.999101503492001},{"Length":3.552591,"Height":4.209043,"Demand":1.0,"DemandMax":null,"Value":14.953008280413002},{"Length":3.937387,"Height":3.779251,"Demand":1.0,"DemandMax":null,"Value":14.880373757137},{"Length":3.739327,"Height":3.970143,"Demand":1.0,"DemandMax":null,"Value":14.845662913761},{"Length":3.563346,"Height":4.155372,"Demand":1.0,"DemandMax":null,"Value":14.807028194712},{"Length":2.707622,"Height":5.464379,"Demand":1.0,"DemandMax":null,"Value":14.795472796738002},{"Length":4.271344,"Height":3.444124,"Demand":1.0,"DemandMax":null,"Value":14.711038382656},{"Length":3.931195,"Height":3.731886,"Demand":1.0,"DemandMax":null,"Value":14.67077158377},{"Length":6.865018,"Height":2.136818,"Demand":1.0,"DemandMax":null,"Value":14.669294032723999},{"Length":2.737732,"Height":5.31201,"Demand":1.0,"DemandMax":null,"Value":14.542859761319999},{"Length":3.879315,"Height":3.746801,"Demand":1.0,"DemandMax":null,"Value":14.535021321315},{"Length":3.639107,"Height":3.989533,"Demand":1.0,"DemandMax":null,"Value":14.518337467031001},{"Length":4.299936,"Height":3.369322,"Demand":1.0,"DemandMax":null,"Value":14.487868963392},{"Length":4.897977,"Height":2.951787,"Demand":1.0,"DemandMax":null,"Value":14.457784834899},{"Length":6.191568,"Height":2.319542,"Demand":1.0,"DemandMax":null,"Value":14.361602021856001},{"Length":2.986132,"Height":4.808443,"Demand":1.0,"DemandMax":null,"Value":14.358645512475999},{"Length":2.084576,"Height":6.876323,"Demand":1.0,"DemandMax":null,"Value":14.334217894048003},{"Length":2.231993,"Height":6.408817,"Demand":1.0,"DemandMax":null,"Value":14.304434682281},{"Length":6.191568,"Height":2.306232,"Demand":1.0,"DemandMax":null,"Value":14.279192251776001},{"Length":6.922297,"Height":2.050055,"Demand":1.0,"DemandMax":null,"Value":14.191089576335001},{"Length":2.646758,"Height":5.353401,"Demand":1.0,"DemandMax":null,"Value":14.169156923958},{"Length":2.602401,"Height":5.437949,"Demand":1.0,"DemandMax":null,"Value":14.151723915548999},{"Length":5.528481,"Height":2.555381,"Demand":1.0,"DemandMax":null,"Value":14.127375306261001},{"Length":5.828945,"Height":2.418019,"Demand":1.0,"DemandMax":null,"Value":14.094499759955001},{"Length":3.414902,"Height":4.127213,"Demand":1.0,"DemandMax":null,"Value":14.094027928126002},{"Length":3.905736,"Height":3.60825,"Demand":1.0,"DemandMax":null,"Value":14.092871922},{"Length":5.183505,"Height":2.717721,"Demand":1.0,"DemandMax":null,"Value":14.087320392105001},{"Length":3.761647,"Height":3.739114,"Demand":1.0,"DemandMax":null,"Value":14.065226960757999},{"Length":2.538976,"Height":5.524334,"Demand":1.0,"DemandMax":null,"Value":14.026151441983998},{"Length":3.79334,"Height":3.696567,"Demand":1.0,"DemandMax":null,"Value":14.022335463780001},{"Length":3.761647,"Height":3.72735,"Demand":1.0,"DemandMax":null,"Value":14.02097494545},{"Length":2.782243,"Height":5.037437,"Demand":1.0,"DemandMax":null,"Value":14.015373831190999},{"Length":2.89522,"Height":4.837407,"Demand":1.0,"DemandMax":null,"Value":14.00535749454},{"Length":3.299178,"Height":4.239828,"Demand":1.0,"DemandMax":null,"Value":13.987947261384},{"Length":3.110507,"Height":4.479925,"Demand":1.0,"DemandMax":null,"Value":13.934838071975},{"Length":5.79925,"Height":2.39916,"Demand":1.0,"DemandMax":null,"Value":13.91332863},{"Length":3.748175,"Height":3.70382,"Demand":1.0,"DemandMax":null,"Value":13.882565528499999},{"Length":4.775661,"Height":2.906625,"Demand":1.0,"DemandMax":null,"Value":13.881055654125001},{"Length":3.937387,"Height":3.512688,"Demand":1.0,"DemandMax":null,"Value":13.830812066256},{"Length":5.607947,"Height":2.465903,"Demand":1.0,"DemandMax":null,"Value":13.828653331141},{"Length":2.987459,"Height":4.625775,"Demand":1.0,"DemandMax":null,"Value":13.819313155724998},{"Length":5.224061,"Height":2.639004,"Demand":1.0,"DemandMax":null,"Value":13.786317875243999},{"Length":2.576055,"Height":5.34131,"Demand":1.0,"DemandMax":null,"Value":13.75950833205},{"Length":3.058139,"Height":4.488564,"Demand":1.0,"DemandMax":null,"Value":13.726652622396001},{"Length":3.131875,"Height":4.371553,"Demand":1.0,"DemandMax":null,"Value":13.691157551874998},{"Length":4.220516,"Height":3.24064,"Demand":1.0,"DemandMax":null,"Value":13.67717297024},{"Length":6.922297,"Height":1.974506,"Demand":1.0,"DemandMax":null,"Value":13.668116960282001},{"Length":7.072874,"Height":1.928258,"Demand":1.0,"DemandMax":null,"Value":13.638325873491999},{"Length":2.558563,"Height":5.306474,"Demand":1.0,"DemandMax":null,"Value":13.576948036862},{"Length":2.437161,"Height":5.554343,"Demand":1.0,"DemandMax":null,"Value":13.536828140223001},{"Length":6.202044,"Height":2.181274,"Demand":1.0,"DemandMax":null,"Value":13.528357324056001},{"Length":2.050146,"Height":6.595047,"Demand":1.0,"DemandMax":null,"Value":13.520809226862},{"Length":5.774613,"Height":2.330689,"Demand":1.0,"DemandMax":null,"Value":13.458826998357},{"Length":2.308474,"Height":5.80291,"Demand":1.0,"DemandMax":null,"Value":13.39586685934},{"Length":6.922297,"Height":1.924525,"Demand":1.0,"DemandMax":null,"Value":13.322133633925},{"Length":3.168401,"Height":4.19844,"Demand":1.0,"DemandMax":null,"Value":13.302341494439999},{"Length":4.451782,"Height":2.987687,"Demand":1.0,"DemandMax":null,"Value":13.300531208234},{"Length":6.344336,"Height":2.085986,"Demand":1.0,"DemandMax":null,"Value":13.234196075296001},{"Length":3.058139,"Height":4.319366,"Demand":1.0,"DemandMax":null,"Value":13.209221619873999},{"Length":3.490243,"Height":3.763716,"Demand":1.0,"DemandMax":null,"Value":13.136283422988},{"Length":3.114117,"Height":4.217571,"Demand":1.0,"DemandMax":null,"Value":13.134009549807},{"Length":4.841267,"Height":2.708903,"Demand":1.0,"DemandMax":null,"Value":13.114522700101},{"Length":2.427054,"Height":5.401062,"Demand":1.0,"DemandMax":null,"Value":13.108669131348},{"Length":2.626747,"Height":4.989101,"Demand":1.0,"DemandMax":null,"Value":13.105106084447},{"Length":5.774613,"Height":2.267328,"Demand":1.0,"DemandMax":null,"Value":13.092941744064001},{"Length":4.229532,"Height":3.092146,"Demand":1.0,"DemandMax":null,"Value":13.078330455671999},{"Length":2.588449,"Height":5.019235,"Demand":1.0,"DemandMax":null,"Value":12.992033816515},{"Length":2.064647,"Height":6.282017,"Demand":1.0,"DemandMax":null,"Value":12.970147552998999},{"Length":5.502391,"Height":2.35187,"Demand":1.0,"DemandMax":null,"Value":12.94090832117},{"Length":7.072874,"Height":1.829578,"Demand":1.0,"DemandMax":null,"Value":12.940374667172},{"Length":4.022116,"Height":3.21632,"Demand":1.0,"DemandMax":null,"Value":12.93641213312},{"Length":5.498398,"Height":2.349957,"Demand":1.0,"DemandMax":null,"Value":12.920998868885999},{"Length":2.575185,"Height":5.015508,"Demand":1.0,"DemandMax":null,"Value":12.915860968979999},{"Length":1.897624,"Height":6.800841,"Demand":1.0,"DemandMax":null,"Value":12.905439101784},{"Length":4.705287,"Height":2.742475,"Demand":1.0,"DemandMax":null,"Value":12.904131965325002},{"Length":2.580753,"Height":4.995944,"Demand":1.0,"DemandMax":null,"Value":12.893297465832},{"Length":4.718775,"Height":2.717721,"Demand":1.0,"DemandMax":null,"Value":12.824313911775},{"Length":2.871641,"Height":4.44021,"Demand":1.0,"DemandMax":null,"Value":12.75068908461},{"Length":6.393069,"Height":1.987664,"Demand":1.0,"DemandMax":null,"Value":12.707273100816},{"Length":6.922297,"Height":1.835036,"Demand":1.0,"DemandMax":null,"Value":12.702664197692},{"Length":3.044618,"Height":4.170173,"Demand":1.0,"DemandMax":null,"Value":12.696583778914},{"Length":3.768027,"Height":3.36947,"Demand":1.0,"DemandMax":null,"Value":12.69625393569},{"Length":3.045264,"Height":4.157506,"Demand":1.0,"DemandMax":null,"Value":12.660703351583999},{"Length":6.344336,"Height":1.990973,"Demand":1.0,"DemandMax":null,"Value":12.631401678928},{"Length":1.917059,"Height":6.583904,"Demand":1.0,"DemandMax":null,"Value":12.621732418336002},{"Length":2.607714,"Height":4.837407,"Demand":1.0,"DemandMax":null,"Value":12.614573957598},{"Length":2.77589,"Height":4.528661,"Demand":1.0,"DemandMax":null,"Value":12.571064783289998},{"Length":3.727392,"Height":3.369322,"Demand":1.0,"DemandMax":null,"Value":12.558783868224},{"Length":5.424275,"Height":2.314834,"Demand":1.0,"DemandMax":null,"Value":12.556296195349999},{"Length":3.92142,"Height":3.200775,"Demand":1.0,"DemandMax":null,"Value":12.5515831005},{"Length":3.766902,"Height":3.321588,"Demand":1.0,"DemandMax":null,"Value":12.512096480376},{"Length":5.174353,"Height":2.416853,"Demand":1.0,"DemandMax":null,"Value":12.505650571109001},{"Length":6.228179,"Height":2.002618,"Demand":1.0,"DemandMax":null,"Value":12.472663372622},{"Length":2.054664,"Height":6.069323,"Demand":1.0,"DemandMax":null,"Value":12.470419472471999},{"Length":4.451782,"Height":2.797763,"Demand":1.0,"DemandMax":null,"Value":12.455030963665998},{"Length":3.40957,"Height":3.652629,"Demand":1.0,"DemandMax":null,"Value":12.453894259530001},{"Length":2.442178,"Height":5.098872,"Demand":1.0,"DemandMax":null,"Value":12.452353023216},{"Length":6.922297,"Height":1.792012,"Demand":1.0,"DemandMax":null,"Value":12.404839291564},{"Length":3.278032,"Height":3.781276,"Demand":1.0,"DemandMax":null,"Value":12.395143728832},{"Length":3.284401,"Height":3.77336,"Demand":1.0,"DemandMax":null,"Value":12.393227357359999},{"Length":2.977471,"Height":4.157506,"Demand":1.0,"DemandMax":null,"Value":12.378853547325999},{"Length":4.678218,"Height":2.639004,"Demand":1.0,"DemandMax":null,"Value":12.345836014872},{"Length":4.155813,"Height":2.969766,"Demand":1.0,"DemandMax":null,"Value":12.341792149758},{"Length":6.046418,"Height":2.040051,"Demand":1.0,"DemandMax":null,"Value":12.335001087318},{"Length":3.334533,"Height":3.69693,"Demand":1.0,"DemandMax":null,"Value":12.32753508369},{"Length":2.467906,"Height":4.989101,"Demand":1.0,"DemandMax":null,"Value":12.312632292506},{"Length":5.818648,"Height":2.106549,"Demand":1.0,"DemandMax":null,"Value":12.257267125751998},{"Length":2.148829,"Height":5.68629,"Demand":1.0,"DemandMax":null,"Value":12.21886485441},{"Length":3.587627,"Height":3.404755,"Demand":1.0,"DemandMax":null,"Value":12.214990966385},{"Length":6.236664,"Height":1.954099,"Demand":1.0,"DemandMax":null,"Value":12.187058885736},{"Length":5.502391,"Height":2.214737,"Demand":1.0,"DemandMax":null,"Value":12.186348936167},{"Length":2.836755,"Height":4.285015,"Demand":1.0,"DemandMax":null,"Value":12.155537726324999},{"Length":6.21462,"Height":1.955655,"Demand":1.0,"DemandMax":null,"Value":12.1536526761},{"Length":4.454238,"Height":2.724535,"Demand":1.0,"DemandMax":null,"Value":12.13572732933},{"Length":2.556548,"Height":4.738589,"Demand":1.0,"DemandMax":null,"Value":12.114430230772},{"Length":5.028022,"Height":2.40819,"Demand":1.0,"DemandMax":null,"Value":12.108432300179999},{"Length":5.528481,"Height":2.188472,"Demand":1.0,"DemandMax":null,"Value":12.098925871032},{"Length":5.522396,"Height":2.190607,"Demand":1.0,"DemandMax":null,"Value":12.097399334372},{"Length":6.228179,"Height":1.941692,"Demand":1.0,"DemandMax":null,"Value":12.093205338868},{"Length":2.261175,"Height":5.34131,"Demand":1.0,"DemandMax":null,"Value":12.07763663925},{"Length":4.035556,"Height":2.990417,"Demand":1.0,"DemandMax":null,"Value":12.067995266851998},{"Length":3.072073,"Height":3.925524,"Demand":1.0,"DemandMax":null,"Value":12.059496291252},{"Length":3.548169,"Height":3.389259,"Demand":1.0,"DemandMax":null,"Value":12.025663716771},{"Length":3.738205,"Height":3.216631,"Demand":1.0,"DemandMax":null,"Value":12.024426087355},{"Length":3.205656,"Height":3.750455,"Demand":1.0,"DemandMax":null,"Value":12.022668573479999},{"Length":3.34367,"Height":3.588215,"Demand":1.0,"DemandMax":null,"Value":11.997806849049999},{"Length":4.841267,"Height":2.477654,"Demand":1.0,"DemandMax":null,"Value":11.994984547618},{"Length":2.735666,"Height":4.381114,"Demand":1.0,"DemandMax":null,"Value":11.985264611924},{"Length":3.114117,"Height":3.845831,"Demand":1.0,"DemandMax":null,"Value":11.976367696227},{"Length":1.734087,"Height":6.902803,"Demand":1.0,"DemandMax":null,"Value":11.970060945860999},{"Length":2.202128,"Height":5.433754,"Demand":1.0,"DemandMax":null,"Value":11.965821828512002},{"Length":3.011321,"Height":3.970143,"Demand":1.0,"DemandMax":null,"Value":11.955374988903001},{"Length":3.993634,"Height":2.987793,"Demand":1.0,"DemandMax":null,"Value":11.932151709762},{"Length":5.79925,"Height":2.052659,"Demand":1.0,"DemandMax":null,"Value":11.903882705749998},{"Length":2.192701,"Height":5.416399,"Demand":1.0,"DemandMax":null,"Value":11.876543503699},{"Length":1.754874,"Height":6.765708,"Demand":1.0,"DemandMax":null,"Value":11.872965060792},{"Length":2.886093,"Height":4.113388,"Demand":1.0,"DemandMax":null,"Value":11.871620313083998},{"Length":4.355082,"Height":2.725666,"Demand":1.0,"DemandMax":null,"Value":11.870498934612},{"Length":3.687918,"Height":3.212948,"Demand":1.0,"DemandMax":null,"Value":11.849088762264},{"Length":4.132826,"Height":2.864413,"Demand":1.0,"DemandMax":null,"Value":11.838120521137999},{"Length":3.663255,"Height":3.231291,"Demand":1.0,"DemandMax":null,"Value":11.837042912205},{"Length":2.845584,"Height":4.157506,"Demand":1.0,"DemandMax":null,"Value":11.830532553504},{"Length":3.054151,"Height":3.872217,"Demand":1.0,"DemandMax":null,"Value":11.826335422767},{"Length":5.607947,"Height":2.108198,"Demand":1.0,"DemandMax":null,"Value":11.822662649505999},{"Length":2.648965,"Height":4.462934,"Demand":1.0,"DemandMax":null,"Value":11.82215596331},{"Length":2.235804,"Height":5.286273,"Demand":1.0,"DemandMax":null,"Value":11.819070318492},{"Length":1.746739,"Height":6.765708,"Demand":1.0,"DemandMax":null,"Value":11.817926026212},{"Length":3.341553,"Height":3.530134,"Demand":1.0,"DemandMax":null,"Value":11.796129858102},{"Length":2.799924,"Height":4.209043,"Demand":1.0,"DemandMax":null,"Value":11.785000512732001},{"Length":2.921673,"Height":4.031626,"Demand":1.0,"DemandMax":null,"Value":11.779092830298001},{"Length":2.650755,"Height":4.44021,"Demand":1.0,"DemandMax":null,"Value":11.769908858550002},{"Length":1.887184,"Height":6.225606,"Demand":1.0,"DemandMax":null,"Value":11.748864033504},{"Length":5.594215,"Height":2.100175,"Demand":1.0,"DemandMax":null,"Value":11.748830487625002},{"Length":3.931195,"Height":2.98736,"Demand":1.0,"DemandMax":null,"Value":11.7438946952},{"Length":2.218027,"Height":5.286273,"Demand":1.0,"DemandMax":null,"Value":11.725096243371002},{"Length":5.735664,"Height":2.043433,"Demand":1.0,"DemandMax":null,"Value":11.720445094511998},{"Length":3.317784,"Height":3.531878,"Demand":1.0,"DemandMax":null,"Value":11.718008318352},{"Length":6.270883,"Height":1.865573,"Demand":1.0,"DemandMax":null,"Value":11.698790010959},{"Length":6.270883,"Height":1.865435,"Demand":1.0,"DemandMax":null,"Value":11.697924629105},{"Length":3.334533,"Height":3.507775,"Demand":1.0,"DemandMax":null,"Value":11.696791494075},{"Length":1.824112,"Height":6.408817,"Demand":1.0,"DemandMax":null,"Value":11.690399995504},{"Length":4.132826,"Height":2.82711,"Demand":1.0,"DemandMax":null,"Value":11.683953712859998},{"Length":3.307498,"Height":3.531878,"Demand":1.0,"DemandMax":null,"Value":11.681679421243999},{"Length":2.323164,"Height":5.015508,"Demand":1.0,"DemandMax":null,"Value":11.651847627311998},{"Length":3.663255,"Height":3.177526,"Demand":1.0,"DemandMax":null,"Value":11.640088007129998},{"Length":2.809356,"Height":4.141502,"Demand":1.0,"DemandMax":null,"Value":11.634953492712},{"Length":2.827475,"Height":4.109221,"Demand":1.0,"DemandMax":null,"Value":11.618719646975},{"Length":2.909238,"Height":3.989533,"Demand":1.0,"DemandMax":null,"Value":11.606501005854002},{"Length":2.648965,"Height":4.380319,"Demand":1.0,"DemandMax":null,"Value":11.603311719835},{"Length":5.498398,"Height":2.108996,"Demand":1.0,"DemandMax":null,"Value":11.596099388408},{"Length":2.420853,"Height":4.772436,"Demand":1.0,"DemandMax":null,"Value":11.553366007908},{"Length":4.482129,"Height":2.573044,"Demand":1.0,"DemandMax":null,"Value":11.532715130675998},{"Length":4.871217,"Height":2.364618,"Demand":1.0,"DemandMax":null,"Value":11.518567400105999},{"Length":2.426082,"Height":4.738589,"Demand":1.0,"DemandMax":null,"Value":11.496205478298},{"Length":6.152856,"Height":1.866797,"Demand":1.0,"DemandMax":null,"Value":11.486133122232},{"Length":1.827767,"Height":6.277407,"Demand":1.0,"DemandMax":null,"Value":11.473637360169},{"Length":2.064363,"Height":5.554343,"Demand":1.0,"DemandMax":null,"Value":11.466180178509001},{"Length":4.047266,"Height":2.795992,"Demand":1.0,"DemandMax":null,"Value":11.316123357872},{"Length":3.640121,"Height":3.09622,"Demand":1.0,"DemandMax":null,"Value":11.27061544262},{"Length":3.032746,"Height":3.674447,"Demand":1.0,"DemandMax":null,"Value":11.143664441461999},{"Length":4.668984,"Height":2.38074,"Demand":1.0,"DemandMax":null,"Value":11.115636968159999},{"Length":2.797544,"Height":3.968328,"Demand":1.0,"DemandMax":null,"Value":11.101572186432},{"Length":4.023598,"Height":2.75269,"Demand":1.0,"DemandMax":null,"Value":11.075717978619998},{"Length":4.345656,"Height":2.532531,"Demand":1.0,"DemandMax":null,"Value":11.005508535336},{"Length":5.422486,"Height":2.029021,"Demand":1.0,"DemandMax":null,"Value":11.002337966206001},{"Length":2.095173,"Height":5.222446,"Demand":1.0,"DemandMax":null,"Value":10.941927853157999},{"Length":2.923687,"Height":3.732992,"Demand":1.0,"DemandMax":null,"Value":10.914100181504},{"Length":3.474192,"Height":3.137375,"Demand":1.0,"DemandMax":null,"Value":10.899843126},{"Length":4.962837,"Height":2.195687,"Demand":1.0,"DemandMax":null,"Value":10.896836684019},{"Length":4.303736,"Height":2.523104,"Demand":1.0,"DemandMax":null,"Value":10.858773516544},{"Length":3.79334,"Height":2.862343,"Demand":1.0,"DemandMax":null,"Value":10.857840195620002},{"Length":1.792793,"Height":6.052253,"Demand":1.0,"DemandMax":null,"Value":10.850436812629},{"Length":4.131758,"Height":2.619815,"Demand":1.0,"DemandMax":null,"Value":10.82444158477},{"Length":2.683473,"Height":4.025698,"Demand":1.0,"DemandMax":null,"Value":10.802851889154},{"Length":2.893503,"Height":3.731812,"Demand":1.0,"DemandMax":null,"Value":10.798009217436},{"Length":2.735666,"Height":3.933256,"Demand":1.0,"DemandMax":null,"Value":10.760074708496001},{"Length":2.741787,"Height":3.920845,"Demand":1.0,"DemandMax":null,"Value":10.750121850014999},{"Length":2.897452,"Height":3.705734,"Demand":1.0,"DemandMax":null,"Value":10.737186389768},{"Length":3.472843,"Height":3.083086,"Demand":1.0,"DemandMax":null,"Value":10.707073633498002},{"Length":3.715807,"Height":2.881077,"Demand":1.0,"DemandMax":null,"Value":10.705526084138999},{"Length":3.077512,"Height":3.473906,"Demand":1.0,"DemandMax":null,"Value":10.690987401872},{"Length":4.94731,"Height":2.155326,"Demand":1.0,"DemandMax":null,"Value":10.66306587306},{"Length":2.426656,"Height":4.391286,"Demand":1.0,"DemandMax":null,"Value":10.656140519615999},{"Length":2.979574,"Height":3.551221,"Demand":1.0,"DemandMax":null,"Value":10.581125759854},{"Length":2.461702,"Height":4.292645,"Demand":1.0,"DemandMax":null,"Value":10.56721278179},{"Length":6.270883,"Height":1.684544,"Demand":1.0,"DemandMax":null,"Value":10.563578332352002},{"Length":2.804439,"Height":3.764698,"Demand":1.0,"DemandMax":null,"Value":10.557865894422},{"Length":2.857146,"Height":3.694735,"Demand":1.0,"DemandMax":null,"Value":10.556397326310002},{"Length":3.395714,"Height":3.10128,"Demand":1.0,"DemandMax":null,"Value":10.53105991392},{"Length":2.683473,"Height":3.918812,"Demand":1.0,"DemandMax":null,"Value":10.516026194076002},{"Length":5.91363,"Height":1.776553,"Demand":1.0,"DemandMax":null,"Value":10.505877117390002},{"Length":2.560941,"Height":4.101723,"Demand":1.0,"DemandMax":null,"Value":10.504270601343},{"Length":2.789776,"Height":3.764698,"Demand":1.0,"DemandMax":null,"Value":10.502664127648},{"Length":3.109978,"Height":3.370782,"Demand":1.0,"DemandMax":null,"Value":10.483057862796},{"Length":2.560941,"Height":4.08625,"Demand":1.0,"DemandMax":null,"Value":10.464645161249999},{"Length":4.105389,"Height":2.547259,"Demand":1.0,"DemandMax":null,"Value":10.457489078751},{"Length":2.958663,"Height":3.532985,"Demand":1.0,"DemandMax":null,"Value":10.452911999055},{"Length":3.24757,"Height":3.21632,"Demand":1.0,"DemandMax":null,"Value":10.445224342400001},{"Length":4.640263,"Height":2.248881,"Demand":1.0,"DemandMax":null,"Value":10.435399295703},{"Length":5.125909,"Height":2.034998,"Demand":1.0,"DemandMax":null,"Value":10.431214563182},{"Length":3.032746,"Height":3.436073,"Demand":1.0,"DemandMax":null,"Value":10.420736646458},{"Length":5.779181,"Height":1.801559,"Demand":1.0,"DemandMax":null,"Value":10.411535543179},{"Length":3.74804,"Height":2.777133,"Demand":1.0,"DemandMax":null,"Value":10.40880556932},{"Length":3.300977,"Height":3.137375,"Demand":1.0,"DemandMax":null,"Value":10.356402715375001},{"Length":4.049422,"Height":2.55583,"Demand":1.0,"DemandMax":null,"Value":10.34963423026},{"Length":1.612848,"Height":6.408817,"Demand":1.0,"DemandMax":null,"Value":10.336447680816},{"Length":3.349598,"Height":3.07838,"Demand":1.0,"DemandMax":null,"Value":10.31133549124},{"Length":2.566647,"Height":4.016274,"Demand":1.0,"DemandMax":null,"Value":10.308357613278},{"Length":4.582986,"Height":2.237662,"Demand":1.0,"DemandMax":null,"Value":10.255173618732},{"Length":2.857146,"Height":3.58493,"Demand":1.0,"DemandMax":null,"Value":10.24266840978},{"Length":2.060637,"Height":4.968221,"Demand":1.0,"DemandMax":null,"Value":10.237700016776998},{"Length":5.588798,"Height":1.827963,"Demand":1.0,"DemandMax":null,"Value":10.216115958474},{"Length":2.977874,"Height":3.428675,"Demand":1.0,"DemandMax":null,"Value":10.21016213695},{"Length":2.704795,"Height":3.772847,"Demand":1.0,"DemandMax":null,"Value":10.204777701365},{"Length":6.21462,"Height":1.641913,"Demand":1.0,"DemandMax":null,"Value":10.20386536806},{"Length":1.796746,"Height":5.678785,"Demand":1.0,"DemandMax":null,"Value":10.20333423361},{"Length":3.472843,"Height":2.932039,"Demand":1.0,"DemandMax":null,"Value":10.182511116877},{"Length":2.936869,"Height":3.463653,"Demand":1.0,"DemandMax":null,"Value":10.172295122457001},{"Length":2.862389,"Height":3.541251,"Demand":1.0,"DemandMax":null,"Value":10.136437908639},{"Length":2.450219,"Height":4.107373,"Demand":1.0,"DemandMax":null,"Value":10.063963364687},{"Length":3.091064,"Height":3.248968,"Demand":1.0,"DemandMax":null,"Value":10.042768021952},{"Length":1.77474,"Height":5.648631,"Demand":1.0,"DemandMax":null,"Value":10.02485138094},{"Length":1.962968,"Height":5.106328,"Demand":1.0,"DemandMax":null,"Value":10.023558461504},{"Length":1.798609,"Height":5.554343,"Demand":1.0,"DemandMax":null,"Value":9.990091308887},{"Length":3.511044,"Height":2.834826,"Demand":1.0,"DemandMax":null,"Value":9.953198818344001},{"Length":1.904171,"Height":5.222446,"Demand":1.0,"DemandMax":null,"Value":9.944430222266},{"Length":3.218609,"Height":3.088972,"Demand":1.0,"DemandMax":null,"Value":9.942193079948},{"Length":2.846605,"Height":3.490508,"Demand":1.0,"DemandMax":null,"Value":9.93609752534},{"Length":2.580753,"Height":3.847309,"Demand":1.0,"DemandMax":null,"Value":9.9289542436770013},{"Length":3.472843,"Height":2.857705,"Demand":1.0,"DemandMax":null,"Value":9.924360805315},{"Length":5.536972,"Height":1.791668,"Demand":1.0,"DemandMax":null,"Value":9.920415549296},{"Length":3.438364,"Height":2.878488,"Demand":1.0,"DemandMax":null,"Value":9.897289513632},{"Length":4.34004,"Height":2.277321,"Demand":1.0,"DemandMax":null,"Value":9.8836642328400011},{"Length":4.457827,"Height":2.216814,"Demand":1.0,"DemandMax":null,"Value":9.882173303178},{"Length":2.897452,"Height":3.404786,"Demand":1.0,"DemandMax":null,"Value":9.865204005272},{"Length":2.888109,"Height":3.412648,"Demand":1.0,"DemandMax":null,"Value":9.856099402632},{"Length":3.182428,"Height":3.09622,"Demand":1.0,"DemandMax":null,"Value":9.85349722216},{"Length":3.174019,"Height":3.102747,"Demand":1.0,"DemandMax":null,"Value":9.848177930193},{"Length":4.131758,"Height":2.380308,"Demand":1.0,"DemandMax":null,"Value":9.8348566214639987},{"Length":2.212894,"Height":4.442185,"Demand":1.0,"DemandMax":null,"Value":9.83008453339},{"Length":4.457483,"Height":2.200699,"Demand":1.0,"DemandMax":null,"Value":9.8095783806170012},{"Length":2.961541,"Height":3.311145,"Demand":1.0,"DemandMax":null,"Value":9.806091674445},{"Length":2.936869,"Height":3.333463,"Demand":1.0,"DemandMax":null,"Value":9.789944147347},{"Length":2.344108,"Height":4.155712,"Demand":1.0,"DemandMax":null,"Value":9.741437744896},{"Length":2.802036,"Height":3.476003,"Demand":1.0,"DemandMax":null,"Value":9.739885542108},{"Length":4.672099,"Height":2.079443,"Demand":1.0,"DemandMax":null,"Value":9.715363560857},{"Length":1.95093,"Height":4.968221,"Demand":1.0,"DemandMax":null,"Value":9.69265139553},{"Length":1.784653,"Height":5.4248,"Demand":1.0,"DemandMax":null,"Value":9.6813855944},{"Length":3.027935,"Height":3.196141,"Demand":1.0,"DemandMax":null,"Value":9.677707198835},{"Length":2.958663,"Height":3.267856,"Demand":1.0,"DemandMax":null,"Value":9.6684846365280013},{"Length":5.779181,"Height":1.672347,"Demand":1.0,"DemandMax":null,"Value":9.664796007807},{"Length":2.096361,"Height":4.597179,"Demand":1.0,"DemandMax":null,"Value":9.6373467656189984},{"Length":3.851939,"Height":2.501552,"Demand":1.0,"DemandMax":null,"Value":9.635825709328},{"Length":1.804892,"Height":5.336737,"Demand":1.0,"DemandMax":null,"Value":9.632233917404001},{"Length":2.486881,"Height":3.870158,"Demand":1.0,"DemandMax":null,"Value":9.624622397198},{"Length":2.852977,"Height":3.372928,"Demand":1.0,"DemandMax":null,"Value":9.622886006656},{"Length":5.598509,"Height":1.71835,"Demand":1.0,"DemandMax":null,"Value":9.62019794015},{"Length":3.339543,"Height":2.877958,"Demand":1.0,"DemandMax":null,"Value":9.611064493194},{"Length":3.553219,"Height":2.704119,"Demand":1.0,"DemandMax":null,"Value":9.608327009061},{"Length":2.421132,"Height":3.968328,"Demand":1.0,"DemandMax":null,"Value":9.6078459072960012},{"Length":3.442185,"Height":2.785089,"Demand":1.0,"DemandMax":null,"Value":9.586791579465},{"Length":1.789617,"Height":5.353401,"Demand":1.0,"DemandMax":null,"Value":9.580537437417},{"Length":1.74663,"Height":5.481236,"Demand":1.0,"DemandMax":null,"Value":9.57369123468},{"Length":3.135941,"Height":3.048589,"Demand":1.0,"DemandMax":null,"Value":9.5601952372490011},{"Length":3.931195,"Height":2.429482,"Demand":1.0,"DemandMax":null,"Value":9.5507674909900011},{"Length":4.897977,"Height":1.948732,"Demand":1.0,"DemandMax":null,"Value":9.544844515164},{"Length":3.130362,"Height":3.048589,"Demand":1.0,"DemandMax":null,"Value":9.543187159218},{"Length":2.478363,"Height":3.849962,"Demand":1.0,"DemandMax":null,"Value":9.541603372206},{"Length":1.817847,"Height":5.238327,"Demand":1.0,"DemandMax":null,"Value":9.522477021969},{"Length":2.27767,"Height":4.174784,"Demand":1.0,"DemandMax":null,"Value":9.50878027328},{"Length":5.934913,"Height":1.597708,"Demand":1.0,"DemandMax":null,"Value":9.4822579794039985},{"Length":3.530477,"Height":2.682207,"Demand":1.0,"DemandMax":null,"Value":9.4694701227389988},{"Length":1.63455,"Height":5.786696,"Demand":1.0,"DemandMax":null,"Value":9.4586439468},{"Length":2.175025,"Height":4.345662,"Demand":1.0,"DemandMax":null,"Value":9.4519234915500014},{"Length":4.131758,"Height":2.284946,"Demand":1.0,"DemandMax":null,"Value":9.440843915068},{"Length":6.022564,"Height":1.567103,"Demand":1.0,"DemandMax":null,"Value":9.437978112091999},{"Length":3.257098,"Height":2.896117,"Demand":1.0,"DemandMax":null,"Value":9.432936888466},{"Length":2.977874,"Height":3.166371,"Demand":1.0,"DemandMax":null,"Value":9.4290538752539987},{"Length":2.408801,"Height":3.913544,"Demand":1.0,"DemandMax":null,"Value":9.426948700744},{"Length":4.190257,"Height":2.248685,"Demand":1.0,"DemandMax":null,"Value":9.422568062045},{"Length":1.667993,"Height":5.648785,"Demand":1.0,"DemandMax":null,"Value":9.4221338385050011},{"Length":5.91363,"Height":1.592917,"Demand":1.0,"DemandMax":null,"Value":9.41992175871},{"Length":4.390746,"Height":2.142521,"Demand":1.0,"DemandMax":null,"Value":9.407265510665999},{"Length":2.370381,"Height":3.968328,"Demand":1.0,"DemandMax":null,"Value":9.406449292968},{"Length":3.261603,"Height":2.88324,"Demand":1.0,"DemandMax":null,"Value":9.40398423372},{"Length":1.799914,"Height":5.222446,"Demand":1.0,"DemandMax":null,"Value":9.3999536696439989},{"Length":2.400671,"Height":3.897092,"Demand":1.0,"DemandMax":null,"Value":9.355635748732},{"Length":2.099343,"Height":4.456191,"Demand":1.0,"DemandMax":null,"Value":9.355073382513},{"Length":2.178617,"Height":4.292645,"Demand":1.0,"DemandMax":null,"Value":9.3520293719650009},{"Length":3.302386,"Height":2.829406,"Demand":1.0,"DemandMax":null,"Value":9.3437907627159991},{"Length":4.131758,"Height":2.258793,"Demand":1.0,"DemandMax":null,"Value":9.3327860480939986},{"Length":3.870539,"Height":2.410537,"Demand":1.0,"DemandMax":null,"Value":9.3300774694430011},{"Length":2.862389,"Height":3.255865,"Demand":1.0,"DemandMax":null,"Value":9.319552161485},{"Length":2.598168,"Height":3.586957,"Demand":1.0,"DemandMax":null,"Value":9.319516894776},{"Length":4.049422,"Height":2.301249,"Demand":1.0,"DemandMax":null,"Value":9.3187283280779987},{"Length":5.460843,"Height":1.705074,"Demand":1.0,"DemandMax":null,"Value":9.311141417382},{"Length":2.704795,"Height":3.441156,"Demand":1.0,"DemandMax":null,"Value":9.30762154302},{"Length":1.650059,"Height":5.640427,"Demand":1.0,"DemandMax":null,"Value":9.307037335193},{"Length":4.672189,"Height":1.991919,"Demand":1.0,"DemandMax":null,"Value":9.306622040691},{"Length":2.593244,"Height":3.586957,"Demand":1.0,"DemandMax":null,"Value":9.301854718508},{"Length":5.125909,"Height":1.813899,"Demand":1.0,"DemandMax":null,"Value":9.297881209190999},{"Length":2.12766,"Height":4.364593,"Demand":1.0,"DemandMax":null,"Value":9.28636994238},{"Length":2.831779,"Height":3.277431,"Demand":1.0,"DemandMax":null,"Value":9.280960279749},{"Length":4.34004,"Height":2.137781,"Demand":1.0,"DemandMax":null,"Value":9.2780550512399991},{"Length":1.689125,"Height":5.481236,"Demand":1.0,"DemandMax":null,"Value":9.2584927585},{"Length":2.42947,"Height":3.810105,"Demand":1.0,"DemandMax":null,"Value":9.2565357943499986},{"Length":2.961541,"Height":3.125192,"Demand":1.0,"DemandMax":null,"Value":9.255384240872},{"Length":2.344108,"Height":3.947653,"Demand":1.0,"DemandMax":null,"Value":9.253724978524},{"Length":2.875791,"Height":3.21632,"Demand":1.0,"DemandMax":null,"Value":9.24946410912},{"Length":2.927972,"Height":3.152045,"Demand":1.0,"DemandMax":null,"Value":9.22909950274},{"Length":5.445595,"Height":1.690671,"Demand":1.0,"DemandMax":null,"Value":9.206709544245},{"Length":1.69567,"Height":5.4248,"Demand":1.0,"DemandMax":null,"Value":9.1986706160000011},{"Length":2.686969,"Height":3.420832,"Demand":1.0,"DemandMax":null,"Value":9.191669538208},{"Length":2.355386,"Height":3.900122,"Demand":1.0,"DemandMax":null,"Value":9.1862927570920014},{"Length":5.424275,"Height":1.690719,"Demand":1.0,"DemandMax":null,"Value":9.170924803725},{"Length":3.675043,"Height":2.495071,"Demand":1.0,"DemandMax":null,"Value":9.169493213053},{"Length":2.927972,"Height":3.129972,"Demand":1.0,"DemandMax":null,"Value":9.164470376784},{"Length":3.302386,"Height":2.772887,"Demand":1.0,"DemandMax":null,"Value":9.157143208382},{"Length":3.250656,"Height":2.816936,"Demand":1.0,"DemandMax":null,"Value":9.1568899100160017},{"Length":3.303601,"Height":2.77077,"Demand":1.0,"DemandMax":null,"Value":9.1535185427700014},{"Length":1.621101,"Height":5.640427,"Demand":1.0,"DemandMax":null,"Value":9.143701850127},{"Length":1.962847,"Height":4.654882,"Demand":1.0,"DemandMax":null,"Value":9.1368211690539987},{"Length":2.397858,"Height":3.810105,"Demand":1.0,"DemandMax":null,"Value":9.1360907550899988},{"Length":4.046487,"Height":2.256713,"Demand":1.0,"DemandMax":null,"Value":9.131759817231},{"Length":3.005784,"Height":3.035333,"Demand":1.0,"DemandMax":null,"Value":9.123555366071999},{"Length":2.400671,"Height":3.799909,"Demand":1.0,"DemandMax":null,"Value":9.122331338939},{"Length":5.934704,"Height":1.536555,"Demand":1.0,"DemandMax":null,"Value":9.1189991047199985},{"Length":3.442185,"Height":2.648666,"Demand":1.0,"DemandMax":null,"Value":9.11719837521},{"Length":3.74804,"Height":2.432444,"Demand":1.0,"DemandMax":null,"Value":9.11689740976},{"Length":6.022564,"Height":1.513718,"Demand":1.0,"DemandMax":null,"Value":9.116463532952},{"Length":2.354386,"Height":3.870158,"Demand":1.0,"DemandMax":null,"Value":9.111845812988},{"Length":3.934906,"Height":2.31485,"Demand":1.0,"DemandMax":null,"Value":9.1087171540999989},{"Length":2.212894,"Height":4.11107,"Demand":1.0,"DemandMax":null,"Value":9.09736213658},{"Length":2.329438,"Height":3.900122,"Demand":1.0,"DemandMax":null,"Value":9.0850923914360013},{"Length":5.384686,"Height":1.686487,"Demand":1.0,"DemandMax":null,"Value":9.081202938082},{"Length":2.61026,"Height":3.473906,"Demand":1.0,"DemandMax":null,"Value":9.0677978755599984},{"Length":2.153168,"Height":4.209043,"Demand":1.0,"DemandMax":null,"Value":9.062776698224},{"Length":2.033483,"Height":4.456191,"Demand":1.0,"DemandMax":null,"Value":9.061588643252998},{"Length":3.065937,"Height":2.955301,"Demand":1.0,"DemandMax":null,"Value":9.060766682037},{"Length":1.603167,"Height":5.648785,"Demand":1.0,"DemandMax":null,"Value":9.055945702095},{"Length":1.708654,"Height":5.297984,"Demand":1.0,"DemandMax":null,"Value":9.0524215535359982},{"Length":2.348965,"Height":3.849962,"Demand":1.0,"DemandMax":null,"Value":9.04342598933},{"Length":5.228734,"Height":1.727637,"Demand":1.0,"DemandMax":null,"Value":9.033354321558},{"Length":2.330042,"Height":3.873588,"Demand":1.0,"DemandMax":null,"Value":9.025622730696},{"Length":1.559694,"Height":5.786696,"Demand":1.0,"DemandMax":null,"Value":9.025475031024},{"Length":4.841267,"Height":1.864101,"Demand":1.0,"DemandMax":null,"Value":9.024610655967},{"Length":3.134268,"Height":2.877958,"Demand":1.0,"DemandMax":null,"Value":9.020291664744},{"Length":1.720838,"Height":5.238327,"Demand":1.0,"DemandMax":null,"Value":9.014312158026},{"Length":5.384686,"Height":1.67256,"Demand":1.0,"DemandMax":null,"Value":9.00621041616},{"Length":5.598509,"Height":1.608585,"Demand":1.0,"DemandMax":null,"Value":9.0056775997649989},{"Length":2.953779,"Height":3.04763,"Demand":1.0,"DemandMax":null,"Value":9.0020254937699988},{"Length":1.984743,"Height":4.534692,"Demand":1.0,"DemandMax":null,"Value":9.000198204156},{"Length":2.906682,"Height":3.09622,"Demand":1.0,"DemandMax":null,"Value":8.99972694204},{"Length":2.952524,"Height":3.04763,"Demand":1.0,"DemandMax":null,"Value":8.99820071812},{"Length":5.802441,"Height":1.550712,"Demand":1.0,"DemandMax":null,"Value":8.997914887992},{"Length":5.802441,"Height":1.549903,"Demand":1.0,"DemandMax":null,"Value":8.993220713223},{"Length":2.663417,"Height":3.372928,"Demand":1.0,"DemandMax":null,"Value":8.983513774976},{"Length":3.347446,"Height":2.682823,"Demand":1.0,"DemandMax":null,"Value":8.980605120058},{"Length":3.347029,"Height":2.682823,"Demand":1.0,"DemandMax":null,"Value":8.979486382867},{"Length":3.79334,"Height":2.366809,"Demand":1.0,"DemandMax":null,"Value":8.97811125206},{"Length":5.228734,"Height":1.716486,"Demand":1.0,"DemandMax":null,"Value":8.975048708724},{"Length":2.923687,"Height":3.06785,"Demand":1.0,"DemandMax":null,"Value":8.96943316295},{"Length":2.29968,"Height":3.900122,"Demand":1.0,"DemandMax":null,"Value":8.96903256096},{"Length":2.846605,"Height":3.14824,"Demand":1.0,"DemandMax":null,"Value":8.9617957252},{"Length":1.771673,"Height":5.057474,"Demand":1.0,"DemandMax":null,"Value":8.960190134002},{"Length":4.841267,"Height":1.850531,"Demand":1.0,"DemandMax":null,"Value":8.958914662777},{"Length":4.00367,"Height":2.237662,"Demand":1.0,"DemandMax":null,"Value":8.9588602195399982},{"Length":3.536667,"Height":2.532531,"Demand":1.0,"DemandMax":null,"Value":8.956718814177},{"Length":2.27767,"Height":3.928581,"Demand":1.0,"DemandMax":null,"Value":8.94801108627},{"Length":3.862244,"Height":2.31485,"Demand":1.0,"DemandMax":null,"Value":8.9405155234},{"Length":2.779305,"Height":3.212406,"Demand":1.0,"DemandMax":null,"Value":8.92825605783},{"Length":2.249548,"Height":3.968328,"Demand":1.0,"DemandMax":null,"Value":8.926944315744},{"Length":5.934913,"Height":1.502907,"Demand":1.0,"DemandMax":null,"Value":8.919622292091},{"Length":1.939718,"Height":4.597179,"Demand":1.0,"DemandMax":null,"Value":8.917230855522},{"Length":3.045296,"Height":2.925745,"Demand":1.0,"DemandMax":null,"Value":8.90975954552},{"Length":5.445595,"Height":1.635869,"Demand":1.0,"DemandMax":null,"Value":8.908280047055},{"Length":5.536972,"Height":1.607109,"Demand":1.0,"DemandMax":null,"Value":8.8985175339479987},{"Length":5.836679,"Height":1.523317,"Demand":1.0,"DemandMax":null,"Value":8.891112344243},{"Length":1.590748,"Height":5.554343,"Demand":1.0,"DemandMax":null,"Value":8.8355600185640011},{"Length":2.90011,"Height":3.043419,"Demand":1.0,"DemandMax":null,"Value":8.8262498760900012},{"Length":1.618115,"Height":5.437949,"Demand":1.0,"DemandMax":null,"Value":8.799226846135},{"Length":5.588798,"Height":1.570814,"Demand":1.0,"DemandMax":null,"Value":8.7789621415719985},{"Length":2.971358,"Height":2.943408,"Demand":1.0,"DemandMax":null,"Value":8.7459189080639987},{"Length":4.026651,"Height":2.161269,"Demand":1.0,"DemandMax":null,"Value":8.702675980119},{"Length":2.331053,"Height":3.731812,"Demand":1.0,"DemandMax":null,"Value":8.699051558036},{"Length":2.165526,"Height":4.017016,"Demand":1.0,"DemandMax":null,"Value":8.698952590415999},{"Length":5.414874,"Height":1.604114,"Demand":1.0,"DemandMax":null,"Value":8.686075191636},{"Length":4.640263,"Height":1.871542,"Demand":1.0,"DemandMax":null,"Value":8.684447095546},{"Length":2.825704,"Height":3.071344,"Demand":1.0,"DemandMax":null,"Value":8.678709026176},{"Length":1.676398,"Height":5.174037,"Demand":1.0,"DemandMax":null,"Value":8.673745278726},{"Length":1.982457,"Height":4.364593,"Demand":1.0,"DemandMax":null,"Value":8.652617945001},{"Length":4.036079,"Height":2.138023,"Demand":1.0,"DemandMax":null,"Value":8.629229731817},{"Length":4.535164,"Height":1.890228,"Demand":1.0,"DemandMax":null,"Value":8.572493977392},{"Length":3.548169,"Height":2.412818,"Demand":1.0,"DemandMax":null,"Value":8.561086030242},{"Length":4.012132,"Height":2.132661,"Demand":1.0,"DemandMax":null,"Value":8.5565174432520017},{"Length":3.345158,"Height":2.554061,"Demand":1.0,"DemandMax":null,"Value":8.543737586638},{"Length":3.503206,"Height":2.436092,"Demand":1.0,"DemandMax":null,"Value":8.534132110952},{"Length":5.596694,"Height":1.52468,"Demand":1.0,"DemandMax":null,"Value":8.53316740792},{"Length":5.721555,"Height":1.488581,"Demand":1.0,"DemandMax":null,"Value":8.516998063455},{"Length":3.297738,"Height":2.581591,"Demand":1.0,"DemandMax":null,"Value":8.513410741158},{"Length":4.784434,"Height":1.763613,"Demand":1.0,"DemandMax":null,"Value":8.4378900000420014},{"Length":4.1198,"Height":2.044186,"Demand":1.0,"DemandMax":null,"Value":8.4216374827999978},{"Length":2.153612,"Height":3.907697,"Demand":1.0,"DemandMax":null,"Value":8.415663151563999},{"Length":2.356618,"Height":3.570428,"Demand":1.0,"DemandMax":null,"Value":8.414134892504},{"Length":1.481286,"Height":5.678785,"Demand":1.0,"DemandMax":null,"Value":8.4119047175100015},{"Length":2.790776,"Height":3.00579,"Demand":1.0,"DemandMax":null,"Value":8.3884865930400014},{"Length":5.314889,"Height":1.578217,"Demand":1.0,"DemandMax":null,"Value":8.388048172912999},{"Length":2.030189,"Height":4.119894,"Demand":1.0,"DemandMax":null,"Value":8.364163479966},{"Length":3.218609,"Height":2.597318,"Demand":1.0,"DemandMax":null,"Value":8.359751090662},{"Length":1.988486,"Height":4.191527,"Demand":1.0,"DemandMax":null,"Value":8.334792758122},{"Length":3.628997,"Height":2.287739,"Demand":1.0,"DemandMax":null,"Value":8.302197967783},{"Length":5.522602,"Height":1.497294,"Demand":1.0,"DemandMax":null,"Value":8.2689588389879987},{"Length":4.152569,"Height":1.985782,"Demand":1.0,"DemandMax":null,"Value":8.246096773958},{"Length":2.076326,"Height":3.970143,"Demand":1.0,"DemandMax":null,"Value":8.243311134618},{"Length":1.814072,"Height":4.543318,"Demand":1.0,"DemandMax":null,"Value":8.241905970896},{"Length":3.983643,"Height":2.066374,"Demand":1.0,"DemandMax":null,"Value":8.231696320482},{"Length":1.523126,"Height":5.402495,"Demand":1.0,"DemandMax":null,"Value":8.22868059937},{"Length":2.121135,"Height":3.877918,"Demand":1.0,"DemandMax":null,"Value":8.2255875969300014},{"Length":1.531103,"Height":5.353401,"Demand":1.0,"DemandMax":null,"Value":8.196608331303},{"Length":4.962837,"Height":1.648506,"Demand":1.0,"DemandMax":null,"Value":8.181266571522},{"Length":3.530477,"Height":2.312641,"Demand":1.0,"DemandMax":null,"Value":8.164725859757},{"Length":3.349362,"Height":2.436092,"Demand":1.0,"DemandMax":null,"Value":8.159353973304},{"Length":5.398876,"Height":1.507334,"Demand":1.0,"DemandMax":null,"Value":8.1379093565839984},{"Length":5.028022,"Height":1.614748,"Demand":1.0,"DemandMax":null,"Value":8.118988468456001},{"Length":1.965323,"Height":4.128481,"Demand":1.0,"DemandMax":null,"Value":8.113798664363},{"Length":3.095468,"Height":2.618802,"Demand":1.0,"DemandMax":null,"Value":8.106417789336},{"Length":3.851939,"Height":2.101015,"Demand":1.0,"DemandMax":null,"Value":8.0929816180849983},{"Length":4.668984,"Height":1.727964,"Demand":1.0,"DemandMax":null,"Value":8.067836268576},{"Length":1.479889,"Height":5.433754,"Demand":1.0,"DemandMax":null,"Value":8.041352773306},{"Length":1.488148,"Height":5.402495,"Demand":1.0,"DemandMax":null,"Value":8.03971212926},{"Length":2.237487,"Height":3.588215,"Demand":1.0,"DemandMax":null,"Value":8.028584415705},{"Length":5.314889,"Height":1.510024,"Demand":1.0,"DemandMax":null,"Value":8.025609947336001},{"Length":2.426656,"Height":3.305716,"Demand":1.0,"DemandMax":null,"Value":8.021835565696},{"Length":1.429727,"Height":5.595039,"Demand":1.0,"DemandMax":null,"Value":7.999378324353},{"Length":1.98964,"Height":4.017016,"Demand":1.0,"DemandMax":null,"Value":7.99241571424},{"Length":2.702304,"Height":2.956519,"Demand":1.0,"DemandMax":null,"Value":7.989413119776},{"Length":2.248637,"Height":3.547372,"Demand":1.0,"DemandMax":null,"Value":7.976751931964},{"Length":1.505498,"Height":5.297984,"Demand":1.0,"DemandMax":null,"Value":7.9761043160319991},{"Length":1.467654,"Height":5.433754,"Demand":1.0,"DemandMax":null,"Value":7.9748707931160006},{"Length":5.596694,"Height":1.418914,"Demand":1.0,"DemandMax":null,"Value":7.9412274703160008},{"Length":1.467868,"Height":5.401062,"Demand":1.0,"DemandMax":null,"Value":7.928046075815999},{"Length":5.398876,"Height":1.466634,"Demand":1.0,"DemandMax":null,"Value":7.9181751033839989},{"Length":1.721898,"Height":4.597715,"Demand":1.0,"DemandMax":null,"Value":7.9167962630699993},{"Length":3.820276,"Height":2.067693,"Demand":1.0,"DemandMax":null,"Value":7.8991579432679986},{"Length":3.652724,"Height":2.161269,"Demand":1.0,"DemandMax":null,"Value":7.894519146756},{"Length":3.174019,"Height":2.48464,"Demand":1.0,"DemandMax":null,"Value":7.88629456816},{"Length":1.407028,"Height":5.595039,"Demand":1.0,"DemandMax":null,"Value":7.8723765340919991},{"Length":3.59772,"Height":2.187882,"Demand":1.0,"DemandMax":null,"Value":7.8713868290399995},{"Length":3.489118,"Height":2.248685,"Demand":1.0,"DemandMax":null,"Value":7.84592730983},{"Length":1.464055,"Height":5.34131,"Demand":1.0,"DemandMax":null,"Value":7.8199716120500007},{"Length":1.446254,"Height":5.401062,"Demand":1.0,"DemandMax":null,"Value":7.8113075217479988},{"Length":1.753173,"Height":4.451819,"Demand":1.0,"DemandMax":null,"Value":7.8048088716870012},{"Length":2.942162,"Height":2.652659,"Demand":1.0,"DemandMax":null,"Value":7.804552508758},{"Length":3.438364,"Height":2.265512,"Demand":1.0,"DemandMax":null,"Value":7.789654902368},{"Length":3.422793,"Height":2.269247,"Demand":1.0,"DemandMax":null,"Value":7.767162746871},{"Length":1.517355,"Height":5.106328,"Demand":1.0,"DemandMax":null,"Value":7.7481123224400008},{"Length":4.355082,"Height":1.777364,"Demand":1.0,"DemandMax":null,"Value":7.7405659638480007},{"Length":2.760255,"Height":2.798188,"Demand":1.0,"DemandMax":null,"Value":7.72371241794},{"Length":2.08758,"Height":3.696602,"Demand":1.0,"DemandMax":null,"Value":7.71695240316},{"Length":2.62128,"Height":2.943408,"Demand":1.0,"DemandMax":null,"Value":7.71549652224},{"Length":2.529787,"Height":3.043419,"Demand":1.0,"DemandMax":null,"Value":7.6992018217529994},{"Length":2.12648,"Height":3.60825,"Demand":1.0,"DemandMax":null,"Value":7.67287146},{"Length":3.006402,"Height":2.549699,"Demand":1.0,"DemandMax":null,"Value":7.665420172998},{"Length":5.522602,"Height":1.385946,"Demand":1.0,"DemandMax":null,"Value":7.654028151492},{"Length":2.888109,"Height":2.650118,"Demand":1.0,"DemandMax":null,"Value":7.653829646862},{"Length":3.518776,"Height":2.171462,"Demand":1.0,"DemandMax":null,"Value":7.640888370512},{"Length":1.92221,"Height":3.970143,"Demand":1.0,"DemandMax":null,"Value":7.63144857603},{"Length":5.414874,"Height":1.403772,"Demand":1.0,"DemandMax":null,"Value":7.6012485047280007},{"Length":3.344518,"Height":2.269247,"Demand":1.0,"DemandMax":null,"Value":7.5895374379459994},{"Length":5.422486,"Height":1.399429,"Demand":1.0,"DemandMax":null,"Value":7.5883841604940008},{"Length":4.58543,"Height":1.652551,"Demand":1.0,"DemandMax":null,"Value":7.57765693193},{"Length":5.424275,"Height":1.396941,"Demand":1.0,"DemandMax":null,"Value":7.5773921427749995},{"Length":2.028909,"Height":3.731812,"Demand":1.0,"DemandMax":null,"Value":7.5715069531080008},{"Length":3.766902,"Height":2.004032,"Demand":1.0,"DemandMax":null,"Value":7.548992148864},{"Length":1.890829,"Height":3.988849,"Demand":1.0,"DemandMax":null,"Value":7.542231365821},{"Length":1.836542,"Height":4.106412,"Demand":1.0,"DemandMax":null,"Value":7.541598107303999},{"Length":2.597631,"Height":2.896117,"Demand":1.0,"DemandMax":null,"Value":7.5230432988269991},{"Length":3.6008,"Height":2.078997,"Demand":1.0,"DemandMax":null,"Value":7.4860523976000009},{"Length":1.94452,"Height":3.848897,"Demand":1.0,"DemandMax":null,"Value":7.4842571944400005},{"Length":3.005784,"Height":2.48841,"Demand":1.0,"DemandMax":null,"Value":7.47962296344},{"Length":2.184248,"Height":3.420832,"Demand":1.0,"DemandMax":null,"Value":7.4719454543360007},{"Length":3.379944,"Height":2.210264,"Demand":1.0,"DemandMax":null,"Value":7.4705685452160004},{"Length":2.300418,"Height":3.245388,"Demand":1.0,"DemandMax":null,"Value":7.4657489721840005},{"Length":2.316484,"Height":3.21632,"Demand":1.0,"DemandMax":null,"Value":7.4505538188800005},{"Length":2.918422,"Height":2.54656,"Demand":1.0,"DemandMax":null,"Value":7.43193672832},{"Length":2.931776,"Height":2.534754,"Demand":1.0,"DemandMax":null,"Value":7.431330943104},{"Length":4.357851,"Height":1.702543,"Demand":1.0,"DemandMax":null,"Value":7.419428715093},{"Length":1.699369,"Height":4.364593,"Demand":1.0,"DemandMax":null,"Value":7.417054041817},{"Length":1.794742,"Height":4.127213,"Demand":1.0,"DemandMax":null,"Value":7.4072825140460008},{"Length":3.582093,"Height":2.066374,"Demand":1.0,"DemandMax":null,"Value":7.4019438407820006},{"Length":3.755481,"Height":1.967586,"Demand":1.0,"DemandMax":null,"Value":7.389231838866},{"Length":1.949508,"Height":3.786949,"Demand":1.0,"DemandMax":null,"Value":7.382687371092},{"Length":4.134292,"Height":1.784484,"Demand":1.0,"DemandMax":null,"Value":7.3775779253280005},{"Length":2.99755,"Height":2.46037,"Demand":1.0,"DemandMax":null,"Value":7.3750820935000005},{"Length":3.581247,"Height":2.05462,"Demand":1.0,"DemandMax":null,"Value":7.3581017111399989},{"Length":2.769377,"Height":2.655299,"Demand":1.0,"DemandMax":null,"Value":7.353523978723},{"Length":2.670878,"Height":2.75269,"Demand":1.0,"DemandMax":null,"Value":7.35209916182},{"Length":3.303601,"Height":2.224079,"Demand":1.0,"DemandMax":null,"Value":7.3474696084790008},{"Length":4.269449,"Height":1.713747,"Demand":1.0,"DemandMax":null,"Value":7.316755415403},{"Length":3.044618,"Height":2.401907,"Demand":1.0,"DemandMax":null,"Value":7.312889286526},{"Length":1.965185,"Height":3.714274,"Demand":1.0,"DemandMax":null,"Value":7.29923555069},{"Length":2.969553,"Height":2.456291,"Demand":1.0,"DemandMax":null,"Value":7.2940863079229992},{"Length":3.054151,"Height":2.381354,"Demand":1.0,"DemandMax":null,"Value":7.2730147004540004},{"Length":1.433983,"Height":5.057474,"Demand":1.0,"DemandMax":null,"Value":7.252331738942},{"Length":1.356568,"Height":5.34131,"Demand":1.0,"DemandMax":null,"Value":7.24585022408},{"Length":3.733211,"Height":1.939815,"Demand":1.0,"DemandMax":null,"Value":7.241738695965},{"Length":3.045296,"Height":2.370372,"Demand":1.0,"DemandMax":null,"Value":7.2184843701120007},{"Length":3.887063,"Height":1.85681,"Demand":1.0,"DemandMax":null,"Value":7.21753744903},{"Length":3.490243,"Height":2.067836,"Demand":1.0,"DemandMax":null,"Value":7.2172501241479994},{"Length":2.339308,"Height":3.084505,"Demand":1.0,"DemandMax":null,"Value":7.21560722254},{"Length":2.664442,"Height":2.707853,"Demand":1.0,"DemandMax":null,"Value":7.2149172630260008},{"Length":2.096678,"Height":3.433451,"Demand":1.0,"DemandMax":null,"Value":7.1988411757779991},{"Length":2.856972,"Height":2.515037,"Demand":1.0,"DemandMax":null,"Value":7.1853902879639993},{"Length":1.34585,"Height":5.336737,"Demand":1.0,"DemandMax":null,"Value":7.1824474914500005},{"Length":2.993014,"Height":2.399494,"Demand":1.0,"DemandMax":null,"Value":7.1817191349159994},{"Length":3.455725,"Height":2.076854,"Demand":1.0,"DemandMax":null,"Value":7.17703628915},{"Length":2.274681,"Height":3.150736,"Demand":1.0,"DemandMax":null,"Value":7.1669193152160009},{"Length":3.699624,"Height":1.93682,"Demand":1.0,"DemandMax":null,"Value":7.16550575568},{"Length":4.784434,"Height":1.49546,"Demand":1.0,"DemandMax":null,"Value":7.15492966964},{"Length":1.747225,"Height":4.09332,"Demand":1.0,"DemandMax":null,"Value":7.1519510370000008},{"Length":2.872484,"Height":2.488959,"Demand":1.0,"DemandMax":null,"Value":7.149494904156},{"Length":2.450219,"Height":2.915957,"Demand":1.0,"DemandMax":null,"Value":7.1447332445830005},{"Length":4.520967,"Height":1.575472,"Demand":1.0,"DemandMax":null,"Value":7.1226569214239994},{"Length":1.984579,"Height":3.588215,"Demand":1.0,"DemandMax":null,"Value":7.121096136485},{"Length":1.8254,"Height":3.900122,"Demand":1.0,"DemandMax":null,"Value":7.1192826988},{"Length":2.331789,"Height":3.05152,"Demand":1.0,"DemandMax":null,"Value":7.1155007692800005},{"Length":5.255836,"Height":1.352056,"Demand":1.0,"DemandMax":null,"Value":7.106184598816},{"Length":5.028022,"Height":1.410817,"Demand":1.0,"DemandMax":null,"Value":7.093618913974},{"Length":3.340757,"Height":2.12286,"Demand":1.0,"DemandMax":null,"Value":7.0919594050200008},{"Length":1.368898,"Height":5.174037,"Demand":1.0,"DemandMax":null,"Value":7.082728901226},{"Length":3.490243,"Height":2.026845,"Demand":1.0,"DemandMax":null,"Value":7.0741815733349993},{"Length":2.011595,"Height":3.510183,"Demand":1.0,"DemandMax":null,"Value":7.0610665718849992},{"Length":3.28863,"Height":2.142521,"Demand":1.0,"DemandMax":null,"Value":7.04595883623},{"Length":2.759629,"Height":2.547259,"Demand":1.0,"DemandMax":null,"Value":7.0294898069109992},{"Length":3.216446,"Height":2.184142,"Demand":1.0,"DemandMax":null,"Value":7.0251747993319995},{"Length":4.153998,"Height":1.690858,"Demand":1.0,"DemandMax":null,"Value":7.0238207502839991},{"Length":2.859392,"Height":2.456291,"Demand":1.0,"DemandMax":null,"Value":7.023498835072},{"Length":3.370391,"Height":2.081486,"Demand":1.0,"DemandMax":null,"Value":7.015421681026},{"Length":3.133919,"Height":2.235746,"Demand":1.0,"DemandMax":null,"Value":7.0066468685739993},{"Length":4.036079,"Height":1.719063,"Demand":1.0,"DemandMax":null,"Value":6.938274073977},{"Length":3.395714,"Height":2.04272,"Demand":1.0,"DemandMax":null,"Value":6.93649290208},{"Length":1.877639,"Height":3.692803,"Demand":1.0,"DemandMax":null,"Value":6.933750932117},{"Length":3.79334,"Height":1.827836,"Demand":1.0,"DemandMax":null,"Value":6.93360341224},{"Length":2.663645,"Height":2.599136,"Demand":1.0,"DemandMax":null,"Value":6.9231756107199995},{"Length":2.760255,"Height":2.500824,"Demand":1.0,"DemandMax":null,"Value":6.90291195012},{"Length":1.457912,"Height":4.73097,"Demand":1.0,"DemandMax":null,"Value":6.89733793464},{"Length":2.192701,"Height":3.136856,"Demand":1.0,"DemandMax":null,"Value":6.878187288056},{"Length":1.95415,"Height":3.518688,"Demand":1.0,"DemandMax":null,"Value":6.8760441552000007},{"Length":1.644315,"Height":4.18166,"Demand":1.0,"DemandMax":null,"Value":6.8759662629},{"Length":3.34105,"Height":2.05462,"Demand":1.0,"DemandMax":null,"Value":6.8645881509999995},{"Length":2.790776,"Height":2.458589,"Demand":1.0,"DemandMax":null,"Value":6.861371175064},{"Length":3.284401,"Height":2.084699,"Demand":1.0,"DemandMax":null,"Value":6.846987480299},{"Length":2.061921,"Height":3.316481,"Demand":1.0,"DemandMax":null,"Value":6.838321820001},{"Length":3.483569,"Height":1.962777,"Demand":1.0,"DemandMax":null,"Value":6.837469111113},{"Length":1.482612,"Height":4.611322,"Demand":1.0,"DemandMax":null,"Value":6.8368013330640007},{"Length":1.990722,"Height":3.433451,"Demand":1.0,"DemandMax":null,"Value":6.835046441622},{"Length":2.979491,"Height":2.293767,"Demand":1.0,"DemandMax":null,"Value":6.8342581325969993},{"Length":1.843614,"Height":3.696602,"Demand":1.0,"DemandMax":null,"Value":6.8151071996280006},{"Length":2.663645,"Height":2.55762,"Demand":1.0,"DemandMax":null,"Value":6.8125917249},{"Length":2.769377,"Height":2.459501,"Demand":1.0,"DemandMax":null,"Value":6.811285500877},{"Length":4.705287,"Height":1.444795,"Demand":1.0,"DemandMax":null,"Value":6.798175131165},{"Length":2.39526,"Height":2.834826,"Demand":1.0,"DemandMax":null,"Value":6.79014532476},{"Length":1.3528,"Height":5.015508,"Demand":1.0,"DemandMax":null,"Value":6.7849792224},{"Length":1.468494,"Height":4.609735,"Demand":1.0,"DemandMax":null,"Value":6.76936818909},{"Length":2.913836,"Height":2.3231,"Demand":1.0,"DemandMax":null,"Value":6.7691324116},{"Length":4.897977,"Height":1.381498,"Demand":1.0,"DemandMax":null,"Value":6.7665454295459995},{"Length":2.81017,"Height":2.40379,"Demand":1.0,"DemandMax":null,"Value":6.7550585442999989},{"Length":2.341564,"Height":2.88324,"Demand":1.0,"DemandMax":null,"Value":6.7512909873599991},{"Length":3.701141,"Height":1.816191,"Demand":1.0,"DemandMax":null,"Value":6.721978973931},{"Length":3.379944,"Height":1.988176,"Demand":1.0,"DemandMax":null,"Value":6.719923542144},{"Length":4.012132,"Height":1.672124,"Demand":1.0,"DemandMax":null,"Value":6.708782208368},{"Length":2.663645,"Height":2.517304,"Demand":1.0,"DemandMax":null,"Value":6.70520421308},{"Length":3.218783,"Height":2.079443,"Demand":1.0,"DemandMax":null,"Value":6.693275777869},{"Length":3.027935,"Height":2.206354,"Demand":1.0,"DemandMax":null,"Value":6.68069649899},{"Length":2.735666,"Height":2.439185,"Demand":1.0,"DemandMax":null,"Value":6.6727954722100007},{"Length":2.081524,"Height":3.194569,"Demand":1.0,"DemandMax":null,"Value":6.649572043156},{"Length":1.401886,"Height":4.73097,"Demand":1.0,"DemandMax":null,"Value":6.63228060942},{"Length":1.902003,"Height":3.483393,"Demand":1.0,"DemandMax":null,"Value":6.6254239361790006},{"Length":1.890829,"Height":3.497927,"Demand":1.0,"DemandMax":null,"Value":6.613981811483},{"Length":1.514238,"Height":4.364593,"Demand":1.0,"DemandMax":null,"Value":6.609032575134},{"Length":1.605924,"Height":4.113388,"Demand":1.0,"DemandMax":null,"Value":6.6057885105119993},{"Length":3.937387,"Height":1.674441,"Demand":1.0,"DemandMax":null,"Value":6.592922225667},{"Length":4.705287,"Height":1.400117,"Demand":1.0,"DemandMax":null,"Value":6.587952318579001},{"Length":1.648499,"Height":3.994661,"Demand":1.0,"DemandMax":null,"Value":6.5851946638389993},{"Length":4.357851,"Height":1.510354,"Demand":1.0,"DemandMax":null,"Value":6.581897689254},{"Length":3.364744,"Height":1.952926,"Demand":1.0,"DemandMax":null,"Value":6.571096040944},{"Length":2.81017,"Height":2.334799,"Demand":1.0,"DemandMax":null,"Value":6.5611821058299995},{"Length":3.450881,"Height":1.901027,"Demand":1.0,"DemandMax":null,"Value":6.5602179547869994},{"Length":2.85786,"Height":2.293088,"Demand":1.0,"DemandMax":null,"Value":6.55332447168},{"Length":2.051302,"Height":3.194569,"Demand":1.0,"DemandMax":null,"Value":6.553025778838},{"Length":1.988486,"Height":3.295249,"Demand":1.0,"DemandMax":null,"Value":6.552556503014},{"Length":3.441875,"Height":1.901027,"Demand":1.0,"DemandMax":null,"Value":6.543097305625},{"Length":2.644091,"Height":2.471825,"Demand":1.0,"DemandMax":null,"Value":6.535730236075},{"Length":2.957801,"Height":2.208521,"Demand":1.0,"DemandMax":null,"Value":6.5323656223210005},{"Length":3.020486,"Height":2.158327,"Demand":1.0,"DemandMax":null,"Value":6.519196486922},{"Length":1.78213,"Height":3.653594,"Demand":1.0,"DemandMax":null,"Value":6.51117947522},{"Length":2.300418,"Height":2.823934,"Demand":1.0,"DemandMax":null,"Value":6.496228604412},{"Length":4.003214,"Height":1.62123,"Demand":1.0,"DemandMax":null,"Value":6.49013063322},{"Length":3.05954,"Height":2.11908,"Demand":1.0,"DemandMax":null,"Value":6.4834100232},{"Length":2.819623,"Height":2.293767,"Demand":1.0,"DemandMax":null,"Value":6.4675581898409993},{"Length":2.607908,"Height":2.476799,"Demand":1.0,"DemandMax":null,"Value":6.459263926492},{"Length":2.085756,"Height":3.09622,"Demand":1.0,"DemandMax":null,"Value":6.45795944232},{"Length":2.875511,"Height":2.241189,"Demand":1.0,"DemandMax":null,"Value":6.4445636225789995},{"Length":3.851939,"Height":1.672424,"Demand":1.0,"DemandMax":null,"Value":6.4420752301359991},{"Length":1.591421,"Height":4.031626,"Demand":1.0,"DemandMax":null,"Value":6.416014280546},{"Length":2.331789,"Height":2.75139,"Demand":1.0,"DemandMax":null,"Value":6.41566093671},{"Length":2.529066,"Height":2.534754,"Demand":1.0,"DemandMax":null,"Value":6.410560159764},{"Length":2.860153,"Height":2.241189,"Demand":1.0,"DemandMax":null,"Value":6.410143441917},{"Length":4.269449,"Height":1.499202,"Demand":1.0,"DemandMax":null,"Value":6.4007664796979995},{"Length":2.583884,"Height":2.476799,"Demand":1.0,"DemandMax":null,"Value":6.399761307316},{"Length":2.857146,"Height":2.239032,"Demand":1.0,"DemandMax":null,"Value":6.397241322672},{"Length":2.061921,"Height":3.092336,"Demand":1.0,"DemandMax":null,"Value":6.376152537456},{"Length":1.74458,"Height":3.652629,"Demand":1.0,"DemandMax":null,"Value":6.37230350082},{"Length":2.12973,"Height":2.990417,"Demand":1.0,"DemandMax":null,"Value":6.3687807974099995},{"Length":3.591423,"Height":1.772971,"Demand":1.0,"DemandMax":null,"Value":6.367488827733},{"Length":3.513591,"Height":1.812142,"Demand":1.0,"DemandMax":null,"Value":6.3671258219219995},{"Length":1.66347,"Height":3.821944,"Demand":1.0,"DemandMax":null,"Value":6.35768918568},{"Length":2.441768,"Height":2.600004,"Demand":1.0,"DemandMax":null,"Value":6.3486065670720011},{"Length":1.845929,"Height":3.433451,"Demand":1.0,"DemandMax":null,"Value":6.3379067709789991},{"Length":3.064647,"Height":2.067693,"Demand":1.0,"DemandMax":null,"Value":6.3367491493709993},{"Length":1.782481,"Height":3.553656,"Demand":1.0,"DemandMax":null,"Value":6.334324300536},{"Length":2.47757,"Height":2.554061,"Demand":1.0,"DemandMax":null,"Value":6.32786491177},{"Length":2.954799,"Height":2.139807,"Demand":1.0,"DemandMax":null,"Value":6.3226995837929989},{"Length":1.25729,"Height":5.015508,"Demand":1.0,"DemandMax":null,"Value":6.30594805332},{"Length":2.100624,"Height":3.000504,"Demand":1.0,"DemandMax":null,"Value":6.3029307144959992},{"Length":4.454238,"Height":1.414035,"Demand":1.0,"DemandMax":null,"Value":6.29844843033},{"Length":2.172114,"Height":2.895454,"Demand":1.0,"DemandMax":null,"Value":6.289256169756},{"Length":2.126401,"Height":2.950732,"Demand":1.0,"DemandMax":null,"Value":6.274439475532},{"Length":4.153998,"Height":1.509917,"Demand":1.0,"DemandMax":null,"Value":6.272192198166},{"Length":1.421598,"Height":4.402298,"Demand":1.0,"DemandMax":null,"Value":6.2582980322039994},{"Length":4.520967,"Height":1.3807,"Demand":1.0,"DemandMax":null,"Value":6.2420991368999994},{"Length":3.10725,"Height":2.008561,"Demand":1.0,"DemandMax":null,"Value":6.2411011672499992},{"Length":2.883952,"Height":2.161482,"Demand":1.0,"DemandMax":null,"Value":6.2336103368639995},{"Length":3.166815,"Height":1.967586,"Demand":1.0,"DemandMax":null,"Value":6.2309808585900006},{"Length":3.065937,"Height":2.032013,"Demand":1.0,"DemandMax":null,"Value":6.230023841181},{"Length":2.680378,"Height":2.3231,"Demand":1.0,"DemandMax":null,"Value":6.2267861318000008},{"Length":3.240161,"Height":1.921285,"Demand":1.0,"DemandMax":null,"Value":6.225272726885},{"Length":1.668053,"Height":3.731812,"Demand":1.0,"DemandMax":null,"Value":6.224860202036},{"Length":3.770234,"Height":1.650235,"Demand":1.0,"DemandMax":null,"Value":6.2217721049899994},{"Length":1.623517,"Height":3.829556,"Demand":1.0,"DemandMax":null,"Value":6.2173492684520006},{"Length":2.103364,"Height":2.950732,"Demand":1.0,"DemandMax":null,"Value":6.206463462448},{"Length":3.265766,"Height":1.894569,"Demand":1.0,"DemandMax":null,"Value":6.187219024854},{"Length":1.999369,"Height":3.092146,"Demand":1.0,"DemandMax":null,"Value":6.182340855874},{"Length":4.31508,"Height":1.432449,"Demand":1.0,"DemandMax":null,"Value":6.1811320309200006},{"Length":3.185299,"Height":1.93682,"Demand":1.0,"DemandMax":null,"Value":6.16935080918},{"Length":1.385642,"Height":4.451819,"Demand":1.0,"DemandMax":null,"Value":6.1686273827980012},{"Length":3.349598,"Height":1.841012,"Demand":1.0,"DemandMax":null,"Value":6.166650113176},{"Length":1.723661,"Height":3.575423,"Demand":1.0,"DemandMax":null,"Value":6.162817183603},{"Length":2.085291,"Height":2.950732,"Demand":1.0,"DemandMax":null,"Value":6.1531348830119992},{"Length":3.05954,"Height":2.009401,"Demand":1.0,"DemandMax":null,"Value":6.14784273554},{"Length":2.895908,"Height":2.12286,"Demand":1.0,"DemandMax":null,"Value":6.1476072568800006},{"Length":2.32338,"Height":2.636708,"Demand":1.0,"DemandMax":null,"Value":6.1260746330399991},{"Length":3.280728,"Height":1.865314,"Demand":1.0,"DemandMax":null,"Value":6.1195878685919993},{"Length":2.664536,"Height":2.293088,"Demand":1.0,"DemandMax":null,"Value":6.110015527168},{"Length":4.841267,"Height":1.261024,"Demand":1.0,"DemandMax":null,"Value":6.104953877408},{"Length":2.667157,"Height":2.287739,"Demand":1.0,"DemandMax":null,"Value":6.1017590880230008},{"Length":4.517807,"Height":1.350203,"Demand":1.0,"DemandMax":null,"Value":6.099956564821},{"Length":1.73658,"Height":3.510183,"Demand":1.0,"DemandMax":null,"Value":6.09571359414},{"Length":3.223998,"Height":1.888712,"Demand":1.0,"DemandMax":null,"Value":6.0892037105759993},{"Length":2.535467,"Height":2.399494,"Demand":1.0,"DemandMax":null,"Value":6.083837853698},{"Length":3.341553,"Height":1.819088,"Demand":1.0,"DemandMax":null,"Value":6.078578963664},{"Length":2.175025,"Height":2.792778,"Demand":1.0,"DemandMax":null,"Value":6.0743619694500008},{"Length":3.297646,"Height":1.841892,"Demand":1.0,"DemandMax":null,"Value":6.073907786232},{"Length":1.336671,"Height":4.543318,"Demand":1.0,"DemandMax":null,"Value":6.072921414378},{"Length":1.63144,"Height":3.720959,"Demand":1.0,"DemandMax":null,"Value":6.07052135096},{"Length":2.200283,"Height":2.757636,"Demand":1.0,"DemandMax":null,"Value":6.0675796109880009},{"Length":1.96108,"Height":3.092146,"Demand":1.0,"DemandMax":null,"Value":6.06394567768},{"Length":3.021532,"Height":2.006839,"Demand":1.0,"DemandMax":null,"Value":6.063728257348},{"Length":4.841267,"Height":1.249964,"Demand":1.0,"DemandMax":null,"Value":6.0514094643880005},{"Length":1.857098,"Height":3.252544,"Demand":1.0,"DemandMax":null,"Value":6.0402929573119994},{"Length":2.420853,"Height":2.491856,"Demand":1.0,"DemandMax":null,"Value":6.032417073168},{"Length":3.044618,"Height":1.981175,"Demand":1.0,"DemandMax":null,"Value":6.03192106615},{"Length":1.587102,"Height":3.797427,"Demand":1.0,"DemandMax":null,"Value":6.026903986554},{"Length":3.669478,"Height":1.641617,"Demand":1.0,"DemandMax":null,"Value":6.023877465926},{"Length":3.553219,"Height":1.694636,"Demand":1.0,"DemandMax":null,"Value":6.021412833284},{"Length":2.302185,"Height":2.610885,"Demand":1.0,"DemandMax":null,"Value":6.010740283725001},{"Length":1.932439,"Height":3.105901,"Demand":1.0,"DemandMax":null,"Value":6.001964222539},{"Length":3.937387,"Height":1.524346,"Demand":1.0,"DemandMax":null,"Value":6.001940123902},{"Length":3.538685,"Height":1.696008,"Demand":1.0,"DemandMax":null,"Value":6.00163806948},{"Length":1.549273,"Height":3.873588,"Demand":1.0,"DemandMax":null,"Value":6.0012453015239995},{"Length":1.965185,"Height":3.051434,"Demand":1.0,"DemandMax":null,"Value":5.99663232529},{"Length":3.278032,"Height":1.829151,"Demand":1.0,"DemandMax":null,"Value":5.996015510832},{"Length":4.517807,"Height":1.326463,"Demand":1.0,"DemandMax":null,"Value":5.9927038266410007},{"Length":4.433695,"Height":1.351175,"Demand":1.0,"DemandMax":null,"Value":5.990697841625},{"Length":1.68875,"Height":3.547372,"Demand":1.0,"DemandMax":null,"Value":5.990624465},{"Length":2.488982,"Height":2.406147,"Demand":1.0,"DemandMax":null,"Value":5.988856572354},{"Length":2.918422,"Height":2.051155,"Demand":1.0,"DemandMax":null,"Value":5.9861358774100006},{"Length":4.355082,"Height":1.372869,"Demand":1.0,"DemandMax":null,"Value":5.978957070258},{"Length":1.718931,"Height":3.476003,"Demand":1.0,"DemandMax":null,"Value":5.9750093127929995},{"Length":4.31508,"Height":1.384488,"Demand":1.0,"DemandMax":null,"Value":5.97417647904},{"Length":2.488982,"Height":2.399125,"Demand":1.0,"DemandMax":null,"Value":5.97137894075},{"Length":4.457827,"Height":1.339273,"Demand":1.0,"DemandMax":null,"Value":5.9702473397709994},{"Length":3.041774,"Height":1.96151,"Demand":1.0,"DemandMax":null,"Value":5.96647011874},{"Length":2.996684,"Height":1.990854,"Demand":1.0,"DemandMax":null,"Value":5.965960328136},{"Length":3.284401,"Height":1.816,"Demand":1.0,"DemandMax":null,"Value":5.964472216},{"Length":1.29361,"Height":4.609735,"Demand":1.0,"DemandMax":null,"Value":5.9631992933499989},{"Length":2.954799,"Height":2.017699,"Demand":1.0,"DemandMax":null,"Value":5.9618949875009992},{"Length":3.370391,"Height":1.767412,"Demand":1.0,"DemandMax":null,"Value":5.956869498092},{"Length":2.379658,"Height":2.502843,"Demand":1.0,"DemandMax":null,"Value":5.955910367694},{"Length":2.291183,"Height":2.597889,"Demand":1.0,"DemandMax":null,"Value":5.9522391126870007},{"Length":2.960742,"Height":2.009489,"Demand":1.0,"DemandMax":null,"Value":5.949578480838},{"Length":2.794626,"Height":2.128056,"Demand":1.0,"DemandMax":null,"Value":5.947120627056},{"Length":3.240161,"Height":1.834224,"Demand":1.0,"DemandMax":null,"Value":5.943181070064},{"Length":2.007461,"Height":2.956519,"Demand":1.0,"DemandMax":null,"Value":5.935096588259},{"Length":2.633122,"Height":2.253028,"Demand":1.0,"DemandMax":null,"Value":5.9324975934160005},{"Length":4.012132,"Height":1.478614,"Demand":1.0,"DemandMax":null,"Value":5.9323945450480009},{"Length":4.517807,"Height":1.312786,"Demand":1.0,"DemandMax":null,"Value":5.930913780302},{"Length":2.588449,"Height":2.289859,"Demand":1.0,"DemandMax":null,"Value":5.927183238691},{"Length":1.782481,"Height":3.322668,"Demand":1.0,"DemandMax":null,"Value":5.9225925793080005},{"Length":2.827475,"Height":2.094543,"Demand":1.0,"DemandMax":null,"Value":5.9222679689249995},{"Length":2.816776,"Height":2.101884,"Demand":1.0,"DemandMax":null,"Value":5.920536405984},{"Length":2.957801,"Height":2.000522,"Demand":1.0,"DemandMax":null,"Value":5.917145972122},{"Length":2.379658,"Height":2.484471,"Demand":1.0,"DemandMax":null,"Value":5.9121912909180008},{"Length":3.261579,"Height":1.812142,"Demand":1.0,"DemandMax":null,"Value":5.9104442922179992},{"Length":3.770234,"Height":1.566396,"Demand":1.0,"DemandMax":null,"Value":5.9056794566639992},{"Length":2.640694,"Height":2.235746,"Demand":1.0,"DemandMax":null,"Value":5.9039210477239994},{"Length":2.840429,"Height":2.076854,"Demand":1.0,"DemandMax":null,"Value":5.899156330366},{"Length":1.980108,"Height":2.978415,"Demand":1.0,"DemandMax":null,"Value":5.89758336882},{"Length":1.911087,"Height":3.084505,"Demand":1.0,"DemandMax":null,"Value":5.894757406935},{"Length":2.176826,"Height":2.707853,"Demand":1.0,"DemandMax":null,"Value":5.894524814578},{"Length":2.378831,"Height":2.476799,"Demand":1.0,"DemandMax":null,"Value":5.891886241969},{"Length":2.732065,"Height":2.155326,"Demand":1.0,"DemandMax":null,"Value":5.88849072819},{"Length":3.0341,"Height":1.939815,"Demand":1.0,"DemandMax":null,"Value":5.8855926915},{"Length":1.646596,"Height":3.570428,"Demand":1.0,"DemandMax":null,"Value":5.879052463088},{"Length":1.219128,"Height":4.820564,"Demand":1.0,"DemandMax":null,"Value":5.876884548192},{"Length":1.226413,"Height":4.790974,"Demand":1.0,"DemandMax":null,"Value":5.875712796262},{"Length":1.533771,"Height":3.829556,"Demand":1.0,"DemandMax":null,"Value":5.873661935676},{"Length":1.426688,"Height":4.113388,"Demand":1.0,"DemandMax":null,"Value":5.868521298944},{"Length":1.857098,"Height":3.156272,"Demand":1.0,"DemandMax":null,"Value":5.861506418656},{"Length":4.672189,"Height":1.252147,"Demand":1.0,"DemandMax":null,"Value":5.850267439783},{"Length":1.313478,"Height":4.451819,"Demand":1.0,"DemandMax":null,"Value":5.847366316482},{"Length":4.047266,"Height":1.443836,"Demand":1.0,"DemandMax":null,"Value":5.8435883523759991},{"Length":1.877639,"Height":3.108039,"Demand":1.0,"DemandMax":null,"Value":5.835775239921},{"Length":3.518776,"Height":1.658095,"Demand":1.0,"DemandMax":null,"Value":5.8344648917200006},{"Length":2.441768,"Height":2.389096,"Demand":1.0,"DemandMax":null,"Value":5.833618161728},{"Length":2.714238,"Height":2.146244,"Demand":1.0,"DemandMax":null,"Value":5.8254170220719992},{"Length":2.733855,"Height":2.128056,"Demand":1.0,"DemandMax":null,"Value":5.81779653588},{"Length":1.206427,"Height":4.820564,"Demand":1.0,"DemandMax":null,"Value":5.8156585648279995},{"Length":1.478728,"Height":3.920845,"Demand":1.0,"DemandMax":null,"Value":5.79786328516},{"Length":1.543394,"Height":3.755509,"Demand":1.0,"DemandMax":null,"Value":5.7962300575459995},{"Length":1.87855,"Height":3.084505,"Demand":1.0,"DemandMax":null,"Value":5.79439686775},{"Length":1.255121,"Height":4.611322,"Demand":1.0,"DemandMax":null,"Value":5.787767079962},{"Length":3.054151,"Height":1.894225,"Demand":1.0,"DemandMax":null,"Value":5.785249177975},{"Length":2.226623,"Height":2.597889,"Demand":1.0,"DemandMax":null,"Value":5.7845193988469994},{"Length":3.261144,"Height":1.772971,"Demand":1.0,"DemandMax":null,"Value":5.781913738824},{"Length":1.627582,"Height":3.551221,"Demand":1.0,"DemandMax":null,"Value":5.779903377622},{"Length":1.217184,"Height":4.738589,"Demand":1.0,"DemandMax":null,"Value":5.767734713376},{"Length":4.1198,"Height":1.399938,"Demand":1.0,"DemandMax":null,"Value":5.7674645723999989},{"Length":3.669478,"Height":1.57128,"Demand":1.0,"DemandMax":null,"Value":5.7657773918399995},{"Length":2.153612,"Height":2.676207,"Demand":1.0,"DemandMax":null,"Value":5.7635115096839993},{"Length":1.947585,"Height":2.956519,"Demand":1.0,"DemandMax":null,"Value":5.758072056615},{"Length":2.169604,"Height":2.652659,"Demand":1.0,"DemandMax":null,"Value":5.755219577036},{"Length":2.946968,"Height":1.949969,"Demand":1.0,"DemandMax":null,"Value":5.746496243992},{"Length":1.199142,"Height":4.790974,"Demand":1.0,"DemandMax":null,"Value":5.745058144308},{"Length":3.216446,"Height":1.786002,"Demand":1.0,"DemandMax":null,"Value":5.744578988892},{"Length":1.78213,"Height":3.222729,"Demand":1.0,"DemandMax":null,"Value":5.74332203277},{"Length":1.528024,"Height":3.755509,"Demand":1.0,"DemandMax":null,"Value":5.738507884216},{"Length":2.77589,"Height":2.066386,"Demand":1.0,"DemandMax":null,"Value":5.73606023354},{"Length":2.249434,"Height":2.549699,"Demand":1.0,"DemandMax":null,"Value":5.7353796203659995},{"Length":1.910943,"Height":3.000504,"Demand":1.0,"DemandMax":null,"Value":5.733792115272},{"Length":2.301869,"Height":2.488959,"Demand":1.0,"DemandMax":null,"Value":5.7292575643709993},{"Length":3.538685,"Height":1.61892,"Demand":1.0,"DemandMax":null,"Value":5.7288479202},{"Length":2.6169,"Height":2.187882,"Demand":1.0,"DemandMax":null,"Value":5.7254684058},{"Length":2.588449,"Height":2.209604,"Demand":1.0,"DemandMax":null,"Value":5.7194472641960008},{"Length":3.553219,"Height":1.606106,"Demand":1.0,"DemandMax":null,"Value":5.706846355214},{"Length":1.29621,"Height":4.402298,"Demand":1.0,"DemandMax":null,"Value":5.70630269058},{"Length":4.716117,"Height":1.209852,"Demand":1.0,"DemandMax":null,"Value":5.7058035846839994},{"Length":4.58543,"Height":1.243567,"Demand":1.0,"DemandMax":null,"Value":5.70228942881},{"Length":3.095423,"Height":1.841892,"Demand":1.0,"DemandMax":null,"Value":5.701434860316},{"Length":2.644091,"Height":2.153949,"Demand":1.0,"DemandMax":null,"Value":5.695237165359},{"Length":2.408801,"Height":2.363862,"Demand":1.0,"DemandMax":null,"Value":5.6940731494620005},{"Length":3.005117,"Height":1.894569,"Demand":1.0,"DemandMax":null,"Value":5.6934015095729995},{"Length":1.200297,"Height":4.738589,"Demand":1.0,"DemandMax":null,"Value":5.687714160933},{"Length":1.466492,"Height":3.877918,"Demand":1.0,"DemandMax":null,"Value":5.686935723656},{"Length":2.420853,"Height":2.347246,"Demand":1.0,"DemandMax":null,"Value":5.6823375208380007},{"Length":2.274681,"Height":2.497895,"Demand":1.0,"DemandMax":null,"Value":5.6819142964950009},{"Length":1.960712,"Height":2.895454,"Demand":1.0,"DemandMax":null,"Value":5.677151403248},{"Length":2.906139,"Height":1.952926,"Demand":1.0,"DemandMax":null,"Value":5.675474412714},{"Length":1.962847,"Height":2.890722,"Demand":1.0,"DemandMax":null,"Value":5.6740450055339995},{"Length":3.472843,"Height":1.632879,"Demand":1.0,"DemandMax":null,"Value":5.6707324049970005},{"Length":2.566647,"Height":2.209332,"Demand":1.0,"DemandMax":null,"Value":5.6705753498039995},{"Length":1.824151,"Height":3.105901,"Demand":1.0,"DemandMax":null,"Value":5.665632415051},{"Length":4.716117,"Height":1.200686,"Demand":1.0,"DemandMax":null,"Value":5.6625756562619989},{"Length":1.609196,"Height":3.518688,"Demand":1.0,"DemandMax":null,"Value":5.662258654848},{"Length":1.528912,"Height":3.702205,"Demand":1.0,"DemandMax":null,"Value":5.66034565096},{"Length":2.813871,"Height":2.009489,"Demand":1.0,"DemandMax":null,"Value":5.6544428219189991},{"Length":4.535164,"Height":1.246044,"Demand":1.0,"DemandMax":null,"Value":5.6510138912159995},{"Length":1.828421,"Height":3.084505,"Demand":1.0,"DemandMax":null,"Value":5.639773716605},{"Length":2.259661,"Height":2.495071,"Demand":1.0,"DemandMax":null,"Value":5.6380146309309991},{"Length":2.134103,"Height":2.636708,"Demand":1.0,"DemandMax":null,"Value":5.627006452924},{"Length":4.433695,"Height":1.267627,"Demand":1.0,"DemandMax":null,"Value":5.620271491765},{"Length":1.665683,"Height":3.370782,"Demand":1.0,"DemandMax":null,"Value":5.614654274106},{"Length":2.856972,"Height":1.964888,"Demand":1.0,"DemandMax":null,"Value":5.6136299991359992},{"Length":2.797116,"Height":2.006839,"Demand":1.0,"DemandMax":null,"Value":5.6133614763239992},{"Length":2.827475,"Height":1.98421,"Demand":1.0,"DemandMax":null,"Value":5.61030416975},{"Length":2.816776,"Height":1.991435,"Demand":1.0,"DemandMax":null,"Value":5.60942631356},{"Length":2.87576,"Height":1.949969,"Demand":1.0,"DemandMax":null,"Value":5.6076428514400005},{"Length":4.535164,"Height":1.235282,"Demand":1.0,"DemandMax":null,"Value":5.602206456248},{"Length":1.512862,"Height":3.702205,"Demand":1.0,"DemandMax":null,"Value":5.60092526071},{"Length":2.030189,"Height":2.75643,"Demand":1.0,"DemandMax":null,"Value":5.59607386527},{"Length":2.273963,"Height":2.46037,"Demand":1.0,"DemandMax":null,"Value":5.5947903463100008},{"Length":3.341553,"Height":1.674107,"Demand":1.0,"DemandMax":null,"Value":5.5941172681710007},{"Length":4.003214,"Height":1.395684,"Demand":1.0,"DemandMax":null,"Value":5.5872217283759991},{"Length":2.538976,"Height":2.200495,"Demand":1.0,"DemandMax":null,"Value":5.58700399312},{"Length":3.074029,"Height":1.816191,"Demand":1.0,"DemandMax":null,"Value":5.5830238035390005},{"Length":2.538976,"Height":2.198503,"Demand":1.0,"DemandMax":null,"Value":5.581946352928},{"Length":3.005693,"Height":1.85681,"Demand":1.0,"DemandMax":null,"Value":5.58100081933},{"Length":3.041774,"Height":1.834236,"Demand":1.0,"DemandMax":null,"Value":5.579331374664},{"Length":2.80243,"Height":1.990854,"Demand":1.0,"DemandMax":null,"Value":5.57922897522},{"Length":2.595873,"Height":2.146244,"Demand":1.0,"DemandMax":null,"Value":5.5713768510119994},{"Length":2.020233,"Height":2.757636,"Demand":1.0,"DemandMax":null,"Value":5.5710672491880011},{"Length":1.46705,"Height":3.797427,"Demand":1.0,"DemandMax":null,"Value":5.5710152803499993},{"Length":4.457827,"Height":1.249185,"Demand":1.0,"DemandMax":null,"Value":5.568650620995},{"Length":1.836542,"Height":3.032028,"Demand":1.0,"DemandMax":null,"Value":5.568446767176},{"Length":1.902003,"Height":2.925423,"Demand":1.0,"DemandMax":null,"Value":5.564163322269},{"Length":1.980108,"Height":2.808281,"Demand":1.0,"DemandMax":null,"Value":5.560699674348},{"Length":3.139942,"Height":1.769903,"Demand":1.0,"DemandMax":null,"Value":5.557392765626},{"Length":2.825704,"Height":1.966093,"Demand":1.0,"DemandMax":null,"Value":5.555596854472},{"Length":3.020486,"Height":1.836334,"Demand":1.0,"DemandMax":null,"Value":5.5466211383239994},{"Length":3.130941,"Height":1.769903,"Demand":1.0,"DemandMax":null,"Value":5.541461868723},{"Length":2.58077,"Height":2.146244,"Demand":1.0,"DemandMax":null,"Value":5.5389621278799988},{"Length":4.046487,"Height":1.368602,"Demand":1.0,"DemandMax":null,"Value":5.538030201174},{"Length":1.874924,"Height":2.950732,"Demand":1.0,"DemandMax":null,"Value":5.532398244368},{"Length":2.928858,"Height":1.888712,"Demand":1.0,"DemandMax":null,"Value":5.531769250896},{"Length":2.717808,"Height":2.034038,"Demand":1.0,"DemandMax":null,"Value":5.5281247487039993},{"Length":1.686036,"Height":3.277431,"Demand":1.0,"DemandMax":null,"Value":5.525866653516},{"Length":1.482677,"Height":3.720959,"Demand":1.0,"DemandMax":null,"Value":5.516980327243},{"Length":1.367189,"Height":4.031626,"Demand":1.0,"DemandMax":null,"Value":5.511994719314},{"Length":1.863671,"Height":2.956519,"Demand":1.0,"DemandMax":null,"Value":5.509978721249},{"Length":2.953053,"Height":1.865314,"Demand":1.0,"DemandMax":null,"Value":5.508371103642},{"Length":1.236588,"Height":4.451819,"Demand":1.0,"DemandMax":null,"Value":5.505065953572001},{"Length":2.236926,"Height":2.46037,"Demand":1.0,"DemandMax":null,"Value":5.5036656226200007},{"Length":2.769728,"Height":1.985782,"Demand":1.0,"DemandMax":null,"Value":5.500076007296},{"Length":1.723661,"Height":3.190285,"Demand":1.0,"DemandMax":null,"Value":5.498969833385},{"Length":2.724017,"Height":2.017954,"Demand":1.0,"DemandMax":null,"Value":5.496941001218},{"Length":1.254479,"Height":4.371553,"Demand":1.0,"DemandMax":null,"Value":5.4840214358869988},{"Length":2.729429,"Height":2.008561,"Demand":1.0,"DemandMax":null,"Value":5.482224641669},{"Length":1.595834,"Height":3.433451,"Demand":1.0,"DemandMax":null,"Value":5.4792178431339993},{"Length":2.760255,"Height":1.983661,"Demand":1.0,"DemandMax":null,"Value":5.475410193555},{"Length":2.170076,"Height":2.523104,"Demand":1.0,"DemandMax":null,"Value":5.475327435904},{"Length":2.302185,"Height":2.378216,"Demand":1.0,"DemandMax":null,"Value":5.4750932019600009},{"Length":3.553219,"Height":1.540743,"Demand":1.0,"DemandMax":null,"Value":5.474597301717},{"Length":2.632981,"Height":2.078997,"Demand":1.0,"DemandMax":null,"Value":5.473959600057},{"Length":4.672189,"Height":1.171036,"Demand":1.0,"DemandMax":null,"Value":5.471301517804},{"Length":2.787314,"Height":1.962777,"Demand":1.0,"DemandMax":null,"Value":5.470875810978},{"Length":1.702824,"Height":3.212406,"Demand":1.0,"DemandMax":null,"Value":5.470162034544},{"Length":4.134292,"Height":1.321417,"Demand":1.0,"DemandMax":null,"Value":5.4631237317640009},{"Length":3.297738,"Height":1.656551,"Demand":1.0,"DemandMax":null,"Value":5.4628711816380005},{"Length":1.427594,"Height":3.821944,"Demand":1.0,"DemandMax":null,"Value":5.456184322736}]}