{"Name":"Path25_100","Objects":[{"Length":100.0,"Height":100.0,"Stock":null,"Cost":10000.0}],"Items":[{"Length":39.65224,"Height":35.38394,"Demand":1.0,"DemandMax":null,"Value":1403.0524810256002},{"Length":15.96457,"Height":71.3585,"Demand":1.0,"DemandMax":null,"Value":1139.2077683450002},{"Length":51.18533,"Height":15.71732,"Demand":1.0,"DemandMax":null,"Value":804.4962109156},{"Length":16.03598,"Height":41.99794,"Demand":1.0,"DemandMax":null,"Value":673.4781258812},{"Length":39.65224,"Height":16.1868,"Demand":1.0,"DemandMax":null,"Value":641.842878432},{"Length":36.11435,"Height":10.1076,"Demand":1.0,"DemandMax":null,"Value":365.02940406},{"Length":53.6404,"Height":6.280263,"Demand":1.0,"DemandMax":null,"Value":336.8758194252},{"Length":4.328117,"Height":71.3585,"Demand":1.0,"DemandMax":null,"Value":308.8479369445},{"Length":3.822597,"Height":71.3585,"Demand":1.0,"DemandMax":null,"Value":272.7747880245},{"Length":36.11435,"Height":7.462445,"Demand":1.0,"DemandMax":null,"Value":269.50135058575},{"Length":16.03598,"Height":16.58627,"Demand":1.0,"DemandMax":null,"Value":265.97709399459995},{"Length":3.149509,"Height":71.3585,"Demand":1.0,"DemandMax":null,"Value":224.74423797650002},{"Length":26.66575,"Height":8.424245,"Demand":1.0,"DemandMax":null,"Value":224.63881110875002},{"Length":17.1423,"Height":10.00737,"Demand":1.0,"DemandMax":null,"Value":171.549338751},{"Length":1.739021,"Height":71.3585,"Demand":1.0,"DemandMax":null,"Value":124.09393002850001},{"Length":14.66407,"Height":7.408874,"Demand":1.0,"DemandMax":null,"Value":108.64424695718},{"Length":16.03598,"Height":6.628036,"Demand":1.0,"DemandMax":null,"Value":106.28705273527999},{"Length":5.437943,"Height":18.43162,"Demand":1.0,"DemandMax":null,"Value":100.23009895765999},{"Length":1.372637,"Height":71.3585,"Demand":1.0,"DemandMax":null,"Value":97.949317364500018},{"Length":1.77307,"Height":54.73505,"Demand":1.0,"DemandMax":null,"Value":97.0490751035},{"Length":1.2907,"Height":71.3585,"Demand":1.0,"DemandMax":null,"Value":92.102415950000008},{"Length":2.612914,"Height":33.96495,"Demand":1.0,"DemandMax":null,"Value":88.7474933643},{"Length":20.33847,"Height":4.25407,"Demand":1.0,"DemandMax":null,"Value":86.5212750729},{"Length":10.43508,"Height":6.146257,"Demand":1.0,"DemandMax":null,"Value":64.136683495559993},{"Length":57.21302,"Height":0.9730719,"Demand":1.0,"DemandMax":null,"Value":55.672382076138},{"Length":2.82481,"Height":19.15174,"Demand":1.0,"DemandMax":null,"Value":54.100026669399995},{"Length":0.9869994,"Height":54.73505,"Demand":1.0,"DemandMax":null,"Value":54.02346150897},{"Length":1.110595,"Height":47.74066,"Demand":1.0,"DemandMax":null,"Value":53.020538292699996},{"Length":2.849107,"Height":17.9082,"Demand":1.0,"DemandMax":null,"Value":51.022377977400005},{"Length":23.57348,"Height":2.026193,"Demand":1.0,"DemandMax":null,"Value":47.764420161640004},{"Length":2.76469,"Height":16.62345,"Demand":1.0,"DemandMax":null,"Value":45.958685980499993},{"Length":0.7928382,"Height":54.73505,"Demand":1.0,"DemandMax":null,"Value":43.396038518910004},{"Length":3.169866,"Height":13.19543,"Demand":1.0,"DemandMax":null,"Value":41.82774491238},{"Length":0.7919621,"Height":49.48816,"Demand":1.0,"DemandMax":null,"Value":39.192747118736},{"Length":14.66407,"Height":2.598499,"Demand":1.0,"DemandMax":null,"Value":38.10457123093},{"Length":2.114027,"Height":17.9082,"Demand":1.0,"DemandMax":null,"Value":37.8584183214},{"Length":0.682808,"Height":54.73505,"Demand":1.0,"DemandMax":null,"Value":37.3735300204},{"Length":5.600895,"Height":6.146257,"Demand":1.0,"DemandMax":null,"Value":34.424540100015},{"Length":5.274261,"Height":6.280263,"Demand":1.0,"DemandMax":null,"Value":33.123746210643},{"Length":35.38854,"Height":0.9280625,"Demand":1.0,"DemandMax":null,"Value":32.84277690375},{"Length":14.65229,"Height":2.217703,"Demand":1.0,"DemandMax":null,"Value":32.494427489870006},{"Length":2.537056,"Height":12.16554,"Demand":1.0,"DemandMax":null,"Value":30.864656250240003},{"Length":2.957969,"Height":10.38049,"Demand":1.0,"DemandMax":null,"Value":30.70516762481},{"Length":25.00014,"Height":1.217515,"Demand":1.0,"DemandMax":null,"Value":30.438045452099995},{"Length":3.169866,"Height":9.366849,"Demand":1.0,"DemandMax":null,"Value":29.691656172233998},{"Length":25.73256,"Height":1.097171,"Demand":1.0,"DemandMax":null,"Value":28.233018587759997},{"Length":5.140624,"Height":5.448874,"Demand":1.0,"DemandMax":null,"Value":28.010612457376},{"Length":2.55779,"Height":10.806,"Demand":1.0,"DemandMax":null,"Value":27.639478739999994},{"Length":3.245724,"Height":8.414098,"Demand":1.0,"DemandMax":null,"Value":27.309839816952},{"Length":1.996131,"Height":13.24298,"Demand":1.0,"DemandMax":null,"Value":26.43472291038},{"Length":35.38854,"Height":0.7414697,"Demand":1.0,"DemandMax":null,"Value":26.239530137238},{"Length":1.110595,"Height":23.61783,"Demand":1.0,"DemandMax":null,"Value":26.22984390885},{"Length":38.8789,"Height":0.6701377,"Demand":1.0,"DemandMax":null,"Value":26.05421662453},{"Length":2.957969,"Height":8.771251,"Demand":1.0,"DemandMax":null,"Value":25.945088549218998},{"Length":3.546536,"Height":7.297701,"Demand":1.0,"DemandMax":null,"Value":25.881559313736002},{"Length":8.636988,"Height":2.881907,"Demand":1.0,"DemandMax":null,"Value":24.890996176116},{"Length":11.15501,"Height":2.217703,"Demand":1.0,"DemandMax":null,"Value":24.738499142030005},{"Length":26.94492,"Height":0.9163793,"Demand":1.0,"DemandMax":null,"Value":24.691766928156},{"Length":1.471026,"Height":16.62345,"Demand":1.0,"DemandMax":null,"Value":24.453527159699995},{"Length":38.8789,"Height":0.5960007,"Demand":1.0,"DemandMax":null,"Value":23.171851615230004},{"Length":3.580159,"Height":6.280263,"Demand":1.0,"DemandMax":null,"Value":22.484340101817},{"Length":24.24041,"Height":0.9163793,"Demand":1.0,"DemandMax":null,"Value":22.213409947513},{"Length":21.23147,"Height":1.042571,"Demand":1.0,"DemandMax":null,"Value":22.13531490937},{"Length":3.169866,"Height":6.866712,"Demand":1.0,"DemandMax":null,"Value":21.766556900591997},{"Length":10.64332,"Height":2.026193,"Demand":1.0,"DemandMax":null,"Value":21.56542048076},{"Length":32.66655,"Height":0.6543741,"Demand":1.0,"DemandMax":null,"Value":21.376144256354998},{"Length":3.288385,"Height":6.280263,"Demand":1.0,"DemandMax":null,"Value":20.651922645255},{"Length":0.7235842,"Height":26.82642,"Demand":1.0,"DemandMax":null,"Value":19.411173654564},{"Length":1.064552,"Height":17.9082,"Demand":1.0,"DemandMax":null,"Value":19.0642101264},{"Length":13.87833,"Height":1.372163,"Demand":1.0,"DemandMax":null,"Value":19.04333092779},{"Length":31.20968,"Height":0.5758821,"Demand":1.0,"DemandMax":null,"Value":17.973096058727997},{"Length":1.800833,"Height":9.827706,"Demand":1.0,"DemandMax":null,"Value":17.698057279098},{"Length":0.7919621,"Height":21.87034,"Demand":1.0,"DemandMax":null,"Value":17.320480394114},{"Length":2.55779,"Height":6.764051,"Demand":1.0,"DemandMax":null,"Value":17.301022007289998},{"Length":0.9801012,"Height":17.57005,"Demand":1.0,"DemandMax":null,"Value":17.22042708906},{"Length":1.280996,"Height":13.394,"Demand":1.0,"DemandMax":null,"Value":17.157660424},{"Length":26.80791,"Height":0.630332,"Demand":1.0,"DemandMax":null,"Value":16.89788352612},{"Length":26.21846,"Height":0.6441617,"Demand":1.0,"DemandMax":null,"Value":16.888927764982},{"Length":28.79482,"Height":0.5801781,"Demand":1.0,"DemandMax":null,"Value":16.706123957442003},{"Length":16.01285,"Height":1.042571,"Demand":1.0,"DemandMax":null,"Value":16.69453303735},{"Length":7.469647,"Height":2.217703,"Demand":1.0,"DemandMax":null,"Value":16.565458560841},{"Length":28.4182,"Height":0.5801781,"Demand":1.0,"DemandMax":null,"Value":16.48761728142},{"Length":0.7235842,"Height":22.34564,"Demand":1.0,"DemandMax":null,"Value":16.168952042888},{"Length":24.96687,"Height":0.6441617,"Demand":1.0,"DemandMax":null,"Value":16.082701422878998},{"Length":24.54647,"Height":0.6543741,"Demand":1.0,"DemandMax":null,"Value":16.062574214427},{"Length":0.7235842,"Height":22.18644,"Demand":1.0,"DemandMax":null,"Value":16.053757438248002},{"Length":38.8789,"Height":0.4033938,"Demand":1.0,"DemandMax":null,"Value":15.683507210820002},{"Length":2.537056,"Height":6.076268,"Demand":1.0,"DemandMax":null,"Value":15.415832187008},{"Length":24.37742,"Height":0.630332,"Demand":1.0,"DemandMax":null,"Value":15.36586790344},{"Length":5.140624,"Height":2.975372,"Demand":1.0,"DemandMax":null,"Value":15.295268712128001},{"Length":1.136729,"Height":13.394,"Demand":1.0,"DemandMax":null,"Value":15.225348226000001},{"Length":1.128812,"Height":13.394,"Demand":1.0,"DemandMax":null,"Value":15.119307928},{"Length":5.24134,"Height":2.881907,"Demand":1.0,"DemandMax":null,"Value":15.10505443538},{"Length":26.00334,"Height":0.5758821,"Demand":1.0,"DemandMax":null,"Value":14.974858046213999},{"Length":12.24417,"Height":1.217515,"Demand":1.0,"DemandMax":null,"Value":14.907460637549999},{"Length":1.996131,"Height":7.448727,"Demand":1.0,"DemandMax":null,"Value":14.868634875237001},{"Length":25.73256,"Height":0.572361,"Demand":1.0,"DemandMax":null,"Value":14.72831377416},{"Length":3.169866,"Height":4.535957,"Demand":1.0,"DemandMax":null,"Value":14.378375871761998},{"Length":1.444891,"Height":9.827706,"Demand":1.0,"DemandMax":null,"Value":14.199963950045998},{"Length":6.375288,"Height":2.217703,"Demand":1.0,"DemandMax":null,"Value":14.138495323464001}]}