{"Name":"Path27_25","Objects":[{"Length":100.0,"Height":100.0,"Stock":null,"Cost":10000.0}],"Items":[{"Length":59.39401,"Height":94.49298,"Demand":1.0,"DemandMax":null,"Value":5612.3169990498},{"Length":27.19616,"Height":41.03773,"Demand":1.0,"DemandMax":null,"Value":1116.0686711168},{"Length":27.19616,"Height":26.27104,"Demand":1.0,"DemandMax":null,"Value":714.47140720639993},{"Length":10.27545,"Height":26.80287,"Demand":1.0,"DemandMax":null,"Value":275.4115505415},{"Length":27.19616,"Height":8.030276,"Demand":1.0,"DemandMax":null,"Value":218.39267094016},{"Length":27.19616,"Height":7.243768,"Demand":1.0,"DemandMax":null,"Value":197.00267353088},{"Length":15.49495,"Height":11.91016,"Demand":1.0,"DemandMax":null,"Value":184.547333692},{"Length":7.677941,"Height":23.57105,"Demand":1.0,"DemandMax":null,"Value":180.97713120805},{"Length":50.21266,"Height":3.31292,"Demand":1.0,"DemandMax":null,"Value":166.3505255672},{"Length":11.70121,"Height":11.91016,"Demand":1.0,"DemandMax":null,"Value":139.36328329359998},{"Length":1.217478,"Height":94.49298,"Demand":1.0,"DemandMax":null,"Value":115.04312430444001},{"Length":50.21266,"Height":2.194099,"Demand":1.0,"DemandMax":null,"Value":110.17154709334},{"Length":2.597508,"Height":35.32552,"Demand":1.0,"DemandMax":null,"Value":91.75832080416},{"Length":0.9702836,"Height":94.49298,"Demand":1.0,"DemandMax":null,"Value":91.684988809128},{"Length":7.677941,"Height":11.75447,"Demand":1.0,"DemandMax":null,"Value":90.250127146269989},{"Length":4.574399,"Height":19.63405,"Demand":1.0,"DemandMax":null,"Value":89.813978685949991},{"Length":0.9466214,"Height":94.49298,"Demand":1.0,"DemandMax":null,"Value":89.449077017772},{"Length":14.81179,"Height":5.507019,"Demand":1.0,"DemandMax":null,"Value":81.56880895401},{"Length":13.53071,"Height":5.507019,"Demand":1.0,"DemandMax":null,"Value":74.513877053489992},{"Length":3.796672,"Height":17.34432,"Demand":1.0,"DemandMax":null,"Value":65.85069410304},{"Length":1.904377,"Height":32.3646,"Demand":1.0,"DemandMax":null,"Value":61.634399854200005},{"Length":11.1171,"Height":5.507019,"Demand":1.0,"DemandMax":null,"Value":61.2220809249},{"Length":4.574399,"Height":12.73055,"Demand":1.0,"DemandMax":null,"Value":58.23461518944999},{"Length":3.796672,"Height":15.02028,"Demand":1.0,"DemandMax":null,"Value":57.02707650816},{"Length":10.32774,"Height":5.507019,"Demand":1.0,"DemandMax":null,"Value":56.87506040706}]}