{"Name":"Nice33_50","Objects":[{"Length":100.0,"Height":100.0,"Stock":null,"Cost":10000.0}],"Items":[{"Length":37.74687,"Height":19.32199,"Demand":1.0,"DemandMax":null,"Value":729.3446446713},{"Length":37.71505,"Height":16.69753,"Demand":1.0,"DemandMax":null,"Value":629.7481788265},{"Length":30.16119,"Height":13.16792,"Demand":1.0,"DemandMax":null,"Value":397.1601370248},{"Length":30.31871,"Height":11.85677,"Demand":1.0,"DemandMax":null,"Value":359.48197116669996},{"Length":15.13328,"Height":19.32199,"Demand":1.0,"DemandMax":null,"Value":292.40508482719997},{"Length":21.9852,"Height":13.27623,"Demand":1.0,"DemandMax":null,"Value":291.88057179599997},{"Length":9.791145,"Height":29.07313,"Demand":1.0,"DemandMax":null,"Value":284.65923143385},{"Length":29.64901,"Height":9.368197,"Demand":1.0,"DemandMax":null,"Value":277.75776653497},{"Length":19.49273,"Height":12.72756,"Demand":1.0,"DemandMax":null,"Value":248.09489063880002},{"Length":14.16396,"Height":16.69753,"Demand":1.0,"DemandMax":null,"Value":236.5031470188},{"Length":10.78208,"Height":21.44745,"Demand":1.0,"DemandMax":null,"Value":231.248121696},{"Length":16.63628,"Height":13.7739,"Demand":1.0,"DemandMax":null,"Value":229.146457092},{"Length":7.843907,"Height":29.07313,"Demand":1.0,"DemandMax":null,"Value":228.04692791890997},{"Length":18.19944,"Height":12.30139,"Demand":1.0,"DemandMax":null,"Value":223.87840922159998},{"Length":8.201743,"Height":26.50146,"Demand":1.0,"DemandMax":null,"Value":217.35816404478},{"Length":13.25552,"Height":16.03158,"Demand":1.0,"DemandMax":null,"Value":212.50692932160004},{"Length":17.63505,"Height":11.6963,"Demand":1.0,"DemandMax":null,"Value":206.264835315},{"Length":14.93751,"Height":13.7739,"Demand":1.0,"DemandMax":null,"Value":205.74776898899998},{"Length":10.57104,"Height":19.34043,"Demand":1.0,"DemandMax":null,"Value":204.44845914720003},{"Length":22.32878,"Height":9.146056,"Demand":1.0,"DemandMax":null,"Value":204.22027229167998},{"Length":18.91376,"Height":10.7703,"Demand":1.0,"DemandMax":null,"Value":203.706869328},{"Length":10.28594,"Height":19.56118,"Demand":1.0,"DemandMax":null,"Value":201.20512380920002},{"Length":16.27369,"Height":12.30139,"Demand":1.0,"DemandMax":null,"Value":200.18900742909997},{"Length":10.95606,"Height":16.03158,"Demand":1.0,"DemandMax":null,"Value":175.64295237480002},{"Length":14.9991,"Height":11.0865,"Demand":1.0,"DemandMax":null,"Value":166.28752215},{"Length":21.9852,"Height":7.555732,"Demand":1.0,"DemandMax":null,"Value":166.1142791664},{"Length":18.91376,"Height":8.551682,"Demand":1.0,"DemandMax":null,"Value":161.74446094432},{"Length":14.9991,"Height":10.36095,"Demand":1.0,"DemandMax":null,"Value":155.40492514500002},{"Length":12.08106,"Height":12.72756,"Demand":1.0,"DemandMax":null,"Value":153.76241601360002},{"Length":7.516338,"Height":19.56118,"Demand":1.0,"DemandMax":null,"Value":147.02844055884},{"Length":15.45467,"Height":9.236194,"Demand":1.0,"DemandMax":null,"Value":142.74233032598},{"Length":14.19433,"Height":9.420148,"Demand":1.0,"DemandMax":null,"Value":133.71268936084},{"Length":6.103473,"Height":21.44745,"Demand":1.0,"DemandMax":null,"Value":130.90393199385},{"Length":16.47186,"Height":7.704407,"Demand":1.0,"DemandMax":null,"Value":126.90591348701999},{"Length":21.9852,"Height":5.669498,"Demand":1.0,"DemandMax":null,"Value":124.6450474296},{"Length":17.9598,"Height":6.926498,"Demand":1.0,"DemandMax":null,"Value":124.3985187804},{"Length":8.590259,"Height":14.32482,"Demand":1.0,"DemandMax":null,"Value":123.05391392838},{"Length":15.45467,"Height":7.897073,"Demand":1.0,"DemandMax":null,"Value":122.04665718091},{"Length":10.57104,"Height":11.04795,"Demand":1.0,"DemandMax":null,"Value":116.788321368},{"Length":5.436135,"Height":21.44745,"Demand":1.0,"DemandMax":null,"Value":116.59123360575},{"Length":14.13237,"Height":8.065232,"Demand":1.0,"DemandMax":null,"Value":113.98084275984},{"Length":14.18704,"Height":7.966346,"Demand":1.0,"DemandMax":null,"Value":113.01886935584},{"Length":17.9598,"Height":6.241425,"Demand":1.0,"DemandMax":null,"Value":112.094744715},{"Length":12.14435,"Height":9.146056,"Demand":1.0,"DemandMax":null,"Value":111.07290518359999},{"Length":10.57104,"Height":10.38105,"Demand":1.0,"DemandMax":null,"Value":109.738494792},{"Length":14.19433,"Height":7.713119,"Demand":1.0,"DemandMax":null,"Value":109.48255641527},{"Length":13.53506,"Height":8.065232,"Demand":1.0,"DemandMax":null,"Value":109.16339903392},{"Length":13.48039,"Height":7.966346,"Demand":1.0,"DemandMax":null,"Value":107.38945095493999},{"Length":13.84686,"Height":7.704407,"Demand":1.0,"DemandMax":null,"Value":106.68184511202},{"Length":8.590259,"Height":12.17664,"Demand":1.0,"DemandMax":null,"Value":104.60049134976}]}