{"Name":"Path42_25","Objects":[{"Length":100.0,"Height":100.0,"Stock":null,"Cost":10000.0}],"Items":[{"Length":50.41397,"Height":86.16997,"Demand":1.0,"DemandMax":null,"Value":4344.1702824809},{"Length":15.63851,"Height":44.57878,"Demand":1.0,"DemandMax":null,"Value":697.14569681780006},{"Length":11.19524,"Height":52.9316,"Demand":1.0,"DemandMax":null,"Value":592.581965584},{"Length":6.738896,"Height":86.16997,"Demand":1.0,"DemandMax":null,"Value":580.69046615312},{"Length":16.04322,"Height":34.09379,"Demand":1.0,"DemandMax":null,"Value":546.97417360380007},{"Length":5.102662,"Height":86.16997,"Demand":1.0,"DemandMax":null,"Value":439.69623146014},{"Length":11.19524,"Height":33.23837,"Demand":1.0,"DemandMax":null,"Value":372.11152935880006},{"Length":9.411386,"Height":37.00349,"Demand":1.0,"DemandMax":null,"Value":348.25412773714},{"Length":25.0499,"Height":12.57859,"Demand":1.0,"DemandMax":null,"Value":315.09242164100004},{"Length":9.00668,"Height":34.09379,"Demand":1.0,"DemandMax":null,"Value":307.0718565172},{"Length":74.9501,"Height":2.998453,"Demand":1.0,"DemandMax":null,"Value":224.73435219530003},{"Length":74.9501,"Height":2.969877,"Demand":1.0,"DemandMax":null,"Value":222.5925781377},{"Length":74.9501,"Height":2.541438,"Demand":1.0,"DemandMax":null,"Value":190.4810322438},{"Length":74.9501,"Height":1.722116,"Demand":1.0,"DemandMax":null,"Value":129.0727664116},{"Length":55.58667,"Height":1.598145,"Demand":1.0,"DemandMax":null,"Value":88.835558727149987},{"Length":25.0499,"Height":3.03933,"Demand":1.0,"DemandMax":null,"Value":76.134912567},{"Length":9.411386,"Height":7.575298,"Demand":1.0,"DemandMax":null,"Value":71.294053543028},{"Length":44.41333,"Height":1.598145,"Demand":1.0,"DemandMax":null,"Value":70.97894127285},{"Length":1.499336,"Height":45.42117,"Demand":1.0,"DemandMax":null,"Value":68.10159534312},{"Length":1.499336,"Height":40.74879,"Demand":1.0,"DemandMax":null,"Value":61.09612780344},{"Length":49.42822,"Height":1.112297,"Demand":1.0,"DemandMax":null,"Value":54.978860821340007},{"Length":25.0499,"Height":2.081146,"Demand":1.0,"DemandMax":null,"Value":52.1324991854},{"Length":25.52189,"Height":2.000001,"Demand":1.0,"DemandMax":null,"Value":51.04380552189},{"Length":25.0499,"Height":2.03021,"Demand":1.0,"DemandMax":null,"Value":50.856557478999996},{"Length":49.42822,"Height":0.8877038,"Demand":1.0,"DemandMax":null,"Value":43.877618721236004}]}