{"Name":"Nice4_200","Objects":[{"Length":100.0,"Height":100.0,"Stock":null,"Cost":10000.0}],"Items":[{"Length":13.29495,"Height":12.88691,"Demand":1.0,"DemandMax":null,"Value":171.3308241045},{"Length":13.18883,"Height":11.94522,"Demand":1.0,"DemandMax":null,"Value":157.54347589260001},{"Length":8.586657,"Height":16.23774,"Demand":1.0,"DemandMax":null,"Value":139.42790383518},{"Length":7.692842,"Height":17.73183,"Demand":1.0,"DemandMax":null,"Value":136.40816656086},{"Length":18.19032,"Height":7.214003,"Demand":1.0,"DemandMax":null,"Value":131.22502305096},{"Length":8.809903,"Height":14.37028,"Demand":1.0,"DemandMax":null,"Value":126.60077288283999},{"Length":6.416503,"Height":17.73183,"Demand":1.0,"DemandMax":null,"Value":113.77634039048999},{"Length":13.96563,"Height":7.67406,"Demand":1.0,"DemandMax":null,"Value":107.1730825578},{"Length":10.42312,"Height":9.923332,"Demand":1.0,"DemandMax":null,"Value":103.43208023584},{"Length":7.890882,"Height":12.88593,"Demand":1.0,"DemandMax":null,"Value":101.68135309026},{"Length":6.270883,"Height":15.58412,"Demand":1.0,"DemandMax":null,"Value":97.726193177960013},{"Length":6.022564,"Height":15.58412,"Demand":1.0,"DemandMax":null,"Value":93.85636008368},{"Length":12.42813,"Height":7.545604,"Demand":1.0,"DemandMax":null,"Value":93.77774744052},{"Length":10.43606,"Height":8.553255,"Demand":1.0,"DemandMax":null,"Value":89.262282375299989},{"Length":10.76322,"Height":8.187973,"Demand":1.0,"DemandMax":null,"Value":88.12895475306},{"Length":12.8206,"Height":6.800841,"Demand":1.0,"DemandMax":null,"Value":87.1908621246},{"Length":4.841267,"Height":17.99019,"Demand":1.0,"DemandMax":null,"Value":87.09531317073},{"Length":7.882323,"Height":10.50571,"Demand":1.0,"DemandMax":null,"Value":82.809399564330008},{"Length":13.61988,"Height":6.042878,"Demand":1.0,"DemandMax":null,"Value":82.30327321464},{"Length":13.06913,"Height":6.297453,"Demand":1.0,"DemandMax":null,"Value":82.30223192589},{"Length":13.96563,"Height":5.825347,"Demand":1.0,"DemandMax":null,"Value":81.35464082361},{"Length":8.521021,"Height":9.543861,"Demand":1.0,"DemandMax":null,"Value":81.323440002080986},{"Length":7.565736,"Height":10.50571,"Demand":1.0,"DemandMax":null,"Value":79.483428352560011},{"Length":5.445595,"Height":14.50601,"Demand":1.0,"DemandMax":null,"Value":78.99385552595},{"Length":11.46695,"Height":6.800841,"Demand":1.0,"DemandMax":null,"Value":77.98490370495},{"Length":11.53478,"Height":6.595047,"Demand":1.0,"DemandMax":null,"Value":76.07241623466},{"Length":11.40691,"Height":6.530365,"Demand":1.0,"DemandMax":null,"Value":74.49128582214999},{"Length":11.00433,"Height":6.74087,"Demand":1.0,"DemandMax":null,"Value":74.1787579671},{"Length":4.827328,"Height":15.35707,"Demand":1.0,"DemandMax":null,"Value":74.13361400896},{"Length":13.61988,"Height":5.433754,"Demand":1.0,"DemandMax":null,"Value":74.00707742952001},{"Length":8.615337,"Height":8.553255,"Demand":1.0,"DemandMax":null,"Value":73.689174271935},{"Length":6.694475,"Height":10.88509,"Demand":1.0,"DemandMax":null,"Value":72.86996287775},{"Length":9.159121,"Height":7.94451,"Demand":1.0,"DemandMax":null,"Value":72.76472837571},{"Length":6.908598,"Height":10.50571,"Demand":1.0,"DemandMax":null,"Value":72.57972709458},{"Length":11.81499,"Height":6.086637,"Demand":1.0,"DemandMax":null,"Value":71.91355528863},{"Length":10.77888,"Height":6.582219,"Demand":1.0,"DemandMax":null,"Value":70.948948734719991},{"Length":9.369744,"Height":7.497951,"Demand":1.0,"DemandMax":null,"Value":70.253881394544},{"Length":6.529006,"Height":10.75356,"Demand":1.0,"DemandMax":null,"Value":70.21005776136},{"Length":9.838606,"Height":6.956121,"Demand":1.0,"DemandMax":null,"Value":68.43853380732601},{"Length":5.987498,"Height":11.00588,"Demand":1.0,"DemandMax":null,"Value":65.89768448824},{"Length":5.367438,"Height":11.94522,"Demand":1.0,"DemandMax":null,"Value":64.11522774636},{"Length":11.81499,"Height":5.401062,"Demand":1.0,"DemandMax":null,"Value":63.813493519379996},{"Length":9.890595,"Height":6.282017,"Demand":1.0,"DemandMax":null,"Value":62.132885930114995},{"Length":11.46348,"Height":5.402495,"Demand":1.0,"DemandMax":null,"Value":61.931393382600007},{"Length":5.755509,"Height":10.69251,"Demand":1.0,"DemandMax":null,"Value":61.54083753759},{"Length":6.884923,"Height":8.923905,"Demand":1.0,"DemandMax":null,"Value":61.440398784314993},{"Length":13.61988,"Height":4.50403,"Demand":1.0,"DemandMax":null,"Value":61.344348116400006},{"Length":4.011567,"Height":15.10716,"Demand":1.0,"DemandMax":null,"Value":60.603384519720009},{"Length":11.21215,"Height":5.34131,"Demand":1.0,"DemandMax":null,"Value":59.887568916499994},{"Length":12.581,"Height":4.73097,"Demand":1.0,"DemandMax":null,"Value":59.52033357},{"Length":13.61988,"Height":4.364593,"Demand":1.0,"DemandMax":null,"Value":59.445232908840005},{"Length":13.61988,"Height":4.209063,"Demand":1.0,"DemandMax":null,"Value":57.326932972440005},{"Length":3.851939,"Height":14.37028,"Demand":1.0,"DemandMax":null,"Value":55.353441972919995},{"Length":5.174353,"Height":10.69251,"Demand":1.0,"DemandMax":null,"Value":55.326821196030004},{"Length":3.937387,"Height":14.0381,"Demand":1.0,"DemandMax":null,"Value":55.273432444700006},{"Length":11.82312,"Height":4.625775,"Demand":1.0,"DemandMax":null,"Value":54.691092917999995},{"Length":12.80729,"Height":4.239828,"Demand":1.0,"DemandMax":null,"Value":54.30070674612},{"Length":6.834078,"Height":7.892065,"Demand":1.0,"DemandMax":null,"Value":53.93498779107},{"Length":5.607947,"Height":9.611538,"Demand":1.0,"DemandMax":null,"Value":53.900995692486},{"Length":6.548345,"Height":8.187973,"Demand":1.0,"DemandMax":null,"Value":53.617672054685},{"Length":6.922297,"Height":7.64469,"Demand":1.0,"DemandMax":null,"Value":52.91881465293},{"Length":7.679376,"Height":6.876323,"Demand":1.0,"DemandMax":null,"Value":52.805869814448},{"Length":5.276708,"Height":9.923332,"Demand":1.0,"DemandMax":null,"Value":52.362525351056},{"Length":12.581,"Height":4.076959,"Demand":1.0,"DemandMax":null,"Value":51.292221179},{"Length":5.528481,"Height":9.271403,"Demand":1.0,"DemandMax":null,"Value":51.256775328843},{"Length":11.48813,"Height":4.451819,"Demand":1.0,"DemandMax":null,"Value":51.143075408470004},{"Length":5.774613,"Height":8.843252,"Demand":1.0,"DemandMax":null,"Value":51.066357961476},{"Length":13.06913,"Height":3.829556,"Demand":1.0,"DemandMax":null,"Value":50.04896520628},{"Length":11.53478,"Height":4.284622,"Demand":1.0,"DemandMax":null,"Value":49.42217215316},{"Length":5.522396,"Height":8.923905,"Demand":1.0,"DemandMax":null,"Value":49.281337276379993},{"Length":7.486403,"Height":6.582219,"Demand":1.0,"DemandMax":null,"Value":49.277144068257},{"Length":11.82312,"Height":4.157506,"Demand":1.0,"DemandMax":null,"Value":49.15469233872},{"Length":12.46196,"Height":3.944311,"Demand":1.0,"DemandMax":null,"Value":49.15384590956},{"Length":9.838606,"Height":4.989101,"Demand":1.0,"DemandMax":null,"Value":49.085799033206},{"Length":10.21028,"Height":4.805272,"Demand":1.0,"DemandMax":null,"Value":49.06317259616},{"Length":3.490243,"Height":13.955,"Demand":1.0,"DemandMax":null,"Value":48.706341065},{"Length":7.19046,"Height":6.765708,"Demand":1.0,"DemandMax":null,"Value":48.64855274568},{"Length":10.21028,"Height":4.738589,"Demand":1.0,"DemandMax":null,"Value":48.382320494919995},{"Length":11.46348,"Height":4.209043,"Demand":1.0,"DemandMax":null,"Value":48.250280249640007},{"Length":11.81499,"Height":4.031626,"Demand":1.0,"DemandMax":null,"Value":47.63362087374},{"Length":13.61988,"Height":3.444124,"Demand":1.0,"DemandMax":null,"Value":46.90855558512},{"Length":12.46444,"Height":3.755509,"Demand":1.0,"DemandMax":null,"Value":46.81031659996},{"Length":4.846408,"Height":9.611538,"Demand":1.0,"DemandMax":null,"Value":46.581434655504},{"Length":5.229718,"Height":8.843252,"Demand":1.0,"DemandMax":null,"Value":46.247714162936},{"Length":4.640263,"Height":9.923332,"Demand":1.0,"DemandMax":null,"Value":46.046870316316},{"Length":6.77517,"Height":6.765708,"Demand":1.0,"DemandMax":null,"Value":45.83882187036},{"Length":7.133201,"Height":6.408817,"Demand":1.0,"DemandMax":null,"Value":45.715379833217},{"Length":7.529163,"Height":6.052253,"Demand":1.0,"DemandMax":null,"Value":45.568399354239},{"Length":5.551491,"Height":8.187973,"Demand":1.0,"DemandMax":null,"Value":45.455458417743},{"Length":11.40691,"Height":3.975345,"Demand":1.0,"DemandMax":null,"Value":45.34640263395},{"Length":8.103975,"Height":5.587387,"Demand":1.0,"DemandMax":null,"Value":45.280044563325},{"Length":9.90228,"Height":4.566607,"Demand":1.0,"DemandMax":null,"Value":45.21982116396},{"Length":12.46196,"Height":3.531878,"Demand":1.0,"DemandMax":null,"Value":44.014122360879995},{"Length":10.44016,"Height":4.127213,"Demand":1.0,"DemandMax":null,"Value":43.088764074080004},{"Length":7.508439,"Height":5.677001,"Demand":1.0,"DemandMax":null,"Value":42.625415711439},{"Length":4.049422,"Height":10.50571,"Demand":1.0,"DemandMax":null,"Value":42.54205319962},{"Length":4.640319,"Height":9.099829,"Demand":1.0,"DemandMax":null,"Value":42.226109405451},{"Length":5.930198,"Height":7.11052,"Demand":1.0,"DemandMax":null,"Value":42.16679148296},{"Length":4.640319,"Height":8.89036,"Demand":1.0,"DemandMax":null,"Value":41.254106424839996},{"Length":5.828945,"Height":7.070912,"Demand":1.0,"DemandMax":null,"Value":41.21595714784},{"Length":5.791772,"Height":7.02333,"Demand":1.0,"DemandMax":null,"Value":40.67752604076},{"Length":10.44082,"Height":3.848897,"Demand":1.0,"DemandMax":null,"Value":40.18564077554},{"Length":3.766902,"Height":10.66267,"Demand":1.0,"DemandMax":null,"Value":40.16523294834},{"Length":12.46196,"Height":3.21632,"Demand":1.0,"DemandMax":null,"Value":40.0816511872},{"Length":3.548169,"Height":11.28921,"Demand":1.0,"DemandMax":null,"Value":40.056024956490006},{"Length":9.681657,"Height":4.128481,"Demand":1.0,"DemandMax":null,"Value":39.970536973017},{"Length":8.586657,"Height":4.648199,"Demand":1.0,"DemandMax":null,"Value":39.912490480743},{"Length":5.60458,"Height":7.11052,"Demand":1.0,"DemandMax":null,"Value":39.8514781816},{"Length":11.81499,"Height":3.372928,"Demand":1.0,"DemandMax":null,"Value":39.85111059072},{"Length":9.012229,"Height":4.415102,"Demand":1.0,"DemandMax":null,"Value":39.789910282358},{"Length":5.255836,"Height":7.545604,"Demand":1.0,"DemandMax":null,"Value":39.658457144944},{"Length":7.570623,"Height":5.209577,"Demand":1.0,"DemandMax":null,"Value":39.439743456471007},{"Length":4.131758,"Height":9.543861,"Demand":1.0,"DemandMax":null,"Value":39.432924037637996},{"Length":5.799258,"Height":6.797116,"Demand":1.0,"DemandMax":null,"Value":39.418229339928},{"Length":8.921518,"Height":4.371553,"Demand":1.0,"DemandMax":null,"Value":39.000888777454},{"Length":5.958109,"Height":6.408817,"Demand":1.0,"DemandMax":null,"Value":38.184430247053},{"Length":4.668984,"Height":8.103365,"Demand":1.0,"DemandMax":null,"Value":37.83448153116},{"Length":11.12577,"Height":3.398777,"Demand":1.0,"DemandMax":null,"Value":37.81401118329},{"Length":7.508439,"Height":5.015508,"Demand":1.0,"DemandMax":null,"Value":37.658635872012},{"Length":4.621778,"Height":8.103365,"Demand":1.0,"DemandMax":null,"Value":37.45195408297},{"Length":10.8538,"Height":3.42845,"Demand":1.0,"DemandMax":null,"Value":37.211710610000004},{"Length":9.05316,"Height":4.09332,"Demand":1.0,"DemandMax":null,"Value":37.0574808912},{"Length":3.278032,"Height":11.28921,"Demand":1.0,"DemandMax":null,"Value":37.00639163472},{"Length":3.27116,"Height":11.28921,"Demand":1.0,"DemandMax":null,"Value":36.9288121836},{"Length":3.480323,"Height":10.53113,"Demand":1.0,"DemandMax":null,"Value":36.651733954989993},{"Length":9.528234,"Height":3.844193,"Demand":1.0,"DemandMax":null,"Value":36.628370445162},{"Length":4.220516,"Height":8.678589,"Demand":1.0,"DemandMax":null,"Value":36.628123731924},{"Length":5.022954,"Height":7.282673,"Demand":1.0,"DemandMax":null,"Value":36.580531476042005},{"Length":5.679349,"Height":6.436337,"Demand":1.0,"DemandMax":null,"Value":36.554204104613},{"Length":11.81499,"Height":3.048589,"Demand":1.0,"DemandMax":null,"Value":36.01904854911},{"Length":6.21462,"Height":5.78545,"Demand":1.0,"DemandMax":null,"Value":35.954373279},{"Length":10.44082,"Height":3.433776,"Demand":1.0,"DemandMax":null,"Value":35.85143713632},{"Length":5.906304,"Height":6.062766,"Demand":1.0,"DemandMax":null,"Value":35.808539076864},{"Length":7.570623,"Height":4.713755,"Demand":1.0,"DemandMax":null,"Value":35.686062019365},{"Length":9.05316,"Height":3.85119,"Demand":1.0,"DemandMax":null,"Value":34.8654392604},{"Length":5.906304,"Height":5.882456,"Demand":1.0,"DemandMax":null,"Value":34.743573402624},{"Length":5.445595,"Height":6.379925,"Demand":1.0,"DemandMax":null,"Value":34.742487680375},{"Length":5.384686,"Height":6.436337,"Demand":1.0,"DemandMax":null,"Value":34.657653735182},{"Length":6.471817,"Height":5.34131,"Demand":1.0,"DemandMax":null,"Value":34.56798086027},{"Length":9.699524,"Height":3.551099,"Demand":1.0,"DemandMax":null,"Value":34.443969976876},{"Length":6.116515,"Height":5.587387,"Demand":1.0,"DemandMax":null,"Value":34.175336396305},{"Length":6.834078,"Height":4.994848,"Demand":1.0,"DemandMax":null,"Value":34.135180830144},{"Length":4.036079,"Height":8.454266,"Demand":1.0,"DemandMax":null,"Value":34.122085463014},{"Length":3.214152,"Height":10.53113,"Demand":1.0,"DemandMax":null,"Value":33.84865255176},{"Length":9.528234,"Height":3.551221,"Demand":1.0,"DemandMax":null,"Value":33.836864673714},{"Length":7.679376,"Height":4.40401,"Demand":1.0,"DemandMax":null,"Value":33.820048697760008},{"Length":11.48813,"Height":2.943594,"Demand":1.0,"DemandMax":null,"Value":33.81639053922},{"Length":4.784434,"Height":7.02333,"Demand":1.0,"DemandMax":null,"Value":33.60265884522},{"Length":2.971772,"Height":11.28921,"Demand":1.0,"DemandMax":null,"Value":33.54895818012},{"Length":8.921518,"Height":3.731812,"Demand":1.0,"DemandMax":null,"Value":33.293427930616005},{"Length":7.679376,"Height":4.30379,"Demand":1.0,"DemandMax":null,"Value":33.05042163504},{"Length":5.967479,"Height":5.523743,"Demand":1.0,"DemandMax":null,"Value":32.962820353896994},{"Length":5.099013,"Height":6.408817,"Demand":1.0,"DemandMax":null,"Value":32.678641197621005},{"Length":4.517815,"Height":7.22795,"Demand":1.0,"DemandMax":null,"Value":32.65454092925},{"Length":10.8538,"Height":3.007886,"Demand":1.0,"DemandMax":null,"Value":32.6469930668},{"Length":9.681657,"Height":3.36947,"Demand":1.0,"DemandMax":null,"Value":32.62205281179},{"Length":6.418018,"Height":5.027772,"Demand":1.0,"DemandMax":null,"Value":32.268331195895996},{"Length":6.865018,"Height":4.684077,"Demand":1.0,"DemandMax":null,"Value":32.156272918386},{"Length":11.12577,"Height":2.88324,"Demand":1.0,"DemandMax":null,"Value":32.078265094799995},{"Length":5.967479,"Height":5.353401,"Demand":1.0,"DemandMax":null,"Value":31.946308046079},{"Length":3.150743,"Height":9.880054,"Demand":1.0,"DemandMax":null,"Value":31.129510980121996},{"Length":6.046418,"Height":5.027772,"Demand":1.0,"DemandMax":null,"Value":30.400011120696},{"Length":4.517815,"Height":6.727048,"Demand":1.0,"DemandMax":null,"Value":30.391558360119998},{"Length":4.070672,"Height":7.454194,"Demand":1.0,"DemandMax":null,"Value":30.343578798368},{"Length":5.799258,"Height":5.222446,"Demand":1.0,"DemandMax":null,"Value":30.286311745067998},{"Length":10.44016,"Height":2.896117,"Demand":1.0,"DemandMax":null,"Value":30.23592485872},{"Length":4.775661,"Height":6.277407,"Demand":1.0,"DemandMax":null,"Value":29.978767791027003},{"Length":3.879315,"Height":7.620389,"Demand":1.0,"DemandMax":null,"Value":29.561889353535},{"Length":2.762104,"Height":10.66267,"Demand":1.0,"DemandMax":null,"Value":29.45140345768},{"Length":4.520967,"Height":6.432175,"Demand":1.0,"DemandMax":null,"Value":29.079650913225},{"Length":3.297738,"Height":8.807929,"Demand":1.0,"DemandMax":null,"Value":29.046242164602},{"Length":3.879315,"Height":7.486776,"Demand":1.0,"DemandMax":null,"Value":29.04356243844},{"Length":7.214982,"Height":3.970143,"Demand":1.0,"DemandMax":null,"Value":28.644510282426},{"Length":5.828945,"Height":4.87431,"Demand":1.0,"DemandMax":null,"Value":28.412084902950003},{"Length":3.205656,"Height":8.807929,"Demand":1.0,"DemandMax":null,"Value":28.235190446423996},{"Length":5.528481,"Height":5.098872,"Demand":1.0,"DemandMax":null,"Value":28.189016973432},{"Length":4.220516,"Height":6.678481,"Demand":1.0,"DemandMax":null,"Value":28.186635916196},{"Length":4.871217,"Height":5.78545,"Demand":1.0,"DemandMax":null,"Value":28.18218239265},{"Length":2.836755,"Height":9.880054,"Demand":1.0,"DemandMax":null,"Value":28.02729258477},{"Length":9.699524,"Height":2.881077,"Demand":1.0,"DemandMax":null,"Value":27.945075507348},{"Length":6.922297,"Height":4.029126,"Demand":1.0,"DemandMax":null,"Value":27.890806822422},{"Length":4.036079,"Height":6.902803,"Demand":1.0,"DemandMax":null,"Value":27.860258229436997},{"Length":5.942268,"Height":4.684077,"Demand":1.0,"DemandMax":null,"Value":27.834040866636002},{"Length":6.922297,"Height":3.910307,"Demand":1.0,"DemandMax":null,"Value":27.068306415179002},{"Length":3.072073,"Height":8.807929,"Demand":1.0,"DemandMax":null,"Value":27.058600866817},{"Length":8.027328,"Height":3.369322,"Demand":1.0,"DemandMax":null,"Value":27.046652831616},{"Length":3.058139,"Height":8.807929,"Demand":1.0,"DemandMax":null,"Value":26.935871184131},{"Length":9.90228,"Height":2.717721,"Demand":1.0,"DemandMax":null,"Value":26.91163430388},{"Length":6.750648,"Height":3.970143,"Demand":1.0,"DemandMax":null,"Value":26.801037902664},{"Length":4.070672,"Height":6.583904,"Demand":1.0,"DemandMax":null,"Value":26.800913663488004},{"Length":5.967479,"Height":4.479925,"Demand":1.0,"DemandMax":null,"Value":26.733858359074997},{"Length":4.236568,"Height":6.277407,"Demand":1.0,"DemandMax":null,"Value":26.594661619176},{"Length":7.072874,"Height":3.757837,"Demand":1.0,"DemandMax":null,"Value":26.578707613537997},{"Length":9.90228,"Height":2.639004,"Demand":1.0,"DemandMax":null,"Value":26.132156529119996},{"Length":3.587627,"Height":7.282673,"Demand":1.0,"DemandMax":null,"Value":26.127514286971},{"Length":4.285824,"Height":6.052253,"Demand":1.0,"DemandMax":null,"Value":25.938891161472},{"Length":4.482129,"Height":5.78545,"Demand":1.0,"DemandMax":null,"Value":25.931133223049997},{"Length":6.892756,"Height":3.757837,"Demand":1.0,"DemandMax":null,"Value":25.901853528772},{"Length":8.027328,"Height":3.212897,"Demand":1.0,"DemandMax":null,"Value":25.790978049216},{"Length":4.451782,"Height":5.78545,"Demand":1.0,"DemandMax":null,"Value":25.7555621719}]}