{"Name":"Path10_100","Objects":[{"Length":100.0,"Height":100.0,"Stock":null,"Cost":10000.0}],"Items":[{"Length":87.09244,"Height":25.11818,"Demand":1.0,"DemandMax":null,"Value":2187.6035845591996},{"Length":81.43842,"Height":11.67922,"Demand":1.0,"DemandMax":null,"Value":951.1372236324},{"Length":67.29694,"Height":8.526659,"Demand":1.0,"DemandMax":null,"Value":573.8180591234601},{"Length":18.9615,"Height":21.67602,"Demand":1.0,"DemandMax":null,"Value":411.00985323000003},{"Length":53.16513,"Height":7.488557,"Demand":1.0,"DemandMax":null,"Value":398.13010641741},{"Length":87.09244,"Height":4.109406,"Demand":1.0,"DemandMax":null,"Value":357.89819549064},{"Length":34.66416,"Height":8.30327,"Demand":1.0,"DemandMax":null,"Value":287.8258798032},{"Length":66.40032,"Height":4.023396,"Demand":1.0,"DemandMax":null,"Value":267.15478188671995},{"Length":18.11148,"Height":13.48839,"Demand":1.0,"DemandMax":null,"Value":244.29470571720003},{"Length":10.90566,"Height":21.67602,"Demand":1.0,"DemandMax":null,"Value":236.3913042732},{"Length":50.86524,"Height":4.593804,"Demand":1.0,"DemandMax":null,"Value":233.66494297296003},{"Length":10.25627,"Height":21.67602,"Demand":1.0,"DemandMax":null,"Value":222.31511364540003},{"Length":29.66519,"Height":5.285926,"Demand":1.0,"DemandMax":null,"Value":156.80799911594},{"Length":22.74456,"Height":5.53362,"Demand":1.0,"DemandMax":null,"Value":125.8597521072},{"Length":8.66141,"Height":14.30977,"Demand":1.0,"DemandMax":null,"Value":123.94278497570001},{"Length":23.0815,"Height":5.31961,"Demand":1.0,"DemandMax":null,"Value":122.784578215},{"Length":44.38621,"Height":2.576547,"Demand":1.0,"DemandMax":null,"Value":114.36315621687},{"Length":18.11148,"Height":6.289355,"Demand":1.0,"DemandMax":null,"Value":113.9095272954},{"Length":19.62472,"Height":4.119782,"Demand":1.0,"DemandMax":null,"Value":80.84956821104},{"Length":30.9769,"Height":2.571438,"Demand":1.0,"DemandMax":null,"Value":79.6551777822},{"Length":5.414153,"Height":14.37178,"Demand":1.0,"DemandMax":null,"Value":77.81101580234},{"Length":30.9769,"Height":2.233603,"Demand":1.0,"DemandMax":null,"Value":69.1900967707},{"Length":3.143161,"Height":21.67602,"Demand":1.0,"DemandMax":null,"Value":68.131220699220009},{"Length":5.654026,"Height":11.67922,"Demand":1.0,"DemandMax":null,"Value":66.03461353972},{"Length":2.809614,"Height":20.91327,"Demand":1.0,"DemandMax":null,"Value":58.75821617778},{"Length":4.453959,"Height":12.54673,"Demand":1.0,"DemandMax":null,"Value":55.88262100407},{"Length":16.43169,"Height":3.061603,"Demand":1.0,"DemandMax":null,"Value":50.307311399069995},{"Length":25.01097,"Height":1.881701,"Demand":1.0,"DemandMax":null,"Value":47.06316725997},{"Length":2.109324,"Height":21.67602,"Demand":1.0,"DemandMax":null,"Value":45.72174921048},{"Length":20.69211,"Height":2.11724,"Demand":1.0,"DemandMax":null,"Value":43.810162976399994},{"Length":7.822833,"Height":5.53362,"Demand":1.0,"DemandMax":null,"Value":43.28858514546},{"Length":7.49341,"Height":5.728607,"Demand":1.0,"DemandMax":null,"Value":42.92680097987},{"Length":4.591136,"Height":9.328077,"Demand":1.0,"DemandMax":null,"Value":42.826470125472},{"Length":7.49341,"Height":5.646089,"Demand":1.0,"DemandMax":null,"Value":42.30845977349},{"Length":30.9769,"Height":1.357295,"Demand":1.0,"DemandMax":null,"Value":42.0447914855},{"Length":2.623411,"Height":15.99152,"Demand":1.0,"DemandMax":null,"Value":41.952329474719996},{"Length":16.9014,"Height":2.478646,"Demand":1.0,"DemandMax":null,"Value":41.8925875044},{"Length":5.032259,"Height":8.2579,"Demand":1.0,"DemandMax":null,"Value":41.5558915961},{"Length":15.01335,"Height":2.743063,"Demand":1.0,"DemandMax":null,"Value":41.18256489105},{"Length":29.37286,"Height":1.401351,"Demand":1.0,"DemandMax":null,"Value":41.16168673386},{"Length":30.9769,"Height":1.326221,"Demand":1.0,"DemandMax":null,"Value":41.0822152949},{"Length":1.848445,"Height":21.67602,"Demand":1.0,"DemandMax":null,"Value":40.0669307889},{"Length":20.69211,"Height":1.906155,"Demand":1.0,"DemandMax":null,"Value":39.44236893705},{"Length":29.37286,"Height":1.341712,"Demand":1.0,"DemandMax":null,"Value":39.40991873632},{"Length":38.23672,"Height":1.023969,"Demand":1.0,"DemandMax":null,"Value":39.153215941679996},{"Length":37.58728,"Height":1.023969,"Demand":1.0,"DemandMax":null,"Value":38.48820951432},{"Length":8.653426,"Height":4.403259,"Demand":1.0,"DemandMax":null,"Value":38.103275915334},{"Length":4.070275,"Height":9.328077,"Demand":1.0,"DemandMax":null,"Value":37.967838611175},{"Length":4.597404,"Height":8.2579,"Demand":1.0,"DemandMax":null,"Value":37.9649024916},{"Length":50.86524,"Height":0.7397201,"Demand":1.0,"DemandMax":null,"Value":37.626040419324},{"Length":5.175004,"Height":7.182016,"Demand":1.0,"DemandMax":null,"Value":37.166961528064},{"Length":29.87932,"Height":1.241224,"Demand":1.0,"DemandMax":null,"Value":37.086929087680005},{"Length":14.9247,"Height":2.478646,"Demand":1.0,"DemandMax":null,"Value":36.993047956199995},{"Length":7.778268,"Height":4.403259,"Demand":1.0,"DemandMax":null,"Value":34.249728575412},{"Length":7.296071,"Height":4.616301,"Demand":1.0,"DemandMax":null,"Value":33.680859853371004},{"Length":4.660182,"Height":7.21863,"Demand":1.0,"DemandMax":null,"Value":33.64012959066},{"Length":13.48855,"Height":2.478646,"Demand":1.0,"DemandMax":null,"Value":33.4333405033},{"Length":1.948275,"Height":15.99152,"Demand":1.0,"DemandMax":null,"Value":31.155878628},{"Length":43.32784,"Height":0.7141271,"Demand":1.0,"DemandMax":null,"Value":30.941584728464},{"Length":43.32784,"Height":0.7121317,"Demand":1.0,"DemandMax":null,"Value":30.855128356528002},{"Length":7.34346,"Height":4.089095,"Demand":1.0,"DemandMax":null,"Value":30.028105568700003},{"Length":51.80481,"Height":0.5527498,"Demand":1.0,"DemandMax":null,"Value":28.635098366538},{"Length":11.35752,"Height":2.478646,"Demand":1.0,"DemandMax":null,"Value":28.151271517919998},{"Length":51.80481,"Height":0.5387231,"Demand":1.0,"DemandMax":null,"Value":27.908447838111},{"Length":2.809614,"Height":9.906597,"Demand":1.0,"DemandMax":null,"Value":27.833713623557998},{"Length":24.74924,"Height":1.091473,"Demand":1.0,"DemandMax":null,"Value":27.01312723052},{"Length":1.676427,"Height":15.99152,"Demand":1.0,"DemandMax":null,"Value":26.808615899039996},{"Length":29.87932,"Height":0.8901133,"Demand":1.0,"DemandMax":null,"Value":26.595980126956},{"Length":26.86493,"Height":0.9838941,"Demand":1.0,"DemandMax":null,"Value":26.432246123913},{"Length":4.998974,"Height":5.285926,"Demand":1.0,"DemandMax":null,"Value":26.424206639923998},{"Length":13.82561,"Height":1.898277,"Demand":1.0,"DemandMax":null,"Value":26.244837473969998},{"Length":3.163982,"Height":8.2579,"Demand":1.0,"DemandMax":null,"Value":26.127846957799996},{"Length":23.44595,"Height":1.091473,"Demand":1.0,"DemandMax":null,"Value":25.590621384349998},{"Length":12.14742,"Height":2.078129,"Demand":1.0,"DemandMax":null,"Value":25.243905777180004},{"Length":3.486406,"Height":7.182016,"Demand":1.0,"DemandMax":null,"Value":25.039423674496},{"Length":4.660182,"Height":5.3281,"Demand":1.0,"DemandMax":null,"Value":24.8299157142},{"Length":24.17599,"Height":1.023969,"Demand":1.0,"DemandMax":null,"Value":24.755464304309996},{"Length":3.79342,"Height":6.484877,"Demand":1.0,"DemandMax":null,"Value":24.59986210934},{"Length":26.86493,"Height":0.9143829,"Demand":1.0,"DemandMax":null,"Value":24.564832601697002},{"Length":12.14742,"Height":2.010966,"Demand":1.0,"DemandMax":null,"Value":24.428048607719997},{"Length":22.43662,"Height":1.052387,"Demand":1.0,"DemandMax":null,"Value":23.61200721194},{"Length":19.62472,"Height":1.199828,"Demand":1.0,"DemandMax":null,"Value":23.546288548159996},{"Length":1.44398,"Height":15.99152,"Demand":1.0,"DemandMax":null,"Value":23.0914350496},{"Length":3.79342,"Height":6.061853,"Demand":1.0,"DemandMax":null,"Value":22.99515440726},{"Length":12.08509,"Height":1.898277,"Demand":1.0,"DemandMax":null,"Value":22.94084838993},{"Length":4.921253,"Height":4.616301,"Demand":1.0,"DemandMax":null,"Value":22.717985145153},{"Length":34.66416,"Height":0.6549297,"Demand":1.0,"DemandMax":null,"Value":22.702587909552},{"Length":4.096766,"Height":5.53362,"Demand":1.0,"DemandMax":null,"Value":22.669946272919997},{"Length":20.98592,"Height":1.077725,"Demand":1.0,"DemandMax":null,"Value":22.617050632},{"Length":5.520088,"Height":4.089095,"Demand":1.0,"DemandMax":null,"Value":22.572164240360003},{"Length":7.49341,"Height":2.997081,"Demand":1.0,"DemandMax":null,"Value":22.45835673621},{"Length":12.21732,"Height":1.838096,"Demand":1.0,"DemandMax":null,"Value":22.45660702272},{"Length":1.436538,"Height":15.43445,"Demand":1.0,"DemandMax":null,"Value":22.1721739341},{"Length":20.98592,"Height":1.053612,"Demand":1.0,"DemandMax":null,"Value":22.11101714304},{"Length":1.436538,"Height":15.38541,"Demand":1.0,"DemandMax":null,"Value":22.101726110580003},{"Length":2.950412,"Height":7.488557,"Demand":1.0,"DemandMax":null,"Value":22.094328435484},{"Length":25.01097,"Height":0.8818614,"Demand":1.0,"DemandMax":null,"Value":22.056209019558},{"Length":12.21732,"Height":1.803503,"Demand":1.0,"DemandMax":null,"Value":22.03397327196},{"Length":25.01097,"Height":0.8809627,"Demand":1.0,"DemandMax":null,"Value":22.033731660819},{"Length":20.89122,"Height":1.052387,"Demand":1.0,"DemandMax":null,"Value":21.98564834214}]}