{"Name":"Nice18_100","Objects":[{"Length":100.0,"Height":100.0,"Stock":null,"Cost":10000.0}],"Items":[{"Length":24.73236,"Height":16.10705,"Demand":1.0,"DemandMax":null,"Value":398.36535913800003},{"Length":22.72263,"Height":17.4898,"Demand":1.0,"DemandMax":null,"Value":397.41425417399995},{"Length":34.19395,"Height":11.17407,"Demand":1.0,"DemandMax":null,"Value":382.0855908765},{"Length":20.53973,"Height":13.48152,"Demand":1.0,"DemandMax":null,"Value":276.90678078959996},{"Length":15.54151,"Height":15.01427,"Demand":1.0,"DemandMax":null,"Value":233.34442734770002},{"Length":13.5891,"Height":16.10705,"Demand":1.0,"DemandMax":null,"Value":218.880313155},{"Length":11.94099,"Height":17.67107,"Demand":1.0,"DemandMax":null,"Value":211.0100701593},{"Length":11.27371,"Height":14.55831,"Demand":1.0,"DemandMax":null,"Value":164.1261650301},{"Length":10.85979,"Height":15.01427,"Demand":1.0,"DemandMax":null,"Value":163.0518192033},{"Length":14.55699,"Height":10.90881,"Demand":1.0,"DemandMax":null,"Value":158.7994380819},{"Length":11.86619,"Height":12.35923,"Demand":1.0,"DemandMax":null,"Value":146.6569714337},{"Length":7.127193,"Height":20.50768,"Demand":1.0,"DemandMax":null,"Value":146.16219334224002},{"Length":19.34884,"Height":7.535783,"Demand":1.0,"DemandMax":null,"Value":145.80865954172},{"Length":11.94099,"Height":10.82472,"Demand":1.0,"DemandMax":null,"Value":129.2578732728},{"Length":5.730778,"Height":22.35159,"Demand":1.0,"DemandMax":null,"Value":128.09200023702002},{"Length":13.33957,"Height":9.277308,"Demand":1.0,"DemandMax":null,"Value":123.75529947756},{"Length":11.86619,"Height":9.992361,"Demand":1.0,"DemandMax":null,"Value":118.57125417459001},{"Length":16.40117,"Height":7.109242,"Demand":1.0,"DemandMax":null,"Value":116.59988661314},{"Length":13.77124,"Height":8.223232,"Demand":1.0,"DemandMax":null,"Value":113.24410144768},{"Length":12.16176,"Height":9.144656,"Demand":1.0,"DemandMax":null,"Value":111.21511155455998},{"Length":11.59395,"Height":9.272527,"Demand":1.0,"DemandMax":null,"Value":107.50521441165},{"Length":8.352339,"Height":12.7144,"Demand":1.0,"DemandMax":null,"Value":106.1949789816},{"Length":9.90941,"Height":10.67131,"Demand":1.0,"DemandMax":null,"Value":105.74638602709999},{"Length":9.711446,"Height":10.51003,"Demand":1.0,"DemandMax":null,"Value":102.06758880338},{"Length":7.338433,"Height":13.83273,"Demand":1.0,"DemandMax":null,"Value":101.51056231209},{"Length":19.34884,"Height":5.178613,"Demand":1.0,"DemandMax":null,"Value":100.20015435892},{"Length":8.047278,"Height":12.38874,"Demand":1.0,"DemandMax":null,"Value":99.695634849720008},{"Length":9.711446,"Height":10.0378,"Demand":1.0,"DemandMax":null,"Value":97.481552658800013},{"Length":9.90941,"Height":9.836375,"Demand":1.0,"DemandMax":null,"Value":97.47267278875},{"Length":11.59395,"Height":8.360049,"Demand":1.0,"DemandMax":null,"Value":96.925990103549992},{"Length":11.59395,"Height":8.346917,"Demand":1.0,"DemandMax":null,"Value":96.773738352149991},{"Length":6.519691,"Height":14.41446,"Demand":1.0,"DemandMax":null,"Value":93.97782513186},{"Length":10.03751,"Height":9.333613,"Demand":1.0,"DemandMax":null,"Value":93.686233823629991},{"Length":12.09617,"Height":7.702926,"Demand":1.0,"DemandMax":null,"Value":93.17590239342},{"Length":6.906765,"Height":13.46084,"Demand":1.0,"DemandMax":null,"Value":92.9708585826},{"Length":11.02597,"Height":8.414365,"Demand":1.0,"DemandMax":null,"Value":92.776536059049988},{"Length":14.55699,"Height":6.288532,"Demand":1.0,"DemandMax":null,"Value":91.54209743868},{"Length":6.278497,"Height":14.49308,"Demand":1.0,"DemandMax":null,"Value":90.994759300760009},{"Length":13.69733,"Height":6.557186,"Demand":1.0,"DemandMax":null,"Value":89.815940513379985},{"Length":11.50577,"Height":7.530678,"Demand":1.0,"DemandMax":null,"Value":86.64624901206},{"Length":10.31024,"Height":8.336237,"Demand":1.0,"DemandMax":null,"Value":85.94860416688},{"Length":13.08003,"Height":6.559668,"Demand":1.0,"DemandMax":null,"Value":85.80065423004001},{"Length":13.08003,"Height":6.550117,"Demand":1.0,"DemandMax":null,"Value":85.675726863510008},{"Length":6.854672,"Height":12.38874,"Demand":1.0,"DemandMax":null,"Value":84.92074919328},{"Length":9.873713,"Height":8.414365,"Demand":1.0,"DemandMax":null,"Value":83.08102508724501},{"Length":8.876967,"Height":9.333613,"Demand":1.0,"DemandMax":null,"Value":82.854174591771},{"Length":10.62645,"Height":7.702926,"Demand":1.0,"DemandMax":null,"Value":81.8547579927},{"Length":7.92614,"Height":10.30952,"Demand":1.0,"DemandMax":null,"Value":81.7146988528},{"Length":9.23121,"Height":8.834721,"Demand":1.0,"DemandMax":null,"Value":81.555164842410008},{"Length":9.711446,"Height":8.256761,"Demand":1.0,"DemandMax":null,"Value":80.185088586406},{"Length":13.69733,"Height":5.831552,"Demand":1.0,"DemandMax":null,"Value":79.87669215616},{"Length":11.94565,"Height":6.658704,"Demand":1.0,"DemandMax":null,"Value":79.5425474376},{"Length":8.516248,"Height":9.144656,"Demand":1.0,"DemandMax":null,"Value":77.878158370687984},{"Length":8.197013,"Height":9.333613,"Demand":1.0,"DemandMax":null,"Value":76.507747097969},{"Length":14.55699,"Height":5.248652,"Demand":1.0,"DemandMax":null,"Value":76.40457467748},{"Length":11.34372,"Height":6.70693,"Demand":1.0,"DemandMax":null,"Value":76.081535979599991},{"Length":5.227277,"Height":14.49308,"Demand":1.0,"DemandMax":null,"Value":75.75934374316},{"Length":14.55699,"Height":5.145244,"Demand":1.0,"DemandMax":null,"Value":74.89926545556},{"Length":6.025817,"Height":12.38874,"Demand":1.0,"DemandMax":null,"Value":74.65228010058},{"Length":6.146791,"Height":12.10819,"Demand":1.0,"DemandMax":null,"Value":74.42651331829},{"Length":9.711446,"Height":7.633631,"Demand":1.0,"DemandMax":null,"Value":74.133595240426},{"Length":7.92614,"Height":9.185619,"Demand":1.0,"DemandMax":null,"Value":72.80650218066},{"Length":13.77124,"Height":5.237605,"Demand":1.0,"DemandMax":null,"Value":72.1283154802},{"Length":4.986083,"Height":14.41446,"Demand":1.0,"DemandMax":null,"Value":71.87169396018},{"Length":7.92614,"Height":9.000652,"Demand":1.0,"DemandMax":null,"Value":71.340427843280011},{"Length":6.321461,"Height":11.24549,"Demand":1.0,"DemandMax":null,"Value":71.08792646089},{"Length":5.139818,"Height":13.48152,"Demand":1.0,"DemandMax":null,"Value":69.29255916336},{"Length":14.55699,"Height":4.71385,"Demand":1.0,"DemandMax":null,"Value":68.6194673115},{"Length":11.34372,"Height":6.007466,"Demand":1.0,"DemandMax":null,"Value":68.14701221352},{"Length":16.40117,"Height":4.136252,"Demand":1.0,"DemandMax":null,"Value":67.83937221484},{"Length":10.93842,"Height":6.143941,"Demand":1.0,"DemandMax":null,"Value":67.20500711322},{"Length":11.94565,"Height":5.609823,"Demand":1.0,"DemandMax":null,"Value":67.01298211995},{"Length":4.594589,"Height":14.55831,"Demand":1.0,"DemandMax":null,"Value":66.88945098459},{"Length":4.93212,"Height":13.48152,"Demand":1.0,"DemandMax":null,"Value":66.492474422400008},{"Length":5.33671,"Height":12.38874,"Demand":1.0,"DemandMax":null,"Value":66.1151126454},{"Length":7.082468,"Height":9.333613,"Demand":1.0,"DemandMax":null,"Value":66.105015396884},{"Length":5.115686,"Height":12.7144,"Demand":1.0,"DemandMax":null,"Value":65.0428780784},{"Length":9.23121,"Height":7.025664,"Demand":1.0,"DemandMax":null,"Value":64.85537977344},{"Length":9.23121,"Height":7.0224,"Demand":1.0,"DemandMax":null,"Value":64.825249104000008},{"Length":10.31024,"Height":6.222069,"Demand":1.0,"DemandMax":null,"Value":64.15102468656},{"Length":9.23121,"Height":6.943557,"Demand":1.0,"DemandMax":null,"Value":64.09743281397},{"Length":11.19975,"Height":5.695197,"Demand":1.0,"DemandMax":null,"Value":63.78478260075},{"Length":4.210362,"Height":15.01427,"Demand":1.0,"DemandMax":null,"Value":63.21551186574},{"Length":11.94565,"Height":5.278394,"Demand":1.0,"DemandMax":null,"Value":63.053847286099995},{"Length":6.146791,"Height":10.24341,"Demand":1.0,"DemandMax":null,"Value":62.964100397310006},{"Length":4.954116,"Height":12.38874,"Demand":1.0,"DemandMax":null,"Value":61.37525505384},{"Length":9.961266,"Height":6.143941,"Demand":1.0,"DemandMax":null,"Value":61.201430589306},{"Length":11.59395,"Height":5.272632,"Demand":1.0,"DemandMax":null,"Value":61.130631776399994},{"Length":9.23121,"Height":6.611878,"Demand":1.0,"DemandMax":null,"Value":61.035634312380004},{"Length":13.33957,"Height":4.555419,"Demand":1.0,"DemandMax":null,"Value":60.76733062983},{"Length":13.08003,"Height":4.622562,"Demand":1.0,"DemandMax":null,"Value":60.463249636860006},{"Length":4.15233,"Height":14.55831,"Demand":1.0,"DemandMax":null,"Value":60.4509073623},{"Length":13.08003,"Height":4.619249,"Demand":1.0,"DemandMax":null,"Value":60.41991549747},{"Length":14.55699,"Height":4.133131,"Demand":1.0,"DemandMax":null,"Value":60.16594663569},{"Length":11.59395,"Height":5.186096,"Demand":1.0,"DemandMax":null,"Value":60.1273377192},{"Length":5.728155,"Height":10.41186,"Demand":1.0,"DemandMax":null,"Value":59.640747918300008},{"Length":4.608861,"Height":12.7144,"Demand":1.0,"DemandMax":null,"Value":58.5989022984},{"Length":11.94565,"Height":4.804674,"Demand":1.0,"DemandMax":null,"Value":57.394953968100005},{"Length":4.605288,"Height":12.38874,"Demand":1.0,"DemandMax":null,"Value":57.05371565712},{"Length":5.471593,"Height":10.41186,"Demand":1.0,"DemandMax":null,"Value":56.96946029298001}]}