{"Name":"Nice10_100","Objects":[{"Length":100.0,"Height":100.0,"Stock":null,"Cost":10000.0}],"Items":[{"Length":21.76618,"Height":18.85449,"Demand":1.0,"DemandMax":null,"Value":410.39022314819994},{"Length":25.59699,"Height":9.304554,"Demand":1.0,"DemandMax":null,"Value":238.16857569246},{"Length":13.19659,"Height":17.64658,"Demand":1.0,"DemandMax":null,"Value":232.8746811622},{"Length":25.59699,"Height":7.625574,"Demand":1.0,"DemandMax":null,"Value":195.19174142226},{"Length":9.573433,"Height":17.64658,"Demand":1.0,"DemandMax":null,"Value":168.93835130914},{"Length":8.397237,"Height":19.03843,"Demand":1.0,"DemandMax":null,"Value":159.87020881791003},{"Length":17.12976,"Height":8.990838,"Demand":1.0,"DemandMax":null,"Value":154.01089713888},{"Length":21.09417,"Height":7.273095,"Demand":1.0,"DemandMax":null,"Value":153.41990235614998},{"Length":23.63651,"Height":6.386079,"Demand":1.0,"DemandMax":null,"Value":150.94462014428999},{"Length":20.47178,"Height":6.751716,"Demand":1.0,"DemandMax":null,"Value":138.21964457448},{"Length":13.35713,"Height":10.04759,"Demand":1.0,"DemandMax":null,"Value":134.2069658167},{"Length":7.322184,"Height":17.96857,"Demand":1.0,"DemandMax":null,"Value":131.56917575688},{"Length":10.38152,"Height":11.92228,"Demand":1.0,"DemandMax":null,"Value":123.77138826560001},{"Length":15.36979,"Height":7.848879,"Demand":1.0,"DemandMax":null,"Value":120.63562196541},{"Length":20.47178,"Height":5.890532,"Demand":1.0,"DemandMax":null,"Value":120.58967518696},{"Length":6.971156,"Height":16.93013,"Demand":1.0,"DemandMax":null,"Value":118.02257733027999},{"Length":8.011903,"Height":14.62593,"Demand":1.0,"DemandMax":null,"Value":117.18153244479001},{"Length":5.985955,"Height":19.11584,"Demand":1.0,"DemandMax":null,"Value":114.42655802719999},{"Length":6.063866,"Height":18.77707,"Demand":1.0,"DemandMax":null,"Value":113.86163635262},{"Length":12.42887,"Height":9.149059,"Demand":1.0,"DemandMax":null,"Value":113.71246493333},{"Length":16.29634,"Height":6.867122,"Demand":1.0,"DemandMax":null,"Value":111.90895493348},{"Length":11.46771,"Height":9.7307,"Demand":1.0,"DemandMax":null,"Value":111.58884569700001},{"Length":12.96461,"Height":8.586489,"Demand":1.0,"DemandMax":null,"Value":111.32048115429001},{"Length":11.56974,"Height":9.540689,"Demand":1.0,"DemandMax":null,"Value":110.38329115086},{"Length":12.63196,"Height":8.683236,"Demand":1.0,"DemandMax":null,"Value":109.68628982256},{"Length":10.47633,"Height":10.45508,"Demand":1.0,"DemandMax":null,"Value":109.53086825640001},{"Length":11.23346,"Height":9.7307,"Demand":1.0,"DemandMax":null,"Value":109.30942922199999},{"Length":5.722022,"Height":19.03843,"Demand":1.0,"DemandMax":null,"Value":108.93831530546001},{"Length":14.88637,"Height":7.315654,"Demand":1.0,"DemandMax":null,"Value":108.90353223598},{"Length":12.10676,"Height":8.990838,"Demand":1.0,"DemandMax":null,"Value":108.84991786488},{"Length":14.88637,"Height":7.310277,"Demand":1.0,"DemandMax":null,"Value":108.82348822448999},{"Length":11.83017,"Height":9.149059,"Demand":1.0,"DemandMax":null,"Value":108.23492331003},{"Length":13.74637,"Height":7.848879,"Demand":1.0,"DemandMax":null,"Value":107.89359481923},{"Length":12.29332,"Height":8.118263,"Demand":1.0,"DemandMax":null,"Value":99.80040490316},{"Length":9.907181,"Height":10.04759,"Demand":1.0,"DemandMax":null,"Value":99.543292743789991},{"Length":10.67008,"Height":9.313798,"Demand":1.0,"DemandMax":null,"Value":99.37896976384},{"Length":11.47579,"Height":8.522778,"Demand":1.0,"DemandMax":null,"Value":97.805610544620009},{"Length":11.29444,"Height":8.586489,"Demand":1.0,"DemandMax":null,"Value":96.97958482116},{"Length":5.455879,"Height":17.73555,"Demand":1.0,"DemandMax":null,"Value":96.76301479845},{"Length":10.06921,"Height":9.597917,"Demand":1.0,"DemandMax":null,"Value":96.64344183557},{"Length":12.63196,"Height":7.639997,"Demand":1.0,"DemandMax":null,"Value":96.50813650412},{"Length":5.426574,"Height":17.73555,"Demand":1.0,"DemandMax":null,"Value":96.243274505699986},{"Length":11.22538,"Height":8.522778,"Demand":1.0,"DemandMax":null,"Value":95.67142170564},{"Length":5.008122,"Height":19.03843,"Demand":1.0,"DemandMax":null,"Value":95.346780128460011},{"Length":4.994179,"Height":19.03843,"Demand":1.0,"DemandMax":null,"Value":95.08132729897001},{"Length":13.98165,"Height":6.77538,"Demand":1.0,"DemandMax":null,"Value":94.730991777},{"Length":7.224558,"Height":13.05722,"Demand":1.0,"DemandMax":null,"Value":94.33264320875999},{"Length":8.264491,"Height":11.36057,"Demand":1.0,"DemandMax":null,"Value":93.889328519869991},{"Length":14.2924,"Height":6.558586,"Demand":1.0,"DemandMax":null,"Value":93.7379345464},{"Length":9.642748,"Height":9.540689,"Demand":1.0,"DemandMax":null,"Value":91.998459773371991},{"Length":4.783749,"Height":19.11584,"Demand":1.0,"DemandMax":null,"Value":91.44538048416},{"Length":11.73348,"Height":7.75922,"Demand":1.0,"DemandMax":null,"Value":91.0426526856},{"Length":5.149003,"Height":17.64658,"Demand":1.0,"DemandMax":null,"Value":90.862293359740008},{"Length":4.705838,"Height":18.77707,"Demand":1.0,"DemandMax":null,"Value":88.36184953466},{"Length":6.025616,"Height":14.62593,"Demand":1.0,"DemandMax":null,"Value":88.13023782288},{"Length":9.428608,"Height":9.313798,"Demand":1.0,"DemandMax":null,"Value":87.816150333184012},{"Length":11.31228,"Height":7.67378,"Demand":1.0,"DemandMax":null,"Value":86.8079480184},{"Length":8.859605,"Height":9.762981,"Demand":1.0,"DemandMax":null,"Value":86.496155282505},{"Length":4.874846,"Height":17.73555,"Demand":1.0,"DemandMax":null,"Value":86.4580749753},{"Length":13.98165,"Height":6.129066,"Demand":1.0,"DemandMax":null,"Value":85.6944556389},{"Length":4.714334,"Height":17.73555,"Demand":1.0,"DemandMax":null,"Value":83.6113063737},{"Length":11.31139,"Height":7.383675,"Demand":1.0,"DemandMax":null,"Value":83.51962755825},{"Length":11.39199,"Height":7.327268,"Demand":1.0,"DemandMax":null,"Value":83.47216378332},{"Length":8.721462,"Height":9.568067,"Demand":1.0,"DemandMax":null,"Value":83.447532753954},{"Length":11.39199,"Height":7.298663,"Demand":1.0,"DemandMax":null,"Value":83.14629590937},{"Length":6.90071,"Height":11.92228,"Demand":1.0,"DemandMax":null,"Value":82.272196818800012},{"Length":11.83394,"Height":6.936316,"Demand":1.0,"DemandMax":null,"Value":82.08394736504},{"Length":4.649121,"Height":17.64658,"Demand":1.0,"DemandMax":null,"Value":82.04108565618},{"Length":12.79948,"Height":6.34586,"Demand":1.0,"DemandMax":null,"Value":81.2237081528},{"Length":8.974154,"Height":9.045457,"Demand":1.0,"DemandMax":null,"Value":81.175324118378015},{"Length":5.52254,"Height":14.62593,"Demand":1.0,"DemandMax":null,"Value":80.772283462200008},{"Length":8.974154,"Height":8.923118,"Demand":1.0,"DemandMax":null,"Value":80.07743509217201},{"Length":10.83833,"Height":7.214348,"Demand":1.0,"DemandMax":null,"Value":78.19148435884},{"Length":7.160551,"Height":10.45508,"Demand":1.0,"DemandMax":null,"Value":74.864133549080009},{"Length":9.322607,"Height":7.75922,"Demand":1.0,"DemandMax":null,"Value":72.33615868654},{"Length":7.929629,"Height":9.091505,"Demand":1.0,"DemandMax":null,"Value":72.092261701645},{"Length":11.33761,"Height":6.34586,"Demand":1.0,"DemandMax":null,"Value":71.946885794599993},{"Length":7.896557,"Height":9.091505,"Demand":1.0,"DemandMax":null,"Value":71.791587448285},{"Length":15.24292,"Height":4.659752,"Demand":1.0,"DemandMax":null,"Value":71.02822695584},{"Length":15.24292,"Height":4.654046,"Demand":1.0,"DemandMax":null,"Value":70.94125085432},{"Length":9.159496,"Height":7.67378,"Demand":1.0,"DemandMax":null,"Value":70.287957214880009},{"Length":7.33796,"Height":9.540689,"Demand":1.0,"DemandMax":null,"Value":70.00919425444},{"Length":9.633452,"Height":7.214348,"Demand":1.0,"DemandMax":null,"Value":69.499075169296},{"Length":11.31139,"Height":6.030103,"Demand":1.0,"DemandMax":null,"Value":68.20884677317},{"Length":6.966581,"Height":9.762981,"Demand":1.0,"DemandMax":null,"Value":68.014597937961},{"Length":10.06921,"Height":6.725316,"Demand":1.0,"DemandMax":null,"Value":67.71861912036},{"Length":4.573639,"Height":14.62593,"Demand":1.0,"DemandMax":null,"Value":66.89372385927},{"Length":6.791154,"Height":9.540689,"Demand":1.0,"DemandMax":null,"Value":64.792288265106},{"Length":9.844685,"Height":6.558586,"Demand":1.0,"DemandMax":null,"Value":64.56721321541},{"Length":11.31139,"Height":5.62465,"Demand":1.0,"DemandMax":null,"Value":63.622609763499995},{"Length":8.264491,"Height":7.677852,"Demand":1.0,"DemandMax":null,"Value":63.453538753332},{"Length":5.999628,"Height":10.45508,"Demand":1.0,"DemandMax":null,"Value":62.726590710240011},{"Length":8.060076,"Height":7.75922,"Demand":1.0,"DemandMax":null,"Value":62.53990290072},{"Length":5.972211,"Height":10.04759,"Demand":1.0,"DemandMax":null,"Value":60.006327521489993},{"Length":9.071779,"Height":6.584053,"Demand":1.0,"DemandMax":null,"Value":59.729073740286992},{"Length":12.37271,"Height":4.807681,"Demand":1.0,"DemandMax":null,"Value":59.484042785509992},{"Length":11.83394,"Height":4.985961,"Demand":1.0,"DemandMax":null,"Value":59.00356331634},{"Length":12.37271,"Height":4.760386,"Demand":1.0,"DemandMax":null,"Value":58.898875466059991},{"Length":12.29332,"Height":4.786182,"Demand":1.0,"DemandMax":null,"Value":58.83806690424},{"Length":9.071779,"Height":6.473164,"Demand":1.0,"DemandMax":null,"Value":58.723113238755992}]}