{"Name":"Nice19_50","Objects":[{"Length":100.0,"Height":100.0,"Stock":null,"Cost":10000.0}],"Items":[{"Length":32.8715,"Height":18.3919,"Demand":1.0,"DemandMax":null,"Value":604.56934084999989},{"Length":28.21804,"Height":20.10854,"Demand":1.0,"DemandMax":null,"Value":567.4235860616},{"Length":18.87607,"Height":19.73343,"Demand":1.0,"DemandMax":null,"Value":372.48960602009993},{"Length":27.29834,"Height":11.25205,"Demand":1.0,"DemandMax":null,"Value":307.162286597},{"Length":32.8715,"Height":8.426115,"Demand":1.0,"DemandMax":null,"Value":276.9790392225},{"Length":20.65245,"Height":12.88903,"Demand":1.0,"DemandMax":null,"Value":266.19004762350005},{"Length":15.28605,"Height":16.52542,"Demand":1.0,"DemandMax":null,"Value":252.60839639099999},{"Length":14.4686,"Height":16.9632,"Demand":1.0,"DemandMax":null,"Value":245.43375552},{"Length":12.00059,"Height":19.67363,"Demand":1.0,"DemandMax":null,"Value":236.0951674417},{"Length":14.64859,"Height":15.39032,"Demand":1.0,"DemandMax":null,"Value":225.4464876488},{"Length":14.60151,"Height":15.39032,"Demand":1.0,"DemandMax":null,"Value":224.72191138319997},{"Length":13.33311,"Height":16.52542,"Demand":1.0,"DemandMax":null,"Value":220.3352426562},{"Length":15.88102,"Height":13.78039,"Demand":1.0,"DemandMax":null,"Value":218.8466491978},{"Length":13.04417,"Height":16.52542,"Demand":1.0,"DemandMax":null,"Value":215.5603878014},{"Length":7.795157,"Height":26.66942,"Demand":1.0,"DemandMax":null,"Value":207.89231599893998},{"Length":11.03461,"Height":18.61345,"Demand":1.0,"DemandMax":null,"Value":205.39216150450002},{"Length":11.80782,"Height":16.9632,"Demand":1.0,"DemandMax":null,"Value":200.298412224},{"Length":15.50051,"Height":12.88903,"Demand":1.0,"DemandMax":null,"Value":199.7865384053},{"Length":15.08123,"Height":12.88903,"Demand":1.0,"DemandMax":null,"Value":194.38242590689998},{"Length":11.65678,"Height":16.52542,"Demand":1.0,"DemandMax":null,"Value":192.6331853476},{"Length":19.6702,"Height":9.725606,"Demand":1.0,"DemandMax":null,"Value":191.30461514120003},{"Length":9.509649,"Height":20.10854,"Demand":1.0,"DemandMax":null,"Value":191.22515730246002},{"Length":11.72056,"Height":16.05363,"Demand":1.0,"DemandMax":null,"Value":188.15753363279998},{"Length":11.08079,"Height":16.9632,"Demand":1.0,"DemandMax":null,"Value":187.96565692800002},{"Length":19.6702,"Height":9.461418,"Demand":1.0,"DemandMax":null,"Value":186.1079843436},{"Length":20.9541,"Height":8.66606,"Demand":1.0,"DemandMax":null,"Value":181.589487846},{"Length":19.6702,"Height":9.043348,"Demand":1.0,"DemandMax":null,"Value":177.8844638296},{"Length":8.953508,"Height":19.67363,"Demand":1.0,"DemandMax":null,"Value":176.14800359403998},{"Length":20.9541,"Height":8.356938,"Demand":1.0,"DemandMax":null,"Value":175.11211454579998},{"Length":10.55825,"Height":16.52542,"Demand":1.0,"DemandMax":null,"Value":174.479515715},{"Length":15.325,"Height":11.36503,"Demand":1.0,"DemandMax":null,"Value":174.16908475},{"Length":17.40922,"Height":9.878607,"Demand":1.0,"DemandMax":null,"Value":171.97884255654003},{"Length":15.00467,"Height":11.2791,"Demand":1.0,"DemandMax":null,"Value":169.239173397},{"Length":19.6702,"Height":8.403584,"Demand":1.0,"DemandMax":null,"Value":165.30017799680002},{"Length":14.24543,"Height":11.2791,"Demand":1.0,"DemandMax":null,"Value":160.675629513},{"Length":15.46227,"Height":9.878607,"Demand":1.0,"DemandMax":null,"Value":152.74568865789},{"Length":8.817194,"Height":16.9632,"Demand":1.0,"DemandMax":null,"Value":149.56782526080002},{"Length":16.45146,"Height":9.064134,"Demand":1.0,"DemandMax":null,"Value":149.11823793564},{"Length":19.97665,"Height":7.381968,"Demand":1.0,"DemandMax":null,"Value":147.4669910472},{"Length":16.45146,"Height":8.956378,"Demand":1.0,"DemandMax":null,"Value":147.34549441188003},{"Length":15.325,"Height":8.743516,"Demand":1.0,"DemandMax":null,"Value":133.9943827},{"Length":19.97665,"Height":6.398424,"Demand":1.0,"DemandMax":null,"Value":127.8190767996},{"Length":11.72056,"Height":10.61579,"Demand":1.0,"DemandMax":null,"Value":124.42300364240002},{"Length":14.51391,"Height":8.481379,"Demand":1.0,"DemandMax":null,"Value":123.09797148189},{"Length":15.37652,"Height":7.31802,"Demand":1.0,"DemandMax":null,"Value":112.5256808904},{"Length":5.562232,"Height":20.10854,"Demand":1.0,"DemandMax":null,"Value":111.84836466128},{"Length":12.78443,"Height":8.481379,"Demand":1.0,"DemandMax":null,"Value":108.42959612897},{"Length":5.263423,"Height":20.10854,"Demand":1.0,"DemandMax":null,"Value":105.83975193242002},{"Length":5.416842,"Height":18.61345,"Demand":1.0,"DemandMax":null,"Value":100.8261177249},{"Length":15.37652,"Height":6.462372,"Demand":1.0,"DemandMax":null,"Value":99.36879230544}]}