{"Name":"Nice40_200","Objects":[{"Length":100.0,"Height":100.0,"Stock":null,"Cost":10000.0}],"Items":[{"Length":8.899945,"Height":20.26558,"Demand":1.0,"DemandMax":null,"Value":180.36254739310002},{"Length":10.65457,"Height":13.4114,"Demand":1.0,"DemandMax":null,"Value":142.892700098},{"Length":15.02435,"Height":9.297318,"Demand":1.0,"DemandMax":null,"Value":139.6861596933},{"Length":16.23775,"Height":8.00461,"Demand":1.0,"DemandMax":null,"Value":129.9768560275},{"Length":13.42636,"Height":8.207125,"Demand":1.0,"DemandMax":null,"Value":110.191814815},{"Length":10.73304,"Height":10.17577,"Demand":1.0,"DemandMax":null,"Value":109.2169464408},{"Length":12.55791,"Height":8.521806,"Demand":1.0,"DemandMax":null,"Value":107.01607278546},{"Length":9.497221,"Height":10.9863,"Demand":1.0,"DemandMax":null,"Value":104.3393190723},{"Length":11.25137,"Height":9.241746,"Demand":1.0,"DemandMax":null,"Value":103.98230369201998},{"Length":7.174717,"Height":14.47019,"Demand":1.0,"DemandMax":null,"Value":103.81951818623001},{"Length":12.44093,"Height":8.105679,"Demand":1.0,"DemandMax":null,"Value":100.84218504147},{"Length":6.443548,"Height":15.53879,"Demand":1.0,"DemandMax":null,"Value":100.12493922692},{"Length":16.13572,"Height":5.94151,"Demand":1.0,"DemandMax":null,"Value":95.8705417372},{"Length":11.13635,"Height":8.521806,"Demand":1.0,"DemandMax":null,"Value":94.9018142481},{"Length":8.87812,"Height":10.40429,"Demand":1.0,"DemandMax":null,"Value":92.3705351348},{"Length":6.251648,"Height":14.47019,"Demand":1.0,"DemandMax":null,"Value":90.462534373120008},{"Length":12.84741,"Height":6.938437,"Demand":1.0,"DemandMax":null,"Value":89.14094489817},{"Length":6.413088,"Height":13.60863,"Demand":1.0,"DemandMax":null,"Value":87.273341749440007},{"Length":7.730726,"Height":11.25842,"Demand":1.0,"DemandMax":null,"Value":87.03576021292},{"Length":5.802043,"Height":13.60863,"Demand":1.0,"DemandMax":null,"Value":78.957856431090008},{"Length":5.605438,"Height":13.60863,"Demand":1.0,"DemandMax":null,"Value":76.28233172994},{"Length":12.53893,"Height":6.047791,"Demand":1.0,"DemandMax":null,"Value":75.83282800363},{"Length":12.11394,"Height":6.111708,"Demand":1.0,"DemandMax":null,"Value":74.03686400952},{"Length":4.420343,"Height":16.588,"Demand":1.0,"DemandMax":null,"Value":73.324649684000008},{"Length":5.340251,"Height":13.70587,"Demand":1.0,"DemandMax":null,"Value":73.192785973370007},{"Length":6.53646,"Height":11.0638,"Demand":1.0,"DemandMax":null,"Value":72.318086148},{"Length":8.984114,"Height":7.951701,"Demand":1.0,"DemandMax":null,"Value":71.438988277913992},{"Length":13.0802,"Height":5.432343,"Demand":1.0,"DemandMax":null,"Value":71.0561329086},{"Length":11.5744,"Height":6.111708,"Demand":1.0,"DemandMax":null,"Value":70.7393530752},{"Length":8.357618,"Height":8.425347,"Demand":1.0,"DemandMax":null,"Value":70.415831743446},{"Length":4.230067,"Height":16.5941,"Demand":1.0,"DemandMax":null,"Value":70.1941548047},{"Length":10.22729,"Height":6.807005,"Demand":1.0,"DemandMax":null,"Value":69.61721416645},{"Length":5.696129,"Height":12.18287,"Demand":1.0,"DemandMax":null,"Value":69.39519911023},{"Length":8.520295,"Height":8.115675,"Demand":1.0,"DemandMax":null,"Value":69.147945124125},{"Length":12.61036,"Height":5.418186,"Demand":1.0,"DemandMax":null,"Value":68.32527600696001},{"Length":10.66814,"Height":6.359894,"Demand":1.0,"DemandMax":null,"Value":67.848239577159987},{"Length":11.1494,"Height":6.047791,"Demand":1.0,"DemandMax":null,"Value":67.4292409754},{"Length":9.892417,"Height":6.811097,"Demand":1.0,"DemandMax":null,"Value":67.378211751449},{"Length":8.522308,"Height":7.830367,"Demand":1.0,"DemandMax":null,"Value":66.732799327036},{"Length":6.962524,"Height":9.558104,"Demand":1.0,"DemandMax":null,"Value":66.548528494496},{"Length":16.13572,"Height":4.12154,"Demand":1.0,"DemandMax":null,"Value":66.5040154088},{"Length":8.43137,"Height":7.881584,"Demand":1.0,"DemandMax":null,"Value":66.452550890079991},{"Length":9.029319,"Height":7.253761,"Demand":1.0,"DemandMax":null,"Value":65.496522018759},{"Length":16.13572,"Height":4.036865,"Demand":1.0,"DemandMax":null,"Value":65.1377233178},{"Length":10.14545,"Height":6.411865,"Demand":1.0,"DemandMax":null,"Value":65.05125576425},{"Length":12.44093,"Height":5.178895,"Demand":1.0,"DemandMax":null,"Value":64.430270172349992},{"Length":7.543962,"Height":8.521806,"Demand":1.0,"DemandMax":null,"Value":64.288180635372},{"Length":10.51253,"Height":6.010732,"Demand":1.0,"DemandMax":null,"Value":63.18800047196},{"Length":6.861522,"Height":8.969994,"Demand":1.0,"DemandMax":null,"Value":61.547811170867995},{"Length":10.14094,"Height":6.049361,"Demand":1.0,"DemandMax":null,"Value":61.346206939340007},{"Length":6.443548,"Height":9.454131,"Demand":1.0,"DemandMax":null,"Value":60.918146896788},{"Length":4.424238,"Height":13.60863,"Demand":1.0,"DemandMax":null,"Value":60.207817973939996},{"Length":6.865678,"Height":8.732242,"Demand":1.0,"DemandMax":null,"Value":59.952761790075996},{"Length":9.497221,"Height":6.281181,"Demand":1.0,"DemandMax":null,"Value":59.653764098001},{"Length":4.36766,"Height":13.63868,"Demand":1.0,"DemandMax":null,"Value":59.5691170888},{"Length":8.423266,"Height":7.064205,"Demand":1.0,"DemandMax":null,"Value":59.50367779353},{"Length":11.04932,"Height":5.369162,"Demand":1.0,"DemandMax":null,"Value":59.32558906984},{"Length":3.937792,"Height":15.01591,"Demand":1.0,"DemandMax":null,"Value":59.12953027072},{"Length":13.42636,"Height":4.3952,"Demand":1.0,"DemandMax":null,"Value":59.011537472},{"Length":10.51253,"Height":5.610624,"Demand":1.0,"DemandMax":null,"Value":58.98185311872},{"Length":6.81137,"Height":8.62507,"Demand":1.0,"DemandMax":null,"Value":58.748543045899993},{"Length":11.25137,"Height":5.156555,"Demand":1.0,"DemandMax":null,"Value":58.01830823035},{"Length":8.022028,"Height":7.091857,"Demand":1.0,"DemandMax":null,"Value":56.891075425996007},{"Length":6.413329,"Height":8.840528,"Demand":1.0,"DemandMax":null,"Value":56.697214597712005},{"Length":12.85292,"Height":4.404115,"Demand":1.0,"DemandMax":null,"Value":56.605737765799994},{"Length":3.754428,"Height":15.01591,"Demand":1.0,"DemandMax":null,"Value":56.376152949479994},{"Length":6.865678,"Height":8.183213,"Demand":1.0,"DemandMax":null,"Value":56.183305463414},{"Length":8.522308,"Height":6.5581,"Demand":1.0,"DemandMax":null,"Value":55.890148094800004},{"Length":8.016861,"Height":6.885756,"Demand":1.0,"DemandMax":null,"Value":55.202148731916004},{"Length":6.148818,"Height":8.695089,"Demand":1.0,"DemandMax":null,"Value":53.464519754802},{"Length":8.259315,"Height":6.411865,"Demand":1.0,"DemandMax":null,"Value":52.957612772475},{"Length":7.774907,"Height":6.811097,"Demand":1.0,"DemandMax":null,"Value":52.955645742979},{"Length":5.069097,"Height":10.30007,"Demand":1.0,"DemandMax":null,"Value":52.21205393679},{"Length":5.569609,"Height":9.362173,"Demand":1.0,"DemandMax":null,"Value":52.143643000357},{"Length":9.029319,"Height":5.716955,"Demand":1.0,"DemandMax":null,"Value":51.62021040364499},{"Length":6.403867,"Height":7.947101,"Demand":1.0,"DemandMax":null,"Value":50.892177839567},{"Length":6.935321,"Height":7.299569,"Demand":1.0,"DemandMax":null,"Value":50.624854176649},{"Length":6.148818,"Height":8.220366,"Demand":1.0,"DemandMax":null,"Value":50.545534427388006},{"Length":6.264807,"Height":7.939213,"Demand":1.0,"DemandMax":null,"Value":49.737637176891},{"Length":11.30697,"Height":4.394602,"Demand":1.0,"DemandMax":null,"Value":49.68963297594},{"Length":9.058356,"Height":5.38082,"Demand":1.0,"DemandMax":null,"Value":48.741383131919996},{"Length":3.845048,"Height":12.66718,"Demand":1.0,"DemandMax":null,"Value":48.70591512464},{"Length":5.911116,"Height":8.226971,"Demand":1.0,"DemandMax":null,"Value":48.630579909636005},{"Length":6.403867,"Height":7.548419,"Demand":1.0,"DemandMax":null,"Value":48.339071336273},{"Length":7.549898,"Height":6.401959,"Demand":1.0,"DemandMax":null,"Value":48.334137450182},{"Length":7.549898,"Height":6.313323,"Demand":1.0,"DemandMax":null,"Value":47.664944691054},{"Length":7.858318,"Height":5.99534,"Demand":1.0,"DemandMax":null,"Value":47.11328823812},{"Length":3.70485,"Height":12.66718,"Demand":1.0,"DemandMax":null,"Value":46.930001823},{"Length":4.156885,"Height":11.0638,"Demand":1.0,"DemandMax":null,"Value":45.990944263},{"Length":5.435498,"Height":8.380167,"Demand":1.0,"DemandMax":null,"Value":45.550380968166},{"Length":8.834713,"Height":5.068463,"Demand":1.0,"DemandMax":null,"Value":44.778415956119005},{"Length":5.805566,"Height":7.556419,"Demand":1.0,"DemandMax":null,"Value":43.869289228153995},{"Length":6.010724,"Height":7.235213,"Demand":1.0,"DemandMax":null,"Value":43.488868424212},{"Length":3.854052,"Height":11.25842,"Demand":1.0,"DemandMax":null,"Value":43.390536117839993},{"Length":7.86009,"Height":5.499509,"Demand":1.0,"DemandMax":null,"Value":43.226635695809996},{"Length":7.138896,"Height":5.99534,"Demand":1.0,"DemandMax":null,"Value":42.80010874464},{"Length":5.569609,"Height":7.485556,"Demand":1.0,"DemandMax":null,"Value":41.691620067604},{"Length":5.081602,"Height":8.115675,"Demand":1.0,"DemandMax":null,"Value":41.240630311349996},{"Length":5.069537,"Height":8.115675,"Demand":1.0,"DemandMax":null,"Value":41.142714692475},{"Length":6.021008,"Height":6.811097,"Demand":1.0,"DemandMax":null,"Value":41.009669525776005},{"Length":4.608975,"Height":8.866804,"Demand":1.0,"DemandMax":null,"Value":40.8668779659},{"Length":9.497221,"Height":4.175804,"Demand":1.0,"DemandMax":null,"Value":39.658533440684},{"Length":3.806106,"Height":10.40429,"Demand":1.0,"DemandMax":null,"Value":39.59983059474},{"Length":4.445444,"Height":8.896285,"Demand":1.0,"DemandMax":null,"Value":39.54793677554},{"Length":7.163791,"Height":5.485352,"Demand":1.0,"DemandMax":null,"Value":39.295915289431996},{"Length":9.029319,"Height":4.345555,"Demand":1.0,"DemandMax":null,"Value":39.237402327045},{"Length":8.205701,"Height":4.778534,"Demand":1.0,"DemandMax":null,"Value":39.211221222334},{"Length":4.485646,"Height":8.700073,"Demand":1.0,"DemandMax":null,"Value":39.025447652158},{"Length":5.875516,"Height":6.59689,"Demand":1.0,"DemandMax":null,"Value":38.76013274524},{"Length":4.445444,"Height":8.692733,"Demand":1.0,"DemandMax":null,"Value":38.643057758452},{"Length":7.635358,"Height":5.024495,"Demand":1.0,"DemandMax":null,"Value":38.363818094209996},{"Length":5.404336,"Height":7.091857,"Demand":1.0,"DemandMax":null,"Value":38.326778091952},{"Length":9.058356,"Height":4.228584,"Demand":1.0,"DemandMax":null,"Value":38.304019247903994},{"Length":4.10221,"Height":9.312033,"Demand":1.0,"DemandMax":null,"Value":38.19991489293},{"Length":10.82347,"Height":3.52196,"Demand":1.0,"DemandMax":null,"Value":38.1198284012},{"Length":6.962524,"Height":5.457803,"Demand":1.0,"DemandMax":null,"Value":38.000084374772},{"Length":4.495302,"Height":8.425347,"Demand":1.0,"DemandMax":null,"Value":37.874479219794},{"Length":6.413329,"Height":5.901972,"Demand":1.0,"DemandMax":null,"Value":37.851288184788},{"Length":6.413329,"Height":5.877192,"Demand":1.0,"DemandMax":null,"Value":37.692365892168},{"Length":8.522308,"Height":4.413826,"Demand":1.0,"DemandMax":null,"Value":37.615984630408008},{"Length":7.857259,"Height":4.777839,"Demand":1.0,"DemandMax":null,"Value":37.540718483301},{"Length":8.205701,"Height":4.533499,"Demand":1.0,"DemandMax":null,"Value":37.200537277799},{"Length":6.313649,"Height":5.889257,"Demand":1.0,"DemandMax":null,"Value":37.182701568793},{"Length":4.34191,"Height":8.556826,"Demand":1.0,"DemandMax":null,"Value":37.15296837766},{"Length":4.246896,"Height":8.700542,"Demand":1.0,"DemandMax":null,"Value":36.950297017631996},{"Length":6.35797,"Height":5.800098,"Demand":1.0,"DemandMax":null,"Value":36.87684908106},{"Length":4.485646,"Height":8.215382,"Demand":1.0,"DemandMax":null,"Value":36.851295406772},{"Length":3.92984,"Height":9.312033,"Demand":1.0,"DemandMax":null,"Value":36.59479976472},{"Length":3.794564,"Height":9.609405,"Demand":1.0,"DemandMax":null,"Value":36.46350227442},{"Length":5.286805,"Height":6.83155,"Demand":1.0,"DemandMax":null,"Value":36.117072697750004},{"Length":4.180398,"Height":8.556826,"Demand":1.0,"DemandMax":null,"Value":35.770938296748},{"Length":4.608975,"Height":7.721191,"Demand":1.0,"DemandMax":null,"Value":35.586776289225},{"Length":10.82347,"Height":3.285045,"Demand":1.0,"DemandMax":null,"Value":35.55558600615},{"Length":6.264807,"Height":5.669421,"Demand":1.0,"DemandMax":null,"Value":35.517828366747},{"Length":3.407866,"Height":10.30007,"Demand":1.0,"DemandMax":null,"Value":35.10125835062},{"Length":5.435498,"Height":6.391076,"Demand":1.0,"DemandMax":null,"Value":34.738680815848},{"Length":6.38033,"Height":5.360884,"Demand":1.0,"DemandMax":null,"Value":34.20420901172},{"Length":4.532285,"Height":7.524628,"Demand":1.0,"DemandMax":null,"Value":34.10375861498},{"Length":10.66814,"Height":3.188267,"Demand":1.0,"DemandMax":null,"Value":34.01287871338},{"Length":5.28357,"Height":6.411865,"Demand":1.0,"DemandMax":null,"Value":33.87753755805},{"Length":7.471797,"Height":4.519479,"Demand":1.0,"DemandMax":null,"Value":33.768629633763},{"Length":4.246896,"Height":7.893553,"Demand":1.0,"DemandMax":null,"Value":33.523098661487992},{"Length":4.906046,"Height":6.811501,"Demand":1.0,"DemandMax":null,"Value":33.417537235046},{"Length":3.207035,"Height":10.40429,"Demand":1.0,"DemandMax":null,"Value":33.36692218015},{"Length":4.88654,"Height":6.716953,"Demand":1.0,"DemandMax":null,"Value":32.82265951262},{"Length":4.138329,"Height":7.881584,"Demand":1.0,"DemandMax":null,"Value":32.616587633136},{"Length":5.916406,"Height":5.485352,"Demand":1.0,"DemandMax":null,"Value":32.453569484912},{"Length":5.911116,"Height":5.478898,"Demand":1.0,"DemandMax":null,"Value":32.386401630168},{"Length":6.403867,"Height":5.042335,"Demand":1.0,"DemandMax":null,"Value":32.290442709444996},{"Length":5.435498,"Height":5.848449,"Demand":1.0,"DemandMax":null,"Value":31.789232842601997},{"Length":3.962422,"Height":7.951701,"Demand":1.0,"DemandMax":null,"Value":31.507994979822},{"Length":8.476963,"Height":3.704859,"Demand":1.0,"DemandMax":null,"Value":31.405952663216997},{"Length":6.162501,"Height":5.068463,"Demand":1.0,"DemandMax":null,"Value":31.234408305963},{"Length":6.7701,"Height":4.468002,"Demand":1.0,"DemandMax":null,"Value":30.2488203402},{"Length":3.490316,"Height":8.619024,"Demand":1.0,"DemandMax":null,"Value":30.083117371584},{"Length":4.257538,"Height":7.064205,"Demand":1.0,"DemandMax":null,"Value":30.076121227290002},{"Length":4.130221,"Height":7.235213,"Demand":1.0,"DemandMax":null,"Value":29.883028672072996},{"Length":3.371206,"Height":8.619024,"Demand":1.0,"DemandMax":null,"Value":29.056505422944},{"Length":3.504344,"Height":8.290385,"Demand":1.0,"DemandMax":null,"Value":29.052360932440003},{"Length":2.780172,"Height":10.40429,"Demand":1.0,"DemandMax":null,"Value":28.925715737879997},{"Length":3.756705,"Height":7.664106,"Demand":1.0,"DemandMax":null,"Value":28.791785330730004},{"Length":5.377352,"Height":5.353979,"Demand":1.0,"DemandMax":null,"Value":28.790229683608},{"Length":5.402402,"Height":5.294098,"Demand":1.0,"DemandMax":null,"Value":28.600845623396},{"Length":10.63564,"Height":2.688641,"Demand":1.0,"DemandMax":null,"Value":28.59541776524},{"Length":10.63564,"Height":2.687227,"Demand":1.0,"DemandMax":null,"Value":28.58037897028},{"Length":5.355693,"Height":5.328745,"Demand":1.0,"DemandMax":null,"Value":28.539122295284997},{"Length":6.403867,"Height":4.455071,"Demand":1.0,"DemandMax":null,"Value":28.529682159557},{"Length":4.893397,"Height":5.800098,"Demand":1.0,"DemandMax":null,"Value":28.382182152906},{"Length":5.286805,"Height":5.351323,"Demand":1.0,"DemandMax":null,"Value":28.291401193015002},{"Length":10.41511,"Height":2.709943,"Demand":1.0,"DemandMax":null,"Value":28.22435443873},{"Length":3.566017,"Height":7.881584,"Demand":1.0,"DemandMax":null,"Value":28.105862530928},{"Length":4.283772,"Height":6.545149,"Demand":1.0,"DemandMax":null,"Value":28.037926022028},{"Length":8.476963,"Height":3.30524,"Demand":1.0,"DemandMax":null,"Value":28.018397186119998},{"Length":3.691655,"Height":7.556419,"Demand":1.0,"DemandMax":null,"Value":27.895691983444998},{"Length":4.73567,"Height":5.889257,"Demand":1.0,"DemandMax":null,"Value":27.88957769719},{"Length":9.497221,"Height":2.931659,"Demand":1.0,"DemandMax":null,"Value":27.842613419638997},{"Length":10.41511,"Height":2.665924,"Demand":1.0,"DemandMax":null,"Value":27.765891711640002},{"Length":4.238537,"Height":6.545149,"Demand":1.0,"DemandMax":null,"Value":27.741856207013},{"Length":4.532285,"Height":6.114053,"Demand":1.0,"DemandMax":null,"Value":27.710630701105},{"Length":3.756705,"Height":7.3518,"Demand":1.0,"DemandMax":null,"Value":27.618543819},{"Length":3.466059,"Height":7.951701,"Demand":1.0,"DemandMax":null,"Value":27.561064816359},{"Length":3.307027,"Height":8.290385,"Demand":1.0,"DemandMax":null,"Value":27.416527035395003},{"Length":5.355693,"Height":5.115173,"Demand":1.0,"DemandMax":null,"Value":27.395296229889},{"Length":5.875516,"Height":4.661529,"Demand":1.0,"DemandMax":null,"Value":27.388888223964},{"Length":5.377352,"Height":5.089939,"Demand":1.0,"DemandMax":null,"Value":27.370393661528002},{"Length":3.732822,"Height":7.299569,"Demand":1.0,"DemandMax":null,"Value":27.247991753718},{"Length":6.082821,"Height":4.468002,"Demand":1.0,"DemandMax":null,"Value":27.178056393642002},{"Length":6.013463,"Height":4.519479,"Demand":1.0,"DemandMax":null,"Value":27.177719745776997},{"Length":5.110127,"Height":5.294098,"Demand":1.0,"DemandMax":null,"Value":27.053513130446003},{"Length":5.628001,"Height":4.777839,"Demand":1.0,"DemandMax":null,"Value":26.889682669839},{"Length":4.88654,"Height":5.465919,"Demand":1.0,"DemandMax":null,"Value":26.70943183026},{"Length":4.926636,"Height":5.360884,"Demand":1.0,"DemandMax":null,"Value":26.411124106224005},{"Length":3.731789,"Height":7.064205,"Demand":1.0,"DemandMax":null,"Value":26.362122512745},{"Length":4.906046,"Height":5.371372,"Demand":1.0,"DemandMax":null,"Value":26.352198115112},{"Length":5.217563,"Height":5.024495,"Demand":1.0,"DemandMax":null,"Value":26.215619205685},{"Length":4.013324,"Height":6.525642,"Demand":1.0,"DemandMax":null,"Value":26.189515654008},{"Length":4.003537,"Height":6.525642,"Demand":1.0,"DemandMax":null,"Value":26.125649195754},{"Length":4.750272,"Height":5.499509,"Demand":1.0,"DemandMax":null,"Value":26.124163616447998},{"Length":5.657401,"Height":4.586859,"Demand":1.0,"DemandMax":null,"Value":25.949700693458997},{"Length":5.649565,"Height":4.586859,"Demand":1.0,"DemandMax":null,"Value":25.913758066334996}]}