{"Name":"Nice34_50","Objects":[{"Length":100.0,"Height":100.0,"Stock":null,"Cost":10000.0}],"Items":[{"Length":47.71305,"Height":17.23962,"Demand":1.0,"DemandMax":null,"Value":822.554851041},{"Length":18.82311,"Height":19.43774,"Demand":1.0,"DemandMax":null,"Value":365.8787181714},{"Length":23.12893,"Height":11.86645,"Demand":1.0,"DemandMax":null,"Value":274.4582913985},{"Length":24.22647,"Height":11.18594,"Demand":1.0,"DemandMax":null,"Value":270.9958398318},{"Length":12.77479,"Height":19.43774,"Demand":1.0,"DemandMax":null,"Value":248.3130465746},{"Length":13.9017,"Height":17.46268,"Demand":1.0,"DemandMax":null,"Value":242.76093855599999},{"Length":13.2054,"Height":17.97324,"Demand":1.0,"DemandMax":null,"Value":237.343823496},{"Length":13.41589,"Height":17.46268,"Demand":1.0,"DemandMax":null,"Value":234.27739398519998},{"Length":16.5283,"Height":14.1148,"Demand":1.0,"DemandMax":null,"Value":233.29364884000003},{"Length":11.19029,"Height":20.57278,"Demand":1.0,"DemandMax":null,"Value":230.2153743062},{"Length":18.83199,"Height":11.86645,"Demand":1.0,"DemandMax":null,"Value":223.46886773550003},{"Length":24.85294,"Height":8.859281,"Demand":1.0,"DemandMax":null,"Value":220.17917913614},{"Length":15.47735,"Height":14.1148,"Demand":1.0,"DemandMax":null,"Value":218.45969978},{"Length":14.06229,"Height":15.26456,"Demand":1.0,"DemandMax":null,"Value":214.6546694424},{"Length":17.74733,"Height":11.77687,"Demand":1.0,"DemandMax":null,"Value":209.00799825710004},{"Length":12.11491,"Height":17.23962,"Demand":1.0,"DemandMax":null,"Value":208.85644473419998},{"Length":14.53933,"Height":14.1148,"Demand":1.0,"DemandMax":null,"Value":205.219735084},{"Length":18.73596,"Height":10.90235,"Demand":1.0,"DemandMax":null,"Value":204.265993506},{"Length":21.42431,"Height":9.246662,"Demand":1.0,"DemandMax":null,"Value":198.10335315321998},{"Length":13.2054,"Height":14.466,"Demand":1.0,"DemandMax":null,"Value":191.02931639999997},{"Length":17.74733,"Height":10.65747,"Demand":1.0,"DemandMax":null,"Value":189.1416370551},{"Length":10.85476,"Height":17.2352,"Demand":1.0,"DemandMax":null,"Value":187.083959552},{"Length":17.74733,"Height":10.42412,"Demand":1.0,"DemandMax":null,"Value":185.00029759960003},{"Length":18.73596,"Height":9.670431,"Demand":1.0,"DemandMax":null,"Value":181.18480839876},{"Length":10.02329,"Height":17.66829,"Demand":1.0,"DemandMax":null,"Value":177.09439447409997},{"Length":21.42431,"Height":8.216019,"Demand":1.0,"DemandMax":null,"Value":176.02253802188997},{"Length":19.6602,"Height":8.888598,"Demand":1.0,"DemandMax":null,"Value":174.7516143996},{"Length":24.22647,"Height":7.153087,"Demand":1.0,"DemandMax":null,"Value":173.29404761289},{"Length":12.25637,"Height":14.10021,"Demand":1.0,"DemandMax":null,"Value":172.8173908377},{"Length":10.58392,"Height":16.31014,"Demand":1.0,"DemandMax":null,"Value":172.62521694880002},{"Length":10.58392,"Height":16.12909,"Demand":1.0,"DemandMax":null,"Value":170.70899823280004},{"Length":10.85476,"Height":15.62326,"Demand":1.0,"DemandMax":null,"Value":169.58673771760002},{"Length":14.00648,"Height":12.10623,"Demand":1.0,"DemandMax":null,"Value":169.5656683704},{"Length":11.9701,"Height":14.10021,"Demand":1.0,"DemandMax":null,"Value":168.78092372100002},{"Length":19.6602,"Height":8.574082,"Demand":1.0,"DemandMax":null,"Value":168.56816693640002},{"Length":8.579675,"Height":18.74367,"Demand":1.0,"DemandMax":null,"Value":160.81459690725},{"Length":8.46589,"Height":18.74367,"Demand":1.0,"DemandMax":null,"Value":158.6818484163},{"Length":13.15823,"Height":11.89295,"Demand":1.0,"DemandMax":null,"Value":156.4901714785},{"Length":15.18708,"Height":10.10906,"Demand":1.0,"DemandMax":null,"Value":153.5271029448},{"Length":7.900191,"Height":18.74367,"Demand":1.0,"DemandMax":null,"Value":148.07857304097},{"Length":10.02329,"Height":14.77094,"Demand":1.0,"DemandMax":null,"Value":148.0534151926},{"Length":8.574142,"Height":17.23962,"Demand":1.0,"DemandMax":null,"Value":147.81494990604},{"Length":9.603523,"Height":15.26456,"Demand":1.0,"DemandMax":null,"Value":146.59355304487997},{"Length":11.69471,"Height":11.89295,"Demand":1.0,"DemandMax":null,"Value":139.0846012945},{"Length":10.84645,"Height":12.10623,"Demand":1.0,"DemandMax":null,"Value":131.3096183835},{"Length":15.18708,"Height":8.634604,"Demand":1.0,"DemandMax":null,"Value":131.13442171632},{"Length":6.233609,"Height":20.57278,"Demand":1.0,"DemandMax":null,"Value":128.24266656302},{"Length":7.932083,"Height":15.26456,"Demand":1.0,"DemandMax":null,"Value":121.07975687848},{"Length":6.412144,"Height":18.74367,"Demand":1.0,"DemandMax":null,"Value":120.18711112848},{"Length":5.801057,"Height":20.57278,"Demand":1.0,"DemandMax":null,"Value":119.34386942846001}]}