{"Name":"Path42_200","Objects":[{"Length":100.0,"Height":100.0,"Stock":null,"Cost":10000.0}],"Items":[{"Length":18.61904,"Height":68.70508,"Demand":1.0,"DemandMax":null,"Value":1279.2226327231997},{"Length":19.39575,"Height":49.46061,"Demand":1.0,"DemandMax":null,"Value":959.32562640750007},{"Length":14.99309,"Height":26.15775,"Demand":1.0,"DemandMax":null,"Value":392.18549994750003},{"Length":14.87258,"Height":26.08776,"Demand":1.0,"DemandMax":null,"Value":387.99229762079995},{"Length":13.99066,"Height":15.83902,"Demand":1.0,"DemandMax":null,"Value":221.5983435532},{"Length":14.87258,"Height":13.36139,"Demand":1.0,"DemandMax":null,"Value":198.71834168619998},{"Length":15.77348,"Height":12.57859,"Demand":1.0,"DemandMax":null,"Value":198.40813779319998},{"Length":5.946914,"Height":29.88866,"Demand":1.0,"DemandMax":null,"Value":177.74529059524},{"Length":4.625408,"Height":38.37311,"Demand":1.0,"DemandMax":null,"Value":177.49128997888},{"Length":2.688952,"Height":63.20432,"Demand":1.0,"DemandMax":null,"Value":169.95338267264},{"Length":3.019003,"Height":51.28419,"Demand":1.0,"DemandMax":null,"Value":154.82712346257},{"Length":2.853316,"Height":49.46061,"Demand":1.0,"DemandMax":null,"Value":141.12674988276},{"Length":4.113453,"Height":33.23837,"Demand":1.0,"DemandMax":null,"Value":136.72447279161},{"Length":18.61904,"Height":7.33815,"Demand":1.0,"DemandMax":null,"Value":136.62930837599998},{"Length":8.159832,"Height":16.47989,"Demand":1.0,"DemandMax":null,"Value":134.47313377848},{"Length":17.63587,"Height":7.533556,"Demand":1.0,"DemandMax":null,"Value":132.86081425372},{"Length":7.102072,"Height":18.00514,"Demand":1.0,"DemandMax":null,"Value":127.87380065008},{"Length":5.247473,"Height":22.5314,"Demand":1.0,"DemandMax":null,"Value":118.23291315220001},{"Length":9.276418,"Height":12.57859,"Demand":1.0,"DemandMax":null,"Value":116.68425869062},{"Length":18.61904,"Height":6.176222,"Demand":1.0,"DemandMax":null,"Value":114.99532446687999},{"Length":2.817255,"Height":33.23837,"Demand":1.0,"DemandMax":null,"Value":93.640964074350009},{"Length":2.294196,"Height":39.70546,"Demand":1.0,"DemandMax":null,"Value":91.09210751016},{"Length":2.436932,"Height":33.23837,"Demand":1.0,"DemandMax":null,"Value":80.999647480840011},{"Length":3.808439,"Height":21.14622,"Demand":1.0,"DemandMax":null,"Value":80.53408895058},{"Length":15.63851,"Height":5.129633,"Demand":1.0,"DemandMax":null,"Value":80.21981696683},{"Length":2.522099,"Height":29.36094,"Demand":1.0,"DemandMax":null,"Value":74.05119741306},{"Length":2.657281,"Height":26.01824,"Demand":1.0,"DemandMax":null,"Value":69.137774805439989},{"Length":2.610161,"Height":26.01824,"Demand":1.0,"DemandMax":null,"Value":67.91179533664},{"Length":28.38305,"Height":2.325888,"Demand":1.0,"DemandMax":null,"Value":66.0157953984},{"Length":3.808439,"Height":13.73956,"Demand":1.0,"DemandMax":null,"Value":52.32627614684},{"Length":16.78474,"Height":3.018057,"Demand":1.0,"DemandMax":null,"Value":50.65730205018},{"Length":4.557707,"Height":11.04783,"Demand":1.0,"DemandMax":null,"Value":50.352772125809992},{"Length":1.446299,"Height":34.49809,"Demand":1.0,"DemandMax":null,"Value":49.89455306891},{"Length":1.332052,"Height":37.00349,"Demand":1.0,"DemandMax":null,"Value":49.29057286148},{"Length":18.61904,"Height":2.631096,"Demand":1.0,"DemandMax":null,"Value":48.988481667839991},{"Length":4.697507,"Height":10.3497,"Demand":1.0,"DemandMax":null,"Value":48.6177881979},{"Length":3.737257,"Height":12.96824,"Demand":1.0,"DemandMax":null,"Value":48.46564571768},{"Length":1.019737,"Height":45.56241,"Demand":1.0,"DemandMax":null,"Value":46.461675286169992},{"Length":0.8627743,"Height":53.44819,"Demand":1.0,"DemandMax":null,"Value":46.113724713516994},{"Length":1.699395,"Height":26.01824,"Demand":1.0,"DemandMax":null,"Value":44.215266964799994},{"Length":56.29611,"Height":0.6725654,"Demand":1.0,"DemandMax":null,"Value":37.862815740594},{"Length":1.593249,"Height":22.96565,"Demand":1.0,"DemandMax":null,"Value":36.58999889685},{"Length":4.613192,"Height":7.533556,"Demand":1.0,"DemandMax":null,"Value":34.753740270752},{"Length":14.18105,"Height":2.325888,"Demand":1.0,"DemandMax":null,"Value":32.9835340224},{"Length":2.54209,"Height":12.96824,"Demand":1.0,"DemandMax":null,"Value":32.9664332216},{"Length":1.499158,"Height":21.96592,"Demand":1.0,"DemandMax":null,"Value":32.93038469536},{"Length":0.6373591,"Height":51.28419,"Demand":1.0,"DemandMax":null,"Value":32.686445182629},{"Length":0.8929734,"Height":36.44238,"Demand":1.0,"DemandMax":null,"Value":32.542075972692004},{"Length":2.052557,"Height":15.83902,"Demand":1.0,"DemandMax":null,"Value":32.51049137414},{"Length":13.732,"Height":2.325888,"Demand":1.0,"DemandMax":null,"Value":31.939094016},{"Length":3.784408,"Height":8.380211,"Demand":1.0,"DemandMax":null,"Value":31.714137550087997},{"Length":30.56937,"Height":1.021912,"Demand":1.0,"DemandMax":null,"Value":31.23920603544},{"Length":10.15906,"Height":2.998453,"Demand":1.0,"DemandMax":null,"Value":30.46146393418},{"Length":33.76627,"Height":0.8877038,"Demand":1.0,"DemandMax":null,"Value":29.974446190826},{"Length":1.110467,"Height":26.01824,"Demand":1.0,"DemandMax":null,"Value":28.89239691808},{"Length":48.72726,"Height":0.5674868,"Demand":1.0,"DemandMax":null,"Value":27.652076850167997},{"Length":5.132048,"Height":5.330171,"Demand":1.0,"DemandMax":null,"Value":27.354693420208},{"Length":23.6234,"Height":1.154629,"Demand":1.0,"DemandMax":null,"Value":27.276262718599998},{"Length":3.207621,"Height":8.484451,"Demand":1.0,"DemandMax":null,"Value":27.214903201071},{"Length":17.22842,"Height":1.519525,"Demand":1.0,"DemandMax":null,"Value":26.1790149005},{"Length":25.52189,"Height":1.021496,"Demand":1.0,"DemandMax":null,"Value":26.07050854744},{"Length":2.013448,"Height":12.87666,"Demand":1.0,"DemandMax":null,"Value":25.926485323679998},{"Length":1.365,"Height":18.95369,"Demand":1.0,"DemandMax":null,"Value":25.871786850000003},{"Length":14.96981,"Height":1.722116,"Demand":1.0,"DemandMax":null,"Value":25.77974931796},{"Length":8.494935,"Height":2.998453,"Demand":1.0,"DemandMax":null,"Value":25.471663335555},{"Length":12.17253,"Height":2.081146,"Demand":1.0,"DemandMax":null,"Value":25.332812119379998},{"Length":24.70605,"Height":1.021912,"Demand":1.0,"DemandMax":null,"Value":25.2474089676},{"Length":1.095703,"Height":22.96565,"Demand":1.0,"DemandMax":null,"Value":25.16353160195},{"Length":11.19524,"Height":2.232145,"Demand":1.0,"DemandMax":null,"Value":24.9893989898},{"Length":25.52189,"Height":0.9785053,"Demand":1.0,"DemandMax":null,"Value":24.973304631017},{"Length":2.104168,"Height":11.81774,"Demand":1.0,"DemandMax":null,"Value":24.86651034032},{"Length":0.5468484,"Height":45.42117,"Demand":1.0,"DemandMax":null,"Value":24.838494140627997},{"Length":7.102072,"Height":3.46259,"Demand":1.0,"DemandMax":null,"Value":24.59156348648},{"Length":18.61904,"Height":1.31942,"Demand":1.0,"DemandMax":null,"Value":24.5663337568},{"Length":4.697507,"Height":5.202531,"Demand":1.0,"DemandMax":null,"Value":24.438925790217},{"Length":0.8259617,"Height":29.51162,"Demand":1.0,"DemandMax":null,"Value":24.375467824954},{"Length":1.446299,"Height":16.7861,"Demand":1.0,"DemandMax":null,"Value":24.277719643900003},{"Length":0.9293766,"Height":26.01824,"Demand":1.0,"DemandMax":null,"Value":24.180743429183998},{"Length":22.69876,"Height":1.065077,"Demand":1.0,"DemandMax":null,"Value":24.17592720452},{"Length":0.6229154,"Height":38.37311,"Demand":1.0,"DemandMax":null,"Value":23.903201164894},{"Length":2.415441,"Height":9.833205,"Demand":1.0,"DemandMax":null,"Value":23.751526518404997},{"Length":1.306686,"Height":18.03525,"Demand":1.0,"DemandMax":null,"Value":23.5664086815},{"Length":2.826295,"Height":8.319988,"Demand":1.0,"DemandMax":null,"Value":23.514740484460003},{"Length":1.040484,"Height":22.5314,"Demand":1.0,"DemandMax":null,"Value":23.4435611976},{"Length":2.739292,"Height":8.484451,"Demand":1.0,"DemandMax":null,"Value":23.241388748692},{"Length":11.17882,"Height":2.03021,"Demand":1.0,"DemandMax":null,"Value":22.695352152199998},{"Length":42.21777,"Height":0.5330676,"Demand":1.0,"DemandMax":null,"Value":22.504925331252},{"Length":1.424057,"Height":15.79405,"Demand":1.0,"DemandMax":null,"Value":22.491627460849998},{"Length":33.46972,"Height":0.6672577,"Demand":1.0,"DemandMax":null,"Value":22.332928386844},{"Length":11.19524,"Height":1.992311,"Demand":1.0,"DemandMax":null,"Value":22.30439979964},{"Length":0.8259617,"Height":26.95701,"Demand":1.0,"DemandMax":null,"Value":22.265457806517002},{"Length":12.81604,"Height":1.726774,"Demand":1.0,"DemandMax":null,"Value":22.13040465496},{"Length":14.52135,"Height":1.519525,"Demand":1.0,"DemandMax":null,"Value":22.06555435875},{"Length":33.69736,"Height":0.6529139,"Demand":1.0,"DemandMax":null,"Value":22.001474737304004},{"Length":0.9680212,"Height":22.5314,"Demand":1.0,"DemandMax":null,"Value":21.81087286568},{"Length":11.19524,"Height":1.945999,"Demand":1.0,"DemandMax":null,"Value":21.78592584476},{"Length":4.557707,"Height":4.759012,"Demand":1.0,"DemandMax":null,"Value":21.690182305484},{"Length":0.9524875,"Height":22.74401,"Demand":1.0,"DemandMax":null,"Value":21.663385224875},{"Length":0.9524875,"Height":22.67716,"Demand":1.0,"DemandMax":null,"Value":21.5997114355},{"Length":13.36891,"Height":1.598145,"Demand":1.0,"DemandMax":null,"Value":21.36545667195},{"Length":0.7796888,"Height":27.25001,"Demand":1.0,"DemandMax":null,"Value":21.246527596887997},{"Length":2.294196,"Height":9.232214,"Demand":1.0,"DemandMax":null,"Value":21.180508429944002},{"Length":3.94468,"Height":5.362715,"Demand":1.0,"DemandMax":null,"Value":21.154194606199997},{"Length":32.92572,"Height":0.6424718,"Demand":1.0,"DemandMax":null,"Value":21.153846594696},{"Length":2.158518,"Height":9.793793,"Demand":1.0,"DemandMax":null,"Value":21.140078478774},{"Length":12.23386,"Height":1.726774,"Demand":1.0,"DemandMax":null,"Value":21.12511136764},{"Length":23.39677,"Height":0.8916418,"Demand":1.0,"DemandMax":null,"Value":20.861538116986},{"Length":19.519,"Height":1.065077,"Demand":1.0,"DemandMax":null,"Value":20.789237962999998},{"Length":3.420478,"Height":6.06672,"Demand":1.0,"DemandMax":null,"Value":20.75108229216},{"Length":5.398516,"Height":3.839542,"Demand":1.0,"DemandMax":null,"Value":20.727828919672},{"Length":3.784408,"Height":5.42494,"Demand":1.0,"DemandMax":null,"Value":20.53018633552},{"Length":1.499336,"Height":13.49878,"Demand":1.0,"DemandMax":null,"Value":20.23920681008},{"Length":2.404565,"Height":8.416282,"Demand":1.0,"DemandMax":null,"Value":20.237497127330002},{"Length":5.398516,"Height":3.735756,"Demand":1.0,"DemandMax":null,"Value":20.167538538096},{"Length":19.67469,"Height":1.021912,"Demand":1.0,"DemandMax":null,"Value":20.105801807279995},{"Length":0.5391186,"Height":37.00349,"Demand":1.0,"DemandMax":null,"Value":19.949269723914},{"Length":1.306686,"Height":15.20312,"Demand":1.0,"DemandMax":null,"Value":19.86570406032},{"Length":29.71552,"Height":0.6672577,"Demand":1.0,"DemandMax":null,"Value":19.827909529503998},{"Length":1.424057,"Height":13.90729,"Demand":1.0,"DemandMax":null,"Value":19.804773675529997},{"Length":1.039565,"Height":18.95369,"Demand":1.0,"DemandMax":null,"Value":19.703592744850003},{"Length":0.7196471,"Height":27.25001,"Demand":1.0,"DemandMax":null,"Value":19.610390671471},{"Length":1.978518,"Height":9.833205,"Demand":1.0,"DemandMax":null,"Value":19.455173090189998},{"Length":30.25951,"Height":0.6424718,"Demand":1.0,"DemandMax":null,"Value":19.440881856818},{"Length":11.25304,"Height":1.722116,"Demand":1.0,"DemandMax":null,"Value":19.37904023264},{"Length":17.34229,"Height":1.112297,"Demand":1.0,"DemandMax":null,"Value":19.28977714013},{"Length":2.522099,"Height":7.642548,"Demand":1.0,"DemandMax":null,"Value":19.275262668251997},{"Length":21.01655,"Height":0.916092,"Demand":1.0,"DemandMax":null,"Value":19.253093322599998},{"Length":29.48787,"Height":0.6529139,"Demand":1.0,"DemandMax":null,"Value":19.253040204393002},{"Length":1.050269,"Height":18.25477,"Demand":1.0,"DemandMax":null,"Value":19.172419033129998},{"Length":0.5980955,"Height":31.60093,"Demand":1.0,"DemandMax":null,"Value":18.900374028815},{"Length":11.76487,"Height":1.601692,"Demand":1.0,"DemandMax":null,"Value":18.84369816004},{"Length":0.8227245,"Height":22.80144,"Demand":1.0,"DemandMax":null,"Value":18.759303323279998},{"Length":1.885388,"Height":9.833205,"Demand":1.0,"DemandMax":null,"Value":18.53940670854},{"Length":32.08592,"Height":0.5749963,"Demand":1.0,"DemandMax":null,"Value":18.449285282096003},{"Length":2.294196,"Height":7.985781,"Demand":1.0,"DemandMax":null,"Value":18.320946827076},{"Length":2.158518,"Height":8.460976,"Demand":1.0,"DemandMax":null,"Value":18.263168993568},{"Length":3.414423,"Height":5.330171,"Demand":1.0,"DemandMax":null,"Value":18.199458456333},{"Length":11.95773,"Height":1.519525,"Demand":1.0,"DemandMax":null,"Value":18.170069678249998},{"Length":18.01177,"Height":1.007233,"Demand":1.0,"DemandMax":null,"Value":18.142049132409998},{"Length":9.00668,"Height":2.008837,"Demand":1.0,"DemandMax":null,"Value":18.09295203116},{"Length":1.510487,"Height":11.81774,"Demand":1.0,"DemandMax":null,"Value":17.85054263938},{"Length":7.102072,"Height":2.464112,"Demand":1.0,"DemandMax":null,"Value":17.500300840064},{"Length":0.7950373,"Height":21.96592,"Demand":1.0,"DemandMax":null,"Value":17.463725728815998},{"Length":0.5209118,"Height":33.23837,"Demand":1.0,"DemandMax":null,"Value":17.314259145766002},{"Length":32.08592,"Height":0.5373011,"Demand":1.0,"DemandMax":null,"Value":17.239800110512},{"Length":11.19524,"Height":1.532979,"Demand":1.0,"DemandMax":null,"Value":17.16206781996},{"Length":11.19524,"Height":1.524884,"Demand":1.0,"DemandMax":null,"Value":17.07144235216},{"Length":0.4604106,"Height":37.00349,"Demand":1.0,"DemandMax":null,"Value":17.036799032994},{"Length":3.94468,"Height":4.318709,"Demand":1.0,"DemandMax":null,"Value":17.03592501812},{"Length":5.586203,"Height":3.038252,"Demand":1.0,"DemandMax":null,"Value":16.972292437156},{"Length":7.102072,"Height":2.385289,"Demand":1.0,"DemandMax":null,"Value":16.940494218808002},{"Length":5.586203,"Height":3.028467,"Demand":1.0,"DemandMax":null,"Value":16.917631440801},{"Length":3.784408,"Height":4.449617,"Demand":1.0,"DemandMax":null,"Value":16.839166171736},{"Length":2.294196,"Height":7.2806,"Demand":1.0,"DemandMax":null,"Value":16.7031233976},{"Length":2.544259,"Height":6.546254,"Demand":1.0,"DemandMax":null,"Value":16.655365655786},{"Length":23.39677,"Height":0.7065027,"Demand":1.0,"DemandMax":null,"Value":16.529881176279},{"Length":12.59186,"Height":1.312556,"Demand":1.0,"DemandMax":null,"Value":16.52752139416},{"Length":5.464328,"Height":3.018057,"Demand":1.0,"DemandMax":null,"Value":16.491653370696003},{"Length":12.45804,"Height":1.312556,"Demand":1.0,"DemandMax":null,"Value":16.35187515024},{"Length":0.7659279,"Height":21.21941,"Demand":1.0,"DemandMax":null,"Value":16.252538140539},{"Length":0.8901889,"Height":18.25477,"Demand":1.0,"DemandMax":null,"Value":16.250193626053},{"Length":15.64283,"Height":1.034024,"Demand":1.0,"DemandMax":null,"Value":16.17506164792},{"Length":0.462536,"Height":34.88578,"Demand":1.0,"DemandMax":null,"Value":16.135929138079998},{"Length":15.59977,"Height":1.034024,"Demand":1.0,"DemandMax":null,"Value":16.13053657448},{"Length":15.9982,"Height":1.007233,"Demand":1.0,"DemandMax":null,"Value":16.1139149806},{"Length":2.544259,"Height":6.330403,"Demand":1.0,"DemandMax":null,"Value":16.106184806376998},{"Length":11.76487,"Height":1.368184,"Demand":1.0,"DemandMax":null,"Value":16.09650689608},{"Length":2.066859,"Height":7.575298,"Demand":1.0,"DemandMax":null,"Value":15.657072848982},{"Length":1.609805,"Height":9.681424,"Demand":1.0,"DemandMax":null,"Value":15.585204762319998},{"Length":31.24261,"Height":0.4855012,"Demand":1.0,"DemandMax":null,"Value":15.168324646132},{"Length":0.4584946,"Height":32.92808,"Demand":1.0,"DemandMax":null,"Value":15.097346868368},{"Length":0.8929734,"Height":16.79951,"Demand":1.0,"DemandMax":null,"Value":15.001515563034001},{"Length":1.547586,"Height":9.681424,"Demand":1.0,"DemandMax":null,"Value":14.982836242463998},{"Length":0.4282209,"Height":34.88578,"Demand":1.0,"DemandMax":null,"Value":14.938820108802},{"Length":25.10386,"Height":0.59371,"Demand":1.0,"DemandMax":null,"Value":14.9044127206},{"Length":0.5980955,"Height":24.8677,"Demand":1.0,"DemandMax":null,"Value":14.87325946535},{"Length":7.310857,"Height":2.03021,"Demand":1.0,"DemandMax":null,"Value":14.84257498997},{"Length":1.946012,"Height":7.575298,"Demand":1.0,"DemandMax":null,"Value":14.741620811576},{"Length":14.61368,"Height":1.007233,"Demand":1.0,"DemandMax":null,"Value":14.71938074744},{"Length":14.56158,"Height":1.007233,"Demand":1.0,"DemandMax":null,"Value":14.66690390814},{"Length":8.159832,"Height":1.774879,"Demand":1.0,"DemandMax":null,"Value":14.482714460328001},{"Length":1.019737,"Height":14.14468,"Demand":1.0,"DemandMax":null,"Value":14.423853549159997},{"Length":1.731412,"Height":8.319988,"Demand":1.0,"DemandMax":null,"Value":14.405327063056001},{"Length":21.01655,"Height":0.6820525,"Demand":1.0,"DemandMax":null,"Value":14.334390468874998},{"Length":0.4344788,"Height":32.92808,"Demand":1.0,"DemandMax":null,"Value":14.306552684704},{"Length":0.8627743,"Height":16.38813,"Demand":1.0,"DemandMax":null,"Value":14.139257389059},{"Length":2.648767,"Height":5.330171,"Demand":1.0,"DemandMax":null,"Value":14.118381049157},{"Length":0.8627743,"Height":16.33364,"Demand":1.0,"DemandMax":null,"Value":14.092244817451999},{"Length":1.019737,"Height":13.8126,"Demand":1.0,"DemandMax":null,"Value":14.085219286199997},{"Length":25.10386,"Height":0.5609192,"Demand":1.0,"DemandMax":null,"Value":14.081237068112},{"Length":0.4034656,"Height":34.88578,"Demand":1.0,"DemandMax":null,"Value":14.075212159167998},{"Length":0.7659279,"Height":18.22974,"Demand":1.0,"DemandMax":null,"Value":13.962666475746},{"Length":15.66195,"Height":0.8877038,"Demand":1.0,"DemandMax":null,"Value":13.90317253041},{"Length":6.654565,"Height":2.081146,"Demand":1.0,"DemandMax":null,"Value":13.84912133149},{"Length":7.255978,"Height":1.839638,"Demand":1.0,"DemandMax":null,"Value":13.348372855964},{"Length":6.560215,"Height":2.03021,"Demand":1.0,"DemandMax":null,"Value":13.31861409515},{"Length":7.255978,"Height":1.786705,"Demand":1.0,"DemandMax":null,"Value":12.96429217249},{"Length":6.222804,"Height":2.081146,"Demand":1.0,"DemandMax":null,"Value":12.950563653384},{"Length":1.019737,"Height":12.65028,"Demand":1.0,"DemandMax":null,"Value":12.89995857636},{"Length":1.082852,"Height":11.81774,"Demand":1.0,"DemandMax":null,"Value":12.796863394479999}]}