{"Name":"Nice22_25","Objects":[{"Length":100.0,"Height":100.0,"Stock":null,"Cost":10000.0}],"Items":[{"Length":52.4978,"Height":18.0939,"Demand":1.0,"DemandMax":null,"Value":949.88994342},{"Length":46.19388,"Height":19.27058,"Demand":1.0,"DemandMax":null,"Value":890.1828600504},{"Length":36.94401,"Height":20.24623,"Demand":1.0,"DemandMax":null,"Value":747.9769235823},{"Length":41.59898,"Height":16.05138,"Demand":1.0,"DemandMax":null,"Value":667.72103559240009},{"Length":40.7333,"Height":15.02377,"Demand":1.0,"DemandMax":null,"Value":611.967730541},{"Length":15.82189,"Height":36.29761,"Demand":1.0,"DemandMax":null,"Value":574.2967926829},{"Length":28.7347,"Height":19.29661,"Demand":1.0,"DemandMax":null,"Value":554.482299367},{"Length":18.62286,"Height":26.33792,"Demand":1.0,"DemandMax":null,"Value":490.4873968512},{"Length":40.7333,"Height":11.31415,"Demand":1.0,"DemandMax":null,"Value":460.862666195},{"Length":22.39853,"Height":20.24623,"Demand":1.0,"DemandMax":null,"Value":453.48579004190003},{"Length":11.05817,"Height":36.29761,"Demand":1.0,"DemandMax":null,"Value":401.3851419737},{"Length":17.74356,"Height":16.05138,"Demand":1.0,"DemandMax":null,"Value":284.80862411280003},{"Length":14.774,"Height":18.06787,"Demand":1.0,"DemandMax":null,"Value":266.93471137999995},{"Length":25.07142,"Height":10.18688,"Demand":1.0,"DemandMax":null,"Value":255.3995469696},{"Length":13.7774,"Height":18.43739,"Demand":1.0,"DemandMax":null,"Value":254.019296986},{"Length":13.9607,"Height":18.06787,"Demand":1.0,"DemandMax":null,"Value":252.240112709},{"Length":13.7774,"Height":17.86022,"Demand":1.0,"DemandMax":null,"Value":246.06739502800002},{"Length":25.24282,"Height":9.730536,"Demand":1.0,"DemandMax":null,"Value":245.62616875152},{"Length":25.07142,"Height":9.083703,"Demand":1.0,"DemandMax":null,"Value":227.74133306826},{"Length":25.24282,"Height":8.65353,"Demand":1.0,"DemandMax":null,"Value":218.43950015459998},{"Length":15.40101,"Height":13.36206,"Demand":1.0,"DemandMax":null,"Value":205.78921968059998},{"Length":25.24282,"Height":7.95385,"Demand":1.0,"DemandMax":null,"Value":200.77760385699997},{"Length":15.40101,"Height":12.97585,"Demand":1.0,"DemandMax":null,"Value":199.8411956085},{"Length":10.93549,"Height":18.0939,"Demand":1.0,"DemandMax":null,"Value":197.865662511},{"Length":7.832019,"Height":18.0939,"Demand":1.0,"DemandMax":null,"Value":141.7117685841}]}