{"Name":"Nice36_100","Objects":[{"Length":100.0,"Height":100.0,"Stock":null,"Cost":10000.0}],"Items":[{"Length":9.205132,"Height":32.66692,"Demand":1.0,"DemandMax":null,"Value":300.70331063344},{"Length":23.78803,"Height":12.55194,"Demand":1.0,"DemandMax":null,"Value":298.58592527819997},{"Length":23.04741,"Height":12.4948,"Demand":1.0,"DemandMax":null,"Value":287.972778468},{"Length":12.59396,"Height":20.69921,"Demand":1.0,"DemandMax":null,"Value":260.6850227716},{"Length":14.54023,"Height":16.64357,"Demand":1.0,"DemandMax":null,"Value":242.00133582109999},{"Length":13.30709,"Height":16.75752,"Demand":1.0,"DemandMax":null,"Value":222.9938268168},{"Length":16.20536,"Height":13.03801,"Demand":1.0,"DemandMax":null,"Value":211.28564573359998},{"Length":15.70734,"Height":12.55194,"Demand":1.0,"DemandMax":null,"Value":197.15758923960001},{"Length":7.241791,"Height":26.10321,"Demand":1.0,"DemandMax":null,"Value":189.03399124911002},{"Length":10.12372,"Height":18.31501,"Demand":1.0,"DemandMax":null,"Value":185.4160330372},{"Length":23.04741,"Height":7.736917,"Demand":1.0,"DemandMax":null,"Value":178.31589823497},{"Length":6.721011,"Height":26.10321,"Demand":1.0,"DemandMax":null,"Value":175.43996154531},{"Length":6.582376,"Height":26.10321,"Demand":1.0,"DemandMax":null,"Value":171.82114302696002},{"Length":14.63731,"Height":10.3862,"Demand":1.0,"DemandMax":null,"Value":152.026029122},{"Length":6.076877,"Height":23.67126,"Demand":1.0,"DemandMax":null,"Value":143.84733545502},{"Length":15.67258,"Height":9.042319,"Demand":1.0,"DemandMax":null,"Value":141.71646791302},{"Length":6.075949,"Height":20.69921,"Demand":1.0,"DemandMax":null,"Value":125.76734430028999},{"Length":12.54238,"Height":9.518087,"Demand":1.0,"DemandMax":null,"Value":119.37946402706},{"Length":7.311639,"Height":15.71702,"Demand":1.0,"DemandMax":null,"Value":114.91717639578},{"Length":10.12381,"Height":11.09258,"Demand":1.0,"DemandMax":null,"Value":112.2991723298},{"Length":9.434738,"Height":11.65491,"Demand":1.0,"DemandMax":null,"Value":109.96102226357999},{"Length":8.979469,"Height":12.18316,"Demand":1.0,"DemandMax":null,"Value":109.39830754204},{"Length":9.189371,"Height":11.76776,"Demand":1.0,"DemandMax":null,"Value":108.13831247896},{"Length":9.740326,"Height":11.05005,"Demand":1.0,"DemandMax":null,"Value":107.6310893163},{"Length":7.896419,"Height":13.5588,"Demand":1.0,"DemandMax":null,"Value":107.06596593719999},{"Length":12.79328,"Height":7.957359,"Demand":1.0,"DemandMax":null,"Value":101.80072174752},{"Length":9.702259,"Height":10.3862,"Demand":1.0,"DemandMax":null,"Value":100.7696024258},{"Length":9.408529,"Height":10.3862,"Demand":1.0,"DemandMax":null,"Value":97.7188638998},{"Length":10.76388,"Height":9.042319,"Demand":1.0,"DemandMax":null,"Value":97.330436637720013},{"Length":10.26494,"Height":9.402304,"Demand":1.0,"DemandMax":null,"Value":96.51408642176},{"Length":6.908806,"Height":13.5588,"Demand":1.0,"DemandMax":null,"Value":93.6751187928},{"Length":13.87133,"Height":6.674696,"Demand":1.0,"DemandMax":null,"Value":92.58691086568},{"Length":8.295202,"Height":11.09258,"Demand":1.0,"DemandMax":null,"Value":92.01519180116},{"Length":7.009061,"Height":13.02222,"Demand":1.0,"DemandMax":null,"Value":91.27353433542001},{"Length":14.74088,"Height":6.158257,"Demand":1.0,"DemandMax":null,"Value":90.77812744616},{"Length":8.078329,"Height":11.09258,"Demand":1.0,"DemandMax":null,"Value":89.60951069882},{"Length":8.28016,"Height":10.7939,"Demand":1.0,"DemandMax":null,"Value":89.375219024},{"Length":9.65427,"Height":9.219687,"Demand":1.0,"DemandMax":null,"Value":89.009347613490007},{"Length":6.828468,"Height":13.02222,"Demand":1.0,"DemandMax":null,"Value":88.92181255896},{"Length":6.751379,"Height":13.02222,"Demand":1.0,"DemandMax":null,"Value":87.917942641380009},{"Length":9.015635,"Height":9.730357,"Demand":1.0,"DemandMax":null,"Value":87.725347131694988},{"Length":11.13759,"Height":7.728823,"Demand":1.0,"DemandMax":null,"Value":86.08046175657},{"Length":9.582182,"Height":8.861841,"Demand":1.0,"DemandMax":null,"Value":84.915773317061991},{"Length":14.54023,"Height":5.818164,"Demand":1.0,"DemandMax":null,"Value":84.59744273772},{"Length":14.76725,"Height":5.699658,"Demand":1.0,"DemandMax":null,"Value":84.168274600500013},{"Length":13.56444,"Height":6.193034,"Demand":1.0,"DemandMax":null,"Value":84.00503811096},{"Length":12.56513,"Height":6.674696,"Demand":1.0,"DemandMax":null,"Value":83.86842295048},{"Length":14.74088,"Height":5.558118,"Demand":1.0,"DemandMax":null,"Value":81.931550463840011},{"Length":9.582182,"Height":8.529573,"Demand":1.0,"DemandMax":null,"Value":81.731920868285982},{"Length":10.25413,"Height":7.957359,"Demand":1.0,"DemandMax":null,"Value":81.59579364267},{"Length":8.663592,"Height":9.408331,"Demand":1.0,"DemandMax":null,"Value":81.509941184952},{"Length":10.71902,"Height":7.593808,"Demand":1.0,"DemandMax":null,"Value":81.398179828160011},{"Length":8.52237,"Height":9.402304,"Demand":1.0,"DemandMax":null,"Value":80.129913540480018},{"Length":12.42149,"Height":6.439919,"Demand":1.0,"DemandMax":null,"Value":79.99338945931},{"Length":4.996119,"Height":15.86889,"Demand":1.0,"DemandMax":null,"Value":79.28286283791},{"Length":6.667744,"Height":11.86968,"Demand":1.0,"DemandMax":null,"Value":79.14398760192},{"Length":6.667744,"Height":11.80157,"Demand":1.0,"DemandMax":null,"Value":78.68984755808},{"Length":9.65427,"Height":8.11622,"Demand":1.0,"DemandMax":null,"Value":78.356179259400008},{"Length":8.663592,"Height":8.906683,"Demand":1.0,"DemandMax":null,"Value":77.163867585335993},{"Length":12.54238,"Height":6.052836,"Demand":1.0,"DemandMax":null,"Value":75.91696918968},{"Length":14.76725,"Height":5.094242,"Demand":1.0,"DemandMax":null,"Value":75.227945174500007},{"Length":9.582182,"Height":7.79132,"Demand":1.0,"DemandMax":null,"Value":74.657846260239992},{"Length":5.202762,"Height":14.33545,"Demand":1.0,"DemandMax":null,"Value":74.5839345129},{"Length":9.281104,"Height":7.959779,"Demand":1.0,"DemandMax":null,"Value":73.875536716016},{"Length":9.446528,"Height":7.809612,"Demand":1.0,"DemandMax":null,"Value":73.773718427136},{"Length":5.090312,"Height":14.4483,"Demand":1.0,"DemandMax":null,"Value":73.5463548696},{"Length":5.63483,"Height":13.03801,"Demand":1.0,"DemandMax":null,"Value":73.4669698883},{"Length":9.281104,"Height":7.909114,"Demand":1.0,"DemandMax":null,"Value":73.405309581855988},{"Length":12.99802,"Height":5.587684,"Demand":1.0,"DemandMax":null,"Value":72.628828385680009},{"Length":9.223376,"Height":7.809612,"Demand":1.0,"DemandMax":null,"Value":72.030987890112},{"Length":9.582182,"Height":7.484181,"Demand":1.0,"DemandMax":null,"Value":71.714784462942},{"Length":12.99802,"Height":5.504899,"Demand":1.0,"DemandMax":null,"Value":71.55278729998},{"Length":12.54238,"Height":5.700883,"Demand":1.0,"DemandMax":null,"Value":71.50264092154},{"Length":13.1863,"Height":5.35152,"Demand":1.0,"DemandMax":null,"Value":70.56674817599999},{"Length":4.392682,"Height":15.86889,"Demand":1.0,"DemandMax":null,"Value":69.70698746298},{"Length":13.1863,"Height":5.281729,"Demand":1.0,"DemandMax":null,"Value":69.6464631127},{"Length":9.837422,"Height":7.071249,"Demand":1.0,"DemandMax":null,"Value":69.562860480078},{"Length":9.015635,"Height":7.60555,"Demand":1.0,"DemandMax":null,"Value":68.56886277425},{"Length":10.62592,"Height":6.439919,"Demand":1.0,"DemandMax":null,"Value":68.43006410048},{"Length":4.954709,"Height":13.5588,"Demand":1.0,"DemandMax":null,"Value":67.179908389200008},{"Length":11.13759,"Height":5.829973,"Demand":1.0,"DemandMax":null,"Value":64.93184898506999},{"Length":4.910553,"Height":13.03801,"Demand":1.0,"DemandMax":null,"Value":64.02383911953},{"Length":4.344426,"Height":14.4483,"Demand":1.0,"DemandMax":null,"Value":62.769570175800006},{"Length":4.793827,"Height":13.02222,"Demand":1.0,"DemandMax":null,"Value":62.426269835940005},{"Length":8.068292,"Height":7.593808,"Demand":1.0,"DemandMax":null,"Value":61.269060335936},{"Length":5.00994,"Height":12.18316,"Demand":1.0,"DemandMax":null,"Value":61.036900610400011},{"Length":12.54238,"Height":4.831404,"Demand":1.0,"DemandMax":null,"Value":60.59730490152},{"Length":13.56444,"Height":4.440216,"Demand":1.0,"DemandMax":null,"Value":60.229043519040005},{"Length":4.432039,"Height":13.5588,"Demand":1.0,"DemandMax":null,"Value":60.093130393199992},{"Length":9.969639,"Height":5.918746,"Demand":1.0,"DemandMax":null,"Value":59.007760952694},{"Length":9.837422,"Height":5.950968,"Demand":1.0,"DemandMax":null,"Value":58.542183524496},{"Length":3.986609,"Height":14.33545,"Demand":1.0,"DemandMax":null,"Value":57.14983398905},{"Length":4.680495,"Height":12.18316,"Demand":1.0,"DemandMax":null,"Value":57.0232194642},{"Length":4.165802,"Height":13.5588,"Demand":1.0,"DemandMax":null,"Value":56.4832761576},{"Length":4.275211,"Height":13.02222,"Demand":1.0,"DemandMax":null,"Value":55.67273818842},{"Length":9.740326,"Height":5.707474,"Demand":1.0,"DemandMax":null,"Value":55.592657396524004},{"Length":14.54023,"Height":3.641473,"Demand":1.0,"DemandMax":null,"Value":52.947854958789996},{"Length":8.817675,"Height":5.918746,"Demand":1.0,"DemandMax":null,"Value":52.189578635549992},{"Length":4.243352,"Height":11.71638,"Demand":1.0,"DemandMax":null,"Value":49.716724505759991},{"Length":4.063177,"Height":11.71638,"Demand":1.0,"DemandMax":null,"Value":47.605725739259995}]}