{"Name":"Nice46_50","Objects":[{"Length":100.0,"Height":100.0,"Stock":null,"Cost":10000.0}],"Items":[{"Length":24.48691,"Height":25.24635,"Demand":1.0,"DemandMax":null,"Value":618.2051002785},{"Length":35.82063,"Height":17.20868,"Demand":1.0,"DemandMax":null,"Value":616.42575906840011},{"Length":17.23693,"Height":21.86211,"Demand":1.0,"DemandMax":null,"Value":376.8356597223},{"Length":21.70829,"Height":15.89831,"Demand":1.0,"DemandMax":null,"Value":345.12512398990003},{"Length":14.02897,"Height":24.2089,"Demand":1.0,"DemandMax":null,"Value":339.625931833},{"Length":17.87819,"Height":18.95197,"Demand":1.0,"DemandMax":null,"Value":338.8269205343},{"Length":11.60423,"Height":29.08611,"Demand":1.0,"DemandMax":null,"Value":337.5219102453},{"Length":22.84049,"Height":14.15503,"Demand":1.0,"DemandMax":null,"Value":323.3078211647},{"Length":17.48911,"Height":18.35926,"Demand":1.0,"DemandMax":null,"Value":321.0871176586},{"Length":24.48691,"Height":12.56054,"Demand":1.0,"DemandMax":null,"Value":307.5688125314},{"Length":14.09801,"Height":21.31093,"Demand":1.0,"DemandMax":null,"Value":300.4417042493},{"Length":17.19086,"Height":17.35499,"Demand":1.0,"DemandMax":null,"Value":298.3472033914},{"Length":12.95833,"Height":20.94045,"Demand":1.0,"DemandMax":null,"Value":271.3532614485},{"Length":26.63065,"Height":9.282337,"Demand":1.0,"DemandMax":null,"Value":247.19466782905},{"Length":11.71142,"Height":18.22682,"Demand":1.0,"DemandMax":null,"Value":213.4619442844},{"Length":14.70823,"Height":14.15503,"Demand":1.0,"DemandMax":null,"Value":208.1954368969},{"Length":12.95833,"Height":15.90663,"Demand":1.0,"DemandMax":null,"Value":206.1233607279},{"Length":17.19086,"Height":11.73219,"Demand":1.0,"DemandMax":null,"Value":201.6864357834},{"Length":12.88268,"Height":14.88786,"Demand":1.0,"DemandMax":null,"Value":191.7955362648},{"Length":9.52887,"Height":19.37666,"Demand":1.0,"DemandMax":null,"Value":184.63767417420002},{"Length":9.655838,"Height":18.95197,"Demand":1.0,"DemandMax":null,"Value":182.99715210085998},{"Length":12.88268,"Height":14.19825,"Demand":1.0,"DemandMax":null,"Value":182.91151131},{"Length":9.498187,"Height":18.35926,"Demand":1.0,"DemandMax":null,"Value":174.37968466162},{"Length":16.9329,"Height":10.00744,"Demand":1.0,"DemandMax":null,"Value":169.454980776},{"Length":19.32308,"Height":8.762176,"Demand":1.0,"DemandMax":null,"Value":169.31222782208002},{"Length":14.09801,"Height":11.64985,"Demand":1.0,"DemandMax":null,"Value":164.23970179850002},{"Length":19.52191,"Height":8.034461,"Demand":1.0,"DemandMax":null,"Value":156.84802454050998},{"Length":12.95833,"Height":11.68667,"Demand":1.0,"DemandMax":null,"Value":151.4397264611},{"Length":7.661987,"Height":19.37666,"Demand":1.0,"DemandMax":null,"Value":148.46371702342},{"Length":14.40203,"Height":10.00744,"Demand":1.0,"DemandMax":null,"Value":144.1274511032},{"Length":14.02897,"Height":10.08677,"Demand":1.0,"DemandMax":null,"Value":141.5069937269},{"Length":8.438608,"Height":15.89831,"Demand":1.0,"DemandMax":null,"Value":134.15960595248},{"Length":7.027125,"Height":18.42917,"Demand":1.0,"DemandMax":null,"Value":129.50408123625},{"Length":7.801424,"Height":15.89831,"Demand":1.0,"DemandMax":null,"Value":124.02945719344},{"Length":12.75384,"Height":8.63851,"Demand":1.0,"DemandMax":null,"Value":110.17417437840001},{"Length":7.704549,"Height":14.23808,"Demand":1.0,"DemandMax":null,"Value":109.69798502592},{"Length":13.77808,"Height":7.926346,"Demand":1.0,"DemandMax":null,"Value":109.20982929568},{"Length":12.01186,"Height":8.762176,"Demand":1.0,"DemandMax":null,"Value":105.25003140736001},{"Length":12.85257,"Height":7.926346,"Demand":1.0,"DemandMax":null,"Value":101.87391680921999},{"Length":5.525506,"Height":18.22682,"Demand":1.0,"DemandMax":null,"Value":100.71240327092},{"Length":14.09801,"Height":7.128141,"Demand":1.0,"DemandMax":null,"Value":100.49260309941},{"Length":5.274838,"Height":18.95197,"Demand":1.0,"DemandMax":null,"Value":99.96857153085999},{"Length":10.16373,"Height":9.404477,"Demand":1.0,"DemandMax":null,"Value":95.58456501920999},{"Length":11.81303,"Height":8.034461,"Demand":1.0,"DemandMax":null,"Value":94.91132882683},{"Length":5.879863,"Height":15.89831,"Demand":1.0,"DemandMax":null,"Value":93.47988473153},{"Length":5.869253,"Height":15.89831,"Demand":1.0,"DemandMax":null,"Value":93.311203662429989},{"Length":12.75384,"Height":7.259803,"Demand":1.0,"DemandMax":null,"Value":92.59036589352},{"Length":10.16373,"Height":9.024697,"Demand":1.0,"DemandMax":null,"Value":91.724583639809993},{"Length":6.324419,"Height":14.23808,"Demand":1.0,"DemandMax":null,"Value":90.04758367552},{"Length":4.739858,"Height":18.95197,"Demand":1.0,"DemandMax":null,"Value":89.82964662026}]}