{"Name":"Nice25_100","Objects":[{"Length":100.0,"Height":100.0,"Stock":null,"Cost":10000.0}],"Items":[{"Length":34.62003,"Height":11.0391,"Demand":1.0,"DemandMax":null,"Value":382.173973173},{"Length":34.62003,"Height":9.409477,"Demand":1.0,"DemandMax":null,"Value":325.75637602431004},{"Length":8.932625,"Height":29.75437,"Demand":1.0,"DemandMax":null,"Value":265.78462932125},{"Length":9.660868,"Height":22.40354,"Demand":1.0,"DemandMax":null,"Value":216.43764267272002},{"Length":8.474536,"Height":23.12534,"Demand":1.0,"DemandMax":null,"Value":195.97652634224002},{"Length":8.214905,"Height":22.26098,"Demand":1.0,"DemandMax":null,"Value":182.8718359069},{"Length":11.16219,"Height":15.1679,"Demand":1.0,"DemandMax":null,"Value":169.306981701},{"Length":14.12871,"Height":11.39876,"Demand":1.0,"DemandMax":null,"Value":161.04977439959998},{"Length":10.36231,"Height":14.99167,"Demand":1.0,"DemandMax":null,"Value":155.3483319577},{"Length":15.81922,"Height":9.664545,"Demand":1.0,"DemandMax":null,"Value":152.8855635549},{"Length":8.503639,"Height":17.29427,"Demand":1.0,"DemandMax":null,"Value":147.06422884853},{"Length":10.78901,"Height":13.43049,"Demand":1.0,"DemandMax":null,"Value":144.9016909149},{"Length":6.452391,"Height":22.40354,"Demand":1.0,"DemandMax":null,"Value":144.55639986414002},{"Length":10.36004,"Height":13.49272,"Demand":1.0,"DemandMax":null,"Value":139.7851189088},{"Length":19.2666,"Height":7.194969,"Demand":1.0,"DemandMax":null,"Value":138.6225897354},{"Length":10.78901,"Height":12.55391,"Demand":1.0,"DemandMax":null,"Value":135.4442605291},{"Length":19.02043,"Height":6.684212,"Demand":1.0,"DemandMax":null,"Value":127.13658645116},{"Length":15.81922,"Height":7.951039,"Demand":1.0,"DemandMax":null,"Value":125.77923516957999},{"Length":8.375064,"Height":14.93356,"Demand":1.0,"DemandMax":null,"Value":125.06952074784},{"Length":9.41305,"Height":13.22552,"Demand":1.0,"DemandMax":null,"Value":124.492481036},{"Length":17.04114,"Height":7.06332,"Demand":1.0,"DemandMax":null,"Value":120.3670249848},{"Length":6.714318,"Height":17.38773,"Demand":1.0,"DemandMax":null,"Value":116.74674851814},{"Length":6.065104,"Height":18.86222,"Demand":1.0,"DemandMax":null,"Value":114.40132597088},{"Length":9.755089,"Height":11.63171,"Demand":1.0,"DemandMax":null,"Value":113.46836627219},{"Length":10.08621,"Height":11.0606,"Demand":1.0,"DemandMax":null,"Value":111.559534326},{"Length":6.891303,"Height":16.08094,"Demand":1.0,"DemandMax":null,"Value":110.81863006481999},{"Length":8.348051,"Height":13.22552,"Demand":1.0,"DemandMax":null,"Value":110.40731546152},{"Length":14.37492,"Height":7.676895,"Demand":1.0,"DemandMax":null,"Value":110.3547514734},{"Length":17.04114,"Height":6.429404,"Demand":1.0,"DemandMax":null,"Value":109.56437368056},{"Length":6.955492,"Height":15.40497,"Demand":1.0,"DemandMax":null,"Value":107.14914559524},{"Length":17.43626,"Height":6.144216,"Demand":1.0,"DemandMax":null,"Value":107.13214767216},{"Length":8.503639,"Height":12.4601,"Demand":1.0,"DemandMax":null,"Value":105.9561923039},{"Length":7.312743,"Height":14.33315,"Demand":1.0,"DemandMax":null,"Value":104.81464233045},{"Length":14.64753,"Height":7.122183,"Demand":1.0,"DemandMax":null,"Value":104.32238915798999},{"Length":13.54073,"Height":7.696943,"Demand":1.0,"DemandMax":null,"Value":104.22222698839},{"Length":6.577429,"Height":15.71347,"Demand":1.0,"DemandMax":null,"Value":103.35423326863},{"Length":10.48675,"Height":9.835405,"Demand":1.0,"DemandMax":null,"Value":103.14143338375},{"Length":9.402137,"Height":10.94068,"Demand":1.0,"DemandMax":null,"Value":102.86577223316},{"Length":7.312743,"Height":13.94845,"Demand":1.0,"DemandMax":null,"Value":102.00143009835},{"Length":10.36672,"Height":9.835405,"Demand":1.0,"DemandMax":null,"Value":101.96088972160001},{"Length":7.475134,"Height":13.63761,"Demand":1.0,"DemandMax":null,"Value":101.94296218974},{"Length":9.180387,"Height":11.0606,"Demand":1.0,"DemandMax":null,"Value":101.5405884522},{"Length":13.6143,"Height":7.452028,"Demand":1.0,"DemandMax":null,"Value":101.4541448004},{"Length":7.415883,"Height":13.63761,"Demand":1.0,"DemandMax":null,"Value":101.13492015963},{"Length":13.78609,"Height":7.076676,"Demand":1.0,"DemandMax":null,"Value":97.55969223684},{"Length":9.884349,"Height":9.705149,"Demand":1.0,"DemandMax":null,"Value":95.92907981300101},{"Length":6.514719,"Height":14.12333,"Demand":1.0,"DemandMax":null,"Value":92.00952629427},{"Length":9.884349,"Height":9.157074,"Demand":1.0,"DemandMax":null,"Value":90.511715234826},{"Length":13.78609,"Height":6.560935,"Demand":1.0,"DemandMax":null,"Value":90.44964039415},{"Length":5.046825,"Height":17.64302,"Demand":1.0,"DemandMax":null,"Value":89.0412344115},{"Length":13.54073,"Height":6.549517,"Demand":1.0,"DemandMax":null,"Value":88.68524132741},{"Length":7.3805,"Height":11.99353,"Demand":1.0,"DemandMax":null,"Value":88.518248164999989},{"Length":14.55892,"Height":6.04638,"Demand":1.0,"DemandMax":null,"Value":88.0287627096},{"Length":7.178415,"Height":11.99353,"Demand":1.0,"DemandMax":null,"Value":86.094535654950008},{"Length":7.118177,"Height":11.39876,"Demand":1.0,"DemandMax":null,"Value":81.13839126052},{"Length":5.167231,"Height":15.45001,"Demand":1.0,"DemandMax":null,"Value":79.83377062231},{"Length":5.153376,"Height":15.45001,"Demand":1.0,"DemandMax":null,"Value":79.61971073376},{"Length":4.464682,"Height":17.64302,"Demand":1.0,"DemandMax":null,"Value":78.77047381964},{"Length":7.805941,"Height":10.07923,"Demand":1.0,"DemandMax":null,"Value":78.67787470543},{"Length":5.057311,"Height":15.45001,"Demand":1.0,"DemandMax":null,"Value":78.135505523110012},{"Length":6.514719,"Height":11.86108,"Demand":1.0,"DemandMax":null,"Value":77.27160323652},{"Length":4.981359,"Height":15.40497,"Demand":1.0,"DemandMax":null,"Value":76.73768595423},{"Length":4.8672,"Height":15.45001,"Demand":1.0,"DemandMax":null,"Value":75.198288672},{"Length":5.326506,"Height":13.49272,"Demand":1.0,"DemandMax":null,"Value":71.869054036320009},{"Length":13.54073,"Height":5.27867,"Demand":1.0,"DemandMax":null,"Value":71.4770452291},{"Length":8.502254,"Height":8.368821,"Demand":1.0,"DemandMax":null,"Value":71.153841822534},{"Length":11.93685,"Height":5.896798,"Demand":1.0,"DemandMax":null,"Value":70.3891932063},{"Length":10.50612,"Height":6.54131,"Demand":1.0,"DemandMax":null,"Value":68.723787817199991},{"Length":6.891303,"Height":9.903466,"Demand":1.0,"DemandMax":null,"Value":68.247784956197989},{"Length":4.296597,"Height":15.71347,"Demand":1.0,"DemandMax":null,"Value":67.51444806159},{"Length":5.903285,"Height":11.29131,"Demand":1.0,"DemandMax":null,"Value":66.65582095335},{"Length":7.805941,"Height":8.524439,"Demand":1.0,"DemandMax":null,"Value":66.541267892098986},{"Length":5.903285,"Height":10.96967,"Demand":1.0,"DemandMax":null,"Value":64.757088365950011},{"Length":6.416985,"Height":9.983239,"Demand":1.0,"DemandMax":null,"Value":64.062294914415},{"Length":11.16219,"Height":5.697911,"Demand":1.0,"DemandMax":null,"Value":63.601165185090011},{"Length":5.549815,"Height":11.39876,"Demand":1.0,"DemandMax":null,"Value":63.261009229399995},{"Length":8.375064,"Height":7.469973,"Demand":1.0,"DemandMax":null,"Value":62.561501953272007},{"Length":14.55892,"Height":4.221068,"Demand":1.0,"DemandMax":null,"Value":61.45419132656},{"Length":7.316967,"Height":8.368821,"Demand":1.0,"DemandMax":null,"Value":61.234387085907},{"Length":13.54073,"Height":4.499723,"Demand":1.0,"DemandMax":null,"Value":60.929534217790007},{"Length":4.847508,"Height":12.18466,"Demand":1.0,"DemandMax":null,"Value":59.06523682728},{"Length":9.755089,"Height":6.011314,"Demand":1.0,"DemandMax":null,"Value":58.640903076945996},{"Length":5.087393,"Height":11.39876,"Demand":1.0,"DemandMax":null,"Value":57.989971832679991},{"Length":7.514364,"Height":7.709847,"Demand":1.0,"DemandMax":null,"Value":57.934596742307996},{"Length":6.714318,"Height":8.596673,"Demand":1.0,"DemandMax":null,"Value":57.720796264013991},{"Length":13.54073,"Height":4.256745,"Demand":1.0,"DemandMax":null,"Value":57.639434723849995},{"Length":7.805941,"Height":7.380735,"Demand":1.0,"DemandMax":null,"Value":57.613581946634994},{"Length":6.959803,"Height":8.26144,"Demand":1.0,"DemandMax":null,"Value":57.49799489632},{"Length":11.16219,"Height":5.118599,"Demand":1.0,"DemandMax":null,"Value":57.13477457181},{"Length":6.416985,"Height":8.878983,"Demand":1.0,"DemandMax":null,"Value":56.976300726255005},{"Length":7.266618,"Height":7.773117,"Demand":1.0,"DemandMax":null,"Value":56.484271908306},{"Length":11.93685,"Height":4.682635,"Demand":1.0,"DemandMax":null,"Value":55.89591159975},{"Length":4.897433,"Height":11.39876,"Demand":1.0,"DemandMax":null,"Value":55.82466338308},{"Length":8.514311,"Height":6.54131,"Demand":1.0,"DemandMax":null,"Value":55.69474768741},{"Length":4.554628,"Height":12.18466,"Demand":1.0,"DemandMax":null,"Value":55.49659360648},{"Length":7.108298,"Height":7.773117,"Demand":1.0,"DemandMax":null,"Value":55.253632024866},{"Length":6.654492,"Height":8.26144,"Demand":1.0,"DemandMax":null,"Value":54.975686388480007},{"Length":7.718912,"Height":7.122183,"Demand":1.0,"DemandMax":null,"Value":54.975503824896},{"Length":7.514364,"Height":7.281822,"Demand":1.0,"DemandMax":null,"Value":54.718261091208},{"Length":4.053836,"Height":13.49272,"Demand":1.0,"DemandMax":null,"Value":54.697274073920006}]}