{"Name":"Nice18_25","Objects":[{"Length":100.0,"Height":100.0,"Stock":null,"Cost":10000.0}],"Items":[{"Length":22.72263,"Height":36.43822,"Demand":1.0,"DemandMax":null,"Value":827.9721909186},{"Length":49.52121,"Height":16.10705,"Demand":1.0,"DemandMax":null,"Value":797.64060553050012},{"Length":20.678,"Height":36.43822,"Demand":1.0,"DemandMax":null,"Value":753.46951316},{"Length":34.19395,"Height":20.50768,"Demand":1.0,"DemandMax":null,"Value":701.23858453600008},{"Length":18.94266,"Height":36.43822,"Demand":1.0,"DemandMax":null,"Value":690.2368124652},{"Length":49.52121,"Height":12.38874,"Demand":1.0,"DemandMax":null,"Value":613.5053951754},{"Length":14.55699,"Height":36.43822,"Demand":1.0,"DemandMax":null,"Value":530.4308041578},{"Length":11.59395,"Height":36.43822,"Demand":1.0,"DemandMax":null,"Value":422.462900769},{"Length":11.50577,"Height":36.43822,"Demand":1.0,"DemandMax":null,"Value":419.24977852940003},{"Length":30.61167,"Height":13.48152,"Demand":1.0,"DemandMax":null,"Value":412.69184133839997},{"Length":29.4206,"Height":12.7144,"Demand":1.0,"DemandMax":null,"Value":374.06527664},{"Length":17.0366,"Height":20.50768,"Demand":1.0,"DemandMax":null,"Value":349.381141088},{"Length":11.94099,"Height":28.49579,"Demand":1.0,"DemandMax":null,"Value":340.26794343209997},{"Length":20.89969,"Height":14.55831,"Demand":1.0,"DemandMax":null,"Value":304.2641659239},{"Length":13.08003,"Height":22.35159,"Demand":1.0,"DemandMax":null,"Value":292.3594677477},{"Length":20.02063,"Height":14.55831,"Demand":1.0,"DemandMax":null,"Value":291.46653793530004},{"Length":11.94565,"Height":22.35159,"Demand":1.0,"DemandMax":null,"Value":267.00427108350004},{"Length":11.87757,"Height":22.35159,"Demand":1.0,"DemandMax":null,"Value":265.48257483630005},{"Length":19.34884,"Height":12.7144,"Demand":1.0,"DemandMax":null,"Value":246.00889129599997},{"Length":15.54151,"Height":15.01427,"Demand":1.0,"DemandMax":null,"Value":233.34442734770002},{"Length":15.07016,"Height":15.01427,"Demand":1.0,"DemandMax":null,"Value":226.2674511832},{"Length":7.92614,"Height":28.49579,"Demand":1.0,"DemandMax":null,"Value":225.8616209506},{"Length":10.31024,"Height":14.55831,"Demand":1.0,"DemandMax":null,"Value":150.0996700944},{"Length":11.86619,"Height":12.35923,"Demand":1.0,"DemandMax":null,"Value":146.6569714337},{"Length":11.86619,"Height":9.992361,"Demand":1.0,"DemandMax":null,"Value":118.57125417459001}]}