{"Name":"Path47_100","Objects":[{"Length":100.0,"Height":100.0,"Stock":null,"Cost":10000.0}],"Items":[{"Length":78.7662,"Height":17.32668,"Demand":1.0,"DemandMax":null,"Value":1364.756742216},{"Length":70.6515,"Height":15.97614,"Demand":1.0,"DemandMax":null,"Value":1128.7382552099998},{"Length":81.20293,"Height":7.129062,"Demand":1.0,"DemandMax":null,"Value":578.90072255166},{"Length":40.92124,"Height":13.60615,"Demand":1.0,"DemandMax":null,"Value":556.780529626},{"Length":69.83221,"Height":6.884805,"Demand":1.0,"DemandMax":null,"Value":480.78114856905},{"Length":23.51892,"Height":13.9406,"Demand":1.0,"DemandMax":null,"Value":327.867856152},{"Length":32.52695,"Height":9.841818,"Demand":1.0,"DemandMax":null,"Value":320.1243219951},{"Length":17.39408,"Height":17.54604,"Demand":1.0,"DemandMax":null,"Value":305.1972234432},{"Length":23.24408,"Height":12.04852,"Demand":1.0,"DemandMax":null,"Value":280.0567627616},{"Length":17.94582,"Height":14.45503,"Demand":1.0,"DemandMax":null,"Value":259.40736647460005},{"Length":13.95602,"Height":15.41581,"Demand":1.0,"DemandMax":null,"Value":215.1433526762},{"Length":20.07115,"Height":9.841818,"Demand":1.0,"DemandMax":null,"Value":197.5366053507},{"Length":39.12597,"Height":4.947054,"Demand":1.0,"DemandMax":null,"Value":193.55828639237998},{"Length":43.91471,"Height":4.178963,"Demand":1.0,"DemandMax":null,"Value":183.51794824573003},{"Length":9.304922,"Height":19.65973,"Demand":1.0,"DemandMax":null,"Value":182.93225419106},{"Length":12.38879,"Height":14.45503,"Demand":1.0,"DemandMax":null,"Value":179.0803311137},{"Length":2.431717,"Height":67.03815,"Demand":1.0,"DemandMax":null,"Value":163.01780900354999},{"Length":4.435425,"Height":32.42802,"Demand":1.0,"DemandMax":null,"Value":143.8320506085},{"Length":60.25454,"Height":2.368701,"Demand":1.0,"DemandMax":null,"Value":142.72498915254002},{"Length":7.35764,"Height":17.54604,"Demand":1.0,"DemandMax":null,"Value":129.0974457456},{"Length":5.688818,"Height":21.30083,"Demand":1.0,"DemandMax":null,"Value":121.17654511894001},{"Length":4.357622,"Height":26.93704,"Demand":1.0,"DemandMax":null,"Value":117.38143811888},{"Length":3.007483,"Height":32.42802,"Demand":1.0,"DemandMax":null,"Value":97.526718873659988},{"Length":5.975253,"Height":15.41581,"Demand":1.0,"DemandMax":null,"Value":92.11336494993},{"Length":22.10921,"Height":4.06258,"Demand":1.0,"DemandMax":null,"Value":89.8204343618},{"Length":11.37072,"Height":6.884805,"Demand":1.0,"DemandMax":null,"Value":78.2851899096},{"Length":4.820451,"Height":15.41581,"Demand":1.0,"DemandMax":null,"Value":74.31115673031},{"Length":12.18354,"Height":5.675292,"Demand":1.0,"DemandMax":null,"Value":69.14514709368},{"Length":9.044664,"Height":7.463018,"Demand":1.0,"DemandMax":null,"Value":67.500490235951986},{"Length":61.86959,"Height":1.087468,"Demand":1.0,"DemandMax":null,"Value":67.281199298120015},{"Length":13.47213,"Height":4.947054,"Demand":1.0,"DemandMax":null,"Value":66.64735460502},{"Length":52.59809,"Height":1.235602,"Demand":1.0,"DemandMax":null,"Value":64.99030520018},{"Length":19.85357,"Height":3.203919,"Demand":1.0,"DemandMax":null,"Value":63.60923014083},{"Length":31.5189,"Height":1.889371,"Demand":1.0,"DemandMax":null,"Value":59.550895611899996},{"Length":23.24408,"Height":2.406517,"Demand":1.0,"DemandMax":null,"Value":55.93727366936},{"Length":22.10921,"Height":2.195367,"Demand":1.0,"DemandMax":null,"Value":48.537830030070005},{"Length":3.719047,"Height":12.8579,"Demand":1.0,"DemandMax":null,"Value":47.819134421300006},{"Length":7.670033,"Height":5.675292,"Demand":1.0,"DemandMax":null,"Value":43.529676924636},{"Length":52.59809,"Height":0.7492359,"Demand":1.0,"DemandMax":null,"Value":39.408377299430995},{"Length":31.5189,"Height":1.201083,"Demand":1.0,"DemandMax":null,"Value":37.856814968699993},{"Length":22.10921,"Height":1.691062,"Demand":1.0,"DemandMax":null,"Value":37.38804488102},{"Length":20.39622,"Height":1.807933,"Demand":1.0,"DemandMax":null,"Value":36.87499921326},{"Length":40.91794,"Height":0.872072,"Demand":1.0,"DemandMax":null,"Value":35.68338977168},{"Length":40.92124,"Height":0.8488815,"Demand":1.0,"DemandMax":null,"Value":34.73728359306},{"Length":6.139916,"Height":5.613492,"Demand":1.0,"DemandMax":null,"Value":34.466369346672},{"Length":19.85357,"Height":1.626743,"Demand":1.0,"DemandMax":null,"Value":32.29665602251},{"Length":2.636165,"Height":11.99697,"Demand":1.0,"DemandMax":null,"Value":31.62599242005},{"Length":1.140788,"Height":26.93704,"Demand":1.0,"DemandMax":null,"Value":30.729451987519997},{"Length":5.49841,"Height":5.490979,"Demand":1.0,"DemandMax":null,"Value":30.19165384339},{"Length":0.682211,"Height":40.85138,"Demand":1.0,"DemandMax":null,"Value":27.86926080118},{"Length":23.51892,"Height":1.145016,"Demand":1.0,"DemandMax":null,"Value":26.929539702720003},{"Length":1.659411,"Height":15.97614,"Demand":1.0,"DemandMax":null,"Value":26.51098245354},{"Length":5.848783,"Height":4.393796,"Demand":1.0,"DemandMax":null,"Value":25.698359350268},{"Length":0.7872899,"Height":32.42802,"Demand":1.0,"DemandMax":null,"Value":25.530252622997995},{"Length":5.243107,"Height":4.869021,"Demand":1.0,"DemandMax":null,"Value":25.528798088247},{"Length":5.662605,"Height":4.197665,"Demand":1.0,"DemandMax":null,"Value":23.769718817325},{"Length":22.10921,"Height":1.056786,"Demand":1.0,"DemandMax":null,"Value":23.36470359906},{"Length":5.688818,"Height":3.972398,"Demand":1.0,"DemandMax":null,"Value":22.598249245564002},{"Length":12.18456,"Height":1.830511,"Demand":1.0,"DemandMax":null,"Value":22.30397111016},{"Length":1.249255,"Height":17.32668,"Demand":1.0,"DemandMax":null,"Value":21.6454416234},{"Length":19.85357,"Height":1.059925,"Demand":1.0,"DemandMax":null,"Value":21.043295182250002},{"Length":19.33334,"Height":1.087468,"Demand":1.0,"DemandMax":null,"Value":21.02438858312},{"Length":23.51892,"Height":0.8905184,"Demand":1.0,"DemandMax":null,"Value":20.944031008128004},{"Length":1.187478,"Height":17.32668,"Demand":1.0,"DemandMax":null,"Value":20.57505131304},{"Length":33.41121,"Height":0.6153305,"Demand":1.0,"DemandMax":null,"Value":20.558936554905},{"Length":8.594789,"Height":2.37103,"Demand":1.0,"DemandMax":null,"Value":20.378502562670004},{"Length":0.5601588,"Height":35.45359,"Demand":1.0,"DemandMax":null,"Value":19.859640430091996},{"Length":17.7284,"Height":1.088508,"Demand":1.0,"DemandMax":null,"Value":19.297505227200002},{"Length":5.848783,"Height":3.294828,"Demand":1.0,"DemandMax":null,"Value":19.270733994324},{"Length":1.329906,"Height":14.45503,"Demand":1.0,"DemandMax":null,"Value":19.223831127180002},{"Length":3.937396,"Height":4.776742,"Demand":1.0,"DemandMax":null,"Value":18.807924843831998},{"Length":3.801557,"Height":4.869021,"Demand":1.0,"DemandMax":null,"Value":18.509860865697},{"Length":9.924644,"Height":1.830511,"Demand":1.0,"DemandMax":null,"Value":18.167170013084},{"Length":12.12683,"Height":1.495734,"Demand":1.0,"DemandMax":null,"Value":18.13851194322},{"Length":1.462971,"Height":12.33204,"Demand":1.0,"DemandMax":null,"Value":18.04141689084},{"Length":0.682211,"Height":26.18677,"Demand":1.0,"DemandMax":null,"Value":17.86490254847},{"Length":3.165005,"Height":5.613492,"Demand":1.0,"DemandMax":null,"Value":17.76673024746},{"Length":0.496079,"Height":35.45359,"Demand":1.0,"DemandMax":null,"Value":17.58778147361},{"Length":4.104819,"Height":4.205402,"Demand":1.0,"DemandMax":null,"Value":17.262414032238002},{"Length":19.3366,"Height":0.872072,"Demand":1.0,"DemandMax":null,"Value":16.8629074352},{"Length":0.5329775,"Height":31.58456,"Demand":1.0,"DemandMax":null,"Value":16.8338598274},{"Length":2.062485,"Height":8.126637,"Demand":1.0,"DemandMax":null,"Value":16.761066912945},{"Length":2.042334,"Height":8.126637,"Demand":1.0,"DemandMax":null,"Value":16.597307050758},{"Length":0.5232604,"Height":31.58456,"Demand":1.0,"DemandMax":null,"Value":16.526949499424},{"Length":26.84333,"Height":0.6153305,"Demand":1.0,"DemandMax":null,"Value":16.517519670565},{"Length":9.144957,"Height":1.777799,"Demand":1.0,"DemandMax":null,"Value":16.257895409642998},{"Length":1.275765,"Height":12.33204,"Demand":1.0,"DemandMax":null,"Value":15.732785010599999},{"Length":9.144957,"Height":1.71316,"Demand":1.0,"DemandMax":null,"Value":15.66677453412},{"Length":1.301231,"Height":11.99697,"Demand":1.0,"DemandMax":null,"Value":15.610829270069999},{"Length":19.85357,"Height":0.7661595,"Demand":1.0,"DemandMax":null,"Value":15.211001264415001},{"Length":1.222473,"Height":12.33204,"Demand":1.0,"DemandMax":null,"Value":15.075585934919998},{"Length":13.7905,"Height":1.088508,"Demand":1.0,"DemandMax":null,"Value":15.011069574},{"Length":9.982373,"Height":1.495734,"Demand":1.0,"DemandMax":null,"Value":14.930974696782},{"Length":0.8982874,"Height":16.38328,"Demand":1.0,"DemandMax":null,"Value":14.716893994671999},{"Length":3.482351,"Height":4.197665,"Demand":1.0,"DemandMax":null,"Value":14.617742910414998},{"Length":1.181065,"Height":12.33204,"Demand":1.0,"DemandMax":null,"Value":14.564940822599999},{"Length":3.719047,"Height":3.91581,"Demand":1.0,"DemandMax":null,"Value":14.563081433070002},{"Length":0.8982874,"Height":16.04473,"Demand":1.0,"DemandMax":null,"Value":14.412778795402},{"Length":5.908147,"Height":2.37103,"Demand":1.0,"DemandMax":null,"Value":14.00839378141},{"Length":5.893287,"Height":2.37103,"Demand":1.0,"DemandMax":null,"Value":13.97316027561}]}