{"Name":"Nice32_100","Objects":[{"Length":100.0,"Height":100.0,"Stock":null,"Cost":10000.0}],"Items":[{"Length":14.39435,"Height":23.30409,"Demand":1.0,"DemandMax":null,"Value":335.44722789149995},{"Length":13.67806,"Height":15.05873,"Demand":1.0,"DemandMax":null,"Value":205.9742124638},{"Length":14.5478,"Height":13.25449,"Demand":1.0,"DemandMax":null,"Value":192.823669622},{"Length":26.62914,"Height":6.676224,"Demand":1.0,"DemandMax":null,"Value":177.78210356736},{"Length":13.67806,"Height":12.75095,"Demand":1.0,"DemandMax":null,"Value":174.408259157},{"Length":12.2507,"Height":13.68531,"Demand":1.0,"DemandMax":null,"Value":167.65462721699998},{"Length":13.80615,"Height":11.60255,"Demand":1.0,"DemandMax":null,"Value":160.18654568250003},{"Length":10.60746,"Height":14.99265,"Demand":1.0,"DemandMax":null,"Value":159.033935169},{"Length":9.231526,"Height":15.81469,"Demand":1.0,"DemandMax":null,"Value":145.99372191694002},{"Length":9.846524,"Height":14.37147,"Demand":1.0,"DemandMax":null,"Value":141.50902427028},{"Length":19.2478,"Height":7.14203,"Demand":1.0,"DemandMax":null,"Value":137.46836503400002},{"Length":14.69876,"Height":9.086554,"Demand":1.0,"DemandMax":null,"Value":133.56107647304},{"Length":5.746696,"Height":22.92692,"Demand":1.0,"DemandMax":null,"Value":131.75403945632},{"Length":5.744322,"Height":22.92692,"Demand":1.0,"DemandMax":null,"Value":131.69961094824},{"Length":10.39606,"Height":12.66035,"Demand":1.0,"DemandMax":null,"Value":131.617758221},{"Length":14.5478,"Height":9.006608,"Demand":1.0,"DemandMax":null,"Value":131.0263318624},{"Length":10.38247,"Height":12.49405,"Demand":1.0,"DemandMax":null,"Value":129.7190993035},{"Length":14.39435,"Height":8.896526,"Demand":1.0,"DemandMax":null,"Value":128.0597090281},{"Length":8.724514,"Height":14.67432,"Demand":1.0,"DemandMax":null,"Value":128.02631028047998},{"Length":8.868634,"Height":14.19425,"Demand":1.0,"DemandMax":null,"Value":125.88360815450001},{"Length":15.51064,"Height":8.089454,"Demand":1.0,"DemandMax":null,"Value":125.47260879056},{"Length":8.358011,"Height":14.67432,"Demand":1.0,"DemandMax":null,"Value":122.64812797751999},{"Length":8.342081,"Height":14.67432,"Demand":1.0,"DemandMax":null,"Value":122.41436605992},{"Length":8.151909,"Height":14.99265,"Demand":1.0,"DemandMax":null,"Value":122.21871846885},{"Length":13.67806,"Height":8.86677,"Demand":1.0,"DemandMax":null,"Value":121.28021206620001},{"Length":10.08071,"Height":11.89004,"Demand":1.0,"DemandMax":null,"Value":119.8600451284},{"Length":8.868634,"Height":13.45856,"Demand":1.0,"DemandMax":null,"Value":119.35904280704},{"Length":7.937234,"Height":15.0227,"Demand":1.0,"DemandMax":null,"Value":119.2386852118},{"Length":6.015164,"Height":19.77761,"Demand":1.0,"DemandMax":null,"Value":118.96556767804},{"Length":8.019534,"Height":14.66255,"Demand":1.0,"DemandMax":null,"Value":117.5868182517},{"Length":7.937234,"Height":14.02309,"Demand":1.0,"DemandMax":null,"Value":111.30454673306},{"Length":15.65475,"Height":7.108889,"Demand":1.0,"DemandMax":null,"Value":111.28788007275},{"Length":6.551544,"Height":16.68198,"Demand":1.0,"DemandMax":null,"Value":109.29272597711999},{"Length":11.93038,"Height":9.086554,"Demand":1.0,"DemandMax":null,"Value":108.40604211051999},{"Length":9.852589,"Height":10.94244,"Demand":1.0,"DemandMax":null,"Value":107.81136397716},{"Length":6.832528,"Height":15.76278,"Demand":1.0,"DemandMax":null,"Value":107.69963570783999},{"Length":8.376899,"Height":12.49405,"Demand":1.0,"DemandMax":null,"Value":104.66139495095},{"Length":8.019534,"Height":12.99027,"Demand":1.0,"DemandMax":null,"Value":104.17591193418001},{"Length":16.20756,"Height":6.37122,"Demand":1.0,"DemandMax":null,"Value":103.26193042320001},{"Length":12.3383,"Height":8.366789,"Demand":1.0,"DemandMax":null,"Value":103.23195271870002},{"Length":12.66028,"Height":8.001806,"Demand":1.0,"DemandMax":null,"Value":101.30510446568},{"Length":8.288692,"Height":11.99692,"Demand":1.0,"DemandMax":null,"Value":99.438774828639993},{"Length":14.28673,"Height":6.927955,"Demand":1.0,"DemandMax":null,"Value":98.97782253715},{"Length":15.04641,"Height":6.49051,"Demand":1.0,"DemandMax":null,"Value":97.658874569099993},{"Length":6.647064,"Height":14.67432,"Demand":1.0,"DemandMax":null,"Value":97.54114419648},{"Length":12.66028,"Height":7.69914,"Demand":1.0,"DemandMax":null,"Value":97.4732681592},{"Length":14.28673,"Height":6.757357,"Demand":1.0,"DemandMax":null,"Value":96.54053497261},{"Length":6.094412,"Height":15.76278,"Demand":1.0,"DemandMax":null,"Value":96.06487558536},{"Length":16.60842,"Height":5.692993,"Demand":1.0,"DemandMax":null,"Value":94.55161880106},{"Length":9.601126,"Height":9.82928,"Demand":1.0,"DemandMax":null,"Value":94.372155769280013},{"Length":7.417201,"Height":12.34601,"Demand":1.0,"DemandMax":null,"Value":91.57283771801},{"Length":13.67806,"Height":6.624938,"Demand":1.0,"DemandMax":null,"Value":90.61629946028},{"Length":12.6992,"Height":7.108889,"Demand":1.0,"DemandMax":null,"Value":90.277203188799987},{"Length":10.7193,"Height":8.366789,"Demand":1.0,"DemandMax":null,"Value":89.686121327700008},{"Length":16.20756,"Height":5.518816,"Demand":1.0,"DemandMax":null,"Value":89.44654144896},{"Length":11.02679,"Height":8.089454,"Demand":1.0,"DemandMax":null,"Value":89.20071047266},{"Length":5.421371,"Height":16.38544,"Demand":1.0,"DemandMax":null,"Value":88.831549238239987},{"Length":7.906936,"Height":11.10078,"Demand":1.0,"DemandMax":null,"Value":87.77315701008},{"Length":6.259102,"Height":13.9314,"Demand":1.0,"DemandMax":null,"Value":87.1980536028},{"Length":7.139071,"Height":11.89004,"Demand":1.0,"DemandMax":null,"Value":84.88383975284},{"Length":5.238788,"Height":15.81469,"Demand":1.0,"DemandMax":null,"Value":82.84980819572},{"Length":15.04641,"Height":5.493971,"Demand":1.0,"DemandMax":null,"Value":82.66454019411},{"Length":4.974691,"Height":16.38544,"Demand":1.0,"DemandMax":null,"Value":81.512500899039992},{"Length":5.525591,"Height":14.37147,"Demand":1.0,"DemandMax":null,"Value":79.410865288770012},{"Length":12.50558,"Height":6.307533,"Demand":1.0,"DemandMax":null,"Value":78.87935853414001},{"Length":5.42155,"Height":14.37147,"Demand":1.0,"DemandMax":null,"Value":77.9156431785},{"Length":5.486427,"Height":13.9314,"Demand":1.0,"DemandMax":null,"Value":76.4336091078},{"Length":7.047641,"Height":10.65856,"Demand":1.0,"DemandMax":null,"Value":75.11770445696},{"Length":6.239624,"Height":11.99692,"Demand":1.0,"DemandMax":null,"Value":74.856269958079992},{"Length":12.154,"Height":6.093091,"Demand":1.0,"DemandMax":null,"Value":74.055428014},{"Length":6.16311,"Height":11.99692,"Demand":1.0,"DemandMax":null,"Value":73.938337621199992},{"Length":6.128736,"Height":11.89004,"Demand":1.0,"DemandMax":null,"Value":72.87091618944001},{"Length":12.154,"Height":5.97437,"Demand":1.0,"DemandMax":null,"Value":72.61249298},{"Length":9.601126,"Height":7.55679,"Demand":1.0,"DemandMax":null,"Value":72.55369294554},{"Length":6.758512,"Height":10.65856,"Demand":1.0,"DemandMax":null,"Value":72.036005662719987},{"Length":6.48741,"Height":11.10078,"Demand":1.0,"DemandMax":null,"Value":72.0153111798},{"Length":5.846005,"Height":11.99692,"Demand":1.0,"DemandMax":null,"Value":70.1340543046},{"Length":8.505194,"Height":8.238407,"Demand":1.0,"DemandMax":null,"Value":70.069249785958},{"Length":9.680168,"Height":7.229443,"Demand":1.0,"DemandMax":null,"Value":69.982222786424},{"Length":12.154,"Height":5.732395,"Demand":1.0,"DemandMax":null,"Value":69.67152883},{"Length":12.154,"Height":5.723931,"Demand":1.0,"DemandMax":null,"Value":69.568657374},{"Length":9.567631,"Height":7.229443,"Demand":1.0,"DemandMax":null,"Value":69.168642959533},{"Length":12.66028,"Height":5.459814,"Demand":1.0,"DemandMax":null,"Value":69.12277398792},{"Length":12.66028,"Height":5.458653,"Demand":1.0,"DemandMax":null,"Value":69.10807540284},{"Length":4.289055,"Height":15.81469,"Demand":1.0,"DemandMax":null,"Value":67.830075217950011},{"Length":8.10323,"Height":8.238407,"Demand":1.0,"DemandMax":null,"Value":66.75770675461},{"Length":10.55202,"Height":6.307533,"Demand":1.0,"DemandMax":null,"Value":66.55721436666},{"Length":6.138835,"Height":10.81932,"Demand":1.0,"DemandMax":null,"Value":66.4180202922},{"Length":7.417201,"Height":8.34084,"Demand":1.0,"DemandMax":null,"Value":61.86568678884},{"Length":8.246477,"Height":7.448601,"Demand":1.0,"DemandMax":null,"Value":61.424716828677006},{"Length":8.246477,"Height":6.922872,"Demand":1.0,"DemandMax":null,"Value":57.089304721944},{"Length":5.193826,"Height":10.94244,"Demand":1.0,"DemandMax":null,"Value":56.833129375439995},{"Length":6.138835,"Height":8.958282,"Demand":1.0,"DemandMax":null,"Value":54.993415081470005},{"Length":6.108737,"Height":8.572019,"Demand":1.0,"DemandMax":null,"Value":52.364209630002989},{"Length":7.417201,"Height":6.965964,"Demand":1.0,"DemandMax":null,"Value":51.667955146764},{"Length":4.895004,"Height":10.26674,"Demand":1.0,"DemandMax":null,"Value":50.25573336696},{"Length":6.841331,"Height":7.277532,"Demand":1.0,"DemandMax":null,"Value":49.788005275092004},{"Length":6.108737,"Height":8.10996,"Demand":1.0,"DemandMax":null,"Value":49.541612720519993},{"Length":6.841331,"Height":7.093941,"Demand":1.0,"DemandMax":null,"Value":48.531998475471},{"Length":4.706121,"Height":10.26674,"Demand":1.0,"DemandMax":null,"Value":48.316520715540008}]}