{"Name":"Nice33_200","Objects":[{"Length":100.0,"Height":100.0,"Stock":null,"Cost":10000.0}],"Items":[{"Length":15.08687,"Height":9.368197,"Demand":1.0,"DemandMax":null,"Value":141.33677027339},{"Length":17.51118,"Height":7.021092,"Demand":1.0,"DemandMax":null,"Value":122.94760580856},{"Length":10.57104,"Height":11.04795,"Demand":1.0,"DemandMax":null,"Value":116.788321368},{"Length":6.917474,"Height":16.69753,"Demand":1.0,"DemandMax":null,"Value":115.50472963922},{"Length":16.35369,"Height":6.814063,"Demand":1.0,"DemandMax":null,"Value":111.43507394247},{"Length":13.84686,"Height":7.704407,"Demand":1.0,"DemandMax":null,"Value":106.68184511202},{"Length":9.756941,"Height":9.819042,"Demand":1.0,"DemandMax":null,"Value":95.803813470521987},{"Length":12.96798,"Height":6.926498,"Demand":1.0,"DemandMax":null,"Value":89.82268753404},{"Length":5.049639,"Height":16.69753,"Demand":1.0,"DemandMax":null,"Value":84.31649869167},{"Length":6.928779,"Height":11.85677,"Demand":1.0,"DemandMax":null,"Value":82.152938983829984},{"Length":8.757321,"Height":9.368197,"Demand":1.0,"DemandMax":null,"Value":82.040308320237},{"Length":6.63841,"Height":12.30139,"Demand":1.0,"DemandMax":null,"Value":81.6616703899},{"Length":12.85073,"Height":6.235602,"Demand":1.0,"DemandMax":null,"Value":80.13203768946},{"Length":6.396897,"Height":11.85677,"Demand":1.0,"DemandMax":null,"Value":75.84653644269},{"Length":9.205337,"Height":8.001885,"Demand":1.0,"DemandMax":null,"Value":73.660048060245},{"Length":7.516338,"Height":9.789617,"Demand":1.0,"DemandMax":null,"Value":73.582070262546},{"Length":7.516338,"Height":9.771564,"Demand":1.0,"DemandMax":null,"Value":73.446377812632},{"Length":8.359774,"Height":8.651424,"Demand":1.0,"DemandMax":null,"Value":72.323949418176},{"Length":4.280759,"Height":16.69753,"Demand":1.0,"DemandMax":null,"Value":71.47810182527},{"Length":10.78208,"Height":6.538213,"Demand":1.0,"DemandMax":null,"Value":70.49553562304},{"Length":4.346139,"Height":16.03158,"Demand":1.0,"DemandMax":null,"Value":69.67547506962},{"Length":6.263863,"Height":10.94203,"Demand":1.0,"DemandMax":null,"Value":68.53937686189},{"Length":7.925147,"Height":8.379953,"Demand":1.0,"DemandMax":null,"Value":66.412359378091},{"Length":5.188518,"Height":12.72756,"Demand":1.0,"DemandMax":null,"Value":66.03717415608},{"Length":8.633562,"Height":7.555732,"Demand":1.0,"DemandMax":null,"Value":65.232880677383989},{"Length":8.232088,"Height":7.897073,"Demand":1.0,"DemandMax":null,"Value":65.009399878423991},{"Length":5.050681,"Height":12.72756,"Demand":1.0,"DemandMax":null,"Value":64.282845468360009},{"Length":10.25981,"Height":6.255143,"Demand":1.0,"DemandMax":null,"Value":64.17657870283},{"Length":9.915547,"Height":6.46848,"Demand":1.0,"DemandMax":null,"Value":64.13851745856},{"Length":14.19433,"Height":4.471942,"Demand":1.0,"DemandMax":null,"Value":63.476220488860008},{"Length":4.550347,"Height":13.7739,"Demand":1.0,"DemandMax":null,"Value":62.6760245433},{"Length":4.168387,"Height":14.91268,"Demand":1.0,"DemandMax":null,"Value":62.16182144716},{"Length":9.791145,"Height":6.342536,"Demand":1.0,"DemandMax":null,"Value":62.10068964372},{"Length":6.103473,"Height":10.08611,"Demand":1.0,"DemandMax":null,"Value":61.56030006003},{"Length":4.448961,"Height":13.7739,"Demand":1.0,"DemandMax":null,"Value":61.279543917899993},{"Length":9.325332,"Height":6.528712,"Demand":1.0,"DemandMax":null,"Value":60.882406932383994},{"Length":4.235453,"Height":14.32482,"Demand":1.0,"DemandMax":null,"Value":60.67210184346},{"Length":7.246487,"Height":8.371169,"Demand":1.0,"DemandMax":null,"Value":60.661567333303005},{"Length":10.06913,"Height":6.015949,"Demand":1.0,"DemandMax":null,"Value":60.57537255437},{"Length":7.246487,"Height":8.326356,"Demand":1.0,"DemandMax":null,"Value":60.336830511372007},{"Length":4.033356,"Height":14.91268,"Demand":1.0,"DemandMax":null,"Value":60.14814735408},{"Length":3.928316,"Height":15.29591,"Demand":1.0,"DemandMax":null,"Value":60.08716798756},{"Length":10.59048,"Height":5.669498,"Demand":1.0,"DemandMax":null,"Value":60.04270517904},{"Length":3.915591,"Height":15.29591,"Demand":1.0,"DemandMax":null,"Value":59.89252753281},{"Length":6.05308,"Height":9.894155,"Demand":1.0,"DemandMax":null,"Value":59.890111747399992},{"Length":8.828541,"Height":6.748146,"Demand":1.0,"DemandMax":null,"Value":59.576283634986},{"Length":4.474024,"Height":13.27623,"Demand":1.0,"DemandMax":null,"Value":59.39817164952},{"Length":4.876588,"Height":12.17664,"Demand":1.0,"DemandMax":null,"Value":59.38045650432},{"Length":7.817252,"Height":7.555732,"Demand":1.0,"DemandMax":null,"Value":59.065061088464},{"Length":5.436135,"Height":10.72944,"Demand":1.0,"DemandMax":null,"Value":58.326684314400005},{"Length":5.436135,"Height":10.71801,"Demand":1.0,"DemandMax":null,"Value":58.26454929135},{"Length":14.18704,"Height":4.09621,"Demand":1.0,"DemandMax":null,"Value":58.1130951184},{"Length":7.843907,"Height":7.400011,"Demand":1.0,"DemandMax":null,"Value":58.044998082976996},{"Length":14.13237,"Height":4.08712,"Demand":1.0,"DemandMax":null,"Value":57.7606920744},{"Length":4.526505,"Height":12.72756,"Demand":1.0,"DemandMax":null,"Value":57.6113639778},{"Length":12.20684,"Height":4.69112,"Demand":1.0,"DemandMax":null,"Value":57.263751260799992},{"Length":6.05308,"Height":9.427831,"Demand":1.0,"DemandMax":null,"Value":57.067415269479994},{"Length":7.222585,"Height":7.897073,"Demand":1.0,"DemandMax":null,"Value":57.037280993705},{"Length":9.791145,"Height":5.817359,"Demand":1.0,"DemandMax":null,"Value":56.958605486055},{"Length":6.577739,"Height":8.651424,"Demand":1.0,"DemandMax":null,"Value":56.906809050336008},{"Length":14.9991,"Height":3.785796,"Demand":1.0,"DemandMax":null,"Value":56.7835327836},{"Length":6.176762,"Height":9.146056,"Demand":1.0,"DemandMax":null,"Value":56.493011150672},{"Length":9.026531,"Height":6.241425,"Demand":1.0,"DemandMax":null,"Value":56.338416246674996},{"Length":14.13237,"Height":3.978113,"Demand":1.0,"DemandMax":null,"Value":56.22016481781},{"Length":4.259672,"Height":13.16792,"Demand":1.0,"DemandMax":null,"Value":56.09102012224},{"Length":6.675542,"Height":8.379953,"Demand":1.0,"DemandMax":null,"Value":55.940728209526},{"Length":8.933273,"Height":6.241425,"Demand":1.0,"DemandMax":null,"Value":55.756353434024994},{"Length":6.088064,"Height":9.146056,"Demand":1.0,"DemandMax":null,"Value":55.681774275584},{"Length":6.062216,"Height":9.146056,"Demand":1.0,"DemandMax":null,"Value":55.445367020096},{"Length":7.279146,"Height":7.603161,"Demand":1.0,"DemandMax":null,"Value":55.344518980506},{"Length":5.817941,"Height":9.502943,"Demand":1.0,"DemandMax":null,"Value":55.287561700363},{"Length":8.164497,"Height":6.748146,"Demand":1.0,"DemandMax":null,"Value":55.095217772562009},{"Length":5.298689,"Height":10.38105,"Demand":1.0,"DemandMax":null,"Value":55.005955443450006},{"Length":10.78208,"Height":5.083807,"Demand":1.0,"DemandMax":null,"Value":54.81401377856},{"Length":6.796,"Height":8.065232,"Demand":1.0,"DemandMax":null,"Value":54.811316672000004},{"Length":14.19433,"Height":3.858789,"Demand":1.0,"DemandMax":null,"Value":54.77292446637},{"Length":9.642476,"Height":5.68035,"Demand":1.0,"DemandMax":null,"Value":54.7726385466},{"Length":5.272349,"Height":10.38105,"Demand":1.0,"DemandMax":null,"Value":54.732518586450006},{"Length":14.19433,"Height":3.85433,"Demand":1.0,"DemandMax":null,"Value":54.709631948900004},{"Length":5.967587,"Height":9.146056,"Demand":1.0,"DemandMax":null,"Value":54.579884886872},{"Length":5.804815,"Height":9.368197,"Demand":1.0,"DemandMax":null,"Value":54.380650468555},{"Length":6.739057,"Height":8.065232,"Demand":1.0,"DemandMax":null,"Value":54.352058166224},{"Length":13.48039,"Height":4.016513,"Demand":1.0,"DemandMax":null,"Value":54.14416168007},{"Length":8.150291,"Height":6.575151,"Demand":1.0,"DemandMax":null,"Value":53.589394018940993},{"Length":13.48039,"Height":3.949832,"Demand":1.0,"DemandMax":null,"Value":53.245275794479994},{"Length":5.065042,"Height":10.22255,"Demand":1.0,"DemandMax":null,"Value":51.7776450971},{"Length":8.201743,"Height":6.308429,"Demand":1.0,"DemandMax":null,"Value":51.740113391747},{"Length":6.110096,"Height":8.379953,"Demand":1.0,"DemandMax":null,"Value":51.202317305488009},{"Length":3.845448,"Height":13.16792,"Demand":1.0,"DemandMax":null,"Value":50.636551628160007},{"Length":11.59889,"Height":4.356483,"Demand":1.0,"DemandMax":null,"Value":50.53036710387},{"Length":10.57104,"Height":4.765869,"Demand":1.0,"DemandMax":null,"Value":50.38019183376},{"Length":10.57104,"Height":4.763566,"Demand":1.0,"DemandMax":null,"Value":50.35584672864},{"Length":8.047056,"Height":6.225142,"Demand":1.0,"DemandMax":null,"Value":50.094066281951996},{"Length":7.843907,"Height":6.377214,"Demand":1.0,"DemandMax":null,"Value":50.022273535098},{"Length":10.57104,"Height":4.688069,"Demand":1.0,"DemandMax":null,"Value":49.55776492176},{"Length":3.573685,"Height":13.7739,"Demand":1.0,"DemandMax":null,"Value":49.223579821499996},{"Length":9.593983,"Height":5.12248,"Demand":1.0,"DemandMax":null,"Value":49.14498603784},{"Length":5.489707,"Height":8.874332,"Demand":1.0,"DemandMax":null,"Value":48.717482500724},{"Length":5.508669,"Height":8.841511,"Demand":1.0,"DemandMax":null,"Value":48.704957558859007},{"Length":5.203771,"Height":9.332817,"Demand":1.0,"DemandMax":null,"Value":48.565842452907},{"Length":5.466349,"Height":8.874332,"Demand":1.0,"DemandMax":null,"Value":48.510195853868005},{"Length":5.228607,"Height":9.146056,"Demand":1.0,"DemandMax":null,"Value":47.821132423992},{"Length":9.329378,"Height":5.108627,"Demand":1.0,"DemandMax":null,"Value":47.660312344006},{"Length":9.205337,"Height":5.166038,"Demand":1.0,"DemandMax":null,"Value":47.555120744806004},{"Length":5.065042,"Height":9.33863,"Demand":1.0,"DemandMax":null,"Value":47.30055317246},{"Length":12.20684,"Height":3.860563,"Demand":1.0,"DemandMax":null,"Value":47.12527485092},{"Length":4.716968,"Height":9.989168,"Demand":1.0,"DemandMax":null,"Value":47.11858580262399},{"Length":6.736104,"Height":6.932321,"Demand":1.0,"DemandMax":null,"Value":46.696835217384},{"Length":9.265564,"Height":5.025088,"Demand":1.0,"DemandMax":null,"Value":46.560274469632},{"Length":7.36843,"Height":6.305996,"Demand":1.0,"DemandMax":null,"Value":46.46529010628},{"Length":8.027058,"Height":5.772678,"Demand":1.0,"DemandMax":null,"Value":46.337621121324},{"Length":10.59037,"Height":4.314327,"Demand":1.0,"DemandMax":null,"Value":45.69031923099},{"Length":7.565926,"Height":6.015949,"Demand":1.0,"DemandMax":null,"Value":45.516224953774},{"Length":7.992576,"Height":5.68035,"Demand":1.0,"DemandMax":null,"Value":45.400629081599995},{"Length":7.251365,"Height":6.255143,"Demand":1.0,"DemandMax":null,"Value":45.358325020195004},{"Length":4.949894,"Height":9.146056,"Demand":1.0,"DemandMax":null,"Value":45.272007718063996},{"Length":3.555026,"Height":12.72756,"Demand":1.0,"DemandMax":null,"Value":45.24680671656},{"Length":3.713671,"Height":12.17664,"Demand":1.0,"DemandMax":null,"Value":45.220034845440004},{"Length":6.848809,"Height":6.575151,"Demand":1.0,"DemandMax":null,"Value":45.031953345159},{"Length":9.791145,"Height":4.597078,"Demand":1.0,"DemandMax":null,"Value":45.01065727431},{"Length":4.101407,"Height":10.94203,"Demand":1.0,"DemandMax":null,"Value":44.87771843621},{"Length":7.314869,"Height":6.051525,"Demand":1.0,"DemandMax":null,"Value":44.266112625225},{"Length":5.220897,"Height":8.473081,"Demand":1.0,"DemandMax":null,"Value":44.237083173657005},{"Length":9.791145,"Height":4.480005,"Demand":1.0,"DemandMax":null,"Value":43.864378555725004},{"Length":4.363236,"Height":9.989168,"Demand":1.0,"DemandMax":null,"Value":43.585097427647995},{"Length":8.201743,"Height":5.280357,"Demand":1.0,"DemandMax":null,"Value":43.308131062251007},{"Length":5.508669,"Height":7.856015,"Demand":1.0,"DemandMax":null,"Value":43.276186294035},{"Length":7.279146,"Height":5.944341,"Demand":1.0,"DemandMax":null,"Value":43.269726012785995},{"Length":3.337512,"Height":12.72756,"Demand":1.0,"DemandMax":null,"Value":42.478384230719996},{"Length":8.580751,"Height":4.921867,"Demand":1.0,"DemandMax":null,"Value":42.233315182116996},{"Length":7.279146,"Height":5.774484,"Demand":1.0,"DemandMax":null,"Value":42.033312110664},{"Length":10.95606,"Height":3.82463,"Demand":1.0,"DemandMax":null,"Value":41.902875757800004},{"Length":5.534388,"Height":7.555732,"Demand":1.0,"DemandMax":null,"Value":41.816352512015996},{"Length":6.522286,"Height":6.401396,"Demand":1.0,"DemandMax":null,"Value":41.751735511256},{"Length":8.363304,"Height":4.948205,"Demand":1.0,"DemandMax":null,"Value":41.383342669319994},{"Length":4.354806,"Height":9.303381,"Demand":1.0,"DemandMax":null,"Value":40.514419399086},{"Length":6.4252,"Height":6.25908,"Demand":1.0,"DemandMax":null,"Value":40.215840816000004},{"Length":4.785108,"Height":8.351211,"Demand":1.0,"DemandMax":null,"Value":39.961446565787995},{"Length":8.199476,"Height":4.858374,"Demand":1.0,"DemandMax":null,"Value":39.836121012024009},{"Length":6.210728,"Height":6.413819,"Demand":1.0,"DemandMax":null,"Value":39.834485250232},{"Length":8.154219,"Height":4.858374,"Demand":1.0,"DemandMax":null,"Value":39.616245579906},{"Length":9.635281,"Height":4.092495,"Demand":1.0,"DemandMax":null,"Value":39.43233931609501},{"Length":7.663661,"Height":5.108627,"Demand":1.0,"DemandMax":null,"Value":39.150785503447004},{"Length":4.895693,"Height":7.836155,"Demand":1.0,"DemandMax":null,"Value":38.363409180415},{"Length":4.895452,"Height":7.836155,"Demand":1.0,"DemandMax":null,"Value":38.36152066706},{"Length":5.220897,"Height":7.185353,"Demand":1.0,"DemandMax":null,"Value":37.513987921641},{"Length":3.939,"Height":9.502943,"Demand":1.0,"DemandMax":null,"Value":37.432092477},{"Length":4.785108,"Height":7.680367,"Demand":1.0,"DemandMax":null,"Value":36.751385574636004},{"Length":7.544974,"Height":4.861357,"Demand":1.0,"DemandMax":null,"Value":36.678812169718},{"Length":10.95606,"Height":3.332617,"Demand":1.0,"DemandMax":null,"Value":36.512351809020004},{"Length":4.124278,"Height":8.81868,"Demand":1.0,"DemandMax":null,"Value":36.370687913040008},{"Length":7.454127,"Height":4.861357,"Demand":1.0,"DemandMax":null,"Value":36.237172470339},{"Length":3.876434,"Height":9.332817,"Demand":1.0,"DemandMax":null,"Value":36.178049134578},{"Length":6.103473,"Height":5.860811,"Demand":1.0,"DemandMax":null,"Value":35.771301696603004},{"Length":6.177468,"Height":5.772678,"Demand":1.0,"DemandMax":null,"Value":35.660533619304},{"Length":7.08813,"Height":5.025088,"Demand":1.0,"DemandMax":null,"Value":35.61847700544},{"Length":4.991827,"Height":6.926498,"Demand":1.0,"DemandMax":null,"Value":34.575879731845994},{"Length":5.388163,"Height":6.413819,"Demand":1.0,"DemandMax":null,"Value":34.558702224497},{"Length":4.48485,"Height":7.704407,"Demand":1.0,"DemandMax":null,"Value":34.553109733949995},{"Length":7.314869,"Height":4.718778,"Demand":1.0,"DemandMax":null,"Value":34.517242910082004},{"Length":4.034801,"Height":8.551682,"Demand":1.0,"DemandMax":null,"Value":34.504335085281994},{"Length":4.443265,"Height":7.704407,"Demand":1.0,"DemandMax":null,"Value":34.232721968855},{"Length":7.36843,"Height":4.636036,"Demand":1.0,"DemandMax":null,"Value":34.16030674348},{"Length":6.873921,"Height":4.921867,"Demand":1.0,"DemandMax":null,"Value":33.832524930507},{"Length":3.281789,"Height":10.29613,"Demand":1.0,"DemandMax":null,"Value":33.78972617657},{"Length":6.103473,"Height":5.50053,"Demand":1.0,"DemandMax":null,"Value":33.57233634069},{"Length":9.635281,"Height":3.470174,"Demand":1.0,"DemandMax":null,"Value":33.436101608894006},{"Length":3.240498,"Height":10.29613,"Demand":1.0,"DemandMax":null,"Value":33.36458867274},{"Length":5.880207,"Height":5.669498,"Demand":1.0,"DemandMax":null,"Value":33.337821826086},{"Length":5.963742,"Height":5.588878,"Demand":1.0,"DemandMax":null,"Value":33.330626461476},{"Length":4.265697,"Height":7.704407,"Demand":1.0,"DemandMax":null,"Value":32.864665826679},{"Length":2.977086,"Height":10.94203,"Demand":1.0,"DemandMax":null,"Value":32.57536432458},{"Length":5.514512,"Height":5.669498,"Demand":1.0,"DemandMax":null,"Value":31.264514754976},{"Length":5.979331,"Height":5.122925,"Demand":1.0,"DemandMax":null,"Value":30.631664263175004},{"Length":4.063283,"Height":7.533154,"Demand":1.0,"DemandMax":null,"Value":30.609336584582},{"Length":4.124278,"Height":7.212898,"Demand":1.0,"DemandMax":null,"Value":29.747996537644003},{"Length":8.874106,"Height":3.346217,"Demand":1.0,"DemandMax":null,"Value":29.694684357002},{"Length":5.831031,"Height":4.948205,"Demand":1.0,"DemandMax":null,"Value":28.853136749355},{"Length":7.395867,"Height":3.870135,"Demand":1.0,"DemandMax":null,"Value":28.623003732045},{"Length":8.874106,"Height":3.182496,"Demand":1.0,"DemandMax":null,"Value":28.241806848575997},{"Length":5.34353,"Height":5.12248,"Demand":1.0,"DemandMax":null,"Value":27.372125554400004},{"Length":6.791169,"Height":3.870135,"Demand":1.0,"DemandMax":null,"Value":26.282740837815},{"Length":4.818334,"Height":5.265427,"Demand":1.0,"DemandMax":null,"Value":25.370585938618},{"Length":4.063283,"Height":6.240751,"Demand":1.0,"DemandMax":null,"Value":25.357937445533004},{"Length":5.963742,"Height":4.236548,"Demand":1.0,"DemandMax":null,"Value":25.265679242616},{"Length":3.278047,"Height":7.704407,"Demand":1.0,"DemandMax":null,"Value":25.255408253128998},{"Length":5.314775,"Height":4.738721,"Demand":1.0,"DemandMax":null,"Value":25.185235902775},{"Length":4.591707,"Height":5.122925,"Demand":1.0,"DemandMax":null,"Value":23.522970582975002},{"Length":3.994912,"Height":5.772678,"Demand":1.0,"DemandMax":null,"Value":23.061340614336},{"Length":2.672118,"Height":8.551682,"Demand":1.0,"DemandMax":null,"Value":22.851103402476},{"Length":3.560858,"Height":6.225142,"Demand":1.0,"DemandMax":null,"Value":22.166846691836},{"Length":3.191547,"Height":6.932321,"Demand":1.0,"DemandMax":null,"Value":22.124828290587},{"Length":4.818334,"Height":4.559999,"Demand":1.0,"DemandMax":null,"Value":21.971598221666003},{"Length":4.354806,"Height":5.021444,"Demand":1.0,"DemandMax":null,"Value":21.867414459863998},{"Length":3.490347,"Height":6.25908,"Demand":1.0,"DemandMax":null,"Value":21.84636110076},{"Length":3.391187,"Height":6.225142,"Demand":1.0,"DemandMax":null,"Value":21.110620623554},{"Length":4.864303,"Height":4.314327,"Demand":1.0,"DemandMax":null,"Value":20.986193769080995},{"Length":4.320506,"Height":4.738721,"Demand":1.0,"DemandMax":null,"Value":20.473672512826},{"Length":5.220897,"Height":3.902746,"Demand":1.0,"DemandMax":null,"Value":20.375834883162},{"Length":2.923079,"Height":6.932321,"Demand":1.0,"DemandMax":null,"Value":20.263721936359}]}