{"Name":"Nice24_50","Objects":[{"Length":100.0,"Height":100.0,"Stock":null,"Cost":10000.0}],"Items":[{"Length":15.86699,"Height":38.33829,"Demand":1.0,"DemandMax":null,"Value":608.3132640471},{"Length":36.98939,"Height":14.72797,"Demand":1.0,"DemandMax":null,"Value":544.77862623829992},{"Length":32.60119,"Height":12.97055,"Demand":1.0,"DemandMax":null,"Value":422.85536495450003},{"Length":10.30712,"Height":39.80711,"Demand":1.0,"DemandMax":null,"Value":410.2966596232},{"Length":29.33847,"Height":13.02844,"Demand":1.0,"DemandMax":null,"Value":382.2344960868},{"Length":18.64869,"Height":19.14777,"Demand":1.0,"DemandMax":null,"Value":357.0808269213},{"Length":11.96367,"Height":27.69852,"Demand":1.0,"DemandMax":null,"Value":331.3759527684},{"Length":13.16741,"Height":23.56293,"Demand":1.0,"DemandMax":null,"Value":310.26276011130005},{"Length":29.33847,"Height":10.5454,"Demand":1.0,"DemandMax":null,"Value":309.38590153800004},{"Length":14.80422,"Height":19.64915,"Demand":1.0,"DemandMax":null,"Value":290.890339413},{"Length":11.44861,"Height":23.68035,"Demand":1.0,"DemandMax":null,"Value":271.1070918135},{"Length":19.01612,"Height":13.87119,"Demand":1.0,"DemandMax":null,"Value":263.77621358280004},{"Length":19.01612,"Height":13.82733,"Demand":1.0,"DemandMax":null,"Value":262.9421665596},{"Length":17.77033,"Height":12.97055,"Demand":1.0,"DemandMax":null,"Value":230.4909537815},{"Length":10.38583,"Height":21.13548,"Demand":1.0,"DemandMax":null,"Value":219.50950224840003},{"Length":25.30172,"Height":8.507792,"Demand":1.0,"DemandMax":null,"Value":215.26177100224},{"Length":14.9946,"Height":13.98676,"Demand":1.0,"DemandMax":null,"Value":209.725871496},{"Length":17.41064,"Height":11.56227,"Demand":1.0,"DemandMax":null,"Value":201.3065205528},{"Length":25.30172,"Height":7.89473,"Demand":1.0,"DemandMax":null,"Value":199.7502479356},{"Length":14.60598,"Height":12.78857,"Demand":1.0,"DemandMax":null,"Value":186.7895976486},{"Length":14.9946,"Height":12.06259,"Demand":1.0,"DemandMax":null,"Value":180.873712014},{"Length":10.38583,"Height":17.20282,"Demand":1.0,"DemandMax":null,"Value":178.6655640406},{"Length":8.014824,"Height":21.50966,"Demand":1.0,"DemandMax":null,"Value":172.39613919984},{"Length":25.30172,"Height":6.451183,"Demand":1.0,"DemandMax":null,"Value":163.22602593476},{"Length":18.64869,"Height":8.550744,"Demand":1.0,"DemandMax":null,"Value":159.46017412536},{"Length":10.51591,"Height":15.14749,"Demand":1.0,"DemandMax":null,"Value":159.28964156589998},{"Length":15.50551,"Height":9.640665,"Demand":1.0,"DemandMax":null,"Value":149.48342756415},{"Length":6.717666,"Height":21.50966,"Demand":1.0,"DemandMax":null,"Value":144.49471165356002},{"Length":5.939581,"Height":23.56293,"Demand":1.0,"DemandMax":null,"Value":139.95393133233003},{"Length":11.92783,"Height":11.56227,"Demand":1.0,"DemandMax":null,"Value":137.9127909741},{"Length":19.10699,"Height":6.941357,"Demand":1.0,"DemandMax":null,"Value":132.62843878543},{"Length":15.53958,"Height":8.295008,"Demand":1.0,"DemandMax":null,"Value":128.90094041664},{"Length":14.60598,"Height":8.721089,"Demand":1.0,"DemandMax":null,"Value":127.38005151221999},{"Length":19.10699,"Height":6.564106,"Demand":1.0,"DemandMax":null,"Value":125.42030770094},{"Length":16.35666,"Height":7.360703,"Demand":1.0,"DemandMax":null,"Value":120.39651633198001},{"Length":11.44861,"Height":10.28284,"Demand":1.0,"DemandMax":null,"Value":117.72422485240001},{"Length":13.79889,"Height":8.295008,"Demand":1.0,"DemandMax":null,"Value":114.46190294111999},{"Length":14.80422,"Height":7.680034,"Demand":1.0,"DemandMax":null,"Value":113.69691294348},{"Length":19.10699,"Height":5.903885,"Demand":1.0,"DemandMax":null,"Value":112.80547165614999},{"Length":8.591077,"Height":12.59711,"Demand":1.0,"DemandMax":null,"Value":108.22274198747002},{"Length":19.10699,"Height":5.586479,"Demand":1.0,"DemandMax":null,"Value":106.74079838821},{"Length":14.9946,"Height":7.021425,"Demand":1.0,"DemandMax":null,"Value":105.283459305},{"Length":13.38213,"Height":7.741498,"Demand":1.0,"DemandMax":null,"Value":103.59773263074},{"Length":14.9946,"Height":6.736334,"Demand":1.0,"DemandMax":null,"Value":101.0086337964},{"Length":14.80422,"Height":6.634002,"Demand":1.0,"DemandMax":null,"Value":98.21122508844},{"Length":8.591077,"Height":11.14561,"Demand":1.0,"DemandMax":null,"Value":95.75279372197},{"Length":12.9818,"Height":7.360703,"Demand":1.0,"DemandMax":null,"Value":95.5551742054},{"Length":9.796212,"Height":9.640665,"Demand":1.0,"DemandMax":null,"Value":94.44199816098},{"Length":13.38213,"Height":6.986473,"Demand":1.0,"DemandMax":null,"Value":93.49388992749},{"Length":10.51591,"Height":8.59523,"Demand":1.0,"DemandMax":null,"Value":90.386665109300012}]}