{"Name":"Nice41_100","Objects":[{"Length":100.0,"Height":100.0,"Stock":null,"Cost":10000.0}],"Items":[{"Length":14.41331,"Height":32.20005,"Demand":1.0,"DemandMax":null,"Value":464.10930266549991},{"Length":7.940604,"Height":25.69485,"Demand":1.0,"DemandMax":null,"Value":204.0326286894},{"Length":13.51416,"Height":14.18307,"Demand":1.0,"DemandMax":null,"Value":191.67227727120002},{"Length":18.76217,"Height":9.197003,"Demand":1.0,"DemandMax":null,"Value":172.55573377651},{"Length":24.49152,"Height":6.543183,"Demand":1.0,"DemandMax":null,"Value":160.25249730816},{"Length":10.60982,"Height":14.84666,"Demand":1.0,"DemandMax":null,"Value":157.52039020119997},{"Length":9.334432,"Height":16.20511,"Demand":1.0,"DemandMax":null,"Value":151.26549734752},{"Length":24.49152,"Height":6.155742,"Demand":1.0,"DemandMax":null,"Value":150.76347830784002},{"Length":15.04682,"Height":9.550926,"Demand":1.0,"DemandMax":null,"Value":143.71106435532002},{"Length":14.35109,"Height":9.683962,"Demand":1.0,"DemandMax":null,"Value":138.97541021857998},{"Length":6.022212,"Height":22.51608,"Demand":1.0,"DemandMax":null,"Value":135.59660716896},{"Length":10.40628,"Height":12.84711,"Demand":1.0,"DemandMax":null,"Value":133.69062385080002},{"Length":10.184,"Height":12.8511,"Demand":1.0,"DemandMax":null,"Value":130.8756024},{"Length":14.48806,"Height":8.899857,"Demand":1.0,"DemandMax":null,"Value":128.94166220742002},{"Length":9.020832,"Height":14.26116,"Demand":1.0,"DemandMax":null,"Value":128.64752848512},{"Length":15.78856,"Height":8.065149,"Demand":1.0,"DemandMax":null,"Value":127.33708889544},{"Length":17.38618,"Height":7.105857,"Demand":1.0,"DemandMax":null,"Value":123.54370885626},{"Length":17.38618,"Height":7.077208,"Demand":1.0,"DemandMax":null,"Value":123.04561218543999},{"Length":19.63065,"Height":6.261023,"Demand":1.0,"DemandMax":null,"Value":122.90795115494998},{"Length":12.16606,"Height":10.05762,"Demand":1.0,"DemandMax":null,"Value":122.3616083772},{"Length":12.10886,"Height":10.05762,"Demand":1.0,"DemandMax":null,"Value":121.7863125132},{"Length":6.07211,"Height":19.96703,"Demand":1.0,"DemandMax":null,"Value":121.24200253330001},{"Length":19.63065,"Height":5.900077,"Demand":1.0,"DemandMax":null,"Value":115.82234656005},{"Length":10.65634,"Height":10.40062,"Demand":1.0,"DemandMax":null,"Value":110.8325429308},{"Length":13.42569,"Height":7.916496,"Demand":1.0,"DemandMax":null,"Value":106.28442118224},{"Length":11.10808,"Height":9.550926,"Demand":1.0,"DemandMax":null,"Value":106.09245008207999},{"Length":10.60982,"Height":9.838895,"Demand":1.0,"DemandMax":null,"Value":104.3889049489},{"Length":8.232285,"Height":12.66184,"Demand":1.0,"DemandMax":null,"Value":104.23587550439999},{"Length":10.87074,"Height":9.533995,"Demand":1.0,"DemandMax":null,"Value":103.64158080630001},{"Length":19.63065,"Height":5.258445,"Demand":1.0,"DemandMax":null,"Value":103.22669333924999},{"Length":14.48806,"Height":7.095083,"Demand":1.0,"DemandMax":null,"Value":102.79398820898},{"Length":10.184,"Height":9.921253,"Demand":1.0,"DemandMax":null,"Value":101.038040552},{"Length":13.94083,"Height":7.173166,"Demand":1.0,"DemandMax":null,"Value":99.99988776778001},{"Length":10.8278,"Height":9.174108,"Demand":1.0,"DemandMax":null,"Value":99.3354066024},{"Length":13.76857,"Height":7.173166,"Demand":1.0,"DemandMax":null,"Value":98.76423819262},{"Length":15.59572,"Height":6.284889,"Demand":1.0,"DemandMax":null,"Value":98.01736907508},{"Length":8.328876,"Height":11.76162,"Demand":1.0,"DemandMax":null,"Value":97.961074539119991},{"Length":12.11254,"Height":8.078444,"Demand":1.0,"DemandMax":null,"Value":97.850476087759986},{"Length":7.097378,"Height":13.63036,"Demand":1.0,"DemandMax":null,"Value":96.73981719608},{"Length":10.12578,"Height":9.550926,"Demand":1.0,"DemandMax":null,"Value":96.710575472280013},{"Length":11.65527,"Height":8.278234,"Demand":1.0,"DemandMax":null,"Value":96.48505239318},{"Length":18.41628,"Height":5.159873,"Demand":1.0,"DemandMax":null,"Value":95.02566593244},{"Length":9.020832,"Height":10.42439,"Demand":1.0,"DemandMax":null,"Value":94.03667089248},{"Length":10.32961,"Height":9.031942,"Demand":1.0,"DemandMax":null,"Value":93.296438402620012},{"Length":5.486923,"Height":16.67553,"Demand":1.0,"DemandMax":null,"Value":91.497349094189985},{"Length":13.94941,"Height":6.531097,"Demand":1.0,"DemandMax":null,"Value":91.10494980277},{"Length":8.328876,"Height":10.75446,"Demand":1.0,"DemandMax":null,"Value":89.572563786959989},{"Length":5.835521,"Height":15.29424,"Demand":1.0,"DemandMax":null,"Value":89.24985869904},{"Length":11.65527,"Height":7.563818,"Demand":1.0,"DemandMax":null,"Value":88.158341020860007},{"Length":10.71865,"Height":8.078444,"Demand":1.0,"DemandMax":null,"Value":86.590013780599989},{"Length":12.5768,"Height":6.819304,"Demand":1.0,"DemandMax":null,"Value":85.7650225472},{"Length":7.097378,"Height":12.06449,"Demand":1.0,"DemandMax":null,"Value":85.62624590722},{"Length":18.41628,"Height":4.638885,"Demand":1.0,"DemandMax":null,"Value":85.4310050478},{"Length":11.65527,"Height":7.273568,"Demand":1.0,"DemandMax":null,"Value":84.77539890336},{"Length":8.598181,"Height":9.710051,"Demand":1.0,"DemandMax":null,"Value":83.488776017231},{"Length":8.232285,"Height":10.11051,"Demand":1.0,"DemandMax":null,"Value":83.232599815349985},{"Length":12.86134,"Height":6.464829,"Demand":1.0,"DemandMax":null,"Value":83.14636381086},{"Length":13.4778,"Height":6.147492,"Demand":1.0,"DemandMax":null,"Value":82.854667677599991},{"Length":6.978064,"Height":11.84147,"Demand":1.0,"DemandMax":null,"Value":82.63053551408},{"Length":7.945016,"Height":10.32833,"Demand":1.0,"DemandMax":null,"Value":82.05874710328},{"Length":7.039063,"Height":11.56527,"Demand":1.0,"DemandMax":null,"Value":81.40866414201},{"Length":17.51851,"Height":4.646774,"Demand":1.0,"DemandMax":null,"Value":81.404556786739988},{"Length":17.4879,"Height":4.590788,"Demand":1.0,"DemandMax":null,"Value":80.283241465199993},{"Length":11.65527,"Height":6.885044,"Demand":1.0,"DemandMax":null,"Value":80.24704678188},{"Length":17.4879,"Height":4.583319,"Demand":1.0,"DemandMax":null,"Value":80.1526243401},{"Length":8.873131,"Height":9.031942,"Demand":1.0,"DemandMax":null,"Value":80.141604550402008},{"Length":17.51851,"Height":4.550229,"Demand":1.0,"DemandMax":null,"Value":79.71323223879},{"Length":5.002748,"Height":15.52452,"Demand":1.0,"DemandMax":null,"Value":77.66526138096},{"Length":8.506662,"Height":9.031942,"Demand":1.0,"DemandMax":null,"Value":76.831677797604016},{"Length":7.945016,"Height":9.638695,"Demand":1.0,"DemandMax":null,"Value":76.57958599412},{"Length":5.380343,"Height":14.18307,"Demand":1.0,"DemandMax":null,"Value":76.30978139301},{"Length":4.914102,"Height":15.52452,"Demand":1.0,"DemandMax":null,"Value":76.28907478104},{"Length":11.72563,"Height":6.456631,"Demand":1.0,"DemandMax":null,"Value":75.708066152530009},{"Length":15.78856,"Height":4.782588,"Demand":1.0,"DemandMax":null,"Value":75.510177593279991},{"Length":11.63018,"Height":6.464829,"Demand":1.0,"DemandMax":null,"Value":75.18712493922},{"Length":5.746173,"Height":13.05272,"Demand":1.0,"DemandMax":null,"Value":75.00318724056},{"Length":9.405507,"Height":7.916496,"Demand":1.0,"DemandMax":null,"Value":74.458658543472},{"Length":7.039063,"Height":10.5728,"Demand":1.0,"DemandMax":null,"Value":74.4226052864},{"Length":4.429926,"Height":16.67553,"Demand":1.0,"DemandMax":null,"Value":73.871363910779991},{"Length":4.820823,"Height":15.29424,"Demand":1.0,"DemandMax":null,"Value":73.73082395952},{"Length":11.61389,"Height":6.331733,"Demand":1.0,"DemandMax":null,"Value":73.53605057137},{"Length":11.32617,"Height":6.456631,"Demand":1.0,"DemandMax":null,"Value":73.12890033327},{"Length":7.964985,"Height":9.174108,"Demand":1.0,"DemandMax":null,"Value":73.07163260838},{"Length":11.65527,"Height":6.262755,"Demand":1.0,"DemandMax":null,"Value":72.994100468850007},{"Length":11.43791,"Height":6.331733,"Demand":1.0,"DemandMax":null,"Value":72.42179219803},{"Length":7.545545,"Height":9.533995,"Demand":1.0,"DemandMax":null,"Value":71.939188302275},{"Length":6.978064,"Height":10.2966,"Demand":1.0,"DemandMax":null,"Value":71.8503337824},{"Length":11.77034,"Height":6.087183,"Demand":1.0,"DemandMax":null,"Value":71.648213552219985},{"Length":10.475,"Height":6.819304,"Demand":1.0,"DemandMax":null,"Value":71.432209399999991},{"Length":5.576788,"Height":12.64213,"Demand":1.0,"DemandMax":null,"Value":70.50247887844},{"Length":5.382274,"Height":12.84711,"Demand":1.0,"DemandMax":null,"Value":69.14666612814},{"Length":10.54211,"Height":6.531097,"Demand":1.0,"DemandMax":null,"Value":68.85154299467},{"Length":11.28146,"Height":6.087183,"Demand":1.0,"DemandMax":null,"Value":68.672311527179986},{"Length":5.227626,"Height":13.05272,"Demand":1.0,"DemandMax":null,"Value":68.23473844272},{"Length":5.397011,"Height":12.64213,"Demand":1.0,"DemandMax":null,"Value":68.22971467343},{"Length":11.65527,"Height":5.841684,"Demand":1.0,"DemandMax":null,"Value":68.086404274679992},{"Length":4.251977,"Height":15.99494,"Demand":1.0,"DemandMax":null,"Value":68.01011699638},{"Length":6.997541,"Height":9.710051,"Demand":1.0,"DemandMax":null,"Value":67.946479984591},{"Length":4.151797,"Height":15.99494,"Demand":1.0,"DemandMax":null,"Value":66.40774390718},{"Length":10.79711,"Height":6.147492,"Demand":1.0,"DemandMax":null,"Value":66.37514734812}]}