{"Name":"Nice1_50","Objects":[{"Length":100.0,"Height":100.0,"Stock":null,"Cost":10000.0}],"Items":[{"Length":46.53127,"Height":17.06567,"Demand":1.0,"DemandMax":null,"Value":794.0872985009},{"Length":19.24619,"Height":22.9031,"Demand":1.0,"DemandMax":null,"Value":440.79741418899994},{"Length":20.65838,"Height":19.47804,"Demand":1.0,"DemandMax":null,"Value":402.3847519752},{"Length":19.61884,"Height":19.61116,"Demand":1.0,"DemandMax":null,"Value":384.7482102544},{"Length":14.10577,"Height":21.41732,"Demand":1.0,"DemandMax":null,"Value":302.10778993639997},{"Length":13.63546,"Height":22.14952,"Demand":1.0,"DemandMax":null,"Value":302.0188939792},{"Length":9.135109,"Height":31.94849,"Demand":1.0,"DemandMax":null,"Value":291.85293853541},{"Length":16.32301,"Height":16.25649,"Demand":1.0,"DemandMax":null,"Value":265.3548488349},{"Length":8.950342,"Height":28.96231,"Demand":1.0,"DemandMax":null,"Value":259.22257961002},{"Length":13.63546,"Height":16.93969,"Demand":1.0,"DemandMax":null,"Value":230.98046540739998},{"Length":21.77625,"Height":10.48017,"Demand":1.0,"DemandMax":null,"Value":228.2188019625},{"Length":13.48308,"Height":16.75077,"Demand":1.0,"DemandMax":null,"Value":225.85197197159997},{"Length":10.40637,"Height":21.41732,"Demand":1.0,"DemandMax":null,"Value":222.87655632840003},{"Length":18.37671,"Height":11.89663,"Demand":1.0,"DemandMax":null,"Value":218.6209194873},{"Length":25.32328,"Height":8.614737,"Demand":1.0,"DemandMax":null,"Value":218.15339717736},{"Length":12.97378,"Height":16.75077,"Demand":1.0,"DemandMax":null,"Value":217.32080481059998},{"Length":16.32301,"Height":13.25848,"Demand":1.0,"DemandMax":null,"Value":216.4183016248},{"Length":17.60734,"Height":11.89663,"Demand":1.0,"DemandMax":null,"Value":209.46800926420002},{"Length":10.09655,"Height":19.61116,"Demand":1.0,"DemandMax":null,"Value":198.00505749800004},{"Length":21.48158,"Height":8.997871,"Demand":1.0,"DemandMax":null,"Value":193.28848571618002},{"Length":21.33863,"Height":9.02011,"Demand":1.0,"DemandMax":null,"Value":192.4767898493},{"Length":9.633463,"Height":19.36939,"Demand":1.0,"DemandMax":null,"Value":186.59430189757},{"Length":9.712276,"Height":18.61414,"Demand":1.0,"DemandMax":null,"Value":180.78566518263997},{"Length":16.89076,"Height":9.614314,"Demand":1.0,"DemandMax":null,"Value":162.39307033864},{"Length":9.112337,"Height":16.75077,"Demand":1.0,"DemandMax":null,"Value":152.63866124948999},{"Length":12.10353,"Height":12.59796,"Demand":1.0,"DemandMax":null,"Value":152.4797867988},{"Length":13.82314,"Height":10.99642,"Demand":1.0,"DemandMax":null,"Value":152.00505315880002},{"Length":6.613276,"Height":22.92838,"Demand":1.0,"DemandMax":null,"Value":151.63170517288},{"Length":10.15052,"Height":14.7424,"Demand":1.0,"DemandMax":null,"Value":149.643026048},{"Length":6.813729,"Height":21.41732,"Demand":1.0,"DemandMax":null,"Value":145.93181438628},{"Length":6.085396,"Height":22.92838,"Demand":1.0,"DemandMax":null,"Value":139.52827193848},{"Length":14.43511,"Height":9.614314,"Demand":1.0,"DemandMax":null,"Value":138.78368016454002},{"Length":8.949194,"Height":15.03553,"Demand":1.0,"DemandMax":null,"Value":134.55587486282},{"Length":9.095674,"Height":14.7424,"Demand":1.0,"DemandMax":null,"Value":134.0920643776},{"Length":11.14775,"Height":11.87229,"Demand":1.0,"DemandMax":null,"Value":132.3493208475},{"Length":12.60404,"Height":10.48017,"Demand":1.0,"DemandMax":null,"Value":132.0924818868},{"Length":14.61132,"Height":9.02011,"Demand":1.0,"DemandMax":null,"Value":131.7957136452},{"Length":9.712276,"Height":13.33435,"Demand":1.0,"DemandMax":null,"Value":129.5068874806},{"Length":16.05655,"Height":8.057572,"Demand":1.0,"DemandMax":null,"Value":129.37680769660003},{"Length":11.50015,"Height":10.99642,"Demand":1.0,"DemandMax":null,"Value":126.460479463},{"Length":10.54721,"Height":11.89663,"Demand":1.0,"DemandMax":null,"Value":125.4762549023},{"Length":19.24619,"Height":6.514524,"Demand":1.0,"DemandMax":null,"Value":125.37976666355999},{"Length":12.10353,"Height":10.33042,"Demand":1.0,"DemandMax":null,"Value":125.0345483826},{"Length":8.531988,"Height":14.64505,"Demand":1.0,"DemandMax":null,"Value":124.9513908594},{"Length":8.949194,"Height":13.92678,"Demand":1.0,"DemandMax":null,"Value":124.63345601532001},{"Length":11.14775,"Height":11.05609,"Demand":1.0,"DemandMax":null,"Value":123.2505272975},{"Length":15.26932,"Height":8.057572,"Demand":1.0,"DemandMax":null,"Value":123.03364529104},{"Length":9.633463,"Height":12.5791,"Demand":1.0,"DemandMax":null,"Value":121.18029442330001},{"Length":12.89871,"Height":8.997871,"Demand":1.0,"DemandMax":null,"Value":116.06092864640999},{"Length":7.791021,"Height":14.64505,"Demand":1.0,"DemandMax":null,"Value":114.09989209605}]}