{"Name":"Path46_200","Objects":[{"Length":100.0,"Height":100.0,"Stock":null,"Cost":10000.0}],"Items":[{"Length":33.07901,"Height":51.35651,"Demand":1.0,"DemandMax":null,"Value":1698.8225078550997},{"Length":45.50156,"Height":18.88419,"Demand":1.0,"DemandMax":null,"Value":859.2601043364},{"Length":5.563125,"Height":73.93752,"Demand":1.0,"DemandMax":null,"Value":411.32366595000008},{"Length":12.42255,"Height":23.8584,"Demand":1.0,"DemandMax":null,"Value":296.38216692},{"Length":10.65737,"Height":24.93135,"Demand":1.0,"DemandMax":null,"Value":265.7026215495},{"Length":66.19903,"Height":3.335969,"Demand":1.0,"DemandMax":null,"Value":220.83791191006998},{"Length":16.63462,"Height":12.93304,"Demand":1.0,"DemandMax":null,"Value":215.13620584480003},{"Length":12.42255,"Height":17.0928,"Demand":1.0,"DemandMax":null,"Value":212.33616264},{"Length":44.09016,"Height":3.781925,"Demand":1.0,"DemandMax":null,"Value":166.745678358},{"Length":6.95766,"Height":20.24815,"Demand":1.0,"DemandMax":null,"Value":140.87974332899998},{"Length":66.19903,"Height":1.925766,"Demand":1.0,"DemandMax":null,"Value":127.48384120697999},{"Length":11.94046,"Height":8.830693,"Demand":1.0,"DemandMax":null,"Value":105.44253653878},{"Length":33.07901,"Height":2.871182,"Demand":1.0,"DemandMax":null,"Value":94.97585808982},{"Length":8.123379,"Height":10.90269,"Demand":1.0,"DemandMax":null,"Value":88.56668298951},{"Length":66.19903,"Height":1.278033,"Demand":1.0,"DemandMax":null,"Value":84.60454490798999},{"Length":36.29318,"Height":2.271491,"Demand":1.0,"DemandMax":null,"Value":82.43963173138},{"Length":6.745066,"Height":10.88499,"Demand":1.0,"DemandMax":null,"Value":73.41997595934},{"Length":2.650636,"Height":24.93135,"Demand":1.0,"DemandMax":null,"Value":66.083933838599989},{"Length":8.880001,"Height":7.357719,"Demand":1.0,"DemandMax":null,"Value":65.336552077719},{"Length":16.68701,"Height":3.650515,"Demand":1.0,"DemandMax":null,"Value":60.916180310150004},{"Length":6.432351,"Height":9.172771,"Demand":1.0,"DemandMax":null,"Value":59.002482714620989},{"Length":8.520887,"Height":6.686203,"Demand":1.0,"DemandMax":null,"Value":56.972380222061},{"Length":7.952767,"Height":7.162616,"Demand":1.0,"DemandMax":null,"Value":56.962616158471995},{"Length":12.42255,"Height":4.537773,"Demand":1.0,"DemandMax":null,"Value":56.370711981149995},{"Length":12.42255,"Height":4.421258,"Demand":1.0,"DemandMax":null,"Value":54.9232985679},{"Length":36.29318,"Height":1.379023,"Demand":1.0,"DemandMax":null,"Value":50.049129963140004},{"Length":1.080992,"Height":44.14222,"Demand":1.0,"DemandMax":null,"Value":47.71738668224},{"Length":66.19903,"Height":0.7124103,"Demand":1.0,"DemandMax":null,"Value":47.160870822009},{"Length":7.17069,"Height":6.550443,"Demand":1.0,"DemandMax":null,"Value":46.97119611567},{"Length":2.278906,"Height":19.55168,"Demand":1.0,"DemandMax":null,"Value":44.55644086208},{"Length":8.520887,"Height":5.114608,"Demand":1.0,"DemandMax":null,"Value":43.580996817296},{"Length":32.11812,"Height":1.283014,"Demand":1.0,"DemandMax":null,"Value":41.20799761368},{"Length":9.746424,"Height":4.222814,"Demand":1.0,"DemandMax":null,"Value":41.157335717135993},{"Length":9.064886,"Height":4.507091,"Demand":1.0,"DemandMax":null,"Value":40.856266106625995},{"Length":1.304746,"Height":30.98071,"Demand":1.0,"DemandMax":null,"Value":40.42195744966},{"Length":6.537419,"Height":5.893429,"Demand":1.0,"DemandMax":null,"Value":38.527814719751},{"Length":3.88047,"Height":9.859068,"Demand":1.0,"DemandMax":null,"Value":38.25781760196},{"Length":45.50156,"Height":0.8256415,"Demand":1.0,"DemandMax":null,"Value":37.56797625074},{"Length":6.95766,"Height":5.161799,"Demand":1.0,"DemandMax":null,"Value":35.914042430340004},{"Length":8.520887,"Height":4.20901,"Demand":1.0,"DemandMax":null,"Value":35.86449859187},{"Length":3.283526,"Height":10.90269,"Demand":1.0,"DemandMax":null,"Value":35.79926608494},{"Length":11.36447,"Height":3.113151,"Demand":1.0,"DemandMax":null,"Value":35.379311144969996},{"Length":1.511055,"Height":23.338,"Demand":1.0,"DemandMax":null,"Value":35.265001590000004},{"Length":2.69134,"Height":12.78986,"Demand":1.0,"DemandMax":null,"Value":34.421861812399996},{"Length":3.107589,"Height":10.90269,"Demand":1.0,"DemandMax":null,"Value":33.88107951441},{"Length":5.739181,"Height":5.893429,"Demand":1.0,"DemandMax":null,"Value":33.823455741649006},{"Length":12.2766,"Height":2.733315,"Demand":1.0,"DemandMax":null,"Value":33.555814929},{"Length":5.30682,"Height":6.228478,"Demand":1.0,"DemandMax":null,"Value":33.05341161996},{"Length":5.701973,"Height":5.768856,"Demand":1.0,"DemandMax":null,"Value":32.893861152888},{"Length":1.060994,"Height":30.98071,"Demand":1.0,"DemandMax":null,"Value":32.87034742574},{"Length":8.399039,"Height":3.808262,"Demand":1.0,"DemandMax":null,"Value":31.985741060218},{"Length":0.787317,"Height":40.42025,"Demand":1.0,"DemandMax":null,"Value":31.823549969250003},{"Length":3.984571,"Height":7.984666,"Demand":1.0,"DemandMax":null,"Value":31.815468588286},{"Length":20.02445,"Height":1.586961,"Demand":1.0,"DemandMax":null,"Value":31.778021196450005},{"Length":2.892347,"Height":10.90269,"Demand":1.0,"DemandMax":null,"Value":31.53436271343},{"Length":4.729805,"Height":6.645536,"Demand":1.0,"DemandMax":null,"Value":31.43208940048},{"Length":1.260875,"Height":24.89624,"Demand":1.0,"DemandMax":null,"Value":31.391046609999997},{"Length":12.2766,"Height":2.535791,"Demand":1.0,"DemandMax":null,"Value":31.130891790600003},{"Length":5.701973,"Height":5.455213,"Demand":1.0,"DemandMax":null,"Value":31.105477235248998},{"Length":8.880001,"Height":3.482584,"Demand":1.0,"DemandMax":null,"Value":30.925349402584},{"Length":7.079151,"Height":4.365406,"Demand":1.0,"DemandMax":null,"Value":30.903368250306002},{"Length":2.391281,"Height":12.78986,"Demand":1.0,"DemandMax":null,"Value":30.58414921066},{"Length":10.13582,"Height":2.934372,"Demand":1.0,"DemandMax":null,"Value":29.742266405040006},{"Length":29.17208,"Height":1.00943,"Demand":1.0,"DemandMax":null,"Value":29.447172714400004},{"Length":12.2766,"Height":2.384029,"Demand":1.0,"DemandMax":null,"Value":29.2677704214},{"Length":13.21884,"Height":2.208245,"Demand":1.0,"DemandMax":null,"Value":29.1904373358},{"Length":2.655589,"Height":10.90269,"Demand":1.0,"DemandMax":null,"Value":28.95306363441},{"Length":8.520887,"Height":3.388113,"Demand":1.0,"DemandMax":null,"Value":28.869728016231},{"Length":7.192346,"Height":4.009734,"Demand":1.0,"DemandMax":null,"Value":28.839394295964},{"Length":6.325696,"Height":4.507091,"Demand":1.0,"DemandMax":null,"Value":28.510487510336},{"Length":7.952767,"Height":3.581522,"Demand":1.0,"DemandMax":null,"Value":28.483009971374},{"Length":4.462369,"Height":6.342423,"Demand":1.0,"DemandMax":null,"Value":28.302231780087},{"Length":0.9444112,"Height":29.79531,"Demand":1.0,"DemandMax":null,"Value":28.139024471472002},{"Length":2.870146,"Height":9.767126,"Demand":1.0,"DemandMax":null,"Value":28.033077620396},{"Length":1.082487,"Height":25.83246,"Demand":1.0,"DemandMax":null,"Value":27.96330212802},{"Length":0.5753556,"Height":48.10506,"Demand":1.0,"DemandMax":null,"Value":27.677515659336},{"Length":9.322307,"Height":2.934372,"Demand":1.0,"DemandMax":null,"Value":27.355116636204002},{"Length":1.35665,"Height":20.0691,"Demand":1.0,"DemandMax":null,"Value":27.226744514999996},{"Length":0.8783178,"Height":30.98071,"Demand":1.0,"DemandMax":null,"Value":27.210909049638},{"Length":17.90077,"Height":1.513155,"Demand":1.0,"DemandMax":null,"Value":27.086639629350003},{"Length":0.6669152,"Height":40.42025,"Demand":1.0,"DemandMax":null,"Value":26.956879112800003},{"Length":4.640418,"Height":5.790754,"Demand":1.0,"DemandMax":null,"Value":26.871519095172},{"Length":3.124566,"Height":8.572898,"Demand":1.0,"DemandMax":null,"Value":26.786585612268002},{"Length":1.991948,"Height":13.43998,"Demand":1.0,"DemandMax":null,"Value":26.77174128104},{"Length":9.746424,"Height":2.695575,"Demand":1.0,"DemandMax":null,"Value":26.272216873799998},{"Length":1.08223,"Height":24.02342,"Demand":1.0,"DemandMax":null,"Value":25.998865826600003},{"Length":1.511055,"Height":17.08225,"Demand":1.0,"DemandMax":null,"Value":25.81221927375},{"Length":17.90077,"Height":1.421217,"Demand":1.0,"DemandMax":null,"Value":25.44087863709},{"Length":12.2766,"Height":2.063786,"Demand":1.0,"DemandMax":null,"Value":25.3362752076},{"Length":17.71369,"Height":1.425721,"Demand":1.0,"DemandMax":null,"Value":25.25477982049},{"Length":3.131826,"Height":8.036492,"Demand":1.0,"DemandMax":null,"Value":25.168894594392004},{"Length":3.207023,"Height":7.785957,"Demand":1.0,"DemandMax":null,"Value":24.969743176011},{"Length":5.30682,"Height":4.674215,"Demand":1.0,"DemandMax":null,"Value":24.8052176463},{"Length":2.266431,"Height":10.8403,"Demand":1.0,"DemandMax":null,"Value":24.568791969299998},{"Length":0.5071315,"Height":48.10506,"Demand":1.0,"DemandMax":null,"Value":24.39559123539},{"Length":5.370977,"Height":4.517359,"Demand":1.0,"DemandMax":null,"Value":24.262631289743},{"Length":5.855676,"Height":4.142845,"Demand":1.0,"DemandMax":null,"Value":24.25915803822},{"Length":11.97204,"Height":2.023144,"Demand":1.0,"DemandMax":null,"Value":24.221160893759997},{"Length":2.452815,"Height":9.842041,"Demand":1.0,"DemandMax":null,"Value":24.140705795415002},{"Length":1.557912,"Height":15.47679,"Demand":1.0,"DemandMax":null,"Value":24.11147686248},{"Length":1.632143,"Height":14.69211,"Demand":1.0,"DemandMax":null,"Value":23.979624491729997},{"Length":3.367816,"Height":7.071157,"Demand":1.0,"DemandMax":null,"Value":23.814355683112},{"Length":32.11812,"Height":0.7401298,"Demand":1.0,"DemandMax":null,"Value":23.771577731975995},{"Length":6.416418,"Height":3.681298,"Demand":1.0,"DemandMax":null,"Value":23.620746750564},{"Length":7.952767,"Height":2.95223,"Demand":1.0,"DemandMax":null,"Value":23.47839732041},{"Length":2.161571,"Height":10.8403,"Demand":1.0,"DemandMax":null,"Value":23.432078111299997},{"Length":2.652482,"Height":8.830693,"Demand":1.0,"DemandMax":null,"Value":23.423254230026},{"Length":1.043669,"Height":22.39487,"Demand":1.0,"DemandMax":null,"Value":23.37283157803},{"Length":0.6530781,"Height":35.77165,"Demand":1.0,"DemandMax":null,"Value":23.361681215865},{"Length":4.561285,"Height":5.105567,"Demand":1.0,"DemandMax":null,"Value":23.287946173595},{"Length":1.99417,"Height":11.66938,"Demand":1.0,"DemandMax":null,"Value":23.2707275146},{"Length":1.738563,"Height":13.33696,"Demand":1.0,"DemandMax":null,"Value":23.18714518848},{"Length":15.39058,"Height":1.479926,"Demand":1.0,"DemandMax":null,"Value":22.77691949708},{"Length":5.197449,"Height":4.365406,"Demand":1.0,"DemandMax":null,"Value":22.688975049294},{"Length":5.275566,"Height":4.270666,"Demand":1.0,"DemandMax":null,"Value":22.530180346956005},{"Length":3.269957,"Height":6.886438,"Demand":1.0,"DemandMax":null,"Value":22.518356143166},{"Length":1.563227,"Height":14.37905,"Demand":1.0,"DemandMax":null,"Value":22.477719194349998},{"Length":11.36447,"Height":1.973712,"Demand":1.0,"DemandMax":null,"Value":22.43019081264},{"Length":3.88047,"Height":5.773728,"Demand":1.0,"DemandMax":null,"Value":22.40477829216},{"Length":0.5054286,"Height":44.14222,"Demand":1.0,"DemandMax":null,"Value":22.310740455492002},{"Length":3.124566,"Height":7.129651,"Demand":1.0,"DemandMax":null,"Value":22.277065106466},{"Length":12.2766,"Height":1.810356,"Demand":1.0,"DemandMax":null,"Value":22.2250164696},{"Length":1.702869,"Height":13.03026,"Demand":1.0,"DemandMax":null,"Value":22.18882581594},{"Length":6.167407,"Height":3.56448,"Demand":1.0,"DemandMax":null,"Value":21.98359890336},{"Length":2.72385,"Height":8.036492,"Demand":1.0,"DemandMax":null,"Value":21.890198734200002},{"Length":6.109193,"Height":3.56448,"Demand":1.0,"DemandMax":null,"Value":21.776096264640003},{"Length":1.557912,"Height":13.89635,"Demand":1.0,"DemandMax":null,"Value":21.6492904212},{"Length":6.085591,"Height":3.554067,"Demand":1.0,"DemandMax":null,"Value":21.628598148597},{"Length":0.6028426,"Height":35.77165,"Demand":1.0,"DemandMax":null,"Value":21.56467449229},{"Length":2.187603,"Height":9.842041,"Demand":1.0,"DemandMax":null,"Value":21.530478417723003},{"Length":1.973154,"Height":10.90269,"Demand":1.0,"DemandMax":null,"Value":21.51268638426},{"Length":1.563227,"Height":13.64276,"Demand":1.0,"DemandMax":null,"Value":21.32673078652},{"Length":3.559487,"Height":5.987017,"Demand":1.0,"DemandMax":null,"Value":21.310709180278998},{"Length":17.71369,"Height":1.198256,"Demand":1.0,"DemandMax":null,"Value":21.22553532464},{"Length":1.991948,"Height":10.58344,"Demand":1.0,"DemandMax":null,"Value":21.08166214112},{"Length":11.36447,"Height":1.831526,"Demand":1.0,"DemandMax":null,"Value":20.81432228122},{"Length":44.09016,"Height":0.4705896,"Demand":1.0,"DemandMax":null,"Value":20.748370758335998},{"Length":3.653575,"Height":5.652801,"Demand":1.0,"DemandMax":null,"Value":20.652932413575},{"Length":2.648653,"Height":7.785957,"Demand":1.0,"DemandMax":null,"Value":20.622298365920997},{"Length":0.5739954,"Height":35.77165,"Demand":1.0,"DemandMax":null,"Value":20.532762550410002},{"Length":5.084254,"Height":4.009734,"Demand":1.0,"DemandMax":null,"Value":20.386506128435997},{"Length":0.5695036,"Height":35.77165,"Demand":1.0,"DemandMax":null,"Value":20.37208345294},{"Length":3.653575,"Height":5.571268,"Demand":1.0,"DemandMax":null,"Value":20.3550454831},{"Length":6.085591,"Height":3.332371,"Demand":1.0,"DemandMax":null,"Value":20.279446966261002},{"Length":6.603246,"Height":3.052645,"Demand":1.0,"DemandMax":null,"Value":20.15736588567},{"Length":4.729805,"Height":4.257157,"Demand":1.0,"DemandMax":null,"Value":20.135522464385},{"Length":6.552704,"Height":3.052645,"Demand":1.0,"DemandMax":null,"Value":20.00307910208},{"Length":5.855676,"Height":3.405172,"Demand":1.0,"DemandMax":null,"Value":19.939583956272},{"Length":12.2766,"Height":1.620387,"Demand":1.0,"DemandMax":null,"Value":19.8928430442},{"Length":44.09016,"Height":0.4498205,"Demand":1.0,"DemandMax":null,"Value":19.832657816279998},{"Length":22.98283,"Height":0.8603297,"Demand":1.0,"DemandMax":null,"Value":19.772811239051},{"Length":12.49266,"Height":1.573165,"Demand":1.0,"DemandMax":null,"Value":19.6530154689},{"Length":1.260875,"Height":15.52401,"Demand":1.0,"DemandMax":null,"Value":19.57383610875},{"Length":2.943806,"Height":6.647513,"Demand":1.0,"DemandMax":null,"Value":19.568988654477998},{"Length":5.855676,"Height":3.331112,"Demand":1.0,"DemandMax":null,"Value":19.505912591712},{"Length":12.25639,"Height":1.586961,"Demand":1.0,"DemandMax":null,"Value":19.45041293079},{"Length":2.91187,"Height":6.647513,"Demand":1.0,"DemandMax":null,"Value":19.35669367931},{"Length":1.775821,"Height":10.88499,"Demand":1.0,"DemandMax":null,"Value":19.329793826790002},{"Length":0.47471,"Height":40.42025,"Demand":1.0,"DemandMax":null,"Value":19.187896877500002},{"Length":0.6420097,"Height":29.79531,"Demand":1.0,"DemandMax":null,"Value":19.128878034507},{"Length":29.17208,"Height":0.6545498,"Demand":1.0,"DemandMax":null,"Value":19.094579129583998},{"Length":13.21884,"Height":1.44227,"Demand":1.0,"DemandMax":null,"Value":19.0651363668},{"Length":1.167646,"Height":16.21998,"Demand":1.0,"DemandMax":null,"Value":18.93919476708},{"Length":1.728763,"Height":10.90269,"Demand":1.0,"DemandMax":null,"Value":18.84816707247},{"Length":1.043669,"Height":18.02538,"Demand":1.0,"DemandMax":null,"Value":18.81253031922},{"Length":7.17069,"Height":2.622328,"Demand":1.0,"DemandMax":null,"Value":18.80390116632},{"Length":11.80932,"Height":1.586961,"Demand":1.0,"DemandMax":null,"Value":18.74093027652},{"Length":11.71029,"Height":1.600366,"Demand":1.0,"DemandMax":null,"Value":18.74074996614},{"Length":17.71369,"Height":1.05732,"Demand":1.0,"DemandMax":null,"Value":18.7290387108},{"Length":29.17208,"Height":0.6417392,"Demand":1.0,"DemandMax":null,"Value":18.720867281535998},{"Length":1.702869,"Height":10.99315,"Demand":1.0,"DemandMax":null,"Value":18.71989434735},{"Length":3.08845,"Height":6.038209,"Demand":1.0,"DemandMax":null,"Value":18.64870658605},{"Length":5.370977,"Height":3.467307,"Demand":1.0,"DemandMax":null,"Value":18.622826148938998},{"Length":6.119917,"Height":3.041131,"Demand":1.0,"DemandMax":null,"Value":18.611469306127},{"Length":1.738563,"Height":10.68646,"Demand":1.0,"DemandMax":null,"Value":18.57908395698},{"Length":5.041972,"Height":3.681298,"Demand":1.0,"DemandMax":null,"Value":18.561001439656},{"Length":4.561285,"Height":4.067204,"Demand":1.0,"DemandMax":null,"Value":18.551676597140002},{"Length":12.42255,"Height":1.491596,"Demand":1.0,"DemandMax":null,"Value":18.5294258898},{"Length":1.767917,"Height":10.45732,"Demand":1.0,"DemandMax":null,"Value":18.48767380244},{"Length":12.49266,"Height":1.479479,"Demand":1.0,"DemandMax":null,"Value":18.48262812414},{"Length":0.7634603,"Height":24.02342,"Demand":1.0,"DemandMax":null,"Value":18.340927440226},{"Length":8.399039,"Height":2.178755,"Demand":1.0,"DemandMax":null,"Value":18.299448216445},{"Length":1.238003,"Height":14.69211,"Demand":1.0,"DemandMax":null,"Value":18.188876256329998},{"Length":6.95766,"Height":2.611851,"Demand":1.0,"DemandMax":null,"Value":18.17237122866},{"Length":21.10733,"Height":0.8603297,"Demand":1.0,"DemandMax":null,"Value":18.159262886701},{"Length":12.42255,"Height":1.457862,"Demand":1.0,"DemandMax":null,"Value":18.1103635881},{"Length":2.041676,"Height":8.830693,"Demand":1.0,"DemandMax":null,"Value":18.029413961468},{"Length":6.119917,"Height":2.945885,"Demand":1.0,"DemandMax":null,"Value":18.028571691545},{"Length":1.11126,"Height":16.21998,"Demand":1.0,"DemandMax":null,"Value":18.0246149748},{"Length":7.952767,"Height":2.264642,"Demand":1.0,"DemandMax":null,"Value":18.010170164414},{"Length":2.816702,"Height":6.342423,"Demand":1.0,"DemandMax":null,"Value":17.864715548946},{"Length":2.487859,"Height":7.071157,"Demand":1.0,"DemandMax":null,"Value":17.592041582863},{"Length":4.079982,"Height":4.270666,"Demand":1.0,"DemandMax":null,"Value":17.424240408012004},{"Length":3.08845,"Height":5.631176,"Demand":1.0,"DemandMax":null,"Value":17.3916055172},{"Length":0.5592577,"Height":30.98071,"Demand":1.0,"DemandMax":null,"Value":17.326200618966997},{"Length":1.557912,"Height":11.04711,"Demand":1.0,"DemandMax":null,"Value":17.21042523432},{"Length":0.5547031,"Height":30.98071,"Demand":1.0,"DemandMax":null,"Value":17.185095877201},{"Length":11.71029,"Height":1.452279,"Demand":1.0,"DemandMax":null,"Value":17.006608250910002},{"Length":12.42255,"Height":1.368009,"Demand":1.0,"DemandMax":null,"Value":16.99416020295},{"Length":1.767917,"Height":9.611788,"Demand":1.0,"DemandMax":null,"Value":16.992843405596002}]}