{"Name":"Nice20_200","Objects":[{"Length":100.0,"Height":100.0,"Stock":null,"Cost":10000.0}],"Items":[{"Length":15.42399,"Height":12.16351,"Demand":1.0,"DemandMax":null,"Value":187.60985660490002},{"Length":13.46496,"Height":13.58386,"Demand":1.0,"DemandMax":null,"Value":182.90613154559998},{"Length":11.38093,"Height":12.43657,"Demand":1.0,"DemandMax":null,"Value":141.53973261009998},{"Length":11.30625,"Height":10.85823,"Demand":1.0,"DemandMax":null,"Value":122.76586293750002},{"Length":14.20464,"Height":8.601112,"Demand":1.0,"DemandMax":null,"Value":122.17569955968},{"Length":9.981174,"Height":11.46216,"Demand":1.0,"DemandMax":null,"Value":114.40581337584},{"Length":12.046,"Height":9.432617,"Demand":1.0,"DemandMax":null,"Value":113.625304382},{"Length":12.08804,"Height":8.693349,"Demand":1.0,"DemandMax":null,"Value":105.08555044596},{"Length":11.01387,"Height":9.493636,"Demand":1.0,"DemandMax":null,"Value":104.56167273132002},{"Length":12.87761,"Height":8.107392,"Demand":1.0,"DemandMax":null,"Value":104.40383229312002},{"Length":5.39315,"Height":18.59667,"Demand":1.0,"DemandMax":null,"Value":100.29463081050001},{"Length":18.78329,"Height":5.302101,"Demand":1.0,"DemandMax":null,"Value":99.59090069229},{"Length":5.906511,"Height":16.28919,"Demand":1.0,"DemandMax":null,"Value":96.212279916090012},{"Length":9.760314,"Height":9.833078,"Demand":1.0,"DemandMax":null,"Value":95.973928866492},{"Length":6.10823,"Height":15.48439,"Demand":1.0,"DemandMax":null,"Value":94.5822155297},{"Length":15.42399,"Height":6.045698,"Demand":1.0,"DemandMax":null,"Value":93.24878549502},{"Length":7.410293,"Height":12.53545,"Demand":1.0,"DemandMax":null,"Value":92.89135738685},{"Length":8.730145,"Height":10.41977,"Demand":1.0,"DemandMax":null,"Value":90.96610296665},{"Length":15.42399,"Height":5.877988,"Demand":1.0,"DemandMax":null,"Value":90.66202813212},{"Length":7.983058,"Height":10.92625,"Demand":1.0,"DemandMax":null,"Value":87.2248874725},{"Length":17.84226,"Height":4.848055,"Demand":1.0,"DemandMax":null,"Value":86.500257804299991},{"Length":4.677751,"Height":18.36105,"Demand":1.0,"DemandMax":null,"Value":85.888419998549992},{"Length":9.469957,"Height":9.036134,"Demand":1.0,"DemandMax":null,"Value":85.571800426238013},{"Length":7.966853,"Height":10.73572,"Demand":1.0,"DemandMax":null,"Value":85.529903089160015},{"Length":8.744686,"Height":9.493636,"Demand":1.0,"DemandMax":null,"Value":83.018865818296},{"Length":12.50163,"Height":6.417453,"Demand":1.0,"DemandMax":null,"Value":80.22862294839},{"Length":7.917022,"Height":9.876381,"Demand":1.0,"DemandMax":null,"Value":78.191525657382},{"Length":4.67322,"Height":16.50532,"Demand":1.0,"DemandMax":null,"Value":77.1329915304},{"Length":12.50848,"Height":6.054278,"Demand":1.0,"DemandMax":null,"Value":75.72981527744},{"Length":14.15053,"Height":5.351479,"Demand":1.0,"DemandMax":null,"Value":75.72626413387},{"Length":7.983058,"Height":9.07506,"Demand":1.0,"DemandMax":null,"Value":72.44673033348},{"Length":4.605141,"Height":15.48439,"Demand":1.0,"DemandMax":null,"Value":71.30779924899},{"Length":11.08317,"Height":6.330132,"Demand":1.0,"DemandMax":null,"Value":70.15792907844},{"Length":16.56501,"Height":4.203773,"Demand":1.0,"DemandMax":null,"Value":69.63554178273},{"Length":7.700302,"Height":8.78073,"Demand":1.0,"DemandMax":null,"Value":67.61427278046},{"Length":8.6259,"Height":7.728357,"Demand":1.0,"DemandMax":null,"Value":66.6640346463},{"Length":4.08166,"Height":16.24652,"Demand":1.0,"DemandMax":null,"Value":66.312770823200012},{"Length":8.362121,"Height":7.895854,"Demand":1.0,"DemandMax":null,"Value":66.026086546334},{"Length":11.46429,"Height":5.651332,"Demand":1.0,"DemandMax":null,"Value":64.78850893428},{"Length":7.893286,"Height":8.119456,"Demand":1.0,"DemandMax":null,"Value":64.08918837241599},{"Length":4.797395,"Height":13.34691,"Demand":1.0,"DemandMax":null,"Value":64.03039929945},{"Length":7.446834,"Height":8.409681,"Demand":1.0,"DemandMax":null,"Value":62.625498399954004},{"Length":13.70328,"Height":4.48599,"Demand":1.0,"DemandMax":null,"Value":61.4727770472},{"Length":7.893286,"Height":7.784431,"Demand":1.0,"DemandMax":null,"Value":61.444740230265992},{"Length":4.108382,"Height":14.93037,"Demand":1.0,"DemandMax":null,"Value":61.339663361339994},{"Length":4.322488,"Height":14.05766,"Demand":1.0,"DemandMax":null,"Value":60.76406665808},{"Length":4.223858,"Height":14.31073,"Demand":1.0,"DemandMax":null,"Value":60.446491396339994},{"Length":9.760314,"Height":6.052816,"Demand":1.0,"DemandMax":null,"Value":59.077384744224},{"Length":10.89484,"Height":5.400909,"Demand":1.0,"DemandMax":null,"Value":58.842039409560009},{"Length":5.474414,"Height":10.71547,"Demand":1.0,"DemandMax":null,"Value":58.66091898458},{"Length":10.80396,"Height":5.398877,"Demand":1.0,"DemandMax":null,"Value":58.329251152919994},{"Length":11.30625,"Height":5.027663,"Demand":1.0,"DemandMax":null,"Value":56.844014793750006},{"Length":3.959714,"Height":14.31073,"Demand":1.0,"DemandMax":null,"Value":56.66639793122},{"Length":5.188584,"Height":10.69098,"Demand":1.0,"DemandMax":null,"Value":55.471047772319992},{"Length":11.0787,"Height":4.997625,"Demand":1.0,"DemandMax":null,"Value":55.3671880875},{"Length":7.437651,"Height":7.354192,"Demand":1.0,"DemandMax":null,"Value":54.697913482992},{"Length":6.181991,"Height":8.779809,"Demand":1.0,"DemandMax":null,"Value":54.276700219719004},{"Length":10.94678,"Height":4.876659,"Demand":1.0,"DemandMax":null,"Value":53.383713208020005},{"Length":6.390883,"Height":8.310408,"Demand":1.0,"DemandMax":null,"Value":53.110845210264},{"Length":6.423854,"Height":8.267127,"Demand":1.0,"DemandMax":null,"Value":53.106816847458006},{"Length":8.2229,"Height":6.248268,"Demand":1.0,"DemandMax":null,"Value":51.3788829372},{"Length":8.873789,"Height":5.758444,"Demand":1.0,"DemandMax":null,"Value":51.099217024316005},{"Length":14.20464,"Height":3.574641,"Demand":1.0,"DemandMax":null,"Value":50.77648853424},{"Length":4.69508,"Height":10.80788,"Demand":1.0,"DemandMax":null,"Value":50.7438612304},{"Length":3.730595,"Height":13.58386,"Demand":1.0,"DemandMax":null,"Value":50.6758801967},{"Length":7.624394,"Height":6.58641,"Demand":1.0,"DemandMax":null,"Value":50.21738488554},{"Length":7.277101,"Height":6.856299,"Demand":1.0,"DemandMax":null,"Value":49.893980309199},{"Length":5.217936,"Height":9.493636,"Demand":1.0,"DemandMax":null,"Value":49.537185055296},{"Length":3.560894,"Height":13.63815,"Demand":1.0,"DemandMax":null,"Value":48.564006506099993},{"Length":10.9015,"Height":4.450012,"Demand":1.0,"DemandMax":null,"Value":48.511805818000006},{"Length":4.206285,"Height":11.4993,"Demand":1.0,"DemandMax":null,"Value":48.3693331005},{"Length":7.437651,"Height":6.499734,"Demand":1.0,"DemandMax":null,"Value":48.342753084834},{"Length":5.188584,"Height":9.310332,"Demand":1.0,"DemandMax":null,"Value":48.307439649888},{"Length":4.728446,"Height":9.981354,"Demand":1.0,"DemandMax":null,"Value":47.196293395884},{"Length":8.119421,"Height":5.77295,"Demand":1.0,"DemandMax":null,"Value":46.87301146195},{"Length":5.822072,"Height":7.988075,"Demand":1.0,"DemandMax":null,"Value":46.5071477914},{"Length":3.87325,"Height":11.99505,"Demand":1.0,"DemandMax":null,"Value":46.459827412500005},{"Length":3.864276,"Height":11.99505,"Demand":1.0,"DemandMax":null,"Value":46.3521838338},{"Length":9.034863,"Height":5.099563,"Demand":1.0,"DemandMax":null,"Value":46.073853064869},{"Length":4.212281,"Height":10.86881,"Demand":1.0,"DemandMax":null,"Value":45.78248185561},{"Length":7.437651,"Height":6.147384,"Demand":1.0,"DemandMax":null,"Value":45.722096754983994},{"Length":10.9015,"Height":4.165308,"Demand":1.0,"DemandMax":null,"Value":45.408105162},{"Length":9.981174,"Height":4.544655,"Demand":1.0,"DemandMax":null,"Value":45.360992324969992},{"Length":5.554628,"Height":8.107392,"Demand":1.0,"DemandMax":null,"Value":45.033546610176},{"Length":7.34516,"Height":6.054278,"Demand":1.0,"DemandMax":null,"Value":44.46964059448},{"Length":9.02515,"Height":4.915346,"Demand":1.0,"DemandMax":null,"Value":44.361734951900004},{"Length":8.119421,"Height":5.336563,"Demand":1.0,"DemandMax":null,"Value":43.329801690023004},{"Length":7.410293,"Height":5.825603,"Demand":1.0,"DemandMax":null,"Value":43.169425131679},{"Length":3.993027,"Height":10.80788,"Demand":1.0,"DemandMax":null,"Value":43.156156652760004},{"Length":4.684807,"Height":9.130367,"Demand":1.0,"DemandMax":null,"Value":42.774007234169},{"Length":4.731233,"Height":9.036134,"Demand":1.0,"DemandMax":null,"Value":42.752055373222},{"Length":7.421777,"Height":5.741426,"Demand":1.0,"DemandMax":null,"Value":42.611583434001993},{"Length":7.888449,"Height":5.400909,"Demand":1.0,"DemandMax":null,"Value":42.604795200141},{"Length":9.039708,"Height":4.712485,"Demand":1.0,"DemandMax":null,"Value":42.59948835438},{"Length":8.823592,"Height":4.822834,"Demand":1.0,"DemandMax":null,"Value":42.554719499728},{"Length":7.312878,"Height":5.741426,"Demand":1.0,"DemandMax":null,"Value":41.986347884028},{"Length":11.0787,"Height":3.782184,"Demand":1.0,"DemandMax":null,"Value":41.9016818808},{"Length":5.922974,"Height":7.065094,"Demand":1.0,"DemandMax":null,"Value":41.846368069556},{"Length":7.618412,"Height":5.480075,"Demand":1.0,"DemandMax":null,"Value":41.749469140900004},{"Length":8.802552,"Height":4.712485,"Demand":1.0,"DemandMax":null,"Value":41.48189426172},{"Length":6.470271,"Height":6.365702,"Demand":1.0,"DemandMax":null,"Value":41.187817045242},{"Length":4.606447,"Height":8.931546,"Demand":1.0,"DemandMax":null,"Value":41.142693277062008},{"Length":4.289979,"Height":9.495515,"Demand":1.0,"DemandMax":null,"Value":40.735559944184992},{"Length":7.429003,"Height":5.480075,"Demand":1.0,"DemandMax":null,"Value":40.711493615225},{"Length":7.917022,"Height":5.117015,"Demand":1.0,"DemandMax":null,"Value":40.511520329330004},{"Length":3.704741,"Height":10.86881,"Demand":1.0,"DemandMax":null,"Value":40.266126028209996},{"Length":3.494018,"Height":11.4993,"Demand":1.0,"DemandMax":null,"Value":40.1787611874},{"Length":11.38093,"Height":3.530255,"Demand":1.0,"DemandMax":null,"Value":40.177585037149996},{"Length":5.00339,"Height":7.893663,"Demand":1.0,"DemandMax":null,"Value":39.495074517569996},{"Length":6.967949,"Height":5.651332,"Demand":1.0,"DemandMax":null,"Value":39.378193158068},{"Length":5.077383,"Height":7.728357,"Demand":1.0,"DemandMax":null,"Value":39.239828449731},{"Length":7.98719,"Height":4.885096,"Demand":1.0,"DemandMax":null,"Value":39.01818992024},{"Length":4.251786,"Height":9.130367,"Demand":1.0,"DemandMax":null,"Value":38.820366585462},{"Length":4.59917,"Height":8.409681,"Demand":1.0,"DemandMax":null,"Value":38.677552564770004},{"Length":4.299965,"Height":8.961064,"Demand":1.0,"DemandMax":null,"Value":38.532261562760006},{"Length":6.0614,"Height":6.330132,"Demand":1.0,"DemandMax":null,"Value":38.3694621048},{"Length":4.820025,"Height":7.893663,"Demand":1.0,"DemandMax":null,"Value":38.047653001575},{"Length":5.90734,"Height":6.417453,"Demand":1.0,"DemandMax":null,"Value":37.91007680502},{"Length":6.546108,"Height":5.741426,"Demand":1.0,"DemandMax":null,"Value":37.583994670007996},{"Length":4.944819,"Height":7.575914,"Demand":1.0,"DemandMax":null,"Value":37.461523489566},{"Length":8.782451,"Height":4.229885,"Demand":1.0,"DemandMax":null,"Value":37.148757748135004},{"Length":6.390883,"Height":5.747249,"Demand":1.0,"DemandMax":null,"Value":36.729995930867},{"Length":4.639874,"Height":7.893663,"Demand":1.0,"DemandMax":null,"Value":36.625601718462},{"Length":6.470271,"Height":5.629351,"Demand":1.0,"DemandMax":null,"Value":36.423426524121},{"Length":3.818653,"Height":9.493636,"Demand":1.0,"DemandMax":null,"Value":36.252901592308},{"Length":8.730145,"Height":4.127743,"Demand":1.0,"DemandMax":null,"Value":36.035794912735},{"Length":4.669738,"Height":7.575914,"Demand":1.0,"DemandMax":null,"Value":35.377533490531995},{"Length":4.020068,"Height":8.779809,"Demand":1.0,"DemandMax":null,"Value":35.295429207012},{"Length":9.981174,"Height":3.510352,"Demand":1.0,"DemandMax":null,"Value":35.037434113248},{"Length":7.834272,"Height":4.452133,"Demand":1.0,"DemandMax":null,"Value":34.879220902176},{"Length":4.157154,"Height":8.382215,"Demand":1.0,"DemandMax":null,"Value":34.84615861611},{"Length":6.860943,"Height":5.073963,"Demand":1.0,"DemandMax":null,"Value":34.812170927109},{"Length":6.340611,"Height":5.398877,"Demand":1.0,"DemandMax":null,"Value":34.232178893847},{"Length":6.233348,"Height":5.480075,"Demand":1.0,"DemandMax":null,"Value":34.159214541100006},{"Length":6.423854,"Height":5.31673,"Demand":1.0,"DemandMax":null,"Value":34.15389727742},{"Length":7.98719,"Height":4.272373,"Demand":1.0,"DemandMax":null,"Value":34.12425490187},{"Length":4.320001,"Height":7.893663,"Demand":1.0,"DemandMax":null,"Value":34.100632053663006},{"Length":3.572857,"Height":9.493636,"Demand":1.0,"DemandMax":null,"Value":33.919403838052},{"Length":3.47448,"Height":9.753867,"Demand":1.0,"DemandMax":null,"Value":33.889615814159995},{"Length":4.606447,"Height":7.314971,"Demand":1.0,"DemandMax":null,"Value":33.696026218037},{"Length":7.98719,"Height":4.189445,"Demand":1.0,"DemandMax":null,"Value":33.46189320955},{"Length":5.210442,"Height":6.417453,"Demand":1.0,"DemandMax":null,"Value":33.437766644225995},{"Length":3.386463,"Height":9.753867,"Demand":1.0,"DemandMax":null,"Value":33.031109702421},{"Length":3.64107,"Height":9.036134,"Demand":1.0,"DemandMax":null,"Value":32.90119642338},{"Length":4.417285,"Height":7.424887,"Demand":1.0,"DemandMax":null,"Value":32.797841971794995},{"Length":7.834272,"Height":4.163188,"Demand":1.0,"DemandMax":null,"Value":32.615547179136},{"Length":8.782451,"Height":3.665969,"Demand":1.0,"DemandMax":null,"Value":32.196193110019},{"Length":6.860943,"Height":4.689338,"Demand":1.0,"DemandMax":null,"Value":32.173280725734},{"Length":4.754992,"Height":6.735236,"Demand":1.0,"DemandMax":null,"Value":32.025993298112},{"Length":6.600399,"Height":4.822834,"Demand":1.0,"DemandMax":null,"Value":31.832628710766002},{"Length":4.332392,"Height":7.342355,"Demand":1.0,"DemandMax":null,"Value":31.80996006316},{"Length":4.276079,"Height":7.424887,"Demand":1.0,"DemandMax":null,"Value":31.749403378073},{"Length":9.520177,"Height":3.323152,"Demand":1.0,"DemandMax":null,"Value":31.636995237904},{"Length":5.822072,"Height":5.358839,"Demand":1.0,"DemandMax":null,"Value":31.199546494408},{"Length":4.075191,"Height":7.62522,"Demand":1.0,"DemandMax":null,"Value":31.07422791702},{"Length":9.520177,"Height":3.263258,"Demand":1.0,"DemandMax":null,"Value":31.066793756666},{"Length":7.134467,"Height":4.329566,"Demand":1.0,"DemandMax":null,"Value":30.889145751321998},{"Length":4.107925,"Height":7.500047,"Demand":1.0,"DemandMax":null,"Value":30.809630572475},{"Length":8.2229,"Height":3.733086,"Demand":1.0,"DemandMax":null,"Value":30.6967928694},{"Length":7.070175,"Height":4.329566,"Demand":1.0,"DemandMax":null,"Value":30.610789294049997},{"Length":4.120453,"Height":7.424887,"Demand":1.0,"DemandMax":null,"Value":30.593897913811002},{"Length":4.903373,"Height":6.231962,"Demand":1.0,"DemandMax":null,"Value":30.557634207826002},{"Length":5.703108,"Height":5.351479,"Demand":1.0,"DemandMax":null,"Value":30.520062696732005},{"Length":5.474414,"Height":5.573724,"Demand":1.0,"DemandMax":null,"Value":30.512872697736004},{"Length":3.400337,"Height":8.961064,"Demand":1.0,"DemandMax":null,"Value":30.470637478568},{"Length":3.295697,"Height":9.130367,"Demand":1.0,"DemandMax":null,"Value":30.090923130799},{"Length":4.289979,"Height":7.009805,"Demand":1.0,"DemandMax":null,"Value":30.071916244095},{"Length":4.075191,"Height":7.30515,"Demand":1.0,"DemandMax":null,"Value":29.769881533650004},{"Length":5.745726,"Height":5.140633,"Demand":1.0,"DemandMax":null,"Value":29.536668684558002},{"Length":4.903373,"Height":5.982385,"Demand":1.0,"DemandMax":null,"Value":29.333865084605},{"Length":5.784429,"Height":5.054737,"Demand":1.0,"DemandMax":null,"Value":29.238767290173},{"Length":3.191701,"Height":9.130367,"Demand":1.0,"DemandMax":null,"Value":29.141401484267},{"Length":3.8097,"Height":7.613489,"Demand":1.0,"DemandMax":null,"Value":29.0051090433},{"Length":5.635199,"Height":5.140633,"Demand":1.0,"DemandMax":null,"Value":28.968489940967},{"Length":8.730145,"Height":3.294785,"Demand":1.0,"DemandMax":null,"Value":28.763950793825},{"Length":3.8097,"Height":7.513001,"Demand":1.0,"DemandMax":null,"Value":28.622279909699998},{"Length":3.771288,"Height":7.575914,"Demand":1.0,"DemandMax":null,"Value":28.570953557232002},{"Length":5.784429,"Height":4.926617,"Demand":1.0,"DemandMax":null,"Value":28.497666246693004},{"Length":4.754992,"Height":5.992726,"Demand":1.0,"DemandMax":null,"Value":28.495364188192},{"Length":3.758726,"Height":7.575914,"Demand":1.0,"DemandMax":null,"Value":28.475784925564},{"Length":8.146891,"Height":3.491578,"Demand":1.0,"DemandMax":null,"Value":28.445505383998},{"Length":9.558455,"Height":2.948144,"Demand":1.0,"DemandMax":null,"Value":28.179701757520004},{"Length":5.511721,"Height":5.099563,"Demand":1.0,"DemandMax":null,"Value":28.107368477922996},{"Length":7.212497,"Height":3.890842,"Demand":1.0,"DemandMax":null,"Value":28.062686252474002},{"Length":9.02515,"Height":3.108404,"Demand":1.0,"DemandMax":null,"Value":28.053812360600002},{"Length":4.157154,"Height":6.744275,"Demand":1.0,"DemandMax":null,"Value":28.036989793350003},{"Length":5.922974,"Height":4.723439,"Demand":1.0,"DemandMax":null,"Value":27.976806387586},{"Length":5.922974,"Height":4.716786,"Demand":1.0,"DemandMax":null,"Value":27.937400841564},{"Length":4.754992,"Height":5.868712,"Demand":1.0,"DemandMax":null,"Value":27.905678610304},{"Length":3.751193,"Height":7.424887,"Demand":1.0,"DemandMax":null,"Value":27.852184140191003},{"Length":9.02515,"Height":3.085763,"Demand":1.0,"DemandMax":null,"Value":27.84947393945},{"Length":2.906355,"Height":9.493636,"Demand":1.0,"DemandMax":null,"Value":27.59187645678},{"Length":8.146891,"Height":3.364721,"Demand":1.0,"DemandMax":null,"Value":27.412015232411},{"Length":5.61823,"Height":4.876659,"Demand":1.0,"DemandMax":null,"Value":27.398191893569997},{"Length":3.643291,"Height":7.500047,"Demand":1.0,"DemandMax":null,"Value":27.324853734677003},{"Length":4.332392,"Height":6.2958,"Demand":1.0,"DemandMax":null,"Value":27.275873553599997},{"Length":3.629709,"Height":7.500047,"Demand":1.0,"DemandMax":null,"Value":27.222988096323},{"Length":6.9953,"Height":3.890842,"Demand":1.0,"DemandMax":null,"Value":27.2176070426},{"Length":5.307057,"Height":5.099563,"Demand":1.0,"DemandMax":null,"Value":27.063671516091002},{"Length":9.558455,"Height":2.8103,"Demand":1.0,"DemandMax":null,"Value":26.8621260865}]}