{"Name":"Path23_25","Objects":[{"Length":100.0,"Height":100.0,"Stock":null,"Cost":10000.0}],"Items":[{"Length":100.0,"Height":32.96102,"Demand":1.0,"DemandMax":null,"Value":3296.102},{"Length":69.3396,"Height":25.09475,"Demand":1.0,"DemandMax":null,"Value":1740.0599271},{"Length":69.95824,"Height":16.13389,"Demand":1.0,"DemandMax":null,"Value":1128.6985487536},{"Length":17.65948,"Height":60.78455,"Demand":1.0,"DemandMax":null,"Value":1073.423545034},{"Length":45.78197,"Height":12.20061,"Demand":1.0,"DemandMax":null,"Value":558.56796100169993},{"Length":45.55658,"Height":7.355292,"Demand":1.0,"DemandMax":null,"Value":335.08194842136},{"Length":78.50089,"Height":4.1242,"Demand":1.0,"DemandMax":null,"Value":323.753370538},{"Length":24.17627,"Height":12.20061,"Demand":1.0,"DemandMax":null,"Value":294.9652415247},{"Length":23.78302,"Height":7.355292,"Demand":1.0,"DemandMax":null,"Value":174.93105674184002},{"Length":21.49911,"Height":6.254434,"Demand":1.0,"DemandMax":null,"Value":134.46476455374},{"Length":6.502549,"Height":15.59253,"Demand":1.0,"DemandMax":null,"Value":101.39119035897001},{"Length":3.071139,"Height":29.36615,"Demand":1.0,"DemandMax":null,"Value":90.187528544850011},{"Length":78.50089,"Height":1.121194,"Demand":1.0,"DemandMax":null,"Value":88.01472686266},{"Length":78.50089,"Height":1.009041,"Demand":1.0,"DemandMax":null,"Value":79.21061654649},{"Length":2.972781,"Height":21.55074,"Demand":1.0,"DemandMax":null,"Value":64.06563040794},{"Length":2.049246,"Height":28.3345,"Demand":1.0,"DemandMax":null,"Value":58.064360787},{"Length":3.607983,"Height":16.02745,"Demand":1.0,"DemandMax":null,"Value":57.82676713335},{"Length":1.831434,"Height":31.4184,"Demand":1.0,"DemandMax":null,"Value":57.5407259856},{"Length":3.623042,"Height":15.82587,"Demand":1.0,"DemandMax":null,"Value":57.33779169654},{"Length":1.999041,"Height":28.3345,"Demand":1.0,"DemandMax":null,"Value":56.6418272145},{"Length":4.66693,"Height":10.89931,"Demand":1.0,"DemandMax":null,"Value":50.8663168183},{"Length":1.65486,"Height":29.36615,"Demand":1.0,"DemandMax":null,"Value":48.596866989},{"Length":3.607983,"Height":13.33869,"Demand":1.0,"DemandMax":null,"Value":48.12576676227},{"Length":2.879507,"Height":15.82587,"Demand":1.0,"DemandMax":null,"Value":45.57070344609},{"Length":1.694149,"Height":21.55074,"Demand":1.0,"DemandMax":null,"Value":36.51016462026}]}