{"Name":"Path26_25","Objects":[{"Length":100.0,"Height":100.0,"Stock":null,"Cost":10000.0}],"Items":[{"Length":70.38327,"Height":33.22807,"Demand":1.0,"DemandMax":null,"Value":2338.7002223889},{"Length":66.53271,"Height":19.39163,"Demand":1.0,"DemandMax":null,"Value":1290.1776952172997},{"Length":29.61673,"Height":38.43488,"Demand":1.0,"DemandMax":null,"Value":1138.3154635424},{"Length":66.53271,"Height":12.86841,"Demand":1.0,"DemandMax":null,"Value":856.1701906911},{"Length":26.28029,"Height":27.635,"Demand":1.0,"DemandMax":null,"Value":726.25581415000011},{"Length":49.81392,"Height":14.5334,"Demand":1.0,"DemandMax":null,"Value":723.965624928},{"Length":41.03678,"Height":14.5334,"Demand":1.0,"DemandMax":null,"Value":596.403938452},{"Length":30.83878,"Height":16.39796,"Demand":1.0,"DemandMax":null,"Value":505.6930808888},{"Length":66.53271,"Height":6.243839,"Demand":1.0,"DemandMax":null,"Value":415.41952947369},{"Length":56.92842,"Height":5.206806,"Demand":1.0,"DemandMax":null,"Value":296.41523882652},{"Length":66.53271,"Height":2.529374,"Demand":1.0,"DemandMax":null,"Value":168.28610682353997},{"Length":4.558494,"Height":27.635,"Demand":1.0,"DemandMax":null,"Value":125.97398169},{"Length":2.628502,"Height":47.03173,"Demand":1.0,"DemandMax":null,"Value":123.62299636846001},{"Length":66.53271,"Height":1.612235,"Demand":1.0,"DemandMax":null,"Value":107.26636370685},{"Length":9.149311,"Height":9.053999,"Demand":1.0,"DemandMax":null,"Value":82.837852644689008},{"Length":66.53271,"Height":1.214315,"Demand":1.0,"DemandMax":null,"Value":80.79166774365},{"Length":13.45485,"Height":5.206806,"Demand":1.0,"DemandMax":null,"Value":70.0567937091},{"Length":30.83878,"Height":1.791808,"Demand":1.0,"DemandMax":null,"Value":55.25717271424},{"Length":9.149311,"Height":5.479398,"Demand":1.0,"DemandMax":null,"Value":50.132716394778},{"Length":45.21926,"Height":1.106336,"Demand":1.0,"DemandMax":null,"Value":50.02769523136},{"Length":66.53271,"Height":0.7482902,"Demand":1.0,"DemandMax":null,"Value":49.785774872442},{"Length":33.32458,"Height":1.317302,"Demand":1.0,"DemandMax":null,"Value":43.898535883159994},{"Length":33.20813,"Height":1.317302,"Demand":1.0,"DemandMax":null,"Value":43.745136065259992},{"Length":30.83878,"Height":1.20696,"Demand":1.0,"DemandMax":null,"Value":37.2211739088},{"Length":21.31346,"Height":1.106336,"Demand":1.0,"DemandMax":null,"Value":23.579848082559998}]}