{"Name":"Path22_100","Objects":[{"Length":100.0,"Height":100.0,"Stock":null,"Cost":10000.0}],"Items":[{"Length":49.55548,"Height":34.8614,"Demand":1.0,"DemandMax":null,"Value":1727.5734104720002},{"Length":30.63567,"Height":34.8614,"Demand":1.0,"DemandMax":null,"Value":1068.0023461380001},{"Length":62.6053,"Height":15.01187,"Demand":1.0,"DemandMax":null,"Value":939.822624911},{"Length":95.11356,"Height":5.998817,"Demand":1.0,"DemandMax":null,"Value":570.56884065852},{"Length":95.11356,"Height":3.656087,"Demand":1.0,"DemandMax":null,"Value":347.74345023972},{"Length":43.766,"Height":7.797902,"Demand":1.0,"DemandMax":null,"Value":341.282978932},{"Length":17.03098,"Height":15.01187,"Demand":1.0,"DemandMax":null,"Value":255.6668577326},{"Length":7.211127,"Height":34.8614,"Demand":1.0,"DemandMax":null,"Value":251.38998279780003},{"Length":100.0,"Height":2.342786,"Demand":1.0,"DemandMax":null,"Value":234.27859999999998},{"Length":87.1981,"Height":2.480974,"Demand":1.0,"DemandMax":null,"Value":216.33621894939998},{"Length":62.39802,"Height":3.465561,"Demand":1.0,"DemandMax":null,"Value":216.24414458922},{"Length":14.32325,"Height":15.01187,"Demand":1.0,"DemandMax":null,"Value":215.0187669775},{"Length":4.886444,"Height":37.71737,"Demand":1.0,"DemandMax":null,"Value":184.30381633228},{"Length":35.08511,"Height":5.001821,"Demand":1.0,"DemandMax":null,"Value":175.48943998530999},{"Length":50.12254,"Height":3.282792,"Demand":1.0,"DemandMax":null,"Value":164.54187333168002},{"Length":50.12254,"Height":3.100518,"Demand":1.0,"DemandMax":null,"Value":155.40583747572},{"Length":4.456535,"Height":34.8614,"Demand":1.0,"DemandMax":null,"Value":155.361049249},{"Length":47.22009,"Height":2.796081,"Demand":1.0,"DemandMax":null,"Value":132.03119646729},{"Length":100.0,"Height":1.18517,"Demand":1.0,"DemandMax":null,"Value":118.51700000000001},{"Length":12.03799,"Height":9.019436,"Demand":1.0,"DemandMax":null,"Value":108.57588037364002},{"Length":21.14889,"Height":5.001821,"Demand":1.0,"DemandMax":null,"Value":105.78296212869},{"Length":62.14666,"Height":1.210672,"Demand":1.0,"DemandMax":null,"Value":75.23922115552},{"Length":50.12254,"Height":1.451327,"Demand":1.0,"DemandMax":null,"Value":72.744195610580007},{"Length":3.54731,"Height":17.73083,"Demand":1.0,"DemandMax":null,"Value":62.8967505673},{"Length":50.12254,"Height":1.184798,"Demand":1.0,"DemandMax":null,"Value":59.385085146920005},{"Length":1.693863,"Height":34.8614,"Demand":1.0,"DemandMax":null,"Value":59.0504355882},{"Length":54.44754,"Height":1.058712,"Demand":1.0,"DemandMax":null,"Value":57.644263968480004},{"Length":50.99729,"Height":1.123102,"Demand":1.0,"DemandMax":null,"Value":57.27515839358},{"Length":14.52468,"Height":2.963092,"Demand":1.0,"DemandMax":null,"Value":43.03796311056},{"Length":14.52468,"Height":2.880201,"Demand":1.0,"DemandMax":null,"Value":41.83399786068},{"Length":13.0769,"Height":3.176143,"Demand":1.0,"DemandMax":null,"Value":41.5341043967},{"Length":24.84373,"Height":1.589553,"Demand":1.0,"DemandMax":null,"Value":39.49042555269},{"Length":4.472512,"Height":8.309081,"Demand":1.0,"DemandMax":null,"Value":37.162464481472007},{"Length":10.31908,"Height":3.573426,"Demand":1.0,"DemandMax":null,"Value":36.87446876808},{"Length":44.08096,"Height":0.8332613,"Demand":1.0,"DemandMax":null,"Value":36.730958034847994},{"Length":3.872525,"Height":9.019436,"Demand":1.0,"DemandMax":null,"Value":34.9279913959},{"Length":4.886444,"Height":7.125151,"Demand":1.0,"DemandMax":null,"Value":34.816651353044},{"Length":32.75056,"Height":1.058712,"Demand":1.0,"DemandMax":null,"Value":34.673410878720006},{"Length":28.13611,"Height":1.231137,"Demand":1.0,"DemandMax":null,"Value":34.63940605707},{"Length":25.46702,"Height":1.356305,"Demand":1.0,"DemandMax":null,"Value":34.5410465611},{"Length":4.124246,"Height":8.309081,"Demand":1.0,"DemandMax":null,"Value":34.268694077926007},{"Length":5.857049,"Height":5.843293,"Demand":1.0,"DemandMax":null,"Value":34.224453422357},{"Length":44.08096,"Height":0.7562921,"Demand":1.0,"DemandMax":null,"Value":33.338081808416},{"Length":24.24783,"Height":1.339948,"Demand":1.0,"DemandMax":null,"Value":32.49083131284},{"Length":1.560877,"Height":20.20776,"Demand":1.0,"DemandMax":null,"Value":31.54182780552},{"Length":4.503416,"Height":6.9922,"Demand":1.0,"DemandMax":null,"Value":31.4887853552},{"Length":3.446472,"Height":9.019436,"Demand":1.0,"DemandMax":null,"Value":31.085233629792},{"Length":16.65048,"Height":1.839894,"Demand":1.0,"DemandMax":null,"Value":30.63511824912},{"Length":24.60461,"Height":1.231137,"Demand":1.0,"DemandMax":null,"Value":30.29164574157},{"Length":4.886444,"Height":5.974255,"Demand":1.0,"DemandMax":null,"Value":29.192862499220002},{"Length":18.27342,"Height":1.589553,"Demand":1.0,"DemandMax":null,"Value":29.04656958126},{"Length":7.444729,"Height":3.868439,"Demand":1.0,"DemandMax":null,"Value":28.799480008030997},{"Length":26.4177,"Height":1.089266,"Demand":1.0,"DemandMax":null,"Value":28.7759024082},{"Length":40.34999,"Height":0.699892,"Demand":1.0,"DemandMax":null,"Value":28.240635201079996},{"Length":23.04823,"Height":1.210672,"Demand":1.0,"DemandMax":null,"Value":27.90384671056},{"Length":3.003804,"Height":9.019436,"Demand":1.0,"DemandMax":null,"Value":27.092617934544002},{"Length":23.31967,"Height":1.123102,"Demand":1.0,"DemandMax":null,"Value":26.19036801634},{"Length":47.25928,"Height":0.5436574,"Demand":1.0,"DemandMax":null,"Value":25.692857290671995},{"Length":40.34999,"Height":0.6361319,"Demand":1.0,"DemandMax":null,"Value":25.667915803680998},{"Length":19.02979,"Height":1.339948,"Demand":1.0,"DemandMax":null,"Value":25.498929050919998},{"Length":9.013919,"Height":2.796081,"Demand":1.0,"DemandMax":null,"Value":25.203647651439},{"Length":13.5137,"Height":1.839894,"Demand":1.0,"DemandMax":null,"Value":24.8637755478},{"Length":17.90623,"Height":1.336024,"Demand":1.0,"DemandMax":null,"Value":23.92315302952},{"Length":12.98414,"Height":1.839894,"Demand":1.0,"DemandMax":null,"Value":23.88944128116},{"Length":3.415827,"Height":6.9922,"Demand":1.0,"DemandMax":null,"Value":23.884145549400003},{"Length":1.339134,"Height":17.73083,"Demand":1.0,"DemandMax":null,"Value":23.743957301220004},{"Length":7.444729,"Height":3.123761,"Demand":1.0,"DemandMax":null,"Value":23.255554105769},{"Length":7.304827,"Height":3.176143,"Demand":1.0,"DemandMax":null,"Value":23.201175142261004},{"Length":22.27927,"Height":1.027139,"Demand":1.0,"DemandMax":null,"Value":22.88390710853},{"Length":1.560877,"Height":14.65364,"Demand":1.0,"DemandMax":null,"Value":22.87252964228},{"Length":20.84158,"Height":1.089266,"Demand":1.0,"DemandMax":null,"Value":22.702024480280002},{"Length":47.25928,"Height":0.4798014,"Demand":1.0,"DemandMax":null,"Value":22.675068706991997},{"Length":47.25928,"Height":0.4747175,"Demand":1.0,"DemandMax":null,"Value":22.4348072534},{"Length":12.17302,"Height":1.839894,"Demand":1.0,"DemandMax":null,"Value":22.397066459879998},{"Length":43.92049,"Height":0.4963279,"Demand":1.0,"DemandMax":null,"Value":21.798964568671},{"Length":21.0315,"Height":1.027139,"Demand":1.0,"DemandMax":null,"Value":21.6022738785},{"Length":16.06073,"Height":1.336024,"Demand":1.0,"DemandMax":null,"Value":21.45752073752},{"Length":19.7345,"Height":1.067512,"Demand":1.0,"DemandMax":null,"Value":21.066815564000002},{"Length":11.91893,"Height":1.76651,"Demand":1.0,"DemandMax":null,"Value":21.0549090343},{"Length":11.20672,"Height":1.839894,"Demand":1.0,"DemandMax":null,"Value":20.619176887680002},{"Length":19.9937,"Height":1.027139,"Demand":1.0,"DemandMax":null,"Value":20.5363090243},{"Length":35.67577,"Height":0.5744029,"Demand":1.0,"DemandMax":null,"Value":20.492265747733},{"Length":2.2485,"Height":9.019436,"Demand":1.0,"DemandMax":null,"Value":20.280201846},{"Length":11.91893,"Height":1.699051,"Demand":1.0,"DemandMax":null,"Value":20.25086993543},{"Length":18.90668,"Height":1.067512,"Demand":1.0,"DemandMax":null,"Value":20.18310778016},{"Length":19.05258,"Height":1.027139,"Demand":1.0,"DemandMax":null,"Value":19.56964796862},{"Length":23.19524,"Height":0.8436197,"Demand":1.0,"DemandMax":null,"Value":19.567961410227998},{"Length":20.67005,"Height":0.9209772,"Demand":1.0,"DemandMax":null,"Value":19.03664477286},{"Length":20.67005,"Height":0.9189164,"Demand":1.0,"DemandMax":null,"Value":18.99404793382},{"Length":27.2737,"Height":0.690661,"Demand":1.0,"DemandMax":null,"Value":18.8368809157},{"Length":27.2737,"Height":0.6656442,"Demand":1.0,"DemandMax":null,"Value":18.15458021754},{"Length":17.64295,"Height":1.027139,"Demand":1.0,"DemandMax":null,"Value":18.12176202005},{"Length":14.80511,"Height":1.210672,"Demand":1.0,"DemandMax":null,"Value":17.92413213392},{"Length":10.31908,"Height":1.716399,"Demand":1.0,"DemandMax":null,"Value":17.71165859292},{"Length":2.123366,"Height":8.309081,"Demand":1.0,"DemandMax":null,"Value":17.643220086646},{"Length":35.67577,"Height":0.4931095,"Demand":1.0,"DemandMax":null,"Value":17.592061106815},{"Length":10.31908,"Height":1.702374,"Demand":1.0,"DemandMax":null,"Value":17.56693349592},{"Length":20.72525,"Height":0.8436197,"Demand":1.0,"DemandMax":null,"Value":17.484229187424997},{"Length":1.154031,"Height":15.01187,"Demand":1.0,"DemandMax":null,"Value":17.32416334797},{"Length":2.081769,"Height":8.309081,"Demand":1.0,"DemandMax":null,"Value":17.297587244289}]}