{"Name":"Path2_1t","Objects":[{"Length":100.0,"Height":100.0,"Stock":null,"Cost":10000.0}],"Items":[{"Length":31.97297,"Height":10.75256,"Demand":1.0,"DemandMax":null,"Value":343.79127830320004},{"Length":23.01153,"Height":9.240371,"Demand":1.0,"DemandMax":null,"Value":212.63507447762999},{"Length":30.01731,"Height":6.865286,"Demand":1.0,"DemandMax":null,"Value":206.07741810066},{"Length":15.33324,"Height":11.91085,"Demand":1.0,"DemandMax":null,"Value":182.631921654},{"Length":10.75981,"Height":11.91085,"Demand":1.0,"DemandMax":null,"Value":128.1584829385},{"Length":10.52129,"Height":11.37906,"Demand":1.0,"DemandMax":null,"Value":119.72239018740001},{"Length":45.08923,"Height":2.579884,"Demand":1.0,"DemandMax":null,"Value":116.32498304932},{"Length":15.82401,"Height":6.942734,"Demand":1.0,"DemandMax":null,"Value":109.86189224334},{"Length":30.01731,"Height":3.554561,"Demand":1.0,"DemandMax":null,"Value":106.69835945090999},{"Length":8.518356,"Height":10.32092,"Demand":1.0,"DemandMax":null,"Value":87.91727080752},{"Length":8.781623,"Height":9.628727,"Demand":1.0,"DemandMax":null,"Value":84.555850483920992},{"Length":1.924545,"Height":41.06546,"Demand":1.0,"DemandMax":null,"Value":79.0323257157},{"Length":7.106762,"Height":10.79403,"Demand":1.0,"DemandMax":null,"Value":76.71060223085999},{"Length":6.412687,"Height":11.91085,"Demand":1.0,"DemandMax":null,"Value":76.38055295395},{"Length":4.525935,"Height":16.51728,"Demand":1.0,"DemandMax":null,"Value":74.7561356568},{"Length":16.38388,"Height":4.260848,"Demand":1.0,"DemandMax":null,"Value":69.80922233024},{"Length":5.613014,"Height":11.91085,"Demand":1.0,"DemandMax":null,"Value":66.8557678019},{"Length":45.08923,"Height":1.350038,"Demand":1.0,"DemandMax":null,"Value":60.87217389074},{"Length":13.49162,"Height":4.467391,"Demand":1.0,"DemandMax":null,"Value":60.27234176342},{"Length":1.417635,"Height":41.06546,"Demand":1.0,"DemandMax":null,"Value":58.2158333871},{"Length":14.03266,"Height":4.145211,"Demand":1.0,"DemandMax":null,"Value":58.168336591259994},{"Length":1.407312,"Height":41.06546,"Demand":1.0,"DemandMax":null,"Value":57.791914643519995},{"Length":7.22535,"Height":7.971724,"Demand":1.0,"DemandMax":null,"Value":57.5984960034},{"Length":18.70287,"Height":3.033779,"Demand":1.0,"DemandMax":null,"Value":56.74037424573},{"Length":7.175983,"Height":7.227256,"Demand":1.0,"DemandMax":null,"Value":51.862666192647993},{"Length":12.0616,"Height":4.282341,"Demand":1.0,"DemandMax":null,"Value":51.6518842056},{"Length":2.099783,"Height":24.24078,"Demand":1.0,"DemandMax":null,"Value":50.90037775074},{"Length":8.758362,"Height":5.777515,"Demand":1.0,"DemandMax":null,"Value":50.60156783043},{"Length":2.410795,"Height":20.40479,"Demand":1.0,"DemandMax":null,"Value":49.191765708049992},{"Length":16.03927,"Height":3.024567,"Demand":1.0,"DemandMax":null,"Value":48.511846746089994},{"Length":8.737872,"Height":5.544146,"Demand":1.0,"DemandMax":null,"Value":48.444038097311996},{"Length":37.72849,"Height":1.274439,"Demand":1.0,"DemandMax":null,"Value":48.082659067110008},{"Length":6.981927,"Height":6.268273,"Demand":1.0,"DemandMax":null,"Value":43.764624502070994},{"Length":3.944326,"Height":10.75256,"Demand":1.0,"DemandMax":null,"Value":42.411601974560007},{"Length":1.020758,"Height":41.06546,"Demand":1.0,"DemandMax":null,"Value":41.917896818680006},{"Length":8.58235,"Height":4.842594,"Demand":1.0,"DemandMax":null,"Value":41.5608366159},{"Length":9.201056,"Height":4.499227,"Demand":1.0,"DemandMax":null,"Value":41.397639583712},{"Length":10.02974,"Height":4.124657,"Demand":1.0,"DemandMax":null,"Value":41.36923729918},{"Length":1.828833,"Height":21.36767,"Demand":1.0,"DemandMax":null,"Value":39.07790002911},{"Length":3.198384,"Height":11.91085,"Demand":1.0,"DemandMax":null,"Value":38.0954720664},{"Length":2.410795,"Height":15.13406,"Demand":1.0,"DemandMax":null,"Value":36.485116177699993},{"Length":3.871761,"Height":9.240443,"Demand":1.0,"DemandMax":null,"Value":35.776786830123},{"Length":45.08923,"Height":0.7769601,"Demand":1.0,"DemandMax":null,"Value":35.032532649723},{"Length":4.525935,"Height":7.723493,"Demand":1.0,"DemandMax":null,"Value":34.956027290955},{"Length":29.03519,"Height":1.161253,"Demand":1.0,"DemandMax":null,"Value":33.71720149307},{"Length":10.52129,"Height":3.200009,"Demand":1.0,"DemandMax":null,"Value":33.668222691610005},{"Length":45.08923,"Height":0.7406185,"Demand":1.0,"DemandMax":null,"Value":33.393917888755},{"Length":8.715814,"Height":3.814314,"Demand":1.0,"DemandMax":null,"Value":33.244851361596},{"Length":12.4596,"Height":2.639423,"Demand":1.0,"DemandMax":null,"Value":32.8861548108},{"Length":6.441385,"Height":4.842594,"Demand":1.0,"DemandMax":null,"Value":31.19301235269},{"Length":1.377674,"Height":21.98369,"Demand":1.0,"DemandMax":null,"Value":30.28635813706},{"Length":16.77826,"Height":1.8036,"Demand":1.0,"DemandMax":null,"Value":30.261269736},{"Length":13.34565,"Height":2.241781,"Demand":1.0,"DemandMax":null,"Value":29.91802460265},{"Length":35.24036,"Height":0.8483141,"Demand":1.0,"DemandMax":null,"Value":29.894894277076002},{"Length":4.101948,"Height":6.686134,"Demand":1.0,"DemandMax":null,"Value":27.426173989032},{"Length":19.35609,"Height":1.413961,"Demand":1.0,"DemandMax":null,"Value":27.368756372489997},{"Length":7.55064,"Height":3.623017,"Demand":1.0,"DemandMax":null,"Value":27.356097080879998},{"Length":6.981927,"Height":3.871649,"Demand":1.0,"DemandMax":null,"Value":27.031570687623},{"Length":5.516015,"Height":4.863577,"Demand":1.0,"DemandMax":null,"Value":26.827563685655004},{"Length":8.709176,"Height":3.032608,"Demand":1.0,"DemandMax":null,"Value":26.411516811008},{"Length":33.07163,"Height":0.7527277,"Demand":1.0,"DemandMax":null,"Value":24.893931985151},{"Length":0.800896,"Height":30.43997,"Demand":1.0,"DemandMax":null,"Value":24.379250213120002},{"Length":3.574657,"Height":6.794484,"Demand":1.0,"DemandMax":null,"Value":24.287949791988},{"Length":36.17189,"Height":0.6614015,"Demand":1.0,"DemandMax":null,"Value":23.924142303834998},{"Length":7.100255,"Height":3.360072,"Demand":1.0,"DemandMax":null,"Value":23.85736801836},{"Length":18.68234,"Height":1.266227,"Demand":1.0,"DemandMax":null,"Value":23.65608333118},{"Length":18.77543,"Height":1.253789,"Demand":1.0,"DemandMax":null,"Value":23.54042760427},{"Length":1.897815,"Height":12.37517,"Demand":1.0,"DemandMax":null,"Value":23.48578325355},{"Length":0.5085835,"Height":44.68848,"Demand":1.0,"DemandMax":null,"Value":22.727823568079998},{"Length":13.59388,"Height":1.655498,"Demand":1.0,"DemandMax":null,"Value":22.504641152239998},{"Length":9.201056,"Height":2.414304,"Demand":1.0,"DemandMax":null,"Value":22.214146305024},{"Length":6.578025,"Height":3.319363,"Demand":1.0,"DemandMax":null,"Value":21.834852798075},{"Length":1.563625,"Height":13.71445,"Demand":1.0,"DemandMax":null,"Value":21.44425688125},{"Length":4.101948,"Height":5.224716,"Demand":1.0,"DemandMax":null,"Value":21.431513346768},{"Length":9.773322,"Height":2.109231,"Demand":1.0,"DemandMax":null,"Value":20.614193735382},{"Length":45.08923,"Height":0.4518361,"Demand":1.0,"DemandMax":null,"Value":20.372941835203},{"Length":9.493938,"Height":2.126245,"Demand":1.0,"DemandMax":null,"Value":20.18643820281},{"Length":7.079845,"Height":2.831785,"Demand":1.0,"DemandMax":null,"Value":20.048598873325},{"Length":23.01153,"Height":0.8445844,"Demand":1.0,"DemandMax":null,"Value":19.435179258132},{"Length":2.66391,"Height":7.227256,"Demand":1.0,"DemandMax":null,"Value":19.25275953096},{"Length":17.05718,"Height":1.122934,"Demand":1.0,"DemandMax":null,"Value":19.15408736612},{"Length":1.175776,"Height":16.25883,"Demand":1.0,"DemandMax":null,"Value":19.11674210208},{"Length":26.31381,"Height":0.7216634,"Demand":1.0,"DemandMax":null,"Value":18.989713591554},{"Length":12.0616,"Height":1.55245,"Demand":1.0,"DemandMax":null,"Value":18.725030920000002},{"Length":5.961564,"Height":3.045987,"Demand":1.0,"DemandMax":null,"Value":18.158846443668},{"Length":7.1137,"Height":2.538024,"Demand":1.0,"DemandMax":null,"Value":18.0547413288},{"Length":1.899768,"Height":9.450662,"Demand":1.0,"DemandMax":null,"Value":17.954065246415997},{"Length":1.63111,"Height":10.79403,"Demand":1.0,"DemandMax":null,"Value":17.6062502733},{"Length":11.97224,"Height":1.375653,"Demand":1.0,"DemandMax":null,"Value":16.46964787272},{"Length":15.82401,"Height":1.02899,"Demand":1.0,"DemandMax":null,"Value":16.2827480499},{"Length":13.44743,"Height":1.172596,"Demand":1.0,"DemandMax":null,"Value":15.76840262828},{"Length":8.709176,"Height":1.796864,"Demand":1.0,"DemandMax":null,"Value":15.649204824063999},{"Length":8.170692,"Height":1.913277,"Demand":1.0,"DemandMax":null,"Value":15.632797077684},{"Length":1.605991,"Height":9.706131,"Demand":1.0,"DemandMax":null,"Value":15.587959030820999},{"Length":0.7077013,"Height":21.98369,"Demand":1.0,"DemandMax":null,"Value":15.557885991796999},{"Length":8.028166,"Height":1.930618,"Demand":1.0,"DemandMax":null,"Value":15.499321786588},{"Length":10.88716,"Height":1.413961,"Demand":1.0,"DemandMax":null,"Value":15.39401964076},{"Length":8.155201,"Height":1.878132,"Demand":1.0,"DemandMax":null,"Value":15.316543964531999},{"Length":0.7406273,"Height":20.63251,"Demand":1.0,"DemandMax":null,"Value":15.281000173523},{"Length":4.714322,"Height":3.23746,"Demand":1.0,"DemandMax":null,"Value":15.26242890212},{"Length":23.6571,"Height":0.641857,"Demand":1.0,"DemandMax":null,"Value":15.1844752347},{"Length":1.743268,"Height":8.643417,"Demand":1.0,"DemandMax":null,"Value":15.067792266756},{"Length":18.61601,"Height":0.7902132,"Demand":1.0,"DemandMax":null,"Value":14.710616833331999},{"Length":12.23114,"Height":1.202306,"Demand":1.0,"DemandMax":null,"Value":14.705573008840002},{"Length":19.6968,"Height":0.7395194,"Demand":1.0,"DemandMax":null,"Value":14.56616571792},{"Length":19.576,"Height":0.7357965,"Demand":1.0,"DemandMax":null,"Value":14.403952283999999},{"Length":30.67774,"Height":0.4664991,"Demand":1.0,"DemandMax":null,"Value":14.311138100034},{"Length":14.84598,"Height":0.9581921,"Demand":1.0,"DemandMax":null,"Value":14.225300752758},{"Length":16.94977,"Height":0.839148,"Demand":1.0,"DemandMax":null,"Value":14.22336559596},{"Length":22.77603,"Height":0.6222201,"Demand":1.0,"DemandMax":null,"Value":14.171703664203001},{"Length":1.591617,"Height":8.850668,"Demand":1.0,"DemandMax":null,"Value":14.086873650156},{"Length":8.958455,"Height":1.568887,"Demand":1.0,"DemandMax":null,"Value":14.054803589585001},{"Length":2.710529,"Height":5.15994,"Demand":1.0,"DemandMax":null,"Value":13.98616700826},{"Length":2.366607,"Height":5.901832,"Demand":1.0,"DemandMax":null,"Value":13.967316924024},{"Length":8.934359,"Height":1.559363,"Demand":1.0,"DemandMax":null,"Value":13.931908853317001},{"Length":8.006681,"Height":1.730232,"Demand":1.0,"DemandMax":null,"Value":13.853415679992},{"Length":2.459447,"Height":5.57271,"Demand":1.0,"DemandMax":null,"Value":13.70578489137},{"Length":9.32918,"Height":1.456873,"Demand":1.0,"DemandMax":null,"Value":13.59143045414},{"Length":3.35195,"Height":4.053853,"Demand":1.0,"DemandMax":null,"Value":13.58831256335},{"Length":1.828833,"Height":7.399683,"Demand":1.0,"DemandMax":null,"Value":13.532784459938998},{"Length":8.709176,"Height":1.547145,"Demand":1.0,"DemandMax":null,"Value":13.474358102519998},{"Length":1.210181,"Height":11.08275,"Demand":1.0,"DemandMax":null,"Value":13.41213347775},{"Length":6.274529,"Height":2.101274,"Demand":1.0,"DemandMax":null,"Value":13.184504649946002},{"Length":3.833277,"Height":3.432395,"Demand":1.0,"DemandMax":null,"Value":13.157320808415},{"Length":3.287367,"Height":3.951478,"Demand":1.0,"DemandMax":null,"Value":12.989958378426},{"Length":22.71362,"Height":0.5704244,"Demand":1.0,"DemandMax":null,"Value":12.956403060328},{"Length":3.994854,"Height":3.23746,"Demand":1.0,"DemandMax":null,"Value":12.933180030840001},{"Length":20.6285,"Height":0.6222201,"Demand":1.0,"DemandMax":null,"Value":12.835467332850001},{"Length":6.852828,"Height":1.863314,"Demand":1.0,"DemandMax":null,"Value":12.768970351992},{"Length":6.237009,"Height":2.046639,"Demand":1.0,"DemandMax":null,"Value":12.764905862750998},{"Length":25.90469,"Height":0.4912683,"Demand":1.0,"DemandMax":null,"Value":12.726153018326999},{"Length":2.970056,"Height":4.260848,"Demand":1.0,"DemandMax":null,"Value":12.654957167488},{"Length":1.960351,"Height":6.44057,"Demand":1.0,"DemandMax":null,"Value":12.62577784007},{"Length":3.87931,"Height":3.240612,"Demand":1.0,"DemandMax":null,"Value":12.571338537719999},{"Length":3.237712,"Height":3.866526,"Demand":1.0,"DemandMax":null,"Value":12.518697628512001},{"Length":4.525245,"Height":2.736757,"Demand":1.0,"DemandMax":null,"Value":12.384495930464999},{"Length":4.070005,"Height":3.024567,"Demand":1.0,"DemandMax":null,"Value":12.310002812835},{"Length":8.934359,"Height":1.371881,"Demand":1.0,"DemandMax":null,"Value":12.256877359279},{"Length":21.48937,"Height":0.5660064,"Demand":1.0,"DemandMax":null,"Value":12.163120951968},{"Length":1.474368,"Height":8.249619,"Demand":1.0,"DemandMax":null,"Value":12.162974265791998},{"Length":3.871761,"Height":3.134729,"Demand":1.0,"DemandMax":null,"Value":12.136921487769},{"Length":6.304934,"Height":1.906646,"Demand":1.0,"DemandMax":null,"Value":12.021277191364002},{"Length":11.78204,"Height":1.016108,"Demand":1.0,"DemandMax":null,"Value":11.97182510032},{"Length":20.9734,"Height":0.5683786,"Demand":1.0,"DemandMax":null,"Value":11.92083172924},{"Length":1.589056,"Height":7.479675,"Demand":1.0,"DemandMax":null,"Value":11.8856224368},{"Length":2.258179,"Height":5.24415,"Demand":1.0,"DemandMax":null,"Value":11.842229402850002},{"Length":8.826586,"Height":1.333257,"Demand":1.0,"DemandMax":null,"Value":11.768107570602},{"Length":0.6341121,"Height":18.31163,"Demand":1.0,"DemandMax":null,"Value":11.611626153723},{"Length":3.093698,"Height":3.739421,"Demand":1.0,"DemandMax":null,"Value":11.568639268858},{"Length":0.472573,"Height":24.39906,"Demand":1.0,"DemandMax":null,"Value":11.53033698138},{"Length":5.042183,"Height":2.269087,"Demand":1.0,"DemandMax":null,"Value":11.441151896921},{"Length":7.762202,"Height":1.471746,"Demand":1.0,"DemandMax":null,"Value":11.423989744692001},{"Length":23.39538,"Height":0.4836394,"Demand":1.0,"DemandMax":null,"Value":11.314927545972},{"Length":1.743268,"Height":6.479324,"Demand":1.0,"DemandMax":null,"Value":11.295198190832},{"Length":8.709176,"Height":1.29354,"Demand":1.0,"DemandMax":null,"Value":11.265667523039998},{"Length":5.966744,"Height":1.879111,"Demand":1.0,"DemandMax":null,"Value":11.212174284584},{"Length":1.185571,"Height":9.38314,"Demand":1.0,"DemandMax":null,"Value":11.124378672939999},{"Length":6.310793,"Height":1.761922,"Demand":1.0,"DemandMax":null,"Value":11.119125024146001},{"Length":0.7316022,"Height":15.12274,"Demand":1.0,"DemandMax":null,"Value":11.063829854028},{"Length":4.176412,"Height":2.639423,"Demand":1.0,"DemandMax":null,"Value":11.023317890276},{"Length":4.781449,"Height":2.287181,"Demand":1.0,"DemandMax":null,"Value":10.936039305269},{"Length":6.325084,"Height":1.72163,"Demand":1.0,"DemandMax":null,"Value":10.88945436692},{"Length":0.3304451,"Height":32.84672,"Demand":1.0,"DemandMax":null,"Value":10.854037675071998},{"Length":2.888972,"Height":3.726385,"Demand":1.0,"DemandMax":null,"Value":10.76542192622},{"Length":32.14409,"Height":0.3347772,"Demand":1.0,"DemandMax":null,"Value":10.761108446747999},{"Length":9.201056,"Height":1.163896,"Demand":1.0,"DemandMax":null,"Value":10.709072274176},{"Length":3.149724,"Height":3.392851,"Demand":1.0,"DemandMax":null,"Value":10.686544223123999},{"Length":8.448942,"Height":1.256857,"Demand":1.0,"DemandMax":null,"Value":10.619111895294},{"Length":19.11994,"Height":0.554679,"Demand":1.0,"DemandMax":null,"Value":10.60542919926},{"Length":0.7712582,"Height":13.71445,"Demand":1.0,"DemandMax":null,"Value":10.57738202099},{"Length":14.68305,"Height":0.7197784,"Demand":1.0,"DemandMax":null,"Value":10.56854223612},{"Length":2.560517,"Height":4.121825,"Demand":1.0,"DemandMax":null,"Value":10.554002983525},{"Length":19.16394,"Height":0.5477759,"Demand":1.0,"DemandMax":null,"Value":10.497544481045999},{"Length":12.10662,"Height":0.8654077,"Demand":1.0,"DemandMax":null,"Value":10.477162168973999},{"Length":6.958076,"Height":1.501774,"Demand":1.0,"DemandMax":null,"Value":10.449457626824},{"Length":12.30161,"Height":0.8464262,"Demand":1.0,"DemandMax":null,"Value":10.412405006182},{"Length":5.967418,"Height":1.738931,"Demand":1.0,"DemandMax":null,"Value":10.376928150158001},{"Length":8.006681,"Height":1.294335,"Demand":1.0,"DemandMax":null,"Value":10.363327452135001},{"Length":5.273555,"Height":1.956214,"Demand":1.0,"DemandMax":null,"Value":10.316202120769999},{"Length":3.168612,"Height":3.253398,"Demand":1.0,"DemandMax":null,"Value":10.308755943576},{"Length":3.830143,"Height":2.689651,"Demand":1.0,"DemandMax":null,"Value":10.301747950093},{"Length":22.06049,"Height":0.4606299,"Demand":1.0,"DemandMax":null,"Value":10.161721302651001},{"Length":9.558002,"Height":1.062,"Demand":1.0,"DemandMax":null,"Value":10.150598124},{"Length":5.452122,"Height":1.857006,"Demand":1.0,"DemandMax":null,"Value":10.124623266732},{"Length":8.354115,"Height":1.20222,"Demand":1.0,"DemandMax":null,"Value":10.0434841353},{"Length":8.934359,"Height":1.12261,"Demand":1.0,"DemandMax":null,"Value":10.029800756990001},{"Length":2.10477,"Height":4.751459,"Demand":1.0,"DemandMax":null,"Value":10.00072835943},{"Length":3.645248,"Height":2.736757,"Demand":1.0,"DemandMax":null,"Value":9.976157980736},{"Length":16.64682,"Height":0.5977219,"Demand":1.0,"DemandMax":null,"Value":9.9501688793580012},{"Length":10.7191,"Height":0.9273012,"Demand":1.0,"DemandMax":null,"Value":9.93983429292},{"Length":27.87838,"Height":0.3550817,"Demand":1.0,"DemandMax":null,"Value":9.899102563646},{"Length":3.663598,"Height":2.700279,"Demand":1.0,"DemandMax":null,"Value":9.892736743842},{"Length":8.279525,"Height":1.193993,"Demand":1.0,"DemandMax":null,"Value":9.885694893325},{"Length":0.7902362,"Height":12.50852,"Demand":1.0,"DemandMax":null,"Value":9.884685312424},{"Length":10.58835,"Height":0.9321505,"Demand":1.0,"DemandMax":null,"Value":9.869935746675},{"Length":21.78755,"Height":0.4527942,"Demand":1.0,"DemandMax":null,"Value":9.86527627221},{"Length":3.864378,"Height":2.534415,"Demand":1.0,"DemandMax":null,"Value":9.79393756887},{"Length":4.126872,"Height":2.372007,"Demand":1.0,"DemandMax":null,"Value":9.788969272104},{"Length":10.54793,"Height":0.9273012,"Demand":1.0,"DemandMax":null,"Value":9.781108146515999},{"Length":17.65494,"Height":0.5471165,"Demand":1.0,"DemandMax":null,"Value":9.65930898051},{"Length":9.839893,"Height":0.9805244,"Demand":1.0,"DemandMax":null,"Value":9.6482551798892},{"Length":2.570359,"Height":3.752685,"Demand":1.0,"DemandMax":null,"Value":9.645747663915},{"Length":2.703743,"Height":3.557973,"Demand":1.0,"DemandMax":null,"Value":9.619844592939},{"Length":4.466307,"Height":2.147413,"Demand":1.0,"DemandMax":null,"Value":9.5910057137909988},{"Length":12.26174,"Height":0.7817807,"Demand":1.0,"DemandMax":null,"Value":9.585991680418},{"Length":4.871503,"Height":1.965619,"Demand":1.0,"DemandMax":null,"Value":9.575518855357},{"Length":12.86576,"Height":0.7395194,"Demand":1.0,"DemandMax":null,"Value":9.514479115744},{"Length":9.839893,"Height":0.9668532,"Demand":1.0,"DemandMax":null,"Value":9.5137320347076},{"Length":20.55526,"Height":0.4626485,"Demand":1.0,"DemandMax":null,"Value":9.50986020611},{"Length":6.658513,"Height":1.427848,"Demand":1.0,"DemandMax":null,"Value":9.507344470024},{"Length":21.20902,"Height":0.4475587,"Demand":1.0,"DemandMax":null,"Value":9.4922814194739988},{"Length":17.65494,"Height":0.5330932,"Demand":1.0,"DemandMax":null,"Value":9.4117284604080016},{"Length":5.084254,"Height":1.848334,"Demand":1.0,"DemandMax":null,"Value":9.397399532836},{"Length":0.4264798,"Height":21.48259,"Demand":1.0,"DemandMax":null,"Value":9.161890686682},{"Length":4.635452,"Height":1.975703,"Demand":1.0,"DemandMax":null,"Value":9.158276422756},{"Length":2.662331,"Height":3.432395,"Demand":1.0,"DemandMax":null,"Value":9.138171612745},{"Length":2.888972,"Height":3.161438,"Demand":1.0,"DemandMax":null,"Value":9.133305861736},{"Length":1.250726,"Height":7.258734,"Demand":1.0,"DemandMax":null,"Value":9.0786873408839988},{"Length":0.9599034,"Height":9.430588,"Demand":1.0,"DemandMax":null,"Value":9.0524534851992},{"Length":0.7406273,"Height":12.2142,"Demand":1.0,"DemandMax":null,"Value":9.04616996766},{"Length":12.0176,"Height":0.7527277,"Demand":1.0,"DemandMax":null,"Value":9.04598040752},{"Length":2.223516,"Height":4.053853,"Demand":1.0,"DemandMax":null,"Value":9.0138070071480012},{"Length":3.106111,"Height":2.899677,"Demand":1.0,"DemandMax":null,"Value":9.006718626147},{"Length":4.383671,"Height":2.049397,"Demand":1.0,"DemandMax":null,"Value":8.9838821963869986},{"Length":21.20902,"Height":0.4197373,"Demand":1.0,"DemandMax":null,"Value":8.902216790446},{"Length":0.8665186,"Height":10.22346,"Demand":1.0,"DemandMax":null,"Value":8.858818246356},{"Length":3.471685,"Height":2.550023,"Demand":1.0,"DemandMax":null,"Value":8.852876598755},{"Length":16.99229,"Height":0.516862,"Demand":1.0,"DemandMax":null,"Value":8.7826689939800016},{"Length":2.870955,"Height":3.05197,"Demand":1.0,"DemandMax":null,"Value":8.76206853135},{"Length":11.73359,"Height":0.7461318,"Demand":1.0,"DemandMax":null,"Value":8.754804627162},{"Length":4.094904,"Height":2.127301,"Demand":1.0,"DemandMax":null,"Value":8.711093374104},{"Length":2.102046,"Height":4.083942,"Demand":1.0,"DemandMax":null,"Value":8.5846339453320013},{"Length":1.474368,"Height":5.813414,"Demand":1.0,"DemandMax":null,"Value":8.5711115723519988},{"Length":14.11051,"Height":0.607136,"Demand":1.0,"DemandMax":null,"Value":8.56699859936},{"Length":0.800896,"Height":10.62549,"Demand":1.0,"DemandMax":null,"Value":8.50991243904},{"Length":3.656478,"Height":2.327255,"Demand":1.0,"DemandMax":null,"Value":8.50955670789},{"Length":1.365546,"Height":6.223649,"Demand":1.0,"DemandMax":null,"Value":8.498678997354},{"Length":12.0346,"Height":0.7030512,"Demand":1.0,"DemandMax":null,"Value":8.46093997152},{"Length":0.7821847,"Height":10.7886,"Demand":1.0,"DemandMax":null,"Value":8.43867785442},{"Length":0.4863259,"Height":17.34065,"Demand":1.0,"DemandMax":null,"Value":8.433207217835},{"Length":6.250259,"Height":1.349191,"Demand":1.0,"DemandMax":null,"Value":8.432793190469},{"Length":0.7607328,"Height":11.08275,"Demand":1.0,"DemandMax":null,"Value":8.4310114392},{"Length":4.246771,"Height":1.976978,"Demand":1.0,"DemandMax":null,"Value":8.395772838037999},{"Length":1.344983,"Height":6.223649,"Demand":1.0,"DemandMax":null,"Value":8.370702102967},{"Length":9.848878,"Height":0.8483141,"Demand":1.0,"DemandMax":null,"Value":8.3549420765798},{"Length":11.60235,"Height":0.7197784,"Demand":1.0,"DemandMax":null,"Value":8.35112091924},{"Length":0.8804088,"Height":9.430588,"Demand":1.0,"DemandMax":null,"Value":8.3027726643744},{"Length":1.908595,"Height":4.347782,"Demand":1.0,"DemandMax":null,"Value":8.29815498629},{"Length":16.70074,"Height":0.4946314,"Demand":1.0,"DemandMax":null,"Value":8.260710407236},{"Length":17.04289,"Height":0.4828078,"Demand":1.0,"DemandMax":null,"Value":8.228440226542},{"Length":0.7310495,"Height":11.21136,"Demand":1.0,"DemandMax":null,"Value":8.1960591223200012},{"Length":12.4311,"Height":0.6562358,"Demand":1.0,"DemandMax":null,"Value":8.15773285338},{"Length":1.589056,"Height":5.128974,"Demand":1.0,"DemandMax":null,"Value":8.1502269085440009},{"Length":6.467985,"Height":1.258605,"Demand":1.0,"DemandMax":null,"Value":8.140638260925},{"Length":8.232149,"Height":0.9878868,"Demand":1.0,"DemandMax":null,"Value":8.1324313327332},{"Length":5.103353,"Height":1.589928,"Demand":1.0,"DemandMax":null,"Value":8.113963828584},{"Length":6.237009,"Height":1.294671,"Demand":1.0,"DemandMax":null,"Value":8.0748746790389987},{"Length":3.354503,"Height":2.40032,"Demand":1.0,"DemandMax":null,"Value":8.0518806409599986},{"Length":6.368999,"Height":1.263737,"Demand":1.0,"DemandMax":null,"Value":8.048739689263},{"Length":1.942914,"Height":4.111494,"Demand":1.0,"DemandMax":null,"Value":7.9882792535160005},{"Length":13.82227,"Height":0.5745409,"Demand":1.0,"DemandMax":null,"Value":7.941459445843},{"Length":7.405895,"Height":1.071612,"Demand":1.0,"DemandMax":null,"Value":7.93624595274},{"Length":0.9287334,"Height":8.487754,"Demand":1.0,"DemandMax":null,"Value":7.8828606307836013},{"Length":12.95478,"Height":0.607136,"Demand":1.0,"DemandMax":null,"Value":7.8653133100799995},{"Length":1.130212,"Height":6.952699,"Demand":1.0,"DemandMax":null,"Value":7.8580238421879995},{"Length":10.51675,"Height":0.7461318,"Demand":1.0,"DemandMax":null,"Value":7.84688160765},{"Length":1.848333,"Height":4.240905,"Demand":1.0,"DemandMax":null,"Value":7.8386046613649993},{"Length":6.981927,"Height":1.117224,"Demand":1.0,"DemandMax":null,"Value":7.800376410648},{"Length":13.53837,"Height":0.576123,"Demand":1.0,"DemandMax":null,"Value":7.7997663395100005},{"Length":0.9755742,"Height":7.971724,"Demand":1.0,"DemandMax":null,"Value":7.7770082639207994},{"Length":9.839893,"Height":0.787294,"Demand":1.0,"DemandMax":null,"Value":7.746888719542},{"Length":10.13851,"Height":0.7636353,"Demand":1.0,"DemandMax":null,"Value":7.742124125403},{"Length":2.214932,"Height":3.49236,"Demand":1.0,"DemandMax":null,"Value":7.73533991952},{"Length":1.194286,"Height":6.454488,"Demand":1.0,"DemandMax":null,"Value":7.7085046555679995},{"Length":11.18026,"Height":0.6881144,"Demand":1.0,"DemandMax":null,"Value":7.6932979017440006},{"Length":4.104809,"Height":1.863314,"Demand":1.0,"DemandMax":null,"Value":7.6485480770260006},{"Length":6.981927,"Height":1.092294,"Demand":1.0,"DemandMax":null,"Value":7.626316970538},{"Length":1.848333,"Height":4.121814,"Demand":1.0,"DemandMax":null,"Value":7.618484836062},{"Length":2.446838,"Height":3.112605,"Demand":1.0,"DemandMax":null,"Value":7.61604019299},{"Length":5.452122,"Height":1.396392,"Demand":1.0,"DemandMax":null,"Value":7.6132995438240005},{"Length":0.8944778,"Height":8.487754,"Demand":1.0,"DemandMax":null,"Value":7.5921075248612},{"Length":1.960042,"Height":3.847011,"Demand":1.0,"DemandMax":null,"Value":7.540303134462},{"Length":16.50859,"Height":0.4527942,"Demand":1.0,"DemandMax":null,"Value":7.474993802178},{"Length":0.7882236,"Height":9.450662,"Demand":1.0,"DemandMax":null,"Value":7.4492348240232},{"Length":1.286597,"Height":5.774237,"Demand":1.0,"DemandMax":null,"Value":7.4291160014890005},{"Length":6.304934,"Height":1.178144,"Demand":1.0,"DemandMax":null,"Value":7.4281201624960005},{"Length":0.7855122,"Height":9.450662,"Demand":1.0,"DemandMax":null,"Value":7.4236102990763992},{"Length":1.180758,"Height":6.280339,"Demand":1.0,"DemandMax":null,"Value":7.415560516962},{"Length":0.6186423,"Height":11.9022,"Demand":1.0,"DemandMax":null,"Value":7.36320438306},{"Length":12.10662,"Height":0.6069956,"Demand":1.0,"DemandMax":null,"Value":7.3486650708719994},{"Length":20.50444,"Height":0.3573006,"Demand":1.0,"DemandMax":null,"Value":7.3262487146640005},{"Length":0.4137765,"Height":17.64343,"Demand":1.0,"DemandMax":null,"Value":7.3004367133949994},{"Length":8.714478,"Height":0.8310841,"Demand":1.0,"DemandMax":null,"Value":7.2424641055998},{"Length":0.5829265,"Height":12.37517,"Demand":1.0,"DemandMax":null,"Value":7.2138145350050005},{"Length":7.046465,"Height":1.020236,"Demand":1.0,"DemandMax":null,"Value":7.18905726574},{"Length":0.8035044,"Height":8.839805,"Demand":1.0,"DemandMax":null,"Value":7.102822212642},{"Length":0.2669279,"Height":26.46573,"Demand":1.0,"DemandMax":null,"Value":7.064441730867},{"Length":2.22963,"Height":3.166762,"Demand":1.0,"DemandMax":null,"Value":7.0607075580599989},{"Length":26.31381,"Height":0.2674324,"Demand":1.0,"DemandMax":null,"Value":7.0371653614440008},{"Length":1.940878,"Height":3.623017,"Demand":1.0,"DemandMax":null,"Value":7.031833988926},{"Length":1.65019,"Height":4.260848,"Demand":1.0,"DemandMax":null,"Value":7.03120876112},{"Length":1.91976,"Height":3.646183,"Demand":1.0,"DemandMax":null,"Value":6.99979627608},{"Length":0.5095771,"Height":13.73131,"Demand":1.0,"DemandMax":null,"Value":6.997161129001},{"Length":26.31381,"Height":0.2646931,"Demand":1.0,"DemandMax":null,"Value":6.9650839417110006},{"Length":9.201056,"Height":0.7566279,"Demand":1.0,"DemandMax":null,"Value":6.9617756790623995},{"Length":1.698264,"Height":4.098382,"Demand":1.0,"DemandMax":null,"Value":6.960134608848},{"Length":1.754816,"Height":3.951478,"Demand":1.0,"DemandMax":null,"Value":6.9341168180479995},{"Length":9.349405,"Height":0.7395194,"Demand":1.0,"DemandMax":null,"Value":6.9140663759570007},{"Length":7.405895,"Height":0.9290268,"Demand":1.0,"DemandMax":null,"Value":6.8802749329860005},{"Length":2.270506,"Height":3.024567,"Demand":1.0,"DemandMax":null,"Value":6.8672975209019995},{"Length":10.02974,"Height":0.6830329,"Demand":1.0,"DemandMax":null,"Value":6.8506423984460012},{"Length":22.71362,"Height":0.3014782,"Demand":1.0,"DemandMax":null,"Value":6.8476612730839994},{"Length":8.758362,"Height":0.7808459,"Demand":1.0,"DemandMax":null,"Value":6.8389310584158},{"Length":13.85751,"Height":0.491481,"Demand":1.0,"DemandMax":null,"Value":6.8107028723099994},{"Length":14.84598,"Height":0.455769,"Demand":1.0,"DemandMax":null,"Value":6.76633745862},{"Length":2.818748,"Height":2.40032,"Demand":1.0,"DemandMax":null,"Value":6.7658971993599986},{"Length":12.30161,"Height":0.5487144,"Demand":1.0,"DemandMax":null,"Value":6.7500705501840006},{"Length":3.453287,"Height":1.951144,"Demand":1.0,"DemandMax":null,"Value":6.737860210328},{"Length":11.96995,"Height":0.5625474,"Demand":1.0,"DemandMax":null,"Value":6.73366425063},{"Length":4.873374,"Height":1.381156,"Demand":1.0,"DemandMax":null,"Value":6.7308897403440007},{"Length":2.639293,"Height":2.550023,"Demand":1.0,"DemandMax":null,"Value":6.7302578537389994},{"Length":2.410795,"Height":2.786274,"Demand":1.0,"DemandMax":null,"Value":6.71713542783},{"Length":5.408417,"Height":1.241716,"Demand":1.0,"DemandMax":null,"Value":6.715717923572},{"Length":9.493938,"Height":0.7055392,"Demand":1.0,"DemandMax":null,"Value":6.6983454213696},{"Length":0.7553082,"Height":8.842768,"Demand":1.0,"DemandMax":null,"Value":6.6790151810976},{"Length":2.207762,"Height":3.024567,"Demand":1.0,"DemandMax":null,"Value":6.6775240890539989},{"Length":8.429832,"Height":0.7902132,"Demand":1.0,"DemandMax":null,"Value":6.6613645201823992},{"Length":4.312676,"Height":1.543502,"Demand":1.0,"DemandMax":null,"Value":6.6566240313519991},{"Length":0.4896365,"Height":13.57743,"Demand":1.0,"DemandMax":null,"Value":6.6480053041949994},{"Length":8.737872,"Height":0.7593677,"Demand":1.0,"DemandMax":null,"Value":6.6352577635343994},{"Length":4.246771,"Height":1.560374,"Demand":1.0,"DemandMax":null,"Value":6.6265510523539994},{"Length":16.994,"Height":0.3896586,"Demand":1.0,"DemandMax":null,"Value":6.6218582484000006},{"Length":9.369514,"Height":0.7063141,"Demand":1.0,"DemandMax":null,"Value":6.6178198483474},{"Length":2.410795,"Height":2.740334,"Demand":1.0,"DemandMax":null,"Value":6.6063835055299993},{"Length":3.83475,"Height":1.722479,"Demand":1.0,"DemandMax":null,"Value":6.605276345250001},{"Length":5.247497,"Height":1.258605,"Demand":1.0,"DemandMax":null,"Value":6.604525961685},{"Length":1.550938,"Height":4.253015,"Demand":1.0,"DemandMax":null,"Value":6.59616257807},{"Length":13.41027,"Height":0.4912558,"Demand":1.0,"DemandMax":null,"Value":6.5878729170660009},{"Length":15.36251,"Height":0.4279475,"Demand":1.0,"DemandMax":null,"Value":6.574347748225},{"Length":6.310793,"Height":1.041273,"Demand":1.0,"DemandMax":null,"Value":6.571258359489},{"Length":2.005044,"Height":3.265856,"Demand":1.0,"DemandMax":null,"Value":6.5481849776639995},{"Length":5.042183,"Height":1.296785,"Demand":1.0,"DemandMax":null,"Value":6.538627281655},{"Length":5.516015,"Height":1.184408,"Demand":1.0,"DemandMax":null,"Value":6.53321229412},{"Length":21.15508,"Height":0.3084095,"Demand":1.0,"DemandMax":null,"Value":6.52442764526},{"Length":4.825368,"Height":1.349191,"Demand":1.0,"DemandMax":null,"Value":6.5103430772880007},{"Length":12.53221,"Height":0.516862,"Demand":1.0,"DemandMax":null,"Value":6.4774231250200005},{"Length":3.83475,"Height":1.684452,"Demand":1.0,"DemandMax":null,"Value":6.459452307},{"Length":0.2759811,"Height":23.40252,"Demand":1.0,"DemandMax":null,"Value":6.4586532123719991},{"Length":1.875977,"Height":3.432395,"Demand":1.0,"DemandMax":null,"Value":6.439094074915},{"Length":19.1322,"Height":0.3364978,"Demand":1.0,"DemandMax":null,"Value":6.43794320916},{"Length":12.79082,"Height":0.5020335,"Demand":1.0,"DemandMax":null,"Value":6.4214201324700007},{"Length":10.10321,"Height":0.6354175,"Demand":1.0,"DemandMax":null,"Value":6.419756440175},{"Length":3.378809,"Height":1.895524,"Demand":1.0,"DemandMax":null,"Value":6.404613550916},{"Length":3.547476,"Height":1.804459,"Demand":1.0,"DemandMax":null,"Value":6.401274995484},{"Length":0.574968,"Height":11.08275,"Demand":1.0,"DemandMax":null,"Value":6.3722266020000005},{"Length":3.879666,"Height":1.638859,"Demand":1.0,"DemandMax":null,"Value":6.358225541094},{"Length":3.821684,"Height":1.658826,"Demand":1.0,"DemandMax":null,"Value":6.339508782984},{"Length":2.401114,"Height":2.639423,"Demand":1.0,"DemandMax":null,"Value":6.337555517222},{"Length":1.058767,"Height":5.983424,"Demand":1.0,"DemandMax":null,"Value":6.3350518782080005},{"Length":4.299399,"Height":1.471746,"Demand":1.0,"DemandMax":null,"Value":6.3276232806540005},{"Length":1.935776,"Height":3.265856,"Demand":1.0,"DemandMax":null,"Value":6.3219656642559992},{"Length":1.396881,"Height":4.521583,"Demand":1.0,"DemandMax":null,"Value":6.316113382623},{"Length":16.994,"Height":0.3716316,"Demand":1.0,"DemandMax":null,"Value":6.3155074104},{"Length":14.66452,"Height":0.4302624,"Demand":1.0,"DemandMax":null,"Value":6.309591570048},{"Length":1.830465,"Height":3.444872,"Demand":1.0,"DemandMax":null,"Value":6.3057176254800007},{"Length":2.988642,"Height":2.109231,"Demand":1.0,"DemandMax":null,"Value":6.303736354302},{"Length":1.307521,"Height":4.8183,"Demand":1.0,"DemandMax":null,"Value":6.3000284343},{"Length":1.554806,"Height":4.051075,"Demand":1.0,"DemandMax":null,"Value":6.29863571645},{"Length":21.43213,"Height":0.2938745,"Demand":1.0,"DemandMax":null,"Value":6.298356487685},{"Length":12.32405,"Height":0.5106308,"Demand":1.0,"DemandMax":null,"Value":6.2930395107400008},{"Length":6.426108,"Height":0.9786715,"Demand":1.0,"DemandMax":null,"Value":6.2890487555220007},{"Length":0.5618376,"Height":11.1803,"Demand":1.0,"DemandMax":null,"Value":6.2815129192800008},{"Length":1.960042,"Height":3.198353,"Demand":1.0,"DemandMax":null,"Value":6.2689062108260005},{"Length":8.958455,"Height":0.6988334,"Demand":1.0,"DemandMax":null,"Value":6.2604675663970006},{"Length":8.656465,"Height":0.7224384,"Demand":1.0,"DemandMax":null,"Value":6.253762724256001},{"Length":21.15508,"Height":0.2953179,"Demand":1.0,"DemandMax":null,"Value":6.2474737999320009},{"Length":0.7821847,"Height":7.980985,"Demand":1.0,"DemandMax":null,"Value":6.2426043579295},{"Length":22.25034,"Height":0.2800224,"Demand":1.0,"DemandMax":null,"Value":6.2305936076160009},{"Length":2.127458,"Height":2.925449,"Demand":1.0,"DemandMax":null,"Value":6.223769878641999},{"Length":1.834111,"Height":3.385401,"Demand":1.0,"DemandMax":null,"Value":6.209201213511},{"Length":0.4934672,"Height":12.57627,"Demand":1.0,"DemandMax":null,"Value":6.2059767433439994},{"Length":1.37111,"Height":4.521583,"Demand":1.0,"DemandMax":null,"Value":6.1995876671299994},{"Length":2.579608,"Height":2.40032,"Demand":1.0,"DemandMax":null,"Value":6.1918846745599989},{"Length":2.745977,"Height":2.249667,"Demand":1.0,"DemandMax":null,"Value":6.177533839659},{"Length":1.175592,"Height":5.241195,"Demand":1.0,"DemandMax":null,"Value":6.16150691244},{"Length":9.465087,"Height":0.6509688,"Demand":1.0,"DemandMax":null,"Value":6.1614763262856007},{"Length":3.610404,"Height":1.706139,"Demand":1.0,"DemandMax":null,"Value":6.159851070156},{"Length":8.341042,"Height":0.7340837,"Demand":1.0,"DemandMax":null,"Value":6.1230229732154},{"Length":7.731992,"Height":0.7902132,"Demand":1.0,"DemandMax":null,"Value":6.1099221406943993},{"Length":13.82227,"Height":0.4415671,"Demand":1.0,"DemandMax":null,"Value":6.103459679317},{"Length":6.547328,"Height":0.9321505,"Demand":1.0,"DemandMax":null,"Value":6.103095068864},{"Length":3.11912,"Height":1.956214,"Demand":1.0,"DemandMax":null,"Value":6.10166621168},{"Length":3.270728,"Height":1.863314,"Demand":1.0,"DemandMax":null,"Value":6.094393272592},{"Length":1.278824,"Height":4.765116,"Demand":1.0,"DemandMax":null,"Value":6.093744703584},{"Length":3.768868,"Height":1.614539,"Demand":1.0,"DemandMax":null,"Value":6.0849843718519994},{"Length":3.429091,"Height":1.77073,"Demand":1.0,"DemandMax":null,"Value":6.07199430643},{"Length":0.2593679,"Height":23.40252,"Demand":1.0,"DemandMax":null,"Value":6.069862467107999},{"Length":19.74498,"Height":0.307334,"Demand":1.0,"DemandMax":null,"Value":6.0683036833200008},{"Length":4.86309,"Height":1.24301,"Demand":1.0,"DemandMax":null,"Value":6.0448695008999991},{"Length":0.7487269,"Height":8.069265,"Demand":1.0,"DemandMax":null,"Value":6.0416757687284992},{"Length":21.93263,"Height":0.2754325,"Demand":1.0,"DemandMax":null,"Value":6.0409591124750008},{"Length":2.985919,"Height":2.018442,"Demand":1.0,"DemandMax":null,"Value":6.0269043181979995},{"Length":20.53284,"Height":0.2931886,"Demand":1.0,"DemandMax":null,"Value":6.019994613624},{"Length":17.649,"Height":0.340669,"Demand":1.0,"DemandMax":null,"Value":6.012467181},{"Length":21.93263,"Height":0.2740124,"Demand":1.0,"DemandMax":null,"Value":6.009812584612},{"Length":0.7438455,"Height":8.069265,"Demand":1.0,"DemandMax":null,"Value":6.0022864585575},{"Length":8.958455,"Height":0.6697162,"Demand":1.0,"DemandMax":null,"Value":5.9996224404710006},{"Length":1.428212,"Height":4.185468,"Demand":1.0,"DemandMax":null,"Value":5.9777356232160006},{"Length":5.318433,"Height":1.122934,"Demand":1.0,"DemandMax":null,"Value":5.972249242422},{"Length":4.312676,"Height":1.381947,"Demand":1.0,"DemandMax":null,"Value":5.959889660172},{"Length":2.710529,"Height":2.193838,"Demand":1.0,"DemandMax":null,"Value":5.946461520302},{"Length":1.731629,"Height":3.432395,"Demand":1.0,"DemandMax":null,"Value":5.943634721455},{"Length":0.7553082,"Height":7.861971,"Demand":1.0,"DemandMax":null,"Value":5.9382111644621993},{"Length":0.535349,"Height":11.08432,"Demand":1.0,"DemandMax":null,"Value":5.9339796276799994},{"Length":6.163388,"Height":0.9602777,"Demand":1.0,"DemandMax":null,"Value":5.9185640528476},{"Length":8.917339,"Height":0.6614015,"Demand":1.0,"DemandMax":null,"Value":5.8979413906085},{"Length":1.776089,"Height":3.319363,"Demand":1.0,"DemandMax":null,"Value":5.895484111307},{"Length":12.4311,"Height":0.473627,"Demand":1.0,"DemandMax":null,"Value":5.8877045997},{"Length":1.840312,"Height":3.199173,"Demand":1.0,"DemandMax":null,"Value":5.887476461976},{"Length":3.44619,"Height":1.707396,"Demand":1.0,"DemandMax":null,"Value":5.88401102124},{"Length":0.7821847,"Height":7.519244,"Demand":1.0,"DemandMax":null,"Value":5.8814376123667991},{"Length":3.701723,"Height":1.586628,"Demand":1.0,"DemandMax":null,"Value":5.873257360044},{"Length":3.580057,"Height":1.639592,"Demand":1.0,"DemandMax":null,"Value":5.869832816744},{"Length":0.5378382,"Height":10.91026,"Demand":1.0,"DemandMax":null,"Value":5.867954599932},{"Length":12.71984,"Height":0.4606299,"Demand":1.0,"DemandMax":null,"Value":5.859138627216},{"Length":0.5276109,"Height":11.08275,"Demand":1.0,"DemandMax":null,"Value":5.847379701975},{"Length":1.79013,"Height":3.265856,"Demand":1.0,"DemandMax":null,"Value":5.84630680128},{"Length":3.43482,"Height":1.700776,"Demand":1.0,"DemandMax":null,"Value":5.8418594203200005},{"Length":4.376445,"Height":1.334234,"Demand":1.0,"DemandMax":null,"Value":5.83920171813},{"Length":16.53124,"Height":0.3527507,"Demand":1.0,"DemandMax":null,"Value":5.831406481868},{"Length":3.830143,"Height":1.521857,"Demand":1.0,"DemandMax":null,"Value":5.828929935551},{"Length":6.067751,"Height":0.9602777,"Demand":1.0,"DemandMax":null,"Value":5.8267259744527005},{"Length":0.4290777,"Height":13.57743,"Demand":1.0,"DemandMax":null,"Value":5.8257724363109995},{"Length":9.839893,"Height":0.5919896,"Demand":1.0,"DemandMax":null,"Value":5.8251143211128005},{"Length":7.526271,"Height":0.7738038,"Demand":1.0,"DemandMax":null,"Value":5.8238570996298007},{"Length":7.355762,"Height":0.7902132,"Demand":1.0,"DemandMax":null,"Value":5.8126202284584},{"Length":2.279208,"Height":2.550023,"Demand":1.0,"DemandMax":null,"Value":5.812032821784},{"Length":16.70074,"Height":0.3473538,"Demand":1.0,"DemandMax":null,"Value":5.8010655018119994},{"Length":9.141462,"Height":0.6333928,"Demand":1.0,"DemandMax":null,"Value":5.7901362122736},{"Length":3.511378,"Height":1.644464,"Demand":1.0,"DemandMax":null,"Value":5.774334711392},{"Length":6.403855,"Height":0.9005284,"Demand":1.0,"DemandMax":null,"Value":5.766853296982},{"Length":1.409332,"Height":4.083942,"Demand":1.0,"DemandMax":null,"Value":5.755630146744001},{"Length":3.846087,"Height":1.495628,"Demand":1.0,"DemandMax":null,"Value":5.752315407636},{"Length":7.516429,"Height":0.7636353,"Demand":1.0,"DemandMax":null,"Value":5.7398105143436995},{"Length":3.502221,"Height":1.638859,"Demand":1.0,"DemandMax":null,"Value":5.739646405839},{"Length":2.230344,"Height":2.561946,"Demand":1.0,"DemandMax":null,"Value":5.714020889424},{"Length":22.71362,"Height":0.2510316,"Demand":1.0,"DemandMax":null,"Value":5.701836370392},{"Length":9.887518,"Height":0.576123,"Demand":1.0,"DemandMax":null,"Value":5.6964265327140007},{"Length":8.028166,"Height":0.708805,"Demand":1.0,"DemandMax":null,"Value":5.6904042016300007},{"Length":1.834111,"Height":3.095881,"Demand":1.0,"DemandMax":null,"Value":5.678189396791},{"Length":2.888972,"Height":1.957718,"Demand":1.0,"DemandMax":null,"Value":5.655792485896},{"Length":2.589419,"Height":2.182481,"Demand":1.0,"DemandMax":null,"Value":5.651357768539},{"Length":0.4119011,"Height":13.71445,"Demand":1.0,"DemandMax":null,"Value":5.648997040895},{"Length":1.589056,"Height":3.544118,"Demand":1.0,"DemandMax":null,"Value":5.6318019726080006},{"Length":10.10321,"Height":0.5564225,"Demand":1.0,"DemandMax":null,"Value":5.6216533662250008},{"Length":3.114322,"Height":1.8036,"Demand":1.0,"DemandMax":null,"Value":5.6169911592},{"Length":3.610404,"Height":1.547259,"Demand":1.0,"DemandMax":null,"Value":5.586230082636},{"Length":10.4617,"Height":0.5327228,"Demand":1.0,"DemandMax":null,"Value":5.5731861167600005},{"Length":6.239042,"Height":0.8920804,"Demand":1.0,"DemandMax":null,"Value":5.5657270829768},{"Length":1.774963,"Height":3.134019,"Demand":1.0,"DemandMax":null,"Value":5.562767766297},{"Length":2.316873,"Height":2.40032,"Demand":1.0,"DemandMax":null,"Value":5.56123659936},{"Length":0.5170277,"Height":10.75256,"Demand":1.0,"DemandMax":null,"Value":5.559371365912},{"Length":14.54817,"Height":0.3807148,"Demand":1.0,"DemandMax":null,"Value":5.538703631916},{"Length":0.4380732,"Height":12.57627,"Demand":1.0,"DemandMax":null,"Value":5.509326842964},{"Length":0.3616889,"Height":15.22053,"Demand":1.0,"DemandMax":null,"Value":5.505096753117},{"Length":1.689217,"Height":3.240612,"Demand":1.0,"DemandMax":null,"Value":5.474096880804},{"Length":0.6493941,"Height":8.424116,"Demand":1.0,"DemandMax":null,"Value":5.4705712281156},{"Length":11.30797,"Height":0.4836394,"Demand":1.0,"DemandMax":null,"Value":5.468979826018},{"Length":9.235543,"Height":0.5918179,"Demand":1.0,"DemandMax":null,"Value":5.4657596636197},{"Length":0.535349,"Height":10.20164,"Demand":1.0,"DemandMax":null,"Value":5.4614377723599992},{"Length":0.2685436,"Height":20.28941,"Demand":1.0,"DemandMax":null,"Value":5.448591203276},{"Length":3.415004,"Height":1.589928,"Demand":1.0,"DemandMax":null,"Value":5.429610479712},{"Length":1.615559,"Height":3.360072,"Demand":1.0,"DemandMax":null,"Value":5.428394560248},{"Length":0.4897541,"Height":11.08275,"Demand":1.0,"DemandMax":null,"Value":5.4278222517750008},{"Length":1.213992,"Height":4.446914,"Demand":1.0,"DemandMax":null,"Value":5.398518020687999},{"Length":2.602705,"Height":2.072745,"Demand":1.0,"DemandMax":null,"Value":5.3947437752249989},{"Length":8.279525,"Height":0.650164,"Demand":1.0,"DemandMax":null,"Value":5.3830490920999994},{"Length":2.163985,"Height":2.483282,"Demand":1.0,"DemandMax":null,"Value":5.37378499877},{"Length":9.6713,"Height":0.5554978,"Demand":1.0,"DemandMax":null,"Value":5.3723858731400007},{"Length":0.4137765,"Height":12.98201,"Demand":1.0,"DemandMax":null,"Value":5.371650660765},{"Length":0.6325477,"Height":8.487754,"Demand":1.0,"DemandMax":null,"Value":5.3689092708658},{"Length":3.884988,"Height":1.381156,"Demand":1.0,"DemandMax":null,"Value":5.365774486128},{"Length":9.97034,"Height":0.5373732,"Demand":1.0,"DemandMax":null,"Value":5.357793510888},{"Length":1.256024,"Height":4.253015,"Demand":1.0,"DemandMax":null,"Value":5.3418889123600009},{"Length":10.23236,"Height":0.5219582,"Demand":1.0,"DemandMax":null,"Value":5.340864207352},{"Length":2.379547,"Height":2.241781,"Demand":1.0,"DemandMax":null,"Value":5.334423253207},{"Length":0.7821847,"Height":6.819325,"Demand":1.0,"DemandMax":null,"Value":5.3339716793275},{"Length":3.172153,"Height":1.67992,"Demand":1.0,"DemandMax":null,"Value":5.32896326776},{"Length":1.848333,"Height":2.878293,"Demand":1.0,"DemandMax":null,"Value":5.320043935569},{"Length":1.250754,"Height":4.253015,"Demand":1.0,"DemandMax":null,"Value":5.31947552331},{"Length":0.5095771,"Height":10.42849,"Demand":1.0,"DemandMax":null,"Value":5.314119691579},{"Length":10.02974,"Height":0.529435,"Demand":1.0,"DemandMax":null,"Value":5.3100953969},{"Length":1.682863,"Height":3.154658,"Demand":1.0,"DemandMax":null,"Value":5.308857225854},{"Length":2.085375,"Height":2.542595,"Demand":1.0,"DemandMax":null,"Value":5.302264048125},{"Length":2.790182,"Height":1.895524,"Demand":1.0,"DemandMax":null,"Value":5.288856945368},{"Length":8.781623,"Height":0.6006072,"Demand":1.0,"DemandMax":null,"Value":5.2743060014856},{"Length":4.237546,"Height":1.241398,"Demand":1.0,"DemandMax":null,"Value":5.260481129308},{"Length":3.940543,"Height":1.334234,"Demand":1.0,"DemandMax":null,"Value":5.2576064490619991},{"Length":21.15605,"Height":0.2481305,"Demand":1.0,"DemandMax":null,"Value":5.249461264525},{"Length":15.46668,"Height":0.3379327,"Demand":1.0,"DemandMax":null,"Value":5.226696932436},{"Length":4.397976,"Height":1.180842,"Demand":1.0,"DemandMax":null,"Value":5.1933147757919995},{"Length":0.5072067,"Height":10.22346,"Demand":1.0,"DemandMax":null,"Value":5.185407409182},{"Length":2.996891,"Height":1.729617,"Demand":1.0,"DemandMax":null,"Value":5.183473620747},{"Length":13.51624,"Height":0.383317,"Demand":1.0,"DemandMax":null,"Value":5.1810045680800005},{"Length":1.185571,"Height":4.355453,"Demand":1.0,"DemandMax":null,"Value":5.1636987686629992},{"Length":3.110796,"Height":1.659656,"Demand":1.0,"DemandMax":null,"Value":5.162851246176},{"Length":18.96476,"Height":0.2721737,"Demand":1.0,"DemandMax":null,"Value":5.161708898812},{"Length":0.5095771,"Height":10.11293,"Demand":1.0,"DemandMax":null,"Value":5.153317541903},{"Length":1.761714,"Height":2.922361,"Demand":1.0,"DemandMax":null,"Value":5.148364286754},{"Length":1.372141,"Height":3.741122,"Demand":1.0,"DemandMax":null,"Value":5.133346882202},{"Length":2.895993,"Height":1.77073,"Demand":1.0,"DemandMax":null,"Value":5.1280216848899993},{"Length":8.448942,"Height":0.6064572,"Demand":1.0,"DemandMax":null,"Value":5.1239217082824009},{"Length":3.794884,"Height":1.349191,"Demand":1.0,"DemandMax":null,"Value":5.1200233388440006},{"Length":0.8280396,"Height":6.183197,"Demand":1.0,"DemandMax":null,"Value":5.1199319706012},{"Length":5.61216,"Height":0.9118022,"Demand":1.0,"DemandMax":null,"Value":5.117179834752},{"Length":19.74498,"Height":0.2586724,"Demand":1.0,"DemandMax":null,"Value":5.107481364552001},{"Length":1.2202,"Height":4.185468,"Demand":1.0,"DemandMax":null,"Value":5.1071080536},{"Length":9.171597,"Height":0.5554978,"Demand":1.0,"DemandMax":null,"Value":5.0948019559866005},{"Length":2.991288,"Height":1.700776,"Demand":1.0,"DemandMax":null,"Value":5.087510839488},{"Length":13.3302,"Height":0.3807148,"Demand":1.0,"DemandMax":null,"Value":5.0750044269600005},{"Length":0.9742941,"Height":5.204485,"Demand":1.0,"DemandMax":null,"Value":5.0706990290385},{"Length":22.25034,"Height":0.2277237,"Demand":1.0,"DemandMax":null,"Value":5.0669297510580007},{"Length":21.20902,"Height":0.2384648,"Demand":1.0,"DemandMax":null,"Value":5.0576047124959995},{"Length":5.432188,"Height":0.9310324,"Demand":1.0,"DemandMax":null,"Value":5.0575430308912},{"Length":3.300604,"Height":1.531835,"Demand":1.0,"DemandMax":null,"Value":5.05598072834},{"Length":8.714478,"Height":0.5786591,"Demand":1.0,"DemandMax":null,"Value":5.0427119964498},{"Length":3.106111,"Height":1.621906,"Demand":1.0,"DemandMax":null,"Value":5.037820067566},{"Length":6.426108,"Height":0.7830778,"Demand":1.0,"DemandMax":null,"Value":5.0321425152024},{"Length":3.637816,"Height":1.383128,"Demand":1.0,"DemandMax":null,"Value":5.0315651684479992},{"Length":8.564409,"Height":0.5873327,"Demand":1.0,"DemandMax":null,"Value":5.0301574618743},{"Length":4.1041,"Height":1.22547,"Demand":1.0,"DemandMax":null,"Value":5.029451427},{"Length":21.15605,"Height":0.2376709,"Demand":1.0,"DemandMax":null,"Value":5.028177443945},{"Length":3.453287,"Height":1.455787,"Demand":1.0,"DemandMax":null,"Value":5.0272503218689994},{"Length":10.38589,"Height":0.4836394,"Demand":1.0,"DemandMax":null,"Value":5.023025608066},{"Length":9.839893,"Height":0.5100573,"Demand":1.0,"DemandMax":null,"Value":5.0189092558689},{"Length":0.8560813,"Height":5.859088,"Demand":1.0,"DemandMax":null,"Value":5.0158556718544},{"Length":4.242872,"Height":1.180842,"Demand":1.0,"DemandMax":null,"Value":5.010161458224},{"Length":0.8958858,"Height":5.589057,"Demand":1.0,"DemandMax":null,"Value":5.0071568016906},{"Length":2.110136,"Height":2.372007,"Demand":1.0,"DemandMax":null,"Value":5.0052573629519994},{"Length":4.234447,"Height":1.180842,"Demand":1.0,"DemandMax":null,"Value":5.000212864374},{"Length":5.212846,"Height":0.9591244,"Demand":1.0,"DemandMax":null,"Value":4.9997677920424},{"Length":6.233797,"Height":0.8012211,"Demand":1.0,"DemandMax":null,"Value":4.9946496895167005},{"Length":3.172153,"Height":1.572977,"Demand":1.0,"DemandMax":null,"Value":4.989723709481},{"Length":10.10321,"Height":0.4934785,"Demand":1.0,"DemandMax":null,"Value":4.985716915985},{"Length":1.185571,"Height":4.203697,"Demand":1.0,"DemandMax":null,"Value":4.983781255987},{"Length":1.644653,"Height":3.027983,"Demand":1.0,"DemandMax":null,"Value":4.979981324899},{"Length":3.172153,"Height":1.569068,"Demand":1.0,"DemandMax":null,"Value":4.977323763404},{"Length":1.848333,"Height":2.690816,"Demand":1.0,"DemandMax":null,"Value":4.973524009728},{"Length":3.950557,"Height":1.258605,"Demand":1.0,"DemandMax":null,"Value":4.972190792985},{"Length":20.27113,"Height":0.2450607,"Demand":1.0,"DemandMax":null,"Value":4.967657307591},{"Length":3.672777,"Height":1.349191,"Demand":1.0,"DemandMax":null,"Value":4.955277673407},{"Length":4.635452,"Height":1.068336,"Demand":1.0,"DemandMax":null,"Value":4.952220247872},{"Length":12.23114,"Height":0.4047131,"Demand":1.0,"DemandMax":null,"Value":4.950102585934},{"Length":14.49509,"Height":0.340669,"Demand":1.0,"DemandMax":null,"Value":4.93802781521},{"Length":5.898463,"Height":0.8371472,"Demand":1.0,"DemandMax":null,"Value":4.9378817847536},{"Length":2.052747,"Height":2.40032,"Demand":1.0,"DemandMax":null,"Value":4.92724967904},{"Length":1.016233,"Height":4.847131,"Demand":1.0,"DemandMax":null,"Value":4.925814477523},{"Length":0.8958858,"Height":5.49369,"Demand":1.0,"DemandMax":null,"Value":4.921718860602},{"Length":0.9454662,"Height":5.204485,"Demand":1.0,"DemandMax":null,"Value":4.920664655907},{"Length":1.156914,"Height":4.253015,"Demand":1.0,"DemandMax":null,"Value":4.9203725957100009},{"Length":4.414558,"Height":1.114243,"Demand":1.0,"DemandMax":null,"Value":4.9188903495940011},{"Length":2.340575,"Height":2.101274,"Demand":1.0,"DemandMax":null,"Value":4.9181893925499995},{"Length":1.611233,"Height":3.05197,"Demand":1.0,"DemandMax":null,"Value":4.91743477901},{"Length":4.237546,"Height":1.158922,"Demand":1.0,"DemandMax":null,"Value":4.910985285412},{"Length":6.631483,"Height":0.7404845,"Demand":1.0,"DemandMax":null,"Value":4.9105103735135005},{"Length":0.366868,"Height":13.38059,"Demand":1.0,"DemandMax":null,"Value":4.90891029212},{"Length":0.3616889,"Height":13.54682,"Demand":1.0,"DemandMax":null,"Value":4.899734424298},{"Length":2.366607,"Height":2.069893,"Demand":1.0,"DemandMax":null,"Value":4.898623263051},{"Length":0.4218462,"Height":11.58032,"Demand":1.0,"DemandMax":null,"Value":4.885113986784},{"Length":4.40062,"Height":1.109969,"Demand":1.0,"DemandMax":null,"Value":4.88455178078},{"Length":6.784346,"Height":0.7197784,"Demand":1.0,"DemandMax":null,"Value":4.8832257089264006},{"Length":4.496649,"Height":1.084,"Demand":1.0,"DemandMax":null,"Value":4.874367516},{"Length":21.15605,"Height":0.2301811,"Demand":1.0,"DemandMax":null,"Value":4.869722860655},{"Length":4.118708,"Height":1.180842,"Demand":1.0,"DemandMax":null,"Value":4.8635433921359992},{"Length":5.187519,"Height":0.9370729,"Demand":1.0,"DemandMax":null,"Value":4.8610834731351},{"Length":6.875813,"Height":0.7063141,"Demand":1.0,"DemandMax":null,"Value":4.8564836708633},{"Length":2.960504,"Height":1.638859,"Demand":1.0,"DemandMax":null,"Value":4.851848624936},{"Length":1.943459,"Height":2.495973,"Demand":1.0,"DemandMax":null,"Value":4.850821190607},{"Length":4.816693,"Height":1.007075,"Demand":1.0,"DemandMax":null,"Value":4.850771102975},{"Length":2.10477,"Height":2.293905,"Demand":1.0,"DemandMax":null,"Value":4.8281424268499995},{"Length":0.3855397,"Height":12.50852,"Demand":1.0,"DemandMax":null,"Value":4.8225310482440005},{"Length":6.544947,"Height":0.7357965,"Demand":1.0,"DemandMax":null,"Value":4.8157490952855},{"Length":1.142738,"Height":4.202591,"Demand":1.0,"DemandMax":null,"Value":4.802460434158},{"Length":2.768051,"Height":1.733508,"Demand":1.0,"DemandMax":null,"Value":4.798438552908},{"Length":10.40662,"Height":0.4608021,"Demand":1.0,"DemandMax":null,"Value":4.795392349902},{"Length":7.360744,"Height":0.6514375,"Demand":1.0,"DemandMax":null,"Value":4.7950646695},{"Length":1.477938,"Height":3.240612,"Demand":1.0,"DemandMax":null,"Value":4.789423618056},{"Length":1.250726,"Height":3.824012,"Demand":1.0,"DemandMax":null,"Value":4.782791232712},{"Length":15.7252,"Height":0.3026068,"Demand":1.0,"DemandMax":null,"Value":4.75855245136},{"Length":6.371675,"Height":0.7464312,"Demand":1.0,"DemandMax":null,"Value":4.7560170162599995},{"Length":10.3089,"Height":0.4606299,"Demand":1.0,"DemandMax":null,"Value":4.7485875761099994},{"Length":6.981927,"Height":0.6799762,"Demand":1.0,"DemandMax":null,"Value":4.7475441901374005},{"Length":2.487099,"Height":1.906806,"Demand":1.0,"DemandMax":null,"Value":4.742415295794},{"Length":0.8280396,"Height":5.719004,"Demand":1.0,"DemandMax":null,"Value":4.7355617845584},{"Length":2.879576,"Height":1.638859,"Demand":1.0,"DemandMax":null,"Value":4.719219043784},{"Length":3.172153,"Height":1.485436,"Demand":1.0,"DemandMax":null,"Value":4.712030263708},{"Length":3.663598,"Height":1.286075,"Demand":1.0,"DemandMax":null,"Value":4.7116617978500006},{"Length":0.4603854,"Height":10.22346,"Demand":1.0,"DemandMax":null,"Value":4.706731721484},{"Length":1.551607,"Height":3.024567,"Demand":1.0,"DemandMax":null,"Value":4.692939329169},{"Length":8.712003,"Height":0.5373732,"Demand":1.0,"DemandMax":null,"Value":4.6815969305196},{"Length":2.178469,"Height":2.147413,"Demand":1.0,"DemandMax":null,"Value":4.678072650697},{"Length":0.3249351,"Height":14.39171,"Demand":1.0,"DemandMax":null,"Value":4.6763717280209995},{"Length":6.354971,"Height":0.7357965,"Demand":1.0,"DemandMax":null,"Value":4.6759654194015},{"Length":0.7806281,"Height":5.983424,"Demand":1.0,"DemandMax":null,"Value":4.6708289086144008},{"Length":0.9635722,"Height":4.847131,"Demand":1.0,"DemandMax":null,"Value":4.6705606813582},{"Length":2.69733,"Height":1.731356,"Demand":1.0,"DemandMax":null,"Value":4.67003847948},{"Length":3.390269,"Height":1.375653,"Demand":1.0,"DemandMax":null,"Value":4.663833720657},{"Length":11.82602,"Height":0.3938593,"Demand":1.0,"DemandMax":null,"Value":4.657787958986},{"Length":3.864378,"Height":1.205006,"Demand":1.0,"DemandMax":null,"Value":4.656598676268},{"Length":0.4793835,"Height":9.706131,"Demand":1.0,"DemandMax":null,"Value":4.6529590502385},{"Length":20.9734,"Height":0.2218346,"Demand":1.0,"DemandMax":null,"Value":4.65262579964},{"Length":16.94977,"Height":0.2743404,"Demand":1.0,"DemandMax":null,"Value":4.650006681708},{"Length":2.611926,"Height":1.779553,"Demand":1.0,"DemandMax":null,"Value":4.648060749078},{"Length":1.830465,"Height":2.538552,"Demand":1.0,"DemandMax":null,"Value":4.64673058668},{"Length":8.887578,"Height":0.5219582,"Demand":1.0,"DemandMax":null,"Value":4.6389442152396},{"Length":2.023324,"Height":2.287181,"Demand":1.0,"DemandMax":null,"Value":4.627708209644},{"Length":3.660741,"Height":1.263737,"Demand":1.0,"DemandMax":null,"Value":4.626213849117},{"Length":0.3370047,"Height":13.71445,"Demand":1.0,"DemandMax":null,"Value":4.6218341079149994},{"Length":9.839893,"Height":0.4696726,"Demand":1.0,"DemandMax":null,"Value":4.6215281290318},{"Length":5.965351,"Height":0.7738038,"Demand":1.0,"DemandMax":null,"Value":4.6160112721338},{"Length":16.57378,"Height":0.2781889,"Demand":1.0,"DemandMax":null,"Value":4.610641627042},{"Length":2.010405,"Height":2.287181,"Demand":1.0,"DemandMax":null,"Value":4.598160118305},{"Length":1.624036,"Height":2.830991,"Demand":1.0,"DemandMax":null,"Value":4.597631299676},{"Length":8.781623,"Height":0.5232279,"Demand":1.0,"DemandMax":null,"Value":4.5947901608817},{"Length":2.768051,"Height":1.659342,"Demand":1.0,"DemandMax":null,"Value":4.593143282442},{"Length":1.840312,"Height":2.49298,"Demand":1.0,"DemandMax":null,"Value":4.58786100976},{"Length":7.360744,"Height":0.6230016,"Demand":1.0,"DemandMax":null,"Value":4.5857552891904},{"Length":12.0346,"Height":0.3809483,"Demand":1.0,"DemandMax":null,"Value":4.58456041118},{"Length":1.129777,"Height":4.053853,"Demand":1.0,"DemandMax":null,"Value":4.579949880781},{"Length":21.15605,"Height":0.216168,"Demand":1.0,"DemandMax":null,"Value":4.5732610164},{"Length":7.275588,"Height":0.6275606,"Demand":1.0,"DemandMax":null,"Value":4.5658723706328},{"Length":0.4242668,"Height":10.75256,"Demand":1.0,"DemandMax":null,"Value":4.5619542230080006},{"Length":7.674834,"Height":0.5939792,"Demand":1.0,"DemandMax":null,"Value":4.5586917594528},{"Length":6.233797,"Height":0.7306135,"Demand":1.0,"DemandMax":null,"Value":4.5544962444595},{"Length":8.285749,"Height":0.5494449,"Demand":1.0,"DemandMax":null,"Value":4.5525625307301},{"Length":2.487099,"Height":1.829477,"Demand":1.0,"DemandMax":null,"Value":4.550090417223},{"Length":8.392674,"Height":0.5416198,"Demand":1.0,"DemandMax":null,"Value":4.5456384133451992},{"Length":1.066094,"Height":4.260848,"Demand":1.0,"DemandMax":null,"Value":4.542464487712},{"Length":0.3657633,"Height":12.40944,"Demand":1.0,"DemandMax":null,"Value":4.538917725552},{"Length":14.66452,"Height":0.309257,"Demand":1.0,"DemandMax":null,"Value":4.53510546164},{"Length":1.372141,"Height":3.304242,"Demand":1.0,"DemandMax":null,"Value":4.533885922122},{"Length":0.9508054,"Height":4.765116,"Demand":1.0,"DemandMax":null,"Value":4.5306980244264},{"Length":1.17163,"Height":3.866526,"Demand":1.0,"DemandMax":null,"Value":4.53013785738},{"Length":12.4311,"Height":0.3642064,"Demand":1.0,"DemandMax":null,"Value":4.52748617904},{"Length":1.546529,"Height":2.925449,"Demand":1.0,"DemandMax":null,"Value":4.524291716521},{"Length":2.589419,"Height":1.744692,"Demand":1.0,"DemandMax":null,"Value":4.517738613948},{"Length":0.5361772,"Height":8.424116,"Demand":1.0,"DemandMax":null,"Value":4.5168189293552},{"Length":2.611926,"Height":1.729072,"Demand":1.0,"DemandMax":null,"Value":4.5162081126719995},{"Length":3.846087,"Height":1.174182,"Demand":1.0,"DemandMax":null,"Value":4.516006125834},{"Length":6.310793,"Height":0.7143619,"Demand":1.0,"DemandMax":null,"Value":4.5081900779867006},{"Length":0.7679548,"Height":5.859088,"Demand":1.0,"DemandMax":null,"Value":4.4995147532224005},{"Length":1.11052,"Height":4.051075,"Demand":1.0,"DemandMax":null,"Value":4.4987998089999994},{"Length":12.10662,"Height":0.3714416,"Demand":1.0,"DemandMax":null,"Value":4.496902303392},{"Length":1.108573,"Height":4.053853,"Demand":1.0,"DemandMax":null,"Value":4.4939919817690006},{"Length":2.69733,"Height":1.661495,"Demand":1.0,"DemandMax":null,"Value":4.48160030835},{"Length":16.994,"Height":0.2629322,"Demand":1.0,"DemandMax":null,"Value":4.4682698068},{"Length":2.230344,"Height":2.002781,"Demand":1.0,"DemandMax":null,"Value":4.466890586664},{"Length":20.53284,"Height":0.2174422,"Demand":1.0,"DemandMax":null,"Value":4.464705901848},{"Length":5.042183,"Height":0.8840553,"Demand":1.0,"DemandMax":null,"Value":4.4575686047198992},{"Length":3.44619,"Height":1.293331,"Demand":1.0,"DemandMax":null,"Value":4.45706435889},{"Length":5.056482,"Height":0.8811153,"Demand":1.0,"DemandMax":null,"Value":4.4553436543746},{"Length":10.30347,"Height":0.4319904,"Demand":1.0,"DemandMax":null,"Value":4.451000126688},{"Length":1.179481,"Height":3.77073,"Demand":1.0,"DemandMax":null,"Value":4.44750439113},{"Length":0.3532998,"Height":12.57627,"Demand":1.0,"DemandMax":null,"Value":4.4431936757459995},{"Length":1.974923,"Height":2.249471,"Demand":1.0,"DemandMax":null,"Value":4.4425320157330006},{"Length":1.467803,"Height":3.024567,"Demand":1.0,"DemandMax":null,"Value":4.439468516301},{"Length":10.2263,"Height":0.4337061,"Demand":1.0,"DemandMax":null,"Value":4.43520869043},{"Length":1.761714,"Height":2.517193,"Demand":1.0,"DemandMax":null,"Value":4.434574148802},{"Length":3.083547,"Height":1.43675,"Demand":1.0,"DemandMax":null,"Value":4.43028615225},{"Length":6.986322,"Height":0.6329449,"Demand":1.0,"DemandMax":null,"Value":4.4219568796578006},{"Length":1.737773,"Height":2.538024,"Demand":1.0,"DemandMax":null,"Value":4.4105095805520005},{"Length":4.871503,"Height":0.9051993,"Demand":1.0,"DemandMax":null,"Value":4.4096811055479},{"Length":2.778168,"Height":1.586628,"Demand":1.0,"DemandMax":null,"Value":4.407919137504},{"Length":8.513819,"Height":0.5161321,"Demand":1.0,"DemandMax":null,"Value":4.3942552794899},{"Length":3.580057,"Height":1.226833,"Demand":1.0,"DemandMax":null,"Value":4.3921320694810007},{"Length":7.985559,"Height":0.5494449,"Demand":1.0,"DemandMax":null,"Value":4.3876246661991},{"Length":9.081587,"Height":0.4828078,"Demand":1.0,"DemandMax":null,"Value":4.3846610399786},{"Length":4.973258,"Height":0.8811153,"Demand":1.0,"DemandMax":null,"Value":4.3820137146474005},{"Length":0.9031343,"Height":4.847131,"Demand":1.0,"DemandMax":null,"Value":4.3776102626933},{"Length":6.973163,"Height":0.6275606,"Demand":1.0,"DemandMax":null,"Value":4.3760823561777995},{"Length":20.27113,"Height":0.2157414,"Demand":1.0,"DemandMax":null,"Value":4.373321965782},{"Length":1.158949,"Height":3.77073,"Demand":1.0,"DemandMax":null,"Value":4.37008376277},{"Length":13.51624,"Height":0.3229971,"Demand":1.0,"DemandMax":null,"Value":4.365706322904},{"Length":3.547476,"Height":1.22932,"Demand":1.0,"DemandMax":null,"Value":4.36098319632},{"Length":1.717668,"Height":2.538024,"Demand":1.0,"DemandMax":null,"Value":4.359482608032},{"Length":8.737872,"Height":0.498759,"Demand":1.0,"DemandMax":null,"Value":4.358092300848},{"Length":9.413857,"Height":0.4626485,"Demand":1.0,"DemandMax":null,"Value":4.3553068202645004},{"Length":2.029416,"Height":2.145976,"Demand":1.0,"DemandMax":null,"Value":4.355078030016},{"Length":2.837891,"Height":1.531835,"Demand":1.0,"DemandMax":null,"Value":4.347180759985},{"Length":1.226316,"Height":3.541539,"Demand":1.0,"DemandMax":null,"Value":4.343045940324},{"Length":2.22963,"Height":1.946339,"Demand":1.0,"DemandMax":null,"Value":4.33961582457},{"Length":5.487116,"Height":0.7902132,"Demand":1.0,"DemandMax":null,"Value":4.3359914931312},{"Length":1.676289,"Height":2.583133,"Demand":1.0,"DemandMax":null,"Value":4.330077433437},{"Length":17.49984,"Height":0.2466202,"Demand":1.0,"DemandMax":null,"Value":4.315814040768},{"Length":0.3848836,"Height":11.21136,"Demand":1.0,"DemandMax":null,"Value":4.315068597696},{"Length":0.6825023,"Height":6.314845,"Demand":1.0,"DemandMax":null,"Value":4.3098962366435},{"Length":1.676289,"Height":2.56223,"Demand":1.0,"DemandMax":null,"Value":4.29503796447},{"Length":4.63171,"Height":0.9273012,"Demand":1.0,"DemandMax":null,"Value":4.294990241052},{"Length":4.563464,"Height":0.940975,"Demand":1.0,"DemandMax":null,"Value":4.2941055374},{"Length":10.10321,"Height":0.4247452,"Demand":1.0,"DemandMax":null,"Value":4.291289952092},{"Length":2.259888,"Height":1.895524,"Demand":1.0,"DemandMax":null,"Value":4.283671941312},{"Length":1.716079,"Height":2.495973,"Demand":1.0,"DemandMax":null,"Value":4.283286849867},{"Length":17.49984,"Height":0.2446481,"Demand":1.0,"DemandMax":null,"Value":4.281302606304},{"Length":1.19575,"Height":3.580421,"Demand":1.0,"DemandMax":null,"Value":4.28128841075},{"Length":1.106672,"Height":3.866526,"Demand":1.0,"DemandMax":null,"Value":4.278976061472},{"Length":8.377474,"Height":0.5106308,"Demand":1.0,"DemandMax":null,"Value":4.2777962505992},{"Length":1.286057,"Height":3.320184,"Demand":1.0,"DemandMax":null,"Value":4.269945874488},{"Length":12.26174,"Height":0.3480885,"Demand":1.0,"DemandMax":null,"Value":4.26817068399},{"Length":8.457355,"Height":0.5041886,"Demand":1.0,"DemandMax":null,"Value":4.2641019771529995},{"Length":4.40062,"Height":0.9685591,"Demand":1.0,"DemandMax":null,"Value":4.262260546642},{"Length":1.422556,"Height":2.995974,"Demand":1.0,"DemandMax":null,"Value":4.261940789544},{"Length":6.631483,"Height":0.6426439,"Demand":1.0,"DemandMax":null,"Value":4.2616820979037007},{"Length":4.414558,"Height":0.9642845,"Demand":1.0,"DemandMax":null,"Value":4.2568898537510007},{"Length":15.05504,"Height":0.2822319,"Demand":1.0,"DemandMax":null,"Value":4.249012543776},{"Length":5.882978,"Height":0.7197784,"Demand":1.0,"DemandMax":null,"Value":4.2344404920752},{"Length":1.970329,"Height":2.147413,"Demand":1.0,"DemandMax":null,"Value":4.231110108877},{"Length":4.570306,"Height":0.9252377,"Demand":1.0,"DemandMax":null,"Value":4.2286194117362008},{"Length":0.8065547,"Height":5.241195,"Demand":1.0,"DemandMax":null,"Value":4.2273104608665},{"Length":5.772583,"Height":0.7317974,"Demand":1.0,"DemandMax":null,"Value":4.2243612306842007},{"Length":2.230344,"Height":1.893692,"Demand":1.0,"DemandMax":null,"Value":4.2235845900480005},{"Length":0.9691629,"Height":4.347782,"Demand":1.0,"DemandMax":null,"Value":4.2137090116878},{"Length":20.50444,"Height":0.2052468,"Demand":1.0,"DemandMax":null,"Value":4.208470695792},{"Length":3.574657,"Height":1.17724,"Demand":1.0,"DemandMax":null,"Value":4.2082292066800004},{"Length":4.094904,"Height":1.027356,"Demand":1.0,"DemandMax":null,"Value":4.2069241938239994},{"Length":2.257371,"Height":1.863314,"Demand":1.0,"DemandMax":null,"Value":4.206190987494},{"Length":7.16079,"Height":0.5873327,"Demand":1.0,"DemandMax":null,"Value":4.2057661248330005},{"Length":0.4294841,"Height":9.790928,"Demand":1.0,"DemandMax":null,"Value":4.2050479002447991},{"Length":2.085375,"Height":2.0159,"Demand":1.0,"DemandMax":null,"Value":4.2039074624999992},{"Length":8.170692,"Height":0.5140884,"Demand":1.0,"DemandMax":null,"Value":4.2004579771728006},{"Length":8.364268,"Height":0.5020335,"Demand":1.0,"DemandMax":null,"Value":4.199142738978},{"Length":8.457355,"Height":0.4963815,"Demand":1.0,"DemandMax":null,"Value":4.1980745609325},{"Length":1.644653,"Height":2.544727,"Demand":1.0,"DemandMax":null,"Value":4.1851928947309993},{"Length":0.3775974,"Height":11.08275,"Demand":1.0,"DemandMax":null,"Value":4.18481758485},{"Length":1.226316,"Height":3.41116,"Demand":1.0,"DemandMax":null,"Value":4.18316008656},{"Length":1.639553,"Height":2.550023,"Demand":1.0,"DemandMax":null,"Value":4.180897859719},{"Length":4.246771,"Height":0.9842315,"Demand":1.0,"DemandMax":null,"Value":4.1798057914865},{"Length":2.608412,"Height":1.601298,"Demand":1.0,"DemandMax":null,"Value":4.176844918776},{"Length":2.745977,"Height":1.521063,"Demand":1.0,"DemandMax":null,"Value":4.176804013551},{"Length":1.848333,"Height":2.259249,"Demand":1.0,"DemandMax":null,"Value":4.175844481917},{"Length":2.029416,"Height":2.056615,"Demand":1.0,"DemandMax":null,"Value":4.1737273868399996},{"Length":5.797741,"Height":0.7197784,"Demand":1.0,"DemandMax":null,"Value":4.1730887405944008},{"Length":0.6465254,"Height":6.454488,"Demand":1.0,"DemandMax":null,"Value":4.1729904359951995},{"Length":0.3603385,"Height":11.58032,"Demand":1.0,"DemandMax":null,"Value":4.17283513832},{"Length":6.583737,"Height":0.6333928,"Demand":1.0,"DemandMax":null,"Value":4.1700916128936},{"Length":3.417553,"Height":1.219753,"Demand":1.0,"DemandMax":null,"Value":4.168570524409},{"Length":2.574723,"Height":1.618396,"Demand":1.0,"DemandMax":null,"Value":4.166921404308},{"Length":8.059965,"Height":0.5161321,"Demand":1.0,"DemandMax":null,"Value":4.1600066613765},{"Length":0.3376766,"Height":12.31382,"Demand":1.0,"DemandMax":null,"Value":4.158088870612},{"Length":0.3030072,"Height":13.71445,"Demand":1.0,"DemandMax":null,"Value":4.15557709404},{"Length":5.084254,"Height":0.8165805,"Demand":1.0,"DemandMax":null,"Value":4.151702673447},{"Length":2.056264,"Height":2.018442,"Demand":1.0,"DemandMax":null,"Value":4.150449620688},{"Length":14.70652,"Height":0.2820709,"Demand":1.0,"DemandMax":null,"Value":4.148281332268},{"Length":4.444561,"Height":0.93306,"Demand":1.0,"DemandMax":null,"Value":4.14704208666},{"Length":6.304934,"Height":0.6572951,"Demand":1.0,"DemandMax":null,"Value":4.1442022240234007},{"Length":0.2040294,"Height":20.28941,"Demand":1.0,"DemandMax":null,"Value":4.139636148654},{"Length":1.415541,"Height":2.919166,"Demand":1.0,"DemandMax":null,"Value":4.132199158806},{"Length":4.816693,"Height":0.8562393,"Demand":1.0,"DemandMax":null,"Value":4.1242418426349},{"Length":2.571003,"Height":1.599528,"Demand":1.0,"DemandMax":null,"Value":4.1123912865840007},{"Length":0.7468015,"Height":5.503036,"Demand":1.0,"DemandMax":null,"Value":4.109675539354},{"Length":3.272672,"Height":1.253985,"Demand":1.0,"DemandMax":null,"Value":4.10388159792},{"Length":2.503232,"Height":1.638859,"Demand":1.0,"DemandMax":null,"Value":4.102444292288},{"Length":6.857659,"Height":0.5977219,"Demand":1.0,"DemandMax":null,"Value":4.0989729670321005},{"Length":4.521879,"Height":0.9036753,"Demand":1.0,"DemandMax":null,"Value":4.0863103618887},{"Length":1.589056,"Height":2.571518,"Demand":1.0,"DemandMax":null,"Value":4.086286107008},{"Length":6.260113,"Height":0.6509688,"Demand":1.0,"DemandMax":null,"Value":4.0751382474744},{"Length":0.220767,"Height":18.45501,"Demand":1.0,"DemandMax":null,"Value":4.07425719267},{"Length":2.22963,"Height":1.825072,"Demand":1.0,"DemandMax":null,"Value":4.0692352833599994},{"Length":1.079074,"Height":3.77073,"Demand":1.0,"DemandMax":null,"Value":4.06889670402},{"Length":5.212846,"Height":0.7798069,"Demand":1.0,"DemandMax":null,"Value":4.0650132794374},{"Length":0.7372857,"Height":5.503036,"Demand":1.0,"DemandMax":null,"Value":4.0573097493852},{"Length":2.532384,"Height":1.601298,"Demand":1.0,"DemandMax":null,"Value":4.055101434432},{"Length":8.170692,"Height":0.4961734,"Demand":1.0,"DemandMax":null,"Value":4.0540800299928},{"Length":7.843189,"Height":0.516862,"Demand":1.0,"DemandMax":null,"Value":4.053846352918},{"Length":0.6290677,"Height":6.44057,"Demand":1.0,"DemandMax":null,"Value":4.051554556589},{"Length":19.1322,"Height":0.2112781,"Demand":1.0,"DemandMax":null,"Value":4.04221486482},{"Length":1.797077,"Height":2.244344,"Demand":1.0,"DemandMax":null,"Value":4.033258982488},{"Length":1.19575,"Height":3.372277,"Demand":1.0,"DemandMax":null,"Value":4.0324002227500007},{"Length":0.9614714,"Height":4.185468,"Demand":1.0,"DemandMax":null,"Value":4.0242077776152},{"Length":0.2892267,"Height":13.90449,"Demand":1.0,"DemandMax":null,"Value":4.021549757883},{"Length":0.2903956,"Height":13.84358,"Demand":1.0,"DemandMax":null,"Value":4.0201147202479994},{"Length":2.424665,"Height":1.657635,"Demand":1.0,"DemandMax":null,"Value":4.019209567275},{"Length":15.46668,"Height":0.2597893,"Demand":1.0,"DemandMax":null,"Value":4.018077970524},{"Length":5.772583,"Height":0.6960509,"Demand":1.0,"DemandMax":null,"Value":4.0180115924747},{"Length":1.229852,"Height":3.265856,"Demand":1.0,"DemandMax":null,"Value":4.016519533312},{"Length":2.885914,"Height":1.391542,"Demand":1.0,"DemandMax":null,"Value":4.0158705393880005},{"Length":1.209118,"Height":3.320184,"Demand":1.0,"DemandMax":null,"Value":4.0144942377119994},{"Length":1.367021,"Height":2.933289,"Demand":1.0,"DemandMax":null,"Value":4.0098676620689995},{"Length":0.5763222,"Height":6.952699,"Demand":1.0,"DemandMax":null,"Value":4.0069947836178},{"Length":4.203393,"Height":0.9510718,"Demand":1.0,"DemandMax":null,"Value":3.9977285466174},{"Length":18.96476,"Height":0.2106341,"Demand":1.0,"DemandMax":null,"Value":3.9946251543159996},{"Length":7.721549,"Height":0.516862,"Demand":1.0,"DemandMax":null,"Value":3.9909752592380006},{"Length":13.82092,"Height":0.2884587,"Demand":1.0,"DemandMax":null,"Value":3.986764616004},{"Length":2.489213,"Height":1.601298,"Demand":1.0,"DemandMax":null,"Value":3.985971798474},{"Length":4.029595,"Height":0.9878868,"Demand":1.0,"DemandMax":null,"Value":3.9807837098459995},{"Length":1.098433,"Height":3.621858,"Demand":1.0,"DemandMax":null,"Value":3.978368348514},{"Length":2.230344,"Height":1.783715,"Demand":1.0,"DemandMax":null,"Value":3.97829804796},{"Length":0.256181,"Height":15.50607,"Demand":1.0,"DemandMax":null,"Value":3.9723605186699995},{"Length":0.9670628,"Height":4.098382,"Demand":1.0,"DemandMax":null,"Value":3.9633927723896},{"Length":12.46443,"Height":0.3174168,"Demand":1.0,"DemandMax":null,"Value":3.956419484424},{"Length":3.830143,"Height":1.032642,"Demand":1.0,"DemandMax":null,"Value":3.9551665278060004},{"Length":1.295579,"Height":3.05197,"Demand":1.0,"DemandMax":null,"Value":3.95406824063},{"Length":0.2813169,"Height":14.05357,"Demand":1.0,"DemandMax":null,"Value":3.953506746333},{"Length":1.646694,"Height":2.40032,"Demand":1.0,"DemandMax":null,"Value":3.95259254208},{"Length":1.090925,"Height":3.622351,"Demand":1.0,"DemandMax":null,"Value":3.951713264675},{"Length":2.996891,"Height":1.31637,"Demand":1.0,"DemandMax":null,"Value":3.9450174056700003},{"Length":0.7164572,"Height":5.503036,"Demand":1.0,"DemandMax":null,"Value":3.9426897640592},{"Length":1.302822,"Height":3.02374,"Demand":1.0,"DemandMax":null,"Value":3.9393949942799997},{"Length":3.110796,"Height":1.265793,"Demand":1.0,"DemandMax":null,"Value":3.937623801228},{"Length":11.31067,"Height":0.3479825,"Demand":1.0,"DemandMax":null,"Value":3.935915223275},{"Length":0.5378382,"Height":7.31249,"Demand":1.0,"DemandMax":null,"Value":3.9329364591180007},{"Length":6.304934,"Height":0.6236224,"Demand":1.0,"DemandMax":null,"Value":3.9318980729216},{"Length":0.316739,"Height":12.40944,"Demand":1.0,"DemandMax":null,"Value":3.93055361616},{"Length":4.211904,"Height":0.93306,"Demand":1.0,"DemandMax":null,"Value":3.92995914624},{"Length":2.453999,"Height":1.601298,"Demand":1.0,"DemandMax":null,"Value":3.9295836907020005},{"Length":7.674834,"Height":0.5117817,"Demand":1.0,"DemandMax":null,"Value":3.9278395917377997},{"Length":2.22963,"Height":1.760954,"Demand":1.0,"DemandMax":null,"Value":3.9262758670199993},{"Length":3.19703,"Height":1.22734,"Demand":1.0,"DemandMax":null,"Value":3.9238428002},{"Length":0.3499792,"Height":11.21136,"Demand":1.0,"DemandMax":null,"Value":3.9237428037120003},{"Length":5.61216,"Height":0.6974446,"Demand":1.0,"DemandMax":null,"Value":3.914170686336},{"Length":0.8992847,"Height":4.347782,"Demand":1.0,"DemandMax":null,"Value":3.9098938315354},{"Length":1.333636,"Height":2.925449,"Demand":1.0,"DemandMax":null,"Value":3.901484102564},{"Length":0.4264798,"Height":9.142857,"Demand":1.0,"DemandMax":null,"Value":3.8992438247886},{"Length":12.30161,"Height":0.316557,"Demand":1.0,"DemandMax":null,"Value":3.89416075677},{"Length":12.46443,"Height":0.3124105,"Demand":1.0,"DemandMax":null,"Value":3.894018808515},{"Length":10.02974,"Height":0.3878456,"Demand":1.0,"DemandMax":null,"Value":3.889990528144},{"Length":1.624036,"Height":2.392667,"Demand":1.0,"DemandMax":null,"Value":3.885777344012},{"Length":0.873493,"Height":4.446914,"Demand":1.0,"DemandMax":null,"Value":3.8843482506019993},{"Length":2.230344,"Height":1.740156,"Demand":1.0,"DemandMax":null,"Value":3.881146493664},{"Length":1.168423,"Height":3.320184,"Demand":1.0,"DemandMax":null,"Value":3.879379349832},{"Length":1.761714,"Height":2.201985,"Demand":1.0,"DemandMax":null,"Value":3.8792678022900002},{"Length":0.9429995,"Height":4.111494,"Demand":1.0,"DemandMax":null,"Value":3.877136786253},{"Length":3.155472,"Height":1.22734,"Demand":1.0,"DemandMax":null,"Value":3.8728370044800005},{"Length":4.154601,"Height":0.9321505,"Demand":1.0,"DemandMax":null,"Value":3.8727133994505003},{"Length":1.523893,"Height":2.538024,"Demand":1.0,"DemandMax":null,"Value":3.867677007432},{"Length":5.266604,"Height":0.7340837,"Demand":1.0,"DemandMax":null,"Value":3.8661281507548},{"Length":3.44619,"Height":1.121098,"Demand":1.0,"DemandMax":null,"Value":3.86351671662},{"Length":3.87273,"Height":0.9971569,"Demand":1.0,"DemandMax":null,"Value":3.8617194413369997},{"Length":6.523511,"Height":0.5918179,"Demand":1.0,"DemandMax":null,"Value":3.8607305806469},{"Length":0.2681585,"Height":14.39171,"Demand":1.0,"DemandMax":null,"Value":3.8592593660350003},{"Length":3.774368,"Height":1.021358,"Demand":1.0,"DemandMax":null,"Value":3.854980951744},{"Length":11.82602,"Height":0.3259192,"Demand":1.0,"DemandMax":null,"Value":3.8543269775840003},{"Length":2.230344,"Height":1.727374,"Demand":1.0,"DemandMax":null,"Value":3.852638236656},{"Length":8.640037,"Height":0.4454491,"Demand":1.0,"DemandMax":null,"Value":3.8486967056166996},{"Length":14.24875,"Height":0.2697233,"Demand":1.0,"DemandMax":null,"Value":3.8432198708749996},{"Length":6.491289,"Height":0.5918179,"Demand":1.0,"DemandMax":null,"Value":3.8416610242731},{"Length":4.203393,"Height":0.9122421,"Demand":1.0,"DemandMax":null,"Value":3.8345120574452998},{"Length":4.144172,"Height":0.9252377,"Demand":1.0,"DemandMax":null,"Value":3.8343441696844005},{"Length":1.774963,"Height":2.160208,"Demand":1.0,"DemandMax":null,"Value":3.834289272304},{"Length":1.016086,"Height":3.77073,"Demand":1.0,"DemandMax":null,"Value":3.83138596278},{"Length":7.300354,"Height":0.524627,"Demand":1.0,"DemandMax":null,"Value":3.8299628179579996},{"Length":2.570359,"Height":1.488509,"Demand":1.0,"DemandMax":null,"Value":3.826002504731},{"Length":2.571003,"Height":1.487076,"Demand":1.0,"DemandMax":null,"Value":3.8232768572280005},{"Length":13.60765,"Height":0.2809255,"Demand":1.0,"DemandMax":null,"Value":3.8227358800749998},{"Length":4.060647,"Height":0.9414022,"Demand":1.0,"DemandMax":null,"Value":3.8227020192234002},{"Length":7.482198,"Height":0.5097069,"Demand":1.0,"DemandMax":null,"Value":3.8137279477662},{"Length":1.162803,"Height":3.275294,"Demand":1.0,"DemandMax":null,"Value":3.808521689082},{"Length":1.298305,"Height":2.933289,"Demand":1.0,"DemandMax":null,"Value":3.8083037751449997},{"Length":3.103791,"Height":1.226294,"Demand":1.0,"DemandMax":null,"Value":3.8061602805540002},{"Length":3.172153,"Height":1.199671,"Demand":1.0,"DemandMax":null,"Value":3.8055399616629995},{"Length":0.6913086,"Height":5.503036,"Demand":1.0,"DemandMax":null,"Value":3.8042961129096002},{"Length":0.4480726,"Height":8.487754,"Demand":1.0,"DemandMax":null,"Value":3.8031300029404003},{"Length":6.426108,"Height":0.5913274,"Demand":1.0,"DemandMax":null,"Value":3.7999337357591996},{"Length":1.853338,"Height":2.049397,"Demand":1.0,"DemandMax":null,"Value":3.7982253371859995},{"Length":9.32918,"Height":0.406441,"Demand":1.0,"DemandMax":null,"Value":3.79176124838},{"Length":15.7252,"Height":0.241034,"Demand":1.0,"DemandMax":null,"Value":3.7903078567999997},{"Length":7.482198,"Height":0.5064012,"Demand":1.0,"DemandMax":null,"Value":3.7889940458376},{"Length":4.192599,"Height":0.9036753,"Demand":1.0,"DemandMax":null,"Value":3.7887481591047},{"Length":2.340972,"Height":1.618396,"Demand":1.0,"DemandMax":null,"Value":3.7886197209119996},{"Length":16.70074,"Height":0.2268337,"Demand":1.0,"DemandMax":null,"Value":3.788290646938},{"Length":2.635552,"Height":1.43675,"Demand":1.0,"DemandMax":null,"Value":3.7866293360000003},{"Length":6.885293,"Height":0.5494449,"Demand":1.0,"DemandMax":null,"Value":3.7830891238557},{"Length":12.26174,"Height":0.3076942,"Demand":1.0,"DemandMax":null,"Value":3.7728662799079995},{"Length":5.084254,"Height":0.7420169,"Demand":1.0,"DemandMax":null,"Value":3.7726023918925997},{"Length":12.46443,"Height":0.3023232,"Demand":1.0,"DemandMax":null,"Value":3.7682863637760002},{"Length":14.24875,"Height":0.2639696,"Demand":1.0,"DemandMax":null,"Value":3.7612368380000003},{"Length":10.4617,"Height":0.3593576,"Demand":1.0,"DemandMax":null,"Value":3.7594914039200003},{"Length":4.060647,"Height":0.9254191,"Demand":1.0,"DemandMax":null,"Value":3.7578002921577007},{"Length":8.279525,"Height":0.453524,"Demand":1.0,"DemandMax":null,"Value":3.7549632960999997},{"Length":2.365458,"Height":1.586628,"Demand":1.0,"DemandMax":null,"Value":3.7531018956239994},{"Length":2.930701,"Height":1.280414,"Demand":1.0,"DemandMax":null,"Value":3.752510590214},{"Length":2.487099,"Height":1.507867,"Demand":1.0,"DemandMax":null,"Value":3.7502145078330003},{"Length":0.7735384,"Height":4.847131,"Demand":1.0,"DemandMax":null,"Value":3.7494419583304},{"Length":0.2813702,"Height":13.32105,"Demand":1.0,"DemandMax":null,"Value":3.74814650271},{"Length":0.7778541,"Height":4.8183,"Demand":1.0,"DemandMax":null,"Value":3.7479344100299996},{"Length":1.676289,"Height":2.235255,"Demand":1.0,"DemandMax":null,"Value":3.7469333686949997},{"Length":1.180758,"Height":3.170323,"Demand":1.0,"DemandMax":null,"Value":3.7433842448339996},{"Length":8.392674,"Height":0.4459186,"Demand":1.0,"DemandMax":null,"Value":3.7424494403364},{"Length":1.557855,"Height":2.40032,"Demand":1.0,"DemandMax":null,"Value":3.7393505136},{"Length":2.602705,"Height":1.43588,"Demand":1.0,"DemandMax":null,"Value":3.7371720554},{"Length":1.143685,"Height":3.265856,"Demand":1.0,"DemandMax":null,"Value":3.73511051936},{"Length":0.8584092,"Height":4.347782,"Demand":1.0,"DemandMax":null,"Value":3.7321760683943994},{"Length":16.70074,"Height":0.2234005,"Demand":1.0,"DemandMax":null,"Value":3.73095366637},{"Length":13.60765,"Height":0.2740572,"Demand":1.0,"DemandMax":null,"Value":3.72927445758},{"Length":0.4294841,"Height":8.664078,"Demand":1.0,"DemandMax":null,"Value":3.7210837421598},{"Length":0.5764434,"Height":6.454488,"Demand":1.0,"DemandMax":null,"Value":3.7206470079792},{"Length":6.537535,"Height":0.5689681,"Demand":1.0,"DemandMax":null,"Value":3.7196488676335},{"Length":2.964337,"Height":1.253985,"Demand":1.0,"DemandMax":null,"Value":3.717234132945},{"Length":1.379715,"Height":2.693149,"Demand":1.0,"DemandMax":null,"Value":3.715778072535},{"Length":5.432188,"Height":0.6835064,"Demand":1.0,"DemandMax":null,"Value":3.7129352640031996},{"Length":3.272835,"Height":1.13268,"Demand":1.0,"DemandMax":null,"Value":3.7070747477999997},{"Length":4.1041,"Height":0.9031465,"Demand":1.0,"DemandMax":null,"Value":3.7066035506499997},{"Length":2.984258,"Height":1.241716,"Demand":1.0,"DemandMax":null,"Value":3.7056009067280002},{"Length":2.334914,"Height":1.586628,"Demand":1.0,"DemandMax":null,"Value":3.7046399299919996},{"Length":1.774963,"Height":2.086391,"Demand":1.0,"DemandMax":null,"Value":3.703266828533},{"Length":2.22963,"Height":1.658498,"Demand":1.0,"DemandMax":null,"Value":3.6978368957399996},{"Length":1.162803,"Height":3.179195,"Demand":1.0,"DemandMax":null,"Value":3.696777483585},{"Length":2.113199,"Height":1.749336,"Demand":1.0,"DemandMax":null,"Value":3.6966950858639995},{"Length":3.774368,"Height":0.9792808,"Demand":1.0,"DemandMax":null,"Value":3.6961661145343996},{"Length":13.60765,"Height":0.2715116,"Demand":1.0,"DemandMax":null,"Value":3.69463482374},{"Length":10.30347,"Height":0.3582228,"Demand":1.0,"DemandMax":null,"Value":3.6909378731160003},{"Length":2.930701,"Height":1.257611,"Demand":1.0,"DemandMax":null,"Value":3.6856818153110003},{"Length":0.9756352,"Height":3.77073,"Demand":1.0,"DemandMax":null,"Value":3.678856917696},{"Length":0.366868,"Height":10.00752,"Demand":1.0,"DemandMax":null,"Value":3.67143884736},{"Length":0.2813702,"Height":13.04536,"Demand":1.0,"DemandMax":null,"Value":3.6705755522720005},{"Length":3.125549,"Height":1.17401,"Demand":1.0,"DemandMax":null,"Value":3.6694257814899998},{"Length":3.126355,"Height":1.172596,"Demand":1.0,"DemandMax":null,"Value":3.66595136758},{"Length":2.288283,"Height":1.601298,"Demand":1.0,"DemandMax":null,"Value":3.664222991334},{"Length":1.221072,"Height":2.995974,"Demand":1.0,"DemandMax":null,"Value":3.6582999641279996},{"Length":6.118073,"Height":0.5977219,"Demand":1.0,"DemandMax":null,"Value":3.6569062178987},{"Length":3.111459,"Height":1.17401,"Demand":1.0,"DemandMax":null,"Value":3.65288398059},{"Length":0.2709103,"Height":13.47877,"Demand":1.0,"DemandMax":null,"Value":3.651537624331},{"Length":0.2964356,"Height":12.31382,"Demand":1.0,"DemandMax":null,"Value":3.6502546199920003},{"Length":6.335676,"Height":0.576123,"Demand":1.0,"DemandMax":null,"Value":3.6501286641480006},{"Length":0.3393174,"Height":10.75256,"Demand":1.0,"DemandMax":null,"Value":3.6485307025440004},{"Length":2.571003,"Height":1.41842,"Demand":1.0,"DemandMax":null,"Value":3.6467620752600003},{"Length":3.103791,"Height":1.174026,"Demand":1.0,"DemandMax":null,"Value":3.6439313325660003},{"Length":6.473936,"Height":0.5625474,"Demand":1.0,"DemandMax":null,"Value":3.6418958645664},{"Length":4.491055,"Height":0.810182,"Demand":1.0,"DemandMax":null,"Value":3.63857192201},{"Length":0.2903956,"Height":12.52282,"Demand":1.0,"DemandMax":null,"Value":3.6365718275919994},{"Length":0.8524349,"Height":4.260848,"Demand":1.0,"DemandMax":null,"Value":3.6320955387952},{"Length":9.839893,"Height":0.3685541,"Demand":1.0,"DemandMax":null,"Value":3.6265329087113},{"Length":2.571003,"Height":1.410116,"Demand":1.0,"DemandMax":null,"Value":3.625412466348},{"Length":2.877251,"Height":1.258605,"Demand":1.0,"DemandMax":null,"Value":3.621322494855},{"Length":5.516015,"Height":0.6555509,"Demand":1.0,"DemandMax":null,"Value":3.6160285976635005},{"Length":12.30161,"Height":0.2934684,"Demand":1.0,"DemandMax":null,"Value":3.610133804124},{"Length":0.9965602,"Height":3.622351,"Demand":1.0,"DemandMax":null,"Value":3.6098908370302003},{"Length":4.635452,"Height":0.7782215,"Demand":1.0,"DemandMax":null,"Value":3.607408408618},{"Length":0.5618376,"Height":6.416003,"Demand":1.0,"DemandMax":null,"Value":3.6047517271128005},{"Length":0.2892267,"Height":12.46192,"Demand":1.0,"DemandMax":null,"Value":3.6043199972639997},{"Length":15.05504,"Height":0.2385151,"Demand":1.0,"DemandMax":null,"Value":3.590854371104},{"Length":4.491055,"Height":0.7990647,"Demand":1.0,"DemandMax":null,"Value":3.5886435162585},{"Length":1.228086,"Height":2.919166,"Demand":1.0,"DemandMax":null,"Value":3.5849868962760003},{"Length":0.2850208,"Height":12.57627,"Demand":1.0,"DemandMax":null,"Value":3.584498536416},{"Length":12.42542,"Height":0.2884587,"Demand":1.0,"DemandMax":null,"Value":3.584220500154},{"Length":1.302822,"Height":2.750496,"Demand":1.0,"DemandMax":null,"Value":3.583406699712},{"Length":0.6833717,"Height":5.241195,"Demand":1.0,"DemandMax":null,"Value":3.5816843371815},{"Length":1.096569,"Height":3.265856,"Demand":1.0,"DemandMax":null,"Value":3.5812364480639998},{"Length":0.9869414,"Height":3.621858,"Demand":1.0,"DemandMax":null,"Value":3.5745616051212},{"Length":0.2301449,"Height":15.50607,"Demand":1.0,"DemandMax":null,"Value":3.568642929543},{"Length":1.974923,"Height":1.804382,"Demand":1.0,"DemandMax":null,"Value":3.5635155125859996},{"Length":0.4068881,"Height":8.756499,"Demand":1.0,"DemandMax":null,"Value":3.5629152407618996},{"Length":1.019122,"Height":3.49236,"Demand":1.0,"DemandMax":null,"Value":3.5591409079200003},{"Length":1.480841,"Height":2.40032,"Demand":1.0,"DemandMax":null,"Value":3.55449226912},{"Length":13.41027,"Height":0.2647551,"Demand":1.0,"DemandMax":null,"Value":3.5504373748770006},{"Length":0.246565,"Height":14.39171,"Demand":1.0,"DemandMax":null,"Value":3.5484919761500002},{"Length":13.27876,"Height":0.267039,"Demand":1.0,"DemandMax":null,"Value":3.5459467916400005},{"Length":2.163985,"Height":1.638543,"Demand":1.0,"DemandMax":null,"Value":3.5457824738549997},{"Length":5.516015,"Height":0.6412979,"Demand":1.0,"DemandMax":null,"Value":3.5374088358685003},{"Length":0.8450387,"Height":4.185468,"Demand":1.0,"DemandMax":null,"Value":3.5368824376116},{"Length":5.187519,"Height":0.6813227,"Demand":1.0,"DemandMax":null,"Value":3.5343744513812996},{"Length":7.933747,"Height":0.4454491,"Demand":1.0,"DemandMax":null,"Value":3.5340804607777},{"Length":4.060647,"Height":0.869936,"Demand":1.0,"DemandMax":null,"Value":3.5325030085920006},{"Length":2.649525,"Height":1.333257,"Demand":1.0,"DemandMax":null,"Value":3.532497752925},{"Length":2.424665,"Height":1.45497,"Demand":1.0,"DemandMax":null,"Value":3.5278148350500005},{"Length":0.5068516,"Height":6.952699,"Demand":1.0,"DemandMax":null,"Value":3.5239866124684},{"Length":12.23114,"Height":0.2880899,"Demand":1.0,"DemandMax":null,"Value":3.523667899486},{"Length":10.12146,"Height":0.3479825,"Demand":1.0,"DemandMax":null,"Value":3.52209095445},{"Length":0.2709103,"Height":12.98697,"Demand":1.0,"DemandMax":null,"Value":3.5183039387909996},{"Length":2.638531,"Height":1.333257,"Demand":1.0,"DemandMax":null,"Value":3.517839925467},{"Length":1.379715,"Height":2.548046,"Demand":1.0,"DemandMax":null,"Value":3.5155772868899997},{"Length":14.70652,"Height":0.2386761,"Demand":1.0,"DemandMax":null,"Value":3.510094838172},{"Length":3.09884,"Height":1.13268,"Demand":1.0,"DemandMax":null,"Value":3.5099940912},{"Length":6.537535,"Height":0.5367929,"Demand":1.0,"DemandMax":null,"Value":3.5093023715015},{"Length":6.237009,"Height":0.5618536,"Demand":1.0,"DemandMax":null,"Value":3.5042859598823997},{"Length":12.30161,"Height":0.2847777,"Demand":1.0,"DemandMax":null,"Value":3.5032242020970004},{"Length":0.2784722,"Height":12.57627,"Demand":1.0,"DemandMax":null,"Value":3.502141574694},{"Length":3.417553,"Height":1.024591,"Demand":1.0,"DemandMax":null,"Value":3.501594045823},{"Length":10.7693,"Height":0.3251238,"Demand":1.0,"DemandMax":null,"Value":3.50135573934},{"Length":3.716061,"Height":0.940975,"Demand":1.0,"DemandMax":null,"Value":3.496720499475},{"Length":0.1894075,"Height":18.45501,"Demand":1.0,"DemandMax":null,"Value":3.4955173065750005},{"Length":13.41027,"Height":0.2600972,"Demand":1.0,"DemandMax":null,"Value":3.487973678244},{"Length":16.994,"Height":0.2051428,"Demand":1.0,"DemandMax":null,"Value":3.4861967432},{"Length":1.990902,"Height":1.749336,"Demand":1.0,"DemandMax":null,"Value":3.482756541072},{"Length":3.87273,"Height":0.898367,"Demand":1.0,"DemandMax":null,"Value":3.47913283191},{"Length":10.69361,"Height":0.3251238,"Demand":1.0,"DemandMax":null,"Value":3.476747118918},{"Length":0.3966163,"Height":8.756499,"Demand":1.0,"DemandMax":null,"Value":3.4729702343336997},{"Length":10.68119,"Height":0.3251238,"Demand":1.0,"DemandMax":null,"Value":3.4727090813220003},{"Length":2.433874,"Height":1.426799,"Demand":1.0,"DemandMax":null,"Value":3.4726489893259997},{"Length":0.366868,"Height":9.458608,"Demand":1.0,"DemandMax":null,"Value":3.4700605997440004},{"Length":2.429215,"Height":1.426799,"Demand":1.0,"DemandMax":null,"Value":3.466001532785},{"Length":0.2813169,"Height":12.31283,"Demand":1.0,"DemandMax":null,"Value":3.4638071658269998},{"Length":12.96758,"Height":0.267039,"Demand":1.0,"DemandMax":null,"Value":3.4628495956200003},{"Length":0.5095771,"Height":6.792735,"Demand":1.0,"DemandMax":null,"Value":3.4614222023685004},{"Length":6.140912,"Height":0.5625474,"Demand":1.0,"DemandMax":null,"Value":3.4545540792288003},{"Length":2.586097,"Height":1.333257,"Demand":1.0,"DemandMax":null,"Value":3.447931927929},{"Length":2.492665,"Height":1.383128,"Demand":1.0,"DemandMax":null,"Value":3.44767475612},{"Length":5.444773,"Height":0.6329449,"Demand":1.0,"DemandMax":null,"Value":3.4462413020077},{"Length":2.076779,"Height":1.658826,"Demand":1.0,"DemandMax":null,"Value":3.445015001454},{"Length":3.822446,"Height":0.9005284,"Demand":1.0,"DemandMax":null,"Value":3.4422211804664},{"Length":6.557155,"Height":0.524627,"Demand":1.0,"DemandMax":null,"Value":3.4400605561849997}]}