{"Name":"Path37_25","Objects":[{"Length":100.0,"Height":100.0,"Stock":null,"Cost":10000.0}],"Items":[{"Length":65.62692,"Height":37.1113,"Demand":1.0,"DemandMax":null,"Value":2435.500316196},{"Length":100.0,"Height":19.42268,"Demand":1.0,"DemandMax":null,"Value":1942.268},{"Length":63.42491,"Height":13.97001,"Demand":1.0,"DemandMax":null,"Value":886.0466269491},{"Length":97.17544,"Height":8.131285,"Demand":1.0,"DemandMax":null,"Value":790.1611976404},{"Length":65.21324,"Height":10.26158,"Demand":1.0,"DemandMax":null,"Value":669.1908793192},{"Length":36.57509,"Height":13.97001,"Demand":1.0,"DemandMax":null,"Value":510.95437305090007},{"Length":34.37308,"Height":12.29791,"Demand":1.0,"DemandMax":null,"Value":422.7170442628},{"Length":32.32626,"Height":10.26158,"Demand":1.0,"DemandMax":null,"Value":331.71850309079997},{"Length":34.37308,"Height":7.743598,"Demand":1.0,"DemandMax":null,"Value":266.17131354184005},{"Length":97.17544,"Height":2.377961,"Demand":1.0,"DemandMax":null,"Value":231.07940647784},{"Length":97.17544,"Height":2.292833,"Demand":1.0,"DemandMax":null,"Value":222.80705562151996},{"Length":51.85007,"Height":4.149912,"Demand":1.0,"DemandMax":null,"Value":215.17322769383998},{"Length":34.37308,"Height":4.815974,"Demand":1.0,"DemandMax":null,"Value":165.53985957992},{"Length":11.66191,"Height":10.85497,"Demand":1.0,"DemandMax":null,"Value":126.58968319270001},{"Length":15.58453,"Height":7.348053,"Demand":1.0,"DemandMax":null,"Value":114.51595242009},{"Length":44.65923,"Height":2.282446,"Demand":1.0,"DemandMax":null,"Value":101.93228087658001},{"Length":22.77341,"Height":4.149912,"Demand":1.0,"DemandMax":null,"Value":94.507647439919978},{"Length":22.55197,"Height":4.149912,"Demand":1.0,"DemandMax":null,"Value":93.58869092664},{"Length":7.126644,"Height":10.85497,"Demand":1.0,"DemandMax":null,"Value":77.35950682068},{"Length":52.51621,"Height":1.453277,"Demand":1.0,"DemandMax":null,"Value":76.32060012017},{"Length":15.58453,"Height":3.506922,"Demand":1.0,"DemandMax":null,"Value":54.65373111666},{"Length":2.82456,"Height":19.23444,"Demand":1.0,"DemandMax":null,"Value":54.3288298464},{"Length":34.37308,"Height":1.398843,"Demand":1.0,"DemandMax":null,"Value":48.082542346440007},{"Length":52.51621,"Height":0.8291691,"Demand":1.0,"DemandMax":null,"Value":43.544818581111},{"Length":2.460508,"Height":10.26158,"Demand":1.0,"DemandMax":null,"Value":25.24869968264}]}