{"Name":"Nice35_100","Objects":[{"Length":100.0,"Height":100.0,"Stock":null,"Cost":10000.0}],"Items":[{"Length":25.64227,"Height":12.03415,"Demand":1.0,"DemandMax":null,"Value":308.5829235205},{"Length":10.17343,"Height":28.03914,"Demand":1.0,"DemandMax":null,"Value":285.25422805019997},{"Length":18.08194,"Height":13.23739,"Demand":1.0,"DemandMax":null,"Value":239.35769173659998},{"Length":16.80221,"Height":13.57235,"Demand":1.0,"DemandMax":null,"Value":228.04547489349997},{"Length":11.76744,"Height":17.42767,"Demand":1.0,"DemandMax":null,"Value":205.0790610648},{"Length":11.58576,"Height":16.68026,"Demand":1.0,"DemandMax":null,"Value":193.2534890976},{"Length":8.078731,"Height":23.0963,"Demand":1.0,"DemandMax":null,"Value":186.58879479529998},{"Length":10.64871,"Height":17.19474,"Demand":1.0,"DemandMax":null,"Value":183.10179978539998},{"Length":10.88866,"Height":16.74137,"Demand":1.0,"DemandMax":null,"Value":182.2910858642},{"Length":15.50696,"Height":10.72116,"Demand":1.0,"DemandMax":null,"Value":166.2525992736},{"Length":24.54943,"Height":6.608885,"Demand":1.0,"DemandMax":null,"Value":162.24435968555},{"Length":24.54943,"Height":6.567816,"Demand":1.0,"DemandMax":null,"Value":161.23613914487999},{"Length":12.17968,"Height":13.23739,"Demand":1.0,"DemandMax":null,"Value":161.22717423519998},{"Length":9.826428,"Height":15.93685,"Demand":1.0,"DemandMax":null,"Value":156.6023090718},{"Length":18.67587,"Height":8.044256,"Demand":1.0,"DemandMax":null,"Value":150.23347930272},{"Length":13.3197,"Height":10.80665,"Demand":1.0,"DemandMax":null,"Value":143.94133600499998},{"Length":12.33665,"Height":11.61872,"Demand":1.0,"DemandMax":null,"Value":143.336082088},{"Length":8.196019,"Height":17.42767,"Demand":1.0,"DemandMax":null,"Value":142.83751444573},{"Length":10.06053,"Height":14.05685,"Demand":1.0,"DemandMax":null,"Value":141.4193611305},{"Length":8.849437,"Height":15.93685,"Demand":1.0,"DemandMax":null,"Value":141.03215005345},{"Length":19.50877,"Height":7.13438,"Demand":1.0,"DemandMax":null,"Value":139.1829785126},{"Length":8.059885,"Height":16.38647,"Demand":1.0,"DemandMax":null,"Value":132.07306375595},{"Length":15.50696,"Height":8.441605,"Demand":1.0,"DemandMax":null,"Value":130.90363107079998},{"Length":7.702211,"Height":16.98478,"Demand":1.0,"DemandMax":null,"Value":130.82035934858},{"Length":10.41061,"Height":12.52035,"Demand":1.0,"DemandMax":null,"Value":130.3444809135},{"Length":9.098157,"Height":14.22535,"Demand":1.0,"DemandMax":null,"Value":129.42446767995},{"Length":8.550166,"Height":14.991,"Demand":1.0,"DemandMax":null,"Value":128.175538506},{"Length":7.497953,"Height":16.74137,"Demand":1.0,"DemandMax":null,"Value":125.52600541561},{"Length":12.33665,"Height":9.906236,"Demand":1.0,"DemandMax":null,"Value":122.2097663494},{"Length":12.23704,"Height":9.942051,"Demand":1.0,"DemandMax":null,"Value":121.66127576903999},{"Length":8.550166,"Height":14.20475,"Demand":1.0,"DemandMax":null,"Value":121.45297048850001},{"Length":8.823011,"Height":13.57235,"Demand":1.0,"DemandMax":null,"Value":119.74899334585},{"Length":8.64702,"Height":13.58937,"Demand":1.0,"DemandMax":null,"Value":117.5075541774},{"Length":12.33665,"Height":9.343268,"Demand":1.0,"DemandMax":null,"Value":115.26462717220001},{"Length":5.981707,"Height":18.34343,"Demand":1.0,"DemandMax":null,"Value":109.72502363501},{"Length":7.934551,"Height":13.40552,"Demand":1.0,"DemandMax":null,"Value":106.36678212151999},{"Length":14.65628,"Height":6.821024,"Demand":1.0,"DemandMax":null,"Value":99.970837630720013},{"Length":10.41061,"Height":9.190797,"Demand":1.0,"DemandMax":null,"Value":95.68180315617},{"Length":5.02615,"Height":18.34343,"Demand":1.0,"DemandMax":null,"Value":92.196830694500008},{"Length":7.769404,"Height":11.60197,"Demand":1.0,"DemandMax":null,"Value":90.14039212588},{"Length":8.280032,"Height":10.76245,"Demand":1.0,"DemandMax":null,"Value":89.1134303984},{"Length":18.38662,"Height":4.831421,"Demand":1.0,"DemandMax":null,"Value":88.83350198702},{"Length":8.129854,"Height":10.5517,"Demand":1.0,"DemandMax":null,"Value":85.7837804518},{"Length":9.448238,"Height":8.960629,"Demand":1.0,"DemandMax":null,"Value":84.66215542170201},{"Length":16.2694,"Height":5.191082,"Demand":1.0,"DemandMax":null,"Value":84.4557894908},{"Length":11.58576,"Height":7.009562,"Demand":1.0,"DemandMax":null,"Value":81.21110303712},{"Length":4.585976,"Height":17.42767,"Demand":1.0,"DemandMax":null,"Value":79.92287635592},{"Length":7.964077,"Height":9.942051,"Demand":1.0,"DemandMax":null,"Value":79.179259701927},{"Length":11.58576,"Height":6.598063,"Demand":1.0,"DemandMax":null,"Value":76.44357438288},{"Length":14.65628,"Height":5.213123,"Demand":1.0,"DemandMax":null,"Value":76.40499036244},{"Length":5.164803,"Height":14.78441,"Demand":1.0,"DemandMax":null,"Value":76.35856512123},{"Length":6.080709,"Height":12.52479,"Demand":1.0,"DemandMax":null,"Value":76.159603276109991},{"Length":12.32741,"Height":6.007132,"Demand":1.0,"DemandMax":null,"Value":74.05237908812},{"Length":6.203199,"Height":11.86374,"Demand":1.0,"DemandMax":null,"Value":73.59314010426},{"Length":4.31446,"Height":16.98478,"Demand":1.0,"DemandMax":null,"Value":73.280153918800011},{"Length":4.252726,"Height":16.98478,"Demand":1.0,"DemandMax":null,"Value":72.231615510280008},{"Length":9.460632,"Height":7.601109,"Demand":1.0,"DemandMax":null,"Value":71.911295040888},{"Length":4.618832,"Height":15.46912,"Demand":1.0,"DemandMax":null,"Value":71.44926646784},{"Length":4.529085,"Height":15.7526,"Demand":1.0,"DemandMax":null,"Value":71.344864371},{"Length":16.2694,"Height":4.317385,"Demand":1.0,"DemandMax":null,"Value":70.241263519},{"Length":15.50696,"Height":4.483352,"Demand":1.0,"DemandMax":null,"Value":69.52316012992},{"Length":12.32741,"Height":5.594842,"Demand":1.0,"DemandMax":null,"Value":68.96991121922},{"Length":4.365075,"Height":15.7526,"Demand":1.0,"DemandMax":null,"Value":68.761280445},{"Length":9.264317,"Height":7.370127,"Demand":1.0,"DemandMax":null,"Value":68.279192858259009},{"Length":9.098157,"Height":7.485797,"Demand":1.0,"DemandMax":null,"Value":68.106956376129},{"Length":4.485313,"Height":15.11563,"Demand":1.0,"DemandMax":null,"Value":67.798331742189987},{"Length":8.280032,"Height":8.087809,"Demand":1.0,"DemandMax":null,"Value":66.967317329888},{"Length":8.694345,"Height":7.69753,"Demand":1.0,"DemandMax":null,"Value":66.92498146785},{"Length":10.31053,"Height":6.466349,"Demand":1.0,"DemandMax":null,"Value":66.67148535497},{"Length":4.408846,"Height":15.11563,"Demand":1.0,"DemandMax":null,"Value":66.64248486298},{"Length":15.50696,"Height":4.203364,"Demand":1.0,"DemandMax":null,"Value":65.18139741344},{"Length":6.025267,"Height":10.80665,"Demand":1.0,"DemandMax":null,"Value":65.11295162555},{"Length":8.70933,"Height":7.45178,"Demand":1.0,"DemandMax":null,"Value":64.9000111074},{"Length":9.264317,"Height":6.903951,"Demand":1.0,"DemandMax":null,"Value":63.960390616467},{"Length":8.280032,"Height":7.642988,"Demand":1.0,"DemandMax":null,"Value":63.284185215616},{"Length":4.636408,"Height":13.57235,"Demand":1.0,"DemandMax":null,"Value":62.9269521188},{"Length":8.694345,"Height":7.181882,"Demand":1.0,"DemandMax":null,"Value":62.44175985729},{"Length":4.028189,"Height":15.46912,"Demand":1.0,"DemandMax":null,"Value":62.31253902368},{"Length":4.927147,"Height":12.52479,"Demand":1.0,"DemandMax":null,"Value":61.71148147413},{"Length":11.09012,"Height":5.528927,"Demand":1.0,"DemandMax":null,"Value":61.316463901240006},{"Length":8.059885,"Height":7.547937,"Demand":1.0,"DemandMax":null,"Value":60.835504207244995},{"Length":4.099514,"Height":14.78441,"Demand":1.0,"DemandMax":null,"Value":60.60889577674},{"Length":8.694345,"Height":6.837109,"Demand":1.0,"DemandMax":null,"Value":59.444184448605},{"Length":7.934551,"Height":7.490088,"Demand":1.0,"DemandMax":null,"Value":59.430485230488},{"Length":9.340799,"Height":6.306778,"Demand":1.0,"DemandMax":null,"Value":58.910345635622008},{"Length":9.335066,"Height":6.306778,"Demand":1.0,"DemandMax":null,"Value":58.874188877348},{"Length":5.34076,"Height":10.80665,"Demand":1.0,"DemandMax":null,"Value":57.715724054},{"Length":5.465752,"Height":10.5517,"Demand":1.0,"DemandMax":null,"Value":57.672975378400004},{"Length":8.059885,"Height":6.933823,"Demand":1.0,"DemandMax":null,"Value":55.885815990355},{"Length":11.09012,"Height":5.022769,"Demand":1.0,"DemandMax":null,"Value":55.703110942280006},{"Length":7.934551,"Height":7.006273,"Demand":1.0,"DemandMax":null,"Value":55.591630438423},{"Length":8.694345,"Height":6.185362,"Demand":1.0,"DemandMax":null,"Value":53.77767117789},{"Length":4.588912,"Height":11.60197,"Demand":1.0,"DemandMax":null,"Value":53.24041935664},{"Length":4.445509,"Height":11.86374,"Demand":1.0,"DemandMax":null,"Value":52.74036294366},{"Length":8.07609,"Height":6.466349,"Demand":1.0,"DemandMax":null,"Value":52.222816495410008},{"Length":6.797627,"Height":7.45178,"Demand":1.0,"DemandMax":null,"Value":50.654420926060006},{"Length":8.078731,"Height":6.099444,"Demand":1.0,"DemandMax":null,"Value":49.275767325564},{"Length":9.448238,"Height":5.096218,"Demand":1.0,"DemandMax":null,"Value":48.150280563884},{"Length":6.046324,"Height":7.601109,"Demand":1.0,"DemandMax":null,"Value":45.958767773316005},{"Length":4.484614,"Height":9.942051,"Demand":1.0,"DemandMax":null,"Value":44.586261103313994}]}