{"Name":"Nice9_500","Objects":[{"Length":100.0,"Height":100.0,"Stock":null,"Cost":10000.0}],"Items":[{"Length":9.186448,"Height":6.917791,"Demand":1.0,"DemandMax":null,"Value":63.549927296368004},{"Length":12.51826,"Height":4.135547,"Demand":1.0,"DemandMax":null,"Value":51.76985258822},{"Length":10.26263,"Height":4.964235,"Demand":1.0,"DemandMax":null,"Value":50.94610703805},{"Length":6.324281,"Height":7.873161,"Demand":1.0,"DemandMax":null,"Value":49.792082522240996},{"Length":5.474771,"Height":8.923864,"Demand":1.0,"DemandMax":null,"Value":48.856111835144},{"Length":3.701886,"Height":13.19132,"Demand":1.0,"DemandMax":null,"Value":48.83276282952},{"Length":8.387571,"Height":5.541069,"Demand":1.0,"DemandMax":null,"Value":46.476109653399},{"Length":4.052774,"Height":11.38112,"Demand":1.0,"DemandMax":null,"Value":46.12510722688},{"Length":4.967196,"Height":9.080037,"Demand":1.0,"DemandMax":null,"Value":45.10232346625201},{"Length":7.331088,"Height":6.101245,"Demand":1.0,"DemandMax":null,"Value":44.72876400456},{"Length":5.288482,"Height":7.940764,"Demand":1.0,"DemandMax":null,"Value":41.994587480248},{"Length":4.495617,"Height":9.079226,"Demand":1.0,"DemandMax":null,"Value":40.816722752442004},{"Length":10.08899,"Height":3.933109,"Demand":1.0,"DemandMax":null,"Value":39.681097369910006},{"Length":6.184301,"Height":6.399913,"Demand":1.0,"DemandMax":null,"Value":39.578988365813},{"Length":8.553464,"Height":4.620133,"Demand":1.0,"DemandMax":null,"Value":39.518141290712},{"Length":5.187088,"Height":7.612964,"Demand":1.0,"DemandMax":null,"Value":39.489114208832},{"Length":11.11995,"Height":3.51633,"Demand":1.0,"DemandMax":null,"Value":39.1014137835},{"Length":4.419208,"Height":8.838176,"Demand":1.0,"DemandMax":null,"Value":39.057738084608005},{"Length":4.896671,"Height":7.962313,"Demand":1.0,"DemandMax":null,"Value":38.988827160023},{"Length":11.68578,"Height":3.329346,"Demand":1.0,"DemandMax":null,"Value":38.90600489988},{"Length":6.146688,"Height":6.322565,"Demand":1.0,"DemandMax":null,"Value":38.86283441472},{"Length":4.120862,"Height":9.365973,"Demand":1.0,"DemandMax":null,"Value":38.595882228726},{"Length":10.08899,"Height":3.824459,"Demand":1.0,"DemandMax":null,"Value":38.58492860641},{"Length":3.828072,"Height":10.07149,"Demand":1.0,"DemandMax":null,"Value":38.554388867280004},{"Length":6.399599,"Height":5.969805,"Demand":1.0,"DemandMax":null,"Value":38.204358108195},{"Length":8.910351,"Height":4.280472,"Demand":1.0,"DemandMax":null,"Value":38.140507965672},{"Length":3.114094,"Height":12.17145,"Demand":1.0,"DemandMax":null,"Value":37.903039416300004},{"Length":7.874259,"Height":4.776494,"Demand":1.0,"DemandMax":null,"Value":37.611350867946},{"Length":8.903204,"Height":4.194818,"Demand":1.0,"DemandMax":null,"Value":37.347320396872},{"Length":4.875483,"Height":7.6552,"Demand":1.0,"DemandMax":null,"Value":37.3227974616},{"Length":3.687019,"Height":10.01493,"Demand":1.0,"DemandMax":null,"Value":36.92523719367},{"Length":6.38026,"Height":5.786028,"Demand":1.0,"DemandMax":null,"Value":36.91636300728},{"Length":3.280604,"Height":11.22515,"Demand":1.0,"DemandMax":null,"Value":36.825271990599994},{"Length":5.377038,"Height":6.794572,"Demand":1.0,"DemandMax":null,"Value":36.534671837736},{"Length":3.244796,"Height":11.2575,"Demand":1.0,"DemandMax":null,"Value":36.52829097},{"Length":4.806668,"Height":7.593456,"Demand":1.0,"DemandMax":null,"Value":36.499221964608},{"Length":7.564458,"Height":4.795381,"Demand":1.0,"DemandMax":null,"Value":36.274458168498},{"Length":3.100422,"Height":11.6469,"Demand":1.0,"DemandMax":null,"Value":36.1103049918},{"Length":5.809037,"Height":6.214789,"Demand":1.0,"DemandMax":null,"Value":36.101939248193},{"Length":5.187088,"Height":6.934967,"Demand":1.0,"DemandMax":null,"Value":35.972284106096005},{"Length":3.079263,"Height":11.63879,"Demand":1.0,"DemandMax":null,"Value":35.838895411770004},{"Length":8.297434,"Height":4.275428,"Demand":1.0,"DemandMax":null,"Value":35.475081651752},{"Length":7.118651,"Height":4.956838,"Demand":1.0,"DemandMax":null,"Value":35.285999785538},{"Length":4.054072,"Height":8.686384,"Demand":1.0,"DemandMax":null,"Value":35.215226155648},{"Length":8.93504,"Height":3.93968,"Demand":1.0,"DemandMax":null,"Value":35.2011983872},{"Length":5.741172,"Height":6.06286,"Demand":1.0,"DemandMax":null,"Value":34.80792207192},{"Length":4.222772,"Height":8.223071,"Demand":1.0,"DemandMax":null,"Value":34.724153972812},{"Length":4.587337,"Height":7.567229,"Demand":1.0,"DemandMax":null,"Value":34.713429579173},{"Length":8.576133,"Height":3.992411,"Demand":1.0,"DemandMax":null,"Value":34.239447726663},{"Length":4.740705,"Height":7.156981,"Demand":1.0,"DemandMax":null,"Value":33.929135611605},{"Length":3.361612,"Height":10.07149,"Demand":1.0,"DemandMax":null,"Value":33.856441641880004},{"Length":4.232604,"Height":7.962313,"Demand":1.0,"DemandMax":null,"Value":33.701317853052004},{"Length":4.20004,"Height":8.019413,"Demand":1.0,"DemandMax":null,"Value":33.681855376520005},{"Length":4.275253,"Height":7.873161,"Demand":1.0,"DemandMax":null,"Value":33.659755184733},{"Length":3.140003,"Height":10.70848,"Demand":1.0,"DemandMax":null,"Value":33.62465932544},{"Length":5.909784,"Height":5.680292,"Demand":1.0,"DemandMax":null,"Value":33.569298776928},{"Length":7.106938,"Height":4.715625,"Demand":1.0,"DemandMax":null,"Value":33.513654506250006},{"Length":9.654951,"Height":3.462524,"Demand":1.0,"DemandMax":null,"Value":33.430499556324},{"Length":3.050702,"Height":10.9489,"Demand":1.0,"DemandMax":null,"Value":33.4018311278},{"Length":7.790622,"Height":4.285724,"Demand":1.0,"DemandMax":null,"Value":33.388455680328},{"Length":5.920342,"Height":5.598939,"Demand":1.0,"DemandMax":null,"Value":33.147633717138},{"Length":2.94345,"Height":11.2575,"Demand":1.0,"DemandMax":null,"Value":33.135888375},{"Length":4.322608,"Height":7.593456,"Demand":1.0,"DemandMax":null,"Value":32.823533653248},{"Length":7.919152,"Height":4.142085,"Demand":1.0,"DemandMax":null,"Value":32.80180071192},{"Length":2.967735,"Height":11.04483,"Demand":1.0,"DemandMax":null,"Value":32.778128560049993},{"Length":6.293548,"Height":5.170851,"Demand":1.0,"DemandMax":null,"Value":32.542998969348},{"Length":2.860439,"Height":11.34923,"Demand":1.0,"DemandMax":null,"Value":32.46378011197},{"Length":4.55339,"Height":7.127488,"Demand":1.0,"DemandMax":null,"Value":32.45423258432},{"Length":7.106938,"Height":4.554692,"Demand":1.0,"DemandMax":null,"Value":32.369913653096006},{"Length":9.143904,"Height":3.527192,"Demand":1.0,"DemandMax":null,"Value":32.252305037567993},{"Length":6.829935,"Height":4.70874,"Demand":1.0,"DemandMax":null,"Value":32.1603881319},{"Length":5.338084,"Height":6.0068,"Demand":1.0,"DemandMax":null,"Value":32.0648029712},{"Length":8.910351,"Height":3.587271,"Demand":1.0,"DemandMax":null,"Value":31.963843742121},{"Length":4.463578,"Height":7.156981,"Demand":1.0,"DemandMax":null,"Value":31.945742938018},{"Length":8.553464,"Height":3.713823,"Demand":1.0,"DemandMax":null,"Value":31.766051332872},{"Length":7.893437,"Height":4.016548,"Demand":1.0,"DemandMax":null,"Value":31.704368595476},{"Length":5.271432,"Height":6.009995,"Demand":1.0,"DemandMax":null,"Value":31.681279962839998},{"Length":6.399599,"Height":4.941289,"Demand":1.0,"DemandMax":null,"Value":31.622268143111004},{"Length":2.810559,"Height":11.22515,"Demand":1.0,"DemandMax":null,"Value":31.54894635885},{"Length":5.404217,"Height":5.816508,"Demand":1.0,"DemandMax":null,"Value":31.433671414236},{"Length":5.741172,"Height":5.450308,"Demand":1.0,"DemandMax":null,"Value":31.291155680975997},{"Length":2.882579,"Height":10.85114,"Demand":1.0,"DemandMax":null,"Value":31.279268290059996},{"Length":3.490218,"Height":8.838176,"Demand":1.0,"DemandMax":null,"Value":30.847160962368005},{"Length":3.290941,"Height":9.365973,"Demand":1.0,"DemandMax":null,"Value":30.822864550593003},{"Length":6.38026,"Height":4.817105,"Demand":1.0,"DemandMax":null,"Value":30.7343823473},{"Length":3.740746,"Height":8.21277,"Demand":1.0,"DemandMax":null,"Value":30.721886526420004},{"Length":3.368399,"Height":9.079226,"Demand":1.0,"DemandMax":null,"Value":30.582455779174},{"Length":5.0376,"Height":6.049081,"Demand":1.0,"DemandMax":null,"Value":30.472850445600002},{"Length":5.759222,"Height":5.278645,"Demand":1.0,"DemandMax":null,"Value":30.400888414190003},{"Length":2.782285,"Height":10.9192,"Demand":1.0,"DemandMax":null,"Value":30.380326372},{"Length":2.745507,"Height":10.90668,"Demand":1.0,"DemandMax":null,"Value":29.944366286759998},{"Length":2.729264,"Height":10.90668,"Demand":1.0,"DemandMax":null,"Value":29.76720908352},{"Length":3.577043,"Height":8.299705,"Demand":1.0,"DemandMax":null,"Value":29.688401672315},{"Length":3.677911,"Height":8.070417,"Demand":1.0,"DemandMax":null,"Value":29.682275458887002},{"Length":4.184061,"Height":7.08879,"Demand":1.0,"DemandMax":null,"Value":29.65992977619},{"Length":2.730831,"Height":10.85114,"Demand":1.0,"DemandMax":null,"Value":29.632629497339995},{"Length":10.39803,"Height":2.832604,"Demand":1.0,"DemandMax":null,"Value":29.45350137012},{"Length":8.946357,"Height":3.29213,"Demand":1.0,"DemandMax":null,"Value":29.45257027041},{"Length":4.20754,"Height":6.944199,"Demand":1.0,"DemandMax":null,"Value":29.21799506046},{"Length":3.949393,"Height":7.3893,"Demand":1.0,"DemandMax":null,"Value":29.183249694900002},{"Length":3.915016,"Height":7.406093,"Demand":1.0,"DemandMax":null,"Value":28.994972592488},{"Length":2.703228,"Height":10.70848,"Demand":1.0,"DemandMax":null,"Value":28.94746297344},{"Length":6.506473,"Height":4.441067,"Demand":1.0,"DemandMax":null,"Value":28.895682526691},{"Length":6.221422,"Height":4.574665,"Demand":1.0,"DemandMax":null,"Value":28.460921473630002},{"Length":5.4521,"Height":5.220162,"Demand":1.0,"DemandMax":null,"Value":28.4608452402},{"Length":4.439966,"Height":6.396313,"Demand":1.0,"DemandMax":null,"Value":28.399412245358},{"Length":7.919152,"Height":3.574745,"Demand":1.0,"DemandMax":null,"Value":28.308949016240003},{"Length":4.613814,"Height":6.101245,"Demand":1.0,"DemandMax":null,"Value":28.150009598429996},{"Length":5.288482,"Height":5.308677,"Demand":1.0,"DemandMax":null,"Value":28.074842758314002},{"Length":3.915016,"Height":7.156187,"Demand":1.0,"DemandMax":null,"Value":28.016586603992},{"Length":8.903204,"Height":3.144139,"Demand":1.0,"DemandMax":null,"Value":27.992910921356003},{"Length":5.340289,"Height":5.23142,"Demand":1.0,"DemandMax":null,"Value":27.937294680380003},{"Length":4.667408,"Height":5.983919,"Demand":1.0,"DemandMax":null,"Value":27.929391411952},{"Length":7.106938,"Height":3.915134,"Demand":1.0,"DemandMax":null,"Value":27.824614599692},{"Length":3.177294,"Height":8.713281,"Demand":1.0,"DemandMax":null,"Value":27.684655441613998},{"Length":6.228924,"Height":4.441067,"Demand":1.0,"DemandMax":null,"Value":27.663068821908002},{"Length":4.383242,"Height":6.309927,"Demand":1.0,"DemandMax":null,"Value":27.657937043334},{"Length":7.202693,"Height":3.835368,"Demand":1.0,"DemandMax":null,"Value":27.624978246024},{"Length":5.427231,"Height":5.083078,"Demand":1.0,"DemandMax":null,"Value":27.587038497018003},{"Length":5.4521,"Height":5.043764,"Demand":1.0,"DemandMax":null,"Value":27.4991057044},{"Length":3.873774,"Height":7.086286,"Demand":1.0,"DemandMax":null,"Value":27.450670463364002},{"Length":5.758598,"Height":4.765675,"Demand":1.0,"DemandMax":null,"Value":27.44360652365},{"Length":7.231189,"Height":3.79429,"Demand":1.0,"DemandMax":null,"Value":27.43722811081},{"Length":4.439966,"Height":6.172598,"Demand":1.0,"DemandMax":null,"Value":27.406125251668},{"Length":9.900476,"Height":2.748878,"Demand":1.0,"DemandMax":null,"Value":27.215200665928},{"Length":4.495028,"Height":6.049081,"Demand":1.0,"DemandMax":null,"Value":27.190788469267996},{"Length":4.988844,"Height":5.440858,"Demand":1.0,"DemandMax":null,"Value":27.143591788152005},{"Length":5.759222,"Height":4.710438,"Demand":1.0,"DemandMax":null,"Value":27.128458159236},{"Length":4.667408,"Height":5.794964,"Demand":1.0,"DemandMax":null,"Value":27.047461333312},{"Length":5.688326,"Height":4.752217,"Demand":1.0,"DemandMax":null,"Value":27.032159518742},{"Length":3.178414,"Height":8.504567,"Demand":1.0,"DemandMax":null,"Value":27.031034816738},{"Length":10.26263,"Height":2.626454,"Demand":1.0,"DemandMax":null,"Value":26.954325614019996},{"Length":2.614027,"Height":10.30641,"Demand":1.0,"DemandMax":null,"Value":26.94123401307},{"Length":10.26263,"Height":2.624913,"Demand":1.0,"DemandMax":null,"Value":26.938510901189996},{"Length":7.202693,"Height":3.731861,"Demand":1.0,"DemandMax":null,"Value":26.879449101673},{"Length":2.942229,"Height":9.080037,"Demand":1.0,"DemandMax":null,"Value":26.715548182473004},{"Length":8.576133,"Height":3.113599,"Demand":1.0,"DemandMax":null,"Value":26.702639132667},{"Length":6.168515,"Height":4.328195,"Demand":1.0,"DemandMax":null,"Value":26.698535780425},{"Length":5.63667,"Height":4.71863,"Demand":1.0,"DemandMax":null,"Value":26.5973601621},{"Length":8.553464,"Height":3.107031,"Demand":1.0,"DemandMax":null,"Value":26.575877805384},{"Length":9.143904,"Height":2.904189,"Demand":1.0,"DemandMax":null,"Value":26.555625413856},{"Length":5.4521,"Height":4.868188,"Demand":1.0,"DemandMax":null,"Value":26.5418477948},{"Length":6.188246,"Height":4.259175,"Demand":1.0,"DemandMax":null,"Value":26.35682265705},{"Length":8.576133,"Height":3.072886,"Demand":1.0,"DemandMax":null,"Value":26.353479029838002},{"Length":3.299177,"Height":7.979666,"Demand":1.0,"DemandMax":null,"Value":26.326330534881997},{"Length":6.119828,"Height":4.285724,"Demand":1.0,"DemandMax":null,"Value":26.227893735472},{"Length":5.913638,"Height":4.420065,"Demand":1.0,"DemandMax":null,"Value":26.138664346469998},{"Length":8.553464,"Height":3.047702,"Demand":1.0,"DemandMax":null,"Value":26.068409339728},{"Length":3.093181,"Height":8.416562,"Demand":1.0,"DemandMax":null,"Value":26.033949663722},{"Length":7.106938,"Height":3.584735,"Demand":1.0,"DemandMax":null,"Value":25.47648939143},{"Length":7.335617,"Height":3.472378,"Demand":1.0,"DemandMax":null,"Value":25.472035087226},{"Length":5.731248,"Height":4.422465,"Demand":1.0,"DemandMax":null,"Value":25.346243686319998},{"Length":7.919152,"Height":3.152916,"Demand":1.0,"DemandMax":null,"Value":24.968421047232},{"Length":6.696932,"Height":3.72215,"Demand":1.0,"DemandMax":null,"Value":24.926985443800003},{"Length":3.016093,"Height":8.21277,"Demand":1.0,"DemandMax":null,"Value":24.770478107610003},{"Length":4.705064,"Height":5.170851,"Demand":1.0,"DemandMax":null,"Value":24.329184889464},{"Length":7.919152,"Height":2.974466,"Demand":1.0,"DemandMax":null,"Value":23.555248372832},{"Length":3.268907,"Height":7.203643,"Demand":1.0,"DemandMax":null,"Value":23.548039028201},{"Length":5.543585,"Height":4.227367,"Demand":1.0,"DemandMax":null,"Value":23.434768290695},{"Length":5.077998,"Height":4.607893,"Demand":1.0,"DemandMax":null,"Value":23.398871438213998},{"Length":4.496092,"Height":5.124032,"Demand":1.0,"DemandMax":null,"Value":23.038119282944},{"Length":3.824581,"Height":5.993884,"Demand":1.0,"DemandMax":null,"Value":22.924094862604},{"Length":3.820487,"Height":5.994385,"Demand":1.0,"DemandMax":null,"Value":22.901469965495},{"Length":6.820366,"Height":3.349659,"Demand":1.0,"DemandMax":null,"Value":22.845900355194},{"Length":4.739945,"Height":4.773628,"Demand":1.0,"DemandMax":null,"Value":22.62673417046},{"Length":3.314102,"Height":6.794572,"Demand":1.0,"DemandMax":null,"Value":22.517904654344},{"Length":6.188246,"Height":3.628289,"Demand":1.0,"DemandMax":null,"Value":22.452744891094003},{"Length":3.78466,"Height":5.916685,"Demand":1.0,"DemandMax":null,"Value":22.3926410521},{"Length":4.554234,"Height":4.912503,"Demand":1.0,"DemandMax":null,"Value":22.372688187702},{"Length":2.46984,"Height":9.053993,"Demand":1.0,"DemandMax":null,"Value":22.36191407112},{"Length":3.297125,"Height":6.749198,"Demand":1.0,"DemandMax":null,"Value":22.25294945575},{"Length":3.457906,"Height":6.424063,"Demand":1.0,"DemandMax":null,"Value":22.213805992078},{"Length":6.645964,"Height":3.304435,"Demand":1.0,"DemandMax":null,"Value":21.961156050339998},{"Length":2.511032,"Height":8.713281,"Demand":1.0,"DemandMax":null,"Value":21.879327415992},{"Length":3.835044,"Height":5.680292,"Demand":1.0,"DemandMax":null,"Value":21.784169752847998},{"Length":2.893428,"Height":7.467535,"Demand":1.0,"DemandMax":null,"Value":21.60677485998},{"Length":5.591999,"Height":3.861972,"Demand":1.0,"DemandMax":null,"Value":21.596143562028004},{"Length":2.476816,"Height":8.712837,"Demand":1.0,"DemandMax":null,"Value":21.580094086992},{"Length":2.880541,"Height":7.3893,"Demand":1.0,"DemandMax":null,"Value":21.2851816113},{"Length":5.564106,"Height":3.822452,"Demand":1.0,"DemandMax":null,"Value":21.268528107912},{"Length":7.919152,"Height":2.684536,"Demand":1.0,"DemandMax":null,"Value":21.259248633472},{"Length":3.124974,"Height":6.776104,"Demand":1.0,"DemandMax":null,"Value":21.175148821296},{"Length":5.688326,"Height":3.717314,"Demand":1.0,"DemandMax":null,"Value":21.145293876364},{"Length":6.188246,"Height":3.413028,"Demand":1.0,"DemandMax":null,"Value":21.120656868888002},{"Length":2.97033,"Height":7.08879,"Demand":1.0,"DemandMax":null,"Value":21.056045600700003},{"Length":5.453927,"Height":3.851254,"Demand":1.0,"DemandMax":null,"Value":21.004458174458},{"Length":4.612255,"Height":4.526629,"Demand":1.0,"DemandMax":null,"Value":20.877967238395},{"Length":4.278949,"Height":4.878054,"Demand":1.0,"DemandMax":null,"Value":20.872944285246},{"Length":7.335617,"Height":2.837548,"Demand":1.0,"DemandMax":null,"Value":20.815165347116},{"Length":3.564141,"Height":5.837085,"Demand":1.0,"DemandMax":null,"Value":20.804193968985},{"Length":3.421969,"Height":6.074247,"Demand":1.0,"DemandMax":null,"Value":20.785884932343},{"Length":3.373584,"Height":6.15535,"Demand":1.0,"DemandMax":null,"Value":20.7655902744},{"Length":3.78466,"Height":5.432549,"Demand":1.0,"DemandMax":null,"Value":20.56035089834},{"Length":3.457906,"Height":5.945675,"Demand":1.0,"DemandMax":null,"Value":20.559585256549997},{"Length":5.605858,"Height":3.659103,"Demand":1.0,"DemandMax":null,"Value":20.512411825374},{"Length":4.173568,"Height":4.912503,"Demand":1.0,"DemandMax":null,"Value":20.502665320704},{"Length":4.028129,"Height":5.084773,"Demand":1.0,"DemandMax":null,"Value":20.482121579717},{"Length":4.717202,"Height":4.328195,"Demand":1.0,"DemandMax":null,"Value":20.41697011039},{"Length":4.280313,"Height":4.755508,"Demand":1.0,"DemandMax":null,"Value":20.355062714003996},{"Length":5.338084,"Height":3.810678,"Demand":1.0,"DemandMax":null,"Value":20.341719260952},{"Length":6.003292,"Height":3.387109,"Demand":1.0,"DemandMax":null,"Value":20.333804362828},{"Length":8.576133,"Height":2.37067,"Demand":1.0,"DemandMax":null,"Value":20.33118121911},{"Length":6.321055,"Height":3.213151,"Demand":1.0,"DemandMax":null,"Value":20.310504194305},{"Length":2.819189,"Height":7.199894,"Demand":1.0,"DemandMax":null,"Value":20.297861965966},{"Length":2.70184,"Height":7.507399,"Demand":1.0,"DemandMax":null,"Value":20.28379091416},{"Length":8.553464,"Height":2.365474,"Demand":1.0,"DemandMax":null,"Value":20.232996701936},{"Length":6.820366,"Height":2.960267,"Demand":1.0,"DemandMax":null,"Value":20.190104397722},{"Length":3.673081,"Height":5.487692,"Demand":1.0,"DemandMax":null,"Value":20.156737219051998},{"Length":2.824613,"Height":7.131575,"Demand":1.0,"DemandMax":null,"Value":20.143939455475},{"Length":7.359837,"Height":2.733388,"Demand":1.0,"DemandMax":null,"Value":20.117290137756},{"Length":4.962681,"Height":4.053409,"Demand":1.0,"DemandMax":null,"Value":20.115775829529},{"Length":2.351333,"Height":8.552285,"Demand":1.0,"DemandMax":null,"Value":20.109269945904998},{"Length":3.758586,"Height":5.349727,"Demand":1.0,"DemandMax":null,"Value":20.107409006022},{"Length":6.645964,"Height":3.018129,"Demand":1.0,"DemandMax":null,"Value":20.058376681356002},{"Length":7.980561,"Height":2.511742,"Demand":1.0,"DemandMax":null,"Value":20.045110247262},{"Length":3.313241,"Height":6.045302,"Demand":1.0,"DemandMax":null,"Value":20.029542443782002},{"Length":3.670562,"Height":5.455148,"Demand":1.0,"DemandMax":null,"Value":20.023458953176},{"Length":2.2942,"Height":8.712837,"Demand":1.0,"DemandMax":null,"Value":19.9889906454},{"Length":2.429608,"Height":8.21277,"Demand":1.0,"DemandMax":null,"Value":19.953811694160002},{"Length":3.820487,"Height":5.214375,"Demand":1.0,"DemandMax":null,"Value":19.921451900625},{"Length":6.197206,"Height":3.213151,"Demand":1.0,"DemandMax":null,"Value":19.912558656106},{"Length":8.576133,"Height":2.321528,"Demand":1.0,"DemandMax":null,"Value":19.909732891224},{"Length":8.576133,"Height":2.319859,"Demand":1.0,"DemandMax":null,"Value":19.895419325247},{"Length":2.402537,"Height":8.267616,"Demand":1.0,"DemandMax":null,"Value":19.863253341792003},{"Length":6.104317,"Height":3.228551,"Demand":1.0,"DemandMax":null,"Value":19.708098754667},{"Length":5.38961,"Height":3.574935,"Demand":1.0,"DemandMax":null,"Value":19.267505425350002},{"Length":3.294242,"Height":5.75338,"Demand":1.0,"DemandMax":null,"Value":18.95302603796},{"Length":8.576133,"Height":2.205275,"Demand":1.0,"DemandMax":null,"Value":18.912731701575},{"Length":6.104317,"Height":3.094014,"Demand":1.0,"DemandMax":null,"Value":18.886842258438},{"Length":3.702044,"Height":5.083078,"Demand":1.0,"DemandMax":null,"Value":18.817778411432002},{"Length":5.4521,"Height":3.448602,"Demand":1.0,"DemandMax":null,"Value":18.8021229642},{"Length":2.800349,"Height":6.665395,"Demand":1.0,"DemandMax":null,"Value":18.665432222855003},{"Length":3.768925,"Height":4.941245,"Demand":1.0,"DemandMax":null,"Value":18.623181811625},{"Length":2.241466,"Height":8.267616,"Demand":1.0,"DemandMax":null,"Value":18.531580165056},{"Length":3.373584,"Height":5.48344,"Demand":1.0,"DemandMax":null,"Value":18.49884544896},{"Length":4.605911,"Height":4.002638,"Demand":1.0,"DemandMax":null,"Value":18.435794393218},{"Length":3.460135,"Height":5.270453,"Demand":1.0,"DemandMax":null,"Value":18.236478891155},{"Length":2.913863,"Height":6.214789,"Demand":1.0,"DemandMax":null,"Value":18.109043719907},{"Length":6.073217,"Height":2.97557,"Demand":1.0,"DemandMax":null,"Value":18.071282308689998},{"Length":3.378047,"Height":5.347325,"Demand":1.0,"DemandMax":null,"Value":18.063515174275},{"Length":5.204078,"Height":3.465106,"Demand":1.0,"DemandMax":null,"Value":18.032681902268},{"Length":5.52286,"Height":3.259402,"Demand":1.0,"DemandMax":null,"Value":18.00122092972},{"Length":2.884571,"Height":6.216266,"Demand":1.0,"DemandMax":null,"Value":17.931260631886},{"Length":4.612255,"Height":3.880751,"Demand":1.0,"DemandMax":null,"Value":17.899013203505},{"Length":2.395054,"Height":7.467535,"Demand":1.0,"DemandMax":null,"Value":17.88514957189},{"Length":6.086739,"Height":2.923458,"Demand":1.0,"DemandMax":null,"Value":17.794325823462},{"Length":4.278949,"Height":4.127717,"Demand":1.0,"DemandMax":null,"Value":17.662290529432997},{"Length":5.658088,"Height":3.114621,"Demand":1.0,"DemandMax":null,"Value":17.622799704648003},{"Length":3.268907,"Height":5.365269,"Demand":1.0,"DemandMax":null,"Value":17.538565390983},{"Length":3.996636,"Height":4.382934,"Demand":1.0,"DemandMax":null,"Value":17.516991810024},{"Length":5.830995,"Height":2.995488,"Demand":1.0,"DemandMax":null,"Value":17.466675550559998},{"Length":4.875483,"Height":3.562509,"Demand":1.0,"DemandMax":null,"Value":17.368952066847},{"Length":6.221422,"Height":2.764292,"Demand":1.0,"DemandMax":null,"Value":17.197827063224},{"Length":7.980561,"Height":2.124563,"Demand":1.0,"DemandMax":null,"Value":16.955204619843002},{"Length":7.919152,"Height":2.135567,"Demand":1.0,"DemandMax":null,"Value":16.911879679184},{"Length":2.665929,"Height":6.341332,"Demand":1.0,"DemandMax":null,"Value":16.905540877428002},{"Length":2.534489,"Height":6.635497,"Demand":1.0,"DemandMax":null,"Value":16.817594156033003},{"Length":7.980561,"Height":2.092317,"Demand":1.0,"DemandMax":null,"Value":16.697863449836998},{"Length":3.477595,"Height":4.788811,"Demand":1.0,"DemandMax":null,"Value":16.653545189545},{"Length":4.6273,"Height":3.597733,"Demand":1.0,"DemandMax":null,"Value":16.6477899109},{"Length":4.687617,"Height":3.520037,"Demand":1.0,"DemandMax":null,"Value":16.500585281829},{"Length":2.773437,"Height":5.929828,"Demand":1.0,"DemandMax":null,"Value":16.446004378835998},{"Length":3.426074,"Height":4.765675,"Demand":1.0,"DemandMax":null,"Value":16.32755520995},{"Length":4.384213,"Height":3.709906,"Demand":1.0,"DemandMax":null,"Value":16.265018113978},{"Length":4.019663,"Height":3.97912,"Demand":1.0,"DemandMax":null,"Value":15.994721436560003},{"Length":4.875483,"Height":3.219449,"Demand":1.0,"DemandMax":null,"Value":15.696368868867},{"Length":5.913707,"Height":2.648363,"Demand":1.0,"DemandMax":null,"Value":15.661642811640999},{"Length":5.822646,"Height":2.68799,"Demand":1.0,"DemandMax":null,"Value":15.65121422154},{"Length":4.613486,"Height":3.380068,"Demand":1.0,"DemandMax":null,"Value":15.593896397048},{"Length":2.056706,"Height":7.546346,"Demand":1.0,"DemandMax":null,"Value":15.520615096276},{"Length":4.606356,"Height":3.362335,"Demand":1.0,"DemandMax":null,"Value":15.48811200126},{"Length":7.196926,"Height":2.146802,"Demand":1.0,"DemandMax":null,"Value":15.450375130652002},{"Length":4.739772,"Height":3.259402,"Demand":1.0,"DemandMax":null,"Value":15.448822336344001},{"Length":2.027092,"Height":7.546346,"Demand":1.0,"DemandMax":null,"Value":15.297137605832},{"Length":4.184957,"Height":3.643739,"Demand":1.0,"DemandMax":null,"Value":15.248891034223},{"Length":2.366173,"Height":6.417746,"Demand":1.0,"DemandMax":null,"Value":15.185497306058},{"Length":3.373433,"Height":4.480283,"Demand":1.0,"DemandMax":null,"Value":15.113934521538999},{"Length":5.852921,"Height":2.569418,"Demand":1.0,"DemandMax":null,"Value":15.038600569978001},{"Length":4.211636,"Height":3.566139,"Demand":1.0,"DemandMax":null,"Value":15.019279393404002},{"Length":2.611056,"Height":5.741692,"Demand":1.0,"DemandMax":null,"Value":14.991879346751999},{"Length":2.625633,"Height":5.680313,"Demand":1.0,"DemandMax":null,"Value":14.914417263129},{"Length":5.322702,"Height":2.787718,"Demand":1.0,"DemandMax":null,"Value":14.838192174036},{"Length":5.020775,"Height":2.934239,"Demand":1.0,"DemandMax":null,"Value":14.732153815225},{"Length":2.355297,"Height":6.247119,"Demand":1.0,"DemandMax":null,"Value":14.713820639343},{"Length":2.622662,"Height":5.609758,"Demand":1.0,"DemandMax":null,"Value":14.712499135796001},{"Length":2.494317,"Height":5.858402,"Demand":1.0,"DemandMax":null,"Value":14.612711701434},{"Length":3.173086,"Height":4.586449,"Demand":1.0,"DemandMax":null,"Value":14.553197111614},{"Length":3.926014,"Height":3.687898,"Demand":1.0,"DemandMax":null,"Value":14.478739178572},{"Length":3.049971,"Height":4.730452,"Demand":1.0,"DemandMax":null,"Value":14.427741416892},{"Length":2.989417,"Height":4.808136,"Demand":1.0,"DemandMax":null,"Value":14.373523496712},{"Length":3.548009,"Height":4.047757,"Demand":1.0,"DemandMax":null,"Value":14.361478265813},{"Length":5.795889,"Height":2.463775,"Demand":1.0,"DemandMax":null,"Value":14.279766420975},{"Length":2.801806,"Height":5.084773,"Demand":1.0,"DemandMax":null,"Value":14.246547500038},{"Length":2.773437,"Height":5.114999,"Demand":1.0,"DemandMax":null,"Value":14.186127481563},{"Length":2.978229,"Height":4.752129,"Demand":1.0,"DemandMax":null,"Value":14.152928399540999},{"Length":5.075331,"Height":2.787718,"Demand":1.0,"DemandMax":null,"Value":14.148591584658},{"Length":2.620344,"Height":5.307077,"Demand":1.0,"DemandMax":null,"Value":13.906367374487997},{"Length":4.121446,"Height":3.362335,"Demand":1.0,"DemandMax":null,"Value":13.857682136409999},{"Length":3.213893,"Height":4.302665,"Demand":1.0,"DemandMax":null,"Value":13.828304924845002},{"Length":3.663542,"Height":3.756362,"Demand":1.0,"DemandMax":null,"Value":13.761589954204002},{"Length":2.978229,"Height":4.613844,"Demand":1.0,"DemandMax":null,"Value":13.741084002276},{"Length":2.332473,"Height":5.858402,"Demand":1.0,"DemandMax":null,"Value":13.664564488145999},{"Length":5.121776,"Height":2.661649,"Demand":1.0,"DemandMax":null,"Value":13.632369968624},{"Length":4.31137,"Height":3.161766,"Demand":1.0,"DemandMax":null,"Value":13.63154307942},{"Length":3.294242,"Height":4.133143,"Demand":1.0,"DemandMax":null,"Value":13.615573262605999},{"Length":3.865846,"Height":3.520037,"Demand":1.0,"DemandMax":null,"Value":13.607920956302},{"Length":4.083799,"Height":3.329913,"Demand":1.0,"DemandMax":null,"Value":13.598695379487},{"Length":2.403121,"Height":5.657823,"Demand":1.0,"DemandMax":null,"Value":13.596433265583},{"Length":3.196587,"Height":4.228995,"Demand":1.0,"DemandMax":null,"Value":13.518350440065001},{"Length":4.264763,"Height":3.161766,"Demand":1.0,"DemandMax":null,"Value":13.484182651458001},{"Length":5.519067,"Height":2.443027,"Demand":1.0,"DemandMax":null,"Value":13.483229695808998},{"Length":2.458193,"Height":5.474854,"Demand":1.0,"DemandMax":null,"Value":13.458247778821999},{"Length":3.046511,"Height":4.397481,"Demand":1.0,"DemandMax":null,"Value":13.396974238791001},{"Length":2.971786,"Height":4.470852,"Demand":1.0,"DemandMax":null,"Value":13.286415381671999},{"Length":4.731615,"Height":2.797544,"Demand":1.0,"DemandMax":null,"Value":13.236901153559998},{"Length":2.084155,"Height":6.341332,"Demand":1.0,"DemandMax":null,"Value":13.216318794460001},{"Length":3.670134,"Height":3.597733,"Demand":1.0,"DemandMax":null,"Value":13.204162206222},{"Length":3.213893,"Height":4.104716,"Demand":1.0,"DemandMax":null,"Value":13.192118019388},{"Length":7.196926,"Height":1.828693,"Demand":1.0,"DemandMax":null,"Value":13.160968197718},{"Length":2.662799,"Height":4.910147,"Demand":1.0,"DemandMax":null,"Value":13.074734521453001},{"Length":3.824581,"Height":3.408381,"Demand":1.0,"DemandMax":null,"Value":13.035629213360998},{"Length":4.581175,"Height":2.844283,"Demand":1.0,"DemandMax":null,"Value":13.030158172524999},{"Length":4.731615,"Height":2.743525,"Demand":1.0,"DemandMax":null,"Value":12.981304042875},{"Length":4.562728,"Height":2.844283,"Demand":1.0,"DemandMax":null,"Value":12.977689684024},{"Length":2.884571,"Height":4.492218,"Demand":1.0,"DemandMax":null,"Value":12.958121768478002},{"Length":2.36702,"Height":5.474042,"Demand":1.0,"DemandMax":null,"Value":12.95716689484},{"Length":3.768925,"Height":3.417192,"Demand":1.0,"DemandMax":null,"Value":12.879140358599999},{"Length":2.920099,"Height":4.409147,"Demand":1.0,"DemandMax":null,"Value":12.875145745553},{"Length":3.706273,"Height":3.465106,"Demand":1.0,"DemandMax":null,"Value":12.842628809938},{"Length":4.257998,"Height":2.995488,"Demand":1.0,"DemandMax":null,"Value":12.754781913023999},{"Length":2.862471,"Height":4.426555,"Demand":1.0,"DemandMax":null,"Value":12.670885317405},{"Length":5.913707,"Height":2.140448,"Demand":1.0,"DemandMax":null,"Value":12.657982320736},{"Length":4.423146,"Height":2.852401,"Demand":1.0,"DemandMax":null,"Value":12.616586073546},{"Length":3.109285,"Height":4.047757,"Demand":1.0,"DemandMax":null,"Value":12.585630123744998},{"Length":2.017514,"Height":6.214789,"Demand":1.0,"DemandMax":null,"Value":12.538423814545999},{"Length":1.961805,"Height":6.3908,"Demand":1.0,"DemandMax":null,"Value":12.537503394},{"Length":4.019663,"Height":3.107166,"Demand":1.0,"DemandMax":null,"Value":12.489760205058001},{"Length":2.927297,"Height":4.247966,"Demand":1.0,"DemandMax":null,"Value":12.435058127902},{"Length":2.625633,"Height":4.730258,"Demand":1.0,"DemandMax":null,"Value":12.419921503314},{"Length":4.540573,"Height":2.735291,"Demand":1.0,"DemandMax":null,"Value":12.419788461743002},{"Length":4.160542,"Height":2.980257,"Demand":1.0,"DemandMax":null,"Value":12.399484419294002},{"Length":2.622662,"Height":4.696648,"Demand":1.0,"DemandMax":null,"Value":12.317720236976},{"Length":3.087677,"Height":3.975495,"Demand":1.0,"DemandMax":null,"Value":12.275044475115},{"Length":2.825174,"Height":4.335217,"Demand":1.0,"DemandMax":null,"Value":12.247742352758001},{"Length":1.939798,"Height":6.309927,"Demand":1.0,"DemandMax":null,"Value":12.239983774746},{"Length":5.591999,"Height":2.187109,"Demand":1.0,"DemandMax":null,"Value":12.230311340891001},{"Length":2.611056,"Height":4.668879,"Demand":1.0,"DemandMax":null,"Value":12.190704526224},{"Length":3.173086,"Height":3.820933,"Demand":1.0,"DemandMax":null,"Value":12.124149009238002},{"Length":4.644003,"Height":2.608643,"Demand":1.0,"DemandMax":null,"Value":12.114545917928998},{"Length":3.299177,"Height":3.667234,"Demand":1.0,"DemandMax":null,"Value":12.098854066418},{"Length":2.920099,"Height":4.143138,"Demand":1.0,"DemandMax":null,"Value":12.098373130662},{"Length":3.046511,"Height":3.938433,"Demand":1.0,"DemandMax":null,"Value":11.998479457263},{"Length":2.800349,"Height":4.283501,"Demand":1.0,"DemandMax":null,"Value":11.995297741849},{"Length":2.797913,"Height":4.285724,"Demand":1.0,"DemandMax":null,"Value":11.991082894012},{"Length":4.599195,"Height":2.607136,"Demand":1.0,"DemandMax":null,"Value":11.99072685552},{"Length":2.314401,"Height":5.170851,"Demand":1.0,"DemandMax":null,"Value":11.967422725251},{"Length":2.179962,"Height":5.474042,"Demand":1.0,"DemandMax":null,"Value":11.933203546404},{"Length":3.329441,"Height":3.580121,"Demand":1.0,"DemandMax":null,"Value":11.919801642361001},{"Length":5.121776,"Height":2.326463,"Demand":1.0,"DemandMax":null,"Value":11.915622358288},{"Length":2.830251,"Height":4.194649,"Demand":1.0,"DemandMax":null,"Value":11.871909526899001},{"Length":4.278949,"Height":2.773112,"Demand":1.0,"DemandMax":null,"Value":11.866004819288},{"Length":4.576953,"Height":2.583825,"Demand":1.0,"DemandMax":null,"Value":11.826045585225},{"Length":1.833868,"Height":6.417746,"Demand":1.0,"DemandMax":null,"Value":11.769299021528001},{"Length":2.464137,"Height":4.765675,"Demand":1.0,"DemandMax":null,"Value":11.743276097475},{"Length":2.645146,"Height":4.414154,"Demand":1.0,"DemandMax":null,"Value":11.676081796484},{"Length":2.639826,"Height":4.420065,"Demand":1.0,"DemandMax":null,"Value":11.66820250869},{"Length":5.795889,"Height":2.004638,"Demand":1.0,"DemandMax":null,"Value":11.618659333181999},{"Length":2.830251,"Height":4.105056,"Demand":1.0,"DemandMax":null,"Value":11.618338849056},{"Length":2.289875,"Height":5.070529,"Demand":1.0,"DemandMax":null,"Value":11.610877593875},{"Length":2.971905,"Height":3.90602,"Demand":1.0,"DemandMax":null,"Value":11.6083203681},{"Length":2.527746,"Height":4.589509,"Demand":1.0,"DemandMax":null,"Value":11.601113016713999},{"Length":1.706893,"Height":6.794572,"Demand":1.0,"DemandMax":null,"Value":11.597607384796},{"Length":2.989417,"Height":3.878248,"Demand":1.0,"DemandMax":null,"Value":11.593700501416},{"Length":3.422029,"Height":3.387109,"Demand":1.0,"DemandMax":null,"Value":11.590785224161001},{"Length":1.745825,"Height":6.635497,"Demand":1.0,"DemandMax":null,"Value":11.584416550024999},{"Length":1.852243,"Height":6.247119,"Demand":1.0,"DemandMax":null,"Value":11.571182437917},{"Length":3.925581,"Height":2.934239,"Demand":1.0,"DemandMax":null,"Value":11.518592867859},{"Length":2.824613,"Height":4.077186,"Demand":1.0,"DemandMax":null,"Value":11.516472579018},{"Length":6.696932,"Height":1.718708,"Demand":1.0,"DemandMax":null,"Value":11.510070603856},{"Length":2.398729,"Height":4.788811,"Demand":1.0,"DemandMax":null,"Value":11.487059821218999},{"Length":2.176535,"Height":5.270453,"Demand":1.0,"DemandMax":null,"Value":11.471325420354999},{"Length":2.088788,"Height":5.474854,"Demand":1.0,"DemandMax":null,"Value":11.435809336952},{"Length":4.599195,"Height":2.485904,"Demand":1.0,"DemandMax":null,"Value":11.43315724728},{"Length":3.124974,"Height":3.658213,"Demand":1.0,"DemandMax":null,"Value":11.431820511462},{"Length":3.367074,"Height":3.380068,"Demand":1.0,"DemandMax":null,"Value":11.380939081032},{"Length":5.132736,"Height":2.217159,"Demand":1.0,"DemandMax":null,"Value":11.380091817024},{"Length":2.819189,"Height":4.025251,"Demand":1.0,"DemandMax":null,"Value":11.347943341439},{"Length":2.288604,"Height":4.947462,"Demand":1.0,"DemandMax":null,"Value":11.322781323047998},{"Length":2.825174,"Height":4.000697,"Demand":1.0,"DemandMax":null,"Value":11.302665146277999},{"Length":4.184957,"Height":2.697593,"Demand":1.0,"DemandMax":null,"Value":11.289310708500999},{"Length":2.208269,"Height":5.082231,"Demand":1.0,"DemandMax":null,"Value":11.222933168139},{"Length":2.636809,"Height":4.247966,"Demand":1.0,"DemandMax":null,"Value":11.201074980493999},{"Length":3.307878,"Height":3.375739,"Demand":1.0,"DemandMax":null,"Value":11.166532771842},{"Length":5.852921,"Height":1.898995,"Demand":1.0,"DemandMax":null,"Value":11.114667714395},{"Length":1.734851,"Height":6.399913,"Demand":1.0,"DemandMax":null,"Value":11.102895467962998},{"Length":3.758586,"Height":2.953264,"Demand":1.0,"DemandMax":null,"Value":11.100096724704},{"Length":4.599195,"Height":2.410271,"Demand":1.0,"DemandMax":null,"Value":11.085306331844999},{"Length":2.702377,"Height":4.09777,"Demand":1.0,"DemandMax":null,"Value":11.073719399289999},{"Length":5.543585,"Height":1.997065,"Demand":1.0,"DemandMax":null,"Value":11.070899578025001},{"Length":3.479349,"Height":3.180171,"Demand":1.0,"DemandMax":null,"Value":11.064924788679},{"Length":2.662799,"Height":4.143846,"Demand":1.0,"DemandMax":null,"Value":11.034228984954},{"Length":2.717884,"Height":4.053409,"Demand":1.0,"DemandMax":null,"Value":11.016695466556001},{"Length":2.709466,"Height":4.053409,"Demand":1.0,"DemandMax":null,"Value":10.982573869594},{"Length":4.384213,"Height":2.504883,"Demand":1.0,"DemandMax":null,"Value":10.981940612078999},{"Length":4.599195,"Height":2.383211,"Demand":1.0,"DemandMax":null,"Value":10.960852115145},{"Length":3.660746,"Height":2.993657,"Demand":1.0,"DemandMax":null,"Value":10.959017888122},{"Length":4.673266,"Height":2.339808,"Demand":1.0,"DemandMax":null,"Value":10.934545172928},{"Length":2.47663,"Height":4.414154,"Demand":1.0,"DemandMax":null,"Value":10.93222622102},{"Length":3.660746,"Height":2.98528,"Demand":1.0,"DemandMax":null,"Value":10.92835181888},{"Length":2.207487,"Height":4.947462,"Demand":1.0,"DemandMax":null,"Value":10.921458047994},{"Length":5.519067,"Height":1.972338,"Demand":1.0,"DemandMax":null,"Value":10.885465568646},{"Length":2.969209,"Height":3.659103,"Demand":1.0,"DemandMax":null,"Value":10.864641559527001},{"Length":1.698941,"Height":6.3908,"Demand":1.0,"DemandMax":null,"Value":10.8575921428},{"Length":4.423146,"Height":2.454676,"Demand":1.0,"DemandMax":null,"Value":10.857390330696001},{"Length":2.288112,"Height":4.730452,"Demand":1.0,"DemandMax":null,"Value":10.823803986623998},{"Length":4.281927,"Height":2.52763,"Demand":1.0,"DemandMax":null,"Value":10.823127143009998},{"Length":6.073217,"Height":1.780223,"Demand":1.0,"DemandMax":null,"Value":10.811680587391},{"Length":4.271537,"Height":2.52763,"Demand":1.0,"DemandMax":null,"Value":10.79686506731},{"Length":3.206193,"Height":3.365776,"Demand":1.0,"DemandMax":null,"Value":10.791327450768},{"Length":2.934601,"Height":3.674736,"Demand":1.0,"DemandMax":null,"Value":10.783883940335999},{"Length":2.831673,"Height":3.807706,"Demand":1.0,"DemandMax":null,"Value":10.782178272138},{"Length":1.89762,"Height":5.680292,"Demand":1.0,"DemandMax":null,"Value":10.77903570504},{"Length":1.896417,"Height":5.657823,"Demand":1.0,"DemandMax":null,"Value":10.729591720191},{"Length":3.228185,"Height":3.322943,"Demand":1.0,"DemandMax":null,"Value":10.727074748455},{"Length":2.971786,"Height":3.609397,"Demand":1.0,"DemandMax":null,"Value":10.726355473042},{"Length":1.895693,"Height":5.657823,"Demand":1.0,"DemandMax":null,"Value":10.725495456338999},{"Length":2.335922,"Height":4.579447,"Demand":1.0,"DemandMax":null,"Value":10.697230995134001},{"Length":1.982741,"Height":5.391327,"Demand":1.0,"DemandMax":null,"Value":10.689605087307001},{"Length":4.658782,"Height":2.289068,"Demand":1.0,"DemandMax":null,"Value":10.664268795176},{"Length":2.872739,"Height":3.695723,"Demand":1.0,"DemandMax":null,"Value":10.616847595297001},{"Length":2.947467,"Height":3.60074,"Demand":1.0,"DemandMax":null,"Value":10.61306232558},{"Length":3.038399,"Height":3.491693,"Demand":1.0,"DemandMax":null,"Value":10.609156519507001},{"Length":4.629869,"Height":2.285322,"Demand":1.0,"DemandMax":null,"Value":10.580741482818},{"Length":3.723834,"Height":2.833686,"Demand":1.0,"DemandMax":null,"Value":10.552176272124001},{"Length":3.421969,"Height":3.078892,"Demand":1.0,"DemandMax":null,"Value":10.535872978348},{"Length":1.943273,"Height":5.391327,"Demand":1.0,"DemandMax":null,"Value":10.476820193271001},{"Length":3.09294,"Height":3.387109,"Demand":1.0,"DemandMax":null,"Value":10.476124910460001},{"Length":4.415964,"Height":2.370944,"Demand":1.0,"DemandMax":null,"Value":10.470003350016},{"Length":2.364739,"Height":4.426555,"Demand":1.0,"DemandMax":null,"Value":10.467647244144999},{"Length":3.496582,"Height":2.986529,"Demand":1.0,"DemandMax":null,"Value":10.442643543878},{"Length":2.175329,"Height":4.792297,"Demand":1.0,"DemandMax":null,"Value":10.424822640713},{"Length":3.698025,"Height":2.80768,"Demand":1.0,"DemandMax":null,"Value":10.382870832},{"Length":2.040895,"Height":5.082231,"Demand":1.0,"DemandMax":null,"Value":10.372299836745},{"Length":3.421969,"Height":3.018314,"Demand":1.0,"DemandMax":null,"Value":10.328576940266},{"Length":3.206193,"Height":3.208933,"Demand":1.0,"DemandMax":null,"Value":10.288458522069},{"Length":5.543585,"Height":1.855817,"Demand":1.0,"DemandMax":null,"Value":10.287879283945001},{"Length":3.661812,"Height":2.80768,"Demand":1.0,"DemandMax":null,"Value":10.281196316159999},{"Length":2.687395,"Height":3.807706,"Demand":1.0,"DemandMax":null,"Value":10.23281006587},{"Length":3.401028,"Height":2.986529,"Demand":1.0,"DemandMax":null,"Value":10.157268751812001},{"Length":1.847521,"Height":5.464056,"Demand":1.0,"DemandMax":null,"Value":10.094958205176},{"Length":1.990439,"Height":5.070529,"Demand":1.0,"DemandMax":null,"Value":10.092578672231},{"Length":3.365021,"Height":2.986529,"Demand":1.0,"DemandMax":null,"Value":10.049732802109},{"Length":3.307878,"Height":3.033525,"Demand":1.0,"DemandMax":null,"Value":10.03453060995},{"Length":2.934601,"Height":3.414053,"Demand":1.0,"DemandMax":null,"Value":10.018883347852999},{"Length":3.228185,"Height":3.08632,"Demand":1.0,"DemandMax":null,"Value":9.9632119292},{"Length":1.823041,"Height":5.464056,"Demand":1.0,"DemandMax":null,"Value":9.961198114296},{"Length":4.658782,"Height":2.133397,"Demand":1.0,"DemandMax":null,"Value":9.9390315424540017},{"Length":3.507355,"Height":2.833686,"Demand":1.0,"DemandMax":null,"Value":9.9387427605300012},{"Length":4.316488,"Height":2.285322,"Demand":1.0,"DemandMax":null,"Value":9.864564989136},{"Length":2.872739,"Height":3.431765,"Demand":1.0,"DemandMax":null,"Value":9.858565154335},{"Length":2.743777,"Height":3.580121,"Demand":1.0,"DemandMax":null,"Value":9.823053657017},{"Length":4.1375,"Height":2.370944,"Demand":1.0,"DemandMax":null,"Value":9.8097808},{"Length":2.036307,"Height":4.792297,"Demand":1.0,"DemandMax":null,"Value":9.7585879271789988},{"Length":4.673266,"Height":2.086747,"Demand":1.0,"DemandMax":null,"Value":9.751923805701999},{"Length":2.450794,"Height":3.975495,"Demand":1.0,"DemandMax":null,"Value":9.74311929303},{"Length":2.335922,"Height":4.13339,"Demand":1.0,"DemandMax":null,"Value":9.6552766355800017},{"Length":1.89798,"Height":5.082231,"Demand":1.0,"DemandMax":null,"Value":9.64597279338},{"Length":3.758586,"Height":2.548151,"Demand":1.0,"DemandMax":null,"Value":9.577444674486},{"Length":2.971905,"Height":3.221468,"Demand":1.0,"DemandMax":null,"Value":9.5738968565400011},{"Length":5.822646,"Height":1.640205,"Demand":1.0,"DemandMax":null,"Value":9.550333082429999},{"Length":2.257339,"Height":4.228995,"Demand":1.0,"DemandMax":null,"Value":9.546275344305},{"Length":3.673081,"Height":2.592557,"Demand":1.0,"DemandMax":null,"Value":9.5226718581169987},{"Length":1.679029,"Height":5.657823,"Demand":1.0,"DemandMax":null,"Value":9.499648893867},{"Length":3.996636,"Height":2.376386,"Demand":1.0,"DemandMax":null,"Value":9.497549837496},{"Length":1.670565,"Height":5.680292,"Demand":1.0,"DemandMax":null,"Value":9.48929700498},{"Length":4.191025,"Height":2.256061,"Demand":1.0,"DemandMax":null,"Value":9.4552080525249984},{"Length":3.687019,"Height":2.553985,"Demand":1.0,"DemandMax":null,"Value":9.4165912207149987},{"Length":3.439987,"Height":2.735291,"Demand":1.0,"DemandMax":null,"Value":9.409365481217},{"Length":4.605911,"Height":2.042664,"Demand":1.0,"DemandMax":null,"Value":9.4083285869039983},{"Length":5.132736,"Height":1.830598,"Demand":1.0,"DemandMax":null,"Value":9.395976256128},{"Length":6.086739,"Height":1.543251,"Demand":1.0,"DemandMax":null,"Value":9.393366048489},{"Length":5.658088,"Height":1.659007,"Demand":1.0,"DemandMax":null,"Value":9.386807598616},{"Length":2.527746,"Height":3.710196,"Demand":1.0,"DemandMax":null,"Value":9.378433098216},{"Length":3.038399,"Height":3.083016,"Demand":1.0,"DemandMax":null,"Value":9.3674327313840013},{"Length":4.191025,"Height":2.224222,"Demand":1.0,"DemandMax":null,"Value":9.32177000755},{"Length":1.833418,"Height":5.082231,"Demand":1.0,"DemandMax":null,"Value":9.317853795558},{"Length":2.544882,"Height":3.659103,"Demand":1.0,"DemandMax":null,"Value":9.311985360846},{"Length":1.778363,"Height":5.23142,"Demand":1.0,"DemandMax":null,"Value":9.30336376546},{"Length":2.947467,"Height":3.148458,"Demand":1.0,"DemandMax":null,"Value":9.2799760558860012},{"Length":4.576953,"Height":2.024068,"Demand":1.0,"DemandMax":null,"Value":9.264064104804},{"Length":2.590951,"Height":3.574935,"Demand":1.0,"DemandMax":null,"Value":9.262481413185},{"Length":3.479349,"Height":2.656914,"Demand":1.0,"DemandMax":null,"Value":9.244331068986},{"Length":3.378047,"Height":2.732924,"Demand":1.0,"DemandMax":null,"Value":9.2319457194280012},{"Length":5.920342,"Height":1.558041,"Demand":1.0,"DemandMax":null,"Value":9.224135570022},{"Length":2.702377,"Height":3.409629,"Demand":1.0,"DemandMax":null,"Value":9.2141029881329981},{"Length":3.996636,"Height":2.294674,"Demand":1.0,"DemandMax":null,"Value":9.170976716664},{"Length":3.070647,"Height":2.980257,"Demand":1.0,"DemandMax":null,"Value":9.151317216279},{"Length":3.178414,"Height":2.876557,"Demand":1.0,"DemandMax":null,"Value":9.142889040598},{"Length":2.423197,"Height":3.756362,"Demand":1.0,"DemandMax":null,"Value":9.102405129314},{"Length":1.55347,"Height":5.858402,"Demand":1.0,"DemandMax":null,"Value":9.100851754939999}]}