{"Name":"Nice19_100","Objects":[{"Length":100.0,"Height":100.0,"Stock":null,"Cost":10000.0}],"Items":[{"Length":32.8715,"Height":9.103868,"Demand":1.0,"DemandMax":null,"Value":299.257796962},{"Length":28.21804,"Height":10.59347,"Demand":1.0,"DemandMax":null,"Value":298.9269601988},{"Length":32.8715,"Height":8.426115,"Demand":1.0,"DemandMax":null,"Value":276.9790392225},{"Length":20.65245,"Height":12.88903,"Demand":1.0,"DemandMax":null,"Value":266.19004762350005},{"Length":13.27006,"Height":19.73343,"Demand":1.0,"DemandMax":null,"Value":261.8638001058},{"Length":15.28605,"Height":16.52542,"Demand":1.0,"DemandMax":null,"Value":252.60839639099999},{"Length":24.77451,"Height":9.288034,"Demand":1.0,"DemandMax":null,"Value":230.10649121333998},{"Length":11.80782,"Height":16.9632,"Demand":1.0,"DemandMax":null,"Value":200.298412224},{"Length":15.08123,"Height":12.88903,"Demand":1.0,"DemandMax":null,"Value":194.38242590689998},{"Length":11.65678,"Height":16.52542,"Demand":1.0,"DemandMax":null,"Value":192.6331853476},{"Length":9.509649,"Height":20.10854,"Demand":1.0,"DemandMax":null,"Value":191.22515730246002},{"Length":19.6702,"Height":9.461418,"Demand":1.0,"DemandMax":null,"Value":186.1079843436},{"Length":17.40922,"Height":9.878607,"Demand":1.0,"DemandMax":null,"Value":171.97884255654003},{"Length":15.46227,"Height":9.878607,"Demand":1.0,"DemandMax":null,"Value":152.74568865789},{"Length":16.45146,"Height":9.064134,"Demand":1.0,"DemandMax":null,"Value":149.11823793564},{"Length":16.45146,"Height":8.956378,"Demand":1.0,"DemandMax":null,"Value":147.34549441188003},{"Length":14.91732,"Height":9.515068,"Demand":1.0,"DemandMax":null,"Value":141.93931417776},{"Length":15.88102,"Height":8.766577,"Demand":1.0,"DemandMax":null,"Value":139.22218466854},{"Length":12.00059,"Height":11.47653,"Demand":1.0,"DemandMax":null,"Value":137.72513115270002},{"Length":12.11768,"Height":11.25205,"Demand":1.0,"DemandMax":null,"Value":136.348741244},{"Length":8.828805,"Height":15.39032,"Demand":1.0,"DemandMax":null,"Value":135.87813416759997},{"Length":10.49086,"Height":12.88903,"Demand":1.0,"DemandMax":null,"Value":135.2170092658},{"Length":14.60151,"Height":9.174726,"Demand":1.0,"DemandMax":null,"Value":133.96485343626},{"Length":14.51391,"Height":8.481379,"Demand":1.0,"DemandMax":null,"Value":123.09797148189},{"Length":5.562232,"Height":20.10854,"Demand":1.0,"DemandMax":null,"Value":111.84836466128},{"Length":12.27222,"Height":9.043348,"Demand":1.0,"DemandMax":null,"Value":110.98195619256},{"Length":5.606006,"Height":19.73343,"Demand":1.0,"DemandMax":null,"Value":110.62572698057998},{"Length":9.658523,"Height":11.25205,"Demand":1.0,"DemandMax":null,"Value":108.67818372215001},{"Length":12.78443,"Height":8.481379,"Demand":1.0,"DemandMax":null,"Value":108.42959612897},{"Length":15.00467,"Height":7.148391,"Demand":1.0,"DemandMax":null,"Value":107.25924798597},{"Length":6.194002,"Height":16.9632,"Demand":1.0,"DemandMax":null,"Value":105.0700947264},{"Length":10.70061,"Height":9.725606,"Demand":1.0,"DemandMax":null,"Value":104.06991681966001},{"Length":15.37652,"Height":6.462372,"Demand":1.0,"DemandMax":null,"Value":99.36879230544},{"Length":12.00059,"Height":8.1971,"Demand":1.0,"DemandMax":null,"Value":98.370036289000012},{"Length":7.36449,"Height":13.06427,"Demand":1.0,"DemandMax":null,"Value":96.2116857723},{"Length":5.809072,"Height":16.52542,"Demand":1.0,"DemandMax":null,"Value":95.99735461024},{"Length":14.60151,"Height":6.215591,"Demand":1.0,"DemandMax":null,"Value":90.75701414241},{"Length":5.819781,"Height":15.39032,"Demand":1.0,"DemandMax":null,"Value":89.568291919919986},{"Length":5.364414,"Height":16.52542,"Demand":1.0,"DemandMax":null,"Value":88.64919440388},{"Length":8.953508,"Height":9.83388,"Demand":1.0,"DemandMax":null,"Value":88.04772325104},{"Length":7.734405,"Height":11.36503,"Demand":1.0,"DemandMax":null,"Value":87.90174485715},{"Length":10.48869,"Height":8.356938,"Demand":1.0,"DemandMax":null,"Value":87.653332031219989},{"Length":8.969592,"Height":9.725606,"Demand":1.0,"DemandMax":null,"Value":87.234717772752},{"Length":10.36886,"Height":8.403584,"Demand":1.0,"DemandMax":null,"Value":87.13558599424},{"Length":7.590598,"Height":11.36503,"Demand":1.0,"DemandMax":null,"Value":86.26737398794},{"Length":5.193832,"Height":16.52542,"Demand":1.0,"DemandMax":null,"Value":85.83025520944},{"Length":4.929104,"Height":16.9632,"Demand":1.0,"DemandMax":null,"Value":83.6133769728},{"Length":4.88679,"Height":16.9632,"Demand":1.0,"DemandMax":null,"Value":82.895596128000008},{"Length":7.227297,"Height":11.2791,"Demand":1.0,"DemandMax":null,"Value":81.5174055927},{"Length":15.88102,"Height":5.013816,"Demand":1.0,"DemandMax":null,"Value":79.62451217232},{"Length":8.817194,"Height":9.030207,"Demand":1.0,"DemandMax":null,"Value":79.621086979158008},{"Length":7.018131,"Height":11.2791,"Demand":1.0,"DemandMax":null,"Value":79.1582013621},{"Length":9.301342,"Height":8.403584,"Demand":1.0,"DemandMax":null,"Value":78.164608809728009},{"Length":5.968615,"Height":13.06427,"Demand":1.0,"DemandMax":null,"Value":77.97559788605},{"Length":12.06114,"Height":6.398424,"Demand":1.0,"DemandMax":null,"Value":77.172287643360008},{"Length":4.785681,"Height":16.05363,"Demand":1.0,"DemandMax":null,"Value":76.82755207203},{"Length":8.096993,"Height":9.288034,"Demand":1.0,"DemandMax":null,"Value":75.205146281762},{"Length":10.17742,"Height":7.381968,"Demand":1.0,"DemandMax":null,"Value":75.12938876256},{"Length":4.288363,"Height":16.9632,"Demand":1.0,"DemandMax":null,"Value":72.744359241600009},{"Length":9.79923,"Height":7.381968,"Demand":1.0,"DemandMax":null,"Value":72.33760228464},{"Length":7.467798,"Height":9.515068,"Demand":1.0,"DemandMax":null,"Value":71.056605780264},{"Length":11.72056,"Height":6.05077,"Demand":1.0,"DemandMax":null,"Value":70.9184128312},{"Length":8.817194,"Height":7.932992,"Demand":1.0,"DemandMax":null,"Value":69.946729464448},{"Length":15.325,"Height":4.392162,"Demand":1.0,"DemandMax":null,"Value":67.309882649999992},{"Length":7.397979,"Height":9.043348,"Demand":1.0,"DemandMax":null,"Value":66.902498593692},{"Length":15.325,"Height":4.351354,"Demand":1.0,"DemandMax":null,"Value":66.68450005},{"Length":5.009648,"Height":12.88903,"Demand":1.0,"DemandMax":null,"Value":64.56950336144},{"Length":7.440906,"Height":8.66606,"Demand":1.0,"DemandMax":null,"Value":64.48333785036},{"Length":5.522139,"Height":11.25205,"Demand":1.0,"DemandMax":null,"Value":62.13538413495},{"Length":7.235097,"Height":8.576126,"Demand":1.0,"DemandMax":null,"Value":62.049103494222},{"Length":15.00467,"Height":4.130711,"Demand":1.0,"DemandMax":null,"Value":61.97995542037},{"Length":7.078692,"Height":8.66606,"Demand":1.0,"DemandMax":null,"Value":61.34436959352},{"Length":6.93488,"Height":8.534296,"Demand":1.0,"DemandMax":null,"Value":59.184318644479994},{"Length":4.014438,"Height":14.47205,"Demand":1.0,"DemandMax":null,"Value":58.0971474579},{"Length":7.235097,"Height":7.949289,"Demand":1.0,"DemandMax":null,"Value":57.513876996033},{"Length":7.819653,"Height":7.31802,"Demand":1.0,"DemandMax":null,"Value":57.224377047059996},{"Length":6.434501,"Height":8.66606,"Demand":1.0,"DemandMax":null,"Value":55.76177173606},{"Length":5.832918,"Height":9.515068,"Demand":1.0,"DemandMax":null,"Value":55.500611408424},{"Length":7.55687,"Height":7.31802,"Demand":1.0,"DemandMax":null,"Value":55.3013257974},{"Length":5.263423,"Height":10.443,"Demand":1.0,"DemandMax":null,"Value":54.965926389},{"Length":5.871423,"Height":9.349003,"Demand":1.0,"DemandMax":null,"Value":54.891951241269},{"Length":3.78072,"Height":14.47205,"Demand":1.0,"DemandMax":null,"Value":54.714768876},{"Length":5.871423,"Height":9.264442,"Demand":1.0,"DemandMax":null,"Value":54.395457840966},{"Length":11.72056,"Height":4.565017,"Demand":1.0,"DemandMax":null,"Value":53.504555649520007},{"Length":6.93488,"Height":7.519334,"Demand":1.0,"DemandMax":null,"Value":52.14567896992},{"Length":5.163192,"Height":9.903643,"Demand":1.0,"DemandMax":null,"Value":51.134410308456},{"Length":5.263423,"Height":9.665545,"Demand":1.0,"DemandMax":null,"Value":50.873851860535005},{"Length":5.416842,"Height":9.367495,"Demand":1.0,"DemandMax":null,"Value":50.74224035079},{"Length":7.915508,"Height":6.398424,"Demand":1.0,"DemandMax":null,"Value":50.646776359392},{"Length":5.416842,"Height":9.245951,"Demand":1.0,"DemandMax":null,"Value":50.083855706742},{"Length":3.903558,"Height":12.19737,"Demand":1.0,"DemandMax":null,"Value":47.613141242459996},{"Length":3.891599,"Height":12.19737,"Demand":1.0,"DemandMax":null,"Value":47.467272894629993},{"Length":13.33311,"Height":3.461145,"Demand":1.0,"DemandMax":null,"Value":46.14782701095},{"Length":5.163192,"Height":8.709803,"Demand":1.0,"DemandMax":null,"Value":44.970385171176},{"Length":5.251132,"Height":8.549905,"Demand":1.0,"DemandMax":null,"Value":44.89667974246},{"Length":10.46541,"Height":4.246675,"Demand":1.0,"DemandMax":null,"Value":44.44319501175},{"Length":4.510718,"Height":9.839746,"Demand":1.0,"DemandMax":null,"Value":44.384319397628},{"Length":5.251132,"Height":8.413293,"Demand":1.0,"DemandMax":null,"Value":44.179312097676},{"Length":4.442791,"Height":9.839746,"Demand":1.0,"DemandMax":null,"Value":43.715934971086},{"Length":10.46541,"Height":4.110264,"Demand":1.0,"DemandMax":null,"Value":43.01559796824}]}