{"Name":"Nice15_100","Objects":[{"Length":100.0,"Height":100.0,"Stock":null,"Cost":10000.0}],"Items":[{"Length":16.05112,"Height":22.0216,"Demand":1.0,"DemandMax":null,"Value":353.471344192},{"Length":23.28098,"Height":14.8657,"Demand":1.0,"DemandMax":null,"Value":346.088064386},{"Length":13.42803,"Height":22.56803,"Demand":1.0,"DemandMax":null,"Value":303.0441838809},{"Length":18.27696,"Height":14.01843,"Demand":1.0,"DemandMax":null,"Value":256.21428437279997},{"Length":9.942967,"Height":25.16916,"Demand":1.0,"DemandMax":null,"Value":250.25612729772},{"Length":16.99789,"Height":14.15458,"Demand":1.0,"DemandMax":null,"Value":240.5979938362},{"Length":9.269011,"Height":21.52291,"Demand":1.0,"DemandMax":null,"Value":199.49608954201003},{"Length":11.52954,"Height":17.27567,"Demand":1.0,"DemandMax":null,"Value":199.18052829180004},{"Length":19.25249,"Height":10.16067,"Demand":1.0,"DemandMax":null,"Value":195.61819756830002},{"Length":11.23639,"Height":17.06308,"Demand":1.0,"DemandMax":null,"Value":191.7274214812},{"Length":11.00302,"Height":16.82529,"Demand":1.0,"DemandMax":null,"Value":185.12900237579999},{"Length":15.76164,"Height":11.47548,"Demand":1.0,"DemandMax":null,"Value":180.87238458719997},{"Length":12.12792,"Height":14.30677,"Demand":1.0,"DemandMax":null,"Value":173.5113620184},{"Length":12.51845,"Height":13.52973,"Demand":1.0,"DemandMax":null,"Value":169.3712485185},{"Length":11.83737,"Height":13.70183,"Demand":1.0,"DemandMax":null,"Value":162.1936313871},{"Length":21.99859,"Height":7.239287,"Demand":1.0,"DemandMax":null,"Value":159.25410660533},{"Length":15.76164,"Height":10.0849,"Demand":1.0,"DemandMax":null,"Value":158.95456323599998},{"Length":22.21756,"Height":6.408384,"Demand":1.0,"DemandMax":null,"Value":142.37865602303998},{"Length":11.00302,"Height":12.06951,"Demand":1.0,"DemandMax":null,"Value":132.80105992019998},{"Length":9.699109,"Height":13.52973,"Demand":1.0,"DemandMax":null,"Value":131.22632601057},{"Length":8.226359,"Height":14.87637,"Demand":1.0,"DemandMax":null,"Value":122.37836023683},{"Length":15.70015,"Height":7.788665,"Demand":1.0,"DemandMax":null,"Value":122.28320879975},{"Length":8.057736,"Height":14.87637,"Demand":1.0,"DemandMax":null,"Value":119.86986209832},{"Length":13.44053,"Height":8.881429,"Demand":1.0,"DemandMax":null,"Value":119.37111291737001},{"Length":17.39287,"Height":6.618296,"Demand":1.0,"DemandMax":null,"Value":115.11116194952},{"Length":15.70015,"Height":7.087708,"Demand":1.0,"DemandMax":null,"Value":111.2780787562},{"Length":5.589849,"Height":18.40354,"Demand":1.0,"DemandMax":null,"Value":102.87300966546},{"Length":10.15824,"Height":9.856253,"Demand":1.0,"DemandMax":null,"Value":100.12218347472},{"Length":7.170222,"Height":13.44502,"Demand":1.0,"DemandMax":null,"Value":96.40377819444},{"Length":15.2431,"Height":6.14241,"Demand":1.0,"DemandMax":null,"Value":93.629369871},{"Length":9.939917,"Height":9.114314,"Demand":1.0,"DemandMax":null,"Value":90.595524671938},{"Length":11.806,"Height":7.637086,"Demand":1.0,"DemandMax":null,"Value":90.163437316},{"Length":4.897269,"Height":18.19094,"Demand":1.0,"DemandMax":null,"Value":89.08592654286},{"Length":14.28811,"Height":6.230478,"Demand":1.0,"DemandMax":null,"Value":89.021755016579988},{"Length":5.495808,"Height":15.9829,"Demand":1.0,"DemandMax":null,"Value":87.838949683200013},{"Length":9.722066,"Height":9.024551,"Demand":1.0,"DemandMax":null,"Value":87.737280442366},{"Length":13.40308,"Height":6.478885,"Demand":1.0,"DemandMax":null,"Value":86.8370139658},{"Length":6.174679,"Height":14.01843,"Demand":1.0,"DemandMax":null,"Value":86.55930533397},{"Length":5.607499,"Height":14.8657,"Demand":1.0,"DemandMax":null,"Value":83.3593978843},{"Length":13.39672,"Height":6.203718,"Demand":1.0,"DemandMax":null,"Value":83.109473004960009},{"Length":13.44053,"Height":6.103587,"Demand":1.0,"DemandMax":null,"Value":82.035444181110009},{"Length":7.222834,"Height":11.27951,"Demand":1.0,"DemandMax":null,"Value":81.47002833134},{"Length":4.497376,"Height":17.79655,"Demand":1.0,"DemandMax":null,"Value":80.0377768528},{"Length":4.520065,"Height":17.67006,"Demand":1.0,"DemandMax":null,"Value":79.869819753899989},{"Length":4.481164,"Height":17.79655,"Demand":1.0,"DemandMax":null,"Value":79.7492591842},{"Length":4.458476,"Height":17.67006,"Demand":1.0,"DemandMax":null,"Value":78.78153842856},{"Length":5.254997,"Height":14.8657,"Demand":1.0,"DemandMax":null,"Value":78.119208902900013},{"Length":10.19259,"Height":7.637086,"Demand":1.0,"DemandMax":null,"Value":77.841686392739987},{"Length":8.545657,"Height":9.024551,"Demand":1.0,"DemandMax":null,"Value":77.120717425007},{"Length":9.715874,"Height":7.92273,"Demand":1.0,"DemandMax":null,"Value":76.97624641601999},{"Length":9.269011,"Height":8.165431,"Demand":1.0,"DemandMax":null,"Value":75.685469758741007},{"Length":7.124572,"Height":10.5233,"Demand":1.0,"DemandMax":null,"Value":74.9740085276},{"Length":6.514834,"Height":11.45705,"Demand":1.0,"DemandMax":null,"Value":74.6407788797},{"Length":7.733924,"Height":9.388592,"Demand":1.0,"DemandMax":null,"Value":72.610656995008},{"Length":5.062007,"Height":14.04763,"Demand":1.0,"DemandMax":null,"Value":71.10920139341},{"Length":5.898177,"Height":12.05336,"Demand":1.0,"DemandMax":null,"Value":71.09285072472},{"Length":6.284506,"Height":11.27951,"Demand":1.0,"DemandMax":null,"Value":70.88614827206},{"Length":7.541589,"Height":9.388592,"Demand":1.0,"DemandMax":null,"Value":70.804902152688},{"Length":11.20767,"Height":6.311871,"Demand":1.0,"DemandMax":null,"Value":70.741367250570008},{"Length":13.39672,"Height":5.25333,"Demand":1.0,"DemandMax":null,"Value":70.3773910776},{"Length":11.00989,"Height":6.311871,"Demand":1.0,"DemandMax":null,"Value":69.49300540419},{"Length":13.42803,"Height":5.150003,"Demand":1.0,"DemandMax":null,"Value":69.15439478409},{"Length":9.715874,"Height":7.062286,"Demand":1.0,"DemandMax":null,"Value":68.616280927964},{"Length":7.599191,"Height":9.024551,"Demand":1.0,"DemandMax":null,"Value":68.579286738241009},{"Length":5.030761,"Height":13.44502,"Demand":1.0,"DemandMax":null,"Value":67.63868226022},{"Length":7.447721,"Height":9.024551,"Demand":1.0,"DemandMax":null,"Value":67.212337998271},{"Length":13.40308,"Height":4.978162,"Demand":1.0,"DemandMax":null,"Value":66.72270353896},{"Length":9.939917,"Height":6.636777,"Demand":1.0,"DemandMax":null,"Value":65.969012527509},{"Length":4.124955,"Height":15.9829,"Demand":1.0,"DemandMax":null,"Value":65.9287432695},{"Length":4.429871,"Height":14.8657,"Demand":1.0,"DemandMax":null,"Value":65.853133324700011},{"Length":6.63227,"Height":9.901085,"Demand":1.0,"DemandMax":null,"Value":65.66666901295},{"Length":6.900509,"Height":9.493362,"Demand":1.0,"DemandMax":null,"Value":65.509029921257991},{"Length":6.942042,"Height":9.388592,"Demand":1.0,"DemandMax":null,"Value":65.175999984863992},{"Length":4.558755,"Height":14.04763,"Demand":1.0,"DemandMax":null,"Value":64.039703500649992},{"Length":6.606831,"Height":9.493362,"Demand":1.0,"DemandMax":null,"Value":62.721038355821996},{"Length":9.939917,"Height":6.185655,"Demand":1.0,"DemandMax":null,"Value":61.48489729063499},{"Length":7.748487,"Height":7.876022,"Demand":1.0,"DemandMax":null,"Value":61.027254078714},{"Length":4.263243,"Height":14.15458,"Demand":1.0,"DemandMax":null,"Value":60.34441410294},{"Length":8.142749,"Height":7.33443,"Demand":1.0,"DemandMax":null,"Value":59.722422548070007},{"Length":7.494614,"Height":7.876022,"Demand":1.0,"DemandMax":null,"Value":59.027744745508},{"Length":7.124572,"Height":8.210834,"Demand":1.0,"DemandMax":null,"Value":58.498678013048},{"Length":5.898177,"Height":9.883387,"Demand":1.0,"DemandMax":null,"Value":58.293965885499},{"Length":14.28811,"Height":4.052457,"Demand":1.0,"DemandMax":null,"Value":57.901951386270007},{"Length":7.61889,"Height":7.33443,"Demand":1.0,"DemandMax":null,"Value":55.8802153827},{"Length":6.63227,"Height":8.28986,"Demand":1.0,"DemandMax":null,"Value":54.980589782199992},{"Length":6.923614,"Height":7.920548,"Demand":1.0,"DemandMax":null,"Value":54.838817020472},{"Length":4.000723,"Height":13.70183,"Demand":1.0,"DemandMax":null,"Value":54.817226423089991},{"Length":3.804875,"Height":14.15458,"Demand":1.0,"DemandMax":null,"Value":53.8564075775},{"Length":12.12792,"Height":4.42737,"Demand":1.0,"DemandMax":null,"Value":53.694789170399993},{"Length":9.269011,"Height":5.778273,"Demand":1.0,"DemandMax":null,"Value":53.55887599800301},{"Length":14.28811,"Height":3.735498,"Demand":1.0,"DemandMax":null,"Value":53.37320632878},{"Length":5.076831,"Height":10.46942,"Demand":1.0,"DemandMax":null,"Value":53.15147600802},{"Length":5.646538,"Height":9.308102,"Demand":1.0,"DemandMax":null,"Value":52.558551650876},{"Length":9.620763,"Height":5.436085,"Demand":1.0,"DemandMax":null,"Value":52.299285432855},{"Length":10.15824,"Height":5.128763,"Demand":1.0,"DemandMax":null,"Value":52.09920545712},{"Length":3.850141,"Height":13.44502,"Demand":1.0,"DemandMax":null,"Value":51.76522274782},{"Length":6.504421,"Height":7.920548,"Demand":1.0,"DemandMax":null,"Value":51.518578742708},{"Length":5.646538,"Height":9.095436,"Demand":1.0,"DemandMax":null,"Value":51.357725000567996},{"Length":4.866136,"Height":10.46942,"Demand":1.0,"DemandMax":null,"Value":50.94562156112},{"Length":7.67314,"Height":6.618296,"Demand":1.0,"DemandMax":null,"Value":50.78311176944}]}