{"Name":"Path1_25","Objects":[{"Length":100.0,"Height":100.0,"Stock":null,"Cost":10000.0}],"Items":[{"Length":70.33542,"Height":34.54919,"Demand":1.0,"DemandMax":null,"Value":2430.0317893098004},{"Length":100.0,"Height":22.58638,"Demand":1.0,"DemandMax":null,"Value":2258.638},{"Length":29.66458,"Height":64.6594,"Demand":1.0,"DemandMax":null,"Value":1918.093944052},{"Length":41.20461,"Height":18.48787,"Demand":1.0,"DemandMax":null,"Value":761.78547308070006},{"Length":41.20461,"Height":13.56465,"Demand":1.0,"DemandMax":null,"Value":558.9261130365},{"Length":16.7322,"Height":29.67593,"Demand":1.0,"DemandMax":null,"Value":496.543595946},{"Length":31.80167,"Height":6.028456,"Demand":1.0,"DemandMax":null,"Value":191.71496832152002},{"Length":5.538497,"Height":32.05252,"Demand":1.0,"DemandMax":null,"Value":177.52278586244},{"Length":70.33542,"Height":2.436572,"Demand":1.0,"DemandMax":null,"Value":171.37731498024},{"Length":68.19833,"Height":2.051177,"Demand":1.0,"DemandMax":null,"Value":139.88684593441},{"Length":29.66458,"Height":3.739932,"Demand":1.0,"DemandMax":null,"Value":110.94351200856},{"Length":3.947375,"Height":25.8097,"Demand":1.0,"DemandMax":null,"Value":101.88056453749999},{"Length":2.912739,"Height":32.05252,"Demand":1.0,"DemandMax":null,"Value":93.360625052280014},{"Length":39.19777,"Height":2.346882,"Demand":1.0,"DemandMax":null,"Value":91.99254085314},{"Length":35.76767,"Height":2.22832,"Demand":1.0,"DemandMax":null,"Value":79.7018144144},{"Length":31.13765,"Height":2.346882,"Demand":1.0,"DemandMax":null,"Value":73.0763903073},{"Length":34.03686,"Height":1.74896,"Demand":1.0,"DemandMax":null,"Value":59.5291066656},{"Length":29.66458,"Height":1.735629,"Demand":1.0,"DemandMax":null,"Value":51.486705320820008},{"Length":32.43066,"Height":1.379453,"Demand":1.0,"DemandMax":null,"Value":44.736571228980004},{"Length":16.7322,"Height":2.376595,"Demand":1.0,"DemandMax":null,"Value":39.765662858999995},{"Length":29.66458,"Height":1.250198,"Demand":1.0,"DemandMax":null,"Value":37.08659858684},{"Length":18.44339,"Height":1.74896,"Demand":1.0,"DemandMax":null,"Value":32.256751374400004},{"Length":32.43066,"Height":0.8488664,"Demand":1.0,"DemandMax":null,"Value":27.529297603824002},{"Length":15.71809,"Height":1.74896,"Demand":1.0,"DemandMax":null,"Value":27.4903106864},{"Length":3.947375,"Height":6.242819,"Demand":1.0,"DemandMax":null,"Value":24.642747650125}]}