{"Name":"Nice19_25","Objects":[{"Length":100.0,"Height":100.0,"Stock":null,"Cost":10000.0}],"Items":[{"Length":32.8715,"Height":36.69662,"Demand":1.0,"DemandMax":null,"Value":1206.27294433},{"Length":48.80646,"Height":20.10854,"Demand":1.0,"DemandMax":null,"Value":981.42665316840009},{"Length":52.22157,"Height":16.52542,"Demand":1.0,"DemandMax":null,"Value":862.9833773094},{"Length":16.45146,"Height":36.63396,"Demand":1.0,"DemandMax":null,"Value":602.68212758160007},{"Length":35.09361,"Height":16.9632,"Demand":1.0,"DemandMax":null,"Value":595.299925152},{"Length":27.29834,"Height":19.73343,"Demand":1.0,"DemandMax":null,"Value":538.6898815062},{"Length":29.2501,"Height":15.39032,"Demand":1.0,"DemandMax":null,"Value":450.16839903199997},{"Length":20.9541,"Height":19.67363,"Demand":1.0,"DemandMax":null,"Value":412.243210383},{"Length":18.87607,"Height":19.73343,"Demand":1.0,"DemandMax":null,"Value":372.48960602009993},{"Length":20.9541,"Height":17.023,"Demand":1.0,"DemandMax":null,"Value":356.7016443},{"Length":19.6702,"Height":18.12919,"Demand":1.0,"DemandMax":null,"Value":356.60479313800005},{"Length":29.2501,"Height":11.2791,"Demand":1.0,"DemandMax":null,"Value":329.91480291},{"Length":11.72056,"Height":26.66942,"Demand":1.0,"DemandMax":null,"Value":312.5805372752},{"Length":15.07188,"Height":20.10854,"Demand":1.0,"DemandMax":null,"Value":303.07350185520005},{"Length":19.97665,"Height":13.78039,"Demand":1.0,"DemandMax":null,"Value":275.2860278935},{"Length":20.65245,"Height":12.88903,"Demand":1.0,"DemandMax":null,"Value":266.19004762350005},{"Length":15.88102,"Height":13.78039,"Demand":1.0,"DemandMax":null,"Value":218.8466491978},{"Length":15.37652,"Height":13.78039,"Demand":1.0,"DemandMax":null,"Value":211.8944424428},{"Length":7.795157,"Height":26.66942,"Demand":1.0,"DemandMax":null,"Value":207.89231599893998},{"Length":15.50051,"Height":12.88903,"Demand":1.0,"DemandMax":null,"Value":199.7865384053},{"Length":15.08123,"Height":12.88903,"Demand":1.0,"DemandMax":null,"Value":194.38242590689998},{"Length":11.65678,"Height":16.52542,"Demand":1.0,"DemandMax":null,"Value":192.6331853476},{"Length":11.08079,"Height":16.9632,"Demand":1.0,"DemandMax":null,"Value":187.96565692800002},{"Length":19.6702,"Height":9.461418,"Demand":1.0,"DemandMax":null,"Value":186.1079843436},{"Length":19.6702,"Height":9.043348,"Demand":1.0,"DemandMax":null,"Value":177.8844638296}]}