{"Name":"Nice25_25","Objects":[{"Length":100.0,"Height":100.0,"Stock":null,"Cost":10000.0}],"Items":[{"Length":36.78153,"Height":24.89148,"Demand":1.0,"DemandMax":null,"Value":915.54671836439991},{"Length":34.62003,"Height":20.44858,"Demand":1.0,"DemandMax":null,"Value":707.9304530574},{"Length":17.87667,"Height":38.117,"Demand":1.0,"DemandMax":null,"Value":681.40503039},{"Length":25.68245,"Height":25.98441,"Demand":1.0,"DemandMax":null,"Value":667.3433106045},{"Length":17.43626,"Height":35.89859,"Demand":1.0,"DemandMax":null,"Value":625.9371488734},{"Length":20.85348,"Height":28.2816,"Demand":1.0,"DemandMax":null,"Value":589.76977996800008},{"Length":22.36644,"Height":25.98441,"Demand":1.0,"DemandMax":null,"Value":581.1787472004},{"Length":18.82815,"Height":25.98441,"Demand":1.0,"DemandMax":null,"Value":489.2383691415},{"Length":17.30373,"Height":25.98441,"Demand":1.0,"DemandMax":null,"Value":449.62721484930006},{"Length":28.6771,"Height":13.63761,"Demand":1.0,"DemandMax":null,"Value":391.087105731},{"Length":24.48832,"Height":15.71347,"Demand":1.0,"DemandMax":null,"Value":384.7964816704},{"Length":24.39549,"Height":15.45001,"Demand":1.0,"DemandMax":null,"Value":376.9105644549},{"Length":16.11326,"Height":22.40354,"Demand":1.0,"DemandMax":null,"Value":360.9940649404},{"Length":19.2666,"Height":18.25557,"Demand":1.0,"DemandMax":null,"Value":351.722764962},{"Length":19.2666,"Height":17.64302,"Demand":1.0,"DemandMax":null,"Value":339.921009132},{"Length":14.11819,"Height":22.26098,"Demand":1.0,"DemandMax":null,"Value":314.2847452262},{"Length":15.81922,"Height":16.31986,"Demand":1.0,"DemandMax":null,"Value":258.16745570919994},{"Length":19.02043,"Height":13.22552,"Demand":1.0,"DemandMax":null,"Value":251.5550773736},{"Length":17.7611,"Height":13.22552,"Demand":1.0,"DemandMax":null,"Value":234.89978327199998},{"Length":20.85348,"Height":9.835405,"Demand":1.0,"DemandMax":null,"Value":205.1024214594},{"Length":8.375064,"Height":22.40354,"Demand":1.0,"DemandMax":null,"Value":187.63108132656},{"Length":14.55892,"Height":11.99353,"Demand":1.0,"DemandMax":null,"Value":174.6128437876},{"Length":10.22454,"Height":15.45001,"Demand":1.0,"DemandMax":null,"Value":157.9692452454},{"Length":15.81922,"Height":9.664545,"Demand":1.0,"DemandMax":null,"Value":152.8855635549},{"Length":14.55892,"Height":10.26745,"Demand":1.0,"DemandMax":null,"Value":149.482983154}]}