{"Name":"Path10_200","Objects":[{"Length":100.0,"Height":100.0,"Stock":null,"Cost":10000.0}],"Items":[{"Length":87.09244,"Height":15.342,"Demand":1.0,"DemandMax":null,"Value":1336.17221448},{"Length":81.43842,"Height":11.67922,"Demand":1.0,"DemandMax":null,"Value":951.1372236324},{"Length":42.67046,"Height":8.074664,"Demand":1.0,"DemandMax":null,"Value":344.54962722544},{"Length":17.19685,"Height":17.62776,"Demand":1.0,"DemandMax":null,"Value":303.141944556},{"Length":18.11148,"Height":13.48839,"Demand":1.0,"DemandMax":null,"Value":244.29470571720003},{"Length":10.90566,"Height":21.67602,"Demand":1.0,"DemandMax":null,"Value":236.3913042732},{"Length":87.09244,"Height":2.609274,"Demand":1.0,"DemandMax":null,"Value":227.24803928856},{"Length":10.25627,"Height":21.67602,"Demand":1.0,"DemandMax":null,"Value":222.31511364540003},{"Length":42.86054,"Height":4.659333,"Demand":1.0,"DemandMax":null,"Value":199.70152841982002},{"Length":35.66444,"Height":4.593804,"Demand":1.0,"DemandMax":null,"Value":163.83544712976},{"Length":48.69827,"Height":2.923126,"Demand":1.0,"DemandMax":null,"Value":142.35117919202},{"Length":87.09244,"Height":1.500132,"Demand":1.0,"DemandMax":null,"Value":130.65015620207998},{"Length":87.09244,"Height":1.447471,"Demand":1.0,"DemandMax":null,"Value":126.06378121923999},{"Length":18.80614,"Height":6.57599,"Demand":1.0,"DemandMax":null,"Value":123.6689885786},{"Length":38.39417,"Height":2.923126,"Demand":1.0,"DemandMax":null,"Value":112.23099657542001},{"Length":38.46421,"Height":2.907171,"Demand":1.0,"DemandMax":null,"Value":111.82203584991001},{"Length":19.72599,"Height":5.405581,"Demand":1.0,"DemandMax":null,"Value":106.63043675018999},{"Length":38.46421,"Height":2.49841,"Demand":1.0,"DemandMax":null,"Value":96.0993669061},{"Length":19.62472,"Height":4.119782,"Demand":1.0,"DemandMax":null,"Value":80.84956821104},{"Length":17.19685,"Height":4.048265,"Demand":1.0,"DemandMax":null,"Value":69.61740596525},{"Length":21.08667,"Height":3.256414,"Demand":1.0,"DemandMax":null,"Value":68.666927401380008},{"Length":17.00056,"Height":4.023396,"Demand":1.0,"DemandMax":null,"Value":68.39998510176},{"Length":12.33636,"Height":5.405581,"Demand":1.0,"DemandMax":null,"Value":66.68519322516},{"Length":11.69355,"Height":5.285926,"Demand":1.0,"DemandMax":null,"Value":61.8112399773},{"Length":11.37485,"Height":5.285926,"Demand":1.0,"DemandMax":null,"Value":60.1266153611},{"Length":3.831746,"Height":14.30977,"Demand":1.0,"DemandMax":null,"Value":54.83140395842},{"Length":9.845131,"Height":5.405581,"Demand":1.0,"DemandMax":null,"Value":53.218653076110996},{"Length":23.73421,"Height":2.084437,"Demand":1.0,"DemandMax":null,"Value":49.47246548977},{"Length":8.434166,"Height":5.53362,"Demand":1.0,"DemandMax":null,"Value":46.671469660919996},{"Length":7.822833,"Height":5.53362,"Demand":1.0,"DemandMax":null,"Value":43.28858514546},{"Length":7.49341,"Height":5.728607,"Demand":1.0,"DemandMax":null,"Value":42.92680097987},{"Length":7.49341,"Height":5.646089,"Demand":1.0,"DemandMax":null,"Value":42.30845977349},{"Length":5.032259,"Height":8.2579,"Demand":1.0,"DemandMax":null,"Value":41.5558915961},{"Length":15.01335,"Height":2.743063,"Demand":1.0,"DemandMax":null,"Value":41.18256489105},{"Length":20.69211,"Height":1.906155,"Demand":1.0,"DemandMax":null,"Value":39.44236893705},{"Length":37.58728,"Height":1.023969,"Demand":1.0,"DemandMax":null,"Value":38.48820951432},{"Length":1.764653,"Height":21.67602,"Demand":1.0,"DemandMax":null,"Value":38.250653721060004},{"Length":7.090253,"Height":5.392445,"Demand":1.0,"DemandMax":null,"Value":38.233799338585},{"Length":18.80614,"Height":1.950669,"Demand":1.0,"DemandMax":null,"Value":36.68455430766},{"Length":7.801617,"Height":4.593804,"Demand":1.0,"DemandMax":null,"Value":35.839099381068},{"Length":6.596791,"Height":5.285926,"Demand":1.0,"DemandMax":null,"Value":34.870149063465995},{"Length":7.778268,"Height":4.403259,"Demand":1.0,"DemandMax":null,"Value":34.249728575412},{"Length":8.421777,"Height":4.023396,"Demand":1.0,"DemandMax":null,"Value":33.884143894692},{"Length":7.296071,"Height":4.616301,"Demand":1.0,"DemandMax":null,"Value":33.680859853371004},{"Length":13.48855,"Height":2.478646,"Demand":1.0,"DemandMax":null,"Value":33.4333405033},{"Length":10.81019,"Height":3.046232,"Demand":1.0,"DemandMax":null,"Value":32.93034670408},{"Length":14.3104,"Height":2.258341,"Demand":1.0,"DemandMax":null,"Value":32.3177630464},{"Length":42.86054,"Height":0.7447867,"Demand":1.0,"DemandMax":null,"Value":31.921960146818},{"Length":5.867968,"Height":5.392445,"Demand":1.0,"DemandMax":null,"Value":31.642694701760004},{"Length":1.948275,"Height":15.99152,"Demand":1.0,"DemandMax":null,"Value":31.155878628},{"Length":43.32784,"Height":0.7141271,"Demand":1.0,"DemandMax":null,"Value":30.941584728464},{"Length":43.32784,"Height":0.7121317,"Demand":1.0,"DemandMax":null,"Value":30.855128356528002},{"Length":2.809614,"Height":10.72142,"Demand":1.0,"DemandMax":null,"Value":30.12305173188},{"Length":7.34346,"Height":4.089095,"Demand":1.0,"DemandMax":null,"Value":30.028105568700003},{"Length":5.820336,"Height":5.030074,"Demand":1.0,"DemandMax":null,"Value":29.276720784864},{"Length":4.453959,"Height":6.544032,"Demand":1.0,"DemandMax":null,"Value":29.146850222688},{"Length":19.47795,"Height":1.492368,"Demand":1.0,"DemandMax":null,"Value":29.0682692856},{"Length":6.041884,"Height":4.761731,"Demand":1.0,"DemandMax":null,"Value":28.769826341204},{"Length":2.809614,"Height":10.19185,"Demand":1.0,"DemandMax":null,"Value":28.6351644459},{"Length":51.80481,"Height":0.5527498,"Demand":1.0,"DemandMax":null,"Value":28.635098366538},{"Length":1.312388,"Height":21.67602,"Demand":1.0,"DemandMax":null,"Value":28.447348535760003},{"Length":11.35752,"Height":2.478646,"Demand":1.0,"DemandMax":null,"Value":28.151271517919998},{"Length":19.77584,"Height":1.418458,"Demand":1.0,"DemandMax":null,"Value":28.051198454719998},{"Length":51.80481,"Height":0.5387231,"Demand":1.0,"DemandMax":null,"Value":27.908447838111},{"Length":2.809614,"Height":9.906597,"Demand":1.0,"DemandMax":null,"Value":27.833713623557998},{"Length":5.839589,"Height":4.761731,"Demand":1.0,"DemandMax":null,"Value":27.806551968559003},{"Length":18.11148,"Height":1.527624,"Demand":1.0,"DemandMax":null,"Value":27.66753152352},{"Length":19.05955,"Height":1.44959,"Demand":1.0,"DemandMax":null,"Value":27.628533084500003},{"Length":5.346171,"Height":5.149935,"Demand":1.0,"DemandMax":null,"Value":27.532433148885},{"Length":1.911715,"Height":14.37178,"Demand":1.0,"DemandMax":null,"Value":27.4747474027},{"Length":6.729802,"Height":4.023396,"Demand":1.0,"DemandMax":null,"Value":27.076658447592003},{"Length":24.74924,"Height":1.091473,"Demand":1.0,"DemandMax":null,"Value":27.01312723052},{"Length":14.3104,"Height":1.881709,"Demand":1.0,"DemandMax":null,"Value":26.9280084736},{"Length":3.42508,"Height":7.834433,"Demand":1.0,"DemandMax":null,"Value":26.833559779639998},{"Length":1.676427,"Height":15.99152,"Demand":1.0,"DemandMax":null,"Value":26.808615899039996},{"Length":4.453959,"Height":6.002698,"Demand":1.0,"DemandMax":null,"Value":26.735770781382},{"Length":29.87932,"Height":0.8901133,"Demand":1.0,"DemandMax":null,"Value":26.595980126956},{"Length":26.86493,"Height":0.9838941,"Demand":1.0,"DemandMax":null,"Value":26.432246123913},{"Length":4.998974,"Height":5.285926,"Demand":1.0,"DemandMax":null,"Value":26.424206639923998},{"Length":14.15798,"Height":1.857748,"Demand":1.0,"DemandMax":null,"Value":26.30195902904},{"Length":13.82561,"Height":1.898277,"Demand":1.0,"DemandMax":null,"Value":26.244837473969998},{"Length":8.551703,"Height":3.061603,"Demand":1.0,"DemandMax":null,"Value":26.181919559908998},{"Length":3.163982,"Height":8.2579,"Demand":1.0,"DemandMax":null,"Value":26.127846957799996},{"Length":21.70594,"Height":1.187911,"Demand":1.0,"DemandMax":null,"Value":25.784724891339998},{"Length":23.44595,"Height":1.091473,"Demand":1.0,"DemandMax":null,"Value":25.590621384349998},{"Length":11.45278,"Height":2.233603,"Demand":1.0,"DemandMax":null,"Value":25.580963766340002},{"Length":4.958416,"Height":5.149935,"Demand":1.0,"DemandMax":null,"Value":25.53552010296},{"Length":2.623411,"Height":9.72753,"Demand":1.0,"DemandMax":null,"Value":25.519309204829998},{"Length":12.14742,"Height":2.078129,"Demand":1.0,"DemandMax":null,"Value":25.243905777180004},{"Length":1.755177,"Height":14.37178,"Demand":1.0,"DemandMax":null,"Value":25.225017705059997},{"Length":1.747261,"Height":14.37178,"Demand":1.0,"DemandMax":null,"Value":25.111250694579997},{"Length":3.486406,"Height":7.182016,"Demand":1.0,"DemandMax":null,"Value":25.039423674496},{"Length":4.660182,"Height":5.3281,"Demand":1.0,"DemandMax":null,"Value":24.8299157142},{"Length":24.17599,"Height":1.023969,"Demand":1.0,"DemandMax":null,"Value":24.755464304309996},{"Length":7.902716,"Height":3.131419,"Demand":1.0,"DemandMax":null,"Value":24.746715034004},{"Length":7.547961,"Height":3.275341,"Demand":1.0,"DemandMax":null,"Value":24.722146129701},{"Length":3.79342,"Height":6.484877,"Demand":1.0,"DemandMax":null,"Value":24.59986210934},{"Length":10.81019,"Height":2.273378,"Demand":1.0,"DemandMax":null,"Value":24.575648121820002},{"Length":26.86493,"Height":0.9143829,"Demand":1.0,"DemandMax":null,"Value":24.564832601697002},{"Length":12.14742,"Height":2.010966,"Demand":1.0,"DemandMax":null,"Value":24.428048607719997},{"Length":2.085091,"Height":11.67922,"Demand":1.0,"DemandMax":null,"Value":24.35223650902},{"Length":25.01097,"Height":0.9663943,"Demand":1.0,"DemandMax":null,"Value":24.170458845471},{"Length":7.879991,"Height":3.061603,"Demand":1.0,"DemandMax":null,"Value":24.125404085573},{"Length":10.30459,"Height":2.338622,"Demand":1.0,"DemandMax":null,"Value":24.09854087498},{"Length":11.26206,"Height":2.11724,"Demand":1.0,"DemandMax":null,"Value":23.844483914399998},{"Length":2.109324,"Height":11.24941,"Demand":1.0,"DemandMax":null,"Value":23.728650498839997},{"Length":19.12633,"Height":1.23725,"Demand":1.0,"DemandMax":null,"Value":23.664051792499997},{"Length":22.43662,"Height":1.052387,"Demand":1.0,"DemandMax":null,"Value":23.61200721194},{"Length":19.62472,"Height":1.199828,"Demand":1.0,"DemandMax":null,"Value":23.546288548159996},{"Length":4.368597,"Height":5.31961,"Demand":1.0,"DemandMax":null,"Value":23.23923228717},{"Length":1.44398,"Height":15.99152,"Demand":1.0,"DemandMax":null,"Value":23.0914350496},{"Length":3.79342,"Height":6.061853,"Demand":1.0,"DemandMax":null,"Value":22.99515440726},{"Length":12.08509,"Height":1.898277,"Demand":1.0,"DemandMax":null,"Value":22.94084838993},{"Length":25.01097,"Height":0.9153072,"Demand":1.0,"DemandMax":null,"Value":22.892720919984},{"Length":9.189618,"Height":2.478646,"Demand":1.0,"DemandMax":null,"Value":22.777809897227996},{"Length":4.921253,"Height":4.616301,"Demand":1.0,"DemandMax":null,"Value":22.717985145153},{"Length":34.66416,"Height":0.6549297,"Demand":1.0,"DemandMax":null,"Value":22.702587909552},{"Length":4.096766,"Height":5.53362,"Demand":1.0,"DemandMax":null,"Value":22.669946272919997},{"Length":15.18621,"Height":1.492368,"Demand":1.0,"DemandMax":null,"Value":22.66341384528},{"Length":20.98592,"Height":1.077725,"Demand":1.0,"DemandMax":null,"Value":22.617050632},{"Length":5.520088,"Height":4.089095,"Demand":1.0,"DemandMax":null,"Value":22.572164240360003},{"Length":7.49341,"Height":2.997081,"Demand":1.0,"DemandMax":null,"Value":22.45835673621},{"Length":12.21732,"Height":1.838096,"Demand":1.0,"DemandMax":null,"Value":22.45660702272},{"Length":10.01937,"Height":2.233603,"Demand":1.0,"DemandMax":null,"Value":22.37929489011},{"Length":1.830773,"Height":12.17438,"Demand":1.0,"DemandMax":null,"Value":22.288526195739998},{"Length":1.848445,"Height":12.00466,"Demand":1.0,"DemandMax":null,"Value":22.1899537537},{"Length":3.42508,"Height":6.475336,"Demand":1.0,"DemandMax":null,"Value":22.178543826880002},{"Length":1.436538,"Height":15.43445,"Demand":1.0,"DemandMax":null,"Value":22.1721739341},{"Length":20.98592,"Height":1.053612,"Demand":1.0,"DemandMax":null,"Value":22.11101714304},{"Length":1.436538,"Height":15.38541,"Demand":1.0,"DemandMax":null,"Value":22.101726110580003},{"Length":2.950412,"Height":7.488557,"Demand":1.0,"DemandMax":null,"Value":22.094328435484},{"Length":25.01097,"Height":0.8818614,"Demand":1.0,"DemandMax":null,"Value":22.056209019558},{"Length":4.591136,"Height":4.803657,"Demand":1.0,"DemandMax":null,"Value":22.054242584352},{"Length":12.21732,"Height":1.803503,"Demand":1.0,"DemandMax":null,"Value":22.03397327196},{"Length":25.01097,"Height":0.8809627,"Demand":1.0,"DemandMax":null,"Value":22.033731660819},{"Length":2.109324,"Height":10.42661,"Demand":1.0,"DemandMax":null,"Value":21.993098711640002},{"Length":20.89122,"Height":1.052387,"Demand":1.0,"DemandMax":null,"Value":21.98564834214},{"Length":3.568935,"Height":6.114458,"Demand":1.0,"DemandMax":null,"Value":21.82210316223},{"Length":16.11277,"Height":1.341712,"Demand":1.0,"DemandMax":null,"Value":21.61869686224},{"Length":15.88049,"Height":1.357295,"Demand":1.0,"DemandMax":null,"Value":21.554509674549998},{"Length":19.05955,"Height":1.121848,"Demand":1.0,"DemandMax":null,"Value":21.3819180484},{"Length":9.504745,"Height":2.233603,"Demand":1.0,"DemandMax":null,"Value":21.229826946235},{"Length":14.88832,"Height":1.418458,"Demand":1.0,"DemandMax":null,"Value":21.11845661056},{"Length":8.06241,"Height":2.576547,"Demand":1.0,"DemandMax":null,"Value":20.77317829827},{"Length":4.591136,"Height":4.52442,"Demand":1.0,"DemandMax":null,"Value":20.77222754112},{"Length":14.75404,"Height":1.401351,"Demand":1.0,"DemandMax":null,"Value":20.67558870804},{"Length":15.56001,"Height":1.326221,"Demand":1.0,"DemandMax":null,"Value":20.63601202221},{"Length":26.80515,"Height":0.7669818,"Demand":1.0,"DemandMax":null,"Value":20.559062196270002},{"Length":15.09641,"Height":1.357295,"Demand":1.0,"DemandMax":null,"Value":20.49028181095},{"Length":14.61883,"Height":1.401351,"Demand":1.0,"DemandMax":null,"Value":20.486112039330003},{"Length":15.41689,"Height":1.326221,"Demand":1.0,"DemandMax":null,"Value":20.446203272690003},{"Length":5.820336,"Height":3.496585,"Demand":1.0,"DemandMax":null,"Value":20.35129955256},{"Length":8.653426,"Height":2.350125,"Demand":1.0,"DemandMax":null,"Value":20.336632778249996},{"Length":7.849826,"Height":2.576547,"Demand":1.0,"DemandMax":null,"Value":20.225445630822},{"Length":21.70594,"Height":0.9291924,"Demand":1.0,"DemandMax":null,"Value":20.168994482856},{"Length":1.404584,"Height":14.30977,"Demand":1.0,"DemandMax":null,"Value":20.09927398568},{"Length":14.15798,"Height":1.417593,"Demand":1.0,"DemandMax":null,"Value":20.070253342140003},{"Length":9.430052,"Height":2.11724,"Demand":1.0,"DemandMax":null,"Value":19.965683296479998},{"Length":14.3104,"Height":1.393571,"Demand":1.0,"DemandMax":null,"Value":19.9425584384},{"Length":3.568935,"Height":5.564764,"Demand":1.0,"DemandMax":null,"Value":19.860281006340003},{"Length":38.23672,"Height":0.5185949,"Demand":1.0,"DemandMax":null,"Value":19.829367984727998},{"Length":29.87932,"Height":0.6488917,"Demand":1.0,"DemandMax":null,"Value":19.388442749644},{"Length":7.509861,"Height":2.576547,"Demand":1.0,"DemandMax":null,"Value":19.349509829967},{"Length":38.23672,"Height":0.5053738,"Demand":1.0,"DemandMax":null,"Value":19.323836485936},{"Length":42.67046,"Height":0.4519949,"Demand":1.0,"DemandMax":null,"Value":19.286830300654},{"Length":7.747117,"Height":2.478646,"Demand":1.0,"DemandMax":null,"Value":19.202360563582},{"Length":2.315062,"Height":8.2579,"Demand":1.0,"DemandMax":null,"Value":19.1175504898},{"Length":7.71178,"Height":2.478646,"Demand":1.0,"DemandMax":null,"Value":19.11477264988},{"Length":7.393084,"Height":2.576547,"Demand":1.0,"DemandMax":null,"Value":19.048628400948},{"Length":2.041767,"Height":9.328077,"Demand":1.0,"DemandMax":null,"Value":19.045759792059002},{"Length":25.73459,"Height":0.7397201,"Demand":1.0,"DemandMax":null,"Value":19.036393488259},{"Length":2.622685,"Height":7.21863,"Demand":1.0,"DemandMax":null,"Value":18.93219262155},{"Length":2.028508,"Height":9.328077,"Demand":1.0,"DemandMax":null,"Value":18.922078819116},{"Length":2.282342,"Height":8.2579,"Demand":1.0,"DemandMax":null,"Value":18.847352001799997},{"Length":6.720745,"Height":2.786287,"Demand":1.0,"DemandMax":null,"Value":18.725924423815},{"Length":2.597618,"Height":7.182016,"Demand":1.0,"DemandMax":null,"Value":18.656134037888002},{"Length":4.060761,"Height":4.593804,"Demand":1.0,"DemandMax":null,"Value":18.654340124844005},{"Length":5.718484,"Height":3.256414,"Demand":1.0,"DemandMax":null,"Value":18.621751356376},{"Length":25.13065,"Height":0.7397201,"Demand":1.0,"DemandMax":null,"Value":18.589646931064998},{"Length":2.577387,"Height":7.182016,"Demand":1.0,"DemandMax":null,"Value":18.510834672192},{"Length":1.848445,"Height":9.671364,"Demand":1.0,"DemandMax":null,"Value":17.87698442898},{"Length":13.26009,"Height":1.341712,"Demand":1.0,"DemandMax":null,"Value":17.79122187408},{"Length":7.17758,"Height":2.478646,"Demand":1.0,"DemandMax":null,"Value":17.79067995668},{"Length":8.653426,"Height":2.053134,"Demand":1.0,"DemandMax":null,"Value":17.766643137084},{"Length":29.87932,"Height":0.5923318,"Demand":1.0,"DemandMax":null,"Value":17.698471398376},{"Length":6.720745,"Height":2.619294,"Demand":1.0,"DemandMax":null,"Value":17.60360705403},{"Length":6.791238,"Height":2.576547,"Demand":1.0,"DemandMax":null,"Value":17.497943895186},{"Length":6.779794,"Height":2.576547,"Demand":1.0,"DemandMax":null,"Value":17.468457891318},{"Length":1.830773,"Height":9.50164,"Demand":1.0,"DemandMax":null,"Value":17.39534596772},{"Length":7.902716,"Height":2.188191,"Demand":1.0,"DemandMax":null,"Value":17.292652026756002},{"Length":2.623411,"Height":6.263992,"Demand":1.0,"DemandMax":null,"Value":16.433025516712},{"Length":19.12633,"Height":0.8471868,"Demand":1.0,"DemandMax":null,"Value":16.203574308444},{"Length":11.91735,"Height":1.312093,"Demand":1.0,"DemandMax":null,"Value":15.63667151355},{"Length":3.338424,"Height":4.593804,"Demand":1.0,"DemandMax":null,"Value":15.336065524896},{"Length":11.91735,"Height":1.259345,"Demand":1.0,"DemandMax":null,"Value":15.00805513575},{"Length":3.726856,"Height":4.023396,"Demand":1.0,"DemandMax":null,"Value":14.994617522976},{"Length":3.716182,"Height":4.023396,"Demand":1.0,"DemandMax":null,"Value":14.951671794071999},{"Length":3.128913,"Height":4.761731,"Demand":1.0,"DemandMax":null,"Value":14.899042028403},{"Length":3.10109,"Height":4.761731,"Demand":1.0,"DemandMax":null,"Value":14.76655638679},{"Length":2.037497,"Height":7.21863,"Demand":1.0,"DemandMax":null,"Value":14.707936969110001}]}