{"Name":"Path8_100","Objects":[{"Length":100.0,"Height":100.0,"Stock":null,"Cost":10000.0}],"Items":[{"Length":29.22077,"Height":31.43579,"Demand":1.0,"DemandMax":null,"Value":918.5779893583001},{"Length":49.71695,"Height":17.92289,"Demand":1.0,"DemandMax":null,"Value":891.0714259854999},{"Length":33.10125,"Height":22.29454,"Demand":1.0,"DemandMax":null,"Value":737.977142175},{"Length":19.94525,"Height":32.88415,"Demand":1.0,"DemandMax":null,"Value":655.8825927875},{"Length":19.87506,"Height":32.88415,"Demand":1.0,"DemandMax":null,"Value":653.574454299},{"Length":29.22077,"Height":20.71256,"Demand":1.0,"DemandMax":null,"Value":605.23695187120006},{"Length":58.80319,"Height":5.677348,"Demand":1.0,"DemandMax":null,"Value":333.84617314012},{"Length":5.371288,"Height":56.87567,"Demand":1.0,"DemandMax":null,"Value":305.49560376296},{"Length":14.58837,"Height":19.41933,"Demand":1.0,"DemandMax":null,"Value":283.29637119209997},{"Length":52.8856,"Height":5.145122,"Demand":1.0,"DemandMax":null,"Value":272.1028640432},{"Length":25.66441,"Height":10.04158,"Demand":1.0,"DemandMax":null,"Value":257.7112261678},{"Length":25.66441,"Height":9.377754,"Demand":1.0,"DemandMax":null,"Value":240.67452353514},{"Length":83.33008,"Height":2.27849,"Demand":1.0,"DemandMax":null,"Value":189.8667539792},{"Length":48.4451,"Height":3.377814,"Demand":1.0,"DemandMax":null,"Value":163.6385370114},{"Length":6.963037,"Height":22.29454,"Demand":1.0,"DemandMax":null,"Value":155.23770691798},{"Length":10.60445,"Height":13.97378,"Demand":1.0,"DemandMax":null,"Value":148.184251321},{"Length":7.353967,"Height":19.16384,"Demand":1.0,"DemandMax":null,"Value":140.93024695328},{"Length":29.22077,"Height":4.727318,"Demand":1.0,"DemandMax":null,"Value":138.13587199486003},{"Length":33.51165,"Height":3.965471,"Demand":1.0,"DemandMax":null,"Value":132.88947623715},{"Length":27.11732,"Height":4.839071,"Demand":1.0,"DemandMax":null,"Value":131.22263680972},{"Length":13.72208,"Height":8.560877,"Demand":1.0,"DemandMax":null,"Value":117.47303906415999},{"Length":100.0,"Height":1.109966,"Demand":1.0,"DemandMax":null,"Value":110.9966},{"Length":6.812554,"Height":15.0993,"Demand":1.0,"DemandMax":null,"Value":102.86479661220001},{"Length":4.351517,"Height":23.06802,"Demand":1.0,"DemandMax":null,"Value":100.38088118634},{"Length":9.468125,"Height":10.19816,"Demand":1.0,"DemandMax":null,"Value":96.55745365},{"Length":9.468125,"Height":9.759889,"Demand":1.0,"DemandMax":null,"Value":92.407849038125},{"Length":58.80319,"Height":1.517787,"Demand":1.0,"DemandMax":null,"Value":89.25071734053},{"Length":7.353967,"Height":12.0272,"Demand":1.0,"DemandMax":null,"Value":88.4476319024},{"Length":58.80319,"Height":1.467811,"Demand":1.0,"DemandMax":null,"Value":86.31196911709},{"Length":9.576427,"Height":8.560877,"Demand":1.0,"DemandMax":null,"Value":81.982613646479},{"Length":83.59152,"Height":0.9807058,"Demand":1.0,"DemandMax":null,"Value":81.978688494816},{"Length":3.724937,"Height":19.41486,"Demand":1.0,"DemandMax":null,"Value":72.319130363820008},{"Length":83.59152,"Height":0.8408075,"Demand":1.0,"DemandMax":null,"Value":70.284376952400009},{"Length":14.07949,"Height":4.839071,"Demand":1.0,"DemandMax":null,"Value":68.13165175379},{"Length":25.29154,"Height":2.497621,"Demand":1.0,"DemandMax":null,"Value":63.168681426340008},{"Length":7.08139,"Height":8.560877,"Demand":1.0,"DemandMax":null,"Value":60.62290877903},{"Length":16.40848,"Height":3.175652,"Demand":1.0,"DemandMax":null,"Value":52.10762232896},{"Length":1.109029,"Height":46.3836,"Demand":1.0,"DemandMax":null,"Value":51.440757524400006},{"Length":9.468125,"Height":5.214384,"Demand":1.0,"DemandMax":null,"Value":49.370439510000004},{"Length":9.468125,"Height":5.180824,"Demand":1.0,"DemandMax":null,"Value":49.052689235},{"Length":3.168649,"Height":13.62099,"Demand":1.0,"DemandMax":null,"Value":43.16013634251},{"Length":1.199574,"Height":32.5044,"Demand":1.0,"DemandMax":null,"Value":38.9914331256},{"Length":48.97466,"Height":0.7744182,"Demand":1.0,"DemandMax":null,"Value":37.926868042811996},{"Length":1.566074,"Height":23.06802,"Demand":1.0,"DemandMax":null,"Value":36.12622635348},{"Length":10.60445,"Height":3.059717,"Demand":1.0,"DemandMax":null,"Value":32.44661594065},{"Length":25.16401,"Height":1.19438,"Demand":1.0,"DemandMax":null,"Value":30.0553902638},{"Length":0.6357287,"Height":46.3836,"Demand":1.0,"DemandMax":null,"Value":29.487385729320003},{"Length":3.407235,"Height":8.560877,"Demand":1.0,"DemandMax":null,"Value":29.168919745095},{"Length":2.697559,"Height":10.62275,"Demand":1.0,"DemandMax":null,"Value":28.65549486725},{"Length":0.8908033,"Height":31.18528,"Demand":1.0,"DemandMax":null,"Value":27.779950335423997},{"Length":3.200322,"Height":8.560877,"Demand":1.0,"DemandMax":null,"Value":27.397563002393998},{"Length":10.60445,"Height":2.385832,"Demand":1.0,"DemandMax":null,"Value":25.300436152400003},{"Length":9.468125,"Height":2.530887,"Demand":1.0,"DemandMax":null,"Value":23.962754476875002},{"Length":0.7895064,"Height":28.58394,"Demand":1.0,"DemandMax":null,"Value":22.567203567216},{"Length":4.251101,"Height":5.291793,"Demand":1.0,"DemandMax":null,"Value":22.495946514093003},{"Length":0.7895064,"Height":28.29173,"Demand":1.0,"DemandMax":null,"Value":22.336501902072},{"Length":25.78965,"Height":0.8637831,"Demand":1.0,"DemandMax":null,"Value":22.276663824915},{"Length":2.591455,"Height":8.560877,"Demand":1.0,"DemandMax":null,"Value":22.185127506035},{"Length":1.306769,"Height":15.19832,"Demand":1.0,"DemandMax":null,"Value":19.86069342808},{"Length":11.92224,"Height":1.55118,"Demand":1.0,"DemandMax":null,"Value":18.493540243200002},{"Length":7.986121,"Height":2.27849,"Demand":1.0,"DemandMax":null,"Value":18.19629683729},{"Length":30.17483,"Height":0.5797208,"Demand":1.0,"DemandMax":null,"Value":17.492976587464},{"Length":6.812554,"Height":2.49795,"Demand":1.0,"DemandMax":null,"Value":17.0174192643},{"Length":1.199574,"Height":13.8792,"Demand":1.0,"DemandMax":null,"Value":16.6491274608},{"Length":3.724937,"Height":3.947545,"Demand":1.0,"DemandMax":null,"Value":14.704356429665},{"Length":16.66047,"Height":0.8637831,"Demand":1.0,"DemandMax":null,"Value":14.391032424057},{"Length":16.35308,"Height":0.8637831,"Demand":1.0,"DemandMax":null,"Value":14.125514136947999},{"Length":1.132524,"Height":12.36615,"Demand":1.0,"DemandMax":null,"Value":14.0049616626},{"Length":1.461346,"Height":9.521741,"Demand":1.0,"DemandMax":null,"Value":13.914558123386001},{"Length":1.617895,"Height":8.560877,"Demand":1.0,"DemandMax":null,"Value":13.850600093915},{"Length":3.168649,"Height":4.301907,"Demand":1.0,"DemandMax":null,"Value":13.631233313643},{"Length":13.95858,"Height":0.9690235,"Demand":1.0,"DemandMax":null,"Value":13.52619204663},{"Length":1.516072,"Height":8.796582,"Demand":1.0,"DemandMax":null,"Value":13.336251665904001},{"Length":0.4159653,"Height":31.18528,"Demand":1.0,"DemandMax":null,"Value":12.971994350784},{"Length":18.36835,"Height":0.6948085,"Demand":1.0,"DemandMax":null,"Value":12.762485710975001},{"Length":25.29154,"Height":0.4988264,"Demand":1.0,"DemandMax":null,"Value":12.616087848656},{"Length":2.425063,"Height":5.200275,"Demand":1.0,"DemandMax":null,"Value":12.610994492325002},{"Length":7.353967,"Height":1.693107,"Demand":1.0,"DemandMax":null,"Value":12.451053005469},{"Length":6.812554,"Height":1.822082,"Demand":1.0,"DemandMax":null,"Value":12.413032017428002},{"Length":27.51414,"Height":0.4440507,"Demand":1.0,"DemandMax":null,"Value":12.217673126898001},{"Length":13.68267,"Height":0.8657346,"Demand":1.0,"DemandMax":null,"Value":11.845560839382},{"Length":27.51414,"Height":0.4216839,"Demand":1.0,"DemandMax":null,"Value":11.602269860346},{"Length":17.42987,"Height":0.6593305,"Demand":1.0,"DemandMax":null,"Value":11.492044902035001},{"Length":11.92224,"Height":0.9568015,"Demand":1.0,"DemandMax":null,"Value":11.40721711536},{"Length":9.520398,"Height":1.19438,"Demand":1.0,"DemandMax":null,"Value":11.37097296324},{"Length":17.187,"Height":0.6593305,"Demand":1.0,"DemandMax":null,"Value":11.331913303500002},{"Length":16.24851,"Height":0.6948085,"Demand":1.0,"DemandMax":null,"Value":11.289602860335},{"Length":1.132524,"Height":9.928382,"Demand":1.0,"DemandMax":null,"Value":11.244130896168},{"Length":2.263591,"Height":4.853977,"Demand":1.0,"DemandMax":null,"Value":10.987418651407001},{"Length":11.33296,"Height":0.9690235,"Demand":1.0,"DemandMax":null,"Value":10.98190456456},{"Length":18.79983,"Height":0.5797208,"Demand":1.0,"DemandMax":null,"Value":10.898652487464},{"Length":9.055087,"Height":1.19438,"Demand":1.0,"DemandMax":null,"Value":10.81521481106},{"Length":2.263591,"Height":4.667764,"Demand":1.0,"DemandMax":null,"Value":10.565908580523999},{"Length":8.765605,"Height":1.19438,"Demand":1.0,"DemandMax":null,"Value":10.469463299900001},{"Length":1.181487,"Height":8.796582,"Demand":1.0,"DemandMax":null,"Value":10.393047277434},{"Length":11.92224,"Height":0.869832,"Demand":1.0,"DemandMax":null,"Value":10.37034586368},{"Length":8.683801,"Height":1.156799,"Demand":1.0,"DemandMax":null,"Value":10.045412312999},{"Length":8.683801,"Height":1.121691,"Demand":1.0,"DemandMax":null,"Value":9.7405414274910012},{"Length":1.826038,"Height":5.200275,"Demand":1.0,"DemandMax":null,"Value":9.4958997604500013},{"Length":7.862235,"Height":1.19438,"Demand":1.0,"DemandMax":null,"Value":9.3904962393}]}