{"Name":"Path47_50","Objects":[{"Length":100.0,"Height":100.0,"Stock":null,"Cost":10000.0}],"Items":[{"Length":81.20293,"Height":17.32668,"Demand":1.0,"DemandMax":null,"Value":1406.9771831724},{"Length":81.20293,"Height":14.01387,"Demand":1.0,"DemandMax":null,"Value":1137.9673046391},{"Length":70.6515,"Height":15.97614,"Demand":1.0,"DemandMax":null,"Value":1128.7382552099998},{"Length":24.75172,"Height":32.96185,"Demand":1.0,"DemandMax":null,"Value":815.86248188199988},{"Length":54.90859,"Height":14.45503,"Demand":1.0,"DemandMax":null,"Value":793.7053157077},{"Length":40.92124,"Height":14.45503,"Demand":1.0,"DemandMax":null,"Value":591.5177518372},{"Length":23.51892,"Height":13.9406,"Demand":1.0,"DemandMax":null,"Value":327.867856152},{"Length":9.933835,"Height":32.42802,"Demand":1.0,"DemandMax":null,"Value":322.1346000567},{"Length":32.52695,"Height":9.841818,"Demand":1.0,"DemandMax":null,"Value":320.1243219951},{"Length":52.59809,"Height":4.947054,"Demand":1.0,"DemandMax":null,"Value":260.20559152685996},{"Length":19.85357,"Height":12.33204,"Demand":1.0,"DemandMax":null,"Value":244.8350193828},{"Length":9.304922,"Height":25.27323,"Demand":1.0,"DemandMax":null,"Value":235.16543383806},{"Length":20.07115,"Height":9.841818,"Demand":1.0,"DemandMax":null,"Value":197.5366053507},{"Length":43.91471,"Height":4.178963,"Demand":1.0,"DemandMax":null,"Value":183.51794824573003},{"Length":60.25454,"Height":2.984031,"Demand":1.0,"DemandMax":null,"Value":179.80141525073998},{"Length":2.431717,"Height":67.03815,"Demand":1.0,"DemandMax":null,"Value":163.01780900354999},{"Length":5.688818,"Height":25.27323,"Demand":1.0,"DemandMax":null,"Value":143.77480574214002},{"Length":22.10921,"Height":6.257946,"Demand":1.0,"DemandMax":null,"Value":138.35824228266},{"Length":52.59809,"Height":1.984838,"Demand":1.0,"DemandMax":null,"Value":104.39868775942},{"Length":22.10921,"Height":4.578359,"Demand":1.0,"DemandMax":null,"Value":101.22390058639},{"Length":3.007483,"Height":32.42802,"Demand":1.0,"DemandMax":null,"Value":97.526718873659988},{"Length":31.5189,"Height":3.090455,"Demand":1.0,"DemandMax":null,"Value":97.4077420995},{"Length":81.20293,"Height":1.087468,"Demand":1.0,"DemandMax":null,"Value":88.30558788124},{"Length":9.144957,"Height":7.688624,"Demand":1.0,"DemandMax":null,"Value":70.312135869168},{"Length":9.044664,"Height":7.463018,"Demand":1.0,"DemandMax":null,"Value":67.500490235951986},{"Length":3.719047,"Height":16.77371,"Demand":1.0,"DemandMax":null,"Value":62.38221585437001},{"Length":23.51892,"Height":2.035534,"Demand":1.0,"DemandMax":null,"Value":47.873561303280006},{"Length":3.937396,"Height":11.99697,"Demand":1.0,"DemandMax":null,"Value":47.236821690119996},{"Length":5.848783,"Height":7.688624,"Demand":1.0,"DemandMax":null,"Value":44.969093344592},{"Length":1.056238,"Height":35.45359,"Demand":1.0,"DemandMax":null,"Value":37.44742899442},{"Length":20.39622,"Height":1.807933,"Demand":1.0,"DemandMax":null,"Value":36.87499921326},{"Length":40.91794,"Height":0.872072,"Demand":1.0,"DemandMax":null,"Value":35.68338977168},{"Length":31.5189,"Height":1.088508,"Demand":1.0,"DemandMax":null,"Value":34.3085748012},{"Length":1.056238,"Height":31.58456,"Demand":1.0,"DemandMax":null,"Value":33.36081248528},{"Length":4.104819,"Height":8.126637,"Demand":1.0,"DemandMax":null,"Value":33.358373963703},{"Length":2.685444,"Height":12.33204,"Demand":1.0,"DemandMax":null,"Value":33.11700282576},{"Length":22.10921,"Height":1.495734,"Demand":1.0,"DemandMax":null,"Value":33.06949711014},{"Length":2.456831,"Height":12.33204,"Demand":1.0,"DemandMax":null,"Value":30.297738165240002},{"Length":0.8982874,"Height":32.42802,"Demand":1.0,"DemandMax":null,"Value":29.129681772947997},{"Length":11.80143,"Height":2.37103,"Demand":1.0,"DemandMax":null,"Value":27.981544572900003},{"Length":0.682211,"Height":40.85138,"Demand":1.0,"DemandMax":null,"Value":27.86926080118},{"Length":1.659411,"Height":15.97614,"Demand":1.0,"DemandMax":null,"Value":26.51098245354},{"Length":0.7872899,"Height":32.42802,"Demand":1.0,"DemandMax":null,"Value":25.530252622997995},{"Length":5.243107,"Height":4.869021,"Demand":1.0,"DemandMax":null,"Value":25.528798088247},{"Length":8.594789,"Height":2.37103,"Demand":1.0,"DemandMax":null,"Value":20.378502562670004},{"Length":3.937396,"Height":4.776742,"Demand":1.0,"DemandMax":null,"Value":18.807924843831998},{"Length":3.801557,"Height":4.869021,"Demand":1.0,"DemandMax":null,"Value":18.509860865697},{"Length":0.682211,"Height":26.18677,"Demand":1.0,"DemandMax":null,"Value":17.86490254847},{"Length":4.104819,"Height":4.205402,"Demand":1.0,"DemandMax":null,"Value":17.262414032238002},{"Length":19.3366,"Height":0.872072,"Demand":1.0,"DemandMax":null,"Value":16.8629074352}]}