{"Name":"Nice30_200","Objects":[{"Length":100.0,"Height":100.0,"Stock":null,"Cost":10000.0}],"Items":[{"Length":15.86313,"Height":11.46645,"Demand":1.0,"DemandMax":null,"Value":181.8937869885},{"Length":20.90729,"Height":8.225416,"Demand":1.0,"DemandMax":null,"Value":171.97115768263998},{"Length":17.99821,"Height":8.149758,"Demand":1.0,"DemandMax":null,"Value":146.68105593318},{"Length":16.05828,"Height":8.946836,"Demand":1.0,"DemandMax":null,"Value":143.67079760208},{"Length":11.81828,"Height":11.99201,"Demand":1.0,"DemandMax":null,"Value":141.7249319428},{"Length":20.90729,"Height":6.683056,"Demand":1.0,"DemandMax":null,"Value":139.72458987823998},{"Length":20.5756,"Height":6.613599,"Demand":1.0,"DemandMax":null,"Value":136.0787675844},{"Length":15.86313,"Height":7.097427,"Demand":1.0,"DemandMax":null,"Value":112.58740716650999},{"Length":20.5756,"Height":5.204156,"Demand":1.0,"DemandMax":null,"Value":107.07863219360002},{"Length":8.176007,"Height":12.76448,"Demand":1.0,"DemandMax":null,"Value":104.36247783136001},{"Length":17.54222,"Height":5.84675,"Demand":1.0,"DemandMax":null,"Value":102.564974785},{"Length":7.718745,"Height":13.20227,"Demand":1.0,"DemandMax":null,"Value":101.90495555115001},{"Length":15.47777,"Height":6.5189,"Demand":1.0,"DemandMax":null,"Value":100.898034853},{"Length":7.414385,"Height":13.14274,"Demand":1.0,"DemandMax":null,"Value":97.445334314900009},{"Length":10.25695,"Height":9.303273,"Demand":1.0,"DemandMax":null,"Value":95.42320599735001},{"Length":10.88964,"Height":8.492016,"Demand":1.0,"DemandMax":null,"Value":92.47499711424},{"Length":9.980476,"Height":8.794705,"Demand":1.0,"DemandMax":null,"Value":87.77534217958},{"Length":6.907725,"Height":11.99201,"Demand":1.0,"DemandMax":null,"Value":82.837507277250012},{"Length":5.540627,"Height":14.67689,"Demand":1.0,"DemandMax":null,"Value":81.31917301003},{"Length":9.292786,"Height":8.718643,"Demand":1.0,"DemandMax":null,"Value":81.020483609398},{"Length":7.222376,"Height":11.19319,"Demand":1.0,"DemandMax":null,"Value":80.841426819439988},{"Length":6.495701,"Height":11.99201,"Demand":1.0,"DemandMax":null,"Value":77.896511349010012},{"Length":10.25695,"Height":7.593538,"Demand":1.0,"DemandMax":null,"Value":77.8865395891},{"Length":6.282205,"Height":11.99201,"Demand":1.0,"DemandMax":null,"Value":75.336265182050013},{"Length":10.25695,"Height":6.946009,"Demand":1.0,"DemandMax":null,"Value":71.24486701255},{"Length":4.96406,"Height":13.87988,"Demand":1.0,"DemandMax":null,"Value":68.9005571128},{"Length":8.673627,"Height":7.743027,"Demand":1.0,"DemandMax":null,"Value":67.160128048929},{"Length":7.441701,"Height":9.018332,"Demand":1.0,"DemandMax":null,"Value":67.111730262732},{"Length":10.38506,"Height":6.348498,"Demand":1.0,"DemandMax":null,"Value":65.92953263988},{"Length":15.98616,"Height":4.103655,"Demand":1.0,"DemandMax":null,"Value":65.6016854148},{"Length":4.426918,"Height":14.647,"Demand":1.0,"DemandMax":null,"Value":64.841067946},{"Length":7.463688,"Height":8.651352,"Demand":1.0,"DemandMax":null,"Value":64.570992106175993},{"Length":12.73344,"Height":5.007145,"Demand":1.0,"DemandMax":null,"Value":63.7581804288},{"Length":6.41623,"Height":9.915642,"Demand":1.0,"DemandMax":null,"Value":63.62103966966},{"Length":7.423211,"Height":8.492016,"Demand":1.0,"DemandMax":null,"Value":63.038026583376},{"Length":6.408975,"Height":9.742056,"Demand":1.0,"DemandMax":null,"Value":62.4365933526},{"Length":4.828401,"Height":12.63945,"Demand":1.0,"DemandMax":null,"Value":61.02833301945},{"Length":6.482976,"Height":9.027561,"Demand":1.0,"DemandMax":null,"Value":58.525461301536},{"Length":10.79811,"Height":5.362819,"Demand":1.0,"DemandMax":null,"Value":57.90830947209},{"Length":10.87157,"Height":5.273496,"Demand":1.0,"DemandMax":null,"Value":57.33118090872},{"Length":6.095194,"Height":9.344515,"Demand":1.0,"DemandMax":null,"Value":56.95663176091},{"Length":8.935225,"Height":6.293673,"Demand":1.0,"DemandMax":null,"Value":56.235384331425},{"Length":9.096253,"Height":6.138845,"Demand":1.0,"DemandMax":null,"Value":55.840487247785006},{"Length":6.41623,"Height":8.63583,"Demand":1.0,"DemandMax":null,"Value":55.4094715209},{"Length":4.260415,"Height":13.00428,"Demand":1.0,"DemandMax":null,"Value":55.4036295762},{"Length":5.169014,"Height":10.67409,"Demand":1.0,"DemandMax":null,"Value":55.174520647259996},{"Length":3.971166,"Height":13.87988,"Demand":1.0,"DemandMax":null,"Value":55.11930754008},{"Length":6.103669,"Height":8.83754,"Demand":1.0,"DemandMax":null,"Value":53.941418934260007},{"Length":6.356468,"Height":8.448002,"Demand":1.0,"DemandMax":null,"Value":53.699454376936},{"Length":8.135521,"Height":6.53545,"Demand":1.0,"DemandMax":null,"Value":53.169290719450004},{"Length":5.918138,"Height":8.946836,"Demand":1.0,"DemandMax":null,"Value":52.948610111368},{"Length":11.65035,"Height":4.544008,"Demand":1.0,"DemandMax":null,"Value":52.939283602799996},{"Length":8.180797,"Height":6.448852,"Demand":1.0,"DemandMax":null,"Value":52.756749095044},{"Length":5.590398,"Height":9.428474,"Demand":1.0,"DemandMax":null,"Value":52.708922192652004},{"Length":4.041521,"Height":13.00428,"Demand":1.0,"DemandMax":null,"Value":52.55707070988},{"Length":6.356468,"Height":8.263028,"Demand":1.0,"DemandMax":null,"Value":52.523673065104},{"Length":9.77749,"Height":5.362819,"Demand":1.0,"DemandMax":null,"Value":52.43490914431},{"Length":8.180797,"Height":6.381725,"Demand":1.0,"DemandMax":null,"Value":52.207596734825},{"Length":5.109533,"Height":10.16384,"Demand":1.0,"DemandMax":null,"Value":51.93247588672},{"Length":6.095194,"Height":8.517797,"Demand":1.0,"DemandMax":null,"Value":51.917625167618},{"Length":5.696609,"Height":9.078411,"Demand":1.0,"DemandMax":null,"Value":51.716157808298995},{"Length":10.25695,"Height":5.040082,"Demand":1.0,"DemandMax":null,"Value":51.6958690699},{"Length":7.850639,"Height":6.53545,"Demand":1.0,"DemandMax":null,"Value":51.307458652550004},{"Length":7.441701,"Height":6.86833,"Demand":1.0,"DemandMax":null,"Value":51.11205822933},{"Length":6.480196,"Height":7.86984,"Demand":1.0,"DemandMax":null,"Value":50.99810568864},{"Length":4.553201,"Height":11.19319,"Demand":1.0,"DemandMax":null,"Value":50.964843901189994},{"Length":7.759258,"Height":6.527132,"Demand":1.0,"DemandMax":null,"Value":50.645701188056},{"Length":11.72755,"Height":4.317395,"Demand":1.0,"DemandMax":null,"Value":50.632465732250004},{"Length":7.354623,"Height":6.870058,"Demand":1.0,"DemandMax":null,"Value":50.526686578134004},{"Length":5.593401,"Height":9.029172,"Demand":1.0,"DemandMax":null,"Value":50.503779693972007},{"Length":11.65035,"Height":4.331226,"Demand":1.0,"DemandMax":null,"Value":50.4602988291},{"Length":6.614487,"Height":7.6011,"Demand":1.0,"DemandMax":null,"Value":50.277377135699993},{"Length":5.50799,"Height":9.048425,"Demand":1.0,"DemandMax":null,"Value":49.83863441575},{"Length":4.473463,"Height":11.136,"Demand":1.0,"DemandMax":null,"Value":49.816483967999993},{"Length":4.968231,"Height":10.01302,"Demand":1.0,"DemandMax":null,"Value":49.74699636762},{"Length":7.463688,"Height":6.644852,"Demand":1.0,"DemandMax":null,"Value":49.595102134176},{"Length":11.72755,"Height":4.220042,"Demand":1.0,"DemandMax":null,"Value":49.490753557100007},{"Length":10.70554,"Height":4.621273,"Demand":1.0,"DemandMax":null,"Value":49.47322295242},{"Length":8.805104,"Height":5.608158,"Demand":1.0,"DemandMax":null,"Value":49.380414438432005},{"Length":5.169014,"Height":9.499463,"Demand":1.0,"DemandMax":null,"Value":49.102857239482},{"Length":8.673627,"Height":5.659935,"Demand":1.0,"DemandMax":null,"Value":49.092165034245},{"Length":8.737117,"Height":5.608158,"Demand":1.0,"DemandMax":null,"Value":48.999132600486},{"Length":9.350497,"Height":5.238328,"Demand":1.0,"DemandMax":null,"Value":48.980970249016},{"Length":10.70554,"Height":4.574483,"Demand":1.0,"DemandMax":null,"Value":48.972310735819995},{"Length":9.335163,"Height":5.216843,"Demand":1.0,"DemandMax":null,"Value":48.700079750408996},{"Length":5.28062,"Height":9.195756,"Demand":1.0,"DemandMax":null,"Value":48.559293048719994},{"Length":5.50799,"Height":8.813888,"Demand":1.0,"DemandMax":null,"Value":48.546806965120005},{"Length":8.612959,"Height":5.624153,"Demand":1.0,"DemandMax":null,"Value":48.440599198727},{"Length":6.614487,"Height":7.307372,"Demand":1.0,"DemandMax":null,"Value":48.334517098164},{"Length":4.968231,"Height":9.672177,"Demand":1.0,"DemandMax":null,"Value":48.053609608887},{"Length":9.024305,"Height":5.321124,"Demand":1.0,"DemandMax":null,"Value":48.019445918820004},{"Length":8.605176,"Height":5.569373,"Demand":1.0,"DemandMax":null,"Value":47.925434874648},{"Length":5.245728,"Height":9.078411,"Demand":1.0,"DemandMax":null,"Value":47.622874778207994},{"Length":8.548347,"Height":5.569373,"Demand":1.0,"DemandMax":null,"Value":47.608932976430992},{"Length":8.176007,"Height":5.799397,"Demand":1.0,"DemandMax":null,"Value":47.415910467779},{"Length":5.10443,"Height":9.078411,"Demand":1.0,"DemandMax":null,"Value":46.340113460729995},{"Length":8.925533,"Height":5.176438,"Demand":1.0,"DemandMax":null,"Value":46.202468191454},{"Length":8.673627,"Height":5.263526,"Demand":1.0,"DemandMax":null,"Value":45.653861228801993},{"Length":3.838045,"Height":11.68141,"Demand":1.0,"DemandMax":null,"Value":44.83377724345},{"Length":10.25695,"Height":4.357863,"Demand":1.0,"DemandMax":null,"Value":44.69838289785},{"Length":5.028759,"Height":8.875235,"Demand":1.0,"DemandMax":null,"Value":44.631417883365},{"Length":4.937185,"Height":9.029172,"Demand":1.0,"DemandMax":null,"Value":44.578692560820009},{"Length":3.425616,"Height":13.00428,"Demand":1.0,"DemandMax":null,"Value":44.54766963648},{"Length":3.979142,"Height":11.19319,"Demand":1.0,"DemandMax":null,"Value":44.53929244298},{"Length":6.480196,"Height":6.80705,"Demand":1.0,"DemandMax":null,"Value":44.111018181800006},{"Length":8.673627,"Height":5.043711,"Demand":1.0,"DemandMax":null,"Value":43.747267909796996},{"Length":8.180797,"Height":5.304673,"Demand":1.0,"DemandMax":null,"Value":43.396452964381005},{"Length":4.531987,"Height":9.56459,"Demand":1.0,"DemandMax":null,"Value":43.34659754033},{"Length":8.129217,"Height":5.321124,"Demand":1.0,"DemandMax":null,"Value":43.256571679908006},{"Length":8.046305,"Height":5.374783,"Demand":1.0,"DemandMax":null,"Value":43.247143326815},{"Length":5.109533,"Height":8.400034,"Demand":1.0,"DemandMax":null,"Value":42.920250924122},{"Length":4.494221,"Height":9.530565,"Demand":1.0,"DemandMax":null,"Value":42.832465364864994},{"Length":7.939856,"Height":5.374783,"Demand":1.0,"DemandMax":null,"Value":42.675003051248},{"Length":5.094905,"Height":8.356261,"Demand":1.0,"DemandMax":null,"Value":42.574355950204996},{"Length":11.16578,"Height":3.735366,"Demand":1.0,"DemandMax":null,"Value":41.70827497548},{"Length":12.30757,"Height":3.385005,"Demand":1.0,"DemandMax":null,"Value":41.661185987850004},{"Length":8.420789,"Height":4.903592,"Demand":1.0,"DemandMax":null,"Value":41.292113574087992},{"Length":3.516578,"Height":11.68141,"Demand":1.0,"DemandMax":null,"Value":41.07858941498},{"Length":5.720011,"Height":7.154744,"Demand":1.0,"DemandMax":null,"Value":40.925214382184},{"Length":8.249435,"Height":4.881472,"Demand":1.0,"DemandMax":null,"Value":40.269385968319995},{"Length":7.405329,"Height":5.4097,"Demand":1.0,"DemandMax":null,"Value":40.0606082913},{"Length":4.179406,"Height":9.530565,"Demand":1.0,"DemandMax":null,"Value":39.83210054439},{"Length":6.04664,"Height":6.527132,"Demand":1.0,"DemandMax":null,"Value":39.46721743648},{"Length":8.925533,"Height":4.390779,"Demand":1.0,"DemandMax":null,"Value":39.190042860207},{"Length":10.87157,"Height":3.601739,"Demand":1.0,"DemandMax":null,"Value":39.15655766023},{"Length":4.451164,"Height":8.765232,"Demand":1.0,"DemandMax":null,"Value":39.015485130048},{"Length":4.216717,"Height":8.794705,"Demand":1.0,"DemandMax":null,"Value":37.084782083485},{"Length":3.203547,"Height":11.19319,"Demand":1.0,"DemandMax":null,"Value":35.85791024493},{"Length":6.103669,"Height":5.809463,"Demand":1.0,"DemandMax":null,"Value":35.459039219747},{"Length":8.071372,"Height":4.371596,"Demand":1.0,"DemandMax":null,"Value":35.284777549712004},{"Length":6.408975,"Height":5.505046,"Demand":1.0,"DemandMax":null,"Value":35.28170218785},{"Length":3.876312,"Height":9.078411,"Demand":1.0,"DemandMax":null,"Value":35.190753500232},{"Length":3.884153,"Height":9.027561,"Demand":1.0,"DemandMax":null,"Value":35.064428140833},{"Length":8.675829,"Height":4.003595,"Demand":1.0,"DemandMax":null,"Value":34.734505605255},{"Length":8.420789,"Height":4.123969,"Demand":1.0,"DemandMax":null,"Value":34.727072791541},{"Length":5.893806,"Height":5.888412,"Demand":1.0,"DemandMax":null,"Value":34.705157976071995},{"Length":8.616494,"Height":4.027526,"Demand":1.0,"DemandMax":null,"Value":34.703153613843995},{"Length":3.079223,"Height":11.19319,"Demand":1.0,"DemandMax":null,"Value":34.466328091369995},{"Length":3.073781,"Height":11.19319,"Demand":1.0,"DemandMax":null,"Value":34.40541475139},{"Length":5.590398,"Height":6.001168,"Demand":1.0,"DemandMax":null,"Value":33.548917584864},{"Length":6.222319,"Height":5.358769,"Demand":1.0,"DemandMax":null,"Value":33.343970165311},{"Length":11.16578,"Height":2.964872,"Demand":1.0,"DemandMax":null,"Value":33.10510848016},{"Length":3.634062,"Height":9.078411,"Demand":1.0,"DemandMax":null,"Value":32.991508435482},{"Length":4.910862,"Height":6.700238,"Demand":1.0,"DemandMax":null,"Value":32.903944185156},{"Length":3.729632,"Height":8.765232,"Demand":1.0,"DemandMax":null,"Value":32.691089754623995},{"Length":7.406401,"Height":4.371596,"Demand":1.0,"DemandMax":null,"Value":32.377792985996},{"Length":9.691665,"Height":3.314142,"Demand":1.0,"DemandMax":null,"Value":32.11955402643},{"Length":3.830628,"Height":8.356261,"Demand":1.0,"DemandMax":null,"Value":32.009727361908},{"Length":6.044784,"Height":5.238328,"Demand":1.0,"DemandMax":null,"Value":31.664561281152},{"Length":8.249435,"Height":3.837172,"Demand":1.0,"DemandMax":null,"Value":31.654500997819998},{"Length":6.408975,"Height":4.926449,"Demand":1.0,"DemandMax":null,"Value":31.573488479774998},{"Length":7.414385,"Height":4.173211,"Demand":1.0,"DemandMax":null,"Value":30.941793040235},{"Length":10.35378,"Height":2.98585,"Demand":1.0,"DemandMax":null,"Value":30.914834013000004},{"Length":3.958039,"Height":7.799545,"Demand":1.0,"DemandMax":null,"Value":30.870903292255},{"Length":3.453995,"Height":8.875235,"Demand":1.0,"DemandMax":null,"Value":30.655017313825},{"Length":6.798416,"Height":4.474215,"Demand":1.0,"DemandMax":null,"Value":30.417574843439997},{"Length":5.425863,"Height":5.605019,"Demand":1.0,"DemandMax":null,"Value":30.412065206397},{"Length":6.054476,"Height":5.007145,"Demand":1.0,"DemandMax":null,"Value":30.315639231020004},{"Length":4.473463,"Height":6.726312,"Demand":1.0,"DemandMax":null,"Value":30.089907858455998},{"Length":5.766613,"Height":5.216843,"Demand":1.0,"DemandMax":null,"Value":30.083514662759},{"Length":3.1255,"Height":9.56459,"Demand":1.0,"DemandMax":null,"Value":29.894126045000004},{"Length":8.612959,"Height":3.447246,"Demand":1.0,"DemandMax":null,"Value":29.690988460914},{"Length":7.369666,"Height":4.027526,"Demand":1.0,"DemandMax":null,"Value":29.681521426316},{"Length":7.414385,"Height":3.991329,"Demand":1.0,"DemandMax":null,"Value":29.593249867665},{"Length":5.505232,"Height":5.358769,"Demand":1.0,"DemandMax":null,"Value":29.501266579408},{"Length":7.310331,"Height":4.003595,"Demand":1.0,"DemandMax":null,"Value":29.267604639945},{"Length":6.356468,"Height":4.596251,"Demand":1.0,"DemandMax":null,"Value":29.215922401467996},{"Length":3.808341,"Height":7.649067,"Demand":1.0,"DemandMax":null,"Value":29.130255467846997},{"Length":4.828401,"Height":5.924425,"Demand":1.0,"DemandMax":null,"Value":28.605499594425005},{"Length":5.473822,"Height":5.216843,"Demand":1.0,"DemandMax":null,"Value":28.556069983946},{"Length":10.38506,"Height":2.729913,"Demand":1.0,"DemandMax":null,"Value":28.350310299779995},{"Length":7.441701,"Height":3.79854,"Demand":1.0,"DemandMax":null,"Value":28.26759891654},{"Length":5.720011,"Height":4.837266,"Demand":1.0,"DemandMax":null,"Value":27.669214729926},{"Length":3.808341,"Height":7.259405,"Demand":1.0,"DemandMax":null,"Value":27.646289697105},{"Length":2.873099,"Height":9.56459,"Demand":1.0,"DemandMax":null,"Value":27.480013964410002},{"Length":8.925533,"Height":3.06853,"Demand":1.0,"DemandMax":null,"Value":27.388265776489998},{"Length":9.691665,"Height":2.824703,"Demand":1.0,"DemandMax":null,"Value":27.376075200495002},{"Length":4.192314,"Height":6.527132,"Demand":1.0,"DemandMax":null,"Value":27.363786863448},{"Length":6.798416,"Height":4.017801,"Demand":1.0,"DemandMax":null,"Value":27.314682603216},{"Length":4.380057,"Height":6.224804,"Demand":1.0,"DemandMax":null,"Value":27.264996333827998},{"Length":3.958039,"Height":6.877345,"Demand":1.0,"DemandMax":null,"Value":27.220799726455},{"Length":3.091424,"Height":8.794705,"Demand":1.0,"DemandMax":null,"Value":27.18816210992},{"Length":5.180316,"Height":5.238328,"Demand":1.0,"DemandMax":null,"Value":27.136194351648},{"Length":10.35378,"Height":2.619168,"Demand":1.0,"DemandMax":null,"Value":27.118289255040004},{"Length":7.718745,"Height":3.51014,"Demand":1.0,"DemandMax":null,"Value":27.0938755743},{"Length":5.893806,"Height":4.592689,"Demand":1.0,"DemandMax":null,"Value":27.068417984333998},{"Length":3.01195,"Height":8.946836,"Demand":1.0,"DemandMax":null,"Value":26.9474226902},{"Length":5.968677,"Height":4.511058,"Demand":1.0,"DemandMax":null,"Value":26.925048130266},{"Length":4.795955,"Height":5.605019,"Demand":1.0,"DemandMax":null,"Value":26.881418898145004},{"Length":7.718745,"Height":3.461146,"Demand":1.0,"DemandMax":null,"Value":26.71570338177},{"Length":2.985154,"Height":8.946836,"Demand":1.0,"DemandMax":null,"Value":26.707683272744},{"Length":3.035107,"Height":8.794705,"Demand":1.0,"DemandMax":null,"Value":26.692870708435002},{"Length":5.590398,"Height":4.743909,"Demand":1.0,"DemandMax":null,"Value":26.520339385782005},{"Length":4.902241,"Height":5.4097,"Demand":1.0,"DemandMax":null,"Value":26.5196531377},{"Length":5.968677,"Height":4.435778,"Demand":1.0,"DemandMax":null,"Value":26.475726125705997},{"Length":8.925533,"Height":2.965613,"Demand":1.0,"DemandMax":null,"Value":26.469676696728996},{"Length":4.232902,"Height":6.224804,"Demand":1.0,"DemandMax":null,"Value":26.348985301208},{"Length":8.925533,"Height":2.94286,"Demand":1.0,"DemandMax":null,"Value":26.26659404438},{"Length":5.893806,"Height":4.427371,"Demand":1.0,"DemandMax":null,"Value":26.094065764026},{"Length":2.937521,"Height":8.875235,"Demand":1.0,"DemandMax":null,"Value":26.071189192435}]}