{"Name":"Nice42_100","Objects":[{"Length":100.0,"Height":100.0,"Stock":null,"Cost":10000.0}],"Items":[{"Length":12.42635,"Height":23.70499,"Demand":1.0,"DemandMax":null,"Value":294.5665024865},{"Length":26.35002,"Height":9.471131,"Demand":1.0,"DemandMax":null,"Value":249.56449127262},{"Length":18.33474,"Height":13.51961,"Demand":1.0,"DemandMax":null,"Value":247.8785342514},{"Length":11.27528,"Height":20.52574,"Demand":1.0,"DemandMax":null,"Value":231.43346570719999},{"Length":7.1306,"Height":28.30272,"Demand":1.0,"DemandMax":null,"Value":201.815375232},{"Length":18.06521,"Height":10.97783,"Demand":1.0,"DemandMax":null,"Value":198.31680429430003},{"Length":9.159215,"Height":21.3538,"Demand":1.0,"DemandMax":null,"Value":195.584045267},{"Length":14.48465,"Height":13.20437,"Demand":1.0,"DemandMax":null,"Value":191.26067792050003},{"Length":25.41589,"Height":7.253132,"Demand":1.0,"DemandMax":null,"Value":184.34480506748},{"Length":21.12886,"Height":8.651043,"Demand":1.0,"DemandMax":null,"Value":182.78667640097999},{"Length":12.81655,"Height":13.86877,"Demand":1.0,"DemandMax":null,"Value":177.7497841435},{"Length":25.41589,"Height":6.945248,"Demand":1.0,"DemandMax":null,"Value":176.51965919072},{"Length":10.07276,"Height":16.70747,"Demand":1.0,"DemandMax":null,"Value":168.29033551720002},{"Length":14.95149,"Height":11.1068,"Demand":1.0,"DemandMax":null,"Value":166.063209132},{"Length":8.157644,"Height":19.56758,"Demand":1.0,"DemandMax":null,"Value":159.62535158152},{"Length":21.12886,"Height":7.3281,"Demand":1.0,"DemandMax":null,"Value":154.834398966},{"Length":13.46717,"Height":11.03225,"Demand":1.0,"DemandMax":null,"Value":148.57318623249998},{"Length":9.035467,"Height":15.98604,"Demand":1.0,"DemandMax":null,"Value":144.44133688068},{"Length":10.97787,"Height":11.78557,"Demand":1.0,"DemandMax":null,"Value":129.3804553359},{"Length":9.670931,"Height":13.20309,"Demand":1.0,"DemandMax":null,"Value":127.68617237678998},{"Length":10.57893,"Height":11.94343,"Demand":1.0,"DemandMax":null,"Value":126.3487099299},{"Length":19.69324,"Height":6.372286,"Demand":1.0,"DemandMax":null,"Value":125.49095754663999},{"Length":20.36415,"Height":5.976583,"Demand":1.0,"DemandMax":null,"Value":121.70803269944999},{"Length":8.60494,"Height":14.01896,"Demand":1.0,"DemandMax":null,"Value":120.63230966239999},{"Length":7.447775,"Height":15.97914,"Demand":1.0,"DemandMax":null,"Value":119.00903941349999},{"Length":10.85333,"Height":10.91528,"Demand":1.0,"DemandMax":null,"Value":118.46713588239999},{"Length":14.48465,"Height":8.149426,"Demand":1.0,"DemandMax":null,"Value":118.04158331090001},{"Length":8.286675,"Height":14.2425,"Demand":1.0,"DemandMax":null,"Value":118.02296868750001},{"Length":20.36415,"Height":5.78498,"Demand":1.0,"DemandMax":null,"Value":117.806200467},{"Length":9.670931,"Height":12.10208,"Demand":1.0,"DemandMax":null,"Value":117.03838063648},{"Length":17.10462,"Height":6.241889,"Demand":1.0,"DemandMax":null,"Value":106.76513942718},{"Length":9.910388,"Height":10.75097,"Demand":1.0,"DemandMax":null,"Value":106.54628407636},{"Length":7.356538,"Height":14.09621,"Demand":1.0,"DemandMax":null,"Value":103.69930452098},{"Length":18.48868,"Height":5.582323,"Demand":1.0,"DemandMax":null,"Value":103.20978360363999},{"Length":13.46717,"Height":7.492963,"Demand":1.0,"DemandMax":null,"Value":100.90900652471},{"Length":8.019999,"Height":12.53543,"Demand":1.0,"DemandMax":null,"Value":100.53413606457},{"Length":10.45398,"Height":9.471131,"Demand":1.0,"DemandMax":null,"Value":99.011014051379988},{"Length":7.038272,"Height":14.01896,"Demand":1.0,"DemandMax":null,"Value":98.66925363712},{"Length":18.48868,"Height":5.168651,"Demand":1.0,"DemandMax":null,"Value":95.56153437068},{"Length":8.347069,"Height":11.2329,"Demand":1.0,"DemandMax":null,"Value":93.7617913701},{"Length":9.612579,"Height":9.413932,"Demand":1.0,"DemandMax":null,"Value":90.492165050628},{"Length":8.404935,"Height":10.75097,"Demand":1.0,"DemandMax":null,"Value":90.36120403695},{"Length":7.392848,"Height":11.94343,"Demand":1.0,"DemandMax":null,"Value":88.29596258864},{"Length":11.27528,"Height":7.776975,"Demand":1.0,"DemandMax":null,"Value":87.687570678},{"Length":5.472462,"Height":15.97914,"Demand":1.0,"DemandMax":null,"Value":87.44523644268},{"Length":17.98057,"Height":4.82397,"Demand":1.0,"DemandMax":null,"Value":86.7377302629},{"Length":18.40588,"Height":4.712161,"Demand":1.0,"DemandMax":null,"Value":86.73146990668},{"Length":9.210848,"Height":9.413932,"Demand":1.0,"DemandMax":null,"Value":86.710296734336012},{"Length":7.356875,"Height":11.78557,"Demand":1.0,"DemandMax":null,"Value":86.704965293749993},{"Length":10.07276,"Height":8.597707,"Demand":1.0,"DemandMax":null,"Value":86.60263916132},{"Length":10.71679,"Height":7.956491,"Demand":1.0,"DemandMax":null,"Value":85.26804318389},{"Length":6.584513,"Height":12.74399,"Demand":1.0,"DemandMax":null,"Value":83.91296782687},{"Length":7.526946,"Height":11.1068,"Demand":1.0,"DemandMax":null,"Value":83.600283832799988},{"Length":8.007269,"Height":10.37597,"Demand":1.0,"DemandMax":null,"Value":83.083182925930018},{"Length":6.584513,"Height":12.56118,"Demand":1.0,"DemandMax":null,"Value":82.70925300534},{"Length":17.98057,"Height":4.589962,"Demand":1.0,"DemandMax":null,"Value":82.53013303834},{"Length":7.260599,"Height":11.35315,"Demand":1.0,"DemandMax":null,"Value":82.43066953684999},{"Length":8.157644,"Height":10.06846,"Demand":1.0,"DemandMax":null,"Value":82.13491230823999},{"Length":12.64219,"Height":6.349595,"Demand":1.0,"DemandMax":null,"Value":80.27278641305},{"Length":6.546726,"Height":11.94343,"Demand":1.0,"DemandMax":null,"Value":78.19036371018},{"Length":8.108419,"Height":9.614722,"Demand":1.0,"DemandMax":null,"Value":77.960194544518},{"Length":11.76433,"Height":6.620461,"Demand":1.0,"DemandMax":null,"Value":77.885287956129986},{"Length":6.692708,"Height":11.43641,"Demand":1.0,"DemandMax":null,"Value":76.54055269828},{"Length":9.635786,"Height":7.783649,"Demand":1.0,"DemandMax":null,"Value":75.001576063113987},{"Length":6.207873,"Height":11.94343,"Demand":1.0,"DemandMax":null,"Value":74.14329662439},{"Length":8.286675,"Height":8.904153,"Demand":1.0,"DemandMax":null,"Value":73.785822061275013},{"Length":7.260599,"Height":10.00065,"Demand":1.0,"DemandMax":null,"Value":72.61070938935},{"Length":6.123838,"Height":11.43641,"Demand":1.0,"DemandMax":null,"Value":70.03472214158},{"Length":13.46717,"Height":5.179778,"Demand":1.0,"DemandMax":null,"Value":69.75695088826},{"Length":12.64219,"Height":5.424795,"Demand":1.0,"DemandMax":null,"Value":68.58128910104999},{"Length":8.770096,"Height":7.783649,"Demand":1.0,"DemandMax":null,"Value":68.263348960304},{"Length":6.082289,"Height":11.1068,"Demand":1.0,"DemandMax":null,"Value":67.5547674652},{"Length":10.85333,"Height":6.219758,"Demand":1.0,"DemandMax":null,"Value":67.50508609414},{"Length":8.347069,"Height":8.071755,"Demand":1.0,"DemandMax":null,"Value":67.375495936094993},{"Length":12.64219,"Height":5.326219,"Demand":1.0,"DemandMax":null,"Value":67.33507257961},{"Length":8.108419,"Height":8.302434,"Demand":1.0,"DemandMax":null,"Value":67.319613591846},{"Length":6.127906,"Height":10.97783,"Demand":1.0,"DemandMax":null,"Value":67.271110323980011},{"Length":5.723053,"Height":11.1068,"Demand":1.0,"DemandMax":null,"Value":63.5648050604},{"Length":7.356538,"Height":8.42733,"Demand":1.0,"DemandMax":null,"Value":61.99597338353999},{"Length":4.622194,"Height":12.53543,"Demand":1.0,"DemandMax":null,"Value":57.941189333420006},{"Length":6.607747,"Height":8.765394,"Demand":1.0,"DemandMax":null,"Value":57.919505907318005},{"Length":4.738518,"Height":11.94343,"Demand":1.0,"DemandMax":null,"Value":56.59415803674},{"Length":10.22396,"Height":5.389277,"Demand":1.0,"DemandMax":null,"Value":55.099752476919996},{"Length":4.592491,"Height":11.94343,"Demand":1.0,"DemandMax":null,"Value":54.850094784129993},{"Length":9.469281,"Height":5.389277,"Demand":1.0,"DemandMax":null,"Value":51.032578299837},{"Length":6.387824,"Height":7.956491,"Demand":1.0,"DemandMax":null,"Value":50.824664165584},{"Length":5.350577,"Height":9.312689,"Demand":1.0,"DemandMax":null,"Value":49.828259571553005},{"Length":6.607747,"Height":7.220642,"Demand":1.0,"DemandMax":null,"Value":47.712175513573996},{"Length":8.236733,"Height":5.721523,"Demand":1.0,"DemandMax":null,"Value":47.126657304359},{"Length":8.286675,"Height":5.564035,"Demand":1.0,"DemandMax":null,"Value":46.107349733625},{"Length":5.350577,"Height":8.604467,"Demand":1.0,"DemandMax":null,"Value":46.038863227459004},{"Length":4.421515,"Height":10.37597,"Demand":1.0,"DemandMax":null,"Value":45.877506994550004},{"Length":10.85333,"Height":4.218761,"Demand":1.0,"DemandMax":null,"Value":45.78760532413},{"Length":4.946885,"Height":9.212279,"Demand":1.0,"DemandMax":null,"Value":45.572084800915},{"Length":7.356538,"Height":6.187143,"Demand":1.0,"DemandMax":null,"Value":45.515952590934},{"Length":8.236733,"Height":5.385272,"Demand":1.0,"DemandMax":null,"Value":44.357047596375992},{"Length":11.76433,"Height":3.755506,"Demand":1.0,"DemandMax":null,"Value":44.181011900979996},{"Length":8.347069,"Height":5.255022,"Demand":1.0,"DemandMax":null,"Value":43.864031230518},{"Length":4.946885,"Height":8.704877,"Demand":1.0,"DemandMax":null,"Value":43.062025458145},{"Length":8.347069,"Height":5.076361,"Demand":1.0,"DemandMax":null,"Value":42.372735535909}]}