{"Name":"Path38_50","Objects":[{"Length":100.0,"Height":100.0,"Stock":null,"Cost":10000.0}],"Items":[{"Length":54.28865,"Height":35.30658,"Demand":1.0,"DemandMax":null,"Value":1916.7465643169996},{"Length":31.71325,"Height":40.88175,"Demand":1.0,"DemandMax":null,"Value":1296.4931581874998},{"Length":30.87786,"Height":40.88175,"Demand":1.0,"DemandMax":null,"Value":1262.3409530549998},{"Length":25.0546,"Height":40.88175,"Demand":1.0,"DemandMax":null,"Value":1024.2758935499999},{"Length":79.89597,"Height":9.43786,"Demand":1.0,"DemandMax":null,"Value":754.04697942420012},{"Length":87.64572,"Height":5.679096,"Demand":1.0,"DemandMax":null,"Value":497.74845786912},{"Length":25.92731,"Height":18.86762,"Demand":1.0,"DemandMax":null,"Value":489.18663270219992},{"Length":12.35428,"Height":26.19264,"Demand":1.0,"DemandMax":null,"Value":323.5912084992},{"Length":8.611042,"Height":35.72377,"Demand":1.0,"DemandMax":null,"Value":307.61888386834},{"Length":87.64572,"Height":2.443479,"Demand":1.0,"DemandMax":null,"Value":214.16047625988},{"Length":25.92731,"Height":6.512372,"Demand":1.0,"DemandMax":null,"Value":168.84828767931998},{"Length":43.39723,"Height":3.425271,"Demand":1.0,"DemandMax":null,"Value":148.64727339933},{"Length":35.50738,"Height":3.425271,"Demand":1.0,"DemandMax":null,"Value":121.62239899997999},{"Length":17.72942,"Height":6.113116,"Demand":1.0,"DemandMax":null,"Value":108.38200107272},{"Length":87.64572,"Height":1.10063,"Demand":1.0,"DemandMax":null,"Value":96.4655088036},{"Length":12.24016,"Height":7.127675,"Demand":1.0,"DemandMax":null,"Value":87.243882427999992},{"Length":7.749757,"Height":9.43786,"Demand":1.0,"DemandMax":null,"Value":73.14112160002},{"Length":63.04848,"Height":1.088263,"Demand":1.0,"DemandMax":null,"Value":68.61332799024},{"Length":25.92731,"Height":2.643845,"Demand":1.0,"DemandMax":null,"Value":68.547788906949989},{"Length":1.466736,"Height":35.30658,"Demand":1.0,"DemandMax":null,"Value":51.785431922879994},{"Length":5.758551,"Height":8.453069,"Demand":1.0,"DemandMax":null,"Value":48.677428943018995},{"Length":7.700444,"Height":6.179193,"Demand":1.0,"DemandMax":null,"Value":47.582529661692},{"Length":24.59724,"Height":1.725337,"Demand":1.0,"DemandMax":null,"Value":42.438528269879995},{"Length":1.842746,"Height":22.69458,"Demand":1.0,"DemandMax":null,"Value":41.82034651668},{"Length":2.353795,"Height":17.69694,"Demand":1.0,"DemandMax":null,"Value":41.6549688873},{"Length":2.3049,"Height":18.02683,"Demand":1.0,"DemandMax":null,"Value":41.550040467},{"Length":63.04848,"Height":0.6370745,"Demand":1.0,"DemandMax":null,"Value":40.166578871759995},{"Length":12.24016,"Height":2.932899,"Demand":1.0,"DemandMax":null,"Value":35.89915302384},{"Length":12.35428,"Height":2.777009,"Demand":1.0,"DemandMax":null,"Value":34.307946748519996},{"Length":6.481612,"Height":4.966562,"Demand":1.0,"DemandMax":null,"Value":32.191327857943996},{"Length":25.92731,"Height":1.169628,"Demand":1.0,"DemandMax":null,"Value":30.325307740679996},{"Length":8.741115,"Height":3.425271,"Demand":1.0,"DemandMax":null,"Value":29.940687717165},{"Length":0.8233932,"Height":35.30658,"Demand":1.0,"DemandMax":null,"Value":29.071197887255998},{"Length":12.24016,"Height":2.356927,"Demand":1.0,"DemandMax":null,"Value":28.84916358832},{"Length":4.595327,"Height":6.113116,"Demand":1.0,"DemandMax":null,"Value":28.091767008932},{"Length":4.539719,"Height":6.179193,"Demand":1.0,"DemandMax":null,"Value":28.051799866767},{"Length":12.24016,"Height":2.259411,"Demand":1.0,"DemandMax":null,"Value":27.655552145759998},{"Length":12.24016,"Height":2.138262,"Demand":1.0,"DemandMax":null,"Value":26.17266900192},{"Length":1.440643,"Height":18.1524,"Demand":1.0,"DemandMax":null,"Value":26.1511279932},{"Length":1.438337,"Height":18.02683,"Demand":1.0,"DemandMax":null,"Value":25.92865658171},{"Length":0.7249627,"Height":35.30658,"Demand":1.0,"DemandMax":null,"Value":25.595953564565995},{"Length":12.24016,"Height":2.073829,"Demand":1.0,"DemandMax":null,"Value":25.38399877264},{"Length":1.440643,"Height":17.15418,"Demand":1.0,"DemandMax":null,"Value":24.71304933774},{"Length":1.389442,"Height":17.69694,"Demand":1.0,"DemandMax":null,"Value":24.588871707480003},{"Length":1.842746,"Height":12.61199,"Demand":1.0,"DemandMax":null,"Value":23.24069412454},{"Length":6.481612,"Height":3.486506,"Demand":1.0,"DemandMax":null,"Value":22.598179127672},{"Length":1.245403,"Height":17.92239,"Demand":1.0,"DemandMax":null,"Value":22.32059827317},{"Length":3.602563,"Height":6.113116,"Demand":1.0,"DemandMax":null,"Value":22.022885516307998},{"Length":12.24016,"Height":1.785315,"Demand":1.0,"DemandMax":null,"Value":21.852541250399998},{"Length":1.245403,"Height":17.38419,"Demand":1.0,"DemandMax":null,"Value":21.65032237857}]}