{"Name":"Path11_200","Objects":[{"Length":100.0,"Height":100.0,"Stock":null,"Cost":10000.0}],"Items":[{"Length":32.8996,"Height":16.77144,"Demand":1.0,"DemandMax":null,"Value":551.77366742399988},{"Length":84.66279,"Height":6.294042,"Demand":1.0,"DemandMax":null,"Value":532.87115609718},{"Length":53.66135,"Height":8.917361,"Demand":1.0,"DemandMax":null,"Value":478.51762969734995},{"Length":47.97977,"Height":8.63061,"Demand":1.0,"DemandMax":null,"Value":414.09468275970005},{"Length":35.07473,"Height":10.81355,"Demand":1.0,"DemandMax":null,"Value":379.2823465915},{"Length":16.0037,"Height":20.1217,"Demand":1.0,"DemandMax":null,"Value":322.02165028999997},{"Length":59.07954,"Height":5.152792,"Demand":1.0,"DemandMax":null,"Value":304.42458107568},{"Length":47.97977,"Height":6.312299,"Demand":1.0,"DemandMax":null,"Value":302.86265419123004},{"Length":47.97977,"Height":6.235909,"Demand":1.0,"DemandMax":null,"Value":299.19747956093005},{"Length":42.52311,"Height":6.33636,"Demand":1.0,"DemandMax":null,"Value":269.44173327960004},{"Length":18.98166,"Height":13.81924,"Demand":1.0,"DemandMax":null,"Value":262.31211513840003},{"Length":26.04036,"Height":8.250059,"Demand":1.0,"DemandMax":null,"Value":214.83450638124},{"Length":84.66279,"Height":2.376951,"Demand":1.0,"DemandMax":null,"Value":201.23930335329},{"Length":45.67927,"Height":3.67429,"Demand":1.0,"DemandMax":null,"Value":167.83888496830002},{"Length":53.66135,"Height":3.024958,"Demand":1.0,"DemandMax":null,"Value":162.3233299733},{"Length":53.66135,"Height":2.968116,"Demand":1.0,"DemandMax":null,"Value":159.2731115166},{"Length":8.137752,"Height":17.54545,"Demand":1.0,"DemandMax":null,"Value":142.7805208284},{"Length":45.67927,"Height":2.885164,"Demand":1.0,"DemandMax":null,"Value":131.79218535028002},{"Length":81.77633,"Height":1.588444,"Demand":1.0,"DemandMax":null,"Value":129.89712073052},{"Length":35.07473,"Height":3.678365,"Demand":1.0,"DemandMax":null,"Value":129.01765921645},{"Length":8.958879,"Height":13.71499,"Demand":1.0,"DemandMax":null,"Value":122.87093589621},{"Length":8.792553,"Height":13.81924,"Demand":1.0,"DemandMax":null,"Value":121.50640011972},{"Length":59.07954,"Height":2.021265,"Demand":1.0,"DemandMax":null,"Value":119.4154064181},{"Length":45.4244,"Height":2.546096,"Demand":1.0,"DemandMax":null,"Value":115.6548831424},{"Length":8.242322,"Height":13.81924,"Demand":1.0,"DemandMax":null,"Value":113.90262587528},{"Length":62.86362,"Height":1.775978,"Demand":1.0,"DemandMax":null,"Value":111.64440612036},{"Length":84.66279,"Height":1.310333,"Demand":1.0,"DemandMax":null,"Value":110.93644760907},{"Length":35.07473,"Height":3.053535,"Demand":1.0,"DemandMax":null,"Value":107.10191567055001},{"Length":84.66279,"Height":1.184465,"Demand":1.0,"DemandMax":null,"Value":100.28011155735001},{"Length":5.664247,"Height":17.54545,"Demand":1.0,"DemandMax":null,"Value":99.381762526149984},{"Length":84.66279,"Height":1.123331,"Demand":1.0,"DemandMax":null,"Value":95.104336553490015},{"Length":21.23728,"Height":4.180764,"Demand":1.0,"DemandMax":null,"Value":88.788055681919985},{"Length":62.86362,"Height":1.410388,"Demand":1.0,"DemandMax":null,"Value":88.66209528456},{"Length":9.976173,"Height":8.250059,"Demand":1.0,"DemandMax":null,"Value":82.304015844207},{"Length":25.1383,"Height":3.142461,"Demand":1.0,"DemandMax":null,"Value":78.996127356300008},{"Length":15.39413,"Height":4.862703,"Demand":1.0,"DemandMax":null,"Value":74.85708213339},{"Length":27.30591,"Height":2.591718,"Demand":1.0,"DemandMax":null,"Value":70.76921845338},{"Length":11.13824,"Height":6.33636,"Demand":1.0,"DemandMax":null,"Value":70.5758984064},{"Length":49.27618,"Height":1.42587,"Demand":1.0,"DemandMax":null,"Value":70.26142677659999},{"Length":45.4244,"Height":1.453731,"Demand":1.0,"DemandMax":null,"Value":66.0348584364},{"Length":66.20078,"Height":0.9754544,"Demand":1.0,"DemandMax":null,"Value":64.575842134432},{"Length":4.269816,"Height":13.99544,"Demand":1.0,"DemandMax":null,"Value":59.75795363904},{"Length":11.72886,"Height":5.027836,"Demand":1.0,"DemandMax":null,"Value":58.97078454695999},{"Length":6.378329,"Height":8.430681,"Demand":1.0,"DemandMax":null,"Value":53.773657112049},{"Length":35.3866,"Height":1.42587,"Demand":1.0,"DemandMax":null,"Value":50.456691342},{"Length":45.14811,"Height":1.044442,"Demand":1.0,"DemandMax":null,"Value":47.154582304620007},{"Length":57.53204,"Height":0.8157803,"Demand":1.0,"DemandMax":null,"Value":46.933504850812},{"Length":9.297508,"Height":5.027836,"Demand":1.0,"DemandMax":null,"Value":46.746345432688},{"Length":18.12295,"Height":2.546244,"Demand":1.0,"DemandMax":null,"Value":46.1454526998},{"Length":32.84043,"Height":1.281917,"Demand":1.0,"DemandMax":null,"Value":42.09870550431},{"Length":2.245166,"Height":18.30148,"Demand":1.0,"DemandMax":null,"Value":41.089860645680005},{"Length":6.63394,"Height":6.180665,"Demand":1.0,"DemandMax":null,"Value":41.002160770100005},{"Length":53.66135,"Height":0.7605541,"Demand":1.0,"DemandMax":null,"Value":40.812359754035},{"Length":27.30591,"Height":1.432428,"Demand":1.0,"DemandMax":null,"Value":39.113750049480004},{"Length":17.43662,"Height":2.240229,"Demand":1.0,"DemandMax":null,"Value":39.06202178598},{"Length":21.02637,"Height":1.856945,"Demand":1.0,"DemandMax":null,"Value":39.044812639650004},{"Length":2.961555,"Height":13.10517,"Demand":1.0,"DemandMax":null,"Value":38.81168173935},{"Length":59.07954,"Height":0.6472918,"Demand":1.0,"DemandMax":null,"Value":38.241701789772},{"Length":4.060974,"Height":9.381406,"Demand":1.0,"DemandMax":null,"Value":38.097645849444},{"Length":10.1763,"Height":3.662838,"Demand":1.0,"DemandMax":null,"Value":37.2741383394},{"Length":32.91699,"Height":1.020798,"Demand":1.0,"DemandMax":null,"Value":33.60159755802},{"Length":25.90039,"Height":1.281917,"Demand":1.0,"DemandMax":null,"Value":33.20215024763},{"Length":10.77294,"Height":3.060719,"Demand":1.0,"DemandMax":null,"Value":32.97294214386},{"Length":27.30591,"Height":1.203048,"Demand":1.0,"DemandMax":null,"Value":32.850320413679995},{"Length":10.61767,"Height":3.060719,"Demand":1.0,"DemandMax":null,"Value":32.49770430473},{"Length":37.15075,"Height":0.8241729,"Demand":1.0,"DemandMax":null,"Value":30.618641364675},{"Length":53.66135,"Height":0.5655224,"Demand":1.0,"DemandMax":null,"Value":30.346695439239998},{"Length":2.61167,"Height":10.895,"Demand":1.0,"DemandMax":null,"Value":28.45414465},{"Length":10.1763,"Height":2.758156,"Demand":1.0,"DemandMax":null,"Value":28.0678229028},{"Length":4.774179,"Height":5.146507,"Demand":1.0,"DemandMax":null,"Value":24.570345642753},{"Length":8.896327,"Height":2.59168,"Demand":1.0,"DemandMax":null,"Value":23.05643275936},{"Length":9.374737,"Height":2.362595,"Demand":1.0,"DemandMax":null,"Value":22.148706762514998},{"Length":32.91699,"Height":0.6717709,"Demand":1.0,"DemandMax":null,"Value":22.112675997590998},{"Length":6.910791,"Height":3.186366,"Demand":1.0,"DemandMax":null,"Value":22.020309475506},{"Length":3.680091,"Height":5.375375,"Demand":1.0,"DemandMax":null,"Value":19.781869159125},{"Length":0.8924205,"Height":21.39127,"Demand":1.0,"DemandMax":null,"Value":19.090007869035},{"Length":5.9153,"Height":3.060719,"Demand":1.0,"DemandMax":null,"Value":18.105071100700002},{"Length":21.02424,"Height":0.8241729,"Demand":1.0,"DemandMax":null,"Value":17.327608851096},{"Length":2.999411,"Height":5.607941,"Demand":1.0,"DemandMax":null,"Value":16.820519922751},{"Length":16.0037,"Height":1.031765,"Demand":1.0,"DemandMax":null,"Value":16.512057530499998},{"Length":2.999411,"Height":5.287059,"Demand":1.0,"DemandMax":null,"Value":15.858062922249},{"Length":1.906208,"Height":8.208693,"Demand":1.0,"DemandMax":null,"Value":15.647476266144},{"Length":15.57555,"Height":0.9754544,"Demand":1.0,"DemandMax":null,"Value":15.193238779920002},{"Length":1.157362,"Height":13.02432,"Demand":1.0,"DemandMax":null,"Value":15.07385304384},{"Length":1.701787,"Height":8.848934,"Demand":1.0,"DemandMax":null,"Value":15.059000845058},{"Length":4.766105,"Height":3.142461,"Demand":1.0,"DemandMax":null,"Value":14.977299084404999},{"Length":32.8996,"Height":0.4417332,"Demand":1.0,"DemandMax":null,"Value":14.532845586719999},{"Length":17.97258,"Height":0.7744538,"Demand":1.0,"DemandMax":null,"Value":13.918932876804},{"Length":6.378329,"Height":2.181402,"Demand":1.0,"DemandMax":null,"Value":13.913699637257999},{"Length":0.6414363,"Height":21.39127,"Demand":1.0,"DemandMax":null,"Value":13.721137081100999},{"Length":1.053751,"Height":12.90433,"Demand":1.0,"DemandMax":null,"Value":13.597950641830002},{"Length":23.1801,"Height":0.5513498,"Demand":1.0,"DemandMax":null,"Value":12.780343498979999},{"Length":17.53964,"Height":0.7276938,"Demand":1.0,"DemandMax":null,"Value":12.763487282231997},{"Length":13.58587,"Height":0.9365678,"Demand":1.0,"DemandMax":null,"Value":12.724088376986},{"Length":5.532498,"Height":2.2888,"Demand":1.0,"DemandMax":null,"Value":12.662781422400002},{"Length":23.49846,"Height":0.5231157,"Demand":1.0,"DemandMax":null,"Value":12.292413351822},{"Length":5.126834,"Height":2.396767,"Demand":1.0,"DemandMax":null,"Value":12.287826545678},{"Length":22.24431,"Height":0.5513498,"Demand":1.0,"DemandMax":null,"Value":12.264395869638},{"Length":23.49846,"Height":0.5213259,"Demand":1.0,"DemandMax":null,"Value":12.250355808114001},{"Length":2.532051,"Height":4.796268,"Demand":1.0,"DemandMax":null,"Value":12.144395185668001},{"Length":14.17948,"Height":0.8539236,"Demand":1.0,"DemandMax":null,"Value":12.108192607728},{"Length":17.6305,"Height":0.6856347,"Demand":1.0,"DemandMax":null,"Value":12.088082578350003},{"Length":16.2347,"Height":0.7276938,"Demand":1.0,"DemandMax":null,"Value":11.813890534859999},{"Length":1.306568,"Height":8.848934,"Demand":1.0,"DemandMax":null,"Value":11.561733998511999},{"Length":3.239111,"Height":3.561397,"Demand":1.0,"DemandMax":null,"Value":11.535760198066999},{"Length":3.107632,"Height":3.674268,"Demand":1.0,"DemandMax":null,"Value":11.418272813376001},{"Length":2.012647,"Height":5.511743,"Demand":1.0,"DemandMax":null,"Value":11.093193013720999},{"Length":4.614738,"Height":2.396767,"Demand":1.0,"DemandMax":null,"Value":11.060451752046001},{"Length":32.8996,"Height":0.33228,"Demand":1.0,"DemandMax":null,"Value":10.931879088},{"Length":3.680091,"Height":2.929756,"Demand":1.0,"DemandMax":null,"Value":10.781768687796},{"Length":19.2372,"Height":0.5544219,"Demand":1.0,"DemandMax":null,"Value":10.665524974680002},{"Length":22.94624,"Height":0.4645883,"Demand":1.0,"DemandMax":null,"Value":10.660554632992},{"Length":6.378329,"Height":1.639543,"Demand":1.0,"DemandMax":null,"Value":10.457544663646999},{"Length":0.7953391,"Height":13.10517,"Demand":1.0,"DemandMax":null,"Value":10.423054113147},{"Length":25.74727,"Height":0.4020556,"Demand":1.0,"DemandMax":null,"Value":10.351834088212},{"Length":2.224254,"Height":4.562943,"Demand":1.0,"DemandMax":null,"Value":10.149144219522},{"Length":21.30779,"Height":0.4706075,"Demand":1.0,"DemandMax":null,"Value":10.027605782425},{"Length":2.104896,"Height":4.750688,"Demand":1.0,"DemandMax":null,"Value":9.9997041684480017},{"Length":3.680091,"Height":2.709814,"Demand":1.0,"DemandMax":null,"Value":9.972362113074},{"Length":23.03551,"Height":0.4279938,"Demand":1.0,"DemandMax":null,"Value":9.8590554598379985},{"Length":0.6975759,"Height":13.99544,"Demand":1.0,"DemandMax":null,"Value":9.762881653896},{"Length":1.157362,"Height":8.366953,"Demand":1.0,"DemandMax":null,"Value":9.6835934579860012},{"Length":1.503416,"Height":6.420993,"Demand":1.0,"DemandMax":null,"Value":9.653423612088},{"Length":11.56412,"Height":0.8241729,"Demand":1.0,"DemandMax":null,"Value":9.530834316348},{"Length":3.012592,"Height":3.142461,"Demand":1.0,"DemandMax":null,"Value":9.4669528689120011},{"Length":2.189231,"Height":4.29328,"Demand":1.0,"DemandMax":null,"Value":9.39898166768},{"Length":2.229316,"Height":4.197848,"Demand":1.0,"DemandMax":null,"Value":9.3583297119679987},{"Length":6.378329,"Height":1.463365,"Demand":1.0,"DemandMax":null,"Value":9.333823417085},{"Length":1.906208,"Height":4.896475,"Demand":1.0,"DemandMax":null,"Value":9.3336998168},{"Length":15.44349,"Height":0.6041886,"Demand":1.0,"DemandMax":null,"Value":9.330780602214},{"Length":2.104896,"Height":4.400266,"Demand":1.0,"DemandMax":null,"Value":9.262102302336},{"Length":27.30591,"Height":0.3340558,"Demand":1.0,"DemandMax":null,"Value":9.121697609778},{"Length":21.30779,"Height":0.4198786,"Demand":1.0,"DemandMax":null,"Value":8.946685034294001},{"Length":1.053751,"Height":8.486937,"Demand":1.0,"DemandMax":null,"Value":8.943118350687},{"Length":10.00477,"Height":0.8904861,"Demand":1.0,"DemandMax":null,"Value":8.909108618697},{"Length":1.172291,"Height":7.593424,"Demand":1.0,"DemandMax":null,"Value":8.901702614384},{"Length":3.680091,"Height":2.406973,"Demand":1.0,"DemandMax":null,"Value":8.857879674543},{"Length":10.73917,"Height":0.8241729,"Demand":1.0,"DemandMax":null,"Value":8.850932882493},{"Length":1.119447,"Height":7.821349,"Demand":1.0,"DemandMax":null,"Value":8.7555856740030009},{"Length":2.189231,"Height":3.992823,"Demand":1.0,"DemandMax":null,"Value":8.741211889113},{"Length":2.727895,"Height":3.186366,"Demand":1.0,"DemandMax":null,"Value":8.6920718795700012},{"Length":4.309227,"Height":2.006714,"Demand":1.0,"DemandMax":null,"Value":8.647386150078},{"Length":5.260339,"Height":1.639953,"Demand":1.0,"DemandMax":null,"Value":8.626708724067},{"Length":0.9740518,"Height":8.848934,"Demand":1.0,"DemandMax":null,"Value":8.6193200907812},{"Length":2.744221,"Height":3.13578,"Demand":1.0,"DemandMax":null,"Value":8.60527332738},{"Length":8.202805,"Height":1.044442,"Demand":1.0,"DemandMax":null,"Value":8.56735405981},{"Length":3.800657,"Height":2.240229,"Demand":1.0,"DemandMax":null,"Value":8.514342030453},{"Length":5.178553,"Height":1.639953,"Demand":1.0,"DemandMax":null,"Value":8.492583528009},{"Length":11.65006,"Height":0.7276938,"Demand":1.0,"DemandMax":null,"Value":8.477676431628},{"Length":4.202222,"Height":2.006714,"Demand":1.0,"DemandMax":null,"Value":8.432657718508},{"Length":25.74727,"Height":0.3241063,"Demand":1.0,"DemandMax":null,"Value":8.344852414801},{"Length":4.091246,"Height":2.006714,"Demand":1.0,"DemandMax":null,"Value":8.2099606256440012},{"Length":4.996614,"Height":1.639953,"Demand":1.0,"DemandMax":null,"Value":8.194212119142},{"Length":22.94624,"Height":0.351192,"Demand":1.0,"DemandMax":null,"Value":8.05853591808},{"Length":7.707132,"Height":1.044442,"Demand":1.0,"DemandMax":null,"Value":8.049652360344},{"Length":14.30005,"Height":0.5544219,"Demand":1.0,"DemandMax":null,"Value":7.928260891095},{"Length":1.83672,"Height":4.272713,"Demand":1.0,"DemandMax":null,"Value":7.84777742136},{"Length":19.67714,"Height":0.396321,"Demand":1.0,"DemandMax":null,"Value":7.7984638019400006},{"Length":16.0037,"Height":0.4872772,"Demand":1.0,"DemandMax":null,"Value":7.7982381256399993},{"Length":3.107632,"Height":2.506397,"Demand":1.0,"DemandMax":null,"Value":7.7889595219040011},{"Length":8.741849,"Height":0.8904861,"Demand":1.0,"DemandMax":null,"Value":7.7844950227988994},{"Length":3.239111,"Height":2.39715,"Demand":1.0,"DemandMax":null,"Value":7.7646349336499991},{"Length":9.374737,"Height":0.8237705,"Demand":1.0,"DemandMax":null,"Value":7.722631785858499},{"Length":3.363829,"Height":2.2888,"Demand":1.0,"DemandMax":null,"Value":7.6991318152},{"Length":2.744221,"Height":2.8035,"Demand":1.0,"DemandMax":null,"Value":7.6934235735000005},{"Length":1.831658,"Height":4.197848,"Demand":1.0,"DemandMax":null,"Value":7.6890218719839991},{"Length":8.896327,"Height":0.8634457,"Demand":1.0,"DemandMax":null,"Value":7.6814952939438994},{"Length":2.532051,"Height":3.025081,"Demand":1.0,"DemandMax":null,"Value":7.659659371131},{"Length":8.856027,"Height":0.8539236,"Demand":1.0,"DemandMax":null,"Value":7.5623704575372},{"Length":3.239111,"Height":2.327555,"Demand":1.0,"DemandMax":null,"Value":7.5392090036049995},{"Length":4.981169,"Height":1.498578,"Demand":1.0,"DemandMax":null,"Value":7.4646702776820009},{"Length":17.6305,"Height":0.4176485,"Demand":1.0,"DemandMax":null,"Value":7.3633518792500006},{"Length":15.39413,"Height":0.4772979,"Demand":1.0,"DemandMax":null,"Value":7.347585921327},{"Length":15.39413,"Height":0.4746335,"Demand":1.0,"DemandMax":null,"Value":7.306569801355},{"Length":1.575196,"Height":4.628003,"Demand":1.0,"DemandMax":null,"Value":7.2900118135879994},{"Length":8.896327,"Height":0.8155285,"Demand":1.0,"DemandMax":null,"Value":7.2552082138194995},{"Length":9.333331,"Height":0.7744538,"Demand":1.0,"DemandMax":null,"Value":7.228233659607799},{"Length":2.224254,"Height":3.249072,"Demand":1.0,"DemandMax":null,"Value":7.226761392288},{"Length":1.575196,"Height":4.522951,"Demand":1.0,"DemandMax":null,"Value":7.124534323396},{"Length":7.925364,"Height":0.8904861,"Demand":1.0,"DemandMax":null,"Value":7.0574264794404},{"Length":4.694243,"Height":1.498578,"Demand":1.0,"DemandMax":null,"Value":7.034689286454},{"Length":0.7917725,"Height":8.848934,"Demand":1.0,"DemandMax":null,"Value":7.006342595515},{"Length":17.6305,"Height":0.3952945,"Demand":1.0,"DemandMax":null,"Value":6.9692396822500005},{"Length":7.440502,"Height":0.9365678,"Demand":1.0,"DemandMax":null,"Value":6.9685345890356},{"Length":16.47967,"Height":0.4218472,"Demand":1.0,"DemandMax":null,"Value":6.9519026464239992},{"Length":2.245166,"Height":3.08979,"Demand":1.0,"DemandMax":null,"Value":6.93709145514},{"Length":16.43732,"Height":0.4218472,"Demand":1.0,"DemandMax":null,"Value":6.9340374175039994},{"Length":16.0037,"Height":0.4285654,"Demand":1.0,"DemandMax":null,"Value":6.8586320919799988},{"Length":15.44349,"Height":0.440253,"Demand":1.0,"DemandMax":null,"Value":6.7990428029700007},{"Length":4.086203,"Height":1.639953,"Demand":1.0,"DemandMax":null,"Value":6.7011808684590006},{"Length":0.8484627,"Height":7.821349,"Demand":1.0,"DemandMax":null,"Value":6.6361228901823},{"Length":11.88715,"Height":0.5544219,"Demand":1.0,"DemandMax":null,"Value":6.590496288585},{"Length":0.496814,"Height":13.10517,"Demand":1.0,"DemandMax":null,"Value":6.5108319283799991},{"Length":1.83672,"Height":3.539303,"Demand":1.0,"DemandMax":null,"Value":6.500708606159999},{"Length":19.67714,"Height":0.329841,"Demand":1.0,"DemandMax":null,"Value":6.4903275347400005},{"Length":2.744221,"Height":2.346823,"Demand":1.0,"DemandMax":null,"Value":6.4402009598830006},{"Length":0.8403567,"Height":7.593424,"Demand":1.0,"DemandMax":null,"Value":6.381184734340799},{"Length":9.308743,"Height":0.6401215,"Demand":1.0,"DemandMax":null,"Value":5.9587265322744996},{"Length":8.814209,"Height":0.6401215,"Demand":1.0,"DemandMax":null,"Value":5.6421646863935},{"Length":2.791434,"Height":2.006714,"Demand":1.0,"DemandMax":null,"Value":5.601609687876}]}