{"Name":"Path48_200","Objects":[{"Length":100.0,"Height":100.0,"Stock":null,"Cost":10000.0}],"Items":[{"Length":22.56148,"Height":28.59736,"Demand":1.0,"DemandMax":null,"Value":645.1987656928},{"Length":15.38601,"Height":40.67458,"Demand":1.0,"DemandMax":null,"Value":625.8194946258},{"Length":15.95842,"Height":29.83753,"Demand":1.0,"DemandMax":null,"Value":476.1598355026},{"Length":57.66518,"Height":6.645475,"Demand":1.0,"DemandMax":null,"Value":383.2125120605},{"Length":35.16602,"Height":10.41202,"Demand":1.0,"DemandMax":null,"Value":366.1493035604},{"Length":53.10262,"Height":6.831387,"Demand":1.0,"DemandMax":null,"Value":362.76454793394004},{"Length":8.365688,"Height":36.68231,"Demand":1.0,"DemandMax":null,"Value":306.87276057928},{"Length":22.74962,"Height":11.82606,"Demand":1.0,"DemandMax":null,"Value":269.0383710972},{"Length":6.936949,"Height":36.68231,"Demand":1.0,"DemandMax":null,"Value":254.46331367219003},{"Length":20.9841,"Height":11.1891,"Demand":1.0,"DemandMax":null,"Value":234.79319331000002},{"Length":21.09332,"Height":8.785946,"Demand":1.0,"DemandMax":null,"Value":185.32477048071996},{"Length":17.98291,"Height":10.02714,"Demand":1.0,"DemandMax":null,"Value":180.3171561774},{"Length":24.51486,"Height":7.022387,"Demand":1.0,"DemandMax":null,"Value":172.15283417082},{"Length":57.66518,"Height":2.984061,"Demand":1.0,"DemandMax":null,"Value":172.07641469598},{"Length":10.09639,"Height":16.67259,"Demand":1.0,"DemandMax":null,"Value":168.3329709501},{"Length":62.5606,"Height":2.670549,"Demand":1.0,"DemandMax":null,"Value":167.0711477694},{"Length":10.14417,"Height":13.94117,"Demand":1.0,"DemandMax":null,"Value":141.4215984789},{"Length":11.21906,"Height":11.69803,"Demand":1.0,"DemandMax":null,"Value":131.2409004518},{"Length":11.65681,"Height":10.90186,"Demand":1.0,"DemandMax":null,"Value":127.08091066659999},{"Length":8.073437,"Height":15.18716,"Demand":1.0,"DemandMax":null,"Value":122.61257946892},{"Length":7.983588,"Height":14.84444,"Demand":1.0,"DemandMax":null,"Value":118.51189305072},{"Length":14.0727,"Height":8.214844,"Demand":1.0,"DemandMax":null,"Value":115.60503515879998},{"Length":12.9133,"Height":8.6234,"Demand":1.0,"DemandMax":null,"Value":111.35655122},{"Length":2.614954,"Height":40.67458,"Demand":1.0,"DemandMax":null,"Value":106.36215566932},{"Length":20.88737,"Height":4.910564,"Demand":1.0,"DemandMax":null,"Value":102.56876717668},{"Length":8.900072,"Height":11.1891,"Demand":1.0,"DemandMax":null,"Value":99.583795615199989},{"Length":27.88025,"Height":3.295767,"Demand":1.0,"DemandMax":null,"Value":91.88680790175},{"Length":2.369956,"Height":38.6245,"Demand":1.0,"DemandMax":null,"Value":91.538365522},{"Length":26.4113,"Height":3.295767,"Demand":1.0,"DemandMax":null,"Value":87.045490967100008},{"Length":10.15532,"Height":8.478352,"Demand":1.0,"DemandMax":null,"Value":86.10037763263999},{"Length":27.16909,"Height":3.134069,"Demand":1.0,"DemandMax":null,"Value":85.14980272721},{"Length":11.65681,"Height":7.022285,"Demand":1.0,"DemandMax":null,"Value":81.857442010850008},{"Length":18.84557,"Height":4.219483,"Demand":1.0,"DemandMax":null,"Value":79.51856224031},{"Length":7.331557,"Height":9.896519,"Demand":1.0,"DemandMax":null,"Value":72.556893150083},{"Length":11.65681,"Height":5.80737,"Demand":1.0,"DemandMax":null,"Value":67.6954086897},{"Length":1.831976,"Height":36.68231,"Demand":1.0,"DemandMax":null,"Value":67.20111154456},{"Length":20.4744,"Height":3.175379,"Demand":1.0,"DemandMax":null,"Value":65.0139797976},{"Length":25.16371,"Height":2.569891,"Demand":1.0,"DemandMax":null,"Value":64.66799185561},{"Length":9.457973,"Height":6.831387,"Demand":1.0,"DemandMax":null,"Value":64.611073798551},{"Length":12.9133,"Height":4.770296,"Demand":1.0,"DemandMax":null,"Value":61.6002633368},{"Length":45.19524,"Height":1.206064,"Demand":1.0,"DemandMax":null,"Value":54.50835193536},{"Length":42.33482,"Height":1.262775,"Demand":1.0,"DemandMax":null,"Value":53.4593523255},{"Length":2.259022,"Height":22.99168,"Demand":1.0,"DemandMax":null,"Value":51.938710936959993},{"Length":2.967628,"Height":17.48711,"Demand":1.0,"DemandMax":null,"Value":51.89523727508},{"Length":2.376657,"Height":21.13739,"Demand":1.0,"DemandMax":null,"Value":50.23632590523},{"Length":10.36765,"Height":4.840276,"Demand":1.0,"DemandMax":null,"Value":50.1822874714},{"Length":4.839867,"Height":9.770845,"Demand":1.0,"DemandMax":null,"Value":47.289590277615},{"Length":12.13301,"Height":3.797976,"Demand":1.0,"DemandMax":null,"Value":46.08088078776},{"Length":4.578571,"Height":10.02714,"Demand":1.0,"DemandMax":null,"Value":45.90997241694},{"Length":1.157571,"Height":38.6245,"Demand":1.0,"DemandMax":null,"Value":44.710601089499995},{"Length":62.5606,"Height":0.7128083,"Demand":1.0,"DemandMax":null,"Value":44.59371493298},{"Length":17.17111,"Height":2.569891,"Demand":1.0,"DemandMax":null,"Value":44.12788104901},{"Length":1.416868,"Height":31.1264,"Demand":1.0,"DemandMax":null,"Value":44.1020001152},{"Length":57.66518,"Height":0.660392,"Demand":1.0,"DemandMax":null,"Value":38.081623550559996},{"Length":6.822066,"Height":5.42969,"Demand":1.0,"DemandMax":null,"Value":37.04170353954},{"Length":14.74273,"Height":2.510656,"Demand":1.0,"DemandMax":null,"Value":37.01392353088},{"Length":22.74962,"Height":1.603262,"Demand":1.0,"DemandMax":null,"Value":36.47360126044},{"Length":20.4744,"Height":1.755777,"Demand":1.0,"DemandMax":null,"Value":35.9484806088},{"Length":16.06187,"Height":2.226495,"Demand":1.0,"DemandMax":null,"Value":35.761673245649995},{"Length":2.189656,"Height":15.34696,"Demand":1.0,"DemandMax":null,"Value":33.604563045759996},{"Length":6.701017,"Height":5.006004,"Demand":1.0,"DemandMax":null,"Value":33.545317906068},{"Length":6.81354,"Height":4.901665,"Demand":1.0,"DemandMax":null,"Value":33.3976905441},{"Length":22.74962,"Height":1.415113,"Demand":1.0,"DemandMax":null,"Value":32.19328300706},{"Length":1.508437,"Height":21.13739,"Demand":1.0,"DemandMax":null,"Value":31.88442115943},{"Length":8.316681,"Height":3.797976,"Demand":1.0,"DemandMax":null,"Value":31.586554837656003},{"Length":11.65681,"Height":2.689804,"Demand":1.0,"DemandMax":null,"Value":31.35453416524},{"Length":47.83039,"Height":0.6545694,"Demand":1.0,"DemandMax":null,"Value":31.308309684066},{"Length":2.259022,"Height":13.69063,"Demand":1.0,"DemandMax":null,"Value":30.927434363859998},{"Length":2.189656,"Height":14.08824,"Demand":1.0,"DemandMax":null,"Value":30.84839924544},{"Length":0.7311303,"Height":40.67458,"Demand":1.0,"DemandMax":null,"Value":29.738417877774},{"Length":11.48596,"Height":2.456662,"Demand":1.0,"DemandMax":null,"Value":28.217121465520002},{"Length":23.04122,"Height":1.220573,"Demand":1.0,"DemandMax":null,"Value":28.123491019059998},{"Length":20.88737,"Height":1.338695,"Demand":1.0,"DemandMax":null,"Value":27.96181778215},{"Length":20.4744,"Height":1.318104,"Demand":1.0,"DemandMax":null,"Value":26.987388537599998},{"Length":12.12309,"Height":2.19156,"Demand":1.0,"DemandMax":null,"Value":26.5684791204},{"Length":4.839867,"Height":5.416319,"Demand":1.0,"DemandMax":null,"Value":26.214263589572997},{"Length":0.6362869,"Height":40.67458,"Demand":1.0,"DemandMax":null,"Value":25.880702417002},{"Length":14.19148,"Height":1.788921,"Demand":1.0,"DemandMax":null,"Value":25.38743659308},{"Length":7.691989,"Height":3.175977,"Demand":1.0,"DemandMax":null,"Value":24.429580148253002},{"Length":2.757986,"Height":8.478352,"Demand":1.0,"DemandMax":null,"Value":23.383176119071997},{"Length":10.36765,"Height":2.2237,"Demand":1.0,"DemandMax":null,"Value":23.054543305},{"Length":11.65681,"Height":1.977184,"Demand":1.0,"DemandMax":null,"Value":23.04765822304},{"Length":23.04122,"Height":0.9976735,"Demand":1.0,"DemandMax":null,"Value":22.98761460167},{"Length":17.36535,"Height":1.206064,"Demand":1.0,"DemandMax":null,"Value":20.9437234824},{"Length":2.928321,"Height":7.052289,"Demand":1.0,"DemandMax":null,"Value":20.651365976769},{"Length":9.139424,"Height":2.211698,"Demand":1.0,"DemandMax":null,"Value":20.213645781952003},{"Length":6.81354,"Height":2.914334,"Demand":1.0,"DemandMax":null,"Value":19.85693128236},{"Length":0.6323892,"Height":31.1264,"Demand":1.0,"DemandMax":null,"Value":19.68399919488},{"Length":0.4803906,"Height":40.67458,"Demand":1.0,"DemandMax":null,"Value":19.539685890948},{"Length":4.658296,"Height":4.067103,"Demand":1.0,"DemandMax":null,"Value":18.945769636488002},{"Length":0.4655834,"Height":40.67458,"Demand":1.0,"DemandMax":null,"Value":18.937409249972},{"Length":0.4645581,"Height":40.67458,"Demand":1.0,"DemandMax":null,"Value":18.895705603097998},{"Length":7.329845,"Height":2.456662,"Demand":1.0,"DemandMax":null,"Value":18.00695167739},{"Length":4.635672,"Height":3.797976,"Demand":1.0,"DemandMax":null,"Value":17.606170999872},{"Length":1.771005,"Height":9.896519,"Demand":1.0,"DemandMax":null,"Value":17.526784631595},{"Length":16.79307,"Height":0.9833887,"Demand":1.0,"DemandMax":null,"Value":16.514115276309},{"Length":0.6493728,"Height":25.03924,"Demand":1.0,"DemandMax":null,"Value":16.259801388672},{"Length":27.15767,"Height":0.5952786,"Demand":1.0,"DemandMax":null,"Value":16.166379776861998},{"Length":0.9174659,"Height":17.48711,"Demand":1.0,"DemandMax":null,"Value":16.043827114549},{"Length":10.36765,"Height":1.512611,"Demand":1.0,"DemandMax":null,"Value":15.682221434149998},{"Length":27.15767,"Height":0.5768161,"Demand":1.0,"DemandMax":null,"Value":15.664981294487001},{"Length":4.514634,"Height":3.295767,"Demand":1.0,"DemandMax":null,"Value":14.879181754278001},{"Length":0.4418508,"Height":31.1264,"Demand":1.0,"DemandMax":null,"Value":13.75322474112},{"Length":14.73412,"Height":0.9330338,"Demand":1.0,"DemandMax":null,"Value":13.747431973256},{"Length":10.36765,"Height":1.319931,"Demand":1.0,"DemandMax":null,"Value":13.684582632149999},{"Length":6.701017,"Height":2.016383,"Demand":1.0,"DemandMax":null,"Value":13.511816761511},{"Length":23.04122,"Height":0.5849816,"Demand":1.0,"DemandMax":null,"Value":13.478689741552},{"Length":1.943216,"Height":6.678626,"Demand":1.0,"DemandMax":null,"Value":12.978012901216001},{"Length":3.411559,"Height":3.717629,"Demand":1.0,"DemandMax":null,"Value":12.682910673611},{"Length":1.76036,"Height":7.052289,"Demand":1.0,"DemandMax":null,"Value":12.41456746404},{"Length":3.754409,"Height":3.295767,"Demand":1.0,"DemandMax":null,"Value":12.373657286703},{"Length":0.5030235,"Height":24.35003,"Demand":1.0,"DemandMax":null,"Value":12.248637315704999},{"Length":2.043492,"Height":5.919799,"Demand":1.0,"DemandMax":null,"Value":12.097061898108},{"Length":4.708156,"Height":2.510656,"Demand":1.0,"DemandMax":null,"Value":11.820560110336},{"Length":20.47896,"Height":0.5729377,"Demand":1.0,"DemandMax":null,"Value":11.733168240792},{"Length":12.43497,"Height":0.9330338,"Demand":1.0,"DemandMax":null,"Value":11.602247311986},{"Length":1.525889,"Height":7.498766,"Demand":1.0,"DemandMax":null,"Value":11.442284552974},{"Length":18.84557,"Height":0.6059033,"Demand":1.0,"DemandMax":null,"Value":11.418593053381},{"Length":0.377173,"Height":29.83753,"Demand":1.0,"DemandMax":null,"Value":11.25391070269},{"Length":19.45088,"Height":0.5662939,"Demand":1.0,"DemandMax":null,"Value":11.014914693632},{"Length":3.303025,"Height":3.327615,"Demand":1.0,"DemandMax":null,"Value":10.991195535375},{"Length":19.45088,"Height":0.5638193,"Demand":1.0,"DemandMax":null,"Value":10.966781545984002},{"Length":22.65872,"Height":0.4812524,"Demand":1.0,"DemandMax":null,"Value":10.904563380928},{"Length":12.16145,"Height":0.8906069,"Demand":1.0,"DemandMax":null,"Value":10.831071284005},{"Length":0.360074,"Height":29.83753,"Demand":1.0,"DemandMax":null,"Value":10.74371877722},{"Length":18.84557,"Height":0.5693142,"Demand":1.0,"DemandMax":null,"Value":10.729050608094},{"Length":10.25426,"Height":1.033764,"Demand":1.0,"DemandMax":null,"Value":10.60048483464},{"Length":1.402942,"Height":7.498766,"Demand":1.0,"DemandMax":null,"Value":10.520333769572},{"Length":4.592352,"Height":2.279816,"Demand":1.0,"DemandMax":null,"Value":10.469717567232},{"Length":3.450683,"Height":2.978377,"Demand":1.0,"DemandMax":null,"Value":10.277434881491},{"Length":0.6324679,"Height":16.1578,"Demand":1.0,"DemandMax":null,"Value":10.219289834620001},{"Length":10.3646,"Height":0.9833887,"Demand":1.0,"DemandMax":null,"Value":10.19243052002},{"Length":11.65681,"Height":0.8715935,"Demand":1.0,"DemandMax":null,"Value":10.159999826735},{"Length":2.722851,"Height":3.717629,"Demand":1.0,"DemandMax":null,"Value":10.122549840279},{"Length":3.362857,"Height":2.978377,"Demand":1.0,"DemandMax":null,"Value":10.015855943089},{"Length":2.647573,"Height":3.717629,"Demand":1.0,"DemandMax":null,"Value":9.842694164417},{"Length":17.778,"Height":0.5463194,"Demand":1.0,"DemandMax":null,"Value":9.7124662932},{"Length":6.882074,"Height":1.40367,"Demand":1.0,"DemandMax":null,"Value":9.66016081158},{"Length":14.73021,"Height":0.6545694,"Demand":1.0,"DemandMax":null,"Value":9.641944721574},{"Length":0.5703031,"Height":16.67259,"Demand":1.0,"DemandMax":null,"Value":9.508429762029},{"Length":19.6761,"Height":0.4812524,"Demand":1.0,"DemandMax":null,"Value":9.46917034764},{"Length":20.47896,"Height":0.460826,"Demand":1.0,"DemandMax":null,"Value":9.43723722096},{"Length":5.259403,"Height":1.788921,"Demand":1.0,"DemandMax":null,"Value":9.408656474163},{"Length":3.00541,"Height":3.121929,"Demand":1.0,"DemandMax":null,"Value":9.38267663589},{"Length":27.15767,"Height":0.3425111,"Demand":1.0,"DemandMax":null,"Value":9.301803425137},{"Length":0.4220366,"Height":21.9746,"Demand":1.0,"DemandMax":null,"Value":9.27408547036},{"Length":0.5523639,"Height":16.67259,"Demand":1.0,"DemandMax":null,"Value":9.209336835501},{"Length":2.437073,"Height":3.717629,"Demand":1.0,"DemandMax":null,"Value":9.060133259917},{"Length":2.347409,"Height":3.797976,"Demand":1.0,"DemandMax":null,"Value":8.9154030441839982},{"Length":6.81354,"Height":1.308358,"Demand":1.0,"DemandMax":null,"Value":8.9145495673199981},{"Length":6.81354,"Height":1.303634,"Demand":1.0,"DemandMax":null,"Value":8.8823624043599985},{"Length":0.6493728,"Height":13.58527,"Demand":1.0,"DemandMax":null,"Value":8.821904818656},{"Length":3.583237,"Height":2.456662,"Demand":1.0,"DemandMax":null,"Value":8.8028021748940013},{"Length":0.7823638,"Height":11.23939,"Demand":1.0,"DemandMax":null,"Value":8.7932918700820011},{"Length":1.943216,"Height":4.51047,"Demand":1.0,"DemandMax":null,"Value":8.7648174715199989},{"Length":18.84557,"Height":0.4629959,"Demand":1.0,"DemandMax":null,"Value":8.725421643163},{"Length":1.467023,"Height":5.919799,"Demand":1.0,"DemandMax":null,"Value":8.684481288377},{"Length":4.39461,"Height":1.973342,"Demand":1.0,"DemandMax":null,"Value":8.67206848662},{"Length":3.938781,"Height":2.19156,"Demand":1.0,"DemandMax":null,"Value":8.63207488836},{"Length":23.04122,"Height":0.372749,"Demand":1.0,"DemandMax":null,"Value":8.58859171378},{"Length":3.303025,"Height":2.592183,"Demand":1.0,"DemandMax":null,"Value":8.5620452535749987},{"Length":0.32741,"Height":25.87407,"Demand":1.0,"DemandMax":null,"Value":8.4714292586999989},{"Length":0.5143016,"Height":16.4662,"Demand":1.0,"DemandMax":null,"Value":8.46859300592},{"Length":6.031229,"Height":1.40367,"Demand":1.0,"DemandMax":null,"Value":8.46585521043},{"Length":3.773879,"Height":2.211698,"Demand":1.0,"DemandMax":null,"Value":8.346680636542},{"Length":16.06187,"Height":0.5192269,"Demand":1.0,"DemandMax":null,"Value":8.339754968303},{"Length":0.3358606,"Height":24.51678,"Demand":1.0,"DemandMax":null,"Value":8.234220440868},{"Length":0.5030235,"Height":16.32455,"Demand":1.0,"DemandMax":null,"Value":8.2116322769249983},{"Length":11.21906,"Height":0.7262565,"Demand":1.0,"DemandMax":null,"Value":8.14791524889},{"Length":2.340383,"Height":3.459074,"Demand":1.0,"DemandMax":null,"Value":8.0955579853420012},{"Length":14.0727,"Height":0.5711024,"Demand":1.0,"DemandMax":null,"Value":8.03695274448},{"Length":4.39461,"Height":1.824634,"Demand":1.0,"DemandMax":null,"Value":8.01855482274},{"Length":1.407292,"Height":5.66861,"Demand":1.0,"DemandMax":null,"Value":7.9773895041200005},{"Length":1.074886,"Height":7.411973,"Demand":1.0,"DemandMax":null,"Value":7.9670260100779995},{"Length":16.06187,"Height":0.4924084,"Demand":1.0,"DemandMax":null,"Value":7.908999707708},{"Length":0.4220366,"Height":18.69998,"Demand":1.0,"DemandMax":null,"Value":7.8920759792679993},{"Length":1.407292,"Height":5.570776,"Demand":1.0,"DemandMax":null,"Value":7.8397084985920005},{"Length":2.259708,"Height":3.459074,"Demand":1.0,"DemandMax":null,"Value":7.816497190392},{"Length":1.249497,"Height":6.249259,"Demand":1.0,"DemandMax":null,"Value":7.8084303727230013},{"Length":3.38849,"Height":2.279816,"Demand":1.0,"DemandMax":null,"Value":7.7251337178399995},{"Length":2.213449,"Height":3.459074,"Demand":1.0,"DemandMax":null,"Value":7.6564838862260016},{"Length":2.124859,"Height":3.590374,"Demand":1.0,"DemandMax":null,"Value":7.6290385072659994},{"Length":0.5924078,"Height":12.75043,"Demand":1.0,"DemandMax":null,"Value":7.553454185354},{"Length":0.5143016,"Height":14.6602,"Demand":1.0,"DemandMax":null,"Value":7.53976431632},{"Length":3.238215,"Height":2.279816,"Demand":1.0,"DemandMax":null,"Value":7.3825343684399991},{"Length":18.84557,"Height":0.3915629,"Demand":1.0,"DemandMax":null,"Value":7.3792260413529993},{"Length":2.124859,"Height":3.461915,"Demand":1.0,"DemandMax":null,"Value":7.356081244984999},{"Length":3.00541,"Height":2.433982,"Demand":1.0,"DemandMax":null,"Value":7.31511384262},{"Length":0.2966073,"Height":24.51678,"Demand":1.0,"DemandMax":null,"Value":7.2718559204940005},{"Length":2.92883,"Height":2.397752,"Demand":1.0,"DemandMax":null,"Value":7.02260799016},{"Length":1.074886,"Height":6.529197,"Demand":1.0,"DemandMax":null,"Value":7.018142446542},{"Length":4.058215,"Height":1.717421,"Demand":1.0,"DemandMax":null,"Value":6.969663663515},{"Length":1.103757,"Height":6.249259,"Demand":1.0,"DemandMax":null,"Value":6.8976633660630009},{"Length":7.739683,"Height":0.8906069,"Demand":1.0,"DemandMax":null,"Value":6.8930150836127},{"Length":0.2649978,"Height":25.87407,"Demand":1.0,"DemandMax":null,"Value":6.856571627046},{"Length":4.058215,"Height":1.67118,"Demand":1.0,"DemandMax":null,"Value":6.7820077436999995},{"Length":12.3075,"Height":0.5463194,"Demand":1.0,"DemandMax":null,"Value":6.7238260154999994},{"Length":12.24931,"Height":0.5463194,"Demand":1.0,"DemandMax":null,"Value":6.6920356896139994},{"Length":11.65681,"Height":0.5674385,"Demand":1.0,"DemandMax":null,"Value":6.6145227811849994},{"Length":7.256535,"Height":0.8906069,"Demand":1.0,"DemandMax":null,"Value":6.4627201410915}]}