{"Name":"Path22_50","Objects":[{"Length":100.0,"Height":100.0,"Stock":null,"Cost":10000.0}],"Items":[{"Length":57.26676,"Height":34.8614,"Demand":1.0,"DemandMax":null,"Value":1996.399427064},{"Length":95.11356,"Height":15.01187,"Demand":1.0,"DemandMax":null,"Value":1427.8323979572},{"Length":37.8468,"Height":34.8614,"Demand":1.0,"DemandMax":null,"Value":1319.3924335200002},{"Length":95.11356,"Height":9.654904,"Demand":1.0,"DemandMax":null,"Value":918.31229089824012},{"Length":56.234,"Height":7.797902,"Demand":1.0,"DemandMax":null,"Value":438.507221068},{"Length":43.766,"Height":7.797902,"Demand":1.0,"DemandMax":null,"Value":341.282978932},{"Length":50.12254,"Height":6.38331,"Demand":1.0,"DemandMax":null,"Value":319.9477108074},{"Length":74.31696,"Height":3.465561,"Demand":1.0,"DemandMax":null,"Value":257.54995821456},{"Length":100.0,"Height":2.342786,"Demand":1.0,"DemandMax":null,"Value":234.27859999999998},{"Length":87.1981,"Height":2.480974,"Demand":1.0,"DemandMax":null,"Value":216.33621894939998},{"Length":4.886444,"Height":37.71737,"Demand":1.0,"DemandMax":null,"Value":184.30381633228},{"Length":87.1981,"Height":1.839894,"Demand":1.0,"DemandMax":null,"Value":160.4352610014},{"Length":50.12254,"Height":2.636125,"Demand":1.0,"DemandMax":null,"Value":132.1292807575},{"Length":100.0,"Height":1.210672,"Demand":1.0,"DemandMax":null,"Value":121.0672},{"Length":20.38173,"Height":5.843293,"Demand":1.0,"DemandMax":null,"Value":119.09642023689001},{"Length":100.0,"Height":1.18517,"Demand":1.0,"DemandMax":null,"Value":118.51700000000001},{"Length":87.1981,"Height":1.339948,"Demand":1.0,"DemandMax":null,"Value":116.8409196988},{"Length":4.886444,"Height":23.70509,"Demand":1.0,"DemandMax":null,"Value":115.83359479996},{"Length":12.5713,"Height":9.019436,"Demand":1.0,"DemandMax":null,"Value":113.38603578680002},{"Length":12.03799,"Height":9.019436,"Demand":1.0,"DemandMax":null,"Value":108.57588037364002},{"Length":87.1981,"Height":1.058712,"Demand":1.0,"DemandMax":null,"Value":92.31767484720001},{"Length":74.31696,"Height":1.123102,"Demand":1.0,"DemandMax":null,"Value":83.46552640992},{"Length":10.31908,"Height":6.9922,"Demand":1.0,"DemandMax":null,"Value":72.153071176},{"Length":47.25928,"Height":1.498176,"Demand":1.0,"DemandMax":null,"Value":70.802719073279988},{"Length":43.11714,"Height":1.589553,"Demand":1.0,"DemandMax":null,"Value":68.53697923842},{"Length":40.34999,"Height":1.336024,"Demand":1.0,"DemandMax":null,"Value":53.90855503976},{"Length":7.444729,"Height":6.9922,"Demand":1.0,"DemandMax":null,"Value":52.0550341138},{"Length":47.25928,"Height":1.089266,"Demand":1.0,"DemandMax":null,"Value":51.47792688848},{"Length":13.0769,"Height":3.176143,"Demand":1.0,"DemandMax":null,"Value":41.5341043967},{"Length":38.64119,"Height":1.067512,"Demand":1.0,"DemandMax":null,"Value":41.249934019280005},{"Length":35.67577,"Height":1.067512,"Demand":1.0,"DemandMax":null,"Value":38.08431258424},{"Length":36.69553,"Height":1.027139,"Demand":1.0,"DemandMax":null,"Value":37.691409988669996},{"Length":4.472512,"Height":8.309081,"Demand":1.0,"DemandMax":null,"Value":37.162464481472007},{"Length":27.2737,"Height":1.356305,"Demand":1.0,"DemandMax":null,"Value":36.9914556785},{"Length":44.08096,"Height":0.8332613,"Demand":1.0,"DemandMax":null,"Value":36.730958034847994},{"Length":4.205135,"Height":8.309081,"Demand":1.0,"DemandMax":null,"Value":34.940807330935009},{"Length":4.886444,"Height":7.125151,"Demand":1.0,"DemandMax":null,"Value":34.816651353044},{"Length":28.13611,"Height":1.231137,"Demand":1.0,"DemandMax":null,"Value":34.63940605707},{"Length":25.46702,"Height":1.356305,"Demand":1.0,"DemandMax":null,"Value":34.5410465611},{"Length":4.124246,"Height":8.309081,"Demand":1.0,"DemandMax":null,"Value":34.268694077926007},{"Length":44.08096,"Height":0.7562921,"Demand":1.0,"DemandMax":null,"Value":33.338081808416},{"Length":4.503416,"Height":6.9922,"Demand":1.0,"DemandMax":null,"Value":31.4887853552},{"Length":24.60461,"Height":1.231137,"Demand":1.0,"DemandMax":null,"Value":30.29164574157},{"Length":17.90623,"Height":1.336024,"Demand":1.0,"DemandMax":null,"Value":23.92315302952},{"Length":3.415827,"Height":6.9922,"Demand":1.0,"DemandMax":null,"Value":23.884145549400003},{"Length":7.304827,"Height":3.176143,"Demand":1.0,"DemandMax":null,"Value":23.201175142261004},{"Length":22.27927,"Height":1.027139,"Demand":1.0,"DemandMax":null,"Value":22.88390710853},{"Length":21.0315,"Height":1.027139,"Demand":1.0,"DemandMax":null,"Value":21.6022738785},{"Length":16.06073,"Height":1.336024,"Demand":1.0,"DemandMax":null,"Value":21.45752073752},{"Length":19.9937,"Height":1.027139,"Demand":1.0,"DemandMax":null,"Value":20.5363090243}]}