{"Name":"Path7_500","Objects":[{"Length":100.0,"Height":100.0,"Stock":null,"Cost":10000.0}],"Items":[{"Length":71.84787,"Height":6.046638,"Demand":1.0,"DemandMax":null,"Value":434.43806096106},{"Length":14.3956,"Height":24.05049,"Demand":1.0,"DemandMax":null,"Value":346.221233844},{"Length":16.11492,"Height":16.46925,"Demand":1.0,"DemandMax":null,"Value":265.40064621},{"Length":25.15843,"Height":10.258,"Demand":1.0,"DemandMax":null,"Value":258.07517493999995},{"Length":71.84787,"Height":2.987509,"Demand":1.0,"DemandMax":null,"Value":214.64615825583002},{"Length":45.25363,"Height":4.329043,"Demand":1.0,"DemandMax":null,"Value":195.90491017609003},{"Length":66.49092,"Height":2.63326,"Demand":1.0,"DemandMax":null,"Value":175.0878799992},{"Length":90.49858,"Height":1.890702,"Demand":1.0,"DemandMax":null,"Value":171.10584620316},{"Length":81.36371,"Height":1.95023,"Demand":1.0,"DemandMax":null,"Value":158.67794815329998},{"Length":25.15843,"Height":6.048288,"Demand":1.0,"DemandMax":null,"Value":152.16543026784},{"Length":38.48779,"Height":3.783606,"Demand":1.0,"DemandMax":null,"Value":145.62263317074},{"Length":38.63575,"Height":3.565243,"Demand":1.0,"DemandMax":null,"Value":137.74583723725002},{"Length":63.28778,"Height":2.116249,"Demand":1.0,"DemandMax":null,"Value":133.93270113722},{"Length":87.56735,"Height":1.48491,"Demand":1.0,"DemandMax":null,"Value":130.0296336885},{"Length":76.57794,"Height":1.589651,"Demand":1.0,"DemandMax":null,"Value":121.73219889894},{"Length":23.45326,"Height":4.985291,"Demand":1.0,"DemandMax":null,"Value":116.92132599866001},{"Length":14.12516,"Height":7.495714,"Demand":1.0,"DemandMax":null,"Value":105.87815956424001},{"Length":4.950865,"Height":21.38187,"Demand":1.0,"DemandMax":null,"Value":105.85875181755},{"Length":7.436775,"Height":12.34718,"Demand":1.0,"DemandMax":null,"Value":91.8231995445},{"Length":5.641593,"Height":15.69536,"Demand":1.0,"DemandMax":null,"Value":88.546833108480016},{"Length":19.04294,"Height":4.50719,"Demand":1.0,"DemandMax":null,"Value":85.8301487386},{"Length":70.73223,"Height":1.160707,"Demand":1.0,"DemandMax":null,"Value":82.09939448661},{"Length":75.80006,"Height":1.009704,"Demand":1.0,"DemandMax":null,"Value":76.53562378224},{"Length":23.92219,"Height":3.15348,"Demand":1.0,"DemandMax":null,"Value":75.4381477212},{"Length":71.84787,"Height":1.041314,"Demand":1.0,"DemandMax":null,"Value":74.81619290118},{"Length":75.80006,"Height":0.9865758,"Demand":1.0,"DemandMax":null,"Value":74.782504834548},{"Length":5.777533,"Height":12.70038,"Demand":1.0,"DemandMax":null,"Value":73.376864562539993},{"Length":25.15843,"Height":2.864593,"Demand":1.0,"DemandMax":null,"Value":72.06866246899},{"Length":9.424378,"Height":7.129647,"Demand":1.0,"DemandMax":null,"Value":67.192488334566008},{"Length":2.337787,"Height":24.28629,"Demand":1.0,"DemandMax":null,"Value":56.776173040230006},{"Length":2.419197,"Height":21.38187,"Demand":1.0,"DemandMax":null,"Value":51.72695575839},{"Length":14.12516,"Height":3.608435,"Demand":1.0,"DemandMax":null,"Value":50.9697217246},{"Length":34.26466,"Height":1.47135,"Demand":1.0,"DemandMax":null,"Value":50.415307491},{"Length":5.266992,"Height":9.452679,"Demand":1.0,"DemandMax":null,"Value":49.787184671568},{"Length":4.889253,"Height":10.07546,"Demand":1.0,"DemandMax":null,"Value":49.26147303138},{"Length":2.190672,"Height":21.38187,"Demand":1.0,"DemandMax":null,"Value":46.840663916640004},{"Length":39.6472,"Height":1.150314,"Demand":1.0,"DemandMax":null,"Value":45.6067292208},{"Length":36.93074,"Height":1.150314,"Demand":1.0,"DemandMax":null,"Value":42.48194725236},{"Length":6.669864,"Height":6.30057,"Demand":1.0,"DemandMax":null,"Value":42.023945022479992},{"Length":14.87279,"Height":2.63326,"Demand":1.0,"DemandMax":null,"Value":39.1639229954},{"Length":4.703744,"Height":8.262053,"Demand":1.0,"DemandMax":null,"Value":38.862582226432004},{"Length":1.812326,"Height":21.38187,"Demand":1.0,"DemandMax":null,"Value":38.75091892962},{"Length":2.225404,"Height":16.78169,"Demand":1.0,"DemandMax":null,"Value":37.34604005276},{"Length":3.969315,"Height":9.346363,"Demand":1.0,"DemandMax":null,"Value":37.098658851345},{"Length":10.41852,"Height":3.50754,"Demand":1.0,"DemandMax":null,"Value":36.5433756408},{"Length":38.63575,"Height":0.9419472,"Demand":1.0,"DemandMax":null,"Value":36.392836532400004},{"Length":9.380754,"Height":3.851342,"Demand":1.0,"DemandMax":null,"Value":36.128491871867993},{"Length":12.24935,"Height":2.940941,"Demand":1.0,"DemandMax":null,"Value":36.02461563835},{"Length":25.15843,"Height":1.387632,"Demand":1.0,"DemandMax":null,"Value":34.91064253776},{"Length":3.397093,"Height":9.810149,"Demand":1.0,"DemandMax":null,"Value":33.325988496856993},{"Length":1.292662,"Height":25.63316,"Demand":1.0,"DemandMax":null,"Value":33.13501187192},{"Length":3.330076,"Height":9.452679,"Demand":1.0,"DemandMax":null,"Value":31.478139473604},{"Length":6.870359,"Height":4.50719,"Demand":1.0,"DemandMax":null,"Value":30.966013381209997},{"Length":50.56319,"Height":0.6109193,"Demand":1.0,"DemandMax":null,"Value":30.890028640567003},{"Length":3.135679,"Height":9.810149,"Demand":1.0,"DemandMax":null,"Value":30.761478206171},{"Length":14.12516,"Height":2.177437,"Demand":1.0,"DemandMax":null,"Value":30.756646014919998},{"Length":25.21778,"Height":1.217297,"Demand":1.0,"DemandMax":null,"Value":30.697527940660002},{"Length":2.911624,"Height":10.40575,"Demand":1.0,"DemandMax":null,"Value":30.297631438},{"Length":2.140607,"Height":13.96694,"Demand":1.0,"DemandMax":null,"Value":29.89772953258},{"Length":45.25363,"Height":0.6562484,"Demand":1.0,"DemandMax":null,"Value":29.697622281692},{"Length":5.61389,"Height":5.256531,"Demand":1.0,"DemandMax":null,"Value":29.509586815589998},{"Length":1.353911,"Height":21.38187,"Demand":1.0,"DemandMax":null,"Value":28.949148993570002},{"Length":4.705971,"Height":6.014041,"Demand":1.0,"DemandMax":null,"Value":28.301902538811},{"Length":13.29017,"Height":2.116249,"Demand":1.0,"DemandMax":null,"Value":28.125308972329996},{"Length":50.56319,"Height":0.546425,"Demand":1.0,"DemandMax":null,"Value":27.628991095750003},{"Length":1.935482,"Height":13.96694,"Demand":1.0,"DemandMax":null,"Value":27.032760965079998},{"Length":3.129002,"Height":8.585478,"Demand":1.0,"DemandMax":null,"Value":26.863977832956},{"Length":1.493815,"Height":17.80269,"Demand":1.0,"DemandMax":null,"Value":26.593925362349996},{"Length":5.660206,"Height":4.637608,"Demand":1.0,"DemandMax":null,"Value":26.249816627248},{"Length":1.901389,"Height":13.47688,"Demand":1.0,"DemandMax":null,"Value":25.62479138632},{"Length":4.432434,"Height":5.454417,"Demand":1.0,"DemandMax":null,"Value":24.176343360978},{"Length":20.83895,"Height":1.157344,"Demand":1.0,"DemandMax":null,"Value":24.1178337488},{"Length":1.00105,"Height":24.05049,"Demand":1.0,"DemandMax":null,"Value":24.0757430145},{"Length":5.777533,"Height":4.097029,"Demand":1.0,"DemandMax":null,"Value":23.670720249457002},{"Length":11.76729,"Height":1.99628,"Demand":1.0,"DemandMax":null,"Value":23.490805681199998},{"Length":4.860209,"Height":4.736113,"Demand":1.0,"DemandMax":null,"Value":23.018499027617},{"Length":1.464384,"Height":15.69536,"Demand":1.0,"DemandMax":null,"Value":22.98403405824},{"Length":19.76635,"Height":1.160707,"Demand":1.0,"DemandMax":null,"Value":22.942940809449997},{"Length":1.35053,"Height":16.82109,"Demand":1.0,"DemandMax":null,"Value":22.717386677700002},{"Length":31.9034,"Height":0.6908486,"Demand":1.0,"DemandMax":null,"Value":22.04041922524},{"Length":16.93106,"Height":1.29651,"Demand":1.0,"DemandMax":null,"Value":21.951288600599998},{"Length":12.20423,"Height":1.7842,"Demand":1.0,"DemandMax":null,"Value":21.774787166000003},{"Length":16.77944,"Height":1.29651,"Demand":1.0,"DemandMax":null,"Value":21.754711754400002},{"Length":0.8723385,"Height":24.05049,"Demand":1.0,"DemandMax":null,"Value":20.980168370865},{"Length":19.26996,"Height":1.059067,"Demand":1.0,"DemandMax":null,"Value":20.40817872732},{"Length":4.299197,"Height":4.474455,"Demand":1.0,"DemandMax":null,"Value":19.236563512635},{"Length":16.11492,"Height":1.169535,"Demand":1.0,"DemandMax":null,"Value":18.846962962200003},{"Length":4.157847,"Height":4.50719,"Demand":1.0,"DemandMax":null,"Value":18.74020641993},{"Length":25.23688,"Height":0.7119855,"Demand":1.0,"DemandMax":null,"Value":17.96829262524},{"Length":10.0521,"Height":1.7842,"Demand":1.0,"DemandMax":null,"Value":17.93495682},{"Length":0.7237468,"Height":24.05049,"Demand":1.0,"DemandMax":null,"Value":17.406465175932002},{"Length":7.815969,"Height":2.221879,"Demand":1.0,"DemandMax":null,"Value":17.366137385751},{"Length":2.511257,"Height":6.878043,"Demand":1.0,"DemandMax":null,"Value":17.272533630051},{"Length":6.071881,"Height":2.797333,"Demand":1.0,"DemandMax":null,"Value":16.985073093373},{"Length":22.98411,"Height":0.7321893,"Demand":1.0,"DemandMax":null,"Value":16.828719412023002},{"Length":7.398385,"Height":2.22657,"Demand":1.0,"DemandMax":null,"Value":16.47302208945},{"Length":3.893863,"Height":4.136112,"Demand":1.0,"DemandMax":null,"Value":16.105453480656},{"Length":1.664331,"Height":9.664712,"Demand":1.0,"DemandMax":null,"Value":16.085279787672},{"Length":35.45067,"Height":0.4530891,"Demand":1.0,"DemandMax":null,"Value":16.062312164697},{"Length":1.696907,"Height":9.452679,"Demand":1.0,"DemandMax":null,"Value":16.040317163853},{"Length":1.14395,"Height":13.96694,"Demand":1.0,"DemandMax":null,"Value":15.977481013},{"Length":5.660206,"Height":2.821156,"Demand":1.0,"DemandMax":null,"Value":15.968324118136},{"Length":1.677839,"Height":9.452679,"Demand":1.0,"DemandMax":null,"Value":15.860073480681},{"Length":28.40368,"Height":0.5394656,"Demand":1.0,"DemandMax":null,"Value":15.322808273408},{"Length":11.97181,"Height":1.270923,"Demand":1.0,"DemandMax":null,"Value":15.21524868063},{"Length":23.92219,"Height":0.6301264,"Demand":1.0,"DemandMax":null,"Value":15.074003464816},{"Length":16.57749,"Height":0.906923,"Demand":1.0,"DemandMax":null,"Value":15.034506963270001},{"Length":9.380754,"Height":1.596631,"Demand":1.0,"DemandMax":null,"Value":14.977602639773998},{"Length":9.943163,"Height":1.505669,"Demand":1.0,"DemandMax":null,"Value":14.971112291047},{"Length":4.705971,"Height":3.145405,"Demand":1.0,"DemandMax":null,"Value":14.802184713254999},{"Length":3.129002,"Height":4.696107,"Demand":1.0,"DemandMax":null,"Value":14.694128195213999},{"Length":4.319225,"Height":3.39919,"Demand":1.0,"DemandMax":null,"Value":14.68186642775},{"Length":20.50332,"Height":0.7055619,"Demand":1.0,"DemandMax":null,"Value":14.466361415507999},{"Length":1.847172,"Height":7.762791,"Demand":1.0,"DemandMax":null,"Value":14.339210177052001},{"Length":4.075382,"Height":3.50754,"Demand":1.0,"DemandMax":null,"Value":14.294565380280002},{"Length":6.147717,"Height":2.311554,"Demand":1.0,"DemandMax":null,"Value":14.210779822218},{"Length":34.78222,"Height":0.4077036,"Demand":1.0,"DemandMax":null,"Value":14.180836309992001},{"Length":11.63368,"Height":1.217297,"Demand":1.0,"DemandMax":null,"Value":14.16164376296},{"Length":1.357574,"Height":10.37343,"Demand":1.0,"DemandMax":null,"Value":14.082698858820002},{"Length":1.54569,"Height":9.099648,"Demand":1.0,"DemandMax":null,"Value":14.06523491712},{"Length":4.705971,"Height":2.967758,"Demand":1.0,"DemandMax":null,"Value":13.966183083017999},{"Length":4.902101,"Height":2.834352,"Demand":1.0,"DemandMax":null,"Value":13.894279773552},{"Length":4.451406,"Height":3.113244,"Demand":1.0,"DemandMax":null,"Value":13.858313021064001},{"Length":1.671265,"Height":8.275805,"Demand":1.0,"DemandMax":null,"Value":13.831063243325},{"Length":1.129695,"Height":12.1272,"Demand":1.0,"DemandMax":null,"Value":13.700037204},{"Length":0.5686983,"Height":24.05049,"Demand":1.0,"DemandMax":null,"Value":13.677472777166999},{"Length":2.931227,"Height":4.638535,"Demand":1.0,"DemandMax":null,"Value":13.596599032444999},{"Length":19.63588,"Height":0.6908486,"Demand":1.0,"DemandMax":null,"Value":13.565420207768002},{"Length":2.852896,"Height":4.753402,"Demand":1.0,"DemandMax":null,"Value":13.560961552192001},{"Length":8.268709,"Height":1.634349,"Demand":1.0,"DemandMax":null,"Value":13.513956285441},{"Length":0.561146,"Height":24.05049,"Demand":1.0,"DemandMax":null,"Value":13.495836261540001},{"Length":0.8622427,"Height":15.63498,"Demand":1.0,"DemandMax":null,"Value":13.481147369646001},{"Length":2.95346,"Height":4.561965,"Demand":1.0,"DemandMax":null,"Value":13.473581148900001},{"Length":1.636656,"Height":8.224177,"Demand":1.0,"DemandMax":null,"Value":13.460148632112},{"Length":12.03449,"Height":1.112659,"Demand":1.0,"DemandMax":null,"Value":13.39028360891},{"Length":0.6741015,"Height":19.70501,"Demand":1.0,"DemandMax":null,"Value":13.283176798515},{"Length":12.71078,"Height":1.041016,"Demand":1.0,"DemandMax":null,"Value":13.232125352479999},{"Length":4.034676,"Height":3.270043,"Demand":1.0,"DemandMax":null,"Value":13.193564011068},{"Length":1.044596,"Height":12.61007,"Demand":1.0,"DemandMax":null,"Value":13.172428681720001},{"Length":24.0066,"Height":0.5458892,"Demand":1.0,"DemandMax":null,"Value":13.104943668719999},{"Length":1.714695,"Height":7.564287,"Demand":1.0,"DemandMax":null,"Value":12.970445097465001},{"Length":19.63408,"Height":0.6592376,"Demand":1.0,"DemandMax":null,"Value":12.943523777408},{"Length":2.911624,"Height":4.440968,"Demand":1.0,"DemandMax":null,"Value":12.930429012032},{"Length":3.949484,"Height":3.248679,"Demand":1.0,"DemandMax":null,"Value":12.830605731636},{"Length":0.598538,"Height":21.38187,"Demand":1.0,"DemandMax":null,"Value":12.797861706059999},{"Length":0.5958229,"Height":21.38187,"Demand":1.0,"DemandMax":null,"Value":12.739807790823},{"Length":7.105977,"Height":1.790074,"Demand":1.0,"DemandMax":null,"Value":12.720224672298},{"Length":17.85822,"Height":0.7119855,"Demand":1.0,"DemandMax":null,"Value":12.71479369581},{"Length":26.97184,"Height":0.4694209,"Demand":1.0,"DemandMax":null,"Value":12.661145407455999},{"Length":25.15843,"Height":0.5030175,"Demand":1.0,"DemandMax":null,"Value":12.655130562525},{"Length":1.437626,"Height":8.798959,"Demand":1.0,"DemandMax":null,"Value":12.649612231334},{"Length":3.620766,"Height":3.491565,"Demand":1.0,"DemandMax":null,"Value":12.642139838790001},{"Length":2.899506,"Height":4.345478,"Demand":1.0,"DemandMax":null,"Value":12.599739533868},{"Length":17.76528,"Height":0.7055619,"Demand":1.0,"DemandMax":null,"Value":12.534504710832},{"Length":5.5814,"Height":2.244098,"Demand":1.0,"DemandMax":null,"Value":12.5252085772},{"Length":1.671265,"Height":7.473732,"Demand":1.0,"DemandMax":null,"Value":12.49058671098},{"Length":14.0695,"Height":0.8875245,"Demand":1.0,"DemandMax":null,"Value":12.48702595275},{"Length":34.78222,"Height":0.3574808,"Demand":1.0,"DemandMax":null,"Value":12.433975831376001},{"Length":6.669864,"Height":1.857968,"Demand":1.0,"DemandMax":null,"Value":12.392393876352},{"Length":3.33802,"Height":3.707604,"Demand":1.0,"DemandMax":null,"Value":12.37605630408},{"Length":1.9345,"Height":6.390446,"Demand":1.0,"DemandMax":null,"Value":12.362317787},{"Length":4.424026,"Height":2.786708,"Demand":1.0,"DemandMax":null,"Value":12.328468646407998},{"Length":3.33802,"Height":3.692096,"Demand":1.0,"DemandMax":null,"Value":12.32429028992},{"Length":12.03042,"Height":1.024083,"Demand":1.0,"DemandMax":null,"Value":12.32014860486},{"Length":1.67848,"Height":7.297755,"Demand":1.0,"DemandMax":null,"Value":12.2491358124},{"Length":16.11492,"Height":0.759468,"Demand":1.0,"DemandMax":null,"Value":12.238766062560002},{"Length":1.800707,"Height":6.779376,"Demand":1.0,"DemandMax":null,"Value":12.207669818832},{"Length":6.000913,"Height":2.017523,"Demand":1.0,"DemandMax":null,"Value":12.106979998499},{"Length":4.319225,"Height":2.801477,"Demand":1.0,"DemandMax":null,"Value":12.100209495325002},{"Length":5.970901,"Height":2.017523,"Demand":1.0,"DemandMax":null,"Value":12.046430098223},{"Length":7.436775,"Height":1.619752,"Demand":1.0,"DemandMax":null,"Value":12.0457311798},{"Length":4.902101,"Height":2.453706,"Demand":1.0,"DemandMax":null,"Value":12.028314636306},{"Length":17.3265,"Height":0.6923385,"Demand":1.0,"DemandMax":null,"Value":11.99580302025},{"Length":11.52025,"Height":1.041016,"Demand":1.0,"DemandMax":null,"Value":11.992764574},{"Length":1.443972,"Height":8.262053,"Demand":1.0,"DemandMax":null,"Value":11.930173194516},{"Length":2.6695,"Height":4.467875,"Demand":1.0,"DemandMax":null,"Value":11.926992312500001},{"Length":3.620766,"Height":3.287811,"Demand":1.0,"DemandMax":null,"Value":11.904394283226},{"Length":18.73392,"Height":0.633961,"Demand":1.0,"DemandMax":null,"Value":11.87657465712},{"Length":9.730034,"Height":1.217297,"Demand":1.0,"DemandMax":null,"Value":11.844341198098},{"Length":0.4919538,"Height":24.05049,"Demand":1.0,"DemandMax":null,"Value":11.831729947362},{"Length":1.388238,"Height":8.507254,"Demand":1.0,"DemandMax":null,"Value":11.810093278452},{"Length":21.82429,"Height":0.5382077,"Demand":1.0,"DemandMax":null,"Value":11.746000925033},{"Length":2.291262,"Height":5.120432,"Demand":1.0,"DemandMax":null,"Value":11.732251265184},{"Length":8.268709,"Height":1.413191,"Demand":1.0,"DemandMax":null,"Value":11.685265140419},{"Length":13.92064,"Height":0.8377261,"Demand":1.0,"DemandMax":null,"Value":11.661683456704},{"Length":3.949484,"Height":2.951988,"Demand":1.0,"DemandMax":null,"Value":11.658829374192},{"Length":21.65699,"Height":0.5382077,"Demand":1.0,"DemandMax":null,"Value":11.655958776822999},{"Length":15.32695,"Height":0.7602299,"Demand":1.0,"DemandMax":null,"Value":11.652005665805},{"Length":5.660206,"Height":2.039759,"Demand":1.0,"DemandMax":null,"Value":11.545456130354},{"Length":2.852896,"Height":4.045557,"Demand":1.0,"DemandMax":null,"Value":11.541553383071998},{"Length":12.70958,"Height":0.906923,"Demand":1.0,"DemandMax":null,"Value":11.526610422340001},{"Length":0.5067215,"Height":22.69316,"Demand":1.0,"DemandMax":null,"Value":11.499112074940001},{"Length":1.636656,"Height":7.010428,"Demand":1.0,"DemandMax":null,"Value":11.473659048768},{"Length":8.268709,"Height":1.383077,"Demand":1.0,"DemandMax":null,"Value":11.436261237592998},{"Length":2.911624,"Height":3.907744,"Demand":1.0,"DemandMax":null,"Value":11.377881216256002},{"Length":3.564905,"Height":3.181343,"Demand":1.0,"DemandMax":null,"Value":11.341185567415},{"Length":1.275181,"Height":8.893749,"Demand":1.0,"DemandMax":null,"Value":11.341139743568999},{"Length":1.109708,"Height":10.21149,"Demand":1.0,"DemandMax":null,"Value":11.331772144919999},{"Length":16.16521,"Height":0.6994191,"Demand":1.0,"DemandMax":null,"Value":11.306256629510997},{"Length":2.137688,"Height":5.256531,"Demand":1.0,"DemandMax":null,"Value":11.236823240327999},{"Length":1.957082,"Height":5.716269,"Demand":1.0,"DemandMax":null,"Value":11.187207167057998},{"Length":1.180564,"Height":9.475338,"Demand":1.0,"DemandMax":null,"Value":11.186242930632},{"Length":6.14065,"Height":1.807341,"Demand":1.0,"DemandMax":null,"Value":11.09824851165},{"Length":10.79896,"Height":1.024083,"Demand":1.0,"DemandMax":null,"Value":11.05903135368},{"Length":2.657437,"Height":4.155074,"Demand":1.0,"DemandMax":null,"Value":11.041847385337999},{"Length":6.108699,"Height":1.807341,"Demand":1.0,"DemandMax":null,"Value":11.040502159359},{"Length":3.969315,"Height":2.780841,"Demand":1.0,"DemandMax":null,"Value":11.038033893915001},{"Length":6.669864,"Height":1.651611,"Demand":1.0,"DemandMax":null,"Value":11.016020750904},{"Length":1.9345,"Height":5.676658,"Demand":1.0,"DemandMax":null,"Value":10.981494901},{"Length":0.4561041,"Height":24.05049,"Demand":1.0,"DemandMax":null,"Value":10.969527096009001},{"Length":2.40302,"Height":4.559642,"Demand":1.0,"DemandMax":null,"Value":10.956910918840002},{"Length":0.8111688,"Height":13.47688,"Demand":1.0,"DemandMax":null,"Value":10.932024577344},{"Length":2.246081,"Height":4.84487,"Demand":1.0,"DemandMax":null,"Value":10.881970454470002},{"Length":0.6092154,"Height":17.80269,"Demand":1.0,"DemandMax":null,"Value":10.845672909425998},{"Length":6.071881,"Height":1.777524,"Demand":1.0,"DemandMax":null,"Value":10.792914202644},{"Length":16.27118,"Height":0.6592376,"Demand":1.0,"DemandMax":null,"Value":10.726573652368},{"Length":19.65453,"Height":0.5425303,"Demand":1.0,"DemandMax":null,"Value":10.663178057259001},{"Length":4.444925,"Height":2.396435,"Demand":1.0,"DemandMax":null,"Value":10.651973842374998},{"Length":1.371125,"Height":7.748819,"Demand":1.0,"DemandMax":null,"Value":10.624599451375},{"Length":3.162897,"Height":3.351761,"Demand":1.0,"DemandMax":null,"Value":10.601274811617001},{"Length":0.8660141,"Height":12.1272,"Demand":1.0,"DemandMax":null,"Value":10.50232619352},{"Length":5.777533,"Height":1.798666,"Demand":1.0,"DemandMax":null,"Value":10.391852170978},{"Length":1.141619,"Height":9.099648,"Demand":1.0,"DemandMax":null,"Value":10.388331050111999},{"Length":2.245089,"Height":4.622428,"Demand":1.0,"DemandMax":null,"Value":10.377762256092002},{"Length":15.97318,"Height":0.6488473,"Demand":1.0,"DemandMax":null,"Value":10.364154715414},{"Length":1.979885,"Height":5.234166,"Demand":1.0,"DemandMax":null,"Value":10.36304675091},{"Length":12.24935,"Height":0.8456597,"Demand":1.0,"DemandMax":null,"Value":10.358781646195},{"Length":1.96456,"Height":5.256531,"Demand":1.0,"DemandMax":null,"Value":10.32677054136},{"Length":2.180181,"Height":4.736113,"Demand":1.0,"DemandMax":null,"Value":10.325583576452999},{"Length":5.238047,"Height":1.955748,"Demand":1.0,"DemandMax":null,"Value":10.244299944156},{"Length":2.206317,"Height":4.622428,"Demand":1.0,"DemandMax":null,"Value":10.198541477676},{"Length":11.00124,"Height":0.9269348,"Demand":1.0,"DemandMax":null,"Value":10.197432199151999},{"Length":0.8849712,"Height":11.52166,"Demand":1.0,"DemandMax":null,"Value":10.196337276192},{"Length":0.9251848,"Height":11.01415,"Demand":1.0,"DemandMax":null,"Value":10.19012416492},{"Length":30.66735,"Height":0.3311341,"Demand":1.0,"DemandMax":null,"Value":10.155005341634999},{"Length":11.75846,"Height":0.8614665,"Demand":1.0,"DemandMax":null,"Value":10.12951938159},{"Length":22.98411,"Height":0.4399793,"Demand":1.0,"DemandMax":null,"Value":10.112532628923},{"Length":0.895618,"Height":11.2665,"Demand":1.0,"DemandMax":null,"Value":10.090480197000002},{"Length":1.636656,"Height":6.147265,"Demand":1.0,"DemandMax":null,"Value":10.06095814584},{"Length":2.196828,"Height":4.574857,"Demand":1.0,"DemandMax":null,"Value":10.050173953596},{"Length":0.7339101,"Height":13.67853,"Demand":1.0,"DemandMax":null,"Value":10.038811320153},{"Length":1.155486,"Height":8.687662,"Demand":1.0,"DemandMax":null,"Value":10.038471813732},{"Length":1.477662,"Height":6.779376,"Demand":1.0,"DemandMax":null,"Value":10.017626298912},{"Length":0.8144069,"Height":12.22348,"Demand":1.0,"DemandMax":null,"Value":9.9548864540120015},{"Length":1.240359,"Height":7.983451,"Demand":1.0,"DemandMax":null,"Value":9.902345298909},{"Length":1.805165,"Height":5.484676,"Demand":1.0,"DemandMax":null,"Value":9.90074515154},{"Length":2.82256,"Height":3.50754,"Demand":1.0,"DemandMax":null,"Value":9.9002421024000018},{"Length":15.25621,"Height":0.6488473,"Demand":1.0,"DemandMax":null,"Value":9.898950666733},{"Length":9.912716,"Height":0.9975247,"Demand":1.0,"DemandMax":null,"Value":9.8881790540852},{"Length":0.9647558,"Height":10.21149,"Demand":1.0,"DemandMax":null,"Value":9.851594204142},{"Length":4.43338,"Height":2.221879,"Demand":1.0,"DemandMax":null,"Value":9.8504339210199987},{"Length":1.35053,"Height":7.229399,"Demand":1.0,"DemandMax":null,"Value":9.76352023147},{"Length":30.66735,"Height":0.3177132,"Demand":1.0,"DemandMax":null,"Value":9.7434219040199981},{"Length":19.0001,"Height":0.5120552,"Demand":1.0,"DemandMax":null,"Value":9.7291000055200012},{"Length":7.108656,"Height":1.361448,"Demand":1.0,"DemandMax":null,"Value":9.6780654938879991},{"Length":1.419482,"Height":6.80493,"Demand":1.0,"DemandMax":null,"Value":9.6594756462599989},{"Length":1.240359,"Height":7.766084,"Demand":1.0,"DemandMax":null,"Value":9.632732184156},{"Length":0.8144069,"Height":11.82701,"Demand":1.0,"DemandMax":null,"Value":9.631998550369},{"Length":4.444925,"Height":2.165529,"Demand":1.0,"DemandMax":null,"Value":9.6256139903249984},{"Length":9.351714,"Height":1.024083,"Demand":1.0,"DemandMax":null,"Value":9.576931328262},{"Length":1.382606,"Height":6.878043,"Demand":1.0,"DemandMax":null,"Value":9.509623520058},{"Length":1.409084,"Height":6.666687,"Demand":1.0,"DemandMax":null,"Value":9.393921984708},{"Length":1.550974,"Height":6.052049,"Demand":1.0,"DemandMax":null,"Value":9.3865706457260014},{"Length":2.291262,"Height":4.094649,"Demand":1.0,"DemandMax":null,"Value":9.3819136570380017},{"Length":1.208212,"Height":7.748819,"Demand":1.0,"DemandMax":null,"Value":9.362216101628},{"Length":0.3886926,"Height":24.05049,"Demand":1.0,"DemandMax":null,"Value":9.348247489374},{"Length":1.155486,"Height":8.086424,"Demand":1.0,"DemandMax":null,"Value":9.3437497220639987},{"Length":2.048386,"Height":4.559642,"Demand":1.0,"DemandMax":null,"Value":9.339906837812},{"Length":4.983922,"Height":1.873586,"Demand":1.0,"DemandMax":null,"Value":9.337806484291999},{"Length":0.4474114,"Height":20.83929,"Demand":1.0,"DemandMax":null,"Value":9.323735913905999},{"Length":1.369574,"Height":6.779376,"Demand":1.0,"DemandMax":null,"Value":9.284857105824},{"Length":10.64437,"Height":0.8614665,"Demand":1.0,"DemandMax":null,"Value":9.169768168605},{"Length":9.424378,"Height":0.9706373,"Demand":1.0,"DemandMax":null,"Value":9.1476528160994},{"Length":0.895618,"Height":10.11537,"Demand":1.0,"DemandMax":null,"Value":9.05950744866},{"Length":0.4464755,"Height":20.21157,"Demand":1.0,"DemandMax":null,"Value":9.023970821535},{"Length":8.268709,"Height":1.090791,"Demand":1.0,"DemandMax":null,"Value":9.019433358819},{"Length":19.20506,"Height":0.4657322,"Demand":1.0,"DemandMax":null,"Value":8.944414844932},{"Length":1.699884,"Height":5.256531,"Demand":1.0,"DemandMax":null,"Value":8.935492942404},{"Length":1.693217,"Height":5.256531,"Demand":1.0,"DemandMax":null,"Value":8.900447650227},{"Length":13.92064,"Height":0.6393403,"Demand":1.0,"DemandMax":null,"Value":8.900026153792},{"Length":12.86842,"Height":0.6908486,"Demand":1.0,"DemandMax":null,"Value":8.890129941212},{"Length":0.369437,"Height":24.05049,"Demand":1.0,"DemandMax":null,"Value":8.88514087413},{"Length":0.9968479,"Height":8.893749,"Demand":1.0,"DemandMax":null,"Value":8.8657150137771},{"Length":1.166476,"Height":7.600103,"Demand":1.0,"DemandMax":null,"Value":8.865337747028},{"Length":9.380754,"Height":0.9447095,"Demand":1.0,"DemandMax":null,"Value":8.862087420963},{"Length":19.20506,"Height":0.4596649,"Demand":1.0,"DemandMax":null,"Value":8.827891984394},{"Length":5.660206,"Height":1.556664,"Demand":1.0,"DemandMax":null,"Value":8.811038912784},{"Length":0.7246458,"Height":12.1272,"Demand":1.0,"DemandMax":null,"Value":8.787924545760001},{"Length":8.268709,"Height":1.058858,"Demand":1.0,"DemandMax":null,"Value":8.755388674322},{"Length":0.8849712,"Height":9.860214,"Demand":1.0,"DemandMax":null,"Value":8.7260054158367986},{"Length":1.647792,"Height":5.288058,"Demand":1.0,"DemandMax":null,"Value":8.713619667936},{"Length":0.3081017,"Height":28.22531,"Demand":1.0,"DemandMax":null,"Value":8.696265994027},{"Length":8.268709,"Height":1.051626,"Demand":1.0,"DemandMax":null,"Value":8.6955893708339982},{"Length":0.4053563,"Height":21.38187,"Demand":1.0,"DemandMax":null,"Value":8.667275710281},{"Length":19.20506,"Height":0.4506681,"Demand":1.0,"DemandMax":null,"Value":8.655107900586},{"Length":5.660206,"Height":1.527725,"Demand":1.0,"DemandMax":null,"Value":8.6472382113499986},{"Length":9.522295,"Height":0.906923,"Demand":1.0,"DemandMax":null,"Value":8.635988348285},{"Length":5.135262,"Height":1.680987,"Demand":1.0,"DemandMax":null,"Value":8.632308663594},{"Length":7.105977,"Height":1.214211,"Demand":1.0,"DemandMax":null,"Value":8.628155439147},{"Length":9.775523,"Height":0.8817332,"Demand":1.0,"DemandMax":null,"Value":8.6194031764636},{"Length":0.7339101,"Height":11.68651,"Demand":1.0,"DemandMax":null,"Value":8.576847722751},{"Length":18.2356,"Height":0.4694209,"Demand":1.0,"DemandMax":null,"Value":8.56017176404},{"Length":1.957082,"Height":4.359191,"Demand":1.0,"DemandMax":null,"Value":8.531294240662},{"Length":8.305268,"Height":1.024083,"Demand":1.0,"DemandMax":null,"Value":8.505283769244},{"Length":0.6695998,"Height":12.67513,"Demand":1.0,"DemandMax":null,"Value":8.487264512973999},{"Length":17.15974,"Height":0.4939636,"Demand":1.0,"DemandMax":null,"Value":8.476286945464},{"Length":0.3959813,"Height":21.38187,"Demand":1.0,"DemandMax":null,"Value":8.4668206790309988},{"Length":1.195084,"Height":7.078417,"Demand":1.0,"DemandMax":null,"Value":8.459302902028},{"Length":2.911624,"Height":2.903143,"Demand":1.0,"DemandMax":null,"Value":8.452860834232},{"Length":0.3503774,"Height":24.05049,"Demand":1.0,"DemandMax":null,"Value":8.426748154926},{"Length":2.579337,"Height":3.265335,"Demand":1.0,"DemandMax":null,"Value":8.422399382895},{"Length":8.268709,"Height":1.01832,"Demand":1.0,"DemandMax":null,"Value":8.4201917488799989},{"Length":1.155486,"Height":7.276406,"Demand":1.0,"DemandMax":null,"Value":8.407785263316},{"Length":19.8653,"Height":0.4227524,"Demand":1.0,"DemandMax":null,"Value":8.39810325172},{"Length":11.00124,"Height":0.7629284,"Demand":1.0,"DemandMax":null,"Value":8.393158431216},{"Length":0.6230925,"Height":13.45784,"Demand":1.0,"DemandMax":null,"Value":8.3854791702},{"Length":1.409084,"Height":5.948788,"Demand":1.0,"DemandMax":null,"Value":8.382341990192},{"Length":9.380754,"Height":0.8935316,"Demand":1.0,"DemandMax":null,"Value":8.3820001308264},{"Length":7.105977,"Height":1.176558,"Demand":1.0,"DemandMax":null,"Value":8.360594087166},{"Length":1.292662,"Height":6.4588,"Demand":1.0,"DemandMax":null,"Value":8.3490453256},{"Length":8.268709,"Height":1.007453,"Demand":1.0,"DemandMax":null,"Value":8.330335688177},{"Length":0.3462413,"Height":24.05049,"Demand":1.0,"DemandMax":null,"Value":8.3272729232369986},{"Length":0.2947193,"Height":28.22531,"Demand":1.0,"DemandMax":null,"Value":8.318543605483},{"Length":8.268709,"Height":1.004979,"Demand":1.0,"DemandMax":null,"Value":8.309878902111},{"Length":1.409084,"Height":5.895309,"Demand":1.0,"DemandMax":null,"Value":8.306985586956},{"Length":8.268709,"Height":1.003506,"Demand":1.0,"DemandMax":null,"Value":8.297699093754},{"Length":1.58502,"Height":5.234166,"Demand":1.0,"DemandMax":null,"Value":8.29625779332},{"Length":18.34733,"Height":0.4521126,"Demand":1.0,"DemandMax":null,"Value":8.2950590693579986},{"Length":1.080826,"Height":7.600103,"Demand":1.0,"DemandMax":null,"Value":8.214388925078},{"Length":1.170599,"Height":6.99195,"Demand":1.0,"DemandMax":null,"Value":8.18476967805},{"Length":2.911624,"Height":2.808453,"Demand":1.0,"DemandMax":null,"Value":8.1771591576720013},{"Length":12.39132,"Height":0.6592376,"Demand":1.0,"DemandMax":null,"Value":8.168824057632},{"Length":1.447473,"Height":5.641278,"Demand":1.0,"DemandMax":null,"Value":8.165597590494},{"Length":2.856721,"Height":2.852016,"Demand":1.0,"DemandMax":null,"Value":8.1474139995359991},{"Length":4.034676,"Height":2.018014,"Demand":1.0,"DemandMax":null,"Value":8.142032653464},{"Length":1.419482,"Height":5.716219,"Demand":1.0,"DemandMax":null,"Value":8.114069978558},{"Length":24.74737,"Height":0.3274126,"Demand":1.0,"DemandMax":null,"Value":8.102600754862},{"Length":12.03449,"Height":0.6715413,"Demand":1.0,"DemandMax":null,"Value":8.081657059437},{"Length":8.097071,"Height":0.9978254,"Demand":1.0,"DemandMax":null,"Value":8.0794631094033988},{"Length":1.847172,"Height":4.364413,"Demand":1.0,"DemandMax":null,"Value":8.061821490036},{"Length":25.15843,"Height":0.3203413,"Demand":1.0,"DemandMax":null,"Value":8.059284172159},{"Length":1.164741,"Height":6.900527,"Demand":1.0,"DemandMax":null,"Value":8.037326718507},{"Length":13.92064,"Height":0.576588,"Demand":1.0,"DemandMax":null,"Value":8.02647397632},{"Length":0.646091,"Height":12.39954,"Demand":1.0,"DemandMax":null,"Value":8.0112311981399991},{"Length":1.9345,"Height":4.137061,"Demand":1.0,"DemandMax":null,"Value":8.0031445045},{"Length":13.92064,"Height":0.574881,"Demand":1.0,"DemandMax":null,"Value":8.0027114438399991},{"Length":8.017851,"Height":0.9978254,"Demand":1.0,"DemandMax":null,"Value":8.0004153812154},{"Length":2.273144,"Height":3.50754,"Demand":1.0,"DemandMax":null,"Value":7.9731435057599995},{"Length":19.26996,"Height":0.4122834,"Demand":1.0,"DemandMax":null,"Value":7.9446846266640012},{"Length":0.3299622,"Height":24.05049,"Demand":1.0,"DemandMax":null,"Value":7.935752591478},{"Length":4.10253,"Height":1.932608,"Demand":1.0,"DemandMax":null,"Value":7.92858229824},{"Length":14.69143,"Height":0.5394656,"Demand":1.0,"DemandMax":null,"Value":7.925521099808},{"Length":0.7188057,"Height":11.00844,"Demand":1.0,"DemandMax":null,"Value":7.912929420108},{"Length":9.775523,"Height":0.80813,"Demand":1.0,"DemandMax":null,"Value":7.89989340199},{"Length":1.252618,"Height":6.303243,"Demand":1.0,"DemandMax":null,"Value":7.895555640174},{"Length":8.696348,"Height":0.9060989,"Demand":1.0,"DemandMax":null,"Value":7.8797513568172},{"Length":16.11492,"Height":0.4877715,"Demand":1.0,"DemandMax":null,"Value":7.8603987007800011},{"Length":19.48577,"Height":0.4028636,"Demand":1.0,"DemandMax":null,"Value":7.850107450972},{"Length":19.20506,"Height":0.4081351,"Demand":1.0,"DemandMax":null,"Value":7.8382590836059993},{"Length":1.48264,"Height":5.281332,"Demand":1.0,"DemandMax":null,"Value":7.83031407648},{"Length":0.4464755,"Height":17.53256,"Demand":1.0,"DemandMax":null,"Value":7.8278584922800007},{"Length":1.409084,"Height":5.539708,"Demand":1.0,"DemandMax":null,"Value":7.805913907472},{"Length":0.6286274,"Height":12.40123,"Demand":1.0,"DemandMax":null,"Value":7.7957529717019991},{"Length":0.7627215,"Height":10.21149,"Demand":1.0,"DemandMax":null,"Value":7.788522970035},{"Length":14.262,"Height":0.5458892,"Demand":1.0,"DemandMax":null,"Value":7.7854717704},{"Length":6.053079,"Height":1.285198,"Demand":1.0,"DemandMax":null,"Value":7.779405024642001},{"Length":2.724679,"Height":2.852016,"Demand":1.0,"DemandMax":null,"Value":7.770828102864},{"Length":1.447473,"Height":5.367165,"Demand":1.0,"DemandMax":null,"Value":7.768826424045},{"Length":0.8703647,"Height":8.902267,"Demand":1.0,"DemandMax":null,"Value":7.7482189467749},{"Length":16.37486,"Height":0.4726715,"Demand":1.0,"DemandMax":null,"Value":7.7399296384900014},{"Length":0.985424,"Height":7.846326,"Demand":1.0,"DemandMax":null,"Value":7.7319579522240005},{"Length":2.702663,"Height":2.852551,"Demand":1.0,"DemandMax":null,"Value":7.7094840433129992},{"Length":25.2748,"Height":0.3048389,"Demand":1.0,"DemandMax":null,"Value":7.70474222972},{"Length":4.198494,"Height":1.829433,"Demand":1.0,"DemandMax":null,"Value":7.6808634739020007},{"Length":2.6695,"Height":2.875235,"Demand":1.0,"DemandMax":null,"Value":7.6754398325},{"Length":0.4025981,"Height":19.03941,"Demand":1.0,"DemandMax":null,"Value":7.665230291121},{"Length":5.115604,"Height":1.49802,"Demand":1.0,"DemandMax":null,"Value":7.66327710408},{"Length":1.164741,"Height":6.576357,"Demand":1.0,"DemandMax":null,"Value":7.659752628537},{"Length":2.911624,"Height":2.629271,"Demand":1.0,"DemandMax":null,"Value":7.6554485461040009},{"Length":5.5814,"Height":1.370645,"Demand":1.0,"DemandMax":null,"Value":7.650118003},{"Length":0.3180165,"Height":24.05049,"Demand":1.0,"DemandMax":null,"Value":7.6484526530849992},{"Length":9.380754,"Height":0.8140707,"Demand":1.0,"DemandMax":null,"Value":7.6365969753078},{"Length":8.696348,"Height":0.8781014,"Demand":1.0,"DemandMax":null,"Value":7.6362753536872008},{"Length":1.451893,"Height":5.256531,"Demand":1.0,"DemandMax":null,"Value":7.6319205631830007},{"Length":0.5067215,"Height":15.05097,"Demand":1.0,"DemandMax":null,"Value":7.6266500948550009},{"Length":0.6695998,"Height":11.37537,"Demand":1.0,"DemandMax":null,"Value":7.6169454769259994},{"Length":0.3166453,"Height":24.05049,"Demand":1.0,"DemandMax":null,"Value":7.615474621197},{"Length":13.92064,"Height":0.5466915,"Demand":1.0,"DemandMax":null,"Value":7.61029556256},{"Length":5.918734,"Height":1.285198,"Demand":1.0,"DemandMax":null,"Value":7.606745099332},{"Length":1.170599,"Height":6.484935,"Demand":1.0,"DemandMax":null,"Value":7.591258426065},{"Length":24.74737,"Height":0.3065484,"Demand":1.0,"DemandMax":null,"Value":7.586266677708},{"Length":17.94246,"Height":0.4227524,"Demand":1.0,"DemandMax":null,"Value":7.585218026904},{"Length":0.4474114,"Height":16.90483,"Demand":1.0,"DemandMax":null,"Value":7.563413657062},{"Length":9.947851,"Height":0.7602299,"Demand":1.0,"DemandMax":null,"Value":7.5626537709449},{"Length":0.5610994,"Height":13.47688,"Demand":1.0,"DemandMax":null,"Value":7.561869281872},{"Length":1.99772,"Height":3.783606,"Demand":1.0,"DemandMax":null,"Value":7.5585853783199992},{"Length":8.268709,"Height":0.9138628,"Demand":1.0,"DemandMax":null,"Value":7.5564655591252},{"Length":4.12869,"Height":1.829433,"Demand":1.0,"DemandMax":null,"Value":7.55316173277},{"Length":1.48264,"Height":5.092096,"Demand":1.0,"DemandMax":null,"Value":7.54974521344},{"Length":5.818755,"Height":1.29651,"Demand":1.0,"DemandMax":null,"Value":7.54407404505},{"Length":3.33802,"Height":2.258466,"Demand":1.0,"DemandMax":null,"Value":7.53880467732},{"Length":0.4025981,"Height":18.70472,"Demand":1.0,"DemandMax":null,"Value":7.530484733032},{"Length":0.646091,"Height":11.65095,"Demand":1.0,"DemandMax":null,"Value":7.52757393645},{"Length":0.8837913,"Height":8.507254,"Demand":1.0,"DemandMax":null,"Value":7.5186370720902},{"Length":0.7933085,"Height":9.475338,"Demand":1.0,"DemandMax":null,"Value":7.516866175773},{"Length":3.33802,"Height":2.248367,"Demand":1.0,"DemandMax":null,"Value":7.5050940133400008},{"Length":25.2748,"Height":0.2963791,"Demand":1.0,"DemandMax":null,"Value":7.49092247668},{"Length":0.850786,"Height":8.798959,"Demand":1.0,"DemandMax":null,"Value":7.486031131774},{"Length":1.024183,"Height":7.297755,"Demand":1.0,"DemandMax":null,"Value":7.4742366091650005},{"Length":1.793969,"Height":4.155074,"Demand":1.0,"DemandMax":null,"Value":7.4540739487059993},{"Length":0.949076,"Height":7.846326,"Demand":1.0,"DemandMax":null,"Value":7.446759694776},{"Length":1.050997,"Height":7.078417,"Demand":1.0,"DemandMax":null,"Value":7.439395031749},{"Length":16.43489,"Height":0.4521126,"Demand":1.0,"DemandMax":null,"Value":7.4304208486139993},{"Length":0.6739356,"Height":11.00844,"Demand":1.0,"DemandMax":null,"Value":7.418979616464},{"Length":4.409907,"Height":1.680987,"Demand":1.0,"DemandMax":null,"Value":7.4129963382089992},{"Length":16.16521,"Height":0.4579253,"Demand":1.0,"DemandMax":null,"Value":7.4024586388129991},{"Length":0.9737332,"Height":7.600103,"Demand":1.0,"DemandMax":null,"Value":7.4004726145195994},{"Length":0.8703647,"Height":8.498736,"Demand":1.0,"DemandMax":null,"Value":7.3969998090191993},{"Length":8.333331,"Height":0.8875245,"Demand":1.0,"DemandMax":null,"Value":7.3960354291095},{"Length":7.413784,"Height":0.9975247,"Demand":1.0,"DemandMax":null,"Value":7.3954326604648},{"Length":8.268709,"Height":0.8942556,"Demand":1.0,"DemandMax":null,"Value":7.3943393280204},{"Length":5.424311,"Height":1.361448,"Demand":1.0,"DemandMax":null,"Value":7.384917362328},{"Length":2.800707,"Height":2.632888,"Demand":1.0,"DemandMax":null,"Value":7.373947851816},{"Length":4.983922,"Height":1.478175,"Demand":1.0,"DemandMax":null,"Value":7.36710890235},{"Length":4.375469,"Height":1.680987,"Demand":1.0,"DemandMax":null,"Value":7.355106507903},{"Length":0.3055704,"Height":24.05049,"Demand":1.0,"DemandMax":null,"Value":7.349117849496},{"Length":2.291262,"Height":3.207029,"Demand":1.0,"DemandMax":null,"Value":7.3481436805980005},{"Length":0.3054903,"Height":24.05049,"Demand":1.0,"DemandMax":null,"Value":7.347191405247},{"Length":1.345098,"Height":5.454417,"Demand":1.0,"DemandMax":null,"Value":7.336725397866},{"Length":1.387244,"Height":5.288058,"Demand":1.0,"DemandMax":null,"Value":7.335826732152},{"Length":8.268709,"Height":0.8862792,"Demand":1.0,"DemandMax":null,"Value":7.3283847975528},{"Length":18.17994,"Height":0.4028636,"Demand":1.0,"DemandMax":null,"Value":7.3240360761839991},{"Length":0.6286274,"Height":11.64926,"Demand":1.0,"DemandMax":null,"Value":7.3230440257239993},{"Length":2.780693,"Height":2.632888,"Demand":1.0,"DemandMax":null,"Value":7.3212532313839995},{"Length":8.268709,"Height":0.8836668,"Demand":1.0,"DemandMax":null,"Value":7.3067836221611993},{"Length":1.292662,"Height":5.652165,"Demand":1.0,"DemandMax":null,"Value":7.30633891323},{"Length":0.6855714,"Height":10.65466,"Demand":1.0,"DemandMax":null,"Value":7.304530172724},{"Length":1.252618,"Height":5.823961,"Demand":1.0,"DemandMax":null,"Value":7.2951983798979994},{"Length":2.6695,"Height":2.73235,"Demand":1.0,"DemandMax":null,"Value":7.294008325},{"Length":4.862259,"Height":1.49802,"Demand":1.0,"DemandMax":null,"Value":7.2837612271799994},{"Length":0.5387192,"Height":13.47688,"Demand":1.0,"DemandMax":null,"Value":7.2602540120959995},{"Length":2.911624,"Height":2.490116,"Demand":1.0,"DemandMax":null,"Value":7.2502815083840009},{"Length":0.3014149,"Height":24.05049,"Demand":1.0,"DemandMax":null,"Value":7.249176038301},{"Length":11.19307,"Height":0.6381523,"Demand":1.0,"DemandMax":null,"Value":7.142883364561},{"Length":0.7499161,"Height":9.475338,"Demand":1.0,"DemandMax":null,"Value":7.1057085191418006},{"Length":0.6137249,"Height":11.44042,"Demand":1.0,"DemandMax":null,"Value":7.021270620458},{"Length":1.441041,"Height":4.736113,"Demand":1.0,"DemandMax":null,"Value":6.8249330136329993},{"Length":9.597393,"Height":0.6994971,"Demand":1.0,"DemandMax":null,"Value":6.7133485710603},{"Length":2.225404,"Height":2.923322,"Demand":1.0,"DemandMax":null,"Value":6.5055724720880006},{"Length":17.86791,"Height":0.3594342,"Demand":1.0,"DemandMax":null,"Value":6.4223379365219992},{"Length":2.480006,"Height":2.565256,"Demand":1.0,"DemandMax":null,"Value":6.361850271536},{"Length":1.419482,"Height":4.326788,"Demand":1.0,"DemandMax":null,"Value":6.1417976838159989},{"Length":8.767312,"Height":0.6837635,"Demand":1.0,"DemandMax":null,"Value":5.994767938712},{"Length":2.132429,"Height":2.786708,"Demand":1.0,"DemandMax":null,"Value":5.942456953732},{"Length":8.758683,"Height":0.678205,"Demand":1.0,"DemandMax":null,"Value":5.940182604014999},{"Length":1.172231,"Height":4.978893,"Demand":1.0,"DemandMax":null,"Value":5.8364127202830005},{"Length":4.10253,"Height":1.419153,"Demand":1.0,"DemandMax":null,"Value":5.82211775709},{"Length":0.6142313,"Height":9.475338,"Demand":1.0,"DemandMax":null,"Value":5.820049177679401},{"Length":6.398067,"Height":0.906923,"Demand":1.0,"DemandMax":null,"Value":5.8025541178410007},{"Length":11.26466,"Height":0.5120552,"Demand":1.0,"DemandMax":null,"Value":5.768127729232},{"Length":8.401055,"Height":0.678205,"Demand":1.0,"DemandMax":null,"Value":5.6976375062749991},{"Length":1.172854,"Height":4.855597,"Demand":1.0,"DemandMax":null,"Value":5.6949063638380011},{"Length":0.6855714,"Height":8.265627,"Demand":1.0,"DemandMax":null,"Value":5.666677474267801},{"Length":1.550974,"Height":3.65157,"Demand":1.0,"DemandMax":null,"Value":5.66349012918},{"Length":1.172854,"Height":4.809115,"Demand":1.0,"DemandMax":null,"Value":5.6403897642100009},{"Length":10.97152,"Height":0.5120276,"Demand":1.0,"DemandMax":null,"Value":5.6177210539520006},{"Length":0.6028211,"Height":9.261458,"Demand":1.0,"DemandMax":null,"Value":5.5830022991638},{"Length":1.11903,"Height":4.978893,"Demand":1.0,"DemandMax":null,"Value":5.57153063379},{"Length":1.550974,"Height":3.577967,"Demand":1.0,"DemandMax":null,"Value":5.549333789858},{"Length":10.79567,"Height":0.5120276,"Demand":1.0,"DemandMax":null,"Value":5.527681000492},{"Length":0.9356312,"Height":5.893551,"Demand":1.0,"DemandMax":null,"Value":5.5141901943912},{"Length":8.604725,"Height":0.6381523,"Demand":1.0,"DemandMax":null,"Value":5.4911250496175006},{"Length":2.480006,"Height":2.170856,"Demand":1.0,"DemandMax":null,"Value":5.3837359051360005},{"Length":8.767312,"Height":0.612747,"Demand":1.0,"DemandMax":null,"Value":5.3721441260640006},{"Length":8.268709,"Height":0.6495066,"Demand":1.0,"DemandMax":null,"Value":5.3705810689794},{"Length":1.510784,"Height":3.50754,"Demand":1.0,"DemandMax":null,"Value":5.29913531136},{"Length":17.86791,"Height":0.2787181,"Demand":1.0,"DemandMax":null,"Value":4.980109926171},{"Length":0.4308714,"Height":11.44042,"Demand":1.0,"DemandMax":null,"Value":4.929349781988},{"Length":0.8974973,"Height":5.484676,"Demand":1.0,"DemandMax":null,"Value":4.9224819013748009},{"Length":9.594346,"Height":0.5120552,"Demand":1.0,"DemandMax":null,"Value":4.9128347598992006},{"Length":19.65453,"Height":0.2492145,"Demand":1.0,"DemandMax":null,"Value":4.898193866685},{"Length":1.010375,"Height":4.736113,"Demand":1.0,"DemandMax":null,"Value":4.785250172375},{"Length":1.712253,"Height":2.786708,"Demand":1.0,"DemandMax":null,"Value":4.771549133124},{"Length":18.09192,"Height":0.2626903,"Demand":1.0,"DemandMax":null,"Value":4.7525718923759994},{"Length":6.777468,"Height":0.6994971,"Demand":1.0,"DemandMax":null,"Value":4.7408192113427994},{"Length":0.6028211,"Height":7.848208,"Demand":1.0,"DemandMax":null,"Value":4.7310653795888},{"Length":3.153488,"Height":1.49802,"Demand":1.0,"DemandMax":null,"Value":4.7239880937599992},{"Length":12.24935,"Height":0.3837718,"Demand":1.0,"DemandMax":null,"Value":4.70095509833},{"Length":0.617328,"Height":7.600103,"Demand":1.0,"DemandMax":null,"Value":4.691756384784},{"Length":0.6130419,"Height":7.600103,"Demand":1.0,"DemandMax":null,"Value":4.6591815833157},{"Length":0.7790638,"Height":5.893551,"Demand":1.0,"DemandMax":null,"Value":4.5914522375538},{"Length":1.30244,"Height":3.50754,"Demand":1.0,"DemandMax":null,"Value":4.5683603976},{"Length":19.65453,"Height":0.232338,"Demand":1.0,"DemandMax":null,"Value":4.56649419114},{"Length":0.5188974,"Height":8.798959,"Demand":1.0,"DemandMax":null,"Value":4.5657569478066},{"Length":12.24935,"Height":0.3719343,"Demand":1.0,"DemandMax":null,"Value":4.555953417705},{"Length":18.09192,"Height":0.2493373,"Demand":1.0,"DemandMax":null,"Value":4.5109904846159994},{"Length":2.98357,"Height":1.49802,"Demand":1.0,"DemandMax":null,"Value":4.4694475313999993},{"Length":1.419482,"Height":3.122007,"Demand":1.0,"DemandMax":null,"Value":4.431632740374},{"Length":9.756768,"Height":0.4530891,"Demand":1.0,"DemandMax":null,"Value":4.4206852320287995},{"Length":0.6855714,"Height":6.444741,"Demand":1.0,"DemandMax":null,"Value":4.4183301100074}]}