{"Name":"Nice3_1t","Objects":[{"Length":100.0,"Height":100.0,"Stock":null,"Cost":10000.0}],"Items":[{"Length":7.158854,"Height":5.051097,"Demand":1.0,"DemandMax":null,"Value":36.160065962838004},{"Length":6.243334,"Height":5.525938,"Demand":1.0,"DemandMax":null,"Value":34.500276597292},{"Length":5.56217,"Height":5.770185,"Demand":1.0,"DemandMax":null,"Value":32.09474990145},{"Length":7.901892,"Height":3.880985,"Demand":1.0,"DemandMax":null,"Value":30.66712432362},{"Length":8.665319,"Height":3.43641,"Demand":1.0,"DemandMax":null,"Value":29.77758886479},{"Length":9.34,"Height":2.728632,"Demand":1.0,"DemandMax":null,"Value":25.48542288},{"Length":5.192828,"Height":4.743954,"Demand":1.0,"DemandMax":null,"Value":24.634537161912},{"Length":4.661701,"Height":5.181416,"Demand":1.0,"DemandMax":null,"Value":24.154212148615997},{"Length":8.694468,"Height":2.719634,"Demand":1.0,"DemandMax":null,"Value":23.645770784712003},{"Length":2.515461,"Height":9.143034,"Demand":1.0,"DemandMax":null,"Value":22.998945448674},{"Length":2.404491,"Height":9.3506,"Demand":1.0,"DemandMax":null,"Value":22.4834335446},{"Length":4.785435,"Height":4.686918,"Demand":1.0,"DemandMax":null,"Value":22.42894143933},{"Length":4.920946,"Height":4.549183,"Demand":1.0,"DemandMax":null,"Value":22.386283887118},{"Length":9.283911,"Height":2.329107,"Demand":1.0,"DemandMax":null,"Value":21.623222097477},{"Length":6.107175,"Height":3.469459,"Demand":1.0,"DemandMax":null,"Value":21.188593268325},{"Length":2.287743,"Height":9.143034,"Demand":1.0,"DemandMax":null,"Value":20.916912032261997},{"Length":3.279772,"Height":6.290373,"Demand":1.0,"DemandMax":null,"Value":20.630989234955997},{"Length":4.590697,"Height":4.493443,"Demand":1.0,"DemandMax":null,"Value":20.628035299771},{"Length":2.440952,"Height":8.423076,"Demand":1.0,"DemandMax":null,"Value":20.560324208351997},{"Length":5.494777,"Height":3.718333,"Demand":1.0,"DemandMax":null,"Value":20.431410646741},{"Length":5.001858,"Height":4.046555,"Demand":1.0,"DemandMax":null,"Value":20.24029349919},{"Length":8.694468,"Height":2.284931,"Demand":1.0,"DemandMax":null,"Value":19.866259461708},{"Length":3.508617,"Height":5.656351,"Demand":1.0,"DemandMax":null,"Value":19.845969276567},{"Length":4.114127,"Height":4.77511,"Demand":1.0,"DemandMax":null,"Value":19.64540897897},{"Length":8.028999,"Height":2.430845,"Demand":1.0,"DemandMax":null,"Value":19.517252074155003},{"Length":7.623152,"Height":2.549124,"Demand":1.0,"DemandMax":null,"Value":19.432359718848},{"Length":5.358001,"Height":3.572372,"Demand":1.0,"DemandMax":null,"Value":19.140772748372},{"Length":2.302579,"Height":8.307499,"Demand":1.0,"DemandMax":null,"Value":19.128672739921},{"Length":5.001858,"Height":3.738565,"Demand":1.0,"DemandMax":null,"Value":18.699771253770002},{"Length":3.800807,"Height":4.8706,"Demand":1.0,"DemandMax":null,"Value":18.512210574199997},{"Length":3.406017,"Height":5.399704,"Demand":1.0,"DemandMax":null,"Value":18.391483618968},{"Length":4.670912,"Height":3.929405,"Demand":1.0,"DemandMax":null,"Value":18.353904967360002},{"Length":4.038336,"Height":4.529203,"Demand":1.0,"DemandMax":null,"Value":18.290443526208},{"Length":3.763121,"Height":4.800569,"Demand":1.0,"DemandMax":null,"Value":18.065122015849},{"Length":4.133519,"Height":4.25002,"Demand":1.0,"DemandMax":null,"Value":17.56753842038},{"Length":2.877452,"Height":5.970445,"Demand":1.0,"DemandMax":null,"Value":17.179668906139998},{"Length":5.192828,"Height":3.292629,"Demand":1.0,"DemandMax":null,"Value":17.098056064812},{"Length":3.294546,"Height":5.163251,"Demand":1.0,"DemandMax":null,"Value":17.010567929046},{"Length":3.269837,"Height":5.181416,"Demand":1.0,"DemandMax":null,"Value":16.942385749192},{"Length":3.681906,"Height":4.489829,"Demand":1.0,"DemandMax":null,"Value":16.531128334074},{"Length":3.487839,"Height":4.738696,"Demand":1.0,"DemandMax":null,"Value":16.527808717944},{"Length":4.534654,"Height":3.584836,"Demand":1.0,"DemandMax":null,"Value":16.255990906744},{"Length":3.597145,"Height":4.489829,"Demand":1.0,"DemandMax":null,"Value":16.150565938205002},{"Length":3.908861,"Height":4.111134,"Demand":1.0,"DemandMax":null,"Value":16.069851358374},{"Length":4.08107,"Height":3.936982,"Demand":1.0,"DemandMax":null,"Value":16.06709913074},{"Length":3.418057,"Height":4.650134,"Demand":1.0,"DemandMax":null,"Value":15.894423069638002},{"Length":6.953567,"Height":2.282936,"Demand":1.0,"DemandMax":null,"Value":15.874548432711999},{"Length":7.831193,"Height":2.011859,"Demand":1.0,"DemandMax":null,"Value":15.755256117786999},{"Length":6.107175,"Height":2.524021,"Demand":1.0,"DemandMax":null,"Value":15.414637950674999},{"Length":3.452436,"Height":4.445077,"Demand":1.0,"DemandMax":null,"Value":15.346343857572002},{"Length":2.211033,"Height":6.928476,"Demand":1.0,"DemandMax":null,"Value":15.319089075708},{"Length":3.190433,"Height":4.800569,"Demand":1.0,"DemandMax":null,"Value":15.315893756377001},{"Length":3.089006,"Height":4.93911,"Demand":1.0,"DemandMax":null,"Value":15.25694042466},{"Length":4.714802,"Height":3.235046,"Demand":1.0,"DemandMax":null,"Value":15.252601350892},{"Length":3.00699,"Height":5.06535,"Demand":1.0,"DemandMax":null,"Value":15.2314567965},{"Length":5.969829,"Height":2.54854,"Demand":1.0,"DemandMax":null,"Value":15.21434799966},{"Length":3.240499,"Height":4.686918,"Demand":1.0,"DemandMax":null,"Value":15.187953092082001},{"Length":4.346087,"Height":3.490215,"Demand":1.0,"DemandMax":null,"Value":15.168778038705},{"Length":2.453085,"Height":6.15644,"Demand":1.0,"DemandMax":null,"Value":15.1022706174},{"Length":4.839846,"Height":3.115474,"Demand":1.0,"DemandMax":null,"Value":15.078414377003998},{"Length":4.763711,"Height":3.144314,"Demand":1.0,"DemandMax":null,"Value":14.978603189253999},{"Length":2.742018,"Height":5.423165,"Demand":1.0,"DemandMax":null,"Value":14.87041604697},{"Length":5.208516,"Height":2.851887,"Demand":1.0,"DemandMax":null,"Value":14.854099069692001},{"Length":4.897316,"Height":3.027359,"Demand":1.0,"DemandMax":null,"Value":14.825933668444002},{"Length":4.613377,"Height":3.205198,"Demand":1.0,"DemandMax":null,"Value":14.786786733646},{"Length":6.17512,"Height":2.393831,"Demand":1.0,"DemandMax":null,"Value":14.78219368472},{"Length":3.470638,"Height":4.237261,"Demand":1.0,"DemandMax":null,"Value":14.705999042518002},{"Length":3.456936,"Height":4.246443,"Demand":1.0,"DemandMax":null,"Value":14.679681678648},{"Length":3.971733,"Height":3.674508,"Demand":1.0,"DemandMax":null,"Value":14.594164682364},{"Length":1.960244,"Height":7.41653,"Demand":1.0,"DemandMax":null,"Value":14.538208433320001},{"Length":7.279052,"Height":1.990911,"Demand":1.0,"DemandMax":null,"Value":14.491944696372},{"Length":2.637178,"Height":5.481086,"Demand":1.0,"DemandMax":null,"Value":14.454599415308001},{"Length":2.764782,"Height":5.227787,"Demand":1.0,"DemandMax":null,"Value":14.453691397434},{"Length":4.303833,"Height":3.355589,"Demand":1.0,"DemandMax":null,"Value":14.441894672637},{"Length":4.654424,"Height":3.098913,"Demand":1.0,"DemandMax":null,"Value":14.423655041112},{"Length":2.271066,"Height":6.338958,"Demand":1.0,"DemandMax":null,"Value":14.396191989227999},{"Length":3.152135,"Height":4.550045,"Demand":1.0,"DemandMax":null,"Value":14.342356096075},{"Length":1.982686,"Height":7.224621,"Demand":1.0,"DemandMax":null,"Value":14.324154912006},{"Length":2.877452,"Height":4.944839,"Demand":1.0,"DemandMax":null,"Value":14.228536870228},{"Length":2.242153,"Height":6.338958,"Demand":1.0,"DemandMax":null,"Value":14.212913696574},{"Length":4.679062,"Height":3.036561,"Demand":1.0,"DemandMax":null,"Value":14.208257185782},{"Length":3.470638,"Height":4.089393,"Demand":1.0,"DemandMax":null,"Value":14.192802742734},{"Length":4.656157,"Height":3.036561,"Demand":1.0,"DemandMax":null,"Value":14.138704756077},{"Length":2.999235,"Height":4.701719,"Demand":1.0,"DemandMax":null,"Value":14.101560184964999},{"Length":5.001762,"Height":2.816366,"Demand":1.0,"DemandMax":null,"Value":14.086792436892},{"Length":3.250159,"Height":4.324989,"Demand":1.0,"DemandMax":null,"Value":14.056901923251},{"Length":2.952646,"Height":4.738696,"Demand":1.0,"DemandMax":null,"Value":13.991691789616},{"Length":4.947266,"Height":2.818085,"Demand":1.0,"DemandMax":null,"Value":13.94181610561},{"Length":7.432432,"Height":1.875265,"Demand":1.0,"DemandMax":null,"Value":13.93777959448},{"Length":7.432432,"Height":1.867264,"Demand":1.0,"DemandMax":null,"Value":13.878312706048002},{"Length":1.862525,"Height":7.436531,"Demand":1.0,"DemandMax":null,"Value":13.850724900774999},{"Length":4.910155,"Height":2.816366,"Demand":1.0,"DemandMax":null,"Value":13.828793596729998},{"Length":5.973977,"Height":2.298948,"Demand":1.0,"DemandMax":null,"Value":13.733862476196},{"Length":6.302113,"Height":2.172435,"Demand":1.0,"DemandMax":null,"Value":13.690930855155},{"Length":3.880024,"Height":3.527163,"Demand":1.0,"DemandMax":null,"Value":13.685477091912},{"Length":3.165272,"Height":4.315042,"Demand":1.0,"DemandMax":null,"Value":13.658281621423999},{"Length":3.514287,"Height":3.886344,"Demand":1.0,"DemandMax":null,"Value":13.657728196728},{"Length":4.471927,"Height":3.043813,"Demand":1.0,"DemandMax":null,"Value":13.611709537651},{"Length":5.879335,"Height":2.307016,"Demand":1.0,"DemandMax":null,"Value":13.56371991436},{"Length":2.099626,"Height":6.449468,"Demand":1.0,"DemandMax":null,"Value":13.541470698968002},{"Length":4.534654,"Height":2.982804,"Demand":1.0,"DemandMax":null,"Value":13.525984089815998},{"Length":5.649533,"Height":2.387027,"Demand":1.0,"DemandMax":null,"Value":13.485587808391},{"Length":5.491894,"Height":2.449175,"Demand":1.0,"DemandMax":null,"Value":13.45060948745},{"Length":4.660461,"Height":2.866367,"Demand":1.0,"DemandMax":null,"Value":13.358591615186999},{"Length":3.876611,"Height":3.445002,"Demand":1.0,"DemandMax":null,"Value":13.354932648222},{"Length":2.613581,"Height":5.089168,"Demand":1.0,"DemandMax":null,"Value":13.300952790608},{"Length":2.050735,"Height":6.463351,"Demand":1.0,"DemandMax":null,"Value":13.254620112985},{"Length":4.26029,"Height":3.100383,"Demand":1.0,"DemandMax":null,"Value":13.20853069107},{"Length":4.262444,"Height":3.089403,"Demand":1.0,"DemandMax":null,"Value":13.168407280932001},{"Length":2.075321,"Height":6.338958,"Demand":1.0,"DemandMax":null,"Value":13.155372655518},{"Length":4.620059,"Height":2.846941,"Demand":1.0,"DemandMax":null,"Value":13.153035389519001},{"Length":6.240113,"Height":2.097947,"Demand":1.0,"DemandMax":null,"Value":13.091426348011},{"Length":3.876498,"Height":3.354664,"Demand":1.0,"DemandMax":null,"Value":13.004348286672002},{"Length":5.879335,"Height":2.209121,"Demand":1.0,"DemandMax":null,"Value":12.988162414535001},{"Length":2.610198,"Height":4.970008,"Demand":1.0,"DemandMax":null,"Value":12.972704941584},{"Length":3.071895,"Height":4.218097,"Demand":1.0,"DemandMax":null,"Value":12.957551083815002},{"Length":5.710632,"Height":2.264361,"Demand":1.0,"DemandMax":null,"Value":12.930932386152001},{"Length":4.150777,"Height":3.107903,"Demand":1.0,"DemandMax":null,"Value":12.900212290630998},{"Length":3.497546,"Height":3.687819,"Demand":1.0,"DemandMax":null,"Value":12.898316592174},{"Length":2.26135,"Height":5.6989,"Demand":1.0,"DemandMax":null,"Value":12.887207515000002},{"Length":2.634877,"Height":4.876161,"Demand":1.0,"DemandMax":null,"Value":12.848084467197},{"Length":4.092014,"Height":3.127062,"Demand":1.0,"DemandMax":null,"Value":12.795981482868},{"Length":3.649653,"Height":3.490215,"Demand":1.0,"DemandMax":null,"Value":12.738073645395},{"Length":4.127813,"Height":3.085327,"Demand":1.0,"DemandMax":null,"Value":12.735652899850999},{"Length":3.389973,"Height":3.749523,"Demand":1.0,"DemandMax":null,"Value":12.710781732879},{"Length":4.109657,"Height":3.089403,"Demand":1.0,"DemandMax":null,"Value":12.696386664771001},{"Length":3.252751,"Height":3.894998,"Demand":1.0,"DemandMax":null,"Value":12.669458639498},{"Length":3.037189,"Height":4.169473,"Demand":1.0,"DemandMax":null,"Value":12.663477531397001},{"Length":4.197361,"Height":3.008233,"Demand":1.0,"DemandMax":null,"Value":12.626639873113},{"Length":3.071895,"Height":4.108558,"Demand":1.0,"DemandMax":null,"Value":12.621058777410001},{"Length":4.679119,"Height":2.692269,"Demand":1.0,"DemandMax":null,"Value":12.597447031011},{"Length":3.207802,"Height":3.925045,"Demand":1.0,"DemandMax":null,"Value":12.59076720109},{"Length":7.018224,"Height":1.789217,"Demand":1.0,"DemandMax":null,"Value":12.557125690608},{"Length":2.272051,"Height":5.525938,"Demand":1.0,"DemandMax":null,"Value":12.555212958837998},{"Length":3.539969,"Height":3.536339,"Demand":1.0,"DemandMax":null,"Value":12.518530433491},{"Length":4.733441,"Height":2.642951,"Demand":1.0,"DemandMax":null,"Value":12.510252624391},{"Length":4.10639,"Height":3.031632,"Demand":1.0,"DemandMax":null,"Value":12.449063328480001},{"Length":2.908499,"Height":4.275861,"Demand":1.0,"DemandMax":null,"Value":12.436337442639},{"Length":3.268758,"Height":3.802519,"Demand":1.0,"DemandMax":null,"Value":12.429514401402},{"Length":2.411353,"Height":5.151576,"Demand":1.0,"DemandMax":null,"Value":12.422268242328002},{"Length":5.322113,"Height":2.333882,"Demand":1.0,"DemandMax":null,"Value":12.421183732666},{"Length":2.032017,"Height":6.112641,"Demand":1.0,"DemandMax":null,"Value":12.420990426897001},{"Length":3.267968,"Height":3.795073,"Demand":1.0,"DemandMax":null,"Value":12.402177121664},{"Length":3.127819,"Height":3.96166,"Demand":1.0,"DemandMax":null,"Value":12.391355419540002},{"Length":4.163923,"Height":2.97505,"Demand":1.0,"DemandMax":null,"Value":12.387879121149998},{"Length":3.876498,"Height":3.195201,"Demand":1.0,"DemandMax":null,"Value":12.386190286098001},{"Length":7.018224,"Height":1.762765,"Demand":1.0,"DemandMax":null,"Value":12.37147962936},{"Length":2.185475,"Height":5.655759,"Demand":1.0,"DemandMax":null,"Value":12.360519900524999},{"Length":2.52209,"Height":4.900253,"Demand":1.0,"DemandMax":null,"Value":12.358879088770001},{"Length":4.401922,"Height":2.807194,"Demand":1.0,"DemandMax":null,"Value":12.357049026868},{"Length":3.015169,"Height":4.090364,"Demand":1.0,"DemandMax":null,"Value":12.333138731516002},{"Length":2.015038,"Height":6.112641,"Demand":1.0,"DemandMax":null,"Value":12.317203895358},{"Length":2.500341,"Height":4.924267,"Demand":1.0,"DemandMax":null,"Value":12.312346675047001},{"Length":3.54542,"Height":3.470003,"Demand":1.0,"DemandMax":null,"Value":12.30261803626},{"Length":2.764782,"Height":4.448968,"Demand":1.0,"DemandMax":null,"Value":12.300426644976},{"Length":3.548892,"Height":3.464241,"Demand":1.0,"DemandMax":null,"Value":12.294217170971999},{"Length":1.95471,"Height":6.28386,"Demand":1.0,"DemandMax":null,"Value":12.2831239806},{"Length":3.686882,"Height":3.329026,"Demand":1.0,"DemandMax":null,"Value":12.273726036932},{"Length":2.984849,"Height":4.111134,"Demand":1.0,"DemandMax":null,"Value":12.271114208765999},{"Length":3.548892,"Height":3.452523,"Demand":1.0,"DemandMax":null,"Value":12.252631254515999},{"Length":3.959858,"Height":3.091553,"Demand":1.0,"DemandMax":null,"Value":12.242110879474001},{"Length":3.200795,"Height":3.823398,"Demand":1.0,"DemandMax":null,"Value":12.237913201409999},{"Length":2.927664,"Height":4.178612,"Demand":1.0,"DemandMax":null,"Value":12.233571922368},{"Length":2.131455,"Height":5.73746,"Demand":1.0,"DemandMax":null,"Value":12.229137804299999},{"Length":4.733441,"Height":2.580958,"Demand":1.0,"DemandMax":null,"Value":12.216812416478},{"Length":3.54542,"Height":3.44532,"Demand":1.0,"DemandMax":null,"Value":12.2151064344},{"Length":2.853189,"Height":4.275861,"Demand":1.0,"DemandMax":null,"Value":12.199839570728999},{"Length":4.137563,"Height":2.947685,"Demand":1.0,"DemandMax":null,"Value":12.196232391655},{"Length":2.881315,"Height":4.221378,"Demand":1.0,"DemandMax":null,"Value":12.16311975207},{"Length":4.385713,"Height":2.769803,"Demand":1.0,"DemandMax":null,"Value":12.147561024539},{"Length":3.636165,"Height":3.337568,"Demand":1.0,"DemandMax":null,"Value":12.13594794672},{"Length":5.227359,"Height":2.321027,"Demand":1.0,"DemandMax":null,"Value":12.132841377693},{"Length":3.542902,"Height":3.424513,"Demand":1.0,"DemandMax":null,"Value":12.132713956726},{"Length":3.461474,"Height":3.495008,"Demand":1.0,"DemandMax":null,"Value":12.097879321792},{"Length":4.492973,"Height":2.692269,"Demand":1.0,"DemandMax":null,"Value":12.096291925737},{"Length":3.636165,"Height":3.323741,"Demand":1.0,"DemandMax":null,"Value":12.085670693265001},{"Length":4.465954,"Height":2.705302,"Demand":1.0,"DemandMax":null,"Value":12.081754288108},{"Length":5.192828,"Height":2.325005,"Demand":1.0,"DemandMax":null,"Value":12.07335106414},{"Length":3.549465,"Height":3.399144,"Demand":1.0,"DemandMax":null,"Value":12.065142657960001},{"Length":3.521912,"Height":3.424513,"Demand":1.0,"DemandMax":null,"Value":12.060833428856},{"Length":2.216296,"Height":5.438281,"Demand":1.0,"DemandMax":null,"Value":12.052840427176},{"Length":2.758393,"Height":4.367218,"Demand":1.0,"DemandMax":null,"Value":12.046503560674001},{"Length":1.916439,"Height":6.28386,"Demand":1.0,"DemandMax":null,"Value":12.04263437454},{"Length":6.240113,"Height":1.929104,"Demand":1.0,"DemandMax":null,"Value":12.037826948752},{"Length":4.629048,"Height":2.599865,"Demand":1.0,"DemandMax":null,"Value":12.03489987852},{"Length":4.285311,"Height":2.807445,"Demand":1.0,"DemandMax":null,"Value":12.030774940395},{"Length":2.372299,"Height":5.06535,"Demand":1.0,"DemandMax":null,"Value":12.016524739649999},{"Length":2.381946,"Height":5.034865,"Demand":1.0,"DemandMax":null,"Value":11.992776547290001},{"Length":3.961016,"Height":3.026761,"Demand":1.0,"DemandMax":null,"Value":11.989048749176},{"Length":6.518785,"Height":1.838738,"Demand":1.0,"DemandMax":null,"Value":11.98633769333},{"Length":4.660461,"Height":2.571914,"Demand":1.0,"DemandMax":null,"Value":11.986304892354},{"Length":4.289279,"Height":2.793173,"Demand":1.0,"DemandMax":null,"Value":11.980698292266998},{"Length":3.959858,"Height":3.022638,"Demand":1.0,"DemandMax":null,"Value":11.969217265404001},{"Length":6.518785,"Height":1.83577,"Demand":1.0,"DemandMax":null,"Value":11.96698993945},{"Length":2.19532,"Height":5.438281,"Demand":1.0,"DemandMax":null,"Value":11.93876704492},{"Length":2.828595,"Height":4.220678,"Demand":1.0,"DemandMax":null,"Value":11.93858868741},{"Length":3.961016,"Height":3.013034,"Demand":1.0,"DemandMax":null,"Value":11.934675882544001},{"Length":2.841735,"Height":4.199417,"Demand":1.0,"DemandMax":null,"Value":11.933630268495001},{"Length":2.128067,"Height":5.605863,"Demand":1.0,"DemandMax":null,"Value":11.929652056821002},{"Length":3.88079,"Height":3.072663,"Demand":1.0,"DemandMax":null,"Value":11.92435984377},{"Length":4.791289,"Height":2.486357,"Demand":1.0,"DemandMax":null,"Value":11.912854944172999},{"Length":3.671436,"Height":3.235046,"Demand":1.0,"DemandMax":null,"Value":11.877264346056},{"Length":2.756949,"Height":4.306591,"Demand":1.0,"DemandMax":null,"Value":11.873051750859},{"Length":2.291431,"Height":5.180968,"Demand":1.0,"DemandMax":null,"Value":11.871830685208002},{"Length":2.614069,"Height":4.535286,"Demand":1.0,"DemandMax":null,"Value":11.855550538734},{"Length":2.065906,"Height":5.73746,"Demand":1.0,"DemandMax":null,"Value":11.853053038759999},{"Length":4.59669,"Height":2.577865,"Demand":1.0,"DemandMax":null,"Value":11.84964626685},{"Length":3.497671,"Height":3.387467,"Demand":1.0,"DemandMax":null,"Value":11.848245089357},{"Length":2.460758,"Height":4.81314,"Demand":1.0,"DemandMax":null,"Value":11.843972760119998},{"Length":4.851953,"Height":2.438732,"Demand":1.0,"DemandMax":null,"Value":11.832613043596},{"Length":4.847352,"Height":2.438732,"Demand":1.0,"DemandMax":null,"Value":11.821392437663999},{"Length":3.020308,"Height":3.91329,"Demand":1.0,"DemandMax":null,"Value":11.81934109332},{"Length":2.881315,"Height":4.100826,"Demand":1.0,"DemandMax":null,"Value":11.815771466189998},{"Length":4.456613,"Height":2.650219,"Demand":1.0,"DemandMax":null,"Value":11.811000448246999},{"Length":4.575403,"Height":2.577865,"Demand":1.0,"DemandMax":null,"Value":11.794771254595},{"Length":3.464614,"Height":3.399144,"Demand":1.0,"DemandMax":null,"Value":11.776721890416},{"Length":3.025265,"Height":3.88643,"Demand":1.0,"DemandMax":null,"Value":11.75748065395},{"Length":3.599599,"Height":3.257313,"Demand":1.0,"DemandMax":null,"Value":11.725020617486999},{"Length":2.704732,"Height":4.333167,"Demand":1.0,"DemandMax":null,"Value":11.720055446244},{"Length":4.446496,"Height":2.635042,"Demand":1.0,"DemandMax":null,"Value":11.716703712831999},{"Length":4.675801,"Height":2.499087,"Demand":1.0,"DemandMax":null,"Value":11.685233493686999},{"Length":5.012443,"Height":2.327483,"Demand":1.0,"DemandMax":null,"Value":11.666375870969},{"Length":2.742018,"Height":4.25359,"Demand":1.0,"DemandMax":null,"Value":11.663420344619999},{"Length":4.482793,"Height":2.59945,"Demand":1.0,"DemandMax":null,"Value":11.65279626385},{"Length":1.998331,"Height":5.82848,"Demand":1.0,"DemandMax":null,"Value":11.64723226688},{"Length":4.654424,"Height":2.493101,"Demand":1.0,"DemandMax":null,"Value":11.603949128823999},{"Length":3.279952,"Height":3.537547,"Demand":1.0,"DemandMax":null,"Value":11.602984357744},{"Length":5.824959,"Height":1.983631,"Demand":1.0,"DemandMax":null,"Value":11.554569246128999},{"Length":3.451374,"Height":3.344513,"Demand":1.0,"DemandMax":null,"Value":11.543165210862},{"Length":5.210239,"Height":2.214804,"Demand":1.0,"DemandMax":null,"Value":11.539658178156},{"Length":2.805594,"Height":4.111134,"Demand":1.0,"DemandMax":null,"Value":11.534172883596},{"Length":6.543217,"Height":1.762713,"Demand":1.0,"DemandMax":null,"Value":11.533813667721},{"Length":4.651305,"Height":2.476416,"Demand":1.0,"DemandMax":null,"Value":11.51856612288},{"Length":2.779508,"Height":4.142446,"Demand":1.0,"DemandMax":null,"Value":11.513961796568},{"Length":3.977019,"Height":2.890404,"Demand":1.0,"DemandMax":null,"Value":11.495191625676},{"Length":2.768528,"Height":4.14952,"Demand":1.0,"DemandMax":null,"Value":11.48806230656},{"Length":2.99666,"Height":3.820766,"Demand":1.0,"DemandMax":null,"Value":11.44953664156},{"Length":2.768528,"Height":4.133091,"Demand":1.0,"DemandMax":null,"Value":11.442578160048},{"Length":4.954161,"Height":2.308035,"Demand":1.0,"DemandMax":null,"Value":11.434376983635},{"Length":3.250159,"Height":3.515904,"Demand":1.0,"DemandMax":null,"Value":11.427247028736},{"Length":2.125615,"Height":5.370011,"Demand":1.0,"DemandMax":null,"Value":11.414575931764999},{"Length":2.219938,"Height":5.128798,"Demand":1.0,"DemandMax":null,"Value":11.385613574524},{"Length":4.400466,"Height":2.576138,"Demand":1.0,"DemandMax":null,"Value":11.336207680307998},{"Length":4.446496,"Height":2.540005,"Demand":1.0,"DemandMax":null,"Value":11.294122072479999},{"Length":3.641601,"Height":3.100383,"Demand":1.0,"DemandMax":null,"Value":11.290357833183},{"Length":4.226198,"Height":2.671332,"Demand":1.0,"DemandMax":null,"Value":11.289577955736},{"Length":4.268019,"Height":2.643535,"Demand":1.0,"DemandMax":null,"Value":11.282657607165},{"Length":1.832226,"Height":6.15644,"Demand":1.0,"DemandMax":null,"Value":11.27998943544},{"Length":5.528796,"Height":2.038728,"Demand":1.0,"DemandMax":null,"Value":11.271711211487999},{"Length":4.27732,"Height":2.63517,"Demand":1.0,"DemandMax":null,"Value":11.2714653444},{"Length":1.79332,"Height":6.28386,"Demand":1.0,"DemandMax":null,"Value":11.2689718152},{"Length":6.690194,"Height":1.682339,"Demand":1.0,"DemandMax":null,"Value":11.255174283766},{"Length":3.279772,"Height":3.429373,"Demand":1.0,"DemandMax":null,"Value":11.247561542956},{"Length":5.973977,"Height":1.879429,"Demand":1.0,"DemandMax":null,"Value":11.227665619132999},{"Length":4.659496,"Height":2.409374,"Demand":1.0,"DemandMax":null,"Value":11.226468515504001},{"Length":6.690194,"Height":1.675727,"Demand":1.0,"DemandMax":null,"Value":11.210938721038},{"Length":3.142093,"Height":3.567964,"Demand":1.0,"DemandMax":null,"Value":11.210874708652},{"Length":2.778805,"Height":4.029437,"Demand":1.0,"DemandMax":null,"Value":11.197019682785},{"Length":6.309711,"Height":1.77253,"Demand":1.0,"DemandMax":null,"Value":11.18415203883},{"Length":2.444539,"Height":4.570298,"Demand":1.0,"DemandMax":null,"Value":11.172271702622},{"Length":2.669508,"Height":4.178612,"Demand":1.0,"DemandMax":null,"Value":11.154838162896},{"Length":4.412677,"Height":2.521212,"Demand":1.0,"DemandMax":null,"Value":11.125294204524},{"Length":4.434604,"Height":2.508042,"Demand":1.0,"DemandMax":null,"Value":11.122173085368},{"Length":3.569015,"Height":3.115474,"Demand":1.0,"DemandMax":null,"Value":11.11917343811},{"Length":5.959896,"Height":1.865623,"Demand":1.0,"DemandMax":null,"Value":11.118919055208},{"Length":2.718132,"Height":4.086206,"Demand":1.0,"DemandMax":null,"Value":11.106847287192},{"Length":2.800387,"Height":3.96166,"Demand":1.0,"DemandMax":null,"Value":11.094181162420002},{"Length":3.666712,"Height":3.025565,"Demand":1.0,"DemandMax":null,"Value":11.093875492279999},{"Length":3.675672,"Height":3.015695,"Demand":1.0,"DemandMax":null,"Value":11.08470567204},{"Length":2.886292,"Height":3.83562,"Demand":1.0,"DemandMax":null,"Value":11.07071932104},{"Length":2.624555,"Height":4.21657,"Demand":1.0,"DemandMax":null,"Value":11.06661987635},{"Length":5.129612,"Height":2.151761,"Demand":1.0,"DemandMax":null,"Value":11.037699046732},{"Length":5.049844,"Height":2.183512,"Demand":1.0,"DemandMax":null,"Value":11.026394972128},{"Length":4.400466,"Height":2.497238,"Demand":1.0,"DemandMax":null,"Value":10.989010912907999},{"Length":2.615472,"Height":4.199024,"Demand":1.0,"DemandMax":null,"Value":10.982429699328},{"Length":5.528796,"Height":1.980319,"Demand":1.0,"DemandMax":null,"Value":10.948779765924},{"Length":2.16733,"Height":5.037039,"Demand":1.0,"DemandMax":null,"Value":10.91692573587},{"Length":2.940073,"Height":3.712506,"Demand":1.0,"DemandMax":null,"Value":10.915038652938},{"Length":2.947381,"Height":3.701139,"Demand":1.0,"DemandMax":null,"Value":10.908666766959},{"Length":2.430638,"Height":4.487586,"Demand":1.0,"DemandMax":null,"Value":10.907697059868001},{"Length":6.461322,"Height":1.687422,"Demand":1.0,"DemandMax":null,"Value":10.902976891884},{"Length":3.063696,"Height":3.558173,"Demand":1.0,"DemandMax":null,"Value":10.901160387408002},{"Length":1.926022,"Height":5.656351,"Demand":1.0,"DemandMax":null,"Value":10.894256465722},{"Length":3.042828,"Height":3.576726,"Demand":1.0,"DemandMax":null,"Value":10.883362021128},{"Length":5.491894,"Height":1.981289,"Demand":1.0,"DemandMax":null,"Value":10.881029171366},{"Length":2.430638,"Height":4.476298,"Demand":1.0,"DemandMax":null,"Value":10.880260018124},{"Length":2.999235,"Height":3.624935,"Demand":1.0,"DemandMax":null,"Value":10.872031924725},{"Length":4.343885,"Height":2.493389,"Demand":1.0,"DemandMax":null,"Value":10.830995076265001},{"Length":2.505038,"Height":4.318702,"Demand":1.0,"DemandMax":null,"Value":10.818512620676},{"Length":2.86951,"Height":3.764998,"Demand":1.0,"DemandMax":null,"Value":10.80369941098},{"Length":3.495338,"Height":3.085327,"Demand":1.0,"DemandMax":null,"Value":10.784260705526},{"Length":2.380877,"Height":4.525618,"Demand":1.0,"DemandMax":null,"Value":10.774939806986},{"Length":1.713821,"Height":6.28386,"Demand":1.0,"DemandMax":null,"Value":10.76941122906},{"Length":5.973977,"Height":1.799968,"Demand":1.0,"DemandMax":null,"Value":10.752967432736},{"Length":5.969829,"Height":1.800947,"Demand":1.0,"DemandMax":null,"Value":10.751345628063},{"Length":2.702155,"Height":3.976399,"Demand":1.0,"DemandMax":null,"Value":10.744846439844999},{"Length":2.624555,"Height":4.090929,"Demand":1.0,"DemandMax":null,"Value":10.736868161595},{"Length":6.461322,"Height":1.661451,"Demand":1.0,"DemandMax":null,"Value":10.735169898222},{"Length":4.697813,"Height":2.282595,"Demand":1.0,"DemandMax":null,"Value":10.723204464735002},{"Length":5.403405,"Height":1.982131,"Demand":1.0,"DemandMax":null,"Value":10.710256556055},{"Length":2.548959,"Height":4.199024,"Demand":1.0,"DemandMax":null,"Value":10.703140016015999},{"Length":5.879335,"Height":1.820156,"Demand":1.0,"DemandMax":null,"Value":10.70130687626},{"Length":6.052428,"Height":1.765756,"Demand":1.0,"DemandMax":null,"Value":10.687111055568},{"Length":2.512893,"Height":4.246443,"Demand":1.0,"DemandMax":null,"Value":10.670856889599001},{"Length":4.114127,"Height":2.592335,"Demand":1.0,"DemandMax":null,"Value":10.665195416544998},{"Length":6.193061,"Height":1.721737,"Demand":1.0,"DemandMax":null,"Value":10.662822266957},{"Length":2.914536,"Height":3.652312,"Demand":1.0,"DemandMax":null,"Value":10.644794807232},{"Length":2.729676,"Height":3.894998,"Demand":1.0,"DemandMax":null,"Value":10.632082560648},{"Length":5.489933,"Height":1.936552,"Demand":1.0,"DemandMax":null,"Value":10.631540731015999},{"Length":4.706877,"Height":2.257895,"Demand":1.0,"DemandMax":null,"Value":10.627634043915},{"Length":4.083343,"Height":2.599865,"Demand":1.0,"DemandMax":null,"Value":10.616140548695},{"Length":2.280904,"Height":4.650134,"Demand":1.0,"DemandMax":null,"Value":10.606509241136001},{"Length":4.289182,"Height":2.471536,"Demand":1.0,"DemandMax":null,"Value":10.600867723552},{"Length":3.498821,"Height":3.025565,"Demand":1.0,"DemandMax":null,"Value":10.585910358865},{"Length":2.150161,"Height":4.910923,"Demand":1.0,"DemandMax":null,"Value":10.559275108603002},{"Length":2.691975,"Height":3.91713,"Demand":1.0,"DemandMax":null,"Value":10.544816031749999},{"Length":3.015169,"Height":3.495491,"Demand":1.0,"DemandMax":null,"Value":10.539496102979001},{"Length":2.833386,"Height":3.719705,"Demand":1.0,"DemandMax":null,"Value":10.53936007113},{"Length":4.620773,"Height":2.280414,"Demand":1.0,"DemandMax":null,"Value":10.537275440021999},{"Length":3.967408,"Height":2.651823,"Demand":1.0,"DemandMax":null,"Value":10.520863784783998},{"Length":3.529276,"Height":2.978494,"Demand":1.0,"DemandMax":null,"Value":10.511927390343999},{"Length":3.570056,"Height":2.944309,"Demand":1.0,"DemandMax":null,"Value":10.511348011304001},{"Length":3.56517,"Height":2.947685,"Demand":1.0,"DemandMax":null,"Value":10.50899813145},{"Length":4.001789,"Height":2.625491,"Demand":1.0,"DemandMax":null,"Value":10.506661003398998},{"Length":3.498004,"Height":2.995744,"Demand":1.0,"DemandMax":null,"Value":10.479124494976},{"Length":5.270459,"Height":1.983804,"Demand":1.0,"DemandMax":null,"Value":10.455557646035999},{"Length":2.000418,"Height":5.223909,"Demand":1.0,"DemandMax":null,"Value":10.450001593961998},{"Length":2.452047,"Height":4.261432,"Demand":1.0,"DemandMax":null,"Value":10.449231551303999},{"Length":3.250159,"Height":3.21457,"Demand":1.0,"DemandMax":null,"Value":10.44786361663},{"Length":2.168054,"Height":4.818876,"Demand":1.0,"DemandMax":null,"Value":10.447583387304002},{"Length":4.123986,"Height":2.533021,"Demand":1.0,"DemandMax":null,"Value":10.446143141706001},{"Length":2.588374,"Height":4.034755,"Demand":1.0,"DemandMax":null,"Value":10.44345493837},{"Length":5.012266,"Height":2.081618,"Demand":1.0,"DemandMax":null,"Value":10.433623126388001},{"Length":4.465954,"Height":2.329563,"Demand":1.0,"DemandMax":null,"Value":10.403721198102},{"Length":6.175178,"Height":1.684275,"Demand":1.0,"DemandMax":null,"Value":10.40069792595},{"Length":5.265814,"Height":1.973618,"Demand":1.0,"DemandMax":null,"Value":10.392705295052},{"Length":5.308199,"Height":1.95758,"Demand":1.0,"DemandMax":null,"Value":10.391224198420002},{"Length":2.062399,"Height":5.037039,"Demand":1.0,"DemandMax":null,"Value":10.388384196561},{"Length":2.947381,"Height":3.522645,"Demand":1.0,"DemandMax":null,"Value":10.382576942744999},{"Length":6.140843,"Height":1.689286,"Demand":1.0,"DemandMax":null,"Value":10.373640108098002},{"Length":4.914312,"Height":2.105744,"Demand":1.0,"DemandMax":null,"Value":10.348283008128},{"Length":3.553701,"Height":2.911746,"Demand":1.0,"DemandMax":null,"Value":10.347474671946001},{"Length":2.246095,"Height":4.587132,"Demand":1.0,"DemandMax":null,"Value":10.303134249540001},{"Length":3.279772,"Height":3.141109,"Demand":1.0,"DemandMax":null,"Value":10.302121347148},{"Length":2.274585,"Height":4.525618,"Demand":1.0,"DemandMax":null,"Value":10.29390281853},{"Length":2.702155,"Height":3.808721,"Demand":1.0,"DemandMax":null,"Value":10.291754493754999},{"Length":5.384249,"Height":1.910607,"Demand":1.0,"DemandMax":null,"Value":10.287183829142998},{"Length":3.487166,"Height":2.949766,"Demand":1.0,"DemandMax":null,"Value":10.286323703156},{"Length":2.294891,"Height":4.477246,"Demand":1.0,"DemandMax":null,"Value":10.274791550185999},{"Length":6.140843,"Height":1.66878,"Demand":1.0,"DemandMax":null,"Value":10.24771598154},{"Length":3.863786,"Height":2.651823,"Demand":1.0,"DemandMax":null,"Value":10.246076581878},{"Length":2.864084,"Height":3.576726,"Demand":1.0,"DemandMax":null,"Value":10.244043708984},{"Length":6.193061,"Height":1.652599,"Demand":1.0,"DemandMax":null,"Value":10.234646415539},{"Length":2.99666,"Height":3.406628,"Demand":1.0,"DemandMax":null,"Value":10.20850586248},{"Length":3.786524,"Height":2.695731,"Demand":1.0,"DemandMax":null,"Value":10.207450129044},{"Length":1.702956,"Height":5.993587,"Demand":1.0,"DemandMax":null,"Value":10.206814943171999},{"Length":4.607884,"Height":2.211346,"Demand":1.0,"DemandMax":null,"Value":10.189625851864},{"Length":2.218341,"Height":4.587132,"Demand":1.0,"DemandMax":null,"Value":10.175822988012001},{"Length":3.043697,"Height":3.342405,"Demand":1.0,"DemandMax":null,"Value":10.173268071285},{"Length":4.741529,"Height":2.142739,"Demand":1.0,"DemandMax":null,"Value":10.159859107931},{"Length":3.726915,"Height":2.724577,"Demand":1.0,"DemandMax":null,"Value":10.154266889955},{"Length":2.785132,"Height":3.644451,"Demand":1.0,"DemandMax":null,"Value":10.150277102532},{"Length":1.994351,"Height":5.089168,"Demand":1.0,"DemandMax":null,"Value":10.149587289968},{"Length":2.062422,"Height":4.906011,"Demand":1.0,"DemandMax":null,"Value":10.118265018642001},{"Length":2.148714,"Height":4.703765,"Demand":1.0,"DemandMax":null,"Value":10.10704570821},{"Length":4.17086,"Height":2.422586,"Demand":1.0,"DemandMax":null,"Value":10.10426704396},{"Length":4.289182,"Height":2.355017,"Demand":1.0,"DemandMax":null,"Value":10.101096526094},{"Length":4.671075,"Height":2.162215,"Demand":1.0,"DemandMax":null,"Value":10.099868431125001},{"Length":2.86951,"Height":3.519571,"Demand":1.0,"DemandMax":null,"Value":10.09944418021},{"Length":4.03659,"Height":2.499087,"Demand":1.0,"DemandMax":null,"Value":10.087789593330001},{"Length":2.045593,"Height":4.924267,"Demand":1.0,"DemandMax":null,"Value":10.073046105331002},{"Length":4.697813,"Height":2.141534,"Demand":1.0,"DemandMax":null,"Value":10.060526265142},{"Length":3.695666,"Height":2.718089,"Demand":1.0,"DemandMax":null,"Value":10.045149102274},{"Length":3.999243,"Height":2.510867,"Demand":1.0,"DemandMax":null,"Value":10.041567273681},{"Length":6.17512,"Height":1.626081,"Demand":1.0,"DemandMax":null,"Value":10.04124530472},{"Length":5.454606,"Height":1.840647,"Demand":1.0,"DemandMax":null,"Value":10.040004170082},{"Length":1.807128,"Height":5.553223,"Demand":1.0,"DemandMax":null,"Value":10.035384773544001},{"Length":2.645701,"Height":3.790322,"Demand":1.0,"DemandMax":null,"Value":10.028058705722},{"Length":4.460733,"Height":2.247868,"Demand":1.0,"DemandMax":null,"Value":10.027138967244001},{"Length":2.247446,"Height":4.461295,"Demand":1.0,"DemandMax":null,"Value":10.02651960257},{"Length":3.617229,"Height":2.769803,"Demand":1.0,"DemandMax":null,"Value":10.019011735887},{"Length":2.409091,"Height":4.154185,"Demand":1.0,"DemandMax":null,"Value":10.007809695835},{"Length":3.263005,"Height":3.064763,"Demand":1.0,"DemandMax":null,"Value":10.000336992815},{"Length":3.726915,"Height":2.682951,"Demand":1.0,"DemandMax":null,"Value":9.999130326165},{"Length":5.489933,"Height":1.820599,"Demand":1.0,"DemandMax":null,"Value":9.994966529867},{"Length":4.434604,"Height":2.253854,"Demand":1.0,"DemandMax":null,"Value":9.9949499638160013},{"Length":3.195186,"Height":3.127062,"Demand":1.0,"DemandMax":null,"Value":9.991544723532},{"Length":5.192828,"Height":1.921527,"Demand":1.0,"DemandMax":null,"Value":9.978159208356},{"Length":3.65259,"Height":2.730498,"Demand":1.0,"DemandMax":null,"Value":9.97338968982},{"Length":2.093293,"Height":4.763336,"Demand":1.0,"DemandMax":null,"Value":9.971057905448},{"Length":4.462566,"Height":2.233191,"Demand":1.0,"DemandMax":null,"Value":9.965762228106},{"Length":5.995217,"Height":1.661816,"Demand":1.0,"DemandMax":null,"Value":9.962947534072},{"Length":2.635005,"Height":3.780948,"Demand":1.0,"DemandMax":null,"Value":9.96281688474},{"Length":3.512195,"Height":2.831714,"Demand":1.0,"DemandMax":null,"Value":9.94553175223},{"Length":3.610175,"Height":2.754104,"Demand":1.0,"DemandMax":null,"Value":9.9427974081999988},{"Length":5.384249,"Height":1.846544,"Demand":1.0,"DemandMax":null,"Value":9.942252685456},{"Length":5.340284,"Height":1.860414,"Demand":1.0,"DemandMax":null,"Value":9.935139117576},{"Length":2.62815,"Height":3.778052,"Demand":1.0,"DemandMax":null,"Value":9.9292873638000021},{"Length":4.460733,"Height":2.224832,"Demand":1.0,"DemandMax":null,"Value":9.924381521856},{"Length":5.129612,"Height":1.934446,"Demand":1.0,"DemandMax":null,"Value":9.922957414952},{"Length":4.038336,"Height":2.456106,"Demand":1.0,"DemandMax":null,"Value":9.9185812796160011},{"Length":3.543317,"Height":2.798669,"Demand":1.0,"DemandMax":null,"Value":9.916571445073},{"Length":2.195193,"Height":4.51278,"Demand":1.0,"DemandMax":null,"Value":9.9064230665400022},{"Length":1.737893,"Height":5.6989,"Demand":1.0,"DemandMax":null,"Value":9.9040784177},{"Length":2.940073,"Height":3.362759,"Demand":1.0,"DemandMax":null,"Value":9.886756941407},{"Length":4.482793,"Height":2.201119,"Demand":1.0,"DemandMax":null,"Value":9.867160845367},{"Length":3.436177,"Height":2.871458,"Demand":1.0,"DemandMax":null,"Value":9.866837936066},{"Length":3.072716,"Height":3.203491,"Demand":1.0,"DemandMax":null,"Value":9.843418051556},{"Length":3.071055,"Height":3.203677,"Demand":1.0,"DemandMax":null,"Value":9.8386682692349989},{"Length":5.098117,"Height":1.929191,"Demand":1.0,"DemandMax":null,"Value":9.835241433347},{"Length":2.600062,"Height":3.778052,"Demand":1.0,"DemandMax":null,"Value":9.823169439224},{"Length":3.54542,"Height":2.770522,"Demand":1.0,"DemandMax":null,"Value":9.82266410924},{"Length":3.695915,"Height":2.65636,"Demand":1.0,"DemandMax":null,"Value":9.817680769399999},{"Length":3.053403,"Height":3.21285,"Demand":1.0,"DemandMax":null,"Value":9.81012582855},{"Length":5.879335,"Height":1.667544,"Demand":1.0,"DemandMax":null,"Value":9.80404980324},{"Length":4.197361,"Height":2.335044,"Demand":1.0,"DemandMax":null,"Value":9.801022618884},{"Length":2.154988,"Height":4.547765,"Demand":1.0,"DemandMax":null,"Value":9.80037900182},{"Length":2.409091,"Height":4.06728,"Demand":1.0,"DemandMax":null,"Value":9.7984476424800011},{"Length":2.404862,"Height":4.072599,"Demand":1.0,"DemandMax":null,"Value":9.7940385763380018},{"Length":1.991871,"Height":4.910923,"Demand":1.0,"DemandMax":null,"Value":9.781925106933},{"Length":3.403491,"Height":2.866898,"Demand":1.0,"DemandMax":null,"Value":9.757461540918},{"Length":3.73727,"Height":2.605653,"Demand":1.0,"DemandMax":null,"Value":9.73802878731},{"Length":2.362815,"Height":4.112535,"Demand":1.0,"DemandMax":null,"Value":9.717159386025001},{"Length":4.812168,"Height":2.016464,"Demand":1.0,"DemandMax":null,"Value":9.703563533952},{"Length":2.94905,"Height":3.2868,"Demand":1.0,"DemandMax":null,"Value":9.69293754},{"Length":5.340284,"Height":1.813908,"Demand":1.0,"DemandMax":null,"Value":9.686783869872},{"Length":2.925258,"Height":3.310679,"Demand":1.0,"DemandMax":null,"Value":9.684590230182},{"Length":4.590697,"Height":2.108052,"Demand":1.0,"DemandMax":null,"Value":9.6774279922439987},{"Length":2.601331,"Height":3.718333,"Demand":1.0,"DemandMax":null,"Value":9.672614901223},{"Length":4.03765,"Height":2.394435,"Demand":1.0,"DemandMax":null,"Value":9.6678904777500012},{"Length":2.462862,"Height":3.925274,"Demand":1.0,"DemandMax":null,"Value":9.667408174188},{"Length":2.890267,"Height":3.344513,"Demand":1.0,"DemandMax":null,"Value":9.666535554971},{"Length":3.497546,"Height":2.761648,"Demand":1.0,"DemandMax":null,"Value":9.658990915808},{"Length":2.992795,"Height":3.226727,"Demand":1.0,"DemandMax":null,"Value":9.656932431965},{"Length":4.953828,"Height":1.949252,"Demand":1.0,"DemandMax":null,"Value":9.6562591366559989},{"Length":2.837585,"Height":3.399144,"Demand":1.0,"DemandMax":null,"Value":9.64536002724},{"Length":2.886292,"Height":3.340592,"Demand":1.0,"DemandMax":null,"Value":9.641923964864},{"Length":5.995217,"Height":1.607838,"Demand":1.0,"DemandMax":null,"Value":9.639337710846},{"Length":3.118049,"Height":3.089403,"Demand":1.0,"DemandMax":null,"Value":9.632909934747},{"Length":5.049844,"Height":1.902695,"Demand":1.0,"DemandMax":null,"Value":9.60831292958},{"Length":2.417565,"Height":3.97386,"Demand":1.0,"DemandMax":null,"Value":9.6070648509},{"Length":3.081289,"Height":3.115474,"Demand":1.0,"DemandMax":null,"Value":9.599675765986},{"Length":2.580827,"Height":3.718197,"Demand":1.0,"DemandMax":null,"Value":9.596023208919},{"Length":2.704732,"Height":3.546095,"Demand":1.0,"DemandMax":null,"Value":9.59123662154},{"Length":5.192828,"Height":1.845574,"Demand":1.0,"DemandMax":null,"Value":9.583748343272001},{"Length":4.607884,"Height":2.078363,"Demand":1.0,"DemandMax":null,"Value":9.576855613892},{"Length":1.90061,"Height":5.037039,"Demand":1.0,"DemandMax":null,"Value":9.57344669379},{"Length":2.935261,"Height":3.257313,"Demand":1.0,"DemandMax":null,"Value":9.561063813693},{"Length":4.101981,"Height":2.33057,"Demand":1.0,"DemandMax":null,"Value":9.55995385917},{"Length":6.052428,"Height":1.578757,"Demand":1.0,"DemandMax":null,"Value":9.555313071996},{"Length":6.175178,"Height":1.546975,"Demand":1.0,"DemandMax":null,"Value":9.55284598655},{"Length":3.624571,"Height":2.63517,"Demand":1.0,"DemandMax":null,"Value":9.55136076207},{"Length":4.34482,"Height":2.194706,"Demand":1.0,"DemandMax":null,"Value":9.5356025229200014},{"Length":2.576292,"Height":3.700929,"Demand":1.0,"DemandMax":null,"Value":9.534673775268},{"Length":3.453946,"Height":2.755338,"Demand":1.0,"DemandMax":null,"Value":9.516788663748},{"Length":1.99541,"Height":4.763336,"Demand":1.0,"DemandMax":null,"Value":9.50480828776},{"Length":2.328209,"Height":4.081243,"Demand":1.0,"DemandMax":null,"Value":9.501986683787},{"Length":3.313315,"Height":2.866898,"Demand":1.0,"DemandMax":null,"Value":9.49893614687},{"Length":3.883314,"Height":2.445199,"Demand":1.0,"DemandMax":null,"Value":9.495475509486},{"Length":5.633482,"Height":1.683839,"Demand":1.0,"DemandMax":null,"Value":9.485876697398},{"Length":2.296826,"Height":4.128452,"Demand":1.0,"DemandMax":null,"Value":9.482335893352},{"Length":2.645701,"Height":3.583617,"Demand":1.0,"DemandMax":null,"Value":9.4811790805169984},{"Length":2.60054,"Height":3.644451,"Demand":1.0,"DemandMax":null,"Value":9.4775406035400014},{"Length":2.599412,"Height":3.644451,"Demand":1.0,"DemandMax":null,"Value":9.473429662812},{"Length":4.517142,"Height":2.096647,"Demand":1.0,"DemandMax":null,"Value":9.4708522228739991},{"Length":5.454606,"Height":1.73608,"Demand":1.0,"DemandMax":null,"Value":9.46963238448},{"Length":2.327253,"Height":4.068332,"Demand":1.0,"DemandMax":null,"Value":9.468037851995998},{"Length":2.293162,"Height":4.128452,"Demand":1.0,"DemandMax":null,"Value":9.4672092452240015},{"Length":4.590697,"Height":2.061997,"Demand":1.0,"DemandMax":null,"Value":9.4660034419089989},{"Length":2.616604,"Height":3.617249,"Demand":1.0,"DemandMax":null,"Value":9.4649082023960016},{"Length":3.906441,"Height":2.422586,"Demand":1.0,"DemandMax":null,"Value":9.463689276425999},{"Length":1.826465,"Height":5.18123,"Demand":1.0,"DemandMax":null,"Value":9.4633352519500011},{"Length":3.379169,"Height":2.798669,"Demand":1.0,"DemandMax":null,"Value":9.457175526061},{"Length":5.198279,"Height":1.818932,"Demand":1.0,"DemandMax":null,"Value":9.455316018028},{"Length":3.858144,"Height":2.45021,"Demand":1.0,"DemandMax":null,"Value":9.45326301024},{"Length":5.710632,"Height":1.652768,"Demand":1.0,"DemandMax":null,"Value":9.4383498293760013},{"Length":5.105576,"Height":1.847256,"Demand":1.0,"DemandMax":null,"Value":9.431305899456},{"Length":3.148477,"Height":2.994763,"Demand":1.0,"DemandMax":null,"Value":9.428942425951},{"Length":3.539969,"Height":2.661972,"Demand":1.0,"DemandMax":null,"Value":9.423298358868001},{"Length":3.745143,"Height":2.515412,"Demand":1.0,"DemandMax":null,"Value":9.420577643916},{"Length":4.056551,"Height":2.321027,"Demand":1.0,"DemandMax":null,"Value":9.415364397877},{"Length":3.263005,"Height":2.881734,"Demand":1.0,"DemandMax":null,"Value":9.40311245067},{"Length":3.546328,"Height":2.650219,"Demand":1.0,"DemandMax":null,"Value":9.3985458458319986},{"Length":5.625367,"Height":1.669602,"Demand":1.0,"DemandMax":null,"Value":9.392123993934},{"Length":3.77369,"Height":2.488576,"Demand":1.0,"DemandMax":null,"Value":9.3911143654400018},{"Length":2.264912,"Height":4.142446,"Demand":1.0,"DemandMax":null,"Value":9.3822756547519983},{"Length":3.459677,"Height":2.711091,"Demand":1.0,"DemandMax":null,"Value":9.379499177607},{"Length":1.577255,"Height":5.946497,"Demand":1.0,"DemandMax":null,"Value":9.3791421257350009},{"Length":2.544061,"Height":3.686109,"Demand":1.0,"DemandMax":null,"Value":9.3776861486490013},{"Length":1.827117,"Height":5.128798,"Demand":1.0,"DemandMax":null,"Value":9.370914015366},{"Length":4.013107,"Height":2.333882,"Demand":1.0,"DemandMax":null,"Value":9.366118191374},{"Length":3.312856,"Height":2.825722,"Demand":1.0,"DemandMax":null,"Value":9.3612100820319988},{"Length":1.805095,"Height":5.18123,"Demand":1.0,"DemandMax":null,"Value":9.35261236685},{"Length":4.954161,"Height":1.886929,"Demand":1.0,"DemandMax":null,"Value":9.348150061569001},{"Length":1.918508,"Height":4.872253,"Demand":1.0,"DemandMax":null,"Value":9.347456358524},{"Length":3.858144,"Height":2.422394,"Demand":1.0,"DemandMax":null,"Value":9.345944876736},{"Length":2.516078,"Height":3.714277,"Demand":1.0,"DemandMax":null,"Value":9.345410645606},{"Length":4.153601,"Height":2.248881,"Demand":1.0,"DemandMax":null,"Value":9.340954370481},{"Length":4.741529,"Height":1.969796,"Demand":1.0,"DemandMax":null,"Value":9.339844858084},{"Length":2.541171,"Height":3.674322,"Demand":1.0,"DemandMax":null,"Value":9.337080511062},{"Length":2.227054,"Height":4.188814,"Demand":1.0,"DemandMax":null,"Value":9.3287149739559982},{"Length":1.982008,"Height":4.703765,"Demand":1.0,"DemandMax":null,"Value":9.32289986012},{"Length":2.379514,"Height":3.91713,"Demand":1.0,"DemandMax":null,"Value":9.3208656748199985},{"Length":1.647368,"Height":5.655759,"Demand":1.0,"DemandMax":null,"Value":9.3171163923119984},{"Length":4.10639,"Height":2.268481,"Demand":1.0,"DemandMax":null,"Value":9.31526769359},{"Length":2.350317,"Height":3.963398,"Demand":1.0,"DemandMax":null,"Value":9.315241697166},{"Length":2.462862,"Height":3.782183,"Demand":1.0,"DemandMax":null,"Value":9.3149947877459986},{"Length":2.616604,"Height":3.558964,"Demand":1.0,"DemandMax":null,"Value":9.3123994382560014},{"Length":4.049057,"Height":2.298866,"Demand":1.0,"DemandMax":null,"Value":9.308239469362},{"Length":2.502056,"Height":3.718333,"Demand":1.0,"DemandMax":null,"Value":9.303477392648},{"Length":4.935866,"Height":1.882735,"Demand":1.0,"DemandMax":null,"Value":9.29292767351},{"Length":3.570056,"Height":2.600964,"Demand":1.0,"DemandMax":null,"Value":9.285587133984},{"Length":2.429503,"Height":3.821151,"Demand":1.0,"DemandMax":null,"Value":9.283497817953},{"Length":2.149386,"Height":4.318702,"Demand":1.0,"DemandMax":null,"Value":9.282557616972},{"Length":3.73727,"Height":2.483386,"Demand":1.0,"DemandMax":null,"Value":9.28108399622},{"Length":3.408297,"Height":2.722682,"Demand":1.0,"DemandMax":null,"Value":9.279708892554},{"Length":1.547792,"Height":5.993587,"Demand":1.0,"DemandMax":null,"Value":9.276826009904},{"Length":2.417565,"Height":3.835979,"Demand":1.0,"DemandMax":null,"Value":9.273728571135},{"Length":3.529276,"Height":2.627369,"Demand":1.0,"DemandMax":null,"Value":9.272710354844},{"Length":2.245988,"Height":4.128452,"Demand":1.0,"DemandMax":null,"Value":9.272453650576},{"Length":4.130722,"Height":2.244258,"Demand":1.0,"DemandMax":null,"Value":9.270405894276},{"Length":2.690026,"Height":3.443869,"Demand":1.0,"DemandMax":null,"Value":9.2640971505939991},{"Length":4.150788,"Height":2.231782,"Demand":1.0,"DemandMax":null,"Value":9.2636539442160011},{"Length":2.327253,"Height":3.977992,"Demand":1.0,"DemandMax":null,"Value":9.257793815976},{"Length":3.275684,"Height":2.825722,"Demand":1.0,"DemandMax":null,"Value":9.256172343848},{"Length":2.863817,"Height":3.23125,"Demand":1.0,"DemandMax":null,"Value":9.25370868125},{"Length":4.250741,"Height":2.176079,"Demand":1.0,"DemandMax":null,"Value":9.2499482245389988},{"Length":4.620059,"Height":2.000444,"Demand":1.0,"DemandMax":null,"Value":9.242169306196},{"Length":5.969829,"Height":1.547904,"Demand":1.0,"DemandMax":null,"Value":9.240722188416},{"Length":5.995217,"Height":1.541277,"Demand":1.0,"DemandMax":null,"Value":9.240290072109},{"Length":3.516372,"Height":2.625491,"Demand":1.0,"DemandMax":null,"Value":9.2322030386519991},{"Length":2.328209,"Height":3.965081,"Demand":1.0,"DemandMax":null,"Value":9.2315372699290013},{"Length":3.54542,"Height":2.603288,"Demand":1.0,"DemandMax":null,"Value":9.22974934096},{"Length":4.289182,"Height":2.150942,"Demand":1.0,"DemandMax":null,"Value":9.2257817094440018},{"Length":2.714053,"Height":3.399144,"Demand":1.0,"DemandMax":null,"Value":9.2254569706319991},{"Length":1.630175,"Height":5.656351,"Demand":1.0,"DemandMax":null,"Value":9.2208419914249991},{"Length":1.660127,"Height":5.553223,"Demand":1.0,"DemandMax":null,"Value":9.219055439321},{"Length":5.959896,"Height":1.546366,"Demand":1.0,"DemandMax":null,"Value":9.216180537936},{"Length":2.758393,"Height":3.340239,"Demand":1.0,"DemandMax":null,"Value":9.213691875927},{"Length":5.098117,"Height":1.807059,"Demand":1.0,"DemandMax":null,"Value":9.212598207903},{"Length":3.163105,"Height":2.911746,"Demand":1.0,"DemandMax":null,"Value":9.21015833133},{"Length":3.343391,"Height":2.754104,"Demand":1.0,"DemandMax":null,"Value":9.208046526663999},{"Length":4.812168,"Height":1.912942,"Demand":1.0,"DemandMax":null,"Value":9.2053982782559984},{"Length":5.403405,"Height":1.703448,"Demand":1.0,"DemandMax":null,"Value":9.20441944044},{"Length":3.462938,"Height":2.65636,"Demand":1.0,"DemandMax":null,"Value":9.1988099856799987},{"Length":3.838828,"Height":2.39554,"Demand":1.0,"DemandMax":null,"Value":9.19606602712},{"Length":4.791289,"Height":1.918828,"Demand":1.0,"DemandMax":null,"Value":9.193659489292},{"Length":1.6958,"Height":5.420377,"Demand":1.0,"DemandMax":null,"Value":9.1918753166000009},{"Length":2.516078,"Height":3.653168,"Demand":1.0,"DemandMax":null,"Value":9.1916556351039986},{"Length":3.573673,"Height":2.571748,"Demand":1.0,"DemandMax":null,"Value":9.1905863904039986},{"Length":4.10639,"Height":2.237837,"Demand":1.0,"DemandMax":null,"Value":9.18943147843},{"Length":5.528796,"Height":1.661846,"Demand":1.0,"DemandMax":null,"Value":9.1880075174159987},{"Length":2.155886,"Height":4.261432,"Demand":1.0,"DemandMax":null,"Value":9.1871615887520015},{"Length":5.995217,"Height":1.532019,"Demand":1.0,"DemandMax":null,"Value":9.184786353123},{"Length":3.285926,"Height":2.793616,"Demand":1.0,"DemandMax":null,"Value":9.179615448416},{"Length":2.495343,"Height":3.674322,"Demand":1.0,"DemandMax":null,"Value":9.1686936824460012},{"Length":1.733518,"Height":5.288493,"Demand":1.0,"DemandMax":null,"Value":9.167697808374},{"Length":3.025265,"Height":3.030334,"Demand":1.0,"DemandMax":null,"Value":9.16756338851},{"Length":5.270459,"Height":1.739189,"Demand":1.0,"DemandMax":null,"Value":9.166324317751},{"Length":2.250599,"Height":4.072599,"Demand":1.0,"DemandMax":null,"Value":9.165787236801},{"Length":3.170248,"Height":2.890404,"Demand":1.0,"DemandMax":null,"Value":9.163297500192},{"Length":2.396376,"Height":3.823398,"Demand":1.0,"DemandMax":null,"Value":9.162299205648},{"Length":2.614533,"Height":3.503992,"Demand":1.0,"DemandMax":null,"Value":9.1613027157360012},{"Length":4.267012,"Height":2.146678,"Demand":1.0,"DemandMax":null,"Value":9.1599007861360011},{"Length":1.96947,"Height":4.650134,"Demand":1.0,"DemandMax":null,"Value":9.1582994089800014},{"Length":4.34464,"Height":2.106477,"Demand":1.0,"DemandMax":null,"Value":9.15188423328},{"Length":2.99966,"Height":3.046812,"Demand":1.0,"DemandMax":null,"Value":9.13940008392},{"Length":3.633147,"Height":2.515412,"Demand":1.0,"DemandMax":null,"Value":9.138861561564001},{"Length":2.457575,"Height":3.718197,"Demand":1.0,"DemandMax":null,"Value":9.137747992275},{"Length":2.778986,"Height":3.2868,"Demand":1.0,"DemandMax":null,"Value":9.1339711848},{"Length":3.453946,"Height":2.644366,"Demand":1.0,"DemandMax":null,"Value":9.1334973682360019},{"Length":2.21196,"Height":4.128452,"Demand":1.0,"DemandMax":null,"Value":9.13197068592},{"Length":1.812751,"Height":5.037039,"Demand":1.0,"DemandMax":null,"Value":9.1308974842890009},{"Length":4.083314,"Height":2.235975,"Demand":1.0,"DemandMax":null,"Value":9.1301880211499977},{"Length":2.434986,"Height":3.749523,"Demand":1.0,"DemandMax":null,"Value":9.130036011678},{"Length":5.308199,"Height":1.716881,"Demand":1.0,"DemandMax":null,"Value":9.113546007319},{"Length":1.532014,"Height":5.946497,"Demand":1.0,"DemandMax":null,"Value":9.110116654958},{"Length":2.449183,"Height":3.718197,"Demand":1.0,"DemandMax":null,"Value":9.106544883051},{"Length":1.678267,"Height":5.425608,"Demand":1.0,"DemandMax":null,"Value":9.105618861336},{"Length":1.639447,"Height":5.553223,"Demand":1.0,"DemandMax":null,"Value":9.104214787681},{"Length":2.544061,"Height":3.578295,"Demand":1.0,"DemandMax":null,"Value":9.103400755995},{"Length":3.695666,"Height":2.463141,"Demand":1.0,"DemandMax":null,"Value":9.102946446906},{"Length":3.249398,"Height":2.801081,"Demand":1.0,"DemandMax":null,"Value":9.101826999238},{"Length":4.101981,"Height":2.218614,"Demand":1.0,"DemandMax":null,"Value":9.1007124743340011},{"Length":3.142093,"Height":2.895387,"Demand":1.0,"DemandMax":null,"Value":9.097575224991},{"Length":2.524455,"Height":3.60201,"Demand":1.0,"DemandMax":null,"Value":9.09311215455},{"Length":2.833386,"Height":3.208771,"Demand":1.0,"DemandMax":null,"Value":9.091686828606},{"Length":3.838828,"Height":2.367796,"Demand":1.0,"DemandMax":null,"Value":9.089561583087999},{"Length":4.023573,"Height":2.257895,"Demand":1.0,"DemandMax":null,"Value":9.084805358835},{"Length":2.291431,"Height":3.962066,"Demand":1.0,"DemandMax":null,"Value":9.0788008564460014},{"Length":4.34464,"Height":2.088487,"Demand":1.0,"DemandMax":null,"Value":9.0737241596800011},{"Length":1.861547,"Height":4.872253,"Demand":1.0,"DemandMax":null,"Value":9.069927955391},{"Length":4.130722,"Height":2.195011,"Demand":1.0,"DemandMax":null,"Value":9.0669802279419986},{"Length":2.974317,"Height":3.046628,"Demand":1.0,"DemandMax":null,"Value":9.061637453076},{"Length":4.935866,"Height":1.835462,"Demand":1.0,"DemandMax":null,"Value":9.0595944800919987},{"Length":2.99966,"Height":3.018429,"Demand":1.0,"DemandMax":null,"Value":9.05426073414},{"Length":4.226198,"Height":2.141578,"Demand":1.0,"DemandMax":null,"Value":9.050732660444},{"Length":2.660492,"Height":3.400805,"Demand":1.0,"DemandMax":null,"Value":9.04781449606},{"Length":4.268019,"Height":2.119801,"Demand":1.0,"DemandMax":null,"Value":9.047350944219},{"Length":3.492103,"Height":2.590755,"Demand":1.0,"DemandMax":null,"Value":9.0471833077650015},{"Length":2.625944,"Height":3.445002,"Demand":1.0,"DemandMax":null,"Value":9.046382331888001},{"Length":1.551756,"Height":5.82848,"Demand":1.0,"DemandMax":null,"Value":9.04437881088},{"Length":3.633961,"Height":2.488576,"Demand":1.0,"DemandMax":null,"Value":9.0433881295360017},{"Length":5.824959,"Height":1.551416,"Demand":1.0,"DemandMax":null,"Value":9.0369345919439983},{"Length":2.818548,"Height":3.205198,"Demand":1.0,"DemandMax":null,"Value":9.034004412504},{"Length":2.101309,"Height":4.298734,"Demand":1.0,"DemandMax":null,"Value":9.032968442806},{"Length":5.633482,"Height":1.602961,"Demand":1.0,"DemandMax":null,"Value":9.030251940202},{"Length":4.620059,"Height":1.954504,"Demand":1.0,"DemandMax":null,"Value":9.0299237957360017},{"Length":2.576711,"Height":3.503992,"Demand":1.0,"DemandMax":null,"Value":9.028774730312},{"Length":3.484854,"Height":2.590475,"Demand":1.0,"DemandMax":null,"Value":9.02742716565},{"Length":2.42775,"Height":3.718197,"Demand":1.0,"DemandMax":null,"Value":9.02685276675},{"Length":3.071055,"Height":2.93881,"Demand":1.0,"DemandMax":null,"Value":9.02524714455},{"Length":3.072716,"Height":2.937071,"Demand":1.0,"DemandMax":null,"Value":9.0247850548359985},{"Length":2.194457,"Height":4.112535,"Demand":1.0,"DemandMax":null,"Value":9.024781218495},{"Length":3.483576,"Height":2.590475,"Demand":1.0,"DemandMax":null,"Value":9.0241165386},{"Length":1.983528,"Height":4.549183,"Demand":1.0,"DemandMax":null,"Value":9.023431857624},{"Length":4.150788,"Height":2.173403,"Demand":1.0,"DemandMax":null,"Value":9.0213350915640014},{"Length":4.400466,"Height":2.049638,"Demand":1.0,"DemandMax":null,"Value":9.0193623313079989},{"Length":3.581796,"Height":2.517125,"Demand":1.0,"DemandMax":null,"Value":9.0158282565},{"Length":4.105752,"Height":2.194706,"Demand":1.0,"DemandMax":null,"Value":9.010918548912},{"Length":2.096052,"Height":4.298734,"Demand":1.0,"DemandMax":null,"Value":9.0103699981679988},{"Length":2.109066,"Height":4.272172,"Demand":1.0,"DemandMax":null,"Value":9.010292711352},{"Length":1.980006,"Height":4.549183,"Demand":1.0,"DemandMax":null,"Value":9.007409635098},{"Length":3.476326,"Height":2.590755,"Demand":1.0,"DemandMax":null,"Value":9.00630896613},{"Length":1.70266,"Height":5.288493,"Demand":1.0,"DemandMax":null,"Value":9.00450549138},{"Length":2.647707,"Height":3.400805,"Demand":1.0,"DemandMax":null,"Value":9.004335204135},{"Length":2.808169,"Height":3.205198,"Demand":1.0,"DemandMax":null,"Value":9.000737662462},{"Length":3.211923,"Height":2.801081,"Demand":1.0,"DemandMax":null,"Value":8.996856488763},{"Length":2.778805,"Height":3.234966,"Demand":1.0,"DemandMax":null,"Value":8.9893396956300009},{"Length":3.908777,"Height":2.298866,"Demand":1.0,"DemandMax":null,"Value":8.985754546882},{"Length":4.400466,"Height":2.041667,"Demand":1.0,"DemandMax":null,"Value":8.984286216822},{"Length":2.227054,"Height":4.032651,"Demand":1.0,"DemandMax":null,"Value":8.980931540154},{"Length":2.272102,"Height":3.95263,"Demand":1.0,"DemandMax":null,"Value":8.98077852826},{"Length":4.183561,"Height":2.146678,"Demand":1.0,"DemandMax":null,"Value":8.980758360358001},{"Length":3.268758,"Height":2.747346,"Demand":1.0,"DemandMax":null,"Value":8.9804092162679989},{"Length":3.780656,"Height":2.374998,"Demand":1.0,"DemandMax":null,"Value":8.979050438688},{"Length":2.265429,"Height":3.963398,"Demand":1.0,"DemandMax":null,"Value":8.978796767742},{"Length":2.974317,"Height":3.018612,"Demand":1.0,"DemandMax":null,"Value":8.978308988004},{"Length":2.634877,"Height":3.40645,"Demand":1.0,"DemandMax":null,"Value":8.97557675665},{"Length":1.654252,"Height":5.425608,"Demand":1.0,"DemandMax":null,"Value":8.975322885216},{"Length":3.56547,"Height":2.517125,"Demand":1.0,"DemandMax":null,"Value":8.97473367375},{"Length":5.969829,"Height":1.503196,"Demand":1.0,"DemandMax":null,"Value":8.9738230734839988},{"Length":3.949628,"Height":2.271582,"Demand":1.0,"DemandMax":null,"Value":8.971903871496},{"Length":1.716714,"Height":5.223909,"Demand":1.0,"DemandMax":null,"Value":8.967957715026},{"Length":5.969829,"Height":1.500734,"Demand":1.0,"DemandMax":null,"Value":8.959125354486},{"Length":4.914489,"Height":1.816442,"Demand":1.0,"DemandMax":null,"Value":8.9268842281379985},{"Length":4.250741,"Height":2.099782,"Demand":1.0,"DemandMax":null,"Value":8.9256294384619981},{"Length":3.656004,"Height":2.43462,"Demand":1.0,"DemandMax":null,"Value":8.90098045848},{"Length":3.141955,"Height":2.832577,"Demand":1.0,"DemandMax":null,"Value":8.899829468035},{"Length":3.089006,"Height":2.877952,"Demand":1.0,"DemandMax":null,"Value":8.890010995712},{"Length":3.512195,"Height":2.52367,"Demand":1.0,"DemandMax":null,"Value":8.8636211556500015},{"Length":1.580625,"Height":5.605863,"Demand":1.0,"DemandMax":null,"Value":8.860767204375},{"Length":4.083314,"Height":2.16921,"Demand":1.0,"DemandMax":null,"Value":8.85756556194},{"Length":4.163923,"Height":2.123902,"Demand":1.0,"DemandMax":null,"Value":8.843764387545999},{"Length":2.913778,"Height":3.027359,"Demand":1.0,"DemandMax":null,"Value":8.821052052302},{"Length":3.037189,"Height":2.903302,"Demand":1.0,"DemandMax":null,"Value":8.8178768980780013},{"Length":4.868259,"Height":1.809981,"Demand":1.0,"DemandMax":null,"Value":8.811456293079},{"Length":3.306147,"Height":2.658178,"Demand":1.0,"DemandMax":null,"Value":8.788327220166},{"Length":3.250586,"Height":2.700646,"Demand":1.0,"DemandMax":null,"Value":8.778682078556},{"Length":3.743769,"Height":2.343249,"Demand":1.0,"DemandMax":null,"Value":8.772582965481},{"Length":2.247446,"Height":3.902502,"Demand":1.0,"DemandMax":null,"Value":8.770662509892},{"Length":5.45297,"Height":1.607276,"Demand":1.0,"DemandMax":null,"Value":8.764427809719999},{"Length":3.33764,"Height":2.624171,"Demand":1.0,"DemandMax":null,"Value":8.75853809644},{"Length":2.636912,"Height":3.310679,"Demand":1.0,"DemandMax":null,"Value":8.729969183248},{"Length":2.460758,"Height":3.547292,"Demand":1.0,"DemandMax":null,"Value":8.729027167336},{"Length":5.625367,"Height":1.546595,"Demand":1.0,"DemandMax":null,"Value":8.700164475365},{"Length":3.642074,"Height":2.387027,"Demand":1.0,"DemandMax":null,"Value":8.6937289739979988},{"Length":3.02712,"Height":2.856666,"Demand":1.0,"DemandMax":null,"Value":8.647470781920001},{"Length":2.52209,"Height":3.42195,"Demand":1.0,"DemandMax":null,"Value":8.6304658754999988},{"Length":3.16586,"Height":2.722682,"Demand":1.0,"DemandMax":null,"Value":8.6196300365199985},{"Length":4.343885,"Height":1.979311,"Demand":1.0,"DemandMax":null,"Value":8.5978993632350011},{"Length":4.03765,"Height":2.127461,"Demand":1.0,"DemandMax":null,"Value":8.58994290665},{"Length":2.195193,"Height":3.910296,"Demand":1.0,"DemandMax":null,"Value":8.5838544071280012},{"Length":5.528796,"Height":1.542892,"Demand":1.0,"DemandMax":null,"Value":8.530335118032},{"Length":1.738384,"Height":4.906011,"Demand":1.0,"DemandMax":null,"Value":8.528531026224},{"Length":3.870961,"Height":2.196739,"Demand":1.0,"DemandMax":null,"Value":8.503490996179},{"Length":3.02712,"Height":2.799093,"Demand":1.0,"DemandMax":null,"Value":8.47319040216},{"Length":2.912946,"Height":2.906633,"Demand":1.0,"DemandMax":null,"Value":8.466864970818},{"Length":2.451641,"Height":3.443695,"Demand":1.0,"DemandMax":null,"Value":8.442703853494999},{"Length":3.084932,"Height":2.730498,"Demand":1.0,"DemandMax":null,"Value":8.423400656136},{"Length":3.688253,"Height":2.280414,"Demand":1.0,"DemandMax":null,"Value":8.410743776742},{"Length":3.921643,"Height":2.138408,"Demand":1.0,"DemandMax":null,"Value":8.386072764344},{"Length":5.45297,"Height":1.537038,"Demand":1.0,"DemandMax":null,"Value":8.3814221028599984},{"Length":3.067736,"Height":2.730498,"Demand":1.0,"DemandMax":null,"Value":8.3764470125279988},{"Length":2.297642,"Height":3.644451,"Demand":1.0,"DemandMax":null,"Value":8.3736436845420013},{"Length":2.143626,"Height":3.901023,"Demand":1.0,"DemandMax":null,"Value":8.362334329398},{"Length":4.254868,"Height":1.958602,"Demand":1.0,"DemandMax":null,"Value":8.333592974536},{"Length":2.062932,"Height":4.034755,"Demand":1.0,"DemandMax":null,"Value":8.32342520166},{"Length":4.201569,"Height":1.98093,"Demand":1.0,"DemandMax":null,"Value":8.3230140791700009},{"Length":3.637685,"Height":2.286727,"Demand":1.0,"DemandMax":null,"Value":8.318392506995},{"Length":3.412247,"Height":2.435129,"Demand":1.0,"DemandMax":null,"Value":8.309261624863},{"Length":2.437123,"Height":3.409245,"Demand":1.0,"DemandMax":null,"Value":8.308749402135},{"Length":3.498396,"Height":2.374998,"Demand":1.0,"DemandMax":null,"Value":8.308683503208},{"Length":3.289939,"Height":2.520008,"Demand":1.0,"DemandMax":null,"Value":8.290672599512},{"Length":3.820822,"Height":2.16581,"Demand":1.0,"DemandMax":null,"Value":8.27517449582},{"Length":2.571964,"Height":3.21285,"Demand":1.0,"DemandMax":null,"Value":8.2633345374},{"Length":4.133519,"Height":1.994502,"Demand":1.0,"DemandMax":null,"Value":8.2443119125379987},{"Length":3.531524,"Height":2.33409,"Demand":1.0,"DemandMax":null,"Value":8.242894853160001},{"Length":3.436177,"Height":2.395497,"Demand":1.0,"DemandMax":null,"Value":8.231351694969},{"Length":5.012266,"Height":1.641375,"Demand":1.0,"DemandMax":null,"Value":8.22700810575},{"Length":2.618625,"Height":3.13925,"Demand":1.0,"DemandMax":null,"Value":8.22051853125},{"Length":3.020308,"Height":2.720736,"Demand":1.0,"DemandMax":null,"Value":8.217460706688},{"Length":2.154988,"Height":3.812667,"Demand":1.0,"DemandMax":null,"Value":8.2162516329959985},{"Length":2.74211,"Height":2.995744,"Demand":1.0,"DemandMax":null,"Value":8.21465957984},{"Length":4.464437,"Height":1.836719,"Demand":1.0,"DemandMax":null,"Value":8.199916262203},{"Length":4.651305,"Height":1.760048,"Demand":1.0,"DemandMax":null,"Value":8.18652006264},{"Length":1.624038,"Height":5.037039,"Demand":1.0,"DemandMax":null,"Value":8.180342743482},{"Length":2.811422,"Height":2.906633,"Demand":1.0,"DemandMax":null,"Value":8.171771962126},{"Length":4.534654,"Height":1.796156,"Demand":1.0,"DemandMax":null,"Value":8.144945990024},{"Length":1.576701,"Height":5.163251,"Demand":1.0,"DemandMax":null,"Value":8.1409030149509984},{"Length":2.366933,"Height":3.43641,"Demand":1.0,"DemandMax":null,"Value":8.13375223053},{"Length":2.648579,"Height":3.069583,"Demand":1.0,"DemandMax":null,"Value":8.130033072557},{"Length":3.01296,"Height":2.696473,"Demand":1.0,"DemandMax":null,"Value":8.12436529008},{"Length":4.591476,"Height":1.769039,"Demand":1.0,"DemandMax":null,"Value":8.1225001115640012},{"Length":3.88079,"Height":2.090588,"Demand":1.0,"DemandMax":null,"Value":8.11313300452},{"Length":2.272102,"Height":3.566885,"Demand":1.0,"DemandMax":null,"Value":8.10432654227},{"Length":3.378932,"Height":2.397921,"Demand":1.0,"DemandMax":null,"Value":8.102412000372},{"Length":1.464418,"Height":5.525938,"Demand":1.0,"DemandMax":null,"Value":8.092283074084},{"Length":3.87261,"Height":2.085909,"Demand":1.0,"DemandMax":null,"Value":8.07791205249},{"Length":4.253038,"Height":1.897679,"Demand":1.0,"DemandMax":null,"Value":8.070900898802},{"Length":2.647181,"Height":3.048074,"Demand":1.0,"DemandMax":null,"Value":8.068803579394},{"Length":2.759318,"Height":2.908466,"Demand":1.0,"DemandMax":null,"Value":8.025382586188},{"Length":4.315017,"Height":1.859662,"Demand":1.0,"DemandMax":null,"Value":8.024473144254},{"Length":3.001747,"Height":2.671383,"Demand":1.0,"DemandMax":null,"Value":8.018815906101},{"Length":4.02732,"Height":1.990843,"Demand":1.0,"DemandMax":null,"Value":8.01776183076},{"Length":4.914312,"Height":1.630506,"Demand":1.0,"DemandMax":null,"Value":8.012815201872},{"Length":3.368101,"Height":2.374119,"Demand":1.0,"DemandMax":null,"Value":7.9962725780189992},{"Length":4.10639,"Height":1.945877,"Demand":1.0,"DemandMax":null,"Value":7.9905298540300009},{"Length":3.686882,"Height":2.167043,"Demand":1.0,"DemandMax":null,"Value":7.989631829926001},{"Length":2.060784,"Height":3.873644,"Demand":1.0,"DemandMax":null,"Value":7.982743576896},{"Length":4.462566,"Height":1.78672,"Demand":1.0,"DemandMax":null,"Value":7.97335592352},{"Length":2.090033,"Height":3.795073,"Demand":1.0,"DemandMax":null,"Value":7.931827807409},{"Length":1.428157,"Height":5.553223,"Demand":1.0,"DemandMax":null,"Value":7.9308743000109994},{"Length":3.436177,"Height":2.305407,"Demand":1.0,"DemandMax":null,"Value":7.921786509039},{"Length":2.920343,"Height":2.712168,"Demand":1.0,"DemandMax":null,"Value":7.920460833624},{"Length":2.437123,"Height":3.24849,"Demand":1.0,"DemandMax":null,"Value":7.9169696942700005},{"Length":1.571342,"Height":5.037039,"Demand":1.0,"DemandMax":null,"Value":7.914910936338},{"Length":1.488788,"Height":5.308031,"Demand":1.0,"DemandMax":null,"Value":7.9025328564279995},{"Length":2.776585,"Height":2.83394,"Demand":1.0,"DemandMax":null,"Value":7.8686752949},{"Length":3.458023,"Height":2.271582,"Demand":1.0,"DemandMax":null,"Value":7.8551828023859995},{"Length":3.096888,"Height":2.535134,"Demand":1.0,"DemandMax":null,"Value":7.851026062992},{"Length":3.628504,"Height":2.16316,"Demand":1.0,"DemandMax":null,"Value":7.84903471264},{"Length":2.009975,"Height":3.901023,"Demand":1.0,"DemandMax":null,"Value":7.8409587044249989},{"Length":3.096888,"Height":2.530216,"Demand":1.0,"DemandMax":null,"Value":7.8357955678079989},{"Length":3.930514,"Height":1.990843,"Demand":1.0,"DemandMax":null,"Value":7.8250362833019995},{"Length":3.520211,"Height":2.214804,"Demand":1.0,"DemandMax":null,"Value":7.796577403644},{"Length":3.292763,"Height":2.364577,"Demand":1.0,"DemandMax":null,"Value":7.785991656251},{"Length":2.065459,"Height":3.768897,"Demand":1.0,"DemandMax":null,"Value":7.784502228723},{"Length":1.890178,"Height":4.116525,"Demand":1.0,"DemandMax":null,"Value":7.78096499145},{"Length":3.961016,"Height":1.961057,"Demand":1.0,"DemandMax":null,"Value":7.767778153912},{"Length":1.444442,"Height":5.370011,"Demand":1.0,"DemandMax":null,"Value":7.756669428862},{"Length":2.737381,"Height":2.832577,"Demand":1.0,"DemandMax":null,"Value":7.753842460837},{"Length":4.464437,"Height":1.736067,"Demand":1.0,"DemandMax":null,"Value":7.7505617492790009},{"Length":2.065459,"Height":3.750617,"Demand":1.0,"DemandMax":null,"Value":7.746745638203},{"Length":2.558442,"Height":3.027359,"Demand":1.0,"DemandMax":null,"Value":7.745322414678},{"Length":2.648579,"Height":2.924003,"Demand":1.0,"DemandMax":null,"Value":7.7444529417369994},{"Length":4.253038,"Height":1.820655,"Demand":1.0,"DemandMax":null,"Value":7.74331489989},{"Length":4.254868,"Height":1.819449,"Demand":1.0,"DemandMax":null,"Value":7.741515327732},{"Length":4.315017,"Height":1.79265,"Demand":1.0,"DemandMax":null,"Value":7.7353152250500008},{"Length":3.378932,"Height":2.288997,"Demand":1.0,"DemandMax":null,"Value":7.7343652112040004},{"Length":3.380538,"Height":2.286727,"Demand":1.0,"DemandMax":null,"Value":7.730367519126},{"Length":2.886055,"Height":2.675437,"Demand":1.0,"DemandMax":null,"Value":7.721458331035},{"Length":4.123986,"Height":1.872164,"Demand":1.0,"DemandMax":null,"Value":7.720778125704},{"Length":5.198279,"Height":1.484457,"Demand":1.0,"DemandMax":null,"Value":7.716621649503},{"Length":1.440125,"Height":5.355384,"Demand":1.0,"DemandMax":null,"Value":7.7124223830000007},{"Length":3.560784,"Height":2.16316,"Demand":1.0,"DemandMax":null,"Value":7.70254551744},{"Length":3.152092,"Height":2.443113,"Demand":1.0,"DemandMax":null,"Value":7.700916942396},{"Length":3.16191,"Height":2.435129,"Demand":1.0,"DemandMax":null,"Value":7.69965873639},{"Length":2.715309,"Height":2.83394,"Demand":1.0,"DemandMax":null,"Value":7.69502278746},{"Length":2.877588,"Height":2.671383,"Demand":1.0,"DemandMax":null,"Value":7.6871396642039995},{"Length":4.880522,"Height":1.571938,"Demand":1.0,"DemandMax":null,"Value":7.671877991636},{"Length":2.982019,"Height":2.570881,"Demand":1.0,"DemandMax":null,"Value":7.6664159887390007},{"Length":4.027678,"Height":1.901151,"Demand":1.0,"DemandMax":null,"Value":7.6572240573779995},{"Length":3.505416,"Height":2.1767,"Demand":1.0,"DemandMax":null,"Value":7.6302390071999993},{"Length":3.856519,"Height":1.965292,"Demand":1.0,"DemandMax":null,"Value":7.579185938548},{"Length":2.522675,"Height":3.002562,"Demand":1.0,"DemandMax":null,"Value":7.57448809335},{"Length":3.738944,"Height":2.020565,"Demand":1.0,"DemandMax":null,"Value":7.55477938336},{"Length":4.868259,"Height":1.545608,"Demand":1.0,"DemandMax":null,"Value":7.5244200564720005},{"Length":3.090781,"Height":2.428766,"Demand":1.0,"DemandMax":null,"Value":7.5067838062459993},{"Length":4.684751,"Height":1.596849,"Demand":1.0,"DemandMax":null,"Value":7.4808399495990008},{"Length":1.897901,"Height":3.941569,"Demand":1.0,"DemandMax":null,"Value":7.480707746669},{"Length":3.573673,"Height":2.091935,"Demand":1.0,"DemandMax":null,"Value":7.4758916272549989},{"Length":3.152092,"Height":2.369797,"Demand":1.0,"DemandMax":null,"Value":7.4698181653240008},{"Length":2.325624,"Height":3.205198,"Demand":1.0,"DemandMax":null,"Value":7.454085393552},{"Length":2.305393,"Height":3.226727,"Demand":1.0,"DemandMax":null,"Value":7.438873838711},{"Length":3.03044,"Height":2.443786,"Demand":1.0,"DemandMax":null,"Value":7.4057468458399995},{"Length":1.505446,"Height":4.910118,"Demand":1.0,"DemandMax":null,"Value":7.391917502628},{"Length":4.446496,"Height":1.659341,"Demand":1.0,"DemandMax":null,"Value":7.378253119136},{"Length":3.03044,"Height":2.428468,"Demand":1.0,"DemandMax":null,"Value":7.35932656592},{"Length":1.482259,"Height":4.964289,"Demand":1.0,"DemandMax":null,"Value":7.358362048851},{"Length":3.639346,"Height":2.020565,"Demand":1.0,"DemandMax":null,"Value":7.35353515049},{"Length":2.13941,"Height":3.43641,"Demand":1.0,"DemandMax":null,"Value":7.3518899180999995},{"Length":2.405697,"Height":3.055642,"Demand":1.0,"DemandMax":null,"Value":7.350948792474},{"Length":5.198279,"Height":1.411743,"Demand":1.0,"DemandMax":null,"Value":7.3386339902970006},{"Length":5.265814,"Height":1.386593,"Demand":1.0,"DemandMax":null,"Value":7.301540831702},{"Length":2.997226,"Height":2.43462,"Demand":1.0,"DemandMax":null,"Value":7.2971063641199994},{"Length":3.221633,"Height":2.26461,"Demand":1.0,"DemandMax":null,"Value":7.2957423081299995},{"Length":5.0231,"Height":1.452131,"Demand":1.0,"DemandMax":null,"Value":7.2941992261000008},{"Length":3.221633,"Height":2.257286,"Demand":1.0,"DemandMax":null,"Value":7.2721470680380005},{"Length":1.357391,"Height":5.355384,"Demand":1.0,"DemandMax":null,"Value":7.269350043144},{"Length":3.111892,"Height":2.33409,"Demand":1.0,"DemandMax":null,"Value":7.2634359982800012},{"Length":1.409421,"Height":5.151576,"Demand":1.0,"DemandMax":null,"Value":7.2607393974960006},{"Length":2.331815,"Height":3.110896,"Demand":1.0,"DemandMax":null,"Value":7.2540339562400007},{"Length":2.687409,"Height":2.69468,"Demand":1.0,"DemandMax":null,"Value":7.24170728412},{"Length":2.945109,"Height":2.454172,"Demand":1.0,"DemandMax":null,"Value":7.227804044747999},{"Length":2.444539,"Height":2.949216,"Demand":1.0,"DemandMax":null,"Value":7.209473531423999},{"Length":5.191244,"Height":1.385444,"Demand":1.0,"DemandMax":null,"Value":7.192177852336},{"Length":5.265718,"Height":1.364313,"Demand":1.0,"DemandMax":null,"Value":7.184087521734},{"Length":4.153601,"Height":1.729358,"Demand":1.0,"DemandMax":null,"Value":7.183063118158},{"Length":3.805138,"Height":1.887259,"Demand":1.0,"DemandMax":null,"Value":7.181280936742},{"Length":2.571338,"Height":2.792007,"Demand":1.0,"DemandMax":null,"Value":7.1791936953659992},{"Length":2.823561,"Height":2.54204,"Demand":1.0,"DemandMax":null,"Value":7.177605004440001},{"Length":4.964651,"Height":1.445406,"Demand":1.0,"DemandMax":null,"Value":7.175936343306},{"Length":4.684751,"Height":1.530213,"Demand":1.0,"DemandMax":null,"Value":7.168666881963},{"Length":3.686882,"Height":1.940462,"Demand":1.0,"DemandMax":null,"Value":7.154254419484},{"Length":2.449198,"Height":2.908466,"Demand":1.0,"DemandMax":null,"Value":7.1234091102680006},{"Length":2.527029,"Height":2.814084,"Demand":1.0,"DemandMax":null,"Value":7.111271876436},{"Length":2.545897,"Height":2.793173,"Demand":1.0,"DemandMax":null,"Value":7.111130761181},{"Length":3.855018,"Height":1.842281,"Demand":1.0,"DemandMax":null,"Value":7.102026416058},{"Length":5.19099,"Height":1.366458,"Demand":1.0,"DemandMax":null,"Value":7.09326981342},{"Length":2.985332,"Height":2.375513,"Demand":1.0,"DemandMax":null,"Value":7.0916949753160008},{"Length":5.265718,"Height":1.3461,"Demand":1.0,"DemandMax":null,"Value":7.0881829998},{"Length":2.520565,"Height":2.807194,"Demand":1.0,"DemandMax":null,"Value":7.07571494461},{"Length":5.265814,"Height":1.338678,"Demand":1.0,"DemandMax":null,"Value":7.049229353892},{"Length":3.33764,"Height":2.110039,"Demand":1.0,"DemandMax":null,"Value":7.04255056796},{"Length":2.601755,"Height":2.701927,"Demand":1.0,"DemandMax":null,"Value":7.0297520818849994},{"Length":4.201569,"Height":1.671382,"Demand":1.0,"DemandMax":null,"Value":7.0224267983579995},{"Length":2.335997,"Height":3.005291,"Demand":1.0,"DemandMax":null,"Value":7.020350760127},{"Length":3.279952,"Height":2.138053,"Demand":1.0,"DemandMax":null,"Value":7.0127112134560008},{"Length":1.423894,"Height":4.924267,"Demand":1.0,"DemandMax":null,"Value":7.0116342356980006},{"Length":1.870322,"Height":3.743987,"Demand":1.0,"DemandMax":null,"Value":7.002461253814},{"Length":1.562569,"Height":4.478917,"Demand":1.0,"DemandMax":null,"Value":6.998616857773},{"Length":2.744668,"Height":2.549271,"Demand":1.0,"DemandMax":null,"Value":6.996902537028},{"Length":5.265814,"Height":1.325484,"Demand":1.0,"DemandMax":null,"Value":6.979752203976},{"Length":3.152135,"Height":2.213561,"Demand":1.0,"DemandMax":null,"Value":6.9774431027349992},{"Length":3.087978,"Height":2.258636,"Demand":1.0,"DemandMax":null,"Value":6.974618278008},{"Length":3.152135,"Height":2.209859,"Demand":1.0,"DemandMax":null,"Value":6.9657738989649989},{"Length":1.414897,"Height":4.910118,"Demand":1.0,"DemandMax":null,"Value":6.947311227846},{"Length":4.880522,"Height":1.422824,"Demand":1.0,"DemandMax":null,"Value":6.9441238341280007},{"Length":1.697396,"Height":4.086206,"Demand":1.0,"DemandMax":null,"Value":6.9359097195759993},{"Length":4.235461,"Height":1.636615,"Demand":1.0,"DemandMax":null,"Value":6.931819004515},{"Length":3.880024,"Height":1.785994,"Demand":1.0,"DemandMax":null,"Value":6.929699583856},{"Length":3.786524,"Height":1.830051,"Demand":1.0,"DemandMax":null,"Value":6.929532032724},{"Length":1.343657,"Height":5.151576,"Demand":1.0,"DemandMax":null,"Value":6.9219511534320013},{"Length":2.614069,"Height":2.645191,"Demand":1.0,"DemandMax":null,"Value":6.9147117921790011},{"Length":2.571338,"Height":2.689079,"Demand":1.0,"DemandMax":null,"Value":6.914531017702},{"Length":2.945109,"Height":2.346397,"Demand":1.0,"DemandMax":null,"Value":6.910394922273},{"Length":2.54868,"Height":2.711091,"Demand":1.0,"DemandMax":null,"Value":6.9097034098800005},{"Length":1.870322,"Height":3.692544,"Demand":1.0,"DemandMax":null,"Value":6.906246279168},{"Length":3.087978,"Height":2.235912,"Demand":1.0,"DemandMax":null,"Value":6.904447065936},{"Length":5.19099,"Height":1.328222,"Demand":1.0,"DemandMax":null,"Value":6.89478711978},{"Length":2.828595,"Height":2.437058,"Demand":1.0,"DemandMax":null,"Value":6.8934500735099995},{"Length":2.858664,"Height":2.409374,"Demand":1.0,"DemandMax":null,"Value":6.8875907163360006},{"Length":2.134244,"Height":3.226727,"Demand":1.0,"DemandMax":null,"Value":6.8866227393879988},{"Length":2.894004,"Height":2.375513,"Demand":1.0,"DemandMax":null,"Value":6.874744124052},{"Length":3.461474,"Height":1.984306,"Demand":1.0,"DemandMax":null,"Value":6.8686236270439993},{"Length":3.279952,"Height":2.093043,"Demand":1.0,"DemandMax":null,"Value":6.8650805739360008},{"Length":2.456431,"Height":2.793173,"Demand":1.0,"DemandMax":null,"Value":6.861236745563},{"Length":4.401629,"Height":1.557332,"Demand":1.0,"DemandMax":null,"Value":6.8547976938279991},{"Length":2.618625,"Height":2.610561,"Demand":1.0,"DemandMax":null,"Value":6.8360802986250011},{"Length":1.525409,"Height":4.478917,"Demand":1.0,"DemandMax":null,"Value":6.8321803020530005},{"Length":2.426799,"Height":2.814084,"Demand":1.0,"DemandMax":null,"Value":6.8292162371159995},{"Length":2.610198,"Height":2.615847,"Demand":1.0,"DemandMax":null,"Value":6.827878607706},{"Length":4.964651,"Height":1.372679,"Demand":1.0,"DemandMax":null,"Value":6.814872170029},{"Length":2.679335,"Height":2.54204,"Demand":1.0,"DemandMax":null,"Value":6.8109767434},{"Length":3.616769,"Height":1.883109,"Demand":1.0,"DemandMax":null,"Value":6.810770254821},{"Length":1.751527,"Height":3.886344,"Demand":1.0,"DemandMax":null,"Value":6.807036447288},{"Length":1.829599,"Height":3.719954,"Demand":1.0,"DemandMax":null,"Value":6.8060241184459995},{"Length":3.921643,"Height":1.735237,"Demand":1.0,"DemandMax":null,"Value":6.804980034391},{"Length":3.805138,"Height":1.78725,"Demand":1.0,"DemandMax":null,"Value":6.8007328905},{"Length":5.191244,"Height":1.308876,"Demand":1.0,"DemandMax":null,"Value":6.794694681744},{"Length":2.614069,"Height":2.596133,"Demand":1.0,"DemandMax":null,"Value":6.786470795177},{"Length":2.25753,"Height":3.002562,"Demand":1.0,"DemandMax":null,"Value":6.7783737918600009},{"Length":4.038336,"Height":1.677444,"Demand":1.0,"DemandMax":null,"Value":6.774082493184},{"Length":3.820822,"Height":1.771172,"Demand":1.0,"DemandMax":null,"Value":6.767332943384},{"Length":2.503821,"Height":2.701927,"Demand":1.0,"DemandMax":null,"Value":6.7651415630669991},{"Length":4.133519,"Height":1.634741,"Demand":1.0,"DemandMax":null,"Value":6.757232983579},{"Length":2.67989,"Height":2.520008,"Demand":1.0,"DemandMax":null,"Value":6.75334423912},{"Length":2.210048,"Height":3.055642,"Demand":1.0,"DemandMax":null,"Value":6.7531154908160005},{"Length":5.0231,"Height":1.341484,"Demand":1.0,"DemandMax":null,"Value":6.7384082804},{"Length":3.87261,"Height":1.735243,"Demand":1.0,"DemandMax":null,"Value":6.71991939423},{"Length":2.491136,"Height":2.69468,"Demand":1.0,"DemandMax":null,"Value":6.71281435648},{"Length":1.642241,"Height":4.086206,"Demand":1.0,"DemandMax":null,"Value":6.710535027646},{"Length":1.876065,"Height":3.571266,"Demand":1.0,"DemandMax":null,"Value":6.6999271482900005},{"Length":2.618625,"Height":2.557688,"Demand":1.0,"DemandMax":null,"Value":6.6976257390000011},{"Length":2.83247,"Height":2.364577,"Demand":1.0,"DemandMax":null,"Value":6.69759341519},{"Length":1.880934,"Height":3.547256,"Demand":1.0,"DemandMax":null,"Value":6.672154417104},{"Length":3.179114,"Height":2.096647,"Demand":1.0,"DemandMax":null,"Value":6.6654798307580005},{"Length":3.020308,"Height":2.205005,"Demand":1.0,"DemandMax":null,"Value":6.6597942415399993},{"Length":3.870961,"Height":1.720391,"Demand":1.0,"DemandMax":null,"Value":6.6595664657509994},{"Length":1.861205,"Height":3.571266,"Demand":1.0,"DemandMax":null,"Value":6.6468581355300005},{"Length":2.109066,"Height":3.150809,"Demand":1.0,"DemandMax":null,"Value":6.645264134394},{"Length":3.961016,"Height":1.675903,"Demand":1.0,"DemandMax":null,"Value":6.6382785974479992},{"Length":1.880934,"Height":3.52801,"Demand":1.0,"DemandMax":null,"Value":6.63595396134},{"Length":3.845362,"Height":1.724024,"Demand":1.0,"DemandMax":null,"Value":6.629496376688},{"Length":2.278574,"Height":2.906633,"Demand":1.0,"DemandMax":null,"Value":6.622978381342},{"Length":1.807615,"Height":3.655597,"Demand":1.0,"DemandMax":null,"Value":6.6079119711550005},{"Length":1.897901,"Height":3.474961,"Demand":1.0,"DemandMax":null,"Value":6.5951319568610005},{"Length":4.671075,"Height":1.410067,"Demand":1.0,"DemandMax":null,"Value":6.586528712025},{"Length":1.30704,"Height":5.034865,"Demand":1.0,"DemandMax":null,"Value":6.5807699496},{"Length":3.616769,"Height":1.81782,"Demand":1.0,"DemandMax":null,"Value":6.57463502358},{"Length":3.714126,"Height":1.766468,"Demand":1.0,"DemandMax":null,"Value":6.5608847269679993},{"Length":2.647181,"Height":2.477863,"Demand":1.0,"DemandMax":null,"Value":6.559351854203},{"Length":3.461474,"Height":1.894626,"Demand":1.0,"DemandMax":null,"Value":6.558198638724},{"Length":3.33277,"Height":1.965292,"Demand":1.0,"DemandMax":null,"Value":6.54986621884},{"Length":1.776657,"Height":3.685308,"Demand":1.0,"DemandMax":null,"Value":6.547528255356},{"Length":2.757132,"Height":2.374119,"Demand":1.0,"DemandMax":null,"Value":6.545759466708},{"Length":2.68677,"Height":2.43462,"Demand":1.0,"DemandMax":null,"Value":6.5412639774},{"Length":1.340398,"Height":4.879357,"Demand":1.0,"DemandMax":null,"Value":6.540280364086},{"Length":2.088916,"Height":3.110896,"Demand":1.0,"DemandMax":null,"Value":6.4984004287360007},{"Length":2.657231,"Height":2.445199,"Demand":1.0,"DemandMax":null,"Value":6.497458583969},{"Length":3.845362,"Height":1.687965,"Demand":1.0,"DemandMax":null,"Value":6.49083646833},{"Length":2.520877,"Height":2.570881,"Demand":1.0,"DemandMax":null,"Value":6.480874782637},{"Length":3.880024,"Height":1.667946,"Demand":1.0,"DemandMax":null,"Value":6.471670510704},{"Length":3.089006,"Height":2.093654,"Demand":1.0,"DemandMax":null,"Value":6.4673097679239993},{"Length":2.342536,"Height":2.760078,"Demand":1.0,"DemandMax":null,"Value":6.4655820778079995},{"Length":1.631068,"Height":3.96166,"Demand":1.0,"DemandMax":null,"Value":6.4617368528800005},{"Length":4.10639,"Height":1.571636,"Demand":1.0,"DemandMax":null,"Value":6.45375035404},{"Length":1.60754,"Height":4.011612,"Demand":1.0,"DemandMax":null,"Value":6.4488267544800006},{"Length":4.780205,"Height":1.347617,"Demand":1.0,"DemandMax":null,"Value":6.441885521485},{"Length":2.423353,"Height":2.658178,"Demand":1.0,"DemandMax":null,"Value":6.441703630834},{"Length":1.279239,"Height":5.034865,"Demand":1.0,"DemandMax":null,"Value":6.440795667735},{"Length":2.391237,"Height":2.693301,"Demand":1.0,"DemandMax":null,"Value":6.4403210033369991},{"Length":2.631547,"Height":2.445199,"Demand":1.0,"DemandMax":null,"Value":6.434656092853},{"Length":2.955906,"Height":2.1767,"Demand":1.0,"DemandMax":null,"Value":6.4341205902},{"Length":3.33764,"Height":1.927099,"Demand":1.0,"DemandMax":null,"Value":6.4319627063599993},{"Length":3.379972,"Height":1.901151,"Demand":1.0,"DemandMax":null,"Value":6.425837147772},{"Length":2.405983,"Height":2.668279,"Demand":1.0,"DemandMax":null,"Value":6.419833913257},{"Length":4.401629,"Height":1.458363,"Demand":1.0,"DemandMax":null,"Value":6.419172873327},{"Length":2.322345,"Height":2.763403,"Demand":1.0,"DemandMax":null,"Value":6.417575140034999},{"Length":2.690026,"Height":2.384611,"Demand":1.0,"DemandMax":null,"Value":6.414665589886},{"Length":1.829599,"Height":3.504667,"Demand":1.0,"DemandMax":null,"Value":6.412135238533},{"Length":3.180642,"Height":2.01512,"Demand":1.0,"DemandMax":null,"Value":6.40937530704},{"Length":2.524455,"Height":2.538552,"Demand":1.0,"DemandMax":null,"Value":6.4084602891600007},{"Length":4.591476,"Height":1.393024,"Demand":1.0,"DemandMax":null,"Value":6.3960362634240004},{"Length":1.432025,"Height":4.464075,"Demand":1.0,"DemandMax":null,"Value":6.3926670018750009},{"Length":4.434604,"Height":1.436415,"Demand":1.0,"DemandMax":null,"Value":6.36993170466},{"Length":2.379663,"Height":2.675437,"Demand":1.0,"DemandMax":null,"Value":6.366638437731},{"Length":2.99666,"Height":2.123206,"Demand":1.0,"DemandMax":null,"Value":6.36252649196},{"Length":4.914489,"Height":1.294454,"Demand":1.0,"DemandMax":null,"Value":6.3615799440059995},{"Length":2.445261,"Height":2.600068,"Demand":1.0,"DemandMax":null,"Value":6.357844877748},{"Length":1.74054,"Height":3.652312,"Demand":1.0,"DemandMax":null,"Value":6.3569951284799995},{"Length":1.319112,"Height":4.818876,"Demand":1.0,"DemandMax":null,"Value":6.3566371581120009},{"Length":4.412677,"Height":1.440449,"Demand":1.0,"DemandMax":null,"Value":6.3562361719730012},{"Length":3.855018,"Height":1.647934,"Demand":1.0,"DemandMax":null,"Value":6.352815232812},{"Length":2.297715,"Height":2.763403,"Demand":1.0,"DemandMax":null,"Value":6.349512524145},{"Length":2.16432,"Height":2.93322,"Demand":1.0,"DemandMax":null,"Value":6.3484267104},{"Length":1.899242,"Height":3.342405,"Demand":1.0,"DemandMax":null,"Value":6.3480359570100005},{"Length":2.110499,"Height":3.005291,"Demand":1.0,"DemandMax":null,"Value":6.342663650209},{"Length":1.721013,"Height":3.685308,"Demand":1.0,"DemandMax":null,"Value":6.342462977004},{"Length":2.374222,"Height":2.668279,"Demand":1.0,"DemandMax":null,"Value":6.335086703938},{"Length":3.786524,"Height":1.672529,"Demand":1.0,"DemandMax":null,"Value":6.333071199196},{"Length":1.27469,"Height":4.964289,"Demand":1.0,"DemandMax":null,"Value":6.3279295454100009},{"Length":1.294607,"Height":4.879357,"Demand":1.0,"DemandMax":null,"Value":6.316849727699},{"Length":2.445261,"Height":2.581348,"Demand":1.0,"DemandMax":null,"Value":6.312069591828},{"Length":3.12907,"Height":2.01512,"Demand":1.0,"DemandMax":null,"Value":6.3054515384},{"Length":2.294891,"Height":2.747375,"Demand":1.0,"DemandMax":null,"Value":6.304926161125},{"Length":1.40971,"Height":4.464075,"Demand":1.0,"DemandMax":null,"Value":6.2930511682500008},{"Length":2.920343,"Height":2.154324,"Demand":1.0,"DemandMax":null,"Value":6.2913650131319994},{"Length":1.769771,"Height":3.552445,"Demand":1.0,"DemandMax":null,"Value":6.287014140095},{"Length":2.691804,"Height":2.33409,"Demand":1.0,"DemandMax":null,"Value":6.28291279836},{"Length":3.743769,"Height":1.676662,"Demand":1.0,"DemandMax":null,"Value":6.277035219078},{"Length":4.464437,"Height":1.405376,"Demand":1.0,"DemandMax":null,"Value":6.274212613312},{"Length":3.020308,"Height":2.076253,"Demand":1.0,"DemandMax":null,"Value":6.270923545924},{"Length":3.959858,"Height":1.58295,"Demand":1.0,"DemandMax":null,"Value":6.2682572211000007},{"Length":4.038336,"Height":1.549618,"Demand":1.0,"DemandMax":null,"Value":6.257878155648},{"Length":2.453612,"Height":2.549271,"Demand":1.0,"DemandMax":null,"Value":6.254921916852},{"Length":4.780205,"Height":1.308197,"Demand":1.0,"DemandMax":null,"Value":6.253449840385},{"Length":4.671075,"Height":1.338641,"Demand":1.0,"DemandMax":null,"Value":6.252892509075},{"Length":2.391237,"Height":2.614729,"Demand":1.0,"DemandMax":null,"Value":6.252436729773},{"Length":3.510461,"Height":1.780946,"Demand":1.0,"DemandMax":null,"Value":6.2519414761059995},{"Length":2.451641,"Height":2.549891,"Demand":1.0,"DemandMax":null,"Value":6.251417321131},{"Length":1.890178,"Height":3.306457,"Demand":1.0,"DemandMax":null,"Value":6.249792279346},{"Length":4.471927,"Height":1.3975,"Demand":1.0,"DemandMax":null,"Value":6.2495179825},{"Length":4.471927,"Height":1.397396,"Demand":1.0,"DemandMax":null,"Value":6.249052902092},{"Length":1.557731,"Height":4.011612,"Demand":1.0,"DemandMax":null,"Value":6.249012372372},{"Length":2.683813,"Height":2.327483,"Demand":1.0,"DemandMax":null,"Value":6.2465291326789991},{"Length":4.591476,"Height":1.359833,"Demand":1.0,"DemandMax":null,"Value":6.243640583508},{"Length":1.867555,"Height":3.342405,"Demand":1.0,"DemandMax":null,"Value":6.242125169775},{"Length":3.510461,"Height":1.777227,"Demand":1.0,"DemandMax":null,"Value":6.2388860716469994},{"Length":2.300669,"Height":2.711091,"Demand":1.0,"DemandMax":null,"Value":6.2373230198790006},{"Length":1.769771,"Height":3.522821,"Demand":1.0,"DemandMax":null,"Value":6.234586443991},{"Length":3.714126,"Height":1.678533,"Demand":1.0,"DemandMax":null,"Value":6.234283057158},{"Length":3.207802,"Height":1.943099,"Demand":1.0,"DemandMax":null,"Value":6.2330768583979994},{"Length":4.446496,"Height":1.401759,"Demand":1.0,"DemandMax":null,"Value":6.232915786464},{"Length":2.124862,"Height":2.93322,"Demand":1.0,"DemandMax":null,"Value":6.2326877156399991},{"Length":3.090781,"Height":2.016311,"Demand":1.0,"DemandMax":null,"Value":6.2319757288909994},{"Length":2.342536,"Height":2.660299,"Demand":1.0,"DemandMax":null,"Value":6.231846178264},{"Length":3.959858,"Height":1.573739,"Demand":1.0,"DemandMax":null,"Value":6.231782969062},{"Length":4.235461,"Height":1.471288,"Demand":1.0,"DemandMax":null,"Value":6.2315829437679993},{"Length":3.207802,"Height":1.941695,"Demand":1.0,"DemandMax":null,"Value":6.22857310439},{"Length":3.250586,"Height":1.914976,"Demand":1.0,"DemandMax":null,"Value":6.224794175936},{"Length":1.901048,"Height":3.23125,"Demand":1.0,"DemandMax":null,"Value":6.1427613500000007},{"Length":1.890993,"Height":3.23125,"Demand":1.0,"DemandMax":null,"Value":6.11027113125},{"Length":2.111408,"Height":2.696473,"Demand":1.0,"DemandMax":null,"Value":5.6933546639840005},{"Length":3.303042,"Height":1.671472,"Demand":1.0,"DemandMax":null,"Value":5.520942217824},{"Length":2.041166,"Height":2.696473,"Demand":1.0,"DemandMax":null,"Value":5.503949007518},{"Length":3.240175,"Height":1.671472,"Demand":1.0,"DemandMax":null,"Value":5.4158617876},{"Length":1.442972,"Height":3.655597,"Demand":1.0,"DemandMax":null,"Value":5.274924114284},{"Length":1.973233,"Height":2.658178,"Demand":1.0,"DemandMax":null,"Value":5.245204549474}]}