{"Name":"Nice8_1t","Objects":[{"Length":100.0,"Height":100.0,"Stock":null,"Cost":10000.0}],"Items":[{"Length":7.170838,"Height":5.684273,"Demand":1.0,"DemandMax":null,"Value":40.761000830774},{"Length":5.490026,"Height":7.334385,"Demand":1.0,"DemandMax":null,"Value":40.26596434401},{"Length":4.836671,"Height":7.769989,"Demand":1.0,"DemandMax":null,"Value":37.580880466619},{"Length":5.61297,"Height":6.583458,"Demand":1.0,"DemandMax":null,"Value":36.95275225026},{"Length":6.73346,"Height":5.421683,"Demand":1.0,"DemandMax":null,"Value":36.50668561318},{"Length":5.755388,"Height":5.614173,"Demand":1.0,"DemandMax":null,"Value":32.311743914124},{"Length":4.723378,"Height":6.013702,"Demand":1.0,"DemandMax":null,"Value":28.404987725356005},{"Length":6.265356,"Height":4.514222,"Demand":1.0,"DemandMax":null,"Value":28.283207893032},{"Length":5.033735,"Height":5.587383,"Demand":1.0,"DemandMax":null,"Value":28.125405365505},{"Length":8.386549,"Height":3.181475,"Demand":1.0,"DemandMax":null,"Value":26.681595979775},{"Length":6.938526,"Height":3.829123,"Demand":1.0,"DemandMax":null,"Value":26.568469492698004},{"Length":7.908202,"Height":3.310724,"Demand":1.0,"DemandMax":null,"Value":26.181874158248},{"Length":7.847192,"Height":3.315085,"Demand":1.0,"DemandMax":null,"Value":26.01410849132},{"Length":5.970112,"Height":4.294096,"Demand":1.0,"DemandMax":null,"Value":25.636234058752},{"Length":8.770575,"Height":2.903842,"Demand":1.0,"DemandMax":null,"Value":25.468364049149997},{"Length":6.971228,"Height":3.46782,"Demand":1.0,"DemandMax":null,"Value":24.17496388296},{"Length":2.592802,"Height":9.315706,"Demand":1.0,"DemandMax":null,"Value":24.153781148212},{"Length":8.955946,"Height":2.564164,"Demand":1.0,"DemandMax":null,"Value":22.964514319144},{"Length":5.781218,"Height":3.809898,"Demand":1.0,"DemandMax":null,"Value":22.025850895764},{"Length":9.365062,"Height":2.34463,"Demand":1.0,"DemandMax":null,"Value":21.95760531706},{"Length":6.921128,"Height":3.156368,"Demand":1.0,"DemandMax":null,"Value":21.845626943104},{"Length":4.891607,"Height":4.406675,"Demand":1.0,"DemandMax":null,"Value":21.555722276724996},{"Length":5.354872,"Height":3.921253,"Demand":1.0,"DemandMax":null,"Value":20.997807894616002},{"Length":7.046366,"Height":2.781534,"Demand":1.0,"DemandMax":null,"Value":19.599706605444002},{"Length":2.573233,"Height":7.581316,"Demand":1.0,"DemandMax":null,"Value":19.508492514628003},{"Length":3.357274,"Height":5.725379,"Demand":1.0,"DemandMax":null,"Value":19.221666056846},{"Length":5.554925,"Height":3.456127,"Demand":1.0,"DemandMax":null,"Value":19.198526275475},{"Length":3.845136,"Height":4.95854,"Demand":1.0,"DemandMax":null,"Value":19.06626066144},{"Length":5.666957,"Height":3.355713,"Demand":1.0,"DemandMax":null,"Value":19.016681275341},{"Length":5.09448,"Height":3.731025,"Demand":1.0,"DemandMax":null,"Value":19.007632242},{"Length":3.775923,"Height":5.002892,"Demand":1.0,"DemandMax":null,"Value":18.890534969316},{"Length":4.499128,"Height":4.127718,"Demand":1.0,"DemandMax":null,"Value":18.571131629904},{"Length":3.383363,"Height":5.462474,"Demand":1.0,"DemandMax":null,"Value":18.481532420062003},{"Length":2.179202,"Height":8.478271,"Demand":1.0,"DemandMax":null,"Value":18.475865119742},{"Length":8.553724,"Height":2.151726,"Demand":1.0,"DemandMax":null,"Value":18.405270327624002},{"Length":5.940091,"Height":3.024341,"Demand":1.0,"DemandMax":null,"Value":17.964860755031},{"Length":3.078521,"Height":5.769718,"Demand":1.0,"DemandMax":null,"Value":17.762198027078},{"Length":2.782053,"Height":6.361771,"Demand":1.0,"DemandMax":null,"Value":17.698784095863},{"Length":6.377686,"Height":2.754359,"Demand":1.0,"DemandMax":null,"Value":17.566436833274},{"Length":6.54549,"Height":2.675133,"Demand":1.0,"DemandMax":null,"Value":17.510056300170003},{"Length":5.525849,"Height":3.072663,"Demand":1.0,"DemandMax":null,"Value":16.979071765887},{"Length":2.221297,"Height":7.618263,"Demand":1.0,"DemandMax":null,"Value":16.922424747111},{"Length":3.013025,"Height":5.500541,"Demand":1.0,"DemandMax":null,"Value":16.573267546525},{"Length":4.3209,"Height":3.829307,"Demand":1.0,"DemandMax":null,"Value":16.5460526163},{"Length":4.377444,"Height":3.777529,"Demand":1.0,"DemandMax":null,"Value":16.535921655876},{"Length":5.193521,"Height":3.170033,"Demand":1.0,"DemandMax":null,"Value":16.463632956193},{"Length":4.927415,"Height":3.335956,"Demand":1.0,"DemandMax":null,"Value":16.437639633739998},{"Length":6.938526,"Height":2.36792,"Demand":1.0,"DemandMax":null,"Value":16.42987448592},{"Length":4.186725,"Height":3.883426,"Demand":1.0,"DemandMax":null,"Value":16.25883671985},{"Length":2.872735,"Height":5.651658,"Demand":1.0,"DemandMax":null,"Value":16.23571574463},{"Length":3.219522,"Height":5.012275,"Demand":1.0,"DemandMax":null,"Value":16.13712963255},{"Length":2.590636,"Height":6.135603,"Demand":1.0,"DemandMax":null,"Value":15.895114013508},{"Length":5.780272,"Height":2.702678,"Demand":1.0,"DemandMax":null,"Value":15.622213968416},{"Length":7.646535,"Height":2.021587,"Demand":1.0,"DemandMax":null,"Value":15.458135751044999},{"Length":5.781218,"Height":2.662027,"Demand":1.0,"DemandMax":null,"Value":15.389758408886001},{"Length":2.895473,"Height":5.26118,"Demand":1.0,"DemandMax":null,"Value":15.233604638140001},{"Length":3.574099,"Height":4.239646,"Demand":1.0,"DemandMax":null,"Value":15.152914528953998},{"Length":3.05441,"Height":4.95599,"Demand":1.0,"DemandMax":null,"Value":15.137625415899999},{"Length":3.882814,"Height":3.89195,"Demand":1.0,"DemandMax":null,"Value":15.1117179473},{"Length":3.035624,"Height":4.95854,"Demand":1.0,"DemandMax":null,"Value":15.05226302896},{"Length":2.291841,"Height":6.527285,"Demand":1.0,"DemandMax":null,"Value":14.959499381685},{"Length":3.645102,"Height":4.100179,"Demand":1.0,"DemandMax":null,"Value":14.945570673257999},{"Length":4.322717,"Height":3.442211,"Demand":1.0,"DemandMax":null,"Value":14.879704007287},{"Length":2.845836,"Height":5.204506,"Demand":1.0,"DemandMax":null,"Value":14.811170537016},{"Length":4.886816,"Height":2.997038,"Demand":1.0,"DemandMax":null,"Value":14.645973251007998},{"Length":1.9384,"Height":7.519572,"Demand":1.0,"DemandMax":null,"Value":14.575938364799999},{"Length":5.193521,"Height":2.800135,"Demand":1.0,"DemandMax":null,"Value":14.542559925334999},{"Length":6.377686,"Height":2.269245,"Demand":1.0,"DemandMax":null,"Value":14.47253206707},{"Length":2.677938,"Height":5.399541,"Demand":1.0,"DemandMax":null,"Value":14.459636026458002},{"Length":2.527814,"Height":5.703054,"Demand":1.0,"DemandMax":null,"Value":14.416259743956},{"Length":3.194865,"Height":4.506623,"Demand":1.0,"DemandMax":null,"Value":14.398052090895002},{"Length":2.896411,"Height":4.969733,"Demand":1.0,"DemandMax":null,"Value":14.394389328263},{"Length":4.023938,"Height":3.565694,"Demand":1.0,"DemandMax":null,"Value":14.348131582972002},{"Length":6.900682,"Height":2.077616,"Demand":1.0,"DemandMax":null,"Value":14.336967334111998},{"Length":4.891607,"Height":2.92771,"Demand":1.0,"DemandMax":null,"Value":14.321206729969997},{"Length":4.858632,"Height":2.946231,"Demand":1.0,"DemandMax":null,"Value":14.314652215992},{"Length":7.452112,"Height":1.912326,"Demand":1.0,"DemandMax":null,"Value":14.250867532511998},{"Length":1.98378,"Height":7.154666,"Demand":1.0,"DemandMax":null,"Value":14.19328331748},{"Length":3.917005,"Height":3.617893,"Demand":1.0,"DemandMax":null,"Value":14.171304970465},{"Length":4.74124,"Height":2.987881,"Demand":1.0,"DemandMax":null,"Value":14.16626091244},{"Length":3.318596,"Height":4.264365,"Demand":1.0,"DemandMax":null,"Value":14.15170463154},{"Length":2.840435,"Height":4.969793,"Demand":1.0,"DemandMax":null,"Value":14.116373979955},{"Length":3.756082,"Height":3.756841,"Demand":1.0,"DemandMax":null,"Value":14.111002856962001},{"Length":4.008247,"Height":3.518807,"Demand":1.0,"DemandMax":null,"Value":14.104247601328998},{"Length":3.398335,"Height":4.146005,"Demand":1.0,"DemandMax":null,"Value":14.089513901674998},{"Length":3.324792,"Height":4.234076,"Demand":1.0,"DemandMax":null,"Value":14.077422012191999},{"Length":4.849802,"Height":2.890718,"Demand":1.0,"DemandMax":null,"Value":14.019409937836002},{"Length":2.162289,"Height":6.470748,"Demand":1.0,"DemandMax":null,"Value":13.991627222172001},{"Length":3.752534,"Height":3.728286,"Demand":1.0,"DemandMax":null,"Value":13.990519976724},{"Length":7.046366,"Height":1.985054,"Demand":1.0,"DemandMax":null,"Value":13.987417013764},{"Length":2.500913,"Height":5.583722,"Demand":1.0,"DemandMax":null,"Value":13.964402938186},{"Length":3.907084,"Height":3.55992,"Demand":1.0,"DemandMax":null,"Value":13.908906473279998},{"Length":3.803505,"Height":3.617893,"Demand":1.0,"DemandMax":null,"Value":13.760674114965},{"Length":3.492187,"Height":3.921253,"Demand":1.0,"DemandMax":null,"Value":13.693748750311},{"Length":6.176144,"Height":2.214608,"Demand":1.0,"DemandMax":null,"Value":13.677737911552},{"Length":2.547602,"Height":5.35999,"Demand":1.0,"DemandMax":null,"Value":13.655121243979998},{"Length":3.873663,"Height":3.515852,"Demand":1.0,"DemandMax":null,"Value":13.619225805876},{"Length":2.271458,"Height":5.971825,"Demand":1.0,"DemandMax":null,"Value":13.56474967085},{"Length":2.073279,"Height":6.527285,"Demand":1.0,"DemandMax":null,"Value":13.532882917515},{"Length":1.888564,"Height":7.154666,"Demand":1.0,"DemandMax":null,"Value":13.512044639624},{"Length":3.777061,"Height":3.560477,"Demand":1.0,"DemandMax":null,"Value":13.448138818097},{"Length":5.959383,"Height":2.253241,"Demand":1.0,"DemandMax":null,"Value":13.427926110303},{"Length":2.543233,"Height":5.276406,"Demand":1.0,"DemandMax":null,"Value":13.419129860597998},{"Length":4.499585,"Height":2.98162,"Demand":1.0,"DemandMax":null,"Value":13.4160526277},{"Length":1.918245,"Height":6.988166,"Demand":1.0,"DemandMax":null,"Value":13.40501448867},{"Length":3.628294,"Height":3.689733,"Demand":1.0,"DemandMax":null,"Value":13.387436105502},{"Length":2.867688,"Height":4.668213,"Demand":1.0,"DemandMax":null,"Value":13.386978401543999},{"Length":4.070674,"Height":3.285076,"Demand":1.0,"DemandMax":null,"Value":13.372473461224002},{"Length":2.526727,"Height":5.271656,"Demand":1.0,"DemandMax":null,"Value":13.320035549912001},{"Length":6.001742,"Height":2.217598,"Demand":1.0,"DemandMax":null,"Value":13.309451055716002},{"Length":2.762441,"Height":4.807347,"Demand":1.0,"DemandMax":null,"Value":13.280012454027},{"Length":6.570638,"Height":2.020177,"Demand":1.0,"DemandMax":null,"Value":13.273851762925998},{"Length":3.239863,"Height":4.093534,"Demand":1.0,"DemandMax":null,"Value":13.262489345842},{"Length":2.290632,"Height":5.788583,"Demand":1.0,"DemandMax":null,"Value":13.259513454456},{"Length":4.50921,"Height":2.932479,"Demand":1.0,"DemandMax":null,"Value":13.223163631590001},{"Length":2.551396,"Height":5.150767,"Demand":1.0,"DemandMax":null,"Value":13.141646320732},{"Length":3.933068,"Height":3.341153,"Demand":1.0,"DemandMax":null,"Value":13.140981947403999},{"Length":2.009738,"Height":6.531133,"Demand":1.0,"DemandMax":null,"Value":13.125866173154},{"Length":2.070689,"Height":6.325014,"Demand":1.0,"DemandMax":null,"Value":13.097136914645999},{"Length":2.584191,"Height":5.023604,"Demand":1.0,"DemandMax":null,"Value":12.981952244364},{"Length":3.880239,"Height":3.345376,"Demand":1.0,"DemandMax":null,"Value":12.980858424864},{"Length":3.575783,"Height":3.628526,"Demand":1.0,"DemandMax":null,"Value":12.974821585857999},{"Length":2.059944,"Height":6.291142,"Demand":1.0,"DemandMax":null,"Value":12.959400216048001},{"Length":4.711403,"Height":2.749146,"Demand":1.0,"DemandMax":null,"Value":12.952334711838},{"Length":3.427585,"Height":3.777529,"Demand":1.0,"DemandMax":null,"Value":12.947801737465},{"Length":3.612101,"Height":3.565694,"Demand":1.0,"DemandMax":null,"Value":12.879646863094},{"Length":4.617795,"Height":2.787066,"Demand":1.0,"DemandMax":null,"Value":12.87009943947},{"Length":4.726328,"Height":2.718076,"Demand":1.0,"DemandMax":null,"Value":12.846518704927998},{"Length":1.99191,"Height":6.399504,"Demand":1.0,"DemandMax":null,"Value":12.74723601264},{"Length":3.56885,"Height":3.570996,"Demand":1.0,"DemandMax":null,"Value":12.7443490746},{"Length":3.872344,"Height":3.290854,"Demand":1.0,"DemandMax":null,"Value":12.743318741776},{"Length":4.689944,"Height":2.716423,"Demand":1.0,"DemandMax":null,"Value":12.739871750311998},{"Length":4.918027,"Height":2.568977,"Demand":1.0,"DemandMax":null,"Value":12.634298248379},{"Length":4.671915,"Height":2.703578,"Demand":1.0,"DemandMax":null,"Value":12.63088661187},{"Length":3.100389,"Height":4.065466,"Demand":1.0,"DemandMax":null,"Value":12.604526066274},{"Length":3.311043,"Height":3.803656,"Demand":1.0,"DemandMax":null,"Value":12.594068573208002},{"Length":3.767485,"Height":3.341084,"Demand":1.0,"DemandMax":null,"Value":12.58748385374},{"Length":3.391402,"Height":3.706922,"Demand":1.0,"DemandMax":null,"Value":12.571662684644},{"Length":2.505963,"Height":5.012844,"Demand":1.0,"DemandMax":null,"Value":12.562001588772},{"Length":6.495494,"Height":1.92811,"Demand":1.0,"DemandMax":null,"Value":12.52402693634},{"Length":5.217206,"Height":2.398769,"Demand":1.0,"DemandMax":null,"Value":12.514872019414002},{"Length":5.635402,"Height":2.219945,"Demand":1.0,"DemandMax":null,"Value":12.510282492890001},{"Length":2.103266,"Height":5.946703,"Demand":1.0,"DemandMax":null,"Value":12.507498231998001},{"Length":2.4031,"Height":5.204506,"Demand":1.0,"DemandMax":null,"Value":12.5069483686},{"Length":2.553039,"Height":4.897722,"Demand":1.0,"DemandMax":null,"Value":12.504075277158},{"Length":2.28033,"Height":5.478396,"Demand":1.0,"DemandMax":null,"Value":12.492550750680001},{"Length":1.786501,"Height":6.992304,"Demand":1.0,"DemandMax":null,"Value":12.491758088304},{"Length":1.894213,"Height":6.591243,"Demand":1.0,"DemandMax":null,"Value":12.485218176759},{"Length":2.973276,"Height":4.195594,"Demand":1.0,"DemandMax":null,"Value":12.474658945943999},{"Length":3.770896,"Height":3.306726,"Demand":1.0,"DemandMax":null,"Value":12.469319846496},{"Length":3.520206,"Height":3.539933,"Demand":1.0,"DemandMax":null,"Value":12.461293386198},{"Length":6.488589,"Height":1.91917,"Demand":1.0,"DemandMax":null,"Value":12.452705351130001},{"Length":2.270549,"Height":5.478396,"Demand":1.0,"DemandMax":null,"Value":12.438966559404},{"Length":2.495575,"Height":4.982778,"Demand":1.0,"DemandMax":null,"Value":12.43489620735},{"Length":2.357109,"Height":5.271902,"Demand":1.0,"DemandMax":null,"Value":12.426447651318},{"Length":3.941963,"Height":3.149066,"Demand":1.0,"DemandMax":null,"Value":12.413501656558},{"Length":1.88171,"Height":6.591243,"Demand":1.0,"DemandMax":null,"Value":12.40280786553},{"Length":2.263343,"Height":5.478396,"Demand":1.0,"DemandMax":null,"Value":12.399489237828},{"Length":3.011341,"Height":4.115167,"Demand":1.0,"DemandMax":null,"Value":12.392171108946998},{"Length":1.815819,"Height":6.824112,"Demand":1.0,"DemandMax":null,"Value":12.391352227728001},{"Length":3.520206,"Height":3.518903,"Demand":1.0,"DemandMax":null,"Value":12.387263454017999},{"Length":5.684411,"Height":2.179159,"Demand":1.0,"DemandMax":null,"Value":12.387235390348998},{"Length":3.927759,"Height":3.147347,"Demand":1.0,"DemandMax":null,"Value":12.362020505373},{"Length":3.329608,"Height":3.712062,"Demand":1.0,"DemandMax":null,"Value":12.359711331696},{"Length":3.17174,"Height":3.890628,"Demand":1.0,"DemandMax":null,"Value":12.34006045272},{"Length":3.529718,"Height":3.495821,"Demand":1.0,"DemandMax":null,"Value":12.339262308477998},{"Length":2.036631,"Height":6.055629,"Demand":1.0,"DemandMax":null,"Value":12.333081745899},{"Length":3.503336,"Height":3.518807,"Demand":1.0,"DemandMax":null,"Value":12.327563240152},{"Length":4.787963,"Height":2.57369,"Demand":1.0,"DemandMax":null,"Value":12.322732493470001},{"Length":2.358628,"Height":5.206969,"Demand":1.0,"DemandMax":null,"Value":12.281302878532},{"Length":4.206806,"Height":2.915943,"Demand":1.0,"DemandMax":null,"Value":12.266806508058},{"Length":4.948644,"Height":2.478292,"Demand":1.0,"DemandMax":null,"Value":12.264184836048},{"Length":4.167215,"Height":2.940741,"Demand":1.0,"DemandMax":null,"Value":12.254700006315},{"Length":2.973276,"Height":4.118436,"Demand":1.0,"DemandMax":null,"Value":12.245246916335999},{"Length":1.751043,"Height":6.992304,"Demand":1.0,"DemandMax":null,"Value":12.243824973072},{"Length":3.505633,"Height":3.488792,"Demand":1.0,"DemandMax":null,"Value":12.230424365336},{"Length":4.489331,"Height":2.719542,"Demand":1.0,"DemandMax":null,"Value":12.208924206402001},{"Length":4.923306,"Height":2.478292,"Demand":1.0,"DemandMax":null,"Value":12.201389873352001},{"Length":3.164967,"Height":3.841057,"Demand":1.0,"DemandMax":null,"Value":12.156818650119},{"Length":2.732671,"Height":4.427886,"Demand":1.0,"DemandMax":null,"Value":12.099955663506},{"Length":6.570638,"Height":1.841412,"Demand":1.0,"DemandMax":null,"Value":12.099251660856},{"Length":4.854881,"Height":2.489182,"Demand":1.0,"DemandMax":null,"Value":12.084682397342},{"Length":2.925634,"Height":4.118957,"Demand":1.0,"DemandMax":null,"Value":12.050560643738},{"Length":2.48635,"Height":4.842673,"Demand":1.0,"DemandMax":null,"Value":12.040580013549999},{"Length":2.194199,"Height":5.475268,"Demand":1.0,"DemandMax":null,"Value":12.013827570331998},{"Length":1.969169,"Height":6.093397,"Demand":1.0,"DemandMax":null,"Value":11.998928477093001},{"Length":2.0769,"Height":5.769718,"Demand":1.0,"DemandMax":null,"Value":11.9831273142},{"Length":3.656901,"Height":3.274415,"Demand":1.0,"DemandMax":null,"Value":11.974211487915},{"Length":2.083627,"Height":5.744627,"Demand":1.0,"DemandMax":null,"Value":11.969659922129},{"Length":6.768325,"Height":1.758692,"Demand":1.0,"DemandMax":null,"Value":11.9033990309},{"Length":6.768325,"Height":1.75716,"Demand":1.0,"DemandMax":null,"Value":11.893029957},{"Length":3.549002,"Height":3.345376,"Demand":1.0,"DemandMax":null,"Value":11.872746114752001},{"Length":3.750019,"Height":3.162196,"Demand":1.0,"DemandMax":null,"Value":11.858295081724},{"Length":1.88659,"Height":6.275967,"Demand":1.0,"DemandMax":null,"Value":11.840176582529999},{"Length":2.633987,"Height":4.494181,"Demand":1.0,"DemandMax":null,"Value":11.837614329647},{"Length":4.20573,"Height":2.813746,"Demand":1.0,"DemandMax":null,"Value":11.83385596458},{"Length":2.160745,"Height":5.475268,"Demand":1.0,"DemandMax":null,"Value":11.83065795466},{"Length":4.854881,"Height":2.434365,"Demand":1.0,"DemandMax":null,"Value":11.818552385565},{"Length":1.844734,"Height":6.399504,"Demand":1.0,"DemandMax":null,"Value":11.805382611936},{"Length":4.7833,"Height":2.461914,"Demand":1.0,"DemandMax":null,"Value":11.7760732362},{"Length":6.488589,"Height":1.809116,"Demand":1.0,"DemandMax":null,"Value":11.738610177324},{"Length":3.324792,"Height":3.516768,"Demand":1.0,"DemandMax":null,"Value":11.692522112256},{"Length":4.489331,"Height":2.603589,"Demand":1.0,"DemandMax":null,"Value":11.688372808959},{"Length":4.616348,"Height":2.531246,"Demand":1.0,"DemandMax":null,"Value":11.685112409608001},{"Length":4.125457,"Height":2.826492,"Demand":1.0,"DemandMax":null,"Value":11.660571206844},{"Length":2.261399,"Height":5.150767,"Demand":1.0,"DemandMax":null,"Value":11.647939343033},{"Length":6.217368,"Height":1.873382,"Demand":1.0,"DemandMax":null,"Value":11.647505298576},{"Length":4.19176,"Height":2.769476,"Demand":1.0,"DemandMax":null,"Value":11.608978717760001},{"Length":1.844719,"Height":6.291142,"Demand":1.0,"DemandMax":null,"Value":11.605389179098},{"Length":3.222754,"Height":3.598317,"Demand":1.0,"DemandMax":null,"Value":11.596490505018002},{"Length":1.949255,"Height":5.946703,"Demand":1.0,"DemandMax":null,"Value":11.591640556265},{"Length":3.29589,"Height":3.515852,"Demand":1.0,"DemandMax":null,"Value":11.58786144828},{"Length":3.521357,"Height":3.289215,"Demand":1.0,"DemandMax":null,"Value":11.582500264755},{"Length":3.536259,"Height":3.274415,"Demand":1.0,"DemandMax":null,"Value":11.579179513484998},{"Length":2.835234,"Height":4.083739,"Demand":1.0,"DemandMax":null,"Value":11.578355659925999},{"Length":3.251092,"Height":3.55992,"Demand":1.0,"DemandMax":null,"Value":11.573627432639999},{"Length":2.326312,"Height":4.969733,"Demand":1.0,"DemandMax":null,"Value":11.561149514696},{"Length":4.74124,"Height":2.438391,"Demand":1.0,"DemandMax":null,"Value":11.560996944840001},{"Length":5.388529,"Height":2.145136,"Demand":1.0,"DemandMax":null,"Value":11.559127544944},{"Length":3.927759,"Height":2.941084,"Demand":1.0,"DemandMax":null,"Value":11.551869150756},{"Length":3.525604,"Height":3.274808,"Demand":1.0,"DemandMax":null,"Value":11.545676184032},{"Length":2.187889,"Height":5.276406,"Demand":1.0,"DemandMax":null,"Value":11.544190646934},{"Length":3.872344,"Height":2.977409,"Demand":1.0,"DemandMax":null,"Value":11.529551876696},{"Length":3.944216,"Height":2.915943,"Demand":1.0,"DemandMax":null,"Value":11.501109035688},{"Length":3.209266,"Height":3.580701,"Demand":1.0,"DemandMax":null,"Value":11.491421975466},{"Length":3.210587,"Height":3.565694,"Demand":1.0,"DemandMax":null,"Value":11.447970802378},{"Length":6.052448,"Height":1.890001,"Demand":1.0,"DemandMax":null,"Value":11.439132772448},{"Length":3.575783,"Height":3.195585,"Demand":1.0,"DemandMax":null,"Value":11.426718518054999},{"Length":3.915694,"Height":2.916889,"Demand":1.0,"DemandMax":null,"Value":11.421644755965998},{"Length":2.605033,"Height":4.384328,"Demand":1.0,"DemandMax":null,"Value":11.421319122824},{"Length":3.485336,"Height":3.274808,"Demand":1.0,"DemandMax":null,"Value":11.413806215488002},{"Length":3.218869,"Height":3.535673,"Demand":1.0,"DemandMax":null,"Value":11.380868213837001},{"Length":5.781085,"Height":1.964875,"Demand":1.0,"DemandMax":null,"Value":11.359109389375},{"Length":2.893411,"Height":3.921253,"Demand":1.0,"DemandMax":null,"Value":11.345796563983},{"Length":3.180108,"Height":3.565694,"Demand":1.0,"DemandMax":null,"Value":11.339292014952001},{"Length":5.384558,"Height":2.104916,"Demand":1.0,"DemandMax":null,"Value":11.334042287128},{"Length":3.70129,"Height":3.061345,"Demand":1.0,"DemandMax":null,"Value":11.33092563505},{"Length":4.32473,"Height":2.620023,"Demand":1.0,"DemandMax":null,"Value":11.33089206879},{"Length":2.872377,"Height":3.94459,"Demand":1.0,"DemandMax":null,"Value":11.33034959043},{"Length":6.056826,"Height":1.869756,"Demand":1.0,"DemandMax":null,"Value":11.324786754456},{"Length":3.107357,"Height":3.642606,"Demand":1.0,"DemandMax":null,"Value":11.318877252341999},{"Length":2.578074,"Height":4.384328,"Demand":1.0,"DemandMax":null,"Value":11.303122024272},{"Length":6.652242,"Height":1.698037,"Demand":1.0,"DemandMax":null,"Value":11.295753048954001},{"Length":3.623399,"Height":3.116392,"Demand":1.0,"DemandMax":null,"Value":11.291931656408},{"Length":2.721143,"Height":4.146005,"Demand":1.0,"DemandMax":null,"Value":11.281872483715},{"Length":3.698584,"Height":3.044086,"Demand":1.0,"DemandMax":null,"Value":11.258807774224},{"Length":2.888716,"Height":3.896336,"Demand":1.0,"DemandMax":null,"Value":11.255408144576},{"Length":6.495494,"Height":1.732117,"Demand":1.0,"DemandMax":null,"Value":11.250955580798},{"Length":2.291566,"Height":4.90755,"Demand":1.0,"DemandMax":null,"Value":11.2459747233},{"Length":3.071329,"Height":3.660226,"Demand":1.0,"DemandMax":null,"Value":11.241758260354},{"Length":4.97853,"Height":2.257305,"Demand":1.0,"DemandMax":null,"Value":11.238060661650001},{"Length":3.83977,"Height":2.925777,"Demand":1.0,"DemandMax":null,"Value":11.23431075129},{"Length":5.523345,"Height":2.030621,"Demand":1.0,"DemandMax":null,"Value":11.215820347245},{"Length":3.383363,"Height":3.312006,"Demand":1.0,"DemandMax":null,"Value":11.205718556177999},{"Length":3.849697,"Height":2.910112,"Demand":1.0,"DemandMax":null,"Value":11.203049436064},{"Length":2.22831,"Height":5.021409,"Demand":1.0,"DemandMax":null,"Value":11.18925588879},{"Length":4.169451,"Height":2.683115,"Demand":1.0,"DemandMax":null,"Value":11.187116519864999},{"Length":3.83977,"Height":2.911247,"Demand":1.0,"DemandMax":null,"Value":11.17851889319},{"Length":2.625873,"Height":4.255458,"Demand":1.0,"DemandMax":null,"Value":11.174292264834},{"Length":4.059172,"Height":2.749146,"Demand":1.0,"DemandMax":null,"Value":11.159256467112002},{"Length":4.182774,"Height":2.664556,"Demand":1.0,"DemandMax":null,"Value":11.145235558344002},{"Length":6.385284,"Height":1.742734,"Demand":1.0,"DemandMax":null,"Value":11.127851526456},{"Length":4.849802,"Height":2.290932,"Demand":1.0,"DemandMax":null,"Value":11.110566595464002},{"Length":2.782112,"Height":3.990848,"Demand":1.0,"DemandMax":null,"Value":11.102986110976001},{"Length":1.988418,"Height":5.583722,"Demand":1.0,"DemandMax":null,"Value":11.102773331796},{"Length":3.111308,"Height":3.563114,"Demand":1.0,"DemandMax":null,"Value":11.085945093112},{"Length":5.554925,"Height":1.994383,"Demand":1.0,"DemandMax":null,"Value":11.078647986275},{"Length":2.328048,"Height":4.755881,"Demand":1.0,"DemandMax":null,"Value":11.071919250287998},{"Length":2.272686,"Height":4.871595,"Demand":1.0,"DemandMax":null,"Value":11.071605754170001},{"Length":2.732671,"Height":4.050385,"Demand":1.0,"DemandMax":null,"Value":11.068369628335},{"Length":3.036321,"Height":3.64505,"Demand":1.0,"DemandMax":null,"Value":11.06754186105},{"Length":2.527619,"Height":4.372662,"Demand":1.0,"DemandMax":null,"Value":11.052423551778},{"Length":3.950911,"Height":2.796267,"Demand":1.0,"DemandMax":null,"Value":11.047802049237},{"Length":2.228029,"Height":4.95854,"Demand":1.0,"DemandMax":null,"Value":11.04777091766},{"Length":3.685946,"Height":2.997038,"Demand":1.0,"DemandMax":null,"Value":11.046920227948},{"Length":2.03599,"Height":5.42493,"Demand":1.0,"DemandMax":null,"Value":11.045103230699999},{"Length":3.589559,"Height":3.072663,"Demand":1.0,"DemandMax":null,"Value":11.029505125617},{"Length":4.874469,"Height":2.261451,"Demand":1.0,"DemandMax":null,"Value":11.023372794519002},{"Length":1.686867,"Height":6.531133,"Demand":1.0,"DemandMax":null,"Value":11.017152730310999},{"Length":3.534776,"Height":3.116392,"Demand":1.0,"DemandMax":null,"Value":11.015747648191999},{"Length":3.359067,"Height":3.274415,"Demand":1.0,"DemandMax":null,"Value":10.998979370805},{"Length":4.339598,"Height":2.531246,"Demand":1.0,"DemandMax":null,"Value":10.984590079108},{"Length":5.053403,"Height":2.171442,"Demand":1.0,"DemandMax":null,"Value":10.973171517126},{"Length":2.001828,"Height":5.474456,"Demand":1.0,"DemandMax":null,"Value":10.958919305568001},{"Length":1.686657,"Height":6.49693,"Demand":1.0,"DemandMax":null,"Value":10.95809246301},{"Length":6.412179,"Height":1.708857,"Demand":1.0,"DemandMax":null,"Value":10.957496969403001},{"Length":2.279021,"Height":4.807347,"Demand":1.0,"DemandMax":null,"Value":10.956044767287},{"Length":3.254138,"Height":3.365624,"Demand":1.0,"DemandMax":null,"Value":10.952204952112},{"Length":2.48635,"Height":4.399221,"Demand":1.0,"DemandMax":null,"Value":10.93800313335},{"Length":3.311043,"Height":3.301,"Demand":1.0,"DemandMax":null,"Value":10.929752943},{"Length":3.204995,"Height":3.40733,"Demand":1.0,"DemandMax":null,"Value":10.92047561335},{"Length":4.798898,"Height":2.265758,"Demand":1.0,"DemandMax":null,"Value":10.873141534684},{"Length":2.867688,"Height":3.7893,"Demand":1.0,"DemandMax":null,"Value":10.866530138399998},{"Length":4.125203,"Height":2.632676,"Demand":1.0,"DemandMax":null,"Value":10.860322933228},{"Length":4.331835,"Height":2.50574,"Demand":1.0,"DemandMax":null,"Value":10.8544522329},{"Length":3.941963,"Height":2.751832,"Demand":1.0,"DemandMax":null,"Value":10.847619926216},{"Length":6.217368,"Height":1.744511,"Demand":1.0,"DemandMax":null,"Value":10.846266867048},{"Length":2.257071,"Height":4.799342,"Demand":1.0,"DemandMax":null,"Value":10.832455647282},{"Length":3.767485,"Height":2.872791,"Demand":1.0,"DemandMax":null,"Value":10.823197000635},{"Length":5.130713,"Height":2.108942,"Demand":1.0,"DemandMax":null,"Value":10.820376135645999},{"Length":1.708923,"Height":6.325861,"Demand":1.0,"DemandMax":null,"Value":10.810409357703},{"Length":4.183777,"Height":2.577953,"Demand":1.0,"DemandMax":null,"Value":10.785580468481},{"Length":3.408156,"Height":3.162196,"Demand":1.0,"DemandMax":null,"Value":10.777257270576},{"Length":1.702912,"Height":6.325014,"Demand":1.0,"DemandMax":null,"Value":10.770942240768},{"Length":3.465285,"Height":3.105915,"Demand":1.0,"DemandMax":null,"Value":10.762880660775},{"Length":5.053403,"Height":2.128587,"Demand":1.0,"DemandMax":null,"Value":10.756607931561002},{"Length":2.627105,"Height":4.094016,"Demand":1.0,"DemandMax":null,"Value":10.755409903679999},{"Length":1.752449,"Height":6.135603,"Demand":1.0,"DemandMax":null,"Value":10.752331341746999},{"Length":4.723378,"Height":2.273556,"Demand":1.0,"DemandMax":null,"Value":10.738864392168},{"Length":3.465285,"Height":3.097682,"Demand":1.0,"DemandMax":null,"Value":10.73435096937},{"Length":3.490584,"Height":3.074661,"Demand":1.0,"DemandMax":null,"Value":10.732362492024},{"Length":1.657285,"Height":6.470748,"Demand":1.0,"DemandMax":null,"Value":10.72387359918},{"Length":3.705621,"Height":2.889519,"Demand":1.0,"DemandMax":null,"Value":10.707462286299},{"Length":1.86263,"Height":5.744627,"Demand":1.0,"DemandMax":null,"Value":10.700114589010001},{"Length":1.653452,"Height":6.457471,"Demand":1.0,"DemandMax":null,"Value":10.677118339891999},{"Length":5.484467,"Height":1.946164,"Demand":1.0,"DemandMax":null,"Value":10.673672234588},{"Length":3.448627,"Height":3.094414,"Demand":1.0,"DemandMax":null,"Value":10.671479669578},{"Length":1.903813,"Height":5.598815,"Demand":1.0,"DemandMax":null,"Value":10.659096781595},{"Length":1.697427,"Height":6.275967,"Demand":1.0,"DemandMax":null,"Value":10.652995836909},{"Length":5.554925,"Height":1.917727,"Demand":1.0,"DemandMax":null,"Value":10.652829655475},{"Length":4.067533,"Height":2.618092,"Demand":1.0,"DemandMax":null,"Value":10.649175607036},{"Length":3.53457,"Height":3.011029,"Demand":1.0,"DemandMax":null,"Value":10.642692772530001},{"Length":2.433028,"Height":4.372662,"Demand":1.0,"DemandMax":null,"Value":10.638809080536001},{"Length":3.638022,"Height":2.923382,"Demand":1.0,"DemandMax":null,"Value":10.635328030404},{"Length":2.966878,"Height":3.580701,"Demand":1.0,"DemandMax":null,"Value":10.623503021478},{"Length":1.7312,"Height":6.135603,"Demand":1.0,"DemandMax":null,"Value":10.6219559136},{"Length":4.317025,"Height":2.460121,"Demand":1.0,"DemandMax":null,"Value":10.620403860025},{"Length":1.659671,"Height":6.397483,"Demand":1.0,"DemandMax":null,"Value":10.617717008092999},{"Length":2.937612,"Height":3.612705,"Demand":1.0,"DemandMax":null,"Value":10.612725560460001},{"Length":4.125203,"Height":2.57183,"Demand":1.0,"DemandMax":null,"Value":10.609320831489999},{"Length":5.429141,"Height":1.95325,"Demand":1.0,"DemandMax":null,"Value":10.60446965825},{"Length":3.661826,"Height":2.894134,"Demand":1.0,"DemandMax":null,"Value":10.597815128684001},{"Length":3.05441,"Height":3.466761,"Demand":1.0,"DemandMax":null,"Value":10.58890946601},{"Length":3.746068,"Height":2.826492,"Demand":1.0,"DemandMax":null,"Value":10.588231233456},{"Length":3.290153,"Height":3.217184,"Demand":1.0,"DemandMax":null,"Value":10.585027589152},{"Length":2.359373,"Height":4.485211,"Demand":1.0,"DemandMax":null,"Value":10.582285732703},{"Length":1.743744,"Height":6.055629,"Demand":1.0,"DemandMax":null,"Value":10.559466734975999},{"Length":5.849088,"Height":1.803056,"Demand":1.0,"DemandMax":null,"Value":10.546233212928},{"Length":3.719909,"Height":2.834741,"Demand":1.0,"DemandMax":null,"Value":10.544978558569001},{"Length":2.494443,"Height":4.222573,"Demand":1.0,"DemandMax":null,"Value":10.532967661838999},{"Length":4.689944,"Height":2.245202,"Demand":1.0,"DemandMax":null,"Value":10.529871648688},{"Length":3.528026,"Height":2.98162,"Demand":1.0,"DemandMax":null,"Value":10.51923288212},{"Length":2.911475,"Height":3.612705,"Demand":1.0,"DemandMax":null,"Value":10.518300289874999},{"Length":2.633987,"Height":3.992443,"Demand":1.0,"DemandMax":null,"Value":10.516042960241},{"Length":4.804966,"Height":2.188543,"Demand":1.0,"DemandMax":null,"Value":10.515874704538001},{"Length":4.804966,"Height":2.188383,"Demand":1.0,"DemandMax":null,"Value":10.515105909978},{"Length":3.777061,"Height":2.782508,"Demand":1.0,"DemandMax":null,"Value":10.509702448988},{"Length":6.001742,"Height":1.751075,"Demand":1.0,"DemandMax":null,"Value":10.50950037265},{"Length":2.52045,"Height":4.169024,"Demand":1.0,"DemandMax":null,"Value":10.5078165408},{"Length":3.557087,"Height":2.953411,"Demand":1.0,"DemandMax":null,"Value":10.505539873757},{"Length":3.967066,"Height":2.647816,"Demand":1.0,"DemandMax":null,"Value":10.504060827856002},{"Length":4.32473,"Height":2.426882,"Demand":1.0,"DemandMax":null,"Value":10.495609391859999},{"Length":3.448627,"Height":3.041189,"Demand":1.0,"DemandMax":null,"Value":10.487926497503},{"Length":3.822767,"Height":2.743421,"Demand":1.0,"DemandMax":null,"Value":10.487459265907},{"Length":5.314852,"Height":1.972642,"Demand":1.0,"DemandMax":null,"Value":10.484300278984},{"Length":4.223702,"Height":2.481547,"Demand":1.0,"DemandMax":null,"Value":10.481315026994},{"Length":5.429141,"Height":1.930176,"Demand":1.0,"DemandMax":null,"Value":10.479197658816},{"Length":3.054854,"Height":3.42994,"Demand":1.0,"DemandMax":null,"Value":10.477965928760002},{"Length":3.478587,"Height":3.011029,"Demand":1.0,"DemandMax":null,"Value":10.474126336023002},{"Length":3.05441,"Height":3.428705,"Demand":1.0,"DemandMax":null,"Value":10.472670839049998},{"Length":5.781085,"Height":1.810887,"Demand":1.0,"DemandMax":null,"Value":10.468891672395},{"Length":3.851173,"Height":2.718076,"Demand":1.0,"DemandMax":null,"Value":10.467780903148},{"Length":3.177298,"Height":3.290637,"Demand":1.0,"DemandMax":null,"Value":10.455334358825999},{"Length":1.951769,"Height":5.344427,"Demand":1.0,"DemandMax":null,"Value":10.431086941363},{"Length":4.172504,"Height":2.498928,"Demand":1.0,"DemandMax":null,"Value":10.426787075712},{"Length":2.381731,"Height":4.376925,"Demand":1.0,"DemandMax":null,"Value":10.424657957174999},{"Length":3.176624,"Height":3.280085,"Demand":1.0,"DemandMax":null,"Value":10.41959673304},{"Length":3.103617,"Height":3.355713,"Demand":1.0,"DemandMax":null,"Value":10.414847913921},{"Length":2.705421,"Height":3.848983,"Demand":1.0,"DemandMax":null,"Value":10.413119436843},{"Length":4.170049,"Height":2.496641,"Demand":1.0,"DemandMax":null,"Value":10.411115305408998},{"Length":2.121131,"Height":4.90755,"Demand":1.0,"DemandMax":null,"Value":10.40955643905},{"Length":1.990303,"Height":5.223451,"Demand":1.0,"DemandMax":null,"Value":10.396250195653},{"Length":2.107105,"Height":4.930872,"Demand":1.0,"DemandMax":null,"Value":10.389865045559999},{"Length":2.292657,"Height":4.530117,"Demand":1.0,"DemandMax":null,"Value":10.386004450869},{"Length":3.164967,"Height":3.277601,"Demand":1.0,"DemandMax":null,"Value":10.373499004167},{"Length":1.703874,"Height":6.087669,"Demand":1.0,"DemandMax":null,"Value":10.372620929706},{"Length":3.042845,"Height":3.407377,"Demand":1.0,"DemandMax":null,"Value":10.368120067564998},{"Length":5.030941,"Height":2.058622,"Demand":1.0,"DemandMax":null,"Value":10.356805823302002},{"Length":6.412179,"Height":1.614641,"Demand":1.0,"DemandMax":null,"Value":10.353367112739},{"Length":2.5903,"Height":3.990402,"Demand":1.0,"DemandMax":null,"Value":10.3363383006},{"Length":2.895208,"Height":3.568993,"Demand":1.0,"DemandMax":null,"Value":10.332977085543998},{"Length":2.703169,"Height":3.812666,"Demand":1.0,"DemandMax":null,"Value":10.306280538554},{"Length":1.609208,"Height":6.397483,"Demand":1.0,"DemandMax":null,"Value":10.294880823464},{"Length":2.071438,"Height":4.969793,"Demand":1.0,"DemandMax":null,"Value":10.294618072334},{"Length":2.427643,"Height":4.239646,"Demand":1.0,"DemandMax":null,"Value":10.292346934378},{"Length":3.520153,"Height":2.923382,"Demand":1.0,"DemandMax":null,"Value":10.290751917446},{"Length":2.224881,"Height":4.622347,"Demand":1.0,"DemandMax":null,"Value":10.284172015707},{"Length":3.51243,"Height":2.927431,"Demand":1.0,"DemandMax":null,"Value":10.28239646733},{"Length":2.515583,"Height":4.083495,"Demand":1.0,"DemandMax":null,"Value":10.272370602585},{"Length":4.874469,"Height":2.106445,"Demand":1.0,"DemandMax":null,"Value":10.267800852705001},{"Length":3.505633,"Height":2.928782,"Demand":1.0,"DemandMax":null,"Value":10.267234829006},{"Length":3.362628,"Height":3.044463,"Demand":1.0,"DemandMax":null,"Value":10.237396528764},{"Length":3.303138,"Height":3.09688,"Demand":1.0,"DemandMax":null,"Value":10.22942200944},{"Length":3.861768,"Height":2.647816,"Demand":1.0,"DemandMax":null,"Value":10.225251098688},{"Length":2.035794,"Height":5.021409,"Demand":1.0,"DemandMax":null,"Value":10.222554313746},{"Length":2.714027,"Height":3.751792,"Demand":1.0,"DemandMax":null,"Value":10.182464786384001},{"Length":5.130713,"Height":1.984592,"Demand":1.0,"DemandMax":null,"Value":10.182371974096},{"Length":2.782112,"Height":3.648504,"Demand":1.0,"DemandMax":null,"Value":10.150546760448},{"Length":2.78222,"Height":3.643421,"Demand":1.0,"DemandMax":null,"Value":10.13679877462},{"Length":1.92112,"Height":5.276406,"Demand":1.0,"DemandMax":null,"Value":10.136609094719999},{"Length":3.054241,"Height":3.315085,"Demand":1.0,"DemandMax":null,"Value":10.125068525485},{"Length":2.717369,"Height":3.723566,"Demand":1.0,"DemandMax":null,"Value":10.118302817854},{"Length":2.71055,"Height":3.731025,"Demand":1.0,"DemandMax":null,"Value":10.11312981375},{"Length":4.250432,"Height":2.375138,"Demand":1.0,"DemandMax":null,"Value":10.095362559616001},{"Length":4.797556,"Height":2.095628,"Demand":1.0,"DemandMax":null,"Value":10.053892685168},{"Length":1.794771,"Height":5.598815,"Demand":1.0,"DemandMax":null,"Value":10.048590796365},{"Length":4.689944,"Height":2.139401,"Demand":1.0,"DemandMax":null,"Value":10.033670883544},{"Length":3.882814,"Height":2.578798,"Demand":1.0,"DemandMax":null,"Value":10.012992977572},{"Length":3.946257,"Height":2.532083,"Demand":1.0,"DemandMax":null,"Value":9.992250263331},{"Length":3.3815,"Height":2.946231,"Demand":1.0,"DemandMax":null,"Value":9.9626801265},{"Length":1.628157,"Height":6.117332,"Demand":1.0,"DemandMax":null,"Value":9.9599769171240009},{"Length":4.147856,"Height":2.398769,"Demand":1.0,"DemandMax":null,"Value":9.949748389264},{"Length":3.092544,"Height":3.21359,"Demand":1.0,"DemandMax":null,"Value":9.9381684729600011},{"Length":3.916755,"Height":2.528674,"Demand":1.0,"DemandMax":null,"Value":9.9041965328700012},{"Length":2.52045,"Height":3.929317,"Demand":1.0,"DemandMax":null,"Value":9.90364703265},{"Length":1.615834,"Height":6.117332,"Demand":1.0,"DemandMax":null,"Value":9.884593034888},{"Length":4.141232,"Height":2.384512,"Demand":1.0,"DemandMax":null,"Value":9.874817398783998},{"Length":5.555641,"Height":1.776659,"Demand":1.0,"DemandMax":null,"Value":9.870479583419},{"Length":3.760386,"Height":2.618092,"Demand":1.0,"DemandMax":null,"Value":9.8450365035119987},{"Length":2.92459,"Height":3.365624,"Demand":1.0,"DemandMax":null,"Value":9.8430702941599986},{"Length":2.133859,"Height":4.608404,"Demand":1.0,"DemandMax":null,"Value":9.8336843510360019},{"Length":4.08915,"Height":2.402422,"Demand":1.0,"DemandMax":null,"Value":9.823863921300001},{"Length":1.620484,"Height":6.055629,"Demand":1.0,"DemandMax":null,"Value":9.813049904436},{"Length":4.170049,"Height":2.349636,"Demand":1.0,"DemandMax":null,"Value":9.7980972521639984},{"Length":2.040039,"Height":4.802028,"Demand":1.0,"DemandMax":null,"Value":9.796324399092},{"Length":3.900736,"Height":2.50677,"Demand":1.0,"DemandMax":null,"Value":9.77824798272},{"Length":4.880734,"Height":2.000547,"Demand":1.0,"DemandMax":null,"Value":9.764137761498},{"Length":5.849088,"Height":1.667926,"Demand":1.0,"DemandMax":null,"Value":9.755845951488},{"Length":3.153616,"Height":3.092742,"Demand":1.0,"DemandMax":null,"Value":9.7533206550719989},{"Length":2.515583,"Height":3.874057,"Demand":1.0,"DemandMax":null,"Value":9.745511930231},{"Length":1.815716,"Height":5.344427,"Demand":1.0,"DemandMax":null,"Value":9.703961614732},{"Length":3.422339,"Height":2.834741,"Demand":1.0,"DemandMax":null,"Value":9.7014446791990014},{"Length":1.768956,"Height":5.474456,"Demand":1.0,"DemandMax":null,"Value":9.684071787936},{"Length":2.418666,"Height":3.999819,"Demand":1.0,"DemandMax":null,"Value":9.674226221454},{"Length":3.295819,"Height":2.932479,"Demand":1.0,"DemandMax":null,"Value":9.664920005301},{"Length":3.622256,"Height":2.664556,"Demand":1.0,"DemandMax":null,"Value":9.651703958336},{"Length":2.995066,"Height":3.217184,"Demand":1.0,"DemandMax":null,"Value":9.635678414144},{"Length":3.909164,"Height":2.461753,"Demand":1.0,"DemandMax":null,"Value":9.623396204492},{"Length":2.922705,"Height":3.282118,"Demand":1.0,"DemandMax":null,"Value":9.59266268919},{"Length":3.577489,"Height":2.676875,"Demand":1.0,"DemandMax":null,"Value":9.576490866875},{"Length":3.100566,"Height":3.08804,"Demand":1.0,"DemandMax":null,"Value":9.57467183064},{"Length":2.272717,"Height":4.212444,"Demand":1.0,"DemandMax":null,"Value":9.573693090348},{"Length":3.819187,"Height":2.50574,"Demand":1.0,"DemandMax":null,"Value":9.569889633379999},{"Length":2.78222,"Height":3.435939,"Demand":1.0,"DemandMax":null,"Value":9.55953820458},{"Length":1.827957,"Height":5.223451,"Demand":1.0,"DemandMax":null,"Value":9.548243819607},{"Length":2.85411,"Height":3.341153,"Demand":1.0,"DemandMax":null,"Value":9.5360181888299991},{"Length":2.178365,"Height":4.376925,"Demand":1.0,"DemandMax":null,"Value":9.534540227625},{"Length":2.705421,"Height":3.520938,"Demand":1.0,"DemandMax":null,"Value":9.5256196048979991},{"Length":2.26285,"Height":4.207541,"Demand":1.0,"DemandMax":null,"Value":9.52103415185},{"Length":2.176596,"Height":4.372662,"Demand":1.0,"DemandMax":null,"Value":9.517518618552},{"Length":4.170696,"Height":2.281343,"Demand":1.0,"DemandMax":null,"Value":9.5147881247280015},{"Length":1.779433,"Height":5.346519,"Demand":1.0,"DemandMax":null,"Value":9.513772343727},{"Length":1.72669,"Height":5.505177,"Demand":1.0,"DemandMax":null,"Value":9.50573407413},{"Length":1.911088,"Height":4.969733,"Demand":1.0,"DemandMax":null,"Value":9.4975970995039987},{"Length":3.729203,"Height":2.54522,"Demand":1.0,"DemandMax":null,"Value":9.49164205966},{"Length":1.90238,"Height":4.989256,"Demand":1.0,"DemandMax":null,"Value":9.49146082928},{"Length":3.494067,"Height":2.713445,"Demand":1.0,"DemandMax":null,"Value":9.480958630815},{"Length":4.064393,"Height":2.331038,"Demand":1.0,"DemandMax":null,"Value":9.4742545299339991},{"Length":3.100389,"Height":3.053192,"Demand":1.0,"DemandMax":null,"Value":9.466082891688},{"Length":3.661826,"Height":2.584262,"Demand":1.0,"DemandMax":null,"Value":9.4631177824119987},{"Length":3.93846,"Height":2.402422,"Demand":1.0,"DemandMax":null,"Value":9.4618429501200012},{"Length":2.586071,"Height":3.650167,"Demand":1.0,"DemandMax":null,"Value":9.439591023857},{"Length":2.875825,"Height":3.280085,"Demand":1.0,"DemandMax":null,"Value":9.432950445125},{"Length":1.811421,"Height":5.206969,"Demand":1.0,"DemandMax":null,"Value":9.432012992949},{"Length":2.930261,"Height":3.21359,"Demand":1.0,"DemandMax":null,"Value":9.41665744699},{"Length":3.275667,"Height":2.872459,"Demand":1.0,"DemandMax":null,"Value":9.409219155153},{"Length":4.317025,"Height":2.179066,"Demand":1.0,"DemandMax":null,"Value":9.407082398650001},{"Length":3.111308,"Height":3.020714,"Demand":1.0,"DemandMax":null,"Value":9.398371633912},{"Length":4.607154,"Height":2.039336,"Demand":1.0,"DemandMax":null,"Value":9.3955350097440018},{"Length":4.324118,"Height":2.166555,"Demand":1.0,"DemandMax":null,"Value":9.36843947349},{"Length":2.783149,"Height":3.365624,"Demand":1.0,"DemandMax":null,"Value":9.367033069976},{"Length":2.915257,"Height":3.212175,"Demand":1.0,"DemandMax":null,"Value":9.364315653975},{"Length":3.798076,"Height":2.461753,"Demand":1.0,"DemandMax":null,"Value":9.349924987228},{"Length":1.864879,"Height":5.012844,"Demand":1.0,"DemandMax":null,"Value":9.3483475058760011},{"Length":2.707733,"Height":3.450421,"Demand":1.0,"DemandMax":null,"Value":9.342818805593},{"Length":5.314852,"Height":1.757509,"Demand":1.0,"DemandMax":null,"Value":9.340900223668001},{"Length":3.568535,"Height":2.617331,"Demand":1.0,"DemandMax":null,"Value":9.340037280085},{"Length":2.895473,"Height":3.225444,"Demand":1.0,"DemandMax":null,"Value":9.339186015012},{"Length":3.339303,"Height":2.796267,"Demand":1.0,"DemandMax":null,"Value":9.337582781901},{"Length":5.875785,"Height":1.588241,"Demand":1.0,"DemandMax":null,"Value":9.332162644184999},{"Length":2.39878,"Height":3.88555,"Demand":1.0,"DemandMax":null,"Value":9.320579629},{"Length":2.246121,"Height":4.146005,"Demand":1.0,"DemandMax":null,"Value":9.3124288966049988},{"Length":2.221014,"Height":4.186336,"Demand":1.0,"DemandMax":null,"Value":9.297910864703999},{"Length":1.69622,"Height":5.478396,"Demand":1.0,"DemandMax":null,"Value":9.29256486312},{"Length":4.51986,"Height":2.0554,"Demand":1.0,"DemandMax":null,"Value":9.290120244},{"Length":2.824102,"Height":3.289215,"Demand":1.0,"DemandMax":null,"Value":9.28907865993},{"Length":5.314852,"Height":1.746667,"Demand":1.0,"DemandMax":null,"Value":9.283276598284},{"Length":4.141232,"Height":2.240732,"Demand":1.0,"DemandMax":null,"Value":9.2793910618239988},{"Length":1.706713,"Height":5.426271,"Demand":1.0,"DemandMax":null,"Value":9.261087257223},{"Length":2.122274,"Height":4.361235,"Demand":1.0,"DemandMax":null,"Value":9.2557356483899991},{"Length":4.51986,"Height":2.044497,"Demand":1.0,"DemandMax":null,"Value":9.24084021042},{"Length":2.862755,"Height":3.22576,"Demand":1.0,"DemandMax":null,"Value":9.234560568800001},{"Length":2.10923,"Height":4.372123,"Demand":1.0,"DemandMax":null,"Value":9.2218129952900014},{"Length":2.78362,"Height":3.310724,"Demand":1.0,"DemandMax":null,"Value":9.21579754088},{"Length":2.272717,"Height":4.054018,"Demand":1.0,"DemandMax":null,"Value":9.2136356269060009},{"Length":1.571571,"Height":5.860143,"Demand":1.0,"DemandMax":null,"Value":9.209630794653},{"Length":2.448881,"Height":3.760465,"Demand":1.0,"DemandMax":null,"Value":9.2089312896650011},{"Length":1.520269,"Height":6.055629,"Demand":1.0,"DemandMax":null,"Value":9.206185044201},{"Length":2.18578,"Height":4.210638,"Demand":1.0,"DemandMax":null,"Value":9.20352832764},{"Length":3.161243,"Height":2.910112,"Demand":1.0,"DemandMax":null,"Value":9.1995711892159981},{"Length":2.915257,"Height":3.155231,"Demand":1.0,"DemandMax":null,"Value":9.198309259367},{"Length":3.435363,"Height":2.676875,"Demand":1.0,"DemandMax":null,"Value":9.196037330625},{"Length":2.201914,"Height":4.175453,"Demand":1.0,"DemandMax":null,"Value":9.193988417042},{"Length":2.826674,"Height":3.251839,"Demand":1.0,"DemandMax":null,"Value":9.191888753486},{"Length":4.041069,"Height":2.274044,"Demand":1.0,"DemandMax":null,"Value":9.189568713036},{"Length":2.157427,"Height":4.255458,"Demand":1.0,"DemandMax":null,"Value":9.1808399865660011},{"Length":5.030941,"Height":1.824804,"Demand":1.0,"DemandMax":null,"Value":9.1804812605640009},{"Length":1.608426,"Height":5.703054,"Demand":1.0,"DemandMax":null,"Value":9.172940333004},{"Length":1.739658,"Height":5.271656,"Demand":1.0,"DemandMax":null,"Value":9.170878533648},{"Length":5.849088,"Height":1.567895,"Demand":1.0,"DemandMax":null,"Value":9.1707558297600009},{"Length":1.643815,"Height":5.575059,"Demand":1.0,"DemandMax":null,"Value":9.1643656100850013},{"Length":4.229607,"Height":2.166555,"Demand":1.0,"DemandMax":null,"Value":9.1636761938849975},{"Length":1.664118,"Height":5.505177,"Demand":1.0,"DemandMax":null,"Value":9.1612641388859988},{"Length":3.042845,"Height":3.010197,"Demand":1.0,"DemandMax":null,"Value":9.1595628904649988},{"Length":3.606843,"Height":2.538072,"Demand":1.0,"DemandMax":null,"Value":9.154427226696},{"Length":2.095735,"Height":4.360065,"Demand":1.0,"DemandMax":null,"Value":9.137540822775},{"Length":2.707733,"Height":3.373691,"Demand":1.0,"DemandMax":null,"Value":9.135054452503},{"Length":3.693075,"Height":2.472522,"Demand":1.0,"DemandMax":null,"Value":9.13120918515},{"Length":3.388543,"Height":2.694169,"Demand":1.0,"DemandMax":null,"Value":9.129307505767},{"Length":1.63712,"Height":5.575059,"Demand":1.0,"DemandMax":null,"Value":9.12704059008},{"Length":2.335316,"Height":3.906348,"Demand":1.0,"DemandMax":null,"Value":9.122556985968},{"Length":3.903556,"Height":2.336943,"Demand":1.0,"DemandMax":null,"Value":9.1223878693080014},{"Length":3.096273,"Height":2.943846,"Demand":1.0,"DemandMax":null,"Value":9.114950885958},{"Length":3.729203,"Height":2.444036,"Demand":1.0,"DemandMax":null,"Value":9.1143063833080014},{"Length":3.833851,"Height":2.375138,"Demand":1.0,"DemandMax":null,"Value":9.105925196438001},{"Length":2.084659,"Height":4.367008,"Demand":1.0,"DemandMax":null,"Value":9.103722530272},{"Length":1.91156,"Height":4.749056,"Demand":1.0,"DemandMax":null,"Value":9.07810548736},{"Length":1.82145,"Height":4.982778,"Demand":1.0,"DemandMax":null,"Value":9.0758809881},{"Length":5.959383,"Height":1.522521,"Demand":1.0,"DemandMax":null,"Value":9.073285764543},{"Length":3.25373,"Height":2.787066,"Demand":1.0,"DemandMax":null,"Value":9.06836025618},{"Length":2.862755,"Height":3.164934,"Demand":1.0,"DemandMax":null,"Value":9.06043063317},{"Length":2.21227,"Height":4.09101,"Demand":1.0,"DemandMax":null,"Value":9.050418692700001},{"Length":3.280936,"Height":2.758425,"Demand":1.0,"DemandMax":null,"Value":9.0502158858},{"Length":3.563995,"Height":2.538072,"Demand":1.0,"DemandMax":null,"Value":9.04567591764},{"Length":3.85906,"Height":2.336943,"Demand":1.0,"DemandMax":null,"Value":9.01840325358},{"Length":2.221014,"Height":4.053203,"Demand":1.0,"DemandMax":null,"Value":9.0022206078419984},{"Length":3.557087,"Height":2.524985,"Demand":1.0,"DemandMax":null,"Value":8.9815913186950009},{"Length":3.111308,"Height":2.886444,"Demand":1.0,"DemandMax":null,"Value":8.9806163087520012},{"Length":5.25893,"Height":1.706925,"Demand":1.0,"DemandMax":null,"Value":8.9765990902500015},{"Length":3.054854,"Height":2.937466,"Demand":1.0,"DemandMax":null,"Value":8.973529759964},{"Length":1.866625,"Height":4.802028,"Demand":1.0,"DemandMax":null,"Value":8.9635855155},{"Length":2.455391,"Height":3.650167,"Demand":1.0,"DemandMax":null,"Value":8.9625872002970013},{"Length":5.484467,"Height":1.634163,"Demand":1.0,"DemandMax":null,"Value":8.9625130461210016},{"Length":3.228758,"Height":2.771689,"Demand":1.0,"DemandMax":null,"Value":8.949113032262},{"Length":3.362628,"Height":2.658591,"Demand":1.0,"DemandMax":null,"Value":8.9398525371479991},{"Length":2.737413,"Height":3.261697,"Demand":1.0,"DemandMax":null,"Value":8.928611769861},{"Length":2.402297,"Height":3.716148,"Demand":1.0,"DemandMax":null,"Value":8.927291191956},{"Length":3.136906,"Height":2.841043,"Demand":1.0,"DemandMax":null,"Value":8.9120848329580014},{"Length":2.864789,"Height":3.109927,"Demand":1.0,"DemandMax":null,"Value":8.909284660403},{"Length":2.603521,"Height":3.417574,"Demand":1.0,"DemandMax":null,"Value":8.8977256780540017},{"Length":2.735099,"Height":3.246954,"Demand":1.0,"DemandMax":null,"Value":8.880740638446},{"Length":3.280936,"Height":2.706352,"Demand":1.0,"DemandMax":null,"Value":8.879367705472},{"Length":2.257738,"Height":3.929011,"Demand":1.0,"DemandMax":null,"Value":8.870677437118},{"Length":2.782112,"Height":3.186862,"Demand":1.0,"DemandMax":null,"Value":8.866207012544},{"Length":2.18578,"Height":4.055825,"Demand":1.0,"DemandMax":null,"Value":8.8651411685},{"Length":4.911873,"Height":1.803347,"Demand":1.0,"DemandMax":null,"Value":8.857811438931},{"Length":3.500699,"Height":2.528674,"Demand":1.0,"DemandMax":null,"Value":8.852126543126},{"Length":2.301046,"Height":3.846922,"Demand":1.0,"DemandMax":null,"Value":8.851944480412},{"Length":2.381004,"Height":3.716148,"Demand":1.0,"DemandMax":null,"Value":8.848163252592},{"Length":2.111519,"Height":4.190057,"Demand":1.0,"DemandMax":null,"Value":8.847384966583},{"Length":4.607154,"Height":1.920351,"Demand":1.0,"DemandMax":null,"Value":8.847352791054},{"Length":2.691749,"Height":3.285076,"Demand":1.0,"DemandMax":null,"Value":8.842600037924},{"Length":2.5903,"Height":3.407888,"Demand":1.0,"DemandMax":null,"Value":8.8274522864},{"Length":1.673973,"Height":5.271656,"Demand":1.0,"DemandMax":null,"Value":8.824609809287999},{"Length":2.855452,"Height":3.08804,"Demand":1.0,"DemandMax":null,"Value":8.81774999408},{"Length":3.516718,"Height":2.50677,"Demand":1.0,"DemandMax":null,"Value":8.81560318086},{"Length":3.537544,"Height":2.491988,"Demand":1.0,"DemandMax":null,"Value":8.8155171974720012},{"Length":3.259621,"Height":2.703578,"Demand":1.0,"DemandMax":null,"Value":8.8126396239379989},{"Length":2.993891,"Height":2.941851,"Demand":1.0,"DemandMax":null,"Value":8.807581232241},{"Length":2.355536,"Height":3.73819,"Demand":1.0,"DemandMax":null,"Value":8.80544111984},{"Length":2.26285,"Height":3.8908,"Demand":1.0,"DemandMax":null,"Value":8.80429678},{"Length":3.111308,"Height":2.827413,"Demand":1.0,"DemandMax":null,"Value":8.796952686204},{"Length":1.760432,"Height":4.989256,"Demand":1.0,"DemandMax":null,"Value":8.783245918592},{"Length":1.676647,"Height":5.223451,"Demand":1.0,"DemandMax":null,"Value":8.757883448797},{"Length":2.976221,"Height":2.941851,"Demand":1.0,"DemandMax":null,"Value":8.755598725071},{"Length":2.21811,"Height":3.94459,"Demand":1.0,"DemandMax":null,"Value":8.7495345249},{"Length":2.429445,"Height":3.598317,"Demand":1.0,"DemandMax":null,"Value":8.741913244065},{"Length":5.388529,"Height":1.619989,"Demand":1.0,"DemandMax":null,"Value":8.729357706181},{"Length":3.464025,"Height":2.513537,"Demand":1.0,"DemandMax":null,"Value":8.706955006425},{"Length":2.346363,"Height":3.706922,"Demand":1.0,"DemandMax":null,"Value":8.6977846246860011},{"Length":3.498236,"Height":2.482862,"Demand":1.0,"DemandMax":null,"Value":8.6856372314319987},{"Length":5.635402,"Height":1.54052,"Demand":1.0,"DemandMax":null,"Value":8.68144948904},{"Length":3.69347,"Height":2.346303,"Demand":1.0,"DemandMax":null,"Value":8.66599974141},{"Length":1.798071,"Height":4.802028,"Demand":1.0,"DemandMax":null,"Value":8.634387287988},{"Length":3.537544,"Height":2.440401,"Demand":1.0,"DemandMax":null,"Value":8.633025915144},{"Length":2.111519,"Height":4.076406,"Demand":1.0,"DemandMax":null,"Value":8.607408720714},{"Length":1.734369,"Height":4.95854,"Demand":1.0,"DemandMax":null,"Value":8.5999380612600014},{"Length":2.956777,"Height":2.906719,"Demand":1.0,"DemandMax":null,"Value":8.594519884663},{"Length":1.560974,"Height":5.505177,"Demand":1.0,"DemandMax":null,"Value":8.593438162398},{"Length":2.057589,"Height":4.168163,"Demand":1.0,"DemandMax":null,"Value":8.576366339007},{"Length":4.238236,"Height":2.022511,"Demand":1.0,"DemandMax":null,"Value":8.571878930596},{"Length":1.678183,"Height":5.104879,"Demand":1.0,"DemandMax":null,"Value":8.566921154857},{"Length":2.469017,"Height":3.462521,"Demand":1.0,"DemandMax":null,"Value":8.5490232118570013},{"Length":3.039238,"Height":2.810342,"Demand":1.0,"DemandMax":null,"Value":8.541298199396},{"Length":3.107357,"Height":2.748089,"Demand":1.0,"DemandMax":null,"Value":8.539293590773},{"Length":3.357274,"Height":2.541083,"Demand":1.0,"DemandMax":null,"Value":8.531111887742},{"Length":3.02597,"Height":2.813746,"Demand":1.0,"DemandMax":null,"Value":8.51431098362},{"Length":5.388529,"Height":1.579538,"Demand":1.0,"DemandMax":null,"Value":8.5113863196020016},{"Length":3.156947,"Height":2.694169,"Demand":1.0,"DemandMax":null,"Value":8.505348742043001},{"Length":3.696605,"Height":2.299491,"Demand":1.0,"DemandMax":null,"Value":8.500309928055},{"Length":2.96372,"Height":2.867101,"Demand":1.0,"DemandMax":null,"Value":8.49728457572},{"Length":3.306132,"Height":2.568841,"Demand":1.0,"DemandMax":null,"Value":8.492927433012},{"Length":2.882191,"Height":2.946231,"Demand":1.0,"DemandMax":null,"Value":8.491600472121},{"Length":2.990971,"Height":2.827488,"Demand":1.0,"DemandMax":null,"Value":8.456934610848},{"Length":2.78222,"Height":3.037794,"Demand":1.0,"DemandMax":null,"Value":8.45181122268},{"Length":4.064393,"Height":2.078884,"Demand":1.0,"DemandMax":null,"Value":8.449401577411999},{"Length":2.550821,"Height":3.310724,"Demand":1.0,"DemandMax":null,"Value":8.445064304404},{"Length":2.22824,"Height":3.783291,"Demand":1.0,"DemandMax":null,"Value":8.43008033784},{"Length":1.676481,"Height":5.021409,"Demand":1.0,"DemandMax":null,"Value":8.4182967817290013},{"Length":4.689944,"Height":1.793467,"Demand":1.0,"DemandMax":null,"Value":8.4112597958479984},{"Length":2.892311,"Height":2.906719,"Demand":1.0,"DemandMax":null,"Value":8.4071353376089988},{"Length":1.993842,"Height":4.215565,"Demand":1.0,"DemandMax":null,"Value":8.4051705507299985},{"Length":3.47566,"Height":2.415744,"Demand":1.0,"DemandMax":null,"Value":8.39630479104},{"Length":2.895208,"Height":2.897365,"Demand":1.0,"DemandMax":null,"Value":8.3884743269199991},{"Length":2.536565,"Height":3.306726,"Demand":1.0,"DemandMax":null,"Value":8.38772543619},{"Length":2.826674,"Height":2.961798,"Demand":1.0,"DemandMax":null,"Value":8.372037399852001},{"Length":5.182232,"Height":1.610833,"Demand":1.0,"DemandMax":null,"Value":8.347710319256},{"Length":3.225881,"Height":2.586882,"Demand":1.0,"DemandMax":null,"Value":8.3449734930420014},{"Length":3.17174,"Height":2.630159,"Demand":1.0,"DemandMax":null,"Value":8.3421805066599983},{"Length":2.60901,"Height":3.19066,"Demand":1.0,"DemandMax":null,"Value":8.3244638466},{"Length":2.335122,"Height":3.55346,"Demand":1.0,"DemandMax":null,"Value":8.29776262212},{"Length":2.22824,"Height":3.723348,"Demand":1.0,"DemandMax":null,"Value":8.29651294752},{"Length":3.464025,"Height":2.393816,"Demand":1.0,"DemandMax":null,"Value":8.2922384694},{"Length":2.90305,"Height":2.85496,"Demand":1.0,"DemandMax":null,"Value":8.288091628},{"Length":2.470345,"Height":3.353981,"Demand":1.0,"DemandMax":null,"Value":8.285490193445},{"Length":2.074649,"Height":3.982545,"Demand":1.0,"DemandMax":null,"Value":8.262383001705},{"Length":2.93452,"Height":2.813746,"Demand":1.0,"DemandMax":null,"Value":8.25699391192},{"Length":2.257071,"Height":3.658172,"Demand":1.0,"DemandMax":null,"Value":8.256753934212},{"Length":3.013025,"Height":2.738997,"Demand":1.0,"DemandMax":null,"Value":8.2526664359249988},{"Length":3.490584,"Height":2.359389,"Demand":1.0,"DemandMax":null,"Value":8.2356454931760013},{"Length":2.544014,"Height":3.233242,"Demand":1.0,"DemandMax":null,"Value":8.225412913388},{"Length":2.600863,"Height":3.161898,"Demand":1.0,"DemandMax":null,"Value":8.223663517974},{"Length":2.561855,"Height":3.20783,"Demand":1.0,"DemandMax":null,"Value":8.21799532465},{"Length":4.710145,"Height":1.744427,"Demand":1.0,"DemandMax":null,"Value":8.2165041119149986},{"Length":2.65288,"Height":3.09688,"Demand":1.0,"DemandMax":null,"Value":8.2156510144},{"Length":2.10923,"Height":3.894339,"Demand":1.0,"DemandMax":null,"Value":8.21405664897},{"Length":1.980027,"Height":4.146005,"Demand":1.0,"DemandMax":null,"Value":8.209201842135},{"Length":3.605466,"Height":2.274044,"Demand":1.0,"DemandMax":null,"Value":8.1989883245039987},{"Length":3.584017,"Height":2.286398,"Demand":1.0,"DemandMax":null,"Value":8.194489300766},{"Length":3.345982,"Height":2.44858,"Demand":1.0,"DemandMax":null,"Value":8.19290460556},{"Length":3.587467,"Height":2.281633,"Demand":1.0,"DemandMax":null,"Value":8.185283093611},{"Length":2.60901,"Height":3.135201,"Demand":1.0,"DemandMax":null,"Value":8.17977076101},{"Length":2.173559,"Height":3.762689,"Demand":1.0,"DemandMax":null,"Value":8.178426540151},{"Length":2.968642,"Height":2.746898,"Demand":1.0,"DemandMax":null,"Value":8.1545567725159991},{"Length":2.954329,"Height":2.755147,"Demand":1.0,"DemandMax":null,"Value":8.139610681363},{"Length":4.238236,"Height":1.919487,"Demand":1.0,"DemandMax":null,"Value":8.1352389049319989},{"Length":3.927759,"Height":2.070802,"Demand":1.0,"DemandMax":null,"Value":8.133611192718},{"Length":2.418666,"Height":3.362051,"Demand":1.0,"DemandMax":null,"Value":8.131678443966},{"Length":1.987401,"Height":4.09105,"Demand":1.0,"DemandMax":null,"Value":8.13055686105},{"Length":1.472694,"Height":5.518107,"Demand":1.0,"DemandMax":null,"Value":8.1264830702579989},{"Length":2.685727,"Height":3.024068,"Demand":1.0,"DemandMax":null,"Value":8.1218210774360013},{"Length":1.857304,"Height":4.367008,"Demand":1.0,"DemandMax":null,"Value":8.110861426432},{"Length":3.306176,"Height":2.449143,"Demand":1.0,"DemandMax":null,"Value":8.097297807168},{"Length":2.603521,"Height":3.109711,"Demand":1.0,"DemandMax":null,"Value":8.096197892431},{"Length":1.512863,"Height":5.346519,"Demand":1.0,"DemandMax":null,"Value":8.088550773897},{"Length":1.975051,"Height":4.093534,"Demand":1.0,"DemandMax":null,"Value":8.084938420234},{"Length":4.836671,"Height":1.671086,"Demand":1.0,"DemandMax":null,"Value":8.082493194706},{"Length":2.257738,"Height":3.577628,"Demand":1.0,"DemandMax":null,"Value":8.0773466854639988},{"Length":2.335316,"Height":3.455607,"Demand":1.0,"DemandMax":null,"Value":8.069934316812},{"Length":4.584992,"Height":1.759178,"Demand":1.0,"DemandMax":null,"Value":8.065817056576},{"Length":1.872506,"Height":4.295631,"Demand":1.0,"DemandMax":null,"Value":8.043594821286},{"Length":3.927759,"Height":2.047276,"Demand":1.0,"DemandMax":null,"Value":8.041206734484},{"Length":4.237656,"Height":1.895618,"Demand":1.0,"DemandMax":null,"Value":8.032976991408},{"Length":3.693612,"Height":2.174632,"Demand":1.0,"DemandMax":null,"Value":8.0322468507839986},{"Length":1.707855,"Height":4.703012,"Demand":1.0,"DemandMax":null,"Value":8.03206255926},{"Length":2.194054,"Height":3.660226,"Demand":1.0,"DemandMax":null,"Value":8.030733496204},{"Length":1.595737,"Height":5.015834,"Demand":1.0,"DemandMax":null,"Value":8.003951899658},{"Length":2.511396,"Height":3.186244,"Demand":1.0,"DemandMax":null,"Value":8.001920436624},{"Length":2.690954,"Height":2.971998,"Demand":1.0,"DemandMax":null,"Value":7.9975099060920005},{"Length":3.112456,"Height":2.568977,"Demand":1.0,"DemandMax":null,"Value":7.9958278775119993},{"Length":2.128503,"Height":3.755017,"Demand":1.0,"DemandMax":null,"Value":7.9925649495509994},{"Length":2.73141,"Height":2.92423,"Demand":1.0,"DemandMax":null,"Value":7.9872710643},{"Length":5.555641,"Height":1.436932,"Demand":1.0,"DemandMax":null,"Value":7.983078333412},{"Length":1.824634,"Height":4.372662,"Demand":1.0,"DemandMax":null,"Value":7.9785077557080006},{"Length":2.177001,"Height":3.660226,"Demand":1.0,"DemandMax":null,"Value":7.9683156622260007},{"Length":4.880734,"Height":1.63179,"Demand":1.0,"DemandMax":null,"Value":7.9643329338600006},{"Length":5.314852,"Height":1.496673,"Demand":1.0,"DemandMax":null,"Value":7.9545954873959994},{"Length":5.196117,"Height":1.530017,"Demand":1.0,"DemandMax":null,"Value":7.950147343989},{"Length":2.893234,"Height":2.746898,"Demand":1.0,"DemandMax":null,"Value":7.947418688132},{"Length":4.797556,"Height":1.656164,"Demand":1.0,"DemandMax":null,"Value":7.945539535184},{"Length":1.538708,"Height":5.150767,"Demand":1.0,"DemandMax":null,"Value":7.925526389036},{"Length":1.858676,"Height":4.262457,"Demand":1.0,"DemandMax":null,"Value":7.9225265269320007},{"Length":2.109733,"Height":3.755017,"Demand":1.0,"DemandMax":null,"Value":7.922083280461},{"Length":3.465236,"Height":2.282449,"Demand":1.0,"DemandMax":null,"Value":7.9092244429640006},{"Length":2.212368,"Height":3.570996,"Demand":1.0,"DemandMax":null,"Value":7.900357278528},{"Length":2.011759,"Height":3.923833,"Demand":1.0,"DemandMax":null,"Value":7.893806352247},{"Length":2.430269,"Height":3.246954,"Demand":1.0,"DemandMax":null,"Value":7.8909716506260006},{"Length":3.628294,"Height":2.17041,"Demand":1.0,"DemandMax":null,"Value":7.87488558054},{"Length":1.541339,"Height":5.104879,"Demand":1.0,"DemandMax":null,"Value":7.8683490929810009},{"Length":3.104511,"Height":2.533693,"Demand":1.0,"DemandMax":null,"Value":7.865877789123},{"Length":3.946257,"Height":1.991198,"Demand":1.0,"DemandMax":null,"Value":7.8577790458860006},{"Length":3.915694,"Height":2.006658,"Demand":1.0,"DemandMax":null,"Value":7.857458690651999},{"Length":2.494443,"Height":3.147347,"Demand":1.0,"DemandMax":null,"Value":7.8508776927209993},{"Length":3.369249,"Height":2.328301,"Demand":1.0,"DemandMax":null,"Value":7.8446258159490005},{"Length":3.435446,"Height":2.282449,"Demand":1.0,"DemandMax":null,"Value":7.8412302872540014},{"Length":1.675659,"Height":4.677348,"Demand":1.0,"DemandMax":null,"Value":7.8376402723320009},{"Length":2.383315,"Height":3.288488,"Demand":1.0,"DemandMax":null,"Value":7.83750277772},{"Length":4.238124,"Height":1.848946,"Demand":1.0,"DemandMax":null,"Value":7.836062417304},{"Length":1.837929,"Height":4.262457,"Demand":1.0,"DemandMax":null,"Value":7.834093331553},{"Length":2.634799,"Height":2.972356,"Demand":1.0,"DemandMax":null,"Value":7.831560616444},{"Length":1.983618,"Height":3.946701,"Demand":1.0,"DemandMax":null,"Value":7.828747144218},{"Length":2.530795,"Height":3.092742,"Demand":1.0,"DemandMax":null,"Value":7.8270959898899992},{"Length":2.377736,"Height":3.291389,"Demand":1.0,"DemandMax":null,"Value":7.826054115304},{"Length":2.437685,"Height":3.209929,"Demand":1.0,"DemandMax":null,"Value":7.824795774365},{"Length":4.874469,"Height":1.604997,"Demand":1.0,"DemandMax":null,"Value":7.8235081215930009},{"Length":2.470345,"Height":3.166806,"Demand":1.0,"DemandMax":null,"Value":7.82310336807},{"Length":3.104511,"Height":2.513212,"Demand":1.0,"DemandMax":null,"Value":7.802294299331999},{"Length":2.33168,"Height":3.341153,"Demand":1.0,"DemandMax":null,"Value":7.7904996270399991},{"Length":4.151095,"Height":1.876362,"Demand":1.0,"DemandMax":null,"Value":7.78895691639},{"Length":2.019855,"Height":3.846922,"Demand":1.0,"DemandMax":null,"Value":7.7702246363100009},{"Length":4.172504,"Height":1.861989,"Demand":1.0,"DemandMax":null,"Value":7.769156550456},{"Length":2.34121,"Height":3.315085,"Demand":1.0,"DemandMax":null,"Value":7.7613101528499993},{"Length":2.124673,"Height":3.652682,"Demand":1.0,"DemandMax":null,"Value":7.760754822986},{"Length":2.990971,"Height":2.594195,"Demand":1.0,"DemandMax":null,"Value":7.7591620133450006},{"Length":4.167215,"Height":1.861287,"Demand":1.0,"DemandMax":null,"Value":7.756383105704999},{"Length":2.737413,"Height":2.8317,"Demand":1.0,"DemandMax":null,"Value":7.7515323921000006},{"Length":2.133859,"Height":3.631134,"Demand":1.0,"DemandMax":null,"Value":7.748327966106},{"Length":2.090153,"Height":3.706922,"Demand":1.0,"DemandMax":null,"Value":7.748034139066},{"Length":2.729701,"Height":2.834741,"Demand":1.0,"DemandMax":null,"Value":7.7379953424410006},{"Length":2.859341,"Height":2.703578,"Demand":1.0,"DemandMax":null,"Value":7.730451422098},{"Length":3.136906,"Height":2.462932,"Demand":1.0,"DemandMax":null,"Value":7.7259861683920006},{"Length":3.705621,"Height":2.083659,"Demand":1.0,"DemandMax":null,"Value":7.7212505472389994},{"Length":4.689944,"Height":1.645236,"Demand":1.0,"DemandMax":null,"Value":7.7160647067839987},{"Length":1.955879,"Height":3.94459,"Demand":1.0,"DemandMax":null,"Value":7.7151407446099993},{"Length":1.649134,"Height":4.677348,"Demand":1.0,"DemandMax":null,"Value":7.7135736166320008},{"Length":4.141232,"Height":1.861285,"Demand":1.0,"DemandMax":null,"Value":7.70801300312},{"Length":1.399721,"Height":5.505177,"Demand":1.0,"DemandMax":null,"Value":7.7057118556169995},{"Length":2.355536,"Height":3.269856,"Demand":1.0,"DemandMax":null,"Value":7.7022635228159988},{"Length":3.275667,"Height":2.350991,"Demand":1.0,"DemandMax":null,"Value":7.7010636359969995},{"Length":2.561855,"Height":3.005807,"Demand":1.0,"DemandMax":null,"Value":7.700441691985},{"Length":3.777061,"Height":2.038382,"Demand":1.0,"DemandMax":null,"Value":7.6990931553019992},{"Length":3.408019,"Height":2.257305,"Demand":1.0,"DemandMax":null,"Value":7.692938328795},{"Length":2.028632,"Height":3.789324,"Demand":1.0,"DemandMax":null,"Value":7.6871439247680007},{"Length":1.618158,"Height":4.749056,"Demand":1.0,"DemandMax":null,"Value":7.6847229588480008},{"Length":4.223702,"Height":1.818483,"Demand":1.0,"DemandMax":null,"Value":7.6807302840660006},{"Length":2.864789,"Height":2.678657,"Demand":1.0,"DemandMax":null,"Value":7.6737871083729994},{"Length":2.559443,"Height":2.997985,"Demand":1.0,"DemandMax":null,"Value":7.673171722355},{"Length":3.464025,"Height":2.21459,"Demand":1.0,"DemandMax":null,"Value":7.6713951247499992},{"Length":3.770784,"Height":2.032183,"Demand":1.0,"DemandMax":null,"Value":7.662923141472},{"Length":1.452818,"Height":5.271656,"Demand":1.0,"DemandMax":null,"Value":7.658756726608},{"Length":2.223606,"Height":3.441198,"Demand":1.0,"DemandMax":null,"Value":7.6518685199880006},{"Length":1.753449,"Height":4.360065,"Demand":1.0,"DemandMax":null,"Value":7.6451516141849991},{"Length":1.830425,"Height":4.175453,"Demand":1.0,"DemandMax":null,"Value":7.642853557525},{"Length":2.335122,"Height":3.270652,"Demand":1.0,"DemandMax":null,"Value":7.6373714395440011},{"Length":2.753068,"Height":2.771689,"Demand":1.0,"DemandMax":null,"Value":7.6306482918519993},{"Length":2.8434,"Height":2.683115,"Demand":1.0,"DemandMax":null,"Value":7.629169191},{"Length":2.566806,"Height":2.971998,"Demand":1.0,"DemandMax":null,"Value":7.6285422983880009},{"Length":3.490584,"Height":2.184213,"Demand":1.0,"DemandMax":null,"Value":7.6241789503920012},{"Length":2.377736,"Height":3.205541,"Demand":1.0,"DemandMax":null,"Value":7.621930235176},{"Length":3.705621,"Height":2.055005,"Demand":1.0,"DemandMax":null,"Value":7.6150696831049993},{"Length":3.051784,"Height":2.49517,"Demand":1.0,"DemandMax":null,"Value":7.6147198832799994},{"Length":3.051784,"Height":2.493207,"Demand":1.0,"DemandMax":null,"Value":7.608729231288},{"Length":2.959224,"Height":2.568841,"Demand":1.0,"DemandMax":null,"Value":7.601775939383999},{"Length":3.464025,"Height":2.193763,"Demand":1.0,"DemandMax":null,"Value":7.5992498760750005},{"Length":2.599071,"Height":2.923409,"Demand":1.0,"DemandMax":null,"Value":7.5981475530389995},{"Length":2.194677,"Height":3.461067,"Demand":1.0,"DemandMax":null,"Value":7.595924140359},{"Length":2.110417,"Height":3.598317,"Demand":1.0,"DemandMax":null,"Value":7.5939493681890005},{"Length":2.307169,"Height":3.290637,"Demand":1.0,"DemandMax":null,"Value":7.592055676653},{"Length":2.51039,"Height":3.024068,"Demand":1.0,"DemandMax":null,"Value":7.5915900665200011},{"Length":3.039238,"Height":2.493633,"Demand":1.0,"DemandMax":null,"Value":7.578744171654},{"Length":1.99574,"Height":3.795801,"Demand":1.0,"DemandMax":null,"Value":7.5754318877400006},{"Length":3.227658,"Height":2.346303,"Demand":1.0,"DemandMax":null,"Value":7.5730636483739993},{"Length":2.463038,"Height":3.072663,"Demand":1.0,"DemandMax":null,"Value":7.568085730194},{"Length":3.047254,"Height":2.482862,"Demand":1.0,"DemandMax":null,"Value":7.565911160948},{"Length":4.238124,"Height":1.783392,"Demand":1.0,"DemandMax":null,"Value":7.558236436608},{"Length":5.193521,"Height":1.453908,"Demand":1.0,"DemandMax":null,"Value":7.5509017300679995},{"Length":2.178908,"Height":3.462839,"Demand":1.0,"DemandMax":null,"Value":7.5452075998119987},{"Length":3.587467,"Height":2.102695,"Demand":1.0,"DemandMax":null,"Value":7.5433489235650013},{"Length":2.074649,"Height":3.635718,"Demand":1.0,"DemandMax":null,"Value":7.5428387129819994},{"Length":5.196117,"Height":1.451415,"Demand":1.0,"DemandMax":null,"Value":7.541722155555},{"Length":2.174518,"Height":3.461067,"Demand":1.0,"DemandMax":null,"Value":7.526152490706},{"Length":2.53057,"Height":2.972356,"Demand":1.0,"DemandMax":null,"Value":7.52175492292},{"Length":1.66887,"Height":4.506623,"Demand":1.0,"DemandMax":null,"Value":7.5209679260100009},{"Length":1.492059,"Height":5.036585,"Demand":1.0,"DemandMax":null,"Value":7.514881978515},{"Length":2.919277,"Height":2.57369,"Demand":1.0,"DemandMax":null,"Value":7.51331402213},{"Length":2.717369,"Height":2.764118,"Demand":1.0,"DemandMax":null,"Value":7.511128565542},{"Length":3.584017,"Height":2.093579,"Demand":1.0,"DemandMax":null,"Value":7.503422726843},{"Length":3.756082,"Height":1.99619,"Demand":1.0,"DemandMax":null,"Value":7.49785332758},{"Length":3.494067,"Height":2.145499,"Demand":1.0,"DemandMax":null,"Value":7.496517254433},{"Length":1.661871,"Height":4.506623,"Demand":1.0,"DemandMax":null,"Value":7.4894260716330008},{"Length":2.885622,"Height":2.594298,"Demand":1.0,"DemandMax":null,"Value":7.4861633833560006},{"Length":2.243423,"Height":3.335956,"Demand":1.0,"DemandMax":null,"Value":7.4839604173879994},{"Length":3.213756,"Height":2.328301,"Demand":1.0,"DemandMax":null,"Value":7.4825913085560005},{"Length":1.488656,"Height":5.021409,"Demand":1.0,"DemandMax":null,"Value":7.475150636304},{"Length":3.05115,"Height":2.449143,"Demand":1.0,"DemandMax":null,"Value":7.472702664449999},{"Length":2.303897,"Height":3.243285,"Demand":1.0,"DemandMax":null,"Value":7.4721945816450006},{"Length":2.973276,"Height":2.512185,"Demand":1.0,"DemandMax":null,"Value":7.46941936806},{"Length":1.505276,"Height":4.95854,"Demand":1.0,"DemandMax":null,"Value":7.4639712570400008},{"Length":4.141232,"Height":1.800729,"Demand":1.0,"DemandMax":null,"Value":7.4572365581279989},{"Length":2.90305,"Height":2.566723,"Demand":1.0,"DemandMax":null,"Value":7.45132520515},{"Length":1.820069,"Height":4.09101,"Demand":1.0,"DemandMax":null,"Value":7.44592047969},{"Length":3.698584,"Height":2.013043,"Demand":1.0,"DemandMax":null,"Value":7.4454086311120005},{"Length":1.710416,"Height":4.351482,"Demand":1.0,"DemandMax":null,"Value":7.442844436512},{"Length":2.39878,"Height":3.102617,"Demand":1.0,"DemandMax":null,"Value":7.44249560726},{"Length":2.2349,"Height":3.329572,"Demand":1.0,"DemandMax":null,"Value":7.4412604628000008},{"Length":4.710145,"Height":1.579072,"Demand":1.0,"DemandMax":null,"Value":7.43765808544},{"Length":3.693075,"Height":2.01269,"Demand":1.0,"DemandMax":null,"Value":7.4330151217500005},{"Length":2.246264,"Height":3.306726,"Demand":1.0,"DemandMax":null,"Value":7.427779571664},{"Length":2.328048,"Height":3.189475,"Demand":1.0,"DemandMax":null,"Value":7.4252508948},{"Length":2.676716,"Height":2.771689,"Demand":1.0,"DemandMax":null,"Value":7.4190242933239992},{"Length":2.141992,"Height":3.462839,"Demand":1.0,"DemandMax":null,"Value":7.417373435288},{"Length":1.700493,"Height":4.361235,"Demand":1.0,"DemandMax":null,"Value":7.416249588855},{"Length":3.06983,"Height":2.415744,"Demand":1.0,"DemandMax":null,"Value":7.4159234035200008},{"Length":2.272376,"Height":3.261973,"Demand":1.0,"DemandMax":null,"Value":7.4124291578479991},{"Length":2.93296,"Height":2.525004,"Demand":1.0,"DemandMax":null,"Value":7.40573573184},{"Length":2.76453,"Height":2.676811,"Demand":1.0,"DemandMax":null,"Value":7.40012431383},{"Length":2.928916,"Height":2.525004,"Demand":1.0,"DemandMax":null,"Value":7.3955246156640007},{"Length":2.469017,"Height":2.99495,"Demand":1.0,"DemandMax":null,"Value":7.3945824641499991},{"Length":1.95343,"Height":3.78498,"Demand":1.0,"DemandMax":null,"Value":7.3936934814},{"Length":2.224881,"Height":3.323009,"Demand":1.0,"DemandMax":null,"Value":7.3932995869289995},{"Length":1.628054,"Height":4.538881,"Demand":1.0,"DemandMax":null,"Value":7.3895433675739994},{"Length":1.95003,"Height":3.789324,"Demand":1.0,"DemandMax":null,"Value":7.38929547972},{"Length":3.880045,"Height":1.903237,"Demand":1.0,"DemandMax":null,"Value":7.3846452056650005},{"Length":2.544014,"Height":2.902361,"Demand":1.0,"DemandMax":null,"Value":7.3836470170540007},{"Length":2.76453,"Height":2.669708,"Demand":1.0,"DemandMax":null,"Value":7.38048785724},{"Length":2.292283,"Height":3.217184,"Demand":1.0,"DemandMax":null,"Value":7.3746961910719993},{"Length":3.011344,"Height":2.44858,"Demand":1.0,"DemandMax":null,"Value":7.37351669152},{"Length":2.816749,"Height":2.617331,"Demand":1.0,"DemandMax":null,"Value":7.372364476919},{"Length":1.357076,"Height":5.426271,"Demand":1.0,"DemandMax":null,"Value":7.3638621435959992},{"Length":2.511396,"Height":2.931089,"Demand":1.0,"DemandMax":null,"Value":7.361125190244},{"Length":2.011759,"Height":3.657483,"Demand":1.0,"DemandMax":null,"Value":7.357974342597},{"Length":3.756082,"Height":1.958926,"Demand":1.0,"DemandMax":null,"Value":7.357886687932},{"Length":4.172504,"Height":1.762928,"Demand":1.0,"DemandMax":null,"Value":7.3558241317120006},{"Length":2.895208,"Height":2.540575,"Demand":1.0,"DemandMax":null,"Value":7.3554930645999992},{"Length":3.051784,"Height":2.409912,"Demand":1.0,"DemandMax":null,"Value":7.354530883008},{"Length":4.911873,"Height":1.497144,"Demand":1.0,"DemandMax":null,"Value":7.353781190712},{"Length":1.394105,"Height":5.271656,"Demand":1.0,"DemandMax":null,"Value":7.34924198788},{"Length":3.221319,"Height":2.281343,"Demand":1.0,"DemandMax":null,"Value":7.348933551417},{"Length":3.526335,"Height":2.082794,"Demand":1.0,"DemandMax":null,"Value":7.34462937999},{"Length":3.880045,"Height":1.892564,"Demand":1.0,"DemandMax":null,"Value":7.34323348538},{"Length":2.559625,"Height":2.867101,"Demand":1.0,"DemandMax":null,"Value":7.338703397125},{"Length":3.520031,"Height":2.082794,"Demand":1.0,"DemandMax":null,"Value":7.3314994466139991},{"Length":2.247485,"Height":3.261973,"Demand":1.0,"DemandMax":null,"Value":7.331235387905},{"Length":2.227303,"Height":3.289215,"Demand":1.0,"DemandMax":null,"Value":7.326078437145},{"Length":3.268879,"Height":2.24108,"Demand":1.0,"DemandMax":null,"Value":7.3258193493200006},{"Length":5.182232,"Height":1.413508,"Demand":1.0,"DemandMax":null,"Value":7.325126389856},{"Length":3.51243,"Height":2.085413,"Demand":1.0,"DemandMax":null,"Value":7.32486718359},{"Length":2.383315,"Height":3.073283,"Demand":1.0,"DemandMax":null,"Value":7.324601473145},{"Length":2.213778,"Height":3.282118,"Demand":1.0,"DemandMax":null,"Value":7.265880621804},{"Length":1.903985,"Height":3.812666,"Demand":1.0,"DemandMax":null,"Value":7.25925887401},{"Length":2.489706,"Height":2.901921,"Demand":1.0,"DemandMax":null,"Value":7.2249301252260008},{"Length":1.898244,"Height":3.805891,"Demand":1.0,"DemandMax":null,"Value":7.224509755404},{"Length":1.731395,"Height":4.168163,"Demand":1.0,"DemandMax":null,"Value":7.2167365773849994},{"Length":1.929517,"Height":3.728286,"Demand":1.0,"DemandMax":null,"Value":7.1937912178620005},{"Length":2.273606,"Height":3.161898,"Demand":1.0,"DemandMax":null,"Value":7.1889102641879994},{"Length":5.25893,"Height":1.353372,"Demand":1.0,"DemandMax":null,"Value":7.11728861196},{"Length":2.261914,"Height":3.141402,"Demand":1.0,"DemandMax":null,"Value":7.1055811634279991},{"Length":2.44953,"Height":2.890057,"Demand":1.0,"DemandMax":null,"Value":7.0792813232100009},{"Length":2.162587,"Height":3.269512,"Demand":1.0,"DemandMax":null,"Value":7.070604147544},{"Length":3.011341,"Height":2.342304,"Demand":1.0,"DemandMax":null,"Value":7.053476069664},{"Length":4.085218,"Height":1.725941,"Demand":1.0,"DemandMax":null,"Value":7.050845240138},{"Length":1.898244,"Height":3.713682,"Demand":1.0,"DemandMax":null,"Value":7.049474574408},{"Length":2.107105,"Height":3.335591,"Demand":1.0,"DemandMax":null,"Value":7.0284404740549995},{"Length":5.196117,"Height":1.350114,"Demand":1.0,"DemandMax":null,"Value":7.015350307338},{"Length":2.585258,"Height":2.692783,"Demand":1.0,"DemandMax":null,"Value":6.961538793014},{"Length":5.25893,"Height":1.323321,"Demand":1.0,"DemandMax":null,"Value":6.95925250653},{"Length":3.234042,"Height":2.145072,"Demand":1.0,"DemandMax":null,"Value":6.937252941024},{"Length":2.627105,"Height":2.634907,"Demand":1.0,"DemandMax":null,"Value":6.922177354235},{"Length":2.135896,"Height":3.239414,"Demand":1.0,"DemandMax":null,"Value":6.919051404944},{"Length":3.531036,"Height":1.959386,"Demand":1.0,"DemandMax":null,"Value":6.918662503896},{"Length":3.534317,"Height":1.953529,"Demand":1.0,"DemandMax":null,"Value":6.9043907546930008},{"Length":3.110563,"Height":2.219581,"Demand":1.0,"DemandMax":null,"Value":6.9041465341029991},{"Length":4.085218,"Height":1.681389,"Demand":1.0,"DemandMax":null,"Value":6.868840607802},{"Length":2.051211,"Height":3.341756,"Demand":1.0,"DemandMax":null,"Value":6.854646666516},{"Length":2.677938,"Height":2.558011,"Demand":1.0,"DemandMax":null,"Value":6.850194861318},{"Length":1.357938,"Height":5.012844,"Demand":1.0,"DemandMax":null,"Value":6.8071313556720012},{"Length":1.558463,"Height":4.351482,"Demand":1.0,"DemandMax":null,"Value":6.781623692166},{"Length":1.717673,"Height":3.946701,"Demand":1.0,"DemandMax":null,"Value":6.779141746773},{"Length":2.261914,"Height":2.99197,"Demand":1.0,"DemandMax":null,"Value":6.76757883058},{"Length":4.19176,"Height":1.614141,"Demand":1.0,"DemandMax":null,"Value":6.7660916781600005},{"Length":1.343174,"Height":5.036585,"Demand":1.0,"DemandMax":null,"Value":6.76501002079},{"Length":1.807078,"Height":3.728286,"Demand":1.0,"DemandMax":null,"Value":6.737303608308},{"Length":2.288593,"Height":2.927414,"Demand":1.0,"DemandMax":null,"Value":6.6996591885020012},{"Length":1.329897,"Height":5.015834,"Demand":1.0,"DemandMax":null,"Value":6.6705425890980008},{"Length":1.847872,"Height":3.60391,"Demand":1.0,"DemandMax":null,"Value":6.65956437952},{"Length":2.277305,"Height":2.92423,"Demand":1.0,"DemandMax":null,"Value":6.6593636001500007},{"Length":3.080806,"Height":2.16018,"Demand":1.0,"DemandMax":null,"Value":6.65509550508},{"Length":1.927848,"Height":3.45061,"Demand":1.0,"DemandMax":null,"Value":6.65225158728},{"Length":4.151095,"Height":1.591458,"Demand":1.0,"DemandMax":null,"Value":6.60629334651},{"Length":1.311016,"Height":5.012844,"Demand":1.0,"DemandMax":null,"Value":6.571918689504},{"Length":1.597441,"Height":4.109179,"Demand":1.0,"DemandMax":null,"Value":6.5641710109390008},{"Length":4.172504,"Height":1.57317,"Demand":1.0,"DemandMax":null,"Value":6.56405811768},{"Length":2.01882,"Height":3.243285,"Demand":1.0,"DemandMax":null,"Value":6.5476086236999995},{"Length":1.440522,"Height":4.538881,"Demand":1.0,"DemandMax":null,"Value":6.538357935882},{"Length":2.051211,"Height":3.185529,"Demand":1.0,"DemandMax":null,"Value":6.534192125619},{"Length":1.338523,"Height":4.871595,"Demand":1.0,"DemandMax":null,"Value":6.520741954185},{"Length":2.283388,"Height":2.855175,"Demand":1.0,"DemandMax":null,"Value":6.5194723329},{"Length":1.987401,"Height":3.270905,"Demand":1.0,"DemandMax":null,"Value":6.500599867905},{"Length":2.236469,"Height":2.898438,"Demand":1.0,"DemandMax":null,"Value":6.4822667354220007},{"Length":1.477303,"Height":4.370126,"Demand":1.0,"DemandMax":null,"Value":6.4560002501780005},{"Length":1.989213,"Height":3.244789,"Demand":1.0,"DemandMax":null,"Value":6.4545764610569991},{"Length":1.989213,"Height":3.242895,"Demand":1.0,"DemandMax":null,"Value":6.450808891634999},{"Length":3.927759,"Height":1.642247,"Demand":1.0,"DemandMax":null,"Value":6.450350434473},{"Length":2.250693,"Height":2.864804,"Demand":1.0,"DemandMax":null,"Value":6.447794309172},{"Length":3.531036,"Height":1.825594,"Demand":1.0,"DemandMax":null,"Value":6.4462381353839993},{"Length":2.95863,"Height":2.174632,"Demand":1.0,"DemandMax":null,"Value":6.4339314741599996},{"Length":2.489706,"Height":2.576475,"Demand":1.0,"DemandMax":null,"Value":6.4146652663499992},{"Length":1.490065,"Height":4.30003,"Demand":1.0,"DemandMax":null,"Value":6.407324201949999},{"Length":4.183777,"Height":1.531226,"Demand":1.0,"DemandMax":null,"Value":6.406308120602},{"Length":3.218869,"Height":1.989768,"Demand":1.0,"DemandMax":null,"Value":6.404802532392},{"Length":1.412965,"Height":4.530117,"Demand":1.0,"DemandMax":null,"Value":6.4008967669049994},{"Length":1.36072,"Height":4.703012,"Demand":1.0,"DemandMax":null,"Value":6.39948248864},{"Length":2.497617,"Height":2.559056,"Demand":1.0,"DemandMax":null,"Value":6.391541769552},{"Length":2.2349,"Height":2.855348,"Demand":1.0,"DemandMax":null,"Value":6.3814172452000006},{"Length":2.288593,"Height":2.78829,"Demand":1.0,"DemandMax":null,"Value":6.38126097597},{"Length":2.161,"Height":2.944408,"Demand":1.0,"DemandMax":null,"Value":6.362865688},{"Length":2.559443,"Height":2.480411,"Demand":1.0,"DemandMax":null,"Value":6.348470571073},{"Length":3.329608,"Height":1.899519,"Demand":1.0,"DemandMax":null,"Value":6.3246536585519992},{"Length":4.192929,"Height":1.50715,"Demand":1.0,"DemandMax":null,"Value":6.31937294235},{"Length":3.477089,"Height":1.809008,"Demand":1.0,"DemandMax":null,"Value":6.2900818177119993},{"Length":2.627105,"Height":2.391402,"Demand":1.0,"DemandMax":null,"Value":6.2824641512099992},{"Length":1.929242,"Height":3.246623,"Demand":1.0,"DemandMax":null,"Value":6.2635214497659994},{"Length":2.046475,"Height":3.059331,"Demand":1.0,"DemandMax":null,"Value":6.260844408225},{"Length":3.777061,"Height":1.652323,"Demand":1.0,"DemandMax":null,"Value":6.240924762703},{"Length":2.437685,"Height":2.555226,"Demand":1.0,"DemandMax":null,"Value":6.2288360918100008},{"Length":1.691431,"Height":3.680991,"Demand":1.0,"DemandMax":null,"Value":6.226142288121},{"Length":2.44953,"Height":2.534872,"Demand":1.0,"DemandMax":null,"Value":6.209245010160001},{"Length":2.162005,"Height":2.864804,"Demand":1.0,"DemandMax":null,"Value":6.19372057202},{"Length":2.337387,"Height":2.647816,"Demand":1.0,"DemandMax":null,"Value":6.188970696792},{"Length":3.927759,"Height":1.574173,"Demand":1.0,"DemandMax":null,"Value":6.182972168307},{"Length":2.097247,"Height":2.943846,"Demand":1.0,"DemandMax":null,"Value":6.173972191962},{"Length":3.218869,"Height":1.916905,"Demand":1.0,"DemandMax":null,"Value":6.1702660804450007},{"Length":1.411414,"Height":4.370126,"Demand":1.0,"DemandMax":null,"Value":6.1680570181639993},{"Length":2.239279,"Height":2.748153,"Demand":1.0,"DemandMax":null,"Value":6.1538813016869991},{"Length":4.192929,"Height":1.464848,"Demand":1.0,"DemandMax":null,"Value":6.1420036597920005},{"Length":1.642227,"Height":3.738131,"Demand":1.0,"DemandMax":null,"Value":6.1388596577370009},{"Length":1.933292,"Height":3.17296,"Demand":1.0,"DemandMax":null,"Value":6.1342581843199993},{"Length":2.173559,"Height":2.820769,"Demand":1.0,"DemandMax":null,"Value":6.131107846871},{"Length":3.327072,"Height":1.839862,"Demand":1.0,"DemandMax":null,"Value":6.1213533440640004},{"Length":1.421552,"Height":4.30003,"Demand":1.0,"DemandMax":null,"Value":6.1127162465599989},{"Length":2.599071,"Height":2.348247,"Demand":1.0,"DemandMax":null,"Value":6.1032606785370005},{"Length":3.329608,"Height":1.830765,"Demand":1.0,"DemandMax":null,"Value":6.09572979012},{"Length":4.689944,"Height":1.299599,"Demand":1.0,"DemandMax":null,"Value":6.0950465324559993},{"Length":2.135896,"Height":2.848255,"Demand":1.0,"DemandMax":null,"Value":6.083576461479999},{"Length":2.250211,"Height":2.702678,"Demand":1.0,"DemandMax":null,"Value":6.081595765058001},{"Length":2.283388,"Height":2.662931,"Demand":1.0,"DemandMax":null,"Value":6.0805046902279996},{"Length":2.236469,"Height":2.711049,"Demand":1.0,"DemandMax":null,"Value":6.063177045981},{"Length":4.499128,"Height":1.347549,"Demand":1.0,"DemandMax":null,"Value":6.062795437272},{"Length":2.870653,"Height":2.111005,"Demand":1.0,"DemandMax":null,"Value":6.059962836265},{"Length":1.238593,"Height":4.871595,"Demand":1.0,"DemandMax":null,"Value":6.0339234658350005},{"Length":2.437685,"Height":2.474383,"Demand":1.0,"DemandMax":null,"Value":6.031766323355},{"Length":4.584992,"Height":1.31545,"Demand":1.0,"DemandMax":null,"Value":6.0313277264},{"Length":1.477634,"Height":4.068965,"Demand":1.0,"DemandMax":null,"Value":6.0124410288100005},{"Length":2.1919,"Height":2.74253,"Demand":1.0,"DemandMax":null,"Value":6.011351507},{"Length":2.124673,"Height":2.828807,"Demand":1.0,"DemandMax":null,"Value":6.010289855111},{"Length":2.316573,"Height":2.594298,"Demand":1.0,"DemandMax":null,"Value":6.0098807007540005},{"Length":1.476694,"Height":4.068965,"Demand":1.0,"DemandMax":null,"Value":6.0086162017100007},{"Length":3.494067,"Height":1.719611,"Demand":1.0,"DemandMax":null,"Value":6.008436047937},{"Length":2.497617,"Height":2.399485,"Demand":1.0,"DemandMax":null,"Value":5.992994527245},{"Length":1.789143,"Height":3.349258,"Demand":1.0,"DemandMax":null,"Value":5.992301505894},{"Length":3.255934,"Height":1.839862,"Demand":1.0,"DemandMax":null,"Value":5.990469241108},{"Length":1.627165,"Height":3.680991,"Demand":1.0,"DemandMax":null,"Value":5.9895797205150005},{"Length":2.223606,"Height":2.692173,"Demand":1.0,"DemandMax":null,"Value":5.986332035838},{"Length":3.534317,"Height":1.69152,"Demand":1.0,"DemandMax":null,"Value":5.97836789184},{"Length":2.177294,"Height":2.74253,"Demand":1.0,"DemandMax":null,"Value":5.9712941138199991},{"Length":2.21364,"Height":2.692783,"Demand":1.0,"DemandMax":null,"Value":5.9608521601199991},{"Length":2.046475,"Height":2.912494,"Demand":1.0,"DemandMax":null,"Value":5.96034615865},{"Length":3.285334,"Height":1.809008,"Demand":1.0,"DemandMax":null,"Value":5.943195488672},{"Length":2.710912,"Height":2.190716,"Demand":1.0,"DemandMax":null,"Value":5.938838292992},{"Length":1.816075,"Height":3.269512,"Demand":1.0,"DemandMax":null,"Value":5.9376790054000006},{"Length":1.646195,"Height":3.60391,"Demand":1.0,"DemandMax":null,"Value":5.9327386224500005},{"Length":2.670655,"Height":2.219581,"Demand":1.0,"DemandMax":null,"Value":5.927735095555},{"Length":1.583654,"Height":3.738131,"Demand":1.0,"DemandMax":null,"Value":5.919906110674},{"Length":1.829545,"Height":3.234206,"Demand":1.0,"DemandMax":null,"Value":5.9171254162699993},{"Length":2.132335,"Height":2.771689,"Demand":1.0,"DemandMax":null,"Value":5.9101694638149995},{"Length":2.870653,"Height":2.057158,"Demand":1.0,"DemandMax":null,"Value":5.9053867841739995},{"Length":1.868483,"Height":3.155463,"Demand":1.0,"DemandMax":null,"Value":5.895928972629},{"Length":3.039951,"Height":1.938838,"Demand":1.0,"DemandMax":null,"Value":5.893972516938},{"Length":3.777061,"Height":1.560445,"Demand":1.0,"DemandMax":null,"Value":5.893895952145},{"Length":2.895208,"Height":2.032904,"Demand":1.0,"DemandMax":null,"Value":5.885679924031999},{"Length":4.689944,"Height":1.253753,"Demand":1.0,"DemandMax":null,"Value":5.8800313598319986},{"Length":4.836671,"Height":1.214869,"Demand":1.0,"DemandMax":null,"Value":5.8759216610989995},{"Length":4.237656,"Height":1.3865,"Demand":1.0,"DemandMax":null,"Value":5.875510044},{"Length":1.929242,"Height":3.04452,"Demand":1.0,"DemandMax":null,"Value":5.87361585384},{"Length":1.815557,"Height":3.234206,"Demand":1.0,"DemandMax":null,"Value":5.871885342742},{"Length":3.393229,"Height":1.730028,"Demand":1.0,"DemandMax":null,"Value":5.8703811804119992},{"Length":2.73607,"Height":2.145072,"Demand":1.0,"DemandMax":null,"Value":5.8690671470399991},{"Length":2.084431,"Height":2.813932,"Demand":1.0,"DemandMax":null,"Value":5.8654470926919995},{"Length":2.004442,"Height":2.92423,"Demand":1.0,"DemandMax":null,"Value":5.86144942966},{"Length":1.868483,"Height":3.13568,"Demand":1.0,"DemandMax":null,"Value":5.8589647734399994},{"Length":1.389522,"Height":4.215565,"Demand":1.0,"DemandMax":null,"Value":5.85762030993},{"Length":2.673646,"Height":2.190716,"Demand":1.0,"DemandMax":null,"Value":5.8571990705360006},{"Length":2.161,"Height":2.70725,"Demand":1.0,"DemandMax":null,"Value":5.8503672500000006},{"Length":1.360375,"Height":4.30003,"Demand":1.0,"DemandMax":null,"Value":5.8496533112499991},{"Length":2.177986,"Height":2.685587,"Demand":1.0,"DemandMax":null,"Value":5.8491708877820008},{"Length":2.239279,"Height":2.611837,"Demand":1.0,"DemandMax":null,"Value":5.848631745522999},{"Length":1.927848,"Height":3.030879,"Demand":1.0,"DemandMax":null,"Value":5.8430740183920005},{"Length":3.012497,"Height":1.938838,"Demand":1.0,"DemandMax":null,"Value":5.8407436584860006},{"Length":4.322717,"Height":1.351068,"Demand":1.0,"DemandMax":null,"Value":5.8402846117559992},{"Length":2.288593,"Height":2.550758,"Demand":1.0,"DemandMax":null,"Value":5.8376469034940008},{"Length":2.249917,"Height":2.594298,"Demand":1.0,"DemandMax":null,"Value":5.836955173266},{"Length":4.322717,"Height":1.350034,"Demand":1.0,"DemandMax":null,"Value":5.835814922378},{"Length":2.700411,"Height":2.16018,"Demand":1.0,"DemandMax":null,"Value":5.83337383398},{"Length":3.494067,"Height":1.668991,"Demand":1.0,"DemandMax":null,"Value":5.8315663763969994},{"Length":1.740575,"Height":3.349258,"Demand":1.0,"DemandMax":null,"Value":5.82963474335},{"Length":3.369194,"Height":1.730028,"Demand":1.0,"DemandMax":null,"Value":5.8287999574319995},{"Length":2.084431,"Height":2.795554,"Demand":1.0,"DemandMax":null,"Value":5.827139419774},{"Length":2.177986,"Height":2.674403,"Demand":1.0,"DemandMax":null,"Value":5.8248122923580006},{"Length":1.354502,"Height":4.30003,"Demand":1.0,"DemandMax":null,"Value":5.82439923506},{"Length":1.933292,"Height":3.01196,"Demand":1.0,"DemandMax":null,"Value":5.82299817232}]}