{"Name":"Nice10_500","Objects":[{"Length":100.0,"Height":100.0,"Stock":null,"Cost":10000.0}],"Items":[{"Length":10.46175,"Height":6.101379,"Demand":1.0,"DemandMax":null,"Value":63.831101753249996},{"Length":6.873563,"Height":7.951055,"Demand":1.0,"DemandMax":null,"Value":54.652077458965},{"Length":6.533544,"Height":7.67378,"Demand":1.0,"DemandMax":null,"Value":50.13697927632},{"Length":9.642748,"Height":5.157547,"Demand":1.0,"DemandMax":null,"Value":49.732926019156},{"Length":8.397237,"Height":5.725124,"Demand":1.0,"DemandMax":null,"Value":48.075223082388007},{"Length":4.890003,"Height":9.762981,"Demand":1.0,"DemandMax":null,"Value":47.741006378943},{"Length":10.39953,"Height":4.581212,"Demand":1.0,"DemandMax":null,"Value":47.64245163036},{"Length":4.99772,"Height":9.045457,"Demand":1.0,"DemandMax":null,"Value":45.206661358040009},{"Length":3.88363,"Height":11.36057,"Demand":1.0,"DemandMax":null,"Value":44.1202504691},{"Length":11.02845,"Height":3.921905,"Demand":1.0,"DemandMax":null,"Value":43.25253319725},{"Length":6.162472,"Height":6.936316,"Demand":1.0,"DemandMax":null,"Value":42.744853133152},{"Length":9.642748,"Height":4.383141,"Demand":1.0,"DemandMax":null,"Value":42.265524111468},{"Length":4.936236,"Height":8.428296,"Demand":1.0,"DemandMax":null,"Value":41.604058133856},{"Length":6.256309,"Height":6.584053,"Demand":1.0,"DemandMax":null,"Value":41.191870040377},{"Length":11.02845,"Height":3.703669,"Demand":1.0,"DemandMax":null,"Value":40.84572838305},{"Length":5.508017,"Height":7.315654,"Demand":1.0,"DemandMax":null,"Value":40.294746598118},{"Length":9.183688,"Height":4.34087,"Demand":1.0,"DemandMax":null,"Value":39.865195728559996},{"Length":9.361816,"Height":4.226275,"Demand":1.0,"DemandMax":null,"Value":39.5656089154},{"Length":12.32443,"Height":3.2001,"Demand":1.0,"DemandMax":null,"Value":39.439408443},{"Length":4.441082,"Height":8.586489,"Demand":1.0,"DemandMax":null,"Value":38.133301741098},{"Length":7.232705,"Height":5.241713,"Demand":1.0,"DemandMax":null,"Value":37.911763823665},{"Length":11.39199,"Height":3.323744,"Demand":1.0,"DemandMax":null,"Value":37.86405841056},{"Length":4.13571,"Height":9.149059,"Demand":1.0,"DemandMax":null,"Value":37.83785479689},{"Length":3.265108,"Height":11.5178,"Demand":1.0,"DemandMax":null,"Value":37.6068609224},{"Length":7.896557,"Height":4.533044,"Demand":1.0,"DemandMax":null,"Value":35.795440329508},{"Length":3.002356,"Height":11.92228,"Demand":1.0,"DemandMax":null,"Value":35.79492889168},{"Length":3.407453,"Height":10.45508,"Demand":1.0,"DemandMax":null,"Value":35.62519371124},{"Length":7.33796,"Height":4.835155,"Demand":1.0,"DemandMax":null,"Value":35.4801739838},{"Length":3.628992,"Height":9.753139,"Demand":1.0,"DemandMax":null,"Value":35.394063405888},{"Length":7.694461,"Height":4.537734,"Demand":1.0,"DemandMax":null,"Value":34.915417291374006},{"Length":7.412669,"Height":4.654046,"Demand":1.0,"DemandMax":null,"Value":34.498902508774},{"Length":4.994179,"Height":6.867358,"Demand":1.0,"DemandMax":null,"Value":34.296815109082004},{"Length":11.39004,"Height":3.003958,"Demand":1.0,"DemandMax":null,"Value":34.21520177832},{"Length":5.655459,"Height":6.030103,"Demand":1.0,"DemandMax":null,"Value":34.103000282277},{"Length":9.62002,"Height":3.544314,"Demand":1.0,"DemandMax":null,"Value":34.09637156628},{"Length":11.19016,"Height":3.026997,"Demand":1.0,"DemandMax":null,"Value":33.872580749520004},{"Length":7.05832,"Height":4.733336,"Demand":1.0,"DemandMax":null,"Value":33.409400155520004},{"Length":4.294185,"Height":7.75922,"Demand":1.0,"DemandMax":null,"Value":33.319526135699995},{"Length":6.063866,"Height":5.469315,"Demand":1.0,"DemandMax":null,"Value":33.16519327179},{"Length":8.359119,"Height":3.95188,"Demand":1.0,"DemandMax":null,"Value":33.03423519372},{"Length":4.440298,"Height":7.305333,"Demand":1.0,"DemandMax":null,"Value":32.437855509234005},{"Length":9.844685,"Height":3.222542,"Demand":1.0,"DemandMax":null,"Value":31.72491088927},{"Length":4.649121,"Height":6.769123,"Demand":1.0,"DemandMax":null,"Value":31.470471890882997},{"Length":8.397237,"Height":3.744804,"Demand":1.0,"DemandMax":null,"Value":31.446006706548},{"Length":5.999628,"Height":5.205143,"Demand":1.0,"DemandMax":null,"Value":31.228921686804},{"Length":8.011903,"Height":3.881356,"Demand":1.0,"DemandMax":null,"Value":31.097047780468},{"Length":8.17524,"Height":3.776149,"Demand":1.0,"DemandMax":null,"Value":30.870924350760003},{"Length":3.162265,"Height":9.7307,"Demand":1.0,"DemandMax":null,"Value":30.771052035500002},{"Length":5.722022,"Height":5.322473,"Demand":1.0,"DemandMax":null,"Value":30.455307600405998},{"Length":3.870439,"Height":7.848879,"Demand":1.0,"DemandMax":null,"Value":30.378607387881},{"Length":3.100788,"Height":9.7307,"Demand":1.0,"DemandMax":null,"Value":30.172837791600003},{"Length":7.05832,"Height":4.257502,"Demand":1.0,"DemandMax":null,"Value":30.05081151664},{"Length":5.995244,"Height":4.985961,"Demand":1.0,"DemandMax":null,"Value":29.892052769483996},{"Length":6.206516,"Height":4.807681,"Demand":1.0,"DemandMax":null,"Value":29.838949049395996},{"Length":9.071779,"Height":3.257518,"Demand":1.0,"DemandMax":null,"Value":29.551483384521998},{"Length":3.43103,"Height":8.586489,"Demand":1.0,"DemandMax":null,"Value":29.46050135367},{"Length":3.422323,"Height":8.586489,"Demand":1.0,"DemandMax":null,"Value":29.385738793947002},{"Length":3.765891,"Height":7.75922,"Demand":1.0,"DemandMax":null,"Value":29.22037676502},{"Length":6.242871,"Height":4.634609,"Demand":1.0,"DemandMax":null,"Value":28.933266122439},{"Length":2.724289,"Height":10.60803,"Demand":1.0,"DemandMax":null,"Value":28.89933944067},{"Length":6.51757,"Height":4.432539,"Demand":1.0,"DemandMax":null,"Value":28.88938321023},{"Length":10.47633,"Height":2.755198,"Demand":1.0,"DemandMax":null,"Value":28.864363463340002},{"Length":6.32303,"Height":4.544307,"Demand":1.0,"DemandMax":null,"Value":28.73378949021},{"Length":7.233626,"Height":3.96285,"Demand":1.0,"DemandMax":null,"Value":28.6657747941},{"Length":4.573639,"Height":6.250544,"Demand":1.0,"DemandMax":null,"Value":28.587731809616},{"Length":3.067941,"Height":9.313798,"Demand":1.0,"DemandMax":null,"Value":28.574182749918},{"Length":5.985955,"Height":4.769804,"Demand":1.0,"DemandMax":null,"Value":28.551832102819997},{"Length":3.693381,"Height":7.67378,"Demand":1.0,"DemandMax":null,"Value":28.34219325018},{"Length":3.609997,"Height":7.848879,"Demand":1.0,"DemandMax":null,"Value":28.334429643363},{"Length":4.166701,"Height":6.77538,"Demand":1.0,"DemandMax":null,"Value":28.23098262138},{"Length":8.427382,"Height":3.288703,"Demand":1.0,"DemandMax":null,"Value":27.715156465546},{"Length":4.909163,"Height":5.62465,"Demand":1.0,"DemandMax":null,"Value":27.61232366795},{"Length":5.758714,"Height":4.786182,"Demand":1.0,"DemandMax":null,"Value":27.562253289948003},{"Length":6.025616,"Height":4.557501,"Demand":1.0,"DemandMax":null,"Value":27.461750945616004},{"Length":3.558005,"Height":7.639997,"Demand":1.0,"DemandMax":null,"Value":27.183147525985},{"Length":5.722022,"Height":4.700426,"Demand":1.0,"DemandMax":null,"Value":26.895940981372},{"Length":3.951424,"Height":6.77538,"Demand":1.0,"DemandMax":null,"Value":26.77239914112},{"Length":4.783749,"Height":5.560474,"Demand":1.0,"DemandMax":null,"Value":26.599911937026},{"Length":3.363629,"Height":7.77059,"Demand":1.0,"DemandMax":null,"Value":26.13738187111},{"Length":3.280839,"Height":7.848879,"Demand":1.0,"DemandMax":null,"Value":25.750908329481},{"Length":3.485489,"Height":7.315654,"Demand":1.0,"DemandMax":null,"Value":25.498631544806},{"Length":9.907181,"Height":2.572938,"Demand":1.0,"DemandMax":null,"Value":25.490562467778002},{"Length":4.154863,"Height":6.129066,"Demand":1.0,"DemandMax":null,"Value":25.465429547958},{"Length":5.907674,"Height":4.286806,"Demand":1.0,"DemandMax":null,"Value":25.325052349244004},{"Length":5.048436,"Height":4.976163,"Demand":1.0,"DemandMax":null,"Value":25.121840431067998},{"Length":6.012413,"Height":4.167224,"Demand":1.0,"DemandMax":null,"Value":25.055071751512},{"Length":8.011903,"Height":3.098341,"Demand":1.0,"DemandMax":null,"Value":24.823607552923},{"Length":6.036597,"Height":4.108295,"Demand":1.0,"DemandMax":null,"Value":24.800121272115003},{"Length":3.518457,"Height":7.032407,"Demand":1.0,"DemandMax":null,"Value":24.743221635999003},{"Length":5.726426,"Height":4.298761,"Demand":1.0,"DemandMax":null,"Value":24.616536758185998},{"Length":2.65684,"Height":9.218286,"Demand":1.0,"DemandMax":null,"Value":24.49151097624},{"Length":5.149003,"Height":4.748388,"Demand":1.0,"DemandMax":null,"Value":24.449464057164004},{"Length":4.002182,"Height":6.101379,"Demand":1.0,"DemandMax":null,"Value":24.418829208978},{"Length":2.47355,"Height":9.846154,"Demand":1.0,"DemandMax":null,"Value":24.3549542267},{"Length":9.233347,"Height":2.598855,"Demand":1.0,"DemandMax":null,"Value":23.996130017685},{"Length":3.706101,"Height":6.449473,"Demand":1.0,"DemandMax":null,"Value":23.902398334773},{"Length":4.380861,"Height":5.444741,"Demand":1.0,"DemandMax":null,"Value":23.852653502001},{"Length":5.721071,"Height":4.167224,"Demand":1.0,"DemandMax":null,"Value":23.840984376904},{"Length":5.196999,"Height":4.568868,"Demand":1.0,"DemandMax":null,"Value":23.744402427132},{"Length":6.402225,"Height":3.685824,"Demand":1.0,"DemandMax":null,"Value":23.5974745584},{"Length":6.144879,"Height":3.829219,"Demand":1.0,"DemandMax":null,"Value":23.530087419501},{"Length":5.466115,"Height":4.303648,"Demand":1.0,"DemandMax":null,"Value":23.524234887520002},{"Length":4.243699,"Height":5.521776,"Demand":1.0,"DemandMax":null,"Value":23.432755289424},{"Length":5.008122,"Height":4.664218,"Demand":1.0,"DemandMax":null,"Value":23.358972778596},{"Length":5.104257,"Height":4.570724,"Demand":1.0,"DemandMax":null,"Value":23.330149972068},{"Length":5.824457,"Height":4.003524,"Demand":1.0,"DemandMax":null,"Value":23.318353386467997},{"Length":8.010475,"Height":2.905651,"Demand":1.0,"DemandMax":null,"Value":23.275644694225},{"Length":2.42758,"Height":9.568067,"Demand":1.0,"DemandMax":null,"Value":23.227248087859998},{"Length":3.784145,"Height":6.129066,"Demand":1.0,"DemandMax":null,"Value":23.19327445857},{"Length":4.50303,"Height":5.145134,"Demand":1.0,"DemandMax":null,"Value":23.168692756019997},{"Length":5.403715,"Height":4.286806,"Demand":1.0,"DemandMax":null,"Value":23.16467788429},{"Length":6.500842,"Height":3.556804,"Demand":1.0,"DemandMax":null,"Value":23.122220828968},{"Length":3.989823,"Height":5.794329,"Demand":1.0,"DemandMax":null,"Value":23.118347113767},{"Length":5.149003,"Height":4.472743,"Demand":1.0,"DemandMax":null,"Value":23.030167125229003},{"Length":5.593658,"Height":4.102024,"Demand":1.0,"DemandMax":null,"Value":22.945319363792},{"Length":2.825792,"Height":8.118263,"Demand":1.0,"DemandMax":null,"Value":22.940522639296002},{"Length":4.153538,"Height":5.521776,"Demand":1.0,"DemandMax":null,"Value":22.934906443488},{"Length":2.994658,"Height":7.646234,"Demand":1.0,"DemandMax":null,"Value":22.897855817971998},{"Length":2.482538,"Height":9.217926,"Demand":1.0,"DemandMax":null,"Value":22.883851576188},{"Length":3.569937,"Height":6.382663,"Demand":1.0,"DemandMax":null,"Value":22.785704802231},{"Length":3.111178,"Height":7.315654,"Demand":1.0,"DemandMax":null,"Value":22.760301780412004},{"Length":8.17524,"Height":2.782437,"Demand":1.0,"DemandMax":null,"Value":22.74709025988},{"Length":4.337032,"Height":5.241713,"Demand":1.0,"DemandMax":null,"Value":22.733477015816},{"Length":5.008122,"Height":4.528055,"Demand":1.0,"DemandMax":null,"Value":22.67705186271},{"Length":3.969602,"Height":5.693319,"Demand":1.0,"DemandMax":null,"Value":22.600210489038},{"Length":6.254423,"Height":3.591996,"Demand":1.0,"DemandMax":null,"Value":22.465862398308},{"Length":3.813462,"Height":5.890532,"Demand":1.0,"DemandMax":null,"Value":22.463319941784},{"Length":5.198541,"Height":4.313871,"Demand":1.0,"DemandMax":null,"Value":22.425835262211},{"Length":4.783749,"Height":4.68004,"Demand":1.0,"DemandMax":null,"Value":22.38813666996},{"Length":3.889949,"Height":5.752311,"Demand":1.0,"DemandMax":null,"Value":22.376196422139},{"Length":2.918098,"Height":7.639997,"Demand":1.0,"DemandMax":null,"Value":22.294259965706},{"Length":5.567532,"Height":4.003524,"Demand":1.0,"DemandMax":null,"Value":22.289747982768},{"Length":5.177887,"Height":4.298761,"Demand":1.0,"DemandMax":null,"Value":22.258498698007},{"Length":3.706048,"Height":6.000798,"Demand":1.0,"DemandMax":null,"Value":22.239245426304},{"Length":5.104257,"Height":4.352393,"Demand":1.0,"DemandMax":null,"Value":22.215732437000998},{"Length":2.605317,"Height":8.522778,"Demand":1.0,"DemandMax":null,"Value":22.204538410626},{"Length":5.149003,"Height":4.307199,"Demand":1.0,"DemandMax":null,"Value":22.177780572597},{"Length":5.722022,"Height":3.869202,"Demand":1.0,"DemandMax":null,"Value":22.139658966444},{"Length":3.262495,"Height":6.77538,"Demand":1.0,"DemandMax":null,"Value":22.1046433731},{"Length":2.379897,"Height":9.279293,"Demand":1.0,"DemandMax":null,"Value":22.083761572821},{"Length":6.127545,"Height":3.600295,"Demand":1.0,"DemandMax":null,"Value":22.060969625774998},{"Length":2.392309,"Height":9.217926,"Demand":1.0,"DemandMax":null,"Value":22.052127331134002},{"Length":2.409892,"Height":9.147482,"Demand":1.0,"DemandMax":null,"Value":22.044443691944},{"Length":6.063866,"Height":3.628511,"Demand":1.0,"DemandMax":null,"Value":22.002804483526},{"Length":2.576815,"Height":8.517622,"Demand":1.0,"DemandMax":null,"Value":21.948336133929995},{"Length":2.688169,"Height":8.154746,"Demand":1.0,"DemandMax":null,"Value":21.921335400073996},{"Length":3.381313,"Height":6.471185,"Demand":1.0,"DemandMax":null,"Value":21.881101965905},{"Length":9.233347,"Height":2.364829,"Demand":1.0,"DemandMax":null,"Value":21.835286752663},{"Length":5.023268,"Height":4.34087,"Demand":1.0,"DemandMax":null,"Value":21.80535336316},{"Length":2.334436,"Height":9.279293,"Demand":1.0,"DemandMax":null,"Value":21.661915633748},{"Length":2.814526,"Height":7.639997,"Demand":1.0,"DemandMax":null,"Value":21.502970196421998},{"Length":3.976433,"Height":5.394402,"Demand":1.0,"DemandMax":null,"Value":21.450478128066003},{"Length":3.826702,"Height":5.603278,"Demand":1.0,"DemandMax":null,"Value":21.442075129156002},{"Length":6.025616,"Height":3.533152,"Demand":1.0,"DemandMax":null,"Value":21.289417221632},{"Length":2.306126,"Height":9.218286,"Demand":1.0,"DemandMax":null,"Value":21.258529020036},{"Length":2.305684,"Height":9.218286,"Demand":1.0,"DemandMax":null,"Value":21.254454537624},{"Length":2.304783,"Height":9.218286,"Demand":1.0,"DemandMax":null,"Value":21.246148861938003},{"Length":6.036597,"Height":3.517278,"Demand":1.0,"DemandMax":null,"Value":21.232389822966002},{"Length":5.149003,"Height":4.118251,"Demand":1.0,"DemandMax":null,"Value":21.204886753753},{"Length":3.518457,"Height":6.02481,"Demand":1.0,"DemandMax":null,"Value":21.198034918170002},{"Length":2.560081,"Height":8.268998,"Demand":1.0,"DemandMax":null,"Value":21.169304668838},{"Length":2.952502,"Height":7.127516,"Demand":1.0,"DemandMax":null,"Value":21.044005245032},{"Length":4.450223,"Height":4.722229,"Demand":1.0,"DemandMax":null,"Value":21.014972107067},{"Length":5.441029,"Height":3.854316,"Demand":1.0,"DemandMax":null,"Value":20.971445131164},{"Length":2.457657,"Height":8.522778,"Demand":1.0,"DemandMax":null,"Value":20.946065011146004},{"Length":2.567899,"Height":8.118263,"Demand":1.0,"DemandMax":null,"Value":20.846879439437004},{"Length":3.412299,"Height":6.101379,"Demand":1.0,"DemandMax":null,"Value":20.819729460321},{"Length":8.704491,"Height":2.38998,"Demand":1.0,"DemandMax":null,"Value":20.803559400180003},{"Length":3.71983,"Height":5.585882,"Demand":1.0,"DemandMax":null,"Value":20.77853144006},{"Length":5.24711,"Height":3.958978,"Demand":1.0,"DemandMax":null,"Value":20.773193053580002},{"Length":5.382403,"Height":3.854316,"Demand":1.0,"DemandMax":null,"Value":20.745482001347998},{"Length":5.566183,"Height":3.714345,"Demand":1.0,"DemandMax":null,"Value":20.674723995134997},{"Length":6.488738,"Height":3.185979,"Demand":1.0,"DemandMax":null,"Value":20.672983004502},{"Length":5.793228,"Height":3.56448,"Demand":1.0,"DemandMax":null,"Value":20.64984534144},{"Length":2.972445,"Height":6.942887,"Demand":1.0,"DemandMax":null,"Value":20.637349748715},{"Length":5.235608,"Height":3.939213,"Demand":1.0,"DemandMax":null,"Value":20.624175096504},{"Length":3.249009,"Height":6.34586,"Demand":1.0,"DemandMax":null,"Value":20.61775625274},{"Length":4.385426,"Height":4.692077,"Demand":1.0,"DemandMax":null,"Value":20.576756469802},{"Length":5.617753,"Height":3.657545,"Demand":1.0,"DemandMax":null,"Value":20.547184396385},{"Length":6.11716,"Height":3.354507,"Demand":1.0,"DemandMax":null,"Value":20.52005604012},{"Length":3.389343,"Height":6.036715,"Demand":1.0,"DemandMax":null,"Value":20.460497728245002},{"Length":3.706048,"Height":5.517003,"Demand":1.0,"DemandMax":null,"Value":20.446277934144},{"Length":4.714334,"Height":4.316846,"Demand":1.0,"DemandMax":null,"Value":20.351053870564},{"Length":2.781688,"Height":7.315654,"Demand":1.0,"DemandMax":null,"Value":20.349866943952},{"Length":5.048436,"Height":4.014675,"Demand":1.0,"DemandMax":null,"Value":20.2678297983},{"Length":2.48794,"Height":8.118263,"Demand":1.0,"DemandMax":null,"Value":20.19775124822},{"Length":3.288927,"Height":6.129066,"Demand":1.0,"DemandMax":null,"Value":20.158050652182002},{"Length":2.434098,"Height":8.268998,"Demand":1.0,"DemandMax":null,"Value":20.127551493804},{"Length":3.753098,"Height":5.351822,"Demand":1.0,"DemandMax":null,"Value":20.085912444556},{"Length":3.330772,"Height":6.025794,"Demand":1.0,"DemandMax":null,"Value":20.070545932968002},{"Length":6.277417,"Height":3.196685,"Demand":1.0,"DemandMax":null,"Value":20.066924762644998},{"Length":4.50303,"Height":4.452782,"Demand":1.0,"DemandMax":null,"Value":20.05101092946},{"Length":8.704491,"Height":2.302097,"Demand":1.0,"DemandMax":null,"Value":20.038582617627},{"Length":6.277417,"Height":3.189394,"Demand":1.0,"DemandMax":null,"Value":20.021156115297998},{"Length":4.29354,"Height":4.659752,"Demand":1.0,"DemandMax":null,"Value":20.006831602080002},{"Length":5.772955,"Height":3.465435,"Demand":1.0,"DemandMax":null,"Value":20.005800310425},{"Length":4.006394,"Height":4.982518,"Demand":1.0,"DemandMax":null,"Value":19.961930220092},{"Length":3.389343,"Height":5.885563,"Demand":1.0,"DemandMax":null,"Value":19.948191755109},{"Length":2.870718,"Height":6.936316,"Demand":1.0,"DemandMax":null,"Value":19.912207194888},{"Length":3.569937,"Height":5.539614,"Demand":1.0,"DemandMax":null,"Value":19.776072984318},{"Length":4.534485,"Height":4.356583,"Demand":1.0,"DemandMax":null,"Value":19.754860264755},{"Length":5.178007,"Height":3.813842,"Demand":1.0,"DemandMax":null,"Value":19.748100572894},{"Length":4.231907,"Height":4.659752,"Demand":1.0,"DemandMax":null,"Value":19.719637107064},{"Length":5.47906,"Height":3.591996,"Demand":1.0,"DemandMax":null,"Value":19.680761603759997},{"Length":3.330772,"Height":5.896483,"Demand":1.0,"DemandMax":null,"Value":19.639840474876},{"Length":6.11716,"Height":3.204078,"Demand":1.0,"DemandMax":null,"Value":19.59985777848},{"Length":2.298031,"Height":8.517622,"Demand":1.0,"DemandMax":null,"Value":19.573759402281997},{"Length":2.321994,"Height":8.428296,"Demand":1.0,"DemandMax":null,"Value":19.570452742224},{"Length":3.693191,"Height":5.298157,"Demand":1.0,"DemandMax":null,"Value":19.567105748987},{"Length":4.714334,"Height":4.139409,"Demand":1.0,"DemandMax":null,"Value":19.514556588606},{"Length":2.315203,"Height":8.428296,"Demand":1.0,"DemandMax":null,"Value":19.513216184087998},{"Length":4.994179,"Height":3.902071,"Demand":1.0,"DemandMax":null,"Value":19.487641044708997},{"Length":2.800748,"Height":6.936316,"Demand":1.0,"DemandMax":null,"Value":19.426873164368},{"Length":2.49955,"Height":7.77059,"Demand":1.0,"DemandMax":null,"Value":19.4229782345},{"Length":4.054963,"Height":4.783199,"Demand":1.0,"DemandMax":null,"Value":19.395694966637},{"Length":5.440233,"Height":3.56448,"Demand":1.0,"DemandMax":null,"Value":19.39160172384},{"Length":3.457417,"Height":5.603278,"Demand":1.0,"DemandMax":null,"Value":19.372868612926002},{"Length":4.985599,"Height":3.87927,"Demand":1.0,"DemandMax":null,"Value":19.34048463273},{"Length":6.127545,"Height":3.151421,"Demand":1.0,"DemandMax":null,"Value":19.310473991444997},{"Length":4.77874,"Height":4.038976,"Demand":1.0,"DemandMax":null,"Value":19.30121617024},{"Length":6.966581,"Height":2.765988,"Demand":1.0,"DemandMax":null,"Value":19.269479447028},{"Length":3.851493,"Height":4.999827,"Demand":1.0,"DemandMax":null,"Value":19.256798691711},{"Length":2.250156,"Height":8.522778,"Demand":1.0,"DemandMax":null,"Value":19.177580053368},{"Length":4.705838,"Height":4.073086,"Demand":1.0,"DemandMax":null,"Value":19.167282876068},{"Length":4.573639,"Height":4.188047,"Demand":1.0,"DemandMax":null,"Value":19.154615093033},{"Length":3.753098,"Height":5.10326,"Demand":1.0,"DemandMax":null,"Value":19.153034899479998},{"Length":4.573639,"Height":4.18734,"Demand":1.0,"DemandMax":null,"Value":19.15138153026},{"Length":2.400744,"Height":7.971964,"Demand":1.0,"DemandMax":null,"Value":19.138644741215998},{"Length":6.971156,"Height":2.74459,"Demand":1.0,"DemandMax":null,"Value":19.13296504604},{"Length":5.525311,"Height":3.458704,"Demand":1.0,"DemandMax":null,"Value":19.110415256944002},{"Length":5.220576,"Height":3.657545,"Demand":1.0,"DemandMax":null,"Value":19.09449164592},{"Length":4.921582,"Height":3.87927,"Demand":1.0,"DemandMax":null,"Value":19.09214540514},{"Length":4.039848,"Height":4.692077,"Demand":1.0,"DemandMax":null,"Value":18.955277884296002},{"Length":3.726164,"Height":5.08697,"Demand":1.0,"DemandMax":null,"Value":18.95488448308},{"Length":5.035132,"Height":3.761169,"Demand":1.0,"DemandMax":null,"Value":18.937982389308},{"Length":4.420557,"Height":4.226275,"Demand":1.0,"DemandMax":null,"Value":18.682489535174998},{"Length":5.029608,"Height":3.71052,"Demand":1.0,"DemandMax":null,"Value":18.662461076159996},{"Length":4.08948,"Height":4.558461,"Demand":1.0,"DemandMax":null,"Value":18.64173509028},{"Length":6.971156,"Height":2.667738,"Demand":1.0,"DemandMax":null,"Value":18.597217765127997},{"Length":5.835691,"Height":3.185979,"Demand":1.0,"DemandMax":null,"Value":18.592388976489},{"Length":4.947707,"Height":3.757376,"Demand":1.0,"DemandMax":null,"Value":18.590395536832002},{"Length":3.05317,"Height":6.072942,"Demand":1.0,"DemandMax":null,"Value":18.541724326140002},{"Length":4.699151,"Height":3.945379,"Demand":1.0,"DemandMax":null,"Value":18.539931673229},{"Length":2.553501,"Height":7.214348,"Demand":1.0,"DemandMax":null,"Value":18.421844832348},{"Length":5.466115,"Height":3.370132,"Demand":1.0,"DemandMax":null,"Value":18.42152907718},{"Length":2.509521,"Height":7.310277,"Demand":1.0,"DemandMax":null,"Value":18.345293647317},{"Length":2.509034,"Height":7.310277,"Demand":1.0,"DemandMax":null,"Value":18.341733542418},{"Length":4.260456,"Height":4.298975,"Demand":1.0,"DemandMax":null,"Value":18.3155938326},{"Length":5.284694,"Height":3.452628,"Demand":1.0,"DemandMax":null,"Value":18.246082475831997},{"Length":3.100934,"Height":5.883572,"Demand":1.0,"DemandMax":null,"Value":18.244568456248},{"Length":4.623456,"Height":3.945379,"Demand":1.0,"DemandMax":null,"Value":18.241286209824},{"Length":5.065111,"Height":3.595381,"Demand":1.0,"DemandMax":null,"Value":18.211003852291},{"Length":4.605491,"Height":3.95188,"Demand":1.0,"DemandMax":null,"Value":18.20034777308},{"Length":7.694461,"Height":2.36428,"Demand":1.0,"DemandMax":null,"Value":18.19186025308},{"Length":3.869897,"Height":4.699685,"Demand":1.0,"DemandMax":null,"Value":18.187296882444997},{"Length":4.783749,"Height":3.801538,"Demand":1.0,"DemandMax":null,"Value":18.185603605962},{"Length":2.133616,"Height":8.522778,"Demand":1.0,"DemandMax":null,"Value":18.184335505248},{"Length":7.929629,"Height":2.293098,"Demand":1.0,"DemandMax":null,"Value":18.183416400642002},{"Length":5.238688,"Height":3.465435,"Demand":1.0,"DemandMax":null,"Value":18.154332749279998},{"Length":2.997601,"Height":6.030103,"Demand":1.0,"DemandMax":null,"Value":18.075842782903003},{"Length":5.284694,"Height":3.414494,"Demand":1.0,"DemandMax":null,"Value":18.044555954836},{"Length":4.640326,"Height":3.886029,"Demand":1.0,"DemandMax":null,"Value":18.032441405454},{"Length":7.322184,"Height":2.462108,"Demand":1.0,"DemandMax":null,"Value":18.028007803872},{"Length":2.215081,"Height":8.118263,"Demand":1.0,"DemandMax":null,"Value":17.982610124303},{"Length":5.587689,"Height":3.217735,"Demand":1.0,"DemandMax":null,"Value":17.979702464415},{"Length":7.33796,"Height":2.447543,"Demand":1.0,"DemandMax":null,"Value":17.95997263228},{"Length":2.824441,"Height":6.34586,"Demand":1.0,"DemandMax":null,"Value":17.923507164260002},{"Length":2.340776,"Height":7.646234,"Demand":1.0,"DemandMax":null,"Value":17.898121037583998},{"Length":5.474534,"Height":3.260568,"Demand":1.0,"DemandMax":null,"Value":17.850090375312},{"Length":2.503377,"Height":7.127516,"Demand":1.0,"DemandMax":null,"Value":17.842859621532},{"Length":2.196608,"Height":8.118263,"Demand":1.0,"DemandMax":null,"Value":17.832641451904},{"Length":7.322184,"Height":2.434459,"Demand":1.0,"DemandMax":null,"Value":17.825556738456},{"Length":5.690904,"Height":3.128125,"Demand":1.0,"DemandMax":null,"Value":17.801859075},{"Length":4.271234,"Height":4.16687,"Demand":1.0,"DemandMax":null,"Value":17.79767681758},{"Length":4.260717,"Height":4.16687,"Demand":1.0,"DemandMax":null,"Value":17.75385384579},{"Length":5.035132,"Height":3.511926,"Demand":1.0,"DemandMax":null,"Value":17.683010984232},{"Length":5.646703,"Height":3.128125,"Demand":1.0,"DemandMax":null,"Value":17.663592821874996},{"Length":4.795846,"Height":3.681136,"Demand":1.0,"DemandMax":null,"Value":17.654161361056},{"Length":3.687254,"Height":4.786182,"Demand":1.0,"DemandMax":null,"Value":17.647868724228},{"Length":3.265923,"Height":5.40208,"Demand":1.0,"DemandMax":null,"Value":17.64277731984},{"Length":2.60103,"Height":6.77538,"Demand":1.0,"DemandMax":null,"Value":17.6229666414},{"Length":3.851493,"Height":4.56824,"Demand":1.0,"DemandMax":null,"Value":17.594544382320002},{"Length":2.772506,"Height":6.34586,"Demand":1.0,"DemandMax":null,"Value":17.59393492516},{"Length":5.67363,"Height":3.096868,"Demand":1.0,"DemandMax":null,"Value":17.57048319084},{"Length":7.706503,"Height":2.278608,"Demand":1.0,"DemandMax":null,"Value":17.560099387824},{"Length":4.333593,"Height":4.046724,"Demand":1.0,"DemandMax":null,"Value":17.536854799331998},{"Length":5.24711,"Height":3.339684,"Demand":1.0,"DemandMax":null,"Value":17.523689313240002},{"Length":5.637759,"Height":3.096868,"Demand":1.0,"DemandMax":null,"Value":17.459395438812003},{"Length":5.235608,"Height":3.333883,"Demand":1.0,"DemandMax":null,"Value":17.454904505864},{"Length":5.103829,"Height":3.418779,"Demand":1.0,"DemandMax":null,"Value":17.448863404791},{"Length":5.289996,"Height":3.294396,"Demand":1.0,"DemandMax":null,"Value":17.427341662416},{"Length":6.966581,"Height":2.500931,"Demand":1.0,"DemandMax":null,"Value":17.422938386911},{"Length":4.84207,"Height":3.595381,"Demand":1.0,"DemandMax":null,"Value":17.409086478669998},{"Length":3.736826,"Height":4.654046,"Demand":1.0,"DemandMax":null,"Value":17.391360097996003},{"Length":5.109237,"Height":3.400364,"Demand":1.0,"DemandMax":null,"Value":17.373265562268003},{"Length":4.77874,"Height":3.634804,"Demand":1.0,"DemandMax":null,"Value":17.36978326696},{"Length":2.374665,"Height":7.310277,"Demand":1.0,"DemandMax":null,"Value":17.359458932204998},{"Length":3.807077,"Height":4.558461,"Demand":1.0,"DemandMax":null,"Value":17.354412028497002},{"Length":3.619287,"Height":4.781363,"Demand":1.0,"DemandMax":null,"Value":17.305124948181},{"Length":7.694461,"Height":2.247046,"Demand":1.0,"DemandMax":null,"Value":17.289807812206003},{"Length":5.160892,"Height":3.336044,"Demand":1.0,"DemandMax":null,"Value":17.216962791247997},{"Length":5.327313,"Height":3.215646,"Demand":1.0,"DemandMax":null,"Value":17.130752739198},{"Length":2.454128,"Height":6.942887,"Demand":1.0,"DemandMax":null,"Value":17.038733387536},{"Length":5.109237,"Height":3.324952,"Demand":1.0,"DemandMax":null,"Value":16.987967781624},{"Length":4.959976,"Height":3.422887,"Demand":1.0,"DemandMax":null,"Value":16.977437370712},{"Length":4.795846,"Height":3.533212,"Demand":1.0,"DemandMax":null,"Value":16.944740637351998},{"Length":2.919041,"Height":5.802929,"Demand":1.0,"DemandMax":null,"Value":16.938987671089},{"Length":2.753715,"Height":6.129066,"Demand":1.0,"DemandMax":null,"Value":16.87770098019},{"Length":2.294611,"Height":7.310277,"Demand":1.0,"DemandMax":null,"Value":16.774242017247},{"Length":4.261079,"Height":3.920476,"Demand":1.0,"DemandMax":null,"Value":16.705457953603997},{"Length":2.820887,"Height":5.890532,"Demand":1.0,"DemandMax":null,"Value":16.616525141884},{"Length":3.71983,"Height":4.461708,"Demand":1.0,"DemandMax":null,"Value":16.596795269639998},{"Length":3.726164,"Height":4.453719,"Demand":1.0,"DemandMax":null,"Value":16.595287403916},{"Length":7.33796,"Height":2.25799,"Demand":1.0,"DemandMax":null,"Value":16.569040300399998},{"Length":4.179239,"Height":3.96285,"Demand":1.0,"DemandMax":null,"Value":16.56169727115},{"Length":5.672354,"Height":2.918522,"Demand":1.0,"DemandMax":null,"Value":16.554889940788},{"Length":2.589387,"Height":6.386079,"Demand":1.0,"DemandMax":null,"Value":16.536029943573},{"Length":3.057106,"Height":5.40208,"Demand":1.0,"DemandMax":null,"Value":16.51473118048},{"Length":2.120621,"Height":7.77059,"Demand":1.0,"DemandMax":null,"Value":16.47847633639},{"Length":2.284106,"Height":7.214348,"Demand":1.0,"DemandMax":null,"Value":16.478335552888},{"Length":3.576063,"Height":4.604311,"Demand":1.0,"DemandMax":null,"Value":16.465306207593},{"Length":7.929629,"Height":2.076179,"Demand":1.0,"DemandMax":null,"Value":16.463329207591002},{"Length":3.693191,"Height":4.454982,"Demand":1.0,"DemandMax":null,"Value":16.453099427562},{"Length":4.063643,"Height":4.046724,"Demand":1.0,"DemandMax":null,"Value":16.444441655532},{"Length":3.479407,"Height":4.722229,"Demand":1.0,"DemandMax":null,"Value":16.430556638203},{"Length":6.857042,"Height":2.392599,"Demand":1.0,"DemandMax":null,"Value":16.406151832158},{"Length":4.959976,"Height":3.302429,"Demand":1.0,"DemandMax":null,"Value":16.379968581704002},{"Length":6.857042,"Height":2.388764,"Demand":1.0,"DemandMax":null,"Value":16.379855076088},{"Length":3.869897,"Height":4.223433,"Demand":1.0,"DemandMax":null,"Value":16.344250696400998},{"Length":4.399,"Height":3.71052,"Demand":1.0,"DemandMax":null,"Value":16.32257748},{"Length":3.271637,"Height":4.985961,"Demand":1.0,"DemandMax":null,"Value":16.312254488157},{"Length":3.576063,"Height":4.543171,"Demand":1.0,"DemandMax":null,"Value":16.246665715773002},{"Length":2.719228,"Height":5.94148,"Demand":1.0,"DemandMax":null,"Value":16.156238777440002},{"Length":3.969602,"Height":4.069663,"Demand":1.0,"DemandMax":null,"Value":16.154942384126002},{"Length":2.73159,"Height":5.897802,"Demand":1.0,"DemandMax":null,"Value":16.110376965180002},{"Length":5.620075,"Height":2.863536,"Demand":1.0,"DemandMax":null,"Value":16.0932870852},{"Length":5.999628,"Height":2.674156,"Demand":1.0,"DemandMax":null,"Value":16.043941213968},{"Length":2.658328,"Height":6.030103,"Demand":1.0,"DemandMax":null,"Value":16.029991647784},{"Length":6.717467,"Height":2.379364,"Demand":1.0,"DemandMax":null,"Value":15.983299150988},{"Length":5.570083,"Height":2.863536,"Demand":1.0,"DemandMax":null,"Value":15.950133193488},{"Length":4.705838,"Height":3.384575,"Demand":1.0,"DemandMax":null,"Value":15.92726164885},{"Length":3.681628,"Height":4.298975,"Demand":1.0,"DemandMax":null,"Value":15.827226731300002},{"Length":4.1446,"Height":3.813842,"Demand":1.0,"DemandMax":null,"Value":15.8068495532},{"Length":5.916853,"Height":2.666878,"Demand":1.0,"DemandMax":null,"Value":15.779525094934},{"Length":3.254454,"Height":4.846263,"Demand":1.0,"DemandMax":null,"Value":15.771940005402001},{"Length":4.705838,"Height":3.347448,"Demand":1.0,"DemandMax":null,"Value":15.752548001424},{"Length":4.052213,"Height":3.886029,"Demand":1.0,"DemandMax":null,"Value":15.747017232177},{"Length":6.72174,"Height":2.340117,"Demand":1.0,"DemandMax":null,"Value":15.729658043579997},{"Length":3.254454,"Height":4.832983,"Demand":1.0,"DemandMax":null,"Value":15.728720856282},{"Length":3.025155,"Height":5.198555,"Demand":1.0,"DemandMax":null,"Value":15.726434651024999},{"Length":3.496128,"Height":4.496062,"Demand":1.0,"DemandMax":null,"Value":15.718808247936002},{"Length":4.003412,"Height":3.920476,"Demand":1.0,"DemandMax":null,"Value":15.695280664112},{"Length":3.956928,"Height":3.96285,"Demand":1.0,"DemandMax":null,"Value":15.6807121248},{"Length":6.166193,"Height":2.541157,"Demand":1.0,"DemandMax":null,"Value":15.669264505301},{"Length":4.683792,"Height":3.336044,"Demand":1.0,"DemandMax":null,"Value":15.625336198848},{"Length":2.445275,"Height":6.386079,"Demand":1.0,"DemandMax":null,"Value":15.615719326725},{"Length":3.470453,"Height":4.496062,"Demand":1.0,"DemandMax":null,"Value":15.603371856086001},{"Length":3.627653,"Height":4.298975,"Demand":1.0,"DemandMax":null,"Value":15.595189555675002},{"Length":2.647274,"Height":5.890532,"Demand":1.0,"DemandMax":null,"Value":15.593852209768},{"Length":5.198541,"Height":2.996406,"Demand":1.0,"DemandMax":null,"Value":15.576939443645998},{"Length":5.179678,"Height":3.006199,"Demand":1.0,"DemandMax":null,"Value":15.571142823922},{"Length":3.62833,"Height":4.286253,"Demand":1.0,"DemandMax":null,"Value":15.551940347490001},{"Length":7.038299,"Height":2.204041,"Demand":1.0,"DemandMax":null,"Value":15.512699566259002},{"Length":5.999628,"Height":2.575783,"Demand":1.0,"DemandMax":null,"Value":15.453739808724},{"Length":4.337486,"Height":3.556804,"Demand":1.0,"DemandMax":null,"Value":15.427587554744001},{"Length":6.72174,"Height":2.294492,"Demand":1.0,"DemandMax":null,"Value":15.42297865608},{"Length":3.090237,"Height":4.982518,"Demand":1.0,"DemandMax":null,"Value":15.397161476766},{"Length":2.960799,"Height":5.198555,"Demand":1.0,"DemandMax":null,"Value":15.391876445445},{"Length":6.448632,"Height":2.383437,"Demand":1.0,"DemandMax":null,"Value":15.369908108184},{"Length":3.207293,"Height":4.783199,"Demand":1.0,"DemandMax":null,"Value":15.341120670307},{"Length":6.025616,"Height":2.545305,"Demand":1.0,"DemandMax":null,"Value":15.33703053288},{"Length":6.448632,"Height":2.376949,"Demand":1.0,"DemandMax":null,"Value":15.328069383768002},{"Length":6.717467,"Height":2.280388,"Demand":1.0,"DemandMax":null,"Value":15.318431137195999},{"Length":3.073095,"Height":4.982518,"Demand":1.0,"DemandMax":null,"Value":15.311751153209999},{"Length":4.973609,"Height":3.078159,"Demand":1.0,"DemandMax":null,"Value":15.309559305830998},{"Length":2.972283,"Height":5.146326,"Demand":1.0,"DemandMax":null,"Value":15.296337282258001},{"Length":3.211892,"Height":4.760386,"Demand":1.0,"DemandMax":null,"Value":15.289845710312},{"Length":2.846657,"Height":5.358994,"Demand":1.0,"DemandMax":null,"Value":15.255217783058},{"Length":3.064991,"Height":4.973671,"Demand":1.0,"DemandMax":null,"Value":15.244256851961001},{"Length":5.196999,"Height":2.923045,"Demand":1.0,"DemandMax":null,"Value":15.191061941955},{"Length":6.32303,"Height":2.40231,"Demand":1.0,"DemandMax":null,"Value":15.1898781993},{"Length":6.873563,"Height":2.209559,"Demand":1.0,"DemandMax":null,"Value":15.187542988717},{"Length":5.426574,"Height":2.774449,"Demand":1.0,"DemandMax":null,"Value":15.055752807726},{"Length":3.06765,"Height":4.877604,"Demand":1.0,"DemandMax":null,"Value":14.962781910599999},{"Length":3.12003,"Height":4.783199,"Demand":1.0,"DemandMax":null,"Value":14.923724375969998},{"Length":4.261809,"Height":3.463012,"Demand":1.0,"DemandMax":null,"Value":14.758695708708002},{"Length":4.162354,"Height":3.544314,"Demand":1.0,"DemandMax":null,"Value":14.752689555155998},{"Length":6.225451,"Height":2.349083,"Demand":1.0,"DemandMax":null,"Value":14.624101111432998},{"Length":6.736854,"Height":2.169093,"Demand":1.0,"DemandMax":null,"Value":14.612862853422001},{"Length":3.976433,"Height":3.651055,"Demand":1.0,"DemandMax":null,"Value":14.518175586815},{"Length":2.465248,"Height":5.883572,"Demand":1.0,"DemandMax":null,"Value":14.504464105856},{"Length":5.426574,"Height":2.65922,"Demand":1.0,"DemandMax":null,"Value":14.430454112279998},{"Length":4.165573,"Height":3.463012,"Demand":1.0,"DemandMax":null,"Value":14.425429285876001},{"Length":2.749739,"Height":5.146326,"Demand":1.0,"DemandMax":null,"Value":14.151053308914},{"Length":6.32303,"Height":2.236111,"Demand":1.0,"DemandMax":null,"Value":14.13899693633},{"Length":2.485427,"Height":5.680148,"Demand":1.0,"DemandMax":null,"Value":14.117593203196},{"Length":4.803975,"Height":2.918522,"Demand":1.0,"DemandMax":null,"Value":14.02050672495},{"Length":3.064991,"Height":4.567018,"Demand":1.0,"DemandMax":null,"Value":13.997869066838},{"Length":6.166193,"Height":2.266524,"Demand":1.0,"DemandMax":null,"Value":13.975824423132},{"Length":6.736854,"Height":2.067431,"Demand":1.0,"DemandMax":null,"Value":13.927980802074},{"Length":6.51757,"Height":2.132552,"Demand":1.0,"DemandMax":null,"Value":13.89905693864},{"Length":2.343488,"Height":5.915833,"Demand":1.0,"DemandMax":null,"Value":13.863683645503999},{"Length":2.141227,"Height":6.471185,"Demand":1.0,"DemandMax":null,"Value":13.856276043995003},{"Length":4.649121,"Height":2.977059,"Demand":1.0,"DemandMax":null,"Value":13.840707515139},{"Length":6.227091,"Height":2.222372,"Demand":1.0,"DemandMax":null,"Value":13.838912679852},{"Length":3.706101,"Height":3.731804,"Demand":1.0,"DemandMax":null,"Value":13.830442536204},{"Length":2.579917,"Height":5.358994,"Demand":1.0,"DemandMax":null,"Value":13.825759723498},{"Length":6.873563,"Height":2.001939,"Demand":1.0,"DemandMax":null,"Value":13.760453838657},{"Length":3.14067,"Height":4.36586,"Demand":1.0,"DemandMax":null,"Value":13.711725526199999},{"Length":2.809411,"Height":4.873831,"Demand":1.0,"DemandMax":null,"Value":13.692594423541},{"Length":2.84735,"Height":4.786182,"Demand":1.0,"DemandMax":null,"Value":13.6279353177},{"Length":3.06765,"Height":4.436194,"Demand":1.0,"DemandMax":null,"Value":13.608690524100002},{"Length":2.809411,"Height":4.805416,"Demand":1.0,"DemandMax":null,"Value":13.500388569976},{"Length":3.061114,"Height":4.36586,"Demand":1.0,"DemandMax":null,"Value":13.364395168039998},{"Length":3.341328,"Height":3.999189,"Demand":1.0,"DemandMax":null,"Value":13.362602182992},{"Length":7.038299,"Height":1.897983,"Demand":1.0,"DemandMax":null,"Value":13.358571850917},{"Length":6.227091,"Height":2.143489,"Demand":1.0,"DemandMax":null,"Value":13.347701060499},{"Length":3.108524,"Height":4.286253,"Demand":1.0,"DemandMax":null,"Value":13.323920320572002},{"Length":5.196999,"Height":2.555676,"Demand":1.0,"DemandMax":null,"Value":13.281845616324},{"Length":4.534485,"Height":2.924107,"Demand":1.0,"DemandMax":null,"Value":13.259319329895},{"Length":2.442389,"Height":5.414953,"Demand":1.0,"DemandMax":null,"Value":13.225421642716999},{"Length":3.355966,"Height":3.886029,"Demand":1.0,"DemandMax":null,"Value":13.041381199014001},{"Length":2.043867,"Height":6.34586,"Demand":1.0,"DemandMax":null,"Value":12.97009384062},{"Length":6.873563,"Height":1.885108,"Demand":1.0,"DemandMax":null,"Value":12.957408599804},{"Length":2.712185,"Height":4.760386,"Demand":1.0,"DemandMax":null,"Value":12.911047503409998},{"Length":3.321288,"Height":3.886029,"Demand":1.0,"DemandMax":null,"Value":12.906621485352},{"Length":3.785769,"Height":3.401687,"Demand":1.0,"DemandMax":null,"Value":12.878001192303},{"Length":2.73159,"Height":4.71023,"Demand":1.0,"DemandMax":null,"Value":12.866417165700002},{"Length":2.534573,"Height":5.067452,"Demand":1.0,"DemandMax":null,"Value":12.843827017996},{"Length":2.834371,"Height":4.528305,"Demand":1.0,"DemandMax":null,"Value":12.834896371154999},{"Length":2.567057,"Height":4.985961,"Demand":1.0,"DemandMax":null,"Value":12.799246086777},{"Length":6.51757,"Height":1.957686,"Demand":1.0,"DemandMax":null,"Value":12.75935554302},{"Length":3.534834,"Height":3.598921,"Demand":1.0,"DemandMax":null,"Value":12.721588314114},{"Length":4.649121,"Height":2.706402,"Demand":1.0,"DemandMax":null,"Value":12.582390372642001},{"Length":2.985098,"Height":4.191334,"Demand":1.0,"DemandMax":null,"Value":12.511542740732},{"Length":3.675526,"Height":3.401687,"Demand":1.0,"DemandMax":null,"Value":12.502989012362},{"Length":3.316784,"Height":3.757376,"Demand":1.0,"DemandMax":null,"Value":12.462404598784},{"Length":6.402225,"Height":1.938825,"Demand":1.0,"DemandMax":null,"Value":12.412793885625},{"Length":2.919041,"Height":4.24466,"Demand":1.0,"DemandMax":null,"Value":12.390336571059999},{"Length":6.025616,"Height":2.054856,"Demand":1.0,"DemandMax":null,"Value":12.381773191296},{"Length":2.004569,"Height":6.127949,"Demand":1.0,"DemandMax":null,"Value":12.283896598981},{"Length":3.685243,"Height":3.318868,"Demand":1.0,"DemandMax":null,"Value":12.230835064924},{"Length":2.981028,"Height":4.084838,"Demand":1.0,"DemandMax":null,"Value":12.177016453464},{"Length":4.440298,"Height":2.742257,"Demand":1.0,"DemandMax":null,"Value":12.176438272586001},{"Length":1.985255,"Height":6.127949,"Demand":1.0,"DemandMax":null,"Value":12.165541391995},{"Length":3.341328,"Height":3.640808,"Demand":1.0,"DemandMax":null,"Value":12.165133713023998},{"Length":4.783749,"Height":2.539349,"Demand":1.0,"DemandMax":null,"Value":12.147608239401},{"Length":6.225451,"Height":1.949679,"Demand":1.0,"DemandMax":null,"Value":12.137631080229},{"Length":3.05317,"Height":3.974647,"Demand":1.0,"DemandMax":null,"Value":12.13527298099},{"Length":4.783749,"Height":2.534439,"Demand":1.0,"DemandMax":null,"Value":12.124120031811},{"Length":1.909655,"Height":6.34586,"Demand":1.0,"DemandMax":null,"Value":12.1184032783},{"Length":2.534573,"Height":4.778702,"Demand":1.0,"DemandMax":null,"Value":12.111969064246},{"Length":4.649121,"Height":2.60175,"Demand":1.0,"DemandMax":null,"Value":12.09585056175},{"Length":3.550347,"Height":3.401687,"Demand":1.0,"DemandMax":null,"Value":12.077169235388999},{"Length":3.636941,"Height":3.318868,"Demand":1.0,"DemandMax":null,"Value":12.070527102788},{"Length":2.037373,"Height":5.915833,"Demand":1.0,"DemandMax":null,"Value":12.052758426709001},{"Length":4.649121,"Height":2.592247,"Demand":1.0,"DemandMax":null,"Value":12.051669964887},{"Length":3.744466,"Height":3.215646,"Demand":1.0,"DemandMax":null,"Value":12.040877115036},{"Length":2.144489,"Height":5.603278,"Demand":1.0,"DemandMax":null,"Value":12.016168034942002},{"Length":3.338729,"Height":3.598921,"Demand":1.0,"DemandMax":null,"Value":12.015821911408999},{"Length":2.935825,"Height":4.084838,"Demand":1.0,"DemandMax":null,"Value":11.992369521350001},{"Length":6.025616,"Height":1.935117,"Demand":1.0,"DemandMax":null,"Value":11.660271957072},{"Length":3.337667,"Height":3.469444,"Demand":1.0,"DemandMax":null,"Value":11.579848747148},{"Length":2.676469,"Height":4.124094,"Demand":1.0,"DemandMax":null,"Value":11.038009744086},{"Length":2.985098,"Height":3.657545,"Demand":1.0,"DemandMax":null,"Value":10.91813026441},{"Length":4.010436,"Height":2.70391,"Demand":1.0,"DemandMax":null,"Value":10.843858004760001},{"Length":2.014157,"Height":5.331586,"Demand":1.0,"DemandMax":null,"Value":10.738651263002},{"Length":3.706101,"Height":2.875939,"Demand":1.0,"DemandMax":null,"Value":10.658520403838999},{"Length":3.00664,"Height":3.458704,"Demand":1.0,"DemandMax":null,"Value":10.39907779456},{"Length":2.719228,"Height":3.78922,"Demand":1.0,"DemandMax":null,"Value":10.30375312216},{"Length":2.834371,"Height":3.626441,"Demand":1.0,"DemandMax":null,"Value":10.278679203610999},{"Length":2.232425,"Height":4.581212,"Demand":1.0,"DemandMax":null,"Value":10.2272121991},{"Length":3.099071,"Height":3.294396,"Demand":1.0,"DemandMax":null,"Value":10.209567106116},{"Length":2.442389,"Height":4.153114,"Demand":1.0,"DemandMax":null,"Value":10.143519949346},{"Length":2.485427,"Height":4.050552,"Demand":1.0,"DemandMax":null,"Value":10.067351305704},{"Length":3.283242,"Height":3.061774,"Demand":1.0,"DemandMax":null,"Value":10.052544991308},{"Length":1.875792,"Height":5.331586,"Demand":1.0,"DemandMax":null,"Value":10.000946366111998},{"Length":3.696067,"Height":2.70391,"Demand":1.0,"DemandMax":null,"Value":9.99383252197},{"Length":2.920168,"Height":3.418779,"Demand":1.0,"DemandMax":null,"Value":9.9834090348719986},{"Length":3.000972,"Height":3.294396,"Demand":1.0,"DemandMax":null,"Value":9.886390152912},{"Length":2.118241,"Height":4.654046,"Demand":1.0,"DemandMax":null,"Value":9.8583910530859988},{"Length":2.04659,"Height":4.783199,"Demand":1.0,"DemandMax":null,"Value":9.7892472414100009},{"Length":2.807211,"Height":3.469444,"Demand":1.0,"DemandMax":null,"Value":9.739461360684},{"Length":2.799434,"Height":3.418779,"Demand":1.0,"DemandMax":null,"Value":9.570646171086},{"Length":3.149225,"Height":3.006199,"Demand":1.0,"DemandMax":null,"Value":9.467197045775},{"Length":2.676469,"Height":3.52214,"Demand":1.0,"DemandMax":null,"Value":9.42689852366},{"Length":2.881397,"Height":3.260568,"Demand":1.0,"DemandMax":null,"Value":9.3949908534960009},{"Length":2.877531,"Height":3.260568,"Demand":1.0,"DemandMax":null,"Value":9.382385497608},{"Length":4.973609,"Height":1.885525,"Demand":1.0,"DemandMax":null,"Value":9.377864109725},{"Length":3.222986,"Height":2.905651,"Demand":1.0,"DemandMax":null,"Value":9.364872493886},{"Length":3.039787,"Height":3.061774,"Demand":1.0,"DemandMax":null,"Value":9.307140802138},{"Length":2.883963,"Height":3.217735,"Demand":1.0,"DemandMax":null,"Value":9.279828683805},{"Length":2.81547,"Height":3.293477,"Demand":1.0,"DemandMax":null,"Value":9.27268568919},{"Length":2.81547,"Height":3.290576,"Demand":1.0,"DemandMax":null,"Value":9.26451801072},{"Length":2.305094,"Height":4.011622,"Demand":1.0,"DemandMax":null,"Value":9.247165802468},{"Length":2.865955,"Height":3.217735,"Demand":1.0,"DemandMax":null,"Value":9.221883711924999},{"Length":4.534485,"Height":2.033108,"Demand":1.0,"DemandMax":null,"Value":9.21909772938},{"Length":3.061135,"Height":3.006199,"Demand":1.0,"DemandMax":null,"Value":9.202380975865001},{"Length":1.975179,"Height":4.654046,"Demand":1.0,"DemandMax":null,"Value":9.192573924234},{"Length":2.305094,"Height":3.960342,"Demand":1.0,"DemandMax":null,"Value":9.128960582148}]}