{"Name":"Nice21_200","Objects":[{"Length":100.0,"Height":100.0,"Stock":null,"Cost":10000.0}],"Items":[{"Length":25.0658,"Height":6.746123,"Demand":1.0,"DemandMax":null,"Value":169.0969698934},{"Length":14.94665,"Height":10.78583,"Demand":1.0,"DemandMax":null,"Value":161.21202596950002},{"Length":12.28749,"Height":11.56756,"Demand":1.0,"DemandMax":null,"Value":142.1362778244},{"Length":7.275393,"Height":19.43133,"Demand":1.0,"DemandMax":null,"Value":141.37056226269},{"Length":14.56172,"Height":9.334783,"Demand":1.0,"DemandMax":null,"Value":135.93049630675998},{"Length":12.81416,"Height":9.86618,"Demand":1.0,"DemandMax":null,"Value":126.42680910879999},{"Length":13.54713,"Height":9.194499,"Demand":1.0,"DemandMax":null,"Value":124.55907323787},{"Length":10.5428,"Height":11.79865,"Demand":1.0,"DemandMax":null,"Value":124.39080722},{"Length":12.21338,"Height":9.919199,"Demand":1.0,"DemandMax":null,"Value":121.14694668262001},{"Length":15.12214,"Height":7.515013,"Demand":1.0,"DemandMax":null,"Value":113.64307868782},{"Length":12.81416,"Height":8.817078,"Demand":1.0,"DemandMax":null,"Value":112.98344822448},{"Length":5.332361,"Height":19.43133,"Demand":1.0,"DemandMax":null,"Value":103.61486627013},{"Length":6.276899,"Height":16.32914,"Demand":1.0,"DemandMax":null,"Value":102.49636253685999},{"Length":5.637589,"Height":18.13531,"Demand":1.0,"DemandMax":null,"Value":102.23942416759},{"Length":7.06713,"Height":14.35925,"Demand":1.0,"DemandMax":null,"Value":101.47868645249999},{"Length":13.07405,"Height":7.719759,"Demand":1.0,"DemandMax":null,"Value":100.92851515395},{"Length":10.47952,"Height":9.482723,"Demand":1.0,"DemandMax":null,"Value":99.37438533296},{"Length":5.071795,"Height":19.43133,"Demand":1.0,"DemandMax":null,"Value":98.551722337349986},{"Length":18.35578,"Height":5.330036,"Demand":1.0,"DemandMax":null,"Value":97.83696820808},{"Length":11.94424,"Height":8.02039,"Demand":1.0,"DemandMax":null,"Value":95.797463053600012},{"Length":4.876347,"Height":19.43133,"Demand":1.0,"DemandMax":null,"Value":94.75390775151},{"Length":15.52164,"Height":6.096997,"Demand":1.0,"DemandMax":null,"Value":94.63539251508},{"Length":17.79269,"Height":5.138515,"Demand":1.0,"DemandMax":null,"Value":91.42800445535},{"Length":11.78187,"Height":7.609719,"Demand":1.0,"DemandMax":null,"Value":89.65671999453},{"Length":5.447205,"Height":16.29889,"Demand":1.0,"DemandMax":null,"Value":88.78339510245},{"Length":9.008298,"Height":9.743682,"Demand":1.0,"DemandMax":null,"Value":87.77399107323599},{"Length":8.262985,"Height":10.51578,"Demand":1.0,"DemandMax":null,"Value":86.8917324033},{"Length":6.870532,"Height":12.32988,"Demand":1.0,"DemandMax":null,"Value":84.712835096159992},{"Length":17.79269,"Height":4.64556,"Demand":1.0,"DemandMax":null,"Value":82.657008956399991},{"Length":9.882366,"Height":8.210732,"Demand":1.0,"DemandMax":null,"Value":81.141458751912},{"Length":5.397399,"Height":14.39765,"Demand":1.0,"DemandMax":null,"Value":77.70986171235},{"Length":6.353189,"Height":12.15822,"Demand":1.0,"DemandMax":null,"Value":77.24346956358},{"Length":8.070298,"Height":9.550804,"Demand":1.0,"DemandMax":null,"Value":77.077834419592},{"Length":9.608648,"Height":8.02039,"Demand":1.0,"DemandMax":null,"Value":77.065104332720011},{"Length":5.173557,"Height":14.35925,"Demand":1.0,"DemandMax":null,"Value":74.28839835225},{"Length":11.91987,"Height":6.144525,"Demand":1.0,"DemandMax":null,"Value":73.24193921175},{"Length":5.014001,"Height":14.5493,"Demand":1.0,"DemandMax":null,"Value":72.950204749300013},{"Length":4.248321,"Height":16.32914,"Demand":1.0,"DemandMax":null,"Value":69.371428373939992},{"Length":11.07337,"Height":6.094621,"Demand":1.0,"DemandMax":null,"Value":67.487993342770011},{"Length":5.714931,"Height":11.46497,"Demand":1.0,"DemandMax":null,"Value":65.52151246707},{"Length":10.92688,"Height":5.877801,"Demand":1.0,"DemandMax":null,"Value":64.22602619088},{"Length":6.29305,"Height":9.941648,"Demand":1.0,"DemandMax":null,"Value":62.5632879464},{"Length":13.56622,"Height":4.544908,"Demand":1.0,"DemandMax":null,"Value":61.65722180776},{"Length":7.431487,"Height":8.175299,"Demand":1.0,"DemandMax":null,"Value":60.754628239613005},{"Length":14.94665,"Height":4.04846,"Demand":1.0,"DemandMax":null,"Value":60.510914659000008},{"Length":15.03512,"Height":4.003995,"Demand":1.0,"DemandMax":null,"Value":60.200545304399995},{"Length":6.29305,"Height":9.489679,"Demand":1.0,"DemandMax":null,"Value":59.719024430950007},{"Length":7.470901,"Height":7.945116,"Demand":1.0,"DemandMax":null,"Value":59.357175069515996},{"Length":9.584613,"Height":6.155457,"Demand":1.0,"DemandMax":null,"Value":58.997673183140996},{"Length":14.68676,"Height":4.00471,"Demand":1.0,"DemandMax":null,"Value":58.8162146396},{"Length":15.03512,"Height":3.905126,"Demand":1.0,"DemandMax":null,"Value":58.71403802512},{"Length":6.611818,"Height":8.715886,"Demand":1.0,"DemandMax":null,"Value":57.627851940748},{"Length":14.21587,"Height":3.971909,"Demand":1.0,"DemandMax":null,"Value":56.464141995830005},{"Length":5.444779,"Height":10.3686,"Demand":1.0,"DemandMax":null,"Value":56.4547355394},{"Length":6.422294,"Height":8.782132,"Demand":1.0,"DemandMax":null,"Value":56.401433650808},{"Length":11.76498,"Height":4.784834,"Demand":1.0,"DemandMax":null,"Value":56.29347631332},{"Length":5.963015,"Height":9.334783,"Demand":1.0,"DemandMax":null,"Value":55.663451050745},{"Length":3.793001,"Height":14.5493,"Demand":1.0,"DemandMax":null,"Value":55.1855094493},{"Length":13.62452,"Height":3.974929,"Demand":1.0,"DemandMax":null,"Value":54.15649965908},{"Length":13.62452,"Height":3.934192,"Demand":1.0,"DemandMax":null,"Value":53.60147758784},{"Length":7.971967,"Height":6.699154,"Demand":1.0,"DemandMax":null,"Value":53.405434615918004},{"Length":4.353289,"Height":12.23962,"Demand":1.0,"DemandMax":null,"Value":53.282603110180006},{"Length":13.70649,"Height":3.880909,"Demand":1.0,"DemandMax":null,"Value":53.19364039941},{"Length":6.270039,"Height":8.321329,"Demand":1.0,"DemandMax":null,"Value":52.175057361831},{"Length":6.807868,"Height":7.64312,"Demand":1.0,"DemandMax":null,"Value":52.03335206816},{"Length":7.238692,"Height":7.168284,"Demand":1.0,"DemandMax":null,"Value":51.889000044528004},{"Length":6.749909,"Height":7.593788,"Demand":1.0,"DemandMax":null,"Value":51.257377965292},{"Length":5.818392,"Height":8.782132,"Demand":1.0,"DemandMax":null,"Value":51.097886571744006},{"Length":5.45612,"Height":9.334783,"Demand":1.0,"DemandMax":null,"Value":50.93169622196},{"Length":3.715653,"Height":13.54823,"Demand":1.0,"DemandMax":null,"Value":50.34052144419},{"Length":7.110928,"Height":6.994837,"Demand":1.0,"DemandMax":null,"Value":49.739782278736008},{"Length":4.996299,"Height":9.943996,"Demand":1.0,"DemandMax":null,"Value":49.683177270803995},{"Length":6.430749,"Height":7.515013,"Demand":1.0,"DemandMax":null,"Value":48.327162334737},{"Length":3.912494,"Height":12.32988,"Demand":1.0,"DemandMax":null,"Value":48.24058152072},{"Length":9.487374,"Height":5.076254,"Demand":1.0,"DemandMax":null,"Value":48.160320216996},{"Length":10.42109,"Height":4.613961,"Demand":1.0,"DemandMax":null,"Value":48.08250283749},{"Length":11.76498,"Height":4.033921,"Demand":1.0,"DemandMax":null,"Value":47.45899988658},{"Length":7.525079,"Height":6.300004,"Demand":1.0,"DemandMax":null,"Value":47.408027800316},{"Length":7.431487,"Height":6.374001,"Demand":1.0,"DemandMax":null,"Value":47.368305569487},{"Length":7.238692,"Height":6.379951,"Demand":1.0,"DemandMax":null,"Value":46.182500264092006},{"Length":9.487374,"Height":4.867743,"Demand":1.0,"DemandMax":null,"Value":46.182098376882},{"Length":5.095593,"Height":8.759029,"Demand":1.0,"DemandMax":null,"Value":44.632446859197},{"Length":3.60435,"Height":12.23962,"Demand":1.0,"DemandMax":null,"Value":44.115874347},{"Length":4.934221,"Height":8.897784,"Demand":1.0,"DemandMax":null,"Value":43.903632666263995},{"Length":6.243172,"Height":6.949467,"Demand":1.0,"DemandMax":null,"Value":43.386717789324},{"Length":11.02964,"Height":3.848826,"Demand":1.0,"DemandMax":null,"Value":42.45116520264},{"Length":7.110928,"Height":5.916144,"Demand":1.0,"DemandMax":null,"Value":42.069274021632005},{"Length":5.191255,"Height":8.044244,"Demand":1.0,"DemandMax":null,"Value":41.759721886220007},{"Length":4.033362,"Height":10.30671,"Demand":1.0,"DemandMax":null,"Value":41.570692459020009},{"Length":5.555974,"Height":7.420891,"Demand":1.0,"DemandMax":null,"Value":41.230277452834},{"Length":6.145497,"Height":6.663152,"Demand":1.0,"DemandMax":null,"Value":40.948380626544},{"Length":8.227158,"Height":4.846846,"Demand":1.0,"DemandMax":null,"Value":39.875767843668},{"Length":3.231424,"Height":12.15822,"Demand":1.0,"DemandMax":null,"Value":39.28836390528},{"Length":5.170853,"Height":7.577865,"Demand":1.0,"DemandMax":null,"Value":39.184025968845},{"Length":4.138877,"Height":9.443131,"Demand":1.0,"DemandMax":null,"Value":39.083957703886995},{"Length":5.874758,"Height":6.616709,"Demand":1.0,"DemandMax":null,"Value":38.871564131422},{"Length":7.639005,"Height":5.052886,"Demand":1.0,"DemandMax":null,"Value":38.59902141843},{"Length":5.095593,"Height":7.539858,"Demand":1.0,"DemandMax":null,"Value":38.420047645794},{"Length":9.045651,"Height":4.238144,"Demand":1.0,"DemandMax":null,"Value":38.336771511744},{"Length":3.819668,"Height":10.02913,"Demand":1.0,"DemandMax":null,"Value":38.30794692884},{"Length":10.92688,"Height":3.50187,"Demand":1.0,"DemandMax":null,"Value":38.2645132656},{"Length":4.752641,"Height":8.044244,"Demand":1.0,"DemandMax":null,"Value":38.231403848404},{"Length":4.166878,"Height":9.172511,"Demand":1.0,"DemandMax":null,"Value":38.220734290657994},{"Length":3.072005,"Height":12.23962,"Demand":1.0,"DemandMax":null,"Value":37.6001738381},{"Length":11.07337,"Height":3.388103,"Demand":1.0,"DemandMax":null,"Value":37.51771811711},{"Length":3.705411,"Height":10.02913,"Demand":1.0,"DemandMax":null,"Value":37.16204862243},{"Length":6.031252,"Height":6.096997,"Demand":1.0,"DemandMax":null,"Value":36.772525350244},{"Length":7.934689,"Height":4.613961,"Demand":1.0,"DemandMax":null,"Value":36.610345593129},{"Length":9.008298,"Height":3.956202,"Demand":1.0,"DemandMax":null,"Value":35.638646564196},{"Length":5.170853,"Height":6.852868,"Demand":1.0,"DemandMax":null,"Value":35.435173056404004},{"Length":3.327499,"Height":10.63078,"Demand":1.0,"DemandMax":null,"Value":35.373909819219996},{"Length":6.847651,"Height":5.135402,"Demand":1.0,"DemandMax":null,"Value":35.165440640702},{"Length":5.918508,"Height":5.939492,"Demand":1.0,"DemandMax":null,"Value":35.152930917936004},{"Length":6.177327,"Height":5.681055,"Demand":1.0,"DemandMax":null,"Value":35.093734439985},{"Length":4.154738,"Height":8.428676,"Demand":1.0,"DemandMax":null,"Value":35.018940466888},{"Length":5.171183,"Height":6.699154,"Demand":1.0,"DemandMax":null,"Value":34.642551279182},{"Length":10.78303,"Height":3.201055,"Demand":1.0,"DemandMax":null,"Value":34.517072096650004},{"Length":4.195924,"Height":8.165516,"Demand":1.0,"DemandMax":null,"Value":34.261884556784},{"Length":4.195924,"Height":8.163622,"Demand":1.0,"DemandMax":null,"Value":34.253937476728},{"Length":3.314877,"Height":10.30671,"Demand":1.0,"DemandMax":null,"Value":34.165475924670005},{"Length":2.895945,"Height":11.56756,"Demand":1.0,"DemandMax":null,"Value":33.4990175442},{"Length":4.997422,"Height":6.699154,"Demand":1.0,"DemandMax":null,"Value":33.478499580988},{"Length":8.262985,"Height":4.033522,"Demand":1.0,"DemandMax":null,"Value":33.32893178317},{"Length":9.882366,"Height":3.356825,"Demand":1.0,"DemandMax":null,"Value":33.173373247949996},{"Length":4.154738,"Height":7.900462,"Demand":1.0,"DemandMax":null,"Value":32.824349688956},{"Length":4.683711,"Height":6.949467,"Demand":1.0,"DemandMax":null,"Value":32.549295032037},{"Length":3.634116,"Height":8.949717,"Demand":1.0,"DemandMax":null,"Value":32.524309745172},{"Length":4.908267,"Height":6.616709,"Demand":1.0,"DemandMax":null,"Value":32.476574433303},{"Length":4.014989,"Height":8.044244,"Demand":1.0,"DemandMax":null,"Value":32.297551173316},{"Length":7.404133,"Height":4.358892,"Demand":1.0,"DemandMax":null,"Value":32.273816100636},{"Length":5.170853,"Height":6.236078,"Demand":1.0,"DemandMax":null,"Value":32.245842634534},{"Length":5.998241,"Height":5.309939,"Demand":1.0,"DemandMax":null,"Value":31.850293817299},{"Length":6.616148,"Height":4.758953,"Demand":1.0,"DemandMax":null,"Value":31.485937373044},{"Length":7.400611,"Height":4.238144,"Demand":1.0,"DemandMax":null,"Value":31.364855105984},{"Length":7.144583,"Height":4.353736,"Demand":1.0,"DemandMax":null,"Value":31.105628212087996},{"Length":3.158474,"Height":9.832209,"Demand":1.0,"DemandMax":null,"Value":31.054776489066},{"Length":3.833807,"Height":8.044244,"Demand":1.0,"DemandMax":null,"Value":30.840078956908005},{"Length":3.537273,"Height":8.715886,"Demand":1.0,"DemandMax":null,"Value":30.830468218877996},{"Length":4.368938,"Height":7.042032,"Demand":1.0,"DemandMax":null,"Value":30.766201202016},{"Length":2.977731,"Height":10.30671,"Demand":1.0,"DemandMax":null,"Value":30.69060987501},{"Length":3.111564,"Height":9.832209,"Demand":1.0,"DemandMax":null,"Value":30.593547564876},{"Length":7.110928,"Height":4.295266,"Demand":1.0,"DemandMax":null,"Value":30.543327266848},{"Length":4.937686,"Height":6.144525,"Demand":1.0,"DemandMax":null,"Value":30.33973506915},{"Length":6.749909,"Height":4.472043,"Demand":1.0,"DemandMax":null,"Value":30.185883294087},{"Length":5.927212,"Height":5.052886,"Demand":1.0,"DemandMax":null,"Value":29.949526533832},{"Length":2.788107,"Height":10.73265,"Demand":1.0,"DemandMax":null,"Value":29.92377659355},{"Length":4.769785,"Height":6.249843,"Demand":1.0,"DemandMax":null,"Value":29.810407393755},{"Length":7.110928,"Height":4.192133,"Demand":1.0,"DemandMax":null,"Value":29.809955929424003},{"Length":3.417125,"Height":8.715886,"Demand":1.0,"DemandMax":null,"Value":29.78327194775},{"Length":2.767867,"Height":10.73265,"Demand":1.0,"DemandMax":null,"Value":29.70654775755},{"Length":7.031603,"Height":4.19757,"Demand":1.0,"DemandMax":null,"Value":29.515645804709997},{"Length":5.194038,"Height":5.681055,"Demand":1.0,"DemandMax":null,"Value":29.507615550089998},{"Length":3.104683,"Height":9.471278,"Demand":1.0,"DemandMax":null,"Value":29.405315794874},{"Length":6.616148,"Height":4.413558,"Demand":1.0,"DemandMax":null,"Value":29.200752934584},{"Length":3.537691,"Height":8.239801,"Demand":1.0,"DemandMax":null,"Value":29.149869839491},{"Length":5.219217,"Height":5.573,"Demand":1.0,"DemandMax":null,"Value":29.086696341000003},{"Length":5.988713,"Height":4.846846,"Demand":1.0,"DemandMax":null,"Value":29.026369649198},{"Length":7.531881,"Height":3.848964,"Demand":1.0,"DemandMax":null,"Value":28.989938821284003},{"Length":4.864518,"Height":5.939492,"Demand":1.0,"DemandMax":null,"Value":28.892765744856003},{"Length":4.695336,"Height":6.144525,"Demand":1.0,"DemandMax":null,"Value":28.8506094354},{"Length":5.074897,"Height":5.681055,"Demand":1.0,"DemandMax":null,"Value":28.830768976334998},{"Length":3.039601,"Height":9.471278,"Demand":1.0,"DemandMax":null,"Value":28.788906080078},{"Length":6.749909,"Height":4.263307,"Demand":1.0,"DemandMax":null,"Value":28.776934289063},{"Length":3.485023,"Height":8.239801,"Demand":1.0,"DemandMax":null,"Value":28.715896000423},{"Length":2.68561,"Height":10.63078,"Demand":1.0,"DemandMax":null,"Value":28.5501290758},{"Length":7.414767,"Height":3.848964,"Demand":1.0,"DemandMax":null,"Value":28.539171251388},{"Length":4.138877,"Height":6.886006,"Demand":1.0,"DemandMax":null,"Value":28.500331855262},{"Length":3.260896,"Height":8.738758,"Demand":1.0,"DemandMax":null,"Value":28.496181007168},{"Length":7.031603,"Height":4.042232,"Demand":1.0,"DemandMax":null,"Value":28.423370657896},{"Length":3.173752,"Height":8.949717,"Demand":1.0,"DemandMax":null,"Value":28.404182228184},{"Length":3.360208,"Height":8.392488,"Demand":1.0,"DemandMax":null,"Value":28.200505317504},{"Length":5.714931,"Height":4.884511,"Demand":1.0,"DemandMax":null,"Value":27.914643333740997},{"Length":6.402546,"Height":4.353736,"Demand":1.0,"DemandMax":null,"Value":27.874995011855997},{"Length":6.302359,"Height":4.358892,"Demand":1.0,"DemandMax":null,"Value":27.471302226228},{"Length":7.379282,"Height":3.715049,"Demand":1.0,"DemandMax":null,"Value":27.414394214818},{"Length":3.610898,"Height":7.584027,"Demand":1.0,"DemandMax":null,"Value":27.385147926246002},{"Length":7.307473,"Height":3.715049,"Demand":1.0,"DemandMax":null,"Value":27.147620261177},{"Length":6.144283,"Height":4.399268,"Demand":1.0,"DemandMax":null,"Value":27.030347584844},{"Length":5.106752,"Height":5.269776,"Demand":1.0,"DemandMax":null,"Value":26.911439127552},{"Length":3.055573,"Height":8.800548,"Demand":1.0,"DemandMax":null,"Value":26.890716854003998},{"Length":5.031403,"Height":5.309939,"Demand":1.0,"DemandMax":null,"Value":26.716443014417},{"Length":7.470901,"Height":3.556319,"Demand":1.0,"DemandMax":null,"Value":26.568907173418996},{"Length":6.144283,"Height":4.264769,"Demand":1.0,"DemandMax":null,"Value":26.203947665627002},{"Length":3.70136,"Height":7.042032,"Demand":1.0,"DemandMax":null,"Value":26.06509556352},{"Length":2.957536,"Height":8.800548,"Demand":1.0,"DemandMax":null,"Value":26.027937529728},{"Length":5.106752,"Height":5.090323,"Demand":1.0,"DemandMax":null,"Value":25.995017160895998},{"Length":6.333588,"Height":4.102758,"Demand":1.0,"DemandMax":null,"Value":25.985178835703998},{"Length":6.333588,"Height":4.097589,"Demand":1.0,"DemandMax":null,"Value":25.952440519332},{"Length":6.847651,"Height":3.762383,"Demand":1.0,"DemandMax":null,"Value":25.763485712332997},{"Length":2.884601,"Height":8.738758,"Demand":1.0,"DemandMax":null,"Value":25.207830065558003},{"Length":4.769785,"Height":5.251593,"Demand":1.0,"DemandMax":null,"Value":25.048969517504997},{"Length":4.967411,"Height":5.034422,"Demand":1.0,"DemandMax":null,"Value":25.008043221442},{"Length":5.219217,"Height":4.787098,"Demand":1.0,"DemandMax":null,"Value":24.984903262266002},{"Length":2.973381,"Height":8.392488,"Demand":1.0,"DemandMax":null,"Value":24.954064361927998},{"Length":5.444779,"Height":4.556447,"Demand":1.0,"DemandMax":null,"Value":24.808846940213},{"Length":6.145497,"Height":4.029418,"Demand":1.0,"DemandMax":null,"Value":24.762776230746},{"Length":5.714931,"Height":4.317328,"Demand":1.0,"DemandMax":null,"Value":24.673231624368},{"Length":3.610898,"Height":6.813624,"Demand":1.0,"DemandMax":null,"Value":24.603301274352003},{"Length":5.444779,"Height":4.506277,"Demand":1.0,"DemandMax":null,"Value":24.535682377782997},{"Length":4.967411,"Height":4.909575,"Demand":1.0,"DemandMax":null,"Value":24.387876860325}]}