{"Name":"Nice8_50","Objects":[{"Length":100.0,"Height":100.0,"Stock":null,"Cost":10000.0}],"Items":[{"Length":23.42744,"Height":39.30627,"Demand":1.0,"DemandMax":null,"Value":920.8452820488},{"Length":14.9036,"Height":24.35288,"Demand":1.0,"DemandMax":null,"Value":362.94558236800003},{"Length":12.82839,"Height":22.13912,"Demand":1.0,"DemandMax":null,"Value":284.0092656168},{"Length":19.41684,"Height":13.55891,"Demand":1.0,"DemandMax":null,"Value":263.2711860444},{"Length":20.15121,"Height":12.42186,"Demand":1.0,"DemandMax":null,"Value":250.3155094506},{"Length":23.05577,"Height":10.65594,"Demand":1.0,"DemandMax":null,"Value":245.68090177379997},{"Length":20.98424,"Height":10.79397,"Demand":1.0,"DemandMax":null,"Value":226.5032570328},{"Length":20.7785,"Height":10.90008,"Demand":1.0,"DemandMax":null,"Value":226.48731228000003},{"Length":19.68054,"Height":11.23904,"Demand":1.0,"DemandMax":null,"Value":221.19037628159998},{"Length":9.019852,"Height":24.35288,"Demand":1.0,"DemandMax":null,"Value":219.65937337376},{"Length":18.47762,"Height":11.5583,"Demand":1.0,"DemandMax":null,"Value":213.569875246},{"Length":16.46074,"Height":12.76189,"Demand":1.0,"DemandMax":null,"Value":210.0701531986},{"Length":19.38786,"Height":10.65594,"Demand":1.0,"DemandMax":null,"Value":206.59587288839998},{"Length":8.770575,"Height":23.54003,"Demand":1.0,"DemandMax":null,"Value":206.45959861724998},{"Length":11.19526,"Height":18.32547,"Demand":1.0,"DemandMax":null,"Value":205.15840127219997},{"Length":14.8274,"Height":13.83165,"Demand":1.0,"DemandMax":null,"Value":205.08740721},{"Length":19.64495,"Height":10.43381,"Demand":1.0,"DemandMax":null,"Value":204.97167575950002},{"Length":14.81005,"Height":13.55891,"Demand":1.0,"DemandMax":null,"Value":200.8081350455},{"Length":14.05189,"Height":14.20172,"Demand":1.0,"DemandMax":null,"Value":199.5610072508},{"Length":17.13515,"Height":11.59414,"Demand":1.0,"DemandMax":null,"Value":198.66732802099998},{"Length":10.56452,"Height":18.53186,"Demand":1.0,"DemandMax":null,"Value":195.78020560720003},{"Length":23.35327,"Height":8.266462,"Demand":1.0,"DemandMax":null,"Value":193.04891903074},{"Length":7.429241,"Height":25.71138,"Demand":1.0,"DemandMax":null,"Value":191.01603846257999},{"Length":13.97772,"Height":13.5949,"Demand":1.0,"DemandMax":null,"Value":190.025705628},{"Length":14.86056,"Height":12.76189,"Demand":1.0,"DemandMax":null,"Value":189.6488320584},{"Length":17.13515,"Height":10.54498,"Demand":1.0,"DemandMax":null,"Value":180.689814047},{"Length":7.377314,"Height":24.35288,"Demand":1.0,"DemandMax":null,"Value":179.65884256432},{"Length":14.43371,"Height":11.87121,"Demand":1.0,"DemandMax":null,"Value":171.3456024891},{"Length":15.12469,"Height":11.23904,"Demand":1.0,"DemandMax":null,"Value":169.98699589759997},{"Length":6.548477,"Height":25.71138,"Demand":1.0,"DemandMax":null,"Value":168.37038056826},{"Length":20.15121,"Height":8.239538,"Demand":1.0,"DemandMax":null,"Value":166.03666054098},{"Length":8.955946,"Height":18.32547,"Demand":1.0,"DemandMax":null,"Value":164.12191974462002},{"Length":8.553724,"Height":18.53186,"Demand":1.0,"DemandMax":null,"Value":158.51641564664004},{"Length":8.386549,"Height":18.53186,"Demand":1.0,"DemandMax":null,"Value":155.41835195114},{"Length":20.15121,"Height":7.697015,"Demand":1.0,"DemandMax":null,"Value":155.10416563815},{"Length":14.02673,"Height":10.90008,"Demand":1.0,"DemandMax":null,"Value":152.8924791384},{"Length":14.43371,"Height":10.26791,"Demand":1.0,"DemandMax":null,"Value":148.2040352461},{"Length":7.805029,"Height":18.53186,"Demand":1.0,"DemandMax":null,"Value":144.64170472394002},{"Length":13.24264,"Height":10.79397,"Demand":1.0,"DemandMax":null,"Value":142.9406588808},{"Length":6.056826,"Height":23.54003,"Demand":1.0,"DemandMax":null,"Value":142.57786574478},{"Length":12.30966,"Height":11.5583,"Demand":1.0,"DemandMax":null,"Value":142.27874317799999},{"Length":11.12232,"Height":12.76189,"Demand":1.0,"DemandMax":null,"Value":141.9418243848},{"Length":10.16622,"Height":13.91908,"Demand":1.0,"DemandMax":null,"Value":141.50442947759998},{"Length":23.35327,"Height":5.935259,"Demand":1.0,"DemandMax":null,"Value":138.60770594693},{"Length":20.15121,"Height":6.824112,"Demand":1.0,"DemandMax":null,"Value":137.51411397552},{"Length":14.8274,"Height":9.120324,"Demand":1.0,"DemandMax":null,"Value":135.2306920776},{"Length":11.65636,"Height":11.5583,"Demand":1.0,"DemandMax":null,"Value":134.72770578799998},{"Length":7.133811,"Height":18.53186,"Demand":1.0,"DemandMax":null,"Value":132.20278671846},{"Length":5.970112,"Height":22.13912,"Demand":1.0,"DemandMax":null,"Value":132.17302598144},{"Length":9.478728,"Height":13.91908,"Demand":1.0,"DemandMax":null,"Value":131.93517333024}]}