{"Name":"Nice10_50","Objects":[{"Length":100.0,"Height":100.0,"Stock":null,"Cost":10000.0}],"Items":[{"Length":32.56815,"Height":17.64658,"Demand":1.0,"DemandMax":null,"Value":574.716464427},{"Length":32.99445,"Height":14.62593,"Demand":1.0,"DemandMax":null,"Value":482.5745160885},{"Length":29.11617,"Height":15.6081,"Demand":1.0,"DemandMax":null,"Value":454.448092977},{"Length":25.59699,"Height":16.93013,"Demand":1.0,"DemandMax":null,"Value":433.3603683087},{"Length":21.76618,"Height":18.85449,"Demand":1.0,"DemandMax":null,"Value":410.39022314819994},{"Length":20.47163,"Height":17.73555,"Demand":1.0,"DemandMax":null,"Value":363.0756174465},{"Length":21.09417,"Height":16.84116,"Demand":1.0,"DemandMax":null,"Value":355.25029203719993},{"Length":16.66173,"Height":19.03843,"Demand":1.0,"DemandMax":null,"Value":317.2131802839},{"Length":15.82619,"Height":18.85449,"Demand":1.0,"DemandMax":null,"Value":298.3947410931},{"Length":17.4176,"Height":14.62593,"Demand":1.0,"DemandMax":null,"Value":254.74859836800002},{"Length":25.91299,"Height":9.313798,"Demand":1.0,"DemandMax":null,"Value":241.34835443602},{"Length":11.31139,"Height":19.03843,"Demand":1.0,"DemandMax":null,"Value":215.35110671770002},{"Length":16.29634,"Height":13.05722,"Demand":1.0,"DemandMax":null,"Value":212.7848965748},{"Length":24.25905,"Height":8.586489,"Demand":1.0,"DemandMax":null,"Value":208.30006597545},{"Length":12.63196,"Height":16.32323,"Demand":1.0,"DemandMax":null,"Value":206.19438843079996},{"Length":17.28223,"Height":11.92228,"Demand":1.0,"DemandMax":null,"Value":206.04358508439998},{"Length":10.7697,"Height":19.11584,"Demand":1.0,"DemandMax":null,"Value":205.871862048},{"Length":10.7162,"Height":19.03843,"Demand":1.0,"DemandMax":null,"Value":204.01962356600004},{"Length":21.21248,"Height":9.540689,"Demand":1.0,"DemandMax":null,"Value":202.38167459872},{"Length":22.70117,"Height":8.522778,"Demand":1.0,"DemandMax":null,"Value":193.47703225026004},{"Length":13.98165,"Height":12.90445,"Demand":1.0,"DemandMax":null,"Value":180.4255033425},{"Length":10.06921,"Height":16.32323,"Demand":1.0,"DemandMax":null,"Value":164.3620307483},{"Length":8.974154,"Height":17.96857,"Demand":1.0,"DemandMax":null,"Value":161.25271433978},{"Length":15.87939,"Height":10.04759,"Demand":1.0,"DemandMax":null,"Value":159.5496001701},{"Length":12.29332,"Height":12.90445,"Demand":1.0,"DemandMax":null,"Value":158.638533274},{"Length":24.13708,"Height":6.558586,"Demand":1.0,"DemandMax":null,"Value":158.30511496888002},{"Length":20.47178,"Height":7.67378,"Demand":1.0,"DemandMax":null,"Value":157.0959359284},{"Length":17.12976,"Height":8.990838,"Demand":1.0,"DemandMax":null,"Value":154.01089713888},{"Length":24.13708,"Height":6.34586,"Demand":1.0,"DemandMax":null,"Value":153.1705304888},{"Length":23.63651,"Height":6.386079,"Demand":1.0,"DemandMax":null,"Value":150.94462014428999},{"Length":20.47178,"Height":7.214348,"Demand":1.0,"DemandMax":null,"Value":147.69054509944},{"Length":11.83394,"Height":11.92228,"Demand":1.0,"DemandMax":null,"Value":141.0875461832},{"Length":20.47178,"Height":6.751716,"Demand":1.0,"DemandMax":null,"Value":138.21964457448},{"Length":13.16018,"Height":10.45508,"Demand":1.0,"DemandMax":null,"Value":137.5907347144},{"Length":14.12911,"Height":9.540689,"Demand":1.0,"DemandMax":null,"Value":134.80144435679},{"Length":13.35713,"Height":10.04759,"Demand":1.0,"DemandMax":null,"Value":134.2069658167},{"Length":7.322184,"Height":17.96857,"Demand":1.0,"DemandMax":null,"Value":131.56917575688},{"Length":20.47178,"Height":5.890532,"Demand":1.0,"DemandMax":null,"Value":120.58967518696},{"Length":6.971156,"Height":16.93013,"Demand":1.0,"DemandMax":null,"Value":118.02257733027999},{"Length":6.063866,"Height":18.77707,"Demand":1.0,"DemandMax":null,"Value":113.86163635262},{"Length":12.42887,"Height":9.149059,"Demand":1.0,"DemandMax":null,"Value":113.71246493333},{"Length":16.29634,"Height":6.867122,"Demand":1.0,"DemandMax":null,"Value":111.90895493348},{"Length":11.46771,"Height":9.7307,"Demand":1.0,"DemandMax":null,"Value":111.58884569700001},{"Length":10.47633,"Height":10.45508,"Demand":1.0,"DemandMax":null,"Value":109.53086825640001},{"Length":11.23346,"Height":9.7307,"Demand":1.0,"DemandMax":null,"Value":109.30942922199999},{"Length":12.10676,"Height":8.990838,"Demand":1.0,"DemandMax":null,"Value":108.84991786488},{"Length":11.83017,"Height":9.149059,"Demand":1.0,"DemandMax":null,"Value":108.23492331003},{"Length":5.008122,"Height":19.03843,"Demand":1.0,"DemandMax":null,"Value":95.346780128460011},{"Length":4.705838,"Height":18.77707,"Demand":1.0,"DemandMax":null,"Value":88.36184953466},{"Length":9.428608,"Height":9.313798,"Demand":1.0,"DemandMax":null,"Value":87.816150333184012}]}