{"Name":"Nice11_25","Objects":[{"Length":100.0,"Height":100.0,"Stock":null,"Cost":10000.0}],"Items":[{"Length":21.50375,"Height":46.09375,"Demand":1.0,"DemandMax":null,"Value":991.1884765625},{"Length":25.76774,"Height":30.43993,"Demand":1.0,"DemandMax":null,"Value":784.3682018582},{"Length":49.90018,"Height":12.54721,"Demand":1.0,"DemandMax":null,"Value":626.1080374978},{"Length":19.5924,"Height":31.69434,"Demand":1.0,"DemandMax":null,"Value":620.968187016},{"Length":21.72162,"Height":27.47508,"Demand":1.0,"DemandMax":null,"Value":596.80324722960006},{"Length":19.29495,"Height":30.43121,"Demand":1.0,"DemandMax":null,"Value":587.1686753895},{"Length":35.17946,"Height":13.88396,"Demand":1.0,"DemandMax":null,"Value":488.43021546159997},{"Length":16.36965,"Height":27.47508,"Demand":1.0,"DemandMax":null,"Value":449.757443322},{"Length":16.9092,"Height":26.43117,"Demand":1.0,"DemandMax":null,"Value":446.929939764},{"Length":31.27953,"Height":14.0761,"Demand":1.0,"DemandMax":null,"Value":440.29379223300003},{"Length":24.88009,"Height":15.28918,"Demand":1.0,"DemandMax":null,"Value":380.3961744262},{"Length":13.84116,"Height":23.33609,"Demand":1.0,"DemandMax":null,"Value":322.9985554644},{"Length":23.92811,"Height":13.39899,"Demand":1.0,"DemandMax":null,"Value":320.6125066089},{"Length":13.84116,"Height":22.75766,"Demand":1.0,"DemandMax":null,"Value":314.99241328560004},{"Length":19.29495,"Height":15.66254,"Demand":1.0,"DemandMax":null,"Value":302.207926173},{"Length":20.57139,"Height":14.0761,"Demand":1.0,"DemandMax":null,"Value":289.56494277900003},{"Length":19.5924,"Height":14.39941,"Demand":1.0,"DemandMax":null,"Value":282.119000484},{"Length":24.88009,"Height":11.14199,"Demand":1.0,"DemandMax":null,"Value":277.21371397909996},{"Length":10.0578,"Height":27.47508,"Demand":1.0,"DemandMax":null,"Value":276.338859624},{"Length":16.79179,"Height":13.39899,"Demand":1.0,"DemandMax":null,"Value":224.99302629209998},{"Length":8.310528,"Height":26.43117,"Demand":1.0,"DemandMax":null,"Value":219.65697835776},{"Length":13.48534,"Height":15.65382,"Demand":1.0,"DemandMax":null,"Value":211.0970849988},{"Length":14.72073,"Height":13.88396,"Demand":1.0,"DemandMax":null,"Value":204.3820264908},{"Length":12.2824,"Height":15.65382,"Demand":1.0,"DemandMax":null,"Value":192.266478768},{"Length":11.13102,"Height":13.39899,"Demand":1.0,"DemandMax":null,"Value":149.1444256698}]}