{"Name":"Path28_50","Objects":[{"Length":100.0,"Height":100.0,"Stock":null,"Cost":10000.0}],"Items":[{"Length":94.88626,"Height":20.04419,"Demand":1.0,"DemandMax":null,"Value":1901.9182238294},{"Length":94.88626,"Height":14.72087,"Demand":1.0,"DemandMax":null,"Value":1396.8082982462},{"Length":94.88626,"Height":10.73199,"Demand":1.0,"DemandMax":null,"Value":1018.3183934573999},{"Length":94.88626,"Height":9.238028,"Demand":1.0,"DemandMax":null,"Value":876.56192669527991},{"Length":49.93549,"Height":16.6071,"Demand":1.0,"DemandMax":null,"Value":829.283675979},{"Length":44.95078,"Height":16.6071,"Demand":1.0,"DemandMax":null,"Value":746.502098538},{"Length":41.45632,"Height":9.219501,"Demand":1.0,"DemandMax":null,"Value":382.20658369631997},{"Length":94.88626,"Height":4.004316,"Demand":1.0,"DemandMax":null,"Value":379.95456909816},{"Length":94.88626,"Height":3.074351,"Demand":1.0,"DemandMax":null,"Value":291.71366831726},{"Length":36.18674,"Height":4.314269,"Demand":1.0,"DemandMax":null,"Value":156.11933059306003},{"Length":58.3512,"Height":2.448061,"Demand":1.0,"DemandMax":null,"Value":142.84729702319999},{"Length":1.657956,"Height":78.42084,"Demand":1.0,"DemandMax":null,"Value":130.01830220304},{"Length":68.82132,"Height":1.558591,"Demand":1.0,"DemandMax":null,"Value":107.26428996012001},{"Length":58.3512,"Height":1.806178,"Demand":1.0,"DemandMax":null,"Value":105.3926537136},{"Length":7.358003,"Height":14.29189,"Demand":1.0,"DemandMax":null,"Value":105.15976949567},{"Length":23.43077,"Height":4.314269,"Demand":1.0,"DemandMax":null,"Value":101.08664465713001},{"Length":2.580294,"Height":36.12589,"Demand":1.0,"DemandMax":null,"Value":93.21541721166},{"Length":0.8754897,"Height":78.42084,"Demand":1.0,"DemandMax":null,"Value":68.656637685348},{"Length":13.97752,"Height":4.725078,"Demand":1.0,"DemandMax":null,"Value":66.04487224656},{"Length":2.823784,"Height":21.57916,"Demand":1.0,"DemandMax":null,"Value":60.93488674144},{"Length":2.580294,"Height":22.11698,"Demand":1.0,"DemandMax":null,"Value":57.06831079212},{"Length":7.358003,"Height":7.287273,"Demand":1.0,"DemandMax":null,"Value":53.619776595819},{"Length":2.580294,"Height":20.17797,"Demand":1.0,"DemandMax":null,"Value":52.065094923179991},{"Length":58.3512,"Height":0.8777704,"Demand":1.0,"DemandMax":null,"Value":51.21895616448},{"Length":35.63978,"Height":1.354793,"Demand":1.0,"DemandMax":null,"Value":48.28452446554},{"Length":33.18154,"Height":1.354793,"Demand":1.0,"DemandMax":null,"Value":44.954118121219992},{"Length":4.933008,"Height":8.825986,"Demand":1.0,"DemandMax":null,"Value":43.538659545888},{"Length":9.203805,"Height":4.707784,"Demand":1.0,"DemandMax":null,"Value":43.32952591812},{"Length":1.844595,"Height":21.57916,"Demand":1.0,"DemandMax":null,"Value":39.8048106402},{"Length":5.95302,"Height":6.570581,"Demand":1.0,"DemandMax":null,"Value":39.11480010462},{"Length":4.270797,"Height":8.825986,"Demand":1.0,"DemandMax":null,"Value":37.693994530842},{"Length":1.632096,"Height":21.57916,"Demand":1.0,"DemandMax":null,"Value":35.21926071936},{"Length":5.028964,"Height":6.964736,"Demand":1.0,"DemandMax":null,"Value":35.025406613504},{"Length":4.876378,"Height":6.964736,"Demand":1.0,"DemandMax":null,"Value":33.962685406208},{"Length":7.388825,"Height":4.532554,"Demand":1.0,"DemandMax":null,"Value":33.49024830905},{"Length":2.254691,"Height":13.53532,"Demand":1.0,"DemandMax":null,"Value":30.517964186119997},{"Length":1.376626,"Height":21.57916,"Demand":1.0,"DemandMax":null,"Value":29.70643271416},{"Length":9.560049,"Height":2.900123,"Demand":1.0,"DemandMax":null,"Value":27.725317986026997},{"Length":3.357269,"Height":8.043845,"Demand":1.0,"DemandMax":null,"Value":27.005351459304997},{"Length":10.47012,"Height":2.576926,"Demand":1.0,"DemandMax":null,"Value":26.980724451119997},{"Length":10.47012,"Height":2.555084,"Demand":1.0,"DemandMax":null,"Value":26.752036090079997},{"Length":2.378029,"Height":11.16165,"Demand":1.0,"DemandMax":null,"Value":26.54272738785},{"Length":4.183675,"Height":6.319379,"Demand":1.0,"DemandMax":null,"Value":26.438227937824998},{"Length":3.952322,"Height":6.570581,"Demand":1.0,"DemandMax":null,"Value":25.969051839082},{"Length":7.388825,"Height":3.511292,"Demand":1.0,"DemandMax":null,"Value":25.9443221119},{"Length":8.601149,"Height":2.900123,"Demand":1.0,"DemandMax":null,"Value":24.944390041326997},{"Length":2.378029,"Height":10.41751,"Demand":1.0,"DemandMax":null,"Value":24.773140887790003},{"Length":3.019456,"Height":8.043845,"Demand":1.0,"DemandMax":null,"Value":24.28803604832},{"Length":13.97752,"Height":1.594301,"Demand":1.0,"DemandMax":null,"Value":22.28437411352},{"Length":1.605518,"Height":13.53532,"Demand":1.0,"DemandMax":null,"Value":21.73119989576}]}