{"Name":"Nice48_100","Objects":[{"Length":100.0,"Height":100.0,"Stock":null,"Cost":10000.0}],"Items":[{"Length":20.66203,"Height":13.68851,"Demand":1.0,"DemandMax":null,"Value":282.83240427530006},{"Length":20.70411,"Height":12.45954,"Demand":1.0,"DemandMax":null,"Value":257.9636867094},{"Length":9.281012,"Height":26.57339,"Demand":1.0,"DemandMax":null,"Value":246.62795147068002},{"Length":8.905565,"Height":26.63278,"Demand":1.0,"DemandMax":null,"Value":237.17995342069997},{"Length":14.98129,"Height":12.97134,"Demand":1.0,"DemandMax":null,"Value":194.32740622859998},{"Length":19.98737,"Height":9.498892,"Demand":1.0,"DemandMax":null,"Value":189.85786899404},{"Length":7.038123,"Height":26.63278,"Demand":1.0,"DemandMax":null,"Value":187.44478147194},{"Length":13.25299,"Height":13.30711,"Demand":1.0,"DemandMax":null,"Value":176.3589957589},{"Length":13.90512,"Height":12.63383,"Demand":1.0,"DemandMax":null,"Value":175.6749222096},{"Length":14.90814,"Height":11.71022,"Demand":1.0,"DemandMax":null,"Value":174.5775991908},{"Length":17.6808,"Height":9.766626,"Demand":1.0,"DemandMax":null,"Value":172.68176098080002},{"Length":11.32227,"Height":15.17084,"Demand":1.0,"DemandMax":null,"Value":171.7683466068},{"Length":25.11824,"Height":6.823507,"Demand":1.0,"DemandMax":null,"Value":171.39448646768},{"Length":12.817,"Height":12.90534,"Demand":1.0,"DemandMax":null,"Value":165.40774278},{"Length":13.25299,"Height":12.08188,"Demand":1.0,"DemandMax":null,"Value":160.1210348212},{"Length":15.45436,"Height":10.22789,"Demand":1.0,"DemandMax":null,"Value":158.0654941004},{"Length":10.14403,"Height":15.55534,"Demand":1.0,"DemandMax":null,"Value":157.7938356202},{"Length":21.25467,"Height":6.952756,"Demand":1.0,"DemandMax":null,"Value":147.77853437052},{"Length":12.82556,"Height":11.14757,"Demand":1.0,"DemandMax":null,"Value":142.97382788919998},{"Length":21.25467,"Height":6.660285,"Demand":1.0,"DemandMax":null,"Value":141.56215978095},{"Length":10.30559,"Height":13.70597,"Demand":1.0,"DemandMax":null,"Value":141.2481073723},{"Length":11.26792,"Height":11.71022,"Demand":1.0,"DemandMax":null,"Value":131.9498221424},{"Length":9.119449,"Height":13.70597,"Demand":1.0,"DemandMax":null,"Value":124.99089441053},{"Length":9.630928,"Height":12.63383,"Demand":1.0,"DemandMax":null,"Value":121.67550709424},{"Length":9.310319,"Height":12.97134,"Demand":1.0,"DemandMax":null,"Value":120.76731325745999},{"Length":7.936223,"Height":15.17084,"Demand":1.0,"DemandMax":null,"Value":120.39916933732},{"Length":8.956868,"Height":13.21041,"Demand":1.0,"DemandMax":null,"Value":118.32389859588},{"Length":9.086661,"Height":12.90534,"Demand":1.0,"DemandMax":null,"Value":117.26644966974},{"Length":9.211823,"Height":12.63383,"Demand":1.0,"DemandMax":null,"Value":116.38060577209001},{"Length":9.528994,"Height":11.88296,"Demand":1.0,"DemandMax":null,"Value":113.23265454224001},{"Length":17.6808,"Height":6.247293,"Demand":1.0,"DemandMax":null,"Value":110.4571380744},{"Length":15.12542,"Height":7.295833,"Demand":1.0,"DemandMax":null,"Value":110.35253837486},{"Length":10.52068,"Height":10.22789,"Demand":1.0,"DemandMax":null,"Value":107.6043577652},{"Length":13.98353,"Height":7.663298,"Demand":1.0,"DemandMax":null,"Value":107.15995748194},{"Length":7.569161,"Height":14.13293,"Demand":1.0,"DemandMax":null,"Value":106.97442257173},{"Length":18.52488,"Height":5.55966,"Demand":1.0,"DemandMax":null,"Value":102.9920343408},{"Length":15.04064,"Height":6.772447,"Demand":1.0,"DemandMax":null,"Value":101.86193724607999},{"Length":7.744685,"Height":12.97134,"Demand":1.0,"DemandMax":null,"Value":100.45894232789999},{"Length":16.89729,"Height":5.911049,"Demand":1.0,"DemandMax":null,"Value":99.880709157210021},{"Length":8.688976,"Height":11.48455,"Demand":1.0,"DemandMax":null,"Value":99.78897932080001},{"Length":12.87445,"Height":7.700036,"Demand":1.0,"DemandMax":null,"Value":99.133728480199991},{"Length":16.89729,"Height":5.799171,"Demand":1.0,"DemandMax":null,"Value":97.990274146590011},{"Length":7.050288,"Height":13.56545,"Demand":1.0,"DemandMax":null,"Value":95.640329349600009},{"Length":15.94369,"Height":5.904437,"Demand":1.0,"DemandMax":null,"Value":94.13851315253},{"Length":10.04623,"Height":9.228547,"Demand":1.0,"DemandMax":null,"Value":92.71210572781},{"Length":7.164585,"Height":12.45954,"Demand":1.0,"DemandMax":null,"Value":89.2674333909},{"Length":11.75978,"Height":7.446033,"Demand":1.0,"DemandMax":null,"Value":87.56370995274},{"Length":6.857172,"Height":12.7228,"Demand":1.0,"DemandMax":null,"Value":87.2424279216},{"Length":6.857172,"Height":12.66619,"Demand":1.0,"DemandMax":null,"Value":86.85424341468},{"Length":17.6808,"Height":4.904561,"Demand":1.0,"DemandMax":null,"Value":86.7165621288},{"Length":9.378815,"Height":9.228547,"Demand":1.0,"DemandMax":null,"Value":86.552835031805},{"Length":18.13639,"Height":4.741987,"Demand":1.0,"DemandMax":null,"Value":86.002525606929993},{"Length":7.254711,"Height":11.48455,"Demand":1.0,"DemandMax":null,"Value":83.317091215050013},{"Length":15.04064,"Height":5.415573,"Demand":1.0,"DemandMax":null,"Value":81.45368388672},{"Length":6.176069,"Height":12.97134,"Demand":1.0,"DemandMax":null,"Value":80.11189086246},{"Length":17.6808,"Height":4.480251,"Demand":1.0,"DemandMax":null,"Value":79.2144218808},{"Length":13.11148,"Height":5.703507,"Demand":1.0,"DemandMax":null,"Value":74.78141796036},{"Length":7.261302,"Height":10.22789,"Demand":1.0,"DemandMax":null,"Value":74.26779811278},{"Length":11.27337,"Height":6.46049,"Demand":1.0,"DemandMax":null,"Value":72.8314941513},{"Length":6.519881,"Height":11.14757,"Demand":1.0,"DemandMax":null,"Value":72.68082983917},{"Length":11.27337,"Height":6.444855,"Demand":1.0,"DemandMax":null,"Value":72.65523501135},{"Length":12.80282,"Height":5.671952,"Demand":1.0,"DemandMax":null,"Value":72.616980504640011},{"Length":11.77903,"Height":6.025213,"Demand":1.0,"DemandMax":null,"Value":70.97116468339},{"Length":8.160963,"Height":8.643848,"Demand":1.0,"DemandMax":null,"Value":70.542123705624007},{"Length":11.04045,"Height":6.386899,"Demand":1.0,"DemandMax":null,"Value":70.51423906455},{"Length":15.12542,"Height":4.587127,"Demand":1.0,"DemandMax":null,"Value":69.38222246833999},{"Length":8.160963,"Height":8.430313,"Demand":1.0,"DemandMax":null,"Value":68.799472471419008},{"Length":8.192385,"Height":8.358387,"Demand":1.0,"DemandMax":null,"Value":68.475124282995},{"Length":9.420692,"Height":7.233535,"Demand":1.0,"DemandMax":null,"Value":68.144905306220011},{"Length":4.809592,"Height":14.13293,"Demand":1.0,"DemandMax":null,"Value":67.97362706456},{"Length":8.160963,"Height":8.314833,"Demand":1.0,"DemandMax":null,"Value":67.857044464179012},{"Length":5.164237,"Height":12.97134,"Demand":1.0,"DemandMax":null,"Value":66.98707396758},{"Length":10.14403,"Height":6.493422,"Demand":1.0,"DemandMax":null,"Value":65.86946757066},{"Length":8.427783,"Height":7.663298,"Demand":1.0,"DemandMax":null,"Value":64.584612608334},{"Length":8.380223,"Height":7.700036,"Demand":1.0,"DemandMax":null,"Value":64.528018788028},{"Length":8.875918,"Height":7.244276,"Demand":1.0,"DemandMax":null,"Value":64.299599745368},{"Length":10.63229,"Height":6.025213,"Demand":1.0,"DemandMax":null,"Value":64.06181192777},{"Length":11.04761,"Height":5.587907,"Demand":1.0,"DemandMax":null,"Value":61.73301725227001},{"Length":13.06229,"Height":4.708859,"Demand":1.0,"DemandMax":null,"Value":61.50848182711001},{"Length":6.009513,"Height":10.22789,"Demand":1.0,"DemandMax":null,"Value":61.46463791757},{"Length":5.506274,"Height":11.14757,"Demand":1.0,"DemandMax":null,"Value":61.38157485418},{"Length":8.875918,"Height":6.888657,"Demand":1.0,"DemandMax":null,"Value":61.143154662126008},{"Length":4.879174,"Height":12.45954,"Demand":1.0,"DemandMax":null,"Value":60.79226361996},{"Length":4.11462,"Height":13.70846,"Demand":1.0,"DemandMax":null,"Value":56.405103685200011},{"Length":3.940567,"Height":13.70846,"Demand":1.0,"DemandMax":null,"Value":54.019105096820006},{"Length":8.055187,"Height":6.431066,"Demand":1.0,"DemandMax":null,"Value":51.803439239342005},{"Length":13.06229,"Height":3.649528,"Demand":1.0,"DemandMax":null,"Value":47.67119309912},{"Length":6.376602,"Height":7.446033,"Demand":1.0,"DemandMax":null,"Value":47.480388919866},{"Length":8.143187,"Height":5.703507,"Demand":1.0,"DemandMax":null,"Value":46.444724056808994},{"Length":10.14403,"Height":4.524628,"Demand":1.0,"DemandMax":null,"Value":45.89796217084},{"Length":7.07194,"Height":6.386899,"Demand":1.0,"DemandMax":null,"Value":45.16776651406},{"Length":7.005851,"Height":6.386899,"Demand":1.0,"DemandMax":null,"Value":44.745662746049},{"Length":8.05575,"Height":5.486138,"Demand":1.0,"DemandMax":null,"Value":44.194956193500005},{"Length":9.420692,"Height":4.649424,"Demand":1.0,"DemandMax":null,"Value":43.800791481408},{"Length":7.887938,"Height":5.486138,"Demand":1.0,"DemandMax":null,"Value":43.274316403444004},{"Length":8.055187,"Height":5.249465,"Demand":1.0,"DemandMax":null,"Value":42.285422224955},{"Length":7.477278,"Height":5.587907,"Demand":1.0,"DemandMax":null,"Value":41.782334077146004},{"Length":3.527448,"Height":11.82354,"Demand":1.0,"DemandMax":null,"Value":41.70692252592},{"Length":3.52284,"Height":11.82354,"Demand":1.0,"DemandMax":null,"Value":41.6524396536},{"Length":7.184547,"Height":5.671952,"Demand":1.0,"DemandMax":null,"Value":40.750405725744}]}