{"Name":"Path16_100","Objects":[{"Length":100.0,"Height":100.0,"Stock":null,"Cost":10000.0}],"Items":[{"Length":14.30296,"Height":71.10226,"Demand":1.0,"DemandMax":null,"Value":1016.9727806896001},{"Length":12.12839,"Height":75.29254,"Demand":1.0,"DemandMax":null,"Value":913.1772892106},{"Length":22.23243,"Height":30.51094,"Demand":1.0,"DemandMax":null,"Value":678.3323377842},{"Length":46.17555,"Height":14.59711,"Demand":1.0,"DemandMax":null,"Value":674.02958266050007},{"Length":25.22754,"Height":26.20942,"Demand":1.0,"DemandMax":null,"Value":661.1991914268001},{"Length":14.63484,"Height":37.99891,"Demand":1.0,"DemandMax":null,"Value":556.10796802440007},{"Length":27.69883,"Height":17.54365,"Demand":1.0,"DemandMax":null,"Value":485.9385789295},{"Length":22.23243,"Height":18.57218,"Demand":1.0,"DemandMax":null,"Value":412.9046917974},{"Length":14.63484,"Height":22.28432,"Demand":1.0,"DemandMax":null,"Value":326.1274577088},{"Length":10.14175,"Height":29.57447,"Demand":1.0,"DemandMax":null,"Value":299.93688112250004},{"Length":14.63484,"Height":15.00932,"Demand":1.0,"DemandMax":null,"Value":219.6589967088},{"Length":17.32034,"Height":12.09762,"Demand":1.0,"DemandMax":null,"Value":209.53489159080002},{"Length":5.57841,"Height":37.54944,"Demand":1.0,"DemandMax":null,"Value":209.46617159039997},{"Length":27.69883,"Height":7.16381,"Demand":1.0,"DemandMax":null,"Value":198.4291553423},{"Length":2.526768,"Height":75.29254,"Demand":1.0,"DemandMax":null,"Value":190.24678071072},{"Length":17.32034,"Height":10.67144,"Demand":1.0,"DemandMax":null,"Value":184.83296908960003},{"Length":2.995109,"Height":49.08312,"Demand":1.0,"DemandMax":null,"Value":147.00929446007999},{"Length":2.910713,"Height":49.38107,"Demand":1.0,"DemandMax":null,"Value":143.73412240291},{"Length":4.469346,"Height":24.70746,"Demand":1.0,"DemandMax":null,"Value":110.42618752116},{"Length":34.04594,"Height":2.976182,"Demand":1.0,"DemandMax":null,"Value":101.32691380108001},{"Length":6.760283,"Height":14.16542,"Demand":1.0,"DemandMax":null,"Value":95.76224801386},{"Length":2.703858,"Height":35.16788,"Demand":1.0,"DemandMax":null,"Value":95.088953681039982},{"Length":10.14175,"Height":7.974971,"Demand":1.0,"DemandMax":null,"Value":80.88016213925},{"Length":5.189514,"Height":14.97403,"Demand":1.0,"DemandMax":null,"Value":77.70793832142},{"Length":2.672347,"Height":26.85651,"Demand":1.0,"DemandMax":null,"Value":71.76991392897},{"Length":6.402109,"Height":10.23893,"Demand":1.0,"DemandMax":null,"Value":65.55074590337},{"Length":1.313335,"Height":48.43603,"Demand":1.0,"DemandMax":null,"Value":63.61273346005},{"Length":4.010437,"Height":14.97403,"Demand":1.0,"DemandMax":null,"Value":60.052403951109994},{"Length":14.30296,"Height":4.190285,"Demand":1.0,"DemandMax":null,"Value":59.933478743600006},{"Length":3.606035,"Height":14.97403,"Demand":1.0,"DemandMax":null,"Value":53.99687627105},{"Length":28.30628,"Height":1.892277,"Demand":1.0,"DemandMax":null,"Value":53.56332259956},{"Length":4.576455,"Height":10.42018,"Demand":1.0,"DemandMax":null,"Value":47.6874848619},{"Length":3.573421,"Height":12.50563,"Demand":1.0,"DemandMax":null,"Value":44.68788086023},{"Length":6.402109,"Height":6.478455,"Demand":1.0,"DemandMax":null,"Value":41.475775061595},{"Length":1.752454,"Height":23.37969,"Demand":1.0,"DemandMax":null,"Value":40.97183125926},{"Length":2.656026,"Height":15.39943,"Demand":1.0,"DemandMax":null,"Value":40.901286465180007},{"Length":2.628474,"Height":14.97403,"Demand":1.0,"DemandMax":null,"Value":39.358848530220008},{"Length":0.8604388,"Height":42.83516,"Demand":1.0,"DemandMax":null,"Value":36.857033668208},{"Length":6.760283,"Height":5.439305,"Demand":1.0,"DemandMax":null,"Value":36.771241123315},{"Length":1.472949,"Height":24.70746,"Demand":1.0,"DemandMax":null,"Value":36.39282849954},{"Length":6.760283,"Height":5.102731,"Demand":1.0,"DemandMax":null,"Value":34.495905632873004},{"Length":10.56519,"Height":2.985572,"Demand":1.0,"DemandMax":null,"Value":31.543135438679997},{"Length":1.600189,"Height":19.64268,"Demand":1.0,"DemandMax":null,"Value":31.432000466519998},{"Length":1.359012,"Height":21.94845,"Demand":1.0,"DemandMax":null,"Value":29.828206931400004},{"Length":1.600189,"Height":17.90676,"Demand":1.0,"DemandMax":null,"Value":28.65420037764},{"Length":3.552505,"Height":7.990074,"Demand":1.0,"DemandMax":null,"Value":28.38477783537},{"Length":1.885886,"Height":14.97403,"Demand":1.0,"DemandMax":null,"Value":28.23931354058},{"Length":1.139952,"Height":24.70746,"Demand":1.0,"DemandMax":null,"Value":28.165318441920004},{"Length":6.270345,"Height":4.332696,"Demand":1.0,"DemandMax":null,"Value":27.167498700120003},{"Length":4.576455,"Height":5.199981,"Demand":1.0,"DemandMax":null,"Value":23.797479047355},{"Length":1.532234,"Height":15.05176,"Demand":1.0,"DemandMax":null,"Value":23.06281843184},{"Length":2.849604,"Height":7.990074,"Demand":1.0,"DemandMax":null,"Value":22.768546830696},{"Length":0.5301092,"Height":42.83516,"Demand":1.0,"DemandMax":null,"Value":22.707312399472},{"Length":1.872597,"Height":11.93617,"Demand":1.0,"DemandMax":null,"Value":22.35163613349},{"Length":7.304082,"Height":2.985572,"Demand":1.0,"DemandMax":null,"Value":21.806862704904},{"Length":31.63019,"Height":0.6696684,"Demand":1.0,"DemandMax":null,"Value":21.181738728996002},{"Length":8.411678,"Height":2.494766,"Demand":1.0,"DemandMax":null,"Value":20.985168277348},{"Length":1.340792,"Height":15.56714,"Demand":1.0,"DemandMax":null,"Value":20.87229677488},{"Length":8.259665,"Height":2.494766,"Demand":1.0,"DemandMax":null,"Value":20.60593141339},{"Length":0.7753257,"Height":24.70746,"Demand":1.0,"DemandMax":null,"Value":19.156328719722},{"Length":1.359012,"Height":14.03564,"Demand":1.0,"DemandMax":null,"Value":19.07460318768},{"Length":0.8322431,"Height":22.76626,"Demand":1.0,"DemandMax":null,"Value":18.947062797805998},{"Length":4.576455,"Height":4.02978,"Demand":1.0,"DemandMax":null,"Value":18.4421068299},{"Length":1.111948,"Height":16.31362,"Demand":1.0,"DemandMax":null,"Value":18.139897131759998},{"Length":16.29391,"Height":1.093295,"Demand":1.0,"DemandMax":null,"Value":17.814050333449998},{"Length":6.270345,"Height":2.792074,"Demand":1.0,"DemandMax":null,"Value":17.50726724553},{"Length":0.7682543,"Height":22.76626,"Demand":1.0,"DemandMax":null,"Value":17.490277139918},{"Length":2.910713,"Height":5.83033,"Demand":1.0,"DemandMax":null,"Value":16.97041732529},{"Length":5.859266,"Height":2.895792,"Demand":1.0,"DemandMax":null,"Value":16.967215608672},{"Length":1.247998,"Height":13.57945,"Demand":1.0,"DemandMax":null,"Value":16.9471264411},{"Length":1.359012,"Height":12.45193,"Demand":1.0,"DemandMax":null,"Value":16.922322293160004},{"Length":1.920429,"Height":8.646473,"Demand":1.0,"DemandMax":null,"Value":16.604937496917},{"Length":11.68656,"Height":1.399266,"Demand":1.0,"DemandMax":null,"Value":16.35260606496},{"Length":0.7085922,"Height":22.76626,"Demand":1.0,"DemandMax":null,"Value":16.131994259172},{"Length":2.910713,"Height":5.454751,"Demand":1.0,"DemandMax":null,"Value":15.877214647463},{"Length":1.390548,"Height":11.37407,"Demand":1.0,"DemandMax":null,"Value":15.816190290359998},{"Length":31.63019,"Height":0.4985428,"Demand":1.0,"DemandMax":null,"Value":15.769003487132},{"Length":2.343732,"Height":6.684283,"Demand":1.0,"DemandMax":null,"Value":15.666167964156001},{"Length":31.63019,"Height":0.4856113,"Demand":1.0,"DemandMax":null,"Value":15.359977685147},{"Length":5.859266,"Height":2.575156,"Demand":1.0,"DemandMax":null,"Value":15.088523995495999},{"Length":0.9682972,"Height":15.56714,"Demand":1.0,"DemandMax":null,"Value":15.073618074008},{"Length":2.910713,"Height":5.170379,"Demand":1.0,"DemandMax":null,"Value":15.049489370226999},{"Length":1.229689,"Height":12.20183,"Demand":1.0,"DemandMax":null,"Value":15.004456130869999},{"Length":0.702473,"Height":21.08331,"Demand":1.0,"DemandMax":null,"Value":14.810456025630002},{"Length":1.532234,"Height":9.655699,"Demand":1.0,"DemandMax":null,"Value":14.794790301566001},{"Length":0.6880749,"Height":21.08331,"Demand":1.0,"DemandMax":null,"Value":14.506896419919002},{"Length":1.061091,"Height":13.57945,"Demand":1.0,"DemandMax":null,"Value":14.40903217995},{"Length":5.688039,"Height":2.494766,"Demand":1.0,"DemandMax":null,"Value":14.190326303873999},{"Length":2.910713,"Height":4.786249,"Demand":1.0,"DemandMax":null,"Value":13.931397185537},{"Length":8.275017,"Height":1.653823,"Demand":1.0,"DemandMax":null,"Value":13.685413439991},{"Length":2.910713,"Height":4.669768,"Demand":1.0,"DemandMax":null,"Value":13.592354424584},{"Length":12.01237,"Height":1.093295,"Demand":1.0,"DemandMax":null,"Value":13.13306405915},{"Length":0.556636,"Height":23.37969,"Demand":1.0,"DemandMax":null,"Value":13.01397712284},{"Length":1.920429,"Height":6.752958,"Demand":1.0,"DemandMax":null,"Value":12.968576378981998},{"Length":1.872597,"Height":6.91809,"Demand":1.0,"DemandMax":null,"Value":12.95479457973},{"Length":2.343732,"Height":5.517542,"Demand":1.0,"DemandMax":null,"Value":12.931639746744},{"Length":11.68656,"Height":1.0955,"Demand":1.0,"DemandMax":null,"Value":12.802626479999999},{"Length":0.7606491,"Height":16.31362,"Demand":1.0,"DemandMax":null,"Value":12.408940370742},{"Length":2.339445,"Height":5.075295,"Demand":1.0,"DemandMax":null,"Value":11.873373511275},{"Length":2.23701,"Height":5.075295,"Demand":1.0,"DemandMax":null,"Value":11.35348566795}]}