{"Name":"Nice23_50","Objects":[{"Length":100.0,"Height":100.0,"Stock":null,"Cost":10000.0}],"Items":[{"Length":23.26851,"Height":25.60368,"Demand":1.0,"DemandMax":null,"Value":595.7594841168},{"Length":25.28712,"Height":19.66421,"Demand":1.0,"DemandMax":null,"Value":497.25123797520007},{"Length":16.80915,"Height":25.60368,"Demand":1.0,"DemandMax":null,"Value":430.37609767199996},{"Length":22.58233,"Height":18.894,"Demand":1.0,"DemandMax":null,"Value":426.67054301999997},{"Length":23.61594,"Height":14.64262,"Demand":1.0,"DemandMax":null,"Value":345.7992353628},{"Length":23.61594,"Height":14.55208,"Demand":1.0,"DemandMax":null,"Value":343.6610481552},{"Length":31.86936,"Height":9.178198,"Demand":1.0,"DemandMax":null,"Value":292.50329621328},{"Length":15.34574,"Height":18.80102,"Demand":1.0,"DemandMax":null,"Value":288.5155646548},{"Length":10.63356,"Height":27.03759,"Demand":1.0,"DemandMax":null,"Value":287.5058355204},{"Length":9.437015,"Height":29.20273,"Demand":1.0,"DemandMax":null,"Value":275.58660105095},{"Length":16.15632,"Height":16.56586,"Demand":1.0,"DemandMax":null,"Value":267.6433352352},{"Length":15.34574,"Height":17.02643,"Demand":1.0,"DemandMax":null,"Value":261.2831679082},{"Length":13.7692,"Height":18.0121,"Demand":1.0,"DemandMax":null,"Value":248.01220732},{"Length":8.098667,"Height":28.46473,"Demand":1.0,"DemandMax":null,"Value":230.52636951491002},{"Length":7.719777,"Height":29.20273,"Demand":1.0,"DemandMax":null,"Value":225.43856339120998},{"Length":7.960844,"Height":27.03759,"Demand":1.0,"DemandMax":null,"Value":215.24203612596},{"Length":15.43333,"Height":12.97265,"Demand":1.0,"DemandMax":null,"Value":200.2111884245},{"Length":15.09154,"Height":12.81594,"Demand":1.0,"DemandMax":null,"Value":193.4122711476},{"Length":11.96382,"Height":16.1456,"Demand":1.0,"DemandMax":null,"Value":193.163052192},{"Length":13.73062,"Height":13.94072,"Demand":1.0,"DemandMax":null,"Value":191.4147288464},{"Length":14.56349,"Height":12.97265,"Demand":1.0,"DemandMax":null,"Value":188.92705854849999},{"Length":15.98525,"Height":11.2417,"Demand":1.0,"DemandMax":null,"Value":179.701384925},{"Length":18.10764,"Height":9.715799,"Demand":1.0,"DemandMax":null,"Value":175.93019060436},{"Length":11.65212,"Height":14.5666,"Demand":1.0,"DemandMax":null,"Value":169.731771192},{"Length":8.543745,"Height":18.894,"Demand":1.0,"DemandMax":null,"Value":161.42551802999998},{"Length":11.5565,"Height":13.94072,"Demand":1.0,"DemandMax":null,"Value":161.10593068},{"Length":14.01157,"Height":11.2417,"Demand":1.0,"DemandMax":null,"Value":157.513866469},{"Length":7.756667,"Height":19.67486,"Demand":1.0,"DemandMax":null,"Value":152.61133729162},{"Length":10.49574,"Height":14.5295,"Demand":1.0,"DemandMax":null,"Value":152.49785433},{"Length":14.50248,"Height":10.41438,"Demand":1.0,"DemandMax":null,"Value":151.0343376624},{"Length":7.589071,"Height":19.67486,"Demand":1.0,"DemandMax":null,"Value":149.31390945505999},{"Length":10.49574,"Height":13.93524,"Demand":1.0,"DemandMax":null,"Value":146.2606558776},{"Length":16.15632,"Height":9.037818,"Demand":1.0,"DemandMax":null,"Value":146.01787970976},{"Length":11.65212,"Height":11.74102,"Demand":1.0,"DemandMax":null,"Value":136.8077739624},{"Length":13.76172,"Height":9.715799,"Demand":1.0,"DemandMax":null,"Value":133.70610541428002},{"Length":7.007748,"Height":18.894,"Demand":1.0,"DemandMax":null,"Value":132.40439071199998},{"Length":11.96382,"Height":10.16202,"Demand":1.0,"DemandMax":null,"Value":121.5765781164},{"Length":8.903915,"Height":13.52845,"Demand":1.0,"DemandMax":null,"Value":120.45616888174999},{"Length":8.252876,"Height":14.33358,"Demand":1.0,"DemandMax":null,"Value":118.29325837608},{"Length":14.90528,"Height":7.668441,"Demand":1.0,"DemandMax":null,"Value":114.30026026847999},{"Length":8.903915,"Height":12.77114,"Demand":1.0,"DemandMax":null,"Value":113.7131450131},{"Length":15.09154,"Height":7.467398,"Demand":1.0,"DemandMax":null,"Value":112.69453561292},{"Length":10.78464,"Height":10.41438,"Demand":1.0,"DemandMax":null,"Value":112.31533912319999},{"Length":9.518779,"Height":11.483,"Demand":1.0,"DemandMax":null,"Value":109.304139257},{"Length":13.7692,"Height":7.591586,"Demand":1.0,"DemandMax":null,"Value":104.5300659512},{"Length":8.252876,"Height":11.96601,"Demand":1.0,"DemandMax":null,"Value":98.753996744760016},{"Length":7.642469,"Height":12.61489,"Demand":1.0,"DemandMax":null,"Value":96.40890576341},{"Length":15.76834,"Height":5.870663,"Demand":1.0,"DemandMax":null,"Value":92.570610209420011},{"Length":7.262811,"Height":12.61489,"Demand":1.0,"DemandMax":null,"Value":91.61956185579001},{"Length":15.76834,"Height":5.612338,"Demand":1.0,"DemandMax":null,"Value":88.497253778920012}]}