{"Name":"Nice16_50","Objects":[{"Length":100.0,"Height":100.0,"Stock":null,"Cost":10000.0}],"Items":[{"Length":21.32921,"Height":22.40461,"Demand":1.0,"DemandMax":null,"Value":477.87263165810003},{"Length":16.28985,"Height":28.95759,"Demand":1.0,"DemandMax":null,"Value":471.71479746150004},{"Length":14.03838,"Height":27.36951,"Demand":1.0,"DemandMax":null,"Value":384.22358179379995},{"Length":9.946013,"Height":37.96495,"Demand":1.0,"DemandMax":null,"Value":377.59988624435005},{"Length":10.09209,"Height":37.09564,"Demand":1.0,"DemandMax":null,"Value":374.3725374876},{"Length":15.01462,"Height":22.82455,"Demand":1.0,"DemandMax":null,"Value":342.701944921},{"Length":14.74714,"Height":22.82455,"Demand":1.0,"DemandMax":null,"Value":336.596834287},{"Length":20.36501,"Height":16.34872,"Demand":1.0,"DemandMax":null,"Value":332.9418462872},{"Length":9.392398,"Height":29.56353,"Demand":1.0,"DemandMax":null,"Value":277.67244004494},{"Length":9.240098,"Height":29.56353,"Demand":1.0,"DemandMax":null,"Value":273.16991442593996},{"Length":16.51486,"Height":16.05851,"Demand":1.0,"DemandMax":null,"Value":265.20404445859992},{"Length":16.51486,"Height":15.99841,"Demand":1.0,"DemandMax":null,"Value":264.21150137259997},{"Length":8.855021,"Height":29.56353,"Demand":1.0,"DemandMax":null,"Value":261.78567898413},{"Length":20.36501,"Height":11.02079,"Demand":1.0,"DemandMax":null,"Value":224.4384985579},{"Length":14.37497,"Height":15.55621,"Demand":1.0,"DemandMax":null,"Value":223.6200520637},{"Length":22.7907,"Height":9.233443,"Demand":1.0,"DemandMax":null,"Value":210.4366293801},{"Length":11.7754,"Height":17.34067,"Demand":1.0,"DemandMax":null,"Value":204.193325518},{"Length":16.51486,"Height":12.23087,"Demand":1.0,"DemandMax":null,"Value":201.99110572819998},{"Length":12.75292,"Height":15.82752,"Demand":1.0,"DemandMax":null,"Value":201.8470963584},{"Length":9.465774,"Height":21.26812,"Demand":1.0,"DemandMax":null,"Value":201.31921732488},{"Length":20.53652,"Height":9.726135,"Demand":1.0,"DemandMax":null,"Value":199.74096595019998},{"Length":22.7907,"Height":8.441754,"Demand":1.0,"DemandMax":null,"Value":192.3934828878},{"Length":8.432547,"Height":22.40461,"Demand":1.0,"DemandMax":null,"Value":188.92792684167},{"Length":11.8609,"Height":15.55621,"Demand":1.0,"DemandMax":null,"Value":184.51065118900002},{"Length":13.6571,"Height":13.28388,"Demand":1.0,"DemandMax":null,"Value":181.419277548},{"Length":10.88501,"Height":16.00016,"Demand":1.0,"DemandMax":null,"Value":174.1619016016},{"Length":8.654623,"Height":18.61657,"Demand":1.0,"DemandMax":null,"Value":161.11939490311002},{"Length":18.06025,"Height":8.871256,"Demand":1.0,"DemandMax":null,"Value":160.21710117400002},{"Length":11.03425,"Height":14.27496,"Demand":1.0,"DemandMax":null,"Value":157.51347738},{"Length":9.460646,"Height":16.00016,"Demand":1.0,"DemandMax":null,"Value":151.37184970336003},{"Length":12.11046,"Height":12.2572,"Demand":1.0,"DemandMax":null,"Value":148.440330312},{"Length":16.28985,"Height":9.007358,"Demand":1.0,"DemandMax":null,"Value":146.7285107163},{"Length":7.860238,"Height":18.61657,"Demand":1.0,"DemandMax":null,"Value":146.33067094365998},{"Length":15.71212,"Height":9.312026,"Demand":1.0,"DemandMax":null,"Value":146.31166995512},{"Length":6.131147,"Height":23.81176,"Demand":1.0,"DemandMax":null,"Value":145.99340088872},{"Length":13.86687,"Height":9.726135,"Demand":1.0,"DemandMax":null,"Value":134.87104964745},{"Length":13.92984,"Height":9.383197,"Demand":1.0,"DemandMax":null,"Value":130.70643289848},{"Length":15.71212,"Height":8.028642,"Demand":1.0,"DemandMax":null,"Value":126.14698654104},{"Length":18.06025,"Height":6.956268,"Demand":1.0,"DemandMax":null,"Value":125.631939147},{"Length":6.971059,"Height":17.6752,"Demand":1.0,"DemandMax":null,"Value":123.21486203680001},{"Length":12.30603,"Height":9.383197,"Demand":1.0,"DemandMax":null,"Value":115.46990377790999},{"Length":7.141866,"Height":16.00016,"Demand":1.0,"DemandMax":null,"Value":114.27099869856},{"Length":9.236932,"Height":12.08671,"Demand":1.0,"DemandMax":null,"Value":111.64411837371999},{"Length":12.11046,"Height":9.010922,"Demand":1.0,"DemandMax":null,"Value":109.12641044412001},{"Length":7.525957,"Height":12.67575,"Demand":1.0,"DemandMax":null,"Value":95.39714944275},{"Length":11.03425,"Height":8.208183,"Demand":1.0,"DemandMax":null,"Value":90.57114326775},{"Length":9.236932,"Height":9.181409,"Demand":1.0,"DemandMax":null,"Value":84.808050597188},{"Length":7.525957,"Height":11.13602,"Demand":1.0,"DemandMax":null,"Value":83.80920767114},{"Length":11.03425,"Height":7.448417,"Demand":1.0,"DemandMax":null,"Value":82.18769528225},{"Length":11.03425,"Height":7.164083,"Demand":1.0,"DemandMax":null,"Value":79.05028284275}]}