{"Name":"Path14_200","Objects":[{"Length":100.0,"Height":100.0,"Stock":null,"Cost":10000.0}],"Items":[{"Length":24.83541,"Height":29.57031,"Demand":1.0,"DemandMax":null,"Value":734.3907726771},{"Length":15.91249,"Height":32.64104,"Demand":1.0,"DemandMax":null,"Value":519.40022258959993},{"Length":17.75348,"Height":28.0541,"Demand":1.0,"DemandMax":null,"Value":498.05790326799996},{"Length":37.87262,"Height":10.52467,"Demand":1.0,"DemandMax":null,"Value":398.5968275354},{"Length":10.35112,"Height":32.64104,"Demand":1.0,"DemandMax":null,"Value":337.87132196479996},{"Length":20.47767,"Height":15.70153,"Demand":1.0,"DemandMax":null,"Value":321.5307498351},{"Length":20.47767,"Height":12.98411,"Demand":1.0,"DemandMax":null,"Value":265.88431982369997},{"Length":7.327468,"Height":35.35207,"Demand":1.0,"DemandMax":null,"Value":259.04116165875996},{"Length":25.15761,"Height":9.328183,"Demand":1.0,"DemandMax":null,"Value":234.67478992262997},{"Length":15.17535,"Height":15.29036,"Demand":1.0,"DemandMax":null,"Value":232.036564626},{"Length":13.436,"Height":17.21394,"Demand":1.0,"DemandMax":null,"Value":231.28649784},{"Length":5.968898,"Height":38.60587,"Demand":1.0,"DemandMax":null,"Value":230.43450023126002},{"Length":34.43888,"Height":5.964829,"Demand":1.0,"DemandMax":null,"Value":205.42203015151998},{"Length":13.93068,"Height":12.88337,"Demand":1.0,"DemandMax":null,"Value":179.4741047916},{"Length":22.29593,"Height":7.513726,"Demand":1.0,"DemandMax":null,"Value":167.52550893518},{"Length":4.522308,"Height":33.32867,"Demand":1.0,"DemandMax":null,"Value":150.72251097036},{"Length":4.818469,"Height":29.86385,"Demand":1.0,"DemandMax":null,"Value":143.89803544565},{"Length":4.343485,"Height":29.86385,"Demand":1.0,"DemandMax":null,"Value":129.71318451725},{"Length":7.821157,"Height":15.90251,"Demand":1.0,"DemandMax":null,"Value":124.37602740407},{"Length":19.73121,"Height":6.154022,"Demand":1.0,"DemandMax":null,"Value":121.42630042662002},{"Length":6.954961,"Height":16.96858,"Demand":1.0,"DemandMax":null,"Value":118.01581212538},{"Length":15.57669,"Height":7.513726,"Demand":1.0,"DemandMax":null,"Value":117.03898064693999},{"Length":7.203059,"Height":14.1417,"Demand":1.0,"DemandMax":null,"Value":101.86349946029999},{"Length":3.378405,"Height":28.06802,"Demand":1.0,"DemandMax":null,"Value":94.8251391081},{"Length":3.038268,"Height":29.86385,"Demand":1.0,"DemandMax":null,"Value":90.7343798118},{"Length":20.74628,"Height":4.131591,"Demand":1.0,"DemandMax":null,"Value":85.71514373148},{"Length":6.624471,"Height":12.88337,"Demand":1.0,"DemandMax":null,"Value":85.345510947269986},{"Length":17.2301,"Height":4.747999,"Demand":1.0,"DemandMax":null,"Value":81.8084975699},{"Length":11.82382,"Height":6.844735,"Demand":1.0,"DemandMax":null,"Value":80.9309145877},{"Length":29.9537,"Height":2.6504,"Demand":1.0,"DemandMax":null,"Value":79.38928648},{"Length":12.78057,"Height":6.142119,"Demand":1.0,"DemandMax":null,"Value":78.49978182783},{"Length":8.902637,"Height":8.608644,"Demand":1.0,"DemandMax":null,"Value":76.639632594228},{"Length":24.83541,"Height":3.070734,"Demand":1.0,"DemandMax":null,"Value":76.26293789094},{"Length":17.73937,"Height":4.131591,"Demand":1.0,"DemandMax":null,"Value":73.291821437670009},{"Length":12.11304,"Height":5.964829,"Demand":1.0,"DemandMax":null,"Value":72.25221227016},{"Length":13.436,"Height":5.214862,"Demand":1.0,"DemandMax":null,"Value":70.066885832},{"Length":14.42211,"Height":4.682003,"Demand":1.0,"DemandMax":null,"Value":67.52436228633},{"Length":4.601793,"Height":14.6045,"Demand":1.0,"DemandMax":null,"Value":67.2068858685},{"Length":2.489553,"Height":26.54483,"Demand":1.0,"DemandMax":null,"Value":66.08476116099},{"Length":22.04258,"Height":2.842445,"Demand":1.0,"DemandMax":null,"Value":62.654821308100004},{"Length":3.627608,"Height":17.06224,"Demand":1.0,"DemandMax":null,"Value":61.895118321919995},{"Length":5.614841,"Height":9.253844,"Demand":1.0,"DemandMax":null,"Value":51.958862698804005},{"Length":8.266443,"Height":5.985253,"Demand":1.0,"DemandMax":null,"Value":49.476752765079006},{"Length":8.266443,"Height":5.889585,"Demand":1.0,"DemandMax":null,"Value":48.685918696155007},{"Length":7.697098,"Height":6.142119,"Demand":1.0,"DemandMax":null,"Value":47.276491870662007},{"Length":2.635594,"Height":16.44168,"Demand":1.0,"DemandMax":null,"Value":43.333593157920006},{"Length":4.43115,"Height":8.608644,"Demand":1.0,"DemandMax":null,"Value":38.146192860599996},{"Length":5.614841,"Height":6.648664,"Demand":1.0,"DemandMax":null,"Value":37.331191222424},{"Length":0.9666437,"Height":38.33131,"Demand":1.0,"DemandMax":null,"Value":37.052719324247},{"Length":3.378405,"Height":10.53786,"Demand":1.0,"DemandMax":null,"Value":35.6011589133},{"Length":2.092091,"Height":16.96858,"Demand":1.0,"DemandMax":null,"Value":35.49981350078},{"Length":11.15341,"Height":3.114481,"Demand":1.0,"DemandMax":null,"Value":34.73708353021},{"Length":14.0332,"Height":2.406993,"Demand":1.0,"DemandMax":null,"Value":33.7778141676},{"Length":11.06714,"Height":2.986853,"Demand":1.0,"DemandMax":null,"Value":33.05592031042},{"Length":4.221671,"Height":7.622304,"Demand":1.0,"DemandMax":null,"Value":32.178859749984},{"Length":20.47767,"Height":1.538704,"Demand":1.0,"DemandMax":null,"Value":31.50907273968},{"Length":0.8194018,"Height":38.33131,"Demand":1.0,"DemandMax":null,"Value":31.408744410358},{"Length":8.266443,"Height":3.619151,"Demand":1.0,"DemandMax":null,"Value":29.917505449893003},{"Length":4.061913,"Height":7.306146,"Demand":1.0,"DemandMax":null,"Value":29.676929417298},{"Length":2.489553,"Height":11.78649,"Demand":1.0,"DemandMax":null,"Value":29.34309153897},{"Length":3.578477,"Height":8.156548,"Demand":1.0,"DemandMax":null,"Value":29.188019417396003},{"Length":6.994364,"Height":4.131591,"Demand":1.0,"DemandMax":null,"Value":28.897851353124},{"Length":22.04258,"Height":1.252366,"Demand":1.0,"DemandMax":null,"Value":27.605377744280002},{"Length":40.0848,"Height":0.6850615,"Demand":1.0,"DemandMax":null,"Value":27.4605532152},{"Length":2.064173,"Height":13.24943,"Demand":1.0,"DemandMax":null,"Value":27.34911567139},{"Length":1.074828,"Height":24.63864,"Demand":1.0,"DemandMax":null,"Value":26.482300153919997},{"Length":15.25339,"Height":1.638884,"Demand":1.0,"DemandMax":null,"Value":24.998536816759998},{"Length":6.089452,"Height":4.074758,"Demand":1.0,"DemandMax":null,"Value":24.813043252615998},{"Length":4.601793,"Height":5.314743,"Demand":1.0,"DemandMax":null,"Value":24.457347134198997},{"Length":0.8217696,"Height":29.75732,"Demand":1.0,"DemandMax":null,"Value":24.453660953472},{"Length":9.960528,"Height":2.406993,"Demand":1.0,"DemandMax":null,"Value":23.974921172304},{"Length":26.72271,"Height":0.878476,"Demand":1.0,"DemandMax":null,"Value":23.47525938996},{"Length":19.65018,"Height":1.187005,"Demand":1.0,"DemandMax":null,"Value":23.3248619109},{"Length":26.03792,"Height":0.8743326,"Demand":1.0,"DemandMax":null,"Value":22.765802292192},{"Length":1.309648,"Height":16.96858,"Demand":1.0,"DemandMax":null,"Value":22.222866859839996},{"Length":0.9790697,"Height":22.62163,"Demand":1.0,"DemandMax":null,"Value":22.148152497611},{"Length":7.327468,"Height":2.979246,"Demand":1.0,"DemandMax":null,"Value":21.830329729127996},{"Length":18.22244,"Height":1.187005,"Demand":1.0,"DemandMax":null,"Value":21.6301273922},{"Length":22.04258,"Height":0.9785897,"Demand":1.0,"DemandMax":null,"Value":21.570641749426002},{"Length":11.82382,"Height":1.763909,"Demand":1.0,"DemandMax":null,"Value":20.85614251238},{"Length":2.423404,"Height":8.565259,"Demand":1.0,"DemandMax":null,"Value":20.757082921635998},{"Length":1.257041,"Height":16.44168,"Demand":1.0,"DemandMax":null,"Value":20.667865868880003},{"Length":1.554065,"Height":13.24943,"Demand":1.0,"DemandMax":null,"Value":20.59047543295},{"Length":3.578477,"Height":5.69949,"Demand":1.0,"DemandMax":null,"Value":20.39549387673},{"Length":7.203059,"Height":2.826877,"Demand":1.0,"DemandMax":null,"Value":20.362161816743},{"Length":29.9537,"Height":0.6785384,"Demand":1.0,"DemandMax":null,"Value":20.32473567208},{"Length":1.185332,"Height":16.44168,"Demand":1.0,"DemandMax":null,"Value":19.488849437760003},{"Length":9.195264,"Height":2.081472,"Demand":1.0,"DemandMax":null,"Value":19.139684548608003},{"Length":16.64736,"Height":1.144738,"Demand":1.0,"DemandMax":null,"Value":19.05686559168},{"Length":5.635482,"Height":3.367431,"Demand":1.0,"DemandMax":null,"Value":18.977096786742},{"Length":37.87262,"Height":0.4919079,"Demand":1.0,"DemandMax":null,"Value":18.629840971698},{"Length":1.082827,"Height":17.06224,"Demand":1.0,"DemandMax":null,"Value":18.475454152479998},{"Length":6.089452,"Height":3.014246,"Demand":1.0,"DemandMax":null,"Value":18.355106333191998},{"Length":4.221671,"Height":4.266419,"Demand":1.0,"DemandMax":null,"Value":18.011417366148997},{"Length":8.647628,"Height":2.081472,"Demand":1.0,"DemandMax":null,"Value":17.999795548416},{"Length":0.4912662,"Height":36.36647,"Demand":1.0,"DemandMax":null,"Value":17.865617524314},{"Length":1.040984,"Height":17.06224,"Demand":1.0,"DemandMax":null,"Value":17.761518844159998},{"Length":11.15341,"Height":1.567522,"Demand":1.0,"DemandMax":null,"Value":17.48321555002},{"Length":0.4527917,"Height":38.33131,"Demand":1.0,"DemandMax":null,"Value":17.356099018127},{"Length":3.438577,"Height":5.021977,"Demand":1.0,"DemandMax":null,"Value":17.268454606728998},{"Length":1.045656,"Height":16.36558,"Demand":1.0,"DemandMax":null,"Value":17.11276692048},{"Length":4.221671,"Height":4.050276,"Demand":1.0,"DemandMax":null,"Value":17.098932731196},{"Length":8.195029,"Height":2.081472,"Demand":1.0,"DemandMax":null,"Value":17.057723402688},{"Length":1.326347,"Height":12.72619,"Demand":1.0,"DemandMax":null,"Value":16.87934392793},{"Length":5.58022,"Height":2.986853,"Demand":1.0,"DemandMax":null,"Value":16.667296847659998},{"Length":4.601793,"Height":3.573978,"Demand":1.0,"DemandMax":null,"Value":16.446706942554},{"Length":12.25232,"Height":1.330948,"Demand":1.0,"DemandMax":null,"Value":16.30720079936},{"Length":0.4871958,"Height":33.32867,"Demand":1.0,"DemandMax":null,"Value":16.237588043586},{"Length":9.904226,"Height":1.638884,"Demand":1.0,"DemandMax":null,"Value":16.231877523784},{"Length":13.03733,"Height":1.240817,"Demand":1.0,"DemandMax":null,"Value":16.17694069861},{"Length":8.204737,"Height":1.964847,"Demand":1.0,"DemandMax":null,"Value":16.121052880239},{"Length":25.15761,"Height":0.6329499,"Demand":1.0,"DemandMax":null,"Value":15.923506733738998},{"Length":1.590346,"Height":9.859257,"Demand":1.0,"DemandMax":null,"Value":15.679629932922},{"Length":0.4009124,"Height":38.60587,"Demand":1.0,"DemandMax":null,"Value":15.477571995788},{"Length":1.187608,"Height":13.02139,"Demand":1.0,"DemandMax":null,"Value":15.46430693512},{"Length":0.9347845,"Height":16.36558,"Demand":1.0,"DemandMax":null,"Value":15.29829051751},{"Length":0.9204955,"Height":16.5634,"Demand":1.0,"DemandMax":null,"Value":15.246535164700001},{"Length":1.453053,"Height":10.47183,"Demand":1.0,"DemandMax":null,"Value":15.21612399699},{"Length":7.708622,"Height":1.964847,"Demand":1.0,"DemandMax":null,"Value":15.146262810834001},{"Length":5.277189,"Height":2.852367,"Demand":1.0,"DemandMax":null,"Value":15.052479756363},{"Length":12.12028,"Height":1.240817,"Demand":1.0,"DemandMax":null,"Value":15.03904946876},{"Length":0.6969098,"Height":21.37654,"Demand":1.0,"DemandMax":null,"Value":14.897520216092},{"Length":2.477758,"Height":5.987243,"Demand":1.0,"DemandMax":null,"Value":14.834939241194002},{"Length":37.87262,"Height":0.3897071,"Demand":1.0,"DemandMax":null,"Value":14.759228909601998},{"Length":10.27214,"Height":1.417954,"Demand":1.0,"DemandMax":null,"Value":14.56542200156},{"Length":25.15761,"Height":0.5691571,"Demand":1.0,"DemandMax":null,"Value":14.318632350530999},{"Length":1.326347,"Height":10.76704,"Demand":1.0,"DemandMax":null,"Value":14.280831202879998},{"Length":2.311365,"Height":6.154022,"Demand":1.0,"DemandMax":null,"Value":14.22419106003},{"Length":0.6958252,"Height":20.28865,"Demand":1.0,"DemandMax":null,"Value":14.117353943980001},{"Length":36.96724,"Height":0.3802911,"Demand":1.0,"DemandMax":null,"Value":14.058312363564},{"Length":4.547093,"Height":3.087278,"Demand":1.0,"DemandMax":null,"Value":14.038140182854},{"Length":0.9157226,"Height":15.29036,"Demand":1.0,"DemandMax":null,"Value":14.001728214136001},{"Length":1.071272,"Height":13.02139,"Demand":1.0,"DemandMax":null,"Value":13.94945050808},{"Length":3.438577,"Height":4.053038,"Demand":1.0,"DemandMax":null,"Value":13.936683246926},{"Length":1.001371,"Height":13.67614,"Demand":1.0,"DemandMax":null,"Value":13.69488998794},{"Length":29.9537,"Height":0.45652,"Demand":1.0,"DemandMax":null,"Value":13.674463124},{"Length":2.863293,"Height":4.747999,"Demand":1.0,"DemandMax":null,"Value":13.594912300707001},{"Length":2.668342,"Height":5.002639,"Demand":1.0,"DemandMax":null,"Value":13.348751754538},{"Length":3.438577,"Height":3.80835,"Demand":1.0,"DemandMax":null,"Value":13.09530471795},{"Length":4.547093,"Height":2.877552,"Demand":1.0,"DemandMax":null,"Value":13.084496556336001},{"Length":0.7701096,"Height":16.96858,"Demand":1.0,"DemandMax":null,"Value":13.067666356368},{"Length":3.863378,"Height":3.367431,"Demand":1.0,"DemandMax":null,"Value":13.009658841918},{"Length":0.952942,"Height":13.62241,"Demand":1.0,"DemandMax":null,"Value":12.98136663022},{"Length":0.7782162,"Height":16.5634,"Demand":1.0,"DemandMax":null,"Value":12.889906207080001},{"Length":0.6958252,"Height":18.31723,"Demand":1.0,"DemandMax":null,"Value":12.745590228195999},{"Length":0.5917021,"Height":21.34071,"Demand":1.0,"DemandMax":null,"Value":12.627342922491001},{"Length":0.7382907,"Height":16.96858,"Demand":1.0,"DemandMax":null,"Value":12.527744806205998},{"Length":18.82859,"Height":0.6501061,"Demand":1.0,"DemandMax":null,"Value":12.240581213398999},{"Length":1.658951,"Height":7.377571,"Demand":1.0,"DemandMax":null,"Value":12.239028788021},{"Length":17.75348,"Height":0.6848415,"Demand":1.0,"DemandMax":null,"Value":12.15831987342},{"Length":5.277189,"Height":2.298688,"Demand":1.0,"DemandMax":null,"Value":12.130611028031998},{"Length":13.68102,"Height":0.8866176,"Demand":1.0,"DemandMax":null,"Value":12.129833117952},{"Length":10.27214,"Height":1.15651,"Demand":1.0,"DemandMax":null,"Value":11.8798326314},{"Length":8.906315,"Height":1.330948,"Demand":1.0,"DemandMax":null,"Value":11.853842136619999},{"Length":19.91694,"Height":0.5944595,"Demand":1.0,"DemandMax":null,"Value":11.839814193930002},{"Length":0.6969098,"Height":16.95477,"Demand":1.0,"DemandMax":null,"Value":11.815945369746},{"Length":18.13865,"Height":0.6501061,"Demand":1.0,"DemandMax":null,"Value":11.792047010765},{"Length":1.798267,"Height":6.546027,"Demand":1.0,"DemandMax":null,"Value":11.771504335209},{"Length":4.378183,"Height":2.677953,"Demand":1.0,"DemandMax":null,"Value":11.724568299399},{"Length":2.341162,"Height":5.002639,"Demand":1.0,"DemandMax":null,"Value":11.711988326518002},{"Length":1.798267,"Height":6.491613,"Demand":1.0,"DemandMax":null,"Value":11.673653434671001},{"Length":8.76942,"Height":1.330948,"Demand":1.0,"DemandMax":null,"Value":11.671642010160001},{"Length":10.05992,"Height":1.124908,"Demand":1.0,"DemandMax":null,"Value":11.31648448736},{"Length":13.04169,"Height":0.8592325,"Demand":1.0,"DemandMax":null,"Value":11.205843902924999},{"Length":5.647276,"Height":1.964847,"Demand":1.0,"DemandMax":null,"Value":11.096033306772},{"Length":13.68102,"Height":0.80937,"Demand":1.0,"DemandMax":null,"Value":11.073007157400001},{"Length":0.6734506,"Height":16.44168,"Demand":1.0,"DemandMax":null,"Value":11.072659261008},{"Length":2.027539,"Height":5.454155,"Demand":1.0,"DemandMax":null,"Value":11.058511974545},{"Length":13.04169,"Height":0.836755,"Demand":1.0,"DemandMax":null,"Value":10.91269931595},{"Length":2.423404,"Height":4.472382,"Demand":1.0,"DemandMax":null,"Value":10.838388428327999},{"Length":4.061913,"Height":2.573428,"Demand":1.0,"DemandMax":null,"Value":10.453040647763999},{"Length":1.743913,"Height":5.987243,"Demand":1.0,"DemandMax":null,"Value":10.441230901859},{"Length":17.0503,"Height":0.5944595,"Demand":1.0,"DemandMax":null,"Value":10.13571281285},{"Length":1.138701,"Height":8.573993,"Demand":1.0,"DemandMax":null,"Value":9.7632144030929986},{"Length":1.658951,"Height":5.871859,"Demand":1.0,"DemandMax":null,"Value":9.741126359909},{"Length":3.578477,"Height":2.707361,"Demand":1.0,"DemandMax":null,"Value":9.688229069197},{"Length":2.004836,"Height":4.8274,"Demand":1.0,"DemandMax":null,"Value":9.6781453064},{"Length":0.3169314,"Height":29.75732,"Demand":1.0,"DemandMax":null,"Value":9.431029087848},{"Length":0.952942,"Height":9.870813,"Demand":1.0,"DemandMax":null,"Value":9.4063122818459988},{"Length":7.039183,"Height":1.330948,"Demand":1.0,"DemandMax":null,"Value":9.368786535484},{"Length":0.4805941,"Height":19.47079,"Demand":1.0,"DemandMax":null,"Value":9.3575467963390011},{"Length":1.949182,"Height":4.747999,"Demand":1.0,"DemandMax":null,"Value":9.254714186818},{"Length":1.886949,"Height":4.8274,"Demand":1.0,"DemandMax":null,"Value":9.1090576026},{"Length":0.4805941,"Height":18.86053,"Demand":1.0,"DemandMax":null,"Value":9.064259440873},{"Length":1.859633,"Height":4.8274,"Demand":1.0,"DemandMax":null,"Value":8.9771923442},{"Length":2.027539,"Height":4.425419,"Demand":1.0,"DemandMax":null,"Value":8.972709613841},{"Length":1.590346,"Height":5.634734,"Demand":1.0,"DemandMax":null,"Value":8.961176677964},{"Length":1.001371,"Height":8.945495,"Demand":1.0,"DemandMax":null,"Value":8.957759273645},{"Length":0.5917021,"Height":15.02576,"Demand":1.0,"DemandMax":null,"Value":8.890773746096},{"Length":4.378183,"Height":2.00405,"Demand":1.0,"DemandMax":null,"Value":8.77409764115},{"Length":7.693567,"Height":1.124908,"Demand":1.0,"DemandMax":null,"Value":8.654555066836},{"Length":0.3681797,"Height":23.49322,"Demand":1.0,"DemandMax":null,"Value":8.649726691634001},{"Length":0.4178146,"Height":20.44921,"Demand":1.0,"DemandMax":null,"Value":8.543978496466},{"Length":0.8058273,"Height":10.47183,"Demand":1.0,"DemandMax":null,"Value":8.438486494959001},{"Length":0.3486468,"Height":23.49322,"Demand":1.0,"DemandMax":null,"Value":8.190835974696},{"Length":0.543501,"Height":13.96723,"Demand":1.0,"DemandMax":null,"Value":7.59120347223},{"Length":0.3872755,"Height":19.38308,"Demand":1.0,"DemandMax":null,"Value":7.5065919985399994},{"Length":0.4178146,"Height":17.88211,"Demand":1.0,"DemandMax":null,"Value":7.471406636806},{"Length":0.3872755,"Height":19.2228,"Demand":1.0,"DemandMax":null,"Value":7.4445194813999995},{"Length":0.5313271,"Height":13.96723,"Demand":1.0,"DemandMax":null,"Value":7.4211678109330013}]}