{"Name":"Path5_1t","Objects":[{"Length":100.0,"Height":100.0,"Stock":null,"Cost":10000.0}],"Items":[{"Length":25.43991,"Height":20.54836,"Demand":1.0,"DemandMax":null,"Value":522.7484290476},{"Length":15.70017,"Height":16.18596,"Demand":1.0,"DemandMax":null,"Value":254.12232361320002},{"Length":21.40997,"Height":11.46397,"Demand":1.0,"DemandMax":null,"Value":245.44325378090002},{"Length":33.34358,"Height":6.858962,"Demand":1.0,"DemandMax":null,"Value":228.70234816396},{"Length":5.358543,"Height":26.77201,"Demand":1.0,"DemandMax":null,"Value":143.45896678143},{"Length":4.823627,"Height":26.77201,"Demand":1.0,"DemandMax":null,"Value":129.13819028027},{"Length":10.88336,"Height":8.847531,"Demand":1.0,"DemandMax":null,"Value":96.29086498416},{"Length":18.68321,"Height":5.134545,"Demand":1.0,"DemandMax":null,"Value":95.929782489449991},{"Length":15.70017,"Height":5.87586,"Demand":1.0,"DemandMax":null,"Value":92.2520008962},{"Length":24.8475,"Height":3.213026,"Demand":1.0,"DemandMax":null,"Value":79.835663535000009},{"Length":15.71371,"Height":4.408375,"Demand":1.0,"DemandMax":null,"Value":69.27192632125},{"Length":17.92777,"Height":3.541152,"Demand":1.0,"DemandMax":null,"Value":63.484958591039991},{"Length":25.43991,"Height":2.466883,"Demand":1.0,"DemandMax":null,"Value":62.757281500530006},{"Length":37.47682,"Height":1.362851,"Demand":1.0,"DemandMax":null,"Value":51.075321613819995},{"Length":17.24308,"Height":2.948467,"Demand":1.0,"DemandMax":null,"Value":50.840652358359996},{"Length":9.851103,"Height":5.082226,"Demand":1.0,"DemandMax":null,"Value":50.065531795278005},{"Length":8.709843,"Height":5.302708,"Demand":1.0,"DemandMax":null,"Value":46.185754154844},{"Length":6.359718,"Height":7.186009,"Demand":1.0,"DemandMax":null,"Value":45.700990785462004},{"Length":4.574177,"Height":9.101896,"Demand":1.0,"DemandMax":null,"Value":41.633683339592},{"Length":4.751675,"Height":8.038661,"Demand":1.0,"DemandMax":null,"Value":38.197104507174991},{"Length":4.747673,"Height":8.038661,"Demand":1.0,"DemandMax":null,"Value":38.164933785852995},{"Length":17.24308,"Height":2.062205,"Demand":1.0,"DemandMax":null,"Value":35.5587657914},{"Length":15.88328,"Height":2.162693,"Demand":1.0,"DemandMax":null,"Value":34.35065847304},{"Length":3.551052,"Height":9.075695,"Demand":1.0,"DemandMax":null,"Value":32.22826488114},{"Length":10.9695,"Height":2.733061,"Demand":1.0,"DemandMax":null,"Value":29.980312639500003},{"Length":37.47682,"Height":0.7294536,"Demand":1.0,"DemandMax":null,"Value":27.337601265552},{"Length":22.71634,"Height":1.192601,"Demand":1.0,"DemandMax":null,"Value":27.09152980034},{"Length":18.08615,"Height":1.467402,"Demand":1.0,"DemandMax":null,"Value":26.5396526823},{"Length":3.264886,"Height":8.038661,"Demand":1.0,"DemandMax":null,"Value":26.245311757646},{"Length":3.864724,"Height":6.49401,"Demand":1.0,"DemandMax":null,"Value":25.09755630324},{"Length":17.87646,"Height":1.367126,"Demand":1.0,"DemandMax":null,"Value":24.439373253960003},{"Length":1.926192,"Height":12.01643,"Demand":1.0,"DemandMax":null,"Value":23.14595133456},{"Length":10.9695,"Height":2.078609,"Demand":1.0,"DemandMax":null,"Value":22.8013014255},{"Length":5.372937,"Height":4.173238,"Demand":1.0,"DemandMax":null,"Value":22.422544860006},{"Length":4.407953,"Height":5.079222,"Demand":1.0,"DemandMax":null,"Value":22.388971852565998},{"Length":10.9695,"Height":1.998623,"Demand":1.0,"DemandMax":null,"Value":21.9238949985},{"Length":12.08948,"Height":1.802982,"Demand":1.0,"DemandMax":null,"Value":21.79711482936},{"Length":42.24345,"Height":0.5157563,"Demand":1.0,"DemandMax":null,"Value":21.787325471235},{"Length":4.495851,"Height":4.614954,"Demand":1.0,"DemandMax":null,"Value":20.748145555854},{"Length":36.1556,"Height":0.5682439,"Demand":1.0,"DemandMax":null,"Value":20.545199150840002},{"Length":2.146009,"Height":9.50217,"Demand":1.0,"DemandMax":null,"Value":20.391742339529998},{"Length":2.561332,"Height":7.900703,"Demand":1.0,"DemandMax":null,"Value":20.236323416396},{"Length":2.516834,"Height":7.900703,"Demand":1.0,"DemandMax":null,"Value":19.884757934301998},{"Length":6.272786,"Height":2.960677,"Demand":1.0,"DemandMax":null,"Value":18.571693236121998},{"Length":8.850343,"Height":2.092305,"Demand":1.0,"DemandMax":null,"Value":18.517616910615},{"Length":2.334556,"Height":7.900703,"Demand":1.0,"DemandMax":null,"Value":18.444633592868},{"Length":16.67613,"Height":1.063616,"Demand":1.0,"DemandMax":null,"Value":17.73699868608},{"Length":3.153863,"Height":5.571865,"Demand":1.0,"DemandMax":null,"Value":17.572898864495},{"Length":3.567627,"Height":4.842694,"Demand":1.0,"DemandMax":null,"Value":17.276925867137997},{"Length":17.24308,"Height":0.9744378,"Demand":1.0,"DemandMax":null,"Value":16.802308940424},{"Length":3.272063,"Height":5.079222,"Demand":1.0,"DemandMax":null,"Value":16.619534374986},{"Length":6.650767,"Height":2.467975,"Demand":1.0,"DemandMax":null,"Value":16.413926686825},{"Length":3.333138,"Height":4.842694,"Demand":1.0,"DemandMax":null,"Value":16.141367393772},{"Length":13.02433,"Height":1.218116,"Demand":1.0,"DemandMax":null,"Value":15.86514476228},{"Length":17.39473,"Height":0.9097906,"Demand":1.0,"DemandMax":null,"Value":15.825561843537999},{"Length":19.02081,"Height":0.8156592,"Demand":1.0,"DemandMax":null,"Value":15.514498667952001},{"Length":13.45417,"Height":1.095136,"Demand":1.0,"DemandMax":null,"Value":14.734145917120001},{"Length":1.326154,"Height":10.94477,"Demand":1.0,"DemandMax":null,"Value":14.51445051458},{"Length":2.742332,"Height":5.273089,"Demand":1.0,"DemandMax":null,"Value":14.460560703548},{"Length":1.29237,"Height":10.67347,"Demand":1.0,"DemandMax":null,"Value":13.7940724239},{"Length":36.1556,"Height":0.3732136,"Demand":1.0,"DemandMax":null,"Value":13.493761636159999},{"Length":7.955795,"Height":1.661589,"Demand":1.0,"DemandMax":null,"Value":13.219261458255},{"Length":7.671353,"Height":1.703793,"Demand":1.0,"DemandMax":null,"Value":13.070397541929},{"Length":25.43991,"Height":0.5107536,"Demand":1.0,"DemandMax":null,"Value":12.993525616176},{"Length":27.57256,"Height":0.4685685,"Demand":1.0,"DemandMax":null,"Value":12.919633080359999},{"Length":17.24308,"Height":0.734663,"Demand":1.0,"DemandMax":null,"Value":12.667852882039998},{"Length":2.447105,"Height":5.134545,"Demand":1.0,"DemandMax":null,"Value":12.564770742225},{"Length":16.06417,"Height":0.7814769,"Demand":1.0,"DemandMax":null,"Value":12.553777772673001},{"Length":21.55992,"Height":0.5777411,"Demand":1.0,"DemandMax":null,"Value":12.456051896712001},{"Length":13.45417,"Height":0.917091,"Demand":1.0,"DemandMax":null,"Value":12.338698219469999},{"Length":12.27448,"Height":0.9825794,"Demand":1.0,"DemandMax":null,"Value":12.060651193712001},{"Length":12.50529,"Height":0.9597974,"Demand":1.0,"DemandMax":null,"Value":12.002544828246},{"Length":2.324557,"Height":5.134545,"Demand":1.0,"DemandMax":null,"Value":11.935542521565},{"Length":2.838992,"Height":4.173238,"Demand":1.0,"DemandMax":null,"Value":11.847789296096},{"Length":4.0413,"Height":2.897039,"Demand":1.0,"DemandMax":null,"Value":11.707803710699999},{"Length":1.748859,"Height":6.689076,"Demand":1.0,"DemandMax":null,"Value":11.698250764284},{"Length":7.028787,"Height":1.637538,"Demand":1.0,"DemandMax":null,"Value":11.509905806406},{"Length":3.17189,"Height":3.600889,"Demand":1.0,"DemandMax":null,"Value":11.421623810209999},{"Length":13.66245,"Height":0.8156592,"Demand":1.0,"DemandMax":null,"Value":11.14390303704},{"Length":7.028787,"Height":1.572778,"Demand":1.0,"DemandMax":null,"Value":11.054721560286001},{"Length":4.008412,"Height":2.749188,"Demand":1.0,"DemandMax":null,"Value":11.019878169456},{"Length":6.359718,"Height":1.661523,"Demand":1.0,"DemandMax":null,"Value":10.566817730514},{"Length":8.488334,"Height":1.241949,"Demand":1.0,"DemandMax":null,"Value":10.542077922966},{"Length":0.83325,"Height":12.5782,"Demand":1.0,"DemandMax":null,"Value":10.48078515},{"Length":2.064514,"Height":5.048872,"Demand":1.0,"DemandMax":null,"Value":10.423466928208},{"Length":0.9751734,"Height":10.67347,"Demand":1.0,"DemandMax":null,"Value":10.408484029698},{"Length":5.432244,"Height":1.913272,"Demand":1.0,"DemandMax":null,"Value":10.393360342368},{"Length":8.961419,"Height":1.159627,"Demand":1.0,"DemandMax":null,"Value":10.391903430712999},{"Length":5.223265,"Height":1.987505,"Demand":1.0,"DemandMax":null,"Value":10.381265303825},{"Length":4.475286,"Height":2.317055,"Demand":1.0,"DemandMax":null,"Value":10.369483802729999},{"Length":1.233856,"Height":8.40082,"Demand":1.0,"DemandMax":null,"Value":10.36540216192},{"Length":2.731389,"Height":3.7762,"Demand":1.0,"DemandMax":null,"Value":10.314271141799999},{"Length":2.040076,"Height":5.054768,"Demand":1.0,"DemandMax":null,"Value":10.312110882368},{"Length":0.6464001,"Height":15.91994,"Demand":1.0,"DemandMax":null,"Value":10.290650807994},{"Length":1.24677,"Height":8.243272,"Demand":1.0,"DemandMax":null,"Value":10.277464231439998},{"Length":0.7112191,"Height":14.406,"Demand":1.0,"DemandMax":null,"Value":10.2458223546},{"Length":1.748859,"Height":5.857045,"Demand":1.0,"DemandMax":null,"Value":10.243145861655},{"Length":1.794195,"Height":5.703041,"Demand":1.0,"DemandMax":null,"Value":10.232367646995},{"Length":8.385636,"Height":1.218116,"Demand":1.0,"DemandMax":null,"Value":10.214677381776},{"Length":5.461312,"Height":1.869385,"Demand":1.0,"DemandMax":null,"Value":10.209294733120002},{"Length":3.922342,"Height":2.602056,"Demand":1.0,"DemandMax":null,"Value":10.206153535152001},{"Length":10.9695,"Height":0.9286599,"Demand":1.0,"DemandMax":null,"Value":10.18693477305},{"Length":0.8353612,"Height":12.19235,"Demand":1.0,"DemandMax":null,"Value":10.185016126819999},{"Length":6.637825,"Height":1.532669,"Demand":1.0,"DemandMax":null,"Value":10.173588604925001},{"Length":4.642265,"Height":2.185207,"Demand":1.0,"DemandMax":null,"Value":10.144309973855},{"Length":1.441022,"Height":7.036995,"Demand":1.0,"DemandMax":null,"Value":10.14046460889},{"Length":1.249,"Height":8.111385,"Demand":1.0,"DemandMax":null,"Value":10.131119865},{"Length":8.548435,"Height":1.183566,"Demand":1.0,"DemandMax":null,"Value":10.11763701921},{"Length":0.6723664,"Height":15.0461,"Demand":1.0,"DemandMax":null,"Value":10.11649209104},{"Length":9.70151,"Height":1.041741,"Demand":1.0,"DemandMax":null,"Value":10.106460728910001},{"Length":10.27976,"Height":0.9824074,"Demand":1.0,"DemandMax":null,"Value":10.098912294224},{"Length":16.81237,"Height":0.5996901,"Demand":1.0,"DemandMax":null,"Value":10.082211846537001},{"Length":3.470839,"Height":2.897039,"Demand":1.0,"DemandMax":null,"Value":10.055155945721},{"Length":8.074861,"Height":1.241949,"Demand":1.0,"DemandMax":null,"Value":10.028565544089},{"Length":25.43991,"Height":0.3937998,"Demand":1.0,"DemandMax":null,"Value":10.018231470018},{"Length":25.28098,"Height":0.396083,"Demand":1.0,"DemandMax":null,"Value":10.01336640134},{"Length":8.750556,"Height":1.14156,"Demand":1.0,"DemandMax":null,"Value":9.98928470736},{"Length":5.339576,"Height":1.864762,"Demand":1.0,"DemandMax":null,"Value":9.9570384209120011},{"Length":3.749489,"Height":2.655339,"Demand":1.0,"DemandMax":null,"Value":9.956164371771},{"Length":0.9616479,"Height":10.35091,"Demand":1.0,"DemandMax":null,"Value":9.953930864589001},{"Length":2.224866,"Height":4.470522,"Demand":1.0,"DemandMax":null,"Value":9.946312400052},{"Length":19.41098,"Height":0.512171,"Demand":1.0,"DemandMax":null,"Value":9.94174103758},{"Length":2.841959,"Height":3.491263,"Demand":1.0,"DemandMax":null,"Value":9.922026304217},{"Length":5.570533,"Height":1.774121,"Demand":1.0,"DemandMax":null,"Value":9.8827995764930012},{"Length":10.03815,"Height":0.9824074,"Demand":1.0,"DemandMax":null,"Value":9.861552842310001},{"Length":4.062295,"Height":2.42579,"Demand":1.0,"DemandMax":null,"Value":9.85427458805},{"Length":0.6467319,"Height":15.21821,"Demand":1.0,"DemandMax":null,"Value":9.842101867899},{"Length":1.864146,"Height":5.273089,"Demand":1.0,"DemandMax":null,"Value":9.829807766994},{"Length":4.677476,"Height":2.099507,"Demand":1.0,"DemandMax":null,"Value":9.820393604332},{"Length":2.00586,"Height":4.888763,"Demand":1.0,"DemandMax":null,"Value":9.80617415118},{"Length":6.590786,"Height":1.487602,"Demand":1.0,"DemandMax":null,"Value":9.804466435172},{"Length":17.39473,"Height":0.5626851,"Demand":1.0,"DemandMax":null,"Value":9.7877553895230012},{"Length":4.80406,"Height":2.027074,"Demand":1.0,"DemandMax":null,"Value":9.738185120439999},{"Length":2.531739,"Height":3.843912,"Demand":1.0,"DemandMax":null,"Value":9.731781922968},{"Length":3.764709,"Height":2.576411,"Demand":1.0,"DemandMax":null,"Value":9.6994376793989989},{"Length":6.368372,"Height":1.521148,"Demand":1.0,"DemandMax":null,"Value":9.687236331055999},{"Length":1.233856,"Height":7.847281,"Demand":1.0,"DemandMax":null,"Value":9.682414745536},{"Length":6.807582,"Height":1.420355,"Demand":1.0,"DemandMax":null,"Value":9.66918313161},{"Length":9.851103,"Height":0.9808117,"Demand":1.0,"DemandMax":null,"Value":9.6620770803051},{"Length":18.93062,"Height":0.5094578,"Demand":1.0,"DemandMax":null,"Value":9.6443520178359989},{"Length":12.50529,"Height":0.7700092,"Demand":1.0,"DemandMax":null,"Value":9.629188348668},{"Length":7.055459,"Height":1.364578,"Demand":1.0,"DemandMax":null,"Value":9.627724131302001},{"Length":1.2141,"Height":7.928696,"Demand":1.0,"DemandMax":null,"Value":9.6262298136},{"Length":7.577943,"Height":1.269695,"Demand":1.0,"DemandMax":null,"Value":9.621676337385},{"Length":1.161017,"Height":8.243272,"Demand":1.0,"DemandMax":null,"Value":9.5705789276239983},{"Length":3.411237,"Height":2.799363,"Demand":1.0,"DemandMax":null,"Value":9.549290642031},{"Length":9.878123,"Height":0.9660808,"Demand":1.0,"DemandMax":null,"Value":9.5430649703384},{"Length":6.971033,"Height":1.367126,"Demand":1.0,"DemandMax":null,"Value":9.530280461158},{"Length":0.8915278,"Height":10.67347,"Demand":1.0,"DemandMax":null,"Value":9.5156952274659989},{"Length":0.5146608,"Height":18.45154,"Demand":1.0,"DemandMax":null,"Value":9.4962843376320016},{"Length":17.26417,"Height":0.5497751,"Demand":1.0,"DemandMax":null,"Value":9.4914107881669985},{"Length":3.864724,"Height":2.455789,"Demand":1.0,"DemandMax":null,"Value":9.490946687236},{"Length":3.918864,"Height":2.419616,"Demand":1.0,"DemandMax":null,"Value":9.482146036224},{"Length":12.40238,"Height":0.7645155,"Demand":1.0,"DemandMax":null,"Value":9.4818117468900009},{"Length":11.90121,"Height":0.7948352,"Demand":1.0,"DemandMax":null,"Value":9.459500630592},{"Length":8.496627,"Height":1.109702,"Demand":1.0,"DemandMax":null,"Value":9.428723975154},{"Length":10.19054,"Height":0.9229137,"Demand":1.0,"DemandMax":null,"Value":9.404988976398},{"Length":4.345795,"Height":2.162376,"Demand":1.0,"DemandMax":null,"Value":9.39724280892},{"Length":2.157795,"Height":4.34676,"Demand":1.0,"DemandMax":null,"Value":9.3794169942},{"Length":1.748859,"Height":5.361177,"Demand":1.0,"DemandMax":null,"Value":9.375942647042999},{"Length":22.13917,"Height":0.4228029,"Demand":1.0,"DemandMax":null,"Value":9.360505279593},{"Length":15.34212,"Height":0.6084957,"Demand":1.0,"DemandMax":null,"Value":9.3356140488839987},{"Length":1.894997,"Height":4.918836,"Demand":1.0,"DemandMax":null,"Value":9.321179463492},{"Length":26.83479,"Height":0.3473313,"Demand":1.0,"DemandMax":null,"Value":9.3205624959270015},{"Length":4.062295,"Height":2.293952,"Demand":1.0,"DemandMax":null,"Value":9.31870973984},{"Length":13.44876,"Height":0.6919733,"Demand":1.0,"DemandMax":null,"Value":9.306182838108},{"Length":4.977671,"Height":1.869385,"Demand":1.0,"DemandMax":null,"Value":9.305183502335},{"Length":9.762676,"Height":0.9524692,"Demand":1.0,"DemandMax":null,"Value":9.2986481995792012},{"Length":7.028787,"Height":1.322582,"Demand":1.0,"DemandMax":null,"Value":9.296147168034},{"Length":0.9584077,"Height":9.696991,"Demand":1.0,"DemandMax":null,"Value":9.2936708412307},{"Length":5.278352,"Height":1.753744,"Demand":1.0,"DemandMax":null,"Value":9.256878149888},{"Length":5.880486,"Height":1.572597,"Demand":1.0,"DemandMax":null,"Value":9.2476346421420015},{"Length":3.049864,"Height":3.017511,"Demand":1.0,"DemandMax":null,"Value":9.202998168504},{"Length":9.13124,"Height":1.007569,"Demand":1.0,"DemandMax":null,"Value":9.20035435556},{"Length":0.6381209,"Height":14.34649,"Demand":1.0,"DemandMax":null,"Value":9.1547951106409986},{"Length":4.879668,"Height":1.870511,"Demand":1.0,"DemandMax":null,"Value":9.127472670348},{"Length":15.2177,"Height":0.5996901,"Demand":1.0,"DemandMax":null,"Value":9.12590403477},{"Length":21.14354,"Height":0.4315701,"Demand":1.0,"DemandMax":null,"Value":9.124919672154},{"Length":11.08326,"Height":0.8220441,"Demand":1.0,"DemandMax":null,"Value":9.110928491766},{"Length":3.688592,"Height":2.469741,"Demand":1.0,"DemandMax":null,"Value":9.1098668946719989},{"Length":6.819651,"Height":1.333978,"Demand":1.0,"DemandMax":null,"Value":9.097264401678002},{"Length":6.401492,"Height":1.420355,"Demand":1.0,"DemandMax":null,"Value":9.09239116966},{"Length":4.579844,"Height":1.977881,"Demand":1.0,"DemandMax":null,"Value":9.058386430564},{"Length":3.536653,"Height":2.559974,"Demand":1.0,"DemandMax":null,"Value":9.053739727022},{"Length":1.561347,"Height":5.779092,"Demand":1.0,"DemandMax":null,"Value":9.023167956924},{"Length":1.341635,"Height":6.7205,"Demand":1.0,"DemandMax":null,"Value":9.0164580175},{"Length":2.953794,"Height":3.051948,"Demand":1.0,"DemandMax":null,"Value":9.014825690712},{"Length":2.310718,"Height":3.896241,"Demand":1.0,"DemandMax":null,"Value":9.003114211038},{"Length":14.13104,"Height":0.6361937,"Demand":1.0,"DemandMax":null,"Value":8.990078622448},{"Length":1.055798,"Height":8.502222,"Demand":1.0,"DemandMax":null,"Value":8.9766289831559991},{"Length":3.864724,"Height":2.322075,"Demand":1.0,"DemandMax":null,"Value":8.9741789823},{"Length":4.680905,"Height":1.913272,"Demand":1.0,"DemandMax":null,"Value":8.95584447116},{"Length":1.531097,"Height":5.846095,"Demand":1.0,"DemandMax":null,"Value":8.950938516215},{"Length":5.38213,"Height":1.661839,"Demand":1.0,"DemandMax":null,"Value":8.94423353707},{"Length":1.930484,"Height":4.629307,"Demand":1.0,"DemandMax":null,"Value":8.936803094588},{"Length":2.260832,"Height":3.95098,"Demand":1.0,"DemandMax":null,"Value":8.93250201536},{"Length":0.5839041,"Height":15.29003,"Demand":1.0,"DemandMax":null,"Value":8.9279112061230013},{"Length":0.3344049,"Height":26.67584,"Demand":1.0,"DemandMax":null,"Value":8.920531607616},{"Length":4.670938,"Height":1.908767,"Demand":1.0,"DemandMax":null,"Value":8.915732313446},{"Length":0.9456877,"Height":9.424314,"Demand":1.0,"DemandMax":null,"Value":8.9124578307378},{"Length":10.04373,"Height":0.8859011,"Demand":1.0,"DemandMax":null,"Value":8.897751455103},{"Length":14.31223,"Height":0.6216503,"Demand":1.0,"DemandMax":null,"Value":8.897202073169},{"Length":10.56543,"Height":0.8408102,"Demand":1.0,"DemandMax":null,"Value":8.883521311386},{"Length":3.73775,"Height":2.376634,"Demand":1.0,"DemandMax":null,"Value":8.8832637335000015},{"Length":29.29352,"Height":0.3028674,"Demand":1.0,"DemandMax":null,"Value":8.872052239248001},{"Length":4.744893,"Height":1.869385,"Demand":1.0,"DemandMax":null,"Value":8.870031800805},{"Length":25.43991,"Height":0.3481023,"Demand":1.0,"DemandMax":null,"Value":8.855691182793},{"Length":0.4764868,"Height":18.55808,"Demand":1.0,"DemandMax":null,"Value":8.842680153344},{"Length":2.776387,"Height":3.184458,"Demand":1.0,"DemandMax":null,"Value":8.841287793246},{"Length":1.294812,"Height":6.816726,"Demand":1.0,"DemandMax":null,"Value":8.8263786255120014},{"Length":9.135792,"Height":0.9660808,"Demand":1.0,"DemandMax":null,"Value":8.8259132439936},{"Length":27.32576,"Height":0.3227707,"Demand":1.0,"DemandMax":null,"Value":8.819954683232},{"Length":3.064634,"Height":2.876707,"Demand":1.0,"DemandMax":null,"Value":8.816054080238},{"Length":2.333138,"Height":3.7762,"Demand":1.0,"DemandMax":null,"Value":8.8103957155999986},{"Length":0.4909641,"Height":17.9306,"Demand":1.0,"DemandMax":null,"Value":8.80328089146},{"Length":1.503205,"Height":5.846095,"Demand":1.0,"DemandMax":null,"Value":8.787879234475},{"Length":0.7075632,"Height":12.41261,"Demand":1.0,"DemandMax":null,"Value":8.782706051952},{"Length":9.072828,"Height":0.9662532,"Demand":1.0,"DemandMax":null,"Value":8.7666490880496},{"Length":1.809077,"Height":4.842694,"Demand":1.0,"DemandMax":null,"Value":8.760806333438},{"Length":2.215156,"Height":3.95098,"Demand":1.0,"DemandMax":null,"Value":8.7520370528799987},{"Length":4.80406,"Height":1.816838,"Demand":1.0,"DemandMax":null,"Value":8.72819876228},{"Length":15.88328,"Height":0.5492674,"Demand":1.0,"DemandMax":null,"Value":8.724167909072},{"Length":0.7028312,"Height":12.41261,"Demand":1.0,"DemandMax":null,"Value":8.723969581432},{"Length":5.311587,"Height":1.638219,"Demand":1.0,"DemandMax":null,"Value":8.701542743553},{"Length":6.650767,"Height":1.308224,"Demand":1.0,"DemandMax":null,"Value":8.700693007808},{"Length":7.334847,"Height":1.183566,"Demand":1.0,"DemandMax":null,"Value":8.6812755244019986},{"Length":1.187028,"Height":7.292994,"Demand":1.0,"DemandMax":null,"Value":8.656988081832},{"Length":4.932786,"Height":1.753051,"Demand":1.0,"DemandMax":null,"Value":8.647425430085999},{"Length":8.299946,"Height":1.041741,"Demand":1.0,"DemandMax":null,"Value":8.646394045986},{"Length":12.97178,"Height":0.6662007,"Demand":1.0,"DemandMax":null,"Value":8.641808916246001},{"Length":0.4678979,"Height":18.45154,"Demand":1.0,"DemandMax":null,"Value":8.633436817766},{"Length":0.5418764,"Height":15.91255,"Demand":1.0,"DemandMax":null,"Value":8.62263530882},{"Length":1.088142,"Height":7.900177,"Demand":1.0,"DemandMax":null,"Value":8.596514401134},{"Length":10.37961,"Height":0.8261939,"Demand":1.0,"DemandMax":null,"Value":8.575570466379},{"Length":1.62448,"Height":5.273089,"Demand":1.0,"DemandMax":null,"Value":8.56602761872},{"Length":0.5624335,"Height":15.21821,"Demand":1.0,"DemandMax":null,"Value":8.559231114035},{"Length":17.03364,"Height":0.5023309,"Demand":1.0,"DemandMax":null,"Value":8.556523711476},{"Length":8.020036,"Height":1.063616,"Demand":1.0,"DemandMax":null,"Value":8.530238610176},{"Length":1.677736,"Height":5.081186,"Demand":1.0,"DemandMax":null,"Value":8.524888674896},{"Length":4.547285,"Height":1.869385,"Demand":1.0,"DemandMax":null,"Value":8.500626369725},{"Length":7.560485,"Height":1.123895,"Demand":1.0,"DemandMax":null,"Value":8.4971912890750012},{"Length":0.3184401,"Height":26.67584,"Demand":1.0,"DemandMax":null,"Value":8.4946571571840011},{"Length":3.749489,"Height":2.259047,"Demand":1.0,"DemandMax":null,"Value":8.4702718769829985},{"Length":0.8181868,"Height":10.35091,"Demand":1.0,"DemandMax":null,"Value":8.468977929988},{"Length":1.875759,"Height":4.507987,"Demand":1.0,"DemandMax":null,"Value":8.4558971871329991},{"Length":0.5203843,"Height":16.2481,"Demand":1.0,"DemandMax":null,"Value":8.45525614483},{"Length":5.38213,"Height":1.569851,"Demand":1.0,"DemandMax":null,"Value":8.44914216263},{"Length":18.93062,"Height":0.4455011,"Demand":1.0,"DemandMax":null,"Value":8.433612033682},{"Length":8.583037,"Height":0.9821261,"Demand":1.0,"DemandMax":null,"Value":8.4296246549657},{"Length":2.37599,"Height":3.546318,"Demand":1.0,"DemandMax":null,"Value":8.4260161048199986},{"Length":1.629735,"Height":5.166272,"Demand":1.0,"DemandMax":null,"Value":8.41965429792},{"Length":0.7876161,"Height":10.67347,"Demand":1.0,"DemandMax":null,"Value":8.4065968148670009},{"Length":3.506711,"Height":2.396835,"Demand":1.0,"DemandMax":null,"Value":8.405007659685},{"Length":3.551052,"Height":2.363082,"Demand":1.0,"DemandMax":null,"Value":8.3914270622639986},{"Length":6.751051,"Height":1.241949,"Demand":1.0,"DemandMax":null,"Value":8.384461038399},{"Length":0.7848484,"Height":10.67347,"Demand":1.0,"DemandMax":null,"Value":8.377055851948},{"Length":12.98977,"Height":0.6447684,"Demand":1.0,"DemandMax":null,"Value":8.375393219268},{"Length":2.176831,"Height":3.843912,"Demand":1.0,"DemandMax":null,"Value":8.367546802871999},{"Length":6.329194,"Height":1.322008,"Demand":1.0,"DemandMax":null,"Value":8.3672451015520011},{"Length":0.5490078,"Height":15.21821,"Demand":1.0,"DemandMax":null,"Value":8.354915992038},{"Length":0.3674699,"Height":22.73442,"Demand":1.0,"DemandMax":null,"Value":8.354215043958},{"Length":1.00408,"Height":8.30752,"Demand":1.0,"DemandMax":null,"Value":8.3414146816000017},{"Length":3.383564,"Height":2.458863,"Demand":1.0,"DemandMax":null,"Value":8.319720327732},{"Length":6.964475,"Height":1.192601,"Demand":1.0,"DemandMax":null,"Value":8.3058398494750012},{"Length":17.24308,"Height":0.481126,"Demand":1.0,"DemandMax":null,"Value":8.29609410808},{"Length":3.236466,"Height":2.559974,"Demand":1.0,"DemandMax":null,"Value":8.285268811884},{"Length":2.849694,"Height":2.900358,"Demand":1.0,"DemandMax":null,"Value":8.265132790452},{"Length":5.339576,"Height":1.547855,"Demand":1.0,"DemandMax":null,"Value":8.26488940948},{"Length":21.14354,"Height":0.390474,"Demand":1.0,"DemandMax":null,"Value":8.25600263796},{"Length":3.967698,"Height":2.078682,"Demand":1.0,"DemandMax":null,"Value":8.247582414036},{"Length":2.734454,"Height":3.011261,"Demand":1.0,"DemandMax":null,"Value":8.234154686494},{"Length":0.7925106,"Height":10.38311,"Demand":1.0,"DemandMax":null,"Value":8.228724735965999},{"Length":1.748859,"Height":4.702623,"Demand":1.0,"DemandMax":null,"Value":8.224224557157},{"Length":5.157019,"Height":1.592336,"Demand":1.0,"DemandMax":null,"Value":8.211707006384},{"Length":2.689395,"Height":3.051948,"Demand":1.0,"DemandMax":null,"Value":8.20789369146},{"Length":9.752486,"Height":0.8408102,"Demand":1.0,"DemandMax":null,"Value":8.1999897041571987},{"Length":4.673056,"Height":1.753744,"Demand":1.0,"DemandMax":null,"Value":8.195343921664},{"Length":4.1222,"Height":1.987505,"Demand":1.0,"DemandMax":null,"Value":8.192893111},{"Length":5.157019,"Height":1.585197,"Demand":1.0,"DemandMax":null,"Value":8.174891047743},{"Length":12.75845,"Height":0.6405813,"Demand":1.0,"DemandMax":null,"Value":8.172824486985},{"Length":0.9690357,"Height":8.433578,"Demand":1.0,"DemandMax":null,"Value":8.1724381607346},{"Length":0.862542,"Height":9.471316,"Demand":1.0,"DemandMax":null,"Value":8.169407845272},{"Length":2.693353,"Height":3.029003,"Demand":1.0,"DemandMax":null,"Value":8.158174317059},{"Length":2.221976,"Height":3.670597,"Demand":1.0,"DemandMax":null,"Value":8.1559784396720012},{"Length":0.9825587,"Height":8.291977,"Demand":1.0,"DemandMax":null,"Value":8.1473541415498989},{"Length":13.96271,"Height":0.5824149,"Demand":1.0,"DemandMax":null,"Value":8.1320903483789984},{"Length":0.509158,"Height":15.96399,"Demand":1.0,"DemandMax":null,"Value":8.12819322042},{"Length":1.573278,"Height":5.166272,"Demand":1.0,"DemandMax":null,"Value":8.127982079616},{"Length":21.92969,"Height":0.3699147,"Demand":1.0,"DemandMax":null,"Value":8.112114697443},{"Length":4.932786,"Height":1.644265,"Demand":1.0,"DemandMax":null,"Value":8.1108073722900009},{"Length":3.922342,"Height":2.06628,"Demand":1.0,"DemandMax":null,"Value":8.10465682776},{"Length":17.24308,"Height":0.4697335,"Demand":1.0,"DemandMax":null,"Value":8.09965231918},{"Length":14.24347,"Height":0.5680897,"Demand":1.0,"DemandMax":null,"Value":8.091568599259},{"Length":4.551615,"Height":1.776555,"Demand":1.0,"DemandMax":null,"Value":8.0861943863250012},{"Length":2.224866,"Height":3.634156,"Demand":1.0,"DemandMax":null,"Value":8.085510123096},{"Length":0.6512766,"Height":12.41261,"Demand":1.0,"DemandMax":null,"Value":8.084042437926},{"Length":15.88328,"Height":0.5086302,"Demand":1.0,"DemandMax":null,"Value":8.078715883056},{"Length":2.511142,"Height":3.212202,"Demand":1.0,"DemandMax":null,"Value":8.066295354684},{"Length":18.6998,"Height":0.4311886,"Demand":1.0,"DemandMax":null,"Value":8.0631405822799991},{"Length":2.722853,"Height":2.960677,"Demand":1.0,"DemandMax":null,"Value":8.061488251481},{"Length":1.039271,"Height":7.755764,"Demand":1.0,"DemandMax":null,"Value":8.060340608044001},{"Length":3.918864,"Height":2.055916,"Demand":1.0,"DemandMax":null,"Value":8.056855199424},{"Length":0.567804,"Height":14.16531,"Demand":1.0,"DemandMax":null,"Value":8.04311967924},{"Length":4.318917,"Height":1.862053,"Demand":1.0,"DemandMax":null,"Value":8.042052356601},{"Length":3.918864,"Height":2.046457,"Demand":1.0,"DemandMax":null,"Value":8.019786664848},{"Length":0.8708872,"Height":9.204764,"Demand":1.0,"DemandMax":null,"Value":8.0163111466208},{"Length":20.31791,"Height":0.393744,"Demand":1.0,"DemandMax":null,"Value":8.00005515504},{"Length":4.274151,"Height":1.869385,"Demand":1.0,"DemandMax":null,"Value":7.990033767135},{"Length":6.637825,"Height":1.202059,"Demand":1.0,"DemandMax":null,"Value":7.9790572816750007},{"Length":4.024677,"Height":1.98058,"Demand":1.0,"DemandMax":null,"Value":7.97119477266},{"Length":0.3396227,"Height":23.45387,"Demand":1.0,"DemandMax":null,"Value":7.9654666548489992},{"Length":0.4764868,"Height":16.69869,"Demand":1.0,"DemandMax":null,"Value":7.9567053622919994},{"Length":4.075676,"Height":1.951518,"Demand":1.0,"DemandMax":null,"Value":7.953755076168},{"Length":9.762676,"Height":0.8140891,"Demand":1.0,"DemandMax":null,"Value":7.9476881184316008},{"Length":15.47435,"Height":0.5135576,"Demand":1.0,"DemandMax":null,"Value":7.9469700475599989},{"Length":0.6872942,"Height":11.55525,"Demand":1.0,"DemandMax":null,"Value":7.941856304549999},{"Length":0.940842,"Height":8.433578,"Demand":1.0,"DemandMax":null,"Value":7.934664392676},{"Length":9.072828,"Height":0.8738667,"Demand":1.0,"DemandMax":null,"Value":7.9284422640275993},{"Length":6.044312,"Height":1.309842,"Demand":1.0,"DemandMax":null,"Value":7.9170937187039989},{"Length":13.42565,"Height":0.5894722,"Demand":1.0,"DemandMax":null,"Value":7.9140474419299993},{"Length":3.231314,"Height":2.447966,"Demand":1.0,"DemandMax":null,"Value":7.910146807324},{"Length":5.270156,"Height":1.500894,"Demand":1.0,"DemandMax":null,"Value":7.909945519464},{"Length":17.26417,"Height":0.4577935,"Demand":1.0,"DemandMax":null,"Value":7.903424808895},{"Length":11.95096,"Height":0.6610957,"Demand":1.0,"DemandMax":null,"Value":7.900728266872},{"Length":0.7400745,"Height":10.67347,"Demand":1.0,"DemandMax":null,"Value":7.899162973515},{"Length":18.93062,"Height":0.417198,"Demand":1.0,"DemandMax":null,"Value":7.89781680276},{"Length":2.442575,"Height":3.23169,"Demand":1.0,"DemandMax":null,"Value":7.89364520175},{"Length":2.690914,"Height":2.931648,"Demand":1.0,"DemandMax":null,"Value":7.8888126462719992},{"Length":0.6422954,"Height":12.28034,"Demand":1.0,"DemandMax":null,"Value":7.887605892436},{"Length":6.819651,"Height":1.156523,"Demand":1.0,"DemandMax":null,"Value":7.8870832334730006},{"Length":2.367691,"Height":3.329685,"Demand":1.0,"DemandMax":null,"Value":7.883665207335},{"Length":0.3793341,"Height":20.77539,"Demand":1.0,"DemandMax":null,"Value":7.8808138677990005},{"Length":9.851103,"Height":0.7995002,"Demand":1.0,"DemandMax":null,"Value":7.8759588187206},{"Length":7.400796,"Height":1.063616,"Demand":1.0,"DemandMax":null,"Value":7.871605038335999},{"Length":15.88328,"Height":0.4953149,"Demand":1.0,"DemandMax":null,"Value":7.8672252448719995},{"Length":0.6381209,"Height":12.31771,"Demand":1.0,"DemandMax":null,"Value":7.860188191139},{"Length":3.967698,"Height":1.97977,"Demand":1.0,"DemandMax":null,"Value":7.85512946946},{"Length":11.37215,"Height":0.6907059,"Demand":1.0,"DemandMax":null,"Value":7.854811100685},{"Length":15.11803,"Height":0.5195482,"Demand":1.0,"DemandMax":null,"Value":7.854545274046},{"Length":1.677736,"Height":4.676839,"Demand":1.0,"DemandMax":null,"Value":7.846501156504},{"Length":4.248287,"Height":1.846125,"Demand":1.0,"DemandMax":null,"Value":7.8428688378750007},{"Length":12.17462,"Height":0.6436355,"Demand":1.0,"DemandMax":null,"Value":7.8360176310100007},{"Length":4.190248,"Height":1.869385,"Demand":1.0,"DemandMax":null,"Value":7.8331867574800009},{"Length":0.7336497,"Height":10.67347,"Demand":1.0,"DemandMax":null,"Value":7.8305880634589995},{"Length":25.28098,"Height":0.3096127,"Demand":1.0,"DemandMax":null,"Value":7.827312476446},{"Length":3.688592,"Height":2.121636,"Demand":1.0,"DemandMax":null,"Value":7.825849576512},{"Length":0.6723664,"Height":11.62974,"Demand":1.0,"DemandMax":null,"Value":7.8194464167360005},{"Length":1.10995,"Height":7.043543,"Demand":1.0,"DemandMax":null,"Value":7.81798055285},{"Length":5.187228,"Height":1.506841,"Demand":1.0,"DemandMax":null,"Value":7.816327826748001},{"Length":15.88328,"Height":0.4920693,"Demand":1.0,"DemandMax":null,"Value":7.8156744713039989},{"Length":8.088503,"Height":0.9660808,"Demand":1.0,"DemandMax":null,"Value":7.814147449042399},{"Length":1.155052,"Height":6.761065,"Demand":1.0,"DemandMax":null,"Value":7.80938165038},{"Length":5.848327,"Height":1.334401,"Demand":1.0,"DemandMax":null,"Value":7.804013397127},{"Length":1.61379,"Height":4.835429,"Demand":1.0,"DemandMax":null,"Value":7.8033669659100013},{"Length":1.700847,"Height":4.585864,"Demand":1.0,"DemandMax":null,"Value":7.799853026808},{"Length":5.848327,"Height":1.332067,"Demand":1.0,"DemandMax":null,"Value":7.790363401909},{"Length":19.82827,"Height":0.3928661,"Demand":1.0,"DemandMax":null,"Value":7.789855104647},{"Length":0.7293562,"Height":10.67347,"Demand":1.0,"DemandMax":null,"Value":7.784761520014},{"Length":4.324181,"Height":1.798463,"Demand":1.0,"DemandMax":null,"Value":7.776879533803},{"Length":6.847311,"Height":1.133444,"Demand":1.0,"DemandMax":null,"Value":7.7610435690839994},{"Length":1.039271,"Height":7.462445,"Demand":1.0,"DemandMax":null,"Value":7.7555026775950004},{"Length":19.22974,"Height":0.4031991,"Demand":1.0,"DemandMax":null,"Value":7.753413861234},{"Length":0.5110996,"Height":15.16204,"Demand":1.0,"DemandMax":null,"Value":7.7493125791839992},{"Length":0.5377812,"Height":14.406,"Demand":1.0,"DemandMax":null,"Value":7.7472759671999993},{"Length":12.08905,"Height":0.6405813,"Demand":1.0,"DemandMax":null,"Value":7.744019364765},{"Length":3.662991,"Height":2.113287,"Demand":1.0,"DemandMax":null,"Value":7.740951261417},{"Length":2.047538,"Height":3.7762,"Demand":1.0,"DemandMax":null,"Value":7.7319129955999992},{"Length":6.493078,"Height":1.189648,"Demand":1.0,"DemandMax":null,"Value":7.724477256544},{"Length":8.211929,"Height":0.9404212,"Demand":1.0,"DemandMax":null,"Value":7.7226721244948},{"Length":0.3921814,"Height":19.69011,"Demand":1.0,"DemandMax":null,"Value":7.7220949059540009},{"Length":6.474784,"Height":1.192601,"Demand":1.0,"DemandMax":null,"Value":7.721833873184},{"Length":0.8151936,"Height":9.471316,"Demand":1.0,"DemandMax":null,"Value":7.7209561867776},{"Length":9.411232,"Height":0.8193684,"Demand":1.0,"DemandMax":null,"Value":7.7112661058688},{"Length":4.671073,"Height":1.650851,"Demand":1.0,"DemandMax":null,"Value":7.711245533123},{"Length":3.764709,"Height":2.046799,"Demand":1.0,"DemandMax":null,"Value":7.7056026164909994},{"Length":3.688592,"Height":2.088421,"Demand":1.0,"DemandMax":null,"Value":7.7033329932319994},{"Length":3.749489,"Height":2.053172,"Demand":1.0,"DemandMax":null,"Value":7.698345829108},{"Length":14.3306,"Height":0.5369232,"Demand":1.0,"DemandMax":null,"Value":7.6944316099200005},{"Length":0.8708872,"Height":8.819882,"Demand":1.0,"DemandMax":null,"Value":7.6811223393104},{"Length":3.000139,"Height":2.559974,"Demand":1.0,"DemandMax":null,"Value":7.680277836386},{"Length":3.86361,"Height":1.987505,"Demand":1.0,"DemandMax":null,"Value":7.67894419305},{"Length":24.8475,"Height":0.3090426,"Demand":1.0,"DemandMax":null,"Value":7.6789360035000005},{"Length":0.5044298,"Height":15.21821,"Demand":1.0,"DemandMax":null,"Value":7.676518626658},{"Length":3.231314,"Height":2.374743,"Demand":1.0,"DemandMax":null,"Value":7.6735403023019995},{"Length":10.33949,"Height":0.7417125,"Demand":1.0,"DemandMax":null,"Value":7.668928976625},{"Length":0.7449736,"Height":10.284,"Demand":1.0,"DemandMax":null,"Value":7.6613085024000007},{"Length":24.8475,"Height":0.3081496,"Demand":1.0,"DemandMax":null,"Value":7.6567471860000005},{"Length":10.51449,"Height":0.7281086,"Demand":1.0,"DemandMax":null,"Value":7.6556905936140005},{"Length":25.43991,"Height":0.3008319,"Demand":1.0,"DemandMax":null,"Value":7.653136461129},{"Length":12.50529,"Height":0.6117061,"Demand":1.0,"DemandMax":null,"Value":7.6495621752690006},{"Length":3.749489,"Height":2.039314,"Demand":1.0,"DemandMax":null,"Value":7.646385410546},{"Length":20.3116,"Height":0.3757063,"Demand":1.0,"DemandMax":null,"Value":7.631196083079999},{"Length":10.11315,"Height":0.7543975,"Demand":1.0,"DemandMax":null,"Value":7.629335077125},{"Length":0.4422516,"Height":17.23212,"Demand":1.0,"DemandMax":null,"Value":7.620932641392},{"Length":18.30697,"Height":0.4162404,"Demand":1.0,"DemandMax":null,"Value":7.620100515588},{"Length":15.91184,"Height":0.4788626,"Demand":1.0,"DemandMax":null,"Value":7.619585073184},{"Length":5.088525,"Height":1.497325,"Demand":1.0,"DemandMax":null,"Value":7.619175695625},{"Length":18.82104,"Height":0.4045142,"Demand":1.0,"DemandMax":null,"Value":7.613377938768},{"Length":18.93062,"Height":0.4019643,"Demand":1.0,"DemandMax":null,"Value":7.6094334168660005},{"Length":2.594087,"Height":2.931648,"Demand":1.0,"DemandMax":null,"Value":7.604949965376},{"Length":14.1084,"Height":0.5389616,"Demand":1.0,"DemandMax":null,"Value":7.60388583744},{"Length":9.911764,"Height":0.7668677,"Demand":1.0,"DemandMax":null,"Value":7.6010116616228},{"Length":10.11315,"Height":0.7515056,"Demand":1.0,"DemandMax":null,"Value":7.6000888586399995},{"Length":2.416604,"Height":3.141754,"Demand":1.0,"DemandMax":null,"Value":7.5923752834160005},{"Length":2.562878,"Height":2.960677,"Demand":1.0,"DemandMax":null,"Value":7.587853948406},{"Length":1.187458,"Height":6.389589,"Demand":1.0,"DemandMax":null,"Value":7.5873685747619994},{"Length":14.85349,"Height":0.5106743,"Demand":1.0,"DemandMax":null,"Value":7.5852956083070007},{"Length":1.500069,"Height":5.055594,"Demand":1.0,"DemandMax":null,"Value":7.5837398359860009},{"Length":2.224866,"Height":3.406595,"Demand":1.0,"DemandMax":null,"Value":7.5792173912699994},{"Length":24.8475,"Height":0.3049877,"Demand":1.0,"DemandMax":null,"Value":7.5781818757499995},{"Length":4.104433,"Height":1.846125,"Demand":1.0,"DemandMax":null,"Value":7.5772963721250006},{"Length":19.15812,"Height":0.3954929,"Demand":1.0,"DemandMax":null,"Value":7.576900437348},{"Length":10.9695,"Height":0.6905913,"Demand":1.0,"DemandMax":null,"Value":7.57544126535},{"Length":11.63842,"Height":0.6508547,"Demand":1.0,"DemandMax":null,"Value":7.574920357574},{"Length":13.96271,"Height":0.5424889,"Demand":1.0,"DemandMax":null,"Value":7.574615188919},{"Length":0.4975427,"Height":15.21821,"Demand":1.0,"DemandMax":null,"Value":7.5717092925669993},{"Length":10.39539,"Height":0.7281086,"Demand":1.0,"DemandMax":null,"Value":7.5689728593540009},{"Length":1.037838,"Height":7.292994,"Demand":1.0,"DemandMax":null,"Value":7.568946306972},{"Length":27.32576,"Height":0.2769194,"Demand":1.0,"DemandMax":null,"Value":7.5670330637439989},{"Length":9.855558,"Height":0.7668677,"Demand":1.0,"DemandMax":null,"Value":7.5579090956766},{"Length":1.676314,"Height":4.507987,"Demand":1.0,"DemandMax":null,"Value":7.556801719918},{"Length":1.526383,"Height":4.947895,"Demand":1.0,"DemandMax":null,"Value":7.552382813785},{"Length":0.8612767,"Height":8.747027,"Demand":1.0,"DemandMax":null,"Value":7.5336105493708994},{"Length":9.112769,"Height":0.8261939,"Demand":1.0,"DemandMax":null,"Value":7.5289141599091005},{"Length":17.89042,"Height":0.4204083,"Demand":1.0,"DemandMax":null,"Value":7.521281058486},{"Length":1.700847,"Height":4.421009,"Demand":1.0,"DemandMax":null,"Value":7.5194598946229991},{"Length":0.2883497,"Height":26.04097,"Demand":1.0,"DemandMax":null,"Value":7.508905887209},{"Length":9.152212,"Height":0.8193684,"Demand":1.0,"DemandMax":null,"Value":7.4990333029008},{"Length":0.5987247,"Height":12.52235,"Demand":1.0,"DemandMax":null,"Value":7.497440247045},{"Length":5.141824,"Height":1.456472,"Demand":1.0,"DemandMax":null,"Value":7.4889226849279993},{"Length":0.5605083,"Height":13.35997,"Demand":1.0,"DemandMax":null,"Value":7.488374072751},{"Length":0.6229448,"Height":12.01643,"Demand":1.0,"DemandMax":null,"Value":7.4855725830639992},{"Length":13.17504,"Height":0.5680897,"Demand":1.0,"DemandMax":null,"Value":7.484604521088},{"Length":1.988809,"Height":3.756071,"Demand":1.0,"DemandMax":null,"Value":7.470107809439},{"Length":3.789596,"Height":1.969864,"Demand":1.0,"DemandMax":null,"Value":7.464988734944},{"Length":0.5605083,"Height":13.31587,"Demand":1.0,"DemandMax":null,"Value":7.4636556567209995},{"Length":2.264574,"Height":3.294569,"Demand":1.0,"DemandMax":null,"Value":7.460795298606},{"Length":1.975354,"Height":3.7762,"Demand":1.0,"DemandMax":null,"Value":7.4593317748},{"Length":6.097225,"Height":1.221189,"Demand":1.0,"DemandMax":null,"Value":7.445864100525},{"Length":0.8386124,"Height":8.877919,"Demand":1.0,"DemandMax":null,"Value":7.4451329595956},{"Length":0.8509815,"Height":8.747027,"Demand":1.0,"DemandMax":null,"Value":7.4435581570004992},{"Length":10.03288,"Height":0.7417125,"Demand":1.0,"DemandMax":null,"Value":7.4415125070000006},{"Length":7.259889,"Height":1.024123,"Demand":1.0,"DemandMax":null,"Value":7.4350193023469995},{"Length":20.3116,"Height":0.3660062,"Demand":1.0,"DemandMax":null,"Value":7.43417153192},{"Length":1.978889,"Height":3.756071,"Demand":1.0,"DemandMax":null,"Value":7.4328475851189992},{"Length":7.680016,"Height":0.9676443,"Demand":1.0,"DemandMax":null,"Value":7.4315237063088},{"Length":17.24308,"Height":0.4305355,"Demand":1.0,"DemandMax":null,"Value":7.42375806934},{"Length":3.689679,"Height":2.009604,"Demand":1.0,"DemandMax":null,"Value":7.4147936771159992},{"Length":1.435002,"Height":5.166272,"Demand":1.0,"DemandMax":null,"Value":7.413610652544},{"Length":4.949227,"Height":1.497325,"Demand":1.0,"DemandMax":null,"Value":7.410601317775},{"Length":7.512139,"Height":0.9856938,"Demand":1.0,"DemandMax":null,"Value":7.4046688370382},{"Length":0.2843317,"Height":26.04097,"Demand":1.0,"DemandMax":null,"Value":7.4042732697490008},{"Length":14.1084,"Height":0.5246541,"Demand":1.0,"DemandMax":null,"Value":7.40202990444},{"Length":1.873401,"Height":3.95098,"Demand":1.0,"DemandMax":null,"Value":7.40176988298},{"Length":22.05405,"Height":0.3355803,"Demand":1.0,"DemandMax":null,"Value":7.400904715215},{"Length":6.572228,"Height":1.124904,"Demand":1.0,"DemandMax":null,"Value":7.3931255661119994},{"Length":0.4286355,"Height":17.23212,"Demand":1.0,"DemandMax":null,"Value":7.38629837226},{"Length":0.6056609,"Height":12.19235,"Demand":1.0,"DemandMax":null,"Value":7.3844296741149993},{"Length":11.52538,"Height":0.6404571,"Demand":1.0,"DemandMax":null,"Value":7.3815114511980005},{"Length":14.44003,"Height":0.5106743,"Demand":1.0,"DemandMax":null,"Value":7.374152212229},{"Length":0.858689,"Height":8.579885,"Demand":1.0,"DemandMax":null,"Value":7.3674528707650007},{"Length":0.5719166,"Height":12.87521,"Demand":1.0,"DemandMax":null,"Value":7.363546327486},{"Length":24.8475,"Height":0.296268,"Demand":1.0,"DemandMax":null,"Value":7.36151913},{"Length":23.41563,"Height":0.3141165,"Demand":1.0,"DemandMax":null,"Value":7.3552357408950009},{"Length":3.113758,"Height":2.358027,"Demand":1.0,"DemandMax":null,"Value":7.342325435465999},{"Length":1.348311,"Height":5.44363,"Demand":1.0,"DemandMax":null,"Value":7.33970620893},{"Length":16.07838,"Height":0.4561404,"Demand":1.0,"DemandMax":null,"Value":7.3339986845519993},{"Length":24.5901,"Height":0.2981541,"Demand":1.0,"DemandMax":null,"Value":7.33163913441},{"Length":8.750556,"Height":0.8364562,"Demand":1.0,"DemandMax":null,"Value":7.3194568196472},{"Length":2.262691,"Height":3.23169,"Demand":1.0,"DemandMax":null,"Value":7.3123158777899988},{"Length":8.495831,"Height":0.8601133,"Demand":1.0,"DemandMax":null,"Value":7.3073772376523},{"Length":0.5799912,"Height":12.5782,"Demand":1.0,"DemandMax":null,"Value":7.2952453118400014},{"Length":1.442198,"Height":5.048872,"Demand":1.0,"DemandMax":null,"Value":7.281473100656001},{"Length":11.52538,"Height":0.6292375,"Demand":1.0,"DemandMax":null,"Value":7.25220129775},{"Length":7.028787,"Height":1.031505,"Demand":1.0,"DemandMax":null,"Value":7.2502289344349995},{"Length":4.551615,"Height":1.591792,"Demand":1.0,"DemandMax":null,"Value":7.24522434408},{"Length":15.83308,"Height":0.4561404,"Demand":1.0,"DemandMax":null,"Value":7.222107444432},{"Length":12.37088,"Height":0.5832429,"Demand":1.0,"DemandMax":null,"Value":7.215227926752},{"Length":1.49473,"Height":4.820384,"Demand":1.0,"DemandMax":null,"Value":7.205172576319999},{"Length":12.03251,"Height":0.5986223,"Demand":1.0,"DemandMax":null,"Value":7.2029288109730008},{"Length":0.6997092,"Height":10.284,"Demand":1.0,"DemandMax":null,"Value":7.195809412800001},{"Length":3.383564,"Height":2.126424,"Demand":1.0,"DemandMax":null,"Value":7.194891695136},{"Length":1.983655,"Height":3.625263,"Demand":1.0,"DemandMax":null,"Value":7.1912710762649992},{"Length":4.325699,"Height":1.660951,"Demand":1.0,"DemandMax":null,"Value":7.184774079749},{"Length":1.392627,"Height":5.134545,"Demand":1.0,"DemandMax":null,"Value":7.1505059997150004},{"Length":1.056439,"Height":6.761065,"Demand":1.0,"DemandMax":null,"Value":7.142652747535},{"Length":0.4652191,"Height":15.32977,"Demand":1.0,"DemandMax":null,"Value":7.131701802607},{"Length":1.044553,"Height":6.816726,"Demand":1.0,"DemandMax":null,"Value":7.1204315934780009},{"Length":1.41172,"Height":5.040654,"Demand":1.0,"DemandMax":null,"Value":7.11599206488},{"Length":6.266719,"Height":1.134356,"Demand":1.0,"DemandMax":null,"Value":7.1086902979639994},{"Length":9.257767,"Height":0.7668677,"Demand":1.0,"DemandMax":null,"Value":7.0994824864259},{"Length":2.534636,"Height":2.799363,"Demand":1.0,"DemandMax":null,"Value":7.095366236868},{"Length":18.00789,"Height":0.3928661,"Demand":1.0,"DemandMax":null,"Value":7.074689513529},{"Length":0.4648236,"Height":15.21821,"Demand":1.0,"DemandMax":null,"Value":7.073783157756},{"Length":13.44962,"Height":0.5259254,"Demand":1.0,"DemandMax":null,"Value":7.073496778348},{"Length":6.364096,"Height":1.109702,"Demand":1.0,"DemandMax":null,"Value":7.0622500593919995},{"Length":18.8245,"Height":0.3750786,"Demand":1.0,"DemandMax":null,"Value":7.0606671056999994},{"Length":18.17849,"Height":0.3883428,"Demand":1.0,"DemandMax":null,"Value":7.059485706372},{"Length":1.207025,"Height":5.846095,"Demand":1.0,"DemandMax":null,"Value":7.056382817375},{"Length":4.645241,"Height":1.517854,"Demand":1.0,"DemandMax":null,"Value":7.0507976328140005},{"Length":4.008412,"Height":1.758798,"Demand":1.0,"DemandMax":null,"Value":7.049987008776},{"Length":13.45417,"Height":0.523898,"Demand":1.0,"DemandMax":null,"Value":7.04861275466},{"Length":2.180813,"Height":3.23169,"Demand":1.0,"DemandMax":null,"Value":7.04771156397},{"Length":9.851103,"Height":0.7153926,"Demand":1.0,"DemandMax":null,"Value":7.0474061880378009},{"Length":5.930174,"Height":1.184391,"Demand":1.0,"DemandMax":null,"Value":7.023644714034},{"Length":2.395015,"Height":2.931648,"Demand":1.0,"DemandMax":null,"Value":7.0213409347199995},{"Length":24.5901,"Height":0.2850888,"Demand":1.0,"DemandMax":null,"Value":7.0103621008799992},{"Length":4.242579,"Height":1.650851,"Demand":1.0,"DemandMax":null,"Value":7.003865784729},{"Length":4.337636,"Height":1.611403,"Demand":1.0,"DemandMax":null,"Value":6.9896796633079994},{"Length":1.49473,"Height":4.67341,"Demand":1.0,"DemandMax":null,"Value":6.985486129299999},{"Length":2.518949,"Height":2.766389,"Demand":1.0,"DemandMax":null,"Value":6.9683928051610007},{"Length":0.3623113,"Height":19.22934,"Demand":1.0,"DemandMax":null,"Value":6.967007173542},{"Length":7.955795,"Height":0.8745359,"Demand":1.0,"DemandMax":null,"Value":6.9576283405405},{"Length":14.16789,"Height":0.4872244,"Demand":1.0,"DemandMax":null,"Value":6.9029417045159995},{"Length":1.601126,"Height":4.306572,"Demand":1.0,"DemandMax":null,"Value":6.895364400072},{"Length":18.56344,"Height":0.3714242,"Demand":1.0,"DemandMax":null,"Value":6.8949108512479995},{"Length":11.5512,"Height":0.5967594,"Demand":1.0,"DemandMax":null,"Value":6.8932871812800007},{"Length":5.806207,"Height":1.184629,"Demand":1.0,"DemandMax":null,"Value":6.8782011922029991},{"Length":3.14511,"Height":2.185207,"Demand":1.0,"DemandMax":null,"Value":6.87271638777},{"Length":1.075458,"Height":6.389589,"Demand":1.0,"DemandMax":null,"Value":6.871734606762},{"Length":8.783327,"Height":0.7814769,"Demand":1.0,"DemandMax":null,"Value":6.8639671556463},{"Length":18.70589,"Height":0.3668633,"Demand":1.0,"DemandMax":null,"Value":6.862504534837},{"Length":4.670938,"Height":1.46601,"Demand":1.0,"DemandMax":null,"Value":6.8476418173799996},{"Length":0.6658836,"Height":10.22719,"Demand":1.0,"DemandMax":null,"Value":6.810118095084},{"Length":0.4473427,"Height":15.21821,"Demand":1.0,"DemandMax":null,"Value":6.8077551505669991},{"Length":3.383564,"Height":2.011615,"Demand":1.0,"DemandMax":null,"Value":6.8064280958599994},{"Length":8.576292,"Height":0.7924312,"Demand":1.0,"DemandMax":null,"Value":6.7961213611104005},{"Length":12.29122,"Height":0.5525495,"Demand":1.0,"DemandMax":null,"Value":6.79150746539},{"Length":13.41826,"Height":0.5057599,"Demand":1.0,"DemandMax":null,"Value":6.786417835774},{"Length":23.41563,"Height":0.2893975,"Demand":1.0,"DemandMax":null,"Value":6.7764247829249991},{"Length":0.3771515,"Height":17.9306,"Demand":1.0,"DemandMax":null,"Value":6.7625526858999985},{"Length":12.97178,"Height":0.5212324,"Demand":1.0,"DemandMax":null,"Value":6.7613120216720013},{"Length":1.903081,"Height":3.546318,"Demand":1.0,"DemandMax":null,"Value":6.748930405758},{"Length":1.529365,"Height":4.408375,"Demand":1.0,"DemandMax":null,"Value":6.7420144318750008},{"Length":12.40238,"Height":0.5435243,"Demand":1.0,"DemandMax":null,"Value":6.740994907834},{"Length":6.976403,"Height":0.9660808,"Demand":1.0,"DemandMax":null,"Value":6.7397689913624},{"Length":0.3503872,"Height":19.22934,"Demand":1.0,"DemandMax":null,"Value":6.737714600448},{"Length":9.606792,"Height":0.7011912,"Demand":1.0,"DemandMax":null,"Value":6.7361980106304005},{"Length":3.986346,"Height":1.689226,"Demand":1.0,"DemandMax":null,"Value":6.733839308196},{"Length":2.629122,"Height":2.559974,"Demand":1.0,"DemandMax":null,"Value":6.730483962828},{"Length":1.478941,"Height":4.550468,"Demand":1.0,"DemandMax":null,"Value":6.7298736943880009},{"Length":18.80318,"Height":0.3575961,"Demand":1.0,"DemandMax":null,"Value":6.723943835598},{"Length":0.8624288,"Height":7.792372,"Demand":1.0,"DemandMax":null,"Value":6.7203660331136},{"Length":20.31791,"Height":0.3305869,"Demand":1.0,"DemandMax":null,"Value":6.716834881379},{"Length":22.13917,"Height":0.3032292,"Demand":1.0,"DemandMax":null,"Value":6.713242807764},{"Length":12.17462,"Height":0.5513862,"Demand":1.0,"DemandMax":null,"Value":6.712917458244001},{"Length":1.77601,"Height":3.7762,"Demand":1.0,"DemandMax":null,"Value":6.7065689619999995},{"Length":2.307325,"Height":2.900358,"Demand":1.0,"DemandMax":null,"Value":6.6920685223500005},{"Length":12.40238,"Height":0.53852,"Demand":1.0,"DemandMax":null,"Value":6.6789296776},{"Length":3.864724,"Height":1.727576,"Demand":1.0,"DemandMax":null,"Value":6.676604429024},{"Length":7.523019,"Height":0.8859011,"Demand":1.0,"DemandMax":null,"Value":6.6646508074209},{"Length":7.055459,"Height":0.9441868,"Demand":1.0,"DemandMax":null,"Value":6.6616712557412},{"Length":2.224866,"Height":2.991834,"Demand":1.0,"DemandMax":null,"Value":6.656429744244},{"Length":15.34212,"Height":0.4332454,"Demand":1.0,"DemandMax":null,"Value":6.646902916248},{"Length":0.5162258,"Height":12.87521,"Demand":1.0,"DemandMax":null,"Value":6.6465155824179991},{"Length":2.077467,"Height":3.198675,"Demand":1.0,"DemandMax":null,"Value":6.6451417562250006},{"Length":16.80006,"Height":0.3954929,"Demand":1.0,"DemandMax":null,"Value":6.6443044495739993},{"Length":1.191931,"Height":5.571865,"Demand":1.0,"DemandMax":null,"Value":6.641278621315},{"Length":6.097225,"Height":1.089046,"Demand":1.0,"DemandMax":null,"Value":6.64015849735},{"Length":1.828359,"Height":3.625263,"Demand":1.0,"DemandMax":null,"Value":6.628282233417},{"Length":20.84503,"Height":0.3175154,"Demand":1.0,"DemandMax":null,"Value":6.618618038462},{"Length":1.348311,"Height":4.907281,"Demand":1.0,"DemandMax":null,"Value":6.616540952391},{"Length":0.6190644,"Height":10.67347,"Demand":1.0,"DemandMax":null,"Value":6.6075653014679991},{"Length":0.5909459,"Height":11.15701,"Demand":1.0,"DemandMax":null,"Value":6.593189315759},{"Length":9.072828,"Height":0.724422,"Demand":1.0,"DemandMax":null,"Value":6.5725562054159994},{"Length":1.343639,"Height":4.888763,"Demand":1.0,"DemandMax":null,"Value":6.568732628557},{"Length":7.560485,"Height":0.8683375,"Demand":1.0,"DemandMax":null,"Value":6.5650526436874994},{"Length":6.789369,"Height":0.9660808,"Demand":1.0,"DemandMax":null,"Value":6.5590790350151993},{"Length":9.003305,"Height":0.7281086,"Demand":1.0,"DemandMax":null,"Value":6.555383798923},{"Length":9.851103,"Height":0.665342,"Demand":1.0,"DemandMax":null,"Value":6.554352572226},{"Length":20.31791,"Height":0.3220765,"Demand":1.0,"DemandMax":null,"Value":6.543921340115},{"Length":1.050786,"Height":6.226552,"Demand":1.0,"DemandMax":null,"Value":6.542773669872},{"Length":2.380494,"Height":2.748073,"Demand":1.0,"DemandMax":null,"Value":6.5417712880620007},{"Length":0.8454371,"Height":7.734704,"Demand":1.0,"DemandMax":null,"Value":6.5392057191184},{"Length":10.71122,"Height":0.6103599,"Demand":1.0,"DemandMax":null,"Value":6.537699168078},{"Length":11.0834,"Height":0.5894722,"Demand":1.0,"DemandMax":null,"Value":6.5333561814799994},{"Length":11.74153,"Height":0.556307,"Demand":1.0,"DemandMax":null,"Value":6.5318953297099993},{"Length":0.8516756,"Height":7.665611,"Demand":1.0,"DemandMax":null,"Value":6.5286138477916},{"Length":23.5366,"Height":0.2773619,"Demand":1.0,"DemandMax":null,"Value":6.52815609554},{"Length":7.848922,"Height":0.8310425,"Demand":1.0,"DemandMax":null,"Value":6.5227877611850005},{"Length":7.848922,"Height":0.8299082,"Demand":1.0,"DemandMax":null,"Value":6.5138847289604},{"Length":2.367691,"Height":2.748206,"Demand":1.0,"DemandMax":null,"Value":6.5069026123460008},{"Length":5.270156,"Height":1.233834,"Demand":1.0,"DemandMax":null,"Value":6.5024976581040006},{"Length":11.03036,"Height":0.5894722,"Demand":1.0,"DemandMax":null,"Value":6.502090575992},{"Length":4.579844,"Height":1.419435,"Demand":1.0,"DemandMax":null,"Value":6.5007908681399993},{"Length":17.3311,"Height":0.3750786,"Demand":1.0,"DemandMax":null,"Value":6.5005247244599991},{"Length":1.050786,"Height":6.186062,"Demand":1.0,"DemandMax":null,"Value":6.500227344732},{"Length":22.14822,"Height":0.293221,"Demand":1.0,"DemandMax":null,"Value":6.49432321662},{"Length":1.026823,"Height":6.313542,"Demand":1.0,"DemandMax":null,"Value":6.4828901370660006},{"Length":4.557553,"Height":1.421181,"Demand":1.0,"DemandMax":null,"Value":6.4771077300930004},{"Length":2.66053,"Height":2.433431,"Demand":1.0,"DemandMax":null,"Value":6.4742161784300007},{"Length":2.148554,"Height":3.011261,"Demand":1.0,"DemandMax":null,"Value":6.469856866594},{"Length":2.338141,"Height":2.766389,"Demand":1.0,"DemandMax":null,"Value":6.468207542849},{"Length":3.506711,"Height":1.843786,"Demand":1.0,"DemandMax":null,"Value":6.465624647846},{"Length":5.092214,"Height":1.269695,"Demand":1.0,"DemandMax":null,"Value":6.4655586547300006},{"Length":7.055459,"Height":0.915786,"Demand":1.0,"DemandMax":null,"Value":6.461290575774},{"Length":0.6204047,"Height":10.38311,"Demand":1.0,"DemandMax":null,"Value":6.441730244617},{"Length":14.16789,"Height":0.4546654,"Demand":1.0,"DemandMax":null,"Value":6.4416493740059995},{"Length":12.97178,"Height":0.4963958,"Demand":1.0,"DemandMax":null,"Value":6.439137110524},{"Length":2.645645,"Height":2.433431,"Demand":1.0,"DemandMax":null,"Value":6.437994557995},{"Length":1.100561,"Height":5.846095,"Demand":1.0,"DemandMax":null,"Value":6.4339841592949991},{"Length":18.05113,"Height":0.3560787,"Demand":1.0,"DemandMax":null,"Value":6.4276229039310007},{"Length":4.324765,"Height":1.484972,"Demand":1.0,"DemandMax":null,"Value":6.42215493158},{"Length":0.4477248,"Height":14.34098,"Demand":1.0,"DemandMax":null,"Value":6.420812402304},{"Length":24.8475,"Height":0.2582993,"Demand":1.0,"DemandMax":null,"Value":6.41809185675},{"Length":20.31791,"Height":0.3154446,"Demand":1.0,"DemandMax":null,"Value":6.4091749927860011},{"Length":7.259889,"Height":0.8824701,"Demand":1.0,"DemandMax":null,"Value":6.4066349718189},{"Length":1.906822,"Height":3.359758,"Demand":1.0,"DemandMax":null,"Value":6.4064604690759994},{"Length":11.24503,"Height":0.5685968,"Demand":1.0,"DemandMax":null,"Value":6.393888073904},{"Length":4.324765,"Height":1.475705,"Demand":1.0,"DemandMax":null,"Value":6.382077334325},{"Length":0.6713111,"Height":9.50217,"Demand":1.0,"DemandMax":null,"Value":6.3789121950870005},{"Length":9.049558,"Height":0.7047459,"Demand":1.0,"DemandMax":null,"Value":6.3776388973122},{"Length":0.7558133,"Height":8.433578,"Demand":1.0,"DemandMax":null,"Value":6.3742104189874009},{"Length":2.776942,"Height":2.29498,"Demand":1.0,"DemandMax":null,"Value":6.3730263511599992},{"Length":3.764709,"Height":1.690332,"Demand":1.0,"DemandMax":null,"Value":6.363608093388},{"Length":10.78775,"Height":0.5894722,"Demand":1.0,"DemandMax":null,"Value":6.3590787255500008},{"Length":7.560485,"Height":0.8399054,"Demand":1.0,"DemandMax":null,"Value":6.3500921781190005},{"Length":10.03775,"Height":0.6319952,"Demand":1.0,"DemandMax":null,"Value":6.3438098188000005},{"Length":12.29122,"Height":0.515876,"Demand":1.0,"DemandMax":null,"Value":6.3407454087199993},{"Length":1.082905,"Height":5.846095,"Demand":1.0,"DemandMax":null,"Value":6.330765505975},{"Length":17.25229,"Height":0.3668633,"Demand":1.0,"DemandMax":null,"Value":6.329232041957},{"Length":3.507739,"Height":1.802982,"Demand":1.0,"DemandMax":null,"Value":6.324390277698},{"Length":13.98615,"Height":0.452089,"Demand":1.0,"DemandMax":null,"Value":6.3229845673500007},{"Length":0.5909459,"Height":10.6867,"Demand":1.0,"DemandMax":null,"Value":6.3152615495300006},{"Length":1.997787,"Height":3.156865,"Demand":1.0,"DemandMax":null,"Value":6.3067438577549995},{"Length":16.23516,"Height":0.3883428,"Demand":1.0,"DemandMax":null,"Value":6.304807492848},{"Length":3.842494,"Height":1.638219,"Demand":1.0,"DemandMax":null,"Value":6.294846678186},{"Length":0.8074968,"Height":7.792372,"Demand":1.0,"DemandMax":null,"Value":6.2923154544096},{"Length":1.954774,"Height":3.215084,"Demand":1.0,"DemandMax":null,"Value":6.284762611016},{"Length":3.754032,"Height":1.671499,"Demand":1.0,"DemandMax":null,"Value":6.2748607339680005},{"Length":1.940502,"Height":3.23169,"Demand":1.0,"DemandMax":null,"Value":6.2711009083799993},{"Length":1.462008,"Height":4.287129,"Demand":1.0,"DemandMax":null,"Value":6.267816895032},{"Length":12.66166,"Height":0.4949372,"Demand":1.0,"DemandMax":null,"Value":6.266726547752},{"Length":6.143986,"Height":1.019681,"Demand":1.0,"DemandMax":null,"Value":6.2649057884660007},{"Length":6.493078,"Height":0.9643876,"Demand":1.0,"DemandMax":null,"Value":6.2618439090328},{"Length":2.874084,"Height":2.176477,"Demand":1.0,"DemandMax":null,"Value":6.255377722068},{"Length":2.451247,"Height":2.551734,"Demand":1.0,"DemandMax":null,"Value":6.2549303122980007},{"Length":3.817704,"Height":1.638219,"Demand":1.0,"DemandMax":null,"Value":6.254235229176},{"Length":1.944182,"Height":3.215084,"Demand":1.0,"DemandMax":null,"Value":6.250708441288},{"Length":2.860015,"Height":2.185207,"Demand":1.0,"DemandMax":null,"Value":6.249724798105},{"Length":0.450637,"Height":13.86343,"Demand":1.0,"DemandMax":null,"Value":6.24737450491},{"Length":3.731374,"Height":1.673641,"Demand":1.0,"DemandMax":null,"Value":6.244980512734},{"Length":18.80318,"Height":0.3320977,"Demand":1.0,"DemandMax":null,"Value":6.244492830686},{"Length":3.69367,"Height":1.689226,"Demand":1.0,"DemandMax":null,"Value":6.23944339942},{"Length":2.474993,"Height":2.520238,"Demand":1.0,"DemandMax":null,"Value":6.237571408334},{"Length":24.8475,"Height":0.2505699,"Demand":1.0,"DemandMax":null,"Value":6.22603559025},{"Length":5.529402,"Height":1.124904,"Demand":1.0,"DemandMax":null,"Value":6.220046427408},{"Length":12.09821,"Height":0.5135576,"Demand":1.0,"DemandMax":null,"Value":6.2131276918959992},{"Length":23.15966,"Height":0.2679195,"Demand":1.0,"DemandMax":null,"Value":6.2049245273699993},{"Length":5.907902,"Height":1.048543,"Demand":1.0,"DemandMax":null,"Value":6.194689286786},{"Length":2.927795,"Height":2.113287,"Demand":1.0,"DemandMax":null,"Value":6.1872711121650008},{"Length":1.250004,"Height":4.947895,"Demand":1.0,"DemandMax":null,"Value":6.1848885415799995},{"Length":12.72132,"Height":0.4861254,"Demand":1.0,"DemandMax":null,"Value":6.184156773528},{"Length":2.675294,"Height":2.310235,"Demand":1.0,"DemandMax":null,"Value":6.18055783409},{"Length":7.055459,"Height":0.8759824,"Demand":1.0,"DemandMax":null,"Value":6.1804579079216007},{"Length":4.279072,"Height":1.444281,"Demand":1.0,"DemandMax":null,"Value":6.180182387232},{"Length":0.6658836,"Height":9.274545,"Demand":1.0,"DemandMax":null,"Value":6.175767412962},{"Length":1.562332,"Height":3.95098,"Demand":1.0,"DemandMax":null,"Value":6.17274248536},{"Length":1.983099,"Height":3.110704,"Demand":1.0,"DemandMax":null,"Value":6.168833991696},{"Length":6.679983,"Height":0.9229137,"Demand":1.0,"DemandMax":null,"Value":6.1650478264671},{"Length":3.049864,"Height":2.019964,"Demand":1.0,"DemandMax":null,"Value":6.160615484896},{"Length":0.8681157,"Height":7.095953,"Demand":1.0,"DemandMax":null,"Value":6.1601082057621},{"Length":22.79057,"Height":0.270224,"Demand":1.0,"DemandMax":null,"Value":6.15855898768},{"Length":1.341635,"Height":4.587964,"Demand":1.0,"DemandMax":null,"Value":6.1553730811400005},{"Length":9.893688,"Height":0.6216503,"Demand":1.0,"DemandMax":null,"Value":6.1504141133063994},{"Length":4.075676,"Height":1.508748,"Demand":1.0,"DemandMax":null,"Value":6.149168013648},{"Length":0.9456877,"Height":6.495623,"Demand":1.0,"DemandMax":null,"Value":6.1428307749371},{"Length":1.758746,"Height":3.491263,"Demand":1.0,"DemandMax":null,"Value":6.140244836198},{"Length":9.17272,"Height":0.6691906,"Demand":1.0,"DemandMax":null,"Value":6.138298000432},{"Length":2.451247,"Height":2.503034,"Demand":1.0,"DemandMax":null,"Value":6.135554583398},{"Length":1.556723,"Height":3.9367,"Demand":1.0,"DemandMax":null,"Value":6.1283514341000007},{"Length":17.92777,"Height":0.3415807,"Demand":1.0,"DemandMax":null,"Value":6.123780226039},{"Length":15.18391,"Height":0.4031991,"Demand":1.0,"DemandMax":null,"Value":6.122138846481},{"Length":13.07714,"Height":0.4680426,"Demand":1.0,"DemandMax":null,"Value":6.120658606164},{"Length":1.625744,"Height":3.762694,"Demand":1.0,"DemandMax":null,"Value":6.1171771943360005},{"Length":9.688384,"Height":0.6297598,"Demand":1.0,"DemandMax":null,"Value":6.1013547701632},{"Length":1.794195,"Height":3.398855,"Demand":1.0,"DemandMax":null,"Value":6.098208646725},{"Length":1.33899,"Height":4.550468,"Demand":1.0,"DemandMax":null,"Value":6.0930311473200005},{"Length":2.364655,"Height":2.572779,"Demand":1.0,"DemandMax":null,"Value":6.083734726245},{"Length":12.02165,"Height":0.5057599,"Demand":1.0,"DemandMax":null,"Value":6.080068501835},{"Length":3.265316,"Height":1.86089,"Demand":1.0,"DemandMax":null,"Value":6.0763938912399995},{"Length":6.33554,"Height":0.9582337,"Demand":1.0,"DemandMax":null,"Value":6.070927935698},{"Length":0.8583822,"Height":7.062442,"Demand":1.0,"DemandMax":null,"Value":6.0622745013324},{"Length":3.040524,"Height":1.993524,"Demand":1.0,"DemandMax":null,"Value":6.0613575665760004},{"Length":5.997305,"Height":1.009157,"Demand":1.0,"DemandMax":null,"Value":6.052222321885},{"Length":6.830721,"Height":0.8859011,"Demand":1.0,"DemandMax":null,"Value":6.0513432476931},{"Length":2.161599,"Height":2.799363,"Demand":1.0,"DemandMax":null,"Value":6.051100261437},{"Length":0.6381209,"Height":9.47218,"Demand":1.0,"DemandMax":null,"Value":6.044396026562},{"Length":0.6909591,"Height":8.747027,"Demand":1.0,"DemandMax":null,"Value":6.0438379035956995},{"Length":6.863451,"Height":0.8804259,"Demand":1.0,"DemandMax":null,"Value":6.0427600237809},{"Length":1.235127,"Height":4.888763,"Demand":1.0,"DemandMax":null,"Value":6.038243177901},{"Length":1.168192,"Height":5.166272,"Demand":1.0,"DemandMax":null,"Value":6.0351976202239994},{"Length":14.33639,"Height":0.4204083,"Demand":1.0,"DemandMax":null,"Value":6.027137348037},{"Length":3.347172,"Height":1.798463,"Demand":1.0,"DemandMax":null,"Value":6.019764996636},{"Length":1.029534,"Height":5.846095,"Demand":1.0,"DemandMax":null,"Value":6.0187535697299994},{"Length":6.863451,"Height":0.8766797,"Demand":1.0,"DemandMax":null,"Value":6.0170481636447},{"Length":0.5007268,"Height":12.01643,"Demand":1.0,"DemandMax":null,"Value":6.016948541324},{"Length":3.825614,"Height":1.572597,"Demand":1.0,"DemandMax":null,"Value":6.016149099558},{"Length":12.97178,"Height":0.463451,"Demand":1.0,"DemandMax":null,"Value":6.01178441278},{"Length":23.41563,"Height":0.2565992,"Demand":1.0,"DemandMax":null,"Value":6.0084319254960006},{"Length":3.383564,"Height":1.775433,"Demand":1.0,"DemandMax":null,"Value":6.007291183212},{"Length":3.922342,"Height":1.530888,"Demand":1.0,"DemandMax":null,"Value":6.004666299696},{"Length":0.9393812,"Height":6.389589,"Demand":1.0,"DemandMax":null,"Value":6.0022597823268},{"Length":1.517525,"Height":3.95098,"Demand":1.0,"DemandMax":null,"Value":5.9957109245},{"Length":5.402628,"Height":1.109702,"Demand":1.0,"DemandMax":null,"Value":5.995307096856},{"Length":4.992049,"Height":1.2005,"Demand":1.0,"DemandMax":null,"Value":5.9929548244999991},{"Length":10.35153,"Height":0.5777411,"Demand":1.0,"DemandMax":null,"Value":5.9805043288830007},{"Length":8.709843,"Height":0.6866376,"Demand":1.0,"DemandMax":null,"Value":5.9805056938967995},{"Length":1.41172,"Height":4.235911,"Demand":1.0,"DemandMax":null,"Value":5.97992027692},{"Length":23.5366,"Height":0.2534601,"Demand":1.0,"DemandMax":null,"Value":5.9655889896600005},{"Length":4.677476,"Height":1.27527,"Demand":1.0,"DemandMax":null,"Value":5.96504481852},{"Length":9.735015,"Height":0.6127328,"Demand":1.0,"DemandMax":null,"Value":5.964962998992},{"Length":12.17462,"Height":0.4891561,"Demand":1.0,"DemandMax":null,"Value":5.955289638182},{"Length":1.911834,"Height":3.113486,"Demand":1.0,"DemandMax":null,"Value":5.952468393324},{"Length":0.8664852,"Height":6.860831,"Demand":1.0,"DemandMax":null,"Value":5.9448085212012},{"Length":1.306382,"Height":4.550468,"Demand":1.0,"DemandMax":null,"Value":5.944649486776},{"Length":21.92969,"Height":0.271008,"Demand":1.0,"DemandMax":null,"Value":5.94312142752},{"Length":22.79057,"Height":0.260598,"Demand":1.0,"DemandMax":null,"Value":5.9391769608599994},{"Length":9.675967,"Height":0.6127328,"Demand":1.0,"DemandMax":null,"Value":5.9287823526176},{"Length":0.7096182,"Height":8.350517,"Demand":1.0,"DemandMax":null,"Value":5.9256788426094},{"Length":0.5110996,"Height":11.58147,"Demand":1.0,"DemandMax":null,"Value":5.9192846844119993},{"Length":1.632512,"Height":3.625263,"Demand":1.0,"DemandMax":null,"Value":5.9182853506559994},{"Length":2.5535,"Height":2.317055,"Demand":1.0,"DemandMax":null,"Value":5.9165999424999995},{"Length":4.318917,"Height":1.369637,"Demand":1.0,"DemandMax":null,"Value":5.9153485231289995},{"Length":10.39085,"Height":0.5685968,"Demand":1.0,"DemandMax":null,"Value":5.90820405928},{"Length":0.6751361,"Height":8.747027,"Demand":1.0,"DemandMax":null,"Value":5.9054336953746995},{"Length":5.414903,"Height":1.090048,"Demand":1.0,"DemandMax":null,"Value":5.9025041853439992},{"Length":4.15321,"Height":1.421181,"Demand":1.0,"DemandMax":null,"Value":5.9024631410099992},{"Length":9.072828,"Height":0.6505423,"Demand":1.0,"DemandMax":null,"Value":5.9022583946244},{"Length":6.791952,"Height":0.8690036,"Demand":1.0,"DemandMax":null,"Value":5.9022307390272},{"Length":1.49355,"Height":3.95098,"Demand":1.0,"DemandMax":null,"Value":5.9009861789999993},{"Length":5.121101,"Height":1.151947,"Demand":1.0,"DemandMax":null,"Value":5.8992369336470007},{"Length":0.6744115,"Height":8.745345,"Demand":1.0,"DemandMax":null,"Value":5.8979612394675005},{"Length":13.62545,"Height":0.4328635,"Demand":1.0,"DemandMax":null,"Value":5.8979599760750006},{"Length":0.2513232,"Height":23.45387,"Demand":1.0,"DemandMax":null,"Value":5.894501660784},{"Length":2.956781,"Height":1.993524,"Demand":1.0,"DemandMax":null,"Value":5.894413886244},{"Length":12.40238,"Height":0.4749732,"Demand":1.0,"DemandMax":null,"Value":5.8907981162160006},{"Length":7.219554,"Height":0.8156592,"Demand":1.0,"DemandMax":null,"Value":5.8886956399968},{"Length":3.73775,"Height":1.574346,"Demand":1.0,"DemandMax":null,"Value":5.8845117615000007},{"Length":12.44861,"Height":0.4724542,"Demand":1.0,"DemandMax":null,"Value":5.881398078662},{"Length":2.982844,"Height":1.969864,"Demand":1.0,"DemandMax":null,"Value":5.875797013216},{"Length":6.366333,"Height":0.9229137,"Demand":1.0,"DemandMax":null,"Value":5.8755759444621},{"Length":1.930484,"Height":3.042631,"Demand":1.0,"DemandMax":null,"Value":5.8737504634040008},{"Length":2.364655,"Height":2.482815,"Demand":1.0,"DemandMax":null,"Value":5.871000903825},{"Length":18.80318,"Height":0.3121143,"Demand":1.0,"DemandMax":null,"Value":5.868741363474},{"Length":2.474993,"Height":2.368526,"Demand":1.0,"DemandMax":null,"Value":5.862085270318},{"Length":20.84503,"Height":0.2811069,"Demand":1.0,"DemandMax":null,"Value":5.859681763707},{"Length":6.11307,"Height":0.9582337,"Demand":1.0,"DemandMax":null,"Value":5.857749684459},{"Length":1.862468,"Height":3.141754,"Demand":1.0,"DemandMax":null,"Value":5.8514162888720005},{"Length":4.711003,"Height":1.241949,"Demand":1.0,"DemandMax":null,"Value":5.8508254648469995},{"Length":0.3673978,"Height":15.91994,"Demand":1.0,"DemandMax":null,"Value":5.848950932132},{"Length":0.6381209,"Height":9.161212,"Demand":1.0,"DemandMax":null,"Value":5.8459608465308008},{"Length":9.299216,"Height":0.6282153,"Demand":1.0,"DemandMax":null,"Value":5.8419097692048},{"Length":1.356155,"Height":4.306572,"Demand":1.0,"DemandMax":null,"Value":5.8403791506600005},{"Length":1.676815,"Height":3.481656,"Demand":1.0,"DemandMax":null,"Value":5.83809300564},{"Length":13.527,"Height":0.4311886,"Demand":1.0,"DemandMax":null,"Value":5.8326881921999991},{"Length":3.967894,"Height":1.467402,"Demand":1.0,"DemandMax":null,"Value":5.822495591388},{"Length":13.44876,"Height":0.4329305,"Demand":1.0,"DemandMax":null,"Value":5.82237839118},{"Length":1.10995,"Height":5.236802,"Demand":1.0,"DemandMax":null,"Value":5.8125883799},{"Length":9.22894,"Height":0.6297598,"Demand":1.0,"DemandMax":null,"Value":5.812015408612},{"Length":5.806207,"Height":0.9995181,"Demand":1.0,"DemandMax":null,"Value":5.8034089888467},{"Length":8.928484,"Height":0.6498561,"Demand":1.0,"DemandMax":null,"Value":5.8022297911524},{"Length":0.9079815,"Height":6.389589,"Demand":1.0,"DemandMax":null,"Value":5.8016286046035},{"Length":0.5604461,"Height":10.35091,"Demand":1.0,"DemandMax":null,"Value":5.8011271409509995},{"Length":5.121101,"Height":1.131737,"Demand":1.0,"DemandMax":null,"Value":5.7957394824370008},{"Length":6.150025,"Height":0.9418898,"Demand":1.0,"DemandMax":null,"Value":5.792645817245},{"Length":18.80318,"Height":0.3080334,"Demand":1.0,"DemandMax":null,"Value":5.7920074662120005},{"Length":12.97178,"Height":0.446348,"Demand":1.0,"DemandMax":null,"Value":5.78992805944},{"Length":0.4174787,"Height":13.86343,"Demand":1.0,"DemandMax":null,"Value":5.7876867339409994},{"Length":0.9116291,"Height":6.347297,"Demand":1.0,"DemandMax":null,"Value":5.7863806515427},{"Length":3.049864,"Height":1.897239,"Demand":1.0,"DemandMax":null,"Value":5.786320925496},{"Length":1.790286,"Height":3.23169,"Demand":1.0,"DemandMax":null,"Value":5.78564936334},{"Length":8.193519,"Height":0.7047459,"Demand":1.0,"DemandMax":null,"Value":5.7743489218221},{"Length":13.44962,"Height":0.4287756,"Demand":1.0,"DemandMax":null,"Value":5.7668688852719994},{"Length":0.8402644,"Height":6.860831,"Demand":1.0,"DemandMax":null,"Value":5.7649120437164},{"Length":5.414903,"Height":1.063987,"Demand":1.0,"DemandMax":null,"Value":5.761386398261},{"Length":3.265316,"Height":1.764373,"Demand":1.0,"DemandMax":null,"Value":5.761235386868},{"Length":3.488729,"Height":1.650851,"Demand":1.0,"DemandMax":null,"Value":5.759371758379},{"Length":8.750556,"Height":0.6567919,"Demand":1.0,"DemandMax":null,"Value":5.7472943012963995},{"Length":5.806207,"Height":0.9887704,"Demand":1.0,"DemandMax":null,"Value":5.7410056178728},{"Length":3.235725,"Height":1.774121,"Demand":1.0,"DemandMax":null,"Value":5.740567672725},{"Length":1.945364,"Height":2.949269,"Demand":1.0,"DemandMax":null,"Value":5.7374017389160006},{"Length":12.56849,"Height":0.4562085,"Demand":1.0,"DemandMax":null,"Value":5.733851970165},{"Length":3.754032,"Height":1.527176,"Demand":1.0,"DemandMax":null,"Value":5.7330675736320007},{"Length":1.444683,"Height":3.968236,"Demand":1.0,"DemandMax":null,"Value":5.732843089188},{"Length":1.444683,"Height":3.966793,"Demand":1.0,"DemandMax":null,"Value":5.730758411619},{"Length":20.31791,"Height":0.2818517,"Demand":1.0,"DemandMax":null,"Value":5.726637473947},{"Length":1.302007,"Height":4.393077,"Demand":1.0,"DemandMax":null,"Value":5.7198170055389994},{"Length":11.54425,"Height":0.4949372,"Demand":1.0,"DemandMax":null,"Value":5.7136787711000006},{"Length":9.299216,"Height":0.6137335,"Demand":1.0,"DemandMax":null,"Value":5.707240382936},{"Length":1.894997,"Height":3.00986,"Demand":1.0,"DemandMax":null,"Value":5.7036756704200009},{"Length":0.6517422,"Height":8.745345,"Demand":1.0,"DemandMax":null,"Value":5.6997103900590007},{"Length":12.60541,"Height":0.452089,"Demand":1.0,"DemandMax":null,"Value":5.69876720149},{"Length":9.930161,"Height":0.5738038,"Demand":1.0,"DemandMax":null,"Value":5.6979641164118},{"Length":0.6640193,"Height":8.579885,"Demand":1.0,"DemandMax":null,"Value":5.6972092317805005},{"Length":23.15966,"Height":0.2459206,"Demand":1.0,"DemandMax":null,"Value":5.695437482996},{"Length":6.863451,"Height":0.8288376,"Demand":1.0,"DemandMax":null,"Value":5.6886862545576},{"Length":3.774191,"Height":1.506841,"Demand":1.0,"DemandMax":null,"Value":5.6871057406310008},{"Length":12.38297,"Height":0.4590708,"Demand":1.0,"DemandMax":null,"Value":5.684659944276},{"Length":1.438102,"Height":3.95098,"Demand":1.0,"DemandMax":null,"Value":5.68191223996},{"Length":22.13917,"Height":0.2565472,"Demand":1.0,"DemandMax":null,"Value":5.6797420738239994},{"Length":8.576292,"Height":0.6619306,"Demand":1.0,"DemandMax":null,"Value":5.6769101093352008},{"Length":1.676815,"Height":3.379174,"Demand":1.0,"DemandMax":null,"Value":5.6662496508099993},{"Length":0.287724,"Height":19.69011,"Demand":1.0,"DemandMax":null,"Value":5.6653172096399995},{"Length":13.60448,"Height":0.4162404,"Demand":1.0,"DemandMax":null,"Value":5.662734196992},{"Length":1.964588,"Height":2.880314,"Demand":1.0,"DemandMax":null,"Value":5.658630320632},{"Length":7.102251,"Height":0.7964669,"Demand":1.0,"DemandMax":null,"Value":5.6567078369919},{"Length":11.90121,"Height":0.4748593,"Demand":1.0,"DemandMax":null,"Value":5.651400249753},{"Length":1.681528,"Height":3.359758,"Demand":1.0,"DemandMax":null,"Value":5.6495271502239994},{"Length":0.3973247,"Height":14.21392,"Demand":1.0,"DemandMax":null,"Value":5.6475414998239994},{"Length":22.14822,"Height":0.2546384,"Demand":1.0,"DemandMax":null,"Value":5.6397873036479993},{"Length":0.4123065,"Height":13.66297,"Demand":1.0,"DemandMax":null,"Value":5.633331340305},{"Length":0.5303106,"Height":10.61576,"Demand":1.0,"DemandMax":null,"Value":5.629650055056},{"Length":1.954276,"Height":2.880314,"Demand":1.0,"DemandMax":null,"Value":5.6289285226639993},{"Length":5.585168,"Height":1.007569,"Demand":1.0,"DemandMax":null,"Value":5.627442136592},{"Length":3.707479,"Height":1.517854,"Demand":1.0,"DemandMax":null,"Value":5.627411830066},{"Length":0.9616392,"Height":5.846095,"Demand":1.0,"DemandMax":null,"Value":5.621834118924},{"Length":1.997787,"Height":2.81126,"Demand":1.0,"DemandMax":null,"Value":5.61629868162},{"Length":0.7651504,"Height":7.340052,"Demand":1.0,"DemandMax":null,"Value":5.6162437238208005},{"Length":2.005677,"Height":2.799363,"Demand":1.0,"DemandMax":null,"Value":5.614617983751},{"Length":2.849411,"Height":1.969864,"Demand":1.0,"DemandMax":null,"Value":5.612952150104},{"Length":12.96611,"Height":0.4328635,"Demand":1.0,"DemandMax":null,"Value":5.612555755985},{"Length":6.340021,"Height":0.8847626,"Demand":1.0,"DemandMax":null,"Value":5.6094134640146},{"Length":5.494438,"Height":1.019681,"Demand":1.0,"DemandMax":null,"Value":5.602574034278},{"Length":10.2256,"Height":0.5478594,"Demand":1.0,"DemandMax":null,"Value":5.60219108064},{"Length":3.105031,"Height":1.802982,"Demand":1.0,"DemandMax":null,"Value":5.598315002442},{"Length":2.600287,"Height":2.152688,"Demand":1.0,"DemandMax":null,"Value":5.5976066214559994},{"Length":1.415549,"Height":3.95098,"Demand":1.0,"DemandMax":null,"Value":5.59280578802},{"Length":0.6872942,"Height":8.134861,"Demand":1.0,"DemandMax":null,"Value":5.5910427831062},{"Length":3.383564,"Height":1.652188,"Demand":1.0,"DemandMax":null,"Value":5.590283838032},{"Length":9.833058,"Height":0.5680897,"Demand":1.0,"DemandMax":null,"Value":5.5860589693026},{"Length":2.310718,"Height":2.417301,"Demand":1.0,"DemandMax":null,"Value":5.5857009321180007},{"Length":4.024677,"Height":1.387767,"Demand":1.0,"DemandMax":null,"Value":5.5853139262589995},{"Length":18.82104,"Height":0.296677,"Demand":1.0,"DemandMax":null,"Value":5.5837696840800009},{"Length":0.3505991,"Height":15.91994,"Demand":1.0,"DemandMax":null,"Value":5.581516636054},{"Length":0.2898057,"Height":19.25662,"Demand":1.0,"DemandMax":null,"Value":5.580678238734},{"Length":0.8516756,"Height":6.548307,"Demand":1.0,"DemandMax":null,"Value":5.5770332932092},{"Length":1.276169,"Height":4.3635,"Demand":1.0,"DemandMax":null,"Value":5.5685634315},{"Length":4.879668,"Height":1.14075,"Demand":1.0,"DemandMax":null,"Value":5.5664812709999989},{"Length":0.8681157,"Height":6.407614,"Demand":1.0,"DemandMax":null,"Value":5.5625503129398},{"Length":1.382006,"Height":4.024397,"Demand":1.0,"DemandMax":null,"Value":5.5617408003819992},{"Length":0.7575579,"Height":7.340052,"Demand":1.0,"DemandMax":null,"Value":5.5605143790108},{"Length":4.85709,"Height":1.144538,"Demand":1.0,"DemandMax":null,"Value":5.5591240744200006},{"Length":4.169035,"Height":1.333283,"Demand":1.0,"DemandMax":null,"Value":5.558503491905},{"Length":12.72132,"Height":0.4367883,"Demand":1.0,"DemandMax":null,"Value":5.5565237365560005},{"Length":4.85709,"Height":1.143841,"Demand":1.0,"DemandMax":null,"Value":5.5557386826900013},{"Length":21.52075,"Height":0.2581361,"Demand":1.0,"DemandMax":null,"Value":5.555282474075},{"Length":0.6686106,"Height":8.30752,"Demand":1.0,"DemandMax":null,"Value":5.554495931712},{"Length":6.072999,"Height":0.9145626,"Demand":1.0,"DemandMax":null,"Value":5.5541377552374005},{"Length":0.4477248,"Height":12.40254,"Demand":1.0,"DemandMax":null,"Value":5.552924740992},{"Length":4.075676,"Height":1.362443,"Demand":1.0,"DemandMax":null,"Value":5.552876236468},{"Length":1.444683,"Height":3.842794,"Demand":1.0,"DemandMax":null,"Value":5.551619164302},{"Length":3.383564,"Height":1.64049,"Demand":1.0,"DemandMax":null,"Value":5.55070290636},{"Length":2.600287,"Height":2.134442,"Demand":1.0,"DemandMax":null,"Value":5.550161784854},{"Length":0.6340786,"Height":8.747027,"Demand":1.0,"DemandMax":null,"Value":5.5463026343222},{"Length":0.6333626,"Height":8.747027,"Demand":1.0,"DemandMax":null,"Value":5.5400397629901992},{"Length":8.928484,"Height":0.6198385,"Demand":1.0,"DemandMax":null,"Value":5.5342181298339987},{"Length":1.646619,"Height":3.359758,"Demand":1.0,"DemandMax":null,"Value":5.532241358202},{"Length":1.776758,"Height":3.113486,"Demand":1.0,"DemandMax":null,"Value":5.5319111583880005},{"Length":4.98361,"Height":1.109702,"Demand":1.0,"DemandMax":null,"Value":5.5303219842199995},{"Length":1.11713,"Height":4.947412,"Demand":1.0,"DemandMax":null,"Value":5.52690236756},{"Length":0.3630747,"Height":15.21821,"Demand":1.0,"DemandMax":null,"Value":5.525347030287},{"Length":8.822408,"Height":0.6251524,"Demand":1.0,"DemandMax":null,"Value":5.5153495349792},{"Length":0.6637886,"Height":8.30752,"Demand":1.0,"DemandMax":null,"Value":5.514437070272},{"Length":2.632582,"Height":2.094643,"Demand":1.0,"DemandMax":null,"Value":5.5143194582260007},{"Length":12.17462,"Height":0.4529257,"Demand":1.0,"DemandMax":null,"Value":5.514198285734},{"Length":1.400557,"Height":3.9367,"Demand":1.0,"DemandMax":null,"Value":5.5135727419},{"Length":6.228471,"Height":0.8847626,"Demand":1.0,"DemandMax":null,"Value":5.5107181959846},{"Length":7.560485,"Height":0.7287785,"Demand":1.0,"DemandMax":null,"Value":5.5099189175725},{"Length":11.77036,"Height":0.4680426,"Demand":1.0,"DemandMax":null,"Value":5.509029897336},{"Length":0.6631368,"Height":8.30752,"Demand":1.0,"DemandMax":null,"Value":5.509022228736},{"Length":3.502974,"Height":1.572597,"Demand":1.0,"DemandMax":null,"Value":5.508766403478},{"Length":0.5802327,"Height":9.493793,"Demand":1.0,"DemandMax":null,"Value":5.5086091456311008},{"Length":7.564846,"Height":0.7281086,"Demand":1.0,"DemandMax":null,"Value":5.5080294302756},{"Length":1.945364,"Height":2.829824,"Demand":1.0,"DemandMax":null,"Value":5.505037735936},{"Length":9.894357,"Height":0.556307,"Demand":1.0,"DemandMax":null,"Value":5.5043000595989993},{"Length":12.98977,"Height":0.4236572,"Demand":1.0,"DemandMax":null,"Value":5.503209586844},{"Length":21.52075,"Height":0.255704,"Demand":1.0,"DemandMax":null,"Value":5.502941858},{"Length":2.256428,"Height":2.433431,"Demand":1.0,"DemandMax":null,"Value":5.490861844468},{"Length":0.509158,"Height":10.77953,"Demand":1.0,"DemandMax":null,"Value":5.48848393574},{"Length":1.107736,"Height":4.947412,"Demand":1.0,"DemandMax":null,"Value":5.480426379232},{"Length":7.102251,"Height":0.7714481,"Demand":1.0,"DemandMax":null,"Value":5.4790180396730994},{"Length":2.78053,"Height":1.969864,"Demand":1.0,"DemandMax":null,"Value":5.47726594792},{"Length":20.84014,"Height":0.262802,"Demand":1.0,"DemandMax":null,"Value":5.47683047228},{"Length":1.119661,"Height":4.888763,"Demand":1.0,"DemandMax":null,"Value":5.473757269343},{"Length":9.930161,"Height":0.5511,"Demand":1.0,"DemandMax":null,"Value":5.4725117271000006},{"Length":1.202334,"Height":4.550468,"Demand":1.0,"DemandMax":null,"Value":5.471182392312},{"Length":9.366177,"Height":0.5832429,"Demand":1.0,"DemandMax":null,"Value":5.4627562353933},{"Length":3.918864,"Height":1.393704,"Demand":1.0,"DemandMax":null,"Value":5.461736432256},{"Length":1.657768,"Height":3.294569,"Demand":1.0,"DemandMax":null,"Value":5.461631061992},{"Length":12.44861,"Height":0.4386968,"Demand":1.0,"DemandMax":null,"Value":5.461165371448},{"Length":5.907902,"Height":0.9240459,"Demand":1.0,"DemandMax":null,"Value":5.4591726207018},{"Length":2.817321,"Height":1.936607,"Demand":1.0,"DemandMax":null,"Value":5.456043569847},{"Length":3.688592,"Height":1.478633,"Demand":1.0,"DemandMax":null,"Value":5.454073854736},{"Length":0.2828758,"Height":19.25662,"Demand":1.0,"DemandMax":null,"Value":5.447231787796},{"Length":12.56849,"Height":0.4331502,"Demand":1.0,"DemandMax":null,"Value":5.444043957198},{"Length":5.806207,"Height":0.9373754,"Demand":1.0,"DemandMax":null,"Value":5.4425956091078},{"Length":8.822408,"Height":0.6167963,"Demand":1.0,"DemandMax":null,"Value":5.4416286114903993},{"Length":4.169035,"Height":1.304774,"Demand":1.0,"DemandMax":null,"Value":5.43964847309},{"Length":7.259889,"Height":0.7490133,"Demand":1.0,"DemandMax":null,"Value":5.4377534175237},{"Length":0.8454371,"Height":6.430606,"Demand":1.0,"DemandMax":null,"Value":5.4366728878826},{"Length":1.983099,"Height":2.739555,"Demand":1.0,"DemandMax":null,"Value":5.432808780945},{"Length":0.8499392,"Height":6.389589,"Demand":1.0,"DemandMax":null,"Value":5.4307621629888},{"Length":4.791113,"Height":1.133444,"Demand":1.0,"DemandMax":null,"Value":5.4304582831719994},{"Length":11.82295,"Height":0.4590708,"Demand":1.0,"DemandMax":null,"Value":5.42757111486},{"Length":2.364882,"Height":2.29498,"Demand":1.0,"DemandMax":null,"Value":5.42735689236},{"Length":1.028931,"Height":5.273089,"Demand":1.0,"DemandMax":null,"Value":5.425644737859},{"Length":0.6333396,"Height":8.566284,"Demand":1.0,"DemandMax":null,"Value":5.4253668820464},{"Length":1.69321,"Height":3.198675,"Demand":1.0,"DemandMax":null,"Value":5.416028496750001},{"Length":4.812941,"Height":1.124904,"Demand":1.0,"DemandMax":null,"Value":5.4140965826639995},{"Length":6.329194,"Height":0.8544695,"Demand":1.0,"DemandMax":null,"Value":5.4081032325830005},{"Length":4.992049,"Height":1.083184,"Demand":1.0,"DemandMax":null,"Value":5.4073076040159993},{"Length":9.869627,"Height":0.5478594,"Demand":1.0,"DemandMax":null,"Value":5.4071679264437993},{"Length":1.965301,"Height":2.748073,"Demand":1.0,"DemandMax":null,"Value":5.400790614973},{"Length":0.3546168,"Height":15.21821,"Demand":1.0,"DemandMax":null,"Value":5.396632931928},{"Length":11.5512,"Height":0.4668562,"Demand":1.0,"DemandMax":null,"Value":5.39274933744},{"Length":3.794531,"Height":1.421181,"Demand":1.0,"DemandMax":null,"Value":5.3927153611110006},{"Length":10.03775,"Height":0.5371481,"Demand":1.0,"DemandMax":null,"Value":5.3917583407750005},{"Length":0.5303106,"Height":10.15962,"Demand":1.0,"DemandMax":null,"Value":5.387754177972},{"Length":1.466616,"Height":3.670597,"Demand":1.0,"DemandMax":null,"Value":5.3833562897519993},{"Length":0.6903239,"Height":7.792372,"Demand":1.0,"DemandMax":null,"Value":5.3792606292908},{"Length":5.877959,"Height":0.9145626,"Demand":1.0,"DemandMax":null,"Value":5.3757614657334},{"Length":0.5175683,"Height":10.38311,"Demand":1.0,"DemandMax":null,"Value":5.373968591413},{"Length":0.6896142,"Height":7.792372,"Demand":1.0,"DemandMax":null,"Value":5.3737303828824},{"Length":21.92969,"Height":0.2449785,"Demand":1.0,"DemandMax":null,"Value":5.372302561665},{"Length":3.333717,"Height":1.611403,"Demand":1.0,"DemandMax":null,"Value":5.3719615749509995},{"Length":3.689679,"Height":1.455929,"Demand":1.0,"DemandMax":null,"Value":5.371910656791},{"Length":0.7096182,"Height":7.56942,"Demand":1.0,"DemandMax":null,"Value":5.371398195444},{"Length":1.180394,"Height":4.550468,"Demand":1.0,"DemandMax":null,"Value":5.3713451243920005},{"Length":6.179832,"Height":0.8690036,"Demand":1.0,"DemandMax":null,"Value":5.3702962553952},{"Length":0.4123065,"Height":13.01286,"Demand":1.0,"DemandMax":null,"Value":5.36528676159},{"Length":1.61379,"Height":3.320337,"Demand":1.0,"DemandMax":null,"Value":5.35832664723},{"Length":2.200074,"Height":2.433431,"Demand":1.0,"DemandMax":null,"Value":5.353728273894},{"Length":20.84014,"Height":0.2567462,"Demand":1.0,"DemandMax":null,"Value":5.350626752468},{"Length":3.688592,"Height":1.450088,"Demand":1.0,"DemandMax":null,"Value":5.348782996096},{"Length":10.71122,"Height":0.4993423,"Demand":1.0,"DemandMax":null,"Value":5.3485652306060008},{"Length":0.5839041,"Height":9.154599,"Demand":1.0,"DemandMax":null,"Value":5.3454078899559},{"Length":6.863451,"Height":0.7780362,"Demand":1.0,"DemandMax":null,"Value":5.3400133349262004},{"Length":1.172974,"Height":4.550468,"Demand":1.0,"DemandMax":null,"Value":5.337580651832},{"Length":0.8349905,"Height":6.389589,"Demand":1.0,"DemandMax":null,"Value":5.3352461139045},{"Length":0.7554076,"Height":7.062442,"Demand":1.0,"DemandMax":null,"Value":5.3350223613592},{"Length":0.5744229,"Height":9.276566,"Demand":1.0,"DemandMax":null,"Value":5.3286719437614},{"Length":0.7881246,"Height":6.761065,"Demand":1.0,"DemandMax":null,"Value":5.328561648699},{"Length":1.225769,"Height":4.34676,"Demand":1.0,"DemandMax":null,"Value":5.32812365844},{"Length":3.064634,"Height":1.738248,"Demand":1.0,"DemandMax":null,"Value":5.327093921232},{"Length":1.657893,"Height":3.212202,"Demand":1.0,"DemandMax":null,"Value":5.325487210386},{"Length":8.709843,"Height":0.6112816,"Demand":1.0,"DemandMax":null,"Value":5.3241667647887994},{"Length":1.584682,"Height":3.359758,"Demand":1.0,"DemandMax":null,"Value":5.3241480269559993},{"Length":0.4652191,"Height":11.44224,"Demand":1.0,"DemandMax":null,"Value":5.323148594784},{"Length":3.383564,"Height":1.57203,"Demand":1.0,"DemandMax":null,"Value":5.31906411492},{"Length":5.997305,"Height":0.886772,"Demand":1.0,"DemandMax":null,"Value":5.31824214946},{"Length":0.8386124,"Height":6.340289,"Demand":1.0,"DemandMax":null,"Value":5.3170449749836006},{"Length":6.933086,"Height":0.7668677,"Demand":1.0,"DemandMax":null,"Value":5.3167597147222008},{"Length":0.8372301,"Height":6.347297,"Demand":1.0,"DemandMax":null,"Value":5.3141481020397},{"Length":5.27099,"Height":1.007569,"Demand":1.0,"DemandMax":null,"Value":5.3108861233099995},{"Length":0.6487147,"Height":8.186228,"Demand":1.0,"DemandMax":null,"Value":5.3105264411516},{"Length":17.03364,"Height":0.3112108,"Demand":1.0,"DemandMax":null,"Value":5.301052731312},{"Length":2.435146,"Height":2.176477,"Demand":1.0,"DemandMax":null,"Value":5.300039260642},{"Length":2.010888,"Height":2.634808,"Demand":1.0,"DemandMax":null,"Value":5.298303789504},{"Length":3.020377,"Height":1.753744,"Demand":1.0,"DemandMax":null,"Value":5.2969680414879994},{"Length":0.9584077,"Height":5.521217,"Demand":1.0,"DemandMax":null,"Value":5.2915768861709},{"Length":7.055459,"Height":0.7494636,"Demand":1.0,"DemandMax":null,"Value":5.2878097017924},{"Length":7.560485,"Height":0.6993879,"Demand":1.0,"DemandMax":null,"Value":5.2877117271315},{"Length":4.696929,"Height":1.124904,"Demand":1.0,"DemandMax":null,"Value":5.2835942198159991},{"Length":1.276169,"Height":4.138722,"Demand":1.0,"DemandMax":null,"Value":5.281708716018},{"Length":7.055459,"Height":0.7484397,"Demand":1.0,"DemandMax":null,"Value":5.2805856173223},{"Length":7.530342,"Height":0.7011912,"Demand":1.0,"DemandMax":null,"Value":5.2802095433904},{"Length":14.82641,"Height":0.3560787,"Demand":1.0,"DemandMax":null,"Value":5.279368798467},{"Length":1.311348,"Height":4.024397,"Demand":1.0,"DemandMax":null,"Value":5.2773849571559994},{"Length":2.002789,"Height":2.634808,"Demand":1.0,"DemandMax":null,"Value":5.276964479512},{"Length":0.6156607,"Height":8.566284,"Demand":1.0,"DemandMax":null,"Value":5.2739244038387989},{"Length":5.458973,"Height":0.9660808,"Demand":1.0,"DemandMax":null,"Value":5.2738090030184},{"Length":0.7730911,"Height":6.816726,"Demand":1.0,"DemandMax":null,"Value":5.2699502017386006},{"Length":14.3306,"Height":0.367395,"Demand":1.0,"DemandMax":null,"Value":5.264990787},{"Length":1.302007,"Height":4.0405,"Demand":1.0,"DemandMax":null,"Value":5.2607592835},{"Length":7.612063,"Height":0.6907059,"Demand":1.0,"DemandMax":null,"Value":5.2576968252717},{"Length":0.2312548,"Height":22.73442,"Demand":1.0,"DemandMax":null,"Value":5.257443750216},{"Length":2.509243,"Height":2.094643,"Demand":1.0,"DemandMax":null,"Value":5.2559682852490006},{"Length":0.333532,"Height":15.75504,"Demand":1.0,"DemandMax":null,"Value":5.25481000128},{"Length":7.607345,"Height":0.6907059,"Demand":1.0,"DemandMax":null,"Value":5.2544380748355},{"Length":9.17272,"Height":0.5727581,"Demand":1.0,"DemandMax":null,"Value":5.253749679032},{"Length":6.266719,"Height":0.8382328,"Demand":1.0,"DemandMax":null,"Value":5.2529694141832},{"Length":0.5662237,"Height":9.276566,"Demand":1.0,"DemandMax":null,"Value":5.2526115238142008},{"Length":18.91732,"Height":0.2776602,"Demand":1.0,"DemandMax":null,"Value":5.2525868546640009},{"Length":3.689679,"Height":1.42323,"Demand":1.0,"DemandMax":null,"Value":5.25126184317},{"Length":3.530081,"Height":1.487419,"Demand":1.0,"DemandMax":null,"Value":5.250709550939},{"Length":2.225817,"Height":2.358027,"Demand":1.0,"DemandMax":null,"Value":5.248536583059},{"Length":1.341635,"Height":3.909745,"Demand":1.0,"DemandMax":null,"Value":5.245450733075},{"Length":0.2711099,"Height":19.34422,"Demand":1.0,"DemandMax":null,"Value":5.244409549778},{"Length":7.202374,"Height":0.7281086,"Demand":1.0,"DemandMax":null,"Value":5.2441104498164},{"Length":3.525378,"Height":1.487419,"Demand":1.0,"DemandMax":null,"Value":5.243714219382},{"Length":6.424347,"Height":0.8156592,"Demand":1.0,"DemandMax":null,"Value":5.2400777345424006},{"Length":18.91732,"Height":0.2769705,"Demand":1.0,"DemandMax":null,"Value":5.2395395790600006},{"Length":0.2707665,"Height":19.34422,"Demand":1.0,"DemandMax":null,"Value":5.23776674463},{"Length":0.3323516,"Height":15.75504,"Demand":1.0,"DemandMax":null,"Value":5.2362127520640005},{"Length":14.3306,"Height":0.3653764,"Demand":1.0,"DemandMax":null,"Value":5.23606303784},{"Length":1.070559,"Height":4.888763,"Demand":1.0,"DemandMax":null,"Value":5.233709228517},{"Length":10.92295,"Height":0.4788626,"Demand":1.0,"DemandMax":null,"Value":5.2305922366700006},{"Length":0.6487147,"Height":8.061872,"Demand":1.0,"DemandMax":null,"Value":5.2298548759184},{"Length":18.56344,"Height":0.2816832,"Demand":1.0,"DemandMax":null,"Value":5.229009182208}]}