{"Name":"Nice4_50","Objects":[{"Length":100.0,"Height":100.0,"Stock":null,"Cost":10000.0}],"Items":[{"Length":20.01975,"Height":38.69095,"Demand":1.0,"DemandMax":null,"Value":774.5831462625},{"Length":37.81299,"Height":12.88691,"Demand":1.0,"DemandMax":null,"Value":487.2925989609},{"Length":37.81299,"Height":10.50571,"Demand":1.0,"DemandMax":null,"Value":397.25230717290003},{"Length":21.57385,"Height":11.94522,"Demand":1.0,"DemandMax":null,"Value":257.70438449700004},{"Length":14.10934,"Height":17.73183,"Demand":1.0,"DemandMax":null,"Value":250.18441829219998},{"Length":23.39182,"Height":10.69251,"Demand":1.0,"DemandMax":null,"Value":250.1172692682},{"Length":18.19032,"Height":13.62282,"Demand":1.0,"DemandMax":null,"Value":247.80345510240002},{"Length":14.60167,"Height":15.58412,"Demand":1.0,"DemandMax":null,"Value":227.5541774804},{"Length":25.21461,"Height":8.923905,"Demand":1.0,"DemandMax":null,"Value":225.01278425204998},{"Length":8.008059,"Height":27.9931,"Demand":1.0,"DemandMax":null,"Value":224.17039639289996},{"Length":18.55626,"Height":11.94522,"Demand":1.0,"DemandMax":null,"Value":221.65860807720003},{"Length":7.890882,"Height":27.9931,"Demand":1.0,"DemandMax":null,"Value":220.8902489142},{"Length":22.86306,"Height":9.543861,"Demand":1.0,"DemandMax":null,"Value":218.20186667466},{"Length":13.61988,"Height":15.98066,"Demand":1.0,"DemandMax":null,"Value":217.6546715208},{"Length":24.28756,"Height":8.783281,"Demand":1.0,"DemandMax":null,"Value":213.32446428436},{"Length":21.91784,"Height":9.611538,"Demand":1.0,"DemandMax":null,"Value":210.66415203792002},{"Length":11.53478,"Height":17.99019,"Demand":1.0,"DemandMax":null,"Value":207.51288380819997},{"Length":20.3254,"Height":9.923332,"Demand":1.0,"DemandMax":null,"Value":201.69569223279999},{"Length":13.96563,"Height":14.43977,"Demand":1.0,"DemandMax":null,"Value":201.6604851051},{"Length":12.29345,"Height":15.58412,"Demand":1.0,"DemandMax":null,"Value":191.582600014},{"Length":11.81499,"Height":16.17052,"Demand":1.0,"DemandMax":null,"Value":191.0545320948},{"Length":13.96563,"Height":13.55333,"Demand":1.0,"DemandMax":null,"Value":189.28079204790004},{"Length":22.86306,"Height":8.187973,"Demand":1.0,"DemandMax":null,"Value":187.20211797738},{"Length":16.52067,"Height":10.69251,"Demand":1.0,"DemandMax":null,"Value":176.6474291817},{"Length":17.48759,"Height":9.923332,"Demand":1.0,"DemandMax":null,"Value":173.53516144988},{"Length":26.29261,"Height":6.582219,"Demand":1.0,"DemandMax":null,"Value":173.06371710159002},{"Length":11.00433,"Height":15.58412,"Demand":1.0,"DemandMax":null,"Value":171.4927992396},{"Length":9.481586,"Height":17.99019,"Demand":1.0,"DemandMax":null,"Value":170.57553364133997},{"Length":10.79481,"Height":15.35707,"Demand":1.0,"DemandMax":null,"Value":165.7766528067},{"Length":24.28756,"Height":6.800841,"Demand":1.0,"DemandMax":null,"Value":165.17583383796},{"Length":13.61988,"Height":12.01778,"Demand":1.0,"DemandMax":null,"Value":163.6807214664},{"Length":19.0514,"Height":8.553255,"Demand":1.0,"DemandMax":null,"Value":162.95148230700002},{"Length":21.01637,"Height":7.395413,"Demand":1.0,"DemandMax":null,"Value":155.42473591080997},{"Length":21.01637,"Height":7.02333,"Demand":1.0,"DemandMax":null,"Value":147.6049019121},{"Length":18.21228,"Height":8.103365,"Demand":1.0,"DemandMax":null,"Value":147.5807523222},{"Length":13.06913,"Height":11.28921,"Demand":1.0,"DemandMax":null,"Value":147.5401530873},{"Length":18.21228,"Height":7.94451,"Demand":1.0,"DemandMax":null,"Value":144.68764058280001},{"Length":6.694475,"Height":21.41622,"Demand":1.0,"DemandMax":null,"Value":143.3703493845},{"Length":19.0514,"Height":7.497951,"Demand":1.0,"DemandMax":null,"Value":142.8464636814},{"Length":21.91784,"Height":6.436337,"Demand":1.0,"DemandMax":null,"Value":141.07060455208},{"Length":6.529006,"Height":21.41622,"Demand":1.0,"DemandMax":null,"Value":139.82662887732},{"Length":11.81499,"Height":11.82258,"Demand":1.0,"DemandMax":null,"Value":139.68366447420002},{"Length":19.0514,"Height":7.282673,"Demand":1.0,"DemandMax":null,"Value":138.7451163922},{"Length":9.38042,"Height":14.37028,"Demand":1.0,"DemandMax":null,"Value":134.7992619176},{"Length":13.06913,"Height":10.12701,"Demand":1.0,"DemandMax":null,"Value":132.3512102013},{"Length":21.01637,"Height":6.282017,"Demand":1.0,"DemandMax":null,"Value":132.02519361829},{"Length":8.256595,"Height":15.35707,"Demand":1.0,"DemandMax":null,"Value":126.79710737665002},{"Length":8.809903,"Height":14.37028,"Demand":1.0,"DemandMax":null,"Value":126.60077288283999},{"Length":12.63361,"Height":8.807929,"Demand":1.0,"DemandMax":null,"Value":111.27593989369},{"Length":12.581,"Height":8.807929,"Demand":1.0,"DemandMax":null,"Value":110.81255474899999}]}