{"Name":"Nice27_200","Objects":[{"Length":100.0,"Height":100.0,"Stock":null,"Cost":10000.0}],"Items":[{"Length":6.166716,"Height":19.54523,"Demand":1.0,"DemandMax":null,"Value":120.52988256468001},{"Length":9.560538,"Height":12.58046,"Demand":1.0,"DemandMax":null,"Value":120.27596588748},{"Length":9.560538,"Height":10.4333,"Demand":1.0,"DemandMax":null,"Value":99.747961115399988},{"Length":6.084098,"Height":16.28935,"Demand":1.0,"DemandMax":null,"Value":99.106001756299989},{"Length":11.41612,"Height":8.378499,"Demand":1.0,"DemandMax":null,"Value":95.64995000388},{"Length":7.821991,"Height":11.87816,"Demand":1.0,"DemandMax":null,"Value":92.910860616559987},{"Length":10.41848,"Height":8.901721,"Demand":1.0,"DemandMax":null,"Value":92.742402204080008},{"Length":8.51088,"Height":10.78797,"Demand":1.0,"DemandMax":null,"Value":91.8151181136},{"Length":7.405466,"Height":12.19074,"Demand":1.0,"DemandMax":null,"Value":90.27811058484},{"Length":7.066876,"Height":12.29177,"Demand":1.0,"DemandMax":null,"Value":86.86441441052},{"Length":5.705901,"Height":15.13046,"Demand":1.0,"DemandMax":null,"Value":86.33290684446},{"Length":9.508407,"Height":9.027369,"Demand":1.0,"DemandMax":null,"Value":85.835898591183},{"Length":18.17155,"Height":4.70486,"Demand":1.0,"DemandMax":null,"Value":85.494598733},{"Length":9.874168,"Height":8.569699,"Demand":1.0,"DemandMax":null,"Value":84.618647635432},{"Length":8.03337,"Height":10.41053,"Demand":1.0,"DemandMax":null,"Value":83.631639386099991},{"Length":7.90674,"Height":10.40334,"Demand":1.0,"DemandMax":null,"Value":82.2565045116},{"Length":9.664159,"Height":8.378499,"Demand":1.0,"DemandMax":null,"Value":80.971146517341},{"Length":8.120663,"Height":9.653905,"Demand":1.0,"DemandMax":null,"Value":78.39610913901501},{"Length":7.225441,"Height":10.84385,"Demand":1.0,"DemandMax":null,"Value":78.35159838785},{"Length":9.796186,"Height":7.907168,"Demand":1.0,"DemandMax":null,"Value":77.460088461248},{"Length":7.167623,"Height":10.80212,"Demand":1.0,"DemandMax":null,"Value":77.42552376076},{"Length":7.405466,"Height":10.38661,"Demand":1.0,"DemandMax":null,"Value":76.917687210259984},{"Length":8.06188,"Height":9.465666,"Demand":1.0,"DemandMax":null,"Value":76.31106341208},{"Length":8.165664,"Height":9.270843,"Demand":1.0,"DemandMax":null,"Value":75.702588934751986},{"Length":13.96029,"Height":5.419054,"Demand":1.0,"DemandMax":null,"Value":75.65156536566},{"Length":9.084283,"Height":8.250524,"Demand":1.0,"DemandMax":null,"Value":74.950094914292},{"Length":6.564396,"Height":11.37119,"Demand":1.0,"DemandMax":null,"Value":74.644994151240013},{"Length":8.899092,"Height":8.323,"Demand":1.0,"DemandMax":null,"Value":74.067142716},{"Length":9.436704,"Height":7.838566,"Demand":1.0,"DemandMax":null,"Value":73.97022712646401},{"Length":6.564396,"Height":11.20616,"Demand":1.0,"DemandMax":null,"Value":73.56167187936},{"Length":5.954329,"Height":12.22814,"Demand":1.0,"DemandMax":null,"Value":72.810368618060011},{"Length":6.264114,"Height":11.42785,"Demand":1.0,"DemandMax":null,"Value":71.5853551749},{"Length":4.505736,"Height":15.83829,"Demand":1.0,"DemandMax":null,"Value":71.36315343144},{"Length":13.80076,"Height":5.125261,"Demand":1.0,"DemandMax":null,"Value":70.73249699836},{"Length":4.328487,"Height":16.28935,"Demand":1.0,"DemandMax":null,"Value":70.50823971345},{"Length":6.49754,"Height":10.84385,"Demand":1.0,"DemandMax":null,"Value":70.458349129},{"Length":9.569339,"Height":7.224005,"Demand":1.0,"DemandMax":null,"Value":69.128952782695},{"Length":13.37718,"Height":5.138867,"Demand":1.0,"DemandMax":null,"Value":68.74354885506},{"Length":6.371224,"Height":10.61603,"Demand":1.0,"DemandMax":null,"Value":67.63710512072},{"Length":12.60367,"Height":5.358934,"Demand":1.0,"DemandMax":null,"Value":67.542235687779993},{"Length":8.165664,"Height":8.248574,"Demand":1.0,"DemandMax":null,"Value":67.355083763136},{"Length":13.37718,"Height":5.011828,"Demand":1.0,"DemandMax":null,"Value":67.04412528504},{"Length":10.64593,"Height":6.255683,"Demand":1.0,"DemandMax":null,"Value":66.59756332019},{"Length":12.60367,"Height":5.282222,"Demand":1.0,"DemandMax":null,"Value":66.57538295474},{"Length":4.713329,"Height":14.05855,"Demand":1.0,"DemandMax":null,"Value":66.26257141295},{"Length":13.52384,"Height":4.897022,"Demand":1.0,"DemandMax":null,"Value":66.22654200448},{"Length":13.52384,"Height":4.88306,"Demand":1.0,"DemandMax":null,"Value":66.0377221504},{"Length":6.116715,"Height":10.78797,"Demand":1.0,"DemandMax":null,"Value":65.98693791855},{"Length":10.10776,"Height":6.507627,"Demand":1.0,"DemandMax":null,"Value":65.77753188552},{"Length":12.81338,"Height":5.129269,"Demand":1.0,"DemandMax":null,"Value":65.72327281922},{"Length":11.08021,"Height":5.902995,"Demand":1.0,"DemandMax":null,"Value":65.406424228949987},{"Length":10.43435,"Height":6.255683,"Demand":1.0,"DemandMax":null,"Value":65.27398591105},{"Length":10.27649,"Height":6.335947,"Demand":1.0,"DemandMax":null,"Value":65.11129598603},{"Length":6.593631,"Height":9.653905,"Demand":1.0,"DemandMax":null,"Value":63.654287279055005},{"Length":13.04691,"Height":4.82671,"Demand":1.0,"DemandMax":null,"Value":62.9736509661},{"Length":13.04691,"Height":4.783605,"Demand":1.0,"DemandMax":null,"Value":62.41126391055},{"Length":5.954329,"Height":10.34921,"Demand":1.0,"DemandMax":null,"Value":61.62260123009},{"Length":9.569339,"Height":6.395401,"Demand":1.0,"DemandMax":null,"Value":61.199760209938994},{"Length":6.395339,"Height":9.465666,"Demand":1.0,"DemandMax":null,"Value":60.536142930774005},{"Length":7.821991,"Height":7.667063,"Demand":1.0,"DemandMax":null,"Value":59.971697782433},{"Length":12.81338,"Height":4.650813,"Demand":1.0,"DemandMax":null,"Value":59.592634277940007},{"Length":6.601304,"Height":9.027369,"Demand":1.0,"DemandMax":null,"Value":59.592407089176},{"Length":14.41795,"Height":4.093224,"Demand":1.0,"DemandMax":null,"Value":59.0158989708},{"Length":5.170168,"Height":11.30693,"Demand":1.0,"DemandMax":null,"Value":58.45872766424},{"Length":3.863437,"Height":15.13046,"Demand":1.0,"DemandMax":null,"Value":58.45557899102},{"Length":10.77345,"Height":5.373741,"Demand":1.0,"DemandMax":null,"Value":57.893729976450004},{"Length":5.446091,"Height":10.61603,"Demand":1.0,"DemandMax":null,"Value":57.81586543873},{"Length":5.981272,"Height":9.653575,"Demand":1.0,"DemandMax":null,"Value":57.740657847399994},{"Length":13.98871,"Height":4.117407,"Demand":1.0,"DemandMax":null,"Value":57.59721247497},{"Length":6.057779,"Height":9.465666,"Demand":1.0,"DemandMax":null,"Value":57.340912715814007},{"Length":13.96029,"Height":4.099518,"Demand":1.0,"DemandMax":null,"Value":57.230460140219996},{"Length":9.583847,"Height":5.920905,"Demand":1.0,"DemandMax":null,"Value":56.745047621535008},{"Length":5.493052,"Height":10.2502,"Demand":1.0,"DemandMax":null,"Value":56.304881610399995},{"Length":6.796723,"Height":8.250524,"Demand":1.0,"DemandMax":null,"Value":56.076526232852004},{"Length":6.790776,"Height":8.250524,"Demand":1.0,"DemandMax":null,"Value":56.027460366624005},{"Length":5.493052,"Height":10.04486,"Demand":1.0,"DemandMax":null,"Value":55.17693831272},{"Length":6.537632,"Height":8.419464,"Demand":1.0,"DemandMax":null,"Value":55.043357269248},{"Length":5.133644,"Height":10.64116,"Demand":1.0,"DemandMax":null,"Value":54.62792718704},{"Length":5.142108,"Height":10.61603,"Demand":1.0,"DemandMax":null,"Value":54.588772791240004},{"Length":5.128912,"Height":10.64116,"Demand":1.0,"DemandMax":null,"Value":54.577573217919991},{"Length":4.937588,"Height":10.88201,"Demand":1.0,"DemandMax":null,"Value":53.73088199188},{"Length":9.577426,"Height":5.540304,"Demand":1.0,"DemandMax":null,"Value":53.061851577504},{"Length":6.781284,"Height":7.817107,"Demand":1.0,"DemandMax":null,"Value":53.010022625388004},{"Length":10.41259,"Height":5.072177,"Demand":1.0,"DemandMax":null,"Value":52.814499508429996},{"Length":6.781284,"Height":7.779335,"Demand":1.0,"DemandMax":null,"Value":52.75387996614},{"Length":13.04691,"Height":4.026345,"Demand":1.0,"DemandMax":null,"Value":52.531360843950004},{"Length":7.817131,"Height":6.638092,"Demand":1.0,"DemandMax":null,"Value":51.890834754052},{"Length":9.874168,"Height":5.232592,"Demand":1.0,"DemandMax":null,"Value":51.667492483456},{"Length":10.6618,"Height":4.827219,"Demand":1.0,"DemandMax":null,"Value":51.4668435342},{"Length":13.98871,"Height":3.636867,"Demand":1.0,"DemandMax":null,"Value":50.87507777157},{"Length":10.21082,"Height":4.975991,"Demand":1.0,"DemandMax":null,"Value":50.80894842262},{"Length":4.410961,"Height":11.253,"Demand":1.0,"DemandMax":null,"Value":49.636544133},{"Length":4.971503,"Height":9.80486,"Demand":1.0,"DemandMax":null,"Value":48.744890904580004},{"Length":9.874168,"Height":4.908368,"Demand":1.0,"DemandMax":null,"Value":48.466050237824},{"Length":4.399024,"Height":10.84385,"Demand":1.0,"DemandMax":null,"Value":47.7023564024},{"Length":4.959186,"Height":9.464178,"Demand":1.0,"DemandMax":null,"Value":46.934619039108},{"Length":13.04691,"Height":3.582658,"Demand":1.0,"DemandMax":null,"Value":46.74261648678},{"Length":10.31063,"Height":4.518572,"Demand":1.0,"DemandMax":null,"Value":46.589324020359996},{"Length":4.890803,"Height":9.518572,"Demand":1.0,"DemandMax":null,"Value":46.553460493316},{"Length":4.971503,"Height":9.306998,"Demand":1.0,"DemandMax":null,"Value":46.269768477994006},{"Length":7.060292,"Height":6.374114,"Demand":1.0,"DemandMax":null,"Value":45.003106081287996},{"Length":5.155118,"Height":8.506278,"Demand":1.0,"DemandMax":null,"Value":43.850866830804},{"Length":6.600819,"Height":6.638092,"Demand":1.0,"DemandMax":null,"Value":43.816843797348007},{"Length":6.856348,"Height":6.374114,"Demand":1.0,"DemandMax":null,"Value":43.703143775672},{"Length":8.044186,"Height":5.410251,"Demand":1.0,"DemandMax":null,"Value":43.521065350685994},{"Length":10.6618,"Height":4.074502,"Demand":1.0,"DemandMax":null,"Value":43.4415254236},{"Length":3.989869,"Height":10.84385,"Demand":1.0,"DemandMax":null,"Value":43.26554095565},{"Length":8.044186,"Height":5.377717,"Demand":1.0,"DemandMax":null,"Value":43.259355803362},{"Length":5.823524,"Height":7.345178,"Demand":1.0,"DemandMax":null,"Value":42.774820367272},{"Length":8.151244,"Height":5.199686,"Demand":1.0,"DemandMax":null,"Value":42.383909309384},{"Length":4.937588,"Height":8.567633,"Demand":1.0,"DemandMax":null,"Value":42.303441889204},{"Length":4.952638,"Height":8.506278,"Demand":1.0,"DemandMax":null,"Value":42.128515661364005},{"Length":5.170168,"Height":8.142707,"Demand":1.0,"DemandMax":null,"Value":42.099163164776},{"Length":7.658387,"Height":5.458103,"Demand":1.0,"DemandMax":null,"Value":41.800265059861005},{"Length":4.081504,"Height":10.1507,"Demand":1.0,"DemandMax":null,"Value":41.4301226528},{"Length":7.658387,"Height":5.38575,"Demand":1.0,"DemandMax":null,"Value":41.24615778525},{"Length":3.622409,"Height":11.253,"Demand":1.0,"DemandMax":null,"Value":40.762968477},{"Length":4.970567,"Height":8.168735,"Demand":1.0,"DemandMax":null,"Value":40.603244622745},{"Length":6.588512,"Height":6.157058,"Demand":1.0,"DemandMax":null,"Value":40.565850517696},{"Length":4.902665,"Height":8.269333,"Demand":1.0,"DemandMax":null,"Value":40.541769472445},{"Length":4.260149,"Height":9.464178,"Demand":1.0,"DemandMax":null,"Value":40.318808442522005},{"Length":10.31063,"Height":3.900892,"Demand":1.0,"DemandMax":null,"Value":40.22065408196},{"Length":3.706338,"Height":10.84385,"Demand":1.0,"DemandMax":null,"Value":40.1909733213},{"Length":11.08021,"Height":3.615577,"Demand":1.0,"DemandMax":null,"Value":40.06135243117},{"Length":6.115299,"Height":6.522656,"Demand":1.0,"DemandMax":null,"Value":39.887991714144},{"Length":7.960738,"Height":4.975991,"Demand":1.0,"DemandMax":null,"Value":39.612560641357994},{"Length":10.41259,"Height":3.799912,"Demand":1.0,"DemandMax":null,"Value":39.56692569208},{"Length":8.151928,"Height":4.844116,"Demand":1.0,"DemandMax":null,"Value":39.488884855647996},{"Length":6.824021,"Height":5.76911,"Demand":1.0,"DemandMax":null,"Value":39.36852779131},{"Length":3.699434,"Height":10.61423,"Demand":1.0,"DemandMax":null,"Value":39.26664334582},{"Length":9.560538,"Height":4.103441,"Demand":1.0,"DemandMax":null,"Value":39.231103611258},{"Length":8.151928,"Height":4.809789,"Demand":1.0,"DemandMax":null,"Value":39.209053623192},{"Length":6.791166,"Height":5.76911,"Demand":1.0,"DemandMax":null,"Value":39.178983682260004},{"Length":10.41259,"Height":3.757647,"Demand":1.0,"DemandMax":null,"Value":39.12683757573},{"Length":7.90674,"Height":4.94702,"Demand":1.0,"DemandMax":null,"Value":39.1148009148},{"Length":7.90674,"Height":4.944701,"Demand":1.0,"DemandMax":null,"Value":39.096465184740005},{"Length":9.796186,"Height":3.970513,"Demand":1.0,"DemandMax":null,"Value":38.895883863418},{"Length":9.796186,"Height":3.960609,"Demand":1.0,"DemandMax":null,"Value":38.798862437274},{"Length":10.77345,"Height":3.579502,"Demand":1.0,"DemandMax":null,"Value":38.563585821900006},{"Length":6.321784,"Height":5.9589,"Demand":1.0,"DemandMax":null,"Value":37.6708786776},{"Length":8.755186,"Height":4.276419,"Demand":1.0,"DemandMax":null,"Value":37.440843758934},{"Length":3.621598,"Height":10.1507,"Demand":1.0,"DemandMax":null,"Value":36.761754818600004},{"Length":5.823524,"Height":6.273971,"Demand":1.0,"DemandMax":null,"Value":36.536620693804004},{"Length":8.734851,"Height":4.115149,"Demand":1.0,"DemandMax":null,"Value":35.945213357799},{"Length":6.441623,"Height":5.500309,"Demand":1.0,"DemandMax":null,"Value":35.430916961506995},{"Length":5.645404,"Height":6.128122,"Demand":1.0,"DemandMax":null,"Value":34.595724451288},{"Length":10.10776,"Height":3.358972,"Demand":1.0,"DemandMax":null,"Value":33.95168282272},{"Length":7.509658,"Height":4.444216,"Demand":1.0,"DemandMax":null,"Value":33.374542238128},{"Length":6.441623,"Height":5.113922,"Demand":1.0,"DemandMax":null,"Value":32.941957575406},{"Length":8.734851,"Height":3.723417,"Demand":1.0,"DemandMax":null,"Value":32.523492705867},{"Length":5.413744,"Height":5.920905,"Demand":1.0,"DemandMax":null,"Value":32.054263918320004},{"Length":10.77345,"Height":2.95791,"Demand":1.0,"DemandMax":null,"Value":31.866895489500003},{"Length":5.712358,"Height":5.573658,"Demand":1.0,"DemandMax":null,"Value":31.838729865564},{"Length":2.974837,"Height":10.61423,"Demand":1.0,"DemandMax":null,"Value":31.575604130509998},{"Length":2.967375,"Height":10.61423,"Demand":1.0,"DemandMax":null,"Value":31.49640074625},{"Length":4.902665,"Height":6.386669,"Demand":1.0,"DemandMax":null,"Value":31.311698572885},{"Length":3.265255,"Height":9.465666,"Demand":1.0,"DemandMax":null,"Value":30.90781323483},{"Length":6.33471,"Height":4.867034,"Demand":1.0,"DemandMax":null,"Value":30.831248950140004},{"Length":7.210619,"Height":4.232563,"Demand":1.0,"DemandMax":null,"Value":30.519399186497},{"Length":2.789416,"Height":10.84385,"Demand":1.0,"DemandMax":null,"Value":30.2480086916},{"Length":3.693333,"Height":8.010478,"Demand":1.0,"DemandMax":null,"Value":29.585362743174002},{"Length":7.210619,"Height":4.090437,"Demand":1.0,"DemandMax":null,"Value":29.494582750503},{"Length":6.33471,"Height":4.651537,"Demand":1.0,"DemandMax":null,"Value":29.466137949270003},{"Length":6.588512,"Height":4.457172,"Demand":1.0,"DemandMax":null,"Value":29.366131208063997},{"Length":5.981272,"Height":4.847353,"Demand":1.0,"DemandMax":null,"Value":28.993336773015997},{"Length":4.560243,"Height":6.335947,"Demand":1.0,"DemandMax":null,"Value":28.893457955120997},{"Length":5.712358,"Height":5.042373,"Demand":1.0,"DemandMax":null,"Value":28.803839745534003},{"Length":4.524806,"Height":6.335947,"Demand":1.0,"DemandMax":null,"Value":28.668931001282},{"Length":5.560776,"Height":5.125261,"Demand":1.0,"DemandMax":null,"Value":28.500428362536},{"Length":10.05304,"Height":2.785212,"Demand":1.0,"DemandMax":null,"Value":27.99984764448},{"Length":3.47429,"Height":8.010478,"Demand":1.0,"DemandMax":null,"Value":27.83072361062},{"Length":10.05304,"Height":2.755092,"Demand":1.0,"DemandMax":null,"Value":27.697050079679997},{"Length":2.925221,"Height":9.465666,"Demand":1.0,"DemandMax":null,"Value":27.689164962186002},{"Length":4.632879,"Height":5.920905,"Demand":1.0,"DemandMax":null,"Value":27.430836435495003},{"Length":5.981272,"Height":4.311672,"Demand":1.0,"DemandMax":null,"Value":25.789283006783997},{"Length":3.932047,"Height":6.522656,"Demand":1.0,"DemandMax":null,"Value":25.647389956831997},{"Length":6.781284,"Height":3.748295,"Demand":1.0,"DemandMax":null,"Value":25.41825291078},{"Length":5.537251,"Height":4.444216,"Demand":1.0,"DemandMax":null,"Value":24.608739490216003},{"Length":4.090802,"Height":5.9589,"Demand":1.0,"DemandMax":null,"Value":24.3766800378},{"Length":5.662763,"Height":4.276419,"Demand":1.0,"DemandMax":null,"Value":24.216347285696997},{"Length":4.809557,"Height":5.024263,"Demand":1.0,"DemandMax":null,"Value":24.164479281491},{"Length":3.923935,"Height":6.128122,"Demand":1.0,"DemandMax":null,"Value":24.046352400070003},{"Length":4.838624,"Height":4.925813,"Demand":1.0,"DemandMax":null,"Value":23.834157001312},{"Length":3.567841,"Height":6.522656,"Demand":1.0,"DemandMax":null,"Value":23.271799505696},{"Length":4.721914,"Height":4.925813,"Demand":1.0,"DemandMax":null,"Value":23.259265366081998},{"Length":2.519257,"Height":9.181634,"Demand":1.0,"DemandMax":null,"Value":23.130895725938004},{"Length":4.414421,"Height":5.199686,"Demand":1.0,"DemandMax":null,"Value":22.953603071806},{"Length":4.809557,"Height":4.693804,"Demand":1.0,"DemandMax":null,"Value":22.575117884828},{"Length":2.45131,"Height":9.181634,"Demand":1.0,"DemandMax":null,"Value":22.50703124054},{"Length":4.697304,"Height":4.781638,"Demand":1.0,"DemandMax":null,"Value":22.460807303952},{"Length":6.264114,"Height":3.579882,"Demand":1.0,"DemandMax":null,"Value":22.424788954548},{"Length":4.713329,"Height":4.75405,"Demand":1.0,"DemandMax":null,"Value":22.40740173245},{"Length":4.282592,"Height":5.199686,"Demand":1.0,"DemandMax":null,"Value":22.268133666112},{"Length":4.697304,"Height":4.68254,"Demand":1.0,"DemandMax":null,"Value":21.99531387216},{"Length":6.781284,"Height":3.232613,"Demand":1.0,"DemandMax":null,"Value":21.921266815092004},{"Length":2.405159,"Height":9.094532,"Demand":1.0,"DemandMax":null,"Value":21.873795490587998},{"Length":2.404398,"Height":9.094532,"Demand":1.0,"DemandMax":null,"Value":21.866874551735997},{"Length":4.902665,"Height":4.455857,"Demand":1.0,"DemandMax":null,"Value":21.845574158905},{"Length":5.439116,"Height":3.927138,"Demand":1.0,"DemandMax":null,"Value":21.360159130008},{"Length":5.334331,"Height":3.927138,"Demand":1.0,"DemandMax":null,"Value":20.948653974678}]}