{"Name":"Path19_100","Objects":[{"Length":100.0,"Height":100.0,"Stock":null,"Cost":10000.0}],"Items":[{"Length":100.0,"Height":21.86422,"Demand":1.0,"DemandMax":null,"Value":2186.422},{"Length":55.52198,"Height":25.906,"Demand":1.0,"DemandMax":null,"Value":1438.3524138799999},{"Length":65.15479,"Height":11.73456,"Demand":1.0,"DemandMax":null,"Value":764.56279254240008},{"Length":64.9648,"Height":8.857054,"Demand":1.0,"DemandMax":null,"Value":575.3967416992},{"Length":68.93257,"Height":4.534145,"Demand":1.0,"DemandMax":null,"Value":312.55026760264997},{"Length":57.54601,"Height":4.97765,"Demand":1.0,"DemandMax":null,"Value":286.4438966765},{"Length":13.10302,"Height":20.1173,"Demand":1.0,"DemandMax":null,"Value":263.597384246},{"Length":54.13004,"Height":3.240554,"Demand":1.0,"DemandMax":null,"Value":175.41131764216},{"Length":54.13004,"Height":3.189475,"Demand":1.0,"DemandMax":null,"Value":172.646409329},{"Length":14.36366,"Height":9.738087,"Demand":1.0,"DemandMax":null,"Value":139.87457071842},{"Length":100.0,"Height":1.385181,"Demand":1.0,"DemandMax":null,"Value":138.5181},{"Length":16.72609,"Height":8.034303,"Demand":1.0,"DemandMax":null,"Value":134.38247506526997},{"Length":12.13639,"Height":10.4064,"Demand":1.0,"DemandMax":null,"Value":126.296128896},{"Length":5.405229,"Height":19.21282,"Demand":1.0,"DemandMax":null,"Value":103.84969183578},{"Length":41.76989,"Height":2.263246,"Demand":1.0,"DemandMax":null,"Value":94.53553646294},{"Length":4.334331,"Height":20.1173,"Demand":1.0,"DemandMax":null,"Value":87.1950370263},{"Length":61.61447,"Height":1.312624,"Demand":1.0,"DemandMax":null,"Value":80.876632069279992},{"Length":35.85042,"Height":1.869815,"Demand":1.0,"DemandMax":null,"Value":67.0336530723},{"Length":5.701351,"Height":11.73456,"Demand":1.0,"DemandMax":null,"Value":66.90284539056},{"Length":5.405229,"Height":11.31088,"Demand":1.0,"DemandMax":null,"Value":61.13789659152},{"Length":3.914628,"Height":14.66075,"Demand":1.0,"DemandMax":null,"Value":57.391382451},{"Length":36.42219,"Height":1.474758,"Demand":1.0,"DemandMax":null,"Value":53.71391608002},{"Length":54.13004,"Height":0.9849802,"Demand":1.0,"DemandMax":null,"Value":53.317017625208},{"Length":3.319766,"Height":15.88047,"Demand":1.0,"DemandMax":null,"Value":52.71944437002},{"Length":20.42182,"Height":2.496877,"Demand":1.0,"DemandMax":null,"Value":50.99077265614},{"Length":61.61447,"Height":0.7684537,"Demand":1.0,"DemandMax":null,"Value":47.347867445039},{"Length":8.713202,"Height":5.304896,"Demand":1.0,"DemandMax":null,"Value":46.222630436992006},{"Length":63.57781,"Height":0.7181856,"Demand":1.0,"DemandMax":null,"Value":45.660667621536},{"Length":8.713202,"Height":5.101507,"Demand":1.0,"DemandMax":null,"Value":44.450460995414005},{"Length":6.737268,"Height":6.570738,"Demand":1.0,"DemandMax":null,"Value":44.268822863784},{"Length":35.0352,"Height":1.246935,"Demand":1.0,"DemandMax":null,"Value":43.686617112},{"Length":5.308382,"Height":8.111152,"Demand":1.0,"DemandMax":null,"Value":43.057093276064},{"Length":4.79059,"Height":8.910316,"Demand":1.0,"DemandMax":null,"Value":42.68567072644},{"Length":2.647431,"Height":15.88047,"Demand":1.0,"DemandMax":null,"Value":42.04244857257},{"Length":28.83006,"Height":1.435789,"Demand":1.0,"DemandMax":null,"Value":41.39388301734},{"Length":2.055845,"Height":20.1173,"Demand":1.0,"DemandMax":null,"Value":41.3580506185},{"Length":28.71594,"Height":1.435789,"Demand":1.0,"DemandMax":null,"Value":41.23003077666},{"Length":61.61447,"Height":0.6668085,"Demand":1.0,"DemandMax":null,"Value":41.085052318995},{"Length":5.967197,"Height":6.814703,"Demand":1.0,"DemandMax":null,"Value":40.664675297490994},{"Length":2.043686,"Height":19.76886,"Demand":1.0,"DemandMax":null,"Value":40.40134241796},{"Length":34.07039,"Height":1.175093,"Demand":1.0,"DemandMax":null,"Value":40.03587679627},{"Length":2.730521,"Height":14.66075,"Demand":1.0,"DemandMax":null,"Value":40.03148575075},{"Length":8.746506,"Height":4.534145,"Demand":1.0,"DemandMax":null,"Value":39.657926447369995},{"Length":20.45503,"Height":1.919621,"Demand":1.0,"DemandMax":null,"Value":39.26590514363},{"Length":36.42219,"Height":1.068994,"Demand":1.0,"DemandMax":null,"Value":38.935102576860004},{"Length":8.565005,"Height":4.545071,"Demand":1.0,"DemandMax":null,"Value":38.928555840354996},{"Length":1.237106,"Height":30.5237,"Demand":1.0,"DemandMax":null,"Value":37.7610524122},{"Length":1.18437,"Height":30.5237,"Demand":1.0,"DemandMax":null,"Value":36.151354569},{"Length":18.97925,"Height":1.881192,"Demand":1.0,"DemandMax":null,"Value":35.703613266},{"Length":5.433517,"Height":6.570738,"Demand":1.0,"DemandMax":null,"Value":35.702216625546},{"Length":14.09678,"Height":2.496877,"Demand":1.0,"DemandMax":null,"Value":35.19792575606},{"Length":12.41611,"Height":2.824603,"Demand":1.0,"DemandMax":null,"Value":35.070581554330005},{"Length":2.599208,"Height":13.43317,"Demand":1.0,"DemandMax":null,"Value":34.91560292936},{"Length":35.0352,"Height":0.9925283,"Demand":1.0,"DemandMax":null,"Value":34.773427496160004},{"Length":29.50742,"Height":1.175093,"Demand":1.0,"DemandMax":null,"Value":34.67396269006},{"Length":6.645149,"Height":5.108112,"Demand":1.0,"DemandMax":null,"Value":33.944165348688},{"Length":54.13004,"Height":0.6192934,"Demand":1.0,"DemandMax":null,"Value":33.522376513736},{"Length":8.013318,"Height":4.172377,"Demand":1.0,"DemandMax":null,"Value":33.434583716886},{"Length":2.599208,"Height":12.47283,"Demand":1.0,"DemandMax":null,"Value":32.41947951864},{"Length":3.269751,"Height":9.738087,"Demand":1.0,"DemandMax":null,"Value":31.841119706337},{"Length":6.694034,"Height":4.713171,"Demand":1.0,"DemandMax":null,"Value":31.550126921814},{"Length":36.42219,"Height":0.8602513,"Demand":1.0,"DemandMax":null,"Value":31.332236296347002},{"Length":1.205832,"Height":25.906,"Demand":1.0,"DemandMax":null,"Value":31.238283792},{"Length":35.0352,"Height":0.8805563,"Demand":1.0,"DemandMax":null,"Value":30.85046608176},{"Length":5.060639,"Height":6.085712,"Demand":1.0,"DemandMax":null,"Value":30.797591489968},{"Length":8.565005,"Height":3.566081,"Demand":1.0,"DemandMax":null,"Value":30.543501595404997},{"Length":35.0352,"Height":0.8659051,"Demand":1.0,"DemandMax":null,"Value":30.337158359520004},{"Length":16.05595,"Height":1.881192,"Demand":1.0,"DemandMax":null,"Value":30.204324692399997},{"Length":6.38248,"Height":4.720836,"Demand":1.0,"DemandMax":null,"Value":30.13064135328},{"Length":23.02741,"Height":1.30254,"Demand":1.0,"DemandMax":null,"Value":29.9941226214},{"Length":6.589765,"Height":4.534145,"Demand":1.0,"DemandMax":null,"Value":29.878950025924997},{"Length":1.151646,"Height":25.906,"Demand":1.0,"DemandMax":null,"Value":29.834541275999996},{"Length":1.13581,"Height":25.906,"Demand":1.0,"DemandMax":null,"Value":29.42429386},{"Length":1.695914,"Height":17.28249,"Demand":1.0,"DemandMax":null,"Value":29.309616745859998},{"Length":8.013318,"Height":3.656144,"Demand":1.0,"DemandMax":null,"Value":29.297844525791998},{"Length":3.565048,"Height":8.111152,"Demand":1.0,"DemandMax":null,"Value":28.916646215296},{"Length":12.17078,"Height":2.339578,"Demand":1.0,"DemandMax":null,"Value":28.474489130840002},{"Length":6.694034,"Height":4.197145,"Demand":1.0,"DemandMax":null,"Value":28.09583133293},{"Length":35.0352,"Height":0.794349,"Demand":1.0,"DemandMax":null,"Value":27.8301760848},{"Length":35.0352,"Height":0.7906461,"Demand":1.0,"DemandMax":null,"Value":27.700444242720003},{"Length":23.02741,"Height":1.194337,"Demand":1.0,"DemandMax":null,"Value":27.50248777717},{"Length":2.821619,"Height":9.738087,"Demand":1.0,"DemandMax":null,"Value":27.477171302853},{"Length":36.42219,"Height":0.7525207,"Demand":1.0,"DemandMax":null,"Value":27.408451914333003},{"Length":1.356402,"Height":20.1173,"Demand":1.0,"DemandMax":null,"Value":27.287145954600003},{"Length":6.38248,"Height":4.18948,"Demand":1.0,"DemandMax":null,"Value":26.739272310399997},{"Length":8.552994,"Height":3.060112,"Demand":1.0,"DemandMax":null,"Value":26.173119575328002},{"Length":18.2236,"Height":1.404942,"Demand":1.0,"DemandMax":null,"Value":25.6031010312},{"Length":13.65214,"Height":1.869815,"Demand":1.0,"DemandMax":null,"Value":25.526976154099998},{"Length":11.24725,"Height":2.263246,"Demand":1.0,"DemandMax":null,"Value":25.4552935735},{"Length":3.016597,"Height":8.111152,"Demand":1.0,"DemandMax":null,"Value":24.468076789744},{"Length":2.04612,"Height":11.83053,"Demand":1.0,"DemandMax":null,"Value":24.2066840436},{"Length":10.56067,"Height":2.263246,"Demand":1.0,"DemandMax":null,"Value":23.901394134820002},{"Length":16.8116,"Height":1.404942,"Demand":1.0,"DemandMax":null,"Value":23.619322927199995},{"Length":15.73116,"Height":1.474033,"Demand":1.0,"DemandMax":null,"Value":23.188248968279996},{"Length":12.11191,"Height":1.869815,"Demand":1.0,"DemandMax":null,"Value":22.64703099665},{"Length":1.695914,"Height":13.2412,"Demand":1.0,"DemandMax":null,"Value":22.455936456799996},{"Length":3.681649,"Height":6.085712,"Demand":1.0,"DemandMax":null,"Value":22.405455499088003},{"Length":3.673819,"Height":6.085712,"Demand":1.0,"DemandMax":null,"Value":22.357804374128},{"Length":2.04612,"Height":10.86464,"Demand":1.0,"DemandMax":null,"Value":22.2303571968},{"Length":7.178163,"Height":3.060112,"Demand":1.0,"DemandMax":null,"Value":21.965982734256}]}