{"Name":"Path4_500","Objects":[{"Length":100.0,"Height":100.0,"Stock":null,"Cost":10000.0}],"Items":[{"Length":17.55681,"Height":31.87901,"Demand":1.0,"DemandMax":null,"Value":559.69372155809992},{"Length":27.03406,"Height":20.52183,"Demand":1.0,"DemandMax":null,"Value":554.78838352980006},{"Length":31.95786,"Height":8.659718,"Demand":1.0,"DemandMax":null,"Value":276.74605548348},{"Length":11.27123,"Height":19.893,"Demand":1.0,"DemandMax":null,"Value":224.21857839},{"Length":84.82965,"Height":2.323795,"Demand":1.0,"DemandMax":null,"Value":197.12671652175},{"Length":20.51987,"Height":9.584408,"Demand":1.0,"DemandMax":null,"Value":196.67080618696},{"Length":55.18922,"Height":3.547182,"Demand":1.0,"DemandMax":null,"Value":195.76620777803998},{"Length":9.760767,"Height":17.59864,"Demand":1.0,"DemandMax":null,"Value":171.77622455687998},{"Length":41.11858,"Height":3.971566,"Demand":1.0,"DemandMax":null,"Value":163.30515429628002},{"Length":59.12058,"Height":2.630592,"Demand":1.0,"DemandMax":null,"Value":155.52212478336},{"Length":9.23367,"Height":15.30542,"Demand":1.0,"DemandMax":null,"Value":141.3251974914},{"Length":31.09934,"Height":3.971566,"Demand":1.0,"DemandMax":null,"Value":123.51308136644},{"Length":5.70179,"Height":20.52183,"Demand":1.0,"DemandMax":null,"Value":117.0111650757},{"Length":48.48455,"Height":2.254979,"Demand":1.0,"DemandMax":null,"Value":109.33164207445},{"Length":24.9467,"Height":4.360635,"Demand":1.0,"DemandMax":null,"Value":108.78345315450001},{"Length":25.19345,"Height":4.279446,"Demand":1.0,"DemandMax":null,"Value":107.8140088287},{"Length":6.565405,"Height":15.61804,"Demand":1.0,"DemandMax":null,"Value":102.5387579062},{"Length":48.48455,"Height":2.037276,"Demand":1.0,"DemandMax":null,"Value":98.7764100858},{"Length":26.86069,"Height":3.547182,"Demand":1.0,"DemandMax":null,"Value":95.27975607558},{"Length":82.04992,"Height":1.150171,"Demand":1.0,"DemandMax":null,"Value":94.37143853632},{"Length":11.22307,"Height":8.325188,"Demand":1.0,"DemandMax":null,"Value":93.434167687160013},{"Length":10.44039,"Height":8.659718,"Demand":1.0,"DemandMax":null,"Value":90.41083321002},{"Length":33.23426,"Height":2.408551,"Demand":1.0,"DemandMax":null,"Value":80.04641015726},{"Length":5.681275,"Height":13.92611,"Demand":1.0,"DemandMax":null,"Value":79.11806059025},{"Length":74.76779,"Height":1.010601,"Demand":1.0,"DemandMax":null,"Value":75.56040334179},{"Length":5.733404,"Height":12.89261,"Demand":1.0,"DemandMax":null,"Value":73.91854174444},{"Length":15.74712,"Height":4.499285,"Demand":1.0,"DemandMax":null,"Value":70.8507808092},{"Length":4.889308,"Height":14.47485,"Demand":1.0,"DemandMax":null,"Value":70.7719999038},{"Length":3.915156,"Height":16.66126,"Demand":1.0,"DemandMax":null,"Value":65.23143205656},{"Length":33.23426,"Height":1.952084,"Demand":1.0,"DemandMax":null,"Value":64.87606719784},{"Length":5.027838,"Height":12.89261,"Demand":1.0,"DemandMax":null,"Value":64.82195447718},{"Length":15.40671,"Height":4.127392,"Demand":1.0,"DemandMax":null,"Value":63.589531600320008},{"Length":18.9498,"Height":3.351344,"Demand":1.0,"DemandMax":null,"Value":63.5072985312},{"Length":25.05421,"Height":2.410484,"Demand":1.0,"DemandMax":null,"Value":60.39277233764},{"Length":5.681275,"Height":10.10431,"Demand":1.0,"DemandMax":null,"Value":57.405363795250004},{"Length":10.76124,"Height":5.161317,"Demand":1.0,"DemandMax":null,"Value":55.54217095308001},{"Length":12.72215,"Height":4.127392,"Demand":1.0,"DemandMax":null,"Value":52.5093001328},{"Length":46.63354,"Height":1.083832,"Demand":1.0,"DemandMax":null,"Value":50.54292292528},{"Length":55.81778,"Height":0.8839146,"Demand":1.0,"DemandMax":null,"Value":49.338150681588},{"Length":4.533597,"Height":10.68815,"Demand":1.0,"DemandMax":null,"Value":48.45576477555},{"Length":16.05873,"Height":2.974184,"Demand":1.0,"DemandMax":null,"Value":47.761617826320006},{"Length":10.10291,"Height":4.319231,"Demand":1.0,"DemandMax":null,"Value":43.63680206221},{"Length":2.18803,"Height":19.893,"Demand":1.0,"DemandMax":null,"Value":43.52648079},{"Length":13.63693,"Height":3.119454,"Demand":1.0,"DemandMax":null,"Value":42.53977583622},{"Length":1.480762,"Height":26.44285,"Demand":1.0,"DemandMax":null,"Value":39.155567451699994},{"Length":30.20497,"Height":1.286591,"Demand":1.0,"DemandMax":null,"Value":38.86144255727},{"Length":8.558407,"Height":4.360635,"Demand":1.0,"DemandMax":null,"Value":37.320089108445},{"Length":48.48455,"Height":0.7279445,"Demand":1.0,"DemandMax":null,"Value":35.294061507475},{"Length":1.722197,"Height":19.9915,"Demand":1.0,"DemandMax":null,"Value":34.4293013255},{"Length":3.075775,"Height":10.68815,"Demand":1.0,"DemandMax":null,"Value":32.87434456625},{"Length":20.51987,"Height":1.564904,"Demand":1.0,"DemandMax":null,"Value":32.111626642480005},{"Length":2.05183,"Height":15.38082,"Demand":1.0,"DemandMax":null,"Value":31.558827900599997},{"Length":1.524517,"Height":19.893,"Demand":1.0,"DemandMax":null,"Value":30.327216681},{"Length":3.938166,"Height":7.393405,"Demand":1.0,"DemandMax":null,"Value":29.116456195229997},{"Length":17.95237,"Height":1.616997,"Demand":1.0,"DemandMax":null,"Value":29.028928432889998},{"Length":43.20761,"Height":0.6452622,"Demand":1.0,"DemandMax":null,"Value":27.880237485342},{"Length":6.901459,"Height":3.971566,"Demand":1.0,"DemandMax":null,"Value":27.409599914794},{"Length":2.521152,"Height":10.52022,"Demand":1.0,"DemandMax":null,"Value":26.523073693439997},{"Length":6.12828,"Height":4.2481,"Demand":1.0,"DemandMax":null,"Value":26.033546268000002},{"Length":7.46486,"Height":3.456181,"Demand":1.0,"DemandMax":null,"Value":25.79990729966},{"Length":5.925872,"Height":4.2481,"Demand":1.0,"DemandMax":null,"Value":25.1736968432},{"Length":8.037027,"Height":3.119454,"Demand":1.0,"DemandMax":null,"Value":25.071136023258003},{"Length":12.04677,"Height":2.080238,"Demand":1.0,"DemandMax":null,"Value":25.06014873126},{"Length":2.632493,"Height":9.434691,"Demand":1.0,"DemandMax":null,"Value":24.836758014663005},{"Length":33.14415,"Height":0.7467136,"Demand":1.0,"DemandMax":null,"Value":24.749187565440003},{"Length":21.67395,"Height":1.128646,"Demand":1.0,"DemandMax":null,"Value":24.462216971700002},{"Length":2.541988,"Height":9.60914,"Demand":1.0,"DemandMax":null,"Value":24.42631857032},{"Length":5.032173,"Height":4.776309,"Demand":1.0,"DemandMax":null,"Value":24.035213189457004},{"Length":9.081933,"Height":2.630592,"Demand":1.0,"DemandMax":null,"Value":23.890860294335997},{"Length":43.48311,"Height":0.5398777,"Demand":1.0,"DemandMax":null,"Value":23.475561415647004},{"Length":8.702719,"Height":2.630592,"Demand":1.0,"DemandMax":null,"Value":22.893302979648002},{"Length":21.06361,"Height":1.083832,"Demand":1.0,"DemandMax":null,"Value":22.82941455352},{"Length":4.740849,"Height":4.776309,"Demand":1.0,"DemandMax":null,"Value":22.643759746341},{"Length":2.806551,"Height":7.970746,"Demand":1.0,"DemandMax":null,"Value":22.370305157045998},{"Length":2.541988,"Height":8.758545,"Demand":1.0,"DemandMax":null,"Value":22.26411628746},{"Length":2.269871,"Height":9.06877,"Demand":1.0,"DemandMax":null,"Value":20.584938028670003},{"Length":2.291452,"Height":8.659718,"Demand":1.0,"DemandMax":null,"Value":19.843328130536},{"Length":1.522928,"Height":13.01795,"Demand":1.0,"DemandMax":null,"Value":19.825400557600002},{"Length":5.65162,"Height":3.464143,"Demand":1.0,"DemandMax":null,"Value":19.57801986166},{"Length":12.04677,"Height":1.623495,"Demand":1.0,"DemandMax":null,"Value":19.55787086115},{"Length":43.20761,"Height":0.4490456,"Demand":1.0,"DemandMax":null,"Value":19.402187157016},{"Length":2.354594,"Height":7.941258,"Demand":1.0,"DemandMax":null,"Value":18.698438439252},{"Length":9.629046,"Height":1.939517,"Demand":1.0,"DemandMax":null,"Value":18.675698410782},{"Length":1.687416,"Height":11.06203,"Demand":1.0,"DemandMax":null,"Value":18.66624641448},{"Length":3.475741,"Height":5.349513,"Demand":1.0,"DemandMax":null,"Value":18.593521664133},{"Length":2.806551,"Height":6.504101,"Demand":1.0,"DemandMax":null,"Value":18.254091165651},{"Length":2.633425,"Height":6.771242,"Demand":1.0,"DemandMax":null,"Value":17.83155796385},{"Length":6.772782,"Height":2.630592,"Demand":1.0,"DemandMax":null,"Value":17.816426146944},{"Length":17.07994,"Height":1.029253,"Demand":1.0,"DemandMax":null,"Value":17.57957948482},{"Length":17.20207,"Height":1.018255,"Demand":1.0,"DemandMax":null,"Value":17.516093787849996},{"Length":2.619694,"Height":6.671135,"Demand":1.0,"DemandMax":null,"Value":17.47633233269},{"Length":3.38492,"Height":5.01235,"Demand":1.0,"DemandMax":null,"Value":16.966403762},{"Length":19.48421,"Height":0.8666755,"Demand":1.0,"DemandMax":null,"Value":16.886487443855003},{"Length":32.60161,"Height":0.5167698,"Demand":1.0,"DemandMax":null,"Value":16.847527479377998},{"Length":1.454739,"Height":11.14931,"Demand":1.0,"DemandMax":null,"Value":16.21933608009},{"Length":2.632493,"Height":5.946128,"Demand":1.0,"DemandMax":null,"Value":15.653140337104},{"Length":1.570851,"Height":9.753254,"Demand":1.0,"DemandMax":null,"Value":15.320908799154001},{"Length":8.463895,"Height":1.750962,"Demand":1.0,"DemandMax":null,"Value":14.81995851699},{"Length":1.677056,"Height":8.659718,"Demand":1.0,"DemandMax":null,"Value":14.522832030208},{"Length":3.617391,"Height":3.971566,"Demand":1.0,"DemandMax":null,"Value":14.366707104306},{"Length":0.7670467,"Height":18.55864,"Demand":1.0,"DemandMax":null,"Value":14.235343568488},{"Length":17.60209,"Height":0.8017063,"Demand":1.0,"DemandMax":null,"Value":14.111706446167},{"Length":12.88471,"Height":1.094308,"Demand":1.0,"DemandMax":null,"Value":14.099841230680001},{"Length":17.20207,"Height":0.816696,"Demand":1.0,"DemandMax":null,"Value":14.04886176072},{"Length":7.714117,"Height":1.766631,"Demand":1.0,"DemandMax":null,"Value":13.627998229827},{"Length":15.16713,"Height":0.8861654,"Demand":1.0,"DemandMax":null,"Value":13.440585823302},{"Length":15.78226,"Height":0.8369433,"Demand":1.0,"DemandMax":null,"Value":13.208856765858},{"Length":1.010543,"Height":13.05469,"Demand":1.0,"DemandMax":null,"Value":13.19232559667},{"Length":12.02176,"Height":1.096349,"Demand":1.0,"DemandMax":null,"Value":13.18004455424},{"Length":1.222005,"Height":10.68815,"Demand":1.0,"DemandMax":null,"Value":13.06097274075},{"Length":25.23221,"Height":0.5169785,"Demand":1.0,"DemandMax":null,"Value":13.044510077484999},{"Length":11.84934,"Height":1.094308,"Demand":1.0,"DemandMax":null,"Value":12.96682755672},{"Length":4.916578,"Height":2.630592,"Demand":1.0,"DemandMax":null,"Value":12.933510754176002},{"Length":3.654922,"Height":3.508145,"Demand":1.0,"DemandMax":null,"Value":12.82199633969},{"Length":3.104696,"Height":4.124346,"Demand":1.0,"DemandMax":null,"Value":12.804840528816001},{"Length":1.150904,"Height":11.11856,"Demand":1.0,"DemandMax":null,"Value":12.79639517824},{"Length":5.953404,"Height":2.146476,"Demand":1.0,"DemandMax":null,"Value":12.778838804303998},{"Length":0.5009772,"Height":25.2497,"Demand":1.0,"DemandMax":null,"Value":12.64952400684},{"Length":7.536643,"Height":1.661717,"Demand":1.0,"DemandMax":null,"Value":12.523767796031},{"Length":21.97461,"Height":0.5680414,"Demand":1.0,"DemandMax":null,"Value":12.482488228853999},{"Length":11.234,"Height":1.102282,"Demand":1.0,"DemandMax":null,"Value":12.383035988},{"Length":1.766346,"Height":6.894225,"Demand":1.0,"DemandMax":null,"Value":12.177586751849999},{"Length":14.15029,"Height":0.8534825,"Demand":1.0,"DemandMax":null,"Value":12.077024884925},{"Length":4.911146,"Height":2.454047,"Demand":1.0,"DemandMax":null,"Value":12.052183107862},{"Length":12.38881,"Height":0.9713275,"Demand":1.0,"DemandMax":null,"Value":12.033591845275},{"Length":0.3987286,"Height":30.1789,"Demand":1.0,"DemandMax":null,"Value":12.033190546539998},{"Length":7.430902,"Height":1.597198,"Demand":1.0,"DemandMax":null,"Value":11.868621812595999},{"Length":4.545304,"Height":2.599428,"Demand":1.0,"DemandMax":null,"Value":11.815190486112},{"Length":28.75899,"Height":0.4107489,"Demand":1.0,"DemandMax":null,"Value":11.812723507610999},{"Length":1.197759,"Height":9.753254,"Demand":1.0,"DemandMax":null,"Value":11.682047757786},{"Length":23.96612,"Height":0.4843073,"Demand":1.0,"DemandMax":null,"Value":11.606966868676},{"Length":10.10291,"Height":1.145317,"Demand":1.0,"DemandMax":null,"Value":11.57103457247},{"Length":2.636157,"Height":4.360635,"Demand":1.0,"DemandMax":null,"Value":11.495318479695},{"Length":2.566703,"Height":4.444848,"Demand":1.0,"DemandMax":null,"Value":11.408604696144002},{"Length":7.714117,"Height":1.46711,"Demand":1.0,"DemandMax":null,"Value":11.31745819187},{"Length":5.304481,"Height":2.129687,"Demand":1.0,"DemandMax":null,"Value":11.296884227447},{"Length":19.40783,"Height":0.5811769,"Demand":1.0,"DemandMax":null,"Value":11.279382475127},{"Length":7.389632,"Height":1.523522,"Demand":1.0,"DemandMax":null,"Value":11.258266923904},{"Length":6.396536,"Height":1.759196,"Demand":1.0,"DemandMax":null,"Value":11.252760545056},{"Length":0.7090554,"Height":15.83258,"Demand":1.0,"DemandMax":null,"Value":11.226176344932},{"Length":2.420423,"Height":4.630614,"Demand":1.0,"DemandMax":null,"Value":11.208044629721998},{"Length":13.13083,"Height":0.8534825,"Demand":1.0,"DemandMax":null,"Value":11.206933615475},{"Length":0.4324724,"Height":25.90555,"Demand":1.0,"DemandMax":null,"Value":11.20343538182},{"Length":1.087543,"Height":10.27054,"Demand":1.0,"DemandMax":null,"Value":11.16965388322},{"Length":32.05834,"Height":0.3467793,"Demand":1.0,"DemandMax":null,"Value":11.117168704362001},{"Length":1.281594,"Height":8.659718,"Demand":1.0,"DemandMax":null,"Value":11.098242630491999},{"Length":0.9106014,"Height":12.06528,"Demand":1.0,"DemandMax":null,"Value":10.986660859392},{"Length":4.967521,"Height":2.205426,"Demand":1.0,"DemandMax":null,"Value":10.955499968946},{"Length":24.93967,"Height":0.4388042,"Demand":1.0,"DemandMax":null,"Value":10.943631942614},{"Length":22.80103,"Height":0.4779073,"Demand":1.0,"DemandMax":null,"Value":10.896778684519},{"Length":2.900333,"Height":3.756185,"Demand":1.0,"DemandMax":null,"Value":10.894187309604998},{"Length":21.97461,"Height":0.4946186,"Demand":1.0,"DemandMax":null,"Value":10.869050833746},{"Length":16.22213,"Height":0.6695375,"Demand":1.0,"DemandMax":null,"Value":10.861324364875},{"Length":1.762343,"Height":6.148978,"Demand":1.0,"DemandMax":null,"Value":10.836608335453999},{"Length":1.168541,"Height":9.269024,"Demand":1.0,"DemandMax":null,"Value":10.831234573984},{"Length":9.826483,"Height":1.101023,"Demand":1.0,"DemandMax":null,"Value":10.819183792109001},{"Length":8.463895,"Height":1.276867,"Demand":1.0,"DemandMax":null,"Value":10.807268216965001},{"Length":2.539417,"Height":4.2481,"Demand":1.0,"DemandMax":null,"Value":10.787697357699999},{"Length":1.296872,"Height":8.306902,"Demand":1.0,"DemandMax":null,"Value":10.772988610544},{"Length":1.022376,"Height":10.52022,"Demand":1.0,"DemandMax":null,"Value":10.75562044272},{"Length":2.248801,"Height":4.776309,"Demand":1.0,"DemandMax":null,"Value":10.740968455509},{"Length":10.69426,"Height":1.003904,"Demand":1.0,"DemandMax":null,"Value":10.736010391039999},{"Length":0.4137114,"Height":25.90555,"Demand":1.0,"DemandMax":null,"Value":10.71742135827},{"Length":2.588207,"Height":4.127392,"Demand":1.0,"DemandMax":null,"Value":10.682544866144001},{"Length":2.295331,"Height":4.642093,"Demand":1.0,"DemandMax":null,"Value":10.655139967783},{"Length":5.681275,"Height":1.875124,"Demand":1.0,"DemandMax":null,"Value":10.6530951031},{"Length":8.544025,"Height":1.24666,"Demand":1.0,"DemandMax":null,"Value":10.6514942065},{"Length":4.410119,"Height":2.410484,"Demand":1.0,"DemandMax":null,"Value":10.630521287595999},{"Length":15.78226,"Height":0.6729115,"Demand":1.0,"DemandMax":null,"Value":10.620064249990001},{"Length":2.498619,"Height":4.2481,"Demand":1.0,"DemandMax":null,"Value":10.6143833739},{"Length":2.900333,"Height":3.656955,"Demand":1.0,"DemandMax":null,"Value":10.606387266015},{"Length":12.22114,"Height":0.8666755,"Demand":1.0,"DemandMax":null,"Value":10.59176262007},{"Length":17.30372,"Height":0.6120412,"Demand":1.0,"DemandMax":null,"Value":10.590589553263998},{"Length":0.4003195,"Height":26.44285,"Demand":1.0,"DemandMax":null,"Value":10.585588490575},{"Length":4.402014,"Height":2.402869,"Demand":1.0,"DemandMax":null,"Value":10.577462978166},{"Length":1.455324,"Height":7.266165,"Demand":1.0,"DemandMax":null,"Value":10.574624312460001},{"Length":2.27587,"Height":4.642093,"Demand":1.0,"DemandMax":null,"Value":10.56480019591},{"Length":21.97461,"Height":0.4774962,"Demand":1.0,"DemandMax":null,"Value":10.492792771481998},{"Length":1.337865,"Height":7.839434,"Demand":1.0,"DemandMax":null,"Value":10.488104368410001},{"Length":6.864383,"Height":1.523522,"Demand":1.0,"DemandMax":null,"Value":10.458038516926},{"Length":0.9352254,"Height":11.13686,"Demand":1.0,"DemandMax":null,"Value":10.415474348244},{"Length":2.072043,"Height":5.002872,"Demand":1.0,"DemandMax":null,"Value":10.366165907495999},{"Length":1.240413,"Height":8.355457,"Demand":1.0,"DemandMax":null,"Value":10.364217483741},{"Length":11.22307,"Height":0.9222237,"Demand":1.0,"DemandMax":null,"Value":10.350181140759},{"Length":0.34277,"Height":30.1789,"Demand":1.0,"DemandMax":null,"Value":10.344421553},{"Length":3.104696,"Height":3.328247,"Demand":1.0,"DemandMax":null,"Value":10.333195147912},{"Length":12.38881,"Height":0.8315458,"Demand":1.0,"DemandMax":null,"Value":10.301862922498},{"Length":7.536643,"Height":1.365456,"Demand":1.0,"DemandMax":null,"Value":10.290954404208},{"Length":5.65162,"Height":1.81493,"Demand":1.0,"DemandMax":null,"Value":10.2572946866},{"Length":2.66394,"Height":3.833745,"Demand":1.0,"DemandMax":null,"Value":10.212866655300001},{"Length":10.10291,"Height":1.007139,"Demand":1.0,"DemandMax":null,"Value":10.17503467449},{"Length":25.19345,"Height":0.4035107,"Demand":1.0,"DemandMax":null,"Value":10.165826644914999},{"Length":3.024805,"Height":3.351344,"Demand":1.0,"DemandMax":null,"Value":10.13716208792},{"Length":2.182272,"Height":4.642093,"Demand":1.0,"DemandMax":null,"Value":10.130309575296002},{"Length":2.378182,"Height":4.2481,"Demand":1.0,"DemandMax":null,"Value":10.1027549542},{"Length":0.5878141,"Height":17.15984,"Demand":1.0,"DemandMax":null,"Value":10.086795905744},{"Length":2.291478,"Height":4.40183,"Demand":1.0,"DemandMax":null,"Value":10.086696604740002},{"Length":11.80214,"Height":0.8534825,"Demand":1.0,"DemandMax":null,"Value":10.07291995255},{"Length":4.272921,"Height":2.356784,"Demand":1.0,"DemandMax":null,"Value":10.070351846064002},{"Length":9.127748,"Height":1.101023,"Demand":1.0,"DemandMax":null,"Value":10.049860486204},{"Length":2.291478,"Height":4.367988,"Demand":1.0,"DemandMax":null,"Value":10.009148406264002},{"Length":9.121264,"Height":1.096349,"Demand":1.0,"DemandMax":null,"Value":10.000088665136},{"Length":2.347253,"Height":4.2481,"Demand":1.0,"DemandMax":null,"Value":9.9713654692999985},{"Length":0.7414985,"Height":13.33033,"Demand":1.0,"DemandMax":null,"Value":9.8844196995049991},{"Length":0.9352254,"Height":10.52484,"Demand":1.0,"DemandMax":null,"Value":9.8430976989359991},{"Length":11.34371,"Height":0.8666755,"Demand":1.0,"DemandMax":null,"Value":9.831315536105},{"Length":0.4939595,"Height":19.893,"Demand":1.0,"DemandMax":null,"Value":9.8263363335},{"Length":4.402014,"Height":2.227745,"Demand":1.0,"DemandMax":null,"Value":9.8065646784300018},{"Length":6.396536,"Height":1.530954,"Demand":1.0,"DemandMax":null,"Value":9.792802375344},{"Length":12.20598,"Height":0.8017063,"Demand":1.0,"DemandMax":null,"Value":9.785611063674},{"Length":11.06349,"Height":0.8839146,"Demand":1.0,"DemandMax":null,"Value":9.779180337954},{"Length":2.566703,"Height":3.810003,"Demand":1.0,"DemandMax":null,"Value":9.779146130109},{"Length":16.99608,"Height":0.5751307,"Demand":1.0,"DemandMax":null,"Value":9.774967387656},{"Length":0.4502347,"Height":21.66169,"Demand":1.0,"DemandMax":null,"Value":9.752844498643},{"Length":9.629046,"Height":1.012117,"Demand":1.0,"DemandMax":null,"Value":9.745721150382},{"Length":9.228553,"Height":1.054628,"Demand":1.0,"DemandMax":null,"Value":9.732690393283999},{"Length":4.529259,"Height":2.146476,"Demand":1.0,"DemandMax":null,"Value":9.721945741284},{"Length":4.117365,"Height":2.356784,"Demand":1.0,"DemandMax":null,"Value":9.7037399541600013},{"Length":2.028147,"Height":4.776309,"Demand":1.0,"DemandMax":null,"Value":9.6870567694230019},{"Length":0.9196471,"Height":10.52022,"Demand":1.0,"DemandMax":null,"Value":9.674889814362},{"Length":0.4460337,"Height":21.66169,"Demand":1.0,"DemandMax":null,"Value":9.661843738953},{"Length":9.228553,"Height":1.045372,"Demand":1.0,"DemandMax":null,"Value":9.647270906715999},{"Length":14.8659,"Height":0.647534,"Demand":1.0,"DemandMax":null,"Value":9.6261756906},{"Length":11.05056,"Height":0.8666755,"Demand":1.0,"DemandMax":null,"Value":9.5772496132800011},{"Length":0.3684606,"Height":25.90555,"Demand":1.0,"DemandMax":null,"Value":9.54517449633},{"Length":2.897621,"Height":3.294009,"Demand":1.0,"DemandMax":null,"Value":9.544789652589},{"Length":1.582422,"Height":6.010677,"Demand":1.0,"DemandMax":null,"Value":9.511427519694001},{"Length":6.565405,"Height":1.448345,"Demand":1.0,"DemandMax":null,"Value":9.508971504725},{"Length":8.544025,"Height":1.110124,"Demand":1.0,"DemandMax":null,"Value":9.4849272091},{"Length":11.39399,"Height":0.8314601,"Demand":1.0,"DemandMax":null,"Value":9.473648064799},{"Length":12.48316,"Height":0.7513196,"Demand":1.0,"DemandMax":null,"Value":9.3788427779359989},{"Length":7.286477,"Height":1.286591,"Demand":1.0,"DemandMax":null,"Value":9.374715729906999},{"Length":10.54414,"Height":0.8861654,"Demand":1.0,"DemandMax":null,"Value":9.343852040756},{"Length":2.837134,"Height":3.29015,"Demand":1.0,"DemandMax":null,"Value":9.3345964301},{"Length":14.8659,"Height":0.62734,"Demand":1.0,"DemandMax":null,"Value":9.325973706},{"Length":24.39971,"Height":0.3813443,"Demand":1.0,"DemandMax":null,"Value":9.304690330153},{"Length":0.358033,"Height":25.90555,"Demand":1.0,"DemandMax":null,"Value":9.27504178315},{"Length":5.623111,"Height":1.644476,"Demand":1.0,"DemandMax":null,"Value":9.247071084836},{"Length":3.510335,"Height":2.630592,"Demand":1.0,"DemandMax":null,"Value":9.23425916832},{"Length":6.335751,"Height":1.453703,"Demand":1.0,"DemandMax":null,"Value":9.210300235953},{"Length":11.22307,"Height":0.8205652,"Demand":1.0,"DemandMax":null,"Value":9.209260679164},{"Length":4.764465,"Height":1.932767,"Demand":1.0,"DemandMax":null,"Value":9.208600724655},{"Length":4.050737,"Height":2.267904,"Demand":1.0,"DemandMax":null,"Value":9.186682645248},{"Length":8.446737,"Height":1.083832,"Demand":1.0,"DemandMax":null,"Value":9.154843856184},{"Length":0.5009772,"Height":18.25953,"Demand":1.0,"DemandMax":null,"Value":9.1476082127160012},{"Length":1.217828,"Height":7.452593,"Demand":1.0,"DemandMax":null,"Value":9.075976428004},{"Length":8.103507,"Height":1.112774,"Demand":1.0,"DemandMax":null,"Value":9.017371898418},{"Length":4.050737,"Height":2.217278,"Demand":1.0,"DemandMax":null,"Value":8.981610033886},{"Length":8.496363,"Height":1.047275,"Demand":1.0,"DemandMax":null,"Value":8.898028560825},{"Length":4.597436,"Height":1.931916,"Demand":1.0,"DemandMax":null,"Value":8.881860167376},{"Length":9.228553,"Height":0.9612585,"Demand":1.0,"DemandMax":null,"Value":8.8710250139505},{"Length":11.234,"Height":0.7845365,"Demand":1.0,"DemandMax":null,"Value":8.813483041},{"Length":25.23221,"Height":0.3482848,"Demand":1.0,"DemandMax":null,"Value":8.787995213408},{"Length":4.772532,"Height":1.834951,"Demand":1.0,"DemandMax":null,"Value":8.757362365932},{"Length":1.269639,"Height":6.894225,"Demand":1.0,"DemandMax":null,"Value":8.7531769347749986},{"Length":0.9106014,"Height":9.596413,"Demand":1.0,"DemandMax":null,"Value":8.7385071127782},{"Length":1.881575,"Height":4.630614,"Demand":1.0,"DemandMax":null,"Value":8.71284753705},{"Length":1.010543,"Height":8.607001,"Demand":1.0,"DemandMax":null,"Value":8.697744611543},{"Length":3.496768,"Height":2.487198,"Demand":1.0,"DemandMax":null,"Value":8.6971543760639989},{"Length":10.76124,"Height":0.8060821,"Demand":1.0,"DemandMax":null,"Value":8.674442937804},{"Length":4.911146,"Height":1.761031,"Demand":1.0,"DemandMax":null,"Value":8.648680351526},{"Length":9.228553,"Height":0.934612,"Demand":1.0,"DemandMax":null,"Value":8.625116376435999},{"Length":1.977785,"Height":4.360635,"Demand":1.0,"DemandMax":null,"Value":8.624398493475},{"Length":0.7940342,"Height":10.85778,"Demand":1.0,"DemandMax":null,"Value":8.621448656076},{"Length":7.43503,"Height":1.159541,"Demand":1.0,"DemandMax":null,"Value":8.62122212123},{"Length":15.02281,"Height":0.5735266,"Demand":1.0,"DemandMax":null,"Value":8.615981141746},{"Length":7.737069,"Height":1.112774,"Demand":1.0,"DemandMax":null,"Value":8.609609219406},{"Length":10.12401,"Height":0.8487377,"Demand":1.0,"DemandMax":null,"Value":8.592628962177},{"Length":2.812274,"Height":3.055034,"Demand":1.0,"DemandMax":null,"Value":8.591592687316},{"Length":4.630472,"Height":1.854649,"Demand":1.0,"DemandMax":null,"Value":8.587900264328},{"Length":6.665688,"Height":1.286591,"Demand":1.0,"DemandMax":null,"Value":8.5760141896080011},{"Length":2.602289,"Height":3.294009,"Demand":1.0,"DemandMax":null,"Value":8.5719633866009985},{"Length":1.150904,"Height":7.440084,"Demand":1.0,"DemandMax":null,"Value":8.562822435935999},{"Length":5.96488,"Height":1.435127,"Demand":1.0,"DemandMax":null,"Value":8.56036033976},{"Length":3.537937,"Height":2.410484,"Demand":1.0,"DemandMax":null,"Value":8.528140531507999},{"Length":9.847665,"Height":0.8651838,"Demand":1.0,"DemandMax":null,"Value":8.520040225827},{"Length":4.91111,"Height":1.721783,"Demand":1.0,"DemandMax":null,"Value":8.45586570913},{"Length":1.04189,"Height":8.097147,"Demand":1.0,"DemandMax":null,"Value":8.43633648783},{"Length":2.072043,"Height":4.065899,"Demand":1.0,"DemandMax":null,"Value":8.424717561657},{"Length":3.496768,"Height":2.399762,"Demand":1.0,"DemandMax":null,"Value":8.391410969216},{"Length":8.152268,"Height":1.029253,"Demand":1.0,"DemandMax":null,"Value":8.390746295804},{"Length":15.18847,"Height":0.5518756,"Demand":1.0,"DemandMax":null,"Value":8.3821459943320011},{"Length":1.726359,"Height":4.835224,"Demand":1.0,"DemandMax":null,"Value":8.3473324694160009},{"Length":5.471543,"Height":1.523522,"Demand":1.0,"DemandMax":null,"Value":8.336016134446},{"Length":2.01878,"Height":4.127392,"Demand":1.0,"DemandMax":null,"Value":8.33229642176},{"Length":2.092882,"Height":3.971566,"Demand":1.0,"DemandMax":null,"Value":8.312018993212},{"Length":6.436795,"Height":1.286591,"Demand":1.0,"DemandMax":null,"Value":8.281522515845},{"Length":9.495418,"Height":0.8717298,"Demand":1.0,"DemandMax":null,"Value":8.2774388340564009},{"Length":1.732294,"Height":4.776309,"Demand":1.0,"DemandMax":null,"Value":8.2739714228460013},{"Length":0.8050995,"Height":10.27054,"Demand":1.0,"DemandMax":null,"Value":8.26880661873},{"Length":22.80103,"Height":0.3626422,"Demand":1.0,"DemandMax":null,"Value":8.268615681466},{"Length":11.75485,"Height":0.700417,"Demand":1.0,"DemandMax":null,"Value":8.2332967724499984},{"Length":0.3175556,"Height":25.90555,"Demand":1.0,"DemandMax":null,"Value":8.22645247358},{"Length":0.8432057,"Height":9.753254,"Demand":1.0,"DemandMax":null,"Value":8.2239993663478},{"Length":6.352188,"Height":1.292506,"Demand":1.0,"DemandMax":null,"Value":8.210241103128},{"Length":15.88294,"Height":0.5167698,"Demand":1.0,"DemandMax":null,"Value":8.2078237272119985},{"Length":3.475741,"Height":2.344567,"Demand":1.0,"DemandMax":null,"Value":8.149107649147},{"Length":1.522928,"Height":5.349731,"Demand":1.0,"DemandMax":null,"Value":8.147255132368},{"Length":1.251427,"Height":6.506131,"Demand":1.0,"DemandMax":null,"Value":8.141947998937},{"Length":9.378602,"Height":0.8666755,"Demand":1.0,"DemandMax":null,"Value":8.128204577651001},{"Length":8.641907,"Height":0.9398156,"Demand":1.0,"DemandMax":null,"Value":8.1217990123492},{"Length":2.566703,"Height":3.16017,"Demand":1.0,"DemandMax":null,"Value":8.11121781951},{"Length":10.69426,"Height":0.7578478,"Demand":1.0,"DemandMax":null,"Value":8.104621413628},{"Length":3.43835,"Height":2.356784,"Demand":1.0,"DemandMax":null,"Value":8.1034482664000009},{"Length":0.5598007,"Height":14.47485,"Demand":1.0,"DemandMax":null,"Value":8.103031162395},{"Length":0.76978,"Height":10.52022,"Demand":1.0,"DemandMax":null,"Value":8.0982549516},{"Length":1.111379,"Height":7.266165,"Demand":1.0,"DemandMax":null,"Value":8.0754631915349986},{"Length":14.6196,"Height":0.5518756,"Demand":1.0,"DemandMax":null,"Value":8.06820052176},{"Length":10.12401,"Height":0.7957383,"Demand":1.0,"DemandMax":null,"Value":8.056062506583},{"Length":21.97461,"Height":0.36599,"Demand":1.0,"DemandMax":null,"Value":8.0424875139},{"Length":9.40129,"Height":0.8534825,"Demand":1.0,"DemandMax":null,"Value":8.023836492425},{"Length":3.044513,"Height":2.630592,"Demand":1.0,"DemandMax":null,"Value":8.008871541696},{"Length":16.53095,"Height":0.4843073,"Demand":1.0,"DemandMax":null,"Value":8.006059760935},{"Length":1.29734,"Height":6.148978,"Demand":1.0,"DemandMax":null,"Value":7.9773151185199991},{"Length":0.7462395,"Height":10.68815,"Demand":1.0,"DemandMax":null,"Value":7.975919711925},{"Length":0.7207665,"Height":11.06203,"Demand":1.0,"DemandMax":null,"Value":7.973140645995},{"Length":12.9417,"Height":0.6147566,"Demand":1.0,"DemandMax":null,"Value":7.95599549022},{"Length":12.04677,"Height":0.656901,"Demand":1.0,"DemandMax":null,"Value":7.91353525977},{"Length":1.282231,"Height":6.148978,"Demand":1.0,"DemandMax":null,"Value":7.8844102099179985},{"Length":2.61411,"Height":3.01504,"Demand":1.0,"DemandMax":null,"Value":7.8816462144},{"Length":15.02281,"Height":0.5228219,"Demand":1.0,"DemandMax":null,"Value":7.8542540675389994},{"Length":0.7455356,"Height":10.52022,"Demand":1.0,"DemandMax":null,"Value":7.843198529832},{"Length":7.114965,"Height":1.096349,"Demand":1.0,"DemandMax":null,"Value":7.800484762785},{"Length":1.582422,"Height":4.928691,"Demand":1.0,"DemandMax":null,"Value":7.7992690696019995},{"Length":7.43503,"Height":1.045884,"Demand":1.0,"DemandMax":null,"Value":7.77617891652},{"Length":0.4184408,"Height":18.55864,"Demand":1.0,"DemandMax":null,"Value":7.765692168512},{"Length":12.66926,"Height":0.6120412,"Demand":1.0,"DemandMax":null,"Value":7.7541090935119987},{"Length":1.582422,"Height":4.89321,"Demand":1.0,"DemandMax":null,"Value":7.74312315462},{"Length":11.04618,"Height":0.700417,"Demand":1.0,"DemandMax":null,"Value":7.7369322570599994},{"Length":0.2983437,"Height":25.90555,"Demand":1.0,"DemandMax":null,"Value":7.728757637535},{"Length":10.33895,"Height":0.7467136,"Demand":1.0,"DemandMax":null,"Value":7.72023457472},{"Length":4.182491,"Height":1.839842,"Demand":1.0,"DemandMax":null,"Value":7.6951226064219993},{"Length":4.998455,"Height":1.538754,"Demand":1.0,"DemandMax":null,"Value":7.69139262507},{"Length":4.630472,"Height":1.659767,"Demand":1.0,"DemandMax":null,"Value":7.685504620024},{"Length":2.566703,"Height":2.980507,"Demand":1.0,"DemandMax":null,"Value":7.650076258421},{"Length":1.526226,"Height":5.01235,"Demand":1.0,"DemandMax":null,"Value":7.6499788911},{"Length":5.922962,"Height":1.286591,"Demand":1.0,"DemandMax":null,"Value":7.620429602542},{"Length":2.558119,"Height":2.974184,"Demand":1.0,"DemandMax":null,"Value":7.6083165998960007},{"Length":5.822315,"Height":1.298226,"Demand":1.0,"DemandMax":null,"Value":7.55868071319},{"Length":9.629046,"Height":0.7832692,"Demand":1.0,"DemandMax":null,"Value":7.5421351571832007},{"Length":4.764465,"Height":1.581649,"Demand":1.0,"DemandMax":null,"Value":7.5357113027850007},{"Length":12.38881,"Height":0.6076105,"Demand":1.0,"DemandMax":null,"Value":7.527571038505},{"Length":2.164186,"Height":3.456181,"Demand":1.0,"DemandMax":null,"Value":7.4798185336659992},{"Length":5.791404,"Height":1.285743,"Demand":1.0,"DemandMax":null,"Value":7.4462571531720005},{"Length":4.317443,"Height":1.721783,"Demand":1.0,"DemandMax":null,"Value":7.433699960869},{"Length":7.714117,"Height":0.9628849,"Demand":1.0,"DemandMax":null,"Value":7.4278067761333},{"Length":1.324056,"Height":5.605371,"Demand":1.0,"DemandMax":null,"Value":7.4218251047759995},{"Length":6.729284,"Height":1.101023,"Demand":1.0,"DemandMax":null,"Value":7.4090964575320006},{"Length":24.39971,"Height":0.3035719,"Demand":1.0,"DemandMax":null,"Value":7.407066324149},{"Length":2.291478,"Height":3.231862,"Demand":1.0,"DemandMax":null,"Value":7.4057406720360008},{"Length":0.7940342,"Height":9.319755,"Demand":1.0,"DemandMax":null,"Value":7.4002042056210007},{"Length":3.344575,"Height":2.205426,"Demand":1.0,"DemandMax":null,"Value":7.37621266395},{"Length":12.81199,"Height":0.5751307,"Demand":1.0,"DemandMax":null,"Value":7.3685687770929995},{"Length":0.4288889,"Height":17.15984,"Demand":1.0,"DemandMax":null,"Value":7.359664901776},{"Length":2.307423,"Height":3.186263,"Demand":1.0,"DemandMax":null,"Value":7.3520565302489995},{"Length":17.95237,"Height":0.4088077,"Demand":1.0,"DemandMax":null,"Value":7.3390670892489993},{"Length":3.266821,"Height":2.246001,"Demand":1.0,"DemandMax":null,"Value":7.3372832328210009},{"Length":18.87072,"Height":0.3887086,"Demand":1.0,"DemandMax":null,"Value":7.335211152192},{"Length":1.726152,"Height":4.2481,"Demand":1.0,"DemandMax":null,"Value":7.3328663111999992},{"Length":12.91842,"Height":0.5660279,"Demand":1.0,"DemandMax":null,"Value":7.312186143918},{"Length":0.9780101,"Height":7.462623,"Demand":1.0,"DemandMax":null,"Value":7.2985206664922995},{"Length":1.813799,"Height":3.996011,"Demand":1.0,"DemandMax":null,"Value":7.247960755789},{"Length":0.8362026,"Height":8.659718,"Demand":1.0,"DemandMax":null,"Value":7.2412787068668},{"Length":0.716926,"Height":10.09976,"Demand":1.0,"DemandMax":null,"Value":7.2407805377599992},{"Length":5.571678,"Height":1.298226,"Demand":1.0,"DemandMax":null,"Value":7.2332972432280007},{"Length":2.295896,"Height":3.14935,"Demand":1.0,"DemandMax":null,"Value":7.2305800676},{"Length":3.368447,"Height":2.146476,"Demand":1.0,"DemandMax":null,"Value":7.230290642772},{"Length":9.629046,"Height":0.7501743,"Demand":1.0,"DemandMax":null,"Value":7.2234628427178},{"Length":9.228553,"Height":0.7817264,"Demand":1.0,"DemandMax":null,"Value":7.2142035138992},{"Length":2.421423,"Height":2.974184,"Demand":1.0,"DemandMax":null,"Value":7.201757543832},{"Length":2.779728,"Height":2.586395,"Demand":1.0,"DemandMax":null,"Value":7.18947460056},{"Length":1.103263,"Height":6.506131,"Demand":1.0,"DemandMax":null,"Value":7.177973605453},{"Length":3.475741,"Height":2.059174,"Demand":1.0,"DemandMax":null,"Value":7.157155497934},{"Length":25.19345,"Height":0.283901,"Demand":1.0,"DemandMax":null,"Value":7.15244564845},{"Length":2.66394,"Height":2.682057,"Demand":1.0,"DemandMax":null,"Value":7.14483892458},{"Length":4.470508,"Height":1.597198,"Demand":1.0,"DemandMax":null,"Value":7.1402864365839989},{"Length":15.34579,"Height":0.4647893,"Demand":1.0,"DemandMax":null,"Value":7.132558992047},{"Length":3.206252,"Height":2.22191,"Demand":1.0,"DemandMax":null,"Value":7.12400338132},{"Length":0.4267584,"Height":16.66126,"Demand":1.0,"DemandMax":null,"Value":7.1103326595839995},{"Length":4.887321,"Height":1.453703,"Demand":1.0,"DemandMax":null,"Value":7.104713199663},{"Length":2.276141,"Height":3.120105,"Demand":1.0,"DemandMax":null,"Value":7.101798914805},{"Length":12.91842,"Height":0.5467457,"Demand":1.0,"DemandMax":null,"Value":7.063090585794},{"Length":4.453058,"Height":1.584215,"Demand":1.0,"DemandMax":null,"Value":7.05460127947},{"Length":0.8990726,"Height":7.839434,"Demand":1.0,"DemandMax":null,"Value":7.0482203089084},{"Length":21.97461,"Height":0.3206138,"Demand":1.0,"DemandMax":null,"Value":7.045363215618},{"Length":4.850561,"Height":1.449037,"Demand":1.0,"DemandMax":null,"Value":7.028642359757},{"Length":7.907379,"Height":0.8861654,"Demand":1.0,"DemandMax":null,"Value":7.0072456744866},{"Length":7.440532,"Height":0.9398156,"Demand":1.0,"DemandMax":null,"Value":6.9927280458992},{"Length":3.145936,"Height":2.22191,"Demand":1.0,"DemandMax":null,"Value":6.9899866577599994},{"Length":0.7536402,"Height":9.269024,"Demand":1.0,"DemandMax":null,"Value":6.9855091011648},{"Length":1.813799,"Height":3.843423,"Demand":1.0,"DemandMax":null,"Value":6.971196793977},{"Length":7.886519,"Height":0.8839146,"Demand":1.0,"DemandMax":null,"Value":6.9710092872774},{"Length":19.40783,"Height":0.3586387,"Demand":1.0,"DemandMax":null,"Value":6.9603989210209996},{"Length":2.621674,"Height":2.653635,"Demand":1.0,"DemandMax":null,"Value":6.95696588499},{"Length":2.621674,"Height":2.647309,"Demand":1.0,"DemandMax":null,"Value":6.940381175266},{"Length":10.69426,"Height":0.6487321,"Demand":1.0,"DemandMax":null,"Value":6.937709747746},{"Length":16.22213,"Height":0.426811,"Demand":1.0,"DemandMax":null,"Value":6.9237835274299995},{"Length":4.496963,"Height":1.538754,"Demand":1.0,"DemandMax":null,"Value":6.919719804102},{"Length":17.95237,"Height":0.3846795,"Demand":1.0,"DemandMax":null,"Value":6.9059087154149994},{"Length":0.8507531,"Height":8.097147,"Demand":1.0,"DemandMax":null,"Value":6.8886729114057},{"Length":2.66394,"Height":2.582858,"Demand":1.0,"DemandMax":null,"Value":6.88057874052},{"Length":0.7417589,"Height":9.269024,"Demand":1.0,"DemandMax":null,"Value":6.8753810463136},{"Length":7.927351,"Height":0.8666755,"Demand":1.0,"DemandMax":null,"Value":6.8704408916005},{"Length":1.314862,"Height":5.219278,"Demand":1.0,"DemandMax":null,"Value":6.862630309636},{"Length":7.356105,"Height":0.9329149,"Demand":1.0,"DemandMax":null,"Value":6.8626199604645},{"Length":0.9780101,"Height":7.012224,"Demand":1.0,"DemandMax":null,"Value":6.8580258954624},{"Length":6.300215,"Height":1.088522,"Demand":1.0,"DemandMax":null,"Value":6.8579226322299993},{"Length":4.32228,"Height":1.58464,"Demand":1.0,"DemandMax":null,"Value":6.8492577792},{"Length":1.306812,"Height":5.219278,"Demand":1.0,"DemandMax":null,"Value":6.8206151217360009},{"Length":3.707011,"Height":1.839842,"Demand":1.0,"DemandMax":null,"Value":6.8203145322620005},{"Length":0.7940342,"Height":8.589425,"Demand":1.0,"DemandMax":null,"Value":6.8202972083350009},{"Length":0.5118115,"Height":13.32072,"Demand":1.0,"DemandMax":null,"Value":6.81769768428},{"Length":2.900333,"Height":2.340114,"Demand":1.0,"DemandMax":null,"Value":6.7871098579619993},{"Length":2.61411,"Height":2.590331,"Demand":1.0,"DemandMax":null,"Value":6.77141017041},{"Length":4.32228,"Height":1.56471,"Demand":1.0,"DemandMax":null,"Value":6.7631147388000006},{"Length":3.838514,"Height":1.753863,"Demand":1.0,"DemandMax":null,"Value":6.7322276795819995},{"Length":6.182945,"Height":1.088522,"Demand":1.0,"DemandMax":null,"Value":6.73027165729},{"Length":25.19345,"Height":0.2663022,"Demand":1.0,"DemandMax":null,"Value":6.70907116059},{"Length":0.3071317,"Height":21.66169,"Demand":1.0,"DemandMax":null,"Value":6.652991674573},{"Length":5.791404,"Height":1.148748,"Demand":1.0,"DemandMax":null,"Value":6.652863762192},{"Length":0.6283888,"Height":10.52022,"Demand":1.0,"DemandMax":null,"Value":6.6107884215359993},{"Length":1.819633,"Height":3.631166,"Demand":1.0,"DemandMax":null,"Value":6.607389482078},{"Length":0.8311981,"Height":7.941926,"Demand":1.0,"DemandMax":null,"Value":6.6013138015406},{"Length":21.97461,"Height":0.2976394,"Demand":1.0,"DemandMax":null,"Value":6.5405097356339992},{"Length":3.266821,"Height":2.002099,"Demand":1.0,"DemandMax":null,"Value":6.540499057279},{"Length":4.322524,"Height":1.511886,"Demand":1.0,"DemandMax":null,"Value":6.535163520264},{"Length":0.3235942,"Height":19.9915,"Demand":1.0,"DemandMax":null,"Value":6.4691334492999992},{"Length":10.52409,"Height":0.6120412,"Demand":1.0,"DemandMax":null,"Value":6.4411766725079991},{"Length":0.5118115,"Height":12.58482,"Demand":1.0,"DemandMax":null,"Value":6.4410556014299996},{"Length":4.322524,"Height":1.474333,"Demand":1.0,"DemandMax":null,"Value":6.3728397764919986},{"Length":5.232884,"Height":1.207523,"Demand":1.0,"DemandMax":null,"Value":6.318827786332},{"Length":0.646732,"Height":9.753254,"Demand":1.0,"DemandMax":null,"Value":6.307741465928},{"Length":5.232884,"Height":1.202961,"Demand":1.0,"DemandMax":null,"Value":6.294955369524},{"Length":0.7522624,"Height":8.355457,"Demand":1.0,"DemandMax":null,"Value":6.2854961359168},{"Length":24.93967,"Height":0.25126,"Demand":1.0,"DemandMax":null,"Value":6.2663414842},{"Length":2.307423,"Height":2.715457,"Demand":1.0,"DemandMax":null,"Value":6.2657079373109994},{"Length":2.812274,"Height":2.224039,"Demand":1.0,"DemandMax":null,"Value":6.254607054686},{"Length":3.496768,"Height":1.784175,"Demand":1.0,"DemandMax":null,"Value":6.2388460464},{"Length":1.429575,"Height":4.360635,"Demand":1.0,"DemandMax":null,"Value":6.233854780125},{"Length":24.93967,"Height":0.2497514,"Demand":1.0,"DemandMax":null,"Value":6.228717498038},{"Length":16.74213,"Height":0.3717337,"Demand":1.0,"DemandMax":null,"Value":6.223613930781},{"Length":7.356105,"Height":0.8459855,"Demand":1.0,"DemandMax":null,"Value":6.2231581664775},{"Length":0.9021812,"Height":6.894225,"Demand":1.0,"DemandMax":null,"Value":6.21984018357},{"Length":24.39971,"Height":0.2548994,"Demand":1.0,"DemandMax":null,"Value":6.219471439174},{"Length":5.791404,"Height":1.073654,"Demand":1.0,"DemandMax":null,"Value":6.217964070216},{"Length":2.082528,"Height":2.974184,"Demand":1.0,"DemandMax":null,"Value":6.1938214571520005},{"Length":16.45625,"Height":0.3757947,"Demand":1.0,"DemandMax":null,"Value":6.184171531875},{"Length":0.9501366,"Height":6.506131,"Demand":1.0,"DemandMax":null,"Value":6.1817131874946},{"Length":2.072648,"Height":2.974184,"Demand":1.0,"DemandMax":null,"Value":6.1644365192320008},{"Length":15.34579,"Height":0.4003944,"Demand":1.0,"DemandMax":null,"Value":6.1443683795759991},{"Length":2.847364,"Height":2.146476,"Demand":1.0,"DemandMax":null,"Value":6.1117984892639994},{"Length":15.78226,"Height":0.3849713,"Demand":1.0,"DemandMax":null,"Value":6.0757171491380006},{"Length":12.9417,"Height":0.4690754,"Demand":1.0,"DemandMax":null,"Value":6.07063310418},{"Length":7.356105,"Height":0.8205278,"Demand":1.0,"DemandMax":null,"Value":6.0358886522190005},{"Length":12.8861,"Height":0.467776,"Demand":1.0,"DemandMax":null,"Value":6.0278083136000005},{"Length":1.467383,"Height":4.090055,"Demand":1.0,"DemandMax":null,"Value":6.0016771760650007},{"Length":0.7940342,"Height":7.492998,"Demand":1.0,"DemandMax":null,"Value":5.9496966725316005},{"Length":4.911146,"Height":1.211384,"Demand":1.0,"DemandMax":null,"Value":5.949283686064},{"Length":10.9144,"Height":0.5444516,"Demand":1.0,"DemandMax":null,"Value":5.9423625430400007},{"Length":13.42408,"Height":0.442432,"Demand":1.0,"DemandMax":null,"Value":5.93924256256},{"Length":2.51906,"Height":2.353134,"Demand":1.0,"DemandMax":null,"Value":5.92768573404},{"Length":0.716926,"Height":8.267924,"Demand":1.0,"DemandMax":null,"Value":5.927489681624},{"Length":1.878186,"Height":3.14935,"Demand":1.0,"DemandMax":null,"Value":5.9150650791},{"Length":3.838514,"Height":1.540146,"Demand":1.0,"DemandMax":null,"Value":5.911871983044},{"Length":10.9144,"Height":0.5393803,"Demand":1.0,"DemandMax":null,"Value":5.8870123463200006},{"Length":11.234,"Height":0.5236657,"Demand":1.0,"DemandMax":null,"Value":5.8828604738},{"Length":2.779728,"Height":2.110959,"Demand":1.0,"DemandMax":null,"Value":5.867891839152},{"Length":15.60208,"Height":0.3757947,"Demand":1.0,"DemandMax":null,"Value":5.863178972976},{"Length":0.4425687,"Height":13.21632,"Demand":1.0,"DemandMax":null,"Value":5.8491295611839993},{"Length":2.47508,"Height":2.35981,"Demand":1.0,"DemandMax":null,"Value":5.8407185348000006},{"Length":0.8960263,"Height":6.506131,"Demand":1.0,"DemandMax":null,"Value":5.8296644872453},{"Length":0.2906005,"Height":19.9915,"Demand":1.0,"DemandMax":null,"Value":5.8095398957499995},{"Length":0.6931702,"Height":8.355457,"Demand":1.0,"DemandMax":null,"Value":5.7917537997813993},{"Length":1.444943,"Height":3.997509,"Demand":1.0,"DemandMax":null,"Value":5.7761726469870007},{"Length":0.8870824,"Height":6.506131,"Demand":1.0,"DemandMax":null,"Value":5.7714743021944006},{"Length":0.7940342,"Height":7.249271,"Demand":1.0,"DemandMax":null,"Value":5.7561690990682006},{"Length":8.422701,"Height":0.6829259,"Demand":1.0,"DemandMax":null,"Value":5.7520806608559},{"Length":0.58845,"Height":9.753254,"Demand":1.0,"DemandMax":null,"Value":5.7393023163000008},{"Length":2.51906,"Height":2.27748,"Demand":1.0,"DemandMax":null,"Value":5.7371087688000006},{"Length":14.74793,"Height":0.3887086,"Demand":1.0,"DemandMax":null,"Value":5.7326472231980006},{"Length":4.850561,"Height":1.181555,"Demand":1.0,"DemandMax":null,"Value":5.731204602355},{"Length":12.8861,"Height":0.4436323,"Demand":1.0,"DemandMax":null,"Value":5.71669018103},{"Length":1.819633,"Height":3.140076,"Demand":1.0,"DemandMax":null,"Value":5.713785912108},{"Length":0.8769448,"Height":6.506131,"Demand":1.0,"DemandMax":null,"Value":5.7055177485687993},{"Length":1.444943,"Height":3.944417,"Demand":1.0,"DemandMax":null,"Value":5.699457733231},{"Length":13.42408,"Height":0.4242435,"Demand":1.0,"DemandMax":null,"Value":5.69507868348},{"Length":15.31621,"Height":0.3717337,"Demand":1.0,"DemandMax":null,"Value":5.6935514132769995},{"Length":2.939207,"Height":1.931916,"Demand":1.0,"DemandMax":null,"Value":5.678301030612},{"Length":2.307423,"Height":2.453737,"Demand":1.0,"DemandMax":null,"Value":5.661809189751},{"Length":12.86245,"Height":0.4399437,"Demand":1.0,"DemandMax":null,"Value":5.658753844065},{"Length":8.275774,"Height":0.6829259,"Demand":1.0,"DemandMax":null,"Value":5.6517404071466},{"Length":1.467383,"Height":3.851203,"Demand":1.0,"DemandMax":null,"Value":5.651189811749},{"Length":2.47508,"Height":2.282282,"Demand":1.0,"DemandMax":null,"Value":5.64883053256},{"Length":12.82107,"Height":0.4399437,"Demand":1.0,"DemandMax":null,"Value":5.640548973759},{"Length":1.165936,"Height":4.835224,"Demand":1.0,"DemandMax":null,"Value":5.637561729664001},{"Length":0.4425687,"Height":12.68923,"Demand":1.0,"DemandMax":null,"Value":5.6158560251009995},{"Length":0.5252947,"Height":10.68815,"Demand":1.0,"DemandMax":null,"Value":5.614428547805},{"Length":12.30735,"Height":0.4557063,"Demand":1.0,"DemandMax":null,"Value":5.608536931305},{"Length":12.30735,"Height":0.455702,"Demand":1.0,"DemandMax":null,"Value":5.6084840097},{"Length":1.158442,"Height":4.835224,"Demand":1.0,"DemandMax":null,"Value":5.601326561008}]}