{"Name":"Nice15_50","Objects":[{"Length":100.0,"Height":100.0,"Stock":null,"Cost":10000.0}],"Items":[{"Length":13.42803,"Height":35.63858,"Demand":1.0,"DemandMax":null,"Value":478.55592139739997},{"Length":15.76164,"Height":28.89481,"Demand":1.0,"DemandMax":null,"Value":455.4295930884},{"Length":9.942967,"Height":35.63858,"Demand":1.0,"DemandMax":null,"Value":354.35322486685993},{"Length":16.05112,"Height":22.0216,"Demand":1.0,"DemandMax":null,"Value":353.471344192},{"Length":23.28098,"Height":14.8657,"Demand":1.0,"DemandMax":null,"Value":346.088064386},{"Length":9.269011,"Height":35.46661,"Demand":1.0,"DemandMax":null,"Value":328.74039822271004},{"Length":11.00302,"Height":28.89481,"Demand":1.0,"DemandMax":null,"Value":317.93017232619997},{"Length":22.21756,"Height":13.52973,"Demand":1.0,"DemandMax":null,"Value":300.5975880588},{"Length":20.46279,"Height":14.01843,"Demand":1.0,"DemandMax":null,"Value":286.85618921969996},{"Length":18.27696,"Height":14.01843,"Demand":1.0,"DemandMax":null,"Value":256.21428437279997},{"Length":16.2841,"Height":14.87637,"Demand":1.0,"DemandMax":null,"Value":242.248296717},{"Length":16.99789,"Height":14.15458,"Demand":1.0,"DemandMax":null,"Value":240.5979938362},{"Length":15.70015,"Height":14.87637,"Demand":1.0,"DemandMax":null,"Value":233.5612404555},{"Length":19.91792,"Height":11.45705,"Demand":1.0,"DemandMax":null,"Value":228.200605336},{"Length":15.29237,"Height":14.8657,"Demand":1.0,"DemandMax":null,"Value":227.331784709},{"Length":12.12792,"Height":18.73414,"Demand":1.0,"DemandMax":null,"Value":227.2061511888},{"Length":9.939917,"Height":21.93675,"Demand":1.0,"DemandMax":null,"Value":218.04947424974998},{"Length":15.83809,"Height":13.70183,"Demand":1.0,"DemandMax":null,"Value":217.01081670469998},{"Length":16.05112,"Height":13.44502,"Demand":1.0,"DemandMax":null,"Value":215.8076294224},{"Length":11.52954,"Height":18.19094,"Demand":1.0,"DemandMax":null,"Value":209.73317036760003},{"Length":22.21756,"Height":9.388592,"Demand":1.0,"DemandMax":null,"Value":208.59160607551996},{"Length":13.44053,"Height":14.98502,"Demand":1.0,"DemandMax":null,"Value":201.4066108606},{"Length":11.52954,"Height":17.27567,"Demand":1.0,"DemandMax":null,"Value":199.18052829180004},{"Length":19.25249,"Height":10.16067,"Demand":1.0,"DemandMax":null,"Value":195.61819756830002},{"Length":11.23639,"Height":17.06308,"Demand":1.0,"DemandMax":null,"Value":191.7274214812},{"Length":9.620763,"Height":19.48371,"Demand":1.0,"DemandMax":null,"Value":187.44815627072998},{"Length":21.99859,"Height":7.637086,"Demand":1.0,"DemandMax":null,"Value":168.00512370874},{"Length":25.06601,"Height":6.618296,"Demand":1.0,"DemandMax":null,"Value":165.89427371896},{"Length":21.99859,"Height":7.239287,"Demand":1.0,"DemandMax":null,"Value":159.25410660533},{"Length":8.97854,"Height":17.67006,"Demand":1.0,"DemandMax":null,"Value":158.6513405124},{"Length":9.620763,"Height":15.9829,"Demand":1.0,"DemandMax":null,"Value":153.7676929527},{"Length":13.39672,"Height":11.45705,"Demand":1.0,"DemandMax":null,"Value":153.48689087600002},{"Length":13.50734,"Height":11.27951,"Demand":1.0,"DemandMax":null,"Value":152.3561766034},{"Length":10.15824,"Height":14.98502,"Demand":1.0,"DemandMax":null,"Value":152.2214295648},{"Length":9.715874,"Height":14.98502,"Demand":1.0,"DemandMax":null,"Value":145.59256620748},{"Length":22.21756,"Height":6.408384,"Demand":1.0,"DemandMax":null,"Value":142.37865602303998},{"Length":22.21756,"Height":6.311871,"Demand":1.0,"DemandMax":null,"Value":140.23437265476},{"Length":15.04691,"Height":9.024551,"Demand":1.0,"DemandMax":null,"Value":135.79160668741002},{"Length":7.124572,"Height":18.73414,"Demand":1.0,"DemandMax":null,"Value":133.47272928808},{"Length":5.898177,"Height":21.93675,"Demand":1.0,"DemandMax":null,"Value":129.38683430474998},{"Length":13.50734,"Height":9.493362,"Demand":1.0,"DemandMax":null,"Value":128.23006827708},{"Length":15.2431,"Height":7.876022,"Demand":1.0,"DemandMax":null,"Value":120.0549909482},{"Length":8.068117,"Height":14.15458,"Demand":1.0,"DemandMax":null,"Value":114.20080752586},{"Length":5.646538,"Height":18.40354,"Demand":1.0,"DemandMax":null,"Value":103.91628794452},{"Length":5.589849,"Height":18.40354,"Demand":1.0,"DemandMax":null,"Value":102.87300966546},{"Length":15.2431,"Height":6.14241,"Demand":1.0,"DemandMax":null,"Value":93.629369871},{"Length":9.722066,"Height":9.024551,"Demand":1.0,"DemandMax":null,"Value":87.737280442366},{"Length":4.497376,"Height":17.79655,"Demand":1.0,"DemandMax":null,"Value":80.0377768528},{"Length":4.481164,"Height":17.79655,"Demand":1.0,"DemandMax":null,"Value":79.7492591842},{"Length":8.545657,"Height":9.024551,"Demand":1.0,"DemandMax":null,"Value":77.120717425007}]}