{"Name":"Nice7_1t","Objects":[{"Length":100.0,"Height":100.0,"Stock":null,"Cost":10000.0}],"Items":[{"Length":4.600076,"Height":8.432478,"Demand":1.0,"DemandMax":null,"Value":38.790039668327992},{"Length":7.636755,"Height":4.670424,"Demand":1.0,"DemandMax":null,"Value":35.66688383412},{"Length":5.466169,"Height":6.046333,"Demand":1.0,"DemandMax":null,"Value":33.050278008277},{"Length":4.032263,"Height":7.921547,"Demand":1.0,"DemandMax":null,"Value":31.941760870861003},{"Length":5.385187,"Height":5.792322,"Demand":1.0,"DemandMax":null,"Value":31.192737134214003},{"Length":3.672286,"Height":8.190642,"Demand":1.0,"DemandMax":null,"Value":30.078379947612003},{"Length":4.289968,"Height":6.667814,"Demand":1.0,"DemandMax":null,"Value":28.604708689952},{"Length":8.448249,"Height":2.766147,"Demand":1.0,"DemandMax":null,"Value":23.369098626603},{"Length":8.526008,"Height":2.712589,"Demand":1.0,"DemandMax":null,"Value":23.127555514711997},{"Length":3.983536,"Height":5.792322,"Demand":1.0,"DemandMax":null,"Value":23.073923210592003},{"Length":5.83549,"Height":3.927333,"Demand":1.0,"DemandMax":null,"Value":22.91791244817},{"Length":5.934125,"Height":3.842288,"Demand":1.0,"DemandMax":null,"Value":22.800617278},{"Length":3.638986,"Height":6.252076,"Demand":1.0,"DemandMax":null,"Value":22.751217034935998},{"Length":5.145702,"Height":4.384099,"Demand":1.0,"DemandMax":null,"Value":22.559266992498},{"Length":2.969918,"Height":7.438162,"Demand":1.0,"DemandMax":null,"Value":22.090731210716},{"Length":2.566588,"Height":8.572488,"Demand":1.0,"DemandMax":null,"Value":22.002044830943998},{"Length":4.871216,"Height":4.506485,"Demand":1.0,"DemandMax":null,"Value":21.95206183576},{"Length":2.92153,"Height":7.43773,"Demand":1.0,"DemandMax":null,"Value":21.7295513269},{"Length":7.636755,"Height":2.767739,"Demand":1.0,"DemandMax":null,"Value":21.136544646945},{"Length":9.038038,"Height":2.338062,"Demand":1.0,"DemandMax":null,"Value":21.131493202355998},{"Length":2.866243,"Height":7.334558,"Demand":1.0,"DemandMax":null,"Value":21.022625525594},{"Length":7.48358,"Height":2.793802,"Demand":1.0,"DemandMax":null,"Value":20.90764077116},{"Length":5.07177,"Height":3.854839,"Demand":1.0,"DemandMax":null,"Value":19.55085679503},{"Length":4.600076,"Height":4.23141,"Demand":1.0,"DemandMax":null,"Value":19.46480758716},{"Length":5.016002,"Height":3.878788,"Demand":1.0,"DemandMax":null,"Value":19.456008365576},{"Length":8.169023,"Height":2.368448,"Demand":1.0,"DemandMax":null,"Value":19.347906186303998},{"Length":4.470594,"Height":4.288359,"Demand":1.0,"DemandMax":null,"Value":19.171512015246},{"Length":2.851632,"Height":6.718733,"Demand":1.0,"DemandMax":null,"Value":19.159354022256},{"Length":2.575576,"Height":7.438162,"Demand":1.0,"DemandMax":null,"Value":19.157551531312},{"Length":8.169023,"Height":2.33232,"Demand":1.0,"DemandMax":null,"Value":19.05277572336},{"Length":8.030063,"Height":2.369043,"Demand":1.0,"DemandMax":null,"Value":19.023564539709},{"Length":3.295174,"Height":5.723505,"Demand":1.0,"DemandMax":null,"Value":18.85994486487},{"Length":3.244251,"Height":5.810025,"Demand":1.0,"DemandMax":null,"Value":18.849179416275003},{"Length":4.674072,"Height":4.011621,"Demand":1.0,"DemandMax":null,"Value":18.750605390712},{"Length":2.307887,"Height":8.06426,"Demand":1.0,"DemandMax":null,"Value":18.61140081862},{"Length":4.244358,"Height":4.374472,"Demand":1.0,"DemandMax":null,"Value":18.566825228976},{"Length":3.627586,"Height":5.11199,"Demand":1.0,"DemandMax":null,"Value":18.54418335614},{"Length":8.360023,"Height":2.215306,"Demand":1.0,"DemandMax":null,"Value":18.520009112038},{"Length":3.351439,"Height":5.517923,"Demand":1.0,"DemandMax":null,"Value":18.492982341197},{"Length":2.150807,"Height":8.583319,"Demand":1.0,"DemandMax":null,"Value":18.461062588433},{"Length":2.415728,"Height":7.516843,"Demand":1.0,"DemandMax":null,"Value":18.158648106704},{"Length":5.912848,"Height":3.032294,"Demand":1.0,"DemandMax":null,"Value":17.929493513312},{"Length":4.458636,"Height":4.016011,"Demand":1.0,"DemandMax":null,"Value":17.905931220996},{"Length":4.640705,"Height":3.855629,"Demand":1.0,"DemandMax":null,"Value":17.892836778444998},{"Length":3.230875,"Height":5.512025,"Demand":1.0,"DemandMax":null,"Value":17.808663771875},{"Length":5.739404,"Height":3.081416,"Demand":1.0,"DemandMax":null,"Value":17.685491316064002},{"Length":4.637589,"Height":3.796831,"Demand":1.0,"DemandMax":null,"Value":17.608141680459003},{"Length":3.489063,"Height":5.027832,"Demand":1.0,"DemandMax":null,"Value":17.542422601416},{"Length":4.087543,"Height":4.288359,"Demand":1.0,"DemandMax":null,"Value":17.528851811937},{"Length":3.910079,"Height":4.477578,"Demand":1.0,"DemandMax":null,"Value":17.507683708662},{"Length":2.19019,"Height":7.981766,"Demand":1.0,"DemandMax":null,"Value":17.48158407554},{"Length":3.79406,"Height":4.590796,"Demand":1.0,"DemandMax":null,"Value":17.41775547176},{"Length":4.572498,"Height":3.796831,"Demand":1.0,"DemandMax":null,"Value":17.361002153838},{"Length":4.458636,"Height":3.88598,"Demand":1.0,"DemandMax":null,"Value":17.32617032328},{"Length":3.198539,"Height":5.4069,"Demand":1.0,"DemandMax":null,"Value":17.2941805191},{"Length":2.659804,"Height":6.489856,"Demand":1.0,"DemandMax":null,"Value":17.261744948224},{"Length":4.227003,"Height":4.083613,"Demand":1.0,"DemandMax":null,"Value":17.261444401838997},{"Length":3.623234,"Height":4.75945,"Demand":1.0,"DemandMax":null,"Value":17.244601061300003},{"Length":2.84431,"Height":6.05491,"Demand":1.0,"DemandMax":null,"Value":17.2220410621},{"Length":5.028608,"Height":3.405244,"Demand":1.0,"DemandMax":null,"Value":17.123637220352002},{"Length":4.682145,"Height":3.648654,"Demand":1.0,"DemandMax":null,"Value":17.083527082830003},{"Length":4.424192,"Height":3.855629,"Demand":1.0,"DemandMax":null,"Value":17.058042976768},{"Length":2.261147,"Height":7.539876,"Demand":1.0,"DemandMax":null,"Value":17.048767997771996},{"Length":3.558945,"Height":4.77916,"Demand":1.0,"DemandMax":null,"Value":17.0087675862},{"Length":4.831525,"Height":3.507897,"Demand":1.0,"DemandMax":null,"Value":16.948492052924998},{"Length":2.654874,"Height":6.378897,"Demand":1.0,"DemandMax":null,"Value":16.935167793978},{"Length":2.125942,"Height":7.921547,"Demand":1.0,"DemandMax":null,"Value":16.840749472274002},{"Length":5.202544,"Height":3.230338,"Demand":1.0,"DemandMax":null,"Value":16.805975579872},{"Length":3.224302,"Height":5.196778,"Demand":1.0,"DemandMax":null,"Value":16.755981698956},{"Length":6.236264,"Height":2.680556,"Demand":1.0,"DemandMax":null,"Value":16.716654882784002},{"Length":3.525205,"Height":4.732842,"Demand":1.0,"DemandMax":null,"Value":16.68423828261},{"Length":4.379203,"Height":3.807753,"Demand":1.0,"DemandMax":null,"Value":16.674923360859},{"Length":3.829007,"Height":4.35373,"Demand":1.0,"DemandMax":null,"Value":16.670462646109996},{"Length":5.281703,"Height":3.15608,"Demand":1.0,"DemandMax":null,"Value":16.669477204240003},{"Length":2.976893,"Height":5.54704,"Demand":1.0,"DemandMax":null,"Value":16.51294454672},{"Length":3.659932,"Height":4.493261,"Demand":1.0,"DemandMax":null,"Value":16.445029718252},{"Length":2.057009,"Height":7.981766,"Demand":1.0,"DemandMax":null,"Value":16.418564497894},{"Length":3.244251,"Height":5.057045,"Demand":1.0,"DemandMax":null,"Value":16.406323298295},{"Length":2.660791,"Height":6.144258,"Demand":1.0,"DemandMax":null,"Value":16.348586388078},{"Length":3.746142,"Height":4.363618,"Demand":1.0,"DemandMax":null,"Value":16.346732661755997},{"Length":2.660475,"Height":6.122685,"Demand":1.0,"DemandMax":null,"Value":16.289250375374998},{"Length":3.045788,"Height":5.345413,"Demand":1.0,"DemandMax":null,"Value":16.280994770444},{"Length":3.505244,"Height":4.640367,"Demand":1.0,"DemandMax":null,"Value":16.265618584548},{"Length":3.633109,"Height":4.475312,"Demand":1.0,"DemandMax":null,"Value":16.259296305008},{"Length":3.274223,"Height":4.95024,"Demand":1.0,"DemandMax":null,"Value":16.20818966352},{"Length":4.748568,"Height":3.391042,"Demand":1.0,"DemandMax":null,"Value":16.102593527855998},{"Length":3.746142,"Height":4.293864,"Demand":1.0,"DemandMax":null,"Value":16.085424272687998},{"Length":6.796852,"Height":2.364113,"Demand":1.0,"DemandMax":null,"Value":16.068526172276},{"Length":3.63338,"Height":4.41825,"Demand":1.0,"DemandMax":null,"Value":16.053181184999996},{"Length":2.254754,"Height":7.094889,"Demand":1.0,"DemandMax":null,"Value":15.997229352306002},{"Length":3.43131,"Height":4.655329,"Demand":1.0,"DemandMax":null,"Value":15.97387695099},{"Length":2.489444,"Height":6.413522,"Demand":1.0,"DemandMax":null,"Value":15.966103861768003},{"Length":3.63338,"Height":4.36958,"Demand":1.0,"DemandMax":null,"Value":15.8763445804},{"Length":2.884179,"Height":5.493358,"Demand":1.0,"DemandMax":null,"Value":15.843827783082},{"Length":3.525205,"Height":4.490211,"Demand":1.0,"DemandMax":null,"Value":15.828914268255002},{"Length":2.865335,"Height":5.517923,"Demand":1.0,"DemandMax":null,"Value":15.810697899205},{"Length":5.884417,"Height":2.679696,"Demand":1.0,"DemandMax":null,"Value":15.768448697232},{"Length":7.418435,"Height":2.124234,"Demand":1.0,"DemandMax":null,"Value":15.75849185379},{"Length":4.676639,"Height":3.366799,"Demand":1.0,"DemandMax":null,"Value":15.745303508561},{"Length":5.093081,"Height":3.088356,"Demand":1.0,"DemandMax":null,"Value":15.729247264836},{"Length":4.794038,"Height":3.271685,"Demand":1.0,"DemandMax":null,"Value":15.68458221403},{"Length":3.458192,"Height":4.533381,"Demand":1.0,"DemandMax":null,"Value":15.677301907152001},{"Length":2.989853,"Height":5.241694,"Demand":1.0,"DemandMax":null,"Value":15.671894530982},{"Length":6.183602,"Height":2.532758,"Demand":1.0,"DemandMax":null,"Value":15.661567434315998},{"Length":4.237442,"Height":3.693098,"Demand":1.0,"DemandMax":null,"Value":15.649288575316},{"Length":3.057888,"Height":5.11199,"Demand":1.0,"DemandMax":null,"Value":15.63189287712},{"Length":6.848693,"Height":2.28045,"Demand":1.0,"DemandMax":null,"Value":15.61810195185},{"Length":3.44084,"Height":4.533381,"Demand":1.0,"DemandMax":null,"Value":15.598638680040002},{"Length":2.435127,"Height":6.378897,"Demand":1.0,"DemandMax":null,"Value":15.533424314919001},{"Length":3.558945,"Height":4.362157,"Demand":1.0,"DemandMax":null,"Value":15.524676844364999},{"Length":3.736899,"Height":4.150347,"Demand":1.0,"DemandMax":null,"Value":15.509427553953001},{"Length":7.65624,"Height":2.025591,"Demand":1.0,"DemandMax":null,"Value":15.50841083784},{"Length":4.302028,"Height":3.594078,"Demand":1.0,"DemandMax":null,"Value":15.461824190184},{"Length":2.881222,"Height":5.338478,"Demand":1.0,"DemandMax":null,"Value":15.381340260116001},{"Length":6.183602,"Height":2.482618,"Demand":1.0,"DemandMax":null,"Value":15.351521630035999},{"Length":3.43131,"Height":4.440265,"Demand":1.0,"DemandMax":null,"Value":15.23592569715},{"Length":4.822435,"Height":3.157149,"Demand":1.0,"DemandMax":null,"Value":15.225145837814999},{"Length":5.281703,"Height":2.882132,"Demand":1.0,"DemandMax":null,"Value":15.222565230796},{"Length":2.162752,"Height":7.027627,"Demand":1.0,"DemandMax":null,"Value":15.199014349503997},{"Length":4.682145,"Height":3.244073,"Demand":1.0,"DemandMax":null,"Value":15.189220176585002},{"Length":3.092591,"Height":4.888502,"Demand":1.0,"DemandMax":null,"Value":15.118137288682},{"Length":7.65624,"Height":1.974334,"Demand":1.0,"DemandMax":null,"Value":15.115974944160001},{"Length":3.829007,"Height":3.945041,"Demand":1.0,"DemandMax":null,"Value":15.105589604287},{"Length":3.173618,"Height":4.75945,"Demand":1.0,"DemandMax":null,"Value":15.1046761901},{"Length":3.672328,"Height":4.112411,"Demand":1.0,"DemandMax":null,"Value":15.102122062807998},{"Length":2.246943,"Height":6.718733,"Demand":1.0,"DemandMax":null,"Value":15.096610083219},{"Length":5.122198,"Height":2.94519,"Demand":1.0,"DemandMax":null,"Value":15.08584632762},{"Length":4.586258,"Height":3.288265,"Demand":1.0,"DemandMax":null,"Value":15.08083166237},{"Length":2.455645,"Height":6.122685,"Demand":1.0,"DemandMax":null,"Value":15.035140806825},{"Length":2.019687,"Height":7.43773,"Demand":1.0,"DemandMax":null,"Value":15.021886590509999},{"Length":3.676615,"Height":4.084966,"Demand":1.0,"DemandMax":null,"Value":15.01884727009},{"Length":4.794038,"Height":3.128302,"Demand":1.0,"DemandMax":null,"Value":14.997198663475999},{"Length":3.882874,"Height":3.854839,"Demand":1.0,"DemandMax":null,"Value":14.967854127286001},{"Length":6.796852,"Height":2.201665,"Demand":1.0,"DemandMax":null,"Value":14.964391158580002},{"Length":4.383784,"Height":3.413295,"Demand":1.0,"DemandMax":null,"Value":14.963148008280003},{"Length":6.24743,"Height":2.394328,"Demand":1.0,"DemandMax":null,"Value":14.958396577039999},{"Length":1.988137,"Height":7.516843,"Demand":1.0,"DemandMax":null,"Value":14.944513691491},{"Length":2.68203,"Height":5.57088,"Demand":1.0,"DemandMax":null,"Value":14.9412672864},{"Length":6.570465,"Height":2.269133,"Demand":1.0,"DemandMax":null,"Value":14.909258956845001},{"Length":3.916871,"Height":3.804629,"Demand":1.0,"DemandMax":null,"Value":14.902240995859},{"Length":2.619738,"Height":5.681072,"Demand":1.0,"DemandMax":null,"Value":14.882920199136},{"Length":3.360859,"Height":4.424272,"Demand":1.0,"DemandMax":null,"Value":14.869354369648},{"Length":3.57163,"Height":4.154309,"Demand":1.0,"DemandMax":null,"Value":14.837654653669999},{"Length":2.030988,"Height":7.303744,"Demand":1.0,"DemandMax":null,"Value":14.833816419071999},{"Length":6.548982,"Height":2.260445,"Demand":1.0,"DemandMax":null,"Value":14.803613616989997},{"Length":2.444132,"Height":6.05491,"Demand":1.0,"DemandMax":null,"Value":14.798999288120001},{"Length":3.022551,"Height":4.881218,"Demand":1.0,"DemandMax":null,"Value":14.753730347118},{"Length":4.013076,"Height":3.674321,"Demand":1.0,"DemandMax":null,"Value":14.745329421395999},{"Length":3.198539,"Height":4.609563,"Demand":1.0,"DemandMax":null,"Value":14.743867028456998},{"Length":2.934214,"Height":5.004766,"Demand":1.0,"DemandMax":null,"Value":14.685054463923999},{"Length":3.364947,"Height":4.360733,"Demand":1.0,"DemandMax":null,"Value":14.673635426150998},{"Length":4.897852,"Height":2.988048,"Demand":1.0,"DemandMax":null,"Value":14.635016872896001},{"Length":3.64309,"Height":4.011336,"Demand":1.0,"DemandMax":null,"Value":14.61365806824},{"Length":7.244855,"Height":2.016621,"Demand":1.0,"DemandMax":null,"Value":14.610126734955003},{"Length":2.315871,"Height":6.292572,"Demand":1.0,"DemandMax":null,"Value":14.572785010212},{"Length":4.636243,"Height":3.141075,"Demand":1.0,"DemandMax":null,"Value":14.562786981225},{"Length":3.91129,"Height":3.722102,"Demand":1.0,"DemandMax":null,"Value":14.558220331580001},{"Length":2.944713,"Height":4.941113,"Demand":1.0,"DemandMax":null,"Value":14.550159685569},{"Length":3.623648,"Height":4.011621,"Demand":1.0,"DemandMax":null,"Value":14.536702413408001},{"Length":4.067671,"Height":3.573367,"Demand":1.0,"DemandMax":null,"Value":14.535281318257},{"Length":3.039523,"Height":4.779665,"Demand":1.0,"DemandMax":null,"Value":14.527901699794999},{"Length":3.191114,"Height":4.552525,"Demand":1.0,"DemandMax":null,"Value":14.52762626285},{"Length":4.152254,"Height":3.495066,"Demand":1.0,"DemandMax":null,"Value":14.512401778764},{"Length":2.87858,"Height":5.036652,"Demand":1.0,"DemandMax":null,"Value":14.49840571416},{"Length":4.11386,"Height":3.524204,"Demand":1.0,"DemandMax":null,"Value":14.49808186744},{"Length":3.797635,"Height":3.812961,"Demand":1.0,"DemandMax":null,"Value":14.480234147235},{"Length":3.619517,"Height":3.998417,"Demand":1.0,"DemandMax":null,"Value":14.472338304589},{"Length":3.57163,"Height":4.047401,"Demand":1.0,"DemandMax":null,"Value":14.45581883363},{"Length":3.022551,"Height":4.781828,"Demand":1.0,"DemandMax":null,"Value":14.453319003228},{"Length":3.189902,"Height":4.529793,"Demand":1.0,"DemandMax":null,"Value":14.449595750285999},{"Length":3.928873,"Height":3.674321,"Demand":1.0,"DemandMax":null,"Value":14.435940570232999},{"Length":3.376477,"Height":4.272845,"Demand":1.0,"DemandMax":null,"Value":14.427162867065},{"Length":5.845325,"Height":2.467341,"Demand":1.0,"DemandMax":null,"Value":14.422410030824999},{"Length":4.048034,"Height":3.561707,"Demand":1.0,"DemandMax":null,"Value":14.417911034038003},{"Length":3.547953,"Height":4.058172,"Demand":1.0,"DemandMax":null,"Value":14.398203521916},{"Length":3.512425,"Height":4.093969,"Demand":1.0,"DemandMax":null,"Value":14.379759064825},{"Length":2.614202,"Height":5.494533,"Demand":1.0,"DemandMax":null,"Value":14.363819157666},{"Length":3.265652,"Height":4.395223,"Demand":1.0,"DemandMax":null,"Value":14.353268780396},{"Length":3.08045,"Height":4.658281,"Demand":1.0,"DemandMax":null,"Value":14.349601706449999},{"Length":5.076286,"Height":2.822047,"Demand":1.0,"DemandMax":null,"Value":14.325517677441999},{"Length":3.335761,"Height":4.2921,"Demand":1.0,"DemandMax":null,"Value":14.317419788099999},{"Length":1.915344,"Height":7.438162,"Demand":1.0,"DemandMax":null,"Value":14.246638957727999},{"Length":2.539201,"Height":5.602267,"Demand":1.0,"DemandMax":null,"Value":14.225281968667},{"Length":2.117132,"Height":6.718733,"Demand":1.0,"DemandMax":null,"Value":14.224444633755999},{"Length":2.114064,"Height":6.718733,"Demand":1.0,"DemandMax":null,"Value":14.203831560912},{"Length":3.866972,"Height":3.666501,"Demand":1.0,"DemandMax":null,"Value":14.178256704972},{"Length":3.545086,"Height":3.985029,"Demand":1.0,"DemandMax":null,"Value":14.127270517493999},{"Length":5.466169,"Height":2.577482,"Demand":1.0,"DemandMax":null,"Value":14.088952206457998},{"Length":3.99748,"Height":3.508762,"Demand":1.0,"DemandMax":null,"Value":14.026205919759999},{"Length":3.910079,"Height":3.586682,"Demand":1.0,"DemandMax":null,"Value":14.024209967878},{"Length":4.586258,"Height":3.043761,"Demand":1.0,"DemandMax":null,"Value":13.959473236337999},{"Length":3.295174,"Height":4.234575,"Demand":1.0,"DemandMax":null,"Value":13.95366144105},{"Length":2.989853,"Height":4.626592,"Demand":1.0,"DemandMax":null,"Value":13.832829970975999},{"Length":7.244855,"Height":1.906509,"Demand":1.0,"DemandMax":null,"Value":13.812381261195},{"Length":3.64309,"Height":3.777643,"Demand":1.0,"DemandMax":null,"Value":13.76229343687},{"Length":3.375264,"Height":4.058541,"Demand":1.0,"DemandMax":null,"Value":13.698647329824},{"Length":3.467392,"Height":3.914001,"Demand":1.0,"DemandMax":null,"Value":13.571375755392},{"Length":5.934454,"Height":2.281656,"Demand":1.0,"DemandMax":null,"Value":13.540382575824},{"Length":5.13225,"Height":2.62377,"Demand":1.0,"DemandMax":null,"Value":13.4658435825},{"Length":5.541132,"Height":2.426147,"Demand":1.0,"DemandMax":null,"Value":13.443600778403999},{"Length":4.213243,"Height":3.172992,"Demand":1.0,"DemandMax":null,"Value":13.368586333056},{"Length":1.901779,"Height":7.027627,"Demand":1.0,"DemandMax":null,"Value":13.364993448433001},{"Length":3.274223,"Height":4.074226,"Demand":1.0,"DemandMax":null,"Value":13.339924476398002},{"Length":3.700936,"Height":3.59662,"Demand":1.0,"DemandMax":null,"Value":13.31086043632},{"Length":2.484719,"Height":5.295979,"Demand":1.0,"DemandMax":null,"Value":13.159019644901},{"Length":3.91129,"Height":3.336756,"Demand":1.0,"DemandMax":null,"Value":13.05102037524},{"Length":3.596813,"Height":3.60589,"Demand":1.0,"DemandMax":null,"Value":12.969712028570001},{"Length":4.86234,"Height":2.661418,"Demand":1.0,"DemandMax":null,"Value":12.940719198119998},{"Length":2.13299,"Height":6.05491,"Demand":1.0,"DemandMax":null,"Value":12.915062480899998},{"Length":3.425666,"Height":3.753385,"Demand":1.0,"DemandMax":null,"Value":12.857843379410001},{"Length":3.624702,"Height":3.523566,"Demand":1.0,"DemandMax":null,"Value":12.771876727332002},{"Length":4.572634,"Height":2.792023,"Demand":1.0,"DemandMax":null,"Value":12.766899298581999},{"Length":5.13225,"Height":2.483557,"Demand":1.0,"DemandMax":null,"Value":12.746235413249998},{"Length":4.227003,"Height":3.011275,"Demand":1.0,"DemandMax":null,"Value":12.728668458825},{"Length":2.509866,"Height":5.070418,"Demand":1.0,"DemandMax":null,"Value":12.726069743988},{"Length":4.713693,"Height":2.699742,"Demand":1.0,"DemandMax":null,"Value":12.725754967206},{"Length":2.944713,"Height":4.294377,"Demand":1.0,"DemandMax":null,"Value":12.645707778801},{"Length":2.793725,"Height":4.522343,"Demand":1.0,"DemandMax":null,"Value":12.634182697675},{"Length":2.934306,"Height":4.303751,"Demand":1.0,"DemandMax":null,"Value":12.628522381806},{"Length":4.587121,"Height":2.74962,"Demand":1.0,"DemandMax":null,"Value":12.612839644020001},{"Length":4.080167,"Height":3.075779,"Demand":1.0,"DemandMax":null,"Value":12.549691975093},{"Length":3.393763,"Height":3.690667,"Demand":1.0,"DemandMax":null,"Value":12.525249109920999},{"Length":5.934454,"Height":2.102443,"Demand":1.0,"DemandMax":null,"Value":12.476851271122},{"Length":2.982824,"Height":4.181645,"Demand":1.0,"DemandMax":null,"Value":12.473111065479998},{"Length":3.815089,"Height":3.257403,"Demand":1.0,"DemandMax":null,"Value":12.427282353867},{"Length":3.3357,"Height":3.703964,"Demand":1.0,"DemandMax":null,"Value":12.3553127148},{"Length":4.383784,"Height":2.815833,"Demand":1.0,"DemandMax":null,"Value":12.344003652072},{"Length":2.474915,"Height":4.98623,"Demand":1.0,"DemandMax":null,"Value":12.34049542045},{"Length":2.726212,"Height":4.522343,"Demand":1.0,"DemandMax":null,"Value":12.328865754716},{"Length":2.230398,"Height":5.517923,"Demand":1.0,"DemandMax":null,"Value":12.307164423354},{"Length":4.247199,"Height":2.895518,"Demand":1.0,"DemandMax":null,"Value":12.297841154082},{"Length":3.824977,"Height":3.208308,"Demand":1.0,"DemandMax":null,"Value":12.271704308916},{"Length":6.007438,"Height":2.042296,"Demand":1.0,"DemandMax":null,"Value":12.268966597648},{"Length":2.823914,"Height":4.342222,"Demand":1.0,"DemandMax":null,"Value":12.262061496907998},{"Length":3.360859,"Height":3.639989,"Demand":1.0,"DemandMax":null,"Value":12.233489790551},{"Length":3.779636,"Height":3.230338,"Demand":1.0,"DemandMax":null,"Value":12.209501796968},{"Length":2.712015,"Height":4.493061,"Demand":1.0,"DemandMax":null,"Value":12.185248827915},{"Length":6.324484,"Height":1.911569,"Demand":1.0,"DemandMax":null,"Value":12.089687555396},{"Length":2.872131,"Height":4.208902,"Demand":1.0,"DemandMax":null,"Value":12.088517910162},{"Length":3.820603,"Height":3.157149,"Demand":1.0,"DemandMax":null,"Value":12.062212940847001},{"Length":4.313277,"Height":2.780022,"Demand":1.0,"DemandMax":null,"Value":11.991004952094002},{"Length":2.27625,"Height":5.261365,"Demand":1.0,"DemandMax":null,"Value":11.97618208125},{"Length":3.383489,"Height":3.538796,"Demand":1.0,"DemandMax":null,"Value":11.973477339244},{"Length":2.21172,"Height":5.407288,"Demand":1.0,"DemandMax":null,"Value":11.959407015360002},{"Length":3.287865,"Height":3.6338,"Demand":1.0,"DemandMax":null,"Value":11.947443837},{"Length":3.372342,"Height":3.539753,"Demand":1.0,"DemandMax":null,"Value":11.937257711526002},{"Length":3.132674,"Height":3.803334,"Demand":1.0,"DemandMax":null,"Value":11.914605535116001},{"Length":2.889252,"Height":4.122129,"Demand":1.0,"DemandMax":null,"Value":11.909869457508},{"Length":1.963797,"Height":6.05491,"Demand":1.0,"DemandMax":null,"Value":11.890614093269999},{"Length":2.923083,"Height":4.063352,"Demand":1.0,"DemandMax":null,"Value":11.877515154216},{"Length":2.300655,"Height":5.156304,"Demand":1.0,"DemandMax":null,"Value":11.86287657912},{"Length":6.401442,"Height":1.850927,"Demand":1.0,"DemandMax":null,"Value":11.848601836734},{"Length":3.745694,"Height":3.158597,"Demand":1.0,"DemandMax":null,"Value":11.831137831318},{"Length":4.458636,"Height":2.650723,"Demand":1.0,"DemandMax":null,"Value":11.818608993828},{"Length":2.889252,"Height":4.078407,"Demand":1.0,"DemandMax":null,"Value":11.783545581564},{"Length":4.821199,"Height":2.44277,"Demand":1.0,"DemandMax":null,"Value":11.777080281229999},{"Length":4.898968,"Height":2.398755,"Demand":1.0,"DemandMax":null,"Value":11.75142398484},{"Length":5.670041,"Height":2.071136,"Demand":1.0,"DemandMax":null,"Value":11.743426036576},{"Length":3.056139,"Height":3.842288,"Demand":1.0,"DemandMax":null,"Value":11.742566206032},{"Length":6.304533,"Height":1.861626,"Demand":1.0,"DemandMax":null,"Value":11.736682550658001},{"Length":2.615383,"Height":4.485704,"Demand":1.0,"DemandMax":null,"Value":11.731833984632},{"Length":2.537702,"Height":4.614059,"Demand":1.0,"DemandMax":null,"Value":11.709106752418},{"Length":2.923083,"Height":3.995114,"Demand":1.0,"DemandMax":null,"Value":11.678049816462},{"Length":3.958776,"Height":2.946496,"Demand":1.0,"DemandMax":null,"Value":11.664517648895998},{"Length":3.202649,"Height":3.64133,"Demand":1.0,"DemandMax":null,"Value":11.66190188317},{"Length":2.10629,"Height":5.533504,"Demand":1.0,"DemandMax":null,"Value":11.65516414016},{"Length":5.095452,"Height":2.286867,"Demand":1.0,"DemandMax":null,"Value":11.652621028883999},{"Length":3.230875,"Height":3.60017,"Demand":1.0,"DemandMax":null,"Value":11.63169924875},{"Length":3.681306,"Height":3.158597,"Demand":1.0,"DemandMax":null,"Value":11.627762087682001},{"Length":2.872131,"Height":4.045799,"Demand":1.0,"DemandMax":null,"Value":11.620064727669},{"Length":2.66468,"Height":4.359387,"Demand":1.0,"DemandMax":null,"Value":11.61637135116},{"Length":1.762095,"Height":6.586026,"Demand":1.0,"DemandMax":null,"Value":11.60520348447},{"Length":3.11493,"Height":3.725588,"Demand":1.0,"DemandMax":null,"Value":11.604945828840002},{"Length":2.756858,"Height":4.203969,"Demand":1.0,"DemandMax":null,"Value":11.589745569401998},{"Length":2.997108,"Height":3.842288,"Demand":1.0,"DemandMax":null,"Value":11.515752103103999},{"Length":2.141815,"Height":5.361851,"Demand":1.0,"DemandMax":null,"Value":11.484092899564999},{"Length":2.66468,"Height":4.302083,"Demand":1.0,"DemandMax":null,"Value":11.46367452844},{"Length":2.129933,"Height":5.377046,"Demand":1.0,"DemandMax":null,"Value":11.452747717918},{"Length":4.682145,"Height":2.445879,"Demand":1.0,"DemandMax":null,"Value":11.451960130455001},{"Length":3.892491,"Height":2.940668,"Demand":1.0,"DemandMax":null,"Value":11.446523723988001},{"Length":2.216586,"Height":5.145078,"Demand":1.0,"DemandMax":null,"Value":11.404507863708},{"Length":4.311695,"Height":2.641937,"Demand":1.0,"DemandMax":null,"Value":11.391226553215},{"Length":4.066058,"Height":2.759217,"Demand":1.0,"DemandMax":null,"Value":11.219136356586},{"Length":3.064567,"Height":3.653042,"Demand":1.0,"DemandMax":null,"Value":11.194991962813999},{"Length":2.09379,"Height":5.338478,"Demand":1.0,"DemandMax":null,"Value":11.17765185162},{"Length":5.274113,"Height":2.111196,"Demand":1.0,"DemandMax":null,"Value":11.134686269148},{"Length":4.214313,"Height":2.641937,"Demand":1.0,"DemandMax":null,"Value":11.133949444280999},{"Length":2.288413,"Height":4.84991,"Demand":1.0,"DemandMax":null,"Value":11.09859709283},{"Length":2.462184,"Height":4.506485,"Demand":1.0,"DemandMax":null,"Value":11.09579526324},{"Length":3.719831,"Height":2.980136,"Demand":1.0,"DemandMax":null,"Value":11.085602277016},{"Length":2.6946,"Height":4.102396,"Demand":1.0,"DemandMax":null,"Value":11.054316261599999},{"Length":5.730359,"Height":1.920201,"Demand":1.0,"DemandMax":null,"Value":11.003441082159},{"Length":3.687107,"Height":2.980136,"Demand":1.0,"DemandMax":null,"Value":10.988080306552},{"Length":4.091218,"Height":2.685669,"Demand":1.0,"DemandMax":null,"Value":10.987657354841998},{"Length":4.898968,"Height":2.241611,"Demand":1.0,"DemandMax":null,"Value":10.981580557447998},{"Length":1.983767,"Height":5.533504,"Demand":1.0,"DemandMax":null,"Value":10.977182629568},{"Length":4.11386,"Height":2.667621,"Demand":1.0,"DemandMax":null,"Value":10.97421932706},{"Length":1.665809,"Height":6.586026,"Demand":1.0,"DemandMax":null,"Value":10.971061385034002},{"Length":3.916871,"Height":2.800754,"Demand":1.0,"DemandMax":null,"Value":10.970192120734},{"Length":4.382346,"Height":2.500727,"Demand":1.0,"DemandMax":null,"Value":10.959050965542},{"Length":3.640657,"Height":3.008799,"Demand":1.0,"DemandMax":null,"Value":10.954005140943},{"Length":2.815028,"Height":3.887475,"Demand":1.0,"DemandMax":null,"Value":10.9433509743},{"Length":4.091218,"Height":2.668858,"Demand":1.0,"DemandMax":null,"Value":10.918879889044},{"Length":3.350133,"Height":3.254998,"Demand":1.0,"DemandMax":null,"Value":10.904676214734},{"Length":5.845325,"Height":1.864162,"Demand":1.0,"DemandMax":null,"Value":10.89663274265},{"Length":1.925238,"Height":5.658974,"Demand":1.0,"DemandMax":null,"Value":10.894871785811999},{"Length":5.122198,"Height":2.126199,"Demand":1.0,"DemandMax":null,"Value":10.890812265402001},{"Length":2.218344,"Height":4.898212,"Demand":1.0,"DemandMax":null,"Value":10.865919200928001},{"Length":1.789867,"Height":6.064953,"Demand":1.0,"DemandMax":null,"Value":10.855459231251},{"Length":3.279663,"Height":3.307758,"Demand":1.0,"DemandMax":null,"Value":10.848331525554002},{"Length":1.916173,"Height":5.659736,"Demand":1.0,"DemandMax":null,"Value":10.845033310327999},{"Length":3.039523,"Height":3.559537,"Demand":1.0,"DemandMax":null,"Value":10.819294580851},{"Length":5.041443,"Height":2.144534,"Demand":1.0,"DemandMax":null,"Value":10.811545922562},{"Length":5.123177,"Height":2.104736,"Demand":1.0,"DemandMax":null,"Value":10.782935066272},{"Length":4.136114,"Height":2.606699,"Demand":1.0,"DemandMax":null,"Value":10.781604227686},{"Length":2.294253,"Height":4.692663,"Demand":1.0,"DemandMax":null,"Value":10.766156165738998},{"Length":2.20348,"Height":4.883,"Demand":1.0,"DemandMax":null,"Value":10.75959284},{"Length":3.598427,"Height":2.989246,"Demand":1.0,"DemandMax":null,"Value":10.756583516042001},{"Length":4.441485,"Height":2.418581,"Demand":1.0,"DemandMax":null,"Value":10.742091232785},{"Length":6.503341,"Height":1.651453,"Demand":1.0,"DemandMax":null,"Value":10.739962004473},{"Length":3.640657,"Height":2.946121,"Demand":1.0,"DemandMax":null,"Value":10.725816041497001},{"Length":5.274113,"Height":2.033269,"Demand":1.0,"DemandMax":null,"Value":10.723690465397},{"Length":6.503341,"Height":1.648891,"Demand":1.0,"DemandMax":null,"Value":10.723300444831},{"Length":5.19458,"Height":2.063064,"Demand":1.0,"DemandMax":null,"Value":10.71675099312},{"Length":6.24743,"Height":1.709192,"Demand":1.0,"DemandMax":null,"Value":10.67805737656},{"Length":2.6946,"Height":3.961864,"Demand":1.0,"DemandMax":null,"Value":10.6756387344},{"Length":5.123177,"Height":2.079535,"Demand":1.0,"DemandMax":null,"Value":10.653825882695},{"Length":3.471784,"Height":3.065866,"Demand":1.0,"DemandMax":null,"Value":10.644024524944001},{"Length":5.124365,"Height":2.071354,"Demand":1.0,"DemandMax":null,"Value":10.61437394021},{"Length":4.247199,"Height":2.494116,"Demand":1.0,"DemandMax":null,"Value":10.593006981084},{"Length":3.59355,"Height":2.940668,"Demand":1.0,"DemandMax":null,"Value":10.5674374914},{"Length":3.659932,"Height":2.886002,"Demand":1.0,"DemandMax":null,"Value":10.562571071864},{"Length":2.796917,"Height":3.774698,"Demand":1.0,"DemandMax":null,"Value":10.557517006066},{"Length":5.034697,"Height":2.093897,"Demand":1.0,"DemandMax":null,"Value":10.542136944209002},{"Length":3.03986,"Height":3.467412,"Demand":1.0,"DemandMax":null,"Value":10.54044704232},{"Length":4.831525,"Height":2.178435,"Demand":1.0,"DemandMax":null,"Value":10.525163163375},{"Length":3.976288,"Height":2.64627,"Demand":1.0,"DemandMax":null,"Value":10.52233164576},{"Length":4.580987,"Height":2.296419,"Demand":1.0,"DemandMax":null,"Value":10.519865585553001},{"Length":4.383784,"Height":2.395662,"Demand":1.0,"DemandMax":null,"Value":10.502064745008001},{"Length":3.405874,"Height":3.075779,"Demand":1.0,"DemandMax":null,"Value":10.475715725846},{"Length":3.824977,"Height":2.738152,"Demand":1.0,"DemandMax":null,"Value":10.473368422504},{"Length":3.99917,"Height":2.618141,"Demand":1.0,"DemandMax":null,"Value":10.470390942969999},{"Length":3.598427,"Height":2.906773,"Demand":1.0,"DemandMax":null,"Value":10.459810446071},{"Length":4.152254,"Height":2.514455,"Demand":1.0,"DemandMax":null,"Value":10.44065583157},{"Length":4.70522,"Height":2.211934,"Demand":1.0,"DemandMax":null,"Value":10.40763609548},{"Length":3.969456,"Height":2.619772,"Demand":1.0,"DemandMax":null,"Value":10.399069684032002},{"Length":1.713979,"Height":6.064953,"Demand":1.0,"DemandMax":null,"Value":10.395202077987},{"Length":4.203051,"Height":2.470327,"Demand":1.0,"DemandMax":null,"Value":10.382910367677},{"Length":3.82839,"Height":2.711922,"Demand":1.0,"DemandMax":null,"Value":10.382295065580001},{"Length":3.179968,"Height":3.259112,"Demand":1.0,"DemandMax":null,"Value":10.363871868416},{"Length":2.956224,"Height":3.50398,"Demand":1.0,"DemandMax":null,"Value":10.35854977152},{"Length":4.066058,"Height":2.54419,"Demand":1.0,"DemandMax":null,"Value":10.34482410302},{"Length":3.064567,"Height":3.374585,"Demand":1.0,"DemandMax":null,"Value":10.341641829695},{"Length":4.01632,"Height":2.573228,"Demand":1.0,"DemandMax":null,"Value":10.33490708096},{"Length":5.307543,"Height":1.947206,"Demand":1.0,"DemandMax":null,"Value":10.334879574858},{"Length":2.351875,"Height":4.394001,"Demand":1.0,"DemandMax":null,"Value":10.334141101875002},{"Length":1.748756,"Height":5.896019,"Demand":1.0,"DemandMax":null,"Value":10.310698602363999},{"Length":4.580987,"Height":2.244548,"Demand":1.0,"DemandMax":null,"Value":10.282245208876},{"Length":4.458636,"Height":2.305937,"Demand":1.0,"DemandMax":null,"Value":10.281333721932},{"Length":2.216142,"Height":4.636083,"Demand":1.0,"DemandMax":null,"Value":10.274218251786001},{"Length":4.821199,"Height":2.12879,"Demand":1.0,"DemandMax":null,"Value":10.26332021921},{"Length":4.129824,"Height":2.481695,"Demand":1.0,"DemandMax":null,"Value":10.248963571680001},{"Length":1.835684,"Height":5.58242,"Demand":1.0,"DemandMax":null,"Value":10.24755907528},{"Length":5.307543,"Height":1.929034,"Demand":1.0,"DemandMax":null,"Value":10.238430903462},{"Length":3.184105,"Height":3.210745,"Demand":1.0,"DemandMax":null,"Value":10.223349208225},{"Length":2.294253,"Height":4.455153,"Demand":1.0,"DemandMax":null,"Value":10.221248135709},{"Length":1.803186,"Height":5.659736,"Demand":1.0,"DemandMax":null,"Value":10.205556718895998},{"Length":1.995317,"Height":5.11199,"Demand":1.0,"DemandMax":null,"Value":10.20004055083},{"Length":3.687949,"Height":2.764609,"Demand":1.0,"DemandMax":null,"Value":10.195736996941001},{"Length":3.048738,"Height":3.339746,"Demand":1.0,"DemandMax":null,"Value":10.182010540548001},{"Length":4.600076,"Height":2.212004,"Demand":1.0,"DemandMax":null,"Value":10.175386512303998},{"Length":4.565567,"Height":2.224197,"Demand":1.0,"DemandMax":null,"Value":10.154720424699},{"Length":3.976288,"Height":2.55369,"Demand":1.0,"DemandMax":null,"Value":10.15420690272},{"Length":2.501934,"Height":4.058541,"Demand":1.0,"DemandMax":null,"Value":10.154201718293999},{"Length":3.893949,"Height":2.606699,"Demand":1.0,"DemandMax":null,"Value":10.150352964351},{"Length":3.444002,"Height":2.94375,"Demand":1.0,"DemandMax":null,"Value":10.1382808875},{"Length":2.273967,"Height":4.447742,"Demand":1.0,"DemandMax":null,"Value":10.114018532513999},{"Length":2.167462,"Height":4.665011,"Demand":1.0,"DemandMax":null,"Value":10.111234072082},{"Length":4.441485,"Height":2.275679,"Demand":1.0,"DemandMax":null,"Value":10.107394143315},{"Length":1.823725,"Height":5.533504,"Demand":1.0,"DemandMax":null,"Value":10.0915895824},{"Length":1.807406,"Height":5.58242,"Demand":1.0,"DemandMax":null,"Value":10.08969940252},{"Length":3.170697,"Height":3.181818,"Demand":1.0,"DemandMax":null,"Value":10.088580787146},{"Length":3.279663,"Height":3.071139,"Demand":1.0,"DemandMax":null,"Value":10.072300946157},{"Length":4.152254,"Height":2.425595,"Demand":1.0,"DemandMax":null,"Value":10.07168654113},{"Length":4.659565,"Height":2.159847,"Demand":1.0,"DemandMax":null,"Value":10.063947486555},{"Length":2.801661,"Height":3.591581,"Demand":1.0,"DemandMax":null,"Value":10.062392416041002},{"Length":1.775977,"Height":5.658974,"Demand":1.0,"DemandMax":null,"Value":10.050207667597999},{"Length":4.039199,"Height":2.481695,"Demand":1.0,"DemandMax":null,"Value":10.024059962305001},{"Length":2.219388,"Height":4.506485,"Demand":1.0,"DemandMax":null,"Value":10.001638731179998},{"Length":1.964169,"Height":5.091081,"Demand":1.0,"DemandMax":null,"Value":9.999743476689},{"Length":3.850278,"Height":2.595641,"Demand":1.0,"DemandMax":null,"Value":9.993939438198},{"Length":3.700936,"Height":2.69947,"Demand":1.0,"DemandMax":null,"Value":9.99056570392},{"Length":4.744179,"Height":2.104423,"Demand":1.0,"DemandMax":null,"Value":9.983759403717},{"Length":2.162114,"Height":4.616858,"Demand":1.0,"DemandMax":null,"Value":9.9821733178119985},{"Length":5.670041,"Height":1.758816,"Demand":1.0,"DemandMax":null,"Value":9.972558831456},{"Length":1.78043,"Height":5.59995,"Demand":1.0,"DemandMax":null,"Value":9.9703189785},{"Length":5.845325,"Height":1.705339,"Demand":1.0,"DemandMax":null,"Value":9.9682606901749988},{"Length":4.326692,"Height":2.301525,"Demand":1.0,"DemandMax":null,"Value":9.9579898053},{"Length":3.329464,"Height":2.988352,"Demand":1.0,"DemandMax":null,"Value":9.949610403328},{"Length":1.861018,"Height":5.345413,"Demand":1.0,"DemandMax":null,"Value":9.947909810434},{"Length":3.127756,"Height":3.178126,"Demand":1.0,"DemandMax":null,"Value":9.940402665256},{"Length":3.179968,"Height":3.119786,"Demand":1.0,"DemandMax":null,"Value":9.920819646848},{"Length":1.947976,"Height":5.091081,"Demand":1.0,"DemandMax":null,"Value":9.917303602056},{"Length":4.565567,"Height":2.169804,"Demand":1.0,"DemandMax":null,"Value":9.906385538868},{"Length":3.231148,"Height":3.065866,"Demand":1.0,"DemandMax":null,"Value":9.9062667941680012},{"Length":1.986697,"Height":4.98623,"Demand":1.0,"DemandMax":null,"Value":9.9061281823099989},{"Length":1.768733,"Height":5.59995,"Demand":1.0,"DemandMax":null,"Value":9.904816363350001},{"Length":1.984756,"Height":4.98623,"Demand":1.0,"DemandMax":null,"Value":9.89644990988},{"Length":2.653057,"Height":3.725278,"Demand":1.0,"DemandMax":null,"Value":9.883374874846},{"Length":2.595663,"Height":3.803334,"Demand":1.0,"DemandMax":null,"Value":9.872173340442},{"Length":3.170697,"Height":3.110755,"Demand":1.0,"DemandMax":null,"Value":9.863261546235},{"Length":1.964731,"Height":5.019995,"Demand":1.0,"DemandMax":null,"Value":9.862939796345},{"Length":2.653057,"Height":3.712452,"Demand":1.0,"DemandMax":null,"Value":9.849346765764},{"Length":1.668215,"Height":5.896019,"Demand":1.0,"DemandMax":null,"Value":9.835827336085},{"Length":2.288413,"Height":4.297905,"Demand":1.0,"DemandMax":null,"Value":9.835381674765},{"Length":2.979082,"Height":3.301161,"Demand":1.0,"DemandMax":null,"Value":9.834429314202},{"Length":1.899461,"Height":5.177293,"Demand":1.0,"DemandMax":null,"Value":9.834066139073},{"Length":1.956867,"Height":5.019995,"Demand":1.0,"DemandMax":null,"Value":9.823462555665},{"Length":2.500181,"Height":3.928968,"Demand":1.0,"DemandMax":null,"Value":9.823131143208},{"Length":5.730359,"Height":1.713071,"Demand":1.0,"DemandMax":null,"Value":9.816511822489},{"Length":4.946919,"Height":1.983241,"Demand":1.0,"DemandMax":null,"Value":9.8109325844790014},{"Length":1.567268,"Height":6.259518,"Demand":1.0,"DemandMax":null,"Value":9.810342256824},{"Length":3.183502,"Height":3.081416,"Demand":1.0,"DemandMax":null,"Value":9.809693998832},{"Length":4.258101,"Height":2.301998,"Demand":1.0,"DemandMax":null,"Value":9.802139985798},{"Length":1.565137,"Height":6.259518,"Demand":1.0,"DemandMax":null,"Value":9.797003223966},{"Length":2.129461,"Height":4.596424,"Demand":1.0,"DemandMax":null,"Value":9.787905647464},{"Length":4.258101,"Height":2.298574,"Demand":1.0,"DemandMax":null,"Value":9.787560247974},{"Length":1.913748,"Height":5.11199,"Demand":1.0,"DemandMax":null,"Value":9.7830606385199985},{"Length":4.383784,"Height":2.231472,"Demand":1.0,"DemandMax":null,"Value":9.782291250048},{"Length":3.329464,"Height":2.938063,"Demand":1.0,"DemandMax":null,"Value":9.782174988232},{"Length":2.468505,"Height":3.952116,"Demand":1.0,"DemandMax":null,"Value":9.75581810658},{"Length":2.730923,"Height":3.536883,"Demand":1.0,"DemandMax":null,"Value":9.658955133009},{"Length":1.817309,"Height":5.295979,"Demand":1.0,"DemandMax":null,"Value":9.624430300511},{"Length":4.605868,"Height":2.086596,"Demand":1.0,"DemandMax":null,"Value":9.610585745328},{"Length":2.213118,"Height":4.342222,"Demand":1.0,"DemandMax":null,"Value":9.609849668196},{"Length":6.007438,"Height":1.599035,"Demand":1.0,"DemandMax":null,"Value":9.60610362233},{"Length":2.399282,"Height":3.999925,"Demand":1.0,"DemandMax":null,"Value":9.59694805385},{"Length":3.737167,"Height":2.566751,"Demand":1.0,"DemandMax":null,"Value":9.592377134417},{"Length":4.613972,"Height":2.070126,"Demand":1.0,"DemandMax":null,"Value":9.551503400472},{"Length":2.795967,"Height":3.413068,"Demand":1.0,"DemandMax":null,"Value":9.542825496756},{"Length":3.746142,"Height":2.539558,"Demand":1.0,"DemandMax":null,"Value":9.513544885236},{"Length":3.829634,"Height":2.477686,"Demand":1.0,"DemandMax":null,"Value":9.488630546924},{"Length":3.191114,"Height":2.959059,"Demand":1.0,"DemandMax":null,"Value":9.4426946017259983},{"Length":3.738862,"Height":2.523542,"Demand":1.0,"DemandMax":null,"Value":9.435175289204},{"Length":3.318864,"Height":2.842494,"Demand":1.0,"DemandMax":null,"Value":9.4338510068159991},{"Length":3.737167,"Height":2.524329,"Demand":1.0,"DemandMax":null,"Value":9.4338390359429987},{"Length":2.045498,"Height":4.589737,"Demand":1.0,"DemandMax":null,"Value":9.388297854026},{"Length":2.882438,"Height":3.246668,"Demand":1.0,"DemandMax":null,"Value":9.358319216584},{"Length":4.833323,"Height":1.934994,"Demand":1.0,"DemandMax":null,"Value":9.352451005062},{"Length":3.676615,"Height":2.524569,"Demand":1.0,"DemandMax":null,"Value":9.281868253935},{"Length":4.403865,"Height":2.106959,"Demand":1.0,"DemandMax":null,"Value":9.2787629965349989},{"Length":4.279548,"Height":2.16788,"Demand":1.0,"DemandMax":null,"Value":9.27754651824},{"Length":4.441485,"Height":2.087307,"Demand":1.0,"DemandMax":null,"Value":9.270742730895},{"Length":3.171033,"Height":2.920651,"Demand":1.0,"DemandMax":null,"Value":9.261480702483},{"Length":3.40069,"Height":2.716251,"Demand":1.0,"DemandMax":null,"Value":9.2371276131900011},{"Length":4.946919,"Height":1.867023,"Demand":1.0,"DemandMax":null,"Value":9.236011552137},{"Length":2.155631,"Height":4.284565,"Demand":1.0,"DemandMax":null,"Value":9.235941135515},{"Length":3.287865,"Height":2.808129,"Demand":1.0,"DemandMax":null,"Value":9.232749054585},{"Length":3.864089,"Height":2.387877,"Demand":1.0,"DemandMax":null,"Value":9.2269692490529991},{"Length":4.458636,"Height":2.067137,"Demand":1.0,"DemandMax":null,"Value":9.216611445132},{"Length":2.989703,"Height":3.081416,"Demand":1.0,"DemandMax":null,"Value":9.212518659448},{"Length":2.143708,"Height":4.289245,"Demand":1.0,"DemandMax":null,"Value":9.194888820460001},{"Length":2.138151,"Height":4.300121,"Demand":1.0,"DemandMax":null,"Value":9.194308016271},{"Length":4.613972,"Height":1.988046,"Demand":1.0,"DemandMax":null,"Value":9.1727885787120016},{"Length":3.842713,"Height":2.381586,"Demand":1.0,"DemandMax":null,"Value":9.151751482818},{"Length":2.232797,"Height":4.097176,"Demand":1.0,"DemandMax":null,"Value":9.148162281272},{"Length":2.380082,"Height":3.841163,"Demand":1.0,"DemandMax":null,"Value":9.142282915366},{"Length":4.584973,"Height":1.993682,"Demand":1.0,"DemandMax":null,"Value":9.1409781405859984},{"Length":4.106835,"Height":2.22268,"Demand":1.0,"DemandMax":null,"Value":9.1281800178},{"Length":3.591365,"Height":2.534204,"Demand":1.0,"DemandMax":null,"Value":9.10125154846},{"Length":2.391483,"Height":3.803334,"Demand":1.0,"DemandMax":null,"Value":9.095608604322},{"Length":2.594966,"Height":3.500957,"Demand":1.0,"DemandMax":null,"Value":9.084864382462},{"Length":4.213243,"Height":2.156037,"Demand":1.0,"DemandMax":null,"Value":9.0839077979910012},{"Length":3.393763,"Height":2.670332,"Demand":1.0,"DemandMax":null,"Value":9.062473939316},{"Length":2.305995,"Height":3.928968,"Demand":1.0,"DemandMax":null,"Value":9.06018056316},{"Length":3.99917,"Height":2.264858,"Demand":1.0,"DemandMax":null,"Value":9.0575521678599991},{"Length":3.49477,"Height":2.590086,"Demand":1.0,"DemandMax":null,"Value":9.05175485022},{"Length":1.80662,"Height":5.004766,"Demand":1.0,"DemandMax":null,"Value":9.041710350919999},{"Length":3.545086,"Height":2.55017,"Demand":1.0,"DemandMax":null,"Value":9.04057196462},{"Length":5.209677,"Height":1.734169,"Demand":1.0,"DemandMax":null,"Value":9.0344603534130012},{"Length":2.675471,"Height":3.372993,"Demand":1.0,"DemandMax":null,"Value":9.024344954703},{"Length":2.04799,"Height":4.370005,"Demand":1.0,"DemandMax":null,"Value":8.94972653995},{"Length":4.172715,"Height":2.144497,"Demand":1.0,"DemandMax":null,"Value":8.948374799355},{"Length":2.456316,"Height":3.641039,"Demand":1.0,"DemandMax":null,"Value":8.943542352324},{"Length":3.241657,"Height":2.757277,"Demand":1.0,"DemandMax":null,"Value":8.9381462879890012},{"Length":1.99295,"Height":4.481697,"Demand":1.0,"DemandMax":null,"Value":8.93179803615},{"Length":2.920515,"Height":3.054087,"Demand":1.0,"DemandMax":null,"Value":8.919506894805},{"Length":2.756858,"Height":3.234193,"Demand":1.0,"DemandMax":null,"Value":8.916210845594},{"Length":2.675471,"Height":3.319834,"Demand":1.0,"DemandMax":null,"Value":8.882119591814},{"Length":3.380249,"Height":2.627416,"Demand":1.0,"DemandMax":null,"Value":8.8813203065840014},{"Length":3.489122,"Height":2.544891,"Demand":1.0,"DemandMax":null,"Value":8.879435175702},{"Length":2.113885,"Height":4.195222,"Demand":1.0,"DemandMax":null,"Value":8.86821685747},{"Length":2.415346,"Height":3.671601,"Demand":1.0,"DemandMax":null,"Value":8.868186788946},{"Length":2.109326,"Height":4.20115,"Demand":1.0,"DemandMax":null,"Value":8.8615949249},{"Length":4.071963,"Height":2.175742,"Demand":1.0,"DemandMax":null,"Value":8.8595409215460013},{"Length":2.817256,"Height":3.141271,"Demand":1.0,"DemandMax":null,"Value":8.8497645723760012},{"Length":3.640657,"Height":2.429038,"Demand":1.0,"DemandMax":null,"Value":8.843294197966},{"Length":2.974772,"Height":2.970066,"Demand":1.0,"DemandMax":null,"Value":8.8352691749520016},{"Length":2.563543,"Height":3.440912,"Demand":1.0,"DemandMax":null,"Value":8.820925871216},{"Length":1.59366,"Height":5.533504,"Demand":1.0,"DemandMax":null,"Value":8.81852398464},{"Length":2.434661,"Height":3.617216,"Demand":1.0,"DemandMax":null,"Value":8.8066947237760012},{"Length":3.2263,"Height":2.717824,"Demand":1.0,"DemandMax":null,"Value":8.7685155712},{"Length":2.109718,"Height":4.150347,"Demand":1.0,"DemandMax":null,"Value":8.756061772146},{"Length":3.700936,"Height":2.365381,"Demand":1.0,"DemandMax":null,"Value":8.754123696616},{"Length":4.08708,"Height":2.13831,"Demand":1.0,"DemandMax":null,"Value":8.7394440348000018},{"Length":2.972838,"Height":2.938186,"Demand":1.0,"DemandMax":null,"Value":8.734750991868},{"Length":2.191754,"Height":3.981945,"Demand":1.0,"DemandMax":null,"Value":8.72744388153},{"Length":4.237442,"Height":2.055535,"Demand":1.0,"DemandMax":null,"Value":8.710210341469999},{"Length":2.768125,"Height":3.144336,"Demand":1.0,"DemandMax":null,"Value":8.70391509},{"Length":2.056957,"Height":4.230082,"Demand":1.0,"DemandMax":null,"Value":8.7010967804740016},{"Length":3.98381,"Height":2.174822,"Demand":1.0,"DemandMax":null,"Value":8.66407763182},{"Length":3.210764,"Height":2.693228,"Demand":1.0,"DemandMax":null,"Value":8.647319506192},{"Length":1.963392,"Height":4.392606,"Demand":1.0,"DemandMax":null,"Value":8.624407479552},{"Length":2.009773,"Height":4.291219,"Demand":1.0,"DemandMax":null,"Value":8.624376083287},{"Length":2.458252,"Height":3.50398,"Demand":1.0,"DemandMax":null,"Value":8.61366584296},{"Length":2.121858,"Height":4.058541,"Demand":1.0,"DemandMax":null,"Value":8.611647689178},{"Length":2.853363,"Height":3.01598,"Demand":1.0,"DemandMax":null,"Value":8.6056857407399985},{"Length":4.071963,"Height":2.112617,"Demand":1.0,"DemandMax":null,"Value":8.6024982571710016},{"Length":2.649874,"Height":3.246189,"Demand":1.0,"DemandMax":null,"Value":8.601991830186},{"Length":1.554493,"Height":5.533504,"Demand":1.0,"DemandMax":null,"Value":8.601793233472},{"Length":3.219698,"Height":2.665717,"Demand":1.0,"DemandMax":null,"Value":8.582803693466},{"Length":2.144098,"Height":3.998417,"Demand":1.0,"DemandMax":null,"Value":8.572997892866},{"Length":2.24872,"Height":3.807753,"Demand":1.0,"DemandMax":null,"Value":8.56257032616},{"Length":2.20664,"Height":3.878788,"Demand":1.0,"DemandMax":null,"Value":8.559088752320001},{"Length":2.253402,"Height":3.797501,"Demand":1.0,"DemandMax":null,"Value":8.557296348402},{"Length":4.833323,"Height":1.768969,"Demand":1.0,"DemandMax":null,"Value":8.549998553987},{"Length":3.289995,"Height":2.598303,"Demand":1.0,"DemandMax":null,"Value":8.5484038784849989},{"Length":5.660418,"Height":1.509782,"Demand":1.0,"DemandMax":null,"Value":8.545997208875999},{"Length":4.133311,"Height":2.067418,"Demand":1.0,"DemandMax":null,"Value":8.545281560998},{"Length":4.584973,"Height":1.861947,"Demand":1.0,"DemandMax":null,"Value":8.536976722431},{"Length":1.640467,"Height":5.199959,"Demand":1.0,"DemandMax":null,"Value":8.530361140853},{"Length":2.87858,"Height":2.96241,"Demand":1.0,"DemandMax":null,"Value":8.5275341778},{"Length":1.995544,"Height":4.256524,"Demand":1.0,"DemandMax":null,"Value":8.4940809290559987},{"Length":3.506431,"Height":2.420686,"Demand":1.0,"DemandMax":null,"Value":8.487968431666},{"Length":1.535601,"Height":5.517923,"Demand":1.0,"DemandMax":null,"Value":8.473328076723},{"Length":4.213243,"Height":2.006986,"Demand":1.0,"DemandMax":null,"Value":8.455919715598},{"Length":2.138151,"Height":3.95458,"Demand":1.0,"DemandMax":null,"Value":8.45548918158},{"Length":1.684132,"Height":5.019995,"Demand":1.0,"DemandMax":null,"Value":8.45433421934},{"Length":3.625644,"Height":2.328578,"Demand":1.0,"DemandMax":null,"Value":8.4425948542319986},{"Length":3.424337,"Height":2.465131,"Demand":1.0,"DemandMax":null,"Value":8.441439293146999},{"Length":1.570447,"Height":5.349578,"Demand":1.0,"DemandMax":null,"Value":8.401228721366},{"Length":2.196171,"Height":3.824452,"Demand":1.0,"DemandMax":null,"Value":8.3991505732920011},{"Length":2.594966,"Height":3.234417,"Demand":1.0,"DemandMax":null,"Value":8.393202144822},{"Length":4.831525,"Height":1.735679,"Demand":1.0,"DemandMax":null,"Value":8.385976480475},{"Length":2.143708,"Height":3.911292,"Demand":1.0,"DemandMax":null,"Value":8.384667950736},{"Length":3.923355,"Height":2.13617,"Demand":1.0,"DemandMax":null,"Value":8.38095325035},{"Length":2.951078,"Height":2.836927,"Demand":1.0,"DemandMax":null,"Value":8.371992857306001},{"Length":3.252219,"Height":2.572543,"Demand":1.0,"DemandMax":null,"Value":8.3664732229170014},{"Length":3.695603,"Height":2.263414,"Demand":1.0,"DemandMax":null,"Value":8.364679568642},{"Length":1.561958,"Height":5.349578,"Demand":1.0,"DemandMax":null,"Value":8.355816153724},{"Length":1.820177,"Height":4.590543,"Demand":1.0,"DemandMax":null,"Value":8.355600786111},{"Length":3.695603,"Height":2.258929,"Demand":1.0,"DemandMax":null,"Value":8.3481047891870013},{"Length":3.8957,"Height":2.140327,"Demand":1.0,"DemandMax":null,"Value":8.3380718939},{"Length":3.237588,"Height":2.572543,"Demand":1.0,"DemandMax":null,"Value":8.3288343462840011},{"Length":2.335833,"Height":3.561707,"Demand":1.0,"DemandMax":null,"Value":8.319552746931},{"Length":4.258101,"Height":1.951378,"Demand":1.0,"DemandMax":null,"Value":8.309164613178},{"Length":2.920515,"Height":2.841932,"Demand":1.0,"DemandMax":null,"Value":8.29990503498},{"Length":3.658919,"Height":2.266811,"Demand":1.0,"DemandMax":null,"Value":8.294077837309},{"Length":1.702865,"Height":4.858318,"Demand":1.0,"DemandMax":null,"Value":8.27305968107},{"Length":5.660418,"Height":1.460284,"Demand":1.0,"DemandMax":null,"Value":8.265817838712},{"Length":1.460114,"Height":5.659736,"Demand":1.0,"DemandMax":null,"Value":8.2638597699039984},{"Length":4.172715,"Height":1.979027,"Demand":1.0,"DemandMax":null,"Value":8.2579156483050014},{"Length":4.133311,"Height":1.990754,"Demand":1.0,"DemandMax":null,"Value":8.228405406494},{"Length":2.271122,"Height":3.621506,"Demand":1.0,"DemandMax":null,"Value":8.2248819497320014},{"Length":2.795488,"Height":2.936397,"Demand":1.0,"DemandMax":null,"Value":8.208662576736},{"Length":3.419893,"Height":2.398712,"Demand":1.0,"DemandMax":null,"Value":8.2033383778160012},{"Length":3.833111,"Height":2.13617,"Demand":1.0,"DemandMax":null,"Value":8.18817672487},{"Length":3.193918,"Height":2.563676,"Demand":1.0,"DemandMax":null,"Value":8.188170922568},{"Length":2.105373,"Height":3.881026,"Demand":1.0,"DemandMax":null,"Value":8.171007352698},{"Length":3.109558,"Height":2.627416,"Demand":1.0,"DemandMax":null,"Value":8.170102442128},{"Length":2.554783,"Height":3.197675,"Demand":1.0,"DemandMax":null,"Value":8.169365729525},{"Length":2.105373,"Height":3.877113,"Demand":1.0,"DemandMax":null,"Value":8.162769028149},{"Length":4.172715,"Height":1.955984,"Demand":1.0,"DemandMax":null,"Value":8.16176377656},{"Length":2.550706,"Height":3.197675,"Demand":1.0,"DemandMax":null,"Value":8.1563288085499988},{"Length":2.32402,"Height":3.508762,"Demand":1.0,"DemandMax":null,"Value":8.1544330632399991},{"Length":1.775565,"Height":4.590543,"Demand":1.0,"DemandMax":null,"Value":8.150807481795},{"Length":2.391976,"Height":3.405244,"Demand":1.0,"DemandMax":null,"Value":8.145261922144},{"Length":3.658919,"Height":2.224478,"Demand":1.0,"DemandMax":null,"Value":8.139184819282},{"Length":2.004798,"Height":4.058541,"Demand":1.0,"DemandMax":null,"Value":8.136554879718},{"Length":2.155631,"Height":3.773901,"Demand":1.0,"DemandMax":null,"Value":8.135137986531},{"Length":1.901845,"Height":4.27705,"Demand":1.0,"DemandMax":null,"Value":8.1342861572500009},{"Length":4.01632,"Height":2.023196,"Demand":1.0,"DemandMax":null,"Value":8.12580255872},{"Length":4.605868,"Height":1.763668,"Demand":1.0,"DemandMax":null,"Value":8.123222003824},{"Length":2.645119,"Height":3.06846,"Demand":1.0,"DemandMax":null,"Value":8.11644184674},{"Length":3.147146,"Height":2.575758,"Demand":1.0,"DemandMax":null,"Value":8.1062864866680009},{"Length":1.972868,"Height":4.10774,"Demand":1.0,"DemandMax":null,"Value":8.10402879832},{"Length":3.810124,"Height":2.126262,"Demand":1.0,"DemandMax":null,"Value":8.101321876488},{"Length":2.570637,"Height":3.148567,"Demand":1.0,"DemandMax":null,"Value":8.093822827179},{"Length":5.282084,"Height":1.527043,"Demand":1.0,"DemandMax":null,"Value":8.065969397612},{"Length":2.058524,"Height":3.907788,"Demand":1.0,"DemandMax":null,"Value":8.044275384912},{"Length":1.41844,"Height":5.659736,"Demand":1.0,"DemandMax":null,"Value":8.02799593184},{"Length":1.612917,"Height":4.975741,"Demand":1.0,"DemandMax":null,"Value":8.025457246497},{"Length":2.017169,"Height":3.975871,"Demand":1.0,"DemandMax":null,"Value":8.020003729199},{"Length":5.03296,"Height":1.593009,"Demand":1.0,"DemandMax":null,"Value":8.01755057664},{"Length":1.517411,"Height":5.261365,"Demand":1.0,"DemandMax":null,"Value":7.983653126015},{"Length":3.694086,"Height":2.159847,"Demand":1.0,"DemandMax":null,"Value":7.978660564842},{"Length":3.676615,"Height":2.169415,"Demand":1.0,"DemandMax":null,"Value":7.976103730225},{"Length":3.665502,"Height":2.174822,"Demand":1.0,"DemandMax":null,"Value":7.9718143906439991},{"Length":1.821607,"Height":4.370005,"Demand":1.0,"DemandMax":null,"Value":7.9604316980349994},{"Length":1.436246,"Height":5.533504,"Demand":1.0,"DemandMax":null,"Value":7.9474729859839988},{"Length":1.483955,"Height":5.345413,"Demand":1.0,"DemandMax":null,"Value":7.9323523484149989},{"Length":3.549163,"Height":2.226975,"Demand":1.0,"DemandMax":null,"Value":7.903897271925},{"Length":2.505655,"Height":3.141075,"Demand":1.0,"DemandMax":null,"Value":7.8704502791249995},{"Length":2.585769,"Height":3.043685,"Demand":1.0,"DemandMax":null,"Value":7.870266318765},{"Length":2.23685,"Height":3.517673,"Demand":1.0,"DemandMax":null,"Value":7.8685068500499993},{"Length":2.645119,"Height":2.969752,"Demand":1.0,"DemandMax":null,"Value":7.8553474404880008},{"Length":1.61665,"Height":4.858318,"Demand":1.0,"DemandMax":null,"Value":7.8541997946999995},{"Length":2.046705,"Height":3.829952,"Demand":1.0,"DemandMax":null,"Value":7.8387819081600005},{"Length":1.488423,"Height":5.261365,"Demand":1.0,"DemandMax":null,"Value":7.8311366773949995},{"Length":1.952096,"Height":4.009254,"Demand":1.0,"DemandMax":null,"Value":7.8264486963840012},{"Length":2.815391,"Height":2.764609,"Demand":1.0,"DemandMax":null,"Value":7.7834552971190005},{"Length":4.279548,"Height":1.818732,"Demand":1.0,"DemandMax":null,"Value":7.783350893136},{"Length":2.795967,"Height":2.778862,"Demand":1.0,"DemandMax":null,"Value":7.7696064495540007},{"Length":3.444002,"Height":2.25555,"Demand":1.0,"DemandMax":null,"Value":7.7681187111},{"Length":3.050773,"Height":2.544891,"Demand":1.0,"DemandMax":null,"Value":7.7638847507429993},{"Length":3.101234,"Height":2.500727,"Demand":1.0,"DemandMax":null,"Value":7.755339597118},{"Length":5.034697,"Height":1.539375,"Demand":1.0,"DemandMax":null,"Value":7.750286694375},{"Length":4.355893,"Height":1.779244,"Demand":1.0,"DemandMax":null,"Value":7.750196484892},{"Length":3.171033,"Height":2.440509,"Demand":1.0,"DemandMax":null,"Value":7.738934575797},{"Length":2.165045,"Height":3.573367,"Demand":1.0,"DemandMax":null,"Value":7.736500356515001},{"Length":2.460198,"Height":3.144336,"Demand":1.0,"DemandMax":null,"Value":7.735689138528},{"Length":3.676615,"Height":2.102133,"Demand":1.0,"DemandMax":null,"Value":7.7287337197949988},{"Length":1.617327,"Height":4.774545,"Demand":1.0,"DemandMax":null,"Value":7.7220005412149995},{"Length":4.355893,"Height":1.772522,"Demand":1.0,"DemandMax":null,"Value":7.720916172146},{"Length":3.039523,"Height":2.538612,"Demand":1.0,"DemandMax":null,"Value":7.716169562076},{"Length":4.11386,"Height":1.872435,"Demand":1.0,"DemandMax":null,"Value":7.7029354491},{"Length":4.383784,"Height":1.756279,"Demand":1.0,"DemandMax":null,"Value":7.699147779736},{"Length":4.848178,"Height":1.585889,"Demand":1.0,"DemandMax":null,"Value":7.6886721602420005},{"Length":3.672328,"Height":2.092179,"Demand":1.0,"DemandMax":null,"Value":7.6831675227119991},{"Length":1.923991,"Height":3.982388,"Demand":1.0,"DemandMax":null,"Value":7.6620786705079995},{"Length":3.463803,"Height":2.211934,"Demand":1.0,"DemandMax":null,"Value":7.661703625002},{"Length":1.75982,"Height":4.342222,"Demand":1.0,"DemandMax":null,"Value":7.6415291200399986},{"Length":4.848178,"Height":1.572708,"Demand":1.0,"DemandMax":null,"Value":7.6247683260239993},{"Length":2.172723,"Height":3.508762,"Demand":1.0,"DemandMax":null,"Value":7.623567898926},{"Length":2.362405,"Height":3.222971,"Demand":1.0,"DemandMax":null,"Value":7.6139628052549995},{"Length":2.795488,"Height":2.722578,"Demand":1.0,"DemandMax":null,"Value":7.6109341280640006},{"Length":3.775785,"Height":2.0134,"Demand":1.0,"DemandMax":null,"Value":7.602165519},{"Length":2.815028,"Height":2.69855,"Demand":1.0,"DemandMax":null,"Value":7.5964938094},{"Length":3.609472,"Height":2.104423,"Demand":1.0,"DemandMax":null,"Value":7.595855894656},{"Length":3.191114,"Height":2.37937,"Demand":1.0,"DemandMax":null,"Value":7.59284091818},{"Length":3.688046,"Height":2.055455,"Demand":1.0,"DemandMax":null,"Value":7.5806125909299995},{"Length":1.457338,"Height":5.199959,"Demand":1.0,"DemandMax":null,"Value":7.578097849142},{"Length":2.40325,"Height":3.141424,"Demand":1.0,"DemandMax":null,"Value":7.549627228},{"Length":2.539201,"Height":2.970221,"Demand":1.0,"DemandMax":null,"Value":7.5419881334209995},{"Length":1.927904,"Height":3.907788,"Demand":1.0,"DemandMax":null,"Value":7.5338401163520006},{"Length":1.894121,"Height":3.975871,"Demand":1.0,"DemandMax":null,"Value":7.530780754391},{"Length":3.672328,"Height":2.050112,"Demand":1.0,"DemandMax":null,"Value":7.528683700735999},{"Length":2.273967,"Height":3.310397,"Demand":1.0,"DemandMax":null,"Value":7.5277335348989993},{"Length":2.976893,"Height":2.517221,"Demand":1.0,"DemandMax":null,"Value":7.493497574353},{"Length":4.409981,"Height":1.698041,"Demand":1.0,"DemandMax":null,"Value":7.488328547221},{"Length":2.63681,"Height":2.839144,"Demand":1.0,"DemandMax":null,"Value":7.48628329064},{"Length":4.291512,"Height":1.743922,"Demand":1.0,"DemandMax":null,"Value":7.484062190064},{"Length":3.291515,"Height":2.269348,"Demand":1.0,"DemandMax":null,"Value":7.46959298222},{"Length":2.640253,"Height":2.823244,"Demand":1.0,"DemandMax":null,"Value":7.4540784407319993},{"Length":1.871894,"Height":3.978638,"Demand":1.0,"DemandMax":null,"Value":7.447588600372},{"Length":1.968518,"Height":3.782172,"Demand":1.0,"DemandMax":null,"Value":7.445273661096},{"Length":4.472744,"Height":1.664339,"Demand":1.0,"DemandMax":null,"Value":7.444162276216},{"Length":2.615383,"Height":2.844339,"Demand":1.0,"DemandMax":null,"Value":7.4390358668370009},{"Length":4.258101,"Height":1.746821,"Demand":1.0,"DemandMax":null,"Value":7.438140246921},{"Length":1.478326,"Height":5.019995,"Demand":1.0,"DemandMax":null,"Value":7.42118912837},{"Length":5.094317,"Height":1.455423,"Demand":1.0,"DemandMax":null,"Value":7.414386131091},{"Length":5.282084,"Height":1.402234,"Demand":1.0,"DemandMax":null,"Value":7.406717775656},{"Length":2.629195,"Height":2.815193,"Demand":1.0,"DemandMax":null,"Value":7.4016913596350005},{"Length":2.345941,"Height":3.153319,"Demand":1.0,"DemandMax":null,"Value":7.397500328179},{"Length":2.345833,"Height":3.153319,"Demand":1.0,"DemandMax":null,"Value":7.397159769727},{"Length":3.257466,"Height":2.269348,"Demand":1.0,"DemandMax":null,"Value":7.392323952168},{"Length":1.585738,"Height":4.658281,"Demand":1.0,"DemandMax":null,"Value":7.386813196378},{"Length":3.171207,"Height":2.328578,"Demand":1.0,"DemandMax":null,"Value":7.3844028536459989},{"Length":2.795967,"Height":2.638475,"Demand":1.0,"DemandMax":null,"Value":7.377089030325001},{"Length":4.28947,"Height":1.719394,"Demand":1.0,"DemandMax":null,"Value":7.37528898118},{"Length":2.214561,"Height":3.32935,"Demand":1.0,"DemandMax":null,"Value":7.3730486653499989},{"Length":2.671191,"Height":2.757277,"Demand":1.0,"DemandMax":null,"Value":7.3652135069070006},{"Length":4.821199,"Height":1.527543,"Demand":1.0,"DemandMax":null,"Value":7.364588784057},{"Length":3.3116,"Height":2.22268,"Demand":1.0,"DemandMax":null,"Value":7.3606270879999993},{"Length":4.409981,"Height":1.668758,"Demand":1.0,"DemandMax":null,"Value":7.359191073598},{"Length":1.635839,"Height":4.491289,"Demand":1.0,"DemandMax":null,"Value":7.347025706471},{"Length":1.364991,"Height":5.375226,"Demand":1.0,"DemandMax":null,"Value":7.337135112966},{"Length":1.873996,"Height":3.907788,"Demand":1.0,"DemandMax":null,"Value":7.323179080848},{"Length":2.594397,"Height":2.822047,"Demand":1.0,"DemandMax":null,"Value":7.3215102706589992},{"Length":2.646256,"Height":2.764788,"Demand":1.0,"DemandMax":null,"Value":7.316336833728},{"Length":1.995544,"Height":3.665023,"Demand":1.0,"DemandMax":null,"Value":7.3137146575120004},{"Length":2.70576,"Height":2.699742,"Demand":1.0,"DemandMax":null,"Value":7.3048539139200006},{"Length":1.988519,"Height":3.671601,"Demand":1.0,"DemandMax":null,"Value":7.3010483489189992},{"Length":4.586258,"Height":1.588843,"Demand":1.0,"DemandMax":null,"Value":7.286843919494},{"Length":1.679839,"Height":4.335842,"Demand":1.0,"DemandMax":null,"Value":7.2835164894380009},{"Length":2.066724,"Height":3.523566,"Demand":1.0,"DemandMax":null,"Value":7.282238417784},{"Length":2.065039,"Height":3.523566,"Demand":1.0,"DemandMax":null,"Value":7.2763012090740009},{"Length":2.132204,"Height":3.405244,"Demand":1.0,"DemandMax":null,"Value":7.2606748777760011},{"Length":2.132451,"Height":3.402376,"Demand":1.0,"DemandMax":null,"Value":7.255400103576},{"Length":3.603317,"Height":2.011235,"Demand":1.0,"DemandMax":null,"Value":7.2471172664950005},{"Length":3.603317,"Height":2.009995,"Demand":1.0,"DemandMax":null,"Value":7.242649153415},{"Length":1.347023,"Height":5.375226,"Demand":1.0,"DemandMax":null,"Value":7.240553052198},{"Length":4.458636,"Height":1.622901,"Demand":1.0,"DemandMax":null,"Value":7.235924823036},{"Length":2.646256,"Height":2.729744,"Demand":1.0,"DemandMax":null,"Value":7.2236014384640006},{"Length":1.604274,"Height":4.491289,"Demand":1.0,"DemandMax":null,"Value":7.205258169186},{"Length":2.840687,"Height":2.534462,"Demand":1.0,"DemandMax":null,"Value":7.1996132553939995},{"Length":2.23685,"Height":3.217702,"Demand":1.0,"DemandMax":null,"Value":7.1975167187},{"Length":2.38362,"Height":3.019457,"Demand":1.0,"DemandMax":null,"Value":7.19723809434},{"Length":5.03296,"Height":1.429769,"Demand":1.0,"DemandMax":null,"Value":7.19597018624},{"Length":2.691232,"Height":2.673718,"Demand":1.0,"DemandMax":null,"Value":7.195595440576},{"Length":1.662679,"Height":4.322862,"Demand":1.0,"DemandMax":null,"Value":7.1875318672979995},{"Length":2.530273,"Height":2.839144,"Demand":1.0,"DemandMax":null,"Value":7.183809406312001},{"Length":1.887366,"Height":3.803334,"Demand":1.0,"DemandMax":null,"Value":7.1782832782440007},{"Length":4.28947,"Height":1.671648,"Demand":1.0,"DemandMax":null,"Value":7.1704839465599992},{"Length":4.586258,"Height":1.557613,"Demand":1.0,"DemandMax":null,"Value":7.143615082154},{"Length":1.622028,"Height":4.394001,"Demand":1.0,"DemandMax":null,"Value":7.1271926540280006},{"Length":2.089468,"Height":3.410198,"Demand":1.0,"DemandMax":null,"Value":7.125499594664},{"Length":2.798368,"Height":2.545933,"Demand":1.0,"DemandMax":null,"Value":7.124457437344},{"Length":3.31858,"Height":2.144534,"Demand":1.0,"DemandMax":null,"Value":7.11680764172},{"Length":2.52012,"Height":2.822047,"Demand":1.0,"DemandMax":null,"Value":7.11189708564},{"Length":2.132451,"Height":3.332999,"Demand":1.0,"DemandMax":null,"Value":7.1074570505490007},{"Length":2.664719,"Height":2.665717,"Demand":1.0,"DemandMax":null,"Value":7.103386738523},{"Length":1.419202,"Height":5.004766,"Demand":1.0,"DemandMax":null,"Value":7.1027739167320005},{"Length":1.48134,"Height":4.791844,"Demand":1.0,"DemandMax":null,"Value":7.0983501909600006},{"Length":2.271122,"Height":3.113869,"Demand":1.0,"DemandMax":null,"Value":7.0719763910180005},{"Length":1.806721,"Height":3.914001,"Demand":1.0,"DemandMax":null,"Value":7.071507800721},{"Length":2.801033,"Height":2.523542,"Demand":1.0,"DemandMax":null,"Value":7.068524418886},{"Length":3.676615,"Height":1.918322,"Demand":1.0,"DemandMax":null,"Value":7.05293144003},{"Length":1.475264,"Height":4.774545,"Demand":1.0,"DemandMax":null,"Value":7.04371435488},{"Length":1.976156,"Height":3.561707,"Demand":1.0,"DemandMax":null,"Value":7.0384886582920005},{"Length":5.094317,"Height":1.381504,"Demand":1.0,"DemandMax":null,"Value":7.0378193127680007},{"Length":4.355893,"Height":1.612701,"Demand":1.0,"DemandMax":null,"Value":7.024752996993},{"Length":2.218344,"Height":3.160254,"Demand":1.0,"DemandMax":null,"Value":7.010530499376},{"Length":2.35693,"Height":2.970066,"Demand":1.0,"DemandMax":null,"Value":7.0002376573800005},{"Length":2.456316,"Height":2.848817,"Demand":1.0,"DemandMax":null,"Value":6.997594778172},{"Length":2.944713,"Height":2.373606,"Demand":1.0,"DemandMax":null,"Value":6.9895884450780006},{"Length":2.376416,"Height":2.937351,"Demand":1.0,"DemandMax":null,"Value":6.980367914016},{"Length":2.573052,"Height":2.711922,"Demand":1.0,"DemandMax":null,"Value":6.977916325944},{"Length":3.916871,"Height":1.778574,"Demand":1.0,"DemandMax":null,"Value":6.966444921954},{"Length":1.452965,"Height":4.791844,"Demand":1.0,"DemandMax":null,"Value":6.96238161746},{"Length":1.493848,"Height":4.658281,"Demand":1.0,"DemandMax":null,"Value":6.9587637552879995},{"Length":2.932798,"Height":2.372356,"Demand":1.0,"DemandMax":null,"Value":6.957640932088},{"Length":2.730923,"Height":2.547013,"Demand":1.0,"DemandMax":null,"Value":6.9556963829990011},{"Length":4.441485,"Height":1.565893,"Demand":1.0,"DemandMax":null,"Value":6.9548902711050005},{"Length":5.209677,"Height":1.331698,"Demand":1.0,"DemandMax":null,"Value":6.9377164415460006},{"Length":3.210764,"Height":2.159682,"Demand":1.0,"DemandMax":null,"Value":6.9342292170480011},{"Length":2.88464,"Height":2.398712,"Demand":1.0,"DemandMax":null,"Value":6.9194205836800009},{"Length":4.291512,"Height":1.612066,"Demand":1.0,"DemandMax":null,"Value":6.918200583792},{"Length":3.688046,"Height":1.873513,"Demand":1.0,"DemandMax":null,"Value":6.909602125598},{"Length":2.373075,"Height":2.907957,"Demand":1.0,"DemandMax":null,"Value":6.900800057775},{"Length":2.819658,"Height":2.445148,"Demand":1.0,"DemandMax":null,"Value":6.894481119384},{"Length":1.952096,"Height":3.530623,"Demand":1.0,"DemandMax":null,"Value":6.892115035808},{"Length":1.432156,"Height":4.784206,"Demand":1.0,"DemandMax":null,"Value":6.851729328136},{"Length":4.472744,"Height":1.531345,"Demand":1.0,"DemandMax":null,"Value":6.8493141606799988},{"Length":2.109326,"Height":3.237012,"Demand":1.0,"DemandMax":null,"Value":6.8279135739119994},{"Length":1.818841,"Height":3.753385,"Demand":1.0,"DemandMax":null,"Value":6.826810526785},{"Length":4.931811,"Height":1.380082,"Demand":1.0,"DemandMax":null,"Value":6.806303588502},{"Length":1.639424,"Height":4.150347,"Demand":1.0,"DemandMax":null,"Value":6.804178480128},{"Length":5.122198,"Height":1.32803,"Demand":1.0,"DemandMax":null,"Value":6.80243260994},{"Length":2.853529,"Height":2.381586,"Demand":1.0,"DemandMax":null,"Value":6.795924716994},{"Length":2.375066,"Height":2.851015,"Demand":1.0,"DemandMax":null,"Value":6.7713487919899995},{"Length":4.441485,"Height":1.520826,"Demand":1.0,"DemandMax":null,"Value":6.75472586661},{"Length":2.691232,"Height":2.500157,"Demand":1.0,"DemandMax":null,"Value":6.728502523424},{"Length":1.732002,"Height":3.878788,"Demand":1.0,"DemandMax":null,"Value":6.7180685735760006},{"Length":1.34914,"Height":4.975741,"Demand":1.0,"DemandMax":null,"Value":6.71297121274},{"Length":2.468505,"Height":2.715698,"Demand":1.0,"DemandMax":null,"Value":6.70371409149},{"Length":2.64135,"Height":2.534204,"Demand":1.0,"DemandMax":null,"Value":6.6937197354},{"Length":3.319516,"Height":2.013938,"Demand":1.0,"DemandMax":null,"Value":6.685299414008},{"Length":3.549163,"Height":1.881557,"Demand":1.0,"DemandMax":null,"Value":6.677952486791},{"Length":2.368894,"Height":2.815193,"Demand":1.0,"DemandMax":null,"Value":6.668893806542},{"Length":1.923991,"Height":3.455342,"Demand":1.0,"DemandMax":null,"Value":6.648046909922},{"Length":2.723225,"Height":2.439197,"Demand":1.0,"DemandMax":null,"Value":6.642482250325},{"Length":2.853363,"Height":2.322499,"Demand":1.0,"DemandMax":null,"Value":6.626932714137},{"Length":3.560358,"Height":1.86111,"Demand":1.0,"DemandMax":null,"Value":6.62621787738},{"Length":2.106,"Height":3.144336,"Demand":1.0,"DemandMax":null,"Value":6.621971616},{"Length":4.355893,"Height":1.520205,"Demand":1.0,"DemandMax":null,"Value":6.621850318065},{"Length":3.319516,"Height":1.986639,"Demand":1.0,"DemandMax":null,"Value":6.5946799467240007},{"Length":2.413816,"Height":2.729998,"Demand":1.0,"DemandMax":null,"Value":6.5897128523680006},{"Length":3.319516,"Height":1.98494,"Demand":1.0,"DemandMax":null,"Value":6.58904008904},{"Length":2.253402,"Height":2.921232,"Demand":1.0,"DemandMax":null,"Value":6.582710031263999},{"Length":3.383489,"Height":1.945251,"Demand":1.0,"DemandMax":null,"Value":6.5817353607390006},{"Length":2.093492,"Height":3.141075,"Demand":1.0,"DemandMax":null,"Value":6.5758153838999993},{"Length":1.725728,"Height":3.807753,"Demand":1.0,"DemandMax":null,"Value":6.5711459691839993},{"Length":3.79398,"Height":1.730219,"Demand":1.0,"DemandMax":null,"Value":6.56441628162},{"Length":3.147146,"Height":2.085213,"Demand":1.0,"DemandMax":null,"Value":6.562469752098},{"Length":3.289995,"Height":1.992493,"Demand":1.0,"DemandMax":null,"Value":6.555292007535},{"Length":3.003952,"Height":2.180311,"Demand":1.0,"DemandMax":null,"Value":6.549549589072},{"Length":3.429022,"Height":1.909304,"Demand":1.0,"DemandMax":null,"Value":6.5470454206879989},{"Length":2.585769,"Height":2.527194,"Demand":1.0,"DemandMax":null,"Value":6.5347399021860006},{"Length":2.387986,"Height":2.73069,"Demand":1.0,"DemandMax":null,"Value":6.5208494903400007},{"Length":2.14141,"Height":3.03592,"Demand":1.0,"DemandMax":null,"Value":6.5011494472},{"Length":3.319516,"Height":1.95557,"Demand":1.0,"DemandMax":null,"Value":6.4915459041200005},{"Length":2.675944,"Height":2.423917,"Demand":1.0,"DemandMax":null,"Value":6.486266152648},{"Length":2.230116,"Height":2.907957,"Demand":1.0,"DemandMax":null,"Value":6.4850814330120006},{"Length":4.472744,"Height":1.449633,"Demand":1.0,"DemandMax":null,"Value":6.4838373029519989},{"Length":2.282217,"Height":2.836758,"Demand":1.0,"DemandMax":null,"Value":6.4740973324860009},{"Length":3.659932,"Height":1.768553,"Demand":1.0,"DemandMax":null,"Value":6.472783718396},{"Length":4.279548,"Height":1.512158,"Demand":1.0,"DemandMax":null,"Value":6.4713527445839993},{"Length":4.821199,"Height":1.338628,"Demand":1.0,"DemandMax":null,"Value":6.453791974972},{"Length":1.937693,"Height":3.32935,"Demand":1.0,"DemandMax":null,"Value":6.45125818955},{"Length":4.403865,"Height":1.456651,"Demand":1.0,"DemandMax":null,"Value":6.4148943561149991},{"Length":3.140291,"Height":2.04171,"Demand":1.0,"DemandMax":null,"Value":6.41156353761},{"Length":2.374698,"Height":2.699742,"Demand":1.0,"DemandMax":null,"Value":6.411071927916},{"Length":2.316807,"Height":2.766147,"Demand":1.0,"DemandMax":null,"Value":6.4086287326289995},{"Length":2.329758,"Height":2.74962,"Demand":1.0,"DemandMax":null,"Value":6.4059491919600005},{"Length":4.313277,"Height":1.47763,"Demand":1.0,"DemandMax":null,"Value":6.37342749351},{"Length":2.787152,"Height":2.283629,"Demand":1.0,"DemandMax":null,"Value":6.3648211346079995},{"Length":1.467307,"Height":4.335842,"Demand":1.0,"DemandMax":null,"Value":6.362011317494},{"Length":3.031689,"Height":2.096739,"Demand":1.0,"DemandMax":null,"Value":6.356660562171},{"Length":1.501988,"Height":4.230082,"Demand":1.0,"DemandMax":null,"Value":6.3535324030160005},{"Length":1.794741,"Height":3.539753,"Demand":1.0,"DemandMax":null,"Value":6.352939838973},{"Length":2.282217,"Height":2.776503,"Demand":1.0,"DemandMax":null,"Value":6.336582347151},{"Length":1.539557,"Height":4.10774,"Demand":1.0,"DemandMax":null,"Value":6.32409987118},{"Length":2.952994,"Height":2.140327,"Demand":1.0,"DemandMax":null,"Value":6.320372789038},{"Length":4.931811,"Height":1.281336,"Demand":1.0,"DemandMax":null,"Value":6.319306979496},{"Length":3.862178,"Height":1.636116,"Demand":1.0,"DemandMax":null,"Value":6.318971220648},{"Length":3.429022,"Height":1.841742,"Demand":1.0,"DemandMax":null,"Value":6.3153738363239995},{"Length":4.331372,"Height":1.455691,"Demand":1.0,"DemandMax":null,"Value":6.305139238052},{"Length":2.211193,"Height":2.851015,"Demand":1.0,"DemandMax":null,"Value":6.304144410895},{"Length":3.048738,"Height":2.067541,"Demand":1.0,"DemandMax":null,"Value":6.303390813258},{"Length":2.563543,"Height":2.455107,"Demand":1.0,"DemandMax":null,"Value":6.293772364101},{"Length":3.140291,"Height":2.00132,"Demand":1.0,"DemandMax":null,"Value":6.28472718412},{"Length":4.279548,"Height":1.467574,"Demand":1.0,"DemandMax":null,"Value":6.280553376552},{"Length":2.230895,"Height":2.815193,"Demand":1.0,"DemandMax":null,"Value":6.280399987735},{"Length":3.297587,"Height":1.901392,"Demand":1.0,"DemandMax":null,"Value":6.270005541104},{"Length":2.124096,"Height":2.94572,"Demand":1.0,"DemandMax":null,"Value":6.2569920691200007},{"Length":1.897759,"Height":3.294755,"Demand":1.0,"DemandMax":null,"Value":6.2526509540449995},{"Length":2.196171,"Height":2.843362,"Demand":1.0,"DemandMax":null,"Value":6.2445091669020005},{"Length":1.92276,"Height":3.246189,"Demand":1.0,"DemandMax":null,"Value":6.24164236164},{"Length":1.806164,"Height":3.454939,"Demand":1.0,"DemandMax":null,"Value":6.240186443996},{"Length":3.147146,"Height":1.980246,"Demand":1.0,"DemandMax":null,"Value":6.232123277916},{"Length":1.923393,"Height":3.235543,"Demand":1.0,"DemandMax":null,"Value":6.223220757398999},{"Length":1.929108,"Height":3.222971,"Demand":1.0,"DemandMax":null,"Value":6.217459139868},{"Length":3.225356,"Height":1.926308,"Demand":1.0,"DemandMax":null,"Value":6.213029065648},{"Length":3.381838,"Height":1.837138,"Demand":1.0,"DemandMax":null,"Value":6.2129030996440004},{"Length":3.866972,"Height":1.60653,"Demand":1.0,"DemandMax":null,"Value":6.21240652716},{"Length":2.089468,"Height":2.968699,"Demand":1.0,"DemandMax":null,"Value":6.203001562132},{"Length":3.199554,"Height":1.938682,"Demand":1.0,"DemandMax":null,"Value":6.202917747828},{"Length":1.383527,"Height":4.481697,"Demand":1.0,"DemandMax":null,"Value":6.2005488053189994},{"Length":2.14141,"Height":2.890495,"Demand":1.0,"DemandMax":null,"Value":6.18973489795},{"Length":4.682145,"Height":1.321659,"Demand":1.0,"DemandMax":null,"Value":6.188199078555},{"Length":3.072909,"Height":2.0134,"Demand":1.0,"DemandMax":null,"Value":6.1869949806},{"Length":3.440246,"Height":1.797773,"Demand":1.0,"DemandMax":null,"Value":6.1847813721580005},{"Length":4.313277,"Height":1.432125,"Demand":1.0,"DemandMax":null,"Value":6.1771518236250005},{"Length":2.097124,"Height":2.940521,"Demand":1.0,"DemandMax":null,"Value":6.166637161604},{"Length":2.495708,"Height":2.470327,"Demand":1.0,"DemandMax":null,"Value":6.165214856516},{"Length":3.560358,"Height":1.730471,"Demand":1.0,"DemandMax":null,"Value":6.161096268618},{"Length":3.383489,"Height":1.819697,"Demand":1.0,"DemandMax":null,"Value":6.1569247828329994},{"Length":1.43942,"Height":4.27705,"Demand":1.0,"DemandMax":null,"Value":6.156471311},{"Length":2.584673,"Height":2.381586,"Demand":1.0,"DemandMax":null,"Value":6.155621031378},{"Length":2.216586,"Height":2.776469,"Demand":1.0,"DemandMax":null,"Value":6.154282314834},{"Length":2.434661,"Height":2.527042,"Demand":1.0,"DemandMax":null,"Value":6.152490602762},{"Length":2.15766,"Height":2.850701,"Demand":1.0,"DemandMax":null,"Value":6.1508435196599995},{"Length":1.337799,"Height":4.596424,"Demand":1.0,"DemandMax":null,"Value":6.1490914307759992},{"Length":1.524137,"Height":4.033397,"Demand":1.0,"DemandMax":null,"Value":6.147449603389},{"Length":3.225356,"Height":1.903644,"Demand":1.0,"DemandMax":null,"Value":6.139929597264},{"Length":3.393763,"Height":1.808786,"Demand":1.0,"DemandMax":null,"Value":6.138591001718},{"Length":2.974443,"Height":2.063064,"Demand":1.0,"DemandMax":null,"Value":6.1364662733519992},{"Length":2.901106,"Height":2.11482,"Demand":1.0,"DemandMax":null,"Value":6.13531699092},{"Length":2.488511,"Height":2.465131,"Demand":1.0,"DemandMax":null,"Value":6.134505609941},{"Length":3.746142,"Height":1.636494,"Demand":1.0,"DemandMax":null,"Value":6.130538906148},{"Length":2.570637,"Height":2.383962,"Demand":1.0,"DemandMax":null,"Value":6.128300923794},{"Length":1.941314,"Height":3.156119,"Demand":1.0,"DemandMax":null,"Value":6.1270180003659993},{"Length":2.129933,"Height":2.872082,"Demand":1.0,"DemandMax":null,"Value":6.117342230505999},{"Length":2.654506,"Height":2.303118,"Demand":1.0,"DemandMax":null,"Value":6.113640549708},{"Length":3.440246,"Height":1.774915,"Demand":1.0,"DemandMax":null,"Value":6.10614422909},{"Length":4.152254,"Height":1.46849,"Demand":1.0,"DemandMax":null,"Value":6.09754347646},{"Length":2.600362,"Height":2.344429,"Demand":1.0,"DemandMax":null,"Value":6.096364083298},{"Length":2.15766,"Height":2.823735,"Demand":1.0,"DemandMax":null,"Value":6.0926600601},{"Length":1.55801,"Height":3.907788,"Demand":1.0,"DemandMax":null,"Value":6.0883727818799995},{"Length":2.145408,"Height":2.836927,"Demand":1.0,"DemandMax":null,"Value":6.0863658812160013},{"Length":2.302536,"Height":2.642061,"Demand":1.0,"DemandMax":null,"Value":6.083440566696},{"Length":2.212374,"Height":2.74214,"Demand":1.0,"DemandMax":null,"Value":6.06663924036},{"Length":1.89575,"Height":3.197675,"Demand":1.0,"DemandMax":null,"Value":6.06199238125},{"Length":3.429022,"Height":1.766877,"Demand":1.0,"DemandMax":null,"Value":6.058660104294},{"Length":1.905204,"Height":3.178126,"Demand":1.0,"DemandMax":null,"Value":6.054978367703999},{"Length":3.829634,"Height":1.580486,"Demand":1.0,"DemandMax":null,"Value":6.052682922124},{"Length":4.152254,"Height":1.457581,"Demand":1.0,"DemandMax":null,"Value":6.0522465375740007},{"Length":1.340432,"Height":4.514141,"Demand":1.0,"DemandMax":null,"Value":6.0508990489120009},{"Length":1.923393,"Height":3.143354,"Demand":1.0,"DemandMax":null,"Value":6.045905080122},{"Length":1.259076,"Height":4.784206,"Demand":1.0,"DemandMax":null,"Value":6.0236789536560007},{"Length":3.11493,"Height":1.933386,"Demand":1.0,"DemandMax":null,"Value":6.02236205298},{"Length":2.538075,"Height":2.372356,"Demand":1.0,"DemandMax":null,"Value":6.0212174547},{"Length":3.104979,"Height":1.938682,"Demand":1.0,"DemandMax":null,"Value":6.0195668976780006},{"Length":2.167462,"Height":2.772718,"Demand":1.0,"DemandMax":null,"Value":6.009760901716},{"Length":3.866972,"Height":1.547379,"Demand":1.0,"DemandMax":null,"Value":5.9836712663880007},{"Length":1.457611,"Height":4.103519,"Demand":1.0,"DemandMax":null,"Value":5.9813344331090006},{"Length":3.230875,"Height":1.851151,"Demand":1.0,"DemandMax":null,"Value":5.980837487125},{"Length":1.968518,"Height":3.038238,"Demand":1.0,"DemandMax":null,"Value":5.9808261912840006},{"Length":1.901066,"Height":3.144336,"Demand":1.0,"DemandMax":null,"Value":5.977590262176},{"Length":2.327622,"Height":2.565088,"Demand":1.0,"DemandMax":null,"Value":5.9705552607359991},{"Length":2.216142,"Height":2.69396,"Demand":1.0,"DemandMax":null,"Value":5.9701979023200007},{"Length":3.839542,"Height":1.551893,"Demand":1.0,"DemandMax":null,"Value":5.958558353006},{"Length":4.152254,"Height":1.432189,"Demand":1.0,"DemandMax":null,"Value":5.946812504006},{"Length":3.393763,"Height":1.749456,"Demand":1.0,"DemandMax":null,"Value":5.937239042928},{"Length":2.531889,"Height":2.344429,"Demand":1.0,"DemandMax":null,"Value":5.935833996381},{"Length":1.462425,"Height":4.058541,"Demand":1.0,"DemandMax":null,"Value":5.9353118219250005},{"Length":3.49477,"Height":1.698272,"Demand":1.0,"DemandMax":null,"Value":5.93507003744},{"Length":3.230875,"Height":1.836059,"Demand":1.0,"DemandMax":null,"Value":5.932077121625},{"Length":2.675944,"Height":2.21645,"Demand":1.0,"DemandMax":null,"Value":5.9310960788},{"Length":1.444042,"Height":4.103519,"Demand":1.0,"DemandMax":null,"Value":5.925653783798},{"Length":1.481241,"Height":3.998417,"Demand":1.0,"DemandMax":null,"Value":5.922619195497},{"Length":2.240537,"Height":2.642162,"Demand":1.0,"DemandMax":null,"Value":5.9198617209939988},{"Length":1.284037,"Height":4.608994,"Demand":1.0,"DemandMax":null,"Value":5.9181188287780007},{"Length":1.873775,"Height":3.156119,"Demand":1.0,"DemandMax":null,"Value":5.9138568792249995},{"Length":3.839542,"Height":1.540242,"Demand":1.0,"DemandMax":null,"Value":5.913823849164},{"Length":1.7523,"Height":3.373188,"Demand":1.0,"DemandMax":null,"Value":5.9108373324},{"Length":2.413816,"Height":2.447294,"Demand":1.0,"DemandMax":null,"Value":5.907317413904},{"Length":2.761614,"Height":2.13831,"Demand":1.0,"DemandMax":null,"Value":5.90518683234},{"Length":2.38362,"Height":2.473901,"Demand":1.0,"DemandMax":null,"Value":5.8968399016200008},{"Length":1.531208,"Height":3.841163,"Demand":1.0,"DemandMax":null,"Value":5.8816195149039991},{"Length":4.355893,"Height":1.349022,"Demand":1.0,"DemandMax":null,"Value":5.876195486646},{"Length":2.409025,"Height":2.439197,"Demand":1.0,"DemandMax":null,"Value":5.8760865529250008},{"Length":3.862178,"Height":1.521033,"Demand":1.0,"DemandMax":null,"Value":5.874500189874},{"Length":1.809335,"Height":3.246668,"Demand":1.0,"DemandMax":null,"Value":5.87431004578},{"Length":3.746142,"Height":1.567906,"Demand":1.0,"DemandMax":null,"Value":5.873598518652},{"Length":2.69282,"Height":2.180311,"Demand":1.0,"DemandMax":null,"Value":5.8711850670200008},{"Length":1.827184,"Height":3.213143,"Demand":1.0,"DemandMax":null,"Value":5.871003479312},{"Length":3.660533,"Height":1.603608,"Demand":1.0,"DemandMax":null,"Value":5.8700600030639993},{"Length":3.545086,"Height":1.655443,"Demand":1.0,"DemandMax":null,"Value":5.868687803098},{"Length":3.393763,"Height":1.729172,"Demand":1.0,"DemandMax":null,"Value":5.868399954236},{"Length":1.454945,"Height":4.033397,"Demand":1.0,"DemandMax":null,"Value":5.8683707981649995},{"Length":1.897759,"Height":3.084142,"Demand":1.0,"DemandMax":null,"Value":5.852958237778},{"Length":2.297084,"Height":2.545933,"Demand":1.0,"DemandMax":null,"Value":5.8482219593719993},{"Length":3.393763,"Height":1.722986,"Demand":1.0,"DemandMax":null,"Value":5.847406136318},{"Length":3.2263,"Height":1.811969,"Demand":1.0,"DemandMax":null,"Value":5.8459555847},{"Length":2.223568,"Height":2.62657,"Demand":1.0,"DemandMax":null,"Value":5.8403570017600011},{"Length":3.660533,"Height":1.594067,"Demand":1.0,"DemandMax":null,"Value":5.835134857711},{"Length":1.871894,"Height":3.116251,"Demand":1.0,"DemandMax":null,"Value":5.833291549394},{"Length":2.121159,"Height":2.74962,"Demand":1.0,"DemandMax":null,"Value":5.83238120958},{"Length":2.838289,"Height":2.052409,"Demand":1.0,"DemandMax":null,"Value":5.825329888201},{"Length":2.838289,"Height":2.051111,"Demand":1.0,"DemandMax":null,"Value":5.8216457890790005},{"Length":1.403637,"Height":4.146849,"Demand":1.0,"DemandMax":null,"Value":5.8206706898129994},{"Length":4.472744,"Height":1.301143,"Demand":1.0,"DemandMax":null,"Value":5.819679546391999},{"Length":3.287865,"Height":1.76774,"Demand":1.0,"DemandMax":null,"Value":5.8120904751000007},{"Length":2.87858,"Height":2.017401,"Demand":1.0,"DemandMax":null,"Value":5.80725017058},{"Length":2.570637,"Height":2.255296,"Demand":1.0,"DemandMax":null,"Value":5.797547343552},{"Length":2.258636,"Height":2.565088,"Demand":1.0,"DemandMax":null,"Value":5.793600099968},{"Length":2.787152,"Height":2.077103,"Demand":1.0,"DemandMax":null,"Value":5.789201780656},{"Length":2.302536,"Height":2.514242,"Demand":1.0,"DemandMax":null,"Value":5.7891327177119996},{"Length":2.28249,"Height":2.534462,"Demand":1.0,"DemandMax":null,"Value":5.7848841703800007},{"Length":1.253665,"Height":4.608994,"Demand":1.0,"DemandMax":null,"Value":5.77813446301},{"Length":1.39328,"Height":4.146849,"Demand":1.0,"DemandMax":null,"Value":5.77772177472},{"Length":2.05193,"Height":2.815193,"Demand":1.0,"DemandMax":null,"Value":5.7765789724899994},{"Length":2.141815,"Height":2.696615,"Demand":1.0,"DemandMax":null,"Value":5.775650456225},{"Length":1.375178,"Height":4.195222,"Demand":1.0,"DemandMax":null,"Value":5.7691769995160005},{"Length":2.628834,"Height":2.194449,"Demand":1.0,"DemandMax":null,"Value":5.768842142466},{"Length":3.839542,"Height":1.501318,"Demand":1.0,"DemandMax":null,"Value":5.764373516356},{"Length":1.834192,"Height":3.141424,"Demand":1.0,"DemandMax":null,"Value":5.7619747694080008},{"Length":3.026897,"Height":1.901392,"Demand":1.0,"DemandMax":null,"Value":5.755317740624},{"Length":2.33682,"Height":2.461568,"Demand":1.0,"DemandMax":null,"Value":5.75224133376},{"Length":2.982824,"Height":1.925925,"Demand":1.0,"DemandMax":null,"Value":5.7446953122},{"Length":1.954956,"Height":2.937351,"Demand":1.0,"DemandMax":null,"Value":5.742391961556},{"Length":1.400311,"Height":4.097176,"Demand":1.0,"DemandMax":null,"Value":5.7373206217360009},{"Length":3.03986,"Height":1.887114,"Demand":1.0,"DemandMax":null,"Value":5.73656236404},{"Length":2.240537,"Height":2.557797,"Demand":1.0,"DemandMax":null,"Value":5.7308388169889994},{"Length":2.795967,"Height":2.04741,"Demand":1.0,"DemandMax":null,"Value":5.72449079547},{"Length":3.839542,"Height":1.490443,"Demand":1.0,"DemandMax":null,"Value":5.722618497106},{"Length":1.941962,"Height":2.94572,"Demand":1.0,"DemandMax":null,"Value":5.72047630264},{"Length":1.30226,"Height":4.392606,"Demand":1.0,"DemandMax":null,"Value":5.72031508956},{"Length":2.640253,"Height":2.162986,"Demand":1.0,"DemandMax":null,"Value":5.710830275458},{"Length":1.691702,"Height":3.373188,"Demand":1.0,"DemandMax":null,"Value":5.706428885976},{"Length":3.514655,"Height":1.623102,"Demand":1.0,"DemandMax":null,"Value":5.70464355981},{"Length":1.242367,"Height":4.589737,"Demand":1.0,"DemandMax":null,"Value":5.7021377874790007},{"Length":2.220558,"Height":2.563676,"Demand":1.0,"DemandMax":null,"Value":5.692791251208},{"Length":2.972838,"Height":1.914724,"Demand":1.0,"DemandMax":null,"Value":5.692164266712},{"Length":3.79398,"Height":1.500119,"Demand":1.0,"DemandMax":null,"Value":5.69142148362},{"Length":1.325988,"Height":4.291219,"Demand":1.0,"DemandMax":null,"Value":5.690104899372},{"Length":2.46986,"Height":2.303118,"Demand":1.0,"DemandMax":null,"Value":5.6883790234800005},{"Length":1.579929,"Height":3.591581,"Demand":1.0,"DemandMax":null,"Value":5.674442977749},{"Length":1.741989,"Height":3.254998,"Demand":1.0,"DemandMax":null,"Value":5.670170711022},{"Length":2.067173,"Height":2.74214,"Demand":1.0,"DemandMax":null,"Value":5.66847777022},{"Length":4.172715,"Height":1.358222,"Demand":1.0,"DemandMax":null,"Value":5.66747331273},{"Length":2.372175,"Height":2.387877,"Demand":1.0,"DemandMax":null,"Value":5.664462122475},{"Length":2.33682,"Height":2.421432,"Demand":1.0,"DemandMax":null,"Value":5.658450726239999},{"Length":1.988679,"Height":2.842494,"Demand":1.0,"DemandMax":null,"Value":5.652808125426},{"Length":1.251896,"Height":4.514141,"Demand":1.0,"DemandMax":null,"Value":5.651235061336},{"Length":3.969456,"Height":1.423258,"Demand":1.0,"DemandMax":null,"Value":5.649560007648},{"Length":2.592328,"Height":2.178686,"Demand":1.0,"DemandMax":null,"Value":5.647868721008},{"Length":1.634082,"Height":3.454939,"Demand":1.0,"DemandMax":null,"Value":5.645653630998},{"Length":1.410757,"Height":3.999925,"Demand":1.0,"DemandMax":null,"Value":5.642922193225},{"Length":3.810124,"Height":1.479628,"Demand":1.0,"DemandMax":null,"Value":5.637566153872},{"Length":3.958776,"Height":1.423508,"Demand":1.0,"DemandMax":null,"Value":5.635349306208},{"Length":4.458636,"Height":1.263811,"Demand":1.0,"DemandMax":null,"Value":5.634873221796},{"Length":4.586258,"Height":1.228142,"Demand":1.0,"DemandMax":null,"Value":5.6325760726360006},{"Length":2.166528,"Height":2.595641,"Demand":1.0,"DemandMax":null,"Value":5.623528904448},{"Length":1.468047,"Height":3.829952,"Demand":1.0,"DemandMax":null,"Value":5.622549543744},{"Length":3.506431,"Height":1.600545,"Demand":1.0,"DemandMax":null,"Value":5.612200604895},{"Length":1.495134,"Height":3.753385,"Demand":1.0,"DemandMax":null,"Value":5.61181352859},{"Length":1.214364,"Height":4.616858,"Demand":1.0,"DemandMax":null,"Value":5.606546148312},{"Length":2.097124,"Height":2.67274,"Demand":1.0,"DemandMax":null,"Value":5.6050671997600006},{"Length":2.132325,"Height":2.62657,"Demand":1.0,"DemandMax":null,"Value":5.6007008752499994},{"Length":2.628834,"Height":2.128413,"Demand":1.0,"DemandMax":null,"Value":5.595244460442},{"Length":3.40069,"Height":1.644482,"Demand":1.0,"DemandMax":null,"Value":5.59237349258},{"Length":1.748376,"Height":3.197675,"Demand":1.0,"DemandMax":null,"Value":5.5907382257999991},{"Length":1.403988,"Height":3.981945,"Demand":1.0,"DemandMax":null,"Value":5.59060299666},{"Length":2.665084,"Height":2.096739,"Demand":1.0,"DemandMax":null,"Value":5.587985561076},{"Length":2.387986,"Height":2.339729,"Demand":1.0,"DemandMax":null,"Value":5.5872400957940007},{"Length":2.152217,"Height":2.595641,"Demand":1.0,"DemandMax":null,"Value":5.586382686097},{"Length":2.640026,"Height":2.11482,"Demand":1.0,"DemandMax":null,"Value":5.5831797853200005},{"Length":3.514655,"Height":1.587644,"Demand":1.0,"DemandMax":null,"Value":5.58002092282},{"Length":4.331372,"Height":1.288031,"Demand":1.0,"DemandMax":null,"Value":5.578941408532},{"Length":2.570637,"Height":2.170255,"Demand":1.0,"DemandMax":null,"Value":5.578937802435},{"Length":2.273422,"Height":2.445148,"Demand":1.0,"DemandMax":null,"Value":5.5588532564560005},{"Length":2.15766,"Height":2.574692,"Demand":1.0,"DemandMax":null,"Value":5.55530994072},{"Length":2.412949,"Height":2.301525,"Demand":1.0,"DemandMax":null,"Value":5.5534624472249989},{"Length":1.827184,"Height":3.038933,"Demand":1.0,"DemandMax":null,"Value":5.5526897546719995},{"Length":2.817256,"Height":1.970719,"Demand":1.0,"DemandMax":null,"Value":5.552019927064},{"Length":1.704729,"Height":3.254998,"Demand":1.0,"DemandMax":null,"Value":5.5488894855419995},{"Length":3.019604,"Height":1.837138,"Demand":1.0,"DemandMax":null,"Value":5.547429253352}]}