{"Name":"Nice50_25","Objects":[{"Length":100.0,"Height":100.0,"Stock":null,"Cost":10000.0}],"Items":[{"Length":31.2636,"Height":33.5505,"Demand":1.0,"DemandMax":null,"Value":1048.9094118},{"Length":53.6452,"Height":15.24408,"Demand":1.0,"DemandMax":null,"Value":817.77172041600011},{"Length":41.69749,"Height":18.30642,"Demand":1.0,"DemandMax":null,"Value":763.3317648858},{"Length":25.54673,"Height":25.54145,"Demand":1.0,"DemandMax":null,"Value":652.5005269585},{"Length":15.0912,"Height":39.47636,"Demand":1.0,"DemandMax":null,"Value":595.745644032},{"Length":14.35103,"Height":40.90805,"Demand":1.0,"DemandMax":null,"Value":587.0726527915},{"Length":18.38014,"Height":25.54145,"Demand":1.0,"DemandMax":null,"Value":469.455426803},{"Length":11.07724,"Height":40.90805,"Demand":1.0,"DemandMax":null,"Value":453.148287782},{"Length":10.73214,"Height":40.90805,"Demand":1.0,"DemandMax":null,"Value":439.030919727},{"Length":10.69325,"Height":40.90805,"Demand":1.0,"DemandMax":null,"Value":437.44000566250008},{"Length":14.21639,"Height":22.55913,"Demand":1.0,"DemandMax":null,"Value":320.7093901407},{"Length":22.442,"Height":13.72864,"Demand":1.0,"DemandMax":null,"Value":308.09813888},{"Length":15.0912,"Height":19.61559,"Demand":1.0,"DemandMax":null,"Value":296.022791808},{"Length":13.54545,"Height":21.16974,"Demand":1.0,"DemandMax":null,"Value":286.75365468300004},{"Length":12.36048,"Height":21.74292,"Demand":1.0,"DemandMax":null,"Value":268.75292780160004},{"Length":13.54545,"Height":19.73831,"Demand":1.0,"DemandMax":null,"Value":267.36429118949997},{"Length":22.442,"Height":11.81281,"Demand":1.0,"DemandMax":null,"Value":265.10308202000004},{"Length":14.21639,"Height":18.34892,"Demand":1.0,"DemandMax":null,"Value":260.8554027988},{"Length":18.53993,"Height":14.0699,"Demand":1.0,"DemandMax":null,"Value":260.854961107},{"Length":12.36048,"Height":19.16513,"Demand":1.0,"DemandMax":null,"Value":236.89020606240004},{"Length":11.94771,"Height":18.30642,"Demand":1.0,"DemandMax":null,"Value":218.7197972982},{"Length":18.53993,"Height":11.47155,"Demand":1.0,"DemandMax":null,"Value":212.68173399149998},{"Length":13.02401,"Height":15.70026,"Demand":1.0,"DemandMax":null,"Value":204.48034324260001},{"Length":13.02401,"Height":13.4016,"Demand":1.0,"DemandMax":null,"Value":174.542572416},{"Length":13.02401,"Height":11.80619,"Demand":1.0,"DemandMax":null,"Value":153.76393662190003}]}