{"Name":"Path32_50","Objects":[{"Length":100.0,"Height":100.0,"Stock":null,"Cost":10000.0}],"Items":[{"Length":42.82951,"Height":41.64405,"Demand":1.0,"DemandMax":null,"Value":1783.5942559155},{"Length":97.03335,"Height":18.16041,"Demand":1.0,"DemandMax":null,"Value":1762.1654196734999},{"Length":39.36114,"Height":41.64405,"Demand":1.0,"DemandMax":null,"Value":1639.1572822169999},{"Length":97.03335,"Height":9.664112,"Demand":1.0,"DemandMax":null,"Value":937.74116213519994},{"Length":48.83342,"Height":11.88666,"Demand":1.0,"DemandMax":null,"Value":580.4662601772},{"Length":41.79468,"Height":9.046205,"Demand":1.0,"DemandMax":null,"Value":378.08324318940004},{"Length":73.2886,"Height":3.573797,"Demand":1.0,"DemandMax":null,"Value":261.9185788142},{"Length":5.19789,"Height":42.1145,"Demand":1.0,"DemandMax":null,"Value":218.906538405},{"Length":18.15015,"Height":11.88666,"Demand":1.0,"DemandMax":null,"Value":215.744661999},{"Length":4.839666,"Height":29.23195,"Demand":1.0,"DemandMax":null,"Value":141.4728745287},{"Length":73.2886,"Height":1.311232,"Demand":1.0,"DemandMax":null,"Value":96.0983575552},{"Length":4.142731,"Height":21.01477,"Demand":1.0,"DemandMax":null,"Value":87.05853913687},{"Length":66.84016,"Height":1.248832,"Demand":1.0,"DemandMax":null,"Value":83.47213069312},{"Length":14.3107,"Height":5.368301,"Demand":1.0,"DemandMax":null,"Value":76.8241451207},{"Length":3.212055,"Height":23.17286,"Demand":1.0,"DemandMax":null,"Value":74.4325008273},{"Length":2.966655,"Height":24.69021,"Demand":1.0,"DemandMax":null,"Value":73.24733494755},{"Length":15.35048,"Height":4.713534,"Demand":1.0,"DemandMax":null,"Value":72.35500939632},{"Length":1.634963,"Height":42.1145,"Demand":1.0,"DemandMax":null,"Value":68.8556492635},{"Length":14.27941,"Height":4.608372,"Demand":1.0,"DemandMax":null,"Value":65.80483322052001},{"Length":2.690123,"Height":21.01477,"Demand":1.0,"DemandMax":null,"Value":56.532316116709993},{"Length":1.885253,"Height":29.23195,"Demand":1.0,"DemandMax":null,"Value":55.109621433350007},{"Length":39.26891,"Height":1.379737,"Demand":1.0,"DemandMax":null,"Value":54.18076807667},{"Length":10.9765,"Height":4.934163,"Demand":1.0,"DemandMax":null,"Value":54.159840169499994},{"Length":4.526715,"Height":11.88666,"Demand":1.0,"DemandMax":null,"Value":53.8075221219},{"Length":31.72738,"Height":1.680447,"Demand":1.0,"DemandMax":null,"Value":53.31618053886},{"Length":1.611189,"Height":32.8343,"Demand":1.0,"DemandMax":null,"Value":52.902262982699995},{"Length":2.640395,"Height":19.34222,"Demand":1.0,"DemandMax":null,"Value":51.0711009769},{"Length":27.57126,"Height":1.845645,"Demand":1.0,"DemandMax":null,"Value":50.8867581627},{"Length":9.200591,"Height":5.368301,"Demand":1.0,"DemandMax":null,"Value":49.391541865890993},{"Length":6.547552,"Height":7.365757,"Demand":1.0,"DemandMax":null,"Value":48.227676976864},{"Length":7.09059,"Height":6.66923,"Demand":1.0,"DemandMax":null,"Value":47.2887755457},{"Length":12.5432,"Height":3.677903,"Demand":1.0,"DemandMax":null,"Value":46.132672909600004},{"Length":27.57126,"Height":1.619057,"Demand":1.0,"DemandMax":null,"Value":44.639441501819995},{"Length":8.902049,"Height":4.885029,"Demand":1.0,"DemandMax":null,"Value":43.486767524421005},{"Length":10.90042,"Height":3.986962,"Demand":1.0,"DemandMax":null,"Value":43.459560324040005},{"Length":2.216005,"Height":19.5705,"Demand":1.0,"DemandMax":null,"Value":43.3683258525},{"Length":10.9765,"Height":3.902761,"Demand":1.0,"DemandMax":null,"Value":42.8386561165},{"Length":3.589771,"Height":11.88666,"Demand":1.0,"DemandMax":null,"Value":42.67038735486},{"Length":39.26891,"Height":1.072158,"Demand":1.0,"DemandMax":null,"Value":42.10247600778},{"Length":3.512864,"Height":11.66657,"Demand":1.0,"DemandMax":null,"Value":40.98307375648},{"Length":3.512864,"Height":11.50628,"Demand":1.0,"DemandMax":null,"Value":40.41999678592},{"Length":10.96808,"Height":3.677903,"Demand":1.0,"DemandMax":null,"Value":40.339534336240007},{"Length":2.03558,"Height":19.5705,"Demand":1.0,"DemandMax":null,"Value":39.83731839},{"Length":39.26891,"Height":1.012808,"Demand":1.0,"DemandMax":null,"Value":39.77186619928},{"Length":14.27941,"Height":2.757385,"Demand":1.0,"DemandMax":null,"Value":39.373830942850006},{"Length":7.09059,"Height":5.217426,"Demand":1.0,"DemandMax":null,"Value":36.99462862134},{"Length":10.90042,"Height":3.378795,"Demand":1.0,"DemandMax":null,"Value":36.830284593900004},{"Length":2.966655,"Height":12.18051,"Demand":1.0,"DemandMax":null,"Value":36.13537089405},{"Length":2.640395,"Height":13.49209,"Demand":1.0,"DemandMax":null,"Value":35.624446975549994},{"Length":10.9765,"Height":1.88755,"Demand":1.0,"DemandMax":null,"Value":20.718692575}]}