{"Name":"Path45_100","Objects":[{"Length":100.0,"Height":100.0,"Stock":null,"Cost":10000.0}],"Items":[{"Length":57.29367,"Height":44.14362,"Demand":1.0,"DemandMax":null,"Value":2529.1499968854},{"Length":86.69897,"Height":7.461449,"Demand":1.0,"DemandMax":null,"Value":646.89994300753},{"Length":16.7124,"Height":35.14276,"Demand":1.0,"DemandMax":null,"Value":587.319862224},{"Length":13.84668,"Height":38.70031,"Demand":1.0,"DemandMax":null,"Value":535.8708084708},{"Length":8.441358,"Height":38.70031,"Demand":1.0,"DemandMax":null,"Value":326.68317142098},{"Length":12.08794,"Height":18.90124,"Demand":1.0,"DemandMax":null,"Value":228.4770550456},{"Length":22.35352,"Height":8.964987,"Demand":1.0,"DemandMax":null,"Value":200.39901620424},{"Length":28.78498,"Height":6.808892,"Demand":1.0,"DemandMax":null,"Value":195.99382004216002},{"Length":86.69897,"Height":2.247848,"Demand":1.0,"DemandMax":null,"Value":194.88610631656},{"Length":12.38822,"Height":14.68783,"Demand":1.0,"DemandMax":null,"Value":181.9560693626},{"Length":6.893648,"Height":24.64066,"Demand":1.0,"DemandMax":null,"Value":169.86403652767999},{"Length":9.767326,"Height":16.8538,"Demand":1.0,"DemandMax":null,"Value":164.6165589388},{"Length":19.52327,"Height":6.808892,"Demand":1.0,"DemandMax":null,"Value":132.93183691684},{"Length":4.302494,"Height":26.32833,"Demand":1.0,"DemandMax":null,"Value":113.27748185502001},{"Length":21.90593,"Height":4.955976,"Demand":1.0,"DemandMax":null,"Value":108.56526333768},{"Length":8.907223,"Height":11.8484,"Demand":1.0,"DemandMax":null,"Value":105.5363409932},{"Length":13.8668,"Height":7.052836,"Demand":1.0,"DemandMax":null,"Value":97.8002662448},{"Length":22.35352,"Height":4.266594,"Demand":1.0,"DemandMax":null,"Value":95.37339431088},{"Length":59.47437,"Height":1.456791,"Demand":1.0,"DemandMax":null,"Value":86.641726946669991},{"Length":5.494568,"Height":15.3547,"Demand":1.0,"DemandMax":null,"Value":84.3674432696},{"Length":21.90593,"Height":3.602966,"Demand":1.0,"DemandMax":null,"Value":78.92632098838},{"Length":86.69897,"Height":0.8944355,"Demand":1.0,"DemandMax":null,"Value":77.54663658143501},{"Length":21.63663,"Height":3.450829,"Demand":1.0,"DemandMax":null,"Value":74.664310266270007},{"Length":22.35352,"Height":3.306689,"Demand":1.0,"DemandMax":null,"Value":73.91613869528},{"Length":31.49178,"Height":2.318423,"Demand":1.0,"DemandMax":null,"Value":73.011267062940007},{"Length":3.44235,"Height":20.78093,"Demand":1.0,"DemandMax":null,"Value":71.5352343855},{"Length":42.52878,"Height":1.523236,"Demand":1.0,"DemandMax":null,"Value":64.78136873208},{"Length":29.95946,"Height":1.967623,"Demand":1.0,"DemandMax":null,"Value":58.94892256358},{"Length":21.63663,"Height":2.718901,"Demand":1.0,"DemandMax":null,"Value":58.827854943629994},{"Length":4.959572,"Height":11.8484,"Demand":1.0,"DemandMax":null,"Value":58.762992884799992},{"Length":1.32279,"Height":44.14362,"Demand":1.0,"DemandMax":null,"Value":58.392739099799996},{"Length":4.302494,"Height":13.00016,"Demand":1.0,"DemandMax":null,"Value":55.933110399040004},{"Length":5.494568,"Height":9.285965,"Demand":1.0,"DemandMax":null,"Value":51.02236613812},{"Length":3.753843,"Height":13.40858,"Demand":1.0,"DemandMax":null,"Value":50.33370417294},{"Length":2.361073,"Height":21.26571,"Demand":1.0,"DemandMax":null,"Value":50.20989370683},{"Length":14.14936,"Height":3.466173,"Demand":1.0,"DemandMax":null,"Value":49.04412959928},{"Length":51.12215,"Height":0.9562136,"Demand":1.0,"DemandMax":null,"Value":48.88369509124},{"Length":1.246102,"Height":38.70031,"Demand":1.0,"DemandMax":null,"Value":48.22453369162},{"Length":10.72371,"Height":4.490651,"Demand":1.0,"DemandMax":null,"Value":48.15643903521},{"Length":32.95582,"Height":1.437549,"Demand":1.0,"DemandMax":null,"Value":47.37560608518},{"Length":2.192175,"Height":21.26571,"Demand":1.0,"DemandMax":null,"Value":46.61815781925},{"Length":4.553247,"Height":10.15505,"Demand":1.0,"DemandMax":null,"Value":46.238450947349996},{"Length":50.39099,"Height":0.8798887,"Demand":1.0,"DemandMax":null,"Value":44.338462682813},{"Length":62.04364,"Height":0.7137623,"Demand":1.0,"DemandMax":null,"Value":44.284411186772},{"Length":48.30825,"Height":0.916662,"Demand":1.0,"DemandMax":null,"Value":44.2823370615},{"Length":1.141448,"Height":38.70031,"Demand":1.0,"DemandMax":null,"Value":44.17439144888},{"Length":2.618914,"Height":16.8538,"Demand":1.0,"DemandMax":null,"Value":44.1386527732},{"Length":16.7124,"Height":2.621937,"Demand":1.0,"DemandMax":null,"Value":43.818859918799994},{"Length":48.30825,"Height":0.9010464,"Demand":1.0,"DemandMax":null,"Value":43.5279747528},{"Length":21.90593,"Height":1.945382,"Demand":1.0,"DemandMax":null,"Value":42.61540191526},{"Length":7.522267,"Height":5.540686,"Demand":1.0,"DemandMax":null,"Value":41.678519455162004},{"Length":10.72371,"Height":3.742518,"Demand":1.0,"DemandMax":null,"Value":40.13367770178},{"Length":48.30825,"Height":0.8127203,"Demand":1.0,"DemandMax":null,"Value":39.261095432474995},{"Length":7.756574,"Height":5.051547,"Demand":1.0,"DemandMax":null,"Value":39.182698119978},{"Length":16.81647,"Height":2.318423,"Demand":1.0,"DemandMax":null,"Value":38.98769082681},{"Length":7.99735,"Height":4.822683,"Demand":1.0,"DemandMax":null,"Value":38.568683890049996},{"Length":5.990369,"Height":6.16973,"Demand":1.0,"DemandMax":null,"Value":36.958959330370007},{"Length":6.627089,"Height":5.540686,"Demand":1.0,"DemandMax":null,"Value":36.718619243054},{"Length":24.93432,"Height":1.456791,"Demand":1.0,"DemandMax":null,"Value":36.324092967119995},{"Length":18.34879,"Height":1.967623,"Demand":1.0,"DemandMax":null,"Value":36.10350122617},{"Length":4.553247,"Height":7.90773,"Demand":1.0,"DemandMax":null,"Value":36.00584789931},{"Length":0.9191315,"Height":38.70031,"Demand":1.0,"DemandMax":null,"Value":35.570673980765},{"Length":7.355085,"Height":4.822683,"Demand":1.0,"DemandMax":null,"Value":35.471243393055},{"Length":10.72371,"Height":3.250452,"Demand":1.0,"DemandMax":null,"Value":34.856904616920005},{"Length":1.989641,"Height":17.27258,"Demand":1.0,"DemandMax":null,"Value":34.36623334378},{"Length":1.437539,"Height":23.36683,"Demand":1.0,"DemandMax":null,"Value":33.59072943137},{"Length":37.95636,"Height":0.8823955,"Demand":1.0,"DemandMax":null,"Value":33.492521260379995},{"Length":3.44235,"Height":9.70572,"Demand":1.0,"DemandMax":null,"Value":33.410485241999993},{"Length":5.316239,"Height":6.16973,"Demand":1.0,"DemandMax":null,"Value":32.799759245470007},{"Length":36.30799,"Height":0.8798887,"Demand":1.0,"DemandMax":null,"Value":31.946990120712996},{"Length":33.28655,"Height":0.9562136,"Demand":1.0,"DemandMax":null,"Value":31.82905180708},{"Length":48.30825,"Height":0.6490495,"Demand":1.0,"DemandMax":null,"Value":31.354445508374997},{"Length":5.013121,"Height":6.16973,"Demand":1.0,"DemandMax":null,"Value":30.92960302733},{"Length":9.065273,"Height":3.385135,"Demand":1.0,"DemandMax":null,"Value":30.687172916854998},{"Length":4.146029,"Height":7.400532,"Demand":1.0,"DemandMax":null,"Value":30.682820287428004},{"Length":29.21618,"Height":1.022452,"Demand":1.0,"DemandMax":null,"Value":29.872141673359998},{"Length":1.437539,"Height":20.77678,"Demand":1.0,"DemandMax":null,"Value":29.867431544419997},{"Length":19.51486,"Height":1.523236,"Demand":1.0,"DemandMax":null,"Value":29.725737286959998},{"Length":1.763115,"Height":16.8538,"Demand":1.0,"DemandMax":null,"Value":29.715187587},{"Length":2.577313,"Height":11.48362,"Demand":1.0,"DemandMax":null,"Value":29.596883113060002},{"Length":48.30825,"Height":0.6019717,"Demand":1.0,"DemandMax":null,"Value":29.080199376525},{"Length":0.7487508,"Height":38.70031,"Demand":1.0,"DemandMax":null,"Value":28.976888072748004},{"Length":27.76245,"Height":1.022452,"Demand":1.0,"DemandMax":null,"Value":28.3857725274},{"Length":3.44235,"Height":8.213658,"Demand":1.0,"DemandMax":null,"Value":28.274285616300002},{"Length":4.00273,"Height":7.027026,"Demand":1.0,"DemandMax":null,"Value":28.127287780979998},{"Length":1.045637,"Height":26.87103,"Demand":1.0,"DemandMax":null,"Value":28.09734319611},{"Length":27.43007,"Height":1.022452,"Demand":1.0,"DemandMax":null,"Value":28.04592993164},{"Length":15.83303,"Height":1.761204,"Demand":1.0,"DemandMax":null,"Value":27.885195768120003},{"Length":8.056907,"Height":3.435456,"Demand":1.0,"DemandMax":null,"Value":27.679149494592},{"Length":8.057518,"Height":3.385135,"Demand":1.0,"DemandMax":null,"Value":27.27578619493},{"Length":11.52861,"Height":2.36297,"Demand":1.0,"DemandMax":null,"Value":27.241759571699998},{"Length":3.610545,"Height":7.400532,"Demand":1.0,"DemandMax":null,"Value":26.71995380994},{"Length":16.7124,"Height":1.563795,"Demand":1.0,"DemandMax":null,"Value":26.134767558},{"Length":7.534394,"Height":3.435456,"Demand":1.0,"DemandMax":null,"Value":25.884079073663997},{"Length":21.90593,"Height":1.176343,"Demand":1.0,"DemandMax":null,"Value":25.76888741399},{"Length":15.83303,"Height":1.623931,"Demand":1.0,"DemandMax":null,"Value":25.711748240930003},{"Length":10.82491,"Height":2.36297,"Demand":1.0,"DemandMax":null,"Value":25.578937582699997},{"Length":4.00273,"Height":6.381551,"Demand":1.0,"DemandMax":null,"Value":25.543625634229997},{"Length":21.90593,"Height":1.158987,"Demand":1.0,"DemandMax":null,"Value":25.38868809291},{"Length":0.9440037,"Height":26.87103,"Demand":1.0,"DemandMax":null,"Value":25.366351742811002}]}