{"Name":"Nice35_25","Objects":[{"Length":100.0,"Height":100.0,"Stock":null,"Cost":10000.0}],"Items":[{"Length":30.26163,"Height":30.28788,"Demand":1.0,"DemandMax":null,"Value":916.5606180444},{"Length":28.56005,"Height":29.05849,"Demand":1.0,"DemandMax":null,"Value":829.9119273245},{"Length":28.56005,"Height":28.03914,"Demand":1.0,"DemandMax":null,"Value":800.799240357},{"Length":24.54943,"Height":26.49325,"Demand":1.0,"DemandMax":null,"Value":650.39418634750007},{"Length":16.95404,"Height":30.86823,"Demand":1.0,"DemandMax":null,"Value":523.34120614919993},{"Length":16.6289,"Height":29.19574,"Demand":1.0,"DemandMax":null,"Value":485.49304088600007},{"Length":40.29855,"Height":12.03415,"Demand":1.0,"DemandMax":null,"Value":484.9587954825},{"Length":16.6289,"Height":27.90188,"Demand":1.0,"DemandMax":null,"Value":463.977572332},{"Length":24.54943,"Height":17.42767,"Demand":1.0,"DemandMax":null,"Value":427.8393647281},{"Length":15.50696,"Height":26.76388,"Demand":1.0,"DemandMax":null,"Value":415.0264166048},{"Length":19.50877,"Height":21.19123,"Demand":1.0,"DemandMax":null,"Value":413.41483208709997},{"Length":30.26163,"Height":13.57235,"Demand":1.0,"DemandMax":null,"Value":410.7214339305},{"Length":30.26163,"Height":13.23739,"Demand":1.0,"DemandMax":null,"Value":400.5849983457},{"Length":11.00786,"Height":30.86823,"Demand":1.0,"DemandMax":null,"Value":339.7931542878},{"Length":24.54943,"Height":13.1767,"Demand":1.0,"DemandMax":null,"Value":323.480474281},{"Length":24.68573,"Height":10.80665,"Demand":1.0,"DemandMax":null,"Value":266.77004410449996},{"Length":24.68573,"Height":10.5517,"Demand":1.0,"DemandMax":null,"Value":260.476417241},{"Length":15.50696,"Height":16.1385,"Demand":1.0,"DemandMax":null,"Value":250.25907396},{"Length":24.68573,"Height":9.942051,"Demand":1.0,"DemandMax":null,"Value":245.42678663222998},{"Length":12.33665,"Height":19.2495,"Demand":1.0,"DemandMax":null,"Value":237.47434417500003},{"Length":10.41061,"Height":21.71115,"Demand":1.0,"DemandMax":null,"Value":226.0263153015},{"Length":9.098157,"Height":21.71115,"Demand":1.0,"DemandMax":null,"Value":197.53145135055001},{"Length":12.35832,"Height":11.60197,"Demand":1.0,"DemandMax":null,"Value":143.3808578904},{"Length":12.33665,"Height":11.61872,"Demand":1.0,"DemandMax":null,"Value":143.336082088},{"Length":12.32741,"Height":11.60197,"Demand":1.0,"DemandMax":null,"Value":143.0222409977}]}