{"Name":"Nice48_200","Objects":[{"Length":100.0,"Height":100.0,"Stock":null,"Cost":10000.0}],"Items":[{"Length":7.038123,"Height":26.63278,"Demand":1.0,"DemandMax":null,"Value":187.44478147194},{"Length":17.6808,"Height":9.766626,"Demand":1.0,"DemandMax":null,"Value":172.68176098080002},{"Length":12.817,"Height":12.90534,"Demand":1.0,"DemandMax":null,"Value":165.40774278},{"Length":20.66203,"Height":6.970028,"Demand":1.0,"DemandMax":null,"Value":144.01492763684},{"Length":8.905565,"Height":16.09348,"Demand":1.0,"DemandMax":null,"Value":143.32153221619998},{"Length":19.32974,"Height":6.823507,"Demand":1.0,"DemandMax":null,"Value":131.89661619818},{"Length":9.119449,"Height":13.70597,"Demand":1.0,"DemandMax":null,"Value":124.99089441053},{"Length":9.733988,"Height":12.63383,"Demand":1.0,"DemandMax":null,"Value":122.97754961404},{"Length":9.211823,"Height":12.63383,"Demand":1.0,"DemandMax":null,"Value":116.38060577209001},{"Length":15.12542,"Height":7.295833,"Demand":1.0,"DemandMax":null,"Value":110.35253837486},{"Length":10.52068,"Height":10.22789,"Demand":1.0,"DemandMax":null,"Value":107.6043577652},{"Length":8.963781,"Height":11.71022,"Demand":1.0,"DemandMax":null,"Value":104.96784754182},{"Length":7.744685,"Height":12.97134,"Demand":1.0,"DemandMax":null,"Value":100.45894232789999},{"Length":16.89729,"Height":5.911049,"Demand":1.0,"DemandMax":null,"Value":99.880709157210021},{"Length":12.87445,"Height":7.700036,"Demand":1.0,"DemandMax":null,"Value":99.133728480199991},{"Length":13.71671,"Height":6.952756,"Demand":1.0,"DemandMax":null,"Value":95.36893775276},{"Length":10.04623,"Height":9.228547,"Demand":1.0,"DemandMax":null,"Value":92.71210572781},{"Length":10.30559,"Height":8.926506,"Demand":1.0,"DemandMax":null,"Value":91.99291096854},{"Length":8.226969,"Height":10.99585,"Demand":1.0,"DemandMax":null,"Value":90.462517078650009},{"Length":12.83062,"Height":6.718482,"Demand":1.0,"DemandMax":null,"Value":86.20228951883999},{"Length":15.04064,"Height":5.415573,"Demand":1.0,"DemandMax":null,"Value":81.45368388672},{"Length":5.133651,"Height":15.55534,"Demand":1.0,"DemandMax":null,"Value":79.85568674634},{"Length":17.6808,"Height":4.480251,"Demand":1.0,"DemandMax":null,"Value":79.2144218808},{"Length":5.010379,"Height":15.55534,"Demand":1.0,"DemandMax":null,"Value":77.93814887386},{"Length":6.466726,"Height":11.88296,"Demand":1.0,"DemandMax":null,"Value":76.84384638896},{"Length":4.531744,"Height":16.4739,"Demand":1.0,"DemandMax":null,"Value":74.6554974816},{"Length":13.25299,"Height":5.556397,"Demand":1.0,"DemandMax":null,"Value":73.63887387703},{"Length":10.72793,"Height":6.660285,"Demand":1.0,"DemandMax":null,"Value":71.45107126005},{"Length":8.160963,"Height":8.643848,"Demand":1.0,"DemandMax":null,"Value":70.542123705624007},{"Length":11.04045,"Height":6.386899,"Demand":1.0,"DemandMax":null,"Value":70.51423906455},{"Length":13.25299,"Height":5.154494,"Demand":1.0,"DemandMax":null,"Value":68.31245743706},{"Length":12.50044,"Height":5.417113,"Demand":1.0,"DemandMax":null,"Value":67.71629602972},{"Length":10.14403,"Height":6.493422,"Demand":1.0,"DemandMax":null,"Value":65.86946757066},{"Length":9.649721,"Height":6.772447,"Demand":1.0,"DemandMax":null,"Value":65.352224037286987},{"Length":8.427783,"Height":7.663298,"Demand":1.0,"DemandMax":null,"Value":64.584612608334},{"Length":8.380223,"Height":7.700036,"Demand":1.0,"DemandMax":null,"Value":64.528018788028},{"Length":10.63229,"Height":6.025213,"Demand":1.0,"DemandMax":null,"Value":64.06181192777},{"Length":4.094625,"Height":15.17084,"Demand":1.0,"DemandMax":null,"Value":62.118900735},{"Length":6.009513,"Height":10.22789,"Demand":1.0,"DemandMax":null,"Value":61.46463791757},{"Length":3.841598,"Height":15.17084,"Demand":1.0,"DemandMax":null,"Value":58.28026860232},{"Length":13.98353,"Height":4.076608,"Demand":1.0,"DemandMax":null,"Value":57.00537026624},{"Length":7.282778,"Height":7.750718,"Demand":1.0,"DemandMax":null,"Value":56.446758534604},{"Length":4.333456,"Height":12.97134,"Demand":1.0,"DemandMax":null,"Value":56.21073115104},{"Length":4.290325,"Height":12.90534,"Demand":1.0,"DemandMax":null,"Value":55.368102835500004},{"Length":4.811483,"Height":11.48455,"Demand":1.0,"DemandMax":null,"Value":55.25771708765},{"Length":4.055582,"Height":13.21041,"Demand":1.0,"DemandMax":null,"Value":53.57590100862},{"Length":7.57658,"Height":7.042423,"Demand":1.0,"DemandMax":null,"Value":53.357481253340005},{"Length":4.171128,"Height":12.63383,"Demand":1.0,"DemandMax":null,"Value":52.697322060240005},{"Length":8.922947,"Height":5.904437,"Demand":1.0,"DemandMax":null,"Value":52.684978415839},{"Length":7.831411,"Height":6.718482,"Demand":1.0,"DemandMax":null,"Value":52.615193838102},{"Length":7.537964,"Height":6.952756,"Demand":1.0,"DemandMax":null,"Value":52.409624428784},{"Length":8.055187,"Height":6.431066,"Demand":1.0,"DemandMax":null,"Value":51.803439239342005},{"Length":7.6783,"Height":6.726606,"Demand":1.0,"DemandMax":null,"Value":51.648898849800005},{"Length":4.938011,"Height":10.22789,"Demand":1.0,"DemandMax":null,"Value":50.505433326790005},{"Length":13.98353,"Height":3.58669,"Demand":1.0,"DemandMax":null,"Value":50.1545872157},{"Length":10.30559,"Height":4.779465,"Demand":1.0,"DemandMax":null,"Value":49.255206709350006},{"Length":7.302988,"Height":6.726606,"Demand":1.0,"DemandMax":null,"Value":49.124322898728},{"Length":3.612293,"Height":13.56545,"Demand":1.0,"DemandMax":null,"Value":49.00238007685},{"Length":4.204535,"Height":11.48455,"Demand":1.0,"DemandMax":null,"Value":48.28719243425},{"Length":7.691944,"Height":6.247293,"Demand":1.0,"DemandMax":null,"Value":48.053827907592},{"Length":9.378815,"Height":5.104131,"Demand":1.0,"DemandMax":null,"Value":47.870700384764994},{"Length":6.176069,"Height":7.746774,"Demand":1.0,"DemandMax":null,"Value":47.844610751406},{"Length":5.917023,"Height":8.078878,"Demand":1.0,"DemandMax":null,"Value":47.802906940194},{"Length":13.06229,"Height":3.649528,"Demand":1.0,"DemandMax":null,"Value":47.67119309912},{"Length":6.376602,"Height":7.446033,"Demand":1.0,"DemandMax":null,"Value":47.480388919866},{"Length":11.32227,"Height":4.174994,"Demand":1.0,"DemandMax":null,"Value":47.27040931638},{"Length":13.25299,"Height":3.562611,"Demand":1.0,"DemandMax":null,"Value":47.21524795689},{"Length":4.749268,"Height":9.834135,"Demand":1.0,"DemandMax":null,"Value":46.70494266318},{"Length":3.437995,"Height":13.56545,"Demand":1.0,"DemandMax":null,"Value":46.63794927275},{"Length":8.143187,"Height":5.703507,"Demand":1.0,"DemandMax":null,"Value":46.444724056808994},{"Length":7.164585,"Height":6.464559,"Demand":1.0,"DemandMax":null,"Value":46.315882443015},{"Length":4.874351,"Height":9.498892,"Demand":1.0,"DemandMax":null,"Value":46.300933719092},{"Length":3.655373,"Height":12.66619,"Demand":1.0,"DemandMax":null,"Value":46.29964893887},{"Length":5.970211,"Height":7.750718,"Demand":1.0,"DemandMax":null,"Value":46.273421861498},{"Length":10.14403,"Height":4.524628,"Demand":1.0,"DemandMax":null,"Value":45.89796217084},{"Length":7.07194,"Height":6.386899,"Demand":1.0,"DemandMax":null,"Value":45.16776651406},{"Length":3.572159,"Height":12.63383,"Demand":1.0,"DemandMax":null,"Value":45.13004953897},{"Length":7.005851,"Height":6.386899,"Demand":1.0,"DemandMax":null,"Value":44.745662746049},{"Length":13.25299,"Height":3.364774,"Demand":1.0,"DemandMax":null,"Value":44.59331617426},{"Length":3.877493,"Height":11.48455,"Demand":1.0,"DemandMax":null,"Value":44.53126223315},{"Length":8.203673,"Height":5.417113,"Demand":1.0,"DemandMax":null,"Value":44.440223656049},{"Length":9.365931,"Height":4.741987,"Demand":1.0,"DemandMax":null,"Value":44.413123044897},{"Length":8.05575,"Height":5.486138,"Demand":1.0,"DemandMax":null,"Value":44.194956193500005},{"Length":5.919936,"Height":7.446033,"Demand":1.0,"DemandMax":null,"Value":44.080038813887995},{"Length":3.445433,"Height":12.7228,"Demand":1.0,"DemandMax":null,"Value":43.8355549724},{"Length":9.420692,"Height":4.649424,"Demand":1.0,"DemandMax":null,"Value":43.800791481408},{"Length":8.928945,"Height":4.904561,"Demand":1.0,"DemandMax":null,"Value":43.792555418145007},{"Length":5.839849,"Height":7.446033,"Demand":1.0,"DemandMax":null,"Value":43.483708369017},{"Length":3.411739,"Height":12.7228,"Demand":1.0,"DemandMax":null,"Value":43.406872949199993},{"Length":7.887938,"Height":5.486138,"Demand":1.0,"DemandMax":null,"Value":43.274316403444004},{"Length":5.350901,"Height":8.078878,"Demand":1.0,"DemandMax":null,"Value":43.229276369078},{"Length":7.164585,"Height":5.994977,"Demand":1.0,"DemandMax":null,"Value":42.951522289545},{"Length":8.751851,"Height":4.904561,"Demand":1.0,"DemandMax":null,"Value":42.923987092411004},{"Length":8.055187,"Height":5.249465,"Demand":1.0,"DemandMax":null,"Value":42.285422224955},{"Length":7.477278,"Height":5.587907,"Demand":1.0,"DemandMax":null,"Value":41.782334077146004},{"Length":4.396449,"Height":9.498892,"Demand":1.0,"DemandMax":null,"Value":41.761394234507996},{"Length":3.527448,"Height":11.82354,"Demand":1.0,"DemandMax":null,"Value":41.70692252592},{"Length":3.52284,"Height":11.82354,"Demand":1.0,"DemandMax":null,"Value":41.6524396536},{"Length":8.770456,"Height":4.741987,"Demand":1.0,"DemandMax":null,"Value":41.589388336072},{"Length":5.944356,"Height":6.982033,"Demand":1.0,"DemandMax":null,"Value":41.503689755748},{"Length":7.020741,"Height":5.904437,"Demand":1.0,"DemandMax":null,"Value":41.453522927817},{"Length":7.248182,"Height":5.671952,"Demand":1.0,"DemandMax":null,"Value":41.111340391264},{"Length":11.26792,"Height":3.631342,"Demand":1.0,"DemandMax":null,"Value":40.917671148640004},{"Length":7.345265,"Height":5.55966,"Demand":1.0,"DemandMax":null,"Value":40.837176009900006},{"Length":7.184547,"Height":5.671952,"Demand":1.0,"DemandMax":null,"Value":40.750405725744},{"Length":7.023706,"Height":5.799171,"Demand":1.0,"DemandMax":null,"Value":40.731672147726},{"Length":3.201798,"Height":12.66619,"Demand":1.0,"DemandMax":null,"Value":40.554581809620004},{"Length":6.058769,"Height":6.646221,"Demand":1.0,"DemandMax":null,"Value":40.267917761949},{"Length":8.905565,"Height":4.516726,"Demand":1.0,"DemandMax":null,"Value":40.22399698019},{"Length":7.024509,"Height":5.703507,"Demand":1.0,"DemandMax":null,"Value":40.064336253063004},{"Length":7.405622,"Height":5.386853,"Demand":1.0,"DemandMax":null,"Value":39.892997087566},{"Length":5.7885,"Height":6.823507,"Demand":1.0,"DemandMax":null,"Value":39.4978702695},{"Length":7.569161,"Height":5.166941,"Demand":1.0,"DemandMax":null,"Value":39.109408306500995},{"Length":5.365082,"Height":7.233535,"Demand":1.0,"DemandMax":null,"Value":38.80850842487},{"Length":9.378815,"Height":4.124416,"Demand":1.0,"DemandMax":null,"Value":38.68213464704},{"Length":6.495573,"Height":5.875095,"Demand":1.0,"DemandMax":null,"Value":38.162108454435},{"Length":5.892961,"Height":6.444855,"Demand":1.0,"DemandMax":null,"Value":37.979279165654994},{"Length":6.124537,"Height":6.159575,"Demand":1.0,"DemandMax":null,"Value":37.724544991775005},{"Length":4.809592,"Height":7.801222,"Demand":1.0,"DemandMax":null,"Value":37.520694921424},{"Length":3.711143,"Height":10.09949,"Demand":1.0,"DemandMax":null,"Value":37.480651617069995},{"Length":11.27337,"Height":3.321369,"Demand":1.0,"DemandMax":null,"Value":37.443021643529995},{"Length":5.314146,"Height":7.042423,"Demand":1.0,"DemandMax":null,"Value":37.424464015758005},{"Length":7.261302,"Height":5.119887,"Demand":1.0,"DemandMax":null,"Value":37.177045712874},{"Length":5.581896,"Height":6.660285,"Demand":1.0,"DemandMax":null,"Value":37.17701820036},{"Length":7.261302,"Height":5.108,"Demand":1.0,"DemandMax":null,"Value":37.090730615999995},{"Length":4.443238,"Height":8.314833,"Demand":1.0,"DemandMax":null,"Value":36.944781949254},{"Length":3.294629,"Height":11.14757,"Demand":1.0,"DemandMax":null,"Value":36.72710740153},{"Length":5.390916,"Height":6.772447,"Demand":1.0,"DemandMax":null,"Value":36.509692891452},{"Length":3.062267,"Height":11.88296,"Demand":1.0,"DemandMax":null,"Value":36.38879627032},{"Length":6.058769,"Height":5.987608,"Demand":1.0,"DemandMax":null,"Value":36.277533734552},{"Length":6.329987,"Height":5.707746,"Demand":1.0,"DemandMax":null,"Value":36.129957979302},{"Length":5.772072,"Height":6.244736,"Demand":1.0,"DemandMax":null,"Value":36.045065812991993},{"Length":3.225252,"Height":11.14757,"Demand":1.0,"DemandMax":null,"Value":35.953722437639996},{"Length":11.77903,"Height":3.047156,"Demand":1.0,"DemandMax":null,"Value":35.892541938680004},{"Length":4.976863,"Height":7.208787,"Demand":1.0,"DemandMax":null,"Value":35.877145295181},{"Length":7.405622,"Height":4.841034,"Demand":1.0,"DemandMax":null,"Value":35.850867893148},{"Length":10.71657,"Height":3.339317,"Demand":1.0,"DemandMax":null,"Value":35.78602438269},{"Length":11.27337,"Height":3.13912,"Demand":1.0,"DemandMax":null,"Value":35.388461234400005},{"Length":7.653909,"Height":4.587127,"Demand":1.0,"DemandMax":null,"Value":35.109452629443},{"Length":11.77903,"Height":2.978057,"Demand":1.0,"DemandMax":null,"Value":35.07862274471},{"Length":5.164237,"Height":6.784183,"Demand":1.0,"DemandMax":null,"Value":35.035128863371},{"Length":3.050175,"Height":11.48455,"Demand":1.0,"DemandMax":null,"Value":35.02988729625},{"Length":4.133486,"Height":8.430313,"Demand":1.0,"DemandMax":null,"Value":34.846580761118005},{"Length":6.086976,"Height":5.703507,"Demand":1.0,"DemandMax":null,"Value":34.717110224832},{"Length":5.380405,"Height":6.444855,"Demand":1.0,"DemandMax":null,"Value":34.675930066274994},{"Length":4.901286,"Height":7.069153,"Demand":1.0,"DemandMax":null,"Value":34.647940630758},{"Length":4.120814,"Height":8.358387,"Demand":1.0,"DemandMax":null,"Value":34.443358167018005},{"Length":6.329987,"Height":5.439822,"Demand":1.0,"DemandMax":null,"Value":34.434002542314005},{"Length":7.471513,"Height":4.587127,"Demand":1.0,"DemandMax":null,"Value":34.272779013150995},{"Length":6.495573,"Height":5.272473,"Demand":1.0,"DemandMax":null,"Value":34.247733262029},{"Length":3.095298,"Height":10.99585,"Demand":1.0,"DemandMax":null,"Value":34.0354325133},{"Length":4.07157,"Height":8.358387,"Demand":1.0,"DemandMax":null,"Value":34.031757757590007},{"Length":7.569161,"Height":4.487776,"Demand":1.0,"DemandMax":null,"Value":33.968699075936},{"Length":4.027477,"Height":8.430313,"Demand":1.0,"DemandMax":null,"Value":33.952891710301},{"Length":7.569161,"Height":4.478216,"Demand":1.0,"DemandMax":null,"Value":33.896337896776},{"Length":7.077693,"Height":4.708859,"Demand":1.0,"DemandMax":null,"Value":33.327858382287005},{"Length":4.944844,"Height":6.660285,"Demand":1.0,"DemandMax":null,"Value":32.93407032054},{"Length":9.988852,"Height":3.284978,"Demand":1.0,"DemandMax":null,"Value":32.813159065256},{"Length":5.86993,"Height":5.55966,"Demand":1.0,"DemandMax":null,"Value":32.6348150238},{"Length":4.879174,"Height":6.671777,"Demand":1.0,"DemandMax":null,"Value":32.552760872198},{"Length":6.176069,"Height":5.224568,"Demand":1.0,"DemandMax":null,"Value":32.267292463192},{"Length":8.875918,"Height":3.624945,"Demand":1.0,"DemandMax":null,"Value":32.17471457451},{"Length":8.875918,"Height":3.619331,"Demand":1.0,"DemandMax":null,"Value":32.124885170858},{"Length":8.875918,"Height":3.60813,"Demand":1.0,"DemandMax":null,"Value":32.02546601334},{"Length":5.164237,"Height":6.18716,"Demand":1.0,"DemandMax":null,"Value":31.951960596920003},{"Length":3.11073,"Height":10.22789,"Demand":1.0,"DemandMax":null,"Value":31.816204259700005},{"Length":5.506274,"Height":5.770988,"Demand":1.0,"DemandMax":null,"Value":31.776641178712},{"Length":4.749268,"Height":6.639761,"Demand":1.0,"DemandMax":null,"Value":31.534004444948},{"Length":5.554638,"Height":5.671952,"Demand":1.0,"DemandMax":null,"Value":31.505640113376},{"Length":5.612854,"Height":5.587907,"Demand":1.0,"DemandMax":null,"Value":31.364106156578},{"Length":4.796336,"Height":6.51929,"Demand":1.0,"DemandMax":null,"Value":31.26870532144},{"Length":3.717725,"Height":8.314833,"Demand":1.0,"DemandMax":null,"Value":30.912262514925},{"Length":4.796336,"Height":6.386055,"Demand":1.0,"DemandMax":null,"Value":30.62966549448},{"Length":4.809592,"Height":6.331711,"Demand":1.0,"DemandMax":null,"Value":30.452946571912005},{"Length":5.434752,"Height":5.587907,"Demand":1.0,"DemandMax":null,"Value":30.368888744064},{"Length":4.901286,"Height":6.141253,"Demand":1.0,"DemandMax":null,"Value":30.100037351357997},{"Length":5.506274,"Height":5.37658,"Demand":1.0,"DemandMax":null,"Value":29.60492266292},{"Length":9.988852,"Height":2.962315,"Demand":1.0,"DemandMax":null,"Value":29.59012611238},{"Length":5.309689,"Height":5.55966,"Demand":1.0,"DemandMax":null,"Value":29.52006554574},{"Length":5.069219,"Height":5.799171,"Demand":1.0,"DemandMax":null,"Value":29.397267817449002},{"Length":4.055611,"Height":7.233535,"Demand":1.0,"DemandMax":null,"Value":29.336404114885},{"Length":8.875918,"Height":3.280527,"Demand":1.0,"DemandMax":null,"Value":29.117688648786004},{"Length":9.209216,"Height":3.150011,"Demand":1.0,"DemandMax":null,"Value":29.009131701376},{"Length":5.569868,"Height":5.181697,"Demand":1.0,"DemandMax":null,"Value":28.861368305995995},{"Length":4.976863,"Height":5.762555,"Demand":1.0,"DemandMax":null,"Value":28.679446764964997},{"Length":9.209216,"Height":3.094725,"Demand":1.0,"DemandMax":null,"Value":28.499990985599997},{"Length":4.592031,"Height":6.159575,"Demand":1.0,"DemandMax":null,"Value":28.284959346825005},{"Length":4.11462,"Height":6.870228,"Demand":1.0,"DemandMax":null,"Value":28.268377533360002},{"Length":4.879174,"Height":5.787758,"Demand":1.0,"DemandMax":null,"Value":28.239478351892},{"Length":5.984593,"Height":4.708859,"Demand":1.0,"DemandMax":null,"Value":28.180604609387004},{"Length":4.11462,"Height":6.838236,"Demand":1.0,"DemandMax":null,"Value":28.136742610320002},{"Length":5.944356,"Height":4.728188,"Demand":1.0,"DemandMax":null,"Value":28.106032706928},{"Length":4.804362,"Height":5.799171,"Demand":1.0,"DemandMax":null,"Value":27.861316783902},{"Length":3.91319,"Height":7.042423,"Demand":1.0,"DemandMax":null,"Value":27.55833925937},{"Length":3.900193,"Height":7.042423,"Demand":1.0,"DemandMax":null,"Value":27.466808887639},{"Length":5.569868,"Height":4.917793,"Demand":1.0,"DemandMax":null,"Value":27.391457861323996},{"Length":3.940567,"Height":6.872189,"Demand":1.0,"DemandMax":null,"Value":27.080321191162998},{"Length":3.940567,"Height":6.836275,"Demand":1.0,"DemandMax":null,"Value":26.938799667925},{"Length":8.905565,"Height":3.012409,"Demand":1.0,"DemandMax":null,"Value":26.827204156084996},{"Length":8.905565,"Height":3.010171,"Demand":1.0,"DemandMax":null,"Value":26.807273501615}]}