{"Name":"Nice17_25","Objects":[{"Length":100.0,"Height":100.0,"Stock":null,"Cost":10000.0}],"Items":[{"Length":20.49638,"Height":54.70428,"Demand":1.0,"DemandMax":null,"Value":1121.2397105064},{"Length":19.93555,"Height":54.70428,"Demand":1.0,"DemandMax":null,"Value":1090.5599091539998},{"Length":18.10995,"Height":33.48189,"Demand":1.0,"DemandMax":null,"Value":606.3553538055},{"Length":23.2353,"Height":24.85849,"Demand":1.0,"DemandMax":null,"Value":577.594472697},{"Length":45.35806,"Height":11.80575,"Demand":1.0,"DemandMax":null,"Value":535.485916845},{"Length":23.2353,"Height":20.43723,"Demand":1.0,"DemandMax":null,"Value":474.865170219},{"Length":26.50881,"Height":16.77435,"Demand":1.0,"DemandMax":null,"Value":444.66805702349996},{"Length":25.06248,"Height":16.71562,"Demand":1.0,"DemandMax":null,"Value":418.93489193760007},{"Length":16.91163,"Height":22.62008,"Demand":1.0,"DemandMax":null,"Value":382.5424235304},{"Length":11.46344,"Height":33.35476,"Demand":1.0,"DemandMax":null,"Value":382.3602899744},{"Length":10.32084,"Height":36.81768,"Demand":1.0,"DemandMax":null,"Value":379.98938445120007},{"Length":31.40664,"Height":11.81383,"Demand":1.0,"DemandMax":null,"Value":371.03270583119996},{"Length":20.29558,"Height":16.71562,"Demand":1.0,"DemandMax":null,"Value":339.25320295960006},{"Length":18.26588,"Height":17.8866,"Demand":1.0,"DemandMax":null,"Value":326.71448920800003},{"Length":18.21375,"Height":17.8866,"Demand":1.0,"DemandMax":null,"Value":325.78206075},{"Length":18.84925,"Height":16.77435,"Demand":1.0,"DemandMax":null,"Value":316.1839167375},{"Length":13.29669,"Height":18.85326,"Demand":1.0,"DemandMax":null,"Value":250.6859537094},{"Length":23.08844,"Height":10.73726,"Demand":1.0,"DemandMax":null,"Value":247.90658327439996},{"Length":23.08844,"Height":10.61226,"Demand":1.0,"DemandMax":null,"Value":245.02052827439997},{"Length":16.91163,"Height":14.1976,"Demand":1.0,"DemandMax":null,"Value":240.10455808799998},{"Length":11.625,"Height":17.6279,"Demand":1.0,"DemandMax":null,"Value":204.9243375},{"Length":13.29669,"Height":14.62863,"Demand":1.0,"DemandMax":null,"Value":194.5123582347},{"Length":11.625,"Height":15.72686,"Demand":1.0,"DemandMax":null,"Value":182.8247475},{"Length":9.24716,"Height":18.46368,"Demand":1.0,"DemandMax":null,"Value":170.7366031488},{"Length":9.24716,"Height":18.354,"Demand":1.0,"DemandMax":null,"Value":169.72237463999997}]}