{"Name":"Path30_100","Objects":[{"Length":100.0,"Height":100.0,"Stock":null,"Cost":10000.0}],"Items":[{"Length":49.0571,"Height":24.81474,"Demand":1.0,"DemandMax":null,"Value":1217.339181654},{"Length":100.0,"Height":11.36134,"Demand":1.0,"DemandMax":null,"Value":1136.134},{"Length":100.0,"Height":6.799303,"Demand":1.0,"DemandMax":null,"Value":679.9303},{"Length":64.29277,"Height":10.4541,"Demand":1.0,"DemandMax":null,"Value":672.12304685700008},{"Length":23.16762,"Height":24.81474,"Demand":1.0,"DemandMax":null,"Value":574.8984667188},{"Length":22.20843,"Height":24.81474,"Demand":1.0,"DemandMax":null,"Value":551.0964162582},{"Length":55.36266,"Height":7.272979,"Demand":1.0,"DemandMax":null,"Value":402.65146356414},{"Length":100.0,"Height":3.845389,"Demand":1.0,"DemandMax":null,"Value":384.5389},{"Length":66.32338,"Height":4.047526,"Demand":1.0,"DemandMax":null,"Value":268.44560495788005},{"Length":18.33771,"Height":11.82382,"Demand":1.0,"DemandMax":null,"Value":216.8217822522},{"Length":35.14048,"Height":4.691035,"Demand":1.0,"DemandMax":null,"Value":164.8452215968},{"Length":100.0,"Height":1.434612,"Demand":1.0,"DemandMax":null,"Value":143.4612},{"Length":5.566848,"Height":24.81474,"Demand":1.0,"DemandMax":null,"Value":138.13988573952},{"Length":29.15229,"Height":4.691035,"Demand":1.0,"DemandMax":null,"Value":136.75441272015002},{"Length":33.67662,"Height":4.047526,"Demand":1.0,"DemandMax":null,"Value":136.30699504212},{"Length":34.45255,"Height":3.762359,"Demand":1.0,"DemandMax":null,"Value":129.62286156545},{"Length":64.29277,"Height":1.95272,"Demand":1.0,"DemandMax":null,"Value":125.54577783440001},{"Length":19.20767,"Height":5.926392,"Demand":1.0,"DemandMax":null,"Value":113.83218182664},{"Length":64.29277,"Height":1.661276,"Demand":1.0,"DemandMax":null,"Value":106.80803577452001},{"Length":54.10952,"Height":1.887153,"Demand":1.0,"DemandMax":null,"Value":102.11294299656001},{"Length":18.84613,"Height":4.323552,"Demand":1.0,"DemandMax":null,"Value":81.48222305376},{"Length":22.77499,"Height":3.561677,"Demand":1.0,"DemandMax":null,"Value":81.11715805822999},{"Length":35.70723,"Height":2.22327,"Demand":1.0,"DemandMax":null,"Value":79.3868132421},{"Length":52.51828,"Height":1.423248,"Demand":1.0,"DemandMax":null,"Value":74.74653697344},{"Length":20.76103,"Height":3.377214,"Demand":1.0,"DemandMax":null,"Value":70.114441170420008},{"Length":20.76103,"Height":3.144036,"Demand":1.0,"DemandMax":null,"Value":65.27342571708},{"Length":22.77499,"Height":2.809049,"Demand":1.0,"DemandMax":null,"Value":63.976062884509993},{"Length":38.70527,"Height":1.623617,"Demand":1.0,"DemandMax":null,"Value":62.842534361590005},{"Length":36.9961,"Height":1.608795,"Demand":1.0,"DemandMax":null,"Value":59.5191406995},{"Length":19.77985,"Height":2.957995,"Demand":1.0,"DemandMax":null,"Value":58.508697400749995},{"Length":25.05099,"Height":2.164033,"Demand":1.0,"DemandMax":null,"Value":54.211169042669994},{"Length":42.76901,"Height":1.214175,"Demand":1.0,"DemandMax":null,"Value":51.92906271675},{"Length":7.785966,"Height":6.504298,"Demand":1.0,"DemandMax":null,"Value":50.642243081868},{"Length":61.29473,"Height":0.8188967,"Demand":1.0,"DemandMax":null,"Value":50.194052124391},{"Length":61.29473,"Height":0.80472,"Demand":1.0,"DemandMax":null,"Value":49.3250951256},{"Length":7.785966,"Height":5.319526,"Demand":1.0,"DemandMax":null,"Value":41.417648572116},{"Length":24.78434,"Height":1.658804,"Demand":1.0,"DemandMax":null,"Value":41.112362329359996},{"Length":45.89048,"Height":0.891221,"Demand":1.0,"DemandMax":null,"Value":40.898559476079996},{"Length":48.19098,"Height":0.8315692,"Demand":1.0,"DemandMax":null,"Value":40.074134685816006},{"Length":45.52319,"Height":0.8652742,"Demand":1.0,"DemandMax":null,"Value":39.390041808698},{"Length":46.33979,"Height":0.7728075,"Demand":1.0,"DemandMax":null,"Value":35.811737260425},{"Length":57.23099,"Height":0.6147707,"Demand":1.0,"DemandMax":null,"Value":35.183935783993},{"Length":46.33979,"Height":0.7523169,"Demand":1.0,"DemandMax":null,"Value":34.862207159450996},{"Length":16.04591,"Height":2.171112,"Demand":1.0,"DemandMax":null,"Value":34.837467751919995},{"Length":57.23099,"Height":0.5994047,"Demand":1.0,"DemandMax":null,"Value":34.304524391653},{"Length":22.83864,"Height":1.499826,"Demand":1.0,"DemandMax":null,"Value":34.253986076640004},{"Length":10.00693,"Height":3.397777,"Demand":1.0,"DemandMax":null,"Value":34.00131659461},{"Length":9.583559,"Height":3.544015,"Demand":1.0,"DemandMax":null,"Value":33.964276849384994},{"Length":36.20674,"Height":0.9352849,"Demand":1.0,"DemandMax":null,"Value":33.863617200226},{"Length":36.35656,"Height":0.9311267,"Demand":1.0,"DemandMax":null,"Value":33.852563736152},{"Length":21.1311,"Height":1.499826,"Demand":1.0,"DemandMax":null,"Value":31.692973188600003},{"Length":9.583559,"Height":3.234785,"Demand":1.0,"DemandMax":null,"Value":31.000752899814998},{"Length":36.83614,"Height":0.8314235,"Demand":1.0,"DemandMax":null,"Value":30.62643244529},{"Length":47.48172,"Height":0.6292387,"Demand":1.0,"DemandMax":null,"Value":29.877335766564002},{"Length":37.92548,"Height":0.7684508,"Demand":1.0,"DemandMax":null,"Value":29.143865446383998},{"Length":37.28372,"Height":0.756971,"Demand":1.0,"DemandMax":null,"Value":28.22269481212},{"Length":37.28372,"Height":0.7428547,"Demand":1.0,"DemandMax":null,"Value":27.696386635484},{"Length":9.583559,"Height":2.856582,"Demand":1.0,"DemandMax":null,"Value":27.376222135337997},{"Length":36.83614,"Height":0.7378961,"Demand":1.0,"DemandMax":null,"Value":27.181244045054},{"Length":7.419825,"Height":3.597745,"Demand":1.0,"DemandMax":null,"Value":26.694638294625},{"Length":30.81727,"Height":0.8652742,"Demand":1.0,"DemandMax":null,"Value":26.665388645434},{"Length":36.9961,"Height":0.7109027,"Demand":1.0,"DemandMax":null,"Value":26.300627379469997},{"Length":31.95681,"Height":0.8008688,"Demand":1.0,"DemandMax":null,"Value":25.593212076528},{"Length":8.52223,"Height":2.949427,"Demand":1.0,"DemandMax":null,"Value":25.135695262210003},{"Length":24.6986,"Height":0.9959322,"Demand":1.0,"DemandMax":null,"Value":24.59813103492},{"Length":12.2415,"Height":2.002051,"Demand":1.0,"DemandMax":null,"Value":24.5081073165},{"Length":24.78434,"Height":0.9809571,"Demand":1.0,"DemandMax":null,"Value":24.312374291814002},{"Length":46.33979,"Height":0.5120513,"Demand":1.0,"DemandMax":null,"Value":23.728349711227},{"Length":36.9961,"Height":0.6382969,"Demand":1.0,"DemandMax":null,"Value":23.61449594209},{"Length":28.14948,"Height":0.8315692,"Demand":1.0,"DemandMax":null,"Value":23.408240564016},{"Length":16.04591,"Height":1.426633,"Demand":1.0,"DemandMax":null,"Value":22.89162472103},{"Length":46.33979,"Height":0.4914395,"Demand":1.0,"DemandMax":null,"Value":22.773203227705},{"Length":3.016224,"Height":7.272979,"Demand":1.0,"DemandMax":null,"Value":21.936933811296},{"Length":21.19188,"Height":0.9959322,"Demand":1.0,"DemandMax":null,"Value":21.105675670536},{"Length":9.583559,"Height":2.188442,"Demand":1.0,"DemandMax":null,"Value":20.973063025078},{"Length":22.77499,"Height":0.9022525,"Demand":1.0,"DemandMax":null,"Value":20.548791664975},{"Length":9.40155,"Height":2.164033,"Demand":1.0,"DemandMax":null,"Value":20.34526445115},{"Length":11.54851,"Height":1.7568,"Demand":1.0,"DemandMax":null,"Value":20.288422368},{"Length":18.11743,"Height":1.114295,"Demand":1.0,"DemandMax":null,"Value":20.18816166185},{"Length":13.16992,"Height":1.529591,"Demand":1.0,"DemandMax":null,"Value":20.14459110272},{"Length":25.10336,"Height":0.794009,"Demand":1.0,"DemandMax":null,"Value":19.932293770239998},{"Length":17.5898,"Height":1.114295,"Demand":1.0,"DemandMax":null,"Value":19.600226191},{"Length":12.2415,"Height":1.595694,"Demand":1.0,"DemandMax":null,"Value":19.533688101},{"Length":25.23839,"Height":0.7684508,"Demand":1.0,"DemandMax":null,"Value":19.394460986212},{"Length":40.13371,"Height":0.4764833,"Demand":1.0,"DemandMax":null,"Value":19.123042582043},{"Length":11.54851,"Height":1.640977,"Demand":1.0,"DemandMax":null,"Value":18.95083929427},{"Length":6.394587,"Height":2.957995,"Demand":1.0,"DemandMax":null,"Value":18.915156373065},{"Length":2.898516,"Height":6.52125,"Demand":1.0,"DemandMax":null,"Value":18.901947465},{"Length":13.16992,"Height":1.428404,"Demand":1.0,"DemandMax":null,"Value":18.81196640768},{"Length":24.78434,"Height":0.7580157,"Demand":1.0,"DemandMax":null,"Value":18.786918834138},{"Length":39.9839,"Height":0.4656656,"Demand":1.0,"DemandMax":null,"Value":18.61912678384},{"Length":39.9839,"Height":0.4654611,"Demand":1.0,"DemandMax":null,"Value":18.61095007629},{"Length":40.13371,"Height":0.4588015,"Demand":1.0,"DemandMax":null,"Value":18.413406348564997},{"Length":22.37837,"Height":0.794009,"Demand":1.0,"DemandMax":null,"Value":17.76862718533},{"Length":5.830626,"Height":2.949427,"Demand":1.0,"DemandMax":null,"Value":17.197005751301997},{"Length":18.74654,"Height":0.8289672,"Demand":1.0,"DemandMax":null,"Value":15.540266773488},{"Length":4.49327,"Height":2.949427,"Demand":1.0,"DemandMax":null,"Value":13.25257185629},{"Length":15.8726,"Height":0.8008688,"Demand":1.0,"DemandMax":null,"Value":12.711870114880002},{"Length":18.74654,"Height":0.6708586,"Demand":1.0,"DemandMax":null,"Value":12.576277579244},{"Length":15.33444,"Height":0.8008688,"Demand":1.0,"DemandMax":null,"Value":12.280874561472002}]}