{"Name":"Nice11_100","Objects":[{"Length":100.0,"Height":100.0,"Stock":null,"Cost":10000.0}],"Items":[{"Length":19.5924,"Height":14.39941,"Demand":1.0,"DemandMax":null,"Value":282.119000484},{"Length":9.207251,"Height":27.47508,"Demand":1.0,"DemandMax":null,"Value":252.96995780507996},{"Length":19.5924,"Height":11.44249,"Demand":1.0,"DemandMax":null,"Value":224.185841076},{"Length":12.99919,"Height":16.65919,"Demand":1.0,"DemandMax":null,"Value":216.55597605609998},{"Length":16.44126,"Height":12.54721,"Demand":1.0,"DemandMax":null,"Value":206.2919418846},{"Length":7.389765,"Height":27.47508,"Demand":1.0,"DemandMax":null,"Value":203.03438455619997},{"Length":7.379999,"Height":27.47508,"Demand":1.0,"DemandMax":null,"Value":202.76606292492},{"Length":21.50375,"Height":9.27169,"Demand":1.0,"DemandMax":null,"Value":199.37610383749998},{"Length":16.85688,"Height":11.14199,"Demand":1.0,"DemandMax":null,"Value":187.8191883912},{"Length":8.504561,"Height":21.58964,"Demand":1.0,"DemandMax":null,"Value":183.61041034804},{"Length":21.50375,"Height":8.007067,"Demand":1.0,"DemandMax":null,"Value":172.18196700124997},{"Length":13.18691,"Height":12.55719,"Demand":1.0,"DemandMax":null,"Value":165.5905343829},{"Length":13.84116,"Height":11.79555,"Demand":1.0,"DemandMax":null,"Value":163.264094838},{"Length":11.59744,"Height":14.0761,"Demand":1.0,"DemandMax":null,"Value":163.246725184},{"Length":11.13102,"Height":13.39899,"Demand":1.0,"DemandMax":null,"Value":149.1444256698},{"Length":19.99342,"Height":7.454827,"Demand":1.0,"DemandMax":null,"Value":149.04748723834},{"Length":23.92811,"Height":6.03843,"Demand":1.0,"DemandMax":null,"Value":144.4882172673},{"Length":16.27659,"Height":8.764938,"Demand":1.0,"DemandMax":null,"Value":142.66330220142},{"Length":7.162401,"Height":17.98377,"Demand":1.0,"DemandMax":null,"Value":128.80697223177},{"Length":19.68209,"Height":5.75718,"Demand":1.0,"DemandMax":null,"Value":113.3133349062},{"Length":10.15565,"Height":10.96094,"Demand":1.0,"DemandMax":null,"Value":111.315470311},{"Length":12.54083,"Height":8.691324,"Demand":1.0,"DemandMax":null,"Value":108.99641675891999},{"Length":12.8659,"Height":8.031195,"Demand":1.0,"DemandMax":null,"Value":103.3285517505},{"Length":6.951857,"Height":14.81645,"Demand":1.0,"DemandMax":null,"Value":103.00184164765001},{"Length":19.99342,"Height":5.092379,"Demand":1.0,"DemandMax":null,"Value":101.81407214618001},{"Length":12.2824,"Height":8.038231,"Demand":1.0,"DemandMax":null,"Value":98.72876843440001},{"Length":8.310528,"Height":11.83597,"Demand":1.0,"DemandMax":null,"Value":98.363160092159987},{"Length":12.33926,"Height":7.936192,"Demand":1.0,"DemandMax":null,"Value":97.92673649792},{"Length":13.46551,"Height":7.200966,"Demand":1.0,"DemandMax":null,"Value":96.96467968266},{"Length":7.171661,"Height":13.39899,"Demand":1.0,"DemandMax":null,"Value":96.09301402239},{"Length":12.91118,"Height":7.360557,"Demand":1.0,"DemandMax":null,"Value":95.03347632726},{"Length":8.396347,"Height":11.23464,"Demand":1.0,"DemandMax":null,"Value":94.329935860080013},{"Length":12.04922,"Height":7.81723,"Demand":1.0,"DemandMax":null,"Value":94.1915240606},{"Length":12.2824,"Height":7.615591,"Demand":1.0,"DemandMax":null,"Value":93.5377348984},{"Length":7.192327,"Height":12.89011,"Demand":1.0,"DemandMax":null,"Value":92.709886185969992},{"Length":11.19606,"Height":8.236817,"Demand":1.0,"DemandMax":null,"Value":92.21989734102},{"Length":9.807041,"Height":9.342072,"Demand":1.0,"DemandMax":null,"Value":91.618083128952},{"Length":7.282315,"Height":12.5439,"Demand":1.0,"DemandMax":null,"Value":91.3486311285},{"Length":12.33926,"Height":7.352983,"Demand":1.0,"DemandMax":null,"Value":90.73036901258},{"Length":8.023209,"Height":11.14199,"Demand":1.0,"DemandMax":null,"Value":89.394514445909991},{"Length":5.683521,"Height":15.66254,"Demand":1.0,"DemandMax":null,"Value":89.01837500334},{"Length":12.58083,"Height":7.053668,"Demand":1.0,"DemandMax":null,"Value":88.74099798444},{"Length":6.951857,"Height":12.65863,"Demand":1.0,"DemandMax":null,"Value":88.000985575910008},{"Length":10.45382,"Height":8.318915,"Demand":1.0,"DemandMax":null,"Value":86.9644400053},{"Length":10.26434,"Height":8.385219,"Demand":1.0,"DemandMax":null,"Value":86.06873879046},{"Length":6.640553,"Height":12.89011,"Demand":1.0,"DemandMax":null,"Value":85.597458630829991},{"Length":10.97981,"Height":7.750969,"Demand":1.0,"DemandMax":null,"Value":85.10416693589},{"Length":9.491147,"Height":8.764938,"Demand":1.0,"DemandMax":null,"Value":83.189315003886009},{"Length":12.54083,"Height":6.597851,"Demand":1.0,"DemandMax":null,"Value":82.74252775633},{"Length":6.558843,"Height":12.45903,"Demand":1.0,"DemandMax":null,"Value":81.71682170229},{"Length":8.956676,"Height":9.117794,"Demand":1.0,"DemandMax":null,"Value":81.665126692744},{"Length":8.74138,"Height":9.338126,"Demand":1.0,"DemandMax":null,"Value":81.62810785388},{"Length":4.642975,"Height":17.5411,"Demand":1.0,"DemandMax":null,"Value":81.4428887725},{"Length":11.22934,"Height":7.225359,"Demand":1.0,"DemandMax":null,"Value":81.136012833060008},{"Length":11.01693,"Height":7.360557,"Demand":1.0,"DemandMax":null,"Value":81.09074123001},{"Length":8.819742,"Height":9.117794,"Demand":1.0,"DemandMax":null,"Value":80.416590689148},{"Length":6.938559,"Height":11.54053,"Demand":1.0,"DemandMax":null,"Value":80.07464829627},{"Length":6.902599,"Height":11.54053,"Demand":1.0,"DemandMax":null,"Value":79.659650837470011},{"Length":4.496323,"Height":17.5411,"Demand":1.0,"DemandMax":null,"Value":78.870451375300007},{"Length":11.19606,"Height":6.921628,"Demand":1.0,"DemandMax":null,"Value":77.49496238568},{"Length":9.228272,"Height":8.318915,"Demand":1.0,"DemandMax":null,"Value":76.76921036488001},{"Length":8.167819,"Height":9.338126,"Demand":1.0,"DemandMax":null,"Value":76.272122967194008},{"Length":10.72062,"Height":7.108793,"Demand":1.0,"DemandMax":null,"Value":76.210668411660009},{"Length":8.396347,"Height":9.017211,"Demand":1.0,"DemandMax":null,"Value":75.711632528217},{"Length":8.796562,"Height":8.563593,"Demand":1.0,"DemandMax":null,"Value":75.330176767266},{"Length":12.8659,"Height":5.852767,"Demand":1.0,"DemandMax":null,"Value":75.3011149453},{"Length":4.756643,"Height":15.66254,"Demand":1.0,"DemandMax":null,"Value":74.50111125322},{"Length":7.282315,"Height":10.21377,"Demand":1.0,"DemandMax":null,"Value":74.379890477549992},{"Length":10.27441,"Height":7.225359,"Demand":1.0,"DemandMax":null,"Value":74.23630076319},{"Length":10.0578,"Height":7.344249,"Demand":1.0,"DemandMax":null,"Value":73.8669875922},{"Length":5.294415,"Height":13.88396,"Demand":1.0,"DemandMax":null,"Value":73.5074460834},{"Length":4.688781,"Height":15.65382,"Demand":1.0,"DemandMax":null,"Value":73.397333793419989},{"Length":10.0578,"Height":7.288931,"Demand":1.0,"DemandMax":null,"Value":73.3106102118},{"Length":12.04922,"Height":6.066732,"Demand":1.0,"DemandMax":null,"Value":73.09938854904},{"Length":7.991323,"Height":9.117794,"Demand":1.0,"DemandMax":null,"Value":72.863236901462},{"Length":10.40391,"Height":6.967303,"Demand":1.0,"DemandMax":null,"Value":72.48719335473},{"Length":9.620132,"Height":7.517587,"Demand":1.0,"DemandMax":null,"Value":72.320179261484},{"Length":13.46551,"Height":5.34624,"Demand":1.0,"DemandMax":null,"Value":71.9898481824},{"Length":10.16749,"Height":6.967303,"Demand":1.0,"DemandMax":null,"Value":70.83998357947},{"Length":5.46207,"Height":12.89011,"Demand":1.0,"DemandMax":null,"Value":70.406683127699992},{"Length":4.472878,"Height":15.66254,"Demand":1.0,"DemandMax":null,"Value":70.05663059012},{"Length":9.850769,"Height":7.108793,"Demand":1.0,"DemandMax":null,"Value":70.027077711817},{"Length":10.0578,"Height":6.945589,"Demand":1.0,"DemandMax":null,"Value":69.8573450442},{"Length":12.58083,"Height":5.503527,"Demand":1.0,"DemandMax":null,"Value":69.23893758741},{"Length":4.381908,"Height":15.66254,"Demand":1.0,"DemandMax":null,"Value":68.63180932632},{"Length":7.162401,"Height":9.491309,"Demand":1.0,"DemandMax":null,"Value":67.980561072909},{"Length":8.310528,"Height":8.143026,"Demand":1.0,"DemandMax":null,"Value":67.672845577728},{"Length":6.558843,"Height":10.29864,"Demand":1.0,"DemandMax":null,"Value":67.547162873520008},{"Length":4.826984,"Height":13.88396,"Demand":1.0,"DemandMax":null,"Value":67.01765277664},{"Length":10.15565,"Height":6.580167,"Demand":1.0,"DemandMax":null,"Value":66.82587299355},{"Length":7.102157,"Height":9.342072,"Demand":1.0,"DemandMax":null,"Value":66.348862049304},{"Length":12.99919,"Height":4.930442,"Demand":1.0,"DemandMax":null,"Value":64.091752341980012},{"Length":4.599327,"Height":13.88396,"Demand":1.0,"DemandMax":null,"Value":63.85687209492},{"Length":8.796562,"Height":7.090229,"Demand":1.0,"DemandMax":null,"Value":62.369638992698},{"Length":10.0578,"Height":5.896314,"Demand":1.0,"DemandMax":null,"Value":59.303946949200004},{"Length":11.19606,"Height":5.093409,"Demand":1.0,"DemandMax":null,"Value":57.02611276854},{"Length":9.620132,"Height":5.8814,"Demand":1.0,"DemandMax":null,"Value":56.5798443448},{"Length":10.26434,"Height":5.498743,"Demand":1.0,"DemandMax":null,"Value":56.44096772462},{"Length":8.310528,"Height":6.452168,"Demand":1.0,"DemandMax":null,"Value":53.620922824704},{"Length":5.929391,"Height":7.750969,"Demand":1.0,"DemandMax":null,"Value":45.958525829879}]}