{"Name":"Nice5_100","Objects":[{"Length":100.0,"Height":100.0,"Stock":null,"Cost":10000.0}],"Items":[{"Length":22.39674,"Height":13.98967,"Demand":1.0,"DemandMax":null,"Value":313.3230016758},{"Length":34.47682,"Height":8.820444,"Demand":1.0,"DemandMax":null,"Value":304.10086010808},{"Length":21.09046,"Height":14.17926,"Demand":1.0,"DemandMax":null,"Value":299.0471158596},{"Length":13.33652,"Height":20.8362,"Demand":1.0,"DemandMax":null,"Value":277.882398024},{"Length":11.48089,"Height":23.22949,"Demand":1.0,"DemandMax":null,"Value":266.6952194461},{"Length":14.67235,"Height":18.06289,"Demand":1.0,"DemandMax":null,"Value":265.0250440915},{"Length":8.188889,"Height":29.28671,"Demand":1.0,"DemandMax":null,"Value":239.82561736518997},{"Length":18.97997,"Height":10.85167,"Demand":1.0,"DemandMax":null,"Value":205.96437104990002},{"Length":23.10419,"Height":8.051909,"Demand":1.0,"DemandMax":null,"Value":186.03283539871},{"Length":9.3381,"Height":19.20284,"Demand":1.0,"DemandMax":null,"Value":179.318040204},{"Length":8.508966,"Height":20.8362,"Demand":1.0,"DemandMax":null,"Value":177.2945173692},{"Length":9.631062,"Height":17.80311,"Demand":1.0,"DemandMax":null,"Value":171.46285620282},{"Length":7.150248,"Height":23.22949,"Demand":1.0,"DemandMax":null,"Value":166.09661441352},{"Length":13.53946,"Height":11.03955,"Demand":1.0,"DemandMax":null,"Value":149.469545643},{"Length":16.50452,"Height":8.758963,"Demand":1.0,"DemandMax":null,"Value":144.56248001275998},{"Length":15.31921,"Height":9.012889,"Demand":1.0,"DemandMax":null,"Value":138.07033929769},{"Length":17.28084,"Height":7.950421,"Demand":1.0,"DemandMax":null,"Value":137.38995323364003},{"Length":14.67235,"Height":8.954596,"Demand":1.0,"DemandMax":null,"Value":131.3849666206},{"Length":14.58719,"Height":8.891986,"Demand":1.0,"DemandMax":null,"Value":129.70908925933998},{"Length":14.58719,"Height":8.712329,"Demand":1.0,"DemandMax":null,"Value":127.08839846551},{"Length":5.960926,"Height":21.01166,"Demand":1.0,"DemandMax":null,"Value":125.24895039715999},{"Length":11.60836,"Height":10.75491,"Demand":1.0,"DemandMax":null,"Value":124.8468670476},{"Length":11.72264,"Height":10.49037,"Demand":1.0,"DemandMax":null,"Value":122.9748309768},{"Length":12.86105,"Height":9.552405,"Demand":1.0,"DemandMax":null,"Value":122.85395832525},{"Length":13.53946,"Height":8.938293,"Demand":1.0,"DemandMax":null,"Value":121.01966054178},{"Length":14.67235,"Height":8.127935,"Demand":1.0,"DemandMax":null,"Value":119.25590709725002},{"Length":17.7021,"Height":6.518277,"Demand":1.0,"DemandMax":null,"Value":115.38719128170001},{"Length":11.45939,"Height":9.933998,"Demand":1.0,"DemandMax":null,"Value":113.83755734122002},{"Length":6.142597,"Height":18.5318,"Demand":1.0,"DemandMax":null,"Value":113.83337908460001},{"Length":7.257457,"Height":15.33781,"Demand":1.0,"DemandMax":null,"Value":111.31349654916998},{"Length":5.447776,"Height":19.98283,"Demand":1.0,"DemandMax":null,"Value":108.86198168608},{"Length":10.97501,"Height":9.561441,"Demand":1.0,"DemandMax":null,"Value":104.93691058940999},{"Length":17.28084,"Height":5.899158,"Demand":1.0,"DemandMax":null,"Value":101.94240553272},{"Length":12.20709,"Height":8.275044,"Demand":1.0,"DemandMax":null,"Value":101.01420686196},{"Length":15.15212,"Height":6.581501,"Demand":1.0,"DemandMax":null,"Value":99.72369293212},{"Length":8.974535,"Height":11.05881,"Demand":1.0,"DemandMax":null,"Value":99.247677403349982},{"Length":7.914891,"Height":12.22511,"Demand":1.0,"DemandMax":null,"Value":96.76041311301},{"Length":5.484387,"Height":17.60431,"Demand":1.0,"DemandMax":null,"Value":96.548848907970012},{"Length":9.3381,"Height":10.08386,"Demand":1.0,"DemandMax":null,"Value":94.164093066},{"Length":15.13929,"Height":6.186677,"Demand":1.0,"DemandMax":null,"Value":93.661897239330017},{"Length":7.962154,"Height":11.5276,"Demand":1.0,"DemandMax":null,"Value":91.7845264504},{"Length":7.883525,"Height":11.5276,"Demand":1.0,"DemandMax":null,"Value":90.878122789999992},{"Length":7.324855,"Height":12.29494,"Demand":1.0,"DemandMax":null,"Value":90.0586527337},{"Length":7.283406,"Height":12.29494,"Demand":1.0,"DemandMax":null,"Value":89.54903976564},{"Length":8.868826,"Height":9.774771,"Demand":1.0,"DemandMax":null,"Value":86.690743188846},{"Length":15.15212,"Height":5.713439,"Demand":1.0,"DemandMax":null,"Value":86.57071334068},{"Length":6.88633,"Height":12.30008,"Demand":1.0,"DemandMax":null,"Value":84.702409906399993},{"Length":17.28084,"Height":4.733947,"Demand":1.0,"DemandMax":null,"Value":81.80658067548},{"Length":9.933554,"Height":8.098307,"Demand":1.0,"DemandMax":null,"Value":80.44496989307801},{"Length":9.376666,"Height":8.537323,"Demand":1.0,"DemandMax":null,"Value":80.051626305118},{"Length":8.358392,"Height":9.552405,"Demand":1.0,"DemandMax":null,"Value":79.84274553276},{"Length":8.35773,"Height":9.552405,"Demand":1.0,"DemandMax":null,"Value":79.83642184065},{"Length":15.13929,"Height":5.21397,"Demand":1.0,"DemandMax":null,"Value":78.9358038813},{"Length":6.246165,"Height":12.21893,"Demand":1.0,"DemandMax":null,"Value":76.321452903450009},{"Length":10.02277,"Height":7.604736,"Demand":1.0,"DemandMax":null,"Value":76.22051983872},{"Length":15.13929,"Height":5.004518,"Demand":1.0,"DemandMax":null,"Value":75.764849312220008},{"Length":7.352096,"Height":10.16753,"Demand":1.0,"DemandMax":null,"Value":74.75265664288},{"Length":6.915186,"Height":10.70318,"Demand":1.0,"DemandMax":null,"Value":74.01448049148},{"Length":9.046417,"Height":8.098307,"Demand":1.0,"DemandMax":null,"Value":73.260662116019},{"Length":7.352096,"Height":9.810307,"Demand":1.0,"DemandMax":null,"Value":72.126318853472},{"Length":6.011619,"Height":11.93041,"Demand":1.0,"DemandMax":null,"Value":71.72107943379},{"Length":7.364486,"Height":9.426229,"Demand":1.0,"DemandMax":null,"Value":69.419331503294},{"Length":7.307859,"Height":9.426229,"Demand":1.0,"DemandMax":null,"Value":68.885552433711},{"Length":7.914891,"Height":8.611089,"Demand":1.0,"DemandMax":null,"Value":68.155830826299},{"Length":8.957198,"Height":7.604736,"Demand":1.0,"DemandMax":null,"Value":68.117126089728},{"Length":10.6741,"Height":6.04814,"Demand":1.0,"DemandMax":null,"Value":64.558451174},{"Length":5.177966,"Height":12.11372,"Demand":1.0,"DemandMax":null,"Value":62.72443029352},{"Length":8.004962,"Height":7.785937,"Demand":1.0,"DemandMax":null,"Value":62.326129819394005},{"Length":5.039827,"Height":12.30008,"Demand":1.0,"DemandMax":null,"Value":61.990275286159992},{"Length":10.36566,"Height":5.954181,"Demand":1.0,"DemandMax":null,"Value":61.71901582446},{"Length":4.848562,"Height":12.30008,"Demand":1.0,"DemandMax":null,"Value":59.63770048496},{"Length":8.974535,"Height":6.545508,"Demand":1.0,"DemandMax":null,"Value":58.74289063878},{"Length":12.73708,"Height":4.447879,"Demand":1.0,"DemandMax":null,"Value":56.65299065332001},{"Length":9.640114,"Height":5.829688,"Demand":1.0,"DemandMax":null,"Value":56.198856904432006},{"Length":6.246165,"Height":8.792735,"Demand":1.0,"DemandMax":null,"Value":54.920873611275006},{"Length":12.73708,"Height":4.311083,"Demand":1.0,"DemandMax":null,"Value":54.91060905764},{"Length":9.339857,"Height":5.829688,"Demand":1.0,"DemandMax":null,"Value":54.448452274616},{"Length":10.97501,"Height":4.945181,"Demand":1.0,"DemandMax":null,"Value":54.273410926809994},{"Length":4.453095,"Height":12.11372,"Demand":1.0,"DemandMax":null,"Value":53.943545963400005},{"Length":8.004962,"Height":6.720685,"Demand":1.0,"DemandMax":null,"Value":53.79882803897},{"Length":5.465765,"Height":9.591642,"Demand":1.0,"DemandMax":null,"Value":52.42566113613},{"Length":6.472989,"Height":8.051909,"Demand":1.0,"DemandMax":null,"Value":52.119918386001004},{"Length":9.004595,"Height":5.781801,"Demand":1.0,"DemandMax":null,"Value":52.062776375595},{"Length":5.771242,"Height":9.012889,"Demand":1.0,"DemandMax":null,"Value":52.015563538138},{"Length":7.257457,"Height":7.07317,"Demand":1.0,"DemandMax":null,"Value":51.33322712869},{"Length":8.697508,"Height":5.781801,"Demand":1.0,"DemandMax":null,"Value":50.28726045190799},{"Length":10.36566,"Height":4.749,"Demand":1.0,"DemandMax":null,"Value":49.226519339999996},{"Length":5.465765,"Height":8.940155,"Demand":1.0,"DemandMax":null,"Value":48.864786293575008},{"Length":6.011619,"Height":8.052419,"Demand":1.0,"DemandMax":null,"Value":48.408075056361},{"Length":4.119506,"Height":11.7019,"Demand":1.0,"DemandMax":null,"Value":48.2060472614},{"Length":7.889632,"Height":6.019196,"Demand":1.0,"DemandMax":null,"Value":47.489241375872},{"Length":10.6741,"Height":4.442232,"Demand":1.0,"DemandMax":null,"Value":47.416828591199994},{"Length":5.235217,"Height":8.758963,"Demand":1.0,"DemandMax":null,"Value":45.855071999970995},{"Length":7.608488,"Height":6.005812,"Demand":1.0,"DemandMax":null,"Value":45.695148532256},{"Length":4.461343,"Height":10.20307,"Demand":1.0,"DemandMax":null,"Value":45.519394923010005},{"Length":7.530797,"Height":6.005812,"Demand":1.0,"DemandMax":null,"Value":45.228550992163996},{"Length":5.295679,"Height":8.537323,"Demand":1.0,"DemandMax":null,"Value":45.210922127317005},{"Length":4.407483,"Height":10.20307,"Demand":1.0,"DemandMax":null,"Value":44.96985757281},{"Length":3.836542,"Height":11.7019,"Demand":1.0,"DemandMax":null,"Value":44.8948308298},{"Length":7.889632,"Height":5.682703,"Demand":1.0,"DemandMax":null,"Value":44.834435435296}]}