{"Name":"Path42_100","Objects":[{"Length":100.0,"Height":100.0,"Stock":null,"Cost":10000.0}],"Items":[{"Length":18.61904,"Height":86.16997,"Demand":1.0,"DemandMax":null,"Value":1604.4021182288},{"Length":22.24906,"Height":49.46061,"Demand":1.0,"DemandMax":null,"Value":1100.4520795266},{"Length":15.63851,"Height":39.44915,"Demand":1.0,"DemandMax":null,"Value":616.92592676650008},{"Length":22.24906,"Height":26.15775,"Demand":1.0,"DemandMax":null,"Value":581.985349215},{"Length":25.0499,"Height":12.57859,"Demand":1.0,"DemandMax":null,"Value":315.09242164100004},{"Length":7.102072,"Height":40.80658,"Demand":1.0,"DemandMax":null,"Value":289.81126923375996},{"Length":22.24906,"Height":10.55161,"Demand":1.0,"DemandMax":null,"Value":234.7634039866},{"Length":9.00668,"Height":26.01824,"Demand":1.0,"DemandMax":null,"Value":234.33796184319996},{"Length":2.688952,"Height":86.16997,"Demand":1.0,"DemandMax":null,"Value":231.70691317144002},{"Length":6.930707,"Height":33.23837,"Demand":1.0,"DemandMax":null,"Value":230.36540362759},{"Length":5.946914,"Height":38.37311,"Demand":1.0,"DemandMax":null,"Value":228.20158508253996},{"Length":13.99066,"Height":15.83902,"Demand":1.0,"DemandMax":null,"Value":221.5983435532},{"Length":10.31835,"Height":18.25477,"Demand":1.0,"DemandMax":null,"Value":188.35910602950003},{"Length":3.656363,"Height":51.28419,"Demand":1.0,"DemandMax":null,"Value":187.51361480097},{"Length":4.85368,"Height":37.00349,"Demand":1.0,"DemandMax":null,"Value":179.6030993432},{"Length":4.625408,"Height":38.37311,"Demand":1.0,"DemandMax":null,"Value":177.49128997888},{"Length":56.29611,"Height":2.998453,"Demand":1.0,"DemandMax":null,"Value":168.80123991783},{"Length":3.808439,"Height":34.88578,"Demand":1.0,"DemandMax":null,"Value":132.86036509742},{"Length":4.697507,"Height":27.36997,"Demand":1.0,"DemandMax":null,"Value":128.57062566479},{"Length":1.424057,"Height":86.16997,"Demand":1.0,"DemandMax":null,"Value":122.71094896829},{"Length":2.294196,"Height":39.70546,"Demand":1.0,"DemandMax":null,"Value":91.09210751016},{"Length":1.019737,"Height":86.16997,"Demand":1.0,"DemandMax":null,"Value":87.87070669789},{"Length":2.436932,"Height":33.23837,"Demand":1.0,"DemandMax":null,"Value":80.999647480840011},{"Length":15.63851,"Height":5.129633,"Demand":1.0,"DemandMax":null,"Value":80.21981696683},{"Length":0.8929734,"Height":86.16997,"Demand":1.0,"DemandMax":null,"Value":76.947491088798},{"Length":0.8627743,"Height":86.16997,"Demand":1.0,"DemandMax":null,"Value":74.345235547771011},{"Length":1.446299,"Height":51.28419,"Demand":1.0,"DemandMax":null,"Value":74.17227271281},{"Length":48.47102,"Height":1.519525,"Demand":1.0,"DemandMax":null,"Value":73.6529266655},{"Length":3.784408,"Height":18.25477,"Demand":1.0,"DemandMax":null,"Value":69.08349762616},{"Length":7.102072,"Height":9.681424,"Demand":1.0,"DemandMax":null,"Value":68.758170310528},{"Length":2.404565,"Height":27.36997,"Demand":1.0,"DemandMax":null,"Value":65.812871913049989},{"Length":63.18523,"Height":1.007233,"Demand":1.0,"DemandMax":null,"Value":63.64224876859},{"Length":11.19524,"Height":5.330171,"Demand":1.0,"DemandMax":null,"Value":59.67254358604},{"Length":4.557707,"Height":13.079,"Demand":1.0,"DemandMax":null,"Value":59.610249853},{"Length":4.557707,"Height":12.87666,"Demand":1.0,"DemandMax":null,"Value":58.688043418619991},{"Length":2.294196,"Height":21.96592,"Demand":1.0,"DemandMax":null,"Value":50.39412580032},{"Length":4.557707,"Height":11.04783,"Demand":1.0,"DemandMax":null,"Value":50.352772125809992},{"Length":1.294222,"Height":34.88578,"Demand":1.0,"DemandMax":null,"Value":45.14994396316},{"Length":42.21777,"Height":1.065077,"Demand":1.0,"DemandMax":null,"Value":44.965175818290007},{"Length":49.42822,"Height":0.8877038,"Demand":1.0,"DemandMax":null,"Value":43.877618721236004},{"Length":7.102072,"Height":5.847879,"Demand":1.0,"DemandMax":null,"Value":41.532057705288},{"Length":63.18523,"Height":0.6529139,"Demand":1.0,"DemandMax":null,"Value":41.254514941697},{"Length":1.499336,"Height":27.25001,"Demand":1.0,"DemandMax":null,"Value":40.85692099336},{"Length":23.39677,"Height":1.598145,"Demand":1.0,"DemandMax":null,"Value":37.39143099165},{"Length":32.08592,"Height":1.112297,"Demand":1.0,"DemandMax":null,"Value":35.689072558240007},{"Length":1.940458,"Height":18.25477,"Demand":1.0,"DemandMax":null,"Value":35.42261448466},{"Length":2.294196,"Height":15.26638,"Demand":1.0,"DemandMax":null,"Value":35.02406793048},{"Length":5.586203,"Height":6.06672,"Demand":1.0,"DemandMax":null,"Value":33.889929464160005},{"Length":21.01655,"Height":1.598145,"Demand":1.0,"DemandMax":null,"Value":33.58749429975},{"Length":25.0499,"Height":1.312556,"Demand":1.0,"DemandMax":null,"Value":32.8793965444},{"Length":2.052557,"Height":15.83902,"Demand":1.0,"DemandMax":null,"Value":32.51049137414},{"Length":30.56937,"Height":1.021912,"Demand":1.0,"DemandMax":null,"Value":31.23920603544},{"Length":10.15906,"Height":2.998453,"Demand":1.0,"DemandMax":null,"Value":30.46146393418},{"Length":4.01287,"Height":7.575298,"Demand":1.0,"DemandMax":null,"Value":30.398686085260003},{"Length":25.10386,"Height":1.154629,"Demand":1.0,"DemandMax":null,"Value":28.98564476794},{"Length":13.87107,"Height":2.03021,"Demand":1.0,"DemandMax":null,"Value":28.161185024699996},{"Length":48.72726,"Height":0.5674868,"Demand":1.0,"DemandMax":null,"Value":27.652076850167997},{"Length":23.6234,"Height":1.154629,"Demand":1.0,"DemandMax":null,"Value":27.276262718599998},{"Length":12.87737,"Height":2.081146,"Demand":1.0,"DemandMax":null,"Value":26.799687066020002},{"Length":25.52189,"Height":1.021496,"Demand":1.0,"DemandMax":null,"Value":26.07050854744},{"Length":14.96981,"Height":1.722116,"Demand":1.0,"DemandMax":null,"Value":25.77974931796},{"Length":8.494935,"Height":2.998453,"Demand":1.0,"DemandMax":null,"Value":25.471663335555},{"Length":12.17253,"Height":2.081146,"Demand":1.0,"DemandMax":null,"Value":25.332812119379998},{"Length":24.70605,"Height":1.021912,"Demand":1.0,"DemandMax":null,"Value":25.2474089676},{"Length":11.19524,"Height":2.232145,"Demand":1.0,"DemandMax":null,"Value":24.9893989898},{"Length":25.52189,"Height":0.9785053,"Demand":1.0,"DemandMax":null,"Value":24.973304631017},{"Length":0.5468484,"Height":45.42117,"Demand":1.0,"DemandMax":null,"Value":24.838494140627997},{"Length":0.6229154,"Height":38.37311,"Demand":1.0,"DemandMax":null,"Value":23.903201164894},{"Length":1.306686,"Height":18.03525,"Demand":1.0,"DemandMax":null,"Value":23.5664086815},{"Length":11.17882,"Height":2.03021,"Demand":1.0,"DemandMax":null,"Value":22.695352152199998},{"Length":42.21777,"Height":0.5330676,"Demand":1.0,"DemandMax":null,"Value":22.504925331252},{"Length":33.46972,"Height":0.6672577,"Demand":1.0,"DemandMax":null,"Value":22.332928386844},{"Length":11.19524,"Height":1.992311,"Demand":1.0,"DemandMax":null,"Value":22.30439979964},{"Length":12.81604,"Height":1.726774,"Demand":1.0,"DemandMax":null,"Value":22.13040465496},{"Length":14.52135,"Height":1.519525,"Demand":1.0,"DemandMax":null,"Value":22.06555435875},{"Length":11.19524,"Height":1.945999,"Demand":1.0,"DemandMax":null,"Value":21.78592584476},{"Length":0.9524875,"Height":22.74401,"Demand":1.0,"DemandMax":null,"Value":21.663385224875},{"Length":0.9524875,"Height":22.67716,"Demand":1.0,"DemandMax":null,"Value":21.5997114355},{"Length":13.36891,"Height":1.598145,"Demand":1.0,"DemandMax":null,"Value":21.36545667195},{"Length":2.294196,"Height":9.232214,"Demand":1.0,"DemandMax":null,"Value":21.180508429944002},{"Length":32.92572,"Height":0.6424718,"Demand":1.0,"DemandMax":null,"Value":21.153846594696},{"Length":12.23386,"Height":1.726774,"Demand":1.0,"DemandMax":null,"Value":21.12511136764},{"Length":3.420478,"Height":6.06672,"Demand":1.0,"DemandMax":null,"Value":20.75108229216},{"Length":5.398516,"Height":3.839542,"Demand":1.0,"DemandMax":null,"Value":20.727828919672},{"Length":1.499336,"Height":13.49878,"Demand":1.0,"DemandMax":null,"Value":20.23920681008},{"Length":5.398516,"Height":3.735756,"Demand":1.0,"DemandMax":null,"Value":20.167538538096},{"Length":19.67469,"Height":1.021912,"Demand":1.0,"DemandMax":null,"Value":20.105801807279995},{"Length":1.306686,"Height":15.20312,"Demand":1.0,"DemandMax":null,"Value":19.86570406032},{"Length":29.71552,"Height":0.6672577,"Demand":1.0,"DemandMax":null,"Value":19.827909529503998},{"Length":30.25951,"Height":0.6424718,"Demand":1.0,"DemandMax":null,"Value":19.440881856818},{"Length":11.25304,"Height":1.722116,"Demand":1.0,"DemandMax":null,"Value":19.37904023264},{"Length":17.34229,"Height":1.112297,"Demand":1.0,"DemandMax":null,"Value":19.28977714013},{"Length":11.76487,"Height":1.601692,"Demand":1.0,"DemandMax":null,"Value":18.84369816004},{"Length":11.95773,"Height":1.519525,"Demand":1.0,"DemandMax":null,"Value":18.170069678249998},{"Length":9.00668,"Height":2.008837,"Demand":1.0,"DemandMax":null,"Value":18.09295203116},{"Length":7.102072,"Height":2.464112,"Demand":1.0,"DemandMax":null,"Value":17.500300840064},{"Length":0.5209118,"Height":33.23837,"Demand":1.0,"DemandMax":null,"Value":17.314259145766002},{"Length":11.19524,"Height":1.532979,"Demand":1.0,"DemandMax":null,"Value":17.16206781996},{"Length":11.19524,"Height":1.524884,"Demand":1.0,"DemandMax":null,"Value":17.07144235216},{"Length":11.76487,"Height":1.368184,"Demand":1.0,"DemandMax":null,"Value":16.09650689608}]}