{"Name":"Path14_25","Objects":[{"Length":100.0,"Height":100.0,"Stock":null,"Cost":10000.0}],"Items":[{"Length":100.0,"Height":20.10701,"Demand":1.0,"DemandMax":null,"Value":2010.7009999999998},{"Length":51.09901,"Height":38.60587,"Demand":1.0,"DemandMax":null,"Value":1972.7217371887002},{"Length":43.22727,"Height":38.33131,"Demand":1.0,"DemandMax":null,"Value":1656.9578868237},{"Length":27.31205,"Height":38.33131,"Demand":1.0,"DemandMax":null,"Value":1046.9066552855},{"Length":19.96181,"Height":38.33131,"Demand":1.0,"DemandMax":null,"Value":765.1623272711},{"Length":25.15761,"Height":22.01863,"Demand":1.0,"DemandMax":null,"Value":553.9361062743},{"Length":25.15761,"Height":16.96858,"Demand":1.0,"DemandMax":null,"Value":426.88891789379994},{"Length":7.739552,"Height":38.60587,"Demand":1.0,"DemandMax":null,"Value":298.79213837024},{"Length":9.85679,"Height":23.49322,"Demand":1.0,"DemandMax":null,"Value":231.5677359638},{"Length":5.277189,"Height":34.96388,"Demand":1.0,"DemandMax":null,"Value":184.51100293332002},{"Length":4.166593,"Height":38.60587,"Demand":1.0,"DemandMax":null,"Value":160.85494770091},{"Length":9.85679,"Height":15.49399,"Demand":1.0,"DemandMax":null,"Value":152.7210056921},{"Length":4.221671,"Height":21.35434,"Demand":1.0,"DemandMax":null,"Value":90.150997902139991},{"Length":36.96724,"Height":1.624857,"Demand":1.0,"DemandMax":null,"Value":60.066478684679993},{"Length":26.03792,"Height":2.081472,"Demand":1.0,"DemandMax":null,"Value":54.197201418240006},{"Length":36.96724,"Height":1.330948,"Demand":1.0,"DemandMax":null,"Value":49.201474143519995},{"Length":26.72271,"Height":1.695988,"Demand":1.0,"DemandMax":null,"Value":45.32139548748},{"Length":1.98044,"Height":22.62163,"Demand":1.0,"DemandMax":null,"Value":44.8007809172},{"Length":1.98044,"Height":16.36558,"Demand":1.0,"DemandMax":null,"Value":32.411049255200005},{"Length":4.221671,"Height":7.622304,"Demand":1.0,"DemandMax":null,"Value":32.178859749984},{"Length":9.498859,"Height":3.367431,"Demand":1.0,"DemandMax":null,"Value":31.986752261228997},{"Length":10.27214,"Height":2.574464,"Demand":1.0,"DemandMax":null,"Value":26.445254632959998},{"Length":4.221671,"Height":5.987243,"Demand":1.0,"DemandMax":null,"Value":25.276170143053},{"Length":26.72271,"Height":0.878476,"Demand":1.0,"DemandMax":null,"Value":23.47525938996},{"Length":26.03792,"Height":0.8743326,"Demand":1.0,"DemandMax":null,"Value":22.765802292192}]}