{"Name":"Nice2_100","Objects":[{"Length":100.0,"Height":100.0,"Stock":null,"Cost":10000.0}],"Items":[{"Length":19.89073,"Height":17.60456,"Demand":1.0,"DemandMax":null,"Value":350.1675497288},{"Length":18.91086,"Height":14.1358,"Demand":1.0,"DemandMax":null,"Value":267.32013478799996},{"Length":13.17961,"Height":14.25611,"Demand":1.0,"DemandMax":null,"Value":187.8899699171},{"Length":16.53587,"Height":10.7284,"Demand":1.0,"DemandMax":null,"Value":177.403427708},{"Length":13.60859,"Height":11.81776,"Demand":1.0,"DemandMax":null,"Value":160.82305055839998},{"Length":16.40497,"Height":9.755272,"Demand":1.0,"DemandMax":null,"Value":160.03494450184},{"Length":19.95133,"Height":7.633581,"Demand":1.0,"DemandMax":null,"Value":152.30009361273},{"Length":13.73403,"Height":10.64757,"Demand":1.0,"DemandMax":null,"Value":146.23404580710002},{"Length":11.03999,"Height":12.97948,"Demand":1.0,"DemandMax":null,"Value":143.2933294052},{"Length":10.05979,"Height":14.19901,"Demand":1.0,"DemandMax":null,"Value":142.8390588079},{"Length":10.02195,"Height":14.12329,"Demand":1.0,"DemandMax":null,"Value":141.5429062155},{"Length":11.54565,"Height":12.23834,"Demand":1.0,"DemandMax":null,"Value":141.29959022100002},{"Length":9.891537,"Height":14.19901,"Demand":1.0,"DemandMax":null,"Value":140.45003277837},{"Length":12.89132,"Height":10.86914,"Demand":1.0,"DemandMax":null,"Value":140.1175618648},{"Length":15.30882,"Height":8.835066,"Demand":1.0,"DemandMax":null,"Value":135.25443508212},{"Length":6.44349,"Height":20.64085,"Demand":1.0,"DemandMax":null,"Value":132.9991105665},{"Length":16.09089,"Height":8.259596,"Demand":1.0,"DemandMax":null,"Value":132.90425068044002},{"Length":15.13074,"Height":8.697929,"Demand":1.0,"DemandMax":null,"Value":131.60610223746},{"Length":6.860163,"Height":18.96287,"Demand":1.0,"DemandMax":null,"Value":130.08837914781},{"Length":10.04464,"Height":12.88536,"Demand":1.0,"DemandMax":null,"Value":129.4288024704},{"Length":9.960582,"Height":12.94706,"Demand":1.0,"DemandMax":null,"Value":128.96025278892},{"Length":6.748427,"Height":18.96287,"Demand":1.0,"DemandMax":null,"Value":127.96954390549},{"Length":14.68561,"Height":8.531645,"Demand":1.0,"DemandMax":null,"Value":125.29241112845},{"Length":9.09433,"Height":13.73335,"Demand":1.0,"DemandMax":null,"Value":124.89561690549999},{"Length":13.60859,"Height":9.02519,"Demand":1.0,"DemandMax":null,"Value":122.8201103821},{"Length":8.556919,"Height":14.25611,"Demand":1.0,"DemandMax":null,"Value":121.98837852509},{"Length":7.993108,"Height":15.11243,"Demand":1.0,"DemandMax":null,"Value":120.79528513244},{"Length":14.35059,"Height":8.152615,"Demand":1.0,"DemandMax":null,"Value":116.99483529285001},{"Length":9.09433,"Height":12.85746,"Demand":1.0,"DemandMax":null,"Value":116.92998420179998},{"Length":16.7862,"Height":6.916512,"Demand":1.0,"DemandMax":null,"Value":116.10195373440001},{"Length":8.61441,"Height":13.40836,"Demand":1.0,"DemandMax":null,"Value":115.50511046759999},{"Length":15.75856,"Height":7.249833,"Demand":1.0,"DemandMax":null,"Value":114.24692832048},{"Length":8.65512,"Height":13.12022,"Demand":1.0,"DemandMax":null,"Value":113.5570785264},{"Length":12.06931,"Height":9.394914,"Demand":1.0,"DemandMax":null,"Value":113.39012948934},{"Length":10.41806,"Height":10.86914,"Demand":1.0,"DemandMax":null,"Value":113.2353526684},{"Length":13.73403,"Height":7.977048,"Demand":1.0,"DemandMax":null,"Value":109.55701654344},{"Length":19.95133,"Height":5.326914,"Demand":1.0,"DemandMax":null,"Value":106.27901909562},{"Length":8.61441,"Height":12.23204,"Demand":1.0,"DemandMax":null,"Value":105.37180769639998},{"Length":7.880746,"Height":13.12022,"Demand":1.0,"DemandMax":null,"Value":103.39712128412},{"Length":14.31591,"Height":7.133927,"Demand":1.0,"DemandMax":null,"Value":102.12865687857},{"Length":7.893644,"Height":12.91053,"Demand":1.0,"DemandMax":null,"Value":101.91112767132},{"Length":7.120039,"Height":14.25611,"Demand":1.0,"DemandMax":null,"Value":101.50405918829},{"Length":10.93155,"Height":9.159885,"Demand":1.0,"DemandMax":null,"Value":100.13174087174998},{"Length":9.427398,"Height":10.57499,"Demand":1.0,"DemandMax":null,"Value":99.69463957602},{"Length":15.30882,"Height":6.341043,"Demand":1.0,"DemandMax":null,"Value":97.07388589926},{"Length":9.427398,"Height":10.12424,"Demand":1.0,"DemandMax":null,"Value":95.44523992752},{"Length":7.893644,"Height":12.02466,"Demand":1.0,"DemandMax":null,"Value":94.91838526104},{"Length":13.74187,"Height":6.885965,"Demand":1.0,"DemandMax":null,"Value":94.62603585455},{"Length":14.35059,"Height":6.572933,"Demand":1.0,"DemandMax":null,"Value":94.32546658047},{"Length":13.46846,"Height":6.984668,"Demand":1.0,"DemandMax":null,"Value":94.07272157128},{"Length":14.68561,"Height":6.193902,"Demand":1.0,"DemandMax":null,"Value":90.961229150219992},{"Length":10.34405,"Height":8.697929,"Demand":1.0,"DemandMax":null,"Value":89.97181247245},{"Length":9.696987,"Height":9.159885,"Demand":1.0,"DemandMax":null,"Value":88.82328576649499},{"Length":7.872416,"Height":11.05469,"Demand":1.0,"DemandMax":null,"Value":87.027118431040009},{"Length":6.097811,"Height":14.25611,"Demand":1.0,"DemandMax":null,"Value":86.93106437521},{"Length":6.053934,"Height":14.35247,"Demand":1.0,"DemandMax":null,"Value":86.88890611698},{"Length":11.62609,"Height":7.330624,"Demand":1.0,"DemandMax":null,"Value":85.22649438016},{"Length":12.31578,"Height":6.885965,"Demand":1.0,"DemandMax":null,"Value":84.8060300277},{"Length":12.26939,"Height":6.773763,"Demand":1.0,"DemandMax":null,"Value":83.10994001457},{"Length":5.475357,"Height":15.11243,"Demand":1.0,"DemandMax":null,"Value":82.74594938751},{"Length":16.40497,"Height":4.970274,"Demand":1.0,"DemandMax":null,"Value":81.537195861779992},{"Length":5.248507,"Height":15.17611,"Demand":1.0,"DemandMax":null,"Value":79.65191956777},{"Length":5.491717,"Height":14.35247,"Demand":1.0,"DemandMax":null,"Value":78.819703490990008},{"Length":10.84572,"Height":7.255666,"Demand":1.0,"DemandMax":null,"Value":78.69292184951999},{"Length":13.46846,"Height":5.67767,"Demand":1.0,"DemandMax":null,"Value":76.4694712882},{"Length":12.26939,"Height":6.205717,"Demand":1.0,"DemandMax":null,"Value":76.14036210263},{"Length":10.84572,"Height":7.000448,"Demand":1.0,"DemandMax":null,"Value":75.92489888256},{"Length":9.151882,"Height":8.259596,"Demand":1.0,"DemandMax":null,"Value":75.590847959672},{"Length":7.872416,"Height":9.586155,"Demand":1.0,"DemandMax":null,"Value":75.46620000048},{"Length":9.906689,"Height":7.590789,"Demand":1.0,"DemandMax":null,"Value":75.199585887621},{"Length":10.29909,"Height":7.249833,"Demand":1.0,"DemandMax":null,"Value":74.66668255197},{"Length":10.12056,"Height":7.245172,"Demand":1.0,"DemandMax":null,"Value":73.32519793632},{"Length":9.960582,"Height":7.248553,"Demand":1.0,"DemandMax":null,"Value":72.199806537846},{"Length":8.256,"Height":8.697929,"Demand":1.0,"DemandMax":null,"Value":71.810101824},{"Length":13.73403,"Height":5.223997,"Demand":1.0,"DemandMax":null,"Value":71.74653151791},{"Length":9.830766,"Height":7.245172,"Demand":1.0,"DemandMax":null,"Value":71.225590561752},{"Length":8.675775,"Height":7.991443,"Demand":1.0,"DemandMax":null,"Value":69.331961393325},{"Length":9.960582,"Height":6.873946,"Demand":1.0,"DemandMax":null,"Value":68.468502796572011},{"Length":5.734889,"Height":11.80476,"Demand":1.0,"DemandMax":null,"Value":67.69898827164},{"Length":13.10225,"Height":5.061411,"Demand":1.0,"DemandMax":null,"Value":66.315872274749992},{"Length":4.681297,"Height":14.1358,"Demand":1.0,"DemandMax":null,"Value":66.1738781326},{"Length":10.02195,"Height":6.522788,"Demand":1.0,"DemandMax":null,"Value":65.371055196600011},{"Length":8.138102,"Height":7.645337,"Demand":1.0,"DemandMax":null,"Value":62.218532330373996},{"Length":8.264641,"Height":7.330624,"Demand":1.0,"DemandMax":null,"Value":60.584975665984},{"Length":8.675775,"Height":6.828405,"Demand":1.0,"DemandMax":null,"Value":59.241705388875},{"Length":8.456574,"Height":6.916512,"Demand":1.0,"DemandMax":null,"Value":58.489995549888},{"Length":8.138102,"Height":7.08021,"Demand":1.0,"DemandMax":null,"Value":57.61947116142},{"Length":5.477694,"Height":10.4893,"Demand":1.0,"DemandMax":null,"Value":57.457175674199995},{"Length":5.477694,"Height":10.20993,"Demand":1.0,"DemandMax":null,"Value":55.92687230142},{"Length":3.929466,"Height":14.1358,"Demand":1.0,"DemandMax":null,"Value":55.5461454828},{"Length":8.675775,"Height":6.364645,"Demand":1.0,"DemandMax":null,"Value":55.218227974875},{"Length":13.10225,"Height":4.098475,"Demand":1.0,"DemandMax":null,"Value":53.699244068749991},{"Length":9.906689,"Height":5.294575,"Demand":1.0,"DemandMax":null,"Value":52.451707912175},{"Length":12.06931,"Height":4.269034,"Demand":1.0,"DemandMax":null,"Value":51.52429474654},{"Length":8.675775,"Height":5.885068,"Demand":1.0,"DemandMax":null,"Value":51.057525827700005},{"Length":6.818211,"Height":7.484222,"Demand":1.0,"DemandMax":null,"Value":51.029004766842},{"Length":5.734889,"Height":8.894473,"Demand":1.0,"DemandMax":null,"Value":51.008815368497},{"Length":6.79038,"Height":7.484222,"Demand":1.0,"DemandMax":null,"Value":50.820711384359996},{"Length":12.06931,"Height":4.193867,"Demand":1.0,"DemandMax":null,"Value":50.61708092177},{"Length":10.02195,"Height":4.994319,"Demand":1.0,"DemandMax":null,"Value":50.05281530205}]}