{"Name":"Nice28_100","Objects":[{"Length":100.0,"Height":100.0,"Stock":null,"Cost":10000.0}],"Items":[{"Length":18.72796,"Height":10.89419,"Demand":1.0,"DemandMax":null,"Value":204.0259545524},{"Length":11.04462,"Height":17.93284,"Demand":1.0,"DemandMax":null,"Value":198.0614033208},{"Length":8.41799,"Height":23.42104,"Demand":1.0,"DemandMax":null,"Value":197.1580805096},{"Length":10.14916,"Height":17.02979,"Demand":1.0,"DemandMax":null,"Value":172.83806347639998},{"Length":12.69723,"Height":13.0923,"Demand":1.0,"DemandMax":null,"Value":166.23594432899998},{"Length":19.46261,"Height":8.302602,"Demand":1.0,"DemandMax":null,"Value":161.59030471122003},{"Length":22.15524,"Height":7.01967,"Demand":1.0,"DemandMax":null,"Value":155.52247357079997},{"Length":13.95748,"Height":10.75429,"Demand":1.0,"DemandMax":null,"Value":150.1027875892},{"Length":13.72247,"Height":10.70983,"Demand":1.0,"DemandMax":null,"Value":146.9653208801},{"Length":13.58061,"Height":10.75429,"Demand":1.0,"DemandMax":null,"Value":146.0498183169},{"Length":11.04462,"Height":13.18704,"Demand":1.0,"DemandMax":null,"Value":145.6458457248},{"Length":21.65582,"Height":6.679675,"Demand":1.0,"DemandMax":null,"Value":144.6538394585},{"Length":15.54501,"Height":9.240722,"Demand":1.0,"DemandMax":null,"Value":143.64711589722},{"Length":10.29662,"Height":13.82203,"Demand":1.0,"DemandMax":null,"Value":142.3201905386},{"Length":6.501572,"Height":21.68254,"Demand":1.0,"DemandMax":null,"Value":140.97059495288},{"Length":9.055382,"Height":15.28432,"Demand":1.0,"DemandMax":null,"Value":138.40535621024},{"Length":12.85536,"Height":10.4427,"Demand":1.0,"DemandMax":null,"Value":134.244667872},{"Length":9.165991,"Height":14.63204,"Demand":1.0,"DemandMax":null,"Value":134.11714695164},{"Length":13.81769,"Height":9.530791,"Demand":1.0,"DemandMax":null,"Value":131.69351549279003},{"Length":8.908205,"Height":14.55873,"Demand":1.0,"DemandMax":null,"Value":129.69215137965003},{"Length":9.988967,"Height":12.73463,"Demand":1.0,"DemandMax":null,"Value":127.20579882721},{"Length":12.64584,"Height":10.01012,"Demand":1.0,"DemandMax":null,"Value":126.58637590080001},{"Length":16.05342,"Height":7.715485,"Demand":1.0,"DemandMax":null,"Value":123.8599212087},{"Length":13.81769,"Height":8.938987,"Demand":1.0,"DemandMax":null,"Value":123.51615128002999},{"Length":15.25334,"Height":8.08462,"Demand":1.0,"DemandMax":null,"Value":123.31745763079999},{"Length":16.66982,"Height":7.25981,"Demand":1.0,"DemandMax":null,"Value":121.01972593420001},{"Length":9.913652,"Height":12.08786,"Demand":1.0,"DemandMax":null,"Value":119.83483746472},{"Length":7.74618,"Height":15.21594,"Demand":1.0,"DemandMax":null,"Value":117.8654101092},{"Length":8.061552,"Height":14.55873,"Demand":1.0,"DemandMax":null,"Value":117.36595894896001},{"Length":14.31575,"Height":8.107008,"Demand":1.0,"DemandMax":null,"Value":116.057899776},{"Length":10.29662,"Height":11.25591,"Demand":1.0,"DemandMax":null,"Value":115.89782802420001},{"Length":16.66982,"Height":6.924088,"Demand":1.0,"DemandMax":null,"Value":115.42330062416002},{"Length":15.25334,"Height":7.543032,"Demand":1.0,"DemandMax":null,"Value":115.05643172688},{"Length":6.140217,"Height":18.46978,"Demand":1.0,"DemandMax":null,"Value":113.40845714225999},{"Length":9.542583,"Height":11.81421,"Demand":1.0,"DemandMax":null,"Value":112.73807950443},{"Length":9.7968,"Height":11.48978,"Demand":1.0,"DemandMax":null,"Value":112.56307670399998},{"Length":10.16825,"Height":10.98699,"Demand":1.0,"DemandMax":null,"Value":111.71846106750002},{"Length":18.96903,"Height":5.858041,"Demand":1.0,"DemandMax":null,"Value":111.12135547023},{"Length":6.000617,"Height":18.46978,"Demand":1.0,"DemandMax":null,"Value":110.83007585426},{"Length":10.16825,"Height":10.69555,"Demand":1.0,"DemandMax":null,"Value":108.75502628750002},{"Length":9.055382,"Height":11.98699,"Demand":1.0,"DemandMax":null,"Value":108.54677348018001},{"Length":9.913652,"Height":10.87867,"Demand":1.0,"DemandMax":null,"Value":107.84734860284},{"Length":7.427173,"Height":14.0378,"Demand":1.0,"DemandMax":null,"Value":104.2611691394},{"Length":12.45444,"Height":8.327509,"Demand":1.0,"DemandMax":null,"Value":103.71446118995999},{"Length":19.42855,"Height":5.21896,"Demand":1.0,"DemandMax":null,"Value":101.396825308},{"Length":16.66982,"Height":6.051754,"Demand":1.0,"DemandMax":null,"Value":100.88164986428},{"Length":9.200818,"Height":10.89419,"Demand":1.0,"DemandMax":null,"Value":100.23545944742},{"Length":9.473209,"Height":10.35012,"Demand":1.0,"DemandMax":null,"Value":98.048849935080014},{"Length":9.165991,"Height":10.4459,"Demand":1.0,"DemandMax":null,"Value":95.7470253869},{"Length":9.509403,"Height":10.01012,"Demand":1.0,"DemandMax":null,"Value":95.19026515836},{"Length":7.427173,"Height":12.786,"Demand":1.0,"DemandMax":null,"Value":94.963833978},{"Length":8.500221,"Height":11.17108,"Demand":1.0,"DemandMax":null,"Value":94.95664880868},{"Length":9.913652,"Height":9.546412,"Demand":1.0,"DemandMax":null,"Value":94.639806416624012},{"Length":5.019701,"Height":18.46978,"Demand":1.0,"DemandMax":null,"Value":92.712773135780012},{"Length":9.7968,"Height":9.394345,"Demand":1.0,"DemandMax":null,"Value":92.034519095999983},{"Length":5.353011,"Height":17.02979,"Demand":1.0,"DemandMax":null,"Value":91.16065319769},{"Length":5.337381,"Height":17.02979,"Demand":1.0,"DemandMax":null,"Value":90.894477579989982},{"Length":9.7968,"Height":9.267903,"Demand":1.0,"DemandMax":null,"Value":90.7957921104},{"Length":5.785974,"Height":15.62765,"Demand":1.0,"DemandMax":null,"Value":90.4211765811},{"Length":12.69723,"Height":7.068269,"Demand":1.0,"DemandMax":null,"Value":89.747437194869988},{"Length":12.69723,"Height":7.011495,"Demand":1.0,"DemandMax":null,"Value":89.026564658849992},{"Length":5.31876,"Height":16.72936,"Demand":1.0,"DemandMax":null,"Value":88.9794507936},{"Length":8.568648,"Height":10.38327,"Demand":1.0,"DemandMax":null,"Value":88.97058571896},{"Length":6.98079,"Height":12.73463,"Demand":1.0,"DemandMax":null,"Value":88.8977777577},{"Length":11.48467,"Height":7.715485,"Demand":1.0,"DemandMax":null,"Value":88.60979911495},{"Length":8.401109,"Height":10.38327,"Demand":1.0,"DemandMax":null,"Value":87.23098304643},{"Length":10.17751,"Height":8.49394,"Demand":1.0,"DemandMax":null,"Value":86.4471592894},{"Length":14.2063,"Height":5.948837,"Demand":1.0,"DemandMax":null,"Value":84.5109630731},{"Length":9.81747,"Height":8.394776,"Demand":1.0,"DemandMax":null,"Value":82.41546153672},{"Length":5.34044,"Height":15.00959,"Demand":1.0,"DemandMax":null,"Value":80.157814819599992},{"Length":9.151565,"Height":8.394776,"Demand":1.0,"DemandMax":null,"Value":76.82533822444},{"Length":8.791523,"Height":8.49394,"Demand":1.0,"DemandMax":null,"Value":74.67466887062},{"Length":7.536596,"Height":9.515982,"Demand":1.0,"DemandMax":null,"Value":71.718111877272},{"Length":8.627264,"Height":7.990669,"Demand":1.0,"DemandMax":null,"Value":68.937610999616},{"Length":8.923645,"Height":7.64055,"Demand":1.0,"DemandMax":null,"Value":68.18155580475},{"Length":9.252381,"Height":7.366292,"Demand":1.0,"DemandMax":null,"Value":68.155740141252},{"Length":14.2063,"Height":4.760993,"Demand":1.0,"DemandMax":null,"Value":67.6360948559},{"Length":8.923645,"Height":7.575392,"Demand":1.0,"DemandMax":null,"Value":67.60010894384},{"Length":12.18261,"Height":5.337422,"Demand":1.0,"DemandMax":null,"Value":65.023730631420008},{"Length":8.41799,"Height":7.698848,"Demand":1.0,"DemandMax":null,"Value":64.80882547552},{"Length":10.87758,"Height":5.952117,"Demand":1.0,"DemandMax":null,"Value":64.74462883686},{"Length":6.134304,"Height":10.37543,"Demand":1.0,"DemandMax":null,"Value":63.64604175072},{"Length":4.202144,"Height":15.00959,"Demand":1.0,"DemandMax":null,"Value":63.072458560959994},{"Length":12.18261,"Height":5.012698,"Demand":1.0,"DemandMax":null,"Value":61.067744781780007},{"Length":13.61302,"Height":4.407606,"Demand":1.0,"DemandMax":null,"Value":60.000828630120004},{"Length":6.704688,"Height":8.327509,"Demand":1.0,"DemandMax":null,"Value":55.833349662191992},{"Length":7.417443,"Height":7.366292,"Demand":1.0,"DemandMax":null,"Value":54.639051031356},{"Length":7.536596,"Height":7.213381,"Demand":1.0,"DemandMax":null,"Value":54.364338391076004},{"Length":6.889461,"Height":7.815209,"Demand":1.0,"DemandMax":null,"Value":53.842577612349004},{"Length":6.889461,"Height":7.812442,"Demand":1.0,"DemandMax":null,"Value":53.823514473761996},{"Length":6.393456,"Height":8.327509,"Demand":1.0,"DemandMax":null,"Value":53.241562381103989},{"Length":9.7968,"Height":5.347545,"Demand":1.0,"DemandMax":null,"Value":52.388828855999996},{"Length":6.540701,"Height":7.990669,"Demand":1.0,"DemandMax":null,"Value":52.264576718968996},{"Length":6.498712,"Height":7.990669,"Demand":1.0,"DemandMax":null,"Value":51.929056518328},{"Length":8.550974,"Height":5.952117,"Demand":1.0,"DemandMax":null,"Value":50.896397711958},{"Length":13.61302,"Height":3.699402,"Demand":1.0,"DemandMax":null,"Value":50.360033414040004},{"Length":6.262099,"Height":7.990669,"Demand":1.0,"DemandMax":null,"Value":50.038360354230996},{"Length":6.134304,"Height":8.094353,"Demand":1.0,"DemandMax":null,"Value":49.653221985312},{"Length":9.055382,"Height":5.24164,"Demand":1.0,"DemandMax":null,"Value":47.46505250648},{"Length":3.424027,"Height":9.240722,"Demand":1.0,"DemandMax":null,"Value":31.640481627494}]}