{"Name":"Path2_25","Objects":[{"Length":100.0,"Height":100.0,"Stock":null,"Cost":10000.0}],"Items":[{"Length":78.89758,"Height":44.68848,"Demand":1.0,"DemandMax":null,"Value":3525.8129258784},{"Length":27.35893,"Height":32.84672,"Demand":1.0,"DemandMax":null,"Value":898.6511132096},{"Length":45.08923,"Height":16.07483,"Demand":1.0,"DemandMax":null,"Value":724.8017070809},{"Length":29.76156,"Height":21.53265,"Demand":1.0,"DemandMax":null,"Value":640.845254934},{"Length":45.08923,"Height":12.99973,"Demand":1.0,"DemandMax":null,"Value":586.14781590789994},{"Length":11.7927,"Height":44.68848,"Demand":1.0,"DemandMax":null,"Value":526.997838096},{"Length":13.60765,"Height":32.84672,"Demand":1.0,"DemandMax":null,"Value":446.966669408},{"Length":29.96912,"Height":13.21125,"Demand":1.0,"DemandMax":null,"Value":395.9295366},{"Length":45.08923,"Height":6.198042,"Demand":1.0,"DemandMax":null,"Value":279.46494128766},{"Length":5.214631,"Height":44.68848,"Demand":1.0,"DemandMax":null,"Value":233.03393315088},{"Length":11.18026,"Height":17.72398,"Demand":1.0,"DemandMax":null,"Value":198.15870463480002},{"Length":4.095092,"Height":44.68848,"Demand":1.0,"DemandMax":null,"Value":183.00343694016001},{"Length":45.08923,"Height":3.708677,"Demand":1.0,"DemandMax":null,"Value":167.22139024870998},{"Length":25.1492,"Height":5.648863,"Demand":1.0,"DemandMax":null,"Value":142.0643853596},{"Length":45.08923,"Height":3.118996,"Demand":1.0,"DemandMax":null,"Value":140.63312801308},{"Length":15.12011,"Height":8.845542,"Demand":1.0,"DemandMax":null,"Value":133.74556804962},{"Length":25.1492,"Height":5.24415,"Demand":1.0,"DemandMax":null,"Value":131.88617718},{"Length":25.1492,"Height":4.185468,"Demand":1.0,"DemandMax":null,"Value":105.2611718256},{"Length":25.1492,"Height":4.053853,"Demand":1.0,"DemandMax":null,"Value":101.95115986760001},{"Length":6.475764,"Height":15.12274,"Demand":1.0,"DemandMax":null,"Value":97.931295273359993},{"Length":2.763925,"Height":32.84672,"Demand":1.0,"DemandMax":null,"Value":90.785870576},{"Length":4.7045,"Height":15.12274,"Demand":1.0,"DemandMax":null,"Value":71.144930330000008},{"Length":15.12011,"Height":4.365708,"Demand":1.0,"DemandMax":null,"Value":66.009985187879991},{"Length":25.1492,"Height":2.40032,"Demand":1.0,"DemandMax":null,"Value":60.366127743999996},{"Length":54.91077,"Height":0.9321505,"Demand":1.0,"DemandMax":null,"Value":51.185101710885}]}