{"Name":"Nice29_200","Objects":[{"Length":100.0,"Height":100.0,"Stock":null,"Cost":10000.0}],"Items":[{"Length":11.82173,"Height":16.51609,"Demand":1.0,"DemandMax":null,"Value":195.24875663569998},{"Length":11.50347,"Height":13.17658,"Demand":1.0,"DemandMax":null,"Value":151.5763927326},{"Length":11.50347,"Height":13.07928,"Demand":1.0,"DemandMax":null,"Value":150.4571051016},{"Length":14.96067,"Height":8.769779,"Demand":1.0,"DemandMax":null,"Value":131.20176959193},{"Length":6.609025,"Height":17.46435,"Demand":1.0,"DemandMax":null,"Value":115.42232575874999},{"Length":10.31581,"Height":10.69046,"Demand":1.0,"DemandMax":null,"Value":110.28075417260001},{"Length":6.075736,"Height":18.11057,"Demand":1.0,"DemandMax":null,"Value":110.03504212952},{"Length":5.520566,"Height":19.17889,"Demand":1.0,"DemandMax":null,"Value":105.87832805173999},{"Length":7.992422,"Height":13.2038,"Demand":1.0,"DemandMax":null,"Value":105.5303416036},{"Length":5.303737,"Height":18.11057,"Demand":1.0,"DemandMax":null,"Value":96.053700200089992},{"Length":7.347885,"Height":12.57938,"Demand":1.0,"DemandMax":null,"Value":92.4318376113},{"Length":7.298807,"Height":12.57938,"Demand":1.0,"DemandMax":null,"Value":91.814466799660011},{"Length":6.33712,"Height":13.58045,"Demand":1.0,"DemandMax":null,"Value":86.060941304},{"Length":9.786032,"Height":8.765941,"Demand":1.0,"DemandMax":null,"Value":85.783779136112},{"Length":4.570069,"Height":18.11057,"Demand":1.0,"DemandMax":null,"Value":82.76655452933},{"Length":4.964977,"Height":16.54481,"Demand":1.0,"DemandMax":null,"Value":82.14460111937},{"Length":5.055,"Height":15.51866,"Demand":1.0,"DemandMax":null,"Value":78.4468263},{"Length":11.1123,"Height":6.634886,"Demand":1.0,"DemandMax":null,"Value":73.728843697799988},{"Length":10.00412,"Height":7.236822,"Demand":1.0,"DemandMax":null,"Value":72.39803570664},{"Length":7.986287,"Height":9.063014,"Demand":1.0,"DemandMax":null,"Value":72.37983088901801},{"Length":8.567139,"Height":8.395851,"Demand":1.0,"DemandMax":null,"Value":71.928422540288992},{"Length":4.855839,"Height":14.78137,"Demand":1.0,"DemandMax":null,"Value":71.77595291943},{"Length":5.533732,"Height":12.70867,"Demand":1.0,"DemandMax":null,"Value":70.32637385644},{"Length":4.221692,"Height":16.54481,"Demand":1.0,"DemandMax":null,"Value":69.847092018519987},{"Length":9.521259,"Height":7.157543,"Demand":1.0,"DemandMax":null,"Value":68.148820706637011},{"Length":5.359148,"Height":12.67541,"Demand":1.0,"DemandMax":null,"Value":67.92939815068},{"Length":5.619942,"Height":11.94312,"Demand":1.0,"DemandMax":null,"Value":67.11964169904},{"Length":12.21687,"Height":5.471848,"Demand":1.0,"DemandMax":null,"Value":66.848855675759992},{"Length":5.149705,"Height":12.64587,"Demand":1.0,"DemandMax":null,"Value":65.12249996835},{"Length":5.414365,"Height":11.94312,"Demand":1.0,"DemandMax":null,"Value":64.6644109188},{"Length":7.489291,"Height":8.412748,"Demand":1.0,"DemandMax":null,"Value":63.005517881668},{"Length":13.29344,"Height":4.604957,"Demand":1.0,"DemandMax":null,"Value":61.21571958208},{"Length":7.489291,"Height":8.103342,"Demand":1.0,"DemandMax":null,"Value":60.688286310521995},{"Length":8.082983,"Height":7.341482,"Demand":1.0,"DemandMax":null,"Value":59.341074200806005},{"Length":10.01458,"Height":5.909844,"Demand":1.0,"DemandMax":null,"Value":59.18460552552},{"Length":8.515717,"Height":6.903944,"Demand":1.0,"DemandMax":null,"Value":58.792033287848007},{"Length":12.62919,"Height":4.573626,"Demand":1.0,"DemandMax":null,"Value":57.76119174294},{"Length":9.521259,"Height":6.046259,"Demand":1.0,"DemandMax":null,"Value":57.567997920081005},{"Length":6.383201,"Height":9.002012,"Demand":1.0,"DemandMax":null,"Value":57.461652000412},{"Length":9.47156,"Height":5.948299,"Demand":1.0,"DemandMax":null,"Value":56.339670876439996},{"Length":12.62919,"Height":4.428387,"Demand":1.0,"DemandMax":null,"Value":55.92694081653},{"Length":5.496791,"Height":10.12614,"Demand":1.0,"DemandMax":null,"Value":55.661275216739995},{"Length":7.413463,"Height":7.498926,"Demand":1.0,"DemandMax":null,"Value":55.593010440738},{"Length":7.986287,"Height":6.929825,"Demand":1.0,"DemandMax":null,"Value":55.343571309775},{"Length":3.740355,"Height":14.78137,"Demand":1.0,"DemandMax":null,"Value":55.287571186350007},{"Length":11.62058,"Height":4.745372,"Demand":1.0,"DemandMax":null,"Value":55.14397495576},{"Length":6.974385,"Height":7.88889,"Demand":1.0,"DemandMax":null,"Value":55.02015608265},{"Length":11.03431,"Height":4.980484,"Demand":1.0,"DemandMax":null,"Value":54.956204406039994},{"Length":7.764157,"Height":7.076972,"Demand":1.0,"DemandMax":null,"Value":54.946721692603994},{"Length":11.44204,"Height":4.791476,"Demand":1.0,"DemandMax":null,"Value":54.824260051040007},{"Length":11.03431,"Height":4.947155,"Demand":1.0,"DemandMax":null,"Value":54.58844188805},{"Length":8.198716,"Height":6.634886,"Demand":1.0,"DemandMax":null,"Value":54.397546006376},{"Length":5.603261,"Height":9.581818,"Demand":1.0,"DemandMax":null,"Value":53.689427108498},{"Length":5.873896,"Height":9.132236,"Demand":1.0,"DemandMax":null,"Value":53.641804511456009},{"Length":8.184969,"Height":6.520441,"Demand":1.0,"DemandMax":null,"Value":53.369607451329},{"Length":5.565574,"Height":9.577053,"Demand":1.0,"DemandMax":null,"Value":53.301797173421996},{"Length":6.452894,"Height":8.12982,"Demand":1.0,"DemandMax":null,"Value":52.46086669908},{"Length":4.859881,"Height":10.78179,"Demand":1.0,"DemandMax":null,"Value":52.39821636699},{"Length":6.375024,"Height":8.133257,"Demand":1.0,"DemandMax":null,"Value":51.849708573168},{"Length":5.902564,"Height":8.765941,"Demand":1.0,"DemandMax":null,"Value":51.741527772724},{"Length":4.068425,"Height":12.64587,"Demand":1.0,"DemandMax":null,"Value":51.448773654750006},{"Length":10.19548,"Height":5.030776,"Demand":1.0,"DemandMax":null,"Value":51.29117609248},{"Length":8.596193,"Height":5.927954,"Demand":1.0,"DemandMax":null,"Value":50.957836679121996},{"Length":7.413463,"Height":6.818721,"Demand":1.0,"DemandMax":null,"Value":50.550335840823},{"Length":6.877689,"Height":7.341482,"Demand":1.0,"DemandMax":null,"Value":50.492429995098},{"Length":5.322688,"Height":9.448171,"Demand":1.0,"DemandMax":null,"Value":50.289666403648006},{"Length":8.904031,"Height":5.612955,"Demand":1.0,"DemandMax":null,"Value":49.977925321605},{"Length":5.496791,"Height":9.052754,"Demand":1.0,"DemandMax":null,"Value":49.761096712414},{"Length":11.03431,"Height":4.50535,"Demand":1.0,"DemandMax":null,"Value":49.7134285585},{"Length":11.03431,"Height":4.498286,"Demand":1.0,"DemandMax":null,"Value":49.63548219266},{"Length":13.58394,"Height":3.635629,"Demand":1.0,"DemandMax":null,"Value":49.386166198260007},{"Length":6.399385,"Height":7.700241,"Demand":1.0,"DemandMax":null,"Value":49.276806751784996},{"Length":13.29344,"Height":3.695123,"Demand":1.0,"DemandMax":null,"Value":49.12089589312},{"Length":10.00412,"Height":4.908731,"Demand":1.0,"DemandMax":null,"Value":49.10753397172},{"Length":8.997457,"Height":5.447021,"Demand":1.0,"DemandMax":null,"Value":49.009337225597008},{"Length":4.602886,"Height":10.60225,"Demand":1.0,"DemandMax":null,"Value":48.8009480935},{"Length":11.03431,"Height":4.403408,"Demand":1.0,"DemandMax":null,"Value":48.588568928479994},{"Length":10.72506,"Height":4.516046,"Demand":1.0,"DemandMax":null,"Value":48.43486431276},{"Length":4.985156,"Height":9.711049,"Demand":1.0,"DemandMax":null,"Value":48.411094188643993},{"Length":6.335148,"Height":7.641453,"Demand":1.0,"DemandMax":null,"Value":48.409735690044},{"Length":6.850111,"Height":7.063922,"Demand":1.0,"DemandMax":null,"Value":48.388649795342},{"Length":8.609651,"Height":5.612955,"Demand":1.0,"DemandMax":null,"Value":48.325583628705},{"Length":5.142371,"Height":9.356609,"Demand":1.0,"DemandMax":null,"Value":48.115154779939004},{"Length":3.942487,"Height":12.14555,"Demand":1.0,"DemandMax":null,"Value":47.88367298285},{"Length":4.108417,"Height":11.59631,"Demand":1.0,"DemandMax":null,"Value":47.642477141270007},{"Length":5.841845,"Height":8.133257,"Demand":1.0,"DemandMax":null,"Value":47.513226739165006},{"Length":13.29344,"Height":3.573132,"Demand":1.0,"DemandMax":null,"Value":47.499215854080006},{"Length":9.76134,"Height":4.859281,"Demand":1.0,"DemandMax":null,"Value":47.43309399654},{"Length":6.974385,"Height":6.800787,"Demand":1.0,"DemandMax":null,"Value":47.431306840995},{"Length":5.636978,"Height":8.395851,"Demand":1.0,"DemandMax":null,"Value":47.327227378278},{"Length":5.178098,"Height":9.132236,"Demand":1.0,"DemandMax":null,"Value":47.287612967128005},{"Length":3.891732,"Height":12.14555,"Demand":1.0,"DemandMax":null,"Value":47.2672255926},{"Length":5.377975,"Height":8.765941,"Demand":1.0,"DemandMax":null,"Value":47.143011549475},{"Length":10.63771,"Height":4.415337,"Demand":1.0,"DemandMax":null,"Value":46.96907455827},{"Length":6.774968,"Height":6.903944,"Demand":1.0,"DemandMax":null,"Value":46.773999673792005},{"Length":13.58394,"Height":3.441343,"Demand":1.0,"DemandMax":null,"Value":46.74699683142},{"Length":5.101927,"Height":9.148888,"Demand":1.0,"DemandMax":null,"Value":46.676958707176},{"Length":9.517959,"Height":4.879135,"Demand":1.0,"DemandMax":null,"Value":46.439406885465},{"Length":8.516225,"Height":5.447021,"Demand":1.0,"DemandMax":null,"Value":46.388056415725},{"Length":7.105715,"Height":6.520441,"Demand":1.0,"DemandMax":null,"Value":46.332395420315},{"Length":6.791098,"Height":6.819094,"Demand":1.0,"DemandMax":null,"Value":46.309135625212},{"Length":9.115539,"Height":5.030776,"Demand":1.0,"DemandMax":null,"Value":45.858234828264},{"Length":3.612474,"Height":12.67541,"Demand":1.0,"DemandMax":null,"Value":45.78958906434},{"Length":9.366735,"Height":4.879135,"Demand":1.0,"DemandMax":null,"Value":45.701564574224996},{"Length":10.12239,"Height":4.504983,"Demand":1.0,"DemandMax":null,"Value":45.60119486937},{"Length":6.974385,"Height":6.537607,"Demand":1.0,"DemandMax":null,"Value":45.595788196695004},{"Length":11.44204,"Height":3.968899,"Demand":1.0,"DemandMax":null,"Value":45.41230111396},{"Length":5.239477,"Height":8.654839,"Demand":1.0,"DemandMax":null,"Value":45.346829879203007},{"Length":4.372311,"Height":10.36955,"Demand":1.0,"DemandMax":null,"Value":45.33889753005},{"Length":5.168293,"Height":8.722248,"Demand":1.0,"DemandMax":null,"Value":45.079133282664},{"Length":3.87787,"Height":11.59631,"Demand":1.0,"DemandMax":null,"Value":44.9689826597},{"Length":8.992661,"Height":4.947807,"Demand":1.0,"DemandMax":null,"Value":44.493951044427},{"Length":5.292905,"Height":8.395851,"Demand":1.0,"DemandMax":null,"Value":44.438441737155},{"Length":6.974385,"Height":6.361864,"Demand":1.0,"DemandMax":null,"Value":44.37008885364},{"Length":6.502346,"Height":6.819094,"Demand":1.0,"DemandMax":null,"Value":44.340108594524},{"Length":5.603261,"Height":7.882535,"Demand":1.0,"DemandMax":null,"Value":44.167900946635},{"Length":8.874475,"Height":4.96362,"Demand":1.0,"DemandMax":null,"Value":44.0495215995},{"Length":5.080596,"Height":8.654839,"Demand":1.0,"DemandMax":null,"Value":43.971740404044006},{"Length":5.565574,"Height":7.8873,"Demand":1.0,"DemandMax":null,"Value":43.8973518102},{"Length":4.591928,"Height":9.471914,"Demand":1.0,"DemandMax":null,"Value":43.494347110192},{"Length":5.879981,"Height":7.340727,"Demand":1.0,"DemandMax":null,"Value":43.163335286187},{"Length":10.12239,"Height":4.217265,"Demand":1.0,"DemandMax":null,"Value":42.68880106335},{"Length":5.322688,"Height":8.016183,"Demand":1.0,"DemandMax":null,"Value":42.667641059904},{"Length":6.176389,"Height":6.784323,"Demand":1.0,"DemandMax":null,"Value":41.902617949647},{"Length":6.336754,"Height":6.588737,"Demand":1.0,"DemandMax":null,"Value":41.751205539698},{"Length":5.879981,"Height":6.97692,"Demand":1.0,"DemandMax":null,"Value":41.024157038519995},{"Length":6.040479,"Height":6.784323,"Demand":1.0,"DemandMax":null,"Value":40.980560610717},{"Length":4.201513,"Height":9.711049,"Demand":1.0,"DemandMax":null,"Value":40.801098617137},{"Length":3.905045,"Height":10.43157,"Demand":1.0,"DemandMax":null,"Value":40.73575027065},{"Length":7.820539,"Height":5.076755,"Demand":1.0,"DemandMax":null,"Value":39.702960470945},{"Length":3.673218,"Height":10.78179,"Demand":1.0,"DemandMax":null,"Value":39.60386510022},{"Length":10.63771,"Height":3.714483,"Demand":1.0,"DemandMax":null,"Value":39.51359295393},{"Length":3.22823,"Height":12.14555,"Demand":1.0,"DemandMax":null,"Value":39.2086288765},{"Length":6.634995,"Height":5.866433,"Demand":1.0,"DemandMax":null,"Value":38.923753622835},{"Length":5.853251,"Height":6.601835,"Demand":1.0,"DemandMax":null,"Value":38.642197315585},{"Length":5.320872,"Height":7.162348,"Demand":1.0,"DemandMax":null,"Value":38.109936927456},{"Length":5.767329,"Height":6.601835,"Demand":1.0,"DemandMax":null,"Value":38.074954448715005},{"Length":12.2663,"Height":3.083705,"Demand":1.0,"DemandMax":null,"Value":37.8256506415},{"Length":12.2663,"Height":3.083172,"Demand":1.0,"DemandMax":null,"Value":37.8191127036},{"Length":9.123764,"Height":4.115776,"Demand":1.0,"DemandMax":null,"Value":37.551368900864},{"Length":8.992661,"Height":4.152647,"Demand":1.0,"DemandMax":null,"Value":37.343346723667},{"Length":4.591928,"Height":8.023573,"Demand":1.0,"DemandMax":null,"Value":36.843669518744008},{"Length":4.770505,"Height":7.641453,"Demand":1.0,"DemandMax":null,"Value":36.453589743765},{"Length":8.478334,"Height":4.25827,"Demand":1.0,"DemandMax":null,"Value":36.103035322180006},{"Length":4.652924,"Height":7.700241,"Demand":1.0,"DemandMax":null,"Value":35.828636154684},{"Length":5.533732,"Height":6.470223,"Demand":1.0,"DemandMax":null,"Value":35.804480062235996},{"Length":4.646056,"Height":7.641453,"Demand":1.0,"DemandMax":null,"Value":35.502618559368},{"Length":8.782597,"Height":4.02952,"Demand":1.0,"DemandMax":null,"Value":35.389650263440004},{"Length":7.820539,"Height":4.433802,"Demand":1.0,"DemandMax":null,"Value":34.674721459278004},{"Length":5.819125,"Height":5.948299,"Demand":1.0,"DemandMax":null,"Value":34.613895418374995},{"Length":3.202276,"Height":10.78179,"Demand":1.0,"DemandMax":null,"Value":34.52626735404},{"Length":8.596193,"Height":4.014541,"Demand":1.0,"DemandMax":null,"Value":34.509769242413},{"Length":6.336754,"Height":5.435787,"Demand":1.0,"DemandMax":null,"Value":34.445245015398},{"Length":8.992661,"Height":3.812847,"Demand":1.0,"DemandMax":null,"Value":34.287640515867004},{"Length":5.186036,"Height":6.592751,"Demand":1.0,"DemandMax":null,"Value":34.190244025035994},{"Length":6.877234,"Height":4.96362,"Demand":1.0,"DemandMax":null,"Value":34.135976227079993},{"Length":8.596193,"Height":3.933298,"Demand":1.0,"DemandMax":null,"Value":33.811388734514},{"Length":6.475056,"Height":5.18033,"Demand":1.0,"DemandMax":null,"Value":33.54292684848},{"Length":4.011722,"Height":8.283742,"Demand":1.0,"DemandMax":null,"Value":33.232070023724},{"Length":7.193608,"Height":4.612992,"Demand":1.0,"DemandMax":null,"Value":33.184056155136005},{"Length":7.322782,"Height":4.523825,"Demand":1.0,"DemandMax":null,"Value":33.12698428115},{"Length":7.296343,"Height":4.524745,"Demand":1.0,"DemandMax":null,"Value":33.014091507535},{"Length":5.581874,"Height":5.866433,"Demand":1.0,"DemandMax":null,"Value":32.745689835442},{"Length":11.03431,"Height":2.961203,"Demand":1.0,"DemandMax":null,"Value":32.67483187493},{"Length":7.296343,"Height":4.477267,"Demand":1.0,"DemandMax":null,"Value":32.667675734581},{"Length":3.02371,"Height":10.78179,"Demand":1.0,"DemandMax":null,"Value":32.6010062409},{"Length":5.101927,"Height":6.369768,"Demand":1.0,"DemandMax":null,"Value":32.498091342936},{"Length":10.01458,"Height":3.222391,"Demand":1.0,"DemandMax":null,"Value":32.270892460780004},{"Length":4.134463,"Height":7.700241,"Demand":1.0,"DemandMax":null,"Value":31.836361505583003},{"Length":2.977634,"Height":10.69046,"Demand":1.0,"DemandMax":null,"Value":31.83227717164},{"Length":7.820539,"Height":4.069891,"Demand":1.0,"DemandMax":null,"Value":31.828741291249003},{"Length":8.596193,"Height":3.696038,"Demand":1.0,"DemandMax":null,"Value":31.771855983334},{"Length":3.063371,"Height":10.36955,"Demand":1.0,"DemandMax":null,"Value":31.76577875305},{"Length":5.142371,"Height":6.162046,"Demand":1.0,"DemandMax":null,"Value":31.687526651066},{"Length":5.186036,"Height":6.082661,"Demand":1.0,"DemandMax":null,"Value":31.544898921795998},{"Length":5.735299,"Height":5.461406,"Demand":1.0,"DemandMax":null,"Value":31.322796370394002},{"Length":6.886655,"Height":4.548105,"Demand":1.0,"DemandMax":null,"Value":31.321230038775},{"Length":6.885781,"Height":4.548105,"Demand":1.0,"DemandMax":null,"Value":31.317254995004998},{"Length":2.945067,"Height":10.43157,"Demand":1.0,"DemandMax":null,"Value":30.72167256519},{"Length":2.832796,"Height":10.60225,"Demand":1.0,"DemandMax":null,"Value":30.034011391},{"Length":5.791241,"Height":5.18033,"Demand":1.0,"DemandMax":null,"Value":30.00053948953},{"Length":2.754597,"Height":10.78179,"Demand":1.0,"DemandMax":null,"Value":29.699486388630003},{"Length":4.195653,"Height":7.076972,"Demand":1.0,"DemandMax":null,"Value":29.692518802716},{"Length":6.449654,"Height":4.523825,"Demand":1.0,"DemandMax":null,"Value":29.17710600655},{"Length":5.990369,"Height":4.859281,"Demand":1.0,"DemandMax":null,"Value":29.108886264689},{"Length":3.464676,"Height":8.395851,"Demand":1.0,"DemandMax":null,"Value":29.088903459276},{"Length":7.193608,"Height":4.041847,"Demand":1.0,"DemandMax":null,"Value":29.075462913976},{"Length":4.011722,"Height":7.234914,"Demand":1.0,"DemandMax":null,"Value":29.024463661907998},{"Length":6.812349,"Height":4.25827,"Demand":1.0,"DemandMax":null,"Value":29.008821376230003},{"Length":5.299008,"Height":5.461406,"Demand":1.0,"DemandMax":null,"Value":28.940034085247998},{"Length":7.166945,"Height":4.02952,"Demand":1.0,"DemandMax":null,"Value":28.8793482164},{"Length":5.320872,"Height":5.417028,"Demand":1.0,"DemandMax":null,"Value":28.823312608416},{"Length":6.365544,"Height":4.516046,"Demand":1.0,"DemandMax":null,"Value":28.747089519024},{"Length":3.697921,"Height":7.700241,"Demand":1.0,"DemandMax":null,"Value":28.474882898961},{"Length":6.336754,"Height":4.490661,"Demand":1.0,"DemandMax":null,"Value":28.456214054394003},{"Length":4.514294,"Height":6.265589,"Demand":1.0,"DemandMax":null,"Value":28.284710829166},{"Length":6.336754,"Height":4.456615,"Demand":1.0,"DemandMax":null,"Value":28.24047292771},{"Length":3.347033,"Height":8.395851,"Demand":1.0,"DemandMax":null,"Value":28.101190360083002},{"Length":6.825777,"Height":4.115776,"Demand":1.0,"DemandMax":null,"Value":28.093369157952004},{"Length":4.478367,"Height":6.265589,"Demand":1.0,"DemandMax":null,"Value":28.059607013163003}]}