{"Name":"Path31_25","Objects":[{"Length":100.0,"Height":100.0,"Stock":null,"Cost":10000.0}],"Items":[{"Length":60.73686,"Height":69.8846,"Demand":1.0,"DemandMax":null,"Value":4244.5711663560005},{"Length":36.87694,"Height":69.8846,"Demand":1.0,"DemandMax":null,"Value":2577.130201124},{"Length":36.59709,"Height":13.60363,"Demand":1.0,"DemandMax":null,"Value":497.8532714367},{"Length":16.08236,"Height":20.79858,"Demand":1.0,"DemandMax":null,"Value":334.4902510488},{"Length":41.47253,"Height":7.19495,"Demand":1.0,"DemandMax":null,"Value":298.3927797235},{"Length":35.12832,"Height":8.198191,"Demand":1.0,"DemandMax":null,"Value":287.98867686912},{"Length":20.05901,"Height":13.88123,"Demand":1.0,"DemandMax":null,"Value":278.44373138230003},{"Length":23.08218,"Height":8.198191,"Demand":1.0,"DemandMax":null,"Value":189.23212033638},{"Length":20.05901,"Height":6.917354,"Demand":1.0,"DemandMax":null,"Value":138.75527305954},{"Length":29.46054,"Height":4.663812,"Demand":1.0,"DemandMax":null,"Value":137.39841997848},{"Length":29.46054,"Height":3.534379,"Demand":1.0,"DemandMax":null,"Value":104.12471390466},{"Length":4.207868,"Height":20.79858,"Demand":1.0,"DemandMax":null,"Value":87.517679227440013},{"Length":9.942759,"Height":8.198191,"Demand":1.0,"DemandMax":null,"Value":81.512637348969},{"Length":3.719828,"Height":20.79858,"Demand":1.0,"DemandMax":null,"Value":77.36714024424},{"Length":6.167105,"Height":12.49291,"Demand":1.0,"DemandMax":null,"Value":77.04508772555},{"Length":1.536363,"Height":47.51081,"Demand":1.0,"DemandMax":null,"Value":72.99385058403},{"Length":3.417129,"Height":20.79858,"Demand":1.0,"DemandMax":null,"Value":71.07143087682},{"Length":0.8498367,"Height":79.20142,"Demand":1.0,"DemandMax":null,"Value":67.308273408114},{"Length":4.87544,"Height":13.60363,"Demand":1.0,"DemandMax":null,"Value":66.3236818472},{"Length":52.64994,"Height":1.118628,"Demand":1.0,"DemandMax":null,"Value":58.89569708232},{"Length":2.468585,"Height":20.79858,"Demand":1.0,"DemandMax":null,"Value":51.343062609300006},{"Length":6.167105,"Height":8.305675,"Demand":1.0,"DemandMax":null,"Value":51.22196982087501},{"Length":44.96386,"Height":1.118628,"Demand":1.0,"DemandMax":null,"Value":50.297832784079993},{"Length":2.405581,"Height":20.79858,"Demand":1.0,"DemandMax":null,"Value":50.032668874980004},{"Length":1.536363,"Height":31.6906,"Demand":1.0,"DemandMax":null,"Value":48.6882652878}]}