{"Name":"Nice29_25","Objects":[{"Length":100.0,"Height":100.0,"Stock":null,"Cost":10000.0}],"Items":[{"Length":48.08172,"Height":26.25586,"Demand":1.0,"DemandMax":null,"Value":1262.4269088791998},{"Length":23.88688,"Height":43.70041,"Demand":1.0,"DemandMax":null,"Value":1043.8664496208},{"Length":26.30873,"Height":30.04373,"Demand":1.0,"DemandMax":null,"Value":790.4123807629},{"Length":25.54375,"Height":26.25586,"Demand":1.0,"DemandMax":null,"Value":670.673123875},{"Length":13.77244,"Height":30.04373,"Demand":1.0,"DemandMax":null,"Value":413.77546880119996},{"Length":14.96067,"Height":27.58915,"Demand":1.0,"DemandMax":null,"Value":412.7521687305},{"Length":23.10055,"Height":17.46435,"Demand":1.0,"DemandMax":null,"Value":403.4360903925},{"Length":13.29344,"Height":29.38276,"Demand":1.0,"DemandMax":null,"Value":390.59795709440004},{"Length":17.51368,"Height":21.85864,"Demand":1.0,"DemandMax":null,"Value":382.82522619520006},{"Length":17.51368,"Height":21.84177,"Demand":1.0,"DemandMax":null,"Value":382.52977041360003},{"Length":14.15766,"Height":26.25586,"Demand":1.0,"DemandMax":null,"Value":371.7215388876},{"Length":12.21687,"Height":26.25586,"Demand":1.0,"DemandMax":null,"Value":320.7644283582},{"Length":19.31102,"Height":16.51609,"Demand":1.0,"DemandMax":null,"Value":318.94254431179996},{"Length":19.31102,"Height":15.51866,"Demand":1.0,"DemandMax":null,"Value":299.6811536332},{"Length":15.75171,"Height":17.46435,"Demand":1.0,"DemandMax":null,"Value":275.09337653849997},{"Length":11.03431,"Height":24.39015,"Demand":1.0,"DemandMax":null,"Value":269.1284760465},{"Length":21.06657,"Height":12.14555,"Demand":1.0,"DemandMax":null,"Value":255.86507926349998},{"Length":19.96756,"Height":12.57938,"Demand":1.0,"DemandMax":null,"Value":251.1795249128},{"Length":14.96067,"Height":16.11126,"Demand":1.0,"DemandMax":null,"Value":241.03524414420002},{"Length":18.88469,"Height":12.57938,"Demand":1.0,"DemandMax":null,"Value":237.5576916922},{"Length":19.31102,"Height":11.66566,"Demand":1.0,"DemandMax":null,"Value":225.27579357320002},{"Length":11.03431,"Height":19.31026,"Demand":1.0,"DemandMax":null,"Value":213.07539502059998},{"Length":21.06657,"Height":9.132236,"Demand":1.0,"DemandMax":null,"Value":192.38488895052},{"Length":13.29344,"Height":14.31765,"Demand":1.0,"DemandMax":null,"Value":190.330821216},{"Length":21.06657,"Height":8.765941,"Demand":1.0,"DemandMax":null,"Value":184.66830969236997}]}