{"Name":"Path20_50","Objects":[{"Length":100.0,"Height":100.0,"Stock":null,"Cost":10000.0}],"Items":[{"Length":53.09241,"Height":19.35698,"Demand":1.0,"DemandMax":null,"Value":1027.7087185218},{"Length":28.72101,"Height":29.20394,"Demand":1.0,"DemandMax":null,"Value":838.76665277939992},{"Length":71.27899,"Height":11.32126,"Demand":1.0,"DemandMax":null,"Value":806.96797832739992},{"Length":71.27899,"Height":9.711567,"Demand":1.0,"DemandMax":null,"Value":692.23068707733},{"Length":33.76506,"Height":19.49715,"Demand":1.0,"DemandMax":null,"Value":658.322439579},{"Length":30.61999,"Height":19.35698,"Demand":1.0,"DemandMax":null,"Value":592.7105340302},{"Length":32.84369,"Height":16.15124,"Demand":1.0,"DemandMax":null,"Value":530.46631967560006},{"Length":100.0,"Height":4.351664,"Demand":1.0,"DemandMax":null,"Value":435.16640000000007},{"Length":23.22815,"Height":15.37673,"Demand":1.0,"DemandMax":null,"Value":357.1729909495},{"Length":38.43531,"Height":8.394337,"Demand":1.0,"DemandMax":null,"Value":322.63894483947},{"Length":16.2876,"Height":19.35698,"Demand":1.0,"DemandMax":null,"Value":315.27874744800005},{"Length":86.62259,"Height":3.305003,"Demand":1.0,"DemandMax":null,"Value":286.28791981777005},{"Length":23.22815,"Height":12.02275,"Demand":1.0,"DemandMax":null,"Value":279.2662404125},{"Length":13.34145,"Height":19.49715,"Demand":1.0,"DemandMax":null,"Value":260.12025186750003},{"Length":71.27899,"Height":3.321245,"Demand":1.0,"DemandMax":null,"Value":236.73498914254995},{"Length":100.0,"Height":2.260346,"Demand":1.0,"DemandMax":null,"Value":226.0346},{"Length":61.49934,"Height":3.656842,"Demand":1.0,"DemandMax":null,"Value":224.89336948428},{"Length":5.492856,"Height":27.39948,"Demand":1.0,"DemandMax":null,"Value":150.50139811488},{"Length":7.530576,"Height":19.49715,"Demand":1.0,"DemandMax":null,"Value":146.8247698584},{"Length":7.074394,"Height":19.49715,"Demand":1.0,"DemandMax":null,"Value":137.9305209771},{"Length":28.18057,"Height":4.697548,"Demand":1.0,"DemandMax":null,"Value":132.37958024236},{"Length":61.49934,"Height":2.0466,"Demand":1.0,"DemandMax":null,"Value":125.864549244},{"Length":5.234243,"Height":19.49715,"Demand":1.0,"DemandMax":null,"Value":102.05282090745001},{"Length":86.63605,"Height":1.125362,"Demand":1.0,"DemandMax":null,"Value":97.4969185001},{"Length":28.72101,"Height":2.991563,"Demand":1.0,"DemandMax":null,"Value":85.92071083863},{"Length":60.15289,"Height":1.342291,"Demand":1.0,"DemandMax":null,"Value":80.74268287099},{"Length":13.88115,"Height":5.703442,"Demand":1.0,"DemandMax":null,"Value":79.1703339183},{"Length":13.53305,"Height":5.703442,"Demand":1.0,"DemandMax":null,"Value":77.184965758099992},{"Length":3.423296,"Height":19.49715,"Demand":1.0,"DemandMax":null,"Value":66.7445156064},{"Length":13.37741,"Height":4.773314,"Demand":1.0,"DemandMax":null,"Value":63.85457843674},{"Length":11.08646,"Height":5.703442,"Demand":1.0,"DemandMax":null,"Value":63.23098159532},{"Length":58.04415,"Height":1.084132,"Demand":1.0,"DemandMax":null,"Value":62.927520427800005},{"Length":10.25473,"Height":4.697548,"Demand":1.0,"DemandMax":null,"Value":48.17208640204},{"Length":42.56655,"Height":0.9911297,"Demand":1.0,"DemandMax":null,"Value":42.188971931535},{"Length":38.43531,"Height":0.8830195,"Demand":1.0,"DemandMax":null,"Value":33.939128218545},{"Length":38.43531,"Height":0.8494319,"Demand":1.0,"DemandMax":null,"Value":32.648178400389},{"Length":29.47328,"Height":1.084132,"Demand":1.0,"DemandMax":null,"Value":31.95292599296},{"Length":21.53479,"Height":1.342291,"Demand":1.0,"DemandMax":null,"Value":28.905954803889998},{"Length":38.43531,"Height":0.7323188,"Demand":1.0,"DemandMax":null,"Value":28.146900096828002},{"Length":18.31232,"Height":1.342291,"Demand":1.0,"DemandMax":null,"Value":24.58046232512},{"Length":16.62173,"Height":1.468311,"Demand":1.0,"DemandMax":null,"Value":24.405868998029998},{"Length":38.43531,"Height":0.5945883,"Demand":1.0,"DemandMax":null,"Value":22.853185632873},{"Length":42.56655,"Height":0.4771809,"Demand":1.0,"DemandMax":null,"Value":20.311944638895},{"Length":0.90997,"Height":19.49715,"Demand":1.0,"DemandMax":null,"Value":17.7418215855},{"Length":13.36395,"Height":1.125362,"Demand":1.0,"DemandMax":null,"Value":15.039281499900001},{"Length":9.446807,"Height":1.468311,"Demand":1.0,"DemandMax":null,"Value":13.870850632977},{"Length":9.383075,"Height":1.468311,"Demand":1.0,"DemandMax":null,"Value":13.777272236324999},{"Length":12.48257,"Height":1.084132,"Demand":1.0,"DemandMax":null,"Value":13.532753579240001},{"Length":8.604428,"Height":1.468311,"Demand":1.0,"DemandMax":null,"Value":12.633976281108},{"Length":28.72101,"Height":0.4074916,"Demand":1.0,"DemandMax":null,"Value":11.703570318516}]}