{"Name":"Nice43_25","Objects":[{"Length":100.0,"Height":100.0,"Stock":null,"Cost":10000.0}],"Items":[{"Length":23.04582,"Height":40.96244,"Demand":1.0,"DemandMax":null,"Value":944.0130190008},{"Length":41.85308,"Height":22.17168,"Demand":1.0,"DemandMax":null,"Value":927.95309677439991},{"Length":20.46486,"Height":30.02914,"Demand":1.0,"DemandMax":null,"Value":614.54214602040008},{"Length":17.7505,"Height":33.50601,"Demand":1.0,"DemandMax":null,"Value":594.748430505},{"Length":23.04582,"Height":25.53155,"Demand":1.0,"DemandMax":null,"Value":588.395505621},{"Length":29.79767,"Height":15.55796,"Demand":1.0,"DemandMax":null,"Value":463.59095795319996},{"Length":14.35755,"Height":31.74332,"Demand":1.0,"DemandMax":null,"Value":455.756304066},{"Length":12.84011,"Height":33.50601,"Demand":1.0,"DemandMax":null,"Value":430.2208540611},{"Length":20.46486,"Height":19.31436,"Demand":1.0,"DemandMax":null,"Value":395.26567338960007},{"Length":11.35938,"Height":34.75067,"Demand":1.0,"DemandMax":null,"Value":394.7460657846},{"Length":12.33409,"Height":31.74332,"Demand":1.0,"DemandMax":null,"Value":391.5249657788},{"Length":27.55631,"Height":13.91108,"Demand":1.0,"DemandMax":null,"Value":383.3380329148},{"Length":20.46486,"Height":17.15049,"Demand":1.0,"DemandMax":null,"Value":350.98237678140003},{"Length":15.47839,"Height":21.68626,"Demand":1.0,"DemandMax":null,"Value":335.6683899214},{"Length":14.31928,"Height":21.68626,"Demand":1.0,"DemandMax":null,"Value":310.5316290928},{"Length":15.81879,"Height":19.59493,"Demand":1.0,"DemandMax":null,"Value":309.96808273470003},{"Length":15.33226,"Height":18.95232,"Demand":1.0,"DemandMax":null,"Value":290.5818978432},{"Length":13.53615,"Height":18.64709,"Demand":1.0,"DemandMax":null,"Value":252.40980730349997},{"Length":16.26152,"Height":15.39426,"Demand":1.0,"DemandMax":null,"Value":250.3340668752},{"Length":21.59097,"Height":11.33433,"Demand":1.0,"DemandMax":null,"Value":244.71917900009998},{"Length":15.33226,"Height":15.79835,"Demand":1.0,"DemandMax":null,"Value":242.22440977099998},{"Length":11.73752,"Height":19.59493,"Demand":1.0,"DemandMax":null,"Value":229.99588277360002},{"Length":20.26211,"Height":11.33433,"Demand":1.0,"DemandMax":null,"Value":229.6574412363},{"Length":16.26152,"Height":13.85551,"Demand":1.0,"DemandMax":null,"Value":225.31165297520002},{"Length":13.53615,"Height":10.60268,"Demand":1.0,"DemandMax":null,"Value":143.519466882}]}