{"Name":"Path24_50","Objects":[{"Length":100.0,"Height":100.0,"Stock":null,"Cost":10000.0}],"Items":[{"Length":33.79131,"Height":58.69138,"Demand":1.0,"DemandMax":null,"Value":1983.2586159078003},{"Length":28.78086,"Height":43.28425,"Demand":1.0,"DemandMax":null,"Value":1245.757939455},{"Length":24.79057,"Height":34.09124,"Demand":1.0,"DemandMax":null,"Value":845.14127160679993},{"Length":37.63644,"Height":14.35878,"Demand":1.0,"DemandMax":null,"Value":540.4133619432},{"Length":21.66607,"Height":17.80999,"Demand":1.0,"DemandMax":null,"Value":385.8724900393},{"Length":24.79057,"Height":15.01022,"Demand":1.0,"DemandMax":null,"Value":372.1119096254},{"Length":8.184,"Height":43.28425,"Demand":1.0,"DemandMax":null,"Value":354.238302},{"Length":21.66607,"Height":16.12111,"Demand":1.0,"DemandMax":null,"Value":349.28109773770007},{"Length":26.81212,"Height":11.28168,"Demand":1.0,"DemandMax":null,"Value":302.4857579616},{"Length":37.63644,"Height":6.961683,"Demand":1.0,"DemandMax":null,"Value":262.01296452852},{"Length":26.26679,"Height":9.833238,"Demand":1.0,"DemandMax":null,"Value":258.28759756602},{"Length":12.07919,"Height":19.27296,"Demand":1.0,"DemandMax":null,"Value":232.8017457024},{"Length":62.9161,"Height":3.148041,"Demand":1.0,"DemandMax":null,"Value":198.0624623601},{"Length":4.453265,"Height":43.28425,"Demand":1.0,"DemandMax":null,"Value":192.75623557625},{"Length":100.0,"Height":1.867683,"Demand":1.0,"DemandMax":null,"Value":186.7683},{"Length":26.81212,"Height":6.781069,"Demand":1.0,"DemandMax":null,"Value":181.81483575628},{"Length":24.79057,"Height":5.648805,"Demand":1.0,"DemandMax":null,"Value":140.03709576885},{"Length":8.045716,"Height":16.7329,"Demand":1.0,"DemandMax":null,"Value":134.6281612564},{"Length":33.79131,"Height":3.876697,"Demand":1.0,"DemandMax":null,"Value":130.99867010307003},{"Length":24.79057,"Height":5.029543,"Demand":1.0,"DemandMax":null,"Value":124.68523780951},{"Length":7.369559,"Height":16.7329,"Demand":1.0,"DemandMax":null,"Value":123.3140937911},{"Length":4.96334,"Height":24.00198,"Demand":1.0,"DemandMax":null,"Value":119.12998741319998},{"Length":37.0839,"Height":3.148041,"Demand":1.0,"DemandMax":null,"Value":116.7416376399},{"Length":3.124493,"Height":33.9311,"Demand":1.0,"DemandMax":null,"Value":106.01748443230001},{"Length":9.388468,"Height":9.833238,"Demand":1.0,"DemandMax":null,"Value":92.319040299384},{"Length":71.56875,"Height":1.273369,"Demand":1.0,"DemandMax":null,"Value":91.133427618749991},{"Length":3.577133,"Height":24.00198,"Demand":1.0,"DemandMax":null,"Value":85.85827472334},{"Length":19.4485,"Height":3.736557,"Demand":1.0,"DemandMax":null,"Value":72.6704288145},{"Length":2.542201,"Height":24.00198,"Demand":1.0,"DemandMax":null,"Value":61.017857557979994},{"Length":2.699813,"Height":21.32046,"Demand":1.0,"DemandMax":null,"Value":57.56125507398},{"Length":5.762861,"Height":9.833238,"Demand":1.0,"DemandMax":null,"Value":56.667583773918},{"Length":2.526817,"Height":19.27296,"Demand":1.0,"DemandMax":null,"Value":48.69924296832},{"Length":23.65589,"Height":2.00241,"Demand":1.0,"DemandMax":null,"Value":47.368790694899992},{"Length":19.4485,"Height":2.232586,"Demand":1.0,"DemandMax":null,"Value":43.420448821},{"Length":33.79131,"Height":1.236224,"Demand":1.0,"DemandMax":null,"Value":41.77362841344},{"Length":4.03322,"Height":10.01649,"Demand":1.0,"DemandMax":null,"Value":40.3987077978},{"Length":28.43125,"Height":1.273369,"Demand":1.0,"DemandMax":null,"Value":36.203472381249995},{"Length":26.81212,"Height":1.210212,"Demand":1.0,"DemandMax":null,"Value":32.44834936944},{"Length":1.212479,"Height":24.00198,"Demand":1.0,"DemandMax":null,"Value":29.10189670842},{"Length":33.79131,"Height":0.8565995,"Demand":1.0,"DemandMax":null,"Value":28.945619250345},{"Length":33.79131,"Height":0.8353832,"Demand":1.0,"DemandMax":null,"Value":28.228692679992},{"Length":33.79131,"Height":0.8182176,"Demand":1.0,"DemandMax":null,"Value":27.648644569056003},{"Length":4.03322,"Height":6.716402,"Demand":1.0,"DemandMax":null,"Value":27.088726874440002},{"Length":33.79131,"Height":0.7774565,"Demand":1.0,"DemandMax":null,"Value":26.271273603015},{"Length":1.080401,"Height":24.00198,"Demand":1.0,"DemandMax":null,"Value":25.931763193979997},{"Length":19.4485,"Height":1.29994,"Demand":1.0,"DemandMax":null,"Value":25.28188309},{"Length":0.9672622,"Height":24.00198,"Demand":1.0,"DemandMax":null,"Value":23.216207979156},{"Length":1.081865,"Height":21.32046,"Demand":1.0,"DemandMax":null,"Value":23.065859457900004},{"Length":33.79131,"Height":0.6145608,"Demand":1.0,"DemandMax":null,"Value":20.766814506648004},{"Length":10.13542,"Height":2.00241,"Demand":1.0,"DemandMax":null,"Value":20.295266362199996}]}