{"Name":"Nice5_500","Objects":[{"Length":100.0,"Height":100.0,"Stock":null,"Cost":10000.0}],"Items":[{"Length":10.01442,"Height":8.078487,"Demand":1.0,"DemandMax":null,"Value":80.901361782540008},{"Length":5.960926,"Height":12.39798,"Demand":1.0,"DemandMax":null,"Value":73.90344132948},{"Length":5.177966,"Height":12.11372,"Demand":1.0,"DemandMax":null,"Value":62.72443029352},{"Length":10.97501,"Height":4.945181,"Demand":1.0,"DemandMax":null,"Value":54.273410926809994},{"Length":7.914891,"Height":6.288339,"Demand":1.0,"DemandMax":null,"Value":49.771517756048993},{"Length":9.69415,"Height":5.004518,"Demand":1.0,"DemandMax":null,"Value":48.5145481697},{"Length":11.60836,"Height":4.116325,"Demand":1.0,"DemandMax":null,"Value":47.783782476999995},{"Length":7.962154,"Height":5.847526,"Demand":1.0,"DemandMax":null,"Value":46.558902531004},{"Length":7.608488,"Height":6.005812,"Demand":1.0,"DemandMax":null,"Value":45.695148532256},{"Length":4.073231,"Height":11.03955,"Demand":1.0,"DemandMax":null,"Value":44.96663728605},{"Length":7.61131,"Height":5.899158,"Demand":1.0,"DemandMax":null,"Value":44.90032027698},{"Length":7.883525,"Height":5.68704,"Demand":1.0,"DemandMax":null,"Value":44.833922015999995},{"Length":4.110677,"Height":10.69512,"Demand":1.0,"DemandMax":null,"Value":43.964183796239993},{"Length":7.48063,"Height":5.713439,"Demand":1.0,"DemandMax":null,"Value":42.74012318657},{"Length":7.352096,"Height":5.470146,"Demand":1.0,"DemandMax":null,"Value":40.217038526016},{"Length":9.453294,"Height":4.214389,"Demand":1.0,"DemandMax":null,"Value":39.839858247365996},{"Length":6.011619,"Height":6.37085,"Demand":1.0,"DemandMax":null,"Value":38.29912290615},{"Length":4.467311,"Height":8.38921,"Demand":1.0,"DemandMax":null,"Value":37.47721011431},{"Length":4.041925,"Height":9.153228,"Demand":1.0,"DemandMax":null,"Value":36.9966610839},{"Length":8.188889,"Height":4.442518,"Demand":1.0,"DemandMax":null,"Value":36.379286782502},{"Length":10.88863,"Height":3.335651,"Demand":1.0,"DemandMax":null,"Value":36.32066954813},{"Length":7.725089,"Height":4.422145,"Demand":1.0,"DemandMax":null,"Value":34.161463695905},{"Length":3.638704,"Height":9.153228,"Demand":1.0,"DemandMax":null,"Value":33.305887336512},{"Length":2.896272,"Height":10.70318,"Demand":1.0,"DemandMax":null,"Value":30.99932054496},{"Length":5.119618,"Height":6.04814,"Demand":1.0,"DemandMax":null,"Value":30.96416641052},{"Length":6.611312,"Height":4.667428,"Demand":1.0,"DemandMax":null,"Value":30.857822745536},{"Length":6.53805,"Height":4.716823,"Demand":1.0,"DemandMax":null,"Value":30.83882461515},{"Length":6.770614,"Height":4.447879,"Demand":1.0,"DemandMax":null,"Value":30.114871827706004},{"Length":5.199993,"Height":5.774833,"Demand":1.0,"DemandMax":null,"Value":30.029091176169},{"Length":7.422475,"Height":4.040965,"Demand":1.0,"DemandMax":null,"Value":29.993961688375002},{"Length":3.554869,"Height":8.38921,"Demand":1.0,"DemandMax":null,"Value":29.82254256349},{"Length":3.456293,"Height":8.613682,"Demand":1.0,"DemandMax":null,"Value":29.771408800826002},{"Length":7.24987,"Height":4.040965,"Demand":1.0,"DemandMax":null,"Value":29.296470924549997},{"Length":4.693686,"Height":6.223266,"Demand":1.0,"DemandMax":null,"Value":29.210056498475996},{"Length":5.056473,"Height":5.773549,"Demand":1.0,"DemandMax":null,"Value":29.193794632677},{"Length":7.352096,"Height":3.929412,"Demand":1.0,"DemandMax":null,"Value":28.889414247552004},{"Length":7.914891,"Height":3.646478,"Demand":1.0,"DemandMax":null,"Value":28.861475903898},{"Length":7.060438,"Height":4.086971,"Demand":1.0,"DemandMax":null,"Value":28.855805353298003},{"Length":5.758955,"Height":5.000282,"Demand":1.0,"DemandMax":null,"Value":28.796399025310002},{"Length":7.039268,"Height":4.072029,"Demand":1.0,"DemandMax":null,"Value":28.664103434772},{"Length":4.914466,"Height":5.829688,"Demand":1.0,"DemandMax":null,"Value":28.649803466608},{"Length":4.836128,"Height":5.899158,"Demand":1.0,"DemandMax":null,"Value":28.529083180224003},{"Length":4.833403,"Height":5.899158,"Demand":1.0,"DemandMax":null,"Value":28.513007974673997},{"Length":4.135246,"Height":6.887211,"Demand":1.0,"DemandMax":null,"Value":28.480311738906003},{"Length":4.342009,"Height":6.545508,"Demand":1.0,"DemandMax":null,"Value":28.420654645572},{"Length":3.508111,"Height":8.098307,"Demand":1.0,"DemandMax":null,"Value":28.409759868077},{"Length":10.36566,"Height":2.733077,"Demand":1.0,"DemandMax":null,"Value":28.330146935820004},{"Length":4.979289,"Height":5.685379,"Demand":1.0,"DemandMax":null,"Value":28.309145115531},{"Length":4.693686,"Height":6.014286,"Demand":1.0,"DemandMax":null,"Value":28.229169998196},{"Length":8.004962,"Height":3.511743,"Demand":1.0,"DemandMax":null,"Value":28.111369268766005},{"Length":7.871142,"Height":3.569099,"Demand":1.0,"DemandMax":null,"Value":28.092885041058},{"Length":5.626496,"Height":4.980052,"Demand":1.0,"DemandMax":null,"Value":28.020242657792},{"Length":5.916636,"Height":4.733947,"Demand":1.0,"DemandMax":null,"Value":28.009041242291996},{"Length":2.968429,"Height":9.426229,"Demand":1.0,"DemandMax":null,"Value":27.981091524241},{"Length":4.937375,"Height":5.643904,"Demand":1.0,"DemandMax":null,"Value":27.866070512},{"Length":4.013566,"Height":6.870185,"Demand":1.0,"DemandMax":null,"Value":27.57394092971},{"Length":4.725648,"Height":5.829688,"Demand":1.0,"DemandMax":null,"Value":27.549053437823996},{"Length":6.234256,"Height":4.406061,"Demand":1.0,"DemandMax":null,"Value":27.468512225616003},{"Length":4.740432,"Height":5.781801,"Demand":1.0,"DemandMax":null,"Value":27.408234478032},{"Length":5.258205,"Height":5.202834,"Demand":1.0,"DemandMax":null,"Value":27.357567752970002},{"Length":2.849022,"Height":9.591642,"Demand":1.0,"DemandMax":null,"Value":27.326799074124},{"Length":3.049148,"Height":8.938293,"Demand":1.0,"DemandMax":null,"Value":27.254178224364},{"Length":3.042575,"Height":8.954596,"Demand":1.0,"DemandMax":null,"Value":27.2450299247},{"Length":7.883525,"Height":3.453299,"Demand":1.0,"DemandMax":null,"Value":27.224168998975},{"Length":7.608418,"Height":3.572637,"Demand":1.0,"DemandMax":null,"Value":27.182115658266},{"Length":4.514567,"Height":6.018456,"Demand":1.0,"DemandMax":null,"Value":27.170722848552},{"Length":4.126616,"Height":6.581501,"Demand":1.0,"DemandMax":null,"Value":27.159327330616},{"Length":4.453095,"Height":6.071451,"Demand":1.0,"DemandMax":null,"Value":27.036748090845002},{"Length":6.234256,"Height":4.335204,"Demand":1.0,"DemandMax":null,"Value":27.026771548224},{"Length":5.882553,"Height":4.592568,"Demand":1.0,"DemandMax":null,"Value":27.016024666104},{"Length":4.937375,"Height":5.470489,"Demand":1.0,"DemandMax":null,"Value":27.009855626375},{"Length":8.188889,"Height":3.293519,"Demand":1.0,"DemandMax":null,"Value":26.970261510390998},{"Length":5.447776,"Height":4.94008,"Demand":1.0,"DemandMax":null,"Value":26.912449262080003},{"Length":4.453095,"Height":6.042267,"Demand":1.0,"DemandMax":null,"Value":26.906788966365},{"Length":8.974535,"Height":2.992988,"Demand":1.0,"DemandMax":null,"Value":26.86067556058},{"Length":3.332892,"Height":8.051909,"Demand":1.0,"DemandMax":null,"Value":26.836143090828003},{"Length":5.259818,"Height":5.088458,"Demand":1.0,"DemandMax":null,"Value":26.764362980644},{"Length":4.448959,"Height":6.011672,"Demand":1.0,"DemandMax":null,"Value":26.745682249448002},{"Length":6.19566,"Height":4.311083,"Demand":1.0,"DemandMax":null,"Value":26.710004499780002},{"Length":5.118658,"Height":5.21397,"Demand":1.0,"DemandMax":null,"Value":26.688529252259997},{"Length":3.649211,"Height":7.294106,"Demand":1.0,"DemandMax":null,"Value":26.617731850366003},{"Length":5.199993,"Height":5.076836,"Demand":1.0,"DemandMax":null,"Value":26.399511662148},{"Length":6.813473,"Height":3.854593,"Demand":1.0,"DemandMax":null,"Value":26.263165331489},{"Length":5.90903,"Height":4.442232,"Demand":1.0,"DemandMax":null,"Value":26.249282154959996},{"Length":3.986235,"Height":6.581501,"Demand":1.0,"DemandMax":null,"Value":26.235409638735003},{"Length":4.258799,"Height":6.142835,"Demand":1.0,"DemandMax":null,"Value":26.161099555165},{"Length":4.693686,"Height":5.565558,"Demand":1.0,"DemandMax":null,"Value":26.122981666788},{"Length":2.731234,"Height":9.552405,"Demand":1.0,"DemandMax":null,"Value":26.089853317770004},{"Length":4.483957,"Height":5.818274,"Demand":1.0,"DemandMax":null,"Value":26.088890430218},{"Length":5.216054,"Height":5.000282,"Demand":1.0,"DemandMax":null,"Value":26.081740927228},{"Length":5.971699,"Height":4.366707,"Demand":1.0,"DemandMax":null,"Value":26.076659825193},{"Length":3.010949,"Height":8.643911,"Demand":1.0,"DemandMax":null,"Value":26.026375181539},{"Length":2.883545,"Height":9.012889,"Demand":1.0,"DemandMax":null,"Value":25.989071011504997},{"Length":5.465765,"Height":4.752943,"Demand":1.0,"DemandMax":null,"Value":25.978469496395},{"Length":5.424439,"Height":4.785528,"Demand":1.0,"DemandMax":null,"Value":25.958804718792},{"Length":5.849966,"Height":4.433459,"Demand":1.0,"DemandMax":null,"Value":25.935584412394},{"Length":6.036808,"Height":4.275027,"Demand":1.0,"DemandMax":null,"Value":25.807517193815997},{"Length":7.797539,"Height":3.307312,"Demand":1.0,"DemandMax":null,"Value":25.788894305168},{"Length":7.671488,"Height":3.357173,"Demand":1.0,"DemandMax":null,"Value":25.754512383424},{"Length":3.638992,"Height":7.07317,"Demand":1.0,"DemandMax":null,"Value":25.73920904464},{"Length":8.697508,"Height":2.958891,"Demand":1.0,"DemandMax":null,"Value":25.734978143628},{"Length":5.626496,"Height":4.572353,"Demand":1.0,"DemandMax":null,"Value":25.726325865088},{"Length":2.802121,"Height":9.153228,"Demand":1.0,"DemandMax":null,"Value":25.648452396588002},{"Length":7.898938,"Height":3.23583,"Demand":1.0,"DemandMax":null,"Value":25.55962054854},{"Length":4.705,"Height":5.430193,"Demand":1.0,"DemandMax":null,"Value":25.549058065},{"Length":4.078283,"Height":6.240311,"Demand":1.0,"DemandMax":null,"Value":25.449754266013},{"Length":5.402732,"Height":4.709432,"Demand":1.0,"DemandMax":null,"Value":25.443798968223998},{"Length":5.56645,"Height":4.561159,"Demand":1.0,"DemandMax":null,"Value":25.38946351555},{"Length":5.447776,"Height":4.659318,"Demand":1.0,"DemandMax":null,"Value":25.382920776768},{"Length":6.554648,"Height":3.871848,"Demand":1.0,"DemandMax":null,"Value":25.378600749504002},{"Length":8.974535,"Height":2.82628,"Demand":1.0,"DemandMax":null,"Value":25.3645487798},{"Length":4.119506,"Height":6.127908,"Demand":1.0,"DemandMax":null,"Value":25.243953773448002},{"Length":7.914891,"Height":3.188679,"Demand":1.0,"DemandMax":null,"Value":25.238046718989},{"Length":3.035246,"Height":8.275044,"Demand":1.0,"DemandMax":null,"Value":25.116794200823996},{"Length":3.836542,"Height":6.494938,"Demand":1.0,"DemandMax":null,"Value":24.918102424396},{"Length":3.133806,"Height":7.942651,"Demand":1.0,"DemandMax":null,"Value":24.890727359706},{"Length":5.997435,"Height":4.128426,"Demand":1.0,"DemandMax":null,"Value":24.759966587310004},{"Length":5.194833,"Height":4.749,"Demand":1.0,"DemandMax":null,"Value":24.670261916999998},{"Length":5.408559,"Height":4.561159,"Demand":1.0,"DemandMax":null,"Value":24.669297559881002},{"Length":9.3381,"Height":2.640498,"Demand":1.0,"DemandMax":null,"Value":24.6572343738},{"Length":4.264163,"Height":5.781801,"Demand":1.0,"DemandMax":null,"Value":24.654541897563},{"Length":4.626019,"Height":5.327421,"Demand":1.0,"DemandMax":null,"Value":24.644750766999003},{"Length":5.049382,"Height":4.879755,"Demand":1.0,"DemandMax":null,"Value":24.63974706141},{"Length":3.100451,"Height":7.942651,"Demand":1.0,"DemandMax":null,"Value":24.625800235600998},{"Length":5.170823,"Height":4.749,"Demand":1.0,"DemandMax":null,"Value":24.556238427},{"Length":8.697508,"Height":2.82291,"Demand":1.0,"DemandMax":null,"Value":24.552282308279995},{"Length":3.501037,"Height":7.009212,"Demand":1.0,"DemandMax":null,"Value":24.539510552844},{"Length":5.184592,"Height":4.716823,"Demand":1.0,"DemandMax":null,"Value":24.454802791216},{"Length":7.889632,"Height":3.081234,"Demand":1.0,"DemandMax":null,"Value":24.309802365887997},{"Length":7.324855,"Height":3.28533,"Demand":1.0,"DemandMax":null,"Value":24.064565877150002},{"Length":2.81751,"Height":8.537323,"Demand":1.0,"DemandMax":null,"Value":24.05399292573},{"Length":7.324855,"Height":3.265051,"Demand":1.0,"DemandMax":null,"Value":23.916025142605},{"Length":9.3381,"Height":2.556313,"Demand":1.0,"DemandMax":null,"Value":23.8711064253},{"Length":2.713242,"Height":8.758963,"Demand":1.0,"DemandMax":null,"Value":23.765186288046},{"Length":5.524929,"Height":4.271627,"Demand":1.0,"DemandMax":null,"Value":23.600435889483},{"Length":3.908861,"Height":6.005812,"Demand":1.0,"DemandMax":null,"Value":23.475884300131998},{"Length":4.461343,"Height":5.256041,"Demand":1.0,"DemandMax":null,"Value":23.449001723063},{"Length":3.63369,"Height":6.435257,"Demand":1.0,"DemandMax":null,"Value":23.38372900833},{"Length":7.324855,"Height":3.160772,"Demand":1.0,"DemandMax":null,"Value":23.15219658806},{"Length":9.3381,"Height":2.467022,"Demand":1.0,"DemandMax":null,"Value":23.0372981382},{"Length":5.299874,"Height":4.33537,"Demand":1.0,"DemandMax":null,"Value":22.97691474338},{"Length":4.119506,"Height":5.57399,"Demand":1.0,"DemandMax":null,"Value":22.962085248940003},{"Length":5.465765,"Height":4.187212,"Demand":1.0,"DemandMax":null,"Value":22.88631679718},{"Length":2.726549,"Height":8.38921,"Demand":1.0,"DemandMax":null,"Value":22.87359213629},{"Length":5.483459,"Height":4.128426,"Demand":1.0,"DemandMax":null,"Value":22.638054705534},{"Length":4.328676,"Height":5.22683,"Demand":1.0,"DemandMax":null,"Value":22.62525357708},{"Length":5.424439,"Height":4.152765,"Demand":1.0,"DemandMax":null,"Value":22.526420423834995},{"Length":8.508966,"Height":2.644363,"Demand":1.0,"DemandMax":null,"Value":22.500794858657997},{"Length":4.189595,"Height":5.342432,"Demand":1.0,"DemandMax":null,"Value":22.382626395039996},{"Length":8.974535,"Height":2.490432,"Demand":1.0,"DemandMax":null,"Value":22.350469149120002},{"Length":2.924328,"Height":7.584274,"Demand":1.0,"DemandMax":null,"Value":22.178904817872},{"Length":2.521976,"Height":8.758963,"Demand":1.0,"DemandMax":null,"Value":22.089894470887998},{"Length":4.461343,"Height":4.947027,"Demand":1.0,"DemandMax":null,"Value":22.070384277261002},{"Length":4.637527,"Height":4.74402,"Demand":1.0,"DemandMax":null,"Value":22.00052083854},{"Length":4.018913,"Height":5.455156,"Demand":1.0,"DemandMax":null,"Value":21.923797365428},{"Length":4.332141,"Height":5.024134,"Demand":1.0,"DemandMax":null,"Value":21.765256890894},{"Length":4.382548,"Height":4.96461,"Demand":1.0,"DemandMax":null,"Value":21.75764162628},{"Length":3.621936,"Height":6.005812,"Demand":1.0,"DemandMax":null,"Value":21.752666692031998},{"Length":7.914891,"Height":2.748092,"Demand":1.0,"DemandMax":null,"Value":21.750848637972002},{"Length":4.985116,"Height":4.345622,"Demand":1.0,"DemandMax":null,"Value":21.663429762151996},{"Length":4.984995,"Height":4.345461,"Demand":1.0,"DemandMax":null,"Value":21.662101357695},{"Length":6.916768,"Height":3.131094,"Demand":1.0,"DemandMax":null,"Value":21.657050784192002},{"Length":2.504633,"Height":8.613682,"Demand":1.0,"DemandMax":null,"Value":21.574112188706003},{"Length":4.448959,"Height":4.839998,"Demand":1.0,"DemandMax":null,"Value":21.532952662082},{"Length":2.408603,"Height":8.938293,"Demand":1.0,"DemandMax":null,"Value":21.528799334678997},{"Length":2.473438,"Height":8.643911,"Demand":1.0,"DemandMax":null,"Value":21.380177936017997},{"Length":3.761846,"Height":5.68007,"Demand":1.0,"DemandMax":null,"Value":21.367548609219998},{"Length":7.889632,"Height":2.708238,"Demand":1.0,"DemandMax":null,"Value":21.367001188416},{"Length":3.63369,"Height":5.859683,"Demand":1.0,"DemandMax":null,"Value":21.292271520270003},{"Length":3.991818,"Height":5.33336,"Demand":1.0,"DemandMax":null,"Value":21.28980244848},{"Length":3.704931,"Height":5.730896,"Demand":1.0,"DemandMax":null,"Value":21.232574248176004},{"Length":4.765069,"Height":4.442232,"Demand":1.0,"DemandMax":null,"Value":21.167541994008},{"Length":2.478169,"Height":8.537323,"Demand":1.0,"DemandMax":null,"Value":21.156929201587},{"Length":5.524929,"Height":3.826679,"Demand":1.0,"DemandMax":null,"Value":21.142129780791},{"Length":4.018913,"Height":5.248025,"Demand":1.0,"DemandMax":null,"Value":21.091355896825004},{"Length":4.029716,"Height":5.22683,"Demand":1.0,"DemandMax":null,"Value":21.062640480279995},{"Length":7.102267,"Height":2.960491,"Demand":1.0,"DemandMax":null,"Value":21.026197533097},{"Length":2.597537,"Height":8.078487,"Demand":1.0,"DemandMax":null,"Value":20.984168886519},{"Length":5.447776,"Height":3.847761,"Demand":1.0,"DemandMax":null,"Value":20.961740029536003},{"Length":4.396057,"Height":4.7681,"Demand":1.0,"DemandMax":null,"Value":20.960839381699998},{"Length":6.566847,"Height":3.186802,"Demand":1.0,"DemandMax":null,"Value":20.927241153294002},{"Length":5.299874,"Height":3.939675,"Demand":1.0,"DemandMax":null,"Value":20.879781100949998},{"Length":4.500229,"Height":4.606055,"Demand":1.0,"DemandMax":null,"Value":20.728302286595},{"Length":3.394742,"Height":6.100774,"Demand":1.0,"DemandMax":null,"Value":20.710553730308},{"Length":7.871142,"Height":2.628323,"Demand":1.0,"DemandMax":null,"Value":20.687903554866},{"Length":4.407483,"Height":4.692407,"Demand":1.0,"DemandMax":null,"Value":20.681704081581},{"Length":7.871142,"Height":2.623022,"Demand":1.0,"DemandMax":null,"Value":20.646178631124002},{"Length":7.889632,"Height":2.601469,"Demand":1.0,"DemandMax":null,"Value":20.524633069407997},{"Length":4.396057,"Height":4.658129,"Demand":1.0,"DemandMax":null,"Value":20.477400597352997},{"Length":3.375924,"Height":6.04814,"Demand":1.0,"DemandMax":null,"Value":20.41806098136},{"Length":4.890668,"Height":4.174448,"Demand":1.0,"DemandMax":null,"Value":20.415839251264},{"Length":4.313059,"Height":4.679644,"Demand":1.0,"DemandMax":null,"Value":20.183580670995998},{"Length":8.508966,"Height":2.3713,"Demand":1.0,"DemandMax":null,"Value":20.1773110758},{"Length":6.048153,"Height":3.331273,"Demand":1.0,"DemandMax":null,"Value":20.148048788769},{"Length":4.398289,"Height":4.579643,"Demand":1.0,"DemandMax":null,"Value":20.142593430827},{"Length":6.036808,"Height":3.329709,"Demand":1.0,"DemandMax":null,"Value":20.100813928871997},{"Length":4.359404,"Height":4.606055,"Demand":1.0,"DemandMax":null,"Value":20.079654591219995},{"Length":5.944286,"Height":3.366682,"Demand":1.0,"DemandMax":null,"Value":20.012520679052},{"Length":3.836542,"Height":5.20696,"Demand":1.0,"DemandMax":null,"Value":19.97672073232},{"Length":4.117934,"Height":4.824468,"Demand":1.0,"DemandMax":null,"Value":19.866840809112002},{"Length":5.882553,"Height":3.357853,"Demand":1.0,"DemandMax":null,"Value":19.752748238709},{"Length":3.649715,"Height":5.396651,"Demand":1.0,"DemandMax":null,"Value":19.696238104465003},{"Length":4.070954,"Height":4.824468,"Demand":1.0,"DemandMax":null,"Value":19.640187302472004},{"Length":6.666169,"Height":2.945072,"Demand":1.0,"DemandMax":null,"Value":19.632347669168002},{"Length":3.752978,"Height":5.225085,"Demand":1.0,"DemandMax":null,"Value":19.60962905313},{"Length":4.587417,"Height":4.274194,"Demand":1.0,"DemandMax":null,"Value":19.607510216898},{"Length":5.049382,"Height":3.879208,"Demand":1.0,"DemandMax":null,"Value":19.587603049456},{"Length":8.083652,"Height":2.42132,"Demand":1.0,"DemandMax":null,"Value":19.57310826064},{"Length":4.248406,"Height":4.606055,"Demand":1.0,"DemandMax":null,"Value":19.56839169833},{"Length":4.230762,"Height":4.624063,"Demand":1.0,"DemandMax":null,"Value":19.563310026006},{"Length":3.785998,"Height":5.154993,"Demand":1.0,"DemandMax":null,"Value":19.516793188014002},{"Length":5.039827,"Height":3.868988,"Demand":1.0,"DemandMax":null,"Value":19.499030185076},{"Length":5.447776,"Height":3.560169,"Demand":1.0,"DemandMax":null,"Value":19.395003234144003},{"Length":4.233809,"Height":4.567321,"Demand":1.0,"DemandMax":null,"Value":19.337164755689},{"Length":3.66469,"Height":5.264624,"Demand":1.0,"DemandMax":null,"Value":19.29321492656},{"Length":4.829909,"Height":3.970002,"Demand":1.0,"DemandMax":null,"Value":19.174748389818},{"Length":4.247743,"Height":4.478706,"Demand":1.0,"DemandMax":null,"Value":19.024392060558},{"Length":7.324855,"Height":2.583787,"Demand":1.0,"DemandMax":null,"Value":18.925865125885},{"Length":6.916768,"Height":2.733971,"Demand":1.0,"DemandMax":null,"Value":18.910243125728},{"Length":6.666169,"Height":2.828477,"Demand":1.0,"DemandMax":null,"Value":18.855105694613},{"Length":8.615486,"Height":2.186755,"Demand":1.0,"DemandMax":null,"Value":18.83995708793},{"Length":7.883525,"Height":2.387256,"Demand":1.0,"DemandMax":null,"Value":18.819992357399997},{"Length":8.615486,"Height":2.179952,"Demand":1.0,"DemandMax":null,"Value":18.781345936672004},{"Length":8.083652,"Height":2.312627,"Demand":1.0,"DemandMax":null,"Value":18.694471873804},{"Length":7.898938,"Height":2.364634,"Demand":1.0,"DemandMax":null,"Value":18.678097358692},{"Length":8.508966,"Height":2.189699,"Demand":1.0,"DemandMax":null,"Value":18.632074341234},{"Length":4.447433,"Height":4.174448,"Demand":1.0,"DemandMax":null,"Value":18.565577791984},{"Length":3.80968,"Height":4.871173,"Demand":1.0,"DemandMax":null,"Value":18.55761035464},{"Length":5.560209,"Height":3.331273,"Demand":1.0,"DemandMax":null,"Value":18.522574116057},{"Length":2.759124,"Height":6.688717,"Demand":1.0,"DemandMax":null,"Value":18.454999603908},{"Length":6.045303,"Height":3.045966,"Demand":1.0,"DemandMax":null,"Value":18.413787397697998},{"Length":3.504479,"Height":5.225085,"Demand":1.0,"DemandMax":null,"Value":18.311200655714998},{"Length":2.362646,"Height":7.688999,"Demand":1.0,"DemandMax":null,"Value":18.166382731354},{"Length":3.066468,"Height":5.91983,"Demand":1.0,"DemandMax":null,"Value":18.15296926044},{"Length":6.813473,"Height":2.663684,"Demand":1.0,"DemandMax":null,"Value":18.148939014532},{"Length":8.358392,"Height":2.164816,"Demand":1.0,"DemandMax":null,"Value":18.094380735872},{"Length":5.683735,"Height":3.182626,"Demand":1.0,"DemandMax":null,"Value":18.08920278811},{"Length":7.671488,"Height":2.356266,"Demand":1.0,"DemandMax":null,"Value":18.076066343808},{"Length":8.358392,"Height":2.16076,"Demand":1.0,"DemandMax":null,"Value":18.06047909792},{"Length":4.546757,"Height":3.970002,"Demand":1.0,"DemandMax":null,"Value":18.050634383514},{"Length":7.5691,"Height":2.376349,"Demand":1.0,"DemandMax":null,"Value":17.9868232159},{"Length":2.89789,"Height":6.186677,"Demand":1.0,"DemandMax":null,"Value":17.92830941153},{"Length":3.55057,"Height":5.039278,"Demand":1.0,"DemandMax":null,"Value":17.89230928846},{"Length":5.535607,"Height":3.221105,"Demand":1.0,"DemandMax":null,"Value":17.830771385734998},{"Length":3.643168,"Height":4.887453,"Demand":1.0,"DemandMax":null,"Value":17.805812371104},{"Length":3.599678,"Height":4.933055,"Demand":1.0,"DemandMax":null,"Value":17.75740955629},{"Length":2.334953,"Height":7.604736,"Demand":1.0,"DemandMax":null,"Value":17.756701137408},{"Length":3.917641,"Height":4.517991,"Demand":1.0,"DemandMax":null,"Value":17.699866779231},{"Length":5.672905,"Height":3.11725,"Demand":1.0,"DemandMax":null,"Value":17.683863111249998},{"Length":2.788378,"Height":6.335672,"Demand":1.0,"DemandMax":null,"Value":17.666248420015997},{"Length":7.039268,"Height":2.509471,"Demand":1.0,"DemandMax":null,"Value":17.664838907228},{"Length":4.848562,"Height":3.641896,"Demand":1.0,"DemandMax":null,"Value":17.657958553552},{"Length":3.532343,"Height":4.96461,"Demand":1.0,"DemandMax":null,"Value":17.53670538123},{"Length":4.755839,"Height":3.68734,"Demand":1.0,"DemandMax":null,"Value":17.53639537826},{"Length":3.422492,"Height":5.119909,"Demand":1.0,"DemandMax":null,"Value":17.522847593228},{"Length":2.868566,"Height":6.100774,"Demand":1.0,"DemandMax":null,"Value":17.500472870084},{"Length":6.021084,"Height":2.899481,"Demand":1.0,"DemandMax":null,"Value":17.458018657404},{"Length":7.82289,"Height":2.228837,"Demand":1.0,"DemandMax":null,"Value":17.43594667893},{"Length":5.452661,"Height":3.192327,"Demand":1.0,"DemandMax":null,"Value":17.406676932147},{"Length":3.87197,"Height":4.486462,"Demand":1.0,"DemandMax":null,"Value":17.37144627014},{"Length":3.072333,"Height":5.600463,"Demand":1.0,"DemandMax":null,"Value":17.206487290179002},{"Length":4.291727,"Height":4.008339,"Demand":1.0,"DemandMax":null,"Value":17.202696711453},{"Length":2.946478,"Height":5.829688,"Demand":1.0,"DemandMax":null,"Value":17.177047438864},{"Length":3.827014,"Height":4.487519,"Demand":1.0,"DemandMax":null,"Value":17.173798038266},{"Length":4.234369,"Height":4.04357,"Demand":1.0,"DemandMax":null,"Value":17.12196745733},{"Length":6.011619,"Height":2.84653,"Demand":1.0,"DemandMax":null,"Value":17.11225383207},{"Length":3.783851,"Height":4.517991,"Demand":1.0,"DemandMax":null,"Value":17.095404763341},{"Length":2.775707,"Height":6.142835,"Demand":1.0,"DemandMax":null,"Value":17.050710109345},{"Length":8.188889,"Height":2.065345,"Demand":1.0,"DemandMax":null,"Value":16.912880951705002},{"Length":6.554648,"Height":2.57938,"Demand":1.0,"DemandMax":null,"Value":16.90692795824},{"Length":3.779951,"Height":4.470195,"Demand":1.0,"DemandMax":null,"Value":16.897118060445003},{"Length":3.18782,"Height":5.296174,"Demand":1.0,"DemandMax":null,"Value":16.883249400679997},{"Length":3.313321,"Height":5.094148,"Demand":1.0,"DemandMax":null,"Value":16.878547545508},{"Length":7.608418,"Height":2.215007,"Demand":1.0,"DemandMax":null,"Value":16.852699128926},{"Length":4.564628,"Height":3.68734,"Demand":1.0,"DemandMax":null,"Value":16.831335409519998},{"Length":7.82289,"Height":2.145158,"Demand":1.0,"DemandMax":null,"Value":16.78133506662},{"Length":8.188889,"Height":2.048976,"Demand":1.0,"DemandMax":null,"Value":16.778837027664},{"Length":4.013566,"Height":4.169361,"Demand":1.0,"DemandMax":null,"Value":16.734005551326},{"Length":3.07613,"Height":5.438745,"Demand":1.0,"DemandMax":null,"Value":16.73028665685},{"Length":3.841548,"Height":4.33974,"Demand":1.0,"DemandMax":null,"Value":16.67131951752},{"Length":3.07613,"Height":5.404054,"Demand":1.0,"DemandMax":null,"Value":16.62357263102},{"Length":6.011619,"Height":2.756245,"Demand":1.0,"DemandMax":null,"Value":16.569494810654998},{"Length":5.204895,"Height":3.182626,"Demand":1.0,"DemandMax":null,"Value":16.565234154269998},{"Length":5.435591,"Height":3.045966,"Demand":1.0,"DemandMax":null,"Value":16.556625375906},{"Length":3.521488,"Height":4.697843,"Demand":1.0,"DemandMax":null,"Value":16.543397750384},{"Length":3.643168,"Height":4.538777,"Demand":1.0,"DemandMax":null,"Value":16.535527125536},{"Length":3.659771,"Height":4.517991,"Demand":1.0,"DemandMax":null,"Value":16.534812440061003},{"Length":3.227988,"Height":5.119909,"Demand":1.0,"DemandMax":null,"Value":16.527004813092},{"Length":2.74289,"Height":6.018456,"Demand":1.0,"DemandMax":null,"Value":16.50796277784},{"Length":7.608418,"Height":2.162776,"Demand":1.0,"DemandMax":null,"Value":16.455303848368},{"Length":5.506347,"Height":2.983524,"Demand":1.0,"DemandMax":null,"Value":16.428318426828},{"Length":7.352096,"Height":2.232375,"Demand":1.0,"DemandMax":null,"Value":16.412635308000002},{"Length":7.102267,"Height":2.30739,"Demand":1.0,"DemandMax":null,"Value":16.387699853129998},{"Length":4.040093,"Height":4.04357,"Demand":1.0,"DemandMax":null,"Value":16.33639885201},{"Length":6.222689,"Height":2.624839,"Demand":1.0,"DemandMax":null,"Value":16.333556772071002},{"Length":6.011619,"Height":2.713031,"Demand":1.0,"DemandMax":null,"Value":16.309708707189},{"Length":4.73358,"Height":3.439098,"Demand":1.0,"DemandMax":null,"Value":16.27924551084},{"Length":4.979289,"Height":3.269217,"Demand":1.0,"DemandMax":null,"Value":16.278376246712998},{"Length":7.102267,"Height":2.291143,"Demand":1.0,"DemandMax":null,"Value":16.272309321181},{"Length":6.021084,"Height":2.700983,"Demand":1.0,"DemandMax":null,"Value":16.262845525572},{"Length":5.447776,"Height":2.975503,"Demand":1.0,"DemandMax":null,"Value":16.209873831328},{"Length":4.332141,"Height":3.734828,"Demand":1.0,"DemandMax":null,"Value":16.179801506748},{"Length":7.352096,"Height":2.189971,"Demand":1.0,"DemandMax":null,"Value":16.100877029216},{"Length":3.810211,"Height":4.219166,"Demand":1.0,"DemandMax":null,"Value":16.075912704026},{"Length":7.439914,"Height":2.158084,"Demand":1.0,"DemandMax":null,"Value":16.055959364776},{"Length":6.222689,"Height":2.577996,"Demand":1.0,"DemandMax":null,"Value":16.042067351244},{"Length":4.313059,"Height":3.709566,"Demand":1.0,"DemandMax":null,"Value":15.999577022394},{"Length":7.686622,"Height":2.079134,"Demand":1.0,"DemandMax":null,"Value":15.981517145347999},{"Length":7.5691,"Height":2.11117,"Demand":1.0,"DemandMax":null,"Value":15.979656847},{"Length":3.516771,"Height":4.541778,"Demand":1.0,"DemandMax":null,"Value":15.972393158837999},{"Length":4.189595,"Height":3.810796,"Demand":1.0,"DemandMax":null,"Value":15.965691867619999},{"Length":3.67114,"Height":4.345622,"Demand":1.0,"DemandMax":null,"Value":15.953386749079998},{"Length":2.09011,"Height":7.584274,"Demand":1.0,"DemandMax":null,"Value":15.85196693014},{"Length":2.087829,"Height":7.584274,"Demand":1.0,"DemandMax":null,"Value":15.834667201146},{"Length":3.426221,"Height":4.606055,"Demand":1.0,"DemandMax":null,"Value":15.781362368154998},{"Length":3.544567,"Height":4.437901,"Demand":1.0,"DemandMax":null,"Value":15.730437433867},{"Length":3.916807,"Height":4.008339,"Demand":1.0,"DemandMax":null,"Value":15.699890253573},{"Length":4.848562,"Height":3.221305,"Demand":1.0,"DemandMax":null,"Value":15.618697013410001},{"Length":7.611907,"Height":2.046472,"Demand":1.0,"DemandMax":null,"Value":15.577554542104002},{"Length":5.452661,"Height":2.856622,"Demand":1.0,"DemandMax":null,"Value":15.576191371142},{"Length":3.78987,"Height":4.108277,"Demand":1.0,"DemandMax":null,"Value":15.56983575399},{"Length":3.883888,"Height":4.008339,"Demand":1.0,"DemandMax":null,"Value":15.567939742032001},{"Length":3.599678,"Height":4.322805,"Demand":1.0,"DemandMax":null,"Value":15.560706056789998},{"Length":4.830049,"Height":3.221105,"Demand":1.0,"DemandMax":null,"Value":15.558094984145},{"Length":3.841548,"Height":4.04947,"Demand":1.0,"DemandMax":null,"Value":15.556233379560002},{"Length":7.611907,"Height":2.040499,"Demand":1.0,"DemandMax":null,"Value":15.532088621593001},{"Length":3.280554,"Height":4.733947,"Demand":1.0,"DemandMax":null,"Value":15.529968766638},{"Length":6.554648,"Height":2.369217,"Demand":1.0,"DemandMax":null,"Value":15.529383470616},{"Length":3.868662,"Height":4.008339,"Demand":1.0,"DemandMax":null,"Value":15.506908772418},{"Length":7.352096,"Height":2.107786,"Demand":1.0,"DemandMax":null,"Value":15.496645019456},{"Length":3.497869,"Height":4.422145,"Demand":1.0,"DemandMax":null,"Value":15.468083909005003},{"Length":4.483957,"Height":3.449395,"Demand":1.0,"DemandMax":null,"Value":15.466938856015},{"Length":4.954948,"Height":3.11725,"Demand":1.0,"DemandMax":null,"Value":15.445811653},{"Length":6.54142,"Height":2.355433,"Demand":1.0,"DemandMax":null,"Value":15.40787653486},{"Length":4.632526,"Height":3.314874,"Demand":1.0,"DemandMax":null,"Value":15.356239991724001},{"Length":4.398289,"Height":3.485855,"Demand":1.0,"DemandMax":null,"Value":15.331797702095},{"Length":4.247743,"Height":3.599781,"Demand":1.0,"DemandMax":null,"Value":15.290944544283},{"Length":5.121507,"Height":2.983524,"Demand":1.0,"DemandMax":null,"Value":15.280139050668002},{"Length":5.452661,"Height":2.79916,"Demand":1.0,"DemandMax":null,"Value":15.26287056476},{"Length":3.449388,"Height":4.422145,"Demand":1.0,"DemandMax":null,"Value":15.253693897260002},{"Length":3.66469,"Height":4.161605,"Demand":1.0,"DemandMax":null,"Value":15.250992227449999},{"Length":2.004996,"Height":7.604736,"Demand":1.0,"DemandMax":null,"Value":15.247465261055998},{"Length":2.719666,"Height":5.600463,"Demand":1.0,"DemandMax":null,"Value":15.231388805358002},{"Length":6.246165,"Height":2.437245,"Demand":1.0,"DemandMax":null,"Value":15.223434415425},{"Length":6.566847,"Height":2.313737,"Demand":1.0,"DemandMax":null,"Value":15.193956877239002},{"Length":6.246165,"Height":2.430475,"Demand":1.0,"DemandMax":null,"Value":15.181147878375},{"Length":3.592847,"Height":4.214389,"Demand":1.0,"DemandMax":null,"Value":15.141654875482999},{"Length":7.352096,"Height":2.058302,"Demand":1.0,"DemandMax":null,"Value":15.132833900991999},{"Length":7.686622,"Height":1.964435,"Demand":1.0,"DemandMax":null,"Value":15.09986928857},{"Length":3.066468,"Height":4.922968,"Demand":1.0,"DemandMax":null,"Value":15.096123837024},{"Length":1.984717,"Height":7.604736,"Demand":1.0,"DemandMax":null,"Value":15.093248819712},{"Length":1.980969,"Height":7.604736,"Demand":1.0,"DemandMax":null,"Value":15.064746269183999},{"Length":6.911054,"Height":2.179594,"Demand":1.0,"DemandMax":null,"Value":15.063291832075999},{"Length":3.516771,"Height":4.278666,"Demand":1.0,"DemandMax":null,"Value":15.047088507486},{"Length":2.684721,"Height":5.600463,"Demand":1.0,"DemandMax":null,"Value":15.035680625823002},{"Length":2.42675,"Height":6.186677,"Demand":1.0,"DemandMax":null,"Value":15.013518409750002},{"Length":7.257457,"Height":2.066575,"Demand":1.0,"DemandMax":null,"Value":14.998079199774997},{"Length":4.483957,"Height":3.344212,"Demand":1.0,"DemandMax":null,"Value":14.995302806884002},{"Length":7.439914,"Height":2.014873,"Demand":1.0,"DemandMax":null,"Value":14.990481840922001},{"Length":7.439914,"Height":2.01372,"Demand":1.0,"DemandMax":null,"Value":14.98190362008},{"Length":3.55057,"Height":4.216583,"Demand":1.0,"DemandMax":null,"Value":14.97127310231},{"Length":6.911054,"Height":2.165868,"Demand":1.0,"DemandMax":null,"Value":14.968430704872},{"Length":4.632526,"Height":3.230634,"Demand":1.0,"DemandMax":null,"Value":14.965996001484001},{"Length":2.823798,"Height":5.296174,"Demand":1.0,"DemandMax":null,"Value":14.955325548851999},{"Length":3.423164,"Height":4.345461,"Demand":1.0,"DemandMax":null,"Value":14.875225658604},{"Length":2.012951,"Height":7.383626,"Demand":1.0,"DemandMax":null,"Value":14.862877340326},{"Length":3.397678,"Height":4.373995,"Demand":1.0,"DemandMax":null,"Value":14.86142658361},{"Length":5.944286,"Height":2.498383,"Demand":1.0,"DemandMax":null,"Value":14.851103089538},{"Length":5.039827,"Height":2.942004,"Demand":1.0,"DemandMax":null,"Value":14.827191193307998},{"Length":3.80968,"Height":3.887789,"Demand":1.0,"DemandMax":null,"Value":14.811231997520002},{"Length":3.170032,"Height":4.667428,"Demand":1.0,"DemandMax":null,"Value":14.795896117696},{"Length":2.83375,"Height":5.21397,"Demand":1.0,"DemandMax":null,"Value":14.7750874875},{"Length":3.286478,"Height":4.488897,"Demand":1.0,"DemandMax":null,"Value":14.752661234765998},{"Length":7.102267,"Height":2.076337,"Demand":1.0,"DemandMax":null,"Value":14.746699755979002},{"Length":3.366617,"Height":4.373995,"Demand":1.0,"DemandMax":null,"Value":14.725565924915001},{"Length":5.966466,"Height":2.467466,"Demand":1.0,"DemandMax":null,"Value":14.722051995155999},{"Length":7.257457,"Height":2.027692,"Demand":1.0,"DemandMax":null,"Value":14.715887499244},{"Length":3.276231,"Height":4.487519,"Demand":1.0,"DemandMax":null,"Value":14.702148860889},{"Length":3.488119,"Height":4.214389,"Demand":1.0,"DemandMax":null,"Value":14.700290344291},{"Length":2.374731,"Height":6.186677,"Demand":1.0,"DemandMax":null,"Value":14.691693658887003},{"Length":3.87197,"Height":3.788583,"Demand":1.0,"DemandMax":null,"Value":14.669279718510001},{"Length":3.493407,"Height":4.195489,"Demand":1.0,"DemandMax":null,"Value":14.656550641023001},{"Length":3.100332,"Height":4.725706,"Demand":1.0,"DemandMax":null,"Value":14.651257534391998},{"Length":3.493407,"Height":4.19372,"Demand":1.0,"DemandMax":null,"Value":14.65037080404},{"Length":7.352096,"Height":1.989847,"Demand":1.0,"DemandMax":null,"Value":14.629546169312},{"Length":4.230762,"Height":3.454425,"Demand":1.0,"DemandMax":null,"Value":14.614850021850002},{"Length":3.417545,"Height":4.274194,"Demand":1.0,"DemandMax":null,"Value":14.607250333729999},{"Length":3.810211,"Height":3.832744,"Demand":1.0,"DemandMax":null,"Value":14.603563348983998},{"Length":3.225922,"Height":4.517991,"Demand":1.0,"DemandMax":null,"Value":14.574686562702002},{"Length":2.178251,"Height":6.688717,"Demand":1.0,"DemandMax":null,"Value":14.569704493966999},{"Length":3.78987,"Height":3.842144,"Demand":1.0,"DemandMax":null,"Value":14.56122628128},{"Length":2.645127,"Height":5.500539,"Demand":1.0,"DemandMax":null,"Value":14.549624223453},{"Length":6.078162,"Height":2.387803,"Demand":1.0,"DemandMax":null,"Value":14.513453458086},{"Length":2.631671,"Height":5.489085,"Demand":1.0,"DemandMax":null,"Value":14.445465811035},{"Length":2.887697,"Height":4.997667,"Demand":1.0,"DemandMax":null,"Value":14.431748002899},{"Length":2.33917,"Height":6.142835,"Demand":1.0,"DemandMax":null,"Value":14.369135346950001},{"Length":4.355303,"Height":3.282026,"Demand":1.0,"DemandMax":null,"Value":14.294217683878001},{"Length":4.310653,"Height":3.310958,"Demand":1.0,"DemandMax":null,"Value":14.272391035574},{"Length":6.078162,"Height":2.321628,"Demand":1.0,"DemandMax":null,"Value":14.111231087736},{"Length":2.816899,"Height":5.004518,"Demand":1.0,"DemandMax":null,"Value":14.097221749682},{"Length":6.234256,"Height":2.258041,"Demand":1.0,"DemandMax":null,"Value":14.077205652496},{"Length":3.160842,"Height":4.448321,"Demand":1.0,"DemandMax":null,"Value":14.060439846282},{"Length":3.607466,"Height":3.834686,"Demand":1.0,"DemandMax":null,"Value":13.833499365676001},{"Length":4.011114,"Height":3.438659,"Demand":1.0,"DemandMax":null,"Value":13.792853256126},{"Length":4.199294,"Height":3.281774,"Demand":1.0,"DemandMax":null,"Value":13.781133867556001},{"Length":3.993848,"Height":3.438659,"Demand":1.0,"DemandMax":null,"Value":13.733481369831999},{"Length":3.085323,"Height":4.448321,"Demand":1.0,"DemandMax":null,"Value":13.724507092683},{"Length":2.518444,"Height":5.436877,"Demand":1.0,"DemandMax":null,"Value":13.692470259388001},{"Length":1.893269,"Height":7.145085,"Demand":1.0,"DemandMax":null,"Value":13.527567932865},{"Length":1.892729,"Height":7.145085,"Demand":1.0,"DemandMax":null,"Value":13.523709586965001},{"Length":3.618465,"Height":3.726671,"Demand":1.0,"DemandMax":null,"Value":13.484828580015},{"Length":3.186037,"Height":4.196762,"Demand":1.0,"DemandMax":null,"Value":13.371039012193998},{"Length":5.537871,"Height":2.396516,"Demand":1.0,"DemandMax":null,"Value":13.271596457436},{"Length":4.637527,"Height":2.860716,"Demand":1.0,"DemandMax":null,"Value":13.266647689332002},{"Length":4.293685,"Height":3.079427,"Demand":1.0,"DemandMax":null,"Value":13.222089518495},{"Length":2.408156,"Height":5.489085,"Demand":1.0,"DemandMax":null,"Value":13.218572977260001},{"Length":3.704931,"Height":3.559709,"Demand":1.0,"DemandMax":null,"Value":13.188476225079},{"Length":2.178558,"Height":6.04814,"Demand":1.0,"DemandMax":null,"Value":13.176223782120001},{"Length":2.42612,"Height":5.421476,"Demand":1.0,"DemandMax":null,"Value":13.15315135312},{"Length":2.628236,"Height":5.004518,"Demand":1.0,"DemandMax":null,"Value":13.153054370247999},{"Length":3.239405,"Height":4.059952,"Demand":1.0,"DemandMax":null,"Value":13.151828808560001},{"Length":3.239405,"Height":4.038355,"Demand":1.0,"DemandMax":null,"Value":13.081867378775002},{"Length":4.44892,"Height":2.935712,"Demand":1.0,"DemandMax":null,"Value":13.06074783104},{"Length":3.540588,"Height":3.68734,"Demand":1.0,"DemandMax":null,"Value":13.05535175592},{"Length":7.102267,"Height":1.832365,"Demand":1.0,"DemandMax":null,"Value":13.013945471455001},{"Length":4.730631,"Height":2.749108,"Demand":1.0,"DemandMax":null,"Value":13.005015527148},{"Length":2.931795,"Height":4.433459,"Demand":1.0,"DemandMax":null,"Value":12.997992928905001},{"Length":4.078283,"Height":3.186106,"Demand":1.0,"DemandMax":null,"Value":12.993841935998},{"Length":2.347309,"Height":5.524248,"Demand":1.0,"DemandMax":null,"Value":12.967117048632},{"Length":2.873328,"Height":4.508353,"Demand":1.0,"DemandMax":null,"Value":12.953976908783998},{"Length":2.107219,"Height":6.142835,"Demand":1.0,"DemandMax":null,"Value":12.944298625865},{"Length":2.973568,"Height":4.345622,"Demand":1.0,"DemandMax":null,"Value":12.922002519295999},{"Length":1.869461,"Height":6.898289,"Demand":1.0,"DemandMax":null,"Value":12.896082252229},{"Length":3.18651,"Height":4.039653,"Demand":1.0,"DemandMax":null,"Value":12.872394681030002},{"Length":2.957361,"Height":4.345622,"Demand":1.0,"DemandMax":null,"Value":12.851573023541999},{"Length":2.459306,"Height":5.21397,"Demand":1.0,"DemandMax":null,"Value":12.822747704820001},{"Length":6.54142,"Height":1.95565,"Demand":1.0,"DemandMax":null,"Value":12.792728023},{"Length":3.18651,"Height":4.012256,"Demand":1.0,"DemandMax":null,"Value":12.78509386656},{"Length":3.501037,"Height":3.631052,"Demand":1.0,"DemandMax":null,"Value":12.712447400924},{"Length":7.102267,"Height":1.784199,"Demand":1.0,"DemandMax":null,"Value":12.671857679133002},{"Length":2.616743,"Height":4.841802,"Demand":1.0,"DemandMax":null,"Value":12.669751490886002},{"Length":2.330118,"Height":5.436877,"Demand":1.0,"DemandMax":null,"Value":12.668564961486},{"Length":2.293887,"Height":5.510661,"Demand":1.0,"DemandMax":null,"Value":12.640833629306998},{"Length":2.420392,"Height":5.21397,"Demand":1.0,"DemandMax":null,"Value":12.61985127624},{"Length":3.810823,"Height":3.307312,"Demand":1.0,"DemandMax":null,"Value":12.603580637776},{"Length":2.278709,"Height":5.524248,"Demand":1.0,"DemandMax":null,"Value":12.588153635832},{"Length":5.537871,"Height":2.270912,"Demand":1.0,"DemandMax":null,"Value":12.576017708352},{"Length":5.484387,"Height":2.275023,"Demand":1.0,"DemandMax":null,"Value":12.477106565901},{"Length":3.186037,"Height":3.901545,"Demand":1.0,"DemandMax":null,"Value":12.430466727165},{"Length":2.616743,"Height":4.749841,"Demand":1.0,"DemandMax":null,"Value":12.429113187863},{"Length":4.078283,"Height":3.045667,"Demand":1.0,"DemandMax":null,"Value":12.421091949761},{"Length":3.246866,"Height":3.820915,"Demand":1.0,"DemandMax":null,"Value":12.405999002389999},{"Length":2.247421,"Height":5.500539,"Demand":1.0,"DemandMax":null,"Value":12.362026859919},{"Length":2.27888,"Height":5.421476,"Demand":1.0,"DemandMax":null,"Value":12.35489322688},{"Length":1.945202,"Height":6.335672,"Demand":1.0,"DemandMax":null,"Value":12.324161845744},{"Length":3.704931,"Height":3.321276,"Demand":1.0,"DemandMax":null,"Value":12.305098411956001},{"Length":1.780254,"Height":6.898289,"Demand":1.0,"DemandMax":null,"Value":12.280706585406},{"Length":2.099694,"Height":5.829688,"Demand":1.0,"DemandMax":null,"Value":12.240560915471999},{"Length":1.831087,"Height":6.679528,"Demand":1.0,"DemandMax":null,"Value":12.230796886936},{"Length":3.779951,"Height":3.218804,"Demand":1.0,"DemandMax":null,"Value":12.166921398604},{"Length":1.818125,"Height":6.679528,"Demand":1.0,"DemandMax":null,"Value":12.144216845},{"Length":3.313321,"Height":3.664815,"Demand":1.0,"DemandMax":null,"Value":12.142708500615},{"Length":3.618465,"Height":3.346498,"Demand":1.0,"DemandMax":null,"Value":12.10918588557},{"Length":2.307179,"Height":5.21397,"Demand":1.0,"DemandMax":null,"Value":12.02956209063},{"Length":2.254347,"Height":5.33336,"Demand":1.0,"DemandMax":null,"Value":12.02324411592},{"Length":6.246165,"Height":1.924359,"Demand":1.0,"DemandMax":null,"Value":12.019863833235},{"Length":2.112622,"Height":5.68007,"Demand":1.0,"DemandMax":null,"Value":11.99984084354},{"Length":2.701598,"Height":4.437901,"Demand":1.0,"DemandMax":null,"Value":11.989424465798},{"Length":3.649659,"Height":3.282026,"Demand":1.0,"DemandMax":null,"Value":11.978275729134001},{"Length":3.521488,"Height":3.400464,"Demand":1.0,"DemandMax":null,"Value":11.974693170432001},{"Length":5.452661,"Height":2.191437,"Demand":1.0,"DemandMax":null,"Value":11.949163063857},{"Length":4.135246,"Height":2.88756,"Demand":1.0,"DemandMax":null,"Value":11.940770939760002},{"Length":5.484387,"Height":2.177028,"Demand":1.0,"DemandMax":null,"Value":11.939664061836},{"Length":5.142858,"Height":2.319139,"Demand":1.0,"DemandMax":null,"Value":11.927002559262},{"Length":4.060047,"Height":2.935712,"Demand":1.0,"DemandMax":null,"Value":11.919128698464},{"Length":2.657268,"Height":4.477275,"Demand":1.0,"DemandMax":null,"Value":11.8973195847},{"Length":2.677633,"Height":4.433459,"Demand":1.0,"DemandMax":null,"Value":11.871176122547},{"Length":2.087687,"Height":5.68007,"Demand":1.0,"DemandMax":null,"Value":11.858208298089998},{"Length":2.657268,"Height":4.461018,"Demand":1.0,"DemandMax":null,"Value":11.854120378824002},{"Length":3.578979,"Height":3.310958,"Demand":1.0,"DemandMax":null,"Value":11.849849151882},{"Length":4.199294,"Height":2.819,"Demand":1.0,"DemandMax":null,"Value":11.837809786},{"Length":5.966466,"Height":1.980413,"Demand":1.0,"DemandMax":null,"Value":11.816066830457999},{"Length":6.234256,"Height":1.894242,"Demand":1.0,"DemandMax":null,"Value":11.809189553952},{"Length":4.293685,"Height":2.750261,"Demand":1.0,"DemandMax":null,"Value":11.808754401785},{"Length":3.100332,"Height":3.803723,"Demand":1.0,"DemandMax":null,"Value":11.792804136036},{"Length":2.611059,"Height":4.508353,"Demand":1.0,"DemandMax":null,"Value":11.771575675826998},{"Length":3.286478,"Height":3.563013,"Demand":1.0,"DemandMax":null,"Value":11.709763838214},{"Length":3.100332,"Height":3.770648,"Demand":1.0,"DemandMax":null,"Value":11.690260655135999},{"Length":4.682481,"Height":2.495572,"Demand":1.0,"DemandMax":null,"Value":11.685468474132001},{"Length":3.501037,"Height":3.33337,"Demand":1.0,"DemandMax":null,"Value":11.670251704690001},{"Length":3.043015,"Height":3.834686,"Demand":1.0,"DemandMax":null,"Value":11.66900701829},{"Length":4.243904,"Height":2.749108,"Demand":1.0,"DemandMax":null,"Value":11.666950437632},{"Length":2.113596,"Height":5.510661,"Demand":1.0,"DemandMax":null,"Value":11.647311046955998},{"Length":4.655619,"Height":2.495572,"Demand":1.0,"DemandMax":null,"Value":11.618432419068},{"Length":2.887697,"Height":4.015222,"Demand":1.0,"DemandMax":null,"Value":11.594744523733999},{"Length":4.673625,"Height":2.48077,"Demand":1.0,"DemandMax":null,"Value":11.594188691250002},{"Length":4.664475,"Height":2.48077,"Demand":1.0,"DemandMax":null,"Value":11.57148964575},{"Length":3.246866,"Height":3.562711,"Demand":1.0,"DemandMax":null,"Value":11.567645213726},{"Length":4.398289,"Height":2.629626,"Demand":1.0,"DemandMax":null,"Value":11.565855109914},{"Length":5.142858,"Height":2.248182,"Demand":1.0,"DemandMax":null,"Value":11.562080784156}]}