{"Name":"Path43_200","Objects":[{"Length":100.0,"Height":100.0,"Stock":null,"Cost":10000.0}],"Items":[{"Length":17.62241,"Height":46.61607,"Demand":1.0,"DemandMax":null,"Value":821.48749812869994},{"Length":28.23821,"Height":24.29308,"Demand":1.0,"DemandMax":null,"Value":685.9930945868},{"Length":12.83905,"Height":39.6905,"Demand":1.0,"DemandMax":null,"Value":509.588314025},{"Length":27.04905,"Height":16.25723,"Demand":1.0,"DemandMax":null,"Value":439.7426271315},{"Length":14.3299,"Height":29.60863,"Demand":1.0,"DemandMax":null,"Value":424.28870703700005},{"Length":14.39873,"Height":27.14848,"Demand":1.0,"DemandMax":null,"Value":390.9036334304},{"Length":11.45648,"Height":32.29312,"Demand":1.0,"DemandMax":null,"Value":369.96548341760007},{"Length":6.096539,"Height":51.92538,"Demand":1.0,"DemandMax":null,"Value":316.56510425982},{"Length":4.239685,"Height":74.42985,"Demand":1.0,"DemandMax":null,"Value":315.55911859725},{"Length":5.811853,"Height":43.07412,"Demand":1.0,"DemandMax":null,"Value":250.34045354436},{"Length":21.91607,"Height":10.61158,"Demand":1.0,"DemandMax":null,"Value":232.5641300906},{"Length":6.602176,"Height":32.29312,"Demand":1.0,"DemandMax":null,"Value":213.20486182912},{"Length":18.87168,"Height":10.53833,"Demand":1.0,"DemandMax":null,"Value":198.8759914944},{"Length":11.67022,"Height":16.21712,"Demand":1.0,"DemandMax":null,"Value":189.25735816640002},{"Length":5.629661,"Height":32.29312,"Demand":1.0,"DemandMax":null,"Value":181.79931823232},{"Length":6.183219,"Height":27.14848,"Demand":1.0,"DemandMax":null,"Value":167.86499735712},{"Length":24.08126,"Height":6.247235,"Demand":1.0,"DemandMax":null,"Value":150.4412903161},{"Length":6.533543,"Height":21.8837,"Demand":1.0,"DemandMax":null,"Value":142.9780949491},{"Length":18.80424,"Height":6.418988,"Demand":1.0,"DemandMax":null,"Value":120.70419090912},{"Length":2.210257,"Height":51.92538,"Demand":1.0,"DemandMax":null,"Value":114.76843462266},{"Length":23.34114,"Height":4.882795,"Demand":1.0,"DemandMax":null,"Value":113.9700016863},{"Length":25.68463,"Height":3.679067,"Demand":1.0,"DemandMax":null,"Value":94.495474640209991},{"Length":17.62241,"Height":5.30931,"Demand":1.0,"DemandMax":null,"Value":93.562837637099989},{"Length":2.926788,"Height":28.27451,"Demand":1.0,"DemandMax":null,"Value":82.75349657388},{"Length":5.518632,"Height":14.40498,"Demand":1.0,"DemandMax":null,"Value":79.495783587360009},{"Length":5.518632,"Height":12.45202,"Demand":1.0,"DemandMax":null,"Value":68.71811603664},{"Length":6.533543,"Height":9.633552,"Demand":1.0,"DemandMax":null,"Value":62.941226234736},{"Length":1.119846,"Height":51.92538,"Demand":1.0,"DemandMax":null,"Value":58.14842909147999},{"Length":4.938818,"Height":11.55033,"Demand":1.0,"DemandMax":null,"Value":57.044977709940007},{"Length":2.173025,"Height":24.27732,"Demand":1.0,"DemandMax":null,"Value":52.755223293},{"Length":5.668844,"Height":8.331519,"Demand":1.0,"DemandMax":null,"Value":47.230081494036},{"Length":26.71781,"Height":1.668485,"Demand":1.0,"DemandMax":null,"Value":44.57826521785},{"Length":16.57113,"Height":2.674121,"Demand":1.0,"DemandMax":null,"Value":44.31320672673},{"Length":40.47305,"Height":1.05633,"Demand":1.0,"DemandMax":null,"Value":42.7528969065},{"Length":2.300945,"Height":18.52151,"Demand":1.0,"DemandMax":null,"Value":42.61697582695},{"Length":26.71781,"Height":1.573403,"Demand":1.0,"DemandMax":null,"Value":42.037882407430004},{"Length":26.71781,"Height":1.566134,"Demand":1.0,"DemandMax":null,"Value":41.84367064654},{"Length":1.675339,"Height":24.27732,"Demand":1.0,"DemandMax":null,"Value":40.67274101148},{"Length":4.697632,"Height":8.585252,"Demand":1.0,"DemandMax":null,"Value":40.330354523264},{"Length":4.69542,"Height":8.331519,"Demand":1.0,"DemandMax":null,"Value":39.119980942980007},{"Length":14.3299,"Height":2.684491,"Demand":1.0,"DemandMax":null,"Value":38.4684875809},{"Length":32.63058,"Height":1.160732,"Demand":1.0,"DemandMax":null,"Value":37.87535838456},{"Length":5.626073,"Height":6.418988,"Demand":1.0,"DemandMax":null,"Value":36.113695074123996},{"Length":7.181417,"Height":5.027483,"Demand":1.0,"DemandMax":null,"Value":36.104451883411},{"Length":1.334213,"Height":26.857,"Demand":1.0,"DemandMax":null,"Value":35.832958541},{"Length":26.71781,"Height":1.295244,"Demand":1.0,"DemandMax":null,"Value":34.60608309564},{"Length":3.934233,"Height":8.331519,"Demand":1.0,"DemandMax":null,"Value":32.778136989927},{"Length":15.97949,"Height":2.024342,"Demand":1.0,"DemandMax":null,"Value":32.347952745579995},{"Length":12.83905,"Height":2.498207,"Demand":1.0,"DemandMax":null,"Value":32.07460458335},{"Length":1.016021,"Height":28.956,"Demand":1.0,"DemandMax":null,"Value":29.419904076},{"Length":36.32175,"Height":0.7550737,"Demand":1.0,"DemandMax":null,"Value":27.425598162975},{"Length":16.63871,"Height":1.633136,"Demand":1.0,"DemandMax":null,"Value":27.173276294559997},{"Length":8.976151,"Height":3.013643,"Demand":1.0,"DemandMax":null,"Value":27.050914628093},{"Length":7.96798,"Height":3.376342,"Demand":1.0,"DemandMax":null,"Value":26.90262552916},{"Length":2.51424,"Height":10.61158,"Demand":1.0,"DemandMax":null,"Value":26.6800588992},{"Length":3.936965,"Height":6.652807,"Demand":1.0,"DemandMax":null,"Value":26.191868310754998},{"Length":32.63058,"Height":0.7850392,"Demand":1.0,"DemandMax":null,"Value":25.616284418736004},{"Length":8.976151,"Height":2.783887,"Demand":1.0,"DemandMax":null,"Value":24.988590078936998},{"Length":13.88708,"Height":1.794702,"Demand":1.0,"DemandMax":null,"Value":24.92317025016},{"Length":4.465373,"Height":5.557378,"Demand":1.0,"DemandMax":null,"Value":24.815765671993997},{"Length":8.795296,"Height":2.817378,"Demand":1.0,"DemandMax":null,"Value":24.779673453888},{"Length":10.26638,"Height":2.353361,"Demand":1.0,"DemandMax":null,"Value":24.16049830318},{"Length":14.70485,"Height":1.634846,"Demand":1.0,"DemandMax":null,"Value":24.040165203100003},{"Length":32.63058,"Height":0.7353172,"Demand":1.0,"DemandMax":null,"Value":23.993826719976003},{"Length":7.480831,"Height":3.09419,"Demand":1.0,"DemandMax":null,"Value":23.14711247189},{"Length":5.604106,"Height":4.116546,"Demand":1.0,"DemandMax":null,"Value":23.069560137875996},{"Length":14.04924,"Height":1.64114,"Demand":1.0,"DemandMax":null,"Value":23.0567697336},{"Length":19.22449,"Height":1.197773,"Demand":1.0,"DemandMax":null,"Value":23.02657506077},{"Length":2.926788,"Height":7.738892,"Demand":1.0,"DemandMax":null,"Value":22.650096238896},{"Length":0.8379482,"Height":26.857,"Demand":1.0,"DemandMax":null,"Value":22.5047748074},{"Length":10.82846,"Height":1.998276,"Demand":1.0,"DemandMax":null,"Value":21.638251734959997},{"Length":23.34114,"Height":0.9147359,"Demand":1.0,"DemandMax":null,"Value":21.350978704926},{"Length":0.9200886,"Height":22.5869,"Demand":1.0,"DemandMax":null,"Value":20.78194919934},{"Length":30.04479,"Height":0.6699881,"Demand":1.0,"DemandMax":null,"Value":20.129651766999},{"Length":25.68463,"Height":0.7634135,"Demand":1.0,"DemandMax":null,"Value":19.607993284505},{"Length":2.300945,"Height":8.335486,"Demand":1.0,"DemandMax":null,"Value":19.17949483427},{"Length":18.87168,"Height":1.012004,"Demand":1.0,"DemandMax":null,"Value":19.09821564672},{"Length":0.6475976,"Height":29.40223,"Demand":1.0,"DemandMax":null,"Value":19.040813582648},{"Length":14.04924,"Height":1.347992,"Demand":1.0,"DemandMax":null,"Value":18.93826312608},{"Length":2.967786,"Height":6.247235,"Demand":1.0,"DemandMax":null,"Value":18.54045657171},{"Length":1.016021,"Height":17.99512,"Demand":1.0,"DemandMax":null,"Value":18.283419817520002},{"Length":40.47305,"Height":0.4491719,"Demand":1.0,"DemandMax":null,"Value":18.179356767295},{"Length":25.68463,"Height":0.6902201,"Demand":1.0,"DemandMax":null,"Value":17.728047887063},{"Length":3.397946,"Height":5.205566,"Demand":1.0,"DemandMax":null,"Value":17.688232167436002},{"Length":0.6475976,"Height":26.82392,"Demand":1.0,"DemandMax":null,"Value":17.371106214592},{"Length":40.47305,"Height":0.4279889,"Demand":1.0,"DemandMax":null,"Value":17.322016149145},{"Length":19.22449,"Height":0.8776512,"Demand":1.0,"DemandMax":null,"Value":16.872396717887998},{"Length":2.901591,"Height":5.797531,"Demand":1.0,"DemandMax":null,"Value":16.822063771821},{"Length":16.00768,"Height":1.042428,"Demand":1.0,"DemandMax":null,"Value":16.68685384704},{"Length":10.05718,"Height":1.647257,"Demand":1.0,"DemandMax":null,"Value":16.566760155260003},{"Length":10.82846,"Height":1.516007,"Demand":1.0,"DemandMax":null,"Value":16.41602115922},{"Length":2.45483,"Height":6.657454,"Demand":1.0,"DemandMax":null,"Value":16.34291780282},{"Length":26.45508,"Height":0.6126786,"Demand":1.0,"DemandMax":null,"Value":16.208461377288},{"Length":14.04924,"Height":1.153005,"Demand":1.0,"DemandMax":null,"Value":16.1988439662},{"Length":0.9200886,"Height":17.33462,"Demand":1.0,"DemandMax":null,"Value":15.949386247332},{"Length":25.52585,"Height":0.6235641,"Demand":1.0,"DemandMax":null,"Value":15.917003681984998},{"Length":30.04479,"Height":0.5276085,"Demand":1.0,"DemandMax":null,"Value":15.851886584715},{"Length":1.83591,"Height":8.585252,"Demand":1.0,"DemandMax":null,"Value":15.761749999320001},{"Length":0.7980016,"Height":19.74987,"Demand":1.0,"DemandMax":null,"Value":15.760427859792001},{"Length":21.95466,"Height":0.7127967,"Demand":1.0,"DemandMax":null,"Value":15.649209197622},{"Length":1.224193,"Height":12.65073,"Demand":1.0,"DemandMax":null,"Value":15.48693511089},{"Length":4.683374,"Height":3.277081,"Demand":1.0,"DemandMax":null,"Value":15.347795951293998},{"Length":30.04479,"Height":0.508136,"Demand":1.0,"DemandMax":null,"Value":15.266839411440001},{"Length":12.07113,"Height":1.264679,"Demand":1.0,"DemandMax":null,"Value":15.26610461727},{"Length":15.07696,"Height":1.000418,"Demand":1.0,"DemandMax":null,"Value":15.08326216928},{"Length":10.46838,"Height":1.437397,"Demand":1.0,"DemandMax":null,"Value":15.04721800686},{"Length":15.7647,"Height":0.9531462,"Demand":1.0,"DemandMax":null,"Value":15.02606389914},{"Length":0.9200886,"Height":16.30463,"Demand":1.0,"DemandMax":null,"Value":15.001704190218},{"Length":24.27564,"Height":0.6126786,"Demand":1.0,"DemandMax":null,"Value":14.873165129303999},{"Length":6.304755,"Height":2.353361,"Demand":1.0,"DemandMax":null,"Value":14.837364531555},{"Length":23.74344,"Height":0.6235641,"Demand":1.0,"DemandMax":null,"Value":14.805556794503998},{"Length":24.06128,"Height":0.614964,"Demand":1.0,"DemandMax":null,"Value":14.796820993919999},{"Length":5.482874,"Height":2.697858,"Demand":1.0,"DemandMax":null,"Value":14.792015483892},{"Length":16.63871,"Height":0.8866321,"Demand":1.0,"DemandMax":null,"Value":14.752414388591001},{"Length":1.224193,"Height":11.99535,"Demand":1.0,"DemandMax":null,"Value":14.684623502550002},{"Length":26.71781,"Height":0.5495409,"Demand":1.0,"DemandMax":null,"Value":14.682529353429},{"Length":6.065814,"Height":2.414873,"Demand":1.0,"DemandMax":null,"Value":14.648170451621999},{"Length":16.63871,"Height":0.8781052,"Demand":1.0,"DemandMax":null,"Value":14.610537772292},{"Length":10.05718,"Height":1.446933,"Demand":1.0,"DemandMax":null,"Value":14.552065628940001},{"Length":5.482874,"Height":2.645354,"Demand":1.0,"DemandMax":null,"Value":14.504142667396001},{"Length":2.173007,"Height":6.652807,"Demand":1.0,"DemandMax":null,"Value":14.456596180649},{"Length":2.45483,"Height":5.885795,"Demand":1.0,"DemandMax":null,"Value":14.448626139849999},{"Length":6.259335,"Height":2.283247,"Demand":1.0,"DemandMax":null,"Value":14.291607860745},{"Length":1.709184,"Height":8.331519,"Demand":1.0,"DemandMax":null,"Value":14.240098970496},{"Length":12.07113,"Height":1.159311,"Demand":1.0,"DemandMax":null,"Value":13.99419379143},{"Length":25.208,"Height":0.5550705,"Demand":1.0,"DemandMax":null,"Value":13.992217164},{"Length":25.68463,"Height":0.5346286,"Demand":1.0,"DemandMax":null,"Value":13.731737778418},{"Length":8.304934,"Height":1.641619,"Demand":1.0,"DemandMax":null,"Value":13.633537448145999},{"Length":18.88711,"Height":0.716785,"Demand":1.0,"DemandMax":null,"Value":13.53799714135},{"Length":10.46838,"Height":1.289373,"Demand":1.0,"DemandMax":null,"Value":13.49764652574},{"Length":2.67126,"Height":5.027483,"Demand":1.0,"DemandMax":null,"Value":13.42971423858},{"Length":5.511105,"Height":2.414552,"Demand":1.0,"DemandMax":null,"Value":13.30684959996},{"Length":8.795296,"Height":1.508348,"Demand":1.0,"DemandMax":null,"Value":13.266367131008002},{"Length":1.224193,"Height":10.73374,"Demand":1.0,"DemandMax":null,"Value":13.14016937182},{"Length":25.208,"Height":0.5177795,"Demand":1.0,"DemandMax":null,"Value":13.052185635999997},{"Length":8.795296,"Height":1.481812,"Demand":1.0,"DemandMax":null,"Value":13.032975156352},{"Length":4.465373,"Height":2.904402,"Demand":1.0,"DemandMax":null,"Value":12.969238271945999},{"Length":14.90031,"Height":0.8558426,"Demand":1.0,"DemandMax":null,"Value":12.752320051205999},{"Length":25.65451,"Height":0.4967626,"Demand":1.0,"DemandMax":null,"Value":12.744201089326},{"Length":14.04924,"Height":0.8853452,"Demand":1.0,"DemandMax":null,"Value":12.438427197648},{"Length":1.18262,"Height":10.40747,"Demand":1.0,"DemandMax":null,"Value":12.3080821714},{"Length":6.736867,"Height":1.792523,"Demand":1.0,"DemandMax":null,"Value":12.075989045441},{"Length":13.49563,"Height":0.89464,"Demand":1.0,"DemandMax":null,"Value":12.0737304232},{"Length":5.604106,"Height":2.123763,"Demand":1.0,"DemandMax":null,"Value":11.901792970877999},{"Length":12.47351,"Height":0.9531462,"Demand":1.0,"DemandMax":null,"Value":11.889078657161999},{"Length":4.683374,"Height":2.52045,"Demand":1.0,"DemandMax":null,"Value":11.8042099983},{"Length":0.8411152,"Height":13.9224,"Demand":1.0,"DemandMax":null,"Value":11.71034226048},{"Length":1.736656,"Height":6.652807,"Demand":1.0,"DemandMax":null,"Value":11.553637193392},{"Length":8.795296,"Height":1.309841,"Demand":1.0,"DemandMax":null,"Value":11.520439307936002},{"Length":13.3379,"Height":0.8558426,"Demand":1.0,"DemandMax":null,"Value":11.41514301454},{"Length":1.528967,"Height":7.456939,"Demand":1.0,"DemandMax":null,"Value":11.401413652013},{"Length":12.83905,"Height":0.885414,"Demand":1.0,"DemandMax":null,"Value":11.3678746167},{"Length":13.49563,"Height":0.8347186,"Demand":1.0,"DemandMax":null,"Value":11.265053379718},{"Length":0.6916047,"Height":16.21712,"Demand":1.0,"DemandMax":null,"Value":11.215836412464},{"Length":25.68463,"Height":0.4363349,"Demand":1.0,"DemandMax":null,"Value":11.207100462587},{"Length":11.79755,"Height":0.9423693,"Demand":1.0,"DemandMax":null,"Value":11.117648935215},{"Length":30.04479,"Height":0.3696921,"Demand":1.0,"DemandMax":null,"Value":11.107321509159},{"Length":3.848364,"Height":2.871163,"Demand":1.0,"DemandMax":null,"Value":11.049280327332001},{"Length":1.18262,"Height":9.342397,"Demand":1.0,"DemandMax":null,"Value":11.04850554014},{"Length":24.06128,"Height":0.457886,"Demand":1.0,"DemandMax":null,"Value":11.01732325408},{"Length":15.07696,"Height":0.7289401,"Demand":1.0,"DemandMax":null,"Value":10.990200730096},{"Length":0.947196,"Height":11.55033,"Demand":1.0,"DemandMax":null,"Value":10.940426374680001},{"Length":0.8411152,"Height":12.9346,"Demand":1.0,"DemandMax":null,"Value":10.879488665919999},{"Length":2.084929,"Height":5.205566,"Demand":1.0,"DemandMax":null,"Value":10.853235514814},{"Length":1.224193,"Height":8.799228,"Demand":1.0,"DemandMax":null,"Value":10.771953323004},{"Length":1.528967,"Height":7.042528,"Demand":1.0,"DemandMax":null,"Value":10.767792908576},{"Length":4.718434,"Height":2.276978,"Demand":1.0,"DemandMax":null,"Value":10.743770412452001},{"Length":6.736867,"Height":1.583819,"Demand":1.0,"DemandMax":null,"Value":10.669977955073001},{"Length":1.510639,"Height":7.060722,"Demand":1.0,"DemandMax":null,"Value":10.666202021358},{"Length":4.402569,"Height":2.414873,"Demand":1.0,"DemandMax":null,"Value":10.631645008737},{"Length":5.511105,"Height":1.923089,"Demand":1.0,"DemandMax":null,"Value":10.598345403345},{"Length":6.399914,"Height":1.641619,"Demand":1.0,"DemandMax":null,"Value":10.506220420765999},{"Length":4.569126,"Height":2.283247,"Demand":1.0,"DemandMax":null,"Value":10.432443232121999},{"Length":0.896818,"Height":11.55033,"Demand":1.0,"DemandMax":null,"Value":10.35854384994},{"Length":28.77606,"Height":0.3595244,"Demand":1.0,"DemandMax":null,"Value":10.345695705864001},{"Length":28.77606,"Height":0.3532723,"Demand":1.0,"DemandMax":null,"Value":10.165784901138},{"Length":8.795296,"Height":1.154421,"Demand":1.0,"DemandMax":null,"Value":10.153474403616},{"Length":11.79755,"Height":0.8523323,"Demand":1.0,"DemandMax":null,"Value":10.055432925865},{"Length":10.46838,"Height":0.9588029,"Demand":1.0,"DemandMax":null,"Value":10.037113102302},{"Length":1.416148,"Height":7.060722,"Demand":1.0,"DemandMax":null,"Value":9.999027338856},{"Length":7.282819,"Height":1.364832,"Demand":1.0,"DemandMax":null,"Value":9.939824421408},{"Length":7.228074,"Height":1.364832,"Demand":1.0,"DemandMax":null,"Value":9.865106693568},{"Length":13.74347,"Height":0.716785,"Demand":1.0,"DemandMax":null,"Value":9.85111314395},{"Length":6.533543,"Height":1.496914,"Demand":1.0,"DemandMax":null,"Value":9.780151986302},{"Length":12.94753,"Height":0.7550737,"Demand":1.0,"DemandMax":null,"Value":9.776339382961},{"Length":3.158681,"Height":3.09419,"Demand":1.0,"DemandMax":null,"Value":9.77355916339},{"Length":5.511105,"Height":1.762804,"Demand":1.0,"DemandMax":null,"Value":9.71499793842},{"Length":7.113118,"Height":1.364832,"Demand":1.0,"DemandMax":null,"Value":9.708211066176},{"Length":6.533543,"Height":1.474702,"Demand":1.0,"DemandMax":null,"Value":9.635028929186},{"Length":1.528967,"Height":6.289289,"Demand":1.0,"DemandMax":null,"Value":9.616115334463},{"Length":8.140646,"Height":1.17483,"Demand":1.0,"DemandMax":null,"Value":9.56387514018},{"Length":6.948583,"Height":1.364832,"Demand":1.0,"DemandMax":null,"Value":9.483648433056},{"Length":3.908358,"Height":2.42399,"Demand":1.0,"DemandMax":null,"Value":9.47382070842},{"Length":1.016021,"Height":9.275029,"Demand":1.0,"DemandMax":null,"Value":9.4236242396090013},{"Length":0.4742083,"Height":19.74987,"Demand":1.0,"DemandMax":null,"Value":9.365552277921001},{"Length":4.465373,"Height":2.086997,"Demand":1.0,"DemandMax":null,"Value":9.319220054881},{"Length":5.604106,"Height":1.658056,"Demand":1.0,"DemandMax":null,"Value":9.291921577936},{"Length":4.076862,"Height":2.276978,"Demand":1.0,"DemandMax":null,"Value":9.2829250830360017},{"Length":1.528967,"Height":6.068244,"Demand":1.0,"DemandMax":null,"Value":9.2781448239479989},{"Length":7.867035,"Height":1.17483,"Demand":1.0,"DemandMax":null,"Value":9.24242872905}]}