{"Name":"Path10_500","Objects":[{"Length":100.0,"Height":100.0,"Stock":null,"Cost":10000.0}],"Items":[{"Length":71.48324,"Height":6.369323,"Demand":1.0,"DemandMax":null,"Value":455.29984464651994},{"Length":71.48324,"Height":5.309898,"Demand":1.0,"DemandMax":null,"Value":379.56871310951993},{"Length":61.00597,"Height":5.577812,"Demand":1.0,"DemandMax":null,"Value":340.27983153763995},{"Length":18.11148,"Height":12.79375,"Demand":1.0,"DemandMax":null,"Value":231.71374724999998},{"Length":47.92937,"Height":4.150489,"Demand":1.0,"DemandMax":null,"Value":198.93032296193002},{"Length":87.09244,"Height":2.00189,"Demand":1.0,"DemandMax":null,"Value":174.34948471159999},{"Length":20.78605,"Height":8.074664,"Demand":1.0,"DemandMax":null,"Value":167.8403696372},{"Length":39.16307,"Height":4.150489,"Demand":1.0,"DemandMax":null,"Value":162.54589124123},{"Length":10.91279,"Height":12.54218,"Demand":1.0,"DemandMax":null,"Value":136.87017648219998},{"Length":10.25627,"Height":11.68517,"Demand":1.0,"DemandMax":null,"Value":119.8462585159},{"Length":25.40019,"Height":4.659333,"Demand":1.0,"DemandMax":null,"Value":118.34794347326999},{"Length":87.09244,"Height":1.335133,"Demand":1.0,"DemandMax":null,"Value":116.27999069451998},{"Length":77.27766,"Height":1.500132,"Demand":1.0,"DemandMax":null,"Value":115.92669065112},{"Length":22.78417,"Height":4.593804,"Demand":1.0,"DemandMax":null,"Value":104.66601128268},{"Length":87.09244,"Height":1.164315,"Demand":1.0,"DemandMax":null,"Value":101.40303427859999},{"Length":13.86169,"Height":6.803973,"Demand":1.0,"DemandMax":null,"Value":94.31456449437},{"Length":66.50224,"Height":1.274142,"Demand":1.0,"DemandMax":null,"Value":84.733297078080014},{"Length":12.22478,"Height":6.803973,"Demand":1.0,"DemandMax":null,"Value":83.17707305094001},{"Length":38.46421,"Height":2.083214,"Demand":1.0,"DemandMax":null,"Value":80.12918077094},{"Length":26.33038,"Height":2.923126,"Demand":1.0,"DemandMax":null,"Value":76.96701836788},{"Length":7.577763,"Height":9.990853,"Demand":1.0,"DemandMax":null,"Value":75.708316201839},{"Length":61.00597,"Height":1.226161,"Demand":1.0,"DemandMax":null,"Value":74.80314118117},{"Length":21.08667,"Height":3.256414,"Demand":1.0,"DemandMax":null,"Value":68.666927401380008},{"Length":12.33636,"Height":5.405581,"Demand":1.0,"DemandMax":null,"Value":66.68519322516},{"Length":34.52308,"Height":1.792258,"Demand":1.0,"DemandMax":null,"Value":61.874266314639996},{"Length":9.95518,"Height":6.195595,"Demand":1.0,"DemandMax":null,"Value":61.6782634321},{"Length":4.697025,"Height":12.54218,"Demand":1.0,"DemandMax":null,"Value":58.9109330145},{"Length":48.00137,"Height":1.221331,"Demand":1.0,"DemandMax":null,"Value":58.62556122347},{"Length":6.571517,"Height":8.074664,"Demand":1.0,"DemandMax":null,"Value":53.062791745288},{"Length":6.379191,"Height":8.059946,"Demand":1.0,"DemandMax":null,"Value":51.415934983686},{"Length":7.206027,"Height":6.402693,"Demand":1.0,"DemandMax":null,"Value":46.137978630711},{"Length":11.3713,"Height":4.048265,"Demand":1.0,"DemandMax":null,"Value":46.0340357945},{"Length":15.56257,"Height":2.923126,"Demand":1.0,"DemandMax":null,"Value":45.491352993819994},{"Length":9.95518,"Height":4.239412,"Demand":1.0,"DemandMax":null,"Value":42.20410955416},{"Length":10.11176,"Height":4.119782,"Demand":1.0,"DemandMax":null,"Value":41.65824683632},{"Length":15.01335,"Height":2.743063,"Demand":1.0,"DemandMax":null,"Value":41.18256489105},{"Length":17.46035,"Height":2.338001,"Demand":1.0,"DemandMax":null,"Value":40.82231576035},{"Length":17.46035,"Height":2.321332,"Demand":1.0,"DemandMax":null,"Value":40.531269186199992},{"Length":18.80614,"Height":2.110789,"Demand":1.0,"DemandMax":null,"Value":39.69579344446},{"Length":10.64877,"Height":3.560891,"Demand":1.0,"DemandMax":null,"Value":37.91910925407},{"Length":58.99392,"Height":0.6373772,"Demand":1.0,"DemandMax":null,"Value":37.601379546624},{"Length":6.982141,"Height":5.285926,"Demand":1.0,"DemandMax":null,"Value":36.907080647566},{"Length":3.69963,"Height":9.935993,"Demand":1.0,"DemandMax":null,"Value":36.759497782589996},{"Length":12.06378,"Height":2.923126,"Demand":1.0,"DemandMax":null,"Value":35.26394897628},{"Length":11.8924,"Height":2.957894,"Demand":1.0,"DemandMax":null,"Value":35.176458605600004},{"Length":7.296071,"Height":4.616301,"Demand":1.0,"DemandMax":null,"Value":33.680859853371004},{"Length":18.80614,"Height":1.783642,"Demand":1.0,"DemandMax":null,"Value":33.54342116188},{"Length":14.3104,"Height":2.258341,"Demand":1.0,"DemandMax":null,"Value":32.3177630464},{"Length":38.46421,"Height":0.8239567,"Demand":1.0,"DemandMax":null,"Value":31.692843539707},{"Length":15.31289,"Height":1.84091,"Demand":1.0,"DemandMax":null,"Value":28.1896523299},{"Length":11.35752,"Height":2.478646,"Demand":1.0,"DemandMax":null,"Value":28.151271517919998},{"Length":17.19685,"Height":1.630736,"Demand":1.0,"DemandMax":null,"Value":28.043522381600003},{"Length":27.22472,"Height":1.023969,"Demand":1.0,"DemandMax":null,"Value":27.87726931368},{"Length":20.32537,"Height":1.36915,"Demand":1.0,"DemandMax":null,"Value":27.8284803355},{"Length":5.047086,"Height":5.405581,"Demand":1.0,"DemandMax":null,"Value":27.282432186966},{"Length":7.49341,"Height":3.566299,"Demand":1.0,"DemandMax":null,"Value":26.723740589589998},{"Length":4.798045,"Height":5.405581,"Demand":1.0,"DemandMax":null,"Value":25.936220889144998},{"Length":2.623411,"Height":9.72753,"Demand":1.0,"DemandMax":null,"Value":25.519309204829998},{"Length":7.206027,"Height":3.5333,"Demand":1.0,"DemandMax":null,"Value":25.4610551991},{"Length":4.716134,"Height":5.392445,"Demand":1.0,"DemandMax":null,"Value":25.43149320763},{"Length":3.068102,"Height":8.2579,"Demand":1.0,"DemandMax":null,"Value":25.336079505799997},{"Length":12.14742,"Height":2.078129,"Demand":1.0,"DemandMax":null,"Value":25.243905777180004},{"Length":1.755177,"Height":14.37178,"Demand":1.0,"DemandMax":null,"Value":25.225017705059997},{"Length":4.711408,"Height":5.285926,"Demand":1.0,"DemandMax":null,"Value":24.904154043808},{"Length":4.660182,"Height":5.3281,"Demand":1.0,"DemandMax":null,"Value":24.8299157142},{"Length":34.52308,"Height":0.706153,"Demand":1.0,"DemandMax":null,"Value":24.378576511240002},{"Length":2.085091,"Height":11.67922,"Demand":1.0,"DemandMax":null,"Value":24.35223650902},{"Length":11.26206,"Height":2.11724,"Demand":1.0,"DemandMax":null,"Value":23.844483914399998},{"Length":25.01097,"Height":0.9153072,"Demand":1.0,"DemandMax":null,"Value":22.892720919984},{"Length":15.18621,"Height":1.492368,"Demand":1.0,"DemandMax":null,"Value":22.66341384528},{"Length":15.63993,"Height":1.447471,"Demand":1.0,"DemandMax":null,"Value":22.63834511703},{"Length":18.80614,"Height":1.194234,"Demand":1.0,"DemandMax":null,"Value":22.458931796759998},{"Length":2.950412,"Height":7.488557,"Demand":1.0,"DemandMax":null,"Value":22.094328435484},{"Length":3.848682,"Height":5.728607,"Demand":1.0,"DemandMax":null,"Value":22.047586645974},{"Length":4.687012,"Height":4.593804,"Demand":1.0,"DemandMax":null,"Value":21.531214473648003},{"Length":18.80614,"Height":1.135003,"Demand":1.0,"DemandMax":null,"Value":21.34502531842},{"Length":14.88832,"Height":1.418458,"Demand":1.0,"DemandMax":null,"Value":21.11845661056},{"Length":8.06241,"Height":2.576547,"Demand":1.0,"DemandMax":null,"Value":20.77317829827},{"Length":25.28464,"Height":0.8100941,"Demand":1.0,"DemandMax":null,"Value":20.482937684624},{"Length":15.41689,"Height":1.326221,"Demand":1.0,"DemandMax":null,"Value":20.446203272690003},{"Length":5.820336,"Height":3.496585,"Demand":1.0,"DemandMax":null,"Value":20.35129955256},{"Length":7.849826,"Height":2.576547,"Demand":1.0,"DemandMax":null,"Value":20.225445630822},{"Length":1.587037,"Height":12.54218,"Demand":1.0,"DemandMax":null,"Value":19.904903720660002},{"Length":4.860852,"Height":4.089095,"Demand":1.0,"DemandMax":null,"Value":19.876485608940005},{"Length":3.568935,"Height":5.564764,"Demand":1.0,"DemandMax":null,"Value":19.860281006340003},{"Length":38.23672,"Height":0.5053738,"Demand":1.0,"DemandMax":null,"Value":19.323836485936},{"Length":15.79453,"Height":1.221331,"Demand":1.0,"DemandMax":null,"Value":19.290349119429997},{"Length":9.773479,"Height":1.965782,"Demand":1.0,"DemandMax":null,"Value":19.212529095578},{"Length":7.747117,"Height":2.478646,"Demand":1.0,"DemandMax":null,"Value":19.202360563582},{"Length":13.06345,"Height":1.455377,"Demand":1.0,"DemandMax":null,"Value":19.01224467065},{"Length":2.622685,"Height":7.21863,"Demand":1.0,"DemandMax":null,"Value":18.93219262155},{"Length":2.028508,"Height":9.328077,"Demand":1.0,"DemandMax":null,"Value":18.922078819116},{"Length":2.282342,"Height":8.2579,"Demand":1.0,"DemandMax":null,"Value":18.847352001799997},{"Length":2.597618,"Height":7.182016,"Demand":1.0,"DemandMax":null,"Value":18.656134037888002},{"Length":25.13065,"Height":0.7397201,"Demand":1.0,"DemandMax":null,"Value":18.589646931064998},{"Length":0.8556714,"Height":21.67602,"Demand":1.0,"DemandMax":null,"Value":18.547550379828},{"Length":3.892438,"Height":4.761731,"Demand":1.0,"DemandMax":null,"Value":18.534742690178},{"Length":2.577387,"Height":7.182016,"Demand":1.0,"DemandMax":null,"Value":18.510834672192},{"Length":1.842585,"Height":9.990853,"Demand":1.0,"DemandMax":null,"Value":18.408995875004997},{"Length":6.136743,"Height":2.979754,"Demand":1.0,"DemandMax":null,"Value":18.285984501222},{"Length":6.596791,"Height":2.740725,"Demand":1.0,"DemandMax":null,"Value":18.079990013474998},{"Length":12.73573,"Height":1.418458,"Demand":1.0,"DemandMax":null,"Value":18.06509810434},{"Length":19.05955,"Height":0.9477512,"Demand":1.0,"DemandMax":null,"Value":18.06371138396},{"Length":1.848445,"Height":9.671364,"Demand":1.0,"DemandMax":null,"Value":17.87698442898},{"Length":25.02098,"Height":0.7141271,"Demand":1.0,"DemandMax":null,"Value":17.868159886558},{"Length":5.092613,"Height":3.502797,"Demand":1.0,"DemandMax":null,"Value":17.838389538561},{"Length":7.17758,"Height":2.478646,"Demand":1.0,"DemandMax":null,"Value":17.79067995668},{"Length":8.653426,"Height":2.053134,"Demand":1.0,"DemandMax":null,"Value":17.766643137084},{"Length":10.9215,"Height":1.623309,"Demand":1.0,"DemandMax":null,"Value":17.7289692435},{"Length":29.87932,"Height":0.5923318,"Demand":1.0,"DemandMax":null,"Value":17.698471398376},{"Length":23.64064,"Height":0.7447867,"Demand":1.0,"DemandMax":null,"Value":17.607234251488002},{"Length":6.720745,"Height":2.619294,"Demand":1.0,"DemandMax":null,"Value":17.60360705403},{"Length":11.75447,"Height":1.492368,"Demand":1.0,"DemandMax":null,"Value":17.541994884959998},{"Length":6.779794,"Height":2.576547,"Demand":1.0,"DemandMax":null,"Value":17.468457891318},{"Length":1.830773,"Height":9.50164,"Demand":1.0,"DemandMax":null,"Value":17.39534596772},{"Length":7.902716,"Height":2.188191,"Demand":1.0,"DemandMax":null,"Value":17.292652026756002},{"Length":7.090253,"Height":2.431616,"Demand":1.0,"DemandMax":null,"Value":17.240772638848},{"Length":6.938822,"Height":2.478646,"Demand":1.0,"DemandMax":null,"Value":17.198883395012},{"Length":2.809614,"Height":6.102754,"Demand":1.0,"DemandMax":null,"Value":17.146383076956},{"Length":1.911715,"Height":8.817715,"Demand":1.0,"DemandMax":null,"Value":16.856958031225},{"Length":6.596791,"Height":2.545201,"Demand":1.0,"DemandMax":null,"Value":16.790159049991},{"Length":6.729802,"Height":2.491889,"Demand":1.0,"DemandMax":null,"Value":16.769919575978},{"Length":1.764653,"Height":9.488463,"Demand":1.0,"DemandMax":null,"Value":16.743844698339},{"Length":4.664122,"Height":3.560891,"Demand":1.0,"DemandMax":null,"Value":16.608430052701998},{"Length":2.623411,"Height":6.263992,"Demand":1.0,"DemandMax":null,"Value":16.433025516712},{"Length":6.379191,"Height":2.56714,"Demand":1.0,"DemandMax":null,"Value":16.37627638374},{"Length":2.720846,"Height":6.002698,"Demand":1.0,"DemandMax":null,"Value":16.332416842508},{"Length":8.551703,"Height":1.904354,"Demand":1.0,"DemandMax":null,"Value":16.285469814862},{"Length":6.549726,"Height":2.478646,"Demand":1.0,"DemandMax":null,"Value":16.234452150996},{"Length":1.964157,"Height":8.2579,"Demand":1.0,"DemandMax":null,"Value":16.2198120903},{"Length":19.12633,"Height":0.8471868,"Demand":1.0,"DemandMax":null,"Value":16.203574308444},{"Length":3.09493,"Height":5.149935,"Demand":1.0,"DemandMax":null,"Value":15.93868832955},{"Length":13.39947,"Height":1.187911,"Demand":1.0,"DemandMax":null,"Value":15.91737780717},{"Length":2.247821,"Height":7.058623,"Demand":1.0,"DemandMax":null,"Value":15.866521010483},{"Length":19.5737,"Height":0.8100941,"Demand":1.0,"DemandMax":null,"Value":15.85653888517},{"Length":9.382814,"Height":1.682303,"Demand":1.0,"DemandMax":null,"Value":15.784736140642},{"Length":6.136743,"Height":2.553867,"Demand":1.0,"DemandMax":null,"Value":15.672425435181},{"Length":11.91735,"Height":1.312093,"Demand":1.0,"DemandMax":null,"Value":15.63667151355},{"Length":8.193257,"Height":1.907059,"Demand":1.0,"DemandMax":null,"Value":15.625024501162999},{"Length":14.19501,"Height":1.091473,"Demand":1.0,"DemandMax":null,"Value":15.49347014973},{"Length":5.241348,"Height":2.930341,"Demand":1.0,"DemandMax":null,"Value":15.358936939668},{"Length":18.80614,"Height":0.8156663,"Demand":1.0,"DemandMax":null,"Value":15.339534631081998},{"Length":3.338424,"Height":4.593804,"Demand":1.0,"DemandMax":null,"Value":15.336065524896},{"Length":2.108473,"Height":7.251145,"Demand":1.0,"DemandMax":null,"Value":15.288843451585},{"Length":19.72599,"Height":0.7698354,"Demand":1.0,"DemandMax":null,"Value":15.185765402045998},{"Length":15.31289,"Height":0.9905602,"Demand":1.0,"DemandMax":null,"Value":15.168339380977999},{"Length":4.998974,"Height":3.02608,"Demand":1.0,"DemandMax":null,"Value":15.127295241919999},{"Length":5.346171,"Height":2.828437,"Demand":1.0,"DemandMax":null,"Value":15.121307864727001},{"Length":5.108162,"Height":2.957894,"Demand":1.0,"DemandMax":null,"Value":15.109401730828},{"Length":10.81019,"Height":1.393179,"Demand":1.0,"DemandMax":null,"Value":15.06052969401},{"Length":16.41771,"Height":0.9143829,"Demand":1.0,"DemandMax":null,"Value":15.012073281159},{"Length":11.91735,"Height":1.259345,"Demand":1.0,"DemandMax":null,"Value":15.00805513575},{"Length":3.726856,"Height":4.023396,"Demand":1.0,"DemandMax":null,"Value":14.994617522976},{"Length":3.716182,"Height":4.023396,"Demand":1.0,"DemandMax":null,"Value":14.951671794071999},{"Length":3.692419,"Height":4.048265,"Demand":1.0,"DemandMax":null,"Value":14.947890603034999},{"Length":2.654517,"Height":5.618675,"Demand":1.0,"DemandMax":null,"Value":14.914868304974998},{"Length":3.128913,"Height":4.761731,"Demand":1.0,"DemandMax":null,"Value":14.899042028403},{"Length":8.193257,"Height":1.815562,"Demand":1.0,"DemandMax":null,"Value":14.875366065433997},{"Length":9.814781,"Height":1.500132,"Demand":1.0,"DemandMax":null,"Value":14.723467051092},{"Length":2.037497,"Height":7.21863,"Demand":1.0,"DemandMax":null,"Value":14.707936969110001},{"Length":7.42337,"Height":1.965782,"Demand":1.0,"DemandMax":null,"Value":14.59272712534},{"Length":6.513474,"Height":2.233603,"Demand":1.0,"DemandMax":null,"Value":14.548515066822},{"Length":7.657324,"Height":1.881709,"Demand":1.0,"DemandMax":null,"Value":14.408855486716},{"Length":3.022786,"Height":4.761731,"Demand":1.0,"DemandMax":null,"Value":14.393693802566},{"Length":1.676427,"Height":8.552844,"Demand":1.0,"DemandMax":null,"Value":14.338218608387999},{"Length":19.2199,"Height":0.7447867,"Demand":1.0,"DemandMax":null,"Value":14.31472589533},{"Length":2.209791,"Height":6.475336,"Demand":1.0,"DemandMax":null,"Value":14.309139214776002},{"Length":25.74045,"Height":0.5527498,"Demand":1.0,"DemandMax":null,"Value":14.228028589409998},{"Length":18.80614,"Height":0.754782,"Demand":1.0,"DemandMax":null,"Value":14.194535961479998},{"Length":8.421777,"Height":1.685244,"Demand":1.0,"DemandMax":null,"Value":14.192749158588},{"Length":20.69211,"Height":0.6850929,"Demand":1.0,"DemandMax":null,"Value":14.176017647019},{"Length":4.603344,"Height":3.061603,"Demand":1.0,"DemandMax":null,"Value":14.093611800431999},{"Length":2.150306,"Height":6.544032,"Demand":1.0,"DemandMax":null,"Value":14.071671273792},{"Length":26.09238,"Height":0.5387231,"Demand":1.0,"DemandMax":null,"Value":14.056567839978},{"Length":18.11148,"Height":0.7758203,"Demand":1.0,"DemandMax":null,"Value":14.051253847044},{"Length":15.75963,"Height":0.8901133,"Demand":1.0,"DemandMax":null,"Value":14.027856266078999},{"Length":1.412472,"Height":9.906597,"Demand":1.0,"DemandMax":null,"Value":13.992790877784},{"Length":0.8747124,"Height":15.99152,"Demand":1.0,"DemandMax":null,"Value":13.987980838848},{"Length":5.848029,"Height":2.384555,"Demand":1.0,"DemandMax":null,"Value":13.944946792095003},{"Length":1.772889,"Height":7.834433,"Demand":1.0,"DemandMax":null,"Value":13.889580086936999},{"Length":12.87725,"Height":1.077725,"Demand":1.0,"DemandMax":null,"Value":13.87813425625},{"Length":25.71243,"Height":0.5387231,"Demand":1.0,"DemandMax":null,"Value":13.851879998133},{"Length":1.397142,"Height":9.906597,"Demand":1.0,"DemandMax":null,"Value":13.840922745774},{"Length":7.285215,"Height":1.898277,"Demand":1.0,"DemandMax":null,"Value":13.829356074555},{"Length":13.06345,"Height":1.058411,"Demand":1.0,"DemandMax":null,"Value":13.82649917795},{"Length":18.80614,"Height":0.7325419,"Demand":1.0,"DemandMax":null,"Value":13.776285527266},{"Length":18.11148,"Height":0.7518042,"Demand":1.0,"DemandMax":null,"Value":13.616286732216},{"Length":10.10696,"Height":1.341712,"Demand":1.0,"DemandMax":null,"Value":13.56062951552},{"Length":24.74924,"Height":0.5470777,"Demand":1.0,"DemandMax":null,"Value":13.539757295948},{"Length":0.9407295,"Height":14.37178,"Demand":1.0,"DemandMax":null,"Value":13.51995741351},{"Length":24.74924,"Height":0.5443951,"Demand":1.0,"DemandMax":null,"Value":13.473364984724},{"Length":2.816803,"Height":4.761731,"Demand":1.0,"DemandMax":null,"Value":13.412858165993},{"Length":4.060761,"Height":3.302735,"Demand":1.0,"DemandMax":null,"Value":13.411617481335002},{"Length":4.247624,"Height":3.131419,"Demand":1.0,"DemandMax":null,"Value":13.301090498456},{"Length":2.654517,"Height":5.008411,"Demand":1.0,"DemandMax":null,"Value":13.294912142486998},{"Length":8.90907,"Height":1.489066,"Demand":1.0,"DemandMax":null,"Value":13.26619322862},{"Length":9.189618,"Height":1.436194,"Demand":1.0,"DemandMax":null,"Value":13.198074233892},{"Length":12.14742,"Height":1.084231,"Demand":1.0,"DemandMax":null,"Value":13.17060933402},{"Length":2.848577,"Height":4.616301,"Demand":1.0,"DemandMax":null,"Value":13.149888853677},{"Length":25.01097,"Height":0.5255598,"Demand":1.0,"DemandMax":null,"Value":13.144760391006},{"Length":18.30685,"Height":0.7141271,"Demand":1.0,"DemandMax":null,"Value":13.073417700635002},{"Length":7.801617,"Height":1.671198,"Demand":1.0,"DemandMax":null,"Value":13.038046727166},{"Length":1.652191,"Height":7.834433,"Demand":1.0,"DemandMax":null,"Value":12.943979692703},{"Length":3.79342,"Height":3.405772,"Demand":1.0,"DemandMax":null,"Value":12.919523620239998},{"Length":6.791238,"Height":1.900751,"Demand":1.0,"DemandMax":null,"Value":12.908452419738},{"Length":15.2037,"Height":0.8484609,"Demand":1.0,"DemandMax":null,"Value":12.899744985329999},{"Length":4.402904,"Height":2.922606,"Demand":1.0,"DemandMax":null,"Value":12.867953647824},{"Length":10.81019,"Height":1.186973,"Demand":1.0,"DemandMax":null,"Value":12.831403654870002},{"Length":18.01408,"Height":0.7121317,"Demand":1.0,"DemandMax":null,"Value":12.828397414336001},{"Length":10.4744,"Height":1.221062,"Demand":1.0,"DemandMax":null,"Value":12.7898918128},{"Length":14.21132,"Height":0.899518,"Demand":1.0,"DemandMax":null,"Value":12.783338143760002},{"Length":7.778268,"Height":1.637281,"Demand":1.0,"DemandMax":null,"Value":12.735210409308},{"Length":2.297423,"Height":5.53362,"Demand":1.0,"DemandMax":null,"Value":12.71306586126},{"Length":7.49341,"Height":1.694901,"Demand":1.0,"DemandMax":null,"Value":12.70058810241},{"Length":1.848445,"Height":6.839521,"Demand":1.0,"DemandMax":null,"Value":12.642478394845},{"Length":7.547961,"Height":1.669978,"Demand":1.0,"DemandMax":null,"Value":12.604928814857999},{"Length":14.11969,"Height":0.8901133,"Demand":1.0,"DemandMax":null,"Value":12.568123860877},{"Length":6.653074,"Height":1.881709,"Demand":1.0,"DemandMax":null,"Value":12.519149223466},{"Length":14.15798,"Height":0.8813792,"Demand":1.0,"DemandMax":null,"Value":12.478549086016},{"Length":10.21771,"Height":1.221062,"Demand":1.0,"DemandMax":null,"Value":12.476457408020002},{"Length":1.676427,"Height":7.438677,"Demand":1.0,"DemandMax":null,"Value":12.470398967079},{"Length":2.109324,"Height":5.904536,"Demand":1.0,"DemandMax":null,"Value":12.454579493664001},{"Length":10.06184,"Height":1.23725,"Demand":1.0,"DemandMax":null,"Value":12.449011539999999},{"Length":6.540397,"Height":1.898277,"Demand":1.0,"DemandMax":null,"Value":12.415485195969},{"Length":5.346171,"Height":2.321499,"Demand":1.0,"DemandMax":null,"Value":12.411130630329001},{"Length":8.28778,"Height":1.489066,"Demand":1.0,"DemandMax":null,"Value":12.341051413479999},{"Length":4.217336,"Height":2.923126,"Demand":1.0,"DemandMax":null,"Value":12.327804512336002},{"Length":4.215721,"Height":2.923126,"Demand":1.0,"DemandMax":null,"Value":12.323083663846},{"Length":20.5902,"Height":0.5960987,"Demand":1.0,"DemandMax":null,"Value":12.27379145274},{"Length":10.90566,"Height":1.112944,"Demand":1.0,"DemandMax":null,"Value":12.137388863039998},{"Length":6.282234,"Height":1.930634,"Demand":1.0,"DemandMax":null,"Value":12.128694556355999},{"Length":2.964996,"Height":4.089095,"Demand":1.0,"DemandMax":null,"Value":12.124150318620002},{"Length":7.547961,"Height":1.605364,"Demand":1.0,"DemandMax":null,"Value":12.117224862804},{"Length":1.466406,"Height":8.2579,"Demand":1.0,"DemandMax":null,"Value":12.1094341074},{"Length":0.7563751,"Height":15.99152,"Demand":1.0,"DemandMax":null,"Value":12.095587539152},{"Length":11.46498,"Height":1.052387,"Demand":1.0,"DemandMax":null,"Value":12.06559590726},{"Length":2.390705,"Height":5.030074,"Demand":1.0,"DemandMax":null,"Value":12.02542306217},{"Length":2.482612,"Height":4.803657,"Demand":1.0,"DemandMax":null,"Value":11.925616512084002},{"Length":11.31474,"Height":1.053612,"Demand":1.0,"DemandMax":null,"Value":11.92134584088},{"Length":15.88049,"Height":0.7489413,"Demand":1.0,"DemandMax":null,"Value":11.893554825237},{"Length":10.01937,"Height":1.179892,"Demand":1.0,"DemandMax":null,"Value":11.821774508039999},{"Length":2.852584,"Height":4.137097,"Demand":1.0,"DemandMax":null,"Value":11.801416708647999},{"Length":0.7629459,"Height":15.43445,"Demand":1.0,"DemandMax":null,"Value":11.775650346254999},{"Length":13.32975,"Height":0.8818614,"Demand":1.0,"DemandMax":null,"Value":11.75499199665},{"Length":2.207061,"Height":5.31961,"Demand":1.0,"DemandMax":null,"Value":11.74070376621},{"Length":5.240496,"Height":2.233603,"Demand":1.0,"DemandMax":null,"Value":11.705187587088},{"Length":1.140741,"Height":10.19185,"Demand":1.0,"DemandMax":null,"Value":11.626261160850001},{"Length":7.778268,"Height":1.493369,"Demand":1.0,"DemandMax":null,"Value":11.615824304892},{"Length":0.8065312,"Height":14.37178,"Demand":1.0,"DemandMax":null,"Value":11.591288969535999},{"Length":0.9491511,"Height":12.17438,"Demand":1.0,"DemandMax":null,"Value":11.555326168818},{"Length":7.723479,"Height":1.492368,"Demand":1.0,"DemandMax":null,"Value":11.526272908272},{"Length":2.161536,"Height":5.31961,"Demand":1.0,"DemandMax":null,"Value":11.498528520959999},{"Length":12.21732,"Height":0.9385141,"Demand":1.0,"DemandMax":null,"Value":11.466127084212001},{"Length":19.05955,"Height":0.6015788,"Demand":1.0,"DemandMax":null,"Value":11.46582121754},{"Length":3.911573,"Height":2.923126,"Demand":1.0,"DemandMax":null,"Value":11.434020737198},{"Length":1.764653,"Height":6.442715,"Demand":1.0,"DemandMax":null,"Value":11.369156352895},{"Length":17.35034,"Height":0.6549297,"Demand":1.0,"DemandMax":null,"Value":11.363252971097998},{"Length":17.31382,"Height":0.6549297,"Demand":1.0,"DemandMax":null,"Value":11.339334938453998},{"Length":4.998974,"Height":2.259846,"Demand":1.0,"DemandMax":null,"Value":11.296911398004},{"Length":1.062395,"Height":10.62709,"Demand":1.0,"DemandMax":null,"Value":11.290167280550001},{"Length":2.109324,"Height":5.344878,"Demand":1.0,"DemandMax":null,"Value":11.274079442471999},{"Length":3.568935,"Height":3.154377,"Demand":1.0,"DemandMax":null,"Value":11.257766478495002},{"Length":12.14742,"Height":0.9267349,"Demand":1.0,"DemandMax":null,"Value":11.257438058958},{"Length":9.064486,"Height":1.23725,"Demand":1.0,"DemandMax":null,"Value":11.2150353035},{"Length":1.583925,"Height":7.058623,"Demand":1.0,"DemandMax":null,"Value":11.180329435275},{"Length":24.17599,"Height":0.4610578,"Demand":1.0,"DemandMax":null,"Value":11.146528762222},{"Length":9.085219,"Height":1.221331,"Demand":1.0,"DemandMax":null,"Value":11.096059606489},{"Length":4.939303,"Height":2.233603,"Demand":1.0,"DemandMax":null,"Value":11.032441998709},{"Length":25.01097,"Height":0.4408345,"Demand":1.0,"DemandMax":null,"Value":11.025698454465001},{"Length":7.82547,"Height":1.401351,"Demand":1.0,"DemandMax":null,"Value":10.96623020997},{"Length":2.41772,"Height":4.52442,"Demand":1.0,"DemandMax":null,"Value":10.9387807224},{"Length":7.090253,"Height":1.542694,"Demand":1.0,"DemandMax":null,"Value":10.938090761582},{"Length":2.109324,"Height":5.155482,"Demand":1.0,"DemandMax":null,"Value":10.874581914168001},{"Length":7.822833,"Height":1.386078,"Demand":1.0,"DemandMax":null,"Value":10.843056718974},{"Length":15.2037,"Height":0.7104443,"Demand":1.0,"DemandMax":null,"Value":10.80138200391},{"Length":25.01097,"Height":0.4307491,"Demand":1.0,"DemandMax":null,"Value":10.773452817627},{"Length":3.79342,"Height":2.835224,"Demand":1.0,"DemandMax":null,"Value":10.75519542608},{"Length":14.61883,"Height":0.7356533,"Demand":1.0,"DemandMax":null,"Value":10.754390531639},{"Length":0.8816218,"Height":12.17438,"Demand":1.0,"DemandMax":null,"Value":10.733198809484},{"Length":4.568888,"Height":2.338622,"Demand":1.0,"DemandMax":null,"Value":10.684901992336},{"Length":1.911715,"Height":5.554061,"Demand":1.0,"DemandMax":null,"Value":10.617781724615},{"Length":11.42049,"Height":0.9291924,"Demand":1.0,"DemandMax":null,"Value":10.611832512275999},{"Length":10.36256,"Height":1.023969,"Demand":1.0,"DemandMax":null,"Value":10.61094020064},{"Length":1.47627,"Height":7.182016,"Demand":1.0,"DemandMax":null,"Value":10.60259476032},{"Length":11.37485,"Height":0.9316557,"Demand":1.0,"DemandMax":null,"Value":10.597443839145},{"Length":1.848969,"Height":5.728607,"Demand":1.0,"DemandMax":null,"Value":10.592016756183002},{"Length":25.31376,"Height":0.4178831,"Demand":1.0,"DemandMax":null,"Value":10.578192501456},{"Length":12.21732,"Height":0.864989,"Demand":1.0,"DemandMax":null,"Value":10.56784740948},{"Length":3.568935,"Height":2.96008,"Demand":1.0,"DemandMax":null,"Value":10.5643331148},{"Length":14.75553,"Height":0.7152866,"Demand":1.0,"DemandMax":null,"Value":10.554432884898},{"Length":14.15798,"Height":0.7443013,"Demand":1.0,"DemandMax":null,"Value":10.537802919374},{"Length":2.555092,"Height":4.089095,"Demand":1.0,"DemandMax":null,"Value":10.448013921740001},{"Length":4.096766,"Height":2.547048,"Demand":1.0,"DemandMax":null,"Value":10.434659646768},{"Length":26.80515,"Height":0.3891273,"Demand":1.0,"DemandMax":null,"Value":10.430615645595001},{"Length":15.2037,"Height":0.6859108,"Demand":1.0,"DemandMax":null,"Value":10.42838202996},{"Length":4.43362,"Height":2.350125,"Demand":1.0,"DemandMax":null,"Value":10.4195612025},{"Length":7.49341,"Height":1.389393,"Demand":1.0,"DemandMax":null,"Value":10.41129140013},{"Length":7.435997,"Height":1.393571,"Demand":1.0,"DemandMax":null,"Value":10.362589775287},{"Length":15.2037,"Height":0.6783099,"Demand":1.0,"DemandMax":null,"Value":10.31282022663},{"Length":11.68122,"Height":0.8818614,"Demand":1.0,"DemandMax":null,"Value":10.301217022908},{"Length":1.795758,"Height":5.728607,"Demand":1.0,"DemandMax":null,"Value":10.287191849106},{"Length":2.149447,"Height":4.761731,"Demand":1.0,"DemandMax":null,"Value":10.235088412757},{"Length":9.671175,"Height":1.053612,"Demand":1.0,"DemandMax":null,"Value":10.1896660341},{"Length":2.482607,"Height":4.089095,"Demand":1.0,"DemandMax":null,"Value":10.151615870665},{"Length":5.848029,"Height":1.735227,"Demand":1.0,"DemandMax":null,"Value":10.147657817583001},{"Length":1.764653,"Height":5.744845,"Demand":1.0,"DemandMax":null,"Value":10.137657963785},{"Length":9.430052,"Height":1.074955,"Demand":1.0,"DemandMax":null,"Value":10.136881547660002},{"Length":2.108524,"Height":4.803657,"Demand":1.0,"DemandMax":null,"Value":10.128626072268},{"Length":26.80515,"Height":0.3778544,"Demand":1.0,"DemandMax":null,"Value":10.12844387016},{"Length":9.250936,"Height":1.091473,"Demand":1.0,"DemandMax":null,"Value":10.097146868727998},{"Length":0.9890435,"Height":10.19185,"Demand":1.0,"DemandMax":null,"Value":10.080182995475},{"Length":0.7044101,"Height":14.30977,"Demand":1.0,"DemandMax":null,"Value":10.079946516677001},{"Length":3.79342,"Height":2.65608,"Demand":1.0,"DemandMax":null,"Value":10.0756269936},{"Length":0.6539288,"Height":15.38541,"Demand":1.0,"DemandMax":null,"Value":10.060962698808},{"Length":7.090253,"Height":1.418134,"Demand":1.0,"DemandMax":null,"Value":10.054928847902},{"Length":5.462231,"Height":1.838096,"Demand":1.0,"DemandMax":null,"Value":10.040104952176},{"Length":3.276647,"Height":3.061603,"Demand":1.0,"DemandMax":null,"Value":10.031792285141},{"Length":0.7001742,"Height":14.30977,"Demand":1.0,"DemandMax":null,"Value":10.019331761934},{"Length":15.09641,"Height":0.660953,"Demand":1.0,"DemandMax":null,"Value":9.9780174787300009},{"Length":5.930077,"Height":1.682303,"Demand":1.0,"DemandMax":null,"Value":9.976186327331},{"Length":3.398713,"Height":2.922606,"Demand":1.0,"DemandMax":null,"Value":9.9330990060779989},{"Length":4.219806,"Height":2.350125,"Demand":1.0,"DemandMax":null,"Value":9.9170715757499988},{"Length":19.05955,"Height":0.5202695,"Demand":1.0,"DemandMax":null,"Value":9.9161025487250019},{"Length":0.4567165,"Height":21.67602,"Demand":1.0,"DemandMax":null,"Value":9.899795988330002},{"Length":7.778268,"Height":1.272609,"Demand":1.0,"DemandMax":null,"Value":9.898693861212001},{"Length":6.282234,"Height":1.572163,"Demand":1.0,"DemandMax":null,"Value":9.876695852142},{"Length":8.306466,"Height":1.187911,"Demand":1.0,"DemandMax":null,"Value":9.867342332526},{"Length":3.94113,"Height":2.49841,"Demand":1.0,"DemandMax":null,"Value":9.8465586032999983},{"Length":19.72599,"Height":0.4986494,"Demand":1.0,"DemandMax":null,"Value":9.836353077906},{"Length":2.173416,"Height":4.52442,"Demand":1.0,"DemandMax":null,"Value":9.83344681872},{"Length":9.430052,"Height":1.042285,"Demand":1.0,"DemandMax":null,"Value":9.8288017488199984},{"Length":18.92875,"Height":0.5185949,"Demand":1.0,"DemandMax":null,"Value":9.816353213375},{"Length":12.08509,"Height":0.8079941,"Demand":1.0,"DemandMax":null,"Value":9.764681417969},{"Length":20.89122,"Height":0.4671682,"Demand":1.0,"DemandMax":null,"Value":9.759713643204},{"Length":7.49341,"Height":1.302179,"Demand":1.0,"DemandMax":null,"Value":9.75776114039},{"Length":15.01881,"Height":0.6488917,"Demand":1.0,"DemandMax":null,"Value":9.745581152877},{"Length":8.121666,"Height":1.199828,"Demand":1.0,"DemandMax":null,"Value":9.7446022734479989},{"Length":14.61883,"Height":0.6656975,"Demand":1.0,"DemandMax":null,"Value":9.7317185839250016},{"Length":2.985095,"Height":3.256414,"Demand":1.0,"DemandMax":null,"Value":9.72070514933},{"Length":11.37485,"Height":0.8514734,"Demand":1.0,"DemandMax":null,"Value":9.68538220399},{"Length":15.16302,"Height":0.638618,"Demand":1.0,"DemandMax":null,"Value":9.68337750636},{"Length":15.88049,"Height":0.6083536,"Demand":1.0,"DemandMax":null,"Value":9.6609532612640017},{"Length":7.274262,"Height":1.326221,"Demand":1.0,"DemandMax":null,"Value":9.6472790239020014},{"Length":2.02051,"Height":4.761731,"Demand":1.0,"DemandMax":null,"Value":9.62112510281},{"Length":1.863487,"Height":5.149935,"Demand":1.0,"DemandMax":null,"Value":9.596836923345},{"Length":6.874401,"Height":1.393571,"Demand":1.0,"DemandMax":null,"Value":9.5799658759709985},{"Length":9.189618,"Height":1.042451,"Demand":1.0,"DemandMax":null,"Value":9.579726473717999},{"Length":3.809952,"Height":2.513788,"Demand":1.0,"DemandMax":null,"Value":9.577411618175999},{"Length":2.072676,"Height":4.616301,"Demand":1.0,"DemandMax":null,"Value":9.568096291476},{"Length":19.05955,"Height":0.5018386,"Demand":1.0,"DemandMax":null,"Value":9.5648178886300013},{"Length":2.315062,"Height":4.129143,"Demand":1.0,"DemandMax":null,"Value":9.5592220518660014},{"Length":2.315062,"Height":4.128757,"Demand":1.0,"DemandMax":null,"Value":9.5583284379340014},{"Length":10.28545,"Height":0.9291924,"Demand":1.0,"DemandMax":null,"Value":9.5571619705800011},{"Length":1.02125,"Height":9.328077,"Demand":1.0,"DemandMax":null,"Value":9.52629863625},{"Length":7.393084,"Height":1.288497,"Demand":1.0,"DemandMax":null,"Value":9.525966554748},{"Length":4.26425,"Height":2.233603,"Demand":1.0,"DemandMax":null,"Value":9.52464159275},{"Length":7.393084,"Height":1.288051,"Demand":1.0,"DemandMax":null,"Value":9.5226692392840011},{"Length":7.822833,"Height":1.217201,"Demand":1.0,"DemandMax":null,"Value":9.521960150433},{"Length":1.020517,"Height":9.328077,"Demand":1.0,"DemandMax":null,"Value":9.519461155809},{"Length":3.389734,"Height":2.786287,"Demand":1.0,"DemandMax":null,"Value":9.444771777658},{"Length":1.856595,"Height":5.030074,"Demand":1.0,"DemandMax":null,"Value":9.33881023803},{"Length":3.331011,"Height":2.786287,"Demand":1.0,"DemandMax":null,"Value":9.281152646157},{"Length":17.00056,"Height":0.5451905,"Demand":1.0,"DemandMax":null,"Value":9.26854380668},{"Length":13.26009,"Height":0.6960269,"Demand":1.0,"DemandMax":null,"Value":9.229379336421},{"Length":14.15798,"Height":0.6432779,"Demand":1.0,"DemandMax":null,"Value":9.107515642642},{"Length":1.10232,"Height":8.2579,"Demand":1.0,"DemandMax":null,"Value":9.1028483279999985},{"Length":6.261684,"Height":1.447471,"Demand":1.0,"DemandMax":null,"Value":9.0636060011639987},{"Length":6.196897,"Height":1.447471,"Demand":1.0,"DemandMax":null,"Value":8.969828697487},{"Length":2.303653,"Height":3.871654,"Demand":1.0,"DemandMax":null,"Value":8.918947352062},{"Length":2.733389,"Height":3.256414,"Demand":1.0,"DemandMax":null,"Value":8.901046207045999},{"Length":17.00056,"Height":0.5203106,"Demand":1.0,"DemandMax":null,"Value":8.8455715739359988},{"Length":1.073562,"Height":8.186966,"Demand":1.0,"DemandMax":null,"Value":8.7892155928919991},{"Length":3.006217,"Height":2.923126,"Demand":1.0,"DemandMax":null,"Value":8.787551074342},{"Length":15.53243,"Height":0.5629109,"Demand":1.0,"DemandMax":null,"Value":8.743374150487},{"Length":8.108671,"Height":1.077725,"Demand":1.0,"DemandMax":null,"Value":8.738917453475},{"Length":2.133129,"Height":4.048265,"Demand":1.0,"DemandMax":null,"Value":8.635471471185},{"Length":0.8095538,"Height":10.62709,"Demand":1.0,"DemandMax":null,"Value":8.603201092442001},{"Length":13.26009,"Height":0.6456851,"Demand":1.0,"DemandMax":null,"Value":8.561842537659},{"Length":2.319119,"Height":3.649653,"Demand":1.0,"DemandMax":null,"Value":8.463979615707},{"Length":12.46738,"Height":0.6780431,"Demand":1.0,"DemandMax":null,"Value":8.453420984078},{"Length":2.040819,"Height":4.119782,"Demand":1.0,"DemandMax":null,"Value":8.407729381458},{"Length":6.010262,"Height":1.395354,"Demand":1.0,"DemandMax":null,"Value":8.386443122748},{"Length":1.073562,"Height":7.804554,"Demand":1.0,"DemandMax":null,"Value":8.3786726013479988},{"Length":5.7357,"Height":1.460261,"Demand":1.0,"DemandMax":null,"Value":8.3756190177},{"Length":2.809614,"Height":2.974549,"Demand":1.0,"DemandMax":null,"Value":8.357334514086},{"Length":0.8359249,"Height":9.990853,"Demand":1.0,"DemandMax":null,"Value":8.3516027949397},{"Length":7.543696,"Height":1.090283,"Demand":1.0,"DemandMax":null,"Value":8.224763505968},{"Length":6.005809,"Height":1.341712,"Demand":1.0,"DemandMax":null,"Value":8.058066005008},{"Length":10.87009,"Height":0.7397201,"Demand":1.0,"DemandMax":null,"Value":8.040824061809},{"Length":14.54165,"Height":0.5527498,"Demand":1.0,"DemandMax":null,"Value":8.03789412917},{"Length":1.573036,"Height":5.030074,"Demand":1.0,"DemandMax":null,"Value":7.912487484664},{"Length":1.215289,"Height":6.475336,"Demand":1.0,"DemandMax":null,"Value":7.8694046121040007},{"Length":6.418929,"Height":1.199828,"Demand":1.0,"DemandMax":null,"Value":7.701610744212},{"Length":4.8742,"Height":1.566079,"Demand":1.0,"DemandMax":null,"Value":7.6333822618000005},{"Length":2.581484,"Height":2.930341,"Demand":1.0,"DemandMax":null,"Value":7.564628406044},{"Length":2.581154,"Height":2.923126,"Demand":1.0,"DemandMax":null,"Value":7.5450383674040005},{"Length":18.11148,"Height":0.4126127,"Demand":1.0,"DemandMax":null,"Value":7.473026663796},{"Length":25.31376,"Height":0.2942486,"Demand":1.0,"DemandMax":null,"Value":7.448538440736},{"Length":1.021759,"Height":7.251145,"Demand":1.0,"DemandMax":null,"Value":7.4089226640550008},{"Length":1.026904,"Height":7.182016,"Demand":1.0,"DemandMax":null,"Value":7.375240958464},{"Length":8.193257,"Height":0.8711838,"Demand":1.0,"DemandMax":null,"Value":7.1378327676365991},{"Length":2.387328,"Height":2.986573,"Demand":1.0,"DemandMax":null,"Value":7.129929346944},{"Length":0.9832319,"Height":7.182016,"Demand":1.0,"DemandMax":null,"Value":7.0615872375104},{"Length":12.03743,"Height":0.5852185,"Demand":1.0,"DemandMax":null,"Value":7.044526728455},{"Length":0.6798292,"Height":10.19185,"Demand":1.0,"DemandMax":null,"Value":6.92871723202},{"Length":1.624115,"Height":4.119782,"Demand":1.0,"DemandMax":null,"Value":6.69099974293},{"Length":9.95518,"Height":0.6675249,"Demand":1.0,"DemandMax":null,"Value":6.645330533982},{"Length":2.120049,"Height":3.131419,"Demand":1.0,"DemandMax":null,"Value":6.638761719531},{"Length":8.421777,"Height":0.7720729,"Demand":1.0,"DemandMax":null,"Value":6.5022257915433},{"Length":8.97868,"Height":0.7152866,"Demand":1.0,"DemandMax":null,"Value":6.4223294896880008},{"Length":11.52271,"Height":0.5527498,"Demand":1.0,"DemandMax":null,"Value":6.3691756479579995},{"Length":0.4139375,"Height":15.38541,"Demand":1.0,"DemandMax":null,"Value":6.368598151875},{"Length":3.458426,"Height":1.838096,"Demand":1.0,"DemandMax":null,"Value":6.356918996896},{"Length":2.791959,"Height":2.273378,"Demand":1.0,"DemandMax":null,"Value":6.347178167502},{"Length":7.81683,"Height":0.8100941,"Demand":1.0,"DemandMax":null,"Value":6.332367863703},{"Length":1.151834,"Height":5.392445,"Demand":1.0,"DemandMax":null,"Value":6.2112014941300009},{"Length":2.109324,"Height":2.920518,"Demand":1.0,"DemandMax":null,"Value":6.160318709832},{"Length":2.303653,"Height":2.672378,"Demand":1.0,"DemandMax":null,"Value":6.1562315968340009},{"Length":5.827668,"Height":1.052387,"Demand":1.0,"DemandMax":null,"Value":6.132962043516},{"Length":5.084126,"Height":1.199828,"Demand":1.0,"DemandMax":null,"Value":6.1000767303279995},{"Length":6.190488,"Height":0.9838941,"Demand":1.0,"DemandMax":null,"Value":6.0907846193208},{"Length":13.52454,"Height":0.4502135,"Demand":1.0,"DemandMax":null,"Value":6.08893048929},{"Length":3.296667,"Height":1.838096,"Demand":1.0,"DemandMax":null,"Value":6.059590426031999},{"Length":0.3782769,"Height":15.99152,"Demand":1.0,"DemandMax":null,"Value":6.049222611888},{"Length":4.371058,"Height":1.326221,"Demand":1.0,"DemandMax":null,"Value":5.796988911818},{"Length":9.95518,"Height":0.5766891,"Demand":1.0,"DemandMax":null,"Value":5.741043794538},{"Length":14.86451,"Height":0.385463,"Demand":1.0,"DemandMax":null,"Value":5.72971861813},{"Length":0.6735921,"Height":8.471907,"Demand":1.0,"DemandMax":null,"Value":5.7066096271347},{"Length":1.733113,"Height":3.276535,"Demand":1.0,"DemandMax":null,"Value":5.6786054034549993},{"Length":0.3686717,"Height":15.38541,"Demand":1.0,"DemandMax":null,"Value":5.672165259897},{"Length":3.547577,"Height":1.566079,"Demand":1.0,"DemandMax":null,"Value":5.555785840583},{"Length":7.961834,"Height":0.6963419,"Demand":1.0,"DemandMax":null,"Value":5.5441586150446},{"Length":10.01937,"Height":0.5511432,"Demand":1.0,"DemandMax":null,"Value":5.522107643784},{"Length":8.122818,"Height":0.6780431,"Demand":1.0,"DemandMax":null,"Value":5.5076206974558009},{"Length":5.511422,"Height":0.9838941,"Demand":1.0,"DemandMax":null,"Value":5.4226555884101995},{"Length":5.143976,"Height":1.052387,"Demand":1.0,"DemandMax":null,"Value":5.4134534707120006},{"Length":1.474302,"Height":3.649653,"Demand":1.0,"DemandMax":null,"Value":5.380690717206},{"Length":6.729802,"Height":0.7931306,"Demand":1.0,"DemandMax":null,"Value":5.3376118981412},{"Length":4.563405,"Height":1.157248,"Demand":1.0,"DemandMax":null,"Value":5.2809913094400009},{"Length":6.010262,"Height":0.878024,"Demand":1.0,"DemandMax":null,"Value":5.277154282288},{"Length":14.86451,"Height":0.3542571,"Demand":1.0,"DemandMax":null,"Value":5.265858205521},{"Length":19.30797,"Height":0.2719382,"Demand":1.0,"DemandMax":null,"Value":5.250574607454},{"Length":4.060761,"Height":1.291069,"Demand":1.0,"DemandMax":null,"Value":5.242722643509},{"Length":15.16302,"Height":0.3452761,"Demand":1.0,"DemandMax":null,"Value":5.2354284098219992},{"Length":3.799408,"Height":1.370404,"Demand":1.0,"DemandMax":null,"Value":5.206723920832},{"Length":3.914688,"Height":1.326221,"Demand":1.0,"DemandMax":null,"Value":5.1917414340480006},{"Length":8.85379,"Height":0.5852185,"Demand":1.0,"DemandMax":null,"Value":5.181401703115},{"Length":7.49341,"Height":0.690397,"Demand":1.0,"DemandMax":null,"Value":5.17342778377},{"Length":11.48643,"Height":0.4502135,"Demand":1.0,"DemandMax":null,"Value":5.1713458528050005},{"Length":1.08058,"Height":4.761731,"Demand":1.0,"DemandMax":null,"Value":5.1454312839800007},{"Length":3.621473,"Height":1.418458,"Demand":1.0,"DemandMax":null,"Value":5.136907348634},{"Length":6.318751,"Height":0.8100941,"Demand":1.0,"DemandMax":null,"Value":5.1187829044691},{"Length":18.11148,"Height":0.2820247,"Demand":1.0,"DemandMax":null,"Value":5.107884713556},{"Length":1.709438,"Height":2.986573,"Demand":1.0,"DemandMax":null,"Value":5.105361375974},{"Length":0.7015136,"Height":7.251145,"Demand":1.0,"DemandMax":null,"Value":5.086776833072},{"Length":3.124512,"Height":1.623309,"Demand":1.0,"DemandMax":null,"Value":5.072048450208},{"Length":3.608219,"Height":1.401351,"Demand":1.0,"DemandMax":null,"Value":5.056381303869},{"Length":10.81019,"Height":0.4660807,"Demand":1.0,"DemandMax":null,"Value":5.0384209223330005},{"Length":5.7357,"Height":0.878361,"Demand":1.0,"DemandMax":null,"Value":5.0380151876999992},{"Length":10.01937,"Height":0.502568,"Demand":1.0,"DemandMax":null,"Value":5.03541474216},{"Length":21.55625,"Height":0.2322633,"Demand":1.0,"DemandMax":null,"Value":5.006725760625},{"Length":6.729802,"Height":0.7383759,"Demand":1.0,"DemandMax":null,"Value":4.9691236085718},{"Length":7.134571,"Height":0.6963419,"Demand":1.0,"DemandMax":null,"Value":4.9681007258248995},{"Length":2.109324,"Height":2.35061,"Demand":1.0,"DemandMax":null,"Value":4.9581980876400005},{"Length":4.541398,"Height":1.090283,"Demand":1.0,"DemandMax":null,"Value":4.951409035634},{"Length":0.3093277,"Height":15.99152,"Demand":1.0,"DemandMax":null,"Value":4.9466201011039992},{"Length":3.710452,"Height":1.327149,"Demand":1.0,"DemandMax":null,"Value":4.924322661348},{"Length":0.5952564,"Height":8.2579,"Demand":1.0,"DemandMax":null,"Value":4.91556782556},{"Length":10.44723,"Height":0.467185,"Demand":1.0,"DemandMax":null,"Value":4.88078914755},{"Length":8.643565,"Height":0.5629109,"Demand":1.0,"DemandMax":null,"Value":4.8655569533585},{"Length":14.15798,"Height":0.3435462,"Demand":1.0,"DemandMax":null,"Value":4.863920228676},{"Length":3.418639,"Height":1.418458,"Demand":1.0,"DemandMax":null,"Value":4.849195838662},{"Length":0.9359015,"Height":5.165139,"Demand":1.0,"DemandMax":null,"Value":4.8340613378085004},{"Length":1.946606,"Height":2.478646,"Demand":1.0,"DemandMax":null,"Value":4.824947175476},{"Length":7.435167,"Height":0.6488917,"Demand":1.0,"DemandMax":null,"Value":4.8246181544138995},{"Length":10.66323,"Height":0.4519949,"Demand":1.0,"DemandMax":null,"Value":4.819725577527},{"Length":7.425345,"Height":0.6488917,"Demand":1.0,"DemandMax":null,"Value":4.8182447401365},{"Length":3.870341,"Height":1.243103,"Demand":1.0,"DemandMax":null,"Value":4.811232508123},{"Length":1.535042,"Height":3.131419,"Demand":1.0,"DemandMax":null,"Value":4.8068596845980007},{"Length":3.870341,"Height":1.235543,"Demand":1.0,"DemandMax":null,"Value":4.781972730163},{"Length":19.30797,"Height":0.2466566,"Demand":1.0,"DemandMax":null,"Value":4.762438233102},{"Length":21.55625,"Height":0.2197316,"Demand":1.0,"DemandMax":null,"Value":4.7365893025},{"Length":1.733113,"Height":2.726163,"Demand":1.0,"DemandMax":null,"Value":4.724748535419},{"Length":10.45098,"Height":0.4519949,"Demand":1.0,"DemandMax":null,"Value":4.723789660002},{"Length":14.15798,"Height":0.3330909,"Demand":1.0,"DemandMax":null,"Value":4.7158943003820006},{"Length":0.9125432,"Height":5.165139,"Demand":1.0,"DemandMax":null,"Value":4.7134124715048},{"Length":1.894832,"Height":2.478646,"Demand":1.0,"DemandMax":null,"Value":4.696617757472},{"Length":0.6735921,"Height":6.962547,"Demand":1.0,"DemandMax":null,"Value":4.6899166550787},{"Length":10.44723,"Height":0.4471979,"Demand":1.0,"DemandMax":null,"Value":4.671979316817},{"Length":14.15798,"Height":0.3297458,"Demand":1.0,"DemandMax":null,"Value":4.668534441484},{"Length":3.408834,"Height":1.36915,"Demand":1.0,"DemandMax":null,"Value":4.6672050711000006},{"Length":3.320348,"Height":1.401351,"Demand":1.0,"DemandMax":null,"Value":4.652972990148},{"Length":3.710452,"Height":1.249398,"Demand":1.0,"DemandMax":null,"Value":4.635831307896},{"Length":2.809614,"Height":1.644114,"Demand":1.0,"DemandMax":null,"Value":4.619325711996},{"Length":3.988298,"Height":1.157248,"Demand":1.0,"DemandMax":null,"Value":4.615449883904},{"Length":2.827395,"Height":1.623309,"Demand":1.0,"DemandMax":null,"Value":4.589735750055},{"Length":6.791238,"Height":0.6757963,"Demand":1.0,"DemandMax":null,"Value":4.5894935128194},{"Length":3.799408,"Height":1.206144,"Demand":1.0,"DemandMax":null,"Value":4.5826331627520007},{"Length":14.21132,"Height":0.3218135,"Demand":1.0,"DemandMax":null,"Value":4.57339462882},{"Length":2.007971,"Height":2.273378,"Demand":1.0,"DemandMax":null,"Value":4.564877096038}]}