{"Name":"SCP11","Objects":[{"Length":48,"Height":27,"Stock":null,"Cost":1296}],"Items":[{"Length":14,"Height":27,"Demand":1,"DemandMax":null,"Value":378},{"Length":15,"Height":9,"Demand":1,"DemandMax":null,"Value":135},{"Length":15,"Height":14,"Demand":1,"DemandMax":null,"Value":210},{"Length":5,"Height":23,"Demand":1,"DemandMax":null,"Value":115},{"Length":11,"Height":4,"Demand":1,"DemandMax":null,"Value":44},{"Length":9,"Height":4,"Demand":1,"DemandMax":null,"Value":36},{"Length":5,"Height":9,"Demand":1,"DemandMax":null,"Value":45},{"Length":9,"Height":9,"Demand":1,"DemandMax":null,"Value":81},{"Length":14,"Height":9,"Demand":1,"DemandMax":null,"Value":126},{"Length":11,"Height":9,"Demand":1,"DemandMax":null,"Value":99}]}