{"Name":"SCP25","Objects":[{"Length":36,"Height":25,"Stock":null,"Cost":900}],"Items":[{"Length":18,"Height":12,"Demand":1,"DemandMax":null,"Value":216},{"Length":10,"Height":9,"Demand":1,"DemandMax":null,"Value":90},{"Length":8,"Height":4,"Demand":1,"DemandMax":null,"Value":32},{"Length":15,"Height":4,"Demand":1,"DemandMax":null,"Value":60},{"Length":13,"Height":5,"Demand":1,"DemandMax":null,"Value":65},{"Length":6,"Height":4,"Demand":2,"DemandMax":null,"Value":24},{"Length":5,"Height":6,"Demand":1,"DemandMax":null,"Value":30},{"Length":5,"Height":10,"Demand":1,"DemandMax":null,"Value":50},{"Length":4,"Height":9,"Demand":1,"DemandMax":null,"Value":36},{"Length":8,"Height":9,"Demand":1,"DemandMax":null,"Value":72},{"Length":6,"Height":7,"Demand":1,"DemandMax":null,"Value":42},{"Length":6,"Height":3,"Demand":1,"DemandMax":null,"Value":18},{"Length":12,"Height":3,"Demand":1,"DemandMax":null,"Value":36},{"Length":12,"Height":6,"Demand":1,"DemandMax":null,"Value":72}]}