{"Name":"SCP20","Objects":[{"Length":21,"Height":15,"Stock":null,"Cost":315}],"Items":[{"Length":7,"Height":9,"Demand":1,"DemandMax":null,"Value":63},{"Length":10,"Height":4,"Demand":1,"DemandMax":null,"Value":40},{"Length":5,"Height":4,"Demand":1,"DemandMax":null,"Value":20},{"Length":4,"Height":8,"Demand":1,"DemandMax":null,"Value":32},{"Length":3,"Height":8,"Demand":1,"DemandMax":null,"Value":24},{"Length":4,"Height":5,"Demand":2,"DemandMax":null,"Value":20},{"Length":6,"Height":4,"Demand":1,"DemandMax":null,"Value":24},{"Length":10,"Height":3,"Demand":1,"DemandMax":null,"Value":30},{"Length":5,"Height":2,"Demand":1,"DemandMax":null,"Value":10}]}