{"Name":"SCP21","Objects":[{"Length":145,"Height":30,"Stock":null,"Cost":4350}],"Items":[{"Length":10,"Height":10,"Demand":2,"DemandMax":null,"Value":100},{"Length":15,"Height":15,"Demand":2,"DemandMax":null,"Value":225},{"Length":25,"Height":10,"Demand":2,"DemandMax":null,"Value":250},{"Length":30,"Height":10,"Demand":2,"DemandMax":null,"Value":300},{"Length":55,"Height":20,"Demand":1,"DemandMax":null,"Value":1100},{"Length":45,"Height":15,"Demand":1,"DemandMax":null,"Value":675},{"Length":25,"Height":20,"Demand":1,"DemandMax":null,"Value":500}]}