{"Name":"ngcutap20","Objects":[{"Length":100,"Height":100,"Stock":null,"Cost":10000}],"Items":[{"Length":48,"Height":48,"Demand":0,"DemandMax":1,"Value":5145},{"Length":6,"Height":85,"Demand":0,"DemandMax":2,"Value":874},{"Length":100,"Height":14,"Demand":0,"DemandMax":1,"Value":2924},{"Length":17,"Height":85,"Demand":0,"DemandMax":1,"Value":3182},{"Length":69,"Height":20,"Demand":0,"DemandMax":1,"Value":2862},{"Length":12,"Height":72,"Demand":0,"DemandMax":1,"Value":1224},{"Length":5,"Height":48,"Demand":0,"DemandMax":3,"Value":531},{"Length":1,"Height":97,"Demand":0,"DemandMax":3,"Value":249},{"Length":66,"Height":36,"Demand":0,"DemandMax":2,"Value":6601},{"Length":15,"Height":53,"Demand":0,"DemandMax":1,"Value":1005},{"Length":29,"Height":80,"Demand":0,"DemandMax":3,"Value":6228},{"Length":19,"Height":77,"Demand":0,"DemandMax":1,"Value":3362},{"Length":97,"Height":7,"Demand":0,"DemandMax":1,"Value":907},{"Length":7,"Height":57,"Demand":0,"DemandMax":2,"Value":473},{"Length":63,"Height":37,"Demand":0,"DemandMax":2,"Value":6137},{"Length":71,"Height":14,"Demand":0,"DemandMax":1,"Value":1556},{"Length":3,"Height":76,"Demand":0,"DemandMax":3,"Value":313},{"Length":34,"Height":54,"Demand":0,"DemandMax":1,"Value":4123},{"Length":5,"Height":91,"Demand":0,"DemandMax":2,"Value":581},{"Length":14,"Height":87,"Demand":0,"DemandMax":1,"Value":1999},{"Length":62,"Height":28,"Demand":0,"DemandMax":3,"Value":5004},{"Length":6,"Height":7,"Demand":0,"DemandMax":3,"Value":2040},{"Length":20,"Height":71,"Demand":0,"DemandMax":1,"Value":3143},{"Length":92,"Height":7,"Demand":0,"DemandMax":1,"Value":795},{"Length":10,"Height":77,"Demand":0,"DemandMax":2,"Value":1460},{"Length":99,"Height":4,"Demand":0,"DemandMax":3,"Value":841},{"Length":14,"Height":44,"Demand":0,"DemandMax":2,"Value":1107},{"Length":100,"Height":2,"Demand":0,"DemandMax":3,"Value":280},{"Length":56,"Height":40,"Demand":0,"DemandMax":2,"Value":5898},{"Length":86,"Height":14,"Demand":0,"DemandMax":1,"Value":2096},{"Length":22,"Height":93,"Demand":0,"DemandMax":1,"Value":4411},{"Length":13,"Height":99,"Demand":0,"DemandMax":3,"Value":3456},{"Length":7,"Height":76,"Demand":0,"DemandMax":3,"Value":1406}]}