{"Name":"ngcutap19","Objects":[{"Length":100,"Height":100,"Stock":null,"Cost":10000}],"Items":[{"Length":3,"Height":98,"Demand":0,"DemandMax":1,"Value":756},{"Length":34,"Height":36,"Demand":0,"DemandMax":1,"Value":2712},{"Length":100,"Height":6,"Demand":0,"DemandMax":1,"Value":1633},{"Length":49,"Height":26,"Demand":0,"DemandMax":1,"Value":2332},{"Length":14,"Height":56,"Demand":0,"DemandMax":1,"Value":2187},{"Length":100,"Height":3,"Demand":0,"DemandMax":1,"Value":470},{"Length":10,"Height":90,"Demand":0,"DemandMax":1,"Value":1569},{"Length":23,"Height":95,"Demand":0,"DemandMax":1,"Value":4947},{"Length":10,"Height":97,"Demand":0,"DemandMax":1,"Value":2757},{"Length":50,"Height":47,"Demand":0,"DemandMax":1,"Value":4274},{"Length":41,"Height":45,"Demand":0,"DemandMax":1,"Value":4347},{"Length":13,"Height":12,"Demand":0,"DemandMax":1,"Value":396},{"Length":19,"Height":68,"Demand":0,"DemandMax":1,"Value":3866},{"Length":50,"Height":46,"Demand":0,"DemandMax":1,"Value":5447},{"Length":23,"Height":70,"Demand":0,"DemandMax":1,"Value":2904},{"Length":28,"Height":82,"Demand":0,"DemandMax":1,"Value":6032},{"Length":12,"Height":65,"Demand":0,"DemandMax":1,"Value":1799},{"Length":9,"Height":86,"Demand":0,"DemandMax":1,"Value":929},{"Length":21,"Height":96,"Demand":0,"DemandMax":1,"Value":5186},{"Length":19,"Height":64,"Demand":0,"DemandMax":1,"Value":2120},{"Length":21,"Height":75,"Demand":0,"DemandMax":1,"Value":1629},{"Length":45,"Height":26,"Demand":0,"DemandMax":1,"Value":2059},{"Length":19,"Height":77,"Demand":0,"DemandMax":1,"Value":2583},{"Length":5,"Height":84,"Demand":0,"DemandMax":1,"Value":953},{"Length":16,"Height":21,"Demand":0,"DemandMax":1,"Value":1000},{"Length":23,"Height":69,"Demand":0,"DemandMax":1,"Value":2900},{"Length":5,"Height":89,"Demand":0,"DemandMax":1,"Value":1102},{"Length":22,"Height":63,"Demand":0,"DemandMax":1,"Value":2234},{"Length":41,"Height":6,"Demand":0,"DemandMax":1,"Value":458},{"Length":76,"Height":30,"Demand":0,"DemandMax":1,"Value":5458}]}