{"Name":"ngcutap2","Objects":[{"Length":10,"Height":10,"Stock":null,"Cost":100}],"Items":[{"Length":1,"Height":10,"Demand":0,"DemandMax":3,"Value":28},{"Length":5,"Height":3,"Demand":0,"DemandMax":2,"Value":40},{"Length":9,"Height":3,"Demand":0,"DemandMax":3,"Value":63},{"Length":6,"Height":1,"Demand":0,"DemandMax":3,"Value":13},{"Length":3,"Height":8,"Demand":0,"DemandMax":3,"Value":31},{"Length":4,"Height":1,"Demand":0,"DemandMax":1,"Value":10},{"Length":7,"Height":3,"Demand":0,"DemandMax":2,"Value":44}]}