{"Name":"ngcutap18","Objects":[{"Length":100,"Height":100,"Stock":null,"Cost":10000}],"Items":[{"Length":8,"Height":81,"Demand":0,"DemandMax":1,"Value":953},{"Length":5,"Height":76,"Demand":0,"DemandMax":1,"Value":389},{"Length":42,"Height":19,"Demand":0,"DemandMax":1,"Value":1668},{"Length":6,"Height":80,"Demand":0,"DemandMax":1,"Value":676},{"Length":41,"Height":48,"Demand":0,"DemandMax":1,"Value":3580},{"Length":6,"Height":86,"Demand":0,"DemandMax":1,"Value":1416},{"Length":58,"Height":20,"Demand":0,"DemandMax":1,"Value":3166},{"Length":99,"Height":3,"Demand":0,"DemandMax":1,"Value":537},{"Length":9,"Height":52,"Demand":0,"DemandMax":1,"Value":1176},{"Length":100,"Height":14,"Demand":0,"DemandMax":1,"Value":3434},{"Length":7,"Height":53,"Demand":0,"DemandMax":1,"Value":676},{"Length":24,"Height":54,"Demand":0,"DemandMax":1,"Value":1408},{"Length":23,"Height":77,"Demand":0,"DemandMax":1,"Value":2362},{"Length":42,"Height":32,"Demand":0,"DemandMax":1,"Value":4031},{"Length":17,"Height":30,"Demand":0,"DemandMax":1,"Value":1152},{"Length":11,"Height":90,"Demand":0,"DemandMax":1,"Value":2255},{"Length":26,"Height":65,"Demand":0,"DemandMax":1,"Value":3570},{"Length":11,"Height":84,"Demand":0,"DemandMax":1,"Value":1913},{"Length":100,"Height":11,"Demand":0,"DemandMax":1,"Value":1552},{"Length":29,"Height":81,"Demand":0,"DemandMax":1,"Value":4559},{"Length":10,"Height":64,"Demand":0,"DemandMax":1,"Value":713},{"Length":25,"Height":48,"Demand":0,"DemandMax":1,"Value":1279},{"Length":17,"Height":93,"Demand":0,"DemandMax":1,"Value":3989},{"Length":77,"Height":31,"Demand":0,"DemandMax":1,"Value":4850},{"Length":3,"Height":71,"Demand":0,"DemandMax":1,"Value":299},{"Length":89,"Height":9,"Demand":0,"DemandMax":1,"Value":1577},{"Length":1,"Height":6,"Demand":0,"DemandMax":1,"Value":12},{"Length":12,"Height":99,"Demand":0,"DemandMax":1,"Value":2116},{"Length":33,"Height":72,"Demand":0,"DemandMax":1,"Value":2932},{"Length":21,"Height":26,"Demand":0,"DemandMax":1,"Value":1214}]}