{"Name":"ngcutap5","Objects":[{"Length":15,"Height":10,"Stock":null,"Cost":150}],"Items":[{"Length":10,"Height":3,"Demand":0,"DemandMax":2,"Value":34},{"Length":9,"Height":3,"Demand":0,"DemandMax":1,"Value":48},{"Length":12,"Height":2,"Demand":0,"DemandMax":3,"Value":72},{"Length":11,"Height":3,"Demand":0,"DemandMax":1,"Value":91},{"Length":12,"Height":3,"Demand":0,"DemandMax":3,"Value":37},{"Length":11,"Height":1,"Demand":0,"DemandMax":3,"Value":15},{"Length":2,"Height":10,"Demand":0,"DemandMax":1,"Value":36}]}