{"Name":"ngcutap14","Objects":[{"Length":30,"Height":30,"Stock":null,"Cost":900}],"Items":[{"Length":22,"Height":21,"Demand":0,"DemandMax":1,"Value":828},{"Length":12,"Height":21,"Demand":0,"DemandMax":1,"Value":450},{"Length":11,"Height":18,"Demand":0,"DemandMax":1,"Value":335},{"Length":17,"Height":21,"Demand":0,"DemandMax":1,"Value":570},{"Length":8,"Height":21,"Demand":0,"DemandMax":1,"Value":268},{"Length":9,"Height":17,"Demand":0,"DemandMax":1,"Value":236},{"Length":5,"Height":18,"Demand":0,"DemandMax":1,"Value":128},{"Length":6,"Height":6,"Demand":0,"DemandMax":1,"Value":49},{"Length":9,"Height":15,"Demand":0,"DemandMax":1,"Value":166},{"Length":1,"Height":19,"Demand":0,"DemandMax":1,"Value":22},{"Length":5,"Height":12,"Demand":0,"DemandMax":1,"Value":69},{"Length":22,"Height":21,"Demand":0,"DemandMax":1,"Value":530},{"Length":5,"Height":6,"Demand":0,"DemandMax":1,"Value":33},{"Length":16,"Height":6,"Demand":0,"DemandMax":1,"Value":92},{"Length":5,"Height":4,"Demand":0,"DemandMax":1,"Value":17}]}