{"Name":"BRPB","Objects":[{"Length":149,"Height":51,"Stock":null,"Cost":7599},{"Length":140,"Height":44,"Stock":null,"Cost":6160},{"Length":130,"Height":50,"Stock":null,"Cost":6500}],"Items":[{"Length":45,"Height":21,"Demand":8,"DemandMax":null,"Value":945},{"Length":43,"Height":14,"Demand":7,"DemandMax":null,"Value":602},{"Length":42,"Height":29,"Demand":9,"DemandMax":null,"Value":1218},{"Length":38,"Height":26,"Demand":1,"DemandMax":null,"Value":988},{"Length":19,"Height":10,"Demand":5,"DemandMax":null,"Value":190}]}