{"Name":"B2","Objects":[{"Length":4000,"Height":2000,"Stock":null,"Cost":8000000}],"Items":[{"Length":424,"Height":556,"Demand":1,"DemandMax":null,"Value":235744},{"Length":546,"Height":216,"Demand":1,"DemandMax":null,"Value":117936},{"Length":401,"Height":547,"Demand":1,"DemandMax":null,"Value":219347},{"Length":370,"Height":640,"Demand":1,"DemandMax":null,"Value":236800},{"Length":516,"Height":292,"Demand":1,"DemandMax":null,"Value":150672},{"Length":220,"Height":235,"Demand":1,"DemandMax":null,"Value":51700},{"Length":530,"Height":389,"Demand":1,"DemandMax":null,"Value":206170},{"Length":523,"Height":201,"Demand":1,"DemandMax":null,"Value":105123},{"Length":438,"Height":532,"Demand":1,"DemandMax":null,"Value":233016},{"Length":279,"Height":221,"Demand":1,"DemandMax":null,"Value":61659},{"Length":460,"Height":404,"Demand":1,"DemandMax":null,"Value":185840},{"Length":680,"Height":460,"Demand":1,"DemandMax":null,"Value":312800},{"Length":340,"Height":657,"Demand":1,"DemandMax":null,"Value":223380},{"Length":321,"Height":682,"Demand":1,"DemandMax":null,"Value":218922},{"Length":495,"Height":362,"Demand":1,"DemandMax":null,"Value":179190},{"Length":370,"Height":490,"Demand":1,"DemandMax":null,"Value":181300},{"Length":556,"Height":555,"Demand":1,"DemandMax":null,"Value":308580},{"Length":318,"Height":400,"Demand":1,"DemandMax":null,"Value":127200},{"Length":547,"Height":349,"Demand":1,"DemandMax":null,"Value":190903},{"Length":626,"Height":486,"Demand":1,"DemandMax":null,"Value":304236},{"Length":417,"Height":547,"Demand":1,"DemandMax":null,"Value":228099},{"Length":245,"Height":442,"Demand":1,"DemandMax":null,"Value":108290},{"Length":552,"Height":308,"Demand":1,"DemandMax":null,"Value":170016},{"Length":312,"Height":444,"Demand":1,"DemandMax":null,"Value":138528},{"Length":576,"Height":410,"Demand":1,"DemandMax":null,"Value":236160},{"Length":654,"Height":425,"Demand":1,"DemandMax":null,"Value":277950},{"Length":562,"Height":296,"Demand":1,"DemandMax":null,"Value":166352},{"Length":396,"Height":212,"Demand":1,"DemandMax":null,"Value":83952},{"Length":502,"Height":295,"Demand":1,"DemandMax":null,"Value":148090},{"Length":262,"Height":567,"Demand":1,"DemandMax":null,"Value":148554}]}