{"Name":"MB08_028","Objects":[{"Length":587,"Height":233,"Stock":null,"Cost":136771}],"Items":[{"Length":57,"Height":47,"Demand":16,"DemandMax":null,"Value":2679},{"Length":54,"Height":36,"Demand":15,"DemandMax":null,"Value":1944},{"Length":46,"Height":42,"Demand":12,"DemandMax":null,"Value":1932},{"Length":48,"Height":36,"Demand":18,"DemandMax":null,"Value":1728},{"Length":43,"Height":39,"Demand":16,"DemandMax":null,"Value":1677},{"Length":45,"Height":37,"Demand":18,"DemandMax":null,"Value":1665},{"Length":46,"Height":36,"Demand":18,"DemandMax":null,"Value":1656},{"Length":45,"Height":36,"Demand":14,"DemandMax":null,"Value":1620},{"Length":47,"Height":34,"Demand":16,"DemandMax":null,"Value":1598},{"Length":56,"Height":28,"Demand":15,"DemandMax":null,"Value":1568},{"Length":60,"Height":26,"Demand":22,"DemandMax":null,"Value":1560},{"Length":44,"Height":35,"Demand":19,"DemandMax":null,"Value":1540},{"Length":49,"Height":31,"Demand":21,"DemandMax":null,"Value":1519},{"Length":45,"Height":32,"Demand":22,"DemandMax":null,"Value":1440},{"Length":53,"Height":27,"Demand":18,"DemandMax":null,"Value":1431},{"Length":42,"Height":34,"Demand":18,"DemandMax":null,"Value":1428},{"Length":38,"Height":37,"Demand":22,"DemandMax":null,"Value":1406},{"Length":39,"Height":36,"Demand":19,"DemandMax":null,"Value":1404},{"Length":50,"Height":27,"Demand":26,"DemandMax":null,"Value":1350},{"Length":55,"Height":24,"Demand":19,"DemandMax":null,"Value":1320},{"Length":38,"Height":34,"Demand":18,"DemandMax":null,"Value":1292},{"Length":40,"Height":31,"Demand":12,"DemandMax":null,"Value":1240},{"Length":50,"Height":24,"Demand":16,"DemandMax":null,"Value":1200},{"Length":51,"Height":23,"Demand":16,"DemandMax":null,"Value":1173},{"Length":38,"Height":30,"Demand":20,"DemandMax":null,"Value":1140},{"Length":58,"Height":19,"Demand":19,"DemandMax":null,"Value":1102},{"Length":40,"Height":26,"Demand":17,"DemandMax":null,"Value":1040},{"Length":38,"Height":27,"Demand":21,"DemandMax":null,"Value":1026},{"Length":39,"Height":26,"Demand":19,"DemandMax":null,"Value":1014},{"Length":36,"Height":28,"Demand":17,"DemandMax":null,"Value":1008},{"Length":37,"Height":27,"Demand":20,"DemandMax":null,"Value":999},{"Length":45,"Height":22,"Demand":14,"DemandMax":null,"Value":990},{"Length":55,"Height":18,"Demand":16,"DemandMax":null,"Value":990},{"Length":30,"Height":30,"Demand":17,"DemandMax":null,"Value":900},{"Length":47,"Height":19,"Demand":19,"DemandMax":null,"Value":893},{"Length":40,"Height":22,"Demand":21,"DemandMax":null,"Value":880},{"Length":30,"Height":29,"Demand":25,"DemandMax":null,"Value":870},{"Length":31,"Height":28,"Demand":17,"DemandMax":null,"Value":868},{"Length":48,"Height":18,"Demand":11,"DemandMax":null,"Value":864},{"Length":36,"Height":24,"Demand":15,"DemandMax":null,"Value":864},{"Length":33,"Height":25,"Demand":20,"DemandMax":null,"Value":825},{"Length":51,"Height":16,"Demand":15,"DemandMax":null,"Value":816},{"Length":45,"Height":18,"Demand":19,"DemandMax":null,"Value":810},{"Length":29,"Height":27,"Demand":14,"DemandMax":null,"Value":783},{"Length":34,"Height":22,"Demand":27,"DemandMax":null,"Value":748},{"Length":37,"Height":20,"Demand":20,"DemandMax":null,"Value":740},{"Length":27,"Height":27,"Demand":15,"DemandMax":null,"Value":729},{"Length":34,"Height":21,"Demand":15,"DemandMax":null,"Value":714},{"Length":34,"Height":20,"Demand":26,"DemandMax":null,"Value":680},{"Length":40,"Height":17,"Demand":15,"DemandMax":null,"Value":680},{"Length":52,"Height":13,"Demand":26,"DemandMax":null,"Value":676},{"Length":42,"Height":16,"Demand":17,"DemandMax":null,"Value":672},{"Length":36,"Height":18,"Demand":15,"DemandMax":null,"Value":648},{"Length":36,"Height":17,"Demand":18,"DemandMax":null,"Value":612},{"Length":50,"Height":12,"Demand":14,"DemandMax":null,"Value":600},{"Length":26,"Height":23,"Demand":16,"DemandMax":null,"Value":598},{"Length":36,"Height":16,"Demand":13,"DemandMax":null,"Value":576},{"Length":38,"Height":15,"Demand":18,"DemandMax":null,"Value":570},{"Length":33,"Height":17,"Demand":17,"DemandMax":null,"Value":561},{"Length":24,"Height":23,"Demand":16,"DemandMax":null,"Value":552},{"Length":30,"Height":17,"Demand":16,"DemandMax":null,"Value":510},{"Length":36,"Height":14,"Demand":15,"DemandMax":null,"Value":504},{"Length":25,"Height":20,"Demand":19,"DemandMax":null,"Value":500},{"Length":36,"Height":13,"Demand":14,"DemandMax":null,"Value":468},{"Length":30,"Height":15,"Demand":15,"DemandMax":null,"Value":450},{"Length":26,"Height":17,"Demand":12,"DemandMax":null,"Value":442},{"Length":36,"Height":12,"Demand":12,"DemandMax":null,"Value":432},{"Length":27,"Height":15,"Demand":16,"DemandMax":null,"Value":405},{"Length":23,"Height":17,"Demand":27,"DemandMax":null,"Value":391},{"Length":29,"Height":13,"Demand":21,"DemandMax":null,"Value":377},{"Length":25,"Height":15,"Demand":9,"DemandMax":null,"Value":375},{"Length":22,"Height":17,"Demand":12,"DemandMax":null,"Value":374},{"Length":19,"Height":19,"Demand":23,"DemandMax":null,"Value":361},{"Length":24,"Height":13,"Demand":20,"DemandMax":null,"Value":312},{"Length":22,"Height":14,"Demand":16,"DemandMax":null,"Value":308},{"Length":18,"Height":17,"Demand":14,"DemandMax":null,"Value":306},{"Length":18,"Height":12,"Demand":14,"DemandMax":null,"Value":216},{"Length":12,"Height":11,"Demand":14,"DemandMax":null,"Value":132}]}