{"Name":"MB08_070","Objects":[{"Length":587,"Height":233,"Stock":null,"Cost":136771}],"Items":[{"Length":58,"Height":49,"Demand":5,"DemandMax":null,"Value":2842},{"Length":56,"Height":46,"Demand":8,"DemandMax":null,"Value":2576},{"Length":57,"Height":45,"Demand":6,"DemandMax":null,"Value":2565},{"Length":56,"Height":44,"Demand":6,"DemandMax":null,"Value":2464},{"Length":59,"Height":39,"Demand":4,"DemandMax":null,"Value":2301},{"Length":50,"Height":45,"Demand":4,"DemandMax":null,"Value":2250},{"Length":57,"Height":39,"Demand":8,"DemandMax":null,"Value":2223},{"Length":54,"Height":41,"Demand":8,"DemandMax":null,"Value":2214},{"Length":47,"Height":45,"Demand":9,"DemandMax":null,"Value":2115},{"Length":46,"Height":45,"Demand":3,"DemandMax":null,"Value":2070},{"Length":59,"Height":35,"Demand":9,"DemandMax":null,"Value":2065},{"Length":54,"Height":38,"Demand":10,"DemandMax":null,"Value":2052},{"Length":50,"Height":41,"Demand":7,"DemandMax":null,"Value":2050},{"Length":60,"Height":33,"Demand":4,"DemandMax":null,"Value":1980},{"Length":48,"Height":41,"Demand":6,"DemandMax":null,"Value":1968},{"Length":48,"Height":40,"Demand":9,"DemandMax":null,"Value":1920},{"Length":58,"Height":33,"Demand":7,"DemandMax":null,"Value":1914},{"Length":58,"Height":32,"Demand":8,"DemandMax":null,"Value":1856},{"Length":51,"Height":36,"Demand":6,"DemandMax":null,"Value":1836},{"Length":43,"Height":42,"Demand":10,"DemandMax":null,"Value":1806},{"Length":50,"Height":36,"Demand":8,"DemandMax":null,"Value":1800},{"Length":58,"Height":30,"Demand":5,"DemandMax":null,"Value":1740},{"Length":47,"Height":37,"Demand":5,"DemandMax":null,"Value":1739},{"Length":43,"Height":39,"Demand":8,"DemandMax":null,"Value":1677},{"Length":48,"Height":33,"Demand":12,"DemandMax":null,"Value":1584},{"Length":58,"Height":27,"Demand":6,"DemandMax":null,"Value":1566},{"Length":41,"Height":38,"Demand":6,"DemandMax":null,"Value":1558},{"Length":44,"Height":35,"Demand":7,"DemandMax":null,"Value":1540},{"Length":51,"Height":30,"Demand":4,"DemandMax":null,"Value":1530},{"Length":41,"Height":37,"Demand":10,"DemandMax":null,"Value":1517},{"Length":56,"Height":27,"Demand":12,"DemandMax":null,"Value":1512},{"Length":53,"Height":28,"Demand":10,"DemandMax":null,"Value":1484},{"Length":40,"Height":37,"Demand":8,"DemandMax":null,"Value":1480},{"Length":59,"Height":25,"Demand":6,"DemandMax":null,"Value":1475},{"Length":46,"Height":32,"Demand":11,"DemandMax":null,"Value":1472},{"Length":54,"Height":27,"Demand":11,"DemandMax":null,"Value":1458},{"Length":45,"Height":32,"Demand":12,"DemandMax":null,"Value":1440},{"Length":40,"Height":35,"Demand":5,"DemandMax":null,"Value":1400},{"Length":40,"Height":34,"Demand":8,"DemandMax":null,"Value":1360},{"Length":46,"Height":29,"Demand":5,"DemandMax":null,"Value":1334},{"Length":43,"Height":31,"Demand":5,"DemandMax":null,"Value":1333},{"Length":38,"Height":35,"Demand":12,"DemandMax":null,"Value":1330},{"Length":48,"Height":27,"Demand":5,"DemandMax":null,"Value":1296},{"Length":46,"Height":28,"Demand":9,"DemandMax":null,"Value":1288},{"Length":49,"Height":26,"Demand":10,"DemandMax":null,"Value":1274},{"Length":45,"Height":28,"Demand":7,"DemandMax":null,"Value":1260},{"Length":54,"Height":23,"Demand":11,"DemandMax":null,"Value":1242},{"Length":40,"Height":31,"Demand":9,"DemandMax":null,"Value":1240},{"Length":41,"Height":30,"Demand":6,"DemandMax":null,"Value":1230},{"Length":36,"Height":34,"Demand":7,"DemandMax":null,"Value":1224},{"Length":39,"Height":31,"Demand":11,"DemandMax":null,"Value":1209},{"Length":43,"Height":28,"Demand":10,"DemandMax":null,"Value":1204},{"Length":47,"Height":25,"Demand":7,"DemandMax":null,"Value":1175},{"Length":35,"Height":33,"Demand":10,"DemandMax":null,"Value":1155},{"Length":44,"Height":26,"Demand":6,"DemandMax":null,"Value":1144},{"Length":38,"Height":30,"Demand":12,"DemandMax":null,"Value":1140},{"Length":54,"Height":21,"Demand":11,"DemandMax":null,"Value":1134},{"Length":40,"Height":28,"Demand":7,"DemandMax":null,"Value":1120},{"Length":44,"Height":25,"Demand":6,"DemandMax":null,"Value":1100},{"Length":35,"Height":31,"Demand":4,"DemandMax":null,"Value":1085},{"Length":43,"Height":25,"Demand":9,"DemandMax":null,"Value":1075},{"Length":46,"Height":23,"Demand":9,"DemandMax":null,"Value":1058},{"Length":34,"Height":31,"Demand":6,"DemandMax":null,"Value":1054},{"Length":50,"Height":21,"Demand":5,"DemandMax":null,"Value":1050},{"Length":38,"Height":27,"Demand":6,"DemandMax":null,"Value":1026},{"Length":34,"Height":30,"Demand":7,"DemandMax":null,"Value":1020},{"Length":50,"Height":20,"Demand":7,"DemandMax":null,"Value":1000},{"Length":35,"Height":28,"Demand":8,"DemandMax":null,"Value":980},{"Length":51,"Height":19,"Demand":10,"DemandMax":null,"Value":969},{"Length":32,"Height":30,"Demand":7,"DemandMax":null,"Value":960},{"Length":41,"Height":23,"Demand":5,"DemandMax":null,"Value":943},{"Length":39,"Height":24,"Demand":11,"DemandMax":null,"Value":936},{"Length":32,"Height":29,"Demand":9,"DemandMax":null,"Value":928},{"Length":40,"Height":23,"Demand":12,"DemandMax":null,"Value":920},{"Length":43,"Height":21,"Demand":8,"DemandMax":null,"Value":903},{"Length":31,"Height":29,"Demand":6,"DemandMax":null,"Value":899},{"Length":34,"Height":26,"Demand":3,"DemandMax":null,"Value":884},{"Length":49,"Height":18,"Demand":6,"DemandMax":null,"Value":882},{"Length":55,"Height":16,"Demand":5,"DemandMax":null,"Value":880},{"Length":35,"Height":25,"Demand":8,"DemandMax":null,"Value":875},{"Length":47,"Height":18,"Demand":10,"DemandMax":null,"Value":846},{"Length":56,"Height":15,"Demand":10,"DemandMax":null,"Value":840},{"Length":43,"Height":19,"Demand":11,"DemandMax":null,"Value":817},{"Length":34,"Height":24,"Demand":7,"DemandMax":null,"Value":816},{"Length":31,"Height":26,"Demand":3,"DemandMax":null,"Value":806},{"Length":40,"Height":20,"Demand":9,"DemandMax":null,"Value":800},{"Length":57,"Height":14,"Demand":10,"DemandMax":null,"Value":798},{"Length":53,"Height":15,"Demand":13,"DemandMax":null,"Value":795},{"Length":45,"Height":17,"Demand":6,"DemandMax":null,"Value":765},{"Length":38,"Height":20,"Demand":9,"DemandMax":null,"Value":760},{"Length":28,"Height":27,"Demand":6,"DemandMax":null,"Value":756},{"Length":39,"Height":19,"Demand":8,"DemandMax":null,"Value":741},{"Length":37,"Height":20,"Demand":7,"DemandMax":null,"Value":740},{"Length":43,"Height":17,"Demand":6,"DemandMax":null,"Value":731},{"Length":27,"Height":27,"Demand":10,"DemandMax":null,"Value":729},{"Length":56,"Height":13,"Demand":4,"DemandMax":null,"Value":728},{"Length":33,"Height":22,"Demand":9,"DemandMax":null,"Value":726},{"Length":29,"Height":25,"Demand":10,"DemandMax":null,"Value":725},{"Length":38,"Height":19,"Demand":7,"DemandMax":null,"Value":722},{"Length":40,"Height":18,"Demand":10,"DemandMax":null,"Value":720},{"Length":42,"Height":17,"Demand":10,"DemandMax":null,"Value":714},{"Length":31,"Height":23,"Demand":9,"DemandMax":null,"Value":713},{"Length":47,"Height":15,"Demand":5,"DemandMax":null,"Value":705},{"Length":37,"Height":19,"Demand":10,"DemandMax":null,"Value":703},{"Length":27,"Height":26,"Demand":17,"DemandMax":null,"Value":702},{"Length":39,"Height":18,"Demand":12,"DemandMax":null,"Value":702},{"Length":31,"Height":22,"Demand":9,"DemandMax":null,"Value":682},{"Length":27,"Height":25,"Demand":13,"DemandMax":null,"Value":675},{"Length":42,"Height":16,"Demand":3,"DemandMax":null,"Value":672},{"Length":32,"Height":21,"Demand":12,"DemandMax":null,"Value":672},{"Length":44,"Height":15,"Demand":4,"DemandMax":null,"Value":660},{"Length":43,"Height":15,"Demand":13,"DemandMax":null,"Value":645},{"Length":28,"Height":23,"Demand":3,"DemandMax":null,"Value":644},{"Length":32,"Height":20,"Demand":7,"DemandMax":null,"Value":640},{"Length":58,"Height":11,"Demand":10,"DemandMax":null,"Value":638},{"Length":37,"Height":17,"Demand":8,"DemandMax":null,"Value":629},{"Length":26,"Height":24,"Demand":5,"DemandMax":null,"Value":624},{"Length":31,"Height":20,"Demand":5,"DemandMax":null,"Value":620},{"Length":28,"Height":22,"Demand":15,"DemandMax":null,"Value":616},{"Length":36,"Height":17,"Demand":13,"DemandMax":null,"Value":612},{"Length":30,"Height":20,"Demand":11,"DemandMax":null,"Value":600},{"Length":26,"Height":23,"Demand":8,"DemandMax":null,"Value":598},{"Length":27,"Height":22,"Demand":9,"DemandMax":null,"Value":594},{"Length":37,"Height":16,"Demand":10,"DemandMax":null,"Value":592},{"Length":28,"Height":21,"Demand":7,"DemandMax":null,"Value":588},{"Length":45,"Height":13,"Demand":3,"DemandMax":null,"Value":585},{"Length":48,"Height":12,"Demand":6,"DemandMax":null,"Value":576},{"Length":36,"Height":16,"Demand":4,"DemandMax":null,"Value":576},{"Length":26,"Height":22,"Demand":10,"DemandMax":null,"Value":572},{"Length":30,"Height":19,"Demand":7,"DemandMax":null,"Value":570},{"Length":33,"Height":17,"Demand":7,"DemandMax":null,"Value":561},{"Length":28,"Height":20,"Demand":5,"DemandMax":null,"Value":560},{"Length":24,"Height":23,"Demand":7,"DemandMax":null,"Value":552},{"Length":26,"Height":21,"Demand":6,"DemandMax":null,"Value":546},{"Length":39,"Height":14,"Demand":6,"DemandMax":null,"Value":546},{"Length":24,"Height":22,"Demand":11,"DemandMax":null,"Value":528},{"Length":35,"Height":15,"Demand":7,"DemandMax":null,"Value":525},{"Length":40,"Height":13,"Demand":9,"DemandMax":null,"Value":520},{"Length":37,"Height":14,"Demand":9,"DemandMax":null,"Value":518},{"Length":27,"Height":19,"Demand":10,"DemandMax":null,"Value":513},{"Length":23,"Height":22,"Demand":9,"DemandMax":null,"Value":506},{"Length":50,"Height":10,"Demand":10,"DemandMax":null,"Value":500},{"Length":35,"Height":14,"Demand":12,"DemandMax":null,"Value":490},{"Length":30,"Height":16,"Demand":9,"DemandMax":null,"Value":480},{"Length":28,"Height":17,"Demand":7,"DemandMax":null,"Value":476},{"Length":34,"Height":14,"Demand":13,"DemandMax":null,"Value":476},{"Length":29,"Height":16,"Demand":3,"DemandMax":null,"Value":464},{"Length":24,"Height":19,"Demand":6,"DemandMax":null,"Value":456},{"Length":41,"Height":11,"Demand":6,"DemandMax":null,"Value":451},{"Length":22,"Height":20,"Demand":6,"DemandMax":null,"Value":440},{"Length":29,"Height":15,"Demand":6,"DemandMax":null,"Value":435},{"Length":24,"Height":18,"Demand":12,"DemandMax":null,"Value":432},{"Length":42,"Height":10,"Demand":8,"DemandMax":null,"Value":420},{"Length":22,"Height":19,"Demand":9,"DemandMax":null,"Value":418},{"Length":24,"Height":17,"Demand":9,"DemandMax":null,"Value":408},{"Length":37,"Height":11,"Demand":8,"DemandMax":null,"Value":407},{"Length":33,"Height":12,"Demand":8,"DemandMax":null,"Value":396},{"Length":39,"Height":10,"Demand":7,"DemandMax":null,"Value":390},{"Length":24,"Height":16,"Demand":8,"DemandMax":null,"Value":384},{"Length":26,"Height":14,"Demand":6,"DemandMax":null,"Value":364},{"Length":20,"Height":18,"Demand":7,"DemandMax":null,"Value":360},{"Length":29,"Height":12,"Demand":9,"DemandMax":null,"Value":348},{"Length":31,"Height":11,"Demand":8,"DemandMax":null,"Value":341},{"Length":26,"Height":13,"Demand":9,"DemandMax":null,"Value":338},{"Length":24,"Height":14,"Demand":6,"DemandMax":null,"Value":336},{"Length":30,"Height":11,"Demand":9,"DemandMax":null,"Value":330},{"Length":20,"Height":16,"Demand":8,"DemandMax":null,"Value":320},{"Length":28,"Height":11,"Demand":4,"DemandMax":null,"Value":308},{"Length":18,"Height":16,"Demand":4,"DemandMax":null,"Value":288},{"Length":22,"Height":13,"Demand":10,"DemandMax":null,"Value":286},{"Length":23,"Height":12,"Demand":9,"DemandMax":null,"Value":276},{"Length":21,"Height":12,"Demand":7,"DemandMax":null,"Value":252},{"Length":19,"Height":13,"Demand":4,"DemandMax":null,"Value":247},{"Length":16,"Height":15,"Demand":11,"DemandMax":null,"Value":240},{"Length":17,"Height":13,"Demand":4,"DemandMax":null,"Value":221},{"Length":18,"Height":12,"Demand":5,"DemandMax":null,"Value":216},{"Length":16,"Height":13,"Demand":15,"DemandMax":null,"Value":208},{"Length":16,"Height":12,"Demand":12,"DemandMax":null,"Value":192}]}