{"Name":"MB07_115","Objects":[{"Length":587,"Height":233,"Stock":null,"Cost":136771}],"Items":[{"Length":59,"Height":45,"Demand":28,"DemandMax":null,"Value":2655},{"Length":49,"Height":47,"Demand":19,"DemandMax":null,"Value":2303},{"Length":55,"Height":37,"Demand":22,"DemandMax":null,"Value":2035},{"Length":52,"Height":38,"Demand":21,"DemandMax":null,"Value":1976},{"Length":49,"Height":39,"Demand":17,"DemandMax":null,"Value":1911},{"Length":53,"Height":34,"Demand":22,"DemandMax":null,"Value":1802},{"Length":53,"Height":33,"Demand":22,"DemandMax":null,"Value":1749},{"Length":53,"Height":31,"Demand":19,"DemandMax":null,"Value":1643},{"Length":41,"Height":37,"Demand":22,"DemandMax":null,"Value":1517},{"Length":43,"Height":35,"Demand":18,"DemandMax":null,"Value":1505},{"Length":40,"Height":37,"Demand":19,"DemandMax":null,"Value":1480},{"Length":40,"Height":36,"Demand":21,"DemandMax":null,"Value":1440},{"Length":45,"Height":30,"Demand":28,"DemandMax":null,"Value":1350},{"Length":58,"Height":22,"Demand":25,"DemandMax":null,"Value":1276},{"Length":45,"Height":27,"Demand":20,"DemandMax":null,"Value":1215},{"Length":47,"Height":25,"Demand":22,"DemandMax":null,"Value":1175},{"Length":41,"Height":28,"Demand":22,"DemandMax":null,"Value":1148},{"Length":42,"Height":26,"Demand":23,"DemandMax":null,"Value":1092},{"Length":39,"Height":28,"Demand":13,"DemandMax":null,"Value":1092},{"Length":41,"Height":26,"Demand":16,"DemandMax":null,"Value":1066},{"Length":46,"Height":23,"Demand":16,"DemandMax":null,"Value":1058},{"Length":33,"Height":32,"Demand":15,"DemandMax":null,"Value":1056},{"Length":36,"Height":29,"Demand":28,"DemandMax":null,"Value":1044},{"Length":47,"Height":22,"Demand":24,"DemandMax":null,"Value":1034},{"Length":58,"Height":17,"Demand":24,"DemandMax":null,"Value":986},{"Length":42,"Height":22,"Demand":18,"DemandMax":null,"Value":924},{"Length":51,"Height":18,"Demand":19,"DemandMax":null,"Value":918},{"Length":43,"Height":21,"Demand":17,"DemandMax":null,"Value":903},{"Length":32,"Height":28,"Demand":18,"DemandMax":null,"Value":896},{"Length":52,"Height":17,"Demand":18,"DemandMax":null,"Value":884},{"Length":44,"Height":20,"Demand":24,"DemandMax":null,"Value":880},{"Length":39,"Height":22,"Demand":17,"DemandMax":null,"Value":858},{"Length":33,"Height":26,"Demand":20,"DemandMax":null,"Value":858},{"Length":47,"Height":18,"Demand":17,"DemandMax":null,"Value":846},{"Length":30,"Height":28,"Demand":21,"DemandMax":null,"Value":840},{"Length":38,"Height":22,"Demand":16,"DemandMax":null,"Value":836},{"Length":41,"Height":20,"Demand":19,"DemandMax":null,"Value":820},{"Length":29,"Height":27,"Demand":14,"DemandMax":null,"Value":783},{"Length":31,"Height":25,"Demand":22,"DemandMax":null,"Value":775},{"Length":54,"Height":14,"Demand":22,"DemandMax":null,"Value":756},{"Length":51,"Height":14,"Demand":18,"DemandMax":null,"Value":714},{"Length":35,"Height":20,"Demand":16,"DemandMax":null,"Value":700},{"Length":52,"Height":13,"Demand":17,"DemandMax":null,"Value":676},{"Length":28,"Height":24,"Demand":23,"DemandMax":null,"Value":672},{"Length":31,"Height":21,"Demand":14,"DemandMax":null,"Value":651},{"Length":36,"Height":18,"Demand":12,"DemandMax":null,"Value":648},{"Length":46,"Height":14,"Demand":23,"DemandMax":null,"Value":644},{"Length":32,"Height":20,"Demand":27,"DemandMax":null,"Value":640},{"Length":28,"Height":22,"Demand":17,"DemandMax":null,"Value":616},{"Length":33,"Height":18,"Demand":23,"DemandMax":null,"Value":594},{"Length":29,"Height":20,"Demand":24,"DemandMax":null,"Value":580},{"Length":26,"Height":22,"Demand":14,"DemandMax":null,"Value":572},{"Length":44,"Height":13,"Demand":11,"DemandMax":null,"Value":572},{"Length":33,"Height":17,"Demand":17,"DemandMax":null,"Value":561},{"Length":27,"Height":19,"Demand":24,"DemandMax":null,"Value":513},{"Length":30,"Height":17,"Demand":20,"DemandMax":null,"Value":510},{"Length":22,"Height":22,"Demand":13,"DemandMax":null,"Value":484},{"Length":28,"Height":16,"Demand":21,"DemandMax":null,"Value":448},{"Length":35,"Height":12,"Demand":16,"DemandMax":null,"Value":420},{"Length":28,"Height":15,"Demand":25,"DemandMax":null,"Value":420},{"Length":21,"Height":20,"Demand":14,"DemandMax":null,"Value":420},{"Length":34,"Height":12,"Demand":15,"DemandMax":null,"Value":408},{"Length":27,"Height":15,"Demand":19,"DemandMax":null,"Value":405},{"Length":31,"Height":13,"Demand":23,"DemandMax":null,"Value":403},{"Length":30,"Height":12,"Demand":26,"DemandMax":null,"Value":360},{"Length":27,"Height":13,"Demand":18,"DemandMax":null,"Value":351},{"Length":30,"Height":10,"Demand":21,"DemandMax":null,"Value":300},{"Length":17,"Height":16,"Demand":22,"DemandMax":null,"Value":272},{"Length":20,"Height":13,"Demand":27,"DemandMax":null,"Value":260},{"Length":15,"Height":14,"Demand":26,"DemandMax":null,"Value":210}]}