{"Name":"MB09_081","Objects":[{"Length":432,"Height":79,"Stock":null,"Cost":34128}],"Items":[{"Length":60,"Height":49,"Demand":34,"DemandMax":null,"Value":2940},{"Length":47,"Height":40,"Demand":42,"DemandMax":null,"Value":1880},{"Length":55,"Height":33,"Demand":41,"DemandMax":null,"Value":1815},{"Length":52,"Height":32,"Demand":31,"DemandMax":null,"Value":1664},{"Length":44,"Height":34,"Demand":41,"DemandMax":null,"Value":1496},{"Length":48,"Height":31,"Demand":51,"DemandMax":null,"Value":1488},{"Length":45,"Height":33,"Demand":32,"DemandMax":null,"Value":1485},{"Length":55,"Height":24,"Demand":53,"DemandMax":null,"Value":1320},{"Length":40,"Height":32,"Demand":41,"DemandMax":null,"Value":1280},{"Length":46,"Height":27,"Demand":51,"DemandMax":null,"Value":1242},{"Length":47,"Height":24,"Demand":40,"DemandMax":null,"Value":1128},{"Length":49,"Height":23,"Demand":39,"DemandMax":null,"Value":1127},{"Length":59,"Height":18,"Demand":32,"DemandMax":null,"Value":1062},{"Length":47,"Height":22,"Demand":34,"DemandMax":null,"Value":1034},{"Length":32,"Height":30,"Demand":40,"DemandMax":null,"Value":960},{"Length":41,"Height":23,"Demand":41,"DemandMax":null,"Value":943},{"Length":39,"Height":24,"Demand":32,"DemandMax":null,"Value":936},{"Length":54,"Height":15,"Demand":42,"DemandMax":null,"Value":810},{"Length":59,"Height":12,"Demand":43,"DemandMax":null,"Value":708},{"Length":39,"Height":17,"Demand":35,"DemandMax":null,"Value":663},{"Length":53,"Height":12,"Demand":38,"DemandMax":null,"Value":636},{"Length":42,"Height":15,"Demand":36,"DemandMax":null,"Value":630},{"Length":47,"Height":13,"Demand":39,"DemandMax":null,"Value":611},{"Length":30,"Height":19,"Demand":41,"DemandMax":null,"Value":570},{"Length":43,"Height":13,"Demand":47,"DemandMax":null,"Value":559},{"Length":27,"Height":20,"Demand":31,"DemandMax":null,"Value":540},{"Length":26,"Height":20,"Demand":32,"DemandMax":null,"Value":520},{"Length":30,"Height":17,"Demand":32,"DemandMax":null,"Value":510},{"Length":33,"Height":15,"Demand":37,"DemandMax":null,"Value":495},{"Length":28,"Height":16,"Demand":41,"DemandMax":null,"Value":448},{"Length":35,"Height":12,"Demand":49,"DemandMax":null,"Value":420},{"Length":28,"Height":15,"Demand":45,"DemandMax":null,"Value":420},{"Length":19,"Height":19,"Demand":37,"DemandMax":null,"Value":361},{"Length":28,"Height":10,"Demand":48,"DemandMax":null,"Value":280},{"Length":21,"Height":12,"Demand":42,"DemandMax":null,"Value":252},{"Length":15,"Height":15,"Demand":48,"DemandMax":null,"Value":225},{"Length":16,"Height":14,"Demand":31,"DemandMax":null,"Value":224},{"Length":18,"Height":12,"Demand":46,"DemandMax":null,"Value":216},{"Length":15,"Height":13,"Demand":40,"DemandMax":null,"Value":195},{"Length":16,"Height":11,"Demand":39,"DemandMax":null,"Value":176}]}