{"Name":"MB08_011","Objects":[{"Length":587,"Height":233,"Stock":null,"Cost":136771}],"Items":[{"Length":54,"Height":38,"Demand":31,"DemandMax":null,"Value":2052},{"Length":50,"Height":40,"Demand":28,"DemandMax":null,"Value":2000},{"Length":51,"Height":39,"Demand":29,"DemandMax":null,"Value":1989},{"Length":51,"Height":38,"Demand":29,"DemandMax":null,"Value":1938},{"Length":52,"Height":37,"Demand":31,"DemandMax":null,"Value":1924},{"Length":46,"Height":40,"Demand":31,"DemandMax":null,"Value":1840},{"Length":49,"Height":36,"Demand":36,"DemandMax":null,"Value":1764},{"Length":47,"Height":35,"Demand":27,"DemandMax":null,"Value":1645},{"Length":45,"Height":35,"Demand":22,"DemandMax":null,"Value":1575},{"Length":59,"Height":25,"Demand":25,"DemandMax":null,"Value":1475},{"Length":39,"Height":37,"Demand":34,"DemandMax":null,"Value":1443},{"Length":55,"Height":24,"Demand":18,"DemandMax":null,"Value":1320},{"Length":38,"Height":30,"Demand":25,"DemandMax":null,"Value":1140},{"Length":34,"Height":33,"Demand":34,"DemandMax":null,"Value":1122},{"Length":40,"Height":27,"Demand":25,"DemandMax":null,"Value":1080},{"Length":37,"Height":29,"Demand":29,"DemandMax":null,"Value":1073},{"Length":35,"Height":27,"Demand":30,"DemandMax":null,"Value":945},{"Length":42,"Height":22,"Demand":38,"DemandMax":null,"Value":924},{"Length":43,"Height":21,"Demand":29,"DemandMax":null,"Value":903},{"Length":56,"Height":16,"Demand":22,"DemandMax":null,"Value":896},{"Length":40,"Height":22,"Demand":28,"DemandMax":null,"Value":880},{"Length":34,"Height":25,"Demand":32,"DemandMax":null,"Value":850},{"Length":33,"Height":25,"Demand":33,"DemandMax":null,"Value":825},{"Length":42,"Height":19,"Demand":40,"DemandMax":null,"Value":798},{"Length":30,"Height":26,"Demand":19,"DemandMax":null,"Value":780},{"Length":60,"Height":13,"Demand":43,"DemandMax":null,"Value":780},{"Length":39,"Height":20,"Demand":27,"DemandMax":null,"Value":780},{"Length":29,"Height":26,"Demand":29,"DemandMax":null,"Value":754},{"Length":30,"Height":25,"Demand":25,"DemandMax":null,"Value":750},{"Length":41,"Height":18,"Demand":30,"DemandMax":null,"Value":738},{"Length":46,"Height":16,"Demand":34,"DemandMax":null,"Value":736},{"Length":49,"Height":15,"Demand":23,"DemandMax":null,"Value":735},{"Length":30,"Height":23,"Demand":23,"DemandMax":null,"Value":690},{"Length":32,"Height":21,"Demand":27,"DemandMax":null,"Value":672},{"Length":55,"Height":12,"Demand":33,"DemandMax":null,"Value":660},{"Length":40,"Height":14,"Demand":42,"DemandMax":null,"Value":560},{"Length":39,"Height":14,"Demand":28,"DemandMax":null,"Value":546},{"Length":40,"Height":13,"Demand":25,"DemandMax":null,"Value":520},{"Length":27,"Height":19,"Demand":32,"DemandMax":null,"Value":513},{"Length":28,"Height":18,"Demand":34,"DemandMax":null,"Value":504},{"Length":27,"Height":18,"Demand":21,"DemandMax":null,"Value":486},{"Length":26,"Height":18,"Demand":35,"DemandMax":null,"Value":468},{"Length":23,"Height":18,"Demand":27,"DemandMax":null,"Value":414},{"Length":28,"Height":14,"Demand":30,"DemandMax":null,"Value":392},{"Length":26,"Height":14,"Demand":29,"DemandMax":null,"Value":364},{"Length":23,"Height":15,"Demand":27,"DemandMax":null,"Value":345},{"Length":21,"Height":16,"Demand":33,"DemandMax":null,"Value":336},{"Length":24,"Height":10,"Demand":43,"DemandMax":null,"Value":240},{"Length":16,"Height":15,"Demand":32,"DemandMax":null,"Value":240},{"Length":15,"Height":13,"Demand":28,"DemandMax":null,"Value":195}]}