{"Name":"MB09_142","Objects":[{"Length":432,"Height":79,"Stock":null,"Cost":34128}],"Items":[{"Length":51,"Height":48,"Demand":16,"DemandMax":null,"Value":2448},{"Length":54,"Height":41,"Demand":15,"DemandMax":null,"Value":2214},{"Length":48,"Height":46,"Demand":14,"DemandMax":null,"Value":2208},{"Length":51,"Height":38,"Demand":13,"DemandMax":null,"Value":1938},{"Length":49,"Height":39,"Demand":12,"DemandMax":null,"Value":1911},{"Length":51,"Height":37,"Demand":13,"DemandMax":null,"Value":1887},{"Length":53,"Height":35,"Demand":16,"DemandMax":null,"Value":1855},{"Length":45,"Height":41,"Demand":20,"DemandMax":null,"Value":1845},{"Length":51,"Height":36,"Demand":17,"DemandMax":null,"Value":1836},{"Length":45,"Height":40,"Demand":13,"DemandMax":null,"Value":1800},{"Length":58,"Height":31,"Demand":8,"DemandMax":null,"Value":1798},{"Length":48,"Height":36,"Demand":12,"DemandMax":null,"Value":1728},{"Length":48,"Height":34,"Demand":13,"DemandMax":null,"Value":1632},{"Length":46,"Height":35,"Demand":16,"DemandMax":null,"Value":1610},{"Length":43,"Height":36,"Demand":18,"DemandMax":null,"Value":1548},{"Length":42,"Height":36,"Demand":12,"DemandMax":null,"Value":1512},{"Length":47,"Height":31,"Demand":13,"DemandMax":null,"Value":1457},{"Length":52,"Height":28,"Demand":23,"DemandMax":null,"Value":1456},{"Length":42,"Height":34,"Demand":13,"DemandMax":null,"Value":1428},{"Length":46,"Height":31,"Demand":7,"DemandMax":null,"Value":1426},{"Length":43,"Height":32,"Demand":20,"DemandMax":null,"Value":1376},{"Length":39,"Height":35,"Demand":16,"DemandMax":null,"Value":1365},{"Length":55,"Height":24,"Demand":14,"DemandMax":null,"Value":1320},{"Length":49,"Height":26,"Demand":16,"DemandMax":null,"Value":1274},{"Length":41,"Height":31,"Demand":9,"DemandMax":null,"Value":1271},{"Length":45,"Height":28,"Demand":18,"DemandMax":null,"Value":1260},{"Length":41,"Height":30,"Demand":16,"DemandMax":null,"Value":1230},{"Length":38,"Height":32,"Demand":12,"DemandMax":null,"Value":1216},{"Length":39,"Height":31,"Demand":16,"DemandMax":null,"Value":1209},{"Length":43,"Height":28,"Demand":13,"DemandMax":null,"Value":1204},{"Length":41,"Height":29,"Demand":16,"DemandMax":null,"Value":1189},{"Length":42,"Height":28,"Demand":15,"DemandMax":null,"Value":1176},{"Length":35,"Height":33,"Demand":18,"DemandMax":null,"Value":1155},{"Length":48,"Height":24,"Demand":13,"DemandMax":null,"Value":1152},{"Length":41,"Height":28,"Demand":10,"DemandMax":null,"Value":1148},{"Length":37,"Height":31,"Demand":17,"DemandMax":null,"Value":1147},{"Length":39,"Height":29,"Demand":13,"DemandMax":null,"Value":1131},{"Length":38,"Height":27,"Demand":18,"DemandMax":null,"Value":1026},{"Length":44,"Height":23,"Demand":17,"DemandMax":null,"Value":1012},{"Length":36,"Height":27,"Demand":10,"DemandMax":null,"Value":972},{"Length":57,"Height":17,"Demand":14,"DemandMax":null,"Value":969},{"Length":35,"Height":27,"Demand":21,"DemandMax":null,"Value":945},{"Length":43,"Height":21,"Demand":27,"DemandMax":null,"Value":903},{"Length":39,"Height":23,"Demand":13,"DemandMax":null,"Value":897},{"Length":56,"Height":16,"Demand":18,"DemandMax":null,"Value":896},{"Length":52,"Height":17,"Demand":15,"DemandMax":null,"Value":884},{"Length":35,"Height":24,"Demand":13,"DemandMax":null,"Value":840},{"Length":38,"Height":22,"Demand":14,"DemandMax":null,"Value":836},{"Length":32,"Height":26,"Demand":14,"DemandMax":null,"Value":832},{"Length":36,"Height":23,"Demand":14,"DemandMax":null,"Value":828},{"Length":59,"Height":14,"Demand":17,"DemandMax":null,"Value":826},{"Length":33,"Height":25,"Demand":16,"DemandMax":null,"Value":825},{"Length":39,"Height":21,"Demand":17,"DemandMax":null,"Value":819},{"Length":43,"Height":19,"Demand":15,"DemandMax":null,"Value":817},{"Length":30,"Height":27,"Demand":15,"DemandMax":null,"Value":810},{"Length":39,"Height":20,"Demand":9,"DemandMax":null,"Value":780},{"Length":32,"Height":24,"Demand":10,"DemandMax":null,"Value":768},{"Length":45,"Height":17,"Demand":17,"DemandMax":null,"Value":765},{"Length":44,"Height":17,"Demand":11,"DemandMax":null,"Value":748},{"Length":37,"Height":20,"Demand":14,"DemandMax":null,"Value":740},{"Length":48,"Height":15,"Demand":16,"DemandMax":null,"Value":720},{"Length":30,"Height":24,"Demand":15,"DemandMax":null,"Value":720},{"Length":45,"Height":16,"Demand":10,"DemandMax":null,"Value":720},{"Length":28,"Height":25,"Demand":12,"DemandMax":null,"Value":700},{"Length":37,"Height":18,"Demand":19,"DemandMax":null,"Value":666},{"Length":27,"Height":24,"Demand":19,"DemandMax":null,"Value":648},{"Length":28,"Height":23,"Demand":18,"DemandMax":null,"Value":644},{"Length":29,"Height":21,"Demand":20,"DemandMax":null,"Value":609},{"Length":30,"Height":20,"Demand":14,"DemandMax":null,"Value":600},{"Length":44,"Height":13,"Demand":13,"DemandMax":null,"Value":572},{"Length":27,"Height":21,"Demand":14,"DemandMax":null,"Value":567},{"Length":27,"Height":20,"Demand":12,"DemandMax":null,"Value":540},{"Length":32,"Height":16,"Demand":15,"DemandMax":null,"Value":512},{"Length":46,"Height":11,"Demand":15,"DemandMax":null,"Value":506},{"Length":24,"Height":21,"Demand":14,"DemandMax":null,"Value":504},{"Length":33,"Height":15,"Demand":12,"DemandMax":null,"Value":495},{"Length":39,"Height":12,"Demand":15,"DemandMax":null,"Value":468},{"Length":31,"Height":15,"Demand":21,"DemandMax":null,"Value":465},{"Length":22,"Height":21,"Demand":13,"DemandMax":null,"Value":462},{"Length":33,"Height":14,"Demand":16,"DemandMax":null,"Value":462},{"Length":23,"Height":19,"Demand":16,"DemandMax":null,"Value":437},{"Length":27,"Height":15,"Demand":14,"DemandMax":null,"Value":405},{"Length":25,"Height":16,"Demand":18,"DemandMax":null,"Value":400},{"Length":23,"Height":16,"Demand":16,"DemandMax":null,"Value":368},{"Length":24,"Height":15,"Demand":16,"DemandMax":null,"Value":360},{"Length":20,"Height":17,"Demand":16,"DemandMax":null,"Value":340},{"Length":26,"Height":13,"Demand":13,"DemandMax":null,"Value":338},{"Length":25,"Height":13,"Demand":11,"DemandMax":null,"Value":325},{"Length":19,"Height":14,"Demand":15,"DemandMax":null,"Value":266},{"Length":24,"Height":11,"Demand":10,"DemandMax":null,"Value":264},{"Length":24,"Height":10,"Demand":11,"DemandMax":null,"Value":240},{"Length":15,"Height":14,"Demand":11,"DemandMax":null,"Value":210},{"Length":18,"Height":11,"Demand":10,"DemandMax":null,"Value":198},{"Length":15,"Height":11,"Demand":11,"DemandMax":null,"Value":165},{"Length":12,"Height":10,"Demand":16,"DemandMax":null,"Value":120}]}