{"Name":"MB07_034","Objects":[{"Length":587,"Height":233,"Stock":null,"Cost":136771}],"Items":[{"Length":59,"Height":29,"Demand":195,"DemandMax":null,"Value":1711},{"Length":58,"Height":23,"Demand":187,"DemandMax":null,"Value":1334},{"Length":56,"Height":16,"Demand":192,"DemandMax":null,"Value":896},{"Length":39,"Height":22,"Demand":187,"DemandMax":null,"Value":858},{"Length":27,"Height":24,"Demand":186,"DemandMax":null,"Value":648},{"Length":32,"Height":16,"Demand":182,"DemandMax":null,"Value":512},{"Length":22,"Height":17,"Demand":167,"DemandMax":null,"Value":374},{"Length":26,"Height":14,"Demand":207,"DemandMax":null,"Value":364},{"Length":18,"Height":15,"Demand":186,"DemandMax":null,"Value":270},{"Length":16,"Height":14,"Demand":193,"DemandMax":null,"Value":224}]}