{"Name":"MB10_023","Objects":[{"Length":432,"Height":79,"Stock":null,"Cost":34128}],"Items":[{"Length":58,"Height":44,"Demand":22,"DemandMax":null,"Value":2552},{"Length":54,"Height":46,"Demand":18,"DemandMax":null,"Value":2484},{"Length":50,"Height":48,"Demand":17,"DemandMax":null,"Value":2400},{"Length":48,"Height":48,"Demand":13,"DemandMax":null,"Value":2304},{"Length":51,"Height":44,"Demand":29,"DemandMax":null,"Value":2244},{"Length":56,"Height":40,"Demand":24,"DemandMax":null,"Value":2240},{"Length":45,"Height":43,"Demand":19,"DemandMax":null,"Value":1935},{"Length":45,"Height":41,"Demand":22,"DemandMax":null,"Value":1845},{"Length":51,"Height":34,"Demand":11,"DemandMax":null,"Value":1734},{"Length":52,"Height":33,"Demand":21,"DemandMax":null,"Value":1716},{"Length":44,"Height":39,"Demand":20,"DemandMax":null,"Value":1716},{"Length":56,"Height":30,"Demand":18,"DemandMax":null,"Value":1680},{"Length":42,"Height":40,"Demand":15,"DemandMax":null,"Value":1680},{"Length":46,"Height":35,"Demand":13,"DemandMax":null,"Value":1610},{"Length":47,"Height":33,"Demand":16,"DemandMax":null,"Value":1551},{"Length":49,"Height":31,"Demand":22,"DemandMax":null,"Value":1519},{"Length":59,"Height":23,"Demand":17,"DemandMax":null,"Value":1357},{"Length":53,"Height":24,"Demand":22,"DemandMax":null,"Value":1272},{"Length":40,"Height":31,"Demand":18,"DemandMax":null,"Value":1240},{"Length":39,"Height":31,"Demand":21,"DemandMax":null,"Value":1209},{"Length":39,"Height":30,"Demand":27,"DemandMax":null,"Value":1170},{"Length":36,"Height":32,"Demand":23,"DemandMax":null,"Value":1152},{"Length":39,"Height":26,"Demand":21,"DemandMax":null,"Value":1014},{"Length":34,"Height":29,"Demand":18,"DemandMax":null,"Value":986},{"Length":38,"Height":24,"Demand":21,"DemandMax":null,"Value":912},{"Length":31,"Height":29,"Demand":13,"DemandMax":null,"Value":899},{"Length":39,"Height":23,"Demand":20,"DemandMax":null,"Value":897},{"Length":38,"Height":23,"Demand":17,"DemandMax":null,"Value":874},{"Length":36,"Height":24,"Demand":21,"DemandMax":null,"Value":864},{"Length":43,"Height":20,"Demand":17,"DemandMax":null,"Value":860},{"Length":39,"Height":22,"Demand":17,"DemandMax":null,"Value":858},{"Length":29,"Height":29,"Demand":17,"DemandMax":null,"Value":841},{"Length":29,"Height":28,"Demand":21,"DemandMax":null,"Value":812},{"Length":35,"Height":23,"Demand":13,"DemandMax":null,"Value":805},{"Length":56,"Height":14,"Demand":21,"DemandMax":null,"Value":784},{"Length":32,"Height":23,"Demand":19,"DemandMax":null,"Value":736},{"Length":35,"Height":21,"Demand":15,"DemandMax":null,"Value":735},{"Length":50,"Height":14,"Demand":17,"DemandMax":null,"Value":700},{"Length":43,"Height":16,"Demand":19,"DemandMax":null,"Value":688},{"Length":34,"Height":20,"Demand":17,"DemandMax":null,"Value":680},{"Length":28,"Height":24,"Demand":15,"DemandMax":null,"Value":672},{"Length":29,"Height":23,"Demand":31,"DemandMax":null,"Value":667},{"Length":26,"Height":25,"Demand":20,"DemandMax":null,"Value":650},{"Length":45,"Height":14,"Demand":15,"DemandMax":null,"Value":630},{"Length":37,"Height":17,"Demand":20,"DemandMax":null,"Value":629},{"Length":36,"Height":17,"Demand":18,"DemandMax":null,"Value":612},{"Length":34,"Height":18,"Demand":23,"DemandMax":null,"Value":612},{"Length":29,"Height":21,"Demand":28,"DemandMax":null,"Value":609},{"Length":32,"Height":19,"Demand":14,"DemandMax":null,"Value":608},{"Length":25,"Height":24,"Demand":18,"DemandMax":null,"Value":600},{"Length":30,"Height":20,"Demand":16,"DemandMax":null,"Value":600},{"Length":39,"Height":15,"Demand":16,"DemandMax":null,"Value":585},{"Length":28,"Height":20,"Demand":14,"DemandMax":null,"Value":560},{"Length":36,"Height":15,"Demand":21,"DemandMax":null,"Value":540},{"Length":30,"Height":18,"Demand":14,"DemandMax":null,"Value":540},{"Length":49,"Height":11,"Demand":15,"DemandMax":null,"Value":539},{"Length":33,"Height":16,"Demand":17,"DemandMax":null,"Value":528},{"Length":25,"Height":21,"Demand":14,"DemandMax":null,"Value":525},{"Length":40,"Height":13,"Demand":12,"DemandMax":null,"Value":520},{"Length":46,"Height":11,"Demand":20,"DemandMax":null,"Value":506},{"Length":35,"Height":14,"Demand":19,"DemandMax":null,"Value":490},{"Length":30,"Height":16,"Demand":19,"DemandMax":null,"Value":480},{"Length":23,"Height":20,"Demand":23,"DemandMax":null,"Value":460},{"Length":25,"Height":18,"Demand":22,"DemandMax":null,"Value":450},{"Length":28,"Height":16,"Demand":21,"DemandMax":null,"Value":448},{"Length":26,"Height":16,"Demand":12,"DemandMax":null,"Value":416},{"Length":20,"Height":20,"Demand":18,"DemandMax":null,"Value":400},{"Length":22,"Height":18,"Demand":20,"DemandMax":null,"Value":396},{"Length":24,"Height":16,"Demand":15,"DemandMax":null,"Value":384},{"Length":19,"Height":19,"Demand":9,"DemandMax":null,"Value":361},{"Length":29,"Height":12,"Demand":14,"DemandMax":null,"Value":348},{"Length":21,"Height":16,"Demand":15,"DemandMax":null,"Value":336},{"Length":28,"Height":12,"Demand":11,"DemandMax":null,"Value":336},{"Length":25,"Height":12,"Demand":20,"DemandMax":null,"Value":300},{"Length":21,"Height":12,"Demand":19,"DemandMax":null,"Value":252},{"Length":18,"Height":14,"Demand":14,"DemandMax":null,"Value":252},{"Length":16,"Height":15,"Demand":15,"DemandMax":null,"Value":240},{"Length":20,"Height":11,"Demand":17,"DemandMax":null,"Value":220}]}