{"Name":"MB10_001","Objects":[{"Length":432,"Height":79,"Stock":null,"Cost":34128}],"Items":[{"Length":59,"Height":39,"Demand":42,"DemandMax":null,"Value":2301},{"Length":48,"Height":40,"Demand":61,"DemandMax":null,"Value":1920},{"Length":47,"Height":38,"Demand":53,"DemandMax":null,"Value":1786},{"Length":51,"Height":32,"Demand":55,"DemandMax":null,"Value":1632},{"Length":45,"Height":31,"Demand":52,"DemandMax":null,"Value":1395},{"Length":47,"Height":27,"Demand":47,"DemandMax":null,"Value":1269},{"Length":40,"Height":27,"Demand":36,"DemandMax":null,"Value":1080},{"Length":37,"Height":29,"Demand":45,"DemandMax":null,"Value":1073},{"Length":35,"Height":27,"Demand":54,"DemandMax":null,"Value":945},{"Length":42,"Height":22,"Demand":51,"DemandMax":null,"Value":924},{"Length":56,"Height":16,"Demand":54,"DemandMax":null,"Value":896},{"Length":47,"Height":19,"Demand":39,"DemandMax":null,"Value":893},{"Length":40,"Height":22,"Demand":40,"DemandMax":null,"Value":880},{"Length":44,"Height":19,"Demand":65,"DemandMax":null,"Value":836},{"Length":32,"Height":26,"Demand":46,"DemandMax":null,"Value":832},{"Length":38,"Height":21,"Demand":48,"DemandMax":null,"Value":798},{"Length":60,"Height":13,"Demand":45,"DemandMax":null,"Value":780},{"Length":39,"Height":19,"Demand":59,"DemandMax":null,"Value":741},{"Length":55,"Height":12,"Demand":52,"DemandMax":null,"Value":660},{"Length":37,"Height":17,"Demand":56,"DemandMax":null,"Value":629},{"Length":42,"Height":14,"Demand":51,"DemandMax":null,"Value":588},{"Length":38,"Height":15,"Demand":52,"DemandMax":null,"Value":570},{"Length":28,"Height":18,"Demand":55,"DemandMax":null,"Value":504},{"Length":25,"Height":20,"Demand":44,"DemandMax":null,"Value":500},{"Length":33,"Height":15,"Demand":67,"DemandMax":null,"Value":495},{"Length":28,"Height":16,"Demand":52,"DemandMax":null,"Value":448},{"Length":23,"Height":18,"Demand":55,"DemandMax":null,"Value":414},{"Length":18,"Height":14,"Demand":58,"DemandMax":null,"Value":252},{"Length":16,"Height":15,"Demand":39,"DemandMax":null,"Value":240},{"Length":12,"Height":10,"Demand":50,"DemandMax":null,"Value":120}]}