{"Name":"MB08_069","Objects":[{"Length":587,"Height":233,"Stock":null,"Cost":136771}],"Items":[{"Length":58,"Height":48,"Demand":5,"DemandMax":null,"Value":2784},{"Length":54,"Height":49,"Demand":8,"DemandMax":null,"Value":2646},{"Length":59,"Height":43,"Demand":11,"DemandMax":null,"Value":2537},{"Length":55,"Height":45,"Demand":7,"DemandMax":null,"Value":2475},{"Length":52,"Height":45,"Demand":8,"DemandMax":null,"Value":2340},{"Length":49,"Height":47,"Demand":11,"DemandMax":null,"Value":2303},{"Length":50,"Height":45,"Demand":7,"DemandMax":null,"Value":2250},{"Length":57,"Height":39,"Demand":4,"DemandMax":null,"Value":2223},{"Length":56,"Height":39,"Demand":4,"DemandMax":null,"Value":2184},{"Length":57,"Height":38,"Demand":2,"DemandMax":null,"Value":2166},{"Length":52,"Height":40,"Demand":8,"DemandMax":null,"Value":2080},{"Length":55,"Height":37,"Demand":6,"DemandMax":null,"Value":2035},{"Length":49,"Height":41,"Demand":5,"DemandMax":null,"Value":2009},{"Length":60,"Height":33,"Demand":10,"DemandMax":null,"Value":1980},{"Length":48,"Height":41,"Demand":6,"DemandMax":null,"Value":1968},{"Length":54,"Height":36,"Demand":5,"DemandMax":null,"Value":1944},{"Length":55,"Height":35,"Demand":10,"DemandMax":null,"Value":1925},{"Length":48,"Height":39,"Demand":9,"DemandMax":null,"Value":1872},{"Length":54,"Height":34,"Demand":4,"DemandMax":null,"Value":1836},{"Length":47,"Height":39,"Demand":4,"DemandMax":null,"Value":1833},{"Length":45,"Height":40,"Demand":7,"DemandMax":null,"Value":1800},{"Length":46,"Height":39,"Demand":9,"DemandMax":null,"Value":1794},{"Length":43,"Height":40,"Demand":9,"DemandMax":null,"Value":1720},{"Length":59,"Height":29,"Demand":8,"DemandMax":null,"Value":1711},{"Length":51,"Height":33,"Demand":5,"DemandMax":null,"Value":1683},{"Length":48,"Height":35,"Demand":8,"DemandMax":null,"Value":1680},{"Length":57,"Height":29,"Demand":4,"DemandMax":null,"Value":1653},{"Length":59,"Height":28,"Demand":7,"DemandMax":null,"Value":1652},{"Length":50,"Height":33,"Demand":12,"DemandMax":null,"Value":1650},{"Length":43,"Height":38,"Demand":3,"DemandMax":null,"Value":1634},{"Length":58,"Height":28,"Demand":11,"DemandMax":null,"Value":1624},{"Length":49,"Height":32,"Demand":9,"DemandMax":null,"Value":1568},{"Length":54,"Height":29,"Demand":7,"DemandMax":null,"Value":1566},{"Length":52,"Height":30,"Demand":7,"DemandMax":null,"Value":1560},{"Length":42,"Height":36,"Demand":4,"DemandMax":null,"Value":1512},{"Length":39,"Height":38,"Demand":9,"DemandMax":null,"Value":1482},{"Length":57,"Height":26,"Demand":8,"DemandMax":null,"Value":1482},{"Length":51,"Height":29,"Demand":8,"DemandMax":null,"Value":1479},{"Length":46,"Height":32,"Demand":9,"DemandMax":null,"Value":1472},{"Length":56,"Height":26,"Demand":9,"DemandMax":null,"Value":1456},{"Length":44,"Height":33,"Demand":3,"DemandMax":null,"Value":1452},{"Length":46,"Height":31,"Demand":5,"DemandMax":null,"Value":1426},{"Length":49,"Height":29,"Demand":5,"DemandMax":null,"Value":1421},{"Length":54,"Height":26,"Demand":8,"DemandMax":null,"Value":1404},{"Length":39,"Height":35,"Demand":8,"DemandMax":null,"Value":1365},{"Length":55,"Height":24,"Demand":10,"DemandMax":null,"Value":1320},{"Length":59,"Height":22,"Demand":4,"DemandMax":null,"Value":1298},{"Length":37,"Height":35,"Demand":8,"DemandMax":null,"Value":1295},{"Length":45,"Height":28,"Demand":8,"DemandMax":null,"Value":1260},{"Length":37,"Height":34,"Demand":9,"DemandMax":null,"Value":1258},{"Length":57,"Height":22,"Demand":4,"DemandMax":null,"Value":1254},{"Length":48,"Height":26,"Demand":6,"DemandMax":null,"Value":1248},{"Length":40,"Height":31,"Demand":6,"DemandMax":null,"Value":1240},{"Length":35,"Height":35,"Demand":6,"DemandMax":null,"Value":1225},{"Length":37,"Height":33,"Demand":6,"DemandMax":null,"Value":1221},{"Length":42,"Height":29,"Demand":4,"DemandMax":null,"Value":1218},{"Length":43,"Height":28,"Demand":7,"DemandMax":null,"Value":1204},{"Length":57,"Height":21,"Demand":2,"DemandMax":null,"Value":1197},{"Length":44,"Height":27,"Demand":7,"DemandMax":null,"Value":1188},{"Length":36,"Height":33,"Demand":7,"DemandMax":null,"Value":1188},{"Length":37,"Height":32,"Demand":9,"DemandMax":null,"Value":1184},{"Length":37,"Height":31,"Demand":5,"DemandMax":null,"Value":1147},{"Length":54,"Height":21,"Demand":7,"DemandMax":null,"Value":1134},{"Length":34,"Height":33,"Demand":10,"DemandMax":null,"Value":1122},{"Length":35,"Height":32,"Demand":5,"DemandMax":null,"Value":1120},{"Length":36,"Height":31,"Demand":6,"DemandMax":null,"Value":1116},{"Length":42,"Height":26,"Demand":5,"DemandMax":null,"Value":1092},{"Length":35,"Height":31,"Demand":11,"DemandMax":null,"Value":1085},{"Length":47,"Height":23,"Demand":4,"DemandMax":null,"Value":1081},{"Length":43,"Height":25,"Demand":8,"DemandMax":null,"Value":1075},{"Length":38,"Height":28,"Demand":8,"DemandMax":null,"Value":1064},{"Length":46,"Height":23,"Demand":10,"DemandMax":null,"Value":1058},{"Length":49,"Height":21,"Demand":5,"DemandMax":null,"Value":1029},{"Length":38,"Height":27,"Demand":8,"DemandMax":null,"Value":1026},{"Length":60,"Height":17,"Demand":8,"DemandMax":null,"Value":1020},{"Length":44,"Height":23,"Demand":6,"DemandMax":null,"Value":1012},{"Length":36,"Height":28,"Demand":10,"DemandMax":null,"Value":1008},{"Length":42,"Height":24,"Demand":9,"DemandMax":null,"Value":1008},{"Length":50,"Height":20,"Demand":7,"DemandMax":null,"Value":1000},{"Length":34,"Height":29,"Demand":5,"DemandMax":null,"Value":986},{"Length":44,"Height":22,"Demand":3,"DemandMax":null,"Value":968},{"Length":31,"Height":31,"Demand":3,"DemandMax":null,"Value":961},{"Length":32,"Height":30,"Demand":8,"DemandMax":null,"Value":960},{"Length":41,"Height":23,"Demand":4,"DemandMax":null,"Value":943},{"Length":32,"Height":29,"Demand":7,"DemandMax":null,"Value":928},{"Length":42,"Height":22,"Demand":6,"DemandMax":null,"Value":924},{"Length":46,"Height":20,"Demand":3,"DemandMax":null,"Value":920},{"Length":40,"Height":23,"Demand":11,"DemandMax":null,"Value":920},{"Length":35,"Height":26,"Demand":11,"DemandMax":null,"Value":910},{"Length":36,"Height":25,"Demand":7,"DemandMax":null,"Value":900},{"Length":47,"Height":19,"Demand":5,"DemandMax":null,"Value":893},{"Length":35,"Height":25,"Demand":6,"DemandMax":null,"Value":875},{"Length":36,"Height":24,"Demand":5,"DemandMax":null,"Value":864},{"Length":32,"Height":27,"Demand":5,"DemandMax":null,"Value":864},{"Length":39,"Height":22,"Demand":15,"DemandMax":null,"Value":858},{"Length":33,"Height":26,"Demand":7,"DemandMax":null,"Value":858},{"Length":37,"Height":23,"Demand":10,"DemandMax":null,"Value":851},{"Length":35,"Height":24,"Demand":8,"DemandMax":null,"Value":840},{"Length":30,"Height":28,"Demand":7,"DemandMax":null,"Value":840},{"Length":31,"Height":27,"Demand":8,"DemandMax":null,"Value":837},{"Length":34,"Height":24,"Demand":11,"DemandMax":null,"Value":816},{"Length":30,"Height":27,"Demand":6,"DemandMax":null,"Value":810},{"Length":40,"Height":20,"Demand":7,"DemandMax":null,"Value":800},{"Length":32,"Height":25,"Demand":11,"DemandMax":null,"Value":800},{"Length":42,"Height":19,"Demand":12,"DemandMax":null,"Value":798},{"Length":28,"Height":28,"Demand":8,"DemandMax":null,"Value":784},{"Length":45,"Height":17,"Demand":7,"DemandMax":null,"Value":765},{"Length":38,"Height":20,"Demand":6,"DemandMax":null,"Value":760},{"Length":40,"Height":19,"Demand":3,"DemandMax":null,"Value":760},{"Length":33,"Height":23,"Demand":7,"DemandMax":null,"Value":759},{"Length":28,"Height":27,"Demand":7,"DemandMax":null,"Value":756},{"Length":49,"Height":15,"Demand":7,"DemandMax":null,"Value":735},{"Length":28,"Height":26,"Demand":6,"DemandMax":null,"Value":728},{"Length":33,"Height":22,"Demand":11,"DemandMax":null,"Value":726},{"Length":29,"Height":25,"Demand":8,"DemandMax":null,"Value":725},{"Length":38,"Height":19,"Demand":7,"DemandMax":null,"Value":722},{"Length":48,"Height":15,"Demand":7,"DemandMax":null,"Value":720},{"Length":36,"Height":20,"Demand":7,"DemandMax":null,"Value":720},{"Length":44,"Height":16,"Demand":4,"DemandMax":null,"Value":704},{"Length":27,"Height":26,"Demand":4,"DemandMax":null,"Value":702},{"Length":33,"Height":21,"Demand":5,"DemandMax":null,"Value":693},{"Length":36,"Height":19,"Demand":6,"DemandMax":null,"Value":684},{"Length":38,"Height":18,"Demand":4,"DemandMax":null,"Value":684},{"Length":57,"Height":12,"Demand":5,"DemandMax":null,"Value":684},{"Length":42,"Height":16,"Demand":8,"DemandMax":null,"Value":672},{"Length":28,"Height":24,"Demand":12,"DemandMax":null,"Value":672},{"Length":39,"Height":17,"Demand":4,"DemandMax":null,"Value":663},{"Length":26,"Height":25,"Demand":4,"DemandMax":null,"Value":650},{"Length":36,"Height":18,"Demand":6,"DemandMax":null,"Value":648},{"Length":42,"Height":15,"Demand":12,"DemandMax":null,"Value":630},{"Length":30,"Height":21,"Demand":5,"DemandMax":null,"Value":630},{"Length":28,"Height":22,"Demand":13,"DemandMax":null,"Value":616},{"Length":41,"Height":15,"Demand":5,"DemandMax":null,"Value":615},{"Length":40,"Height":15,"Demand":4,"DemandMax":null,"Value":600},{"Length":26,"Height":23,"Demand":10,"DemandMax":null,"Value":598},{"Length":35,"Height":17,"Demand":8,"DemandMax":null,"Value":595},{"Length":33,"Height":18,"Demand":5,"DemandMax":null,"Value":594},{"Length":39,"Height":15,"Demand":10,"DemandMax":null,"Value":585},{"Length":48,"Height":12,"Demand":5,"DemandMax":null,"Value":576},{"Length":36,"Height":15,"Demand":4,"DemandMax":null,"Value":540},{"Length":28,"Height":19,"Demand":6,"DemandMax":null,"Value":532},{"Length":33,"Height":16,"Demand":8,"DemandMax":null,"Value":528},{"Length":29,"Height":18,"Demand":6,"DemandMax":null,"Value":522},{"Length":27,"Height":19,"Demand":6,"DemandMax":null,"Value":513},{"Length":36,"Height":14,"Demand":5,"DemandMax":null,"Value":504},{"Length":28,"Height":18,"Demand":11,"DemandMax":null,"Value":504},{"Length":29,"Height":17,"Demand":4,"DemandMax":null,"Value":493},{"Length":41,"Height":12,"Demand":6,"DemandMax":null,"Value":492},{"Length":22,"Height":22,"Demand":3,"DemandMax":null,"Value":484},{"Length":37,"Height":13,"Demand":5,"DemandMax":null,"Value":481},{"Length":40,"Height":12,"Demand":8,"DemandMax":null,"Value":480},{"Length":30,"Height":16,"Demand":4,"DemandMax":null,"Value":480},{"Length":25,"Height":19,"Demand":11,"DemandMax":null,"Value":475},{"Length":26,"Height":18,"Demand":5,"DemandMax":null,"Value":468},{"Length":46,"Height":10,"Demand":11,"DemandMax":null,"Value":460},{"Length":35,"Height":13,"Demand":7,"DemandMax":null,"Value":455},{"Length":23,"Height":19,"Demand":6,"DemandMax":null,"Value":437},{"Length":33,"Height":13,"Demand":10,"DemandMax":null,"Value":429},{"Length":21,"Height":20,"Demand":11,"DemandMax":null,"Value":420},{"Length":26,"Height":16,"Demand":12,"DemandMax":null,"Value":416},{"Length":27,"Height":15,"Demand":9,"DemandMax":null,"Value":405},{"Length":25,"Height":16,"Demand":10,"DemandMax":null,"Value":400},{"Length":21,"Height":19,"Demand":8,"DemandMax":null,"Value":399},{"Length":36,"Height":11,"Demand":11,"DemandMax":null,"Value":396},{"Length":24,"Height":16,"Demand":10,"DemandMax":null,"Value":384},{"Length":21,"Height":18,"Demand":12,"DemandMax":null,"Value":378},{"Length":29,"Height":13,"Demand":4,"DemandMax":null,"Value":377},{"Length":31,"Height":12,"Demand":5,"DemandMax":null,"Value":372},{"Length":24,"Height":15,"Demand":10,"DemandMax":null,"Value":360},{"Length":35,"Height":10,"Demand":5,"DemandMax":null,"Value":350},{"Length":18,"Height":17,"Demand":11,"DemandMax":null,"Value":306},{"Length":19,"Height":16,"Demand":5,"DemandMax":null,"Value":304},{"Length":20,"Height":15,"Demand":8,"DemandMax":null,"Value":300},{"Length":27,"Height":11,"Demand":3,"DemandMax":null,"Value":297},{"Length":21,"Height":14,"Demand":7,"DemandMax":null,"Value":294},{"Length":27,"Height":10,"Demand":12,"DemandMax":null,"Value":270},{"Length":18,"Height":15,"Demand":4,"DemandMax":null,"Value":270},{"Length":16,"Height":16,"Demand":4,"DemandMax":null,"Value":256},{"Length":17,"Height":15,"Demand":4,"DemandMax":null,"Value":255},{"Length":19,"Height":13,"Demand":4,"DemandMax":null,"Value":247},{"Length":17,"Height":14,"Demand":4,"DemandMax":null,"Value":238},{"Length":16,"Height":14,"Demand":7,"DemandMax":null,"Value":224},{"Length":15,"Height":14,"Demand":6,"DemandMax":null,"Value":210}]}