{"Name":"MB09_063","Objects":[{"Length":432,"Height":79,"Stock":null,"Cost":34128}],"Items":[{"Length":59,"Height":30,"Demand":80,"DemandMax":null,"Value":1770},{"Length":51,"Height":31,"Demand":81,"DemandMax":null,"Value":1581},{"Length":48,"Height":31,"Demand":75,"DemandMax":null,"Value":1488},{"Length":37,"Height":34,"Demand":80,"DemandMax":null,"Value":1258},{"Length":45,"Height":25,"Demand":64,"DemandMax":null,"Value":1125},{"Length":35,"Height":32,"Demand":62,"DemandMax":null,"Value":1120},{"Length":36,"Height":31,"Demand":82,"DemandMax":null,"Value":1116},{"Length":51,"Height":19,"Demand":88,"DemandMax":null,"Value":969},{"Length":50,"Height":17,"Demand":66,"DemandMax":null,"Value":850},{"Length":30,"Height":28,"Demand":76,"DemandMax":null,"Value":840},{"Length":42,"Height":19,"Demand":82,"DemandMax":null,"Value":798},{"Length":30,"Height":24,"Demand":106,"DemandMax":null,"Value":720},{"Length":48,"Height":13,"Demand":86,"DemandMax":null,"Value":624},{"Length":28,"Height":20,"Demand":83,"DemandMax":null,"Value":560},{"Length":25,"Height":21,"Demand":84,"DemandMax":null,"Value":525},{"Length":27,"Height":17,"Demand":64,"DemandMax":null,"Value":459},{"Length":23,"Height":18,"Demand":80,"DemandMax":null,"Value":414},{"Length":24,"Height":15,"Demand":85,"DemandMax":null,"Value":360},{"Length":21,"Height":15,"Demand":75,"DemandMax":null,"Value":315},{"Length":15,"Height":13,"Demand":68,"DemandMax":null,"Value":195}]}