{"Name":"MB10_037","Objects":[{"Length":432,"Height":79,"Stock":null,"Cost":34128}],"Items":[{"Length":54,"Height":46,"Demand":11,"DemandMax":null,"Value":2484},{"Length":54,"Height":42,"Demand":11,"DemandMax":null,"Value":2268},{"Length":57,"Height":38,"Demand":18,"DemandMax":null,"Value":2166},{"Length":48,"Height":45,"Demand":10,"DemandMax":null,"Value":2160},{"Length":56,"Height":37,"Demand":12,"DemandMax":null,"Value":2072},{"Length":46,"Height":45,"Demand":10,"DemandMax":null,"Value":2070},{"Length":49,"Height":40,"Demand":14,"DemandMax":null,"Value":1960},{"Length":49,"Height":38,"Demand":18,"DemandMax":null,"Value":1862},{"Length":53,"Height":35,"Demand":12,"DemandMax":null,"Value":1855},{"Length":54,"Height":34,"Demand":14,"DemandMax":null,"Value":1836},{"Length":44,"Height":41,"Demand":13,"DemandMax":null,"Value":1804},{"Length":49,"Height":36,"Demand":19,"DemandMax":null,"Value":1764},{"Length":54,"Height":32,"Demand":18,"DemandMax":null,"Value":1728},{"Length":59,"Height":28,"Demand":12,"DemandMax":null,"Value":1652},{"Length":52,"Height":31,"Demand":18,"DemandMax":null,"Value":1612},{"Length":52,"Height":30,"Demand":16,"DemandMax":null,"Value":1560},{"Length":41,"Height":38,"Demand":11,"DemandMax":null,"Value":1558},{"Length":42,"Height":37,"Demand":16,"DemandMax":null,"Value":1554},{"Length":40,"Height":36,"Demand":14,"DemandMax":null,"Value":1440},{"Length":37,"Height":36,"Demand":15,"DemandMax":null,"Value":1332},{"Length":50,"Height":26,"Demand":16,"DemandMax":null,"Value":1300},{"Length":52,"Height":25,"Demand":13,"DemandMax":null,"Value":1300},{"Length":36,"Height":36,"Demand":11,"DemandMax":null,"Value":1296},{"Length":39,"Height":32,"Demand":13,"DemandMax":null,"Value":1248},{"Length":44,"Height":28,"Demand":15,"DemandMax":null,"Value":1232},{"Length":50,"Height":24,"Demand":16,"DemandMax":null,"Value":1200},{"Length":57,"Height":21,"Demand":14,"DemandMax":null,"Value":1197},{"Length":41,"Height":29,"Demand":19,"DemandMax":null,"Value":1189},{"Length":59,"Height":20,"Demand":12,"DemandMax":null,"Value":1180},{"Length":39,"Height":30,"Demand":12,"DemandMax":null,"Value":1170},{"Length":42,"Height":27,"Demand":13,"DemandMax":null,"Value":1134},{"Length":50,"Height":22,"Demand":9,"DemandMax":null,"Value":1100},{"Length":33,"Height":33,"Demand":15,"DemandMax":null,"Value":1089},{"Length":35,"Height":31,"Demand":11,"DemandMax":null,"Value":1085},{"Length":43,"Height":25,"Demand":16,"DemandMax":null,"Value":1075},{"Length":41,"Height":26,"Demand":15,"DemandMax":null,"Value":1066},{"Length":54,"Height":19,"Demand":17,"DemandMax":null,"Value":1026},{"Length":46,"Height":22,"Demand":23,"DemandMax":null,"Value":1012},{"Length":45,"Height":22,"Demand":20,"DemandMax":null,"Value":990},{"Length":36,"Height":27,"Demand":8,"DemandMax":null,"Value":972},{"Length":46,"Height":21,"Demand":6,"DemandMax":null,"Value":966},{"Length":56,"Height":17,"Demand":12,"DemandMax":null,"Value":952},{"Length":43,"Height":22,"Demand":18,"DemandMax":null,"Value":946},{"Length":42,"Height":22,"Demand":17,"DemandMax":null,"Value":924},{"Length":36,"Height":25,"Demand":15,"DemandMax":null,"Value":900},{"Length":35,"Height":25,"Demand":16,"DemandMax":null,"Value":875},{"Length":46,"Height":19,"Demand":22,"DemandMax":null,"Value":874},{"Length":43,"Height":20,"Demand":8,"DemandMax":null,"Value":860},{"Length":47,"Height":18,"Demand":6,"DemandMax":null,"Value":846},{"Length":40,"Height":21,"Demand":14,"DemandMax":null,"Value":840},{"Length":48,"Height":17,"Demand":21,"DemandMax":null,"Value":816},{"Length":30,"Height":27,"Demand":12,"DemandMax":null,"Value":810},{"Length":35,"Height":23,"Demand":18,"DemandMax":null,"Value":805},{"Length":38,"Height":21,"Demand":14,"DemandMax":null,"Value":798},{"Length":43,"Height":18,"Demand":14,"DemandMax":null,"Value":774},{"Length":32,"Height":24,"Demand":13,"DemandMax":null,"Value":768},{"Length":48,"Height":16,"Demand":19,"DemandMax":null,"Value":768},{"Length":58,"Height":13,"Demand":11,"DemandMax":null,"Value":754},{"Length":30,"Height":25,"Demand":17,"DemandMax":null,"Value":750},{"Length":34,"Height":22,"Demand":11,"DemandMax":null,"Value":748},{"Length":45,"Height":16,"Demand":16,"DemandMax":null,"Value":720},{"Length":31,"Height":23,"Demand":10,"DemandMax":null,"Value":713},{"Length":35,"Height":20,"Demand":20,"DemandMax":null,"Value":700},{"Length":46,"Height":15,"Demand":13,"DemandMax":null,"Value":690},{"Length":26,"Height":26,"Demand":10,"DemandMax":null,"Value":676},{"Length":27,"Height":25,"Demand":19,"DemandMax":null,"Value":675},{"Length":37,"Height":18,"Demand":16,"DemandMax":null,"Value":666},{"Length":45,"Height":14,"Demand":20,"DemandMax":null,"Value":630},{"Length":48,"Height":13,"Demand":14,"DemandMax":null,"Value":624},{"Length":46,"Height":13,"Demand":16,"DemandMax":null,"Value":598},{"Length":37,"Height":16,"Demand":20,"DemandMax":null,"Value":592},{"Length":36,"Height":16,"Demand":36,"DemandMax":null,"Value":576},{"Length":48,"Height":12,"Demand":14,"DemandMax":null,"Value":576},{"Length":38,"Height":15,"Demand":14,"DemandMax":null,"Value":570},{"Length":57,"Height":10,"Demand":19,"DemandMax":null,"Value":570},{"Length":25,"Height":22,"Demand":11,"DemandMax":null,"Value":550},{"Length":26,"Height":21,"Demand":8,"DemandMax":null,"Value":546},{"Length":30,"Height":18,"Demand":12,"DemandMax":null,"Value":540},{"Length":38,"Height":13,"Demand":10,"DemandMax":null,"Value":494},{"Length":35,"Height":14,"Demand":12,"DemandMax":null,"Value":490},{"Length":24,"Height":20,"Demand":15,"DemandMax":null,"Value":480},{"Length":24,"Height":18,"Demand":25,"DemandMax":null,"Value":432},{"Length":27,"Height":16,"Demand":9,"DemandMax":null,"Value":432},{"Length":33,"Height":13,"Demand":18,"DemandMax":null,"Value":429},{"Length":22,"Height":18,"Demand":12,"DemandMax":null,"Value":396},{"Length":28,"Height":14,"Demand":10,"DemandMax":null,"Value":392},{"Length":24,"Height":16,"Demand":8,"DemandMax":null,"Value":384},{"Length":20,"Height":19,"Demand":10,"DemandMax":null,"Value":380},{"Length":21,"Height":18,"Demand":11,"DemandMax":null,"Value":378},{"Length":22,"Height":17,"Demand":12,"DemandMax":null,"Value":374},{"Length":31,"Height":12,"Demand":11,"DemandMax":null,"Value":372},{"Length":37,"Height":10,"Demand":13,"DemandMax":null,"Value":370},{"Length":30,"Height":12,"Demand":20,"DemandMax":null,"Value":360},{"Length":20,"Height":18,"Demand":13,"DemandMax":null,"Value":360},{"Length":27,"Height":13,"Demand":11,"DemandMax":null,"Value":351},{"Length":23,"Height":13,"Demand":14,"DemandMax":null,"Value":299},{"Length":15,"Height":14,"Demand":15,"DemandMax":null,"Value":210}]}