{"Name":"MB09_058","Objects":[{"Length":432,"Height":79,"Stock":null,"Cost":34128}],"Items":[{"Length":52,"Height":49,"Demand":76,"DemandMax":null,"Value":2548},{"Length":49,"Height":49,"Demand":65,"DemandMax":null,"Value":2401},{"Length":53,"Height":33,"Demand":67,"DemandMax":null,"Value":1749},{"Length":39,"Height":37,"Demand":96,"DemandMax":null,"Value":1443},{"Length":57,"Height":22,"Demand":80,"DemandMax":null,"Value":1254},{"Length":42,"Height":29,"Demand":74,"DemandMax":null,"Value":1218},{"Length":40,"Height":27,"Demand":71,"DemandMax":null,"Value":1080},{"Length":37,"Height":29,"Demand":74,"DemandMax":null,"Value":1073},{"Length":39,"Height":23,"Demand":65,"DemandMax":null,"Value":897},{"Length":33,"Height":24,"Demand":87,"DemandMax":null,"Value":792},{"Length":37,"Height":21,"Demand":90,"DemandMax":null,"Value":777},{"Length":59,"Height":13,"Demand":82,"DemandMax":null,"Value":767},{"Length":30,"Height":19,"Demand":72,"DemandMax":null,"Value":570},{"Length":28,"Height":18,"Demand":93,"DemandMax":null,"Value":504},{"Length":27,"Height":15,"Demand":86,"DemandMax":null,"Value":405}]}