{"Name":"MB08_033","Objects":[{"Length":587,"Height":233,"Stock":null,"Cost":136771}],"Items":[{"Length":59,"Height":46,"Demand":14,"DemandMax":null,"Value":2714},{"Length":53,"Height":46,"Demand":14,"DemandMax":null,"Value":2438},{"Length":50,"Height":48,"Demand":9,"DemandMax":null,"Value":2400},{"Length":54,"Height":43,"Demand":12,"DemandMax":null,"Value":2322},{"Length":56,"Height":40,"Demand":14,"DemandMax":null,"Value":2240},{"Length":59,"Height":34,"Demand":17,"DemandMax":null,"Value":2006},{"Length":54,"Height":36,"Demand":20,"DemandMax":null,"Value":1944},{"Length":45,"Height":43,"Demand":16,"DemandMax":null,"Value":1935},{"Length":54,"Height":34,"Demand":8,"DemandMax":null,"Value":1836},{"Length":41,"Height":40,"Demand":9,"DemandMax":null,"Value":1640},{"Length":51,"Height":32,"Demand":11,"DemandMax":null,"Value":1632},{"Length":53,"Height":30,"Demand":17,"DemandMax":null,"Value":1590},{"Length":54,"Height":28,"Demand":14,"DemandMax":null,"Value":1512},{"Length":40,"Height":35,"Demand":12,"DemandMax":null,"Value":1400},{"Length":53,"Height":26,"Demand":17,"DemandMax":null,"Value":1378},{"Length":39,"Height":35,"Demand":7,"DemandMax":null,"Value":1365},{"Length":49,"Height":27,"Demand":12,"DemandMax":null,"Value":1323},{"Length":53,"Height":24,"Demand":11,"DemandMax":null,"Value":1272},{"Length":39,"Height":32,"Demand":12,"DemandMax":null,"Value":1248},{"Length":39,"Height":31,"Demand":20,"DemandMax":null,"Value":1209},{"Length":35,"Height":34,"Demand":13,"DemandMax":null,"Value":1190},{"Length":39,"Height":30,"Demand":13,"DemandMax":null,"Value":1170},{"Length":43,"Height":27,"Demand":17,"DemandMax":null,"Value":1161},{"Length":35,"Height":33,"Demand":21,"DemandMax":null,"Value":1155},{"Length":36,"Height":32,"Demand":18,"DemandMax":null,"Value":1152},{"Length":49,"Height":23,"Demand":15,"DemandMax":null,"Value":1127},{"Length":48,"Height":23,"Demand":11,"DemandMax":null,"Value":1104},{"Length":59,"Height":18,"Demand":12,"DemandMax":null,"Value":1062},{"Length":39,"Height":27,"Demand":12,"DemandMax":null,"Value":1053},{"Length":39,"Height":26,"Demand":23,"DemandMax":null,"Value":1014},{"Length":37,"Height":27,"Demand":13,"DemandMax":null,"Value":999},{"Length":32,"Height":31,"Demand":16,"DemandMax":null,"Value":992},{"Length":33,"Height":30,"Demand":16,"DemandMax":null,"Value":990},{"Length":47,"Height":21,"Demand":17,"DemandMax":null,"Value":987},{"Length":41,"Height":24,"Demand":15,"DemandMax":null,"Value":984},{"Length":39,"Height":25,"Demand":15,"DemandMax":null,"Value":975},{"Length":31,"Height":31,"Demand":16,"DemandMax":null,"Value":961},{"Length":39,"Height":24,"Demand":11,"DemandMax":null,"Value":936},{"Length":36,"Height":25,"Demand":12,"DemandMax":null,"Value":900},{"Length":31,"Height":29,"Demand":17,"DemandMax":null,"Value":899},{"Length":47,"Height":19,"Demand":19,"DemandMax":null,"Value":893},{"Length":35,"Height":25,"Demand":10,"DemandMax":null,"Value":875},{"Length":38,"Height":23,"Demand":18,"DemandMax":null,"Value":874},{"Length":33,"Height":26,"Demand":12,"DemandMax":null,"Value":858},{"Length":29,"Height":29,"Demand":13,"DemandMax":null,"Value":841},{"Length":32,"Height":26,"Demand":15,"DemandMax":null,"Value":832},{"Length":48,"Height":17,"Demand":10,"DemandMax":null,"Value":816},{"Length":29,"Height":28,"Demand":10,"DemandMax":null,"Value":812},{"Length":35,"Height":23,"Demand":20,"DemandMax":null,"Value":805},{"Length":56,"Height":14,"Demand":16,"DemandMax":null,"Value":784},{"Length":55,"Height":14,"Demand":17,"DemandMax":null,"Value":770},{"Length":33,"Height":23,"Demand":10,"DemandMax":null,"Value":759},{"Length":32,"Height":23,"Demand":18,"DemandMax":null,"Value":736},{"Length":44,"Height":16,"Demand":15,"DemandMax":null,"Value":704},{"Length":37,"Height":19,"Demand":14,"DemandMax":null,"Value":703},{"Length":28,"Height":25,"Demand":11,"DemandMax":null,"Value":700},{"Length":35,"Height":20,"Demand":16,"DemandMax":null,"Value":700},{"Length":30,"Height":23,"Demand":17,"DemandMax":null,"Value":690},{"Length":28,"Height":24,"Demand":11,"DemandMax":null,"Value":672},{"Length":51,"Height":13,"Demand":13,"DemandMax":null,"Value":663},{"Length":33,"Height":20,"Demand":15,"DemandMax":null,"Value":660},{"Length":26,"Height":25,"Demand":19,"DemandMax":null,"Value":650},{"Length":50,"Height":13,"Demand":17,"DemandMax":null,"Value":650},{"Length":28,"Height":23,"Demand":12,"DemandMax":null,"Value":644},{"Length":45,"Height":14,"Demand":12,"DemandMax":null,"Value":630},{"Length":27,"Height":23,"Demand":14,"DemandMax":null,"Value":621},{"Length":34,"Height":18,"Demand":21,"DemandMax":null,"Value":612},{"Length":29,"Height":21,"Demand":17,"DemandMax":null,"Value":609},{"Length":32,"Height":19,"Demand":14,"DemandMax":null,"Value":608},{"Length":49,"Height":12,"Demand":11,"DemandMax":null,"Value":588},{"Length":25,"Height":23,"Demand":13,"DemandMax":null,"Value":575},{"Length":28,"Height":20,"Demand":12,"DemandMax":null,"Value":560},{"Length":35,"Height":16,"Demand":16,"DemandMax":null,"Value":560},{"Length":42,"Height":13,"Demand":22,"DemandMax":null,"Value":546},{"Length":30,"Height":18,"Demand":12,"DemandMax":null,"Value":540},{"Length":36,"Height":15,"Demand":12,"DemandMax":null,"Value":540},{"Length":33,"Height":16,"Demand":12,"DemandMax":null,"Value":528},{"Length":39,"Height":13,"Demand":9,"DemandMax":null,"Value":507},{"Length":46,"Height":11,"Demand":13,"DemandMax":null,"Value":506},{"Length":35,"Height":14,"Demand":11,"DemandMax":null,"Value":490},{"Length":44,"Height":11,"Demand":23,"DemandMax":null,"Value":484},{"Length":40,"Height":12,"Demand":10,"DemandMax":null,"Value":480},{"Length":30,"Height":16,"Demand":12,"DemandMax":null,"Value":480},{"Length":26,"Height":18,"Demand":12,"DemandMax":null,"Value":468},{"Length":38,"Height":12,"Demand":12,"DemandMax":null,"Value":456},{"Length":25,"Height":18,"Demand":14,"DemandMax":null,"Value":450},{"Length":40,"Height":11,"Demand":16,"DemandMax":null,"Value":440},{"Length":30,"Height":13,"Demand":13,"DemandMax":null,"Value":390},{"Length":24,"Height":16,"Demand":17,"DemandMax":null,"Value":384},{"Length":19,"Height":19,"Demand":13,"DemandMax":null,"Value":361},{"Length":21,"Height":16,"Demand":15,"DemandMax":null,"Value":336},{"Length":21,"Height":14,"Demand":8,"DemandMax":null,"Value":294},{"Length":20,"Height":14,"Demand":15,"DemandMax":null,"Value":280},{"Length":18,"Height":14,"Demand":17,"DemandMax":null,"Value":252},{"Length":20,"Height":11,"Demand":18,"DemandMax":null,"Value":220},{"Length":15,"Height":13,"Demand":9,"DemandMax":null,"Value":195}]}