{"Name":"MB10_097","Objects":[{"Length":432,"Height":79,"Stock":null,"Cost":34128}],"Items":[{"Length":60,"Height":49,"Demand":3,"DemandMax":null,"Value":2940},{"Length":59,"Height":49,"Demand":4,"DemandMax":null,"Value":2891},{"Length":51,"Height":50,"Demand":3,"DemandMax":null,"Value":2550},{"Length":51,"Height":48,"Demand":1,"DemandMax":null,"Value":2448},{"Length":49,"Height":49,"Demand":3,"DemandMax":null,"Value":2401},{"Length":60,"Height":39,"Demand":3,"DemandMax":null,"Value":2340},{"Length":49,"Height":47,"Demand":4,"DemandMax":null,"Value":2303},{"Length":49,"Height":46,"Demand":10,"DemandMax":null,"Value":2254},{"Length":50,"Height":45,"Demand":6,"DemandMax":null,"Value":2250},{"Length":48,"Height":46,"Demand":2,"DemandMax":null,"Value":2208},{"Length":49,"Height":45,"Demand":3,"DemandMax":null,"Value":2205},{"Length":58,"Height":38,"Demand":3,"DemandMax":null,"Value":2204},{"Length":57,"Height":38,"Demand":5,"DemandMax":null,"Value":2166},{"Length":60,"Height":36,"Demand":4,"DemandMax":null,"Value":2160},{"Length":52,"Height":40,"Demand":1,"DemandMax":null,"Value":2080},{"Length":56,"Height":37,"Demand":6,"DemandMax":null,"Value":2072},{"Length":49,"Height":42,"Demand":3,"DemandMax":null,"Value":2058},{"Length":50,"Height":41,"Demand":4,"DemandMax":null,"Value":2050},{"Length":52,"Height":39,"Demand":4,"DemandMax":null,"Value":2028},{"Length":54,"Height":37,"Demand":5,"DemandMax":null,"Value":1998},{"Length":60,"Height":33,"Demand":3,"DemandMax":null,"Value":1980},{"Length":46,"Height":43,"Demand":3,"DemandMax":null,"Value":1978},{"Length":52,"Height":38,"Demand":4,"DemandMax":null,"Value":1976},{"Length":49,"Height":40,"Demand":3,"DemandMax":null,"Value":1960},{"Length":57,"Height":34,"Demand":2,"DemandMax":null,"Value":1938},{"Length":55,"Height":35,"Demand":4,"DemandMax":null,"Value":1925},{"Length":52,"Height":37,"Demand":7,"DemandMax":null,"Value":1924},{"Length":48,"Height":40,"Demand":6,"DemandMax":null,"Value":1920},{"Length":60,"Height":32,"Demand":3,"DemandMax":null,"Value":1920},{"Length":53,"Height":36,"Demand":3,"DemandMax":null,"Value":1908},{"Length":51,"Height":37,"Demand":7,"DemandMax":null,"Value":1887},{"Length":46,"Height":41,"Demand":3,"DemandMax":null,"Value":1886},{"Length":52,"Height":36,"Demand":1,"DemandMax":null,"Value":1872},{"Length":49,"Height":38,"Demand":1,"DemandMax":null,"Value":1862},{"Length":58,"Height":32,"Demand":1,"DemandMax":null,"Value":1856},{"Length":46,"Height":40,"Demand":1,"DemandMax":null,"Value":1840},{"Length":54,"Height":34,"Demand":4,"DemandMax":null,"Value":1836},{"Length":54,"Height":33,"Demand":5,"DemandMax":null,"Value":1782},{"Length":55,"Height":32,"Demand":4,"DemandMax":null,"Value":1760},{"Length":44,"Height":40,"Demand":5,"DemandMax":null,"Value":1760},{"Length":58,"Height":30,"Demand":4,"DemandMax":null,"Value":1740},{"Length":55,"Height":31,"Demand":3,"DemandMax":null,"Value":1705},{"Length":50,"Height":34,"Demand":3,"DemandMax":null,"Value":1700},{"Length":53,"Height":32,"Demand":2,"DemandMax":null,"Value":1696},{"Length":43,"Height":39,"Demand":1,"DemandMax":null,"Value":1677},{"Length":44,"Height":38,"Demand":3,"DemandMax":null,"Value":1672},{"Length":45,"Height":37,"Demand":4,"DemandMax":null,"Value":1665},{"Length":53,"Height":31,"Demand":3,"DemandMax":null,"Value":1643},{"Length":42,"Height":39,"Demand":2,"DemandMax":null,"Value":1638},{"Length":51,"Height":32,"Demand":2,"DemandMax":null,"Value":1632},{"Length":48,"Height":34,"Demand":4,"DemandMax":null,"Value":1632},{"Length":52,"Height":31,"Demand":3,"DemandMax":null,"Value":1612},{"Length":47,"Height":34,"Demand":3,"DemandMax":null,"Value":1598},{"Length":48,"Height":33,"Demand":1,"DemandMax":null,"Value":1584},{"Length":51,"Height":31,"Demand":4,"DemandMax":null,"Value":1581},{"Length":45,"Height":35,"Demand":3,"DemandMax":null,"Value":1575},{"Length":46,"Height":34,"Demand":4,"DemandMax":null,"Value":1564},{"Length":52,"Height":30,"Demand":1,"DemandMax":null,"Value":1560},{"Length":41,"Height":38,"Demand":5,"DemandMax":null,"Value":1558},{"Length":42,"Height":37,"Demand":4,"DemandMax":null,"Value":1554},{"Length":55,"Height":28,"Demand":8,"DemandMax":null,"Value":1540},{"Length":57,"Height":27,"Demand":5,"DemandMax":null,"Value":1539},{"Length":48,"Height":32,"Demand":3,"DemandMax":null,"Value":1536},{"Length":49,"Height":31,"Demand":2,"DemandMax":null,"Value":1519},{"Length":46,"Height":33,"Demand":2,"DemandMax":null,"Value":1518},{"Length":47,"Height":32,"Demand":1,"DemandMax":null,"Value":1504},{"Length":48,"Height":31,"Demand":3,"DemandMax":null,"Value":1488},{"Length":57,"Height":26,"Demand":5,"DemandMax":null,"Value":1482},{"Length":41,"Height":36,"Demand":3,"DemandMax":null,"Value":1476},{"Length":49,"Height":30,"Demand":4,"DemandMax":null,"Value":1470},{"Length":43,"Height":34,"Demand":2,"DemandMax":null,"Value":1462},{"Length":54,"Height":27,"Demand":4,"DemandMax":null,"Value":1458},{"Length":44,"Height":33,"Demand":6,"DemandMax":null,"Value":1452},{"Length":50,"Height":29,"Demand":5,"DemandMax":null,"Value":1450},{"Length":38,"Height":38,"Demand":2,"DemandMax":null,"Value":1444},{"Length":40,"Height":36,"Demand":8,"DemandMax":null,"Value":1440},{"Length":45,"Height":32,"Demand":4,"DemandMax":null,"Value":1440},{"Length":41,"Height":35,"Demand":4,"DemandMax":null,"Value":1435},{"Length":42,"Height":34,"Demand":2,"DemandMax":null,"Value":1428},{"Length":46,"Height":31,"Demand":6,"DemandMax":null,"Value":1426},{"Length":49,"Height":29,"Demand":3,"DemandMax":null,"Value":1421},{"Length":47,"Height":30,"Demand":1,"DemandMax":null,"Value":1410},{"Length":44,"Height":32,"Demand":3,"DemandMax":null,"Value":1408},{"Length":39,"Height":36,"Demand":9,"DemandMax":null,"Value":1404},{"Length":56,"Height":25,"Demand":4,"DemandMax":null,"Value":1400},{"Length":58,"Height":24,"Demand":5,"DemandMax":null,"Value":1392},{"Length":48,"Height":29,"Demand":3,"DemandMax":null,"Value":1392},{"Length":42,"Height":33,"Demand":2,"DemandMax":null,"Value":1386},{"Length":51,"Height":27,"Demand":5,"DemandMax":null,"Value":1377},{"Length":43,"Height":32,"Demand":3,"DemandMax":null,"Value":1376},{"Length":49,"Height":28,"Demand":2,"DemandMax":null,"Value":1372},{"Length":57,"Height":24,"Demand":3,"DemandMax":null,"Value":1368},{"Length":38,"Height":36,"Demand":3,"DemandMax":null,"Value":1368},{"Length":39,"Height":35,"Demand":2,"DemandMax":null,"Value":1365},{"Length":41,"Height":33,"Demand":3,"DemandMax":null,"Value":1353},{"Length":45,"Height":30,"Demand":3,"DemandMax":null,"Value":1350},{"Length":48,"Height":28,"Demand":3,"DemandMax":null,"Value":1344},{"Length":56,"Height":24,"Demand":3,"DemandMax":null,"Value":1344},{"Length":37,"Height":36,"Demand":6,"DemandMax":null,"Value":1332},{"Length":51,"Height":26,"Demand":3,"DemandMax":null,"Value":1326},{"Length":44,"Height":30,"Demand":3,"DemandMax":null,"Value":1320},{"Length":41,"Height":32,"Demand":5,"DemandMax":null,"Value":1312},{"Length":45,"Height":29,"Demand":3,"DemandMax":null,"Value":1305},{"Length":50,"Height":26,"Demand":2,"DemandMax":null,"Value":1300},{"Length":54,"Height":24,"Demand":1,"DemandMax":null,"Value":1296},{"Length":48,"Height":27,"Demand":5,"DemandMax":null,"Value":1296},{"Length":37,"Height":35,"Demand":2,"DemandMax":null,"Value":1295},{"Length":38,"Height":34,"Demand":3,"DemandMax":null,"Value":1292},{"Length":56,"Height":23,"Demand":5,"DemandMax":null,"Value":1288},{"Length":46,"Height":28,"Demand":2,"DemandMax":null,"Value":1288},{"Length":40,"Height":32,"Demand":2,"DemandMax":null,"Value":1280},{"Length":44,"Height":29,"Demand":1,"DemandMax":null,"Value":1276},{"Length":55,"Height":23,"Demand":4,"DemandMax":null,"Value":1265},{"Length":45,"Height":28,"Demand":4,"DemandMax":null,"Value":1260},{"Length":42,"Height":30,"Demand":8,"DemandMax":null,"Value":1260},{"Length":57,"Height":22,"Demand":2,"DemandMax":null,"Value":1254},{"Length":50,"Height":25,"Demand":3,"DemandMax":null,"Value":1250},{"Length":39,"Height":32,"Demand":3,"DemandMax":null,"Value":1248},{"Length":54,"Height":23,"Demand":3,"DemandMax":null,"Value":1242},{"Length":40,"Height":31,"Demand":3,"DemandMax":null,"Value":1240},{"Length":44,"Height":28,"Demand":3,"DemandMax":null,"Value":1232},{"Length":49,"Height":25,"Demand":7,"DemandMax":null,"Value":1225},{"Length":37,"Height":33,"Demand":6,"DemandMax":null,"Value":1221},{"Length":42,"Height":29,"Demand":1,"DemandMax":null,"Value":1218},{"Length":38,"Height":32,"Demand":4,"DemandMax":null,"Value":1216},{"Length":39,"Height":31,"Demand":4,"DemandMax":null,"Value":1209},{"Length":50,"Height":24,"Demand":3,"DemandMax":null,"Value":1200},{"Length":57,"Height":21,"Demand":6,"DemandMax":null,"Value":1197},{"Length":37,"Height":32,"Demand":3,"DemandMax":null,"Value":1184},{"Length":59,"Height":20,"Demand":2,"DemandMax":null,"Value":1180},{"Length":38,"Height":31,"Demand":4,"DemandMax":null,"Value":1178},{"Length":47,"Height":25,"Demand":2,"DemandMax":null,"Value":1175},{"Length":40,"Height":29,"Demand":2,"DemandMax":null,"Value":1160},{"Length":34,"Height":34,"Demand":3,"DemandMax":null,"Value":1156},{"Length":35,"Height":33,"Demand":3,"DemandMax":null,"Value":1155},{"Length":50,"Height":23,"Demand":3,"DemandMax":null,"Value":1150},{"Length":46,"Height":25,"Demand":1,"DemandMax":null,"Value":1150},{"Length":38,"Height":30,"Demand":2,"DemandMax":null,"Value":1140},{"Length":54,"Height":21,"Demand":2,"DemandMax":null,"Value":1134},{"Length":42,"Height":27,"Demand":2,"DemandMax":null,"Value":1134},{"Length":47,"Height":24,"Demand":4,"DemandMax":null,"Value":1128},{"Length":45,"Height":25,"Demand":2,"DemandMax":null,"Value":1125},{"Length":56,"Height":20,"Demand":2,"DemandMax":null,"Value":1120},{"Length":43,"Height":26,"Demand":2,"DemandMax":null,"Value":1118},{"Length":41,"Height":27,"Demand":3,"DemandMax":null,"Value":1107},{"Length":44,"Height":25,"Demand":12,"DemandMax":null,"Value":1100},{"Length":50,"Height":22,"Demand":2,"DemandMax":null,"Value":1100},{"Length":33,"Height":33,"Demand":6,"DemandMax":null,"Value":1089},{"Length":34,"Height":32,"Demand":2,"DemandMax":null,"Value":1088},{"Length":35,"Height":31,"Demand":3,"DemandMax":null,"Value":1085},{"Length":40,"Height":27,"Demand":3,"DemandMax":null,"Value":1080},{"Length":51,"Height":21,"Demand":3,"DemandMax":null,"Value":1071},{"Length":56,"Height":19,"Demand":3,"DemandMax":null,"Value":1064},{"Length":46,"Height":23,"Demand":4,"DemandMax":null,"Value":1058},{"Length":42,"Height":25,"Demand":9,"DemandMax":null,"Value":1050},{"Length":55,"Height":19,"Demand":1,"DemandMax":null,"Value":1045},{"Length":36,"Height":29,"Demand":2,"DemandMax":null,"Value":1044},{"Length":45,"Height":23,"Demand":4,"DemandMax":null,"Value":1035},{"Length":38,"Height":27,"Demand":3,"DemandMax":null,"Value":1026},{"Length":32,"Height":32,"Demand":2,"DemandMax":null,"Value":1024},{"Length":34,"Height":30,"Demand":2,"DemandMax":null,"Value":1020},{"Length":35,"Height":29,"Demand":4,"DemandMax":null,"Value":1015},{"Length":36,"Height":28,"Demand":2,"DemandMax":null,"Value":1008},{"Length":42,"Height":24,"Demand":2,"DemandMax":null,"Value":1008},{"Length":53,"Height":19,"Demand":5,"DemandMax":null,"Value":1007},{"Length":43,"Height":23,"Demand":3,"DemandMax":null,"Value":989},{"Length":38,"Height":26,"Demand":4,"DemandMax":null,"Value":988},{"Length":47,"Height":21,"Demand":2,"DemandMax":null,"Value":987},{"Length":39,"Height":25,"Demand":3,"DemandMax":null,"Value":975},{"Length":36,"Height":27,"Demand":3,"DemandMax":null,"Value":972},{"Length":46,"Height":21,"Demand":9,"DemandMax":null,"Value":966},{"Length":42,"Height":23,"Demand":3,"DemandMax":null,"Value":966},{"Length":40,"Height":24,"Demand":5,"DemandMax":null,"Value":960},{"Length":48,"Height":20,"Demand":2,"DemandMax":null,"Value":960},{"Length":35,"Height":27,"Demand":6,"DemandMax":null,"Value":945},{"Length":59,"Height":16,"Demand":2,"DemandMax":null,"Value":944},{"Length":47,"Height":20,"Demand":4,"DemandMax":null,"Value":940},{"Length":31,"Height":30,"Demand":2,"DemandMax":null,"Value":930},{"Length":33,"Height":28,"Demand":3,"DemandMax":null,"Value":924},{"Length":42,"Height":22,"Demand":4,"DemandMax":null,"Value":924},{"Length":46,"Height":20,"Demand":2,"DemandMax":null,"Value":920},{"Length":38,"Height":24,"Demand":4,"DemandMax":null,"Value":912},{"Length":35,"Height":26,"Demand":4,"DemandMax":null,"Value":910},{"Length":45,"Height":20,"Demand":4,"DemandMax":null,"Value":900},{"Length":31,"Height":29,"Demand":2,"DemandMax":null,"Value":899},{"Length":39,"Height":23,"Demand":2,"DemandMax":null,"Value":897},{"Length":33,"Height":27,"Demand":2,"DemandMax":null,"Value":891},{"Length":34,"Height":26,"Demand":6,"DemandMax":null,"Value":884},{"Length":49,"Height":18,"Demand":5,"DemandMax":null,"Value":882},{"Length":55,"Height":16,"Demand":6,"DemandMax":null,"Value":880},{"Length":35,"Height":25,"Demand":4,"DemandMax":null,"Value":875},{"Length":38,"Height":23,"Demand":3,"DemandMax":null,"Value":874},{"Length":31,"Height":28,"Demand":4,"DemandMax":null,"Value":868},{"Length":32,"Height":27,"Demand":4,"DemandMax":null,"Value":864},{"Length":43,"Height":20,"Demand":2,"DemandMax":null,"Value":860},{"Length":33,"Height":26,"Demand":1,"DemandMax":null,"Value":858},{"Length":39,"Height":22,"Demand":2,"DemandMax":null,"Value":858},{"Length":37,"Height":23,"Demand":5,"DemandMax":null,"Value":851},{"Length":42,"Height":20,"Demand":4,"DemandMax":null,"Value":840},{"Length":35,"Height":24,"Demand":4,"DemandMax":null,"Value":840},{"Length":31,"Height":27,"Demand":2,"DemandMax":null,"Value":837},{"Length":49,"Height":17,"Demand":5,"DemandMax":null,"Value":833},{"Length":32,"Height":26,"Demand":5,"DemandMax":null,"Value":832},{"Length":36,"Height":23,"Demand":6,"DemandMax":null,"Value":828},{"Length":46,"Height":18,"Demand":3,"DemandMax":null,"Value":828},{"Length":59,"Height":14,"Demand":6,"DemandMax":null,"Value":826},{"Length":33,"Height":25,"Demand":5,"DemandMax":null,"Value":825},{"Length":41,"Height":20,"Demand":2,"DemandMax":null,"Value":820},{"Length":43,"Height":19,"Demand":4,"DemandMax":null,"Value":817},{"Length":34,"Height":24,"Demand":3,"DemandMax":null,"Value":816},{"Length":31,"Height":26,"Demand":2,"DemandMax":null,"Value":806},{"Length":35,"Height":23,"Demand":4,"DemandMax":null,"Value":805},{"Length":47,"Height":17,"Demand":5,"DemandMax":null,"Value":799},{"Length":38,"Height":21,"Demand":2,"DemandMax":null,"Value":798},{"Length":36,"Height":22,"Demand":6,"DemandMax":null,"Value":792},{"Length":33,"Height":24,"Demand":3,"DemandMax":null,"Value":792},{"Length":28,"Height":28,"Demand":4,"DemandMax":null,"Value":784},{"Length":49,"Height":16,"Demand":1,"DemandMax":null,"Value":784},{"Length":56,"Height":14,"Demand":5,"DemandMax":null,"Value":784},{"Length":34,"Height":23,"Demand":4,"DemandMax":null,"Value":782},{"Length":39,"Height":20,"Demand":4,"DemandMax":null,"Value":780},{"Length":52,"Height":15,"Demand":2,"DemandMax":null,"Value":780},{"Length":41,"Height":19,"Demand":3,"DemandMax":null,"Value":779},{"Length":31,"Height":25,"Demand":5,"DemandMax":null,"Value":775},{"Length":43,"Height":18,"Demand":2,"DemandMax":null,"Value":774},{"Length":32,"Height":24,"Demand":3,"DemandMax":null,"Value":768},{"Length":59,"Height":13,"Demand":10,"DemandMax":null,"Value":767},{"Length":45,"Height":17,"Demand":3,"DemandMax":null,"Value":765},{"Length":38,"Height":20,"Demand":2,"DemandMax":null,"Value":760},{"Length":36,"Height":21,"Demand":5,"DemandMax":null,"Value":756},{"Length":28,"Height":27,"Demand":2,"DemandMax":null,"Value":756},{"Length":58,"Height":13,"Demand":4,"DemandMax":null,"Value":754},{"Length":29,"Height":26,"Demand":3,"DemandMax":null,"Value":754},{"Length":30,"Height":25,"Demand":1,"DemandMax":null,"Value":750},{"Length":34,"Height":22,"Demand":2,"DemandMax":null,"Value":748},{"Length":35,"Height":21,"Demand":2,"DemandMax":null,"Value":735},{"Length":43,"Height":17,"Demand":3,"DemandMax":null,"Value":731},{"Length":33,"Height":22,"Demand":4,"DemandMax":null,"Value":726},{"Length":45,"Height":16,"Demand":2,"DemandMax":null,"Value":720},{"Length":36,"Height":20,"Demand":2,"DemandMax":null,"Value":720},{"Length":48,"Height":15,"Demand":5,"DemandMax":null,"Value":720},{"Length":40,"Height":18,"Demand":5,"DemandMax":null,"Value":720},{"Length":30,"Height":24,"Demand":3,"DemandMax":null,"Value":720},{"Length":42,"Height":17,"Demand":1,"DemandMax":null,"Value":714},{"Length":31,"Height":23,"Demand":3,"DemandMax":null,"Value":713},{"Length":59,"Height":12,"Demand":4,"DemandMax":null,"Value":708},{"Length":44,"Height":16,"Demand":1,"DemandMax":null,"Value":704},{"Length":37,"Height":19,"Demand":4,"DemandMax":null,"Value":703},{"Length":27,"Height":26,"Demand":4,"DemandMax":null,"Value":702},{"Length":35,"Height":20,"Demand":4,"DemandMax":null,"Value":700},{"Length":41,"Height":17,"Demand":2,"DemandMax":null,"Value":697},{"Length":29,"Height":24,"Demand":6,"DemandMax":null,"Value":696},{"Length":33,"Height":21,"Demand":3,"DemandMax":null,"Value":693},{"Length":30,"Height":23,"Demand":2,"DemandMax":null,"Value":690},{"Length":31,"Height":22,"Demand":2,"DemandMax":null,"Value":682},{"Length":40,"Height":17,"Demand":5,"DemandMax":null,"Value":680},{"Length":26,"Height":26,"Demand":1,"DemandMax":null,"Value":676},{"Length":27,"Height":25,"Demand":5,"DemandMax":null,"Value":675},{"Length":32,"Height":21,"Demand":3,"DemandMax":null,"Value":672},{"Length":29,"Height":23,"Demand":4,"DemandMax":null,"Value":667},{"Length":37,"Height":18,"Demand":4,"DemandMax":null,"Value":666},{"Length":51,"Height":13,"Demand":3,"DemandMax":null,"Value":663},{"Length":30,"Height":22,"Demand":3,"DemandMax":null,"Value":660},{"Length":60,"Height":11,"Demand":3,"DemandMax":null,"Value":660},{"Length":33,"Height":20,"Demand":4,"DemandMax":null,"Value":660},{"Length":41,"Height":16,"Demand":2,"DemandMax":null,"Value":656},{"Length":50,"Height":13,"Demand":9,"DemandMax":null,"Value":650},{"Length":26,"Height":25,"Demand":5,"DemandMax":null,"Value":650},{"Length":36,"Height":18,"Demand":6,"DemandMax":null,"Value":648},{"Length":38,"Height":17,"Demand":4,"DemandMax":null,"Value":646},{"Length":43,"Height":15,"Demand":3,"DemandMax":null,"Value":645},{"Length":28,"Height":23,"Demand":5,"DemandMax":null,"Value":644},{"Length":32,"Height":20,"Demand":3,"DemandMax":null,"Value":640},{"Length":29,"Height":22,"Demand":8,"DemandMax":null,"Value":638},{"Length":49,"Height":13,"Demand":3,"DemandMax":null,"Value":637},{"Length":45,"Height":14,"Demand":2,"DemandMax":null,"Value":630},{"Length":35,"Height":18,"Demand":3,"DemandMax":null,"Value":630},{"Length":37,"Height":17,"Demand":4,"DemandMax":null,"Value":629},{"Length":33,"Height":19,"Demand":5,"DemandMax":null,"Value":627},{"Length":25,"Height":25,"Demand":4,"DemandMax":null,"Value":625},{"Length":39,"Height":16,"Demand":4,"DemandMax":null,"Value":624},{"Length":52,"Height":12,"Demand":3,"DemandMax":null,"Value":624},{"Length":27,"Height":23,"Demand":4,"DemandMax":null,"Value":621},{"Length":31,"Height":20,"Demand":1,"DemandMax":null,"Value":620},{"Length":28,"Height":22,"Demand":1,"DemandMax":null,"Value":616},{"Length":41,"Height":15,"Demand":5,"DemandMax":null,"Value":615},{"Length":32,"Height":19,"Demand":3,"DemandMax":null,"Value":608},{"Length":43,"Height":14,"Demand":1,"DemandMax":null,"Value":602},{"Length":40,"Height":15,"Demand":2,"DemandMax":null,"Value":600},{"Length":33,"Height":18,"Demand":2,"DemandMax":null,"Value":594},{"Length":37,"Height":16,"Demand":6,"DemandMax":null,"Value":592},{"Length":28,"Height":21,"Demand":3,"DemandMax":null,"Value":588},{"Length":49,"Height":12,"Demand":2,"DemandMax":null,"Value":588},{"Length":42,"Height":14,"Demand":4,"DemandMax":null,"Value":588},{"Length":39,"Height":15,"Demand":3,"DemandMax":null,"Value":585},{"Length":29,"Height":20,"Demand":4,"DemandMax":null,"Value":580},{"Length":36,"Height":16,"Demand":9,"DemandMax":null,"Value":576},{"Length":32,"Height":18,"Demand":5,"DemandMax":null,"Value":576},{"Length":25,"Height":23,"Demand":2,"DemandMax":null,"Value":575},{"Length":30,"Height":19,"Demand":1,"DemandMax":null,"Value":570},{"Length":31,"Height":18,"Demand":3,"DemandMax":null,"Value":558},{"Length":37,"Height":15,"Demand":3,"DemandMax":null,"Value":555},{"Length":29,"Height":19,"Demand":5,"DemandMax":null,"Value":551},{"Length":26,"Height":21,"Demand":4,"DemandMax":null,"Value":546},{"Length":42,"Height":13,"Demand":3,"DemandMax":null,"Value":546},{"Length":30,"Height":18,"Demand":5,"DemandMax":null,"Value":540},{"Length":27,"Height":20,"Demand":3,"DemandMax":null,"Value":540},{"Length":45,"Height":12,"Demand":2,"DemandMax":null,"Value":540},{"Length":35,"Height":15,"Demand":2,"DemandMax":null,"Value":525},{"Length":29,"Height":18,"Demand":4,"DemandMax":null,"Value":522},{"Length":40,"Height":13,"Demand":4,"DemandMax":null,"Value":520},{"Length":52,"Height":10,"Demand":1,"DemandMax":null,"Value":520},{"Length":27,"Height":19,"Demand":2,"DemandMax":null,"Value":513},{"Length":30,"Height":17,"Demand":2,"DemandMax":null,"Value":510},{"Length":33,"Height":15,"Demand":2,"DemandMax":null,"Value":495},{"Length":41,"Height":12,"Demand":1,"DemandMax":null,"Value":492},{"Length":44,"Height":11,"Demand":1,"DemandMax":null,"Value":484},{"Length":23,"Height":21,"Demand":4,"DemandMax":null,"Value":483},{"Length":37,"Height":13,"Demand":7,"DemandMax":null,"Value":481},{"Length":24,"Height":20,"Demand":3,"DemandMax":null,"Value":480},{"Length":25,"Height":19,"Demand":2,"DemandMax":null,"Value":475},{"Length":43,"Height":11,"Demand":1,"DemandMax":null,"Value":473},{"Length":39,"Height":12,"Demand":3,"DemandMax":null,"Value":468},{"Length":26,"Height":18,"Demand":1,"DemandMax":null,"Value":468},{"Length":36,"Height":13,"Demand":4,"DemandMax":null,"Value":468},{"Length":31,"Height":15,"Demand":4,"DemandMax":null,"Value":465},{"Length":22,"Height":21,"Demand":4,"DemandMax":null,"Value":462},{"Length":33,"Height":14,"Demand":3,"DemandMax":null,"Value":462},{"Length":24,"Height":19,"Demand":8,"DemandMax":null,"Value":456},{"Length":30,"Height":15,"Demand":7,"DemandMax":null,"Value":450},{"Length":26,"Height":17,"Demand":2,"DemandMax":null,"Value":442},{"Length":21,"Height":21,"Demand":2,"DemandMax":null,"Value":441},{"Length":22,"Height":20,"Demand":7,"DemandMax":null,"Value":440},{"Length":27,"Height":16,"Demand":5,"DemandMax":null,"Value":432},{"Length":36,"Height":12,"Demand":5,"DemandMax":null,"Value":432},{"Length":33,"Height":13,"Demand":3,"DemandMax":null,"Value":429},{"Length":25,"Height":17,"Demand":3,"DemandMax":null,"Value":425},{"Length":32,"Height":13,"Demand":3,"DemandMax":null,"Value":416},{"Length":29,"Height":14,"Demand":1,"DemandMax":null,"Value":406},{"Length":31,"Height":13,"Demand":3,"DemandMax":null,"Value":403},{"Length":33,"Height":12,"Demand":5,"DemandMax":null,"Value":396},{"Length":28,"Height":14,"Demand":3,"DemandMax":null,"Value":392},{"Length":26,"Height":15,"Demand":3,"DemandMax":null,"Value":390},{"Length":20,"Height":19,"Demand":2,"DemandMax":null,"Value":380},{"Length":21,"Height":18,"Demand":9,"DemandMax":null,"Value":378},{"Length":27,"Height":14,"Demand":7,"DemandMax":null,"Value":378},{"Length":29,"Height":13,"Demand":4,"DemandMax":null,"Value":377},{"Length":22,"Height":17,"Demand":2,"DemandMax":null,"Value":374},{"Length":37,"Height":10,"Demand":4,"DemandMax":null,"Value":370},{"Length":33,"Height":11,"Demand":5,"DemandMax":null,"Value":363},{"Length":19,"Height":19,"Demand":5,"DemandMax":null,"Value":361},{"Length":24,"Height":15,"Demand":2,"DemandMax":null,"Value":360},{"Length":20,"Height":18,"Demand":3,"DemandMax":null,"Value":360},{"Length":22,"Height":16,"Demand":4,"DemandMax":null,"Value":352},{"Length":27,"Height":13,"Demand":4,"DemandMax":null,"Value":351},{"Length":19,"Height":18,"Demand":4,"DemandMax":null,"Value":342},{"Length":20,"Height":17,"Demand":2,"DemandMax":null,"Value":340},{"Length":24,"Height":14,"Demand":3,"DemandMax":null,"Value":336},{"Length":28,"Height":12,"Demand":2,"DemandMax":null,"Value":336},{"Length":30,"Height":11,"Demand":3,"DemandMax":null,"Value":330},{"Length":27,"Height":12,"Demand":2,"DemandMax":null,"Value":324},{"Length":19,"Height":17,"Demand":5,"DemandMax":null,"Value":323},{"Length":20,"Height":16,"Demand":3,"DemandMax":null,"Value":320},{"Length":29,"Height":11,"Demand":1,"DemandMax":null,"Value":319},{"Length":21,"Height":15,"Demand":5,"DemandMax":null,"Value":315},{"Length":24,"Height":13,"Demand":2,"DemandMax":null,"Value":312},{"Length":26,"Height":12,"Demand":3,"DemandMax":null,"Value":312},{"Length":19,"Height":16,"Demand":1,"DemandMax":null,"Value":304},{"Length":27,"Height":11,"Demand":2,"DemandMax":null,"Value":297},{"Length":22,"Height":13,"Demand":2,"DemandMax":null,"Value":286},{"Length":19,"Height":15,"Demand":5,"DemandMax":null,"Value":285},{"Length":20,"Height":14,"Demand":3,"DemandMax":null,"Value":280},{"Length":17,"Height":16,"Demand":2,"DemandMax":null,"Value":272},{"Length":18,"Height":15,"Demand":4,"DemandMax":null,"Value":270},{"Length":19,"Height":14,"Demand":3,"DemandMax":null,"Value":266},{"Length":22,"Height":12,"Demand":4,"DemandMax":null,"Value":264},{"Length":18,"Height":14,"Demand":4,"DemandMax":null,"Value":252},{"Length":19,"Height":13,"Demand":2,"DemandMax":null,"Value":247},{"Length":18,"Height":13,"Demand":2,"DemandMax":null,"Value":234},{"Length":17,"Height":13,"Demand":1,"DemandMax":null,"Value":221},{"Length":18,"Height":12,"Demand":2,"DemandMax":null,"Value":216},{"Length":15,"Height":14,"Demand":2,"DemandMax":null,"Value":210},{"Length":16,"Height":13,"Demand":4,"DemandMax":null,"Value":208},{"Length":20,"Height":10,"Demand":2,"DemandMax":null,"Value":200},{"Length":15,"Height":13,"Demand":1,"DemandMax":null,"Value":195},{"Length":15,"Height":12,"Demand":4,"DemandMax":null,"Value":180},{"Length":15,"Height":10,"Demand":4,"DemandMax":null,"Value":150}]}