{"Name":"MB10_064","Objects":[{"Length":432,"Height":79,"Stock":null,"Cost":34128}],"Items":[{"Length":57,"Height":48,"Demand":7,"DemandMax":null,"Value":2736},{"Length":56,"Height":47,"Demand":10,"DemandMax":null,"Value":2632},{"Length":54,"Height":47,"Demand":10,"DemandMax":null,"Value":2538},{"Length":52,"Height":48,"Demand":10,"DemandMax":null,"Value":2496},{"Length":51,"Height":44,"Demand":6,"DemandMax":null,"Value":2244},{"Length":57,"Height":38,"Demand":5,"DemandMax":null,"Value":2166},{"Length":48,"Height":44,"Demand":9,"DemandMax":null,"Value":2112},{"Length":59,"Height":35,"Demand":7,"DemandMax":null,"Value":2065},{"Length":51,"Height":39,"Demand":5,"DemandMax":null,"Value":1989},{"Length":47,"Height":42,"Demand":7,"DemandMax":null,"Value":1974},{"Length":59,"Height":33,"Demand":9,"DemandMax":null,"Value":1947},{"Length":51,"Height":38,"Demand":7,"DemandMax":null,"Value":1938},{"Length":47,"Height":41,"Demand":3,"DemandMax":null,"Value":1927},{"Length":52,"Height":36,"Demand":8,"DemandMax":null,"Value":1872},{"Length":49,"Height":36,"Demand":7,"DemandMax":null,"Value":1764},{"Length":45,"Height":39,"Demand":9,"DemandMax":null,"Value":1755},{"Length":43,"Height":40,"Demand":7,"DemandMax":null,"Value":1720},{"Length":47,"Height":36,"Demand":9,"DemandMax":null,"Value":1692},{"Length":45,"Height":37,"Demand":6,"DemandMax":null,"Value":1665},{"Length":53,"Height":31,"Demand":12,"DemandMax":null,"Value":1643},{"Length":54,"Height":30,"Demand":11,"DemandMax":null,"Value":1620},{"Length":55,"Height":29,"Demand":5,"DemandMax":null,"Value":1595},{"Length":51,"Height":31,"Demand":5,"DemandMax":null,"Value":1581},{"Length":52,"Height":29,"Demand":10,"DemandMax":null,"Value":1508},{"Length":44,"Height":34,"Demand":6,"DemandMax":null,"Value":1496},{"Length":48,"Height":31,"Demand":12,"DemandMax":null,"Value":1488},{"Length":39,"Height":37,"Demand":11,"DemandMax":null,"Value":1443},{"Length":53,"Height":27,"Demand":9,"DemandMax":null,"Value":1431},{"Length":44,"Height":32,"Demand":11,"DemandMax":null,"Value":1408},{"Length":46,"Height":30,"Demand":10,"DemandMax":null,"Value":1380},{"Length":60,"Height":23,"Demand":13,"DemandMax":null,"Value":1380},{"Length":51,"Height":27,"Demand":9,"DemandMax":null,"Value":1377},{"Length":54,"Height":25,"Demand":9,"DemandMax":null,"Value":1350},{"Length":57,"Height":23,"Demand":8,"DemandMax":null,"Value":1311},{"Length":42,"Height":31,"Demand":13,"DemandMax":null,"Value":1302},{"Length":52,"Height":25,"Demand":9,"DemandMax":null,"Value":1300},{"Length":36,"Height":36,"Demand":8,"DemandMax":null,"Value":1296},{"Length":37,"Height":35,"Demand":10,"DemandMax":null,"Value":1295},{"Length":49,"Height":26,"Demand":6,"DemandMax":null,"Value":1274},{"Length":47,"Height":27,"Demand":6,"DemandMax":null,"Value":1269},{"Length":36,"Height":35,"Demand":9,"DemandMax":null,"Value":1260},{"Length":43,"Height":29,"Demand":6,"DemandMax":null,"Value":1247},{"Length":46,"Height":27,"Demand":9,"DemandMax":null,"Value":1242},{"Length":56,"Height":22,"Demand":7,"DemandMax":null,"Value":1232},{"Length":44,"Height":28,"Demand":10,"DemandMax":null,"Value":1232},{"Length":47,"Height":26,"Demand":9,"DemandMax":null,"Value":1222},{"Length":48,"Height":25,"Demand":5,"DemandMax":null,"Value":1200},{"Length":36,"Height":33,"Demand":10,"DemandMax":null,"Value":1188},{"Length":47,"Height":25,"Demand":8,"DemandMax":null,"Value":1175},{"Length":45,"Height":26,"Demand":11,"DemandMax":null,"Value":1170},{"Length":55,"Height":21,"Demand":11,"DemandMax":null,"Value":1155},{"Length":38,"Height":30,"Demand":5,"DemandMax":null,"Value":1140},{"Length":42,"Height":27,"Demand":6,"DemandMax":null,"Value":1134},{"Length":34,"Height":33,"Demand":7,"DemandMax":null,"Value":1122},{"Length":35,"Height":32,"Demand":5,"DemandMax":null,"Value":1120},{"Length":37,"Height":30,"Demand":12,"DemandMax":null,"Value":1110},{"Length":48,"Height":23,"Demand":6,"DemandMax":null,"Value":1104},{"Length":35,"Height":31,"Demand":6,"DemandMax":null,"Value":1085},{"Length":49,"Height":22,"Demand":5,"DemandMax":null,"Value":1078},{"Length":37,"Height":29,"Demand":9,"DemandMax":null,"Value":1073},{"Length":38,"Height":28,"Demand":7,"DemandMax":null,"Value":1064},{"Length":42,"Height":25,"Demand":12,"DemandMax":null,"Value":1050},{"Length":45,"Height":23,"Demand":4,"DemandMax":null,"Value":1035},{"Length":47,"Height":22,"Demand":8,"DemandMax":null,"Value":1034},{"Length":49,"Height":20,"Demand":10,"DemandMax":null,"Value":980},{"Length":39,"Height":25,"Demand":10,"DemandMax":null,"Value":975},{"Length":57,"Height":17,"Demand":10,"DemandMax":null,"Value":969},{"Length":40,"Height":24,"Demand":11,"DemandMax":null,"Value":960},{"Length":33,"Height":29,"Demand":6,"DemandMax":null,"Value":957},{"Length":36,"Height":26,"Demand":8,"DemandMax":null,"Value":936},{"Length":55,"Height":17,"Demand":4,"DemandMax":null,"Value":935},{"Length":46,"Height":20,"Demand":5,"DemandMax":null,"Value":920},{"Length":34,"Height":27,"Demand":13,"DemandMax":null,"Value":918},{"Length":48,"Height":19,"Demand":12,"DemandMax":null,"Value":912},{"Length":57,"Height":16,"Demand":10,"DemandMax":null,"Value":912},{"Length":35,"Height":26,"Demand":7,"DemandMax":null,"Value":910},{"Length":30,"Height":30,"Demand":8,"DemandMax":null,"Value":900},{"Length":36,"Height":25,"Demand":6,"DemandMax":null,"Value":900},{"Length":31,"Height":29,"Demand":7,"DemandMax":null,"Value":899},{"Length":32,"Height":28,"Demand":2,"DemandMax":null,"Value":896},{"Length":52,"Height":17,"Demand":9,"DemandMax":null,"Value":884},{"Length":42,"Height":21,"Demand":5,"DemandMax":null,"Value":882},{"Length":40,"Height":22,"Demand":6,"DemandMax":null,"Value":880},{"Length":32,"Height":27,"Demand":6,"DemandMax":null,"Value":864},{"Length":35,"Height":24,"Demand":7,"DemandMax":null,"Value":840},{"Length":38,"Height":22,"Demand":9,"DemandMax":null,"Value":836},{"Length":36,"Height":23,"Demand":5,"DemandMax":null,"Value":828},{"Length":33,"Height":25,"Demand":5,"DemandMax":null,"Value":825},{"Length":37,"Height":22,"Demand":11,"DemandMax":null,"Value":814},{"Length":35,"Height":23,"Demand":4,"DemandMax":null,"Value":805},{"Length":29,"Height":27,"Demand":11,"DemandMax":null,"Value":783},{"Length":37,"Height":21,"Demand":8,"DemandMax":null,"Value":777},{"Length":31,"Height":25,"Demand":9,"DemandMax":null,"Value":775},{"Length":43,"Height":18,"Demand":9,"DemandMax":null,"Value":774},{"Length":35,"Height":22,"Demand":5,"DemandMax":null,"Value":770},{"Length":40,"Height":19,"Demand":11,"DemandMax":null,"Value":760},{"Length":33,"Height":23,"Demand":6,"DemandMax":null,"Value":759},{"Length":54,"Height":14,"Demand":7,"DemandMax":null,"Value":756},{"Length":42,"Height":18,"Demand":12,"DemandMax":null,"Value":756},{"Length":28,"Height":27,"Demand":10,"DemandMax":null,"Value":756},{"Length":47,"Height":16,"Demand":8,"DemandMax":null,"Value":752},{"Length":50,"Height":15,"Demand":5,"DemandMax":null,"Value":750},{"Length":57,"Height":13,"Demand":7,"DemandMax":null,"Value":741},{"Length":35,"Height":21,"Demand":8,"DemandMax":null,"Value":735},{"Length":28,"Height":26,"Demand":11,"DemandMax":null,"Value":728},{"Length":29,"Height":25,"Demand":2,"DemandMax":null,"Value":725},{"Length":38,"Height":19,"Demand":8,"DemandMax":null,"Value":722},{"Length":40,"Height":18,"Demand":8,"DemandMax":null,"Value":720},{"Length":31,"Height":23,"Demand":8,"DemandMax":null,"Value":713},{"Length":47,"Height":15,"Demand":10,"DemandMax":null,"Value":705},{"Length":29,"Height":24,"Demand":12,"DemandMax":null,"Value":696},{"Length":36,"Height":19,"Demand":5,"DemandMax":null,"Value":684},{"Length":40,"Height":17,"Demand":12,"DemandMax":null,"Value":680},{"Length":48,"Height":14,"Demand":15,"DemandMax":null,"Value":672},{"Length":29,"Height":23,"Demand":9,"DemandMax":null,"Value":667},{"Length":35,"Height":19,"Demand":7,"DemandMax":null,"Value":665},{"Length":51,"Height":13,"Demand":6,"DemandMax":null,"Value":663},{"Length":27,"Height":24,"Demand":13,"DemandMax":null,"Value":648},{"Length":30,"Height":21,"Demand":10,"DemandMax":null,"Value":630},{"Length":37,"Height":17,"Demand":7,"DemandMax":null,"Value":629},{"Length":28,"Height":22,"Demand":8,"DemandMax":null,"Value":616},{"Length":36,"Height":17,"Demand":5,"DemandMax":null,"Value":612},{"Length":32,"Height":19,"Demand":18,"DemandMax":null,"Value":608},{"Length":38,"Height":16,"Demand":3,"DemandMax":null,"Value":608},{"Length":40,"Height":15,"Demand":6,"DemandMax":null,"Value":600},{"Length":35,"Height":17,"Demand":7,"DemandMax":null,"Value":595},{"Length":27,"Height":22,"Demand":11,"DemandMax":null,"Value":594},{"Length":31,"Height":19,"Demand":7,"DemandMax":null,"Value":589},{"Length":28,"Height":21,"Demand":6,"DemandMax":null,"Value":588},{"Length":48,"Height":12,"Demand":10,"DemandMax":null,"Value":576},{"Length":36,"Height":16,"Demand":12,"DemandMax":null,"Value":576},{"Length":38,"Height":15,"Demand":10,"DemandMax":null,"Value":570},{"Length":31,"Height":18,"Demand":6,"DemandMax":null,"Value":558},{"Length":37,"Height":15,"Demand":6,"DemandMax":null,"Value":555},{"Length":29,"Height":19,"Demand":12,"DemandMax":null,"Value":551},{"Length":28,"Height":19,"Demand":5,"DemandMax":null,"Value":532},{"Length":23,"Height":23,"Demand":5,"DemandMax":null,"Value":529},{"Length":48,"Height":11,"Demand":4,"DemandMax":null,"Value":528},{"Length":31,"Height":17,"Demand":4,"DemandMax":null,"Value":527},{"Length":25,"Height":21,"Demand":6,"DemandMax":null,"Value":525},{"Length":52,"Height":10,"Demand":8,"DemandMax":null,"Value":520},{"Length":32,"Height":16,"Demand":13,"DemandMax":null,"Value":512},{"Length":31,"Height":16,"Demand":9,"DemandMax":null,"Value":496},{"Length":35,"Height":14,"Demand":7,"DemandMax":null,"Value":490},{"Length":27,"Height":18,"Demand":6,"DemandMax":null,"Value":486},{"Length":30,"Height":16,"Demand":9,"DemandMax":null,"Value":480},{"Length":24,"Height":20,"Demand":11,"DemandMax":null,"Value":480},{"Length":28,"Height":17,"Demand":4,"DemandMax":null,"Value":476},{"Length":26,"Height":18,"Demand":12,"DemandMax":null,"Value":468},{"Length":36,"Height":13,"Demand":12,"DemandMax":null,"Value":468},{"Length":31,"Height":15,"Demand":8,"DemandMax":null,"Value":465},{"Length":29,"Height":16,"Demand":9,"DemandMax":null,"Value":464},{"Length":22,"Height":21,"Demand":5,"DemandMax":null,"Value":462},{"Length":46,"Height":10,"Demand":13,"DemandMax":null,"Value":460},{"Length":41,"Height":11,"Demand":11,"DemandMax":null,"Value":451},{"Length":32,"Height":14,"Demand":9,"DemandMax":null,"Value":448},{"Length":28,"Height":16,"Demand":12,"DemandMax":null,"Value":448},{"Length":26,"Height":17,"Demand":9,"DemandMax":null,"Value":442},{"Length":21,"Height":20,"Demand":6,"DemandMax":null,"Value":420},{"Length":30,"Height":14,"Demand":8,"DemandMax":null,"Value":420},{"Length":26,"Height":16,"Demand":6,"DemandMax":null,"Value":416},{"Length":24,"Height":17,"Demand":4,"DemandMax":null,"Value":408},{"Length":34,"Height":12,"Demand":8,"DemandMax":null,"Value":408},{"Length":20,"Height":19,"Demand":10,"DemandMax":null,"Value":380},{"Length":21,"Height":17,"Demand":8,"DemandMax":null,"Value":357},{"Length":32,"Height":11,"Demand":4,"DemandMax":null,"Value":352},{"Length":29,"Height":12,"Demand":7,"DemandMax":null,"Value":348},{"Length":30,"Height":11,"Demand":7,"DemandMax":null,"Value":330},{"Length":27,"Height":12,"Demand":5,"DemandMax":null,"Value":324},{"Length":19,"Height":17,"Demand":5,"DemandMax":null,"Value":323},{"Length":29,"Height":11,"Demand":8,"DemandMax":null,"Value":319},{"Length":18,"Height":13,"Demand":8,"DemandMax":null,"Value":234},{"Length":19,"Height":12,"Demand":7,"DemandMax":null,"Value":228},{"Length":15,"Height":15,"Demand":5,"DemandMax":null,"Value":225},{"Length":17,"Height":13,"Demand":8,"DemandMax":null,"Value":221},{"Length":17,"Height":12,"Demand":9,"DemandMax":null,"Value":204},{"Length":20,"Height":10,"Demand":9,"DemandMax":null,"Value":200}]}