{"Name":"MB08_051","Objects":[{"Length":587,"Height":233,"Stock":null,"Cost":136771}],"Items":[{"Length":46,"Height":46,"Demand":6,"DemandMax":null,"Value":2116},{"Length":50,"Height":40,"Demand":11,"DemandMax":null,"Value":2000},{"Length":51,"Height":39,"Demand":8,"DemandMax":null,"Value":1989},{"Length":57,"Height":34,"Demand":12,"DemandMax":null,"Value":1938},{"Length":48,"Height":40,"Demand":9,"DemandMax":null,"Value":1920},{"Length":47,"Height":40,"Demand":13,"DemandMax":null,"Value":1880},{"Length":49,"Height":37,"Demand":9,"DemandMax":null,"Value":1813},{"Length":42,"Height":42,"Demand":24,"DemandMax":null,"Value":1764},{"Length":49,"Height":36,"Demand":13,"DemandMax":null,"Value":1764},{"Length":43,"Height":38,"Demand":19,"DemandMax":null,"Value":1634},{"Length":45,"Height":35,"Demand":8,"DemandMax":null,"Value":1575},{"Length":47,"Height":33,"Demand":12,"DemandMax":null,"Value":1551},{"Length":40,"Height":38,"Demand":11,"DemandMax":null,"Value":1520},{"Length":48,"Height":31,"Demand":9,"DemandMax":null,"Value":1488},{"Length":53,"Height":28,"Demand":7,"DemandMax":null,"Value":1484},{"Length":59,"Height":25,"Demand":12,"DemandMax":null,"Value":1475},{"Length":46,"Height":32,"Demand":12,"DemandMax":null,"Value":1472},{"Length":39,"Height":37,"Demand":8,"DemandMax":null,"Value":1443},{"Length":47,"Height":30,"Demand":15,"DemandMax":null,"Value":1410},{"Length":54,"Height":26,"Demand":14,"DemandMax":null,"Value":1404},{"Length":39,"Height":36,"Demand":7,"DemandMax":null,"Value":1404},{"Length":50,"Height":28,"Demand":13,"DemandMax":null,"Value":1400},{"Length":58,"Height":24,"Demand":5,"DemandMax":null,"Value":1392},{"Length":48,"Height":29,"Demand":11,"DemandMax":null,"Value":1392},{"Length":49,"Height":28,"Demand":10,"DemandMax":null,"Value":1372},{"Length":41,"Height":33,"Demand":10,"DemandMax":null,"Value":1353},{"Length":45,"Height":29,"Demand":11,"DemandMax":null,"Value":1305},{"Length":38,"Height":34,"Demand":15,"DemandMax":null,"Value":1292},{"Length":49,"Height":26,"Demand":18,"DemandMax":null,"Value":1274},{"Length":47,"Height":27,"Demand":4,"DemandMax":null,"Value":1269},{"Length":57,"Height":22,"Demand":8,"DemandMax":null,"Value":1254},{"Length":39,"Height":32,"Demand":8,"DemandMax":null,"Value":1248},{"Length":38,"Height":32,"Demand":12,"DemandMax":null,"Value":1216},{"Length":47,"Height":25,"Demand":9,"DemandMax":null,"Value":1175},{"Length":41,"Height":28,"Demand":13,"DemandMax":null,"Value":1148},{"Length":37,"Height":31,"Demand":13,"DemandMax":null,"Value":1147},{"Length":38,"Height":30,"Demand":11,"DemandMax":null,"Value":1140},{"Length":49,"Height":23,"Demand":12,"DemandMax":null,"Value":1127},{"Length":45,"Height":25,"Demand":9,"DemandMax":null,"Value":1125},{"Length":34,"Height":33,"Demand":9,"DemandMax":null,"Value":1122},{"Length":59,"Height":19,"Demand":8,"DemandMax":null,"Value":1121},{"Length":34,"Height":32,"Demand":9,"DemandMax":null,"Value":1088},{"Length":35,"Height":31,"Demand":7,"DemandMax":null,"Value":1085},{"Length":40,"Height":27,"Demand":14,"DemandMax":null,"Value":1080},{"Length":38,"Height":28,"Demand":11,"DemandMax":null,"Value":1064},{"Length":40,"Height":26,"Demand":8,"DemandMax":null,"Value":1040},{"Length":60,"Height":17,"Demand":5,"DemandMax":null,"Value":1020},{"Length":46,"Height":22,"Demand":9,"DemandMax":null,"Value":1012},{"Length":44,"Height":23,"Demand":14,"DemandMax":null,"Value":1012},{"Length":33,"Height":30,"Demand":5,"DemandMax":null,"Value":990},{"Length":35,"Height":28,"Demand":7,"DemandMax":null,"Value":980},{"Length":32,"Height":30,"Demand":9,"DemandMax":null,"Value":960},{"Length":38,"Height":25,"Demand":9,"DemandMax":null,"Value":950},{"Length":33,"Height":28,"Demand":13,"DemandMax":null,"Value":924},{"Length":42,"Height":22,"Demand":16,"DemandMax":null,"Value":924},{"Length":31,"Height":29,"Demand":11,"DemandMax":null,"Value":899},{"Length":40,"Height":22,"Demand":12,"DemandMax":null,"Value":880},{"Length":32,"Height":27,"Demand":7,"DemandMax":null,"Value":864},{"Length":47,"Height":18,"Demand":7,"DemandMax":null,"Value":846},{"Length":35,"Height":24,"Demand":11,"DemandMax":null,"Value":840},{"Length":44,"Height":19,"Demand":9,"DemandMax":null,"Value":836},{"Length":32,"Height":26,"Demand":7,"DemandMax":null,"Value":832},{"Length":33,"Height":25,"Demand":8,"DemandMax":null,"Value":825},{"Length":41,"Height":20,"Demand":7,"DemandMax":null,"Value":820},{"Length":37,"Height":22,"Demand":15,"DemandMax":null,"Value":814},{"Length":29,"Height":28,"Demand":9,"DemandMax":null,"Value":812},{"Length":35,"Height":23,"Demand":10,"DemandMax":null,"Value":805},{"Length":32,"Height":25,"Demand":13,"DemandMax":null,"Value":800},{"Length":42,"Height":19,"Demand":14,"DemandMax":null,"Value":798},{"Length":33,"Height":24,"Demand":7,"DemandMax":null,"Value":792},{"Length":49,"Height":16,"Demand":9,"DemandMax":null,"Value":784},{"Length":29,"Height":27,"Demand":6,"DemandMax":null,"Value":783},{"Length":34,"Height":23,"Demand":13,"DemandMax":null,"Value":782},{"Length":30,"Height":26,"Demand":6,"DemandMax":null,"Value":780},{"Length":37,"Height":21,"Demand":7,"DemandMax":null,"Value":777},{"Length":54,"Height":14,"Demand":13,"DemandMax":null,"Value":756},{"Length":30,"Height":25,"Demand":11,"DemandMax":null,"Value":750},{"Length":34,"Height":22,"Demand":7,"DemandMax":null,"Value":748},{"Length":46,"Height":16,"Demand":13,"DemandMax":null,"Value":736},{"Length":49,"Height":15,"Demand":13,"DemandMax":null,"Value":735},{"Length":38,"Height":19,"Demand":17,"DemandMax":null,"Value":722},{"Length":45,"Height":16,"Demand":8,"DemandMax":null,"Value":720},{"Length":30,"Height":24,"Demand":5,"DemandMax":null,"Value":720},{"Length":36,"Height":20,"Demand":17,"DemandMax":null,"Value":720},{"Length":55,"Height":13,"Demand":16,"DemandMax":null,"Value":715},{"Length":42,"Height":17,"Demand":12,"DemandMax":null,"Value":714},{"Length":27,"Height":26,"Demand":12,"DemandMax":null,"Value":702},{"Length":54,"Height":13,"Demand":7,"DemandMax":null,"Value":702},{"Length":30,"Height":23,"Demand":15,"DemandMax":null,"Value":690},{"Length":43,"Height":16,"Demand":12,"DemandMax":null,"Value":688},{"Length":52,"Height":13,"Demand":14,"DemandMax":null,"Value":676},{"Length":32,"Height":21,"Demand":14,"DemandMax":null,"Value":672},{"Length":42,"Height":16,"Demand":11,"DemandMax":null,"Value":672},{"Length":37,"Height":18,"Demand":23,"DemandMax":null,"Value":666},{"Length":44,"Height":15,"Demand":13,"DemandMax":null,"Value":660},{"Length":55,"Height":12,"Demand":8,"DemandMax":null,"Value":660},{"Length":50,"Height":13,"Demand":12,"DemandMax":null,"Value":650},{"Length":36,"Height":18,"Demand":10,"DemandMax":null,"Value":648},{"Length":28,"Height":23,"Demand":7,"DemandMax":null,"Value":644},{"Length":40,"Height":16,"Demand":12,"DemandMax":null,"Value":640},{"Length":45,"Height":14,"Demand":15,"DemandMax":null,"Value":630},{"Length":35,"Height":18,"Demand":21,"DemandMax":null,"Value":630},{"Length":37,"Height":17,"Demand":13,"DemandMax":null,"Value":629},{"Length":33,"Height":19,"Demand":11,"DemandMax":null,"Value":627},{"Length":47,"Height":13,"Demand":15,"DemandMax":null,"Value":611},{"Length":27,"Height":22,"Demand":14,"DemandMax":null,"Value":594},{"Length":42,"Height":14,"Demand":11,"DemandMax":null,"Value":588},{"Length":38,"Height":15,"Demand":11,"DemandMax":null,"Value":570},{"Length":28,"Height":20,"Demand":10,"DemandMax":null,"Value":560},{"Length":24,"Height":23,"Demand":9,"DemandMax":null,"Value":552},{"Length":25,"Height":22,"Demand":9,"DemandMax":null,"Value":550},{"Length":42,"Height":13,"Demand":11,"DemandMax":null,"Value":546},{"Length":53,"Height":10,"Demand":11,"DemandMax":null,"Value":530},{"Length":45,"Height":11,"Demand":14,"DemandMax":null,"Value":495},{"Length":26,"Height":18,"Demand":12,"DemandMax":null,"Value":468},{"Length":42,"Height":11,"Demand":13,"DemandMax":null,"Value":462},{"Length":24,"Height":19,"Demand":16,"DemandMax":null,"Value":456},{"Length":37,"Height":12,"Demand":13,"DemandMax":null,"Value":444},{"Length":28,"Height":15,"Demand":9,"DemandMax":null,"Value":420},{"Length":23,"Height":18,"Demand":14,"DemandMax":null,"Value":414},{"Length":36,"Height":11,"Demand":15,"DemandMax":null,"Value":396},{"Length":20,"Height":19,"Demand":11,"DemandMax":null,"Value":380},{"Length":24,"Height":15,"Demand":8,"DemandMax":null,"Value":360},{"Length":23,"Height":15,"Demand":16,"DemandMax":null,"Value":345},{"Length":21,"Height":16,"Demand":13,"DemandMax":null,"Value":336},{"Length":20,"Height":16,"Demand":15,"DemandMax":null,"Value":320},{"Length":24,"Height":12,"Demand":7,"DemandMax":null,"Value":288},{"Length":22,"Height":13,"Demand":10,"DemandMax":null,"Value":286},{"Length":21,"Height":13,"Demand":8,"DemandMax":null,"Value":273},{"Length":18,"Height":14,"Demand":15,"DemandMax":null,"Value":252},{"Length":22,"Height":11,"Demand":14,"DemandMax":null,"Value":242},{"Length":16,"Height":15,"Demand":10,"DemandMax":null,"Value":240},{"Length":16,"Height":14,"Demand":14,"DemandMax":null,"Value":224},{"Length":18,"Height":12,"Demand":16,"DemandMax":null,"Value":216},{"Length":16,"Height":12,"Demand":8,"DemandMax":null,"Value":192},{"Length":12,"Height":11,"Demand":8,"DemandMax":null,"Value":132}]}