{"Name":"MB08_136","Objects":[{"Length":587,"Height":233,"Stock":null,"Cost":136771}],"Items":[{"Length":58,"Height":49,"Demand":2,"DemandMax":null,"Value":2842},{"Length":55,"Height":50,"Demand":3,"DemandMax":null,"Value":2750},{"Length":54,"Height":50,"Demand":1,"DemandMax":null,"Value":2700},{"Length":53,"Height":49,"Demand":2,"DemandMax":null,"Value":2597},{"Length":59,"Height":44,"Demand":2,"DemandMax":null,"Value":2596},{"Length":51,"Height":50,"Demand":3,"DemandMax":null,"Value":2550},{"Length":52,"Height":49,"Demand":4,"DemandMax":null,"Value":2548},{"Length":54,"Height":47,"Demand":1,"DemandMax":null,"Value":2538},{"Length":59,"Height":43,"Demand":1,"DemandMax":null,"Value":2537},{"Length":60,"Height":42,"Demand":1,"DemandMax":null,"Value":2520},{"Length":53,"Height":47,"Demand":3,"DemandMax":null,"Value":2491},{"Length":60,"Height":41,"Demand":1,"DemandMax":null,"Value":2460},{"Length":57,"Height":43,"Demand":2,"DemandMax":null,"Value":2451},{"Length":56,"Height":43,"Demand":2,"DemandMax":null,"Value":2408},{"Length":59,"Height":40,"Demand":3,"DemandMax":null,"Value":2360},{"Length":57,"Height":41,"Demand":1,"DemandMax":null,"Value":2337},{"Length":50,"Height":46,"Demand":1,"DemandMax":null,"Value":2300},{"Length":60,"Height":38,"Demand":5,"DemandMax":null,"Value":2280},{"Length":54,"Height":42,"Demand":1,"DemandMax":null,"Value":2268},{"Length":58,"Height":39,"Demand":1,"DemandMax":null,"Value":2262},{"Length":59,"Height":38,"Demand":1,"DemandMax":null,"Value":2242},{"Length":56,"Height":40,"Demand":2,"DemandMax":null,"Value":2240},{"Length":57,"Height":39,"Demand":2,"DemandMax":null,"Value":2223},{"Length":56,"Height":39,"Demand":2,"DemandMax":null,"Value":2184},{"Length":54,"Height":40,"Demand":1,"DemandMax":null,"Value":2160},{"Length":55,"Height":39,"Demand":1,"DemandMax":null,"Value":2145},{"Length":47,"Height":45,"Demand":1,"DemandMax":null,"Value":2115},{"Length":48,"Height":44,"Demand":2,"DemandMax":null,"Value":2112},{"Length":52,"Height":40,"Demand":1,"DemandMax":null,"Value":2080},{"Length":50,"Height":41,"Demand":1,"DemandMax":null,"Value":2050},{"Length":45,"Height":45,"Demand":3,"DemandMax":null,"Value":2025},{"Length":46,"Height":44,"Demand":2,"DemandMax":null,"Value":2024},{"Length":56,"Height":36,"Demand":2,"DemandMax":null,"Value":2016},{"Length":53,"Height":38,"Demand":2,"DemandMax":null,"Value":2014},{"Length":57,"Height":35,"Demand":2,"DemandMax":null,"Value":1995},{"Length":55,"Height":36,"Demand":2,"DemandMax":null,"Value":1980},{"Length":46,"Height":43,"Demand":3,"DemandMax":null,"Value":1978},{"Length":53,"Height":37,"Demand":2,"DemandMax":null,"Value":1961},{"Length":46,"Height":42,"Demand":4,"DemandMax":null,"Value":1932},{"Length":56,"Height":34,"Demand":3,"DemandMax":null,"Value":1904},{"Length":50,"Height":38,"Demand":1,"DemandMax":null,"Value":1900},{"Length":52,"Height":36,"Demand":3,"DemandMax":null,"Value":1872},{"Length":48,"Height":39,"Demand":1,"DemandMax":null,"Value":1872},{"Length":49,"Height":38,"Demand":1,"DemandMax":null,"Value":1862},{"Length":60,"Height":31,"Demand":1,"DemandMax":null,"Value":1860},{"Length":50,"Height":37,"Demand":2,"DemandMax":null,"Value":1850},{"Length":57,"Height":32,"Demand":2,"DemandMax":null,"Value":1824},{"Length":48,"Height":38,"Demand":4,"DemandMax":null,"Value":1824},{"Length":52,"Height":35,"Demand":1,"DemandMax":null,"Value":1820},{"Length":49,"Height":37,"Demand":4,"DemandMax":null,"Value":1813},{"Length":43,"Height":42,"Demand":1,"DemandMax":null,"Value":1806},{"Length":50,"Height":36,"Demand":2,"DemandMax":null,"Value":1800},{"Length":58,"Height":31,"Demand":5,"DemandMax":null,"Value":1798},{"Length":46,"Height":39,"Demand":2,"DemandMax":null,"Value":1794},{"Length":47,"Height":38,"Demand":2,"DemandMax":null,"Value":1786},{"Length":54,"Height":33,"Demand":1,"DemandMax":null,"Value":1782},{"Length":49,"Height":36,"Demand":1,"DemandMax":null,"Value":1764},{"Length":45,"Height":39,"Demand":1,"DemandMax":null,"Value":1755},{"Length":50,"Height":35,"Demand":3,"DemandMax":null,"Value":1750},{"Length":53,"Height":33,"Demand":1,"DemandMax":null,"Value":1749},{"Length":46,"Height":38,"Demand":1,"DemandMax":null,"Value":1748},{"Length":47,"Height":37,"Demand":1,"DemandMax":null,"Value":1739},{"Length":56,"Height":31,"Demand":1,"DemandMax":null,"Value":1736},{"Length":51,"Height":34,"Demand":3,"DemandMax":null,"Value":1734},{"Length":42,"Height":41,"Demand":1,"DemandMax":null,"Value":1722},{"Length":49,"Height":35,"Demand":1,"DemandMax":null,"Value":1715},{"Length":45,"Height":38,"Demand":1,"DemandMax":null,"Value":1710},{"Length":57,"Height":30,"Demand":3,"DemandMax":null,"Value":1710},{"Length":55,"Height":31,"Demand":1,"DemandMax":null,"Value":1705},{"Length":47,"Height":36,"Demand":2,"DemandMax":null,"Value":1692},{"Length":51,"Height":33,"Demand":1,"DemandMax":null,"Value":1683},{"Length":42,"Height":40,"Demand":5,"DemandMax":null,"Value":1680},{"Length":54,"Height":31,"Demand":3,"DemandMax":null,"Value":1674},{"Length":44,"Height":38,"Demand":1,"DemandMax":null,"Value":1672},{"Length":52,"Height":32,"Demand":1,"DemandMax":null,"Value":1664},{"Length":50,"Height":33,"Demand":1,"DemandMax":null,"Value":1650},{"Length":53,"Height":31,"Demand":1,"DemandMax":null,"Value":1643},{"Length":51,"Height":32,"Demand":1,"DemandMax":null,"Value":1632},{"Length":58,"Height":28,"Demand":4,"DemandMax":null,"Value":1624},{"Length":45,"Height":36,"Demand":2,"DemandMax":null,"Value":1620},{"Length":60,"Height":27,"Demand":1,"DemandMax":null,"Value":1620},{"Length":49,"Height":33,"Demand":2,"DemandMax":null,"Value":1617},{"Length":40,"Height":40,"Demand":9,"DemandMax":null,"Value":1600},{"Length":50,"Height":32,"Demand":1,"DemandMax":null,"Value":1600},{"Length":41,"Height":39,"Demand":4,"DemandMax":null,"Value":1599},{"Length":47,"Height":34,"Demand":1,"DemandMax":null,"Value":1598},{"Length":42,"Height":38,"Demand":1,"DemandMax":null,"Value":1596},{"Length":44,"Height":36,"Demand":1,"DemandMax":null,"Value":1584},{"Length":45,"Height":35,"Demand":5,"DemandMax":null,"Value":1575},{"Length":49,"Height":32,"Demand":3,"DemandMax":null,"Value":1568},{"Length":58,"Height":27,"Demand":1,"DemandMax":null,"Value":1566},{"Length":46,"Height":34,"Demand":3,"DemandMax":null,"Value":1564},{"Length":40,"Height":39,"Demand":6,"DemandMax":null,"Value":1560},{"Length":41,"Height":38,"Demand":3,"DemandMax":null,"Value":1558},{"Length":42,"Height":37,"Demand":2,"DemandMax":null,"Value":1554},{"Length":47,"Height":33,"Demand":5,"DemandMax":null,"Value":1551},{"Length":43,"Height":36,"Demand":3,"DemandMax":null,"Value":1548},{"Length":44,"Height":35,"Demand":2,"DemandMax":null,"Value":1540},{"Length":59,"Height":26,"Demand":2,"DemandMax":null,"Value":1534},{"Length":40,"Height":38,"Demand":2,"DemandMax":null,"Value":1520},{"Length":42,"Height":36,"Demand":2,"DemandMax":null,"Value":1512},{"Length":43,"Height":35,"Demand":3,"DemandMax":null,"Value":1505},{"Length":50,"Height":30,"Demand":2,"DemandMax":null,"Value":1500},{"Length":53,"Height":28,"Demand":1,"DemandMax":null,"Value":1484},{"Length":39,"Height":38,"Demand":2,"DemandMax":null,"Value":1482},{"Length":40,"Height":37,"Demand":3,"DemandMax":null,"Value":1480},{"Length":46,"Height":32,"Demand":3,"DemandMax":null,"Value":1472},{"Length":42,"Height":35,"Demand":3,"DemandMax":null,"Value":1470},{"Length":49,"Height":30,"Demand":3,"DemandMax":null,"Value":1470},{"Length":43,"Height":34,"Demand":1,"DemandMax":null,"Value":1462},{"Length":38,"Height":38,"Demand":2,"DemandMax":null,"Value":1444},{"Length":39,"Height":37,"Demand":3,"DemandMax":null,"Value":1443},{"Length":42,"Height":34,"Demand":1,"DemandMax":null,"Value":1428},{"Length":46,"Height":31,"Demand":2,"DemandMax":null,"Value":1426},{"Length":57,"Height":25,"Demand":2,"DemandMax":null,"Value":1425},{"Length":47,"Height":30,"Demand":2,"DemandMax":null,"Value":1410},{"Length":38,"Height":37,"Demand":2,"DemandMax":null,"Value":1406},{"Length":54,"Height":26,"Demand":1,"DemandMax":null,"Value":1404},{"Length":50,"Height":28,"Demand":2,"DemandMax":null,"Value":1400},{"Length":45,"Height":31,"Demand":1,"DemandMax":null,"Value":1395},{"Length":48,"Height":29,"Demand":1,"DemandMax":null,"Value":1392},{"Length":42,"Height":33,"Demand":3,"DemandMax":null,"Value":1386},{"Length":53,"Height":26,"Demand":1,"DemandMax":null,"Value":1378},{"Length":43,"Height":32,"Demand":1,"DemandMax":null,"Value":1376},{"Length":49,"Height":28,"Demand":1,"DemandMax":null,"Value":1372},{"Length":57,"Height":24,"Demand":1,"DemandMax":null,"Value":1368},{"Length":44,"Height":31,"Demand":1,"DemandMax":null,"Value":1364},{"Length":40,"Height":34,"Demand":5,"DemandMax":null,"Value":1360},{"Length":52,"Height":26,"Demand":2,"DemandMax":null,"Value":1352},{"Length":50,"Height":27,"Demand":2,"DemandMax":null,"Value":1350},{"Length":54,"Height":25,"Demand":1,"DemandMax":null,"Value":1350},{"Length":42,"Height":32,"Demand":2,"DemandMax":null,"Value":1344},{"Length":43,"Height":31,"Demand":1,"DemandMax":null,"Value":1333},{"Length":37,"Height":36,"Demand":2,"DemandMax":null,"Value":1332},{"Length":38,"Height":35,"Demand":1,"DemandMax":null,"Value":1330},{"Length":39,"Height":34,"Demand":5,"DemandMax":null,"Value":1326},{"Length":53,"Height":25,"Demand":1,"DemandMax":null,"Value":1325},{"Length":49,"Height":27,"Demand":1,"DemandMax":null,"Value":1323},{"Length":44,"Height":30,"Demand":5,"DemandMax":null,"Value":1320},{"Length":55,"Height":24,"Demand":4,"DemandMax":null,"Value":1320},{"Length":40,"Height":33,"Demand":3,"DemandMax":null,"Value":1320},{"Length":47,"Height":28,"Demand":1,"DemandMax":null,"Value":1316},{"Length":41,"Height":32,"Demand":2,"DemandMax":null,"Value":1312},{"Length":57,"Height":23,"Demand":1,"DemandMax":null,"Value":1311},{"Length":42,"Height":31,"Demand":4,"DemandMax":null,"Value":1302},{"Length":59,"Height":22,"Demand":2,"DemandMax":null,"Value":1298},{"Length":54,"Height":24,"Demand":2,"DemandMax":null,"Value":1296},{"Length":37,"Height":35,"Demand":3,"DemandMax":null,"Value":1295},{"Length":38,"Height":34,"Demand":1,"DemandMax":null,"Value":1292},{"Length":56,"Height":23,"Demand":2,"DemandMax":null,"Value":1288},{"Length":46,"Height":28,"Demand":2,"DemandMax":null,"Value":1288},{"Length":39,"Height":33,"Demand":1,"DemandMax":null,"Value":1287},{"Length":40,"Height":32,"Demand":2,"DemandMax":null,"Value":1280},{"Length":44,"Height":29,"Demand":2,"DemandMax":null,"Value":1276},{"Length":58,"Height":22,"Demand":1,"DemandMax":null,"Value":1276},{"Length":51,"Height":25,"Demand":3,"DemandMax":null,"Value":1275},{"Length":49,"Height":26,"Demand":3,"DemandMax":null,"Value":1274},{"Length":53,"Height":24,"Demand":2,"DemandMax":null,"Value":1272},{"Length":41,"Height":31,"Demand":2,"DemandMax":null,"Value":1271},{"Length":47,"Height":27,"Demand":3,"DemandMax":null,"Value":1269},{"Length":45,"Height":28,"Demand":3,"DemandMax":null,"Value":1260},{"Length":36,"Height":35,"Demand":2,"DemandMax":null,"Value":1260},{"Length":38,"Height":33,"Demand":4,"DemandMax":null,"Value":1254},{"Length":39,"Height":32,"Demand":4,"DemandMax":null,"Value":1248},{"Length":52,"Height":24,"Demand":2,"DemandMax":null,"Value":1248},{"Length":46,"Height":27,"Demand":2,"DemandMax":null,"Value":1242},{"Length":40,"Height":31,"Demand":1,"DemandMax":null,"Value":1240},{"Length":44,"Height":28,"Demand":4,"DemandMax":null,"Value":1232},{"Length":56,"Height":22,"Demand":2,"DemandMax":null,"Value":1232},{"Length":49,"Height":25,"Demand":1,"DemandMax":null,"Value":1225},{"Length":36,"Height":34,"Demand":3,"DemandMax":null,"Value":1224},{"Length":47,"Height":26,"Demand":3,"DemandMax":null,"Value":1222},{"Length":42,"Height":29,"Demand":2,"DemandMax":null,"Value":1218},{"Length":38,"Height":32,"Demand":1,"DemandMax":null,"Value":1216},{"Length":39,"Height":31,"Demand":2,"DemandMax":null,"Value":1209},{"Length":48,"Height":25,"Demand":3,"DemandMax":null,"Value":1200},{"Length":35,"Height":34,"Demand":2,"DemandMax":null,"Value":1190},{"Length":41,"Height":29,"Demand":1,"DemandMax":null,"Value":1189},{"Length":44,"Height":27,"Demand":3,"DemandMax":null,"Value":1188},{"Length":54,"Height":22,"Demand":5,"DemandMax":null,"Value":1188},{"Length":37,"Height":32,"Demand":1,"DemandMax":null,"Value":1184},{"Length":59,"Height":20,"Demand":3,"DemandMax":null,"Value":1180},{"Length":38,"Height":31,"Demand":2,"DemandMax":null,"Value":1178},{"Length":42,"Height":28,"Demand":2,"DemandMax":null,"Value":1176},{"Length":49,"Height":24,"Demand":3,"DemandMax":null,"Value":1176},{"Length":47,"Height":25,"Demand":2,"DemandMax":null,"Value":1175},{"Length":39,"Height":30,"Demand":2,"DemandMax":null,"Value":1170},{"Length":58,"Height":20,"Demand":2,"DemandMax":null,"Value":1160},{"Length":55,"Height":21,"Demand":3,"DemandMax":null,"Value":1155},{"Length":35,"Height":33,"Demand":4,"DemandMax":null,"Value":1155},{"Length":36,"Height":32,"Demand":2,"DemandMax":null,"Value":1152},{"Length":37,"Height":31,"Demand":2,"DemandMax":null,"Value":1147},{"Length":38,"Height":30,"Demand":2,"DemandMax":null,"Value":1140},{"Length":39,"Height":29,"Demand":2,"DemandMax":null,"Value":1131},{"Length":51,"Height":22,"Demand":1,"DemandMax":null,"Value":1122},{"Length":34,"Height":33,"Demand":2,"DemandMax":null,"Value":1122},{"Length":35,"Height":32,"Demand":1,"DemandMax":null,"Value":1120},{"Length":43,"Height":26,"Demand":3,"DemandMax":null,"Value":1118},{"Length":36,"Height":31,"Demand":1,"DemandMax":null,"Value":1116},{"Length":37,"Height":30,"Demand":1,"DemandMax":null,"Value":1110},{"Length":38,"Height":29,"Demand":4,"DemandMax":null,"Value":1102},{"Length":44,"Height":25,"Demand":4,"DemandMax":null,"Value":1100},{"Length":42,"Height":26,"Demand":3,"DemandMax":null,"Value":1092},{"Length":39,"Height":28,"Demand":2,"DemandMax":null,"Value":1092},{"Length":34,"Height":32,"Demand":2,"DemandMax":null,"Value":1088},{"Length":35,"Height":31,"Demand":1,"DemandMax":null,"Value":1085},{"Length":47,"Height":23,"Demand":4,"DemandMax":null,"Value":1081},{"Length":40,"Height":27,"Demand":4,"DemandMax":null,"Value":1080},{"Length":36,"Height":30,"Demand":1,"DemandMax":null,"Value":1080},{"Length":51,"Height":21,"Demand":1,"DemandMax":null,"Value":1071},{"Length":38,"Height":28,"Demand":3,"DemandMax":null,"Value":1064},{"Length":53,"Height":20,"Demand":1,"DemandMax":null,"Value":1060},{"Length":46,"Height":23,"Demand":1,"DemandMax":null,"Value":1058},{"Length":33,"Height":32,"Demand":3,"DemandMax":null,"Value":1056},{"Length":34,"Height":31,"Demand":1,"DemandMax":null,"Value":1054},{"Length":39,"Height":27,"Demand":4,"DemandMax":null,"Value":1053},{"Length":42,"Height":25,"Demand":1,"DemandMax":null,"Value":1050},{"Length":36,"Height":29,"Demand":2,"DemandMax":null,"Value":1044},{"Length":40,"Height":26,"Demand":4,"DemandMax":null,"Value":1040},{"Length":37,"Height":28,"Demand":4,"DemandMax":null,"Value":1036},{"Length":47,"Height":22,"Demand":1,"DemandMax":null,"Value":1034},{"Length":43,"Height":24,"Demand":2,"DemandMax":null,"Value":1032},{"Length":49,"Height":21,"Demand":1,"DemandMax":null,"Value":1029},{"Length":38,"Height":27,"Demand":2,"DemandMax":null,"Value":1026},{"Length":41,"Height":25,"Demand":3,"DemandMax":null,"Value":1025},{"Length":34,"Height":30,"Demand":1,"DemandMax":null,"Value":1020},{"Length":46,"Height":22,"Demand":6,"DemandMax":null,"Value":1012},{"Length":40,"Height":25,"Demand":2,"DemandMax":null,"Value":1000},{"Length":37,"Height":27,"Demand":6,"DemandMax":null,"Value":999},{"Length":32,"Height":31,"Demand":1,"DemandMax":null,"Value":992},{"Length":55,"Height":18,"Demand":1,"DemandMax":null,"Value":990},{"Length":33,"Height":30,"Demand":2,"DemandMax":null,"Value":990},{"Length":45,"Height":22,"Demand":3,"DemandMax":null,"Value":990},{"Length":43,"Height":23,"Demand":1,"DemandMax":null,"Value":989},{"Length":38,"Height":26,"Demand":2,"DemandMax":null,"Value":988},{"Length":52,"Height":19,"Demand":3,"DemandMax":null,"Value":988},{"Length":58,"Height":17,"Demand":1,"DemandMax":null,"Value":986},{"Length":41,"Height":24,"Demand":3,"DemandMax":null,"Value":984},{"Length":35,"Height":28,"Demand":2,"DemandMax":null,"Value":980},{"Length":49,"Height":20,"Demand":1,"DemandMax":null,"Value":980},{"Length":39,"Height":25,"Demand":1,"DemandMax":null,"Value":975},{"Length":36,"Height":27,"Demand":2,"DemandMax":null,"Value":972},{"Length":54,"Height":18,"Demand":3,"DemandMax":null,"Value":972},{"Length":57,"Height":17,"Demand":2,"DemandMax":null,"Value":969},{"Length":44,"Height":22,"Demand":2,"DemandMax":null,"Value":968},{"Length":46,"Height":21,"Demand":6,"DemandMax":null,"Value":966},{"Length":42,"Height":23,"Demand":1,"DemandMax":null,"Value":966},{"Length":32,"Height":30,"Demand":5,"DemandMax":null,"Value":960},{"Length":40,"Height":24,"Demand":4,"DemandMax":null,"Value":960},{"Length":48,"Height":20,"Demand":5,"DemandMax":null,"Value":960},{"Length":33,"Height":29,"Demand":2,"DemandMax":null,"Value":957},{"Length":38,"Height":25,"Demand":4,"DemandMax":null,"Value":950},{"Length":50,"Height":19,"Demand":2,"DemandMax":null,"Value":950},{"Length":43,"Height":22,"Demand":1,"DemandMax":null,"Value":946},{"Length":45,"Height":21,"Demand":2,"DemandMax":null,"Value":945},{"Length":59,"Height":16,"Demand":2,"DemandMax":null,"Value":944},{"Length":41,"Height":23,"Demand":2,"DemandMax":null,"Value":943},{"Length":47,"Height":20,"Demand":1,"DemandMax":null,"Value":940},{"Length":52,"Height":18,"Demand":3,"DemandMax":null,"Value":936},{"Length":36,"Height":26,"Demand":2,"DemandMax":null,"Value":936},{"Length":49,"Height":19,"Demand":2,"DemandMax":null,"Value":931},{"Length":31,"Height":30,"Demand":1,"DemandMax":null,"Value":930},{"Length":32,"Height":29,"Demand":2,"DemandMax":null,"Value":928},{"Length":40,"Height":23,"Demand":2,"DemandMax":null,"Value":920},{"Length":34,"Height":27,"Demand":2,"DemandMax":null,"Value":918},{"Length":38,"Height":24,"Demand":4,"DemandMax":null,"Value":912},{"Length":48,"Height":19,"Demand":2,"DemandMax":null,"Value":912},{"Length":57,"Height":16,"Demand":2,"DemandMax":null,"Value":912},{"Length":53,"Height":17,"Demand":2,"DemandMax":null,"Value":901},{"Length":50,"Height":18,"Demand":1,"DemandMax":null,"Value":900},{"Length":36,"Height":25,"Demand":2,"DemandMax":null,"Value":900},{"Length":45,"Height":20,"Demand":3,"DemandMax":null,"Value":900},{"Length":31,"Height":29,"Demand":2,"DemandMax":null,"Value":899},{"Length":39,"Height":23,"Demand":1,"DemandMax":null,"Value":897},{"Length":32,"Height":28,"Demand":1,"DemandMax":null,"Value":896},{"Length":37,"Height":24,"Demand":2,"DemandMax":null,"Value":888},{"Length":59,"Height":15,"Demand":3,"DemandMax":null,"Value":885},{"Length":34,"Height":26,"Demand":2,"DemandMax":null,"Value":884},{"Length":40,"Height":22,"Demand":3,"DemandMax":null,"Value":880},{"Length":55,"Height":16,"Demand":2,"DemandMax":null,"Value":880},{"Length":35,"Height":25,"Demand":1,"DemandMax":null,"Value":875},{"Length":46,"Height":19,"Demand":2,"DemandMax":null,"Value":874},{"Length":38,"Height":23,"Demand":1,"DemandMax":null,"Value":874},{"Length":30,"Height":29,"Demand":3,"DemandMax":null,"Value":870},{"Length":31,"Height":28,"Demand":4,"DemandMax":null,"Value":868},{"Length":32,"Height":27,"Demand":4,"DemandMax":null,"Value":864},{"Length":36,"Height":24,"Demand":5,"DemandMax":null,"Value":864},{"Length":48,"Height":18,"Demand":1,"DemandMax":null,"Value":864},{"Length":41,"Height":21,"Demand":1,"DemandMax":null,"Value":861},{"Length":39,"Height":22,"Demand":3,"DemandMax":null,"Value":858},{"Length":33,"Height":26,"Demand":1,"DemandMax":null,"Value":858},{"Length":57,"Height":15,"Demand":5,"DemandMax":null,"Value":855},{"Length":37,"Height":23,"Demand":2,"DemandMax":null,"Value":851},{"Length":47,"Height":18,"Demand":4,"DemandMax":null,"Value":846},{"Length":29,"Height":29,"Demand":2,"DemandMax":null,"Value":841},{"Length":60,"Height":14,"Demand":2,"DemandMax":null,"Value":840},{"Length":42,"Height":20,"Demand":2,"DemandMax":null,"Value":840},{"Length":40,"Height":21,"Demand":1,"DemandMax":null,"Value":840},{"Length":31,"Height":27,"Demand":3,"DemandMax":null,"Value":837},{"Length":38,"Height":22,"Demand":4,"DemandMax":null,"Value":836},{"Length":44,"Height":19,"Demand":4,"DemandMax":null,"Value":836},{"Length":32,"Height":26,"Demand":1,"DemandMax":null,"Value":832},{"Length":36,"Height":23,"Demand":5,"DemandMax":null,"Value":828},{"Length":46,"Height":18,"Demand":3,"DemandMax":null,"Value":828},{"Length":59,"Height":14,"Demand":3,"DemandMax":null,"Value":826},{"Length":41,"Height":20,"Demand":1,"DemandMax":null,"Value":820},{"Length":34,"Height":24,"Demand":3,"DemandMax":null,"Value":816},{"Length":48,"Height":17,"Demand":2,"DemandMax":null,"Value":816},{"Length":51,"Height":16,"Demand":1,"DemandMax":null,"Value":816},{"Length":37,"Height":22,"Demand":1,"DemandMax":null,"Value":814},{"Length":30,"Height":27,"Demand":4,"DemandMax":null,"Value":810},{"Length":45,"Height":18,"Demand":1,"DemandMax":null,"Value":810},{"Length":31,"Height":26,"Demand":1,"DemandMax":null,"Value":806},{"Length":35,"Height":23,"Demand":2,"DemandMax":null,"Value":805},{"Length":32,"Height":25,"Demand":2,"DemandMax":null,"Value":800},{"Length":50,"Height":16,"Demand":1,"DemandMax":null,"Value":800},{"Length":47,"Height":17,"Demand":3,"DemandMax":null,"Value":799},{"Length":42,"Height":19,"Demand":3,"DemandMax":null,"Value":798},{"Length":57,"Height":14,"Demand":3,"DemandMax":null,"Value":798},{"Length":38,"Height":21,"Demand":2,"DemandMax":null,"Value":798},{"Length":33,"Height":24,"Demand":2,"DemandMax":null,"Value":792},{"Length":36,"Height":22,"Demand":1,"DemandMax":null,"Value":792},{"Length":28,"Height":28,"Demand":4,"DemandMax":null,"Value":784},{"Length":49,"Height":16,"Demand":1,"DemandMax":null,"Value":784},{"Length":29,"Height":27,"Demand":3,"DemandMax":null,"Value":783},{"Length":34,"Height":23,"Demand":1,"DemandMax":null,"Value":782},{"Length":46,"Height":17,"Demand":3,"DemandMax":null,"Value":782},{"Length":39,"Height":20,"Demand":3,"DemandMax":null,"Value":780},{"Length":52,"Height":15,"Demand":4,"DemandMax":null,"Value":780},{"Length":43,"Height":18,"Demand":3,"DemandMax":null,"Value":774},{"Length":55,"Height":14,"Demand":1,"DemandMax":null,"Value":770},{"Length":35,"Height":22,"Demand":1,"DemandMax":null,"Value":770},{"Length":32,"Height":24,"Demand":1,"DemandMax":null,"Value":768},{"Length":59,"Height":13,"Demand":1,"DemandMax":null,"Value":767},{"Length":40,"Height":19,"Demand":2,"DemandMax":null,"Value":760},{"Length":33,"Height":23,"Demand":3,"DemandMax":null,"Value":759},{"Length":42,"Height":18,"Demand":2,"DemandMax":null,"Value":756},{"Length":28,"Height":27,"Demand":2,"DemandMax":null,"Value":756},{"Length":29,"Height":26,"Demand":1,"DemandMax":null,"Value":754},{"Length":47,"Height":16,"Demand":1,"DemandMax":null,"Value":752},{"Length":50,"Height":15,"Demand":3,"DemandMax":null,"Value":750},{"Length":34,"Height":22,"Demand":2,"DemandMax":null,"Value":748},{"Length":44,"Height":17,"Demand":3,"DemandMax":null,"Value":748},{"Length":31,"Height":24,"Demand":1,"DemandMax":null,"Value":744},{"Length":39,"Height":19,"Demand":3,"DemandMax":null,"Value":741},{"Length":41,"Height":18,"Demand":3,"DemandMax":null,"Value":738},{"Length":32,"Height":23,"Demand":1,"DemandMax":null,"Value":736},{"Length":46,"Height":16,"Demand":3,"DemandMax":null,"Value":736},{"Length":35,"Height":21,"Demand":1,"DemandMax":null,"Value":735},{"Length":28,"Height":26,"Demand":2,"DemandMax":null,"Value":728},{"Length":33,"Height":22,"Demand":3,"DemandMax":null,"Value":726},{"Length":29,"Height":25,"Demand":3,"DemandMax":null,"Value":725},{"Length":60,"Height":12,"Demand":1,"DemandMax":null,"Value":720},{"Length":36,"Height":20,"Demand":2,"DemandMax":null,"Value":720},{"Length":45,"Height":16,"Demand":1,"DemandMax":null,"Value":720},{"Length":40,"Height":18,"Demand":3,"DemandMax":null,"Value":720},{"Length":51,"Height":14,"Demand":2,"DemandMax":null,"Value":714},{"Length":42,"Height":17,"Demand":3,"DemandMax":null,"Value":714},{"Length":34,"Height":21,"Demand":1,"DemandMax":null,"Value":714},{"Length":31,"Height":23,"Demand":1,"DemandMax":null,"Value":713},{"Length":47,"Height":15,"Demand":1,"DemandMax":null,"Value":705},{"Length":44,"Height":16,"Demand":2,"DemandMax":null,"Value":704},{"Length":37,"Height":19,"Demand":4,"DemandMax":null,"Value":703},{"Length":39,"Height":18,"Demand":4,"DemandMax":null,"Value":702},{"Length":54,"Height":13,"Demand":2,"DemandMax":null,"Value":702},{"Length":28,"Height":25,"Demand":1,"DemandMax":null,"Value":700},{"Length":50,"Height":14,"Demand":1,"DemandMax":null,"Value":700},{"Length":35,"Height":20,"Demand":2,"DemandMax":null,"Value":700},{"Length":41,"Height":17,"Demand":1,"DemandMax":null,"Value":697},{"Length":29,"Height":24,"Demand":1,"DemandMax":null,"Value":696},{"Length":33,"Height":21,"Demand":1,"DemandMax":null,"Value":693},{"Length":30,"Height":23,"Demand":1,"DemandMax":null,"Value":690},{"Length":49,"Height":14,"Demand":1,"DemandMax":null,"Value":686},{"Length":36,"Height":19,"Demand":7,"DemandMax":null,"Value":684},{"Length":38,"Height":18,"Demand":5,"DemandMax":null,"Value":684},{"Length":57,"Height":12,"Demand":2,"DemandMax":null,"Value":684},{"Length":31,"Height":22,"Demand":5,"DemandMax":null,"Value":682},{"Length":26,"Height":26,"Demand":5,"DemandMax":null,"Value":676},{"Length":27,"Height":25,"Demand":4,"DemandMax":null,"Value":675},{"Length":45,"Height":15,"Demand":2,"DemandMax":null,"Value":675},{"Length":32,"Height":21,"Demand":2,"DemandMax":null,"Value":672},{"Length":28,"Height":24,"Demand":4,"DemandMax":null,"Value":672},{"Length":42,"Height":16,"Demand":1,"DemandMax":null,"Value":672},{"Length":29,"Height":23,"Demand":1,"DemandMax":null,"Value":667},{"Length":37,"Height":18,"Demand":2,"DemandMax":null,"Value":666},{"Length":35,"Height":19,"Demand":2,"DemandMax":null,"Value":665},{"Length":39,"Height":17,"Demand":1,"DemandMax":null,"Value":663},{"Length":44,"Height":15,"Demand":1,"DemandMax":null,"Value":660},{"Length":30,"Height":22,"Demand":3,"DemandMax":null,"Value":660},{"Length":33,"Height":20,"Demand":5,"DemandMax":null,"Value":660},{"Length":31,"Height":21,"Demand":2,"DemandMax":null,"Value":651},{"Length":26,"Height":25,"Demand":1,"DemandMax":null,"Value":650},{"Length":50,"Height":13,"Demand":1,"DemandMax":null,"Value":650},{"Length":27,"Height":24,"Demand":2,"DemandMax":null,"Value":648},{"Length":54,"Height":12,"Demand":5,"DemandMax":null,"Value":648},{"Length":36,"Height":18,"Demand":4,"DemandMax":null,"Value":648},{"Length":34,"Height":19,"Demand":1,"DemandMax":null,"Value":646},{"Length":38,"Height":17,"Demand":3,"DemandMax":null,"Value":646},{"Length":46,"Height":14,"Demand":4,"DemandMax":null,"Value":644},{"Length":40,"Height":16,"Demand":1,"DemandMax":null,"Value":640},{"Length":58,"Height":11,"Demand":1,"DemandMax":null,"Value":638},{"Length":49,"Height":13,"Demand":2,"DemandMax":null,"Value":637},{"Length":30,"Height":21,"Demand":2,"DemandMax":null,"Value":630},{"Length":45,"Height":14,"Demand":1,"DemandMax":null,"Value":630},{"Length":37,"Height":17,"Demand":2,"DemandMax":null,"Value":629},{"Length":57,"Height":11,"Demand":1,"DemandMax":null,"Value":627},{"Length":25,"Height":25,"Demand":2,"DemandMax":null,"Value":625},{"Length":26,"Height":24,"Demand":2,"DemandMax":null,"Value":624},{"Length":39,"Height":16,"Demand":5,"DemandMax":null,"Value":624},{"Length":27,"Height":23,"Demand":1,"DemandMax":null,"Value":621},{"Length":31,"Height":20,"Demand":2,"DemandMax":null,"Value":620},{"Length":36,"Height":17,"Demand":1,"DemandMax":null,"Value":612},{"Length":47,"Height":13,"Demand":2,"DemandMax":null,"Value":611},{"Length":29,"Height":21,"Demand":4,"DemandMax":null,"Value":609},{"Length":38,"Height":16,"Demand":4,"DemandMax":null,"Value":608},{"Length":55,"Height":11,"Demand":2,"DemandMax":null,"Value":605},{"Length":30,"Height":20,"Demand":5,"DemandMax":null,"Value":600},{"Length":40,"Height":15,"Demand":1,"DemandMax":null,"Value":600},{"Length":46,"Height":13,"Demand":1,"DemandMax":null,"Value":598},{"Length":35,"Height":17,"Demand":2,"DemandMax":null,"Value":595},{"Length":27,"Height":22,"Demand":8,"DemandMax":null,"Value":594},{"Length":33,"Height":18,"Demand":5,"DemandMax":null,"Value":594},{"Length":37,"Height":16,"Demand":1,"DemandMax":null,"Value":592},{"Length":28,"Height":21,"Demand":1,"DemandMax":null,"Value":588},{"Length":53,"Height":11,"Demand":2,"DemandMax":null,"Value":583},{"Length":29,"Height":20,"Demand":2,"DemandMax":null,"Value":580},{"Length":34,"Height":17,"Demand":1,"DemandMax":null,"Value":578},{"Length":36,"Height":16,"Demand":2,"DemandMax":null,"Value":576},{"Length":32,"Height":18,"Demand":3,"DemandMax":null,"Value":576},{"Length":25,"Height":23,"Demand":1,"DemandMax":null,"Value":575},{"Length":41,"Height":14,"Demand":2,"DemandMax":null,"Value":574},{"Length":30,"Height":19,"Demand":2,"DemandMax":null,"Value":570},{"Length":27,"Height":21,"Demand":1,"DemandMax":null,"Value":567},{"Length":47,"Height":12,"Demand":4,"DemandMax":null,"Value":564},{"Length":33,"Height":17,"Demand":3,"DemandMax":null,"Value":561},{"Length":35,"Height":16,"Demand":5,"DemandMax":null,"Value":560},{"Length":28,"Height":20,"Demand":1,"DemandMax":null,"Value":560},{"Length":56,"Height":10,"Demand":1,"DemandMax":null,"Value":560},{"Length":43,"Height":13,"Demand":2,"DemandMax":null,"Value":559},{"Length":31,"Height":18,"Demand":3,"DemandMax":null,"Value":558},{"Length":37,"Height":15,"Demand":2,"DemandMax":null,"Value":555},{"Length":29,"Height":19,"Demand":1,"DemandMax":null,"Value":551},{"Length":25,"Height":22,"Demand":2,"DemandMax":null,"Value":550},{"Length":39,"Height":14,"Demand":2,"DemandMax":null,"Value":546},{"Length":32,"Height":17,"Demand":3,"DemandMax":null,"Value":544},{"Length":27,"Height":20,"Demand":1,"DemandMax":null,"Value":540},{"Length":45,"Height":12,"Demand":6,"DemandMax":null,"Value":540},{"Length":36,"Height":15,"Demand":4,"DemandMax":null,"Value":540},{"Length":54,"Height":10,"Demand":4,"DemandMax":null,"Value":540},{"Length":30,"Height":18,"Demand":1,"DemandMax":null,"Value":540},{"Length":49,"Height":11,"Demand":2,"DemandMax":null,"Value":539},{"Length":28,"Height":19,"Demand":5,"DemandMax":null,"Value":532},{"Length":38,"Height":14,"Demand":4,"DemandMax":null,"Value":532},{"Length":24,"Height":22,"Demand":6,"DemandMax":null,"Value":528},{"Length":44,"Height":12,"Demand":7,"DemandMax":null,"Value":528},{"Length":35,"Height":15,"Demand":2,"DemandMax":null,"Value":525},{"Length":25,"Height":21,"Demand":2,"DemandMax":null,"Value":525},{"Length":29,"Height":18,"Demand":1,"DemandMax":null,"Value":522},{"Length":26,"Height":20,"Demand":4,"DemandMax":null,"Value":520},{"Length":40,"Height":13,"Demand":1,"DemandMax":null,"Value":520},{"Length":37,"Height":14,"Demand":2,"DemandMax":null,"Value":518},{"Length":47,"Height":11,"Demand":1,"DemandMax":null,"Value":517},{"Length":43,"Height":12,"Demand":2,"DemandMax":null,"Value":516},{"Length":27,"Height":19,"Demand":2,"DemandMax":null,"Value":513},{"Length":32,"Height":16,"Demand":5,"DemandMax":null,"Value":512},{"Length":51,"Height":10,"Demand":3,"DemandMax":null,"Value":510},{"Length":30,"Height":17,"Demand":2,"DemandMax":null,"Value":510},{"Length":23,"Height":22,"Demand":2,"DemandMax":null,"Value":506},{"Length":46,"Height":11,"Demand":1,"DemandMax":null,"Value":506},{"Length":42,"Height":12,"Demand":2,"DemandMax":null,"Value":504},{"Length":28,"Height":18,"Demand":1,"DemandMax":null,"Value":504},{"Length":24,"Height":21,"Demand":3,"DemandMax":null,"Value":504},{"Length":38,"Height":13,"Demand":1,"DemandMax":null,"Value":494},{"Length":26,"Height":19,"Demand":2,"DemandMax":null,"Value":494},{"Length":29,"Height":17,"Demand":5,"DemandMax":null,"Value":493},{"Length":41,"Height":12,"Demand":3,"DemandMax":null,"Value":492},{"Length":35,"Height":14,"Demand":2,"DemandMax":null,"Value":490},{"Length":27,"Height":18,"Demand":1,"DemandMax":null,"Value":486},{"Length":22,"Height":22,"Demand":2,"DemandMax":null,"Value":484},{"Length":23,"Height":21,"Demand":4,"DemandMax":null,"Value":483},{"Length":24,"Height":20,"Demand":2,"DemandMax":null,"Value":480},{"Length":30,"Height":16,"Demand":2,"DemandMax":null,"Value":480},{"Length":32,"Height":15,"Demand":1,"DemandMax":null,"Value":480},{"Length":34,"Height":14,"Demand":2,"DemandMax":null,"Value":476},{"Length":28,"Height":17,"Demand":2,"DemandMax":null,"Value":476},{"Length":25,"Height":19,"Demand":1,"DemandMax":null,"Value":475},{"Length":47,"Height":10,"Demand":4,"DemandMax":null,"Value":470},{"Length":26,"Height":18,"Demand":3,"DemandMax":null,"Value":468},{"Length":36,"Height":13,"Demand":4,"DemandMax":null,"Value":468},{"Length":31,"Height":15,"Demand":2,"DemandMax":null,"Value":465},{"Length":29,"Height":16,"Demand":2,"DemandMax":null,"Value":464},{"Length":22,"Height":21,"Demand":1,"DemandMax":null,"Value":462},{"Length":33,"Height":14,"Demand":3,"DemandMax":null,"Value":462},{"Length":23,"Height":20,"Demand":1,"DemandMax":null,"Value":460},{"Length":27,"Height":17,"Demand":1,"DemandMax":null,"Value":459},{"Length":38,"Height":12,"Demand":3,"DemandMax":null,"Value":456},{"Length":24,"Height":19,"Demand":1,"DemandMax":null,"Value":456},{"Length":35,"Height":13,"Demand":2,"DemandMax":null,"Value":455},{"Length":25,"Height":18,"Demand":1,"DemandMax":null,"Value":450},{"Length":30,"Height":15,"Demand":1,"DemandMax":null,"Value":450},{"Length":32,"Height":14,"Demand":4,"DemandMax":null,"Value":448},{"Length":28,"Height":16,"Demand":5,"DemandMax":null,"Value":448},{"Length":26,"Height":17,"Demand":1,"DemandMax":null,"Value":442},{"Length":34,"Height":13,"Demand":3,"DemandMax":null,"Value":442},{"Length":21,"Height":21,"Demand":2,"DemandMax":null,"Value":441},{"Length":40,"Height":11,"Demand":1,"DemandMax":null,"Value":440},{"Length":44,"Height":10,"Demand":6,"DemandMax":null,"Value":440},{"Length":22,"Height":20,"Demand":2,"DemandMax":null,"Value":440},{"Length":23,"Height":19,"Demand":2,"DemandMax":null,"Value":437},{"Length":29,"Height":15,"Demand":1,"DemandMax":null,"Value":435},{"Length":31,"Height":14,"Demand":2,"DemandMax":null,"Value":434},{"Length":24,"Height":18,"Demand":1,"DemandMax":null,"Value":432},{"Length":27,"Height":16,"Demand":6,"DemandMax":null,"Value":432},{"Length":33,"Height":13,"Demand":2,"DemandMax":null,"Value":429},{"Length":25,"Height":17,"Demand":1,"DemandMax":null,"Value":425},{"Length":35,"Height":12,"Demand":2,"DemandMax":null,"Value":420},{"Length":42,"Height":10,"Demand":1,"DemandMax":null,"Value":420},{"Length":28,"Height":15,"Demand":3,"DemandMax":null,"Value":420},{"Length":22,"Height":19,"Demand":3,"DemandMax":null,"Value":418},{"Length":26,"Height":16,"Demand":2,"DemandMax":null,"Value":416},{"Length":32,"Height":13,"Demand":1,"DemandMax":null,"Value":416},{"Length":24,"Height":17,"Demand":4,"DemandMax":null,"Value":408},{"Length":27,"Height":15,"Demand":1,"DemandMax":null,"Value":405},{"Length":31,"Height":13,"Demand":2,"DemandMax":null,"Value":403},{"Length":25,"Height":16,"Demand":3,"DemandMax":null,"Value":400},{"Length":21,"Height":19,"Demand":1,"DemandMax":null,"Value":399},{"Length":36,"Height":11,"Demand":4,"DemandMax":null,"Value":396},{"Length":22,"Height":18,"Demand":3,"DemandMax":null,"Value":396},{"Length":28,"Height":14,"Demand":2,"DemandMax":null,"Value":392},{"Length":23,"Height":17,"Demand":1,"DemandMax":null,"Value":391},{"Length":26,"Height":15,"Demand":2,"DemandMax":null,"Value":390},{"Length":24,"Height":16,"Demand":3,"DemandMax":null,"Value":384},{"Length":32,"Height":12,"Demand":3,"DemandMax":null,"Value":384},{"Length":20,"Height":19,"Demand":3,"DemandMax":null,"Value":380},{"Length":27,"Height":14,"Demand":3,"DemandMax":null,"Value":378},{"Length":21,"Height":18,"Demand":3,"DemandMax":null,"Value":378},{"Length":29,"Height":13,"Demand":3,"DemandMax":null,"Value":377},{"Length":25,"Height":15,"Demand":4,"DemandMax":null,"Value":375},{"Length":34,"Height":11,"Demand":2,"DemandMax":null,"Value":374},{"Length":22,"Height":17,"Demand":2,"DemandMax":null,"Value":374},{"Length":31,"Height":12,"Demand":2,"DemandMax":null,"Value":372},{"Length":23,"Height":16,"Demand":1,"DemandMax":null,"Value":368},{"Length":26,"Height":14,"Demand":1,"DemandMax":null,"Value":364},{"Length":19,"Height":19,"Demand":3,"DemandMax":null,"Value":361},{"Length":24,"Height":15,"Demand":3,"DemandMax":null,"Value":360},{"Length":30,"Height":12,"Demand":4,"DemandMax":null,"Value":360},{"Length":22,"Height":16,"Demand":1,"DemandMax":null,"Value":352},{"Length":27,"Height":13,"Demand":1,"DemandMax":null,"Value":351},{"Length":29,"Height":12,"Demand":3,"DemandMax":null,"Value":348},{"Length":23,"Height":15,"Demand":4,"DemandMax":null,"Value":345},{"Length":20,"Height":17,"Demand":1,"DemandMax":null,"Value":340},{"Length":26,"Height":13,"Demand":3,"DemandMax":null,"Value":338},{"Length":28,"Height":12,"Demand":1,"DemandMax":null,"Value":336},{"Length":21,"Height":16,"Demand":4,"DemandMax":null,"Value":336},{"Length":33,"Height":10,"Demand":1,"DemandMax":null,"Value":330},{"Length":18,"Height":18,"Demand":2,"DemandMax":null,"Value":324},{"Length":27,"Height":12,"Demand":1,"DemandMax":null,"Value":324},{"Length":19,"Height":17,"Demand":1,"DemandMax":null,"Value":323},{"Length":20,"Height":16,"Demand":1,"DemandMax":null,"Value":320},{"Length":21,"Height":15,"Demand":1,"DemandMax":null,"Value":315},{"Length":31,"Height":10,"Demand":1,"DemandMax":null,"Value":310},{"Length":22,"Height":14,"Demand":3,"DemandMax":null,"Value":308},{"Length":28,"Height":11,"Demand":2,"DemandMax":null,"Value":308},{"Length":18,"Height":17,"Demand":4,"DemandMax":null,"Value":306},{"Length":19,"Height":16,"Demand":1,"DemandMax":null,"Value":304},{"Length":30,"Height":10,"Demand":3,"DemandMax":null,"Value":300},{"Length":25,"Height":12,"Demand":2,"DemandMax":null,"Value":300},{"Length":20,"Height":15,"Demand":2,"DemandMax":null,"Value":300},{"Length":23,"Height":13,"Demand":2,"DemandMax":null,"Value":299},{"Length":29,"Height":10,"Demand":1,"DemandMax":null,"Value":290},{"Length":17,"Height":17,"Demand":2,"DemandMax":null,"Value":289},{"Length":18,"Height":16,"Demand":3,"DemandMax":null,"Value":288},{"Length":24,"Height":12,"Demand":1,"DemandMax":null,"Value":288},{"Length":26,"Height":11,"Demand":4,"DemandMax":null,"Value":286},{"Length":22,"Height":13,"Demand":2,"DemandMax":null,"Value":286},{"Length":17,"Height":16,"Demand":1,"DemandMax":null,"Value":272},{"Length":18,"Height":15,"Demand":1,"DemandMax":null,"Value":270},{"Length":19,"Height":14,"Demand":3,"DemandMax":null,"Value":266},{"Length":26,"Height":10,"Demand":1,"DemandMax":null,"Value":260},{"Length":16,"Height":16,"Demand":1,"DemandMax":null,"Value":256},{"Length":17,"Height":15,"Demand":4,"DemandMax":null,"Value":255},{"Length":19,"Height":13,"Demand":2,"DemandMax":null,"Value":247},{"Length":16,"Height":15,"Demand":2,"DemandMax":null,"Value":240},{"Length":21,"Height":11,"Demand":2,"DemandMax":null,"Value":231},{"Length":23,"Height":10,"Demand":1,"DemandMax":null,"Value":230},{"Length":18,"Height":12,"Demand":3,"DemandMax":null,"Value":216},{"Length":15,"Height":14,"Demand":1,"DemandMax":null,"Value":210},{"Length":19,"Height":11,"Demand":1,"DemandMax":null,"Value":209},{"Length":16,"Height":13,"Demand":3,"DemandMax":null,"Value":208},{"Length":17,"Height":12,"Demand":2,"DemandMax":null,"Value":204},{"Length":14,"Height":14,"Demand":2,"DemandMax":null,"Value":196},{"Length":15,"Height":13,"Demand":1,"DemandMax":null,"Value":195},{"Length":16,"Height":12,"Demand":2,"DemandMax":null,"Value":192},{"Length":14,"Height":13,"Demand":3,"DemandMax":null,"Value":182},{"Length":15,"Height":12,"Demand":2,"DemandMax":null,"Value":180},{"Length":14,"Height":12,"Demand":1,"DemandMax":null,"Value":168},{"Length":16,"Height":10,"Demand":2,"DemandMax":null,"Value":160},{"Length":15,"Height":10,"Demand":1,"DemandMax":null,"Value":150},{"Length":14,"Height":10,"Demand":1,"DemandMax":null,"Value":140},{"Length":12,"Height":10,"Demand":2,"DemandMax":null,"Value":120}]}