{"Name":"MB07_107","Objects":[{"Length":587,"Height":233,"Stock":null,"Cost":136771}],"Items":[{"Length":50,"Height":50,"Demand":20,"DemandMax":null,"Value":2500},{"Length":58,"Height":42,"Demand":20,"DemandMax":null,"Value":2436},{"Length":59,"Height":39,"Demand":19,"DemandMax":null,"Value":2301},{"Length":58,"Height":38,"Demand":24,"DemandMax":null,"Value":2204},{"Length":48,"Height":42,"Demand":22,"DemandMax":null,"Value":2016},{"Length":53,"Height":36,"Demand":29,"DemandMax":null,"Value":1908},{"Length":51,"Height":37,"Demand":17,"DemandMax":null,"Value":1887},{"Length":46,"Height":40,"Demand":13,"DemandMax":null,"Value":1840},{"Length":47,"Height":39,"Demand":16,"DemandMax":null,"Value":1833},{"Length":47,"Height":37,"Demand":24,"DemandMax":null,"Value":1739},{"Length":58,"Height":28,"Demand":22,"DemandMax":null,"Value":1624},{"Length":42,"Height":37,"Demand":25,"DemandMax":null,"Value":1554},{"Length":47,"Height":33,"Demand":29,"DemandMax":null,"Value":1551},{"Length":58,"Height":26,"Demand":28,"DemandMax":null,"Value":1508},{"Length":51,"Height":29,"Demand":20,"DemandMax":null,"Value":1479},{"Length":42,"Height":35,"Demand":10,"DemandMax":null,"Value":1470},{"Length":41,"Height":35,"Demand":20,"DemandMax":null,"Value":1435},{"Length":40,"Height":33,"Demand":26,"DemandMax":null,"Value":1320},{"Length":47,"Height":27,"Demand":12,"DemandMax":null,"Value":1269},{"Length":45,"Height":28,"Demand":20,"DemandMax":null,"Value":1260},{"Length":39,"Height":32,"Demand":25,"DemandMax":null,"Value":1248},{"Length":38,"Height":32,"Demand":13,"DemandMax":null,"Value":1216},{"Length":38,"Height":31,"Demand":24,"DemandMax":null,"Value":1178},{"Length":49,"Height":23,"Demand":26,"DemandMax":null,"Value":1127},{"Length":52,"Height":21,"Demand":23,"DemandMax":null,"Value":1092},{"Length":54,"Height":20,"Demand":19,"DemandMax":null,"Value":1080},{"Length":49,"Height":22,"Demand":23,"DemandMax":null,"Value":1078},{"Length":37,"Height":28,"Demand":18,"DemandMax":null,"Value":1036},{"Length":34,"Height":29,"Demand":17,"DemandMax":null,"Value":986},{"Length":36,"Height":27,"Demand":25,"DemandMax":null,"Value":972},{"Length":35,"Height":27,"Demand":23,"DemandMax":null,"Value":945},{"Length":30,"Height":30,"Demand":21,"DemandMax":null,"Value":900},{"Length":32,"Height":27,"Demand":17,"DemandMax":null,"Value":864},{"Length":39,"Height":20,"Demand":32,"DemandMax":null,"Value":780},{"Length":37,"Height":21,"Demand":20,"DemandMax":null,"Value":777},{"Length":32,"Height":24,"Demand":23,"DemandMax":null,"Value":768},{"Length":29,"Height":26,"Demand":23,"DemandMax":null,"Value":754},{"Length":43,"Height":17,"Demand":14,"DemandMax":null,"Value":731},{"Length":27,"Height":27,"Demand":28,"DemandMax":null,"Value":729},{"Length":43,"Height":16,"Demand":17,"DemandMax":null,"Value":688},{"Length":38,"Height":18,"Demand":23,"DemandMax":null,"Value":684},{"Length":44,"Height":15,"Demand":23,"DemandMax":null,"Value":660},{"Length":50,"Height":13,"Demand":19,"DemandMax":null,"Value":650},{"Length":29,"Height":21,"Demand":24,"DemandMax":null,"Value":609},{"Length":35,"Height":17,"Demand":24,"DemandMax":null,"Value":595},{"Length":27,"Height":21,"Demand":24,"DemandMax":null,"Value":567},{"Length":23,"Height":22,"Demand":18,"DemandMax":null,"Value":506},{"Length":22,"Height":22,"Demand":18,"DemandMax":null,"Value":484},{"Length":30,"Height":15,"Demand":16,"DemandMax":null,"Value":450},{"Length":25,"Height":17,"Demand":23,"DemandMax":null,"Value":425},{"Length":30,"Height":14,"Demand":22,"DemandMax":null,"Value":420},{"Length":37,"Height":11,"Demand":26,"DemandMax":null,"Value":407},{"Length":36,"Height":11,"Demand":13,"DemandMax":null,"Value":396},{"Length":21,"Height":16,"Demand":18,"DemandMax":null,"Value":336},{"Length":19,"Height":17,"Demand":25,"DemandMax":null,"Value":323},{"Length":23,"Height":14,"Demand":19,"DemandMax":null,"Value":322},{"Length":18,"Height":15,"Demand":25,"DemandMax":null,"Value":270},{"Length":16,"Height":15,"Demand":21,"DemandMax":null,"Value":240},{"Length":18,"Height":12,"Demand":27,"DemandMax":null,"Value":216},{"Length":21,"Height":10,"Demand":18,"DemandMax":null,"Value":210}]}