{"Name":"MB09_080","Objects":[{"Length":432,"Height":79,"Stock":null,"Cost":34128}],"Items":[{"Length":44,"Height":39,"Demand":57,"DemandMax":null,"Value":1716},{"Length":54,"Height":31,"Demand":51,"DemandMax":null,"Value":1674},{"Length":47,"Height":30,"Demand":57,"DemandMax":null,"Value":1410},{"Length":41,"Height":34,"Demand":54,"DemandMax":null,"Value":1394},{"Length":48,"Height":29,"Demand":54,"DemandMax":null,"Value":1392},{"Length":42,"Height":24,"Demand":52,"DemandMax":null,"Value":1008},{"Length":58,"Height":17,"Demand":66,"DemandMax":null,"Value":986},{"Length":32,"Height":30,"Demand":51,"DemandMax":null,"Value":960},{"Length":39,"Height":24,"Demand":57,"DemandMax":null,"Value":936},{"Length":49,"Height":19,"Demand":51,"DemandMax":null,"Value":931},{"Length":31,"Height":28,"Demand":65,"DemandMax":null,"Value":868},{"Length":40,"Height":21,"Demand":65,"DemandMax":null,"Value":840},{"Length":38,"Height":21,"Demand":43,"DemandMax":null,"Value":798},{"Length":49,"Height":16,"Demand":57,"DemandMax":null,"Value":784},{"Length":29,"Height":27,"Demand":54,"DemandMax":null,"Value":783},{"Length":60,"Height":13,"Demand":60,"DemandMax":null,"Value":780},{"Length":39,"Height":20,"Demand":58,"DemandMax":null,"Value":780},{"Length":30,"Height":21,"Demand":56,"DemandMax":null,"Value":630},{"Length":37,"Height":17,"Demand":56,"DemandMax":null,"Value":629},{"Length":32,"Height":18,"Demand":53,"DemandMax":null,"Value":576},{"Length":26,"Height":20,"Demand":58,"DemandMax":null,"Value":520},{"Length":33,"Height":15,"Demand":52,"DemandMax":null,"Value":495},{"Length":26,"Height":18,"Demand":58,"DemandMax":null,"Value":468},{"Length":22,"Height":21,"Demand":58,"DemandMax":null,"Value":462},{"Length":37,"Height":12,"Demand":51,"DemandMax":null,"Value":444},{"Length":23,"Height":17,"Demand":71,"DemandMax":null,"Value":391},{"Length":21,"Height":17,"Demand":51,"DemandMax":null,"Value":357},{"Length":30,"Height":11,"Demand":66,"DemandMax":null,"Value":330},{"Length":17,"Height":16,"Demand":72,"DemandMax":null,"Value":272},{"Length":14,"Height":12,"Demand":58,"DemandMax":null,"Value":168}]}