{"Name":"MB08_036","Objects":[{"Length":587,"Height":233,"Stock":null,"Cost":136771}],"Items":[{"Length":54,"Height":50,"Demand":16,"DemandMax":null,"Value":2700},{"Length":52,"Height":38,"Demand":12,"DemandMax":null,"Value":1976},{"Length":57,"Height":32,"Demand":14,"DemandMax":null,"Value":1824},{"Length":46,"Height":39,"Demand":18,"DemandMax":null,"Value":1794},{"Length":56,"Height":32,"Demand":12,"DemandMax":null,"Value":1792},{"Length":54,"Height":33,"Demand":13,"DemandMax":null,"Value":1782},{"Length":57,"Height":30,"Demand":15,"DemandMax":null,"Value":1710},{"Length":45,"Height":38,"Demand":21,"DemandMax":null,"Value":1710},{"Length":47,"Height":36,"Demand":11,"DemandMax":null,"Value":1692},{"Length":40,"Height":39,"Demand":18,"DemandMax":null,"Value":1560},{"Length":44,"Height":35,"Demand":19,"DemandMax":null,"Value":1540},{"Length":43,"Height":35,"Demand":13,"DemandMax":null,"Value":1505},{"Length":47,"Height":32,"Demand":11,"DemandMax":null,"Value":1504},{"Length":50,"Height":30,"Demand":21,"DemandMax":null,"Value":1500},{"Length":53,"Height":28,"Demand":18,"DemandMax":null,"Value":1484},{"Length":40,"Height":37,"Demand":17,"DemandMax":null,"Value":1480},{"Length":52,"Height":28,"Demand":18,"DemandMax":null,"Value":1456},{"Length":47,"Height":30,"Demand":19,"DemandMax":null,"Value":1410},{"Length":50,"Height":28,"Demand":13,"DemandMax":null,"Value":1400},{"Length":55,"Height":24,"Demand":21,"DemandMax":null,"Value":1320},{"Length":42,"Height":29,"Demand":19,"DemandMax":null,"Value":1218},{"Length":45,"Height":27,"Demand":8,"DemandMax":null,"Value":1215},{"Length":52,"Height":23,"Demand":16,"DemandMax":null,"Value":1196},{"Length":36,"Height":32,"Demand":15,"DemandMax":null,"Value":1152},{"Length":47,"Height":24,"Demand":8,"DemandMax":null,"Value":1128},{"Length":36,"Height":31,"Demand":22,"DemandMax":null,"Value":1116},{"Length":34,"Height":32,"Demand":14,"DemandMax":null,"Value":1088},{"Length":59,"Height":18,"Demand":19,"DemandMax":null,"Value":1062},{"Length":33,"Height":32,"Demand":14,"DemandMax":null,"Value":1056},{"Length":34,"Height":31,"Demand":16,"DemandMax":null,"Value":1054},{"Length":36,"Height":29,"Demand":10,"DemandMax":null,"Value":1044},{"Length":40,"Height":26,"Demand":20,"DemandMax":null,"Value":1040},{"Length":47,"Height":22,"Demand":14,"DemandMax":null,"Value":1034},{"Length":34,"Height":30,"Demand":16,"DemandMax":null,"Value":1020},{"Length":58,"Height":17,"Demand":15,"DemandMax":null,"Value":986},{"Length":37,"Height":25,"Demand":14,"DemandMax":null,"Value":925},{"Length":53,"Height":17,"Demand":13,"DemandMax":null,"Value":901},{"Length":36,"Height":25,"Demand":16,"DemandMax":null,"Value":900},{"Length":45,"Height":20,"Demand":18,"DemandMax":null,"Value":900},{"Length":32,"Height":28,"Demand":20,"DemandMax":null,"Value":896},{"Length":38,"Height":23,"Demand":7,"DemandMax":null,"Value":874},{"Length":36,"Height":24,"Demand":16,"DemandMax":null,"Value":864},{"Length":47,"Height":18,"Demand":9,"DemandMax":null,"Value":846},{"Length":60,"Height":14,"Demand":9,"DemandMax":null,"Value":840},{"Length":42,"Height":20,"Demand":15,"DemandMax":null,"Value":840},{"Length":31,"Height":27,"Demand":17,"DemandMax":null,"Value":837},{"Length":36,"Height":23,"Demand":14,"DemandMax":null,"Value":828},{"Length":28,"Height":28,"Demand":13,"DemandMax":null,"Value":784},{"Length":37,"Height":21,"Demand":17,"DemandMax":null,"Value":777},{"Length":35,"Height":22,"Demand":24,"DemandMax":null,"Value":770},{"Length":45,"Height":17,"Demand":13,"DemandMax":null,"Value":765},{"Length":54,"Height":14,"Demand":16,"DemandMax":null,"Value":756},{"Length":34,"Height":22,"Demand":16,"DemandMax":null,"Value":748},{"Length":49,"Height":15,"Demand":17,"DemandMax":null,"Value":735},{"Length":43,"Height":17,"Demand":15,"DemandMax":null,"Value":731},{"Length":40,"Height":18,"Demand":15,"DemandMax":null,"Value":720},{"Length":41,"Height":17,"Demand":18,"DemandMax":null,"Value":697},{"Length":31,"Height":22,"Demand":17,"DemandMax":null,"Value":682},{"Length":30,"Height":22,"Demand":14,"DemandMax":null,"Value":660},{"Length":47,"Height":14,"Demand":17,"DemandMax":null,"Value":658},{"Length":36,"Height":18,"Demand":19,"DemandMax":null,"Value":648},{"Length":27,"Height":24,"Demand":16,"DemandMax":null,"Value":648},{"Length":37,"Height":17,"Demand":16,"DemandMax":null,"Value":629},{"Length":39,"Height":16,"Demand":12,"DemandMax":null,"Value":624},{"Length":27,"Height":23,"Demand":20,"DemandMax":null,"Value":621},{"Length":28,"Height":22,"Demand":21,"DemandMax":null,"Value":616},{"Length":32,"Height":19,"Demand":13,"DemandMax":null,"Value":608},{"Length":29,"Height":20,"Demand":18,"DemandMax":null,"Value":580},{"Length":31,"Height":18,"Demand":8,"DemandMax":null,"Value":558},{"Length":36,"Height":15,"Demand":16,"DemandMax":null,"Value":540},{"Length":49,"Height":11,"Demand":11,"DemandMax":null,"Value":539},{"Length":24,"Height":22,"Demand":16,"DemandMax":null,"Value":528},{"Length":44,"Height":12,"Demand":22,"DemandMax":null,"Value":528},{"Length":26,"Height":20,"Demand":16,"DemandMax":null,"Value":520},{"Length":32,"Height":16,"Demand":17,"DemandMax":null,"Value":512},{"Length":29,"Height":17,"Demand":13,"DemandMax":null,"Value":493},{"Length":40,"Height":12,"Demand":16,"DemandMax":null,"Value":480},{"Length":39,"Height":12,"Demand":14,"DemandMax":null,"Value":468},{"Length":26,"Height":18,"Demand":15,"DemandMax":null,"Value":468},{"Length":37,"Height":12,"Demand":18,"DemandMax":null,"Value":444},{"Length":34,"Height":13,"Demand":13,"DemandMax":null,"Value":442},{"Length":29,"Height":15,"Demand":14,"DemandMax":null,"Value":435},{"Length":27,"Height":16,"Demand":22,"DemandMax":null,"Value":432},{"Length":33,"Height":13,"Demand":16,"DemandMax":null,"Value":429},{"Length":20,"Height":19,"Demand":18,"DemandMax":null,"Value":380},{"Length":23,"Height":13,"Demand":20,"DemandMax":null,"Value":299},{"Length":18,"Height":16,"Demand":18,"DemandMax":null,"Value":288},{"Length":25,"Height":11,"Demand":19,"DemandMax":null,"Value":275},{"Length":26,"Height":10,"Demand":17,"DemandMax":null,"Value":260},{"Length":17,"Height":15,"Demand":14,"DemandMax":null,"Value":255},{"Length":18,"Height":13,"Demand":18,"DemandMax":null,"Value":234},{"Length":15,"Height":15,"Demand":19,"DemandMax":null,"Value":225},{"Length":18,"Height":12,"Demand":16,"DemandMax":null,"Value":216},{"Length":14,"Height":12,"Demand":19,"DemandMax":null,"Value":168},{"Length":15,"Height":10,"Demand":12,"DemandMax":null,"Value":150}]}