{"Name":"MB09_089","Objects":[{"Length":432,"Height":79,"Stock":null,"Cost":34128}],"Items":[{"Length":59,"Height":44,"Demand":45,"DemandMax":null,"Value":2596},{"Length":48,"Height":46,"Demand":35,"DemandMax":null,"Value":2208},{"Length":57,"Height":34,"Demand":36,"DemandMax":null,"Value":1938},{"Length":52,"Height":31,"Demand":35,"DemandMax":null,"Value":1612},{"Length":50,"Height":32,"Demand":34,"DemandMax":null,"Value":1600},{"Length":40,"Height":40,"Demand":34,"DemandMax":null,"Value":1600},{"Length":40,"Height":38,"Demand":41,"DemandMax":null,"Value":1520},{"Length":39,"Height":38,"Demand":33,"DemandMax":null,"Value":1482},{"Length":41,"Height":36,"Demand":25,"DemandMax":null,"Value":1476},{"Length":47,"Height":30,"Demand":26,"DemandMax":null,"Value":1410},{"Length":49,"Height":28,"Demand":34,"DemandMax":null,"Value":1372},{"Length":56,"Height":22,"Demand":36,"DemandMax":null,"Value":1232},{"Length":55,"Height":22,"Demand":31,"DemandMax":null,"Value":1210},{"Length":50,"Height":23,"Demand":32,"DemandMax":null,"Value":1150},{"Length":35,"Height":31,"Demand":26,"DemandMax":null,"Value":1085},{"Length":56,"Height":19,"Demand":27,"DemandMax":null,"Value":1064},{"Length":55,"Height":19,"Demand":34,"DemandMax":null,"Value":1045},{"Length":53,"Height":19,"Demand":28,"DemandMax":null,"Value":1007},{"Length":50,"Height":20,"Demand":31,"DemandMax":null,"Value":1000},{"Length":36,"Height":27,"Demand":22,"DemandMax":null,"Value":972},{"Length":36,"Height":26,"Demand":36,"DemandMax":null,"Value":936},{"Length":44,"Height":21,"Demand":24,"DemandMax":null,"Value":924},{"Length":36,"Height":24,"Demand":25,"DemandMax":null,"Value":864},{"Length":48,"Height":17,"Demand":42,"DemandMax":null,"Value":816},{"Length":42,"Height":19,"Demand":40,"DemandMax":null,"Value":798},{"Length":35,"Height":21,"Demand":26,"DemandMax":null,"Value":735},{"Length":33,"Height":22,"Demand":35,"DemandMax":null,"Value":726},{"Length":34,"Height":20,"Demand":23,"DemandMax":null,"Value":680},{"Length":42,"Height":16,"Demand":24,"DemandMax":null,"Value":672},{"Length":27,"Height":24,"Demand":41,"DemandMax":null,"Value":648},{"Length":46,"Height":14,"Demand":31,"DemandMax":null,"Value":644},{"Length":45,"Height":14,"Demand":28,"DemandMax":null,"Value":630},{"Length":29,"Height":21,"Demand":29,"DemandMax":null,"Value":609},{"Length":24,"Height":23,"Demand":30,"DemandMax":null,"Value":552},{"Length":25,"Height":22,"Demand":33,"DemandMax":null,"Value":550},{"Length":39,"Height":14,"Demand":28,"DemandMax":null,"Value":546},{"Length":28,"Height":18,"Demand":28,"DemandMax":null,"Value":504},{"Length":22,"Height":22,"Demand":38,"DemandMax":null,"Value":484},{"Length":23,"Height":19,"Demand":34,"DemandMax":null,"Value":437},{"Length":20,"Height":16,"Demand":27,"DemandMax":null,"Value":320}]}