{"Name":"MB09_133","Objects":[{"Length":432,"Height":79,"Stock":null,"Cost":34128}],"Items":[{"Length":59,"Height":48,"Demand":14,"DemandMax":null,"Value":2832},{"Length":49,"Height":49,"Demand":14,"DemandMax":null,"Value":2401},{"Length":52,"Height":42,"Demand":13,"DemandMax":null,"Value":2184},{"Length":51,"Height":39,"Demand":12,"DemandMax":null,"Value":1989},{"Length":47,"Height":41,"Demand":10,"DemandMax":null,"Value":1927},{"Length":52,"Height":37,"Demand":16,"DemandMax":null,"Value":1924},{"Length":48,"Height":40,"Demand":22,"DemandMax":null,"Value":1920},{"Length":49,"Height":39,"Demand":15,"DemandMax":null,"Value":1911},{"Length":48,"Height":38,"Demand":18,"DemandMax":null,"Value":1824},{"Length":59,"Height":30,"Demand":11,"DemandMax":null,"Value":1770},{"Length":43,"Height":41,"Demand":17,"DemandMax":null,"Value":1763},{"Length":46,"Height":37,"Demand":15,"DemandMax":null,"Value":1702},{"Length":53,"Height":30,"Demand":14,"DemandMax":null,"Value":1590},{"Length":50,"Height":31,"Demand":15,"DemandMax":null,"Value":1550},{"Length":45,"Height":34,"Demand":21,"DemandMax":null,"Value":1530},{"Length":46,"Height":33,"Demand":20,"DemandMax":null,"Value":1518},{"Length":48,"Height":30,"Demand":13,"DemandMax":null,"Value":1440},{"Length":43,"Height":33,"Demand":16,"DemandMax":null,"Value":1419},{"Length":38,"Height":35,"Demand":13,"DemandMax":null,"Value":1330},{"Length":49,"Height":27,"Demand":12,"DemandMax":null,"Value":1323},{"Length":51,"Height":25,"Demand":14,"DemandMax":null,"Value":1275},{"Length":47,"Height":27,"Demand":19,"DemandMax":null,"Value":1269},{"Length":37,"Height":34,"Demand":14,"DemandMax":null,"Value":1258},{"Length":34,"Height":34,"Demand":22,"DemandMax":null,"Value":1156},{"Length":50,"Height":23,"Demand":13,"DemandMax":null,"Value":1150},{"Length":35,"Height":32,"Demand":12,"DemandMax":null,"Value":1120},{"Length":36,"Height":31,"Demand":15,"DemandMax":null,"Value":1116},{"Length":41,"Height":27,"Demand":17,"DemandMax":null,"Value":1107},{"Length":58,"Height":19,"Demand":17,"DemandMax":null,"Value":1102},{"Length":37,"Height":29,"Demand":20,"DemandMax":null,"Value":1073},{"Length":35,"Height":30,"Demand":13,"DemandMax":null,"Value":1050},{"Length":56,"Height":18,"Demand":13,"DemandMax":null,"Value":1008},{"Length":47,"Height":21,"Demand":17,"DemandMax":null,"Value":987},{"Length":56,"Height":17,"Demand":16,"DemandMax":null,"Value":952},{"Length":59,"Height":16,"Demand":18,"DemandMax":null,"Value":944},{"Length":41,"Height":23,"Demand":18,"DemandMax":null,"Value":943},{"Length":47,"Height":20,"Demand":16,"DemandMax":null,"Value":940},{"Length":39,"Height":24,"Demand":20,"DemandMax":null,"Value":936},{"Length":41,"Height":22,"Demand":16,"DemandMax":null,"Value":902},{"Length":31,"Height":29,"Demand":16,"DemandMax":null,"Value":899},{"Length":37,"Height":24,"Demand":19,"DemandMax":null,"Value":888},{"Length":31,"Height":28,"Demand":16,"DemandMax":null,"Value":868},{"Length":33,"Height":26,"Demand":12,"DemandMax":null,"Value":858},{"Length":50,"Height":17,"Demand":17,"DemandMax":null,"Value":850},{"Length":53,"Height":16,"Demand":23,"DemandMax":null,"Value":848},{"Length":35,"Height":24,"Demand":15,"DemandMax":null,"Value":840},{"Length":49,"Height":17,"Demand":18,"DemandMax":null,"Value":833},{"Length":55,"Height":15,"Demand":16,"DemandMax":null,"Value":825},{"Length":54,"Height":15,"Demand":20,"DemandMax":null,"Value":810},{"Length":42,"Height":18,"Demand":22,"DemandMax":null,"Value":756},{"Length":48,"Height":15,"Demand":14,"DemandMax":null,"Value":720},{"Length":31,"Height":23,"Demand":23,"DemandMax":null,"Value":713},{"Length":32,"Height":22,"Demand":18,"DemandMax":null,"Value":704},{"Length":35,"Height":20,"Demand":17,"DemandMax":null,"Value":700},{"Length":33,"Height":21,"Demand":18,"DemandMax":null,"Value":693},{"Length":49,"Height":14,"Demand":12,"DemandMax":null,"Value":686},{"Length":40,"Height":17,"Demand":14,"DemandMax":null,"Value":680},{"Length":45,"Height":15,"Demand":8,"DemandMax":null,"Value":675},{"Length":26,"Height":25,"Demand":15,"DemandMax":null,"Value":650},{"Length":50,"Height":13,"Demand":20,"DemandMax":null,"Value":650},{"Length":43,"Height":15,"Demand":10,"DemandMax":null,"Value":645},{"Length":28,"Height":23,"Demand":19,"DemandMax":null,"Value":644},{"Length":46,"Height":14,"Demand":11,"DemandMax":null,"Value":644},{"Length":33,"Height":19,"Demand":13,"DemandMax":null,"Value":627},{"Length":35,"Height":17,"Demand":15,"DemandMax":null,"Value":595},{"Length":33,"Height":18,"Demand":15,"DemandMax":null,"Value":594},{"Length":33,"Height":17,"Demand":16,"DemandMax":null,"Value":561},{"Length":28,"Height":20,"Demand":17,"DemandMax":null,"Value":560},{"Length":37,"Height":15,"Demand":12,"DemandMax":null,"Value":555},{"Length":34,"Height":16,"Demand":16,"DemandMax":null,"Value":544},{"Length":28,"Height":19,"Demand":19,"DemandMax":null,"Value":532},{"Length":25,"Height":21,"Demand":22,"DemandMax":null,"Value":525},{"Length":25,"Height":20,"Demand":11,"DemandMax":null,"Value":500},{"Length":35,"Height":14,"Demand":14,"DemandMax":null,"Value":490},{"Length":34,"Height":14,"Demand":14,"DemandMax":null,"Value":476},{"Length":26,"Height":18,"Demand":17,"DemandMax":null,"Value":468},{"Length":33,"Height":14,"Demand":22,"DemandMax":null,"Value":462},{"Length":30,"Height":15,"Demand":16,"DemandMax":null,"Value":450},{"Length":25,"Height":17,"Demand":14,"DemandMax":null,"Value":425},{"Length":25,"Height":16,"Demand":26,"DemandMax":null,"Value":400},{"Length":36,"Height":11,"Demand":21,"DemandMax":null,"Value":396},{"Length":24,"Height":16,"Demand":17,"DemandMax":null,"Value":384},{"Length":32,"Height":12,"Demand":18,"DemandMax":null,"Value":384},{"Length":24,"Height":15,"Demand":12,"DemandMax":null,"Value":360},{"Length":19,"Height":15,"Demand":23,"DemandMax":null,"Value":285},{"Length":21,"Height":10,"Demand":22,"DemandMax":null,"Value":210}]}