{"Name":"MB10_016","Objects":[{"Length":432,"Height":79,"Stock":null,"Cost":34128}],"Items":[{"Length":57,"Height":47,"Demand":29,"DemandMax":null,"Value":2679},{"Length":52,"Height":40,"Demand":30,"DemandMax":null,"Value":2080},{"Length":58,"Height":33,"Demand":39,"DemandMax":null,"Value":1914},{"Length":48,"Height":36,"Demand":38,"DemandMax":null,"Value":1728},{"Length":57,"Height":30,"Demand":41,"DemandMax":null,"Value":1710},{"Length":50,"Height":33,"Demand":30,"DemandMax":null,"Value":1650},{"Length":40,"Height":39,"Demand":34,"DemandMax":null,"Value":1560},{"Length":53,"Height":28,"Demand":26,"DemandMax":null,"Value":1484},{"Length":48,"Height":24,"Demand":39,"DemandMax":null,"Value":1152},{"Length":36,"Height":29,"Demand":33,"DemandMax":null,"Value":1044},{"Length":50,"Height":20,"Demand":23,"DemandMax":null,"Value":1000},{"Length":45,"Height":22,"Demand":27,"DemandMax":null,"Value":990},{"Length":38,"Height":26,"Demand":38,"DemandMax":null,"Value":988},{"Length":54,"Height":18,"Demand":41,"DemandMax":null,"Value":972},{"Length":40,"Height":23,"Demand":22,"DemandMax":null,"Value":920},{"Length":45,"Height":20,"Demand":80,"DemandMax":null,"Value":900},{"Length":36,"Height":25,"Demand":33,"DemandMax":null,"Value":900},{"Length":32,"Height":28,"Demand":33,"DemandMax":null,"Value":896},{"Length":34,"Height":26,"Demand":35,"DemandMax":null,"Value":884},{"Length":42,"Height":20,"Demand":41,"DemandMax":null,"Value":840},{"Length":31,"Height":27,"Demand":34,"DemandMax":null,"Value":837},{"Length":38,"Height":22,"Demand":29,"DemandMax":null,"Value":836},{"Length":36,"Height":23,"Demand":31,"DemandMax":null,"Value":828},{"Length":37,"Height":21,"Demand":27,"DemandMax":null,"Value":777},{"Length":47,"Height":14,"Demand":33,"DemandMax":null,"Value":658},{"Length":36,"Height":18,"Demand":35,"DemandMax":null,"Value":648},{"Length":30,"Height":21,"Demand":32,"DemandMax":null,"Value":630},{"Length":28,"Height":22,"Demand":35,"DemandMax":null,"Value":616},{"Length":32,"Height":18,"Demand":37,"DemandMax":null,"Value":576},{"Length":31,"Height":18,"Demand":26,"DemandMax":null,"Value":558},{"Length":55,"Height":10,"Demand":35,"DemandMax":null,"Value":550},{"Length":49,"Height":11,"Demand":32,"DemandMax":null,"Value":539},{"Length":32,"Height":16,"Demand":25,"DemandMax":null,"Value":512},{"Length":33,"Height":15,"Demand":37,"DemandMax":null,"Value":495},{"Length":29,"Height":17,"Demand":38,"DemandMax":null,"Value":493},{"Length":40,"Height":12,"Demand":29,"DemandMax":null,"Value":480},{"Length":37,"Height":12,"Demand":24,"DemandMax":null,"Value":444},{"Length":33,"Height":13,"Demand":33,"DemandMax":null,"Value":429},{"Length":35,"Height":12,"Demand":29,"DemandMax":null,"Value":420},{"Length":23,"Height":18,"Demand":33,"DemandMax":null,"Value":414},{"Length":25,"Height":15,"Demand":38,"DemandMax":null,"Value":375},{"Length":21,"Height":15,"Demand":37,"DemandMax":null,"Value":315},{"Length":28,"Height":11,"Demand":30,"DemandMax":null,"Value":308},{"Length":30,"Height":10,"Demand":32,"DemandMax":null,"Value":300},{"Length":26,"Height":10,"Demand":31,"DemandMax":null,"Value":260},{"Length":18,"Height":13,"Demand":30,"DemandMax":null,"Value":234}]}