{"Name":"MB10_098","Objects":[{"Length":432,"Height":79,"Stock":null,"Cost":34128}],"Items":[{"Length":51,"Height":46,"Demand":5,"DemandMax":null,"Value":2346},{"Length":48,"Height":47,"Demand":1,"DemandMax":null,"Value":2256},{"Length":49,"Height":46,"Demand":5,"DemandMax":null,"Value":2254},{"Length":50,"Height":45,"Demand":3,"DemandMax":null,"Value":2250},{"Length":57,"Height":39,"Demand":2,"DemandMax":null,"Value":2223},{"Length":51,"Height":43,"Demand":1,"DemandMax":null,"Value":2193},{"Length":56,"Height":39,"Demand":7,"DemandMax":null,"Value":2184},{"Length":57,"Height":38,"Demand":3,"DemandMax":null,"Value":2166},{"Length":48,"Height":45,"Demand":3,"DemandMax":null,"Value":2160},{"Length":50,"Height":43,"Demand":3,"DemandMax":null,"Value":2150},{"Length":58,"Height":37,"Demand":4,"DemandMax":null,"Value":2146},{"Length":58,"Height":36,"Demand":7,"DemandMax":null,"Value":2088},{"Length":48,"Height":43,"Demand":2,"DemandMax":null,"Value":2064},{"Length":51,"Height":40,"Demand":4,"DemandMax":null,"Value":2040},{"Length":52,"Height":39,"Demand":3,"DemandMax":null,"Value":2028},{"Length":56,"Height":36,"Demand":3,"DemandMax":null,"Value":2016},{"Length":50,"Height":40,"Demand":5,"DemandMax":null,"Value":2000},{"Length":60,"Height":33,"Demand":2,"DemandMax":null,"Value":1980},{"Length":45,"Height":44,"Demand":2,"DemandMax":null,"Value":1980},{"Length":53,"Height":36,"Demand":1,"DemandMax":null,"Value":1908},{"Length":55,"Height":34,"Demand":3,"DemandMax":null,"Value":1870},{"Length":58,"Height":32,"Demand":7,"DemandMax":null,"Value":1856},{"Length":44,"Height":42,"Demand":3,"DemandMax":null,"Value":1848},{"Length":45,"Height":40,"Demand":4,"DemandMax":null,"Value":1800},{"Length":56,"Height":32,"Demand":5,"DemandMax":null,"Value":1792},{"Length":51,"Height":35,"Demand":6,"DemandMax":null,"Value":1785},{"Length":48,"Height":37,"Demand":4,"DemandMax":null,"Value":1776},{"Length":45,"Height":39,"Demand":2,"DemandMax":null,"Value":1755},{"Length":47,"Height":37,"Demand":5,"DemandMax":null,"Value":1739},{"Length":51,"Height":34,"Demand":3,"DemandMax":null,"Value":1734},{"Length":42,"Height":41,"Demand":4,"DemandMax":null,"Value":1722},{"Length":43,"Height":40,"Demand":2,"DemandMax":null,"Value":1720},{"Length":59,"Height":29,"Demand":7,"DemandMax":null,"Value":1711},{"Length":45,"Height":38,"Demand":2,"DemandMax":null,"Value":1710},{"Length":42,"Height":40,"Demand":5,"DemandMax":null,"Value":1680},{"Length":45,"Height":37,"Demand":3,"DemandMax":null,"Value":1665},{"Length":42,"Height":39,"Demand":4,"DemandMax":null,"Value":1638},{"Length":43,"Height":38,"Demand":1,"DemandMax":null,"Value":1634},{"Length":48,"Height":34,"Demand":7,"DemandMax":null,"Value":1632},{"Length":54,"Height":30,"Demand":3,"DemandMax":null,"Value":1620},{"Length":46,"Height":35,"Demand":3,"DemandMax":null,"Value":1610},{"Length":47,"Height":34,"Demand":4,"DemandMax":null,"Value":1598},{"Length":42,"Height":38,"Demand":2,"DemandMax":null,"Value":1596},{"Length":59,"Height":27,"Demand":3,"DemandMax":null,"Value":1593},{"Length":49,"Height":32,"Demand":2,"DemandMax":null,"Value":1568},{"Length":56,"Height":28,"Demand":5,"DemandMax":null,"Value":1568},{"Length":60,"Height":26,"Demand":4,"DemandMax":null,"Value":1560},{"Length":42,"Height":37,"Demand":3,"DemandMax":null,"Value":1554},{"Length":47,"Height":33,"Demand":3,"DemandMax":null,"Value":1551},{"Length":50,"Height":31,"Demand":5,"DemandMax":null,"Value":1550},{"Length":55,"Height":28,"Demand":2,"DemandMax":null,"Value":1540},{"Length":53,"Height":29,"Demand":5,"DemandMax":null,"Value":1537},{"Length":59,"Height":26,"Demand":3,"DemandMax":null,"Value":1534},{"Length":46,"Height":33,"Demand":3,"DemandMax":null,"Value":1518},{"Length":41,"Height":37,"Demand":1,"DemandMax":null,"Value":1517},{"Length":42,"Height":36,"Demand":5,"DemandMax":null,"Value":1512},{"Length":48,"Height":31,"Demand":5,"DemandMax":null,"Value":1488},{"Length":45,"Height":33,"Demand":5,"DemandMax":null,"Value":1485},{"Length":39,"Height":38,"Demand":5,"DemandMax":null,"Value":1482},{"Length":57,"Height":26,"Demand":3,"DemandMax":null,"Value":1482},{"Length":43,"Height":34,"Demand":5,"DemandMax":null,"Value":1462},{"Length":47,"Height":31,"Demand":3,"DemandMax":null,"Value":1457},{"Length":44,"Height":33,"Demand":4,"DemandMax":null,"Value":1452},{"Length":38,"Height":38,"Demand":1,"DemandMax":null,"Value":1444},{"Length":48,"Height":30,"Demand":2,"DemandMax":null,"Value":1440},{"Length":53,"Height":27,"Demand":6,"DemandMax":null,"Value":1431},{"Length":42,"Height":34,"Demand":5,"DemandMax":null,"Value":1428},{"Length":57,"Height":25,"Demand":3,"DemandMax":null,"Value":1425},{"Length":49,"Height":29,"Demand":8,"DemandMax":null,"Value":1421},{"Length":43,"Height":33,"Demand":4,"DemandMax":null,"Value":1419},{"Length":47,"Height":30,"Demand":2,"DemandMax":null,"Value":1410},{"Length":38,"Height":37,"Demand":5,"DemandMax":null,"Value":1406},{"Length":39,"Height":36,"Demand":5,"DemandMax":null,"Value":1404},{"Length":58,"Height":24,"Demand":3,"DemandMax":null,"Value":1392},{"Length":48,"Height":29,"Demand":1,"DemandMax":null,"Value":1392},{"Length":42,"Height":33,"Demand":2,"DemandMax":null,"Value":1386},{"Length":60,"Height":23,"Demand":3,"DemandMax":null,"Value":1380},{"Length":51,"Height":27,"Demand":2,"DemandMax":null,"Value":1377},{"Length":38,"Height":36,"Demand":4,"DemandMax":null,"Value":1368},{"Length":41,"Height":33,"Demand":5,"DemandMax":null,"Value":1353},{"Length":50,"Height":27,"Demand":2,"DemandMax":null,"Value":1350},{"Length":42,"Height":32,"Demand":4,"DemandMax":null,"Value":1344},{"Length":48,"Height":28,"Demand":5,"DemandMax":null,"Value":1344},{"Length":38,"Height":35,"Demand":1,"DemandMax":null,"Value":1330},{"Length":49,"Height":27,"Demand":3,"DemandMax":null,"Value":1323},{"Length":44,"Height":30,"Demand":4,"DemandMax":null,"Value":1320},{"Length":40,"Height":33,"Demand":5,"DemandMax":null,"Value":1320},{"Length":47,"Height":28,"Demand":6,"DemandMax":null,"Value":1316},{"Length":41,"Height":32,"Demand":8,"DemandMax":null,"Value":1312},{"Length":42,"Height":31,"Demand":6,"DemandMax":null,"Value":1302},{"Length":48,"Height":27,"Demand":2,"DemandMax":null,"Value":1296},{"Length":38,"Height":34,"Demand":5,"DemandMax":null,"Value":1292},{"Length":39,"Height":33,"Demand":4,"DemandMax":null,"Value":1287},{"Length":40,"Height":32,"Demand":9,"DemandMax":null,"Value":1280},{"Length":60,"Height":21,"Demand":6,"DemandMax":null,"Value":1260},{"Length":42,"Height":30,"Demand":2,"DemandMax":null,"Value":1260},{"Length":38,"Height":33,"Demand":1,"DemandMax":null,"Value":1254},{"Length":50,"Height":25,"Demand":5,"DemandMax":null,"Value":1250},{"Length":39,"Height":32,"Demand":3,"DemandMax":null,"Value":1248},{"Length":54,"Height":23,"Demand":6,"DemandMax":null,"Value":1242},{"Length":59,"Height":21,"Demand":3,"DemandMax":null,"Value":1239},{"Length":41,"Height":30,"Demand":4,"DemandMax":null,"Value":1230},{"Length":36,"Height":34,"Demand":1,"DemandMax":null,"Value":1224},{"Length":37,"Height":33,"Demand":3,"DemandMax":null,"Value":1221},{"Length":38,"Height":32,"Demand":2,"DemandMax":null,"Value":1216},{"Length":39,"Height":31,"Demand":4,"DemandMax":null,"Value":1209},{"Length":48,"Height":25,"Demand":4,"DemandMax":null,"Value":1200},{"Length":35,"Height":34,"Demand":4,"DemandMax":null,"Value":1190},{"Length":36,"Height":33,"Demand":2,"DemandMax":null,"Value":1188},{"Length":37,"Height":32,"Demand":7,"DemandMax":null,"Value":1184},{"Length":38,"Height":31,"Demand":6,"DemandMax":null,"Value":1178},{"Length":49,"Height":24,"Demand":3,"DemandMax":null,"Value":1176},{"Length":51,"Height":23,"Demand":2,"DemandMax":null,"Value":1173},{"Length":53,"Height":22,"Demand":3,"DemandMax":null,"Value":1166},{"Length":43,"Height":27,"Demand":5,"DemandMax":null,"Value":1161},{"Length":40,"Height":29,"Demand":2,"DemandMax":null,"Value":1160},{"Length":34,"Height":34,"Demand":4,"DemandMax":null,"Value":1156},{"Length":35,"Height":33,"Demand":6,"DemandMax":null,"Value":1155},{"Length":48,"Height":24,"Demand":5,"DemandMax":null,"Value":1152},{"Length":36,"Height":32,"Demand":4,"DemandMax":null,"Value":1152},{"Length":38,"Height":30,"Demand":3,"DemandMax":null,"Value":1140},{"Length":39,"Height":29,"Demand":5,"DemandMax":null,"Value":1131},{"Length":51,"Height":22,"Demand":5,"DemandMax":null,"Value":1122},{"Length":40,"Height":28,"Demand":1,"DemandMax":null,"Value":1120},{"Length":35,"Height":32,"Demand":4,"DemandMax":null,"Value":1120},{"Length":53,"Height":21,"Demand":1,"DemandMax":null,"Value":1113},{"Length":37,"Height":30,"Demand":4,"DemandMax":null,"Value":1110},{"Length":48,"Height":23,"Demand":3,"DemandMax":null,"Value":1104},{"Length":58,"Height":19,"Demand":6,"DemandMax":null,"Value":1102},{"Length":38,"Height":29,"Demand":5,"DemandMax":null,"Value":1102},{"Length":50,"Height":22,"Demand":4,"DemandMax":null,"Value":1100},{"Length":44,"Height":25,"Demand":4,"DemandMax":null,"Value":1100},{"Length":39,"Height":28,"Demand":2,"DemandMax":null,"Value":1092},{"Length":42,"Height":26,"Demand":5,"DemandMax":null,"Value":1092},{"Length":52,"Height":21,"Demand":5,"DemandMax":null,"Value":1092},{"Length":40,"Height":27,"Demand":1,"DemandMax":null,"Value":1080},{"Length":46,"Height":23,"Demand":3,"DemandMax":null,"Value":1058},{"Length":48,"Height":22,"Demand":3,"DemandMax":null,"Value":1056},{"Length":44,"Height":24,"Demand":3,"DemandMax":null,"Value":1056},{"Length":39,"Height":27,"Demand":5,"DemandMax":null,"Value":1053},{"Length":35,"Height":30,"Demand":3,"DemandMax":null,"Value":1050},{"Length":36,"Height":29,"Demand":13,"DemandMax":null,"Value":1044},{"Length":58,"Height":18,"Demand":1,"DemandMax":null,"Value":1044},{"Length":40,"Height":26,"Demand":2,"DemandMax":null,"Value":1040},{"Length":45,"Height":23,"Demand":6,"DemandMax":null,"Value":1035},{"Length":57,"Height":18,"Demand":5,"DemandMax":null,"Value":1026},{"Length":39,"Height":26,"Demand":5,"DemandMax":null,"Value":1014},{"Length":44,"Height":23,"Demand":3,"DemandMax":null,"Value":1012},{"Length":42,"Height":24,"Demand":3,"DemandMax":null,"Value":1008},{"Length":36,"Height":28,"Demand":3,"DemandMax":null,"Value":1008},{"Length":50,"Height":20,"Demand":3,"DemandMax":null,"Value":1000},{"Length":55,"Height":18,"Demand":7,"DemandMax":null,"Value":990},{"Length":33,"Height":30,"Demand":2,"DemandMax":null,"Value":990},{"Length":43,"Height":23,"Demand":2,"DemandMax":null,"Value":989},{"Length":34,"Height":29,"Demand":4,"DemandMax":null,"Value":986},{"Length":39,"Height":25,"Demand":4,"DemandMax":null,"Value":975},{"Length":57,"Height":17,"Demand":3,"DemandMax":null,"Value":969},{"Length":46,"Height":21,"Demand":4,"DemandMax":null,"Value":966},{"Length":31,"Height":31,"Demand":5,"DemandMax":null,"Value":961},{"Length":50,"Height":19,"Demand":3,"DemandMax":null,"Value":950},{"Length":43,"Height":22,"Demand":5,"DemandMax":null,"Value":946},{"Length":41,"Height":23,"Demand":6,"DemandMax":null,"Value":943},{"Length":47,"Height":20,"Demand":1,"DemandMax":null,"Value":940},{"Length":39,"Height":24,"Demand":3,"DemandMax":null,"Value":936},{"Length":52,"Height":18,"Demand":6,"DemandMax":null,"Value":936},{"Length":36,"Height":26,"Demand":4,"DemandMax":null,"Value":936},{"Length":37,"Height":25,"Demand":3,"DemandMax":null,"Value":925},{"Length":44,"Height":21,"Demand":2,"DemandMax":null,"Value":924},{"Length":33,"Height":28,"Demand":5,"DemandMax":null,"Value":924},{"Length":40,"Height":23,"Demand":2,"DemandMax":null,"Value":920},{"Length":34,"Height":27,"Demand":4,"DemandMax":null,"Value":918},{"Length":38,"Height":24,"Demand":2,"DemandMax":null,"Value":912},{"Length":35,"Height":26,"Demand":3,"DemandMax":null,"Value":910},{"Length":36,"Height":25,"Demand":11,"DemandMax":null,"Value":900},{"Length":30,"Height":30,"Demand":2,"DemandMax":null,"Value":900},{"Length":45,"Height":20,"Demand":4,"DemandMax":null,"Value":900},{"Length":31,"Height":29,"Demand":3,"DemandMax":null,"Value":899},{"Length":32,"Height":28,"Demand":1,"DemandMax":null,"Value":896},{"Length":33,"Height":27,"Demand":1,"DemandMax":null,"Value":891},{"Length":42,"Height":21,"Demand":2,"DemandMax":null,"Value":882},{"Length":49,"Height":18,"Demand":5,"DemandMax":null,"Value":882},{"Length":35,"Height":25,"Demand":7,"DemandMax":null,"Value":875},{"Length":30,"Height":29,"Demand":6,"DemandMax":null,"Value":870},{"Length":31,"Height":28,"Demand":6,"DemandMax":null,"Value":868},{"Length":48,"Height":18,"Demand":9,"DemandMax":null,"Value":864},{"Length":32,"Height":27,"Demand":5,"DemandMax":null,"Value":864},{"Length":36,"Height":24,"Demand":2,"DemandMax":null,"Value":864},{"Length":43,"Height":20,"Demand":3,"DemandMax":null,"Value":860},{"Length":33,"Height":26,"Demand":4,"DemandMax":null,"Value":858},{"Length":34,"Height":25,"Demand":7,"DemandMax":null,"Value":850},{"Length":53,"Height":16,"Demand":2,"DemandMax":null,"Value":848},{"Length":47,"Height":18,"Demand":4,"DemandMax":null,"Value":846},{"Length":35,"Height":24,"Demand":9,"DemandMax":null,"Value":840},{"Length":40,"Height":21,"Demand":2,"DemandMax":null,"Value":840},{"Length":56,"Height":15,"Demand":2,"DemandMax":null,"Value":840},{"Length":38,"Height":22,"Demand":4,"DemandMax":null,"Value":836},{"Length":44,"Height":19,"Demand":1,"DemandMax":null,"Value":836},{"Length":46,"Height":18,"Demand":3,"DemandMax":null,"Value":828},{"Length":33,"Height":25,"Demand":2,"DemandMax":null,"Value":825},{"Length":34,"Height":24,"Demand":9,"DemandMax":null,"Value":816},{"Length":48,"Height":17,"Demand":2,"DemandMax":null,"Value":816},{"Length":37,"Height":22,"Demand":4,"DemandMax":null,"Value":814},{"Length":45,"Height":18,"Demand":2,"DemandMax":null,"Value":810},{"Length":30,"Height":27,"Demand":2,"DemandMax":null,"Value":810},{"Length":38,"Height":21,"Demand":5,"DemandMax":null,"Value":798},{"Length":36,"Height":22,"Demand":4,"DemandMax":null,"Value":792},{"Length":33,"Height":24,"Demand":6,"DemandMax":null,"Value":792},{"Length":44,"Height":18,"Demand":6,"DemandMax":null,"Value":792},{"Length":28,"Height":28,"Demand":2,"DemandMax":null,"Value":784},{"Length":56,"Height":14,"Demand":4,"DemandMax":null,"Value":784},{"Length":29,"Height":27,"Demand":3,"DemandMax":null,"Value":783},{"Length":46,"Height":17,"Demand":5,"DemandMax":null,"Value":782},{"Length":60,"Height":13,"Demand":5,"DemandMax":null,"Value":780},{"Length":30,"Height":26,"Demand":4,"DemandMax":null,"Value":780},{"Length":41,"Height":19,"Demand":6,"DemandMax":null,"Value":779},{"Length":31,"Height":25,"Demand":3,"DemandMax":null,"Value":775},{"Length":45,"Height":17,"Demand":7,"DemandMax":null,"Value":765},{"Length":38,"Height":20,"Demand":2,"DemandMax":null,"Value":760},{"Length":33,"Height":23,"Demand":5,"DemandMax":null,"Value":759},{"Length":28,"Height":27,"Demand":2,"DemandMax":null,"Value":756},{"Length":47,"Height":16,"Demand":2,"DemandMax":null,"Value":752},{"Length":34,"Height":22,"Demand":2,"DemandMax":null,"Value":748},{"Length":44,"Height":17,"Demand":3,"DemandMax":null,"Value":748},{"Length":57,"Height":13,"Demand":4,"DemandMax":null,"Value":741},{"Length":37,"Height":20,"Demand":6,"DemandMax":null,"Value":740},{"Length":41,"Height":18,"Demand":6,"DemandMax":null,"Value":738},{"Length":43,"Height":17,"Demand":3,"DemandMax":null,"Value":731},{"Length":27,"Height":27,"Demand":5,"DemandMax":null,"Value":729},{"Length":56,"Height":13,"Demand":1,"DemandMax":null,"Value":728},{"Length":33,"Height":22,"Demand":4,"DemandMax":null,"Value":726},{"Length":48,"Height":15,"Demand":2,"DemandMax":null,"Value":720},{"Length":34,"Height":21,"Demand":4,"DemandMax":null,"Value":714},{"Length":42,"Height":17,"Demand":5,"DemandMax":null,"Value":714},{"Length":31,"Height":23,"Demand":3,"DemandMax":null,"Value":713},{"Length":47,"Height":15,"Demand":3,"DemandMax":null,"Value":705},{"Length":44,"Height":16,"Demand":5,"DemandMax":null,"Value":704},{"Length":37,"Height":19,"Demand":1,"DemandMax":null,"Value":703},{"Length":27,"Height":26,"Demand":2,"DemandMax":null,"Value":702},{"Length":28,"Height":25,"Demand":5,"DemandMax":null,"Value":700},{"Length":35,"Height":20,"Demand":2,"DemandMax":null,"Value":700},{"Length":33,"Height":21,"Demand":2,"DemandMax":null,"Value":693},{"Length":30,"Height":23,"Demand":6,"DemandMax":null,"Value":690},{"Length":49,"Height":14,"Demand":2,"DemandMax":null,"Value":686},{"Length":38,"Height":18,"Demand":4,"DemandMax":null,"Value":684},{"Length":34,"Height":20,"Demand":7,"DemandMax":null,"Value":680},{"Length":52,"Height":13,"Demand":3,"DemandMax":null,"Value":676},{"Length":27,"Height":25,"Demand":7,"DemandMax":null,"Value":675},{"Length":45,"Height":15,"Demand":3,"DemandMax":null,"Value":675},{"Length":35,"Height":19,"Demand":1,"DemandMax":null,"Value":665},{"Length":51,"Height":13,"Demand":7,"DemandMax":null,"Value":663},{"Length":47,"Height":14,"Demand":3,"DemandMax":null,"Value":658},{"Length":41,"Height":16,"Demand":1,"DemandMax":null,"Value":656},{"Length":31,"Height":21,"Demand":1,"DemandMax":null,"Value":651},{"Length":50,"Height":13,"Demand":4,"DemandMax":null,"Value":650},{"Length":36,"Height":18,"Demand":5,"DemandMax":null,"Value":648},{"Length":34,"Height":19,"Demand":2,"DemandMax":null,"Value":646},{"Length":38,"Height":17,"Demand":4,"DemandMax":null,"Value":646},{"Length":28,"Height":23,"Demand":5,"DemandMax":null,"Value":644},{"Length":29,"Height":22,"Demand":5,"DemandMax":null,"Value":638},{"Length":42,"Height":15,"Demand":3,"DemandMax":null,"Value":630},{"Length":37,"Height":17,"Demand":5,"DemandMax":null,"Value":629},{"Length":33,"Height":19,"Demand":7,"DemandMax":null,"Value":627},{"Length":57,"Height":11,"Demand":2,"DemandMax":null,"Value":627},{"Length":25,"Height":25,"Demand":7,"DemandMax":null,"Value":625},{"Length":26,"Height":24,"Demand":3,"DemandMax":null,"Value":624},{"Length":27,"Height":23,"Demand":5,"DemandMax":null,"Value":621},{"Length":28,"Height":22,"Demand":3,"DemandMax":null,"Value":616},{"Length":41,"Height":15,"Demand":6,"DemandMax":null,"Value":615},{"Length":36,"Height":17,"Demand":6,"DemandMax":null,"Value":612},{"Length":38,"Height":16,"Demand":4,"DemandMax":null,"Value":608},{"Length":25,"Height":24,"Demand":2,"DemandMax":null,"Value":600},{"Length":26,"Height":23,"Demand":7,"DemandMax":null,"Value":598},{"Length":27,"Height":22,"Demand":2,"DemandMax":null,"Value":594},{"Length":54,"Height":11,"Demand":5,"DemandMax":null,"Value":594},{"Length":28,"Height":21,"Demand":2,"DemandMax":null,"Value":588},{"Length":29,"Height":20,"Demand":4,"DemandMax":null,"Value":580},{"Length":34,"Height":17,"Demand":6,"DemandMax":null,"Value":578},{"Length":36,"Height":16,"Demand":5,"DemandMax":null,"Value":576},{"Length":32,"Height":18,"Demand":3,"DemandMax":null,"Value":576},{"Length":52,"Height":11,"Demand":3,"DemandMax":null,"Value":572},{"Length":38,"Height":15,"Demand":1,"DemandMax":null,"Value":570},{"Length":33,"Height":17,"Demand":3,"DemandMax":null,"Value":561},{"Length":28,"Height":20,"Demand":2,"DemandMax":null,"Value":560},{"Length":40,"Height":14,"Demand":2,"DemandMax":null,"Value":560},{"Length":43,"Height":13,"Demand":3,"DemandMax":null,"Value":559},{"Length":24,"Height":23,"Demand":5,"DemandMax":null,"Value":552},{"Length":34,"Height":16,"Demand":4,"DemandMax":null,"Value":544},{"Length":32,"Height":17,"Demand":3,"DemandMax":null,"Value":544},{"Length":36,"Height":15,"Demand":3,"DemandMax":null,"Value":540},{"Length":38,"Height":14,"Demand":3,"DemandMax":null,"Value":532},{"Length":24,"Height":22,"Demand":4,"DemandMax":null,"Value":528},{"Length":48,"Height":11,"Demand":1,"DemandMax":null,"Value":528},{"Length":29,"Height":18,"Demand":4,"DemandMax":null,"Value":522},{"Length":26,"Height":20,"Demand":9,"DemandMax":null,"Value":520},{"Length":40,"Height":13,"Demand":2,"DemandMax":null,"Value":520},{"Length":37,"Height":14,"Demand":3,"DemandMax":null,"Value":518},{"Length":32,"Height":16,"Demand":3,"DemandMax":null,"Value":512},{"Length":34,"Height":15,"Demand":3,"DemandMax":null,"Value":510},{"Length":30,"Height":17,"Demand":1,"DemandMax":null,"Value":510},{"Length":46,"Height":11,"Demand":4,"DemandMax":null,"Value":506},{"Length":28,"Height":18,"Demand":7,"DemandMax":null,"Value":504},{"Length":36,"Height":14,"Demand":2,"DemandMax":null,"Value":504},{"Length":25,"Height":20,"Demand":4,"DemandMax":null,"Value":500},{"Length":31,"Height":16,"Demand":4,"DemandMax":null,"Value":496},{"Length":33,"Height":15,"Demand":3,"DemandMax":null,"Value":495},{"Length":26,"Height":19,"Demand":7,"DemandMax":null,"Value":494},{"Length":49,"Height":10,"Demand":2,"DemandMax":null,"Value":490},{"Length":40,"Height":12,"Demand":2,"DemandMax":null,"Value":480},{"Length":30,"Height":16,"Demand":8,"DemandMax":null,"Value":480},{"Length":32,"Height":15,"Demand":4,"DemandMax":null,"Value":480},{"Length":39,"Height":12,"Demand":3,"DemandMax":null,"Value":468},{"Length":26,"Height":18,"Demand":6,"DemandMax":null,"Value":468},{"Length":31,"Height":15,"Demand":6,"DemandMax":null,"Value":465},{"Length":29,"Height":16,"Demand":2,"DemandMax":null,"Value":464},{"Length":46,"Height":10,"Demand":6,"DemandMax":null,"Value":460},{"Length":27,"Height":17,"Demand":5,"DemandMax":null,"Value":459},{"Length":35,"Height":13,"Demand":5,"DemandMax":null,"Value":455},{"Length":37,"Height":12,"Demand":2,"DemandMax":null,"Value":444},{"Length":26,"Height":17,"Demand":4,"DemandMax":null,"Value":442},{"Length":22,"Height":20,"Demand":5,"DemandMax":null,"Value":440},{"Length":44,"Height":10,"Demand":2,"DemandMax":null,"Value":440},{"Length":36,"Height":12,"Demand":5,"DemandMax":null,"Value":432},{"Length":24,"Height":18,"Demand":2,"DemandMax":null,"Value":432},{"Length":39,"Height":11,"Demand":1,"DemandMax":null,"Value":429},{"Length":33,"Height":13,"Demand":2,"DemandMax":null,"Value":429},{"Length":30,"Height":14,"Demand":2,"DemandMax":null,"Value":420},{"Length":35,"Height":12,"Demand":7,"DemandMax":null,"Value":420},{"Length":26,"Height":16,"Demand":3,"DemandMax":null,"Value":416},{"Length":41,"Height":10,"Demand":3,"DemandMax":null,"Value":410},{"Length":27,"Height":15,"Demand":3,"DemandMax":null,"Value":405},{"Length":31,"Height":13,"Demand":4,"DemandMax":null,"Value":403},{"Length":20,"Height":20,"Demand":5,"DemandMax":null,"Value":400},{"Length":22,"Height":18,"Demand":5,"DemandMax":null,"Value":396},{"Length":33,"Height":12,"Demand":1,"DemandMax":null,"Value":396},{"Length":39,"Height":10,"Demand":3,"DemandMax":null,"Value":390},{"Length":30,"Height":13,"Demand":8,"DemandMax":null,"Value":390},{"Length":26,"Height":15,"Demand":8,"DemandMax":null,"Value":390},{"Length":24,"Height":16,"Demand":2,"DemandMax":null,"Value":384},{"Length":29,"Height":13,"Demand":4,"DemandMax":null,"Value":377},{"Length":25,"Height":15,"Demand":5,"DemandMax":null,"Value":375},{"Length":22,"Height":17,"Demand":4,"DemandMax":null,"Value":374},{"Length":31,"Height":12,"Demand":2,"DemandMax":null,"Value":372},{"Length":19,"Height":19,"Demand":2,"DemandMax":null,"Value":361},{"Length":24,"Height":15,"Demand":6,"DemandMax":null,"Value":360},{"Length":21,"Height":17,"Demand":2,"DemandMax":null,"Value":357},{"Length":22,"Height":16,"Demand":3,"DemandMax":null,"Value":352},{"Length":31,"Height":11,"Demand":3,"DemandMax":null,"Value":341},{"Length":26,"Height":13,"Demand":5,"DemandMax":null,"Value":338},{"Length":24,"Height":14,"Demand":4,"DemandMax":null,"Value":336},{"Length":28,"Height":12,"Demand":4,"DemandMax":null,"Value":336},{"Length":21,"Height":16,"Demand":3,"DemandMax":null,"Value":336},{"Length":22,"Height":15,"Demand":5,"DemandMax":null,"Value":330},{"Length":25,"Height":13,"Demand":3,"DemandMax":null,"Value":325},{"Length":18,"Height":18,"Demand":2,"DemandMax":null,"Value":324},{"Length":19,"Height":17,"Demand":5,"DemandMax":null,"Value":323},{"Length":23,"Height":14,"Demand":1,"DemandMax":null,"Value":322},{"Length":29,"Height":11,"Demand":4,"DemandMax":null,"Value":319},{"Length":21,"Height":15,"Demand":4,"DemandMax":null,"Value":315},{"Length":24,"Height":13,"Demand":7,"DemandMax":null,"Value":312},{"Length":22,"Height":14,"Demand":9,"DemandMax":null,"Value":308},{"Length":30,"Height":10,"Demand":4,"DemandMax":null,"Value":300},{"Length":29,"Height":10,"Demand":1,"DemandMax":null,"Value":290},{"Length":24,"Height":12,"Demand":4,"DemandMax":null,"Value":288},{"Length":22,"Height":13,"Demand":6,"DemandMax":null,"Value":286},{"Length":28,"Height":10,"Demand":4,"DemandMax":null,"Value":280},{"Length":17,"Height":16,"Demand":1,"DemandMax":null,"Value":272},{"Length":24,"Height":11,"Demand":4,"DemandMax":null,"Value":264},{"Length":26,"Height":10,"Demand":6,"DemandMax":null,"Value":260},{"Length":16,"Height":16,"Demand":3,"DemandMax":null,"Value":256},{"Length":17,"Height":15,"Demand":4,"DemandMax":null,"Value":255},{"Length":19,"Height":13,"Demand":3,"DemandMax":null,"Value":247},{"Length":16,"Height":15,"Demand":4,"DemandMax":null,"Value":240},{"Length":24,"Height":10,"Demand":1,"DemandMax":null,"Value":240},{"Length":19,"Height":12,"Demand":2,"DemandMax":null,"Value":228},{"Length":16,"Height":14,"Demand":4,"DemandMax":null,"Value":224},{"Length":17,"Height":13,"Demand":5,"DemandMax":null,"Value":221},{"Length":18,"Height":12,"Demand":1,"DemandMax":null,"Value":216},{"Length":19,"Height":11,"Demand":5,"DemandMax":null,"Value":209},{"Length":16,"Height":13,"Demand":3,"DemandMax":null,"Value":208},{"Length":20,"Height":10,"Demand":6,"DemandMax":null,"Value":200},{"Length":15,"Height":13,"Demand":3,"DemandMax":null,"Value":195},{"Length":17,"Height":11,"Demand":4,"DemandMax":null,"Value":187},{"Length":14,"Height":13,"Demand":4,"DemandMax":null,"Value":182},{"Length":15,"Height":12,"Demand":5,"DemandMax":null,"Value":180},{"Length":18,"Height":10,"Demand":4,"DemandMax":null,"Value":180},{"Length":17,"Height":10,"Demand":2,"DemandMax":null,"Value":170},{"Length":13,"Height":13,"Demand":3,"DemandMax":null,"Value":169}]}