{"Name":"MB09_121","Objects":[{"Length":432,"Height":79,"Stock":null,"Cost":34128}],"Items":[{"Length":59,"Height":47,"Demand":18,"DemandMax":null,"Value":2773},{"Length":48,"Height":47,"Demand":22,"DemandMax":null,"Value":2256},{"Length":60,"Height":36,"Demand":8,"DemandMax":null,"Value":2160},{"Length":51,"Height":41,"Demand":12,"DemandMax":null,"Value":2091},{"Length":47,"Height":41,"Demand":16,"DemandMax":null,"Value":1927},{"Length":55,"Height":35,"Demand":14,"DemandMax":null,"Value":1925},{"Length":45,"Height":36,"Demand":17,"DemandMax":null,"Value":1620},{"Length":48,"Height":33,"Demand":18,"DemandMax":null,"Value":1584},{"Length":45,"Height":35,"Demand":24,"DemandMax":null,"Value":1575},{"Length":56,"Height":28,"Demand":22,"DemandMax":null,"Value":1568},{"Length":41,"Height":38,"Demand":20,"DemandMax":null,"Value":1558},{"Length":47,"Height":31,"Demand":29,"DemandMax":null,"Value":1457},{"Length":38,"Height":38,"Demand":15,"DemandMax":null,"Value":1444},{"Length":38,"Height":37,"Demand":17,"DemandMax":null,"Value":1406},{"Length":40,"Height":35,"Demand":23,"DemandMax":null,"Value":1400},{"Length":40,"Height":33,"Demand":23,"DemandMax":null,"Value":1320},{"Length":53,"Height":24,"Demand":17,"DemandMax":null,"Value":1272},{"Length":38,"Height":33,"Demand":14,"DemandMax":null,"Value":1254},{"Length":39,"Height":32,"Demand":22,"DemandMax":null,"Value":1248},{"Length":46,"Height":27,"Demand":28,"DemandMax":null,"Value":1242},{"Length":40,"Height":31,"Demand":20,"DemandMax":null,"Value":1240},{"Length":56,"Height":22,"Demand":18,"DemandMax":null,"Value":1232},{"Length":49,"Height":25,"Demand":15,"DemandMax":null,"Value":1225},{"Length":45,"Height":27,"Demand":20,"DemandMax":null,"Value":1215},{"Length":55,"Height":22,"Demand":19,"DemandMax":null,"Value":1210},{"Length":54,"Height":22,"Demand":24,"DemandMax":null,"Value":1188},{"Length":37,"Height":32,"Demand":16,"DemandMax":null,"Value":1184},{"Length":40,"Height":29,"Demand":16,"DemandMax":null,"Value":1160},{"Length":48,"Height":24,"Demand":17,"DemandMax":null,"Value":1152},{"Length":49,"Height":23,"Demand":14,"DemandMax":null,"Value":1127},{"Length":45,"Height":24,"Demand":27,"DemandMax":null,"Value":1080},{"Length":47,"Height":22,"Demand":16,"DemandMax":null,"Value":1034},{"Length":39,"Height":24,"Demand":15,"DemandMax":null,"Value":936},{"Length":46,"Height":20,"Demand":21,"DemandMax":null,"Value":920},{"Length":32,"Height":28,"Demand":32,"DemandMax":null,"Value":896},{"Length":59,"Height":14,"Demand":17,"DemandMax":null,"Value":826},{"Length":34,"Height":24,"Demand":20,"DemandMax":null,"Value":816},{"Length":28,"Height":28,"Demand":21,"DemandMax":null,"Value":784},{"Length":34,"Height":23,"Demand":21,"DemandMax":null,"Value":782},{"Length":32,"Height":24,"Demand":22,"DemandMax":null,"Value":768},{"Length":48,"Height":16,"Demand":16,"DemandMax":null,"Value":768},{"Length":46,"Height":15,"Demand":14,"DemandMax":null,"Value":690},{"Length":40,"Height":17,"Demand":20,"DemandMax":null,"Value":680},{"Length":34,"Height":20,"Demand":16,"DemandMax":null,"Value":680},{"Length":35,"Height":19,"Demand":22,"DemandMax":null,"Value":665},{"Length":39,"Height":17,"Demand":25,"DemandMax":null,"Value":663},{"Length":55,"Height":12,"Demand":23,"DemandMax":null,"Value":660},{"Length":44,"Height":15,"Demand":19,"DemandMax":null,"Value":660},{"Length":41,"Height":16,"Demand":19,"DemandMax":null,"Value":656},{"Length":28,"Height":23,"Demand":16,"DemandMax":null,"Value":644},{"Length":42,"Height":15,"Demand":18,"DemandMax":null,"Value":630},{"Length":47,"Height":13,"Demand":18,"DemandMax":null,"Value":611},{"Length":30,"Height":20,"Demand":15,"DemandMax":null,"Value":600},{"Length":31,"Height":19,"Demand":23,"DemandMax":null,"Value":589},{"Length":39,"Height":15,"Demand":15,"DemandMax":null,"Value":585},{"Length":38,"Height":15,"Demand":11,"DemandMax":null,"Value":570},{"Length":40,"Height":14,"Demand":13,"DemandMax":null,"Value":560},{"Length":43,"Height":13,"Demand":13,"DemandMax":null,"Value":559},{"Length":29,"Height":19,"Demand":15,"DemandMax":null,"Value":551},{"Length":27,"Height":20,"Demand":17,"DemandMax":null,"Value":540},{"Length":33,"Height":15,"Demand":12,"DemandMax":null,"Value":495},{"Length":26,"Height":18,"Demand":24,"DemandMax":null,"Value":468},{"Length":25,"Height":18,"Demand":14,"DemandMax":null,"Value":450},{"Length":30,"Height":15,"Demand":17,"DemandMax":null,"Value":450},{"Length":28,"Height":16,"Demand":20,"DemandMax":null,"Value":448},{"Length":35,"Height":12,"Demand":14,"DemandMax":null,"Value":420},{"Length":28,"Height":15,"Demand":18,"DemandMax":null,"Value":420},{"Length":22,"Height":19,"Demand":17,"DemandMax":null,"Value":418},{"Length":30,"Height":13,"Demand":18,"DemandMax":null,"Value":390},{"Length":19,"Height":19,"Demand":14,"DemandMax":null,"Value":361},{"Length":19,"Height":18,"Demand":12,"DemandMax":null,"Value":342},{"Length":22,"Height":15,"Demand":14,"DemandMax":null,"Value":330},{"Length":23,"Height":13,"Demand":22,"DemandMax":null,"Value":299},{"Length":18,"Height":12,"Demand":16,"DemandMax":null,"Value":216},{"Length":15,"Height":13,"Demand":19,"DemandMax":null,"Value":195},{"Length":16,"Height":11,"Demand":17,"DemandMax":null,"Value":176},{"Length":12,"Height":10,"Demand":16,"DemandMax":null,"Value":120}]}