{"Name":"MB09_120","Objects":[{"Length":432,"Height":79,"Stock":null,"Cost":34128}],"Items":[{"Length":51,"Height":48,"Demand":22,"DemandMax":null,"Value":2448},{"Length":60,"Height":38,"Demand":22,"DemandMax":null,"Value":2280},{"Length":57,"Height":39,"Demand":16,"DemandMax":null,"Value":2223},{"Length":49,"Height":45,"Demand":12,"DemandMax":null,"Value":2205},{"Length":56,"Height":39,"Demand":12,"DemandMax":null,"Value":2184},{"Length":56,"Height":38,"Demand":17,"DemandMax":null,"Value":2128},{"Length":59,"Height":35,"Demand":20,"DemandMax":null,"Value":2065},{"Length":49,"Height":40,"Demand":16,"DemandMax":null,"Value":1960},{"Length":44,"Height":39,"Demand":15,"DemandMax":null,"Value":1716},{"Length":42,"Height":39,"Demand":20,"DemandMax":null,"Value":1638},{"Length":56,"Height":28,"Demand":25,"DemandMax":null,"Value":1568},{"Length":40,"Height":39,"Demand":23,"DemandMax":null,"Value":1560},{"Length":41,"Height":38,"Demand":15,"DemandMax":null,"Value":1558},{"Length":47,"Height":32,"Demand":22,"DemandMax":null,"Value":1504},{"Length":41,"Height":34,"Demand":27,"DemandMax":null,"Value":1394},{"Length":37,"Height":36,"Demand":14,"DemandMax":null,"Value":1332},{"Length":38,"Height":35,"Demand":19,"DemandMax":null,"Value":1330},{"Length":40,"Height":32,"Demand":30,"DemandMax":null,"Value":1280},{"Length":49,"Height":26,"Demand":17,"DemandMax":null,"Value":1274},{"Length":51,"Height":24,"Demand":17,"DemandMax":null,"Value":1224},{"Length":47,"Height":25,"Demand":17,"DemandMax":null,"Value":1175},{"Length":43,"Height":27,"Demand":28,"DemandMax":null,"Value":1161},{"Length":40,"Height":29,"Demand":35,"DemandMax":null,"Value":1160},{"Length":35,"Height":33,"Demand":19,"DemandMax":null,"Value":1155},{"Length":38,"Height":30,"Demand":17,"DemandMax":null,"Value":1140},{"Length":37,"Height":30,"Demand":19,"DemandMax":null,"Value":1110},{"Length":36,"Height":30,"Demand":24,"DemandMax":null,"Value":1080},{"Length":35,"Height":30,"Demand":14,"DemandMax":null,"Value":1050},{"Length":46,"Height":21,"Demand":18,"DemandMax":null,"Value":966},{"Length":37,"Height":26,"Demand":27,"DemandMax":null,"Value":962},{"Length":32,"Height":30,"Demand":17,"DemandMax":null,"Value":960},{"Length":38,"Height":25,"Demand":20,"DemandMax":null,"Value":950},{"Length":41,"Height":23,"Demand":18,"DemandMax":null,"Value":943},{"Length":49,"Height":19,"Demand":12,"DemandMax":null,"Value":931},{"Length":38,"Height":24,"Demand":24,"DemandMax":null,"Value":912},{"Length":36,"Height":25,"Demand":24,"DemandMax":null,"Value":900},{"Length":38,"Height":22,"Demand":24,"DemandMax":null,"Value":836},{"Length":43,"Height":19,"Demand":17,"DemandMax":null,"Value":817},{"Length":58,"Height":14,"Demand":12,"DemandMax":null,"Value":812},{"Length":54,"Height":14,"Demand":20,"DemandMax":null,"Value":756},{"Length":29,"Height":26,"Demand":15,"DemandMax":null,"Value":754},{"Length":37,"Height":20,"Demand":18,"DemandMax":null,"Value":740},{"Length":43,"Height":16,"Demand":16,"DemandMax":null,"Value":688},{"Length":49,"Height":14,"Demand":29,"DemandMax":null,"Value":686},{"Length":31,"Height":21,"Demand":21,"DemandMax":null,"Value":651},{"Length":35,"Height":18,"Demand":23,"DemandMax":null,"Value":630},{"Length":37,"Height":17,"Demand":18,"DemandMax":null,"Value":629},{"Length":41,"Height":15,"Demand":18,"DemandMax":null,"Value":615},{"Length":47,"Height":13,"Demand":13,"DemandMax":null,"Value":611},{"Length":40,"Height":15,"Demand":21,"DemandMax":null,"Value":600},{"Length":32,"Height":18,"Demand":22,"DemandMax":null,"Value":576},{"Length":26,"Height":21,"Demand":16,"DemandMax":null,"Value":546},{"Length":45,"Height":12,"Demand":19,"DemandMax":null,"Value":540},{"Length":30,"Height":17,"Demand":16,"DemandMax":null,"Value":510},{"Length":34,"Height":15,"Demand":30,"DemandMax":null,"Value":510},{"Length":46,"Height":11,"Demand":27,"DemandMax":null,"Value":506},{"Length":26,"Height":18,"Demand":28,"DemandMax":null,"Value":468},{"Length":29,"Height":16,"Demand":16,"DemandMax":null,"Value":464},{"Length":22,"Height":21,"Demand":19,"DemandMax":null,"Value":462},{"Length":41,"Height":11,"Demand":12,"DemandMax":null,"Value":451},{"Length":32,"Height":14,"Demand":24,"DemandMax":null,"Value":448},{"Length":22,"Height":18,"Demand":23,"DemandMax":null,"Value":396},{"Length":23,"Height":17,"Demand":21,"DemandMax":null,"Value":391},{"Length":21,"Height":17,"Demand":17,"DemandMax":null,"Value":357},{"Length":17,"Height":16,"Demand":20,"DemandMax":null,"Value":272},{"Length":23,"Height":10,"Demand":21,"DemandMax":null,"Value":230},{"Length":19,"Height":12,"Demand":23,"DemandMax":null,"Value":228},{"Length":17,"Height":13,"Demand":21,"DemandMax":null,"Value":221}]}