{"Name":"MB09_134","Objects":[{"Length":432,"Height":79,"Stock":null,"Cost":34128}],"Items":[{"Length":56,"Height":46,"Demand":23,"DemandMax":null,"Value":2576},{"Length":59,"Height":40,"Demand":10,"DemandMax":null,"Value":2360},{"Length":49,"Height":47,"Demand":8,"DemandMax":null,"Value":2303},{"Length":47,"Height":46,"Demand":17,"DemandMax":null,"Value":2162},{"Length":49,"Height":44,"Demand":19,"DemandMax":null,"Value":2156},{"Length":51,"Height":40,"Demand":12,"DemandMax":null,"Value":2040},{"Length":48,"Height":40,"Demand":13,"DemandMax":null,"Value":1920},{"Length":59,"Height":30,"Demand":22,"DemandMax":null,"Value":1770},{"Length":50,"Height":35,"Demand":13,"DemandMax":null,"Value":1750},{"Length":51,"Height":34,"Demand":14,"DemandMax":null,"Value":1734},{"Length":54,"Height":29,"Demand":12,"DemandMax":null,"Value":1566},{"Length":40,"Height":39,"Demand":17,"DemandMax":null,"Value":1560},{"Length":45,"Height":34,"Demand":17,"DemandMax":null,"Value":1530},{"Length":43,"Height":35,"Demand":8,"DemandMax":null,"Value":1505},{"Length":45,"Height":33,"Demand":24,"DemandMax":null,"Value":1485},{"Length":39,"Height":38,"Demand":14,"DemandMax":null,"Value":1482},{"Length":46,"Height":32,"Demand":13,"DemandMax":null,"Value":1472},{"Length":46,"Height":31,"Demand":21,"DemandMax":null,"Value":1426},{"Length":38,"Height":37,"Demand":12,"DemandMax":null,"Value":1406},{"Length":39,"Height":36,"Demand":20,"DemandMax":null,"Value":1404},{"Length":48,"Height":28,"Demand":21,"DemandMax":null,"Value":1344},{"Length":58,"Height":23,"Demand":11,"DemandMax":null,"Value":1334},{"Length":39,"Height":34,"Demand":16,"DemandMax":null,"Value":1326},{"Length":47,"Height":27,"Demand":14,"DemandMax":null,"Value":1269},{"Length":38,"Height":33,"Demand":14,"DemandMax":null,"Value":1254},{"Length":48,"Height":26,"Demand":20,"DemandMax":null,"Value":1248},{"Length":54,"Height":22,"Demand":13,"DemandMax":null,"Value":1188},{"Length":48,"Height":24,"Demand":19,"DemandMax":null,"Value":1152},{"Length":50,"Height":23,"Demand":14,"DemandMax":null,"Value":1150},{"Length":49,"Height":23,"Demand":20,"DemandMax":null,"Value":1127},{"Length":37,"Height":30,"Demand":10,"DemandMax":null,"Value":1110},{"Length":54,"Height":20,"Demand":19,"DemandMax":null,"Value":1080},{"Length":43,"Height":25,"Demand":16,"DemandMax":null,"Value":1075},{"Length":46,"Height":23,"Demand":15,"DemandMax":null,"Value":1058},{"Length":39,"Height":27,"Demand":22,"DemandMax":null,"Value":1053},{"Length":45,"Height":22,"Demand":18,"DemandMax":null,"Value":990},{"Length":32,"Height":30,"Demand":19,"DemandMax":null,"Value":960},{"Length":40,"Height":23,"Demand":20,"DemandMax":null,"Value":920},{"Length":48,"Height":19,"Demand":18,"DemandMax":null,"Value":912},{"Length":41,"Height":22,"Demand":17,"DemandMax":null,"Value":902},{"Length":36,"Height":25,"Demand":11,"DemandMax":null,"Value":900},{"Length":33,"Height":27,"Demand":13,"DemandMax":null,"Value":891},{"Length":49,"Height":18,"Demand":26,"DemandMax":null,"Value":882},{"Length":55,"Height":16,"Demand":15,"DemandMax":null,"Value":880},{"Length":30,"Height":29,"Demand":16,"DemandMax":null,"Value":870},{"Length":39,"Height":22,"Demand":15,"DemandMax":null,"Value":858},{"Length":34,"Height":25,"Demand":19,"DemandMax":null,"Value":850},{"Length":38,"Height":22,"Demand":17,"DemandMax":null,"Value":836},{"Length":34,"Height":24,"Demand":16,"DemandMax":null,"Value":816},{"Length":40,"Height":20,"Demand":10,"DemandMax":null,"Value":800},{"Length":31,"Height":25,"Demand":13,"DemandMax":null,"Value":775},{"Length":44,"Height":16,"Demand":20,"DemandMax":null,"Value":704},{"Length":39,"Height":18,"Demand":19,"DemandMax":null,"Value":702},{"Length":41,"Height":17,"Demand":16,"DemandMax":null,"Value":697},{"Length":30,"Height":23,"Demand":18,"DemandMax":null,"Value":690},{"Length":30,"Height":22,"Demand":24,"DemandMax":null,"Value":660},{"Length":59,"Height":11,"Demand":15,"DemandMax":null,"Value":649},{"Length":26,"Height":24,"Demand":21,"DemandMax":null,"Value":624},{"Length":32,"Height":19,"Demand":13,"DemandMax":null,"Value":608},{"Length":33,"Height":18,"Demand":16,"DemandMax":null,"Value":594},{"Length":38,"Height":15,"Demand":18,"DemandMax":null,"Value":570},{"Length":33,"Height":17,"Demand":13,"DemandMax":null,"Value":561},{"Length":29,"Height":19,"Demand":12,"DemandMax":null,"Value":551},{"Length":34,"Height":16,"Demand":22,"DemandMax":null,"Value":544},{"Length":40,"Height":13,"Demand":21,"DemandMax":null,"Value":520},{"Length":32,"Height":16,"Demand":20,"DemandMax":null,"Value":512},{"Length":25,"Height":20,"Demand":17,"DemandMax":null,"Value":500},{"Length":31,"Height":16,"Demand":20,"DemandMax":null,"Value":496},{"Length":26,"Height":19,"Demand":14,"DemandMax":null,"Value":494},{"Length":29,"Height":17,"Demand":19,"DemandMax":null,"Value":493},{"Length":34,"Height":14,"Demand":18,"DemandMax":null,"Value":476},{"Length":26,"Height":18,"Demand":14,"DemandMax":null,"Value":468},{"Length":33,"Height":14,"Demand":18,"DemandMax":null,"Value":462},{"Length":23,"Height":20,"Demand":21,"DemandMax":null,"Value":460},{"Length":44,"Height":10,"Demand":10,"DemandMax":null,"Value":440},{"Length":26,"Height":16,"Demand":10,"DemandMax":null,"Value":416},{"Length":20,"Height":20,"Demand":16,"DemandMax":null,"Value":400},{"Length":22,"Height":17,"Demand":19,"DemandMax":null,"Value":374},{"Length":24,"Height":15,"Demand":18,"DemandMax":null,"Value":360},{"Length":21,"Height":17,"Demand":16,"DemandMax":null,"Value":357},{"Length":20,"Height":16,"Demand":22,"DemandMax":null,"Value":320},{"Length":31,"Height":10,"Demand":20,"DemandMax":null,"Value":310},{"Length":17,"Height":14,"Demand":21,"DemandMax":null,"Value":238},{"Length":15,"Height":15,"Demand":13,"DemandMax":null,"Value":225},{"Length":16,"Height":14,"Demand":13,"DemandMax":null,"Value":224},{"Length":20,"Height":11,"Demand":8,"DemandMax":null,"Value":220},{"Length":12,"Height":12,"Demand":20,"DemandMax":null,"Value":144}]}