{"Name":"MB10_054","Objects":[{"Length":432,"Height":79,"Stock":null,"Cost":34128}],"Items":[{"Length":54,"Height":47,"Demand":9,"DemandMax":null,"Value":2538},{"Length":52,"Height":47,"Demand":15,"DemandMax":null,"Value":2444},{"Length":59,"Height":38,"Demand":5,"DemandMax":null,"Value":2242},{"Length":51,"Height":43,"Demand":13,"DemandMax":null,"Value":2193},{"Length":59,"Height":35,"Demand":13,"DemandMax":null,"Value":2065},{"Length":51,"Height":39,"Demand":13,"DemandMax":null,"Value":1989},{"Length":47,"Height":42,"Demand":8,"DemandMax":null,"Value":1974},{"Length":56,"Height":35,"Demand":11,"DemandMax":null,"Value":1960},{"Length":57,"Height":34,"Demand":15,"DemandMax":null,"Value":1938},{"Length":55,"Height":35,"Demand":7,"DemandMax":null,"Value":1925},{"Length":51,"Height":35,"Demand":10,"DemandMax":null,"Value":1785},{"Length":48,"Height":37,"Demand":9,"DemandMax":null,"Value":1776},{"Length":45,"Height":37,"Demand":11,"DemandMax":null,"Value":1665},{"Length":46,"Height":36,"Demand":9,"DemandMax":null,"Value":1656},{"Length":53,"Height":31,"Demand":9,"DemandMax":null,"Value":1643},{"Length":60,"Height":27,"Demand":5,"DemandMax":null,"Value":1620},{"Length":52,"Height":31,"Demand":5,"DemandMax":null,"Value":1612},{"Length":42,"Height":38,"Demand":6,"DemandMax":null,"Value":1596},{"Length":55,"Height":29,"Demand":9,"DemandMax":null,"Value":1595},{"Length":44,"Height":35,"Demand":9,"DemandMax":null,"Value":1540},{"Length":39,"Height":39,"Demand":12,"DemandMax":null,"Value":1521},{"Length":49,"Height":31,"Demand":16,"DemandMax":null,"Value":1519},{"Length":44,"Height":34,"Demand":12,"DemandMax":null,"Value":1496},{"Length":48,"Height":31,"Demand":12,"DemandMax":null,"Value":1488},{"Length":40,"Height":37,"Demand":10,"DemandMax":null,"Value":1480},{"Length":54,"Height":27,"Demand":9,"DemandMax":null,"Value":1458},{"Length":52,"Height":28,"Demand":10,"DemandMax":null,"Value":1456},{"Length":42,"Height":34,"Demand":7,"DemandMax":null,"Value":1428},{"Length":37,"Height":37,"Demand":4,"DemandMax":null,"Value":1369},{"Length":54,"Height":25,"Demand":9,"DemandMax":null,"Value":1350},{"Length":48,"Height":28,"Demand":7,"DemandMax":null,"Value":1344},{"Length":40,"Height":33,"Demand":7,"DemandMax":null,"Value":1320},{"Length":47,"Height":27,"Demand":12,"DemandMax":null,"Value":1269},{"Length":45,"Height":28,"Demand":7,"DemandMax":null,"Value":1260},{"Length":46,"Height":27,"Demand":9,"DemandMax":null,"Value":1242},{"Length":59,"Height":21,"Demand":13,"DemandMax":null,"Value":1239},{"Length":56,"Height":22,"Demand":13,"DemandMax":null,"Value":1232},{"Length":47,"Height":26,"Demand":14,"DemandMax":null,"Value":1222},{"Length":38,"Height":32,"Demand":5,"DemandMax":null,"Value":1216},{"Length":43,"Height":28,"Demand":13,"DemandMax":null,"Value":1204},{"Length":57,"Height":21,"Demand":6,"DemandMax":null,"Value":1197},{"Length":52,"Height":23,"Demand":11,"DemandMax":null,"Value":1196},{"Length":41,"Height":29,"Demand":11,"DemandMax":null,"Value":1189},{"Length":36,"Height":33,"Demand":16,"DemandMax":null,"Value":1188},{"Length":45,"Height":26,"Demand":9,"DemandMax":null,"Value":1170},{"Length":55,"Height":21,"Demand":9,"DemandMax":null,"Value":1155},{"Length":38,"Height":30,"Demand":15,"DemandMax":null,"Value":1140},{"Length":42,"Height":27,"Demand":10,"DemandMax":null,"Value":1134},{"Length":34,"Height":33,"Demand":10,"DemandMax":null,"Value":1122},{"Length":37,"Height":30,"Demand":10,"DemandMax":null,"Value":1110},{"Length":46,"Height":24,"Demand":12,"DemandMax":null,"Value":1104},{"Length":55,"Height":20,"Demand":12,"DemandMax":null,"Value":1100},{"Length":36,"Height":30,"Demand":8,"DemandMax":null,"Value":1080},{"Length":49,"Height":22,"Demand":7,"DemandMax":null,"Value":1078},{"Length":35,"Height":30,"Demand":12,"DemandMax":null,"Value":1050},{"Length":42,"Height":25,"Demand":7,"DemandMax":null,"Value":1050},{"Length":38,"Height":27,"Demand":6,"DemandMax":null,"Value":1026},{"Length":40,"Height":25,"Demand":10,"DemandMax":null,"Value":1000},{"Length":38,"Height":26,"Demand":9,"DemandMax":null,"Value":988},{"Length":39,"Height":25,"Demand":7,"DemandMax":null,"Value":975},{"Length":42,"Height":23,"Demand":13,"DemandMax":null,"Value":966},{"Length":40,"Height":24,"Demand":20,"DemandMax":null,"Value":960},{"Length":38,"Height":25,"Demand":5,"DemandMax":null,"Value":950},{"Length":36,"Height":26,"Demand":9,"DemandMax":null,"Value":936},{"Length":46,"Height":20,"Demand":12,"DemandMax":null,"Value":920},{"Length":41,"Height":22,"Demand":5,"DemandMax":null,"Value":902},{"Length":36,"Height":25,"Demand":11,"DemandMax":null,"Value":900},{"Length":31,"Height":29,"Demand":9,"DemandMax":null,"Value":899},{"Length":30,"Height":29,"Demand":8,"DemandMax":null,"Value":870},{"Length":31,"Height":27,"Demand":11,"DemandMax":null,"Value":837},{"Length":38,"Height":22,"Demand":11,"DemandMax":null,"Value":836},{"Length":46,"Height":18,"Demand":11,"DemandMax":null,"Value":828},{"Length":35,"Height":23,"Demand":10,"DemandMax":null,"Value":805},{"Length":50,"Height":16,"Demand":13,"DemandMax":null,"Value":800},{"Length":38,"Height":21,"Demand":12,"DemandMax":null,"Value":798},{"Length":36,"Height":22,"Demand":10,"DemandMax":null,"Value":792},{"Length":34,"Height":23,"Demand":7,"DemandMax":null,"Value":782},{"Length":37,"Height":21,"Demand":13,"DemandMax":null,"Value":777},{"Length":28,"Height":27,"Demand":11,"DemandMax":null,"Value":756},{"Length":42,"Height":18,"Demand":7,"DemandMax":null,"Value":756},{"Length":36,"Height":21,"Demand":9,"DemandMax":null,"Value":756},{"Length":29,"Height":26,"Demand":10,"DemandMax":null,"Value":754},{"Length":47,"Height":16,"Demand":12,"DemandMax":null,"Value":752},{"Length":31,"Height":24,"Demand":17,"DemandMax":null,"Value":744},{"Length":34,"Height":21,"Demand":4,"DemandMax":null,"Value":714},{"Length":31,"Height":23,"Demand":7,"DemandMax":null,"Value":713},{"Length":47,"Height":15,"Demand":11,"DemandMax":null,"Value":705},{"Length":27,"Height":26,"Demand":6,"DemandMax":null,"Value":702},{"Length":35,"Height":20,"Demand":14,"DemandMax":null,"Value":700},{"Length":36,"Height":19,"Demand":9,"DemandMax":null,"Value":684},{"Length":40,"Height":17,"Demand":14,"DemandMax":null,"Value":680},{"Length":48,"Height":14,"Demand":15,"DemandMax":null,"Value":672},{"Length":36,"Height":18,"Demand":9,"DemandMax":null,"Value":648},{"Length":48,"Height":13,"Demand":11,"DemandMax":null,"Value":624},{"Length":28,"Height":22,"Demand":7,"DemandMax":null,"Value":616},{"Length":36,"Height":17,"Demand":5,"DemandMax":null,"Value":612},{"Length":32,"Height":19,"Demand":21,"DemandMax":null,"Value":608},{"Length":38,"Height":16,"Demand":12,"DemandMax":null,"Value":608},{"Length":31,"Height":19,"Demand":8,"DemandMax":null,"Value":589},{"Length":42,"Height":14,"Demand":7,"DemandMax":null,"Value":588},{"Length":36,"Height":16,"Demand":5,"DemandMax":null,"Value":576},{"Length":38,"Height":15,"Demand":33,"DemandMax":null,"Value":570},{"Length":30,"Height":19,"Demand":7,"DemandMax":null,"Value":570},{"Length":31,"Height":18,"Demand":13,"DemandMax":null,"Value":558},{"Length":37,"Height":15,"Demand":13,"DemandMax":null,"Value":555},{"Length":24,"Height":23,"Demand":17,"DemandMax":null,"Value":552},{"Length":29,"Height":19,"Demand":5,"DemandMax":null,"Value":551},{"Length":31,"Height":17,"Demand":12,"DemandMax":null,"Value":527},{"Length":35,"Height":15,"Demand":13,"DemandMax":null,"Value":525},{"Length":52,"Height":10,"Demand":5,"DemandMax":null,"Value":520},{"Length":30,"Height":16,"Demand":17,"DemandMax":null,"Value":480},{"Length":40,"Height":12,"Demand":9,"DemandMax":null,"Value":480},{"Length":28,"Height":17,"Demand":10,"DemandMax":null,"Value":476},{"Length":39,"Height":12,"Demand":11,"DemandMax":null,"Value":468},{"Length":24,"Height":19,"Demand":6,"DemandMax":null,"Value":456},{"Length":25,"Height":18,"Demand":10,"DemandMax":null,"Value":450},{"Length":32,"Height":14,"Demand":11,"DemandMax":null,"Value":448},{"Length":34,"Height":13,"Demand":7,"DemandMax":null,"Value":442},{"Length":26,"Height":17,"Demand":11,"DemandMax":null,"Value":442},{"Length":21,"Height":20,"Demand":15,"DemandMax":null,"Value":420},{"Length":30,"Height":14,"Demand":9,"DemandMax":null,"Value":420},{"Length":28,"Height":15,"Demand":8,"DemandMax":null,"Value":420},{"Length":26,"Height":16,"Demand":8,"DemandMax":null,"Value":416},{"Length":27,"Height":15,"Demand":13,"DemandMax":null,"Value":405},{"Length":22,"Height":18,"Demand":11,"DemandMax":null,"Value":396},{"Length":22,"Height":17,"Demand":7,"DemandMax":null,"Value":374},{"Length":22,"Height":16,"Demand":14,"DemandMax":null,"Value":352},{"Length":25,"Height":14,"Demand":11,"DemandMax":null,"Value":350},{"Length":29,"Height":12,"Demand":9,"DemandMax":null,"Value":348},{"Length":21,"Height":16,"Demand":9,"DemandMax":null,"Value":336},{"Length":22,"Height":15,"Demand":10,"DemandMax":null,"Value":330},{"Length":29,"Height":11,"Demand":13,"DemandMax":null,"Value":319},{"Length":21,"Height":15,"Demand":12,"DemandMax":null,"Value":315},{"Length":20,"Height":13,"Demand":12,"DemandMax":null,"Value":260},{"Length":17,"Height":15,"Demand":7,"DemandMax":null,"Value":255},{"Length":18,"Height":13,"Demand":13,"DemandMax":null,"Value":234},{"Length":19,"Height":12,"Demand":10,"DemandMax":null,"Value":228},{"Length":17,"Height":12,"Demand":11,"DemandMax":null,"Value":204},{"Length":20,"Height":10,"Demand":13,"DemandMax":null,"Value":200}]}