{"Name":"MB10_070","Objects":[{"Length":432,"Height":79,"Stock":null,"Cost":34128}],"Items":[{"Length":58,"Height":49,"Demand":8,"DemandMax":null,"Value":2842},{"Length":50,"Height":47,"Demand":11,"DemandMax":null,"Value":2350},{"Length":58,"Height":39,"Demand":7,"DemandMax":null,"Value":2262},{"Length":50,"Height":45,"Demand":10,"DemandMax":null,"Value":2250},{"Length":51,"Height":44,"Demand":7,"DemandMax":null,"Value":2244},{"Length":54,"Height":41,"Demand":2,"DemandMax":null,"Value":2214},{"Length":50,"Height":44,"Demand":11,"DemandMax":null,"Value":2200},{"Length":47,"Height":45,"Demand":15,"DemandMax":null,"Value":2115},{"Length":46,"Height":45,"Demand":6,"DemandMax":null,"Value":2070},{"Length":54,"Height":38,"Demand":5,"DemandMax":null,"Value":2052},{"Length":50,"Height":41,"Demand":8,"DemandMax":null,"Value":2050},{"Length":60,"Height":34,"Demand":10,"DemandMax":null,"Value":2040},{"Length":58,"Height":35,"Demand":4,"DemandMax":null,"Value":2030},{"Length":59,"Height":33,"Demand":8,"DemandMax":null,"Value":1947},{"Length":48,"Height":39,"Demand":7,"DemandMax":null,"Value":1872},{"Length":58,"Height":32,"Demand":9,"DemandMax":null,"Value":1856},{"Length":43,"Height":42,"Demand":4,"DemandMax":null,"Value":1806},{"Length":45,"Height":40,"Demand":9,"DemandMax":null,"Value":1800},{"Length":47,"Height":37,"Demand":11,"DemandMax":null,"Value":1739},{"Length":56,"Height":31,"Demand":4,"DemandMax":null,"Value":1736},{"Length":44,"Height":38,"Demand":5,"DemandMax":null,"Value":1672},{"Length":47,"Height":35,"Demand":3,"DemandMax":null,"Value":1645},{"Length":53,"Height":31,"Demand":12,"DemandMax":null,"Value":1643},{"Length":41,"Height":40,"Demand":8,"DemandMax":null,"Value":1640},{"Length":51,"Height":32,"Demand":3,"DemandMax":null,"Value":1632},{"Length":46,"Height":35,"Demand":7,"DemandMax":null,"Value":1610},{"Length":41,"Height":38,"Demand":8,"DemandMax":null,"Value":1558},{"Length":43,"Height":36,"Demand":12,"DemandMax":null,"Value":1548},{"Length":41,"Height":37,"Demand":4,"DemandMax":null,"Value":1517},{"Length":48,"Height":31,"Demand":8,"DemandMax":null,"Value":1488},{"Length":53,"Height":28,"Demand":7,"DemandMax":null,"Value":1484},{"Length":40,"Height":37,"Demand":6,"DemandMax":null,"Value":1480},{"Length":59,"Height":25,"Demand":5,"DemandMax":null,"Value":1475},{"Length":46,"Height":32,"Demand":10,"DemandMax":null,"Value":1472},{"Length":42,"Height":35,"Demand":4,"DemandMax":null,"Value":1470},{"Length":43,"Height":34,"Demand":5,"DemandMax":null,"Value":1462},{"Length":54,"Height":27,"Demand":10,"DemandMax":null,"Value":1458},{"Length":44,"Height":32,"Demand":6,"DemandMax":null,"Value":1408},{"Length":46,"Height":30,"Demand":5,"DemandMax":null,"Value":1380},{"Length":40,"Height":34,"Demand":5,"DemandMax":null,"Value":1360},{"Length":46,"Height":29,"Demand":13,"DemandMax":null,"Value":1334},{"Length":37,"Height":36,"Demand":13,"DemandMax":null,"Value":1332},{"Length":38,"Height":35,"Demand":7,"DemandMax":null,"Value":1330},{"Length":45,"Height":29,"Demand":6,"DemandMax":null,"Value":1305},{"Length":50,"Height":26,"Demand":5,"DemandMax":null,"Value":1300},{"Length":39,"Height":33,"Demand":10,"DemandMax":null,"Value":1287},{"Length":41,"Height":31,"Demand":11,"DemandMax":null,"Value":1271},{"Length":45,"Height":28,"Demand":9,"DemandMax":null,"Value":1260},{"Length":50,"Height":25,"Demand":14,"DemandMax":null,"Value":1250},{"Length":40,"Height":31,"Demand":6,"DemandMax":null,"Value":1240},{"Length":41,"Height":30,"Demand":11,"DemandMax":null,"Value":1230},{"Length":36,"Height":34,"Demand":11,"DemandMax":null,"Value":1224},{"Length":51,"Height":24,"Demand":4,"DemandMax":null,"Value":1224},{"Length":45,"Height":27,"Demand":5,"DemandMax":null,"Value":1215},{"Length":46,"Height":26,"Demand":9,"DemandMax":null,"Value":1196},{"Length":47,"Height":25,"Demand":6,"DemandMax":null,"Value":1175},{"Length":45,"Height":26,"Demand":3,"DemandMax":null,"Value":1170},{"Length":43,"Height":27,"Demand":5,"DemandMax":null,"Value":1161},{"Length":40,"Height":29,"Demand":5,"DemandMax":null,"Value":1160},{"Length":37,"Height":31,"Demand":8,"DemandMax":null,"Value":1147},{"Length":38,"Height":30,"Demand":5,"DemandMax":null,"Value":1140},{"Length":56,"Height":20,"Demand":9,"DemandMax":null,"Value":1120},{"Length":40,"Height":28,"Demand":4,"DemandMax":null,"Value":1120},{"Length":35,"Height":32,"Demand":6,"DemandMax":null,"Value":1120},{"Length":58,"Height":19,"Demand":6,"DemandMax":null,"Value":1102},{"Length":35,"Height":31,"Demand":9,"DemandMax":null,"Value":1085},{"Length":47,"Height":23,"Demand":10,"DemandMax":null,"Value":1081},{"Length":45,"Height":24,"Demand":5,"DemandMax":null,"Value":1080},{"Length":43,"Height":25,"Demand":7,"DemandMax":null,"Value":1075},{"Length":41,"Height":26,"Demand":10,"DemandMax":null,"Value":1066},{"Length":48,"Height":22,"Demand":5,"DemandMax":null,"Value":1056},{"Length":34,"Height":31,"Demand":6,"DemandMax":null,"Value":1054},{"Length":39,"Height":27,"Demand":9,"DemandMax":null,"Value":1053},{"Length":40,"Height":26,"Demand":6,"DemandMax":null,"Value":1040},{"Length":47,"Height":22,"Demand":6,"DemandMax":null,"Value":1034},{"Length":34,"Height":30,"Demand":8,"DemandMax":null,"Value":1020},{"Length":53,"Height":19,"Demand":9,"DemandMax":null,"Value":1007},{"Length":59,"Height":17,"Demand":8,"DemandMax":null,"Value":1003},{"Length":50,"Height":20,"Demand":6,"DemandMax":null,"Value":1000},{"Length":36,"Height":27,"Demand":8,"DemandMax":null,"Value":972},{"Length":31,"Height":31,"Demand":7,"DemandMax":null,"Value":961},{"Length":39,"Height":24,"Demand":8,"DemandMax":null,"Value":936},{"Length":36,"Height":26,"Demand":7,"DemandMax":null,"Value":936},{"Length":49,"Height":19,"Demand":2,"DemandMax":null,"Value":931},{"Length":37,"Height":25,"Demand":7,"DemandMax":null,"Value":925},{"Length":40,"Height":23,"Demand":4,"DemandMax":null,"Value":920},{"Length":43,"Height":21,"Demand":3,"DemandMax":null,"Value":903},{"Length":50,"Height":18,"Demand":9,"DemandMax":null,"Value":900},{"Length":36,"Height":25,"Demand":9,"DemandMax":null,"Value":900},{"Length":31,"Height":29,"Demand":11,"DemandMax":null,"Value":899},{"Length":32,"Height":28,"Demand":15,"DemandMax":null,"Value":896},{"Length":47,"Height":19,"Demand":7,"DemandMax":null,"Value":893},{"Length":37,"Height":24,"Demand":7,"DemandMax":null,"Value":888},{"Length":34,"Height":26,"Demand":10,"DemandMax":null,"Value":884},{"Length":44,"Height":20,"Demand":7,"DemandMax":null,"Value":880},{"Length":58,"Height":15,"Demand":2,"DemandMax":null,"Value":870},{"Length":33,"Height":26,"Demand":3,"DemandMax":null,"Value":858},{"Length":57,"Height":15,"Demand":10,"DemandMax":null,"Value":855},{"Length":30,"Height":28,"Demand":5,"DemandMax":null,"Value":840},{"Length":56,"Height":15,"Demand":5,"DemandMax":null,"Value":840},{"Length":32,"Height":26,"Demand":11,"DemandMax":null,"Value":832},{"Length":36,"Height":23,"Demand":13,"DemandMax":null,"Value":828},{"Length":33,"Height":25,"Demand":9,"DemandMax":null,"Value":825},{"Length":34,"Height":24,"Demand":5,"DemandMax":null,"Value":816},{"Length":58,"Height":14,"Demand":7,"DemandMax":null,"Value":812},{"Length":31,"Height":26,"Demand":7,"DemandMax":null,"Value":806},{"Length":35,"Height":23,"Demand":4,"DemandMax":null,"Value":805},{"Length":32,"Height":25,"Demand":9,"DemandMax":null,"Value":800},{"Length":50,"Height":16,"Demand":4,"DemandMax":null,"Value":800},{"Length":47,"Height":17,"Demand":9,"DemandMax":null,"Value":799},{"Length":57,"Height":14,"Demand":9,"DemandMax":null,"Value":798},{"Length":53,"Height":15,"Demand":10,"DemandMax":null,"Value":795},{"Length":29,"Height":27,"Demand":11,"DemandMax":null,"Value":783},{"Length":48,"Height":16,"Demand":7,"DemandMax":null,"Value":768},{"Length":38,"Height":20,"Demand":7,"DemandMax":null,"Value":760},{"Length":30,"Height":25,"Demand":11,"DemandMax":null,"Value":750},{"Length":44,"Height":17,"Demand":5,"DemandMax":null,"Value":748},{"Length":41,"Height":18,"Demand":6,"DemandMax":null,"Value":738},{"Length":43,"Height":17,"Demand":9,"DemandMax":null,"Value":731},{"Length":56,"Height":13,"Demand":11,"DemandMax":null,"Value":728},{"Length":28,"Height":26,"Demand":8,"DemandMax":null,"Value":728},{"Length":33,"Height":22,"Demand":9,"DemandMax":null,"Value":726},{"Length":38,"Height":19,"Demand":4,"DemandMax":null,"Value":722},{"Length":45,"Height":16,"Demand":8,"DemandMax":null,"Value":720},{"Length":31,"Height":23,"Demand":9,"DemandMax":null,"Value":713},{"Length":47,"Height":15,"Demand":4,"DemandMax":null,"Value":705},{"Length":44,"Height":16,"Demand":9,"DemandMax":null,"Value":704},{"Length":27,"Height":26,"Demand":6,"DemandMax":null,"Value":702},{"Length":39,"Height":18,"Demand":8,"DemandMax":null,"Value":702},{"Length":35,"Height":20,"Demand":9,"DemandMax":null,"Value":700},{"Length":29,"Height":24,"Demand":7,"DemandMax":null,"Value":696},{"Length":27,"Height":25,"Demand":8,"DemandMax":null,"Value":675},{"Length":32,"Height":21,"Demand":7,"DemandMax":null,"Value":672},{"Length":29,"Height":23,"Demand":4,"DemandMax":null,"Value":667},{"Length":33,"Height":20,"Demand":8,"DemandMax":null,"Value":660},{"Length":27,"Height":24,"Demand":6,"DemandMax":null,"Value":648},{"Length":58,"Height":11,"Demand":11,"DemandMax":null,"Value":638},{"Length":37,"Height":17,"Demand":6,"DemandMax":null,"Value":629},{"Length":26,"Height":24,"Demand":8,"DemandMax":null,"Value":624},{"Length":26,"Height":23,"Demand":4,"DemandMax":null,"Value":598},{"Length":27,"Height":22,"Demand":5,"DemandMax":null,"Value":594},{"Length":28,"Height":21,"Demand":6,"DemandMax":null,"Value":588},{"Length":31,"Height":18,"Demand":9,"DemandMax":null,"Value":558},{"Length":24,"Height":23,"Demand":5,"DemandMax":null,"Value":552},{"Length":26,"Height":21,"Demand":3,"DemandMax":null,"Value":546},{"Length":39,"Height":14,"Demand":6,"DemandMax":null,"Value":546},{"Length":41,"Height":13,"Demand":4,"DemandMax":null,"Value":533},{"Length":24,"Height":22,"Demand":6,"DemandMax":null,"Value":528},{"Length":40,"Height":13,"Demand":7,"DemandMax":null,"Value":520},{"Length":37,"Height":14,"Demand":5,"DemandMax":null,"Value":518},{"Length":23,"Height":22,"Demand":9,"DemandMax":null,"Value":506},{"Length":36,"Height":14,"Demand":8,"DemandMax":null,"Value":504},{"Length":25,"Height":20,"Demand":4,"DemandMax":null,"Value":500},{"Length":50,"Height":10,"Demand":8,"DemandMax":null,"Value":500},{"Length":30,"Height":16,"Demand":8,"DemandMax":null,"Value":480},{"Length":28,"Height":17,"Demand":7,"DemandMax":null,"Value":476},{"Length":27,"Height":17,"Demand":12,"DemandMax":null,"Value":459},{"Length":24,"Height":19,"Demand":7,"DemandMax":null,"Value":456},{"Length":41,"Height":11,"Demand":8,"DemandMax":null,"Value":451},{"Length":26,"Height":17,"Demand":9,"DemandMax":null,"Value":442},{"Length":22,"Height":20,"Demand":7,"DemandMax":null,"Value":440},{"Length":24,"Height":18,"Demand":12,"DemandMax":null,"Value":432},{"Length":42,"Height":10,"Demand":7,"DemandMax":null,"Value":420},{"Length":23,"Height":18,"Demand":5,"DemandMax":null,"Value":414},{"Length":24,"Height":17,"Demand":10,"DemandMax":null,"Value":408},{"Length":27,"Height":15,"Demand":9,"DemandMax":null,"Value":405},{"Length":25,"Height":16,"Demand":7,"DemandMax":null,"Value":400},{"Length":22,"Height":18,"Demand":9,"DemandMax":null,"Value":396},{"Length":39,"Height":10,"Demand":7,"DemandMax":null,"Value":390},{"Length":30,"Height":12,"Demand":13,"DemandMax":null,"Value":360},{"Length":32,"Height":11,"Demand":5,"DemandMax":null,"Value":352},{"Length":31,"Height":11,"Demand":7,"DemandMax":null,"Value":341},{"Length":26,"Height":13,"Demand":2,"DemandMax":null,"Value":338},{"Length":28,"Height":12,"Demand":9,"DemandMax":null,"Value":336},{"Length":24,"Height":13,"Demand":4,"DemandMax":null,"Value":312},{"Length":28,"Height":11,"Demand":5,"DemandMax":null,"Value":308},{"Length":19,"Height":16,"Demand":7,"DemandMax":null,"Value":304},{"Length":20,"Height":15,"Demand":6,"DemandMax":null,"Value":300},{"Length":21,"Height":14,"Demand":5,"DemandMax":null,"Value":294},{"Length":18,"Height":16,"Demand":8,"DemandMax":null,"Value":288},{"Length":21,"Height":12,"Demand":5,"DemandMax":null,"Value":252},{"Length":20,"Height":12,"Demand":3,"DemandMax":null,"Value":240},{"Length":17,"Height":13,"Demand":11,"DemandMax":null,"Value":221},{"Length":18,"Height":12,"Demand":8,"DemandMax":null,"Value":216},{"Length":16,"Height":13,"Demand":10,"DemandMax":null,"Value":208},{"Length":16,"Height":12,"Demand":5,"DemandMax":null,"Value":192}]}