{"Name":"MB09_055","Objects":[{"Length":432,"Height":79,"Stock":null,"Cost":34128}],"Items":[{"Length":46,"Height":46,"Demand":88,"DemandMax":null,"Value":2116},{"Length":50,"Height":36,"Demand":105,"DemandMax":null,"Value":1800},{"Length":54,"Height":29,"Demand":101,"DemandMax":null,"Value":1566},{"Length":44,"Height":27,"Demand":113,"DemandMax":null,"Value":1188},{"Length":40,"Height":28,"Demand":111,"DemandMax":null,"Value":1120},{"Length":43,"Height":21,"Demand":103,"DemandMax":null,"Value":903},{"Length":47,"Height":18,"Demand":94,"DemandMax":null,"Value":846},{"Length":47,"Height":15,"Demand":94,"DemandMax":null,"Value":705},{"Length":54,"Height":13,"Demand":101,"DemandMax":null,"Value":702},{"Length":36,"Height":16,"Demand":103,"DemandMax":null,"Value":576},{"Length":39,"Height":13,"Demand":95,"DemandMax":null,"Value":507},{"Length":45,"Height":11,"Demand":87,"DemandMax":null,"Value":495},{"Length":28,"Height":16,"Demand":92,"DemandMax":null,"Value":448},{"Length":20,"Height":18,"Demand":102,"DemandMax":null,"Value":360},{"Length":16,"Height":15,"Demand":88,"DemandMax":null,"Value":240}]}