{"Name":"MB09_088","Objects":[{"Length":432,"Height":79,"Stock":null,"Cost":34128}],"Items":[{"Length":54,"Height":48,"Demand":32,"DemandMax":null,"Value":2592},{"Length":52,"Height":49,"Demand":36,"DemandMax":null,"Value":2548},{"Length":57,"Height":44,"Demand":33,"DemandMax":null,"Value":2508},{"Length":59,"Height":42,"Demand":27,"DemandMax":null,"Value":2478},{"Length":57,"Height":37,"Demand":31,"DemandMax":null,"Value":2109},{"Length":44,"Height":40,"Demand":40,"DemandMax":null,"Value":1760},{"Length":46,"Height":36,"Demand":20,"DemandMax":null,"Value":1656},{"Length":40,"Height":38,"Demand":29,"DemandMax":null,"Value":1520},{"Length":57,"Height":26,"Demand":25,"DemandMax":null,"Value":1482},{"Length":39,"Height":37,"Demand":31,"DemandMax":null,"Value":1443},{"Length":48,"Height":30,"Demand":38,"DemandMax":null,"Value":1440},{"Length":49,"Height":29,"Demand":27,"DemandMax":null,"Value":1421},{"Length":39,"Height":35,"Demand":26,"DemandMax":null,"Value":1365},{"Length":36,"Height":36,"Demand":37,"DemandMax":null,"Value":1296},{"Length":37,"Height":33,"Demand":34,"DemandMax":null,"Value":1221},{"Length":42,"Height":29,"Demand":30,"DemandMax":null,"Value":1218},{"Length":44,"Height":25,"Demand":28,"DemandMax":null,"Value":1100},{"Length":36,"Height":29,"Demand":26,"DemandMax":null,"Value":1044},{"Length":60,"Height":16,"Demand":25,"DemandMax":null,"Value":960},{"Length":38,"Height":25,"Demand":24,"DemandMax":null,"Value":950},{"Length":39,"Height":23,"Demand":36,"DemandMax":null,"Value":897},{"Length":29,"Height":28,"Demand":31,"DemandMax":null,"Value":812},{"Length":49,"Height":16,"Demand":33,"DemandMax":null,"Value":784},{"Length":41,"Height":19,"Demand":33,"DemandMax":null,"Value":779},{"Length":32,"Height":24,"Demand":37,"DemandMax":null,"Value":768},{"Length":51,"Height":15,"Demand":28,"DemandMax":null,"Value":765},{"Length":40,"Height":19,"Demand":28,"DemandMax":null,"Value":760},{"Length":28,"Height":27,"Demand":26,"DemandMax":null,"Value":756},{"Length":47,"Height":14,"Demand":26,"DemandMax":null,"Value":658},{"Length":33,"Height":19,"Demand":30,"DemandMax":null,"Value":627},{"Length":26,"Height":24,"Demand":29,"DemandMax":null,"Value":624},{"Length":32,"Height":17,"Demand":27,"DemandMax":null,"Value":544},{"Length":53,"Height":10,"Demand":25,"DemandMax":null,"Value":530},{"Length":27,"Height":17,"Demand":33,"DemandMax":null,"Value":459},{"Length":28,"Height":15,"Demand":39,"DemandMax":null,"Value":420},{"Length":25,"Height":16,"Demand":34,"DemandMax":null,"Value":400},{"Length":21,"Height":19,"Demand":31,"DemandMax":null,"Value":399},{"Length":23,"Height":15,"Demand":29,"DemandMax":null,"Value":345},{"Length":19,"Height":17,"Demand":32,"DemandMax":null,"Value":323},{"Length":20,"Height":16,"Demand":22,"DemandMax":null,"Value":320}]}