{"Name":"MB07_134","Objects":[{"Length":587,"Height":233,"Stock":null,"Cost":136771}],"Items":[{"Length":54,"Height":48,"Demand":25,"DemandMax":null,"Value":2592},{"Length":59,"Height":40,"Demand":14,"DemandMax":null,"Value":2360},{"Length":50,"Height":45,"Demand":11,"DemandMax":null,"Value":2250},{"Length":47,"Height":46,"Demand":12,"DemandMax":null,"Value":2162},{"Length":51,"Height":40,"Demand":16,"DemandMax":null,"Value":2040},{"Length":58,"Height":33,"Demand":21,"DemandMax":null,"Value":1914},{"Length":47,"Height":37,"Demand":15,"DemandMax":null,"Value":1739},{"Length":48,"Height":34,"Demand":14,"DemandMax":null,"Value":1632},{"Length":58,"Height":26,"Demand":14,"DemandMax":null,"Value":1508},{"Length":47,"Height":32,"Demand":12,"DemandMax":null,"Value":1504},{"Length":45,"Height":33,"Demand":11,"DemandMax":null,"Value":1485},{"Length":39,"Height":38,"Demand":32,"DemandMax":null,"Value":1482},{"Length":46,"Height":32,"Demand":12,"DemandMax":null,"Value":1472},{"Length":49,"Height":28,"Demand":17,"DemandMax":null,"Value":1372},{"Length":48,"Height":28,"Demand":17,"DemandMax":null,"Value":1344},{"Length":58,"Height":23,"Demand":20,"DemandMax":null,"Value":1334},{"Length":39,"Height":34,"Demand":15,"DemandMax":null,"Value":1326},{"Length":49,"Height":27,"Demand":13,"DemandMax":null,"Value":1323},{"Length":44,"Height":29,"Demand":23,"DemandMax":null,"Value":1276},{"Length":38,"Height":33,"Demand":12,"DemandMax":null,"Value":1254},{"Length":48,"Height":26,"Demand":13,"DemandMax":null,"Value":1248},{"Length":46,"Height":27,"Demand":20,"DemandMax":null,"Value":1242},{"Length":40,"Height":31,"Demand":19,"DemandMax":null,"Value":1240},{"Length":51,"Height":24,"Demand":16,"DemandMax":null,"Value":1224},{"Length":48,"Height":24,"Demand":19,"DemandMax":null,"Value":1152},{"Length":49,"Height":23,"Demand":13,"DemandMax":null,"Value":1127},{"Length":59,"Height":19,"Demand":11,"DemandMax":null,"Value":1121},{"Length":37,"Height":30,"Demand":16,"DemandMax":null,"Value":1110},{"Length":33,"Height":33,"Demand":16,"DemandMax":null,"Value":1089},{"Length":54,"Height":20,"Demand":9,"DemandMax":null,"Value":1080},{"Length":46,"Height":23,"Demand":17,"DemandMax":null,"Value":1058},{"Length":45,"Height":23,"Demand":22,"DemandMax":null,"Value":1035},{"Length":44,"Height":23,"Demand":15,"DemandMax":null,"Value":1012},{"Length":48,"Height":21,"Demand":18,"DemandMax":null,"Value":1008},{"Length":36,"Height":28,"Demand":12,"DemandMax":null,"Value":1008},{"Length":45,"Height":22,"Demand":14,"DemandMax":null,"Value":990},{"Length":44,"Height":22,"Demand":20,"DemandMax":null,"Value":968},{"Length":32,"Height":30,"Demand":15,"DemandMax":null,"Value":960},{"Length":38,"Height":25,"Demand":10,"DemandMax":null,"Value":950},{"Length":37,"Height":25,"Demand":17,"DemandMax":null,"Value":925},{"Length":40,"Height":23,"Demand":15,"DemandMax":null,"Value":920},{"Length":48,"Height":19,"Demand":19,"DemandMax":null,"Value":912},{"Length":36,"Height":25,"Demand":22,"DemandMax":null,"Value":900},{"Length":31,"Height":29,"Demand":13,"DemandMax":null,"Value":899},{"Length":56,"Height":16,"Demand":15,"DemandMax":null,"Value":896},{"Length":31,"Height":28,"Demand":10,"DemandMax":null,"Value":868},{"Length":43,"Height":20,"Demand":13,"DemandMax":null,"Value":860},{"Length":47,"Height":18,"Demand":9,"DemandMax":null,"Value":846},{"Length":40,"Height":20,"Demand":23,"DemandMax":null,"Value":800},{"Length":31,"Height":25,"Demand":14,"DemandMax":null,"Value":775},{"Length":48,"Height":16,"Demand":17,"DemandMax":null,"Value":768},{"Length":41,"Height":18,"Demand":11,"DemandMax":null,"Value":738},{"Length":49,"Height":15,"Demand":10,"DemandMax":null,"Value":735},{"Length":30,"Height":24,"Demand":14,"DemandMax":null,"Value":720},{"Length":33,"Height":20,"Demand":12,"DemandMax":null,"Value":660},{"Length":59,"Height":11,"Demand":14,"DemandMax":null,"Value":649},{"Length":27,"Height":24,"Demand":11,"DemandMax":null,"Value":648},{"Length":30,"Height":21,"Demand":12,"DemandMax":null,"Value":630},{"Length":50,"Height":12,"Demand":20,"DemandMax":null,"Value":600},{"Length":40,"Height":15,"Demand":17,"DemandMax":null,"Value":600},{"Length":27,"Height":22,"Demand":20,"DemandMax":null,"Value":594},{"Length":35,"Height":16,"Demand":19,"DemandMax":null,"Value":560},{"Length":32,"Height":17,"Demand":13,"DemandMax":null,"Value":544},{"Length":34,"Height":16,"Demand":12,"DemandMax":null,"Value":544},{"Length":45,"Height":12,"Demand":12,"DemandMax":null,"Value":540},{"Length":29,"Height":17,"Demand":14,"DemandMax":null,"Value":493},{"Length":30,"Height":16,"Demand":13,"DemandMax":null,"Value":480},{"Length":28,"Height":17,"Demand":13,"DemandMax":null,"Value":476},{"Length":25,"Height":19,"Demand":16,"DemandMax":null,"Value":475},{"Length":26,"Height":18,"Demand":9,"DemandMax":null,"Value":468},{"Length":33,"Height":14,"Demand":16,"DemandMax":null,"Value":462},{"Length":23,"Height":20,"Demand":13,"DemandMax":null,"Value":460},{"Length":41,"Height":11,"Demand":24,"DemandMax":null,"Value":451},{"Length":25,"Height":17,"Demand":19,"DemandMax":null,"Value":425},{"Length":28,"Height":14,"Demand":19,"DemandMax":null,"Value":392},{"Length":22,"Height":17,"Demand":24,"DemandMax":null,"Value":374},{"Length":24,"Height":15,"Demand":16,"DemandMax":null,"Value":360},{"Length":23,"Height":15,"Demand":11,"DemandMax":null,"Value":345},{"Length":19,"Height":17,"Demand":11,"DemandMax":null,"Value":323},{"Length":20,"Height":16,"Demand":10,"DemandMax":null,"Value":320},{"Length":24,"Height":13,"Demand":13,"DemandMax":null,"Value":312},{"Length":31,"Height":10,"Demand":15,"DemandMax":null,"Value":310},{"Length":22,"Height":14,"Demand":18,"DemandMax":null,"Value":308},{"Length":17,"Height":16,"Demand":10,"DemandMax":null,"Value":272},{"Length":20,"Height":13,"Demand":19,"DemandMax":null,"Value":260},{"Length":18,"Height":14,"Demand":9,"DemandMax":null,"Value":252},{"Length":17,"Height":14,"Demand":18,"DemandMax":null,"Value":238}]}