{"Name":"MB09_022","Objects":[{"Length":432,"Height":79,"Stock":null,"Cost":34128}],"Items":[{"Length":51,"Height":32,"Demand":228,"DemandMax":null,"Value":1632},{"Length":42,"Height":36,"Demand":181,"DemandMax":null,"Value":1512},{"Length":35,"Height":31,"Demand":221,"DemandMax":null,"Value":1085},{"Length":43,"Height":19,"Demand":197,"DemandMax":null,"Value":817},{"Length":25,"Height":20,"Demand":214,"DemandMax":null,"Value":500},{"Length":24,"Height":13,"Demand":220,"DemandMax":null,"Value":312},{"Length":24,"Height":12,"Demand":207,"DemandMax":null,"Value":288},{"Length":18,"Height":15,"Demand":220,"DemandMax":null,"Value":270}]}