{"Name":"MB09_033","Objects":[{"Length":432,"Height":79,"Stock":null,"Cost":34128}],"Items":[{"Length":51,"Height":39,"Demand":146,"DemandMax":null,"Value":1989},{"Length":53,"Height":28,"Demand":154,"DemandMax":null,"Value":1484},{"Length":45,"Height":25,"Demand":146,"DemandMax":null,"Value":1125},{"Length":37,"Height":28,"Demand":146,"DemandMax":null,"Value":1036},{"Length":31,"Height":29,"Demand":159,"DemandMax":null,"Value":899},{"Length":50,"Height":17,"Demand":130,"DemandMax":null,"Value":850},{"Length":48,"Height":13,"Demand":145,"DemandMax":null,"Value":624},{"Length":25,"Height":21,"Demand":149,"DemandMax":null,"Value":525},{"Length":23,"Height":18,"Demand":132,"DemandMax":null,"Value":414},{"Length":15,"Height":13,"Demand":146,"DemandMax":null,"Value":195}]}