{"Name":"MB07_049","Objects":[{"Length":587,"Height":233,"Stock":null,"Cost":136771}],"Items":[{"Length":45,"Height":31,"Demand":126,"DemandMax":null,"Value":1395},{"Length":39,"Height":34,"Demand":141,"DemandMax":null,"Value":1326},{"Length":38,"Height":27,"Demand":122,"DemandMax":null,"Value":1026},{"Length":45,"Height":22,"Demand":118,"DemandMax":null,"Value":990},{"Length":35,"Height":28,"Demand":118,"DemandMax":null,"Value":980},{"Length":34,"Height":25,"Demand":139,"DemandMax":null,"Value":850},{"Length":30,"Height":27,"Demand":120,"DemandMax":null,"Value":810},{"Length":42,"Height":19,"Demand":152,"DemandMax":null,"Value":798},{"Length":36,"Height":18,"Demand":148,"DemandMax":null,"Value":648},{"Length":46,"Height":14,"Demand":134,"DemandMax":null,"Value":644},{"Length":39,"Height":14,"Demand":148,"DemandMax":null,"Value":546},{"Length":21,"Height":13,"Demand":129,"DemandMax":null,"Value":273}]}