{"Name":"MB08_053","Objects":[{"Length":587,"Height":233,"Stock":null,"Cost":136771}],"Items":[{"Length":59,"Height":47,"Demand":10,"DemandMax":null,"Value":2773},{"Length":53,"Height":46,"Demand":7,"DemandMax":null,"Value":2438},{"Length":48,"Height":48,"Demand":9,"DemandMax":null,"Value":2304},{"Length":50,"Height":46,"Demand":11,"DemandMax":null,"Value":2300},{"Length":51,"Height":44,"Demand":15,"DemandMax":null,"Value":2244},{"Length":49,"Height":44,"Demand":14,"DemandMax":null,"Value":2156},{"Length":60,"Height":35,"Demand":8,"DemandMax":null,"Value":2100},{"Length":57,"Height":36,"Demand":8,"DemandMax":null,"Value":2052},{"Length":54,"Height":36,"Demand":11,"DemandMax":null,"Value":1944},{"Length":49,"Height":39,"Demand":7,"DemandMax":null,"Value":1911},{"Length":46,"Height":40,"Demand":9,"DemandMax":null,"Value":1840},{"Length":54,"Height":34,"Demand":12,"DemandMax":null,"Value":1836},{"Length":48,"Height":38,"Demand":9,"DemandMax":null,"Value":1824},{"Length":48,"Height":36,"Demand":11,"DemandMax":null,"Value":1728},{"Length":41,"Height":40,"Demand":9,"DemandMax":null,"Value":1640},{"Length":44,"Height":37,"Demand":14,"DemandMax":null,"Value":1628},{"Length":50,"Height":32,"Demand":10,"DemandMax":null,"Value":1600},{"Length":53,"Height":30,"Demand":9,"DemandMax":null,"Value":1590},{"Length":49,"Height":31,"Demand":11,"DemandMax":null,"Value":1519},{"Length":54,"Height":28,"Demand":13,"DemandMax":null,"Value":1512},{"Length":45,"Height":33,"Demand":14,"DemandMax":null,"Value":1485},{"Length":46,"Height":32,"Demand":11,"DemandMax":null,"Value":1472},{"Length":42,"Height":35,"Demand":9,"DemandMax":null,"Value":1470},{"Length":47,"Height":31,"Demand":11,"DemandMax":null,"Value":1457},{"Length":58,"Height":24,"Demand":7,"DemandMax":null,"Value":1392},{"Length":53,"Height":26,"Demand":7,"DemandMax":null,"Value":1378},{"Length":37,"Height":37,"Demand":10,"DemandMax":null,"Value":1369},{"Length":39,"Height":35,"Demand":8,"DemandMax":null,"Value":1365},{"Length":59,"Height":23,"Demand":15,"DemandMax":null,"Value":1357},{"Length":49,"Height":27,"Demand":12,"DemandMax":null,"Value":1323},{"Length":45,"Height":29,"Demand":7,"DemandMax":null,"Value":1305},{"Length":43,"Height":30,"Demand":7,"DemandMax":null,"Value":1290},{"Length":44,"Height":29,"Demand":7,"DemandMax":null,"Value":1276},{"Length":38,"Height":33,"Demand":7,"DemandMax":null,"Value":1254},{"Length":46,"Height":27,"Demand":11,"DemandMax":null,"Value":1242},{"Length":40,"Height":31,"Demand":13,"DemandMax":null,"Value":1240},{"Length":35,"Height":34,"Demand":8,"DemandMax":null,"Value":1190},{"Length":49,"Height":24,"Demand":13,"DemandMax":null,"Value":1176},{"Length":39,"Height":30,"Demand":6,"DemandMax":null,"Value":1170},{"Length":43,"Height":27,"Demand":9,"DemandMax":null,"Value":1161},{"Length":45,"Height":25,"Demand":7,"DemandMax":null,"Value":1125},{"Length":43,"Height":26,"Demand":7,"DemandMax":null,"Value":1118},{"Length":37,"Height":30,"Demand":14,"DemandMax":null,"Value":1110},{"Length":50,"Height":22,"Demand":10,"DemandMax":null,"Value":1100},{"Length":34,"Height":32,"Demand":10,"DemandMax":null,"Value":1088},{"Length":49,"Height":22,"Demand":8,"DemandMax":null,"Value":1078},{"Length":37,"Height":29,"Demand":10,"DemandMax":null,"Value":1073},{"Length":46,"Height":23,"Demand":9,"DemandMax":null,"Value":1058},{"Length":35,"Height":30,"Demand":7,"DemandMax":null,"Value":1050},{"Length":52,"Height":20,"Demand":9,"DemandMax":null,"Value":1040},{"Length":39,"Height":26,"Demand":11,"DemandMax":null,"Value":1014},{"Length":33,"Height":30,"Demand":14,"DemandMax":null,"Value":990},{"Length":41,"Height":24,"Demand":7,"DemandMax":null,"Value":984},{"Length":39,"Height":25,"Demand":6,"DemandMax":null,"Value":975},{"Length":57,"Height":17,"Demand":11,"DemandMax":null,"Value":969},{"Length":33,"Height":29,"Demand":13,"DemandMax":null,"Value":957},{"Length":36,"Height":26,"Demand":6,"DemandMax":null,"Value":936},{"Length":58,"Height":16,"Demand":11,"DemandMax":null,"Value":928},{"Length":32,"Height":29,"Demand":16,"DemandMax":null,"Value":928},{"Length":31,"Height":29,"Demand":17,"DemandMax":null,"Value":899},{"Length":49,"Height":18,"Demand":16,"DemandMax":null,"Value":882},{"Length":35,"Height":25,"Demand":11,"DemandMax":null,"Value":875},{"Length":30,"Height":29,"Demand":9,"DemandMax":null,"Value":870},{"Length":51,"Height":17,"Demand":10,"DemandMax":null,"Value":867},{"Length":54,"Height":16,"Demand":7,"DemandMax":null,"Value":864},{"Length":36,"Height":24,"Demand":8,"DemandMax":null,"Value":864},{"Length":33,"Height":26,"Demand":11,"DemandMax":null,"Value":858},{"Length":45,"Height":19,"Demand":13,"DemandMax":null,"Value":855},{"Length":53,"Height":16,"Demand":7,"DemandMax":null,"Value":848},{"Length":39,"Height":21,"Demand":11,"DemandMax":null,"Value":819},{"Length":48,"Height":17,"Demand":4,"DemandMax":null,"Value":816},{"Length":56,"Height":14,"Demand":6,"DemandMax":null,"Value":784},{"Length":37,"Height":21,"Demand":10,"DemandMax":null,"Value":777},{"Length":31,"Height":25,"Demand":5,"DemandMax":null,"Value":775},{"Length":55,"Height":14,"Demand":11,"DemandMax":null,"Value":770},{"Length":32,"Height":23,"Demand":6,"DemandMax":null,"Value":736},{"Length":52,"Height":14,"Demand":8,"DemandMax":null,"Value":728},{"Length":35,"Height":20,"Demand":8,"DemandMax":null,"Value":700},{"Length":28,"Height":25,"Demand":8,"DemandMax":null,"Value":700},{"Length":29,"Height":24,"Demand":8,"DemandMax":null,"Value":696},{"Length":33,"Height":21,"Demand":12,"DemandMax":null,"Value":693},{"Length":27,"Height":25,"Demand":7,"DemandMax":null,"Value":675},{"Length":28,"Height":24,"Demand":6,"DemandMax":null,"Value":672},{"Length":33,"Height":20,"Demand":8,"DemandMax":null,"Value":660},{"Length":37,"Height":17,"Demand":3,"DemandMax":null,"Value":629},{"Length":33,"Height":19,"Demand":7,"DemandMax":null,"Value":627},{"Length":27,"Height":23,"Demand":9,"DemandMax":null,"Value":621},{"Length":31,"Height":20,"Demand":16,"DemandMax":null,"Value":620},{"Length":28,"Height":22,"Demand":8,"DemandMax":null,"Value":616},{"Length":34,"Height":18,"Demand":7,"DemandMax":null,"Value":612},{"Length":32,"Height":19,"Demand":10,"DemandMax":null,"Value":608},{"Length":30,"Height":20,"Demand":9,"DemandMax":null,"Value":600},{"Length":39,"Height":15,"Demand":13,"DemandMax":null,"Value":585},{"Length":25,"Height":23,"Demand":12,"DemandMax":null,"Value":575},{"Length":44,"Height":13,"Demand":12,"DemandMax":null,"Value":572},{"Length":47,"Height":12,"Demand":8,"DemandMax":null,"Value":564},{"Length":51,"Height":11,"Demand":7,"DemandMax":null,"Value":561},{"Length":29,"Height":19,"Demand":8,"DemandMax":null,"Value":551},{"Length":36,"Height":15,"Demand":9,"DemandMax":null,"Value":540},{"Length":45,"Height":12,"Demand":14,"DemandMax":null,"Value":540},{"Length":27,"Height":20,"Demand":6,"DemandMax":null,"Value":540},{"Length":33,"Height":16,"Demand":12,"DemandMax":null,"Value":528},{"Length":40,"Height":13,"Demand":14,"DemandMax":null,"Value":520},{"Length":46,"Height":11,"Demand":6,"DemandMax":null,"Value":506},{"Length":36,"Height":14,"Demand":15,"DemandMax":null,"Value":504},{"Length":42,"Height":12,"Demand":9,"DemandMax":null,"Value":504},{"Length":35,"Height":14,"Demand":10,"DemandMax":null,"Value":490},{"Length":23,"Height":21,"Demand":10,"DemandMax":null,"Value":483},{"Length":34,"Height":14,"Demand":7,"DemandMax":null,"Value":476},{"Length":26,"Height":18,"Demand":16,"DemandMax":null,"Value":468},{"Length":39,"Height":12,"Demand":14,"DemandMax":null,"Value":468},{"Length":31,"Height":15,"Demand":12,"DemandMax":null,"Value":465},{"Length":23,"Height":20,"Demand":9,"DemandMax":null,"Value":460},{"Length":38,"Height":12,"Demand":18,"DemandMax":null,"Value":456},{"Length":25,"Height":18,"Demand":9,"DemandMax":null,"Value":450},{"Length":40,"Height":11,"Demand":14,"DemandMax":null,"Value":440},{"Length":26,"Height":16,"Demand":12,"DemandMax":null,"Value":416},{"Length":31,"Height":13,"Demand":3,"DemandMax":null,"Value":403},{"Length":21,"Height":19,"Demand":9,"DemandMax":null,"Value":399},{"Length":22,"Height":18,"Demand":8,"DemandMax":null,"Value":396},{"Length":30,"Height":13,"Demand":7,"DemandMax":null,"Value":390},{"Length":23,"Height":16,"Demand":5,"DemandMax":null,"Value":368},{"Length":24,"Height":15,"Demand":3,"DemandMax":null,"Value":360},{"Length":20,"Height":18,"Demand":7,"DemandMax":null,"Value":360},{"Length":29,"Height":12,"Demand":8,"DemandMax":null,"Value":348},{"Length":24,"Height":14,"Demand":12,"DemandMax":null,"Value":336},{"Length":28,"Height":12,"Demand":13,"DemandMax":null,"Value":336},{"Length":33,"Height":10,"Demand":8,"DemandMax":null,"Value":330},{"Length":18,"Height":18,"Demand":9,"DemandMax":null,"Value":324},{"Length":27,"Height":12,"Demand":4,"DemandMax":null,"Value":324},{"Length":25,"Height":12,"Demand":10,"DemandMax":null,"Value":300},{"Length":23,"Height":13,"Demand":9,"DemandMax":null,"Value":299},{"Length":21,"Height":14,"Demand":5,"DemandMax":null,"Value":294},{"Length":19,"Height":15,"Demand":7,"DemandMax":null,"Value":285},{"Length":20,"Height":14,"Demand":8,"DemandMax":null,"Value":280},{"Length":17,"Height":16,"Demand":7,"DemandMax":null,"Value":272},{"Length":20,"Height":13,"Demand":6,"DemandMax":null,"Value":260},{"Length":18,"Height":13,"Demand":16,"DemandMax":null,"Value":234},{"Length":20,"Height":11,"Demand":7,"DemandMax":null,"Value":220},{"Length":19,"Height":11,"Demand":10,"DemandMax":null,"Value":209}]}