{"Name":"MB07_140","Objects":[{"Length":587,"Height":233,"Stock":null,"Cost":136771}],"Items":[{"Length":60,"Height":45,"Demand":21,"DemandMax":null,"Value":2700},{"Length":49,"Height":45,"Demand":16,"DemandMax":null,"Value":2205},{"Length":59,"Height":37,"Demand":17,"DemandMax":null,"Value":2183},{"Length":51,"Height":39,"Demand":13,"DemandMax":null,"Value":1989},{"Length":59,"Height":32,"Demand":21,"DemandMax":null,"Value":1888},{"Length":47,"Height":38,"Demand":16,"DemandMax":null,"Value":1786},{"Length":56,"Height":31,"Demand":15,"DemandMax":null,"Value":1736},{"Length":44,"Height":39,"Demand":16,"DemandMax":null,"Value":1716},{"Length":45,"Height":37,"Demand":14,"DemandMax":null,"Value":1665},{"Length":42,"Height":39,"Demand":17,"DemandMax":null,"Value":1638},{"Length":58,"Height":27,"Demand":16,"DemandMax":null,"Value":1566},{"Length":40,"Height":39,"Demand":15,"DemandMax":null,"Value":1560},{"Length":51,"Height":29,"Demand":14,"DemandMax":null,"Value":1479},{"Length":46,"Height":30,"Demand":13,"DemandMax":null,"Value":1380},{"Length":47,"Height":29,"Demand":20,"DemandMax":null,"Value":1363},{"Length":37,"Height":36,"Demand":17,"DemandMax":null,"Value":1332},{"Length":37,"Height":35,"Demand":9,"DemandMax":null,"Value":1295},{"Length":38,"Height":34,"Demand":26,"DemandMax":null,"Value":1292},{"Length":49,"Height":26,"Demand":19,"DemandMax":null,"Value":1274},{"Length":37,"Height":34,"Demand":25,"DemandMax":null,"Value":1258},{"Length":46,"Height":27,"Demand":12,"DemandMax":null,"Value":1242},{"Length":37,"Height":32,"Demand":16,"DemandMax":null,"Value":1184},{"Length":40,"Height":29,"Demand":16,"DemandMax":null,"Value":1160},{"Length":37,"Height":30,"Demand":21,"DemandMax":null,"Value":1110},{"Length":38,"Height":29,"Demand":16,"DemandMax":null,"Value":1102},{"Length":45,"Height":24,"Demand":19,"DemandMax":null,"Value":1080},{"Length":36,"Height":30,"Demand":9,"DemandMax":null,"Value":1080},{"Length":40,"Height":27,"Demand":13,"DemandMax":null,"Value":1080},{"Length":56,"Height":19,"Demand":19,"DemandMax":null,"Value":1064},{"Length":40,"Height":24,"Demand":18,"DemandMax":null,"Value":960},{"Length":41,"Height":23,"Demand":16,"DemandMax":null,"Value":943},{"Length":47,"Height":20,"Demand":18,"DemandMax":null,"Value":940},{"Length":36,"Height":26,"Demand":23,"DemandMax":null,"Value":936},{"Length":49,"Height":18,"Demand":17,"DemandMax":null,"Value":882},{"Length":34,"Height":25,"Demand":11,"DemandMax":null,"Value":850},{"Length":47,"Height":18,"Demand":14,"DemandMax":null,"Value":846},{"Length":38,"Height":22,"Demand":15,"DemandMax":null,"Value":836},{"Length":33,"Height":25,"Demand":17,"DemandMax":null,"Value":825},{"Length":43,"Height":19,"Demand":14,"DemandMax":null,"Value":817},{"Length":58,"Height":14,"Demand":16,"DemandMax":null,"Value":812},{"Length":35,"Height":23,"Demand":19,"DemandMax":null,"Value":805},{"Length":38,"Height":21,"Demand":17,"DemandMax":null,"Value":798},{"Length":36,"Height":22,"Demand":17,"DemandMax":null,"Value":792},{"Length":29,"Height":27,"Demand":9,"DemandMax":null,"Value":783},{"Length":39,"Height":20,"Demand":16,"DemandMax":null,"Value":780},{"Length":31,"Height":25,"Demand":19,"DemandMax":null,"Value":775},{"Length":48,"Height":16,"Demand":18,"DemandMax":null,"Value":768},{"Length":38,"Height":20,"Demand":18,"DemandMax":null,"Value":760},{"Length":32,"Height":23,"Demand":19,"DemandMax":null,"Value":736},{"Length":49,"Height":15,"Demand":22,"DemandMax":null,"Value":735},{"Length":41,"Height":17,"Demand":17,"DemandMax":null,"Value":697},{"Length":43,"Height":16,"Demand":19,"DemandMax":null,"Value":688},{"Length":30,"Height":22,"Demand":15,"DemandMax":null,"Value":660},{"Length":31,"Height":21,"Demand":16,"DemandMax":null,"Value":651},{"Length":27,"Height":23,"Demand":14,"DemandMax":null,"Value":621},{"Length":47,"Height":13,"Demand":17,"DemandMax":null,"Value":611},{"Length":40,"Height":15,"Demand":13,"DemandMax":null,"Value":600},{"Length":30,"Height":20,"Demand":11,"DemandMax":null,"Value":600},{"Length":56,"Height":10,"Demand":16,"DemandMax":null,"Value":560},{"Length":26,"Height":21,"Demand":16,"DemandMax":null,"Value":546},{"Length":45,"Height":12,"Demand":17,"DemandMax":null,"Value":540},{"Length":30,"Height":17,"Demand":10,"DemandMax":null,"Value":510},{"Length":33,"Height":15,"Demand":16,"DemandMax":null,"Value":495},{"Length":32,"Height":15,"Demand":16,"DemandMax":null,"Value":480},{"Length":28,"Height":17,"Demand":17,"DemandMax":null,"Value":476},{"Length":34,"Height":14,"Demand":16,"DemandMax":null,"Value":476},{"Length":26,"Height":18,"Demand":14,"DemandMax":null,"Value":468},{"Length":35,"Height":13,"Demand":14,"DemandMax":null,"Value":455},{"Length":41,"Height":11,"Demand":19,"DemandMax":null,"Value":451},{"Length":23,"Height":19,"Demand":16,"DemandMax":null,"Value":437},{"Length":31,"Height":14,"Demand":13,"DemandMax":null,"Value":434},{"Length":39,"Height":11,"Demand":22,"DemandMax":null,"Value":429},{"Length":26,"Height":16,"Demand":19,"DemandMax":null,"Value":416},{"Length":23,"Height":17,"Demand":13,"DemandMax":null,"Value":391},{"Length":20,"Height":19,"Demand":11,"DemandMax":null,"Value":380},{"Length":20,"Height":18,"Demand":13,"DemandMax":null,"Value":360},{"Length":24,"Height":15,"Demand":20,"DemandMax":null,"Value":360},{"Length":21,"Height":17,"Demand":23,"DemandMax":null,"Value":357},{"Length":34,"Height":10,"Demand":21,"DemandMax":null,"Value":340},{"Length":23,"Height":13,"Demand":21,"DemandMax":null,"Value":299},{"Length":18,"Height":16,"Demand":14,"DemandMax":null,"Value":288},{"Length":19,"Height":15,"Demand":10,"DemandMax":null,"Value":285},{"Length":17,"Height":16,"Demand":13,"DemandMax":null,"Value":272},{"Length":17,"Height":13,"Demand":15,"DemandMax":null,"Value":221},{"Length":21,"Height":10,"Demand":14,"DemandMax":null,"Value":210},{"Length":15,"Height":13,"Demand":16,"DemandMax":null,"Value":195},{"Length":16,"Height":12,"Demand":14,"DemandMax":null,"Value":192},{"Length":14,"Height":12,"Demand":18,"DemandMax":null,"Value":168}]}