{"Name":"MB08_034","Objects":[{"Length":587,"Height":233,"Stock":null,"Cost":136771}],"Items":[{"Length":52,"Height":40,"Demand":14,"DemandMax":null,"Value":2080},{"Length":59,"Height":35,"Demand":10,"DemandMax":null,"Value":2065},{"Length":47,"Height":42,"Demand":12,"DemandMax":null,"Value":1974},{"Length":57,"Height":34,"Demand":18,"DemandMax":null,"Value":1938},{"Length":45,"Height":42,"Demand":16,"DemandMax":null,"Value":1890},{"Length":49,"Height":37,"Demand":17,"DemandMax":null,"Value":1813},{"Length":47,"Height":38,"Demand":13,"DemandMax":null,"Value":1786},{"Length":45,"Height":39,"Demand":19,"DemandMax":null,"Value":1755},{"Length":52,"Height":30,"Demand":19,"DemandMax":null,"Value":1560},{"Length":44,"Height":35,"Demand":20,"DemandMax":null,"Value":1540},{"Length":44,"Height":34,"Demand":13,"DemandMax":null,"Value":1496},{"Length":53,"Height":27,"Demand":16,"DemandMax":null,"Value":1431},{"Length":60,"Height":23,"Demand":14,"DemandMax":null,"Value":1380},{"Length":48,"Height":28,"Demand":9,"DemandMax":null,"Value":1344},{"Length":38,"Height":35,"Demand":17,"DemandMax":null,"Value":1330},{"Length":47,"Height":28,"Demand":20,"DemandMax":null,"Value":1316},{"Length":42,"Height":31,"Demand":19,"DemandMax":null,"Value":1302},{"Length":52,"Height":25,"Demand":14,"DemandMax":null,"Value":1300},{"Length":47,"Height":27,"Demand":18,"DemandMax":null,"Value":1269},{"Length":45,"Height":28,"Demand":23,"DemandMax":null,"Value":1260},{"Length":36,"Height":35,"Demand":12,"DemandMax":null,"Value":1260},{"Length":44,"Height":28,"Demand":19,"DemandMax":null,"Value":1232},{"Length":56,"Height":22,"Demand":19,"DemandMax":null,"Value":1232},{"Length":57,"Height":21,"Demand":22,"DemandMax":null,"Value":1197},{"Length":54,"Height":22,"Demand":17,"DemandMax":null,"Value":1188},{"Length":36,"Height":33,"Demand":21,"DemandMax":null,"Value":1188},{"Length":46,"Height":24,"Demand":7,"DemandMax":null,"Value":1104},{"Length":55,"Height":20,"Demand":14,"DemandMax":null,"Value":1100},{"Length":49,"Height":22,"Demand":14,"DemandMax":null,"Value":1078},{"Length":37,"Height":29,"Demand":8,"DemandMax":null,"Value":1073},{"Length":38,"Height":28,"Demand":15,"DemandMax":null,"Value":1064},{"Length":59,"Height":18,"Demand":16,"DemandMax":null,"Value":1062},{"Length":35,"Height":30,"Demand":11,"DemandMax":null,"Value":1050},{"Length":33,"Height":31,"Demand":8,"DemandMax":null,"Value":1023},{"Length":42,"Height":24,"Demand":12,"DemandMax":null,"Value":1008},{"Length":38,"Height":26,"Demand":15,"DemandMax":null,"Value":988},{"Length":39,"Height":25,"Demand":16,"DemandMax":null,"Value":975},{"Length":40,"Height":24,"Demand":15,"DemandMax":null,"Value":960},{"Length":33,"Height":29,"Demand":15,"DemandMax":null,"Value":957},{"Length":35,"Height":26,"Demand":12,"DemandMax":null,"Value":910},{"Length":41,"Height":22,"Demand":13,"DemandMax":null,"Value":902},{"Length":31,"Height":29,"Demand":11,"DemandMax":null,"Value":899},{"Length":35,"Height":24,"Demand":10,"DemandMax":null,"Value":840},{"Length":31,"Height":27,"Demand":19,"DemandMax":null,"Value":837},{"Length":38,"Height":22,"Demand":12,"DemandMax":null,"Value":836},{"Length":37,"Height":22,"Demand":16,"DemandMax":null,"Value":814},{"Length":50,"Height":16,"Demand":15,"DemandMax":null,"Value":800},{"Length":36,"Height":22,"Demand":18,"DemandMax":null,"Value":792},{"Length":46,"Height":17,"Demand":18,"DemandMax":null,"Value":782},{"Length":34,"Height":23,"Demand":14,"DemandMax":null,"Value":782},{"Length":43,"Height":18,"Demand":11,"DemandMax":null,"Value":774},{"Length":35,"Height":22,"Demand":18,"DemandMax":null,"Value":770},{"Length":40,"Height":19,"Demand":13,"DemandMax":null,"Value":760},{"Length":47,"Height":16,"Demand":13,"DemandMax":null,"Value":752},{"Length":31,"Height":24,"Demand":16,"DemandMax":null,"Value":744},{"Length":49,"Height":15,"Demand":16,"DemandMax":null,"Value":735},{"Length":29,"Height":25,"Demand":16,"DemandMax":null,"Value":725},{"Length":34,"Height":21,"Demand":13,"DemandMax":null,"Value":714},{"Length":54,"Height":13,"Demand":19,"DemandMax":null,"Value":702},{"Length":43,"Height":16,"Demand":16,"DemandMax":null,"Value":688},{"Length":36,"Height":19,"Demand":16,"DemandMax":null,"Value":684},{"Length":40,"Height":17,"Demand":16,"DemandMax":null,"Value":680},{"Length":48,"Height":14,"Demand":16,"DemandMax":null,"Value":672},{"Length":29,"Height":23,"Demand":17,"DemandMax":null,"Value":667},{"Length":36,"Height":18,"Demand":11,"DemandMax":null,"Value":648},{"Length":30,"Height":21,"Demand":16,"DemandMax":null,"Value":630},{"Length":36,"Height":17,"Demand":16,"DemandMax":null,"Value":612},{"Length":27,"Height":22,"Demand":19,"DemandMax":null,"Value":594},{"Length":28,"Height":21,"Demand":18,"DemandMax":null,"Value":588},{"Length":42,"Height":14,"Demand":16,"DemandMax":null,"Value":588},{"Length":34,"Height":17,"Demand":13,"DemandMax":null,"Value":578},{"Length":36,"Height":16,"Demand":15,"DemandMax":null,"Value":576},{"Length":38,"Height":15,"Demand":18,"DemandMax":null,"Value":570},{"Length":30,"Height":19,"Demand":14,"DemandMax":null,"Value":570},{"Length":52,"Height":10,"Demand":14,"DemandMax":null,"Value":520},{"Length":31,"Height":16,"Demand":17,"DemandMax":null,"Value":496},{"Length":30,"Height":16,"Demand":23,"DemandMax":null,"Value":480},{"Length":22,"Height":21,"Demand":15,"DemandMax":null,"Value":462},{"Length":27,"Height":17,"Demand":9,"DemandMax":null,"Value":459},{"Length":24,"Height":19,"Demand":14,"DemandMax":null,"Value":456},{"Length":32,"Height":14,"Demand":12,"DemandMax":null,"Value":448},{"Length":26,"Height":17,"Demand":14,"DemandMax":null,"Value":442},{"Length":28,"Height":15,"Demand":20,"DemandMax":null,"Value":420},{"Length":34,"Height":12,"Demand":17,"DemandMax":null,"Value":408},{"Length":20,"Height":19,"Demand":22,"DemandMax":null,"Value":380},{"Length":31,"Height":12,"Demand":15,"DemandMax":null,"Value":372},{"Length":19,"Height":19,"Demand":21,"DemandMax":null,"Value":361},{"Length":21,"Height":16,"Demand":21,"DemandMax":null,"Value":336},{"Length":29,"Height":11,"Demand":18,"DemandMax":null,"Value":319},{"Length":21,"Height":14,"Demand":11,"DemandMax":null,"Value":294},{"Length":17,"Height":17,"Demand":16,"DemandMax":null,"Value":289},{"Length":16,"Height":14,"Demand":10,"DemandMax":null,"Value":224},{"Length":18,"Height":10,"Demand":16,"DemandMax":null,"Value":180}]}