{"Name":"MB07_122","Objects":[{"Length":587,"Height":233,"Stock":null,"Cost":136771}],"Items":[{"Length":51,"Height":48,"Demand":25,"DemandMax":null,"Value":2448},{"Length":48,"Height":47,"Demand":20,"DemandMax":null,"Value":2256},{"Length":54,"Height":41,"Demand":21,"DemandMax":null,"Value":2214},{"Length":49,"Height":44,"Demand":14,"DemandMax":null,"Value":2156},{"Length":56,"Height":34,"Demand":14,"DemandMax":null,"Value":1904},{"Length":53,"Height":35,"Demand":16,"DemandMax":null,"Value":1855},{"Length":45,"Height":41,"Demand":26,"DemandMax":null,"Value":1845},{"Length":43,"Height":38,"Demand":17,"DemandMax":null,"Value":1634},{"Length":42,"Height":36,"Demand":14,"DemandMax":null,"Value":1512},{"Length":43,"Height":35,"Demand":17,"DemandMax":null,"Value":1505},{"Length":47,"Height":32,"Demand":13,"DemandMax":null,"Value":1504},{"Length":41,"Height":35,"Demand":16,"DemandMax":null,"Value":1435},{"Length":42,"Height":33,"Demand":19,"DemandMax":null,"Value":1386},{"Length":51,"Height":27,"Demand":23,"DemandMax":null,"Value":1377},{"Length":54,"Height":25,"Demand":18,"DemandMax":null,"Value":1350},{"Length":49,"Height":26,"Demand":20,"DemandMax":null,"Value":1274},{"Length":45,"Height":28,"Demand":17,"DemandMax":null,"Value":1260},{"Length":52,"Height":24,"Demand":25,"DemandMax":null,"Value":1248},{"Length":39,"Height":32,"Demand":13,"DemandMax":null,"Value":1248},{"Length":38,"Height":32,"Demand":16,"DemandMax":null,"Value":1216},{"Length":41,"Height":29,"Demand":12,"DemandMax":null,"Value":1189},{"Length":37,"Height":31,"Demand":14,"DemandMax":null,"Value":1147},{"Length":39,"Height":29,"Demand":16,"DemandMax":null,"Value":1131},{"Length":51,"Height":22,"Demand":16,"DemandMax":null,"Value":1122},{"Length":41,"Height":27,"Demand":20,"DemandMax":null,"Value":1107},{"Length":35,"Height":31,"Demand":24,"DemandMax":null,"Value":1085},{"Length":38,"Height":28,"Demand":13,"DemandMax":null,"Value":1064},{"Length":32,"Height":31,"Demand":22,"DemandMax":null,"Value":992},{"Length":35,"Height":28,"Demand":22,"DemandMax":null,"Value":980},{"Length":36,"Height":27,"Demand":18,"DemandMax":null,"Value":972},{"Length":48,"Height":20,"Demand":16,"DemandMax":null,"Value":960},{"Length":35,"Height":27,"Demand":18,"DemandMax":null,"Value":945},{"Length":45,"Height":21,"Demand":17,"DemandMax":null,"Value":945},{"Length":39,"Height":23,"Demand":20,"DemandMax":null,"Value":897},{"Length":38,"Height":23,"Demand":19,"DemandMax":null,"Value":874},{"Length":32,"Height":27,"Demand":23,"DemandMax":null,"Value":864},{"Length":38,"Height":22,"Demand":15,"DemandMax":null,"Value":836},{"Length":35,"Height":23,"Demand":18,"DemandMax":null,"Value":805},{"Length":51,"Height":15,"Demand":19,"DemandMax":null,"Value":765},{"Length":44,"Height":17,"Demand":18,"DemandMax":null,"Value":748},{"Length":57,"Height":13,"Demand":26,"DemandMax":null,"Value":741},{"Length":35,"Height":21,"Demand":16,"DemandMax":null,"Value":735},{"Length":40,"Height":18,"Demand":11,"DemandMax":null,"Value":720},{"Length":30,"Height":24,"Demand":16,"DemandMax":null,"Value":720},{"Length":48,"Height":15,"Demand":12,"DemandMax":null,"Value":720},{"Length":55,"Height":13,"Demand":22,"DemandMax":null,"Value":715},{"Length":59,"Height":12,"Demand":15,"DemandMax":null,"Value":708},{"Length":28,"Height":25,"Demand":25,"DemandMax":null,"Value":700},{"Length":30,"Height":23,"Demand":25,"DemandMax":null,"Value":690},{"Length":30,"Height":22,"Demand":21,"DemandMax":null,"Value":660},{"Length":36,"Height":18,"Demand":15,"DemandMax":null,"Value":648},{"Length":38,"Height":17,"Demand":20,"DemandMax":null,"Value":646},{"Length":36,"Height":16,"Demand":17,"DemandMax":null,"Value":576},{"Length":25,"Height":23,"Demand":22,"DemandMax":null,"Value":575},{"Length":31,"Height":18,"Demand":12,"DemandMax":null,"Value":558},{"Length":32,"Height":16,"Demand":21,"DemandMax":null,"Value":512},{"Length":24,"Height":21,"Demand":17,"DemandMax":null,"Value":504},{"Length":25,"Height":20,"Demand":21,"DemandMax":null,"Value":500},{"Length":33,"Height":15,"Demand":23,"DemandMax":null,"Value":495},{"Length":49,"Height":10,"Demand":20,"DemandMax":null,"Value":490},{"Length":39,"Height":12,"Demand":17,"DemandMax":null,"Value":468},{"Length":31,"Height":15,"Demand":16,"DemandMax":null,"Value":465},{"Length":33,"Height":14,"Demand":17,"DemandMax":null,"Value":462},{"Length":22,"Height":21,"Demand":22,"DemandMax":null,"Value":462},{"Length":24,"Height":18,"Demand":25,"DemandMax":null,"Value":432},{"Length":33,"Height":13,"Demand":17,"DemandMax":null,"Value":429},{"Length":21,"Height":20,"Demand":15,"DemandMax":null,"Value":420},{"Length":32,"Height":13,"Demand":16,"DemandMax":null,"Value":416},{"Length":25,"Height":16,"Demand":22,"DemandMax":null,"Value":400},{"Length":35,"Height":11,"Demand":16,"DemandMax":null,"Value":385},{"Length":23,"Height":16,"Demand":17,"DemandMax":null,"Value":368},{"Length":24,"Height":15,"Demand":16,"DemandMax":null,"Value":360},{"Length":19,"Height":18,"Demand":11,"DemandMax":null,"Value":342},{"Length":21,"Height":16,"Demand":21,"DemandMax":null,"Value":336},{"Length":24,"Height":14,"Demand":17,"DemandMax":null,"Value":336},{"Length":25,"Height":13,"Demand":20,"DemandMax":null,"Value":325},{"Length":23,"Height":11,"Demand":17,"DemandMax":null,"Value":253},{"Length":12,"Height":10,"Demand":19,"DemandMax":null,"Value":120}]}