{"Name":"MB09_066","Objects":[{"Length":432,"Height":79,"Stock":null,"Cost":34128}],"Items":[{"Length":43,"Height":42,"Demand":68,"DemandMax":null,"Value":1806},{"Length":37,"Height":37,"Demand":89,"DemandMax":null,"Value":1369},{"Length":36,"Height":33,"Demand":84,"DemandMax":null,"Value":1188},{"Length":40,"Height":28,"Demand":93,"DemandMax":null,"Value":1120},{"Length":44,"Height":25,"Demand":89,"DemandMax":null,"Value":1100},{"Length":35,"Height":30,"Demand":92,"DemandMax":null,"Value":1050},{"Length":55,"Height":19,"Demand":73,"DemandMax":null,"Value":1045},{"Length":40,"Height":22,"Demand":94,"DemandMax":null,"Value":880},{"Length":42,"Height":19,"Demand":84,"DemandMax":null,"Value":798},{"Length":39,"Height":20,"Demand":71,"DemandMax":null,"Value":780},{"Length":31,"Height":23,"Demand":84,"DemandMax":null,"Value":713},{"Length":35,"Height":18,"Demand":72,"DemandMax":null,"Value":630},{"Length":25,"Height":25,"Demand":80,"DemandMax":null,"Value":625},{"Length":26,"Height":22,"Demand":96,"DemandMax":null,"Value":572},{"Length":34,"Height":16,"Demand":93,"DemandMax":null,"Value":544},{"Length":34,"Height":13,"Demand":81,"DemandMax":null,"Value":442},{"Length":29,"Height":15,"Demand":87,"DemandMax":null,"Value":435},{"Length":22,"Height":17,"Demand":92,"DemandMax":null,"Value":374},{"Length":29,"Height":11,"Demand":100,"DemandMax":null,"Value":319},{"Length":16,"Height":10,"Demand":103,"DemandMax":null,"Value":160}]}