{"Name":"MB10_048","Objects":[{"Length":432,"Height":79,"Stock":null,"Cost":34128}],"Items":[{"Length":60,"Height":46,"Demand":19,"DemandMax":null,"Value":2760},{"Length":56,"Height":45,"Demand":9,"DemandMax":null,"Value":2520},{"Length":54,"Height":36,"Demand":15,"DemandMax":null,"Value":1944},{"Length":46,"Height":42,"Demand":12,"DemandMax":null,"Value":1932},{"Length":53,"Height":35,"Demand":14,"DemandMax":null,"Value":1855},{"Length":44,"Height":42,"Demand":11,"DemandMax":null,"Value":1848},{"Length":54,"Height":34,"Demand":14,"DemandMax":null,"Value":1836},{"Length":52,"Height":35,"Demand":13,"DemandMax":null,"Value":1820},{"Length":45,"Height":37,"Demand":11,"DemandMax":null,"Value":1665},{"Length":46,"Height":36,"Demand":12,"DemandMax":null,"Value":1656},{"Length":50,"Height":33,"Demand":16,"DemandMax":null,"Value":1650},{"Length":48,"Height":34,"Demand":15,"DemandMax":null,"Value":1632},{"Length":56,"Height":28,"Demand":31,"DemandMax":null,"Value":1568},{"Length":49,"Height":32,"Demand":16,"DemandMax":null,"Value":1568},{"Length":44,"Height":35,"Demand":15,"DemandMax":null,"Value":1540},{"Length":39,"Height":36,"Demand":8,"DemandMax":null,"Value":1404},{"Length":46,"Height":30,"Demand":15,"DemandMax":null,"Value":1380},{"Length":39,"Height":34,"Demand":12,"DemandMax":null,"Value":1326},{"Length":42,"Height":31,"Demand":13,"DemandMax":null,"Value":1302},{"Length":43,"Height":30,"Demand":8,"DemandMax":null,"Value":1290},{"Length":39,"Height":33,"Demand":11,"DemandMax":null,"Value":1287},{"Length":39,"Height":32,"Demand":13,"DemandMax":null,"Value":1248},{"Length":48,"Height":26,"Demand":6,"DemandMax":null,"Value":1248},{"Length":40,"Height":31,"Demand":15,"DemandMax":null,"Value":1240},{"Length":41,"Height":30,"Demand":12,"DemandMax":null,"Value":1230},{"Length":50,"Height":24,"Demand":11,"DemandMax":null,"Value":1200},{"Length":51,"Height":23,"Demand":13,"DemandMax":null,"Value":1173},{"Length":55,"Height":21,"Demand":13,"DemandMax":null,"Value":1155},{"Length":50,"Height":22,"Demand":14,"DemandMax":null,"Value":1100},{"Length":52,"Height":21,"Demand":18,"DemandMax":null,"Value":1092},{"Length":36,"Height":30,"Demand":10,"DemandMax":null,"Value":1080},{"Length":49,"Height":22,"Demand":13,"DemandMax":null,"Value":1078},{"Length":33,"Height":32,"Demand":18,"DemandMax":null,"Value":1056},{"Length":39,"Height":27,"Demand":15,"DemandMax":null,"Value":1053},{"Length":40,"Height":26,"Demand":9,"DemandMax":null,"Value":1040},{"Length":37,"Height":28,"Demand":17,"DemandMax":null,"Value":1036},{"Length":38,"Height":27,"Demand":11,"DemandMax":null,"Value":1026},{"Length":34,"Height":30,"Demand":14,"DemandMax":null,"Value":1020},{"Length":39,"Height":26,"Demand":18,"DemandMax":null,"Value":1014},{"Length":46,"Height":22,"Demand":16,"DemandMax":null,"Value":1012},{"Length":44,"Height":23,"Demand":11,"DemandMax":null,"Value":1012},{"Length":37,"Height":27,"Demand":12,"DemandMax":null,"Value":999},{"Length":57,"Height":17,"Demand":11,"DemandMax":null,"Value":969},{"Length":38,"Height":25,"Demand":13,"DemandMax":null,"Value":950},{"Length":39,"Height":24,"Demand":18,"DemandMax":null,"Value":936},{"Length":37,"Height":25,"Demand":12,"DemandMax":null,"Value":925},{"Length":53,"Height":17,"Demand":11,"DemandMax":null,"Value":901},{"Length":36,"Height":25,"Demand":15,"DemandMax":null,"Value":900},{"Length":45,"Height":20,"Demand":22,"DemandMax":null,"Value":900},{"Length":52,"Height":17,"Demand":14,"DemandMax":null,"Value":884},{"Length":40,"Height":22,"Demand":11,"DemandMax":null,"Value":880},{"Length":31,"Height":28,"Demand":11,"DemandMax":null,"Value":868},{"Length":36,"Height":24,"Demand":6,"DemandMax":null,"Value":864},{"Length":48,"Height":18,"Demand":8,"DemandMax":null,"Value":864},{"Length":34,"Height":25,"Demand":16,"DemandMax":null,"Value":850},{"Length":32,"Height":26,"Demand":13,"DemandMax":null,"Value":832},{"Length":55,"Height":15,"Demand":13,"DemandMax":null,"Value":825},{"Length":39,"Height":21,"Demand":5,"DemandMax":null,"Value":819},{"Length":51,"Height":16,"Demand":12,"DemandMax":null,"Value":816},{"Length":45,"Height":18,"Demand":16,"DemandMax":null,"Value":810},{"Length":32,"Height":25,"Demand":14,"DemandMax":null,"Value":800},{"Length":36,"Height":22,"Demand":9,"DemandMax":null,"Value":792},{"Length":44,"Height":18,"Demand":13,"DemandMax":null,"Value":792},{"Length":32,"Height":24,"Demand":12,"DemandMax":null,"Value":768},{"Length":37,"Height":20,"Demand":15,"DemandMax":null,"Value":740},{"Length":27,"Height":27,"Demand":15,"DemandMax":null,"Value":729},{"Length":37,"Height":19,"Demand":9,"DemandMax":null,"Value":703},{"Length":35,"Height":20,"Demand":9,"DemandMax":null,"Value":700},{"Length":37,"Height":18,"Demand":14,"DemandMax":null,"Value":666},{"Length":39,"Height":17,"Demand":8,"DemandMax":null,"Value":663},{"Length":47,"Height":14,"Demand":13,"DemandMax":null,"Value":658},{"Length":36,"Height":18,"Demand":5,"DemandMax":null,"Value":648},{"Length":34,"Height":19,"Demand":15,"DemandMax":null,"Value":646},{"Length":57,"Height":11,"Demand":10,"DemandMax":null,"Value":627},{"Length":33,"Height":19,"Demand":10,"DemandMax":null,"Value":627},{"Length":28,"Height":22,"Demand":12,"DemandMax":null,"Value":616},{"Length":39,"Height":15,"Demand":13,"DemandMax":null,"Value":585},{"Length":58,"Height":10,"Demand":16,"DemandMax":null,"Value":580},{"Length":48,"Height":12,"Demand":20,"DemandMax":null,"Value":576},{"Length":26,"Height":22,"Demand":14,"DemandMax":null,"Value":572},{"Length":43,"Height":13,"Demand":19,"DemandMax":null,"Value":559},{"Length":32,"Height":17,"Demand":13,"DemandMax":null,"Value":544},{"Length":30,"Height":18,"Demand":11,"DemandMax":null,"Value":540},{"Length":24,"Height":22,"Demand":13,"DemandMax":null,"Value":528},{"Length":33,"Height":16,"Demand":7,"DemandMax":null,"Value":528},{"Length":29,"Height":18,"Demand":11,"DemandMax":null,"Value":522},{"Length":25,"Height":20,"Demand":9,"DemandMax":null,"Value":500},{"Length":26,"Height":19,"Demand":15,"DemandMax":null,"Value":494},{"Length":40,"Height":12,"Demand":12,"DemandMax":null,"Value":480},{"Length":36,"Height":13,"Demand":6,"DemandMax":null,"Value":468},{"Length":29,"Height":16,"Demand":17,"DemandMax":null,"Value":464},{"Length":24,"Height":19,"Demand":12,"DemandMax":null,"Value":456},{"Length":30,"Height":15,"Demand":11,"DemandMax":null,"Value":450},{"Length":28,"Height":16,"Demand":7,"DemandMax":null,"Value":448},{"Length":37,"Height":12,"Demand":13,"DemandMax":null,"Value":444},{"Length":44,"Height":10,"Demand":10,"DemandMax":null,"Value":440},{"Length":39,"Height":11,"Demand":15,"DemandMax":null,"Value":429},{"Length":25,"Height":17,"Demand":12,"DemandMax":null,"Value":425},{"Length":25,"Height":16,"Demand":13,"DemandMax":null,"Value":400},{"Length":26,"Height":15,"Demand":10,"DemandMax":null,"Value":390},{"Length":29,"Height":13,"Demand":6,"DemandMax":null,"Value":377},{"Length":25,"Height":15,"Demand":13,"DemandMax":null,"Value":375},{"Length":22,"Height":16,"Demand":13,"DemandMax":null,"Value":352},{"Length":22,"Height":15,"Demand":18,"DemandMax":null,"Value":330},{"Length":21,"Height":15,"Demand":11,"DemandMax":null,"Value":315},{"Length":31,"Height":10,"Demand":13,"DemandMax":null,"Value":310},{"Length":18,"Height":17,"Demand":15,"DemandMax":null,"Value":306},{"Length":19,"Height":15,"Demand":18,"DemandMax":null,"Value":285},{"Length":26,"Height":10,"Demand":13,"DemandMax":null,"Value":260},{"Length":15,"Height":15,"Demand":14,"DemandMax":null,"Value":225},{"Length":16,"Height":14,"Demand":12,"DemandMax":null,"Value":224},{"Length":17,"Height":13,"Demand":16,"DemandMax":null,"Value":221},{"Length":16,"Height":13,"Demand":11,"DemandMax":null,"Value":208},{"Length":13,"Height":11,"Demand":18,"DemandMax":null,"Value":143}]}