{"Name":"MB08_123","Objects":[{"Length":587,"Height":233,"Stock":null,"Cost":136771}],"Items":[{"Length":59,"Height":47,"Demand":3,"DemandMax":null,"Value":2773},{"Length":59,"Height":46,"Demand":4,"DemandMax":null,"Value":2714},{"Length":57,"Height":47,"Demand":6,"DemandMax":null,"Value":2679},{"Length":60,"Height":44,"Demand":1,"DemandMax":null,"Value":2640},{"Length":53,"Height":49,"Demand":1,"DemandMax":null,"Value":2597},{"Length":56,"Height":46,"Demand":1,"DemandMax":null,"Value":2576},{"Length":57,"Height":45,"Demand":1,"DemandMax":null,"Value":2565},{"Length":58,"Height":44,"Demand":3,"DemandMax":null,"Value":2552},{"Length":53,"Height":48,"Demand":2,"DemandMax":null,"Value":2544},{"Length":56,"Height":44,"Demand":1,"DemandMax":null,"Value":2464},{"Length":50,"Height":49,"Demand":1,"DemandMax":null,"Value":2450},{"Length":54,"Height":45,"Demand":2,"DemandMax":null,"Value":2430},{"Length":50,"Height":48,"Demand":1,"DemandMax":null,"Value":2400},{"Length":57,"Height":42,"Demand":3,"DemandMax":null,"Value":2394},{"Length":52,"Height":46,"Demand":1,"DemandMax":null,"Value":2392},{"Length":59,"Height":40,"Demand":2,"DemandMax":null,"Value":2360},{"Length":50,"Height":47,"Demand":2,"DemandMax":null,"Value":2350},{"Length":51,"Height":46,"Demand":1,"DemandMax":null,"Value":2346},{"Length":58,"Height":40,"Demand":4,"DemandMax":null,"Value":2320},{"Length":55,"Height":42,"Demand":2,"DemandMax":null,"Value":2310},{"Length":53,"Height":43,"Demand":2,"DemandMax":null,"Value":2279},{"Length":58,"Height":39,"Demand":1,"DemandMax":null,"Value":2262},{"Length":51,"Height":44,"Demand":1,"DemandMax":null,"Value":2244},{"Length":59,"Height":38,"Demand":1,"DemandMax":null,"Value":2242},{"Length":57,"Height":38,"Demand":2,"DemandMax":null,"Value":2166},{"Length":49,"Height":44,"Demand":1,"DemandMax":null,"Value":2156},{"Length":50,"Height":43,"Demand":2,"DemandMax":null,"Value":2150},{"Length":51,"Height":42,"Demand":3,"DemandMax":null,"Value":2142},{"Length":59,"Height":36,"Demand":1,"DemandMax":null,"Value":2124},{"Length":53,"Height":40,"Demand":2,"DemandMax":null,"Value":2120},{"Length":54,"Height":39,"Demand":1,"DemandMax":null,"Value":2106},{"Length":46,"Height":45,"Demand":3,"DemandMax":null,"Value":2070},{"Length":59,"Height":35,"Demand":1,"DemandMax":null,"Value":2065},{"Length":49,"Height":42,"Demand":4,"DemandMax":null,"Value":2058},{"Length":54,"Height":38,"Demand":2,"DemandMax":null,"Value":2052},{"Length":46,"Height":44,"Demand":2,"DemandMax":null,"Value":2024},{"Length":57,"Height":35,"Demand":2,"DemandMax":null,"Value":1995},{"Length":51,"Height":39,"Demand":3,"DemandMax":null,"Value":1989},{"Length":45,"Height":44,"Demand":2,"DemandMax":null,"Value":1980},{"Length":47,"Height":42,"Demand":4,"DemandMax":null,"Value":1974},{"Length":56,"Height":35,"Demand":1,"DemandMax":null,"Value":1960},{"Length":54,"Height":36,"Demand":3,"DemandMax":null,"Value":1944},{"Length":52,"Height":37,"Demand":3,"DemandMax":null,"Value":1924},{"Length":49,"Height":39,"Demand":2,"DemandMax":null,"Value":1911},{"Length":53,"Height":36,"Demand":2,"DemandMax":null,"Value":1908},{"Length":56,"Height":34,"Demand":3,"DemandMax":null,"Value":1904},{"Length":44,"Height":43,"Demand":3,"DemandMax":null,"Value":1892},{"Length":46,"Height":41,"Demand":5,"DemandMax":null,"Value":1886},{"Length":58,"Height":32,"Demand":4,"DemandMax":null,"Value":1856},{"Length":53,"Height":35,"Demand":3,"DemandMax":null,"Value":1855},{"Length":50,"Height":37,"Demand":3,"DemandMax":null,"Value":1850},{"Length":54,"Height":34,"Demand":3,"DemandMax":null,"Value":1836},{"Length":57,"Height":32,"Demand":3,"DemandMax":null,"Value":1824},{"Length":48,"Height":38,"Demand":2,"DemandMax":null,"Value":1824},{"Length":55,"Height":33,"Demand":1,"DemandMax":null,"Value":1815},{"Length":49,"Height":37,"Demand":2,"DemandMax":null,"Value":1813},{"Length":50,"Height":36,"Demand":2,"DemandMax":null,"Value":1800},{"Length":60,"Height":30,"Demand":2,"DemandMax":null,"Value":1800},{"Length":46,"Height":39,"Demand":3,"DemandMax":null,"Value":1794},{"Length":51,"Height":35,"Demand":2,"DemandMax":null,"Value":1785},{"Length":52,"Height":34,"Demand":3,"DemandMax":null,"Value":1768},{"Length":49,"Height":36,"Demand":1,"DemandMax":null,"Value":1764},{"Length":46,"Height":38,"Demand":1,"DemandMax":null,"Value":1748},{"Length":56,"Height":31,"Demand":2,"DemandMax":null,"Value":1736},{"Length":54,"Height":32,"Demand":2,"DemandMax":null,"Value":1728},{"Length":48,"Height":36,"Demand":2,"DemandMax":null,"Value":1728},{"Length":43,"Height":40,"Demand":1,"DemandMax":null,"Value":1720},{"Length":52,"Height":33,"Demand":3,"DemandMax":null,"Value":1716},{"Length":44,"Height":39,"Demand":3,"DemandMax":null,"Value":1716},{"Length":49,"Height":35,"Demand":3,"DemandMax":null,"Value":1715},{"Length":50,"Height":34,"Demand":1,"DemandMax":null,"Value":1700},{"Length":47,"Height":36,"Demand":2,"DemandMax":null,"Value":1692},{"Length":51,"Height":33,"Demand":1,"DemandMax":null,"Value":1683},{"Length":42,"Height":40,"Demand":4,"DemandMax":null,"Value":1680},{"Length":56,"Height":30,"Demand":3,"DemandMax":null,"Value":1680},{"Length":43,"Height":39,"Demand":4,"DemandMax":null,"Value":1677},{"Length":52,"Height":32,"Demand":2,"DemandMax":null,"Value":1664},{"Length":46,"Height":36,"Demand":2,"DemandMax":null,"Value":1656},{"Length":57,"Height":29,"Demand":2,"DemandMax":null,"Value":1653},{"Length":41,"Height":40,"Demand":1,"DemandMax":null,"Value":1640},{"Length":42,"Height":39,"Demand":4,"DemandMax":null,"Value":1638},{"Length":43,"Height":38,"Demand":2,"DemandMax":null,"Value":1634},{"Length":58,"Height":28,"Demand":4,"DemandMax":null,"Value":1624},{"Length":60,"Height":27,"Demand":2,"DemandMax":null,"Value":1620},{"Length":50,"Height":32,"Demand":2,"DemandMax":null,"Value":1600},{"Length":47,"Height":34,"Demand":3,"DemandMax":null,"Value":1598},{"Length":55,"Height":29,"Demand":1,"DemandMax":null,"Value":1595},{"Length":43,"Height":37,"Demand":4,"DemandMax":null,"Value":1591},{"Length":44,"Height":36,"Demand":1,"DemandMax":null,"Value":1584},{"Length":49,"Height":32,"Demand":2,"DemandMax":null,"Value":1568},{"Length":54,"Height":29,"Demand":3,"DemandMax":null,"Value":1566},{"Length":41,"Height":38,"Demand":2,"DemandMax":null,"Value":1558},{"Length":42,"Height":37,"Demand":2,"DemandMax":null,"Value":1554},{"Length":47,"Height":33,"Demand":1,"DemandMax":null,"Value":1551},{"Length":50,"Height":31,"Demand":3,"DemandMax":null,"Value":1550},{"Length":43,"Height":36,"Demand":2,"DemandMax":null,"Value":1548},{"Length":44,"Height":35,"Demand":4,"DemandMax":null,"Value":1540},{"Length":53,"Height":29,"Demand":2,"DemandMax":null,"Value":1537},{"Length":59,"Height":26,"Demand":1,"DemandMax":null,"Value":1534},{"Length":51,"Height":30,"Demand":3,"DemandMax":null,"Value":1530},{"Length":49,"Height":31,"Demand":2,"DemandMax":null,"Value":1519},{"Length":41,"Height":37,"Demand":1,"DemandMax":null,"Value":1517},{"Length":43,"Height":35,"Demand":3,"DemandMax":null,"Value":1505},{"Length":55,"Height":27,"Demand":2,"DemandMax":null,"Value":1485},{"Length":53,"Height":28,"Demand":1,"DemandMax":null,"Value":1484},{"Length":40,"Height":37,"Demand":3,"DemandMax":null,"Value":1480},{"Length":51,"Height":29,"Demand":2,"DemandMax":null,"Value":1479},{"Length":41,"Height":36,"Demand":3,"DemandMax":null,"Value":1476},{"Length":46,"Height":32,"Demand":1,"DemandMax":null,"Value":1472},{"Length":42,"Height":35,"Demand":1,"DemandMax":null,"Value":1470},{"Length":49,"Height":30,"Demand":3,"DemandMax":null,"Value":1470},{"Length":43,"Height":34,"Demand":2,"DemandMax":null,"Value":1462},{"Length":47,"Height":31,"Demand":1,"DemandMax":null,"Value":1457},{"Length":52,"Height":28,"Demand":1,"DemandMax":null,"Value":1456},{"Length":50,"Height":29,"Demand":4,"DemandMax":null,"Value":1450},{"Length":39,"Height":37,"Demand":4,"DemandMax":null,"Value":1443},{"Length":60,"Height":24,"Demand":3,"DemandMax":null,"Value":1440},{"Length":55,"Height":26,"Demand":2,"DemandMax":null,"Value":1430},{"Length":46,"Height":31,"Demand":2,"DemandMax":null,"Value":1426},{"Length":57,"Height":25,"Demand":1,"DemandMax":null,"Value":1425},{"Length":49,"Height":29,"Demand":3,"DemandMax":null,"Value":1421},{"Length":44,"Height":32,"Demand":3,"DemandMax":null,"Value":1408},{"Length":38,"Height":37,"Demand":3,"DemandMax":null,"Value":1406},{"Length":54,"Height":26,"Demand":6,"DemandMax":null,"Value":1404},{"Length":39,"Height":36,"Demand":2,"DemandMax":null,"Value":1404},{"Length":40,"Height":35,"Demand":2,"DemandMax":null,"Value":1400},{"Length":45,"Height":31,"Demand":2,"DemandMax":null,"Value":1395},{"Length":48,"Height":29,"Demand":1,"DemandMax":null,"Value":1392},{"Length":58,"Height":24,"Demand":2,"DemandMax":null,"Value":1392},{"Length":42,"Height":33,"Demand":2,"DemandMax":null,"Value":1386},{"Length":46,"Height":30,"Demand":1,"DemandMax":null,"Value":1380},{"Length":43,"Height":32,"Demand":1,"DemandMax":null,"Value":1376},{"Length":49,"Height":28,"Demand":3,"DemandMax":null,"Value":1372},{"Length":37,"Height":37,"Demand":5,"DemandMax":null,"Value":1369},{"Length":39,"Height":35,"Demand":2,"DemandMax":null,"Value":1365},{"Length":44,"Height":31,"Demand":2,"DemandMax":null,"Value":1364},{"Length":47,"Height":29,"Demand":2,"DemandMax":null,"Value":1363},{"Length":59,"Height":23,"Demand":4,"DemandMax":null,"Value":1357},{"Length":50,"Height":27,"Demand":3,"DemandMax":null,"Value":1350},{"Length":45,"Height":30,"Demand":1,"DemandMax":null,"Value":1350},{"Length":56,"Height":24,"Demand":1,"DemandMax":null,"Value":1344},{"Length":43,"Height":31,"Demand":2,"DemandMax":null,"Value":1333},{"Length":37,"Height":36,"Demand":4,"DemandMax":null,"Value":1332},{"Length":49,"Height":27,"Demand":3,"DemandMax":null,"Value":1323},{"Length":40,"Height":33,"Demand":3,"DemandMax":null,"Value":1320},{"Length":60,"Height":22,"Demand":2,"DemandMax":null,"Value":1320},{"Length":47,"Height":28,"Demand":1,"DemandMax":null,"Value":1316},{"Length":41,"Height":32,"Demand":1,"DemandMax":null,"Value":1312},{"Length":45,"Height":29,"Demand":1,"DemandMax":null,"Value":1305},{"Length":50,"Height":26,"Demand":2,"DemandMax":null,"Value":1300},{"Length":52,"Height":25,"Demand":3,"DemandMax":null,"Value":1300},{"Length":36,"Height":36,"Demand":2,"DemandMax":null,"Value":1296},{"Length":48,"Height":27,"Demand":1,"DemandMax":null,"Value":1296},{"Length":37,"Height":35,"Demand":5,"DemandMax":null,"Value":1295},{"Length":40,"Height":32,"Demand":1,"DemandMax":null,"Value":1280},{"Length":44,"Height":29,"Demand":3,"DemandMax":null,"Value":1276},{"Length":49,"Height":26,"Demand":1,"DemandMax":null,"Value":1274},{"Length":53,"Height":24,"Demand":2,"DemandMax":null,"Value":1272},{"Length":41,"Height":31,"Demand":2,"DemandMax":null,"Value":1271},{"Length":42,"Height":30,"Demand":1,"DemandMax":null,"Value":1260},{"Length":38,"Height":33,"Demand":1,"DemandMax":null,"Value":1254},{"Length":39,"Height":32,"Demand":3,"DemandMax":null,"Value":1248},{"Length":48,"Height":26,"Demand":3,"DemandMax":null,"Value":1248},{"Length":43,"Height":29,"Demand":3,"DemandMax":null,"Value":1247},{"Length":46,"Height":27,"Demand":1,"DemandMax":null,"Value":1242},{"Length":40,"Height":31,"Demand":2,"DemandMax":null,"Value":1240},{"Length":44,"Height":28,"Demand":3,"DemandMax":null,"Value":1232},{"Length":35,"Height":35,"Demand":3,"DemandMax":null,"Value":1225},{"Length":51,"Height":24,"Demand":5,"DemandMax":null,"Value":1224},{"Length":36,"Height":34,"Demand":1,"DemandMax":null,"Value":1224},{"Length":58,"Height":21,"Demand":1,"DemandMax":null,"Value":1218},{"Length":38,"Height":32,"Demand":1,"DemandMax":null,"Value":1216},{"Length":39,"Height":31,"Demand":2,"DemandMax":null,"Value":1209},{"Length":50,"Height":24,"Demand":2,"DemandMax":null,"Value":1200},{"Length":46,"Height":26,"Demand":2,"DemandMax":null,"Value":1196},{"Length":35,"Height":34,"Demand":2,"DemandMax":null,"Value":1190},{"Length":36,"Height":33,"Demand":3,"DemandMax":null,"Value":1188},{"Length":44,"Height":27,"Demand":3,"DemandMax":null,"Value":1188},{"Length":56,"Height":21,"Demand":2,"DemandMax":null,"Value":1176},{"Length":47,"Height":25,"Demand":2,"DemandMax":null,"Value":1175},{"Length":45,"Height":26,"Demand":3,"DemandMax":null,"Value":1170},{"Length":40,"Height":29,"Demand":2,"DemandMax":null,"Value":1160},{"Length":35,"Height":33,"Demand":2,"DemandMax":null,"Value":1155},{"Length":36,"Height":32,"Demand":1,"DemandMax":null,"Value":1152},{"Length":37,"Height":31,"Demand":2,"DemandMax":null,"Value":1147},{"Length":38,"Height":30,"Demand":3,"DemandMax":null,"Value":1140},{"Length":47,"Height":24,"Demand":1,"DemandMax":null,"Value":1128},{"Length":45,"Height":25,"Demand":4,"DemandMax":null,"Value":1125},{"Length":40,"Height":28,"Demand":6,"DemandMax":null,"Value":1120},{"Length":56,"Height":20,"Demand":2,"DemandMax":null,"Value":1120},{"Length":36,"Height":31,"Demand":5,"DemandMax":null,"Value":1116},{"Length":41,"Height":27,"Demand":2,"DemandMax":null,"Value":1107},{"Length":48,"Height":23,"Demand":1,"DemandMax":null,"Value":1104},{"Length":38,"Height":29,"Demand":1,"DemandMax":null,"Value":1102},{"Length":50,"Height":22,"Demand":2,"DemandMax":null,"Value":1100},{"Length":39,"Height":28,"Demand":3,"DemandMax":null,"Value":1092},{"Length":52,"Height":21,"Demand":1,"DemandMax":null,"Value":1092},{"Length":33,"Height":33,"Demand":5,"DemandMax":null,"Value":1089},{"Length":34,"Height":32,"Demand":3,"DemandMax":null,"Value":1088},{"Length":35,"Height":31,"Demand":2,"DemandMax":null,"Value":1085},{"Length":47,"Height":23,"Demand":2,"DemandMax":null,"Value":1081},{"Length":36,"Height":30,"Demand":4,"DemandMax":null,"Value":1080},{"Length":45,"Height":24,"Demand":1,"DemandMax":null,"Value":1080},{"Length":49,"Height":22,"Demand":1,"DemandMax":null,"Value":1078},{"Length":43,"Height":25,"Demand":4,"DemandMax":null,"Value":1075},{"Length":37,"Height":29,"Demand":2,"DemandMax":null,"Value":1073},{"Length":59,"Height":18,"Demand":2,"DemandMax":null,"Value":1062},{"Length":48,"Height":22,"Demand":3,"DemandMax":null,"Value":1056},{"Length":33,"Height":32,"Demand":2,"DemandMax":null,"Value":1056},{"Length":34,"Height":31,"Demand":3,"DemandMax":null,"Value":1054},{"Length":35,"Height":30,"Demand":1,"DemandMax":null,"Value":1050},{"Length":58,"Height":18,"Demand":2,"DemandMax":null,"Value":1044},{"Length":37,"Height":28,"Demand":2,"DemandMax":null,"Value":1036},{"Length":41,"Height":25,"Demand":2,"DemandMax":null,"Value":1025},{"Length":33,"Height":31,"Demand":2,"DemandMax":null,"Value":1023},{"Length":34,"Height":30,"Demand":3,"DemandMax":null,"Value":1020},{"Length":39,"Height":26,"Demand":2,"DemandMax":null,"Value":1014},{"Length":44,"Height":23,"Demand":2,"DemandMax":null,"Value":1012},{"Length":46,"Height":22,"Demand":3,"DemandMax":null,"Value":1012},{"Length":36,"Height":28,"Demand":1,"DemandMax":null,"Value":1008},{"Length":48,"Height":21,"Demand":3,"DemandMax":null,"Value":1008},{"Length":42,"Height":24,"Demand":1,"DemandMax":null,"Value":1008},{"Length":40,"Height":25,"Demand":2,"DemandMax":null,"Value":1000},{"Length":50,"Height":20,"Demand":3,"DemandMax":null,"Value":1000},{"Length":37,"Height":27,"Demand":1,"DemandMax":null,"Value":999},{"Length":32,"Height":31,"Demand":2,"DemandMax":null,"Value":992},{"Length":45,"Height":22,"Demand":1,"DemandMax":null,"Value":990},{"Length":33,"Height":30,"Demand":3,"DemandMax":null,"Value":990},{"Length":43,"Height":23,"Demand":3,"DemandMax":null,"Value":989},{"Length":38,"Height":26,"Demand":1,"DemandMax":null,"Value":988},{"Length":47,"Height":21,"Demand":6,"DemandMax":null,"Value":987},{"Length":34,"Height":29,"Demand":1,"DemandMax":null,"Value":986},{"Length":35,"Height":28,"Demand":8,"DemandMax":null,"Value":980},{"Length":49,"Height":20,"Demand":11,"DemandMax":null,"Value":980},{"Length":54,"Height":18,"Demand":6,"DemandMax":null,"Value":972},{"Length":42,"Height":23,"Demand":5,"DemandMax":null,"Value":966},{"Length":46,"Height":21,"Demand":4,"DemandMax":null,"Value":966},{"Length":37,"Height":26,"Demand":2,"DemandMax":null,"Value":962},{"Length":31,"Height":31,"Demand":1,"DemandMax":null,"Value":961},{"Length":48,"Height":20,"Demand":3,"DemandMax":null,"Value":960},{"Length":32,"Height":30,"Demand":2,"DemandMax":null,"Value":960},{"Length":33,"Height":29,"Demand":2,"DemandMax":null,"Value":957},{"Length":34,"Height":28,"Demand":4,"DemandMax":null,"Value":952},{"Length":38,"Height":25,"Demand":2,"DemandMax":null,"Value":950},{"Length":50,"Height":19,"Demand":4,"DemandMax":null,"Value":950},{"Length":35,"Height":27,"Demand":3,"DemandMax":null,"Value":945},{"Length":45,"Height":21,"Demand":1,"DemandMax":null,"Value":945},{"Length":36,"Height":26,"Demand":4,"DemandMax":null,"Value":936},{"Length":39,"Height":24,"Demand":1,"DemandMax":null,"Value":936},{"Length":49,"Height":19,"Demand":2,"DemandMax":null,"Value":931},{"Length":31,"Height":30,"Demand":2,"DemandMax":null,"Value":930},{"Length":37,"Height":25,"Demand":3,"DemandMax":null,"Value":925},{"Length":33,"Height":28,"Demand":4,"DemandMax":null,"Value":924},{"Length":42,"Height":22,"Demand":2,"DemandMax":null,"Value":924},{"Length":46,"Height":20,"Demand":4,"DemandMax":null,"Value":920},{"Length":51,"Height":18,"Demand":1,"DemandMax":null,"Value":918},{"Length":54,"Height":17,"Demand":1,"DemandMax":null,"Value":918},{"Length":57,"Height":16,"Demand":3,"DemandMax":null,"Value":912},{"Length":35,"Height":26,"Demand":1,"DemandMax":null,"Value":910},{"Length":43,"Height":21,"Demand":2,"DemandMax":null,"Value":903},{"Length":53,"Height":17,"Demand":4,"DemandMax":null,"Value":901},{"Length":36,"Height":25,"Demand":2,"DemandMax":null,"Value":900},{"Length":31,"Height":29,"Demand":3,"DemandMax":null,"Value":899},{"Length":39,"Height":23,"Demand":1,"DemandMax":null,"Value":897},{"Length":47,"Height":19,"Demand":1,"DemandMax":null,"Value":893},{"Length":37,"Height":24,"Demand":2,"DemandMax":null,"Value":888},{"Length":34,"Height":26,"Demand":3,"DemandMax":null,"Value":884},{"Length":49,"Height":18,"Demand":1,"DemandMax":null,"Value":882},{"Length":44,"Height":20,"Demand":2,"DemandMax":null,"Value":880},{"Length":55,"Height":16,"Demand":3,"DemandMax":null,"Value":880},{"Length":35,"Height":25,"Demand":1,"DemandMax":null,"Value":875},{"Length":38,"Height":23,"Demand":1,"DemandMax":null,"Value":874},{"Length":46,"Height":19,"Demand":2,"DemandMax":null,"Value":874},{"Length":58,"Height":15,"Demand":3,"DemandMax":null,"Value":870},{"Length":31,"Height":28,"Demand":3,"DemandMax":null,"Value":868},{"Length":51,"Height":17,"Demand":1,"DemandMax":null,"Value":867},{"Length":32,"Height":27,"Demand":1,"DemandMax":null,"Value":864},{"Length":48,"Height":18,"Demand":2,"DemandMax":null,"Value":864},{"Length":36,"Height":24,"Demand":1,"DemandMax":null,"Value":864},{"Length":43,"Height":20,"Demand":3,"DemandMax":null,"Value":860},{"Length":33,"Height":26,"Demand":3,"DemandMax":null,"Value":858},{"Length":45,"Height":19,"Demand":1,"DemandMax":null,"Value":855},{"Length":37,"Height":23,"Demand":1,"DemandMax":null,"Value":851},{"Length":34,"Height":25,"Demand":1,"DemandMax":null,"Value":850},{"Length":53,"Height":16,"Demand":2,"DemandMax":null,"Value":848},{"Length":47,"Height":18,"Demand":2,"DemandMax":null,"Value":846},{"Length":29,"Height":29,"Demand":2,"DemandMax":null,"Value":841},{"Length":42,"Height":20,"Demand":4,"DemandMax":null,"Value":840},{"Length":30,"Height":28,"Demand":2,"DemandMax":null,"Value":840},{"Length":40,"Height":21,"Demand":1,"DemandMax":null,"Value":840},{"Length":35,"Height":24,"Demand":1,"DemandMax":null,"Value":840},{"Length":31,"Height":27,"Demand":2,"DemandMax":null,"Value":837},{"Length":38,"Height":22,"Demand":3,"DemandMax":null,"Value":836},{"Length":32,"Height":26,"Demand":2,"DemandMax":null,"Value":832},{"Length":36,"Height":23,"Demand":1,"DemandMax":null,"Value":828},{"Length":59,"Height":14,"Demand":1,"DemandMax":null,"Value":826},{"Length":33,"Height":25,"Demand":3,"DemandMax":null,"Value":825},{"Length":39,"Height":21,"Demand":1,"DemandMax":null,"Value":819},{"Length":34,"Height":24,"Demand":5,"DemandMax":null,"Value":816},{"Length":48,"Height":17,"Demand":1,"DemandMax":null,"Value":816},{"Length":37,"Height":22,"Demand":4,"DemandMax":null,"Value":814},{"Length":30,"Height":27,"Demand":5,"DemandMax":null,"Value":810},{"Length":54,"Height":15,"Demand":2,"DemandMax":null,"Value":810},{"Length":45,"Height":18,"Demand":1,"DemandMax":null,"Value":810},{"Length":31,"Height":26,"Demand":3,"DemandMax":null,"Value":806},{"Length":35,"Height":23,"Demand":1,"DemandMax":null,"Value":805},{"Length":40,"Height":20,"Demand":3,"DemandMax":null,"Value":800},{"Length":32,"Height":25,"Demand":2,"DemandMax":null,"Value":800},{"Length":38,"Height":21,"Demand":2,"DemandMax":null,"Value":798},{"Length":57,"Height":14,"Demand":4,"DemandMax":null,"Value":798},{"Length":33,"Height":24,"Demand":3,"DemandMax":null,"Value":792},{"Length":44,"Height":18,"Demand":2,"DemandMax":null,"Value":792},{"Length":49,"Height":16,"Demand":3,"DemandMax":null,"Value":784},{"Length":56,"Height":14,"Demand":3,"DemandMax":null,"Value":784},{"Length":46,"Height":17,"Demand":1,"DemandMax":null,"Value":782},{"Length":39,"Height":20,"Demand":1,"DemandMax":null,"Value":780},{"Length":31,"Height":25,"Demand":1,"DemandMax":null,"Value":775},{"Length":43,"Height":18,"Demand":1,"DemandMax":null,"Value":774},{"Length":35,"Height":22,"Demand":1,"DemandMax":null,"Value":770},{"Length":38,"Height":20,"Demand":3,"DemandMax":null,"Value":760},{"Length":33,"Height":23,"Demand":2,"DemandMax":null,"Value":759},{"Length":28,"Height":27,"Demand":3,"DemandMax":null,"Value":756},{"Length":36,"Height":21,"Demand":1,"DemandMax":null,"Value":756},{"Length":29,"Height":26,"Demand":1,"DemandMax":null,"Value":754},{"Length":47,"Height":16,"Demand":3,"DemandMax":null,"Value":752},{"Length":30,"Height":25,"Demand":2,"DemandMax":null,"Value":750},{"Length":50,"Height":15,"Demand":3,"DemandMax":null,"Value":750},{"Length":34,"Height":22,"Demand":1,"DemandMax":null,"Value":748},{"Length":53,"Height":14,"Demand":1,"DemandMax":null,"Value":742},{"Length":32,"Height":23,"Demand":2,"DemandMax":null,"Value":736},{"Length":35,"Height":21,"Demand":2,"DemandMax":null,"Value":735},{"Length":49,"Height":15,"Demand":1,"DemandMax":null,"Value":735},{"Length":43,"Height":17,"Demand":2,"DemandMax":null,"Value":731},{"Length":27,"Height":27,"Demand":3,"DemandMax":null,"Value":729},{"Length":52,"Height":14,"Demand":2,"DemandMax":null,"Value":728},{"Length":28,"Height":26,"Demand":6,"DemandMax":null,"Value":728},{"Length":29,"Height":25,"Demand":1,"DemandMax":null,"Value":725},{"Length":38,"Height":19,"Demand":2,"DemandMax":null,"Value":722},{"Length":48,"Height":15,"Demand":5,"DemandMax":null,"Value":720},{"Length":36,"Height":20,"Demand":1,"DemandMax":null,"Value":720},{"Length":40,"Height":18,"Demand":2,"DemandMax":null,"Value":720},{"Length":55,"Height":13,"Demand":3,"DemandMax":null,"Value":715},{"Length":34,"Height":21,"Demand":3,"DemandMax":null,"Value":714},{"Length":31,"Height":23,"Demand":3,"DemandMax":null,"Value":713},{"Length":47,"Height":15,"Demand":3,"DemandMax":null,"Value":705},{"Length":37,"Height":19,"Demand":3,"DemandMax":null,"Value":703},{"Length":39,"Height":18,"Demand":7,"DemandMax":null,"Value":702},{"Length":27,"Height":26,"Demand":3,"DemandMax":null,"Value":702},{"Length":54,"Height":13,"Demand":1,"DemandMax":null,"Value":702},{"Length":35,"Height":20,"Demand":3,"DemandMax":null,"Value":700},{"Length":50,"Height":14,"Demand":2,"DemandMax":null,"Value":700},{"Length":28,"Height":25,"Demand":2,"DemandMax":null,"Value":700},{"Length":41,"Height":17,"Demand":1,"DemandMax":null,"Value":697},{"Length":33,"Height":21,"Demand":1,"DemandMax":null,"Value":693},{"Length":46,"Height":15,"Demand":1,"DemandMax":null,"Value":690},{"Length":30,"Height":23,"Demand":1,"DemandMax":null,"Value":690},{"Length":53,"Height":13,"Demand":1,"DemandMax":null,"Value":689},{"Length":43,"Height":16,"Demand":1,"DemandMax":null,"Value":688},{"Length":36,"Height":19,"Demand":4,"DemandMax":null,"Value":684},{"Length":38,"Height":18,"Demand":2,"DemandMax":null,"Value":684},{"Length":40,"Height":17,"Demand":2,"DemandMax":null,"Value":680},{"Length":34,"Height":20,"Demand":1,"DemandMax":null,"Value":680},{"Length":27,"Height":25,"Demand":2,"DemandMax":null,"Value":675},{"Length":28,"Height":24,"Demand":4,"DemandMax":null,"Value":672},{"Length":32,"Height":21,"Demand":3,"DemandMax":null,"Value":672},{"Length":48,"Height":14,"Demand":2,"DemandMax":null,"Value":672},{"Length":29,"Height":23,"Demand":2,"DemandMax":null,"Value":667},{"Length":37,"Height":18,"Demand":4,"DemandMax":null,"Value":666},{"Length":51,"Height":13,"Demand":2,"DemandMax":null,"Value":663},{"Length":44,"Height":15,"Demand":3,"DemandMax":null,"Value":660},{"Length":30,"Height":22,"Demand":5,"DemandMax":null,"Value":660},{"Length":33,"Height":20,"Demand":4,"DemandMax":null,"Value":660},{"Length":31,"Height":21,"Demand":2,"DemandMax":null,"Value":651},{"Length":26,"Height":25,"Demand":3,"DemandMax":null,"Value":650},{"Length":50,"Height":13,"Demand":1,"DemandMax":null,"Value":650},{"Length":59,"Height":11,"Demand":2,"DemandMax":null,"Value":649},{"Length":36,"Height":18,"Demand":1,"DemandMax":null,"Value":648},{"Length":27,"Height":24,"Demand":1,"DemandMax":null,"Value":648},{"Length":34,"Height":19,"Demand":3,"DemandMax":null,"Value":646},{"Length":43,"Height":15,"Demand":1,"DemandMax":null,"Value":645},{"Length":46,"Height":14,"Demand":5,"DemandMax":null,"Value":644},{"Length":28,"Height":23,"Demand":2,"DemandMax":null,"Value":644},{"Length":32,"Height":20,"Demand":3,"DemandMax":null,"Value":640},{"Length":42,"Height":15,"Demand":2,"DemandMax":null,"Value":630},{"Length":45,"Height":14,"Demand":2,"DemandMax":null,"Value":630},{"Length":35,"Height":18,"Demand":2,"DemandMax":null,"Value":630},{"Length":37,"Height":17,"Demand":1,"DemandMax":null,"Value":629},{"Length":33,"Height":19,"Demand":3,"DemandMax":null,"Value":627},{"Length":25,"Height":25,"Demand":1,"DemandMax":null,"Value":625},{"Length":48,"Height":13,"Demand":7,"DemandMax":null,"Value":624},{"Length":39,"Height":16,"Demand":3,"DemandMax":null,"Value":624},{"Length":27,"Height":23,"Demand":2,"DemandMax":null,"Value":621},{"Length":31,"Height":20,"Demand":2,"DemandMax":null,"Value":620},{"Length":28,"Height":22,"Demand":2,"DemandMax":null,"Value":616},{"Length":41,"Height":15,"Demand":1,"DemandMax":null,"Value":615},{"Length":36,"Height":17,"Demand":3,"DemandMax":null,"Value":612},{"Length":34,"Height":18,"Demand":2,"DemandMax":null,"Value":612},{"Length":51,"Height":12,"Demand":1,"DemandMax":null,"Value":612},{"Length":29,"Height":21,"Demand":2,"DemandMax":null,"Value":609},{"Length":38,"Height":16,"Demand":1,"DemandMax":null,"Value":608},{"Length":32,"Height":19,"Demand":3,"DemandMax":null,"Value":608},{"Length":43,"Height":14,"Demand":3,"DemandMax":null,"Value":602},{"Length":40,"Height":15,"Demand":4,"DemandMax":null,"Value":600},{"Length":25,"Height":24,"Demand":2,"DemandMax":null,"Value":600},{"Length":30,"Height":20,"Demand":1,"DemandMax":null,"Value":600},{"Length":26,"Height":23,"Demand":2,"DemandMax":null,"Value":598},{"Length":27,"Height":22,"Demand":2,"DemandMax":null,"Value":594},{"Length":33,"Height":18,"Demand":3,"DemandMax":null,"Value":594},{"Length":37,"Height":16,"Demand":2,"DemandMax":null,"Value":592},{"Length":28,"Height":21,"Demand":4,"DemandMax":null,"Value":588},{"Length":39,"Height":15,"Demand":1,"DemandMax":null,"Value":585},{"Length":53,"Height":11,"Demand":4,"DemandMax":null,"Value":583},{"Length":29,"Height":20,"Demand":2,"DemandMax":null,"Value":580},{"Length":48,"Height":12,"Demand":2,"DemandMax":null,"Value":576},{"Length":25,"Height":23,"Demand":1,"DemandMax":null,"Value":575},{"Length":44,"Height":13,"Demand":1,"DemandMax":null,"Value":572},{"Length":27,"Height":21,"Demand":2,"DemandMax":null,"Value":567},{"Length":33,"Height":17,"Demand":2,"DemandMax":null,"Value":561},{"Length":51,"Height":11,"Demand":1,"DemandMax":null,"Value":561},{"Length":28,"Height":20,"Demand":7,"DemandMax":null,"Value":560},{"Length":35,"Height":16,"Demand":2,"DemandMax":null,"Value":560},{"Length":40,"Height":14,"Demand":1,"DemandMax":null,"Value":560},{"Length":31,"Height":18,"Demand":2,"DemandMax":null,"Value":558},{"Length":37,"Height":15,"Demand":2,"DemandMax":null,"Value":555},{"Length":24,"Height":23,"Demand":3,"DemandMax":null,"Value":552},{"Length":46,"Height":12,"Demand":2,"DemandMax":null,"Value":552},{"Length":29,"Height":19,"Demand":4,"DemandMax":null,"Value":551},{"Length":25,"Height":22,"Demand":1,"DemandMax":null,"Value":550},{"Length":39,"Height":14,"Demand":4,"DemandMax":null,"Value":546},{"Length":26,"Height":21,"Demand":8,"DemandMax":null,"Value":546},{"Length":34,"Height":16,"Demand":1,"DemandMax":null,"Value":544},{"Length":36,"Height":15,"Demand":3,"DemandMax":null,"Value":540},{"Length":27,"Height":20,"Demand":2,"DemandMax":null,"Value":540},{"Length":41,"Height":13,"Demand":4,"DemandMax":null,"Value":533},{"Length":28,"Height":19,"Demand":5,"DemandMax":null,"Value":532},{"Length":53,"Height":10,"Demand":1,"DemandMax":null,"Value":530},{"Length":33,"Height":16,"Demand":4,"DemandMax":null,"Value":528},{"Length":24,"Height":22,"Demand":3,"DemandMax":null,"Value":528},{"Length":48,"Height":11,"Demand":3,"DemandMax":null,"Value":528},{"Length":31,"Height":17,"Demand":1,"DemandMax":null,"Value":527},{"Length":25,"Height":21,"Demand":3,"DemandMax":null,"Value":525},{"Length":29,"Height":18,"Demand":2,"DemandMax":null,"Value":522},{"Length":40,"Height":13,"Demand":2,"DemandMax":null,"Value":520},{"Length":52,"Height":10,"Demand":2,"DemandMax":null,"Value":520},{"Length":37,"Height":14,"Demand":1,"DemandMax":null,"Value":518},{"Length":43,"Height":12,"Demand":2,"DemandMax":null,"Value":516},{"Length":32,"Height":16,"Demand":1,"DemandMax":null,"Value":512},{"Length":39,"Height":13,"Demand":4,"DemandMax":null,"Value":507},{"Length":23,"Height":22,"Demand":1,"DemandMax":null,"Value":506},{"Length":46,"Height":11,"Demand":4,"DemandMax":null,"Value":506},{"Length":36,"Height":14,"Demand":3,"DemandMax":null,"Value":504},{"Length":24,"Height":21,"Demand":2,"DemandMax":null,"Value":504},{"Length":28,"Height":18,"Demand":2,"DemandMax":null,"Value":504},{"Length":25,"Height":20,"Demand":2,"DemandMax":null,"Value":500},{"Length":33,"Height":15,"Demand":3,"DemandMax":null,"Value":495},{"Length":38,"Height":13,"Demand":1,"DemandMax":null,"Value":494},{"Length":26,"Height":19,"Demand":3,"DemandMax":null,"Value":494},{"Length":35,"Height":14,"Demand":4,"DemandMax":null,"Value":490},{"Length":49,"Height":10,"Demand":2,"DemandMax":null,"Value":490},{"Length":27,"Height":18,"Demand":2,"DemandMax":null,"Value":486},{"Length":23,"Height":21,"Demand":2,"DemandMax":null,"Value":483},{"Length":37,"Height":13,"Demand":3,"DemandMax":null,"Value":481},{"Length":48,"Height":10,"Demand":2,"DemandMax":null,"Value":480},{"Length":30,"Height":16,"Demand":1,"DemandMax":null,"Value":480},{"Length":32,"Height":15,"Demand":3,"DemandMax":null,"Value":480},{"Length":28,"Height":17,"Demand":2,"DemandMax":null,"Value":476},{"Length":25,"Height":19,"Demand":1,"DemandMax":null,"Value":475},{"Length":43,"Height":11,"Demand":2,"DemandMax":null,"Value":473},{"Length":36,"Height":13,"Demand":4,"DemandMax":null,"Value":468},{"Length":26,"Height":18,"Demand":2,"DemandMax":null,"Value":468},{"Length":31,"Height":15,"Demand":3,"DemandMax":null,"Value":465},{"Length":29,"Height":16,"Demand":3,"DemandMax":null,"Value":464},{"Length":22,"Height":21,"Demand":6,"DemandMax":null,"Value":462},{"Length":33,"Height":14,"Demand":2,"DemandMax":null,"Value":462},{"Length":24,"Height":19,"Demand":1,"DemandMax":null,"Value":456},{"Length":38,"Height":12,"Demand":3,"DemandMax":null,"Value":456},{"Length":35,"Height":13,"Demand":4,"DemandMax":null,"Value":455},{"Length":45,"Height":10,"Demand":1,"DemandMax":null,"Value":450},{"Length":25,"Height":18,"Demand":5,"DemandMax":null,"Value":450},{"Length":30,"Height":15,"Demand":1,"DemandMax":null,"Value":450},{"Length":28,"Height":16,"Demand":2,"DemandMax":null,"Value":448},{"Length":26,"Height":17,"Demand":2,"DemandMax":null,"Value":442},{"Length":34,"Height":13,"Demand":3,"DemandMax":null,"Value":442},{"Length":21,"Height":21,"Demand":3,"DemandMax":null,"Value":441},{"Length":40,"Height":11,"Demand":3,"DemandMax":null,"Value":440},{"Length":23,"Height":19,"Demand":1,"DemandMax":null,"Value":437},{"Length":29,"Height":15,"Demand":3,"DemandMax":null,"Value":435},{"Length":24,"Height":18,"Demand":5,"DemandMax":null,"Value":432},{"Length":36,"Height":12,"Demand":7,"DemandMax":null,"Value":432},{"Length":27,"Height":16,"Demand":1,"DemandMax":null,"Value":432},{"Length":43,"Height":10,"Demand":2,"DemandMax":null,"Value":430},{"Length":28,"Height":15,"Demand":7,"DemandMax":null,"Value":420},{"Length":21,"Height":20,"Demand":4,"DemandMax":null,"Value":420},{"Length":42,"Height":10,"Demand":6,"DemandMax":null,"Value":420},{"Length":22,"Height":19,"Demand":1,"DemandMax":null,"Value":418},{"Length":32,"Height":13,"Demand":2,"DemandMax":null,"Value":416},{"Length":23,"Height":18,"Demand":1,"DemandMax":null,"Value":414},{"Length":34,"Height":12,"Demand":5,"DemandMax":null,"Value":408},{"Length":37,"Height":11,"Demand":1,"DemandMax":null,"Value":407},{"Length":31,"Height":13,"Demand":3,"DemandMax":null,"Value":403},{"Length":20,"Height":20,"Demand":2,"DemandMax":null,"Value":400},{"Length":21,"Height":19,"Demand":1,"DemandMax":null,"Value":399},{"Length":22,"Height":18,"Demand":1,"DemandMax":null,"Value":396},{"Length":23,"Height":17,"Demand":2,"DemandMax":null,"Value":391},{"Length":30,"Height":13,"Demand":1,"DemandMax":null,"Value":390},{"Length":26,"Height":15,"Demand":2,"DemandMax":null,"Value":390},{"Length":35,"Height":11,"Demand":3,"DemandMax":null,"Value":385},{"Length":24,"Height":16,"Demand":1,"DemandMax":null,"Value":384},{"Length":32,"Height":12,"Demand":3,"DemandMax":null,"Value":384},{"Length":27,"Height":14,"Demand":2,"DemandMax":null,"Value":378},{"Length":29,"Height":13,"Demand":1,"DemandMax":null,"Value":377},{"Length":25,"Height":15,"Demand":2,"DemandMax":null,"Value":375},{"Length":22,"Height":17,"Demand":3,"DemandMax":null,"Value":374},{"Length":34,"Height":11,"Demand":2,"DemandMax":null,"Value":374},{"Length":28,"Height":13,"Demand":5,"DemandMax":null,"Value":364},{"Length":20,"Height":18,"Demand":2,"DemandMax":null,"Value":360},{"Length":27,"Height":13,"Demand":2,"DemandMax":null,"Value":351},{"Length":25,"Height":14,"Demand":3,"DemandMax":null,"Value":350},{"Length":35,"Height":10,"Demand":1,"DemandMax":null,"Value":350},{"Length":29,"Height":12,"Demand":1,"DemandMax":null,"Value":348},{"Length":19,"Height":18,"Demand":5,"DemandMax":null,"Value":342},{"Length":31,"Height":11,"Demand":1,"DemandMax":null,"Value":341},{"Length":26,"Height":13,"Demand":3,"DemandMax":null,"Value":338},{"Length":24,"Height":14,"Demand":4,"DemandMax":null,"Value":336},{"Length":28,"Height":12,"Demand":6,"DemandMax":null,"Value":336},{"Length":21,"Height":16,"Demand":2,"DemandMax":null,"Value":336},{"Length":30,"Height":11,"Demand":2,"DemandMax":null,"Value":330},{"Length":33,"Height":10,"Demand":3,"DemandMax":null,"Value":330},{"Length":22,"Height":15,"Demand":3,"DemandMax":null,"Value":330},{"Length":19,"Height":17,"Demand":1,"DemandMax":null,"Value":323},{"Length":20,"Height":16,"Demand":1,"DemandMax":null,"Value":320},{"Length":21,"Height":15,"Demand":3,"DemandMax":null,"Value":315},{"Length":24,"Height":13,"Demand":1,"DemandMax":null,"Value":312},{"Length":18,"Height":17,"Demand":4,"DemandMax":null,"Value":306},{"Length":19,"Height":16,"Demand":2,"DemandMax":null,"Value":304},{"Length":30,"Height":10,"Demand":4,"DemandMax":null,"Value":300},{"Length":25,"Height":12,"Demand":7,"DemandMax":null,"Value":300},{"Length":23,"Height":13,"Demand":3,"DemandMax":null,"Value":299},{"Length":17,"Height":17,"Demand":4,"DemandMax":null,"Value":289},{"Length":22,"Height":13,"Demand":1,"DemandMax":null,"Value":286},{"Length":19,"Height":15,"Demand":2,"DemandMax":null,"Value":285},{"Length":20,"Height":14,"Demand":1,"DemandMax":null,"Value":280},{"Length":21,"Height":13,"Demand":1,"DemandMax":null,"Value":273},{"Length":17,"Height":16,"Demand":4,"DemandMax":null,"Value":272},{"Length":27,"Height":10,"Demand":4,"DemandMax":null,"Value":270},{"Length":24,"Height":11,"Demand":4,"DemandMax":null,"Value":264},{"Length":22,"Height":12,"Demand":3,"DemandMax":null,"Value":264},{"Length":20,"Height":13,"Demand":2,"DemandMax":null,"Value":260},{"Length":26,"Height":10,"Demand":1,"DemandMax":null,"Value":260},{"Length":17,"Height":15,"Demand":2,"DemandMax":null,"Value":255},{"Length":23,"Height":11,"Demand":3,"DemandMax":null,"Value":253},{"Length":18,"Height":14,"Demand":3,"DemandMax":null,"Value":252},{"Length":21,"Height":12,"Demand":1,"DemandMax":null,"Value":252},{"Length":19,"Height":13,"Demand":1,"DemandMax":null,"Value":247},{"Length":16,"Height":15,"Demand":4,"DemandMax":null,"Value":240},{"Length":18,"Height":13,"Demand":2,"DemandMax":null,"Value":234},{"Length":19,"Height":12,"Demand":1,"DemandMax":null,"Value":228},{"Length":15,"Height":15,"Demand":3,"DemandMax":null,"Value":225},{"Length":20,"Height":11,"Demand":1,"DemandMax":null,"Value":220},{"Length":15,"Height":14,"Demand":1,"DemandMax":null,"Value":210},{"Length":17,"Height":12,"Demand":4,"DemandMax":null,"Value":204},{"Length":18,"Height":10,"Demand":1,"DemandMax":null,"Value":180},{"Length":15,"Height":12,"Demand":2,"DemandMax":null,"Value":180},{"Length":16,"Height":11,"Demand":3,"DemandMax":null,"Value":176},{"Length":13,"Height":13,"Demand":3,"DemandMax":null,"Value":169},{"Length":15,"Height":11,"Demand":2,"DemandMax":null,"Value":165},{"Length":14,"Height":11,"Demand":3,"DemandMax":null,"Value":154}]}