{"Name":"MB08_064","Objects":[{"Length":587,"Height":233,"Stock":null,"Cost":136771}],"Items":[{"Length":54,"Height":47,"Demand":10,"DemandMax":null,"Value":2538},{"Length":52,"Height":47,"Demand":8,"DemandMax":null,"Value":2444},{"Length":47,"Height":47,"Demand":3,"DemandMax":null,"Value":2209},{"Length":51,"Height":43,"Demand":7,"DemandMax":null,"Value":2193},{"Length":47,"Height":46,"Demand":7,"DemandMax":null,"Value":2162},{"Length":59,"Height":35,"Demand":11,"DemandMax":null,"Value":2065},{"Length":57,"Height":35,"Demand":5,"DemandMax":null,"Value":1995},{"Length":59,"Height":33,"Demand":9,"DemandMax":null,"Value":1947},{"Length":51,"Height":38,"Demand":9,"DemandMax":null,"Value":1938},{"Length":57,"Height":34,"Demand":12,"DemandMax":null,"Value":1938},{"Length":45,"Height":42,"Demand":8,"DemandMax":null,"Value":1890},{"Length":54,"Height":35,"Demand":4,"DemandMax":null,"Value":1890},{"Length":56,"Height":33,"Demand":8,"DemandMax":null,"Value":1848},{"Length":47,"Height":38,"Demand":8,"DemandMax":null,"Value":1786},{"Length":51,"Height":35,"Demand":8,"DemandMax":null,"Value":1785},{"Length":49,"Height":36,"Demand":5,"DemandMax":null,"Value":1764},{"Length":45,"Height":37,"Demand":8,"DemandMax":null,"Value":1665},{"Length":46,"Height":36,"Demand":4,"DemandMax":null,"Value":1656},{"Length":47,"Height":35,"Demand":14,"DemandMax":null,"Value":1645},{"Length":48,"Height":34,"Demand":7,"DemandMax":null,"Value":1632},{"Length":60,"Height":27,"Demand":8,"DemandMax":null,"Value":1620},{"Length":55,"Height":29,"Demand":9,"DemandMax":null,"Value":1595},{"Length":43,"Height":37,"Demand":9,"DemandMax":null,"Value":1591},{"Length":47,"Height":33,"Demand":6,"DemandMax":null,"Value":1551},{"Length":57,"Height":27,"Demand":11,"DemandMax":null,"Value":1539},{"Length":39,"Height":39,"Demand":6,"DemandMax":null,"Value":1521},{"Length":49,"Height":31,"Demand":5,"DemandMax":null,"Value":1519},{"Length":46,"Height":33,"Demand":6,"DemandMax":null,"Value":1518},{"Length":42,"Height":36,"Demand":4,"DemandMax":null,"Value":1512},{"Length":52,"Height":29,"Demand":7,"DemandMax":null,"Value":1508},{"Length":48,"Height":31,"Demand":8,"DemandMax":null,"Value":1488},{"Length":40,"Height":37,"Demand":12,"DemandMax":null,"Value":1480},{"Length":54,"Height":27,"Demand":11,"DemandMax":null,"Value":1458},{"Length":39,"Height":37,"Demand":8,"DemandMax":null,"Value":1443},{"Length":42,"Height":34,"Demand":9,"DemandMax":null,"Value":1428},{"Length":46,"Height":31,"Demand":11,"DemandMax":null,"Value":1426},{"Length":48,"Height":29,"Demand":10,"DemandMax":null,"Value":1392},{"Length":37,"Height":37,"Demand":11,"DemandMax":null,"Value":1369},{"Length":40,"Height":34,"Demand":6,"DemandMax":null,"Value":1360},{"Length":45,"Height":30,"Demand":5,"DemandMax":null,"Value":1350},{"Length":40,"Height":33,"Demand":7,"DemandMax":null,"Value":1320},{"Length":47,"Height":28,"Demand":7,"DemandMax":null,"Value":1316},{"Length":52,"Height":25,"Demand":6,"DemandMax":null,"Value":1300},{"Length":36,"Height":36,"Demand":7,"DemandMax":null,"Value":1296},{"Length":37,"Height":35,"Demand":8,"DemandMax":null,"Value":1295},{"Length":45,"Height":28,"Demand":6,"DemandMax":null,"Value":1260},{"Length":48,"Height":26,"Demand":8,"DemandMax":null,"Value":1248},{"Length":43,"Height":29,"Demand":13,"DemandMax":null,"Value":1247},{"Length":46,"Height":27,"Demand":12,"DemandMax":null,"Value":1242},{"Length":59,"Height":21,"Demand":6,"DemandMax":null,"Value":1239},{"Length":44,"Height":28,"Demand":5,"DemandMax":null,"Value":1232},{"Length":35,"Height":35,"Demand":5,"DemandMax":null,"Value":1225},{"Length":47,"Height":26,"Demand":10,"DemandMax":null,"Value":1222},{"Length":42,"Height":29,"Demand":5,"DemandMax":null,"Value":1218},{"Length":38,"Height":32,"Demand":4,"DemandMax":null,"Value":1216},{"Length":39,"Height":31,"Demand":6,"DemandMax":null,"Value":1209},{"Length":60,"Height":20,"Demand":10,"DemandMax":null,"Value":1200},{"Length":48,"Height":25,"Demand":3,"DemandMax":null,"Value":1200},{"Length":57,"Height":21,"Demand":10,"DemandMax":null,"Value":1197},{"Length":52,"Height":23,"Demand":9,"DemandMax":null,"Value":1196},{"Length":46,"Height":26,"Demand":6,"DemandMax":null,"Value":1196},{"Length":38,"Height":31,"Demand":7,"DemandMax":null,"Value":1178},{"Length":55,"Height":21,"Demand":14,"DemandMax":null,"Value":1155},{"Length":38,"Height":30,"Demand":4,"DemandMax":null,"Value":1140},{"Length":35,"Height":32,"Demand":3,"DemandMax":null,"Value":1120},{"Length":48,"Height":23,"Demand":6,"DemandMax":null,"Value":1104},{"Length":46,"Height":24,"Demand":9,"DemandMax":null,"Value":1104},{"Length":58,"Height":19,"Demand":7,"DemandMax":null,"Value":1102},{"Length":35,"Height":31,"Demand":9,"DemandMax":null,"Value":1085},{"Length":36,"Height":30,"Demand":9,"DemandMax":null,"Value":1080},{"Length":49,"Height":22,"Demand":9,"DemandMax":null,"Value":1078},{"Length":38,"Height":28,"Demand":8,"DemandMax":null,"Value":1064},{"Length":39,"Height":27,"Demand":6,"DemandMax":null,"Value":1053},{"Length":38,"Height":27,"Demand":4,"DemandMax":null,"Value":1026},{"Length":32,"Height":31,"Demand":6,"DemandMax":null,"Value":992},{"Length":38,"Height":26,"Demand":7,"DemandMax":null,"Value":988},{"Length":39,"Height":25,"Demand":7,"DemandMax":null,"Value":975},{"Length":44,"Height":22,"Demand":4,"DemandMax":null,"Value":968},{"Length":33,"Height":29,"Demand":10,"DemandMax":null,"Value":957},{"Length":36,"Height":26,"Demand":7,"DemandMax":null,"Value":936},{"Length":40,"Height":23,"Demand":5,"DemandMax":null,"Value":920},{"Length":41,"Height":22,"Demand":14,"DemandMax":null,"Value":902},{"Length":31,"Height":29,"Demand":8,"DemandMax":null,"Value":899},{"Length":40,"Height":22,"Demand":10,"DemandMax":null,"Value":880},{"Length":30,"Height":29,"Demand":3,"DemandMax":null,"Value":870},{"Length":32,"Height":27,"Demand":6,"DemandMax":null,"Value":864},{"Length":57,"Height":15,"Demand":7,"DemandMax":null,"Value":855},{"Length":35,"Height":24,"Demand":5,"DemandMax":null,"Value":840},{"Length":31,"Height":27,"Demand":6,"DemandMax":null,"Value":837},{"Length":38,"Height":22,"Demand":10,"DemandMax":null,"Value":836},{"Length":36,"Height":23,"Demand":8,"DemandMax":null,"Value":828},{"Length":48,"Height":17,"Demand":10,"DemandMax":null,"Value":816},{"Length":37,"Height":22,"Demand":8,"DemandMax":null,"Value":814},{"Length":35,"Height":23,"Demand":4,"DemandMax":null,"Value":805},{"Length":29,"Height":27,"Demand":7,"DemandMax":null,"Value":783},{"Length":37,"Height":21,"Demand":6,"DemandMax":null,"Value":777},{"Length":35,"Height":22,"Demand":6,"DemandMax":null,"Value":770},{"Length":55,"Height":14,"Demand":10,"DemandMax":null,"Value":770},{"Length":40,"Height":19,"Demand":6,"DemandMax":null,"Value":760},{"Length":33,"Height":23,"Demand":7,"DemandMax":null,"Value":759},{"Length":36,"Height":21,"Demand":10,"DemandMax":null,"Value":756},{"Length":28,"Height":27,"Demand":16,"DemandMax":null,"Value":756},{"Length":54,"Height":14,"Demand":6,"DemandMax":null,"Value":756},{"Length":29,"Height":26,"Demand":10,"DemandMax":null,"Value":754},{"Length":47,"Height":16,"Demand":6,"DemandMax":null,"Value":752},{"Length":31,"Height":24,"Demand":5,"DemandMax":null,"Value":744},{"Length":49,"Height":15,"Demand":12,"DemandMax":null,"Value":735},{"Length":35,"Height":21,"Demand":9,"DemandMax":null,"Value":735},{"Length":27,"Height":27,"Demand":12,"DemandMax":null,"Value":729},{"Length":38,"Height":19,"Demand":5,"DemandMax":null,"Value":722},{"Length":47,"Height":15,"Demand":8,"DemandMax":null,"Value":705},{"Length":54,"Height":13,"Demand":10,"DemandMax":null,"Value":702},{"Length":28,"Height":25,"Demand":9,"DemandMax":null,"Value":700},{"Length":33,"Height":21,"Demand":12,"DemandMax":null,"Value":693},{"Length":43,"Height":16,"Demand":14,"DemandMax":null,"Value":688},{"Length":48,"Height":14,"Demand":11,"DemandMax":null,"Value":672},{"Length":29,"Height":23,"Demand":5,"DemandMax":null,"Value":667},{"Length":37,"Height":18,"Demand":9,"DemandMax":null,"Value":666},{"Length":27,"Height":24,"Demand":8,"DemandMax":null,"Value":648},{"Length":53,"Height":12,"Demand":9,"DemandMax":null,"Value":636},{"Length":25,"Height":25,"Demand":17,"DemandMax":null,"Value":625},{"Length":48,"Height":13,"Demand":8,"DemandMax":null,"Value":624},{"Length":32,"Height":19,"Demand":6,"DemandMax":null,"Value":608},{"Length":35,"Height":17,"Demand":8,"DemandMax":null,"Value":595},{"Length":31,"Height":19,"Demand":11,"DemandMax":null,"Value":589},{"Length":34,"Height":17,"Demand":7,"DemandMax":null,"Value":578},{"Length":30,"Height":19,"Demand":12,"DemandMax":null,"Value":570},{"Length":38,"Height":15,"Demand":10,"DemandMax":null,"Value":570},{"Length":35,"Height":16,"Demand":5,"DemandMax":null,"Value":560},{"Length":31,"Height":18,"Demand":7,"DemandMax":null,"Value":558},{"Length":42,"Height":13,"Demand":6,"DemandMax":null,"Value":546},{"Length":28,"Height":19,"Demand":8,"DemandMax":null,"Value":532},{"Length":23,"Height":23,"Demand":10,"DemandMax":null,"Value":529},{"Length":48,"Height":11,"Demand":6,"DemandMax":null,"Value":528},{"Length":31,"Height":17,"Demand":6,"DemandMax":null,"Value":527},{"Length":35,"Height":15,"Demand":9,"DemandMax":null,"Value":525},{"Length":52,"Height":10,"Demand":10,"DemandMax":null,"Value":520},{"Length":32,"Height":16,"Demand":12,"DemandMax":null,"Value":512},{"Length":42,"Height":12,"Demand":5,"DemandMax":null,"Value":504},{"Length":44,"Height":11,"Demand":6,"DemandMax":null,"Value":484},{"Length":23,"Height":21,"Demand":14,"DemandMax":null,"Value":483},{"Length":30,"Height":16,"Demand":6,"DemandMax":null,"Value":480},{"Length":28,"Height":17,"Demand":6,"DemandMax":null,"Value":476},{"Length":26,"Height":18,"Demand":8,"DemandMax":null,"Value":468},{"Length":36,"Height":13,"Demand":11,"DemandMax":null,"Value":468},{"Length":46,"Height":10,"Demand":9,"DemandMax":null,"Value":460},{"Length":27,"Height":17,"Demand":12,"DemandMax":null,"Value":459},{"Length":41,"Height":11,"Demand":7,"DemandMax":null,"Value":451},{"Length":32,"Height":14,"Demand":15,"DemandMax":null,"Value":448},{"Length":34,"Height":13,"Demand":10,"DemandMax":null,"Value":442},{"Length":26,"Height":17,"Demand":13,"DemandMax":null,"Value":442},{"Length":23,"Height":19,"Demand":6,"DemandMax":null,"Value":437},{"Length":26,"Height":16,"Demand":8,"DemandMax":null,"Value":416},{"Length":34,"Height":12,"Demand":12,"DemandMax":null,"Value":408},{"Length":24,"Height":17,"Demand":7,"DemandMax":null,"Value":408},{"Length":22,"Height":18,"Demand":6,"DemandMax":null,"Value":396},{"Length":27,"Height":14,"Demand":9,"DemandMax":null,"Value":378},{"Length":29,"Height":13,"Demand":7,"DemandMax":null,"Value":377},{"Length":19,"Height":19,"Demand":8,"DemandMax":null,"Value":361},{"Length":20,"Height":18,"Demand":8,"DemandMax":null,"Value":360},{"Length":29,"Height":12,"Demand":7,"DemandMax":null,"Value":348},{"Length":20,"Height":17,"Demand":10,"DemandMax":null,"Value":340},{"Length":22,"Height":15,"Demand":5,"DemandMax":null,"Value":330},{"Length":19,"Height":17,"Demand":7,"DemandMax":null,"Value":323},{"Length":29,"Height":11,"Demand":9,"DemandMax":null,"Value":319},{"Length":21,"Height":15,"Demand":5,"DemandMax":null,"Value":315},{"Length":22,"Height":14,"Demand":6,"DemandMax":null,"Value":308},{"Length":19,"Height":16,"Demand":6,"DemandMax":null,"Value":304},{"Length":21,"Height":14,"Demand":5,"DemandMax":null,"Value":294},{"Length":19,"Height":15,"Demand":8,"DemandMax":null,"Value":285},{"Length":20,"Height":13,"Demand":10,"DemandMax":null,"Value":260},{"Length":19,"Height":13,"Demand":12,"DemandMax":null,"Value":247},{"Length":16,"Height":15,"Demand":6,"DemandMax":null,"Value":240},{"Length":17,"Height":14,"Demand":12,"DemandMax":null,"Value":238},{"Length":19,"Height":12,"Demand":7,"DemandMax":null,"Value":228}]}