{"Name":"MB08_013","Objects":[{"Length":587,"Height":233,"Stock":null,"Cost":136771}],"Items":[{"Length":58,"Height":44,"Demand":29,"DemandMax":null,"Value":2552},{"Length":59,"Height":33,"Demand":32,"DemandMax":null,"Value":1947},{"Length":54,"Height":36,"Demand":29,"DemandMax":null,"Value":1944},{"Length":47,"Height":39,"Demand":25,"DemandMax":null,"Value":1833},{"Length":46,"Height":39,"Demand":28,"DemandMax":null,"Value":1794},{"Length":46,"Height":35,"Demand":36,"DemandMax":null,"Value":1610},{"Length":50,"Height":32,"Demand":30,"DemandMax":null,"Value":1600},{"Length":43,"Height":35,"Demand":28,"DemandMax":null,"Value":1505},{"Length":49,"Height":28,"Demand":29,"DemandMax":null,"Value":1372},{"Length":45,"Height":29,"Demand":21,"DemandMax":null,"Value":1305},{"Length":39,"Height":30,"Demand":20,"DemandMax":null,"Value":1170},{"Length":36,"Height":32,"Demand":37,"DemandMax":null,"Value":1152},{"Length":37,"Height":30,"Demand":27,"DemandMax":null,"Value":1110},{"Length":48,"Height":23,"Demand":30,"DemandMax":null,"Value":1104},{"Length":34,"Height":32,"Demand":36,"DemandMax":null,"Value":1088},{"Length":37,"Height":29,"Demand":33,"DemandMax":null,"Value":1073},{"Length":59,"Height":18,"Demand":33,"DemandMax":null,"Value":1062},{"Length":32,"Height":31,"Demand":42,"DemandMax":null,"Value":992},{"Length":34,"Height":29,"Demand":29,"DemandMax":null,"Value":986},{"Length":41,"Height":24,"Demand":33,"DemandMax":null,"Value":984},{"Length":39,"Height":25,"Demand":31,"DemandMax":null,"Value":975},{"Length":47,"Height":19,"Demand":30,"DemandMax":null,"Value":893},{"Length":39,"Height":22,"Demand":34,"DemandMax":null,"Value":858},{"Length":56,"Height":14,"Demand":29,"DemandMax":null,"Value":784},{"Length":29,"Height":26,"Demand":33,"DemandMax":null,"Value":754},{"Length":47,"Height":16,"Demand":28,"DemandMax":null,"Value":752},{"Length":32,"Height":23,"Demand":34,"DemandMax":null,"Value":736},{"Length":35,"Height":21,"Demand":30,"DemandMax":null,"Value":735},{"Length":30,"Height":24,"Demand":15,"DemandMax":null,"Value":720},{"Length":27,"Height":25,"Demand":32,"DemandMax":null,"Value":675},{"Length":29,"Height":23,"Demand":34,"DemandMax":null,"Value":667},{"Length":33,"Height":20,"Demand":33,"DemandMax":null,"Value":660},{"Length":50,"Height":13,"Demand":26,"DemandMax":null,"Value":650},{"Length":37,"Height":17,"Demand":32,"DemandMax":null,"Value":629},{"Length":29,"Height":21,"Demand":34,"DemandMax":null,"Value":609},{"Length":49,"Height":11,"Demand":31,"DemandMax":null,"Value":539},{"Length":33,"Height":16,"Demand":39,"DemandMax":null,"Value":528},{"Length":25,"Height":21,"Demand":25,"DemandMax":null,"Value":525},{"Length":34,"Height":15,"Demand":33,"DemandMax":null,"Value":510},{"Length":26,"Height":18,"Demand":27,"DemandMax":null,"Value":468},{"Length":38,"Height":12,"Demand":35,"DemandMax":null,"Value":456},{"Length":40,"Height":11,"Demand":35,"DemandMax":null,"Value":440},{"Length":26,"Height":16,"Demand":26,"DemandMax":null,"Value":416},{"Length":29,"Height":12,"Demand":29,"DemandMax":null,"Value":348},{"Length":23,"Height":13,"Demand":40,"DemandMax":null,"Value":299},{"Length":20,"Height":14,"Demand":30,"DemandMax":null,"Value":280},{"Length":16,"Height":15,"Demand":26,"DemandMax":null,"Value":240},{"Length":20,"Height":11,"Demand":31,"DemandMax":null,"Value":220}]}