{"Name":"MB09_141","Objects":[{"Length":432,"Height":79,"Stock":null,"Cost":34128}],"Items":[{"Length":60,"Height":47,"Demand":10,"DemandMax":null,"Value":2820},{"Length":59,"Height":47,"Demand":14,"DemandMax":null,"Value":2773},{"Length":57,"Height":45,"Demand":12,"DemandMax":null,"Value":2565},{"Length":53,"Height":42,"Demand":12,"DemandMax":null,"Value":2226},{"Length":56,"Height":39,"Demand":13,"DemandMax":null,"Value":2184},{"Length":59,"Height":36,"Demand":21,"DemandMax":null,"Value":2124},{"Length":57,"Height":34,"Demand":10,"DemandMax":null,"Value":1938},{"Length":47,"Height":41,"Demand":13,"DemandMax":null,"Value":1927},{"Length":55,"Height":35,"Demand":19,"DemandMax":null,"Value":1925},{"Length":47,"Height":40,"Demand":19,"DemandMax":null,"Value":1880},{"Length":46,"Height":40,"Demand":13,"DemandMax":null,"Value":1840},{"Length":49,"Height":36,"Demand":16,"DemandMax":null,"Value":1764},{"Length":43,"Height":41,"Demand":16,"DemandMax":null,"Value":1763},{"Length":53,"Height":32,"Demand":20,"DemandMax":null,"Value":1696},{"Length":48,"Height":34,"Demand":11,"DemandMax":null,"Value":1632},{"Length":45,"Height":36,"Demand":12,"DemandMax":null,"Value":1620},{"Length":40,"Height":40,"Demand":12,"DemandMax":null,"Value":1600},{"Length":45,"Height":35,"Demand":15,"DemandMax":null,"Value":1575},{"Length":47,"Height":33,"Demand":16,"DemandMax":null,"Value":1551},{"Length":44,"Height":34,"Demand":9,"DemandMax":null,"Value":1496},{"Length":38,"Height":38,"Demand":14,"DemandMax":null,"Value":1444},{"Length":56,"Height":25,"Demand":16,"DemandMax":null,"Value":1400},{"Length":38,"Height":33,"Demand":11,"DemandMax":null,"Value":1254},{"Length":39,"Height":32,"Demand":6,"DemandMax":null,"Value":1248},{"Length":49,"Height":25,"Demand":15,"DemandMax":null,"Value":1225},{"Length":45,"Height":27,"Demand":15,"DemandMax":null,"Value":1215},{"Length":37,"Height":32,"Demand":14,"DemandMax":null,"Value":1184},{"Length":55,"Height":21,"Demand":18,"DemandMax":null,"Value":1155},{"Length":48,"Height":24,"Demand":17,"DemandMax":null,"Value":1152},{"Length":54,"Height":21,"Demand":20,"DemandMax":null,"Value":1134},{"Length":56,"Height":20,"Demand":10,"DemandMax":null,"Value":1120},{"Length":39,"Height":28,"Demand":20,"DemandMax":null,"Value":1092},{"Length":35,"Height":31,"Demand":21,"DemandMax":null,"Value":1085},{"Length":43,"Height":25,"Demand":21,"DemandMax":null,"Value":1075},{"Length":37,"Height":29,"Demand":14,"DemandMax":null,"Value":1073},{"Length":48,"Height":22,"Demand":22,"DemandMax":null,"Value":1056},{"Length":47,"Height":22,"Demand":12,"DemandMax":null,"Value":1034},{"Length":41,"Height":25,"Demand":16,"DemandMax":null,"Value":1025},{"Length":33,"Height":31,"Demand":21,"DemandMax":null,"Value":1023},{"Length":31,"Height":31,"Demand":13,"DemandMax":null,"Value":961},{"Length":32,"Height":30,"Demand":17,"DemandMax":null,"Value":960},{"Length":48,"Height":19,"Demand":13,"DemandMax":null,"Value":912},{"Length":36,"Height":25,"Demand":15,"DemandMax":null,"Value":900},{"Length":52,"Height":17,"Demand":14,"DemandMax":null,"Value":884},{"Length":38,"Height":23,"Demand":12,"DemandMax":null,"Value":874},{"Length":30,"Height":29,"Demand":15,"DemandMax":null,"Value":870},{"Length":36,"Height":24,"Demand":12,"DemandMax":null,"Value":864},{"Length":40,"Height":21,"Demand":15,"DemandMax":null,"Value":840},{"Length":36,"Height":23,"Demand":20,"DemandMax":null,"Value":828},{"Length":35,"Height":23,"Demand":15,"DemandMax":null,"Value":805},{"Length":28,"Height":28,"Demand":15,"DemandMax":null,"Value":784},{"Length":41,"Height":19,"Demand":14,"DemandMax":null,"Value":779},{"Length":32,"Height":24,"Demand":16,"DemandMax":null,"Value":768},{"Length":34,"Height":22,"Demand":9,"DemandMax":null,"Value":748},{"Length":39,"Height":19,"Demand":13,"DemandMax":null,"Value":741},{"Length":33,"Height":22,"Demand":15,"DemandMax":null,"Value":726},{"Length":59,"Height":12,"Demand":10,"DemandMax":null,"Value":708},{"Length":38,"Height":17,"Demand":12,"DemandMax":null,"Value":646},{"Length":49,"Height":13,"Demand":13,"DemandMax":null,"Value":637},{"Length":42,"Height":15,"Demand":15,"DemandMax":null,"Value":630},{"Length":47,"Height":13,"Demand":14,"DemandMax":null,"Value":611},{"Length":25,"Height":24,"Demand":15,"DemandMax":null,"Value":600},{"Length":30,"Height":20,"Demand":13,"DemandMax":null,"Value":600},{"Length":30,"Height":19,"Demand":12,"DemandMax":null,"Value":570},{"Length":38,"Height":15,"Demand":15,"DemandMax":null,"Value":570},{"Length":33,"Height":17,"Demand":15,"DemandMax":null,"Value":561},{"Length":56,"Height":10,"Demand":14,"DemandMax":null,"Value":560},{"Length":40,"Height":14,"Demand":13,"DemandMax":null,"Value":560},{"Length":26,"Height":20,"Demand":13,"DemandMax":null,"Value":520},{"Length":34,"Height":15,"Demand":16,"DemandMax":null,"Value":510},{"Length":31,"Height":16,"Demand":13,"DemandMax":null,"Value":496},{"Length":38,"Height":13,"Demand":13,"DemandMax":null,"Value":494},{"Length":26,"Height":19,"Demand":11,"DemandMax":null,"Value":494},{"Length":30,"Height":16,"Demand":12,"DemandMax":null,"Value":480},{"Length":28,"Height":17,"Demand":18,"DemandMax":null,"Value":476},{"Length":25,"Height":19,"Demand":16,"DemandMax":null,"Value":475},{"Length":27,"Height":17,"Demand":19,"DemandMax":null,"Value":459},{"Length":25,"Height":18,"Demand":18,"DemandMax":null,"Value":450},{"Length":30,"Height":15,"Demand":9,"DemandMax":null,"Value":450},{"Length":40,"Height":11,"Demand":11,"DemandMax":null,"Value":440},{"Length":28,"Height":15,"Demand":13,"DemandMax":null,"Value":420},{"Length":21,"Height":20,"Demand":12,"DemandMax":null,"Value":420},{"Length":20,"Height":19,"Demand":15,"DemandMax":null,"Value":380},{"Length":27,"Height":14,"Demand":13,"DemandMax":null,"Value":378},{"Length":19,"Height":18,"Demand":13,"DemandMax":null,"Value":342},{"Length":20,"Height":16,"Demand":11,"DemandMax":null,"Value":320},{"Length":23,"Height":13,"Demand":11,"DemandMax":null,"Value":299},{"Length":17,"Height":17,"Demand":11,"DemandMax":null,"Value":289},{"Length":24,"Height":12,"Demand":12,"DemandMax":null,"Value":288},{"Length":17,"Height":16,"Demand":16,"DemandMax":null,"Value":272},{"Length":15,"Height":15,"Demand":16,"DemandMax":null,"Value":225},{"Length":18,"Height":12,"Demand":7,"DemandMax":null,"Value":216},{"Length":15,"Height":13,"Demand":10,"DemandMax":null,"Value":195},{"Length":16,"Height":12,"Demand":19,"DemandMax":null,"Value":192},{"Length":15,"Height":12,"Demand":17,"DemandMax":null,"Value":180},{"Length":13,"Height":13,"Demand":8,"DemandMax":null,"Value":169},{"Length":12,"Height":11,"Demand":17,"DemandMax":null,"Value":132}]}