{"Name":"MB07_120","Objects":[{"Length":587,"Height":233,"Stock":null,"Cost":136771}],"Items":[{"Length":60,"Height":45,"Demand":21,"DemandMax":null,"Value":2700},{"Length":49,"Height":45,"Demand":23,"DemandMax":null,"Value":2205},{"Length":59,"Height":37,"Demand":16,"DemandMax":null,"Value":2183},{"Length":54,"Height":40,"Demand":25,"DemandMax":null,"Value":2160},{"Length":57,"Height":36,"Demand":27,"DemandMax":null,"Value":2052},{"Length":49,"Height":40,"Demand":20,"DemandMax":null,"Value":1960},{"Length":59,"Height":32,"Demand":21,"DemandMax":null,"Value":1888},{"Length":44,"Height":39,"Demand":21,"DemandMax":null,"Value":1716},{"Length":47,"Height":34,"Demand":15,"DemandMax":null,"Value":1598},{"Length":56,"Height":28,"Demand":20,"DemandMax":null,"Value":1568},{"Length":41,"Height":37,"Demand":25,"DemandMax":null,"Value":1517},{"Length":51,"Height":29,"Demand":18,"DemandMax":null,"Value":1479},{"Length":46,"Height":30,"Demand":20,"DemandMax":null,"Value":1380},{"Length":37,"Height":35,"Demand":24,"DemandMax":null,"Value":1295},{"Length":38,"Height":34,"Demand":22,"DemandMax":null,"Value":1292},{"Length":40,"Height":32,"Demand":17,"DemandMax":null,"Value":1280},{"Length":49,"Height":26,"Demand":22,"DemandMax":null,"Value":1274},{"Length":47,"Height":27,"Demand":18,"DemandMax":null,"Value":1269},{"Length":43,"Height":27,"Demand":22,"DemandMax":null,"Value":1161},{"Length":41,"Height":28,"Demand":19,"DemandMax":null,"Value":1148},{"Length":38,"Height":30,"Demand":28,"DemandMax":null,"Value":1140},{"Length":45,"Height":24,"Demand":21,"DemandMax":null,"Value":1080},{"Length":36,"Height":30,"Demand":14,"DemandMax":null,"Value":1080},{"Length":35,"Height":30,"Demand":13,"DemandMax":null,"Value":1050},{"Length":42,"Height":24,"Demand":20,"DemandMax":null,"Value":1008},{"Length":43,"Height":23,"Demand":24,"DemandMax":null,"Value":989},{"Length":58,"Height":17,"Demand":21,"DemandMax":null,"Value":986},{"Length":41,"Height":24,"Demand":19,"DemandMax":null,"Value":984},{"Length":38,"Height":25,"Demand":11,"DemandMax":null,"Value":950},{"Length":47,"Height":20,"Demand":18,"DemandMax":null,"Value":940},{"Length":39,"Height":24,"Demand":17,"DemandMax":null,"Value":936},{"Length":49,"Height":19,"Demand":21,"DemandMax":null,"Value":931},{"Length":35,"Height":25,"Demand":22,"DemandMax":null,"Value":875},{"Length":53,"Height":16,"Demand":27,"DemandMax":null,"Value":848},{"Length":40,"Height":21,"Demand":16,"DemandMax":null,"Value":840},{"Length":38,"Height":22,"Demand":20,"DemandMax":null,"Value":836},{"Length":41,"Height":20,"Demand":14,"DemandMax":null,"Value":820},{"Length":43,"Height":19,"Demand":20,"DemandMax":null,"Value":817},{"Length":34,"Height":23,"Demand":19,"DemandMax":null,"Value":782},{"Length":39,"Height":20,"Demand":23,"DemandMax":null,"Value":780},{"Length":60,"Height":13,"Demand":13,"DemandMax":null,"Value":780},{"Length":54,"Height":14,"Demand":17,"DemandMax":null,"Value":756},{"Length":29,"Height":26,"Demand":16,"DemandMax":null,"Value":754},{"Length":30,"Height":23,"Demand":24,"DemandMax":null,"Value":690},{"Length":49,"Height":14,"Demand":22,"DemandMax":null,"Value":686},{"Length":31,"Height":21,"Demand":22,"DemandMax":null,"Value":651},{"Length":26,"Height":25,"Demand":21,"DemandMax":null,"Value":650},{"Length":29,"Height":22,"Demand":22,"DemandMax":null,"Value":638},{"Length":30,"Height":21,"Demand":25,"DemandMax":null,"Value":630},{"Length":35,"Height":18,"Demand":14,"DemandMax":null,"Value":630},{"Length":37,"Height":17,"Demand":21,"DemandMax":null,"Value":629},{"Length":40,"Height":15,"Demand":20,"DemandMax":null,"Value":600},{"Length":37,"Height":16,"Demand":19,"DemandMax":null,"Value":592},{"Length":32,"Height":18,"Demand":17,"DemandMax":null,"Value":576},{"Length":45,"Height":12,"Demand":16,"DemandMax":null,"Value":540},{"Length":34,"Height":15,"Demand":18,"DemandMax":null,"Value":510},{"Length":30,"Height":17,"Demand":19,"DemandMax":null,"Value":510},{"Length":32,"Height":15,"Demand":17,"DemandMax":null,"Value":480},{"Length":26,"Height":18,"Demand":22,"DemandMax":null,"Value":468},{"Length":29,"Height":16,"Demand":16,"DemandMax":null,"Value":464},{"Length":39,"Height":11,"Demand":17,"DemandMax":null,"Value":429},{"Length":22,"Height":18,"Demand":12,"DemandMax":null,"Value":396},{"Length":30,"Height":11,"Demand":18,"DemandMax":null,"Value":330},{"Length":23,"Height":10,"Demand":23,"DemandMax":null,"Value":230},{"Length":22,"Height":10,"Demand":21,"DemandMax":null,"Value":220},{"Length":17,"Height":10,"Demand":26,"DemandMax":null,"Value":170},{"Length":14,"Height":12,"Demand":13,"DemandMax":null,"Value":168}]}