{"Name":"MB08_003","Objects":[{"Length":587,"Height":233,"Stock":null,"Cost":136771}],"Items":[{"Length":54,"Height":46,"Demand":55,"DemandMax":null,"Value":2484},{"Length":56,"Height":40,"Demand":45,"DemandMax":null,"Value":2240},{"Length":57,"Height":36,"Demand":43,"DemandMax":null,"Value":2052},{"Length":59,"Height":33,"Demand":49,"DemandMax":null,"Value":1947},{"Length":51,"Height":32,"Demand":35,"DemandMax":null,"Value":1632},{"Length":49,"Height":32,"Demand":39,"DemandMax":null,"Value":1568},{"Length":59,"Height":22,"Demand":38,"DemandMax":null,"Value":1298},{"Length":45,"Height":28,"Demand":53,"DemandMax":null,"Value":1260},{"Length":46,"Height":26,"Demand":46,"DemandMax":null,"Value":1196},{"Length":36,"Height":32,"Demand":38,"DemandMax":null,"Value":1152},{"Length":44,"Height":25,"Demand":31,"DemandMax":null,"Value":1100},{"Length":45,"Height":24,"Demand":43,"DemandMax":null,"Value":1080},{"Length":37,"Height":29,"Demand":37,"DemandMax":null,"Value":1073},{"Length":37,"Height":27,"Demand":34,"DemandMax":null,"Value":999},{"Length":47,"Height":19,"Demand":42,"DemandMax":null,"Value":893},{"Length":32,"Height":26,"Demand":48,"DemandMax":null,"Value":832},{"Length":31,"Height":26,"Demand":38,"DemandMax":null,"Value":806},{"Length":56,"Height":14,"Demand":40,"DemandMax":null,"Value":784},{"Length":30,"Height":24,"Demand":51,"DemandMax":null,"Value":720},{"Length":27,"Height":26,"Demand":47,"DemandMax":null,"Value":702},{"Length":35,"Height":20,"Demand":36,"DemandMax":null,"Value":700},{"Length":33,"Height":21,"Demand":45,"DemandMax":null,"Value":693},{"Length":29,"Height":23,"Demand":45,"DemandMax":null,"Value":667},{"Length":33,"Height":16,"Demand":29,"DemandMax":null,"Value":528},{"Length":40,"Height":13,"Demand":40,"DemandMax":null,"Value":520},{"Length":38,"Height":12,"Demand":49,"DemandMax":null,"Value":456},{"Length":40,"Height":11,"Demand":49,"DemandMax":null,"Value":440},{"Length":24,"Height":15,"Demand":40,"DemandMax":null,"Value":360},{"Length":25,"Height":14,"Demand":42,"DemandMax":null,"Value":350},{"Length":28,"Height":12,"Demand":46,"DemandMax":null,"Value":336}]}