{"Name":"MB08_074","Objects":[{"Length":587,"Height":233,"Stock":null,"Cost":136771}],"Items":[{"Length":54,"Height":50,"Demand":8,"DemandMax":null,"Value":2700},{"Length":52,"Height":48,"Demand":5,"DemandMax":null,"Value":2496},{"Length":60,"Height":38,"Demand":5,"DemandMax":null,"Value":2280},{"Length":59,"Height":38,"Demand":6,"DemandMax":null,"Value":2242},{"Length":57,"Height":38,"Demand":4,"DemandMax":null,"Value":2166},{"Length":49,"Height":44,"Demand":9,"DemandMax":null,"Value":2156},{"Length":55,"Height":39,"Demand":7,"DemandMax":null,"Value":2145},{"Length":59,"Height":35,"Demand":3,"DemandMax":null,"Value":2065},{"Length":53,"Height":38,"Demand":5,"DemandMax":null,"Value":2014},{"Length":51,"Height":39,"Demand":7,"DemandMax":null,"Value":1989},{"Length":58,"Height":34,"Demand":6,"DemandMax":null,"Value":1972},{"Length":49,"Height":40,"Demand":6,"DemandMax":null,"Value":1960},{"Length":56,"Height":35,"Demand":9,"DemandMax":null,"Value":1960},{"Length":54,"Height":36,"Demand":5,"DemandMax":null,"Value":1944},{"Length":57,"Height":34,"Demand":5,"DemandMax":null,"Value":1938},{"Length":47,"Height":41,"Demand":6,"DemandMax":null,"Value":1927},{"Length":55,"Height":35,"Demand":3,"DemandMax":null,"Value":1925},{"Length":45,"Height":42,"Demand":4,"DemandMax":null,"Value":1890},{"Length":54,"Height":35,"Demand":5,"DemandMax":null,"Value":1890},{"Length":52,"Height":36,"Demand":10,"DemandMax":null,"Value":1872},{"Length":53,"Height":34,"Demand":2,"DemandMax":null,"Value":1802},{"Length":45,"Height":40,"Demand":3,"DemandMax":null,"Value":1800},{"Length":58,"Height":31,"Demand":6,"DemandMax":null,"Value":1798},{"Length":47,"Height":38,"Demand":5,"DemandMax":null,"Value":1786},{"Length":43,"Height":40,"Demand":5,"DemandMax":null,"Value":1720},{"Length":59,"Height":29,"Demand":3,"DemandMax":null,"Value":1711},{"Length":45,"Height":37,"Demand":5,"DemandMax":null,"Value":1665},{"Length":46,"Height":36,"Demand":3,"DemandMax":null,"Value":1656},{"Length":47,"Height":35,"Demand":5,"DemandMax":null,"Value":1645},{"Length":53,"Height":31,"Demand":4,"DemandMax":null,"Value":1643},{"Length":48,"Height":34,"Demand":3,"DemandMax":null,"Value":1632},{"Length":52,"Height":31,"Demand":7,"DemandMax":null,"Value":1612},{"Length":55,"Height":29,"Demand":4,"DemandMax":null,"Value":1595},{"Length":43,"Height":37,"Demand":5,"DemandMax":null,"Value":1591},{"Length":40,"Height":39,"Demand":5,"DemandMax":null,"Value":1560},{"Length":41,"Height":38,"Demand":3,"DemandMax":null,"Value":1558},{"Length":45,"Height":34,"Demand":2,"DemandMax":null,"Value":1530},{"Length":39,"Height":39,"Demand":2,"DemandMax":null,"Value":1521},{"Length":40,"Height":38,"Demand":1,"DemandMax":null,"Value":1520},{"Length":49,"Height":31,"Demand":9,"DemandMax":null,"Value":1519},{"Length":42,"Height":36,"Demand":8,"DemandMax":null,"Value":1512},{"Length":44,"Height":34,"Demand":2,"DemandMax":null,"Value":1496},{"Length":39,"Height":38,"Demand":8,"DemandMax":null,"Value":1482},{"Length":40,"Height":37,"Demand":3,"DemandMax":null,"Value":1480},{"Length":43,"Height":34,"Demand":11,"DemandMax":null,"Value":1462},{"Length":54,"Height":27,"Demand":8,"DemandMax":null,"Value":1458},{"Length":47,"Height":31,"Demand":4,"DemandMax":null,"Value":1457},{"Length":52,"Height":28,"Demand":4,"DemandMax":null,"Value":1456},{"Length":38,"Height":38,"Demand":5,"DemandMax":null,"Value":1444},{"Length":42,"Height":34,"Demand":7,"DemandMax":null,"Value":1428},{"Length":46,"Height":31,"Demand":4,"DemandMax":null,"Value":1426},{"Length":47,"Height":30,"Demand":5,"DemandMax":null,"Value":1410},{"Length":41,"Height":34,"Demand":4,"DemandMax":null,"Value":1394},{"Length":48,"Height":29,"Demand":5,"DemandMax":null,"Value":1392},{"Length":37,"Height":37,"Demand":9,"DemandMax":null,"Value":1369},{"Length":38,"Height":36,"Demand":5,"DemandMax":null,"Value":1368},{"Length":54,"Height":25,"Demand":8,"DemandMax":null,"Value":1350},{"Length":45,"Height":30,"Demand":4,"DemandMax":null,"Value":1350},{"Length":48,"Height":28,"Demand":4,"DemandMax":null,"Value":1344},{"Length":40,"Height":33,"Demand":7,"DemandMax":null,"Value":1320},{"Length":36,"Height":36,"Demand":6,"DemandMax":null,"Value":1296},{"Length":38,"Height":34,"Demand":6,"DemandMax":null,"Value":1292},{"Length":49,"Height":26,"Demand":5,"DemandMax":null,"Value":1274},{"Length":47,"Height":27,"Demand":2,"DemandMax":null,"Value":1269},{"Length":36,"Height":35,"Demand":4,"DemandMax":null,"Value":1260},{"Length":37,"Height":34,"Demand":1,"DemandMax":null,"Value":1258},{"Length":48,"Height":26,"Demand":6,"DemandMax":null,"Value":1248},{"Length":59,"Height":21,"Demand":4,"DemandMax":null,"Value":1239},{"Length":36,"Height":34,"Demand":6,"DemandMax":null,"Value":1224},{"Length":37,"Height":33,"Demand":4,"DemandMax":null,"Value":1221},{"Length":39,"Height":31,"Demand":4,"DemandMax":null,"Value":1209},{"Length":48,"Height":25,"Demand":6,"DemandMax":null,"Value":1200},{"Length":57,"Height":21,"Demand":8,"DemandMax":null,"Value":1197},{"Length":46,"Height":26,"Demand":3,"DemandMax":null,"Value":1196},{"Length":35,"Height":34,"Demand":8,"DemandMax":null,"Value":1190},{"Length":41,"Height":29,"Demand":4,"DemandMax":null,"Value":1189},{"Length":38,"Height":31,"Demand":5,"DemandMax":null,"Value":1178},{"Length":47,"Height":25,"Demand":6,"DemandMax":null,"Value":1175},{"Length":45,"Height":26,"Demand":4,"DemandMax":null,"Value":1170},{"Length":39,"Height":30,"Demand":7,"DemandMax":null,"Value":1170},{"Length":55,"Height":21,"Demand":4,"DemandMax":null,"Value":1155},{"Length":46,"Height":25,"Demand":3,"DemandMax":null,"Value":1150},{"Length":38,"Height":30,"Demand":5,"DemandMax":null,"Value":1140},{"Length":42,"Height":27,"Demand":5,"DemandMax":null,"Value":1134},{"Length":34,"Height":33,"Demand":7,"DemandMax":null,"Value":1122},{"Length":35,"Height":32,"Demand":6,"DemandMax":null,"Value":1120},{"Length":44,"Height":25,"Demand":2,"DemandMax":null,"Value":1100},{"Length":42,"Height":26,"Demand":3,"DemandMax":null,"Value":1092},{"Length":39,"Height":28,"Demand":3,"DemandMax":null,"Value":1092},{"Length":49,"Height":22,"Demand":5,"DemandMax":null,"Value":1078},{"Length":59,"Height":18,"Demand":2,"DemandMax":null,"Value":1062},{"Length":48,"Height":22,"Demand":6,"DemandMax":null,"Value":1056},{"Length":34,"Height":31,"Demand":2,"DemandMax":null,"Value":1054},{"Length":39,"Height":27,"Demand":4,"DemandMax":null,"Value":1053},{"Length":47,"Height":22,"Demand":3,"DemandMax":null,"Value":1034},{"Length":38,"Height":27,"Demand":6,"DemandMax":null,"Value":1026},{"Length":33,"Height":31,"Demand":4,"DemandMax":null,"Value":1023},{"Length":48,"Height":21,"Demand":6,"DemandMax":null,"Value":1008},{"Length":40,"Height":25,"Demand":4,"DemandMax":null,"Value":1000},{"Length":32,"Height":31,"Demand":3,"DemandMax":null,"Value":992},{"Length":33,"Height":30,"Demand":5,"DemandMax":null,"Value":990},{"Length":38,"Height":26,"Demand":5,"DemandMax":null,"Value":988},{"Length":49,"Height":20,"Demand":1,"DemandMax":null,"Value":980},{"Length":44,"Height":22,"Demand":4,"DemandMax":null,"Value":968},{"Length":40,"Height":24,"Demand":8,"DemandMax":null,"Value":960},{"Length":33,"Height":29,"Demand":5,"DemandMax":null,"Value":957},{"Length":38,"Height":25,"Demand":4,"DemandMax":null,"Value":950},{"Length":35,"Height":27,"Demand":6,"DemandMax":null,"Value":945},{"Length":36,"Height":26,"Demand":3,"DemandMax":null,"Value":936},{"Length":37,"Height":25,"Demand":8,"DemandMax":null,"Value":925},{"Length":51,"Height":18,"Demand":9,"DemandMax":null,"Value":918},{"Length":43,"Height":21,"Demand":3,"DemandMax":null,"Value":903},{"Length":41,"Height":22,"Demand":7,"DemandMax":null,"Value":902},{"Length":32,"Height":28,"Demand":3,"DemandMax":null,"Value":896},{"Length":47,"Height":19,"Demand":5,"DemandMax":null,"Value":893},{"Length":33,"Height":27,"Demand":4,"DemandMax":null,"Value":891},{"Length":30,"Height":29,"Demand":7,"DemandMax":null,"Value":870},{"Length":39,"Height":22,"Demand":5,"DemandMax":null,"Value":858},{"Length":33,"Height":26,"Demand":6,"DemandMax":null,"Value":858},{"Length":57,"Height":15,"Demand":6,"DemandMax":null,"Value":855},{"Length":50,"Height":17,"Demand":2,"DemandMax":null,"Value":850},{"Length":29,"Height":29,"Demand":8,"DemandMax":null,"Value":841},{"Length":35,"Height":24,"Demand":6,"DemandMax":null,"Value":840},{"Length":31,"Height":27,"Demand":2,"DemandMax":null,"Value":837},{"Length":38,"Height":22,"Demand":4,"DemandMax":null,"Value":836},{"Length":33,"Height":25,"Demand":4,"DemandMax":null,"Value":825},{"Length":37,"Height":22,"Demand":6,"DemandMax":null,"Value":814},{"Length":29,"Height":28,"Demand":7,"DemandMax":null,"Value":812},{"Length":30,"Height":27,"Demand":7,"DemandMax":null,"Value":810},{"Length":35,"Height":23,"Demand":6,"DemandMax":null,"Value":805},{"Length":38,"Height":21,"Demand":4,"DemandMax":null,"Value":798},{"Length":36,"Height":22,"Demand":9,"DemandMax":null,"Value":792},{"Length":49,"Height":16,"Demand":5,"DemandMax":null,"Value":784},{"Length":37,"Height":21,"Demand":7,"DemandMax":null,"Value":777},{"Length":31,"Height":25,"Demand":6,"DemandMax":null,"Value":775},{"Length":40,"Height":19,"Demand":4,"DemandMax":null,"Value":760},{"Length":28,"Height":27,"Demand":14,"DemandMax":null,"Value":756},{"Length":54,"Height":14,"Demand":3,"DemandMax":null,"Value":756},{"Length":42,"Height":18,"Demand":11,"DemandMax":null,"Value":756},{"Length":36,"Height":21,"Demand":6,"DemandMax":null,"Value":756},{"Length":50,"Height":15,"Demand":11,"DemandMax":null,"Value":750},{"Length":37,"Height":20,"Demand":6,"DemandMax":null,"Value":740},{"Length":35,"Height":21,"Demand":2,"DemandMax":null,"Value":735},{"Length":28,"Height":26,"Demand":5,"DemandMax":null,"Value":728},{"Length":33,"Height":22,"Demand":4,"DemandMax":null,"Value":726},{"Length":29,"Height":25,"Demand":6,"DemandMax":null,"Value":725},{"Length":38,"Height":19,"Demand":4,"DemandMax":null,"Value":722},{"Length":30,"Height":24,"Demand":3,"DemandMax":null,"Value":720},{"Length":45,"Height":16,"Demand":5,"DemandMax":null,"Value":720},{"Length":55,"Height":13,"Demand":3,"DemandMax":null,"Value":715},{"Length":34,"Height":21,"Demand":7,"DemandMax":null,"Value":714},{"Length":47,"Height":15,"Demand":3,"DemandMax":null,"Value":705},{"Length":32,"Height":22,"Demand":5,"DemandMax":null,"Value":704},{"Length":29,"Height":24,"Demand":4,"DemandMax":null,"Value":696},{"Length":33,"Height":21,"Demand":7,"DemandMax":null,"Value":693},{"Length":46,"Height":15,"Demand":10,"DemandMax":null,"Value":690},{"Length":43,"Height":16,"Demand":8,"DemandMax":null,"Value":688},{"Length":36,"Height":19,"Demand":7,"DemandMax":null,"Value":684},{"Length":57,"Height":12,"Demand":5,"DemandMax":null,"Value":684},{"Length":48,"Height":14,"Demand":8,"DemandMax":null,"Value":672},{"Length":29,"Height":23,"Demand":5,"DemandMax":null,"Value":667},{"Length":27,"Height":24,"Demand":8,"DemandMax":null,"Value":648},{"Length":36,"Height":18,"Demand":7,"DemandMax":null,"Value":648},{"Length":32,"Height":20,"Demand":5,"DemandMax":null,"Value":640},{"Length":45,"Height":14,"Demand":4,"DemandMax":null,"Value":630},{"Length":48,"Height":13,"Demand":7,"DemandMax":null,"Value":624},{"Length":27,"Height":23,"Demand":7,"DemandMax":null,"Value":621},{"Length":28,"Height":22,"Demand":5,"DemandMax":null,"Value":616},{"Length":36,"Height":17,"Demand":5,"DemandMax":null,"Value":612},{"Length":29,"Height":21,"Demand":6,"DemandMax":null,"Value":609},{"Length":40,"Height":15,"Demand":9,"DemandMax":null,"Value":600},{"Length":46,"Height":13,"Demand":2,"DemandMax":null,"Value":598},{"Length":35,"Height":17,"Demand":4,"DemandMax":null,"Value":595},{"Length":37,"Height":16,"Demand":4,"DemandMax":null,"Value":592},{"Length":31,"Height":19,"Demand":6,"DemandMax":null,"Value":589},{"Length":28,"Height":21,"Demand":5,"DemandMax":null,"Value":588},{"Length":42,"Height":14,"Demand":6,"DemandMax":null,"Value":588},{"Length":29,"Height":20,"Demand":11,"DemandMax":null,"Value":580},{"Length":48,"Height":12,"Demand":7,"DemandMax":null,"Value":576},{"Length":36,"Height":16,"Demand":5,"DemandMax":null,"Value":576},{"Length":25,"Height":23,"Demand":5,"DemandMax":null,"Value":575},{"Length":30,"Height":19,"Demand":1,"DemandMax":null,"Value":570},{"Length":51,"Height":11,"Demand":4,"DemandMax":null,"Value":561},{"Length":35,"Height":16,"Demand":5,"DemandMax":null,"Value":560},{"Length":31,"Height":18,"Demand":2,"DemandMax":null,"Value":558},{"Length":26,"Height":21,"Demand":7,"DemandMax":null,"Value":546},{"Length":41,"Height":13,"Demand":4,"DemandMax":null,"Value":533},{"Length":23,"Height":23,"Demand":5,"DemandMax":null,"Value":529},{"Length":48,"Height":11,"Demand":1,"DemandMax":null,"Value":528},{"Length":25,"Height":21,"Demand":8,"DemandMax":null,"Value":525},{"Length":32,"Height":16,"Demand":7,"DemandMax":null,"Value":512},{"Length":30,"Height":17,"Demand":5,"DemandMax":null,"Value":510},{"Length":23,"Height":22,"Demand":1,"DemandMax":null,"Value":506},{"Length":28,"Height":18,"Demand":5,"DemandMax":null,"Value":504},{"Length":36,"Height":14,"Demand":6,"DemandMax":null,"Value":504},{"Length":31,"Height":16,"Demand":3,"DemandMax":null,"Value":496},{"Length":33,"Height":15,"Demand":6,"DemandMax":null,"Value":495},{"Length":35,"Height":14,"Demand":7,"DemandMax":null,"Value":490},{"Length":23,"Height":21,"Demand":5,"DemandMax":null,"Value":483},{"Length":32,"Height":15,"Demand":6,"DemandMax":null,"Value":480},{"Length":30,"Height":16,"Demand":5,"DemandMax":null,"Value":480},{"Length":28,"Height":17,"Demand":10,"DemandMax":null,"Value":476},{"Length":43,"Height":11,"Demand":6,"DemandMax":null,"Value":473},{"Length":26,"Height":18,"Demand":4,"DemandMax":null,"Value":468},{"Length":31,"Height":15,"Demand":8,"DemandMax":null,"Value":465},{"Length":29,"Height":16,"Demand":7,"DemandMax":null,"Value":464},{"Length":22,"Height":21,"Demand":5,"DemandMax":null,"Value":462},{"Length":33,"Height":14,"Demand":4,"DemandMax":null,"Value":462},{"Length":23,"Height":20,"Demand":7,"DemandMax":null,"Value":460},{"Length":27,"Height":17,"Demand":4,"DemandMax":null,"Value":459},{"Length":24,"Height":19,"Demand":3,"DemandMax":null,"Value":456},{"Length":38,"Height":12,"Demand":6,"DemandMax":null,"Value":456},{"Length":35,"Height":13,"Demand":6,"DemandMax":null,"Value":455},{"Length":41,"Height":11,"Demand":3,"DemandMax":null,"Value":451},{"Length":30,"Height":15,"Demand":1,"DemandMax":null,"Value":450},{"Length":32,"Height":14,"Demand":3,"DemandMax":null,"Value":448},{"Length":26,"Height":17,"Demand":8,"DemandMax":null,"Value":442},{"Length":22,"Height":20,"Demand":4,"DemandMax":null,"Value":440},{"Length":34,"Height":12,"Demand":6,"DemandMax":null,"Value":408},{"Length":24,"Height":17,"Demand":7,"DemandMax":null,"Value":408},{"Length":40,"Height":10,"Demand":4,"DemandMax":null,"Value":400},{"Length":22,"Height":18,"Demand":8,"DemandMax":null,"Value":396},{"Length":33,"Height":12,"Demand":5,"DemandMax":null,"Value":396},{"Length":23,"Height":17,"Demand":8,"DemandMax":null,"Value":391},{"Length":26,"Height":15,"Demand":7,"DemandMax":null,"Value":390},{"Length":20,"Height":19,"Demand":8,"DemandMax":null,"Value":380},{"Length":23,"Height":16,"Demand":7,"DemandMax":null,"Value":368},{"Length":28,"Height":13,"Demand":12,"DemandMax":null,"Value":364},{"Length":19,"Height":19,"Demand":4,"DemandMax":null,"Value":361},{"Length":20,"Height":18,"Demand":4,"DemandMax":null,"Value":360},{"Length":21,"Height":17,"Demand":4,"DemandMax":null,"Value":357},{"Length":32,"Height":11,"Demand":8,"DemandMax":null,"Value":352},{"Length":22,"Height":16,"Demand":4,"DemandMax":null,"Value":352},{"Length":25,"Height":14,"Demand":2,"DemandMax":null,"Value":350},{"Length":20,"Height":17,"Demand":2,"DemandMax":null,"Value":340},{"Length":33,"Height":10,"Demand":4,"DemandMax":null,"Value":330},{"Length":27,"Height":12,"Demand":4,"DemandMax":null,"Value":324},{"Length":18,"Height":17,"Demand":5,"DemandMax":null,"Value":306},{"Length":19,"Height":16,"Demand":4,"DemandMax":null,"Value":304},{"Length":20,"Height":15,"Demand":3,"DemandMax":null,"Value":300},{"Length":29,"Height":10,"Demand":8,"DemandMax":null,"Value":290},{"Length":24,"Height":12,"Demand":7,"DemandMax":null,"Value":288},{"Length":19,"Height":15,"Demand":7,"DemandMax":null,"Value":285},{"Length":20,"Height":13,"Demand":4,"DemandMax":null,"Value":260},{"Length":17,"Height":15,"Demand":7,"DemandMax":null,"Value":255},{"Length":23,"Height":11,"Demand":6,"DemandMax":null,"Value":253},{"Length":19,"Height":13,"Demand":4,"DemandMax":null,"Value":247},{"Length":16,"Height":15,"Demand":4,"DemandMax":null,"Value":240},{"Length":19,"Height":12,"Demand":9,"DemandMax":null,"Value":228},{"Length":16,"Height":14,"Demand":3,"DemandMax":null,"Value":224},{"Length":17,"Height":13,"Demand":4,"DemandMax":null,"Value":221},{"Length":17,"Height":12,"Demand":3,"DemandMax":null,"Value":204},{"Length":20,"Height":10,"Demand":5,"DemandMax":null,"Value":200},{"Length":18,"Height":10,"Demand":5,"DemandMax":null,"Value":180}]}