{"Name":"MB07_113","Objects":[{"Length":587,"Height":233,"Stock":null,"Cost":136771}],"Items":[{"Length":59,"Height":36,"Demand":20,"DemandMax":null,"Value":2124},{"Length":60,"Height":34,"Demand":25,"DemandMax":null,"Value":2040},{"Length":55,"Height":37,"Demand":22,"DemandMax":null,"Value":2035},{"Length":47,"Height":37,"Demand":26,"DemandMax":null,"Value":1739},{"Length":51,"Height":31,"Demand":16,"DemandMax":null,"Value":1581},{"Length":45,"Height":34,"Demand":26,"DemandMax":null,"Value":1530},{"Length":46,"Height":33,"Demand":17,"DemandMax":null,"Value":1518},{"Length":48,"Height":31,"Demand":26,"DemandMax":null,"Value":1488},{"Length":53,"Height":28,"Demand":19,"DemandMax":null,"Value":1484},{"Length":43,"Height":33,"Demand":22,"DemandMax":null,"Value":1419},{"Length":50,"Height":28,"Demand":13,"DemandMax":null,"Value":1400},{"Length":41,"Height":34,"Demand":32,"DemandMax":null,"Value":1394},{"Length":42,"Height":33,"Demand":15,"DemandMax":null,"Value":1386},{"Length":49,"Height":27,"Demand":18,"DemandMax":null,"Value":1323},{"Length":50,"Height":26,"Demand":14,"DemandMax":null,"Value":1300},{"Length":43,"Height":30,"Demand":24,"DemandMax":null,"Value":1290},{"Length":56,"Height":23,"Demand":29,"DemandMax":null,"Value":1288},{"Length":36,"Height":33,"Demand":23,"DemandMax":null,"Value":1188},{"Length":37,"Height":32,"Demand":24,"DemandMax":null,"Value":1184},{"Length":59,"Height":20,"Demand":25,"DemandMax":null,"Value":1180},{"Length":50,"Height":23,"Demand":20,"DemandMax":null,"Value":1150},{"Length":35,"Height":32,"Demand":16,"DemandMax":null,"Value":1120},{"Length":35,"Height":30,"Demand":19,"DemandMax":null,"Value":1050},{"Length":36,"Height":29,"Demand":22,"DemandMax":null,"Value":1044},{"Length":37,"Height":28,"Demand":17,"DemandMax":null,"Value":1036},{"Length":56,"Height":18,"Demand":15,"DemandMax":null,"Value":1008},{"Length":47,"Height":21,"Demand":29,"DemandMax":null,"Value":987},{"Length":51,"Height":19,"Demand":19,"DemandMax":null,"Value":969},{"Length":52,"Height":18,"Demand":20,"DemandMax":null,"Value":936},{"Length":39,"Height":24,"Demand":24,"DemandMax":null,"Value":936},{"Length":41,"Height":22,"Demand":13,"DemandMax":null,"Value":902},{"Length":37,"Height":24,"Demand":22,"DemandMax":null,"Value":888},{"Length":49,"Height":18,"Demand":31,"DemandMax":null,"Value":882},{"Length":35,"Height":24,"Demand":16,"DemandMax":null,"Value":840},{"Length":42,"Height":20,"Demand":24,"DemandMax":null,"Value":840},{"Length":33,"Height":25,"Demand":23,"DemandMax":null,"Value":825},{"Length":55,"Height":15,"Demand":21,"DemandMax":null,"Value":825},{"Length":41,"Height":20,"Demand":25,"DemandMax":null,"Value":820},{"Length":42,"Height":18,"Demand":15,"DemandMax":null,"Value":756},{"Length":35,"Height":20,"Demand":23,"DemandMax":null,"Value":700},{"Length":30,"Height":23,"Demand":15,"DemandMax":null,"Value":690},{"Length":49,"Height":14,"Demand":24,"DemandMax":null,"Value":686},{"Length":40,"Height":17,"Demand":28,"DemandMax":null,"Value":680},{"Length":26,"Height":25,"Demand":15,"DemandMax":null,"Value":650},{"Length":43,"Height":15,"Demand":26,"DemandMax":null,"Value":645},{"Length":48,"Height":13,"Demand":21,"DemandMax":null,"Value":624},{"Length":32,"Height":19,"Demand":24,"DemandMax":null,"Value":608},{"Length":35,"Height":17,"Demand":22,"DemandMax":null,"Value":595},{"Length":41,"Height":14,"Demand":26,"DemandMax":null,"Value":574},{"Length":33,"Height":17,"Demand":25,"DemandMax":null,"Value":561},{"Length":25,"Height":22,"Demand":27,"DemandMax":null,"Value":550},{"Length":28,"Height":19,"Demand":25,"DemandMax":null,"Value":532},{"Length":33,"Height":16,"Demand":22,"DemandMax":null,"Value":528},{"Length":23,"Height":22,"Demand":25,"DemandMax":null,"Value":506},{"Length":25,"Height":20,"Demand":22,"DemandMax":null,"Value":500},{"Length":33,"Height":15,"Demand":31,"DemandMax":null,"Value":495},{"Length":30,"Height":16,"Demand":25,"DemandMax":null,"Value":480},{"Length":34,"Height":14,"Demand":18,"DemandMax":null,"Value":476},{"Length":30,"Height":15,"Demand":21,"DemandMax":null,"Value":450},{"Length":29,"Height":15,"Demand":16,"DemandMax":null,"Value":435},{"Length":24,"Height":18,"Demand":22,"DemandMax":null,"Value":432},{"Length":25,"Height":17,"Demand":35,"DemandMax":null,"Value":425},{"Length":24,"Height":15,"Demand":23,"DemandMax":null,"Value":360},{"Length":20,"Height":16,"Demand":14,"DemandMax":null,"Value":320},{"Length":19,"Height":16,"Demand":32,"DemandMax":null,"Value":304},{"Length":21,"Height":10,"Demand":20,"DemandMax":null,"Value":210},{"Length":15,"Height":13,"Demand":27,"DemandMax":null,"Value":195}]}