{"Name":"MB07_142","Objects":[{"Length":587,"Height":233,"Stock":null,"Cost":136771}],"Items":[{"Length":51,"Height":48,"Demand":7,"DemandMax":null,"Value":2448},{"Length":48,"Height":46,"Demand":14,"DemandMax":null,"Value":2208},{"Length":54,"Height":37,"Demand":12,"DemandMax":null,"Value":1998},{"Length":56,"Height":34,"Demand":19,"DemandMax":null,"Value":1904},{"Length":51,"Height":37,"Demand":16,"DemandMax":null,"Value":1887},{"Length":58,"Height":32,"Demand":14,"DemandMax":null,"Value":1856},{"Length":53,"Height":35,"Demand":17,"DemandMax":null,"Value":1855},{"Length":51,"Height":36,"Demand":12,"DemandMax":null,"Value":1836},{"Length":47,"Height":36,"Demand":8,"DemandMax":null,"Value":1692},{"Length":47,"Height":35,"Demand":8,"DemandMax":null,"Value":1645},{"Length":43,"Height":38,"Demand":12,"DemandMax":null,"Value":1634},{"Length":48,"Height":34,"Demand":17,"DemandMax":null,"Value":1632},{"Length":51,"Height":32,"Demand":12,"DemandMax":null,"Value":1632},{"Length":46,"Height":35,"Demand":16,"DemandMax":null,"Value":1610},{"Length":41,"Height":38,"Demand":13,"DemandMax":null,"Value":1558},{"Length":42,"Height":36,"Demand":19,"DemandMax":null,"Value":1512},{"Length":43,"Height":35,"Demand":13,"DemandMax":null,"Value":1505},{"Length":46,"Height":32,"Demand":13,"DemandMax":null,"Value":1472},{"Length":39,"Height":35,"Demand":12,"DemandMax":null,"Value":1365},{"Length":54,"Height":25,"Demand":15,"DemandMax":null,"Value":1350},{"Length":55,"Height":24,"Demand":25,"DemandMax":null,"Value":1320},{"Length":49,"Height":26,"Demand":16,"DemandMax":null,"Value":1274},{"Length":41,"Height":31,"Demand":13,"DemandMax":null,"Value":1271},{"Length":45,"Height":28,"Demand":12,"DemandMax":null,"Value":1260},{"Length":52,"Height":24,"Demand":19,"DemandMax":null,"Value":1248},{"Length":41,"Height":29,"Demand":18,"DemandMax":null,"Value":1189},{"Length":42,"Height":28,"Demand":16,"DemandMax":null,"Value":1176},{"Length":41,"Height":28,"Demand":11,"DemandMax":null,"Value":1148},{"Length":37,"Height":31,"Demand":20,"DemandMax":null,"Value":1147},{"Length":51,"Height":22,"Demand":18,"DemandMax":null,"Value":1122},{"Length":34,"Height":33,"Demand":15,"DemandMax":null,"Value":1122},{"Length":43,"Height":25,"Demand":15,"DemandMax":null,"Value":1075},{"Length":38,"Height":28,"Demand":13,"DemandMax":null,"Value":1064},{"Length":59,"Height":18,"Demand":17,"DemandMax":null,"Value":1062},{"Length":44,"Height":23,"Demand":17,"DemandMax":null,"Value":1012},{"Length":35,"Height":28,"Demand":13,"DemandMax":null,"Value":980},{"Length":36,"Height":27,"Demand":9,"DemandMax":null,"Value":972},{"Length":38,"Height":25,"Demand":15,"DemandMax":null,"Value":950},{"Length":35,"Height":27,"Demand":20,"DemandMax":null,"Value":945},{"Length":43,"Height":21,"Demand":13,"DemandMax":null,"Value":903},{"Length":37,"Height":24,"Demand":16,"DemandMax":null,"Value":888},{"Length":32,"Height":27,"Demand":14,"DemandMax":null,"Value":864},{"Length":44,"Height":19,"Demand":11,"DemandMax":null,"Value":836},{"Length":32,"Height":26,"Demand":16,"DemandMax":null,"Value":832},{"Length":33,"Height":25,"Demand":13,"DemandMax":null,"Value":825},{"Length":35,"Height":23,"Demand":12,"DemandMax":null,"Value":805},{"Length":36,"Height":22,"Demand":12,"DemandMax":null,"Value":792},{"Length":49,"Height":16,"Demand":14,"DemandMax":null,"Value":784},{"Length":39,"Height":20,"Demand":10,"DemandMax":null,"Value":780},{"Length":37,"Height":21,"Demand":13,"DemandMax":null,"Value":777},{"Length":43,"Height":18,"Demand":14,"DemandMax":null,"Value":774},{"Length":32,"Height":24,"Demand":11,"DemandMax":null,"Value":768},{"Length":36,"Height":21,"Demand":15,"DemandMax":null,"Value":756},{"Length":30,"Height":25,"Demand":9,"DemandMax":null,"Value":750},{"Length":50,"Height":15,"Demand":15,"DemandMax":null,"Value":750},{"Length":57,"Height":13,"Demand":14,"DemandMax":null,"Value":741},{"Length":49,"Height":15,"Demand":21,"DemandMax":null,"Value":735},{"Length":35,"Height":21,"Demand":15,"DemandMax":null,"Value":735},{"Length":28,"Height":26,"Demand":13,"DemandMax":null,"Value":728},{"Length":40,"Height":18,"Demand":11,"DemandMax":null,"Value":720},{"Length":59,"Height":12,"Demand":17,"DemandMax":null,"Value":708},{"Length":39,"Height":18,"Demand":18,"DemandMax":null,"Value":702},{"Length":37,"Height":18,"Demand":19,"DemandMax":null,"Value":666},{"Length":30,"Height":22,"Demand":23,"DemandMax":null,"Value":660},{"Length":27,"Height":24,"Demand":11,"DemandMax":null,"Value":648},{"Length":38,"Height":17,"Demand":17,"DemandMax":null,"Value":646},{"Length":28,"Height":23,"Demand":17,"DemandMax":null,"Value":644},{"Length":49,"Height":13,"Demand":12,"DemandMax":null,"Value":637},{"Length":29,"Height":21,"Demand":16,"DemandMax":null,"Value":609},{"Length":36,"Height":16,"Demand":9,"DemandMax":null,"Value":576},{"Length":25,"Height":23,"Demand":13,"DemandMax":null,"Value":575},{"Length":30,"Height":19,"Demand":17,"DemandMax":null,"Value":570},{"Length":40,"Height":14,"Demand":11,"DemandMax":null,"Value":560},{"Length":24,"Height":23,"Demand":9,"DemandMax":null,"Value":552},{"Length":46,"Height":11,"Demand":11,"DemandMax":null,"Value":506},{"Length":33,"Height":15,"Demand":16,"DemandMax":null,"Value":495},{"Length":39,"Height":12,"Demand":13,"DemandMax":null,"Value":468},{"Length":22,"Height":21,"Demand":15,"DemandMax":null,"Value":462},{"Length":24,"Height":19,"Demand":16,"DemandMax":null,"Value":456},{"Length":32,"Height":14,"Demand":17,"DemandMax":null,"Value":448},{"Length":29,"Height":15,"Demand":12,"DemandMax":null,"Value":435},{"Length":24,"Height":18,"Demand":9,"DemandMax":null,"Value":432},{"Length":33,"Height":13,"Demand":14,"DemandMax":null,"Value":429},{"Length":41,"Height":10,"Demand":21,"DemandMax":null,"Value":410},{"Length":27,"Height":15,"Demand":21,"DemandMax":null,"Value":405},{"Length":39,"Height":10,"Demand":20,"DemandMax":null,"Value":390},{"Length":35,"Height":11,"Demand":12,"DemandMax":null,"Value":385},{"Length":23,"Height":16,"Demand":8,"DemandMax":null,"Value":368},{"Length":19,"Height":18,"Demand":11,"DemandMax":null,"Value":342},{"Length":21,"Height":16,"Demand":15,"DemandMax":null,"Value":336},{"Length":24,"Height":14,"Demand":8,"DemandMax":null,"Value":336},{"Length":18,"Height":17,"Demand":19,"DemandMax":null,"Value":306},{"Length":24,"Height":12,"Demand":17,"DemandMax":null,"Value":288},{"Length":18,"Height":11,"Demand":17,"DemandMax":null,"Value":198}]}