{"Name":"MB08_117","Objects":[{"Length":587,"Height":233,"Stock":null,"Cost":136771}],"Items":[{"Length":60,"Height":49,"Demand":2,"DemandMax":null,"Value":2940},{"Length":59,"Height":49,"Demand":2,"DemandMax":null,"Value":2891},{"Length":58,"Height":46,"Demand":2,"DemandMax":null,"Value":2668},{"Length":56,"Height":46,"Demand":3,"DemandMax":null,"Value":2576},{"Length":51,"Height":50,"Demand":3,"DemandMax":null,"Value":2550},{"Length":58,"Height":43,"Demand":2,"DemandMax":null,"Value":2494},{"Length":54,"Height":46,"Demand":1,"DemandMax":null,"Value":2484},{"Length":60,"Height":41,"Demand":2,"DemandMax":null,"Value":2460},{"Length":51,"Height":48,"Demand":1,"DemandMax":null,"Value":2448},{"Length":53,"Height":46,"Demand":2,"DemandMax":null,"Value":2438},{"Length":49,"Height":49,"Demand":1,"DemandMax":null,"Value":2401},{"Length":54,"Height":44,"Demand":6,"DemandMax":null,"Value":2376},{"Length":60,"Height":39,"Demand":2,"DemandMax":null,"Value":2340},{"Length":52,"Height":45,"Demand":2,"DemandMax":null,"Value":2340},{"Length":57,"Height":41,"Demand":1,"DemandMax":null,"Value":2337},{"Length":50,"Height":46,"Demand":2,"DemandMax":null,"Value":2300},{"Length":52,"Height":44,"Demand":4,"DemandMax":null,"Value":2288},{"Length":51,"Height":44,"Demand":1,"DemandMax":null,"Value":2244},{"Length":52,"Height":43,"Demand":2,"DemandMax":null,"Value":2236},{"Length":57,"Height":39,"Demand":4,"DemandMax":null,"Value":2223},{"Length":48,"Height":46,"Demand":4,"DemandMax":null,"Value":2208},{"Length":57,"Height":38,"Demand":1,"DemandMax":null,"Value":2166},{"Length":60,"Height":36,"Demand":2,"DemandMax":null,"Value":2160},{"Length":54,"Height":40,"Demand":3,"DemandMax":null,"Value":2160},{"Length":48,"Height":45,"Demand":3,"DemandMax":null,"Value":2160},{"Length":55,"Height":39,"Demand":1,"DemandMax":null,"Value":2145},{"Length":53,"Height":40,"Demand":3,"DemandMax":null,"Value":2120},{"Length":49,"Height":43,"Demand":5,"DemandMax":null,"Value":2107},{"Length":53,"Height":39,"Demand":2,"DemandMax":null,"Value":2067},{"Length":48,"Height":43,"Demand":1,"DemandMax":null,"Value":2064},{"Length":58,"Height":35,"Demand":2,"DemandMax":null,"Value":2030},{"Length":56,"Height":36,"Demand":1,"DemandMax":null,"Value":2016},{"Length":54,"Height":37,"Demand":3,"DemandMax":null,"Value":1998},{"Length":47,"Height":42,"Demand":3,"DemandMax":null,"Value":1974},{"Length":49,"Height":40,"Demand":1,"DemandMax":null,"Value":1960},{"Length":59,"Height":33,"Demand":4,"DemandMax":null,"Value":1947},{"Length":54,"Height":36,"Demand":1,"DemandMax":null,"Value":1944},{"Length":55,"Height":35,"Demand":1,"DemandMax":null,"Value":1925},{"Length":48,"Height":40,"Demand":2,"DemandMax":null,"Value":1920},{"Length":60,"Height":32,"Demand":1,"DemandMax":null,"Value":1920},{"Length":49,"Height":39,"Demand":7,"DemandMax":null,"Value":1911},{"Length":53,"Height":36,"Demand":1,"DemandMax":null,"Value":1908},{"Length":56,"Height":34,"Demand":2,"DemandMax":null,"Value":1904},{"Length":51,"Height":37,"Demand":4,"DemandMax":null,"Value":1887},{"Length":50,"Height":37,"Demand":3,"DemandMax":null,"Value":1850},{"Length":47,"Height":39,"Demand":1,"DemandMax":null,"Value":1833},{"Length":59,"Height":31,"Demand":2,"DemandMax":null,"Value":1829},{"Length":52,"Height":35,"Demand":3,"DemandMax":null,"Value":1820},{"Length":60,"Height":30,"Demand":7,"DemandMax":null,"Value":1800},{"Length":56,"Height":32,"Demand":1,"DemandMax":null,"Value":1792},{"Length":51,"Height":35,"Demand":2,"DemandMax":null,"Value":1785},{"Length":55,"Height":32,"Demand":2,"DemandMax":null,"Value":1760},{"Length":44,"Height":40,"Demand":2,"DemandMax":null,"Value":1760},{"Length":50,"Height":35,"Demand":3,"DemandMax":null,"Value":1750},{"Length":58,"Height":30,"Demand":5,"DemandMax":null,"Value":1740},{"Length":47,"Height":37,"Demand":3,"DemandMax":null,"Value":1739},{"Length":56,"Height":31,"Demand":1,"DemandMax":null,"Value":1736},{"Length":54,"Height":32,"Demand":2,"DemandMax":null,"Value":1728},{"Length":48,"Height":36,"Demand":1,"DemandMax":null,"Value":1728},{"Length":52,"Height":33,"Demand":3,"DemandMax":null,"Value":1716},{"Length":49,"Height":35,"Demand":3,"DemandMax":null,"Value":1715},{"Length":45,"Height":38,"Demand":2,"DemandMax":null,"Value":1710},{"Length":55,"Height":31,"Demand":1,"DemandMax":null,"Value":1705},{"Length":46,"Height":37,"Demand":3,"DemandMax":null,"Value":1702},{"Length":48,"Height":35,"Demand":2,"DemandMax":null,"Value":1680},{"Length":43,"Height":39,"Demand":2,"DemandMax":null,"Value":1677},{"Length":54,"Height":31,"Demand":2,"DemandMax":null,"Value":1674},{"Length":45,"Height":37,"Demand":4,"DemandMax":null,"Value":1665},{"Length":42,"Height":39,"Demand":3,"DemandMax":null,"Value":1638},{"Length":48,"Height":34,"Demand":5,"DemandMax":null,"Value":1632},{"Length":44,"Height":37,"Demand":3,"DemandMax":null,"Value":1628},{"Length":56,"Height":29,"Demand":5,"DemandMax":null,"Value":1624},{"Length":46,"Height":35,"Demand":5,"DemandMax":null,"Value":1610},{"Length":47,"Height":34,"Demand":4,"DemandMax":null,"Value":1598},{"Length":48,"Height":33,"Demand":1,"DemandMax":null,"Value":1584},{"Length":51,"Height":31,"Demand":3,"DemandMax":null,"Value":1581},{"Length":45,"Height":35,"Demand":2,"DemandMax":null,"Value":1575},{"Length":49,"Height":32,"Demand":3,"DemandMax":null,"Value":1568},{"Length":54,"Height":29,"Demand":1,"DemandMax":null,"Value":1566},{"Length":58,"Height":27,"Demand":2,"DemandMax":null,"Value":1566},{"Length":46,"Height":34,"Demand":3,"DemandMax":null,"Value":1564},{"Length":40,"Height":39,"Demand":2,"DemandMax":null,"Value":1560},{"Length":41,"Height":38,"Demand":3,"DemandMax":null,"Value":1558},{"Length":42,"Height":37,"Demand":4,"DemandMax":null,"Value":1554},{"Length":47,"Height":33,"Demand":3,"DemandMax":null,"Value":1551},{"Length":44,"Height":35,"Demand":5,"DemandMax":null,"Value":1540},{"Length":55,"Height":28,"Demand":3,"DemandMax":null,"Value":1540},{"Length":57,"Height":27,"Demand":1,"DemandMax":null,"Value":1539},{"Length":53,"Height":29,"Demand":2,"DemandMax":null,"Value":1537},{"Length":48,"Height":32,"Demand":1,"DemandMax":null,"Value":1536},{"Length":45,"Height":34,"Demand":3,"DemandMax":null,"Value":1530},{"Length":49,"Height":31,"Demand":2,"DemandMax":null,"Value":1519},{"Length":46,"Height":33,"Demand":3,"DemandMax":null,"Value":1518},{"Length":47,"Height":32,"Demand":2,"DemandMax":null,"Value":1504},{"Length":44,"Height":34,"Demand":2,"DemandMax":null,"Value":1496},{"Length":48,"Height":31,"Demand":4,"DemandMax":null,"Value":1488},{"Length":41,"Height":36,"Demand":1,"DemandMax":null,"Value":1476},{"Length":49,"Height":30,"Demand":2,"DemandMax":null,"Value":1470},{"Length":54,"Height":27,"Demand":2,"DemandMax":null,"Value":1458},{"Length":56,"Height":26,"Demand":3,"DemandMax":null,"Value":1456},{"Length":44,"Height":33,"Demand":2,"DemandMax":null,"Value":1452},{"Length":58,"Height":25,"Demand":3,"DemandMax":null,"Value":1450},{"Length":38,"Height":38,"Demand":3,"DemandMax":null,"Value":1444},{"Length":41,"Height":35,"Demand":3,"DemandMax":null,"Value":1435},{"Length":42,"Height":34,"Demand":2,"DemandMax":null,"Value":1428},{"Length":46,"Height":31,"Demand":3,"DemandMax":null,"Value":1426},{"Length":49,"Height":29,"Demand":3,"DemandMax":null,"Value":1421},{"Length":43,"Height":33,"Demand":1,"DemandMax":null,"Value":1419},{"Length":59,"Height":24,"Demand":4,"DemandMax":null,"Value":1416},{"Length":39,"Height":36,"Demand":5,"DemandMax":null,"Value":1404},{"Length":54,"Height":26,"Demand":2,"DemandMax":null,"Value":1404},{"Length":56,"Height":25,"Demand":2,"DemandMax":null,"Value":1400},{"Length":48,"Height":29,"Demand":1,"DemandMax":null,"Value":1392},{"Length":42,"Height":33,"Demand":6,"DemandMax":null,"Value":1386},{"Length":51,"Height":27,"Demand":6,"DemandMax":null,"Value":1377},{"Length":43,"Height":32,"Demand":2,"DemandMax":null,"Value":1376},{"Length":49,"Height":28,"Demand":2,"DemandMax":null,"Value":1372},{"Length":57,"Height":24,"Demand":2,"DemandMax":null,"Value":1368},{"Length":39,"Height":35,"Demand":4,"DemandMax":null,"Value":1365},{"Length":45,"Height":30,"Demand":3,"DemandMax":null,"Value":1350},{"Length":50,"Height":27,"Demand":2,"DemandMax":null,"Value":1350},{"Length":46,"Height":29,"Demand":5,"DemandMax":null,"Value":1334},{"Length":37,"Height":36,"Demand":2,"DemandMax":null,"Value":1332},{"Length":51,"Height":26,"Demand":3,"DemandMax":null,"Value":1326},{"Length":44,"Height":30,"Demand":1,"DemandMax":null,"Value":1320},{"Length":45,"Height":29,"Demand":1,"DemandMax":null,"Value":1305},{"Length":42,"Height":31,"Demand":3,"DemandMax":null,"Value":1302},{"Length":50,"Height":26,"Demand":2,"DemandMax":null,"Value":1300},{"Length":54,"Height":24,"Demand":1,"DemandMax":null,"Value":1296},{"Length":37,"Height":35,"Demand":2,"DemandMax":null,"Value":1295},{"Length":38,"Height":34,"Demand":2,"DemandMax":null,"Value":1292},{"Length":43,"Height":30,"Demand":1,"DemandMax":null,"Value":1290},{"Length":56,"Height":23,"Demand":3,"DemandMax":null,"Value":1288},{"Length":39,"Height":33,"Demand":3,"DemandMax":null,"Value":1287},{"Length":40,"Height":32,"Demand":2,"DemandMax":null,"Value":1280},{"Length":53,"Height":24,"Demand":3,"DemandMax":null,"Value":1272},{"Length":55,"Height":23,"Demand":3,"DemandMax":null,"Value":1265},{"Length":45,"Height":28,"Demand":3,"DemandMax":null,"Value":1260},{"Length":37,"Height":34,"Demand":3,"DemandMax":null,"Value":1258},{"Length":57,"Height":22,"Demand":4,"DemandMax":null,"Value":1254},{"Length":40,"Height":31,"Demand":3,"DemandMax":null,"Value":1240},{"Length":44,"Height":28,"Demand":5,"DemandMax":null,"Value":1232},{"Length":41,"Height":30,"Demand":3,"DemandMax":null,"Value":1230},{"Length":49,"Height":25,"Demand":1,"DemandMax":null,"Value":1225},{"Length":36,"Height":34,"Demand":5,"DemandMax":null,"Value":1224},{"Length":47,"Height":26,"Demand":2,"DemandMax":null,"Value":1222},{"Length":37,"Height":33,"Demand":2,"DemandMax":null,"Value":1221},{"Length":42,"Height":29,"Demand":2,"DemandMax":null,"Value":1218},{"Length":38,"Height":32,"Demand":2,"DemandMax":null,"Value":1216},{"Length":45,"Height":27,"Demand":2,"DemandMax":null,"Value":1215},{"Length":55,"Height":22,"Demand":1,"DemandMax":null,"Value":1210},{"Length":43,"Height":28,"Demand":2,"DemandMax":null,"Value":1204},{"Length":50,"Height":24,"Demand":3,"DemandMax":null,"Value":1200},{"Length":57,"Height":21,"Demand":1,"DemandMax":null,"Value":1197},{"Length":35,"Height":34,"Demand":3,"DemandMax":null,"Value":1190},{"Length":41,"Height":29,"Demand":3,"DemandMax":null,"Value":1189},{"Length":44,"Height":27,"Demand":2,"DemandMax":null,"Value":1188},{"Length":54,"Height":22,"Demand":2,"DemandMax":null,"Value":1188},{"Length":37,"Height":32,"Demand":4,"DemandMax":null,"Value":1184},{"Length":38,"Height":31,"Demand":3,"DemandMax":null,"Value":1178},{"Length":42,"Height":28,"Demand":6,"DemandMax":null,"Value":1176},{"Length":49,"Height":24,"Demand":3,"DemandMax":null,"Value":1176},{"Length":47,"Height":25,"Demand":2,"DemandMax":null,"Value":1175},{"Length":45,"Height":26,"Demand":2,"DemandMax":null,"Value":1170},{"Length":53,"Height":22,"Demand":1,"DemandMax":null,"Value":1166},{"Length":43,"Height":27,"Demand":2,"DemandMax":null,"Value":1161},{"Length":40,"Height":29,"Demand":2,"DemandMax":null,"Value":1160},{"Length":34,"Height":34,"Demand":3,"DemandMax":null,"Value":1156},{"Length":35,"Height":33,"Demand":2,"DemandMax":null,"Value":1155},{"Length":36,"Height":32,"Demand":2,"DemandMax":null,"Value":1152},{"Length":50,"Height":23,"Demand":2,"DemandMax":null,"Value":1150},{"Length":41,"Height":28,"Demand":1,"DemandMax":null,"Value":1148},{"Length":37,"Height":31,"Demand":1,"DemandMax":null,"Value":1147},{"Length":44,"Height":26,"Demand":3,"DemandMax":null,"Value":1144},{"Length":60,"Height":19,"Demand":2,"DemandMax":null,"Value":1140},{"Length":38,"Height":30,"Demand":3,"DemandMax":null,"Value":1140},{"Length":54,"Height":21,"Demand":2,"DemandMax":null,"Value":1134},{"Length":39,"Height":29,"Demand":1,"DemandMax":null,"Value":1131},{"Length":47,"Height":24,"Demand":2,"DemandMax":null,"Value":1128},{"Length":34,"Height":33,"Demand":2,"DemandMax":null,"Value":1122},{"Length":59,"Height":19,"Demand":1,"DemandMax":null,"Value":1121},{"Length":56,"Height":20,"Demand":2,"DemandMax":null,"Value":1120},{"Length":35,"Height":32,"Demand":2,"DemandMax":null,"Value":1120},{"Length":43,"Height":26,"Demand":2,"DemandMax":null,"Value":1118},{"Length":53,"Height":21,"Demand":2,"DemandMax":null,"Value":1113},{"Length":37,"Height":30,"Demand":3,"DemandMax":null,"Value":1110},{"Length":48,"Height":23,"Demand":3,"DemandMax":null,"Value":1104},{"Length":38,"Height":29,"Demand":4,"DemandMax":null,"Value":1102},{"Length":44,"Height":25,"Demand":1,"DemandMax":null,"Value":1100},{"Length":39,"Height":28,"Demand":3,"DemandMax":null,"Value":1092},{"Length":33,"Height":33,"Demand":1,"DemandMax":null,"Value":1089},{"Length":34,"Height":32,"Demand":1,"DemandMax":null,"Value":1088},{"Length":35,"Height":31,"Demand":1,"DemandMax":null,"Value":1085},{"Length":40,"Height":27,"Demand":1,"DemandMax":null,"Value":1080},{"Length":45,"Height":24,"Demand":3,"DemandMax":null,"Value":1080},{"Length":54,"Height":20,"Demand":3,"DemandMax":null,"Value":1080},{"Length":43,"Height":25,"Demand":1,"DemandMax":null,"Value":1075},{"Length":41,"Height":26,"Demand":2,"DemandMax":null,"Value":1066},{"Length":56,"Height":19,"Demand":3,"DemandMax":null,"Value":1064},{"Length":59,"Height":18,"Demand":1,"DemandMax":null,"Value":1062},{"Length":33,"Height":32,"Demand":2,"DemandMax":null,"Value":1056},{"Length":44,"Height":24,"Demand":3,"DemandMax":null,"Value":1056},{"Length":39,"Height":27,"Demand":2,"DemandMax":null,"Value":1053},{"Length":35,"Height":30,"Demand":1,"DemandMax":null,"Value":1050},{"Length":55,"Height":19,"Demand":2,"DemandMax":null,"Value":1045},{"Length":36,"Height":29,"Demand":1,"DemandMax":null,"Value":1044},{"Length":40,"Height":26,"Demand":5,"DemandMax":null,"Value":1040},{"Length":37,"Height":28,"Demand":1,"DemandMax":null,"Value":1036},{"Length":57,"Height":18,"Demand":5,"DemandMax":null,"Value":1026},{"Length":38,"Height":27,"Demand":2,"DemandMax":null,"Value":1026},{"Length":32,"Height":32,"Demand":1,"DemandMax":null,"Value":1024},{"Length":34,"Height":30,"Demand":2,"DemandMax":null,"Value":1020},{"Length":35,"Height":29,"Demand":4,"DemandMax":null,"Value":1015},{"Length":46,"Height":22,"Demand":1,"DemandMax":null,"Value":1012},{"Length":50,"Height":20,"Demand":2,"DemandMax":null,"Value":1000},{"Length":33,"Height":30,"Demand":2,"DemandMax":null,"Value":990},{"Length":45,"Height":22,"Demand":1,"DemandMax":null,"Value":990},{"Length":38,"Height":26,"Demand":2,"DemandMax":null,"Value":988},{"Length":34,"Height":29,"Demand":3,"DemandMax":null,"Value":986},{"Length":58,"Height":17,"Demand":1,"DemandMax":null,"Value":986},{"Length":39,"Height":25,"Demand":2,"DemandMax":null,"Value":975},{"Length":36,"Height":27,"Demand":6,"DemandMax":null,"Value":972},{"Length":46,"Height":21,"Demand":1,"DemandMax":null,"Value":966},{"Length":40,"Height":24,"Demand":2,"DemandMax":null,"Value":960},{"Length":33,"Height":29,"Demand":2,"DemandMax":null,"Value":957},{"Length":56,"Height":17,"Demand":2,"DemandMax":null,"Value":952},{"Length":34,"Height":28,"Demand":3,"DemandMax":null,"Value":952},{"Length":45,"Height":21,"Demand":2,"DemandMax":null,"Value":945},{"Length":35,"Height":27,"Demand":5,"DemandMax":null,"Value":945},{"Length":59,"Height":16,"Demand":2,"DemandMax":null,"Value":944},{"Length":41,"Height":23,"Demand":3,"DemandMax":null,"Value":943},{"Length":47,"Height":20,"Demand":1,"DemandMax":null,"Value":940},{"Length":36,"Height":26,"Demand":3,"DemandMax":null,"Value":936},{"Length":49,"Height":19,"Demand":2,"DemandMax":null,"Value":931},{"Length":31,"Height":30,"Demand":3,"DemandMax":null,"Value":930},{"Length":32,"Height":29,"Demand":2,"DemandMax":null,"Value":928},{"Length":37,"Height":25,"Demand":3,"DemandMax":null,"Value":925},{"Length":42,"Height":22,"Demand":3,"DemandMax":null,"Value":924},{"Length":33,"Height":28,"Demand":2,"DemandMax":null,"Value":924},{"Length":40,"Height":23,"Demand":3,"DemandMax":null,"Value":920},{"Length":46,"Height":20,"Demand":5,"DemandMax":null,"Value":920},{"Length":34,"Height":27,"Demand":2,"DemandMax":null,"Value":918},{"Length":54,"Height":17,"Demand":4,"DemandMax":null,"Value":918},{"Length":38,"Height":24,"Demand":5,"DemandMax":null,"Value":912},{"Length":35,"Height":26,"Demand":5,"DemandMax":null,"Value":910},{"Length":36,"Height":25,"Demand":2,"DemandMax":null,"Value":900},{"Length":45,"Height":20,"Demand":4,"DemandMax":null,"Value":900},{"Length":50,"Height":18,"Demand":1,"DemandMax":null,"Value":900},{"Length":32,"Height":28,"Demand":3,"DemandMax":null,"Value":896},{"Length":47,"Height":19,"Demand":2,"DemandMax":null,"Value":893},{"Length":33,"Height":27,"Demand":4,"DemandMax":null,"Value":891},{"Length":37,"Height":24,"Demand":1,"DemandMax":null,"Value":888},{"Length":34,"Height":26,"Demand":3,"DemandMax":null,"Value":884},{"Length":55,"Height":16,"Demand":4,"DemandMax":null,"Value":880},{"Length":44,"Height":20,"Demand":2,"DemandMax":null,"Value":880},{"Length":40,"Height":22,"Demand":2,"DemandMax":null,"Value":880},{"Length":35,"Height":25,"Demand":2,"DemandMax":null,"Value":875},{"Length":30,"Height":29,"Demand":2,"DemandMax":null,"Value":870},{"Length":31,"Height":28,"Demand":1,"DemandMax":null,"Value":868},{"Length":51,"Height":17,"Demand":3,"DemandMax":null,"Value":867},{"Length":48,"Height":18,"Demand":2,"DemandMax":null,"Value":864},{"Length":33,"Height":26,"Demand":5,"DemandMax":null,"Value":858},{"Length":37,"Height":23,"Demand":3,"DemandMax":null,"Value":851},{"Length":47,"Height":18,"Demand":2,"DemandMax":null,"Value":846},{"Length":40,"Height":21,"Demand":1,"DemandMax":null,"Value":840},{"Length":35,"Height":24,"Demand":5,"DemandMax":null,"Value":840},{"Length":42,"Height":20,"Demand":3,"DemandMax":null,"Value":840},{"Length":31,"Height":27,"Demand":1,"DemandMax":null,"Value":837},{"Length":38,"Height":22,"Demand":2,"DemandMax":null,"Value":836},{"Length":32,"Height":26,"Demand":1,"DemandMax":null,"Value":832},{"Length":36,"Height":23,"Demand":1,"DemandMax":null,"Value":828},{"Length":46,"Height":18,"Demand":2,"DemandMax":null,"Value":828},{"Length":59,"Height":14,"Demand":2,"DemandMax":null,"Value":826},{"Length":33,"Height":25,"Demand":4,"DemandMax":null,"Value":825},{"Length":41,"Height":20,"Demand":4,"DemandMax":null,"Value":820},{"Length":43,"Height":19,"Demand":3,"DemandMax":null,"Value":817},{"Length":34,"Height":24,"Demand":1,"DemandMax":null,"Value":816},{"Length":48,"Height":17,"Demand":1,"DemandMax":null,"Value":816},{"Length":37,"Height":22,"Demand":1,"DemandMax":null,"Value":814},{"Length":29,"Height":28,"Demand":2,"DemandMax":null,"Value":812},{"Length":30,"Height":27,"Demand":3,"DemandMax":null,"Value":810},{"Length":31,"Height":26,"Demand":4,"DemandMax":null,"Value":806},{"Length":35,"Height":23,"Demand":2,"DemandMax":null,"Value":805},{"Length":32,"Height":25,"Demand":1,"DemandMax":null,"Value":800},{"Length":47,"Height":17,"Demand":3,"DemandMax":null,"Value":799},{"Length":38,"Height":21,"Demand":2,"DemandMax":null,"Value":798},{"Length":53,"Height":15,"Demand":2,"DemandMax":null,"Value":795},{"Length":36,"Height":22,"Demand":8,"DemandMax":null,"Value":792},{"Length":33,"Height":24,"Demand":7,"DemandMax":null,"Value":792},{"Length":44,"Height":18,"Demand":1,"DemandMax":null,"Value":792},{"Length":29,"Height":27,"Demand":3,"DemandMax":null,"Value":783},{"Length":52,"Height":15,"Demand":2,"DemandMax":null,"Value":780},{"Length":60,"Height":13,"Demand":1,"DemandMax":null,"Value":780},{"Length":41,"Height":19,"Demand":2,"DemandMax":null,"Value":779},{"Length":31,"Height":25,"Demand":2,"DemandMax":null,"Value":775},{"Length":35,"Height":22,"Demand":3,"DemandMax":null,"Value":770},{"Length":48,"Height":16,"Demand":4,"DemandMax":null,"Value":768},{"Length":32,"Height":24,"Demand":3,"DemandMax":null,"Value":768},{"Length":59,"Height":13,"Demand":3,"DemandMax":null,"Value":767},{"Length":45,"Height":17,"Demand":2,"DemandMax":null,"Value":765},{"Length":40,"Height":19,"Demand":2,"DemandMax":null,"Value":760},{"Length":38,"Height":20,"Demand":3,"DemandMax":null,"Value":760},{"Length":36,"Height":21,"Demand":3,"DemandMax":null,"Value":756},{"Length":42,"Height":18,"Demand":3,"DemandMax":null,"Value":756},{"Length":29,"Height":26,"Demand":1,"DemandMax":null,"Value":754},{"Length":58,"Height":13,"Demand":2,"DemandMax":null,"Value":754},{"Length":30,"Height":25,"Demand":4,"DemandMax":null,"Value":750},{"Length":34,"Height":22,"Demand":3,"DemandMax":null,"Value":748},{"Length":39,"Height":19,"Demand":2,"DemandMax":null,"Value":741},{"Length":41,"Height":18,"Demand":1,"DemandMax":null,"Value":738},{"Length":49,"Height":15,"Demand":3,"DemandMax":null,"Value":735},{"Length":33,"Height":22,"Demand":4,"DemandMax":null,"Value":726},{"Length":38,"Height":19,"Demand":2,"DemandMax":null,"Value":722},{"Length":36,"Height":20,"Demand":2,"DemandMax":null,"Value":720},{"Length":30,"Height":24,"Demand":3,"DemandMax":null,"Value":720},{"Length":45,"Height":16,"Demand":1,"DemandMax":null,"Value":720},{"Length":34,"Height":21,"Demand":2,"DemandMax":null,"Value":714},{"Length":37,"Height":19,"Demand":1,"DemandMax":null,"Value":703},{"Length":27,"Height":26,"Demand":1,"DemandMax":null,"Value":702},{"Length":35,"Height":20,"Demand":4,"DemandMax":null,"Value":700},{"Length":29,"Height":24,"Demand":3,"DemandMax":null,"Value":696},{"Length":33,"Height":21,"Demand":1,"DemandMax":null,"Value":693},{"Length":30,"Height":23,"Demand":2,"DemandMax":null,"Value":690},{"Length":49,"Height":14,"Demand":2,"DemandMax":null,"Value":686},{"Length":38,"Height":18,"Demand":2,"DemandMax":null,"Value":684},{"Length":31,"Height":22,"Demand":4,"DemandMax":null,"Value":682},{"Length":34,"Height":20,"Demand":2,"DemandMax":null,"Value":680},{"Length":26,"Height":26,"Demand":3,"DemandMax":null,"Value":676},{"Length":27,"Height":25,"Demand":3,"DemandMax":null,"Value":675},{"Length":32,"Height":21,"Demand":4,"DemandMax":null,"Value":672},{"Length":37,"Height":18,"Demand":2,"DemandMax":null,"Value":666},{"Length":33,"Height":20,"Demand":4,"DemandMax":null,"Value":660},{"Length":44,"Height":15,"Demand":5,"DemandMax":null,"Value":660},{"Length":41,"Height":16,"Demand":4,"DemandMax":null,"Value":656},{"Length":50,"Height":13,"Demand":5,"DemandMax":null,"Value":650},{"Length":26,"Height":25,"Demand":3,"DemandMax":null,"Value":650},{"Length":27,"Height":24,"Demand":4,"DemandMax":null,"Value":648},{"Length":36,"Height":18,"Demand":1,"DemandMax":null,"Value":648},{"Length":38,"Height":17,"Demand":5,"DemandMax":null,"Value":646},{"Length":34,"Height":19,"Demand":3,"DemandMax":null,"Value":646},{"Length":28,"Height":23,"Demand":2,"DemandMax":null,"Value":644},{"Length":40,"Height":16,"Demand":4,"DemandMax":null,"Value":640},{"Length":32,"Height":20,"Demand":1,"DemandMax":null,"Value":640},{"Length":49,"Height":13,"Demand":3,"DemandMax":null,"Value":637},{"Length":45,"Height":14,"Demand":5,"DemandMax":null,"Value":630},{"Length":35,"Height":18,"Demand":4,"DemandMax":null,"Value":630},{"Length":42,"Height":15,"Demand":4,"DemandMax":null,"Value":630},{"Length":33,"Height":19,"Demand":2,"DemandMax":null,"Value":627},{"Length":25,"Height":25,"Demand":4,"DemandMax":null,"Value":625},{"Length":52,"Height":12,"Demand":4,"DemandMax":null,"Value":624},{"Length":27,"Height":23,"Demand":2,"DemandMax":null,"Value":621},{"Length":31,"Height":20,"Demand":3,"DemandMax":null,"Value":620},{"Length":41,"Height":15,"Demand":3,"DemandMax":null,"Value":615},{"Length":34,"Height":18,"Demand":1,"DemandMax":null,"Value":612},{"Length":51,"Height":12,"Demand":2,"DemandMax":null,"Value":612},{"Length":38,"Height":16,"Demand":2,"DemandMax":null,"Value":608},{"Length":32,"Height":19,"Demand":3,"DemandMax":null,"Value":608},{"Length":43,"Height":14,"Demand":5,"DemandMax":null,"Value":602},{"Length":25,"Height":24,"Demand":5,"DemandMax":null,"Value":600},{"Length":26,"Height":23,"Demand":1,"DemandMax":null,"Value":598},{"Length":27,"Height":22,"Demand":3,"DemandMax":null,"Value":594},{"Length":33,"Height":18,"Demand":2,"DemandMax":null,"Value":594},{"Length":37,"Height":16,"Demand":2,"DemandMax":null,"Value":592},{"Length":31,"Height":19,"Demand":3,"DemandMax":null,"Value":589},{"Length":28,"Height":21,"Demand":1,"DemandMax":null,"Value":588},{"Length":39,"Height":15,"Demand":1,"DemandMax":null,"Value":585},{"Length":29,"Height":20,"Demand":2,"DemandMax":null,"Value":580},{"Length":36,"Height":16,"Demand":2,"DemandMax":null,"Value":576},{"Length":32,"Height":18,"Demand":3,"DemandMax":null,"Value":576},{"Length":24,"Height":24,"Demand":2,"DemandMax":null,"Value":576},{"Length":48,"Height":12,"Demand":4,"DemandMax":null,"Value":576},{"Length":25,"Height":23,"Demand":4,"DemandMax":null,"Value":575},{"Length":26,"Height":22,"Demand":7,"DemandMax":null,"Value":572},{"Length":44,"Height":13,"Demand":1,"DemandMax":null,"Value":572},{"Length":57,"Height":10,"Demand":2,"DemandMax":null,"Value":570},{"Length":30,"Height":19,"Demand":3,"DemandMax":null,"Value":570},{"Length":38,"Height":15,"Demand":3,"DemandMax":null,"Value":570},{"Length":27,"Height":21,"Demand":1,"DemandMax":null,"Value":567},{"Length":33,"Height":17,"Demand":2,"DemandMax":null,"Value":561},{"Length":35,"Height":16,"Demand":2,"DemandMax":null,"Value":560},{"Length":56,"Height":10,"Demand":5,"DemandMax":null,"Value":560},{"Length":28,"Height":20,"Demand":4,"DemandMax":null,"Value":560},{"Length":40,"Height":14,"Demand":6,"DemandMax":null,"Value":560},{"Length":31,"Height":18,"Demand":1,"DemandMax":null,"Value":558},{"Length":37,"Height":15,"Demand":1,"DemandMax":null,"Value":555},{"Length":29,"Height":19,"Demand":2,"DemandMax":null,"Value":551},{"Length":50,"Height":11,"Demand":3,"DemandMax":null,"Value":550},{"Length":26,"Height":21,"Demand":1,"DemandMax":null,"Value":546},{"Length":34,"Height":16,"Demand":4,"DemandMax":null,"Value":544},{"Length":36,"Height":15,"Demand":2,"DemandMax":null,"Value":540},{"Length":45,"Height":12,"Demand":1,"DemandMax":null,"Value":540},{"Length":30,"Height":18,"Demand":4,"DemandMax":null,"Value":540},{"Length":28,"Height":19,"Demand":2,"DemandMax":null,"Value":532},{"Length":24,"Height":22,"Demand":2,"DemandMax":null,"Value":528},{"Length":33,"Height":16,"Demand":3,"DemandMax":null,"Value":528},{"Length":48,"Height":11,"Demand":2,"DemandMax":null,"Value":528},{"Length":31,"Height":17,"Demand":1,"DemandMax":null,"Value":527},{"Length":29,"Height":18,"Demand":2,"DemandMax":null,"Value":522},{"Length":40,"Height":13,"Demand":2,"DemandMax":null,"Value":520},{"Length":37,"Height":14,"Demand":2,"DemandMax":null,"Value":518},{"Length":43,"Height":12,"Demand":4,"DemandMax":null,"Value":516},{"Length":32,"Height":16,"Demand":3,"DemandMax":null,"Value":512},{"Length":30,"Height":17,"Demand":5,"DemandMax":null,"Value":510},{"Length":51,"Height":10,"Demand":1,"DemandMax":null,"Value":510},{"Length":36,"Height":14,"Demand":1,"DemandMax":null,"Value":504},{"Length":25,"Height":20,"Demand":1,"DemandMax":null,"Value":500},{"Length":33,"Height":15,"Demand":1,"DemandMax":null,"Value":495},{"Length":38,"Height":13,"Demand":1,"DemandMax":null,"Value":494},{"Length":26,"Height":19,"Demand":1,"DemandMax":null,"Value":494},{"Length":23,"Height":21,"Demand":3,"DemandMax":null,"Value":483},{"Length":37,"Height":13,"Demand":1,"DemandMax":null,"Value":481},{"Length":24,"Height":20,"Demand":1,"DemandMax":null,"Value":480},{"Length":40,"Height":12,"Demand":2,"DemandMax":null,"Value":480},{"Length":28,"Height":17,"Demand":1,"DemandMax":null,"Value":476},{"Length":47,"Height":10,"Demand":2,"DemandMax":null,"Value":470},{"Length":39,"Height":12,"Demand":5,"DemandMax":null,"Value":468},{"Length":26,"Height":18,"Demand":2,"DemandMax":null,"Value":468},{"Length":31,"Height":15,"Demand":2,"DemandMax":null,"Value":465},{"Length":29,"Height":16,"Demand":2,"DemandMax":null,"Value":464},{"Length":22,"Height":21,"Demand":7,"DemandMax":null,"Value":462},{"Length":42,"Height":11,"Demand":5,"DemandMax":null,"Value":462},{"Length":46,"Height":10,"Demand":2,"DemandMax":null,"Value":460},{"Length":27,"Height":17,"Demand":3,"DemandMax":null,"Value":459},{"Length":24,"Height":19,"Demand":4,"DemandMax":null,"Value":456},{"Length":38,"Height":12,"Demand":4,"DemandMax":null,"Value":456},{"Length":30,"Height":15,"Demand":3,"DemandMax":null,"Value":450},{"Length":28,"Height":16,"Demand":1,"DemandMax":null,"Value":448},{"Length":26,"Height":17,"Demand":3,"DemandMax":null,"Value":442},{"Length":34,"Height":13,"Demand":1,"DemandMax":null,"Value":442},{"Length":40,"Height":11,"Demand":1,"DemandMax":null,"Value":440},{"Length":27,"Height":16,"Demand":2,"DemandMax":null,"Value":432},{"Length":24,"Height":18,"Demand":1,"DemandMax":null,"Value":432},{"Length":33,"Height":13,"Demand":2,"DemandMax":null,"Value":429},{"Length":25,"Height":17,"Demand":1,"DemandMax":null,"Value":425},{"Length":21,"Height":20,"Demand":2,"DemandMax":null,"Value":420},{"Length":28,"Height":15,"Demand":3,"DemandMax":null,"Value":420},{"Length":30,"Height":14,"Demand":2,"DemandMax":null,"Value":420},{"Length":42,"Height":10,"Demand":1,"DemandMax":null,"Value":420},{"Length":38,"Height":11,"Demand":3,"DemandMax":null,"Value":418},{"Length":26,"Height":16,"Demand":3,"DemandMax":null,"Value":416},{"Length":27,"Height":15,"Demand":1,"DemandMax":null,"Value":405},{"Length":31,"Height":13,"Demand":3,"DemandMax":null,"Value":403},{"Length":25,"Height":16,"Demand":1,"DemandMax":null,"Value":400},{"Length":21,"Height":19,"Demand":1,"DemandMax":null,"Value":399},{"Length":33,"Height":12,"Demand":1,"DemandMax":null,"Value":396},{"Length":28,"Height":14,"Demand":3,"DemandMax":null,"Value":392},{"Length":23,"Height":17,"Demand":2,"DemandMax":null,"Value":391},{"Length":24,"Height":16,"Demand":2,"DemandMax":null,"Value":384},{"Length":32,"Height":12,"Demand":4,"DemandMax":null,"Value":384},{"Length":20,"Height":19,"Demand":2,"DemandMax":null,"Value":380},{"Length":27,"Height":14,"Demand":3,"DemandMax":null,"Value":378},{"Length":21,"Height":18,"Demand":8,"DemandMax":null,"Value":378},{"Length":22,"Height":17,"Demand":1,"DemandMax":null,"Value":374},{"Length":34,"Height":11,"Demand":2,"DemandMax":null,"Value":374},{"Length":31,"Height":12,"Demand":1,"DemandMax":null,"Value":372},{"Length":37,"Height":10,"Demand":4,"DemandMax":null,"Value":370},{"Length":19,"Height":19,"Demand":1,"DemandMax":null,"Value":361},{"Length":20,"Height":18,"Demand":4,"DemandMax":null,"Value":360},{"Length":30,"Height":12,"Demand":3,"DemandMax":null,"Value":360},{"Length":24,"Height":15,"Demand":5,"DemandMax":null,"Value":360},{"Length":21,"Height":17,"Demand":2,"DemandMax":null,"Value":357},{"Length":22,"Height":16,"Demand":1,"DemandMax":null,"Value":352},{"Length":27,"Height":13,"Demand":1,"DemandMax":null,"Value":351},{"Length":31,"Height":11,"Demand":2,"DemandMax":null,"Value":341},{"Length":20,"Height":17,"Demand":4,"DemandMax":null,"Value":340},{"Length":24,"Height":14,"Demand":5,"DemandMax":null,"Value":336},{"Length":30,"Height":11,"Demand":4,"DemandMax":null,"Value":330},{"Length":22,"Height":15,"Demand":3,"DemandMax":null,"Value":330},{"Length":25,"Height":13,"Demand":1,"DemandMax":null,"Value":325},{"Length":19,"Height":17,"Demand":2,"DemandMax":null,"Value":323},{"Length":20,"Height":16,"Demand":3,"DemandMax":null,"Value":320},{"Length":29,"Height":11,"Demand":3,"DemandMax":null,"Value":319},{"Length":31,"Height":10,"Demand":1,"DemandMax":null,"Value":310},{"Length":28,"Height":11,"Demand":4,"DemandMax":null,"Value":308},{"Length":18,"Height":17,"Demand":2,"DemandMax":null,"Value":306},{"Length":17,"Height":17,"Demand":3,"DemandMax":null,"Value":289},{"Length":18,"Height":16,"Demand":3,"DemandMax":null,"Value":288},{"Length":22,"Height":13,"Demand":2,"DemandMax":null,"Value":286},{"Length":19,"Height":15,"Demand":2,"DemandMax":null,"Value":285},{"Length":28,"Height":10,"Demand":2,"DemandMax":null,"Value":280},{"Length":23,"Height":12,"Demand":1,"DemandMax":null,"Value":276},{"Length":17,"Height":16,"Demand":4,"DemandMax":null,"Value":272},{"Length":18,"Height":15,"Demand":2,"DemandMax":null,"Value":270},{"Length":19,"Height":14,"Demand":3,"DemandMax":null,"Value":266},{"Length":17,"Height":15,"Demand":6,"DemandMax":null,"Value":255},{"Length":23,"Height":11,"Demand":3,"DemandMax":null,"Value":253},{"Length":19,"Height":13,"Demand":3,"DemandMax":null,"Value":247},{"Length":16,"Height":15,"Demand":1,"DemandMax":null,"Value":240},{"Length":17,"Height":14,"Demand":5,"DemandMax":null,"Value":238},{"Length":18,"Height":13,"Demand":4,"DemandMax":null,"Value":234},{"Length":19,"Height":12,"Demand":2,"DemandMax":null,"Value":228},{"Length":15,"Height":15,"Demand":1,"DemandMax":null,"Value":225},{"Length":17,"Height":13,"Demand":4,"DemandMax":null,"Value":221},{"Length":18,"Height":12,"Demand":3,"DemandMax":null,"Value":216},{"Length":15,"Height":14,"Demand":4,"DemandMax":null,"Value":210},{"Length":16,"Height":13,"Demand":2,"DemandMax":null,"Value":208},{"Length":15,"Height":13,"Demand":4,"DemandMax":null,"Value":195},{"Length":18,"Height":10,"Demand":3,"DemandMax":null,"Value":180},{"Length":15,"Height":12,"Demand":4,"DemandMax":null,"Value":180},{"Length":14,"Height":12,"Demand":3,"DemandMax":null,"Value":168},{"Length":14,"Height":11,"Demand":1,"DemandMax":null,"Value":154},{"Length":15,"Height":10,"Demand":1,"DemandMax":null,"Value":150}]}