{"Name":"MB07_125","Objects":[{"Length":587,"Height":233,"Stock":null,"Cost":136771}],"Items":[{"Length":52,"Height":39,"Demand":20,"DemandMax":null,"Value":2028},{"Length":59,"Height":34,"Demand":23,"DemandMax":null,"Value":2006},{"Length":52,"Height":38,"Demand":14,"DemandMax":null,"Value":1976},{"Length":47,"Height":42,"Demand":17,"DemandMax":null,"Value":1974},{"Length":59,"Height":32,"Demand":16,"DemandMax":null,"Value":1888},{"Length":55,"Height":33,"Demand":19,"DemandMax":null,"Value":1815},{"Length":50,"Height":36,"Demand":18,"DemandMax":null,"Value":1800},{"Length":47,"Height":35,"Demand":21,"DemandMax":null,"Value":1645},{"Length":53,"Height":31,"Demand":13,"DemandMax":null,"Value":1643},{"Length":47,"Height":34,"Demand":16,"DemandMax":null,"Value":1598},{"Length":53,"Height":30,"Demand":23,"DemandMax":null,"Value":1590},{"Length":45,"Height":35,"Demand":18,"DemandMax":null,"Value":1575},{"Length":40,"Height":37,"Demand":15,"DemandMax":null,"Value":1480},{"Length":51,"Height":29,"Demand":13,"DemandMax":null,"Value":1479},{"Length":44,"Height":33,"Demand":16,"DemandMax":null,"Value":1452},{"Length":49,"Height":28,"Demand":13,"DemandMax":null,"Value":1372},{"Length":58,"Height":23,"Demand":18,"DemandMax":null,"Value":1334},{"Length":44,"Height":29,"Demand":15,"DemandMax":null,"Value":1276},{"Length":58,"Height":22,"Demand":28,"DemandMax":null,"Value":1276},{"Length":47,"Height":27,"Demand":20,"DemandMax":null,"Value":1269},{"Length":47,"Height":26,"Demand":15,"DemandMax":null,"Value":1222},{"Length":45,"Height":27,"Demand":11,"DemandMax":null,"Value":1215},{"Length":37,"Height":32,"Demand":11,"DemandMax":null,"Value":1184},{"Length":41,"Height":28,"Demand":25,"DemandMax":null,"Value":1148},{"Length":39,"Height":28,"Demand":18,"DemandMax":null,"Value":1092},{"Length":35,"Height":31,"Demand":20,"DemandMax":null,"Value":1085},{"Length":53,"Height":20,"Demand":27,"DemandMax":null,"Value":1060},{"Length":46,"Height":23,"Demand":16,"DemandMax":null,"Value":1058},{"Length":39,"Height":26,"Demand":23,"DemandMax":null,"Value":1014},{"Length":48,"Height":21,"Demand":16,"DemandMax":null,"Value":1008},{"Length":40,"Height":25,"Demand":19,"DemandMax":null,"Value":1000},{"Length":34,"Height":29,"Demand":19,"DemandMax":null,"Value":986},{"Length":41,"Height":24,"Demand":24,"DemandMax":null,"Value":984},{"Length":42,"Height":22,"Demand":14,"DemandMax":null,"Value":924},{"Length":52,"Height":17,"Demand":17,"DemandMax":null,"Value":884},{"Length":31,"Height":28,"Demand":26,"DemandMax":null,"Value":868},{"Length":39,"Height":22,"Demand":12,"DemandMax":null,"Value":858},{"Length":38,"Height":21,"Demand":25,"DemandMax":null,"Value":798},{"Length":29,"Height":27,"Demand":21,"DemandMax":null,"Value":783},{"Length":32,"Height":24,"Demand":24,"DemandMax":null,"Value":768},{"Length":28,"Height":27,"Demand":19,"DemandMax":null,"Value":756},{"Length":34,"Height":22,"Demand":20,"DemandMax":null,"Value":748},{"Length":27,"Height":27,"Demand":29,"DemandMax":null,"Value":729},{"Length":29,"Height":25,"Demand":22,"DemandMax":null,"Value":725},{"Length":27,"Height":26,"Demand":12,"DemandMax":null,"Value":702},{"Length":39,"Height":18,"Demand":19,"DemandMax":null,"Value":702},{"Length":35,"Height":20,"Demand":19,"DemandMax":null,"Value":700},{"Length":57,"Height":12,"Demand":15,"DemandMax":null,"Value":684},{"Length":32,"Height":21,"Demand":24,"DemandMax":null,"Value":672},{"Length":35,"Height":19,"Demand":17,"DemandMax":null,"Value":665},{"Length":39,"Height":17,"Demand":16,"DemandMax":null,"Value":663},{"Length":46,"Height":14,"Demand":25,"DemandMax":null,"Value":644},{"Length":40,"Height":16,"Demand":19,"DemandMax":null,"Value":640},{"Length":28,"Height":22,"Demand":18,"DemandMax":null,"Value":616},{"Length":47,"Height":13,"Demand":21,"DemandMax":null,"Value":611},{"Length":30,"Height":20,"Demand":15,"DemandMax":null,"Value":600},{"Length":33,"Height":18,"Demand":14,"DemandMax":null,"Value":594},{"Length":29,"Height":20,"Demand":28,"DemandMax":null,"Value":580},{"Length":33,"Height":17,"Demand":27,"DemandMax":null,"Value":561},{"Length":40,"Height":14,"Demand":28,"DemandMax":null,"Value":560},{"Length":35,"Height":16,"Demand":19,"DemandMax":null,"Value":560},{"Length":30,"Height":18,"Demand":19,"DemandMax":null,"Value":540},{"Length":24,"Height":22,"Demand":17,"DemandMax":null,"Value":528},{"Length":27,"Height":19,"Demand":22,"DemandMax":null,"Value":513},{"Length":22,"Height":20,"Demand":20,"DemandMax":null,"Value":440},{"Length":35,"Height":12,"Demand":12,"DemandMax":null,"Value":420},{"Length":23,"Height":18,"Demand":19,"DemandMax":null,"Value":414},{"Length":31,"Height":13,"Demand":17,"DemandMax":null,"Value":403},{"Length":22,"Height":18,"Demand":25,"DemandMax":null,"Value":396},{"Length":29,"Height":13,"Demand":20,"DemandMax":null,"Value":377},{"Length":20,"Height":18,"Demand":17,"DemandMax":null,"Value":360},{"Length":27,"Height":13,"Demand":15,"DemandMax":null,"Value":351},{"Length":30,"Height":11,"Demand":12,"DemandMax":null,"Value":330},{"Length":22,"Height":14,"Demand":19,"DemandMax":null,"Value":308},{"Length":30,"Height":10,"Demand":21,"DemandMax":null,"Value":300},{"Length":21,"Height":14,"Demand":15,"DemandMax":null,"Value":294},{"Length":18,"Height":16,"Demand":21,"DemandMax":null,"Value":288},{"Length":17,"Height":16,"Demand":19,"DemandMax":null,"Value":272},{"Length":20,"Height":13,"Demand":23,"DemandMax":null,"Value":260}]}