{"Name":"MB09_109","Objects":[{"Length":432,"Height":79,"Stock":null,"Cost":34128}],"Items":[{"Length":59,"Height":44,"Demand":18,"DemandMax":null,"Value":2596},{"Length":55,"Height":47,"Demand":16,"DemandMax":null,"Value":2585},{"Length":48,"Height":46,"Demand":24,"DemandMax":null,"Value":2208},{"Length":50,"Height":43,"Demand":24,"DemandMax":null,"Value":2150},{"Length":57,"Height":37,"Demand":19,"DemandMax":null,"Value":2109},{"Length":46,"Height":45,"Demand":23,"DemandMax":null,"Value":2070},{"Length":48,"Height":40,"Demand":24,"DemandMax":null,"Value":1920},{"Length":59,"Height":29,"Demand":24,"DemandMax":null,"Value":1711},{"Length":46,"Height":37,"Demand":18,"DemandMax":null,"Value":1702},{"Length":45,"Height":36,"Demand":23,"DemandMax":null,"Value":1620},{"Length":52,"Height":31,"Demand":22,"DemandMax":null,"Value":1612},{"Length":46,"Height":35,"Demand":18,"DemandMax":null,"Value":1610},{"Length":39,"Height":38,"Demand":17,"DemandMax":null,"Value":1482},{"Length":47,"Height":30,"Demand":22,"DemandMax":null,"Value":1410},{"Length":45,"Height":31,"Demand":24,"DemandMax":null,"Value":1395},{"Length":44,"Height":31,"Demand":25,"DemandMax":null,"Value":1364},{"Length":47,"Height":29,"Demand":24,"DemandMax":null,"Value":1363},{"Length":52,"Height":26,"Demand":28,"DemandMax":null,"Value":1352},{"Length":40,"Height":33,"Demand":18,"DemandMax":null,"Value":1320},{"Length":47,"Height":28,"Demand":21,"DemandMax":null,"Value":1316},{"Length":50,"Height":26,"Demand":22,"DemandMax":null,"Value":1300},{"Length":49,"Height":23,"Demand":21,"DemandMax":null,"Value":1127},{"Length":51,"Height":22,"Demand":21,"DemandMax":null,"Value":1122},{"Length":33,"Height":32,"Demand":16,"DemandMax":null,"Value":1056},{"Length":39,"Height":27,"Demand":18,"DemandMax":null,"Value":1053},{"Length":38,"Height":27,"Demand":22,"DemandMax":null,"Value":1026},{"Length":46,"Height":22,"Demand":20,"DemandMax":null,"Value":1012},{"Length":35,"Height":28,"Demand":22,"DemandMax":null,"Value":980},{"Length":33,"Height":29,"Demand":23,"DemandMax":null,"Value":957},{"Length":48,"Height":19,"Demand":21,"DemandMax":null,"Value":912},{"Length":41,"Height":22,"Demand":18,"DemandMax":null,"Value":902},{"Length":33,"Height":27,"Demand":20,"DemandMax":null,"Value":891},{"Length":34,"Height":25,"Demand":21,"DemandMax":null,"Value":850},{"Length":48,"Height":17,"Demand":22,"DemandMax":null,"Value":816},{"Length":37,"Height":22,"Demand":25,"DemandMax":null,"Value":814},{"Length":42,"Height":19,"Demand":22,"DemandMax":null,"Value":798},{"Length":38,"Height":20,"Demand":19,"DemandMax":null,"Value":760},{"Length":28,"Height":27,"Demand":25,"DemandMax":null,"Value":756},{"Length":36,"Height":21,"Demand":16,"DemandMax":null,"Value":756},{"Length":31,"Height":24,"Demand":23,"DemandMax":null,"Value":744},{"Length":33,"Height":22,"Demand":16,"DemandMax":null,"Value":726},{"Length":36,"Height":19,"Demand":26,"DemandMax":null,"Value":684},{"Length":26,"Height":26,"Demand":21,"DemandMax":null,"Value":676},{"Length":42,"Height":16,"Demand":17,"DemandMax":null,"Value":672},{"Length":36,"Height":18,"Demand":16,"DemandMax":null,"Value":648},{"Length":28,"Height":23,"Demand":37,"DemandMax":null,"Value":644},{"Length":33,"Height":19,"Demand":22,"DemandMax":null,"Value":627},{"Length":41,"Height":15,"Demand":21,"DemandMax":null,"Value":615},{"Length":26,"Height":23,"Demand":20,"DemandMax":null,"Value":598},{"Length":39,"Height":14,"Demand":22,"DemandMax":null,"Value":546},{"Length":36,"Height":15,"Demand":24,"DemandMax":null,"Value":540},{"Length":31,"Height":17,"Demand":23,"DemandMax":null,"Value":527},{"Length":33,"Height":15,"Demand":17,"DemandMax":null,"Value":495},{"Length":38,"Height":13,"Demand":14,"DemandMax":null,"Value":494},{"Length":27,"Height":15,"Demand":16,"DemandMax":null,"Value":405},{"Length":20,"Height":19,"Demand":16,"DemandMax":null,"Value":380},{"Length":20,"Height":16,"Demand":23,"DemandMax":null,"Value":320},{"Length":22,"Height":14,"Demand":18,"DemandMax":null,"Value":308},{"Length":21,"Height":13,"Demand":23,"DemandMax":null,"Value":273},{"Length":16,"Height":16,"Demand":19,"DemandMax":null,"Value":256}]}