{"Name":"MB08_046","Objects":[{"Length":587,"Height":233,"Stock":null,"Cost":136771}],"Items":[{"Length":57,"Height":47,"Demand":17,"DemandMax":null,"Value":2679},{"Length":57,"Height":43,"Demand":13,"DemandMax":null,"Value":2451},{"Length":56,"Height":43,"Demand":14,"DemandMax":null,"Value":2408},{"Length":50,"Height":47,"Demand":13,"DemandMax":null,"Value":2350},{"Length":57,"Height":40,"Demand":12,"DemandMax":null,"Value":2280},{"Length":52,"Height":40,"Demand":13,"DemandMax":null,"Value":2080},{"Length":54,"Height":38,"Demand":16,"DemandMax":null,"Value":2052},{"Length":50,"Height":39,"Demand":13,"DemandMax":null,"Value":1950},{"Length":47,"Height":37,"Demand":16,"DemandMax":null,"Value":1739},{"Length":48,"Height":36,"Demand":17,"DemandMax":null,"Value":1728},{"Length":44,"Height":39,"Demand":17,"DemandMax":null,"Value":1716},{"Length":41,"Height":39,"Demand":18,"DemandMax":null,"Value":1599},{"Length":47,"Height":32,"Demand":14,"DemandMax":null,"Value":1504},{"Length":50,"Height":30,"Demand":12,"DemandMax":null,"Value":1500},{"Length":53,"Height":28,"Demand":12,"DemandMax":null,"Value":1484},{"Length":52,"Height":28,"Demand":11,"DemandMax":null,"Value":1456},{"Length":45,"Height":31,"Demand":10,"DemandMax":null,"Value":1395},{"Length":40,"Height":33,"Demand":13,"DemandMax":null,"Value":1320},{"Length":44,"Height":30,"Demand":14,"DemandMax":null,"Value":1320},{"Length":42,"Height":31,"Demand":12,"DemandMax":null,"Value":1302},{"Length":54,"Height":24,"Demand":19,"DemandMax":null,"Value":1296},{"Length":37,"Height":35,"Demand":9,"DemandMax":null,"Value":1295},{"Length":42,"Height":29,"Demand":12,"DemandMax":null,"Value":1218},{"Length":45,"Height":27,"Demand":16,"DemandMax":null,"Value":1215},{"Length":52,"Height":23,"Demand":14,"DemandMax":null,"Value":1196},{"Length":39,"Height":29,"Demand":19,"DemandMax":null,"Value":1131},{"Length":37,"Height":30,"Demand":7,"DemandMax":null,"Value":1110},{"Length":41,"Height":27,"Demand":14,"DemandMax":null,"Value":1107},{"Length":34,"Height":32,"Demand":10,"DemandMax":null,"Value":1088},{"Length":59,"Height":18,"Demand":11,"DemandMax":null,"Value":1062},{"Length":33,"Height":32,"Demand":16,"DemandMax":null,"Value":1056},{"Length":36,"Height":29,"Demand":19,"DemandMax":null,"Value":1044},{"Length":37,"Height":28,"Demand":14,"DemandMax":null,"Value":1036},{"Length":47,"Height":22,"Demand":15,"DemandMax":null,"Value":1034},{"Length":50,"Height":20,"Demand":13,"DemandMax":null,"Value":1000},{"Length":45,"Height":22,"Demand":14,"DemandMax":null,"Value":990},{"Length":58,"Height":17,"Demand":8,"DemandMax":null,"Value":986},{"Length":54,"Height":18,"Demand":14,"DemandMax":null,"Value":972},{"Length":36,"Height":27,"Demand":14,"DemandMax":null,"Value":972},{"Length":33,"Height":29,"Demand":12,"DemandMax":null,"Value":957},{"Length":50,"Height":19,"Demand":14,"DemandMax":null,"Value":950},{"Length":40,"Height":23,"Demand":12,"DemandMax":null,"Value":920},{"Length":45,"Height":20,"Demand":12,"DemandMax":null,"Value":900},{"Length":50,"Height":18,"Demand":15,"DemandMax":null,"Value":900},{"Length":36,"Height":25,"Demand":19,"DemandMax":null,"Value":900},{"Length":34,"Height":26,"Demand":16,"DemandMax":null,"Value":884},{"Length":42,"Height":21,"Demand":13,"DemandMax":null,"Value":882},{"Length":38,"Height":23,"Demand":14,"DemandMax":null,"Value":874},{"Length":31,"Height":28,"Demand":17,"DemandMax":null,"Value":868},{"Length":47,"Height":18,"Demand":12,"DemandMax":null,"Value":846},{"Length":29,"Height":29,"Demand":21,"DemandMax":null,"Value":841},{"Length":42,"Height":20,"Demand":15,"DemandMax":null,"Value":840},{"Length":32,"Height":26,"Demand":12,"DemandMax":null,"Value":832},{"Length":36,"Height":23,"Demand":15,"DemandMax":null,"Value":828},{"Length":34,"Height":23,"Demand":11,"DemandMax":null,"Value":782},{"Length":35,"Height":22,"Demand":15,"DemandMax":null,"Value":770},{"Length":54,"Height":14,"Demand":9,"DemandMax":null,"Value":756},{"Length":32,"Height":23,"Demand":15,"DemandMax":null,"Value":736},{"Length":43,"Height":17,"Demand":12,"DemandMax":null,"Value":731},{"Length":41,"Height":17,"Demand":19,"DemandMax":null,"Value":697},{"Length":31,"Height":22,"Demand":10,"DemandMax":null,"Value":682},{"Length":32,"Height":21,"Demand":15,"DemandMax":null,"Value":672},{"Length":54,"Height":12,"Demand":11,"DemandMax":null,"Value":648},{"Length":27,"Height":24,"Demand":16,"DemandMax":null,"Value":648},{"Length":36,"Height":18,"Demand":10,"DemandMax":null,"Value":648},{"Length":40,"Height":16,"Demand":18,"DemandMax":null,"Value":640},{"Length":30,"Height":21,"Demand":15,"DemandMax":null,"Value":630},{"Length":28,"Height":22,"Demand":9,"DemandMax":null,"Value":616},{"Length":25,"Height":24,"Demand":19,"DemandMax":null,"Value":600},{"Length":36,"Height":16,"Demand":17,"DemandMax":null,"Value":576},{"Length":49,"Height":11,"Demand":13,"DemandMax":null,"Value":539},{"Length":24,"Height":22,"Demand":12,"DemandMax":null,"Value":528},{"Length":44,"Height":12,"Demand":14,"DemandMax":null,"Value":528},{"Length":47,"Height":11,"Demand":18,"DemandMax":null,"Value":517},{"Length":32,"Height":16,"Demand":8,"DemandMax":null,"Value":512},{"Length":23,"Height":22,"Demand":6,"DemandMax":null,"Value":506},{"Length":24,"Height":21,"Demand":11,"DemandMax":null,"Value":504},{"Length":29,"Height":17,"Demand":16,"DemandMax":null,"Value":493},{"Length":37,"Height":13,"Demand":19,"DemandMax":null,"Value":481},{"Length":40,"Height":12,"Demand":16,"DemandMax":null,"Value":480},{"Length":32,"Height":15,"Demand":13,"DemandMax":null,"Value":480},{"Length":25,"Height":19,"Demand":14,"DemandMax":null,"Value":475},{"Length":26,"Height":18,"Demand":8,"DemandMax":null,"Value":468},{"Length":24,"Height":19,"Demand":15,"DemandMax":null,"Value":456},{"Length":31,"Height":14,"Demand":13,"DemandMax":null,"Value":434},{"Length":27,"Height":16,"Demand":19,"DemandMax":null,"Value":432},{"Length":33,"Height":13,"Demand":13,"DemandMax":null,"Value":429},{"Length":35,"Height":12,"Demand":11,"DemandMax":null,"Value":420},{"Length":23,"Height":18,"Demand":11,"DemandMax":null,"Value":414},{"Length":36,"Height":11,"Demand":16,"DemandMax":null,"Value":396},{"Length":23,"Height":15,"Demand":20,"DemandMax":null,"Value":345},{"Length":20,"Height":17,"Demand":16,"DemandMax":null,"Value":340},{"Length":28,"Height":12,"Demand":20,"DemandMax":null,"Value":336},{"Length":32,"Height":10,"Demand":17,"DemandMax":null,"Value":320},{"Length":21,"Height":15,"Demand":20,"DemandMax":null,"Value":315},{"Length":24,"Height":13,"Demand":13,"DemandMax":null,"Value":312},{"Length":28,"Height":11,"Demand":13,"DemandMax":null,"Value":308},{"Length":23,"Height":13,"Demand":15,"DemandMax":null,"Value":299},{"Length":24,"Height":12,"Demand":13,"DemandMax":null,"Value":288},{"Length":22,"Height":13,"Demand":13,"DemandMax":null,"Value":286},{"Length":27,"Height":10,"Demand":16,"DemandMax":null,"Value":270},{"Length":17,"Height":15,"Demand":12,"DemandMax":null,"Value":255},{"Length":16,"Height":15,"Demand":17,"DemandMax":null,"Value":240},{"Length":24,"Height":10,"Demand":10,"DemandMax":null,"Value":240},{"Length":18,"Height":13,"Demand":15,"DemandMax":null,"Value":234},{"Length":22,"Height":10,"Demand":14,"DemandMax":null,"Value":220},{"Length":18,"Height":12,"Demand":14,"DemandMax":null,"Value":216},{"Length":18,"Height":10,"Demand":5,"DemandMax":null,"Value":180},{"Length":14,"Height":12,"Demand":13,"DemandMax":null,"Value":168}]}