{"Name":"MB10_011","Objects":[{"Length":432,"Height":79,"Stock":null,"Cost":34128}],"Items":[{"Length":60,"Height":36,"Demand":32,"DemandMax":null,"Value":2160},{"Length":52,"Height":37,"Demand":36,"DemandMax":null,"Value":1924},{"Length":48,"Height":40,"Demand":33,"DemandMax":null,"Value":1920},{"Length":43,"Height":42,"Demand":30,"DemandMax":null,"Value":1806},{"Length":50,"Height":36,"Demand":33,"DemandMax":null,"Value":1800},{"Length":47,"Height":38,"Demand":36,"DemandMax":null,"Value":1786},{"Length":42,"Height":39,"Demand":24,"DemandMax":null,"Value":1638},{"Length":59,"Height":25,"Demand":19,"DemandMax":null,"Value":1475},{"Length":47,"Height":31,"Demand":37,"DemandMax":null,"Value":1457},{"Length":56,"Height":23,"Demand":35,"DemandMax":null,"Value":1288},{"Length":47,"Height":27,"Demand":24,"DemandMax":null,"Value":1269},{"Length":38,"Height":32,"Demand":42,"DemandMax":null,"Value":1216},{"Length":55,"Height":21,"Demand":41,"DemandMax":null,"Value":1155},{"Length":35,"Height":31,"Demand":19,"DemandMax":null,"Value":1085},{"Length":40,"Height":27,"Demand":28,"DemandMax":null,"Value":1080},{"Length":35,"Height":30,"Demand":29,"DemandMax":null,"Value":1050},{"Length":32,"Height":29,"Demand":35,"DemandMax":null,"Value":928},{"Length":43,"Height":21,"Demand":25,"DemandMax":null,"Value":903},{"Length":47,"Height":19,"Demand":33,"DemandMax":null,"Value":893},{"Length":32,"Height":27,"Demand":35,"DemandMax":null,"Value":864},{"Length":44,"Height":19,"Demand":34,"DemandMax":null,"Value":836},{"Length":29,"Height":28,"Demand":34,"DemandMax":null,"Value":812},{"Length":60,"Height":13,"Demand":16,"DemandMax":null,"Value":780},{"Length":50,"Height":15,"Demand":23,"DemandMax":null,"Value":750},{"Length":34,"Height":22,"Demand":34,"DemandMax":null,"Value":748},{"Length":39,"Height":19,"Demand":31,"DemandMax":null,"Value":741},{"Length":41,"Height":18,"Demand":27,"DemandMax":null,"Value":738},{"Length":46,"Height":16,"Demand":36,"DemandMax":null,"Value":736},{"Length":36,"Height":20,"Demand":37,"DemandMax":null,"Value":720},{"Length":55,"Height":13,"Demand":28,"DemandMax":null,"Value":715},{"Length":33,"Height":21,"Demand":33,"DemandMax":null,"Value":693},{"Length":40,"Height":17,"Demand":24,"DemandMax":null,"Value":680},{"Length":39,"Height":17,"Demand":25,"DemandMax":null,"Value":663},{"Length":40,"Height":16,"Demand":39,"DemandMax":null,"Value":640},{"Length":35,"Height":18,"Demand":34,"DemandMax":null,"Value":630},{"Length":38,"Height":15,"Demand":23,"DemandMax":null,"Value":570},{"Length":34,"Height":15,"Demand":28,"DemandMax":null,"Value":510},{"Length":25,"Height":20,"Demand":43,"DemandMax":null,"Value":500},{"Length":26,"Height":18,"Demand":22,"DemandMax":null,"Value":468},{"Length":27,"Height":15,"Demand":30,"DemandMax":null,"Value":405},{"Length":28,"Height":14,"Demand":34,"DemandMax":null,"Value":392},{"Length":23,"Height":17,"Demand":36,"DemandMax":null,"Value":391},{"Length":21,"Height":16,"Demand":28,"DemandMax":null,"Value":336},{"Length":24,"Height":12,"Demand":26,"DemandMax":null,"Value":288},{"Length":18,"Height":15,"Demand":40,"DemandMax":null,"Value":270},{"Length":18,"Height":14,"Demand":31,"DemandMax":null,"Value":252},{"Length":16,"Height":15,"Demand":35,"DemandMax":null,"Value":240}]}