{"Name":"MB10_074","Objects":[{"Length":432,"Height":79,"Stock":null,"Cost":34128}],"Items":[{"Length":59,"Height":48,"Demand":10,"DemandMax":null,"Value":2832},{"Length":57,"Height":48,"Demand":3,"DemandMax":null,"Value":2736},{"Length":54,"Height":50,"Demand":5,"DemandMax":null,"Value":2700},{"Length":54,"Height":47,"Demand":4,"DemandMax":null,"Value":2538},{"Length":52,"Height":48,"Demand":3,"DemandMax":null,"Value":2496},{"Length":57,"Height":43,"Demand":6,"DemandMax":null,"Value":2451},{"Length":51,"Height":44,"Demand":5,"DemandMax":null,"Value":2244},{"Length":55,"Height":39,"Demand":5,"DemandMax":null,"Value":2145},{"Length":49,"Height":43,"Demand":6,"DemandMax":null,"Value":2107},{"Length":49,"Height":42,"Demand":3,"DemandMax":null,"Value":2058},{"Length":50,"Height":41,"Demand":6,"DemandMax":null,"Value":2050},{"Length":59,"Height":34,"Demand":5,"DemandMax":null,"Value":2006},{"Length":51,"Height":39,"Demand":3,"DemandMax":null,"Value":1989},{"Length":56,"Height":35,"Demand":7,"DemandMax":null,"Value":1960},{"Length":54,"Height":36,"Demand":7,"DemandMax":null,"Value":1944},{"Length":51,"Height":38,"Demand":8,"DemandMax":null,"Value":1938},{"Length":57,"Height":34,"Demand":7,"DemandMax":null,"Value":1938},{"Length":55,"Height":35,"Demand":6,"DemandMax":null,"Value":1925},{"Length":52,"Height":37,"Demand":4,"DemandMax":null,"Value":1924},{"Length":45,"Height":42,"Demand":6,"DemandMax":null,"Value":1890},{"Length":48,"Height":39,"Demand":3,"DemandMax":null,"Value":1872},{"Length":56,"Height":33,"Demand":9,"DemandMax":null,"Value":1848},{"Length":47,"Height":38,"Demand":6,"DemandMax":null,"Value":1786},{"Length":54,"Height":33,"Demand":3,"DemandMax":null,"Value":1782},{"Length":49,"Height":36,"Demand":4,"DemandMax":null,"Value":1764},{"Length":45,"Height":39,"Demand":5,"DemandMax":null,"Value":1755},{"Length":59,"Height":29,"Demand":3,"DemandMax":null,"Value":1711},{"Length":45,"Height":37,"Demand":5,"DemandMax":null,"Value":1665},{"Length":46,"Height":36,"Demand":11,"DemandMax":null,"Value":1656},{"Length":43,"Height":38,"Demand":4,"DemandMax":null,"Value":1634},{"Length":56,"Height":29,"Demand":6,"DemandMax":null,"Value":1624},{"Length":52,"Height":31,"Demand":2,"DemandMax":null,"Value":1612},{"Length":55,"Height":29,"Demand":6,"DemandMax":null,"Value":1595},{"Length":45,"Height":35,"Demand":4,"DemandMax":null,"Value":1575},{"Length":52,"Height":30,"Demand":9,"DemandMax":null,"Value":1560},{"Length":41,"Height":38,"Demand":5,"DemandMax":null,"Value":1558},{"Length":47,"Height":33,"Demand":4,"DemandMax":null,"Value":1551},{"Length":48,"Height":32,"Demand":4,"DemandMax":null,"Value":1536},{"Length":45,"Height":34,"Demand":5,"DemandMax":null,"Value":1530},{"Length":40,"Height":38,"Demand":11,"DemandMax":null,"Value":1520},{"Length":49,"Height":31,"Demand":2,"DemandMax":null,"Value":1519},{"Length":54,"Height":28,"Demand":5,"DemandMax":null,"Value":1512},{"Length":42,"Height":36,"Demand":9,"DemandMax":null,"Value":1512},{"Length":44,"Height":34,"Demand":6,"DemandMax":null,"Value":1496},{"Length":47,"Height":31,"Demand":7,"DemandMax":null,"Value":1457},{"Length":38,"Height":38,"Demand":1,"DemandMax":null,"Value":1444},{"Length":39,"Height":37,"Demand":4,"DemandMax":null,"Value":1443},{"Length":53,"Height":27,"Demand":4,"DemandMax":null,"Value":1431},{"Length":42,"Height":34,"Demand":5,"DemandMax":null,"Value":1428},{"Length":47,"Height":30,"Demand":5,"DemandMax":null,"Value":1410},{"Length":38,"Height":37,"Demand":2,"DemandMax":null,"Value":1406},{"Length":58,"Height":24,"Demand":6,"DemandMax":null,"Value":1392},{"Length":60,"Height":23,"Demand":9,"DemandMax":null,"Value":1380},{"Length":51,"Height":27,"Demand":3,"DemandMax":null,"Value":1377},{"Length":38,"Height":36,"Demand":10,"DemandMax":null,"Value":1368},{"Length":44,"Height":31,"Demand":4,"DemandMax":null,"Value":1364},{"Length":40,"Height":33,"Demand":5,"DemandMax":null,"Value":1320},{"Length":52,"Height":25,"Demand":8,"DemandMax":null,"Value":1300},{"Length":38,"Height":34,"Demand":4,"DemandMax":null,"Value":1292},{"Length":47,"Height":27,"Demand":8,"DemandMax":null,"Value":1269},{"Length":37,"Height":34,"Demand":5,"DemandMax":null,"Value":1258},{"Length":57,"Height":22,"Demand":7,"DemandMax":null,"Value":1254},{"Length":48,"Height":26,"Demand":5,"DemandMax":null,"Value":1248},{"Length":46,"Height":27,"Demand":8,"DemandMax":null,"Value":1242},{"Length":40,"Height":31,"Demand":6,"DemandMax":null,"Value":1240},{"Length":59,"Height":21,"Demand":5,"DemandMax":null,"Value":1239},{"Length":44,"Height":28,"Demand":5,"DemandMax":null,"Value":1232},{"Length":35,"Height":35,"Demand":4,"DemandMax":null,"Value":1225},{"Length":47,"Height":26,"Demand":2,"DemandMax":null,"Value":1222},{"Length":37,"Height":33,"Demand":4,"DemandMax":null,"Value":1221},{"Length":42,"Height":29,"Demand":7,"DemandMax":null,"Value":1218},{"Length":38,"Height":32,"Demand":5,"DemandMax":null,"Value":1216},{"Length":55,"Height":22,"Demand":4,"DemandMax":null,"Value":1210},{"Length":39,"Height":31,"Demand":5,"DemandMax":null,"Value":1209},{"Length":48,"Height":25,"Demand":9,"DemandMax":null,"Value":1200},{"Length":60,"Height":20,"Demand":3,"DemandMax":null,"Value":1200},{"Length":52,"Height":23,"Demand":9,"DemandMax":null,"Value":1196},{"Length":35,"Height":34,"Demand":1,"DemandMax":null,"Value":1190},{"Length":36,"Height":33,"Demand":8,"DemandMax":null,"Value":1188},{"Length":54,"Height":22,"Demand":7,"DemandMax":null,"Value":1188},{"Length":38,"Height":31,"Demand":4,"DemandMax":null,"Value":1178},{"Length":49,"Height":24,"Demand":8,"DemandMax":null,"Value":1176},{"Length":47,"Height":25,"Demand":5,"DemandMax":null,"Value":1175},{"Length":45,"Height":26,"Demand":3,"DemandMax":null,"Value":1170},{"Length":35,"Height":33,"Demand":5,"DemandMax":null,"Value":1155},{"Length":38,"Height":30,"Demand":6,"DemandMax":null,"Value":1140},{"Length":42,"Height":27,"Demand":4,"DemandMax":null,"Value":1134},{"Length":59,"Height":19,"Demand":3,"DemandMax":null,"Value":1121},{"Length":35,"Height":32,"Demand":4,"DemandMax":null,"Value":1120},{"Length":58,"Height":19,"Demand":1,"DemandMax":null,"Value":1102},{"Length":39,"Height":28,"Demand":3,"DemandMax":null,"Value":1092},{"Length":42,"Height":26,"Demand":3,"DemandMax":null,"Value":1092},{"Length":34,"Height":32,"Demand":3,"DemandMax":null,"Value":1088},{"Length":35,"Height":31,"Demand":7,"DemandMax":null,"Value":1085},{"Length":36,"Height":30,"Demand":6,"DemandMax":null,"Value":1080},{"Length":49,"Height":22,"Demand":6,"DemandMax":null,"Value":1078},{"Length":37,"Height":29,"Demand":6,"DemandMax":null,"Value":1073},{"Length":48,"Height":22,"Demand":5,"DemandMax":null,"Value":1056},{"Length":39,"Height":27,"Demand":7,"DemandMax":null,"Value":1053},{"Length":35,"Height":30,"Demand":1,"DemandMax":null,"Value":1050},{"Length":40,"Height":26,"Demand":7,"DemandMax":null,"Value":1040},{"Length":37,"Height":28,"Demand":4,"DemandMax":null,"Value":1036},{"Length":38,"Height":27,"Demand":5,"DemandMax":null,"Value":1026},{"Length":36,"Height":28,"Demand":3,"DemandMax":null,"Value":1008},{"Length":33,"Height":30,"Demand":6,"DemandMax":null,"Value":990},{"Length":38,"Height":26,"Demand":4,"DemandMax":null,"Value":988},{"Length":39,"Height":25,"Demand":9,"DemandMax":null,"Value":975},{"Length":40,"Height":24,"Demand":2,"DemandMax":null,"Value":960},{"Length":33,"Height":29,"Demand":5,"DemandMax":null,"Value":957},{"Length":36,"Height":26,"Demand":7,"DemandMax":null,"Value":936},{"Length":44,"Height":21,"Demand":6,"DemandMax":null,"Value":924},{"Length":46,"Height":20,"Demand":6,"DemandMax":null,"Value":920},{"Length":57,"Height":16,"Demand":5,"DemandMax":null,"Value":912},{"Length":35,"Height":26,"Demand":4,"DemandMax":null,"Value":910},{"Length":41,"Height":22,"Demand":5,"DemandMax":null,"Value":902},{"Length":45,"Height":20,"Demand":5,"DemandMax":null,"Value":900},{"Length":36,"Height":25,"Demand":6,"DemandMax":null,"Value":900},{"Length":47,"Height":19,"Demand":12,"DemandMax":null,"Value":893},{"Length":33,"Height":27,"Demand":3,"DemandMax":null,"Value":891},{"Length":40,"Height":22,"Demand":5,"DemandMax":null,"Value":880},{"Length":30,"Height":29,"Demand":7,"DemandMax":null,"Value":870},{"Length":39,"Height":22,"Demand":6,"DemandMax":null,"Value":858},{"Length":50,"Height":17,"Demand":11,"DemandMax":null,"Value":850},{"Length":38,"Height":22,"Demand":6,"DemandMax":null,"Value":836},{"Length":46,"Height":18,"Demand":7,"DemandMax":null,"Value":828},{"Length":33,"Height":25,"Demand":6,"DemandMax":null,"Value":825},{"Length":41,"Height":20,"Demand":2,"DemandMax":null,"Value":820},{"Length":43,"Height":19,"Demand":7,"DemandMax":null,"Value":817},{"Length":35,"Height":23,"Demand":5,"DemandMax":null,"Value":805},{"Length":50,"Height":16,"Demand":5,"DemandMax":null,"Value":800},{"Length":47,"Height":17,"Demand":7,"DemandMax":null,"Value":799},{"Length":44,"Height":18,"Demand":7,"DemandMax":null,"Value":792},{"Length":29,"Height":27,"Demand":7,"DemandMax":null,"Value":783},{"Length":46,"Height":17,"Demand":5,"DemandMax":null,"Value":782},{"Length":34,"Height":23,"Demand":7,"DemandMax":null,"Value":782},{"Length":37,"Height":21,"Demand":4,"DemandMax":null,"Value":777},{"Length":31,"Height":25,"Demand":2,"DemandMax":null,"Value":775},{"Length":43,"Height":18,"Demand":7,"DemandMax":null,"Value":774},{"Length":35,"Height":22,"Demand":4,"DemandMax":null,"Value":770},{"Length":55,"Height":14,"Demand":5,"DemandMax":null,"Value":770},{"Length":40,"Height":19,"Demand":3,"DemandMax":null,"Value":760},{"Length":33,"Height":23,"Demand":8,"DemandMax":null,"Value":759},{"Length":36,"Height":21,"Demand":6,"DemandMax":null,"Value":756},{"Length":54,"Height":14,"Demand":5,"DemandMax":null,"Value":756},{"Length":28,"Height":27,"Demand":4,"DemandMax":null,"Value":756},{"Length":50,"Height":15,"Demand":9,"DemandMax":null,"Value":750},{"Length":44,"Height":17,"Demand":7,"DemandMax":null,"Value":748},{"Length":31,"Height":24,"Demand":4,"DemandMax":null,"Value":744},{"Length":57,"Height":13,"Demand":6,"DemandMax":null,"Value":741},{"Length":35,"Height":21,"Demand":6,"DemandMax":null,"Value":735},{"Length":27,"Height":27,"Demand":8,"DemandMax":null,"Value":729},{"Length":28,"Height":26,"Demand":4,"DemandMax":null,"Value":728},{"Length":38,"Height":19,"Demand":4,"DemandMax":null,"Value":722},{"Length":30,"Height":24,"Demand":6,"DemandMax":null,"Value":720},{"Length":55,"Height":13,"Demand":9,"DemandMax":null,"Value":715},{"Length":51,"Height":14,"Demand":9,"DemandMax":null,"Value":714},{"Length":47,"Height":15,"Demand":5,"DemandMax":null,"Value":705},{"Length":27,"Height":26,"Demand":7,"DemandMax":null,"Value":702},{"Length":54,"Height":13,"Demand":2,"DemandMax":null,"Value":702},{"Length":35,"Height":20,"Demand":6,"DemandMax":null,"Value":700},{"Length":29,"Height":24,"Demand":3,"DemandMax":null,"Value":696},{"Length":43,"Height":16,"Demand":6,"DemandMax":null,"Value":688},{"Length":36,"Height":19,"Demand":7,"DemandMax":null,"Value":684},{"Length":38,"Height":18,"Demand":5,"DemandMax":null,"Value":684},{"Length":40,"Height":17,"Demand":4,"DemandMax":null,"Value":680},{"Length":27,"Height":25,"Demand":7,"DemandMax":null,"Value":675},{"Length":48,"Height":14,"Demand":10,"DemandMax":null,"Value":672},{"Length":51,"Height":13,"Demand":11,"DemandMax":null,"Value":663},{"Length":26,"Height":25,"Demand":7,"DemandMax":null,"Value":650},{"Length":36,"Height":18,"Demand":5,"DemandMax":null,"Value":648},{"Length":27,"Height":24,"Demand":4,"DemandMax":null,"Value":648},{"Length":32,"Height":20,"Demand":5,"DemandMax":null,"Value":640},{"Length":53,"Height":12,"Demand":7,"DemandMax":null,"Value":636},{"Length":42,"Height":15,"Demand":3,"DemandMax":null,"Value":630},{"Length":30,"Height":21,"Demand":2,"DemandMax":null,"Value":630},{"Length":37,"Height":17,"Demand":3,"DemandMax":null,"Value":629},{"Length":26,"Height":24,"Demand":2,"DemandMax":null,"Value":624},{"Length":28,"Height":22,"Demand":7,"DemandMax":null,"Value":616},{"Length":36,"Height":17,"Demand":3,"DemandMax":null,"Value":612},{"Length":33,"Height":18,"Demand":5,"DemandMax":null,"Value":594},{"Length":37,"Height":16,"Demand":3,"DemandMax":null,"Value":592},{"Length":31,"Height":19,"Demand":7,"DemandMax":null,"Value":589},{"Length":28,"Height":21,"Demand":3,"DemandMax":null,"Value":588},{"Length":29,"Height":20,"Demand":4,"DemandMax":null,"Value":580},{"Length":34,"Height":17,"Demand":5,"DemandMax":null,"Value":578},{"Length":36,"Height":16,"Demand":5,"DemandMax":null,"Value":576},{"Length":44,"Height":13,"Demand":6,"DemandMax":null,"Value":572},{"Length":30,"Height":19,"Demand":6,"DemandMax":null,"Value":570},{"Length":38,"Height":15,"Demand":9,"DemandMax":null,"Value":570},{"Length":31,"Height":18,"Demand":5,"DemandMax":null,"Value":558},{"Length":37,"Height":15,"Demand":4,"DemandMax":null,"Value":555},{"Length":24,"Height":23,"Demand":4,"DemandMax":null,"Value":552},{"Length":26,"Height":21,"Demand":6,"DemandMax":null,"Value":546},{"Length":42,"Height":13,"Demand":7,"DemandMax":null,"Value":546},{"Length":36,"Height":15,"Demand":5,"DemandMax":null,"Value":540},{"Length":41,"Height":13,"Demand":7,"DemandMax":null,"Value":533},{"Length":38,"Height":14,"Demand":2,"DemandMax":null,"Value":532},{"Length":23,"Height":23,"Demand":5,"DemandMax":null,"Value":529},{"Length":24,"Height":22,"Demand":7,"DemandMax":null,"Value":528},{"Length":25,"Height":21,"Demand":3,"DemandMax":null,"Value":525},{"Length":30,"Height":17,"Demand":4,"DemandMax":null,"Value":510},{"Length":23,"Height":22,"Demand":5,"DemandMax":null,"Value":506},{"Length":28,"Height":18,"Demand":7,"DemandMax":null,"Value":504},{"Length":27,"Height":18,"Demand":3,"DemandMax":null,"Value":486},{"Length":23,"Height":21,"Demand":9,"DemandMax":null,"Value":483},{"Length":30,"Height":16,"Demand":8,"DemandMax":null,"Value":480},{"Length":28,"Height":17,"Demand":7,"DemandMax":null,"Value":476},{"Length":25,"Height":19,"Demand":6,"DemandMax":null,"Value":475},{"Length":39,"Height":12,"Demand":7,"DemandMax":null,"Value":468},{"Length":29,"Height":16,"Demand":5,"DemandMax":null,"Value":464},{"Length":33,"Height":14,"Demand":8,"DemandMax":null,"Value":462},{"Length":23,"Height":20,"Demand":6,"DemandMax":null,"Value":460},{"Length":24,"Height":19,"Demand":5,"DemandMax":null,"Value":456},{"Length":41,"Height":11,"Demand":3,"DemandMax":null,"Value":451},{"Length":32,"Height":14,"Demand":14,"DemandMax":null,"Value":448},{"Length":28,"Height":16,"Demand":2,"DemandMax":null,"Value":448},{"Length":26,"Height":17,"Demand":7,"DemandMax":null,"Value":442},{"Length":40,"Height":11,"Demand":4,"DemandMax":null,"Value":440},{"Length":22,"Height":20,"Demand":8,"DemandMax":null,"Value":440},{"Length":28,"Height":15,"Demand":5,"DemandMax":null,"Value":420},{"Length":30,"Height":14,"Demand":5,"DemandMax":null,"Value":420},{"Length":22,"Height":19,"Demand":9,"DemandMax":null,"Value":418},{"Length":34,"Height":12,"Demand":1,"DemandMax":null,"Value":408},{"Length":27,"Height":15,"Demand":9,"DemandMax":null,"Value":405},{"Length":31,"Height":13,"Demand":3,"DemandMax":null,"Value":403},{"Length":40,"Height":10,"Demand":9,"DemandMax":null,"Value":400},{"Length":33,"Height":12,"Demand":6,"DemandMax":null,"Value":396},{"Length":22,"Height":18,"Demand":7,"DemandMax":null,"Value":396},{"Length":24,"Height":16,"Demand":9,"DemandMax":null,"Value":384},{"Length":20,"Height":19,"Demand":4,"DemandMax":null,"Value":380},{"Length":28,"Height":13,"Demand":5,"DemandMax":null,"Value":364},{"Length":19,"Height":19,"Demand":5,"DemandMax":null,"Value":361},{"Length":21,"Height":17,"Demand":8,"DemandMax":null,"Value":357},{"Length":22,"Height":16,"Demand":5,"DemandMax":null,"Value":352},{"Length":35,"Height":10,"Demand":6,"DemandMax":null,"Value":350},{"Length":29,"Height":12,"Demand":3,"DemandMax":null,"Value":348},{"Length":31,"Height":11,"Demand":10,"DemandMax":null,"Value":341},{"Length":20,"Height":17,"Demand":7,"DemandMax":null,"Value":340},{"Length":22,"Height":15,"Demand":5,"DemandMax":null,"Value":330},{"Length":33,"Height":10,"Demand":8,"DemandMax":null,"Value":330},{"Length":30,"Height":11,"Demand":6,"DemandMax":null,"Value":330},{"Length":27,"Height":12,"Demand":4,"DemandMax":null,"Value":324},{"Length":29,"Height":11,"Demand":6,"DemandMax":null,"Value":319},{"Length":19,"Height":16,"Demand":5,"DemandMax":null,"Value":304},{"Length":20,"Height":15,"Demand":3,"DemandMax":null,"Value":300},{"Length":23,"Height":13,"Demand":4,"DemandMax":null,"Value":299},{"Length":21,"Height":14,"Demand":6,"DemandMax":null,"Value":294},{"Length":29,"Height":10,"Demand":5,"DemandMax":null,"Value":290},{"Length":17,"Height":17,"Demand":2,"DemandMax":null,"Value":289},{"Length":19,"Height":15,"Demand":4,"DemandMax":null,"Value":285},{"Length":21,"Height":13,"Demand":3,"DemandMax":null,"Value":273},{"Length":17,"Height":15,"Demand":6,"DemandMax":null,"Value":255},{"Length":19,"Height":13,"Demand":4,"DemandMax":null,"Value":247},{"Length":16,"Height":15,"Demand":7,"DemandMax":null,"Value":240},{"Length":17,"Height":14,"Demand":4,"DemandMax":null,"Value":238},{"Length":18,"Height":13,"Demand":6,"DemandMax":null,"Value":234},{"Length":19,"Height":12,"Demand":3,"DemandMax":null,"Value":228},{"Length":18,"Height":10,"Demand":2,"DemandMax":null,"Value":180}]}