{"Name":"MB10_072","Objects":[{"Length":432,"Height":79,"Stock":null,"Cost":34128}],"Items":[{"Length":52,"Height":47,"Demand":5,"DemandMax":null,"Value":2444},{"Length":54,"Height":45,"Demand":5,"DemandMax":null,"Value":2430},{"Length":57,"Height":42,"Demand":8,"DemandMax":null,"Value":2394},{"Length":59,"Height":39,"Demand":4,"DemandMax":null,"Value":2301},{"Length":50,"Height":46,"Demand":7,"DemandMax":null,"Value":2300},{"Length":50,"Height":45,"Demand":6,"DemandMax":null,"Value":2250},{"Length":57,"Height":39,"Demand":8,"DemandMax":null,"Value":2223},{"Length":55,"Height":40,"Demand":5,"DemandMax":null,"Value":2200},{"Length":56,"Height":38,"Demand":5,"DemandMax":null,"Value":2128},{"Length":56,"Height":37,"Demand":6,"DemandMax":null,"Value":2072},{"Length":46,"Height":45,"Demand":5,"DemandMax":null,"Value":2070},{"Length":50,"Height":41,"Demand":2,"DemandMax":null,"Value":2050},{"Length":46,"Height":44,"Demand":5,"DemandMax":null,"Value":2024},{"Length":51,"Height":39,"Demand":8,"DemandMax":null,"Value":1989},{"Length":53,"Height":37,"Demand":12,"DemandMax":null,"Value":1961},{"Length":49,"Height":40,"Demand":8,"DemandMax":null,"Value":1960},{"Length":54,"Height":36,"Demand":5,"DemandMax":null,"Value":1944},{"Length":60,"Height":32,"Demand":4,"DemandMax":null,"Value":1920},{"Length":54,"Height":35,"Demand":4,"DemandMax":null,"Value":1890},{"Length":52,"Height":36,"Demand":3,"DemandMax":null,"Value":1872},{"Length":56,"Height":32,"Demand":7,"DemandMax":null,"Value":1792},{"Length":45,"Height":39,"Demand":7,"DemandMax":null,"Value":1755},{"Length":46,"Height":38,"Demand":6,"DemandMax":null,"Value":1748},{"Length":60,"Height":29,"Demand":7,"DemandMax":null,"Value":1740},{"Length":47,"Height":37,"Demand":6,"DemandMax":null,"Value":1739},{"Length":49,"Height":34,"Demand":5,"DemandMax":null,"Value":1666},{"Length":45,"Height":37,"Demand":5,"DemandMax":null,"Value":1665},{"Length":42,"Height":39,"Demand":11,"DemandMax":null,"Value":1638},{"Length":52,"Height":31,"Demand":5,"DemandMax":null,"Value":1612},{"Length":46,"Height":35,"Demand":5,"DemandMax":null,"Value":1610},{"Length":48,"Height":33,"Demand":4,"DemandMax":null,"Value":1584},{"Length":44,"Height":36,"Demand":6,"DemandMax":null,"Value":1584},{"Length":54,"Height":29,"Demand":7,"DemandMax":null,"Value":1566},{"Length":58,"Height":27,"Demand":8,"DemandMax":null,"Value":1566},{"Length":47,"Height":33,"Demand":4,"DemandMax":null,"Value":1551},{"Length":53,"Height":29,"Demand":3,"DemandMax":null,"Value":1537},{"Length":54,"Height":28,"Demand":6,"DemandMax":null,"Value":1512},{"Length":50,"Height":30,"Demand":3,"DemandMax":null,"Value":1500},{"Length":44,"Height":34,"Demand":7,"DemandMax":null,"Value":1496},{"Length":45,"Height":33,"Demand":6,"DemandMax":null,"Value":1485},{"Length":39,"Height":38,"Demand":10,"DemandMax":null,"Value":1482},{"Length":40,"Height":37,"Demand":3,"DemandMax":null,"Value":1480},{"Length":59,"Height":25,"Demand":5,"DemandMax":null,"Value":1475},{"Length":41,"Height":35,"Demand":5,"DemandMax":null,"Value":1435},{"Length":47,"Height":30,"Demand":9,"DemandMax":null,"Value":1410},{"Length":38,"Height":37,"Demand":6,"DemandMax":null,"Value":1406},{"Length":52,"Height":27,"Demand":3,"DemandMax":null,"Value":1404},{"Length":39,"Height":36,"Demand":3,"DemandMax":null,"Value":1404},{"Length":50,"Height":28,"Demand":4,"DemandMax":null,"Value":1400},{"Length":56,"Height":25,"Demand":5,"DemandMax":null,"Value":1400},{"Length":41,"Height":34,"Demand":4,"DemandMax":null,"Value":1394},{"Length":60,"Height":23,"Demand":10,"DemandMax":null,"Value":1380},{"Length":40,"Height":34,"Demand":4,"DemandMax":null,"Value":1360},{"Length":59,"Height":23,"Demand":8,"DemandMax":null,"Value":1357},{"Length":41,"Height":33,"Demand":4,"DemandMax":null,"Value":1353},{"Length":45,"Height":30,"Demand":6,"DemandMax":null,"Value":1350},{"Length":37,"Height":36,"Demand":4,"DemandMax":null,"Value":1332},{"Length":51,"Height":26,"Demand":7,"DemandMax":null,"Value":1326},{"Length":49,"Height":27,"Demand":5,"DemandMax":null,"Value":1323},{"Length":47,"Height":28,"Demand":7,"DemandMax":null,"Value":1316},{"Length":40,"Height":32,"Demand":3,"DemandMax":null,"Value":1280},{"Length":41,"Height":31,"Demand":6,"DemandMax":null,"Value":1271},{"Length":36,"Height":35,"Demand":4,"DemandMax":null,"Value":1260},{"Length":38,"Height":33,"Demand":8,"DemandMax":null,"Value":1254},{"Length":54,"Height":23,"Demand":6,"DemandMax":null,"Value":1242},{"Length":41,"Height":30,"Demand":9,"DemandMax":null,"Value":1230},{"Length":35,"Height":35,"Demand":4,"DemandMax":null,"Value":1225},{"Length":36,"Height":34,"Demand":4,"DemandMax":null,"Value":1224},{"Length":37,"Height":33,"Demand":5,"DemandMax":null,"Value":1221},{"Length":58,"Height":21,"Demand":4,"DemandMax":null,"Value":1218},{"Length":42,"Height":29,"Demand":5,"DemandMax":null,"Value":1218},{"Length":45,"Height":27,"Demand":7,"DemandMax":null,"Value":1215},{"Length":35,"Height":34,"Demand":3,"DemandMax":null,"Value":1190},{"Length":48,"Height":24,"Demand":7,"DemandMax":null,"Value":1152},{"Length":50,"Height":23,"Demand":4,"DemandMax":null,"Value":1150},{"Length":37,"Height":31,"Demand":3,"DemandMax":null,"Value":1147},{"Length":38,"Height":30,"Demand":7,"DemandMax":null,"Value":1140},{"Length":60,"Height":19,"Demand":14,"DemandMax":null,"Value":1140},{"Length":54,"Height":21,"Demand":3,"DemandMax":null,"Value":1134},{"Length":35,"Height":32,"Demand":2,"DemandMax":null,"Value":1120},{"Length":43,"Height":26,"Demand":2,"DemandMax":null,"Value":1118},{"Length":36,"Height":31,"Demand":11,"DemandMax":null,"Value":1116},{"Length":37,"Height":30,"Demand":12,"DemandMax":null,"Value":1110},{"Length":41,"Height":27,"Demand":5,"DemandMax":null,"Value":1107},{"Length":38,"Height":29,"Demand":4,"DemandMax":null,"Value":1102},{"Length":55,"Height":20,"Demand":4,"DemandMax":null,"Value":1100},{"Length":50,"Height":22,"Demand":5,"DemandMax":null,"Value":1100},{"Length":34,"Height":32,"Demand":7,"DemandMax":null,"Value":1088},{"Length":49,"Height":22,"Demand":7,"DemandMax":null,"Value":1078},{"Length":43,"Height":25,"Demand":3,"DemandMax":null,"Value":1075},{"Length":38,"Height":28,"Demand":9,"DemandMax":null,"Value":1064},{"Length":46,"Height":23,"Demand":11,"DemandMax":null,"Value":1058},{"Length":33,"Height":32,"Demand":5,"DemandMax":null,"Value":1056},{"Length":34,"Height":31,"Demand":7,"DemandMax":null,"Value":1054},{"Length":47,"Height":22,"Demand":10,"DemandMax":null,"Value":1034},{"Length":46,"Height":22,"Demand":6,"DemandMax":null,"Value":1012},{"Length":48,"Height":21,"Demand":5,"DemandMax":null,"Value":1008},{"Length":50,"Height":20,"Demand":3,"DemandMax":null,"Value":1000},{"Length":32,"Height":31,"Demand":2,"DemandMax":null,"Value":992},{"Length":33,"Height":30,"Demand":4,"DemandMax":null,"Value":990},{"Length":34,"Height":29,"Demand":8,"DemandMax":null,"Value":986},{"Length":39,"Height":25,"Demand":5,"DemandMax":null,"Value":975},{"Length":40,"Height":24,"Demand":6,"DemandMax":null,"Value":960},{"Length":48,"Height":20,"Demand":4,"DemandMax":null,"Value":960},{"Length":34,"Height":28,"Demand":5,"DemandMax":null,"Value":952},{"Length":38,"Height":25,"Demand":6,"DemandMax":null,"Value":950},{"Length":43,"Height":22,"Demand":7,"DemandMax":null,"Value":946},{"Length":36,"Height":26,"Demand":4,"DemandMax":null,"Value":936},{"Length":32,"Height":29,"Demand":6,"DemandMax":null,"Value":928},{"Length":44,"Height":21,"Demand":4,"DemandMax":null,"Value":924},{"Length":34,"Height":27,"Demand":1,"DemandMax":null,"Value":918},{"Length":57,"Height":16,"Demand":8,"DemandMax":null,"Value":912},{"Length":35,"Height":26,"Demand":2,"DemandMax":null,"Value":910},{"Length":36,"Height":25,"Demand":5,"DemandMax":null,"Value":900},{"Length":50,"Height":18,"Demand":6,"DemandMax":null,"Value":900},{"Length":32,"Height":28,"Demand":3,"DemandMax":null,"Value":896},{"Length":37,"Height":24,"Demand":4,"DemandMax":null,"Value":888},{"Length":52,"Height":17,"Demand":7,"DemandMax":null,"Value":884},{"Length":49,"Height":18,"Demand":3,"DemandMax":null,"Value":882},{"Length":58,"Height":15,"Demand":5,"DemandMax":null,"Value":870},{"Length":36,"Height":24,"Demand":3,"DemandMax":null,"Value":864},{"Length":41,"Height":21,"Demand":8,"DemandMax":null,"Value":861},{"Length":45,"Height":19,"Demand":5,"DemandMax":null,"Value":855},{"Length":34,"Height":25,"Demand":2,"DemandMax":null,"Value":850},{"Length":42,"Height":20,"Demand":7,"DemandMax":null,"Value":840},{"Length":40,"Height":21,"Demand":6,"DemandMax":null,"Value":840},{"Length":38,"Height":22,"Demand":5,"DemandMax":null,"Value":836},{"Length":52,"Height":16,"Demand":2,"DemandMax":null,"Value":832},{"Length":32,"Height":26,"Demand":9,"DemandMax":null,"Value":832},{"Length":33,"Height":25,"Demand":3,"DemandMax":null,"Value":825},{"Length":39,"Height":21,"Demand":6,"DemandMax":null,"Value":819},{"Length":31,"Height":26,"Demand":7,"DemandMax":null,"Value":806},{"Length":35,"Height":23,"Demand":9,"DemandMax":null,"Value":805},{"Length":47,"Height":17,"Demand":5,"DemandMax":null,"Value":799},{"Length":57,"Height":14,"Demand":2,"DemandMax":null,"Value":798},{"Length":53,"Height":15,"Demand":3,"DemandMax":null,"Value":795},{"Length":33,"Height":24,"Demand":6,"DemandMax":null,"Value":792},{"Length":49,"Height":16,"Demand":6,"DemandMax":null,"Value":784},{"Length":39,"Height":20,"Demand":5,"DemandMax":null,"Value":780},{"Length":37,"Height":21,"Demand":4,"DemandMax":null,"Value":777},{"Length":32,"Height":24,"Demand":3,"DemandMax":null,"Value":768},{"Length":38,"Height":20,"Demand":3,"DemandMax":null,"Value":760},{"Length":33,"Height":23,"Demand":5,"DemandMax":null,"Value":759},{"Length":57,"Height":13,"Demand":3,"DemandMax":null,"Value":741},{"Length":37,"Height":20,"Demand":6,"DemandMax":null,"Value":740},{"Length":46,"Height":16,"Demand":3,"DemandMax":null,"Value":736},{"Length":43,"Height":17,"Demand":5,"DemandMax":null,"Value":731},{"Length":56,"Height":13,"Demand":8,"DemandMax":null,"Value":728},{"Length":29,"Height":25,"Demand":8,"DemandMax":null,"Value":725},{"Length":45,"Height":16,"Demand":10,"DemandMax":null,"Value":720},{"Length":42,"Height":17,"Demand":5,"DemandMax":null,"Value":714},{"Length":51,"Height":14,"Demand":4,"DemandMax":null,"Value":714},{"Length":32,"Height":22,"Demand":5,"DemandMax":null,"Value":704},{"Length":37,"Height":19,"Demand":2,"DemandMax":null,"Value":703},{"Length":39,"Height":18,"Demand":4,"DemandMax":null,"Value":702},{"Length":28,"Height":25,"Demand":4,"DemandMax":null,"Value":700},{"Length":35,"Height":20,"Demand":9,"DemandMax":null,"Value":700},{"Length":29,"Height":24,"Demand":5,"DemandMax":null,"Value":696},{"Length":33,"Height":21,"Demand":5,"DemandMax":null,"Value":693},{"Length":38,"Height":18,"Demand":1,"DemandMax":null,"Value":684},{"Length":34,"Height":20,"Demand":3,"DemandMax":null,"Value":680},{"Length":52,"Height":13,"Demand":7,"DemandMax":null,"Value":676},{"Length":45,"Height":15,"Demand":5,"DemandMax":null,"Value":675},{"Length":30,"Height":22,"Demand":4,"DemandMax":null,"Value":660},{"Length":36,"Height":18,"Demand":6,"DemandMax":null,"Value":648},{"Length":43,"Height":15,"Demand":4,"DemandMax":null,"Value":645},{"Length":28,"Height":23,"Demand":7,"DemandMax":null,"Value":644},{"Length":29,"Height":22,"Demand":3,"DemandMax":null,"Value":638},{"Length":45,"Height":14,"Demand":4,"DemandMax":null,"Value":630},{"Length":31,"Height":20,"Demand":4,"DemandMax":null,"Value":620},{"Length":56,"Height":11,"Demand":3,"DemandMax":null,"Value":616},{"Length":47,"Height":13,"Demand":4,"DemandMax":null,"Value":611},{"Length":29,"Height":21,"Demand":1,"DemandMax":null,"Value":609},{"Length":40,"Height":15,"Demand":8,"DemandMax":null,"Value":600},{"Length":30,"Height":20,"Demand":4,"DemandMax":null,"Value":600},{"Length":35,"Height":17,"Demand":8,"DemandMax":null,"Value":595},{"Length":54,"Height":11,"Demand":4,"DemandMax":null,"Value":594},{"Length":37,"Height":16,"Demand":8,"DemandMax":null,"Value":592},{"Length":28,"Height":21,"Demand":3,"DemandMax":null,"Value":588},{"Length":45,"Height":13,"Demand":11,"DemandMax":null,"Value":585},{"Length":53,"Height":11,"Demand":4,"DemandMax":null,"Value":583},{"Length":58,"Height":10,"Demand":5,"DemandMax":null,"Value":580},{"Length":29,"Height":20,"Demand":5,"DemandMax":null,"Value":580},{"Length":36,"Height":16,"Demand":11,"DemandMax":null,"Value":576},{"Length":25,"Height":23,"Demand":10,"DemandMax":null,"Value":575},{"Length":44,"Height":13,"Demand":8,"DemandMax":null,"Value":572},{"Length":30,"Height":19,"Demand":6,"DemandMax":null,"Value":570},{"Length":27,"Height":21,"Demand":7,"DemandMax":null,"Value":567},{"Length":28,"Height":20,"Demand":2,"DemandMax":null,"Value":560},{"Length":40,"Height":14,"Demand":6,"DemandMax":null,"Value":560},{"Length":31,"Height":18,"Demand":2,"DemandMax":null,"Value":558},{"Length":37,"Height":15,"Demand":5,"DemandMax":null,"Value":555},{"Length":27,"Height":20,"Demand":2,"DemandMax":null,"Value":540},{"Length":28,"Height":19,"Demand":5,"DemandMax":null,"Value":532},{"Length":44,"Height":12,"Demand":7,"DemandMax":null,"Value":528},{"Length":35,"Height":15,"Demand":5,"DemandMax":null,"Value":525},{"Length":29,"Height":18,"Demand":4,"DemandMax":null,"Value":522},{"Length":26,"Height":20,"Demand":8,"DemandMax":null,"Value":520},{"Length":47,"Height":11,"Demand":7,"DemandMax":null,"Value":517},{"Length":28,"Height":18,"Demand":6,"DemandMax":null,"Value":504},{"Length":31,"Height":16,"Demand":8,"DemandMax":null,"Value":496},{"Length":33,"Height":15,"Demand":4,"DemandMax":null,"Value":495},{"Length":27,"Height":18,"Demand":6,"DemandMax":null,"Value":486},{"Length":22,"Height":22,"Demand":5,"DemandMax":null,"Value":484},{"Length":30,"Height":16,"Demand":5,"DemandMax":null,"Value":480},{"Length":32,"Height":15,"Demand":2,"DemandMax":null,"Value":480},{"Length":24,"Height":20,"Demand":8,"DemandMax":null,"Value":480},{"Length":28,"Height":17,"Demand":5,"DemandMax":null,"Value":476},{"Length":25,"Height":19,"Demand":13,"DemandMax":null,"Value":475},{"Length":24,"Height":19,"Demand":10,"DemandMax":null,"Value":456},{"Length":35,"Height":13,"Demand":4,"DemandMax":null,"Value":455},{"Length":32,"Height":14,"Demand":5,"DemandMax":null,"Value":448},{"Length":26,"Height":17,"Demand":5,"DemandMax":null,"Value":442},{"Length":29,"Height":15,"Demand":4,"DemandMax":null,"Value":435},{"Length":31,"Height":14,"Demand":11,"DemandMax":null,"Value":434},{"Length":39,"Height":11,"Demand":3,"DemandMax":null,"Value":429},{"Length":35,"Height":12,"Demand":3,"DemandMax":null,"Value":420},{"Length":23,"Height":18,"Demand":11,"DemandMax":null,"Value":414},{"Length":41,"Height":10,"Demand":5,"DemandMax":null,"Value":410},{"Length":24,"Height":17,"Demand":5,"DemandMax":null,"Value":408},{"Length":34,"Height":12,"Demand":7,"DemandMax":null,"Value":408},{"Length":29,"Height":14,"Demand":2,"DemandMax":null,"Value":406},{"Length":31,"Height":13,"Demand":2,"DemandMax":null,"Value":403},{"Length":20,"Height":20,"Demand":5,"DemandMax":null,"Value":400},{"Length":21,"Height":19,"Demand":4,"DemandMax":null,"Value":399},{"Length":24,"Height":16,"Demand":6,"DemandMax":null,"Value":384},{"Length":20,"Height":19,"Demand":2,"DemandMax":null,"Value":380},{"Length":29,"Height":13,"Demand":2,"DemandMax":null,"Value":377},{"Length":22,"Height":17,"Demand":6,"DemandMax":null,"Value":374},{"Length":24,"Height":15,"Demand":10,"DemandMax":null,"Value":360},{"Length":30,"Height":12,"Demand":8,"DemandMax":null,"Value":360},{"Length":20,"Height":18,"Demand":1,"DemandMax":null,"Value":360},{"Length":36,"Height":10,"Demand":2,"DemandMax":null,"Value":360},{"Length":27,"Height":12,"Demand":3,"DemandMax":null,"Value":324},{"Length":18,"Height":18,"Demand":7,"DemandMax":null,"Value":324},{"Length":23,"Height":14,"Demand":2,"DemandMax":null,"Value":322},{"Length":20,"Height":16,"Demand":6,"DemandMax":null,"Value":320},{"Length":29,"Height":11,"Demand":5,"DemandMax":null,"Value":319},{"Length":26,"Height":12,"Demand":9,"DemandMax":null,"Value":312},{"Length":28,"Height":11,"Demand":3,"DemandMax":null,"Value":308},{"Length":22,"Height":14,"Demand":4,"DemandMax":null,"Value":308},{"Length":18,"Height":17,"Demand":9,"DemandMax":null,"Value":306},{"Length":24,"Height":12,"Demand":8,"DemandMax":null,"Value":288},{"Length":22,"Height":13,"Demand":8,"DemandMax":null,"Value":286},{"Length":26,"Height":11,"Demand":6,"DemandMax":null,"Value":286},{"Length":19,"Height":15,"Demand":3,"DemandMax":null,"Value":285},{"Length":27,"Height":10,"Demand":4,"DemandMax":null,"Value":270},{"Length":24,"Height":11,"Demand":6,"DemandMax":null,"Value":264},{"Length":16,"Height":16,"Demand":4,"DemandMax":null,"Value":256},{"Length":18,"Height":14,"Demand":4,"DemandMax":null,"Value":252},{"Length":24,"Height":10,"Demand":5,"DemandMax":null,"Value":240},{"Length":20,"Height":12,"Demand":4,"DemandMax":null,"Value":240},{"Length":19,"Height":12,"Demand":1,"DemandMax":null,"Value":228},{"Length":15,"Height":15,"Demand":8,"DemandMax":null,"Value":225},{"Length":16,"Height":14,"Demand":4,"DemandMax":null,"Value":224},{"Length":17,"Height":13,"Demand":3,"DemandMax":null,"Value":221},{"Length":18,"Height":12,"Demand":5,"DemandMax":null,"Value":216},{"Length":15,"Height":14,"Demand":6,"DemandMax":null,"Value":210},{"Length":15,"Height":13,"Demand":3,"DemandMax":null,"Value":195}]}