{"Name":"MB09_090","Objects":[{"Length":432,"Height":79,"Stock":null,"Cost":34128}],"Items":[{"Length":49,"Height":45,"Demand":40,"DemandMax":null,"Value":2205},{"Length":59,"Height":35,"Demand":34,"DemandMax":null,"Value":2065},{"Length":51,"Height":39,"Demand":35,"DemandMax":null,"Value":1989},{"Length":47,"Height":38,"Demand":38,"DemandMax":null,"Value":1786},{"Length":54,"Height":31,"Demand":26,"DemandMax":null,"Value":1674},{"Length":56,"Height":28,"Demand":35,"DemandMax":null,"Value":1568},{"Length":47,"Height":32,"Demand":30,"DemandMax":null,"Value":1504},{"Length":48,"Height":29,"Demand":33,"DemandMax":null,"Value":1392},{"Length":46,"Height":30,"Demand":35,"DemandMax":null,"Value":1380},{"Length":37,"Height":35,"Demand":28,"DemandMax":null,"Value":1295},{"Length":46,"Height":27,"Demand":33,"DemandMax":null,"Value":1242},{"Length":37,"Height":32,"Demand":43,"DemandMax":null,"Value":1184},{"Length":44,"Height":26,"Demand":35,"DemandMax":null,"Value":1144},{"Length":57,"Height":20,"Demand":30,"DemandMax":null,"Value":1140},{"Length":56,"Height":19,"Demand":26,"DemandMax":null,"Value":1064},{"Length":35,"Height":30,"Demand":25,"DemandMax":null,"Value":1050},{"Length":42,"Height":24,"Demand":29,"DemandMax":null,"Value":1008},{"Length":58,"Height":17,"Demand":41,"DemandMax":null,"Value":986},{"Length":32,"Height":30,"Demand":30,"DemandMax":null,"Value":960},{"Length":53,"Height":17,"Demand":35,"DemandMax":null,"Value":901},{"Length":36,"Height":25,"Demand":30,"DemandMax":null,"Value":900},{"Length":34,"Height":25,"Demand":44,"DemandMax":null,"Value":850},{"Length":40,"Height":21,"Demand":37,"DemandMax":null,"Value":840},{"Length":38,"Height":22,"Demand":49,"DemandMax":null,"Value":836},{"Length":34,"Height":23,"Demand":30,"DemandMax":null,"Value":782},{"Length":60,"Height":13,"Demand":35,"DemandMax":null,"Value":780},{"Length":30,"Height":23,"Demand":39,"DemandMax":null,"Value":690},{"Length":30,"Height":22,"Demand":37,"DemandMax":null,"Value":660},{"Length":56,"Height":11,"Demand":38,"DemandMax":null,"Value":616},{"Length":26,"Height":22,"Demand":41,"DemandMax":null,"Value":572},{"Length":45,"Height":12,"Demand":34,"DemandMax":null,"Value":540},{"Length":25,"Height":21,"Demand":45,"DemandMax":null,"Value":525},{"Length":46,"Height":11,"Demand":29,"DemandMax":null,"Value":506},{"Length":33,"Height":15,"Demand":35,"DemandMax":null,"Value":495},{"Length":27,"Height":16,"Demand":34,"DemandMax":null,"Value":432},{"Length":23,"Height":16,"Demand":49,"DemandMax":null,"Value":368},{"Length":20,"Height":18,"Demand":45,"DemandMax":null,"Value":360},{"Length":19,"Height":12,"Demand":28,"DemandMax":null,"Value":228},{"Length":21,"Height":10,"Demand":33,"DemandMax":null,"Value":210}]}