{"Name":"MB07_110","Objects":[{"Length":587,"Height":233,"Stock":null,"Cost":136771}],"Items":[{"Length":60,"Height":45,"Demand":21,"DemandMax":null,"Value":2700},{"Length":54,"Height":49,"Demand":33,"DemandMax":null,"Value":2646},{"Length":51,"Height":48,"Demand":19,"DemandMax":null,"Value":2448},{"Length":49,"Height":45,"Demand":26,"DemandMax":null,"Value":2205},{"Length":59,"Height":37,"Demand":27,"DemandMax":null,"Value":2183},{"Length":54,"Height":40,"Demand":23,"DemandMax":null,"Value":2160},{"Length":51,"Height":39,"Demand":20,"DemandMax":null,"Value":1989},{"Length":56,"Height":34,"Demand":25,"DemandMax":null,"Value":1904},{"Length":47,"Height":38,"Demand":25,"DemandMax":null,"Value":1786},{"Length":56,"Height":31,"Demand":21,"DemandMax":null,"Value":1736},{"Length":44,"Height":39,"Demand":17,"DemandMax":null,"Value":1716},{"Length":45,"Height":38,"Demand":26,"DemandMax":null,"Value":1710},{"Length":45,"Height":37,"Demand":22,"DemandMax":null,"Value":1665},{"Length":41,"Height":34,"Demand":16,"DemandMax":null,"Value":1394},{"Length":37,"Height":36,"Demand":15,"DemandMax":null,"Value":1332},{"Length":37,"Height":35,"Demand":22,"DemandMax":null,"Value":1295},{"Length":47,"Height":27,"Demand":12,"DemandMax":null,"Value":1269},{"Length":46,"Height":27,"Demand":14,"DemandMax":null,"Value":1242},{"Length":47,"Height":25,"Demand":19,"DemandMax":null,"Value":1175},{"Length":47,"Height":22,"Demand":17,"DemandMax":null,"Value":1034},{"Length":42,"Height":24,"Demand":17,"DemandMax":null,"Value":1008},{"Length":43,"Height":23,"Demand":16,"DemandMax":null,"Value":989},{"Length":58,"Height":17,"Demand":19,"DemandMax":null,"Value":986},{"Length":46,"Height":21,"Demand":24,"DemandMax":null,"Value":966},{"Length":37,"Height":26,"Demand":17,"DemandMax":null,"Value":962},{"Length":32,"Height":30,"Demand":24,"DemandMax":null,"Value":960},{"Length":40,"Height":24,"Demand":30,"DemandMax":null,"Value":960},{"Length":49,"Height":19,"Demand":22,"DemandMax":null,"Value":931},{"Length":53,"Height":17,"Demand":21,"DemandMax":null,"Value":901},{"Length":36,"Height":25,"Demand":21,"DemandMax":null,"Value":900},{"Length":49,"Height":18,"Demand":26,"DemandMax":null,"Value":882},{"Length":47,"Height":18,"Demand":22,"DemandMax":null,"Value":846},{"Length":40,"Height":21,"Demand":19,"DemandMax":null,"Value":840},{"Length":33,"Height":25,"Demand":20,"DemandMax":null,"Value":825},{"Length":41,"Height":20,"Demand":16,"DemandMax":null,"Value":820},{"Length":39,"Height":20,"Demand":28,"DemandMax":null,"Value":780},{"Length":29,"Height":26,"Demand":24,"DemandMax":null,"Value":754},{"Length":44,"Height":17,"Demand":23,"DemandMax":null,"Value":748},{"Length":37,"Height":20,"Demand":40,"DemandMax":null,"Value":740},{"Length":30,"Height":23,"Demand":22,"DemandMax":null,"Value":690},{"Length":30,"Height":22,"Demand":17,"DemandMax":null,"Value":660},{"Length":37,"Height":17,"Demand":19,"DemandMax":null,"Value":629},{"Length":30,"Height":20,"Demand":16,"DemandMax":null,"Value":600},{"Length":32,"Height":18,"Demand":22,"DemandMax":null,"Value":576},{"Length":25,"Height":21,"Demand":23,"DemandMax":null,"Value":525},{"Length":34,"Height":15,"Demand":17,"DemandMax":null,"Value":510},{"Length":26,"Height":18,"Demand":14,"DemandMax":null,"Value":468},{"Length":22,"Height":21,"Demand":19,"DemandMax":null,"Value":462},{"Length":31,"Height":14,"Demand":22,"DemandMax":null,"Value":434},{"Length":27,"Height":16,"Demand":33,"DemandMax":null,"Value":432},{"Length":39,"Height":11,"Demand":19,"DemandMax":null,"Value":429},{"Length":24,"Height":15,"Demand":27,"DemandMax":null,"Value":360},{"Length":20,"Height":18,"Demand":27,"DemandMax":null,"Value":360},{"Length":30,"Height":11,"Demand":33,"DemandMax":null,"Value":330},{"Length":28,"Height":11,"Demand":17,"DemandMax":null,"Value":308},{"Length":19,"Height":12,"Demand":23,"DemandMax":null,"Value":228},{"Length":17,"Height":13,"Demand":22,"DemandMax":null,"Value":221},{"Length":17,"Height":10,"Demand":34,"DemandMax":null,"Value":170}]}