{"Name":"MB09_067","Objects":[{"Length":432,"Height":79,"Stock":null,"Cost":34128}],"Items":[{"Length":59,"Height":39,"Demand":55,"DemandMax":null,"Value":2301},{"Length":54,"Height":36,"Demand":57,"DemandMax":null,"Value":1944},{"Length":50,"Height":38,"Demand":67,"DemandMax":null,"Value":1900},{"Length":51,"Height":31,"Demand":57,"DemandMax":null,"Value":1581},{"Length":47,"Height":33,"Demand":74,"DemandMax":null,"Value":1551},{"Length":47,"Height":30,"Demand":64,"DemandMax":null,"Value":1410},{"Length":45,"Height":30,"Demand":61,"DemandMax":null,"Value":1350},{"Length":39,"Height":32,"Demand":64,"DemandMax":null,"Value":1248},{"Length":49,"Height":22,"Demand":51,"DemandMax":null,"Value":1078},{"Length":36,"Height":27,"Demand":64,"DemandMax":null,"Value":972},{"Length":33,"Height":26,"Demand":78,"DemandMax":null,"Value":858},{"Length":30,"Height":28,"Demand":58,"DemandMax":null,"Value":840},{"Length":32,"Height":26,"Demand":56,"DemandMax":null,"Value":832},{"Length":42,"Height":17,"Demand":59,"DemandMax":null,"Value":714},{"Length":43,"Height":16,"Demand":72,"DemandMax":null,"Value":688},{"Length":32,"Height":21,"Demand":62,"DemandMax":null,"Value":672},{"Length":38,"Height":15,"Demand":56,"DemandMax":null,"Value":570},{"Length":28,"Height":18,"Demand":61,"DemandMax":null,"Value":504},{"Length":30,"Height":15,"Demand":52,"DemandMax":null,"Value":450},{"Length":21,"Height":16,"Demand":63,"DemandMax":null,"Value":336}]}