{"Name":"MB07_112","Objects":[{"Length":587,"Height":233,"Stock":null,"Cost":136771}],"Items":[{"Length":51,"Height":48,"Demand":21,"DemandMax":null,"Value":2448},{"Length":49,"Height":48,"Demand":17,"DemandMax":null,"Value":2352},{"Length":54,"Height":37,"Demand":18,"DemandMax":null,"Value":1998},{"Length":51,"Height":38,"Demand":23,"DemandMax":null,"Value":1938},{"Length":45,"Height":43,"Demand":19,"DemandMax":null,"Value":1935},{"Length":49,"Height":39,"Demand":25,"DemandMax":null,"Value":1911},{"Length":53,"Height":35,"Demand":25,"DemandMax":null,"Value":1855},{"Length":47,"Height":36,"Demand":14,"DemandMax":null,"Value":1692},{"Length":43,"Height":38,"Demand":20,"DemandMax":null,"Value":1634},{"Length":48,"Height":34,"Demand":15,"DemandMax":null,"Value":1632},{"Length":42,"Height":36,"Demand":19,"DemandMax":null,"Value":1512},{"Length":47,"Height":32,"Demand":24,"DemandMax":null,"Value":1504},{"Length":44,"Height":33,"Demand":21,"DemandMax":null,"Value":1452},{"Length":41,"Height":35,"Demand":18,"DemandMax":null,"Value":1435},{"Length":48,"Height":29,"Demand":18,"DemandMax":null,"Value":1392},{"Length":42,"Height":33,"Demand":16,"DemandMax":null,"Value":1386},{"Length":54,"Height":25,"Demand":23,"DemandMax":null,"Value":1350},{"Length":40,"Height":33,"Demand":15,"DemandMax":null,"Value":1320},{"Length":49,"Height":26,"Demand":26,"DemandMax":null,"Value":1274},{"Length":45,"Height":28,"Demand":30,"DemandMax":null,"Value":1260},{"Length":35,"Height":33,"Demand":15,"DemandMax":null,"Value":1155},{"Length":37,"Height":31,"Demand":15,"DemandMax":null,"Value":1147},{"Length":51,"Height":22,"Demand":15,"DemandMax":null,"Value":1122},{"Length":41,"Height":27,"Demand":23,"DemandMax":null,"Value":1107},{"Length":35,"Height":31,"Demand":16,"DemandMax":null,"Value":1085},{"Length":38,"Height":28,"Demand":19,"DemandMax":null,"Value":1064},{"Length":35,"Height":28,"Demand":18,"DemandMax":null,"Value":980},{"Length":36,"Height":27,"Demand":19,"DemandMax":null,"Value":972},{"Length":43,"Height":21,"Demand":18,"DemandMax":null,"Value":903},{"Length":38,"Height":23,"Demand":18,"DemandMax":null,"Value":874},{"Length":32,"Height":27,"Demand":26,"DemandMax":null,"Value":864},{"Length":36,"Height":23,"Demand":18,"DemandMax":null,"Value":828},{"Length":39,"Height":21,"Demand":13,"DemandMax":null,"Value":819},{"Length":31,"Height":26,"Demand":16,"DemandMax":null,"Value":806},{"Length":35,"Height":23,"Demand":23,"DemandMax":null,"Value":805},{"Length":39,"Height":20,"Demand":15,"DemandMax":null,"Value":780},{"Length":51,"Height":15,"Demand":17,"DemandMax":null,"Value":765},{"Length":33,"Height":23,"Demand":22,"DemandMax":null,"Value":759},{"Length":50,"Height":15,"Demand":17,"DemandMax":null,"Value":750},{"Length":30,"Height":24,"Demand":22,"DemandMax":null,"Value":720},{"Length":40,"Height":18,"Demand":18,"DemandMax":null,"Value":720},{"Length":55,"Height":13,"Demand":17,"DemandMax":null,"Value":715},{"Length":48,"Height":14,"Demand":22,"DemandMax":null,"Value":672},{"Length":38,"Height":17,"Demand":16,"DemandMax":null,"Value":646},{"Length":28,"Height":22,"Demand":15,"DemandMax":null,"Value":616},{"Length":27,"Height":22,"Demand":16,"DemandMax":null,"Value":594},{"Length":59,"Height":10,"Demand":18,"DemandMax":null,"Value":590},{"Length":44,"Height":13,"Demand":19,"DemandMax":null,"Value":572},{"Length":30,"Height":19,"Demand":20,"DemandMax":null,"Value":570},{"Length":46,"Height":11,"Demand":14,"DemandMax":null,"Value":506},{"Length":24,"Height":21,"Demand":14,"DemandMax":null,"Value":504},{"Length":25,"Height":20,"Demand":22,"DemandMax":null,"Value":500},{"Length":45,"Height":10,"Demand":16,"DemandMax":null,"Value":450},{"Length":29,"Height":15,"Demand":19,"DemandMax":null,"Value":435},{"Length":27,"Height":16,"Demand":22,"DemandMax":null,"Value":432},{"Length":24,"Height":18,"Demand":16,"DemandMax":null,"Value":432},{"Length":21,"Height":20,"Demand":12,"DemandMax":null,"Value":420},{"Length":24,"Height":17,"Demand":21,"DemandMax":null,"Value":408},{"Length":27,"Height":15,"Demand":19,"DemandMax":null,"Value":405},{"Length":39,"Height":10,"Demand":21,"DemandMax":null,"Value":390},{"Length":35,"Height":11,"Demand":27,"DemandMax":null,"Value":385},{"Length":24,"Height":15,"Demand":21,"DemandMax":null,"Value":360},{"Length":19,"Height":18,"Demand":19,"DemandMax":null,"Value":342},{"Length":21,"Height":16,"Demand":22,"DemandMax":null,"Value":336},{"Length":25,"Height":13,"Demand":15,"DemandMax":null,"Value":325},{"Length":19,"Height":17,"Demand":24,"DemandMax":null,"Value":323},{"Length":24,"Height":10,"Demand":24,"DemandMax":null,"Value":240},{"Length":17,"Height":13,"Demand":11,"DemandMax":null,"Value":221},{"Length":18,"Height":11,"Demand":16,"DemandMax":null,"Value":198}]}