{"Name":"MB07_126","Objects":[{"Length":587,"Height":233,"Stock":null,"Cost":136771}],"Items":[{"Length":47,"Height":44,"Demand":22,"DemandMax":null,"Value":2068},{"Length":50,"Height":37,"Demand":18,"DemandMax":null,"Value":1850},{"Length":44,"Height":39,"Demand":12,"DemandMax":null,"Value":1716},{"Length":45,"Height":35,"Demand":19,"DemandMax":null,"Value":1575},{"Length":42,"Height":36,"Demand":24,"DemandMax":null,"Value":1512},{"Length":58,"Height":26,"Demand":17,"DemandMax":null,"Value":1508},{"Length":40,"Height":37,"Demand":22,"DemandMax":null,"Value":1480},{"Length":43,"Height":34,"Demand":21,"DemandMax":null,"Value":1462},{"Length":56,"Height":26,"Demand":23,"DemandMax":null,"Value":1456},{"Length":44,"Height":32,"Demand":16,"DemandMax":null,"Value":1408},{"Length":41,"Height":33,"Demand":16,"DemandMax":null,"Value":1353},{"Length":36,"Height":36,"Demand":26,"DemandMax":null,"Value":1296},{"Length":44,"Height":29,"Demand":20,"DemandMax":null,"Value":1276},{"Length":54,"Height":22,"Demand":19,"DemandMax":null,"Value":1188},{"Length":37,"Height":32,"Demand":22,"DemandMax":null,"Value":1184},{"Length":50,"Height":23,"Demand":32,"DemandMax":null,"Value":1150},{"Length":39,"Height":29,"Demand":26,"DemandMax":null,"Value":1131},{"Length":43,"Height":26,"Demand":26,"DemandMax":null,"Value":1118},{"Length":52,"Height":21,"Demand":15,"DemandMax":null,"Value":1092},{"Length":55,"Height":19,"Demand":15,"DemandMax":null,"Value":1045},{"Length":36,"Height":29,"Demand":23,"DemandMax":null,"Value":1044},{"Length":32,"Height":31,"Demand":24,"DemandMax":null,"Value":992},{"Length":39,"Height":25,"Demand":11,"DemandMax":null,"Value":975},{"Length":51,"Height":19,"Demand":23,"DemandMax":null,"Value":969},{"Length":42,"Height":23,"Demand":22,"DemandMax":null,"Value":966},{"Length":37,"Height":26,"Demand":17,"DemandMax":null,"Value":962},{"Length":37,"Height":25,"Demand":20,"DemandMax":null,"Value":925},{"Length":33,"Height":28,"Demand":14,"DemandMax":null,"Value":924},{"Length":42,"Height":22,"Demand":16,"DemandMax":null,"Value":924},{"Length":35,"Height":26,"Demand":22,"DemandMax":null,"Value":910},{"Length":30,"Height":30,"Demand":18,"DemandMax":null,"Value":900},{"Length":33,"Height":27,"Demand":26,"DemandMax":null,"Value":891},{"Length":40,"Height":22,"Demand":20,"DemandMax":null,"Value":880},{"Length":47,"Height":18,"Demand":17,"DemandMax":null,"Value":846},{"Length":30,"Height":28,"Demand":17,"DemandMax":null,"Value":840},{"Length":32,"Height":25,"Demand":16,"DemandMax":null,"Value":800},{"Length":42,"Height":19,"Demand":18,"DemandMax":null,"Value":798},{"Length":34,"Height":23,"Demand":23,"DemandMax":null,"Value":782},{"Length":42,"Height":18,"Demand":25,"DemandMax":null,"Value":756},{"Length":30,"Height":25,"Demand":26,"DemandMax":null,"Value":750},{"Length":52,"Height":14,"Demand":23,"DemandMax":null,"Value":728},{"Length":33,"Height":22,"Demand":22,"DemandMax":null,"Value":726},{"Length":40,"Height":18,"Demand":23,"DemandMax":null,"Value":720},{"Length":36,"Height":20,"Demand":17,"DemandMax":null,"Value":720},{"Length":41,"Height":17,"Demand":24,"DemandMax":null,"Value":697},{"Length":38,"Height":18,"Demand":28,"DemandMax":null,"Value":684},{"Length":40,"Height":17,"Demand":19,"DemandMax":null,"Value":680},{"Length":37,"Height":18,"Demand":15,"DemandMax":null,"Value":666},{"Length":28,"Height":23,"Demand":17,"DemandMax":null,"Value":644},{"Length":35,"Height":18,"Demand":18,"DemandMax":null,"Value":630},{"Length":36,"Height":17,"Demand":24,"DemandMax":null,"Value":612},{"Length":46,"Height":13,"Demand":17,"DemandMax":null,"Value":598},{"Length":35,"Height":16,"Demand":19,"DemandMax":null,"Value":560},{"Length":25,"Height":22,"Demand":21,"DemandMax":null,"Value":550},{"Length":36,"Height":15,"Demand":25,"DemandMax":null,"Value":540},{"Length":37,"Height":14,"Demand":14,"DemandMax":null,"Value":518},{"Length":42,"Height":12,"Demand":19,"DemandMax":null,"Value":504},{"Length":27,"Height":18,"Demand":19,"DemandMax":null,"Value":486},{"Length":44,"Height":11,"Demand":29,"DemandMax":null,"Value":484},{"Length":39,"Height":12,"Demand":15,"DemandMax":null,"Value":468},{"Length":31,"Height":15,"Demand":16,"DemandMax":null,"Value":465},{"Length":22,"Height":20,"Demand":29,"DemandMax":null,"Value":440},{"Length":31,"Height":14,"Demand":12,"DemandMax":null,"Value":434},{"Length":27,"Height":16,"Demand":20,"DemandMax":null,"Value":432},{"Length":26,"Height":16,"Demand":25,"DemandMax":null,"Value":416},{"Length":22,"Height":18,"Demand":22,"DemandMax":null,"Value":396},{"Length":23,"Height":17,"Demand":22,"DemandMax":null,"Value":391},{"Length":26,"Height":15,"Demand":20,"DemandMax":null,"Value":390},{"Length":32,"Height":12,"Demand":16,"DemandMax":null,"Value":384},{"Length":29,"Height":13,"Demand":14,"DemandMax":null,"Value":377},{"Length":19,"Height":19,"Demand":14,"DemandMax":null,"Value":361},{"Length":30,"Height":12,"Demand":24,"DemandMax":null,"Value":360},{"Length":29,"Height":11,"Demand":27,"DemandMax":null,"Value":319},{"Length":31,"Height":10,"Demand":21,"DemandMax":null,"Value":310},{"Length":30,"Height":10,"Demand":22,"DemandMax":null,"Value":300},{"Length":22,"Height":13,"Demand":22,"DemandMax":null,"Value":286},{"Length":26,"Height":11,"Demand":18,"DemandMax":null,"Value":286},{"Length":18,"Height":15,"Demand":20,"DemandMax":null,"Value":270},{"Length":13,"Height":13,"Demand":20,"DemandMax":null,"Value":169},{"Length":16,"Height":10,"Demand":17,"DemandMax":null,"Value":160}]}