{"Name":"MB09_140","Objects":[{"Length":432,"Height":79,"Stock":null,"Cost":34128}],"Items":[{"Length":60,"Height":45,"Demand":20,"DemandMax":null,"Value":2700},{"Length":51,"Height":48,"Demand":21,"DemandMax":null,"Value":2448},{"Length":49,"Height":45,"Demand":19,"DemandMax":null,"Value":2205},{"Length":56,"Height":39,"Demand":9,"DemandMax":null,"Value":2184},{"Length":54,"Height":39,"Demand":14,"DemandMax":null,"Value":2106},{"Length":57,"Height":36,"Demand":15,"DemandMax":null,"Value":2052},{"Length":51,"Height":39,"Demand":20,"DemandMax":null,"Value":1989},{"Length":56,"Height":34,"Demand":17,"DemandMax":null,"Value":1904},{"Length":59,"Height":32,"Demand":21,"DemandMax":null,"Value":1888},{"Length":47,"Height":38,"Demand":22,"DemandMax":null,"Value":1786},{"Length":45,"Height":38,"Demand":17,"DemandMax":null,"Value":1710},{"Length":47,"Height":32,"Demand":10,"DemandMax":null,"Value":1504},{"Length":58,"Height":25,"Demand":20,"DemandMax":null,"Value":1450},{"Length":38,"Height":37,"Demand":12,"DemandMax":null,"Value":1406},{"Length":54,"Height":26,"Demand":17,"DemandMax":null,"Value":1404},{"Length":41,"Height":34,"Demand":17,"DemandMax":null,"Value":1394},{"Length":38,"Height":35,"Demand":20,"DemandMax":null,"Value":1330},{"Length":44,"Height":30,"Demand":17,"DemandMax":null,"Value":1320},{"Length":37,"Height":35,"Demand":14,"DemandMax":null,"Value":1295},{"Length":37,"Height":34,"Demand":19,"DemandMax":null,"Value":1258},{"Length":46,"Height":27,"Demand":16,"DemandMax":null,"Value":1242},{"Length":47,"Height":25,"Demand":18,"DemandMax":null,"Value":1175},{"Length":40,"Height":29,"Demand":19,"DemandMax":null,"Value":1160},{"Length":41,"Height":28,"Demand":18,"DemandMax":null,"Value":1148},{"Length":44,"Height":26,"Demand":20,"DemandMax":null,"Value":1144},{"Length":38,"Height":30,"Demand":12,"DemandMax":null,"Value":1140},{"Length":36,"Height":30,"Demand":15,"DemandMax":null,"Value":1080},{"Length":40,"Height":27,"Demand":15,"DemandMax":null,"Value":1080},{"Length":47,"Height":22,"Demand":17,"DemandMax":null,"Value":1034},{"Length":38,"Height":26,"Demand":25,"DemandMax":null,"Value":988},{"Length":32,"Height":30,"Demand":10,"DemandMax":null,"Value":960},{"Length":40,"Height":24,"Demand":24,"DemandMax":null,"Value":960},{"Length":47,"Height":20,"Demand":12,"DemandMax":null,"Value":940},{"Length":39,"Height":24,"Demand":15,"DemandMax":null,"Value":936},{"Length":49,"Height":19,"Demand":18,"DemandMax":null,"Value":931},{"Length":35,"Height":25,"Demand":16,"DemandMax":null,"Value":875},{"Length":31,"Height":28,"Demand":23,"DemandMax":null,"Value":868},{"Length":31,"Height":27,"Demand":11,"DemandMax":null,"Value":837},{"Length":41,"Height":20,"Demand":20,"DemandMax":null,"Value":820},{"Length":43,"Height":19,"Demand":15,"DemandMax":null,"Value":817},{"Length":35,"Height":23,"Demand":17,"DemandMax":null,"Value":805},{"Length":29,"Height":27,"Demand":17,"DemandMax":null,"Value":783},{"Length":34,"Height":23,"Demand":9,"DemandMax":null,"Value":782},{"Length":39,"Height":20,"Demand":12,"DemandMax":null,"Value":780},{"Length":60,"Height":13,"Demand":22,"DemandMax":null,"Value":780},{"Length":48,"Height":16,"Demand":14,"DemandMax":null,"Value":768},{"Length":49,"Height":15,"Demand":12,"DemandMax":null,"Value":735},{"Length":44,"Height":16,"Demand":21,"DemandMax":null,"Value":704},{"Length":35,"Height":20,"Demand":16,"DemandMax":null,"Value":700},{"Length":43,"Height":16,"Demand":14,"DemandMax":null,"Value":688},{"Length":49,"Height":14,"Demand":15,"DemandMax":null,"Value":686},{"Length":26,"Height":25,"Demand":10,"DemandMax":null,"Value":650},{"Length":54,"Height":12,"Demand":16,"DemandMax":null,"Value":648},{"Length":30,"Height":21,"Demand":18,"DemandMax":null,"Value":630},{"Length":28,"Height":22,"Demand":16,"DemandMax":null,"Value":616},{"Length":40,"Height":15,"Demand":14,"DemandMax":null,"Value":600},{"Length":32,"Height":18,"Demand":13,"DemandMax":null,"Value":576},{"Length":26,"Height":21,"Demand":17,"DemandMax":null,"Value":546},{"Length":32,"Height":17,"Demand":21,"DemandMax":null,"Value":544},{"Length":45,"Height":12,"Demand":14,"DemandMax":null,"Value":540},{"Length":25,"Height":21,"Demand":21,"DemandMax":null,"Value":525},{"Length":23,"Height":22,"Demand":9,"DemandMax":null,"Value":506},{"Length":31,"Height":16,"Demand":16,"DemandMax":null,"Value":496},{"Length":33,"Height":15,"Demand":8,"DemandMax":null,"Value":495},{"Length":29,"Height":17,"Demand":18,"DemandMax":null,"Value":493},{"Length":28,"Height":17,"Demand":17,"DemandMax":null,"Value":476},{"Length":34,"Height":14,"Demand":18,"DemandMax":null,"Value":476},{"Length":26,"Height":18,"Demand":23,"DemandMax":null,"Value":468},{"Length":35,"Height":13,"Demand":25,"DemandMax":null,"Value":455},{"Length":31,"Height":14,"Demand":14,"DemandMax":null,"Value":434},{"Length":27,"Height":16,"Demand":21,"DemandMax":null,"Value":432},{"Length":26,"Height":16,"Demand":24,"DemandMax":null,"Value":416},{"Length":20,"Height":20,"Demand":13,"DemandMax":null,"Value":400},{"Length":22,"Height":18,"Demand":19,"DemandMax":null,"Value":396},{"Length":23,"Height":17,"Demand":16,"DemandMax":null,"Value":391},{"Length":32,"Height":12,"Demand":20,"DemandMax":null,"Value":384},{"Length":24,"Height":15,"Demand":13,"DemandMax":null,"Value":360},{"Length":21,"Height":17,"Demand":13,"DemandMax":null,"Value":357},{"Length":27,"Height":13,"Demand":27,"DemandMax":null,"Value":351},{"Length":30,"Height":11,"Demand":13,"DemandMax":null,"Value":330},{"Length":23,"Height":13,"Demand":16,"DemandMax":null,"Value":299},{"Length":29,"Height":10,"Demand":16,"DemandMax":null,"Value":290},{"Length":17,"Height":16,"Demand":14,"DemandMax":null,"Value":272},{"Length":17,"Height":14,"Demand":20,"DemandMax":null,"Value":238},{"Length":19,"Height":12,"Demand":16,"DemandMax":null,"Value":228},{"Length":22,"Height":10,"Demand":10,"DemandMax":null,"Value":220},{"Length":15,"Height":13,"Demand":20,"DemandMax":null,"Value":195}]}