{"Name":"MB08_095","Objects":[{"Length":587,"Height":233,"Stock":null,"Cost":136771}],"Items":[{"Length":55,"Height":48,"Demand":3,"DemandMax":null,"Value":2640},{"Length":56,"Height":47,"Demand":2,"DemandMax":null,"Value":2632},{"Length":51,"Height":50,"Demand":3,"DemandMax":null,"Value":2550},{"Length":51,"Height":49,"Demand":4,"DemandMax":null,"Value":2499},{"Length":60,"Height":40,"Demand":1,"DemandMax":null,"Value":2400},{"Length":53,"Height":45,"Demand":2,"DemandMax":null,"Value":2385},{"Length":57,"Height":41,"Demand":2,"DemandMax":null,"Value":2337},{"Length":53,"Height":44,"Demand":6,"DemandMax":null,"Value":2332},{"Length":50,"Height":46,"Demand":3,"DemandMax":null,"Value":2300},{"Length":48,"Height":47,"Demand":3,"DemandMax":null,"Value":2256},{"Length":57,"Height":39,"Demand":2,"DemandMax":null,"Value":2223},{"Length":49,"Height":45,"Demand":8,"DemandMax":null,"Value":2205},{"Length":50,"Height":44,"Demand":4,"DemandMax":null,"Value":2200},{"Length":54,"Height":40,"Demand":2,"DemandMax":null,"Value":2160},{"Length":48,"Height":45,"Demand":3,"DemandMax":null,"Value":2160},{"Length":58,"Height":37,"Demand":1,"DemandMax":null,"Value":2146},{"Length":46,"Height":45,"Demand":4,"DemandMax":null,"Value":2070},{"Length":49,"Height":42,"Demand":4,"DemandMax":null,"Value":2058},{"Length":54,"Height":38,"Demand":6,"DemandMax":null,"Value":2052},{"Length":47,"Height":43,"Demand":4,"DemandMax":null,"Value":2021},{"Length":46,"Height":43,"Demand":5,"DemandMax":null,"Value":1978},{"Length":57,"Height":34,"Demand":3,"DemandMax":null,"Value":1938},{"Length":55,"Height":35,"Demand":5,"DemandMax":null,"Value":1925},{"Length":60,"Height":32,"Demand":3,"DemandMax":null,"Value":1920},{"Length":53,"Height":36,"Demand":4,"DemandMax":null,"Value":1908},{"Length":44,"Height":43,"Demand":1,"DemandMax":null,"Value":1892},{"Length":52,"Height":36,"Demand":4,"DemandMax":null,"Value":1872},{"Length":47,"Height":39,"Demand":2,"DemandMax":null,"Value":1833},{"Length":48,"Height":38,"Demand":2,"DemandMax":null,"Value":1824},{"Length":55,"Height":33,"Demand":4,"DemandMax":null,"Value":1815},{"Length":44,"Height":41,"Demand":7,"DemandMax":null,"Value":1804},{"Length":50,"Height":36,"Demand":3,"DemandMax":null,"Value":1800},{"Length":56,"Height":32,"Demand":4,"DemandMax":null,"Value":1792},{"Length":52,"Height":34,"Demand":4,"DemandMax":null,"Value":1768},{"Length":55,"Height":32,"Demand":5,"DemandMax":null,"Value":1760},{"Length":50,"Height":35,"Demand":2,"DemandMax":null,"Value":1750},{"Length":51,"Height":34,"Demand":3,"DemandMax":null,"Value":1734},{"Length":48,"Height":36,"Demand":4,"DemandMax":null,"Value":1728},{"Length":55,"Height":31,"Demand":2,"DemandMax":null,"Value":1705},{"Length":46,"Height":37,"Demand":1,"DemandMax":null,"Value":1702},{"Length":42,"Height":40,"Demand":3,"DemandMax":null,"Value":1680},{"Length":43,"Height":39,"Demand":3,"DemandMax":null,"Value":1677},{"Length":44,"Height":38,"Demand":3,"DemandMax":null,"Value":1672},{"Length":41,"Height":40,"Demand":3,"DemandMax":null,"Value":1640},{"Length":42,"Height":39,"Demand":4,"DemandMax":null,"Value":1638},{"Length":43,"Height":38,"Demand":5,"DemandMax":null,"Value":1634},{"Length":44,"Height":37,"Demand":5,"DemandMax":null,"Value":1628},{"Length":49,"Height":33,"Demand":4,"DemandMax":null,"Value":1617},{"Length":47,"Height":34,"Demand":2,"DemandMax":null,"Value":1598},{"Length":42,"Height":38,"Demand":3,"DemandMax":null,"Value":1596},{"Length":57,"Height":28,"Demand":2,"DemandMax":null,"Value":1596},{"Length":55,"Height":29,"Demand":2,"DemandMax":null,"Value":1595},{"Length":43,"Height":37,"Demand":3,"DemandMax":null,"Value":1591},{"Length":53,"Height":30,"Demand":2,"DemandMax":null,"Value":1590},{"Length":48,"Height":33,"Demand":4,"DemandMax":null,"Value":1584},{"Length":49,"Height":32,"Demand":2,"DemandMax":null,"Value":1568},{"Length":40,"Height":39,"Demand":3,"DemandMax":null,"Value":1560},{"Length":47,"Height":33,"Demand":3,"DemandMax":null,"Value":1551},{"Length":50,"Height":31,"Demand":3,"DemandMax":null,"Value":1550},{"Length":44,"Height":35,"Demand":2,"DemandMax":null,"Value":1540},{"Length":57,"Height":27,"Demand":3,"DemandMax":null,"Value":1539},{"Length":46,"Height":33,"Demand":3,"DemandMax":null,"Value":1518},{"Length":41,"Height":37,"Demand":3,"DemandMax":null,"Value":1517},{"Length":42,"Height":36,"Demand":3,"DemandMax":null,"Value":1512},{"Length":52,"Height":29,"Demand":2,"DemandMax":null,"Value":1508},{"Length":43,"Height":35,"Demand":3,"DemandMax":null,"Value":1505},{"Length":50,"Height":30,"Demand":1,"DemandMax":null,"Value":1500},{"Length":55,"Height":27,"Demand":3,"DemandMax":null,"Value":1485},{"Length":45,"Height":33,"Demand":4,"DemandMax":null,"Value":1485},{"Length":39,"Height":38,"Demand":2,"DemandMax":null,"Value":1482},{"Length":40,"Height":37,"Demand":2,"DemandMax":null,"Value":1480},{"Length":49,"Height":30,"Demand":5,"DemandMax":null,"Value":1470},{"Length":43,"Height":34,"Demand":3,"DemandMax":null,"Value":1462},{"Length":54,"Height":27,"Demand":4,"DemandMax":null,"Value":1458},{"Length":38,"Height":38,"Demand":3,"DemandMax":null,"Value":1444},{"Length":45,"Height":32,"Demand":3,"DemandMax":null,"Value":1440},{"Length":41,"Height":35,"Demand":1,"DemandMax":null,"Value":1435},{"Length":55,"Height":26,"Demand":2,"DemandMax":null,"Value":1430},{"Length":42,"Height":34,"Demand":2,"DemandMax":null,"Value":1428},{"Length":46,"Height":31,"Demand":2,"DemandMax":null,"Value":1426},{"Length":49,"Height":29,"Demand":2,"DemandMax":null,"Value":1421},{"Length":43,"Height":33,"Demand":4,"DemandMax":null,"Value":1419},{"Length":47,"Height":30,"Demand":2,"DemandMax":null,"Value":1410},{"Length":44,"Height":32,"Demand":4,"DemandMax":null,"Value":1408},{"Length":38,"Height":37,"Demand":1,"DemandMax":null,"Value":1406},{"Length":39,"Height":36,"Demand":3,"DemandMax":null,"Value":1404},{"Length":50,"Height":28,"Demand":1,"DemandMax":null,"Value":1400},{"Length":56,"Height":25,"Demand":4,"DemandMax":null,"Value":1400},{"Length":41,"Height":34,"Demand":1,"DemandMax":null,"Value":1394},{"Length":48,"Height":29,"Demand":3,"DemandMax":null,"Value":1392},{"Length":42,"Height":33,"Demand":5,"DemandMax":null,"Value":1386},{"Length":49,"Height":28,"Demand":3,"DemandMax":null,"Value":1372},{"Length":38,"Height":36,"Demand":2,"DemandMax":null,"Value":1368},{"Length":39,"Height":35,"Demand":3,"DemandMax":null,"Value":1365},{"Length":47,"Height":29,"Demand":3,"DemandMax":null,"Value":1363},{"Length":48,"Height":28,"Demand":2,"DemandMax":null,"Value":1344},{"Length":43,"Height":31,"Demand":8,"DemandMax":null,"Value":1333},{"Length":49,"Height":27,"Demand":5,"DemandMax":null,"Value":1323},{"Length":40,"Height":33,"Demand":4,"DemandMax":null,"Value":1320},{"Length":47,"Height":28,"Demand":1,"DemandMax":null,"Value":1316},{"Length":36,"Height":36,"Demand":3,"DemandMax":null,"Value":1296},{"Length":43,"Height":30,"Demand":3,"DemandMax":null,"Value":1290},{"Length":56,"Height":23,"Demand":1,"DemandMax":null,"Value":1288},{"Length":40,"Height":32,"Demand":1,"DemandMax":null,"Value":1280},{"Length":44,"Height":29,"Demand":3,"DemandMax":null,"Value":1276},{"Length":49,"Height":26,"Demand":5,"DemandMax":null,"Value":1274},{"Length":41,"Height":31,"Demand":3,"DemandMax":null,"Value":1271},{"Length":60,"Height":21,"Demand":2,"DemandMax":null,"Value":1260},{"Length":37,"Height":34,"Demand":4,"DemandMax":null,"Value":1258},{"Length":38,"Height":33,"Demand":2,"DemandMax":null,"Value":1254},{"Length":43,"Height":29,"Demand":2,"DemandMax":null,"Value":1247},{"Length":46,"Height":27,"Demand":4,"DemandMax":null,"Value":1242},{"Length":40,"Height":31,"Demand":5,"DemandMax":null,"Value":1240},{"Length":47,"Height":26,"Demand":2,"DemandMax":null,"Value":1222},{"Length":37,"Height":33,"Demand":1,"DemandMax":null,"Value":1221},{"Length":39,"Height":31,"Demand":5,"DemandMax":null,"Value":1209},{"Length":40,"Height":30,"Demand":6,"DemandMax":null,"Value":1200},{"Length":48,"Height":25,"Demand":6,"DemandMax":null,"Value":1200},{"Length":36,"Height":33,"Demand":2,"DemandMax":null,"Value":1188},{"Length":38,"Height":31,"Demand":3,"DemandMax":null,"Value":1178},{"Length":49,"Height":24,"Demand":4,"DemandMax":null,"Value":1176},{"Length":47,"Height":25,"Demand":4,"DemandMax":null,"Value":1175},{"Length":45,"Height":26,"Demand":2,"DemandMax":null,"Value":1170},{"Length":39,"Height":30,"Demand":2,"DemandMax":null,"Value":1170},{"Length":43,"Height":27,"Demand":2,"DemandMax":null,"Value":1161},{"Length":35,"Height":33,"Demand":4,"DemandMax":null,"Value":1155},{"Length":48,"Height":24,"Demand":4,"DemandMax":null,"Value":1152},{"Length":57,"Height":20,"Demand":4,"DemandMax":null,"Value":1140},{"Length":42,"Height":27,"Demand":3,"DemandMax":null,"Value":1134},{"Length":39,"Height":29,"Demand":2,"DemandMax":null,"Value":1131},{"Length":59,"Height":19,"Demand":3,"DemandMax":null,"Value":1121},{"Length":40,"Height":28,"Demand":2,"DemandMax":null,"Value":1120},{"Length":43,"Height":26,"Demand":6,"DemandMax":null,"Value":1118},{"Length":36,"Height":31,"Demand":3,"DemandMax":null,"Value":1116},{"Length":53,"Height":21,"Demand":4,"DemandMax":null,"Value":1113},{"Length":37,"Height":30,"Demand":2,"DemandMax":null,"Value":1110},{"Length":38,"Height":29,"Demand":4,"DemandMax":null,"Value":1102},{"Length":44,"Height":25,"Demand":4,"DemandMax":null,"Value":1100},{"Length":42,"Height":26,"Demand":3,"DemandMax":null,"Value":1092},{"Length":34,"Height":32,"Demand":2,"DemandMax":null,"Value":1088},{"Length":35,"Height":31,"Demand":3,"DemandMax":null,"Value":1085},{"Length":47,"Height":23,"Demand":3,"DemandMax":null,"Value":1081},{"Length":36,"Height":30,"Demand":2,"DemandMax":null,"Value":1080},{"Length":45,"Height":24,"Demand":6,"DemandMax":null,"Value":1080},{"Length":49,"Height":22,"Demand":3,"DemandMax":null,"Value":1078},{"Length":37,"Height":29,"Demand":4,"DemandMax":null,"Value":1073},{"Length":41,"Height":26,"Demand":4,"DemandMax":null,"Value":1066},{"Length":59,"Height":18,"Demand":2,"DemandMax":null,"Value":1062},{"Length":33,"Height":32,"Demand":2,"DemandMax":null,"Value":1056},{"Length":34,"Height":31,"Demand":1,"DemandMax":null,"Value":1054},{"Length":35,"Height":30,"Demand":4,"DemandMax":null,"Value":1050},{"Length":58,"Height":18,"Demand":1,"DemandMax":null,"Value":1044},{"Length":36,"Height":29,"Demand":4,"DemandMax":null,"Value":1044},{"Length":40,"Height":26,"Demand":2,"DemandMax":null,"Value":1040},{"Length":37,"Height":28,"Demand":3,"DemandMax":null,"Value":1036},{"Length":45,"Height":23,"Demand":6,"DemandMax":null,"Value":1035},{"Length":47,"Height":22,"Demand":5,"DemandMax":null,"Value":1034},{"Length":49,"Height":21,"Demand":1,"DemandMax":null,"Value":1029},{"Length":38,"Height":27,"Demand":2,"DemandMax":null,"Value":1026},{"Length":33,"Height":31,"Demand":4,"DemandMax":null,"Value":1023},{"Length":35,"Height":29,"Demand":6,"DemandMax":null,"Value":1015},{"Length":44,"Height":23,"Demand":5,"DemandMax":null,"Value":1012},{"Length":48,"Height":21,"Demand":4,"DemandMax":null,"Value":1008},{"Length":59,"Height":17,"Demand":6,"DemandMax":null,"Value":1003},{"Length":50,"Height":20,"Demand":6,"DemandMax":null,"Value":1000},{"Length":40,"Height":25,"Demand":3,"DemandMax":null,"Value":1000},{"Length":32,"Height":31,"Demand":2,"DemandMax":null,"Value":992},{"Length":33,"Height":30,"Demand":2,"DemandMax":null,"Value":990},{"Length":45,"Height":22,"Demand":4,"DemandMax":null,"Value":990},{"Length":43,"Height":23,"Demand":2,"DemandMax":null,"Value":989},{"Length":52,"Height":19,"Demand":2,"DemandMax":null,"Value":988},{"Length":58,"Height":17,"Demand":4,"DemandMax":null,"Value":986},{"Length":35,"Height":28,"Demand":3,"DemandMax":null,"Value":980},{"Length":40,"Height":24,"Demand":5,"DemandMax":null,"Value":960},{"Length":53,"Height":18,"Demand":5,"DemandMax":null,"Value":954},{"Length":34,"Height":28,"Demand":4,"DemandMax":null,"Value":952},{"Length":38,"Height":25,"Demand":4,"DemandMax":null,"Value":950},{"Length":45,"Height":21,"Demand":5,"DemandMax":null,"Value":945},{"Length":41,"Height":23,"Demand":3,"DemandMax":null,"Value":943},{"Length":39,"Height":24,"Demand":7,"DemandMax":null,"Value":936},{"Length":52,"Height":18,"Demand":5,"DemandMax":null,"Value":936},{"Length":49,"Height":19,"Demand":2,"DemandMax":null,"Value":931},{"Length":58,"Height":16,"Demand":2,"DemandMax":null,"Value":928},{"Length":37,"Height":25,"Demand":5,"DemandMax":null,"Value":925},{"Length":33,"Height":28,"Demand":1,"DemandMax":null,"Value":924},{"Length":42,"Height":22,"Demand":3,"DemandMax":null,"Value":924},{"Length":44,"Height":21,"Demand":4,"DemandMax":null,"Value":924},{"Length":46,"Height":20,"Demand":4,"DemandMax":null,"Value":920},{"Length":40,"Height":23,"Demand":4,"DemandMax":null,"Value":920},{"Length":48,"Height":19,"Demand":3,"DemandMax":null,"Value":912},{"Length":35,"Height":26,"Demand":3,"DemandMax":null,"Value":910},{"Length":43,"Height":21,"Demand":5,"DemandMax":null,"Value":903},{"Length":41,"Height":22,"Demand":2,"DemandMax":null,"Value":902},{"Length":60,"Height":15,"Demand":5,"DemandMax":null,"Value":900},{"Length":45,"Height":20,"Demand":6,"DemandMax":null,"Value":900},{"Length":31,"Height":29,"Demand":3,"DemandMax":null,"Value":899},{"Length":32,"Height":28,"Demand":4,"DemandMax":null,"Value":896},{"Length":47,"Height":19,"Demand":3,"DemandMax":null,"Value":893},{"Length":33,"Height":27,"Demand":3,"DemandMax":null,"Value":891},{"Length":46,"Height":19,"Demand":3,"DemandMax":null,"Value":874},{"Length":30,"Height":29,"Demand":4,"DemandMax":null,"Value":870},{"Length":31,"Height":28,"Demand":3,"DemandMax":null,"Value":868},{"Length":48,"Height":18,"Demand":1,"DemandMax":null,"Value":864},{"Length":36,"Height":24,"Demand":4,"DemandMax":null,"Value":864},{"Length":43,"Height":20,"Demand":3,"DemandMax":null,"Value":860},{"Length":33,"Height":26,"Demand":3,"DemandMax":null,"Value":858},{"Length":45,"Height":19,"Demand":2,"DemandMax":null,"Value":855},{"Length":34,"Height":25,"Demand":2,"DemandMax":null,"Value":850},{"Length":42,"Height":20,"Demand":4,"DemandMax":null,"Value":840},{"Length":35,"Height":24,"Demand":4,"DemandMax":null,"Value":840},{"Length":56,"Height":15,"Demand":3,"DemandMax":null,"Value":840},{"Length":31,"Height":27,"Demand":6,"DemandMax":null,"Value":837},{"Length":44,"Height":19,"Demand":3,"DemandMax":null,"Value":836},{"Length":49,"Height":17,"Demand":2,"DemandMax":null,"Value":833},{"Length":36,"Height":23,"Demand":1,"DemandMax":null,"Value":828},{"Length":59,"Height":14,"Demand":3,"DemandMax":null,"Value":826},{"Length":33,"Height":25,"Demand":2,"DemandMax":null,"Value":825},{"Length":39,"Height":21,"Demand":2,"DemandMax":null,"Value":819},{"Length":30,"Height":27,"Demand":5,"DemandMax":null,"Value":810},{"Length":35,"Height":23,"Demand":6,"DemandMax":null,"Value":805},{"Length":40,"Height":20,"Demand":4,"DemandMax":null,"Value":800},{"Length":32,"Height":25,"Demand":2,"DemandMax":null,"Value":800},{"Length":38,"Height":21,"Demand":3,"DemandMax":null,"Value":798},{"Length":33,"Height":24,"Demand":3,"DemandMax":null,"Value":792},{"Length":36,"Height":22,"Demand":3,"DemandMax":null,"Value":792},{"Length":56,"Height":14,"Demand":4,"DemandMax":null,"Value":784},{"Length":49,"Height":16,"Demand":2,"DemandMax":null,"Value":784},{"Length":34,"Height":23,"Demand":2,"DemandMax":null,"Value":782},{"Length":30,"Height":26,"Demand":5,"DemandMax":null,"Value":780},{"Length":41,"Height":19,"Demand":3,"DemandMax":null,"Value":779},{"Length":48,"Height":16,"Demand":4,"DemandMax":null,"Value":768},{"Length":40,"Height":19,"Demand":6,"DemandMax":null,"Value":760},{"Length":38,"Height":20,"Demand":4,"DemandMax":null,"Value":760},{"Length":33,"Height":23,"Demand":3,"DemandMax":null,"Value":759},{"Length":36,"Height":21,"Demand":4,"DemandMax":null,"Value":756},{"Length":29,"Height":26,"Demand":3,"DemandMax":null,"Value":754},{"Length":30,"Height":25,"Demand":1,"DemandMax":null,"Value":750},{"Length":31,"Height":24,"Demand":5,"DemandMax":null,"Value":744},{"Length":37,"Height":20,"Demand":2,"DemandMax":null,"Value":740},{"Length":41,"Height":18,"Demand":2,"DemandMax":null,"Value":738},{"Length":46,"Height":16,"Demand":3,"DemandMax":null,"Value":736},{"Length":32,"Height":23,"Demand":5,"DemandMax":null,"Value":736},{"Length":33,"Height":22,"Demand":4,"DemandMax":null,"Value":726},{"Length":38,"Height":19,"Demand":4,"DemandMax":null,"Value":722},{"Length":30,"Height":24,"Demand":4,"DemandMax":null,"Value":720},{"Length":45,"Height":16,"Demand":4,"DemandMax":null,"Value":720},{"Length":40,"Height":18,"Demand":3,"DemandMax":null,"Value":720},{"Length":34,"Height":21,"Demand":2,"DemandMax":null,"Value":714},{"Length":59,"Height":12,"Demand":2,"DemandMax":null,"Value":708},{"Length":44,"Height":16,"Demand":2,"DemandMax":null,"Value":704},{"Length":37,"Height":19,"Demand":3,"DemandMax":null,"Value":703},{"Length":27,"Height":26,"Demand":2,"DemandMax":null,"Value":702},{"Length":54,"Height":13,"Demand":4,"DemandMax":null,"Value":702},{"Length":35,"Height":20,"Demand":3,"DemandMax":null,"Value":700},{"Length":29,"Height":24,"Demand":2,"DemandMax":null,"Value":696},{"Length":30,"Height":23,"Demand":5,"DemandMax":null,"Value":690},{"Length":46,"Height":15,"Demand":6,"DemandMax":null,"Value":690},{"Length":49,"Height":14,"Demand":3,"DemandMax":null,"Value":686},{"Length":36,"Height":19,"Demand":2,"DemandMax":null,"Value":684},{"Length":34,"Height":20,"Demand":7,"DemandMax":null,"Value":680},{"Length":52,"Height":13,"Demand":5,"DemandMax":null,"Value":676},{"Length":45,"Height":15,"Demand":3,"DemandMax":null,"Value":675},{"Length":32,"Height":21,"Demand":6,"DemandMax":null,"Value":672},{"Length":42,"Height":16,"Demand":7,"DemandMax":null,"Value":672},{"Length":33,"Height":20,"Demand":4,"DemandMax":null,"Value":660},{"Length":31,"Height":21,"Demand":3,"DemandMax":null,"Value":651},{"Length":54,"Height":12,"Demand":3,"DemandMax":null,"Value":648},{"Length":36,"Height":18,"Demand":1,"DemandMax":null,"Value":648},{"Length":34,"Height":19,"Demand":3,"DemandMax":null,"Value":646},{"Length":28,"Height":23,"Demand":5,"DemandMax":null,"Value":644},{"Length":32,"Height":20,"Demand":3,"DemandMax":null,"Value":640},{"Length":40,"Height":16,"Demand":3,"DemandMax":null,"Value":640},{"Length":58,"Height":11,"Demand":4,"DemandMax":null,"Value":638},{"Length":49,"Height":13,"Demand":4,"DemandMax":null,"Value":637},{"Length":30,"Height":21,"Demand":4,"DemandMax":null,"Value":630},{"Length":45,"Height":14,"Demand":4,"DemandMax":null,"Value":630},{"Length":35,"Height":18,"Demand":3,"DemandMax":null,"Value":630},{"Length":37,"Height":17,"Demand":5,"DemandMax":null,"Value":629},{"Length":33,"Height":19,"Demand":4,"DemandMax":null,"Value":627},{"Length":25,"Height":25,"Demand":5,"DemandMax":null,"Value":625},{"Length":26,"Height":24,"Demand":5,"DemandMax":null,"Value":624},{"Length":27,"Height":23,"Demand":5,"DemandMax":null,"Value":621},{"Length":31,"Height":20,"Demand":1,"DemandMax":null,"Value":620},{"Length":28,"Height":22,"Demand":4,"DemandMax":null,"Value":616},{"Length":47,"Height":13,"Demand":3,"DemandMax":null,"Value":611},{"Length":43,"Height":14,"Demand":6,"DemandMax":null,"Value":602},{"Length":26,"Height":23,"Demand":2,"DemandMax":null,"Value":598},{"Length":33,"Height":18,"Demand":9,"DemandMax":null,"Value":594},{"Length":27,"Height":22,"Demand":4,"DemandMax":null,"Value":594},{"Length":28,"Height":21,"Demand":2,"DemandMax":null,"Value":588},{"Length":39,"Height":15,"Demand":5,"DemandMax":null,"Value":585},{"Length":36,"Height":16,"Demand":1,"DemandMax":null,"Value":576},{"Length":25,"Height":23,"Demand":3,"DemandMax":null,"Value":575},{"Length":41,"Height":14,"Demand":2,"DemandMax":null,"Value":574},{"Length":44,"Height":13,"Demand":3,"DemandMax":null,"Value":572},{"Length":27,"Height":21,"Demand":3,"DemandMax":null,"Value":567},{"Length":47,"Height":12,"Demand":2,"DemandMax":null,"Value":564},{"Length":33,"Height":17,"Demand":3,"DemandMax":null,"Value":561},{"Length":40,"Height":14,"Demand":3,"DemandMax":null,"Value":560},{"Length":35,"Height":16,"Demand":3,"DemandMax":null,"Value":560},{"Length":28,"Height":20,"Demand":2,"DemandMax":null,"Value":560},{"Length":31,"Height":18,"Demand":5,"DemandMax":null,"Value":558},{"Length":46,"Height":12,"Demand":4,"DemandMax":null,"Value":552},{"Length":29,"Height":19,"Demand":3,"DemandMax":null,"Value":551},{"Length":42,"Height":13,"Demand":3,"DemandMax":null,"Value":546},{"Length":32,"Height":17,"Demand":2,"DemandMax":null,"Value":544},{"Length":27,"Height":20,"Demand":4,"DemandMax":null,"Value":540},{"Length":54,"Height":10,"Demand":5,"DemandMax":null,"Value":540},{"Length":30,"Height":18,"Demand":2,"DemandMax":null,"Value":540},{"Length":41,"Height":13,"Demand":4,"DemandMax":null,"Value":533},{"Length":28,"Height":19,"Demand":1,"DemandMax":null,"Value":532},{"Length":23,"Height":23,"Demand":3,"DemandMax":null,"Value":529},{"Length":31,"Height":17,"Demand":3,"DemandMax":null,"Value":527},{"Length":25,"Height":21,"Demand":1,"DemandMax":null,"Value":525},{"Length":35,"Height":15,"Demand":5,"DemandMax":null,"Value":525},{"Length":29,"Height":18,"Demand":3,"DemandMax":null,"Value":522},{"Length":43,"Height":12,"Demand":2,"DemandMax":null,"Value":516},{"Length":32,"Height":16,"Demand":2,"DemandMax":null,"Value":512},{"Length":30,"Height":17,"Demand":4,"DemandMax":null,"Value":510},{"Length":23,"Height":22,"Demand":3,"DemandMax":null,"Value":506},{"Length":36,"Height":14,"Demand":3,"DemandMax":null,"Value":504},{"Length":28,"Height":18,"Demand":7,"DemandMax":null,"Value":504},{"Length":42,"Height":12,"Demand":2,"DemandMax":null,"Value":504},{"Length":31,"Height":16,"Demand":4,"DemandMax":null,"Value":496},{"Length":38,"Height":13,"Demand":4,"DemandMax":null,"Value":494},{"Length":29,"Height":17,"Demand":5,"DemandMax":null,"Value":493},{"Length":23,"Height":21,"Demand":4,"DemandMax":null,"Value":483},{"Length":30,"Height":16,"Demand":3,"DemandMax":null,"Value":480},{"Length":24,"Height":20,"Demand":5,"DemandMax":null,"Value":480},{"Length":28,"Height":17,"Demand":4,"DemandMax":null,"Value":476},{"Length":25,"Height":19,"Demand":4,"DemandMax":null,"Value":475},{"Length":22,"Height":21,"Demand":2,"DemandMax":null,"Value":462},{"Length":42,"Height":11,"Demand":4,"DemandMax":null,"Value":462},{"Length":23,"Height":20,"Demand":3,"DemandMax":null,"Value":460},{"Length":46,"Height":10,"Demand":1,"DemandMax":null,"Value":460},{"Length":27,"Height":17,"Demand":5,"DemandMax":null,"Value":459},{"Length":24,"Height":19,"Demand":2,"DemandMax":null,"Value":456},{"Length":30,"Height":15,"Demand":4,"DemandMax":null,"Value":450},{"Length":34,"Height":13,"Demand":3,"DemandMax":null,"Value":442},{"Length":26,"Height":17,"Demand":2,"DemandMax":null,"Value":442},{"Length":44,"Height":10,"Demand":2,"DemandMax":null,"Value":440},{"Length":22,"Height":20,"Demand":5,"DemandMax":null,"Value":440},{"Length":23,"Height":19,"Demand":5,"DemandMax":null,"Value":437},{"Length":27,"Height":16,"Demand":1,"DemandMax":null,"Value":432},{"Length":39,"Height":11,"Demand":2,"DemandMax":null,"Value":429},{"Length":35,"Height":12,"Demand":4,"DemandMax":null,"Value":420},{"Length":30,"Height":14,"Demand":4,"DemandMax":null,"Value":420},{"Length":21,"Height":20,"Demand":1,"DemandMax":null,"Value":420},{"Length":22,"Height":19,"Demand":3,"DemandMax":null,"Value":418},{"Length":41,"Height":10,"Demand":2,"DemandMax":null,"Value":410},{"Length":27,"Height":15,"Demand":3,"DemandMax":null,"Value":405},{"Length":20,"Height":20,"Demand":3,"DemandMax":null,"Value":400},{"Length":22,"Height":18,"Demand":3,"DemandMax":null,"Value":396},{"Length":33,"Height":12,"Demand":2,"DemandMax":null,"Value":396},{"Length":23,"Height":17,"Demand":2,"DemandMax":null,"Value":391},{"Length":26,"Height":15,"Demand":5,"DemandMax":null,"Value":390},{"Length":39,"Height":10,"Demand":6,"DemandMax":null,"Value":390},{"Length":30,"Height":13,"Demand":2,"DemandMax":null,"Value":390},{"Length":35,"Height":11,"Demand":2,"DemandMax":null,"Value":385},{"Length":38,"Height":10,"Demand":1,"DemandMax":null,"Value":380},{"Length":21,"Height":18,"Demand":4,"DemandMax":null,"Value":378},{"Length":34,"Height":11,"Demand":2,"DemandMax":null,"Value":374},{"Length":22,"Height":17,"Demand":2,"DemandMax":null,"Value":374},{"Length":37,"Height":10,"Demand":4,"DemandMax":null,"Value":370},{"Length":23,"Height":16,"Demand":2,"DemandMax":null,"Value":368},{"Length":24,"Height":15,"Demand":3,"DemandMax":null,"Value":360},{"Length":20,"Height":18,"Demand":4,"DemandMax":null,"Value":360},{"Length":30,"Height":12,"Demand":2,"DemandMax":null,"Value":360},{"Length":21,"Height":17,"Demand":5,"DemandMax":null,"Value":357},{"Length":22,"Height":16,"Demand":5,"DemandMax":null,"Value":352},{"Length":29,"Height":12,"Demand":2,"DemandMax":null,"Value":348},{"Length":34,"Height":10,"Demand":4,"DemandMax":null,"Value":340},{"Length":26,"Height":13,"Demand":4,"DemandMax":null,"Value":338},{"Length":28,"Height":12,"Demand":3,"DemandMax":null,"Value":336},{"Length":21,"Height":16,"Demand":3,"DemandMax":null,"Value":336},{"Length":22,"Height":15,"Demand":4,"DemandMax":null,"Value":330},{"Length":33,"Height":10,"Demand":2,"DemandMax":null,"Value":330},{"Length":19,"Height":17,"Demand":5,"DemandMax":null,"Value":323},{"Length":20,"Height":16,"Demand":4,"DemandMax":null,"Value":320},{"Length":32,"Height":10,"Demand":5,"DemandMax":null,"Value":320},{"Length":18,"Height":17,"Demand":3,"DemandMax":null,"Value":306},{"Length":19,"Height":16,"Demand":4,"DemandMax":null,"Value":304},{"Length":20,"Height":15,"Demand":1,"DemandMax":null,"Value":300},{"Length":18,"Height":16,"Demand":3,"DemandMax":null,"Value":288},{"Length":22,"Height":13,"Demand":3,"DemandMax":null,"Value":286},{"Length":26,"Height":11,"Demand":4,"DemandMax":null,"Value":286},{"Length":21,"Height":13,"Demand":3,"DemandMax":null,"Value":273},{"Length":18,"Height":15,"Demand":2,"DemandMax":null,"Value":270},{"Length":19,"Height":14,"Demand":2,"DemandMax":null,"Value":266},{"Length":22,"Height":12,"Demand":4,"DemandMax":null,"Value":264},{"Length":17,"Height":15,"Demand":3,"DemandMax":null,"Value":255},{"Length":18,"Height":14,"Demand":4,"DemandMax":null,"Value":252},{"Length":22,"Height":11,"Demand":2,"DemandMax":null,"Value":242},{"Length":16,"Height":15,"Demand":3,"DemandMax":null,"Value":240},{"Length":20,"Height":12,"Demand":3,"DemandMax":null,"Value":240},{"Length":21,"Height":11,"Demand":1,"DemandMax":null,"Value":231},{"Length":16,"Height":14,"Demand":1,"DemandMax":null,"Value":224},{"Length":17,"Height":13,"Demand":2,"DemandMax":null,"Value":221},{"Length":16,"Height":13,"Demand":1,"DemandMax":null,"Value":208},{"Length":19,"Height":10,"Demand":4,"DemandMax":null,"Value":190},{"Length":15,"Height":12,"Demand":2,"DemandMax":null,"Value":180},{"Length":18,"Height":10,"Demand":4,"DemandMax":null,"Value":180},{"Length":14,"Height":12,"Demand":4,"DemandMax":null,"Value":168}]}