{"Name":"MB10_020","Objects":[{"Length":432,"Height":79,"Stock":null,"Cost":34128}],"Items":[{"Length":47,"Height":46,"Demand":32,"DemandMax":null,"Value":2162},{"Length":48,"Height":45,"Demand":38,"DemandMax":null,"Value":2160},{"Length":59,"Height":35,"Demand":25,"DemandMax":null,"Value":2065},{"Length":57,"Height":29,"Demand":35,"DemandMax":null,"Value":1653},{"Length":53,"Height":31,"Demand":31,"DemandMax":null,"Value":1643},{"Length":48,"Height":31,"Demand":34,"DemandMax":null,"Value":1488},{"Length":50,"Height":28,"Demand":32,"DemandMax":null,"Value":1400},{"Length":46,"Height":29,"Demand":35,"DemandMax":null,"Value":1334},{"Length":43,"Height":30,"Demand":26,"DemandMax":null,"Value":1290},{"Length":58,"Height":22,"Demand":34,"DemandMax":null,"Value":1276},{"Length":54,"Height":23,"Demand":26,"DemandMax":null,"Value":1242},{"Length":36,"Height":34,"Demand":42,"DemandMax":null,"Value":1224},{"Length":43,"Height":28,"Demand":33,"DemandMax":null,"Value":1204},{"Length":35,"Height":33,"Demand":29,"DemandMax":null,"Value":1155},{"Length":37,"Height":30,"Demand":30,"DemandMax":null,"Value":1110},{"Length":49,"Height":22,"Demand":31,"DemandMax":null,"Value":1078},{"Length":50,"Height":21,"Demand":20,"DemandMax":null,"Value":1050},{"Length":47,"Height":21,"Demand":32,"DemandMax":null,"Value":987},{"Length":39,"Height":24,"Demand":32,"DemandMax":null,"Value":936},{"Length":33,"Height":28,"Demand":25,"DemandMax":null,"Value":924},{"Length":31,"Height":29,"Demand":34,"DemandMax":null,"Value":899},{"Length":33,"Height":27,"Demand":31,"DemandMax":null,"Value":891},{"Length":34,"Height":24,"Demand":32,"DemandMax":null,"Value":816},{"Length":50,"Height":15,"Demand":29,"DemandMax":null,"Value":750},{"Length":39,"Height":18,"Demand":23,"DemandMax":null,"Value":702},{"Length":42,"Height":16,"Demand":27,"DemandMax":null,"Value":672},{"Length":33,"Height":20,"Demand":36,"DemandMax":null,"Value":660},{"Length":32,"Height":20,"Demand":28,"DemandMax":null,"Value":640},{"Length":45,"Height":14,"Demand":41,"DemandMax":null,"Value":630},{"Length":36,"Height":16,"Demand":29,"DemandMax":null,"Value":576},{"Length":25,"Height":22,"Demand":34,"DemandMax":null,"Value":550},{"Length":34,"Height":16,"Demand":33,"DemandMax":null,"Value":544},{"Length":30,"Height":18,"Demand":38,"DemandMax":null,"Value":540},{"Length":35,"Height":15,"Demand":35,"DemandMax":null,"Value":525},{"Length":27,"Height":19,"Demand":32,"DemandMax":null,"Value":513},{"Length":23,"Height":22,"Demand":31,"DemandMax":null,"Value":506},{"Length":50,"Height":10,"Demand":32,"DemandMax":null,"Value":500},{"Length":31,"Height":16,"Demand":33,"DemandMax":null,"Value":496},{"Length":46,"Height":10,"Demand":32,"DemandMax":null,"Value":460},{"Length":24,"Height":17,"Demand":38,"DemandMax":null,"Value":408},{"Length":24,"Height":16,"Demand":35,"DemandMax":null,"Value":384},{"Length":20,"Height":18,"Demand":42,"DemandMax":null,"Value":360},{"Length":34,"Height":10,"Demand":30,"DemandMax":null,"Value":340},{"Length":18,"Height":16,"Demand":26,"DemandMax":null,"Value":288},{"Length":21,"Height":13,"Demand":31,"DemandMax":null,"Value":273},{"Length":22,"Height":12,"Demand":28,"DemandMax":null,"Value":264},{"Length":19,"Height":13,"Demand":30,"DemandMax":null,"Value":247},{"Length":19,"Height":11,"Demand":40,"DemandMax":null,"Value":209}]}