{"Name":"MB10_081","Objects":[{"Length":432,"Height":79,"Stock":null,"Cost":34128}],"Items":[{"Length":58,"Height":48,"Demand":3,"DemandMax":null,"Value":2784},{"Length":59,"Height":44,"Demand":5,"DemandMax":null,"Value":2596},{"Length":54,"Height":48,"Demand":7,"DemandMax":null,"Value":2592},{"Length":55,"Height":47,"Demand":8,"DemandMax":null,"Value":2585},{"Length":48,"Height":47,"Demand":3,"DemandMax":null,"Value":2256},{"Length":49,"Height":45,"Demand":7,"DemandMax":null,"Value":2205},{"Length":56,"Height":39,"Demand":6,"DemandMax":null,"Value":2184},{"Length":59,"Height":37,"Demand":6,"DemandMax":null,"Value":2183},{"Length":60,"Height":36,"Demand":5,"DemandMax":null,"Value":2160},{"Length":54,"Height":40,"Demand":7,"DemandMax":null,"Value":2160},{"Length":49,"Height":44,"Demand":4,"DemandMax":null,"Value":2156},{"Length":57,"Height":37,"Demand":4,"DemandMax":null,"Value":2109},{"Length":55,"Height":38,"Demand":3,"DemandMax":null,"Value":2090},{"Length":47,"Height":44,"Demand":6,"DemandMax":null,"Value":2068},{"Length":54,"Height":38,"Demand":2,"DemandMax":null,"Value":2052},{"Length":52,"Height":39,"Demand":4,"DemandMax":null,"Value":2028},{"Length":53,"Height":38,"Demand":4,"DemandMax":null,"Value":2014},{"Length":51,"Height":39,"Demand":4,"DemandMax":null,"Value":1989},{"Length":59,"Height":33,"Demand":9,"DemandMax":null,"Value":1947},{"Length":51,"Height":38,"Demand":9,"DemandMax":null,"Value":1938},{"Length":52,"Height":37,"Demand":4,"DemandMax":null,"Value":1924},{"Length":48,"Height":40,"Demand":2,"DemandMax":null,"Value":1920},{"Length":49,"Height":39,"Demand":5,"DemandMax":null,"Value":1911},{"Length":53,"Height":36,"Demand":3,"DemandMax":null,"Value":1908},{"Length":50,"Height":38,"Demand":2,"DemandMax":null,"Value":1900},{"Length":45,"Height":42,"Demand":5,"DemandMax":null,"Value":1890},{"Length":57,"Height":33,"Demand":4,"DemandMax":null,"Value":1881},{"Length":46,"Height":40,"Demand":5,"DemandMax":null,"Value":1840},{"Length":47,"Height":39,"Demand":2,"DemandMax":null,"Value":1833},{"Length":55,"Height":33,"Demand":4,"DemandMax":null,"Value":1815},{"Length":49,"Height":37,"Demand":4,"DemandMax":null,"Value":1813},{"Length":49,"Height":36,"Demand":2,"DemandMax":null,"Value":1764},{"Length":53,"Height":33,"Demand":3,"DemandMax":null,"Value":1749},{"Length":46,"Height":38,"Demand":3,"DemandMax":null,"Value":1748},{"Length":58,"Height":30,"Demand":4,"DemandMax":null,"Value":1740},{"Length":56,"Height":31,"Demand":8,"DemandMax":null,"Value":1736},{"Length":44,"Height":39,"Demand":5,"DemandMax":null,"Value":1716},{"Length":45,"Height":38,"Demand":5,"DemandMax":null,"Value":1710},{"Length":47,"Height":36,"Demand":3,"DemandMax":null,"Value":1692},{"Length":54,"Height":31,"Demand":4,"DemandMax":null,"Value":1674},{"Length":47,"Height":35,"Demand":3,"DemandMax":null,"Value":1645},{"Length":41,"Height":40,"Demand":4,"DemandMax":null,"Value":1640},{"Length":42,"Height":39,"Demand":5,"DemandMax":null,"Value":1638},{"Length":44,"Height":37,"Demand":5,"DemandMax":null,"Value":1628},{"Length":58,"Height":28,"Demand":4,"DemandMax":null,"Value":1624},{"Length":45,"Height":36,"Demand":5,"DemandMax":null,"Value":1620},{"Length":52,"Height":31,"Demand":4,"DemandMax":null,"Value":1612},{"Length":46,"Height":35,"Demand":6,"DemandMax":null,"Value":1610},{"Length":50,"Height":32,"Demand":6,"DemandMax":null,"Value":1600},{"Length":53,"Height":30,"Demand":3,"DemandMax":null,"Value":1590},{"Length":48,"Height":33,"Demand":1,"DemandMax":null,"Value":1584},{"Length":56,"Height":28,"Demand":2,"DemandMax":null,"Value":1568},{"Length":41,"Height":38,"Demand":4,"DemandMax":null,"Value":1558},{"Length":50,"Height":31,"Demand":4,"DemandMax":null,"Value":1550},{"Length":45,"Height":34,"Demand":7,"DemandMax":null,"Value":1530},{"Length":54,"Height":28,"Demand":4,"DemandMax":null,"Value":1512},{"Length":42,"Height":36,"Demand":7,"DemandMax":null,"Value":1512},{"Length":48,"Height":31,"Demand":6,"DemandMax":null,"Value":1488},{"Length":57,"Height":26,"Demand":5,"DemandMax":null,"Value":1482},{"Length":39,"Height":38,"Demand":5,"DemandMax":null,"Value":1482},{"Length":51,"Height":29,"Demand":3,"DemandMax":null,"Value":1479},{"Length":43,"Height":34,"Demand":6,"DemandMax":null,"Value":1462},{"Length":47,"Height":31,"Demand":7,"DemandMax":null,"Value":1457},{"Length":50,"Height":29,"Demand":7,"DemandMax":null,"Value":1450},{"Length":38,"Height":38,"Demand":3,"DemandMax":null,"Value":1444},{"Length":40,"Height":36,"Demand":4,"DemandMax":null,"Value":1440},{"Length":41,"Height":35,"Demand":1,"DemandMax":null,"Value":1435},{"Length":42,"Height":34,"Demand":4,"DemandMax":null,"Value":1428},{"Length":47,"Height":30,"Demand":4,"DemandMax":null,"Value":1410},{"Length":48,"Height":29,"Demand":5,"DemandMax":null,"Value":1392},{"Length":49,"Height":28,"Demand":2,"DemandMax":null,"Value":1372},{"Length":39,"Height":35,"Demand":5,"DemandMax":null,"Value":1365},{"Length":44,"Height":31,"Demand":3,"DemandMax":null,"Value":1364},{"Length":41,"Height":33,"Demand":3,"DemandMax":null,"Value":1353},{"Length":58,"Height":23,"Demand":5,"DemandMax":null,"Value":1334},{"Length":38,"Height":35,"Demand":7,"DemandMax":null,"Value":1330},{"Length":39,"Height":34,"Demand":3,"DemandMax":null,"Value":1326},{"Length":55,"Height":24,"Demand":8,"DemandMax":null,"Value":1320},{"Length":40,"Height":33,"Demand":3,"DemandMax":null,"Value":1320},{"Length":41,"Height":32,"Demand":1,"DemandMax":null,"Value":1312},{"Length":36,"Height":36,"Demand":3,"DemandMax":null,"Value":1296},{"Length":38,"Height":34,"Demand":4,"DemandMax":null,"Value":1292},{"Length":43,"Height":30,"Demand":4,"DemandMax":null,"Value":1290},{"Length":40,"Height":32,"Demand":6,"DemandMax":null,"Value":1280},{"Length":58,"Height":22,"Demand":4,"DemandMax":null,"Value":1276},{"Length":49,"Height":26,"Demand":4,"DemandMax":null,"Value":1274},{"Length":47,"Height":27,"Demand":6,"DemandMax":null,"Value":1269},{"Length":57,"Height":22,"Demand":5,"DemandMax":null,"Value":1254},{"Length":59,"Height":21,"Demand":2,"DemandMax":null,"Value":1239},{"Length":51,"Height":24,"Demand":4,"DemandMax":null,"Value":1224},{"Length":37,"Height":33,"Demand":5,"DemandMax":null,"Value":1221},{"Length":38,"Height":32,"Demand":6,"DemandMax":null,"Value":1216},{"Length":45,"Height":27,"Demand":2,"DemandMax":null,"Value":1215},{"Length":35,"Height":34,"Demand":3,"DemandMax":null,"Value":1190},{"Length":36,"Height":33,"Demand":3,"DemandMax":null,"Value":1188},{"Length":44,"Height":27,"Demand":5,"DemandMax":null,"Value":1188},{"Length":54,"Height":22,"Demand":2,"DemandMax":null,"Value":1188},{"Length":37,"Height":32,"Demand":5,"DemandMax":null,"Value":1184},{"Length":47,"Height":25,"Demand":2,"DemandMax":null,"Value":1175},{"Length":39,"Height":30,"Demand":6,"DemandMax":null,"Value":1170},{"Length":43,"Height":27,"Demand":2,"DemandMax":null,"Value":1161},{"Length":55,"Height":21,"Demand":3,"DemandMax":null,"Value":1155},{"Length":36,"Height":32,"Demand":3,"DemandMax":null,"Value":1152},{"Length":48,"Height":24,"Demand":3,"DemandMax":null,"Value":1152},{"Length":50,"Height":23,"Demand":8,"DemandMax":null,"Value":1150},{"Length":46,"Height":25,"Demand":4,"DemandMax":null,"Value":1150},{"Length":37,"Height":31,"Demand":3,"DemandMax":null,"Value":1147},{"Length":57,"Height":20,"Demand":3,"DemandMax":null,"Value":1140},{"Length":38,"Height":30,"Demand":4,"DemandMax":null,"Value":1140},{"Length":39,"Height":29,"Demand":2,"DemandMax":null,"Value":1131},{"Length":51,"Height":22,"Demand":3,"DemandMax":null,"Value":1122},{"Length":34,"Height":33,"Demand":5,"DemandMax":null,"Value":1122},{"Length":59,"Height":19,"Demand":3,"DemandMax":null,"Value":1121},{"Length":41,"Height":27,"Demand":3,"DemandMax":null,"Value":1107},{"Length":44,"Height":25,"Demand":4,"DemandMax":null,"Value":1100},{"Length":33,"Height":33,"Demand":5,"DemandMax":null,"Value":1089},{"Length":35,"Height":31,"Demand":4,"DemandMax":null,"Value":1085},{"Length":45,"Height":24,"Demand":3,"DemandMax":null,"Value":1080},{"Length":40,"Height":27,"Demand":5,"DemandMax":null,"Value":1080},{"Length":49,"Height":22,"Demand":4,"DemandMax":null,"Value":1078},{"Length":37,"Height":29,"Demand":6,"DemandMax":null,"Value":1073},{"Length":39,"Height":27,"Demand":3,"DemandMax":null,"Value":1053},{"Length":35,"Height":30,"Demand":2,"DemandMax":null,"Value":1050},{"Length":55,"Height":19,"Demand":2,"DemandMax":null,"Value":1045},{"Length":36,"Height":29,"Demand":7,"DemandMax":null,"Value":1044},{"Length":40,"Height":26,"Demand":2,"DemandMax":null,"Value":1040},{"Length":47,"Height":22,"Demand":3,"DemandMax":null,"Value":1034},{"Length":38,"Height":27,"Demand":6,"DemandMax":null,"Value":1026},{"Length":41,"Height":25,"Demand":3,"DemandMax":null,"Value":1025},{"Length":44,"Height":23,"Demand":4,"DemandMax":null,"Value":1012},{"Length":46,"Height":22,"Demand":7,"DemandMax":null,"Value":1012},{"Length":42,"Height":24,"Demand":6,"DemandMax":null,"Value":1008},{"Length":36,"Height":28,"Demand":5,"DemandMax":null,"Value":1008},{"Length":53,"Height":19,"Demand":4,"DemandMax":null,"Value":1007},{"Length":33,"Height":30,"Demand":2,"DemandMax":null,"Value":990},{"Length":58,"Height":17,"Demand":5,"DemandMax":null,"Value":986},{"Length":34,"Height":29,"Demand":5,"DemandMax":null,"Value":986},{"Length":35,"Height":28,"Demand":3,"DemandMax":null,"Value":980},{"Length":39,"Height":25,"Demand":10,"DemandMax":null,"Value":975},{"Length":36,"Height":27,"Demand":4,"DemandMax":null,"Value":972},{"Length":51,"Height":19,"Demand":7,"DemandMax":null,"Value":969},{"Length":46,"Height":21,"Demand":4,"DemandMax":null,"Value":966},{"Length":60,"Height":16,"Demand":6,"DemandMax":null,"Value":960},{"Length":32,"Height":30,"Demand":4,"DemandMax":null,"Value":960},{"Length":40,"Height":24,"Demand":6,"DemandMax":null,"Value":960},{"Length":43,"Height":22,"Demand":6,"DemandMax":null,"Value":946},{"Length":45,"Height":21,"Demand":3,"DemandMax":null,"Value":945},{"Length":39,"Height":24,"Demand":2,"DemandMax":null,"Value":936},{"Length":49,"Height":19,"Demand":2,"DemandMax":null,"Value":931},{"Length":31,"Height":30,"Demand":2,"DemandMax":null,"Value":930},{"Length":44,"Height":21,"Demand":2,"DemandMax":null,"Value":924},{"Length":40,"Height":23,"Demand":2,"DemandMax":null,"Value":920},{"Length":54,"Height":17,"Demand":4,"DemandMax":null,"Value":918},{"Length":51,"Height":18,"Demand":5,"DemandMax":null,"Value":918},{"Length":48,"Height":19,"Demand":2,"DemandMax":null,"Value":912},{"Length":43,"Height":21,"Demand":3,"DemandMax":null,"Value":903},{"Length":30,"Height":30,"Demand":3,"DemandMax":null,"Value":900},{"Length":31,"Height":29,"Demand":4,"DemandMax":null,"Value":899},{"Length":33,"Height":27,"Demand":3,"DemandMax":null,"Value":891},{"Length":49,"Height":18,"Demand":4,"DemandMax":null,"Value":882},{"Length":42,"Height":21,"Demand":4,"DemandMax":null,"Value":882},{"Length":40,"Height":22,"Demand":2,"DemandMax":null,"Value":880},{"Length":38,"Height":23,"Demand":7,"DemandMax":null,"Value":874},{"Length":31,"Height":28,"Demand":5,"DemandMax":null,"Value":868},{"Length":32,"Height":27,"Demand":3,"DemandMax":null,"Value":864},{"Length":43,"Height":20,"Demand":3,"DemandMax":null,"Value":860},{"Length":50,"Height":17,"Demand":3,"DemandMax":null,"Value":850},{"Length":53,"Height":16,"Demand":5,"DemandMax":null,"Value":848},{"Length":47,"Height":18,"Demand":3,"DemandMax":null,"Value":846},{"Length":40,"Height":21,"Demand":3,"DemandMax":null,"Value":840},{"Length":32,"Height":26,"Demand":6,"DemandMax":null,"Value":832},{"Length":33,"Height":25,"Demand":3,"DemandMax":null,"Value":825},{"Length":41,"Height":20,"Demand":5,"DemandMax":null,"Value":820},{"Length":43,"Height":19,"Demand":1,"DemandMax":null,"Value":817},{"Length":48,"Height":17,"Demand":3,"DemandMax":null,"Value":816},{"Length":37,"Height":22,"Demand":2,"DemandMax":null,"Value":814},{"Length":30,"Height":27,"Demand":7,"DemandMax":null,"Value":810},{"Length":35,"Height":23,"Demand":4,"DemandMax":null,"Value":805},{"Length":32,"Height":25,"Demand":2,"DemandMax":null,"Value":800},{"Length":42,"Height":19,"Demand":8,"DemandMax":null,"Value":798},{"Length":38,"Height":21,"Demand":4,"DemandMax":null,"Value":798},{"Length":33,"Height":24,"Demand":2,"DemandMax":null,"Value":792},{"Length":36,"Height":22,"Demand":3,"DemandMax":null,"Value":792},{"Length":49,"Height":16,"Demand":4,"DemandMax":null,"Value":784},{"Length":29,"Height":27,"Demand":3,"DemandMax":null,"Value":783},{"Length":34,"Height":23,"Demand":3,"DemandMax":null,"Value":782},{"Length":39,"Height":20,"Demand":7,"DemandMax":null,"Value":780},{"Length":30,"Height":26,"Demand":6,"DemandMax":null,"Value":780},{"Length":31,"Height":25,"Demand":3,"DemandMax":null,"Value":775},{"Length":59,"Height":13,"Demand":2,"DemandMax":null,"Value":767},{"Length":51,"Height":15,"Demand":5,"DemandMax":null,"Value":765},{"Length":38,"Height":20,"Demand":8,"DemandMax":null,"Value":760},{"Length":28,"Height":27,"Demand":6,"DemandMax":null,"Value":756},{"Length":42,"Height":18,"Demand":4,"DemandMax":null,"Value":756},{"Length":36,"Height":21,"Demand":5,"DemandMax":null,"Value":756},{"Length":30,"Height":25,"Demand":1,"DemandMax":null,"Value":750},{"Length":31,"Height":24,"Demand":7,"DemandMax":null,"Value":744},{"Length":37,"Height":20,"Demand":2,"DemandMax":null,"Value":740},{"Length":41,"Height":18,"Demand":4,"DemandMax":null,"Value":738},{"Length":46,"Height":16,"Demand":4,"DemandMax":null,"Value":736},{"Length":33,"Height":22,"Demand":3,"DemandMax":null,"Value":726},{"Length":29,"Height":25,"Demand":4,"DemandMax":null,"Value":725},{"Length":45,"Height":16,"Demand":4,"DemandMax":null,"Value":720},{"Length":31,"Height":23,"Demand":1,"DemandMax":null,"Value":713},{"Length":47,"Height":15,"Demand":6,"DemandMax":null,"Value":705},{"Length":32,"Height":22,"Demand":6,"DemandMax":null,"Value":704},{"Length":27,"Height":26,"Demand":3,"DemandMax":null,"Value":702},{"Length":41,"Height":17,"Demand":4,"DemandMax":null,"Value":697},{"Length":46,"Height":15,"Demand":6,"DemandMax":null,"Value":690},{"Length":30,"Height":23,"Demand":7,"DemandMax":null,"Value":690},{"Length":43,"Height":16,"Demand":4,"DemandMax":null,"Value":688},{"Length":36,"Height":19,"Demand":5,"DemandMax":null,"Value":684},{"Length":38,"Height":18,"Demand":4,"DemandMax":null,"Value":684},{"Length":40,"Height":17,"Demand":6,"DemandMax":null,"Value":680},{"Length":34,"Height":20,"Demand":7,"DemandMax":null,"Value":680},{"Length":28,"Height":24,"Demand":2,"DemandMax":null,"Value":672},{"Length":37,"Height":18,"Demand":4,"DemandMax":null,"Value":666},{"Length":35,"Height":19,"Demand":4,"DemandMax":null,"Value":665},{"Length":39,"Height":17,"Demand":6,"DemandMax":null,"Value":663},{"Length":44,"Height":15,"Demand":9,"DemandMax":null,"Value":660},{"Length":30,"Height":22,"Demand":7,"DemandMax":null,"Value":660},{"Length":50,"Height":13,"Demand":3,"DemandMax":null,"Value":650},{"Length":26,"Height":25,"Demand":5,"DemandMax":null,"Value":650},{"Length":36,"Height":18,"Demand":5,"DemandMax":null,"Value":648},{"Length":43,"Height":15,"Demand":6,"DemandMax":null,"Value":645},{"Length":28,"Height":23,"Demand":3,"DemandMax":null,"Value":644},{"Length":46,"Height":14,"Demand":7,"DemandMax":null,"Value":644},{"Length":40,"Height":16,"Demand":5,"DemandMax":null,"Value":640},{"Length":29,"Height":22,"Demand":4,"DemandMax":null,"Value":638},{"Length":35,"Height":18,"Demand":4,"DemandMax":null,"Value":630},{"Length":30,"Height":21,"Demand":6,"DemandMax":null,"Value":630},{"Length":42,"Height":15,"Demand":5,"DemandMax":null,"Value":630},{"Length":37,"Height":17,"Demand":3,"DemandMax":null,"Value":629},{"Length":33,"Height":19,"Demand":3,"DemandMax":null,"Value":627},{"Length":26,"Height":24,"Demand":5,"DemandMax":null,"Value":624},{"Length":48,"Height":13,"Demand":8,"DemandMax":null,"Value":624},{"Length":44,"Height":14,"Demand":2,"DemandMax":null,"Value":616},{"Length":36,"Height":17,"Demand":6,"DemandMax":null,"Value":612},{"Length":51,"Height":12,"Demand":4,"DemandMax":null,"Value":612},{"Length":30,"Height":20,"Demand":4,"DemandMax":null,"Value":600},{"Length":35,"Height":17,"Demand":6,"DemandMax":null,"Value":595},{"Length":33,"Height":18,"Demand":4,"DemandMax":null,"Value":594},{"Length":54,"Height":11,"Demand":3,"DemandMax":null,"Value":594},{"Length":27,"Height":22,"Demand":2,"DemandMax":null,"Value":594},{"Length":59,"Height":10,"Demand":2,"DemandMax":null,"Value":590},{"Length":28,"Height":21,"Demand":4,"DemandMax":null,"Value":588},{"Length":39,"Height":15,"Demand":7,"DemandMax":null,"Value":585},{"Length":29,"Height":20,"Demand":4,"DemandMax":null,"Value":580},{"Length":36,"Height":16,"Demand":5,"DemandMax":null,"Value":576},{"Length":32,"Height":18,"Demand":5,"DemandMax":null,"Value":576},{"Length":26,"Height":22,"Demand":3,"DemandMax":null,"Value":572},{"Length":30,"Height":19,"Demand":3,"DemandMax":null,"Value":570},{"Length":33,"Height":17,"Demand":4,"DemandMax":null,"Value":561},{"Length":28,"Height":20,"Demand":5,"DemandMax":null,"Value":560},{"Length":43,"Height":13,"Demand":4,"DemandMax":null,"Value":559},{"Length":24,"Height":23,"Demand":2,"DemandMax":null,"Value":552},{"Length":25,"Height":22,"Demand":5,"DemandMax":null,"Value":550},{"Length":26,"Height":21,"Demand":5,"DemandMax":null,"Value":546},{"Length":34,"Height":16,"Demand":5,"DemandMax":null,"Value":544},{"Length":45,"Height":12,"Demand":3,"DemandMax":null,"Value":540},{"Length":41,"Height":13,"Demand":5,"DemandMax":null,"Value":533},{"Length":32,"Height":16,"Demand":4,"DemandMax":null,"Value":512},{"Length":23,"Height":22,"Demand":2,"DemandMax":null,"Value":506},{"Length":25,"Height":20,"Demand":6,"DemandMax":null,"Value":500},{"Length":31,"Height":16,"Demand":3,"DemandMax":null,"Value":496},{"Length":33,"Height":15,"Demand":5,"DemandMax":null,"Value":495},{"Length":26,"Height":19,"Demand":4,"DemandMax":null,"Value":494},{"Length":29,"Height":17,"Demand":2,"DemandMax":null,"Value":493},{"Length":30,"Height":16,"Demand":4,"DemandMax":null,"Value":480},{"Length":28,"Height":17,"Demand":2,"DemandMax":null,"Value":476},{"Length":26,"Height":18,"Demand":2,"DemandMax":null,"Value":468},{"Length":39,"Height":12,"Demand":4,"DemandMax":null,"Value":468},{"Length":29,"Height":16,"Demand":7,"DemandMax":null,"Value":464},{"Length":22,"Height":21,"Demand":3,"DemandMax":null,"Value":462},{"Length":30,"Height":15,"Demand":1,"DemandMax":null,"Value":450},{"Length":28,"Height":16,"Demand":2,"DemandMax":null,"Value":448},{"Length":23,"Height":19,"Demand":3,"DemandMax":null,"Value":437},{"Length":29,"Height":15,"Demand":2,"DemandMax":null,"Value":435},{"Length":31,"Height":14,"Demand":1,"DemandMax":null,"Value":434},{"Length":28,"Height":15,"Demand":7,"DemandMax":null,"Value":420},{"Length":35,"Height":12,"Demand":3,"DemandMax":null,"Value":420},{"Length":26,"Height":16,"Demand":4,"DemandMax":null,"Value":416},{"Length":32,"Height":13,"Demand":3,"DemandMax":null,"Value":416},{"Length":23,"Height":18,"Demand":6,"DemandMax":null,"Value":414},{"Length":27,"Height":15,"Demand":1,"DemandMax":null,"Value":405},{"Length":31,"Height":13,"Demand":4,"DemandMax":null,"Value":403},{"Length":25,"Height":16,"Demand":7,"DemandMax":null,"Value":400},{"Length":21,"Height":19,"Demand":5,"DemandMax":null,"Value":399},{"Length":23,"Height":17,"Demand":4,"DemandMax":null,"Value":391},{"Length":39,"Height":10,"Demand":3,"DemandMax":null,"Value":390},{"Length":26,"Height":15,"Demand":5,"DemandMax":null,"Value":390},{"Length":20,"Height":19,"Demand":3,"DemandMax":null,"Value":380},{"Length":20,"Height":18,"Demand":5,"DemandMax":null,"Value":360},{"Length":30,"Height":12,"Demand":5,"DemandMax":null,"Value":360},{"Length":21,"Height":17,"Demand":5,"DemandMax":null,"Value":357},{"Length":19,"Height":18,"Demand":5,"DemandMax":null,"Value":342},{"Length":24,"Height":14,"Demand":4,"DemandMax":null,"Value":336},{"Length":21,"Height":16,"Demand":4,"DemandMax":null,"Value":336},{"Length":30,"Height":11,"Demand":4,"DemandMax":null,"Value":330},{"Length":20,"Height":16,"Demand":2,"DemandMax":null,"Value":320},{"Length":24,"Height":13,"Demand":2,"DemandMax":null,"Value":312},{"Length":22,"Height":14,"Demand":5,"DemandMax":null,"Value":308},{"Length":27,"Height":11,"Demand":5,"DemandMax":null,"Value":297},{"Length":21,"Height":14,"Demand":4,"DemandMax":null,"Value":294},{"Length":24,"Height":12,"Demand":7,"DemandMax":null,"Value":288},{"Length":26,"Height":11,"Demand":5,"DemandMax":null,"Value":286},{"Length":22,"Height":13,"Demand":2,"DemandMax":null,"Value":286},{"Length":28,"Height":10,"Demand":2,"DemandMax":null,"Value":280},{"Length":17,"Height":16,"Demand":4,"DemandMax":null,"Value":272},{"Length":18,"Height":15,"Demand":4,"DemandMax":null,"Value":270},{"Length":19,"Height":14,"Demand":3,"DemandMax":null,"Value":266},{"Length":20,"Height":13,"Demand":5,"DemandMax":null,"Value":260},{"Length":17,"Height":15,"Demand":4,"DemandMax":null,"Value":255},{"Length":22,"Height":11,"Demand":2,"DemandMax":null,"Value":242},{"Length":16,"Height":15,"Demand":3,"DemandMax":null,"Value":240},{"Length":24,"Height":10,"Demand":3,"DemandMax":null,"Value":240},{"Length":17,"Height":14,"Demand":4,"DemandMax":null,"Value":238},{"Length":16,"Height":14,"Demand":5,"DemandMax":null,"Value":224},{"Length":17,"Height":13,"Demand":2,"DemandMax":null,"Value":221},{"Length":17,"Height":12,"Demand":1,"DemandMax":null,"Value":204},{"Length":15,"Height":13,"Demand":4,"DemandMax":null,"Value":195},{"Length":13,"Height":13,"Demand":3,"DemandMax":null,"Value":169},{"Length":13,"Height":11,"Demand":3,"DemandMax":null,"Value":143},{"Length":12,"Height":11,"Demand":2,"DemandMax":null,"Value":132}]}