{"Name":"MB08_143","Objects":[{"Length":587,"Height":233,"Stock":null,"Cost":136771}],"Items":[{"Length":58,"Height":46,"Demand":1,"DemandMax":null,"Value":2668},{"Length":60,"Height":44,"Demand":2,"DemandMax":null,"Value":2640},{"Length":56,"Height":46,"Demand":3,"DemandMax":null,"Value":2576},{"Length":58,"Height":44,"Demand":3,"DemandMax":null,"Value":2552},{"Length":53,"Height":48,"Demand":2,"DemandMax":null,"Value":2544},{"Length":54,"Height":47,"Demand":1,"DemandMax":null,"Value":2538},{"Length":59,"Height":43,"Demand":1,"DemandMax":null,"Value":2537},{"Length":51,"Height":48,"Demand":2,"DemandMax":null,"Value":2448},{"Length":53,"Height":46,"Demand":2,"DemandMax":null,"Value":2438},{"Length":58,"Height":42,"Demand":2,"DemandMax":null,"Value":2436},{"Length":52,"Height":46,"Demand":2,"DemandMax":null,"Value":2392},{"Length":59,"Height":40,"Demand":3,"DemandMax":null,"Value":2360},{"Length":58,"Height":40,"Demand":1,"DemandMax":null,"Value":2320},{"Length":49,"Height":47,"Demand":1,"DemandMax":null,"Value":2303},{"Length":59,"Height":39,"Demand":1,"DemandMax":null,"Value":2301},{"Length":50,"Height":46,"Demand":1,"DemandMax":null,"Value":2300},{"Length":57,"Height":40,"Demand":1,"DemandMax":null,"Value":2280},{"Length":48,"Height":47,"Demand":1,"DemandMax":null,"Value":2256},{"Length":49,"Height":46,"Demand":3,"DemandMax":null,"Value":2254},{"Length":51,"Height":44,"Demand":1,"DemandMax":null,"Value":2244},{"Length":59,"Height":38,"Demand":1,"DemandMax":null,"Value":2242},{"Length":49,"Height":45,"Demand":2,"DemandMax":null,"Value":2205},{"Length":50,"Height":44,"Demand":1,"DemandMax":null,"Value":2200},{"Length":56,"Height":39,"Demand":2,"DemandMax":null,"Value":2184},{"Length":59,"Height":37,"Demand":2,"DemandMax":null,"Value":2183},{"Length":53,"Height":41,"Demand":2,"DemandMax":null,"Value":2173},{"Length":47,"Height":46,"Demand":1,"DemandMax":null,"Value":2162},{"Length":48,"Height":45,"Demand":1,"DemandMax":null,"Value":2160},{"Length":50,"Height":43,"Demand":2,"DemandMax":null,"Value":2150},{"Length":58,"Height":37,"Demand":3,"DemandMax":null,"Value":2146},{"Length":51,"Height":42,"Demand":1,"DemandMax":null,"Value":2142},{"Length":48,"Height":44,"Demand":2,"DemandMax":null,"Value":2112},{"Length":54,"Height":39,"Demand":2,"DemandMax":null,"Value":2106},{"Length":55,"Height":38,"Demand":1,"DemandMax":null,"Value":2090},{"Length":46,"Height":45,"Demand":1,"DemandMax":null,"Value":2070},{"Length":53,"Height":39,"Demand":2,"DemandMax":null,"Value":2067},{"Length":59,"Height":35,"Demand":1,"DemandMax":null,"Value":2065},{"Length":49,"Height":42,"Demand":1,"DemandMax":null,"Value":2058},{"Length":55,"Height":37,"Demand":1,"DemandMax":null,"Value":2035},{"Length":52,"Height":39,"Demand":1,"DemandMax":null,"Value":2028},{"Length":47,"Height":43,"Demand":1,"DemandMax":null,"Value":2021},{"Length":49,"Height":41,"Demand":3,"DemandMax":null,"Value":2009},{"Length":59,"Height":34,"Demand":2,"DemandMax":null,"Value":2006},{"Length":50,"Height":40,"Demand":2,"DemandMax":null,"Value":2000},{"Length":45,"Height":44,"Demand":1,"DemandMax":null,"Value":1980},{"Length":60,"Height":33,"Demand":3,"DemandMax":null,"Value":1980},{"Length":46,"Height":43,"Demand":2,"DemandMax":null,"Value":1978},{"Length":47,"Height":42,"Demand":2,"DemandMax":null,"Value":1974},{"Length":53,"Height":37,"Demand":2,"DemandMax":null,"Value":1961},{"Length":56,"Height":35,"Demand":4,"DemandMax":null,"Value":1960},{"Length":59,"Height":33,"Demand":2,"DemandMax":null,"Value":1947},{"Length":55,"Height":35,"Demand":2,"DemandMax":null,"Value":1925},{"Length":52,"Height":37,"Demand":2,"DemandMax":null,"Value":1924},{"Length":48,"Height":40,"Demand":1,"DemandMax":null,"Value":1920},{"Length":58,"Height":33,"Demand":1,"DemandMax":null,"Value":1914},{"Length":56,"Height":34,"Demand":3,"DemandMax":null,"Value":1904},{"Length":54,"Height":35,"Demand":2,"DemandMax":null,"Value":1890},{"Length":46,"Height":41,"Demand":1,"DemandMax":null,"Value":1886},{"Length":47,"Height":40,"Demand":2,"DemandMax":null,"Value":1880},{"Length":48,"Height":39,"Demand":4,"DemandMax":null,"Value":1872},{"Length":52,"Height":36,"Demand":3,"DemandMax":null,"Value":1872},{"Length":55,"Height":34,"Demand":2,"DemandMax":null,"Value":1870},{"Length":58,"Height":32,"Demand":3,"DemandMax":null,"Value":1856},{"Length":50,"Height":37,"Demand":3,"DemandMax":null,"Value":1850},{"Length":56,"Height":33,"Demand":2,"DemandMax":null,"Value":1848},{"Length":46,"Height":40,"Demand":3,"DemandMax":null,"Value":1840},{"Length":51,"Height":36,"Demand":2,"DemandMax":null,"Value":1836},{"Length":47,"Height":39,"Demand":2,"DemandMax":null,"Value":1833},{"Length":57,"Height":32,"Demand":1,"DemandMax":null,"Value":1824},{"Length":48,"Height":38,"Demand":5,"DemandMax":null,"Value":1824},{"Length":52,"Height":35,"Demand":1,"DemandMax":null,"Value":1820},{"Length":49,"Height":37,"Demand":2,"DemandMax":null,"Value":1813},{"Length":60,"Height":30,"Demand":1,"DemandMax":null,"Value":1800},{"Length":50,"Height":36,"Demand":4,"DemandMax":null,"Value":1800},{"Length":46,"Height":39,"Demand":1,"DemandMax":null,"Value":1794},{"Length":47,"Height":38,"Demand":4,"DemandMax":null,"Value":1786},{"Length":48,"Height":37,"Demand":1,"DemandMax":null,"Value":1776},{"Length":59,"Height":30,"Demand":2,"DemandMax":null,"Value":1770},{"Length":49,"Height":36,"Demand":3,"DemandMax":null,"Value":1764},{"Length":50,"Height":35,"Demand":2,"DemandMax":null,"Value":1750},{"Length":53,"Height":33,"Demand":3,"DemandMax":null,"Value":1749},{"Length":56,"Height":31,"Demand":1,"DemandMax":null,"Value":1736},{"Length":51,"Height":34,"Demand":2,"DemandMax":null,"Value":1734},{"Length":54,"Height":32,"Demand":2,"DemandMax":null,"Value":1728},{"Length":48,"Height":36,"Demand":1,"DemandMax":null,"Value":1728},{"Length":42,"Height":41,"Demand":2,"DemandMax":null,"Value":1722},{"Length":44,"Height":39,"Demand":1,"DemandMax":null,"Value":1716},{"Length":55,"Height":31,"Demand":4,"DemandMax":null,"Value":1705},{"Length":46,"Height":37,"Demand":1,"DemandMax":null,"Value":1702},{"Length":50,"Height":34,"Demand":1,"DemandMax":null,"Value":1700},{"Length":53,"Height":32,"Demand":1,"DemandMax":null,"Value":1696},{"Length":47,"Height":36,"Demand":3,"DemandMax":null,"Value":1692},{"Length":51,"Height":33,"Demand":3,"DemandMax":null,"Value":1683},{"Length":42,"Height":40,"Demand":3,"DemandMax":null,"Value":1680},{"Length":56,"Height":30,"Demand":1,"DemandMax":null,"Value":1680},{"Length":43,"Height":39,"Demand":1,"DemandMax":null,"Value":1677},{"Length":44,"Height":38,"Demand":4,"DemandMax":null,"Value":1672},{"Length":45,"Height":37,"Demand":3,"DemandMax":null,"Value":1665},{"Length":46,"Height":36,"Demand":1,"DemandMax":null,"Value":1656},{"Length":55,"Height":30,"Demand":2,"DemandMax":null,"Value":1650},{"Length":41,"Height":40,"Demand":3,"DemandMax":null,"Value":1640},{"Length":43,"Height":38,"Demand":2,"DemandMax":null,"Value":1634},{"Length":51,"Height":32,"Demand":1,"DemandMax":null,"Value":1632},{"Length":44,"Height":37,"Demand":3,"DemandMax":null,"Value":1628},{"Length":52,"Height":31,"Demand":3,"DemandMax":null,"Value":1612},{"Length":46,"Height":35,"Demand":1,"DemandMax":null,"Value":1610},{"Length":50,"Height":32,"Demand":1,"DemandMax":null,"Value":1600},{"Length":41,"Height":39,"Demand":2,"DemandMax":null,"Value":1599},{"Length":59,"Height":27,"Demand":2,"DemandMax":null,"Value":1593},{"Length":44,"Height":36,"Demand":2,"DemandMax":null,"Value":1584},{"Length":48,"Height":33,"Demand":2,"DemandMax":null,"Value":1584},{"Length":51,"Height":31,"Demand":1,"DemandMax":null,"Value":1581},{"Length":45,"Height":35,"Demand":2,"DemandMax":null,"Value":1575},{"Length":49,"Height":32,"Demand":1,"DemandMax":null,"Value":1568},{"Length":54,"Height":29,"Demand":5,"DemandMax":null,"Value":1566},{"Length":58,"Height":27,"Demand":2,"DemandMax":null,"Value":1566},{"Length":46,"Height":34,"Demand":2,"DemandMax":null,"Value":1564},{"Length":40,"Height":39,"Demand":2,"DemandMax":null,"Value":1560},{"Length":42,"Height":37,"Demand":2,"DemandMax":null,"Value":1554},{"Length":47,"Height":33,"Demand":1,"DemandMax":null,"Value":1551},{"Length":50,"Height":31,"Demand":1,"DemandMax":null,"Value":1550},{"Length":53,"Height":29,"Demand":1,"DemandMax":null,"Value":1537},{"Length":48,"Height":32,"Demand":2,"DemandMax":null,"Value":1536},{"Length":59,"Height":26,"Demand":1,"DemandMax":null,"Value":1534},{"Length":45,"Height":34,"Demand":2,"DemandMax":null,"Value":1530},{"Length":40,"Height":38,"Demand":2,"DemandMax":null,"Value":1520},{"Length":49,"Height":31,"Demand":1,"DemandMax":null,"Value":1519},{"Length":41,"Height":37,"Demand":1,"DemandMax":null,"Value":1517},{"Length":54,"Height":28,"Demand":1,"DemandMax":null,"Value":1512},{"Length":42,"Height":36,"Demand":2,"DemandMax":null,"Value":1512},{"Length":43,"Height":35,"Demand":2,"DemandMax":null,"Value":1505},{"Length":41,"Height":36,"Demand":3,"DemandMax":null,"Value":1476},{"Length":46,"Height":32,"Demand":1,"DemandMax":null,"Value":1472},{"Length":42,"Height":35,"Demand":2,"DemandMax":null,"Value":1470},{"Length":43,"Height":34,"Demand":2,"DemandMax":null,"Value":1462},{"Length":54,"Height":27,"Demand":2,"DemandMax":null,"Value":1458},{"Length":44,"Height":33,"Demand":1,"DemandMax":null,"Value":1452},{"Length":38,"Height":38,"Demand":3,"DemandMax":null,"Value":1444},{"Length":39,"Height":37,"Demand":1,"DemandMax":null,"Value":1443},{"Length":40,"Height":36,"Demand":2,"DemandMax":null,"Value":1440},{"Length":53,"Height":27,"Demand":3,"DemandMax":null,"Value":1431},{"Length":55,"Height":26,"Demand":1,"DemandMax":null,"Value":1430},{"Length":42,"Height":34,"Demand":1,"DemandMax":null,"Value":1428},{"Length":46,"Height":31,"Demand":4,"DemandMax":null,"Value":1426},{"Length":57,"Height":25,"Demand":3,"DemandMax":null,"Value":1425},{"Length":49,"Height":29,"Demand":1,"DemandMax":null,"Value":1421},{"Length":47,"Height":30,"Demand":1,"DemandMax":null,"Value":1410},{"Length":44,"Height":32,"Demand":2,"DemandMax":null,"Value":1408},{"Length":38,"Height":37,"Demand":1,"DemandMax":null,"Value":1406},{"Length":56,"Height":25,"Demand":4,"DemandMax":null,"Value":1400},{"Length":40,"Height":35,"Demand":4,"DemandMax":null,"Value":1400},{"Length":48,"Height":29,"Demand":1,"DemandMax":null,"Value":1392},{"Length":42,"Height":33,"Demand":5,"DemandMax":null,"Value":1386},{"Length":46,"Height":30,"Demand":1,"DemandMax":null,"Value":1380},{"Length":60,"Height":23,"Demand":1,"DemandMax":null,"Value":1380},{"Length":49,"Height":28,"Demand":4,"DemandMax":null,"Value":1372},{"Length":37,"Height":37,"Demand":2,"DemandMax":null,"Value":1369},{"Length":38,"Height":36,"Demand":5,"DemandMax":null,"Value":1368},{"Length":39,"Height":35,"Demand":2,"DemandMax":null,"Value":1365},{"Length":44,"Height":31,"Demand":1,"DemandMax":null,"Value":1364},{"Length":47,"Height":29,"Demand":1,"DemandMax":null,"Value":1363},{"Length":40,"Height":34,"Demand":3,"DemandMax":null,"Value":1360},{"Length":52,"Height":26,"Demand":2,"DemandMax":null,"Value":1352},{"Length":45,"Height":30,"Demand":3,"DemandMax":null,"Value":1350},{"Length":50,"Height":27,"Demand":1,"DemandMax":null,"Value":1350},{"Length":54,"Height":25,"Demand":1,"DemandMax":null,"Value":1350},{"Length":56,"Height":24,"Demand":1,"DemandMax":null,"Value":1344},{"Length":42,"Height":32,"Demand":2,"DemandMax":null,"Value":1344},{"Length":58,"Height":23,"Demand":2,"DemandMax":null,"Value":1334},{"Length":53,"Height":25,"Demand":1,"DemandMax":null,"Value":1325},{"Length":55,"Height":24,"Demand":1,"DemandMax":null,"Value":1320},{"Length":60,"Height":22,"Demand":3,"DemandMax":null,"Value":1320},{"Length":47,"Height":28,"Demand":4,"DemandMax":null,"Value":1316},{"Length":41,"Height":32,"Demand":1,"DemandMax":null,"Value":1312},{"Length":57,"Height":23,"Demand":2,"DemandMax":null,"Value":1311},{"Length":45,"Height":29,"Demand":2,"DemandMax":null,"Value":1305},{"Length":42,"Height":31,"Demand":1,"DemandMax":null,"Value":1302},{"Length":36,"Height":36,"Demand":3,"DemandMax":null,"Value":1296},{"Length":37,"Height":35,"Demand":2,"DemandMax":null,"Value":1295},{"Length":43,"Height":30,"Demand":1,"DemandMax":null,"Value":1290},{"Length":39,"Height":33,"Demand":3,"DemandMax":null,"Value":1287},{"Length":58,"Height":22,"Demand":3,"DemandMax":null,"Value":1276},{"Length":44,"Height":29,"Demand":2,"DemandMax":null,"Value":1276},{"Length":51,"Height":25,"Demand":3,"DemandMax":null,"Value":1275},{"Length":49,"Height":26,"Demand":3,"DemandMax":null,"Value":1274},{"Length":53,"Height":24,"Demand":2,"DemandMax":null,"Value":1272},{"Length":41,"Height":31,"Demand":1,"DemandMax":null,"Value":1271},{"Length":47,"Height":27,"Demand":1,"DemandMax":null,"Value":1269},{"Length":45,"Height":28,"Demand":1,"DemandMax":null,"Value":1260},{"Length":37,"Height":34,"Demand":1,"DemandMax":null,"Value":1258},{"Length":38,"Height":33,"Demand":4,"DemandMax":null,"Value":1254},{"Length":39,"Height":32,"Demand":1,"DemandMax":null,"Value":1248},{"Length":43,"Height":29,"Demand":1,"DemandMax":null,"Value":1247},{"Length":40,"Height":31,"Demand":1,"DemandMax":null,"Value":1240},{"Length":59,"Height":21,"Demand":2,"DemandMax":null,"Value":1239},{"Length":56,"Height":22,"Demand":1,"DemandMax":null,"Value":1232},{"Length":35,"Height":35,"Demand":2,"DemandMax":null,"Value":1225},{"Length":36,"Height":34,"Demand":2,"DemandMax":null,"Value":1224},{"Length":51,"Height":24,"Demand":1,"DemandMax":null,"Value":1224},{"Length":47,"Height":26,"Demand":3,"DemandMax":null,"Value":1222},{"Length":37,"Height":33,"Demand":3,"DemandMax":null,"Value":1221},{"Length":42,"Height":29,"Demand":2,"DemandMax":null,"Value":1218},{"Length":38,"Height":32,"Demand":2,"DemandMax":null,"Value":1216},{"Length":45,"Height":27,"Demand":1,"DemandMax":null,"Value":1215},{"Length":39,"Height":31,"Demand":2,"DemandMax":null,"Value":1209},{"Length":43,"Height":28,"Demand":3,"DemandMax":null,"Value":1204},{"Length":50,"Height":24,"Demand":1,"DemandMax":null,"Value":1200},{"Length":48,"Height":25,"Demand":1,"DemandMax":null,"Value":1200},{"Length":46,"Height":26,"Demand":2,"DemandMax":null,"Value":1196},{"Length":41,"Height":29,"Demand":1,"DemandMax":null,"Value":1189},{"Length":44,"Height":27,"Demand":4,"DemandMax":null,"Value":1188},{"Length":36,"Height":33,"Demand":4,"DemandMax":null,"Value":1188},{"Length":47,"Height":25,"Demand":1,"DemandMax":null,"Value":1175},{"Length":45,"Height":26,"Demand":3,"DemandMax":null,"Value":1170},{"Length":39,"Height":30,"Demand":1,"DemandMax":null,"Value":1170},{"Length":53,"Height":22,"Demand":2,"DemandMax":null,"Value":1166},{"Length":40,"Height":29,"Demand":2,"DemandMax":null,"Value":1160},{"Length":34,"Height":34,"Demand":3,"DemandMax":null,"Value":1156},{"Length":35,"Height":33,"Demand":1,"DemandMax":null,"Value":1155},{"Length":36,"Height":32,"Demand":2,"DemandMax":null,"Value":1152},{"Length":50,"Height":23,"Demand":1,"DemandMax":null,"Value":1150},{"Length":41,"Height":28,"Demand":1,"DemandMax":null,"Value":1148},{"Length":44,"Height":26,"Demand":1,"DemandMax":null,"Value":1144},{"Length":38,"Height":30,"Demand":2,"DemandMax":null,"Value":1140},{"Length":47,"Height":24,"Demand":2,"DemandMax":null,"Value":1128},{"Length":49,"Height":23,"Demand":1,"DemandMax":null,"Value":1127},{"Length":45,"Height":25,"Demand":1,"DemandMax":null,"Value":1125},{"Length":51,"Height":22,"Demand":1,"DemandMax":null,"Value":1122},{"Length":34,"Height":33,"Demand":1,"DemandMax":null,"Value":1122},{"Length":56,"Height":20,"Demand":1,"DemandMax":null,"Value":1120},{"Length":35,"Height":32,"Demand":2,"DemandMax":null,"Value":1120},{"Length":40,"Height":28,"Demand":1,"DemandMax":null,"Value":1120},{"Length":53,"Height":21,"Demand":1,"DemandMax":null,"Value":1113},{"Length":37,"Height":30,"Demand":1,"DemandMax":null,"Value":1110},{"Length":41,"Height":27,"Demand":1,"DemandMax":null,"Value":1107},{"Length":48,"Height":23,"Demand":3,"DemandMax":null,"Value":1104},{"Length":38,"Height":29,"Demand":1,"DemandMax":null,"Value":1102},{"Length":39,"Height":28,"Demand":1,"DemandMax":null,"Value":1092},{"Length":33,"Height":33,"Demand":2,"DemandMax":null,"Value":1089},{"Length":34,"Height":32,"Demand":3,"DemandMax":null,"Value":1088},{"Length":35,"Height":31,"Demand":2,"DemandMax":null,"Value":1085},{"Length":47,"Height":23,"Demand":2,"DemandMax":null,"Value":1081},{"Length":54,"Height":20,"Demand":4,"DemandMax":null,"Value":1080},{"Length":36,"Height":30,"Demand":5,"DemandMax":null,"Value":1080},{"Length":40,"Height":27,"Demand":1,"DemandMax":null,"Value":1080},{"Length":60,"Height":18,"Demand":1,"DemandMax":null,"Value":1080},{"Length":49,"Height":22,"Demand":2,"DemandMax":null,"Value":1078},{"Length":43,"Height":25,"Demand":1,"DemandMax":null,"Value":1075},{"Length":37,"Height":29,"Demand":1,"DemandMax":null,"Value":1073},{"Length":41,"Height":26,"Demand":3,"DemandMax":null,"Value":1066},{"Length":46,"Height":23,"Demand":2,"DemandMax":null,"Value":1058},{"Length":33,"Height":32,"Demand":3,"DemandMax":null,"Value":1056},{"Length":34,"Height":31,"Demand":1,"DemandMax":null,"Value":1054},{"Length":39,"Height":27,"Demand":2,"DemandMax":null,"Value":1053},{"Length":42,"Height":25,"Demand":2,"DemandMax":null,"Value":1050},{"Length":50,"Height":21,"Demand":1,"DemandMax":null,"Value":1050},{"Length":35,"Height":30,"Demand":2,"DemandMax":null,"Value":1050},{"Length":55,"Height":19,"Demand":1,"DemandMax":null,"Value":1045},{"Length":36,"Height":29,"Demand":1,"DemandMax":null,"Value":1044},{"Length":58,"Height":18,"Demand":1,"DemandMax":null,"Value":1044},{"Length":40,"Height":26,"Demand":5,"DemandMax":null,"Value":1040},{"Length":52,"Height":20,"Demand":1,"DemandMax":null,"Value":1040},{"Length":37,"Height":28,"Demand":1,"DemandMax":null,"Value":1036},{"Length":45,"Height":23,"Demand":1,"DemandMax":null,"Value":1035},{"Length":49,"Height":21,"Demand":2,"DemandMax":null,"Value":1029},{"Length":57,"Height":18,"Demand":1,"DemandMax":null,"Value":1026},{"Length":33,"Height":31,"Demand":1,"DemandMax":null,"Value":1023},{"Length":34,"Height":30,"Demand":2,"DemandMax":null,"Value":1020},{"Length":51,"Height":20,"Demand":1,"DemandMax":null,"Value":1020},{"Length":35,"Height":29,"Demand":2,"DemandMax":null,"Value":1015},{"Length":39,"Height":26,"Demand":1,"DemandMax":null,"Value":1014},{"Length":36,"Height":28,"Demand":2,"DemandMax":null,"Value":1008},{"Length":48,"Height":21,"Demand":1,"DemandMax":null,"Value":1008},{"Length":56,"Height":18,"Demand":3,"DemandMax":null,"Value":1008},{"Length":40,"Height":25,"Demand":2,"DemandMax":null,"Value":1000},{"Length":50,"Height":20,"Demand":2,"DemandMax":null,"Value":1000},{"Length":37,"Height":27,"Demand":1,"DemandMax":null,"Value":999},{"Length":32,"Height":31,"Demand":3,"DemandMax":null,"Value":992},{"Length":33,"Height":30,"Demand":4,"DemandMax":null,"Value":990},{"Length":45,"Height":22,"Demand":1,"DemandMax":null,"Value":990},{"Length":43,"Height":23,"Demand":2,"DemandMax":null,"Value":989},{"Length":38,"Height":26,"Demand":3,"DemandMax":null,"Value":988},{"Length":34,"Height":29,"Demand":1,"DemandMax":null,"Value":986},{"Length":41,"Height":24,"Demand":3,"DemandMax":null,"Value":984},{"Length":35,"Height":28,"Demand":1,"DemandMax":null,"Value":980},{"Length":39,"Height":25,"Demand":1,"DemandMax":null,"Value":975},{"Length":36,"Height":27,"Demand":1,"DemandMax":null,"Value":972},{"Length":54,"Height":18,"Demand":3,"DemandMax":null,"Value":972},{"Length":42,"Height":23,"Demand":2,"DemandMax":null,"Value":966},{"Length":46,"Height":21,"Demand":1,"DemandMax":null,"Value":966},{"Length":37,"Height":26,"Demand":1,"DemandMax":null,"Value":962},{"Length":31,"Height":31,"Demand":2,"DemandMax":null,"Value":961},{"Length":48,"Height":20,"Demand":2,"DemandMax":null,"Value":960},{"Length":40,"Height":24,"Demand":2,"DemandMax":null,"Value":960},{"Length":33,"Height":29,"Demand":1,"DemandMax":null,"Value":957},{"Length":34,"Height":28,"Demand":2,"DemandMax":null,"Value":952},{"Length":38,"Height":25,"Demand":3,"DemandMax":null,"Value":950},{"Length":43,"Height":22,"Demand":2,"DemandMax":null,"Value":946},{"Length":35,"Height":27,"Demand":2,"DemandMax":null,"Value":945},{"Length":45,"Height":21,"Demand":7,"DemandMax":null,"Value":945},{"Length":52,"Height":18,"Demand":2,"DemandMax":null,"Value":936},{"Length":39,"Height":24,"Demand":6,"DemandMax":null,"Value":936},{"Length":36,"Height":26,"Demand":2,"DemandMax":null,"Value":936},{"Length":49,"Height":19,"Demand":2,"DemandMax":null,"Value":931},{"Length":31,"Height":30,"Demand":1,"DemandMax":null,"Value":930},{"Length":58,"Height":16,"Demand":2,"DemandMax":null,"Value":928},{"Length":37,"Height":25,"Demand":1,"DemandMax":null,"Value":925},{"Length":44,"Height":21,"Demand":7,"DemandMax":null,"Value":924},{"Length":33,"Height":28,"Demand":4,"DemandMax":null,"Value":924},{"Length":42,"Height":22,"Demand":4,"DemandMax":null,"Value":924},{"Length":46,"Height":20,"Demand":1,"DemandMax":null,"Value":920},{"Length":51,"Height":18,"Demand":2,"DemandMax":null,"Value":918},{"Length":54,"Height":17,"Demand":2,"DemandMax":null,"Value":918},{"Length":48,"Height":19,"Demand":1,"DemandMax":null,"Value":912},{"Length":38,"Height":24,"Demand":2,"DemandMax":null,"Value":912},{"Length":35,"Height":26,"Demand":1,"DemandMax":null,"Value":910},{"Length":43,"Height":21,"Demand":2,"DemandMax":null,"Value":903},{"Length":41,"Height":22,"Demand":1,"DemandMax":null,"Value":902},{"Length":45,"Height":20,"Demand":1,"DemandMax":null,"Value":900},{"Length":30,"Height":30,"Demand":1,"DemandMax":null,"Value":900},{"Length":36,"Height":25,"Demand":2,"DemandMax":null,"Value":900},{"Length":31,"Height":29,"Demand":4,"DemandMax":null,"Value":899},{"Length":32,"Height":28,"Demand":4,"DemandMax":null,"Value":896},{"Length":33,"Height":27,"Demand":2,"DemandMax":null,"Value":891},{"Length":37,"Height":24,"Demand":1,"DemandMax":null,"Value":888},{"Length":59,"Height":15,"Demand":1,"DemandMax":null,"Value":885},{"Length":34,"Height":26,"Demand":3,"DemandMax":null,"Value":884},{"Length":49,"Height":18,"Demand":3,"DemandMax":null,"Value":882},{"Length":42,"Height":21,"Demand":1,"DemandMax":null,"Value":882},{"Length":44,"Height":20,"Demand":1,"DemandMax":null,"Value":880},{"Length":35,"Height":25,"Demand":2,"DemandMax":null,"Value":875},{"Length":38,"Height":23,"Demand":2,"DemandMax":null,"Value":874},{"Length":58,"Height":15,"Demand":2,"DemandMax":null,"Value":870},{"Length":31,"Height":28,"Demand":1,"DemandMax":null,"Value":868},{"Length":32,"Height":27,"Demand":1,"DemandMax":null,"Value":864},{"Length":54,"Height":16,"Demand":2,"DemandMax":null,"Value":864},{"Length":43,"Height":20,"Demand":3,"DemandMax":null,"Value":860},{"Length":33,"Height":26,"Demand":1,"DemandMax":null,"Value":858},{"Length":37,"Height":23,"Demand":2,"DemandMax":null,"Value":851},{"Length":34,"Height":25,"Demand":1,"DemandMax":null,"Value":850},{"Length":53,"Height":16,"Demand":1,"DemandMax":null,"Value":848},{"Length":35,"Height":24,"Demand":1,"DemandMax":null,"Value":840},{"Length":30,"Height":28,"Demand":2,"DemandMax":null,"Value":840},{"Length":40,"Height":21,"Demand":3,"DemandMax":null,"Value":840},{"Length":31,"Height":27,"Demand":1,"DemandMax":null,"Value":837},{"Length":44,"Height":19,"Demand":1,"DemandMax":null,"Value":836},{"Length":38,"Height":22,"Demand":1,"DemandMax":null,"Value":836},{"Length":32,"Height":26,"Demand":2,"DemandMax":null,"Value":832},{"Length":36,"Height":23,"Demand":3,"DemandMax":null,"Value":828},{"Length":59,"Height":14,"Demand":3,"DemandMax":null,"Value":826},{"Length":55,"Height":15,"Demand":2,"DemandMax":null,"Value":825},{"Length":33,"Height":25,"Demand":2,"DemandMax":null,"Value":825},{"Length":39,"Height":21,"Demand":2,"DemandMax":null,"Value":819},{"Length":43,"Height":19,"Demand":2,"DemandMax":null,"Value":817},{"Length":34,"Height":24,"Demand":3,"DemandMax":null,"Value":816},{"Length":51,"Height":16,"Demand":2,"DemandMax":null,"Value":816},{"Length":48,"Height":17,"Demand":2,"DemandMax":null,"Value":816},{"Length":29,"Height":28,"Demand":2,"DemandMax":null,"Value":812},{"Length":45,"Height":18,"Demand":1,"DemandMax":null,"Value":810},{"Length":30,"Height":27,"Demand":1,"DemandMax":null,"Value":810},{"Length":35,"Height":23,"Demand":2,"DemandMax":null,"Value":805},{"Length":32,"Height":25,"Demand":2,"DemandMax":null,"Value":800},{"Length":57,"Height":14,"Demand":1,"DemandMax":null,"Value":798},{"Length":49,"Height":16,"Demand":3,"DemandMax":null,"Value":784},{"Length":28,"Height":28,"Demand":1,"DemandMax":null,"Value":784},{"Length":56,"Height":14,"Demand":1,"DemandMax":null,"Value":784},{"Length":34,"Height":23,"Demand":1,"DemandMax":null,"Value":782},{"Length":30,"Height":26,"Demand":3,"DemandMax":null,"Value":780},{"Length":39,"Height":20,"Demand":2,"DemandMax":null,"Value":780},{"Length":37,"Height":21,"Demand":2,"DemandMax":null,"Value":777},{"Length":31,"Height":25,"Demand":4,"DemandMax":null,"Value":775},{"Length":43,"Height":18,"Demand":1,"DemandMax":null,"Value":774},{"Length":48,"Height":16,"Demand":1,"DemandMax":null,"Value":768},{"Length":38,"Height":20,"Demand":2,"DemandMax":null,"Value":760},{"Length":33,"Height":23,"Demand":1,"DemandMax":null,"Value":759},{"Length":54,"Height":14,"Demand":1,"DemandMax":null,"Value":756},{"Length":28,"Height":27,"Demand":2,"DemandMax":null,"Value":756},{"Length":29,"Height":26,"Demand":1,"DemandMax":null,"Value":754},{"Length":30,"Height":25,"Demand":1,"DemandMax":null,"Value":750},{"Length":50,"Height":15,"Demand":1,"DemandMax":null,"Value":750},{"Length":34,"Height":22,"Demand":2,"DemandMax":null,"Value":748},{"Length":31,"Height":24,"Demand":2,"DemandMax":null,"Value":744},{"Length":53,"Height":14,"Demand":1,"DemandMax":null,"Value":742},{"Length":39,"Height":19,"Demand":2,"DemandMax":null,"Value":741},{"Length":37,"Height":20,"Demand":1,"DemandMax":null,"Value":740},{"Length":41,"Height":18,"Demand":2,"DemandMax":null,"Value":738},{"Length":32,"Height":23,"Demand":3,"DemandMax":null,"Value":736},{"Length":49,"Height":15,"Demand":2,"DemandMax":null,"Value":735},{"Length":43,"Height":17,"Demand":2,"DemandMax":null,"Value":731},{"Length":29,"Height":25,"Demand":3,"DemandMax":null,"Value":725},{"Length":36,"Height":20,"Demand":6,"DemandMax":null,"Value":720},{"Length":40,"Height":18,"Demand":5,"DemandMax":null,"Value":720},{"Length":48,"Height":15,"Demand":1,"DemandMax":null,"Value":720},{"Length":30,"Height":24,"Demand":1,"DemandMax":null,"Value":720},{"Length":55,"Height":13,"Demand":3,"DemandMax":null,"Value":715},{"Length":47,"Height":15,"Demand":1,"DemandMax":null,"Value":705},{"Length":32,"Height":22,"Demand":1,"DemandMax":null,"Value":704},{"Length":44,"Height":16,"Demand":1,"DemandMax":null,"Value":704},{"Length":37,"Height":19,"Demand":3,"DemandMax":null,"Value":703},{"Length":39,"Height":18,"Demand":3,"DemandMax":null,"Value":702},{"Length":27,"Height":26,"Demand":1,"DemandMax":null,"Value":702},{"Length":35,"Height":20,"Demand":2,"DemandMax":null,"Value":700},{"Length":50,"Height":14,"Demand":3,"DemandMax":null,"Value":700},{"Length":41,"Height":17,"Demand":3,"DemandMax":null,"Value":697},{"Length":33,"Height":21,"Demand":2,"DemandMax":null,"Value":693},{"Length":30,"Height":23,"Demand":2,"DemandMax":null,"Value":690},{"Length":46,"Height":15,"Demand":1,"DemandMax":null,"Value":690},{"Length":53,"Height":13,"Demand":3,"DemandMax":null,"Value":689},{"Length":43,"Height":16,"Demand":2,"DemandMax":null,"Value":688},{"Length":36,"Height":19,"Demand":1,"DemandMax":null,"Value":684},{"Length":31,"Height":22,"Demand":1,"DemandMax":null,"Value":682},{"Length":34,"Height":20,"Demand":1,"DemandMax":null,"Value":680},{"Length":40,"Height":17,"Demand":2,"DemandMax":null,"Value":680},{"Length":26,"Height":26,"Demand":1,"DemandMax":null,"Value":676},{"Length":52,"Height":13,"Demand":2,"DemandMax":null,"Value":676},{"Length":27,"Height":25,"Demand":2,"DemandMax":null,"Value":675},{"Length":45,"Height":15,"Demand":2,"DemandMax":null,"Value":675},{"Length":48,"Height":14,"Demand":3,"DemandMax":null,"Value":672},{"Length":28,"Height":24,"Demand":2,"DemandMax":null,"Value":672},{"Length":32,"Height":21,"Demand":2,"DemandMax":null,"Value":672},{"Length":37,"Height":18,"Demand":1,"DemandMax":null,"Value":666},{"Length":35,"Height":19,"Demand":4,"DemandMax":null,"Value":665},{"Length":39,"Height":17,"Demand":2,"DemandMax":null,"Value":663},{"Length":33,"Height":20,"Demand":3,"DemandMax":null,"Value":660},{"Length":50,"Height":13,"Demand":1,"DemandMax":null,"Value":650},{"Length":26,"Height":25,"Demand":2,"DemandMax":null,"Value":650},{"Length":59,"Height":11,"Demand":1,"DemandMax":null,"Value":649},{"Length":36,"Height":18,"Demand":2,"DemandMax":null,"Value":648},{"Length":43,"Height":15,"Demand":1,"DemandMax":null,"Value":645},{"Length":28,"Height":23,"Demand":1,"DemandMax":null,"Value":644},{"Length":46,"Height":14,"Demand":2,"DemandMax":null,"Value":644},{"Length":32,"Height":20,"Demand":2,"DemandMax":null,"Value":640},{"Length":58,"Height":11,"Demand":1,"DemandMax":null,"Value":638},{"Length":49,"Height":13,"Demand":1,"DemandMax":null,"Value":637},{"Length":53,"Height":12,"Demand":2,"DemandMax":null,"Value":636},{"Length":35,"Height":18,"Demand":1,"DemandMax":null,"Value":630},{"Length":37,"Height":17,"Demand":3,"DemandMax":null,"Value":629},{"Length":33,"Height":19,"Demand":1,"DemandMax":null,"Value":627},{"Length":48,"Height":13,"Demand":4,"DemandMax":null,"Value":624},{"Length":39,"Height":16,"Demand":1,"DemandMax":null,"Value":624},{"Length":52,"Height":12,"Demand":1,"DemandMax":null,"Value":624},{"Length":26,"Height":24,"Demand":4,"DemandMax":null,"Value":624},{"Length":27,"Height":23,"Demand":2,"DemandMax":null,"Value":621},{"Length":31,"Height":20,"Demand":2,"DemandMax":null,"Value":620},{"Length":44,"Height":14,"Demand":1,"DemandMax":null,"Value":616},{"Length":28,"Height":22,"Demand":2,"DemandMax":null,"Value":616},{"Length":41,"Height":15,"Demand":1,"DemandMax":null,"Value":615},{"Length":34,"Height":18,"Demand":2,"DemandMax":null,"Value":612},{"Length":51,"Height":12,"Demand":2,"DemandMax":null,"Value":612},{"Length":29,"Height":21,"Demand":1,"DemandMax":null,"Value":609},{"Length":38,"Height":16,"Demand":2,"DemandMax":null,"Value":608},{"Length":43,"Height":14,"Demand":1,"DemandMax":null,"Value":602},{"Length":30,"Height":20,"Demand":4,"DemandMax":null,"Value":600},{"Length":25,"Height":24,"Demand":4,"DemandMax":null,"Value":600},{"Length":50,"Height":12,"Demand":1,"DemandMax":null,"Value":600},{"Length":26,"Height":23,"Demand":2,"DemandMax":null,"Value":598},{"Length":46,"Height":13,"Demand":2,"DemandMax":null,"Value":598},{"Length":35,"Height":17,"Demand":2,"DemandMax":null,"Value":595},{"Length":33,"Height":18,"Demand":1,"DemandMax":null,"Value":594},{"Length":37,"Height":16,"Demand":3,"DemandMax":null,"Value":592},{"Length":31,"Height":19,"Demand":3,"DemandMax":null,"Value":589},{"Length":28,"Height":21,"Demand":7,"DemandMax":null,"Value":588},{"Length":49,"Height":12,"Demand":1,"DemandMax":null,"Value":588},{"Length":39,"Height":15,"Demand":1,"DemandMax":null,"Value":585},{"Length":29,"Height":20,"Demand":2,"DemandMax":null,"Value":580},{"Length":34,"Height":17,"Demand":1,"DemandMax":null,"Value":578},{"Length":48,"Height":12,"Demand":4,"DemandMax":null,"Value":576},{"Length":24,"Height":24,"Demand":1,"DemandMax":null,"Value":576},{"Length":25,"Height":23,"Demand":1,"DemandMax":null,"Value":575},{"Length":44,"Height":13,"Demand":3,"DemandMax":null,"Value":572},{"Length":26,"Height":22,"Demand":1,"DemandMax":null,"Value":572},{"Length":38,"Height":15,"Demand":2,"DemandMax":null,"Value":570},{"Length":30,"Height":19,"Demand":2,"DemandMax":null,"Value":570},{"Length":57,"Height":10,"Demand":4,"DemandMax":null,"Value":570},{"Length":27,"Height":21,"Demand":1,"DemandMax":null,"Value":567},{"Length":47,"Height":12,"Demand":1,"DemandMax":null,"Value":564},{"Length":51,"Height":11,"Demand":1,"DemandMax":null,"Value":561},{"Length":33,"Height":17,"Demand":3,"DemandMax":null,"Value":561},{"Length":28,"Height":20,"Demand":6,"DemandMax":null,"Value":560},{"Length":35,"Height":16,"Demand":2,"DemandMax":null,"Value":560},{"Length":40,"Height":14,"Demand":2,"DemandMax":null,"Value":560},{"Length":43,"Height":13,"Demand":1,"DemandMax":null,"Value":559},{"Length":31,"Height":18,"Demand":1,"DemandMax":null,"Value":558},{"Length":46,"Height":12,"Demand":1,"DemandMax":null,"Value":552},{"Length":29,"Height":19,"Demand":1,"DemandMax":null,"Value":551},{"Length":25,"Height":22,"Demand":3,"DemandMax":null,"Value":550},{"Length":39,"Height":14,"Demand":1,"DemandMax":null,"Value":546},{"Length":42,"Height":13,"Demand":2,"DemandMax":null,"Value":546},{"Length":26,"Height":21,"Demand":1,"DemandMax":null,"Value":546},{"Length":34,"Height":16,"Demand":2,"DemandMax":null,"Value":544},{"Length":32,"Height":17,"Demand":1,"DemandMax":null,"Value":544},{"Length":27,"Height":20,"Demand":1,"DemandMax":null,"Value":540},{"Length":36,"Height":15,"Demand":6,"DemandMax":null,"Value":540},{"Length":30,"Height":18,"Demand":4,"DemandMax":null,"Value":540},{"Length":45,"Height":12,"Demand":3,"DemandMax":null,"Value":540},{"Length":49,"Height":11,"Demand":3,"DemandMax":null,"Value":539},{"Length":41,"Height":13,"Demand":1,"DemandMax":null,"Value":533},{"Length":38,"Height":14,"Demand":2,"DemandMax":null,"Value":532},{"Length":28,"Height":19,"Demand":1,"DemandMax":null,"Value":532},{"Length":53,"Height":10,"Demand":1,"DemandMax":null,"Value":530},{"Length":23,"Height":23,"Demand":5,"DemandMax":null,"Value":529},{"Length":33,"Height":16,"Demand":7,"DemandMax":null,"Value":528},{"Length":24,"Height":22,"Demand":3,"DemandMax":null,"Value":528},{"Length":48,"Height":11,"Demand":1,"DemandMax":null,"Value":528},{"Length":44,"Height":12,"Demand":1,"DemandMax":null,"Value":528},{"Length":31,"Height":17,"Demand":3,"DemandMax":null,"Value":527},{"Length":35,"Height":15,"Demand":2,"DemandMax":null,"Value":525},{"Length":25,"Height":21,"Demand":2,"DemandMax":null,"Value":525},{"Length":26,"Height":20,"Demand":1,"DemandMax":null,"Value":520},{"Length":40,"Height":13,"Demand":3,"DemandMax":null,"Value":520},{"Length":52,"Height":10,"Demand":2,"DemandMax":null,"Value":520},{"Length":37,"Height":14,"Demand":1,"DemandMax":null,"Value":518},{"Length":27,"Height":19,"Demand":1,"DemandMax":null,"Value":513},{"Length":51,"Height":10,"Demand":2,"DemandMax":null,"Value":510},{"Length":34,"Height":15,"Demand":3,"DemandMax":null,"Value":510},{"Length":30,"Height":17,"Demand":1,"DemandMax":null,"Value":510},{"Length":39,"Height":13,"Demand":1,"DemandMax":null,"Value":507},{"Length":23,"Height":22,"Demand":2,"DemandMax":null,"Value":506},{"Length":46,"Height":11,"Demand":2,"DemandMax":null,"Value":506},{"Length":28,"Height":18,"Demand":3,"DemandMax":null,"Value":504},{"Length":36,"Height":14,"Demand":1,"DemandMax":null,"Value":504},{"Length":24,"Height":21,"Demand":1,"DemandMax":null,"Value":504},{"Length":42,"Height":12,"Demand":2,"DemandMax":null,"Value":504},{"Length":25,"Height":20,"Demand":1,"DemandMax":null,"Value":500},{"Length":31,"Height":16,"Demand":5,"DemandMax":null,"Value":496},{"Length":45,"Height":11,"Demand":3,"DemandMax":null,"Value":495},{"Length":33,"Height":15,"Demand":2,"DemandMax":null,"Value":495},{"Length":38,"Height":13,"Demand":2,"DemandMax":null,"Value":494},{"Length":29,"Height":17,"Demand":1,"DemandMax":null,"Value":493},{"Length":49,"Height":10,"Demand":2,"DemandMax":null,"Value":490},{"Length":35,"Height":14,"Demand":1,"DemandMax":null,"Value":490},{"Length":27,"Height":18,"Demand":2,"DemandMax":null,"Value":486},{"Length":44,"Height":11,"Demand":2,"DemandMax":null,"Value":484},{"Length":23,"Height":21,"Demand":3,"DemandMax":null,"Value":483},{"Length":37,"Height":13,"Demand":1,"DemandMax":null,"Value":481},{"Length":24,"Height":20,"Demand":2,"DemandMax":null,"Value":480},{"Length":32,"Height":15,"Demand":2,"DemandMax":null,"Value":480},{"Length":30,"Height":16,"Demand":1,"DemandMax":null,"Value":480},{"Length":34,"Height":14,"Demand":2,"DemandMax":null,"Value":476},{"Length":25,"Height":19,"Demand":2,"DemandMax":null,"Value":475},{"Length":43,"Height":11,"Demand":1,"DemandMax":null,"Value":473},{"Length":36,"Height":13,"Demand":3,"DemandMax":null,"Value":468},{"Length":31,"Height":15,"Demand":1,"DemandMax":null,"Value":465},{"Length":29,"Height":16,"Demand":2,"DemandMax":null,"Value":464},{"Length":22,"Height":21,"Demand":3,"DemandMax":null,"Value":462},{"Length":42,"Height":11,"Demand":4,"DemandMax":null,"Value":462},{"Length":23,"Height":20,"Demand":1,"DemandMax":null,"Value":460},{"Length":27,"Height":17,"Demand":1,"DemandMax":null,"Value":459},{"Length":38,"Height":12,"Demand":1,"DemandMax":null,"Value":456},{"Length":24,"Height":19,"Demand":1,"DemandMax":null,"Value":456},{"Length":35,"Height":13,"Demand":3,"DemandMax":null,"Value":455},{"Length":30,"Height":15,"Demand":3,"DemandMax":null,"Value":450},{"Length":25,"Height":18,"Demand":3,"DemandMax":null,"Value":450},{"Length":45,"Height":10,"Demand":1,"DemandMax":null,"Value":450},{"Length":28,"Height":16,"Demand":1,"DemandMax":null,"Value":448},{"Length":37,"Height":12,"Demand":4,"DemandMax":null,"Value":444},{"Length":26,"Height":17,"Demand":1,"DemandMax":null,"Value":442},{"Length":44,"Height":10,"Demand":2,"DemandMax":null,"Value":440},{"Length":23,"Height":19,"Demand":2,"DemandMax":null,"Value":437},{"Length":29,"Height":15,"Demand":2,"DemandMax":null,"Value":435},{"Length":27,"Height":16,"Demand":3,"DemandMax":null,"Value":432},{"Length":36,"Height":12,"Demand":2,"DemandMax":null,"Value":432},{"Length":43,"Height":10,"Demand":2,"DemandMax":null,"Value":430},{"Length":39,"Height":11,"Demand":2,"DemandMax":null,"Value":429},{"Length":25,"Height":17,"Demand":2,"DemandMax":null,"Value":425},{"Length":21,"Height":20,"Demand":6,"DemandMax":null,"Value":420},{"Length":42,"Height":10,"Demand":1,"DemandMax":null,"Value":420},{"Length":30,"Height":14,"Demand":4,"DemandMax":null,"Value":420},{"Length":28,"Height":15,"Demand":2,"DemandMax":null,"Value":420},{"Length":22,"Height":19,"Demand":2,"DemandMax":null,"Value":418},{"Length":26,"Height":16,"Demand":1,"DemandMax":null,"Value":416},{"Length":24,"Height":17,"Demand":3,"DemandMax":null,"Value":408},{"Length":34,"Height":12,"Demand":2,"DemandMax":null,"Value":408},{"Length":37,"Height":11,"Demand":1,"DemandMax":null,"Value":407},{"Length":31,"Height":13,"Demand":1,"DemandMax":null,"Value":403},{"Length":25,"Height":16,"Demand":1,"DemandMax":null,"Value":400},{"Length":20,"Height":20,"Demand":2,"DemandMax":null,"Value":400},{"Length":21,"Height":19,"Demand":2,"DemandMax":null,"Value":399},{"Length":33,"Height":12,"Demand":2,"DemandMax":null,"Value":396},{"Length":22,"Height":18,"Demand":1,"DemandMax":null,"Value":396},{"Length":36,"Height":11,"Demand":2,"DemandMax":null,"Value":396},{"Length":23,"Height":17,"Demand":2,"DemandMax":null,"Value":391},{"Length":26,"Height":15,"Demand":1,"DemandMax":null,"Value":390},{"Length":24,"Height":16,"Demand":6,"DemandMax":null,"Value":384},{"Length":32,"Height":12,"Demand":3,"DemandMax":null,"Value":384},{"Length":20,"Height":19,"Demand":1,"DemandMax":null,"Value":380},{"Length":21,"Height":18,"Demand":3,"DemandMax":null,"Value":378},{"Length":29,"Height":13,"Demand":1,"DemandMax":null,"Value":377},{"Length":25,"Height":15,"Demand":2,"DemandMax":null,"Value":375},{"Length":22,"Height":17,"Demand":2,"DemandMax":null,"Value":374},{"Length":31,"Height":12,"Demand":3,"DemandMax":null,"Value":372},{"Length":28,"Height":13,"Demand":1,"DemandMax":null,"Value":364},{"Length":26,"Height":14,"Demand":1,"DemandMax":null,"Value":364},{"Length":19,"Height":19,"Demand":2,"DemandMax":null,"Value":361},{"Length":20,"Height":18,"Demand":7,"DemandMax":null,"Value":360},{"Length":24,"Height":15,"Demand":2,"DemandMax":null,"Value":360},{"Length":21,"Height":17,"Demand":1,"DemandMax":null,"Value":357},{"Length":22,"Height":16,"Demand":2,"DemandMax":null,"Value":352},{"Length":32,"Height":11,"Demand":2,"DemandMax":null,"Value":352},{"Length":27,"Height":13,"Demand":1,"DemandMax":null,"Value":351},{"Length":25,"Height":14,"Demand":1,"DemandMax":null,"Value":350},{"Length":29,"Height":12,"Demand":3,"DemandMax":null,"Value":348},{"Length":19,"Height":18,"Demand":1,"DemandMax":null,"Value":342},{"Length":31,"Height":11,"Demand":4,"DemandMax":null,"Value":341},{"Length":20,"Height":17,"Demand":1,"DemandMax":null,"Value":340},{"Length":26,"Height":13,"Demand":2,"DemandMax":null,"Value":338},{"Length":21,"Height":16,"Demand":1,"DemandMax":null,"Value":336},{"Length":24,"Height":14,"Demand":2,"DemandMax":null,"Value":336},{"Length":28,"Height":12,"Demand":3,"DemandMax":null,"Value":336},{"Length":22,"Height":15,"Demand":1,"DemandMax":null,"Value":330},{"Length":30,"Height":11,"Demand":1,"DemandMax":null,"Value":330},{"Length":19,"Height":17,"Demand":2,"DemandMax":null,"Value":323},{"Length":23,"Height":14,"Demand":5,"DemandMax":null,"Value":322},{"Length":29,"Height":11,"Demand":1,"DemandMax":null,"Value":319},{"Length":31,"Height":10,"Demand":2,"DemandMax":null,"Value":310},{"Length":22,"Height":14,"Demand":1,"DemandMax":null,"Value":308},{"Length":18,"Height":17,"Demand":2,"DemandMax":null,"Value":306},{"Length":30,"Height":10,"Demand":1,"DemandMax":null,"Value":300},{"Length":23,"Height":13,"Demand":2,"DemandMax":null,"Value":299},{"Length":21,"Height":14,"Demand":2,"DemandMax":null,"Value":294},{"Length":17,"Height":17,"Demand":3,"DemandMax":null,"Value":289},{"Length":22,"Height":13,"Demand":1,"DemandMax":null,"Value":286},{"Length":19,"Height":15,"Demand":1,"DemandMax":null,"Value":285},{"Length":20,"Height":14,"Demand":3,"DemandMax":null,"Value":280},{"Length":21,"Height":13,"Demand":3,"DemandMax":null,"Value":273},{"Length":17,"Height":16,"Demand":2,"DemandMax":null,"Value":272},{"Length":18,"Height":15,"Demand":3,"DemandMax":null,"Value":270},{"Length":27,"Height":10,"Demand":1,"DemandMax":null,"Value":270},{"Length":19,"Height":14,"Demand":1,"DemandMax":null,"Value":266},{"Length":22,"Height":12,"Demand":1,"DemandMax":null,"Value":264},{"Length":26,"Height":10,"Demand":2,"DemandMax":null,"Value":260},{"Length":20,"Height":13,"Demand":1,"DemandMax":null,"Value":260},{"Length":17,"Height":15,"Demand":1,"DemandMax":null,"Value":255},{"Length":21,"Height":12,"Demand":2,"DemandMax":null,"Value":252},{"Length":18,"Height":14,"Demand":5,"DemandMax":null,"Value":252},{"Length":19,"Height":13,"Demand":1,"DemandMax":null,"Value":247},{"Length":22,"Height":11,"Demand":1,"DemandMax":null,"Value":242},{"Length":16,"Height":15,"Demand":1,"DemandMax":null,"Value":240},{"Length":17,"Height":14,"Demand":1,"DemandMax":null,"Value":238},{"Length":18,"Height":13,"Demand":2,"DemandMax":null,"Value":234},{"Length":23,"Height":10,"Demand":1,"DemandMax":null,"Value":230},{"Length":19,"Height":12,"Demand":2,"DemandMax":null,"Value":228},{"Length":15,"Height":15,"Demand":3,"DemandMax":null,"Value":225},{"Length":16,"Height":14,"Demand":2,"DemandMax":null,"Value":224},{"Length":22,"Height":10,"Demand":1,"DemandMax":null,"Value":220},{"Length":20,"Height":11,"Demand":1,"DemandMax":null,"Value":220},{"Length":21,"Height":10,"Demand":1,"DemandMax":null,"Value":210},{"Length":19,"Height":11,"Demand":4,"DemandMax":null,"Value":209},{"Length":15,"Height":12,"Demand":3,"DemandMax":null,"Value":180},{"Length":17,"Height":10,"Demand":2,"DemandMax":null,"Value":170},{"Length":13,"Height":13,"Demand":2,"DemandMax":null,"Value":169},{"Length":14,"Height":10,"Demand":2,"DemandMax":null,"Value":140}]}