{"Name":"MB07_022","Objects":[{"Length":587,"Height":233,"Stock":null,"Cost":136771}],"Items":[{"Length":42,"Height":42,"Demand":182,"DemandMax":null,"Value":1764},{"Length":47,"Height":35,"Demand":188,"DemandMax":null,"Value":1645},{"Length":38,"Height":32,"Demand":186,"DemandMax":null,"Value":1216},{"Length":43,"Height":19,"Demand":192,"DemandMax":null,"Value":817},{"Length":30,"Height":25,"Demand":185,"DemandMax":null,"Value":750},{"Length":55,"Height":13,"Demand":153,"DemandMax":null,"Value":715},{"Length":18,"Height":15,"Demand":178,"DemandMax":null,"Value":270},{"Length":24,"Height":10,"Demand":190,"DemandMax":null,"Value":240}]}