{"Name":"MB08_146","Objects":[{"Length":587,"Height":233,"Stock":null,"Cost":136771}],"Items":[{"Length":57,"Height":48,"Demand":2,"DemandMax":null,"Value":2736},{"Length":54,"Height":50,"Demand":1,"DemandMax":null,"Value":2700},{"Length":56,"Height":48,"Demand":1,"DemandMax":null,"Value":2688},{"Length":54,"Height":47,"Demand":1,"DemandMax":null,"Value":2538},{"Length":53,"Height":47,"Demand":1,"DemandMax":null,"Value":2491},{"Length":52,"Height":47,"Demand":2,"DemandMax":null,"Value":2444},{"Length":54,"Height":45,"Demand":3,"DemandMax":null,"Value":2430},{"Length":56,"Height":43,"Demand":2,"DemandMax":null,"Value":2408},{"Length":60,"Height":40,"Demand":2,"DemandMax":null,"Value":2400},{"Length":50,"Height":48,"Demand":1,"DemandMax":null,"Value":2400},{"Length":60,"Height":39,"Demand":2,"DemandMax":null,"Value":2340},{"Length":57,"Height":41,"Demand":1,"DemandMax":null,"Value":2337},{"Length":55,"Height":42,"Demand":2,"DemandMax":null,"Value":2310},{"Length":50,"Height":46,"Demand":2,"DemandMax":null,"Value":2300},{"Length":59,"Height":38,"Demand":2,"DemandMax":null,"Value":2242},{"Length":56,"Height":40,"Demand":3,"DemandMax":null,"Value":2240},{"Length":53,"Height":42,"Demand":2,"DemandMax":null,"Value":2226},{"Length":57,"Height":39,"Demand":1,"DemandMax":null,"Value":2223},{"Length":56,"Height":39,"Demand":3,"DemandMax":null,"Value":2184},{"Length":53,"Height":41,"Demand":2,"DemandMax":null,"Value":2173},{"Length":57,"Height":38,"Demand":2,"DemandMax":null,"Value":2166},{"Length":56,"Height":38,"Demand":3,"DemandMax":null,"Value":2128},{"Length":50,"Height":42,"Demand":4,"DemandMax":null,"Value":2100},{"Length":52,"Height":40,"Demand":1,"DemandMax":null,"Value":2080},{"Length":56,"Height":37,"Demand":1,"DemandMax":null,"Value":2072},{"Length":49,"Height":42,"Demand":2,"DemandMax":null,"Value":2058},{"Length":54,"Height":38,"Demand":1,"DemandMax":null,"Value":2052},{"Length":60,"Height":34,"Demand":2,"DemandMax":null,"Value":2040},{"Length":45,"Height":45,"Demand":3,"DemandMax":null,"Value":2025},{"Length":46,"Height":44,"Demand":1,"DemandMax":null,"Value":2024},{"Length":50,"Height":40,"Demand":3,"DemandMax":null,"Value":2000},{"Length":57,"Height":35,"Demand":2,"DemandMax":null,"Value":1995},{"Length":55,"Height":36,"Demand":1,"DemandMax":null,"Value":1980},{"Length":46,"Height":43,"Demand":2,"DemandMax":null,"Value":1978},{"Length":49,"Height":40,"Demand":1,"DemandMax":null,"Value":1960},{"Length":50,"Height":39,"Demand":2,"DemandMax":null,"Value":1950},{"Length":46,"Height":42,"Demand":1,"DemandMax":null,"Value":1932},{"Length":47,"Height":41,"Demand":1,"DemandMax":null,"Value":1927},{"Length":52,"Height":37,"Demand":1,"DemandMax":null,"Value":1924},{"Length":49,"Height":39,"Demand":1,"DemandMax":null,"Value":1911},{"Length":45,"Height":42,"Demand":2,"DemandMax":null,"Value":1890},{"Length":57,"Height":33,"Demand":2,"DemandMax":null,"Value":1881},{"Length":47,"Height":40,"Demand":1,"DemandMax":null,"Value":1880},{"Length":48,"Height":39,"Demand":7,"DemandMax":null,"Value":1872},{"Length":52,"Height":36,"Demand":2,"DemandMax":null,"Value":1872},{"Length":55,"Height":34,"Demand":1,"DemandMax":null,"Value":1870},{"Length":49,"Height":38,"Demand":1,"DemandMax":null,"Value":1862},{"Length":44,"Height":42,"Demand":1,"DemandMax":null,"Value":1848},{"Length":45,"Height":41,"Demand":1,"DemandMax":null,"Value":1845},{"Length":54,"Height":34,"Demand":1,"DemandMax":null,"Value":1836},{"Length":59,"Height":31,"Demand":2,"DemandMax":null,"Value":1829},{"Length":57,"Height":32,"Demand":2,"DemandMax":null,"Value":1824},{"Length":48,"Height":38,"Demand":1,"DemandMax":null,"Value":1824},{"Length":52,"Height":35,"Demand":1,"DemandMax":null,"Value":1820},{"Length":49,"Height":37,"Demand":2,"DemandMax":null,"Value":1813},{"Length":43,"Height":42,"Demand":1,"DemandMax":null,"Value":1806},{"Length":50,"Height":36,"Demand":1,"DemandMax":null,"Value":1800},{"Length":45,"Height":40,"Demand":2,"DemandMax":null,"Value":1800},{"Length":58,"Height":31,"Demand":3,"DemandMax":null,"Value":1798},{"Length":54,"Height":33,"Demand":1,"DemandMax":null,"Value":1782},{"Length":48,"Height":37,"Demand":2,"DemandMax":null,"Value":1776},{"Length":52,"Height":34,"Demand":1,"DemandMax":null,"Value":1768},{"Length":49,"Height":36,"Demand":3,"DemandMax":null,"Value":1764},{"Length":45,"Height":39,"Demand":1,"DemandMax":null,"Value":1755},{"Length":53,"Height":33,"Demand":1,"DemandMax":null,"Value":1749},{"Length":46,"Height":38,"Demand":1,"DemandMax":null,"Value":1748},{"Length":47,"Height":37,"Demand":2,"DemandMax":null,"Value":1739},{"Length":56,"Height":31,"Demand":2,"DemandMax":null,"Value":1736},{"Length":51,"Height":34,"Demand":2,"DemandMax":null,"Value":1734},{"Length":54,"Height":32,"Demand":2,"DemandMax":null,"Value":1728},{"Length":42,"Height":41,"Demand":3,"DemandMax":null,"Value":1722},{"Length":44,"Height":39,"Demand":2,"DemandMax":null,"Value":1716},{"Length":49,"Height":35,"Demand":4,"DemandMax":null,"Value":1715},{"Length":59,"Height":29,"Demand":4,"DemandMax":null,"Value":1711},{"Length":57,"Height":30,"Demand":3,"DemandMax":null,"Value":1710},{"Length":45,"Height":38,"Demand":2,"DemandMax":null,"Value":1710},{"Length":50,"Height":34,"Demand":3,"DemandMax":null,"Value":1700},{"Length":53,"Height":32,"Demand":2,"DemandMax":null,"Value":1696},{"Length":51,"Height":33,"Demand":1,"DemandMax":null,"Value":1683},{"Length":42,"Height":40,"Demand":2,"DemandMax":null,"Value":1680},{"Length":43,"Height":39,"Demand":3,"DemandMax":null,"Value":1677},{"Length":54,"Height":31,"Demand":3,"DemandMax":null,"Value":1674},{"Length":44,"Height":38,"Demand":2,"DemandMax":null,"Value":1672},{"Length":49,"Height":34,"Demand":1,"DemandMax":null,"Value":1666},{"Length":46,"Height":36,"Demand":1,"DemandMax":null,"Value":1656},{"Length":47,"Height":35,"Demand":1,"DemandMax":null,"Value":1645},{"Length":41,"Height":40,"Demand":1,"DemandMax":null,"Value":1640},{"Length":42,"Height":39,"Demand":1,"DemandMax":null,"Value":1638},{"Length":43,"Height":38,"Demand":2,"DemandMax":null,"Value":1634},{"Length":51,"Height":32,"Demand":1,"DemandMax":null,"Value":1632},{"Length":44,"Height":37,"Demand":1,"DemandMax":null,"Value":1628},{"Length":60,"Height":27,"Demand":2,"DemandMax":null,"Value":1620},{"Length":49,"Height":33,"Demand":3,"DemandMax":null,"Value":1617},{"Length":46,"Height":35,"Demand":2,"DemandMax":null,"Value":1610},{"Length":40,"Height":40,"Demand":2,"DemandMax":null,"Value":1600},{"Length":41,"Height":39,"Demand":1,"DemandMax":null,"Value":1599},{"Length":47,"Height":34,"Demand":2,"DemandMax":null,"Value":1598},{"Length":42,"Height":38,"Demand":2,"DemandMax":null,"Value":1596},{"Length":48,"Height":33,"Demand":1,"DemandMax":null,"Value":1584},{"Length":44,"Height":36,"Demand":1,"DemandMax":null,"Value":1584},{"Length":45,"Height":35,"Demand":3,"DemandMax":null,"Value":1575},{"Length":56,"Height":28,"Demand":3,"DemandMax":null,"Value":1568},{"Length":40,"Height":39,"Demand":1,"DemandMax":null,"Value":1560},{"Length":52,"Height":30,"Demand":1,"DemandMax":null,"Value":1560},{"Length":41,"Height":38,"Demand":2,"DemandMax":null,"Value":1558},{"Length":42,"Height":37,"Demand":2,"DemandMax":null,"Value":1554},{"Length":43,"Height":36,"Demand":2,"DemandMax":null,"Value":1548},{"Length":44,"Height":35,"Demand":1,"DemandMax":null,"Value":1540},{"Length":59,"Height":26,"Demand":2,"DemandMax":null,"Value":1534},{"Length":51,"Height":30,"Demand":2,"DemandMax":null,"Value":1530},{"Length":39,"Height":39,"Demand":1,"DemandMax":null,"Value":1521},{"Length":40,"Height":38,"Demand":1,"DemandMax":null,"Value":1520},{"Length":52,"Height":29,"Demand":1,"DemandMax":null,"Value":1508},{"Length":58,"Height":26,"Demand":3,"DemandMax":null,"Value":1508},{"Length":43,"Height":35,"Demand":2,"DemandMax":null,"Value":1505},{"Length":47,"Height":32,"Demand":2,"DemandMax":null,"Value":1504},{"Length":50,"Height":30,"Demand":2,"DemandMax":null,"Value":1500},{"Length":55,"Height":27,"Demand":1,"DemandMax":null,"Value":1485},{"Length":53,"Height":28,"Demand":2,"DemandMax":null,"Value":1484},{"Length":39,"Height":38,"Demand":2,"DemandMax":null,"Value":1482},{"Length":40,"Height":37,"Demand":3,"DemandMax":null,"Value":1480},{"Length":59,"Height":25,"Demand":1,"DemandMax":null,"Value":1475},{"Length":42,"Height":35,"Demand":1,"DemandMax":null,"Value":1470},{"Length":43,"Height":34,"Demand":1,"DemandMax":null,"Value":1462},{"Length":52,"Height":28,"Demand":1,"DemandMax":null,"Value":1456},{"Length":56,"Height":26,"Demand":3,"DemandMax":null,"Value":1456},{"Length":50,"Height":29,"Demand":3,"DemandMax":null,"Value":1450},{"Length":38,"Height":38,"Demand":4,"DemandMax":null,"Value":1444},{"Length":39,"Height":37,"Demand":1,"DemandMax":null,"Value":1443},{"Length":48,"Height":30,"Demand":4,"DemandMax":null,"Value":1440},{"Length":60,"Height":24,"Demand":1,"DemandMax":null,"Value":1440},{"Length":45,"Height":32,"Demand":3,"DemandMax":null,"Value":1440},{"Length":53,"Height":27,"Demand":1,"DemandMax":null,"Value":1431},{"Length":42,"Height":34,"Demand":4,"DemandMax":null,"Value":1428},{"Length":46,"Height":31,"Demand":1,"DemandMax":null,"Value":1426},{"Length":57,"Height":25,"Demand":1,"DemandMax":null,"Value":1425},{"Length":47,"Height":30,"Demand":1,"DemandMax":null,"Value":1410},{"Length":38,"Height":37,"Demand":2,"DemandMax":null,"Value":1406},{"Length":50,"Height":28,"Demand":2,"DemandMax":null,"Value":1400},{"Length":45,"Height":31,"Demand":2,"DemandMax":null,"Value":1395},{"Length":41,"Height":34,"Demand":3,"DemandMax":null,"Value":1394},{"Length":48,"Height":29,"Demand":3,"DemandMax":null,"Value":1392},{"Length":42,"Height":33,"Demand":1,"DemandMax":null,"Value":1386},{"Length":46,"Height":30,"Demand":3,"DemandMax":null,"Value":1380},{"Length":53,"Height":26,"Demand":1,"DemandMax":null,"Value":1378},{"Length":43,"Height":32,"Demand":1,"DemandMax":null,"Value":1376},{"Length":38,"Height":36,"Demand":2,"DemandMax":null,"Value":1368},{"Length":47,"Height":29,"Demand":2,"DemandMax":null,"Value":1363},{"Length":40,"Height":34,"Demand":3,"DemandMax":null,"Value":1360},{"Length":41,"Height":33,"Demand":3,"DemandMax":null,"Value":1353},{"Length":45,"Height":30,"Demand":1,"DemandMax":null,"Value":1350},{"Length":54,"Height":25,"Demand":1,"DemandMax":null,"Value":1350},{"Length":56,"Height":24,"Demand":1,"DemandMax":null,"Value":1344},{"Length":58,"Height":23,"Demand":1,"DemandMax":null,"Value":1334},{"Length":37,"Height":36,"Demand":1,"DemandMax":null,"Value":1332},{"Length":38,"Height":35,"Demand":1,"DemandMax":null,"Value":1330},{"Length":53,"Height":25,"Demand":1,"DemandMax":null,"Value":1325},{"Length":60,"Height":22,"Demand":1,"DemandMax":null,"Value":1320},{"Length":40,"Height":33,"Demand":2,"DemandMax":null,"Value":1320},{"Length":42,"Height":31,"Demand":2,"DemandMax":null,"Value":1302},{"Length":50,"Height":26,"Demand":3,"DemandMax":null,"Value":1300},{"Length":59,"Height":22,"Demand":2,"DemandMax":null,"Value":1298},{"Length":36,"Height":36,"Demand":2,"DemandMax":null,"Value":1296},{"Length":54,"Height":24,"Demand":3,"DemandMax":null,"Value":1296},{"Length":48,"Height":27,"Demand":2,"DemandMax":null,"Value":1296},{"Length":38,"Height":34,"Demand":1,"DemandMax":null,"Value":1292},{"Length":56,"Height":23,"Demand":1,"DemandMax":null,"Value":1288},{"Length":46,"Height":28,"Demand":2,"DemandMax":null,"Value":1288},{"Length":39,"Height":33,"Demand":2,"DemandMax":null,"Value":1287},{"Length":40,"Height":32,"Demand":1,"DemandMax":null,"Value":1280},{"Length":58,"Height":22,"Demand":2,"DemandMax":null,"Value":1276},{"Length":44,"Height":29,"Demand":1,"DemandMax":null,"Value":1276},{"Length":51,"Height":25,"Demand":2,"DemandMax":null,"Value":1275},{"Length":53,"Height":24,"Demand":2,"DemandMax":null,"Value":1272},{"Length":41,"Height":31,"Demand":3,"DemandMax":null,"Value":1271},{"Length":42,"Height":30,"Demand":2,"DemandMax":null,"Value":1260},{"Length":45,"Height":28,"Demand":1,"DemandMax":null,"Value":1260},{"Length":38,"Height":33,"Demand":2,"DemandMax":null,"Value":1254},{"Length":57,"Height":22,"Demand":3,"DemandMax":null,"Value":1254},{"Length":50,"Height":25,"Demand":4,"DemandMax":null,"Value":1250},{"Length":39,"Height":32,"Demand":1,"DemandMax":null,"Value":1248},{"Length":43,"Height":29,"Demand":1,"DemandMax":null,"Value":1247},{"Length":46,"Height":27,"Demand":1,"DemandMax":null,"Value":1242},{"Length":40,"Height":31,"Demand":2,"DemandMax":null,"Value":1240},{"Length":44,"Height":28,"Demand":2,"DemandMax":null,"Value":1232},{"Length":49,"Height":25,"Demand":1,"DemandMax":null,"Value":1225},{"Length":36,"Height":34,"Demand":1,"DemandMax":null,"Value":1224},{"Length":47,"Height":26,"Demand":2,"DemandMax":null,"Value":1222},{"Length":42,"Height":29,"Demand":1,"DemandMax":null,"Value":1218},{"Length":38,"Height":32,"Demand":3,"DemandMax":null,"Value":1216},{"Length":45,"Height":27,"Demand":1,"DemandMax":null,"Value":1215},{"Length":48,"Height":25,"Demand":2,"DemandMax":null,"Value":1200},{"Length":40,"Height":30,"Demand":3,"DemandMax":null,"Value":1200},{"Length":52,"Height":23,"Demand":2,"DemandMax":null,"Value":1196},{"Length":44,"Height":27,"Demand":2,"DemandMax":null,"Value":1188},{"Length":36,"Height":33,"Demand":3,"DemandMax":null,"Value":1188},{"Length":49,"Height":24,"Demand":1,"DemandMax":null,"Value":1176},{"Length":42,"Height":28,"Demand":1,"DemandMax":null,"Value":1176},{"Length":47,"Height":25,"Demand":3,"DemandMax":null,"Value":1175},{"Length":51,"Height":23,"Demand":2,"DemandMax":null,"Value":1173},{"Length":39,"Height":30,"Demand":3,"DemandMax":null,"Value":1170},{"Length":53,"Height":22,"Demand":1,"DemandMax":null,"Value":1166},{"Length":58,"Height":20,"Demand":4,"DemandMax":null,"Value":1160},{"Length":55,"Height":21,"Demand":3,"DemandMax":null,"Value":1155},{"Length":35,"Height":33,"Demand":1,"DemandMax":null,"Value":1155},{"Length":36,"Height":32,"Demand":1,"DemandMax":null,"Value":1152},{"Length":48,"Height":24,"Demand":1,"DemandMax":null,"Value":1152},{"Length":50,"Height":23,"Demand":1,"DemandMax":null,"Value":1150},{"Length":41,"Height":28,"Demand":2,"DemandMax":null,"Value":1148},{"Length":37,"Height":31,"Demand":1,"DemandMax":null,"Value":1147},{"Length":38,"Height":30,"Demand":1,"DemandMax":null,"Value":1140},{"Length":54,"Height":21,"Demand":1,"DemandMax":null,"Value":1134},{"Length":39,"Height":29,"Demand":2,"DemandMax":null,"Value":1131},{"Length":47,"Height":24,"Demand":2,"DemandMax":null,"Value":1128},{"Length":45,"Height":25,"Demand":3,"DemandMax":null,"Value":1125},{"Length":34,"Height":33,"Demand":8,"DemandMax":null,"Value":1122},{"Length":51,"Height":22,"Demand":2,"DemandMax":null,"Value":1122},{"Length":59,"Height":19,"Demand":4,"DemandMax":null,"Value":1121},{"Length":35,"Height":32,"Demand":1,"DemandMax":null,"Value":1120},{"Length":43,"Height":26,"Demand":2,"DemandMax":null,"Value":1118},{"Length":36,"Height":31,"Demand":1,"DemandMax":null,"Value":1116},{"Length":37,"Height":30,"Demand":1,"DemandMax":null,"Value":1110},{"Length":41,"Height":27,"Demand":3,"DemandMax":null,"Value":1107},{"Length":48,"Height":23,"Demand":2,"DemandMax":null,"Value":1104},{"Length":44,"Height":25,"Demand":5,"DemandMax":null,"Value":1100},{"Length":50,"Height":22,"Demand":4,"DemandMax":null,"Value":1100},{"Length":39,"Height":28,"Demand":4,"DemandMax":null,"Value":1092},{"Length":42,"Height":26,"Demand":2,"DemandMax":null,"Value":1092},{"Length":34,"Height":32,"Demand":1,"DemandMax":null,"Value":1088},{"Length":35,"Height":31,"Demand":2,"DemandMax":null,"Value":1085},{"Length":47,"Height":23,"Demand":4,"DemandMax":null,"Value":1081},{"Length":36,"Height":30,"Demand":1,"DemandMax":null,"Value":1080},{"Length":49,"Height":22,"Demand":2,"DemandMax":null,"Value":1078},{"Length":37,"Height":29,"Demand":1,"DemandMax":null,"Value":1073},{"Length":38,"Height":28,"Demand":3,"DemandMax":null,"Value":1064},{"Length":53,"Height":20,"Demand":2,"DemandMax":null,"Value":1060},{"Length":46,"Height":23,"Demand":3,"DemandMax":null,"Value":1058},{"Length":48,"Height":22,"Demand":1,"DemandMax":null,"Value":1056},{"Length":33,"Height":32,"Demand":3,"DemandMax":null,"Value":1056},{"Length":44,"Height":24,"Demand":2,"DemandMax":null,"Value":1056},{"Length":34,"Height":31,"Demand":2,"DemandMax":null,"Value":1054},{"Length":39,"Height":27,"Demand":2,"DemandMax":null,"Value":1053},{"Length":42,"Height":25,"Demand":1,"DemandMax":null,"Value":1050},{"Length":35,"Height":30,"Demand":2,"DemandMax":null,"Value":1050},{"Length":36,"Height":29,"Demand":3,"DemandMax":null,"Value":1044},{"Length":58,"Height":18,"Demand":3,"DemandMax":null,"Value":1044},{"Length":40,"Height":26,"Demand":1,"DemandMax":null,"Value":1040},{"Length":37,"Height":28,"Demand":2,"DemandMax":null,"Value":1036},{"Length":47,"Height":22,"Demand":3,"DemandMax":null,"Value":1034},{"Length":43,"Height":24,"Demand":2,"DemandMax":null,"Value":1032},{"Length":49,"Height":21,"Demand":2,"DemandMax":null,"Value":1029},{"Length":38,"Height":27,"Demand":4,"DemandMax":null,"Value":1026},{"Length":41,"Height":25,"Demand":2,"DemandMax":null,"Value":1025},{"Length":32,"Height":32,"Demand":3,"DemandMax":null,"Value":1024},{"Length":33,"Height":31,"Demand":1,"DemandMax":null,"Value":1023},{"Length":34,"Height":30,"Demand":2,"DemandMax":null,"Value":1020},{"Length":51,"Height":20,"Demand":1,"DemandMax":null,"Value":1020},{"Length":39,"Height":26,"Demand":2,"DemandMax":null,"Value":1014},{"Length":46,"Height":22,"Demand":1,"DemandMax":null,"Value":1012},{"Length":48,"Height":21,"Demand":1,"DemandMax":null,"Value":1008},{"Length":40,"Height":25,"Demand":1,"DemandMax":null,"Value":1000},{"Length":50,"Height":20,"Demand":1,"DemandMax":null,"Value":1000},{"Length":37,"Height":27,"Demand":3,"DemandMax":null,"Value":999},{"Length":32,"Height":31,"Demand":1,"DemandMax":null,"Value":992},{"Length":33,"Height":30,"Demand":4,"DemandMax":null,"Value":990},{"Length":55,"Height":18,"Demand":2,"DemandMax":null,"Value":990},{"Length":43,"Height":23,"Demand":2,"DemandMax":null,"Value":989},{"Length":52,"Height":19,"Demand":3,"DemandMax":null,"Value":988},{"Length":47,"Height":21,"Demand":4,"DemandMax":null,"Value":987},{"Length":41,"Height":24,"Demand":1,"DemandMax":null,"Value":984},{"Length":49,"Height":20,"Demand":3,"DemandMax":null,"Value":980},{"Length":57,"Height":17,"Demand":2,"DemandMax":null,"Value":969},{"Length":46,"Height":21,"Demand":3,"DemandMax":null,"Value":966},{"Length":48,"Height":20,"Demand":2,"DemandMax":null,"Value":960},{"Length":32,"Height":30,"Demand":2,"DemandMax":null,"Value":960},{"Length":40,"Height":24,"Demand":3,"DemandMax":null,"Value":960},{"Length":33,"Height":29,"Demand":1,"DemandMax":null,"Value":957},{"Length":34,"Height":28,"Demand":3,"DemandMax":null,"Value":952},{"Length":50,"Height":19,"Demand":3,"DemandMax":null,"Value":950},{"Length":38,"Height":25,"Demand":2,"DemandMax":null,"Value":950},{"Length":35,"Height":27,"Demand":6,"DemandMax":null,"Value":945},{"Length":45,"Height":21,"Demand":3,"DemandMax":null,"Value":945},{"Length":59,"Height":16,"Demand":1,"DemandMax":null,"Value":944},{"Length":41,"Height":23,"Demand":4,"DemandMax":null,"Value":943},{"Length":47,"Height":20,"Demand":3,"DemandMax":null,"Value":940},{"Length":36,"Height":26,"Demand":1,"DemandMax":null,"Value":936},{"Length":39,"Height":24,"Demand":4,"DemandMax":null,"Value":936},{"Length":32,"Height":29,"Demand":2,"DemandMax":null,"Value":928},{"Length":37,"Height":25,"Demand":1,"DemandMax":null,"Value":925},{"Length":33,"Height":28,"Demand":3,"DemandMax":null,"Value":924},{"Length":42,"Height":22,"Demand":1,"DemandMax":null,"Value":924},{"Length":40,"Height":23,"Demand":6,"DemandMax":null,"Value":920},{"Length":46,"Height":20,"Demand":1,"DemandMax":null,"Value":920},{"Length":34,"Height":27,"Demand":1,"DemandMax":null,"Value":918},{"Length":48,"Height":19,"Demand":5,"DemandMax":null,"Value":912},{"Length":38,"Height":24,"Demand":2,"DemandMax":null,"Value":912},{"Length":57,"Height":16,"Demand":1,"DemandMax":null,"Value":912},{"Length":35,"Height":26,"Demand":1,"DemandMax":null,"Value":910},{"Length":53,"Height":17,"Demand":2,"DemandMax":null,"Value":901},{"Length":36,"Height":25,"Demand":5,"DemandMax":null,"Value":900},{"Length":45,"Height":20,"Demand":5,"DemandMax":null,"Value":900},{"Length":31,"Height":29,"Demand":1,"DemandMax":null,"Value":899},{"Length":32,"Height":28,"Demand":2,"DemandMax":null,"Value":896},{"Length":47,"Height":19,"Demand":1,"DemandMax":null,"Value":893},{"Length":37,"Height":24,"Demand":1,"DemandMax":null,"Value":888},{"Length":59,"Height":15,"Demand":2,"DemandMax":null,"Value":885},{"Length":34,"Height":26,"Demand":4,"DemandMax":null,"Value":884},{"Length":49,"Height":18,"Demand":2,"DemandMax":null,"Value":882},{"Length":55,"Height":16,"Demand":1,"DemandMax":null,"Value":880},{"Length":40,"Height":22,"Demand":2,"DemandMax":null,"Value":880},{"Length":35,"Height":25,"Demand":1,"DemandMax":null,"Value":875},{"Length":38,"Height":23,"Demand":2,"DemandMax":null,"Value":874},{"Length":46,"Height":19,"Demand":4,"DemandMax":null,"Value":874},{"Length":30,"Height":29,"Demand":2,"DemandMax":null,"Value":870},{"Length":36,"Height":24,"Demand":1,"DemandMax":null,"Value":864},{"Length":48,"Height":18,"Demand":3,"DemandMax":null,"Value":864},{"Length":41,"Height":21,"Demand":2,"DemandMax":null,"Value":861},{"Length":33,"Height":26,"Demand":3,"DemandMax":null,"Value":858},{"Length":37,"Height":23,"Demand":1,"DemandMax":null,"Value":851},{"Length":47,"Height":18,"Demand":1,"DemandMax":null,"Value":846},{"Length":29,"Height":29,"Demand":1,"DemandMax":null,"Value":841},{"Length":42,"Height":20,"Demand":4,"DemandMax":null,"Value":840},{"Length":35,"Height":24,"Demand":3,"DemandMax":null,"Value":840},{"Length":40,"Height":21,"Demand":5,"DemandMax":null,"Value":840},{"Length":31,"Height":27,"Demand":2,"DemandMax":null,"Value":837},{"Length":38,"Height":22,"Demand":1,"DemandMax":null,"Value":836},{"Length":32,"Height":26,"Demand":1,"DemandMax":null,"Value":832},{"Length":59,"Height":14,"Demand":1,"DemandMax":null,"Value":826},{"Length":55,"Height":15,"Demand":4,"DemandMax":null,"Value":825},{"Length":33,"Height":25,"Demand":2,"DemandMax":null,"Value":825},{"Length":39,"Height":21,"Demand":2,"DemandMax":null,"Value":819},{"Length":43,"Height":19,"Demand":2,"DemandMax":null,"Value":817},{"Length":34,"Height":24,"Demand":1,"DemandMax":null,"Value":816},{"Length":48,"Height":17,"Demand":1,"DemandMax":null,"Value":816},{"Length":37,"Height":22,"Demand":2,"DemandMax":null,"Value":814},{"Length":29,"Height":28,"Demand":1,"DemandMax":null,"Value":812},{"Length":45,"Height":18,"Demand":1,"DemandMax":null,"Value":810},{"Length":31,"Height":26,"Demand":3,"DemandMax":null,"Value":806},{"Length":35,"Height":23,"Demand":4,"DemandMax":null,"Value":805},{"Length":50,"Height":16,"Demand":3,"DemandMax":null,"Value":800},{"Length":32,"Height":25,"Demand":4,"DemandMax":null,"Value":800},{"Length":40,"Height":20,"Demand":4,"DemandMax":null,"Value":800},{"Length":42,"Height":19,"Demand":4,"DemandMax":null,"Value":798},{"Length":57,"Height":14,"Demand":1,"DemandMax":null,"Value":798},{"Length":44,"Height":18,"Demand":4,"DemandMax":null,"Value":792},{"Length":33,"Height":24,"Demand":1,"DemandMax":null,"Value":792},{"Length":49,"Height":16,"Demand":3,"DemandMax":null,"Value":784},{"Length":29,"Height":27,"Demand":3,"DemandMax":null,"Value":783},{"Length":34,"Height":23,"Demand":2,"DemandMax":null,"Value":782},{"Length":30,"Height":26,"Demand":2,"DemandMax":null,"Value":780},{"Length":52,"Height":15,"Demand":4,"DemandMax":null,"Value":780},{"Length":31,"Height":25,"Demand":3,"DemandMax":null,"Value":775},{"Length":35,"Height":22,"Demand":2,"DemandMax":null,"Value":770},{"Length":32,"Height":24,"Demand":4,"DemandMax":null,"Value":768},{"Length":48,"Height":16,"Demand":1,"DemandMax":null,"Value":768},{"Length":59,"Height":13,"Demand":1,"DemandMax":null,"Value":767},{"Length":51,"Height":15,"Demand":1,"DemandMax":null,"Value":765},{"Length":45,"Height":17,"Demand":1,"DemandMax":null,"Value":765},{"Length":38,"Height":20,"Demand":2,"DemandMax":null,"Value":760},{"Length":40,"Height":19,"Demand":1,"DemandMax":null,"Value":760},{"Length":36,"Height":21,"Demand":3,"DemandMax":null,"Value":756},{"Length":28,"Height":27,"Demand":4,"DemandMax":null,"Value":756},{"Length":42,"Height":18,"Demand":2,"DemandMax":null,"Value":756},{"Length":29,"Height":26,"Demand":1,"DemandMax":null,"Value":754},{"Length":47,"Height":16,"Demand":2,"DemandMax":null,"Value":752},{"Length":50,"Height":15,"Demand":1,"DemandMax":null,"Value":750},{"Length":30,"Height":25,"Demand":5,"DemandMax":null,"Value":750},{"Length":34,"Height":22,"Demand":1,"DemandMax":null,"Value":748},{"Length":44,"Height":17,"Demand":1,"DemandMax":null,"Value":748},{"Length":31,"Height":24,"Demand":1,"DemandMax":null,"Value":744},{"Length":53,"Height":14,"Demand":3,"DemandMax":null,"Value":742},{"Length":57,"Height":13,"Demand":3,"DemandMax":null,"Value":741},{"Length":39,"Height":19,"Demand":4,"DemandMax":null,"Value":741},{"Length":41,"Height":18,"Demand":2,"DemandMax":null,"Value":738},{"Length":32,"Height":23,"Demand":6,"DemandMax":null,"Value":736},{"Length":46,"Height":16,"Demand":2,"DemandMax":null,"Value":736},{"Length":49,"Height":15,"Demand":1,"DemandMax":null,"Value":735},{"Length":43,"Height":17,"Demand":2,"DemandMax":null,"Value":731},{"Length":28,"Height":26,"Demand":1,"DemandMax":null,"Value":728},{"Length":33,"Height":22,"Demand":4,"DemandMax":null,"Value":726},{"Length":36,"Height":20,"Demand":1,"DemandMax":null,"Value":720},{"Length":48,"Height":15,"Demand":1,"DemandMax":null,"Value":720},{"Length":42,"Height":17,"Demand":3,"DemandMax":null,"Value":714},{"Length":51,"Height":14,"Demand":1,"DemandMax":null,"Value":714},{"Length":34,"Height":21,"Demand":1,"DemandMax":null,"Value":714},{"Length":31,"Height":23,"Demand":3,"DemandMax":null,"Value":713},{"Length":32,"Height":22,"Demand":3,"DemandMax":null,"Value":704},{"Length":44,"Height":16,"Demand":1,"DemandMax":null,"Value":704},{"Length":37,"Height":19,"Demand":3,"DemandMax":null,"Value":703},{"Length":39,"Height":18,"Demand":2,"DemandMax":null,"Value":702},{"Length":27,"Height":26,"Demand":4,"DemandMax":null,"Value":702},{"Length":54,"Height":13,"Demand":4,"DemandMax":null,"Value":702},{"Length":28,"Height":25,"Demand":2,"DemandMax":null,"Value":700},{"Length":35,"Height":20,"Demand":2,"DemandMax":null,"Value":700},{"Length":41,"Height":17,"Demand":4,"DemandMax":null,"Value":697},{"Length":33,"Height":21,"Demand":2,"DemandMax":null,"Value":693},{"Length":46,"Height":15,"Demand":4,"DemandMax":null,"Value":690},{"Length":30,"Height":23,"Demand":1,"DemandMax":null,"Value":690},{"Length":57,"Height":12,"Demand":1,"DemandMax":null,"Value":684},{"Length":36,"Height":19,"Demand":1,"DemandMax":null,"Value":684},{"Length":31,"Height":22,"Demand":1,"DemandMax":null,"Value":682},{"Length":40,"Height":17,"Demand":2,"DemandMax":null,"Value":680},{"Length":34,"Height":20,"Demand":2,"DemandMax":null,"Value":680},{"Length":26,"Height":26,"Demand":1,"DemandMax":null,"Value":676},{"Length":52,"Height":13,"Demand":2,"DemandMax":null,"Value":676},{"Length":27,"Height":25,"Demand":4,"DemandMax":null,"Value":675},{"Length":45,"Height":15,"Demand":2,"DemandMax":null,"Value":675},{"Length":42,"Height":16,"Demand":1,"DemandMax":null,"Value":672},{"Length":56,"Height":12,"Demand":1,"DemandMax":null,"Value":672},{"Length":32,"Height":21,"Demand":4,"DemandMax":null,"Value":672},{"Length":37,"Height":18,"Demand":1,"DemandMax":null,"Value":666},{"Length":35,"Height":19,"Demand":3,"DemandMax":null,"Value":665},{"Length":30,"Height":22,"Demand":2,"DemandMax":null,"Value":660},{"Length":55,"Height":12,"Demand":3,"DemandMax":null,"Value":660},{"Length":47,"Height":14,"Demand":3,"DemandMax":null,"Value":658},{"Length":41,"Height":16,"Demand":2,"DemandMax":null,"Value":656},{"Length":31,"Height":21,"Demand":3,"DemandMax":null,"Value":651},{"Length":26,"Height":25,"Demand":1,"DemandMax":null,"Value":650},{"Length":50,"Height":13,"Demand":1,"DemandMax":null,"Value":650},{"Length":54,"Height":12,"Demand":1,"DemandMax":null,"Value":648},{"Length":27,"Height":24,"Demand":3,"DemandMax":null,"Value":648},{"Length":36,"Height":18,"Demand":2,"DemandMax":null,"Value":648},{"Length":34,"Height":19,"Demand":1,"DemandMax":null,"Value":646},{"Length":38,"Height":17,"Demand":1,"DemandMax":null,"Value":646},{"Length":40,"Height":16,"Demand":3,"DemandMax":null,"Value":640},{"Length":58,"Height":11,"Demand":2,"DemandMax":null,"Value":638},{"Length":49,"Height":13,"Demand":2,"DemandMax":null,"Value":637},{"Length":53,"Height":12,"Demand":3,"DemandMax":null,"Value":636},{"Length":30,"Height":21,"Demand":2,"DemandMax":null,"Value":630},{"Length":35,"Height":18,"Demand":2,"DemandMax":null,"Value":630},{"Length":45,"Height":14,"Demand":2,"DemandMax":null,"Value":630},{"Length":37,"Height":17,"Demand":5,"DemandMax":null,"Value":629},{"Length":57,"Height":11,"Demand":3,"DemandMax":null,"Value":627},{"Length":33,"Height":19,"Demand":4,"DemandMax":null,"Value":627},{"Length":25,"Height":25,"Demand":1,"DemandMax":null,"Value":625},{"Length":39,"Height":16,"Demand":4,"DemandMax":null,"Value":624},{"Length":52,"Height":12,"Demand":2,"DemandMax":null,"Value":624},{"Length":27,"Height":23,"Demand":2,"DemandMax":null,"Value":621},{"Length":31,"Height":20,"Demand":1,"DemandMax":null,"Value":620},{"Length":28,"Height":22,"Demand":5,"DemandMax":null,"Value":616},{"Length":56,"Height":11,"Demand":3,"DemandMax":null,"Value":616},{"Length":41,"Height":15,"Demand":3,"DemandMax":null,"Value":615},{"Length":36,"Height":17,"Demand":1,"DemandMax":null,"Value":612},{"Length":47,"Height":13,"Demand":2,"DemandMax":null,"Value":611},{"Length":29,"Height":21,"Demand":3,"DemandMax":null,"Value":609},{"Length":32,"Height":19,"Demand":3,"DemandMax":null,"Value":608},{"Length":55,"Height":11,"Demand":1,"DemandMax":null,"Value":605},{"Length":25,"Height":24,"Demand":4,"DemandMax":null,"Value":600},{"Length":30,"Height":20,"Demand":1,"DemandMax":null,"Value":600},{"Length":40,"Height":15,"Demand":1,"DemandMax":null,"Value":600},{"Length":46,"Height":13,"Demand":1,"DemandMax":null,"Value":598},{"Length":26,"Height":23,"Demand":2,"DemandMax":null,"Value":598},{"Length":35,"Height":17,"Demand":2,"DemandMax":null,"Value":595},{"Length":33,"Height":18,"Demand":2,"DemandMax":null,"Value":594},{"Length":37,"Height":16,"Demand":4,"DemandMax":null,"Value":592},{"Length":31,"Height":19,"Demand":1,"DemandMax":null,"Value":589},{"Length":28,"Height":21,"Demand":2,"DemandMax":null,"Value":588},{"Length":45,"Height":13,"Demand":1,"DemandMax":null,"Value":585},{"Length":53,"Height":11,"Demand":4,"DemandMax":null,"Value":583},{"Length":58,"Height":10,"Demand":1,"DemandMax":null,"Value":580},{"Length":32,"Height":18,"Demand":5,"DemandMax":null,"Value":576},{"Length":36,"Height":16,"Demand":1,"DemandMax":null,"Value":576},{"Length":24,"Height":24,"Demand":3,"DemandMax":null,"Value":576},{"Length":25,"Height":23,"Demand":3,"DemandMax":null,"Value":575},{"Length":44,"Height":13,"Demand":2,"DemandMax":null,"Value":572},{"Length":26,"Height":22,"Demand":2,"DemandMax":null,"Value":572},{"Length":38,"Height":15,"Demand":2,"DemandMax":null,"Value":570},{"Length":30,"Height":19,"Demand":1,"DemandMax":null,"Value":570},{"Length":27,"Height":21,"Demand":1,"DemandMax":null,"Value":567},{"Length":33,"Height":17,"Demand":1,"DemandMax":null,"Value":561},{"Length":56,"Height":10,"Demand":1,"DemandMax":null,"Value":560},{"Length":35,"Height":16,"Demand":4,"DemandMax":null,"Value":560},{"Length":28,"Height":20,"Demand":2,"DemandMax":null,"Value":560},{"Length":31,"Height":18,"Demand":1,"DemandMax":null,"Value":558},{"Length":37,"Height":15,"Demand":3,"DemandMax":null,"Value":555},{"Length":46,"Height":12,"Demand":1,"DemandMax":null,"Value":552},{"Length":29,"Height":19,"Demand":2,"DemandMax":null,"Value":551},{"Length":25,"Height":22,"Demand":3,"DemandMax":null,"Value":550},{"Length":55,"Height":10,"Demand":3,"DemandMax":null,"Value":550},{"Length":26,"Height":21,"Demand":2,"DemandMax":null,"Value":546},{"Length":39,"Height":14,"Demand":2,"DemandMax":null,"Value":546},{"Length":34,"Height":16,"Demand":2,"DemandMax":null,"Value":544},{"Length":32,"Height":17,"Demand":2,"DemandMax":null,"Value":544},{"Length":36,"Height":15,"Demand":2,"DemandMax":null,"Value":540},{"Length":54,"Height":10,"Demand":2,"DemandMax":null,"Value":540},{"Length":27,"Height":20,"Demand":1,"DemandMax":null,"Value":540},{"Length":30,"Height":18,"Demand":4,"DemandMax":null,"Value":540},{"Length":38,"Height":14,"Demand":5,"DemandMax":null,"Value":532},{"Length":28,"Height":19,"Demand":1,"DemandMax":null,"Value":532},{"Length":24,"Height":22,"Demand":5,"DemandMax":null,"Value":528},{"Length":44,"Height":12,"Demand":2,"DemandMax":null,"Value":528},{"Length":31,"Height":17,"Demand":2,"DemandMax":null,"Value":527},{"Length":35,"Height":15,"Demand":2,"DemandMax":null,"Value":525},{"Length":25,"Height":21,"Demand":3,"DemandMax":null,"Value":525},{"Length":29,"Height":18,"Demand":2,"DemandMax":null,"Value":522},{"Length":26,"Height":20,"Demand":3,"DemandMax":null,"Value":520},{"Length":52,"Height":10,"Demand":1,"DemandMax":null,"Value":520},{"Length":47,"Height":11,"Demand":3,"DemandMax":null,"Value":517},{"Length":43,"Height":12,"Demand":1,"DemandMax":null,"Value":516},{"Length":27,"Height":19,"Demand":1,"DemandMax":null,"Value":513},{"Length":32,"Height":16,"Demand":2,"DemandMax":null,"Value":512},{"Length":34,"Height":15,"Demand":2,"DemandMax":null,"Value":510},{"Length":30,"Height":17,"Demand":1,"DemandMax":null,"Value":510},{"Length":39,"Height":13,"Demand":1,"DemandMax":null,"Value":507},{"Length":46,"Height":11,"Demand":5,"DemandMax":null,"Value":506},{"Length":23,"Height":22,"Demand":5,"DemandMax":null,"Value":506},{"Length":24,"Height":21,"Demand":6,"DemandMax":null,"Value":504},{"Length":36,"Height":14,"Demand":3,"DemandMax":null,"Value":504},{"Length":28,"Height":18,"Demand":1,"DemandMax":null,"Value":504},{"Length":25,"Height":20,"Demand":3,"DemandMax":null,"Value":500},{"Length":31,"Height":16,"Demand":1,"DemandMax":null,"Value":496},{"Length":33,"Height":15,"Demand":2,"DemandMax":null,"Value":495},{"Length":26,"Height":19,"Demand":2,"DemandMax":null,"Value":494},{"Length":29,"Height":17,"Demand":4,"DemandMax":null,"Value":493},{"Length":41,"Height":12,"Demand":2,"DemandMax":null,"Value":492},{"Length":35,"Height":14,"Demand":2,"DemandMax":null,"Value":490},{"Length":27,"Height":18,"Demand":1,"DemandMax":null,"Value":486},{"Length":22,"Height":22,"Demand":4,"DemandMax":null,"Value":484},{"Length":23,"Height":21,"Demand":1,"DemandMax":null,"Value":483},{"Length":32,"Height":15,"Demand":2,"DemandMax":null,"Value":480},{"Length":48,"Height":10,"Demand":1,"DemandMax":null,"Value":480},{"Length":30,"Height":16,"Demand":8,"DemandMax":null,"Value":480},{"Length":24,"Height":20,"Demand":1,"DemandMax":null,"Value":480},{"Length":40,"Height":12,"Demand":3,"DemandMax":null,"Value":480},{"Length":28,"Height":17,"Demand":1,"DemandMax":null,"Value":476},{"Length":25,"Height":19,"Demand":2,"DemandMax":null,"Value":475},{"Length":47,"Height":10,"Demand":4,"DemandMax":null,"Value":470},{"Length":26,"Height":18,"Demand":3,"DemandMax":null,"Value":468},{"Length":31,"Height":15,"Demand":2,"DemandMax":null,"Value":465},{"Length":29,"Height":16,"Demand":1,"DemandMax":null,"Value":464},{"Length":33,"Height":14,"Demand":4,"DemandMax":null,"Value":462},{"Length":22,"Height":21,"Demand":1,"DemandMax":null,"Value":462},{"Length":23,"Height":20,"Demand":4,"DemandMax":null,"Value":460},{"Length":27,"Height":17,"Demand":1,"DemandMax":null,"Value":459},{"Length":24,"Height":19,"Demand":4,"DemandMax":null,"Value":456},{"Length":38,"Height":12,"Demand":1,"DemandMax":null,"Value":456},{"Length":35,"Height":13,"Demand":1,"DemandMax":null,"Value":455},{"Length":30,"Height":15,"Demand":1,"DemandMax":null,"Value":450},{"Length":32,"Height":14,"Demand":2,"DemandMax":null,"Value":448},{"Length":28,"Height":16,"Demand":2,"DemandMax":null,"Value":448},{"Length":26,"Height":17,"Demand":3,"DemandMax":null,"Value":442},{"Length":34,"Height":13,"Demand":3,"DemandMax":null,"Value":442},{"Length":21,"Height":21,"Demand":1,"DemandMax":null,"Value":441},{"Length":44,"Height":10,"Demand":1,"DemandMax":null,"Value":440},{"Length":23,"Height":19,"Demand":3,"DemandMax":null,"Value":437},{"Length":29,"Height":15,"Demand":2,"DemandMax":null,"Value":435},{"Length":31,"Height":14,"Demand":3,"DemandMax":null,"Value":434},{"Length":27,"Height":16,"Demand":4,"DemandMax":null,"Value":432},{"Length":24,"Height":18,"Demand":3,"DemandMax":null,"Value":432},{"Length":43,"Height":10,"Demand":2,"DemandMax":null,"Value":430},{"Length":25,"Height":17,"Demand":3,"DemandMax":null,"Value":425},{"Length":28,"Height":15,"Demand":11,"DemandMax":null,"Value":420},{"Length":30,"Height":14,"Demand":4,"DemandMax":null,"Value":420},{"Length":42,"Height":10,"Demand":5,"DemandMax":null,"Value":420},{"Length":35,"Height":12,"Demand":2,"DemandMax":null,"Value":420},{"Length":22,"Height":19,"Demand":3,"DemandMax":null,"Value":418},{"Length":32,"Height":13,"Demand":4,"DemandMax":null,"Value":416},{"Length":26,"Height":16,"Demand":1,"DemandMax":null,"Value":416},{"Length":23,"Height":18,"Demand":1,"DemandMax":null,"Value":414},{"Length":41,"Height":10,"Demand":2,"DemandMax":null,"Value":410},{"Length":24,"Height":17,"Demand":5,"DemandMax":null,"Value":408},{"Length":29,"Height":14,"Demand":2,"DemandMax":null,"Value":406},{"Length":27,"Height":15,"Demand":2,"DemandMax":null,"Value":405},{"Length":31,"Height":13,"Demand":2,"DemandMax":null,"Value":403},{"Length":40,"Height":10,"Demand":4,"DemandMax":null,"Value":400},{"Length":25,"Height":16,"Demand":1,"DemandMax":null,"Value":400},{"Length":21,"Height":19,"Demand":1,"DemandMax":null,"Value":399},{"Length":36,"Height":11,"Demand":2,"DemandMax":null,"Value":396},{"Length":33,"Height":12,"Demand":4,"DemandMax":null,"Value":396},{"Length":23,"Height":17,"Demand":1,"DemandMax":null,"Value":391},{"Length":39,"Height":10,"Demand":1,"DemandMax":null,"Value":390},{"Length":30,"Height":13,"Demand":1,"DemandMax":null,"Value":390},{"Length":35,"Height":11,"Demand":1,"DemandMax":null,"Value":385},{"Length":32,"Height":12,"Demand":1,"DemandMax":null,"Value":384},{"Length":20,"Height":19,"Demand":2,"DemandMax":null,"Value":380},{"Length":38,"Height":10,"Demand":2,"DemandMax":null,"Value":380},{"Length":27,"Height":14,"Demand":1,"DemandMax":null,"Value":378},{"Length":34,"Height":11,"Demand":6,"DemandMax":null,"Value":374},{"Length":22,"Height":17,"Demand":2,"DemandMax":null,"Value":374},{"Length":31,"Height":12,"Demand":2,"DemandMax":null,"Value":372},{"Length":37,"Height":10,"Demand":1,"DemandMax":null,"Value":370},{"Length":23,"Height":16,"Demand":2,"DemandMax":null,"Value":368},{"Length":26,"Height":14,"Demand":1,"DemandMax":null,"Value":364},{"Length":28,"Height":13,"Demand":2,"DemandMax":null,"Value":364},{"Length":20,"Height":18,"Demand":2,"DemandMax":null,"Value":360},{"Length":30,"Height":12,"Demand":3,"DemandMax":null,"Value":360},{"Length":21,"Height":17,"Demand":1,"DemandMax":null,"Value":357},{"Length":22,"Height":16,"Demand":1,"DemandMax":null,"Value":352},{"Length":27,"Height":13,"Demand":1,"DemandMax":null,"Value":351},{"Length":25,"Height":14,"Demand":1,"DemandMax":null,"Value":350},{"Length":29,"Height":12,"Demand":2,"DemandMax":null,"Value":348},{"Length":19,"Height":18,"Demand":2,"DemandMax":null,"Value":342},{"Length":31,"Height":11,"Demand":4,"DemandMax":null,"Value":341},{"Length":20,"Height":17,"Demand":2,"DemandMax":null,"Value":340},{"Length":21,"Height":16,"Demand":2,"DemandMax":null,"Value":336},{"Length":30,"Height":11,"Demand":2,"DemandMax":null,"Value":330},{"Length":18,"Height":18,"Demand":6,"DemandMax":null,"Value":324},{"Length":27,"Height":12,"Demand":5,"DemandMax":null,"Value":324},{"Length":19,"Height":17,"Demand":3,"DemandMax":null,"Value":323},{"Length":20,"Height":16,"Demand":2,"DemandMax":null,"Value":320},{"Length":21,"Height":15,"Demand":3,"DemandMax":null,"Value":315},{"Length":26,"Height":12,"Demand":3,"DemandMax":null,"Value":312},{"Length":24,"Height":13,"Demand":3,"DemandMax":null,"Value":312},{"Length":31,"Height":10,"Demand":1,"DemandMax":null,"Value":310},{"Length":28,"Height":11,"Demand":3,"DemandMax":null,"Value":308},{"Length":22,"Height":14,"Demand":2,"DemandMax":null,"Value":308},{"Length":18,"Height":17,"Demand":2,"DemandMax":null,"Value":306},{"Length":30,"Height":10,"Demand":2,"DemandMax":null,"Value":300},{"Length":23,"Height":13,"Demand":2,"DemandMax":null,"Value":299},{"Length":27,"Height":11,"Demand":3,"DemandMax":null,"Value":297},{"Length":29,"Height":10,"Demand":1,"DemandMax":null,"Value":290},{"Length":17,"Height":17,"Demand":2,"DemandMax":null,"Value":289},{"Length":18,"Height":16,"Demand":3,"DemandMax":null,"Value":288},{"Length":24,"Height":12,"Demand":3,"DemandMax":null,"Value":288},{"Length":26,"Height":11,"Demand":1,"DemandMax":null,"Value":286},{"Length":19,"Height":15,"Demand":3,"DemandMax":null,"Value":285},{"Length":20,"Height":14,"Demand":2,"DemandMax":null,"Value":280},{"Length":28,"Height":10,"Demand":1,"DemandMax":null,"Value":280},{"Length":21,"Height":13,"Demand":4,"DemandMax":null,"Value":273},{"Length":17,"Height":16,"Demand":1,"DemandMax":null,"Value":272},{"Length":18,"Height":15,"Demand":2,"DemandMax":null,"Value":270},{"Length":19,"Height":14,"Demand":2,"DemandMax":null,"Value":266},{"Length":22,"Height":12,"Demand":2,"DemandMax":null,"Value":264},{"Length":26,"Height":10,"Demand":2,"DemandMax":null,"Value":260},{"Length":20,"Height":13,"Demand":2,"DemandMax":null,"Value":260},{"Length":16,"Height":16,"Demand":1,"DemandMax":null,"Value":256},{"Length":17,"Height":15,"Demand":2,"DemandMax":null,"Value":255},{"Length":18,"Height":14,"Demand":2,"DemandMax":null,"Value":252},{"Length":17,"Height":14,"Demand":3,"DemandMax":null,"Value":238},{"Length":18,"Height":13,"Demand":4,"DemandMax":null,"Value":234},{"Length":21,"Height":11,"Demand":1,"DemandMax":null,"Value":231},{"Length":23,"Height":10,"Demand":2,"DemandMax":null,"Value":230},{"Length":15,"Height":14,"Demand":1,"DemandMax":null,"Value":210},{"Length":21,"Height":10,"Demand":3,"DemandMax":null,"Value":210},{"Length":19,"Height":11,"Demand":2,"DemandMax":null,"Value":209},{"Length":17,"Height":12,"Demand":2,"DemandMax":null,"Value":204},{"Length":15,"Height":13,"Demand":1,"DemandMax":null,"Value":195},{"Length":17,"Height":11,"Demand":2,"DemandMax":null,"Value":187},{"Length":14,"Height":13,"Demand":2,"DemandMax":null,"Value":182},{"Length":15,"Height":12,"Demand":2,"DemandMax":null,"Value":180},{"Length":15,"Height":11,"Demand":2,"DemandMax":null,"Value":165},{"Length":16,"Height":10,"Demand":1,"DemandMax":null,"Value":160},{"Length":15,"Height":10,"Demand":4,"DemandMax":null,"Value":150},{"Length":13,"Height":11,"Demand":3,"DemandMax":null,"Value":143}]}