{"Name":"MB09_108","Objects":[{"Length":432,"Height":79,"Stock":null,"Cost":34128}],"Items":[{"Length":54,"Height":48,"Demand":21,"DemandMax":null,"Value":2592},{"Length":52,"Height":49,"Demand":22,"DemandMax":null,"Value":2548},{"Length":57,"Height":44,"Demand":27,"DemandMax":null,"Value":2508},{"Length":49,"Height":49,"Demand":20,"DemandMax":null,"Value":2401},{"Length":49,"Height":45,"Demand":25,"DemandMax":null,"Value":2205},{"Length":51,"Height":40,"Demand":16,"DemandMax":null,"Value":2040},{"Length":45,"Height":44,"Demand":20,"DemandMax":null,"Value":1980},{"Length":57,"Height":33,"Demand":23,"DemandMax":null,"Value":1881},{"Length":44,"Height":40,"Demand":23,"DemandMax":null,"Value":1760},{"Length":53,"Height":33,"Demand":16,"DemandMax":null,"Value":1749},{"Length":57,"Height":30,"Demand":16,"DemandMax":null,"Value":1710},{"Length":51,"Height":29,"Demand":17,"DemandMax":null,"Value":1479},{"Length":39,"Height":37,"Demand":28,"DemandMax":null,"Value":1443},{"Length":60,"Height":23,"Demand":25,"DemandMax":null,"Value":1380},{"Length":39,"Height":34,"Demand":22,"DemandMax":null,"Value":1326},{"Length":46,"Height":28,"Demand":27,"DemandMax":null,"Value":1288},{"Length":47,"Height":27,"Demand":17,"DemandMax":null,"Value":1269},{"Length":57,"Height":22,"Demand":17,"DemandMax":null,"Value":1254},{"Length":42,"Height":29,"Demand":24,"DemandMax":null,"Value":1218},{"Length":41,"Height":29,"Demand":20,"DemandMax":null,"Value":1189},{"Length":43,"Height":27,"Demand":24,"DemandMax":null,"Value":1161},{"Length":35,"Height":33,"Demand":28,"DemandMax":null,"Value":1155},{"Length":46,"Height":25,"Demand":24,"DemandMax":null,"Value":1150},{"Length":37,"Height":29,"Demand":33,"DemandMax":null,"Value":1073},{"Length":36,"Height":29,"Demand":22,"DemandMax":null,"Value":1044},{"Length":43,"Height":24,"Demand":14,"DemandMax":null,"Value":1032},{"Length":38,"Height":27,"Demand":19,"DemandMax":null,"Value":1026},{"Length":44,"Height":23,"Demand":20,"DemandMax":null,"Value":1012},{"Length":36,"Height":25,"Demand":18,"DemandMax":null,"Value":900},{"Length":39,"Height":23,"Demand":30,"DemandMax":null,"Value":897},{"Length":33,"Height":26,"Demand":35,"DemandMax":null,"Value":858},{"Length":32,"Height":25,"Demand":28,"DemandMax":null,"Value":800},{"Length":33,"Height":24,"Demand":24,"DemandMax":null,"Value":792},{"Length":49,"Height":16,"Demand":17,"DemandMax":null,"Value":784},{"Length":41,"Height":19,"Demand":16,"DemandMax":null,"Value":779},{"Length":37,"Height":21,"Demand":25,"DemandMax":null,"Value":777},{"Length":48,"Height":16,"Demand":21,"DemandMax":null,"Value":768},{"Length":28,"Height":27,"Demand":23,"DemandMax":null,"Value":756},{"Length":48,"Height":15,"Demand":16,"DemandMax":null,"Value":720},{"Length":26,"Height":25,"Demand":23,"DemandMax":null,"Value":650},{"Length":30,"Height":21,"Demand":27,"DemandMax":null,"Value":630},{"Length":33,"Height":19,"Demand":27,"DemandMax":null,"Value":627},{"Length":36,"Height":17,"Demand":13,"DemandMax":null,"Value":612},{"Length":25,"Height":24,"Demand":28,"DemandMax":null,"Value":600},{"Length":30,"Height":19,"Demand":28,"DemandMax":null,"Value":570},{"Length":42,"Height":13,"Demand":18,"DemandMax":null,"Value":546},{"Length":35,"Height":15,"Demand":26,"DemandMax":null,"Value":525},{"Length":28,"Height":18,"Demand":16,"DemandMax":null,"Value":504},{"Length":27,"Height":17,"Demand":21,"DemandMax":null,"Value":459},{"Length":24,"Height":19,"Demand":21,"DemandMax":null,"Value":456},{"Length":32,"Height":13,"Demand":27,"DemandMax":null,"Value":416},{"Length":27,"Height":15,"Demand":23,"DemandMax":null,"Value":405},{"Length":19,"Height":17,"Demand":17,"DemandMax":null,"Value":323},{"Length":20,"Height":16,"Demand":24,"DemandMax":null,"Value":320},{"Length":26,"Height":10,"Demand":22,"DemandMax":null,"Value":260},{"Length":18,"Height":14,"Demand":26,"DemandMax":null,"Value":252},{"Length":17,"Height":10,"Demand":31,"DemandMax":null,"Value":170}]}