{"Name":"MB09_087","Objects":[{"Length":432,"Height":79,"Stock":null,"Cost":34128}],"Items":[{"Length":59,"Height":39,"Demand":33,"DemandMax":null,"Value":2301},{"Length":53,"Height":36,"Demand":31,"DemandMax":null,"Value":1908},{"Length":50,"Height":38,"Demand":33,"DemandMax":null,"Value":1900},{"Length":46,"Height":38,"Demand":43,"DemandMax":null,"Value":1748},{"Length":57,"Height":29,"Demand":47,"DemandMax":null,"Value":1653},{"Length":47,"Height":33,"Demand":26,"DemandMax":null,"Value":1551},{"Length":58,"Height":26,"Demand":27,"DemandMax":null,"Value":1508},{"Length":42,"Height":35,"Demand":35,"DemandMax":null,"Value":1470},{"Length":45,"Height":30,"Demand":48,"DemandMax":null,"Value":1350},{"Length":49,"Height":27,"Demand":36,"DemandMax":null,"Value":1323},{"Length":40,"Height":33,"Demand":30,"DemandMax":null,"Value":1320},{"Length":39,"Height":32,"Demand":34,"DemandMax":null,"Value":1248},{"Length":59,"Height":21,"Demand":44,"DemandMax":null,"Value":1239},{"Length":37,"Height":28,"Demand":32,"DemandMax":null,"Value":1036},{"Length":36,"Height":27,"Demand":37,"DemandMax":null,"Value":972},{"Length":31,"Height":29,"Demand":41,"DemandMax":null,"Value":899},{"Length":32,"Height":27,"Demand":42,"DemandMax":null,"Value":864},{"Length":30,"Height":28,"Demand":47,"DemandMax":null,"Value":840},{"Length":40,"Height":21,"Demand":34,"DemandMax":null,"Value":840},{"Length":32,"Height":26,"Demand":33,"DemandMax":null,"Value":832},{"Length":30,"Height":27,"Demand":38,"DemandMax":null,"Value":810},{"Length":31,"Height":23,"Demand":40,"DemandMax":null,"Value":713},{"Length":43,"Height":15,"Demand":35,"DemandMax":null,"Value":645},{"Length":47,"Height":13,"Demand":34,"DemandMax":null,"Value":611},{"Length":29,"Height":21,"Demand":46,"DemandMax":null,"Value":609},{"Length":43,"Height":14,"Demand":43,"DemandMax":null,"Value":602},{"Length":35,"Height":17,"Demand":36,"DemandMax":null,"Value":595},{"Length":54,"Height":11,"Demand":39,"DemandMax":null,"Value":594},{"Length":27,"Height":22,"Demand":35,"DemandMax":null,"Value":594},{"Length":33,"Height":18,"Demand":36,"DemandMax":null,"Value":594},{"Length":38,"Height":15,"Demand":31,"DemandMax":null,"Value":570},{"Length":23,"Height":22,"Demand":38,"DemandMax":null,"Value":506},{"Length":28,"Height":18,"Demand":41,"DemandMax":null,"Value":504},{"Length":30,"Height":15,"Demand":34,"DemandMax":null,"Value":450},{"Length":21,"Height":21,"Demand":44,"DemandMax":null,"Value":441},{"Length":23,"Height":18,"Demand":37,"DemandMax":null,"Value":414},{"Length":19,"Height":17,"Demand":36,"DemandMax":null,"Value":323},{"Length":13,"Height":12,"Demand":38,"DemandMax":null,"Value":156}]}