{"Name":"MB08_041","Objects":[{"Length":587,"Height":233,"Stock":null,"Cost":136771}],"Items":[{"Length":49,"Height":48,"Demand":15,"DemandMax":null,"Value":2352},{"Length":60,"Height":36,"Demand":8,"DemandMax":null,"Value":2160},{"Length":54,"Height":38,"Demand":7,"DemandMax":null,"Value":2052},{"Length":55,"Height":35,"Demand":13,"DemandMax":null,"Value":1925},{"Length":48,"Height":40,"Demand":10,"DemandMax":null,"Value":1920},{"Length":45,"Height":42,"Demand":20,"DemandMax":null,"Value":1890},{"Length":46,"Height":40,"Demand":12,"DemandMax":null,"Value":1840},{"Length":49,"Height":37,"Demand":6,"DemandMax":null,"Value":1813},{"Length":50,"Height":36,"Demand":10,"DemandMax":null,"Value":1800},{"Length":47,"Height":38,"Demand":17,"DemandMax":null,"Value":1786},{"Length":42,"Height":42,"Demand":15,"DemandMax":null,"Value":1764},{"Length":59,"Height":29,"Demand":11,"DemandMax":null,"Value":1711},{"Length":41,"Height":40,"Demand":13,"DemandMax":null,"Value":1640},{"Length":42,"Height":39,"Demand":17,"DemandMax":null,"Value":1638},{"Length":43,"Height":38,"Demand":16,"DemandMax":null,"Value":1634},{"Length":51,"Height":32,"Demand":10,"DemandMax":null,"Value":1632},{"Length":42,"Height":36,"Demand":7,"DemandMax":null,"Value":1512},{"Length":53,"Height":28,"Demand":9,"DemandMax":null,"Value":1484},{"Length":42,"Height":35,"Demand":13,"DemandMax":null,"Value":1470},{"Length":47,"Height":31,"Demand":9,"DemandMax":null,"Value":1457},{"Length":39,"Height":37,"Demand":12,"DemandMax":null,"Value":1443},{"Length":47,"Height":30,"Demand":18,"DemandMax":null,"Value":1410},{"Length":48,"Height":29,"Demand":14,"DemandMax":null,"Value":1392},{"Length":42,"Height":33,"Demand":15,"DemandMax":null,"Value":1386},{"Length":58,"Height":23,"Demand":14,"DemandMax":null,"Value":1334},{"Length":39,"Height":34,"Demand":5,"DemandMax":null,"Value":1326},{"Length":40,"Height":33,"Demand":17,"DemandMax":null,"Value":1320},{"Length":49,"Height":26,"Demand":7,"DemandMax":null,"Value":1274},{"Length":47,"Height":27,"Demand":10,"DemandMax":null,"Value":1269},{"Length":45,"Height":27,"Demand":11,"DemandMax":null,"Value":1215},{"Length":35,"Height":34,"Demand":13,"DemandMax":null,"Value":1190},{"Length":44,"Height":27,"Demand":13,"DemandMax":null,"Value":1188},{"Length":47,"Height":25,"Demand":11,"DemandMax":null,"Value":1175},{"Length":35,"Height":31,"Demand":12,"DemandMax":null,"Value":1085},{"Length":54,"Height":20,"Demand":11,"DemandMax":null,"Value":1080},{"Length":49,"Height":22,"Demand":12,"DemandMax":null,"Value":1078},{"Length":37,"Height":29,"Demand":17,"DemandMax":null,"Value":1073},{"Length":38,"Height":28,"Demand":16,"DemandMax":null,"Value":1064},{"Length":38,"Height":27,"Demand":17,"DemandMax":null,"Value":1026},{"Length":33,"Height":31,"Demand":13,"DemandMax":null,"Value":1023},{"Length":60,"Height":17,"Demand":13,"DemandMax":null,"Value":1020},{"Length":45,"Height":22,"Demand":13,"DemandMax":null,"Value":990},{"Length":39,"Height":25,"Demand":4,"DemandMax":null,"Value":975},{"Length":36,"Height":27,"Demand":13,"DemandMax":null,"Value":972},{"Length":32,"Height":30,"Demand":15,"DemandMax":null,"Value":960},{"Length":33,"Height":28,"Demand":13,"DemandMax":null,"Value":924},{"Length":42,"Height":22,"Demand":16,"DemandMax":null,"Value":924},{"Length":35,"Height":26,"Demand":12,"DemandMax":null,"Value":910},{"Length":41,"Height":22,"Demand":8,"DemandMax":null,"Value":902},{"Length":31,"Height":29,"Demand":13,"DemandMax":null,"Value":899},{"Length":49,"Height":18,"Demand":10,"DemandMax":null,"Value":882},{"Length":40,"Height":22,"Demand":13,"DemandMax":null,"Value":880},{"Length":50,"Height":17,"Demand":16,"DemandMax":null,"Value":850},{"Length":35,"Height":24,"Demand":12,"DemandMax":null,"Value":840},{"Length":32,"Height":26,"Demand":12,"DemandMax":null,"Value":832},{"Length":36,"Height":23,"Demand":8,"DemandMax":null,"Value":828},{"Length":43,"Height":19,"Demand":10,"DemandMax":null,"Value":817},{"Length":37,"Height":22,"Demand":11,"DemandMax":null,"Value":814},{"Length":32,"Height":25,"Demand":6,"DemandMax":null,"Value":800},{"Length":42,"Height":19,"Demand":11,"DemandMax":null,"Value":798},{"Length":49,"Height":16,"Demand":13,"DemandMax":null,"Value":784},{"Length":29,"Height":27,"Demand":10,"DemandMax":null,"Value":783},{"Length":34,"Height":23,"Demand":11,"DemandMax":null,"Value":782},{"Length":39,"Height":20,"Demand":9,"DemandMax":null,"Value":780},{"Length":34,"Height":22,"Demand":13,"DemandMax":null,"Value":748},{"Length":39,"Height":19,"Demand":16,"DemandMax":null,"Value":741},{"Length":41,"Height":18,"Demand":19,"DemandMax":null,"Value":738},{"Length":46,"Height":16,"Demand":17,"DemandMax":null,"Value":736},{"Length":47,"Height":15,"Demand":15,"DemandMax":null,"Value":705},{"Length":33,"Height":21,"Demand":11,"DemandMax":null,"Value":693},{"Length":32,"Height":21,"Demand":16,"DemandMax":null,"Value":672},{"Length":37,"Height":18,"Demand":11,"DemandMax":null,"Value":666},{"Length":50,"Height":13,"Demand":17,"DemandMax":null,"Value":650},{"Length":43,"Height":15,"Demand":11,"DemandMax":null,"Value":645},{"Length":28,"Height":23,"Demand":9,"DemandMax":null,"Value":644},{"Length":40,"Height":16,"Demand":12,"DemandMax":null,"Value":640},{"Length":35,"Height":18,"Demand":9,"DemandMax":null,"Value":630},{"Length":37,"Height":17,"Demand":10,"DemandMax":null,"Value":629},{"Length":26,"Height":24,"Demand":13,"DemandMax":null,"Value":624},{"Length":30,"Height":20,"Demand":11,"DemandMax":null,"Value":600},{"Length":36,"Height":16,"Demand":13,"DemandMax":null,"Value":576},{"Length":44,"Height":13,"Demand":19,"DemandMax":null,"Value":572},{"Length":26,"Height":22,"Demand":11,"DemandMax":null,"Value":572},{"Length":30,"Height":19,"Demand":10,"DemandMax":null,"Value":570},{"Length":35,"Height":16,"Demand":15,"DemandMax":null,"Value":560},{"Length":28,"Height":20,"Demand":16,"DemandMax":null,"Value":560},{"Length":42,"Height":13,"Demand":8,"DemandMax":null,"Value":546},{"Length":26,"Height":21,"Demand":8,"DemandMax":null,"Value":546},{"Length":34,"Height":15,"Demand":9,"DemandMax":null,"Value":510},{"Length":30,"Height":17,"Demand":7,"DemandMax":null,"Value":510},{"Length":25,"Height":20,"Demand":8,"DemandMax":null,"Value":500},{"Length":27,"Height":18,"Demand":17,"DemandMax":null,"Value":486},{"Length":26,"Height":18,"Demand":12,"DemandMax":null,"Value":468},{"Length":34,"Height":13,"Demand":11,"DemandMax":null,"Value":442},{"Length":21,"Height":21,"Demand":20,"DemandMax":null,"Value":441},{"Length":31,"Height":14,"Demand":9,"DemandMax":null,"Value":434},{"Length":23,"Height":18,"Demand":10,"DemandMax":null,"Value":414},{"Length":27,"Height":15,"Demand":10,"DemandMax":null,"Value":405},{"Length":36,"Height":11,"Demand":7,"DemandMax":null,"Value":396},{"Length":28,"Height":14,"Demand":14,"DemandMax":null,"Value":392},{"Length":26,"Height":14,"Demand":14,"DemandMax":null,"Value":364},{"Length":20,"Height":18,"Demand":11,"DemandMax":null,"Value":360},{"Length":24,"Height":15,"Demand":10,"DemandMax":null,"Value":360},{"Length":23,"Height":15,"Demand":20,"DemandMax":null,"Value":345},{"Length":21,"Height":16,"Demand":11,"DemandMax":null,"Value":336},{"Length":33,"Height":10,"Demand":14,"DemandMax":null,"Value":330},{"Length":24,"Height":13,"Demand":8,"DemandMax":null,"Value":312},{"Length":22,"Height":14,"Demand":16,"DemandMax":null,"Value":308},{"Length":18,"Height":17,"Demand":9,"DemandMax":null,"Value":306},{"Length":24,"Height":12,"Demand":14,"DemandMax":null,"Value":288},{"Length":17,"Height":16,"Demand":9,"DemandMax":null,"Value":272},{"Length":18,"Height":15,"Demand":12,"DemandMax":null,"Value":270},{"Length":21,"Height":12,"Demand":8,"DemandMax":null,"Value":252}]}