{"Name":"MB07_138","Objects":[{"Length":587,"Height":233,"Stock":null,"Cost":136771}],"Items":[{"Length":52,"Height":49,"Demand":14,"DemandMax":null,"Value":2548},{"Length":57,"Height":44,"Demand":16,"DemandMax":null,"Value":2508},{"Length":53,"Height":47,"Demand":17,"DemandMax":null,"Value":2491},{"Length":51,"Height":40,"Demand":9,"DemandMax":null,"Value":2040},{"Length":48,"Height":41,"Demand":11,"DemandMax":null,"Value":1968},{"Length":51,"Height":35,"Demand":14,"DemandMax":null,"Value":1785},{"Length":49,"Height":36,"Demand":14,"DemandMax":null,"Value":1764},{"Length":43,"Height":40,"Demand":22,"DemandMax":null,"Value":1720},{"Length":41,"Height":41,"Demand":16,"DemandMax":null,"Value":1681},{"Length":58,"Height":28,"Demand":14,"DemandMax":null,"Value":1624},{"Length":59,"Height":27,"Demand":12,"DemandMax":null,"Value":1593},{"Length":57,"Height":27,"Demand":16,"DemandMax":null,"Value":1539},{"Length":51,"Height":29,"Demand":19,"DemandMax":null,"Value":1479},{"Length":60,"Height":24,"Demand":21,"DemandMax":null,"Value":1440},{"Length":41,"Height":35,"Demand":14,"DemandMax":null,"Value":1435},{"Length":49,"Height":29,"Demand":19,"DemandMax":null,"Value":1421},{"Length":44,"Height":31,"Demand":11,"DemandMax":null,"Value":1364},{"Length":45,"Height":29,"Demand":18,"DemandMax":null,"Value":1305},{"Length":36,"Height":36,"Demand":14,"DemandMax":null,"Value":1296},{"Length":43,"Height":30,"Demand":24,"DemandMax":null,"Value":1290},{"Length":38,"Height":33,"Demand":18,"DemandMax":null,"Value":1254},{"Length":39,"Height":32,"Demand":18,"DemandMax":null,"Value":1248},{"Length":46,"Height":26,"Demand":15,"DemandMax":null,"Value":1196},{"Length":35,"Height":34,"Demand":15,"DemandMax":null,"Value":1190},{"Length":39,"Height":30,"Demand":14,"DemandMax":null,"Value":1170},{"Length":35,"Height":33,"Demand":9,"DemandMax":null,"Value":1155},{"Length":46,"Height":25,"Demand":16,"DemandMax":null,"Value":1150},{"Length":49,"Height":23,"Demand":14,"DemandMax":null,"Value":1127},{"Length":41,"Height":27,"Demand":12,"DemandMax":null,"Value":1107},{"Length":44,"Height":25,"Demand":9,"DemandMax":null,"Value":1100},{"Length":37,"Height":29,"Demand":11,"DemandMax":null,"Value":1073},{"Length":36,"Height":29,"Demand":16,"DemandMax":null,"Value":1044},{"Length":43,"Height":24,"Demand":18,"DemandMax":null,"Value":1032},{"Length":38,"Height":27,"Demand":16,"DemandMax":null,"Value":1026},{"Length":44,"Height":23,"Demand":14,"DemandMax":null,"Value":1012},{"Length":37,"Height":27,"Demand":21,"DemandMax":null,"Value":999},{"Length":58,"Height":17,"Demand":17,"DemandMax":null,"Value":986},{"Length":37,"Height":26,"Demand":19,"DemandMax":null,"Value":962},{"Length":40,"Height":24,"Demand":13,"DemandMax":null,"Value":960},{"Length":60,"Height":16,"Demand":10,"DemandMax":null,"Value":960},{"Length":54,"Height":17,"Demand":11,"DemandMax":null,"Value":918},{"Length":32,"Height":28,"Demand":17,"DemandMax":null,"Value":896},{"Length":36,"Height":24,"Demand":12,"DemandMax":null,"Value":864},{"Length":33,"Height":26,"Demand":14,"DemandMax":null,"Value":858},{"Length":37,"Height":23,"Demand":17,"DemandMax":null,"Value":851},{"Length":52,"Height":16,"Demand":18,"DemandMax":null,"Value":832},{"Length":37,"Height":22,"Demand":13,"DemandMax":null,"Value":814},{"Length":49,"Height":16,"Demand":26,"DemandMax":null,"Value":784},{"Length":46,"Height":17,"Demand":12,"DemandMax":null,"Value":782},{"Length":39,"Height":20,"Demand":12,"DemandMax":null,"Value":780},{"Length":37,"Height":21,"Demand":16,"DemandMax":null,"Value":777},{"Length":48,"Height":16,"Demand":17,"DemandMax":null,"Value":768},{"Length":48,"Height":15,"Demand":18,"DemandMax":null,"Value":720},{"Length":37,"Height":19,"Demand":15,"DemandMax":null,"Value":703},{"Length":29,"Height":24,"Demand":19,"DemandMax":null,"Value":696},{"Length":39,"Height":17,"Demand":15,"DemandMax":null,"Value":663},{"Length":47,"Height":14,"Demand":15,"DemandMax":null,"Value":658},{"Length":26,"Height":25,"Demand":18,"DemandMax":null,"Value":650},{"Length":28,"Height":23,"Demand":13,"DemandMax":null,"Value":644},{"Length":33,"Height":19,"Demand":12,"DemandMax":null,"Value":627},{"Length":26,"Height":24,"Demand":17,"DemandMax":null,"Value":624},{"Length":36,"Height":17,"Demand":14,"DemandMax":null,"Value":612},{"Length":43,"Height":14,"Demand":19,"DemandMax":null,"Value":602},{"Length":25,"Height":24,"Demand":14,"DemandMax":null,"Value":600},{"Length":30,"Height":19,"Demand":16,"DemandMax":null,"Value":570},{"Length":24,"Height":23,"Demand":10,"DemandMax":null,"Value":552},{"Length":42,"Height":13,"Demand":20,"DemandMax":null,"Value":546},{"Length":27,"Height":20,"Demand":11,"DemandMax":null,"Value":540},{"Length":33,"Height":16,"Demand":19,"DemandMax":null,"Value":528},{"Length":29,"Height":18,"Demand":21,"DemandMax":null,"Value":522},{"Length":46,"Height":11,"Demand":13,"DemandMax":null,"Value":506},{"Length":24,"Height":19,"Demand":24,"DemandMax":null,"Value":456},{"Length":44,"Height":10,"Demand":12,"DemandMax":null,"Value":440},{"Length":28,"Height":15,"Demand":15,"DemandMax":null,"Value":420},{"Length":32,"Height":13,"Demand":14,"DemandMax":null,"Value":416},{"Length":30,"Height":13,"Demand":17,"DemandMax":null,"Value":390},{"Length":26,"Height":14,"Demand":11,"DemandMax":null,"Value":364},{"Length":23,"Height":15,"Demand":13,"DemandMax":null,"Value":345},{"Length":33,"Height":10,"Demand":14,"DemandMax":null,"Value":330},{"Length":20,"Height":16,"Demand":18,"DemandMax":null,"Value":320},{"Length":22,"Height":12,"Demand":13,"DemandMax":null,"Value":264},{"Length":26,"Height":10,"Demand":11,"DemandMax":null,"Value":260},{"Length":20,"Height":11,"Demand":16,"DemandMax":null,"Value":220},{"Length":17,"Height":10,"Demand":13,"DemandMax":null,"Value":170}]}