{"Name":"MB10_057","Objects":[{"Length":432,"Height":79,"Stock":null,"Cost":34128}],"Items":[{"Length":48,"Height":45,"Demand":12,"DemandMax":null,"Value":2160},{"Length":60,"Height":33,"Demand":9,"DemandMax":null,"Value":1980},{"Length":46,"Height":43,"Demand":13,"DemandMax":null,"Value":1978},{"Length":48,"Height":41,"Demand":6,"DemandMax":null,"Value":1968},{"Length":49,"Height":40,"Demand":6,"DemandMax":null,"Value":1960},{"Length":52,"Height":37,"Demand":15,"DemandMax":null,"Value":1924},{"Length":52,"Height":36,"Demand":9,"DemandMax":null,"Value":1872},{"Length":49,"Height":38,"Demand":11,"DemandMax":null,"Value":1862},{"Length":46,"Height":40,"Demand":12,"DemandMax":null,"Value":1840},{"Length":51,"Height":35,"Demand":11,"DemandMax":null,"Value":1785},{"Length":54,"Height":32,"Demand":10,"DemandMax":null,"Value":1728},{"Length":43,"Height":40,"Demand":8,"DemandMax":null,"Value":1720},{"Length":45,"Height":38,"Demand":12,"DemandMax":null,"Value":1710},{"Length":46,"Height":37,"Demand":11,"DemandMax":null,"Value":1702},{"Length":43,"Height":39,"Demand":12,"DemandMax":null,"Value":1677},{"Length":44,"Height":38,"Demand":6,"DemandMax":null,"Value":1672},{"Length":46,"Height":34,"Demand":14,"DemandMax":null,"Value":1564},{"Length":52,"Height":30,"Demand":11,"DemandMax":null,"Value":1560},{"Length":40,"Height":39,"Demand":11,"DemandMax":null,"Value":1560},{"Length":57,"Height":26,"Demand":10,"DemandMax":null,"Value":1482},{"Length":59,"Height":25,"Demand":9,"DemandMax":null,"Value":1475},{"Length":49,"Height":30,"Demand":9,"DemandMax":null,"Value":1470},{"Length":42,"Height":35,"Demand":12,"DemandMax":null,"Value":1470},{"Length":38,"Height":38,"Demand":10,"DemandMax":null,"Value":1444},{"Length":39,"Height":37,"Demand":2,"DemandMax":null,"Value":1443},{"Length":41,"Height":35,"Demand":13,"DemandMax":null,"Value":1435},{"Length":46,"Height":31,"Demand":8,"DemandMax":null,"Value":1426},{"Length":43,"Height":33,"Demand":5,"DemandMax":null,"Value":1419},{"Length":39,"Height":36,"Demand":14,"DemandMax":null,"Value":1404},{"Length":56,"Height":25,"Demand":11,"DemandMax":null,"Value":1400},{"Length":42,"Height":33,"Demand":12,"DemandMax":null,"Value":1386},{"Length":51,"Height":27,"Demand":9,"DemandMax":null,"Value":1377},{"Length":55,"Height":25,"Demand":15,"DemandMax":null,"Value":1375},{"Length":49,"Height":28,"Demand":11,"DemandMax":null,"Value":1372},{"Length":45,"Height":30,"Demand":25,"DemandMax":null,"Value":1350},{"Length":54,"Height":25,"Demand":4,"DemandMax":null,"Value":1350},{"Length":37,"Height":36,"Demand":7,"DemandMax":null,"Value":1332},{"Length":44,"Height":30,"Demand":13,"DemandMax":null,"Value":1320},{"Length":41,"Height":32,"Demand":11,"DemandMax":null,"Value":1312},{"Length":37,"Height":35,"Demand":13,"DemandMax":null,"Value":1295},{"Length":56,"Height":23,"Demand":7,"DemandMax":null,"Value":1288},{"Length":36,"Height":35,"Demand":9,"DemandMax":null,"Value":1260},{"Length":37,"Height":34,"Demand":16,"DemandMax":null,"Value":1258},{"Length":49,"Height":25,"Demand":10,"DemandMax":null,"Value":1225},{"Length":42,"Height":29,"Demand":13,"DemandMax":null,"Value":1218},{"Length":50,"Height":24,"Demand":6,"DemandMax":null,"Value":1200},{"Length":46,"Height":26,"Demand":8,"DemandMax":null,"Value":1196},{"Length":41,"Height":29,"Demand":11,"DemandMax":null,"Value":1189},{"Length":59,"Height":20,"Demand":14,"DemandMax":null,"Value":1180},{"Length":38,"Height":31,"Demand":6,"DemandMax":null,"Value":1178},{"Length":47,"Height":25,"Demand":6,"DemandMax":null,"Value":1175},{"Length":45,"Height":25,"Demand":5,"DemandMax":null,"Value":1125},{"Length":50,"Height":22,"Demand":7,"DemandMax":null,"Value":1100},{"Length":33,"Height":33,"Demand":11,"DemandMax":null,"Value":1089},{"Length":40,"Height":27,"Demand":10,"DemandMax":null,"Value":1080},{"Length":43,"Height":24,"Demand":18,"DemandMax":null,"Value":1032},{"Length":54,"Height":19,"Demand":15,"DemandMax":null,"Value":1026},{"Length":33,"Height":31,"Demand":4,"DemandMax":null,"Value":1023},{"Length":53,"Height":19,"Demand":13,"DemandMax":null,"Value":1007},{"Length":39,"Height":25,"Demand":14,"DemandMax":null,"Value":975},{"Length":36,"Height":27,"Demand":6,"DemandMax":null,"Value":972},{"Length":46,"Height":21,"Demand":8,"DemandMax":null,"Value":966},{"Length":36,"Height":26,"Demand":7,"DemandMax":null,"Value":936},{"Length":49,"Height":19,"Demand":8,"DemandMax":null,"Value":931},{"Length":42,"Height":22,"Demand":15,"DemandMax":null,"Value":924},{"Length":35,"Height":25,"Demand":17,"DemandMax":null,"Value":875},{"Length":39,"Height":22,"Demand":10,"DemandMax":null,"Value":858},{"Length":50,"Height":17,"Demand":10,"DemandMax":null,"Value":850},{"Length":46,"Height":18,"Demand":10,"DemandMax":null,"Value":828},{"Length":33,"Height":25,"Demand":12,"DemandMax":null,"Value":825},{"Length":34,"Height":24,"Demand":8,"DemandMax":null,"Value":816},{"Length":48,"Height":17,"Demand":6,"DemandMax":null,"Value":816},{"Length":35,"Height":23,"Demand":10,"DemandMax":null,"Value":805},{"Length":43,"Height":18,"Demand":11,"DemandMax":null,"Value":774},{"Length":55,"Height":14,"Demand":9,"DemandMax":null,"Value":770},{"Length":45,"Height":17,"Demand":11,"DemandMax":null,"Value":765},{"Length":38,"Height":20,"Demand":9,"DemandMax":null,"Value":760},{"Length":58,"Height":13,"Demand":9,"DemandMax":null,"Value":754},{"Length":30,"Height":25,"Demand":11,"DemandMax":null,"Value":750},{"Length":57,"Height":13,"Demand":7,"DemandMax":null,"Value":741},{"Length":35,"Height":21,"Demand":17,"DemandMax":null,"Value":735},{"Length":28,"Height":26,"Demand":8,"DemandMax":null,"Value":728},{"Length":48,"Height":15,"Demand":5,"DemandMax":null,"Value":720},{"Length":45,"Height":16,"Demand":9,"DemandMax":null,"Value":720},{"Length":34,"Height":21,"Demand":7,"DemandMax":null,"Value":714},{"Length":31,"Height":23,"Demand":11,"DemandMax":null,"Value":713},{"Length":35,"Height":20,"Demand":13,"DemandMax":null,"Value":700},{"Length":33,"Height":21,"Demand":5,"DemandMax":null,"Value":693},{"Length":34,"Height":20,"Demand":10,"DemandMax":null,"Value":680},{"Length":40,"Height":17,"Demand":14,"DemandMax":null,"Value":680},{"Length":37,"Height":18,"Demand":5,"DemandMax":null,"Value":666},{"Length":30,"Height":22,"Demand":7,"DemandMax":null,"Value":660},{"Length":41,"Height":16,"Demand":13,"DemandMax":null,"Value":656},{"Length":27,"Height":24,"Demand":16,"DemandMax":null,"Value":648},{"Length":36,"Height":18,"Demand":13,"DemandMax":null,"Value":648},{"Length":45,"Height":14,"Demand":9,"DemandMax":null,"Value":630},{"Length":35,"Height":18,"Demand":10,"DemandMax":null,"Value":630},{"Length":37,"Height":17,"Demand":10,"DemandMax":null,"Value":629},{"Length":27,"Height":23,"Demand":13,"DemandMax":null,"Value":621},{"Length":41,"Height":15,"Demand":10,"DemandMax":null,"Value":615},{"Length":37,"Height":16,"Demand":13,"DemandMax":null,"Value":592},{"Length":31,"Height":19,"Demand":9,"DemandMax":null,"Value":589},{"Length":42,"Height":14,"Demand":11,"DemandMax":null,"Value":588},{"Length":24,"Height":24,"Demand":13,"DemandMax":null,"Value":576},{"Length":36,"Height":16,"Demand":12,"DemandMax":null,"Value":576},{"Length":38,"Height":15,"Demand":13,"DemandMax":null,"Value":570},{"Length":26,"Height":21,"Demand":9,"DemandMax":null,"Value":546},{"Length":34,"Height":16,"Demand":10,"DemandMax":null,"Value":544},{"Length":30,"Height":18,"Demand":12,"DemandMax":null,"Value":540},{"Length":25,"Height":20,"Demand":13,"DemandMax":null,"Value":500},{"Length":26,"Height":19,"Demand":8,"DemandMax":null,"Value":494},{"Length":37,"Height":13,"Demand":9,"DemandMax":null,"Value":481},{"Length":24,"Height":20,"Demand":10,"DemandMax":null,"Value":480},{"Length":24,"Height":19,"Demand":12,"DemandMax":null,"Value":456},{"Length":24,"Height":18,"Demand":11,"DemandMax":null,"Value":432},{"Length":36,"Height":12,"Demand":15,"DemandMax":null,"Value":432},{"Length":33,"Height":13,"Demand":12,"DemandMax":null,"Value":429},{"Length":22,"Height":19,"Demand":7,"DemandMax":null,"Value":418},{"Length":26,"Height":16,"Demand":6,"DemandMax":null,"Value":416},{"Length":27,"Height":15,"Demand":7,"DemandMax":null,"Value":405},{"Length":28,"Height":14,"Demand":12,"DemandMax":null,"Value":392},{"Length":26,"Height":15,"Demand":10,"DemandMax":null,"Value":390},{"Length":21,"Height":18,"Demand":15,"DemandMax":null,"Value":378},{"Length":37,"Height":10,"Demand":6,"DemandMax":null,"Value":370},{"Length":20,"Height":18,"Demand":14,"DemandMax":null,"Value":360},{"Length":22,"Height":16,"Demand":7,"DemandMax":null,"Value":352},{"Length":25,"Height":13,"Demand":13,"DemandMax":null,"Value":325},{"Length":32,"Height":10,"Demand":11,"DemandMax":null,"Value":320},{"Length":24,"Height":13,"Demand":9,"DemandMax":null,"Value":312},{"Length":17,"Height":16,"Demand":15,"DemandMax":null,"Value":272},{"Length":27,"Height":10,"Demand":15,"DemandMax":null,"Value":270},{"Length":18,"Height":14,"Demand":8,"DemandMax":null,"Value":252},{"Length":17,"Height":13,"Demand":13,"DemandMax":null,"Value":221},{"Length":15,"Height":12,"Demand":11,"DemandMax":null,"Value":180}]}