{"Name":"MB08_105","Objects":[{"Length":587,"Height":233,"Stock":null,"Cost":136771}],"Items":[{"Length":57,"Height":48,"Demand":2,"DemandMax":null,"Value":2736},{"Length":57,"Height":45,"Demand":2,"DemandMax":null,"Value":2565},{"Length":57,"Height":44,"Demand":1,"DemandMax":null,"Value":2508},{"Length":60,"Height":41,"Demand":1,"DemandMax":null,"Value":2460},{"Length":55,"Height":44,"Demand":2,"DemandMax":null,"Value":2420},{"Length":49,"Height":49,"Demand":3,"DemandMax":null,"Value":2401},{"Length":49,"Height":48,"Demand":4,"DemandMax":null,"Value":2352},{"Length":57,"Height":41,"Demand":3,"DemandMax":null,"Value":2337},{"Length":53,"Height":44,"Demand":2,"DemandMax":null,"Value":2332},{"Length":56,"Height":41,"Demand":6,"DemandMax":null,"Value":2296},{"Length":57,"Height":40,"Demand":1,"DemandMax":null,"Value":2280},{"Length":57,"Height":39,"Demand":3,"DemandMax":null,"Value":2223},{"Length":48,"Height":45,"Demand":3,"DemandMax":null,"Value":2160},{"Length":55,"Height":39,"Demand":6,"DemandMax":null,"Value":2145},{"Length":51,"Height":42,"Demand":5,"DemandMax":null,"Value":2142},{"Length":57,"Height":37,"Demand":1,"DemandMax":null,"Value":2109},{"Length":49,"Height":43,"Demand":3,"DemandMax":null,"Value":2107},{"Length":50,"Height":42,"Demand":2,"DemandMax":null,"Value":2100},{"Length":58,"Height":36,"Demand":5,"DemandMax":null,"Value":2088},{"Length":48,"Height":43,"Demand":2,"DemandMax":null,"Value":2064},{"Length":49,"Height":42,"Demand":6,"DemandMax":null,"Value":2058},{"Length":54,"Height":38,"Demand":6,"DemandMax":null,"Value":2052},{"Length":56,"Height":36,"Demand":2,"DemandMax":null,"Value":2016},{"Length":60,"Height":33,"Demand":4,"DemandMax":null,"Value":1980},{"Length":46,"Height":43,"Demand":1,"DemandMax":null,"Value":1978},{"Length":58,"Height":34,"Demand":1,"DemandMax":null,"Value":1972},{"Length":59,"Height":33,"Demand":4,"DemandMax":null,"Value":1947},{"Length":54,"Height":36,"Demand":2,"DemandMax":null,"Value":1944},{"Length":57,"Height":34,"Demand":3,"DemandMax":null,"Value":1938},{"Length":54,"Height":35,"Demand":2,"DemandMax":null,"Value":1890},{"Length":45,"Height":42,"Demand":5,"DemandMax":null,"Value":1890},{"Length":52,"Height":36,"Demand":3,"DemandMax":null,"Value":1872},{"Length":49,"Height":38,"Demand":3,"DemandMax":null,"Value":1862},{"Length":44,"Height":42,"Demand":1,"DemandMax":null,"Value":1848},{"Length":45,"Height":41,"Demand":2,"DemandMax":null,"Value":1845},{"Length":54,"Height":34,"Demand":7,"DemandMax":null,"Value":1836},{"Length":51,"Height":36,"Demand":4,"DemandMax":null,"Value":1836},{"Length":47,"Height":39,"Demand":3,"DemandMax":null,"Value":1833},{"Length":55,"Height":33,"Demand":2,"DemandMax":null,"Value":1815},{"Length":49,"Height":37,"Demand":2,"DemandMax":null,"Value":1813},{"Length":44,"Height":41,"Demand":1,"DemandMax":null,"Value":1804},{"Length":50,"Height":36,"Demand":2,"DemandMax":null,"Value":1800},{"Length":47,"Height":38,"Demand":1,"DemandMax":null,"Value":1786},{"Length":59,"Height":30,"Demand":2,"DemandMax":null,"Value":1770},{"Length":45,"Height":39,"Demand":2,"DemandMax":null,"Value":1755},{"Length":50,"Height":35,"Demand":4,"DemandMax":null,"Value":1750},{"Length":46,"Height":38,"Demand":4,"DemandMax":null,"Value":1748},{"Length":47,"Height":37,"Demand":2,"DemandMax":null,"Value":1739},{"Length":48,"Height":36,"Demand":3,"DemandMax":null,"Value":1728},{"Length":52,"Height":33,"Demand":5,"DemandMax":null,"Value":1716},{"Length":44,"Height":39,"Demand":3,"DemandMax":null,"Value":1716},{"Length":45,"Height":38,"Demand":4,"DemandMax":null,"Value":1710},{"Length":55,"Height":31,"Demand":1,"DemandMax":null,"Value":1705},{"Length":46,"Height":37,"Demand":1,"DemandMax":null,"Value":1702},{"Length":53,"Height":32,"Demand":5,"DemandMax":null,"Value":1696},{"Length":58,"Height":29,"Demand":3,"DemandMax":null,"Value":1682},{"Length":42,"Height":40,"Demand":2,"DemandMax":null,"Value":1680},{"Length":54,"Height":31,"Demand":3,"DemandMax":null,"Value":1674},{"Length":44,"Height":38,"Demand":4,"DemandMax":null,"Value":1672},{"Length":49,"Height":34,"Demand":4,"DemandMax":null,"Value":1666},{"Length":45,"Height":37,"Demand":4,"DemandMax":null,"Value":1665},{"Length":50,"Height":33,"Demand":4,"DemandMax":null,"Value":1650},{"Length":47,"Height":35,"Demand":3,"DemandMax":null,"Value":1645},{"Length":41,"Height":40,"Demand":6,"DemandMax":null,"Value":1640},{"Length":42,"Height":39,"Demand":3,"DemandMax":null,"Value":1638},{"Length":43,"Height":38,"Demand":2,"DemandMax":null,"Value":1634},{"Length":44,"Height":37,"Demand":1,"DemandMax":null,"Value":1628},{"Length":56,"Height":29,"Demand":1,"DemandMax":null,"Value":1624},{"Length":49,"Height":33,"Demand":1,"DemandMax":null,"Value":1617},{"Length":50,"Height":32,"Demand":2,"DemandMax":null,"Value":1600},{"Length":47,"Height":34,"Demand":3,"DemandMax":null,"Value":1598},{"Length":42,"Height":38,"Demand":5,"DemandMax":null,"Value":1596},{"Length":43,"Height":37,"Demand":2,"DemandMax":null,"Value":1591},{"Length":53,"Height":30,"Demand":1,"DemandMax":null,"Value":1590},{"Length":44,"Height":36,"Demand":1,"DemandMax":null,"Value":1584},{"Length":48,"Height":33,"Demand":1,"DemandMax":null,"Value":1584},{"Length":49,"Height":32,"Demand":3,"DemandMax":null,"Value":1568},{"Length":40,"Height":39,"Demand":2,"DemandMax":null,"Value":1560},{"Length":41,"Height":38,"Demand":1,"DemandMax":null,"Value":1558},{"Length":47,"Height":33,"Demand":1,"DemandMax":null,"Value":1551},{"Length":43,"Height":36,"Demand":4,"DemandMax":null,"Value":1548},{"Length":44,"Height":35,"Demand":6,"DemandMax":null,"Value":1540},{"Length":53,"Height":29,"Demand":1,"DemandMax":null,"Value":1537},{"Length":39,"Height":39,"Demand":1,"DemandMax":null,"Value":1521},{"Length":49,"Height":31,"Demand":2,"DemandMax":null,"Value":1519},{"Length":46,"Height":33,"Demand":1,"DemandMax":null,"Value":1518},{"Length":52,"Height":29,"Demand":2,"DemandMax":null,"Value":1508},{"Length":58,"Height":26,"Demand":4,"DemandMax":null,"Value":1508},{"Length":43,"Height":35,"Demand":2,"DemandMax":null,"Value":1505},{"Length":50,"Height":30,"Demand":4,"DemandMax":null,"Value":1500},{"Length":44,"Height":34,"Demand":4,"DemandMax":null,"Value":1496},{"Length":45,"Height":33,"Demand":4,"DemandMax":null,"Value":1485},{"Length":39,"Height":38,"Demand":3,"DemandMax":null,"Value":1482},{"Length":40,"Height":37,"Demand":2,"DemandMax":null,"Value":1480},{"Length":41,"Height":36,"Demand":3,"DemandMax":null,"Value":1476},{"Length":49,"Height":30,"Demand":3,"DemandMax":null,"Value":1470},{"Length":43,"Height":34,"Demand":4,"DemandMax":null,"Value":1462},{"Length":44,"Height":33,"Demand":2,"DemandMax":null,"Value":1452},{"Length":38,"Height":38,"Demand":2,"DemandMax":null,"Value":1444},{"Length":39,"Height":37,"Demand":3,"DemandMax":null,"Value":1443},{"Length":45,"Height":32,"Demand":2,"DemandMax":null,"Value":1440},{"Length":55,"Height":26,"Demand":3,"DemandMax":null,"Value":1430},{"Length":42,"Height":34,"Demand":3,"DemandMax":null,"Value":1428},{"Length":49,"Height":29,"Demand":2,"DemandMax":null,"Value":1421},{"Length":43,"Height":33,"Demand":2,"DemandMax":null,"Value":1419},{"Length":47,"Height":30,"Demand":1,"DemandMax":null,"Value":1410},{"Length":44,"Height":32,"Demand":2,"DemandMax":null,"Value":1408},{"Length":38,"Height":37,"Demand":4,"DemandMax":null,"Value":1406},{"Length":54,"Height":26,"Demand":2,"DemandMax":null,"Value":1404},{"Length":50,"Height":28,"Demand":3,"DemandMax":null,"Value":1400},{"Length":41,"Height":34,"Demand":4,"DemandMax":null,"Value":1394},{"Length":42,"Height":33,"Demand":4,"DemandMax":null,"Value":1386},{"Length":38,"Height":36,"Demand":1,"DemandMax":null,"Value":1368},{"Length":47,"Height":29,"Demand":3,"DemandMax":null,"Value":1363},{"Length":46,"Height":29,"Demand":5,"DemandMax":null,"Value":1334},{"Length":43,"Height":31,"Demand":3,"DemandMax":null,"Value":1333},{"Length":38,"Height":35,"Demand":2,"DemandMax":null,"Value":1330},{"Length":39,"Height":34,"Demand":4,"DemandMax":null,"Value":1326},{"Length":44,"Height":30,"Demand":1,"DemandMax":null,"Value":1320},{"Length":57,"Height":23,"Demand":2,"DemandMax":null,"Value":1311},{"Length":36,"Height":36,"Demand":4,"DemandMax":null,"Value":1296},{"Length":54,"Height":24,"Demand":3,"DemandMax":null,"Value":1296},{"Length":56,"Height":23,"Demand":4,"DemandMax":null,"Value":1288},{"Length":39,"Height":33,"Demand":1,"DemandMax":null,"Value":1287},{"Length":40,"Height":32,"Demand":2,"DemandMax":null,"Value":1280},{"Length":44,"Height":29,"Demand":2,"DemandMax":null,"Value":1276},{"Length":53,"Height":24,"Demand":3,"DemandMax":null,"Value":1272},{"Length":41,"Height":31,"Demand":3,"DemandMax":null,"Value":1271},{"Length":47,"Height":27,"Demand":2,"DemandMax":null,"Value":1269},{"Length":60,"Height":21,"Demand":1,"DemandMax":null,"Value":1260},{"Length":42,"Height":30,"Demand":1,"DemandMax":null,"Value":1260},{"Length":57,"Height":22,"Demand":2,"DemandMax":null,"Value":1254},{"Length":38,"Height":33,"Demand":3,"DemandMax":null,"Value":1254},{"Length":50,"Height":25,"Demand":6,"DemandMax":null,"Value":1250},{"Length":39,"Height":32,"Demand":2,"DemandMax":null,"Value":1248},{"Length":43,"Height":29,"Demand":1,"DemandMax":null,"Value":1247},{"Length":40,"Height":31,"Demand":3,"DemandMax":null,"Value":1240},{"Length":59,"Height":21,"Demand":5,"DemandMax":null,"Value":1239},{"Length":41,"Height":30,"Demand":3,"DemandMax":null,"Value":1230},{"Length":36,"Height":34,"Demand":4,"DemandMax":null,"Value":1224},{"Length":51,"Height":24,"Demand":1,"DemandMax":null,"Value":1224},{"Length":47,"Height":26,"Demand":1,"DemandMax":null,"Value":1222},{"Length":37,"Height":33,"Demand":2,"DemandMax":null,"Value":1221},{"Length":55,"Height":22,"Demand":3,"DemandMax":null,"Value":1210},{"Length":40,"Height":30,"Demand":3,"DemandMax":null,"Value":1200},{"Length":50,"Height":24,"Demand":1,"DemandMax":null,"Value":1200},{"Length":52,"Height":23,"Demand":2,"DemandMax":null,"Value":1196},{"Length":37,"Height":32,"Demand":1,"DemandMax":null,"Value":1184},{"Length":49,"Height":24,"Demand":2,"DemandMax":null,"Value":1176},{"Length":39,"Height":30,"Demand":3,"DemandMax":null,"Value":1170},{"Length":53,"Height":22,"Demand":1,"DemandMax":null,"Value":1166},{"Length":43,"Height":27,"Demand":1,"DemandMax":null,"Value":1161},{"Length":41,"Height":28,"Demand":4,"DemandMax":null,"Value":1148},{"Length":42,"Height":27,"Demand":6,"DemandMax":null,"Value":1134},{"Length":59,"Height":19,"Demand":4,"DemandMax":null,"Value":1121},{"Length":35,"Height":32,"Demand":4,"DemandMax":null,"Value":1120},{"Length":43,"Height":26,"Demand":3,"DemandMax":null,"Value":1118},{"Length":53,"Height":21,"Demand":2,"DemandMax":null,"Value":1113},{"Length":41,"Height":27,"Demand":2,"DemandMax":null,"Value":1107},{"Length":48,"Height":23,"Demand":2,"DemandMax":null,"Value":1104},{"Length":46,"Height":24,"Demand":5,"DemandMax":null,"Value":1104},{"Length":58,"Height":19,"Demand":5,"DemandMax":null,"Value":1102},{"Length":50,"Height":22,"Demand":2,"DemandMax":null,"Value":1100},{"Length":39,"Height":28,"Demand":3,"DemandMax":null,"Value":1092},{"Length":42,"Height":26,"Demand":2,"DemandMax":null,"Value":1092},{"Length":34,"Height":32,"Demand":2,"DemandMax":null,"Value":1088},{"Length":35,"Height":31,"Demand":3,"DemandMax":null,"Value":1085},{"Length":49,"Height":22,"Demand":3,"DemandMax":null,"Value":1078},{"Length":37,"Height":29,"Demand":2,"DemandMax":null,"Value":1073},{"Length":59,"Height":18,"Demand":2,"DemandMax":null,"Value":1062},{"Length":53,"Height":20,"Demand":2,"DemandMax":null,"Value":1060},{"Length":46,"Height":23,"Demand":3,"DemandMax":null,"Value":1058},{"Length":48,"Height":22,"Demand":2,"DemandMax":null,"Value":1056},{"Length":34,"Height":31,"Demand":2,"DemandMax":null,"Value":1054},{"Length":39,"Height":27,"Demand":3,"DemandMax":null,"Value":1053},{"Length":50,"Height":21,"Demand":1,"DemandMax":null,"Value":1050},{"Length":35,"Height":30,"Demand":5,"DemandMax":null,"Value":1050},{"Length":40,"Height":26,"Demand":3,"DemandMax":null,"Value":1040},{"Length":37,"Height":28,"Demand":1,"DemandMax":null,"Value":1036},{"Length":47,"Height":22,"Demand":2,"DemandMax":null,"Value":1034},{"Length":43,"Height":24,"Demand":2,"DemandMax":null,"Value":1032},{"Length":38,"Height":27,"Demand":2,"DemandMax":null,"Value":1026},{"Length":34,"Height":30,"Demand":1,"DemandMax":null,"Value":1020},{"Length":35,"Height":29,"Demand":3,"DemandMax":null,"Value":1015},{"Length":39,"Height":26,"Demand":2,"DemandMax":null,"Value":1014},{"Length":44,"Height":23,"Demand":2,"DemandMax":null,"Value":1012},{"Length":56,"Height":18,"Demand":3,"DemandMax":null,"Value":1008},{"Length":48,"Height":21,"Demand":3,"DemandMax":null,"Value":1008},{"Length":59,"Height":17,"Demand":4,"DemandMax":null,"Value":1003},{"Length":40,"Height":25,"Demand":2,"DemandMax":null,"Value":1000},{"Length":37,"Height":27,"Demand":3,"DemandMax":null,"Value":999},{"Length":32,"Height":31,"Demand":3,"DemandMax":null,"Value":992},{"Length":45,"Height":22,"Demand":5,"DemandMax":null,"Value":990},{"Length":38,"Height":26,"Demand":6,"DemandMax":null,"Value":988},{"Length":58,"Height":17,"Demand":3,"DemandMax":null,"Value":986},{"Length":41,"Height":24,"Demand":4,"DemandMax":null,"Value":984},{"Length":35,"Height":28,"Demand":2,"DemandMax":null,"Value":980},{"Length":49,"Height":20,"Demand":2,"DemandMax":null,"Value":980},{"Length":54,"Height":18,"Demand":3,"DemandMax":null,"Value":972},{"Length":44,"Height":22,"Demand":3,"DemandMax":null,"Value":968},{"Length":42,"Height":23,"Demand":3,"DemandMax":null,"Value":966},{"Length":37,"Height":26,"Demand":3,"DemandMax":null,"Value":962},{"Length":40,"Height":24,"Demand":6,"DemandMax":null,"Value":960},{"Length":60,"Height":16,"Demand":2,"DemandMax":null,"Value":960},{"Length":53,"Height":18,"Demand":2,"DemandMax":null,"Value":954},{"Length":50,"Height":19,"Demand":4,"DemandMax":null,"Value":950},{"Length":45,"Height":21,"Demand":2,"DemandMax":null,"Value":945},{"Length":39,"Height":24,"Demand":5,"DemandMax":null,"Value":936},{"Length":31,"Height":30,"Demand":3,"DemandMax":null,"Value":930},{"Length":32,"Height":29,"Demand":1,"DemandMax":null,"Value":928},{"Length":37,"Height":25,"Demand":4,"DemandMax":null,"Value":925},{"Length":33,"Height":28,"Demand":6,"DemandMax":null,"Value":924},{"Length":44,"Height":21,"Demand":5,"DemandMax":null,"Value":924},{"Length":46,"Height":20,"Demand":2,"DemandMax":null,"Value":920},{"Length":34,"Height":27,"Demand":3,"DemandMax":null,"Value":918},{"Length":43,"Height":21,"Demand":4,"DemandMax":null,"Value":903},{"Length":41,"Height":22,"Demand":7,"DemandMax":null,"Value":902},{"Length":50,"Height":18,"Demand":2,"DemandMax":null,"Value":900},{"Length":31,"Height":29,"Demand":2,"DemandMax":null,"Value":899},{"Length":39,"Height":23,"Demand":3,"DemandMax":null,"Value":897},{"Length":47,"Height":19,"Demand":4,"DemandMax":null,"Value":893},{"Length":33,"Height":27,"Demand":2,"DemandMax":null,"Value":891},{"Length":37,"Height":24,"Demand":1,"DemandMax":null,"Value":888},{"Length":35,"Height":25,"Demand":2,"DemandMax":null,"Value":875},{"Length":30,"Height":29,"Demand":7,"DemandMax":null,"Value":870},{"Length":48,"Height":18,"Demand":5,"DemandMax":null,"Value":864},{"Length":36,"Height":24,"Demand":3,"DemandMax":null,"Value":864},{"Length":43,"Height":20,"Demand":3,"DemandMax":null,"Value":860},{"Length":33,"Height":26,"Demand":4,"DemandMax":null,"Value":858},{"Length":45,"Height":19,"Demand":1,"DemandMax":null,"Value":855},{"Length":37,"Height":23,"Demand":2,"DemandMax":null,"Value":851},{"Length":34,"Height":25,"Demand":1,"DemandMax":null,"Value":850},{"Length":40,"Height":21,"Demand":5,"DemandMax":null,"Value":840},{"Length":56,"Height":15,"Demand":4,"DemandMax":null,"Value":840},{"Length":35,"Height":24,"Demand":3,"DemandMax":null,"Value":840},{"Length":31,"Height":27,"Demand":3,"DemandMax":null,"Value":837},{"Length":38,"Height":22,"Demand":1,"DemandMax":null,"Value":836},{"Length":44,"Height":19,"Demand":3,"DemandMax":null,"Value":836},{"Length":52,"Height":16,"Demand":2,"DemandMax":null,"Value":832},{"Length":36,"Height":23,"Demand":3,"DemandMax":null,"Value":828},{"Length":59,"Height":14,"Demand":2,"DemandMax":null,"Value":826},{"Length":33,"Height":25,"Demand":1,"DemandMax":null,"Value":825},{"Length":41,"Height":20,"Demand":2,"DemandMax":null,"Value":820},{"Length":39,"Height":21,"Demand":2,"DemandMax":null,"Value":819},{"Length":43,"Height":19,"Demand":2,"DemandMax":null,"Value":817},{"Length":29,"Height":28,"Demand":4,"DemandMax":null,"Value":812},{"Length":45,"Height":18,"Demand":2,"DemandMax":null,"Value":810},{"Length":30,"Height":27,"Demand":3,"DemandMax":null,"Value":810},{"Length":31,"Height":26,"Demand":2,"DemandMax":null,"Value":806},{"Length":40,"Height":20,"Demand":6,"DemandMax":null,"Value":800},{"Length":32,"Height":25,"Demand":6,"DemandMax":null,"Value":800},{"Length":50,"Height":16,"Demand":3,"DemandMax":null,"Value":800},{"Length":47,"Height":17,"Demand":3,"DemandMax":null,"Value":799},{"Length":38,"Height":21,"Demand":4,"DemandMax":null,"Value":798},{"Length":57,"Height":14,"Demand":4,"DemandMax":null,"Value":798},{"Length":53,"Height":15,"Demand":5,"DemandMax":null,"Value":795},{"Length":44,"Height":18,"Demand":3,"DemandMax":null,"Value":792},{"Length":33,"Height":24,"Demand":5,"DemandMax":null,"Value":792},{"Length":49,"Height":16,"Demand":3,"DemandMax":null,"Value":784},{"Length":29,"Height":27,"Demand":2,"DemandMax":null,"Value":783},{"Length":39,"Height":20,"Demand":3,"DemandMax":null,"Value":780},{"Length":41,"Height":19,"Demand":2,"DemandMax":null,"Value":779},{"Length":31,"Height":25,"Demand":1,"DemandMax":null,"Value":775},{"Length":48,"Height":16,"Demand":2,"DemandMax":null,"Value":768},{"Length":38,"Height":20,"Demand":1,"DemandMax":null,"Value":760},{"Length":40,"Height":19,"Demand":3,"DemandMax":null,"Value":760},{"Length":30,"Height":25,"Demand":4,"DemandMax":null,"Value":750},{"Length":44,"Height":17,"Demand":1,"DemandMax":null,"Value":748},{"Length":34,"Height":22,"Demand":3,"DemandMax":null,"Value":748},{"Length":39,"Height":19,"Demand":4,"DemandMax":null,"Value":741},{"Length":37,"Height":20,"Demand":1,"DemandMax":null,"Value":740},{"Length":46,"Height":16,"Demand":1,"DemandMax":null,"Value":736},{"Length":32,"Height":23,"Demand":2,"DemandMax":null,"Value":736},{"Length":33,"Height":22,"Demand":3,"DemandMax":null,"Value":726},{"Length":29,"Height":25,"Demand":3,"DemandMax":null,"Value":725},{"Length":38,"Height":19,"Demand":2,"DemandMax":null,"Value":722},{"Length":34,"Height":21,"Demand":2,"DemandMax":null,"Value":714},{"Length":51,"Height":14,"Demand":2,"DemandMax":null,"Value":714},{"Length":31,"Height":23,"Demand":3,"DemandMax":null,"Value":713},{"Length":59,"Height":12,"Demand":3,"DemandMax":null,"Value":708},{"Length":32,"Height":22,"Demand":2,"DemandMax":null,"Value":704},{"Length":41,"Height":17,"Demand":3,"DemandMax":null,"Value":697},{"Length":29,"Height":24,"Demand":4,"DemandMax":null,"Value":696},{"Length":33,"Height":21,"Demand":3,"DemandMax":null,"Value":693},{"Length":30,"Height":23,"Demand":3,"DemandMax":null,"Value":690},{"Length":53,"Height":13,"Demand":2,"DemandMax":null,"Value":689},{"Length":49,"Height":14,"Demand":1,"DemandMax":null,"Value":686},{"Length":36,"Height":19,"Demand":1,"DemandMax":null,"Value":684},{"Length":31,"Height":22,"Demand":2,"DemandMax":null,"Value":682},{"Length":34,"Height":20,"Demand":2,"DemandMax":null,"Value":680},{"Length":40,"Height":17,"Demand":3,"DemandMax":null,"Value":680},{"Length":52,"Height":13,"Demand":3,"DemandMax":null,"Value":676},{"Length":27,"Height":25,"Demand":4,"DemandMax":null,"Value":675},{"Length":45,"Height":15,"Demand":6,"DemandMax":null,"Value":675},{"Length":32,"Height":21,"Demand":2,"DemandMax":null,"Value":672},{"Length":42,"Height":16,"Demand":3,"DemandMax":null,"Value":672},{"Length":35,"Height":19,"Demand":4,"DemandMax":null,"Value":665},{"Length":60,"Height":11,"Demand":2,"DemandMax":null,"Value":660},{"Length":33,"Height":20,"Demand":1,"DemandMax":null,"Value":660},{"Length":41,"Height":16,"Demand":1,"DemandMax":null,"Value":656},{"Length":27,"Height":24,"Demand":5,"DemandMax":null,"Value":648},{"Length":36,"Height":18,"Demand":5,"DemandMax":null,"Value":648},{"Length":54,"Height":12,"Demand":2,"DemandMax":null,"Value":648},{"Length":34,"Height":19,"Demand":3,"DemandMax":null,"Value":646},{"Length":38,"Height":17,"Demand":1,"DemandMax":null,"Value":646},{"Length":32,"Height":20,"Demand":3,"DemandMax":null,"Value":640},{"Length":40,"Height":16,"Demand":3,"DemandMax":null,"Value":640},{"Length":29,"Height":22,"Demand":2,"DemandMax":null,"Value":638},{"Length":49,"Height":13,"Demand":3,"DemandMax":null,"Value":637},{"Length":35,"Height":18,"Demand":7,"DemandMax":null,"Value":630},{"Length":30,"Height":21,"Demand":3,"DemandMax":null,"Value":630},{"Length":45,"Height":14,"Demand":3,"DemandMax":null,"Value":630},{"Length":37,"Height":17,"Demand":1,"DemandMax":null,"Value":629},{"Length":33,"Height":19,"Demand":1,"DemandMax":null,"Value":627},{"Length":25,"Height":25,"Demand":2,"DemandMax":null,"Value":625},{"Length":39,"Height":16,"Demand":1,"DemandMax":null,"Value":624},{"Length":31,"Height":20,"Demand":2,"DemandMax":null,"Value":620},{"Length":28,"Height":22,"Demand":2,"DemandMax":null,"Value":616},{"Length":38,"Height":16,"Demand":2,"DemandMax":null,"Value":608},{"Length":55,"Height":11,"Demand":3,"DemandMax":null,"Value":605},{"Length":43,"Height":14,"Demand":1,"DemandMax":null,"Value":602},{"Length":50,"Height":12,"Demand":3,"DemandMax":null,"Value":600},{"Length":26,"Height":23,"Demand":2,"DemandMax":null,"Value":598},{"Length":35,"Height":17,"Demand":2,"DemandMax":null,"Value":595},{"Length":37,"Height":16,"Demand":1,"DemandMax":null,"Value":592},{"Length":28,"Height":21,"Demand":4,"DemandMax":null,"Value":588},{"Length":42,"Height":14,"Demand":3,"DemandMax":null,"Value":588},{"Length":39,"Height":15,"Demand":5,"DemandMax":null,"Value":585},{"Length":48,"Height":12,"Demand":2,"DemandMax":null,"Value":576},{"Length":32,"Height":18,"Demand":4,"DemandMax":null,"Value":576},{"Length":52,"Height":11,"Demand":5,"DemandMax":null,"Value":572},{"Length":26,"Height":22,"Demand":1,"DemandMax":null,"Value":572},{"Length":38,"Height":15,"Demand":3,"DemandMax":null,"Value":570},{"Length":30,"Height":19,"Demand":1,"DemandMax":null,"Value":570},{"Length":27,"Height":21,"Demand":3,"DemandMax":null,"Value":567},{"Length":33,"Height":17,"Demand":4,"DemandMax":null,"Value":561},{"Length":35,"Height":16,"Demand":2,"DemandMax":null,"Value":560},{"Length":28,"Height":20,"Demand":5,"DemandMax":null,"Value":560},{"Length":40,"Height":14,"Demand":2,"DemandMax":null,"Value":560},{"Length":43,"Height":13,"Demand":3,"DemandMax":null,"Value":559},{"Length":50,"Height":11,"Demand":3,"DemandMax":null,"Value":550},{"Length":25,"Height":22,"Demand":3,"DemandMax":null,"Value":550},{"Length":32,"Height":17,"Demand":2,"DemandMax":null,"Value":544},{"Length":27,"Height":20,"Demand":7,"DemandMax":null,"Value":540},{"Length":54,"Height":10,"Demand":4,"DemandMax":null,"Value":540},{"Length":30,"Height":18,"Demand":5,"DemandMax":null,"Value":540},{"Length":45,"Height":12,"Demand":2,"DemandMax":null,"Value":540},{"Length":36,"Height":15,"Demand":4,"DemandMax":null,"Value":540},{"Length":49,"Height":11,"Demand":4,"DemandMax":null,"Value":539},{"Length":38,"Height":14,"Demand":4,"DemandMax":null,"Value":532},{"Length":28,"Height":19,"Demand":4,"DemandMax":null,"Value":532},{"Length":23,"Height":23,"Demand":3,"DemandMax":null,"Value":529},{"Length":48,"Height":11,"Demand":3,"DemandMax":null,"Value":528},{"Length":31,"Height":17,"Demand":4,"DemandMax":null,"Value":527},{"Length":35,"Height":15,"Demand":1,"DemandMax":null,"Value":525},{"Length":29,"Height":18,"Demand":2,"DemandMax":null,"Value":522},{"Length":30,"Height":17,"Demand":6,"DemandMax":null,"Value":510},{"Length":34,"Height":15,"Demand":4,"DemandMax":null,"Value":510},{"Length":39,"Height":13,"Demand":1,"DemandMax":null,"Value":507},{"Length":23,"Height":22,"Demand":3,"DemandMax":null,"Value":506},{"Length":42,"Height":12,"Demand":2,"DemandMax":null,"Value":504},{"Length":24,"Height":21,"Demand":1,"DemandMax":null,"Value":504},{"Length":25,"Height":20,"Demand":4,"DemandMax":null,"Value":500},{"Length":26,"Height":19,"Demand":2,"DemandMax":null,"Value":494},{"Length":38,"Height":13,"Demand":3,"DemandMax":null,"Value":494},{"Length":29,"Height":17,"Demand":1,"DemandMax":null,"Value":493},{"Length":27,"Height":18,"Demand":2,"DemandMax":null,"Value":486},{"Length":22,"Height":22,"Demand":5,"DemandMax":null,"Value":484},{"Length":44,"Height":11,"Demand":3,"DemandMax":null,"Value":484},{"Length":32,"Height":15,"Demand":4,"DemandMax":null,"Value":480},{"Length":30,"Height":16,"Demand":3,"DemandMax":null,"Value":480},{"Length":34,"Height":14,"Demand":2,"DemandMax":null,"Value":476},{"Length":25,"Height":19,"Demand":2,"DemandMax":null,"Value":475},{"Length":47,"Height":10,"Demand":5,"DemandMax":null,"Value":470},{"Length":26,"Height":18,"Demand":1,"DemandMax":null,"Value":468},{"Length":36,"Height":13,"Demand":3,"DemandMax":null,"Value":468},{"Length":39,"Height":12,"Demand":4,"DemandMax":null,"Value":468},{"Length":31,"Height":15,"Demand":1,"DemandMax":null,"Value":465},{"Length":22,"Height":21,"Demand":4,"DemandMax":null,"Value":462},{"Length":23,"Height":20,"Demand":4,"DemandMax":null,"Value":460},{"Length":46,"Height":10,"Demand":1,"DemandMax":null,"Value":460},{"Length":30,"Height":15,"Demand":3,"DemandMax":null,"Value":450},{"Length":28,"Height":16,"Demand":2,"DemandMax":null,"Value":448},{"Length":32,"Height":14,"Demand":4,"DemandMax":null,"Value":448},{"Length":26,"Height":17,"Demand":3,"DemandMax":null,"Value":442},{"Length":21,"Height":21,"Demand":3,"DemandMax":null,"Value":441},{"Length":40,"Height":11,"Demand":2,"DemandMax":null,"Value":440},{"Length":44,"Height":10,"Demand":1,"DemandMax":null,"Value":440},{"Length":22,"Height":20,"Demand":2,"DemandMax":null,"Value":440},{"Length":27,"Height":16,"Demand":6,"DemandMax":null,"Value":432},{"Length":24,"Height":18,"Demand":3,"DemandMax":null,"Value":432},{"Length":39,"Height":11,"Demand":2,"DemandMax":null,"Value":429},{"Length":25,"Height":17,"Demand":2,"DemandMax":null,"Value":425},{"Length":22,"Height":19,"Demand":2,"DemandMax":null,"Value":418},{"Length":32,"Height":13,"Demand":2,"DemandMax":null,"Value":416},{"Length":41,"Height":10,"Demand":3,"DemandMax":null,"Value":410},{"Length":37,"Height":11,"Demand":8,"DemandMax":null,"Value":407},{"Length":31,"Height":13,"Demand":4,"DemandMax":null,"Value":403},{"Length":20,"Height":20,"Demand":2,"DemandMax":null,"Value":400},{"Length":21,"Height":19,"Demand":3,"DemandMax":null,"Value":399},{"Length":33,"Height":12,"Demand":2,"DemandMax":null,"Value":396},{"Length":23,"Height":17,"Demand":4,"DemandMax":null,"Value":391},{"Length":39,"Height":10,"Demand":7,"DemandMax":null,"Value":390},{"Length":30,"Height":13,"Demand":1,"DemandMax":null,"Value":390},{"Length":35,"Height":11,"Demand":5,"DemandMax":null,"Value":385},{"Length":24,"Height":16,"Demand":1,"DemandMax":null,"Value":384},{"Length":20,"Height":19,"Demand":3,"DemandMax":null,"Value":380},{"Length":38,"Height":10,"Demand":2,"DemandMax":null,"Value":380},{"Length":21,"Height":18,"Demand":3,"DemandMax":null,"Value":378},{"Length":29,"Height":13,"Demand":2,"DemandMax":null,"Value":377},{"Length":37,"Height":10,"Demand":2,"DemandMax":null,"Value":370},{"Length":28,"Height":13,"Demand":1,"DemandMax":null,"Value":364},{"Length":20,"Height":18,"Demand":4,"DemandMax":null,"Value":360},{"Length":30,"Height":12,"Demand":5,"DemandMax":null,"Value":360},{"Length":24,"Height":15,"Demand":3,"DemandMax":null,"Value":360},{"Length":21,"Height":17,"Demand":2,"DemandMax":null,"Value":357},{"Length":22,"Height":16,"Demand":2,"DemandMax":null,"Value":352},{"Length":27,"Height":13,"Demand":4,"DemandMax":null,"Value":351},{"Length":19,"Height":18,"Demand":1,"DemandMax":null,"Value":342},{"Length":20,"Height":17,"Demand":2,"DemandMax":null,"Value":340},{"Length":34,"Height":10,"Demand":2,"DemandMax":null,"Value":340},{"Length":26,"Height":13,"Demand":1,"DemandMax":null,"Value":338},{"Length":24,"Height":14,"Demand":2,"DemandMax":null,"Value":336},{"Length":28,"Height":12,"Demand":1,"DemandMax":null,"Value":336},{"Length":21,"Height":16,"Demand":1,"DemandMax":null,"Value":336},{"Length":33,"Height":10,"Demand":2,"DemandMax":null,"Value":330},{"Length":20,"Height":16,"Demand":1,"DemandMax":null,"Value":320},{"Length":21,"Height":15,"Demand":4,"DemandMax":null,"Value":315},{"Length":26,"Height":12,"Demand":1,"DemandMax":null,"Value":312},{"Length":24,"Height":13,"Demand":6,"DemandMax":null,"Value":312},{"Length":25,"Height":12,"Demand":2,"DemandMax":null,"Value":300},{"Length":26,"Height":11,"Demand":1,"DemandMax":null,"Value":286},{"Length":20,"Height":14,"Demand":2,"DemandMax":null,"Value":280},{"Length":28,"Height":10,"Demand":3,"DemandMax":null,"Value":280},{"Length":21,"Height":13,"Demand":5,"DemandMax":null,"Value":273},{"Length":18,"Height":15,"Demand":4,"DemandMax":null,"Value":270},{"Length":19,"Height":14,"Demand":2,"DemandMax":null,"Value":266},{"Length":22,"Height":12,"Demand":3,"DemandMax":null,"Value":264},{"Length":20,"Height":13,"Demand":2,"DemandMax":null,"Value":260},{"Length":26,"Height":10,"Demand":4,"DemandMax":null,"Value":260},{"Length":17,"Height":15,"Demand":5,"DemandMax":null,"Value":255},{"Length":18,"Height":14,"Demand":1,"DemandMax":null,"Value":252},{"Length":21,"Height":12,"Demand":1,"DemandMax":null,"Value":252},{"Length":22,"Height":11,"Demand":3,"DemandMax":null,"Value":242},{"Length":24,"Height":10,"Demand":1,"DemandMax":null,"Value":240},{"Length":16,"Height":15,"Demand":5,"DemandMax":null,"Value":240},{"Length":20,"Height":12,"Demand":2,"DemandMax":null,"Value":240},{"Length":17,"Height":14,"Demand":3,"DemandMax":null,"Value":238},{"Length":18,"Height":13,"Demand":1,"DemandMax":null,"Value":234},{"Length":21,"Height":11,"Demand":6,"DemandMax":null,"Value":231},{"Length":17,"Height":13,"Demand":2,"DemandMax":null,"Value":221},{"Length":21,"Height":10,"Demand":1,"DemandMax":null,"Value":210},{"Length":17,"Height":12,"Demand":4,"DemandMax":null,"Value":204},{"Length":15,"Height":12,"Demand":1,"DemandMax":null,"Value":180},{"Length":17,"Height":10,"Demand":3,"DemandMax":null,"Value":170},{"Length":12,"Height":12,"Demand":4,"DemandMax":null,"Value":144}]}