{"Name":"MB07_054","Objects":[{"Length":587,"Height":233,"Stock":null,"Cost":136771}],"Items":[{"Length":48,"Height":28,"Demand":117,"DemandMax":null,"Value":1344},{"Length":58,"Height":23,"Demand":136,"DemandMax":null,"Value":1334},{"Length":39,"Height":34,"Demand":126,"DemandMax":null,"Value":1326},{"Length":44,"Height":23,"Demand":114,"DemandMax":null,"Value":1012},{"Length":36,"Height":28,"Demand":125,"DemandMax":null,"Value":1008},{"Length":41,"Height":22,"Demand":118,"DemandMax":null,"Value":902},{"Length":46,"Height":16,"Demand":127,"DemandMax":null,"Value":736},{"Length":27,"Height":24,"Demand":125,"DemandMax":null,"Value":648},{"Length":37,"Height":17,"Demand":116,"DemandMax":null,"Value":629},{"Length":29,"Height":19,"Demand":123,"DemandMax":null,"Value":551},{"Length":26,"Height":18,"Demand":116,"DemandMax":null,"Value":468},{"Length":28,"Height":16,"Demand":114,"DemandMax":null,"Value":448},{"Length":20,"Height":16,"Demand":137,"DemandMax":null,"Value":320},{"Length":18,"Height":15,"Demand":117,"DemandMax":null,"Value":270}]}