{"Name":"MB09_073","Objects":[{"Length":432,"Height":79,"Stock":null,"Cost":34128}],"Items":[{"Length":59,"Height":30,"Demand":35,"DemandMax":null,"Value":1770},{"Length":45,"Height":37,"Demand":47,"DemandMax":null,"Value":1665},{"Length":51,"Height":31,"Demand":49,"DemandMax":null,"Value":1581},{"Length":41,"Height":35,"Demand":53,"DemandMax":null,"Value":1435},{"Length":56,"Height":23,"Demand":56,"DemandMax":null,"Value":1288},{"Length":35,"Height":34,"Demand":58,"DemandMax":null,"Value":1190},{"Length":36,"Height":33,"Demand":48,"DemandMax":null,"Value":1188},{"Length":45,"Height":24,"Demand":43,"DemandMax":null,"Value":1080},{"Length":35,"Height":30,"Demand":43,"DemandMax":null,"Value":1050},{"Length":36,"Height":29,"Demand":46,"DemandMax":null,"Value":1044},{"Length":40,"Height":25,"Demand":46,"DemandMax":null,"Value":1000},{"Length":47,"Height":21,"Demand":52,"DemandMax":null,"Value":987},{"Length":51,"Height":19,"Demand":58,"DemandMax":null,"Value":969},{"Length":31,"Height":28,"Demand":49,"DemandMax":null,"Value":868},{"Length":30,"Height":28,"Demand":61,"DemandMax":null,"Value":840},{"Length":31,"Height":26,"Demand":49,"DemandMax":null,"Value":806},{"Length":30,"Height":24,"Demand":45,"DemandMax":null,"Value":720},{"Length":40,"Height":17,"Demand":57,"DemandMax":null,"Value":680},{"Length":50,"Height":13,"Demand":50,"DemandMax":null,"Value":650},{"Length":26,"Height":25,"Demand":48,"DemandMax":null,"Value":650},{"Length":28,"Height":23,"Demand":64,"DemandMax":null,"Value":644},{"Length":33,"Height":19,"Demand":48,"DemandMax":null,"Value":627},{"Length":48,"Height":13,"Demand":51,"DemandMax":null,"Value":624},{"Length":38,"Height":15,"Demand":64,"DemandMax":null,"Value":570},{"Length":28,"Height":20,"Demand":54,"DemandMax":null,"Value":560},{"Length":25,"Height":21,"Demand":57,"DemandMax":null,"Value":525},{"Length":23,"Height":22,"Demand":45,"DemandMax":null,"Value":506},{"Length":25,"Height":20,"Demand":61,"DemandMax":null,"Value":500},{"Length":28,"Height":17,"Demand":62,"DemandMax":null,"Value":476},{"Length":21,"Height":10,"Demand":43,"DemandMax":null,"Value":210}]}