{"Name":"MB08_026","Objects":[{"Length":587,"Height":233,"Stock":null,"Cost":136771}],"Items":[{"Length":57,"Height":47,"Demand":19,"DemandMax":null,"Value":2679},{"Length":57,"Height":40,"Demand":11,"DemandMax":null,"Value":2280},{"Length":57,"Height":35,"Demand":24,"DemandMax":null,"Value":1995},{"Length":52,"Height":38,"Demand":18,"DemandMax":null,"Value":1976},{"Length":58,"Height":33,"Demand":26,"DemandMax":null,"Value":1914},{"Length":45,"Height":42,"Demand":20,"DemandMax":null,"Value":1890},{"Length":47,"Height":37,"Demand":14,"DemandMax":null,"Value":1739},{"Length":45,"Height":38,"Demand":18,"DemandMax":null,"Value":1710},{"Length":40,"Height":39,"Demand":20,"DemandMax":null,"Value":1560},{"Length":42,"Height":37,"Demand":24,"DemandMax":null,"Value":1554},{"Length":39,"Height":36,"Demand":13,"DemandMax":null,"Value":1404},{"Length":50,"Height":28,"Demand":21,"DemandMax":null,"Value":1400},{"Length":45,"Height":31,"Demand":20,"DemandMax":null,"Value":1395},{"Length":37,"Height":36,"Demand":26,"DemandMax":null,"Value":1332},{"Length":55,"Height":24,"Demand":19,"DemandMax":null,"Value":1320},{"Length":42,"Height":29,"Demand":16,"DemandMax":null,"Value":1218},{"Length":52,"Height":23,"Demand":13,"DemandMax":null,"Value":1196},{"Length":36,"Height":32,"Demand":32,"DemandMax":null,"Value":1152},{"Length":48,"Height":24,"Demand":22,"DemandMax":null,"Value":1152},{"Length":36,"Height":31,"Demand":18,"DemandMax":null,"Value":1116},{"Length":39,"Height":28,"Demand":12,"DemandMax":null,"Value":1092},{"Length":34,"Height":32,"Demand":20,"DemandMax":null,"Value":1088},{"Length":59,"Height":18,"Demand":15,"DemandMax":null,"Value":1062},{"Length":47,"Height":22,"Demand":24,"DemandMax":null,"Value":1034},{"Length":50,"Height":20,"Demand":21,"DemandMax":null,"Value":1000},{"Length":33,"Height":30,"Demand":7,"DemandMax":null,"Value":990},{"Length":33,"Height":29,"Demand":19,"DemandMax":null,"Value":957},{"Length":50,"Height":19,"Demand":18,"DemandMax":null,"Value":950},{"Length":50,"Height":18,"Demand":19,"DemandMax":null,"Value":900},{"Length":36,"Height":25,"Demand":27,"DemandMax":null,"Value":900},{"Length":32,"Height":28,"Demand":12,"DemandMax":null,"Value":896},{"Length":34,"Height":26,"Demand":21,"DemandMax":null,"Value":884},{"Length":32,"Height":27,"Demand":18,"DemandMax":null,"Value":864},{"Length":47,"Height":18,"Demand":17,"DemandMax":null,"Value":846},{"Length":29,"Height":29,"Demand":24,"DemandMax":null,"Value":841},{"Length":42,"Height":20,"Demand":18,"DemandMax":null,"Value":840},{"Length":31,"Height":27,"Demand":14,"DemandMax":null,"Value":837},{"Length":45,"Height":18,"Demand":15,"DemandMax":null,"Value":810},{"Length":32,"Height":25,"Demand":20,"DemandMax":null,"Value":800},{"Length":28,"Height":28,"Demand":16,"DemandMax":null,"Value":784},{"Length":35,"Height":22,"Demand":21,"DemandMax":null,"Value":770},{"Length":48,"Height":15,"Demand":28,"DemandMax":null,"Value":720},{"Length":34,"Height":21,"Demand":16,"DemandMax":null,"Value":714},{"Length":39,"Height":18,"Demand":20,"DemandMax":null,"Value":702},{"Length":41,"Height":17,"Demand":19,"DemandMax":null,"Value":697},{"Length":47,"Height":14,"Demand":17,"DemandMax":null,"Value":658},{"Length":27,"Height":24,"Demand":18,"DemandMax":null,"Value":648},{"Length":36,"Height":18,"Demand":20,"DemandMax":null,"Value":648},{"Length":27,"Height":23,"Demand":22,"DemandMax":null,"Value":621},{"Length":26,"Height":23,"Demand":21,"DemandMax":null,"Value":598},{"Length":32,"Height":18,"Demand":15,"DemandMax":null,"Value":576},{"Length":26,"Height":22,"Demand":12,"DemandMax":null,"Value":572},{"Length":31,"Height":18,"Demand":19,"DemandMax":null,"Value":558},{"Length":32,"Height":17,"Demand":20,"DemandMax":null,"Value":544},{"Length":44,"Height":12,"Demand":19,"DemandMax":null,"Value":528},{"Length":26,"Height":20,"Demand":20,"DemandMax":null,"Value":520},{"Length":47,"Height":11,"Demand":15,"DemandMax":null,"Value":517},{"Length":43,"Height":12,"Demand":18,"DemandMax":null,"Value":516},{"Length":29,"Height":17,"Demand":14,"DemandMax":null,"Value":493},{"Length":40,"Height":12,"Demand":13,"DemandMax":null,"Value":480},{"Length":28,"Height":17,"Demand":16,"DemandMax":null,"Value":476},{"Length":26,"Height":18,"Demand":15,"DemandMax":null,"Value":468},{"Length":32,"Height":14,"Demand":23,"DemandMax":null,"Value":448},{"Length":24,"Height":18,"Demand":15,"DemandMax":null,"Value":432},{"Length":33,"Height":13,"Demand":18,"DemandMax":null,"Value":429},{"Length":27,"Height":15,"Demand":22,"DemandMax":null,"Value":405},{"Length":27,"Height":14,"Demand":19,"DemandMax":null,"Value":378},{"Length":25,"Height":15,"Demand":15,"DemandMax":null,"Value":375},{"Length":34,"Height":11,"Demand":21,"DemandMax":null,"Value":374},{"Length":30,"Height":12,"Demand":21,"DemandMax":null,"Value":360},{"Length":20,"Height":17,"Demand":16,"DemandMax":null,"Value":340},{"Length":21,"Height":15,"Demand":14,"DemandMax":null,"Value":315},{"Length":28,"Height":11,"Demand":24,"DemandMax":null,"Value":308},{"Length":22,"Height":10,"Demand":22,"DemandMax":null,"Value":220},{"Length":18,"Height":12,"Demand":21,"DemandMax":null,"Value":216}]}