{"Name":"MB08_089","Objects":[{"Length":587,"Height":233,"Stock":null,"Cost":136771}],"Items":[{"Length":57,"Height":47,"Demand":6,"DemandMax":null,"Value":2679},{"Length":54,"Height":49,"Demand":4,"DemandMax":null,"Value":2646},{"Length":59,"Height":44,"Demand":5,"DemandMax":null,"Value":2596},{"Length":54,"Height":46,"Demand":3,"DemandMax":null,"Value":2484},{"Length":59,"Height":41,"Demand":5,"DemandMax":null,"Value":2419},{"Length":49,"Height":47,"Demand":1,"DemandMax":null,"Value":2303},{"Length":50,"Height":45,"Demand":4,"DemandMax":null,"Value":2250},{"Length":57,"Height":39,"Demand":4,"DemandMax":null,"Value":2223},{"Length":57,"Height":38,"Demand":4,"DemandMax":null,"Value":2166},{"Length":47,"Height":46,"Demand":3,"DemandMax":null,"Value":2162},{"Length":48,"Height":45,"Demand":6,"DemandMax":null,"Value":2160},{"Length":55,"Height":37,"Demand":3,"DemandMax":null,"Value":2035},{"Length":48,"Height":42,"Demand":5,"DemandMax":null,"Value":2016},{"Length":54,"Height":37,"Demand":3,"DemandMax":null,"Value":1998},{"Length":60,"Height":33,"Demand":3,"DemandMax":null,"Value":1980},{"Length":49,"Height":40,"Demand":3,"DemandMax":null,"Value":1960},{"Length":59,"Height":33,"Demand":3,"DemandMax":null,"Value":1947},{"Length":54,"Height":36,"Demand":5,"DemandMax":null,"Value":1944},{"Length":55,"Height":35,"Demand":7,"DemandMax":null,"Value":1925},{"Length":52,"Height":37,"Demand":5,"DemandMax":null,"Value":1924},{"Length":48,"Height":40,"Demand":3,"DemandMax":null,"Value":1920},{"Length":49,"Height":39,"Demand":5,"DemandMax":null,"Value":1911},{"Length":50,"Height":38,"Demand":3,"DemandMax":null,"Value":1900},{"Length":48,"Height":39,"Demand":5,"DemandMax":null,"Value":1872},{"Length":49,"Height":38,"Demand":7,"DemandMax":null,"Value":1862},{"Length":47,"Height":39,"Demand":6,"DemandMax":null,"Value":1833},{"Length":57,"Height":32,"Demand":6,"DemandMax":null,"Value":1824},{"Length":45,"Height":40,"Demand":5,"DemandMax":null,"Value":1800},{"Length":46,"Height":39,"Demand":5,"DemandMax":null,"Value":1794},{"Length":52,"Height":34,"Demand":3,"DemandMax":null,"Value":1768},{"Length":49,"Height":36,"Demand":1,"DemandMax":null,"Value":1764},{"Length":44,"Height":40,"Demand":1,"DemandMax":null,"Value":1760},{"Length":55,"Height":32,"Demand":4,"DemandMax":null,"Value":1760},{"Length":46,"Height":38,"Demand":8,"DemandMax":null,"Value":1748},{"Length":47,"Height":37,"Demand":7,"DemandMax":null,"Value":1739},{"Length":51,"Height":34,"Demand":6,"DemandMax":null,"Value":1734},{"Length":49,"Height":35,"Demand":9,"DemandMax":null,"Value":1715},{"Length":41,"Height":41,"Demand":4,"DemandMax":null,"Value":1681},{"Length":54,"Height":31,"Demand":3,"DemandMax":null,"Value":1674},{"Length":55,"Height":30,"Demand":9,"DemandMax":null,"Value":1650},{"Length":50,"Height":33,"Demand":8,"DemandMax":null,"Value":1650},{"Length":41,"Height":40,"Demand":3,"DemandMax":null,"Value":1640},{"Length":45,"Height":36,"Demand":9,"DemandMax":null,"Value":1620},{"Length":52,"Height":31,"Demand":9,"DemandMax":null,"Value":1612},{"Length":56,"Height":28,"Demand":3,"DemandMax":null,"Value":1568},{"Length":54,"Height":29,"Demand":3,"DemandMax":null,"Value":1566},{"Length":40,"Height":39,"Demand":7,"DemandMax":null,"Value":1560},{"Length":44,"Height":35,"Demand":6,"DemandMax":null,"Value":1540},{"Length":45,"Height":34,"Demand":2,"DemandMax":null,"Value":1530},{"Length":51,"Height":30,"Demand":4,"DemandMax":null,"Value":1530},{"Length":46,"Height":33,"Demand":3,"DemandMax":null,"Value":1518},{"Length":42,"Height":36,"Demand":6,"DemandMax":null,"Value":1512},{"Length":47,"Height":32,"Demand":2,"DemandMax":null,"Value":1504},{"Length":45,"Height":33,"Demand":4,"DemandMax":null,"Value":1485},{"Length":39,"Height":38,"Demand":3,"DemandMax":null,"Value":1482},{"Length":51,"Height":29,"Demand":4,"DemandMax":null,"Value":1479},{"Length":59,"Height":25,"Demand":4,"DemandMax":null,"Value":1475},{"Length":43,"Height":34,"Demand":3,"DemandMax":null,"Value":1462},{"Length":54,"Height":27,"Demand":3,"DemandMax":null,"Value":1458},{"Length":56,"Height":26,"Demand":6,"DemandMax":null,"Value":1456},{"Length":44,"Height":33,"Demand":4,"DemandMax":null,"Value":1452},{"Length":58,"Height":25,"Demand":4,"DemandMax":null,"Value":1450},{"Length":48,"Height":30,"Demand":7,"DemandMax":null,"Value":1440},{"Length":55,"Height":26,"Demand":3,"DemandMax":null,"Value":1430},{"Length":47,"Height":30,"Demand":2,"DemandMax":null,"Value":1410},{"Length":44,"Height":32,"Demand":1,"DemandMax":null,"Value":1408},{"Length":54,"Height":26,"Demand":5,"DemandMax":null,"Value":1404},{"Length":39,"Height":36,"Demand":4,"DemandMax":null,"Value":1404},{"Length":42,"Height":33,"Demand":5,"DemandMax":null,"Value":1386},{"Length":55,"Height":25,"Demand":5,"DemandMax":null,"Value":1375},{"Length":38,"Height":36,"Demand":1,"DemandMax":null,"Value":1368},{"Length":57,"Height":24,"Demand":7,"DemandMax":null,"Value":1368},{"Length":43,"Height":31,"Demand":5,"DemandMax":null,"Value":1333},{"Length":47,"Height":28,"Demand":3,"DemandMax":null,"Value":1316},{"Length":41,"Height":32,"Demand":5,"DemandMax":null,"Value":1312},{"Length":50,"Height":26,"Demand":5,"DemandMax":null,"Value":1300},{"Length":37,"Height":35,"Demand":3,"DemandMax":null,"Value":1295},{"Length":39,"Height":33,"Demand":4,"DemandMax":null,"Value":1287},{"Length":49,"Height":26,"Demand":10,"DemandMax":null,"Value":1274},{"Length":47,"Height":27,"Demand":3,"DemandMax":null,"Value":1269},{"Length":36,"Height":35,"Demand":2,"DemandMax":null,"Value":1260},{"Length":37,"Height":34,"Demand":6,"DemandMax":null,"Value":1258},{"Length":57,"Height":22,"Demand":5,"DemandMax":null,"Value":1254},{"Length":48,"Height":26,"Demand":4,"DemandMax":null,"Value":1248},{"Length":35,"Height":35,"Demand":4,"DemandMax":null,"Value":1225},{"Length":37,"Height":33,"Demand":3,"DemandMax":null,"Value":1221},{"Length":42,"Height":29,"Demand":4,"DemandMax":null,"Value":1218},{"Length":38,"Height":32,"Demand":4,"DemandMax":null,"Value":1216},{"Length":45,"Height":27,"Demand":2,"DemandMax":null,"Value":1215},{"Length":48,"Height":25,"Demand":3,"DemandMax":null,"Value":1200},{"Length":57,"Height":21,"Demand":2,"DemandMax":null,"Value":1197},{"Length":52,"Height":23,"Demand":6,"DemandMax":null,"Value":1196},{"Length":35,"Height":34,"Demand":2,"DemandMax":null,"Value":1190},{"Length":44,"Height":27,"Demand":4,"DemandMax":null,"Value":1188},{"Length":36,"Height":33,"Demand":3,"DemandMax":null,"Value":1188},{"Length":37,"Height":32,"Demand":7,"DemandMax":null,"Value":1184},{"Length":38,"Height":31,"Demand":5,"DemandMax":null,"Value":1178},{"Length":42,"Height":28,"Demand":1,"DemandMax":null,"Value":1176},{"Length":45,"Height":26,"Demand":3,"DemandMax":null,"Value":1170},{"Length":39,"Height":30,"Demand":4,"DemandMax":null,"Value":1170},{"Length":34,"Height":34,"Demand":3,"DemandMax":null,"Value":1156},{"Length":36,"Height":32,"Demand":6,"DemandMax":null,"Value":1152},{"Length":37,"Height":31,"Demand":5,"DemandMax":null,"Value":1147},{"Length":54,"Height":21,"Demand":2,"DemandMax":null,"Value":1134},{"Length":47,"Height":24,"Demand":5,"DemandMax":null,"Value":1128},{"Length":35,"Height":32,"Demand":7,"DemandMax":null,"Value":1120},{"Length":36,"Height":31,"Demand":3,"DemandMax":null,"Value":1116},{"Length":42,"Height":26,"Demand":3,"DemandMax":null,"Value":1092},{"Length":35,"Height":31,"Demand":4,"DemandMax":null,"Value":1085},{"Length":47,"Height":23,"Demand":4,"DemandMax":null,"Value":1081},{"Length":40,"Height":27,"Demand":3,"DemandMax":null,"Value":1080},{"Length":51,"Height":21,"Demand":9,"DemandMax":null,"Value":1071},{"Length":56,"Height":19,"Demand":6,"DemandMax":null,"Value":1064},{"Length":38,"Height":28,"Demand":3,"DemandMax":null,"Value":1064},{"Length":42,"Height":25,"Demand":4,"DemandMax":null,"Value":1050},{"Length":37,"Height":28,"Demand":3,"DemandMax":null,"Value":1036},{"Length":47,"Height":22,"Demand":2,"DemandMax":null,"Value":1034},{"Length":38,"Height":27,"Demand":3,"DemandMax":null,"Value":1026},{"Length":41,"Height":25,"Demand":4,"DemandMax":null,"Value":1025},{"Length":32,"Height":32,"Demand":3,"DemandMax":null,"Value":1024},{"Length":33,"Height":31,"Demand":5,"DemandMax":null,"Value":1023},{"Length":46,"Height":22,"Demand":4,"DemandMax":null,"Value":1012},{"Length":44,"Height":23,"Demand":3,"DemandMax":null,"Value":1012},{"Length":42,"Height":24,"Demand":2,"DemandMax":null,"Value":1008},{"Length":50,"Height":20,"Demand":5,"DemandMax":null,"Value":1000},{"Length":37,"Height":27,"Demand":2,"DemandMax":null,"Value":999},{"Length":32,"Height":31,"Demand":6,"DemandMax":null,"Value":992},{"Length":33,"Height":30,"Demand":2,"DemandMax":null,"Value":990},{"Length":58,"Height":17,"Demand":5,"DemandMax":null,"Value":986},{"Length":35,"Height":28,"Demand":4,"DemandMax":null,"Value":980},{"Length":39,"Height":25,"Demand":5,"DemandMax":null,"Value":975},{"Length":44,"Height":22,"Demand":3,"DemandMax":null,"Value":968},{"Length":37,"Height":26,"Demand":5,"DemandMax":null,"Value":962},{"Length":48,"Height":20,"Demand":4,"DemandMax":null,"Value":960},{"Length":60,"Height":16,"Demand":4,"DemandMax":null,"Value":960},{"Length":47,"Height":20,"Demand":2,"DemandMax":null,"Value":940},{"Length":49,"Height":19,"Demand":2,"DemandMax":null,"Value":931},{"Length":44,"Height":21,"Demand":3,"DemandMax":null,"Value":924},{"Length":40,"Height":23,"Demand":5,"DemandMax":null,"Value":920},{"Length":35,"Height":26,"Demand":3,"DemandMax":null,"Value":910},{"Length":45,"Height":20,"Demand":4,"DemandMax":null,"Value":900},{"Length":36,"Height":25,"Demand":2,"DemandMax":null,"Value":900},{"Length":31,"Height":29,"Demand":3,"DemandMax":null,"Value":899},{"Length":34,"Height":26,"Demand":4,"DemandMax":null,"Value":884},{"Length":52,"Height":17,"Demand":8,"DemandMax":null,"Value":884},{"Length":46,"Height":19,"Demand":3,"DemandMax":null,"Value":874},{"Length":30,"Height":29,"Demand":4,"DemandMax":null,"Value":870},{"Length":31,"Height":28,"Demand":3,"DemandMax":null,"Value":868},{"Length":32,"Height":27,"Demand":5,"DemandMax":null,"Value":864},{"Length":39,"Height":22,"Demand":12,"DemandMax":null,"Value":858},{"Length":33,"Height":26,"Demand":5,"DemandMax":null,"Value":858},{"Length":34,"Height":25,"Demand":10,"DemandMax":null,"Value":850},{"Length":53,"Height":16,"Demand":1,"DemandMax":null,"Value":848},{"Length":35,"Height":24,"Demand":7,"DemandMax":null,"Value":840},{"Length":31,"Height":27,"Demand":2,"DemandMax":null,"Value":837},{"Length":38,"Height":22,"Demand":3,"DemandMax":null,"Value":836},{"Length":59,"Height":14,"Demand":3,"DemandMax":null,"Value":826},{"Length":33,"Height":25,"Demand":4,"DemandMax":null,"Value":825},{"Length":34,"Height":24,"Demand":6,"DemandMax":null,"Value":816},{"Length":51,"Height":16,"Demand":6,"DemandMax":null,"Value":816},{"Length":37,"Height":22,"Demand":3,"DemandMax":null,"Value":814},{"Length":54,"Height":15,"Demand":8,"DemandMax":null,"Value":810},{"Length":45,"Height":18,"Demand":5,"DemandMax":null,"Value":810},{"Length":35,"Height":23,"Demand":2,"DemandMax":null,"Value":805},{"Length":40,"Height":20,"Demand":7,"DemandMax":null,"Value":800},{"Length":32,"Height":25,"Demand":5,"DemandMax":null,"Value":800},{"Length":33,"Height":24,"Demand":8,"DemandMax":null,"Value":792},{"Length":44,"Height":18,"Demand":2,"DemandMax":null,"Value":792},{"Length":28,"Height":28,"Demand":4,"DemandMax":null,"Value":784},{"Length":56,"Height":14,"Demand":3,"DemandMax":null,"Value":784},{"Length":34,"Height":23,"Demand":3,"DemandMax":null,"Value":782},{"Length":39,"Height":20,"Demand":2,"DemandMax":null,"Value":780},{"Length":48,"Height":16,"Demand":7,"DemandMax":null,"Value":768},{"Length":45,"Height":17,"Demand":4,"DemandMax":null,"Value":765},{"Length":38,"Height":20,"Demand":4,"DemandMax":null,"Value":760},{"Length":33,"Height":23,"Demand":5,"DemandMax":null,"Value":759},{"Length":36,"Height":21,"Demand":8,"DemandMax":null,"Value":756},{"Length":28,"Height":27,"Demand":2,"DemandMax":null,"Value":756},{"Length":30,"Height":25,"Demand":3,"DemandMax":null,"Value":750},{"Length":34,"Height":22,"Demand":4,"DemandMax":null,"Value":748},{"Length":37,"Height":20,"Demand":6,"DemandMax":null,"Value":740},{"Length":35,"Height":21,"Demand":5,"DemandMax":null,"Value":735},{"Length":49,"Height":15,"Demand":6,"DemandMax":null,"Value":735},{"Length":28,"Height":26,"Demand":4,"DemandMax":null,"Value":728},{"Length":29,"Height":25,"Demand":4,"DemandMax":null,"Value":725},{"Length":38,"Height":19,"Demand":3,"DemandMax":null,"Value":722},{"Length":36,"Height":20,"Demand":8,"DemandMax":null,"Value":720},{"Length":48,"Height":15,"Demand":10,"DemandMax":null,"Value":720},{"Length":40,"Height":18,"Demand":4,"DemandMax":null,"Value":720},{"Length":55,"Height":13,"Demand":2,"DemandMax":null,"Value":715},{"Length":34,"Height":21,"Demand":2,"DemandMax":null,"Value":714},{"Length":31,"Height":23,"Demand":4,"DemandMax":null,"Value":713},{"Length":44,"Height":16,"Demand":5,"DemandMax":null,"Value":704},{"Length":54,"Height":13,"Demand":4,"DemandMax":null,"Value":702},{"Length":27,"Height":26,"Demand":1,"DemandMax":null,"Value":702},{"Length":41,"Height":17,"Demand":5,"DemandMax":null,"Value":697},{"Length":58,"Height":12,"Demand":5,"DemandMax":null,"Value":696},{"Length":29,"Height":24,"Demand":2,"DemandMax":null,"Value":696},{"Length":33,"Height":21,"Demand":5,"DemandMax":null,"Value":693},{"Length":46,"Height":15,"Demand":6,"DemandMax":null,"Value":690},{"Length":36,"Height":19,"Demand":6,"DemandMax":null,"Value":684},{"Length":28,"Height":24,"Demand":8,"DemandMax":null,"Value":672},{"Length":48,"Height":14,"Demand":5,"DemandMax":null,"Value":672},{"Length":32,"Height":21,"Demand":5,"DemandMax":null,"Value":672},{"Length":29,"Height":23,"Demand":2,"DemandMax":null,"Value":667},{"Length":37,"Height":18,"Demand":3,"DemandMax":null,"Value":666},{"Length":35,"Height":19,"Demand":5,"DemandMax":null,"Value":665},{"Length":30,"Height":22,"Demand":5,"DemandMax":null,"Value":660},{"Length":31,"Height":21,"Demand":1,"DemandMax":null,"Value":651},{"Length":26,"Height":25,"Demand":5,"DemandMax":null,"Value":650},{"Length":36,"Height":18,"Demand":3,"DemandMax":null,"Value":648},{"Length":38,"Height":17,"Demand":6,"DemandMax":null,"Value":646},{"Length":28,"Height":23,"Demand":6,"DemandMax":null,"Value":644},{"Length":49,"Height":13,"Demand":2,"DemandMax":null,"Value":637},{"Length":42,"Height":15,"Demand":4,"DemandMax":null,"Value":630},{"Length":35,"Height":18,"Demand":3,"DemandMax":null,"Value":630},{"Length":33,"Height":19,"Demand":5,"DemandMax":null,"Value":627},{"Length":25,"Height":25,"Demand":3,"DemandMax":null,"Value":625},{"Length":48,"Height":13,"Demand":6,"DemandMax":null,"Value":624},{"Length":28,"Height":22,"Demand":2,"DemandMax":null,"Value":616},{"Length":36,"Height":17,"Demand":4,"DemandMax":null,"Value":612},{"Length":29,"Height":21,"Demand":2,"DemandMax":null,"Value":609},{"Length":38,"Height":16,"Demand":3,"DemandMax":null,"Value":608},{"Length":43,"Height":14,"Demand":5,"DemandMax":null,"Value":602},{"Length":30,"Height":20,"Demand":3,"DemandMax":null,"Value":600},{"Length":40,"Height":15,"Demand":4,"DemandMax":null,"Value":600},{"Length":35,"Height":17,"Demand":5,"DemandMax":null,"Value":595},{"Length":27,"Height":22,"Demand":3,"DemandMax":null,"Value":594},{"Length":33,"Height":18,"Demand":2,"DemandMax":null,"Value":594},{"Length":31,"Height":19,"Demand":3,"DemandMax":null,"Value":589},{"Length":39,"Height":15,"Demand":3,"DemandMax":null,"Value":585},{"Length":29,"Height":20,"Demand":6,"DemandMax":null,"Value":580},{"Length":34,"Height":17,"Demand":5,"DemandMax":null,"Value":578},{"Length":32,"Height":18,"Demand":4,"DemandMax":null,"Value":576},{"Length":26,"Height":22,"Demand":5,"DemandMax":null,"Value":572},{"Length":47,"Height":12,"Demand":1,"DemandMax":null,"Value":564},{"Length":28,"Height":20,"Demand":2,"DemandMax":null,"Value":560},{"Length":37,"Height":15,"Demand":10,"DemandMax":null,"Value":555},{"Length":24,"Height":23,"Demand":2,"DemandMax":null,"Value":552},{"Length":25,"Height":22,"Demand":1,"DemandMax":null,"Value":550},{"Length":32,"Height":17,"Demand":2,"DemandMax":null,"Value":544},{"Length":34,"Height":16,"Demand":3,"DemandMax":null,"Value":544},{"Length":30,"Height":18,"Demand":5,"DemandMax":null,"Value":540},{"Length":36,"Height":15,"Demand":7,"DemandMax":null,"Value":540},{"Length":28,"Height":19,"Demand":2,"DemandMax":null,"Value":532},{"Length":38,"Height":14,"Demand":6,"DemandMax":null,"Value":532},{"Length":31,"Height":17,"Demand":5,"DemandMax":null,"Value":527},{"Length":26,"Height":20,"Demand":2,"DemandMax":null,"Value":520},{"Length":47,"Height":11,"Demand":7,"DemandMax":null,"Value":517},{"Length":27,"Height":19,"Demand":8,"DemandMax":null,"Value":513},{"Length":51,"Height":10,"Demand":3,"DemandMax":null,"Value":510},{"Length":39,"Height":13,"Demand":7,"DemandMax":null,"Value":507},{"Length":24,"Height":21,"Demand":4,"DemandMax":null,"Value":504},{"Length":28,"Height":18,"Demand":6,"DemandMax":null,"Value":504},{"Length":36,"Height":14,"Demand":4,"DemandMax":null,"Value":504},{"Length":25,"Height":20,"Demand":4,"DemandMax":null,"Value":500},{"Length":45,"Height":11,"Demand":3,"DemandMax":null,"Value":495},{"Length":26,"Height":19,"Demand":2,"DemandMax":null,"Value":494},{"Length":29,"Height":17,"Demand":3,"DemandMax":null,"Value":493},{"Length":49,"Height":10,"Demand":6,"DemandMax":null,"Value":490},{"Length":22,"Height":22,"Demand":5,"DemandMax":null,"Value":484},{"Length":23,"Height":21,"Demand":5,"DemandMax":null,"Value":483},{"Length":30,"Height":16,"Demand":3,"DemandMax":null,"Value":480},{"Length":25,"Height":19,"Demand":5,"DemandMax":null,"Value":475},{"Length":31,"Height":15,"Demand":2,"DemandMax":null,"Value":465},{"Length":27,"Height":17,"Demand":2,"DemandMax":null,"Value":459},{"Length":30,"Height":15,"Demand":1,"DemandMax":null,"Value":450},{"Length":26,"Height":17,"Demand":6,"DemandMax":null,"Value":442},{"Length":21,"Height":21,"Demand":8,"DemandMax":null,"Value":441},{"Length":44,"Height":10,"Demand":7,"DemandMax":null,"Value":440},{"Length":31,"Height":14,"Demand":7,"DemandMax":null,"Value":434},{"Length":36,"Height":12,"Demand":4,"DemandMax":null,"Value":432},{"Length":27,"Height":16,"Demand":5,"DemandMax":null,"Value":432},{"Length":33,"Height":13,"Demand":5,"DemandMax":null,"Value":429},{"Length":25,"Height":17,"Demand":7,"DemandMax":null,"Value":425},{"Length":28,"Height":15,"Demand":4,"DemandMax":null,"Value":420},{"Length":22,"Height":19,"Demand":2,"DemandMax":null,"Value":418},{"Length":34,"Height":12,"Demand":3,"DemandMax":null,"Value":408},{"Length":29,"Height":14,"Demand":2,"DemandMax":null,"Value":406},{"Length":27,"Height":15,"Demand":4,"DemandMax":null,"Value":405},{"Length":31,"Height":13,"Demand":3,"DemandMax":null,"Value":403},{"Length":20,"Height":20,"Demand":3,"DemandMax":null,"Value":400},{"Length":25,"Height":16,"Demand":6,"DemandMax":null,"Value":400},{"Length":21,"Height":19,"Demand":6,"DemandMax":null,"Value":399},{"Length":22,"Height":18,"Demand":5,"DemandMax":null,"Value":396},{"Length":32,"Height":12,"Demand":5,"DemandMax":null,"Value":384},{"Length":24,"Height":16,"Demand":8,"DemandMax":null,"Value":384},{"Length":21,"Height":18,"Demand":4,"DemandMax":null,"Value":378},{"Length":29,"Height":13,"Demand":3,"DemandMax":null,"Value":377},{"Length":25,"Height":15,"Demand":2,"DemandMax":null,"Value":375},{"Length":31,"Height":12,"Demand":4,"DemandMax":null,"Value":372},{"Length":24,"Height":15,"Demand":4,"DemandMax":null,"Value":360},{"Length":30,"Height":12,"Demand":6,"DemandMax":null,"Value":360},{"Length":21,"Height":17,"Demand":4,"DemandMax":null,"Value":357},{"Length":22,"Height":16,"Demand":3,"DemandMax":null,"Value":352},{"Length":27,"Height":13,"Demand":3,"DemandMax":null,"Value":351},{"Length":29,"Height":12,"Demand":5,"DemandMax":null,"Value":348},{"Length":34,"Height":10,"Demand":4,"DemandMax":null,"Value":340},{"Length":20,"Height":17,"Demand":6,"DemandMax":null,"Value":340},{"Length":22,"Height":15,"Demand":2,"DemandMax":null,"Value":330},{"Length":25,"Height":13,"Demand":3,"DemandMax":null,"Value":325},{"Length":23,"Height":14,"Demand":3,"DemandMax":null,"Value":322},{"Length":29,"Height":11,"Demand":5,"DemandMax":null,"Value":319},{"Length":21,"Height":15,"Demand":6,"DemandMax":null,"Value":315},{"Length":26,"Height":12,"Demand":5,"DemandMax":null,"Value":312},{"Length":19,"Height":16,"Demand":4,"DemandMax":null,"Value":304},{"Length":30,"Height":10,"Demand":2,"DemandMax":null,"Value":300},{"Length":18,"Height":16,"Demand":6,"DemandMax":null,"Value":288},{"Length":23,"Height":12,"Demand":2,"DemandMax":null,"Value":276},{"Length":22,"Height":12,"Demand":3,"DemandMax":null,"Value":264},{"Length":24,"Height":11,"Demand":4,"DemandMax":null,"Value":264},{"Length":16,"Height":16,"Demand":4,"DemandMax":null,"Value":256},{"Length":17,"Height":15,"Demand":3,"DemandMax":null,"Value":255},{"Length":19,"Height":13,"Demand":2,"DemandMax":null,"Value":247},{"Length":17,"Height":14,"Demand":4,"DemandMax":null,"Value":238},{"Length":19,"Height":12,"Demand":2,"DemandMax":null,"Value":228},{"Length":16,"Height":13,"Demand":5,"DemandMax":null,"Value":208},{"Length":17,"Height":12,"Demand":5,"DemandMax":null,"Value":204},{"Length":18,"Height":11,"Demand":4,"DemandMax":null,"Value":198},{"Length":16,"Height":12,"Demand":1,"DemandMax":null,"Value":192},{"Length":14,"Height":13,"Demand":3,"DemandMax":null,"Value":182},{"Length":17,"Height":10,"Demand":2,"DemandMax":null,"Value":170},{"Length":13,"Height":13,"Demand":5,"DemandMax":null,"Value":169},{"Length":13,"Height":12,"Demand":2,"DemandMax":null,"Value":156}]}