{"Name":"MB09_072","Objects":[{"Length":432,"Height":79,"Stock":null,"Cost":34128}],"Items":[{"Length":42,"Height":42,"Demand":47,"DemandMax":null,"Value":1764},{"Length":51,"Height":32,"Demand":49,"DemandMax":null,"Value":1632},{"Length":41,"Height":38,"Demand":59,"DemandMax":null,"Value":1558},{"Length":47,"Height":31,"Demand":50,"DemandMax":null,"Value":1457},{"Length":37,"Height":37,"Demand":61,"DemandMax":null,"Value":1369},{"Length":39,"Height":32,"Demand":50,"DemandMax":null,"Value":1248},{"Length":41,"Height":29,"Demand":47,"DemandMax":null,"Value":1189},{"Length":36,"Height":32,"Demand":53,"DemandMax":null,"Value":1152},{"Length":51,"Height":22,"Demand":54,"DemandMax":null,"Value":1122},{"Length":34,"Height":33,"Demand":53,"DemandMax":null,"Value":1122},{"Length":49,"Height":22,"Demand":64,"DemandMax":null,"Value":1078},{"Length":38,"Height":23,"Demand":55,"DemandMax":null,"Value":874},{"Length":35,"Height":24,"Demand":59,"DemandMax":null,"Value":840},{"Length":38,"Height":19,"Demand":52,"DemandMax":null,"Value":722},{"Length":45,"Height":16,"Demand":43,"DemandMax":null,"Value":720},{"Length":55,"Height":13,"Demand":51,"DemandMax":null,"Value":715},{"Length":34,"Height":20,"Demand":63,"DemandMax":null,"Value":680},{"Length":37,"Height":18,"Demand":60,"DemandMax":null,"Value":666},{"Length":30,"Height":22,"Demand":66,"DemandMax":null,"Value":660},{"Length":49,"Height":13,"Demand":62,"DemandMax":null,"Value":637},{"Length":28,"Height":21,"Demand":52,"DemandMax":null,"Value":588},{"Length":30,"Height":19,"Demand":74,"DemandMax":null,"Value":570},{"Length":25,"Height":20,"Demand":45,"DemandMax":null,"Value":500},{"Length":24,"Height":19,"Demand":40,"DemandMax":null,"Value":456},{"Length":21,"Height":20,"Demand":43,"DemandMax":null,"Value":420},{"Length":36,"Height":11,"Demand":52,"DemandMax":null,"Value":396},{"Length":39,"Height":10,"Demand":42,"DemandMax":null,"Value":390},{"Length":24,"Height":15,"Demand":61,"DemandMax":null,"Value":360},{"Length":19,"Height":18,"Demand":59,"DemandMax":null,"Value":342},{"Length":12,"Height":10,"Demand":52,"DemandMax":null,"Value":120}]}