{"Name":"MB09_070","Objects":[{"Length":432,"Height":79,"Stock":null,"Cost":34128}],"Items":[{"Length":49,"Height":45,"Demand":68,"DemandMax":null,"Value":2205},{"Length":54,"Height":31,"Demand":75,"DemandMax":null,"Value":1674},{"Length":47,"Height":32,"Demand":76,"DemandMax":null,"Value":1504},{"Length":51,"Height":29,"Demand":68,"DemandMax":null,"Value":1479},{"Length":47,"Height":30,"Demand":59,"DemandMax":null,"Value":1410},{"Length":46,"Height":30,"Demand":42,"DemandMax":null,"Value":1380},{"Length":34,"Height":33,"Demand":77,"DemandMax":null,"Value":1122},{"Length":40,"Height":26,"Demand":68,"DemandMax":null,"Value":1040},{"Length":60,"Height":17,"Demand":74,"DemandMax":null,"Value":1020},{"Length":58,"Height":17,"Demand":65,"DemandMax":null,"Value":986},{"Length":32,"Height":30,"Demand":57,"DemandMax":null,"Value":960},{"Length":38,"Height":25,"Demand":61,"DemandMax":null,"Value":950},{"Length":41,"Height":23,"Demand":53,"DemandMax":null,"Value":943},{"Length":39,"Height":24,"Demand":76,"DemandMax":null,"Value":936},{"Length":32,"Height":17,"Demand":78,"DemandMax":null,"Value":544},{"Length":45,"Height":12,"Demand":72,"DemandMax":null,"Value":540},{"Length":26,"Height":20,"Demand":66,"DemandMax":null,"Value":520},{"Length":26,"Height":18,"Demand":64,"DemandMax":null,"Value":468},{"Length":23,"Height":17,"Demand":67,"DemandMax":null,"Value":391},{"Length":14,"Height":12,"Demand":58,"DemandMax":null,"Value":168}]}