{"Name":"MB07_028","Objects":[{"Length":587,"Height":233,"Stock":null,"Cost":136771}],"Items":[{"Length":45,"Height":42,"Demand":162,"DemandMax":null,"Value":1890},{"Length":49,"Height":37,"Demand":146,"DemandMax":null,"Value":1813},{"Length":57,"Height":22,"Demand":156,"DemandMax":null,"Value":1254},{"Length":37,"Height":28,"Demand":144,"DemandMax":null,"Value":1036},{"Length":49,"Height":16,"Demand":145,"DemandMax":null,"Value":784},{"Length":37,"Height":17,"Demand":152,"DemandMax":null,"Value":629},{"Length":28,"Height":15,"Demand":145,"DemandMax":null,"Value":420},{"Length":27,"Height":15,"Demand":161,"DemandMax":null,"Value":405}]}