{"Name":"MB09_082","Objects":[{"Length":432,"Height":79,"Stock":null,"Cost":34128}],"Items":[{"Length":48,"Height":47,"Demand":34,"DemandMax":null,"Value":2256},{"Length":49,"Height":44,"Demand":38,"DemandMax":null,"Value":2156},{"Length":51,"Height":38,"Demand":31,"DemandMax":null,"Value":1938},{"Length":45,"Height":43,"Demand":40,"DemandMax":null,"Value":1935},{"Length":42,"Height":36,"Demand":46,"DemandMax":null,"Value":1512},{"Length":48,"Height":29,"Demand":50,"DemandMax":null,"Value":1392},{"Length":51,"Height":27,"Demand":45,"DemandMax":null,"Value":1377},{"Length":38,"Height":35,"Demand":41,"DemandMax":null,"Value":1330},{"Length":41,"Height":31,"Demand":52,"DemandMax":null,"Value":1271},{"Length":41,"Height":28,"Demand":45,"DemandMax":null,"Value":1148},{"Length":37,"Height":31,"Demand":33,"DemandMax":null,"Value":1147},{"Length":34,"Height":33,"Demand":31,"DemandMax":null,"Value":1122},{"Length":35,"Height":31,"Demand":33,"DemandMax":null,"Value":1085},{"Length":36,"Height":27,"Demand":39,"DemandMax":null,"Value":972},{"Length":48,"Height":20,"Demand":41,"DemandMax":null,"Value":960},{"Length":38,"Height":23,"Demand":45,"DemandMax":null,"Value":874},{"Length":35,"Height":24,"Demand":34,"DemandMax":null,"Value":840},{"Length":38,"Height":22,"Demand":31,"DemandMax":null,"Value":836},{"Length":39,"Height":20,"Demand":46,"DemandMax":null,"Value":780},{"Length":37,"Height":21,"Demand":38,"DemandMax":null,"Value":777},{"Length":38,"Height":19,"Demand":30,"DemandMax":null,"Value":722},{"Length":27,"Height":22,"Demand":37,"DemandMax":null,"Value":594},{"Length":59,"Height":10,"Demand":43,"DemandMax":null,"Value":590},{"Length":39,"Height":15,"Demand":45,"DemandMax":null,"Value":585},{"Length":26,"Height":22,"Demand":46,"DemandMax":null,"Value":572},{"Length":30,"Height":19,"Demand":45,"DemandMax":null,"Value":570},{"Length":43,"Height":13,"Demand":32,"DemandMax":null,"Value":559},{"Length":31,"Height":18,"Demand":35,"DemandMax":null,"Value":558},{"Length":25,"Height":20,"Demand":42,"DemandMax":null,"Value":500},{"Length":22,"Height":21,"Demand":51,"DemandMax":null,"Value":462},{"Length":36,"Height":11,"Demand":52,"DemandMax":null,"Value":396},{"Length":39,"Height":10,"Demand":34,"DemandMax":null,"Value":390},{"Length":24,"Height":15,"Demand":38,"DemandMax":null,"Value":360},{"Length":24,"Height":14,"Demand":43,"DemandMax":null,"Value":336},{"Length":21,"Height":16,"Demand":41,"DemandMax":null,"Value":336},{"Length":24,"Height":13,"Demand":44,"DemandMax":null,"Value":312},{"Length":18,"Height":14,"Demand":36,"DemandMax":null,"Value":252},{"Length":24,"Height":10,"Demand":47,"DemandMax":null,"Value":240}]}