{"Name":"MB10_035","Objects":[{"Length":432,"Height":79,"Stock":null,"Cost":34128}],"Items":[{"Length":51,"Height":50,"Demand":13,"DemandMax":null,"Value":2550},{"Length":55,"Height":40,"Demand":11,"DemandMax":null,"Value":2200},{"Length":54,"Height":38,"Demand":13,"DemandMax":null,"Value":2052},{"Length":46,"Height":43,"Demand":13,"DemandMax":null,"Value":1978},{"Length":52,"Height":38,"Demand":21,"DemandMax":null,"Value":1976},{"Length":54,"Height":36,"Demand":11,"DemandMax":null,"Value":1944},{"Length":47,"Height":39,"Demand":23,"DemandMax":null,"Value":1833},{"Length":57,"Height":32,"Demand":11,"DemandMax":null,"Value":1824},{"Length":46,"Height":39,"Demand":20,"DemandMax":null,"Value":1794},{"Length":44,"Height":37,"Demand":17,"DemandMax":null,"Value":1628},{"Length":49,"Height":33,"Demand":10,"DemandMax":null,"Value":1617},{"Length":53,"Height":30,"Demand":16,"DemandMax":null,"Value":1590},{"Length":45,"Height":33,"Demand":12,"DemandMax":null,"Value":1485},{"Length":52,"Height":28,"Demand":8,"DemandMax":null,"Value":1456},{"Length":40,"Height":35,"Demand":11,"DemandMax":null,"Value":1400},{"Length":50,"Height":28,"Demand":14,"DemandMax":null,"Value":1400},{"Length":41,"Height":34,"Demand":19,"DemandMax":null,"Value":1394},{"Length":49,"Height":28,"Demand":12,"DemandMax":null,"Value":1372},{"Length":40,"Height":34,"Demand":14,"DemandMax":null,"Value":1360},{"Length":36,"Height":36,"Demand":17,"DemandMax":null,"Value":1296},{"Length":39,"Height":33,"Demand":14,"DemandMax":null,"Value":1287},{"Length":49,"Height":26,"Demand":12,"DemandMax":null,"Value":1274},{"Length":60,"Height":21,"Demand":16,"DemandMax":null,"Value":1260},{"Length":38,"Height":33,"Demand":14,"DemandMax":null,"Value":1254},{"Length":50,"Height":25,"Demand":10,"DemandMax":null,"Value":1250},{"Length":43,"Height":29,"Demand":16,"DemandMax":null,"Value":1247},{"Length":59,"Height":21,"Demand":14,"DemandMax":null,"Value":1239},{"Length":45,"Height":27,"Demand":15,"DemandMax":null,"Value":1215},{"Length":39,"Height":31,"Demand":12,"DemandMax":null,"Value":1209},{"Length":35,"Height":34,"Demand":14,"DemandMax":null,"Value":1190},{"Length":36,"Height":31,"Demand":12,"DemandMax":null,"Value":1116},{"Length":37,"Height":29,"Demand":10,"DemandMax":null,"Value":1073},{"Length":59,"Height":18,"Demand":16,"DemandMax":null,"Value":1062},{"Length":34,"Height":31,"Demand":8,"DemandMax":null,"Value":1054},{"Length":39,"Height":27,"Demand":17,"DemandMax":null,"Value":1053},{"Length":36,"Height":28,"Demand":14,"DemandMax":null,"Value":1008},{"Length":37,"Height":27,"Demand":18,"DemandMax":null,"Value":999},{"Length":32,"Height":31,"Demand":16,"DemandMax":null,"Value":992},{"Length":45,"Height":22,"Demand":18,"DemandMax":null,"Value":990},{"Length":46,"Height":21,"Demand":10,"DemandMax":null,"Value":966},{"Length":45,"Height":21,"Demand":17,"DemandMax":null,"Value":945},{"Length":39,"Height":24,"Demand":13,"DemandMax":null,"Value":936},{"Length":32,"Height":29,"Demand":17,"DemandMax":null,"Value":928},{"Length":37,"Height":25,"Demand":16,"DemandMax":null,"Value":925},{"Length":33,"Height":28,"Demand":20,"DemandMax":null,"Value":924},{"Length":34,"Height":27,"Demand":14,"DemandMax":null,"Value":918},{"Length":33,"Height":27,"Demand":22,"DemandMax":null,"Value":891},{"Length":30,"Height":29,"Demand":15,"DemandMax":null,"Value":870},{"Length":48,"Height":18,"Demand":17,"DemandMax":null,"Value":864},{"Length":35,"Height":24,"Demand":21,"DemandMax":null,"Value":840},{"Length":31,"Height":27,"Demand":12,"DemandMax":null,"Value":837},{"Length":38,"Height":22,"Demand":7,"DemandMax":null,"Value":836},{"Length":40,"Height":20,"Demand":10,"DemandMax":null,"Value":800},{"Length":38,"Height":21,"Demand":22,"DemandMax":null,"Value":798},{"Length":44,"Height":18,"Demand":15,"DemandMax":null,"Value":792},{"Length":41,"Height":19,"Demand":14,"DemandMax":null,"Value":779},{"Length":43,"Height":18,"Demand":14,"DemandMax":null,"Value":774},{"Length":38,"Height":20,"Demand":17,"DemandMax":null,"Value":760},{"Length":29,"Height":26,"Demand":19,"DemandMax":null,"Value":754},{"Length":33,"Height":22,"Demand":19,"DemandMax":null,"Value":726},{"Length":45,"Height":16,"Demand":15,"DemandMax":null,"Value":720},{"Length":59,"Height":12,"Demand":11,"DemandMax":null,"Value":708},{"Length":32,"Height":22,"Demand":13,"DemandMax":null,"Value":704},{"Length":39,"Height":18,"Demand":16,"DemandMax":null,"Value":702},{"Length":35,"Height":20,"Demand":11,"DemandMax":null,"Value":700},{"Length":29,"Height":24,"Demand":16,"DemandMax":null,"Value":696},{"Length":57,"Height":12,"Demand":16,"DemandMax":null,"Value":684},{"Length":34,"Height":20,"Demand":8,"DemandMax":null,"Value":680},{"Length":58,"Height":11,"Demand":13,"DemandMax":null,"Value":638},{"Length":30,"Height":21,"Demand":14,"DemandMax":null,"Value":630},{"Length":35,"Height":18,"Demand":22,"DemandMax":null,"Value":630},{"Length":43,"Height":14,"Demand":18,"DemandMax":null,"Value":602},{"Length":33,"Height":18,"Demand":12,"DemandMax":null,"Value":594},{"Length":32,"Height":18,"Demand":13,"DemandMax":null,"Value":576},{"Length":41,"Height":14,"Demand":14,"DemandMax":null,"Value":574},{"Length":38,"Height":15,"Demand":13,"DemandMax":null,"Value":570},{"Length":29,"Height":19,"Demand":16,"DemandMax":null,"Value":551},{"Length":26,"Height":21,"Demand":14,"DemandMax":null,"Value":546},{"Length":34,"Height":16,"Demand":14,"DemandMax":null,"Value":544},{"Length":28,"Height":18,"Demand":10,"DemandMax":null,"Value":504},{"Length":30,"Height":16,"Demand":16,"DemandMax":null,"Value":480},{"Length":47,"Height":10,"Demand":19,"DemandMax":null,"Value":470},{"Length":26,"Height":18,"Demand":13,"DemandMax":null,"Value":468},{"Length":31,"Height":15,"Demand":12,"DemandMax":null,"Value":465},{"Length":40,"Height":11,"Demand":23,"DemandMax":null,"Value":440},{"Length":24,"Height":18,"Demand":14,"DemandMax":null,"Value":432},{"Length":42,"Height":10,"Demand":15,"DemandMax":null,"Value":420},{"Length":39,"Height":10,"Demand":20,"DemandMax":null,"Value":390},{"Length":29,"Height":13,"Demand":17,"DemandMax":null,"Value":377},{"Length":37,"Height":10,"Demand":15,"DemandMax":null,"Value":370},{"Length":19,"Height":19,"Demand":14,"DemandMax":null,"Value":361},{"Length":23,"Height":13,"Demand":16,"DemandMax":null,"Value":299},{"Length":19,"Height":14,"Demand":18,"DemandMax":null,"Value":266},{"Length":18,"Height":13,"Demand":19,"DemandMax":null,"Value":234},{"Length":17,"Height":13,"Demand":19,"DemandMax":null,"Value":221}]}