{"Name":"MB09_068","Objects":[{"Length":432,"Height":79,"Stock":null,"Cost":34128}],"Items":[{"Length":52,"Height":49,"Demand":59,"DemandMax":null,"Value":2548},{"Length":59,"Height":42,"Demand":41,"DemandMax":null,"Value":2478},{"Length":49,"Height":49,"Demand":48,"DemandMax":null,"Value":2401},{"Length":53,"Height":33,"Demand":65,"DemandMax":null,"Value":1749},{"Length":39,"Height":37,"Demand":53,"DemandMax":null,"Value":1443},{"Length":44,"Height":31,"Demand":55,"DemandMax":null,"Value":1364},{"Length":36,"Height":36,"Demand":62,"DemandMax":null,"Value":1296},{"Length":47,"Height":27,"Demand":57,"DemandMax":null,"Value":1269},{"Length":57,"Height":22,"Demand":52,"DemandMax":null,"Value":1254},{"Length":42,"Height":29,"Demand":54,"DemandMax":null,"Value":1218},{"Length":40,"Height":27,"Demand":65,"DemandMax":null,"Value":1080},{"Length":37,"Height":29,"Demand":70,"DemandMax":null,"Value":1073},{"Length":33,"Height":30,"Demand":57,"DemandMax":null,"Value":990},{"Length":39,"Height":23,"Demand":53,"DemandMax":null,"Value":897},{"Length":46,"Height":17,"Demand":57,"DemandMax":null,"Value":782},{"Length":37,"Height":19,"Demand":51,"DemandMax":null,"Value":703},{"Length":26,"Height":24,"Demand":62,"DemandMax":null,"Value":624},{"Length":27,"Height":23,"Demand":59,"DemandMax":null,"Value":621},{"Length":28,"Height":15,"Demand":51,"DemandMax":null,"Value":420},{"Length":20,"Height":11,"Demand":59,"DemandMax":null,"Value":220}]}