{"Name":"MB10_083","Objects":[{"Length":432,"Height":79,"Stock":null,"Cost":34128}],"Items":[{"Length":58,"Height":44,"Demand":7,"DemandMax":null,"Value":2552},{"Length":55,"Height":46,"Demand":2,"DemandMax":null,"Value":2530},{"Length":58,"Height":42,"Demand":4,"DemandMax":null,"Value":2436},{"Length":59,"Height":40,"Demand":2,"DemandMax":null,"Value":2360},{"Length":50,"Height":47,"Demand":5,"DemandMax":null,"Value":2350},{"Length":54,"Height":43,"Demand":3,"DemandMax":null,"Value":2322},{"Length":58,"Height":40,"Demand":3,"DemandMax":null,"Value":2320},{"Length":52,"Height":44,"Demand":3,"DemandMax":null,"Value":2288},{"Length":53,"Height":43,"Demand":5,"DemandMax":null,"Value":2279},{"Length":49,"Height":45,"Demand":3,"DemandMax":null,"Value":2205},{"Length":56,"Height":39,"Demand":3,"DemandMax":null,"Value":2184},{"Length":56,"Height":38,"Demand":4,"DemandMax":null,"Value":2128},{"Length":59,"Height":35,"Demand":5,"DemandMax":null,"Value":2065},{"Length":57,"Height":36,"Demand":7,"DemandMax":null,"Value":2052},{"Length":45,"Height":44,"Demand":3,"DemandMax":null,"Value":1980},{"Length":49,"Height":40,"Demand":4,"DemandMax":null,"Value":1960},{"Length":59,"Height":33,"Demand":6,"DemandMax":null,"Value":1947},{"Length":54,"Height":36,"Demand":5,"DemandMax":null,"Value":1944},{"Length":45,"Height":43,"Demand":6,"DemandMax":null,"Value":1935},{"Length":49,"Height":39,"Demand":3,"DemandMax":null,"Value":1911},{"Length":50,"Height":38,"Demand":3,"DemandMax":null,"Value":1900},{"Length":46,"Height":41,"Demand":5,"DemandMax":null,"Value":1886},{"Length":47,"Height":40,"Demand":4,"DemandMax":null,"Value":1880},{"Length":52,"Height":36,"Demand":4,"DemandMax":null,"Value":1872},{"Length":58,"Height":32,"Demand":5,"DemandMax":null,"Value":1856},{"Length":50,"Height":37,"Demand":4,"DemandMax":null,"Value":1850},{"Length":43,"Height":43,"Demand":4,"DemandMax":null,"Value":1849},{"Length":51,"Height":36,"Demand":5,"DemandMax":null,"Value":1836},{"Length":54,"Height":34,"Demand":6,"DemandMax":null,"Value":1836},{"Length":46,"Height":39,"Demand":3,"DemandMax":null,"Value":1794},{"Length":54,"Height":33,"Demand":1,"DemandMax":null,"Value":1782},{"Length":48,"Height":37,"Demand":6,"DemandMax":null,"Value":1776},{"Length":52,"Height":34,"Demand":5,"DemandMax":null,"Value":1768},{"Length":49,"Height":36,"Demand":1,"DemandMax":null,"Value":1764},{"Length":51,"Height":34,"Demand":5,"DemandMax":null,"Value":1734},{"Length":49,"Height":35,"Demand":7,"DemandMax":null,"Value":1715},{"Length":57,"Height":30,"Demand":4,"DemandMax":null,"Value":1710},{"Length":46,"Height":37,"Demand":2,"DemandMax":null,"Value":1702},{"Length":42,"Height":40,"Demand":5,"DemandMax":null,"Value":1680},{"Length":49,"Height":34,"Demand":4,"DemandMax":null,"Value":1666},{"Length":46,"Height":36,"Demand":6,"DemandMax":null,"Value":1656},{"Length":51,"Height":32,"Demand":7,"DemandMax":null,"Value":1632},{"Length":60,"Height":27,"Demand":6,"DemandMax":null,"Value":1620},{"Length":52,"Height":31,"Demand":3,"DemandMax":null,"Value":1612},{"Length":46,"Height":35,"Demand":3,"DemandMax":null,"Value":1610},{"Length":50,"Height":32,"Demand":1,"DemandMax":null,"Value":1600},{"Length":47,"Height":34,"Demand":3,"DemandMax":null,"Value":1598},{"Length":55,"Height":29,"Demand":7,"DemandMax":null,"Value":1595},{"Length":53,"Height":30,"Demand":2,"DemandMax":null,"Value":1590},{"Length":49,"Height":32,"Demand":3,"DemandMax":null,"Value":1568},{"Length":41,"Height":38,"Demand":3,"DemandMax":null,"Value":1558},{"Length":42,"Height":37,"Demand":2,"DemandMax":null,"Value":1554},{"Length":47,"Height":33,"Demand":4,"DemandMax":null,"Value":1551},{"Length":43,"Height":36,"Demand":5,"DemandMax":null,"Value":1548},{"Length":44,"Height":35,"Demand":6,"DemandMax":null,"Value":1540},{"Length":48,"Height":32,"Demand":4,"DemandMax":null,"Value":1536},{"Length":45,"Height":34,"Demand":4,"DemandMax":null,"Value":1530},{"Length":49,"Height":31,"Demand":6,"DemandMax":null,"Value":1519},{"Length":41,"Height":37,"Demand":4,"DemandMax":null,"Value":1517},{"Length":54,"Height":28,"Demand":3,"DemandMax":null,"Value":1512},{"Length":42,"Height":36,"Demand":5,"DemandMax":null,"Value":1512},{"Length":43,"Height":35,"Demand":5,"DemandMax":null,"Value":1505},{"Length":40,"Height":37,"Demand":1,"DemandMax":null,"Value":1480},{"Length":49,"Height":30,"Demand":6,"DemandMax":null,"Value":1470},{"Length":42,"Height":35,"Demand":3,"DemandMax":null,"Value":1470},{"Length":52,"Height":28,"Demand":3,"DemandMax":null,"Value":1456},{"Length":39,"Height":37,"Demand":4,"DemandMax":null,"Value":1443},{"Length":41,"Height":35,"Demand":4,"DemandMax":null,"Value":1435},{"Length":49,"Height":29,"Demand":5,"DemandMax":null,"Value":1421},{"Length":59,"Height":24,"Demand":7,"DemandMax":null,"Value":1416},{"Length":56,"Height":25,"Demand":4,"DemandMax":null,"Value":1400},{"Length":50,"Height":28,"Demand":4,"DemandMax":null,"Value":1400},{"Length":42,"Height":33,"Demand":7,"DemandMax":null,"Value":1386},{"Length":53,"Height":26,"Demand":11,"DemandMax":null,"Value":1378},{"Length":39,"Height":35,"Demand":3,"DemandMax":null,"Value":1365},{"Length":44,"Height":31,"Demand":7,"DemandMax":null,"Value":1364},{"Length":59,"Height":23,"Demand":6,"DemandMax":null,"Value":1357},{"Length":45,"Height":30,"Demand":6,"DemandMax":null,"Value":1350},{"Length":56,"Height":24,"Demand":4,"DemandMax":null,"Value":1344},{"Length":43,"Height":31,"Demand":4,"DemandMax":null,"Value":1333},{"Length":38,"Height":35,"Demand":1,"DemandMax":null,"Value":1330},{"Length":53,"Height":25,"Demand":5,"DemandMax":null,"Value":1325},{"Length":37,"Height":35,"Demand":1,"DemandMax":null,"Value":1295},{"Length":43,"Height":30,"Demand":4,"DemandMax":null,"Value":1290},{"Length":40,"Height":32,"Demand":3,"DemandMax":null,"Value":1280},{"Length":51,"Height":25,"Demand":4,"DemandMax":null,"Value":1275},{"Length":53,"Height":24,"Demand":6,"DemandMax":null,"Value":1272},{"Length":38,"Height":33,"Demand":5,"DemandMax":null,"Value":1254},{"Length":50,"Height":25,"Demand":4,"DemandMax":null,"Value":1250},{"Length":40,"Height":31,"Demand":3,"DemandMax":null,"Value":1240},{"Length":36,"Height":34,"Demand":6,"DemandMax":null,"Value":1224},{"Length":39,"Height":31,"Demand":1,"DemandMax":null,"Value":1209},{"Length":50,"Height":24,"Demand":3,"DemandMax":null,"Value":1200},{"Length":46,"Height":26,"Demand":5,"DemandMax":null,"Value":1196},{"Length":35,"Height":34,"Demand":4,"DemandMax":null,"Value":1190},{"Length":36,"Height":33,"Demand":7,"DemandMax":null,"Value":1188},{"Length":44,"Height":27,"Demand":7,"DemandMax":null,"Value":1188},{"Length":59,"Height":20,"Demand":2,"DemandMax":null,"Value":1180},{"Length":49,"Height":24,"Demand":4,"DemandMax":null,"Value":1176},{"Length":45,"Height":26,"Demand":3,"DemandMax":null,"Value":1170},{"Length":53,"Height":22,"Demand":2,"DemandMax":null,"Value":1166},{"Length":43,"Height":27,"Demand":4,"DemandMax":null,"Value":1161},{"Length":35,"Height":33,"Demand":6,"DemandMax":null,"Value":1155},{"Length":36,"Height":32,"Demand":4,"DemandMax":null,"Value":1152},{"Length":37,"Height":31,"Demand":5,"DemandMax":null,"Value":1147},{"Length":44,"Height":26,"Demand":4,"DemandMax":null,"Value":1144},{"Length":49,"Height":23,"Demand":1,"DemandMax":null,"Value":1127},{"Length":45,"Height":25,"Demand":6,"DemandMax":null,"Value":1125},{"Length":34,"Height":33,"Demand":1,"DemandMax":null,"Value":1122},{"Length":56,"Height":20,"Demand":5,"DemandMax":null,"Value":1120},{"Length":48,"Height":23,"Demand":3,"DemandMax":null,"Value":1104},{"Length":44,"Height":25,"Demand":4,"DemandMax":null,"Value":1100},{"Length":42,"Height":26,"Demand":3,"DemandMax":null,"Value":1092},{"Length":60,"Height":18,"Demand":4,"DemandMax":null,"Value":1080},{"Length":45,"Height":24,"Demand":6,"DemandMax":null,"Value":1080},{"Length":49,"Height":22,"Demand":4,"DemandMax":null,"Value":1078},{"Length":43,"Height":25,"Demand":10,"DemandMax":null,"Value":1075},{"Length":37,"Height":29,"Demand":5,"DemandMax":null,"Value":1073},{"Length":46,"Height":23,"Demand":5,"DemandMax":null,"Value":1058},{"Length":34,"Height":31,"Demand":3,"DemandMax":null,"Value":1054},{"Length":39,"Height":27,"Demand":2,"DemandMax":null,"Value":1053},{"Length":35,"Height":30,"Demand":3,"DemandMax":null,"Value":1050},{"Length":36,"Height":29,"Demand":5,"DemandMax":null,"Value":1044},{"Length":40,"Height":26,"Demand":2,"DemandMax":null,"Value":1040},{"Length":37,"Height":28,"Demand":5,"DemandMax":null,"Value":1036},{"Length":49,"Height":21,"Demand":4,"DemandMax":null,"Value":1029},{"Length":33,"Height":31,"Demand":5,"DemandMax":null,"Value":1023},{"Length":35,"Height":29,"Demand":4,"DemandMax":null,"Value":1015},{"Length":46,"Height":22,"Demand":5,"DemandMax":null,"Value":1012},{"Length":36,"Height":28,"Demand":1,"DemandMax":null,"Value":1008},{"Length":40,"Height":25,"Demand":2,"DemandMax":null,"Value":1000},{"Length":37,"Height":27,"Demand":4,"DemandMax":null,"Value":999},{"Length":47,"Height":21,"Demand":5,"DemandMax":null,"Value":987},{"Length":35,"Height":28,"Demand":3,"DemandMax":null,"Value":980},{"Length":49,"Height":20,"Demand":4,"DemandMax":null,"Value":980},{"Length":57,"Height":17,"Demand":5,"DemandMax":null,"Value":969},{"Length":46,"Height":21,"Demand":5,"DemandMax":null,"Value":966},{"Length":31,"Height":31,"Demand":3,"DemandMax":null,"Value":961},{"Length":48,"Height":20,"Demand":5,"DemandMax":null,"Value":960},{"Length":32,"Height":30,"Demand":5,"DemandMax":null,"Value":960},{"Length":34,"Height":28,"Demand":6,"DemandMax":null,"Value":952},{"Length":38,"Height":25,"Demand":5,"DemandMax":null,"Value":950},{"Length":39,"Height":24,"Demand":4,"DemandMax":null,"Value":936},{"Length":32,"Height":29,"Demand":2,"DemandMax":null,"Value":928},{"Length":57,"Height":16,"Demand":3,"DemandMax":null,"Value":912},{"Length":48,"Height":19,"Demand":2,"DemandMax":null,"Value":912},{"Length":35,"Height":26,"Demand":2,"DemandMax":null,"Value":910},{"Length":45,"Height":20,"Demand":5,"DemandMax":null,"Value":900},{"Length":39,"Height":23,"Demand":6,"DemandMax":null,"Value":897},{"Length":56,"Height":16,"Demand":4,"DemandMax":null,"Value":896},{"Length":33,"Height":27,"Demand":2,"DemandMax":null,"Value":891},{"Length":37,"Height":24,"Demand":5,"DemandMax":null,"Value":888},{"Length":59,"Height":15,"Demand":4,"DemandMax":null,"Value":885},{"Length":49,"Height":18,"Demand":1,"DemandMax":null,"Value":882},{"Length":35,"Height":25,"Demand":5,"DemandMax":null,"Value":875},{"Length":38,"Height":23,"Demand":5,"DemandMax":null,"Value":874},{"Length":30,"Height":29,"Demand":2,"DemandMax":null,"Value":870},{"Length":51,"Height":17,"Demand":2,"DemandMax":null,"Value":867},{"Length":48,"Height":18,"Demand":3,"DemandMax":null,"Value":864},{"Length":36,"Height":24,"Demand":5,"DemandMax":null,"Value":864},{"Length":39,"Height":22,"Demand":5,"DemandMax":null,"Value":858},{"Length":33,"Height":26,"Demand":2,"DemandMax":null,"Value":858},{"Length":45,"Height":19,"Demand":7,"DemandMax":null,"Value":855},{"Length":37,"Height":23,"Demand":2,"DemandMax":null,"Value":851},{"Length":34,"Height":25,"Demand":3,"DemandMax":null,"Value":850},{"Length":42,"Height":20,"Demand":3,"DemandMax":null,"Value":840},{"Length":30,"Height":28,"Demand":6,"DemandMax":null,"Value":840},{"Length":32,"Height":26,"Demand":3,"DemandMax":null,"Value":832},{"Length":52,"Height":16,"Demand":8,"DemandMax":null,"Value":832},{"Length":36,"Height":23,"Demand":3,"DemandMax":null,"Value":828},{"Length":43,"Height":19,"Demand":7,"DemandMax":null,"Value":817},{"Length":34,"Height":24,"Demand":4,"DemandMax":null,"Value":816},{"Length":48,"Height":17,"Demand":5,"DemandMax":null,"Value":816},{"Length":29,"Height":28,"Demand":5,"DemandMax":null,"Value":812},{"Length":35,"Height":23,"Demand":3,"DemandMax":null,"Value":805},{"Length":57,"Height":14,"Demand":4,"DemandMax":null,"Value":798},{"Length":44,"Height":18,"Demand":4,"DemandMax":null,"Value":792},{"Length":33,"Height":24,"Demand":5,"DemandMax":null,"Value":792},{"Length":28,"Height":28,"Demand":8,"DemandMax":null,"Value":784},{"Length":49,"Height":16,"Demand":2,"DemandMax":null,"Value":784},{"Length":39,"Height":20,"Demand":3,"DemandMax":null,"Value":780},{"Length":31,"Height":25,"Demand":3,"DemandMax":null,"Value":775},{"Length":55,"Height":14,"Demand":4,"DemandMax":null,"Value":770},{"Length":33,"Height":23,"Demand":3,"DemandMax":null,"Value":759},{"Length":36,"Height":21,"Demand":3,"DemandMax":null,"Value":756},{"Length":29,"Height":26,"Demand":6,"DemandMax":null,"Value":754},{"Length":47,"Height":16,"Demand":5,"DemandMax":null,"Value":752},{"Length":50,"Height":15,"Demand":2,"DemandMax":null,"Value":750},{"Length":30,"Height":25,"Demand":7,"DemandMax":null,"Value":750},{"Length":41,"Height":18,"Demand":4,"DemandMax":null,"Value":738},{"Length":29,"Height":25,"Demand":11,"DemandMax":null,"Value":725},{"Length":38,"Height":19,"Demand":3,"DemandMax":null,"Value":722},{"Length":40,"Height":18,"Demand":3,"DemandMax":null,"Value":720},{"Length":30,"Height":24,"Demand":3,"DemandMax":null,"Value":720},{"Length":48,"Height":15,"Demand":2,"DemandMax":null,"Value":720},{"Length":34,"Height":21,"Demand":4,"DemandMax":null,"Value":714},{"Length":32,"Height":22,"Demand":4,"DemandMax":null,"Value":704},{"Length":27,"Height":26,"Demand":5,"DemandMax":null,"Value":702},{"Length":39,"Height":18,"Demand":4,"DemandMax":null,"Value":702},{"Length":28,"Height":25,"Demand":6,"DemandMax":null,"Value":700},{"Length":33,"Height":21,"Demand":4,"DemandMax":null,"Value":693},{"Length":46,"Height":15,"Demand":3,"DemandMax":null,"Value":690},{"Length":36,"Height":19,"Demand":4,"DemandMax":null,"Value":684},{"Length":38,"Height":18,"Demand":5,"DemandMax":null,"Value":684},{"Length":40,"Height":17,"Demand":2,"DemandMax":null,"Value":680},{"Length":42,"Height":16,"Demand":6,"DemandMax":null,"Value":672},{"Length":28,"Height":24,"Demand":6,"DemandMax":null,"Value":672},{"Length":37,"Height":18,"Demand":3,"DemandMax":null,"Value":666},{"Length":51,"Height":13,"Demand":5,"DemandMax":null,"Value":663},{"Length":39,"Height":17,"Demand":6,"DemandMax":null,"Value":663},{"Length":33,"Height":20,"Demand":5,"DemandMax":null,"Value":660},{"Length":50,"Height":13,"Demand":6,"DemandMax":null,"Value":650},{"Length":26,"Height":25,"Demand":2,"DemandMax":null,"Value":650},{"Length":36,"Height":18,"Demand":6,"DemandMax":null,"Value":648},{"Length":27,"Height":24,"Demand":6,"DemandMax":null,"Value":648},{"Length":32,"Height":20,"Demand":5,"DemandMax":null,"Value":640},{"Length":49,"Height":13,"Demand":4,"DemandMax":null,"Value":637},{"Length":37,"Height":17,"Demand":5,"DemandMax":null,"Value":629},{"Length":27,"Height":23,"Demand":6,"DemandMax":null,"Value":621},{"Length":31,"Height":20,"Demand":1,"DemandMax":null,"Value":620},{"Length":34,"Height":18,"Demand":4,"DemandMax":null,"Value":612},{"Length":36,"Height":17,"Demand":6,"DemandMax":null,"Value":612},{"Length":29,"Height":21,"Demand":2,"DemandMax":null,"Value":609},{"Length":30,"Height":20,"Demand":10,"DemandMax":null,"Value":600},{"Length":40,"Height":15,"Demand":4,"DemandMax":null,"Value":600},{"Length":25,"Height":24,"Demand":6,"DemandMax":null,"Value":600},{"Length":26,"Height":23,"Demand":4,"DemandMax":null,"Value":598},{"Length":35,"Height":17,"Demand":3,"DemandMax":null,"Value":595},{"Length":28,"Height":21,"Demand":4,"DemandMax":null,"Value":588},{"Length":29,"Height":20,"Demand":2,"DemandMax":null,"Value":580},{"Length":32,"Height":18,"Demand":4,"DemandMax":null,"Value":576},{"Length":41,"Height":14,"Demand":5,"DemandMax":null,"Value":574},{"Length":26,"Height":22,"Demand":7,"DemandMax":null,"Value":572},{"Length":27,"Height":21,"Demand":6,"DemandMax":null,"Value":567},{"Length":40,"Height":14,"Demand":7,"DemandMax":null,"Value":560},{"Length":28,"Height":20,"Demand":8,"DemandMax":null,"Value":560},{"Length":25,"Height":22,"Demand":4,"DemandMax":null,"Value":550},{"Length":42,"Height":13,"Demand":5,"DemandMax":null,"Value":546},{"Length":26,"Height":21,"Demand":2,"DemandMax":null,"Value":546},{"Length":32,"Height":17,"Demand":3,"DemandMax":null,"Value":544},{"Length":36,"Height":15,"Demand":11,"DemandMax":null,"Value":540},{"Length":27,"Height":20,"Demand":5,"DemandMax":null,"Value":540},{"Length":41,"Height":13,"Demand":6,"DemandMax":null,"Value":533},{"Length":28,"Height":19,"Demand":3,"DemandMax":null,"Value":532},{"Length":31,"Height":17,"Demand":4,"DemandMax":null,"Value":527},{"Length":25,"Height":21,"Demand":6,"DemandMax":null,"Value":525},{"Length":39,"Height":13,"Demand":7,"DemandMax":null,"Value":507},{"Length":46,"Height":11,"Demand":4,"DemandMax":null,"Value":506},{"Length":36,"Height":14,"Demand":6,"DemandMax":null,"Value":504},{"Length":31,"Height":16,"Demand":5,"DemandMax":null,"Value":496},{"Length":33,"Height":15,"Demand":3,"DemandMax":null,"Value":495},{"Length":38,"Height":13,"Demand":3,"DemandMax":null,"Value":494},{"Length":35,"Height":14,"Demand":7,"DemandMax":null,"Value":490},{"Length":27,"Height":18,"Demand":2,"DemandMax":null,"Value":486},{"Length":44,"Height":11,"Demand":4,"DemandMax":null,"Value":484},{"Length":23,"Height":21,"Demand":6,"DemandMax":null,"Value":483},{"Length":40,"Height":12,"Demand":3,"DemandMax":null,"Value":480},{"Length":30,"Height":16,"Demand":12,"DemandMax":null,"Value":480},{"Length":48,"Height":10,"Demand":2,"DemandMax":null,"Value":480},{"Length":26,"Height":18,"Demand":4,"DemandMax":null,"Value":468},{"Length":39,"Height":12,"Demand":2,"DemandMax":null,"Value":468},{"Length":29,"Height":16,"Demand":4,"DemandMax":null,"Value":464},{"Length":42,"Height":11,"Demand":8,"DemandMax":null,"Value":462},{"Length":22,"Height":21,"Demand":3,"DemandMax":null,"Value":462},{"Length":23,"Height":20,"Demand":3,"DemandMax":null,"Value":460},{"Length":24,"Height":19,"Demand":3,"DemandMax":null,"Value":456},{"Length":38,"Height":12,"Demand":3,"DemandMax":null,"Value":456},{"Length":30,"Height":15,"Demand":6,"DemandMax":null,"Value":450},{"Length":28,"Height":16,"Demand":6,"DemandMax":null,"Value":448},{"Length":32,"Height":14,"Demand":4,"DemandMax":null,"Value":448},{"Length":26,"Height":17,"Demand":3,"DemandMax":null,"Value":442},{"Length":22,"Height":20,"Demand":4,"DemandMax":null,"Value":440},{"Length":23,"Height":19,"Demand":5,"DemandMax":null,"Value":437},{"Length":29,"Height":15,"Demand":3,"DemandMax":null,"Value":435},{"Length":27,"Height":16,"Demand":4,"DemandMax":null,"Value":432},{"Length":43,"Height":10,"Demand":5,"DemandMax":null,"Value":430},{"Length":28,"Height":15,"Demand":9,"DemandMax":null,"Value":420},{"Length":42,"Height":10,"Demand":3,"DemandMax":null,"Value":420},{"Length":26,"Height":16,"Demand":3,"DemandMax":null,"Value":416},{"Length":37,"Height":11,"Demand":4,"DemandMax":null,"Value":407},{"Length":31,"Height":13,"Demand":3,"DemandMax":null,"Value":403},{"Length":20,"Height":20,"Demand":4,"DemandMax":null,"Value":400},{"Length":21,"Height":19,"Demand":7,"DemandMax":null,"Value":399},{"Length":36,"Height":11,"Demand":2,"DemandMax":null,"Value":396},{"Length":22,"Height":18,"Demand":3,"DemandMax":null,"Value":396},{"Length":23,"Height":17,"Demand":4,"DemandMax":null,"Value":391},{"Length":30,"Height":13,"Demand":4,"DemandMax":null,"Value":390},{"Length":26,"Height":15,"Demand":4,"DemandMax":null,"Value":390},{"Length":27,"Height":14,"Demand":6,"DemandMax":null,"Value":378},{"Length":29,"Height":13,"Demand":4,"DemandMax":null,"Value":377},{"Length":25,"Height":15,"Demand":2,"DemandMax":null,"Value":375},{"Length":34,"Height":11,"Demand":4,"DemandMax":null,"Value":374},{"Length":28,"Height":13,"Demand":2,"DemandMax":null,"Value":364},{"Length":19,"Height":19,"Demand":7,"DemandMax":null,"Value":361},{"Length":24,"Height":15,"Demand":3,"DemandMax":null,"Value":360},{"Length":25,"Height":14,"Demand":4,"DemandMax":null,"Value":350},{"Length":19,"Height":18,"Demand":3,"DemandMax":null,"Value":342},{"Length":26,"Height":13,"Demand":4,"DemandMax":null,"Value":338},{"Length":28,"Height":12,"Demand":5,"DemandMax":null,"Value":336},{"Length":24,"Height":14,"Demand":12,"DemandMax":null,"Value":336},{"Length":21,"Height":16,"Demand":5,"DemandMax":null,"Value":336},{"Length":22,"Height":15,"Demand":3,"DemandMax":null,"Value":330},{"Length":33,"Height":10,"Demand":1,"DemandMax":null,"Value":330},{"Length":19,"Height":17,"Demand":7,"DemandMax":null,"Value":323},{"Length":23,"Height":14,"Demand":5,"DemandMax":null,"Value":322},{"Length":28,"Height":11,"Demand":5,"DemandMax":null,"Value":308},{"Length":18,"Height":17,"Demand":3,"DemandMax":null,"Value":306},{"Length":25,"Height":12,"Demand":4,"DemandMax":null,"Value":300},{"Length":17,"Height":17,"Demand":5,"DemandMax":null,"Value":289},{"Length":19,"Height":15,"Demand":2,"DemandMax":null,"Value":285},{"Length":28,"Height":10,"Demand":4,"DemandMax":null,"Value":280},{"Length":21,"Height":13,"Demand":8,"DemandMax":null,"Value":273},{"Length":19,"Height":14,"Demand":4,"DemandMax":null,"Value":266},{"Length":22,"Height":12,"Demand":8,"DemandMax":null,"Value":264},{"Length":18,"Height":14,"Demand":5,"DemandMax":null,"Value":252},{"Length":19,"Height":13,"Demand":3,"DemandMax":null,"Value":247},{"Length":17,"Height":14,"Demand":4,"DemandMax":null,"Value":238},{"Length":18,"Height":13,"Demand":5,"DemandMax":null,"Value":234},{"Length":19,"Height":12,"Demand":2,"DemandMax":null,"Value":228},{"Length":17,"Height":13,"Demand":3,"DemandMax":null,"Value":221},{"Length":20,"Height":11,"Demand":6,"DemandMax":null,"Value":220},{"Length":15,"Height":14,"Demand":6,"DemandMax":null,"Value":210},{"Length":18,"Height":11,"Demand":8,"DemandMax":null,"Value":198},{"Length":16,"Height":11,"Demand":2,"DemandMax":null,"Value":176},{"Length":16,"Height":10,"Demand":8,"DemandMax":null,"Value":160},{"Length":14,"Height":11,"Demand":3,"DemandMax":null,"Value":154}]}