{"Name":"MB08_035","Objects":[{"Length":587,"Height":233,"Stock":null,"Cost":136771}],"Items":[{"Length":58,"Height":44,"Demand":14,"DemandMax":null,"Value":2552},{"Length":58,"Height":39,"Demand":9,"DemandMax":null,"Value":2262},{"Length":55,"Height":40,"Demand":11,"DemandMax":null,"Value":2200},{"Length":54,"Height":40,"Demand":18,"DemandMax":null,"Value":2160},{"Length":54,"Height":36,"Demand":15,"DemandMax":null,"Value":1944},{"Length":52,"Height":36,"Demand":13,"DemandMax":null,"Value":1872},{"Length":49,"Height":37,"Demand":4,"DemandMax":null,"Value":1813},{"Length":46,"Height":39,"Demand":12,"DemandMax":null,"Value":1794},{"Length":50,"Height":35,"Demand":16,"DemandMax":null,"Value":1750},{"Length":46,"Height":38,"Demand":22,"DemandMax":null,"Value":1748},{"Length":47,"Height":35,"Demand":14,"DemandMax":null,"Value":1645},{"Length":44,"Height":37,"Demand":8,"DemandMax":null,"Value":1628},{"Length":59,"Height":27,"Demand":11,"DemandMax":null,"Value":1593},{"Length":54,"Height":29,"Demand":12,"DemandMax":null,"Value":1566},{"Length":48,"Height":32,"Demand":17,"DemandMax":null,"Value":1536},{"Length":46,"Height":33,"Demand":9,"DemandMax":null,"Value":1518},{"Length":45,"Height":33,"Demand":15,"DemandMax":null,"Value":1485},{"Length":40,"Height":36,"Demand":11,"DemandMax":null,"Value":1440},{"Length":41,"Height":35,"Demand":15,"DemandMax":null,"Value":1435},{"Length":44,"Height":32,"Demand":11,"DemandMax":null,"Value":1408},{"Length":38,"Height":37,"Demand":16,"DemandMax":null,"Value":1406},{"Length":48,"Height":29,"Demand":21,"DemandMax":null,"Value":1392},{"Length":47,"Height":29,"Demand":9,"DemandMax":null,"Value":1363},{"Length":39,"Height":33,"Demand":10,"DemandMax":null,"Value":1287},{"Length":40,"Height":32,"Demand":16,"DemandMax":null,"Value":1280},{"Length":60,"Height":21,"Demand":10,"DemandMax":null,"Value":1260},{"Length":50,"Height":25,"Demand":19,"DemandMax":null,"Value":1250},{"Length":41,"Height":30,"Demand":16,"DemandMax":null,"Value":1230},{"Length":39,"Height":31,"Demand":13,"DemandMax":null,"Value":1209},{"Length":50,"Height":24,"Demand":17,"DemandMax":null,"Value":1200},{"Length":35,"Height":34,"Demand":12,"DemandMax":null,"Value":1190},{"Length":34,"Height":33,"Demand":11,"DemandMax":null,"Value":1122},{"Length":59,"Height":19,"Demand":6,"DemandMax":null,"Value":1121},{"Length":54,"Height":20,"Demand":13,"DemandMax":null,"Value":1080},{"Length":37,"Height":29,"Demand":19,"DemandMax":null,"Value":1073},{"Length":48,"Height":22,"Demand":12,"DemandMax":null,"Value":1056},{"Length":34,"Height":31,"Demand":15,"DemandMax":null,"Value":1054},{"Length":39,"Height":27,"Demand":10,"DemandMax":null,"Value":1053},{"Length":58,"Height":18,"Demand":16,"DemandMax":null,"Value":1044},{"Length":36,"Height":28,"Demand":13,"DemandMax":null,"Value":1008},{"Length":45,"Height":22,"Demand":15,"DemandMax":null,"Value":990},{"Length":49,"Height":20,"Demand":13,"DemandMax":null,"Value":980},{"Length":53,"Height":18,"Demand":22,"DemandMax":null,"Value":954},{"Length":50,"Height":19,"Demand":19,"DemandMax":null,"Value":950},{"Length":45,"Height":21,"Demand":12,"DemandMax":null,"Value":945},{"Length":39,"Height":24,"Demand":15,"DemandMax":null,"Value":936},{"Length":33,"Height":28,"Demand":8,"DemandMax":null,"Value":924},{"Length":40,"Height":23,"Demand":15,"DemandMax":null,"Value":920},{"Length":39,"Height":23,"Demand":14,"DemandMax":null,"Value":897},{"Length":33,"Height":27,"Demand":6,"DemandMax":null,"Value":891},{"Length":36,"Height":24,"Demand":12,"DemandMax":null,"Value":864},{"Length":50,"Height":17,"Demand":12,"DemandMax":null,"Value":850},{"Length":31,"Height":27,"Demand":15,"DemandMax":null,"Value":837},{"Length":38,"Height":22,"Demand":16,"DemandMax":null,"Value":836},{"Length":29,"Height":28,"Demand":16,"DemandMax":null,"Value":812},{"Length":40,"Height":20,"Demand":12,"DemandMax":null,"Value":800},{"Length":38,"Height":21,"Demand":10,"DemandMax":null,"Value":798},{"Length":43,"Height":18,"Demand":14,"DemandMax":null,"Value":774},{"Length":38,"Height":20,"Demand":13,"DemandMax":null,"Value":760},{"Length":38,"Height":19,"Demand":13,"DemandMax":null,"Value":722},{"Length":51,"Height":14,"Demand":9,"DemandMax":null,"Value":714},{"Length":32,"Height":22,"Demand":14,"DemandMax":null,"Value":704},{"Length":37,"Height":19,"Demand":16,"DemandMax":null,"Value":703},{"Length":29,"Height":24,"Demand":10,"DemandMax":null,"Value":696},{"Length":57,"Height":12,"Demand":14,"DemandMax":null,"Value":684},{"Length":37,"Height":18,"Demand":11,"DemandMax":null,"Value":666},{"Length":44,"Height":15,"Demand":12,"DemandMax":null,"Value":660},{"Length":31,"Height":21,"Demand":17,"DemandMax":null,"Value":651},{"Length":38,"Height":17,"Demand":11,"DemandMax":null,"Value":646},{"Length":46,"Height":14,"Demand":9,"DemandMax":null,"Value":644},{"Length":30,"Height":21,"Demand":15,"DemandMax":null,"Value":630},{"Length":27,"Height":23,"Demand":10,"DemandMax":null,"Value":621},{"Length":43,"Height":14,"Demand":12,"DemandMax":null,"Value":602},{"Length":30,"Height":20,"Demand":12,"DemandMax":null,"Value":600},{"Length":33,"Height":18,"Demand":18,"DemandMax":null,"Value":594},{"Length":30,"Height":19,"Demand":16,"DemandMax":null,"Value":570},{"Length":38,"Height":15,"Demand":10,"DemandMax":null,"Value":570},{"Length":26,"Height":21,"Demand":15,"DemandMax":null,"Value":546},{"Length":29,"Height":18,"Demand":13,"DemandMax":null,"Value":522},{"Length":25,"Height":20,"Demand":15,"DemandMax":null,"Value":500},{"Length":28,"Height":17,"Demand":18,"DemandMax":null,"Value":476},{"Length":47,"Height":10,"Demand":7,"DemandMax":null,"Value":470},{"Length":36,"Height":13,"Demand":10,"DemandMax":null,"Value":468},{"Length":42,"Height":10,"Demand":11,"DemandMax":null,"Value":420},{"Length":27,"Height":15,"Demand":12,"DemandMax":null,"Value":405},{"Length":22,"Height":18,"Demand":19,"DemandMax":null,"Value":396},{"Length":37,"Height":10,"Demand":13,"DemandMax":null,"Value":370},{"Length":34,"Height":10,"Demand":21,"DemandMax":null,"Value":340},{"Length":22,"Height":15,"Demand":13,"DemandMax":null,"Value":330},{"Length":18,"Height":16,"Demand":16,"DemandMax":null,"Value":288},{"Length":18,"Height":15,"Demand":19,"DemandMax":null,"Value":270},{"Length":18,"Height":13,"Demand":6,"DemandMax":null,"Value":234},{"Length":17,"Height":13,"Demand":12,"DemandMax":null,"Value":221},{"Length":17,"Height":12,"Demand":15,"DemandMax":null,"Value":204},{"Length":18,"Height":10,"Demand":15,"DemandMax":null,"Value":180}]}