{"Name":"MB10_021","Objects":[{"Length":432,"Height":79,"Stock":null,"Cost":34128}],"Items":[{"Length":52,"Height":49,"Demand":23,"DemandMax":null,"Value":2548},{"Length":60,"Height":36,"Demand":26,"DemandMax":null,"Value":2160},{"Length":46,"Height":40,"Demand":13,"DemandMax":null,"Value":1840},{"Length":43,"Height":42,"Demand":21,"DemandMax":null,"Value":1806},{"Length":47,"Height":38,"Demand":15,"DemandMax":null,"Value":1786},{"Length":59,"Height":29,"Demand":19,"DemandMax":null,"Value":1711},{"Length":43,"Height":38,"Demand":20,"DemandMax":null,"Value":1634},{"Length":45,"Height":35,"Demand":19,"DemandMax":null,"Value":1575},{"Length":47,"Height":33,"Demand":18,"DemandMax":null,"Value":1551},{"Length":40,"Height":38,"Demand":23,"DemandMax":null,"Value":1520},{"Length":42,"Height":36,"Demand":15,"DemandMax":null,"Value":1512},{"Length":46,"Height":32,"Demand":25,"DemandMax":null,"Value":1472},{"Length":54,"Height":27,"Demand":17,"DemandMax":null,"Value":1458},{"Length":47,"Height":31,"Demand":14,"DemandMax":null,"Value":1457},{"Length":39,"Height":37,"Demand":13,"DemandMax":null,"Value":1443},{"Length":40,"Height":36,"Demand":20,"DemandMax":null,"Value":1440},{"Length":47,"Height":30,"Demand":19,"DemandMax":null,"Value":1410},{"Length":50,"Height":28,"Demand":21,"DemandMax":null,"Value":1400},{"Length":37,"Height":37,"Demand":15,"DemandMax":null,"Value":1369},{"Length":55,"Height":24,"Demand":19,"DemandMax":null,"Value":1320},{"Length":42,"Height":29,"Demand":22,"DemandMax":null,"Value":1218},{"Length":38,"Height":32,"Demand":19,"DemandMax":null,"Value":1216},{"Length":49,"Height":23,"Demand":16,"DemandMax":null,"Value":1127},{"Length":45,"Height":25,"Demand":13,"DemandMax":null,"Value":1125},{"Length":35,"Height":30,"Demand":20,"DemandMax":null,"Value":1050},{"Length":40,"Height":26,"Demand":18,"DemandMax":null,"Value":1040},{"Length":36,"Height":28,"Demand":18,"DemandMax":null,"Value":1008},{"Length":39,"Height":25,"Demand":16,"DemandMax":null,"Value":975},{"Length":51,"Height":19,"Demand":15,"DemandMax":null,"Value":969},{"Length":35,"Height":27,"Demand":14,"DemandMax":null,"Value":945},{"Length":32,"Height":29,"Demand":20,"DemandMax":null,"Value":928},{"Length":56,"Height":16,"Demand":19,"DemandMax":null,"Value":896},{"Length":47,"Height":19,"Demand":21,"DemandMax":null,"Value":893},{"Length":40,"Height":22,"Demand":14,"DemandMax":null,"Value":880},{"Length":30,"Height":28,"Demand":25,"DemandMax":null,"Value":840},{"Length":35,"Height":24,"Demand":20,"DemandMax":null,"Value":840},{"Length":44,"Height":19,"Demand":23,"DemandMax":null,"Value":836},{"Length":37,"Height":22,"Demand":21,"DemandMax":null,"Value":814},{"Length":29,"Height":28,"Demand":9,"DemandMax":null,"Value":812},{"Length":30,"Height":27,"Demand":19,"DemandMax":null,"Value":810},{"Length":54,"Height":15,"Demand":13,"DemandMax":null,"Value":810},{"Length":49,"Height":16,"Demand":27,"DemandMax":null,"Value":784},{"Length":39,"Height":20,"Demand":23,"DemandMax":null,"Value":780},{"Length":54,"Height":14,"Demand":20,"DemandMax":null,"Value":756},{"Length":34,"Height":22,"Demand":20,"DemandMax":null,"Value":748},{"Length":49,"Height":15,"Demand":16,"DemandMax":null,"Value":735},{"Length":42,"Height":17,"Demand":27,"DemandMax":null,"Value":714},{"Length":31,"Height":23,"Demand":19,"DemandMax":null,"Value":713},{"Length":27,"Height":26,"Demand":27,"DemandMax":null,"Value":702},{"Length":55,"Height":12,"Demand":19,"DemandMax":null,"Value":660},{"Length":46,"Height":14,"Demand":19,"DemandMax":null,"Value":644},{"Length":35,"Height":18,"Demand":18,"DemandMax":null,"Value":630},{"Length":37,"Height":17,"Demand":13,"DemandMax":null,"Value":629},{"Length":30,"Height":20,"Demand":22,"DemandMax":null,"Value":600},{"Length":42,"Height":14,"Demand":21,"DemandMax":null,"Value":588},{"Length":27,"Height":21,"Demand":9,"DemandMax":null,"Value":567},{"Length":25,"Height":21,"Demand":24,"DemandMax":null,"Value":525},{"Length":40,"Height":13,"Demand":22,"DemandMax":null,"Value":520},{"Length":28,"Height":18,"Demand":19,"DemandMax":null,"Value":504},{"Length":45,"Height":11,"Demand":24,"DemandMax":null,"Value":495},{"Length":33,"Height":15,"Demand":17,"DemandMax":null,"Value":495},{"Length":27,"Height":18,"Demand":24,"DemandMax":null,"Value":486},{"Length":26,"Height":18,"Demand":27,"DemandMax":null,"Value":468},{"Length":28,"Height":16,"Demand":17,"DemandMax":null,"Value":448},{"Length":21,"Height":21,"Demand":26,"DemandMax":null,"Value":441},{"Length":28,"Height":15,"Demand":18,"DemandMax":null,"Value":420},{"Length":23,"Height":18,"Demand":16,"DemandMax":null,"Value":414},{"Length":27,"Height":15,"Demand":24,"DemandMax":null,"Value":405},{"Length":23,"Height":17,"Demand":15,"DemandMax":null,"Value":391},{"Length":24,"Height":15,"Demand":21,"DemandMax":null,"Value":360},{"Length":20,"Height":18,"Demand":26,"DemandMax":null,"Value":360},{"Length":23,"Height":15,"Demand":13,"DemandMax":null,"Value":345},{"Length":16,"Height":15,"Demand":17,"DemandMax":null,"Value":240},{"Length":16,"Height":14,"Demand":22,"DemandMax":null,"Value":224},{"Length":17,"Height":13,"Demand":19,"DemandMax":null,"Value":221},{"Length":15,"Height":13,"Demand":18,"DemandMax":null,"Value":195},{"Length":12,"Height":10,"Demand":16,"DemandMax":null,"Value":120}]}