{"Name":"MB08_099","Objects":[{"Length":587,"Height":233,"Stock":null,"Cost":136771}],"Items":[{"Length":59,"Height":49,"Demand":3,"DemandMax":null,"Value":2891},{"Length":56,"Height":50,"Demand":3,"DemandMax":null,"Value":2800},{"Length":58,"Height":48,"Demand":2,"DemandMax":null,"Value":2784},{"Length":57,"Height":47,"Demand":4,"DemandMax":null,"Value":2679},{"Length":53,"Height":48,"Demand":1,"DemandMax":null,"Value":2544},{"Length":59,"Height":43,"Demand":4,"DemandMax":null,"Value":2537},{"Length":51,"Height":49,"Demand":6,"DemandMax":null,"Value":2499},{"Length":59,"Height":41,"Demand":3,"DemandMax":null,"Value":2419},{"Length":52,"Height":45,"Demand":5,"DemandMax":null,"Value":2340},{"Length":50,"Height":45,"Demand":2,"DemandMax":null,"Value":2250},{"Length":57,"Height":39,"Demand":3,"DemandMax":null,"Value":2223},{"Length":60,"Height":37,"Demand":3,"DemandMax":null,"Value":2220},{"Length":48,"Height":46,"Demand":2,"DemandMax":null,"Value":2208},{"Length":55,"Height":40,"Demand":5,"DemandMax":null,"Value":2200},{"Length":47,"Height":46,"Demand":3,"DemandMax":null,"Value":2162},{"Length":54,"Height":40,"Demand":2,"DemandMax":null,"Value":2160},{"Length":50,"Height":43,"Demand":7,"DemandMax":null,"Value":2150},{"Length":54,"Height":39,"Demand":4,"DemandMax":null,"Value":2106},{"Length":52,"Height":40,"Demand":3,"DemandMax":null,"Value":2080},{"Length":53,"Height":39,"Demand":3,"DemandMax":null,"Value":2067},{"Length":54,"Height":38,"Demand":5,"DemandMax":null,"Value":2052},{"Length":56,"Height":36,"Demand":1,"DemandMax":null,"Value":2016},{"Length":49,"Height":41,"Demand":6,"DemandMax":null,"Value":2009},{"Length":48,"Height":41,"Demand":3,"DemandMax":null,"Value":1968},{"Length":49,"Height":40,"Demand":4,"DemandMax":null,"Value":1960},{"Length":56,"Height":35,"Demand":1,"DemandMax":null,"Value":1960},{"Length":54,"Height":36,"Demand":5,"DemandMax":null,"Value":1944},{"Length":55,"Height":35,"Demand":2,"DemandMax":null,"Value":1925},{"Length":53,"Height":36,"Demand":2,"DemandMax":null,"Value":1908},{"Length":46,"Height":41,"Demand":3,"DemandMax":null,"Value":1886},{"Length":49,"Height":38,"Demand":3,"DemandMax":null,"Value":1862},{"Length":58,"Height":32,"Demand":2,"DemandMax":null,"Value":1856},{"Length":50,"Height":36,"Demand":3,"DemandMax":null,"Value":1800},{"Length":46,"Height":39,"Demand":4,"DemandMax":null,"Value":1794},{"Length":56,"Height":32,"Demand":4,"DemandMax":null,"Value":1792},{"Length":59,"Height":30,"Demand":3,"DemandMax":null,"Value":1770},{"Length":52,"Height":34,"Demand":2,"DemandMax":null,"Value":1768},{"Length":49,"Height":36,"Demand":3,"DemandMax":null,"Value":1764},{"Length":44,"Height":40,"Demand":5,"DemandMax":null,"Value":1760},{"Length":46,"Height":38,"Demand":4,"DemandMax":null,"Value":1748},{"Length":51,"Height":34,"Demand":3,"DemandMax":null,"Value":1734},{"Length":57,"Height":30,"Demand":5,"DemandMax":null,"Value":1710},{"Length":55,"Height":31,"Demand":3,"DemandMax":null,"Value":1705},{"Length":47,"Height":36,"Demand":3,"DemandMax":null,"Value":1692},{"Length":41,"Height":41,"Demand":5,"DemandMax":null,"Value":1681},{"Length":48,"Height":35,"Demand":4,"DemandMax":null,"Value":1680},{"Length":44,"Height":38,"Demand":7,"DemandMax":null,"Value":1672},{"Length":50,"Height":33,"Demand":2,"DemandMax":null,"Value":1650},{"Length":53,"Height":31,"Demand":1,"DemandMax":null,"Value":1643},{"Length":42,"Height":39,"Demand":8,"DemandMax":null,"Value":1638},{"Length":48,"Height":34,"Demand":4,"DemandMax":null,"Value":1632},{"Length":49,"Height":33,"Demand":3,"DemandMax":null,"Value":1617},{"Length":41,"Height":39,"Demand":4,"DemandMax":null,"Value":1599},{"Length":54,"Height":29,"Demand":4,"DemandMax":null,"Value":1566},{"Length":40,"Height":39,"Demand":3,"DemandMax":null,"Value":1560},{"Length":52,"Height":30,"Demand":3,"DemandMax":null,"Value":1560},{"Length":41,"Height":38,"Demand":3,"DemandMax":null,"Value":1558},{"Length":42,"Height":37,"Demand":3,"DemandMax":null,"Value":1554},{"Length":45,"Height":34,"Demand":4,"DemandMax":null,"Value":1530},{"Length":51,"Height":30,"Demand":1,"DemandMax":null,"Value":1530},{"Length":47,"Height":32,"Demand":1,"DemandMax":null,"Value":1504},{"Length":50,"Height":30,"Demand":4,"DemandMax":null,"Value":1500},{"Length":45,"Height":33,"Demand":4,"DemandMax":null,"Value":1485},{"Length":57,"Height":26,"Demand":5,"DemandMax":null,"Value":1482},{"Length":41,"Height":36,"Demand":3,"DemandMax":null,"Value":1476},{"Length":59,"Height":25,"Demand":3,"DemandMax":null,"Value":1475},{"Length":46,"Height":32,"Demand":3,"DemandMax":null,"Value":1472},{"Length":54,"Height":27,"Demand":3,"DemandMax":null,"Value":1458},{"Length":44,"Height":33,"Demand":3,"DemandMax":null,"Value":1452},{"Length":48,"Height":30,"Demand":6,"DemandMax":null,"Value":1440},{"Length":40,"Height":36,"Demand":6,"DemandMax":null,"Value":1440},{"Length":42,"Height":34,"Demand":4,"DemandMax":null,"Value":1428},{"Length":46,"Height":31,"Demand":3,"DemandMax":null,"Value":1426},{"Length":49,"Height":29,"Demand":1,"DemandMax":null,"Value":1421},{"Length":47,"Height":30,"Demand":9,"DemandMax":null,"Value":1410},{"Length":44,"Height":32,"Demand":5,"DemandMax":null,"Value":1408},{"Length":38,"Height":37,"Demand":2,"DemandMax":null,"Value":1406},{"Length":40,"Height":35,"Demand":5,"DemandMax":null,"Value":1400},{"Length":42,"Height":33,"Demand":3,"DemandMax":null,"Value":1386},{"Length":43,"Height":32,"Demand":4,"DemandMax":null,"Value":1376},{"Length":49,"Height":28,"Demand":1,"DemandMax":null,"Value":1372},{"Length":57,"Height":24,"Demand":5,"DemandMax":null,"Value":1368},{"Length":38,"Height":36,"Demand":3,"DemandMax":null,"Value":1368},{"Length":44,"Height":31,"Demand":4,"DemandMax":null,"Value":1364},{"Length":45,"Height":30,"Demand":5,"DemandMax":null,"Value":1350},{"Length":48,"Height":28,"Demand":3,"DemandMax":null,"Value":1344},{"Length":46,"Height":29,"Demand":4,"DemandMax":null,"Value":1334},{"Length":43,"Height":31,"Demand":3,"DemandMax":null,"Value":1333},{"Length":37,"Height":36,"Demand":4,"DemandMax":null,"Value":1332},{"Length":39,"Height":34,"Demand":6,"DemandMax":null,"Value":1326},{"Length":55,"Height":24,"Demand":3,"DemandMax":null,"Value":1320},{"Length":40,"Height":33,"Demand":5,"DemandMax":null,"Value":1320},{"Length":47,"Height":28,"Demand":3,"DemandMax":null,"Value":1316},{"Length":41,"Height":32,"Demand":5,"DemandMax":null,"Value":1312},{"Length":45,"Height":29,"Demand":4,"DemandMax":null,"Value":1305},{"Length":42,"Height":31,"Demand":4,"DemandMax":null,"Value":1302},{"Length":37,"Height":35,"Demand":3,"DemandMax":null,"Value":1295},{"Length":38,"Height":34,"Demand":5,"DemandMax":null,"Value":1292},{"Length":44,"Height":29,"Demand":6,"DemandMax":null,"Value":1276},{"Length":49,"Height":26,"Demand":4,"DemandMax":null,"Value":1274},{"Length":36,"Height":35,"Demand":3,"DemandMax":null,"Value":1260},{"Length":45,"Height":28,"Demand":4,"DemandMax":null,"Value":1260},{"Length":37,"Height":34,"Demand":4,"DemandMax":null,"Value":1258},{"Length":38,"Height":33,"Demand":4,"DemandMax":null,"Value":1254},{"Length":50,"Height":25,"Demand":4,"DemandMax":null,"Value":1250},{"Length":39,"Height":32,"Demand":1,"DemandMax":null,"Value":1248},{"Length":40,"Height":31,"Demand":3,"DemandMax":null,"Value":1240},{"Length":56,"Height":22,"Demand":4,"DemandMax":null,"Value":1232},{"Length":35,"Height":35,"Demand":4,"DemandMax":null,"Value":1225},{"Length":36,"Height":34,"Demand":3,"DemandMax":null,"Value":1224},{"Length":37,"Height":33,"Demand":3,"DemandMax":null,"Value":1221},{"Length":42,"Height":29,"Demand":1,"DemandMax":null,"Value":1218},{"Length":38,"Height":32,"Demand":4,"DemandMax":null,"Value":1216},{"Length":43,"Height":28,"Demand":2,"DemandMax":null,"Value":1204},{"Length":48,"Height":25,"Demand":2,"DemandMax":null,"Value":1200},{"Length":57,"Height":21,"Demand":2,"DemandMax":null,"Value":1197},{"Length":52,"Height":23,"Demand":2,"DemandMax":null,"Value":1196},{"Length":35,"Height":34,"Demand":1,"DemandMax":null,"Value":1190},{"Length":37,"Height":32,"Demand":7,"DemandMax":null,"Value":1184},{"Length":56,"Height":21,"Demand":3,"DemandMax":null,"Value":1176},{"Length":51,"Height":23,"Demand":3,"DemandMax":null,"Value":1173},{"Length":39,"Height":30,"Demand":2,"DemandMax":null,"Value":1170},{"Length":48,"Height":24,"Demand":1,"DemandMax":null,"Value":1152},{"Length":54,"Height":21,"Demand":1,"DemandMax":null,"Value":1134},{"Length":39,"Height":29,"Demand":3,"DemandMax":null,"Value":1131},{"Length":49,"Height":23,"Demand":4,"DemandMax":null,"Value":1127},{"Length":34,"Height":33,"Demand":2,"DemandMax":null,"Value":1122},{"Length":36,"Height":31,"Demand":4,"DemandMax":null,"Value":1116},{"Length":52,"Height":21,"Demand":2,"DemandMax":null,"Value":1092},{"Length":39,"Height":28,"Demand":4,"DemandMax":null,"Value":1092},{"Length":42,"Height":26,"Demand":2,"DemandMax":null,"Value":1092},{"Length":47,"Height":23,"Demand":5,"DemandMax":null,"Value":1081},{"Length":43,"Height":25,"Demand":3,"DemandMax":null,"Value":1075},{"Length":41,"Height":26,"Demand":3,"DemandMax":null,"Value":1066},{"Length":38,"Height":28,"Demand":7,"DemandMax":null,"Value":1064},{"Length":56,"Height":19,"Demand":4,"DemandMax":null,"Value":1064},{"Length":48,"Height":22,"Demand":8,"DemandMax":null,"Value":1056},{"Length":39,"Height":27,"Demand":3,"DemandMax":null,"Value":1053},{"Length":42,"Height":25,"Demand":5,"DemandMax":null,"Value":1050},{"Length":49,"Height":21,"Demand":3,"DemandMax":null,"Value":1029},{"Length":38,"Height":27,"Demand":1,"DemandMax":null,"Value":1026},{"Length":33,"Height":31,"Demand":4,"DemandMax":null,"Value":1023},{"Length":39,"Height":26,"Demand":3,"DemandMax":null,"Value":1014},{"Length":44,"Height":23,"Demand":3,"DemandMax":null,"Value":1012},{"Length":46,"Height":22,"Demand":5,"DemandMax":null,"Value":1012},{"Length":36,"Height":28,"Demand":4,"DemandMax":null,"Value":1008},{"Length":42,"Height":24,"Demand":4,"DemandMax":null,"Value":1008},{"Length":59,"Height":17,"Demand":3,"DemandMax":null,"Value":1003},{"Length":50,"Height":20,"Demand":4,"DemandMax":null,"Value":1000},{"Length":32,"Height":31,"Demand":2,"DemandMax":null,"Value":992},{"Length":33,"Height":30,"Demand":1,"DemandMax":null,"Value":990},{"Length":58,"Height":17,"Demand":6,"DemandMax":null,"Value":986},{"Length":49,"Height":20,"Demand":2,"DemandMax":null,"Value":980},{"Length":39,"Height":25,"Demand":1,"DemandMax":null,"Value":975},{"Length":54,"Height":18,"Demand":4,"DemandMax":null,"Value":972},{"Length":44,"Height":22,"Demand":6,"DemandMax":null,"Value":968},{"Length":42,"Height":23,"Demand":1,"DemandMax":null,"Value":966},{"Length":37,"Height":26,"Demand":1,"DemandMax":null,"Value":962},{"Length":48,"Height":20,"Demand":3,"DemandMax":null,"Value":960},{"Length":60,"Height":16,"Demand":4,"DemandMax":null,"Value":960},{"Length":38,"Height":25,"Demand":2,"DemandMax":null,"Value":950},{"Length":43,"Height":22,"Demand":3,"DemandMax":null,"Value":946},{"Length":45,"Height":21,"Demand":2,"DemandMax":null,"Value":945},{"Length":59,"Height":16,"Demand":2,"DemandMax":null,"Value":944},{"Length":41,"Height":23,"Demand":3,"DemandMax":null,"Value":943},{"Length":47,"Height":20,"Demand":3,"DemandMax":null,"Value":940},{"Length":39,"Height":24,"Demand":4,"DemandMax":null,"Value":936},{"Length":49,"Height":19,"Demand":5,"DemandMax":null,"Value":931},{"Length":31,"Height":30,"Demand":2,"DemandMax":null,"Value":930},{"Length":32,"Height":29,"Demand":7,"DemandMax":null,"Value":928},{"Length":58,"Height":16,"Demand":5,"DemandMax":null,"Value":928},{"Length":37,"Height":25,"Demand":2,"DemandMax":null,"Value":925},{"Length":44,"Height":21,"Demand":1,"DemandMax":null,"Value":924},{"Length":40,"Height":23,"Demand":1,"DemandMax":null,"Value":920},{"Length":35,"Height":26,"Demand":3,"DemandMax":null,"Value":910},{"Length":43,"Height":21,"Demand":3,"DemandMax":null,"Value":903},{"Length":36,"Height":25,"Demand":5,"DemandMax":null,"Value":900},{"Length":31,"Height":29,"Demand":3,"DemandMax":null,"Value":899},{"Length":39,"Height":23,"Demand":2,"DemandMax":null,"Value":897},{"Length":47,"Height":19,"Demand":1,"DemandMax":null,"Value":893},{"Length":33,"Height":27,"Demand":3,"DemandMax":null,"Value":891},{"Length":52,"Height":17,"Demand":5,"DemandMax":null,"Value":884},{"Length":40,"Height":22,"Demand":1,"DemandMax":null,"Value":880},{"Length":38,"Height":23,"Demand":3,"DemandMax":null,"Value":874},{"Length":46,"Height":19,"Demand":4,"DemandMax":null,"Value":874},{"Length":31,"Height":28,"Demand":3,"DemandMax":null,"Value":868},{"Length":51,"Height":17,"Demand":4,"DemandMax":null,"Value":867},{"Length":36,"Height":24,"Demand":5,"DemandMax":null,"Value":864},{"Length":32,"Height":27,"Demand":6,"DemandMax":null,"Value":864},{"Length":39,"Height":22,"Demand":5,"DemandMax":null,"Value":858},{"Length":33,"Height":26,"Demand":5,"DemandMax":null,"Value":858},{"Length":37,"Height":23,"Demand":5,"DemandMax":null,"Value":851},{"Length":34,"Height":25,"Demand":2,"DemandMax":null,"Value":850},{"Length":50,"Height":17,"Demand":3,"DemandMax":null,"Value":850},{"Length":35,"Height":24,"Demand":1,"DemandMax":null,"Value":840},{"Length":42,"Height":20,"Demand":4,"DemandMax":null,"Value":840},{"Length":30,"Height":28,"Demand":1,"DemandMax":null,"Value":840},{"Length":31,"Height":27,"Demand":3,"DemandMax":null,"Value":837},{"Length":38,"Height":22,"Demand":3,"DemandMax":null,"Value":836},{"Length":49,"Height":17,"Demand":2,"DemandMax":null,"Value":833},{"Length":39,"Height":21,"Demand":4,"DemandMax":null,"Value":819},{"Length":51,"Height":16,"Demand":5,"DemandMax":null,"Value":816},{"Length":29,"Height":28,"Demand":1,"DemandMax":null,"Value":812},{"Length":30,"Height":27,"Demand":4,"DemandMax":null,"Value":810},{"Length":54,"Height":15,"Demand":3,"DemandMax":null,"Value":810},{"Length":45,"Height":18,"Demand":4,"DemandMax":null,"Value":810},{"Length":31,"Height":26,"Demand":5,"DemandMax":null,"Value":806},{"Length":40,"Height":20,"Demand":9,"DemandMax":null,"Value":800},{"Length":32,"Height":25,"Demand":10,"DemandMax":null,"Value":800},{"Length":38,"Height":21,"Demand":3,"DemandMax":null,"Value":798},{"Length":42,"Height":19,"Demand":2,"DemandMax":null,"Value":798},{"Length":53,"Height":15,"Demand":3,"DemandMax":null,"Value":795},{"Length":28,"Height":28,"Demand":5,"DemandMax":null,"Value":784},{"Length":34,"Height":23,"Demand":2,"DemandMax":null,"Value":782},{"Length":30,"Height":26,"Demand":4,"DemandMax":null,"Value":780},{"Length":37,"Height":21,"Demand":3,"DemandMax":null,"Value":777},{"Length":31,"Height":25,"Demand":3,"DemandMax":null,"Value":775},{"Length":48,"Height":16,"Demand":4,"DemandMax":null,"Value":768},{"Length":45,"Height":17,"Demand":5,"DemandMax":null,"Value":765},{"Length":38,"Height":20,"Demand":2,"DemandMax":null,"Value":760},{"Length":28,"Height":27,"Demand":1,"DemandMax":null,"Value":756},{"Length":58,"Height":13,"Demand":5,"DemandMax":null,"Value":754},{"Length":29,"Height":26,"Demand":2,"DemandMax":null,"Value":754},{"Length":47,"Height":16,"Demand":6,"DemandMax":null,"Value":752},{"Length":50,"Height":15,"Demand":3,"DemandMax":null,"Value":750},{"Length":30,"Height":25,"Demand":5,"DemandMax":null,"Value":750},{"Length":34,"Height":22,"Demand":3,"DemandMax":null,"Value":748},{"Length":44,"Height":17,"Demand":2,"DemandMax":null,"Value":748},{"Length":57,"Height":13,"Demand":6,"DemandMax":null,"Value":741},{"Length":37,"Height":20,"Demand":2,"DemandMax":null,"Value":740},{"Length":32,"Height":23,"Demand":2,"DemandMax":null,"Value":736},{"Length":49,"Height":15,"Demand":5,"DemandMax":null,"Value":735},{"Length":27,"Height":27,"Demand":3,"DemandMax":null,"Value":729},{"Length":28,"Height":26,"Demand":3,"DemandMax":null,"Value":728},{"Length":38,"Height":19,"Demand":2,"DemandMax":null,"Value":722},{"Length":30,"Height":24,"Demand":4,"DemandMax":null,"Value":720},{"Length":48,"Height":15,"Demand":2,"DemandMax":null,"Value":720},{"Length":36,"Height":20,"Demand":2,"DemandMax":null,"Value":720},{"Length":42,"Height":17,"Demand":3,"DemandMax":null,"Value":714},{"Length":34,"Height":21,"Demand":1,"DemandMax":null,"Value":714},{"Length":51,"Height":14,"Demand":4,"DemandMax":null,"Value":714},{"Length":31,"Height":23,"Demand":4,"DemandMax":null,"Value":713},{"Length":32,"Height":22,"Demand":2,"DemandMax":null,"Value":704},{"Length":44,"Height":16,"Demand":2,"DemandMax":null,"Value":704},{"Length":27,"Height":26,"Demand":8,"DemandMax":null,"Value":702},{"Length":54,"Height":13,"Demand":5,"DemandMax":null,"Value":702},{"Length":35,"Height":20,"Demand":6,"DemandMax":null,"Value":700},{"Length":58,"Height":12,"Demand":2,"DemandMax":null,"Value":696},{"Length":33,"Height":21,"Demand":5,"DemandMax":null,"Value":693},{"Length":31,"Height":22,"Demand":2,"DemandMax":null,"Value":682},{"Length":40,"Height":17,"Demand":2,"DemandMax":null,"Value":680},{"Length":26,"Height":26,"Demand":3,"DemandMax":null,"Value":676},{"Length":27,"Height":25,"Demand":5,"DemandMax":null,"Value":675},{"Length":28,"Height":24,"Demand":4,"DemandMax":null,"Value":672},{"Length":48,"Height":14,"Demand":3,"DemandMax":null,"Value":672},{"Length":42,"Height":16,"Demand":4,"DemandMax":null,"Value":672},{"Length":29,"Height":23,"Demand":2,"DemandMax":null,"Value":667},{"Length":37,"Height":18,"Demand":4,"DemandMax":null,"Value":666},{"Length":51,"Height":13,"Demand":7,"DemandMax":null,"Value":663},{"Length":44,"Height":15,"Demand":2,"DemandMax":null,"Value":660},{"Length":26,"Height":25,"Demand":2,"DemandMax":null,"Value":650},{"Length":36,"Height":18,"Demand":4,"DemandMax":null,"Value":648},{"Length":27,"Height":24,"Demand":3,"DemandMax":null,"Value":648},{"Length":38,"Height":17,"Demand":2,"DemandMax":null,"Value":646},{"Length":34,"Height":19,"Demand":3,"DemandMax":null,"Value":646},{"Length":28,"Height":23,"Demand":3,"DemandMax":null,"Value":644},{"Length":32,"Height":20,"Demand":7,"DemandMax":null,"Value":640},{"Length":42,"Height":15,"Demand":3,"DemandMax":null,"Value":630},{"Length":45,"Height":14,"Demand":3,"DemandMax":null,"Value":630},{"Length":37,"Height":17,"Demand":2,"DemandMax":null,"Value":629},{"Length":33,"Height":19,"Demand":4,"DemandMax":null,"Value":627},{"Length":31,"Height":20,"Demand":1,"DemandMax":null,"Value":620},{"Length":44,"Height":14,"Demand":5,"DemandMax":null,"Value":616},{"Length":28,"Height":22,"Demand":4,"DemandMax":null,"Value":616},{"Length":36,"Height":17,"Demand":2,"DemandMax":null,"Value":612},{"Length":29,"Height":21,"Demand":2,"DemandMax":null,"Value":609},{"Length":32,"Height":19,"Demand":4,"DemandMax":null,"Value":608},{"Length":38,"Height":16,"Demand":6,"DemandMax":null,"Value":608},{"Length":43,"Height":14,"Demand":2,"DemandMax":null,"Value":602},{"Length":30,"Height":20,"Demand":3,"DemandMax":null,"Value":600},{"Length":46,"Height":13,"Demand":1,"DemandMax":null,"Value":598},{"Length":26,"Height":23,"Demand":2,"DemandMax":null,"Value":598},{"Length":35,"Height":17,"Demand":1,"DemandMax":null,"Value":595},{"Length":27,"Height":22,"Demand":2,"DemandMax":null,"Value":594},{"Length":33,"Height":18,"Demand":3,"DemandMax":null,"Value":594},{"Length":37,"Height":16,"Demand":2,"DemandMax":null,"Value":592},{"Length":31,"Height":19,"Demand":4,"DemandMax":null,"Value":589},{"Length":34,"Height":17,"Demand":2,"DemandMax":null,"Value":578},{"Length":48,"Height":12,"Demand":4,"DemandMax":null,"Value":576},{"Length":24,"Height":24,"Demand":1,"DemandMax":null,"Value":576},{"Length":32,"Height":18,"Demand":2,"DemandMax":null,"Value":576},{"Length":26,"Height":22,"Demand":2,"DemandMax":null,"Value":572},{"Length":27,"Height":21,"Demand":1,"DemandMax":null,"Value":567},{"Length":47,"Height":12,"Demand":4,"DemandMax":null,"Value":564},{"Length":37,"Height":15,"Demand":2,"DemandMax":null,"Value":555},{"Length":55,"Height":10,"Demand":4,"DemandMax":null,"Value":550},{"Length":39,"Height":14,"Demand":3,"DemandMax":null,"Value":546},{"Length":32,"Height":17,"Demand":7,"DemandMax":null,"Value":544},{"Length":36,"Height":15,"Demand":9,"DemandMax":null,"Value":540},{"Length":30,"Height":18,"Demand":2,"DemandMax":null,"Value":540},{"Length":27,"Height":20,"Demand":4,"DemandMax":null,"Value":540},{"Length":45,"Height":12,"Demand":3,"DemandMax":null,"Value":540},{"Length":41,"Height":13,"Demand":2,"DemandMax":null,"Value":533},{"Length":28,"Height":19,"Demand":4,"DemandMax":null,"Value":532},{"Length":48,"Height":11,"Demand":3,"DemandMax":null,"Value":528},{"Length":33,"Height":16,"Demand":2,"DemandMax":null,"Value":528},{"Length":31,"Height":17,"Demand":5,"DemandMax":null,"Value":527},{"Length":26,"Height":20,"Demand":5,"DemandMax":null,"Value":520},{"Length":40,"Height":13,"Demand":3,"DemandMax":null,"Value":520},{"Length":51,"Height":10,"Demand":3,"DemandMax":null,"Value":510},{"Length":34,"Height":15,"Demand":2,"DemandMax":null,"Value":510},{"Length":30,"Height":17,"Demand":7,"DemandMax":null,"Value":510},{"Length":42,"Height":12,"Demand":4,"DemandMax":null,"Value":504},{"Length":24,"Height":21,"Demand":5,"DemandMax":null,"Value":504},{"Length":25,"Height":20,"Demand":2,"DemandMax":null,"Value":500},{"Length":45,"Height":11,"Demand":3,"DemandMax":null,"Value":495},{"Length":29,"Height":17,"Demand":4,"DemandMax":null,"Value":493},{"Length":49,"Height":10,"Demand":4,"DemandMax":null,"Value":490},{"Length":27,"Height":18,"Demand":2,"DemandMax":null,"Value":486},{"Length":22,"Height":22,"Demand":4,"DemandMax":null,"Value":484},{"Length":23,"Height":21,"Demand":3,"DemandMax":null,"Value":483},{"Length":30,"Height":16,"Demand":2,"DemandMax":null,"Value":480},{"Length":25,"Height":19,"Demand":2,"DemandMax":null,"Value":475},{"Length":29,"Height":16,"Demand":3,"DemandMax":null,"Value":464},{"Length":22,"Height":21,"Demand":2,"DemandMax":null,"Value":462},{"Length":46,"Height":10,"Demand":4,"DemandMax":null,"Value":460},{"Length":27,"Height":17,"Demand":2,"DemandMax":null,"Value":459},{"Length":35,"Height":13,"Demand":1,"DemandMax":null,"Value":455},{"Length":32,"Height":14,"Demand":4,"DemandMax":null,"Value":448},{"Length":22,"Height":20,"Demand":3,"DemandMax":null,"Value":440},{"Length":23,"Height":19,"Demand":5,"DemandMax":null,"Value":437},{"Length":36,"Height":12,"Demand":8,"DemandMax":null,"Value":432},{"Length":27,"Height":16,"Demand":4,"DemandMax":null,"Value":432},{"Length":43,"Height":10,"Demand":1,"DemandMax":null,"Value":430},{"Length":25,"Height":17,"Demand":3,"DemandMax":null,"Value":425},{"Length":28,"Height":15,"Demand":5,"DemandMax":null,"Value":420},{"Length":21,"Height":20,"Demand":4,"DemandMax":null,"Value":420},{"Length":38,"Height":11,"Demand":1,"DemandMax":null,"Value":418},{"Length":26,"Height":16,"Demand":4,"DemandMax":null,"Value":416},{"Length":41,"Height":10,"Demand":2,"DemandMax":null,"Value":410},{"Length":34,"Height":12,"Demand":2,"DemandMax":null,"Value":408},{"Length":37,"Height":11,"Demand":1,"DemandMax":null,"Value":407},{"Length":29,"Height":14,"Demand":5,"DemandMax":null,"Value":406},{"Length":27,"Height":15,"Demand":3,"DemandMax":null,"Value":405},{"Length":25,"Height":16,"Demand":3,"DemandMax":null,"Value":400},{"Length":20,"Height":20,"Demand":5,"DemandMax":null,"Value":400},{"Length":22,"Height":18,"Demand":4,"DemandMax":null,"Value":396},{"Length":28,"Height":14,"Demand":1,"DemandMax":null,"Value":392},{"Length":24,"Height":16,"Demand":3,"DemandMax":null,"Value":384},{"Length":20,"Height":19,"Demand":3,"DemandMax":null,"Value":380},{"Length":27,"Height":14,"Demand":3,"DemandMax":null,"Value":378},{"Length":21,"Height":18,"Demand":3,"DemandMax":null,"Value":378},{"Length":29,"Height":13,"Demand":2,"DemandMax":null,"Value":377},{"Length":25,"Height":15,"Demand":4,"DemandMax":null,"Value":375},{"Length":21,"Height":17,"Demand":7,"DemandMax":null,"Value":357},{"Length":32,"Height":11,"Demand":2,"DemandMax":null,"Value":352},{"Length":22,"Height":16,"Demand":1,"DemandMax":null,"Value":352},{"Length":27,"Height":13,"Demand":3,"DemandMax":null,"Value":351},{"Length":35,"Height":10,"Demand":2,"DemandMax":null,"Value":350},{"Length":19,"Height":18,"Demand":3,"DemandMax":null,"Value":342},{"Length":34,"Height":10,"Demand":4,"DemandMax":null,"Value":340},{"Length":20,"Height":17,"Demand":1,"DemandMax":null,"Value":340},{"Length":26,"Height":13,"Demand":5,"DemandMax":null,"Value":338},{"Length":21,"Height":16,"Demand":3,"DemandMax":null,"Value":336},{"Length":28,"Height":12,"Demand":2,"DemandMax":null,"Value":336},{"Length":27,"Height":12,"Demand":2,"DemandMax":null,"Value":324},{"Length":23,"Height":14,"Demand":6,"DemandMax":null,"Value":322},{"Length":20,"Height":16,"Demand":3,"DemandMax":null,"Value":320},{"Length":21,"Height":15,"Demand":2,"DemandMax":null,"Value":315},{"Length":24,"Height":13,"Demand":3,"DemandMax":null,"Value":312},{"Length":28,"Height":11,"Demand":8,"DemandMax":null,"Value":308},{"Length":18,"Height":17,"Demand":4,"DemandMax":null,"Value":306},{"Length":19,"Height":16,"Demand":2,"DemandMax":null,"Value":304},{"Length":30,"Height":10,"Demand":3,"DemandMax":null,"Value":300},{"Length":20,"Height":15,"Demand":5,"DemandMax":null,"Value":300},{"Length":27,"Height":11,"Demand":3,"DemandMax":null,"Value":297},{"Length":21,"Height":14,"Demand":2,"DemandMax":null,"Value":294},{"Length":29,"Height":10,"Demand":5,"DemandMax":null,"Value":290},{"Length":24,"Height":12,"Demand":2,"DemandMax":null,"Value":288},{"Length":18,"Height":16,"Demand":7,"DemandMax":null,"Value":288},{"Length":19,"Height":15,"Demand":2,"DemandMax":null,"Value":285},{"Length":21,"Height":13,"Demand":2,"DemandMax":null,"Value":273},{"Length":18,"Height":15,"Demand":5,"DemandMax":null,"Value":270},{"Length":27,"Height":10,"Demand":6,"DemandMax":null,"Value":270},{"Length":16,"Height":16,"Demand":2,"DemandMax":null,"Value":256},{"Length":17,"Height":15,"Demand":1,"DemandMax":null,"Value":255},{"Length":17,"Height":14,"Demand":4,"DemandMax":null,"Value":238},{"Length":19,"Height":12,"Demand":4,"DemandMax":null,"Value":228},{"Length":15,"Height":15,"Demand":2,"DemandMax":null,"Value":225},{"Length":18,"Height":12,"Demand":3,"DemandMax":null,"Value":216},{"Length":17,"Height":12,"Demand":2,"DemandMax":null,"Value":204},{"Length":18,"Height":11,"Demand":3,"DemandMax":null,"Value":198},{"Length":15,"Height":13,"Demand":1,"DemandMax":null,"Value":195},{"Length":14,"Height":13,"Demand":5,"DemandMax":null,"Value":182},{"Length":17,"Height":10,"Demand":1,"DemandMax":null,"Value":170},{"Length":13,"Height":13,"Demand":2,"DemandMax":null,"Value":169}]}