{"Name":"MB09_040","Objects":[{"Length":432,"Height":79,"Stock":null,"Cost":34128}],"Items":[{"Length":54,"Height":31,"Demand":136,"DemandMax":null,"Value":1674},{"Length":47,"Height":30,"Demand":141,"DemandMax":null,"Value":1410},{"Length":48,"Height":29,"Demand":148,"DemandMax":null,"Value":1392},{"Length":40,"Height":26,"Demand":145,"DemandMax":null,"Value":1040},{"Length":60,"Height":17,"Demand":152,"DemandMax":null,"Value":1020},{"Length":30,"Height":23,"Demand":152,"DemandMax":null,"Value":690},{"Length":37,"Height":17,"Demand":155,"DemandMax":null,"Value":629},{"Length":33,"Height":15,"Demand":159,"DemandMax":null,"Value":495},{"Length":26,"Height":18,"Demand":152,"DemandMax":null,"Value":468},{"Length":20,"Height":18,"Demand":139,"DemandMax":null,"Value":360}]}