{"Name":"MB08_007","Objects":[{"Length":587,"Height":233,"Stock":null,"Cost":136771}],"Items":[{"Length":46,"Height":43,"Demand":65,"DemandMax":null,"Value":1978},{"Length":48,"Height":41,"Demand":55,"DemandMax":null,"Value":1968},{"Length":52,"Height":33,"Demand":53,"DemandMax":null,"Value":1716},{"Length":57,"Height":27,"Demand":56,"DemandMax":null,"Value":1539},{"Length":57,"Height":21,"Demand":43,"DemandMax":null,"Value":1197},{"Length":59,"Height":20,"Demand":47,"DemandMax":null,"Value":1180},{"Length":59,"Height":19,"Demand":52,"DemandMax":null,"Value":1121},{"Length":38,"Height":29,"Demand":46,"DemandMax":null,"Value":1102},{"Length":34,"Height":32,"Demand":65,"DemandMax":null,"Value":1088},{"Length":35,"Height":31,"Demand":49,"DemandMax":null,"Value":1085},{"Length":39,"Height":22,"Demand":53,"DemandMax":null,"Value":858},{"Length":29,"Height":27,"Demand":64,"DemandMax":null,"Value":783},{"Length":38,"Height":20,"Demand":56,"DemandMax":null,"Value":760},{"Length":30,"Height":25,"Demand":57,"DemandMax":null,"Value":750},{"Length":33,"Height":22,"Demand":61,"DemandMax":null,"Value":726},{"Length":45,"Height":16,"Demand":64,"DemandMax":null,"Value":720},{"Length":31,"Height":23,"Demand":52,"DemandMax":null,"Value":713},{"Length":34,"Height":19,"Demand":52,"DemandMax":null,"Value":646},{"Length":45,"Height":14,"Demand":51,"DemandMax":null,"Value":630},{"Length":37,"Height":16,"Demand":53,"DemandMax":null,"Value":592},{"Length":24,"Height":24,"Demand":50,"DemandMax":null,"Value":576},{"Length":30,"Height":18,"Demand":63,"DemandMax":null,"Value":540},{"Length":26,"Height":17,"Demand":60,"DemandMax":null,"Value":442},{"Length":23,"Height":17,"Demand":55,"DemandMax":null,"Value":391},{"Length":21,"Height":18,"Demand":61,"DemandMax":null,"Value":378},{"Length":22,"Height":17,"Demand":60,"DemandMax":null,"Value":374},{"Length":22,"Height":16,"Demand":42,"DemandMax":null,"Value":352},{"Length":27,"Height":13,"Demand":61,"DemandMax":null,"Value":351},{"Length":16,"Height":14,"Demand":58,"DemandMax":null,"Value":224}]}