{"Name":"MB10_003","Objects":[{"Length":432,"Height":79,"Stock":null,"Cost":34128}],"Items":[{"Length":56,"Height":40,"Demand":44,"DemandMax":null,"Value":2240},{"Length":59,"Height":33,"Demand":50,"DemandMax":null,"Value":1947},{"Length":54,"Height":36,"Demand":39,"DemandMax":null,"Value":1944},{"Length":46,"Height":39,"Demand":45,"DemandMax":null,"Value":1794},{"Length":49,"Height":32,"Demand":41,"DemandMax":null,"Value":1568},{"Length":47,"Height":33,"Demand":44,"DemandMax":null,"Value":1551},{"Length":45,"Height":29,"Demand":44,"DemandMax":null,"Value":1305},{"Length":53,"Height":24,"Demand":64,"DemandMax":null,"Value":1272},{"Length":36,"Height":32,"Demand":32,"DemandMax":null,"Value":1152},{"Length":34,"Height":32,"Demand":47,"DemandMax":null,"Value":1088},{"Length":37,"Height":27,"Demand":46,"DemandMax":null,"Value":999},{"Length":41,"Height":24,"Demand":39,"DemandMax":null,"Value":984},{"Length":39,"Height":25,"Demand":40,"DemandMax":null,"Value":975},{"Length":38,"Height":24,"Demand":56,"DemandMax":null,"Value":912},{"Length":30,"Height":29,"Demand":44,"DemandMax":null,"Value":870},{"Length":43,"Height":20,"Demand":43,"DemandMax":null,"Value":860},{"Length":29,"Height":29,"Demand":42,"DemandMax":null,"Value":841},{"Length":31,"Height":26,"Demand":42,"DemandMax":null,"Value":806},{"Length":56,"Height":14,"Demand":37,"DemandMax":null,"Value":784},{"Length":32,"Height":23,"Demand":40,"DemandMax":null,"Value":736},{"Length":35,"Height":21,"Demand":44,"DemandMax":null,"Value":735},{"Length":50,"Height":13,"Demand":37,"DemandMax":null,"Value":650},{"Length":26,"Height":25,"Demand":56,"DemandMax":null,"Value":650},{"Length":33,"Height":19,"Demand":49,"DemandMax":null,"Value":627},{"Length":49,"Height":12,"Demand":46,"DemandMax":null,"Value":588},{"Length":40,"Height":11,"Demand":54,"DemandMax":null,"Value":440},{"Length":26,"Height":16,"Demand":49,"DemandMax":null,"Value":416},{"Length":22,"Height":18,"Demand":46,"DemandMax":null,"Value":396},{"Length":24,"Height":15,"Demand":55,"DemandMax":null,"Value":360},{"Length":25,"Height":14,"Demand":48,"DemandMax":null,"Value":350}]}