{"Name":"MB10_071","Objects":[{"Length":432,"Height":79,"Stock":null,"Cost":34128}],"Items":[{"Length":60,"Height":49,"Demand":7,"DemandMax":null,"Value":2940},{"Length":56,"Height":46,"Demand":5,"DemandMax":null,"Value":2576},{"Length":52,"Height":49,"Demand":10,"DemandMax":null,"Value":2548},{"Length":50,"Height":50,"Demand":4,"DemandMax":null,"Value":2500},{"Length":59,"Height":42,"Demand":6,"DemandMax":null,"Value":2478},{"Length":51,"Height":48,"Demand":9,"DemandMax":null,"Value":2448},{"Length":49,"Height":49,"Demand":6,"DemandMax":null,"Value":2401},{"Length":49,"Height":48,"Demand":8,"DemandMax":null,"Value":2352},{"Length":59,"Height":39,"Demand":5,"DemandMax":null,"Value":2301},{"Length":57,"Height":40,"Demand":7,"DemandMax":null,"Value":2280},{"Length":57,"Height":39,"Demand":4,"DemandMax":null,"Value":2223},{"Length":47,"Height":44,"Demand":5,"DemandMax":null,"Value":2068},{"Length":54,"Height":38,"Demand":5,"DemandMax":null,"Value":2052},{"Length":55,"Height":37,"Demand":6,"DemandMax":null,"Value":2035},{"Length":50,"Height":40,"Demand":9,"DemandMax":null,"Value":2000},{"Length":47,"Height":42,"Demand":6,"DemandMax":null,"Value":1974},{"Length":51,"Height":38,"Demand":6,"DemandMax":null,"Value":1938},{"Length":57,"Height":34,"Demand":4,"DemandMax":null,"Value":1938},{"Length":48,"Height":40,"Demand":8,"DemandMax":null,"Value":1920},{"Length":45,"Height":42,"Demand":3,"DemandMax":null,"Value":1890},{"Length":47,"Height":38,"Demand":5,"DemandMax":null,"Value":1786},{"Length":59,"Height":30,"Demand":8,"DemandMax":null,"Value":1770},{"Length":42,"Height":42,"Demand":6,"DemandMax":null,"Value":1764},{"Length":53,"Height":33,"Demand":2,"DemandMax":null,"Value":1749},{"Length":44,"Height":39,"Demand":6,"DemandMax":null,"Value":1716},{"Length":59,"Height":29,"Demand":7,"DemandMax":null,"Value":1711},{"Length":45,"Height":38,"Demand":7,"DemandMax":null,"Value":1710},{"Length":52,"Height":32,"Demand":9,"DemandMax":null,"Value":1664},{"Length":43,"Height":38,"Demand":4,"DemandMax":null,"Value":1634},{"Length":45,"Height":36,"Demand":5,"DemandMax":null,"Value":1620},{"Length":46,"Height":35,"Demand":8,"DemandMax":null,"Value":1610},{"Length":48,"Height":33,"Demand":5,"DemandMax":null,"Value":1584},{"Length":51,"Height":31,"Demand":10,"DemandMax":null,"Value":1581},{"Length":56,"Height":28,"Demand":5,"DemandMax":null,"Value":1568},{"Length":40,"Height":39,"Demand":4,"DemandMax":null,"Value":1560},{"Length":41,"Height":38,"Demand":3,"DemandMax":null,"Value":1558},{"Length":45,"Height":34,"Demand":9,"DemandMax":null,"Value":1530},{"Length":46,"Height":33,"Demand":7,"DemandMax":null,"Value":1518},{"Length":41,"Height":37,"Demand":3,"DemandMax":null,"Value":1517},{"Length":42,"Height":36,"Demand":3,"DemandMax":null,"Value":1512},{"Length":51,"Height":29,"Demand":5,"DemandMax":null,"Value":1479},{"Length":46,"Height":32,"Demand":2,"DemandMax":null,"Value":1472},{"Length":54,"Height":27,"Demand":5,"DemandMax":null,"Value":1458},{"Length":47,"Height":31,"Demand":3,"DemandMax":null,"Value":1457},{"Length":38,"Height":38,"Demand":4,"DemandMax":null,"Value":1444},{"Length":41,"Height":35,"Demand":5,"DemandMax":null,"Value":1435},{"Length":47,"Height":30,"Demand":8,"DemandMax":null,"Value":1410},{"Length":54,"Height":26,"Demand":4,"DemandMax":null,"Value":1404},{"Length":39,"Height":36,"Demand":8,"DemandMax":null,"Value":1404},{"Length":48,"Height":29,"Demand":5,"DemandMax":null,"Value":1392},{"Length":58,"Height":24,"Demand":7,"DemandMax":null,"Value":1392},{"Length":46,"Height":30,"Demand":4,"DemandMax":null,"Value":1380},{"Length":49,"Height":28,"Demand":7,"DemandMax":null,"Value":1372},{"Length":37,"Height":37,"Demand":6,"DemandMax":null,"Value":1369},{"Length":44,"Height":31,"Demand":5,"DemandMax":null,"Value":1364},{"Length":41,"Height":33,"Demand":4,"DemandMax":null,"Value":1353},{"Length":45,"Height":30,"Demand":3,"DemandMax":null,"Value":1350},{"Length":48,"Height":28,"Demand":6,"DemandMax":null,"Value":1344},{"Length":37,"Height":36,"Demand":5,"DemandMax":null,"Value":1332},{"Length":39,"Height":34,"Demand":4,"DemandMax":null,"Value":1326},{"Length":50,"Height":26,"Demand":5,"DemandMax":null,"Value":1300},{"Length":36,"Height":36,"Demand":5,"DemandMax":null,"Value":1296},{"Length":40,"Height":32,"Demand":6,"DemandMax":null,"Value":1280},{"Length":49,"Height":26,"Demand":4,"DemandMax":null,"Value":1274},{"Length":47,"Height":27,"Demand":3,"DemandMax":null,"Value":1269},{"Length":39,"Height":32,"Demand":5,"DemandMax":null,"Value":1248},{"Length":52,"Height":24,"Demand":2,"DemandMax":null,"Value":1248},{"Length":40,"Height":31,"Demand":5,"DemandMax":null,"Value":1240},{"Length":51,"Height":24,"Demand":7,"DemandMax":null,"Value":1224},{"Length":36,"Height":34,"Demand":5,"DemandMax":null,"Value":1224},{"Length":38,"Height":32,"Demand":2,"DemandMax":null,"Value":1216},{"Length":39,"Height":31,"Demand":9,"DemandMax":null,"Value":1209},{"Length":35,"Height":34,"Demand":1,"DemandMax":null,"Value":1190},{"Length":44,"Height":27,"Demand":8,"DemandMax":null,"Value":1188},{"Length":38,"Height":31,"Demand":1,"DemandMax":null,"Value":1178},{"Length":55,"Height":21,"Demand":7,"DemandMax":null,"Value":1155},{"Length":50,"Height":23,"Demand":8,"DemandMax":null,"Value":1150},{"Length":46,"Height":25,"Demand":9,"DemandMax":null,"Value":1150},{"Length":41,"Height":28,"Demand":4,"DemandMax":null,"Value":1148},{"Length":47,"Height":24,"Demand":5,"DemandMax":null,"Value":1128},{"Length":49,"Height":23,"Demand":7,"DemandMax":null,"Value":1127},{"Length":51,"Height":22,"Demand":4,"DemandMax":null,"Value":1122},{"Length":34,"Height":33,"Demand":4,"DemandMax":null,"Value":1122},{"Length":35,"Height":32,"Demand":6,"DemandMax":null,"Value":1120},{"Length":43,"Height":26,"Demand":5,"DemandMax":null,"Value":1118},{"Length":36,"Height":31,"Demand":9,"DemandMax":null,"Value":1116},{"Length":44,"Height":25,"Demand":2,"DemandMax":null,"Value":1100},{"Length":39,"Height":28,"Demand":5,"DemandMax":null,"Value":1092},{"Length":33,"Height":33,"Demand":6,"DemandMax":null,"Value":1089},{"Length":35,"Height":31,"Demand":1,"DemandMax":null,"Value":1085},{"Length":54,"Height":20,"Demand":3,"DemandMax":null,"Value":1080},{"Length":40,"Height":27,"Demand":6,"DemandMax":null,"Value":1080},{"Length":38,"Height":28,"Demand":4,"DemandMax":null,"Value":1064},{"Length":34,"Height":31,"Demand":6,"DemandMax":null,"Value":1054},{"Length":55,"Height":19,"Demand":8,"DemandMax":null,"Value":1045},{"Length":36,"Height":29,"Demand":8,"DemandMax":null,"Value":1044},{"Length":37,"Height":28,"Demand":6,"DemandMax":null,"Value":1036},{"Length":47,"Height":22,"Demand":6,"DemandMax":null,"Value":1034},{"Length":44,"Height":23,"Demand":5,"DemandMax":null,"Value":1012},{"Length":46,"Height":22,"Demand":5,"DemandMax":null,"Value":1012},{"Length":42,"Height":24,"Demand":7,"DemandMax":null,"Value":1008},{"Length":53,"Height":19,"Demand":4,"DemandMax":null,"Value":1007},{"Length":33,"Height":30,"Demand":7,"DemandMax":null,"Value":990},{"Length":45,"Height":22,"Demand":3,"DemandMax":null,"Value":990},{"Length":36,"Height":27,"Demand":3,"DemandMax":null,"Value":972},{"Length":51,"Height":19,"Demand":6,"DemandMax":null,"Value":969},{"Length":37,"Height":26,"Demand":6,"DemandMax":null,"Value":962},{"Length":38,"Height":25,"Demand":11,"DemandMax":null,"Value":950},{"Length":43,"Height":22,"Demand":2,"DemandMax":null,"Value":946},{"Length":35,"Height":27,"Demand":5,"DemandMax":null,"Value":945},{"Length":41,"Height":23,"Demand":8,"DemandMax":null,"Value":943},{"Length":36,"Height":26,"Demand":8,"DemandMax":null,"Value":936},{"Length":49,"Height":19,"Demand":6,"DemandMax":null,"Value":931},{"Length":31,"Height":30,"Demand":4,"DemandMax":null,"Value":930},{"Length":44,"Height":21,"Demand":6,"DemandMax":null,"Value":924},{"Length":33,"Height":28,"Demand":8,"DemandMax":null,"Value":924},{"Length":40,"Height":23,"Demand":5,"DemandMax":null,"Value":920},{"Length":53,"Height":17,"Demand":3,"DemandMax":null,"Value":901},{"Length":30,"Height":30,"Demand":2,"DemandMax":null,"Value":900},{"Length":31,"Height":29,"Demand":7,"DemandMax":null,"Value":899},{"Length":49,"Height":18,"Demand":5,"DemandMax":null,"Value":882},{"Length":44,"Height":20,"Demand":5,"DemandMax":null,"Value":880},{"Length":40,"Height":22,"Demand":1,"DemandMax":null,"Value":880},{"Length":38,"Height":23,"Demand":4,"DemandMax":null,"Value":874},{"Length":31,"Height":28,"Demand":3,"DemandMax":null,"Value":868},{"Length":32,"Height":27,"Demand":1,"DemandMax":null,"Value":864},{"Length":33,"Height":26,"Demand":7,"DemandMax":null,"Value":858},{"Length":34,"Height":25,"Demand":3,"DemandMax":null,"Value":850},{"Length":47,"Height":18,"Demand":6,"DemandMax":null,"Value":846},{"Length":30,"Height":28,"Demand":7,"DemandMax":null,"Value":840},{"Length":35,"Height":24,"Demand":4,"DemandMax":null,"Value":840},{"Length":36,"Height":23,"Demand":4,"DemandMax":null,"Value":828},{"Length":55,"Height":15,"Demand":3,"DemandMax":null,"Value":825},{"Length":41,"Height":20,"Demand":7,"DemandMax":null,"Value":820},{"Length":37,"Height":22,"Demand":4,"DemandMax":null,"Value":814},{"Length":29,"Height":28,"Demand":6,"DemandMax":null,"Value":812},{"Length":30,"Height":27,"Demand":5,"DemandMax":null,"Value":810},{"Length":35,"Height":23,"Demand":4,"DemandMax":null,"Value":805},{"Length":32,"Height":25,"Demand":4,"DemandMax":null,"Value":800},{"Length":42,"Height":19,"Demand":4,"DemandMax":null,"Value":798},{"Length":33,"Height":24,"Demand":3,"DemandMax":null,"Value":792},{"Length":46,"Height":17,"Demand":4,"DemandMax":null,"Value":782},{"Length":30,"Height":26,"Demand":3,"DemandMax":null,"Value":780},{"Length":41,"Height":19,"Demand":7,"DemandMax":null,"Value":779},{"Length":48,"Height":16,"Demand":10,"DemandMax":null,"Value":768},{"Length":33,"Height":23,"Demand":5,"DemandMax":null,"Value":759},{"Length":54,"Height":14,"Demand":7,"DemandMax":null,"Value":756},{"Length":28,"Height":27,"Demand":3,"DemandMax":null,"Value":756},{"Length":29,"Height":26,"Demand":7,"DemandMax":null,"Value":754},{"Length":50,"Height":15,"Demand":3,"DemandMax":null,"Value":750},{"Length":30,"Height":25,"Demand":3,"DemandMax":null,"Value":750},{"Length":34,"Height":22,"Demand":8,"DemandMax":null,"Value":748},{"Length":37,"Height":20,"Demand":4,"DemandMax":null,"Value":740},{"Length":32,"Height":23,"Demand":5,"DemandMax":null,"Value":736},{"Length":52,"Height":14,"Demand":6,"DemandMax":null,"Value":728},{"Length":29,"Height":25,"Demand":6,"DemandMax":null,"Value":725},{"Length":45,"Height":16,"Demand":7,"DemandMax":null,"Value":720},{"Length":30,"Height":24,"Demand":2,"DemandMax":null,"Value":720},{"Length":55,"Height":13,"Demand":4,"DemandMax":null,"Value":715},{"Length":42,"Height":17,"Demand":3,"DemandMax":null,"Value":714},{"Length":37,"Height":19,"Demand":2,"DemandMax":null,"Value":703},{"Length":27,"Height":26,"Demand":9,"DemandMax":null,"Value":702},{"Length":39,"Height":18,"Demand":5,"DemandMax":null,"Value":702},{"Length":54,"Height":13,"Demand":6,"DemandMax":null,"Value":702},{"Length":41,"Height":17,"Demand":5,"DemandMax":null,"Value":697},{"Length":33,"Height":21,"Demand":5,"DemandMax":null,"Value":693},{"Length":30,"Height":23,"Demand":5,"DemandMax":null,"Value":690},{"Length":46,"Height":15,"Demand":4,"DemandMax":null,"Value":690},{"Length":43,"Height":16,"Demand":5,"DemandMax":null,"Value":688},{"Length":40,"Height":17,"Demand":3,"DemandMax":null,"Value":680},{"Length":34,"Height":20,"Demand":4,"DemandMax":null,"Value":680},{"Length":28,"Height":24,"Demand":7,"DemandMax":null,"Value":672},{"Length":37,"Height":18,"Demand":6,"DemandMax":null,"Value":666},{"Length":35,"Height":19,"Demand":6,"DemandMax":null,"Value":665},{"Length":39,"Height":17,"Demand":12,"DemandMax":null,"Value":663},{"Length":44,"Height":15,"Demand":4,"DemandMax":null,"Value":660},{"Length":36,"Height":18,"Demand":8,"DemandMax":null,"Value":648},{"Length":46,"Height":14,"Demand":4,"DemandMax":null,"Value":644},{"Length":40,"Height":16,"Demand":5,"DemandMax":null,"Value":640},{"Length":32,"Height":20,"Demand":4,"DemandMax":null,"Value":640},{"Length":30,"Height":21,"Demand":5,"DemandMax":null,"Value":630},{"Length":35,"Height":18,"Demand":3,"DemandMax":null,"Value":630},{"Length":37,"Height":17,"Demand":7,"DemandMax":null,"Value":629},{"Length":28,"Height":22,"Demand":6,"DemandMax":null,"Value":616},{"Length":47,"Height":13,"Demand":3,"DemandMax":null,"Value":611},{"Length":38,"Height":16,"Demand":7,"DemandMax":null,"Value":608},{"Length":43,"Height":14,"Demand":5,"DemandMax":null,"Value":602},{"Length":27,"Height":22,"Demand":11,"DemandMax":null,"Value":594},{"Length":31,"Height":19,"Demand":4,"DemandMax":null,"Value":589},{"Length":28,"Height":21,"Demand":5,"DemandMax":null,"Value":588},{"Length":42,"Height":14,"Demand":7,"DemandMax":null,"Value":588},{"Length":26,"Height":22,"Demand":7,"DemandMax":null,"Value":572},{"Length":44,"Height":13,"Demand":6,"DemandMax":null,"Value":572},{"Length":30,"Height":19,"Demand":4,"DemandMax":null,"Value":570},{"Length":56,"Height":10,"Demand":4,"DemandMax":null,"Value":560},{"Length":35,"Height":16,"Demand":8,"DemandMax":null,"Value":560},{"Length":37,"Height":15,"Demand":5,"DemandMax":null,"Value":555},{"Length":24,"Height":23,"Demand":2,"DemandMax":null,"Value":552},{"Length":26,"Height":21,"Demand":5,"DemandMax":null,"Value":546},{"Length":32,"Height":17,"Demand":2,"DemandMax":null,"Value":544},{"Length":34,"Height":16,"Demand":5,"DemandMax":null,"Value":544},{"Length":45,"Height":12,"Demand":11,"DemandMax":null,"Value":540},{"Length":41,"Height":13,"Demand":4,"DemandMax":null,"Value":533},{"Length":25,"Height":21,"Demand":7,"DemandMax":null,"Value":525},{"Length":37,"Height":14,"Demand":5,"DemandMax":null,"Value":518},{"Length":30,"Height":17,"Demand":6,"DemandMax":null,"Value":510},{"Length":39,"Height":13,"Demand":5,"DemandMax":null,"Value":507},{"Length":46,"Height":11,"Demand":3,"DemandMax":null,"Value":506},{"Length":24,"Height":21,"Demand":8,"DemandMax":null,"Value":504},{"Length":25,"Height":20,"Demand":8,"DemandMax":null,"Value":500},{"Length":33,"Height":15,"Demand":3,"DemandMax":null,"Value":495},{"Length":29,"Height":17,"Demand":5,"DemandMax":null,"Value":493},{"Length":22,"Height":22,"Demand":9,"DemandMax":null,"Value":484},{"Length":30,"Height":16,"Demand":10,"DemandMax":null,"Value":480},{"Length":28,"Height":17,"Demand":10,"DemandMax":null,"Value":476},{"Length":26,"Height":18,"Demand":3,"DemandMax":null,"Value":468},{"Length":29,"Height":16,"Demand":6,"DemandMax":null,"Value":464},{"Length":27,"Height":17,"Demand":6,"DemandMax":null,"Value":459},{"Length":41,"Height":11,"Demand":5,"DemandMax":null,"Value":451},{"Length":30,"Height":15,"Demand":4,"DemandMax":null,"Value":450},{"Length":23,"Height":19,"Demand":5,"DemandMax":null,"Value":437},{"Length":35,"Height":12,"Demand":7,"DemandMax":null,"Value":420},{"Length":21,"Height":20,"Demand":7,"DemandMax":null,"Value":420},{"Length":23,"Height":18,"Demand":6,"DemandMax":null,"Value":414},{"Length":27,"Height":15,"Demand":9,"DemandMax":null,"Value":405},{"Length":22,"Height":18,"Demand":6,"DemandMax":null,"Value":396},{"Length":36,"Height":11,"Demand":6,"DemandMax":null,"Value":396},{"Length":39,"Height":10,"Demand":3,"DemandMax":null,"Value":390},{"Length":26,"Height":15,"Demand":6,"DemandMax":null,"Value":390},{"Length":22,"Height":17,"Demand":3,"DemandMax":null,"Value":374},{"Length":26,"Height":14,"Demand":8,"DemandMax":null,"Value":364},{"Length":19,"Height":19,"Demand":1,"DemandMax":null,"Value":361},{"Length":24,"Height":15,"Demand":10,"DemandMax":null,"Value":360},{"Length":23,"Height":15,"Demand":3,"DemandMax":null,"Value":345},{"Length":21,"Height":16,"Demand":10,"DemandMax":null,"Value":336},{"Length":20,"Height":16,"Demand":2,"DemandMax":null,"Value":320},{"Length":21,"Height":15,"Demand":5,"DemandMax":null,"Value":315},{"Length":24,"Height":13,"Demand":8,"DemandMax":null,"Value":312},{"Length":30,"Height":10,"Demand":6,"DemandMax":null,"Value":300},{"Length":27,"Height":11,"Demand":4,"DemandMax":null,"Value":297},{"Length":18,"Height":16,"Demand":6,"DemandMax":null,"Value":288},{"Length":22,"Height":13,"Demand":4,"DemandMax":null,"Value":286},{"Length":26,"Height":11,"Demand":3,"DemandMax":null,"Value":286},{"Length":17,"Height":16,"Demand":7,"DemandMax":null,"Value":272},{"Length":18,"Height":15,"Demand":4,"DemandMax":null,"Value":270},{"Length":19,"Height":14,"Demand":8,"DemandMax":null,"Value":266},{"Length":20,"Height":12,"Demand":8,"DemandMax":null,"Value":240},{"Length":16,"Height":15,"Demand":3,"DemandMax":null,"Value":240},{"Length":17,"Height":14,"Demand":4,"DemandMax":null,"Value":238},{"Length":16,"Height":14,"Demand":4,"DemandMax":null,"Value":224},{"Length":17,"Height":13,"Demand":3,"DemandMax":null,"Value":221},{"Length":20,"Height":11,"Demand":7,"DemandMax":null,"Value":220},{"Length":18,"Height":12,"Demand":7,"DemandMax":null,"Value":216},{"Length":21,"Height":10,"Demand":6,"DemandMax":null,"Value":210},{"Length":19,"Height":11,"Demand":6,"DemandMax":null,"Value":209},{"Length":17,"Height":10,"Demand":7,"DemandMax":null,"Value":170},{"Length":14,"Height":12,"Demand":4,"DemandMax":null,"Value":168},{"Length":12,"Height":11,"Demand":7,"DemandMax":null,"Value":132},{"Length":12,"Height":10,"Demand":4,"DemandMax":null,"Value":120}]}