{"Name":"MB08_068","Objects":[{"Length":587,"Height":233,"Stock":null,"Cost":136771}],"Items":[{"Length":56,"Height":45,"Demand":6,"DemandMax":null,"Value":2520},{"Length":55,"Height":41,"Demand":5,"DemandMax":null,"Value":2255},{"Length":47,"Height":45,"Demand":2,"DemandMax":null,"Value":2115},{"Length":59,"Height":35,"Demand":12,"DemandMax":null,"Value":2065},{"Length":48,"Height":43,"Demand":8,"DemandMax":null,"Value":2064},{"Length":50,"Height":40,"Demand":11,"DemandMax":null,"Value":2000},{"Length":51,"Height":38,"Demand":5,"DemandMax":null,"Value":1938},{"Length":46,"Height":42,"Demand":14,"DemandMax":null,"Value":1932},{"Length":53,"Height":35,"Demand":7,"DemandMax":null,"Value":1855},{"Length":48,"Height":38,"Demand":6,"DemandMax":null,"Value":1824},{"Length":52,"Height":35,"Demand":5,"DemandMax":null,"Value":1820},{"Length":49,"Height":36,"Demand":9,"DemandMax":null,"Value":1764},{"Length":45,"Height":39,"Demand":11,"DemandMax":null,"Value":1755},{"Length":47,"Height":37,"Demand":7,"DemandMax":null,"Value":1739},{"Length":48,"Height":36,"Demand":9,"DemandMax":null,"Value":1728},{"Length":42,"Height":40,"Demand":7,"DemandMax":null,"Value":1680},{"Length":43,"Height":39,"Demand":6,"DemandMax":null,"Value":1677},{"Length":44,"Height":38,"Demand":7,"DemandMax":null,"Value":1672},{"Length":45,"Height":37,"Demand":7,"DemandMax":null,"Value":1665},{"Length":59,"Height":28,"Demand":12,"DemandMax":null,"Value":1652},{"Length":50,"Height":33,"Demand":9,"DemandMax":null,"Value":1650},{"Length":41,"Height":40,"Demand":11,"DemandMax":null,"Value":1640},{"Length":48,"Height":34,"Demand":6,"DemandMax":null,"Value":1632},{"Length":45,"Height":36,"Demand":3,"DemandMax":null,"Value":1620},{"Length":42,"Height":38,"Demand":9,"DemandMax":null,"Value":1596},{"Length":43,"Height":37,"Demand":9,"DemandMax":null,"Value":1591},{"Length":56,"Height":28,"Demand":5,"DemandMax":null,"Value":1568},{"Length":49,"Height":32,"Demand":7,"DemandMax":null,"Value":1568},{"Length":54,"Height":29,"Demand":7,"DemandMax":null,"Value":1566},{"Length":42,"Height":37,"Demand":8,"DemandMax":null,"Value":1554},{"Length":44,"Height":35,"Demand":4,"DemandMax":null,"Value":1540},{"Length":57,"Height":26,"Demand":4,"DemandMax":null,"Value":1482},{"Length":40,"Height":36,"Demand":9,"DemandMax":null,"Value":1440},{"Length":42,"Height":34,"Demand":7,"DemandMax":null,"Value":1428},{"Length":38,"Height":37,"Demand":13,"DemandMax":null,"Value":1406},{"Length":39,"Height":36,"Demand":12,"DemandMax":null,"Value":1404},{"Length":56,"Height":25,"Demand":6,"DemandMax":null,"Value":1400},{"Length":46,"Height":30,"Demand":11,"DemandMax":null,"Value":1380},{"Length":60,"Height":23,"Demand":11,"DemandMax":null,"Value":1380},{"Length":59,"Height":23,"Demand":8,"DemandMax":null,"Value":1357},{"Length":38,"Height":35,"Demand":13,"DemandMax":null,"Value":1330},{"Length":45,"Height":29,"Demand":7,"DemandMax":null,"Value":1305},{"Length":36,"Height":36,"Demand":7,"DemandMax":null,"Value":1296},{"Length":38,"Height":34,"Demand":8,"DemandMax":null,"Value":1292},{"Length":43,"Height":30,"Demand":7,"DemandMax":null,"Value":1290},{"Length":39,"Height":33,"Demand":8,"DemandMax":null,"Value":1287},{"Length":42,"Height":30,"Demand":9,"DemandMax":null,"Value":1260},{"Length":36,"Height":35,"Demand":9,"DemandMax":null,"Value":1260},{"Length":37,"Height":34,"Demand":9,"DemandMax":null,"Value":1258},{"Length":48,"Height":26,"Demand":4,"DemandMax":null,"Value":1248},{"Length":39,"Height":32,"Demand":12,"DemandMax":null,"Value":1248},{"Length":46,"Height":27,"Demand":8,"DemandMax":null,"Value":1242},{"Length":40,"Height":31,"Demand":3,"DemandMax":null,"Value":1240},{"Length":47,"Height":26,"Demand":10,"DemandMax":null,"Value":1222},{"Length":37,"Height":33,"Demand":8,"DemandMax":null,"Value":1221},{"Length":42,"Height":29,"Demand":7,"DemandMax":null,"Value":1218},{"Length":48,"Height":25,"Demand":9,"DemandMax":null,"Value":1200},{"Length":51,"Height":23,"Demand":4,"DemandMax":null,"Value":1173},{"Length":43,"Height":27,"Demand":8,"DemandMax":null,"Value":1161},{"Length":58,"Height":20,"Demand":11,"DemandMax":null,"Value":1160},{"Length":55,"Height":21,"Demand":7,"DemandMax":null,"Value":1155},{"Length":39,"Height":29,"Demand":5,"DemandMax":null,"Value":1131},{"Length":58,"Height":19,"Demand":6,"DemandMax":null,"Value":1102},{"Length":50,"Height":22,"Demand":5,"DemandMax":null,"Value":1100},{"Length":36,"Height":30,"Demand":5,"DemandMax":null,"Value":1080},{"Length":46,"Height":23,"Demand":9,"DemandMax":null,"Value":1058},{"Length":48,"Height":22,"Demand":9,"DemandMax":null,"Value":1056},{"Length":33,"Height":32,"Demand":2,"DemandMax":null,"Value":1056},{"Length":39,"Height":27,"Demand":4,"DemandMax":null,"Value":1053},{"Length":40,"Height":26,"Demand":5,"DemandMax":null,"Value":1040},{"Length":37,"Height":28,"Demand":6,"DemandMax":null,"Value":1036},{"Length":32,"Height":32,"Demand":12,"DemandMax":null,"Value":1024},{"Length":34,"Height":30,"Demand":4,"DemandMax":null,"Value":1020},{"Length":39,"Height":26,"Demand":9,"DemandMax":null,"Value":1014},{"Length":46,"Height":22,"Demand":5,"DemandMax":null,"Value":1012},{"Length":45,"Height":22,"Demand":10,"DemandMax":null,"Value":990},{"Length":41,"Height":24,"Demand":3,"DemandMax":null,"Value":984},{"Length":37,"Height":26,"Demand":7,"DemandMax":null,"Value":962},{"Length":53,"Height":17,"Demand":9,"DemandMax":null,"Value":901},{"Length":36,"Height":25,"Demand":7,"DemandMax":null,"Value":900},{"Length":33,"Height":27,"Demand":10,"DemandMax":null,"Value":891},{"Length":42,"Height":21,"Demand":8,"DemandMax":null,"Value":882},{"Length":55,"Height":16,"Demand":8,"DemandMax":null,"Value":880},{"Length":58,"Height":15,"Demand":11,"DemandMax":null,"Value":870},{"Length":31,"Height":28,"Demand":6,"DemandMax":null,"Value":868},{"Length":56,"Height":15,"Demand":9,"DemandMax":null,"Value":840},{"Length":38,"Height":22,"Demand":8,"DemandMax":null,"Value":836},{"Length":32,"Height":26,"Demand":13,"DemandMax":null,"Value":832},{"Length":33,"Height":25,"Demand":9,"DemandMax":null,"Value":825},{"Length":51,"Height":16,"Demand":7,"DemandMax":null,"Value":816},{"Length":30,"Height":27,"Demand":6,"DemandMax":null,"Value":810},{"Length":31,"Height":26,"Demand":6,"DemandMax":null,"Value":806},{"Length":38,"Height":21,"Demand":6,"DemandMax":null,"Value":798},{"Length":33,"Height":24,"Demand":8,"DemandMax":null,"Value":792},{"Length":28,"Height":28,"Demand":14,"DemandMax":null,"Value":784},{"Length":56,"Height":14,"Demand":6,"DemandMax":null,"Value":784},{"Length":32,"Height":24,"Demand":5,"DemandMax":null,"Value":768},{"Length":28,"Height":27,"Demand":10,"DemandMax":null,"Value":756},{"Length":32,"Height":23,"Demand":8,"DemandMax":null,"Value":736},{"Length":43,"Height":17,"Demand":7,"DemandMax":null,"Value":731},{"Length":27,"Height":27,"Demand":9,"DemandMax":null,"Value":729},{"Length":40,"Height":18,"Demand":9,"DemandMax":null,"Value":720},{"Length":48,"Height":15,"Demand":10,"DemandMax":null,"Value":720},{"Length":34,"Height":21,"Demand":5,"DemandMax":null,"Value":714},{"Length":42,"Height":17,"Demand":2,"DemandMax":null,"Value":714},{"Length":44,"Height":16,"Demand":10,"DemandMax":null,"Value":704},{"Length":27,"Height":26,"Demand":11,"DemandMax":null,"Value":702},{"Length":54,"Height":13,"Demand":7,"DemandMax":null,"Value":702},{"Length":28,"Height":25,"Demand":11,"DemandMax":null,"Value":700},{"Length":30,"Height":23,"Demand":7,"DemandMax":null,"Value":690},{"Length":34,"Height":20,"Demand":9,"DemandMax":null,"Value":680},{"Length":27,"Height":25,"Demand":9,"DemandMax":null,"Value":675},{"Length":42,"Height":16,"Demand":6,"DemandMax":null,"Value":672},{"Length":51,"Height":13,"Demand":6,"DemandMax":null,"Value":663},{"Length":39,"Height":17,"Demand":7,"DemandMax":null,"Value":663},{"Length":44,"Height":15,"Demand":5,"DemandMax":null,"Value":660},{"Length":47,"Height":14,"Demand":11,"DemandMax":null,"Value":658},{"Length":34,"Height":19,"Demand":5,"DemandMax":null,"Value":646},{"Length":29,"Height":22,"Demand":5,"DemandMax":null,"Value":638},{"Length":57,"Height":11,"Demand":6,"DemandMax":null,"Value":627},{"Length":25,"Height":25,"Demand":7,"DemandMax":null,"Value":625},{"Length":31,"Height":20,"Demand":8,"DemandMax":null,"Value":620},{"Length":36,"Height":17,"Demand":4,"DemandMax":null,"Value":612},{"Length":60,"Height":10,"Demand":8,"DemandMax":null,"Value":600},{"Length":26,"Height":23,"Demand":8,"DemandMax":null,"Value":598},{"Length":46,"Height":13,"Demand":5,"DemandMax":null,"Value":598},{"Length":37,"Height":16,"Demand":12,"DemandMax":null,"Value":592},{"Length":58,"Height":10,"Demand":5,"DemandMax":null,"Value":580},{"Length":36,"Height":16,"Demand":10,"DemandMax":null,"Value":576},{"Length":52,"Height":11,"Demand":5,"DemandMax":null,"Value":572},{"Length":26,"Height":22,"Demand":10,"DemandMax":null,"Value":572},{"Length":40,"Height":14,"Demand":8,"DemandMax":null,"Value":560},{"Length":39,"Height":14,"Demand":4,"DemandMax":null,"Value":546},{"Length":32,"Height":17,"Demand":10,"DemandMax":null,"Value":544},{"Length":28,"Height":19,"Demand":8,"DemandMax":null,"Value":532},{"Length":48,"Height":11,"Demand":5,"DemandMax":null,"Value":528},{"Length":24,"Height":22,"Demand":12,"DemandMax":null,"Value":528},{"Length":32,"Height":16,"Demand":8,"DemandMax":null,"Value":512},{"Length":30,"Height":17,"Demand":6,"DemandMax":null,"Value":510},{"Length":28,"Height":18,"Demand":12,"DemandMax":null,"Value":504},{"Length":24,"Height":21,"Demand":4,"DemandMax":null,"Value":504},{"Length":33,"Height":15,"Demand":9,"DemandMax":null,"Value":495},{"Length":40,"Height":12,"Demand":9,"DemandMax":null,"Value":480},{"Length":32,"Height":15,"Demand":6,"DemandMax":null,"Value":480},{"Length":29,"Height":16,"Demand":6,"DemandMax":null,"Value":464},{"Length":24,"Height":19,"Demand":13,"DemandMax":null,"Value":456},{"Length":37,"Height":12,"Demand":5,"DemandMax":null,"Value":444},{"Length":26,"Height":17,"Demand":7,"DemandMax":null,"Value":442},{"Length":44,"Height":10,"Demand":9,"DemandMax":null,"Value":440},{"Length":33,"Height":13,"Demand":6,"DemandMax":null,"Value":429},{"Length":21,"Height":20,"Demand":5,"DemandMax":null,"Value":420},{"Length":22,"Height":19,"Demand":12,"DemandMax":null,"Value":418},{"Length":23,"Height":18,"Demand":6,"DemandMax":null,"Value":414},{"Length":27,"Height":15,"Demand":12,"DemandMax":null,"Value":405},{"Length":20,"Height":20,"Demand":7,"DemandMax":null,"Value":400},{"Length":25,"Height":16,"Demand":7,"DemandMax":null,"Value":400},{"Length":36,"Height":11,"Demand":10,"DemandMax":null,"Value":396},{"Length":23,"Height":17,"Demand":9,"DemandMax":null,"Value":391},{"Length":30,"Height":13,"Demand":7,"DemandMax":null,"Value":390},{"Length":24,"Height":16,"Demand":5,"DemandMax":null,"Value":384},{"Length":19,"Height":19,"Demand":6,"DemandMax":null,"Value":361},{"Length":24,"Height":15,"Demand":7,"DemandMax":null,"Value":360},{"Length":26,"Height":13,"Demand":7,"DemandMax":null,"Value":338},{"Length":24,"Height":14,"Demand":7,"DemandMax":null,"Value":336},{"Length":22,"Height":15,"Demand":8,"DemandMax":null,"Value":330},{"Length":18,"Height":18,"Demand":7,"DemandMax":null,"Value":324},{"Length":24,"Height":13,"Demand":6,"DemandMax":null,"Value":312},{"Length":26,"Height":12,"Demand":3,"DemandMax":null,"Value":312},{"Length":22,"Height":14,"Demand":6,"DemandMax":null,"Value":308},{"Length":18,"Height":17,"Demand":5,"DemandMax":null,"Value":306},{"Length":20,"Height":15,"Demand":8,"DemandMax":null,"Value":300},{"Length":22,"Height":13,"Demand":8,"DemandMax":null,"Value":286},{"Length":28,"Height":10,"Demand":6,"DemandMax":null,"Value":280},{"Length":21,"Height":13,"Demand":4,"DemandMax":null,"Value":273},{"Length":15,"Height":15,"Demand":9,"DemandMax":null,"Value":225},{"Length":16,"Height":14,"Demand":4,"DemandMax":null,"Value":224},{"Length":18,"Height":12,"Demand":8,"DemandMax":null,"Value":216},{"Length":20,"Height":10,"Demand":8,"DemandMax":null,"Value":200},{"Length":15,"Height":13,"Demand":7,"DemandMax":null,"Value":195},{"Length":16,"Height":11,"Demand":5,"DemandMax":null,"Value":176},{"Length":12,"Height":11,"Demand":10,"DemandMax":null,"Value":132}]}