{"Name":"MB07_114","Objects":[{"Length":587,"Height":233,"Stock":null,"Cost":136771}],"Items":[{"Length":59,"Height":40,"Demand":21,"DemandMax":null,"Value":2360},{"Length":49,"Height":47,"Demand":26,"DemandMax":null,"Value":2303},{"Length":50,"Height":45,"Demand":17,"DemandMax":null,"Value":2250},{"Length":58,"Height":38,"Demand":27,"DemandMax":null,"Value":2204},{"Length":51,"Height":40,"Demand":25,"DemandMax":null,"Value":2040},{"Length":45,"Height":40,"Demand":19,"DemandMax":null,"Value":1800},{"Length":51,"Height":34,"Demand":21,"DemandMax":null,"Value":1734},{"Length":45,"Height":34,"Demand":16,"DemandMax":null,"Value":1530},{"Length":54,"Height":28,"Demand":16,"DemandMax":null,"Value":1512},{"Length":58,"Height":26,"Demand":21,"DemandMax":null,"Value":1508},{"Length":43,"Height":35,"Demand":25,"DemandMax":null,"Value":1505},{"Length":47,"Height":32,"Demand":16,"DemandMax":null,"Value":1504},{"Length":39,"Height":38,"Demand":26,"DemandMax":null,"Value":1482},{"Length":48,"Height":29,"Demand":23,"DemandMax":null,"Value":1392},{"Length":58,"Height":24,"Demand":22,"DemandMax":null,"Value":1392},{"Length":49,"Height":28,"Demand":22,"DemandMax":null,"Value":1372},{"Length":39,"Height":34,"Demand":20,"DemandMax":null,"Value":1326},{"Length":46,"Height":27,"Demand":15,"DemandMax":null,"Value":1242},{"Length":46,"Height":25,"Demand":17,"DemandMax":null,"Value":1150},{"Length":59,"Height":19,"Demand":19,"DemandMax":null,"Value":1121},{"Length":37,"Height":30,"Demand":23,"DemandMax":null,"Value":1110},{"Length":47,"Height":23,"Demand":26,"DemandMax":null,"Value":1081},{"Length":46,"Height":23,"Demand":22,"DemandMax":null,"Value":1058},{"Length":58,"Height":18,"Demand":22,"DemandMax":null,"Value":1044},{"Length":44,"Height":23,"Demand":18,"DemandMax":null,"Value":1012},{"Length":36,"Height":28,"Demand":22,"DemandMax":null,"Value":1008},{"Length":38,"Height":25,"Demand":21,"DemandMax":null,"Value":950},{"Length":38,"Height":24,"Demand":20,"DemandMax":null,"Value":912},{"Length":41,"Height":22,"Demand":22,"DemandMax":null,"Value":902},{"Length":36,"Height":25,"Demand":22,"DemandMax":null,"Value":900},{"Length":33,"Height":27,"Demand":15,"DemandMax":null,"Value":891},{"Length":49,"Height":18,"Demand":21,"DemandMax":null,"Value":882},{"Length":30,"Height":29,"Demand":23,"DemandMax":null,"Value":870},{"Length":45,"Height":19,"Demand":21,"DemandMax":null,"Value":855},{"Length":34,"Height":25,"Demand":28,"DemandMax":null,"Value":850},{"Length":47,"Height":18,"Demand":20,"DemandMax":null,"Value":846},{"Length":38,"Height":22,"Demand":11,"DemandMax":null,"Value":836},{"Length":33,"Height":25,"Demand":14,"DemandMax":null,"Value":825},{"Length":37,"Height":22,"Demand":19,"DemandMax":null,"Value":814},{"Length":48,"Height":16,"Demand":22,"DemandMax":null,"Value":768},{"Length":46,"Height":16,"Demand":27,"DemandMax":null,"Value":736},{"Length":44,"Height":16,"Demand":20,"DemandMax":null,"Value":704},{"Length":27,"Height":26,"Demand":27,"DemandMax":null,"Value":702},{"Length":39,"Height":18,"Demand":22,"DemandMax":null,"Value":702},{"Length":28,"Height":25,"Demand":29,"DemandMax":null,"Value":700},{"Length":33,"Height":20,"Demand":21,"DemandMax":null,"Value":660},{"Length":34,"Height":17,"Demand":18,"DemandMax":null,"Value":578},{"Length":35,"Height":16,"Demand":22,"DemandMax":null,"Value":560},{"Length":45,"Height":12,"Demand":22,"DemandMax":null,"Value":540},{"Length":49,"Height":11,"Demand":13,"DemandMax":null,"Value":539},{"Length":32,"Height":16,"Demand":25,"DemandMax":null,"Value":512},{"Length":25,"Height":20,"Demand":15,"DemandMax":null,"Value":500},{"Length":26,"Height":19,"Demand":24,"DemandMax":null,"Value":494},{"Length":29,"Height":17,"Demand":25,"DemandMax":null,"Value":493},{"Length":28,"Height":17,"Demand":23,"DemandMax":null,"Value":476},{"Length":26,"Height":18,"Demand":18,"DemandMax":null,"Value":468},{"Length":22,"Height":21,"Demand":27,"DemandMax":null,"Value":462},{"Length":23,"Height":19,"Demand":18,"DemandMax":null,"Value":437},{"Length":25,"Height":17,"Demand":26,"DemandMax":null,"Value":425},{"Length":28,"Height":14,"Demand":29,"DemandMax":null,"Value":392},{"Length":20,"Height":16,"Demand":19,"DemandMax":null,"Value":320},{"Length":24,"Height":13,"Demand":17,"DemandMax":null,"Value":312},{"Length":23,"Height":12,"Demand":23,"DemandMax":null,"Value":276},{"Length":20,"Height":13,"Demand":17,"DemandMax":null,"Value":260},{"Length":18,"Height":14,"Demand":22,"DemandMax":null,"Value":252},{"Length":17,"Height":14,"Demand":24,"DemandMax":null,"Value":238},{"Length":15,"Height":15,"Demand":20,"DemandMax":null,"Value":225}]}