{"Name":"MB08_050","Objects":[{"Length":587,"Height":233,"Stock":null,"Cost":136771}],"Items":[{"Length":58,"Height":49,"Demand":16,"DemandMax":null,"Value":2842},{"Length":57,"Height":45,"Demand":13,"DemandMax":null,"Value":2565},{"Length":58,"Height":39,"Demand":12,"DemandMax":null,"Value":2262},{"Length":57,"Height":39,"Demand":12,"DemandMax":null,"Value":2223},{"Length":50,"Height":44,"Demand":10,"DemandMax":null,"Value":2200},{"Length":48,"Height":45,"Demand":9,"DemandMax":null,"Value":2160},{"Length":53,"Height":40,"Demand":12,"DemandMax":null,"Value":2120},{"Length":58,"Height":35,"Demand":9,"DemandMax":null,"Value":2030},{"Length":47,"Height":43,"Demand":15,"DemandMax":null,"Value":2021},{"Length":60,"Height":33,"Demand":14,"DemandMax":null,"Value":1980},{"Length":46,"Height":42,"Demand":15,"DemandMax":null,"Value":1932},{"Length":49,"Height":39,"Demand":14,"DemandMax":null,"Value":1911},{"Length":51,"Height":36,"Demand":13,"DemandMax":null,"Value":1836},{"Length":58,"Height":30,"Demand":6,"DemandMax":null,"Value":1740},{"Length":44,"Height":38,"Demand":13,"DemandMax":null,"Value":1672},{"Length":53,"Height":31,"Demand":13,"DemandMax":null,"Value":1643},{"Length":44,"Height":37,"Demand":7,"DemandMax":null,"Value":1628},{"Length":51,"Height":30,"Demand":8,"DemandMax":null,"Value":1530},{"Length":56,"Height":27,"Demand":7,"DemandMax":null,"Value":1512},{"Length":54,"Height":28,"Demand":11,"DemandMax":null,"Value":1512},{"Length":39,"Height":38,"Demand":8,"DemandMax":null,"Value":1482},{"Length":59,"Height":25,"Demand":21,"DemandMax":null,"Value":1475},{"Length":54,"Height":27,"Demand":5,"DemandMax":null,"Value":1458},{"Length":45,"Height":32,"Demand":11,"DemandMax":null,"Value":1440},{"Length":50,"Height":28,"Demand":13,"DemandMax":null,"Value":1400},{"Length":46,"Height":30,"Demand":10,"DemandMax":null,"Value":1380},{"Length":59,"Height":23,"Demand":11,"DemandMax":null,"Value":1357},{"Length":45,"Height":30,"Demand":12,"DemandMax":null,"Value":1350},{"Length":48,"Height":28,"Demand":13,"DemandMax":null,"Value":1344},{"Length":46,"Height":29,"Demand":7,"DemandMax":null,"Value":1334},{"Length":43,"Height":31,"Demand":13,"DemandMax":null,"Value":1333},{"Length":37,"Height":36,"Demand":9,"DemandMax":null,"Value":1332},{"Length":39,"Height":34,"Demand":12,"DemandMax":null,"Value":1326},{"Length":41,"Height":31,"Demand":11,"DemandMax":null,"Value":1271},{"Length":37,"Height":33,"Demand":8,"DemandMax":null,"Value":1221},{"Length":47,"Height":25,"Demand":8,"DemandMax":null,"Value":1175},{"Length":45,"Height":26,"Demand":11,"DemandMax":null,"Value":1170},{"Length":35,"Height":33,"Demand":14,"DemandMax":null,"Value":1155},{"Length":35,"Height":32,"Demand":13,"DemandMax":null,"Value":1120},{"Length":58,"Height":19,"Demand":8,"DemandMax":null,"Value":1102},{"Length":47,"Height":23,"Demand":10,"DemandMax":null,"Value":1081},{"Length":49,"Height":22,"Demand":13,"DemandMax":null,"Value":1078},{"Length":43,"Height":25,"Demand":12,"DemandMax":null,"Value":1075},{"Length":39,"Height":27,"Demand":6,"DemandMax":null,"Value":1053},{"Length":35,"Height":30,"Demand":13,"DemandMax":null,"Value":1050},{"Length":50,"Height":21,"Demand":8,"DemandMax":null,"Value":1050},{"Length":34,"Height":30,"Demand":7,"DemandMax":null,"Value":1020},{"Length":53,"Height":19,"Demand":16,"DemandMax":null,"Value":1007},{"Length":50,"Height":20,"Demand":13,"DemandMax":null,"Value":1000},{"Length":47,"Height":21,"Demand":12,"DemandMax":null,"Value":987},{"Length":36,"Height":27,"Demand":4,"DemandMax":null,"Value":972},{"Length":33,"Height":28,"Demand":13,"DemandMax":null,"Value":924},{"Length":40,"Height":23,"Demand":12,"DemandMax":null,"Value":920},{"Length":43,"Height":21,"Demand":16,"DemandMax":null,"Value":903},{"Length":31,"Height":29,"Demand":10,"DemandMax":null,"Value":899},{"Length":39,"Height":23,"Demand":13,"DemandMax":null,"Value":897},{"Length":32,"Height":28,"Demand":16,"DemandMax":null,"Value":896},{"Length":49,"Height":18,"Demand":6,"DemandMax":null,"Value":882},{"Length":38,"Height":23,"Demand":11,"DemandMax":null,"Value":874},{"Length":34,"Height":25,"Demand":10,"DemandMax":null,"Value":850},{"Length":32,"Height":26,"Demand":12,"DemandMax":null,"Value":832},{"Length":36,"Height":23,"Demand":15,"DemandMax":null,"Value":828},{"Length":32,"Height":25,"Demand":18,"DemandMax":null,"Value":800},{"Length":50,"Height":16,"Demand":13,"DemandMax":null,"Value":800},{"Length":31,"Height":24,"Demand":12,"DemandMax":null,"Value":744},{"Length":43,"Height":17,"Demand":16,"DemandMax":null,"Value":731},{"Length":31,"Height":23,"Demand":6,"DemandMax":null,"Value":713},{"Length":47,"Height":15,"Demand":9,"DemandMax":null,"Value":705},{"Length":36,"Height":19,"Demand":12,"DemandMax":null,"Value":684},{"Length":31,"Height":22,"Demand":11,"DemandMax":null,"Value":682},{"Length":32,"Height":21,"Demand":13,"DemandMax":null,"Value":672},{"Length":58,"Height":11,"Demand":12,"DemandMax":null,"Value":638},{"Length":31,"Height":20,"Demand":12,"DemandMax":null,"Value":620},{"Length":37,"Height":16,"Demand":9,"DemandMax":null,"Value":592},{"Length":25,"Height":23,"Demand":10,"DemandMax":null,"Value":575},{"Length":26,"Height":22,"Demand":7,"DemandMax":null,"Value":572},{"Length":28,"Height":20,"Demand":7,"DemandMax":null,"Value":560},{"Length":43,"Height":13,"Demand":4,"DemandMax":null,"Value":559},{"Length":42,"Height":13,"Demand":17,"DemandMax":null,"Value":546},{"Length":26,"Height":21,"Demand":17,"DemandMax":null,"Value":546},{"Length":30,"Height":18,"Demand":14,"DemandMax":null,"Value":540},{"Length":33,"Height":16,"Demand":10,"DemandMax":null,"Value":528},{"Length":40,"Height":13,"Demand":9,"DemandMax":null,"Value":520},{"Length":37,"Height":14,"Demand":12,"DemandMax":null,"Value":518},{"Length":27,"Height":19,"Demand":9,"DemandMax":null,"Value":513},{"Length":23,"Height":22,"Demand":11,"DemandMax":null,"Value":506},{"Length":24,"Height":20,"Demand":11,"DemandMax":null,"Value":480},{"Length":40,"Height":12,"Demand":10,"DemandMax":null,"Value":480},{"Length":30,"Height":16,"Demand":11,"DemandMax":null,"Value":480},{"Length":27,"Height":17,"Demand":10,"DemandMax":null,"Value":459},{"Length":24,"Height":19,"Demand":12,"DemandMax":null,"Value":456},{"Length":41,"Height":11,"Demand":9,"DemandMax":null,"Value":451},{"Length":25,"Height":18,"Demand":10,"DemandMax":null,"Value":450},{"Length":29,"Height":15,"Demand":8,"DemandMax":null,"Value":435},{"Length":33,"Height":13,"Demand":9,"DemandMax":null,"Value":429},{"Length":23,"Height":18,"Demand":12,"DemandMax":null,"Value":414},{"Length":27,"Height":15,"Demand":12,"DemandMax":null,"Value":405},{"Length":24,"Height":16,"Demand":10,"DemandMax":null,"Value":384},{"Length":27,"Height":14,"Demand":10,"DemandMax":null,"Value":378},{"Length":30,"Height":12,"Demand":10,"DemandMax":null,"Value":360},{"Length":34,"Height":10,"Demand":6,"DemandMax":null,"Value":340},{"Length":19,"Height":16,"Demand":13,"DemandMax":null,"Value":304},{"Length":27,"Height":11,"Demand":3,"DemandMax":null,"Value":297},{"Length":22,"Height":12,"Demand":15,"DemandMax":null,"Value":264},{"Length":26,"Height":10,"Demand":12,"DemandMax":null,"Value":260},{"Length":21,"Height":12,"Demand":6,"DemandMax":null,"Value":252},{"Length":16,"Height":14,"Demand":15,"DemandMax":null,"Value":224},{"Length":17,"Height":13,"Demand":7,"DemandMax":null,"Value":221},{"Length":18,"Height":12,"Demand":10,"DemandMax":null,"Value":216}]}