{"Name":"MB09_049","Objects":[{"Length":432,"Height":79,"Stock":null,"Cost":34128}],"Items":[{"Length":40,"Height":38,"Demand":143,"DemandMax":null,"Value":1520},{"Length":45,"Height":31,"Demand":106,"DemandMax":null,"Value":1395},{"Length":38,"Height":34,"Demand":111,"DemandMax":null,"Value":1292},{"Length":47,"Height":27,"Demand":121,"DemandMax":null,"Value":1269},{"Length":46,"Height":22,"Demand":137,"DemandMax":null,"Value":1012},{"Length":44,"Height":21,"Demand":129,"DemandMax":null,"Value":924},{"Length":47,"Height":19,"Demand":118,"DemandMax":null,"Value":893},{"Length":36,"Height":18,"Demand":122,"DemandMax":null,"Value":648},{"Length":45,"Height":14,"Demand":120,"DemandMax":null,"Value":630},{"Length":25,"Height":22,"Demand":113,"DemandMax":null,"Value":550},{"Length":39,"Height":14,"Demand":125,"DemandMax":null,"Value":546},{"Length":28,"Height":18,"Demand":86,"DemandMax":null,"Value":504}]}