{"Name":"MB10_031","Objects":[{"Length":432,"Height":79,"Stock":null,"Cost":34128}],"Items":[{"Length":49,"Height":49,"Demand":15,"DemandMax":null,"Value":2401},{"Length":60,"Height":36,"Demand":10,"DemandMax":null,"Value":2160},{"Length":47,"Height":44,"Demand":22,"DemandMax":null,"Value":2068},{"Length":54,"Height":36,"Demand":13,"DemandMax":null,"Value":1944},{"Length":51,"Height":38,"Demand":12,"DemandMax":null,"Value":1938},{"Length":49,"Height":37,"Demand":10,"DemandMax":null,"Value":1813},{"Length":43,"Height":42,"Demand":11,"DemandMax":null,"Value":1806},{"Length":54,"Height":31,"Demand":15,"DemandMax":null,"Value":1674},{"Length":47,"Height":35,"Demand":13,"DemandMax":null,"Value":1645},{"Length":41,"Height":40,"Demand":16,"DemandMax":null,"Value":1640},{"Length":42,"Height":39,"Demand":15,"DemandMax":null,"Value":1638},{"Length":51,"Height":31,"Demand":12,"DemandMax":null,"Value":1581},{"Length":45,"Height":35,"Demand":14,"DemandMax":null,"Value":1575},{"Length":40,"Height":38,"Demand":12,"DemandMax":null,"Value":1520},{"Length":42,"Height":36,"Demand":14,"DemandMax":null,"Value":1512},{"Length":53,"Height":28,"Demand":12,"DemandMax":null,"Value":1484},{"Length":46,"Height":32,"Demand":16,"DemandMax":null,"Value":1472},{"Length":54,"Height":27,"Demand":16,"DemandMax":null,"Value":1458},{"Length":39,"Height":37,"Demand":22,"DemandMax":null,"Value":1443},{"Length":40,"Height":36,"Demand":21,"DemandMax":null,"Value":1440},{"Length":47,"Height":30,"Demand":11,"DemandMax":null,"Value":1410},{"Length":58,"Height":24,"Demand":21,"DemandMax":null,"Value":1392},{"Length":48,"Height":29,"Demand":10,"DemandMax":null,"Value":1392},{"Length":45,"Height":29,"Demand":26,"DemandMax":null,"Value":1305},{"Length":47,"Height":27,"Demand":17,"DemandMax":null,"Value":1269},{"Length":45,"Height":27,"Demand":15,"DemandMax":null,"Value":1215},{"Length":55,"Height":21,"Demand":10,"DemandMax":null,"Value":1155},{"Length":38,"Height":30,"Demand":15,"DemandMax":null,"Value":1140},{"Length":34,"Height":33,"Demand":14,"DemandMax":null,"Value":1122},{"Length":59,"Height":19,"Demand":19,"DemandMax":null,"Value":1121},{"Length":40,"Height":27,"Demand":12,"DemandMax":null,"Value":1080},{"Length":40,"Height":26,"Demand":17,"DemandMax":null,"Value":1040},{"Length":37,"Height":28,"Demand":16,"DemandMax":null,"Value":1036},{"Length":56,"Height":18,"Demand":18,"DemandMax":null,"Value":1008},{"Length":35,"Height":28,"Demand":16,"DemandMax":null,"Value":980},{"Length":39,"Height":25,"Demand":17,"DemandMax":null,"Value":975},{"Length":51,"Height":19,"Demand":16,"DemandMax":null,"Value":969},{"Length":33,"Height":28,"Demand":20,"DemandMax":null,"Value":924},{"Length":43,"Height":21,"Demand":17,"DemandMax":null,"Value":903},{"Length":45,"Height":20,"Demand":20,"DemandMax":null,"Value":900},{"Length":56,"Height":16,"Demand":18,"DemandMax":null,"Value":896},{"Length":32,"Height":27,"Demand":20,"DemandMax":null,"Value":864},{"Length":35,"Height":24,"Demand":21,"DemandMax":null,"Value":840},{"Length":32,"Height":26,"Demand":15,"DemandMax":null,"Value":832},{"Length":36,"Height":23,"Demand":12,"DemandMax":null,"Value":828},{"Length":43,"Height":19,"Demand":16,"DemandMax":null,"Value":817},{"Length":37,"Height":22,"Demand":20,"DemandMax":null,"Value":814},{"Length":35,"Height":23,"Demand":17,"DemandMax":null,"Value":805},{"Length":42,"Height":19,"Demand":16,"DemandMax":null,"Value":798},{"Length":34,"Height":23,"Demand":22,"DemandMax":null,"Value":782},{"Length":30,"Height":26,"Demand":13,"DemandMax":null,"Value":780},{"Length":34,"Height":22,"Demand":18,"DemandMax":null,"Value":748},{"Length":37,"Height":20,"Demand":17,"DemandMax":null,"Value":740},{"Length":36,"Height":20,"Demand":13,"DemandMax":null,"Value":720},{"Length":45,"Height":16,"Demand":11,"DemandMax":null,"Value":720},{"Length":55,"Height":13,"Demand":14,"DemandMax":null,"Value":715},{"Length":47,"Height":15,"Demand":12,"DemandMax":null,"Value":705},{"Length":33,"Height":21,"Demand":24,"DemandMax":null,"Value":693},{"Length":30,"Height":23,"Demand":20,"DemandMax":null,"Value":690},{"Length":40,"Height":17,"Demand":10,"DemandMax":null,"Value":680},{"Length":37,"Height":18,"Demand":15,"DemandMax":null,"Value":666},{"Length":50,"Height":13,"Demand":19,"DemandMax":null,"Value":650},{"Length":27,"Height":24,"Demand":14,"DemandMax":null,"Value":648},{"Length":43,"Height":15,"Demand":12,"DemandMax":null,"Value":645},{"Length":42,"Height":15,"Demand":17,"DemandMax":null,"Value":630},{"Length":37,"Height":17,"Demand":17,"DemandMax":null,"Value":629},{"Length":25,"Height":25,"Demand":15,"DemandMax":null,"Value":625},{"Length":48,"Height":13,"Demand":19,"DemandMax":null,"Value":624},{"Length":27,"Height":23,"Demand":14,"DemandMax":null,"Value":621},{"Length":30,"Height":20,"Demand":18,"DemandMax":null,"Value":600},{"Length":35,"Height":17,"Demand":14,"DemandMax":null,"Value":595},{"Length":38,"Height":15,"Demand":14,"DemandMax":null,"Value":570},{"Length":40,"Height":14,"Demand":19,"DemandMax":null,"Value":560},{"Length":25,"Height":22,"Demand":17,"DemandMax":null,"Value":550},{"Length":27,"Height":19,"Demand":13,"DemandMax":null,"Value":513},{"Length":28,"Height":18,"Demand":21,"DemandMax":null,"Value":504},{"Length":27,"Height":18,"Demand":16,"DemandMax":null,"Value":486},{"Length":28,"Height":17,"Demand":14,"DemandMax":null,"Value":476},{"Length":26,"Height":18,"Demand":15,"DemandMax":null,"Value":468},{"Length":28,"Height":16,"Demand":13,"DemandMax":null,"Value":448},{"Length":21,"Height":21,"Demand":18,"DemandMax":null,"Value":441},{"Length":35,"Height":12,"Demand":11,"DemandMax":null,"Value":420},{"Length":22,"Height":18,"Demand":12,"DemandMax":null,"Value":396},{"Length":20,"Height":18,"Demand":21,"DemandMax":null,"Value":360},{"Length":33,"Height":10,"Demand":11,"DemandMax":null,"Value":330},{"Length":22,"Height":14,"Demand":14,"DemandMax":null,"Value":308},{"Length":24,"Height":12,"Demand":20,"DemandMax":null,"Value":288},{"Length":21,"Height":13,"Demand":10,"DemandMax":null,"Value":273},{"Length":18,"Height":15,"Demand":14,"DemandMax":null,"Value":270},{"Length":18,"Height":14,"Demand":18,"DemandMax":null,"Value":252},{"Length":16,"Height":15,"Demand":20,"DemandMax":null,"Value":240},{"Length":17,"Height":13,"Demand":10,"DemandMax":null,"Value":221}]}