{"Name":"MB09_034","Objects":[{"Length":432,"Height":79,"Stock":null,"Cost":34128}],"Items":[{"Length":56,"Height":46,"Demand":133,"DemandMax":null,"Value":2576},{"Length":46,"Height":32,"Demand":126,"DemandMax":null,"Value":1472},{"Length":58,"Height":24,"Demand":119,"DemandMax":null,"Value":1392},{"Length":59,"Height":19,"Demand":149,"DemandMax":null,"Value":1121},{"Length":34,"Height":22,"Demand":130,"DemandMax":null,"Value":748},{"Length":49,"Height":15,"Demand":146,"DemandMax":null,"Value":735},{"Length":27,"Height":26,"Demand":156,"DemandMax":null,"Value":702},{"Length":26,"Height":18,"Demand":135,"DemandMax":null,"Value":468},{"Length":28,"Height":14,"Demand":139,"DemandMax":null,"Value":392},{"Length":22,"Height":17,"Demand":121,"DemandMax":null,"Value":374}]}