{"Name":"MB07_052","Objects":[{"Length":587,"Height":233,"Stock":null,"Cost":136771}],"Items":[{"Length":51,"Height":32,"Demand":115,"DemandMax":null,"Value":1632},{"Length":42,"Height":36,"Demand":106,"DemandMax":null,"Value":1512},{"Length":47,"Height":31,"Demand":116,"DemandMax":null,"Value":1457},{"Length":37,"Height":37,"Demand":109,"DemandMax":null,"Value":1369},{"Length":35,"Height":24,"Demand":99,"DemandMax":null,"Value":840},{"Length":37,"Height":20,"Demand":116,"DemandMax":null,"Value":740},{"Length":38,"Height":19,"Demand":110,"DemandMax":null,"Value":722},{"Length":30,"Height":24,"Demand":107,"DemandMax":null,"Value":720},{"Length":55,"Height":13,"Demand":112,"DemandMax":null,"Value":715},{"Length":30,"Height":20,"Demand":110,"DemandMax":null,"Value":600},{"Length":26,"Height":22,"Demand":129,"DemandMax":null,"Value":572},{"Length":21,"Height":16,"Demand":117,"DemandMax":null,"Value":336},{"Length":18,"Height":15,"Demand":111,"DemandMax":null,"Value":270},{"Length":24,"Height":10,"Demand":120,"DemandMax":null,"Value":240},{"Length":18,"Height":11,"Demand":115,"DemandMax":null,"Value":198}]}