{"Name":"MB10_080","Objects":[{"Length":432,"Height":79,"Stock":null,"Cost":34128}],"Items":[{"Length":57,"Height":45,"Demand":10,"DemandMax":null,"Value":2565},{"Length":56,"Height":44,"Demand":4,"DemandMax":null,"Value":2464},{"Length":50,"Height":48,"Demand":6,"DemandMax":null,"Value":2400},{"Length":51,"Height":47,"Demand":5,"DemandMax":null,"Value":2397},{"Length":50,"Height":47,"Demand":5,"DemandMax":null,"Value":2350},{"Length":60,"Height":39,"Demand":5,"DemandMax":null,"Value":2340},{"Length":54,"Height":41,"Demand":3,"DemandMax":null,"Value":2214},{"Length":50,"Height":44,"Demand":6,"DemandMax":null,"Value":2200},{"Length":55,"Height":38,"Demand":6,"DemandMax":null,"Value":2090},{"Length":59,"Height":35,"Demand":6,"DemandMax":null,"Value":2065},{"Length":45,"Height":44,"Demand":3,"DemandMax":null,"Value":1980},{"Length":48,"Height":41,"Demand":3,"DemandMax":null,"Value":1968},{"Length":53,"Height":37,"Demand":3,"DemandMax":null,"Value":1961},{"Length":49,"Height":40,"Demand":5,"DemandMax":null,"Value":1960},{"Length":54,"Height":36,"Demand":7,"DemandMax":null,"Value":1944},{"Length":46,"Height":42,"Demand":5,"DemandMax":null,"Value":1932},{"Length":47,"Height":41,"Demand":6,"DemandMax":null,"Value":1927},{"Length":48,"Height":40,"Demand":8,"DemandMax":null,"Value":1920},{"Length":49,"Height":39,"Demand":8,"DemandMax":null,"Value":1911},{"Length":48,"Height":39,"Demand":3,"DemandMax":null,"Value":1872},{"Length":51,"Height":36,"Demand":4,"DemandMax":null,"Value":1836},{"Length":47,"Height":39,"Demand":5,"DemandMax":null,"Value":1833},{"Length":50,"Height":36,"Demand":6,"DemandMax":null,"Value":1800},{"Length":59,"Height":30,"Demand":4,"DemandMax":null,"Value":1770},{"Length":58,"Height":30,"Demand":2,"DemandMax":null,"Value":1740},{"Length":47,"Height":37,"Demand":3,"DemandMax":null,"Value":1739},{"Length":56,"Height":31,"Demand":5,"DemandMax":null,"Value":1736},{"Length":50,"Height":34,"Demand":8,"DemandMax":null,"Value":1700},{"Length":52,"Height":32,"Demand":5,"DemandMax":null,"Value":1664},{"Length":47,"Height":35,"Demand":5,"DemandMax":null,"Value":1645},{"Length":41,"Height":40,"Demand":7,"DemandMax":null,"Value":1640},{"Length":42,"Height":39,"Demand":7,"DemandMax":null,"Value":1638},{"Length":40,"Height":40,"Demand":4,"DemandMax":null,"Value":1600},{"Length":48,"Height":33,"Demand":8,"DemandMax":null,"Value":1584},{"Length":46,"Height":34,"Demand":5,"DemandMax":null,"Value":1564},{"Length":41,"Height":38,"Demand":6,"DemandMax":null,"Value":1558},{"Length":43,"Height":36,"Demand":6,"DemandMax":null,"Value":1548},{"Length":44,"Height":35,"Demand":6,"DemandMax":null,"Value":1540},{"Length":46,"Height":33,"Demand":5,"DemandMax":null,"Value":1518},{"Length":56,"Height":27,"Demand":8,"DemandMax":null,"Value":1512},{"Length":53,"Height":28,"Demand":6,"DemandMax":null,"Value":1484},{"Length":39,"Height":38,"Demand":4,"DemandMax":null,"Value":1482},{"Length":40,"Height":37,"Demand":8,"DemandMax":null,"Value":1480},{"Length":59,"Height":25,"Demand":6,"DemandMax":null,"Value":1475},{"Length":46,"Height":32,"Demand":6,"DemandMax":null,"Value":1472},{"Length":42,"Height":35,"Demand":5,"DemandMax":null,"Value":1470},{"Length":54,"Height":27,"Demand":4,"DemandMax":null,"Value":1458},{"Length":47,"Height":31,"Demand":5,"DemandMax":null,"Value":1457},{"Length":53,"Height":27,"Demand":7,"DemandMax":null,"Value":1431},{"Length":51,"Height":28,"Demand":5,"DemandMax":null,"Value":1428},{"Length":57,"Height":25,"Demand":6,"DemandMax":null,"Value":1425},{"Length":46,"Height":30,"Demand":5,"DemandMax":null,"Value":1380},{"Length":43,"Height":32,"Demand":6,"DemandMax":null,"Value":1376},{"Length":57,"Height":24,"Demand":8,"DemandMax":null,"Value":1368},{"Length":45,"Height":30,"Demand":5,"DemandMax":null,"Value":1350},{"Length":48,"Height":28,"Demand":8,"DemandMax":null,"Value":1344},{"Length":46,"Height":29,"Demand":2,"DemandMax":null,"Value":1334},{"Length":37,"Height":36,"Demand":6,"DemandMax":null,"Value":1332},{"Length":39,"Height":34,"Demand":6,"DemandMax":null,"Value":1326},{"Length":44,"Height":30,"Demand":6,"DemandMax":null,"Value":1320},{"Length":43,"Height":30,"Demand":5,"DemandMax":null,"Value":1290},{"Length":46,"Height":28,"Demand":4,"DemandMax":null,"Value":1288},{"Length":41,"Height":31,"Demand":7,"DemandMax":null,"Value":1271},{"Length":36,"Height":35,"Demand":6,"DemandMax":null,"Value":1260},{"Length":37,"Height":34,"Demand":10,"DemandMax":null,"Value":1258},{"Length":50,"Height":25,"Demand":5,"DemandMax":null,"Value":1250},{"Length":40,"Height":31,"Demand":7,"DemandMax":null,"Value":1240},{"Length":44,"Height":28,"Demand":5,"DemandMax":null,"Value":1232},{"Length":41,"Height":30,"Demand":4,"DemandMax":null,"Value":1230},{"Length":51,"Height":24,"Demand":4,"DemandMax":null,"Value":1224},{"Length":37,"Height":33,"Demand":4,"DemandMax":null,"Value":1221},{"Length":39,"Height":31,"Demand":8,"DemandMax":null,"Value":1209},{"Length":57,"Height":21,"Demand":6,"DemandMax":null,"Value":1197},{"Length":56,"Height":21,"Demand":6,"DemandMax":null,"Value":1176},{"Length":45,"Height":26,"Demand":2,"DemandMax":null,"Value":1170},{"Length":43,"Height":27,"Demand":4,"DemandMax":null,"Value":1161},{"Length":35,"Height":33,"Demand":6,"DemandMax":null,"Value":1155},{"Length":36,"Height":32,"Demand":5,"DemandMax":null,"Value":1152},{"Length":46,"Height":25,"Demand":8,"DemandMax":null,"Value":1150},{"Length":41,"Height":28,"Demand":7,"DemandMax":null,"Value":1148},{"Length":37,"Height":31,"Demand":6,"DemandMax":null,"Value":1147},{"Length":44,"Height":26,"Demand":6,"DemandMax":null,"Value":1144},{"Length":38,"Height":30,"Demand":10,"DemandMax":null,"Value":1140},{"Length":57,"Height":20,"Demand":6,"DemandMax":null,"Value":1140},{"Length":54,"Height":21,"Demand":4,"DemandMax":null,"Value":1134},{"Length":35,"Height":32,"Demand":9,"DemandMax":null,"Value":1120},{"Length":37,"Height":30,"Demand":5,"DemandMax":null,"Value":1110},{"Length":58,"Height":19,"Demand":7,"DemandMax":null,"Value":1102},{"Length":38,"Height":29,"Demand":5,"DemandMax":null,"Value":1102},{"Length":44,"Height":25,"Demand":5,"DemandMax":null,"Value":1100},{"Length":42,"Height":26,"Demand":12,"DemandMax":null,"Value":1092},{"Length":43,"Height":25,"Demand":5,"DemandMax":null,"Value":1075},{"Length":41,"Height":26,"Demand":3,"DemandMax":null,"Value":1066},{"Length":46,"Height":23,"Demand":6,"DemandMax":null,"Value":1058},{"Length":48,"Height":22,"Demand":2,"DemandMax":null,"Value":1056},{"Length":34,"Height":31,"Demand":5,"DemandMax":null,"Value":1054},{"Length":58,"Height":18,"Demand":3,"DemandMax":null,"Value":1044},{"Length":37,"Height":28,"Demand":6,"DemandMax":null,"Value":1036},{"Length":47,"Height":22,"Demand":5,"DemandMax":null,"Value":1034},{"Length":41,"Height":25,"Demand":6,"DemandMax":null,"Value":1025},{"Length":34,"Height":30,"Demand":3,"DemandMax":null,"Value":1020},{"Length":35,"Height":29,"Demand":5,"DemandMax":null,"Value":1015},{"Length":39,"Height":26,"Demand":3,"DemandMax":null,"Value":1014},{"Length":44,"Height":23,"Demand":2,"DemandMax":null,"Value":1012},{"Length":53,"Height":19,"Demand":8,"DemandMax":null,"Value":1007},{"Length":59,"Height":17,"Demand":10,"DemandMax":null,"Value":1003},{"Length":37,"Height":27,"Demand":3,"DemandMax":null,"Value":999},{"Length":49,"Height":20,"Demand":2,"DemandMax":null,"Value":980},{"Length":36,"Height":27,"Demand":7,"DemandMax":null,"Value":972},{"Length":54,"Height":18,"Demand":10,"DemandMax":null,"Value":972},{"Length":42,"Height":23,"Demand":7,"DemandMax":null,"Value":966},{"Length":32,"Height":30,"Demand":4,"DemandMax":null,"Value":960},{"Length":40,"Height":24,"Demand":9,"DemandMax":null,"Value":960},{"Length":45,"Height":21,"Demand":5,"DemandMax":null,"Value":945},{"Length":35,"Height":27,"Demand":6,"DemandMax":null,"Value":945},{"Length":59,"Height":16,"Demand":4,"DemandMax":null,"Value":944},{"Length":49,"Height":19,"Demand":2,"DemandMax":null,"Value":931},{"Length":32,"Height":29,"Demand":3,"DemandMax":null,"Value":928},{"Length":37,"Height":25,"Demand":4,"DemandMax":null,"Value":925},{"Length":33,"Height":28,"Demand":6,"DemandMax":null,"Value":924},{"Length":40,"Height":23,"Demand":9,"DemandMax":null,"Value":920},{"Length":46,"Height":20,"Demand":5,"DemandMax":null,"Value":920},{"Length":50,"Height":18,"Demand":7,"DemandMax":null,"Value":900},{"Length":31,"Height":29,"Demand":8,"DemandMax":null,"Value":899},{"Length":39,"Height":23,"Demand":8,"DemandMax":null,"Value":897},{"Length":56,"Height":16,"Demand":7,"DemandMax":null,"Value":896},{"Length":37,"Height":24,"Demand":5,"DemandMax":null,"Value":888},{"Length":40,"Height":22,"Demand":4,"DemandMax":null,"Value":880},{"Length":35,"Height":25,"Demand":10,"DemandMax":null,"Value":875},{"Length":38,"Height":23,"Demand":6,"DemandMax":null,"Value":874},{"Length":58,"Height":15,"Demand":3,"DemandMax":null,"Value":870},{"Length":48,"Height":18,"Demand":8,"DemandMax":null,"Value":864},{"Length":36,"Height":24,"Demand":8,"DemandMax":null,"Value":864},{"Length":39,"Height":22,"Demand":2,"DemandMax":null,"Value":858},{"Length":33,"Height":26,"Demand":6,"DemandMax":null,"Value":858},{"Length":56,"Height":15,"Demand":3,"DemandMax":null,"Value":840},{"Length":32,"Height":26,"Demand":5,"DemandMax":null,"Value":832},{"Length":59,"Height":14,"Demand":4,"DemandMax":null,"Value":826},{"Length":33,"Height":25,"Demand":4,"DemandMax":null,"Value":825},{"Length":39,"Height":21,"Demand":6,"DemandMax":null,"Value":819},{"Length":43,"Height":19,"Demand":5,"DemandMax":null,"Value":817},{"Length":34,"Height":24,"Demand":6,"DemandMax":null,"Value":816},{"Length":37,"Height":22,"Demand":4,"DemandMax":null,"Value":814},{"Length":31,"Height":26,"Demand":3,"DemandMax":null,"Value":806},{"Length":35,"Height":23,"Demand":8,"DemandMax":null,"Value":805},{"Length":50,"Height":16,"Demand":8,"DemandMax":null,"Value":800},{"Length":40,"Height":20,"Demand":7,"DemandMax":null,"Value":800},{"Length":32,"Height":25,"Demand":2,"DemandMax":null,"Value":800},{"Length":47,"Height":17,"Demand":5,"DemandMax":null,"Value":799},{"Length":57,"Height":14,"Demand":5,"DemandMax":null,"Value":798},{"Length":28,"Height":28,"Demand":2,"DemandMax":null,"Value":784},{"Length":34,"Height":23,"Demand":3,"DemandMax":null,"Value":782},{"Length":41,"Height":19,"Demand":5,"DemandMax":null,"Value":779},{"Length":37,"Height":21,"Demand":4,"DemandMax":null,"Value":777},{"Length":32,"Height":24,"Demand":6,"DemandMax":null,"Value":768},{"Length":38,"Height":20,"Demand":8,"DemandMax":null,"Value":760},{"Length":33,"Height":23,"Demand":4,"DemandMax":null,"Value":759},{"Length":29,"Height":26,"Demand":5,"DemandMax":null,"Value":754},{"Length":37,"Height":20,"Demand":7,"DemandMax":null,"Value":740},{"Length":43,"Height":17,"Demand":5,"DemandMax":null,"Value":731},{"Length":56,"Height":13,"Demand":3,"DemandMax":null,"Value":728},{"Length":28,"Height":26,"Demand":4,"DemandMax":null,"Value":728},{"Length":33,"Height":22,"Demand":3,"DemandMax":null,"Value":726},{"Length":30,"Height":24,"Demand":6,"DemandMax":null,"Value":720},{"Length":45,"Height":16,"Demand":5,"DemandMax":null,"Value":720},{"Length":42,"Height":17,"Demand":3,"DemandMax":null,"Value":714},{"Length":47,"Height":15,"Demand":6,"DemandMax":null,"Value":705},{"Length":44,"Height":16,"Demand":3,"DemandMax":null,"Value":704},{"Length":27,"Height":26,"Demand":6,"DemandMax":null,"Value":702},{"Length":29,"Height":24,"Demand":1,"DemandMax":null,"Value":696},{"Length":36,"Height":19,"Demand":6,"DemandMax":null,"Value":684},{"Length":31,"Height":22,"Demand":4,"DemandMax":null,"Value":682},{"Length":27,"Height":25,"Demand":2,"DemandMax":null,"Value":675},{"Length":48,"Height":14,"Demand":5,"DemandMax":null,"Value":672},{"Length":32,"Height":21,"Demand":6,"DemandMax":null,"Value":672},{"Length":42,"Height":16,"Demand":4,"DemandMax":null,"Value":672},{"Length":28,"Height":24,"Demand":5,"DemandMax":null,"Value":672},{"Length":39,"Height":17,"Demand":4,"DemandMax":null,"Value":663},{"Length":44,"Height":15,"Demand":5,"DemandMax":null,"Value":660},{"Length":33,"Height":20,"Demand":5,"DemandMax":null,"Value":660},{"Length":58,"Height":11,"Demand":2,"DemandMax":null,"Value":638},{"Length":37,"Height":17,"Demand":4,"DemandMax":null,"Value":629},{"Length":26,"Height":24,"Demand":8,"DemandMax":null,"Value":624},{"Length":31,"Height":20,"Demand":6,"DemandMax":null,"Value":620},{"Length":28,"Height":22,"Demand":5,"DemandMax":null,"Value":616},{"Length":30,"Height":20,"Demand":3,"DemandMax":null,"Value":600},{"Length":26,"Height":23,"Demand":7,"DemandMax":null,"Value":598},{"Length":37,"Height":16,"Demand":5,"DemandMax":null,"Value":592},{"Length":39,"Height":15,"Demand":3,"DemandMax":null,"Value":585},{"Length":45,"Height":13,"Demand":1,"DemandMax":null,"Value":585},{"Length":32,"Height":18,"Demand":6,"DemandMax":null,"Value":576},{"Length":36,"Height":16,"Demand":6,"DemandMax":null,"Value":576},{"Length":48,"Height":12,"Demand":2,"DemandMax":null,"Value":576},{"Length":28,"Height":20,"Demand":6,"DemandMax":null,"Value":560},{"Length":37,"Height":15,"Demand":6,"DemandMax":null,"Value":555},{"Length":29,"Height":19,"Demand":4,"DemandMax":null,"Value":551},{"Length":26,"Height":21,"Demand":3,"DemandMax":null,"Value":546},{"Length":39,"Height":14,"Demand":4,"DemandMax":null,"Value":546},{"Length":32,"Height":17,"Demand":5,"DemandMax":null,"Value":544},{"Length":41,"Height":13,"Demand":7,"DemandMax":null,"Value":533},{"Length":33,"Height":16,"Demand":1,"DemandMax":null,"Value":528},{"Length":48,"Height":11,"Demand":6,"DemandMax":null,"Value":528},{"Length":40,"Height":13,"Demand":8,"DemandMax":null,"Value":520},{"Length":34,"Height":15,"Demand":5,"DemandMax":null,"Value":510},{"Length":23,"Height":22,"Demand":4,"DemandMax":null,"Value":506},{"Length":50,"Height":10,"Demand":4,"DemandMax":null,"Value":500},{"Length":25,"Height":20,"Demand":4,"DemandMax":null,"Value":500},{"Length":32,"Height":15,"Demand":4,"DemandMax":null,"Value":480},{"Length":34,"Height":14,"Demand":3,"DemandMax":null,"Value":476},{"Length":28,"Height":17,"Demand":8,"DemandMax":null,"Value":476},{"Length":31,"Height":15,"Demand":1,"DemandMax":null,"Value":465},{"Length":22,"Height":21,"Demand":7,"DemandMax":null,"Value":462},{"Length":27,"Height":17,"Demand":5,"DemandMax":null,"Value":459},{"Length":38,"Height":12,"Demand":4,"DemandMax":null,"Value":456},{"Length":24,"Height":19,"Demand":5,"DemandMax":null,"Value":456},{"Length":35,"Height":13,"Demand":6,"DemandMax":null,"Value":455},{"Length":41,"Height":11,"Demand":5,"DemandMax":null,"Value":451},{"Length":25,"Height":18,"Demand":3,"DemandMax":null,"Value":450},{"Length":28,"Height":16,"Demand":7,"DemandMax":null,"Value":448},{"Length":23,"Height":19,"Demand":7,"DemandMax":null,"Value":437},{"Length":24,"Height":18,"Demand":6,"DemandMax":null,"Value":432},{"Length":25,"Height":17,"Demand":4,"DemandMax":null,"Value":425},{"Length":22,"Height":19,"Demand":7,"DemandMax":null,"Value":418},{"Length":32,"Height":13,"Demand":7,"DemandMax":null,"Value":416},{"Length":23,"Height":18,"Demand":3,"DemandMax":null,"Value":414},{"Length":24,"Height":17,"Demand":9,"DemandMax":null,"Value":408},{"Length":27,"Height":15,"Demand":3,"DemandMax":null,"Value":405},{"Length":20,"Height":20,"Demand":5,"DemandMax":null,"Value":400},{"Length":22,"Height":18,"Demand":5,"DemandMax":null,"Value":396},{"Length":35,"Height":11,"Demand":6,"DemandMax":null,"Value":385},{"Length":24,"Height":16,"Demand":6,"DemandMax":null,"Value":384},{"Length":20,"Height":19,"Demand":5,"DemandMax":null,"Value":380},{"Length":27,"Height":14,"Demand":5,"DemandMax":null,"Value":378},{"Length":30,"Height":12,"Demand":6,"DemandMax":null,"Value":360},{"Length":32,"Height":11,"Demand":4,"DemandMax":null,"Value":352},{"Length":29,"Height":12,"Demand":7,"DemandMax":null,"Value":348},{"Length":34,"Height":10,"Demand":2,"DemandMax":null,"Value":340},{"Length":26,"Height":13,"Demand":10,"DemandMax":null,"Value":338},{"Length":28,"Height":12,"Demand":4,"DemandMax":null,"Value":336},{"Length":20,"Height":16,"Demand":5,"DemandMax":null,"Value":320},{"Length":26,"Height":12,"Demand":6,"DemandMax":null,"Value":312},{"Length":28,"Height":11,"Demand":11,"DemandMax":null,"Value":308},{"Length":29,"Height":10,"Demand":4,"DemandMax":null,"Value":290},{"Length":18,"Height":16,"Demand":5,"DemandMax":null,"Value":288},{"Length":19,"Height":15,"Demand":2,"DemandMax":null,"Value":285},{"Length":23,"Height":12,"Demand":9,"DemandMax":null,"Value":276},{"Length":24,"Height":11,"Demand":6,"DemandMax":null,"Value":264},{"Length":20,"Height":13,"Demand":5,"DemandMax":null,"Value":260},{"Length":18,"Height":14,"Demand":5,"DemandMax":null,"Value":252},{"Length":21,"Height":12,"Demand":5,"DemandMax":null,"Value":252},{"Length":20,"Height":12,"Demand":7,"DemandMax":null,"Value":240},{"Length":17,"Height":13,"Demand":5,"DemandMax":null,"Value":221},{"Length":18,"Height":12,"Demand":4,"DemandMax":null,"Value":216},{"Length":16,"Height":13,"Demand":8,"DemandMax":null,"Value":208},{"Length":18,"Height":10,"Demand":4,"DemandMax":null,"Value":180}]}