{"Name":"MB10_078","Objects":[{"Length":432,"Height":79,"Stock":null,"Cost":34128}],"Items":[{"Length":58,"Height":46,"Demand":8,"DemandMax":null,"Value":2668},{"Length":60,"Height":40,"Demand":4,"DemandMax":null,"Value":2400},{"Length":51,"Height":47,"Demand":7,"DemandMax":null,"Value":2397},{"Length":51,"Height":46,"Demand":4,"DemandMax":null,"Value":2346},{"Length":58,"Height":40,"Demand":7,"DemandMax":null,"Value":2320},{"Length":58,"Height":39,"Demand":3,"DemandMax":null,"Value":2262},{"Length":55,"Height":41,"Demand":6,"DemandMax":null,"Value":2255},{"Length":48,"Height":46,"Demand":4,"DemandMax":null,"Value":2208},{"Length":51,"Height":43,"Demand":5,"DemandMax":null,"Value":2193},{"Length":56,"Height":39,"Demand":11,"DemandMax":null,"Value":2184},{"Length":58,"Height":37,"Demand":3,"DemandMax":null,"Value":2146},{"Length":47,"Height":45,"Demand":5,"DemandMax":null,"Value":2115},{"Length":57,"Height":37,"Demand":6,"DemandMax":null,"Value":2109},{"Length":58,"Height":36,"Demand":5,"DemandMax":null,"Value":2088},{"Length":52,"Height":40,"Demand":5,"DemandMax":null,"Value":2080},{"Length":54,"Height":36,"Demand":7,"DemandMax":null,"Value":1944},{"Length":44,"Height":44,"Demand":4,"DemandMax":null,"Value":1936},{"Length":53,"Height":36,"Demand":4,"DemandMax":null,"Value":1908},{"Length":56,"Height":34,"Demand":6,"DemandMax":null,"Value":1904},{"Length":44,"Height":43,"Demand":7,"DemandMax":null,"Value":1892},{"Length":51,"Height":37,"Demand":6,"DemandMax":null,"Value":1887},{"Length":48,"Height":38,"Demand":5,"DemandMax":null,"Value":1824},{"Length":52,"Height":35,"Demand":11,"DemandMax":null,"Value":1820},{"Length":44,"Height":41,"Demand":6,"DemandMax":null,"Value":1804},{"Length":45,"Height":39,"Demand":6,"DemandMax":null,"Value":1755},{"Length":53,"Height":33,"Demand":3,"DemandMax":null,"Value":1749},{"Length":46,"Height":38,"Demand":3,"DemandMax":null,"Value":1748},{"Length":48,"Height":36,"Demand":5,"DemandMax":null,"Value":1728},{"Length":45,"Height":38,"Demand":7,"DemandMax":null,"Value":1710},{"Length":42,"Height":40,"Demand":3,"DemandMax":null,"Value":1680},{"Length":48,"Height":35,"Demand":5,"DemandMax":null,"Value":1680},{"Length":43,"Height":39,"Demand":5,"DemandMax":null,"Value":1677},{"Length":50,"Height":33,"Demand":4,"DemandMax":null,"Value":1650},{"Length":43,"Height":38,"Demand":6,"DemandMax":null,"Value":1634},{"Length":47,"Height":34,"Demand":7,"DemandMax":null,"Value":1598},{"Length":42,"Height":38,"Demand":1,"DemandMax":null,"Value":1596},{"Length":59,"Height":27,"Demand":3,"DemandMax":null,"Value":1593},{"Length":43,"Height":37,"Demand":5,"DemandMax":null,"Value":1591},{"Length":56,"Height":28,"Demand":6,"DemandMax":null,"Value":1568},{"Length":54,"Height":29,"Demand":6,"DemandMax":null,"Value":1566},{"Length":42,"Height":37,"Demand":3,"DemandMax":null,"Value":1554},{"Length":50,"Height":31,"Demand":3,"DemandMax":null,"Value":1550},{"Length":59,"Height":26,"Demand":5,"DemandMax":null,"Value":1534},{"Length":49,"Height":31,"Demand":4,"DemandMax":null,"Value":1519},{"Length":49,"Height":30,"Demand":6,"DemandMax":null,"Value":1470},{"Length":50,"Height":29,"Demand":10,"DemandMax":null,"Value":1450},{"Length":45,"Height":32,"Demand":4,"DemandMax":null,"Value":1440},{"Length":40,"Height":36,"Demand":5,"DemandMax":null,"Value":1440},{"Length":48,"Height":30,"Demand":6,"DemandMax":null,"Value":1440},{"Length":53,"Height":27,"Demand":7,"DemandMax":null,"Value":1431},{"Length":42,"Height":34,"Demand":7,"DemandMax":null,"Value":1428},{"Length":57,"Height":25,"Demand":4,"DemandMax":null,"Value":1425},{"Length":52,"Height":27,"Demand":2,"DemandMax":null,"Value":1404},{"Length":54,"Height":26,"Demand":4,"DemandMax":null,"Value":1404},{"Length":39,"Height":36,"Demand":4,"DemandMax":null,"Value":1404},{"Length":56,"Height":25,"Demand":3,"DemandMax":null,"Value":1400},{"Length":43,"Height":32,"Demand":8,"DemandMax":null,"Value":1376},{"Length":52,"Height":26,"Demand":5,"DemandMax":null,"Value":1352},{"Length":37,"Height":36,"Demand":4,"DemandMax":null,"Value":1332},{"Length":38,"Height":35,"Demand":7,"DemandMax":null,"Value":1330},{"Length":39,"Height":34,"Demand":5,"DemandMax":null,"Value":1326},{"Length":44,"Height":30,"Demand":7,"DemandMax":null,"Value":1320},{"Length":45,"Height":29,"Demand":5,"DemandMax":null,"Value":1305},{"Length":36,"Height":36,"Demand":5,"DemandMax":null,"Value":1296},{"Length":43,"Height":30,"Demand":3,"DemandMax":null,"Value":1290},{"Length":39,"Height":33,"Demand":6,"DemandMax":null,"Value":1287},{"Length":36,"Height":35,"Demand":5,"DemandMax":null,"Value":1260},{"Length":48,"Height":26,"Demand":4,"DemandMax":null,"Value":1248},{"Length":44,"Height":28,"Demand":7,"DemandMax":null,"Value":1232},{"Length":47,"Height":26,"Demand":4,"DemandMax":null,"Value":1222},{"Length":37,"Height":33,"Demand":10,"DemandMax":null,"Value":1221},{"Length":42,"Height":29,"Demand":2,"DemandMax":null,"Value":1218},{"Length":48,"Height":25,"Demand":4,"DemandMax":null,"Value":1200},{"Length":40,"Height":30,"Demand":7,"DemandMax":null,"Value":1200},{"Length":36,"Height":33,"Demand":5,"DemandMax":null,"Value":1188},{"Length":37,"Height":32,"Demand":5,"DemandMax":null,"Value":1184},{"Length":38,"Height":31,"Demand":3,"DemandMax":null,"Value":1178},{"Length":49,"Height":24,"Demand":5,"DemandMax":null,"Value":1176},{"Length":40,"Height":29,"Demand":7,"DemandMax":null,"Value":1160},{"Length":58,"Height":20,"Demand":10,"DemandMax":null,"Value":1160},{"Length":34,"Height":34,"Demand":7,"DemandMax":null,"Value":1156},{"Length":36,"Height":32,"Demand":5,"DemandMax":null,"Value":1152},{"Length":39,"Height":29,"Demand":7,"DemandMax":null,"Value":1131},{"Length":36,"Height":31,"Demand":6,"DemandMax":null,"Value":1116},{"Length":58,"Height":19,"Demand":6,"DemandMax":null,"Value":1102},{"Length":50,"Height":22,"Demand":8,"DemandMax":null,"Value":1100},{"Length":39,"Height":28,"Demand":4,"DemandMax":null,"Value":1092},{"Length":36,"Height":30,"Demand":5,"DemandMax":null,"Value":1080},{"Length":49,"Height":22,"Demand":2,"DemandMax":null,"Value":1078},{"Length":59,"Height":18,"Demand":6,"DemandMax":null,"Value":1062},{"Length":46,"Height":23,"Demand":3,"DemandMax":null,"Value":1058},{"Length":48,"Height":22,"Demand":7,"DemandMax":null,"Value":1056},{"Length":39,"Height":27,"Demand":7,"DemandMax":null,"Value":1053},{"Length":35,"Height":30,"Demand":4,"DemandMax":null,"Value":1050},{"Length":40,"Height":26,"Demand":7,"DemandMax":null,"Value":1040},{"Length":32,"Height":32,"Demand":2,"DemandMax":null,"Value":1024},{"Length":34,"Height":30,"Demand":8,"DemandMax":null,"Value":1020},{"Length":39,"Height":26,"Demand":4,"DemandMax":null,"Value":1014},{"Length":44,"Height":23,"Demand":6,"DemandMax":null,"Value":1012},{"Length":46,"Height":22,"Demand":4,"DemandMax":null,"Value":1012},{"Length":42,"Height":24,"Demand":8,"DemandMax":null,"Value":1008},{"Length":36,"Height":28,"Demand":10,"DemandMax":null,"Value":1008},{"Length":40,"Height":25,"Demand":5,"DemandMax":null,"Value":1000},{"Length":37,"Height":27,"Demand":4,"DemandMax":null,"Value":999},{"Length":45,"Height":22,"Demand":3,"DemandMax":null,"Value":990},{"Length":58,"Height":17,"Demand":7,"DemandMax":null,"Value":986},{"Length":38,"Height":25,"Demand":5,"DemandMax":null,"Value":950},{"Length":39,"Height":24,"Demand":5,"DemandMax":null,"Value":936},{"Length":58,"Height":16,"Demand":6,"DemandMax":null,"Value":928},{"Length":37,"Height":25,"Demand":3,"DemandMax":null,"Value":925},{"Length":44,"Height":21,"Demand":9,"DemandMax":null,"Value":924},{"Length":33,"Height":28,"Demand":2,"DemandMax":null,"Value":924},{"Length":38,"Height":24,"Demand":6,"DemandMax":null,"Value":912},{"Length":35,"Height":26,"Demand":4,"DemandMax":null,"Value":910},{"Length":53,"Height":17,"Demand":9,"DemandMax":null,"Value":901},{"Length":45,"Height":20,"Demand":4,"DemandMax":null,"Value":900},{"Length":60,"Height":15,"Demand":7,"DemandMax":null,"Value":900},{"Length":31,"Height":29,"Demand":2,"DemandMax":null,"Value":899},{"Length":42,"Height":21,"Demand":6,"DemandMax":null,"Value":882},{"Length":40,"Height":22,"Demand":5,"DemandMax":null,"Value":880},{"Length":55,"Height":16,"Demand":7,"DemandMax":null,"Value":880},{"Length":30,"Height":29,"Demand":6,"DemandMax":null,"Value":870},{"Length":31,"Height":28,"Demand":9,"DemandMax":null,"Value":868},{"Length":37,"Height":23,"Demand":7,"DemandMax":null,"Value":851},{"Length":47,"Height":18,"Demand":9,"DemandMax":null,"Value":846},{"Length":38,"Height":22,"Demand":3,"DemandMax":null,"Value":836},{"Length":55,"Height":15,"Demand":7,"DemandMax":null,"Value":825},{"Length":51,"Height":16,"Demand":6,"DemandMax":null,"Value":816},{"Length":29,"Height":28,"Demand":4,"DemandMax":null,"Value":812},{"Length":30,"Height":27,"Demand":7,"DemandMax":null,"Value":810},{"Length":31,"Height":26,"Demand":5,"DemandMax":null,"Value":806},{"Length":50,"Height":16,"Demand":9,"DemandMax":null,"Value":800},{"Length":47,"Height":17,"Demand":5,"DemandMax":null,"Value":799},{"Length":44,"Height":18,"Demand":10,"DemandMax":null,"Value":792},{"Length":33,"Height":24,"Demand":4,"DemandMax":null,"Value":792},{"Length":29,"Height":27,"Demand":2,"DemandMax":null,"Value":783},{"Length":46,"Height":17,"Demand":10,"DemandMax":null,"Value":782},{"Length":43,"Height":18,"Demand":7,"DemandMax":null,"Value":774},{"Length":32,"Height":24,"Demand":7,"DemandMax":null,"Value":768},{"Length":33,"Height":23,"Demand":7,"DemandMax":null,"Value":759},{"Length":29,"Height":26,"Demand":3,"DemandMax":null,"Value":754},{"Length":50,"Height":15,"Demand":4,"DemandMax":null,"Value":750},{"Length":30,"Height":25,"Demand":8,"DemandMax":null,"Value":750},{"Length":34,"Height":22,"Demand":5,"DemandMax":null,"Value":748},{"Length":39,"Height":19,"Demand":10,"DemandMax":null,"Value":741},{"Length":43,"Height":17,"Demand":4,"DemandMax":null,"Value":731},{"Length":30,"Height":24,"Demand":4,"DemandMax":null,"Value":720},{"Length":34,"Height":21,"Demand":2,"DemandMax":null,"Value":714},{"Length":42,"Height":17,"Demand":4,"DemandMax":null,"Value":714},{"Length":32,"Height":22,"Demand":8,"DemandMax":null,"Value":704},{"Length":35,"Height":20,"Demand":5,"DemandMax":null,"Value":700},{"Length":29,"Height":24,"Demand":7,"DemandMax":null,"Value":696},{"Length":46,"Height":15,"Demand":9,"DemandMax":null,"Value":690},{"Length":30,"Height":23,"Demand":5,"DemandMax":null,"Value":690},{"Length":34,"Height":20,"Demand":2,"DemandMax":null,"Value":680},{"Length":40,"Height":17,"Demand":5,"DemandMax":null,"Value":680},{"Length":26,"Height":26,"Demand":8,"DemandMax":null,"Value":676},{"Length":27,"Height":25,"Demand":7,"DemandMax":null,"Value":675},{"Length":42,"Height":16,"Demand":4,"DemandMax":null,"Value":672},{"Length":37,"Height":18,"Demand":4,"DemandMax":null,"Value":666},{"Length":39,"Height":17,"Demand":7,"DemandMax":null,"Value":663},{"Length":33,"Height":20,"Demand":4,"DemandMax":null,"Value":660},{"Length":55,"Height":12,"Demand":5,"DemandMax":null,"Value":660},{"Length":44,"Height":15,"Demand":2,"DemandMax":null,"Value":660},{"Length":47,"Height":14,"Demand":6,"DemandMax":null,"Value":658},{"Length":26,"Height":25,"Demand":6,"DemandMax":null,"Value":650},{"Length":36,"Height":18,"Demand":3,"DemandMax":null,"Value":648},{"Length":32,"Height":20,"Demand":10,"DemandMax":null,"Value":640},{"Length":29,"Height":22,"Demand":5,"DemandMax":null,"Value":638},{"Length":37,"Height":17,"Demand":4,"DemandMax":null,"Value":629},{"Length":33,"Height":19,"Demand":10,"DemandMax":null,"Value":627},{"Length":41,"Height":15,"Demand":6,"DemandMax":null,"Value":615},{"Length":36,"Height":17,"Demand":5,"DemandMax":null,"Value":612},{"Length":34,"Height":18,"Demand":4,"DemandMax":null,"Value":612},{"Length":29,"Height":21,"Demand":5,"DemandMax":null,"Value":609},{"Length":60,"Height":10,"Demand":5,"DemandMax":null,"Value":600},{"Length":50,"Height":12,"Demand":5,"DemandMax":null,"Value":600},{"Length":54,"Height":11,"Demand":3,"DemandMax":null,"Value":594},{"Length":27,"Height":22,"Demand":2,"DemandMax":null,"Value":594},{"Length":29,"Height":20,"Demand":7,"DemandMax":null,"Value":580},{"Length":34,"Height":17,"Demand":4,"DemandMax":null,"Value":578},{"Length":36,"Height":16,"Demand":6,"DemandMax":null,"Value":576},{"Length":30,"Height":19,"Demand":6,"DemandMax":null,"Value":570},{"Length":35,"Height":16,"Demand":8,"DemandMax":null,"Value":560},{"Length":28,"Height":20,"Demand":8,"DemandMax":null,"Value":560},{"Length":43,"Height":13,"Demand":11,"DemandMax":null,"Value":559},{"Length":24,"Height":23,"Demand":6,"DemandMax":null,"Value":552},{"Length":42,"Height":13,"Demand":5,"DemandMax":null,"Value":546},{"Length":39,"Height":14,"Demand":6,"DemandMax":null,"Value":546},{"Length":34,"Height":16,"Demand":6,"DemandMax":null,"Value":544},{"Length":48,"Height":11,"Demand":8,"DemandMax":null,"Value":528},{"Length":25,"Height":21,"Demand":2,"DemandMax":null,"Value":525},{"Length":29,"Height":18,"Demand":4,"DemandMax":null,"Value":522},{"Length":40,"Height":13,"Demand":5,"DemandMax":null,"Value":520},{"Length":37,"Height":14,"Demand":5,"DemandMax":null,"Value":518},{"Length":47,"Height":11,"Demand":7,"DemandMax":null,"Value":517},{"Length":32,"Height":16,"Demand":7,"DemandMax":null,"Value":512},{"Length":30,"Height":17,"Demand":7,"DemandMax":null,"Value":510},{"Length":46,"Height":11,"Demand":9,"DemandMax":null,"Value":506},{"Length":36,"Height":14,"Demand":4,"DemandMax":null,"Value":504},{"Length":24,"Height":21,"Demand":4,"DemandMax":null,"Value":504},{"Length":25,"Height":20,"Demand":5,"DemandMax":null,"Value":500},{"Length":33,"Height":15,"Demand":11,"DemandMax":null,"Value":495},{"Length":49,"Height":10,"Demand":7,"DemandMax":null,"Value":490},{"Length":32,"Height":15,"Demand":5,"DemandMax":null,"Value":480},{"Length":25,"Height":19,"Demand":7,"DemandMax":null,"Value":475},{"Length":39,"Height":12,"Demand":7,"DemandMax":null,"Value":468},{"Length":36,"Height":13,"Demand":8,"DemandMax":null,"Value":468},{"Length":31,"Height":15,"Demand":3,"DemandMax":null,"Value":465},{"Length":33,"Height":14,"Demand":6,"DemandMax":null,"Value":462},{"Length":27,"Height":17,"Demand":5,"DemandMax":null,"Value":459},{"Length":24,"Height":19,"Demand":7,"DemandMax":null,"Value":456},{"Length":35,"Height":13,"Demand":6,"DemandMax":null,"Value":455},{"Length":32,"Height":14,"Demand":7,"DemandMax":null,"Value":448},{"Length":37,"Height":12,"Demand":9,"DemandMax":null,"Value":444},{"Length":26,"Height":17,"Demand":3,"DemandMax":null,"Value":442},{"Length":36,"Height":12,"Demand":5,"DemandMax":null,"Value":432},{"Length":33,"Height":13,"Demand":5,"DemandMax":null,"Value":429},{"Length":22,"Height":19,"Demand":6,"DemandMax":null,"Value":418},{"Length":23,"Height":18,"Demand":7,"DemandMax":null,"Value":414},{"Length":41,"Height":10,"Demand":6,"DemandMax":null,"Value":410},{"Length":24,"Height":17,"Demand":3,"DemandMax":null,"Value":408},{"Length":37,"Height":11,"Demand":4,"DemandMax":null,"Value":407},{"Length":31,"Height":13,"Demand":9,"DemandMax":null,"Value":403},{"Length":25,"Height":16,"Demand":6,"DemandMax":null,"Value":400},{"Length":26,"Height":15,"Demand":10,"DemandMax":null,"Value":390},{"Length":30,"Height":13,"Demand":2,"DemandMax":null,"Value":390},{"Length":21,"Height":18,"Demand":5,"DemandMax":null,"Value":378},{"Length":25,"Height":15,"Demand":8,"DemandMax":null,"Value":375},{"Length":22,"Height":17,"Demand":6,"DemandMax":null,"Value":374},{"Length":20,"Height":18,"Demand":8,"DemandMax":null,"Value":360},{"Length":24,"Height":14,"Demand":5,"DemandMax":null,"Value":336},{"Length":21,"Height":16,"Demand":5,"DemandMax":null,"Value":336},{"Length":22,"Height":15,"Demand":5,"DemandMax":null,"Value":330},{"Length":25,"Height":13,"Demand":5,"DemandMax":null,"Value":325},{"Length":18,"Height":18,"Demand":7,"DemandMax":null,"Value":324},{"Length":23,"Height":14,"Demand":8,"DemandMax":null,"Value":322},{"Length":21,"Height":15,"Demand":5,"DemandMax":null,"Value":315},{"Length":24,"Height":13,"Demand":7,"DemandMax":null,"Value":312},{"Length":26,"Height":12,"Demand":5,"DemandMax":null,"Value":312},{"Length":18,"Height":17,"Demand":2,"DemandMax":null,"Value":306},{"Length":23,"Height":13,"Demand":5,"DemandMax":null,"Value":299},{"Length":22,"Height":13,"Demand":3,"DemandMax":null,"Value":286},{"Length":26,"Height":10,"Demand":4,"DemandMax":null,"Value":260},{"Length":17,"Height":15,"Demand":3,"DemandMax":null,"Value":255},{"Length":18,"Height":13,"Demand":8,"DemandMax":null,"Value":234},{"Length":16,"Height":14,"Demand":5,"DemandMax":null,"Value":224},{"Length":17,"Height":13,"Demand":7,"DemandMax":null,"Value":221},{"Length":22,"Height":10,"Demand":5,"DemandMax":null,"Value":220},{"Length":16,"Height":13,"Demand":6,"DemandMax":null,"Value":208},{"Length":20,"Height":10,"Demand":6,"DemandMax":null,"Value":200},{"Length":15,"Height":13,"Demand":8,"DemandMax":null,"Value":195},{"Length":14,"Height":13,"Demand":7,"DemandMax":null,"Value":182},{"Length":16,"Height":11,"Demand":8,"DemandMax":null,"Value":176},{"Length":13,"Height":11,"Demand":4,"DemandMax":null,"Value":143}]}