{"Name":"MB09_138","Objects":[{"Length":432,"Height":79,"Stock":null,"Cost":34128}],"Items":[{"Length":52,"Height":49,"Demand":22,"DemandMax":null,"Value":2548},{"Length":53,"Height":47,"Demand":12,"DemandMax":null,"Value":2491},{"Length":49,"Height":45,"Demand":21,"DemandMax":null,"Value":2205},{"Length":52,"Height":37,"Demand":15,"DemandMax":null,"Value":1924},{"Length":57,"Height":33,"Demand":7,"DemandMax":null,"Value":1881},{"Length":44,"Height":42,"Demand":10,"DemandMax":null,"Value":1848},{"Length":44,"Height":40,"Demand":15,"DemandMax":null,"Value":1760},{"Length":46,"Height":38,"Demand":21,"DemandMax":null,"Value":1748},{"Length":43,"Height":40,"Demand":16,"DemandMax":null,"Value":1720},{"Length":50,"Height":33,"Demand":19,"DemandMax":null,"Value":1650},{"Length":44,"Height":37,"Demand":18,"DemandMax":null,"Value":1628},{"Length":58,"Height":28,"Demand":20,"DemandMax":null,"Value":1624},{"Length":60,"Height":24,"Demand":15,"DemandMax":null,"Value":1440},{"Length":60,"Height":23,"Demand":12,"DemandMax":null,"Value":1380},{"Length":38,"Height":36,"Demand":22,"DemandMax":null,"Value":1368},{"Length":39,"Height":35,"Demand":13,"DemandMax":null,"Value":1365},{"Length":37,"Height":35,"Demand":15,"DemandMax":null,"Value":1295},{"Length":36,"Height":34,"Demand":20,"DemandMax":null,"Value":1224},{"Length":37,"Height":33,"Demand":16,"DemandMax":null,"Value":1221},{"Length":42,"Height":29,"Demand":17,"DemandMax":null,"Value":1218},{"Length":46,"Height":25,"Demand":21,"DemandMax":null,"Value":1150},{"Length":49,"Height":23,"Demand":19,"DemandMax":null,"Value":1127},{"Length":51,"Height":22,"Demand":17,"DemandMax":null,"Value":1122},{"Length":41,"Height":27,"Demand":18,"DemandMax":null,"Value":1107},{"Length":48,"Height":22,"Demand":15,"DemandMax":null,"Value":1056},{"Length":36,"Height":29,"Demand":17,"DemandMax":null,"Value":1044},{"Length":37,"Height":28,"Demand":14,"DemandMax":null,"Value":1036},{"Length":43,"Height":24,"Demand":19,"DemandMax":null,"Value":1032},{"Length":38,"Height":27,"Demand":12,"DemandMax":null,"Value":1026},{"Length":35,"Height":29,"Demand":16,"DemandMax":null,"Value":1015},{"Length":33,"Height":30,"Demand":15,"DemandMax":null,"Value":990},{"Length":58,"Height":17,"Demand":16,"DemandMax":null,"Value":986},{"Length":48,"Height":20,"Demand":21,"DemandMax":null,"Value":960},{"Length":41,"Height":23,"Demand":19,"DemandMax":null,"Value":943},{"Length":39,"Height":24,"Demand":20,"DemandMax":null,"Value":936},{"Length":48,"Height":19,"Demand":18,"DemandMax":null,"Value":912},{"Length":36,"Height":25,"Demand":13,"DemandMax":null,"Value":900},{"Length":32,"Height":28,"Demand":13,"DemandMax":null,"Value":896},{"Length":40,"Height":22,"Demand":12,"DemandMax":null,"Value":880},{"Length":30,"Height":29,"Demand":9,"DemandMax":null,"Value":870},{"Length":51,"Height":17,"Demand":17,"DemandMax":null,"Value":867},{"Length":54,"Height":16,"Demand":23,"DemandMax":null,"Value":864},{"Length":43,"Height":20,"Demand":10,"DemandMax":null,"Value":860},{"Length":33,"Height":26,"Demand":12,"DemandMax":null,"Value":858},{"Length":37,"Height":23,"Demand":16,"DemandMax":null,"Value":851},{"Length":37,"Height":22,"Demand":24,"DemandMax":null,"Value":814},{"Length":30,"Height":27,"Demand":18,"DemandMax":null,"Value":810},{"Length":32,"Height":25,"Demand":17,"DemandMax":null,"Value":800},{"Length":36,"Height":22,"Demand":16,"DemandMax":null,"Value":792},{"Length":33,"Height":24,"Demand":17,"DemandMax":null,"Value":792},{"Length":49,"Height":16,"Demand":14,"DemandMax":null,"Value":784},{"Length":39,"Height":20,"Demand":19,"DemandMax":null,"Value":780},{"Length":37,"Height":21,"Demand":15,"DemandMax":null,"Value":777},{"Length":59,"Height":13,"Demand":12,"DemandMax":null,"Value":767},{"Length":51,"Height":15,"Demand":21,"DemandMax":null,"Value":765},{"Length":40,"Height":19,"Demand":9,"DemandMax":null,"Value":760},{"Length":28,"Height":26,"Demand":14,"DemandMax":null,"Value":728},{"Length":48,"Height":15,"Demand":17,"DemandMax":null,"Value":720},{"Length":40,"Height":18,"Demand":23,"DemandMax":null,"Value":720},{"Length":29,"Height":24,"Demand":12,"DemandMax":null,"Value":696},{"Length":31,"Height":22,"Demand":16,"DemandMax":null,"Value":682},{"Length":28,"Height":24,"Demand":16,"DemandMax":null,"Value":672},{"Length":26,"Height":25,"Demand":12,"DemandMax":null,"Value":650},{"Length":43,"Height":15,"Demand":11,"DemandMax":null,"Value":645},{"Length":37,"Height":17,"Demand":23,"DemandMax":null,"Value":629},{"Length":36,"Height":17,"Demand":15,"DemandMax":null,"Value":612},{"Length":26,"Height":23,"Demand":22,"DemandMax":null,"Value":598},{"Length":30,"Height":19,"Demand":9,"DemandMax":null,"Value":570},{"Length":32,"Height":17,"Demand":14,"DemandMax":null,"Value":544},{"Length":33,"Height":16,"Demand":20,"DemandMax":null,"Value":528},{"Length":29,"Height":18,"Demand":25,"DemandMax":null,"Value":522},{"Length":27,"Height":19,"Demand":19,"DemandMax":null,"Value":513},{"Length":46,"Height":11,"Demand":14,"DemandMax":null,"Value":506},{"Length":41,"Height":12,"Demand":15,"DemandMax":null,"Value":492},{"Length":27,"Height":18,"Demand":15,"DemandMax":null,"Value":486},{"Length":27,"Height":17,"Demand":22,"DemandMax":null,"Value":459},{"Length":45,"Height":10,"Demand":12,"DemandMax":null,"Value":450},{"Length":28,"Height":15,"Demand":12,"DemandMax":null,"Value":420},{"Length":30,"Height":13,"Demand":13,"DemandMax":null,"Value":390},{"Length":24,"Height":16,"Demand":20,"DemandMax":null,"Value":384},{"Length":27,"Height":14,"Demand":25,"DemandMax":null,"Value":378},{"Length":26,"Height":14,"Demand":21,"DemandMax":null,"Value":364},{"Length":23,"Height":15,"Demand":20,"DemandMax":null,"Value":345},{"Length":33,"Height":10,"Demand":24,"DemandMax":null,"Value":330},{"Length":24,"Height":13,"Demand":11,"DemandMax":null,"Value":312},{"Length":16,"Height":11,"Demand":15,"DemandMax":null,"Value":176},{"Length":17,"Height":10,"Demand":24,"DemandMax":null,"Value":170}]}