{"Name":"MB08_104","Objects":[{"Length":587,"Height":233,"Stock":null,"Cost":136771}],"Items":[{"Length":54,"Height":50,"Demand":4,"DemandMax":null,"Value":2700},{"Length":56,"Height":47,"Demand":5,"DemandMax":null,"Value":2632},{"Length":52,"Height":48,"Demand":1,"DemandMax":null,"Value":2496},{"Length":56,"Height":44,"Demand":2,"DemandMax":null,"Value":2464},{"Length":52,"Height":47,"Demand":2,"DemandMax":null,"Value":2444},{"Length":55,"Height":43,"Demand":1,"DemandMax":null,"Value":2365},{"Length":50,"Height":47,"Demand":2,"DemandMax":null,"Value":2350},{"Length":50,"Height":46,"Demand":2,"DemandMax":null,"Value":2300},{"Length":58,"Height":39,"Demand":3,"DemandMax":null,"Value":2262},{"Length":49,"Height":46,"Demand":4,"DemandMax":null,"Value":2254},{"Length":57,"Height":39,"Demand":2,"DemandMax":null,"Value":2223},{"Length":59,"Height":37,"Demand":2,"DemandMax":null,"Value":2183},{"Length":49,"Height":44,"Demand":3,"DemandMax":null,"Value":2156},{"Length":55,"Height":39,"Demand":2,"DemandMax":null,"Value":2145},{"Length":48,"Height":44,"Demand":5,"DemandMax":null,"Value":2112},{"Length":52,"Height":40,"Demand":3,"DemandMax":null,"Value":2080},{"Length":46,"Height":45,"Demand":2,"DemandMax":null,"Value":2070},{"Length":59,"Height":35,"Demand":1,"DemandMax":null,"Value":2065},{"Length":50,"Height":41,"Demand":2,"DemandMax":null,"Value":2050},{"Length":55,"Height":37,"Demand":2,"DemandMax":null,"Value":2035},{"Length":52,"Height":39,"Demand":3,"DemandMax":null,"Value":2028},{"Length":47,"Height":43,"Demand":2,"DemandMax":null,"Value":2021},{"Length":53,"Height":38,"Demand":3,"DemandMax":null,"Value":2014},{"Length":59,"Height":34,"Demand":1,"DemandMax":null,"Value":2006},{"Length":50,"Height":40,"Demand":2,"DemandMax":null,"Value":2000},{"Length":51,"Height":39,"Demand":3,"DemandMax":null,"Value":1989},{"Length":55,"Height":36,"Demand":1,"DemandMax":null,"Value":1980},{"Length":48,"Height":41,"Demand":5,"DemandMax":null,"Value":1968},{"Length":49,"Height":40,"Demand":4,"DemandMax":null,"Value":1960},{"Length":59,"Height":33,"Demand":3,"DemandMax":null,"Value":1947},{"Length":57,"Height":34,"Demand":7,"DemandMax":null,"Value":1938},{"Length":51,"Height":38,"Demand":3,"DemandMax":null,"Value":1938},{"Length":47,"Height":41,"Demand":4,"DemandMax":null,"Value":1927},{"Length":55,"Height":35,"Demand":5,"DemandMax":null,"Value":1925},{"Length":48,"Height":40,"Demand":2,"DemandMax":null,"Value":1920},{"Length":49,"Height":39,"Demand":1,"DemandMax":null,"Value":1911},{"Length":50,"Height":37,"Demand":1,"DemandMax":null,"Value":1850},{"Length":56,"Height":33,"Demand":5,"DemandMax":null,"Value":1848},{"Length":47,"Height":39,"Demand":5,"DemandMax":null,"Value":1833},{"Length":53,"Height":34,"Demand":1,"DemandMax":null,"Value":1802},{"Length":45,"Height":40,"Demand":2,"DemandMax":null,"Value":1800},{"Length":47,"Height":38,"Demand":5,"DemandMax":null,"Value":1786},{"Length":51,"Height":35,"Demand":2,"DemandMax":null,"Value":1785},{"Length":57,"Height":31,"Demand":3,"DemandMax":null,"Value":1767},{"Length":49,"Height":36,"Demand":3,"DemandMax":null,"Value":1764},{"Length":45,"Height":39,"Demand":3,"DemandMax":null,"Value":1755},{"Length":47,"Height":37,"Demand":4,"DemandMax":null,"Value":1739},{"Length":48,"Height":36,"Demand":3,"DemandMax":null,"Value":1728},{"Length":45,"Height":38,"Demand":4,"DemandMax":null,"Value":1710},{"Length":47,"Height":36,"Demand":3,"DemandMax":null,"Value":1692},{"Length":44,"Height":38,"Demand":6,"DemandMax":null,"Value":1672},{"Length":45,"Height":37,"Demand":1,"DemandMax":null,"Value":1665},{"Length":53,"Height":31,"Demand":3,"DemandMax":null,"Value":1643},{"Length":48,"Height":34,"Demand":3,"DemandMax":null,"Value":1632},{"Length":56,"Height":29,"Demand":1,"DemandMax":null,"Value":1624},{"Length":46,"Height":35,"Demand":3,"DemandMax":null,"Value":1610},{"Length":55,"Height":29,"Demand":4,"DemandMax":null,"Value":1595},{"Length":43,"Height":37,"Demand":3,"DemandMax":null,"Value":1591},{"Length":45,"Height":35,"Demand":3,"DemandMax":null,"Value":1575},{"Length":52,"Height":30,"Demand":3,"DemandMax":null,"Value":1560},{"Length":43,"Height":36,"Demand":4,"DemandMax":null,"Value":1548},{"Length":55,"Height":28,"Demand":3,"DemandMax":null,"Value":1540},{"Length":48,"Height":32,"Demand":2,"DemandMax":null,"Value":1536},{"Length":59,"Height":26,"Demand":2,"DemandMax":null,"Value":1534},{"Length":45,"Height":34,"Demand":4,"DemandMax":null,"Value":1530},{"Length":40,"Height":38,"Demand":2,"DemandMax":null,"Value":1520},{"Length":49,"Height":31,"Demand":3,"DemandMax":null,"Value":1519},{"Length":41,"Height":37,"Demand":5,"DemandMax":null,"Value":1517},{"Length":54,"Height":28,"Demand":4,"DemandMax":null,"Value":1512},{"Length":43,"Height":35,"Demand":3,"DemandMax":null,"Value":1505},{"Length":44,"Height":34,"Demand":4,"DemandMax":null,"Value":1496},{"Length":48,"Height":31,"Demand":5,"DemandMax":null,"Value":1488},{"Length":45,"Height":33,"Demand":2,"DemandMax":null,"Value":1485},{"Length":40,"Height":37,"Demand":4,"DemandMax":null,"Value":1480},{"Length":46,"Height":32,"Demand":8,"DemandMax":null,"Value":1472},{"Length":42,"Height":35,"Demand":2,"DemandMax":null,"Value":1470},{"Length":43,"Height":34,"Demand":2,"DemandMax":null,"Value":1462},{"Length":47,"Height":31,"Demand":3,"DemandMax":null,"Value":1457},{"Length":38,"Height":38,"Demand":4,"DemandMax":null,"Value":1444},{"Length":39,"Height":37,"Demand":4,"DemandMax":null,"Value":1443},{"Length":40,"Height":36,"Demand":4,"DemandMax":null,"Value":1440},{"Length":48,"Height":30,"Demand":4,"DemandMax":null,"Value":1440},{"Length":42,"Height":34,"Demand":1,"DemandMax":null,"Value":1428},{"Length":59,"Height":24,"Demand":5,"DemandMax":null,"Value":1416},{"Length":38,"Height":37,"Demand":3,"DemandMax":null,"Value":1406},{"Length":39,"Height":36,"Demand":4,"DemandMax":null,"Value":1404},{"Length":50,"Height":28,"Demand":3,"DemandMax":null,"Value":1400},{"Length":51,"Height":27,"Demand":2,"DemandMax":null,"Value":1377},{"Length":49,"Height":28,"Demand":1,"DemandMax":null,"Value":1372},{"Length":38,"Height":36,"Demand":3,"DemandMax":null,"Value":1368},{"Length":44,"Height":31,"Demand":4,"DemandMax":null,"Value":1364},{"Length":47,"Height":29,"Demand":2,"DemandMax":null,"Value":1363},{"Length":40,"Height":34,"Demand":1,"DemandMax":null,"Value":1360},{"Length":46,"Height":29,"Demand":2,"DemandMax":null,"Value":1334},{"Length":38,"Height":35,"Demand":4,"DemandMax":null,"Value":1330},{"Length":39,"Height":34,"Demand":1,"DemandMax":null,"Value":1326},{"Length":49,"Height":27,"Demand":5,"DemandMax":null,"Value":1323},{"Length":55,"Height":24,"Demand":1,"DemandMax":null,"Value":1320},{"Length":44,"Height":30,"Demand":5,"DemandMax":null,"Value":1320},{"Length":40,"Height":33,"Demand":2,"DemandMax":null,"Value":1320},{"Length":47,"Height":28,"Demand":5,"DemandMax":null,"Value":1316},{"Length":42,"Height":31,"Demand":1,"DemandMax":null,"Value":1302},{"Length":54,"Height":24,"Demand":2,"DemandMax":null,"Value":1296},{"Length":37,"Height":35,"Demand":2,"DemandMax":null,"Value":1295},{"Length":38,"Height":34,"Demand":3,"DemandMax":null,"Value":1292},{"Length":43,"Height":30,"Demand":2,"DemandMax":null,"Value":1290},{"Length":39,"Height":33,"Demand":2,"DemandMax":null,"Value":1287},{"Length":40,"Height":32,"Demand":4,"DemandMax":null,"Value":1280},{"Length":49,"Height":26,"Demand":2,"DemandMax":null,"Value":1274},{"Length":47,"Height":27,"Demand":4,"DemandMax":null,"Value":1269},{"Length":55,"Height":23,"Demand":2,"DemandMax":null,"Value":1265},{"Length":45,"Height":28,"Demand":1,"DemandMax":null,"Value":1260},{"Length":42,"Height":30,"Demand":2,"DemandMax":null,"Value":1260},{"Length":38,"Height":33,"Demand":6,"DemandMax":null,"Value":1254},{"Length":48,"Height":26,"Demand":2,"DemandMax":null,"Value":1248},{"Length":43,"Height":29,"Demand":3,"DemandMax":null,"Value":1247},{"Length":54,"Height":23,"Demand":2,"DemandMax":null,"Value":1242},{"Length":46,"Height":27,"Demand":3,"DemandMax":null,"Value":1242},{"Length":44,"Height":28,"Demand":2,"DemandMax":null,"Value":1232},{"Length":35,"Height":35,"Demand":3,"DemandMax":null,"Value":1225},{"Length":47,"Height":26,"Demand":2,"DemandMax":null,"Value":1222},{"Length":55,"Height":22,"Demand":3,"DemandMax":null,"Value":1210},{"Length":39,"Height":31,"Demand":3,"DemandMax":null,"Value":1209},{"Length":43,"Height":28,"Demand":4,"DemandMax":null,"Value":1204},{"Length":60,"Height":20,"Demand":4,"DemandMax":null,"Value":1200},{"Length":40,"Height":30,"Demand":2,"DemandMax":null,"Value":1200},{"Length":48,"Height":25,"Demand":3,"DemandMax":null,"Value":1200},{"Length":57,"Height":21,"Demand":5,"DemandMax":null,"Value":1197},{"Length":46,"Height":26,"Demand":2,"DemandMax":null,"Value":1196},{"Length":35,"Height":34,"Demand":2,"DemandMax":null,"Value":1190},{"Length":36,"Height":33,"Demand":3,"DemandMax":null,"Value":1188},{"Length":38,"Height":31,"Demand":3,"DemandMax":null,"Value":1178},{"Length":42,"Height":28,"Demand":1,"DemandMax":null,"Value":1176},{"Length":47,"Height":25,"Demand":2,"DemandMax":null,"Value":1175},{"Length":39,"Height":30,"Demand":2,"DemandMax":null,"Value":1170},{"Length":43,"Height":27,"Demand":2,"DemandMax":null,"Value":1161},{"Length":35,"Height":33,"Demand":2,"DemandMax":null,"Value":1155},{"Length":55,"Height":21,"Demand":1,"DemandMax":null,"Value":1155},{"Length":48,"Height":24,"Demand":4,"DemandMax":null,"Value":1152},{"Length":46,"Height":25,"Demand":3,"DemandMax":null,"Value":1150},{"Length":52,"Height":22,"Demand":3,"DemandMax":null,"Value":1144},{"Length":38,"Height":30,"Demand":2,"DemandMax":null,"Value":1140},{"Length":42,"Height":27,"Demand":2,"DemandMax":null,"Value":1134},{"Length":49,"Height":23,"Demand":1,"DemandMax":null,"Value":1127},{"Length":51,"Height":22,"Demand":3,"DemandMax":null,"Value":1122},{"Length":34,"Height":33,"Demand":3,"DemandMax":null,"Value":1122},{"Length":35,"Height":32,"Demand":3,"DemandMax":null,"Value":1120},{"Length":37,"Height":30,"Demand":1,"DemandMax":null,"Value":1110},{"Length":48,"Height":23,"Demand":3,"DemandMax":null,"Value":1104},{"Length":38,"Height":29,"Demand":2,"DemandMax":null,"Value":1102},{"Length":58,"Height":19,"Demand":5,"DemandMax":null,"Value":1102},{"Length":44,"Height":25,"Demand":5,"DemandMax":null,"Value":1100},{"Length":55,"Height":20,"Demand":3,"DemandMax":null,"Value":1100},{"Length":39,"Height":28,"Demand":2,"DemandMax":null,"Value":1092},{"Length":34,"Height":32,"Demand":3,"DemandMax":null,"Value":1088},{"Length":54,"Height":20,"Demand":4,"DemandMax":null,"Value":1080},{"Length":45,"Height":24,"Demand":4,"DemandMax":null,"Value":1080},{"Length":36,"Height":30,"Demand":1,"DemandMax":null,"Value":1080},{"Length":37,"Height":29,"Demand":2,"DemandMax":null,"Value":1073},{"Length":51,"Height":21,"Demand":4,"DemandMax":null,"Value":1071},{"Length":41,"Height":26,"Demand":2,"DemandMax":null,"Value":1066},{"Length":38,"Height":28,"Demand":5,"DemandMax":null,"Value":1064},{"Length":59,"Height":18,"Demand":4,"DemandMax":null,"Value":1062},{"Length":46,"Height":23,"Demand":1,"DemandMax":null,"Value":1058},{"Length":48,"Height":22,"Demand":1,"DemandMax":null,"Value":1056},{"Length":34,"Height":31,"Demand":4,"DemandMax":null,"Value":1054},{"Length":35,"Height":30,"Demand":5,"DemandMax":null,"Value":1050},{"Length":42,"Height":25,"Demand":3,"DemandMax":null,"Value":1050},{"Length":40,"Height":26,"Demand":2,"DemandMax":null,"Value":1040},{"Length":52,"Height":20,"Demand":3,"DemandMax":null,"Value":1040},{"Length":37,"Height":28,"Demand":2,"DemandMax":null,"Value":1036},{"Length":45,"Height":23,"Demand":3,"DemandMax":null,"Value":1035},{"Length":43,"Height":24,"Demand":6,"DemandMax":null,"Value":1032},{"Length":49,"Height":21,"Demand":4,"DemandMax":null,"Value":1029},{"Length":34,"Height":30,"Demand":2,"DemandMax":null,"Value":1020},{"Length":35,"Height":29,"Demand":6,"DemandMax":null,"Value":1015},{"Length":39,"Height":26,"Demand":7,"DemandMax":null,"Value":1014},{"Length":46,"Height":22,"Demand":1,"DemandMax":null,"Value":1012},{"Length":36,"Height":28,"Demand":2,"DemandMax":null,"Value":1008},{"Length":32,"Height":31,"Demand":3,"DemandMax":null,"Value":992},{"Length":55,"Height":18,"Demand":1,"DemandMax":null,"Value":990},{"Length":38,"Height":26,"Demand":5,"DemandMax":null,"Value":988},{"Length":52,"Height":19,"Demand":1,"DemandMax":null,"Value":988},{"Length":41,"Height":24,"Demand":3,"DemandMax":null,"Value":984},{"Length":42,"Height":23,"Demand":2,"DemandMax":null,"Value":966},{"Length":46,"Height":21,"Demand":6,"DemandMax":null,"Value":966},{"Length":40,"Height":24,"Demand":4,"DemandMax":null,"Value":960},{"Length":48,"Height":20,"Demand":1,"DemandMax":null,"Value":960},{"Length":33,"Height":29,"Demand":6,"DemandMax":null,"Value":957},{"Length":38,"Height":25,"Demand":1,"DemandMax":null,"Value":950},{"Length":45,"Height":21,"Demand":2,"DemandMax":null,"Value":945},{"Length":35,"Height":27,"Demand":2,"DemandMax":null,"Value":945},{"Length":36,"Height":26,"Demand":4,"DemandMax":null,"Value":936},{"Length":39,"Height":24,"Demand":2,"DemandMax":null,"Value":936},{"Length":55,"Height":17,"Demand":2,"DemandMax":null,"Value":935},{"Length":33,"Height":28,"Demand":4,"DemandMax":null,"Value":924},{"Length":40,"Height":23,"Demand":2,"DemandMax":null,"Value":920},{"Length":57,"Height":16,"Demand":7,"DemandMax":null,"Value":912},{"Length":35,"Height":26,"Demand":4,"DemandMax":null,"Value":910},{"Length":43,"Height":21,"Demand":5,"DemandMax":null,"Value":903},{"Length":30,"Height":30,"Demand":1,"DemandMax":null,"Value":900},{"Length":36,"Height":25,"Demand":2,"DemandMax":null,"Value":900},{"Length":31,"Height":29,"Demand":3,"DemandMax":null,"Value":899},{"Length":32,"Height":28,"Demand":1,"DemandMax":null,"Value":896},{"Length":33,"Height":27,"Demand":1,"DemandMax":null,"Value":891},{"Length":59,"Height":15,"Demand":5,"DemandMax":null,"Value":885},{"Length":34,"Height":26,"Demand":3,"DemandMax":null,"Value":884},{"Length":42,"Height":21,"Demand":1,"DemandMax":null,"Value":882},{"Length":40,"Height":22,"Demand":3,"DemandMax":null,"Value":880},{"Length":55,"Height":16,"Demand":5,"DemandMax":null,"Value":880},{"Length":38,"Height":23,"Demand":3,"DemandMax":null,"Value":874},{"Length":30,"Height":29,"Demand":3,"DemandMax":null,"Value":870},{"Length":31,"Height":28,"Demand":2,"DemandMax":null,"Value":868},{"Length":36,"Height":24,"Demand":3,"DemandMax":null,"Value":864},{"Length":32,"Height":27,"Demand":1,"DemandMax":null,"Value":864},{"Length":43,"Height":20,"Demand":2,"DemandMax":null,"Value":860},{"Length":39,"Height":22,"Demand":2,"DemandMax":null,"Value":858},{"Length":33,"Height":26,"Demand":2,"DemandMax":null,"Value":858},{"Length":57,"Height":15,"Demand":4,"DemandMax":null,"Value":855},{"Length":37,"Height":23,"Demand":4,"DemandMax":null,"Value":851},{"Length":35,"Height":24,"Demand":6,"DemandMax":null,"Value":840},{"Length":30,"Height":28,"Demand":2,"DemandMax":null,"Value":840},{"Length":42,"Height":20,"Demand":2,"DemandMax":null,"Value":840},{"Length":31,"Height":27,"Demand":2,"DemandMax":null,"Value":837},{"Length":38,"Height":22,"Demand":3,"DemandMax":null,"Value":836},{"Length":49,"Height":17,"Demand":2,"DemandMax":null,"Value":833},{"Length":36,"Height":23,"Demand":2,"DemandMax":null,"Value":828},{"Length":33,"Height":25,"Demand":5,"DemandMax":null,"Value":825},{"Length":41,"Height":20,"Demand":3,"DemandMax":null,"Value":820},{"Length":51,"Height":16,"Demand":2,"DemandMax":null,"Value":816},{"Length":34,"Height":24,"Demand":3,"DemandMax":null,"Value":816},{"Length":30,"Height":27,"Demand":4,"DemandMax":null,"Value":810},{"Length":45,"Height":18,"Demand":2,"DemandMax":null,"Value":810},{"Length":54,"Height":15,"Demand":7,"DemandMax":null,"Value":810},{"Length":35,"Height":23,"Demand":3,"DemandMax":null,"Value":805},{"Length":40,"Height":20,"Demand":1,"DemandMax":null,"Value":800},{"Length":42,"Height":19,"Demand":4,"DemandMax":null,"Value":798},{"Length":44,"Height":18,"Demand":6,"DemandMax":null,"Value":792},{"Length":36,"Height":22,"Demand":1,"DemandMax":null,"Value":792},{"Length":33,"Height":24,"Demand":7,"DemandMax":null,"Value":792},{"Length":49,"Height":16,"Demand":3,"DemandMax":null,"Value":784},{"Length":29,"Height":27,"Demand":2,"DemandMax":null,"Value":783},{"Length":34,"Height":23,"Demand":3,"DemandMax":null,"Value":782},{"Length":46,"Height":17,"Demand":2,"DemandMax":null,"Value":782},{"Length":30,"Height":26,"Demand":2,"DemandMax":null,"Value":780},{"Length":37,"Height":21,"Demand":2,"DemandMax":null,"Value":777},{"Length":31,"Height":25,"Demand":1,"DemandMax":null,"Value":775},{"Length":43,"Height":18,"Demand":4,"DemandMax":null,"Value":774},{"Length":35,"Height":22,"Demand":4,"DemandMax":null,"Value":770},{"Length":32,"Height":24,"Demand":1,"DemandMax":null,"Value":768},{"Length":48,"Height":16,"Demand":4,"DemandMax":null,"Value":768},{"Length":45,"Height":17,"Demand":3,"DemandMax":null,"Value":765},{"Length":40,"Height":19,"Demand":2,"DemandMax":null,"Value":760},{"Length":36,"Height":21,"Demand":8,"DemandMax":null,"Value":756},{"Length":42,"Height":18,"Demand":8,"DemandMax":null,"Value":756},{"Length":28,"Height":27,"Demand":2,"DemandMax":null,"Value":756},{"Length":47,"Height":16,"Demand":3,"DemandMax":null,"Value":752},{"Length":50,"Height":15,"Demand":2,"DemandMax":null,"Value":750},{"Length":34,"Height":22,"Demand":3,"DemandMax":null,"Value":748},{"Length":39,"Height":19,"Demand":3,"DemandMax":null,"Value":741},{"Length":37,"Height":20,"Demand":3,"DemandMax":null,"Value":740},{"Length":35,"Height":21,"Demand":3,"DemandMax":null,"Value":735},{"Length":43,"Height":17,"Demand":2,"DemandMax":null,"Value":731},{"Length":28,"Height":26,"Demand":3,"DemandMax":null,"Value":728},{"Length":38,"Height":19,"Demand":3,"DemandMax":null,"Value":722},{"Length":36,"Height":20,"Demand":2,"DemandMax":null,"Value":720},{"Length":40,"Height":18,"Demand":2,"DemandMax":null,"Value":720},{"Length":45,"Height":16,"Demand":2,"DemandMax":null,"Value":720},{"Length":34,"Height":21,"Demand":5,"DemandMax":null,"Value":714},{"Length":31,"Height":23,"Demand":2,"DemandMax":null,"Value":713},{"Length":32,"Height":22,"Demand":8,"DemandMax":null,"Value":704},{"Length":37,"Height":19,"Demand":2,"DemandMax":null,"Value":703},{"Length":39,"Height":18,"Demand":4,"DemandMax":null,"Value":702},{"Length":28,"Height":25,"Demand":5,"DemandMax":null,"Value":700},{"Length":50,"Height":14,"Demand":5,"DemandMax":null,"Value":700},{"Length":35,"Height":20,"Demand":2,"DemandMax":null,"Value":700},{"Length":29,"Height":24,"Demand":5,"DemandMax":null,"Value":696},{"Length":58,"Height":12,"Demand":3,"DemandMax":null,"Value":696},{"Length":33,"Height":21,"Demand":3,"DemandMax":null,"Value":693},{"Length":30,"Height":23,"Demand":3,"DemandMax":null,"Value":690},{"Length":36,"Height":19,"Demand":5,"DemandMax":null,"Value":684},{"Length":31,"Height":22,"Demand":2,"DemandMax":null,"Value":682},{"Length":34,"Height":20,"Demand":3,"DemandMax":null,"Value":680},{"Length":28,"Height":24,"Demand":3,"DemandMax":null,"Value":672},{"Length":32,"Height":21,"Demand":2,"DemandMax":null,"Value":672},{"Length":37,"Height":18,"Demand":4,"DemandMax":null,"Value":666},{"Length":39,"Height":17,"Demand":5,"DemandMax":null,"Value":663},{"Length":51,"Height":13,"Demand":2,"DemandMax":null,"Value":663},{"Length":30,"Height":22,"Demand":1,"DemandMax":null,"Value":660},{"Length":41,"Height":16,"Demand":1,"DemandMax":null,"Value":656},{"Length":26,"Height":25,"Demand":3,"DemandMax":null,"Value":650},{"Length":27,"Height":24,"Demand":7,"DemandMax":null,"Value":648},{"Length":36,"Height":18,"Demand":3,"DemandMax":null,"Value":648},{"Length":38,"Height":17,"Demand":3,"DemandMax":null,"Value":646},{"Length":43,"Height":15,"Demand":3,"DemandMax":null,"Value":645},{"Length":32,"Height":20,"Demand":5,"DemandMax":null,"Value":640},{"Length":49,"Height":13,"Demand":2,"DemandMax":null,"Value":637},{"Length":53,"Height":12,"Demand":4,"DemandMax":null,"Value":636},{"Length":30,"Height":21,"Demand":5,"DemandMax":null,"Value":630},{"Length":45,"Height":14,"Demand":3,"DemandMax":null,"Value":630},{"Length":42,"Height":15,"Demand":2,"DemandMax":null,"Value":630},{"Length":26,"Height":24,"Demand":4,"DemandMax":null,"Value":624},{"Length":27,"Height":23,"Demand":1,"DemandMax":null,"Value":621},{"Length":28,"Height":22,"Demand":3,"DemandMax":null,"Value":616},{"Length":41,"Height":15,"Demand":4,"DemandMax":null,"Value":615},{"Length":36,"Height":17,"Demand":4,"DemandMax":null,"Value":612},{"Length":34,"Height":18,"Demand":3,"DemandMax":null,"Value":612},{"Length":29,"Height":21,"Demand":5,"DemandMax":null,"Value":609},{"Length":32,"Height":19,"Demand":4,"DemandMax":null,"Value":608},{"Length":40,"Height":15,"Demand":3,"DemandMax":null,"Value":600},{"Length":26,"Height":23,"Demand":2,"DemandMax":null,"Value":598},{"Length":46,"Height":13,"Demand":2,"DemandMax":null,"Value":598},{"Length":35,"Height":17,"Demand":4,"DemandMax":null,"Value":595},{"Length":27,"Height":22,"Demand":3,"DemandMax":null,"Value":594},{"Length":33,"Height":18,"Demand":3,"DemandMax":null,"Value":594},{"Length":37,"Height":16,"Demand":3,"DemandMax":null,"Value":592},{"Length":31,"Height":19,"Demand":3,"DemandMax":null,"Value":589},{"Length":28,"Height":21,"Demand":3,"DemandMax":null,"Value":588},{"Length":42,"Height":14,"Demand":3,"DemandMax":null,"Value":588},{"Length":39,"Height":15,"Demand":4,"DemandMax":null,"Value":585},{"Length":29,"Height":20,"Demand":2,"DemandMax":null,"Value":580},{"Length":34,"Height":17,"Demand":4,"DemandMax":null,"Value":578},{"Length":36,"Height":16,"Demand":3,"DemandMax":null,"Value":576},{"Length":32,"Height":18,"Demand":4,"DemandMax":null,"Value":576},{"Length":25,"Height":23,"Demand":1,"DemandMax":null,"Value":575},{"Length":26,"Height":22,"Demand":2,"DemandMax":null,"Value":572},{"Length":44,"Height":13,"Demand":4,"DemandMax":null,"Value":572},{"Length":38,"Height":15,"Demand":7,"DemandMax":null,"Value":570},{"Length":27,"Height":21,"Demand":1,"DemandMax":null,"Value":567},{"Length":51,"Height":11,"Demand":3,"DemandMax":null,"Value":561},{"Length":40,"Height":14,"Demand":1,"DemandMax":null,"Value":560},{"Length":35,"Height":16,"Demand":1,"DemandMax":null,"Value":560},{"Length":43,"Height":13,"Demand":4,"DemandMax":null,"Value":559},{"Length":31,"Height":18,"Demand":6,"DemandMax":null,"Value":558},{"Length":37,"Height":15,"Demand":2,"DemandMax":null,"Value":555},{"Length":29,"Height":19,"Demand":2,"DemandMax":null,"Value":551},{"Length":25,"Height":22,"Demand":3,"DemandMax":null,"Value":550},{"Length":50,"Height":11,"Demand":2,"DemandMax":null,"Value":550},{"Length":26,"Height":21,"Demand":6,"DemandMax":null,"Value":546},{"Length":42,"Height":13,"Demand":5,"DemandMax":null,"Value":546},{"Length":39,"Height":14,"Demand":3,"DemandMax":null,"Value":546},{"Length":49,"Height":11,"Demand":2,"DemandMax":null,"Value":539},{"Length":28,"Height":19,"Demand":3,"DemandMax":null,"Value":532},{"Length":33,"Height":16,"Demand":3,"DemandMax":null,"Value":528},{"Length":44,"Height":12,"Demand":5,"DemandMax":null,"Value":528},{"Length":31,"Height":17,"Demand":3,"DemandMax":null,"Value":527},{"Length":25,"Height":21,"Demand":7,"DemandMax":null,"Value":525},{"Length":35,"Height":15,"Demand":3,"DemandMax":null,"Value":525},{"Length":52,"Height":10,"Demand":2,"DemandMax":null,"Value":520},{"Length":40,"Height":13,"Demand":6,"DemandMax":null,"Value":520},{"Length":43,"Height":12,"Demand":3,"DemandMax":null,"Value":516},{"Length":27,"Height":19,"Demand":2,"DemandMax":null,"Value":513},{"Length":32,"Height":16,"Demand":3,"DemandMax":null,"Value":512},{"Length":34,"Height":15,"Demand":7,"DemandMax":null,"Value":510},{"Length":23,"Height":22,"Demand":3,"DemandMax":null,"Value":506},{"Length":42,"Height":12,"Demand":3,"DemandMax":null,"Value":504},{"Length":36,"Height":14,"Demand":5,"DemandMax":null,"Value":504},{"Length":31,"Height":16,"Demand":4,"DemandMax":null,"Value":496},{"Length":45,"Height":11,"Demand":2,"DemandMax":null,"Value":495},{"Length":26,"Height":19,"Demand":4,"DemandMax":null,"Value":494},{"Length":38,"Height":13,"Demand":4,"DemandMax":null,"Value":494},{"Length":29,"Height":17,"Demand":2,"DemandMax":null,"Value":493},{"Length":35,"Height":14,"Demand":3,"DemandMax":null,"Value":490},{"Length":27,"Height":18,"Demand":3,"DemandMax":null,"Value":486},{"Length":40,"Height":12,"Demand":5,"DemandMax":null,"Value":480},{"Length":28,"Height":17,"Demand":6,"DemandMax":null,"Value":476},{"Length":26,"Height":18,"Demand":4,"DemandMax":null,"Value":468},{"Length":36,"Height":13,"Demand":2,"DemandMax":null,"Value":468},{"Length":29,"Height":16,"Demand":2,"DemandMax":null,"Value":464},{"Length":46,"Height":10,"Demand":3,"DemandMax":null,"Value":460},{"Length":23,"Height":20,"Demand":4,"DemandMax":null,"Value":460},{"Length":27,"Height":17,"Demand":4,"DemandMax":null,"Value":459},{"Length":24,"Height":19,"Demand":1,"DemandMax":null,"Value":456},{"Length":35,"Height":13,"Demand":2,"DemandMax":null,"Value":455},{"Length":30,"Height":15,"Demand":3,"DemandMax":null,"Value":450},{"Length":32,"Height":14,"Demand":9,"DemandMax":null,"Value":448},{"Length":28,"Height":16,"Demand":5,"DemandMax":null,"Value":448},{"Length":26,"Height":17,"Demand":3,"DemandMax":null,"Value":442},{"Length":34,"Height":13,"Demand":6,"DemandMax":null,"Value":442},{"Length":22,"Height":20,"Demand":2,"DemandMax":null,"Value":440},{"Length":44,"Height":10,"Demand":3,"DemandMax":null,"Value":440},{"Length":23,"Height":19,"Demand":2,"DemandMax":null,"Value":437},{"Length":29,"Height":15,"Demand":1,"DemandMax":null,"Value":435},{"Length":31,"Height":14,"Demand":2,"DemandMax":null,"Value":434},{"Length":24,"Height":18,"Demand":7,"DemandMax":null,"Value":432},{"Length":27,"Height":16,"Demand":6,"DemandMax":null,"Value":432},{"Length":25,"Height":17,"Demand":5,"DemandMax":null,"Value":425},{"Length":21,"Height":20,"Demand":1,"DemandMax":null,"Value":420},{"Length":28,"Height":15,"Demand":4,"DemandMax":null,"Value":420},{"Length":22,"Height":19,"Demand":6,"DemandMax":null,"Value":418},{"Length":24,"Height":17,"Demand":5,"DemandMax":null,"Value":408},{"Length":34,"Height":12,"Demand":2,"DemandMax":null,"Value":408},{"Length":27,"Height":15,"Demand":3,"DemandMax":null,"Value":405},{"Length":20,"Height":20,"Demand":2,"DemandMax":null,"Value":400},{"Length":40,"Height":10,"Demand":2,"DemandMax":null,"Value":400},{"Length":21,"Height":19,"Demand":3,"DemandMax":null,"Value":399},{"Length":22,"Height":18,"Demand":4,"DemandMax":null,"Value":396},{"Length":35,"Height":11,"Demand":4,"DemandMax":null,"Value":385},{"Length":24,"Height":16,"Demand":5,"DemandMax":null,"Value":384},{"Length":21,"Height":18,"Demand":1,"DemandMax":null,"Value":378},{"Length":22,"Height":17,"Demand":4,"DemandMax":null,"Value":374},{"Length":28,"Height":13,"Demand":3,"DemandMax":null,"Value":364},{"Length":21,"Height":17,"Demand":2,"DemandMax":null,"Value":357},{"Length":22,"Height":16,"Demand":3,"DemandMax":null,"Value":352},{"Length":29,"Height":12,"Demand":1,"DemandMax":null,"Value":348},{"Length":31,"Height":11,"Demand":1,"DemandMax":null,"Value":341},{"Length":22,"Height":15,"Demand":3,"DemandMax":null,"Value":330},{"Length":25,"Height":13,"Demand":2,"DemandMax":null,"Value":325},{"Length":27,"Height":12,"Demand":3,"DemandMax":null,"Value":324},{"Length":19,"Height":17,"Demand":3,"DemandMax":null,"Value":323},{"Length":23,"Height":14,"Demand":4,"DemandMax":null,"Value":322},{"Length":29,"Height":11,"Demand":2,"DemandMax":null,"Value":319},{"Length":21,"Height":15,"Demand":4,"DemandMax":null,"Value":315},{"Length":22,"Height":14,"Demand":3,"DemandMax":null,"Value":308},{"Length":30,"Height":10,"Demand":4,"DemandMax":null,"Value":300},{"Length":23,"Height":13,"Demand":1,"DemandMax":null,"Value":299},{"Length":21,"Height":14,"Demand":3,"DemandMax":null,"Value":294},{"Length":17,"Height":17,"Demand":6,"DemandMax":null,"Value":289},{"Length":18,"Height":16,"Demand":2,"DemandMax":null,"Value":288},{"Length":19,"Height":15,"Demand":3,"DemandMax":null,"Value":285},{"Length":21,"Height":13,"Demand":4,"DemandMax":null,"Value":273},{"Length":17,"Height":16,"Demand":4,"DemandMax":null,"Value":272},{"Length":19,"Height":14,"Demand":5,"DemandMax":null,"Value":266},{"Length":16,"Height":16,"Demand":3,"DemandMax":null,"Value":256},{"Length":17,"Height":15,"Demand":5,"DemandMax":null,"Value":255},{"Length":23,"Height":11,"Demand":3,"DemandMax":null,"Value":253},{"Length":21,"Height":12,"Demand":3,"DemandMax":null,"Value":252},{"Length":19,"Height":13,"Demand":2,"DemandMax":null,"Value":247},{"Length":22,"Height":11,"Demand":2,"DemandMax":null,"Value":242},{"Length":16,"Height":15,"Demand":2,"DemandMax":null,"Value":240},{"Length":17,"Height":14,"Demand":4,"DemandMax":null,"Value":238},{"Length":18,"Height":13,"Demand":2,"DemandMax":null,"Value":234},{"Length":16,"Height":14,"Demand":5,"DemandMax":null,"Value":224},{"Length":15,"Height":14,"Demand":3,"DemandMax":null,"Value":210},{"Length":17,"Height":12,"Demand":4,"DemandMax":null,"Value":204},{"Length":20,"Height":10,"Demand":2,"DemandMax":null,"Value":200},{"Length":14,"Height":12,"Demand":4,"DemandMax":null,"Value":168},{"Length":15,"Height":11,"Demand":2,"DemandMax":null,"Value":165},{"Length":13,"Height":12,"Demand":5,"DemandMax":null,"Value":156},{"Length":15,"Height":10,"Demand":3,"DemandMax":null,"Value":150}]}