{"Name":"MB09_144","Objects":[{"Length":432,"Height":79,"Stock":null,"Cost":34128}],"Items":[{"Length":59,"Height":49,"Demand":16,"DemandMax":null,"Value":2891},{"Length":49,"Height":48,"Demand":7,"DemandMax":null,"Value":2352},{"Length":50,"Height":45,"Demand":11,"DemandMax":null,"Value":2250},{"Length":47,"Height":46,"Demand":8,"DemandMax":null,"Value":2162},{"Length":48,"Height":45,"Demand":17,"DemandMax":null,"Value":2160},{"Length":51,"Height":40,"Demand":19,"DemandMax":null,"Value":2040},{"Length":59,"Height":34,"Demand":17,"DemandMax":null,"Value":2006},{"Length":58,"Height":33,"Demand":9,"DemandMax":null,"Value":1914},{"Length":48,"Height":39,"Demand":8,"DemandMax":null,"Value":1872},{"Length":45,"Height":40,"Demand":17,"DemandMax":null,"Value":1800},{"Length":46,"Height":39,"Demand":14,"DemandMax":null,"Value":1794},{"Length":48,"Height":37,"Demand":17,"DemandMax":null,"Value":1776},{"Length":50,"Height":35,"Demand":18,"DemandMax":null,"Value":1750},{"Length":47,"Height":37,"Demand":22,"DemandMax":null,"Value":1739},{"Length":51,"Height":34,"Demand":12,"DemandMax":null,"Value":1734},{"Length":59,"Height":29,"Demand":14,"DemandMax":null,"Value":1711},{"Length":42,"Height":40,"Demand":10,"DemandMax":null,"Value":1680},{"Length":45,"Height":37,"Demand":17,"DemandMax":null,"Value":1665},{"Length":40,"Height":39,"Demand":12,"DemandMax":null,"Value":1560},{"Length":45,"Height":34,"Demand":11,"DemandMax":null,"Value":1530},{"Length":39,"Height":39,"Demand":12,"DemandMax":null,"Value":1521},{"Length":58,"Height":26,"Demand":14,"DemandMax":null,"Value":1508},{"Length":43,"Height":35,"Demand":14,"DemandMax":null,"Value":1505},{"Length":47,"Height":32,"Demand":18,"DemandMax":null,"Value":1504},{"Length":59,"Height":24,"Demand":13,"DemandMax":null,"Value":1416},{"Length":48,"Height":29,"Demand":10,"DemandMax":null,"Value":1392},{"Length":58,"Height":23,"Demand":16,"DemandMax":null,"Value":1334},{"Length":49,"Height":27,"Demand":9,"DemandMax":null,"Value":1323},{"Length":39,"Height":31,"Demand":21,"DemandMax":null,"Value":1209},{"Length":49,"Height":24,"Demand":13,"DemandMax":null,"Value":1176},{"Length":46,"Height":25,"Demand":11,"DemandMax":null,"Value":1150},{"Length":41,"Height":28,"Demand":18,"DemandMax":null,"Value":1148},{"Length":49,"Height":23,"Demand":16,"DemandMax":null,"Value":1127},{"Length":37,"Height":30,"Demand":17,"DemandMax":null,"Value":1110},{"Length":39,"Height":28,"Demand":23,"DemandMax":null,"Value":1092},{"Length":35,"Height":31,"Demand":9,"DemandMax":null,"Value":1085},{"Length":54,"Height":20,"Demand":24,"DemandMax":null,"Value":1080},{"Length":43,"Height":25,"Demand":11,"DemandMax":null,"Value":1075},{"Length":38,"Height":27,"Demand":14,"DemandMax":null,"Value":1026},{"Length":44,"Height":23,"Demand":13,"DemandMax":null,"Value":1012},{"Length":33,"Height":30,"Demand":18,"DemandMax":null,"Value":990},{"Length":36,"Height":27,"Demand":11,"DemandMax":null,"Value":972},{"Length":38,"Height":25,"Demand":9,"DemandMax":null,"Value":950},{"Length":41,"Height":23,"Demand":11,"DemandMax":null,"Value":943},{"Length":31,"Height":30,"Demand":18,"DemandMax":null,"Value":930},{"Length":56,"Height":16,"Demand":13,"DemandMax":null,"Value":896},{"Length":33,"Height":27,"Demand":22,"DemandMax":null,"Value":891},{"Length":49,"Height":18,"Demand":17,"DemandMax":null,"Value":882},{"Length":31,"Height":28,"Demand":12,"DemandMax":null,"Value":868},{"Length":39,"Height":22,"Demand":16,"DemandMax":null,"Value":858},{"Length":47,"Height":18,"Demand":12,"DemandMax":null,"Value":846},{"Length":40,"Height":21,"Demand":23,"DemandMax":null,"Value":840},{"Length":33,"Height":25,"Demand":16,"DemandMax":null,"Value":825},{"Length":48,"Height":17,"Demand":12,"DemandMax":null,"Value":816},{"Length":34,"Height":24,"Demand":22,"DemandMax":null,"Value":816},{"Length":37,"Height":22,"Demand":10,"DemandMax":null,"Value":814},{"Length":40,"Height":20,"Demand":10,"DemandMax":null,"Value":800},{"Length":54,"Height":14,"Demand":12,"DemandMax":null,"Value":756},{"Length":41,"Height":18,"Demand":17,"DemandMax":null,"Value":738},{"Length":46,"Height":16,"Demand":13,"DemandMax":null,"Value":736},{"Length":30,"Height":24,"Demand":12,"DemandMax":null,"Value":720},{"Length":27,"Height":26,"Demand":10,"DemandMax":null,"Value":702},{"Length":30,"Height":23,"Demand":12,"DemandMax":null,"Value":690},{"Length":49,"Height":14,"Demand":13,"DemandMax":null,"Value":686},{"Length":33,"Height":20,"Demand":9,"DemandMax":null,"Value":660},{"Length":30,"Height":21,"Demand":12,"DemandMax":null,"Value":630},{"Length":29,"Height":21,"Demand":12,"DemandMax":null,"Value":609},{"Length":40,"Height":15,"Demand":14,"DemandMax":null,"Value":600},{"Length":38,"Height":15,"Demand":9,"DemandMax":null,"Value":570},{"Length":33,"Height":17,"Demand":14,"DemandMax":null,"Value":561},{"Length":32,"Height":17,"Demand":16,"DemandMax":null,"Value":544},{"Length":45,"Height":12,"Demand":16,"DemandMax":null,"Value":540},{"Length":24,"Height":21,"Demand":11,"DemandMax":null,"Value":504},{"Length":29,"Height":17,"Demand":16,"DemandMax":null,"Value":493},{"Length":30,"Height":16,"Demand":13,"DemandMax":null,"Value":480},{"Length":34,"Height":14,"Demand":11,"DemandMax":null,"Value":476},{"Length":25,"Height":19,"Demand":12,"DemandMax":null,"Value":475},{"Length":29,"Height":16,"Demand":15,"DemandMax":null,"Value":464},{"Length":25,"Height":17,"Demand":10,"DemandMax":null,"Value":425},{"Length":26,"Height":16,"Demand":19,"DemandMax":null,"Value":416},{"Length":23,"Height":16,"Demand":12,"DemandMax":null,"Value":368},{"Length":23,"Height":15,"Demand":20,"DemandMax":null,"Value":345},{"Length":31,"Height":10,"Demand":21,"DemandMax":null,"Value":310},{"Length":23,"Height":12,"Demand":13,"DemandMax":null,"Value":276},{"Length":17,"Height":16,"Demand":19,"DemandMax":null,"Value":272},{"Length":18,"Height":15,"Demand":16,"DemandMax":null,"Value":270},{"Length":20,"Height":13,"Demand":18,"DemandMax":null,"Value":260},{"Length":18,"Height":14,"Demand":12,"DemandMax":null,"Value":252},{"Length":19,"Height":13,"Demand":13,"DemandMax":null,"Value":247},{"Length":22,"Height":11,"Demand":13,"DemandMax":null,"Value":242},{"Length":16,"Height":15,"Demand":11,"DemandMax":null,"Value":240},{"Length":16,"Height":14,"Demand":10,"DemandMax":null,"Value":224},{"Length":22,"Height":10,"Demand":7,"DemandMax":null,"Value":220},{"Length":13,"Height":11,"Demand":16,"DemandMax":null,"Value":143}]}