{"Name":"MB07_100","Objects":[{"Length":587,"Height":233,"Stock":null,"Cost":136771}],"Items":[{"Length":49,"Height":45,"Demand":25,"DemandMax":null,"Value":2205},{"Length":54,"Height":40,"Demand":28,"DemandMax":null,"Value":2160},{"Length":46,"Height":43,"Demand":32,"DemandMax":null,"Value":1978},{"Length":47,"Height":38,"Demand":32,"DemandMax":null,"Value":1786},{"Length":56,"Height":31,"Demand":34,"DemandMax":null,"Value":1736},{"Length":45,"Height":38,"Demand":24,"DemandMax":null,"Value":1710},{"Length":51,"Height":29,"Demand":32,"DemandMax":null,"Value":1479},{"Length":38,"Height":37,"Demand":30,"DemandMax":null,"Value":1406},{"Length":54,"Height":26,"Demand":30,"DemandMax":null,"Value":1404},{"Length":37,"Height":35,"Demand":27,"DemandMax":null,"Value":1295},{"Length":47,"Height":25,"Demand":24,"DemandMax":null,"Value":1175},{"Length":35,"Height":33,"Demand":29,"DemandMax":null,"Value":1155},{"Length":38,"Height":30,"Demand":31,"DemandMax":null,"Value":1140},{"Length":34,"Height":33,"Demand":33,"DemandMax":null,"Value":1122},{"Length":56,"Height":19,"Demand":25,"DemandMax":null,"Value":1064},{"Length":40,"Height":26,"Demand":33,"DemandMax":null,"Value":1040},{"Length":39,"Height":26,"Demand":27,"DemandMax":null,"Value":1014},{"Length":42,"Height":24,"Demand":32,"DemandMax":null,"Value":1008},{"Length":58,"Height":17,"Demand":25,"DemandMax":null,"Value":986},{"Length":46,"Height":21,"Demand":28,"DemandMax":null,"Value":966},{"Length":36,"Height":26,"Demand":25,"DemandMax":null,"Value":936},{"Length":39,"Height":24,"Demand":37,"DemandMax":null,"Value":936},{"Length":53,"Height":17,"Demand":32,"DemandMax":null,"Value":901},{"Length":34,"Height":23,"Demand":30,"DemandMax":null,"Value":782},{"Length":39,"Height":20,"Demand":28,"DemandMax":null,"Value":780},{"Length":60,"Height":13,"Demand":35,"DemandMax":null,"Value":780},{"Length":38,"Height":20,"Demand":38,"DemandMax":null,"Value":760},{"Length":54,"Height":14,"Demand":29,"DemandMax":null,"Value":756},{"Length":29,"Height":26,"Demand":30,"DemandMax":null,"Value":754},{"Length":32,"Height":23,"Demand":25,"DemandMax":null,"Value":736},{"Length":35,"Height":20,"Demand":32,"DemandMax":null,"Value":700},{"Length":30,"Height":23,"Demand":39,"DemandMax":null,"Value":690},{"Length":43,"Height":16,"Demand":36,"DemandMax":null,"Value":688},{"Length":37,"Height":17,"Demand":24,"DemandMax":null,"Value":629},{"Length":41,"Height":15,"Demand":32,"DemandMax":null,"Value":615},{"Length":32,"Height":18,"Demand":39,"DemandMax":null,"Value":576},{"Length":25,"Height":21,"Demand":27,"DemandMax":null,"Value":525},{"Length":26,"Height":20,"Demand":23,"DemandMax":null,"Value":520},{"Length":30,"Height":17,"Demand":31,"DemandMax":null,"Value":510},{"Length":32,"Height":15,"Demand":41,"DemandMax":null,"Value":480},{"Length":26,"Height":18,"Demand":35,"DemandMax":null,"Value":468},{"Length":37,"Height":12,"Demand":26,"DemandMax":null,"Value":444},{"Length":27,"Height":16,"Demand":31,"DemandMax":null,"Value":432},{"Length":39,"Height":11,"Demand":22,"DemandMax":null,"Value":429},{"Length":26,"Height":16,"Demand":28,"DemandMax":null,"Value":416},{"Length":30,"Height":11,"Demand":23,"DemandMax":null,"Value":330},{"Length":19,"Height":12,"Demand":24,"DemandMax":null,"Value":228},{"Length":22,"Height":10,"Demand":28,"DemandMax":null,"Value":220},{"Length":17,"Height":10,"Demand":28,"DemandMax":null,"Value":170}]}