{"Name":"MB08_107","Objects":[{"Length":587,"Height":233,"Stock":null,"Cost":136771}],"Items":[{"Length":60,"Height":49,"Demand":4,"DemandMax":null,"Value":2940},{"Length":57,"Height":50,"Demand":1,"DemandMax":null,"Value":2850},{"Length":55,"Height":49,"Demand":2,"DemandMax":null,"Value":2695},{"Length":56,"Height":47,"Demand":2,"DemandMax":null,"Value":2632},{"Length":51,"Height":50,"Demand":4,"DemandMax":null,"Value":2550},{"Length":56,"Height":44,"Demand":2,"DemandMax":null,"Value":2464},{"Length":54,"Height":44,"Demand":3,"DemandMax":null,"Value":2376},{"Length":49,"Height":48,"Demand":3,"DemandMax":null,"Value":2352},{"Length":49,"Height":46,"Demand":1,"DemandMax":null,"Value":2254},{"Length":50,"Height":45,"Demand":3,"DemandMax":null,"Value":2250},{"Length":53,"Height":42,"Demand":2,"DemandMax":null,"Value":2226},{"Length":57,"Height":38,"Demand":5,"DemandMax":null,"Value":2166},{"Length":60,"Height":36,"Demand":1,"DemandMax":null,"Value":2160},{"Length":49,"Height":43,"Demand":6,"DemandMax":null,"Value":2107},{"Length":46,"Height":45,"Demand":4,"DemandMax":null,"Value":2070},{"Length":47,"Height":44,"Demand":2,"DemandMax":null,"Value":2068},{"Length":55,"Height":37,"Demand":4,"DemandMax":null,"Value":2035},{"Length":58,"Height":35,"Demand":2,"DemandMax":null,"Value":2030},{"Length":52,"Height":39,"Demand":3,"DemandMax":null,"Value":2028},{"Length":47,"Height":43,"Demand":2,"DemandMax":null,"Value":2021},{"Length":56,"Height":36,"Demand":3,"DemandMax":null,"Value":2016},{"Length":59,"Height":34,"Demand":1,"DemandMax":null,"Value":2006},{"Length":60,"Height":33,"Demand":1,"DemandMax":null,"Value":1980},{"Length":55,"Height":36,"Demand":2,"DemandMax":null,"Value":1980},{"Length":56,"Height":35,"Demand":2,"DemandMax":null,"Value":1960},{"Length":49,"Height":40,"Demand":7,"DemandMax":null,"Value":1960},{"Length":50,"Height":39,"Demand":3,"DemandMax":null,"Value":1950},{"Length":51,"Height":38,"Demand":2,"DemandMax":null,"Value":1938},{"Length":47,"Height":41,"Demand":3,"DemandMax":null,"Value":1927},{"Length":52,"Height":37,"Demand":1,"DemandMax":null,"Value":1924},{"Length":48,"Height":40,"Demand":3,"DemandMax":null,"Value":1920},{"Length":56,"Height":34,"Demand":2,"DemandMax":null,"Value":1904},{"Length":54,"Height":35,"Demand":3,"DemandMax":null,"Value":1890},{"Length":45,"Height":42,"Demand":1,"DemandMax":null,"Value":1890},{"Length":49,"Height":38,"Demand":6,"DemandMax":null,"Value":1862},{"Length":53,"Height":35,"Demand":2,"DemandMax":null,"Value":1855},{"Length":54,"Height":34,"Demand":4,"DemandMax":null,"Value":1836},{"Length":48,"Height":38,"Demand":4,"DemandMax":null,"Value":1824},{"Length":60,"Height":30,"Demand":3,"DemandMax":null,"Value":1800},{"Length":47,"Height":38,"Demand":2,"DemandMax":null,"Value":1786},{"Length":49,"Height":36,"Demand":5,"DemandMax":null,"Value":1764},{"Length":44,"Height":40,"Demand":1,"DemandMax":null,"Value":1760},{"Length":53,"Height":33,"Demand":2,"DemandMax":null,"Value":1749},{"Length":46,"Height":38,"Demand":2,"DemandMax":null,"Value":1748},{"Length":58,"Height":30,"Demand":3,"DemandMax":null,"Value":1740},{"Length":48,"Height":36,"Demand":2,"DemandMax":null,"Value":1728},{"Length":43,"Height":40,"Demand":3,"DemandMax":null,"Value":1720},{"Length":49,"Height":35,"Demand":1,"DemandMax":null,"Value":1715},{"Length":53,"Height":32,"Demand":3,"DemandMax":null,"Value":1696},{"Length":49,"Height":34,"Demand":2,"DemandMax":null,"Value":1666},{"Length":45,"Height":37,"Demand":4,"DemandMax":null,"Value":1665},{"Length":52,"Height":32,"Demand":3,"DemandMax":null,"Value":1664},{"Length":59,"Height":28,"Demand":4,"DemandMax":null,"Value":1652},{"Length":47,"Height":35,"Demand":4,"DemandMax":null,"Value":1645},{"Length":42,"Height":39,"Demand":6,"DemandMax":null,"Value":1638},{"Length":48,"Height":34,"Demand":1,"DemandMax":null,"Value":1632},{"Length":51,"Height":32,"Demand":1,"DemandMax":null,"Value":1632},{"Length":60,"Height":27,"Demand":4,"DemandMax":null,"Value":1620},{"Length":49,"Height":33,"Demand":3,"DemandMax":null,"Value":1617},{"Length":41,"Height":39,"Demand":5,"DemandMax":null,"Value":1599},{"Length":47,"Height":34,"Demand":4,"DemandMax":null,"Value":1598},{"Length":51,"Height":31,"Demand":2,"DemandMax":null,"Value":1581},{"Length":45,"Height":35,"Demand":3,"DemandMax":null,"Value":1575},{"Length":49,"Height":32,"Demand":4,"DemandMax":null,"Value":1568},{"Length":54,"Height":29,"Demand":1,"DemandMax":null,"Value":1566},{"Length":46,"Height":34,"Demand":2,"DemandMax":null,"Value":1564},{"Length":40,"Height":39,"Demand":1,"DemandMax":null,"Value":1560},{"Length":41,"Height":38,"Demand":3,"DemandMax":null,"Value":1558},{"Length":42,"Height":37,"Demand":5,"DemandMax":null,"Value":1554},{"Length":47,"Height":33,"Demand":5,"DemandMax":null,"Value":1551},{"Length":50,"Height":31,"Demand":3,"DemandMax":null,"Value":1550},{"Length":55,"Height":28,"Demand":2,"DemandMax":null,"Value":1540},{"Length":44,"Height":35,"Demand":5,"DemandMax":null,"Value":1540},{"Length":57,"Height":27,"Demand":3,"DemandMax":null,"Value":1539},{"Length":49,"Height":31,"Demand":2,"DemandMax":null,"Value":1519},{"Length":46,"Height":33,"Demand":2,"DemandMax":null,"Value":1518},{"Length":57,"Height":26,"Demand":7,"DemandMax":null,"Value":1482},{"Length":51,"Height":29,"Demand":1,"DemandMax":null,"Value":1479},{"Length":42,"Height":35,"Demand":4,"DemandMax":null,"Value":1470},{"Length":54,"Height":27,"Demand":7,"DemandMax":null,"Value":1458},{"Length":56,"Height":26,"Demand":3,"DemandMax":null,"Value":1456},{"Length":44,"Height":33,"Demand":4,"DemandMax":null,"Value":1452},{"Length":58,"Height":25,"Demand":3,"DemandMax":null,"Value":1450},{"Length":38,"Height":38,"Demand":1,"DemandMax":null,"Value":1444},{"Length":39,"Height":37,"Demand":3,"DemandMax":null,"Value":1443},{"Length":40,"Height":36,"Demand":10,"DemandMax":null,"Value":1440},{"Length":45,"Height":32,"Demand":4,"DemandMax":null,"Value":1440},{"Length":48,"Height":30,"Demand":4,"DemandMax":null,"Value":1440},{"Length":46,"Height":31,"Demand":2,"DemandMax":null,"Value":1426},{"Length":59,"Height":24,"Demand":3,"DemandMax":null,"Value":1416},{"Length":47,"Height":30,"Demand":5,"DemandMax":null,"Value":1410},{"Length":44,"Height":32,"Demand":4,"DemandMax":null,"Value":1408},{"Length":39,"Height":36,"Demand":2,"DemandMax":null,"Value":1404},{"Length":58,"Height":24,"Demand":1,"DemandMax":null,"Value":1392},{"Length":42,"Height":33,"Demand":2,"DemandMax":null,"Value":1386},{"Length":43,"Height":32,"Demand":2,"DemandMax":null,"Value":1376},{"Length":49,"Height":28,"Demand":2,"DemandMax":null,"Value":1372},{"Length":39,"Height":35,"Demand":3,"DemandMax":null,"Value":1365},{"Length":44,"Height":31,"Demand":1,"DemandMax":null,"Value":1364},{"Length":47,"Height":29,"Demand":3,"DemandMax":null,"Value":1363},{"Length":40,"Height":34,"Demand":2,"DemandMax":null,"Value":1360},{"Length":54,"Height":25,"Demand":2,"DemandMax":null,"Value":1350},{"Length":50,"Height":27,"Demand":2,"DemandMax":null,"Value":1350},{"Length":42,"Height":32,"Demand":3,"DemandMax":null,"Value":1344},{"Length":46,"Height":29,"Demand":4,"DemandMax":null,"Value":1334},{"Length":37,"Height":36,"Demand":2,"DemandMax":null,"Value":1332},{"Length":38,"Height":35,"Demand":3,"DemandMax":null,"Value":1330},{"Length":51,"Height":26,"Demand":2,"DemandMax":null,"Value":1326},{"Length":41,"Height":32,"Demand":2,"DemandMax":null,"Value":1312},{"Length":45,"Height":29,"Demand":2,"DemandMax":null,"Value":1305},{"Length":42,"Height":31,"Demand":4,"DemandMax":null,"Value":1302},{"Length":50,"Height":26,"Demand":7,"DemandMax":null,"Value":1300},{"Length":52,"Height":25,"Demand":3,"DemandMax":null,"Value":1300},{"Length":54,"Height":24,"Demand":6,"DemandMax":null,"Value":1296},{"Length":36,"Height":36,"Demand":2,"DemandMax":null,"Value":1296},{"Length":48,"Height":27,"Demand":1,"DemandMax":null,"Value":1296},{"Length":37,"Height":35,"Demand":3,"DemandMax":null,"Value":1295},{"Length":43,"Height":30,"Demand":3,"DemandMax":null,"Value":1290},{"Length":39,"Height":33,"Demand":1,"DemandMax":null,"Value":1287},{"Length":44,"Height":29,"Demand":3,"DemandMax":null,"Value":1276},{"Length":55,"Height":23,"Demand":2,"DemandMax":null,"Value":1265},{"Length":45,"Height":28,"Demand":2,"DemandMax":null,"Value":1260},{"Length":57,"Height":22,"Demand":4,"DemandMax":null,"Value":1254},{"Length":39,"Height":32,"Demand":1,"DemandMax":null,"Value":1248},{"Length":43,"Height":29,"Demand":2,"DemandMax":null,"Value":1247},{"Length":54,"Height":23,"Demand":5,"DemandMax":null,"Value":1242},{"Length":46,"Height":27,"Demand":2,"DemandMax":null,"Value":1242},{"Length":40,"Height":31,"Demand":4,"DemandMax":null,"Value":1240},{"Length":41,"Height":30,"Demand":1,"DemandMax":null,"Value":1230},{"Length":49,"Height":25,"Demand":3,"DemandMax":null,"Value":1225},{"Length":36,"Height":34,"Demand":6,"DemandMax":null,"Value":1224},{"Length":47,"Height":26,"Demand":3,"DemandMax":null,"Value":1222},{"Length":37,"Height":33,"Demand":2,"DemandMax":null,"Value":1221},{"Length":42,"Height":29,"Demand":1,"DemandMax":null,"Value":1218},{"Length":38,"Height":32,"Demand":2,"DemandMax":null,"Value":1216},{"Length":50,"Height":24,"Demand":1,"DemandMax":null,"Value":1200},{"Length":57,"Height":21,"Demand":2,"DemandMax":null,"Value":1197},{"Length":46,"Height":26,"Demand":4,"DemandMax":null,"Value":1196},{"Length":44,"Height":27,"Demand":6,"DemandMax":null,"Value":1188},{"Length":37,"Height":32,"Demand":1,"DemandMax":null,"Value":1184},{"Length":59,"Height":20,"Demand":2,"DemandMax":null,"Value":1180},{"Length":38,"Height":31,"Demand":3,"DemandMax":null,"Value":1178},{"Length":42,"Height":28,"Demand":2,"DemandMax":null,"Value":1176},{"Length":47,"Height":25,"Demand":1,"DemandMax":null,"Value":1175},{"Length":53,"Height":22,"Demand":1,"DemandMax":null,"Value":1166},{"Length":43,"Height":27,"Demand":4,"DemandMax":null,"Value":1161},{"Length":40,"Height":29,"Demand":4,"DemandMax":null,"Value":1160},{"Length":34,"Height":34,"Demand":3,"DemandMax":null,"Value":1156},{"Length":35,"Height":33,"Demand":1,"DemandMax":null,"Value":1155},{"Length":50,"Height":23,"Demand":1,"DemandMax":null,"Value":1150},{"Length":46,"Height":25,"Demand":1,"DemandMax":null,"Value":1150},{"Length":37,"Height":31,"Demand":4,"DemandMax":null,"Value":1147},{"Length":52,"Height":22,"Demand":1,"DemandMax":null,"Value":1144},{"Length":44,"Height":26,"Demand":4,"DemandMax":null,"Value":1144},{"Length":60,"Height":19,"Demand":1,"DemandMax":null,"Value":1140},{"Length":39,"Height":29,"Demand":3,"DemandMax":null,"Value":1131},{"Length":47,"Height":24,"Demand":2,"DemandMax":null,"Value":1128},{"Length":49,"Height":23,"Demand":1,"DemandMax":null,"Value":1127},{"Length":45,"Height":25,"Demand":3,"DemandMax":null,"Value":1125},{"Length":34,"Height":33,"Demand":3,"DemandMax":null,"Value":1122},{"Length":35,"Height":32,"Demand":4,"DemandMax":null,"Value":1120},{"Length":56,"Height":20,"Demand":1,"DemandMax":null,"Value":1120},{"Length":40,"Height":28,"Demand":1,"DemandMax":null,"Value":1120},{"Length":43,"Height":26,"Demand":4,"DemandMax":null,"Value":1118},{"Length":48,"Height":23,"Demand":4,"DemandMax":null,"Value":1104},{"Length":44,"Height":25,"Demand":8,"DemandMax":null,"Value":1100},{"Length":55,"Height":20,"Demand":5,"DemandMax":null,"Value":1100},{"Length":42,"Height":26,"Demand":3,"DemandMax":null,"Value":1092},{"Length":39,"Height":28,"Demand":2,"DemandMax":null,"Value":1092},{"Length":33,"Height":33,"Demand":6,"DemandMax":null,"Value":1089},{"Length":34,"Height":32,"Demand":2,"DemandMax":null,"Value":1088},{"Length":35,"Height":31,"Demand":2,"DemandMax":null,"Value":1085},{"Length":45,"Height":24,"Demand":4,"DemandMax":null,"Value":1080},{"Length":51,"Height":21,"Demand":4,"DemandMax":null,"Value":1071},{"Length":56,"Height":19,"Demand":6,"DemandMax":null,"Value":1064},{"Length":59,"Height":18,"Demand":7,"DemandMax":null,"Value":1062},{"Length":46,"Height":23,"Demand":4,"DemandMax":null,"Value":1058},{"Length":44,"Height":24,"Demand":3,"DemandMax":null,"Value":1056},{"Length":42,"Height":25,"Demand":2,"DemandMax":null,"Value":1050},{"Length":40,"Height":26,"Demand":3,"DemandMax":null,"Value":1040},{"Length":37,"Height":28,"Demand":1,"DemandMax":null,"Value":1036},{"Length":45,"Height":23,"Demand":3,"DemandMax":null,"Value":1035},{"Length":43,"Height":24,"Demand":2,"DemandMax":null,"Value":1032},{"Length":57,"Height":18,"Demand":3,"DemandMax":null,"Value":1026},{"Length":38,"Height":27,"Demand":3,"DemandMax":null,"Value":1026},{"Length":41,"Height":25,"Demand":2,"DemandMax":null,"Value":1025},{"Length":32,"Height":32,"Demand":2,"DemandMax":null,"Value":1024},{"Length":46,"Height":22,"Demand":2,"DemandMax":null,"Value":1012},{"Length":56,"Height":18,"Demand":3,"DemandMax":null,"Value":1008},{"Length":50,"Height":20,"Demand":1,"DemandMax":null,"Value":1000},{"Length":37,"Height":27,"Demand":2,"DemandMax":null,"Value":999},{"Length":32,"Height":31,"Demand":3,"DemandMax":null,"Value":992},{"Length":33,"Height":30,"Demand":2,"DemandMax":null,"Value":990},{"Length":34,"Height":29,"Demand":2,"DemandMax":null,"Value":986},{"Length":58,"Height":17,"Demand":3,"DemandMax":null,"Value":986},{"Length":41,"Height":24,"Demand":2,"DemandMax":null,"Value":984},{"Length":49,"Height":20,"Demand":3,"DemandMax":null,"Value":980},{"Length":39,"Height":25,"Demand":3,"DemandMax":null,"Value":975},{"Length":44,"Height":22,"Demand":2,"DemandMax":null,"Value":968},{"Length":37,"Height":26,"Demand":2,"DemandMax":null,"Value":962},{"Length":40,"Height":24,"Demand":4,"DemandMax":null,"Value":960},{"Length":33,"Height":29,"Demand":2,"DemandMax":null,"Value":957},{"Length":53,"Height":18,"Demand":1,"DemandMax":null,"Value":954},{"Length":34,"Height":28,"Demand":6,"DemandMax":null,"Value":952},{"Length":56,"Height":17,"Demand":3,"DemandMax":null,"Value":952},{"Length":38,"Height":25,"Demand":2,"DemandMax":null,"Value":950},{"Length":35,"Height":27,"Demand":1,"DemandMax":null,"Value":945},{"Length":45,"Height":21,"Demand":2,"DemandMax":null,"Value":945},{"Length":59,"Height":16,"Demand":4,"DemandMax":null,"Value":944},{"Length":52,"Height":18,"Demand":1,"DemandMax":null,"Value":936},{"Length":39,"Height":24,"Demand":5,"DemandMax":null,"Value":936},{"Length":36,"Height":26,"Demand":1,"DemandMax":null,"Value":936},{"Length":31,"Height":30,"Demand":3,"DemandMax":null,"Value":930},{"Length":42,"Height":22,"Demand":8,"DemandMax":null,"Value":924},{"Length":33,"Height":28,"Demand":3,"DemandMax":null,"Value":924},{"Length":34,"Height":27,"Demand":2,"DemandMax":null,"Value":918},{"Length":38,"Height":24,"Demand":3,"DemandMax":null,"Value":912},{"Length":45,"Height":20,"Demand":1,"DemandMax":null,"Value":900},{"Length":31,"Height":29,"Demand":2,"DemandMax":null,"Value":899},{"Length":39,"Height":23,"Demand":2,"DemandMax":null,"Value":897},{"Length":47,"Height":19,"Demand":5,"DemandMax":null,"Value":893},{"Length":34,"Height":26,"Demand":3,"DemandMax":null,"Value":884},{"Length":49,"Height":18,"Demand":6,"DemandMax":null,"Value":882},{"Length":42,"Height":21,"Demand":5,"DemandMax":null,"Value":882},{"Length":35,"Height":25,"Demand":5,"DemandMax":null,"Value":875},{"Length":38,"Height":23,"Demand":1,"DemandMax":null,"Value":874},{"Length":31,"Height":28,"Demand":1,"DemandMax":null,"Value":868},{"Length":36,"Height":24,"Demand":4,"DemandMax":null,"Value":864},{"Length":32,"Height":27,"Demand":4,"DemandMax":null,"Value":864},{"Length":33,"Height":26,"Demand":1,"DemandMax":null,"Value":858},{"Length":45,"Height":19,"Demand":3,"DemandMax":null,"Value":855},{"Length":47,"Height":18,"Demand":2,"DemandMax":null,"Value":846},{"Length":42,"Height":20,"Demand":2,"DemandMax":null,"Value":840},{"Length":35,"Height":24,"Demand":3,"DemandMax":null,"Value":840},{"Length":31,"Height":27,"Demand":6,"DemandMax":null,"Value":837},{"Length":49,"Height":17,"Demand":3,"DemandMax":null,"Value":833},{"Length":32,"Height":26,"Demand":4,"DemandMax":null,"Value":832},{"Length":46,"Height":18,"Demand":4,"DemandMax":null,"Value":828},{"Length":59,"Height":14,"Demand":2,"DemandMax":null,"Value":826},{"Length":33,"Height":25,"Demand":2,"DemandMax":null,"Value":825},{"Length":41,"Height":20,"Demand":2,"DemandMax":null,"Value":820},{"Length":48,"Height":17,"Demand":1,"DemandMax":null,"Value":816},{"Length":37,"Height":22,"Demand":1,"DemandMax":null,"Value":814},{"Length":30,"Height":27,"Demand":4,"DemandMax":null,"Value":810},{"Length":45,"Height":18,"Demand":2,"DemandMax":null,"Value":810},{"Length":35,"Height":23,"Demand":1,"DemandMax":null,"Value":805},{"Length":32,"Height":25,"Demand":1,"DemandMax":null,"Value":800},{"Length":47,"Height":17,"Demand":6,"DemandMax":null,"Value":799},{"Length":38,"Height":21,"Demand":2,"DemandMax":null,"Value":798},{"Length":44,"Height":18,"Demand":3,"DemandMax":null,"Value":792},{"Length":56,"Height":14,"Demand":1,"DemandMax":null,"Value":784},{"Length":39,"Height":20,"Demand":3,"DemandMax":null,"Value":780},{"Length":52,"Height":15,"Demand":2,"DemandMax":null,"Value":780},{"Length":60,"Height":13,"Demand":3,"DemandMax":null,"Value":780},{"Length":31,"Height":25,"Demand":3,"DemandMax":null,"Value":775},{"Length":55,"Height":14,"Demand":4,"DemandMax":null,"Value":770},{"Length":32,"Height":24,"Demand":3,"DemandMax":null,"Value":768},{"Length":48,"Height":16,"Demand":2,"DemandMax":null,"Value":768},{"Length":40,"Height":19,"Demand":2,"DemandMax":null,"Value":760},{"Length":33,"Height":23,"Demand":4,"DemandMax":null,"Value":759},{"Length":36,"Height":21,"Demand":1,"DemandMax":null,"Value":756},{"Length":42,"Height":18,"Demand":4,"DemandMax":null,"Value":756},{"Length":29,"Height":26,"Demand":2,"DemandMax":null,"Value":754},{"Length":58,"Height":13,"Demand":1,"DemandMax":null,"Value":754},{"Length":30,"Height":25,"Demand":4,"DemandMax":null,"Value":750},{"Length":34,"Height":22,"Demand":6,"DemandMax":null,"Value":748},{"Length":41,"Height":18,"Demand":1,"DemandMax":null,"Value":738},{"Length":46,"Height":16,"Demand":2,"DemandMax":null,"Value":736},{"Length":35,"Height":21,"Demand":2,"DemandMax":null,"Value":735},{"Length":49,"Height":15,"Demand":2,"DemandMax":null,"Value":735},{"Length":56,"Height":13,"Demand":4,"DemandMax":null,"Value":728},{"Length":33,"Height":22,"Demand":5,"DemandMax":null,"Value":726},{"Length":36,"Height":20,"Demand":6,"DemandMax":null,"Value":720},{"Length":40,"Height":18,"Demand":2,"DemandMax":null,"Value":720},{"Length":34,"Height":21,"Demand":2,"DemandMax":null,"Value":714},{"Length":32,"Height":22,"Demand":3,"DemandMax":null,"Value":704},{"Length":37,"Height":19,"Demand":1,"DemandMax":null,"Value":703},{"Length":27,"Height":26,"Demand":3,"DemandMax":null,"Value":702},{"Length":50,"Height":14,"Demand":1,"DemandMax":null,"Value":700},{"Length":41,"Height":17,"Demand":2,"DemandMax":null,"Value":697},{"Length":30,"Height":23,"Demand":1,"DemandMax":null,"Value":690},{"Length":46,"Height":15,"Demand":1,"DemandMax":null,"Value":690},{"Length":53,"Height":13,"Demand":1,"DemandMax":null,"Value":689},{"Length":49,"Height":14,"Demand":4,"DemandMax":null,"Value":686},{"Length":38,"Height":18,"Demand":4,"DemandMax":null,"Value":684},{"Length":40,"Height":17,"Demand":5,"DemandMax":null,"Value":680},{"Length":34,"Height":20,"Demand":5,"DemandMax":null,"Value":680},{"Length":26,"Height":26,"Demand":4,"DemandMax":null,"Value":676},{"Length":28,"Height":24,"Demand":4,"DemandMax":null,"Value":672},{"Length":29,"Height":23,"Demand":1,"DemandMax":null,"Value":667},{"Length":35,"Height":19,"Demand":2,"DemandMax":null,"Value":665},{"Length":51,"Height":13,"Demand":2,"DemandMax":null,"Value":663},{"Length":33,"Height":20,"Demand":7,"DemandMax":null,"Value":660},{"Length":60,"Height":11,"Demand":4,"DemandMax":null,"Value":660},{"Length":47,"Height":14,"Demand":4,"DemandMax":null,"Value":658},{"Length":41,"Height":16,"Demand":4,"DemandMax":null,"Value":656},{"Length":38,"Height":17,"Demand":5,"DemandMax":null,"Value":646},{"Length":34,"Height":19,"Demand":7,"DemandMax":null,"Value":646},{"Length":28,"Height":23,"Demand":3,"DemandMax":null,"Value":644},{"Length":40,"Height":16,"Demand":1,"DemandMax":null,"Value":640},{"Length":32,"Height":20,"Demand":4,"DemandMax":null,"Value":640},{"Length":29,"Height":22,"Demand":2,"DemandMax":null,"Value":638},{"Length":49,"Height":13,"Demand":1,"DemandMax":null,"Value":637},{"Length":33,"Height":19,"Demand":4,"DemandMax":null,"Value":627},{"Length":25,"Height":25,"Demand":3,"DemandMax":null,"Value":625},{"Length":48,"Height":13,"Demand":3,"DemandMax":null,"Value":624},{"Length":52,"Height":12,"Demand":3,"DemandMax":null,"Value":624},{"Length":27,"Height":23,"Demand":3,"DemandMax":null,"Value":621},{"Length":56,"Height":11,"Demand":5,"DemandMax":null,"Value":616},{"Length":44,"Height":14,"Demand":2,"DemandMax":null,"Value":616},{"Length":51,"Height":12,"Demand":3,"DemandMax":null,"Value":612},{"Length":34,"Height":18,"Demand":6,"DemandMax":null,"Value":612},{"Length":36,"Height":17,"Demand":5,"DemandMax":null,"Value":612},{"Length":43,"Height":14,"Demand":2,"DemandMax":null,"Value":602},{"Length":40,"Height":15,"Demand":7,"DemandMax":null,"Value":600},{"Length":30,"Height":20,"Demand":2,"DemandMax":null,"Value":600},{"Length":26,"Height":23,"Demand":4,"DemandMax":null,"Value":598},{"Length":31,"Height":19,"Demand":5,"DemandMax":null,"Value":589},{"Length":42,"Height":14,"Demand":5,"DemandMax":null,"Value":588},{"Length":39,"Height":15,"Demand":5,"DemandMax":null,"Value":585},{"Length":29,"Height":20,"Demand":5,"DemandMax":null,"Value":580},{"Length":24,"Height":24,"Demand":3,"DemandMax":null,"Value":576},{"Length":36,"Height":16,"Demand":1,"DemandMax":null,"Value":576},{"Length":25,"Height":23,"Demand":2,"DemandMax":null,"Value":575},{"Length":57,"Height":10,"Demand":2,"DemandMax":null,"Value":570},{"Length":30,"Height":19,"Demand":5,"DemandMax":null,"Value":570},{"Length":38,"Height":15,"Demand":4,"DemandMax":null,"Value":570},{"Length":33,"Height":17,"Demand":2,"DemandMax":null,"Value":561},{"Length":51,"Height":11,"Demand":3,"DemandMax":null,"Value":561},{"Length":28,"Height":20,"Demand":3,"DemandMax":null,"Value":560},{"Length":31,"Height":18,"Demand":1,"DemandMax":null,"Value":558},{"Length":37,"Height":15,"Demand":1,"DemandMax":null,"Value":555},{"Length":29,"Height":19,"Demand":5,"DemandMax":null,"Value":551},{"Length":25,"Height":22,"Demand":1,"DemandMax":null,"Value":550},{"Length":26,"Height":21,"Demand":3,"DemandMax":null,"Value":546},{"Length":42,"Height":13,"Demand":4,"DemandMax":null,"Value":546},{"Length":32,"Height":17,"Demand":3,"DemandMax":null,"Value":544},{"Length":34,"Height":16,"Demand":4,"DemandMax":null,"Value":544},{"Length":45,"Height":12,"Demand":1,"DemandMax":null,"Value":540},{"Length":36,"Height":15,"Demand":1,"DemandMax":null,"Value":540},{"Length":27,"Height":20,"Demand":1,"DemandMax":null,"Value":540},{"Length":49,"Height":11,"Demand":1,"DemandMax":null,"Value":539},{"Length":41,"Height":13,"Demand":1,"DemandMax":null,"Value":533},{"Length":24,"Height":22,"Demand":6,"DemandMax":null,"Value":528},{"Length":31,"Height":17,"Demand":3,"DemandMax":null,"Value":527},{"Length":35,"Height":15,"Demand":1,"DemandMax":null,"Value":525},{"Length":52,"Height":10,"Demand":2,"DemandMax":null,"Value":520},{"Length":40,"Height":13,"Demand":1,"DemandMax":null,"Value":520},{"Length":43,"Height":12,"Demand":4,"DemandMax":null,"Value":516},{"Length":27,"Height":19,"Demand":1,"DemandMax":null,"Value":513},{"Length":32,"Height":16,"Demand":1,"DemandMax":null,"Value":512},{"Length":30,"Height":17,"Demand":2,"DemandMax":null,"Value":510},{"Length":24,"Height":21,"Demand":4,"DemandMax":null,"Value":504},{"Length":38,"Height":13,"Demand":2,"DemandMax":null,"Value":494},{"Length":41,"Height":12,"Demand":2,"DemandMax":null,"Value":492},{"Length":49,"Height":10,"Demand":2,"DemandMax":null,"Value":490},{"Length":23,"Height":21,"Demand":2,"DemandMax":null,"Value":483},{"Length":40,"Height":12,"Demand":4,"DemandMax":null,"Value":480},{"Length":24,"Height":20,"Demand":2,"DemandMax":null,"Value":480},{"Length":32,"Height":15,"Demand":3,"DemandMax":null,"Value":480},{"Length":28,"Height":17,"Demand":3,"DemandMax":null,"Value":476},{"Length":25,"Height":19,"Demand":1,"DemandMax":null,"Value":475},{"Length":43,"Height":11,"Demand":2,"DemandMax":null,"Value":473},{"Length":26,"Height":18,"Demand":4,"DemandMax":null,"Value":468},{"Length":39,"Height":12,"Demand":3,"DemandMax":null,"Value":468},{"Length":24,"Height":19,"Demand":4,"DemandMax":null,"Value":456},{"Length":35,"Height":13,"Demand":4,"DemandMax":null,"Value":455},{"Length":28,"Height":16,"Demand":1,"DemandMax":null,"Value":448},{"Length":26,"Height":17,"Demand":5,"DemandMax":null,"Value":442},{"Length":21,"Height":21,"Demand":6,"DemandMax":null,"Value":441},{"Length":22,"Height":20,"Demand":2,"DemandMax":null,"Value":440},{"Length":23,"Height":19,"Demand":2,"DemandMax":null,"Value":437},{"Length":31,"Height":14,"Demand":5,"DemandMax":null,"Value":434},{"Length":24,"Height":18,"Demand":2,"DemandMax":null,"Value":432},{"Length":36,"Height":12,"Demand":3,"DemandMax":null,"Value":432},{"Length":33,"Height":13,"Demand":3,"DemandMax":null,"Value":429},{"Length":22,"Height":19,"Demand":2,"DemandMax":null,"Value":418},{"Length":29,"Height":14,"Demand":5,"DemandMax":null,"Value":406},{"Length":27,"Height":15,"Demand":5,"DemandMax":null,"Value":405},{"Length":31,"Height":13,"Demand":1,"DemandMax":null,"Value":403},{"Length":20,"Height":20,"Demand":5,"DemandMax":null,"Value":400},{"Length":21,"Height":19,"Demand":4,"DemandMax":null,"Value":399},{"Length":22,"Height":18,"Demand":5,"DemandMax":null,"Value":396},{"Length":23,"Height":17,"Demand":4,"DemandMax":null,"Value":391},{"Length":30,"Height":13,"Demand":1,"DemandMax":null,"Value":390},{"Length":26,"Height":15,"Demand":2,"DemandMax":null,"Value":390},{"Length":24,"Height":16,"Demand":2,"DemandMax":null,"Value":384},{"Length":27,"Height":14,"Demand":6,"DemandMax":null,"Value":378},{"Length":21,"Height":18,"Demand":1,"DemandMax":null,"Value":378},{"Length":22,"Height":17,"Demand":6,"DemandMax":null,"Value":374},{"Length":34,"Height":11,"Demand":1,"DemandMax":null,"Value":374},{"Length":31,"Height":12,"Demand":3,"DemandMax":null,"Value":372},{"Length":37,"Height":10,"Demand":4,"DemandMax":null,"Value":370},{"Length":23,"Height":16,"Demand":3,"DemandMax":null,"Value":368},{"Length":19,"Height":19,"Demand":2,"DemandMax":null,"Value":361},{"Length":20,"Height":18,"Demand":2,"DemandMax":null,"Value":360},{"Length":24,"Height":15,"Demand":3,"DemandMax":null,"Value":360},{"Length":22,"Height":16,"Demand":6,"DemandMax":null,"Value":352},{"Length":27,"Height":13,"Demand":1,"DemandMax":null,"Value":351},{"Length":31,"Height":11,"Demand":3,"DemandMax":null,"Value":341},{"Length":24,"Height":14,"Demand":3,"DemandMax":null,"Value":336},{"Length":30,"Height":11,"Demand":2,"DemandMax":null,"Value":330},{"Length":22,"Height":15,"Demand":1,"DemandMax":null,"Value":330},{"Length":25,"Height":13,"Demand":5,"DemandMax":null,"Value":325},{"Length":29,"Height":11,"Demand":1,"DemandMax":null,"Value":319},{"Length":21,"Height":15,"Demand":3,"DemandMax":null,"Value":315},{"Length":19,"Height":16,"Demand":4,"DemandMax":null,"Value":304},{"Length":30,"Height":10,"Demand":1,"DemandMax":null,"Value":300},{"Length":20,"Height":15,"Demand":2,"DemandMax":null,"Value":300},{"Length":22,"Height":13,"Demand":3,"DemandMax":null,"Value":286},{"Length":19,"Height":15,"Demand":3,"DemandMax":null,"Value":285},{"Length":23,"Height":12,"Demand":2,"DemandMax":null,"Value":276},{"Length":21,"Height":13,"Demand":3,"DemandMax":null,"Value":273},{"Length":17,"Height":16,"Demand":2,"DemandMax":null,"Value":272},{"Length":18,"Height":15,"Demand":3,"DemandMax":null,"Value":270},{"Length":22,"Height":12,"Demand":3,"DemandMax":null,"Value":264},{"Length":24,"Height":11,"Demand":3,"DemandMax":null,"Value":264},{"Length":21,"Height":12,"Demand":4,"DemandMax":null,"Value":252},{"Length":18,"Height":14,"Demand":2,"DemandMax":null,"Value":252},{"Length":19,"Height":13,"Demand":4,"DemandMax":null,"Value":247},{"Length":18,"Height":13,"Demand":3,"DemandMax":null,"Value":234},{"Length":19,"Height":12,"Demand":4,"DemandMax":null,"Value":228},{"Length":15,"Height":15,"Demand":2,"DemandMax":null,"Value":225},{"Length":16,"Height":14,"Demand":2,"DemandMax":null,"Value":224},{"Length":17,"Height":13,"Demand":2,"DemandMax":null,"Value":221},{"Length":18,"Height":12,"Demand":4,"DemandMax":null,"Value":216},{"Length":17,"Height":12,"Demand":2,"DemandMax":null,"Value":204},{"Length":20,"Height":10,"Demand":5,"DemandMax":null,"Value":200},{"Length":15,"Height":13,"Demand":2,"DemandMax":null,"Value":195},{"Length":15,"Height":12,"Demand":1,"DemandMax":null,"Value":180},{"Length":14,"Height":11,"Demand":1,"DemandMax":null,"Value":154}]}