{"Name":"MB08_130","Objects":[{"Length":587,"Height":233,"Stock":null,"Cost":136771}],"Items":[{"Length":59,"Height":47,"Demand":1,"DemandMax":null,"Value":2773},{"Length":60,"Height":46,"Demand":2,"DemandMax":null,"Value":2760},{"Length":58,"Height":47,"Demand":1,"DemandMax":null,"Value":2726},{"Length":60,"Height":45,"Demand":1,"DemandMax":null,"Value":2700},{"Length":57,"Height":47,"Demand":3,"DemandMax":null,"Value":2679},{"Length":58,"Height":46,"Demand":2,"DemandMax":null,"Value":2668},{"Length":55,"Height":47,"Demand":2,"DemandMax":null,"Value":2585},{"Length":51,"Height":50,"Demand":2,"DemandMax":null,"Value":2550},{"Length":52,"Height":49,"Demand":1,"DemandMax":null,"Value":2548},{"Length":55,"Height":46,"Demand":1,"DemandMax":null,"Value":2530},{"Length":60,"Height":42,"Demand":1,"DemandMax":null,"Value":2520},{"Length":51,"Height":49,"Demand":2,"DemandMax":null,"Value":2499},{"Length":56,"Height":44,"Demand":1,"DemandMax":null,"Value":2464},{"Length":55,"Height":42,"Demand":1,"DemandMax":null,"Value":2310},{"Length":59,"Height":39,"Demand":4,"DemandMax":null,"Value":2301},{"Length":57,"Height":40,"Demand":1,"DemandMax":null,"Value":2280},{"Length":51,"Height":44,"Demand":2,"DemandMax":null,"Value":2244},{"Length":59,"Height":38,"Demand":3,"DemandMax":null,"Value":2242},{"Length":53,"Height":42,"Demand":1,"DemandMax":null,"Value":2226},{"Length":57,"Height":39,"Demand":3,"DemandMax":null,"Value":2223},{"Length":47,"Height":47,"Demand":1,"DemandMax":null,"Value":2209},{"Length":49,"Height":45,"Demand":4,"DemandMax":null,"Value":2205},{"Length":50,"Height":44,"Demand":3,"DemandMax":null,"Value":2200},{"Length":56,"Height":39,"Demand":2,"DemandMax":null,"Value":2184},{"Length":59,"Height":37,"Demand":1,"DemandMax":null,"Value":2183},{"Length":59,"Height":36,"Demand":2,"DemandMax":null,"Value":2124},{"Length":47,"Height":45,"Demand":2,"DemandMax":null,"Value":2115},{"Length":57,"Height":37,"Demand":4,"DemandMax":null,"Value":2109},{"Length":46,"Height":45,"Demand":2,"DemandMax":null,"Value":2070},{"Length":53,"Height":39,"Demand":1,"DemandMax":null,"Value":2067},{"Length":59,"Height":35,"Demand":5,"DemandMax":null,"Value":2065},{"Length":50,"Height":41,"Demand":2,"DemandMax":null,"Value":2050},{"Length":60,"Height":34,"Demand":3,"DemandMax":null,"Value":2040},{"Length":55,"Height":37,"Demand":3,"DemandMax":null,"Value":2035},{"Length":47,"Height":43,"Demand":5,"DemandMax":null,"Value":2021},{"Length":54,"Height":37,"Demand":2,"DemandMax":null,"Value":1998},{"Length":51,"Height":39,"Demand":1,"DemandMax":null,"Value":1989},{"Length":48,"Height":41,"Demand":1,"DemandMax":null,"Value":1968},{"Length":49,"Height":40,"Demand":1,"DemandMax":null,"Value":1960},{"Length":50,"Height":39,"Demand":2,"DemandMax":null,"Value":1950},{"Length":54,"Height":36,"Demand":2,"DemandMax":null,"Value":1944},{"Length":57,"Height":34,"Demand":2,"DemandMax":null,"Value":1938},{"Length":44,"Height":44,"Demand":2,"DemandMax":null,"Value":1936},{"Length":55,"Height":35,"Demand":5,"DemandMax":null,"Value":1925},{"Length":52,"Height":37,"Demand":2,"DemandMax":null,"Value":1924},{"Length":48,"Height":40,"Demand":2,"DemandMax":null,"Value":1920},{"Length":58,"Height":33,"Demand":1,"DemandMax":null,"Value":1914},{"Length":49,"Height":39,"Demand":1,"DemandMax":null,"Value":1911},{"Length":59,"Height":32,"Demand":1,"DemandMax":null,"Value":1888},{"Length":57,"Height":33,"Demand":2,"DemandMax":null,"Value":1881},{"Length":45,"Height":41,"Demand":3,"DemandMax":null,"Value":1845},{"Length":46,"Height":40,"Demand":2,"DemandMax":null,"Value":1840},{"Length":51,"Height":36,"Demand":3,"DemandMax":null,"Value":1836},{"Length":47,"Height":39,"Demand":1,"DemandMax":null,"Value":1833},{"Length":52,"Height":35,"Demand":2,"DemandMax":null,"Value":1820},{"Length":55,"Height":33,"Demand":2,"DemandMax":null,"Value":1815},{"Length":43,"Height":42,"Demand":2,"DemandMax":null,"Value":1806},{"Length":53,"Height":34,"Demand":3,"DemandMax":null,"Value":1802},{"Length":50,"Height":36,"Demand":1,"DemandMax":null,"Value":1800},{"Length":45,"Height":40,"Demand":3,"DemandMax":null,"Value":1800},{"Length":51,"Height":35,"Demand":2,"DemandMax":null,"Value":1785},{"Length":49,"Height":36,"Demand":3,"DemandMax":null,"Value":1764},{"Length":43,"Height":41,"Demand":1,"DemandMax":null,"Value":1763},{"Length":47,"Height":37,"Demand":2,"DemandMax":null,"Value":1739},{"Length":56,"Height":31,"Demand":2,"DemandMax":null,"Value":1736},{"Length":48,"Height":36,"Demand":3,"DemandMax":null,"Value":1728},{"Length":43,"Height":40,"Demand":2,"DemandMax":null,"Value":1720},{"Length":52,"Height":33,"Demand":3,"DemandMax":null,"Value":1716},{"Length":44,"Height":39,"Demand":1,"DemandMax":null,"Value":1716},{"Length":49,"Height":35,"Demand":3,"DemandMax":null,"Value":1715},{"Length":46,"Height":37,"Demand":2,"DemandMax":null,"Value":1702},{"Length":48,"Height":35,"Demand":3,"DemandMax":null,"Value":1680},{"Length":44,"Height":38,"Demand":2,"DemandMax":null,"Value":1672},{"Length":52,"Height":32,"Demand":3,"DemandMax":null,"Value":1664},{"Length":46,"Height":36,"Demand":2,"DemandMax":null,"Value":1656},{"Length":57,"Height":29,"Demand":2,"DemandMax":null,"Value":1653},{"Length":55,"Height":30,"Demand":2,"DemandMax":null,"Value":1650},{"Length":47,"Height":35,"Demand":4,"DemandMax":null,"Value":1645},{"Length":41,"Height":40,"Demand":1,"DemandMax":null,"Value":1640},{"Length":42,"Height":39,"Demand":5,"DemandMax":null,"Value":1638},{"Length":48,"Height":34,"Demand":3,"DemandMax":null,"Value":1632},{"Length":58,"Height":28,"Demand":4,"DemandMax":null,"Value":1624},{"Length":46,"Height":35,"Demand":3,"DemandMax":null,"Value":1610},{"Length":50,"Height":32,"Demand":1,"DemandMax":null,"Value":1600},{"Length":40,"Height":40,"Demand":4,"DemandMax":null,"Value":1600},{"Length":42,"Height":38,"Demand":2,"DemandMax":null,"Value":1596},{"Length":43,"Height":37,"Demand":1,"DemandMax":null,"Value":1591},{"Length":48,"Height":33,"Demand":2,"DemandMax":null,"Value":1584},{"Length":58,"Height":27,"Demand":3,"DemandMax":null,"Value":1566},{"Length":41,"Height":38,"Demand":2,"DemandMax":null,"Value":1558},{"Length":42,"Height":37,"Demand":3,"DemandMax":null,"Value":1554},{"Length":44,"Height":35,"Demand":1,"DemandMax":null,"Value":1540},{"Length":48,"Height":32,"Demand":2,"DemandMax":null,"Value":1536},{"Length":51,"Height":30,"Demand":1,"DemandMax":null,"Value":1530},{"Length":39,"Height":39,"Demand":2,"DemandMax":null,"Value":1521},{"Length":40,"Height":38,"Demand":3,"DemandMax":null,"Value":1520},{"Length":49,"Height":31,"Demand":6,"DemandMax":null,"Value":1519},{"Length":41,"Height":37,"Demand":4,"DemandMax":null,"Value":1517},{"Length":42,"Height":36,"Demand":2,"DemandMax":null,"Value":1512},{"Length":56,"Height":27,"Demand":3,"DemandMax":null,"Value":1512},{"Length":50,"Height":30,"Demand":2,"DemandMax":null,"Value":1500},{"Length":44,"Height":34,"Demand":1,"DemandMax":null,"Value":1496},{"Length":48,"Height":31,"Demand":5,"DemandMax":null,"Value":1488},{"Length":45,"Height":33,"Demand":1,"DemandMax":null,"Value":1485},{"Length":53,"Height":28,"Demand":4,"DemandMax":null,"Value":1484},{"Length":39,"Height":38,"Demand":2,"DemandMax":null,"Value":1482},{"Length":40,"Height":37,"Demand":2,"DemandMax":null,"Value":1480},{"Length":51,"Height":29,"Demand":2,"DemandMax":null,"Value":1479},{"Length":41,"Height":36,"Demand":2,"DemandMax":null,"Value":1476},{"Length":59,"Height":25,"Demand":2,"DemandMax":null,"Value":1475},{"Length":46,"Height":32,"Demand":3,"DemandMax":null,"Value":1472},{"Length":42,"Height":35,"Demand":3,"DemandMax":null,"Value":1470},{"Length":49,"Height":30,"Demand":3,"DemandMax":null,"Value":1470},{"Length":43,"Height":34,"Demand":1,"DemandMax":null,"Value":1462},{"Length":54,"Height":27,"Demand":3,"DemandMax":null,"Value":1458},{"Length":56,"Height":26,"Demand":2,"DemandMax":null,"Value":1456},{"Length":48,"Height":30,"Demand":1,"DemandMax":null,"Value":1440},{"Length":45,"Height":32,"Demand":2,"DemandMax":null,"Value":1440},{"Length":42,"Height":34,"Demand":2,"DemandMax":null,"Value":1428},{"Length":51,"Height":28,"Demand":2,"DemandMax":null,"Value":1428},{"Length":59,"Height":24,"Demand":2,"DemandMax":null,"Value":1416},{"Length":47,"Height":30,"Demand":4,"DemandMax":null,"Value":1410},{"Length":44,"Height":32,"Demand":2,"DemandMax":null,"Value":1408},{"Length":39,"Height":36,"Demand":1,"DemandMax":null,"Value":1404},{"Length":52,"Height":27,"Demand":2,"DemandMax":null,"Value":1404},{"Length":40,"Height":35,"Demand":1,"DemandMax":null,"Value":1400},{"Length":42,"Height":33,"Demand":2,"DemandMax":null,"Value":1386},{"Length":46,"Height":30,"Demand":1,"DemandMax":null,"Value":1380},{"Length":53,"Height":26,"Demand":1,"DemandMax":null,"Value":1378},{"Length":43,"Height":32,"Demand":2,"DemandMax":null,"Value":1376},{"Length":49,"Height":28,"Demand":2,"DemandMax":null,"Value":1372},{"Length":37,"Height":37,"Demand":4,"DemandMax":null,"Value":1369},{"Length":47,"Height":29,"Demand":1,"DemandMax":null,"Value":1363},{"Length":40,"Height":34,"Demand":3,"DemandMax":null,"Value":1360},{"Length":41,"Height":33,"Demand":4,"DemandMax":null,"Value":1353},{"Length":50,"Height":27,"Demand":2,"DemandMax":null,"Value":1350},{"Length":45,"Height":30,"Demand":4,"DemandMax":null,"Value":1350},{"Length":48,"Height":28,"Demand":2,"DemandMax":null,"Value":1344},{"Length":58,"Height":23,"Demand":2,"DemandMax":null,"Value":1334},{"Length":43,"Height":31,"Demand":3,"DemandMax":null,"Value":1333},{"Length":37,"Height":36,"Demand":2,"DemandMax":null,"Value":1332},{"Length":53,"Height":25,"Demand":2,"DemandMax":null,"Value":1325},{"Length":49,"Height":27,"Demand":1,"DemandMax":null,"Value":1323},{"Length":47,"Height":28,"Demand":3,"DemandMax":null,"Value":1316},{"Length":57,"Height":23,"Demand":2,"DemandMax":null,"Value":1311},{"Length":50,"Height":26,"Demand":4,"DemandMax":null,"Value":1300},{"Length":37,"Height":35,"Demand":3,"DemandMax":null,"Value":1295},{"Length":38,"Height":34,"Demand":1,"DemandMax":null,"Value":1292},{"Length":43,"Height":30,"Demand":5,"DemandMax":null,"Value":1290},{"Length":46,"Height":28,"Demand":3,"DemandMax":null,"Value":1288},{"Length":39,"Height":33,"Demand":4,"DemandMax":null,"Value":1287},{"Length":41,"Height":31,"Demand":3,"DemandMax":null,"Value":1271},{"Length":47,"Height":27,"Demand":2,"DemandMax":null,"Value":1269},{"Length":37,"Height":34,"Demand":3,"DemandMax":null,"Value":1258},{"Length":38,"Height":33,"Demand":4,"DemandMax":null,"Value":1254},{"Length":50,"Height":25,"Demand":1,"DemandMax":null,"Value":1250},{"Length":43,"Height":29,"Demand":4,"DemandMax":null,"Value":1247},{"Length":46,"Height":27,"Demand":4,"DemandMax":null,"Value":1242},{"Length":54,"Height":23,"Demand":1,"DemandMax":null,"Value":1242},{"Length":40,"Height":31,"Demand":4,"DemandMax":null,"Value":1240},{"Length":44,"Height":28,"Demand":2,"DemandMax":null,"Value":1232},{"Length":36,"Height":34,"Demand":2,"DemandMax":null,"Value":1224},{"Length":53,"Height":23,"Demand":2,"DemandMax":null,"Value":1219},{"Length":58,"Height":21,"Demand":2,"DemandMax":null,"Value":1218},{"Length":38,"Height":32,"Demand":1,"DemandMax":null,"Value":1216},{"Length":45,"Height":27,"Demand":2,"DemandMax":null,"Value":1215},{"Length":39,"Height":31,"Demand":1,"DemandMax":null,"Value":1209},{"Length":40,"Height":30,"Demand":2,"DemandMax":null,"Value":1200},{"Length":48,"Height":25,"Demand":3,"DemandMax":null,"Value":1200},{"Length":60,"Height":20,"Demand":2,"DemandMax":null,"Value":1200},{"Length":57,"Height":21,"Demand":3,"DemandMax":null,"Value":1197},{"Length":52,"Height":23,"Demand":1,"DemandMax":null,"Value":1196},{"Length":41,"Height":29,"Demand":6,"DemandMax":null,"Value":1189},{"Length":36,"Height":33,"Demand":2,"DemandMax":null,"Value":1188},{"Length":37,"Height":32,"Demand":3,"DemandMax":null,"Value":1184},{"Length":42,"Height":28,"Demand":1,"DemandMax":null,"Value":1176},{"Length":56,"Height":21,"Demand":3,"DemandMax":null,"Value":1176},{"Length":47,"Height":25,"Demand":1,"DemandMax":null,"Value":1175},{"Length":45,"Height":26,"Demand":1,"DemandMax":null,"Value":1170},{"Length":43,"Height":27,"Demand":4,"DemandMax":null,"Value":1161},{"Length":40,"Height":29,"Demand":2,"DemandMax":null,"Value":1160},{"Length":58,"Height":20,"Demand":3,"DemandMax":null,"Value":1160},{"Length":35,"Height":33,"Demand":1,"DemandMax":null,"Value":1155},{"Length":36,"Height":32,"Demand":3,"DemandMax":null,"Value":1152},{"Length":50,"Height":23,"Demand":1,"DemandMax":null,"Value":1150},{"Length":41,"Height":28,"Demand":3,"DemandMax":null,"Value":1148},{"Length":44,"Height":26,"Demand":1,"DemandMax":null,"Value":1144},{"Length":38,"Height":30,"Demand":4,"DemandMax":null,"Value":1140},{"Length":42,"Height":27,"Demand":2,"DemandMax":null,"Value":1134},{"Length":49,"Height":23,"Demand":1,"DemandMax":null,"Value":1127},{"Length":45,"Height":25,"Demand":3,"DemandMax":null,"Value":1125},{"Length":34,"Height":33,"Demand":4,"DemandMax":null,"Value":1122},{"Length":59,"Height":19,"Demand":2,"DemandMax":null,"Value":1121},{"Length":56,"Height":20,"Demand":2,"DemandMax":null,"Value":1120},{"Length":43,"Height":26,"Demand":3,"DemandMax":null,"Value":1118},{"Length":36,"Height":31,"Demand":2,"DemandMax":null,"Value":1116},{"Length":37,"Height":30,"Demand":1,"DemandMax":null,"Value":1110},{"Length":58,"Height":19,"Demand":2,"DemandMax":null,"Value":1102},{"Length":38,"Height":29,"Demand":3,"DemandMax":null,"Value":1102},{"Length":55,"Height":20,"Demand":1,"DemandMax":null,"Value":1100},{"Length":42,"Height":26,"Demand":3,"DemandMax":null,"Value":1092},{"Length":39,"Height":28,"Demand":2,"DemandMax":null,"Value":1092},{"Length":33,"Height":33,"Demand":2,"DemandMax":null,"Value":1089},{"Length":34,"Height":32,"Demand":1,"DemandMax":null,"Value":1088},{"Length":47,"Height":23,"Demand":1,"DemandMax":null,"Value":1081},{"Length":45,"Height":24,"Demand":2,"DemandMax":null,"Value":1080},{"Length":40,"Height":27,"Demand":3,"DemandMax":null,"Value":1080},{"Length":49,"Height":22,"Demand":1,"DemandMax":null,"Value":1078},{"Length":43,"Height":25,"Demand":2,"DemandMax":null,"Value":1075},{"Length":37,"Height":29,"Demand":3,"DemandMax":null,"Value":1073},{"Length":41,"Height":26,"Demand":3,"DemandMax":null,"Value":1066},{"Length":38,"Height":28,"Demand":1,"DemandMax":null,"Value":1064},{"Length":53,"Height":20,"Demand":5,"DemandMax":null,"Value":1060},{"Length":46,"Height":23,"Demand":4,"DemandMax":null,"Value":1058},{"Length":33,"Height":32,"Demand":3,"DemandMax":null,"Value":1056},{"Length":48,"Height":22,"Demand":2,"DemandMax":null,"Value":1056},{"Length":34,"Height":31,"Demand":2,"DemandMax":null,"Value":1054},{"Length":39,"Height":27,"Demand":2,"DemandMax":null,"Value":1053},{"Length":50,"Height":21,"Demand":3,"DemandMax":null,"Value":1050},{"Length":35,"Height":30,"Demand":3,"DemandMax":null,"Value":1050},{"Length":40,"Height":26,"Demand":2,"DemandMax":null,"Value":1040},{"Length":37,"Height":28,"Demand":2,"DemandMax":null,"Value":1036},{"Length":45,"Height":23,"Demand":2,"DemandMax":null,"Value":1035},{"Length":47,"Height":22,"Demand":2,"DemandMax":null,"Value":1034},{"Length":38,"Height":27,"Demand":3,"DemandMax":null,"Value":1026},{"Length":41,"Height":25,"Demand":3,"DemandMax":null,"Value":1025},{"Length":34,"Height":30,"Demand":4,"DemandMax":null,"Value":1020},{"Length":51,"Height":20,"Demand":3,"DemandMax":null,"Value":1020},{"Length":35,"Height":29,"Demand":1,"DemandMax":null,"Value":1015},{"Length":39,"Height":26,"Demand":1,"DemandMax":null,"Value":1014},{"Length":44,"Height":23,"Demand":4,"DemandMax":null,"Value":1012},{"Length":42,"Height":24,"Demand":4,"DemandMax":null,"Value":1008},{"Length":48,"Height":21,"Demand":1,"DemandMax":null,"Value":1008},{"Length":36,"Height":28,"Demand":1,"DemandMax":null,"Value":1008},{"Length":53,"Height":19,"Demand":5,"DemandMax":null,"Value":1007},{"Length":59,"Height":17,"Demand":2,"DemandMax":null,"Value":1003},{"Length":50,"Height":20,"Demand":2,"DemandMax":null,"Value":1000},{"Length":40,"Height":25,"Demand":3,"DemandMax":null,"Value":1000},{"Length":37,"Height":27,"Demand":3,"DemandMax":null,"Value":999},{"Length":32,"Height":31,"Demand":1,"DemandMax":null,"Value":992},{"Length":33,"Height":30,"Demand":2,"DemandMax":null,"Value":990},{"Length":38,"Height":26,"Demand":3,"DemandMax":null,"Value":988},{"Length":47,"Height":21,"Demand":1,"DemandMax":null,"Value":987},{"Length":34,"Height":29,"Demand":2,"DemandMax":null,"Value":986},{"Length":35,"Height":28,"Demand":3,"DemandMax":null,"Value":980},{"Length":49,"Height":20,"Demand":3,"DemandMax":null,"Value":980},{"Length":39,"Height":25,"Demand":2,"DemandMax":null,"Value":975},{"Length":54,"Height":18,"Demand":3,"DemandMax":null,"Value":972},{"Length":36,"Height":27,"Demand":4,"DemandMax":null,"Value":972},{"Length":51,"Height":19,"Demand":2,"DemandMax":null,"Value":969},{"Length":42,"Height":23,"Demand":3,"DemandMax":null,"Value":966},{"Length":31,"Height":31,"Demand":1,"DemandMax":null,"Value":961},{"Length":32,"Height":30,"Demand":3,"DemandMax":null,"Value":960},{"Length":48,"Height":20,"Demand":1,"DemandMax":null,"Value":960},{"Length":33,"Height":29,"Demand":1,"DemandMax":null,"Value":957},{"Length":38,"Height":25,"Demand":1,"DemandMax":null,"Value":950},{"Length":35,"Height":27,"Demand":1,"DemandMax":null,"Value":945},{"Length":41,"Height":23,"Demand":1,"DemandMax":null,"Value":943},{"Length":36,"Height":26,"Demand":1,"DemandMax":null,"Value":936},{"Length":58,"Height":16,"Demand":2,"DemandMax":null,"Value":928},{"Length":32,"Height":29,"Demand":3,"DemandMax":null,"Value":928},{"Length":37,"Height":25,"Demand":2,"DemandMax":null,"Value":925},{"Length":42,"Height":22,"Demand":5,"DemandMax":null,"Value":924},{"Length":44,"Height":21,"Demand":2,"DemandMax":null,"Value":924},{"Length":33,"Height":28,"Demand":3,"DemandMax":null,"Value":924},{"Length":46,"Height":20,"Demand":3,"DemandMax":null,"Value":920},{"Length":40,"Height":23,"Demand":2,"DemandMax":null,"Value":920},{"Length":34,"Height":27,"Demand":2,"DemandMax":null,"Value":918},{"Length":38,"Height":24,"Demand":4,"DemandMax":null,"Value":912},{"Length":57,"Height":16,"Demand":2,"DemandMax":null,"Value":912},{"Length":43,"Height":21,"Demand":4,"DemandMax":null,"Value":903},{"Length":41,"Height":22,"Demand":3,"DemandMax":null,"Value":902},{"Length":53,"Height":17,"Demand":2,"DemandMax":null,"Value":901},{"Length":56,"Height":16,"Demand":2,"DemandMax":null,"Value":896},{"Length":47,"Height":19,"Demand":3,"DemandMax":null,"Value":893},{"Length":34,"Height":26,"Demand":1,"DemandMax":null,"Value":884},{"Length":42,"Height":21,"Demand":3,"DemandMax":null,"Value":882},{"Length":49,"Height":18,"Demand":2,"DemandMax":null,"Value":882},{"Length":40,"Height":22,"Demand":5,"DemandMax":null,"Value":880},{"Length":44,"Height":20,"Demand":1,"DemandMax":null,"Value":880},{"Length":35,"Height":25,"Demand":2,"DemandMax":null,"Value":875},{"Length":46,"Height":19,"Demand":3,"DemandMax":null,"Value":874},{"Length":38,"Height":23,"Demand":4,"DemandMax":null,"Value":874},{"Length":30,"Height":29,"Demand":3,"DemandMax":null,"Value":870},{"Length":31,"Height":28,"Demand":3,"DemandMax":null,"Value":868},{"Length":51,"Height":17,"Demand":2,"DemandMax":null,"Value":867},{"Length":48,"Height":18,"Demand":3,"DemandMax":null,"Value":864},{"Length":36,"Height":24,"Demand":6,"DemandMax":null,"Value":864},{"Length":32,"Height":27,"Demand":1,"DemandMax":null,"Value":864},{"Length":41,"Height":21,"Demand":1,"DemandMax":null,"Value":861},{"Length":45,"Height":19,"Demand":2,"DemandMax":null,"Value":855},{"Length":37,"Height":23,"Demand":3,"DemandMax":null,"Value":851},{"Length":47,"Height":18,"Demand":3,"DemandMax":null,"Value":846},{"Length":35,"Height":24,"Demand":4,"DemandMax":null,"Value":840},{"Length":30,"Height":28,"Demand":1,"DemandMax":null,"Value":840},{"Length":31,"Height":27,"Demand":2,"DemandMax":null,"Value":837},{"Length":38,"Height":22,"Demand":3,"DemandMax":null,"Value":836},{"Length":52,"Height":16,"Demand":5,"DemandMax":null,"Value":832},{"Length":46,"Height":18,"Demand":1,"DemandMax":null,"Value":828},{"Length":59,"Height":14,"Demand":4,"DemandMax":null,"Value":826},{"Length":33,"Height":25,"Demand":4,"DemandMax":null,"Value":825},{"Length":41,"Height":20,"Demand":4,"DemandMax":null,"Value":820},{"Length":43,"Height":19,"Demand":1,"DemandMax":null,"Value":817},{"Length":34,"Height":24,"Demand":2,"DemandMax":null,"Value":816},{"Length":48,"Height":17,"Demand":4,"DemandMax":null,"Value":816},{"Length":37,"Height":22,"Demand":2,"DemandMax":null,"Value":814},{"Length":30,"Height":27,"Demand":2,"DemandMax":null,"Value":810},{"Length":31,"Height":26,"Demand":1,"DemandMax":null,"Value":806},{"Length":32,"Height":25,"Demand":4,"DemandMax":null,"Value":800},{"Length":47,"Height":17,"Demand":2,"DemandMax":null,"Value":799},{"Length":38,"Height":21,"Demand":2,"DemandMax":null,"Value":798},{"Length":57,"Height":14,"Demand":3,"DemandMax":null,"Value":798},{"Length":44,"Height":18,"Demand":3,"DemandMax":null,"Value":792},{"Length":33,"Height":24,"Demand":3,"DemandMax":null,"Value":792},{"Length":36,"Height":22,"Demand":1,"DemandMax":null,"Value":792},{"Length":56,"Height":14,"Demand":5,"DemandMax":null,"Value":784},{"Length":28,"Height":28,"Demand":2,"DemandMax":null,"Value":784},{"Length":29,"Height":27,"Demand":2,"DemandMax":null,"Value":783},{"Length":34,"Height":23,"Demand":2,"DemandMax":null,"Value":782},{"Length":52,"Height":15,"Demand":2,"DemandMax":null,"Value":780},{"Length":39,"Height":20,"Demand":1,"DemandMax":null,"Value":780},{"Length":41,"Height":19,"Demand":2,"DemandMax":null,"Value":779},{"Length":37,"Height":21,"Demand":2,"DemandMax":null,"Value":777},{"Length":35,"Height":22,"Demand":4,"DemandMax":null,"Value":770},{"Length":55,"Height":14,"Demand":3,"DemandMax":null,"Value":770},{"Length":32,"Height":24,"Demand":2,"DemandMax":null,"Value":768},{"Length":51,"Height":15,"Demand":2,"DemandMax":null,"Value":765},{"Length":38,"Height":20,"Demand":5,"DemandMax":null,"Value":760},{"Length":40,"Height":19,"Demand":3,"DemandMax":null,"Value":760},{"Length":33,"Height":23,"Demand":2,"DemandMax":null,"Value":759},{"Length":42,"Height":18,"Demand":2,"DemandMax":null,"Value":756},{"Length":54,"Height":14,"Demand":3,"DemandMax":null,"Value":756},{"Length":36,"Height":21,"Demand":5,"DemandMax":null,"Value":756},{"Length":29,"Height":26,"Demand":3,"DemandMax":null,"Value":754},{"Length":47,"Height":16,"Demand":2,"DemandMax":null,"Value":752},{"Length":50,"Height":15,"Demand":1,"DemandMax":null,"Value":750},{"Length":44,"Height":17,"Demand":2,"DemandMax":null,"Value":748},{"Length":31,"Height":24,"Demand":1,"DemandMax":null,"Value":744},{"Length":41,"Height":18,"Demand":4,"DemandMax":null,"Value":738},{"Length":46,"Height":16,"Demand":2,"DemandMax":null,"Value":736},{"Length":49,"Height":15,"Demand":4,"DemandMax":null,"Value":735},{"Length":43,"Height":17,"Demand":2,"DemandMax":null,"Value":731},{"Length":27,"Height":27,"Demand":2,"DemandMax":null,"Value":729},{"Length":28,"Height":26,"Demand":5,"DemandMax":null,"Value":728},{"Length":52,"Height":14,"Demand":1,"DemandMax":null,"Value":728},{"Length":33,"Height":22,"Demand":2,"DemandMax":null,"Value":726},{"Length":29,"Height":25,"Demand":2,"DemandMax":null,"Value":725},{"Length":36,"Height":20,"Demand":6,"DemandMax":null,"Value":720},{"Length":48,"Height":15,"Demand":1,"DemandMax":null,"Value":720},{"Length":45,"Height":16,"Demand":2,"DemandMax":null,"Value":720},{"Length":42,"Height":17,"Demand":4,"DemandMax":null,"Value":714},{"Length":31,"Height":23,"Demand":4,"DemandMax":null,"Value":713},{"Length":47,"Height":15,"Demand":2,"DemandMax":null,"Value":705},{"Length":44,"Height":16,"Demand":1,"DemandMax":null,"Value":704},{"Length":32,"Height":22,"Demand":1,"DemandMax":null,"Value":704},{"Length":37,"Height":19,"Demand":4,"DemandMax":null,"Value":703},{"Length":27,"Height":26,"Demand":7,"DemandMax":null,"Value":702},{"Length":39,"Height":18,"Demand":1,"DemandMax":null,"Value":702},{"Length":35,"Height":20,"Demand":4,"DemandMax":null,"Value":700},{"Length":28,"Height":25,"Demand":1,"DemandMax":null,"Value":700},{"Length":41,"Height":17,"Demand":3,"DemandMax":null,"Value":697},{"Length":29,"Height":24,"Demand":2,"DemandMax":null,"Value":696},{"Length":33,"Height":21,"Demand":1,"DemandMax":null,"Value":693},{"Length":38,"Height":18,"Demand":4,"DemandMax":null,"Value":684},{"Length":36,"Height":19,"Demand":3,"DemandMax":null,"Value":684},{"Length":31,"Height":22,"Demand":1,"DemandMax":null,"Value":682},{"Length":26,"Height":26,"Demand":3,"DemandMax":null,"Value":676},{"Length":48,"Height":14,"Demand":4,"DemandMax":null,"Value":672},{"Length":29,"Height":23,"Demand":3,"DemandMax":null,"Value":667},{"Length":37,"Height":18,"Demand":4,"DemandMax":null,"Value":666},{"Length":51,"Height":13,"Demand":3,"DemandMax":null,"Value":663},{"Length":39,"Height":17,"Demand":2,"DemandMax":null,"Value":663},{"Length":30,"Height":22,"Demand":7,"DemandMax":null,"Value":660},{"Length":44,"Height":15,"Demand":4,"DemandMax":null,"Value":660},{"Length":31,"Height":21,"Demand":3,"DemandMax":null,"Value":651},{"Length":27,"Height":24,"Demand":6,"DemandMax":null,"Value":648},{"Length":36,"Height":18,"Demand":1,"DemandMax":null,"Value":648},{"Length":38,"Height":17,"Demand":2,"DemandMax":null,"Value":646},{"Length":43,"Height":15,"Demand":3,"DemandMax":null,"Value":645},{"Length":28,"Height":23,"Demand":1,"DemandMax":null,"Value":644},{"Length":46,"Height":14,"Demand":1,"DemandMax":null,"Value":644},{"Length":32,"Height":20,"Demand":2,"DemandMax":null,"Value":640},{"Length":40,"Height":16,"Demand":1,"DemandMax":null,"Value":640},{"Length":29,"Height":22,"Demand":5,"DemandMax":null,"Value":638},{"Length":30,"Height":21,"Demand":2,"DemandMax":null,"Value":630},{"Length":37,"Height":17,"Demand":3,"DemandMax":null,"Value":629},{"Length":33,"Height":19,"Demand":1,"DemandMax":null,"Value":627},{"Length":25,"Height":25,"Demand":3,"DemandMax":null,"Value":625},{"Length":26,"Height":24,"Demand":1,"DemandMax":null,"Value":624},{"Length":28,"Height":22,"Demand":2,"DemandMax":null,"Value":616},{"Length":44,"Height":14,"Demand":3,"DemandMax":null,"Value":616},{"Length":41,"Height":15,"Demand":1,"DemandMax":null,"Value":615},{"Length":51,"Height":12,"Demand":1,"DemandMax":null,"Value":612},{"Length":36,"Height":17,"Demand":5,"DemandMax":null,"Value":612},{"Length":34,"Height":18,"Demand":2,"DemandMax":null,"Value":612},{"Length":29,"Height":21,"Demand":2,"DemandMax":null,"Value":609},{"Length":38,"Height":16,"Demand":1,"DemandMax":null,"Value":608},{"Length":55,"Height":11,"Demand":4,"DemandMax":null,"Value":605},{"Length":40,"Height":15,"Demand":2,"DemandMax":null,"Value":600},{"Length":30,"Height":20,"Demand":2,"DemandMax":null,"Value":600},{"Length":26,"Height":23,"Demand":3,"DemandMax":null,"Value":598},{"Length":27,"Height":22,"Demand":4,"DemandMax":null,"Value":594},{"Length":33,"Height":18,"Demand":4,"DemandMax":null,"Value":594},{"Length":31,"Height":19,"Demand":2,"DemandMax":null,"Value":589},{"Length":42,"Height":14,"Demand":1,"DemandMax":null,"Value":588},{"Length":49,"Height":12,"Demand":2,"DemandMax":null,"Value":588},{"Length":28,"Height":21,"Demand":1,"DemandMax":null,"Value":588},{"Length":39,"Height":15,"Demand":3,"DemandMax":null,"Value":585},{"Length":29,"Height":20,"Demand":3,"DemandMax":null,"Value":580},{"Length":58,"Height":10,"Demand":2,"DemandMax":null,"Value":580},{"Length":34,"Height":17,"Demand":3,"DemandMax":null,"Value":578},{"Length":36,"Height":16,"Demand":2,"DemandMax":null,"Value":576},{"Length":26,"Height":22,"Demand":4,"DemandMax":null,"Value":572},{"Length":30,"Height":19,"Demand":6,"DemandMax":null,"Value":570},{"Length":38,"Height":15,"Demand":1,"DemandMax":null,"Value":570},{"Length":27,"Height":21,"Demand":1,"DemandMax":null,"Value":567},{"Length":33,"Height":17,"Demand":3,"DemandMax":null,"Value":561},{"Length":28,"Height":20,"Demand":2,"DemandMax":null,"Value":560},{"Length":43,"Height":13,"Demand":1,"DemandMax":null,"Value":559},{"Length":31,"Height":18,"Demand":1,"DemandMax":null,"Value":558},{"Length":37,"Height":15,"Demand":2,"DemandMax":null,"Value":555},{"Length":24,"Height":23,"Demand":1,"DemandMax":null,"Value":552},{"Length":46,"Height":12,"Demand":2,"DemandMax":null,"Value":552},{"Length":29,"Height":19,"Demand":2,"DemandMax":null,"Value":551},{"Length":25,"Height":22,"Demand":4,"DemandMax":null,"Value":550},{"Length":39,"Height":14,"Demand":2,"DemandMax":null,"Value":546},{"Length":26,"Height":21,"Demand":2,"DemandMax":null,"Value":546},{"Length":42,"Height":13,"Demand":2,"DemandMax":null,"Value":546},{"Length":34,"Height":16,"Demand":2,"DemandMax":null,"Value":544},{"Length":32,"Height":17,"Demand":1,"DemandMax":null,"Value":544},{"Length":54,"Height":10,"Demand":6,"DemandMax":null,"Value":540},{"Length":27,"Height":20,"Demand":3,"DemandMax":null,"Value":540},{"Length":30,"Height":18,"Demand":5,"DemandMax":null,"Value":540},{"Length":41,"Height":13,"Demand":4,"DemandMax":null,"Value":533},{"Length":28,"Height":19,"Demand":1,"DemandMax":null,"Value":532},{"Length":44,"Height":12,"Demand":4,"DemandMax":null,"Value":528},{"Length":48,"Height":11,"Demand":5,"DemandMax":null,"Value":528},{"Length":24,"Height":22,"Demand":1,"DemandMax":null,"Value":528},{"Length":31,"Height":17,"Demand":4,"DemandMax":null,"Value":527},{"Length":25,"Height":21,"Demand":3,"DemandMax":null,"Value":525},{"Length":26,"Height":20,"Demand":1,"DemandMax":null,"Value":520},{"Length":37,"Height":14,"Demand":5,"DemandMax":null,"Value":518},{"Length":43,"Height":12,"Demand":1,"DemandMax":null,"Value":516},{"Length":27,"Height":19,"Demand":2,"DemandMax":null,"Value":513},{"Length":32,"Height":16,"Demand":1,"DemandMax":null,"Value":512},{"Length":30,"Height":17,"Demand":6,"DemandMax":null,"Value":510},{"Length":51,"Height":10,"Demand":3,"DemandMax":null,"Value":510},{"Length":36,"Height":14,"Demand":1,"DemandMax":null,"Value":504},{"Length":25,"Height":20,"Demand":3,"DemandMax":null,"Value":500},{"Length":50,"Height":10,"Demand":1,"DemandMax":null,"Value":500},{"Length":31,"Height":16,"Demand":2,"DemandMax":null,"Value":496},{"Length":33,"Height":15,"Demand":1,"DemandMax":null,"Value":495},{"Length":35,"Height":14,"Demand":2,"DemandMax":null,"Value":490},{"Length":27,"Height":18,"Demand":2,"DemandMax":null,"Value":486},{"Length":22,"Height":22,"Demand":1,"DemandMax":null,"Value":484},{"Length":23,"Height":21,"Demand":2,"DemandMax":null,"Value":483},{"Length":24,"Height":20,"Demand":4,"DemandMax":null,"Value":480},{"Length":32,"Height":15,"Demand":2,"DemandMax":null,"Value":480},{"Length":40,"Height":12,"Demand":3,"DemandMax":null,"Value":480},{"Length":48,"Height":10,"Demand":1,"DemandMax":null,"Value":480},{"Length":28,"Height":17,"Demand":1,"DemandMax":null,"Value":476},{"Length":47,"Height":10,"Demand":2,"DemandMax":null,"Value":470},{"Length":39,"Height":12,"Demand":1,"DemandMax":null,"Value":468},{"Length":31,"Height":15,"Demand":2,"DemandMax":null,"Value":465},{"Length":29,"Height":16,"Demand":2,"DemandMax":null,"Value":464},{"Length":22,"Height":21,"Demand":2,"DemandMax":null,"Value":462},{"Length":23,"Height":20,"Demand":3,"DemandMax":null,"Value":460},{"Length":24,"Height":19,"Demand":3,"DemandMax":null,"Value":456},{"Length":38,"Height":12,"Demand":5,"DemandMax":null,"Value":456},{"Length":35,"Height":13,"Demand":2,"DemandMax":null,"Value":455},{"Length":30,"Height":15,"Demand":4,"DemandMax":null,"Value":450},{"Length":25,"Height":18,"Demand":2,"DemandMax":null,"Value":450},{"Length":28,"Height":16,"Demand":1,"DemandMax":null,"Value":448},{"Length":37,"Height":12,"Demand":1,"DemandMax":null,"Value":444},{"Length":22,"Height":20,"Demand":2,"DemandMax":null,"Value":440},{"Length":23,"Height":19,"Demand":3,"DemandMax":null,"Value":437},{"Length":29,"Height":15,"Demand":3,"DemandMax":null,"Value":435},{"Length":36,"Height":12,"Demand":2,"DemandMax":null,"Value":432},{"Length":24,"Height":18,"Demand":4,"DemandMax":null,"Value":432},{"Length":27,"Height":16,"Demand":3,"DemandMax":null,"Value":432},{"Length":33,"Height":13,"Demand":2,"DemandMax":null,"Value":429},{"Length":25,"Height":17,"Demand":1,"DemandMax":null,"Value":425},{"Length":42,"Height":10,"Demand":2,"DemandMax":null,"Value":420},{"Length":30,"Height":14,"Demand":5,"DemandMax":null,"Value":420},{"Length":22,"Height":19,"Demand":3,"DemandMax":null,"Value":418},{"Length":32,"Height":13,"Demand":10,"DemandMax":null,"Value":416},{"Length":26,"Height":16,"Demand":4,"DemandMax":null,"Value":416},{"Length":23,"Height":18,"Demand":4,"DemandMax":null,"Value":414},{"Length":34,"Height":12,"Demand":2,"DemandMax":null,"Value":408},{"Length":37,"Height":11,"Demand":3,"DemandMax":null,"Value":407},{"Length":20,"Height":20,"Demand":4,"DemandMax":null,"Value":400},{"Length":25,"Height":16,"Demand":1,"DemandMax":null,"Value":400},{"Length":21,"Height":19,"Demand":4,"DemandMax":null,"Value":399},{"Length":33,"Height":12,"Demand":3,"DemandMax":null,"Value":396},{"Length":22,"Height":18,"Demand":2,"DemandMax":null,"Value":396},{"Length":28,"Height":14,"Demand":3,"DemandMax":null,"Value":392},{"Length":23,"Height":17,"Demand":3,"DemandMax":null,"Value":391},{"Length":26,"Height":15,"Demand":6,"DemandMax":null,"Value":390},{"Length":39,"Height":10,"Demand":3,"DemandMax":null,"Value":390},{"Length":35,"Height":11,"Demand":2,"DemandMax":null,"Value":385},{"Length":24,"Height":16,"Demand":2,"DemandMax":null,"Value":384},{"Length":38,"Height":10,"Demand":1,"DemandMax":null,"Value":380},{"Length":20,"Height":19,"Demand":1,"DemandMax":null,"Value":380},{"Length":27,"Height":14,"Demand":1,"DemandMax":null,"Value":378},{"Length":22,"Height":17,"Demand":3,"DemandMax":null,"Value":374},{"Length":23,"Height":16,"Demand":2,"DemandMax":null,"Value":368},{"Length":26,"Height":14,"Demand":2,"DemandMax":null,"Value":364},{"Length":28,"Height":13,"Demand":2,"DemandMax":null,"Value":364},{"Length":20,"Height":18,"Demand":3,"DemandMax":null,"Value":360},{"Length":32,"Height":11,"Demand":2,"DemandMax":null,"Value":352},{"Length":22,"Height":16,"Demand":1,"DemandMax":null,"Value":352},{"Length":35,"Height":10,"Demand":1,"DemandMax":null,"Value":350},{"Length":25,"Height":14,"Demand":2,"DemandMax":null,"Value":350},{"Length":31,"Height":11,"Demand":3,"DemandMax":null,"Value":341},{"Length":20,"Height":17,"Demand":2,"DemandMax":null,"Value":340},{"Length":34,"Height":10,"Demand":2,"DemandMax":null,"Value":340},{"Length":21,"Height":16,"Demand":1,"DemandMax":null,"Value":336},{"Length":28,"Height":12,"Demand":1,"DemandMax":null,"Value":336},{"Length":24,"Height":14,"Demand":1,"DemandMax":null,"Value":336},{"Length":30,"Height":11,"Demand":2,"DemandMax":null,"Value":330},{"Length":25,"Height":13,"Demand":1,"DemandMax":null,"Value":325},{"Length":19,"Height":17,"Demand":1,"DemandMax":null,"Value":323},{"Length":32,"Height":10,"Demand":2,"DemandMax":null,"Value":320},{"Length":20,"Height":16,"Demand":4,"DemandMax":null,"Value":320},{"Length":21,"Height":15,"Demand":3,"DemandMax":null,"Value":315},{"Length":26,"Height":12,"Demand":2,"DemandMax":null,"Value":312},{"Length":24,"Height":13,"Demand":1,"DemandMax":null,"Value":312},{"Length":31,"Height":10,"Demand":5,"DemandMax":null,"Value":310},{"Length":28,"Height":11,"Demand":2,"DemandMax":null,"Value":308},{"Length":18,"Height":17,"Demand":2,"DemandMax":null,"Value":306},{"Length":19,"Height":16,"Demand":2,"DemandMax":null,"Value":304},{"Length":20,"Height":15,"Demand":2,"DemandMax":null,"Value":300},{"Length":25,"Height":12,"Demand":2,"DemandMax":null,"Value":300},{"Length":27,"Height":11,"Demand":3,"DemandMax":null,"Value":297},{"Length":21,"Height":14,"Demand":3,"DemandMax":null,"Value":294},{"Length":29,"Height":10,"Demand":4,"DemandMax":null,"Value":290},{"Length":18,"Height":16,"Demand":6,"DemandMax":null,"Value":288},{"Length":24,"Height":12,"Demand":1,"DemandMax":null,"Value":288},{"Length":22,"Height":13,"Demand":3,"DemandMax":null,"Value":286},{"Length":19,"Height":15,"Demand":2,"DemandMax":null,"Value":285},{"Length":25,"Height":11,"Demand":3,"DemandMax":null,"Value":275},{"Length":21,"Height":13,"Demand":1,"DemandMax":null,"Value":273},{"Length":17,"Height":16,"Demand":3,"DemandMax":null,"Value":272},{"Length":18,"Height":15,"Demand":4,"DemandMax":null,"Value":270},{"Length":22,"Height":12,"Demand":2,"DemandMax":null,"Value":264},{"Length":20,"Height":13,"Demand":2,"DemandMax":null,"Value":260},{"Length":17,"Height":15,"Demand":1,"DemandMax":null,"Value":255},{"Length":21,"Height":12,"Demand":1,"DemandMax":null,"Value":252},{"Length":20,"Height":12,"Demand":4,"DemandMax":null,"Value":240},{"Length":16,"Height":15,"Demand":2,"DemandMax":null,"Value":240},{"Length":15,"Height":15,"Demand":1,"DemandMax":null,"Value":225},{"Length":16,"Height":14,"Demand":2,"DemandMax":null,"Value":224},{"Length":17,"Height":13,"Demand":2,"DemandMax":null,"Value":221},{"Length":20,"Height":10,"Demand":2,"DemandMax":null,"Value":200},{"Length":15,"Height":13,"Demand":2,"DemandMax":null,"Value":195},{"Length":16,"Height":12,"Demand":5,"DemandMax":null,"Value":192},{"Length":18,"Height":10,"Demand":1,"DemandMax":null,"Value":180},{"Length":16,"Height":11,"Demand":3,"DemandMax":null,"Value":176},{"Length":17,"Height":10,"Demand":1,"DemandMax":null,"Value":170},{"Length":13,"Height":13,"Demand":1,"DemandMax":null,"Value":169},{"Length":15,"Height":11,"Demand":3,"DemandMax":null,"Value":165},{"Length":13,"Height":10,"Demand":5,"DemandMax":null,"Value":130},{"Length":12,"Height":10,"Demand":2,"DemandMax":null,"Value":120}]}