{"Name":"MB09_117","Objects":[{"Length":432,"Height":79,"Stock":null,"Cost":34128}],"Items":[{"Length":59,"Height":39,"Demand":22,"DemandMax":null,"Value":2301},{"Length":58,"Height":38,"Demand":13,"DemandMax":null,"Value":2204},{"Length":53,"Height":39,"Demand":19,"DemandMax":null,"Value":2067},{"Length":56,"Height":36,"Demand":19,"DemandMax":null,"Value":2016},{"Length":57,"Height":34,"Demand":22,"DemandMax":null,"Value":1938},{"Length":45,"Height":43,"Demand":19,"DemandMax":null,"Value":1935},{"Length":50,"Height":38,"Demand":14,"DemandMax":null,"Value":1900},{"Length":58,"Height":31,"Demand":23,"DemandMax":null,"Value":1798},{"Length":51,"Height":33,"Demand":25,"DemandMax":null,"Value":1683},{"Length":53,"Height":31,"Demand":23,"DemandMax":null,"Value":1643},{"Length":51,"Height":31,"Demand":21,"DemandMax":null,"Value":1581},{"Length":47,"Height":33,"Demand":24,"DemandMax":null,"Value":1551},{"Length":39,"Height":38,"Demand":18,"DemandMax":null,"Value":1482},{"Length":41,"Height":36,"Demand":18,"DemandMax":null,"Value":1476},{"Length":46,"Height":32,"Demand":19,"DemandMax":null,"Value":1472},{"Length":48,"Height":29,"Demand":26,"DemandMax":null,"Value":1392},{"Length":37,"Height":36,"Demand":18,"DemandMax":null,"Value":1332},{"Length":47,"Height":27,"Demand":22,"DemandMax":null,"Value":1269},{"Length":35,"Height":35,"Demand":12,"DemandMax":null,"Value":1225},{"Length":38,"Height":31,"Demand":22,"DemandMax":null,"Value":1178},{"Length":43,"Height":27,"Demand":24,"DemandMax":null,"Value":1161},{"Length":35,"Height":33,"Demand":15,"DemandMax":null,"Value":1155},{"Length":52,"Height":21,"Demand":23,"DemandMax":null,"Value":1092},{"Length":47,"Height":23,"Demand":20,"DemandMax":null,"Value":1081},{"Length":49,"Height":22,"Demand":22,"DemandMax":null,"Value":1078},{"Length":38,"Height":28,"Demand":22,"DemandMax":null,"Value":1064},{"Length":40,"Height":26,"Demand":28,"DemandMax":null,"Value":1040},{"Length":37,"Height":28,"Demand":20,"DemandMax":null,"Value":1036},{"Length":38,"Height":27,"Demand":18,"DemandMax":null,"Value":1026},{"Length":36,"Height":27,"Demand":13,"DemandMax":null,"Value":972},{"Length":57,"Height":17,"Demand":22,"DemandMax":null,"Value":969},{"Length":46,"Height":21,"Demand":15,"DemandMax":null,"Value":966},{"Length":30,"Height":30,"Demand":17,"DemandMax":null,"Value":900},{"Length":42,"Height":21,"Demand":20,"DemandMax":null,"Value":882},{"Length":32,"Height":27,"Demand":18,"DemandMax":null,"Value":864},{"Length":30,"Height":28,"Demand":25,"DemandMax":null,"Value":840},{"Length":39,"Height":21,"Demand":23,"DemandMax":null,"Value":819},{"Length":57,"Height":14,"Demand":13,"DemandMax":null,"Value":798},{"Length":49,"Height":16,"Demand":21,"DemandMax":null,"Value":784},{"Length":41,"Height":19,"Demand":20,"DemandMax":null,"Value":779},{"Length":37,"Height":21,"Demand":23,"DemandMax":null,"Value":777},{"Length":31,"Height":25,"Demand":20,"DemandMax":null,"Value":775},{"Length":29,"Height":26,"Demand":22,"DemandMax":null,"Value":754},{"Length":30,"Height":25,"Demand":23,"DemandMax":null,"Value":750},{"Length":27,"Height":27,"Demand":15,"DemandMax":null,"Value":729},{"Length":42,"Height":17,"Demand":16,"DemandMax":null,"Value":714},{"Length":43,"Height":16,"Demand":24,"DemandMax":null,"Value":688},{"Length":32,"Height":21,"Demand":21,"DemandMax":null,"Value":672},{"Length":39,"Height":17,"Demand":17,"DemandMax":null,"Value":663},{"Length":44,"Height":15,"Demand":25,"DemandMax":null,"Value":660},{"Length":26,"Height":24,"Demand":24,"DemandMax":null,"Value":624},{"Length":43,"Height":14,"Demand":14,"DemandMax":null,"Value":602},{"Length":26,"Height":23,"Demand":17,"DemandMax":null,"Value":598},{"Length":35,"Height":17,"Demand":28,"DemandMax":null,"Value":595},{"Length":54,"Height":11,"Demand":24,"DemandMax":null,"Value":594},{"Length":27,"Height":22,"Demand":16,"DemandMax":null,"Value":594},{"Length":40,"Height":14,"Demand":23,"DemandMax":null,"Value":560},{"Length":39,"Height":13,"Demand":7,"DemandMax":null,"Value":507},{"Length":46,"Height":11,"Demand":23,"DemandMax":null,"Value":506},{"Length":25,"Height":17,"Demand":21,"DemandMax":null,"Value":425},{"Length":21,"Height":19,"Demand":22,"DemandMax":null,"Value":399},{"Length":21,"Height":16,"Demand":23,"DemandMax":null,"Value":336},{"Length":20,"Height":14,"Demand":16,"DemandMax":null,"Value":280},{"Length":18,"Height":15,"Demand":27,"DemandMax":null,"Value":270},{"Length":24,"Height":11,"Demand":13,"DemandMax":null,"Value":264},{"Length":16,"Height":15,"Demand":17,"DemandMax":null,"Value":240},{"Length":18,"Height":12,"Demand":11,"DemandMax":null,"Value":216},{"Length":21,"Height":10,"Demand":15,"DemandMax":null,"Value":210},{"Length":13,"Height":12,"Demand":19,"DemandMax":null,"Value":156}]}