{"Name":"MB10_063","Objects":[{"Length":432,"Height":79,"Stock":null,"Cost":34128}],"Items":[{"Length":56,"Height":46,"Demand":8,"DemandMax":null,"Value":2576},{"Length":53,"Height":48,"Demand":7,"DemandMax":null,"Value":2544},{"Length":54,"Height":43,"Demand":11,"DemandMax":null,"Value":2322},{"Length":50,"Height":46,"Demand":8,"DemandMax":null,"Value":2300},{"Length":51,"Height":44,"Demand":9,"DemandMax":null,"Value":2244},{"Length":59,"Height":38,"Demand":5,"DemandMax":null,"Value":2242},{"Length":57,"Height":36,"Demand":15,"DemandMax":null,"Value":2052},{"Length":50,"Height":40,"Demand":7,"DemandMax":null,"Value":2000},{"Length":45,"Height":43,"Demand":10,"DemandMax":null,"Value":1935},{"Length":50,"Height":38,"Demand":6,"DemandMax":null,"Value":1900},{"Length":44,"Height":43,"Demand":5,"DemandMax":null,"Value":1892},{"Length":53,"Height":35,"Demand":7,"DemandMax":null,"Value":1855},{"Length":50,"Height":37,"Demand":5,"DemandMax":null,"Value":1850},{"Length":45,"Height":41,"Demand":6,"DemandMax":null,"Value":1845},{"Length":46,"Height":40,"Demand":11,"DemandMax":null,"Value":1840},{"Length":54,"Height":34,"Demand":6,"DemandMax":null,"Value":1836},{"Length":47,"Height":39,"Demand":8,"DemandMax":null,"Value":1833},{"Length":46,"Height":39,"Demand":11,"DemandMax":null,"Value":1794},{"Length":49,"Height":36,"Demand":5,"DemandMax":null,"Value":1764},{"Length":50,"Height":35,"Demand":6,"DemandMax":null,"Value":1750},{"Length":51,"Height":34,"Demand":9,"DemandMax":null,"Value":1734},{"Length":48,"Height":36,"Demand":6,"DemandMax":null,"Value":1728},{"Length":56,"Height":30,"Demand":6,"DemandMax":null,"Value":1680},{"Length":42,"Height":40,"Demand":9,"DemandMax":null,"Value":1680},{"Length":46,"Height":36,"Demand":8,"DemandMax":null,"Value":1656},{"Length":57,"Height":29,"Demand":5,"DemandMax":null,"Value":1653},{"Length":51,"Height":32,"Demand":11,"DemandMax":null,"Value":1632},{"Length":47,"Height":34,"Demand":3,"DemandMax":null,"Value":1598},{"Length":49,"Height":32,"Demand":3,"DemandMax":null,"Value":1568},{"Length":58,"Height":27,"Demand":5,"DemandMax":null,"Value":1566},{"Length":41,"Height":38,"Demand":8,"DemandMax":null,"Value":1558},{"Length":44,"Height":35,"Demand":6,"DemandMax":null,"Value":1540},{"Length":48,"Height":32,"Demand":12,"DemandMax":null,"Value":1536},{"Length":49,"Height":31,"Demand":7,"DemandMax":null,"Value":1519},{"Length":43,"Height":35,"Demand":8,"DemandMax":null,"Value":1505},{"Length":45,"Height":33,"Demand":7,"DemandMax":null,"Value":1485},{"Length":40,"Height":37,"Demand":3,"DemandMax":null,"Value":1480},{"Length":46,"Height":32,"Demand":11,"DemandMax":null,"Value":1472},{"Length":47,"Height":31,"Demand":11,"DemandMax":null,"Value":1457},{"Length":39,"Height":36,"Demand":5,"DemandMax":null,"Value":1404},{"Length":56,"Height":25,"Demand":6,"DemandMax":null,"Value":1400},{"Length":60,"Height":23,"Demand":6,"DemandMax":null,"Value":1380},{"Length":39,"Height":35,"Demand":9,"DemandMax":null,"Value":1365},{"Length":56,"Height":24,"Demand":9,"DemandMax":null,"Value":1344},{"Length":59,"Height":22,"Demand":9,"DemandMax":null,"Value":1298},{"Length":43,"Height":30,"Demand":8,"DemandMax":null,"Value":1290},{"Length":53,"Height":24,"Demand":6,"DemandMax":null,"Value":1272},{"Length":52,"Height":23,"Demand":5,"DemandMax":null,"Value":1196},{"Length":44,"Height":27,"Demand":6,"DemandMax":null,"Value":1188},{"Length":36,"Height":33,"Demand":7,"DemandMax":null,"Value":1188},{"Length":39,"Height":30,"Demand":7,"DemandMax":null,"Value":1170},{"Length":45,"Height":26,"Demand":11,"DemandMax":null,"Value":1170},{"Length":35,"Height":33,"Demand":6,"DemandMax":null,"Value":1155},{"Length":36,"Height":32,"Demand":11,"DemandMax":null,"Value":1152},{"Length":44,"Height":26,"Demand":6,"DemandMax":null,"Value":1144},{"Length":40,"Height":28,"Demand":11,"DemandMax":null,"Value":1120},{"Length":43,"Height":26,"Demand":8,"DemandMax":null,"Value":1118},{"Length":48,"Height":23,"Demand":9,"DemandMax":null,"Value":1104},{"Length":44,"Height":25,"Demand":2,"DemandMax":null,"Value":1100},{"Length":39,"Height":28,"Demand":9,"DemandMax":null,"Value":1092},{"Length":34,"Height":32,"Demand":6,"DemandMax":null,"Value":1088},{"Length":35,"Height":31,"Demand":5,"DemandMax":null,"Value":1085},{"Length":36,"Height":30,"Demand":4,"DemandMax":null,"Value":1080},{"Length":49,"Height":22,"Demand":5,"DemandMax":null,"Value":1078},{"Length":37,"Height":29,"Demand":13,"DemandMax":null,"Value":1073},{"Length":46,"Height":23,"Demand":11,"DemandMax":null,"Value":1058},{"Length":33,"Height":32,"Demand":11,"DemandMax":null,"Value":1056},{"Length":39,"Height":27,"Demand":6,"DemandMax":null,"Value":1053},{"Length":35,"Height":30,"Demand":7,"DemandMax":null,"Value":1050},{"Length":52,"Height":20,"Demand":11,"DemandMax":null,"Value":1040},{"Length":32,"Height":31,"Demand":6,"DemandMax":null,"Value":992},{"Length":33,"Height":30,"Demand":11,"DemandMax":null,"Value":990},{"Length":38,"Height":26,"Demand":12,"DemandMax":null,"Value":988},{"Length":32,"Height":30,"Demand":11,"DemandMax":null,"Value":960},{"Length":33,"Height":29,"Demand":6,"DemandMax":null,"Value":957},{"Length":38,"Height":25,"Demand":7,"DemandMax":null,"Value":950},{"Length":45,"Height":21,"Demand":11,"DemandMax":null,"Value":945},{"Length":39,"Height":24,"Demand":8,"DemandMax":null,"Value":936},{"Length":36,"Height":26,"Demand":5,"DemandMax":null,"Value":936},{"Length":58,"Height":16,"Demand":8,"DemandMax":null,"Value":928},{"Length":37,"Height":25,"Demand":6,"DemandMax":null,"Value":925},{"Length":33,"Height":28,"Demand":6,"DemandMax":null,"Value":924},{"Length":38,"Height":24,"Demand":10,"DemandMax":null,"Value":912},{"Length":39,"Height":23,"Demand":6,"DemandMax":null,"Value":897},{"Length":47,"Height":19,"Demand":9,"DemandMax":null,"Value":893},{"Length":59,"Height":15,"Demand":7,"DemandMax":null,"Value":885},{"Length":49,"Height":18,"Demand":8,"DemandMax":null,"Value":882},{"Length":38,"Height":23,"Demand":7,"DemandMax":null,"Value":874},{"Length":30,"Height":29,"Demand":6,"DemandMax":null,"Value":870},{"Length":51,"Height":17,"Demand":7,"DemandMax":null,"Value":867},{"Length":43,"Height":20,"Demand":7,"DemandMax":null,"Value":860},{"Length":33,"Height":26,"Demand":9,"DemandMax":null,"Value":858},{"Length":39,"Height":22,"Demand":7,"DemandMax":null,"Value":858},{"Length":45,"Height":19,"Demand":5,"DemandMax":null,"Value":855},{"Length":33,"Height":25,"Demand":9,"DemandMax":null,"Value":825},{"Length":39,"Height":21,"Demand":11,"DemandMax":null,"Value":819},{"Length":34,"Height":24,"Demand":9,"DemandMax":null,"Value":816},{"Length":48,"Height":17,"Demand":8,"DemandMax":null,"Value":816},{"Length":29,"Height":28,"Demand":6,"DemandMax":null,"Value":812},{"Length":38,"Height":21,"Demand":2,"DemandMax":null,"Value":798},{"Length":56,"Height":14,"Demand":12,"DemandMax":null,"Value":784},{"Length":38,"Height":20,"Demand":10,"DemandMax":null,"Value":760},{"Length":33,"Height":23,"Demand":7,"DemandMax":null,"Value":759},{"Length":29,"Height":26,"Demand":8,"DemandMax":null,"Value":754},{"Length":47,"Height":16,"Demand":7,"DemandMax":null,"Value":752},{"Length":31,"Height":24,"Demand":8,"DemandMax":null,"Value":744},{"Length":32,"Height":23,"Demand":5,"DemandMax":null,"Value":736},{"Length":33,"Height":22,"Demand":10,"DemandMax":null,"Value":726},{"Length":38,"Height":19,"Demand":8,"DemandMax":null,"Value":722},{"Length":36,"Height":20,"Demand":8,"DemandMax":null,"Value":720},{"Length":39,"Height":18,"Demand":4,"DemandMax":null,"Value":702},{"Length":35,"Height":20,"Demand":6,"DemandMax":null,"Value":700},{"Length":28,"Height":25,"Demand":3,"DemandMax":null,"Value":700},{"Length":33,"Height":21,"Demand":7,"DemandMax":null,"Value":693},{"Length":36,"Height":19,"Demand":8,"DemandMax":null,"Value":684},{"Length":40,"Height":17,"Demand":8,"DemandMax":null,"Value":680},{"Length":27,"Height":25,"Demand":13,"DemandMax":null,"Value":675},{"Length":28,"Height":24,"Demand":13,"DemandMax":null,"Value":672},{"Length":34,"Height":19,"Demand":6,"DemandMax":null,"Value":646},{"Length":46,"Height":14,"Demand":6,"DemandMax":null,"Value":644},{"Length":28,"Height":23,"Demand":5,"DemandMax":null,"Value":644},{"Length":45,"Height":14,"Demand":10,"DemandMax":null,"Value":630},{"Length":27,"Height":23,"Demand":8,"DemandMax":null,"Value":621},{"Length":31,"Height":20,"Demand":7,"DemandMax":null,"Value":620},{"Length":28,"Height":22,"Demand":7,"DemandMax":null,"Value":616},{"Length":29,"Height":21,"Demand":6,"DemandMax":null,"Value":609},{"Length":32,"Height":19,"Demand":10,"DemandMax":null,"Value":608},{"Length":30,"Height":20,"Demand":12,"DemandMax":null,"Value":600},{"Length":33,"Height":18,"Demand":8,"DemandMax":null,"Value":594},{"Length":37,"Height":16,"Demand":9,"DemandMax":null,"Value":592},{"Length":39,"Height":15,"Demand":9,"DemandMax":null,"Value":585},{"Length":36,"Height":16,"Demand":9,"DemandMax":null,"Value":576},{"Length":28,"Height":20,"Demand":11,"DemandMax":null,"Value":560},{"Length":31,"Height":18,"Demand":6,"DemandMax":null,"Value":558},{"Length":29,"Height":19,"Demand":5,"DemandMax":null,"Value":551},{"Length":36,"Height":15,"Demand":11,"DemandMax":null,"Value":540},{"Length":49,"Height":11,"Demand":6,"DemandMax":null,"Value":539},{"Length":41,"Height":13,"Demand":13,"DemandMax":null,"Value":533},{"Length":33,"Height":16,"Demand":10,"DemandMax":null,"Value":528},{"Length":24,"Height":22,"Demand":6,"DemandMax":null,"Value":528},{"Length":52,"Height":10,"Demand":9,"DemandMax":null,"Value":520},{"Length":32,"Height":16,"Demand":6,"DemandMax":null,"Value":512},{"Length":34,"Height":15,"Demand":7,"DemandMax":null,"Value":510},{"Length":23,"Height":22,"Demand":4,"DemandMax":null,"Value":506},{"Length":35,"Height":14,"Demand":3,"DemandMax":null,"Value":490},{"Length":23,"Height":21,"Demand":10,"DemandMax":null,"Value":483},{"Length":24,"Height":20,"Demand":9,"DemandMax":null,"Value":480},{"Length":26,"Height":18,"Demand":6,"DemandMax":null,"Value":468},{"Length":31,"Height":15,"Demand":11,"DemandMax":null,"Value":465},{"Length":42,"Height":11,"Demand":5,"DemandMax":null,"Value":462},{"Length":27,"Height":17,"Demand":9,"DemandMax":null,"Value":459},{"Length":35,"Height":13,"Demand":8,"DemandMax":null,"Value":455},{"Length":45,"Height":10,"Demand":7,"DemandMax":null,"Value":450},{"Length":32,"Height":14,"Demand":7,"DemandMax":null,"Value":448},{"Length":23,"Height":19,"Demand":3,"DemandMax":null,"Value":437},{"Length":32,"Height":13,"Demand":11,"DemandMax":null,"Value":416},{"Length":31,"Height":13,"Demand":10,"DemandMax":null,"Value":403},{"Length":20,"Height":20,"Demand":11,"DemandMax":null,"Value":400},{"Length":21,"Height":19,"Demand":7,"DemandMax":null,"Value":399},{"Length":36,"Height":11,"Demand":6,"DemandMax":null,"Value":396},{"Length":30,"Height":13,"Demand":13,"DemandMax":null,"Value":390},{"Length":26,"Height":15,"Demand":5,"DemandMax":null,"Value":390},{"Length":24,"Height":16,"Demand":8,"DemandMax":null,"Value":384},{"Length":23,"Height":16,"Demand":7,"DemandMax":null,"Value":368},{"Length":24,"Height":15,"Demand":5,"DemandMax":null,"Value":360},{"Length":27,"Height":13,"Demand":9,"DemandMax":null,"Value":351},{"Length":28,"Height":12,"Demand":7,"DemandMax":null,"Value":336},{"Length":27,"Height":12,"Demand":5,"DemandMax":null,"Value":324},{"Length":19,"Height":17,"Demand":6,"DemandMax":null,"Value":323},{"Length":20,"Height":16,"Demand":10,"DemandMax":null,"Value":320},{"Length":22,"Height":14,"Demand":8,"DemandMax":null,"Value":308},{"Length":25,"Height":12,"Demand":15,"DemandMax":null,"Value":300},{"Length":21,"Height":14,"Demand":9,"DemandMax":null,"Value":294},{"Length":17,"Height":16,"Demand":9,"DemandMax":null,"Value":272},{"Length":19,"Height":14,"Demand":7,"DemandMax":null,"Value":266},{"Length":22,"Height":12,"Demand":10,"DemandMax":null,"Value":264},{"Length":20,"Height":13,"Demand":9,"DemandMax":null,"Value":260},{"Length":17,"Height":15,"Demand":5,"DemandMax":null,"Value":255},{"Length":18,"Height":14,"Demand":6,"DemandMax":null,"Value":252},{"Length":21,"Height":12,"Demand":10,"DemandMax":null,"Value":252},{"Length":20,"Height":11,"Demand":9,"DemandMax":null,"Value":220},{"Length":19,"Height":11,"Demand":5,"DemandMax":null,"Value":209},{"Length":18,"Height":11,"Demand":3,"DemandMax":null,"Value":198},{"Length":15,"Height":13,"Demand":8,"DemandMax":null,"Value":195}]}