{"Name":"MB08_031","Objects":[{"Length":587,"Height":233,"Stock":null,"Cost":136771}],"Items":[{"Length":49,"Height":49,"Demand":17,"DemandMax":null,"Value":2401},{"Length":59,"Height":39,"Demand":12,"DemandMax":null,"Value":2301},{"Length":57,"Height":37,"Demand":9,"DemandMax":null,"Value":2109},{"Length":51,"Height":38,"Demand":19,"DemandMax":null,"Value":1938},{"Length":52,"Height":37,"Demand":16,"DemandMax":null,"Value":1924},{"Length":48,"Height":40,"Demand":11,"DemandMax":null,"Value":1920},{"Length":50,"Height":36,"Demand":14,"DemandMax":null,"Value":1800},{"Length":49,"Height":36,"Demand":20,"DemandMax":null,"Value":1764},{"Length":42,"Height":39,"Demand":12,"DemandMax":null,"Value":1638},{"Length":43,"Height":38,"Demand":15,"DemandMax":null,"Value":1634},{"Length":51,"Height":31,"Demand":9,"DemandMax":null,"Value":1581},{"Length":45,"Height":35,"Demand":11,"DemandMax":null,"Value":1575},{"Length":54,"Height":29,"Demand":18,"DemandMax":null,"Value":1566},{"Length":42,"Height":36,"Demand":22,"DemandMax":null,"Value":1512},{"Length":53,"Height":28,"Demand":12,"DemandMax":null,"Value":1484},{"Length":51,"Height":29,"Demand":15,"DemandMax":null,"Value":1479},{"Length":46,"Height":32,"Demand":13,"DemandMax":null,"Value":1472},{"Length":47,"Height":31,"Demand":13,"DemandMax":null,"Value":1457},{"Length":39,"Height":37,"Demand":18,"DemandMax":null,"Value":1443},{"Length":58,"Height":23,"Demand":22,"DemandMax":null,"Value":1334},{"Length":45,"Height":29,"Demand":11,"DemandMax":null,"Value":1305},{"Length":47,"Height":27,"Demand":14,"DemandMax":null,"Value":1269},{"Length":45,"Height":27,"Demand":13,"DemandMax":null,"Value":1215},{"Length":44,"Height":27,"Demand":20,"DemandMax":null,"Value":1188},{"Length":37,"Height":32,"Demand":18,"DemandMax":null,"Value":1184},{"Length":47,"Height":25,"Demand":15,"DemandMax":null,"Value":1175},{"Length":41,"Height":28,"Demand":12,"DemandMax":null,"Value":1148},{"Length":38,"Height":30,"Demand":12,"DemandMax":null,"Value":1140},{"Length":49,"Height":23,"Demand":12,"DemandMax":null,"Value":1127},{"Length":45,"Height":25,"Demand":12,"DemandMax":null,"Value":1125},{"Length":34,"Height":33,"Demand":14,"DemandMax":null,"Value":1122},{"Length":59,"Height":19,"Demand":16,"DemandMax":null,"Value":1121},{"Length":40,"Height":27,"Demand":15,"DemandMax":null,"Value":1080},{"Length":37,"Height":29,"Demand":14,"DemandMax":null,"Value":1073},{"Length":35,"Height":30,"Demand":20,"DemandMax":null,"Value":1050},{"Length":38,"Height":27,"Demand":21,"DemandMax":null,"Value":1026},{"Length":56,"Height":18,"Demand":14,"DemandMax":null,"Value":1008},{"Length":51,"Height":19,"Demand":17,"DemandMax":null,"Value":969},{"Length":45,"Height":21,"Demand":19,"DemandMax":null,"Value":945},{"Length":32,"Height":29,"Demand":17,"DemandMax":null,"Value":928},{"Length":42,"Height":22,"Demand":14,"DemandMax":null,"Value":924},{"Length":44,"Height":21,"Demand":16,"DemandMax":null,"Value":924},{"Length":33,"Height":28,"Demand":14,"DemandMax":null,"Value":924},{"Length":47,"Height":19,"Demand":14,"DemandMax":null,"Value":893},{"Length":33,"Height":26,"Demand":13,"DemandMax":null,"Value":858},{"Length":50,"Height":17,"Demand":18,"DemandMax":null,"Value":850},{"Length":35,"Height":24,"Demand":15,"DemandMax":null,"Value":840},{"Length":40,"Height":21,"Demand":15,"DemandMax":null,"Value":840},{"Length":37,"Height":22,"Demand":11,"DemandMax":null,"Value":814},{"Length":54,"Height":15,"Demand":16,"DemandMax":null,"Value":810},{"Length":32,"Height":25,"Demand":12,"DemandMax":null,"Value":800},{"Length":34,"Height":23,"Demand":12,"DemandMax":null,"Value":782},{"Length":39,"Height":20,"Demand":15,"DemandMax":null,"Value":780},{"Length":54,"Height":14,"Demand":20,"DemandMax":null,"Value":756},{"Length":34,"Height":22,"Demand":16,"DemandMax":null,"Value":748},{"Length":37,"Height":20,"Demand":15,"DemandMax":null,"Value":740},{"Length":46,"Height":16,"Demand":18,"DemandMax":null,"Value":736},{"Length":38,"Height":19,"Demand":19,"DemandMax":null,"Value":722},{"Length":55,"Height":13,"Demand":20,"DemandMax":null,"Value":715},{"Length":47,"Height":15,"Demand":17,"DemandMax":null,"Value":705},{"Length":30,"Height":23,"Demand":17,"DemandMax":null,"Value":690},{"Length":43,"Height":16,"Demand":18,"DemandMax":null,"Value":688},{"Length":38,"Height":18,"Demand":21,"DemandMax":null,"Value":684},{"Length":32,"Height":21,"Demand":12,"DemandMax":null,"Value":672},{"Length":37,"Height":18,"Demand":24,"DemandMax":null,"Value":666},{"Length":50,"Height":13,"Demand":8,"DemandMax":null,"Value":650},{"Length":36,"Height":18,"Demand":14,"DemandMax":null,"Value":648},{"Length":35,"Height":18,"Demand":14,"DemandMax":null,"Value":630},{"Length":42,"Height":15,"Demand":22,"DemandMax":null,"Value":630},{"Length":26,"Height":24,"Demand":20,"DemandMax":null,"Value":624},{"Length":30,"Height":20,"Demand":18,"DemandMax":null,"Value":600},{"Length":35,"Height":17,"Demand":16,"DemandMax":null,"Value":595},{"Length":35,"Height":16,"Demand":23,"DemandMax":null,"Value":560},{"Length":24,"Height":23,"Demand":18,"DemandMax":null,"Value":552},{"Length":25,"Height":22,"Demand":15,"DemandMax":null,"Value":550},{"Length":53,"Height":10,"Demand":12,"DemandMax":null,"Value":530},{"Length":25,"Height":21,"Demand":16,"DemandMax":null,"Value":525},{"Length":26,"Height":20,"Demand":16,"DemandMax":null,"Value":520},{"Length":28,"Height":18,"Demand":14,"DemandMax":null,"Value":504},{"Length":26,"Height":18,"Demand":16,"DemandMax":null,"Value":468},{"Length":27,"Height":15,"Demand":11,"DemandMax":null,"Value":405},{"Length":36,"Height":11,"Demand":21,"DemandMax":null,"Value":396},{"Length":22,"Height":17,"Demand":13,"DemandMax":null,"Value":374},{"Length":26,"Height":14,"Demand":16,"DemandMax":null,"Value":364},{"Length":20,"Height":18,"Demand":14,"DemandMax":null,"Value":360},{"Length":23,"Height":15,"Demand":16,"DemandMax":null,"Value":345},{"Length":21,"Height":16,"Demand":14,"DemandMax":null,"Value":336},{"Length":22,"Height":14,"Demand":15,"DemandMax":null,"Value":308},{"Length":18,"Height":15,"Demand":18,"DemandMax":null,"Value":270},{"Length":21,"Height":12,"Demand":11,"DemandMax":null,"Value":252},{"Length":16,"Height":15,"Demand":11,"DemandMax":null,"Value":240},{"Length":16,"Height":14,"Demand":15,"DemandMax":null,"Value":224},{"Length":17,"Height":13,"Demand":11,"DemandMax":null,"Value":221},{"Length":12,"Height":10,"Demand":25,"DemandMax":null,"Value":120}]}