{"Name":"MB08_116","Objects":[{"Length":587,"Height":233,"Stock":null,"Cost":136771}],"Items":[{"Length":59,"Height":46,"Demand":2,"DemandMax":null,"Value":2714},{"Length":54,"Height":50,"Demand":3,"DemandMax":null,"Value":2700},{"Length":52,"Height":49,"Demand":2,"DemandMax":null,"Value":2548},{"Length":57,"Height":44,"Demand":1,"DemandMax":null,"Value":2508},{"Length":53,"Height":47,"Demand":2,"DemandMax":null,"Value":2491},{"Length":57,"Height":43,"Demand":1,"DemandMax":null,"Value":2451},{"Length":52,"Height":47,"Demand":5,"DemandMax":null,"Value":2444},{"Length":56,"Height":43,"Demand":1,"DemandMax":null,"Value":2408},{"Length":50,"Height":47,"Demand":3,"DemandMax":null,"Value":2350},{"Length":57,"Height":40,"Demand":2,"DemandMax":null,"Value":2280},{"Length":60,"Height":38,"Demand":5,"DemandMax":null,"Value":2280},{"Length":50,"Height":45,"Demand":3,"DemandMax":null,"Value":2250},{"Length":59,"Height":38,"Demand":1,"DemandMax":null,"Value":2242},{"Length":53,"Height":42,"Demand":3,"DemandMax":null,"Value":2226},{"Length":57,"Height":39,"Demand":2,"DemandMax":null,"Value":2223},{"Length":47,"Height":46,"Demand":2,"DemandMax":null,"Value":2162},{"Length":54,"Height":40,"Demand":2,"DemandMax":null,"Value":2160},{"Length":50,"Height":43,"Demand":5,"DemandMax":null,"Value":2150},{"Length":56,"Height":38,"Demand":1,"DemandMax":null,"Value":2128},{"Length":48,"Height":44,"Demand":1,"DemandMax":null,"Value":2112},{"Length":54,"Height":39,"Demand":1,"DemandMax":null,"Value":2106},{"Length":50,"Height":42,"Demand":4,"DemandMax":null,"Value":2100},{"Length":53,"Height":39,"Demand":2,"DemandMax":null,"Value":2067},{"Length":57,"Height":36,"Demand":2,"DemandMax":null,"Value":2052},{"Length":50,"Height":41,"Demand":1,"DemandMax":null,"Value":2050},{"Length":46,"Height":44,"Demand":4,"DemandMax":null,"Value":2024},{"Length":56,"Height":36,"Demand":3,"DemandMax":null,"Value":2016},{"Length":57,"Height":35,"Demand":3,"DemandMax":null,"Value":1995},{"Length":56,"Height":35,"Demand":2,"DemandMax":null,"Value":1960},{"Length":46,"Height":42,"Demand":2,"DemandMax":null,"Value":1932},{"Length":52,"Height":37,"Demand":3,"DemandMax":null,"Value":1924},{"Length":58,"Height":33,"Demand":1,"DemandMax":null,"Value":1914},{"Length":45,"Height":42,"Demand":2,"DemandMax":null,"Value":1890},{"Length":51,"Height":37,"Demand":1,"DemandMax":null,"Value":1887},{"Length":52,"Height":36,"Demand":1,"DemandMax":null,"Value":1872},{"Length":48,"Height":39,"Demand":1,"DemandMax":null,"Value":1872},{"Length":49,"Height":38,"Demand":4,"DemandMax":null,"Value":1862},{"Length":60,"Height":31,"Demand":1,"DemandMax":null,"Value":1860},{"Length":45,"Height":41,"Demand":3,"DemandMax":null,"Value":1845},{"Length":59,"Height":31,"Demand":2,"DemandMax":null,"Value":1829},{"Length":57,"Height":32,"Demand":2,"DemandMax":null,"Value":1824},{"Length":52,"Height":35,"Demand":1,"DemandMax":null,"Value":1820},{"Length":53,"Height":34,"Demand":3,"DemandMax":null,"Value":1802},{"Length":45,"Height":40,"Demand":2,"DemandMax":null,"Value":1800},{"Length":56,"Height":32,"Demand":4,"DemandMax":null,"Value":1792},{"Length":54,"Height":33,"Demand":2,"DemandMax":null,"Value":1782},{"Length":59,"Height":30,"Demand":4,"DemandMax":null,"Value":1770},{"Length":50,"Height":35,"Demand":2,"DemandMax":null,"Value":1750},{"Length":53,"Height":33,"Demand":3,"DemandMax":null,"Value":1749},{"Length":46,"Height":38,"Demand":6,"DemandMax":null,"Value":1748},{"Length":47,"Height":37,"Demand":2,"DemandMax":null,"Value":1739},{"Length":49,"Height":35,"Demand":2,"DemandMax":null,"Value":1715},{"Length":55,"Height":31,"Demand":2,"DemandMax":null,"Value":1705},{"Length":53,"Height":32,"Demand":2,"DemandMax":null,"Value":1696},{"Length":47,"Height":36,"Demand":2,"DemandMax":null,"Value":1692},{"Length":48,"Height":35,"Demand":2,"DemandMax":null,"Value":1680},{"Length":54,"Height":31,"Demand":4,"DemandMax":null,"Value":1674},{"Length":44,"Height":38,"Demand":3,"DemandMax":null,"Value":1672},{"Length":46,"Height":36,"Demand":4,"DemandMax":null,"Value":1656},{"Length":50,"Height":33,"Demand":3,"DemandMax":null,"Value":1650},{"Length":41,"Height":40,"Demand":1,"DemandMax":null,"Value":1640},{"Length":48,"Height":34,"Demand":3,"DemandMax":null,"Value":1632},{"Length":51,"Height":32,"Demand":7,"DemandMax":null,"Value":1632},{"Length":44,"Height":37,"Demand":3,"DemandMax":null,"Value":1628},{"Length":49,"Height":33,"Demand":5,"DemandMax":null,"Value":1617},{"Length":50,"Height":32,"Demand":4,"DemandMax":null,"Value":1600},{"Length":41,"Height":39,"Demand":5,"DemandMax":null,"Value":1599},{"Length":47,"Height":34,"Demand":4,"DemandMax":null,"Value":1598},{"Length":42,"Height":38,"Demand":2,"DemandMax":null,"Value":1596},{"Length":49,"Height":32,"Demand":1,"DemandMax":null,"Value":1568},{"Length":58,"Height":27,"Demand":7,"DemandMax":null,"Value":1566},{"Length":46,"Height":34,"Demand":1,"DemandMax":null,"Value":1564},{"Length":40,"Height":39,"Demand":2,"DemandMax":null,"Value":1560},{"Length":52,"Height":30,"Demand":1,"DemandMax":null,"Value":1560},{"Length":41,"Height":38,"Demand":2,"DemandMax":null,"Value":1558},{"Length":47,"Height":33,"Demand":2,"DemandMax":null,"Value":1551},{"Length":43,"Height":36,"Demand":2,"DemandMax":null,"Value":1548},{"Length":59,"Height":26,"Demand":2,"DemandMax":null,"Value":1534},{"Length":45,"Height":34,"Demand":5,"DemandMax":null,"Value":1530},{"Length":40,"Height":38,"Demand":1,"DemandMax":null,"Value":1520},{"Length":46,"Height":33,"Demand":2,"DemandMax":null,"Value":1518},{"Length":53,"Height":28,"Demand":4,"DemandMax":null,"Value":1484},{"Length":39,"Height":38,"Demand":2,"DemandMax":null,"Value":1482},{"Length":40,"Height":37,"Demand":1,"DemandMax":null,"Value":1480},{"Length":41,"Height":36,"Demand":3,"DemandMax":null,"Value":1476},{"Length":49,"Height":30,"Demand":1,"DemandMax":null,"Value":1470},{"Length":54,"Height":27,"Demand":6,"DemandMax":null,"Value":1458},{"Length":52,"Height":28,"Demand":3,"DemandMax":null,"Value":1456},{"Length":40,"Height":36,"Demand":5,"DemandMax":null,"Value":1440},{"Length":60,"Height":24,"Demand":3,"DemandMax":null,"Value":1440},{"Length":42,"Height":34,"Demand":3,"DemandMax":null,"Value":1428},{"Length":46,"Height":31,"Demand":3,"DemandMax":null,"Value":1426},{"Length":49,"Height":29,"Demand":2,"DemandMax":null,"Value":1421},{"Length":43,"Height":33,"Demand":3,"DemandMax":null,"Value":1419},{"Length":47,"Height":30,"Demand":3,"DemandMax":null,"Value":1410},{"Length":38,"Height":37,"Demand":7,"DemandMax":null,"Value":1406},{"Length":39,"Height":36,"Demand":6,"DemandMax":null,"Value":1404},{"Length":54,"Height":26,"Demand":3,"DemandMax":null,"Value":1404},{"Length":56,"Height":25,"Demand":2,"DemandMax":null,"Value":1400},{"Length":50,"Height":28,"Demand":2,"DemandMax":null,"Value":1400},{"Length":45,"Height":31,"Demand":3,"DemandMax":null,"Value":1395},{"Length":48,"Height":29,"Demand":3,"DemandMax":null,"Value":1392},{"Length":42,"Height":33,"Demand":7,"DemandMax":null,"Value":1386},{"Length":46,"Height":30,"Demand":3,"DemandMax":null,"Value":1380},{"Length":51,"Height":27,"Demand":2,"DemandMax":null,"Value":1377},{"Length":43,"Height":32,"Demand":1,"DemandMax":null,"Value":1376},{"Length":49,"Height":28,"Demand":2,"DemandMax":null,"Value":1372},{"Length":38,"Height":36,"Demand":1,"DemandMax":null,"Value":1368},{"Length":45,"Height":30,"Demand":2,"DemandMax":null,"Value":1350},{"Length":42,"Height":32,"Demand":4,"DemandMax":null,"Value":1344},{"Length":56,"Height":24,"Demand":2,"DemandMax":null,"Value":1344},{"Length":43,"Height":31,"Demand":1,"DemandMax":null,"Value":1333},{"Length":53,"Height":25,"Demand":1,"DemandMax":null,"Value":1325},{"Length":60,"Height":22,"Demand":1,"DemandMax":null,"Value":1320},{"Length":44,"Height":30,"Demand":4,"DemandMax":null,"Value":1320},{"Length":42,"Height":31,"Demand":1,"DemandMax":null,"Value":1302},{"Length":52,"Height":25,"Demand":2,"DemandMax":null,"Value":1300},{"Length":59,"Height":22,"Demand":2,"DemandMax":null,"Value":1298},{"Length":54,"Height":24,"Demand":1,"DemandMax":null,"Value":1296},{"Length":38,"Height":34,"Demand":5,"DemandMax":null,"Value":1292},{"Length":56,"Height":23,"Demand":4,"DemandMax":null,"Value":1288},{"Length":39,"Height":33,"Demand":2,"DemandMax":null,"Value":1287},{"Length":40,"Height":32,"Demand":4,"DemandMax":null,"Value":1280},{"Length":44,"Height":29,"Demand":3,"DemandMax":null,"Value":1276},{"Length":58,"Height":22,"Demand":2,"DemandMax":null,"Value":1276},{"Length":47,"Height":27,"Demand":4,"DemandMax":null,"Value":1269},{"Length":45,"Height":28,"Demand":2,"DemandMax":null,"Value":1260},{"Length":42,"Height":30,"Demand":4,"DemandMax":null,"Value":1260},{"Length":38,"Height":33,"Demand":5,"DemandMax":null,"Value":1254},{"Length":39,"Height":32,"Demand":3,"DemandMax":null,"Value":1248},{"Length":56,"Height":22,"Demand":2,"DemandMax":null,"Value":1232},{"Length":44,"Height":28,"Demand":1,"DemandMax":null,"Value":1232},{"Length":41,"Height":30,"Demand":2,"DemandMax":null,"Value":1230},{"Length":49,"Height":25,"Demand":2,"DemandMax":null,"Value":1225},{"Length":36,"Height":34,"Demand":4,"DemandMax":null,"Value":1224},{"Length":42,"Height":29,"Demand":1,"DemandMax":null,"Value":1218},{"Length":38,"Height":32,"Demand":1,"DemandMax":null,"Value":1216},{"Length":39,"Height":31,"Demand":3,"DemandMax":null,"Value":1209},{"Length":48,"Height":25,"Demand":1,"DemandMax":null,"Value":1200},{"Length":57,"Height":21,"Demand":2,"DemandMax":null,"Value":1197},{"Length":46,"Height":26,"Demand":3,"DemandMax":null,"Value":1196},{"Length":44,"Height":27,"Demand":1,"DemandMax":null,"Value":1188},{"Length":37,"Height":32,"Demand":4,"DemandMax":null,"Value":1184},{"Length":38,"Height":31,"Demand":3,"DemandMax":null,"Value":1178},{"Length":47,"Height":25,"Demand":2,"DemandMax":null,"Value":1175},{"Length":53,"Height":22,"Demand":3,"DemandMax":null,"Value":1166},{"Length":43,"Height":27,"Demand":2,"DemandMax":null,"Value":1161},{"Length":58,"Height":20,"Demand":2,"DemandMax":null,"Value":1160},{"Length":40,"Height":29,"Demand":2,"DemandMax":null,"Value":1160},{"Length":48,"Height":24,"Demand":3,"DemandMax":null,"Value":1152},{"Length":50,"Height":23,"Demand":3,"DemandMax":null,"Value":1150},{"Length":44,"Height":26,"Demand":4,"DemandMax":null,"Value":1144},{"Length":38,"Height":30,"Demand":3,"DemandMax":null,"Value":1140},{"Length":54,"Height":21,"Demand":2,"DemandMax":null,"Value":1134},{"Length":39,"Height":29,"Demand":1,"DemandMax":null,"Value":1131},{"Length":34,"Height":33,"Demand":3,"DemandMax":null,"Value":1122},{"Length":36,"Height":31,"Demand":3,"DemandMax":null,"Value":1116},{"Length":41,"Height":27,"Demand":3,"DemandMax":null,"Value":1107},{"Length":48,"Height":23,"Demand":2,"DemandMax":null,"Value":1104},{"Length":38,"Height":29,"Demand":2,"DemandMax":null,"Value":1102},{"Length":39,"Height":28,"Demand":6,"DemandMax":null,"Value":1092},{"Length":34,"Height":32,"Demand":2,"DemandMax":null,"Value":1088},{"Length":35,"Height":31,"Demand":6,"DemandMax":null,"Value":1085},{"Length":40,"Height":27,"Demand":3,"DemandMax":null,"Value":1080},{"Length":49,"Height":22,"Demand":2,"DemandMax":null,"Value":1078},{"Length":43,"Height":25,"Demand":4,"DemandMax":null,"Value":1075},{"Length":37,"Height":29,"Demand":2,"DemandMax":null,"Value":1073},{"Length":51,"Height":21,"Demand":3,"DemandMax":null,"Value":1071},{"Length":38,"Height":28,"Demand":4,"DemandMax":null,"Value":1064},{"Length":46,"Height":23,"Demand":3,"DemandMax":null,"Value":1058},{"Length":33,"Height":32,"Demand":1,"DemandMax":null,"Value":1056},{"Length":34,"Height":31,"Demand":3,"DemandMax":null,"Value":1054},{"Length":39,"Height":27,"Demand":2,"DemandMax":null,"Value":1053},{"Length":35,"Height":30,"Demand":3,"DemandMax":null,"Value":1050},{"Length":42,"Height":25,"Demand":3,"DemandMax":null,"Value":1050},{"Length":50,"Height":21,"Demand":2,"DemandMax":null,"Value":1050},{"Length":40,"Height":26,"Demand":2,"DemandMax":null,"Value":1040},{"Length":37,"Height":28,"Demand":1,"DemandMax":null,"Value":1036},{"Length":47,"Height":22,"Demand":4,"DemandMax":null,"Value":1034},{"Length":43,"Height":24,"Demand":3,"DemandMax":null,"Value":1032},{"Length":38,"Height":27,"Demand":1,"DemandMax":null,"Value":1026},{"Length":41,"Height":25,"Demand":3,"DemandMax":null,"Value":1025},{"Length":33,"Height":31,"Demand":3,"DemandMax":null,"Value":1023},{"Length":34,"Height":30,"Demand":1,"DemandMax":null,"Value":1020},{"Length":35,"Height":29,"Demand":3,"DemandMax":null,"Value":1015},{"Length":39,"Height":26,"Demand":2,"DemandMax":null,"Value":1014},{"Length":46,"Height":22,"Demand":2,"DemandMax":null,"Value":1012},{"Length":59,"Height":17,"Demand":2,"DemandMax":null,"Value":1003},{"Length":37,"Height":27,"Demand":6,"DemandMax":null,"Value":999},{"Length":55,"Height":18,"Demand":2,"DemandMax":null,"Value":990},{"Length":45,"Height":22,"Demand":4,"DemandMax":null,"Value":990},{"Length":43,"Height":23,"Demand":1,"DemandMax":null,"Value":989},{"Length":52,"Height":19,"Demand":1,"DemandMax":null,"Value":988},{"Length":47,"Height":21,"Demand":1,"DemandMax":null,"Value":987},{"Length":39,"Height":25,"Demand":2,"DemandMax":null,"Value":975},{"Length":54,"Height":18,"Demand":3,"DemandMax":null,"Value":972},{"Length":44,"Height":22,"Demand":1,"DemandMax":null,"Value":968},{"Length":46,"Height":21,"Demand":3,"DemandMax":null,"Value":966},{"Length":42,"Height":23,"Demand":6,"DemandMax":null,"Value":966},{"Length":33,"Height":29,"Demand":4,"DemandMax":null,"Value":957},{"Length":34,"Height":28,"Demand":2,"DemandMax":null,"Value":952},{"Length":50,"Height":19,"Demand":3,"DemandMax":null,"Value":950},{"Length":38,"Height":25,"Demand":2,"DemandMax":null,"Value":950},{"Length":43,"Height":22,"Demand":1,"DemandMax":null,"Value":946},{"Length":45,"Height":21,"Demand":3,"DemandMax":null,"Value":945},{"Length":41,"Height":23,"Demand":3,"DemandMax":null,"Value":943},{"Length":52,"Height":18,"Demand":4,"DemandMax":null,"Value":936},{"Length":39,"Height":24,"Demand":2,"DemandMax":null,"Value":936},{"Length":36,"Height":26,"Demand":4,"DemandMax":null,"Value":936},{"Length":49,"Height":19,"Demand":1,"DemandMax":null,"Value":931},{"Length":37,"Height":25,"Demand":2,"DemandMax":null,"Value":925},{"Length":44,"Height":21,"Demand":1,"DemandMax":null,"Value":924},{"Length":40,"Height":23,"Demand":3,"DemandMax":null,"Value":920},{"Length":34,"Height":27,"Demand":3,"DemandMax":null,"Value":918},{"Length":57,"Height":16,"Demand":3,"DemandMax":null,"Value":912},{"Length":35,"Height":26,"Demand":4,"DemandMax":null,"Value":910},{"Length":53,"Height":17,"Demand":3,"DemandMax":null,"Value":901},{"Length":45,"Height":20,"Demand":5,"DemandMax":null,"Value":900},{"Length":36,"Height":25,"Demand":3,"DemandMax":null,"Value":900},{"Length":31,"Height":29,"Demand":5,"DemandMax":null,"Value":899},{"Length":39,"Height":23,"Demand":5,"DemandMax":null,"Value":897},{"Length":32,"Height":28,"Demand":5,"DemandMax":null,"Value":896},{"Length":56,"Height":16,"Demand":2,"DemandMax":null,"Value":896},{"Length":47,"Height":19,"Demand":3,"DemandMax":null,"Value":893},{"Length":40,"Height":22,"Demand":2,"DemandMax":null,"Value":880},{"Length":44,"Height":20,"Demand":1,"DemandMax":null,"Value":880},{"Length":55,"Height":16,"Demand":5,"DemandMax":null,"Value":880},{"Length":35,"Height":25,"Demand":3,"DemandMax":null,"Value":875},{"Length":46,"Height":19,"Demand":1,"DemandMax":null,"Value":874},{"Length":38,"Height":23,"Demand":1,"DemandMax":null,"Value":874},{"Length":32,"Height":27,"Demand":5,"DemandMax":null,"Value":864},{"Length":36,"Height":24,"Demand":3,"DemandMax":null,"Value":864},{"Length":39,"Height":22,"Demand":2,"DemandMax":null,"Value":858},{"Length":37,"Height":23,"Demand":2,"DemandMax":null,"Value":851},{"Length":53,"Height":16,"Demand":1,"DemandMax":null,"Value":848},{"Length":29,"Height":29,"Demand":3,"DemandMax":null,"Value":841},{"Length":30,"Height":28,"Demand":2,"DemandMax":null,"Value":840},{"Length":44,"Height":19,"Demand":1,"DemandMax":null,"Value":836},{"Length":32,"Height":26,"Demand":2,"DemandMax":null,"Value":832},{"Length":36,"Height":23,"Demand":2,"DemandMax":null,"Value":828},{"Length":55,"Height":15,"Demand":4,"DemandMax":null,"Value":825},{"Length":39,"Height":21,"Demand":2,"DemandMax":null,"Value":819},{"Length":51,"Height":16,"Demand":3,"DemandMax":null,"Value":816},{"Length":29,"Height":28,"Demand":2,"DemandMax":null,"Value":812},{"Length":45,"Height":18,"Demand":1,"DemandMax":null,"Value":810},{"Length":54,"Height":15,"Demand":2,"DemandMax":null,"Value":810},{"Length":31,"Height":26,"Demand":2,"DemandMax":null,"Value":806},{"Length":35,"Height":23,"Demand":1,"DemandMax":null,"Value":805},{"Length":40,"Height":20,"Demand":3,"DemandMax":null,"Value":800},{"Length":32,"Height":25,"Demand":6,"DemandMax":null,"Value":800},{"Length":50,"Height":16,"Demand":2,"DemandMax":null,"Value":800},{"Length":57,"Height":14,"Demand":2,"DemandMax":null,"Value":798},{"Length":42,"Height":19,"Demand":4,"DemandMax":null,"Value":798},{"Length":53,"Height":15,"Demand":3,"DemandMax":null,"Value":795},{"Length":33,"Height":24,"Demand":10,"DemandMax":null,"Value":792},{"Length":36,"Height":22,"Demand":2,"DemandMax":null,"Value":792},{"Length":44,"Height":18,"Demand":3,"DemandMax":null,"Value":792},{"Length":28,"Height":28,"Demand":4,"DemandMax":null,"Value":784},{"Length":49,"Height":16,"Demand":3,"DemandMax":null,"Value":784},{"Length":46,"Height":17,"Demand":3,"DemandMax":null,"Value":782},{"Length":34,"Height":23,"Demand":3,"DemandMax":null,"Value":782},{"Length":39,"Height":20,"Demand":2,"DemandMax":null,"Value":780},{"Length":30,"Height":26,"Demand":6,"DemandMax":null,"Value":780},{"Length":37,"Height":21,"Demand":3,"DemandMax":null,"Value":777},{"Length":31,"Height":25,"Demand":4,"DemandMax":null,"Value":775},{"Length":43,"Height":18,"Demand":4,"DemandMax":null,"Value":774},{"Length":35,"Height":22,"Demand":4,"DemandMax":null,"Value":770},{"Length":48,"Height":16,"Demand":7,"DemandMax":null,"Value":768},{"Length":32,"Height":24,"Demand":3,"DemandMax":null,"Value":768},{"Length":59,"Height":13,"Demand":2,"DemandMax":null,"Value":767},{"Length":40,"Height":19,"Demand":3,"DemandMax":null,"Value":760},{"Length":33,"Height":23,"Demand":2,"DemandMax":null,"Value":759},{"Length":28,"Height":27,"Demand":6,"DemandMax":null,"Value":756},{"Length":36,"Height":21,"Demand":5,"DemandMax":null,"Value":756},{"Length":42,"Height":18,"Demand":5,"DemandMax":null,"Value":756},{"Length":29,"Height":26,"Demand":1,"DemandMax":null,"Value":754},{"Length":47,"Height":16,"Demand":3,"DemandMax":null,"Value":752},{"Length":34,"Height":22,"Demand":1,"DemandMax":null,"Value":748},{"Length":49,"Height":15,"Demand":3,"DemandMax":null,"Value":735},{"Length":35,"Height":21,"Demand":2,"DemandMax":null,"Value":735},{"Length":28,"Height":26,"Demand":4,"DemandMax":null,"Value":728},{"Length":52,"Height":14,"Demand":1,"DemandMax":null,"Value":728},{"Length":33,"Height":22,"Demand":2,"DemandMax":null,"Value":726},{"Length":60,"Height":12,"Demand":4,"DemandMax":null,"Value":720},{"Length":36,"Height":20,"Demand":3,"DemandMax":null,"Value":720},{"Length":40,"Height":18,"Demand":2,"DemandMax":null,"Value":720},{"Length":30,"Height":24,"Demand":2,"DemandMax":null,"Value":720},{"Length":34,"Height":21,"Demand":6,"DemandMax":null,"Value":714},{"Length":42,"Height":17,"Demand":3,"DemandMax":null,"Value":714},{"Length":51,"Height":14,"Demand":2,"DemandMax":null,"Value":714},{"Length":47,"Height":15,"Demand":2,"DemandMax":null,"Value":705},{"Length":44,"Height":16,"Demand":3,"DemandMax":null,"Value":704},{"Length":37,"Height":19,"Demand":1,"DemandMax":null,"Value":703},{"Length":39,"Height":18,"Demand":3,"DemandMax":null,"Value":702},{"Length":27,"Height":26,"Demand":3,"DemandMax":null,"Value":702},{"Length":28,"Height":25,"Demand":2,"DemandMax":null,"Value":700},{"Length":35,"Height":20,"Demand":4,"DemandMax":null,"Value":700},{"Length":41,"Height":17,"Demand":2,"DemandMax":null,"Value":697},{"Length":29,"Height":24,"Demand":1,"DemandMax":null,"Value":696},{"Length":33,"Height":21,"Demand":1,"DemandMax":null,"Value":693},{"Length":30,"Height":23,"Demand":2,"DemandMax":null,"Value":690},{"Length":49,"Height":14,"Demand":4,"DemandMax":null,"Value":686},{"Length":38,"Height":18,"Demand":2,"DemandMax":null,"Value":684},{"Length":57,"Height":12,"Demand":2,"DemandMax":null,"Value":684},{"Length":31,"Height":22,"Demand":3,"DemandMax":null,"Value":682},{"Length":34,"Height":20,"Demand":3,"DemandMax":null,"Value":680},{"Length":26,"Height":26,"Demand":3,"DemandMax":null,"Value":676},{"Length":27,"Height":25,"Demand":5,"DemandMax":null,"Value":675},{"Length":45,"Height":15,"Demand":1,"DemandMax":null,"Value":675},{"Length":42,"Height":16,"Demand":3,"DemandMax":null,"Value":672},{"Length":32,"Height":21,"Demand":1,"DemandMax":null,"Value":672},{"Length":37,"Height":18,"Demand":1,"DemandMax":null,"Value":666},{"Length":39,"Height":17,"Demand":3,"DemandMax":null,"Value":663},{"Length":33,"Height":20,"Demand":2,"DemandMax":null,"Value":660},{"Length":31,"Height":21,"Demand":1,"DemandMax":null,"Value":651},{"Length":50,"Height":13,"Demand":4,"DemandMax":null,"Value":650},{"Length":27,"Height":24,"Demand":6,"DemandMax":null,"Value":648},{"Length":54,"Height":12,"Demand":5,"DemandMax":null,"Value":648},{"Length":38,"Height":17,"Demand":7,"DemandMax":null,"Value":646},{"Length":34,"Height":19,"Demand":3,"DemandMax":null,"Value":646},{"Length":28,"Height":23,"Demand":3,"DemandMax":null,"Value":644},{"Length":46,"Height":14,"Demand":3,"DemandMax":null,"Value":644},{"Length":29,"Height":22,"Demand":6,"DemandMax":null,"Value":638},{"Length":58,"Height":11,"Demand":2,"DemandMax":null,"Value":638},{"Length":49,"Height":13,"Demand":4,"DemandMax":null,"Value":637},{"Length":53,"Height":12,"Demand":2,"DemandMax":null,"Value":636},{"Length":30,"Height":21,"Demand":2,"DemandMax":null,"Value":630},{"Length":37,"Height":17,"Demand":4,"DemandMax":null,"Value":629},{"Length":33,"Height":19,"Demand":3,"DemandMax":null,"Value":627},{"Length":57,"Height":11,"Demand":5,"DemandMax":null,"Value":627},{"Length":25,"Height":25,"Demand":1,"DemandMax":null,"Value":625},{"Length":39,"Height":16,"Demand":3,"DemandMax":null,"Value":624},{"Length":31,"Height":20,"Demand":4,"DemandMax":null,"Value":620},{"Length":28,"Height":22,"Demand":5,"DemandMax":null,"Value":616},{"Length":36,"Height":17,"Demand":1,"DemandMax":null,"Value":612},{"Length":47,"Height":13,"Demand":1,"DemandMax":null,"Value":611},{"Length":29,"Height":21,"Demand":3,"DemandMax":null,"Value":609},{"Length":32,"Height":19,"Demand":3,"DemandMax":null,"Value":608},{"Length":38,"Height":16,"Demand":2,"DemandMax":null,"Value":608},{"Length":40,"Height":15,"Demand":1,"DemandMax":null,"Value":600},{"Length":30,"Height":20,"Demand":3,"DemandMax":null,"Value":600},{"Length":26,"Height":23,"Demand":1,"DemandMax":null,"Value":598},{"Length":46,"Height":13,"Demand":1,"DemandMax":null,"Value":598},{"Length":35,"Height":17,"Demand":1,"DemandMax":null,"Value":595},{"Length":27,"Height":22,"Demand":4,"DemandMax":null,"Value":594},{"Length":37,"Height":16,"Demand":1,"DemandMax":null,"Value":592},{"Length":28,"Height":21,"Demand":2,"DemandMax":null,"Value":588},{"Length":45,"Height":13,"Demand":3,"DemandMax":null,"Value":585},{"Length":29,"Height":20,"Demand":4,"DemandMax":null,"Value":580},{"Length":34,"Height":17,"Demand":1,"DemandMax":null,"Value":578},{"Length":36,"Height":16,"Demand":4,"DemandMax":null,"Value":576},{"Length":32,"Height":18,"Demand":2,"DemandMax":null,"Value":576},{"Length":24,"Height":24,"Demand":4,"DemandMax":null,"Value":576},{"Length":25,"Height":23,"Demand":5,"DemandMax":null,"Value":575},{"Length":41,"Height":14,"Demand":3,"DemandMax":null,"Value":574},{"Length":26,"Height":22,"Demand":4,"DemandMax":null,"Value":572},{"Length":38,"Height":15,"Demand":5,"DemandMax":null,"Value":570},{"Length":27,"Height":21,"Demand":4,"DemandMax":null,"Value":567},{"Length":47,"Height":12,"Demand":2,"DemandMax":null,"Value":564},{"Length":33,"Height":17,"Demand":2,"DemandMax":null,"Value":561},{"Length":28,"Height":20,"Demand":4,"DemandMax":null,"Value":560},{"Length":37,"Height":15,"Demand":3,"DemandMax":null,"Value":555},{"Length":46,"Height":12,"Demand":2,"DemandMax":null,"Value":552},{"Length":25,"Height":22,"Demand":3,"DemandMax":null,"Value":550},{"Length":39,"Height":14,"Demand":2,"DemandMax":null,"Value":546},{"Length":32,"Height":17,"Demand":2,"DemandMax":null,"Value":544},{"Length":34,"Height":16,"Demand":2,"DemandMax":null,"Value":544},{"Length":45,"Height":12,"Demand":3,"DemandMax":null,"Value":540},{"Length":36,"Height":15,"Demand":3,"DemandMax":null,"Value":540},{"Length":27,"Height":20,"Demand":4,"DemandMax":null,"Value":540},{"Length":28,"Height":19,"Demand":2,"DemandMax":null,"Value":532},{"Length":44,"Height":12,"Demand":2,"DemandMax":null,"Value":528},{"Length":24,"Height":22,"Demand":2,"DemandMax":null,"Value":528},{"Length":35,"Height":15,"Demand":3,"DemandMax":null,"Value":525},{"Length":25,"Height":21,"Demand":4,"DemandMax":null,"Value":525},{"Length":29,"Height":18,"Demand":1,"DemandMax":null,"Value":522},{"Length":40,"Height":13,"Demand":1,"DemandMax":null,"Value":520},{"Length":26,"Height":20,"Demand":3,"DemandMax":null,"Value":520},{"Length":27,"Height":19,"Demand":3,"DemandMax":null,"Value":513},{"Length":32,"Height":16,"Demand":4,"DemandMax":null,"Value":512},{"Length":30,"Height":17,"Demand":2,"DemandMax":null,"Value":510},{"Length":23,"Height":22,"Demand":2,"DemandMax":null,"Value":506},{"Length":26,"Height":19,"Demand":3,"DemandMax":null,"Value":494},{"Length":29,"Height":17,"Demand":4,"DemandMax":null,"Value":493},{"Length":41,"Height":12,"Demand":2,"DemandMax":null,"Value":492},{"Length":35,"Height":14,"Demand":3,"DemandMax":null,"Value":490},{"Length":22,"Height":22,"Demand":2,"DemandMax":null,"Value":484},{"Length":23,"Height":21,"Demand":1,"DemandMax":null,"Value":483},{"Length":37,"Height":13,"Demand":3,"DemandMax":null,"Value":481},{"Length":24,"Height":20,"Demand":10,"DemandMax":null,"Value":480},{"Length":48,"Height":10,"Demand":3,"DemandMax":null,"Value":480},{"Length":32,"Height":15,"Demand":3,"DemandMax":null,"Value":480},{"Length":34,"Height":14,"Demand":1,"DemandMax":null,"Value":476},{"Length":28,"Height":17,"Demand":2,"DemandMax":null,"Value":476},{"Length":25,"Height":19,"Demand":4,"DemandMax":null,"Value":475},{"Length":26,"Height":18,"Demand":3,"DemandMax":null,"Value":468},{"Length":31,"Height":15,"Demand":2,"DemandMax":null,"Value":465},{"Length":33,"Height":14,"Demand":7,"DemandMax":null,"Value":462},{"Length":22,"Height":21,"Demand":3,"DemandMax":null,"Value":462},{"Length":46,"Height":10,"Demand":1,"DemandMax":null,"Value":460},{"Length":23,"Height":20,"Demand":3,"DemandMax":null,"Value":460},{"Length":27,"Height":17,"Demand":3,"DemandMax":null,"Value":459},{"Length":24,"Height":19,"Demand":3,"DemandMax":null,"Value":456},{"Length":38,"Height":12,"Demand":2,"DemandMax":null,"Value":456},{"Length":35,"Height":13,"Demand":3,"DemandMax":null,"Value":455},{"Length":30,"Height":15,"Demand":3,"DemandMax":null,"Value":450},{"Length":25,"Height":18,"Demand":2,"DemandMax":null,"Value":450},{"Length":28,"Height":16,"Demand":1,"DemandMax":null,"Value":448},{"Length":37,"Height":12,"Demand":1,"DemandMax":null,"Value":444},{"Length":34,"Height":13,"Demand":2,"DemandMax":null,"Value":442},{"Length":44,"Height":10,"Demand":1,"DemandMax":null,"Value":440},{"Length":22,"Height":20,"Demand":2,"DemandMax":null,"Value":440},{"Length":40,"Height":11,"Demand":2,"DemandMax":null,"Value":440},{"Length":23,"Height":19,"Demand":2,"DemandMax":null,"Value":437},{"Length":29,"Height":15,"Demand":3,"DemandMax":null,"Value":435},{"Length":31,"Height":14,"Demand":1,"DemandMax":null,"Value":434},{"Length":27,"Height":16,"Demand":6,"DemandMax":null,"Value":432},{"Length":24,"Height":18,"Demand":1,"DemandMax":null,"Value":432},{"Length":25,"Height":17,"Demand":4,"DemandMax":null,"Value":425},{"Length":21,"Height":20,"Demand":2,"DemandMax":null,"Value":420},{"Length":28,"Height":15,"Demand":3,"DemandMax":null,"Value":420},{"Length":35,"Height":12,"Demand":1,"DemandMax":null,"Value":420},{"Length":22,"Height":19,"Demand":3,"DemandMax":null,"Value":418},{"Length":32,"Height":13,"Demand":4,"DemandMax":null,"Value":416},{"Length":23,"Height":18,"Demand":5,"DemandMax":null,"Value":414},{"Length":27,"Height":15,"Demand":1,"DemandMax":null,"Value":405},{"Length":21,"Height":19,"Demand":2,"DemandMax":null,"Value":399},{"Length":22,"Height":18,"Demand":6,"DemandMax":null,"Value":396},{"Length":36,"Height":11,"Demand":1,"DemandMax":null,"Value":396},{"Length":28,"Height":14,"Demand":1,"DemandMax":null,"Value":392},{"Length":30,"Height":13,"Demand":3,"DemandMax":null,"Value":390},{"Length":26,"Height":15,"Demand":1,"DemandMax":null,"Value":390},{"Length":39,"Height":10,"Demand":1,"DemandMax":null,"Value":390},{"Length":32,"Height":12,"Demand":4,"DemandMax":null,"Value":384},{"Length":38,"Height":10,"Demand":1,"DemandMax":null,"Value":380},{"Length":27,"Height":14,"Demand":5,"DemandMax":null,"Value":378},{"Length":29,"Height":13,"Demand":2,"DemandMax":null,"Value":377},{"Length":25,"Height":15,"Demand":3,"DemandMax":null,"Value":375},{"Length":34,"Height":11,"Demand":1,"DemandMax":null,"Value":374},{"Length":22,"Height":17,"Demand":2,"DemandMax":null,"Value":374},{"Length":23,"Height":16,"Demand":4,"DemandMax":null,"Value":368},{"Length":26,"Height":14,"Demand":1,"DemandMax":null,"Value":364},{"Length":30,"Height":12,"Demand":2,"DemandMax":null,"Value":360},{"Length":21,"Height":17,"Demand":1,"DemandMax":null,"Value":357},{"Length":22,"Height":16,"Demand":5,"DemandMax":null,"Value":352},{"Length":25,"Height":14,"Demand":4,"DemandMax":null,"Value":350},{"Length":29,"Height":12,"Demand":3,"DemandMax":null,"Value":348},{"Length":19,"Height":18,"Demand":2,"DemandMax":null,"Value":342},{"Length":31,"Height":11,"Demand":3,"DemandMax":null,"Value":341},{"Length":34,"Height":10,"Demand":2,"DemandMax":null,"Value":340},{"Length":21,"Height":16,"Demand":2,"DemandMax":null,"Value":336},{"Length":28,"Height":12,"Demand":3,"DemandMax":null,"Value":336},{"Length":18,"Height":18,"Demand":5,"DemandMax":null,"Value":324},{"Length":27,"Height":12,"Demand":3,"DemandMax":null,"Value":324},{"Length":19,"Height":17,"Demand":3,"DemandMax":null,"Value":323},{"Length":32,"Height":10,"Demand":2,"DemandMax":null,"Value":320},{"Length":21,"Height":15,"Demand":6,"DemandMax":null,"Value":315},{"Length":24,"Height":13,"Demand":7,"DemandMax":null,"Value":312},{"Length":26,"Height":12,"Demand":1,"DemandMax":null,"Value":312},{"Length":18,"Height":17,"Demand":3,"DemandMax":null,"Value":306},{"Length":19,"Height":16,"Demand":3,"DemandMax":null,"Value":304},{"Length":25,"Height":12,"Demand":3,"DemandMax":null,"Value":300},{"Length":30,"Height":10,"Demand":2,"DemandMax":null,"Value":300},{"Length":20,"Height":15,"Demand":1,"DemandMax":null,"Value":300},{"Length":23,"Height":13,"Demand":3,"DemandMax":null,"Value":299},{"Length":17,"Height":17,"Demand":1,"DemandMax":null,"Value":289},{"Length":18,"Height":16,"Demand":3,"DemandMax":null,"Value":288},{"Length":19,"Height":15,"Demand":1,"DemandMax":null,"Value":285},{"Length":23,"Height":12,"Demand":1,"DemandMax":null,"Value":276},{"Length":27,"Height":10,"Demand":3,"DemandMax":null,"Value":270},{"Length":18,"Height":15,"Demand":3,"DemandMax":null,"Value":270},{"Length":22,"Height":12,"Demand":2,"DemandMax":null,"Value":264},{"Length":20,"Height":13,"Demand":2,"DemandMax":null,"Value":260},{"Length":16,"Height":16,"Demand":1,"DemandMax":null,"Value":256},{"Length":21,"Height":12,"Demand":3,"DemandMax":null,"Value":252},{"Length":20,"Height":12,"Demand":3,"DemandMax":null,"Value":240},{"Length":24,"Height":10,"Demand":3,"DemandMax":null,"Value":240},{"Length":18,"Height":13,"Demand":1,"DemandMax":null,"Value":234},{"Length":23,"Height":10,"Demand":2,"DemandMax":null,"Value":230},{"Length":17,"Height":13,"Demand":1,"DemandMax":null,"Value":221},{"Length":15,"Height":14,"Demand":3,"DemandMax":null,"Value":210},{"Length":16,"Height":13,"Demand":2,"DemandMax":null,"Value":208},{"Length":17,"Height":12,"Demand":2,"DemandMax":null,"Value":204},{"Length":18,"Height":11,"Demand":1,"DemandMax":null,"Value":198},{"Length":14,"Height":14,"Demand":3,"DemandMax":null,"Value":196},{"Length":15,"Height":13,"Demand":2,"DemandMax":null,"Value":195},{"Length":16,"Height":12,"Demand":6,"DemandMax":null,"Value":192},{"Length":17,"Height":11,"Demand":2,"DemandMax":null,"Value":187},{"Length":17,"Height":10,"Demand":1,"DemandMax":null,"Value":170},{"Length":14,"Height":12,"Demand":1,"DemandMax":null,"Value":168},{"Length":15,"Height":11,"Demand":2,"DemandMax":null,"Value":165},{"Length":16,"Height":10,"Demand":3,"DemandMax":null,"Value":160},{"Length":14,"Height":10,"Demand":1,"DemandMax":null,"Value":140},{"Length":13,"Height":10,"Demand":2,"DemandMax":null,"Value":130},{"Length":12,"Height":10,"Demand":2,"DemandMax":null,"Value":120}]}