{"Name":"MB07_123","Objects":[{"Length":587,"Height":233,"Stock":null,"Cost":136771}],"Items":[{"Length":52,"Height":47,"Demand":15,"DemandMax":null,"Value":2444},{"Length":52,"Height":42,"Demand":17,"DemandMax":null,"Value":2184},{"Length":55,"Height":38,"Demand":16,"DemandMax":null,"Value":2090},{"Length":60,"Height":34,"Demand":13,"DemandMax":null,"Value":2040},{"Length":55,"Height":37,"Demand":20,"DemandMax":null,"Value":2035},{"Length":51,"Height":39,"Demand":18,"DemandMax":null,"Value":1989},{"Length":47,"Height":42,"Demand":19,"DemandMax":null,"Value":1974},{"Length":48,"Height":39,"Demand":19,"DemandMax":null,"Value":1872},{"Length":58,"Height":32,"Demand":23,"DemandMax":null,"Value":1856},{"Length":48,"Height":36,"Demand":11,"DemandMax":null,"Value":1728},{"Length":43,"Height":39,"Demand":11,"DemandMax":null,"Value":1677},{"Length":48,"Height":33,"Demand":21,"DemandMax":null,"Value":1584},{"Length":56,"Height":28,"Demand":21,"DemandMax":null,"Value":1568},{"Length":45,"Height":34,"Demand":18,"DemandMax":null,"Value":1530},{"Length":46,"Height":33,"Demand":13,"DemandMax":null,"Value":1518},{"Length":43,"Height":35,"Demand":16,"DemandMax":null,"Value":1505},{"Length":53,"Height":28,"Demand":15,"DemandMax":null,"Value":1484},{"Length":40,"Height":37,"Demand":16,"DemandMax":null,"Value":1480},{"Length":37,"Height":36,"Demand":16,"DemandMax":null,"Value":1332},{"Length":38,"Height":35,"Demand":13,"DemandMax":null,"Value":1330},{"Length":37,"Height":34,"Demand":23,"DemandMax":null,"Value":1258},{"Length":40,"Height":30,"Demand":13,"DemandMax":null,"Value":1200},{"Length":59,"Height":20,"Demand":18,"DemandMax":null,"Value":1180},{"Length":50,"Height":23,"Demand":15,"DemandMax":null,"Value":1150},{"Length":46,"Height":25,"Demand":13,"DemandMax":null,"Value":1150},{"Length":45,"Height":25,"Demand":22,"DemandMax":null,"Value":1125},{"Length":51,"Height":22,"Demand":16,"DemandMax":null,"Value":1122},{"Length":34,"Height":32,"Demand":14,"DemandMax":null,"Value":1088},{"Length":45,"Height":24,"Demand":23,"DemandMax":null,"Value":1080},{"Length":35,"Height":30,"Demand":17,"DemandMax":null,"Value":1050},{"Length":33,"Height":31,"Demand":11,"DemandMax":null,"Value":1023},{"Length":37,"Height":27,"Demand":16,"DemandMax":null,"Value":999},{"Length":47,"Height":21,"Demand":13,"DemandMax":null,"Value":987},{"Length":56,"Height":17,"Demand":19,"DemandMax":null,"Value":952},{"Length":59,"Height":16,"Demand":15,"DemandMax":null,"Value":944},{"Length":41,"Height":23,"Demand":21,"DemandMax":null,"Value":943},{"Length":31,"Height":29,"Demand":7,"DemandMax":null,"Value":899},{"Length":49,"Height":18,"Demand":15,"DemandMax":null,"Value":882},{"Length":31,"Height":28,"Demand":18,"DemandMax":null,"Value":868},{"Length":43,"Height":20,"Demand":16,"DemandMax":null,"Value":860},{"Length":53,"Height":16,"Demand":13,"DemandMax":null,"Value":848},{"Length":35,"Height":24,"Demand":20,"DemandMax":null,"Value":840},{"Length":31,"Height":26,"Demand":21,"DemandMax":null,"Value":806},{"Length":42,"Height":19,"Demand":15,"DemandMax":null,"Value":798},{"Length":34,"Height":23,"Demand":24,"DemandMax":null,"Value":782},{"Length":42,"Height":18,"Demand":14,"DemandMax":null,"Value":756},{"Length":50,"Height":15,"Demand":14,"DemandMax":null,"Value":750},{"Length":29,"Height":25,"Demand":23,"DemandMax":null,"Value":725},{"Length":37,"Height":19,"Demand":19,"DemandMax":null,"Value":703},{"Length":33,"Height":21,"Demand":21,"DemandMax":null,"Value":693},{"Length":49,"Height":14,"Demand":13,"DemandMax":null,"Value":686},{"Length":46,"Height":14,"Demand":17,"DemandMax":null,"Value":644},{"Length":48,"Height":13,"Demand":28,"DemandMax":null,"Value":624},{"Length":35,"Height":17,"Demand":16,"DemandMax":null,"Value":595},{"Length":33,"Height":18,"Demand":28,"DemandMax":null,"Value":594},{"Length":41,"Height":14,"Demand":20,"DemandMax":null,"Value":574},{"Length":33,"Height":17,"Demand":28,"DemandMax":null,"Value":561},{"Length":35,"Height":16,"Demand":15,"DemandMax":null,"Value":560},{"Length":28,"Height":20,"Demand":14,"DemandMax":null,"Value":560},{"Length":34,"Height":16,"Demand":18,"DemandMax":null,"Value":544},{"Length":49,"Height":11,"Demand":23,"DemandMax":null,"Value":539},{"Length":23,"Height":22,"Demand":12,"DemandMax":null,"Value":506},{"Length":35,"Height":14,"Demand":15,"DemandMax":null,"Value":490},{"Length":28,"Height":17,"Demand":24,"DemandMax":null,"Value":476},{"Length":27,"Height":17,"Demand":13,"DemandMax":null,"Value":459},{"Length":29,"Height":15,"Demand":19,"DemandMax":null,"Value":435},{"Length":25,"Height":17,"Demand":21,"DemandMax":null,"Value":425},{"Length":23,"Height":18,"Demand":19,"DemandMax":null,"Value":414},{"Length":25,"Height":15,"Demand":12,"DemandMax":null,"Value":375},{"Length":24,"Height":15,"Demand":15,"DemandMax":null,"Value":360},{"Length":27,"Height":12,"Demand":23,"DemandMax":null,"Value":324},{"Length":20,"Height":16,"Demand":17,"DemandMax":null,"Value":320},{"Length":19,"Height":16,"Demand":18,"DemandMax":null,"Value":304},{"Length":17,"Height":14,"Demand":16,"DemandMax":null,"Value":238},{"Length":21,"Height":10,"Demand":17,"DemandMax":null,"Value":210}]}