{"Name":"MB08_142","Objects":[{"Length":587,"Height":233,"Stock":null,"Cost":136771}],"Items":[{"Length":60,"Height":46,"Demand":3,"DemandMax":null,"Value":2760},{"Length":55,"Height":50,"Demand":2,"DemandMax":null,"Value":2750},{"Length":57,"Height":47,"Demand":1,"DemandMax":null,"Value":2679},{"Length":55,"Height":48,"Demand":2,"DemandMax":null,"Value":2640},{"Length":57,"Height":46,"Demand":2,"DemandMax":null,"Value":2622},{"Length":57,"Height":45,"Demand":1,"DemandMax":null,"Value":2565},{"Length":52,"Height":49,"Demand":1,"DemandMax":null,"Value":2548},{"Length":56,"Height":45,"Demand":1,"DemandMax":null,"Value":2520},{"Length":51,"Height":49,"Demand":3,"DemandMax":null,"Value":2499},{"Length":55,"Height":45,"Demand":3,"DemandMax":null,"Value":2475},{"Length":52,"Height":47,"Demand":1,"DemandMax":null,"Value":2444},{"Length":56,"Height":43,"Demand":2,"DemandMax":null,"Value":2408},{"Length":49,"Height":49,"Demand":2,"DemandMax":null,"Value":2401},{"Length":60,"Height":40,"Demand":2,"DemandMax":null,"Value":2400},{"Length":50,"Height":48,"Demand":5,"DemandMax":null,"Value":2400},{"Length":60,"Height":39,"Demand":2,"DemandMax":null,"Value":2340},{"Length":59,"Height":39,"Demand":1,"DemandMax":null,"Value":2301},{"Length":50,"Height":46,"Demand":2,"DemandMax":null,"Value":2300},{"Length":53,"Height":43,"Demand":3,"DemandMax":null,"Value":2279},{"Length":58,"Height":39,"Demand":2,"DemandMax":null,"Value":2262},{"Length":48,"Height":47,"Demand":1,"DemandMax":null,"Value":2256},{"Length":55,"Height":40,"Demand":1,"DemandMax":null,"Value":2200},{"Length":56,"Height":39,"Demand":2,"DemandMax":null,"Value":2184},{"Length":59,"Height":37,"Demand":1,"DemandMax":null,"Value":2183},{"Length":57,"Height":38,"Demand":2,"DemandMax":null,"Value":2166},{"Length":49,"Height":44,"Demand":2,"DemandMax":null,"Value":2156},{"Length":56,"Height":38,"Demand":5,"DemandMax":null,"Value":2128},{"Length":53,"Height":40,"Demand":3,"DemandMax":null,"Value":2120},{"Length":48,"Height":44,"Demand":1,"DemandMax":null,"Value":2112},{"Length":52,"Height":40,"Demand":1,"DemandMax":null,"Value":2080},{"Length":56,"Height":37,"Demand":1,"DemandMax":null,"Value":2072},{"Length":46,"Height":45,"Demand":1,"DemandMax":null,"Value":2070},{"Length":59,"Height":35,"Demand":1,"DemandMax":null,"Value":2065},{"Length":48,"Height":43,"Demand":1,"DemandMax":null,"Value":2064},{"Length":49,"Height":42,"Demand":1,"DemandMax":null,"Value":2058},{"Length":54,"Height":38,"Demand":4,"DemandMax":null,"Value":2052},{"Length":55,"Height":37,"Demand":1,"DemandMax":null,"Value":2035},{"Length":52,"Height":39,"Demand":3,"DemandMax":null,"Value":2028},{"Length":46,"Height":44,"Demand":1,"DemandMax":null,"Value":2024},{"Length":56,"Height":36,"Demand":3,"DemandMax":null,"Value":2016},{"Length":53,"Height":38,"Demand":2,"DemandMax":null,"Value":2014},{"Length":49,"Height":41,"Demand":1,"DemandMax":null,"Value":2009},{"Length":59,"Height":34,"Demand":2,"DemandMax":null,"Value":2006},{"Length":50,"Height":40,"Demand":3,"DemandMax":null,"Value":2000},{"Length":54,"Height":37,"Demand":4,"DemandMax":null,"Value":1998},{"Length":57,"Height":35,"Demand":2,"DemandMax":null,"Value":1995},{"Length":51,"Height":39,"Demand":2,"DemandMax":null,"Value":1989},{"Length":46,"Height":43,"Demand":2,"DemandMax":null,"Value":1978},{"Length":47,"Height":42,"Demand":2,"DemandMax":null,"Value":1974},{"Length":49,"Height":40,"Demand":1,"DemandMax":null,"Value":1960},{"Length":50,"Height":39,"Demand":1,"DemandMax":null,"Value":1950},{"Length":59,"Height":33,"Demand":1,"DemandMax":null,"Value":1947},{"Length":54,"Height":36,"Demand":1,"DemandMax":null,"Value":1944},{"Length":46,"Height":42,"Demand":1,"DemandMax":null,"Value":1932},{"Length":47,"Height":41,"Demand":2,"DemandMax":null,"Value":1927},{"Length":58,"Height":33,"Demand":2,"DemandMax":null,"Value":1914},{"Length":49,"Height":39,"Demand":2,"DemandMax":null,"Value":1911},{"Length":56,"Height":34,"Demand":1,"DemandMax":null,"Value":1904},{"Length":50,"Height":38,"Demand":2,"DemandMax":null,"Value":1900},{"Length":54,"Height":35,"Demand":2,"DemandMax":null,"Value":1890},{"Length":59,"Height":32,"Demand":3,"DemandMax":null,"Value":1888},{"Length":47,"Height":40,"Demand":1,"DemandMax":null,"Value":1880},{"Length":48,"Height":39,"Demand":1,"DemandMax":null,"Value":1872},{"Length":55,"Height":34,"Demand":1,"DemandMax":null,"Value":1870},{"Length":58,"Height":32,"Demand":3,"DemandMax":null,"Value":1856},{"Length":50,"Height":37,"Demand":1,"DemandMax":null,"Value":1850},{"Length":44,"Height":42,"Demand":1,"DemandMax":null,"Value":1848},{"Length":46,"Height":40,"Demand":2,"DemandMax":null,"Value":1840},{"Length":54,"Height":34,"Demand":3,"DemandMax":null,"Value":1836},{"Length":47,"Height":39,"Demand":1,"DemandMax":null,"Value":1833},{"Length":48,"Height":38,"Demand":1,"DemandMax":null,"Value":1824},{"Length":49,"Height":37,"Demand":1,"DemandMax":null,"Value":1813},{"Length":53,"Height":34,"Demand":4,"DemandMax":null,"Value":1802},{"Length":45,"Height":40,"Demand":3,"DemandMax":null,"Value":1800},{"Length":50,"Height":36,"Demand":1,"DemandMax":null,"Value":1800},{"Length":46,"Height":39,"Demand":2,"DemandMax":null,"Value":1794},{"Length":56,"Height":32,"Demand":1,"DemandMax":null,"Value":1792},{"Length":47,"Height":38,"Demand":1,"DemandMax":null,"Value":1786},{"Length":48,"Height":37,"Demand":1,"DemandMax":null,"Value":1776},{"Length":59,"Height":30,"Demand":2,"DemandMax":null,"Value":1770},{"Length":42,"Height":42,"Demand":3,"DemandMax":null,"Value":1764},{"Length":46,"Height":38,"Demand":2,"DemandMax":null,"Value":1748},{"Length":58,"Height":30,"Demand":2,"DemandMax":null,"Value":1740},{"Length":47,"Height":37,"Demand":2,"DemandMax":null,"Value":1739},{"Length":48,"Height":36,"Demand":5,"DemandMax":null,"Value":1728},{"Length":54,"Height":32,"Demand":1,"DemandMax":null,"Value":1728},{"Length":52,"Height":33,"Demand":2,"DemandMax":null,"Value":1716},{"Length":49,"Height":35,"Demand":4,"DemandMax":null,"Value":1715},{"Length":57,"Height":30,"Demand":2,"DemandMax":null,"Value":1710},{"Length":45,"Height":38,"Demand":1,"DemandMax":null,"Value":1710},{"Length":46,"Height":37,"Demand":1,"DemandMax":null,"Value":1702},{"Length":53,"Height":32,"Demand":1,"DemandMax":null,"Value":1696},{"Length":47,"Height":36,"Demand":3,"DemandMax":null,"Value":1692},{"Length":58,"Height":29,"Demand":2,"DemandMax":null,"Value":1682},{"Length":48,"Height":35,"Demand":6,"DemandMax":null,"Value":1680},{"Length":43,"Height":39,"Demand":1,"DemandMax":null,"Value":1677},{"Length":44,"Height":38,"Demand":3,"DemandMax":null,"Value":1672},{"Length":45,"Height":37,"Demand":1,"DemandMax":null,"Value":1665},{"Length":52,"Height":32,"Demand":1,"DemandMax":null,"Value":1664},{"Length":47,"Height":35,"Demand":1,"DemandMax":null,"Value":1645},{"Length":53,"Height":31,"Demand":4,"DemandMax":null,"Value":1643},{"Length":41,"Height":40,"Demand":2,"DemandMax":null,"Value":1640},{"Length":42,"Height":39,"Demand":2,"DemandMax":null,"Value":1638},{"Length":44,"Height":37,"Demand":1,"DemandMax":null,"Value":1628},{"Length":45,"Height":36,"Demand":3,"DemandMax":null,"Value":1620},{"Length":49,"Height":33,"Demand":3,"DemandMax":null,"Value":1617},{"Length":52,"Height":31,"Demand":1,"DemandMax":null,"Value":1612},{"Length":46,"Height":35,"Demand":1,"DemandMax":null,"Value":1610},{"Length":41,"Height":39,"Demand":1,"DemandMax":null,"Value":1599},{"Length":57,"Height":28,"Demand":2,"DemandMax":null,"Value":1596},{"Length":42,"Height":38,"Demand":2,"DemandMax":null,"Value":1596},{"Length":59,"Height":27,"Demand":1,"DemandMax":null,"Value":1593},{"Length":44,"Height":36,"Demand":4,"DemandMax":null,"Value":1584},{"Length":48,"Height":33,"Demand":3,"DemandMax":null,"Value":1584},{"Length":58,"Height":27,"Demand":2,"DemandMax":null,"Value":1566},{"Length":40,"Height":39,"Demand":2,"DemandMax":null,"Value":1560},{"Length":41,"Height":38,"Demand":3,"DemandMax":null,"Value":1558},{"Length":43,"Height":36,"Demand":2,"DemandMax":null,"Value":1548},{"Length":44,"Height":35,"Demand":2,"DemandMax":null,"Value":1540},{"Length":57,"Height":27,"Demand":1,"DemandMax":null,"Value":1539},{"Length":45,"Height":34,"Demand":4,"DemandMax":null,"Value":1530},{"Length":40,"Height":38,"Demand":4,"DemandMax":null,"Value":1520},{"Length":49,"Height":31,"Demand":2,"DemandMax":null,"Value":1519},{"Length":46,"Height":33,"Demand":2,"DemandMax":null,"Value":1518},{"Length":41,"Height":37,"Demand":2,"DemandMax":null,"Value":1517},{"Length":54,"Height":28,"Demand":3,"DemandMax":null,"Value":1512},{"Length":52,"Height":29,"Demand":2,"DemandMax":null,"Value":1508},{"Length":43,"Height":35,"Demand":2,"DemandMax":null,"Value":1505},{"Length":47,"Height":32,"Demand":2,"DemandMax":null,"Value":1504},{"Length":50,"Height":30,"Demand":2,"DemandMax":null,"Value":1500},{"Length":44,"Height":34,"Demand":2,"DemandMax":null,"Value":1496},{"Length":48,"Height":31,"Demand":3,"DemandMax":null,"Value":1488},{"Length":45,"Height":33,"Demand":4,"DemandMax":null,"Value":1485},{"Length":57,"Height":26,"Demand":2,"DemandMax":null,"Value":1482},{"Length":41,"Height":36,"Demand":1,"DemandMax":null,"Value":1476},{"Length":46,"Height":32,"Demand":2,"DemandMax":null,"Value":1472},{"Length":42,"Height":35,"Demand":2,"DemandMax":null,"Value":1470},{"Length":47,"Height":31,"Demand":3,"DemandMax":null,"Value":1457},{"Length":52,"Height":28,"Demand":3,"DemandMax":null,"Value":1456},{"Length":44,"Height":33,"Demand":3,"DemandMax":null,"Value":1452},{"Length":50,"Height":29,"Demand":2,"DemandMax":null,"Value":1450},{"Length":38,"Height":38,"Demand":2,"DemandMax":null,"Value":1444},{"Length":39,"Height":37,"Demand":1,"DemandMax":null,"Value":1443},{"Length":40,"Height":36,"Demand":2,"DemandMax":null,"Value":1440},{"Length":45,"Height":32,"Demand":1,"DemandMax":null,"Value":1440},{"Length":41,"Height":35,"Demand":2,"DemandMax":null,"Value":1435},{"Length":46,"Height":31,"Demand":1,"DemandMax":null,"Value":1426},{"Length":59,"Height":24,"Demand":1,"DemandMax":null,"Value":1416},{"Length":38,"Height":37,"Demand":1,"DemandMax":null,"Value":1406},{"Length":54,"Height":26,"Demand":1,"DemandMax":null,"Value":1404},{"Length":52,"Height":27,"Demand":2,"DemandMax":null,"Value":1404},{"Length":39,"Height":36,"Demand":1,"DemandMax":null,"Value":1404},{"Length":50,"Height":28,"Demand":1,"DemandMax":null,"Value":1400},{"Length":40,"Height":35,"Demand":1,"DemandMax":null,"Value":1400},{"Length":45,"Height":31,"Demand":3,"DemandMax":null,"Value":1395},{"Length":41,"Height":34,"Demand":1,"DemandMax":null,"Value":1394},{"Length":48,"Height":29,"Demand":1,"DemandMax":null,"Value":1392},{"Length":58,"Height":24,"Demand":2,"DemandMax":null,"Value":1392},{"Length":42,"Height":33,"Demand":2,"DemandMax":null,"Value":1386},{"Length":46,"Height":30,"Demand":1,"DemandMax":null,"Value":1380},{"Length":43,"Height":32,"Demand":1,"DemandMax":null,"Value":1376},{"Length":49,"Height":28,"Demand":2,"DemandMax":null,"Value":1372},{"Length":38,"Height":36,"Demand":1,"DemandMax":null,"Value":1368},{"Length":39,"Height":35,"Demand":3,"DemandMax":null,"Value":1365},{"Length":44,"Height":31,"Demand":1,"DemandMax":null,"Value":1364},{"Length":40,"Height":34,"Demand":1,"DemandMax":null,"Value":1360},{"Length":59,"Height":23,"Demand":1,"DemandMax":null,"Value":1357},{"Length":41,"Height":33,"Demand":3,"DemandMax":null,"Value":1353},{"Length":52,"Height":26,"Demand":4,"DemandMax":null,"Value":1352},{"Length":45,"Height":30,"Demand":3,"DemandMax":null,"Value":1350},{"Length":50,"Height":27,"Demand":2,"DemandMax":null,"Value":1350},{"Length":42,"Height":32,"Demand":1,"DemandMax":null,"Value":1344},{"Length":46,"Height":29,"Demand":2,"DemandMax":null,"Value":1334},{"Length":37,"Height":36,"Demand":1,"DemandMax":null,"Value":1332},{"Length":38,"Height":35,"Demand":1,"DemandMax":null,"Value":1330},{"Length":39,"Height":34,"Demand":1,"DemandMax":null,"Value":1326},{"Length":49,"Height":27,"Demand":3,"DemandMax":null,"Value":1323},{"Length":40,"Height":33,"Demand":1,"DemandMax":null,"Value":1320},{"Length":44,"Height":30,"Demand":3,"DemandMax":null,"Value":1320},{"Length":47,"Height":28,"Demand":1,"DemandMax":null,"Value":1316},{"Length":41,"Height":32,"Demand":2,"DemandMax":null,"Value":1312},{"Length":45,"Height":29,"Demand":1,"DemandMax":null,"Value":1305},{"Length":52,"Height":25,"Demand":3,"DemandMax":null,"Value":1300},{"Length":36,"Height":36,"Demand":3,"DemandMax":null,"Value":1296},{"Length":54,"Height":24,"Demand":2,"DemandMax":null,"Value":1296},{"Length":37,"Height":35,"Demand":1,"DemandMax":null,"Value":1295},{"Length":43,"Height":30,"Demand":2,"DemandMax":null,"Value":1290},{"Length":40,"Height":32,"Demand":3,"DemandMax":null,"Value":1280},{"Length":44,"Height":29,"Demand":1,"DemandMax":null,"Value":1276},{"Length":58,"Height":22,"Demand":1,"DemandMax":null,"Value":1276},{"Length":49,"Height":26,"Demand":1,"DemandMax":null,"Value":1274},{"Length":41,"Height":31,"Demand":3,"DemandMax":null,"Value":1271},{"Length":47,"Height":27,"Demand":2,"DemandMax":null,"Value":1269},{"Length":55,"Height":23,"Demand":1,"DemandMax":null,"Value":1265},{"Length":45,"Height":28,"Demand":3,"DemandMax":null,"Value":1260},{"Length":36,"Height":35,"Demand":1,"DemandMax":null,"Value":1260},{"Length":60,"Height":21,"Demand":1,"DemandMax":null,"Value":1260},{"Length":42,"Height":30,"Demand":3,"DemandMax":null,"Value":1260},{"Length":57,"Height":22,"Demand":1,"DemandMax":null,"Value":1254},{"Length":38,"Height":33,"Demand":1,"DemandMax":null,"Value":1254},{"Length":48,"Height":26,"Demand":3,"DemandMax":null,"Value":1248},{"Length":39,"Height":32,"Demand":1,"DemandMax":null,"Value":1248},{"Length":46,"Height":27,"Demand":2,"DemandMax":null,"Value":1242},{"Length":54,"Height":23,"Demand":2,"DemandMax":null,"Value":1242},{"Length":41,"Height":30,"Demand":3,"DemandMax":null,"Value":1230},{"Length":49,"Height":25,"Demand":1,"DemandMax":null,"Value":1225},{"Length":36,"Height":34,"Demand":3,"DemandMax":null,"Value":1224},{"Length":47,"Height":26,"Demand":1,"DemandMax":null,"Value":1222},{"Length":37,"Height":33,"Demand":1,"DemandMax":null,"Value":1221},{"Length":42,"Height":29,"Demand":1,"DemandMax":null,"Value":1218},{"Length":38,"Height":32,"Demand":1,"DemandMax":null,"Value":1216},{"Length":39,"Height":31,"Demand":3,"DemandMax":null,"Value":1209},{"Length":43,"Height":28,"Demand":1,"DemandMax":null,"Value":1204},{"Length":50,"Height":24,"Demand":2,"DemandMax":null,"Value":1200},{"Length":48,"Height":25,"Demand":1,"DemandMax":null,"Value":1200},{"Length":40,"Height":30,"Demand":2,"DemandMax":null,"Value":1200},{"Length":46,"Height":26,"Demand":3,"DemandMax":null,"Value":1196},{"Length":52,"Height":23,"Demand":3,"DemandMax":null,"Value":1196},{"Length":35,"Height":34,"Demand":2,"DemandMax":null,"Value":1190},{"Length":41,"Height":29,"Demand":3,"DemandMax":null,"Value":1189},{"Length":44,"Height":27,"Demand":1,"DemandMax":null,"Value":1188},{"Length":36,"Height":33,"Demand":1,"DemandMax":null,"Value":1188},{"Length":37,"Height":32,"Demand":2,"DemandMax":null,"Value":1184},{"Length":38,"Height":31,"Demand":1,"DemandMax":null,"Value":1178},{"Length":49,"Height":24,"Demand":3,"DemandMax":null,"Value":1176},{"Length":47,"Height":25,"Demand":2,"DemandMax":null,"Value":1175},{"Length":51,"Height":23,"Demand":3,"DemandMax":null,"Value":1173},{"Length":43,"Height":27,"Demand":2,"DemandMax":null,"Value":1161},{"Length":58,"Height":20,"Demand":3,"DemandMax":null,"Value":1160},{"Length":40,"Height":29,"Demand":1,"DemandMax":null,"Value":1160},{"Length":36,"Height":32,"Demand":1,"DemandMax":null,"Value":1152},{"Length":46,"Height":25,"Demand":3,"DemandMax":null,"Value":1150},{"Length":50,"Height":23,"Demand":4,"DemandMax":null,"Value":1150},{"Length":41,"Height":28,"Demand":1,"DemandMax":null,"Value":1148},{"Length":44,"Height":26,"Demand":1,"DemandMax":null,"Value":1144},{"Length":38,"Height":30,"Demand":3,"DemandMax":null,"Value":1140},{"Length":54,"Height":21,"Demand":1,"DemandMax":null,"Value":1134},{"Length":47,"Height":24,"Demand":2,"DemandMax":null,"Value":1128},{"Length":34,"Height":33,"Demand":6,"DemandMax":null,"Value":1122},{"Length":51,"Height":22,"Demand":1,"DemandMax":null,"Value":1122},{"Length":59,"Height":19,"Demand":2,"DemandMax":null,"Value":1121},{"Length":56,"Height":20,"Demand":1,"DemandMax":null,"Value":1120},{"Length":35,"Height":32,"Demand":2,"DemandMax":null,"Value":1120},{"Length":40,"Height":28,"Demand":3,"DemandMax":null,"Value":1120},{"Length":43,"Height":26,"Demand":1,"DemandMax":null,"Value":1118},{"Length":36,"Height":31,"Demand":3,"DemandMax":null,"Value":1116},{"Length":53,"Height":21,"Demand":1,"DemandMax":null,"Value":1113},{"Length":37,"Height":30,"Demand":1,"DemandMax":null,"Value":1110},{"Length":46,"Height":24,"Demand":2,"DemandMax":null,"Value":1104},{"Length":38,"Height":29,"Demand":2,"DemandMax":null,"Value":1102},{"Length":44,"Height":25,"Demand":2,"DemandMax":null,"Value":1100},{"Length":50,"Height":22,"Demand":1,"DemandMax":null,"Value":1100},{"Length":42,"Height":26,"Demand":2,"DemandMax":null,"Value":1092},{"Length":34,"Height":32,"Demand":2,"DemandMax":null,"Value":1088},{"Length":35,"Height":31,"Demand":1,"DemandMax":null,"Value":1085},{"Length":40,"Height":27,"Demand":5,"DemandMax":null,"Value":1080},{"Length":60,"Height":18,"Demand":2,"DemandMax":null,"Value":1080},{"Length":45,"Height":24,"Demand":2,"DemandMax":null,"Value":1080},{"Length":49,"Height":22,"Demand":1,"DemandMax":null,"Value":1078},{"Length":43,"Height":25,"Demand":1,"DemandMax":null,"Value":1075},{"Length":37,"Height":29,"Demand":3,"DemandMax":null,"Value":1073},{"Length":38,"Height":28,"Demand":2,"DemandMax":null,"Value":1064},{"Length":46,"Height":23,"Demand":1,"DemandMax":null,"Value":1058},{"Length":33,"Height":32,"Demand":2,"DemandMax":null,"Value":1056},{"Length":34,"Height":31,"Demand":2,"DemandMax":null,"Value":1054},{"Length":39,"Height":27,"Demand":1,"DemandMax":null,"Value":1053},{"Length":35,"Height":30,"Demand":3,"DemandMax":null,"Value":1050},{"Length":50,"Height":21,"Demand":2,"DemandMax":null,"Value":1050},{"Length":55,"Height":19,"Demand":1,"DemandMax":null,"Value":1045},{"Length":36,"Height":29,"Demand":2,"DemandMax":null,"Value":1044},{"Length":40,"Height":26,"Demand":1,"DemandMax":null,"Value":1040},{"Length":37,"Height":28,"Demand":1,"DemandMax":null,"Value":1036},{"Length":47,"Height":22,"Demand":1,"DemandMax":null,"Value":1034},{"Length":49,"Height":21,"Demand":1,"DemandMax":null,"Value":1029},{"Length":38,"Height":27,"Demand":2,"DemandMax":null,"Value":1026},{"Length":41,"Height":25,"Demand":1,"DemandMax":null,"Value":1025},{"Length":34,"Height":30,"Demand":2,"DemandMax":null,"Value":1020},{"Length":51,"Height":20,"Demand":1,"DemandMax":null,"Value":1020},{"Length":60,"Height":17,"Demand":1,"DemandMax":null,"Value":1020},{"Length":35,"Height":29,"Demand":3,"DemandMax":null,"Value":1015},{"Length":39,"Height":26,"Demand":2,"DemandMax":null,"Value":1014},{"Length":46,"Height":22,"Demand":1,"DemandMax":null,"Value":1012},{"Length":56,"Height":18,"Demand":1,"DemandMax":null,"Value":1008},{"Length":42,"Height":24,"Demand":3,"DemandMax":null,"Value":1008},{"Length":48,"Height":21,"Demand":1,"DemandMax":null,"Value":1008},{"Length":53,"Height":19,"Demand":2,"DemandMax":null,"Value":1007},{"Length":37,"Height":27,"Demand":1,"DemandMax":null,"Value":999},{"Length":32,"Height":31,"Demand":1,"DemandMax":null,"Value":992},{"Length":33,"Height":30,"Demand":1,"DemandMax":null,"Value":990},{"Length":52,"Height":19,"Demand":3,"DemandMax":null,"Value":988},{"Length":38,"Height":26,"Demand":1,"DemandMax":null,"Value":988},{"Length":34,"Height":29,"Demand":2,"DemandMax":null,"Value":986},{"Length":41,"Height":24,"Demand":3,"DemandMax":null,"Value":984},{"Length":35,"Height":28,"Demand":2,"DemandMax":null,"Value":980},{"Length":39,"Height":25,"Demand":3,"DemandMax":null,"Value":975},{"Length":54,"Height":18,"Demand":1,"DemandMax":null,"Value":972},{"Length":51,"Height":19,"Demand":2,"DemandMax":null,"Value":969},{"Length":46,"Height":21,"Demand":2,"DemandMax":null,"Value":966},{"Length":31,"Height":31,"Demand":3,"DemandMax":null,"Value":961},{"Length":48,"Height":20,"Demand":1,"DemandMax":null,"Value":960},{"Length":40,"Height":24,"Demand":1,"DemandMax":null,"Value":960},{"Length":33,"Height":29,"Demand":1,"DemandMax":null,"Value":957},{"Length":34,"Height":28,"Demand":1,"DemandMax":null,"Value":952},{"Length":38,"Height":25,"Demand":1,"DemandMax":null,"Value":950},{"Length":35,"Height":27,"Demand":3,"DemandMax":null,"Value":945},{"Length":41,"Height":23,"Demand":1,"DemandMax":null,"Value":943},{"Length":36,"Height":26,"Demand":4,"DemandMax":null,"Value":936},{"Length":39,"Height":24,"Demand":2,"DemandMax":null,"Value":936},{"Length":55,"Height":17,"Demand":1,"DemandMax":null,"Value":935},{"Length":31,"Height":30,"Demand":2,"DemandMax":null,"Value":930},{"Length":37,"Height":25,"Demand":3,"DemandMax":null,"Value":925},{"Length":44,"Height":21,"Demand":2,"DemandMax":null,"Value":924},{"Length":33,"Height":28,"Demand":3,"DemandMax":null,"Value":924},{"Length":46,"Height":20,"Demand":2,"DemandMax":null,"Value":920},{"Length":57,"Height":16,"Demand":3,"DemandMax":null,"Value":912},{"Length":38,"Height":24,"Demand":1,"DemandMax":null,"Value":912},{"Length":35,"Height":26,"Demand":2,"DemandMax":null,"Value":910},{"Length":43,"Height":21,"Demand":1,"DemandMax":null,"Value":903},{"Length":41,"Height":22,"Demand":2,"DemandMax":null,"Value":902},{"Length":50,"Height":18,"Demand":1,"DemandMax":null,"Value":900},{"Length":60,"Height":15,"Demand":3,"DemandMax":null,"Value":900},{"Length":30,"Height":30,"Demand":2,"DemandMax":null,"Value":900},{"Length":31,"Height":29,"Demand":2,"DemandMax":null,"Value":899},{"Length":39,"Height":23,"Demand":2,"DemandMax":null,"Value":897},{"Length":56,"Height":16,"Demand":2,"DemandMax":null,"Value":896},{"Length":47,"Height":19,"Demand":1,"DemandMax":null,"Value":893},{"Length":33,"Height":27,"Demand":2,"DemandMax":null,"Value":891},{"Length":37,"Height":24,"Demand":3,"DemandMax":null,"Value":888},{"Length":40,"Height":22,"Demand":1,"DemandMax":null,"Value":880},{"Length":35,"Height":25,"Demand":2,"DemandMax":null,"Value":875},{"Length":46,"Height":19,"Demand":2,"DemandMax":null,"Value":874},{"Length":38,"Height":23,"Demand":2,"DemandMax":null,"Value":874},{"Length":30,"Height":29,"Demand":3,"DemandMax":null,"Value":870},{"Length":51,"Height":17,"Demand":1,"DemandMax":null,"Value":867},{"Length":54,"Height":16,"Demand":1,"DemandMax":null,"Value":864},{"Length":36,"Height":24,"Demand":1,"DemandMax":null,"Value":864},{"Length":41,"Height":21,"Demand":3,"DemandMax":null,"Value":861},{"Length":43,"Height":20,"Demand":1,"DemandMax":null,"Value":860},{"Length":39,"Height":22,"Demand":4,"DemandMax":null,"Value":858},{"Length":33,"Height":26,"Demand":2,"DemandMax":null,"Value":858},{"Length":45,"Height":19,"Demand":1,"DemandMax":null,"Value":855},{"Length":37,"Height":23,"Demand":2,"DemandMax":null,"Value":851},{"Length":34,"Height":25,"Demand":3,"DemandMax":null,"Value":850},{"Length":53,"Height":16,"Demand":2,"DemandMax":null,"Value":848},{"Length":47,"Height":18,"Demand":1,"DemandMax":null,"Value":846},{"Length":40,"Height":21,"Demand":4,"DemandMax":null,"Value":840},{"Length":30,"Height":28,"Demand":3,"DemandMax":null,"Value":840},{"Length":49,"Height":17,"Demand":2,"DemandMax":null,"Value":833},{"Length":52,"Height":16,"Demand":5,"DemandMax":null,"Value":832},{"Length":32,"Height":26,"Demand":1,"DemandMax":null,"Value":832},{"Length":46,"Height":18,"Demand":2,"DemandMax":null,"Value":828},{"Length":41,"Height":20,"Demand":1,"DemandMax":null,"Value":820},{"Length":48,"Height":17,"Demand":2,"DemandMax":null,"Value":816},{"Length":37,"Height":22,"Demand":3,"DemandMax":null,"Value":814},{"Length":58,"Height":14,"Demand":1,"DemandMax":null,"Value":812},{"Length":45,"Height":18,"Demand":1,"DemandMax":null,"Value":810},{"Length":31,"Height":26,"Demand":2,"DemandMax":null,"Value":806},{"Length":35,"Height":23,"Demand":1,"DemandMax":null,"Value":805},{"Length":50,"Height":16,"Demand":1,"DemandMax":null,"Value":800},{"Length":47,"Height":17,"Demand":2,"DemandMax":null,"Value":799},{"Length":38,"Height":21,"Demand":5,"DemandMax":null,"Value":798},{"Length":42,"Height":19,"Demand":3,"DemandMax":null,"Value":798},{"Length":53,"Height":15,"Demand":1,"DemandMax":null,"Value":795},{"Length":36,"Height":22,"Demand":3,"DemandMax":null,"Value":792},{"Length":49,"Height":16,"Demand":2,"DemandMax":null,"Value":784},{"Length":29,"Height":27,"Demand":2,"DemandMax":null,"Value":783},{"Length":34,"Height":23,"Demand":2,"DemandMax":null,"Value":782},{"Length":46,"Height":17,"Demand":3,"DemandMax":null,"Value":782},{"Length":60,"Height":13,"Demand":2,"DemandMax":null,"Value":780},{"Length":37,"Height":21,"Demand":3,"DemandMax":null,"Value":777},{"Length":31,"Height":25,"Demand":1,"DemandMax":null,"Value":775},{"Length":43,"Height":18,"Demand":1,"DemandMax":null,"Value":774},{"Length":35,"Height":22,"Demand":4,"DemandMax":null,"Value":770},{"Length":55,"Height":14,"Demand":1,"DemandMax":null,"Value":770},{"Length":32,"Height":24,"Demand":4,"DemandMax":null,"Value":768},{"Length":48,"Height":16,"Demand":4,"DemandMax":null,"Value":768},{"Length":59,"Height":13,"Demand":2,"DemandMax":null,"Value":767},{"Length":45,"Height":17,"Demand":1,"DemandMax":null,"Value":765},{"Length":40,"Height":19,"Demand":3,"DemandMax":null,"Value":760},{"Length":38,"Height":20,"Demand":2,"DemandMax":null,"Value":760},{"Length":33,"Height":23,"Demand":2,"DemandMax":null,"Value":759},{"Length":36,"Height":21,"Demand":2,"DemandMax":null,"Value":756},{"Length":54,"Height":14,"Demand":4,"DemandMax":null,"Value":756},{"Length":28,"Height":27,"Demand":1,"DemandMax":null,"Value":756},{"Length":29,"Height":26,"Demand":1,"DemandMax":null,"Value":754},{"Length":47,"Height":16,"Demand":2,"DemandMax":null,"Value":752},{"Length":50,"Height":15,"Demand":7,"DemandMax":null,"Value":750},{"Length":30,"Height":25,"Demand":4,"DemandMax":null,"Value":750},{"Length":34,"Height":22,"Demand":2,"DemandMax":null,"Value":748},{"Length":44,"Height":17,"Demand":2,"DemandMax":null,"Value":748},{"Length":31,"Height":24,"Demand":1,"DemandMax":null,"Value":744},{"Length":37,"Height":20,"Demand":2,"DemandMax":null,"Value":740},{"Length":41,"Height":18,"Demand":3,"DemandMax":null,"Value":738},{"Length":46,"Height":16,"Demand":1,"DemandMax":null,"Value":736},{"Length":49,"Height":15,"Demand":2,"DemandMax":null,"Value":735},{"Length":35,"Height":21,"Demand":2,"DemandMax":null,"Value":735},{"Length":56,"Height":13,"Demand":5,"DemandMax":null,"Value":728},{"Length":28,"Height":26,"Demand":1,"DemandMax":null,"Value":728},{"Length":33,"Height":22,"Demand":1,"DemandMax":null,"Value":726},{"Length":29,"Height":25,"Demand":1,"DemandMax":null,"Value":725},{"Length":38,"Height":19,"Demand":1,"DemandMax":null,"Value":722},{"Length":36,"Height":20,"Demand":1,"DemandMax":null,"Value":720},{"Length":45,"Height":16,"Demand":2,"DemandMax":null,"Value":720},{"Length":51,"Height":14,"Demand":1,"DemandMax":null,"Value":714},{"Length":34,"Height":21,"Demand":2,"DemandMax":null,"Value":714},{"Length":59,"Height":12,"Demand":1,"DemandMax":null,"Value":708},{"Length":44,"Height":16,"Demand":2,"DemandMax":null,"Value":704},{"Length":27,"Height":26,"Demand":1,"DemandMax":null,"Value":702},{"Length":50,"Height":14,"Demand":2,"DemandMax":null,"Value":700},{"Length":35,"Height":20,"Demand":2,"DemandMax":null,"Value":700},{"Length":28,"Height":25,"Demand":1,"DemandMax":null,"Value":700},{"Length":29,"Height":24,"Demand":2,"DemandMax":null,"Value":696},{"Length":33,"Height":21,"Demand":2,"DemandMax":null,"Value":693},{"Length":30,"Height":23,"Demand":4,"DemandMax":null,"Value":690},{"Length":53,"Height":13,"Demand":3,"DemandMax":null,"Value":689},{"Length":43,"Height":16,"Demand":1,"DemandMax":null,"Value":688},{"Length":49,"Height":14,"Demand":1,"DemandMax":null,"Value":686},{"Length":38,"Height":18,"Demand":1,"DemandMax":null,"Value":684},{"Length":36,"Height":19,"Demand":1,"DemandMax":null,"Value":684},{"Length":31,"Height":22,"Demand":2,"DemandMax":null,"Value":682},{"Length":40,"Height":17,"Demand":2,"DemandMax":null,"Value":680},{"Length":27,"Height":25,"Demand":2,"DemandMax":null,"Value":675},{"Length":45,"Height":15,"Demand":1,"DemandMax":null,"Value":675},{"Length":32,"Height":21,"Demand":5,"DemandMax":null,"Value":672},{"Length":42,"Height":16,"Demand":2,"DemandMax":null,"Value":672},{"Length":48,"Height":14,"Demand":1,"DemandMax":null,"Value":672},{"Length":56,"Height":12,"Demand":2,"DemandMax":null,"Value":672},{"Length":28,"Height":24,"Demand":1,"DemandMax":null,"Value":672},{"Length":37,"Height":18,"Demand":2,"DemandMax":null,"Value":666},{"Length":35,"Height":19,"Demand":1,"DemandMax":null,"Value":665},{"Length":39,"Height":17,"Demand":1,"DemandMax":null,"Value":663},{"Length":55,"Height":12,"Demand":2,"DemandMax":null,"Value":660},{"Length":30,"Height":22,"Demand":2,"DemandMax":null,"Value":660},{"Length":44,"Height":15,"Demand":3,"DemandMax":null,"Value":660},{"Length":33,"Height":20,"Demand":1,"DemandMax":null,"Value":660},{"Length":47,"Height":14,"Demand":1,"DemandMax":null,"Value":658},{"Length":41,"Height":16,"Demand":1,"DemandMax":null,"Value":656},{"Length":31,"Height":21,"Demand":2,"DemandMax":null,"Value":651},{"Length":26,"Height":25,"Demand":3,"DemandMax":null,"Value":650},{"Length":50,"Height":13,"Demand":1,"DemandMax":null,"Value":650},{"Length":36,"Height":18,"Demand":2,"DemandMax":null,"Value":648},{"Length":27,"Height":24,"Demand":1,"DemandMax":null,"Value":648},{"Length":54,"Height":12,"Demand":1,"DemandMax":null,"Value":648},{"Length":34,"Height":19,"Demand":1,"DemandMax":null,"Value":646},{"Length":28,"Height":23,"Demand":2,"DemandMax":null,"Value":644},{"Length":32,"Height":20,"Demand":1,"DemandMax":null,"Value":640},{"Length":40,"Height":16,"Demand":1,"DemandMax":null,"Value":640},{"Length":29,"Height":22,"Demand":1,"DemandMax":null,"Value":638},{"Length":49,"Height":13,"Demand":2,"DemandMax":null,"Value":637},{"Length":53,"Height":12,"Demand":1,"DemandMax":null,"Value":636},{"Length":35,"Height":18,"Demand":2,"DemandMax":null,"Value":630},{"Length":30,"Height":21,"Demand":1,"DemandMax":null,"Value":630},{"Length":37,"Height":17,"Demand":3,"DemandMax":null,"Value":629},{"Length":33,"Height":19,"Demand":2,"DemandMax":null,"Value":627},{"Length":57,"Height":11,"Demand":1,"DemandMax":null,"Value":627},{"Length":39,"Height":16,"Demand":4,"DemandMax":null,"Value":624},{"Length":48,"Height":13,"Demand":4,"DemandMax":null,"Value":624},{"Length":26,"Height":24,"Demand":1,"DemandMax":null,"Value":624},{"Length":27,"Height":23,"Demand":2,"DemandMax":null,"Value":621},{"Length":31,"Height":20,"Demand":1,"DemandMax":null,"Value":620},{"Length":44,"Height":14,"Demand":1,"DemandMax":null,"Value":616},{"Length":28,"Height":22,"Demand":2,"DemandMax":null,"Value":616},{"Length":41,"Height":15,"Demand":2,"DemandMax":null,"Value":615},{"Length":36,"Height":17,"Demand":2,"DemandMax":null,"Value":612},{"Length":29,"Height":21,"Demand":2,"DemandMax":null,"Value":609},{"Length":32,"Height":19,"Demand":1,"DemandMax":null,"Value":608},{"Length":43,"Height":14,"Demand":1,"DemandMax":null,"Value":602},{"Length":40,"Height":15,"Demand":1,"DemandMax":null,"Value":600},{"Length":50,"Height":12,"Demand":2,"DemandMax":null,"Value":600},{"Length":30,"Height":20,"Demand":1,"DemandMax":null,"Value":600},{"Length":26,"Height":23,"Demand":1,"DemandMax":null,"Value":598},{"Length":35,"Height":17,"Demand":2,"DemandMax":null,"Value":595},{"Length":27,"Height":22,"Demand":2,"DemandMax":null,"Value":594},{"Length":33,"Height":18,"Demand":1,"DemandMax":null,"Value":594},{"Length":37,"Height":16,"Demand":1,"DemandMax":null,"Value":592},{"Length":28,"Height":21,"Demand":4,"DemandMax":null,"Value":588},{"Length":42,"Height":14,"Demand":3,"DemandMax":null,"Value":588},{"Length":49,"Height":12,"Demand":1,"DemandMax":null,"Value":588},{"Length":45,"Height":13,"Demand":6,"DemandMax":null,"Value":585},{"Length":39,"Height":15,"Demand":1,"DemandMax":null,"Value":585},{"Length":29,"Height":20,"Demand":1,"DemandMax":null,"Value":580},{"Length":58,"Height":10,"Demand":2,"DemandMax":null,"Value":580},{"Length":34,"Height":17,"Demand":1,"DemandMax":null,"Value":578},{"Length":48,"Height":12,"Demand":1,"DemandMax":null,"Value":576},{"Length":32,"Height":18,"Demand":1,"DemandMax":null,"Value":576},{"Length":36,"Height":16,"Demand":3,"DemandMax":null,"Value":576},{"Length":24,"Height":24,"Demand":1,"DemandMax":null,"Value":576},{"Length":25,"Height":23,"Demand":1,"DemandMax":null,"Value":575},{"Length":44,"Height":13,"Demand":2,"DemandMax":null,"Value":572},{"Length":26,"Height":22,"Demand":1,"DemandMax":null,"Value":572},{"Length":30,"Height":19,"Demand":2,"DemandMax":null,"Value":570},{"Length":38,"Height":15,"Demand":1,"DemandMax":null,"Value":570},{"Length":27,"Height":21,"Demand":3,"DemandMax":null,"Value":567},{"Length":47,"Height":12,"Demand":1,"DemandMax":null,"Value":564},{"Length":56,"Height":10,"Demand":2,"DemandMax":null,"Value":560},{"Length":35,"Height":16,"Demand":1,"DemandMax":null,"Value":560},{"Length":28,"Height":20,"Demand":4,"DemandMax":null,"Value":560},{"Length":37,"Height":15,"Demand":1,"DemandMax":null,"Value":555},{"Length":24,"Height":23,"Demand":1,"DemandMax":null,"Value":552},{"Length":46,"Height":12,"Demand":1,"DemandMax":null,"Value":552},{"Length":29,"Height":19,"Demand":3,"DemandMax":null,"Value":551},{"Length":39,"Height":14,"Demand":3,"DemandMax":null,"Value":546},{"Length":26,"Height":21,"Demand":1,"DemandMax":null,"Value":546},{"Length":32,"Height":17,"Demand":1,"DemandMax":null,"Value":544},{"Length":36,"Height":15,"Demand":1,"DemandMax":null,"Value":540},{"Length":41,"Height":13,"Demand":1,"DemandMax":null,"Value":533},{"Length":28,"Height":19,"Demand":4,"DemandMax":null,"Value":532},{"Length":38,"Height":14,"Demand":2,"DemandMax":null,"Value":532},{"Length":33,"Height":16,"Demand":1,"DemandMax":null,"Value":528},{"Length":44,"Height":12,"Demand":2,"DemandMax":null,"Value":528},{"Length":31,"Height":17,"Demand":1,"DemandMax":null,"Value":527},{"Length":35,"Height":15,"Demand":2,"DemandMax":null,"Value":525},{"Length":26,"Height":20,"Demand":1,"DemandMax":null,"Value":520},{"Length":40,"Height":13,"Demand":3,"DemandMax":null,"Value":520},{"Length":37,"Height":14,"Demand":2,"DemandMax":null,"Value":518},{"Length":27,"Height":19,"Demand":2,"DemandMax":null,"Value":513},{"Length":32,"Height":16,"Demand":1,"DemandMax":null,"Value":512},{"Length":30,"Height":17,"Demand":5,"DemandMax":null,"Value":510},{"Length":34,"Height":15,"Demand":2,"DemandMax":null,"Value":510},{"Length":51,"Height":10,"Demand":1,"DemandMax":null,"Value":510},{"Length":39,"Height":13,"Demand":1,"DemandMax":null,"Value":507},{"Length":23,"Height":22,"Demand":1,"DemandMax":null,"Value":506},{"Length":28,"Height":18,"Demand":4,"DemandMax":null,"Value":504},{"Length":42,"Height":12,"Demand":1,"DemandMax":null,"Value":504},{"Length":25,"Height":20,"Demand":4,"DemandMax":null,"Value":500},{"Length":50,"Height":10,"Demand":3,"DemandMax":null,"Value":500},{"Length":31,"Height":16,"Demand":2,"DemandMax":null,"Value":496},{"Length":33,"Height":15,"Demand":2,"DemandMax":null,"Value":495},{"Length":26,"Height":19,"Demand":2,"DemandMax":null,"Value":494},{"Length":38,"Height":13,"Demand":3,"DemandMax":null,"Value":494},{"Length":29,"Height":17,"Demand":2,"DemandMax":null,"Value":493},{"Length":41,"Height":12,"Demand":1,"DemandMax":null,"Value":492},{"Length":27,"Height":18,"Demand":1,"DemandMax":null,"Value":486},{"Length":22,"Height":22,"Demand":1,"DemandMax":null,"Value":484},{"Length":34,"Height":14,"Demand":3,"DemandMax":null,"Value":476},{"Length":28,"Height":17,"Demand":5,"DemandMax":null,"Value":476},{"Length":43,"Height":11,"Demand":2,"DemandMax":null,"Value":473},{"Length":31,"Height":15,"Demand":2,"DemandMax":null,"Value":465},{"Length":29,"Height":16,"Demand":3,"DemandMax":null,"Value":464},{"Length":27,"Height":17,"Demand":2,"DemandMax":null,"Value":459},{"Length":24,"Height":19,"Demand":1,"DemandMax":null,"Value":456},{"Length":35,"Height":13,"Demand":3,"DemandMax":null,"Value":455},{"Length":30,"Height":15,"Demand":1,"DemandMax":null,"Value":450},{"Length":32,"Height":14,"Demand":3,"DemandMax":null,"Value":448},{"Length":37,"Height":12,"Demand":2,"DemandMax":null,"Value":444},{"Length":34,"Height":13,"Demand":4,"DemandMax":null,"Value":442},{"Length":26,"Height":17,"Demand":1,"DemandMax":null,"Value":442},{"Length":21,"Height":21,"Demand":2,"DemandMax":null,"Value":441},{"Length":44,"Height":10,"Demand":2,"DemandMax":null,"Value":440},{"Length":22,"Height":20,"Demand":2,"DemandMax":null,"Value":440},{"Length":23,"Height":19,"Demand":1,"DemandMax":null,"Value":437},{"Length":29,"Height":15,"Demand":1,"DemandMax":null,"Value":435},{"Length":31,"Height":14,"Demand":2,"DemandMax":null,"Value":434},{"Length":27,"Height":16,"Demand":1,"DemandMax":null,"Value":432},{"Length":43,"Height":10,"Demand":2,"DemandMax":null,"Value":430},{"Length":39,"Height":11,"Demand":3,"DemandMax":null,"Value":429},{"Length":25,"Height":17,"Demand":2,"DemandMax":null,"Value":425},{"Length":35,"Height":12,"Demand":5,"DemandMax":null,"Value":420},{"Length":28,"Height":15,"Demand":5,"DemandMax":null,"Value":420},{"Length":21,"Height":20,"Demand":1,"DemandMax":null,"Value":420},{"Length":30,"Height":14,"Demand":2,"DemandMax":null,"Value":420},{"Length":22,"Height":19,"Demand":2,"DemandMax":null,"Value":418},{"Length":26,"Height":16,"Demand":3,"DemandMax":null,"Value":416},{"Length":32,"Height":13,"Demand":1,"DemandMax":null,"Value":416},{"Length":23,"Height":18,"Demand":3,"DemandMax":null,"Value":414},{"Length":41,"Height":10,"Demand":1,"DemandMax":null,"Value":410},{"Length":24,"Height":17,"Demand":2,"DemandMax":null,"Value":408},{"Length":34,"Height":12,"Demand":1,"DemandMax":null,"Value":408},{"Length":29,"Height":14,"Demand":1,"DemandMax":null,"Value":406},{"Length":27,"Height":15,"Demand":1,"DemandMax":null,"Value":405},{"Length":31,"Height":13,"Demand":1,"DemandMax":null,"Value":403},{"Length":20,"Height":20,"Demand":1,"DemandMax":null,"Value":400},{"Length":21,"Height":19,"Demand":1,"DemandMax":null,"Value":399},{"Length":33,"Height":12,"Demand":2,"DemandMax":null,"Value":396},{"Length":26,"Height":15,"Demand":3,"DemandMax":null,"Value":390},{"Length":30,"Height":13,"Demand":3,"DemandMax":null,"Value":390},{"Length":35,"Height":11,"Demand":2,"DemandMax":null,"Value":385},{"Length":20,"Height":19,"Demand":3,"DemandMax":null,"Value":380},{"Length":21,"Height":18,"Demand":1,"DemandMax":null,"Value":378},{"Length":29,"Height":13,"Demand":1,"DemandMax":null,"Value":377},{"Length":25,"Height":15,"Demand":4,"DemandMax":null,"Value":375},{"Length":31,"Height":12,"Demand":1,"DemandMax":null,"Value":372},{"Length":23,"Height":16,"Demand":1,"DemandMax":null,"Value":368},{"Length":26,"Height":14,"Demand":1,"DemandMax":null,"Value":364},{"Length":19,"Height":19,"Demand":1,"DemandMax":null,"Value":361},{"Length":20,"Height":18,"Demand":2,"DemandMax":null,"Value":360},{"Length":24,"Height":15,"Demand":2,"DemandMax":null,"Value":360},{"Length":30,"Height":12,"Demand":1,"DemandMax":null,"Value":360},{"Length":21,"Height":17,"Demand":2,"DemandMax":null,"Value":357},{"Length":32,"Height":11,"Demand":1,"DemandMax":null,"Value":352},{"Length":22,"Height":16,"Demand":1,"DemandMax":null,"Value":352},{"Length":29,"Height":12,"Demand":1,"DemandMax":null,"Value":348},{"Length":23,"Height":15,"Demand":1,"DemandMax":null,"Value":345},{"Length":34,"Height":10,"Demand":3,"DemandMax":null,"Value":340},{"Length":26,"Height":13,"Demand":1,"DemandMax":null,"Value":338},{"Length":28,"Height":12,"Demand":1,"DemandMax":null,"Value":336},{"Length":22,"Height":15,"Demand":1,"DemandMax":null,"Value":330},{"Length":25,"Height":13,"Demand":1,"DemandMax":null,"Value":325},{"Length":27,"Height":12,"Demand":1,"DemandMax":null,"Value":324},{"Length":19,"Height":17,"Demand":1,"DemandMax":null,"Value":323},{"Length":20,"Height":16,"Demand":1,"DemandMax":null,"Value":320},{"Length":29,"Height":11,"Demand":2,"DemandMax":null,"Value":319},{"Length":21,"Height":15,"Demand":1,"DemandMax":null,"Value":315},{"Length":26,"Height":12,"Demand":1,"DemandMax":null,"Value":312},{"Length":31,"Height":10,"Demand":3,"DemandMax":null,"Value":310},{"Length":28,"Height":11,"Demand":1,"DemandMax":null,"Value":308},{"Length":18,"Height":17,"Demand":1,"DemandMax":null,"Value":306},{"Length":19,"Height":16,"Demand":2,"DemandMax":null,"Value":304},{"Length":20,"Height":15,"Demand":1,"DemandMax":null,"Value":300},{"Length":23,"Height":13,"Demand":3,"DemandMax":null,"Value":299},{"Length":27,"Height":11,"Demand":2,"DemandMax":null,"Value":297},{"Length":21,"Height":14,"Demand":1,"DemandMax":null,"Value":294},{"Length":29,"Height":10,"Demand":2,"DemandMax":null,"Value":290},{"Length":17,"Height":17,"Demand":3,"DemandMax":null,"Value":289},{"Length":18,"Height":16,"Demand":2,"DemandMax":null,"Value":288},{"Length":26,"Height":11,"Demand":4,"DemandMax":null,"Value":286},{"Length":22,"Height":13,"Demand":5,"DemandMax":null,"Value":286},{"Length":19,"Height":15,"Demand":1,"DemandMax":null,"Value":285},{"Length":20,"Height":14,"Demand":2,"DemandMax":null,"Value":280},{"Length":28,"Height":10,"Demand":1,"DemandMax":null,"Value":280},{"Length":21,"Height":13,"Demand":2,"DemandMax":null,"Value":273},{"Length":17,"Height":16,"Demand":2,"DemandMax":null,"Value":272},{"Length":18,"Height":15,"Demand":1,"DemandMax":null,"Value":270},{"Length":19,"Height":14,"Demand":1,"DemandMax":null,"Value":266},{"Length":24,"Height":11,"Demand":2,"DemandMax":null,"Value":264},{"Length":22,"Height":12,"Demand":3,"DemandMax":null,"Value":264},{"Length":20,"Height":13,"Demand":1,"DemandMax":null,"Value":260},{"Length":17,"Height":15,"Demand":1,"DemandMax":null,"Value":255},{"Length":18,"Height":14,"Demand":2,"DemandMax":null,"Value":252},{"Length":25,"Height":10,"Demand":5,"DemandMax":null,"Value":250},{"Length":22,"Height":11,"Demand":2,"DemandMax":null,"Value":242},{"Length":16,"Height":15,"Demand":1,"DemandMax":null,"Value":240},{"Length":20,"Height":12,"Demand":1,"DemandMax":null,"Value":240},{"Length":18,"Height":13,"Demand":2,"DemandMax":null,"Value":234},{"Length":23,"Height":10,"Demand":1,"DemandMax":null,"Value":230},{"Length":15,"Height":15,"Demand":1,"DemandMax":null,"Value":225},{"Length":16,"Height":14,"Demand":2,"DemandMax":null,"Value":224},{"Length":17,"Height":13,"Demand":1,"DemandMax":null,"Value":221},{"Length":18,"Height":12,"Demand":2,"DemandMax":null,"Value":216},{"Length":15,"Height":14,"Demand":1,"DemandMax":null,"Value":210},{"Length":21,"Height":10,"Demand":3,"DemandMax":null,"Value":210},{"Length":19,"Height":11,"Demand":2,"DemandMax":null,"Value":209},{"Length":16,"Height":13,"Demand":1,"DemandMax":null,"Value":208},{"Length":20,"Height":10,"Demand":2,"DemandMax":null,"Value":200},{"Length":15,"Height":13,"Demand":4,"DemandMax":null,"Value":195},{"Length":16,"Height":12,"Demand":1,"DemandMax":null,"Value":192},{"Length":18,"Height":10,"Demand":1,"DemandMax":null,"Value":180},{"Length":15,"Height":12,"Demand":1,"DemandMax":null,"Value":180},{"Length":14,"Height":12,"Demand":1,"DemandMax":null,"Value":168},{"Length":16,"Height":10,"Demand":1,"DemandMax":null,"Value":160},{"Length":14,"Height":11,"Demand":4,"DemandMax":null,"Value":154},{"Length":14,"Height":10,"Demand":3,"DemandMax":null,"Value":140},{"Length":13,"Height":10,"Demand":1,"DemandMax":null,"Value":130}]}