{"Name":"MB10_052","Objects":[{"Length":432,"Height":79,"Stock":null,"Cost":34128}],"Items":[{"Length":56,"Height":44,"Demand":10,"DemandMax":null,"Value":2464},{"Length":59,"Height":39,"Demand":9,"DemandMax":null,"Value":2301},{"Length":50,"Height":45,"Demand":12,"DemandMax":null,"Value":2250},{"Length":48,"Height":45,"Demand":11,"DemandMax":null,"Value":2160},{"Length":50,"Height":43,"Demand":9,"DemandMax":null,"Value":2150},{"Length":53,"Height":40,"Demand":9,"DemandMax":null,"Value":2120},{"Length":54,"Height":36,"Demand":8,"DemandMax":null,"Value":1944},{"Length":59,"Height":32,"Demand":11,"DemandMax":null,"Value":1888},{"Length":55,"Height":34,"Demand":8,"DemandMax":null,"Value":1870},{"Length":48,"Height":38,"Demand":11,"DemandMax":null,"Value":1824},{"Length":60,"Height":30,"Demand":10,"DemandMax":null,"Value":1800},{"Length":59,"Height":30,"Demand":8,"DemandMax":null,"Value":1770},{"Length":45,"Height":39,"Demand":10,"DemandMax":null,"Value":1755},{"Length":52,"Height":33,"Demand":5,"DemandMax":null,"Value":1716},{"Length":57,"Height":30,"Demand":10,"DemandMax":null,"Value":1710},{"Length":50,"Height":34,"Demand":11,"DemandMax":null,"Value":1700},{"Length":46,"Height":36,"Demand":5,"DemandMax":null,"Value":1656},{"Length":42,"Height":39,"Demand":9,"DemandMax":null,"Value":1638},{"Length":52,"Height":31,"Demand":12,"DemandMax":null,"Value":1612},{"Length":49,"Height":32,"Demand":11,"DemandMax":null,"Value":1568},{"Length":52,"Height":30,"Demand":13,"DemandMax":null,"Value":1560},{"Length":41,"Height":38,"Demand":6,"DemandMax":null,"Value":1558},{"Length":45,"Height":34,"Demand":10,"DemandMax":null,"Value":1530},{"Length":49,"Height":31,"Demand":12,"DemandMax":null,"Value":1519},{"Length":56,"Height":27,"Demand":9,"DemandMax":null,"Value":1512},{"Length":44,"Height":34,"Demand":11,"DemandMax":null,"Value":1496},{"Length":45,"Height":33,"Demand":9,"DemandMax":null,"Value":1485},{"Length":41,"Height":36,"Demand":9,"DemandMax":null,"Value":1476},{"Length":59,"Height":25,"Demand":13,"DemandMax":null,"Value":1475},{"Length":50,"Height":29,"Demand":19,"DemandMax":null,"Value":1450},{"Length":54,"Height":26,"Demand":11,"DemandMax":null,"Value":1404},{"Length":37,"Height":37,"Demand":11,"DemandMax":null,"Value":1369},{"Length":39,"Height":35,"Demand":13,"DemandMax":null,"Value":1365},{"Length":40,"Height":34,"Demand":12,"DemandMax":null,"Value":1360},{"Length":45,"Height":30,"Demand":11,"DemandMax":null,"Value":1350},{"Length":47,"Height":28,"Demand":12,"DemandMax":null,"Value":1316},{"Length":39,"Height":33,"Demand":10,"DemandMax":null,"Value":1287},{"Length":38,"Height":33,"Demand":10,"DemandMax":null,"Value":1254},{"Length":38,"Height":32,"Demand":8,"DemandMax":null,"Value":1216},{"Length":52,"Height":23,"Demand":16,"DemandMax":null,"Value":1196},{"Length":58,"Height":20,"Demand":7,"DemandMax":null,"Value":1160},{"Length":37,"Height":31,"Demand":11,"DemandMax":null,"Value":1147},{"Length":35,"Height":32,"Demand":11,"DemandMax":null,"Value":1120},{"Length":40,"Height":28,"Demand":11,"DemandMax":null,"Value":1120},{"Length":34,"Height":32,"Demand":6,"DemandMax":null,"Value":1088},{"Length":37,"Height":28,"Demand":14,"DemandMax":null,"Value":1036},{"Length":35,"Height":29,"Demand":8,"DemandMax":null,"Value":1015},{"Length":48,"Height":21,"Demand":7,"DemandMax":null,"Value":1008},{"Length":53,"Height":19,"Demand":6,"DemandMax":null,"Value":1007},{"Length":46,"Height":21,"Demand":16,"DemandMax":null,"Value":966},{"Length":37,"Height":26,"Demand":23,"DemandMax":null,"Value":962},{"Length":40,"Height":24,"Demand":7,"DemandMax":null,"Value":960},{"Length":32,"Height":30,"Demand":9,"DemandMax":null,"Value":960},{"Length":43,"Height":22,"Demand":6,"DemandMax":null,"Value":946},{"Length":47,"Height":20,"Demand":8,"DemandMax":null,"Value":940},{"Length":36,"Height":26,"Demand":11,"DemandMax":null,"Value":936},{"Length":49,"Height":19,"Demand":14,"DemandMax":null,"Value":931},{"Length":44,"Height":21,"Demand":13,"DemandMax":null,"Value":924},{"Length":33,"Height":28,"Demand":7,"DemandMax":null,"Value":924},{"Length":34,"Height":27,"Demand":12,"DemandMax":null,"Value":918},{"Length":35,"Height":26,"Demand":18,"DemandMax":null,"Value":910},{"Length":50,"Height":18,"Demand":9,"DemandMax":null,"Value":900},{"Length":34,"Height":26,"Demand":11,"DemandMax":null,"Value":884},{"Length":35,"Height":25,"Demand":5,"DemandMax":null,"Value":875},{"Length":30,"Height":29,"Demand":11,"DemandMax":null,"Value":870},{"Length":41,"Height":21,"Demand":13,"DemandMax":null,"Value":861},{"Length":37,"Height":23,"Demand":10,"DemandMax":null,"Value":851},{"Length":42,"Height":20,"Demand":11,"DemandMax":null,"Value":840},{"Length":47,"Height":17,"Demand":15,"DemandMax":null,"Value":799},{"Length":38,"Height":21,"Demand":9,"DemandMax":null,"Value":798},{"Length":57,"Height":14,"Demand":7,"DemandMax":null,"Value":798},{"Length":36,"Height":22,"Demand":5,"DemandMax":null,"Value":792},{"Length":49,"Height":16,"Demand":9,"DemandMax":null,"Value":784},{"Length":29,"Height":27,"Demand":11,"DemandMax":null,"Value":783},{"Length":52,"Height":15,"Demand":10,"DemandMax":null,"Value":780},{"Length":31,"Height":25,"Demand":9,"DemandMax":null,"Value":775},{"Length":38,"Height":20,"Demand":11,"DemandMax":null,"Value":760},{"Length":33,"Height":23,"Demand":13,"DemandMax":null,"Value":759},{"Length":36,"Height":21,"Demand":6,"DemandMax":null,"Value":756},{"Length":29,"Height":26,"Demand":10,"DemandMax":null,"Value":754},{"Length":44,"Height":17,"Demand":11,"DemandMax":null,"Value":748},{"Length":37,"Height":20,"Demand":16,"DemandMax":null,"Value":740},{"Length":32,"Height":23,"Demand":15,"DemandMax":null,"Value":736},{"Length":46,"Height":16,"Demand":10,"DemandMax":null,"Value":736},{"Length":35,"Height":21,"Demand":11,"DemandMax":null,"Value":735},{"Length":36,"Height":20,"Demand":11,"DemandMax":null,"Value":720},{"Length":45,"Height":16,"Demand":14,"DemandMax":null,"Value":720},{"Length":48,"Height":15,"Demand":9,"DemandMax":null,"Value":720},{"Length":37,"Height":19,"Demand":7,"DemandMax":null,"Value":703},{"Length":39,"Height":18,"Demand":8,"DemandMax":null,"Value":702},{"Length":33,"Height":21,"Demand":11,"DemandMax":null,"Value":693},{"Length":38,"Height":18,"Demand":8,"DemandMax":null,"Value":684},{"Length":47,"Height":14,"Demand":11,"DemandMax":null,"Value":658},{"Length":59,"Height":11,"Demand":10,"DemandMax":null,"Value":649},{"Length":34,"Height":19,"Demand":7,"DemandMax":null,"Value":646},{"Length":29,"Height":22,"Demand":13,"DemandMax":null,"Value":638},{"Length":33,"Height":18,"Demand":14,"DemandMax":null,"Value":594},{"Length":28,"Height":21,"Demand":10,"DemandMax":null,"Value":588},{"Length":32,"Height":18,"Demand":11,"DemandMax":null,"Value":576},{"Length":27,"Height":21,"Demand":9,"DemandMax":null,"Value":567},{"Length":46,"Height":12,"Demand":11,"DemandMax":null,"Value":552},{"Length":30,"Height":18,"Demand":14,"DemandMax":null,"Value":540},{"Length":44,"Height":12,"Demand":9,"DemandMax":null,"Value":528},{"Length":26,"Height":20,"Demand":11,"DemandMax":null,"Value":520},{"Length":47,"Height":11,"Demand":4,"DemandMax":null,"Value":517},{"Length":34,"Height":15,"Demand":13,"DemandMax":null,"Value":510},{"Length":36,"Height":14,"Demand":15,"DemandMax":null,"Value":504},{"Length":50,"Height":10,"Demand":10,"DemandMax":null,"Value":500},{"Length":37,"Height":13,"Demand":14,"DemandMax":null,"Value":481},{"Length":28,"Height":17,"Demand":12,"DemandMax":null,"Value":476},{"Length":43,"Height":11,"Demand":7,"DemandMax":null,"Value":473},{"Length":26,"Height":18,"Demand":8,"DemandMax":null,"Value":468},{"Length":36,"Height":13,"Demand":7,"DemandMax":null,"Value":468},{"Length":27,"Height":17,"Demand":6,"DemandMax":null,"Value":459},{"Length":26,"Height":17,"Demand":6,"DemandMax":null,"Value":442},{"Length":29,"Height":15,"Demand":11,"DemandMax":null,"Value":435},{"Length":27,"Height":16,"Demand":11,"DemandMax":null,"Value":432},{"Length":39,"Height":11,"Demand":12,"DemandMax":null,"Value":429},{"Length":25,"Height":17,"Demand":11,"DemandMax":null,"Value":425},{"Length":21,"Height":20,"Demand":7,"DemandMax":null,"Value":420},{"Length":35,"Height":12,"Demand":19,"DemandMax":null,"Value":420},{"Length":24,"Height":17,"Demand":10,"DemandMax":null,"Value":408},{"Length":20,"Height":20,"Demand":12,"DemandMax":null,"Value":400},{"Length":30,"Height":13,"Demand":12,"DemandMax":null,"Value":390},{"Length":25,"Height":15,"Demand":12,"DemandMax":null,"Value":375},{"Length":21,"Height":17,"Demand":14,"DemandMax":null,"Value":357},{"Length":19,"Height":18,"Demand":5,"DemandMax":null,"Value":342},{"Length":18,"Height":18,"Demand":11,"DemandMax":null,"Value":324},{"Length":23,"Height":14,"Demand":8,"DemandMax":null,"Value":322},{"Length":21,"Height":15,"Demand":7,"DemandMax":null,"Value":315},{"Length":19,"Height":16,"Demand":6,"DemandMax":null,"Value":304},{"Length":20,"Height":15,"Demand":15,"DemandMax":null,"Value":300},{"Length":27,"Height":11,"Demand":12,"DemandMax":null,"Value":297},{"Length":17,"Height":15,"Demand":11,"DemandMax":null,"Value":255},{"Length":18,"Height":14,"Demand":12,"DemandMax":null,"Value":252},{"Length":21,"Height":11,"Demand":10,"DemandMax":null,"Value":231},{"Length":23,"Height":10,"Demand":14,"DemandMax":null,"Value":230},{"Length":19,"Height":12,"Demand":14,"DemandMax":null,"Value":228},{"Length":15,"Height":14,"Demand":14,"DemandMax":null,"Value":210},{"Length":18,"Height":10,"Demand":8,"DemandMax":null,"Value":180}]}