{"Name":"MB08_056","Objects":[{"Length":587,"Height":233,"Stock":null,"Cost":136771}],"Items":[{"Length":54,"Height":50,"Demand":13,"DemandMax":null,"Value":2700},{"Length":57,"Height":47,"Demand":5,"DemandMax":null,"Value":2679},{"Length":59,"Height":40,"Demand":13,"DemandMax":null,"Value":2360},{"Length":57,"Height":35,"Demand":7,"DemandMax":null,"Value":1995},{"Length":58,"Height":33,"Demand":10,"DemandMax":null,"Value":1914},{"Length":45,"Height":42,"Demand":8,"DemandMax":null,"Value":1890},{"Length":47,"Height":40,"Demand":9,"DemandMax":null,"Value":1880},{"Length":45,"Height":41,"Demand":8,"DemandMax":null,"Value":1845},{"Length":59,"Height":31,"Demand":12,"DemandMax":null,"Value":1829},{"Length":49,"Height":37,"Demand":9,"DemandMax":null,"Value":1813},{"Length":46,"Height":39,"Demand":6,"DemandMax":null,"Value":1794},{"Length":54,"Height":33,"Demand":10,"DemandMax":null,"Value":1782},{"Length":50,"Height":35,"Demand":15,"DemandMax":null,"Value":1750},{"Length":48,"Height":36,"Demand":8,"DemandMax":null,"Value":1728},{"Length":47,"Height":36,"Demand":4,"DemandMax":null,"Value":1692},{"Length":54,"Height":31,"Demand":9,"DemandMax":null,"Value":1674},{"Length":49,"Height":34,"Demand":10,"DemandMax":null,"Value":1666},{"Length":46,"Height":35,"Demand":14,"DemandMax":null,"Value":1610},{"Length":50,"Height":31,"Demand":13,"DemandMax":null,"Value":1550},{"Length":44,"Height":35,"Demand":15,"DemandMax":null,"Value":1540},{"Length":40,"Height":38,"Demand":17,"DemandMax":null,"Value":1520},{"Length":42,"Height":36,"Demand":9,"DemandMax":null,"Value":1512},{"Length":47,"Height":32,"Demand":8,"DemandMax":null,"Value":1504},{"Length":50,"Height":30,"Demand":10,"DemandMax":null,"Value":1500},{"Length":53,"Height":28,"Demand":13,"DemandMax":null,"Value":1484},{"Length":39,"Height":38,"Demand":11,"DemandMax":null,"Value":1482},{"Length":39,"Height":36,"Demand":15,"DemandMax":null,"Value":1404},{"Length":45,"Height":31,"Demand":13,"DemandMax":null,"Value":1395},{"Length":43,"Height":32,"Demand":11,"DemandMax":null,"Value":1376},{"Length":42,"Height":32,"Demand":10,"DemandMax":null,"Value":1344},{"Length":40,"Height":33,"Demand":7,"DemandMax":null,"Value":1320},{"Length":54,"Height":24,"Demand":14,"DemandMax":null,"Value":1296},{"Length":37,"Height":35,"Demand":12,"DemandMax":null,"Value":1295},{"Length":41,"Height":30,"Demand":5,"DemandMax":null,"Value":1230},{"Length":42,"Height":29,"Demand":6,"DemandMax":null,"Value":1218},{"Length":45,"Height":27,"Demand":7,"DemandMax":null,"Value":1215},{"Length":39,"Height":31,"Demand":8,"DemandMax":null,"Value":1209},{"Length":40,"Height":30,"Demand":7,"DemandMax":null,"Value":1200},{"Length":47,"Height":24,"Demand":8,"DemandMax":null,"Value":1128},{"Length":41,"Height":27,"Demand":11,"DemandMax":null,"Value":1107},{"Length":36,"Height":30,"Demand":11,"DemandMax":null,"Value":1080},{"Length":49,"Height":22,"Demand":8,"DemandMax":null,"Value":1078},{"Length":44,"Height":24,"Demand":11,"DemandMax":null,"Value":1056},{"Length":34,"Height":31,"Demand":10,"DemandMax":null,"Value":1054},{"Length":35,"Height":30,"Demand":11,"DemandMax":null,"Value":1050},{"Length":47,"Height":22,"Demand":8,"DemandMax":null,"Value":1034},{"Length":49,"Height":21,"Demand":15,"DemandMax":null,"Value":1029},{"Length":51,"Height":20,"Demand":7,"DemandMax":null,"Value":1020},{"Length":40,"Height":25,"Demand":8,"DemandMax":null,"Value":1000},{"Length":50,"Height":20,"Demand":7,"DemandMax":null,"Value":1000},{"Length":45,"Height":22,"Demand":12,"DemandMax":null,"Value":990},{"Length":38,"Height":26,"Demand":13,"DemandMax":null,"Value":988},{"Length":54,"Height":18,"Demand":10,"DemandMax":null,"Value":972},{"Length":44,"Height":22,"Demand":9,"DemandMax":null,"Value":968},{"Length":46,"Height":21,"Demand":11,"DemandMax":null,"Value":966},{"Length":50,"Height":19,"Demand":10,"DemandMax":null,"Value":950},{"Length":41,"Height":23,"Demand":13,"DemandMax":null,"Value":943},{"Length":33,"Height":28,"Demand":8,"DemandMax":null,"Value":924},{"Length":40,"Height":23,"Demand":18,"DemandMax":null,"Value":920},{"Length":34,"Height":27,"Demand":12,"DemandMax":null,"Value":918},{"Length":31,"Height":29,"Demand":11,"DemandMax":null,"Value":899},{"Length":42,"Height":21,"Demand":11,"DemandMax":null,"Value":882},{"Length":31,"Height":28,"Demand":10,"DemandMax":null,"Value":868},{"Length":37,"Height":23,"Demand":8,"DemandMax":null,"Value":851},{"Length":47,"Height":18,"Demand":10,"DemandMax":null,"Value":846},{"Length":29,"Height":29,"Demand":8,"DemandMax":null,"Value":841},{"Length":40,"Height":21,"Demand":12,"DemandMax":null,"Value":840},{"Length":60,"Height":14,"Demand":10,"DemandMax":null,"Value":840},{"Length":31,"Height":27,"Demand":8,"DemandMax":null,"Value":837},{"Length":32,"Height":26,"Demand":9,"DemandMax":null,"Value":832},{"Length":50,"Height":16,"Demand":7,"DemandMax":null,"Value":800},{"Length":32,"Height":25,"Demand":10,"DemandMax":null,"Value":800},{"Length":33,"Height":24,"Demand":18,"DemandMax":null,"Value":792},{"Length":34,"Height":23,"Demand":7,"DemandMax":null,"Value":782},{"Length":31,"Height":25,"Demand":8,"DemandMax":null,"Value":775},{"Length":45,"Height":17,"Demand":11,"DemandMax":null,"Value":765},{"Length":33,"Height":23,"Demand":10,"DemandMax":null,"Value":759},{"Length":54,"Height":14,"Demand":11,"DemandMax":null,"Value":756},{"Length":32,"Height":23,"Demand":6,"DemandMax":null,"Value":736},{"Length":52,"Height":14,"Demand":13,"DemandMax":null,"Value":728},{"Length":28,"Height":26,"Demand":8,"DemandMax":null,"Value":728},{"Length":34,"Height":21,"Demand":10,"DemandMax":null,"Value":714},{"Length":39,"Height":18,"Demand":12,"DemandMax":null,"Value":702},{"Length":41,"Height":17,"Demand":12,"DemandMax":null,"Value":697},{"Length":57,"Height":12,"Demand":9,"DemandMax":null,"Value":684},{"Length":47,"Height":14,"Demand":6,"DemandMax":null,"Value":658},{"Length":31,"Height":21,"Demand":16,"DemandMax":null,"Value":651},{"Length":40,"Height":16,"Demand":12,"DemandMax":null,"Value":640},{"Length":37,"Height":17,"Demand":16,"DemandMax":null,"Value":629},{"Length":39,"Height":16,"Demand":10,"DemandMax":null,"Value":624},{"Length":27,"Height":23,"Demand":9,"DemandMax":null,"Value":621},{"Length":32,"Height":19,"Demand":10,"DemandMax":null,"Value":608},{"Length":25,"Height":24,"Demand":6,"DemandMax":null,"Value":600},{"Length":33,"Height":18,"Demand":9,"DemandMax":null,"Value":594},{"Length":27,"Height":22,"Demand":10,"DemandMax":null,"Value":594},{"Length":29,"Height":20,"Demand":6,"DemandMax":null,"Value":580},{"Length":32,"Height":18,"Demand":11,"DemandMax":null,"Value":576},{"Length":55,"Height":10,"Demand":10,"DemandMax":null,"Value":550},{"Length":39,"Height":14,"Demand":12,"DemandMax":null,"Value":546},{"Length":36,"Height":15,"Demand":11,"DemandMax":null,"Value":540},{"Length":45,"Height":12,"Demand":7,"DemandMax":null,"Value":540},{"Length":26,"Height":20,"Demand":14,"DemandMax":null,"Value":520},{"Length":43,"Height":12,"Demand":13,"DemandMax":null,"Value":516},{"Length":32,"Height":16,"Demand":21,"DemandMax":null,"Value":512},{"Length":46,"Height":11,"Demand":9,"DemandMax":null,"Value":506},{"Length":24,"Height":21,"Demand":10,"DemandMax":null,"Value":504},{"Length":29,"Height":17,"Demand":16,"DemandMax":null,"Value":493},{"Length":41,"Height":12,"Demand":7,"DemandMax":null,"Value":492},{"Length":32,"Height":15,"Demand":13,"DemandMax":null,"Value":480},{"Length":26,"Height":18,"Demand":8,"DemandMax":null,"Value":468},{"Length":39,"Height":12,"Demand":7,"DemandMax":null,"Value":468},{"Length":24,"Height":19,"Demand":11,"DemandMax":null,"Value":456},{"Length":28,"Height":16,"Demand":7,"DemandMax":null,"Value":448},{"Length":37,"Height":12,"Demand":11,"DemandMax":null,"Value":444},{"Length":26,"Height":17,"Demand":12,"DemandMax":null,"Value":442},{"Length":29,"Height":15,"Demand":9,"DemandMax":null,"Value":435},{"Length":24,"Height":18,"Demand":15,"DemandMax":null,"Value":432},{"Length":27,"Height":16,"Demand":12,"DemandMax":null,"Value":432},{"Length":33,"Height":13,"Demand":5,"DemandMax":null,"Value":429},{"Length":32,"Height":13,"Demand":8,"DemandMax":null,"Value":416},{"Length":36,"Height":11,"Demand":12,"DemandMax":null,"Value":396},{"Length":39,"Height":10,"Demand":15,"DemandMax":null,"Value":390},{"Length":29,"Height":13,"Demand":7,"DemandMax":null,"Value":377},{"Length":20,"Height":18,"Demand":6,"DemandMax":null,"Value":360},{"Length":27,"Height":13,"Demand":9,"DemandMax":null,"Value":351},{"Length":23,"Height":15,"Demand":10,"DemandMax":null,"Value":345},{"Length":20,"Height":17,"Demand":8,"DemandMax":null,"Value":340},{"Length":21,"Height":15,"Demand":19,"DemandMax":null,"Value":315},{"Length":24,"Height":13,"Demand":14,"DemandMax":null,"Value":312},{"Length":28,"Height":11,"Demand":11,"DemandMax":null,"Value":308},{"Length":30,"Height":10,"Demand":12,"DemandMax":null,"Value":300},{"Length":18,"Height":16,"Demand":12,"DemandMax":null,"Value":288},{"Length":27,"Height":10,"Demand":9,"DemandMax":null,"Value":270},{"Length":26,"Height":10,"Demand":9,"DemandMax":null,"Value":260},{"Length":17,"Height":15,"Demand":7,"DemandMax":null,"Value":255},{"Length":18,"Height":14,"Demand":11,"DemandMax":null,"Value":252},{"Length":16,"Height":15,"Demand":16,"DemandMax":null,"Value":240},{"Length":16,"Height":14,"Demand":13,"DemandMax":null,"Value":224},{"Length":18,"Height":12,"Demand":5,"DemandMax":null,"Value":216},{"Length":12,"Height":10,"Demand":10,"DemandMax":null,"Value":120}]}