{"Name":"MB10_051","Objects":[{"Length":432,"Height":79,"Stock":null,"Cost":34128}],"Items":[{"Length":56,"Height":46,"Demand":12,"DemandMax":null,"Value":2576},{"Length":59,"Height":42,"Demand":5,"DemandMax":null,"Value":2478},{"Length":49,"Height":48,"Demand":12,"DemandMax":null,"Value":2352},{"Length":49,"Height":45,"Demand":9,"DemandMax":null,"Value":2205},{"Length":60,"Height":36,"Demand":5,"DemandMax":null,"Value":2160},{"Length":49,"Height":44,"Demand":12,"DemandMax":null,"Value":2156},{"Length":47,"Height":44,"Demand":9,"DemandMax":null,"Value":2068},{"Length":54,"Height":38,"Demand":10,"DemandMax":null,"Value":2052},{"Length":52,"Height":39,"Demand":11,"DemandMax":null,"Value":2028},{"Length":50,"Height":40,"Demand":14,"DemandMax":null,"Value":2000},{"Length":47,"Height":41,"Demand":9,"DemandMax":null,"Value":1927},{"Length":55,"Height":35,"Demand":11,"DemandMax":null,"Value":1925},{"Length":48,"Height":40,"Demand":9,"DemandMax":null,"Value":1920},{"Length":49,"Height":37,"Demand":12,"DemandMax":null,"Value":1813},{"Length":42,"Height":42,"Demand":25,"DemandMax":null,"Value":1764},{"Length":49,"Height":36,"Demand":6,"DemandMax":null,"Value":1764},{"Length":43,"Height":38,"Demand":14,"DemandMax":null,"Value":1634},{"Length":54,"Height":29,"Demand":9,"DemandMax":null,"Value":1566},{"Length":47,"Height":33,"Demand":8,"DemandMax":null,"Value":1551},{"Length":48,"Height":31,"Demand":13,"DemandMax":null,"Value":1488},{"Length":39,"Height":38,"Demand":10,"DemandMax":null,"Value":1482},{"Length":51,"Height":29,"Demand":10,"DemandMax":null,"Value":1479},{"Length":59,"Height":25,"Demand":9,"DemandMax":null,"Value":1475},{"Length":46,"Height":32,"Demand":7,"DemandMax":null,"Value":1472},{"Length":39,"Height":37,"Demand":14,"DemandMax":null,"Value":1443},{"Length":47,"Height":30,"Demand":12,"DemandMax":null,"Value":1410},{"Length":39,"Height":36,"Demand":8,"DemandMax":null,"Value":1404},{"Length":50,"Height":28,"Demand":10,"DemandMax":null,"Value":1400},{"Length":45,"Height":31,"Demand":10,"DemandMax":null,"Value":1395},{"Length":58,"Height":24,"Demand":9,"DemandMax":null,"Value":1392},{"Length":42,"Height":33,"Demand":9,"DemandMax":null,"Value":1386},{"Length":37,"Height":34,"Demand":10,"DemandMax":null,"Value":1258},{"Length":46,"Height":27,"Demand":5,"DemandMax":null,"Value":1242},{"Length":42,"Height":29,"Demand":13,"DemandMax":null,"Value":1218},{"Length":38,"Height":32,"Demand":5,"DemandMax":null,"Value":1216},{"Length":44,"Height":27,"Demand":9,"DemandMax":null,"Value":1188},{"Length":37,"Height":32,"Demand":10,"DemandMax":null,"Value":1184},{"Length":55,"Height":21,"Demand":10,"DemandMax":null,"Value":1155},{"Length":37,"Height":31,"Demand":11,"DemandMax":null,"Value":1147},{"Length":38,"Height":30,"Demand":12,"DemandMax":null,"Value":1140},{"Length":34,"Height":33,"Demand":8,"DemandMax":null,"Value":1122},{"Length":40,"Height":28,"Demand":8,"DemandMax":null,"Value":1120},{"Length":35,"Height":32,"Demand":7,"DemandMax":null,"Value":1120},{"Length":39,"Height":28,"Demand":10,"DemandMax":null,"Value":1092},{"Length":35,"Height":31,"Demand":13,"DemandMax":null,"Value":1085},{"Length":40,"Height":27,"Demand":8,"DemandMax":null,"Value":1080},{"Length":49,"Height":22,"Demand":12,"DemandMax":null,"Value":1078},{"Length":34,"Height":31,"Demand":10,"DemandMax":null,"Value":1054},{"Length":35,"Height":30,"Demand":16,"DemandMax":null,"Value":1050},{"Length":47,"Height":22,"Demand":10,"DemandMax":null,"Value":1034},{"Length":38,"Height":27,"Demand":13,"DemandMax":null,"Value":1026},{"Length":33,"Height":31,"Demand":14,"DemandMax":null,"Value":1023},{"Length":60,"Height":17,"Demand":11,"DemandMax":null,"Value":1020},{"Length":36,"Height":28,"Demand":16,"DemandMax":null,"Value":1008},{"Length":56,"Height":18,"Demand":10,"DemandMax":null,"Value":1008},{"Length":33,"Height":30,"Demand":8,"DemandMax":null,"Value":990},{"Length":35,"Height":28,"Demand":13,"DemandMax":null,"Value":980},{"Length":36,"Height":27,"Demand":4,"DemandMax":null,"Value":972},{"Length":51,"Height":19,"Demand":8,"DemandMax":null,"Value":969},{"Length":38,"Height":25,"Demand":8,"DemandMax":null,"Value":950},{"Length":35,"Height":27,"Demand":13,"DemandMax":null,"Value":945},{"Length":39,"Height":24,"Demand":13,"DemandMax":null,"Value":936},{"Length":32,"Height":29,"Demand":11,"DemandMax":null,"Value":928},{"Length":42,"Height":22,"Demand":12,"DemandMax":null,"Value":924},{"Length":41,"Height":22,"Demand":10,"DemandMax":null,"Value":902},{"Length":45,"Height":20,"Demand":8,"DemandMax":null,"Value":900},{"Length":47,"Height":19,"Demand":9,"DemandMax":null,"Value":893},{"Length":40,"Height":22,"Demand":10,"DemandMax":null,"Value":880},{"Length":32,"Height":27,"Demand":7,"DemandMax":null,"Value":864},{"Length":33,"Height":26,"Demand":9,"DemandMax":null,"Value":858},{"Length":39,"Height":22,"Demand":9,"DemandMax":null,"Value":858},{"Length":34,"Height":25,"Demand":19,"DemandMax":null,"Value":850},{"Length":30,"Height":28,"Demand":9,"DemandMax":null,"Value":840},{"Length":41,"Height":20,"Demand":8,"DemandMax":null,"Value":820},{"Length":37,"Height":22,"Demand":9,"DemandMax":null,"Value":814},{"Length":29,"Height":28,"Demand":6,"DemandMax":null,"Value":812},{"Length":32,"Height":25,"Demand":19,"DemandMax":null,"Value":800},{"Length":38,"Height":21,"Demand":10,"DemandMax":null,"Value":798},{"Length":49,"Height":16,"Demand":8,"DemandMax":null,"Value":784},{"Length":34,"Height":22,"Demand":14,"DemandMax":null,"Value":748},{"Length":37,"Height":20,"Demand":8,"DemandMax":null,"Value":740},{"Length":32,"Height":23,"Demand":9,"DemandMax":null,"Value":736},{"Length":30,"Height":24,"Demand":7,"DemandMax":null,"Value":720},{"Length":55,"Height":13,"Demand":13,"DemandMax":null,"Value":715},{"Length":37,"Height":19,"Demand":7,"DemandMax":null,"Value":703},{"Length":54,"Height":13,"Demand":10,"DemandMax":null,"Value":702},{"Length":40,"Height":17,"Demand":16,"DemandMax":null,"Value":680},{"Length":37,"Height":18,"Demand":10,"DemandMax":null,"Value":666},{"Length":50,"Height":13,"Demand":9,"DemandMax":null,"Value":650},{"Length":36,"Height":18,"Demand":14,"DemandMax":null,"Value":648},{"Length":27,"Height":24,"Demand":6,"DemandMax":null,"Value":648},{"Length":43,"Height":15,"Demand":7,"DemandMax":null,"Value":645},{"Length":46,"Height":14,"Demand":10,"DemandMax":null,"Value":644},{"Length":40,"Height":16,"Demand":5,"DemandMax":null,"Value":640},{"Length":45,"Height":14,"Demand":16,"DemandMax":null,"Value":630},{"Length":37,"Height":17,"Demand":5,"DemandMax":null,"Value":629},{"Length":47,"Height":13,"Demand":11,"DemandMax":null,"Value":611},{"Length":30,"Height":20,"Demand":8,"DemandMax":null,"Value":600},{"Length":35,"Height":17,"Demand":12,"DemandMax":null,"Value":595},{"Length":54,"Height":11,"Demand":10,"DemandMax":null,"Value":594},{"Length":42,"Height":14,"Demand":7,"DemandMax":null,"Value":588},{"Length":32,"Height":18,"Demand":5,"DemandMax":null,"Value":576},{"Length":26,"Height":22,"Demand":8,"DemandMax":null,"Value":572},{"Length":35,"Height":16,"Demand":7,"DemandMax":null,"Value":560},{"Length":24,"Height":23,"Demand":9,"DemandMax":null,"Value":552},{"Length":29,"Height":19,"Demand":15,"DemandMax":null,"Value":551},{"Length":26,"Height":21,"Demand":14,"DemandMax":null,"Value":546},{"Length":53,"Height":10,"Demand":12,"DemandMax":null,"Value":530},{"Length":25,"Height":21,"Demand":6,"DemandMax":null,"Value":525},{"Length":28,"Height":18,"Demand":11,"DemandMax":null,"Value":504},{"Length":27,"Height":18,"Demand":13,"DemandMax":null,"Value":486},{"Length":30,"Height":16,"Demand":8,"DemandMax":null,"Value":480},{"Length":42,"Height":11,"Demand":11,"DemandMax":null,"Value":462},{"Length":30,"Height":15,"Demand":9,"DemandMax":null,"Value":450},{"Length":28,"Height":16,"Demand":8,"DemandMax":null,"Value":448},{"Length":37,"Height":12,"Demand":5,"DemandMax":null,"Value":444},{"Length":21,"Height":21,"Demand":11,"DemandMax":null,"Value":441},{"Length":31,"Height":14,"Demand":8,"DemandMax":null,"Value":434},{"Length":21,"Height":20,"Demand":16,"DemandMax":null,"Value":420},{"Length":27,"Height":15,"Demand":11,"DemandMax":null,"Value":405},{"Length":22,"Height":18,"Demand":16,"DemandMax":null,"Value":396},{"Length":28,"Height":14,"Demand":16,"DemandMax":null,"Value":392},{"Length":23,"Height":17,"Demand":13,"DemandMax":null,"Value":391},{"Length":20,"Height":19,"Demand":12,"DemandMax":null,"Value":380},{"Length":24,"Height":15,"Demand":10,"DemandMax":null,"Value":360},{"Length":20,"Height":18,"Demand":11,"DemandMax":null,"Value":360},{"Length":21,"Height":16,"Demand":9,"DemandMax":null,"Value":336},{"Length":22,"Height":14,"Demand":13,"DemandMax":null,"Value":308},{"Length":27,"Height":11,"Demand":12,"DemandMax":null,"Value":297},{"Length":24,"Height":12,"Demand":7,"DemandMax":null,"Value":288},{"Length":21,"Height":13,"Demand":10,"DemandMax":null,"Value":273},{"Length":18,"Height":15,"Demand":12,"DemandMax":null,"Value":270},{"Length":18,"Height":14,"Demand":15,"DemandMax":null,"Value":252},{"Length":16,"Height":15,"Demand":11,"DemandMax":null,"Value":240},{"Length":17,"Height":12,"Demand":9,"DemandMax":null,"Value":204},{"Length":16,"Height":12,"Demand":5,"DemandMax":null,"Value":192}]}