{"Name":"MB10_088","Objects":[{"Length":432,"Height":79,"Stock":null,"Cost":34128}],"Items":[{"Length":58,"Height":46,"Demand":3,"DemandMax":null,"Value":2668},{"Length":60,"Height":40,"Demand":7,"DemandMax":null,"Value":2400},{"Length":54,"Height":42,"Demand":3,"DemandMax":null,"Value":2268},{"Length":55,"Height":41,"Demand":2,"DemandMax":null,"Value":2255},{"Length":57,"Height":39,"Demand":4,"DemandMax":null,"Value":2223},{"Length":47,"Height":47,"Demand":2,"DemandMax":null,"Value":2209},{"Length":48,"Height":46,"Demand":4,"DemandMax":null,"Value":2208},{"Length":51,"Height":43,"Demand":5,"DemandMax":null,"Value":2193},{"Length":57,"Height":38,"Demand":5,"DemandMax":null,"Value":2166},{"Length":56,"Height":38,"Demand":5,"DemandMax":null,"Value":2128},{"Length":53,"Height":40,"Demand":5,"DemandMax":null,"Value":2120},{"Length":50,"Height":42,"Demand":5,"DemandMax":null,"Value":2100},{"Length":58,"Height":36,"Demand":5,"DemandMax":null,"Value":2088},{"Length":52,"Height":40,"Demand":4,"DemandMax":null,"Value":2080},{"Length":59,"Height":35,"Demand":3,"DemandMax":null,"Value":2065},{"Length":55,"Height":37,"Demand":4,"DemandMax":null,"Value":2035},{"Length":56,"Height":36,"Demand":3,"DemandMax":null,"Value":2016},{"Length":50,"Height":40,"Demand":4,"DemandMax":null,"Value":2000},{"Length":48,"Height":41,"Demand":6,"DemandMax":null,"Value":1968},{"Length":51,"Height":38,"Demand":3,"DemandMax":null,"Value":1938},{"Length":44,"Height":44,"Demand":2,"DemandMax":null,"Value":1936},{"Length":55,"Height":35,"Demand":8,"DemandMax":null,"Value":1925},{"Length":50,"Height":37,"Demand":5,"DemandMax":null,"Value":1850},{"Length":44,"Height":42,"Demand":6,"DemandMax":null,"Value":1848},{"Length":51,"Height":36,"Demand":3,"DemandMax":null,"Value":1836},{"Length":54,"Height":34,"Demand":7,"DemandMax":null,"Value":1836},{"Length":48,"Height":38,"Demand":4,"DemandMax":null,"Value":1824},{"Length":44,"Height":41,"Demand":2,"DemandMax":null,"Value":1804},{"Length":48,"Height":37,"Demand":4,"DemandMax":null,"Value":1776},{"Length":52,"Height":34,"Demand":3,"DemandMax":null,"Value":1768},{"Length":49,"Height":36,"Demand":4,"DemandMax":null,"Value":1764},{"Length":50,"Height":35,"Demand":5,"DemandMax":null,"Value":1750},{"Length":46,"Height":38,"Demand":4,"DemandMax":null,"Value":1748},{"Length":47,"Height":37,"Demand":3,"DemandMax":null,"Value":1739},{"Length":48,"Height":36,"Demand":3,"DemandMax":null,"Value":1728},{"Length":43,"Height":40,"Demand":3,"DemandMax":null,"Value":1720},{"Length":47,"Height":36,"Demand":9,"DemandMax":null,"Value":1692},{"Length":48,"Height":35,"Demand":4,"DemandMax":null,"Value":1680},{"Length":43,"Height":39,"Demand":8,"DemandMax":null,"Value":1677},{"Length":44,"Height":38,"Demand":3,"DemandMax":null,"Value":1672},{"Length":59,"Height":28,"Demand":6,"DemandMax":null,"Value":1652},{"Length":41,"Height":40,"Demand":7,"DemandMax":null,"Value":1640},{"Length":48,"Height":34,"Demand":6,"DemandMax":null,"Value":1632},{"Length":54,"Height":30,"Demand":4,"DemandMax":null,"Value":1620},{"Length":45,"Height":36,"Demand":3,"DemandMax":null,"Value":1620},{"Length":59,"Height":27,"Demand":5,"DemandMax":null,"Value":1593},{"Length":43,"Height":37,"Demand":7,"DemandMax":null,"Value":1591},{"Length":60,"Height":26,"Demand":8,"DemandMax":null,"Value":1560},{"Length":44,"Height":35,"Demand":3,"DemandMax":null,"Value":1540},{"Length":57,"Height":27,"Demand":4,"DemandMax":null,"Value":1539},{"Length":59,"Height":26,"Demand":7,"DemandMax":null,"Value":1534},{"Length":45,"Height":34,"Demand":3,"DemandMax":null,"Value":1530},{"Length":46,"Height":33,"Demand":4,"DemandMax":null,"Value":1518},{"Length":56,"Height":27,"Demand":3,"DemandMax":null,"Value":1512},{"Length":42,"Height":36,"Demand":3,"DemandMax":null,"Value":1512},{"Length":43,"Height":34,"Demand":3,"DemandMax":null,"Value":1462},{"Length":50,"Height":29,"Demand":3,"DemandMax":null,"Value":1450},{"Length":45,"Height":32,"Demand":5,"DemandMax":null,"Value":1440},{"Length":60,"Height":24,"Demand":5,"DemandMax":null,"Value":1440},{"Length":42,"Height":34,"Demand":4,"DemandMax":null,"Value":1428},{"Length":38,"Height":37,"Demand":5,"DemandMax":null,"Value":1406},{"Length":52,"Height":27,"Demand":3,"DemandMax":null,"Value":1404},{"Length":45,"Height":31,"Demand":4,"DemandMax":null,"Value":1395},{"Length":58,"Height":24,"Demand":3,"DemandMax":null,"Value":1392},{"Length":46,"Height":30,"Demand":3,"DemandMax":null,"Value":1380},{"Length":51,"Height":27,"Demand":3,"DemandMax":null,"Value":1377},{"Length":38,"Height":36,"Demand":5,"DemandMax":null,"Value":1368},{"Length":39,"Height":35,"Demand":5,"DemandMax":null,"Value":1365},{"Length":52,"Height":26,"Demand":4,"DemandMax":null,"Value":1352},{"Length":38,"Height":35,"Demand":4,"DemandMax":null,"Value":1330},{"Length":47,"Height":28,"Demand":7,"DemandMax":null,"Value":1316},{"Length":41,"Height":32,"Demand":5,"DemandMax":null,"Value":1312},{"Length":45,"Height":29,"Demand":3,"DemandMax":null,"Value":1305},{"Length":42,"Height":31,"Demand":8,"DemandMax":null,"Value":1302},{"Length":36,"Height":36,"Demand":2,"DemandMax":null,"Value":1296},{"Length":37,"Height":35,"Demand":5,"DemandMax":null,"Value":1295},{"Length":38,"Height":34,"Demand":5,"DemandMax":null,"Value":1292},{"Length":43,"Height":30,"Demand":7,"DemandMax":null,"Value":1290},{"Length":46,"Height":28,"Demand":3,"DemandMax":null,"Value":1288},{"Length":39,"Height":33,"Demand":5,"DemandMax":null,"Value":1287},{"Length":40,"Height":32,"Demand":1,"DemandMax":null,"Value":1280},{"Length":44,"Height":29,"Demand":7,"DemandMax":null,"Value":1276},{"Length":36,"Height":35,"Demand":3,"DemandMax":null,"Value":1260},{"Length":48,"Height":26,"Demand":3,"DemandMax":null,"Value":1248},{"Length":37,"Height":33,"Demand":4,"DemandMax":null,"Value":1221},{"Length":58,"Height":21,"Demand":6,"DemandMax":null,"Value":1218},{"Length":40,"Height":30,"Demand":6,"DemandMax":null,"Value":1200},{"Length":37,"Height":32,"Demand":4,"DemandMax":null,"Value":1184},{"Length":49,"Height":24,"Demand":3,"DemandMax":null,"Value":1176},{"Length":40,"Height":29,"Demand":4,"DemandMax":null,"Value":1160},{"Length":34,"Height":34,"Demand":5,"DemandMax":null,"Value":1156},{"Length":48,"Height":24,"Demand":9,"DemandMax":null,"Value":1152},{"Length":39,"Height":29,"Demand":4,"DemandMax":null,"Value":1131},{"Length":45,"Height":25,"Demand":7,"DemandMax":null,"Value":1125},{"Length":53,"Height":21,"Demand":2,"DemandMax":null,"Value":1113},{"Length":37,"Height":30,"Demand":2,"DemandMax":null,"Value":1110},{"Length":42,"Height":26,"Demand":5,"DemandMax":null,"Value":1092},{"Length":47,"Height":23,"Demand":6,"DemandMax":null,"Value":1081},{"Length":36,"Height":30,"Demand":4,"DemandMax":null,"Value":1080},{"Length":49,"Height":22,"Demand":6,"DemandMax":null,"Value":1078},{"Length":37,"Height":29,"Demand":5,"DemandMax":null,"Value":1073},{"Length":41,"Height":26,"Demand":3,"DemandMax":null,"Value":1066},{"Length":38,"Height":28,"Demand":6,"DemandMax":null,"Value":1064},{"Length":46,"Height":23,"Demand":3,"DemandMax":null,"Value":1058},{"Length":48,"Height":22,"Demand":7,"DemandMax":null,"Value":1056},{"Length":39,"Height":27,"Demand":5,"DemandMax":null,"Value":1053},{"Length":35,"Height":30,"Demand":4,"DemandMax":null,"Value":1050},{"Length":36,"Height":29,"Demand":3,"DemandMax":null,"Value":1044},{"Length":37,"Height":28,"Demand":5,"DemandMax":null,"Value":1036},{"Length":57,"Height":18,"Demand":4,"DemandMax":null,"Value":1026},{"Length":38,"Height":27,"Demand":4,"DemandMax":null,"Value":1026},{"Length":34,"Height":30,"Demand":3,"DemandMax":null,"Value":1020},{"Length":39,"Height":26,"Demand":6,"DemandMax":null,"Value":1014},{"Length":44,"Height":23,"Demand":5,"DemandMax":null,"Value":1012},{"Length":36,"Height":28,"Demand":6,"DemandMax":null,"Value":1008},{"Length":42,"Height":24,"Demand":4,"DemandMax":null,"Value":1008},{"Length":50,"Height":20,"Demand":1,"DemandMax":null,"Value":1000},{"Length":32,"Height":31,"Demand":5,"DemandMax":null,"Value":992},{"Length":43,"Height":23,"Demand":2,"DemandMax":null,"Value":989},{"Length":58,"Height":17,"Demand":4,"DemandMax":null,"Value":986},{"Length":36,"Height":27,"Demand":5,"DemandMax":null,"Value":972},{"Length":37,"Height":26,"Demand":7,"DemandMax":null,"Value":962},{"Length":32,"Height":30,"Demand":3,"DemandMax":null,"Value":960},{"Length":33,"Height":29,"Demand":6,"DemandMax":null,"Value":957},{"Length":43,"Height":22,"Demand":3,"DemandMax":null,"Value":946},{"Length":35,"Height":27,"Demand":5,"DemandMax":null,"Value":945},{"Length":41,"Height":23,"Demand":5,"DemandMax":null,"Value":943},{"Length":36,"Height":26,"Demand":11,"DemandMax":null,"Value":936},{"Length":33,"Height":28,"Demand":9,"DemandMax":null,"Value":924},{"Length":44,"Height":21,"Demand":5,"DemandMax":null,"Value":924},{"Length":46,"Height":20,"Demand":4,"DemandMax":null,"Value":920},{"Length":40,"Height":23,"Demand":3,"DemandMax":null,"Value":920},{"Length":34,"Height":27,"Demand":4,"DemandMax":null,"Value":918},{"Length":38,"Height":24,"Demand":5,"DemandMax":null,"Value":912},{"Length":45,"Height":20,"Demand":6,"DemandMax":null,"Value":900},{"Length":36,"Height":25,"Demand":2,"DemandMax":null,"Value":900},{"Length":60,"Height":15,"Demand":3,"DemandMax":null,"Value":900},{"Length":39,"Height":23,"Demand":3,"DemandMax":null,"Value":897},{"Length":33,"Height":27,"Demand":9,"DemandMax":null,"Value":891},{"Length":34,"Height":26,"Demand":2,"DemandMax":null,"Value":884},{"Length":42,"Height":21,"Demand":5,"DemandMax":null,"Value":882},{"Length":35,"Height":25,"Demand":3,"DemandMax":null,"Value":875},{"Length":58,"Height":15,"Demand":5,"DemandMax":null,"Value":870},{"Length":30,"Height":29,"Demand":6,"DemandMax":null,"Value":870},{"Length":31,"Height":28,"Demand":6,"DemandMax":null,"Value":868},{"Length":48,"Height":18,"Demand":3,"DemandMax":null,"Value":864},{"Length":32,"Height":27,"Demand":4,"DemandMax":null,"Value":864},{"Length":33,"Height":26,"Demand":6,"DemandMax":null,"Value":858},{"Length":39,"Height":22,"Demand":8,"DemandMax":null,"Value":858},{"Length":45,"Height":19,"Demand":4,"DemandMax":null,"Value":855},{"Length":37,"Height":23,"Demand":6,"DemandMax":null,"Value":851},{"Length":34,"Height":25,"Demand":9,"DemandMax":null,"Value":850},{"Length":30,"Height":28,"Demand":2,"DemandMax":null,"Value":840},{"Length":56,"Height":15,"Demand":10,"DemandMax":null,"Value":840},{"Length":44,"Height":19,"Demand":6,"DemandMax":null,"Value":836},{"Length":32,"Height":26,"Demand":5,"DemandMax":null,"Value":832},{"Length":46,"Height":18,"Demand":5,"DemandMax":null,"Value":828},{"Length":33,"Height":25,"Demand":2,"DemandMax":null,"Value":825},{"Length":39,"Height":21,"Demand":4,"DemandMax":null,"Value":819},{"Length":48,"Height":17,"Demand":4,"DemandMax":null,"Value":816},{"Length":51,"Height":16,"Demand":5,"DemandMax":null,"Value":816},{"Length":37,"Height":22,"Demand":5,"DemandMax":null,"Value":814},{"Length":30,"Height":27,"Demand":5,"DemandMax":null,"Value":810},{"Length":45,"Height":18,"Demand":5,"DemandMax":null,"Value":810},{"Length":31,"Height":26,"Demand":5,"DemandMax":null,"Value":806},{"Length":32,"Height":25,"Demand":4,"DemandMax":null,"Value":800},{"Length":47,"Height":17,"Demand":5,"DemandMax":null,"Value":799},{"Length":42,"Height":19,"Demand":4,"DemandMax":null,"Value":798},{"Length":44,"Height":18,"Demand":4,"DemandMax":null,"Value":792},{"Length":33,"Height":24,"Demand":4,"DemandMax":null,"Value":792},{"Length":36,"Height":22,"Demand":7,"DemandMax":null,"Value":792},{"Length":28,"Height":28,"Demand":3,"DemandMax":null,"Value":784},{"Length":29,"Height":27,"Demand":4,"DemandMax":null,"Value":783},{"Length":30,"Height":26,"Demand":5,"DemandMax":null,"Value":780},{"Length":37,"Height":21,"Demand":3,"DemandMax":null,"Value":777},{"Length":43,"Height":18,"Demand":2,"DemandMax":null,"Value":774},{"Length":33,"Height":23,"Demand":4,"DemandMax":null,"Value":759},{"Length":42,"Height":18,"Demand":4,"DemandMax":null,"Value":756},{"Length":28,"Height":27,"Demand":3,"DemandMax":null,"Value":756},{"Length":50,"Height":15,"Demand":4,"DemandMax":null,"Value":750},{"Length":30,"Height":25,"Demand":4,"DemandMax":null,"Value":750},{"Length":39,"Height":19,"Demand":9,"DemandMax":null,"Value":741},{"Length":57,"Height":13,"Demand":3,"DemandMax":null,"Value":741},{"Length":37,"Height":20,"Demand":3,"DemandMax":null,"Value":740},{"Length":32,"Height":23,"Demand":5,"DemandMax":null,"Value":736},{"Length":49,"Height":15,"Demand":4,"DemandMax":null,"Value":735},{"Length":28,"Height":26,"Demand":4,"DemandMax":null,"Value":728},{"Length":33,"Height":22,"Demand":3,"DemandMax":null,"Value":726},{"Length":38,"Height":19,"Demand":3,"DemandMax":null,"Value":722},{"Length":40,"Height":18,"Demand":5,"DemandMax":null,"Value":720},{"Length":42,"Height":17,"Demand":4,"DemandMax":null,"Value":714},{"Length":34,"Height":21,"Demand":4,"DemandMax":null,"Value":714},{"Length":31,"Height":23,"Demand":5,"DemandMax":null,"Value":713},{"Length":47,"Height":15,"Demand":4,"DemandMax":null,"Value":705},{"Length":32,"Height":22,"Demand":7,"DemandMax":null,"Value":704},{"Length":44,"Height":16,"Demand":4,"DemandMax":null,"Value":704},{"Length":37,"Height":19,"Demand":3,"DemandMax":null,"Value":703},{"Length":54,"Height":13,"Demand":3,"DemandMax":null,"Value":702},{"Length":41,"Height":17,"Demand":3,"DemandMax":null,"Value":697},{"Length":29,"Height":24,"Demand":8,"DemandMax":null,"Value":696},{"Length":34,"Height":20,"Demand":3,"DemandMax":null,"Value":680},{"Length":40,"Height":17,"Demand":7,"DemandMax":null,"Value":680},{"Length":26,"Height":26,"Demand":5,"DemandMax":null,"Value":676},{"Length":29,"Height":23,"Demand":2,"DemandMax":null,"Value":667},{"Length":35,"Height":19,"Demand":2,"DemandMax":null,"Value":665},{"Length":39,"Height":17,"Demand":4,"DemandMax":null,"Value":663},{"Length":44,"Height":15,"Demand":2,"DemandMax":null,"Value":660},{"Length":41,"Height":16,"Demand":4,"DemandMax":null,"Value":656},{"Length":27,"Height":24,"Demand":7,"DemandMax":null,"Value":648},{"Length":28,"Height":23,"Demand":3,"DemandMax":null,"Value":644},{"Length":32,"Height":20,"Demand":5,"DemandMax":null,"Value":640},{"Length":29,"Height":22,"Demand":3,"DemandMax":null,"Value":638},{"Length":42,"Height":15,"Demand":3,"DemandMax":null,"Value":630},{"Length":37,"Height":17,"Demand":4,"DemandMax":null,"Value":629},{"Length":33,"Height":19,"Demand":4,"DemandMax":null,"Value":627},{"Length":25,"Height":25,"Demand":4,"DemandMax":null,"Value":625},{"Length":28,"Height":22,"Demand":7,"DemandMax":null,"Value":616},{"Length":41,"Height":15,"Demand":7,"DemandMax":null,"Value":615},{"Length":34,"Height":18,"Demand":3,"DemandMax":null,"Value":612},{"Length":36,"Height":17,"Demand":4,"DemandMax":null,"Value":612},{"Length":26,"Height":23,"Demand":4,"DemandMax":null,"Value":598},{"Length":49,"Height":12,"Demand":3,"DemandMax":null,"Value":588},{"Length":39,"Height":15,"Demand":5,"DemandMax":null,"Value":585},{"Length":29,"Height":20,"Demand":6,"DemandMax":null,"Value":580},{"Length":34,"Height":17,"Demand":6,"DemandMax":null,"Value":578},{"Length":36,"Height":16,"Demand":7,"DemandMax":null,"Value":576},{"Length":48,"Height":12,"Demand":4,"DemandMax":null,"Value":576},{"Length":52,"Height":11,"Demand":2,"DemandMax":null,"Value":572},{"Length":30,"Height":19,"Demand":7,"DemandMax":null,"Value":570},{"Length":33,"Height":17,"Demand":5,"DemandMax":null,"Value":561},{"Length":28,"Height":20,"Demand":2,"DemandMax":null,"Value":560},{"Length":43,"Height":13,"Demand":11,"DemandMax":null,"Value":559},{"Length":37,"Height":15,"Demand":7,"DemandMax":null,"Value":555},{"Length":24,"Height":23,"Demand":6,"DemandMax":null,"Value":552},{"Length":34,"Height":16,"Demand":2,"DemandMax":null,"Value":544},{"Length":28,"Height":19,"Demand":8,"DemandMax":null,"Value":532},{"Length":40,"Height":13,"Demand":9,"DemandMax":null,"Value":520},{"Length":47,"Height":11,"Demand":4,"DemandMax":null,"Value":517},{"Length":32,"Height":16,"Demand":1,"DemandMax":null,"Value":512},{"Length":30,"Height":17,"Demand":3,"DemandMax":null,"Value":510},{"Length":46,"Height":11,"Demand":2,"DemandMax":null,"Value":506},{"Length":28,"Height":18,"Demand":7,"DemandMax":null,"Value":504},{"Length":24,"Height":21,"Demand":4,"DemandMax":null,"Value":504},{"Length":36,"Height":14,"Demand":8,"DemandMax":null,"Value":504},{"Length":25,"Height":20,"Demand":3,"DemandMax":null,"Value":500},{"Length":31,"Height":16,"Demand":4,"DemandMax":null,"Value":496},{"Length":33,"Height":15,"Demand":6,"DemandMax":null,"Value":495},{"Length":26,"Height":19,"Demand":6,"DemandMax":null,"Value":494},{"Length":35,"Height":14,"Demand":6,"DemandMax":null,"Value":490},{"Length":30,"Height":16,"Demand":1,"DemandMax":null,"Value":480},{"Length":32,"Height":15,"Demand":4,"DemandMax":null,"Value":480},{"Length":43,"Height":11,"Demand":2,"DemandMax":null,"Value":473},{"Length":36,"Height":13,"Demand":6,"DemandMax":null,"Value":468},{"Length":31,"Height":15,"Demand":2,"DemandMax":null,"Value":465},{"Length":29,"Height":16,"Demand":5,"DemandMax":null,"Value":464},{"Length":33,"Height":14,"Demand":4,"DemandMax":null,"Value":462},{"Length":27,"Height":17,"Demand":3,"DemandMax":null,"Value":459},{"Length":24,"Height":19,"Demand":3,"DemandMax":null,"Value":456},{"Length":35,"Height":13,"Demand":5,"DemandMax":null,"Value":455},{"Length":45,"Height":10,"Demand":3,"DemandMax":null,"Value":450},{"Length":30,"Height":15,"Demand":5,"DemandMax":null,"Value":450},{"Length":25,"Height":18,"Demand":4,"DemandMax":null,"Value":450},{"Length":28,"Height":16,"Demand":4,"DemandMax":null,"Value":448},{"Length":26,"Height":17,"Demand":5,"DemandMax":null,"Value":442},{"Length":22,"Height":20,"Demand":4,"DemandMax":null,"Value":440},{"Length":44,"Height":10,"Demand":3,"DemandMax":null,"Value":440},{"Length":23,"Height":19,"Demand":6,"DemandMax":null,"Value":437},{"Length":29,"Height":15,"Demand":1,"DemandMax":null,"Value":435},{"Length":24,"Height":18,"Demand":7,"DemandMax":null,"Value":432},{"Length":27,"Height":16,"Demand":7,"DemandMax":null,"Value":432},{"Length":21,"Height":20,"Demand":4,"DemandMax":null,"Value":420},{"Length":23,"Height":18,"Demand":4,"DemandMax":null,"Value":414},{"Length":41,"Height":10,"Demand":6,"DemandMax":null,"Value":410},{"Length":37,"Height":11,"Demand":11,"DemandMax":null,"Value":407},{"Length":25,"Height":16,"Demand":6,"DemandMax":null,"Value":400},{"Length":22,"Height":18,"Demand":11,"DemandMax":null,"Value":396},{"Length":33,"Height":12,"Demand":7,"DemandMax":null,"Value":396},{"Length":28,"Height":14,"Demand":5,"DemandMax":null,"Value":392},{"Length":23,"Height":17,"Demand":1,"DemandMax":null,"Value":391},{"Length":30,"Height":13,"Demand":4,"DemandMax":null,"Value":390},{"Length":26,"Height":15,"Demand":6,"DemandMax":null,"Value":390},{"Length":32,"Height":12,"Demand":4,"DemandMax":null,"Value":384},{"Length":24,"Height":16,"Demand":6,"DemandMax":null,"Value":384},{"Length":21,"Height":18,"Demand":3,"DemandMax":null,"Value":378},{"Length":25,"Height":15,"Demand":4,"DemandMax":null,"Value":375},{"Length":22,"Height":17,"Demand":9,"DemandMax":null,"Value":374},{"Length":23,"Height":16,"Demand":4,"DemandMax":null,"Value":368},{"Length":28,"Height":13,"Demand":1,"DemandMax":null,"Value":364},{"Length":33,"Height":11,"Demand":5,"DemandMax":null,"Value":363},{"Length":24,"Height":15,"Demand":5,"DemandMax":null,"Value":360},{"Length":21,"Height":17,"Demand":6,"DemandMax":null,"Value":357},{"Length":22,"Height":16,"Demand":6,"DemandMax":null,"Value":352},{"Length":25,"Height":14,"Demand":6,"DemandMax":null,"Value":350},{"Length":31,"Height":11,"Demand":1,"DemandMax":null,"Value":341},{"Length":26,"Height":13,"Demand":3,"DemandMax":null,"Value":338},{"Length":21,"Height":16,"Demand":5,"DemandMax":null,"Value":336},{"Length":24,"Height":14,"Demand":3,"DemandMax":null,"Value":336},{"Length":22,"Height":15,"Demand":5,"DemandMax":null,"Value":330},{"Length":25,"Height":13,"Demand":6,"DemandMax":null,"Value":325},{"Length":19,"Height":17,"Demand":7,"DemandMax":null,"Value":323},{"Length":21,"Height":15,"Demand":5,"DemandMax":null,"Value":315},{"Length":24,"Height":13,"Demand":6,"DemandMax":null,"Value":312},{"Length":22,"Height":14,"Demand":2,"DemandMax":null,"Value":308},{"Length":18,"Height":17,"Demand":6,"DemandMax":null,"Value":306},{"Length":20,"Height":15,"Demand":6,"DemandMax":null,"Value":300},{"Length":24,"Height":12,"Demand":3,"DemandMax":null,"Value":288},{"Length":25,"Height":11,"Demand":4,"DemandMax":null,"Value":275},{"Length":17,"Height":16,"Demand":9,"DemandMax":null,"Value":272},{"Length":19,"Height":14,"Demand":1,"DemandMax":null,"Value":266},{"Length":26,"Height":10,"Demand":9,"DemandMax":null,"Value":260},{"Length":20,"Height":13,"Demand":3,"DemandMax":null,"Value":260},{"Length":16,"Height":15,"Demand":4,"DemandMax":null,"Value":240},{"Length":24,"Height":10,"Demand":2,"DemandMax":null,"Value":240},{"Length":18,"Height":13,"Demand":5,"DemandMax":null,"Value":234},{"Length":19,"Height":12,"Demand":3,"DemandMax":null,"Value":228},{"Length":16,"Height":14,"Demand":9,"DemandMax":null,"Value":224},{"Length":17,"Height":13,"Demand":2,"DemandMax":null,"Value":221},{"Length":22,"Height":10,"Demand":6,"DemandMax":null,"Value":220},{"Length":18,"Height":12,"Demand":5,"DemandMax":null,"Value":216},{"Length":16,"Height":13,"Demand":5,"DemandMax":null,"Value":208},{"Length":15,"Height":13,"Demand":3,"DemandMax":null,"Value":195},{"Length":14,"Height":13,"Demand":1,"DemandMax":null,"Value":182},{"Length":15,"Height":12,"Demand":5,"DemandMax":null,"Value":180},{"Length":12,"Height":11,"Demand":5,"DemandMax":null,"Value":132}]}