{"Name":"MB07_146","Objects":[{"Length":587,"Height":233,"Stock":null,"Cost":136771}],"Items":[{"Length":54,"Height":48,"Demand":21,"DemandMax":null,"Value":2592},{"Length":57,"Height":40,"Demand":25,"DemandMax":null,"Value":2280},{"Length":47,"Height":44,"Demand":15,"DemandMax":null,"Value":2068},{"Length":50,"Height":38,"Demand":13,"DemandMax":null,"Value":1900},{"Length":50,"Height":37,"Demand":13,"DemandMax":null,"Value":1850},{"Length":44,"Height":39,"Demand":19,"DemandMax":null,"Value":1716},{"Length":39,"Height":39,"Demand":13,"DemandMax":null,"Value":1521},{"Length":46,"Height":32,"Demand":12,"DemandMax":null,"Value":1472},{"Length":43,"Height":34,"Demand":19,"DemandMax":null,"Value":1462},{"Length":56,"Height":26,"Demand":21,"DemandMax":null,"Value":1456},{"Length":44,"Height":33,"Demand":26,"DemandMax":null,"Value":1452},{"Length":54,"Height":26,"Demand":15,"DemandMax":null,"Value":1404},{"Length":37,"Height":37,"Demand":13,"DemandMax":null,"Value":1369},{"Length":44,"Height":29,"Demand":16,"DemandMax":null,"Value":1276},{"Length":42,"Height":30,"Demand":18,"DemandMax":null,"Value":1260},{"Length":57,"Height":22,"Demand":14,"DemandMax":null,"Value":1254},{"Length":44,"Height":28,"Demand":18,"DemandMax":null,"Value":1232},{"Length":41,"Height":30,"Demand":15,"DemandMax":null,"Value":1230},{"Length":39,"Height":31,"Demand":19,"DemandMax":null,"Value":1209},{"Length":36,"Height":33,"Demand":12,"DemandMax":null,"Value":1188},{"Length":44,"Height":26,"Demand":18,"DemandMax":null,"Value":1144},{"Length":40,"Height":28,"Demand":13,"DemandMax":null,"Value":1120},{"Length":38,"Height":28,"Demand":13,"DemandMax":null,"Value":1064},{"Length":55,"Height":19,"Demand":13,"DemandMax":null,"Value":1045},{"Length":36,"Height":29,"Demand":14,"DemandMax":null,"Value":1044},{"Length":34,"Height":30,"Demand":15,"DemandMax":null,"Value":1020},{"Length":59,"Height":17,"Demand":17,"DemandMax":null,"Value":1003},{"Length":36,"Height":27,"Demand":17,"DemandMax":null,"Value":972},{"Length":43,"Height":22,"Demand":17,"DemandMax":null,"Value":946},{"Length":45,"Height":21,"Demand":14,"DemandMax":null,"Value":945},{"Length":37,"Height":25,"Demand":22,"DemandMax":null,"Value":925},{"Length":44,"Height":21,"Demand":16,"DemandMax":null,"Value":924},{"Length":35,"Height":26,"Demand":12,"DemandMax":null,"Value":910},{"Length":36,"Height":25,"Demand":15,"DemandMax":null,"Value":900},{"Length":58,"Height":15,"Demand":9,"DemandMax":null,"Value":870},{"Length":51,"Height":16,"Demand":20,"DemandMax":null,"Value":816},{"Length":32,"Height":25,"Demand":16,"DemandMax":null,"Value":800},{"Length":28,"Height":28,"Demand":22,"DemandMax":null,"Value":784},{"Length":39,"Height":20,"Demand":13,"DemandMax":null,"Value":780},{"Length":37,"Height":21,"Demand":21,"DemandMax":null,"Value":777},{"Length":43,"Height":18,"Demand":14,"DemandMax":null,"Value":774},{"Length":29,"Height":26,"Demand":10,"DemandMax":null,"Value":754},{"Length":34,"Height":22,"Demand":20,"DemandMax":null,"Value":748},{"Length":35,"Height":21,"Demand":14,"DemandMax":null,"Value":735},{"Length":43,"Height":17,"Demand":20,"DemandMax":null,"Value":731},{"Length":27,"Height":27,"Demand":17,"DemandMax":null,"Value":729},{"Length":52,"Height":14,"Demand":10,"DemandMax":null,"Value":728},{"Length":28,"Height":26,"Demand":19,"DemandMax":null,"Value":728},{"Length":36,"Height":20,"Demand":18,"DemandMax":null,"Value":720},{"Length":42,"Height":17,"Demand":18,"DemandMax":null,"Value":714},{"Length":31,"Height":23,"Demand":25,"DemandMax":null,"Value":713},{"Length":43,"Height":16,"Demand":20,"DemandMax":null,"Value":688},{"Length":38,"Height":18,"Demand":19,"DemandMax":null,"Value":684},{"Length":31,"Height":22,"Demand":14,"DemandMax":null,"Value":682},{"Length":35,"Height":18,"Demand":16,"DemandMax":null,"Value":630},{"Length":37,"Height":17,"Demand":19,"DemandMax":null,"Value":629},{"Length":57,"Height":11,"Demand":18,"DemandMax":null,"Value":627},{"Length":33,"Height":19,"Demand":15,"DemandMax":null,"Value":627},{"Length":36,"Height":17,"Demand":25,"DemandMax":null,"Value":612},{"Length":32,"Height":19,"Demand":19,"DemandMax":null,"Value":608},{"Length":35,"Height":16,"Demand":21,"DemandMax":null,"Value":560},{"Length":32,"Height":17,"Demand":12,"DemandMax":null,"Value":544},{"Length":36,"Height":15,"Demand":22,"DemandMax":null,"Value":540},{"Length":29,"Height":18,"Demand":21,"DemandMax":null,"Value":522},{"Length":37,"Height":14,"Demand":15,"DemandMax":null,"Value":518},{"Length":24,"Height":21,"Demand":13,"DemandMax":null,"Value":504},{"Length":36,"Height":14,"Demand":21,"DemandMax":null,"Value":504},{"Length":38,"Height":13,"Demand":15,"DemandMax":null,"Value":494},{"Length":30,"Height":16,"Demand":18,"DemandMax":null,"Value":480},{"Length":39,"Height":12,"Demand":18,"DemandMax":null,"Value":468},{"Length":31,"Height":15,"Demand":16,"DemandMax":null,"Value":465},{"Length":29,"Height":16,"Demand":15,"DemandMax":null,"Value":464},{"Length":42,"Height":11,"Demand":13,"DemandMax":null,"Value":462},{"Length":31,"Height":14,"Demand":16,"DemandMax":null,"Value":434},{"Length":27,"Height":16,"Demand":16,"DemandMax":null,"Value":432},{"Length":25,"Height":17,"Demand":11,"DemandMax":null,"Value":425},{"Length":22,"Height":19,"Demand":15,"DemandMax":null,"Value":418},{"Length":26,"Height":16,"Demand":13,"DemandMax":null,"Value":416},{"Length":31,"Height":13,"Demand":15,"DemandMax":null,"Value":403},{"Length":40,"Height":10,"Demand":17,"DemandMax":null,"Value":400},{"Length":26,"Height":15,"Demand":18,"DemandMax":null,"Value":390},{"Length":32,"Height":12,"Demand":12,"DemandMax":null,"Value":384},{"Length":22,"Height":17,"Demand":21,"DemandMax":null,"Value":374},{"Length":20,"Height":18,"Demand":18,"DemandMax":null,"Value":360},{"Length":30,"Height":12,"Demand":7,"DemandMax":null,"Value":360},{"Length":22,"Height":14,"Demand":18,"DemandMax":null,"Value":308},{"Length":30,"Height":10,"Demand":24,"DemandMax":null,"Value":300},{"Length":25,"Height":12,"Demand":15,"DemandMax":null,"Value":300},{"Length":23,"Height":11,"Demand":24,"DemandMax":null,"Value":253},{"Length":19,"Height":12,"Demand":26,"DemandMax":null,"Value":228},{"Length":16,"Height":11,"Demand":14,"DemandMax":null,"Value":176},{"Length":16,"Height":10,"Demand":16,"DemandMax":null,"Value":160}]}