{"Name":"MB08_008","Objects":[{"Length":587,"Height":233,"Stock":null,"Cost":136771}],"Items":[{"Length":48,"Height":47,"Demand":50,"DemandMax":null,"Value":2256},{"Length":50,"Height":40,"Demand":52,"DemandMax":null,"Value":2000},{"Length":53,"Height":35,"Demand":46,"DemandMax":null,"Value":1855},{"Length":60,"Height":26,"Demand":41,"DemandMax":null,"Value":1560},{"Length":49,"Height":31,"Demand":43,"DemandMax":null,"Value":1519},{"Length":43,"Height":34,"Demand":45,"DemandMax":null,"Value":1462},{"Length":39,"Height":36,"Demand":38,"DemandMax":null,"Value":1404},{"Length":48,"Height":25,"Demand":38,"DemandMax":null,"Value":1200},{"Length":55,"Height":21,"Demand":53,"DemandMax":null,"Value":1155},{"Length":39,"Height":29,"Demand":51,"DemandMax":null,"Value":1131},{"Length":33,"Height":27,"Demand":61,"DemandMax":null,"Value":891},{"Length":30,"Height":29,"Demand":47,"DemandMax":null,"Value":870},{"Length":51,"Height":16,"Demand":57,"DemandMax":null,"Value":816},{"Length":45,"Height":18,"Demand":43,"DemandMax":null,"Value":810},{"Length":32,"Height":24,"Demand":51,"DemandMax":null,"Value":768},{"Length":34,"Height":22,"Demand":44,"DemandMax":null,"Value":748},{"Length":34,"Height":21,"Demand":37,"DemandMax":null,"Value":714},{"Length":44,"Height":16,"Demand":46,"DemandMax":null,"Value":704},{"Length":49,"Height":14,"Demand":37,"DemandMax":null,"Value":686},{"Length":47,"Height":14,"Demand":48,"DemandMax":null,"Value":658},{"Length":36,"Height":18,"Demand":50,"DemandMax":null,"Value":648},{"Length":26,"Height":23,"Demand":53,"DemandMax":null,"Value":598},{"Length":38,"Height":15,"Demand":41,"DemandMax":null,"Value":570},{"Length":30,"Height":17,"Demand":38,"DemandMax":null,"Value":510},{"Length":36,"Height":13,"Demand":45,"DemandMax":null,"Value":468},{"Length":25,"Height":18,"Demand":40,"DemandMax":null,"Value":450},{"Length":37,"Height":12,"Demand":40,"DemandMax":null,"Value":444},{"Length":39,"Height":11,"Demand":36,"DemandMax":null,"Value":429},{"Length":24,"Height":13,"Demand":52,"DemandMax":null,"Value":312},{"Length":19,"Height":15,"Demand":52,"DemandMax":null,"Value":285}]}