{"Name":"MB07_023","Objects":[{"Length":587,"Height":233,"Stock":null,"Cost":136771}],"Items":[{"Length":51,"Height":39,"Demand":148,"DemandMax":null,"Value":1989},{"Length":53,"Height":28,"Demand":154,"DemandMax":null,"Value":1484},{"Length":50,"Height":28,"Demand":139,"DemandMax":null,"Value":1400},{"Length":56,"Height":18,"Demand":160,"DemandMax":null,"Value":1008},{"Length":45,"Height":20,"Demand":159,"DemandMax":null,"Value":900},{"Length":50,"Height":13,"Demand":152,"DemandMax":null,"Value":650},{"Length":48,"Height":13,"Demand":148,"DemandMax":null,"Value":624},{"Length":25,"Height":21,"Demand":159,"DemandMax":null,"Value":525}]}