{"Name":"MB08_022","Objects":[{"Length":587,"Height":233,"Stock":null,"Cost":136771}],"Items":[{"Length":56,"Height":44,"Demand":18,"DemandMax":null,"Value":2464},{"Length":53,"Height":40,"Demand":20,"DemandMax":null,"Value":2120},{"Length":46,"Height":44,"Demand":12,"DemandMax":null,"Value":2024},{"Length":54,"Height":36,"Demand":17,"DemandMax":null,"Value":1944},{"Length":48,"Height":38,"Demand":19,"DemandMax":null,"Value":1824},{"Length":45,"Height":39,"Demand":12,"DemandMax":null,"Value":1755},{"Length":49,"Height":35,"Demand":16,"DemandMax":null,"Value":1715},{"Length":45,"Height":38,"Demand":15,"DemandMax":null,"Value":1710},{"Length":57,"Height":30,"Demand":21,"DemandMax":null,"Value":1710},{"Length":45,"Height":37,"Demand":17,"DemandMax":null,"Value":1665},{"Length":42,"Height":39,"Demand":15,"DemandMax":null,"Value":1638},{"Length":41,"Height":39,"Demand":16,"DemandMax":null,"Value":1599},{"Length":54,"Height":29,"Demand":13,"DemandMax":null,"Value":1566},{"Length":45,"Height":34,"Demand":22,"DemandMax":null,"Value":1530},{"Length":39,"Height":39,"Demand":9,"DemandMax":null,"Value":1521},{"Length":41,"Height":36,"Demand":15,"DemandMax":null,"Value":1476},{"Length":41,"Height":33,"Demand":14,"DemandMax":null,"Value":1353},{"Length":45,"Height":30,"Demand":12,"DemandMax":null,"Value":1350},{"Length":40,"Height":32,"Demand":15,"DemandMax":null,"Value":1280},{"Length":40,"Height":31,"Demand":17,"DemandMax":null,"Value":1240},{"Length":42,"Height":29,"Demand":17,"DemandMax":null,"Value":1218},{"Length":43,"Height":28,"Demand":12,"DemandMax":null,"Value":1204},{"Length":58,"Height":20,"Demand":24,"DemandMax":null,"Value":1160},{"Length":34,"Height":34,"Demand":17,"DemandMax":null,"Value":1156},{"Length":54,"Height":21,"Demand":23,"DemandMax":null,"Value":1134},{"Length":35,"Height":32,"Demand":28,"DemandMax":null,"Value":1120},{"Length":40,"Height":28,"Demand":16,"DemandMax":null,"Value":1120},{"Length":37,"Height":30,"Demand":20,"DemandMax":null,"Value":1110},{"Length":52,"Height":21,"Demand":19,"DemandMax":null,"Value":1092},{"Length":35,"Height":30,"Demand":14,"DemandMax":null,"Value":1050},{"Length":36,"Height":29,"Demand":14,"DemandMax":null,"Value":1044},{"Length":39,"Height":26,"Demand":11,"DemandMax":null,"Value":1014},{"Length":56,"Height":18,"Demand":18,"DemandMax":null,"Value":1008},{"Length":32,"Height":31,"Demand":18,"DemandMax":null,"Value":992},{"Length":46,"Height":21,"Demand":15,"DemandMax":null,"Value":966},{"Length":37,"Height":26,"Demand":10,"DemandMax":null,"Value":962},{"Length":48,"Height":20,"Demand":14,"DemandMax":null,"Value":960},{"Length":44,"Height":21,"Demand":21,"DemandMax":null,"Value":924},{"Length":50,"Height":18,"Demand":9,"DemandMax":null,"Value":900},{"Length":31,"Height":28,"Demand":15,"DemandMax":null,"Value":868},{"Length":41,"Height":21,"Demand":13,"DemandMax":null,"Value":861},{"Length":34,"Height":25,"Demand":15,"DemandMax":null,"Value":850},{"Length":36,"Height":22,"Demand":18,"DemandMax":null,"Value":792},{"Length":49,"Height":16,"Demand":15,"DemandMax":null,"Value":784},{"Length":29,"Height":27,"Demand":18,"DemandMax":null,"Value":783},{"Length":39,"Height":20,"Demand":18,"DemandMax":null,"Value":780},{"Length":52,"Height":15,"Demand":18,"DemandMax":null,"Value":780},{"Length":33,"Height":23,"Demand":18,"DemandMax":null,"Value":759},{"Length":45,"Height":16,"Demand":14,"DemandMax":null,"Value":720},{"Length":48,"Height":15,"Demand":25,"DemandMax":null,"Value":720},{"Length":48,"Height":14,"Demand":11,"DemandMax":null,"Value":672},{"Length":32,"Height":21,"Demand":15,"DemandMax":null,"Value":672},{"Length":33,"Height":20,"Demand":21,"DemandMax":null,"Value":660},{"Length":30,"Height":22,"Demand":11,"DemandMax":null,"Value":660},{"Length":59,"Height":11,"Demand":12,"DemandMax":null,"Value":649},{"Length":36,"Height":18,"Demand":15,"DemandMax":null,"Value":648},{"Length":38,"Height":17,"Demand":17,"DemandMax":null,"Value":646},{"Length":56,"Height":11,"Demand":14,"DemandMax":null,"Value":616},{"Length":36,"Height":17,"Demand":13,"DemandMax":null,"Value":612},{"Length":30,"Height":20,"Demand":14,"DemandMax":null,"Value":600},{"Length":54,"Height":11,"Demand":13,"DemandMax":null,"Value":594},{"Length":33,"Height":18,"Demand":22,"DemandMax":null,"Value":594},{"Length":39,"Height":15,"Demand":16,"DemandMax":null,"Value":585},{"Length":36,"Height":16,"Demand":20,"DemandMax":null,"Value":576},{"Length":31,"Height":18,"Demand":18,"DemandMax":null,"Value":558},{"Length":30,"Height":18,"Demand":21,"DemandMax":null,"Value":540},{"Length":28,"Height":19,"Demand":19,"DemandMax":null,"Value":532},{"Length":31,"Height":17,"Demand":9,"DemandMax":null,"Value":527},{"Length":35,"Height":13,"Demand":15,"DemandMax":null,"Value":455},{"Length":27,"Height":16,"Demand":23,"DemandMax":null,"Value":432},{"Length":21,"Height":19,"Demand":19,"DemandMax":null,"Value":399},{"Length":24,"Height":15,"Demand":15,"DemandMax":null,"Value":360},{"Length":26,"Height":12,"Demand":11,"DemandMax":null,"Value":312},{"Length":23,"Height":10,"Demand":24,"DemandMax":null,"Value":230},{"Length":18,"Height":12,"Demand":18,"DemandMax":null,"Value":216}]}