{"Name":"MB10_010","Objects":[{"Length":432,"Height":79,"Stock":null,"Cost":34128}],"Items":[{"Length":57,"Height":45,"Demand":48,"DemandMax":null,"Value":2565},{"Length":47,"Height":46,"Demand":44,"DemandMax":null,"Value":2162},{"Length":46,"Height":42,"Demand":60,"DemandMax":null,"Value":1932},{"Length":48,"Height":31,"Demand":56,"DemandMax":null,"Value":1488},{"Length":46,"Height":29,"Demand":40,"DemandMax":null,"Value":1334},{"Length":43,"Height":30,"Demand":52,"DemandMax":null,"Value":1290},{"Length":36,"Height":34,"Demand":53,"DemandMax":null,"Value":1224},{"Length":37,"Height":31,"Demand":50,"DemandMax":null,"Value":1147},{"Length":37,"Height":30,"Demand":49,"DemandMax":null,"Value":1110},{"Length":50,"Height":21,"Demand":54,"DemandMax":null,"Value":1050},{"Length":47,"Height":21,"Demand":40,"DemandMax":null,"Value":987},{"Length":39,"Height":23,"Demand":44,"DemandMax":null,"Value":897},{"Length":32,"Height":28,"Demand":46,"DemandMax":null,"Value":896},{"Length":33,"Height":27,"Demand":40,"DemandMax":null,"Value":891},{"Length":31,"Height":28,"Demand":72,"DemandMax":null,"Value":868},{"Length":34,"Height":25,"Demand":55,"DemandMax":null,"Value":850},{"Length":33,"Height":20,"Demand":47,"DemandMax":null,"Value":660},{"Length":32,"Height":20,"Demand":52,"DemandMax":null,"Value":640},{"Length":58,"Height":11,"Demand":46,"DemandMax":null,"Value":638},{"Length":34,"Height":18,"Demand":44,"DemandMax":null,"Value":612},{"Length":37,"Height":16,"Demand":51,"DemandMax":null,"Value":592},{"Length":25,"Height":23,"Demand":52,"DemandMax":null,"Value":575},{"Length":27,"Height":19,"Demand":46,"DemandMax":null,"Value":513},{"Length":50,"Height":10,"Demand":41,"DemandMax":null,"Value":500},{"Length":22,"Height":21,"Demand":46,"DemandMax":null,"Value":462},{"Length":22,"Height":18,"Demand":53,"DemandMax":null,"Value":396},{"Length":34,"Height":10,"Demand":43,"DemandMax":null,"Value":340},{"Length":18,"Height":16,"Demand":43,"DemandMax":null,"Value":288},{"Length":21,"Height":13,"Demand":63,"DemandMax":null,"Value":273},{"Length":19,"Height":13,"Demand":47,"DemandMax":null,"Value":247}]}