{"Name":"MB09_028","Objects":[{"Length":432,"Height":79,"Stock":null,"Cost":34128}],"Items":[{"Length":57,"Height":37,"Demand":132,"DemandMax":null,"Value":2109},{"Length":49,"Height":37,"Demand":143,"DemandMax":null,"Value":1813},{"Length":39,"Height":37,"Demand":157,"DemandMax":null,"Value":1443},{"Length":45,"Height":29,"Demand":156,"DemandMax":null,"Value":1305},{"Length":37,"Height":29,"Demand":152,"DemandMax":null,"Value":1073},{"Length":49,"Height":16,"Demand":154,"DemandMax":null,"Value":784},{"Length":23,"Height":15,"Demand":153,"DemandMax":null,"Value":345},{"Length":18,"Height":15,"Demand":150,"DemandMax":null,"Value":270}]}