{"Name":"MB07_119","Objects":[{"Length":587,"Height":233,"Stock":null,"Cost":136771}],"Items":[{"Length":55,"Height":47,"Demand":20,"DemandMax":null,"Value":2585},{"Length":59,"Height":38,"Demand":16,"DemandMax":null,"Value":2242},{"Length":56,"Height":37,"Demand":17,"DemandMax":null,"Value":2072},{"Length":56,"Height":36,"Demand":22,"DemandMax":null,"Value":2016},{"Length":47,"Height":42,"Demand":18,"DemandMax":null,"Value":1974},{"Length":48,"Height":40,"Demand":13,"DemandMax":null,"Value":1920},{"Length":45,"Height":41,"Demand":19,"DemandMax":null,"Value":1845},{"Length":46,"Height":40,"Demand":15,"DemandMax":null,"Value":1840},{"Length":47,"Height":38,"Demand":20,"DemandMax":null,"Value":1786},{"Length":46,"Height":36,"Demand":14,"DemandMax":null,"Value":1656},{"Length":48,"Height":34,"Demand":21,"DemandMax":null,"Value":1632},{"Length":49,"Height":33,"Demand":22,"DemandMax":null,"Value":1617},{"Length":46,"Height":35,"Demand":13,"DemandMax":null,"Value":1610},{"Length":41,"Height":39,"Demand":18,"DemandMax":null,"Value":1599},{"Length":47,"Height":33,"Demand":17,"DemandMax":null,"Value":1551},{"Length":39,"Height":38,"Demand":16,"DemandMax":null,"Value":1482},{"Length":45,"Height":32,"Demand":8,"DemandMax":null,"Value":1440},{"Length":49,"Height":28,"Demand":19,"DemandMax":null,"Value":1372},{"Length":44,"Height":31,"Demand":20,"DemandMax":null,"Value":1364},{"Length":40,"Height":33,"Demand":15,"DemandMax":null,"Value":1320},{"Length":45,"Height":29,"Demand":19,"DemandMax":null,"Value":1305},{"Length":38,"Height":34,"Demand":17,"DemandMax":null,"Value":1292},{"Length":37,"Height":34,"Demand":14,"DemandMax":null,"Value":1258},{"Length":52,"Height":24,"Demand":20,"DemandMax":null,"Value":1248},{"Length":59,"Height":21,"Demand":18,"DemandMax":null,"Value":1239},{"Length":37,"Height":32,"Demand":17,"DemandMax":null,"Value":1184},{"Length":50,"Height":23,"Demand":12,"DemandMax":null,"Value":1150},{"Length":51,"Height":22,"Demand":14,"DemandMax":null,"Value":1122},{"Length":33,"Height":33,"Demand":23,"DemandMax":null,"Value":1089},{"Length":35,"Height":31,"Demand":17,"DemandMax":null,"Value":1085},{"Length":53,"Height":20,"Demand":11,"DemandMax":null,"Value":1060},{"Length":39,"Height":27,"Demand":16,"DemandMax":null,"Value":1053},{"Length":55,"Height":19,"Demand":17,"DemandMax":null,"Value":1045},{"Length":38,"Height":27,"Demand":11,"DemandMax":null,"Value":1026},{"Length":39,"Height":26,"Demand":17,"DemandMax":null,"Value":1014},{"Length":36,"Height":28,"Demand":18,"DemandMax":null,"Value":1008},{"Length":45,"Height":22,"Demand":15,"DemandMax":null,"Value":990},{"Length":35,"Height":28,"Demand":12,"DemandMax":null,"Value":980},{"Length":36,"Height":26,"Demand":17,"DemandMax":null,"Value":936},{"Length":49,"Height":19,"Demand":14,"DemandMax":null,"Value":931},{"Length":48,"Height":19,"Demand":17,"DemandMax":null,"Value":912},{"Length":30,"Height":29,"Demand":14,"DemandMax":null,"Value":870},{"Length":43,"Height":20,"Demand":22,"DemandMax":null,"Value":860},{"Length":32,"Height":26,"Demand":14,"DemandMax":null,"Value":832},{"Length":30,"Height":27,"Demand":16,"DemandMax":null,"Value":810},{"Length":50,"Height":16,"Demand":23,"DemandMax":null,"Value":800},{"Length":28,"Height":27,"Demand":11,"DemandMax":null,"Value":756},{"Length":34,"Height":22,"Demand":11,"DemandMax":null,"Value":748},{"Length":49,"Height":15,"Demand":16,"DemandMax":null,"Value":735},{"Length":33,"Height":22,"Demand":19,"DemandMax":null,"Value":726},{"Length":48,"Height":15,"Demand":17,"DemandMax":null,"Value":720},{"Length":31,"Height":23,"Demand":13,"DemandMax":null,"Value":713},{"Length":41,"Height":17,"Demand":11,"DemandMax":null,"Value":697},{"Length":42,"Height":16,"Demand":17,"DemandMax":null,"Value":672},{"Length":46,"Height":14,"Demand":15,"DemandMax":null,"Value":644},{"Length":35,"Height":18,"Demand":22,"DemandMax":null,"Value":630},{"Length":42,"Height":14,"Demand":13,"DemandMax":null,"Value":588},{"Length":44,"Height":13,"Demand":7,"DemandMax":null,"Value":572},{"Length":25,"Height":22,"Demand":11,"DemandMax":null,"Value":550},{"Length":27,"Height":20,"Demand":16,"DemandMax":null,"Value":540},{"Length":31,"Height":17,"Demand":13,"DemandMax":null,"Value":527},{"Length":24,"Height":21,"Demand":21,"DemandMax":null,"Value":504},{"Length":49,"Height":10,"Demand":12,"DemandMax":null,"Value":490},{"Length":22,"Height":19,"Demand":17,"DemandMax":null,"Value":418},{"Length":26,"Height":16,"Demand":12,"DemandMax":null,"Value":416},{"Length":27,"Height":15,"Demand":14,"DemandMax":null,"Value":405},{"Length":26,"Height":12,"Demand":15,"DemandMax":null,"Value":312},{"Length":16,"Height":16,"Demand":18,"DemandMax":null,"Value":256},{"Length":16,"Height":13,"Demand":7,"DemandMax":null,"Value":208},{"Length":15,"Height":13,"Demand":15,"DemandMax":null,"Value":195}]}