{"Name":"MB10_062","Objects":[{"Length":432,"Height":79,"Stock":null,"Cost":34128}],"Items":[{"Length":56,"Height":44,"Demand":6,"DemandMax":null,"Value":2464},{"Length":52,"Height":47,"Demand":9,"DemandMax":null,"Value":2444},{"Length":59,"Height":39,"Demand":8,"DemandMax":null,"Value":2301},{"Length":56,"Height":41,"Demand":7,"DemandMax":null,"Value":2296},{"Length":57,"Height":39,"Demand":13,"DemandMax":null,"Value":2223},{"Length":53,"Height":40,"Demand":11,"DemandMax":null,"Value":2120},{"Length":55,"Height":38,"Demand":4,"DemandMax":null,"Value":2090},{"Length":52,"Height":40,"Demand":7,"DemandMax":null,"Value":2080},{"Length":53,"Height":37,"Demand":7,"DemandMax":null,"Value":1961},{"Length":54,"Height":36,"Demand":9,"DemandMax":null,"Value":1944},{"Length":44,"Height":44,"Demand":9,"DemandMax":null,"Value":1936},{"Length":52,"Height":36,"Demand":6,"DemandMax":null,"Value":1872},{"Length":48,"Height":38,"Demand":7,"DemandMax":null,"Value":1824},{"Length":59,"Height":30,"Demand":8,"DemandMax":null,"Value":1770},{"Length":45,"Height":39,"Demand":9,"DemandMax":null,"Value":1755},{"Length":47,"Height":37,"Demand":5,"DemandMax":null,"Value":1739},{"Length":49,"Height":35,"Demand":12,"DemandMax":null,"Value":1715},{"Length":45,"Height":38,"Demand":4,"DemandMax":null,"Value":1710},{"Length":48,"Height":35,"Demand":8,"DemandMax":null,"Value":1680},{"Length":49,"Height":34,"Demand":8,"DemandMax":null,"Value":1666},{"Length":46,"Height":35,"Demand":13,"DemandMax":null,"Value":1610},{"Length":59,"Height":27,"Demand":11,"DemandMax":null,"Value":1593},{"Length":44,"Height":36,"Demand":9,"DemandMax":null,"Value":1584},{"Length":54,"Height":29,"Demand":5,"DemandMax":null,"Value":1566},{"Length":58,"Height":27,"Demand":11,"DemandMax":null,"Value":1566},{"Length":43,"Height":36,"Demand":6,"DemandMax":null,"Value":1548},{"Length":53,"Height":29,"Demand":6,"DemandMax":null,"Value":1537},{"Length":45,"Height":33,"Demand":7,"DemandMax":null,"Value":1485},{"Length":39,"Height":38,"Demand":8,"DemandMax":null,"Value":1482},{"Length":41,"Height":36,"Demand":9,"DemandMax":null,"Value":1476},{"Length":43,"Height":34,"Demand":6,"DemandMax":null,"Value":1462},{"Length":56,"Height":26,"Demand":6,"DemandMax":null,"Value":1456},{"Length":50,"Height":29,"Demand":12,"DemandMax":null,"Value":1450},{"Length":39,"Height":36,"Demand":7,"DemandMax":null,"Value":1404},{"Length":56,"Height":25,"Demand":6,"DemandMax":null,"Value":1400},{"Length":50,"Height":28,"Demand":10,"DemandMax":null,"Value":1400},{"Length":41,"Height":34,"Demand":9,"DemandMax":null,"Value":1394},{"Length":37,"Height":37,"Demand":10,"DemandMax":null,"Value":1369},{"Length":40,"Height":34,"Demand":9,"DemandMax":null,"Value":1360},{"Length":37,"Height":36,"Demand":7,"DemandMax":null,"Value":1332},{"Length":38,"Height":35,"Demand":7,"DemandMax":null,"Value":1330},{"Length":47,"Height":28,"Demand":12,"DemandMax":null,"Value":1316},{"Length":39,"Height":33,"Demand":4,"DemandMax":null,"Value":1287},{"Length":40,"Height":32,"Demand":12,"DemandMax":null,"Value":1280},{"Length":41,"Height":31,"Demand":6,"DemandMax":null,"Value":1271},{"Length":42,"Height":30,"Demand":12,"DemandMax":null,"Value":1260},{"Length":38,"Height":33,"Demand":5,"DemandMax":null,"Value":1254},{"Length":44,"Height":28,"Demand":8,"DemandMax":null,"Value":1232},{"Length":35,"Height":35,"Demand":4,"DemandMax":null,"Value":1225},{"Length":37,"Height":33,"Demand":10,"DemandMax":null,"Value":1221},{"Length":42,"Height":29,"Demand":12,"DemandMax":null,"Value":1218},{"Length":38,"Height":32,"Demand":5,"DemandMax":null,"Value":1216},{"Length":43,"Height":28,"Demand":9,"DemandMax":null,"Value":1204},{"Length":50,"Height":24,"Demand":13,"DemandMax":null,"Value":1200},{"Length":35,"Height":34,"Demand":5,"DemandMax":null,"Value":1190},{"Length":48,"Height":24,"Demand":6,"DemandMax":null,"Value":1152},{"Length":54,"Height":21,"Demand":7,"DemandMax":null,"Value":1134},{"Length":35,"Height":32,"Demand":7,"DemandMax":null,"Value":1120},{"Length":40,"Height":28,"Demand":6,"DemandMax":null,"Value":1120},{"Length":50,"Height":22,"Demand":5,"DemandMax":null,"Value":1100},{"Length":52,"Height":21,"Demand":5,"DemandMax":null,"Value":1092},{"Length":39,"Height":28,"Demand":9,"DemandMax":null,"Value":1092},{"Length":54,"Height":20,"Demand":7,"DemandMax":null,"Value":1080},{"Length":45,"Height":24,"Demand":6,"DemandMax":null,"Value":1080},{"Length":49,"Height":22,"Demand":5,"DemandMax":null,"Value":1078},{"Length":46,"Height":23,"Demand":9,"DemandMax":null,"Value":1058},{"Length":34,"Height":31,"Demand":6,"DemandMax":null,"Value":1054},{"Length":42,"Height":25,"Demand":10,"DemandMax":null,"Value":1050},{"Length":37,"Height":28,"Demand":7,"DemandMax":null,"Value":1036},{"Length":47,"Height":22,"Demand":4,"DemandMax":null,"Value":1034},{"Length":35,"Height":29,"Demand":6,"DemandMax":null,"Value":1015},{"Length":34,"Height":29,"Demand":9,"DemandMax":null,"Value":986},{"Length":40,"Height":24,"Demand":9,"DemandMax":null,"Value":960},{"Length":32,"Height":30,"Demand":8,"DemandMax":null,"Value":960},{"Length":35,"Height":27,"Demand":9,"DemandMax":null,"Value":945},{"Length":41,"Height":23,"Demand":4,"DemandMax":null,"Value":943},{"Length":47,"Height":20,"Demand":8,"DemandMax":null,"Value":940},{"Length":36,"Height":26,"Demand":8,"DemandMax":null,"Value":936},{"Length":31,"Height":30,"Demand":7,"DemandMax":null,"Value":930},{"Length":33,"Height":28,"Demand":8,"DemandMax":null,"Value":924},{"Length":44,"Height":21,"Demand":6,"DemandMax":null,"Value":924},{"Length":46,"Height":20,"Demand":5,"DemandMax":null,"Value":920},{"Length":34,"Height":27,"Demand":11,"DemandMax":null,"Value":918},{"Length":30,"Height":30,"Demand":5,"DemandMax":null,"Value":900},{"Length":50,"Height":18,"Demand":6,"DemandMax":null,"Value":900},{"Length":32,"Height":28,"Demand":4,"DemandMax":null,"Value":896},{"Length":52,"Height":17,"Demand":7,"DemandMax":null,"Value":884},{"Length":49,"Height":18,"Demand":4,"DemandMax":null,"Value":882},{"Length":36,"Height":24,"Demand":6,"DemandMax":null,"Value":864},{"Length":41,"Height":21,"Demand":9,"DemandMax":null,"Value":861},{"Length":44,"Height":19,"Demand":5,"DemandMax":null,"Value":836},{"Length":33,"Height":25,"Demand":9,"DemandMax":null,"Value":825},{"Length":39,"Height":21,"Demand":8,"DemandMax":null,"Value":819},{"Length":31,"Height":26,"Demand":15,"DemandMax":null,"Value":806},{"Length":35,"Height":23,"Demand":4,"DemandMax":null,"Value":805},{"Length":40,"Height":20,"Demand":12,"DemandMax":null,"Value":800},{"Length":38,"Height":21,"Demand":6,"DemandMax":null,"Value":798},{"Length":33,"Height":24,"Demand":4,"DemandMax":null,"Value":792},{"Length":52,"Height":15,"Demand":7,"DemandMax":null,"Value":780},{"Length":37,"Height":21,"Demand":8,"DemandMax":null,"Value":777},{"Length":31,"Height":25,"Demand":7,"DemandMax":null,"Value":775},{"Length":32,"Height":24,"Demand":6,"DemandMax":null,"Value":768},{"Length":38,"Height":20,"Demand":2,"DemandMax":null,"Value":760},{"Length":40,"Height":19,"Demand":5,"DemandMax":null,"Value":760},{"Length":33,"Height":23,"Demand":7,"DemandMax":null,"Value":759},{"Length":36,"Height":21,"Demand":8,"DemandMax":null,"Value":756},{"Length":50,"Height":15,"Demand":13,"DemandMax":null,"Value":750},{"Length":44,"Height":17,"Demand":11,"DemandMax":null,"Value":748},{"Length":37,"Height":20,"Demand":4,"DemandMax":null,"Value":740},{"Length":46,"Height":16,"Demand":13,"DemandMax":null,"Value":736},{"Length":43,"Height":17,"Demand":5,"DemandMax":null,"Value":731},{"Length":36,"Height":20,"Demand":8,"DemandMax":null,"Value":720},{"Length":31,"Height":23,"Demand":11,"DemandMax":null,"Value":713},{"Length":36,"Height":19,"Demand":6,"DemandMax":null,"Value":684},{"Length":56,"Height":12,"Demand":5,"DemandMax":null,"Value":672},{"Length":47,"Height":14,"Demand":6,"DemandMax":null,"Value":658},{"Length":31,"Height":21,"Demand":10,"DemandMax":null,"Value":651},{"Length":59,"Height":11,"Demand":5,"DemandMax":null,"Value":649},{"Length":54,"Height":12,"Demand":8,"DemandMax":null,"Value":648},{"Length":36,"Height":18,"Demand":6,"DemandMax":null,"Value":648},{"Length":38,"Height":17,"Demand":12,"DemandMax":null,"Value":646},{"Length":45,"Height":14,"Demand":7,"DemandMax":null,"Value":630},{"Length":26,"Height":24,"Demand":8,"DemandMax":null,"Value":624},{"Length":31,"Height":20,"Demand":9,"DemandMax":null,"Value":620},{"Length":29,"Height":21,"Demand":6,"DemandMax":null,"Value":609},{"Length":43,"Height":14,"Demand":8,"DemandMax":null,"Value":602},{"Length":30,"Height":20,"Demand":6,"DemandMax":null,"Value":600},{"Length":31,"Height":19,"Demand":12,"DemandMax":null,"Value":589},{"Length":45,"Height":13,"Demand":7,"DemandMax":null,"Value":585},{"Length":53,"Height":11,"Demand":9,"DemandMax":null,"Value":583},{"Length":58,"Height":10,"Demand":6,"DemandMax":null,"Value":580},{"Length":36,"Height":16,"Demand":9,"DemandMax":null,"Value":576},{"Length":32,"Height":18,"Demand":11,"DemandMax":null,"Value":576},{"Length":38,"Height":15,"Demand":5,"DemandMax":null,"Value":570},{"Length":30,"Height":19,"Demand":11,"DemandMax":null,"Value":570},{"Length":37,"Height":15,"Demand":18,"DemandMax":null,"Value":555},{"Length":30,"Height":18,"Demand":5,"DemandMax":null,"Value":540},{"Length":28,"Height":19,"Demand":9,"DemandMax":null,"Value":532},{"Length":24,"Height":22,"Demand":11,"DemandMax":null,"Value":528},{"Length":35,"Height":15,"Demand":9,"DemandMax":null,"Value":525},{"Length":26,"Height":20,"Demand":7,"DemandMax":null,"Value":520},{"Length":34,"Height":15,"Demand":11,"DemandMax":null,"Value":510},{"Length":36,"Height":14,"Demand":8,"DemandMax":null,"Value":504},{"Length":50,"Height":10,"Demand":14,"DemandMax":null,"Value":500},{"Length":33,"Height":15,"Demand":8,"DemandMax":null,"Value":495},{"Length":29,"Height":17,"Demand":6,"DemandMax":null,"Value":493},{"Length":27,"Height":18,"Demand":10,"DemandMax":null,"Value":486},{"Length":22,"Height":22,"Demand":7,"DemandMax":null,"Value":484},{"Length":43,"Height":11,"Demand":10,"DemandMax":null,"Value":473},{"Length":26,"Height":18,"Demand":6,"DemandMax":null,"Value":468},{"Length":27,"Height":17,"Demand":5,"DemandMax":null,"Value":459},{"Length":35,"Height":13,"Demand":10,"DemandMax":null,"Value":455},{"Length":26,"Height":17,"Demand":6,"DemandMax":null,"Value":442},{"Length":22,"Height":20,"Demand":8,"DemandMax":null,"Value":440},{"Length":39,"Height":11,"Demand":9,"DemandMax":null,"Value":429},{"Length":35,"Height":12,"Demand":7,"DemandMax":null,"Value":420},{"Length":42,"Height":10,"Demand":7,"DemandMax":null,"Value":420},{"Length":26,"Height":16,"Demand":8,"DemandMax":null,"Value":416},{"Length":34,"Height":12,"Demand":8,"DemandMax":null,"Value":408},{"Length":24,"Height":17,"Demand":8,"DemandMax":null,"Value":408},{"Length":20,"Height":20,"Demand":4,"DemandMax":null,"Value":400},{"Length":21,"Height":19,"Demand":8,"DemandMax":null,"Value":399},{"Length":22,"Height":18,"Demand":9,"DemandMax":null,"Value":396},{"Length":30,"Height":13,"Demand":9,"DemandMax":null,"Value":390},{"Length":26,"Height":15,"Demand":6,"DemandMax":null,"Value":390},{"Length":35,"Height":11,"Demand":8,"DemandMax":null,"Value":385},{"Length":20,"Height":19,"Demand":8,"DemandMax":null,"Value":380},{"Length":25,"Height":15,"Demand":7,"DemandMax":null,"Value":375},{"Length":21,"Height":17,"Demand":10,"DemandMax":null,"Value":357},{"Length":21,"Height":16,"Demand":8,"DemandMax":null,"Value":336},{"Length":18,"Height":18,"Demand":6,"DemandMax":null,"Value":324},{"Length":23,"Height":14,"Demand":10,"DemandMax":null,"Value":322},{"Length":26,"Height":12,"Demand":11,"DemandMax":null,"Value":312},{"Length":19,"Height":16,"Demand":8,"DemandMax":null,"Value":304},{"Length":22,"Height":13,"Demand":8,"DemandMax":null,"Value":286},{"Length":24,"Height":11,"Demand":6,"DemandMax":null,"Value":264},{"Length":16,"Height":16,"Demand":9,"DemandMax":null,"Value":256},{"Length":19,"Height":12,"Demand":11,"DemandMax":null,"Value":228},{"Length":15,"Height":14,"Demand":9,"DemandMax":null,"Value":210},{"Length":16,"Height":13,"Demand":5,"DemandMax":null,"Value":208},{"Length":18,"Height":10,"Demand":9,"DemandMax":null,"Value":180},{"Length":16,"Height":10,"Demand":3,"DemandMax":null,"Value":160}]}