{"Name":"MB09_103","Objects":[{"Length":432,"Height":79,"Stock":null,"Cost":34128}],"Items":[{"Length":52,"Height":47,"Demand":14,"DemandMax":null,"Value":2444},{"Length":49,"Height":49,"Demand":13,"DemandMax":null,"Value":2401},{"Length":55,"Height":37,"Demand":30,"DemandMax":null,"Value":2035},{"Length":51,"Height":39,"Demand":25,"DemandMax":null,"Value":1989},{"Length":47,"Height":42,"Demand":22,"DemandMax":null,"Value":1974},{"Length":48,"Height":40,"Demand":18,"DemandMax":null,"Value":1920},{"Length":59,"Height":30,"Demand":24,"DemandMax":null,"Value":1770},{"Length":43,"Height":41,"Demand":30,"DemandMax":null,"Value":1763},{"Length":47,"Height":37,"Demand":26,"DemandMax":null,"Value":1739},{"Length":51,"Height":31,"Demand":20,"DemandMax":null,"Value":1581},{"Length":45,"Height":34,"Demand":27,"DemandMax":null,"Value":1530},{"Length":43,"Height":35,"Demand":18,"DemandMax":null,"Value":1505},{"Length":43,"Height":33,"Demand":18,"DemandMax":null,"Value":1419},{"Length":41,"Height":34,"Demand":16,"DemandMax":null,"Value":1394},{"Length":48,"Height":28,"Demand":22,"DemandMax":null,"Value":1344},{"Length":37,"Height":36,"Demand":22,"DemandMax":null,"Value":1332},{"Length":56,"Height":23,"Demand":29,"DemandMax":null,"Value":1288},{"Length":36,"Height":33,"Demand":22,"DemandMax":null,"Value":1188},{"Length":34,"Height":34,"Demand":22,"DemandMax":null,"Value":1156},{"Length":35,"Height":32,"Demand":16,"DemandMax":null,"Value":1120},{"Length":58,"Height":19,"Demand":20,"DemandMax":null,"Value":1102},{"Length":34,"Height":32,"Demand":28,"DemandMax":null,"Value":1088},{"Length":40,"Height":27,"Demand":23,"DemandMax":null,"Value":1080},{"Length":35,"Height":30,"Demand":25,"DemandMax":null,"Value":1050},{"Length":37,"Height":28,"Demand":35,"DemandMax":null,"Value":1036},{"Length":34,"Height":30,"Demand":18,"DemandMax":null,"Value":1020},{"Length":40,"Height":24,"Demand":29,"DemandMax":null,"Value":960},{"Length":59,"Height":16,"Demand":20,"DemandMax":null,"Value":944},{"Length":39,"Height":24,"Demand":26,"DemandMax":null,"Value":936},{"Length":45,"Height":20,"Demand":22,"DemandMax":null,"Value":900},{"Length":50,"Height":17,"Demand":22,"DemandMax":null,"Value":850},{"Length":53,"Height":16,"Demand":24,"DemandMax":null,"Value":848},{"Length":30,"Height":28,"Demand":27,"DemandMax":null,"Value":840},{"Length":31,"Height":26,"Demand":20,"DemandMax":null,"Value":806},{"Length":42,"Height":19,"Demand":20,"DemandMax":null,"Value":798},{"Length":42,"Height":18,"Demand":26,"DemandMax":null,"Value":756},{"Length":29,"Height":25,"Demand":14,"DemandMax":null,"Value":725},{"Length":30,"Height":24,"Demand":21,"DemandMax":null,"Value":720},{"Length":35,"Height":20,"Demand":24,"DemandMax":null,"Value":700},{"Length":50,"Height":13,"Demand":21,"DemandMax":null,"Value":650},{"Length":43,"Height":15,"Demand":29,"DemandMax":null,"Value":645},{"Length":30,"Height":21,"Demand":23,"DemandMax":null,"Value":630},{"Length":35,"Height":17,"Demand":25,"DemandMax":null,"Value":595},{"Length":33,"Height":18,"Demand":31,"DemandMax":null,"Value":594},{"Length":34,"Height":17,"Demand":22,"DemandMax":null,"Value":578},{"Length":41,"Height":14,"Demand":24,"DemandMax":null,"Value":574},{"Length":38,"Height":15,"Demand":23,"DemandMax":null,"Value":570},{"Length":28,"Height":20,"Demand":24,"DemandMax":null,"Value":560},{"Length":25,"Height":22,"Demand":36,"DemandMax":null,"Value":550},{"Length":25,"Height":21,"Demand":31,"DemandMax":null,"Value":525},{"Length":23,"Height":22,"Demand":22,"DemandMax":null,"Value":506},{"Length":25,"Height":17,"Demand":23,"DemandMax":null,"Value":425},{"Length":23,"Height":18,"Demand":22,"DemandMax":null,"Value":414},{"Length":24,"Height":15,"Demand":25,"DemandMax":null,"Value":360},{"Length":21,"Height":15,"Demand":17,"DemandMax":null,"Value":315},{"Length":17,"Height":14,"Demand":23,"DemandMax":null,"Value":238},{"Length":14,"Height":14,"Demand":28,"DemandMax":null,"Value":196}]}