{"Name":"MB09_032","Objects":[{"Length":432,"Height":79,"Stock":null,"Cost":34128}],"Items":[{"Length":51,"Height":38,"Demand":153,"DemandMax":null,"Value":1938},{"Length":47,"Height":35,"Demand":166,"DemandMax":null,"Value":1645},{"Length":42,"Height":36,"Demand":162,"DemandMax":null,"Value":1512},{"Length":35,"Height":23,"Demand":170,"DemandMax":null,"Value":805},{"Length":38,"Height":19,"Demand":155,"DemandMax":null,"Value":722},{"Length":25,"Height":20,"Demand":156,"DemandMax":null,"Value":500},{"Length":24,"Height":18,"Demand":134,"DemandMax":null,"Value":432},{"Length":21,"Height":16,"Demand":167,"DemandMax":null,"Value":336},{"Length":24,"Height":13,"Demand":159,"DemandMax":null,"Value":312},{"Length":24,"Height":12,"Demand":156,"DemandMax":null,"Value":288}]}