{"Name":"MB09_027","Objects":[{"Length":432,"Height":79,"Stock":null,"Cost":34128}],"Items":[{"Length":59,"Height":39,"Demand":171,"DemandMax":null,"Value":2301},{"Length":47,"Height":30,"Demand":167,"DemandMax":null,"Value":1410},{"Length":32,"Height":29,"Demand":197,"DemandMax":null,"Value":928},{"Length":43,"Height":16,"Demand":190,"DemandMax":null,"Value":688},{"Length":38,"Height":18,"Demand":170,"DemandMax":null,"Value":684},{"Length":32,"Height":21,"Demand":179,"DemandMax":null,"Value":672},{"Length":35,"Height":17,"Demand":179,"DemandMax":null,"Value":595},{"Length":21,"Height":16,"Demand":170,"DemandMax":null,"Value":336}]}