{"Name":"MB08_075","Objects":[{"Length":587,"Height":233,"Stock":null,"Cost":136771}],"Items":[{"Length":59,"Height":46,"Demand":5,"DemandMax":null,"Value":2714},{"Length":55,"Height":49,"Demand":8,"DemandMax":null,"Value":2695},{"Length":56,"Height":47,"Demand":4,"DemandMax":null,"Value":2632},{"Length":53,"Height":45,"Demand":6,"DemandMax":null,"Value":2385},{"Length":58,"Height":41,"Demand":3,"DemandMax":null,"Value":2378},{"Length":49,"Height":48,"Demand":3,"DemandMax":null,"Value":2352},{"Length":53,"Height":44,"Demand":5,"DemandMax":null,"Value":2332},{"Length":50,"Height":46,"Demand":7,"DemandMax":null,"Value":2300},{"Length":58,"Height":39,"Demand":5,"DemandMax":null,"Value":2262},{"Length":53,"Height":42,"Demand":3,"DemandMax":null,"Value":2226},{"Length":54,"Height":40,"Demand":12,"DemandMax":null,"Value":2160},{"Length":47,"Height":43,"Demand":8,"DemandMax":null,"Value":2021},{"Length":56,"Height":36,"Demand":3,"DemandMax":null,"Value":2016},{"Length":46,"Height":43,"Demand":5,"DemandMax":null,"Value":1978},{"Length":49,"Height":40,"Demand":9,"DemandMax":null,"Value":1960},{"Length":57,"Height":34,"Demand":5,"DemandMax":null,"Value":1938},{"Length":60,"Height":32,"Demand":3,"DemandMax":null,"Value":1920},{"Length":44,"Height":43,"Demand":7,"DemandMax":null,"Value":1892},{"Length":57,"Height":33,"Demand":4,"DemandMax":null,"Value":1881},{"Length":52,"Height":36,"Demand":4,"DemandMax":null,"Value":1872},{"Length":50,"Height":37,"Demand":3,"DemandMax":null,"Value":1850},{"Length":47,"Height":39,"Demand":2,"DemandMax":null,"Value":1833},{"Length":59,"Height":31,"Demand":3,"DemandMax":null,"Value":1829},{"Length":57,"Height":32,"Demand":9,"DemandMax":null,"Value":1824},{"Length":50,"Height":36,"Demand":4,"DemandMax":null,"Value":1800},{"Length":46,"Height":38,"Demand":2,"DemandMax":null,"Value":1748},{"Length":48,"Height":36,"Demand":4,"DemandMax":null,"Value":1728},{"Length":44,"Height":39,"Demand":9,"DemandMax":null,"Value":1716},{"Length":52,"Height":33,"Demand":2,"DemandMax":null,"Value":1716},{"Length":57,"Height":30,"Demand":4,"DemandMax":null,"Value":1710},{"Length":55,"Height":31,"Demand":5,"DemandMax":null,"Value":1705},{"Length":46,"Height":37,"Demand":2,"DemandMax":null,"Value":1702},{"Length":41,"Height":41,"Demand":1,"DemandMax":null,"Value":1681},{"Length":42,"Height":40,"Demand":2,"DemandMax":null,"Value":1680},{"Length":49,"Height":34,"Demand":5,"DemandMax":null,"Value":1666},{"Length":50,"Height":33,"Demand":6,"DemandMax":null,"Value":1650},{"Length":41,"Height":40,"Demand":4,"DemandMax":null,"Value":1640},{"Length":56,"Height":29,"Demand":4,"DemandMax":null,"Value":1624},{"Length":49,"Height":33,"Demand":2,"DemandMax":null,"Value":1617},{"Length":59,"Height":27,"Demand":4,"DemandMax":null,"Value":1593},{"Length":43,"Height":37,"Demand":5,"DemandMax":null,"Value":1591},{"Length":53,"Height":30,"Demand":5,"DemandMax":null,"Value":1590},{"Length":48,"Height":33,"Demand":10,"DemandMax":null,"Value":1584},{"Length":44,"Height":36,"Demand":4,"DemandMax":null,"Value":1584},{"Length":54,"Height":29,"Demand":5,"DemandMax":null,"Value":1566},{"Length":41,"Height":38,"Demand":4,"DemandMax":null,"Value":1558},{"Length":42,"Height":37,"Demand":4,"DemandMax":null,"Value":1554},{"Length":48,"Height":32,"Demand":5,"DemandMax":null,"Value":1536},{"Length":59,"Height":26,"Demand":2,"DemandMax":null,"Value":1534},{"Length":49,"Height":31,"Demand":7,"DemandMax":null,"Value":1519},{"Length":41,"Height":37,"Demand":5,"DemandMax":null,"Value":1517},{"Length":58,"Height":26,"Demand":5,"DemandMax":null,"Value":1508},{"Length":43,"Height":35,"Demand":7,"DemandMax":null,"Value":1505},{"Length":45,"Height":33,"Demand":4,"DemandMax":null,"Value":1485},{"Length":39,"Height":38,"Demand":6,"DemandMax":null,"Value":1482},{"Length":42,"Height":35,"Demand":5,"DemandMax":null,"Value":1470},{"Length":43,"Height":34,"Demand":3,"DemandMax":null,"Value":1462},{"Length":38,"Height":38,"Demand":4,"DemandMax":null,"Value":1444},{"Length":39,"Height":37,"Demand":5,"DemandMax":null,"Value":1443},{"Length":55,"Height":26,"Demand":4,"DemandMax":null,"Value":1430},{"Length":42,"Height":34,"Demand":2,"DemandMax":null,"Value":1428},{"Length":46,"Height":31,"Demand":3,"DemandMax":null,"Value":1426},{"Length":49,"Height":29,"Demand":6,"DemandMax":null,"Value":1421},{"Length":43,"Height":33,"Demand":8,"DemandMax":null,"Value":1419},{"Length":38,"Height":37,"Demand":4,"DemandMax":null,"Value":1406},{"Length":50,"Height":28,"Demand":6,"DemandMax":null,"Value":1400},{"Length":41,"Height":34,"Demand":3,"DemandMax":null,"Value":1394},{"Length":49,"Height":28,"Demand":3,"DemandMax":null,"Value":1372},{"Length":38,"Height":36,"Demand":4,"DemandMax":null,"Value":1368},{"Length":47,"Height":29,"Demand":4,"DemandMax":null,"Value":1363},{"Length":39,"Height":34,"Demand":4,"DemandMax":null,"Value":1326},{"Length":49,"Height":27,"Demand":6,"DemandMax":null,"Value":1323},{"Length":40,"Height":33,"Demand":5,"DemandMax":null,"Value":1320},{"Length":47,"Height":28,"Demand":5,"DemandMax":null,"Value":1316},{"Length":54,"Height":24,"Demand":9,"DemandMax":null,"Value":1296},{"Length":56,"Height":23,"Demand":7,"DemandMax":null,"Value":1288},{"Length":44,"Height":29,"Demand":2,"DemandMax":null,"Value":1276},{"Length":53,"Height":24,"Demand":5,"DemandMax":null,"Value":1272},{"Length":38,"Height":33,"Demand":7,"DemandMax":null,"Value":1254},{"Length":43,"Height":29,"Demand":5,"DemandMax":null,"Value":1247},{"Length":51,"Height":24,"Demand":2,"DemandMax":null,"Value":1224},{"Length":37,"Height":33,"Demand":9,"DemandMax":null,"Value":1221},{"Length":39,"Height":31,"Demand":2,"DemandMax":null,"Value":1209},{"Length":52,"Height":23,"Demand":3,"DemandMax":null,"Value":1196},{"Length":35,"Height":34,"Demand":5,"DemandMax":null,"Value":1190},{"Length":37,"Height":32,"Demand":4,"DemandMax":null,"Value":1184},{"Length":38,"Height":31,"Demand":5,"DemandMax":null,"Value":1178},{"Length":35,"Height":33,"Demand":6,"DemandMax":null,"Value":1155},{"Length":48,"Height":24,"Demand":5,"DemandMax":null,"Value":1152},{"Length":42,"Height":27,"Demand":5,"DemandMax":null,"Value":1134},{"Length":34,"Height":33,"Demand":5,"DemandMax":null,"Value":1122},{"Length":36,"Height":31,"Demand":6,"DemandMax":null,"Value":1116},{"Length":53,"Height":21,"Demand":5,"DemandMax":null,"Value":1113},{"Length":44,"Height":25,"Demand":7,"DemandMax":null,"Value":1100},{"Length":42,"Height":26,"Demand":3,"DemandMax":null,"Value":1092},{"Length":34,"Height":32,"Demand":8,"DemandMax":null,"Value":1088},{"Length":35,"Height":31,"Demand":11,"DemandMax":null,"Value":1085},{"Length":47,"Height":23,"Demand":4,"DemandMax":null,"Value":1081},{"Length":45,"Height":24,"Demand":5,"DemandMax":null,"Value":1080},{"Length":54,"Height":20,"Demand":4,"DemandMax":null,"Value":1080},{"Length":43,"Height":25,"Demand":4,"DemandMax":null,"Value":1075},{"Length":53,"Height":20,"Demand":9,"DemandMax":null,"Value":1060},{"Length":39,"Height":27,"Demand":5,"DemandMax":null,"Value":1053},{"Length":40,"Height":26,"Demand":10,"DemandMax":null,"Value":1040},{"Length":38,"Height":27,"Demand":4,"DemandMax":null,"Value":1026},{"Length":34,"Height":30,"Demand":3,"DemandMax":null,"Value":1020},{"Length":39,"Height":26,"Demand":10,"DemandMax":null,"Value":1014},{"Length":44,"Height":23,"Demand":6,"DemandMax":null,"Value":1012},{"Length":48,"Height":21,"Demand":3,"DemandMax":null,"Value":1008},{"Length":36,"Height":28,"Demand":3,"DemandMax":null,"Value":1008},{"Length":45,"Height":22,"Demand":2,"DemandMax":null,"Value":990},{"Length":58,"Height":17,"Demand":5,"DemandMax":null,"Value":986},{"Length":49,"Height":20,"Demand":7,"DemandMax":null,"Value":980},{"Length":39,"Height":25,"Demand":5,"DemandMax":null,"Value":975},{"Length":44,"Height":22,"Demand":4,"DemandMax":null,"Value":968},{"Length":38,"Height":25,"Demand":4,"DemandMax":null,"Value":950},{"Length":39,"Height":24,"Demand":5,"DemandMax":null,"Value":936},{"Length":37,"Height":25,"Demand":5,"DemandMax":null,"Value":925},{"Length":44,"Height":21,"Demand":4,"DemandMax":null,"Value":924},{"Length":33,"Height":28,"Demand":3,"DemandMax":null,"Value":924},{"Length":42,"Height":22,"Demand":8,"DemandMax":null,"Value":924},{"Length":46,"Height":20,"Demand":3,"DemandMax":null,"Value":920},{"Length":43,"Height":21,"Demand":6,"DemandMax":null,"Value":903},{"Length":41,"Height":22,"Demand":6,"DemandMax":null,"Value":902},{"Length":45,"Height":20,"Demand":8,"DemandMax":null,"Value":900},{"Length":39,"Height":23,"Demand":6,"DemandMax":null,"Value":897},{"Length":38,"Height":23,"Demand":5,"DemandMax":null,"Value":874},{"Length":46,"Height":19,"Demand":4,"DemandMax":null,"Value":874},{"Length":30,"Height":29,"Demand":2,"DemandMax":null,"Value":870},{"Length":31,"Height":28,"Demand":4,"DemandMax":null,"Value":868},{"Length":32,"Height":27,"Demand":6,"DemandMax":null,"Value":864},{"Length":36,"Height":24,"Demand":7,"DemandMax":null,"Value":864},{"Length":41,"Height":21,"Demand":5,"DemandMax":null,"Value":861},{"Length":43,"Height":20,"Demand":4,"DemandMax":null,"Value":860},{"Length":33,"Height":26,"Demand":4,"DemandMax":null,"Value":858},{"Length":37,"Height":23,"Demand":2,"DemandMax":null,"Value":851},{"Length":50,"Height":17,"Demand":2,"DemandMax":null,"Value":850},{"Length":34,"Height":25,"Demand":6,"DemandMax":null,"Value":850},{"Length":35,"Height":24,"Demand":5,"DemandMax":null,"Value":840},{"Length":31,"Height":27,"Demand":8,"DemandMax":null,"Value":837},{"Length":29,"Height":28,"Demand":8,"DemandMax":null,"Value":812},{"Length":35,"Height":23,"Demand":6,"DemandMax":null,"Value":805},{"Length":40,"Height":20,"Demand":6,"DemandMax":null,"Value":800},{"Length":47,"Height":17,"Demand":4,"DemandMax":null,"Value":799},{"Length":38,"Height":21,"Demand":6,"DemandMax":null,"Value":798},{"Length":42,"Height":19,"Demand":6,"DemandMax":null,"Value":798},{"Length":44,"Height":18,"Demand":5,"DemandMax":null,"Value":792},{"Length":49,"Height":16,"Demand":2,"DemandMax":null,"Value":784},{"Length":39,"Height":20,"Demand":3,"DemandMax":null,"Value":780},{"Length":43,"Height":18,"Demand":9,"DemandMax":null,"Value":774},{"Length":38,"Height":20,"Demand":6,"DemandMax":null,"Value":760},{"Length":29,"Height":26,"Demand":6,"DemandMax":null,"Value":754},{"Length":44,"Height":17,"Demand":2,"DemandMax":null,"Value":748},{"Length":39,"Height":19,"Demand":3,"DemandMax":null,"Value":741},{"Length":37,"Height":20,"Demand":3,"DemandMax":null,"Value":740},{"Length":30,"Height":24,"Demand":8,"DemandMax":null,"Value":720},{"Length":45,"Height":16,"Demand":4,"DemandMax":null,"Value":720},{"Length":31,"Height":23,"Demand":9,"DemandMax":null,"Value":713},{"Length":59,"Height":12,"Demand":9,"DemandMax":null,"Value":708},{"Length":32,"Height":22,"Demand":6,"DemandMax":null,"Value":704},{"Length":39,"Height":18,"Demand":5,"DemandMax":null,"Value":702},{"Length":41,"Height":17,"Demand":5,"DemandMax":null,"Value":697},{"Length":29,"Height":24,"Demand":5,"DemandMax":null,"Value":696},{"Length":33,"Height":21,"Demand":4,"DemandMax":null,"Value":693},{"Length":30,"Height":23,"Demand":3,"DemandMax":null,"Value":690},{"Length":43,"Height":16,"Demand":5,"DemandMax":null,"Value":688},{"Length":57,"Height":12,"Demand":7,"DemandMax":null,"Value":684},{"Length":31,"Height":22,"Demand":7,"DemandMax":null,"Value":682},{"Length":34,"Height":20,"Demand":6,"DemandMax":null,"Value":680},{"Length":27,"Height":25,"Demand":6,"DemandMax":null,"Value":675},{"Length":32,"Height":21,"Demand":3,"DemandMax":null,"Value":672},{"Length":42,"Height":16,"Demand":4,"DemandMax":null,"Value":672},{"Length":60,"Height":11,"Demand":3,"DemandMax":null,"Value":660},{"Length":50,"Height":13,"Demand":9,"DemandMax":null,"Value":650},{"Length":27,"Height":24,"Demand":6,"DemandMax":null,"Value":648},{"Length":54,"Height":12,"Demand":3,"DemandMax":null,"Value":648},{"Length":38,"Height":17,"Demand":4,"DemandMax":null,"Value":646},{"Length":46,"Height":14,"Demand":4,"DemandMax":null,"Value":644},{"Length":35,"Height":18,"Demand":3,"DemandMax":null,"Value":630},{"Length":42,"Height":15,"Demand":6,"DemandMax":null,"Value":630},{"Length":45,"Height":14,"Demand":5,"DemandMax":null,"Value":630},{"Length":37,"Height":17,"Demand":8,"DemandMax":null,"Value":629},{"Length":33,"Height":19,"Demand":3,"DemandMax":null,"Value":627},{"Length":52,"Height":12,"Demand":5,"DemandMax":null,"Value":624},{"Length":27,"Height":23,"Demand":5,"DemandMax":null,"Value":621},{"Length":28,"Height":22,"Demand":6,"DemandMax":null,"Value":616},{"Length":36,"Height":17,"Demand":6,"DemandMax":null,"Value":612},{"Length":47,"Height":13,"Demand":4,"DemandMax":null,"Value":611},{"Length":55,"Height":11,"Demand":5,"DemandMax":null,"Value":605},{"Length":30,"Height":20,"Demand":5,"DemandMax":null,"Value":600},{"Length":46,"Height":13,"Demand":5,"DemandMax":null,"Value":598},{"Length":33,"Height":18,"Demand":7,"DemandMax":null,"Value":594},{"Length":27,"Height":22,"Demand":5,"DemandMax":null,"Value":594},{"Length":31,"Height":19,"Demand":4,"DemandMax":null,"Value":589},{"Length":53,"Height":11,"Demand":6,"DemandMax":null,"Value":583},{"Length":36,"Height":16,"Demand":10,"DemandMax":null,"Value":576},{"Length":25,"Height":23,"Demand":5,"DemandMax":null,"Value":575},{"Length":41,"Height":14,"Demand":6,"DemandMax":null,"Value":574},{"Length":52,"Height":11,"Demand":3,"DemandMax":null,"Value":572},{"Length":38,"Height":15,"Demand":4,"DemandMax":null,"Value":570},{"Length":30,"Height":19,"Demand":3,"DemandMax":null,"Value":570},{"Length":33,"Height":17,"Demand":5,"DemandMax":null,"Value":561},{"Length":54,"Height":10,"Demand":7,"DemandMax":null,"Value":540},{"Length":28,"Height":19,"Demand":3,"DemandMax":null,"Value":532},{"Length":23,"Height":23,"Demand":7,"DemandMax":null,"Value":529},{"Length":48,"Height":11,"Demand":3,"DemandMax":null,"Value":528},{"Length":35,"Height":15,"Demand":5,"DemandMax":null,"Value":525},{"Length":29,"Height":18,"Demand":4,"DemandMax":null,"Value":522},{"Length":34,"Height":15,"Demand":10,"DemandMax":null,"Value":510},{"Length":30,"Height":17,"Demand":5,"DemandMax":null,"Value":510},{"Length":28,"Height":18,"Demand":5,"DemandMax":null,"Value":504},{"Length":31,"Height":16,"Demand":6,"DemandMax":null,"Value":496},{"Length":44,"Height":11,"Demand":5,"DemandMax":null,"Value":484},{"Length":30,"Height":16,"Demand":6,"DemandMax":null,"Value":480},{"Length":32,"Height":15,"Demand":4,"DemandMax":null,"Value":480},{"Length":28,"Height":17,"Demand":4,"DemandMax":null,"Value":476},{"Length":25,"Height":19,"Demand":4,"DemandMax":null,"Value":475},{"Length":36,"Height":13,"Demand":4,"DemandMax":null,"Value":468},{"Length":26,"Height":18,"Demand":3,"DemandMax":null,"Value":468},{"Length":39,"Height":12,"Demand":4,"DemandMax":null,"Value":468},{"Length":22,"Height":21,"Demand":3,"DemandMax":null,"Value":462},{"Length":23,"Height":20,"Demand":4,"DemandMax":null,"Value":460},{"Length":30,"Height":15,"Demand":2,"DemandMax":null,"Value":450},{"Length":28,"Height":16,"Demand":6,"DemandMax":null,"Value":448},{"Length":26,"Height":17,"Demand":5,"DemandMax":null,"Value":442},{"Length":34,"Height":13,"Demand":4,"DemandMax":null,"Value":442},{"Length":21,"Height":21,"Demand":7,"DemandMax":null,"Value":441},{"Length":40,"Height":11,"Demand":4,"DemandMax":null,"Value":440},{"Length":23,"Height":18,"Demand":6,"DemandMax":null,"Value":414},{"Length":24,"Height":17,"Demand":1,"DemandMax":null,"Value":408},{"Length":31,"Height":13,"Demand":4,"DemandMax":null,"Value":403},{"Length":30,"Height":13,"Demand":6,"DemandMax":null,"Value":390},{"Length":29,"Height":13,"Demand":2,"DemandMax":null,"Value":377},{"Length":25,"Height":15,"Demand":5,"DemandMax":null,"Value":375},{"Length":23,"Height":16,"Demand":8,"DemandMax":null,"Value":368},{"Length":19,"Height":19,"Demand":2,"DemandMax":null,"Value":361},{"Length":20,"Height":18,"Demand":6,"DemandMax":null,"Value":360},{"Length":30,"Height":12,"Demand":2,"DemandMax":null,"Value":360},{"Length":24,"Height":15,"Demand":2,"DemandMax":null,"Value":360},{"Length":27,"Height":13,"Demand":7,"DemandMax":null,"Value":351},{"Length":19,"Height":18,"Demand":3,"DemandMax":null,"Value":342},{"Length":31,"Height":11,"Demand":1,"DemandMax":null,"Value":341},{"Length":34,"Height":10,"Demand":4,"DemandMax":null,"Value":340},{"Length":20,"Height":17,"Demand":8,"DemandMax":null,"Value":340},{"Length":26,"Height":13,"Demand":2,"DemandMax":null,"Value":338},{"Length":22,"Height":15,"Demand":10,"DemandMax":null,"Value":330},{"Length":19,"Height":17,"Demand":3,"DemandMax":null,"Value":323},{"Length":20,"Height":16,"Demand":6,"DemandMax":null,"Value":320},{"Length":21,"Height":15,"Demand":5,"DemandMax":null,"Value":315},{"Length":26,"Height":12,"Demand":3,"DemandMax":null,"Value":312},{"Length":22,"Height":14,"Demand":3,"DemandMax":null,"Value":308},{"Length":25,"Height":12,"Demand":6,"DemandMax":null,"Value":300},{"Length":18,"Height":16,"Demand":2,"DemandMax":null,"Value":288},{"Length":22,"Height":13,"Demand":2,"DemandMax":null,"Value":286},{"Length":28,"Height":10,"Demand":6,"DemandMax":null,"Value":280},{"Length":20,"Height":14,"Demand":3,"DemandMax":null,"Value":280},{"Length":21,"Height":13,"Demand":3,"DemandMax":null,"Value":273},{"Length":20,"Height":13,"Demand":5,"DemandMax":null,"Value":260},{"Length":22,"Height":11,"Demand":3,"DemandMax":null,"Value":242},{"Length":18,"Height":13,"Demand":2,"DemandMax":null,"Value":234},{"Length":17,"Height":13,"Demand":3,"DemandMax":null,"Value":221},{"Length":17,"Height":11,"Demand":7,"DemandMax":null,"Value":187}]}