{"Name":"MB09_123","Objects":[{"Length":432,"Height":79,"Stock":null,"Cost":34128}],"Items":[{"Length":59,"Height":48,"Demand":18,"DemandMax":null,"Value":2832},{"Length":52,"Height":47,"Demand":10,"DemandMax":null,"Value":2444},{"Length":55,"Height":38,"Demand":15,"DemandMax":null,"Value":2090},{"Length":60,"Height":34,"Demand":20,"DemandMax":null,"Value":2040},{"Length":47,"Height":42,"Demand":24,"DemandMax":null,"Value":1974},{"Length":48,"Height":40,"Demand":26,"DemandMax":null,"Value":1920},{"Length":56,"Height":33,"Demand":11,"DemandMax":null,"Value":1848},{"Length":47,"Height":37,"Demand":15,"DemandMax":null,"Value":1739},{"Length":46,"Height":37,"Demand":11,"DemandMax":null,"Value":1702},{"Length":48,"Height":33,"Demand":17,"DemandMax":null,"Value":1584},{"Length":51,"Height":31,"Demand":18,"DemandMax":null,"Value":1581},{"Length":54,"Height":29,"Demand":26,"DemandMax":null,"Value":1566},{"Length":43,"Height":35,"Demand":7,"DemandMax":null,"Value":1505},{"Length":53,"Height":28,"Demand":20,"DemandMax":null,"Value":1484},{"Length":43,"Height":33,"Demand":17,"DemandMax":null,"Value":1419},{"Length":50,"Height":28,"Demand":14,"DemandMax":null,"Value":1400},{"Length":42,"Height":33,"Demand":18,"DemandMax":null,"Value":1386},{"Length":37,"Height":36,"Demand":16,"DemandMax":null,"Value":1332},{"Length":38,"Height":35,"Demand":22,"DemandMax":null,"Value":1330},{"Length":56,"Height":23,"Demand":13,"DemandMax":null,"Value":1288},{"Length":37,"Height":34,"Demand":21,"DemandMax":null,"Value":1258},{"Length":37,"Height":32,"Demand":16,"DemandMax":null,"Value":1184},{"Length":59,"Height":20,"Demand":20,"DemandMax":null,"Value":1180},{"Length":48,"Height":24,"Demand":20,"DemandMax":null,"Value":1152},{"Length":45,"Height":25,"Demand":17,"DemandMax":null,"Value":1125},{"Length":36,"Height":31,"Demand":16,"DemandMax":null,"Value":1116},{"Length":58,"Height":19,"Demand":17,"DemandMax":null,"Value":1102},{"Length":34,"Height":32,"Demand":10,"DemandMax":null,"Value":1088},{"Length":45,"Height":24,"Demand":18,"DemandMax":null,"Value":1080},{"Length":40,"Height":27,"Demand":15,"DemandMax":null,"Value":1080},{"Length":43,"Height":25,"Demand":13,"DemandMax":null,"Value":1075},{"Length":37,"Height":28,"Demand":13,"DemandMax":null,"Value":1036},{"Length":33,"Height":31,"Demand":21,"DemandMax":null,"Value":1023},{"Length":59,"Height":16,"Demand":14,"DemandMax":null,"Value":944},{"Length":41,"Height":23,"Demand":30,"DemandMax":null,"Value":943},{"Length":50,"Height":18,"Demand":24,"DemandMax":null,"Value":900},{"Length":37,"Height":24,"Demand":13,"DemandMax":null,"Value":888},{"Length":49,"Height":18,"Demand":20,"DemandMax":null,"Value":882},{"Length":31,"Height":28,"Demand":10,"DemandMax":null,"Value":868},{"Length":43,"Height":20,"Demand":18,"DemandMax":null,"Value":860},{"Length":35,"Height":24,"Demand":21,"DemandMax":null,"Value":840},{"Length":46,"Height":18,"Demand":18,"DemandMax":null,"Value":828},{"Length":31,"Height":26,"Demand":12,"DemandMax":null,"Value":806},{"Length":35,"Height":23,"Demand":25,"DemandMax":null,"Value":805},{"Length":34,"Height":23,"Demand":26,"DemandMax":null,"Value":782},{"Length":42,"Height":18,"Demand":19,"DemandMax":null,"Value":756},{"Length":39,"Height":19,"Demand":15,"DemandMax":null,"Value":741},{"Length":29,"Height":25,"Demand":24,"DemandMax":null,"Value":725},{"Length":47,"Height":15,"Demand":16,"DemandMax":null,"Value":705},{"Length":37,"Height":19,"Demand":27,"DemandMax":null,"Value":703},{"Length":35,"Height":20,"Demand":21,"DemandMax":null,"Value":700},{"Length":33,"Height":21,"Demand":15,"DemandMax":null,"Value":693},{"Length":49,"Height":14,"Demand":21,"DemandMax":null,"Value":686},{"Length":50,"Height":13,"Demand":10,"DemandMax":null,"Value":650},{"Length":27,"Height":24,"Demand":23,"DemandMax":null,"Value":648},{"Length":35,"Height":17,"Demand":19,"DemandMax":null,"Value":595},{"Length":33,"Height":18,"Demand":21,"DemandMax":null,"Value":594},{"Length":41,"Height":14,"Demand":14,"DemandMax":null,"Value":574},{"Length":33,"Height":17,"Demand":21,"DemandMax":null,"Value":561},{"Length":37,"Height":15,"Demand":22,"DemandMax":null,"Value":555},{"Length":25,"Height":22,"Demand":21,"DemandMax":null,"Value":550},{"Length":34,"Height":16,"Demand":19,"DemandMax":null,"Value":544},{"Length":49,"Height":11,"Demand":24,"DemandMax":null,"Value":539},{"Length":40,"Height":13,"Demand":17,"DemandMax":null,"Value":520},{"Length":30,"Height":17,"Demand":14,"DemandMax":null,"Value":510},{"Length":23,"Height":22,"Demand":15,"DemandMax":null,"Value":506},{"Length":28,"Height":18,"Demand":24,"DemandMax":null,"Value":504},{"Length":35,"Height":14,"Demand":13,"DemandMax":null,"Value":490},{"Length":34,"Height":14,"Demand":8,"DemandMax":null,"Value":476},{"Length":30,"Height":15,"Demand":17,"DemandMax":null,"Value":450},{"Length":25,"Height":17,"Demand":12,"DemandMax":null,"Value":425},{"Length":25,"Height":16,"Demand":12,"DemandMax":null,"Value":400},{"Length":24,"Height":15,"Demand":16,"DemandMax":null,"Value":360},{"Length":27,"Height":12,"Demand":13,"DemandMax":null,"Value":324},{"Length":20,"Height":16,"Demand":12,"DemandMax":null,"Value":320},{"Length":19,"Height":15,"Demand":17,"DemandMax":null,"Value":285},{"Length":21,"Height":13,"Demand":18,"DemandMax":null,"Value":273},{"Length":21,"Height":10,"Demand":21,"DemandMax":null,"Value":210}]}