{"Name":"MB08_081","Objects":[{"Length":587,"Height":233,"Stock":null,"Cost":136771}],"Items":[{"Length":60,"Height":49,"Demand":5,"DemandMax":null,"Value":2940},{"Length":59,"Height":44,"Demand":8,"DemandMax":null,"Value":2596},{"Length":55,"Height":47,"Demand":4,"DemandMax":null,"Value":2585},{"Length":50,"Height":50,"Demand":6,"DemandMax":null,"Value":2500},{"Length":59,"Height":42,"Demand":3,"DemandMax":null,"Value":2478},{"Length":49,"Height":49,"Demand":3,"DemandMax":null,"Value":2401},{"Length":59,"Height":39,"Demand":4,"DemandMax":null,"Value":2301},{"Length":52,"Height":44,"Demand":5,"DemandMax":null,"Value":2288},{"Length":48,"Height":47,"Demand":2,"DemandMax":null,"Value":2256},{"Length":56,"Height":39,"Demand":8,"DemandMax":null,"Value":2184},{"Length":59,"Height":37,"Demand":5,"DemandMax":null,"Value":2183},{"Length":54,"Height":40,"Demand":4,"DemandMax":null,"Value":2160},{"Length":50,"Height":43,"Demand":5,"DemandMax":null,"Value":2150},{"Length":46,"Height":46,"Demand":4,"DemandMax":null,"Value":2116},{"Length":55,"Height":38,"Demand":3,"DemandMax":null,"Value":2090},{"Length":54,"Height":38,"Demand":4,"DemandMax":null,"Value":2052},{"Length":51,"Height":39,"Demand":3,"DemandMax":null,"Value":1989},{"Length":46,"Height":43,"Demand":3,"DemandMax":null,"Value":1978},{"Length":59,"Height":33,"Demand":1,"DemandMax":null,"Value":1947},{"Length":54,"Height":36,"Demand":4,"DemandMax":null,"Value":1944},{"Length":57,"Height":34,"Demand":7,"DemandMax":null,"Value":1938},{"Length":47,"Height":41,"Demand":5,"DemandMax":null,"Value":1927},{"Length":52,"Height":37,"Demand":3,"DemandMax":null,"Value":1924},{"Length":48,"Height":40,"Demand":5,"DemandMax":null,"Value":1920},{"Length":49,"Height":39,"Demand":2,"DemandMax":null,"Value":1911},{"Length":53,"Height":36,"Demand":5,"DemandMax":null,"Value":1908},{"Length":47,"Height":40,"Demand":1,"DemandMax":null,"Value":1880},{"Length":53,"Height":35,"Demand":6,"DemandMax":null,"Value":1855},{"Length":46,"Height":40,"Demand":6,"DemandMax":null,"Value":1840},{"Length":43,"Height":42,"Demand":5,"DemandMax":null,"Value":1806},{"Length":51,"Height":35,"Demand":6,"DemandMax":null,"Value":1785},{"Length":42,"Height":42,"Demand":3,"DemandMax":null,"Value":1764},{"Length":43,"Height":41,"Demand":5,"DemandMax":null,"Value":1763},{"Length":58,"Height":30,"Demand":3,"DemandMax":null,"Value":1740},{"Length":51,"Height":34,"Demand":3,"DemandMax":null,"Value":1734},{"Length":59,"Height":29,"Demand":3,"DemandMax":null,"Value":1711},{"Length":45,"Height":38,"Demand":3,"DemandMax":null,"Value":1710},{"Length":47,"Height":36,"Demand":8,"DemandMax":null,"Value":1692},{"Length":57,"Height":29,"Demand":4,"DemandMax":null,"Value":1653},{"Length":47,"Height":35,"Demand":1,"DemandMax":null,"Value":1645},{"Length":41,"Height":40,"Demand":3,"DemandMax":null,"Value":1640},{"Length":42,"Height":39,"Demand":2,"DemandMax":null,"Value":1638},{"Length":43,"Height":38,"Demand":3,"DemandMax":null,"Value":1634},{"Length":48,"Height":34,"Demand":3,"DemandMax":null,"Value":1632},{"Length":44,"Height":37,"Demand":4,"DemandMax":null,"Value":1628},{"Length":47,"Height":34,"Demand":3,"DemandMax":null,"Value":1598},{"Length":53,"Height":30,"Demand":2,"DemandMax":null,"Value":1590},{"Length":45,"Height":35,"Demand":3,"DemandMax":null,"Value":1575},{"Length":50,"Height":31,"Demand":3,"DemandMax":null,"Value":1550},{"Length":45,"Height":34,"Demand":3,"DemandMax":null,"Value":1530},{"Length":40,"Height":38,"Demand":5,"DemandMax":null,"Value":1520},{"Length":42,"Height":36,"Demand":2,"DemandMax":null,"Value":1512},{"Length":58,"Height":26,"Demand":4,"DemandMax":null,"Value":1508},{"Length":39,"Height":38,"Demand":5,"DemandMax":null,"Value":1482},{"Length":51,"Height":29,"Demand":5,"DemandMax":null,"Value":1479},{"Length":41,"Height":36,"Demand":4,"DemandMax":null,"Value":1476},{"Length":42,"Height":35,"Demand":8,"DemandMax":null,"Value":1470},{"Length":50,"Height":29,"Demand":9,"DemandMax":null,"Value":1450},{"Length":40,"Height":36,"Demand":5,"DemandMax":null,"Value":1440},{"Length":41,"Height":35,"Demand":6,"DemandMax":null,"Value":1435},{"Length":46,"Height":31,"Demand":1,"DemandMax":null,"Value":1426},{"Length":49,"Height":29,"Demand":4,"DemandMax":null,"Value":1421},{"Length":39,"Height":36,"Demand":4,"DemandMax":null,"Value":1404},{"Length":48,"Height":29,"Demand":4,"DemandMax":null,"Value":1392},{"Length":42,"Height":33,"Demand":4,"DemandMax":null,"Value":1386},{"Length":49,"Height":28,"Demand":5,"DemandMax":null,"Value":1372},{"Length":44,"Height":31,"Demand":4,"DemandMax":null,"Value":1364},{"Length":48,"Height":28,"Demand":3,"DemandMax":null,"Value":1344},{"Length":37,"Height":36,"Demand":4,"DemandMax":null,"Value":1332},{"Length":39,"Height":34,"Demand":6,"DemandMax":null,"Value":1326},{"Length":40,"Height":33,"Demand":6,"DemandMax":null,"Value":1320},{"Length":37,"Height":35,"Demand":1,"DemandMax":null,"Value":1295},{"Length":56,"Height":23,"Demand":7,"DemandMax":null,"Value":1288},{"Length":40,"Height":32,"Demand":3,"DemandMax":null,"Value":1280},{"Length":44,"Height":29,"Demand":4,"DemandMax":null,"Value":1276},{"Length":58,"Height":22,"Demand":5,"DemandMax":null,"Value":1276},{"Length":53,"Height":24,"Demand":4,"DemandMax":null,"Value":1272},{"Length":42,"Height":30,"Demand":2,"DemandMax":null,"Value":1260},{"Length":40,"Height":31,"Demand":5,"DemandMax":null,"Value":1240},{"Length":56,"Height":22,"Demand":3,"DemandMax":null,"Value":1232},{"Length":36,"Height":34,"Demand":2,"DemandMax":null,"Value":1224},{"Length":42,"Height":29,"Demand":5,"DemandMax":null,"Value":1218},{"Length":38,"Height":32,"Demand":3,"DemandMax":null,"Value":1216},{"Length":45,"Height":27,"Demand":3,"DemandMax":null,"Value":1215},{"Length":39,"Height":31,"Demand":6,"DemandMax":null,"Value":1209},{"Length":35,"Height":34,"Demand":3,"DemandMax":null,"Value":1190},{"Length":41,"Height":29,"Demand":2,"DemandMax":null,"Value":1189},{"Length":54,"Height":22,"Demand":5,"DemandMax":null,"Value":1188},{"Length":36,"Height":33,"Demand":4,"DemandMax":null,"Value":1188},{"Length":37,"Height":32,"Demand":3,"DemandMax":null,"Value":1184},{"Length":47,"Height":25,"Demand":9,"DemandMax":null,"Value":1175},{"Length":39,"Height":30,"Demand":9,"DemandMax":null,"Value":1170},{"Length":48,"Height":24,"Demand":3,"DemandMax":null,"Value":1152},{"Length":50,"Height":23,"Demand":7,"DemandMax":null,"Value":1150},{"Length":41,"Height":28,"Demand":2,"DemandMax":null,"Value":1148},{"Length":37,"Height":31,"Demand":3,"DemandMax":null,"Value":1147},{"Length":57,"Height":20,"Demand":3,"DemandMax":null,"Value":1140},{"Length":38,"Height":30,"Demand":5,"DemandMax":null,"Value":1140},{"Length":39,"Height":29,"Demand":4,"DemandMax":null,"Value":1131},{"Length":49,"Height":23,"Demand":7,"DemandMax":null,"Value":1127},{"Length":51,"Height":22,"Demand":5,"DemandMax":null,"Value":1122},{"Length":34,"Height":33,"Demand":2,"DemandMax":null,"Value":1122},{"Length":40,"Height":28,"Demand":6,"DemandMax":null,"Value":1120},{"Length":40,"Height":27,"Demand":4,"DemandMax":null,"Value":1080},{"Length":54,"Height":20,"Demand":4,"DemandMax":null,"Value":1080},{"Length":45,"Height":24,"Demand":10,"DemandMax":null,"Value":1080},{"Length":49,"Height":22,"Demand":1,"DemandMax":null,"Value":1078},{"Length":37,"Height":29,"Demand":5,"DemandMax":null,"Value":1073},{"Length":56,"Height":19,"Demand":7,"DemandMax":null,"Value":1064},{"Length":59,"Height":18,"Demand":1,"DemandMax":null,"Value":1062},{"Length":53,"Height":20,"Demand":2,"DemandMax":null,"Value":1060},{"Length":35,"Height":30,"Demand":7,"DemandMax":null,"Value":1050},{"Length":55,"Height":19,"Demand":2,"DemandMax":null,"Value":1045},{"Length":36,"Height":29,"Demand":3,"DemandMax":null,"Value":1044},{"Length":37,"Height":28,"Demand":2,"DemandMax":null,"Value":1036},{"Length":47,"Height":22,"Demand":2,"DemandMax":null,"Value":1034},{"Length":38,"Height":27,"Demand":1,"DemandMax":null,"Value":1026},{"Length":33,"Height":31,"Demand":6,"DemandMax":null,"Value":1023},{"Length":34,"Height":30,"Demand":2,"DemandMax":null,"Value":1020},{"Length":60,"Height":17,"Demand":3,"DemandMax":null,"Value":1020},{"Length":39,"Height":26,"Demand":4,"DemandMax":null,"Value":1014},{"Length":44,"Height":23,"Demand":5,"DemandMax":null,"Value":1012},{"Length":46,"Height":22,"Demand":5,"DemandMax":null,"Value":1012},{"Length":42,"Height":24,"Demand":4,"DemandMax":null,"Value":1008},{"Length":36,"Height":28,"Demand":2,"DemandMax":null,"Value":1008},{"Length":45,"Height":22,"Demand":2,"DemandMax":null,"Value":990},{"Length":47,"Height":21,"Demand":3,"DemandMax":null,"Value":987},{"Length":36,"Height":27,"Demand":6,"DemandMax":null,"Value":972},{"Length":51,"Height":19,"Demand":1,"DemandMax":null,"Value":969},{"Length":46,"Height":21,"Demand":5,"DemandMax":null,"Value":966},{"Length":60,"Height":16,"Demand":4,"DemandMax":null,"Value":960},{"Length":32,"Height":30,"Demand":3,"DemandMax":null,"Value":960},{"Length":38,"Height":25,"Demand":4,"DemandMax":null,"Value":950},{"Length":45,"Height":21,"Demand":4,"DemandMax":null,"Value":945},{"Length":35,"Height":27,"Demand":5,"DemandMax":null,"Value":945},{"Length":39,"Height":24,"Demand":4,"DemandMax":null,"Value":936},{"Length":49,"Height":19,"Demand":4,"DemandMax":null,"Value":931},{"Length":31,"Height":30,"Demand":6,"DemandMax":null,"Value":930},{"Length":44,"Height":21,"Demand":5,"DemandMax":null,"Value":924},{"Length":54,"Height":17,"Demand":1,"DemandMax":null,"Value":918},{"Length":43,"Height":21,"Demand":7,"DemandMax":null,"Value":903},{"Length":50,"Height":18,"Demand":1,"DemandMax":null,"Value":900},{"Length":30,"Height":30,"Demand":8,"DemandMax":null,"Value":900},{"Length":36,"Height":25,"Demand":5,"DemandMax":null,"Value":900},{"Length":31,"Height":29,"Demand":4,"DemandMax":null,"Value":899},{"Length":56,"Height":16,"Demand":3,"DemandMax":null,"Value":896},{"Length":33,"Height":27,"Demand":4,"DemandMax":null,"Value":891},{"Length":40,"Height":22,"Demand":2,"DemandMax":null,"Value":880},{"Length":38,"Height":23,"Demand":6,"DemandMax":null,"Value":874},{"Length":31,"Height":28,"Demand":4,"DemandMax":null,"Value":868},{"Length":32,"Height":27,"Demand":1,"DemandMax":null,"Value":864},{"Length":33,"Height":26,"Demand":4,"DemandMax":null,"Value":858},{"Length":39,"Height":22,"Demand":5,"DemandMax":null,"Value":858},{"Length":50,"Height":17,"Demand":5,"DemandMax":null,"Value":850},{"Length":34,"Height":25,"Demand":3,"DemandMax":null,"Value":850},{"Length":53,"Height":16,"Demand":4,"DemandMax":null,"Value":848},{"Length":35,"Height":24,"Demand":11,"DemandMax":null,"Value":840},{"Length":40,"Height":21,"Demand":3,"DemandMax":null,"Value":840},{"Length":38,"Height":22,"Demand":5,"DemandMax":null,"Value":836},{"Length":44,"Height":19,"Demand":5,"DemandMax":null,"Value":836},{"Length":32,"Height":26,"Demand":4,"DemandMax":null,"Value":832},{"Length":46,"Height":18,"Demand":8,"DemandMax":null,"Value":828},{"Length":36,"Height":23,"Demand":3,"DemandMax":null,"Value":828},{"Length":37,"Height":22,"Demand":2,"DemandMax":null,"Value":814},{"Length":30,"Height":27,"Demand":3,"DemandMax":null,"Value":810},{"Length":38,"Height":21,"Demand":3,"DemandMax":null,"Value":798},{"Length":42,"Height":19,"Demand":4,"DemandMax":null,"Value":798},{"Length":33,"Height":24,"Demand":2,"DemandMax":null,"Value":792},{"Length":49,"Height":16,"Demand":3,"DemandMax":null,"Value":784},{"Length":29,"Height":27,"Demand":4,"DemandMax":null,"Value":783},{"Length":34,"Height":23,"Demand":5,"DemandMax":null,"Value":782},{"Length":30,"Height":26,"Demand":4,"DemandMax":null,"Value":780},{"Length":39,"Height":20,"Demand":9,"DemandMax":null,"Value":780},{"Length":41,"Height":19,"Demand":1,"DemandMax":null,"Value":779},{"Length":35,"Height":22,"Demand":4,"DemandMax":null,"Value":770},{"Length":48,"Height":16,"Demand":2,"DemandMax":null,"Value":768},{"Length":51,"Height":15,"Demand":6,"DemandMax":null,"Value":765},{"Length":40,"Height":19,"Demand":4,"DemandMax":null,"Value":760},{"Length":38,"Height":20,"Demand":4,"DemandMax":null,"Value":760},{"Length":54,"Height":14,"Demand":4,"DemandMax":null,"Value":756},{"Length":42,"Height":18,"Demand":4,"DemandMax":null,"Value":756},{"Length":36,"Height":21,"Demand":8,"DemandMax":null,"Value":756},{"Length":28,"Height":27,"Demand":3,"DemandMax":null,"Value":756},{"Length":29,"Height":26,"Demand":6,"DemandMax":null,"Value":754},{"Length":50,"Height":15,"Demand":2,"DemandMax":null,"Value":750},{"Length":31,"Height":24,"Demand":4,"DemandMax":null,"Value":744},{"Length":37,"Height":20,"Demand":4,"DemandMax":null,"Value":740},{"Length":41,"Height":18,"Demand":5,"DemandMax":null,"Value":738},{"Length":32,"Height":23,"Demand":2,"DemandMax":null,"Value":736},{"Length":46,"Height":16,"Demand":3,"DemandMax":null,"Value":736},{"Length":49,"Height":15,"Demand":6,"DemandMax":null,"Value":735},{"Length":33,"Height":22,"Demand":2,"DemandMax":null,"Value":726},{"Length":48,"Height":15,"Demand":3,"DemandMax":null,"Value":720},{"Length":55,"Height":13,"Demand":2,"DemandMax":null,"Value":715},{"Length":51,"Height":14,"Demand":3,"DemandMax":null,"Value":714},{"Length":31,"Height":23,"Demand":2,"DemandMax":null,"Value":713},{"Length":47,"Height":15,"Demand":3,"DemandMax":null,"Value":705},{"Length":37,"Height":19,"Demand":5,"DemandMax":null,"Value":703},{"Length":39,"Height":18,"Demand":4,"DemandMax":null,"Value":702},{"Length":41,"Height":17,"Demand":3,"DemandMax":null,"Value":697},{"Length":30,"Height":23,"Demand":6,"DemandMax":null,"Value":690},{"Length":38,"Height":18,"Demand":3,"DemandMax":null,"Value":684},{"Length":36,"Height":19,"Demand":3,"DemandMax":null,"Value":684},{"Length":40,"Height":17,"Demand":2,"DemandMax":null,"Value":680},{"Length":52,"Height":13,"Demand":1,"DemandMax":null,"Value":676},{"Length":37,"Height":18,"Demand":3,"DemandMax":null,"Value":666},{"Length":35,"Height":19,"Demand":3,"DemandMax":null,"Value":665},{"Length":39,"Height":17,"Demand":4,"DemandMax":null,"Value":663},{"Length":44,"Height":15,"Demand":10,"DemandMax":null,"Value":660},{"Length":47,"Height":14,"Demand":2,"DemandMax":null,"Value":658},{"Length":27,"Height":24,"Demand":4,"DemandMax":null,"Value":648},{"Length":36,"Height":18,"Demand":4,"DemandMax":null,"Value":648},{"Length":43,"Height":15,"Demand":2,"DemandMax":null,"Value":645},{"Length":28,"Height":23,"Demand":1,"DemandMax":null,"Value":644},{"Length":40,"Height":16,"Demand":3,"DemandMax":null,"Value":640},{"Length":49,"Height":13,"Demand":1,"DemandMax":null,"Value":637},{"Length":30,"Height":21,"Demand":2,"DemandMax":null,"Value":630},{"Length":37,"Height":17,"Demand":3,"DemandMax":null,"Value":629},{"Length":33,"Height":19,"Demand":5,"DemandMax":null,"Value":627},{"Length":25,"Height":25,"Demand":6,"DemandMax":null,"Value":625},{"Length":48,"Height":13,"Demand":4,"DemandMax":null,"Value":624},{"Length":36,"Height":17,"Demand":4,"DemandMax":null,"Value":612},{"Length":29,"Height":21,"Demand":3,"DemandMax":null,"Value":609},{"Length":43,"Height":14,"Demand":2,"DemandMax":null,"Value":602},{"Length":30,"Height":20,"Demand":1,"DemandMax":null,"Value":600},{"Length":50,"Height":12,"Demand":5,"DemandMax":null,"Value":600},{"Length":26,"Height":23,"Demand":5,"DemandMax":null,"Value":598},{"Length":35,"Height":17,"Demand":5,"DemandMax":null,"Value":595},{"Length":27,"Height":22,"Demand":3,"DemandMax":null,"Value":594},{"Length":59,"Height":10,"Demand":2,"DemandMax":null,"Value":590},{"Length":34,"Height":17,"Demand":1,"DemandMax":null,"Value":578},{"Length":32,"Height":18,"Demand":7,"DemandMax":null,"Value":576},{"Length":26,"Height":22,"Demand":2,"DemandMax":null,"Value":572},{"Length":30,"Height":19,"Demand":3,"DemandMax":null,"Value":570},{"Length":38,"Height":15,"Demand":6,"DemandMax":null,"Value":570},{"Length":27,"Height":21,"Demand":3,"DemandMax":null,"Value":567},{"Length":33,"Height":17,"Demand":4,"DemandMax":null,"Value":561},{"Length":35,"Height":16,"Demand":2,"DemandMax":null,"Value":560},{"Length":28,"Height":20,"Demand":7,"DemandMax":null,"Value":560},{"Length":43,"Height":13,"Demand":6,"DemandMax":null,"Value":559},{"Length":31,"Height":18,"Demand":5,"DemandMax":null,"Value":558},{"Length":37,"Height":15,"Demand":2,"DemandMax":null,"Value":555},{"Length":24,"Height":23,"Demand":5,"DemandMax":null,"Value":552},{"Length":26,"Height":21,"Demand":6,"DemandMax":null,"Value":546},{"Length":32,"Height":17,"Demand":2,"DemandMax":null,"Value":544},{"Length":34,"Height":16,"Demand":3,"DemandMax":null,"Value":544},{"Length":45,"Height":12,"Demand":5,"DemandMax":null,"Value":540},{"Length":24,"Height":22,"Demand":6,"DemandMax":null,"Value":528},{"Length":25,"Height":21,"Demand":1,"DemandMax":null,"Value":525},{"Length":35,"Height":15,"Demand":5,"DemandMax":null,"Value":525},{"Length":29,"Height":18,"Demand":5,"DemandMax":null,"Value":522},{"Length":37,"Height":14,"Demand":7,"DemandMax":null,"Value":518},{"Length":32,"Height":16,"Demand":2,"DemandMax":null,"Value":512},{"Length":34,"Height":15,"Demand":3,"DemandMax":null,"Value":510},{"Length":30,"Height":17,"Demand":4,"DemandMax":null,"Value":510},{"Length":39,"Height":13,"Demand":4,"DemandMax":null,"Value":507},{"Length":23,"Height":22,"Demand":8,"DemandMax":null,"Value":506},{"Length":46,"Height":11,"Demand":5,"DemandMax":null,"Value":506},{"Length":28,"Height":18,"Demand":2,"DemandMax":null,"Value":504},{"Length":25,"Height":20,"Demand":4,"DemandMax":null,"Value":500},{"Length":31,"Height":16,"Demand":3,"DemandMax":null,"Value":496},{"Length":45,"Height":11,"Demand":8,"DemandMax":null,"Value":495},{"Length":26,"Height":19,"Demand":6,"DemandMax":null,"Value":494},{"Length":29,"Height":17,"Demand":3,"DemandMax":null,"Value":493},{"Length":27,"Height":18,"Demand":6,"DemandMax":null,"Value":486},{"Length":22,"Height":22,"Demand":3,"DemandMax":null,"Value":484},{"Length":28,"Height":17,"Demand":6,"DemandMax":null,"Value":476},{"Length":26,"Height":18,"Demand":5,"DemandMax":null,"Value":468},{"Length":29,"Height":16,"Demand":3,"DemandMax":null,"Value":464},{"Length":22,"Height":21,"Demand":6,"DemandMax":null,"Value":462},{"Length":24,"Height":19,"Demand":5,"DemandMax":null,"Value":456},{"Length":30,"Height":15,"Demand":2,"DemandMax":null,"Value":450},{"Length":28,"Height":16,"Demand":4,"DemandMax":null,"Value":448},{"Length":34,"Height":13,"Demand":2,"DemandMax":null,"Value":442},{"Length":22,"Height":20,"Demand":2,"DemandMax":null,"Value":440},{"Length":29,"Height":15,"Demand":7,"DemandMax":null,"Value":435},{"Length":25,"Height":17,"Demand":3,"DemandMax":null,"Value":425},{"Length":28,"Height":15,"Demand":3,"DemandMax":null,"Value":420},{"Length":26,"Height":16,"Demand":11,"DemandMax":null,"Value":416},{"Length":32,"Height":13,"Demand":1,"DemandMax":null,"Value":416},{"Length":27,"Height":15,"Demand":8,"DemandMax":null,"Value":405},{"Length":31,"Height":13,"Demand":5,"DemandMax":null,"Value":403},{"Length":25,"Height":16,"Demand":4,"DemandMax":null,"Value":400},{"Length":36,"Height":11,"Demand":2,"DemandMax":null,"Value":396},{"Length":26,"Height":15,"Demand":3,"DemandMax":null,"Value":390},{"Length":39,"Height":10,"Demand":4,"DemandMax":null,"Value":390},{"Length":22,"Height":17,"Demand":1,"DemandMax":null,"Value":374},{"Length":23,"Height":16,"Demand":7,"DemandMax":null,"Value":368},{"Length":26,"Height":14,"Demand":4,"DemandMax":null,"Value":364},{"Length":19,"Height":19,"Demand":6,"DemandMax":null,"Value":361},{"Length":20,"Height":18,"Demand":6,"DemandMax":null,"Value":360},{"Length":24,"Height":15,"Demand":9,"DemandMax":null,"Value":360},{"Length":30,"Height":12,"Demand":4,"DemandMax":null,"Value":360},{"Length":21,"Height":17,"Demand":3,"DemandMax":null,"Value":357},{"Length":21,"Height":16,"Demand":5,"DemandMax":null,"Value":336},{"Length":33,"Height":10,"Demand":4,"DemandMax":null,"Value":330},{"Length":19,"Height":17,"Demand":2,"DemandMax":null,"Value":323},{"Length":20,"Height":16,"Demand":4,"DemandMax":null,"Value":320},{"Length":24,"Height":13,"Demand":5,"DemandMax":null,"Value":312},{"Length":20,"Height":15,"Demand":3,"DemandMax":null,"Value":300},{"Length":26,"Height":11,"Demand":8,"DemandMax":null,"Value":286},{"Length":28,"Height":10,"Demand":5,"DemandMax":null,"Value":280},{"Length":23,"Height":12,"Demand":5,"DemandMax":null,"Value":276},{"Length":17,"Height":16,"Demand":3,"DemandMax":null,"Value":272},{"Length":18,"Height":15,"Demand":5,"DemandMax":null,"Value":270},{"Length":19,"Height":14,"Demand":4,"DemandMax":null,"Value":266},{"Length":20,"Height":13,"Demand":4,"DemandMax":null,"Value":260},{"Length":21,"Height":12,"Demand":2,"DemandMax":null,"Value":252},{"Length":22,"Height":11,"Demand":6,"DemandMax":null,"Value":242},{"Length":24,"Height":10,"Demand":5,"DemandMax":null,"Value":240},{"Length":17,"Height":14,"Demand":4,"DemandMax":null,"Value":238},{"Length":15,"Height":15,"Demand":6,"DemandMax":null,"Value":225},{"Length":20,"Height":11,"Demand":1,"DemandMax":null,"Value":220},{"Length":22,"Height":10,"Demand":3,"DemandMax":null,"Value":220},{"Length":18,"Height":12,"Demand":2,"DemandMax":null,"Value":216},{"Length":21,"Height":10,"Demand":9,"DemandMax":null,"Value":210},{"Length":15,"Height":14,"Demand":3,"DemandMax":null,"Value":210},{"Length":15,"Height":13,"Demand":2,"DemandMax":null,"Value":195},{"Length":16,"Height":12,"Demand":3,"DemandMax":null,"Value":192},{"Length":13,"Height":13,"Demand":2,"DemandMax":null,"Value":169},{"Length":14,"Height":12,"Demand":2,"DemandMax":null,"Value":168},{"Length":12,"Height":10,"Demand":4,"DemandMax":null,"Value":120}]}