{"Name":"MB09_051","Objects":[{"Length":432,"Height":79,"Stock":null,"Cost":34128}],"Items":[{"Length":60,"Height":49,"Demand":84,"DemandMax":null,"Value":2940},{"Length":47,"Height":33,"Demand":94,"DemandMax":null,"Value":1551},{"Length":55,"Height":24,"Demand":106,"DemandMax":null,"Value":1320},{"Length":46,"Height":27,"Demand":99,"DemandMax":null,"Value":1242},{"Length":55,"Height":21,"Demand":77,"DemandMax":null,"Value":1155},{"Length":49,"Height":23,"Demand":81,"DemandMax":null,"Value":1127},{"Length":47,"Height":22,"Demand":113,"DemandMax":null,"Value":1034},{"Length":33,"Height":31,"Demand":98,"DemandMax":null,"Value":1023},{"Length":54,"Height":15,"Demand":107,"DemandMax":null,"Value":810},{"Length":42,"Height":15,"Demand":90,"DemandMax":null,"Value":630},{"Length":40,"Height":14,"Demand":115,"DemandMax":null,"Value":560},{"Length":17,"Height":12,"Demand":91,"DemandMax":null,"Value":204},{"Length":16,"Height":12,"Demand":110,"DemandMax":null,"Value":192},{"Length":16,"Height":11,"Demand":102,"DemandMax":null,"Value":176},{"Length":13,"Height":13,"Demand":96,"DemandMax":null,"Value":169}]}