{"Name":"MB09_150","Objects":[{"Length":432,"Height":79,"Stock":null,"Cost":34128}],"Items":[{"Length":60,"Height":45,"Demand":14,"DemandMax":null,"Value":2700},{"Length":56,"Height":39,"Demand":13,"DemandMax":null,"Value":2184},{"Length":56,"Height":38,"Demand":12,"DemandMax":null,"Value":2128},{"Length":57,"Height":37,"Demand":20,"DemandMax":null,"Value":2109},{"Length":59,"Height":35,"Demand":19,"DemandMax":null,"Value":2065},{"Length":47,"Height":38,"Demand":12,"DemandMax":null,"Value":1786},{"Length":44,"Height":39,"Demand":19,"DemandMax":null,"Value":1716},{"Length":45,"Height":38,"Demand":15,"DemandMax":null,"Value":1710},{"Length":47,"Height":34,"Demand":20,"DemandMax":null,"Value":1598},{"Length":40,"Height":39,"Demand":12,"DemandMax":null,"Value":1560},{"Length":41,"Height":38,"Demand":15,"DemandMax":null,"Value":1558},{"Length":41,"Height":37,"Demand":23,"DemandMax":null,"Value":1517},{"Length":39,"Height":38,"Demand":13,"DemandMax":null,"Value":1482},{"Length":58,"Height":25,"Demand":19,"DemandMax":null,"Value":1450},{"Length":51,"Height":28,"Demand":20,"DemandMax":null,"Value":1428},{"Length":46,"Height":31,"Demand":20,"DemandMax":null,"Value":1426},{"Length":48,"Height":29,"Demand":10,"DemandMax":null,"Value":1392},{"Length":47,"Height":29,"Demand":19,"DemandMax":null,"Value":1363},{"Length":38,"Height":35,"Demand":10,"DemandMax":null,"Value":1330},{"Length":40,"Height":33,"Demand":13,"DemandMax":null,"Value":1320},{"Length":40,"Height":32,"Demand":10,"DemandMax":null,"Value":1280},{"Length":49,"Height":26,"Demand":21,"DemandMax":null,"Value":1274},{"Length":37,"Height":32,"Demand":13,"DemandMax":null,"Value":1184},{"Length":43,"Height":27,"Demand":13,"DemandMax":null,"Value":1161},{"Length":40,"Height":29,"Demand":11,"DemandMax":null,"Value":1160},{"Length":35,"Height":33,"Demand":18,"DemandMax":null,"Value":1155},{"Length":38,"Height":30,"Demand":16,"DemandMax":null,"Value":1140},{"Length":38,"Height":29,"Demand":15,"DemandMax":null,"Value":1102},{"Length":35,"Height":30,"Demand":22,"DemandMax":null,"Value":1050},{"Length":36,"Height":28,"Demand":22,"DemandMax":null,"Value":1008},{"Length":43,"Height":23,"Demand":10,"DemandMax":null,"Value":989},{"Length":38,"Height":26,"Demand":19,"DemandMax":null,"Value":988},{"Length":41,"Height":24,"Demand":21,"DemandMax":null,"Value":984},{"Length":35,"Height":27,"Demand":10,"DemandMax":null,"Value":945},{"Length":47,"Height":20,"Demand":14,"DemandMax":null,"Value":940},{"Length":39,"Height":24,"Demand":15,"DemandMax":null,"Value":936},{"Length":49,"Height":19,"Demand":18,"DemandMax":null,"Value":931},{"Length":30,"Height":30,"Demand":20,"DemandMax":null,"Value":900},{"Length":31,"Height":28,"Demand":21,"DemandMax":null,"Value":868},{"Length":47,"Height":18,"Demand":13,"DemandMax":null,"Value":846},{"Length":59,"Height":14,"Demand":16,"DemandMax":null,"Value":826},{"Length":43,"Height":19,"Demand":19,"DemandMax":null,"Value":817},{"Length":58,"Height":14,"Demand":16,"DemandMax":null,"Value":812},{"Length":35,"Height":23,"Demand":20,"DemandMax":null,"Value":805},{"Length":36,"Height":22,"Demand":24,"DemandMax":null,"Value":792},{"Length":44,"Height":18,"Demand":10,"DemandMax":null,"Value":792},{"Length":29,"Height":27,"Demand":14,"DemandMax":null,"Value":783},{"Length":34,"Height":23,"Demand":13,"DemandMax":null,"Value":782},{"Length":39,"Height":20,"Demand":22,"DemandMax":null,"Value":780},{"Length":60,"Height":13,"Demand":18,"DemandMax":null,"Value":780},{"Length":49,"Height":15,"Demand":16,"DemandMax":null,"Value":735},{"Length":28,"Height":26,"Demand":16,"DemandMax":null,"Value":728},{"Length":45,"Height":16,"Demand":22,"DemandMax":null,"Value":720},{"Length":32,"Height":22,"Demand":16,"DemandMax":null,"Value":704},{"Length":30,"Height":23,"Demand":9,"DemandMax":null,"Value":690},{"Length":27,"Height":25,"Demand":18,"DemandMax":null,"Value":675},{"Length":32,"Height":21,"Demand":19,"DemandMax":null,"Value":672},{"Length":26,"Height":25,"Demand":17,"DemandMax":null,"Value":650},{"Length":34,"Height":19,"Demand":12,"DemandMax":null,"Value":646},{"Length":30,"Height":21,"Demand":20,"DemandMax":null,"Value":630},{"Length":47,"Height":13,"Demand":26,"DemandMax":null,"Value":611},{"Length":37,"Height":16,"Demand":22,"DemandMax":null,"Value":592},{"Length":31,"Height":19,"Demand":16,"DemandMax":null,"Value":589},{"Length":32,"Height":18,"Demand":19,"DemandMax":null,"Value":576},{"Length":26,"Height":22,"Demand":12,"DemandMax":null,"Value":572},{"Length":56,"Height":10,"Demand":12,"DemandMax":null,"Value":560},{"Length":26,"Height":21,"Demand":14,"DemandMax":null,"Value":546},{"Length":45,"Height":12,"Demand":13,"DemandMax":null,"Value":540},{"Length":25,"Height":21,"Demand":13,"DemandMax":null,"Value":525},{"Length":26,"Height":20,"Demand":18,"DemandMax":null,"Value":520},{"Length":30,"Height":17,"Demand":19,"DemandMax":null,"Value":510},{"Length":23,"Height":22,"Demand":15,"DemandMax":null,"Value":506},{"Length":33,"Height":15,"Demand":16,"DemandMax":null,"Value":495},{"Length":29,"Height":17,"Demand":10,"DemandMax":null,"Value":493},{"Length":23,"Height":21,"Demand":18,"DemandMax":null,"Value":483},{"Length":37,"Height":12,"Demand":14,"DemandMax":null,"Value":444},{"Length":31,"Height":14,"Demand":20,"DemandMax":null,"Value":434},{"Length":23,"Height":18,"Demand":15,"DemandMax":null,"Value":414},{"Length":23,"Height":17,"Demand":17,"DemandMax":null,"Value":391},{"Length":20,"Height":19,"Demand":13,"DemandMax":null,"Value":380},{"Length":23,"Height":16,"Demand":9,"DemandMax":null,"Value":368},{"Length":24,"Height":15,"Demand":14,"DemandMax":null,"Value":360},{"Length":21,"Height":16,"Demand":7,"DemandMax":null,"Value":336},{"Length":30,"Height":11,"Demand":19,"DemandMax":null,"Value":330},{"Length":28,"Height":11,"Demand":16,"DemandMax":null,"Value":308},{"Length":19,"Height":15,"Demand":15,"DemandMax":null,"Value":285},{"Length":17,"Height":16,"Demand":16,"DemandMax":null,"Value":272},{"Length":18,"Height":14,"Demand":12,"DemandMax":null,"Value":252},{"Length":25,"Height":10,"Demand":15,"DemandMax":null,"Value":250},{"Length":19,"Height":12,"Demand":12,"DemandMax":null,"Value":228},{"Length":21,"Height":10,"Demand":10,"DemandMax":null,"Value":210},{"Length":15,"Height":13,"Demand":19,"DemandMax":null,"Value":195},{"Length":16,"Height":12,"Demand":19,"DemandMax":null,"Value":192},{"Length":17,"Height":10,"Demand":13,"DemandMax":null,"Value":170}]}