{"Name":"MB10_058","Objects":[{"Length":432,"Height":79,"Stock":null,"Cost":34128}],"Items":[{"Length":60,"Height":46,"Demand":9,"DemandMax":null,"Value":2760},{"Length":51,"Height":47,"Demand":8,"DemandMax":null,"Value":2397},{"Length":56,"Height":38,"Demand":13,"DemandMax":null,"Value":2128},{"Length":54,"Height":39,"Demand":11,"DemandMax":null,"Value":2106},{"Length":50,"Height":40,"Demand":9,"DemandMax":null,"Value":2000},{"Length":56,"Height":34,"Demand":11,"DemandMax":null,"Value":1904},{"Length":55,"Height":34,"Demand":13,"DemandMax":null,"Value":1870},{"Length":53,"Height":35,"Demand":7,"DemandMax":null,"Value":1855},{"Length":50,"Height":37,"Demand":13,"DemandMax":null,"Value":1850},{"Length":52,"Height":35,"Demand":13,"DemandMax":null,"Value":1820},{"Length":46,"Height":38,"Demand":14,"DemandMax":null,"Value":1748},{"Length":43,"Height":39,"Demand":6,"DemandMax":null,"Value":1677},{"Length":45,"Height":36,"Demand":13,"DemandMax":null,"Value":1620},{"Length":47,"Height":34,"Demand":8,"DemandMax":null,"Value":1598},{"Length":59,"Height":27,"Demand":11,"DemandMax":null,"Value":1593},{"Length":42,"Height":37,"Demand":13,"DemandMax":null,"Value":1554},{"Length":50,"Height":31,"Demand":16,"DemandMax":null,"Value":1550},{"Length":44,"Height":35,"Demand":13,"DemandMax":null,"Value":1540},{"Length":59,"Height":26,"Demand":9,"DemandMax":null,"Value":1534},{"Length":49,"Height":31,"Demand":16,"DemandMax":null,"Value":1519},{"Length":42,"Height":36,"Demand":10,"DemandMax":null,"Value":1512},{"Length":45,"Height":33,"Demand":16,"DemandMax":null,"Value":1485},{"Length":48,"Height":30,"Demand":8,"DemandMax":null,"Value":1440},{"Length":42,"Height":34,"Demand":15,"DemandMax":null,"Value":1428},{"Length":58,"Height":24,"Demand":13,"DemandMax":null,"Value":1392},{"Length":51,"Height":27,"Demand":7,"DemandMax":null,"Value":1377},{"Length":50,"Height":27,"Demand":17,"DemandMax":null,"Value":1350},{"Length":45,"Height":29,"Demand":15,"DemandMax":null,"Value":1305},{"Length":37,"Height":35,"Demand":6,"DemandMax":null,"Value":1295},{"Length":43,"Height":30,"Demand":6,"DemandMax":null,"Value":1290},{"Length":39,"Height":33,"Demand":6,"DemandMax":null,"Value":1287},{"Length":36,"Height":35,"Demand":12,"DemandMax":null,"Value":1260},{"Length":37,"Height":34,"Demand":7,"DemandMax":null,"Value":1258},{"Length":40,"Height":31,"Demand":7,"DemandMax":null,"Value":1240},{"Length":36,"Height":34,"Demand":9,"DemandMax":null,"Value":1224},{"Length":47,"Height":26,"Demand":11,"DemandMax":null,"Value":1222},{"Length":48,"Height":25,"Demand":10,"DemandMax":null,"Value":1200},{"Length":50,"Height":24,"Demand":10,"DemandMax":null,"Value":1200},{"Length":40,"Height":30,"Demand":19,"DemandMax":null,"Value":1200},{"Length":40,"Height":29,"Demand":8,"DemandMax":null,"Value":1160},{"Length":36,"Height":32,"Demand":17,"DemandMax":null,"Value":1152},{"Length":48,"Height":22,"Demand":8,"DemandMax":null,"Value":1056},{"Length":39,"Height":27,"Demand":3,"DemandMax":null,"Value":1053},{"Length":38,"Height":27,"Demand":10,"DemandMax":null,"Value":1026},{"Length":32,"Height":32,"Demand":16,"DemandMax":null,"Value":1024},{"Length":46,"Height":22,"Demand":11,"DemandMax":null,"Value":1012},{"Length":36,"Height":28,"Demand":19,"DemandMax":null,"Value":1008},{"Length":39,"Height":25,"Demand":11,"DemandMax":null,"Value":975},{"Length":37,"Height":25,"Demand":7,"DemandMax":null,"Value":925},{"Length":44,"Height":21,"Demand":13,"DemandMax":null,"Value":924},{"Length":36,"Height":25,"Demand":12,"DemandMax":null,"Value":900},{"Length":33,"Height":27,"Demand":7,"DemandMax":null,"Value":891},{"Length":52,"Height":17,"Demand":12,"DemandMax":null,"Value":884},{"Length":40,"Height":22,"Demand":17,"DemandMax":null,"Value":880},{"Length":55,"Height":16,"Demand":10,"DemandMax":null,"Value":880},{"Length":38,"Height":23,"Demand":12,"DemandMax":null,"Value":874},{"Length":31,"Height":28,"Demand":16,"DemandMax":null,"Value":868},{"Length":36,"Height":24,"Demand":10,"DemandMax":null,"Value":864},{"Length":33,"Height":26,"Demand":14,"DemandMax":null,"Value":858},{"Length":34,"Height":25,"Demand":12,"DemandMax":null,"Value":850},{"Length":53,"Height":16,"Demand":7,"DemandMax":null,"Value":848},{"Length":38,"Height":22,"Demand":10,"DemandMax":null,"Value":836},{"Length":44,"Height":19,"Demand":14,"DemandMax":null,"Value":836},{"Length":36,"Height":23,"Demand":8,"DemandMax":null,"Value":828},{"Length":55,"Height":15,"Demand":6,"DemandMax":null,"Value":825},{"Length":39,"Height":21,"Demand":11,"DemandMax":null,"Value":819},{"Length":51,"Height":16,"Demand":11,"DemandMax":null,"Value":816},{"Length":45,"Height":18,"Demand":16,"DemandMax":null,"Value":810},{"Length":32,"Height":25,"Demand":10,"DemandMax":null,"Value":800},{"Length":38,"Height":21,"Demand":3,"DemandMax":null,"Value":798},{"Length":28,"Height":28,"Demand":8,"DemandMax":null,"Value":784},{"Length":41,"Height":19,"Demand":7,"DemandMax":null,"Value":779},{"Length":32,"Height":24,"Demand":13,"DemandMax":null,"Value":768},{"Length":45,"Height":17,"Demand":12,"DemandMax":null,"Value":765},{"Length":34,"Height":22,"Demand":7,"DemandMax":null,"Value":748},{"Length":44,"Height":17,"Demand":9,"DemandMax":null,"Value":748},{"Length":32,"Height":23,"Demand":16,"DemandMax":null,"Value":736},{"Length":43,"Height":17,"Demand":11,"DemandMax":null,"Value":731},{"Length":56,"Height":13,"Demand":13,"DemandMax":null,"Value":728},{"Length":42,"Height":17,"Demand":12,"DemandMax":null,"Value":714},{"Length":34,"Height":21,"Demand":13,"DemandMax":null,"Value":714},{"Length":35,"Height":20,"Demand":7,"DemandMax":null,"Value":700},{"Length":30,"Height":23,"Demand":9,"DemandMax":null,"Value":690},{"Length":46,"Height":15,"Demand":11,"DemandMax":null,"Value":690},{"Length":49,"Height":14,"Demand":9,"DemandMax":null,"Value":686},{"Length":38,"Height":18,"Demand":12,"DemandMax":null,"Value":684},{"Length":42,"Height":16,"Demand":12,"DemandMax":null,"Value":672},{"Length":39,"Height":17,"Demand":4,"DemandMax":null,"Value":663},{"Length":51,"Height":13,"Demand":6,"DemandMax":null,"Value":663},{"Length":36,"Height":18,"Demand":10,"DemandMax":null,"Value":648},{"Length":27,"Height":24,"Demand":9,"DemandMax":null,"Value":648},{"Length":33,"Height":19,"Demand":12,"DemandMax":null,"Value":627},{"Length":57,"Height":11,"Demand":6,"DemandMax":null,"Value":627},{"Length":31,"Height":20,"Demand":14,"DemandMax":null,"Value":620},{"Length":28,"Height":22,"Demand":12,"DemandMax":null,"Value":616},{"Length":36,"Height":17,"Demand":8,"DemandMax":null,"Value":612},{"Length":60,"Height":10,"Demand":8,"DemandMax":null,"Value":600},{"Length":34,"Height":17,"Demand":7,"DemandMax":null,"Value":578},{"Length":48,"Height":12,"Demand":13,"DemandMax":null,"Value":576},{"Length":43,"Height":13,"Demand":7,"DemandMax":null,"Value":559},{"Length":37,"Height":15,"Demand":17,"DemandMax":null,"Value":555},{"Length":32,"Height":17,"Demand":9,"DemandMax":null,"Value":544},{"Length":33,"Height":16,"Demand":11,"DemandMax":null,"Value":528},{"Length":39,"Height":13,"Demand":11,"DemandMax":null,"Value":507},{"Length":24,"Height":21,"Demand":13,"DemandMax":null,"Value":504},{"Length":36,"Height":14,"Demand":8,"DemandMax":null,"Value":504},{"Length":25,"Height":20,"Demand":6,"DemandMax":null,"Value":500},{"Length":29,"Height":16,"Demand":6,"DemandMax":null,"Value":464},{"Length":46,"Height":10,"Demand":13,"DemandMax":null,"Value":460},{"Length":27,"Height":17,"Demand":19,"DemandMax":null,"Value":459},{"Length":35,"Height":13,"Demand":13,"DemandMax":null,"Value":455},{"Length":28,"Height":16,"Demand":11,"DemandMax":null,"Value":448},{"Length":37,"Height":12,"Demand":9,"DemandMax":null,"Value":444},{"Length":26,"Height":17,"Demand":7,"DemandMax":null,"Value":442},{"Length":44,"Height":10,"Demand":16,"DemandMax":null,"Value":440},{"Length":39,"Height":11,"Demand":10,"DemandMax":null,"Value":429},{"Length":26,"Height":16,"Demand":9,"DemandMax":null,"Value":416},{"Length":20,"Height":20,"Demand":18,"DemandMax":null,"Value":400},{"Length":36,"Height":11,"Demand":16,"DemandMax":null,"Value":396},{"Length":26,"Height":15,"Demand":12,"DemandMax":null,"Value":390},{"Length":30,"Height":13,"Demand":12,"DemandMax":null,"Value":390},{"Length":32,"Height":12,"Demand":16,"DemandMax":null,"Value":384},{"Length":21,"Height":18,"Demand":13,"DemandMax":null,"Value":378},{"Length":25,"Height":15,"Demand":7,"DemandMax":null,"Value":375},{"Length":22,"Height":17,"Demand":9,"DemandMax":null,"Value":374},{"Length":36,"Height":10,"Demand":12,"DemandMax":null,"Value":360},{"Length":20,"Height":17,"Demand":10,"DemandMax":null,"Value":340},{"Length":22,"Height":15,"Demand":10,"DemandMax":null,"Value":330},{"Length":18,"Height":18,"Demand":12,"DemandMax":null,"Value":324},{"Length":18,"Height":17,"Demand":7,"DemandMax":null,"Value":306},{"Length":22,"Height":13,"Demand":9,"DemandMax":null,"Value":286},{"Length":19,"Height":15,"Demand":7,"DemandMax":null,"Value":285},{"Length":26,"Height":10,"Demand":9,"DemandMax":null,"Value":260},{"Length":16,"Height":16,"Demand":8,"DemandMax":null,"Value":256},{"Length":15,"Height":15,"Demand":3,"DemandMax":null,"Value":225},{"Length":16,"Height":14,"Demand":13,"DemandMax":null,"Value":224},{"Length":20,"Height":10,"Demand":10,"DemandMax":null,"Value":200},{"Length":17,"Height":10,"Demand":12,"DemandMax":null,"Value":170},{"Length":13,"Height":11,"Demand":9,"DemandMax":null,"Value":143}]}