{"Name":"MB07_130","Objects":[{"Length":587,"Height":233,"Stock":null,"Cost":136771}],"Items":[{"Length":56,"Height":49,"Demand":23,"DemandMax":null,"Value":2744},{"Length":60,"Height":45,"Demand":18,"DemandMax":null,"Value":2700},{"Length":46,"Height":43,"Demand":25,"DemandMax":null,"Value":1978},{"Length":59,"Height":32,"Demand":19,"DemandMax":null,"Value":1888},{"Length":56,"Height":31,"Demand":9,"DemandMax":null,"Value":1736},{"Length":45,"Height":38,"Demand":15,"DemandMax":null,"Value":1710},{"Length":54,"Height":31,"Demand":20,"DemandMax":null,"Value":1674},{"Length":42,"Height":39,"Demand":16,"DemandMax":null,"Value":1638},{"Length":47,"Height":34,"Demand":22,"DemandMax":null,"Value":1598},{"Length":40,"Height":39,"Demand":12,"DemandMax":null,"Value":1560},{"Length":41,"Height":37,"Demand":17,"DemandMax":null,"Value":1517},{"Length":51,"Height":29,"Demand":15,"DemandMax":null,"Value":1479},{"Length":41,"Height":34,"Demand":14,"DemandMax":null,"Value":1394},{"Length":37,"Height":36,"Demand":15,"DemandMax":null,"Value":1332},{"Length":38,"Height":35,"Demand":15,"DemandMax":null,"Value":1330},{"Length":37,"Height":35,"Demand":14,"DemandMax":null,"Value":1295},{"Length":38,"Height":34,"Demand":13,"DemandMax":null,"Value":1292},{"Length":49,"Height":26,"Demand":23,"DemandMax":null,"Value":1274},{"Length":51,"Height":24,"Demand":18,"DemandMax":null,"Value":1224},{"Length":37,"Height":32,"Demand":22,"DemandMax":null,"Value":1184},{"Length":40,"Height":29,"Demand":11,"DemandMax":null,"Value":1160},{"Length":35,"Height":33,"Demand":15,"DemandMax":null,"Value":1155},{"Length":44,"Height":26,"Demand":12,"DemandMax":null,"Value":1144},{"Length":57,"Height":20,"Demand":28,"DemandMax":null,"Value":1140},{"Length":38,"Height":30,"Demand":16,"DemandMax":null,"Value":1140},{"Length":36,"Height":30,"Demand":19,"DemandMax":null,"Value":1080},{"Length":40,"Height":26,"Demand":14,"DemandMax":null,"Value":1040},{"Length":43,"Height":23,"Demand":21,"DemandMax":null,"Value":989},{"Length":41,"Height":24,"Demand":21,"DemandMax":null,"Value":984},{"Length":46,"Height":21,"Demand":13,"DemandMax":null,"Value":966},{"Length":37,"Height":26,"Demand":23,"DemandMax":null,"Value":962},{"Length":40,"Height":24,"Demand":18,"DemandMax":null,"Value":960},{"Length":32,"Height":30,"Demand":22,"DemandMax":null,"Value":960},{"Length":38,"Height":25,"Demand":22,"DemandMax":null,"Value":950},{"Length":47,"Height":20,"Demand":18,"DemandMax":null,"Value":940},{"Length":49,"Height":19,"Demand":18,"DemandMax":null,"Value":931},{"Length":53,"Height":17,"Demand":13,"DemandMax":null,"Value":901},{"Length":36,"Height":25,"Demand":17,"DemandMax":null,"Value":900},{"Length":49,"Height":18,"Demand":14,"DemandMax":null,"Value":882},{"Length":54,"Height":16,"Demand":13,"DemandMax":null,"Value":864},{"Length":47,"Height":18,"Demand":27,"DemandMax":null,"Value":846},{"Length":38,"Height":22,"Demand":16,"DemandMax":null,"Value":836},{"Length":41,"Height":20,"Demand":20,"DemandMax":null,"Value":820},{"Length":44,"Height":18,"Demand":18,"DemandMax":null,"Value":792},{"Length":49,"Height":16,"Demand":18,"DemandMax":null,"Value":784},{"Length":60,"Height":13,"Demand":14,"DemandMax":null,"Value":780},{"Length":37,"Height":21,"Demand":13,"DemandMax":null,"Value":777},{"Length":31,"Height":25,"Demand":13,"DemandMax":null,"Value":775},{"Length":48,"Height":16,"Demand":17,"DemandMax":null,"Value":768},{"Length":29,"Height":26,"Demand":18,"DemandMax":null,"Value":754},{"Length":49,"Height":15,"Demand":24,"DemandMax":null,"Value":735},{"Length":31,"Height":21,"Demand":13,"DemandMax":null,"Value":651},{"Length":56,"Height":11,"Demand":19,"DemandMax":null,"Value":616},{"Length":30,"Height":20,"Demand":22,"DemandMax":null,"Value":600},{"Length":27,"Height":22,"Demand":13,"DemandMax":null,"Value":594},{"Length":26,"Height":20,"Demand":15,"DemandMax":null,"Value":520},{"Length":30,"Height":17,"Demand":23,"DemandMax":null,"Value":510},{"Length":33,"Height":15,"Demand":23,"DemandMax":null,"Value":495},{"Length":32,"Height":15,"Demand":18,"DemandMax":null,"Value":480},{"Length":34,"Height":14,"Demand":11,"DemandMax":null,"Value":476},{"Length":22,"Height":21,"Demand":15,"DemandMax":null,"Value":462},{"Length":37,"Height":12,"Demand":13,"DemandMax":null,"Value":444},{"Length":27,"Height":16,"Demand":10,"DemandMax":null,"Value":432},{"Length":23,"Height":18,"Demand":15,"DemandMax":null,"Value":414},{"Length":22,"Height":18,"Demand":15,"DemandMax":null,"Value":396},{"Length":32,"Height":12,"Demand":12,"DemandMax":null,"Value":384},{"Length":20,"Height":19,"Demand":17,"DemandMax":null,"Value":380},{"Length":24,"Height":15,"Demand":17,"DemandMax":null,"Value":360},{"Length":27,"Height":13,"Demand":22,"DemandMax":null,"Value":351},{"Length":30,"Height":11,"Demand":15,"DemandMax":null,"Value":330},{"Length":28,"Height":11,"Demand":20,"DemandMax":null,"Value":308},{"Length":29,"Height":10,"Demand":23,"DemandMax":null,"Value":290},{"Length":17,"Height":14,"Demand":12,"DemandMax":null,"Value":238},{"Length":23,"Height":10,"Demand":22,"DemandMax":null,"Value":230},{"Length":19,"Height":12,"Demand":15,"DemandMax":null,"Value":228},{"Length":17,"Height":10,"Demand":13,"DemandMax":null,"Value":170}]}