{"Name":"MB07_105","Objects":[{"Length":587,"Height":233,"Stock":null,"Cost":136771}],"Items":[{"Length":59,"Height":45,"Demand":28,"DemandMax":null,"Value":2655},{"Length":52,"Height":39,"Demand":20,"DemandMax":null,"Value":2028},{"Length":47,"Height":42,"Demand":24,"DemandMax":null,"Value":1974},{"Length":50,"Height":36,"Demand":23,"DemandMax":null,"Value":1800},{"Length":45,"Height":38,"Demand":26,"DemandMax":null,"Value":1710},{"Length":41,"Height":40,"Demand":20,"DemandMax":null,"Value":1640},{"Length":39,"Height":36,"Demand":28,"DemandMax":null,"Value":1404},{"Length":58,"Height":22,"Demand":18,"DemandMax":null,"Value":1276},{"Length":47,"Height":27,"Demand":28,"DemandMax":null,"Value":1269},{"Length":37,"Height":33,"Demand":28,"DemandMax":null,"Value":1221},{"Length":45,"Height":27,"Demand":20,"DemandMax":null,"Value":1215},{"Length":37,"Height":32,"Demand":27,"DemandMax":null,"Value":1184},{"Length":35,"Height":31,"Demand":21,"DemandMax":null,"Value":1085},{"Length":53,"Height":20,"Demand":30,"DemandMax":null,"Value":1060},{"Length":36,"Height":29,"Demand":23,"DemandMax":null,"Value":1044},{"Length":47,"Height":22,"Demand":20,"DemandMax":null,"Value":1034},{"Length":39,"Height":26,"Demand":25,"DemandMax":null,"Value":1014},{"Length":33,"Height":30,"Demand":40,"DemandMax":null,"Value":990},{"Length":35,"Height":28,"Demand":26,"DemandMax":null,"Value":980},{"Length":43,"Height":21,"Demand":36,"DemandMax":null,"Value":903},{"Length":32,"Height":28,"Demand":16,"DemandMax":null,"Value":896},{"Length":52,"Height":17,"Demand":29,"DemandMax":null,"Value":884},{"Length":44,"Height":20,"Demand":22,"DemandMax":null,"Value":880},{"Length":31,"Height":28,"Demand":35,"DemandMax":null,"Value":868},{"Length":38,"Height":22,"Demand":23,"DemandMax":null,"Value":836},{"Length":41,"Height":20,"Demand":31,"DemandMax":null,"Value":820},{"Length":29,"Height":27,"Demand":37,"DemandMax":null,"Value":783},{"Length":31,"Height":25,"Demand":28,"DemandMax":null,"Value":775},{"Length":35,"Height":22,"Demand":27,"DemandMax":null,"Value":770},{"Length":54,"Height":14,"Demand":26,"DemandMax":null,"Value":756},{"Length":35,"Height":21,"Demand":27,"DemandMax":null,"Value":735},{"Length":27,"Height":27,"Demand":28,"DemandMax":null,"Value":729},{"Length":51,"Height":14,"Demand":25,"DemandMax":null,"Value":714},{"Length":47,"Height":15,"Demand":26,"DemandMax":null,"Value":705},{"Length":32,"Height":22,"Demand":24,"DemandMax":null,"Value":704},{"Length":27,"Height":26,"Demand":34,"DemandMax":null,"Value":702},{"Length":39,"Height":18,"Demand":18,"DemandMax":null,"Value":702},{"Length":33,"Height":21,"Demand":27,"DemandMax":null,"Value":693},{"Length":28,"Height":24,"Demand":22,"DemandMax":null,"Value":672},{"Length":35,"Height":19,"Demand":31,"DemandMax":null,"Value":665},{"Length":31,"Height":21,"Demand":32,"DemandMax":null,"Value":651},{"Length":46,"Height":14,"Demand":20,"DemandMax":null,"Value":644},{"Length":51,"Height":12,"Demand":31,"DemandMax":null,"Value":612},{"Length":31,"Height":19,"Demand":37,"DemandMax":null,"Value":589},{"Length":33,"Height":17,"Demand":29,"DemandMax":null,"Value":561},{"Length":24,"Height":22,"Demand":34,"DemandMax":null,"Value":528},{"Length":27,"Height":19,"Demand":20,"DemandMax":null,"Value":513},{"Length":30,"Height":17,"Demand":25,"DemandMax":null,"Value":510},{"Length":23,"Height":22,"Demand":25,"DemandMax":null,"Value":506},{"Length":27,"Height":15,"Demand":30,"DemandMax":null,"Value":405},{"Length":23,"Height":17,"Demand":23,"DemandMax":null,"Value":391},{"Length":30,"Height":12,"Demand":32,"DemandMax":null,"Value":360},{"Length":22,"Height":14,"Demand":25,"DemandMax":null,"Value":308},{"Length":20,"Height":15,"Demand":25,"DemandMax":null,"Value":300},{"Length":30,"Height":10,"Demand":32,"DemandMax":null,"Value":300},{"Length":21,"Height":14,"Demand":25,"DemandMax":null,"Value":294},{"Length":18,"Height":16,"Demand":29,"DemandMax":null,"Value":288},{"Length":20,"Height":13,"Demand":26,"DemandMax":null,"Value":260},{"Length":17,"Height":15,"Demand":32,"DemandMax":null,"Value":255}]}