{"Name":"MB08_017","Objects":[{"Length":587,"Height":233,"Stock":null,"Cost":136771}],"Items":[{"Length":54,"Height":46,"Demand":29,"DemandMax":null,"Value":2484},{"Length":53,"Height":36,"Demand":27,"DemandMax":null,"Value":1908},{"Length":46,"Height":39,"Demand":29,"DemandMax":null,"Value":1794},{"Length":52,"Height":33,"Demand":34,"DemandMax":null,"Value":1716},{"Length":43,"Height":39,"Demand":32,"DemandMax":null,"Value":1677},{"Length":44,"Height":38,"Demand":25,"DemandMax":null,"Value":1672},{"Length":40,"Height":36,"Demand":29,"DemandMax":null,"Value":1440},{"Length":40,"Height":32,"Demand":29,"DemandMax":null,"Value":1280},{"Length":45,"Height":27,"Demand":31,"DemandMax":null,"Value":1215},{"Length":57,"Height":21,"Demand":26,"DemandMax":null,"Value":1197},{"Length":41,"Height":29,"Demand":38,"DemandMax":null,"Value":1189},{"Length":59,"Height":20,"Demand":35,"DemandMax":null,"Value":1180},{"Length":46,"Height":25,"Demand":40,"DemandMax":null,"Value":1150},{"Length":50,"Height":22,"Demand":24,"DemandMax":null,"Value":1100},{"Length":34,"Height":32,"Demand":25,"DemandMax":null,"Value":1088},{"Length":45,"Height":22,"Demand":26,"DemandMax":null,"Value":990},{"Length":46,"Height":21,"Demand":27,"DemandMax":null,"Value":966},{"Length":36,"Height":26,"Demand":31,"DemandMax":null,"Value":936},{"Length":37,"Height":25,"Demand":26,"DemandMax":null,"Value":925},{"Length":42,"Height":22,"Demand":34,"DemandMax":null,"Value":924},{"Length":36,"Height":25,"Demand":31,"DemandMax":null,"Value":900},{"Length":33,"Height":27,"Demand":31,"DemandMax":null,"Value":891},{"Length":35,"Height":23,"Demand":36,"DemandMax":null,"Value":805},{"Length":29,"Height":27,"Demand":30,"DemandMax":null,"Value":783},{"Length":31,"Height":25,"Demand":29,"DemandMax":null,"Value":775},{"Length":32,"Height":24,"Demand":28,"DemandMax":null,"Value":768},{"Length":30,"Height":25,"Demand":37,"DemandMax":null,"Value":750},{"Length":45,"Height":16,"Demand":33,"DemandMax":null,"Value":720},{"Length":34,"Height":21,"Demand":21,"DemandMax":null,"Value":714},{"Length":31,"Height":23,"Demand":29,"DemandMax":null,"Value":713},{"Length":35,"Height":20,"Demand":33,"DemandMax":null,"Value":700},{"Length":43,"Height":16,"Demand":27,"DemandMax":null,"Value":688},{"Length":37,"Height":18,"Demand":36,"DemandMax":null,"Value":666},{"Length":33,"Height":20,"Demand":25,"DemandMax":null,"Value":660},{"Length":27,"Height":24,"Demand":32,"DemandMax":null,"Value":648},{"Length":34,"Height":19,"Demand":24,"DemandMax":null,"Value":646},{"Length":43,"Height":14,"Demand":33,"DemandMax":null,"Value":602},{"Length":37,"Height":16,"Demand":26,"DemandMax":null,"Value":592},{"Length":57,"Height":10,"Demand":41,"DemandMax":null,"Value":570},{"Length":34,"Height":16,"Demand":26,"DemandMax":null,"Value":544},{"Length":30,"Height":18,"Demand":38,"DemandMax":null,"Value":540},{"Length":41,"Height":12,"Demand":31,"DemandMax":null,"Value":492},{"Length":28,"Height":16,"Demand":23,"DemandMax":null,"Value":448},{"Length":26,"Height":17,"Demand":31,"DemandMax":null,"Value":442},{"Length":24,"Height":18,"Demand":28,"DemandMax":null,"Value":432},{"Length":21,"Height":20,"Demand":37,"DemandMax":null,"Value":420},{"Length":27,"Height":15,"Demand":25,"DemandMax":null,"Value":405},{"Length":23,"Height":17,"Demand":29,"DemandMax":null,"Value":391},{"Length":25,"Height":13,"Demand":30,"DemandMax":null,"Value":325},{"Length":18,"Height":14,"Demand":33,"DemandMax":null,"Value":252}]}