{"Name":"MB08_019","Objects":[{"Length":587,"Height":233,"Stock":null,"Cost":136771}],"Items":[{"Length":55,"Height":45,"Demand":25,"DemandMax":null,"Value":2475},{"Length":52,"Height":45,"Demand":35,"DemandMax":null,"Value":2340},{"Length":56,"Height":39,"Demand":21,"DemandMax":null,"Value":2184},{"Length":52,"Height":37,"Demand":25,"DemandMax":null,"Value":1924},{"Length":46,"Height":40,"Demand":26,"DemandMax":null,"Value":1840},{"Length":45,"Height":40,"Demand":24,"DemandMax":null,"Value":1800},{"Length":43,"Height":40,"Demand":26,"DemandMax":null,"Value":1720},{"Length":41,"Height":39,"Demand":27,"DemandMax":null,"Value":1599},{"Length":51,"Height":30,"Demand":25,"DemandMax":null,"Value":1530},{"Length":47,"Height":32,"Demand":31,"DemandMax":null,"Value":1504},{"Length":50,"Height":30,"Demand":29,"DemandMax":null,"Value":1500},{"Length":55,"Height":27,"Demand":20,"DemandMax":null,"Value":1485},{"Length":44,"Height":33,"Demand":28,"DemandMax":null,"Value":1452},{"Length":42,"Height":34,"Demand":30,"DemandMax":null,"Value":1428},{"Length":40,"Height":35,"Demand":19,"DemandMax":null,"Value":1400},{"Length":38,"Height":36,"Demand":24,"DemandMax":null,"Value":1368},{"Length":37,"Height":33,"Demand":16,"DemandMax":null,"Value":1221},{"Length":38,"Height":31,"Demand":25,"DemandMax":null,"Value":1178},{"Length":54,"Height":21,"Demand":34,"DemandMax":null,"Value":1134},{"Length":46,"Height":23,"Demand":30,"DemandMax":null,"Value":1058},{"Length":59,"Height":17,"Demand":29,"DemandMax":null,"Value":1003},{"Length":50,"Height":20,"Demand":23,"DemandMax":null,"Value":1000},{"Length":35,"Height":28,"Demand":27,"DemandMax":null,"Value":980},{"Length":32,"Height":30,"Demand":29,"DemandMax":null,"Value":960},{"Length":41,"Height":23,"Demand":22,"DemandMax":null,"Value":943},{"Length":37,"Height":25,"Demand":26,"DemandMax":null,"Value":925},{"Length":35,"Height":26,"Demand":19,"DemandMax":null,"Value":910},{"Length":31,"Height":29,"Demand":24,"DemandMax":null,"Value":899},{"Length":37,"Height":23,"Demand":31,"DemandMax":null,"Value":851},{"Length":31,"Height":26,"Demand":31,"DemandMax":null,"Value":806},{"Length":32,"Height":25,"Demand":22,"DemandMax":null,"Value":800},{"Length":42,"Height":19,"Demand":20,"DemandMax":null,"Value":798},{"Length":38,"Height":21,"Demand":28,"DemandMax":null,"Value":798},{"Length":33,"Height":23,"Demand":23,"DemandMax":null,"Value":759},{"Length":45,"Height":16,"Demand":33,"DemandMax":null,"Value":720},{"Length":43,"Height":16,"Demand":29,"DemandMax":null,"Value":688},{"Length":38,"Height":18,"Demand":25,"DemandMax":null,"Value":684},{"Length":43,"Height":14,"Demand":33,"DemandMax":null,"Value":602},{"Length":26,"Height":22,"Demand":22,"DemandMax":null,"Value":572},{"Length":28,"Height":20,"Demand":23,"DemandMax":null,"Value":560},{"Length":36,"Height":15,"Demand":22,"DemandMax":null,"Value":540},{"Length":28,"Height":18,"Demand":27,"DemandMax":null,"Value":504},{"Length":27,"Height":18,"Demand":25,"DemandMax":null,"Value":486},{"Length":38,"Height":11,"Demand":24,"DemandMax":null,"Value":418},{"Length":37,"Height":11,"Demand":22,"DemandMax":null,"Value":407},{"Length":21,"Height":17,"Demand":28,"DemandMax":null,"Value":357},{"Length":17,"Height":16,"Demand":30,"DemandMax":null,"Value":272}]}