{"Name":"MB10_090","Objects":[{"Length":432,"Height":79,"Stock":null,"Cost":34128}],"Items":[{"Length":58,"Height":49,"Demand":3,"DemandMax":null,"Value":2842},{"Length":51,"Height":47,"Demand":2,"DemandMax":null,"Value":2397},{"Length":54,"Height":43,"Demand":4,"DemandMax":null,"Value":2322},{"Length":59,"Height":39,"Demand":3,"DemandMax":null,"Value":2301},{"Length":58,"Height":39,"Demand":11,"DemandMax":null,"Value":2262},{"Length":51,"Height":44,"Demand":4,"DemandMax":null,"Value":2244},{"Length":57,"Height":39,"Demand":8,"DemandMax":null,"Value":2223},{"Length":47,"Height":46,"Demand":3,"DemandMax":null,"Value":2162},{"Length":53,"Height":40,"Demand":4,"DemandMax":null,"Value":2120},{"Length":47,"Height":45,"Demand":3,"DemandMax":null,"Value":2115},{"Length":55,"Height":38,"Demand":6,"DemandMax":null,"Value":2090},{"Length":59,"Height":35,"Demand":4,"DemandMax":null,"Value":2065},{"Length":55,"Height":37,"Demand":4,"DemandMax":null,"Value":2035},{"Length":50,"Height":40,"Demand":4,"DemandMax":null,"Value":2000},{"Length":49,"Height":40,"Demand":3,"DemandMax":null,"Value":1960},{"Length":54,"Height":36,"Demand":4,"DemandMax":null,"Value":1944},{"Length":45,"Height":43,"Demand":3,"DemandMax":null,"Value":1935},{"Length":47,"Height":41,"Demand":4,"DemandMax":null,"Value":1927},{"Length":49,"Height":39,"Demand":5,"DemandMax":null,"Value":1911},{"Length":58,"Height":32,"Demand":4,"DemandMax":null,"Value":1856},{"Length":43,"Height":43,"Demand":5,"DemandMax":null,"Value":1849},{"Length":44,"Height":42,"Demand":3,"DemandMax":null,"Value":1848},{"Length":46,"Height":40,"Demand":2,"DemandMax":null,"Value":1840},{"Length":47,"Height":39,"Demand":3,"DemandMax":null,"Value":1833},{"Length":55,"Height":33,"Demand":5,"DemandMax":null,"Value":1815},{"Length":49,"Height":37,"Demand":1,"DemandMax":null,"Value":1813},{"Length":45,"Height":40,"Demand":7,"DemandMax":null,"Value":1800},{"Length":59,"Height":30,"Demand":3,"DemandMax":null,"Value":1770},{"Length":50,"Height":35,"Demand":6,"DemandMax":null,"Value":1750},{"Length":46,"Height":38,"Demand":6,"DemandMax":null,"Value":1748},{"Length":47,"Height":37,"Demand":4,"DemandMax":null,"Value":1739},{"Length":56,"Height":31,"Demand":5,"DemandMax":null,"Value":1736},{"Length":48,"Height":36,"Demand":6,"DemandMax":null,"Value":1728},{"Length":51,"Height":33,"Demand":3,"DemandMax":null,"Value":1683},{"Length":52,"Height":32,"Demand":2,"DemandMax":null,"Value":1664},{"Length":57,"Height":29,"Demand":6,"DemandMax":null,"Value":1653},{"Length":47,"Height":35,"Demand":4,"DemandMax":null,"Value":1645},{"Length":53,"Height":31,"Demand":2,"DemandMax":null,"Value":1643},{"Length":44,"Height":37,"Demand":7,"DemandMax":null,"Value":1628},{"Length":46,"Height":35,"Demand":2,"DemandMax":null,"Value":1610},{"Length":46,"Height":34,"Demand":6,"DemandMax":null,"Value":1564},{"Length":42,"Height":37,"Demand":6,"DemandMax":null,"Value":1554},{"Length":43,"Height":36,"Demand":5,"DemandMax":null,"Value":1548},{"Length":51,"Height":30,"Demand":4,"DemandMax":null,"Value":1530},{"Length":39,"Height":39,"Demand":5,"DemandMax":null,"Value":1521},{"Length":42,"Height":36,"Demand":4,"DemandMax":null,"Value":1512},{"Length":45,"Height":33,"Demand":4,"DemandMax":null,"Value":1485},{"Length":40,"Height":37,"Demand":3,"DemandMax":null,"Value":1480},{"Length":49,"Height":30,"Demand":7,"DemandMax":null,"Value":1470},{"Length":42,"Height":35,"Demand":5,"DemandMax":null,"Value":1470},{"Length":43,"Height":34,"Demand":2,"DemandMax":null,"Value":1462},{"Length":54,"Height":27,"Demand":2,"DemandMax":null,"Value":1458},{"Length":47,"Height":31,"Demand":3,"DemandMax":null,"Value":1457},{"Length":56,"Height":26,"Demand":6,"DemandMax":null,"Value":1456},{"Length":44,"Height":33,"Demand":4,"DemandMax":null,"Value":1452},{"Length":39,"Height":37,"Demand":8,"DemandMax":null,"Value":1443},{"Length":45,"Height":32,"Demand":3,"DemandMax":null,"Value":1440},{"Length":41,"Height":35,"Demand":4,"DemandMax":null,"Value":1435},{"Length":42,"Height":34,"Demand":2,"DemandMax":null,"Value":1428},{"Length":44,"Height":32,"Demand":5,"DemandMax":null,"Value":1408},{"Length":38,"Height":37,"Demand":3,"DemandMax":null,"Value":1406},{"Length":54,"Height":26,"Demand":2,"DemandMax":null,"Value":1404},{"Length":42,"Height":33,"Demand":6,"DemandMax":null,"Value":1386},{"Length":57,"Height":24,"Demand":3,"DemandMax":null,"Value":1368},{"Length":40,"Height":34,"Demand":5,"DemandMax":null,"Value":1360},{"Length":41,"Height":33,"Demand":3,"DemandMax":null,"Value":1353},{"Length":50,"Height":27,"Demand":4,"DemandMax":null,"Value":1350},{"Length":46,"Height":29,"Demand":6,"DemandMax":null,"Value":1334},{"Length":43,"Height":31,"Demand":2,"DemandMax":null,"Value":1333},{"Length":37,"Height":36,"Demand":2,"DemandMax":null,"Value":1332},{"Length":39,"Height":34,"Demand":2,"DemandMax":null,"Value":1326},{"Length":49,"Height":27,"Demand":4,"DemandMax":null,"Value":1323},{"Length":44,"Height":30,"Demand":5,"DemandMax":null,"Value":1320},{"Length":50,"Height":26,"Demand":6,"DemandMax":null,"Value":1300},{"Length":59,"Height":22,"Demand":6,"DemandMax":null,"Value":1298},{"Length":48,"Height":27,"Demand":6,"DemandMax":null,"Value":1296},{"Length":43,"Height":30,"Demand":3,"DemandMax":null,"Value":1290},{"Length":39,"Height":33,"Demand":4,"DemandMax":null,"Value":1287},{"Length":41,"Height":31,"Demand":4,"DemandMax":null,"Value":1271},{"Length":36,"Height":35,"Demand":6,"DemandMax":null,"Value":1260},{"Length":57,"Height":22,"Demand":3,"DemandMax":null,"Value":1254},{"Length":48,"Height":26,"Demand":6,"DemandMax":null,"Value":1248},{"Length":43,"Height":29,"Demand":2,"DemandMax":null,"Value":1247},{"Length":54,"Height":23,"Demand":2,"DemandMax":null,"Value":1242},{"Length":40,"Height":31,"Demand":2,"DemandMax":null,"Value":1240},{"Length":44,"Height":28,"Demand":8,"DemandMax":null,"Value":1232},{"Length":49,"Height":25,"Demand":2,"DemandMax":null,"Value":1225},{"Length":38,"Height":32,"Demand":6,"DemandMax":null,"Value":1216},{"Length":45,"Height":27,"Demand":5,"DemandMax":null,"Value":1215},{"Length":43,"Height":28,"Demand":2,"DemandMax":null,"Value":1204},{"Length":35,"Height":34,"Demand":6,"DemandMax":null,"Value":1190},{"Length":38,"Height":31,"Demand":6,"DemandMax":null,"Value":1178},{"Length":49,"Height":24,"Demand":11,"DemandMax":null,"Value":1176},{"Length":47,"Height":25,"Demand":2,"DemandMax":null,"Value":1175},{"Length":40,"Height":29,"Demand":7,"DemandMax":null,"Value":1160},{"Length":35,"Height":33,"Demand":4,"DemandMax":null,"Value":1155},{"Length":36,"Height":32,"Demand":5,"DemandMax":null,"Value":1152},{"Length":41,"Height":28,"Demand":4,"DemandMax":null,"Value":1148},{"Length":37,"Height":31,"Demand":3,"DemandMax":null,"Value":1147},{"Length":44,"Height":26,"Demand":3,"DemandMax":null,"Value":1144},{"Length":57,"Height":20,"Demand":3,"DemandMax":null,"Value":1140},{"Length":38,"Height":30,"Demand":4,"DemandMax":null,"Value":1140},{"Length":54,"Height":21,"Demand":4,"DemandMax":null,"Value":1134},{"Length":49,"Height":23,"Demand":6,"DemandMax":null,"Value":1127},{"Length":45,"Height":25,"Demand":3,"DemandMax":null,"Value":1125},{"Length":34,"Height":33,"Demand":3,"DemandMax":null,"Value":1122},{"Length":40,"Height":28,"Demand":5,"DemandMax":null,"Value":1120},{"Length":56,"Height":20,"Demand":4,"DemandMax":null,"Value":1120},{"Length":35,"Height":32,"Demand":4,"DemandMax":null,"Value":1120},{"Length":43,"Height":26,"Demand":3,"DemandMax":null,"Value":1118},{"Length":48,"Height":23,"Demand":4,"DemandMax":null,"Value":1104},{"Length":58,"Height":19,"Demand":7,"DemandMax":null,"Value":1102},{"Length":44,"Height":25,"Demand":1,"DemandMax":null,"Value":1100},{"Length":47,"Height":23,"Demand":2,"DemandMax":null,"Value":1081},{"Length":45,"Height":24,"Demand":5,"DemandMax":null,"Value":1080},{"Length":49,"Height":22,"Demand":3,"DemandMax":null,"Value":1078},{"Length":43,"Height":25,"Demand":3,"DemandMax":null,"Value":1075},{"Length":37,"Height":29,"Demand":7,"DemandMax":null,"Value":1073},{"Length":41,"Height":26,"Demand":2,"DemandMax":null,"Value":1066},{"Length":38,"Height":28,"Demand":4,"DemandMax":null,"Value":1064},{"Length":48,"Height":22,"Demand":4,"DemandMax":null,"Value":1056},{"Length":34,"Height":31,"Demand":5,"DemandMax":null,"Value":1054},{"Length":39,"Height":27,"Demand":3,"DemandMax":null,"Value":1053},{"Length":40,"Height":26,"Demand":6,"DemandMax":null,"Value":1040},{"Length":37,"Height":28,"Demand":5,"DemandMax":null,"Value":1036},{"Length":45,"Height":23,"Demand":3,"DemandMax":null,"Value":1035},{"Length":41,"Height":25,"Demand":5,"DemandMax":null,"Value":1025},{"Length":33,"Height":31,"Demand":6,"DemandMax":null,"Value":1023},{"Length":34,"Height":30,"Demand":3,"DemandMax":null,"Value":1020},{"Length":35,"Height":29,"Demand":4,"DemandMax":null,"Value":1015},{"Length":44,"Height":23,"Demand":2,"DemandMax":null,"Value":1012},{"Length":53,"Height":19,"Demand":4,"DemandMax":null,"Value":1007},{"Length":59,"Height":17,"Demand":1,"DemandMax":null,"Value":1003},{"Length":50,"Height":20,"Demand":5,"DemandMax":null,"Value":1000},{"Length":37,"Height":27,"Demand":1,"DemandMax":null,"Value":999},{"Length":32,"Height":31,"Demand":3,"DemandMax":null,"Value":992},{"Length":45,"Height":22,"Demand":6,"DemandMax":null,"Value":990},{"Length":33,"Height":30,"Demand":5,"DemandMax":null,"Value":990},{"Length":47,"Height":21,"Demand":4,"DemandMax":null,"Value":987},{"Length":35,"Height":28,"Demand":3,"DemandMax":null,"Value":980},{"Length":54,"Height":18,"Demand":3,"DemandMax":null,"Value":972},{"Length":42,"Height":23,"Demand":6,"DemandMax":null,"Value":966},{"Length":31,"Height":31,"Demand":3,"DemandMax":null,"Value":961},{"Length":32,"Height":30,"Demand":9,"DemandMax":null,"Value":960},{"Length":48,"Height":20,"Demand":3,"DemandMax":null,"Value":960},{"Length":33,"Height":29,"Demand":6,"DemandMax":null,"Value":957},{"Length":59,"Height":16,"Demand":4,"DemandMax":null,"Value":944},{"Length":41,"Height":23,"Demand":5,"DemandMax":null,"Value":943},{"Length":40,"Height":23,"Demand":4,"DemandMax":null,"Value":920},{"Length":57,"Height":16,"Demand":4,"DemandMax":null,"Value":912},{"Length":31,"Height":29,"Demand":2,"DemandMax":null,"Value":899},{"Length":39,"Height":23,"Demand":4,"DemandMax":null,"Value":897},{"Length":56,"Height":16,"Demand":6,"DemandMax":null,"Value":896},{"Length":47,"Height":19,"Demand":3,"DemandMax":null,"Value":893},{"Length":37,"Height":24,"Demand":4,"DemandMax":null,"Value":888},{"Length":49,"Height":18,"Demand":3,"DemandMax":null,"Value":882},{"Length":40,"Height":22,"Demand":4,"DemandMax":null,"Value":880},{"Length":35,"Height":25,"Demand":8,"DemandMax":null,"Value":875},{"Length":38,"Height":23,"Demand":6,"DemandMax":null,"Value":874},{"Length":36,"Height":24,"Demand":8,"DemandMax":null,"Value":864},{"Length":32,"Height":27,"Demand":3,"DemandMax":null,"Value":864},{"Length":41,"Height":21,"Demand":4,"DemandMax":null,"Value":861},{"Length":43,"Height":20,"Demand":4,"DemandMax":null,"Value":860},{"Length":45,"Height":19,"Demand":4,"DemandMax":null,"Value":855},{"Length":37,"Height":23,"Demand":8,"DemandMax":null,"Value":851},{"Length":34,"Height":25,"Demand":5,"DemandMax":null,"Value":850},{"Length":30,"Height":28,"Demand":4,"DemandMax":null,"Value":840},{"Length":56,"Height":15,"Demand":4,"DemandMax":null,"Value":840},{"Length":40,"Height":21,"Demand":6,"DemandMax":null,"Value":840},{"Length":31,"Height":27,"Demand":4,"DemandMax":null,"Value":837},{"Length":32,"Height":26,"Demand":5,"DemandMax":null,"Value":832},{"Length":36,"Height":23,"Demand":3,"DemandMax":null,"Value":828},{"Length":33,"Height":25,"Demand":2,"DemandMax":null,"Value":825},{"Length":39,"Height":21,"Demand":8,"DemandMax":null,"Value":819},{"Length":34,"Height":24,"Demand":2,"DemandMax":null,"Value":816},{"Length":48,"Height":17,"Demand":1,"DemandMax":null,"Value":816},{"Length":37,"Height":22,"Demand":7,"DemandMax":null,"Value":814},{"Length":58,"Height":14,"Demand":6,"DemandMax":null,"Value":812},{"Length":31,"Height":26,"Demand":7,"DemandMax":null,"Value":806},{"Length":32,"Height":25,"Demand":5,"DemandMax":null,"Value":800},{"Length":47,"Height":17,"Demand":5,"DemandMax":null,"Value":799},{"Length":42,"Height":19,"Demand":6,"DemandMax":null,"Value":798},{"Length":53,"Height":15,"Demand":1,"DemandMax":null,"Value":795},{"Length":56,"Height":14,"Demand":2,"DemandMax":null,"Value":784},{"Length":49,"Height":16,"Demand":4,"DemandMax":null,"Value":784},{"Length":34,"Height":23,"Demand":5,"DemandMax":null,"Value":782},{"Length":37,"Height":21,"Demand":4,"DemandMax":null,"Value":777},{"Length":35,"Height":22,"Demand":4,"DemandMax":null,"Value":770},{"Length":32,"Height":24,"Demand":6,"DemandMax":null,"Value":768},{"Length":48,"Height":16,"Demand":5,"DemandMax":null,"Value":768},{"Length":45,"Height":17,"Demand":6,"DemandMax":null,"Value":765},{"Length":38,"Height":20,"Demand":2,"DemandMax":null,"Value":760},{"Length":33,"Height":23,"Demand":5,"DemandMax":null,"Value":759},{"Length":28,"Height":27,"Demand":7,"DemandMax":null,"Value":756},{"Length":36,"Height":21,"Demand":4,"DemandMax":null,"Value":756},{"Length":29,"Height":26,"Demand":1,"DemandMax":null,"Value":754},{"Length":47,"Height":16,"Demand":3,"DemandMax":null,"Value":752},{"Length":39,"Height":19,"Demand":4,"DemandMax":null,"Value":741},{"Length":46,"Height":16,"Demand":7,"DemandMax":null,"Value":736},{"Length":27,"Height":27,"Demand":3,"DemandMax":null,"Value":729},{"Length":56,"Height":13,"Demand":5,"DemandMax":null,"Value":728},{"Length":28,"Height":26,"Demand":5,"DemandMax":null,"Value":728},{"Length":33,"Height":22,"Demand":4,"DemandMax":null,"Value":726},{"Length":45,"Height":16,"Demand":4,"DemandMax":null,"Value":720},{"Length":30,"Height":24,"Demand":12,"DemandMax":null,"Value":720},{"Length":40,"Height":18,"Demand":8,"DemandMax":null,"Value":720},{"Length":36,"Height":20,"Demand":5,"DemandMax":null,"Value":720},{"Length":42,"Height":17,"Demand":3,"DemandMax":null,"Value":714},{"Length":31,"Height":23,"Demand":1,"DemandMax":null,"Value":713},{"Length":47,"Height":15,"Demand":5,"DemandMax":null,"Value":705},{"Length":44,"Height":16,"Demand":3,"DemandMax":null,"Value":704},{"Length":32,"Height":22,"Demand":5,"DemandMax":null,"Value":704},{"Length":37,"Height":19,"Demand":4,"DemandMax":null,"Value":703},{"Length":27,"Height":26,"Demand":4,"DemandMax":null,"Value":702},{"Length":39,"Height":18,"Demand":2,"DemandMax":null,"Value":702},{"Length":35,"Height":20,"Demand":4,"DemandMax":null,"Value":700},{"Length":33,"Height":21,"Demand":4,"DemandMax":null,"Value":693},{"Length":36,"Height":19,"Demand":7,"DemandMax":null,"Value":684},{"Length":31,"Height":22,"Demand":2,"DemandMax":null,"Value":682},{"Length":27,"Height":25,"Demand":8,"DemandMax":null,"Value":675},{"Length":28,"Height":24,"Demand":7,"DemandMax":null,"Value":672},{"Length":48,"Height":14,"Demand":6,"DemandMax":null,"Value":672},{"Length":29,"Height":23,"Demand":5,"DemandMax":null,"Value":667},{"Length":37,"Height":18,"Demand":2,"DemandMax":null,"Value":666},{"Length":39,"Height":17,"Demand":4,"DemandMax":null,"Value":663},{"Length":44,"Height":15,"Demand":4,"DemandMax":null,"Value":660},{"Length":36,"Height":18,"Demand":5,"DemandMax":null,"Value":648},{"Length":27,"Height":24,"Demand":4,"DemandMax":null,"Value":648},{"Length":33,"Height":19,"Demand":4,"DemandMax":null,"Value":627},{"Length":57,"Height":11,"Demand":3,"DemandMax":null,"Value":627},{"Length":26,"Height":24,"Demand":2,"DemandMax":null,"Value":624},{"Length":48,"Height":13,"Demand":5,"DemandMax":null,"Value":624},{"Length":28,"Height":22,"Demand":7,"DemandMax":null,"Value":616},{"Length":41,"Height":15,"Demand":4,"DemandMax":null,"Value":615},{"Length":51,"Height":12,"Demand":1,"DemandMax":null,"Value":612},{"Length":25,"Height":24,"Demand":2,"DemandMax":null,"Value":600},{"Length":26,"Height":23,"Demand":5,"DemandMax":null,"Value":598},{"Length":33,"Height":18,"Demand":7,"DemandMax":null,"Value":594},{"Length":37,"Height":16,"Demand":3,"DemandMax":null,"Value":592},{"Length":29,"Height":20,"Demand":3,"DemandMax":null,"Value":580},{"Length":36,"Height":16,"Demand":2,"DemandMax":null,"Value":576},{"Length":25,"Height":23,"Demand":9,"DemandMax":null,"Value":575},{"Length":28,"Height":20,"Demand":4,"DemandMax":null,"Value":560},{"Length":37,"Height":15,"Demand":6,"DemandMax":null,"Value":555},{"Length":46,"Height":12,"Demand":7,"DemandMax":null,"Value":552},{"Length":26,"Height":21,"Demand":3,"DemandMax":null,"Value":546},{"Length":39,"Height":14,"Demand":2,"DemandMax":null,"Value":546},{"Length":27,"Height":20,"Demand":3,"DemandMax":null,"Value":540},{"Length":30,"Height":18,"Demand":5,"DemandMax":null,"Value":540},{"Length":45,"Height":12,"Demand":3,"DemandMax":null,"Value":540},{"Length":54,"Height":10,"Demand":2,"DemandMax":null,"Value":540},{"Length":41,"Height":13,"Demand":3,"DemandMax":null,"Value":533},{"Length":48,"Height":11,"Demand":5,"DemandMax":null,"Value":528},{"Length":44,"Height":12,"Demand":1,"DemandMax":null,"Value":528},{"Length":25,"Height":21,"Demand":4,"DemandMax":null,"Value":525},{"Length":29,"Height":18,"Demand":4,"DemandMax":null,"Value":522},{"Length":27,"Height":19,"Demand":4,"DemandMax":null,"Value":513},{"Length":30,"Height":17,"Demand":7,"DemandMax":null,"Value":510},{"Length":23,"Height":22,"Demand":8,"DemandMax":null,"Value":506},{"Length":42,"Height":12,"Demand":3,"DemandMax":null,"Value":504},{"Length":25,"Height":20,"Demand":2,"DemandMax":null,"Value":500},{"Length":50,"Height":10,"Demand":6,"DemandMax":null,"Value":500},{"Length":33,"Height":15,"Demand":3,"DemandMax":null,"Value":495},{"Length":23,"Height":21,"Demand":4,"DemandMax":null,"Value":483},{"Length":30,"Height":16,"Demand":4,"DemandMax":null,"Value":480},{"Length":24,"Height":20,"Demand":2,"DemandMax":null,"Value":480},{"Length":34,"Height":14,"Demand":2,"DemandMax":null,"Value":476},{"Length":28,"Height":17,"Demand":4,"DemandMax":null,"Value":476},{"Length":31,"Height":15,"Demand":6,"DemandMax":null,"Value":465},{"Length":29,"Height":16,"Demand":6,"DemandMax":null,"Value":464},{"Length":22,"Height":21,"Demand":3,"DemandMax":null,"Value":462},{"Length":23,"Height":20,"Demand":4,"DemandMax":null,"Value":460},{"Length":27,"Height":17,"Demand":1,"DemandMax":null,"Value":459},{"Length":24,"Height":19,"Demand":4,"DemandMax":null,"Value":456},{"Length":41,"Height":11,"Demand":5,"DemandMax":null,"Value":451},{"Length":25,"Height":18,"Demand":5,"DemandMax":null,"Value":450},{"Length":28,"Height":16,"Demand":10,"DemandMax":null,"Value":448},{"Length":34,"Height":13,"Demand":4,"DemandMax":null,"Value":442},{"Length":26,"Height":17,"Demand":8,"DemandMax":null,"Value":442},{"Length":22,"Height":20,"Demand":4,"DemandMax":null,"Value":440},{"Length":23,"Height":19,"Demand":4,"DemandMax":null,"Value":437},{"Length":29,"Height":15,"Demand":3,"DemandMax":null,"Value":435},{"Length":36,"Height":12,"Demand":4,"DemandMax":null,"Value":432},{"Length":24,"Height":18,"Demand":5,"DemandMax":null,"Value":432},{"Length":27,"Height":16,"Demand":2,"DemandMax":null,"Value":432},{"Length":43,"Height":10,"Demand":8,"DemandMax":null,"Value":430},{"Length":33,"Height":13,"Demand":3,"DemandMax":null,"Value":429},{"Length":25,"Height":17,"Demand":4,"DemandMax":null,"Value":425},{"Length":42,"Height":10,"Demand":7,"DemandMax":null,"Value":420},{"Length":22,"Height":19,"Demand":3,"DemandMax":null,"Value":418},{"Length":37,"Height":11,"Demand":2,"DemandMax":null,"Value":407},{"Length":27,"Height":15,"Demand":3,"DemandMax":null,"Value":405},{"Length":20,"Height":20,"Demand":5,"DemandMax":null,"Value":400},{"Length":21,"Height":19,"Demand":7,"DemandMax":null,"Value":399},{"Length":33,"Height":12,"Demand":3,"DemandMax":null,"Value":396},{"Length":39,"Height":10,"Demand":7,"DemandMax":null,"Value":390},{"Length":26,"Height":15,"Demand":4,"DemandMax":null,"Value":390},{"Length":35,"Height":11,"Demand":4,"DemandMax":null,"Value":385},{"Length":38,"Height":10,"Demand":9,"DemandMax":null,"Value":380},{"Length":21,"Height":18,"Demand":9,"DemandMax":null,"Value":378},{"Length":26,"Height":14,"Demand":5,"DemandMax":null,"Value":364},{"Length":20,"Height":18,"Demand":3,"DemandMax":null,"Value":360},{"Length":30,"Height":12,"Demand":9,"DemandMax":null,"Value":360},{"Length":24,"Height":15,"Demand":4,"DemandMax":null,"Value":360},{"Length":32,"Height":11,"Demand":3,"DemandMax":null,"Value":352},{"Length":27,"Height":13,"Demand":4,"DemandMax":null,"Value":351},{"Length":25,"Height":14,"Demand":5,"DemandMax":null,"Value":350},{"Length":31,"Height":11,"Demand":4,"DemandMax":null,"Value":341},{"Length":34,"Height":10,"Demand":5,"DemandMax":null,"Value":340},{"Length":24,"Height":14,"Demand":4,"DemandMax":null,"Value":336},{"Length":30,"Height":11,"Demand":7,"DemandMax":null,"Value":330},{"Length":21,"Height":15,"Demand":5,"DemandMax":null,"Value":315},{"Length":22,"Height":14,"Demand":2,"DemandMax":null,"Value":308},{"Length":28,"Height":11,"Demand":6,"DemandMax":null,"Value":308},{"Length":19,"Height":16,"Demand":4,"DemandMax":null,"Value":304},{"Length":30,"Height":10,"Demand":4,"DemandMax":null,"Value":300},{"Length":20,"Height":15,"Demand":2,"DemandMax":null,"Value":300},{"Length":29,"Height":10,"Demand":1,"DemandMax":null,"Value":290},{"Length":18,"Height":16,"Demand":1,"DemandMax":null,"Value":288},{"Length":24,"Height":12,"Demand":5,"DemandMax":null,"Value":288},{"Length":19,"Height":15,"Demand":6,"DemandMax":null,"Value":285},{"Length":21,"Height":13,"Demand":3,"DemandMax":null,"Value":273},{"Length":18,"Height":15,"Demand":4,"DemandMax":null,"Value":270},{"Length":22,"Height":12,"Demand":2,"DemandMax":null,"Value":264},{"Length":26,"Height":10,"Demand":3,"DemandMax":null,"Value":260},{"Length":23,"Height":11,"Demand":4,"DemandMax":null,"Value":253},{"Length":21,"Height":12,"Demand":8,"DemandMax":null,"Value":252},{"Length":18,"Height":14,"Demand":3,"DemandMax":null,"Value":252},{"Length":19,"Height":13,"Demand":4,"DemandMax":null,"Value":247},{"Length":16,"Height":15,"Demand":4,"DemandMax":null,"Value":240},{"Length":20,"Height":12,"Demand":3,"DemandMax":null,"Value":240},{"Length":18,"Height":13,"Demand":5,"DemandMax":null,"Value":234},{"Length":17,"Height":13,"Demand":2,"DemandMax":null,"Value":221},{"Length":18,"Height":12,"Demand":7,"DemandMax":null,"Value":216},{"Length":21,"Height":10,"Demand":3,"DemandMax":null,"Value":210},{"Length":19,"Height":11,"Demand":4,"DemandMax":null,"Value":209},{"Length":16,"Height":13,"Demand":4,"DemandMax":null,"Value":208},{"Length":17,"Height":12,"Demand":6,"DemandMax":null,"Value":204},{"Length":19,"Height":10,"Demand":2,"DemandMax":null,"Value":190},{"Length":14,"Height":13,"Demand":6,"DemandMax":null,"Value":182},{"Length":16,"Height":10,"Demand":2,"DemandMax":null,"Value":160},{"Length":12,"Height":10,"Demand":3,"DemandMax":null,"Value":120}]}