{"Name":"MB08_147","Objects":[{"Length":587,"Height":233,"Stock":null,"Cost":136771}],"Items":[{"Length":60,"Height":49,"Demand":3,"DemandMax":null,"Value":2940},{"Length":57,"Height":50,"Demand":1,"DemandMax":null,"Value":2850},{"Length":57,"Height":49,"Demand":1,"DemandMax":null,"Value":2793},{"Length":59,"Height":45,"Demand":1,"DemandMax":null,"Value":2655},{"Length":56,"Height":46,"Demand":3,"DemandMax":null,"Value":2576},{"Length":58,"Height":44,"Demand":2,"DemandMax":null,"Value":2552},{"Length":51,"Height":50,"Demand":2,"DemandMax":null,"Value":2550},{"Length":52,"Height":48,"Demand":2,"DemandMax":null,"Value":2496},{"Length":54,"Height":46,"Demand":3,"DemandMax":null,"Value":2484},{"Length":59,"Height":42,"Demand":2,"DemandMax":null,"Value":2478},{"Length":50,"Height":48,"Demand":1,"DemandMax":null,"Value":2400},{"Length":52,"Height":46,"Demand":1,"DemandMax":null,"Value":2392},{"Length":54,"Height":44,"Demand":1,"DemandMax":null,"Value":2376},{"Length":60,"Height":39,"Demand":2,"DemandMax":null,"Value":2340},{"Length":50,"Height":46,"Demand":1,"DemandMax":null,"Value":2300},{"Length":51,"Height":45,"Demand":1,"DemandMax":null,"Value":2295},{"Length":49,"Height":46,"Demand":1,"DemandMax":null,"Value":2254},{"Length":50,"Height":45,"Demand":1,"DemandMax":null,"Value":2250},{"Length":56,"Height":40,"Demand":1,"DemandMax":null,"Value":2240},{"Length":52,"Height":43,"Demand":4,"DemandMax":null,"Value":2236},{"Length":49,"Height":45,"Demand":4,"DemandMax":null,"Value":2205},{"Length":58,"Height":38,"Demand":2,"DemandMax":null,"Value":2204},{"Length":57,"Height":38,"Demand":3,"DemandMax":null,"Value":2166},{"Length":54,"Height":40,"Demand":4,"DemandMax":null,"Value":2160},{"Length":60,"Height":36,"Demand":2,"DemandMax":null,"Value":2160},{"Length":50,"Height":43,"Demand":2,"DemandMax":null,"Value":2150},{"Length":55,"Height":39,"Demand":2,"DemandMax":null,"Value":2145},{"Length":59,"Height":36,"Demand":2,"DemandMax":null,"Value":2124},{"Length":53,"Height":40,"Demand":3,"DemandMax":null,"Value":2120},{"Length":54,"Height":39,"Demand":2,"DemandMax":null,"Value":2106},{"Length":47,"Height":44,"Demand":2,"DemandMax":null,"Value":2068},{"Length":53,"Height":39,"Demand":2,"DemandMax":null,"Value":2067},{"Length":49,"Height":42,"Demand":3,"DemandMax":null,"Value":2058},{"Length":55,"Height":37,"Demand":1,"DemandMax":null,"Value":2035},{"Length":58,"Height":35,"Demand":1,"DemandMax":null,"Value":2030},{"Length":59,"Height":34,"Demand":4,"DemandMax":null,"Value":2006},{"Length":54,"Height":37,"Demand":2,"DemandMax":null,"Value":1998},{"Length":60,"Height":33,"Demand":1,"DemandMax":null,"Value":1980},{"Length":47,"Height":42,"Demand":2,"DemandMax":null,"Value":1974},{"Length":48,"Height":41,"Demand":1,"DemandMax":null,"Value":1968},{"Length":50,"Height":39,"Demand":1,"DemandMax":null,"Value":1950},{"Length":54,"Height":36,"Demand":3,"DemandMax":null,"Value":1944},{"Length":51,"Height":38,"Demand":3,"DemandMax":null,"Value":1938},{"Length":47,"Height":41,"Demand":1,"DemandMax":null,"Value":1927},{"Length":52,"Height":37,"Demand":1,"DemandMax":null,"Value":1924},{"Length":58,"Height":33,"Demand":1,"DemandMax":null,"Value":1914},{"Length":49,"Height":39,"Demand":2,"DemandMax":null,"Value":1911},{"Length":53,"Height":36,"Demand":4,"DemandMax":null,"Value":1908},{"Length":45,"Height":42,"Demand":2,"DemandMax":null,"Value":1890},{"Length":59,"Height":32,"Demand":1,"DemandMax":null,"Value":1888},{"Length":52,"Height":36,"Demand":1,"DemandMax":null,"Value":1872},{"Length":48,"Height":39,"Demand":3,"DemandMax":null,"Value":1872},{"Length":49,"Height":38,"Demand":2,"DemandMax":null,"Value":1862},{"Length":53,"Height":35,"Demand":4,"DemandMax":null,"Value":1855},{"Length":50,"Height":37,"Demand":2,"DemandMax":null,"Value":1850},{"Length":47,"Height":39,"Demand":1,"DemandMax":null,"Value":1833},{"Length":59,"Height":31,"Demand":1,"DemandMax":null,"Value":1829},{"Length":44,"Height":41,"Demand":2,"DemandMax":null,"Value":1804},{"Length":53,"Height":34,"Demand":3,"DemandMax":null,"Value":1802},{"Length":60,"Height":30,"Demand":1,"DemandMax":null,"Value":1800},{"Length":50,"Height":36,"Demand":3,"DemandMax":null,"Value":1800},{"Length":58,"Height":31,"Demand":2,"DemandMax":null,"Value":1798},{"Length":46,"Height":39,"Demand":2,"DemandMax":null,"Value":1794},{"Length":56,"Height":32,"Demand":1,"DemandMax":null,"Value":1792},{"Length":49,"Height":36,"Demand":1,"DemandMax":null,"Value":1764},{"Length":55,"Height":32,"Demand":4,"DemandMax":null,"Value":1760},{"Length":44,"Height":40,"Demand":5,"DemandMax":null,"Value":1760},{"Length":45,"Height":39,"Demand":3,"DemandMax":null,"Value":1755},{"Length":53,"Height":33,"Demand":3,"DemandMax":null,"Value":1749},{"Length":47,"Height":37,"Demand":2,"DemandMax":null,"Value":1739},{"Length":56,"Height":31,"Demand":3,"DemandMax":null,"Value":1736},{"Length":51,"Height":34,"Demand":1,"DemandMax":null,"Value":1734},{"Length":54,"Height":32,"Demand":2,"DemandMax":null,"Value":1728},{"Length":43,"Height":40,"Demand":1,"DemandMax":null,"Value":1720},{"Length":44,"Height":39,"Demand":3,"DemandMax":null,"Value":1716},{"Length":46,"Height":37,"Demand":2,"DemandMax":null,"Value":1702},{"Length":53,"Height":32,"Demand":2,"DemandMax":null,"Value":1696},{"Length":47,"Height":36,"Demand":2,"DemandMax":null,"Value":1692},{"Length":48,"Height":35,"Demand":3,"DemandMax":null,"Value":1680},{"Length":54,"Height":31,"Demand":1,"DemandMax":null,"Value":1674},{"Length":49,"Height":34,"Demand":3,"DemandMax":null,"Value":1666},{"Length":57,"Height":29,"Demand":1,"DemandMax":null,"Value":1653},{"Length":55,"Height":30,"Demand":2,"DemandMax":null,"Value":1650},{"Length":53,"Height":31,"Demand":4,"DemandMax":null,"Value":1643},{"Length":42,"Height":39,"Demand":2,"DemandMax":null,"Value":1638},{"Length":43,"Height":38,"Demand":1,"DemandMax":null,"Value":1634},{"Length":48,"Height":34,"Demand":3,"DemandMax":null,"Value":1632},{"Length":44,"Height":37,"Demand":2,"DemandMax":null,"Value":1628},{"Length":54,"Height":30,"Demand":1,"DemandMax":null,"Value":1620},{"Length":45,"Height":36,"Demand":1,"DemandMax":null,"Value":1620},{"Length":49,"Height":33,"Demand":3,"DemandMax":null,"Value":1617},{"Length":52,"Height":31,"Demand":3,"DemandMax":null,"Value":1612},{"Length":40,"Height":40,"Demand":2,"DemandMax":null,"Value":1600},{"Length":41,"Height":39,"Demand":2,"DemandMax":null,"Value":1599},{"Length":42,"Height":38,"Demand":2,"DemandMax":null,"Value":1596},{"Length":55,"Height":29,"Demand":2,"DemandMax":null,"Value":1595},{"Length":43,"Height":37,"Demand":1,"DemandMax":null,"Value":1591},{"Length":48,"Height":33,"Demand":2,"DemandMax":null,"Value":1584},{"Length":51,"Height":31,"Demand":3,"DemandMax":null,"Value":1581},{"Length":45,"Height":35,"Demand":1,"DemandMax":null,"Value":1575},{"Length":54,"Height":29,"Demand":1,"DemandMax":null,"Value":1566},{"Length":58,"Height":27,"Demand":1,"DemandMax":null,"Value":1566},{"Length":46,"Height":34,"Demand":2,"DemandMax":null,"Value":1564},{"Length":50,"Height":31,"Demand":2,"DemandMax":null,"Value":1550},{"Length":44,"Height":35,"Demand":1,"DemandMax":null,"Value":1540},{"Length":55,"Height":28,"Demand":1,"DemandMax":null,"Value":1540},{"Length":48,"Height":32,"Demand":1,"DemandMax":null,"Value":1536},{"Length":45,"Height":34,"Demand":1,"DemandMax":null,"Value":1530},{"Length":40,"Height":38,"Demand":2,"DemandMax":null,"Value":1520},{"Length":49,"Height":31,"Demand":5,"DemandMax":null,"Value":1519},{"Length":42,"Height":36,"Demand":1,"DemandMax":null,"Value":1512},{"Length":47,"Height":32,"Demand":2,"DemandMax":null,"Value":1504},{"Length":48,"Height":31,"Demand":2,"DemandMax":null,"Value":1488},{"Length":45,"Height":33,"Demand":3,"DemandMax":null,"Value":1485},{"Length":53,"Height":28,"Demand":3,"DemandMax":null,"Value":1484},{"Length":57,"Height":26,"Demand":3,"DemandMax":null,"Value":1482},{"Length":51,"Height":29,"Demand":3,"DemandMax":null,"Value":1479},{"Length":41,"Height":36,"Demand":2,"DemandMax":null,"Value":1476},{"Length":46,"Height":32,"Demand":1,"DemandMax":null,"Value":1472},{"Length":42,"Height":35,"Demand":1,"DemandMax":null,"Value":1470},{"Length":54,"Height":27,"Demand":1,"DemandMax":null,"Value":1458},{"Length":44,"Height":33,"Demand":2,"DemandMax":null,"Value":1452},{"Length":38,"Height":38,"Demand":1,"DemandMax":null,"Value":1444},{"Length":39,"Height":37,"Demand":1,"DemandMax":null,"Value":1443},{"Length":45,"Height":32,"Demand":1,"DemandMax":null,"Value":1440},{"Length":40,"Height":36,"Demand":1,"DemandMax":null,"Value":1440},{"Length":41,"Height":35,"Demand":2,"DemandMax":null,"Value":1435},{"Length":51,"Height":28,"Demand":3,"DemandMax":null,"Value":1428},{"Length":46,"Height":31,"Demand":1,"DemandMax":null,"Value":1426},{"Length":43,"Height":33,"Demand":2,"DemandMax":null,"Value":1419},{"Length":59,"Height":24,"Demand":3,"DemandMax":null,"Value":1416},{"Length":47,"Height":30,"Demand":4,"DemandMax":null,"Value":1410},{"Length":44,"Height":32,"Demand":1,"DemandMax":null,"Value":1408},{"Length":38,"Height":37,"Demand":4,"DemandMax":null,"Value":1406},{"Length":39,"Height":36,"Demand":2,"DemandMax":null,"Value":1404},{"Length":54,"Height":26,"Demand":1,"DemandMax":null,"Value":1404},{"Length":56,"Height":25,"Demand":3,"DemandMax":null,"Value":1400},{"Length":50,"Height":28,"Demand":1,"DemandMax":null,"Value":1400},{"Length":58,"Height":24,"Demand":2,"DemandMax":null,"Value":1392},{"Length":48,"Height":29,"Demand":2,"DemandMax":null,"Value":1392},{"Length":42,"Height":33,"Demand":4,"DemandMax":null,"Value":1386},{"Length":46,"Height":30,"Demand":2,"DemandMax":null,"Value":1380},{"Length":51,"Height":27,"Demand":2,"DemandMax":null,"Value":1377},{"Length":43,"Height":32,"Demand":2,"DemandMax":null,"Value":1376},{"Length":49,"Height":28,"Demand":1,"DemandMax":null,"Value":1372},{"Length":57,"Height":24,"Demand":2,"DemandMax":null,"Value":1368},{"Length":39,"Height":35,"Demand":2,"DemandMax":null,"Value":1365},{"Length":47,"Height":29,"Demand":3,"DemandMax":null,"Value":1363},{"Length":40,"Height":34,"Demand":1,"DemandMax":null,"Value":1360},{"Length":41,"Height":33,"Demand":2,"DemandMax":null,"Value":1353},{"Length":50,"Height":27,"Demand":2,"DemandMax":null,"Value":1350},{"Length":45,"Height":30,"Demand":2,"DemandMax":null,"Value":1350},{"Length":48,"Height":28,"Demand":5,"DemandMax":null,"Value":1344},{"Length":46,"Height":29,"Demand":2,"DemandMax":null,"Value":1334},{"Length":43,"Height":31,"Demand":2,"DemandMax":null,"Value":1333},{"Length":37,"Height":36,"Demand":2,"DemandMax":null,"Value":1332},{"Length":38,"Height":35,"Demand":3,"DemandMax":null,"Value":1330},{"Length":39,"Height":34,"Demand":1,"DemandMax":null,"Value":1326},{"Length":53,"Height":25,"Demand":4,"DemandMax":null,"Value":1325},{"Length":40,"Height":33,"Demand":2,"DemandMax":null,"Value":1320},{"Length":47,"Height":28,"Demand":3,"DemandMax":null,"Value":1316},{"Length":41,"Height":32,"Demand":3,"DemandMax":null,"Value":1312},{"Length":45,"Height":29,"Demand":2,"DemandMax":null,"Value":1305},{"Length":42,"Height":31,"Demand":1,"DemandMax":null,"Value":1302},{"Length":48,"Height":27,"Demand":5,"DemandMax":null,"Value":1296},{"Length":36,"Height":36,"Demand":5,"DemandMax":null,"Value":1296},{"Length":54,"Height":24,"Demand":2,"DemandMax":null,"Value":1296},{"Length":38,"Height":34,"Demand":1,"DemandMax":null,"Value":1292},{"Length":43,"Height":30,"Demand":2,"DemandMax":null,"Value":1290},{"Length":46,"Height":28,"Demand":2,"DemandMax":null,"Value":1288},{"Length":39,"Height":33,"Demand":3,"DemandMax":null,"Value":1287},{"Length":40,"Height":32,"Demand":3,"DemandMax":null,"Value":1280},{"Length":58,"Height":22,"Demand":1,"DemandMax":null,"Value":1276},{"Length":53,"Height":24,"Demand":3,"DemandMax":null,"Value":1272},{"Length":42,"Height":30,"Demand":3,"DemandMax":null,"Value":1260},{"Length":45,"Height":28,"Demand":5,"DemandMax":null,"Value":1260},{"Length":36,"Height":35,"Demand":1,"DemandMax":null,"Value":1260},{"Length":60,"Height":21,"Demand":3,"DemandMax":null,"Value":1260},{"Length":37,"Height":34,"Demand":2,"DemandMax":null,"Value":1258},{"Length":38,"Height":33,"Demand":1,"DemandMax":null,"Value":1254},{"Length":50,"Height":25,"Demand":1,"DemandMax":null,"Value":1250},{"Length":39,"Height":32,"Demand":3,"DemandMax":null,"Value":1248},{"Length":46,"Height":27,"Demand":1,"DemandMax":null,"Value":1242},{"Length":40,"Height":31,"Demand":3,"DemandMax":null,"Value":1240},{"Length":44,"Height":28,"Demand":2,"DemandMax":null,"Value":1232},{"Length":41,"Height":30,"Demand":3,"DemandMax":null,"Value":1230},{"Length":49,"Height":25,"Demand":1,"DemandMax":null,"Value":1225},{"Length":36,"Height":34,"Demand":1,"DemandMax":null,"Value":1224},{"Length":51,"Height":24,"Demand":4,"DemandMax":null,"Value":1224},{"Length":47,"Height":26,"Demand":1,"DemandMax":null,"Value":1222},{"Length":37,"Height":33,"Demand":1,"DemandMax":null,"Value":1221},{"Length":42,"Height":29,"Demand":1,"DemandMax":null,"Value":1218},{"Length":38,"Height":32,"Demand":5,"DemandMax":null,"Value":1216},{"Length":45,"Height":27,"Demand":1,"DemandMax":null,"Value":1215},{"Length":39,"Height":31,"Demand":1,"DemandMax":null,"Value":1209},{"Length":43,"Height":28,"Demand":1,"DemandMax":null,"Value":1204},{"Length":40,"Height":30,"Demand":2,"DemandMax":null,"Value":1200},{"Length":50,"Height":24,"Demand":3,"DemandMax":null,"Value":1200},{"Length":57,"Height":21,"Demand":2,"DemandMax":null,"Value":1197},{"Length":35,"Height":34,"Demand":1,"DemandMax":null,"Value":1190},{"Length":41,"Height":29,"Demand":1,"DemandMax":null,"Value":1189},{"Length":54,"Height":22,"Demand":1,"DemandMax":null,"Value":1188},{"Length":37,"Height":32,"Demand":1,"DemandMax":null,"Value":1184},{"Length":59,"Height":20,"Demand":2,"DemandMax":null,"Value":1180},{"Length":38,"Height":31,"Demand":2,"DemandMax":null,"Value":1178},{"Length":42,"Height":28,"Demand":1,"DemandMax":null,"Value":1176},{"Length":49,"Height":24,"Demand":1,"DemandMax":null,"Value":1176},{"Length":39,"Height":30,"Demand":1,"DemandMax":null,"Value":1170},{"Length":53,"Height":22,"Demand":1,"DemandMax":null,"Value":1166},{"Length":48,"Height":24,"Demand":1,"DemandMax":null,"Value":1152},{"Length":36,"Height":32,"Demand":1,"DemandMax":null,"Value":1152},{"Length":37,"Height":31,"Demand":3,"DemandMax":null,"Value":1147},{"Length":52,"Height":22,"Demand":4,"DemandMax":null,"Value":1144},{"Length":44,"Height":26,"Demand":3,"DemandMax":null,"Value":1144},{"Length":38,"Height":30,"Demand":1,"DemandMax":null,"Value":1140},{"Length":54,"Height":21,"Demand":2,"DemandMax":null,"Value":1134},{"Length":47,"Height":24,"Demand":1,"DemandMax":null,"Value":1128},{"Length":49,"Height":23,"Demand":1,"DemandMax":null,"Value":1127},{"Length":45,"Height":25,"Demand":3,"DemandMax":null,"Value":1125},{"Length":34,"Height":33,"Demand":1,"DemandMax":null,"Value":1122},{"Length":56,"Height":20,"Demand":3,"DemandMax":null,"Value":1120},{"Length":35,"Height":32,"Demand":2,"DemandMax":null,"Value":1120},{"Length":43,"Height":26,"Demand":1,"DemandMax":null,"Value":1118},{"Length":48,"Height":23,"Demand":1,"DemandMax":null,"Value":1104},{"Length":38,"Height":29,"Demand":2,"DemandMax":null,"Value":1102},{"Length":42,"Height":26,"Demand":1,"DemandMax":null,"Value":1092},{"Length":39,"Height":28,"Demand":1,"DemandMax":null,"Value":1092},{"Length":33,"Height":33,"Demand":2,"DemandMax":null,"Value":1089},{"Length":35,"Height":31,"Demand":1,"DemandMax":null,"Value":1085},{"Length":40,"Height":27,"Demand":2,"DemandMax":null,"Value":1080},{"Length":60,"Height":18,"Demand":2,"DemandMax":null,"Value":1080},{"Length":49,"Height":22,"Demand":1,"DemandMax":null,"Value":1078},{"Length":43,"Height":25,"Demand":3,"DemandMax":null,"Value":1075},{"Length":37,"Height":29,"Demand":2,"DemandMax":null,"Value":1073},{"Length":41,"Height":26,"Demand":2,"DemandMax":null,"Value":1066},{"Length":38,"Height":28,"Demand":1,"DemandMax":null,"Value":1064},{"Length":33,"Height":32,"Demand":2,"DemandMax":null,"Value":1056},{"Length":39,"Height":27,"Demand":1,"DemandMax":null,"Value":1053},{"Length":50,"Height":21,"Demand":1,"DemandMax":null,"Value":1050},{"Length":55,"Height":19,"Demand":2,"DemandMax":null,"Value":1045},{"Length":36,"Height":29,"Demand":3,"DemandMax":null,"Value":1044},{"Length":45,"Height":23,"Demand":2,"DemandMax":null,"Value":1035},{"Length":43,"Height":24,"Demand":2,"DemandMax":null,"Value":1032},{"Length":57,"Height":18,"Demand":3,"DemandMax":null,"Value":1026},{"Length":38,"Height":27,"Demand":2,"DemandMax":null,"Value":1026},{"Length":32,"Height":32,"Demand":2,"DemandMax":null,"Value":1024},{"Length":33,"Height":31,"Demand":3,"DemandMax":null,"Value":1023},{"Length":34,"Height":30,"Demand":3,"DemandMax":null,"Value":1020},{"Length":60,"Height":17,"Demand":2,"DemandMax":null,"Value":1020},{"Length":35,"Height":29,"Demand":2,"DemandMax":null,"Value":1015},{"Length":44,"Height":23,"Demand":2,"DemandMax":null,"Value":1012},{"Length":36,"Height":28,"Demand":1,"DemandMax":null,"Value":1008},{"Length":53,"Height":19,"Demand":1,"DemandMax":null,"Value":1007},{"Length":40,"Height":25,"Demand":5,"DemandMax":null,"Value":1000},{"Length":50,"Height":20,"Demand":5,"DemandMax":null,"Value":1000},{"Length":33,"Height":30,"Demand":2,"DemandMax":null,"Value":990},{"Length":38,"Height":26,"Demand":2,"DemandMax":null,"Value":988},{"Length":47,"Height":21,"Demand":1,"DemandMax":null,"Value":987},{"Length":34,"Height":29,"Demand":1,"DemandMax":null,"Value":986},{"Length":58,"Height":17,"Demand":2,"DemandMax":null,"Value":986},{"Length":41,"Height":24,"Demand":3,"DemandMax":null,"Value":984},{"Length":35,"Height":28,"Demand":2,"DemandMax":null,"Value":980},{"Length":49,"Height":20,"Demand":1,"DemandMax":null,"Value":980},{"Length":39,"Height":25,"Demand":2,"DemandMax":null,"Value":975},{"Length":46,"Height":21,"Demand":2,"DemandMax":null,"Value":966},{"Length":42,"Height":23,"Demand":2,"DemandMax":null,"Value":966},{"Length":37,"Height":26,"Demand":2,"DemandMax":null,"Value":962},{"Length":40,"Height":24,"Demand":1,"DemandMax":null,"Value":960},{"Length":32,"Height":30,"Demand":4,"DemandMax":null,"Value":960},{"Length":33,"Height":29,"Demand":2,"DemandMax":null,"Value":957},{"Length":34,"Height":28,"Demand":2,"DemandMax":null,"Value":952},{"Length":38,"Height":25,"Demand":1,"DemandMax":null,"Value":950},{"Length":50,"Height":19,"Demand":2,"DemandMax":null,"Value":950},{"Length":41,"Height":23,"Demand":1,"DemandMax":null,"Value":943},{"Length":47,"Height":20,"Demand":4,"DemandMax":null,"Value":940},{"Length":36,"Height":26,"Demand":2,"DemandMax":null,"Value":936},{"Length":39,"Height":24,"Demand":3,"DemandMax":null,"Value":936},{"Length":55,"Height":17,"Demand":2,"DemandMax":null,"Value":935},{"Length":49,"Height":19,"Demand":2,"DemandMax":null,"Value":931},{"Length":31,"Height":30,"Demand":2,"DemandMax":null,"Value":930},{"Length":32,"Height":29,"Demand":5,"DemandMax":null,"Value":928},{"Length":58,"Height":16,"Demand":2,"DemandMax":null,"Value":928},{"Length":37,"Height":25,"Demand":1,"DemandMax":null,"Value":925},{"Length":44,"Height":21,"Demand":3,"DemandMax":null,"Value":924},{"Length":42,"Height":22,"Demand":3,"DemandMax":null,"Value":924},{"Length":33,"Height":28,"Demand":2,"DemandMax":null,"Value":924},{"Length":40,"Height":23,"Demand":2,"DemandMax":null,"Value":920},{"Length":34,"Height":27,"Demand":2,"DemandMax":null,"Value":918},{"Length":48,"Height":19,"Demand":2,"DemandMax":null,"Value":912},{"Length":43,"Height":21,"Demand":1,"DemandMax":null,"Value":903},{"Length":45,"Height":20,"Demand":1,"DemandMax":null,"Value":900},{"Length":30,"Height":30,"Demand":2,"DemandMax":null,"Value":900},{"Length":31,"Height":29,"Demand":2,"DemandMax":null,"Value":899},{"Length":39,"Height":23,"Demand":1,"DemandMax":null,"Value":897},{"Length":32,"Height":28,"Demand":2,"DemandMax":null,"Value":896},{"Length":47,"Height":19,"Demand":1,"DemandMax":null,"Value":893},{"Length":37,"Height":24,"Demand":2,"DemandMax":null,"Value":888},{"Length":34,"Height":26,"Demand":1,"DemandMax":null,"Value":884},{"Length":49,"Height":18,"Demand":1,"DemandMax":null,"Value":882},{"Length":44,"Height":20,"Demand":2,"DemandMax":null,"Value":880},{"Length":35,"Height":25,"Demand":2,"DemandMax":null,"Value":875},{"Length":38,"Height":23,"Demand":1,"DemandMax":null,"Value":874},{"Length":46,"Height":19,"Demand":1,"DemandMax":null,"Value":874},{"Length":31,"Height":28,"Demand":1,"DemandMax":null,"Value":868},{"Length":36,"Height":24,"Demand":2,"DemandMax":null,"Value":864},{"Length":32,"Height":27,"Demand":3,"DemandMax":null,"Value":864},{"Length":48,"Height":18,"Demand":3,"DemandMax":null,"Value":864},{"Length":43,"Height":20,"Demand":3,"DemandMax":null,"Value":860},{"Length":33,"Height":26,"Demand":2,"DemandMax":null,"Value":858},{"Length":39,"Height":22,"Demand":2,"DemandMax":null,"Value":858},{"Length":45,"Height":19,"Demand":1,"DemandMax":null,"Value":855},{"Length":37,"Height":23,"Demand":2,"DemandMax":null,"Value":851},{"Length":50,"Height":17,"Demand":1,"DemandMax":null,"Value":850},{"Length":34,"Height":25,"Demand":1,"DemandMax":null,"Value":850},{"Length":47,"Height":18,"Demand":3,"DemandMax":null,"Value":846},{"Length":42,"Height":20,"Demand":2,"DemandMax":null,"Value":840},{"Length":35,"Height":24,"Demand":2,"DemandMax":null,"Value":840},{"Length":40,"Height":21,"Demand":3,"DemandMax":null,"Value":840},{"Length":31,"Height":27,"Demand":2,"DemandMax":null,"Value":837},{"Length":38,"Height":22,"Demand":2,"DemandMax":null,"Value":836},{"Length":49,"Height":17,"Demand":4,"DemandMax":null,"Value":833},{"Length":52,"Height":16,"Demand":1,"DemandMax":null,"Value":832},{"Length":32,"Height":26,"Demand":2,"DemandMax":null,"Value":832},{"Length":36,"Height":23,"Demand":3,"DemandMax":null,"Value":828},{"Length":33,"Height":25,"Demand":3,"DemandMax":null,"Value":825},{"Length":41,"Height":20,"Demand":4,"DemandMax":null,"Value":820},{"Length":34,"Height":24,"Demand":2,"DemandMax":null,"Value":816},{"Length":29,"Height":28,"Demand":1,"DemandMax":null,"Value":812},{"Length":54,"Height":15,"Demand":1,"DemandMax":null,"Value":810},{"Length":45,"Height":18,"Demand":1,"DemandMax":null,"Value":810},{"Length":31,"Height":26,"Demand":3,"DemandMax":null,"Value":806},{"Length":35,"Height":23,"Demand":1,"DemandMax":null,"Value":805},{"Length":40,"Height":20,"Demand":2,"DemandMax":null,"Value":800},{"Length":32,"Height":25,"Demand":2,"DemandMax":null,"Value":800},{"Length":47,"Height":17,"Demand":2,"DemandMax":null,"Value":799},{"Length":38,"Height":21,"Demand":2,"DemandMax":null,"Value":798},{"Length":42,"Height":19,"Demand":4,"DemandMax":null,"Value":798},{"Length":57,"Height":14,"Demand":3,"DemandMax":null,"Value":798},{"Length":53,"Height":15,"Demand":2,"DemandMax":null,"Value":795},{"Length":33,"Height":24,"Demand":2,"DemandMax":null,"Value":792},{"Length":36,"Height":22,"Demand":3,"DemandMax":null,"Value":792},{"Length":28,"Height":28,"Demand":4,"DemandMax":null,"Value":784},{"Length":34,"Height":23,"Demand":4,"DemandMax":null,"Value":782},{"Length":30,"Height":26,"Demand":1,"DemandMax":null,"Value":780},{"Length":52,"Height":15,"Demand":1,"DemandMax":null,"Value":780},{"Length":60,"Height":13,"Demand":2,"DemandMax":null,"Value":780},{"Length":31,"Height":25,"Demand":3,"DemandMax":null,"Value":775},{"Length":43,"Height":18,"Demand":2,"DemandMax":null,"Value":774},{"Length":35,"Height":22,"Demand":1,"DemandMax":null,"Value":770},{"Length":32,"Height":24,"Demand":5,"DemandMax":null,"Value":768},{"Length":48,"Height":16,"Demand":1,"DemandMax":null,"Value":768},{"Length":59,"Height":13,"Demand":1,"DemandMax":null,"Value":767},{"Length":45,"Height":17,"Demand":2,"DemandMax":null,"Value":765},{"Length":38,"Height":20,"Demand":2,"DemandMax":null,"Value":760},{"Length":40,"Height":19,"Demand":1,"DemandMax":null,"Value":760},{"Length":33,"Height":23,"Demand":2,"DemandMax":null,"Value":759},{"Length":28,"Height":27,"Demand":1,"DemandMax":null,"Value":756},{"Length":36,"Height":21,"Demand":2,"DemandMax":null,"Value":756},{"Length":29,"Height":26,"Demand":1,"DemandMax":null,"Value":754},{"Length":58,"Height":13,"Demand":1,"DemandMax":null,"Value":754},{"Length":30,"Height":25,"Demand":3,"DemandMax":null,"Value":750},{"Length":34,"Height":22,"Demand":1,"DemandMax":null,"Value":748},{"Length":31,"Height":24,"Demand":1,"DemandMax":null,"Value":744},{"Length":57,"Height":13,"Demand":1,"DemandMax":null,"Value":741},{"Length":46,"Height":16,"Demand":2,"DemandMax":null,"Value":736},{"Length":35,"Height":21,"Demand":2,"DemandMax":null,"Value":735},{"Length":56,"Height":13,"Demand":4,"DemandMax":null,"Value":728},{"Length":38,"Height":19,"Demand":1,"DemandMax":null,"Value":722},{"Length":36,"Height":20,"Demand":2,"DemandMax":null,"Value":720},{"Length":48,"Height":15,"Demand":1,"DemandMax":null,"Value":720},{"Length":30,"Height":24,"Demand":1,"DemandMax":null,"Value":720},{"Length":34,"Height":21,"Demand":2,"DemandMax":null,"Value":714},{"Length":31,"Height":23,"Demand":2,"DemandMax":null,"Value":713},{"Length":59,"Height":12,"Demand":2,"DemandMax":null,"Value":708},{"Length":47,"Height":15,"Demand":1,"DemandMax":null,"Value":705},{"Length":44,"Height":16,"Demand":4,"DemandMax":null,"Value":704},{"Length":32,"Height":22,"Demand":1,"DemandMax":null,"Value":704},{"Length":37,"Height":19,"Demand":3,"DemandMax":null,"Value":703},{"Length":27,"Height":26,"Demand":1,"DemandMax":null,"Value":702},{"Length":28,"Height":25,"Demand":2,"DemandMax":null,"Value":700},{"Length":35,"Height":20,"Demand":3,"DemandMax":null,"Value":700},{"Length":50,"Height":14,"Demand":3,"DemandMax":null,"Value":700},{"Length":41,"Height":17,"Demand":1,"DemandMax":null,"Value":697},{"Length":29,"Height":24,"Demand":2,"DemandMax":null,"Value":696},{"Length":58,"Height":12,"Demand":1,"DemandMax":null,"Value":696},{"Length":33,"Height":21,"Demand":3,"DemandMax":null,"Value":693},{"Length":30,"Height":23,"Demand":3,"DemandMax":null,"Value":690},{"Length":46,"Height":15,"Demand":3,"DemandMax":null,"Value":690},{"Length":49,"Height":14,"Demand":1,"DemandMax":null,"Value":686},{"Length":38,"Height":18,"Demand":3,"DemandMax":null,"Value":684},{"Length":36,"Height":19,"Demand":1,"DemandMax":null,"Value":684},{"Length":31,"Height":22,"Demand":1,"DemandMax":null,"Value":682},{"Length":40,"Height":17,"Demand":1,"DemandMax":null,"Value":680},{"Length":34,"Height":20,"Demand":1,"DemandMax":null,"Value":680},{"Length":52,"Height":13,"Demand":2,"DemandMax":null,"Value":676},{"Length":26,"Height":26,"Demand":1,"DemandMax":null,"Value":676},{"Length":27,"Height":25,"Demand":1,"DemandMax":null,"Value":675},{"Length":48,"Height":14,"Demand":2,"DemandMax":null,"Value":672},{"Length":28,"Height":24,"Demand":2,"DemandMax":null,"Value":672},{"Length":32,"Height":21,"Demand":2,"DemandMax":null,"Value":672},{"Length":29,"Height":23,"Demand":2,"DemandMax":null,"Value":667},{"Length":37,"Height":18,"Demand":4,"DemandMax":null,"Value":666},{"Length":35,"Height":19,"Demand":1,"DemandMax":null,"Value":665},{"Length":51,"Height":13,"Demand":3,"DemandMax":null,"Value":663},{"Length":39,"Height":17,"Demand":2,"DemandMax":null,"Value":663},{"Length":30,"Height":22,"Demand":4,"DemandMax":null,"Value":660},{"Length":33,"Height":20,"Demand":3,"DemandMax":null,"Value":660},{"Length":47,"Height":14,"Demand":2,"DemandMax":null,"Value":658},{"Length":41,"Height":16,"Demand":1,"DemandMax":null,"Value":656},{"Length":26,"Height":25,"Demand":2,"DemandMax":null,"Value":650},{"Length":50,"Height":13,"Demand":2,"DemandMax":null,"Value":650},{"Length":36,"Height":18,"Demand":2,"DemandMax":null,"Value":648},{"Length":27,"Height":24,"Demand":1,"DemandMax":null,"Value":648},{"Length":38,"Height":17,"Demand":3,"DemandMax":null,"Value":646},{"Length":34,"Height":19,"Demand":2,"DemandMax":null,"Value":646},{"Length":28,"Height":23,"Demand":1,"DemandMax":null,"Value":644},{"Length":40,"Height":16,"Demand":2,"DemandMax":null,"Value":640},{"Length":42,"Height":15,"Demand":4,"DemandMax":null,"Value":630},{"Length":45,"Height":14,"Demand":3,"DemandMax":null,"Value":630},{"Length":35,"Height":18,"Demand":8,"DemandMax":null,"Value":630},{"Length":30,"Height":21,"Demand":1,"DemandMax":null,"Value":630},{"Length":33,"Height":19,"Demand":3,"DemandMax":null,"Value":627},{"Length":26,"Height":24,"Demand":2,"DemandMax":null,"Value":624},{"Length":52,"Height":12,"Demand":7,"DemandMax":null,"Value":624},{"Length":48,"Height":13,"Demand":1,"DemandMax":null,"Value":624},{"Length":27,"Height":23,"Demand":3,"DemandMax":null,"Value":621},{"Length":31,"Height":20,"Demand":2,"DemandMax":null,"Value":620},{"Length":28,"Height":22,"Demand":1,"DemandMax":null,"Value":616},{"Length":44,"Height":14,"Demand":1,"DemandMax":null,"Value":616},{"Length":41,"Height":15,"Demand":1,"DemandMax":null,"Value":615},{"Length":34,"Height":18,"Demand":3,"DemandMax":null,"Value":612},{"Length":36,"Height":17,"Demand":3,"DemandMax":null,"Value":612},{"Length":29,"Height":21,"Demand":1,"DemandMax":null,"Value":609},{"Length":32,"Height":19,"Demand":1,"DemandMax":null,"Value":608},{"Length":43,"Height":14,"Demand":3,"DemandMax":null,"Value":602},{"Length":25,"Height":24,"Demand":1,"DemandMax":null,"Value":600},{"Length":50,"Height":12,"Demand":2,"DemandMax":null,"Value":600},{"Length":26,"Height":23,"Demand":2,"DemandMax":null,"Value":598},{"Length":27,"Height":22,"Demand":3,"DemandMax":null,"Value":594},{"Length":33,"Height":18,"Demand":4,"DemandMax":null,"Value":594},{"Length":37,"Height":16,"Demand":3,"DemandMax":null,"Value":592},{"Length":31,"Height":19,"Demand":3,"DemandMax":null,"Value":589},{"Length":49,"Height":12,"Demand":3,"DemandMax":null,"Value":588},{"Length":42,"Height":14,"Demand":2,"DemandMax":null,"Value":588},{"Length":28,"Height":21,"Demand":1,"DemandMax":null,"Value":588},{"Length":39,"Height":15,"Demand":2,"DemandMax":null,"Value":585},{"Length":53,"Height":11,"Demand":1,"DemandMax":null,"Value":583},{"Length":29,"Height":20,"Demand":3,"DemandMax":null,"Value":580},{"Length":34,"Height":17,"Demand":1,"DemandMax":null,"Value":578},{"Length":48,"Height":12,"Demand":1,"DemandMax":null,"Value":576},{"Length":24,"Height":24,"Demand":1,"DemandMax":null,"Value":576},{"Length":32,"Height":18,"Demand":1,"DemandMax":null,"Value":576},{"Length":36,"Height":16,"Demand":1,"DemandMax":null,"Value":576},{"Length":25,"Height":23,"Demand":2,"DemandMax":null,"Value":575},{"Length":26,"Height":22,"Demand":1,"DemandMax":null,"Value":572},{"Length":38,"Height":15,"Demand":1,"DemandMax":null,"Value":570},{"Length":30,"Height":19,"Demand":1,"DemandMax":null,"Value":570},{"Length":57,"Height":10,"Demand":2,"DemandMax":null,"Value":570},{"Length":27,"Height":21,"Demand":1,"DemandMax":null,"Value":567},{"Length":47,"Height":12,"Demand":3,"DemandMax":null,"Value":564},{"Length":33,"Height":17,"Demand":1,"DemandMax":null,"Value":561},{"Length":51,"Height":11,"Demand":1,"DemandMax":null,"Value":561},{"Length":40,"Height":14,"Demand":2,"DemandMax":null,"Value":560},{"Length":35,"Height":16,"Demand":6,"DemandMax":null,"Value":560},{"Length":56,"Height":10,"Demand":1,"DemandMax":null,"Value":560},{"Length":28,"Height":20,"Demand":1,"DemandMax":null,"Value":560},{"Length":43,"Height":13,"Demand":3,"DemandMax":null,"Value":559},{"Length":31,"Height":18,"Demand":1,"DemandMax":null,"Value":558},{"Length":37,"Height":15,"Demand":4,"DemandMax":null,"Value":555},{"Length":24,"Height":23,"Demand":2,"DemandMax":null,"Value":552},{"Length":29,"Height":19,"Demand":2,"DemandMax":null,"Value":551},{"Length":50,"Height":11,"Demand":2,"DemandMax":null,"Value":550},{"Length":25,"Height":22,"Demand":1,"DemandMax":null,"Value":550},{"Length":26,"Height":21,"Demand":1,"DemandMax":null,"Value":546},{"Length":34,"Height":16,"Demand":1,"DemandMax":null,"Value":544},{"Length":36,"Height":15,"Demand":3,"DemandMax":null,"Value":540},{"Length":30,"Height":18,"Demand":7,"DemandMax":null,"Value":540},{"Length":27,"Height":20,"Demand":1,"DemandMax":null,"Value":540},{"Length":49,"Height":11,"Demand":4,"DemandMax":null,"Value":539},{"Length":38,"Height":14,"Demand":4,"DemandMax":null,"Value":532},{"Length":23,"Height":23,"Demand":2,"DemandMax":null,"Value":529},{"Length":33,"Height":16,"Demand":4,"DemandMax":null,"Value":528},{"Length":24,"Height":22,"Demand":1,"DemandMax":null,"Value":528},{"Length":31,"Height":17,"Demand":2,"DemandMax":null,"Value":527},{"Length":35,"Height":15,"Demand":2,"DemandMax":null,"Value":525},{"Length":29,"Height":18,"Demand":3,"DemandMax":null,"Value":522},{"Length":26,"Height":20,"Demand":2,"DemandMax":null,"Value":520},{"Length":40,"Height":13,"Demand":3,"DemandMax":null,"Value":520},{"Length":52,"Height":10,"Demand":1,"DemandMax":null,"Value":520},{"Length":43,"Height":12,"Demand":1,"DemandMax":null,"Value":516},{"Length":32,"Height":16,"Demand":1,"DemandMax":null,"Value":512},{"Length":34,"Height":15,"Demand":2,"DemandMax":null,"Value":510},{"Length":30,"Height":17,"Demand":4,"DemandMax":null,"Value":510},{"Length":51,"Height":10,"Demand":1,"DemandMax":null,"Value":510},{"Length":39,"Height":13,"Demand":4,"DemandMax":null,"Value":507},{"Length":42,"Height":12,"Demand":2,"DemandMax":null,"Value":504},{"Length":28,"Height":18,"Demand":4,"DemandMax":null,"Value":504},{"Length":36,"Height":14,"Demand":1,"DemandMax":null,"Value":504},{"Length":25,"Height":20,"Demand":1,"DemandMax":null,"Value":500},{"Length":31,"Height":16,"Demand":1,"DemandMax":null,"Value":496},{"Length":33,"Height":15,"Demand":1,"DemandMax":null,"Value":495},{"Length":45,"Height":11,"Demand":1,"DemandMax":null,"Value":495},{"Length":38,"Height":13,"Demand":2,"DemandMax":null,"Value":494},{"Length":26,"Height":19,"Demand":2,"DemandMax":null,"Value":494},{"Length":29,"Height":17,"Demand":3,"DemandMax":null,"Value":493},{"Length":35,"Height":14,"Demand":3,"DemandMax":null,"Value":490},{"Length":49,"Height":10,"Demand":1,"DemandMax":null,"Value":490},{"Length":27,"Height":18,"Demand":2,"DemandMax":null,"Value":486},{"Length":44,"Height":11,"Demand":4,"DemandMax":null,"Value":484},{"Length":23,"Height":21,"Demand":1,"DemandMax":null,"Value":483},{"Length":37,"Height":13,"Demand":1,"DemandMax":null,"Value":481},{"Length":30,"Height":16,"Demand":1,"DemandMax":null,"Value":480},{"Length":48,"Height":10,"Demand":1,"DemandMax":null,"Value":480},{"Length":28,"Height":17,"Demand":2,"DemandMax":null,"Value":476},{"Length":25,"Height":19,"Demand":3,"DemandMax":null,"Value":475},{"Length":43,"Height":11,"Demand":1,"DemandMax":null,"Value":473},{"Length":47,"Height":10,"Demand":2,"DemandMax":null,"Value":470},{"Length":39,"Height":12,"Demand":2,"DemandMax":null,"Value":468},{"Length":36,"Height":13,"Demand":2,"DemandMax":null,"Value":468},{"Length":31,"Height":15,"Demand":2,"DemandMax":null,"Value":465},{"Length":29,"Height":16,"Demand":3,"DemandMax":null,"Value":464},{"Length":33,"Height":14,"Demand":2,"DemandMax":null,"Value":462},{"Length":22,"Height":21,"Demand":5,"DemandMax":null,"Value":462},{"Length":42,"Height":11,"Demand":5,"DemandMax":null,"Value":462},{"Length":27,"Height":17,"Demand":1,"DemandMax":null,"Value":459},{"Length":24,"Height":19,"Demand":3,"DemandMax":null,"Value":456},{"Length":35,"Height":13,"Demand":1,"DemandMax":null,"Value":455},{"Length":30,"Height":15,"Demand":1,"DemandMax":null,"Value":450},{"Length":25,"Height":18,"Demand":1,"DemandMax":null,"Value":450},{"Length":28,"Height":16,"Demand":1,"DemandMax":null,"Value":448},{"Length":26,"Height":17,"Demand":3,"DemandMax":null,"Value":442},{"Length":34,"Height":13,"Demand":1,"DemandMax":null,"Value":442},{"Length":40,"Height":11,"Demand":2,"DemandMax":null,"Value":440},{"Length":22,"Height":20,"Demand":4,"DemandMax":null,"Value":440},{"Length":23,"Height":19,"Demand":1,"DemandMax":null,"Value":437},{"Length":29,"Height":15,"Demand":3,"DemandMax":null,"Value":435},{"Length":31,"Height":14,"Demand":1,"DemandMax":null,"Value":434},{"Length":36,"Height":12,"Demand":3,"DemandMax":null,"Value":432},{"Length":24,"Height":18,"Demand":5,"DemandMax":null,"Value":432},{"Length":27,"Height":16,"Demand":6,"DemandMax":null,"Value":432},{"Length":43,"Height":10,"Demand":2,"DemandMax":null,"Value":430},{"Length":33,"Height":13,"Demand":2,"DemandMax":null,"Value":429},{"Length":25,"Height":17,"Demand":2,"DemandMax":null,"Value":425},{"Length":35,"Height":12,"Demand":4,"DemandMax":null,"Value":420},{"Length":21,"Height":20,"Demand":10,"DemandMax":null,"Value":420},{"Length":28,"Height":15,"Demand":2,"DemandMax":null,"Value":420},{"Length":30,"Height":14,"Demand":2,"DemandMax":null,"Value":420},{"Length":22,"Height":19,"Demand":3,"DemandMax":null,"Value":418},{"Length":38,"Height":11,"Demand":1,"DemandMax":null,"Value":418},{"Length":26,"Height":16,"Demand":5,"DemandMax":null,"Value":416},{"Length":32,"Height":13,"Demand":1,"DemandMax":null,"Value":416},{"Length":23,"Height":18,"Demand":1,"DemandMax":null,"Value":414},{"Length":41,"Height":10,"Demand":1,"DemandMax":null,"Value":410},{"Length":24,"Height":17,"Demand":2,"DemandMax":null,"Value":408},{"Length":37,"Height":11,"Demand":2,"DemandMax":null,"Value":407},{"Length":29,"Height":14,"Demand":3,"DemandMax":null,"Value":406},{"Length":27,"Height":15,"Demand":1,"DemandMax":null,"Value":405},{"Length":31,"Height":13,"Demand":1,"DemandMax":null,"Value":403},{"Length":20,"Height":20,"Demand":3,"DemandMax":null,"Value":400},{"Length":25,"Height":16,"Demand":1,"DemandMax":null,"Value":400},{"Length":21,"Height":19,"Demand":2,"DemandMax":null,"Value":399},{"Length":28,"Height":14,"Demand":3,"DemandMax":null,"Value":392},{"Length":23,"Height":17,"Demand":2,"DemandMax":null,"Value":391},{"Length":26,"Height":15,"Demand":3,"DemandMax":null,"Value":390},{"Length":35,"Height":11,"Demand":4,"DemandMax":null,"Value":385},{"Length":24,"Height":16,"Demand":1,"DemandMax":null,"Value":384},{"Length":21,"Height":18,"Demand":2,"DemandMax":null,"Value":378},{"Length":27,"Height":14,"Demand":2,"DemandMax":null,"Value":378},{"Length":25,"Height":15,"Demand":1,"DemandMax":null,"Value":375},{"Length":22,"Height":17,"Demand":2,"DemandMax":null,"Value":374},{"Length":37,"Height":10,"Demand":2,"DemandMax":null,"Value":370},{"Length":23,"Height":16,"Demand":1,"DemandMax":null,"Value":368},{"Length":28,"Height":13,"Demand":2,"DemandMax":null,"Value":364},{"Length":19,"Height":19,"Demand":3,"DemandMax":null,"Value":361},{"Length":21,"Height":17,"Demand":2,"DemandMax":null,"Value":357},{"Length":32,"Height":11,"Demand":5,"DemandMax":null,"Value":352},{"Length":22,"Height":16,"Demand":2,"DemandMax":null,"Value":352},{"Length":35,"Height":10,"Demand":2,"DemandMax":null,"Value":350},{"Length":23,"Height":15,"Demand":1,"DemandMax":null,"Value":345},{"Length":31,"Height":11,"Demand":2,"DemandMax":null,"Value":341},{"Length":20,"Height":17,"Demand":1,"DemandMax":null,"Value":340},{"Length":34,"Height":10,"Demand":1,"DemandMax":null,"Value":340},{"Length":26,"Height":13,"Demand":2,"DemandMax":null,"Value":338},{"Length":24,"Height":14,"Demand":3,"DemandMax":null,"Value":336},{"Length":21,"Height":16,"Demand":3,"DemandMax":null,"Value":336},{"Length":33,"Height":10,"Demand":1,"DemandMax":null,"Value":330},{"Length":22,"Height":15,"Demand":2,"DemandMax":null,"Value":330},{"Length":25,"Height":13,"Demand":3,"DemandMax":null,"Value":325},{"Length":27,"Height":12,"Demand":2,"DemandMax":null,"Value":324},{"Length":19,"Height":17,"Demand":2,"DemandMax":null,"Value":323},{"Length":23,"Height":14,"Demand":2,"DemandMax":null,"Value":322},{"Length":32,"Height":10,"Demand":3,"DemandMax":null,"Value":320},{"Length":20,"Height":16,"Demand":2,"DemandMax":null,"Value":320},{"Length":29,"Height":11,"Demand":1,"DemandMax":null,"Value":319},{"Length":21,"Height":15,"Demand":1,"DemandMax":null,"Value":315},{"Length":26,"Height":12,"Demand":1,"DemandMax":null,"Value":312},{"Length":24,"Height":13,"Demand":2,"DemandMax":null,"Value":312},{"Length":31,"Height":10,"Demand":1,"DemandMax":null,"Value":310},{"Length":18,"Height":17,"Demand":1,"DemandMax":null,"Value":306},{"Length":19,"Height":16,"Demand":1,"DemandMax":null,"Value":304},{"Length":24,"Height":12,"Demand":3,"DemandMax":null,"Value":288},{"Length":22,"Height":13,"Demand":2,"DemandMax":null,"Value":286},{"Length":19,"Height":15,"Demand":1,"DemandMax":null,"Value":285},{"Length":21,"Height":13,"Demand":1,"DemandMax":null,"Value":273},{"Length":17,"Height":16,"Demand":1,"DemandMax":null,"Value":272},{"Length":18,"Height":15,"Demand":2,"DemandMax":null,"Value":270},{"Length":27,"Height":10,"Demand":1,"DemandMax":null,"Value":270},{"Length":19,"Height":14,"Demand":2,"DemandMax":null,"Value":266},{"Length":22,"Height":12,"Demand":2,"DemandMax":null,"Value":264},{"Length":17,"Height":15,"Demand":1,"DemandMax":null,"Value":255},{"Length":23,"Height":11,"Demand":2,"DemandMax":null,"Value":253},{"Length":21,"Height":12,"Demand":2,"DemandMax":null,"Value":252},{"Length":19,"Height":13,"Demand":1,"DemandMax":null,"Value":247},{"Length":16,"Height":15,"Demand":1,"DemandMax":null,"Value":240},{"Length":17,"Height":14,"Demand":2,"DemandMax":null,"Value":238},{"Length":18,"Height":13,"Demand":5,"DemandMax":null,"Value":234},{"Length":21,"Height":11,"Demand":1,"DemandMax":null,"Value":231},{"Length":23,"Height":10,"Demand":4,"DemandMax":null,"Value":230},{"Length":19,"Height":12,"Demand":3,"DemandMax":null,"Value":228},{"Length":17,"Height":13,"Demand":2,"DemandMax":null,"Value":221},{"Length":20,"Height":11,"Demand":2,"DemandMax":null,"Value":220},{"Length":18,"Height":12,"Demand":2,"DemandMax":null,"Value":216},{"Length":15,"Height":14,"Demand":2,"DemandMax":null,"Value":210},{"Length":16,"Height":13,"Demand":3,"DemandMax":null,"Value":208},{"Length":17,"Height":12,"Demand":2,"DemandMax":null,"Value":204},{"Length":20,"Height":10,"Demand":1,"DemandMax":null,"Value":200},{"Length":15,"Height":13,"Demand":1,"DemandMax":null,"Value":195},{"Length":15,"Height":12,"Demand":1,"DemandMax":null,"Value":180},{"Length":16,"Height":11,"Demand":1,"DemandMax":null,"Value":176}]}