{"Name":"MB07_132","Objects":[{"Length":587,"Height":233,"Stock":null,"Cost":136771}],"Items":[{"Length":48,"Height":47,"Demand":18,"DemandMax":null,"Value":2256},{"Length":54,"Height":41,"Demand":17,"DemandMax":null,"Value":2214},{"Length":58,"Height":32,"Demand":18,"DemandMax":null,"Value":1856},{"Length":51,"Height":36,"Demand":19,"DemandMax":null,"Value":1836},{"Length":45,"Height":38,"Demand":17,"DemandMax":null,"Value":1710},{"Length":44,"Height":38,"Demand":20,"DemandMax":null,"Value":1672},{"Length":43,"Height":38,"Demand":20,"DemandMax":null,"Value":1634},{"Length":51,"Height":32,"Demand":14,"DemandMax":null,"Value":1632},{"Length":41,"Height":38,"Demand":15,"DemandMax":null,"Value":1558},{"Length":54,"Height":28,"Demand":13,"DemandMax":null,"Value":1512},{"Length":42,"Height":36,"Demand":15,"DemandMax":null,"Value":1512},{"Length":37,"Height":37,"Demand":18,"DemandMax":null,"Value":1369},{"Length":38,"Height":35,"Demand":15,"DemandMax":null,"Value":1330},{"Length":45,"Height":28,"Demand":21,"DemandMax":null,"Value":1260},{"Length":41,"Height":30,"Demand":16,"DemandMax":null,"Value":1230},{"Length":43,"Height":28,"Demand":20,"DemandMax":null,"Value":1204},{"Length":41,"Height":29,"Demand":18,"DemandMax":null,"Value":1189},{"Length":36,"Height":32,"Demand":19,"DemandMax":null,"Value":1152},{"Length":47,"Height":24,"Demand":13,"DemandMax":null,"Value":1128},{"Length":34,"Height":33,"Demand":23,"DemandMax":null,"Value":1122},{"Length":51,"Height":22,"Demand":11,"DemandMax":null,"Value":1122},{"Length":41,"Height":27,"Demand":13,"DemandMax":null,"Value":1107},{"Length":39,"Height":28,"Demand":15,"DemandMax":null,"Value":1092},{"Length":35,"Height":31,"Demand":23,"DemandMax":null,"Value":1085},{"Length":49,"Height":22,"Demand":19,"DemandMax":null,"Value":1078},{"Length":38,"Height":28,"Demand":19,"DemandMax":null,"Value":1064},{"Length":32,"Height":31,"Demand":17,"DemandMax":null,"Value":992},{"Length":57,"Height":17,"Demand":18,"DemandMax":null,"Value":969},{"Length":48,"Height":20,"Demand":16,"DemandMax":null,"Value":960},{"Length":45,"Height":21,"Demand":12,"DemandMax":null,"Value":945},{"Length":35,"Height":27,"Demand":8,"DemandMax":null,"Value":945},{"Length":43,"Height":21,"Demand":15,"DemandMax":null,"Value":903},{"Length":38,"Height":22,"Demand":19,"DemandMax":null,"Value":836},{"Length":32,"Height":26,"Demand":9,"DemandMax":null,"Value":832},{"Length":59,"Height":14,"Demand":16,"DemandMax":null,"Value":826},{"Length":45,"Height":18,"Demand":16,"DemandMax":null,"Value":810},{"Length":30,"Height":27,"Demand":15,"DemandMax":null,"Value":810},{"Length":36,"Height":22,"Demand":24,"DemandMax":null,"Value":792},{"Length":49,"Height":16,"Demand":18,"DemandMax":null,"Value":784},{"Length":39,"Height":20,"Demand":18,"DemandMax":null,"Value":780},{"Length":37,"Height":21,"Demand":8,"DemandMax":null,"Value":777},{"Length":51,"Height":15,"Demand":10,"DemandMax":null,"Value":765},{"Length":30,"Height":25,"Demand":14,"DemandMax":null,"Value":750},{"Length":44,"Height":17,"Demand":21,"DemandMax":null,"Value":748},{"Length":35,"Height":21,"Demand":17,"DemandMax":null,"Value":735},{"Length":48,"Height":15,"Demand":16,"DemandMax":null,"Value":720},{"Length":30,"Height":24,"Demand":20,"DemandMax":null,"Value":720},{"Length":55,"Height":13,"Demand":22,"DemandMax":null,"Value":715},{"Length":39,"Height":18,"Demand":17,"DemandMax":null,"Value":702},{"Length":37,"Height":18,"Demand":20,"DemandMax":null,"Value":666},{"Length":28,"Height":23,"Demand":14,"DemandMax":null,"Value":644},{"Length":40,"Height":16,"Demand":21,"DemandMax":null,"Value":640},{"Length":32,"Height":20,"Demand":23,"DemandMax":null,"Value":640},{"Length":48,"Height":13,"Demand":15,"DemandMax":null,"Value":624},{"Length":28,"Height":22,"Demand":16,"DemandMax":null,"Value":616},{"Length":29,"Height":21,"Demand":20,"DemandMax":null,"Value":609},{"Length":59,"Height":10,"Demand":18,"DemandMax":null,"Value":590},{"Length":36,"Height":16,"Demand":14,"DemandMax":null,"Value":576},{"Length":32,"Height":18,"Demand":18,"DemandMax":null,"Value":576},{"Length":25,"Height":23,"Demand":10,"DemandMax":null,"Value":575},{"Length":44,"Height":13,"Demand":14,"DemandMax":null,"Value":572},{"Length":26,"Height":22,"Demand":15,"DemandMax":null,"Value":572},{"Length":27,"Height":21,"Demand":19,"DemandMax":null,"Value":567},{"Length":24,"Height":23,"Demand":16,"DemandMax":null,"Value":552},{"Length":34,"Height":16,"Demand":19,"DemandMax":null,"Value":544},{"Length":35,"Height":15,"Demand":20,"DemandMax":null,"Value":525},{"Length":46,"Height":11,"Demand":16,"DemandMax":null,"Value":506},{"Length":24,"Height":21,"Demand":13,"DemandMax":null,"Value":504},{"Length":33,"Height":15,"Demand":13,"DemandMax":null,"Value":495},{"Length":27,"Height":18,"Demand":23,"DemandMax":null,"Value":486},{"Length":32,"Height":15,"Demand":15,"DemandMax":null,"Value":480},{"Length":31,"Height":15,"Demand":19,"DemandMax":null,"Value":465},{"Length":33,"Height":14,"Demand":18,"DemandMax":null,"Value":462},{"Length":22,"Height":21,"Demand":23,"DemandMax":null,"Value":462},{"Length":45,"Height":10,"Demand":15,"DemandMax":null,"Value":450},{"Length":23,"Height":19,"Demand":17,"DemandMax":null,"Value":437},{"Length":29,"Height":15,"Demand":12,"DemandMax":null,"Value":435},{"Length":33,"Height":13,"Demand":21,"DemandMax":null,"Value":429},{"Length":24,"Height":17,"Demand":17,"DemandMax":null,"Value":408},{"Length":39,"Height":10,"Demand":14,"DemandMax":null,"Value":390},{"Length":24,"Height":14,"Demand":13,"DemandMax":null,"Value":336},{"Length":25,"Height":13,"Demand":13,"DemandMax":null,"Value":325},{"Length":18,"Height":15,"Demand":18,"DemandMax":null,"Value":270},{"Length":18,"Height":14,"Demand":14,"DemandMax":null,"Value":252},{"Length":18,"Height":11,"Demand":19,"DemandMax":null,"Value":198},{"Length":12,"Height":10,"Demand":11,"DemandMax":null,"Value":120}]}