{"Name":"MB07_147","Objects":[{"Length":587,"Height":233,"Stock":null,"Cost":136771}],"Items":[{"Length":57,"Height":43,"Demand":14,"DemandMax":null,"Value":2451},{"Length":59,"Height":41,"Demand":17,"DemandMax":null,"Value":2419},{"Length":59,"Height":39,"Demand":14,"DemandMax":null,"Value":2301},{"Length":58,"Height":37,"Demand":14,"DemandMax":null,"Value":2146},{"Length":48,"Height":42,"Demand":9,"DemandMax":null,"Value":2016},{"Length":56,"Height":35,"Demand":18,"DemandMax":null,"Value":1960},{"Length":54,"Height":36,"Demand":10,"DemandMax":null,"Value":1944},{"Length":57,"Height":34,"Demand":10,"DemandMax":null,"Value":1938},{"Length":47,"Height":41,"Demand":11,"DemandMax":null,"Value":1927},{"Length":50,"Height":38,"Demand":19,"DemandMax":null,"Value":1900},{"Length":51,"Height":37,"Demand":21,"DemandMax":null,"Value":1887},{"Length":47,"Height":39,"Demand":12,"DemandMax":null,"Value":1833},{"Length":58,"Height":31,"Demand":13,"DemandMax":null,"Value":1798},{"Length":43,"Height":41,"Demand":12,"DemandMax":null,"Value":1763},{"Length":46,"Height":38,"Demand":16,"DemandMax":null,"Value":1748},{"Length":56,"Height":30,"Demand":14,"DemandMax":null,"Value":1680},{"Length":50,"Height":33,"Demand":15,"DemandMax":null,"Value":1650},{"Length":53,"Height":31,"Demand":13,"DemandMax":null,"Value":1643},{"Length":51,"Height":31,"Demand":13,"DemandMax":null,"Value":1581},{"Length":42,"Height":37,"Demand":9,"DemandMax":null,"Value":1554},{"Length":56,"Height":27,"Demand":12,"DemandMax":null,"Value":1512},{"Length":58,"Height":26,"Demand":17,"DemandMax":null,"Value":1508},{"Length":39,"Height":38,"Demand":16,"DemandMax":null,"Value":1482},{"Length":42,"Height":35,"Demand":12,"DemandMax":null,"Value":1470},{"Length":43,"Height":32,"Demand":12,"DemandMax":null,"Value":1376},{"Length":45,"Height":30,"Demand":4,"DemandMax":null,"Value":1350},{"Length":57,"Height":23,"Demand":13,"DemandMax":null,"Value":1311},{"Length":49,"Height":26,"Demand":16,"DemandMax":null,"Value":1274},{"Length":39,"Height":32,"Demand":9,"DemandMax":null,"Value":1248},{"Length":46,"Height":27,"Demand":10,"DemandMax":null,"Value":1242},{"Length":40,"Height":31,"Demand":10,"DemandMax":null,"Value":1240},{"Length":35,"Height":35,"Demand":15,"DemandMax":null,"Value":1225},{"Length":51,"Height":24,"Demand":10,"DemandMax":null,"Value":1224},{"Length":43,"Height":28,"Demand":21,"DemandMax":null,"Value":1204},{"Length":53,"Height":21,"Demand":16,"DemandMax":null,"Value":1113},{"Length":47,"Height":23,"Demand":22,"DemandMax":null,"Value":1081},{"Length":54,"Height":20,"Demand":12,"DemandMax":null,"Value":1080},{"Length":40,"Height":26,"Demand":14,"DemandMax":null,"Value":1040},{"Length":38,"Height":27,"Demand":12,"DemandMax":null,"Value":1026},{"Length":46,"Height":22,"Demand":17,"DemandMax":null,"Value":1012},{"Length":53,"Height":19,"Demand":13,"DemandMax":null,"Value":1007},{"Length":46,"Height":21,"Demand":10,"DemandMax":null,"Value":966},{"Length":35,"Height":27,"Demand":9,"DemandMax":null,"Value":945},{"Length":44,"Height":21,"Demand":16,"DemandMax":null,"Value":924},{"Length":42,"Height":21,"Demand":12,"DemandMax":null,"Value":882},{"Length":38,"Height":23,"Demand":7,"DemandMax":null,"Value":874},{"Length":32,"Height":27,"Demand":14,"DemandMax":null,"Value":864},{"Length":35,"Height":24,"Demand":17,"DemandMax":null,"Value":840},{"Length":30,"Height":28,"Demand":13,"DemandMax":null,"Value":840},{"Length":32,"Height":26,"Demand":11,"DemandMax":null,"Value":832},{"Length":36,"Height":23,"Demand":11,"DemandMax":null,"Value":828},{"Length":39,"Height":21,"Demand":14,"DemandMax":null,"Value":819},{"Length":30,"Height":27,"Demand":16,"DemandMax":null,"Value":810},{"Length":49,"Height":16,"Demand":15,"DemandMax":null,"Value":784},{"Length":34,"Height":23,"Demand":10,"DemandMax":null,"Value":782},{"Length":37,"Height":21,"Demand":9,"DemandMax":null,"Value":777},{"Length":32,"Height":24,"Demand":15,"DemandMax":null,"Value":768},{"Length":30,"Height":25,"Demand":13,"DemandMax":null,"Value":750},{"Length":41,"Height":18,"Demand":16,"DemandMax":null,"Value":738},{"Length":35,"Height":21,"Demand":17,"DemandMax":null,"Value":735},{"Length":27,"Height":27,"Demand":18,"DemandMax":null,"Value":729},{"Length":52,"Height":14,"Demand":11,"DemandMax":null,"Value":728},{"Length":38,"Height":18,"Demand":16,"DemandMax":null,"Value":684},{"Length":39,"Height":17,"Demand":10,"DemandMax":null,"Value":663},{"Length":44,"Height":15,"Demand":6,"DemandMax":null,"Value":660},{"Length":30,"Height":22,"Demand":13,"DemandMax":null,"Value":660},{"Length":39,"Height":16,"Demand":18,"DemandMax":null,"Value":624},{"Length":43,"Height":14,"Demand":16,"DemandMax":null,"Value":602},{"Length":50,"Height":12,"Demand":10,"DemandMax":null,"Value":600},{"Length":27,"Height":22,"Demand":14,"DemandMax":null,"Value":594},{"Length":49,"Height":12,"Demand":13,"DemandMax":null,"Value":588},{"Length":34,"Height":17,"Demand":12,"DemandMax":null,"Value":578},{"Length":38,"Height":15,"Demand":19,"DemandMax":null,"Value":570},{"Length":28,"Height":20,"Demand":19,"DemandMax":null,"Value":560},{"Length":23,"Height":22,"Demand":16,"DemandMax":null,"Value":506},{"Length":46,"Height":11,"Demand":9,"DemandMax":null,"Value":506},{"Length":50,"Height":10,"Demand":16,"DemandMax":null,"Value":500},{"Length":22,"Height":22,"Demand":9,"DemandMax":null,"Value":484},{"Length":24,"Height":19,"Demand":11,"DemandMax":null,"Value":456},{"Length":26,"Height":17,"Demand":13,"DemandMax":null,"Value":442},{"Length":37,"Height":11,"Demand":14,"DemandMax":null,"Value":407},{"Length":21,"Height":19,"Demand":14,"DemandMax":null,"Value":399},{"Length":25,"Height":15,"Demand":21,"DemandMax":null,"Value":375},{"Length":33,"Height":11,"Demand":14,"DemandMax":null,"Value":363},{"Length":21,"Height":16,"Demand":14,"DemandMax":null,"Value":336},{"Length":19,"Height":17,"Demand":10,"DemandMax":null,"Value":323},{"Length":18,"Height":17,"Demand":8,"DemandMax":null,"Value":306},{"Length":17,"Height":17,"Demand":11,"DemandMax":null,"Value":289},{"Length":18,"Height":15,"Demand":12,"DemandMax":null,"Value":270},{"Length":16,"Height":15,"Demand":17,"DemandMax":null,"Value":240},{"Length":18,"Height":12,"Demand":8,"DemandMax":null,"Value":216},{"Length":21,"Height":10,"Demand":14,"DemandMax":null,"Value":210},{"Length":14,"Height":14,"Demand":12,"DemandMax":null,"Value":196},{"Length":16,"Height":11,"Demand":13,"DemandMax":null,"Value":176}]}