{"Name":"MB10_085","Objects":[{"Length":432,"Height":79,"Stock":null,"Cost":34128}],"Items":[{"Length":59,"Height":46,"Demand":1,"DemandMax":null,"Value":2714},{"Length":57,"Height":47,"Demand":5,"DemandMax":null,"Value":2679},{"Length":56,"Height":47,"Demand":5,"DemandMax":null,"Value":2632},{"Length":57,"Height":45,"Demand":2,"DemandMax":null,"Value":2565},{"Length":51,"Height":50,"Demand":3,"DemandMax":null,"Value":2550},{"Length":54,"Height":47,"Demand":4,"DemandMax":null,"Value":2538},{"Length":55,"Height":44,"Demand":4,"DemandMax":null,"Value":2420},{"Length":60,"Height":40,"Demand":3,"DemandMax":null,"Value":2400},{"Length":58,"Height":41,"Demand":3,"DemandMax":null,"Value":2378},{"Length":53,"Height":44,"Demand":5,"DemandMax":null,"Value":2332},{"Length":57,"Height":40,"Demand":3,"DemandMax":null,"Value":2280},{"Length":54,"Height":42,"Demand":4,"DemandMax":null,"Value":2268},{"Length":49,"Height":45,"Demand":7,"DemandMax":null,"Value":2205},{"Length":54,"Height":40,"Demand":2,"DemandMax":null,"Value":2160},{"Length":52,"Height":40,"Demand":2,"DemandMax":null,"Value":2080},{"Length":46,"Height":45,"Demand":3,"DemandMax":null,"Value":2070},{"Length":54,"Height":38,"Demand":4,"DemandMax":null,"Value":2052},{"Length":57,"Height":36,"Demand":3,"DemandMax":null,"Value":2052},{"Length":52,"Height":39,"Demand":2,"DemandMax":null,"Value":2028},{"Length":47,"Height":43,"Demand":4,"DemandMax":null,"Value":2021},{"Length":56,"Height":36,"Demand":2,"DemandMax":null,"Value":2016},{"Length":46,"Height":43,"Demand":5,"DemandMax":null,"Value":1978},{"Length":48,"Height":41,"Demand":1,"DemandMax":null,"Value":1968},{"Length":60,"Height":32,"Demand":5,"DemandMax":null,"Value":1920},{"Length":57,"Height":33,"Demand":3,"DemandMax":null,"Value":1881},{"Length":49,"Height":38,"Demand":2,"DemandMax":null,"Value":1862},{"Length":50,"Height":37,"Demand":7,"DemandMax":null,"Value":1850},{"Length":44,"Height":42,"Demand":4,"DemandMax":null,"Value":1848},{"Length":45,"Height":41,"Demand":4,"DemandMax":null,"Value":1845},{"Length":47,"Height":39,"Demand":4,"DemandMax":null,"Value":1833},{"Length":44,"Height":41,"Demand":4,"DemandMax":null,"Value":1804},{"Length":46,"Height":39,"Demand":8,"DemandMax":null,"Value":1794},{"Length":47,"Height":38,"Demand":3,"DemandMax":null,"Value":1786},{"Length":59,"Height":30,"Demand":5,"DemandMax":null,"Value":1770},{"Length":50,"Height":35,"Demand":5,"DemandMax":null,"Value":1750},{"Length":46,"Height":38,"Demand":3,"DemandMax":null,"Value":1748},{"Length":45,"Height":38,"Demand":4,"DemandMax":null,"Value":1710},{"Length":46,"Height":37,"Demand":2,"DemandMax":null,"Value":1702},{"Length":42,"Height":40,"Demand":3,"DemandMax":null,"Value":1680},{"Length":43,"Height":39,"Demand":7,"DemandMax":null,"Value":1677},{"Length":49,"Height":34,"Demand":4,"DemandMax":null,"Value":1666},{"Length":50,"Height":33,"Demand":2,"DemandMax":null,"Value":1650},{"Length":55,"Height":30,"Demand":4,"DemandMax":null,"Value":1650},{"Length":43,"Height":38,"Demand":4,"DemandMax":null,"Value":1634},{"Length":44,"Height":37,"Demand":8,"DemandMax":null,"Value":1628},{"Length":56,"Height":29,"Demand":3,"DemandMax":null,"Value":1624},{"Length":49,"Height":33,"Demand":3,"DemandMax":null,"Value":1617},{"Length":50,"Height":32,"Demand":4,"DemandMax":null,"Value":1600},{"Length":47,"Height":34,"Demand":5,"DemandMax":null,"Value":1598},{"Length":42,"Height":38,"Demand":6,"DemandMax":null,"Value":1596},{"Length":59,"Height":27,"Demand":3,"DemandMax":null,"Value":1593},{"Length":43,"Height":37,"Demand":8,"DemandMax":null,"Value":1591},{"Length":53,"Height":30,"Demand":3,"DemandMax":null,"Value":1590},{"Length":48,"Height":33,"Demand":6,"DemandMax":null,"Value":1584},{"Length":49,"Height":32,"Demand":3,"DemandMax":null,"Value":1568},{"Length":58,"Height":27,"Demand":2,"DemandMax":null,"Value":1566},{"Length":40,"Height":39,"Demand":4,"DemandMax":null,"Value":1560},{"Length":41,"Height":38,"Demand":4,"DemandMax":null,"Value":1558},{"Length":42,"Height":37,"Demand":2,"DemandMax":null,"Value":1554},{"Length":44,"Height":35,"Demand":1,"DemandMax":null,"Value":1540},{"Length":48,"Height":32,"Demand":3,"DemandMax":null,"Value":1536},{"Length":46,"Height":33,"Demand":5,"DemandMax":null,"Value":1518},{"Length":52,"Height":29,"Demand":1,"DemandMax":null,"Value":1508},{"Length":58,"Height":26,"Demand":2,"DemandMax":null,"Value":1508},{"Length":43,"Height":35,"Demand":2,"DemandMax":null,"Value":1505},{"Length":39,"Height":38,"Demand":2,"DemandMax":null,"Value":1482},{"Length":49,"Height":30,"Demand":1,"DemandMax":null,"Value":1470},{"Length":42,"Height":35,"Demand":2,"DemandMax":null,"Value":1470},{"Length":54,"Height":27,"Demand":3,"DemandMax":null,"Value":1458},{"Length":38,"Height":38,"Demand":5,"DemandMax":null,"Value":1444},{"Length":39,"Height":37,"Demand":3,"DemandMax":null,"Value":1443},{"Length":40,"Height":36,"Demand":3,"DemandMax":null,"Value":1440},{"Length":41,"Height":35,"Demand":3,"DemandMax":null,"Value":1435},{"Length":55,"Height":26,"Demand":8,"DemandMax":null,"Value":1430},{"Length":42,"Height":34,"Demand":8,"DemandMax":null,"Value":1428},{"Length":46,"Height":31,"Demand":2,"DemandMax":null,"Value":1426},{"Length":49,"Height":29,"Demand":7,"DemandMax":null,"Value":1421},{"Length":47,"Height":30,"Demand":4,"DemandMax":null,"Value":1410},{"Length":44,"Height":32,"Demand":6,"DemandMax":null,"Value":1408},{"Length":38,"Height":37,"Demand":4,"DemandMax":null,"Value":1406},{"Length":39,"Height":36,"Demand":7,"DemandMax":null,"Value":1404},{"Length":41,"Height":34,"Demand":4,"DemandMax":null,"Value":1394},{"Length":42,"Height":33,"Demand":9,"DemandMax":null,"Value":1386},{"Length":38,"Height":36,"Demand":5,"DemandMax":null,"Value":1368},{"Length":40,"Height":34,"Demand":6,"DemandMax":null,"Value":1360},{"Length":48,"Height":28,"Demand":3,"DemandMax":null,"Value":1344},{"Length":43,"Height":31,"Demand":4,"DemandMax":null,"Value":1333},{"Length":37,"Height":36,"Demand":5,"DemandMax":null,"Value":1332},{"Length":49,"Height":27,"Demand":2,"DemandMax":null,"Value":1323},{"Length":57,"Height":23,"Demand":4,"DemandMax":null,"Value":1311},{"Length":43,"Height":30,"Demand":4,"DemandMax":null,"Value":1290},{"Length":58,"Height":22,"Demand":5,"DemandMax":null,"Value":1276},{"Length":53,"Height":24,"Demand":3,"DemandMax":null,"Value":1272},{"Length":41,"Height":31,"Demand":4,"DemandMax":null,"Value":1271},{"Length":42,"Height":30,"Demand":5,"DemandMax":null,"Value":1260},{"Length":57,"Height":22,"Demand":5,"DemandMax":null,"Value":1254},{"Length":38,"Height":33,"Demand":4,"DemandMax":null,"Value":1254},{"Length":40,"Height":31,"Demand":5,"DemandMax":null,"Value":1240},{"Length":51,"Height":24,"Demand":3,"DemandMax":null,"Value":1224},{"Length":37,"Height":33,"Demand":5,"DemandMax":null,"Value":1221},{"Length":39,"Height":31,"Demand":4,"DemandMax":null,"Value":1209},{"Length":52,"Height":23,"Demand":3,"DemandMax":null,"Value":1196},{"Length":35,"Height":34,"Demand":4,"DemandMax":null,"Value":1190},{"Length":36,"Height":33,"Demand":5,"DemandMax":null,"Value":1188},{"Length":37,"Height":32,"Demand":1,"DemandMax":null,"Value":1184},{"Length":49,"Height":24,"Demand":6,"DemandMax":null,"Value":1176},{"Length":53,"Height":22,"Demand":2,"DemandMax":null,"Value":1166},{"Length":43,"Height":27,"Demand":4,"DemandMax":null,"Value":1161},{"Length":35,"Height":33,"Demand":5,"DemandMax":null,"Value":1155},{"Length":57,"Height":20,"Demand":7,"DemandMax":null,"Value":1140},{"Length":42,"Height":27,"Demand":5,"DemandMax":null,"Value":1134},{"Length":59,"Height":19,"Demand":6,"DemandMax":null,"Value":1121},{"Length":43,"Height":26,"Demand":3,"DemandMax":null,"Value":1118},{"Length":53,"Height":21,"Demand":3,"DemandMax":null,"Value":1113},{"Length":46,"Height":24,"Demand":3,"DemandMax":null,"Value":1104},{"Length":48,"Height":23,"Demand":5,"DemandMax":null,"Value":1104},{"Length":44,"Height":25,"Demand":4,"DemandMax":null,"Value":1100},{"Length":34,"Height":32,"Demand":7,"DemandMax":null,"Value":1088},{"Length":47,"Height":23,"Demand":5,"DemandMax":null,"Value":1081},{"Length":54,"Height":20,"Demand":4,"DemandMax":null,"Value":1080},{"Length":45,"Height":24,"Demand":4,"DemandMax":null,"Value":1080},{"Length":49,"Height":22,"Demand":1,"DemandMax":null,"Value":1078},{"Length":43,"Height":25,"Demand":4,"DemandMax":null,"Value":1075},{"Length":37,"Height":29,"Demand":5,"DemandMax":null,"Value":1073},{"Length":53,"Height":20,"Demand":6,"DemandMax":null,"Value":1060},{"Length":46,"Height":23,"Demand":2,"DemandMax":null,"Value":1058},{"Length":33,"Height":32,"Demand":6,"DemandMax":null,"Value":1056},{"Length":48,"Height":22,"Demand":2,"DemandMax":null,"Value":1056},{"Length":34,"Height":31,"Demand":4,"DemandMax":null,"Value":1054},{"Length":50,"Height":21,"Demand":4,"DemandMax":null,"Value":1050},{"Length":40,"Height":26,"Demand":6,"DemandMax":null,"Value":1040},{"Length":37,"Height":28,"Demand":3,"DemandMax":null,"Value":1036},{"Length":47,"Height":22,"Demand":5,"DemandMax":null,"Value":1034},{"Length":38,"Height":27,"Demand":4,"DemandMax":null,"Value":1026},{"Length":33,"Height":31,"Demand":4,"DemandMax":null,"Value":1023},{"Length":35,"Height":29,"Demand":4,"DemandMax":null,"Value":1015},{"Length":39,"Height":26,"Demand":5,"DemandMax":null,"Value":1014},{"Length":56,"Height":18,"Demand":8,"DemandMax":null,"Value":1008},{"Length":59,"Height":17,"Demand":5,"DemandMax":null,"Value":1003},{"Length":45,"Height":22,"Demand":6,"DemandMax":null,"Value":990},{"Length":33,"Height":30,"Demand":3,"DemandMax":null,"Value":990},{"Length":47,"Height":21,"Demand":5,"DemandMax":null,"Value":987},{"Length":41,"Height":24,"Demand":2,"DemandMax":null,"Value":984},{"Length":35,"Height":28,"Demand":5,"DemandMax":null,"Value":980},{"Length":39,"Height":25,"Demand":4,"DemandMax":null,"Value":975},{"Length":42,"Height":23,"Demand":5,"DemandMax":null,"Value":966},{"Length":40,"Height":24,"Demand":4,"DemandMax":null,"Value":960},{"Length":41,"Height":23,"Demand":4,"DemandMax":null,"Value":943},{"Length":39,"Height":24,"Demand":4,"DemandMax":null,"Value":936},{"Length":49,"Height":19,"Demand":5,"DemandMax":null,"Value":931},{"Length":37,"Height":25,"Demand":5,"DemandMax":null,"Value":925},{"Length":44,"Height":21,"Demand":10,"DemandMax":null,"Value":924},{"Length":33,"Height":28,"Demand":9,"DemandMax":null,"Value":924},{"Length":46,"Height":20,"Demand":2,"DemandMax":null,"Value":920},{"Length":34,"Height":27,"Demand":6,"DemandMax":null,"Value":918},{"Length":48,"Height":19,"Demand":3,"DemandMax":null,"Value":912},{"Length":35,"Height":26,"Demand":5,"DemandMax":null,"Value":910},{"Length":43,"Height":21,"Demand":4,"DemandMax":null,"Value":903},{"Length":41,"Height":22,"Demand":4,"DemandMax":null,"Value":902},{"Length":36,"Height":25,"Demand":7,"DemandMax":null,"Value":900},{"Length":30,"Height":30,"Demand":2,"DemandMax":null,"Value":900},{"Length":45,"Height":20,"Demand":6,"DemandMax":null,"Value":900},{"Length":31,"Height":29,"Demand":7,"DemandMax":null,"Value":899},{"Length":39,"Height":23,"Demand":6,"DemandMax":null,"Value":897},{"Length":33,"Height":27,"Demand":2,"DemandMax":null,"Value":891},{"Length":37,"Height":24,"Demand":5,"DemandMax":null,"Value":888},{"Length":34,"Height":26,"Demand":12,"DemandMax":null,"Value":884},{"Length":30,"Height":29,"Demand":4,"DemandMax":null,"Value":870},{"Length":31,"Height":28,"Demand":4,"DemandMax":null,"Value":868},{"Length":36,"Height":24,"Demand":3,"DemandMax":null,"Value":864},{"Length":48,"Height":18,"Demand":6,"DemandMax":null,"Value":864},{"Length":32,"Height":27,"Demand":5,"DemandMax":null,"Value":864},{"Length":33,"Height":26,"Demand":3,"DemandMax":null,"Value":858},{"Length":50,"Height":17,"Demand":7,"DemandMax":null,"Value":850},{"Length":34,"Height":25,"Demand":3,"DemandMax":null,"Value":850},{"Length":40,"Height":21,"Demand":7,"DemandMax":null,"Value":840},{"Length":35,"Height":24,"Demand":2,"DemandMax":null,"Value":840},{"Length":31,"Height":27,"Demand":4,"DemandMax":null,"Value":837},{"Length":38,"Height":22,"Demand":5,"DemandMax":null,"Value":836},{"Length":36,"Height":23,"Demand":2,"DemandMax":null,"Value":828},{"Length":59,"Height":14,"Demand":6,"DemandMax":null,"Value":826},{"Length":45,"Height":18,"Demand":7,"DemandMax":null,"Value":810},{"Length":31,"Height":26,"Demand":4,"DemandMax":null,"Value":806},{"Length":50,"Height":16,"Demand":2,"DemandMax":null,"Value":800},{"Length":40,"Height":20,"Demand":3,"DemandMax":null,"Value":800},{"Length":32,"Height":25,"Demand":6,"DemandMax":null,"Value":800},{"Length":47,"Height":17,"Demand":8,"DemandMax":null,"Value":799},{"Length":38,"Height":21,"Demand":8,"DemandMax":null,"Value":798},{"Length":42,"Height":19,"Demand":4,"DemandMax":null,"Value":798},{"Length":33,"Height":24,"Demand":4,"DemandMax":null,"Value":792},{"Length":29,"Height":27,"Demand":6,"DemandMax":null,"Value":783},{"Length":39,"Height":20,"Demand":7,"DemandMax":null,"Value":780},{"Length":41,"Height":19,"Demand":4,"DemandMax":null,"Value":779},{"Length":43,"Height":18,"Demand":2,"DemandMax":null,"Value":774},{"Length":38,"Height":20,"Demand":4,"DemandMax":null,"Value":760},{"Length":40,"Height":19,"Demand":4,"DemandMax":null,"Value":760},{"Length":28,"Height":27,"Demand":2,"DemandMax":null,"Value":756},{"Length":36,"Height":21,"Demand":4,"DemandMax":null,"Value":756},{"Length":39,"Height":19,"Demand":1,"DemandMax":null,"Value":741},{"Length":33,"Height":22,"Demand":3,"DemandMax":null,"Value":726},{"Length":48,"Height":15,"Demand":3,"DemandMax":null,"Value":720},{"Length":45,"Height":16,"Demand":3,"DemandMax":null,"Value":720},{"Length":34,"Height":21,"Demand":3,"DemandMax":null,"Value":714},{"Length":51,"Height":14,"Demand":5,"DemandMax":null,"Value":714},{"Length":54,"Height":13,"Demand":3,"DemandMax":null,"Value":702},{"Length":29,"Height":24,"Demand":6,"DemandMax":null,"Value":696},{"Length":33,"Height":21,"Demand":4,"DemandMax":null,"Value":693},{"Length":31,"Height":22,"Demand":3,"DemandMax":null,"Value":682},{"Length":34,"Height":20,"Demand":4,"DemandMax":null,"Value":680},{"Length":52,"Height":13,"Demand":5,"DemandMax":null,"Value":676},{"Length":27,"Height":25,"Demand":6,"DemandMax":null,"Value":675},{"Length":42,"Height":16,"Demand":4,"DemandMax":null,"Value":672},{"Length":32,"Height":21,"Demand":4,"DemandMax":null,"Value":672},{"Length":35,"Height":19,"Demand":2,"DemandMax":null,"Value":665},{"Length":44,"Height":15,"Demand":3,"DemandMax":null,"Value":660},{"Length":33,"Height":20,"Demand":3,"DemandMax":null,"Value":660},{"Length":54,"Height":12,"Demand":5,"DemandMax":null,"Value":648},{"Length":36,"Height":18,"Demand":4,"DemandMax":null,"Value":648},{"Length":27,"Height":24,"Demand":4,"DemandMax":null,"Value":648},{"Length":28,"Height":23,"Demand":4,"DemandMax":null,"Value":644},{"Length":40,"Height":16,"Demand":6,"DemandMax":null,"Value":640},{"Length":58,"Height":11,"Demand":4,"DemandMax":null,"Value":638},{"Length":35,"Height":18,"Demand":4,"DemandMax":null,"Value":630},{"Length":37,"Height":17,"Demand":3,"DemandMax":null,"Value":629},{"Length":33,"Height":19,"Demand":5,"DemandMax":null,"Value":627},{"Length":27,"Height":23,"Demand":3,"DemandMax":null,"Value":621},{"Length":31,"Height":20,"Demand":4,"DemandMax":null,"Value":620},{"Length":28,"Height":22,"Demand":2,"DemandMax":null,"Value":616},{"Length":47,"Height":13,"Demand":3,"DemandMax":null,"Value":611},{"Length":55,"Height":11,"Demand":1,"DemandMax":null,"Value":605},{"Length":43,"Height":14,"Demand":4,"DemandMax":null,"Value":602},{"Length":50,"Height":12,"Demand":3,"DemandMax":null,"Value":600},{"Length":35,"Height":17,"Demand":1,"DemandMax":null,"Value":595},{"Length":27,"Height":22,"Demand":4,"DemandMax":null,"Value":594},{"Length":31,"Height":19,"Demand":6,"DemandMax":null,"Value":589},{"Length":28,"Height":21,"Demand":2,"DemandMax":null,"Value":588},{"Length":53,"Height":11,"Demand":6,"DemandMax":null,"Value":583},{"Length":58,"Height":10,"Demand":2,"DemandMax":null,"Value":580},{"Length":36,"Height":16,"Demand":8,"DemandMax":null,"Value":576},{"Length":38,"Height":15,"Demand":3,"DemandMax":null,"Value":570},{"Length":57,"Height":10,"Demand":7,"DemandMax":null,"Value":570},{"Length":27,"Height":21,"Demand":5,"DemandMax":null,"Value":567},{"Length":47,"Height":12,"Demand":2,"DemandMax":null,"Value":564},{"Length":28,"Height":20,"Demand":3,"DemandMax":null,"Value":560},{"Length":43,"Height":13,"Demand":3,"DemandMax":null,"Value":559},{"Length":29,"Height":19,"Demand":2,"DemandMax":null,"Value":551},{"Length":42,"Height":13,"Demand":2,"DemandMax":null,"Value":546},{"Length":34,"Height":16,"Demand":4,"DemandMax":null,"Value":544},{"Length":45,"Height":12,"Demand":5,"DemandMax":null,"Value":540},{"Length":41,"Height":13,"Demand":4,"DemandMax":null,"Value":533},{"Length":28,"Height":19,"Demand":7,"DemandMax":null,"Value":532},{"Length":23,"Height":23,"Demand":2,"DemandMax":null,"Value":529},{"Length":35,"Height":15,"Demand":4,"DemandMax":null,"Value":525},{"Length":29,"Height":18,"Demand":7,"DemandMax":null,"Value":522},{"Length":26,"Height":20,"Demand":5,"DemandMax":null,"Value":520},{"Length":37,"Height":14,"Demand":4,"DemandMax":null,"Value":518},{"Length":34,"Height":15,"Demand":5,"DemandMax":null,"Value":510},{"Length":42,"Height":12,"Demand":5,"DemandMax":null,"Value":504},{"Length":25,"Height":20,"Demand":1,"DemandMax":null,"Value":500},{"Length":45,"Height":11,"Demand":5,"DemandMax":null,"Value":495},{"Length":38,"Height":13,"Demand":5,"DemandMax":null,"Value":494},{"Length":30,"Height":16,"Demand":12,"DemandMax":null,"Value":480},{"Length":32,"Height":15,"Demand":7,"DemandMax":null,"Value":480},{"Length":28,"Height":17,"Demand":2,"DemandMax":null,"Value":476},{"Length":34,"Height":14,"Demand":6,"DemandMax":null,"Value":476},{"Length":25,"Height":19,"Demand":6,"DemandMax":null,"Value":475},{"Length":31,"Height":15,"Demand":3,"DemandMax":null,"Value":465},{"Length":29,"Height":16,"Demand":5,"DemandMax":null,"Value":464},{"Length":46,"Height":10,"Demand":6,"DemandMax":null,"Value":460},{"Length":27,"Height":17,"Demand":6,"DemandMax":null,"Value":459},{"Length":24,"Height":19,"Demand":2,"DemandMax":null,"Value":456},{"Length":28,"Height":16,"Demand":5,"DemandMax":null,"Value":448},{"Length":32,"Height":14,"Demand":3,"DemandMax":null,"Value":448},{"Length":26,"Height":17,"Demand":5,"DemandMax":null,"Value":442},{"Length":22,"Height":20,"Demand":8,"DemandMax":null,"Value":440},{"Length":40,"Height":11,"Demand":1,"DemandMax":null,"Value":440},{"Length":24,"Height":18,"Demand":5,"DemandMax":null,"Value":432},{"Length":27,"Height":16,"Demand":3,"DemandMax":null,"Value":432},{"Length":33,"Height":13,"Demand":5,"DemandMax":null,"Value":429},{"Length":35,"Height":12,"Demand":3,"DemandMax":null,"Value":420},{"Length":32,"Height":13,"Demand":4,"DemandMax":null,"Value":416},{"Length":41,"Height":10,"Demand":4,"DemandMax":null,"Value":410},{"Length":27,"Height":15,"Demand":3,"DemandMax":null,"Value":405},{"Length":21,"Height":19,"Demand":4,"DemandMax":null,"Value":399},{"Length":22,"Height":18,"Demand":8,"DemandMax":null,"Value":396},{"Length":23,"Height":17,"Demand":6,"DemandMax":null,"Value":391},{"Length":39,"Height":10,"Demand":6,"DemandMax":null,"Value":390},{"Length":30,"Height":13,"Demand":4,"DemandMax":null,"Value":390},{"Length":29,"Height":13,"Demand":2,"DemandMax":null,"Value":377},{"Length":25,"Height":15,"Demand":7,"DemandMax":null,"Value":375},{"Length":19,"Height":19,"Demand":4,"DemandMax":null,"Value":361},{"Length":24,"Height":15,"Demand":1,"DemandMax":null,"Value":360},{"Length":22,"Height":16,"Demand":6,"DemandMax":null,"Value":352},{"Length":27,"Height":13,"Demand":5,"DemandMax":null,"Value":351},{"Length":19,"Height":18,"Demand":6,"DemandMax":null,"Value":342},{"Length":31,"Height":11,"Demand":5,"DemandMax":null,"Value":341},{"Length":21,"Height":16,"Demand":4,"DemandMax":null,"Value":336},{"Length":22,"Height":15,"Demand":2,"DemandMax":null,"Value":330},{"Length":18,"Height":18,"Demand":1,"DemandMax":null,"Value":324},{"Length":19,"Height":17,"Demand":5,"DemandMax":null,"Value":323},{"Length":23,"Height":14,"Demand":3,"DemandMax":null,"Value":322},{"Length":20,"Height":16,"Demand":5,"DemandMax":null,"Value":320},{"Length":29,"Height":11,"Demand":7,"DemandMax":null,"Value":319},{"Length":21,"Height":15,"Demand":4,"DemandMax":null,"Value":315},{"Length":24,"Height":13,"Demand":2,"DemandMax":null,"Value":312},{"Length":18,"Height":17,"Demand":4,"DemandMax":null,"Value":306},{"Length":18,"Height":16,"Demand":4,"DemandMax":null,"Value":288},{"Length":26,"Height":11,"Demand":2,"DemandMax":null,"Value":286},{"Length":20,"Height":14,"Demand":3,"DemandMax":null,"Value":280},{"Length":19,"Height":14,"Demand":8,"DemandMax":null,"Value":266},{"Length":22,"Height":12,"Demand":7,"DemandMax":null,"Value":264},{"Length":20,"Height":13,"Demand":2,"DemandMax":null,"Value":260},{"Length":17,"Height":15,"Demand":2,"DemandMax":null,"Value":255},{"Length":18,"Height":14,"Demand":2,"DemandMax":null,"Value":252},{"Length":21,"Height":12,"Demand":2,"DemandMax":null,"Value":252},{"Length":22,"Height":11,"Demand":3,"DemandMax":null,"Value":242},{"Length":24,"Height":10,"Demand":4,"DemandMax":null,"Value":240},{"Length":17,"Height":14,"Demand":9,"DemandMax":null,"Value":238},{"Length":18,"Height":13,"Demand":7,"DemandMax":null,"Value":234},{"Length":21,"Height":11,"Demand":4,"DemandMax":null,"Value":231},{"Length":22,"Height":10,"Demand":9,"DemandMax":null,"Value":220},{"Length":17,"Height":12,"Demand":3,"DemandMax":null,"Value":204},{"Length":18,"Height":11,"Demand":3,"DemandMax":null,"Value":198},{"Length":14,"Height":13,"Demand":2,"DemandMax":null,"Value":182},{"Length":15,"Height":11,"Demand":4,"DemandMax":null,"Value":165},{"Length":16,"Height":10,"Demand":4,"DemandMax":null,"Value":160},{"Length":15,"Height":10,"Demand":4,"DemandMax":null,"Value":150}]}