{"Name":"MB08_109","Objects":[{"Length":587,"Height":233,"Stock":null,"Cost":136771}],"Items":[{"Length":58,"Height":48,"Demand":4,"DemandMax":null,"Value":2784},{"Length":59,"Height":46,"Demand":4,"DemandMax":null,"Value":2714},{"Length":59,"Height":44,"Demand":3,"DemandMax":null,"Value":2596},{"Length":59,"Height":43,"Demand":2,"DemandMax":null,"Value":2537},{"Length":50,"Height":50,"Demand":2,"DemandMax":null,"Value":2500},{"Length":51,"Height":49,"Demand":4,"DemandMax":null,"Value":2499},{"Length":55,"Height":45,"Demand":2,"DemandMax":null,"Value":2475},{"Length":59,"Height":41,"Demand":3,"DemandMax":null,"Value":2419},{"Length":55,"Height":43,"Demand":3,"DemandMax":null,"Value":2365},{"Length":52,"Height":45,"Demand":2,"DemandMax":null,"Value":2340},{"Length":54,"Height":43,"Demand":1,"DemandMax":null,"Value":2322},{"Length":49,"Height":47,"Demand":2,"DemandMax":null,"Value":2303},{"Length":50,"Height":45,"Demand":1,"DemandMax":null,"Value":2250},{"Length":60,"Height":37,"Demand":4,"DemandMax":null,"Value":2220},{"Length":56,"Height":39,"Demand":1,"DemandMax":null,"Value":2184},{"Length":57,"Height":38,"Demand":3,"DemandMax":null,"Value":2166},{"Length":47,"Height":46,"Demand":2,"DemandMax":null,"Value":2162},{"Length":54,"Height":40,"Demand":1,"DemandMax":null,"Value":2160},{"Length":48,"Height":45,"Demand":2,"DemandMax":null,"Value":2160},{"Length":55,"Height":39,"Demand":1,"DemandMax":null,"Value":2145},{"Length":59,"Height":36,"Demand":5,"DemandMax":null,"Value":2124},{"Length":53,"Height":40,"Demand":2,"DemandMax":null,"Value":2120},{"Length":54,"Height":39,"Demand":5,"DemandMax":null,"Value":2106},{"Length":50,"Height":42,"Demand":5,"DemandMax":null,"Value":2100},{"Length":54,"Height":38,"Demand":2,"DemandMax":null,"Value":2052},{"Length":60,"Height":34,"Demand":1,"DemandMax":null,"Value":2040},{"Length":55,"Height":37,"Demand":5,"DemandMax":null,"Value":2035},{"Length":48,"Height":42,"Demand":2,"DemandMax":null,"Value":2016},{"Length":49,"Height":41,"Demand":3,"DemandMax":null,"Value":2009},{"Length":50,"Height":40,"Demand":3,"DemandMax":null,"Value":2000},{"Length":52,"Height":38,"Demand":3,"DemandMax":null,"Value":1976},{"Length":48,"Height":41,"Demand":3,"DemandMax":null,"Value":1968},{"Length":49,"Height":40,"Demand":4,"DemandMax":null,"Value":1960},{"Length":59,"Height":33,"Demand":3,"DemandMax":null,"Value":1947},{"Length":55,"Height":35,"Demand":3,"DemandMax":null,"Value":1925},{"Length":52,"Height":37,"Demand":2,"DemandMax":null,"Value":1924},{"Length":50,"Height":38,"Demand":3,"DemandMax":null,"Value":1900},{"Length":48,"Height":39,"Demand":2,"DemandMax":null,"Value":1872},{"Length":49,"Height":38,"Demand":3,"DemandMax":null,"Value":1862},{"Length":53,"Height":35,"Demand":4,"DemandMax":null,"Value":1855},{"Length":50,"Height":37,"Demand":3,"DemandMax":null,"Value":1850},{"Length":54,"Height":34,"Demand":1,"DemandMax":null,"Value":1836},{"Length":47,"Height":39,"Demand":1,"DemandMax":null,"Value":1833},{"Length":59,"Height":31,"Demand":2,"DemandMax":null,"Value":1829},{"Length":48,"Height":38,"Demand":2,"DemandMax":null,"Value":1824},{"Length":55,"Height":33,"Demand":6,"DemandMax":null,"Value":1815},{"Length":49,"Height":37,"Demand":5,"DemandMax":null,"Value":1813},{"Length":50,"Height":36,"Demand":1,"DemandMax":null,"Value":1800},{"Length":45,"Height":40,"Demand":2,"DemandMax":null,"Value":1800},{"Length":58,"Height":31,"Demand":2,"DemandMax":null,"Value":1798},{"Length":46,"Height":39,"Demand":2,"DemandMax":null,"Value":1794},{"Length":56,"Height":32,"Demand":2,"DemandMax":null,"Value":1792},{"Length":51,"Height":35,"Demand":6,"DemandMax":null,"Value":1785},{"Length":54,"Height":33,"Demand":3,"DemandMax":null,"Value":1782},{"Length":52,"Height":34,"Demand":3,"DemandMax":null,"Value":1768},{"Length":49,"Height":36,"Demand":3,"DemandMax":null,"Value":1764},{"Length":46,"Height":38,"Demand":5,"DemandMax":null,"Value":1748},{"Length":51,"Height":34,"Demand":3,"DemandMax":null,"Value":1734},{"Length":54,"Height":32,"Demand":3,"DemandMax":null,"Value":1728},{"Length":52,"Height":33,"Demand":3,"DemandMax":null,"Value":1716},{"Length":49,"Height":35,"Demand":4,"DemandMax":null,"Value":1715},{"Length":57,"Height":30,"Demand":3,"DemandMax":null,"Value":1710},{"Length":52,"Height":32,"Demand":2,"DemandMax":null,"Value":1664},{"Length":46,"Height":36,"Demand":2,"DemandMax":null,"Value":1656},{"Length":57,"Height":29,"Demand":1,"DemandMax":null,"Value":1653},{"Length":55,"Height":30,"Demand":2,"DemandMax":null,"Value":1650},{"Length":50,"Height":33,"Demand":6,"DemandMax":null,"Value":1650},{"Length":41,"Height":40,"Demand":1,"DemandMax":null,"Value":1640},{"Length":42,"Height":39,"Demand":2,"DemandMax":null,"Value":1638},{"Length":56,"Height":29,"Demand":1,"DemandMax":null,"Value":1624},{"Length":58,"Height":28,"Demand":2,"DemandMax":null,"Value":1624},{"Length":45,"Height":36,"Demand":4,"DemandMax":null,"Value":1620},{"Length":49,"Height":33,"Demand":4,"DemandMax":null,"Value":1617},{"Length":45,"Height":35,"Demand":5,"DemandMax":null,"Value":1575},{"Length":49,"Height":32,"Demand":1,"DemandMax":null,"Value":1568},{"Length":54,"Height":29,"Demand":5,"DemandMax":null,"Value":1566},{"Length":52,"Height":30,"Demand":3,"DemandMax":null,"Value":1560},{"Length":42,"Height":37,"Demand":5,"DemandMax":null,"Value":1554},{"Length":45,"Height":34,"Demand":4,"DemandMax":null,"Value":1530},{"Length":42,"Height":36,"Demand":5,"DemandMax":null,"Value":1512},{"Length":60,"Height":25,"Demand":3,"DemandMax":null,"Value":1500},{"Length":45,"Height":33,"Demand":2,"DemandMax":null,"Value":1485},{"Length":51,"Height":29,"Demand":2,"DemandMax":null,"Value":1479},{"Length":41,"Height":36,"Demand":3,"DemandMax":null,"Value":1476},{"Length":59,"Height":25,"Demand":1,"DemandMax":null,"Value":1475},{"Length":42,"Height":35,"Demand":2,"DemandMax":null,"Value":1470},{"Length":43,"Height":34,"Demand":2,"DemandMax":null,"Value":1462},{"Length":56,"Height":26,"Demand":5,"DemandMax":null,"Value":1456},{"Length":44,"Height":33,"Demand":5,"DemandMax":null,"Value":1452},{"Length":50,"Height":29,"Demand":2,"DemandMax":null,"Value":1450},{"Length":58,"Height":25,"Demand":1,"DemandMax":null,"Value":1450},{"Length":38,"Height":38,"Demand":3,"DemandMax":null,"Value":1444},{"Length":48,"Height":30,"Demand":3,"DemandMax":null,"Value":1440},{"Length":41,"Height":35,"Demand":2,"DemandMax":null,"Value":1435},{"Length":53,"Height":27,"Demand":3,"DemandMax":null,"Value":1431},{"Length":54,"Height":26,"Demand":1,"DemandMax":null,"Value":1404},{"Length":39,"Height":36,"Demand":1,"DemandMax":null,"Value":1404},{"Length":40,"Height":35,"Demand":3,"DemandMax":null,"Value":1400},{"Length":50,"Height":28,"Demand":2,"DemandMax":null,"Value":1400},{"Length":43,"Height":32,"Demand":3,"DemandMax":null,"Value":1376},{"Length":55,"Height":25,"Demand":2,"DemandMax":null,"Value":1375},{"Length":49,"Height":28,"Demand":1,"DemandMax":null,"Value":1372},{"Length":57,"Height":24,"Demand":3,"DemandMax":null,"Value":1368},{"Length":38,"Height":36,"Demand":1,"DemandMax":null,"Value":1368},{"Length":39,"Height":35,"Demand":2,"DemandMax":null,"Value":1365},{"Length":48,"Height":28,"Demand":2,"DemandMax":null,"Value":1344},{"Length":42,"Height":32,"Demand":3,"DemandMax":null,"Value":1344},{"Length":43,"Height":31,"Demand":2,"DemandMax":null,"Value":1333},{"Length":38,"Height":35,"Demand":2,"DemandMax":null,"Value":1330},{"Length":55,"Height":24,"Demand":3,"DemandMax":null,"Value":1320},{"Length":41,"Height":32,"Demand":1,"DemandMax":null,"Value":1312},{"Length":45,"Height":29,"Demand":3,"DemandMax":null,"Value":1305},{"Length":42,"Height":31,"Demand":2,"DemandMax":null,"Value":1302},{"Length":36,"Height":36,"Demand":3,"DemandMax":null,"Value":1296},{"Length":38,"Height":34,"Demand":4,"DemandMax":null,"Value":1292},{"Length":39,"Height":33,"Demand":2,"DemandMax":null,"Value":1287},{"Length":44,"Height":29,"Demand":5,"DemandMax":null,"Value":1276},{"Length":49,"Height":26,"Demand":3,"DemandMax":null,"Value":1274},{"Length":41,"Height":31,"Demand":1,"DemandMax":null,"Value":1271},{"Length":42,"Height":30,"Demand":1,"DemandMax":null,"Value":1260},{"Length":36,"Height":35,"Demand":5,"DemandMax":null,"Value":1260},{"Length":37,"Height":34,"Demand":1,"DemandMax":null,"Value":1258},{"Length":38,"Height":33,"Demand":3,"DemandMax":null,"Value":1254},{"Length":57,"Height":22,"Demand":6,"DemandMax":null,"Value":1254},{"Length":39,"Height":32,"Demand":3,"DemandMax":null,"Value":1248},{"Length":40,"Height":31,"Demand":2,"DemandMax":null,"Value":1240},{"Length":35,"Height":35,"Demand":3,"DemandMax":null,"Value":1225},{"Length":36,"Height":34,"Demand":2,"DemandMax":null,"Value":1224},{"Length":47,"Height":26,"Demand":2,"DemandMax":null,"Value":1222},{"Length":58,"Height":21,"Demand":4,"DemandMax":null,"Value":1218},{"Length":38,"Height":32,"Demand":1,"DemandMax":null,"Value":1216},{"Length":45,"Height":27,"Demand":1,"DemandMax":null,"Value":1215},{"Length":39,"Height":31,"Demand":2,"DemandMax":null,"Value":1209},{"Length":43,"Height":28,"Demand":4,"DemandMax":null,"Value":1204},{"Length":48,"Height":25,"Demand":1,"DemandMax":null,"Value":1200},{"Length":52,"Height":23,"Demand":2,"DemandMax":null,"Value":1196},{"Length":35,"Height":34,"Demand":2,"DemandMax":null,"Value":1190},{"Length":41,"Height":29,"Demand":1,"DemandMax":null,"Value":1189},{"Length":44,"Height":27,"Demand":2,"DemandMax":null,"Value":1188},{"Length":36,"Height":33,"Demand":3,"DemandMax":null,"Value":1188},{"Length":37,"Height":32,"Demand":3,"DemandMax":null,"Value":1184},{"Length":59,"Height":20,"Demand":2,"DemandMax":null,"Value":1180},{"Length":38,"Height":31,"Demand":2,"DemandMax":null,"Value":1178},{"Length":56,"Height":21,"Demand":3,"DemandMax":null,"Value":1176},{"Length":42,"Height":28,"Demand":2,"DemandMax":null,"Value":1176},{"Length":51,"Height":23,"Demand":3,"DemandMax":null,"Value":1173},{"Length":39,"Height":30,"Demand":1,"DemandMax":null,"Value":1170},{"Length":45,"Height":26,"Demand":3,"DemandMax":null,"Value":1170},{"Length":58,"Height":20,"Demand":2,"DemandMax":null,"Value":1160},{"Length":34,"Height":34,"Demand":2,"DemandMax":null,"Value":1156},{"Length":55,"Height":21,"Demand":3,"DemandMax":null,"Value":1155},{"Length":35,"Height":33,"Demand":4,"DemandMax":null,"Value":1155},{"Length":48,"Height":24,"Demand":2,"DemandMax":null,"Value":1152},{"Length":38,"Height":30,"Demand":1,"DemandMax":null,"Value":1140},{"Length":42,"Height":27,"Demand":2,"DemandMax":null,"Value":1134},{"Length":54,"Height":21,"Demand":4,"DemandMax":null,"Value":1134},{"Length":47,"Height":24,"Demand":2,"DemandMax":null,"Value":1128},{"Length":49,"Height":23,"Demand":3,"DemandMax":null,"Value":1127},{"Length":34,"Height":33,"Demand":5,"DemandMax":null,"Value":1122},{"Length":40,"Height":28,"Demand":3,"DemandMax":null,"Value":1120},{"Length":35,"Height":32,"Demand":4,"DemandMax":null,"Value":1120},{"Length":36,"Height":31,"Demand":3,"DemandMax":null,"Value":1116},{"Length":42,"Height":26,"Demand":9,"DemandMax":null,"Value":1092},{"Length":52,"Height":21,"Demand":2,"DemandMax":null,"Value":1092},{"Length":57,"Height":19,"Demand":5,"DemandMax":null,"Value":1083},{"Length":47,"Height":23,"Demand":4,"DemandMax":null,"Value":1081},{"Length":45,"Height":24,"Demand":1,"DemandMax":null,"Value":1080},{"Length":49,"Height":22,"Demand":1,"DemandMax":null,"Value":1078},{"Length":37,"Height":29,"Demand":2,"DemandMax":null,"Value":1073},{"Length":38,"Height":28,"Demand":4,"DemandMax":null,"Value":1064},{"Length":56,"Height":19,"Demand":3,"DemandMax":null,"Value":1064},{"Length":46,"Height":23,"Demand":2,"DemandMax":null,"Value":1058},{"Length":35,"Height":30,"Demand":2,"DemandMax":null,"Value":1050},{"Length":42,"Height":25,"Demand":6,"DemandMax":null,"Value":1050},{"Length":36,"Height":29,"Demand":2,"DemandMax":null,"Value":1044},{"Length":40,"Height":26,"Demand":5,"DemandMax":null,"Value":1040},{"Length":49,"Height":21,"Demand":1,"DemandMax":null,"Value":1029},{"Length":38,"Height":27,"Demand":4,"DemandMax":null,"Value":1026},{"Length":41,"Height":25,"Demand":3,"DemandMax":null,"Value":1025},{"Length":33,"Height":31,"Demand":3,"DemandMax":null,"Value":1023},{"Length":44,"Height":23,"Demand":2,"DemandMax":null,"Value":1012},{"Length":46,"Height":22,"Demand":1,"DemandMax":null,"Value":1012},{"Length":42,"Height":24,"Demand":6,"DemandMax":null,"Value":1008},{"Length":36,"Height":28,"Demand":8,"DemandMax":null,"Value":1008},{"Length":50,"Height":20,"Demand":1,"DemandMax":null,"Value":1000},{"Length":32,"Height":31,"Demand":2,"DemandMax":null,"Value":992},{"Length":33,"Height":30,"Demand":3,"DemandMax":null,"Value":990},{"Length":52,"Height":19,"Demand":5,"DemandMax":null,"Value":988},{"Length":47,"Height":21,"Demand":2,"DemandMax":null,"Value":987},{"Length":39,"Height":25,"Demand":3,"DemandMax":null,"Value":975},{"Length":51,"Height":19,"Demand":4,"DemandMax":null,"Value":969},{"Length":44,"Height":22,"Demand":4,"DemandMax":null,"Value":968},{"Length":37,"Height":26,"Demand":3,"DemandMax":null,"Value":962},{"Length":48,"Height":20,"Demand":7,"DemandMax":null,"Value":960},{"Length":40,"Height":24,"Demand":3,"DemandMax":null,"Value":960},{"Length":32,"Height":30,"Demand":3,"DemandMax":null,"Value":960},{"Length":33,"Height":29,"Demand":2,"DemandMax":null,"Value":957},{"Length":34,"Height":28,"Demand":3,"DemandMax":null,"Value":952},{"Length":38,"Height":25,"Demand":2,"DemandMax":null,"Value":950},{"Length":50,"Height":19,"Demand":6,"DemandMax":null,"Value":950},{"Length":35,"Height":27,"Demand":1,"DemandMax":null,"Value":945},{"Length":47,"Height":20,"Demand":1,"DemandMax":null,"Value":940},{"Length":49,"Height":19,"Demand":4,"DemandMax":null,"Value":931},{"Length":31,"Height":30,"Demand":3,"DemandMax":null,"Value":930},{"Length":58,"Height":16,"Demand":2,"DemandMax":null,"Value":928},{"Length":37,"Height":25,"Demand":1,"DemandMax":null,"Value":925},{"Length":44,"Height":21,"Demand":2,"DemandMax":null,"Value":924},{"Length":42,"Height":22,"Demand":2,"DemandMax":null,"Value":924},{"Length":46,"Height":20,"Demand":4,"DemandMax":null,"Value":920},{"Length":54,"Height":17,"Demand":4,"DemandMax":null,"Value":918},{"Length":38,"Height":24,"Demand":6,"DemandMax":null,"Value":912},{"Length":35,"Height":26,"Demand":2,"DemandMax":null,"Value":910},{"Length":43,"Height":21,"Demand":4,"DemandMax":null,"Value":903},{"Length":41,"Height":22,"Demand":2,"DemandMax":null,"Value":902},{"Length":36,"Height":25,"Demand":3,"DemandMax":null,"Value":900},{"Length":60,"Height":15,"Demand":1,"DemandMax":null,"Value":900},{"Length":31,"Height":29,"Demand":2,"DemandMax":null,"Value":899},{"Length":39,"Height":23,"Demand":2,"DemandMax":null,"Value":897},{"Length":32,"Height":28,"Demand":2,"DemandMax":null,"Value":896},{"Length":47,"Height":19,"Demand":2,"DemandMax":null,"Value":893},{"Length":33,"Height":27,"Demand":1,"DemandMax":null,"Value":891},{"Length":59,"Height":15,"Demand":1,"DemandMax":null,"Value":885},{"Length":52,"Height":17,"Demand":3,"DemandMax":null,"Value":884},{"Length":34,"Height":26,"Demand":3,"DemandMax":null,"Value":884},{"Length":49,"Height":18,"Demand":3,"DemandMax":null,"Value":882},{"Length":46,"Height":19,"Demand":4,"DemandMax":null,"Value":874},{"Length":38,"Height":23,"Demand":3,"DemandMax":null,"Value":874},{"Length":30,"Height":29,"Demand":3,"DemandMax":null,"Value":870},{"Length":31,"Height":28,"Demand":2,"DemandMax":null,"Value":868},{"Length":54,"Height":16,"Demand":3,"DemandMax":null,"Value":864},{"Length":32,"Height":27,"Demand":1,"DemandMax":null,"Value":864},{"Length":43,"Height":20,"Demand":3,"DemandMax":null,"Value":860},{"Length":37,"Height":23,"Demand":3,"DemandMax":null,"Value":851},{"Length":53,"Height":16,"Demand":1,"DemandMax":null,"Value":848},{"Length":30,"Height":28,"Demand":3,"DemandMax":null,"Value":840},{"Length":42,"Height":20,"Demand":4,"DemandMax":null,"Value":840},{"Length":38,"Height":22,"Demand":2,"DemandMax":null,"Value":836},{"Length":49,"Height":17,"Demand":3,"DemandMax":null,"Value":833},{"Length":46,"Height":18,"Demand":2,"DemandMax":null,"Value":828},{"Length":59,"Height":14,"Demand":2,"DemandMax":null,"Value":826},{"Length":33,"Height":25,"Demand":5,"DemandMax":null,"Value":825},{"Length":34,"Height":24,"Demand":5,"DemandMax":null,"Value":816},{"Length":51,"Height":16,"Demand":2,"DemandMax":null,"Value":816},{"Length":37,"Height":22,"Demand":3,"DemandMax":null,"Value":814},{"Length":30,"Height":27,"Demand":3,"DemandMax":null,"Value":810},{"Length":54,"Height":15,"Demand":4,"DemandMax":null,"Value":810},{"Length":31,"Height":26,"Demand":3,"DemandMax":null,"Value":806},{"Length":40,"Height":20,"Demand":4,"DemandMax":null,"Value":800},{"Length":32,"Height":25,"Demand":2,"DemandMax":null,"Value":800},{"Length":38,"Height":21,"Demand":1,"DemandMax":null,"Value":798},{"Length":57,"Height":14,"Demand":2,"DemandMax":null,"Value":798},{"Length":42,"Height":19,"Demand":1,"DemandMax":null,"Value":798},{"Length":36,"Height":22,"Demand":3,"DemandMax":null,"Value":792},{"Length":44,"Height":18,"Demand":2,"DemandMax":null,"Value":792},{"Length":33,"Height":24,"Demand":2,"DemandMax":null,"Value":792},{"Length":28,"Height":28,"Demand":7,"DemandMax":null,"Value":784},{"Length":56,"Height":14,"Demand":3,"DemandMax":null,"Value":784},{"Length":29,"Height":27,"Demand":1,"DemandMax":null,"Value":783},{"Length":34,"Height":23,"Demand":3,"DemandMax":null,"Value":782},{"Length":52,"Height":15,"Demand":5,"DemandMax":null,"Value":780},{"Length":30,"Height":26,"Demand":8,"DemandMax":null,"Value":780},{"Length":37,"Height":21,"Demand":1,"DemandMax":null,"Value":777},{"Length":32,"Height":24,"Demand":2,"DemandMax":null,"Value":768},{"Length":45,"Height":17,"Demand":2,"DemandMax":null,"Value":765},{"Length":40,"Height":19,"Demand":1,"DemandMax":null,"Value":760},{"Length":38,"Height":20,"Demand":3,"DemandMax":null,"Value":760},{"Length":33,"Height":23,"Demand":3,"DemandMax":null,"Value":759},{"Length":28,"Height":27,"Demand":2,"DemandMax":null,"Value":756},{"Length":47,"Height":16,"Demand":2,"DemandMax":null,"Value":752},{"Length":30,"Height":25,"Demand":7,"DemandMax":null,"Value":750},{"Length":34,"Height":22,"Demand":7,"DemandMax":null,"Value":748},{"Length":44,"Height":17,"Demand":4,"DemandMax":null,"Value":748},{"Length":37,"Height":20,"Demand":2,"DemandMax":null,"Value":740},{"Length":35,"Height":21,"Demand":3,"DemandMax":null,"Value":735},{"Length":27,"Height":27,"Demand":2,"DemandMax":null,"Value":729},{"Length":29,"Height":25,"Demand":2,"DemandMax":null,"Value":725},{"Length":38,"Height":19,"Demand":2,"DemandMax":null,"Value":722},{"Length":48,"Height":15,"Demand":5,"DemandMax":null,"Value":720},{"Length":36,"Height":20,"Demand":6,"DemandMax":null,"Value":720},{"Length":45,"Height":16,"Demand":3,"DemandMax":null,"Value":720},{"Length":34,"Height":21,"Demand":1,"DemandMax":null,"Value":714},{"Length":51,"Height":14,"Demand":2,"DemandMax":null,"Value":714},{"Length":42,"Height":17,"Demand":1,"DemandMax":null,"Value":714},{"Length":31,"Height":23,"Demand":3,"DemandMax":null,"Value":713},{"Length":32,"Height":22,"Demand":3,"DemandMax":null,"Value":704},{"Length":44,"Height":16,"Demand":5,"DemandMax":null,"Value":704},{"Length":37,"Height":19,"Demand":3,"DemandMax":null,"Value":703},{"Length":27,"Height":26,"Demand":2,"DemandMax":null,"Value":702},{"Length":35,"Height":20,"Demand":3,"DemandMax":null,"Value":700},{"Length":41,"Height":17,"Demand":6,"DemandMax":null,"Value":697},{"Length":58,"Height":12,"Demand":3,"DemandMax":null,"Value":696},{"Length":33,"Height":21,"Demand":3,"DemandMax":null,"Value":693},{"Length":49,"Height":14,"Demand":5,"DemandMax":null,"Value":686},{"Length":36,"Height":19,"Demand":1,"DemandMax":null,"Value":684},{"Length":31,"Height":22,"Demand":3,"DemandMax":null,"Value":682},{"Length":34,"Height":20,"Demand":2,"DemandMax":null,"Value":680},{"Length":40,"Height":17,"Demand":4,"DemandMax":null,"Value":680},{"Length":32,"Height":21,"Demand":5,"DemandMax":null,"Value":672},{"Length":28,"Height":24,"Demand":4,"DemandMax":null,"Value":672},{"Length":29,"Height":23,"Demand":3,"DemandMax":null,"Value":667},{"Length":37,"Height":18,"Demand":6,"DemandMax":null,"Value":666},{"Length":39,"Height":17,"Demand":3,"DemandMax":null,"Value":663},{"Length":30,"Height":22,"Demand":2,"DemandMax":null,"Value":660},{"Length":44,"Height":15,"Demand":3,"DemandMax":null,"Value":660},{"Length":31,"Height":21,"Demand":5,"DemandMax":null,"Value":651},{"Length":26,"Height":25,"Demand":3,"DemandMax":null,"Value":650},{"Length":38,"Height":17,"Demand":2,"DemandMax":null,"Value":646},{"Length":43,"Height":15,"Demand":2,"DemandMax":null,"Value":645},{"Length":28,"Height":23,"Demand":3,"DemandMax":null,"Value":644},{"Length":32,"Height":20,"Demand":2,"DemandMax":null,"Value":640},{"Length":29,"Height":22,"Demand":2,"DemandMax":null,"Value":638},{"Length":49,"Height":13,"Demand":2,"DemandMax":null,"Value":637},{"Length":42,"Height":15,"Demand":3,"DemandMax":null,"Value":630},{"Length":30,"Height":21,"Demand":4,"DemandMax":null,"Value":630},{"Length":45,"Height":14,"Demand":3,"DemandMax":null,"Value":630},{"Length":33,"Height":19,"Demand":2,"DemandMax":null,"Value":627},{"Length":27,"Height":23,"Demand":1,"DemandMax":null,"Value":621},{"Length":28,"Height":22,"Demand":1,"DemandMax":null,"Value":616},{"Length":44,"Height":14,"Demand":3,"DemandMax":null,"Value":616},{"Length":41,"Height":15,"Demand":2,"DemandMax":null,"Value":615},{"Length":36,"Height":17,"Demand":4,"DemandMax":null,"Value":612},{"Length":29,"Height":21,"Demand":1,"DemandMax":null,"Value":609},{"Length":38,"Height":16,"Demand":2,"DemandMax":null,"Value":608},{"Length":43,"Height":14,"Demand":4,"DemandMax":null,"Value":602},{"Length":30,"Height":20,"Demand":3,"DemandMax":null,"Value":600},{"Length":25,"Height":24,"Demand":1,"DemandMax":null,"Value":600},{"Length":46,"Height":13,"Demand":2,"DemandMax":null,"Value":598},{"Length":33,"Height":18,"Demand":4,"DemandMax":null,"Value":594},{"Length":27,"Height":22,"Demand":4,"DemandMax":null,"Value":594},{"Length":37,"Height":16,"Demand":2,"DemandMax":null,"Value":592},{"Length":31,"Height":19,"Demand":3,"DemandMax":null,"Value":589},{"Length":28,"Height":21,"Demand":4,"DemandMax":null,"Value":588},{"Length":39,"Height":15,"Demand":2,"DemandMax":null,"Value":585},{"Length":34,"Height":17,"Demand":1,"DemandMax":null,"Value":578},{"Length":48,"Height":12,"Demand":2,"DemandMax":null,"Value":576},{"Length":32,"Height":18,"Demand":6,"DemandMax":null,"Value":576},{"Length":36,"Height":16,"Demand":4,"DemandMax":null,"Value":576},{"Length":25,"Height":23,"Demand":3,"DemandMax":null,"Value":575},{"Length":26,"Height":22,"Demand":3,"DemandMax":null,"Value":572},{"Length":27,"Height":21,"Demand":1,"DemandMax":null,"Value":567},{"Length":47,"Height":12,"Demand":5,"DemandMax":null,"Value":564},{"Length":28,"Height":20,"Demand":2,"DemandMax":null,"Value":560},{"Length":31,"Height":18,"Demand":3,"DemandMax":null,"Value":558},{"Length":37,"Height":15,"Demand":3,"DemandMax":null,"Value":555},{"Length":24,"Height":23,"Demand":3,"DemandMax":null,"Value":552},{"Length":46,"Height":12,"Demand":2,"DemandMax":null,"Value":552},{"Length":25,"Height":22,"Demand":2,"DemandMax":null,"Value":550},{"Length":26,"Height":21,"Demand":3,"DemandMax":null,"Value":546},{"Length":32,"Height":17,"Demand":7,"DemandMax":null,"Value":544},{"Length":34,"Height":16,"Demand":2,"DemandMax":null,"Value":544},{"Length":36,"Height":15,"Demand":7,"DemandMax":null,"Value":540},{"Length":27,"Height":20,"Demand":3,"DemandMax":null,"Value":540},{"Length":30,"Height":18,"Demand":4,"DemandMax":null,"Value":540},{"Length":41,"Height":13,"Demand":4,"DemandMax":null,"Value":533},{"Length":38,"Height":14,"Demand":3,"DemandMax":null,"Value":532},{"Length":28,"Height":19,"Demand":3,"DemandMax":null,"Value":532},{"Length":48,"Height":11,"Demand":2,"DemandMax":null,"Value":528},{"Length":24,"Height":22,"Demand":5,"DemandMax":null,"Value":528},{"Length":33,"Height":16,"Demand":3,"DemandMax":null,"Value":528},{"Length":31,"Height":17,"Demand":4,"DemandMax":null,"Value":527},{"Length":35,"Height":15,"Demand":4,"DemandMax":null,"Value":525},{"Length":40,"Height":13,"Demand":2,"DemandMax":null,"Value":520},{"Length":26,"Height":20,"Demand":3,"DemandMax":null,"Value":520},{"Length":47,"Height":11,"Demand":1,"DemandMax":null,"Value":517},{"Length":27,"Height":19,"Demand":3,"DemandMax":null,"Value":513},{"Length":32,"Height":16,"Demand":2,"DemandMax":null,"Value":512},{"Length":34,"Height":15,"Demand":3,"DemandMax":null,"Value":510},{"Length":39,"Height":13,"Demand":3,"DemandMax":null,"Value":507},{"Length":23,"Height":22,"Demand":1,"DemandMax":null,"Value":506},{"Length":28,"Height":18,"Demand":2,"DemandMax":null,"Value":504},{"Length":42,"Height":12,"Demand":1,"DemandMax":null,"Value":504},{"Length":25,"Height":20,"Demand":4,"DemandMax":null,"Value":500},{"Length":31,"Height":16,"Demand":3,"DemandMax":null,"Value":496},{"Length":45,"Height":11,"Demand":2,"DemandMax":null,"Value":495},{"Length":38,"Height":13,"Demand":3,"DemandMax":null,"Value":494},{"Length":26,"Height":19,"Demand":2,"DemandMax":null,"Value":494},{"Length":49,"Height":10,"Demand":4,"DemandMax":null,"Value":490},{"Length":35,"Height":14,"Demand":2,"DemandMax":null,"Value":490},{"Length":27,"Height":18,"Demand":2,"DemandMax":null,"Value":486},{"Length":22,"Height":22,"Demand":1,"DemandMax":null,"Value":484},{"Length":23,"Height":21,"Demand":4,"DemandMax":null,"Value":483},{"Length":30,"Height":16,"Demand":3,"DemandMax":null,"Value":480},{"Length":40,"Height":12,"Demand":3,"DemandMax":null,"Value":480},{"Length":32,"Height":15,"Demand":2,"DemandMax":null,"Value":480},{"Length":28,"Height":17,"Demand":1,"DemandMax":null,"Value":476},{"Length":36,"Height":13,"Demand":2,"DemandMax":null,"Value":468},{"Length":31,"Height":15,"Demand":3,"DemandMax":null,"Value":465},{"Length":23,"Height":20,"Demand":2,"DemandMax":null,"Value":460},{"Length":46,"Height":10,"Demand":1,"DemandMax":null,"Value":460},{"Length":27,"Height":17,"Demand":4,"DemandMax":null,"Value":459},{"Length":24,"Height":19,"Demand":2,"DemandMax":null,"Value":456},{"Length":35,"Height":13,"Demand":3,"DemandMax":null,"Value":455},{"Length":25,"Height":18,"Demand":4,"DemandMax":null,"Value":450},{"Length":32,"Height":14,"Demand":2,"DemandMax":null,"Value":448},{"Length":37,"Height":12,"Demand":2,"DemandMax":null,"Value":444},{"Length":21,"Height":21,"Demand":2,"DemandMax":null,"Value":441},{"Length":44,"Height":10,"Demand":2,"DemandMax":null,"Value":440},{"Length":40,"Height":11,"Demand":2,"DemandMax":null,"Value":440},{"Length":22,"Height":20,"Demand":2,"DemandMax":null,"Value":440},{"Length":31,"Height":14,"Demand":4,"DemandMax":null,"Value":434},{"Length":24,"Height":18,"Demand":1,"DemandMax":null,"Value":432},{"Length":27,"Height":16,"Demand":2,"DemandMax":null,"Value":432},{"Length":39,"Height":11,"Demand":1,"DemandMax":null,"Value":429},{"Length":33,"Height":13,"Demand":2,"DemandMax":null,"Value":429},{"Length":25,"Height":17,"Demand":1,"DemandMax":null,"Value":425},{"Length":28,"Height":15,"Demand":7,"DemandMax":null,"Value":420},{"Length":21,"Height":20,"Demand":1,"DemandMax":null,"Value":420},{"Length":22,"Height":19,"Demand":3,"DemandMax":null,"Value":418},{"Length":26,"Height":16,"Demand":2,"DemandMax":null,"Value":416},{"Length":41,"Height":10,"Demand":1,"DemandMax":null,"Value":410},{"Length":34,"Height":12,"Demand":3,"DemandMax":null,"Value":408},{"Length":37,"Height":11,"Demand":5,"DemandMax":null,"Value":407},{"Length":29,"Height":14,"Demand":5,"DemandMax":null,"Value":406},{"Length":27,"Height":15,"Demand":4,"DemandMax":null,"Value":405},{"Length":22,"Height":18,"Demand":3,"DemandMax":null,"Value":396},{"Length":36,"Height":11,"Demand":3,"DemandMax":null,"Value":396},{"Length":26,"Height":15,"Demand":3,"DemandMax":null,"Value":390},{"Length":39,"Height":10,"Demand":1,"DemandMax":null,"Value":390},{"Length":20,"Height":19,"Demand":1,"DemandMax":null,"Value":380},{"Length":21,"Height":18,"Demand":2,"DemandMax":null,"Value":378},{"Length":27,"Height":14,"Demand":4,"DemandMax":null,"Value":378},{"Length":29,"Height":13,"Demand":1,"DemandMax":null,"Value":377},{"Length":25,"Height":15,"Demand":2,"DemandMax":null,"Value":375},{"Length":31,"Height":12,"Demand":2,"DemandMax":null,"Value":372},{"Length":24,"Height":15,"Demand":4,"DemandMax":null,"Value":360},{"Length":30,"Height":12,"Demand":4,"DemandMax":null,"Value":360},{"Length":21,"Height":17,"Demand":1,"DemandMax":null,"Value":357},{"Length":22,"Height":16,"Demand":1,"DemandMax":null,"Value":352},{"Length":27,"Height":13,"Demand":2,"DemandMax":null,"Value":351},{"Length":20,"Height":17,"Demand":4,"DemandMax":null,"Value":340},{"Length":21,"Height":16,"Demand":1,"DemandMax":null,"Value":336},{"Length":24,"Height":14,"Demand":2,"DemandMax":null,"Value":336},{"Length":33,"Height":10,"Demand":1,"DemandMax":null,"Value":330},{"Length":22,"Height":15,"Demand":1,"DemandMax":null,"Value":330},{"Length":18,"Height":18,"Demand":2,"DemandMax":null,"Value":324},{"Length":23,"Height":14,"Demand":3,"DemandMax":null,"Value":322},{"Length":21,"Height":15,"Demand":2,"DemandMax":null,"Value":315},{"Length":26,"Height":12,"Demand":2,"DemandMax":null,"Value":312},{"Length":28,"Height":11,"Demand":2,"DemandMax":null,"Value":308},{"Length":18,"Height":17,"Demand":4,"DemandMax":null,"Value":306},{"Length":19,"Height":16,"Demand":2,"DemandMax":null,"Value":304},{"Length":20,"Height":15,"Demand":1,"DemandMax":null,"Value":300},{"Length":18,"Height":16,"Demand":2,"DemandMax":null,"Value":288},{"Length":22,"Height":13,"Demand":2,"DemandMax":null,"Value":286},{"Length":19,"Height":15,"Demand":4,"DemandMax":null,"Value":285},{"Length":21,"Height":13,"Demand":2,"DemandMax":null,"Value":273},{"Length":17,"Height":16,"Demand":4,"DemandMax":null,"Value":272},{"Length":27,"Height":10,"Demand":5,"DemandMax":null,"Value":270},{"Length":17,"Height":15,"Demand":3,"DemandMax":null,"Value":255},{"Length":19,"Height":13,"Demand":2,"DemandMax":null,"Value":247},{"Length":16,"Height":15,"Demand":2,"DemandMax":null,"Value":240},{"Length":21,"Height":11,"Demand":2,"DemandMax":null,"Value":231},{"Length":15,"Height":15,"Demand":1,"DemandMax":null,"Value":225},{"Length":18,"Height":12,"Demand":3,"DemandMax":null,"Value":216},{"Length":19,"Height":11,"Demand":3,"DemandMax":null,"Value":209},{"Length":17,"Height":12,"Demand":4,"DemandMax":null,"Value":204},{"Length":20,"Height":10,"Demand":4,"DemandMax":null,"Value":200},{"Length":18,"Height":11,"Demand":3,"DemandMax":null,"Value":198},{"Length":14,"Height":13,"Demand":4,"DemandMax":null,"Value":182},{"Length":17,"Height":10,"Demand":1,"DemandMax":null,"Value":170},{"Length":13,"Height":12,"Demand":1,"DemandMax":null,"Value":156}]}