{"Name":"MB09_054","Objects":[{"Length":432,"Height":79,"Stock":null,"Cost":34128}],"Items":[{"Length":56,"Height":46,"Demand":92,"DemandMax":null,"Value":2576},{"Length":49,"Height":44,"Demand":77,"DemandMax":null,"Value":2156},{"Length":59,"Height":29,"Demand":82,"DemandMax":null,"Value":1711},{"Length":39,"Height":36,"Demand":101,"DemandMax":null,"Value":1404},{"Length":58,"Height":24,"Demand":93,"DemandMax":null,"Value":1392},{"Length":48,"Height":28,"Demand":96,"DemandMax":null,"Value":1344},{"Length":41,"Height":22,"Demand":62,"DemandMax":null,"Value":902},{"Length":39,"Height":22,"Demand":82,"DemandMax":null,"Value":858},{"Length":46,"Height":16,"Demand":82,"DemandMax":null,"Value":736},{"Length":27,"Height":26,"Demand":87,"DemandMax":null,"Value":702},{"Length":28,"Height":16,"Demand":72,"DemandMax":null,"Value":448},{"Length":22,"Height":17,"Demand":92,"DemandMax":null,"Value":374},{"Length":26,"Height":14,"Demand":78,"DemandMax":null,"Value":364},{"Length":20,"Height":15,"Demand":93,"DemandMax":null,"Value":300},{"Length":18,"Height":15,"Demand":94,"DemandMax":null,"Value":270}]}