{"Name":"MB09_130","Objects":[{"Length":432,"Height":79,"Stock":null,"Cost":34128}],"Items":[{"Length":57,"Height":39,"Demand":19,"DemandMax":null,"Value":2223},{"Length":54,"Height":39,"Demand":23,"DemandMax":null,"Value":2106},{"Length":59,"Height":35,"Demand":24,"DemandMax":null,"Value":2065},{"Length":57,"Height":36,"Demand":13,"DemandMax":null,"Value":2052},{"Length":49,"Height":40,"Demand":25,"DemandMax":null,"Value":1960},{"Length":56,"Height":34,"Demand":19,"DemandMax":null,"Value":1904},{"Length":56,"Height":31,"Demand":17,"DemandMax":null,"Value":1736},{"Length":44,"Height":39,"Demand":8,"DemandMax":null,"Value":1716},{"Length":45,"Height":38,"Demand":17,"DemandMax":null,"Value":1710},{"Length":54,"Height":31,"Demand":22,"DemandMax":null,"Value":1674},{"Length":45,"Height":32,"Demand":19,"DemandMax":null,"Value":1440},{"Length":48,"Height":29,"Demand":18,"DemandMax":null,"Value":1392},{"Length":37,"Height":35,"Demand":18,"DemandMax":null,"Value":1295},{"Length":49,"Height":26,"Demand":19,"DemandMax":null,"Value":1274},{"Length":47,"Height":27,"Demand":19,"DemandMax":null,"Value":1269},{"Length":37,"Height":34,"Demand":24,"DemandMax":null,"Value":1258},{"Length":46,"Height":27,"Demand":21,"DemandMax":null,"Value":1242},{"Length":37,"Height":32,"Demand":24,"DemandMax":null,"Value":1184},{"Length":38,"Height":30,"Demand":18,"DemandMax":null,"Value":1140},{"Length":34,"Height":33,"Demand":19,"DemandMax":null,"Value":1122},{"Length":38,"Height":29,"Demand":23,"DemandMax":null,"Value":1102},{"Length":56,"Height":19,"Demand":18,"DemandMax":null,"Value":1064},{"Length":35,"Height":30,"Demand":20,"DemandMax":null,"Value":1050},{"Length":40,"Height":26,"Demand":16,"DemandMax":null,"Value":1040},{"Length":60,"Height":17,"Demand":20,"DemandMax":null,"Value":1020},{"Length":38,"Height":26,"Demand":21,"DemandMax":null,"Value":988},{"Length":58,"Height":17,"Demand":19,"DemandMax":null,"Value":986},{"Length":46,"Height":21,"Demand":20,"DemandMax":null,"Value":966},{"Length":40,"Height":24,"Demand":19,"DemandMax":null,"Value":960},{"Length":41,"Height":23,"Demand":22,"DemandMax":null,"Value":943},{"Length":39,"Height":24,"Demand":25,"DemandMax":null,"Value":936},{"Length":38,"Height":24,"Demand":20,"DemandMax":null,"Value":912},{"Length":30,"Height":30,"Demand":18,"DemandMax":null,"Value":900},{"Length":35,"Height":25,"Demand":26,"DemandMax":null,"Value":875},{"Length":54,"Height":16,"Demand":16,"DemandMax":null,"Value":864},{"Length":34,"Height":25,"Demand":27,"DemandMax":null,"Value":850},{"Length":38,"Height":22,"Demand":18,"DemandMax":null,"Value":836},{"Length":41,"Height":20,"Demand":18,"DemandMax":null,"Value":820},{"Length":38,"Height":21,"Demand":17,"DemandMax":null,"Value":798},{"Length":44,"Height":18,"Demand":23,"DemandMax":null,"Value":792},{"Length":48,"Height":16,"Demand":23,"DemandMax":null,"Value":768},{"Length":44,"Height":17,"Demand":14,"DemandMax":null,"Value":748},{"Length":37,"Height":20,"Demand":17,"DemandMax":null,"Value":740},{"Length":49,"Height":15,"Demand":16,"DemandMax":null,"Value":735},{"Length":45,"Height":16,"Demand":21,"DemandMax":null,"Value":720},{"Length":30,"Height":23,"Demand":21,"DemandMax":null,"Value":690},{"Length":43,"Height":16,"Demand":23,"DemandMax":null,"Value":688},{"Length":49,"Height":14,"Demand":20,"DemandMax":null,"Value":686},{"Length":27,"Height":25,"Demand":23,"DemandMax":null,"Value":675},{"Length":26,"Height":25,"Demand":24,"DemandMax":null,"Value":650},{"Length":29,"Height":22,"Demand":20,"DemandMax":null,"Value":638},{"Length":30,"Height":21,"Demand":18,"DemandMax":null,"Value":630},{"Length":56,"Height":11,"Demand":20,"DemandMax":null,"Value":616},{"Length":40,"Height":15,"Demand":14,"DemandMax":null,"Value":600},{"Length":37,"Height":16,"Demand":20,"DemandMax":null,"Value":592},{"Length":32,"Height":18,"Demand":26,"DemandMax":null,"Value":576},{"Length":56,"Height":10,"Demand":22,"DemandMax":null,"Value":560},{"Length":23,"Height":22,"Demand":21,"DemandMax":null,"Value":506},{"Length":31,"Height":16,"Demand":12,"DemandMax":null,"Value":496},{"Length":34,"Height":14,"Demand":22,"DemandMax":null,"Value":476},{"Length":29,"Height":16,"Demand":20,"DemandMax":null,"Value":464},{"Length":22,"Height":21,"Demand":19,"DemandMax":null,"Value":462},{"Length":32,"Height":14,"Demand":25,"DemandMax":null,"Value":448},{"Length":37,"Height":12,"Demand":13,"DemandMax":null,"Value":444},{"Length":23,"Height":19,"Demand":15,"DemandMax":null,"Value":437},{"Length":23,"Height":18,"Demand":21,"DemandMax":null,"Value":414},{"Length":22,"Height":18,"Demand":16,"DemandMax":null,"Value":396},{"Length":23,"Height":17,"Demand":21,"DemandMax":null,"Value":391},{"Length":20,"Height":19,"Demand":13,"DemandMax":null,"Value":380},{"Length":20,"Height":18,"Demand":20,"DemandMax":null,"Value":360},{"Length":24,"Height":15,"Demand":13,"DemandMax":null,"Value":360},{"Length":21,"Height":17,"Demand":26,"DemandMax":null,"Value":357},{"Length":30,"Height":11,"Demand":21,"DemandMax":null,"Value":330},{"Length":28,"Height":11,"Demand":21,"DemandMax":null,"Value":308},{"Length":17,"Height":16,"Demand":18,"DemandMax":null,"Value":272},{"Length":19,"Height":14,"Demand":14,"DemandMax":null,"Value":266},{"Length":23,"Height":10,"Demand":24,"DemandMax":null,"Value":230}]}