{"Name":"MB07_026","Objects":[{"Length":587,"Height":233,"Stock":null,"Cost":136771}],"Items":[{"Length":43,"Height":22,"Demand":233,"DemandMax":null,"Value":946},{"Length":33,"Height":28,"Demand":204,"DemandMax":null,"Value":924},{"Length":30,"Height":26,"Demand":215,"DemandMax":null,"Value":780},{"Length":36,"Height":20,"Demand":216,"DemandMax":null,"Value":720},{"Length":31,"Height":23,"Demand":208,"DemandMax":null,"Value":713},{"Length":37,"Height":18,"Demand":216,"DemandMax":null,"Value":666},{"Length":35,"Height":18,"Demand":242,"DemandMax":null,"Value":630},{"Length":22,"Height":17,"Demand":201,"DemandMax":null,"Value":374}]}