{"Name":"MB09_069","Objects":[{"Length":432,"Height":79,"Stock":null,"Cost":34128}],"Items":[{"Length":47,"Height":42,"Demand":81,"DemandMax":null,"Value":1974},{"Length":57,"Height":34,"Demand":76,"DemandMax":null,"Value":1938},{"Length":45,"Height":35,"Demand":78,"DemandMax":null,"Value":1575},{"Length":46,"Height":33,"Demand":76,"DemandMax":null,"Value":1518},{"Length":39,"Height":38,"Demand":81,"DemandMax":null,"Value":1482},{"Length":47,"Height":27,"Demand":60,"DemandMax":null,"Value":1269},{"Length":49,"Height":23,"Demand":59,"DemandMax":null,"Value":1127},{"Length":38,"Height":27,"Demand":77,"DemandMax":null,"Value":1026},{"Length":36,"Height":24,"Demand":76,"DemandMax":null,"Value":864},{"Length":34,"Height":25,"Demand":82,"DemandMax":null,"Value":850},{"Length":27,"Height":24,"Demand":69,"DemandMax":null,"Value":648},{"Length":45,"Height":14,"Demand":70,"DemandMax":null,"Value":630},{"Length":42,"Height":14,"Demand":72,"DemandMax":null,"Value":588},{"Length":44,"Height":13,"Demand":64,"DemandMax":null,"Value":572},{"Length":28,"Height":18,"Demand":71,"DemandMax":null,"Value":504},{"Length":30,"Height":16,"Demand":53,"DemandMax":null,"Value":480},{"Length":26,"Height":18,"Demand":61,"DemandMax":null,"Value":468},{"Length":20,"Height":19,"Demand":82,"DemandMax":null,"Value":380},{"Length":22,"Height":14,"Demand":76,"DemandMax":null,"Value":308}]}