{"Name":"MB07_102","Objects":[{"Length":587,"Height":233,"Stock":null,"Cost":136771}],"Items":[{"Length":51,"Height":48,"Demand":24,"DemandMax":null,"Value":2448},{"Length":54,"Height":41,"Demand":26,"DemandMax":null,"Value":2214},{"Length":49,"Height":44,"Demand":24,"DemandMax":null,"Value":2156},{"Length":53,"Height":38,"Demand":22,"DemandMax":null,"Value":2014},{"Length":49,"Height":39,"Demand":17,"DemandMax":null,"Value":1911},{"Length":45,"Height":40,"Demand":33,"DemandMax":null,"Value":1800},{"Length":47,"Height":36,"Demand":26,"DemandMax":null,"Value":1692},{"Length":44,"Height":38,"Demand":25,"DemandMax":null,"Value":1672},{"Length":48,"Height":34,"Demand":24,"DemandMax":null,"Value":1632},{"Length":42,"Height":36,"Demand":29,"DemandMax":null,"Value":1512},{"Length":52,"Height":24,"Demand":28,"DemandMax":null,"Value":1248},{"Length":38,"Height":32,"Demand":24,"DemandMax":null,"Value":1216},{"Length":41,"Height":29,"Demand":22,"DemandMax":null,"Value":1189},{"Length":36,"Height":32,"Demand":21,"DemandMax":null,"Value":1152},{"Length":48,"Height":24,"Demand":26,"DemandMax":null,"Value":1152},{"Length":37,"Height":31,"Demand":34,"DemandMax":null,"Value":1147},{"Length":39,"Height":29,"Demand":22,"DemandMax":null,"Value":1131},{"Length":34,"Height":33,"Demand":25,"DemandMax":null,"Value":1122},{"Length":35,"Height":31,"Demand":26,"DemandMax":null,"Value":1085},{"Length":38,"Height":28,"Demand":24,"DemandMax":null,"Value":1064},{"Length":46,"Height":23,"Demand":36,"DemandMax":null,"Value":1058},{"Length":45,"Height":21,"Demand":16,"DemandMax":null,"Value":945},{"Length":43,"Height":21,"Demand":30,"DemandMax":null,"Value":903},{"Length":38,"Height":22,"Demand":28,"DemandMax":null,"Value":836},{"Length":44,"Height":19,"Demand":25,"DemandMax":null,"Value":836},{"Length":36,"Height":23,"Demand":24,"DemandMax":null,"Value":828},{"Length":28,"Height":28,"Demand":22,"DemandMax":null,"Value":784},{"Length":39,"Height":20,"Demand":24,"DemandMax":null,"Value":780},{"Length":51,"Height":15,"Demand":18,"DemandMax":null,"Value":765},{"Length":45,"Height":17,"Demand":19,"DemandMax":null,"Value":765},{"Length":30,"Height":25,"Demand":20,"DemandMax":null,"Value":750},{"Length":37,"Height":20,"Demand":20,"DemandMax":null,"Value":740},{"Length":38,"Height":19,"Demand":34,"DemandMax":null,"Value":722},{"Length":30,"Height":24,"Demand":24,"DemandMax":null,"Value":720},{"Length":55,"Height":13,"Demand":19,"DemandMax":null,"Value":715},{"Length":28,"Height":25,"Demand":30,"DemandMax":null,"Value":700},{"Length":30,"Height":23,"Demand":19,"DemandMax":null,"Value":690},{"Length":30,"Height":22,"Demand":23,"DemandMax":null,"Value":660},{"Length":44,"Height":15,"Demand":32,"DemandMax":null,"Value":660},{"Length":27,"Height":24,"Demand":17,"DemandMax":null,"Value":648},{"Length":28,"Height":21,"Demand":29,"DemandMax":null,"Value":588},{"Length":26,"Height":22,"Demand":31,"DemandMax":null,"Value":572},{"Length":27,"Height":21,"Demand":29,"DemandMax":null,"Value":567},{"Length":43,"Height":13,"Demand":23,"DemandMax":null,"Value":559},{"Length":31,"Height":18,"Demand":23,"DemandMax":null,"Value":558},{"Length":24,"Height":23,"Demand":22,"DemandMax":null,"Value":552},{"Length":24,"Height":21,"Demand":19,"DemandMax":null,"Value":504},{"Length":39,"Height":12,"Demand":28,"DemandMax":null,"Value":468},{"Length":33,"Height":14,"Demand":31,"DemandMax":null,"Value":462},{"Length":35,"Height":13,"Demand":29,"DemandMax":null,"Value":455},{"Length":27,"Height":16,"Demand":19,"DemandMax":null,"Value":432},{"Length":41,"Height":10,"Demand":22,"DemandMax":null,"Value":410},{"Length":36,"Height":11,"Demand":18,"DemandMax":null,"Value":396},{"Length":35,"Height":11,"Demand":26,"DemandMax":null,"Value":385},{"Length":24,"Height":12,"Demand":18,"DemandMax":null,"Value":288},{"Length":18,"Height":15,"Demand":28,"DemandMax":null,"Value":270},{"Length":19,"Height":14,"Demand":33,"DemandMax":null,"Value":266},{"Length":12,"Height":10,"Demand":29,"DemandMax":null,"Value":120}]}