{"Name":"MB07_143","Objects":[{"Length":587,"Height":233,"Stock":null,"Cost":136771}],"Items":[{"Length":59,"Height":48,"Demand":14,"DemandMax":null,"Value":2832},{"Length":52,"Height":47,"Demand":13,"DemandMax":null,"Value":2444},{"Length":49,"Height":49,"Demand":14,"DemandMax":null,"Value":2401},{"Length":52,"Height":42,"Demand":13,"DemandMax":null,"Value":2184},{"Length":48,"Height":45,"Demand":10,"DemandMax":null,"Value":2160},{"Length":55,"Height":37,"Demand":19,"DemandMax":null,"Value":2035},{"Length":47,"Height":42,"Demand":8,"DemandMax":null,"Value":1974},{"Length":54,"Height":36,"Demand":13,"DemandMax":null,"Value":1944},{"Length":49,"Height":39,"Demand":10,"DemandMax":null,"Value":1911},{"Length":48,"Height":39,"Demand":17,"DemandMax":null,"Value":1872},{"Length":56,"Height":33,"Demand":16,"DemandMax":null,"Value":1848},{"Length":45,"Height":39,"Demand":12,"DemandMax":null,"Value":1755},{"Length":48,"Height":33,"Demand":11,"DemandMax":null,"Value":1584},{"Length":51,"Height":31,"Demand":10,"DemandMax":null,"Value":1581},{"Length":56,"Height":28,"Demand":20,"DemandMax":null,"Value":1568},{"Length":49,"Height":32,"Demand":7,"DemandMax":null,"Value":1568},{"Length":54,"Height":29,"Demand":14,"DemandMax":null,"Value":1566},{"Length":45,"Height":34,"Demand":13,"DemandMax":null,"Value":1530},{"Length":48,"Height":31,"Demand":16,"DemandMax":null,"Value":1488},{"Length":53,"Height":28,"Demand":12,"DemandMax":null,"Value":1484},{"Length":40,"Height":37,"Demand":12,"DemandMax":null,"Value":1480},{"Length":42,"Height":33,"Demand":16,"DemandMax":null,"Value":1386},{"Length":47,"Height":29,"Demand":11,"DemandMax":null,"Value":1363},{"Length":50,"Height":26,"Demand":14,"DemandMax":null,"Value":1300},{"Length":56,"Height":23,"Demand":18,"DemandMax":null,"Value":1288},{"Length":39,"Height":33,"Demand":11,"DemandMax":null,"Value":1287},{"Length":47,"Height":27,"Demand":12,"DemandMax":null,"Value":1269},{"Length":37,"Height":34,"Demand":11,"DemandMax":null,"Value":1258},{"Length":37,"Height":33,"Demand":22,"DemandMax":null,"Value":1221},{"Length":40,"Height":30,"Demand":6,"DemandMax":null,"Value":1200},{"Length":59,"Height":20,"Demand":15,"DemandMax":null,"Value":1180},{"Length":42,"Height":28,"Demand":13,"DemandMax":null,"Value":1176},{"Length":34,"Height":34,"Demand":7,"DemandMax":null,"Value":1156},{"Length":35,"Height":32,"Demand":16,"DemandMax":null,"Value":1120},{"Length":41,"Height":27,"Demand":20,"DemandMax":null,"Value":1107},{"Length":34,"Height":32,"Demand":8,"DemandMax":null,"Value":1088},{"Length":45,"Height":24,"Demand":12,"DemandMax":null,"Value":1080},{"Length":37,"Height":29,"Demand":14,"DemandMax":null,"Value":1073},{"Length":35,"Height":30,"Demand":15,"DemandMax":null,"Value":1050},{"Length":37,"Height":28,"Demand":11,"DemandMax":null,"Value":1036},{"Length":33,"Height":31,"Demand":20,"DemandMax":null,"Value":1023},{"Length":34,"Height":30,"Demand":10,"DemandMax":null,"Value":1020},{"Length":59,"Height":16,"Demand":14,"DemandMax":null,"Value":944},{"Length":41,"Height":23,"Demand":17,"DemandMax":null,"Value":943},{"Length":45,"Height":20,"Demand":9,"DemandMax":null,"Value":900},{"Length":50,"Height":18,"Demand":9,"DemandMax":null,"Value":900},{"Length":32,"Height":28,"Demand":15,"DemandMax":null,"Value":896},{"Length":33,"Height":26,"Demand":14,"DemandMax":null,"Value":858},{"Length":35,"Height":24,"Demand":15,"DemandMax":null,"Value":840},{"Length":49,"Height":17,"Demand":16,"DemandMax":null,"Value":833},{"Length":55,"Height":15,"Demand":13,"DemandMax":null,"Value":825},{"Length":41,"Height":20,"Demand":12,"DemandMax":null,"Value":820},{"Length":35,"Height":23,"Demand":21,"DemandMax":null,"Value":805},{"Length":50,"Height":15,"Demand":12,"DemandMax":null,"Value":750},{"Length":31,"Height":24,"Demand":8,"DemandMax":null,"Value":744},{"Length":39,"Height":19,"Demand":11,"DemandMax":null,"Value":741},{"Length":32,"Height":23,"Demand":18,"DemandMax":null,"Value":736},{"Length":46,"Height":16,"Demand":13,"DemandMax":null,"Value":736},{"Length":29,"Height":25,"Demand":16,"DemandMax":null,"Value":725},{"Length":31,"Height":23,"Demand":18,"DemandMax":null,"Value":713},{"Length":47,"Height":15,"Demand":6,"DemandMax":null,"Value":705},{"Length":35,"Height":20,"Demand":12,"DemandMax":null,"Value":700},{"Length":41,"Height":17,"Demand":11,"DemandMax":null,"Value":697},{"Length":49,"Height":14,"Demand":17,"DemandMax":null,"Value":686},{"Length":40,"Height":17,"Demand":13,"DemandMax":null,"Value":680},{"Length":43,"Height":15,"Demand":8,"DemandMax":null,"Value":645},{"Length":32,"Height":19,"Demand":12,"DemandMax":null,"Value":608},{"Length":33,"Height":18,"Demand":14,"DemandMax":null,"Value":594},{"Length":49,"Height":12,"Demand":13,"DemandMax":null,"Value":588},{"Length":28,"Height":21,"Demand":6,"DemandMax":null,"Value":588},{"Length":29,"Height":20,"Demand":10,"DemandMax":null,"Value":580},{"Length":27,"Height":21,"Demand":14,"DemandMax":null,"Value":567},{"Length":33,"Height":17,"Demand":14,"DemandMax":null,"Value":561},{"Length":28,"Height":20,"Demand":14,"DemandMax":null,"Value":560},{"Length":37,"Height":15,"Demand":19,"DemandMax":null,"Value":555},{"Length":25,"Height":22,"Demand":11,"DemandMax":null,"Value":550},{"Length":32,"Height":17,"Demand":8,"DemandMax":null,"Value":544},{"Length":25,"Height":21,"Demand":7,"DemandMax":null,"Value":525},{"Length":40,"Height":13,"Demand":18,"DemandMax":null,"Value":520},{"Length":34,"Height":14,"Demand":13,"DemandMax":null,"Value":476},{"Length":28,"Height":17,"Demand":15,"DemandMax":null,"Value":476},{"Length":35,"Height":13,"Demand":19,"DemandMax":null,"Value":455},{"Length":30,"Height":15,"Demand":10,"DemandMax":null,"Value":450},{"Length":24,"Height":18,"Demand":13,"DemandMax":null,"Value":432},{"Length":25,"Height":17,"Demand":14,"DemandMax":null,"Value":425},{"Length":36,"Height":11,"Demand":11,"DemandMax":null,"Value":396},{"Length":24,"Height":16,"Demand":21,"DemandMax":null,"Value":384},{"Length":24,"Height":15,"Demand":14,"DemandMax":null,"Value":360},{"Length":35,"Height":10,"Demand":11,"DemandMax":null,"Value":350},{"Length":20,"Height":16,"Demand":10,"DemandMax":null,"Value":320},{"Length":30,"Height":10,"Demand":8,"DemandMax":null,"Value":300},{"Length":21,"Height":13,"Demand":23,"DemandMax":null,"Value":273},{"Length":18,"Height":14,"Demand":11,"DemandMax":null,"Value":252},{"Length":16,"Height":15,"Demand":9,"DemandMax":null,"Value":240},{"Length":18,"Height":10,"Demand":9,"DemandMax":null,"Value":180}]}