{"Name":"MB08_004","Objects":[{"Length":587,"Height":233,"Stock":null,"Cost":136771}],"Items":[{"Length":49,"Height":36,"Demand":56,"DemandMax":null,"Value":1764},{"Length":44,"Height":35,"Demand":50,"DemandMax":null,"Value":1540},{"Length":42,"Height":34,"Demand":62,"DemandMax":null,"Value":1428},{"Length":42,"Height":31,"Demand":50,"DemandMax":null,"Value":1302},{"Length":47,"Height":26,"Demand":58,"DemandMax":null,"Value":1222},{"Length":47,"Height":25,"Demand":44,"DemandMax":null,"Value":1175},{"Length":42,"Height":27,"Demand":53,"DemandMax":null,"Value":1134},{"Length":36,"Height":30,"Demand":50,"DemandMax":null,"Value":1080},{"Length":40,"Height":23,"Demand":52,"DemandMax":null,"Value":920},{"Length":51,"Height":18,"Demand":49,"DemandMax":null,"Value":918},{"Length":31,"Height":27,"Demand":55,"DemandMax":null,"Value":837},{"Length":38,"Height":22,"Demand":57,"DemandMax":null,"Value":836},{"Length":37,"Height":22,"Demand":59,"DemandMax":null,"Value":814},{"Length":47,"Height":16,"Demand":44,"DemandMax":null,"Value":752},{"Length":50,"Height":15,"Demand":49,"DemandMax":null,"Value":750},{"Length":31,"Height":24,"Demand":53,"DemandMax":null,"Value":744},{"Length":47,"Height":15,"Demand":62,"DemandMax":null,"Value":705},{"Length":36,"Height":18,"Demand":67,"DemandMax":null,"Value":648},{"Length":28,"Height":22,"Demand":60,"DemandMax":null,"Value":616},{"Length":28,"Height":21,"Demand":69,"DemandMax":null,"Value":588},{"Length":30,"Height":19,"Demand":58,"DemandMax":null,"Value":570},{"Length":35,"Height":15,"Demand":59,"DemandMax":null,"Value":525},{"Length":34,"Height":13,"Demand":55,"DemandMax":null,"Value":442},{"Length":20,"Height":19,"Demand":49,"DemandMax":null,"Value":380},{"Length":20,"Height":18,"Demand":61,"DemandMax":null,"Value":360},{"Length":20,"Height":17,"Demand":48,"DemandMax":null,"Value":340},{"Length":21,"Height":16,"Demand":58,"DemandMax":null,"Value":336},{"Length":22,"Height":15,"Demand":45,"DemandMax":null,"Value":330},{"Length":27,"Height":12,"Demand":57,"DemandMax":null,"Value":324},{"Length":18,"Height":17,"Demand":51,"DemandMax":null,"Value":306}]}