{"Name":"MB09_104","Objects":[{"Length":432,"Height":79,"Stock":null,"Cost":34128}],"Items":[{"Length":54,"Height":48,"Demand":26,"DemandMax":null,"Value":2592},{"Length":56,"Height":46,"Demand":22,"DemandMax":null,"Value":2576},{"Length":59,"Height":40,"Demand":29,"DemandMax":null,"Value":2360},{"Length":49,"Height":47,"Demand":26,"DemandMax":null,"Value":2303},{"Length":50,"Height":45,"Demand":21,"DemandMax":null,"Value":2250},{"Length":49,"Height":44,"Demand":26,"DemandMax":null,"Value":2156},{"Length":45,"Height":40,"Demand":23,"DemandMax":null,"Value":1800},{"Length":51,"Height":34,"Demand":27,"DemandMax":null,"Value":1734},{"Length":59,"Height":29,"Demand":24,"DemandMax":null,"Value":1711},{"Length":40,"Height":39,"Demand":25,"DemandMax":null,"Value":1560},{"Length":54,"Height":28,"Demand":17,"DemandMax":null,"Value":1512},{"Length":58,"Height":26,"Demand":25,"DemandMax":null,"Value":1508},{"Length":45,"Height":33,"Demand":26,"DemandMax":null,"Value":1485},{"Length":39,"Height":38,"Demand":18,"DemandMax":null,"Value":1482},{"Length":38,"Height":37,"Demand":26,"DemandMax":null,"Value":1406},{"Length":49,"Height":28,"Demand":23,"DemandMax":null,"Value":1372},{"Length":38,"Height":33,"Demand":18,"DemandMax":null,"Value":1254},{"Length":46,"Height":25,"Demand":25,"DemandMax":null,"Value":1150},{"Length":58,"Height":19,"Demand":26,"DemandMax":null,"Value":1102},{"Length":36,"Height":28,"Demand":30,"DemandMax":null,"Value":1008},{"Length":38,"Height":25,"Demand":20,"DemandMax":null,"Value":950},{"Length":41,"Height":23,"Demand":26,"DemandMax":null,"Value":943},{"Length":49,"Height":19,"Demand":19,"DemandMax":null,"Value":931},{"Length":38,"Height":24,"Demand":28,"DemandMax":null,"Value":912},{"Length":41,"Height":22,"Demand":28,"DemandMax":null,"Value":902},{"Length":30,"Height":30,"Demand":18,"DemandMax":null,"Value":900},{"Length":33,"Height":27,"Demand":16,"DemandMax":null,"Value":891},{"Length":30,"Height":29,"Demand":10,"DemandMax":null,"Value":870},{"Length":39,"Height":22,"Demand":30,"DemandMax":null,"Value":858},{"Length":37,"Height":22,"Demand":17,"DemandMax":null,"Value":814},{"Length":40,"Height":20,"Demand":20,"DemandMax":null,"Value":800},{"Length":49,"Height":15,"Demand":25,"DemandMax":null,"Value":735},{"Length":45,"Height":16,"Demand":26,"DemandMax":null,"Value":720},{"Length":39,"Height":18,"Demand":17,"DemandMax":null,"Value":702},{"Length":28,"Height":25,"Demand":22,"DemandMax":null,"Value":700},{"Length":41,"Height":17,"Demand":22,"DemandMax":null,"Value":697},{"Length":30,"Height":22,"Demand":26,"DemandMax":null,"Value":660},{"Length":27,"Height":24,"Demand":26,"DemandMax":null,"Value":648},{"Length":36,"Height":17,"Demand":25,"DemandMax":null,"Value":612},{"Length":29,"Height":21,"Demand":22,"DemandMax":null,"Value":609},{"Length":32,"Height":19,"Demand":22,"DemandMax":null,"Value":608},{"Length":50,"Height":12,"Demand":26,"DemandMax":null,"Value":600},{"Length":34,"Height":17,"Demand":17,"DemandMax":null,"Value":578},{"Length":24,"Height":23,"Demand":22,"DemandMax":null,"Value":552},{"Length":45,"Height":12,"Demand":18,"DemandMax":null,"Value":540},{"Length":32,"Height":16,"Demand":24,"DemandMax":null,"Value":512},{"Length":31,"Height":16,"Demand":27,"DemandMax":null,"Value":496},{"Length":27,"Height":18,"Demand":22,"DemandMax":null,"Value":486},{"Length":25,"Height":19,"Demand":28,"DemandMax":null,"Value":475},{"Length":26,"Height":18,"Demand":17,"DemandMax":null,"Value":468},{"Length":28,"Height":16,"Demand":18,"DemandMax":null,"Value":448},{"Length":25,"Height":17,"Demand":18,"DemandMax":null,"Value":425},{"Length":26,"Height":16,"Demand":14,"DemandMax":null,"Value":416},{"Length":20,"Height":20,"Demand":27,"DemandMax":null,"Value":400},{"Length":17,"Height":17,"Demand":12,"DemandMax":null,"Value":289},{"Length":20,"Height":13,"Demand":25,"DemandMax":null,"Value":260},{"Length":18,"Height":14,"Demand":18,"DemandMax":null,"Value":252},{"Length":16,"Height":15,"Demand":15,"DemandMax":null,"Value":240},{"Length":15,"Height":15,"Demand":19,"DemandMax":null,"Value":225}]}