{"Name":"MB08_079","Objects":[{"Length":587,"Height":233,"Stock":null,"Cost":136771}],"Items":[{"Length":57,"Height":47,"Demand":7,"DemandMax":null,"Value":2679},{"Length":58,"Height":44,"Demand":4,"DemandMax":null,"Value":2552},{"Length":59,"Height":43,"Demand":6,"DemandMax":null,"Value":2537},{"Length":55,"Height":45,"Demand":8,"DemandMax":null,"Value":2475},{"Length":54,"Height":45,"Demand":3,"DemandMax":null,"Value":2430},{"Length":49,"Height":47,"Demand":4,"DemandMax":null,"Value":2303},{"Length":57,"Height":40,"Demand":3,"DemandMax":null,"Value":2280},{"Length":50,"Height":45,"Demand":4,"DemandMax":null,"Value":2250},{"Length":57,"Height":39,"Demand":6,"DemandMax":null,"Value":2223},{"Length":48,"Height":46,"Demand":4,"DemandMax":null,"Value":2208},{"Length":48,"Height":45,"Demand":4,"DemandMax":null,"Value":2160},{"Length":50,"Height":43,"Demand":1,"DemandMax":null,"Value":2150},{"Length":55,"Height":39,"Demand":7,"DemandMax":null,"Value":2145},{"Length":53,"Height":40,"Demand":6,"DemandMax":null,"Value":2120},{"Length":49,"Height":43,"Demand":3,"DemandMax":null,"Value":2107},{"Length":55,"Height":37,"Demand":10,"DemandMax":null,"Value":2035},{"Length":49,"Height":41,"Demand":2,"DemandMax":null,"Value":2009},{"Length":55,"Height":36,"Demand":6,"DemandMax":null,"Value":1980},{"Length":49,"Height":40,"Demand":5,"DemandMax":null,"Value":1960},{"Length":57,"Height":34,"Demand":7,"DemandMax":null,"Value":1938},{"Length":57,"Height":33,"Demand":9,"DemandMax":null,"Value":1881},{"Length":48,"Height":39,"Demand":8,"DemandMax":null,"Value":1872},{"Length":54,"Height":34,"Demand":6,"DemandMax":null,"Value":1836},{"Length":47,"Height":39,"Demand":2,"DemandMax":null,"Value":1833},{"Length":46,"Height":39,"Demand":4,"DemandMax":null,"Value":1794},{"Length":51,"Height":35,"Demand":6,"DemandMax":null,"Value":1785},{"Length":54,"Height":33,"Demand":6,"DemandMax":null,"Value":1782},{"Length":52,"Height":34,"Demand":4,"DemandMax":null,"Value":1768},{"Length":53,"Height":33,"Demand":8,"DemandMax":null,"Value":1749},{"Length":51,"Height":34,"Demand":8,"DemandMax":null,"Value":1734},{"Length":54,"Height":32,"Demand":5,"DemandMax":null,"Value":1728},{"Length":49,"Height":35,"Demand":5,"DemandMax":null,"Value":1715},{"Length":59,"Height":29,"Demand":8,"DemandMax":null,"Value":1711},{"Length":57,"Height":30,"Demand":6,"DemandMax":null,"Value":1710},{"Length":50,"Height":34,"Demand":8,"DemandMax":null,"Value":1700},{"Length":51,"Height":33,"Demand":3,"DemandMax":null,"Value":1683},{"Length":54,"Height":31,"Demand":6,"DemandMax":null,"Value":1674},{"Length":44,"Height":38,"Demand":4,"DemandMax":null,"Value":1672},{"Length":57,"Height":29,"Demand":5,"DemandMax":null,"Value":1653},{"Length":59,"Height":28,"Demand":2,"DemandMax":null,"Value":1652},{"Length":55,"Height":30,"Demand":10,"DemandMax":null,"Value":1650},{"Length":47,"Height":35,"Demand":4,"DemandMax":null,"Value":1645},{"Length":49,"Height":32,"Demand":9,"DemandMax":null,"Value":1568},{"Length":56,"Height":28,"Demand":5,"DemandMax":null,"Value":1568},{"Length":52,"Height":30,"Demand":5,"DemandMax":null,"Value":1560},{"Length":47,"Height":33,"Demand":5,"DemandMax":null,"Value":1551},{"Length":45,"Height":34,"Demand":4,"DemandMax":null,"Value":1530},{"Length":46,"Height":33,"Demand":5,"DemandMax":null,"Value":1518},{"Length":50,"Height":30,"Demand":5,"DemandMax":null,"Value":1500},{"Length":39,"Height":38,"Demand":10,"DemandMax":null,"Value":1482},{"Length":57,"Height":26,"Demand":7,"DemandMax":null,"Value":1482},{"Length":40,"Height":37,"Demand":6,"DemandMax":null,"Value":1480},{"Length":51,"Height":29,"Demand":2,"DemandMax":null,"Value":1479},{"Length":42,"Height":35,"Demand":6,"DemandMax":null,"Value":1470},{"Length":54,"Height":27,"Demand":3,"DemandMax":null,"Value":1458},{"Length":56,"Height":26,"Demand":6,"DemandMax":null,"Value":1456},{"Length":44,"Height":33,"Demand":4,"DemandMax":null,"Value":1452},{"Length":39,"Height":37,"Demand":5,"DemandMax":null,"Value":1443},{"Length":48,"Height":30,"Demand":3,"DemandMax":null,"Value":1440},{"Length":41,"Height":35,"Demand":5,"DemandMax":null,"Value":1435},{"Length":42,"Height":34,"Demand":5,"DemandMax":null,"Value":1428},{"Length":49,"Height":29,"Demand":4,"DemandMax":null,"Value":1421},{"Length":38,"Height":36,"Demand":7,"DemandMax":null,"Value":1368},{"Length":39,"Height":35,"Demand":4,"DemandMax":null,"Value":1365},{"Length":48,"Height":28,"Demand":2,"DemandMax":null,"Value":1344},{"Length":43,"Height":31,"Demand":7,"DemandMax":null,"Value":1333},{"Length":39,"Height":34,"Demand":4,"DemandMax":null,"Value":1326},{"Length":55,"Height":24,"Demand":5,"DemandMax":null,"Value":1320},{"Length":47,"Height":28,"Demand":4,"DemandMax":null,"Value":1316},{"Length":39,"Height":33,"Demand":7,"DemandMax":null,"Value":1287},{"Length":45,"Height":28,"Demand":9,"DemandMax":null,"Value":1260},{"Length":38,"Height":33,"Demand":5,"DemandMax":null,"Value":1254},{"Length":48,"Height":26,"Demand":4,"DemandMax":null,"Value":1248},{"Length":46,"Height":27,"Demand":3,"DemandMax":null,"Value":1242},{"Length":40,"Height":31,"Demand":11,"DemandMax":null,"Value":1240},{"Length":56,"Height":22,"Demand":2,"DemandMax":null,"Value":1232},{"Length":35,"Height":35,"Demand":9,"DemandMax":null,"Value":1225},{"Length":36,"Height":34,"Demand":7,"DemandMax":null,"Value":1224},{"Length":37,"Height":33,"Demand":4,"DemandMax":null,"Value":1221},{"Length":42,"Height":29,"Demand":5,"DemandMax":null,"Value":1218},{"Length":57,"Height":21,"Demand":3,"DemandMax":null,"Value":1197},{"Length":35,"Height":34,"Demand":5,"DemandMax":null,"Value":1190},{"Length":41,"Height":29,"Demand":4,"DemandMax":null,"Value":1189},{"Length":44,"Height":27,"Demand":6,"DemandMax":null,"Value":1188},{"Length":36,"Height":33,"Demand":7,"DemandMax":null,"Value":1188},{"Length":37,"Height":32,"Demand":9,"DemandMax":null,"Value":1184},{"Length":59,"Height":20,"Demand":3,"DemandMax":null,"Value":1180},{"Length":38,"Height":31,"Demand":7,"DemandMax":null,"Value":1178},{"Length":56,"Height":21,"Demand":4,"DemandMax":null,"Value":1176},{"Length":45,"Height":26,"Demand":3,"DemandMax":null,"Value":1170},{"Length":54,"Height":21,"Demand":9,"DemandMax":null,"Value":1134},{"Length":42,"Height":27,"Demand":10,"DemandMax":null,"Value":1134},{"Length":39,"Height":29,"Demand":9,"DemandMax":null,"Value":1131},{"Length":36,"Height":31,"Demand":5,"DemandMax":null,"Value":1116},{"Length":35,"Height":31,"Demand":5,"DemandMax":null,"Value":1085},{"Length":47,"Height":23,"Demand":7,"DemandMax":null,"Value":1081},{"Length":43,"Height":25,"Demand":4,"DemandMax":null,"Value":1075},{"Length":52,"Height":20,"Demand":2,"DemandMax":null,"Value":1040},{"Length":47,"Height":22,"Demand":7,"DemandMax":null,"Value":1034},{"Length":49,"Height":21,"Demand":5,"DemandMax":null,"Value":1029},{"Length":38,"Height":27,"Demand":5,"DemandMax":null,"Value":1026},{"Length":41,"Height":25,"Demand":3,"DemandMax":null,"Value":1025},{"Length":33,"Height":31,"Demand":6,"DemandMax":null,"Value":1023},{"Length":46,"Height":22,"Demand":5,"DemandMax":null,"Value":1012},{"Length":42,"Height":24,"Demand":7,"DemandMax":null,"Value":1008},{"Length":37,"Height":27,"Demand":4,"DemandMax":null,"Value":999},{"Length":33,"Height":30,"Demand":5,"DemandMax":null,"Value":990},{"Length":58,"Height":17,"Demand":2,"DemandMax":null,"Value":986},{"Length":34,"Height":29,"Demand":2,"DemandMax":null,"Value":986},{"Length":42,"Height":23,"Demand":6,"DemandMax":null,"Value":966},{"Length":31,"Height":31,"Demand":7,"DemandMax":null,"Value":961},{"Length":48,"Height":20,"Demand":3,"DemandMax":null,"Value":960},{"Length":60,"Height":16,"Demand":8,"DemandMax":null,"Value":960},{"Length":40,"Height":24,"Demand":3,"DemandMax":null,"Value":960},{"Length":38,"Height":25,"Demand":2,"DemandMax":null,"Value":950},{"Length":59,"Height":16,"Demand":6,"DemandMax":null,"Value":944},{"Length":47,"Height":20,"Demand":9,"DemandMax":null,"Value":940},{"Length":39,"Height":24,"Demand":5,"DemandMax":null,"Value":936},{"Length":49,"Height":19,"Demand":2,"DemandMax":null,"Value":931},{"Length":32,"Height":29,"Demand":8,"DemandMax":null,"Value":928},{"Length":37,"Height":25,"Demand":2,"DemandMax":null,"Value":925},{"Length":40,"Height":23,"Demand":6,"DemandMax":null,"Value":920},{"Length":35,"Height":26,"Demand":4,"DemandMax":null,"Value":910},{"Length":31,"Height":29,"Demand":8,"DemandMax":null,"Value":899},{"Length":47,"Height":19,"Demand":6,"DemandMax":null,"Value":893},{"Length":33,"Height":27,"Demand":4,"DemandMax":null,"Value":891},{"Length":34,"Height":26,"Demand":5,"DemandMax":null,"Value":884},{"Length":35,"Height":25,"Demand":3,"DemandMax":null,"Value":875},{"Length":46,"Height":19,"Demand":3,"DemandMax":null,"Value":874},{"Length":39,"Height":22,"Demand":7,"DemandMax":null,"Value":858},{"Length":37,"Height":23,"Demand":6,"DemandMax":null,"Value":851},{"Length":35,"Height":24,"Demand":7,"DemandMax":null,"Value":840},{"Length":38,"Height":22,"Demand":5,"DemandMax":null,"Value":836},{"Length":32,"Height":26,"Demand":6,"DemandMax":null,"Value":832},{"Length":51,"Height":16,"Demand":3,"DemandMax":null,"Value":816},{"Length":45,"Height":18,"Demand":6,"DemandMax":null,"Value":810},{"Length":31,"Height":26,"Demand":5,"DemandMax":null,"Value":806},{"Length":32,"Height":25,"Demand":2,"DemandMax":null,"Value":800},{"Length":40,"Height":20,"Demand":7,"DemandMax":null,"Value":800},{"Length":47,"Height":17,"Demand":6,"DemandMax":null,"Value":799},{"Length":42,"Height":19,"Demand":6,"DemandMax":null,"Value":798},{"Length":33,"Height":24,"Demand":6,"DemandMax":null,"Value":792},{"Length":28,"Height":28,"Demand":10,"DemandMax":null,"Value":784},{"Length":56,"Height":14,"Demand":5,"DemandMax":null,"Value":784},{"Length":29,"Height":27,"Demand":5,"DemandMax":null,"Value":783},{"Length":45,"Height":17,"Demand":9,"DemandMax":null,"Value":765},{"Length":40,"Height":19,"Demand":3,"DemandMax":null,"Value":760},{"Length":28,"Height":27,"Demand":5,"DemandMax":null,"Value":756},{"Length":30,"Height":25,"Demand":6,"DemandMax":null,"Value":750},{"Length":34,"Height":22,"Demand":3,"DemandMax":null,"Value":748},{"Length":31,"Height":24,"Demand":3,"DemandMax":null,"Value":744},{"Length":57,"Height":13,"Demand":7,"DemandMax":null,"Value":741},{"Length":41,"Height":18,"Demand":4,"DemandMax":null,"Value":738},{"Length":48,"Height":15,"Demand":4,"DemandMax":null,"Value":720},{"Length":36,"Height":20,"Demand":13,"DemandMax":null,"Value":720},{"Length":45,"Height":16,"Demand":8,"DemandMax":null,"Value":720},{"Length":40,"Height":18,"Demand":5,"DemandMax":null,"Value":720},{"Length":42,"Height":17,"Demand":5,"DemandMax":null,"Value":714},{"Length":31,"Height":23,"Demand":5,"DemandMax":null,"Value":713},{"Length":47,"Height":15,"Demand":1,"DemandMax":null,"Value":705},{"Length":27,"Height":26,"Demand":3,"DemandMax":null,"Value":702},{"Length":41,"Height":17,"Demand":4,"DemandMax":null,"Value":697},{"Length":46,"Height":15,"Demand":7,"DemandMax":null,"Value":690},{"Length":36,"Height":19,"Demand":5,"DemandMax":null,"Value":684},{"Length":29,"Height":23,"Demand":2,"DemandMax":null,"Value":667},{"Length":37,"Height":18,"Demand":5,"DemandMax":null,"Value":666},{"Length":35,"Height":19,"Demand":11,"DemandMax":null,"Value":665},{"Length":51,"Height":13,"Demand":5,"DemandMax":null,"Value":663},{"Length":39,"Height":17,"Demand":4,"DemandMax":null,"Value":663},{"Length":44,"Height":15,"Demand":5,"DemandMax":null,"Value":660},{"Length":30,"Height":22,"Demand":5,"DemandMax":null,"Value":660},{"Length":26,"Height":25,"Demand":5,"DemandMax":null,"Value":650},{"Length":32,"Height":20,"Demand":3,"DemandMax":null,"Value":640},{"Length":40,"Height":16,"Demand":6,"DemandMax":null,"Value":640},{"Length":49,"Height":13,"Demand":4,"DemandMax":null,"Value":637},{"Length":42,"Height":15,"Demand":6,"DemandMax":null,"Value":630},{"Length":33,"Height":19,"Demand":7,"DemandMax":null,"Value":627},{"Length":48,"Height":13,"Demand":4,"DemandMax":null,"Value":624},{"Length":28,"Height":22,"Demand":6,"DemandMax":null,"Value":616},{"Length":44,"Height":14,"Demand":5,"DemandMax":null,"Value":616},{"Length":36,"Height":17,"Demand":3,"DemandMax":null,"Value":612},{"Length":30,"Height":20,"Demand":6,"DemandMax":null,"Value":600},{"Length":29,"Height":20,"Demand":2,"DemandMax":null,"Value":580},{"Length":34,"Height":17,"Demand":4,"DemandMax":null,"Value":578},{"Length":41,"Height":14,"Demand":2,"DemandMax":null,"Value":574},{"Length":30,"Height":19,"Demand":7,"DemandMax":null,"Value":570},{"Length":37,"Height":15,"Demand":2,"DemandMax":null,"Value":555},{"Length":29,"Height":19,"Demand":1,"DemandMax":null,"Value":551},{"Length":25,"Height":22,"Demand":9,"DemandMax":null,"Value":550},{"Length":32,"Height":17,"Demand":3,"DemandMax":null,"Value":544},{"Length":36,"Height":15,"Demand":5,"DemandMax":null,"Value":540},{"Length":45,"Height":12,"Demand":1,"DemandMax":null,"Value":540},{"Length":30,"Height":18,"Demand":3,"DemandMax":null,"Value":540},{"Length":38,"Height":14,"Demand":6,"DemandMax":null,"Value":532},{"Length":44,"Height":12,"Demand":9,"DemandMax":null,"Value":528},{"Length":26,"Height":20,"Demand":6,"DemandMax":null,"Value":520},{"Length":47,"Height":11,"Demand":3,"DemandMax":null,"Value":517},{"Length":27,"Height":19,"Demand":5,"DemandMax":null,"Value":513},{"Length":30,"Height":17,"Demand":5,"DemandMax":null,"Value":510},{"Length":28,"Height":18,"Demand":5,"DemandMax":null,"Value":504},{"Length":45,"Height":11,"Demand":3,"DemandMax":null,"Value":495},{"Length":41,"Height":12,"Demand":3,"DemandMax":null,"Value":492},{"Length":27,"Height":18,"Demand":4,"DemandMax":null,"Value":486},{"Length":22,"Height":22,"Demand":5,"DemandMax":null,"Value":484},{"Length":37,"Height":13,"Demand":7,"DemandMax":null,"Value":481},{"Length":32,"Height":15,"Demand":3,"DemandMax":null,"Value":480},{"Length":40,"Height":12,"Demand":4,"DemandMax":null,"Value":480},{"Length":25,"Height":19,"Demand":5,"DemandMax":null,"Value":475},{"Length":36,"Height":13,"Demand":6,"DemandMax":null,"Value":468},{"Length":27,"Height":17,"Demand":10,"DemandMax":null,"Value":459},{"Length":26,"Height":17,"Demand":7,"DemandMax":null,"Value":442},{"Length":21,"Height":21,"Demand":3,"DemandMax":null,"Value":441},{"Length":22,"Height":20,"Demand":7,"DemandMax":null,"Value":440},{"Length":31,"Height":14,"Demand":4,"DemandMax":null,"Value":434},{"Length":36,"Height":12,"Demand":6,"DemandMax":null,"Value":432},{"Length":43,"Height":10,"Demand":7,"DemandMax":null,"Value":430},{"Length":28,"Height":15,"Demand":4,"DemandMax":null,"Value":420},{"Length":21,"Height":20,"Demand":3,"DemandMax":null,"Value":420},{"Length":29,"Height":14,"Demand":4,"DemandMax":null,"Value":406},{"Length":27,"Height":15,"Demand":5,"DemandMax":null,"Value":405},{"Length":25,"Height":16,"Demand":5,"DemandMax":null,"Value":400},{"Length":21,"Height":19,"Demand":2,"DemandMax":null,"Value":399},{"Length":36,"Height":11,"Demand":5,"DemandMax":null,"Value":396},{"Length":28,"Height":14,"Demand":3,"DemandMax":null,"Value":392},{"Length":35,"Height":11,"Demand":6,"DemandMax":null,"Value":385},{"Length":32,"Height":12,"Demand":5,"DemandMax":null,"Value":384},{"Length":21,"Height":18,"Demand":4,"DemandMax":null,"Value":378},{"Length":29,"Height":13,"Demand":7,"DemandMax":null,"Value":377},{"Length":25,"Height":15,"Demand":2,"DemandMax":null,"Value":375},{"Length":31,"Height":12,"Demand":4,"DemandMax":null,"Value":372},{"Length":24,"Height":15,"Demand":6,"DemandMax":null,"Value":360},{"Length":20,"Height":18,"Demand":7,"DemandMax":null,"Value":360},{"Length":21,"Height":17,"Demand":8,"DemandMax":null,"Value":357},{"Length":22,"Height":16,"Demand":4,"DemandMax":null,"Value":352},{"Length":25,"Height":14,"Demand":3,"DemandMax":null,"Value":350},{"Length":35,"Height":10,"Demand":3,"DemandMax":null,"Value":350},{"Length":29,"Height":12,"Demand":3,"DemandMax":null,"Value":348},{"Length":28,"Height":12,"Demand":5,"DemandMax":null,"Value":336},{"Length":23,"Height":14,"Demand":3,"DemandMax":null,"Value":322},{"Length":29,"Height":11,"Demand":5,"DemandMax":null,"Value":319},{"Length":21,"Height":15,"Demand":7,"DemandMax":null,"Value":315},{"Length":23,"Height":13,"Demand":2,"DemandMax":null,"Value":299},{"Length":21,"Height":14,"Demand":3,"DemandMax":null,"Value":294},{"Length":29,"Height":10,"Demand":6,"DemandMax":null,"Value":290},{"Length":17,"Height":17,"Demand":4,"DemandMax":null,"Value":289},{"Length":18,"Height":16,"Demand":7,"DemandMax":null,"Value":288},{"Length":22,"Height":13,"Demand":3,"DemandMax":null,"Value":286},{"Length":28,"Height":10,"Demand":3,"DemandMax":null,"Value":280},{"Length":27,"Height":10,"Demand":4,"DemandMax":null,"Value":270},{"Length":24,"Height":11,"Demand":7,"DemandMax":null,"Value":264},{"Length":16,"Height":16,"Demand":5,"DemandMax":null,"Value":256},{"Length":17,"Height":15,"Demand":2,"DemandMax":null,"Value":255},{"Length":17,"Height":14,"Demand":3,"DemandMax":null,"Value":238},{"Length":15,"Height":15,"Demand":5,"DemandMax":null,"Value":225},{"Length":16,"Height":14,"Demand":10,"DemandMax":null,"Value":224},{"Length":17,"Height":13,"Demand":6,"DemandMax":null,"Value":221},{"Length":18,"Height":12,"Demand":11,"DemandMax":null,"Value":216},{"Length":16,"Height":12,"Demand":5,"DemandMax":null,"Value":192}]}