{"Name":"MB09_086","Objects":[{"Length":432,"Height":79,"Stock":null,"Cost":34128}],"Items":[{"Length":52,"Height":44,"Demand":44,"DemandMax":null,"Value":2288},{"Length":57,"Height":40,"Demand":33,"DemandMax":null,"Value":2280},{"Length":50,"Height":29,"Demand":40,"DemandMax":null,"Value":1450},{"Length":39,"Height":31,"Demand":30,"DemandMax":null,"Value":1209},{"Length":54,"Height":22,"Demand":44,"DemandMax":null,"Value":1188},{"Length":39,"Height":29,"Demand":48,"DemandMax":null,"Value":1131},{"Length":44,"Height":25,"Demand":36,"DemandMax":null,"Value":1100},{"Length":55,"Height":19,"Demand":43,"DemandMax":null,"Value":1045},{"Length":36,"Height":29,"Demand":39,"DemandMax":null,"Value":1044},{"Length":41,"Height":25,"Demand":37,"DemandMax":null,"Value":1025},{"Length":34,"Height":30,"Demand":39,"DemandMax":null,"Value":1020},{"Length":37,"Height":26,"Demand":48,"DemandMax":null,"Value":962},{"Length":43,"Height":22,"Demand":38,"DemandMax":null,"Value":946},{"Length":45,"Height":21,"Demand":42,"DemandMax":null,"Value":945},{"Length":33,"Height":28,"Demand":49,"DemandMax":null,"Value":924},{"Length":31,"Height":29,"Demand":47,"DemandMax":null,"Value":899},{"Length":47,"Height":18,"Demand":44,"DemandMax":null,"Value":846},{"Length":34,"Height":23,"Demand":35,"DemandMax":null,"Value":782},{"Length":30,"Height":26,"Demand":34,"DemandMax":null,"Value":780},{"Length":43,"Height":18,"Demand":51,"DemandMax":null,"Value":774},{"Length":29,"Height":26,"Demand":42,"DemandMax":null,"Value":754},{"Length":34,"Height":22,"Demand":39,"DemandMax":null,"Value":748},{"Length":36,"Height":20,"Demand":44,"DemandMax":null,"Value":720},{"Length":43,"Height":16,"Demand":37,"DemandMax":null,"Value":688},{"Length":38,"Height":18,"Demand":34,"DemandMax":null,"Value":684},{"Length":40,"Height":17,"Demand":44,"DemandMax":null,"Value":680},{"Length":37,"Height":18,"Demand":42,"DemandMax":null,"Value":666},{"Length":28,"Height":23,"Demand":42,"DemandMax":null,"Value":644},{"Length":35,"Height":18,"Demand":36,"DemandMax":null,"Value":630},{"Length":57,"Height":11,"Demand":30,"DemandMax":null,"Value":627},{"Length":25,"Height":25,"Demand":45,"DemandMax":null,"Value":625},{"Length":37,"Height":14,"Demand":35,"DemandMax":null,"Value":518},{"Length":26,"Height":16,"Demand":41,"DemandMax":null,"Value":416},{"Length":31,"Height":13,"Demand":38,"DemandMax":null,"Value":403},{"Length":26,"Height":15,"Demand":38,"DemandMax":null,"Value":390},{"Length":39,"Height":10,"Demand":42,"DemandMax":null,"Value":390},{"Length":21,"Height":16,"Demand":50,"DemandMax":null,"Value":336},{"Length":31,"Height":10,"Demand":49,"DemandMax":null,"Value":310},{"Length":19,"Height":11,"Demand":55,"DemandMax":null,"Value":209},{"Length":13,"Height":13,"Demand":45,"DemandMax":null,"Value":169}]}