{"Name":"MB08_087","Objects":[{"Length":587,"Height":233,"Stock":null,"Cost":136771}],"Items":[{"Length":60,"Height":49,"Demand":6,"DemandMax":null,"Value":2940},{"Length":55,"Height":49,"Demand":2,"DemandMax":null,"Value":2695},{"Length":49,"Height":48,"Demand":7,"DemandMax":null,"Value":2352},{"Length":49,"Height":47,"Demand":2,"DemandMax":null,"Value":2303},{"Length":49,"Height":46,"Demand":5,"DemandMax":null,"Value":2254},{"Length":57,"Height":39,"Demand":11,"DemandMax":null,"Value":2223},{"Length":49,"Height":45,"Demand":5,"DemandMax":null,"Value":2205},{"Length":57,"Height":38,"Demand":6,"DemandMax":null,"Value":2166},{"Length":49,"Height":43,"Demand":7,"DemandMax":null,"Value":2107},{"Length":56,"Height":37,"Demand":3,"DemandMax":null,"Value":2072},{"Length":60,"Height":34,"Demand":6,"DemandMax":null,"Value":2040},{"Length":52,"Height":39,"Demand":5,"DemandMax":null,"Value":2028},{"Length":56,"Height":35,"Demand":3,"DemandMax":null,"Value":1960},{"Length":59,"Height":33,"Demand":4,"DemandMax":null,"Value":1947},{"Length":47,"Height":41,"Demand":2,"DemandMax":null,"Value":1927},{"Length":55,"Height":35,"Demand":4,"DemandMax":null,"Value":1925},{"Length":52,"Height":37,"Demand":4,"DemandMax":null,"Value":1924},{"Length":48,"Height":40,"Demand":2,"DemandMax":null,"Value":1920},{"Length":45,"Height":42,"Demand":3,"DemandMax":null,"Value":1890},{"Length":49,"Height":38,"Demand":6,"DemandMax":null,"Value":1862},{"Length":53,"Height":35,"Demand":4,"DemandMax":null,"Value":1855},{"Length":54,"Height":34,"Demand":5,"DemandMax":null,"Value":1836},{"Length":52,"Height":35,"Demand":3,"DemandMax":null,"Value":1820},{"Length":45,"Height":40,"Demand":2,"DemandMax":null,"Value":1800},{"Length":57,"Height":31,"Demand":4,"DemandMax":null,"Value":1767},{"Length":49,"Height":36,"Demand":7,"DemandMax":null,"Value":1764},{"Length":55,"Height":32,"Demand":4,"DemandMax":null,"Value":1760},{"Length":51,"Height":34,"Demand":3,"DemandMax":null,"Value":1734},{"Length":48,"Height":36,"Demand":4,"DemandMax":null,"Value":1728},{"Length":54,"Height":32,"Demand":6,"DemandMax":null,"Value":1728},{"Length":43,"Height":40,"Demand":4,"DemandMax":null,"Value":1720},{"Length":45,"Height":38,"Demand":6,"DemandMax":null,"Value":1710},{"Length":46,"Height":37,"Demand":2,"DemandMax":null,"Value":1702},{"Length":42,"Height":40,"Demand":6,"DemandMax":null,"Value":1680},{"Length":43,"Height":39,"Demand":4,"DemandMax":null,"Value":1677},{"Length":49,"Height":34,"Demand":2,"DemandMax":null,"Value":1666},{"Length":59,"Height":28,"Demand":5,"DemandMax":null,"Value":1652},{"Length":53,"Height":31,"Demand":1,"DemandMax":null,"Value":1643},{"Length":42,"Height":39,"Demand":7,"DemandMax":null,"Value":1638},{"Length":60,"Height":27,"Demand":2,"DemandMax":null,"Value":1620},{"Length":49,"Height":33,"Demand":2,"DemandMax":null,"Value":1617},{"Length":52,"Height":31,"Demand":3,"DemandMax":null,"Value":1612},{"Length":45,"Height":35,"Demand":2,"DemandMax":null,"Value":1575},{"Length":54,"Height":29,"Demand":1,"DemandMax":null,"Value":1566},{"Length":46,"Height":34,"Demand":3,"DemandMax":null,"Value":1564},{"Length":40,"Height":39,"Demand":6,"DemandMax":null,"Value":1560},{"Length":47,"Height":33,"Demand":2,"DemandMax":null,"Value":1551},{"Length":50,"Height":31,"Demand":5,"DemandMax":null,"Value":1550},{"Length":57,"Height":27,"Demand":3,"DemandMax":null,"Value":1539},{"Length":48,"Height":32,"Demand":5,"DemandMax":null,"Value":1536},{"Length":50,"Height":30,"Demand":1,"DemandMax":null,"Value":1500},{"Length":48,"Height":31,"Demand":4,"DemandMax":null,"Value":1488},{"Length":57,"Height":26,"Demand":5,"DemandMax":null,"Value":1482},{"Length":51,"Height":29,"Demand":2,"DemandMax":null,"Value":1479},{"Length":41,"Height":36,"Demand":8,"DemandMax":null,"Value":1476},{"Length":59,"Height":25,"Demand":4,"DemandMax":null,"Value":1475},{"Length":44,"Height":33,"Demand":3,"DemandMax":null,"Value":1452},{"Length":50,"Height":29,"Demand":2,"DemandMax":null,"Value":1450},{"Length":39,"Height":37,"Demand":2,"DemandMax":null,"Value":1443},{"Length":40,"Height":36,"Demand":4,"DemandMax":null,"Value":1440},{"Length":48,"Height":30,"Demand":2,"DemandMax":null,"Value":1440},{"Length":42,"Height":34,"Demand":3,"DemandMax":null,"Value":1428},{"Length":49,"Height":29,"Demand":3,"DemandMax":null,"Value":1421},{"Length":43,"Height":33,"Demand":1,"DemandMax":null,"Value":1419},{"Length":39,"Height":36,"Demand":6,"DemandMax":null,"Value":1404},{"Length":56,"Height":25,"Demand":6,"DemandMax":null,"Value":1400},{"Length":40,"Height":35,"Demand":4,"DemandMax":null,"Value":1400},{"Length":45,"Height":31,"Demand":3,"DemandMax":null,"Value":1395},{"Length":58,"Height":24,"Demand":4,"DemandMax":null,"Value":1392},{"Length":48,"Height":29,"Demand":3,"DemandMax":null,"Value":1392},{"Length":42,"Height":33,"Demand":4,"DemandMax":null,"Value":1386},{"Length":43,"Height":32,"Demand":8,"DemandMax":null,"Value":1376},{"Length":57,"Height":24,"Demand":3,"DemandMax":null,"Value":1368},{"Length":39,"Height":35,"Demand":7,"DemandMax":null,"Value":1365},{"Length":47,"Height":29,"Demand":5,"DemandMax":null,"Value":1363},{"Length":45,"Height":30,"Demand":4,"DemandMax":null,"Value":1350},{"Length":50,"Height":27,"Demand":1,"DemandMax":null,"Value":1350},{"Length":54,"Height":25,"Demand":5,"DemandMax":null,"Value":1350},{"Length":37,"Height":36,"Demand":4,"DemandMax":null,"Value":1332},{"Length":38,"Height":35,"Demand":3,"DemandMax":null,"Value":1330},{"Length":40,"Height":33,"Demand":7,"DemandMax":null,"Value":1320},{"Length":44,"Height":30,"Demand":3,"DemandMax":null,"Value":1320},{"Length":42,"Height":31,"Demand":2,"DemandMax":null,"Value":1302},{"Length":52,"Height":25,"Demand":2,"DemandMax":null,"Value":1300},{"Length":48,"Height":27,"Demand":3,"DemandMax":null,"Value":1296},{"Length":37,"Height":35,"Demand":6,"DemandMax":null,"Value":1295},{"Length":38,"Height":34,"Demand":2,"DemandMax":null,"Value":1292},{"Length":56,"Height":23,"Demand":5,"DemandMax":null,"Value":1288},{"Length":44,"Height":29,"Demand":3,"DemandMax":null,"Value":1276},{"Length":36,"Height":35,"Demand":4,"DemandMax":null,"Value":1260},{"Length":45,"Height":28,"Demand":3,"DemandMax":null,"Value":1260},{"Length":42,"Height":30,"Demand":3,"DemandMax":null,"Value":1260},{"Length":57,"Height":22,"Demand":4,"DemandMax":null,"Value":1254},{"Length":38,"Height":33,"Demand":4,"DemandMax":null,"Value":1254},{"Length":39,"Height":32,"Demand":5,"DemandMax":null,"Value":1248},{"Length":43,"Height":29,"Demand":5,"DemandMax":null,"Value":1247},{"Length":40,"Height":31,"Demand":7,"DemandMax":null,"Value":1240},{"Length":41,"Height":30,"Demand":2,"DemandMax":null,"Value":1230},{"Length":51,"Height":24,"Demand":3,"DemandMax":null,"Value":1224},{"Length":36,"Height":34,"Demand":4,"DemandMax":null,"Value":1224},{"Length":38,"Height":32,"Demand":4,"DemandMax":null,"Value":1216},{"Length":45,"Height":27,"Demand":4,"DemandMax":null,"Value":1215},{"Length":43,"Height":28,"Demand":1,"DemandMax":null,"Value":1204},{"Length":57,"Height":21,"Demand":6,"DemandMax":null,"Value":1197},{"Length":46,"Height":26,"Demand":2,"DemandMax":null,"Value":1196},{"Length":41,"Height":29,"Demand":6,"DemandMax":null,"Value":1189},{"Length":54,"Height":22,"Demand":6,"DemandMax":null,"Value":1188},{"Length":49,"Height":24,"Demand":3,"DemandMax":null,"Value":1176},{"Length":42,"Height":28,"Demand":2,"DemandMax":null,"Value":1176},{"Length":43,"Height":27,"Demand":6,"DemandMax":null,"Value":1161},{"Length":34,"Height":34,"Demand":6,"DemandMax":null,"Value":1156},{"Length":48,"Height":24,"Demand":2,"DemandMax":null,"Value":1152},{"Length":37,"Height":31,"Demand":8,"DemandMax":null,"Value":1147},{"Length":52,"Height":22,"Demand":6,"DemandMax":null,"Value":1144},{"Length":39,"Height":29,"Demand":4,"DemandMax":null,"Value":1131},{"Length":47,"Height":24,"Demand":1,"DemandMax":null,"Value":1128},{"Length":49,"Height":23,"Demand":1,"DemandMax":null,"Value":1127},{"Length":45,"Height":25,"Demand":5,"DemandMax":null,"Value":1125},{"Length":34,"Height":33,"Demand":4,"DemandMax":null,"Value":1122},{"Length":56,"Height":20,"Demand":11,"DemandMax":null,"Value":1120},{"Length":35,"Height":32,"Demand":6,"DemandMax":null,"Value":1120},{"Length":43,"Height":26,"Demand":2,"DemandMax":null,"Value":1118},{"Length":37,"Height":30,"Demand":5,"DemandMax":null,"Value":1110},{"Length":44,"Height":25,"Demand":2,"DemandMax":null,"Value":1100},{"Length":39,"Height":28,"Demand":3,"DemandMax":null,"Value":1092},{"Length":33,"Height":33,"Demand":3,"DemandMax":null,"Value":1089},{"Length":34,"Height":32,"Demand":3,"DemandMax":null,"Value":1088},{"Length":35,"Height":31,"Demand":4,"DemandMax":null,"Value":1085},{"Length":36,"Height":30,"Demand":3,"DemandMax":null,"Value":1080},{"Length":40,"Height":27,"Demand":3,"DemandMax":null,"Value":1080},{"Length":60,"Height":18,"Demand":7,"DemandMax":null,"Value":1080},{"Length":49,"Height":22,"Demand":5,"DemandMax":null,"Value":1078},{"Length":43,"Height":25,"Demand":3,"DemandMax":null,"Value":1075},{"Length":51,"Height":21,"Demand":7,"DemandMax":null,"Value":1071},{"Length":46,"Height":23,"Demand":5,"DemandMax":null,"Value":1058},{"Length":44,"Height":24,"Demand":4,"DemandMax":null,"Value":1056},{"Length":40,"Height":26,"Demand":1,"DemandMax":null,"Value":1040},{"Length":43,"Height":24,"Demand":4,"DemandMax":null,"Value":1032},{"Length":38,"Height":27,"Demand":5,"DemandMax":null,"Value":1026},{"Length":33,"Height":31,"Demand":5,"DemandMax":null,"Value":1023},{"Length":60,"Height":17,"Demand":4,"DemandMax":null,"Value":1020},{"Length":35,"Height":29,"Demand":6,"DemandMax":null,"Value":1015},{"Length":33,"Height":30,"Demand":4,"DemandMax":null,"Value":990},{"Length":38,"Height":26,"Demand":7,"DemandMax":null,"Value":988},{"Length":34,"Height":29,"Demand":3,"DemandMax":null,"Value":986},{"Length":49,"Height":20,"Demand":4,"DemandMax":null,"Value":980},{"Length":39,"Height":25,"Demand":2,"DemandMax":null,"Value":975},{"Length":36,"Height":27,"Demand":7,"DemandMax":null,"Value":972},{"Length":42,"Height":23,"Demand":2,"DemandMax":null,"Value":966},{"Length":40,"Height":24,"Demand":4,"DemandMax":null,"Value":960},{"Length":32,"Height":30,"Demand":4,"DemandMax":null,"Value":960},{"Length":48,"Height":20,"Demand":1,"DemandMax":null,"Value":960},{"Length":43,"Height":22,"Demand":4,"DemandMax":null,"Value":946},{"Length":59,"Height":16,"Demand":3,"DemandMax":null,"Value":944},{"Length":41,"Height":23,"Demand":3,"DemandMax":null,"Value":943},{"Length":47,"Height":20,"Demand":3,"DemandMax":null,"Value":940},{"Length":36,"Height":26,"Demand":4,"DemandMax":null,"Value":936},{"Length":52,"Height":18,"Demand":4,"DemandMax":null,"Value":936},{"Length":31,"Height":30,"Demand":4,"DemandMax":null,"Value":930},{"Length":32,"Height":29,"Demand":5,"DemandMax":null,"Value":928},{"Length":33,"Height":28,"Demand":4,"DemandMax":null,"Value":924},{"Length":42,"Height":22,"Demand":4,"DemandMax":null,"Value":924},{"Length":35,"Height":26,"Demand":3,"DemandMax":null,"Value":910},{"Length":41,"Height":22,"Demand":3,"DemandMax":null,"Value":902},{"Length":45,"Height":20,"Demand":7,"DemandMax":null,"Value":900},{"Length":36,"Height":25,"Demand":7,"DemandMax":null,"Value":900},{"Length":31,"Height":29,"Demand":5,"DemandMax":null,"Value":899},{"Length":33,"Height":27,"Demand":5,"DemandMax":null,"Value":891},{"Length":52,"Height":17,"Demand":5,"DemandMax":null,"Value":884},{"Length":34,"Height":26,"Demand":1,"DemandMax":null,"Value":884},{"Length":42,"Height":21,"Demand":3,"DemandMax":null,"Value":882},{"Length":55,"Height":16,"Demand":2,"DemandMax":null,"Value":880},{"Length":35,"Height":25,"Demand":5,"DemandMax":null,"Value":875},{"Length":38,"Height":23,"Demand":4,"DemandMax":null,"Value":874},{"Length":46,"Height":19,"Demand":3,"DemandMax":null,"Value":874},{"Length":31,"Height":28,"Demand":4,"DemandMax":null,"Value":868},{"Length":43,"Height":20,"Demand":5,"DemandMax":null,"Value":860},{"Length":39,"Height":22,"Demand":2,"DemandMax":null,"Value":858},{"Length":45,"Height":19,"Demand":2,"DemandMax":null,"Value":855},{"Length":37,"Height":23,"Demand":4,"DemandMax":null,"Value":851},{"Length":47,"Height":18,"Demand":2,"DemandMax":null,"Value":846},{"Length":49,"Height":17,"Demand":5,"DemandMax":null,"Value":833},{"Length":32,"Height":26,"Demand":6,"DemandMax":null,"Value":832},{"Length":52,"Height":16,"Demand":3,"DemandMax":null,"Value":832},{"Length":33,"Height":25,"Demand":4,"DemandMax":null,"Value":825},{"Length":41,"Height":20,"Demand":6,"DemandMax":null,"Value":820},{"Length":48,"Height":17,"Demand":3,"DemandMax":null,"Value":816},{"Length":37,"Height":22,"Demand":4,"DemandMax":null,"Value":814},{"Length":30,"Height":27,"Demand":6,"DemandMax":null,"Value":810},{"Length":35,"Height":23,"Demand":5,"DemandMax":null,"Value":805},{"Length":40,"Height":20,"Demand":1,"DemandMax":null,"Value":800},{"Length":38,"Height":21,"Demand":3,"DemandMax":null,"Value":798},{"Length":36,"Height":22,"Demand":3,"DemandMax":null,"Value":792},{"Length":33,"Height":24,"Demand":5,"DemandMax":null,"Value":792},{"Length":56,"Height":14,"Demand":3,"DemandMax":null,"Value":784},{"Length":29,"Height":27,"Demand":5,"DemandMax":null,"Value":783},{"Length":34,"Height":23,"Demand":6,"DemandMax":null,"Value":782},{"Length":52,"Height":15,"Demand":1,"DemandMax":null,"Value":780},{"Length":39,"Height":20,"Demand":3,"DemandMax":null,"Value":780},{"Length":37,"Height":21,"Demand":3,"DemandMax":null,"Value":777},{"Length":32,"Height":24,"Demand":4,"DemandMax":null,"Value":768},{"Length":48,"Height":16,"Demand":9,"DemandMax":null,"Value":768},{"Length":59,"Height":13,"Demand":3,"DemandMax":null,"Value":767},{"Length":45,"Height":17,"Demand":5,"DemandMax":null,"Value":765},{"Length":38,"Height":20,"Demand":1,"DemandMax":null,"Value":760},{"Length":40,"Height":19,"Demand":7,"DemandMax":null,"Value":760},{"Length":33,"Height":23,"Demand":5,"DemandMax":null,"Value":759},{"Length":42,"Height":18,"Demand":5,"DemandMax":null,"Value":756},{"Length":36,"Height":21,"Demand":2,"DemandMax":null,"Value":756},{"Length":28,"Height":27,"Demand":11,"DemandMax":null,"Value":756},{"Length":58,"Height":13,"Demand":4,"DemandMax":null,"Value":754},{"Length":29,"Height":26,"Demand":4,"DemandMax":null,"Value":754},{"Length":30,"Height":25,"Demand":6,"DemandMax":null,"Value":750},{"Length":34,"Height":22,"Demand":4,"DemandMax":null,"Value":748},{"Length":57,"Height":13,"Demand":4,"DemandMax":null,"Value":741},{"Length":35,"Height":21,"Demand":4,"DemandMax":null,"Value":735},{"Length":49,"Height":15,"Demand":7,"DemandMax":null,"Value":735},{"Length":56,"Height":13,"Demand":2,"DemandMax":null,"Value":728},{"Length":28,"Height":26,"Demand":5,"DemandMax":null,"Value":728},{"Length":38,"Height":19,"Demand":6,"DemandMax":null,"Value":722},{"Length":30,"Height":24,"Demand":4,"DemandMax":null,"Value":720},{"Length":45,"Height":16,"Demand":2,"DemandMax":null,"Value":720},{"Length":36,"Height":20,"Demand":5,"DemandMax":null,"Value":720},{"Length":37,"Height":19,"Demand":1,"DemandMax":null,"Value":703},{"Length":27,"Height":26,"Demand":6,"DemandMax":null,"Value":702},{"Length":35,"Height":20,"Demand":2,"DemandMax":null,"Value":700},{"Length":41,"Height":17,"Demand":4,"DemandMax":null,"Value":697},{"Length":33,"Height":21,"Demand":5,"DemandMax":null,"Value":693},{"Length":30,"Height":23,"Demand":2,"DemandMax":null,"Value":690},{"Length":46,"Height":15,"Demand":1,"DemandMax":null,"Value":690},{"Length":49,"Height":14,"Demand":4,"DemandMax":null,"Value":686},{"Length":36,"Height":19,"Demand":6,"DemandMax":null,"Value":684},{"Length":26,"Height":26,"Demand":6,"DemandMax":null,"Value":676},{"Length":27,"Height":25,"Demand":3,"DemandMax":null,"Value":675},{"Length":29,"Height":23,"Demand":8,"DemandMax":null,"Value":667},{"Length":37,"Height":18,"Demand":4,"DemandMax":null,"Value":666},{"Length":60,"Height":11,"Demand":5,"DemandMax":null,"Value":660},{"Length":33,"Height":20,"Demand":3,"DemandMax":null,"Value":660},{"Length":47,"Height":14,"Demand":3,"DemandMax":null,"Value":658},{"Length":50,"Height":13,"Demand":3,"DemandMax":null,"Value":650},{"Length":38,"Height":17,"Demand":6,"DemandMax":null,"Value":646},{"Length":43,"Height":15,"Demand":4,"DemandMax":null,"Value":645},{"Length":32,"Height":20,"Demand":2,"DemandMax":null,"Value":640},{"Length":45,"Height":14,"Demand":3,"DemandMax":null,"Value":630},{"Length":33,"Height":19,"Demand":5,"DemandMax":null,"Value":627},{"Length":48,"Height":13,"Demand":5,"DemandMax":null,"Value":624},{"Length":31,"Height":20,"Demand":3,"DemandMax":null,"Value":620},{"Length":41,"Height":15,"Demand":4,"DemandMax":null,"Value":615},{"Length":36,"Height":17,"Demand":1,"DemandMax":null,"Value":612},{"Length":34,"Height":18,"Demand":7,"DemandMax":null,"Value":612},{"Length":25,"Height":24,"Demand":2,"DemandMax":null,"Value":600},{"Length":33,"Height":18,"Demand":5,"DemandMax":null,"Value":594},{"Length":37,"Height":16,"Demand":5,"DemandMax":null,"Value":592},{"Length":28,"Height":21,"Demand":6,"DemandMax":null,"Value":588},{"Length":42,"Height":14,"Demand":3,"DemandMax":null,"Value":588},{"Length":32,"Height":18,"Demand":5,"DemandMax":null,"Value":576},{"Length":36,"Height":16,"Demand":4,"DemandMax":null,"Value":576},{"Length":25,"Height":23,"Demand":2,"DemandMax":null,"Value":575},{"Length":44,"Height":13,"Demand":3,"DemandMax":null,"Value":572},{"Length":38,"Height":15,"Demand":5,"DemandMax":null,"Value":570},{"Length":31,"Height":18,"Demand":7,"DemandMax":null,"Value":558},{"Length":37,"Height":15,"Demand":2,"DemandMax":null,"Value":555},{"Length":25,"Height":22,"Demand":5,"DemandMax":null,"Value":550},{"Length":26,"Height":21,"Demand":3,"DemandMax":null,"Value":546},{"Length":34,"Height":16,"Demand":3,"DemandMax":null,"Value":544},{"Length":27,"Height":20,"Demand":5,"DemandMax":null,"Value":540},{"Length":30,"Height":18,"Demand":1,"DemandMax":null,"Value":540},{"Length":41,"Height":13,"Demand":2,"DemandMax":null,"Value":533},{"Length":33,"Height":16,"Demand":1,"DemandMax":null,"Value":528},{"Length":44,"Height":12,"Demand":2,"DemandMax":null,"Value":528},{"Length":48,"Height":11,"Demand":5,"DemandMax":null,"Value":528},{"Length":24,"Height":22,"Demand":5,"DemandMax":null,"Value":528},{"Length":31,"Height":17,"Demand":5,"DemandMax":null,"Value":527},{"Length":32,"Height":16,"Demand":5,"DemandMax":null,"Value":512},{"Length":51,"Height":10,"Demand":6,"DemandMax":null,"Value":510},{"Length":24,"Height":21,"Demand":4,"DemandMax":null,"Value":504},{"Length":25,"Height":20,"Demand":5,"DemandMax":null,"Value":500},{"Length":26,"Height":19,"Demand":5,"DemandMax":null,"Value":494},{"Length":41,"Height":12,"Demand":5,"DemandMax":null,"Value":492},{"Length":23,"Height":21,"Demand":8,"DemandMax":null,"Value":483},{"Length":48,"Height":10,"Demand":3,"DemandMax":null,"Value":480},{"Length":25,"Height":19,"Demand":6,"DemandMax":null,"Value":475},{"Length":33,"Height":14,"Demand":5,"DemandMax":null,"Value":462},{"Length":24,"Height":19,"Demand":2,"DemandMax":null,"Value":456},{"Length":38,"Height":12,"Demand":1,"DemandMax":null,"Value":456},{"Length":30,"Height":15,"Demand":3,"DemandMax":null,"Value":450},{"Length":25,"Height":18,"Demand":3,"DemandMax":null,"Value":450},{"Length":28,"Height":16,"Demand":3,"DemandMax":null,"Value":448},{"Length":26,"Height":17,"Demand":5,"DemandMax":null,"Value":442},{"Length":31,"Height":14,"Demand":5,"DemandMax":null,"Value":434},{"Length":27,"Height":16,"Demand":4,"DemandMax":null,"Value":432},{"Length":36,"Height":12,"Demand":3,"DemandMax":null,"Value":432},{"Length":24,"Height":18,"Demand":5,"DemandMax":null,"Value":432},{"Length":33,"Height":13,"Demand":3,"DemandMax":null,"Value":429},{"Length":38,"Height":11,"Demand":6,"DemandMax":null,"Value":418},{"Length":22,"Height":19,"Demand":3,"DemandMax":null,"Value":418},{"Length":23,"Height":18,"Demand":5,"DemandMax":null,"Value":414},{"Length":27,"Height":15,"Demand":8,"DemandMax":null,"Value":405},{"Length":31,"Height":13,"Demand":4,"DemandMax":null,"Value":403},{"Length":20,"Height":20,"Demand":2,"DemandMax":null,"Value":400},{"Length":21,"Height":19,"Demand":4,"DemandMax":null,"Value":399},{"Length":26,"Height":15,"Demand":2,"DemandMax":null,"Value":390},{"Length":24,"Height":16,"Demand":10,"DemandMax":null,"Value":384},{"Length":32,"Height":12,"Demand":4,"DemandMax":null,"Value":384},{"Length":20,"Height":19,"Demand":3,"DemandMax":null,"Value":380},{"Length":21,"Height":18,"Demand":3,"DemandMax":null,"Value":378},{"Length":22,"Height":17,"Demand":2,"DemandMax":null,"Value":374},{"Length":31,"Height":12,"Demand":3,"DemandMax":null,"Value":372},{"Length":37,"Height":10,"Demand":3,"DemandMax":null,"Value":370},{"Length":23,"Height":16,"Demand":2,"DemandMax":null,"Value":368},{"Length":19,"Height":19,"Demand":4,"DemandMax":null,"Value":361},{"Length":30,"Height":12,"Demand":4,"DemandMax":null,"Value":360},{"Length":21,"Height":17,"Demand":2,"DemandMax":null,"Value":357},{"Length":27,"Height":13,"Demand":2,"DemandMax":null,"Value":351},{"Length":19,"Height":18,"Demand":2,"DemandMax":null,"Value":342},{"Length":31,"Height":11,"Demand":3,"DemandMax":null,"Value":341},{"Length":34,"Height":10,"Demand":4,"DemandMax":null,"Value":340},{"Length":20,"Height":17,"Demand":3,"DemandMax":null,"Value":340},{"Length":28,"Height":12,"Demand":6,"DemandMax":null,"Value":336},{"Length":30,"Height":11,"Demand":4,"DemandMax":null,"Value":330},{"Length":32,"Height":10,"Demand":3,"DemandMax":null,"Value":320},{"Length":21,"Height":15,"Demand":2,"DemandMax":null,"Value":315},{"Length":19,"Height":16,"Demand":5,"DemandMax":null,"Value":304},{"Length":20,"Height":15,"Demand":3,"DemandMax":null,"Value":300},{"Length":26,"Height":11,"Demand":2,"DemandMax":null,"Value":286},{"Length":19,"Height":15,"Demand":5,"DemandMax":null,"Value":285},{"Length":28,"Height":10,"Demand":6,"DemandMax":null,"Value":280},{"Length":17,"Height":16,"Demand":5,"DemandMax":null,"Value":272},{"Length":19,"Height":14,"Demand":5,"DemandMax":null,"Value":266},{"Length":18,"Height":14,"Demand":3,"DemandMax":null,"Value":252},{"Length":16,"Height":15,"Demand":4,"DemandMax":null,"Value":240},{"Length":18,"Height":13,"Demand":3,"DemandMax":null,"Value":234},{"Length":15,"Height":15,"Demand":5,"DemandMax":null,"Value":225},{"Length":16,"Height":14,"Demand":6,"DemandMax":null,"Value":224},{"Length":17,"Height":13,"Demand":3,"DemandMax":null,"Value":221},{"Length":18,"Height":12,"Demand":4,"DemandMax":null,"Value":216},{"Length":16,"Height":13,"Demand":3,"DemandMax":null,"Value":208},{"Length":15,"Height":13,"Demand":3,"DemandMax":null,"Value":195},{"Length":15,"Height":12,"Demand":9,"DemandMax":null,"Value":180},{"Length":18,"Height":10,"Demand":6,"DemandMax":null,"Value":180}]}