{"Name":"MB10_033","Objects":[{"Length":432,"Height":79,"Stock":null,"Cost":34128}],"Items":[{"Length":50,"Height":48,"Demand":12,"DemandMax":null,"Value":2400},{"Length":51,"Height":44,"Demand":17,"DemandMax":null,"Value":2244},{"Length":49,"Height":44,"Demand":9,"DemandMax":null,"Value":2156},{"Length":57,"Height":36,"Demand":15,"DemandMax":null,"Value":2052},{"Length":59,"Height":34,"Demand":12,"DemandMax":null,"Value":2006},{"Length":50,"Height":40,"Demand":14,"DemandMax":null,"Value":2000},{"Length":54,"Height":36,"Demand":22,"DemandMax":null,"Value":1944},{"Length":46,"Height":42,"Demand":19,"DemandMax":null,"Value":1932},{"Length":46,"Height":40,"Demand":19,"DemandMax":null,"Value":1840},{"Length":54,"Height":34,"Demand":7,"DemandMax":null,"Value":1836},{"Length":47,"Height":39,"Demand":9,"DemandMax":null,"Value":1833},{"Length":46,"Height":39,"Demand":13,"DemandMax":null,"Value":1794},{"Length":48,"Height":36,"Demand":14,"DemandMax":null,"Value":1728},{"Length":44,"Height":39,"Demand":13,"DemandMax":null,"Value":1716},{"Length":51,"Height":33,"Demand":16,"DemandMax":null,"Value":1683},{"Length":42,"Height":40,"Demand":20,"DemandMax":null,"Value":1680},{"Length":41,"Height":40,"Demand":16,"DemandMax":null,"Value":1640},{"Length":51,"Height":32,"Demand":13,"DemandMax":null,"Value":1632},{"Length":46,"Height":35,"Demand":13,"DemandMax":null,"Value":1610},{"Length":49,"Height":32,"Demand":12,"DemandMax":null,"Value":1568},{"Length":45,"Height":34,"Demand":16,"DemandMax":null,"Value":1530},{"Length":43,"Height":35,"Demand":13,"DemandMax":null,"Value":1505},{"Length":40,"Height":35,"Demand":12,"DemandMax":null,"Value":1400},{"Length":39,"Height":35,"Demand":9,"DemandMax":null,"Value":1365},{"Length":59,"Height":23,"Demand":8,"DemandMax":null,"Value":1357},{"Length":59,"Height":22,"Demand":8,"DemandMax":null,"Value":1298},{"Length":45,"Height":28,"Demand":13,"DemandMax":null,"Value":1260},{"Length":39,"Height":32,"Demand":14,"DemandMax":null,"Value":1248},{"Length":44,"Height":27,"Demand":13,"DemandMax":null,"Value":1188},{"Length":39,"Height":30,"Demand":21,"DemandMax":null,"Value":1170},{"Length":48,"Height":23,"Demand":15,"DemandMax":null,"Value":1104},{"Length":54,"Height":20,"Demand":18,"DemandMax":null,"Value":1080},{"Length":49,"Height":22,"Demand":12,"DemandMax":null,"Value":1078},{"Length":37,"Height":29,"Demand":21,"DemandMax":null,"Value":1073},{"Length":39,"Height":27,"Demand":13,"DemandMax":null,"Value":1053},{"Length":52,"Height":20,"Demand":13,"DemandMax":null,"Value":1040},{"Length":33,"Height":31,"Demand":13,"DemandMax":null,"Value":1023},{"Length":37,"Height":27,"Demand":19,"DemandMax":null,"Value":999},{"Length":41,"Height":24,"Demand":12,"DemandMax":null,"Value":984},{"Length":31,"Height":31,"Demand":19,"DemandMax":null,"Value":961},{"Length":33,"Height":29,"Demand":11,"DemandMax":null,"Value":957},{"Length":38,"Height":25,"Demand":14,"DemandMax":null,"Value":950},{"Length":39,"Height":24,"Demand":22,"DemandMax":null,"Value":936},{"Length":49,"Height":19,"Demand":15,"DemandMax":null,"Value":931},{"Length":58,"Height":16,"Demand":18,"DemandMax":null,"Value":928},{"Length":31,"Height":29,"Demand":13,"DemandMax":null,"Value":899},{"Length":47,"Height":19,"Demand":16,"DemandMax":null,"Value":893},{"Length":38,"Height":23,"Demand":12,"DemandMax":null,"Value":874},{"Length":35,"Height":23,"Demand":14,"DemandMax":null,"Value":805},{"Length":56,"Height":14,"Demand":10,"DemandMax":null,"Value":784},{"Length":31,"Height":25,"Demand":22,"DemandMax":null,"Value":775},{"Length":33,"Height":23,"Demand":9,"DemandMax":null,"Value":759},{"Length":47,"Height":16,"Demand":20,"DemandMax":null,"Value":752},{"Length":32,"Height":23,"Demand":14,"DemandMax":null,"Value":736},{"Length":30,"Height":24,"Demand":18,"DemandMax":null,"Value":720},{"Length":28,"Height":25,"Demand":17,"DemandMax":null,"Value":700},{"Length":33,"Height":21,"Demand":11,"DemandMax":null,"Value":693},{"Length":43,"Height":16,"Demand":18,"DemandMax":null,"Value":688},{"Length":34,"Height":20,"Demand":11,"DemandMax":null,"Value":680},{"Length":29,"Height":23,"Demand":22,"DemandMax":null,"Value":667},{"Length":33,"Height":20,"Demand":11,"DemandMax":null,"Value":660},{"Length":26,"Height":25,"Demand":11,"DemandMax":null,"Value":650},{"Length":28,"Height":23,"Demand":14,"DemandMax":null,"Value":644},{"Length":49,"Height":13,"Demand":16,"DemandMax":null,"Value":637},{"Length":35,"Height":17,"Demand":16,"DemandMax":null,"Value":595},{"Length":37,"Height":16,"Demand":12,"DemandMax":null,"Value":592},{"Length":49,"Height":12,"Demand":15,"DemandMax":null,"Value":588},{"Length":28,"Height":20,"Demand":19,"DemandMax":null,"Value":560},{"Length":42,"Height":13,"Demand":8,"DemandMax":null,"Value":546},{"Length":30,"Height":18,"Demand":13,"DemandMax":null,"Value":540},{"Length":45,"Height":12,"Demand":12,"DemandMax":null,"Value":540},{"Length":36,"Height":15,"Demand":15,"DemandMax":null,"Value":540},{"Length":33,"Height":16,"Demand":14,"DemandMax":null,"Value":528},{"Length":32,"Height":16,"Demand":20,"DemandMax":null,"Value":512},{"Length":34,"Height":15,"Demand":17,"DemandMax":null,"Value":510},{"Length":42,"Height":12,"Demand":17,"DemandMax":null,"Value":504},{"Length":35,"Height":14,"Demand":12,"DemandMax":null,"Value":490},{"Length":23,"Height":20,"Demand":21,"DemandMax":null,"Value":460},{"Length":25,"Height":18,"Demand":17,"DemandMax":null,"Value":450},{"Length":36,"Height":12,"Demand":12,"DemandMax":null,"Value":432},{"Length":37,"Height":11,"Demand":15,"DemandMax":null,"Value":407},{"Length":20,"Height":20,"Demand":19,"DemandMax":null,"Value":400},{"Length":30,"Height":13,"Demand":18,"DemandMax":null,"Value":390},{"Length":26,"Height":15,"Demand":12,"DemandMax":null,"Value":390},{"Length":24,"Height":16,"Demand":11,"DemandMax":null,"Value":384},{"Length":19,"Height":19,"Demand":16,"DemandMax":null,"Value":361},{"Length":23,"Height":13,"Demand":19,"DemandMax":null,"Value":299},{"Length":21,"Height":14,"Demand":17,"DemandMax":null,"Value":294},{"Length":24,"Height":12,"Demand":16,"DemandMax":null,"Value":288},{"Length":21,"Height":12,"Demand":29,"DemandMax":null,"Value":252},{"Length":18,"Height":14,"Demand":11,"DemandMax":null,"Value":252},{"Length":19,"Height":13,"Demand":25,"DemandMax":null,"Value":247},{"Length":20,"Height":11,"Demand":21,"DemandMax":null,"Value":220},{"Length":18,"Height":11,"Demand":20,"DemandMax":null,"Value":198}]}