{"Name":"MB08_045","Objects":[{"Length":587,"Height":233,"Stock":null,"Cost":136771}],"Items":[{"Length":58,"Height":44,"Demand":11,"DemandMax":null,"Value":2552},{"Length":51,"Height":50,"Demand":12,"DemandMax":null,"Value":2550},{"Length":57,"Height":40,"Demand":10,"DemandMax":null,"Value":2280},{"Length":54,"Height":40,"Demand":12,"DemandMax":null,"Value":2160},{"Length":54,"Height":38,"Demand":6,"DemandMax":null,"Value":2052},{"Length":52,"Height":38,"Demand":12,"DemandMax":null,"Value":1976},{"Length":47,"Height":39,"Demand":13,"DemandMax":null,"Value":1833},{"Length":50,"Height":36,"Demand":12,"DemandMax":null,"Value":1800},{"Length":44,"Height":38,"Demand":8,"DemandMax":null,"Value":1672},{"Length":50,"Height":33,"Demand":11,"DemandMax":null,"Value":1650},{"Length":44,"Height":37,"Demand":7,"DemandMax":null,"Value":1628},{"Length":56,"Height":29,"Demand":15,"DemandMax":null,"Value":1624},{"Length":59,"Height":27,"Demand":10,"DemandMax":null,"Value":1593},{"Length":53,"Height":30,"Demand":16,"DemandMax":null,"Value":1590},{"Length":54,"Height":29,"Demand":11,"DemandMax":null,"Value":1566},{"Length":48,"Height":32,"Demand":9,"DemandMax":null,"Value":1536},{"Length":39,"Height":39,"Demand":11,"DemandMax":null,"Value":1521},{"Length":49,"Height":31,"Demand":10,"DemandMax":null,"Value":1519},{"Length":45,"Height":33,"Demand":10,"DemandMax":null,"Value":1485},{"Length":52,"Height":28,"Demand":13,"DemandMax":null,"Value":1456},{"Length":38,"Height":38,"Demand":8,"DemandMax":null,"Value":1444},{"Length":39,"Height":37,"Demand":7,"DemandMax":null,"Value":1443},{"Length":41,"Height":35,"Demand":12,"DemandMax":null,"Value":1435},{"Length":55,"Height":26,"Demand":17,"DemandMax":null,"Value":1430},{"Length":43,"Height":33,"Demand":16,"DemandMax":null,"Value":1419},{"Length":44,"Height":32,"Demand":14,"DemandMax":null,"Value":1408},{"Length":38,"Height":37,"Demand":12,"DemandMax":null,"Value":1406},{"Length":50,"Height":28,"Demand":12,"DemandMax":null,"Value":1400},{"Length":40,"Height":34,"Demand":9,"DemandMax":null,"Value":1360},{"Length":48,"Height":28,"Demand":16,"DemandMax":null,"Value":1344},{"Length":40,"Height":33,"Demand":11,"DemandMax":null,"Value":1320},{"Length":36,"Height":36,"Demand":15,"DemandMax":null,"Value":1296},{"Length":49,"Height":26,"Demand":10,"DemandMax":null,"Value":1274},{"Length":53,"Height":24,"Demand":13,"DemandMax":null,"Value":1272},{"Length":60,"Height":21,"Demand":12,"DemandMax":null,"Value":1260},{"Length":38,"Height":33,"Demand":17,"DemandMax":null,"Value":1254},{"Length":40,"Height":31,"Demand":20,"DemandMax":null,"Value":1240},{"Length":39,"Height":31,"Demand":11,"DemandMax":null,"Value":1209},{"Length":35,"Height":34,"Demand":11,"DemandMax":null,"Value":1190},{"Length":34,"Height":33,"Demand":10,"DemandMax":null,"Value":1122},{"Length":59,"Height":19,"Demand":14,"DemandMax":null,"Value":1121},{"Length":40,"Height":28,"Demand":7,"DemandMax":null,"Value":1120},{"Length":47,"Height":23,"Demand":9,"DemandMax":null,"Value":1081},{"Length":54,"Height":20,"Demand":5,"DemandMax":null,"Value":1080},{"Length":37,"Height":29,"Demand":11,"DemandMax":null,"Value":1073},{"Length":39,"Height":27,"Demand":11,"DemandMax":null,"Value":1053},{"Length":37,"Height":28,"Demand":8,"DemandMax":null,"Value":1036},{"Length":38,"Height":27,"Demand":9,"DemandMax":null,"Value":1026},{"Length":34,"Height":30,"Demand":12,"DemandMax":null,"Value":1020},{"Length":37,"Height":27,"Demand":9,"DemandMax":null,"Value":999},{"Length":45,"Height":22,"Demand":13,"DemandMax":null,"Value":990},{"Length":42,"Height":23,"Demand":18,"DemandMax":null,"Value":966},{"Length":53,"Height":18,"Demand":15,"DemandMax":null,"Value":954},{"Length":50,"Height":19,"Demand":6,"DemandMax":null,"Value":950},{"Length":45,"Height":21,"Demand":13,"DemandMax":null,"Value":945},{"Length":33,"Height":28,"Demand":12,"DemandMax":null,"Value":924},{"Length":34,"Height":27,"Demand":10,"DemandMax":null,"Value":918},{"Length":43,"Height":21,"Demand":13,"DemandMax":null,"Value":903},{"Length":32,"Height":28,"Demand":7,"DemandMax":null,"Value":896},{"Length":47,"Height":19,"Demand":12,"DemandMax":null,"Value":893},{"Length":37,"Height":24,"Demand":13,"DemandMax":null,"Value":888},{"Length":30,"Height":29,"Demand":8,"DemandMax":null,"Value":870},{"Length":48,"Height":18,"Demand":12,"DemandMax":null,"Value":864},{"Length":47,"Height":18,"Demand":15,"DemandMax":null,"Value":846},{"Length":35,"Height":24,"Demand":11,"DemandMax":null,"Value":840},{"Length":31,"Height":27,"Demand":11,"DemandMax":null,"Value":837},{"Length":38,"Height":22,"Demand":7,"DemandMax":null,"Value":836},{"Length":39,"Height":21,"Demand":10,"DemandMax":null,"Value":819},{"Length":47,"Height":17,"Demand":8,"DemandMax":null,"Value":799},{"Length":38,"Height":21,"Demand":16,"DemandMax":null,"Value":798},{"Length":33,"Height":24,"Demand":11,"DemandMax":null,"Value":792},{"Length":36,"Height":22,"Demand":11,"DemandMax":null,"Value":792},{"Length":44,"Height":18,"Demand":8,"DemandMax":null,"Value":792},{"Length":43,"Height":18,"Demand":11,"DemandMax":null,"Value":774},{"Length":38,"Height":20,"Demand":11,"DemandMax":null,"Value":760},{"Length":39,"Height":19,"Demand":7,"DemandMax":null,"Value":741},{"Length":33,"Height":22,"Demand":11,"DemandMax":null,"Value":726},{"Length":38,"Height":19,"Demand":6,"DemandMax":null,"Value":722},{"Length":45,"Height":16,"Demand":11,"DemandMax":null,"Value":720},{"Length":51,"Height":14,"Demand":16,"DemandMax":null,"Value":714},{"Length":31,"Height":23,"Demand":11,"DemandMax":null,"Value":713},{"Length":37,"Height":19,"Demand":17,"DemandMax":null,"Value":703},{"Length":29,"Height":24,"Demand":11,"DemandMax":null,"Value":696},{"Length":30,"Height":23,"Demand":10,"DemandMax":null,"Value":690},{"Length":57,"Height":12,"Demand":8,"DemandMax":null,"Value":684},{"Length":34,"Height":20,"Demand":13,"DemandMax":null,"Value":680},{"Length":32,"Height":21,"Demand":11,"DemandMax":null,"Value":672},{"Length":37,"Height":18,"Demand":11,"DemandMax":null,"Value":666},{"Length":53,"Height":12,"Demand":9,"DemandMax":null,"Value":636},{"Length":43,"Height":14,"Demand":8,"DemandMax":null,"Value":602},{"Length":58,"Height":10,"Demand":13,"DemandMax":null,"Value":580},{"Length":52,"Height":11,"Demand":6,"DemandMax":null,"Value":572},{"Length":33,"Height":17,"Demand":12,"DemandMax":null,"Value":561},{"Length":56,"Height":10,"Demand":6,"DemandMax":null,"Value":560},{"Length":46,"Height":12,"Demand":11,"DemandMax":null,"Value":552},{"Length":34,"Height":16,"Demand":15,"DemandMax":null,"Value":544},{"Length":30,"Height":16,"Demand":12,"DemandMax":null,"Value":480},{"Length":26,"Height":18,"Demand":7,"DemandMax":null,"Value":468},{"Length":46,"Height":10,"Demand":10,"DemandMax":null,"Value":460},{"Length":26,"Height":17,"Demand":17,"DemandMax":null,"Value":442},{"Length":40,"Height":11,"Demand":8,"DemandMax":null,"Value":440},{"Length":42,"Height":10,"Demand":10,"DemandMax":null,"Value":420},{"Length":29,"Height":14,"Demand":10,"DemandMax":null,"Value":406},{"Length":31,"Height":13,"Demand":7,"DemandMax":null,"Value":403},{"Length":22,"Height":18,"Demand":11,"DemandMax":null,"Value":396},{"Length":19,"Height":19,"Demand":16,"DemandMax":null,"Value":361},{"Length":24,"Height":15,"Demand":10,"DemandMax":null,"Value":360},{"Length":22,"Height":15,"Demand":5,"DemandMax":null,"Value":330},{"Length":23,"Height":13,"Demand":16,"DemandMax":null,"Value":299},{"Length":22,"Height":13,"Demand":14,"DemandMax":null,"Value":286},{"Length":19,"Height":14,"Demand":14,"DemandMax":null,"Value":266},{"Length":18,"Height":13,"Demand":12,"DemandMax":null,"Value":234},{"Length":17,"Height":12,"Demand":4,"DemandMax":null,"Value":204},{"Length":18,"Height":10,"Demand":18,"DemandMax":null,"Value":180}]}