{"Name":"MB10_018","Objects":[{"Length":432,"Height":79,"Stock":null,"Cost":34128}],"Items":[{"Length":48,"Height":47,"Demand":33,"DemandMax":null,"Value":2256},{"Length":44,"Height":42,"Demand":24,"DemandMax":null,"Value":1848},{"Length":59,"Height":27,"Demand":25,"DemandMax":null,"Value":1593},{"Length":49,"Height":32,"Demand":29,"DemandMax":null,"Value":1568},{"Length":56,"Height":28,"Demand":28,"DemandMax":null,"Value":1568},{"Length":57,"Height":26,"Demand":32,"DemandMax":null,"Value":1482},{"Length":53,"Height":27,"Demand":36,"DemandMax":null,"Value":1431},{"Length":39,"Height":34,"Demand":32,"DemandMax":null,"Value":1326},{"Length":55,"Height":21,"Demand":29,"DemandMax":null,"Value":1155},{"Length":38,"Height":30,"Demand":35,"DemandMax":null,"Value":1140},{"Length":39,"Height":29,"Demand":32,"DemandMax":null,"Value":1131},{"Length":58,"Height":19,"Demand":40,"DemandMax":null,"Value":1102},{"Length":52,"Height":21,"Demand":36,"DemandMax":null,"Value":1092},{"Length":39,"Height":27,"Demand":27,"DemandMax":null,"Value":1053},{"Length":37,"Height":28,"Demand":33,"DemandMax":null,"Value":1036},{"Length":43,"Height":24,"Demand":35,"DemandMax":null,"Value":1032},{"Length":34,"Height":30,"Demand":36,"DemandMax":null,"Value":1020},{"Length":36,"Height":28,"Demand":20,"DemandMax":null,"Value":1008},{"Length":36,"Height":25,"Demand":30,"DemandMax":null,"Value":900},{"Length":33,"Height":27,"Demand":41,"DemandMax":null,"Value":891},{"Length":30,"Height":29,"Demand":36,"DemandMax":null,"Value":870},{"Length":34,"Height":25,"Demand":36,"DemandMax":null,"Value":850},{"Length":36,"Height":23,"Demand":26,"DemandMax":null,"Value":828},{"Length":51,"Height":16,"Demand":35,"DemandMax":null,"Value":816},{"Length":45,"Height":18,"Demand":28,"DemandMax":null,"Value":810},{"Length":32,"Height":23,"Demand":26,"DemandMax":null,"Value":736},{"Length":43,"Height":17,"Demand":35,"DemandMax":null,"Value":731},{"Length":42,"Height":17,"Demand":25,"DemandMax":null,"Value":714},{"Length":49,"Height":14,"Demand":34,"DemandMax":null,"Value":686},{"Length":38,"Height":18,"Demand":30,"DemandMax":null,"Value":684},{"Length":52,"Height":13,"Demand":26,"DemandMax":null,"Value":676},{"Length":36,"Height":18,"Demand":35,"DemandMax":null,"Value":648},{"Length":29,"Height":22,"Demand":34,"DemandMax":null,"Value":638},{"Length":60,"Height":10,"Demand":36,"DemandMax":null,"Value":600},{"Length":26,"Height":22,"Demand":31,"DemandMax":null,"Value":572},{"Length":38,"Height":15,"Demand":35,"DemandMax":null,"Value":570},{"Length":33,"Height":17,"Demand":26,"DemandMax":null,"Value":561},{"Length":24,"Height":23,"Demand":28,"DemandMax":null,"Value":552},{"Length":39,"Height":13,"Demand":31,"DemandMax":null,"Value":507},{"Length":36,"Height":14,"Demand":30,"DemandMax":null,"Value":504},{"Length":25,"Height":20,"Demand":24,"DemandMax":null,"Value":500},{"Length":26,"Height":19,"Demand":43,"DemandMax":null,"Value":494},{"Length":40,"Height":12,"Demand":30,"DemandMax":null,"Value":480},{"Length":30,"Height":15,"Demand":27,"DemandMax":null,"Value":450},{"Length":25,"Height":18,"Demand":37,"DemandMax":null,"Value":450},{"Length":37,"Height":12,"Demand":20,"DemandMax":null,"Value":444},{"Length":39,"Height":11,"Demand":27,"DemandMax":null,"Value":429},{"Length":26,"Height":15,"Demand":33,"DemandMax":null,"Value":390}]}