{"Name":"MB07_040","Objects":[{"Length":587,"Height":233,"Stock":null,"Cost":136771}],"Items":[{"Length":51,"Height":48,"Demand":148,"DemandMax":null,"Value":2448},{"Length":38,"Height":30,"Demand":173,"DemandMax":null,"Value":1140},{"Length":40,"Height":26,"Demand":171,"DemandMax":null,"Value":1040},{"Length":60,"Height":13,"Demand":150,"DemandMax":null,"Value":780},{"Length":26,"Height":22,"Demand":132,"DemandMax":null,"Value":572},{"Length":32,"Height":17,"Demand":133,"DemandMax":null,"Value":544},{"Length":30,"Height":17,"Demand":149,"DemandMax":null,"Value":510},{"Length":33,"Height":15,"Demand":152,"DemandMax":null,"Value":495},{"Length":26,"Height":18,"Demand":146,"DemandMax":null,"Value":468},{"Length":31,"Height":14,"Demand":168,"DemandMax":null,"Value":434}]}