{"Name":"MB09_145","Objects":[{"Length":432,"Height":79,"Stock":null,"Cost":34128}],"Items":[{"Length":57,"Height":45,"Demand":12,"DemandMax":null,"Value":2565},{"Length":49,"Height":47,"Demand":13,"DemandMax":null,"Value":2303},{"Length":46,"Height":46,"Demand":10,"DemandMax":null,"Value":2116},{"Length":48,"Height":44,"Demand":14,"DemandMax":null,"Value":2112},{"Length":50,"Height":40,"Demand":15,"DemandMax":null,"Value":2000},{"Length":57,"Height":35,"Demand":16,"DemandMax":null,"Value":1995},{"Length":59,"Height":32,"Demand":11,"DemandMax":null,"Value":1888},{"Length":53,"Height":34,"Demand":17,"DemandMax":null,"Value":1802},{"Length":50,"Height":36,"Demand":16,"DemandMax":null,"Value":1800},{"Length":51,"Height":35,"Demand":14,"DemandMax":null,"Value":1785},{"Length":45,"Height":38,"Demand":15,"DemandMax":null,"Value":1710},{"Length":42,"Height":40,"Demand":15,"DemandMax":null,"Value":1680},{"Length":42,"Height":39,"Demand":18,"DemandMax":null,"Value":1638},{"Length":43,"Height":38,"Demand":10,"DemandMax":null,"Value":1634},{"Length":47,"Height":33,"Demand":15,"DemandMax":null,"Value":1551},{"Length":39,"Height":36,"Demand":17,"DemandMax":null,"Value":1404},{"Length":49,"Height":28,"Demand":18,"DemandMax":null,"Value":1372},{"Length":51,"Height":26,"Demand":9,"DemandMax":null,"Value":1326},{"Length":44,"Height":29,"Demand":15,"DemandMax":null,"Value":1276},{"Length":58,"Height":22,"Demand":14,"DemandMax":null,"Value":1276},{"Length":53,"Height":24,"Demand":20,"DemandMax":null,"Value":1272},{"Length":47,"Height":27,"Demand":15,"DemandMax":null,"Value":1269},{"Length":47,"Height":26,"Demand":16,"DemandMax":null,"Value":1222},{"Length":37,"Height":33,"Demand":15,"DemandMax":null,"Value":1221},{"Length":45,"Height":27,"Demand":13,"DemandMax":null,"Value":1215},{"Length":43,"Height":28,"Demand":14,"DemandMax":null,"Value":1204},{"Length":35,"Height":34,"Demand":12,"DemandMax":null,"Value":1190},{"Length":37,"Height":32,"Demand":13,"DemandMax":null,"Value":1184},{"Length":41,"Height":28,"Demand":9,"DemandMax":null,"Value":1148},{"Length":39,"Height":28,"Demand":16,"DemandMax":null,"Value":1092},{"Length":35,"Height":31,"Demand":23,"DemandMax":null,"Value":1085},{"Length":46,"Height":23,"Demand":14,"DemandMax":null,"Value":1058},{"Length":33,"Height":32,"Demand":16,"DemandMax":null,"Value":1056},{"Length":39,"Height":27,"Demand":14,"DemandMax":null,"Value":1053},{"Length":42,"Height":25,"Demand":22,"DemandMax":null,"Value":1050},{"Length":35,"Height":29,"Demand":14,"DemandMax":null,"Value":1015},{"Length":33,"Height":30,"Demand":14,"DemandMax":null,"Value":990},{"Length":34,"Height":29,"Demand":14,"DemandMax":null,"Value":986},{"Length":33,"Height":29,"Demand":13,"DemandMax":null,"Value":957},{"Length":39,"Height":24,"Demand":13,"DemandMax":null,"Value":936},{"Length":31,"Height":30,"Demand":12,"DemandMax":null,"Value":930},{"Length":42,"Height":22,"Demand":15,"DemandMax":null,"Value":924},{"Length":51,"Height":18,"Demand":15,"DemandMax":null,"Value":918},{"Length":31,"Height":29,"Demand":15,"DemandMax":null,"Value":899},{"Length":32,"Height":28,"Demand":17,"DemandMax":null,"Value":896},{"Length":52,"Height":17,"Demand":14,"DemandMax":null,"Value":884},{"Length":42,"Height":21,"Demand":14,"DemandMax":null,"Value":882},{"Length":33,"Height":26,"Demand":12,"DemandMax":null,"Value":858},{"Length":31,"Height":27,"Demand":9,"DemandMax":null,"Value":837},{"Length":44,"Height":19,"Demand":14,"DemandMax":null,"Value":836},{"Length":29,"Height":27,"Demand":22,"DemandMax":null,"Value":783},{"Length":35,"Height":22,"Demand":19,"DemandMax":null,"Value":770},{"Length":33,"Height":23,"Demand":16,"DemandMax":null,"Value":759},{"Length":28,"Height":27,"Demand":17,"DemandMax":null,"Value":756},{"Length":37,"Height":20,"Demand":20,"DemandMax":null,"Value":740},{"Length":41,"Height":18,"Demand":13,"DemandMax":null,"Value":738},{"Length":27,"Height":27,"Demand":23,"DemandMax":null,"Value":729},{"Length":34,"Height":21,"Demand":15,"DemandMax":null,"Value":714},{"Length":59,"Height":12,"Demand":20,"DemandMax":null,"Value":708},{"Length":54,"Height":13,"Demand":19,"DemandMax":null,"Value":702},{"Length":35,"Height":20,"Demand":17,"DemandMax":null,"Value":700},{"Length":52,"Height":13,"Demand":12,"DemandMax":null,"Value":676},{"Length":28,"Height":24,"Demand":19,"DemandMax":null,"Value":672},{"Length":37,"Height":18,"Demand":22,"DemandMax":null,"Value":666},{"Length":35,"Height":19,"Demand":15,"DemandMax":null,"Value":665},{"Length":39,"Height":17,"Demand":19,"DemandMax":null,"Value":663},{"Length":31,"Height":21,"Demand":18,"DemandMax":null,"Value":651},{"Length":40,"Height":16,"Demand":12,"DemandMax":null,"Value":640},{"Length":30,"Height":21,"Demand":20,"DemandMax":null,"Value":630},{"Length":26,"Height":24,"Demand":11,"DemandMax":null,"Value":624},{"Length":36,"Height":16,"Demand":15,"DemandMax":null,"Value":576},{"Length":44,"Height":13,"Demand":14,"DemandMax":null,"Value":572},{"Length":40,"Height":14,"Demand":20,"DemandMax":null,"Value":560},{"Length":25,"Height":22,"Demand":13,"DemandMax":null,"Value":550},{"Length":36,"Height":15,"Demand":13,"DemandMax":null,"Value":540},{"Length":24,"Height":22,"Demand":18,"DemandMax":null,"Value":528},{"Length":27,"Height":18,"Demand":15,"DemandMax":null,"Value":486},{"Length":36,"Height":13,"Demand":13,"DemandMax":null,"Value":468},{"Length":30,"Height":15,"Demand":19,"DemandMax":null,"Value":450},{"Length":28,"Height":16,"Demand":16,"DemandMax":null,"Value":448},{"Length":22,"Height":20,"Demand":10,"DemandMax":null,"Value":440},{"Length":25,"Height":17,"Demand":13,"DemandMax":null,"Value":425},{"Length":29,"Height":14,"Demand":14,"DemandMax":null,"Value":406},{"Length":27,"Height":15,"Demand":16,"DemandMax":null,"Value":405},{"Length":22,"Height":18,"Demand":12,"DemandMax":null,"Value":396},{"Length":23,"Height":17,"Demand":15,"DemandMax":null,"Value":391},{"Length":30,"Height":12,"Demand":10,"DemandMax":null,"Value":360},{"Length":30,"Height":11,"Demand":17,"DemandMax":null,"Value":330},{"Length":18,"Height":18,"Demand":15,"DemandMax":null,"Value":324},{"Length":22,"Height":14,"Demand":14,"DemandMax":null,"Value":308},{"Length":20,"Height":15,"Demand":8,"DemandMax":null,"Value":300},{"Length":25,"Height":12,"Demand":14,"DemandMax":null,"Value":300},{"Length":21,"Height":14,"Demand":11,"DemandMax":null,"Value":294},{"Length":17,"Height":15,"Demand":17,"DemandMax":null,"Value":255},{"Length":18,"Height":14,"Demand":19,"DemandMax":null,"Value":252},{"Length":19,"Height":13,"Demand":13,"DemandMax":null,"Value":247}]}