{"Name":"MB09_035","Objects":[{"Length":432,"Height":79,"Stock":null,"Cost":34128}],"Items":[{"Length":50,"Height":36,"Demand":132,"DemandMax":null,"Value":1800},{"Length":43,"Height":38,"Demand":127,"DemandMax":null,"Value":1634},{"Length":54,"Height":29,"Demand":148,"DemandMax":null,"Value":1566},{"Length":45,"Height":27,"Demand":127,"DemandMax":null,"Value":1215},{"Length":40,"Height":28,"Demand":132,"DemandMax":null,"Value":1120},{"Length":47,"Height":18,"Demand":134,"DemandMax":null,"Value":846},{"Length":44,"Height":19,"Demand":133,"DemandMax":null,"Value":836},{"Length":27,"Height":15,"Demand":142,"DemandMax":null,"Value":405},{"Length":20,"Height":18,"Demand":133,"DemandMax":null,"Value":360},{"Length":17,"Height":15,"Demand":125,"DemandMax":null,"Value":255}]}