{"Name":"MB08_134","Objects":[{"Length":587,"Height":233,"Stock":null,"Cost":136771}],"Items":[{"Length":58,"Height":49,"Demand":1,"DemandMax":null,"Value":2842},{"Length":56,"Height":49,"Demand":3,"DemandMax":null,"Value":2744},{"Length":55,"Height":49,"Demand":3,"DemandMax":null,"Value":2695},{"Length":58,"Height":45,"Demand":1,"DemandMax":null,"Value":2610},{"Length":52,"Height":48,"Demand":1,"DemandMax":null,"Value":2496},{"Length":58,"Height":43,"Demand":2,"DemandMax":null,"Value":2494},{"Length":56,"Height":44,"Demand":1,"DemandMax":null,"Value":2464},{"Length":57,"Height":43,"Demand":2,"DemandMax":null,"Value":2451},{"Length":51,"Height":48,"Demand":3,"DemandMax":null,"Value":2448},{"Length":54,"Height":45,"Demand":2,"DemandMax":null,"Value":2430},{"Length":55,"Height":43,"Demand":2,"DemandMax":null,"Value":2365},{"Length":58,"Height":40,"Demand":1,"DemandMax":null,"Value":2320},{"Length":60,"Height":38,"Demand":2,"DemandMax":null,"Value":2280},{"Length":49,"Height":46,"Demand":1,"DemandMax":null,"Value":2254},{"Length":47,"Height":47,"Demand":3,"DemandMax":null,"Value":2209},{"Length":49,"Height":45,"Demand":3,"DemandMax":null,"Value":2205},{"Length":58,"Height":38,"Demand":1,"DemandMax":null,"Value":2204},{"Length":50,"Height":44,"Demand":2,"DemandMax":null,"Value":2200},{"Length":59,"Height":37,"Demand":1,"DemandMax":null,"Value":2183},{"Length":57,"Height":38,"Demand":1,"DemandMax":null,"Value":2166},{"Length":54,"Height":40,"Demand":2,"DemandMax":null,"Value":2160},{"Length":48,"Height":45,"Demand":3,"DemandMax":null,"Value":2160},{"Length":49,"Height":44,"Demand":1,"DemandMax":null,"Value":2156},{"Length":54,"Height":39,"Demand":2,"DemandMax":null,"Value":2106},{"Length":60,"Height":35,"Demand":2,"DemandMax":null,"Value":2100},{"Length":52,"Height":40,"Demand":2,"DemandMax":null,"Value":2080},{"Length":46,"Height":45,"Demand":1,"DemandMax":null,"Value":2070},{"Length":47,"Height":44,"Demand":2,"DemandMax":null,"Value":2068},{"Length":53,"Height":39,"Demand":2,"DemandMax":null,"Value":2067},{"Length":59,"Height":35,"Demand":1,"DemandMax":null,"Value":2065},{"Length":49,"Height":42,"Demand":1,"DemandMax":null,"Value":2058},{"Length":57,"Height":36,"Demand":1,"DemandMax":null,"Value":2052},{"Length":50,"Height":41,"Demand":2,"DemandMax":null,"Value":2050},{"Length":55,"Height":37,"Demand":2,"DemandMax":null,"Value":2035},{"Length":52,"Height":39,"Demand":2,"DemandMax":null,"Value":2028},{"Length":47,"Height":43,"Demand":2,"DemandMax":null,"Value":2021},{"Length":53,"Height":38,"Demand":1,"DemandMax":null,"Value":2014},{"Length":59,"Height":34,"Demand":4,"DemandMax":null,"Value":2006},{"Length":50,"Height":40,"Demand":3,"DemandMax":null,"Value":2000},{"Length":57,"Height":35,"Demand":1,"DemandMax":null,"Value":1995},{"Length":60,"Height":33,"Demand":1,"DemandMax":null,"Value":1980},{"Length":55,"Height":36,"Demand":2,"DemandMax":null,"Value":1980},{"Length":58,"Height":34,"Demand":1,"DemandMax":null,"Value":1972},{"Length":49,"Height":40,"Demand":4,"DemandMax":null,"Value":1960},{"Length":56,"Height":35,"Demand":1,"DemandMax":null,"Value":1960},{"Length":59,"Height":33,"Demand":1,"DemandMax":null,"Value":1947},{"Length":54,"Height":36,"Demand":3,"DemandMax":null,"Value":1944},{"Length":57,"Height":34,"Demand":1,"DemandMax":null,"Value":1938},{"Length":51,"Height":38,"Demand":1,"DemandMax":null,"Value":1938},{"Length":47,"Height":41,"Demand":2,"DemandMax":null,"Value":1927},{"Length":55,"Height":35,"Demand":1,"DemandMax":null,"Value":1925},{"Length":49,"Height":39,"Demand":2,"DemandMax":null,"Value":1911},{"Length":54,"Height":35,"Demand":4,"DemandMax":null,"Value":1890},{"Length":45,"Height":42,"Demand":2,"DemandMax":null,"Value":1890},{"Length":59,"Height":32,"Demand":1,"DemandMax":null,"Value":1888},{"Length":57,"Height":33,"Demand":1,"DemandMax":null,"Value":1881},{"Length":48,"Height":39,"Demand":2,"DemandMax":null,"Value":1872},{"Length":53,"Height":35,"Demand":3,"DemandMax":null,"Value":1855},{"Length":50,"Height":37,"Demand":4,"DemandMax":null,"Value":1850},{"Length":46,"Height":40,"Demand":3,"DemandMax":null,"Value":1840},{"Length":47,"Height":39,"Demand":4,"DemandMax":null,"Value":1833},{"Length":49,"Height":37,"Demand":2,"DemandMax":null,"Value":1813},{"Length":50,"Height":36,"Demand":2,"DemandMax":null,"Value":1800},{"Length":58,"Height":31,"Demand":1,"DemandMax":null,"Value":1798},{"Length":47,"Height":38,"Demand":2,"DemandMax":null,"Value":1786},{"Length":51,"Height":35,"Demand":1,"DemandMax":null,"Value":1785},{"Length":44,"Height":40,"Demand":3,"DemandMax":null,"Value":1760},{"Length":45,"Height":39,"Demand":1,"DemandMax":null,"Value":1755},{"Length":50,"Height":35,"Demand":2,"DemandMax":null,"Value":1750},{"Length":44,"Height":39,"Demand":5,"DemandMax":null,"Value":1716},{"Length":45,"Height":38,"Demand":2,"DemandMax":null,"Value":1710},{"Length":46,"Height":37,"Demand":1,"DemandMax":null,"Value":1702},{"Length":50,"Height":34,"Demand":1,"DemandMax":null,"Value":1700},{"Length":47,"Height":36,"Demand":3,"DemandMax":null,"Value":1692},{"Length":51,"Height":33,"Demand":2,"DemandMax":null,"Value":1683},{"Length":48,"Height":35,"Demand":2,"DemandMax":null,"Value":1680},{"Length":44,"Height":38,"Demand":2,"DemandMax":null,"Value":1672},{"Length":49,"Height":34,"Demand":4,"DemandMax":null,"Value":1666},{"Length":45,"Height":37,"Demand":1,"DemandMax":null,"Value":1665},{"Length":46,"Height":36,"Demand":1,"DemandMax":null,"Value":1656},{"Length":57,"Height":29,"Demand":5,"DemandMax":null,"Value":1653},{"Length":59,"Height":28,"Demand":4,"DemandMax":null,"Value":1652},{"Length":47,"Height":35,"Demand":3,"DemandMax":null,"Value":1645},{"Length":43,"Height":38,"Demand":2,"DemandMax":null,"Value":1634},{"Length":48,"Height":34,"Demand":2,"DemandMax":null,"Value":1632},{"Length":56,"Height":29,"Demand":1,"DemandMax":null,"Value":1624},{"Length":54,"Height":30,"Demand":1,"DemandMax":null,"Value":1620},{"Length":52,"Height":31,"Demand":2,"DemandMax":null,"Value":1612},{"Length":50,"Height":32,"Demand":4,"DemandMax":null,"Value":1600},{"Length":41,"Height":39,"Demand":2,"DemandMax":null,"Value":1599},{"Length":47,"Height":34,"Demand":1,"DemandMax":null,"Value":1598},{"Length":55,"Height":29,"Demand":2,"DemandMax":null,"Value":1595},{"Length":51,"Height":31,"Demand":2,"DemandMax":null,"Value":1581},{"Length":45,"Height":35,"Demand":3,"DemandMax":null,"Value":1575},{"Length":58,"Height":27,"Demand":3,"DemandMax":null,"Value":1566},{"Length":52,"Height":30,"Demand":1,"DemandMax":null,"Value":1560},{"Length":41,"Height":38,"Demand":1,"DemandMax":null,"Value":1558},{"Length":43,"Height":36,"Demand":1,"DemandMax":null,"Value":1548},{"Length":48,"Height":32,"Demand":1,"DemandMax":null,"Value":1536},{"Length":59,"Height":26,"Demand":3,"DemandMax":null,"Value":1534},{"Length":39,"Height":39,"Demand":2,"DemandMax":null,"Value":1521},{"Length":49,"Height":31,"Demand":2,"DemandMax":null,"Value":1519},{"Length":41,"Height":37,"Demand":1,"DemandMax":null,"Value":1517},{"Length":54,"Height":28,"Demand":3,"DemandMax":null,"Value":1512},{"Length":50,"Height":30,"Demand":2,"DemandMax":null,"Value":1500},{"Length":44,"Height":34,"Demand":2,"DemandMax":null,"Value":1496},{"Length":48,"Height":31,"Demand":3,"DemandMax":null,"Value":1488},{"Length":40,"Height":37,"Demand":3,"DemandMax":null,"Value":1480},{"Length":49,"Height":30,"Demand":2,"DemandMax":null,"Value":1470},{"Length":42,"Height":35,"Demand":1,"DemandMax":null,"Value":1470},{"Length":43,"Height":34,"Demand":2,"DemandMax":null,"Value":1462},{"Length":47,"Height":31,"Demand":2,"DemandMax":null,"Value":1457},{"Length":52,"Height":28,"Demand":1,"DemandMax":null,"Value":1456},{"Length":44,"Height":33,"Demand":2,"DemandMax":null,"Value":1452},{"Length":50,"Height":29,"Demand":1,"DemandMax":null,"Value":1450},{"Length":38,"Height":38,"Demand":1,"DemandMax":null,"Value":1444},{"Length":48,"Height":30,"Demand":2,"DemandMax":null,"Value":1440},{"Length":55,"Height":26,"Demand":1,"DemandMax":null,"Value":1430},{"Length":42,"Height":34,"Demand":2,"DemandMax":null,"Value":1428},{"Length":46,"Height":31,"Demand":4,"DemandMax":null,"Value":1426},{"Length":49,"Height":29,"Demand":2,"DemandMax":null,"Value":1421},{"Length":43,"Height":33,"Demand":5,"DemandMax":null,"Value":1419},{"Length":59,"Height":24,"Demand":1,"DemandMax":null,"Value":1416},{"Length":44,"Height":32,"Demand":4,"DemandMax":null,"Value":1408},{"Length":38,"Height":37,"Demand":1,"DemandMax":null,"Value":1406},{"Length":39,"Height":36,"Demand":3,"DemandMax":null,"Value":1404},{"Length":50,"Height":28,"Demand":1,"DemandMax":null,"Value":1400},{"Length":40,"Height":35,"Demand":1,"DemandMax":null,"Value":1400},{"Length":41,"Height":34,"Demand":2,"DemandMax":null,"Value":1394},{"Length":48,"Height":29,"Demand":2,"DemandMax":null,"Value":1392},{"Length":58,"Height":24,"Demand":2,"DemandMax":null,"Value":1392},{"Length":60,"Height":23,"Demand":1,"DemandMax":null,"Value":1380},{"Length":51,"Height":27,"Demand":1,"DemandMax":null,"Value":1377},{"Length":43,"Height":32,"Demand":2,"DemandMax":null,"Value":1376},{"Length":55,"Height":25,"Demand":3,"DemandMax":null,"Value":1375},{"Length":49,"Height":28,"Demand":3,"DemandMax":null,"Value":1372},{"Length":37,"Height":37,"Demand":2,"DemandMax":null,"Value":1369},{"Length":38,"Height":36,"Demand":4,"DemandMax":null,"Value":1368},{"Length":39,"Height":35,"Demand":2,"DemandMax":null,"Value":1365},{"Length":44,"Height":31,"Demand":3,"DemandMax":null,"Value":1364},{"Length":47,"Height":29,"Demand":1,"DemandMax":null,"Value":1363},{"Length":40,"Height":34,"Demand":1,"DemandMax":null,"Value":1360},{"Length":59,"Height":23,"Demand":2,"DemandMax":null,"Value":1357},{"Length":41,"Height":33,"Demand":2,"DemandMax":null,"Value":1353},{"Length":52,"Height":26,"Demand":2,"DemandMax":null,"Value":1352},{"Length":45,"Height":30,"Demand":1,"DemandMax":null,"Value":1350},{"Length":54,"Height":25,"Demand":3,"DemandMax":null,"Value":1350},{"Length":42,"Height":32,"Demand":1,"DemandMax":null,"Value":1344},{"Length":48,"Height":28,"Demand":3,"DemandMax":null,"Value":1344},{"Length":46,"Height":29,"Demand":2,"DemandMax":null,"Value":1334},{"Length":43,"Height":31,"Demand":1,"DemandMax":null,"Value":1333},{"Length":37,"Height":36,"Demand":1,"DemandMax":null,"Value":1332},{"Length":39,"Height":34,"Demand":1,"DemandMax":null,"Value":1326},{"Length":49,"Height":27,"Demand":1,"DemandMax":null,"Value":1323},{"Length":40,"Height":33,"Demand":5,"DemandMax":null,"Value":1320},{"Length":44,"Height":30,"Demand":4,"DemandMax":null,"Value":1320},{"Length":42,"Height":31,"Demand":1,"DemandMax":null,"Value":1302},{"Length":52,"Height":25,"Demand":2,"DemandMax":null,"Value":1300},{"Length":59,"Height":22,"Demand":1,"DemandMax":null,"Value":1298},{"Length":48,"Height":27,"Demand":2,"DemandMax":null,"Value":1296},{"Length":54,"Height":24,"Demand":4,"DemandMax":null,"Value":1296},{"Length":36,"Height":36,"Demand":1,"DemandMax":null,"Value":1296},{"Length":37,"Height":35,"Demand":3,"DemandMax":null,"Value":1295},{"Length":38,"Height":34,"Demand":2,"DemandMax":null,"Value":1292},{"Length":43,"Height":30,"Demand":2,"DemandMax":null,"Value":1290},{"Length":56,"Height":23,"Demand":1,"DemandMax":null,"Value":1288},{"Length":40,"Height":32,"Demand":3,"DemandMax":null,"Value":1280},{"Length":58,"Height":22,"Demand":3,"DemandMax":null,"Value":1276},{"Length":44,"Height":29,"Demand":3,"DemandMax":null,"Value":1276},{"Length":49,"Height":26,"Demand":2,"DemandMax":null,"Value":1274},{"Length":41,"Height":31,"Demand":1,"DemandMax":null,"Value":1271},{"Length":42,"Height":30,"Demand":1,"DemandMax":null,"Value":1260},{"Length":36,"Height":35,"Demand":4,"DemandMax":null,"Value":1260},{"Length":37,"Height":34,"Demand":1,"DemandMax":null,"Value":1258},{"Length":57,"Height":22,"Demand":1,"DemandMax":null,"Value":1254},{"Length":38,"Height":33,"Demand":1,"DemandMax":null,"Value":1254},{"Length":50,"Height":25,"Demand":1,"DemandMax":null,"Value":1250},{"Length":39,"Height":32,"Demand":2,"DemandMax":null,"Value":1248},{"Length":52,"Height":24,"Demand":1,"DemandMax":null,"Value":1248},{"Length":43,"Height":29,"Demand":1,"DemandMax":null,"Value":1247},{"Length":46,"Height":27,"Demand":2,"DemandMax":null,"Value":1242},{"Length":54,"Height":23,"Demand":4,"DemandMax":null,"Value":1242},{"Length":56,"Height":22,"Demand":2,"DemandMax":null,"Value":1232},{"Length":44,"Height":28,"Demand":2,"DemandMax":null,"Value":1232},{"Length":41,"Height":30,"Demand":3,"DemandMax":null,"Value":1230},{"Length":35,"Height":35,"Demand":5,"DemandMax":null,"Value":1225},{"Length":49,"Height":25,"Demand":6,"DemandMax":null,"Value":1225},{"Length":36,"Height":34,"Demand":2,"DemandMax":null,"Value":1224},{"Length":47,"Height":26,"Demand":1,"DemandMax":null,"Value":1222},{"Length":37,"Height":33,"Demand":1,"DemandMax":null,"Value":1221},{"Length":42,"Height":29,"Demand":3,"DemandMax":null,"Value":1218},{"Length":58,"Height":21,"Demand":1,"DemandMax":null,"Value":1218},{"Length":38,"Height":32,"Demand":1,"DemandMax":null,"Value":1216},{"Length":45,"Height":27,"Demand":4,"DemandMax":null,"Value":1215},{"Length":55,"Height":22,"Demand":4,"DemandMax":null,"Value":1210},{"Length":39,"Height":31,"Demand":1,"DemandMax":null,"Value":1209},{"Length":60,"Height":20,"Demand":3,"DemandMax":null,"Value":1200},{"Length":48,"Height":25,"Demand":3,"DemandMax":null,"Value":1200},{"Length":52,"Height":23,"Demand":2,"DemandMax":null,"Value":1196},{"Length":35,"Height":34,"Demand":1,"DemandMax":null,"Value":1190},{"Length":36,"Height":33,"Demand":3,"DemandMax":null,"Value":1188},{"Length":54,"Height":22,"Demand":1,"DemandMax":null,"Value":1188},{"Length":44,"Height":27,"Demand":1,"DemandMax":null,"Value":1188},{"Length":56,"Height":21,"Demand":1,"DemandMax":null,"Value":1176},{"Length":42,"Height":28,"Demand":1,"DemandMax":null,"Value":1176},{"Length":47,"Height":25,"Demand":1,"DemandMax":null,"Value":1175},{"Length":39,"Height":30,"Demand":5,"DemandMax":null,"Value":1170},{"Length":45,"Height":26,"Demand":4,"DemandMax":null,"Value":1170},{"Length":34,"Height":34,"Demand":2,"DemandMax":null,"Value":1156},{"Length":35,"Height":33,"Demand":1,"DemandMax":null,"Value":1155},{"Length":48,"Height":24,"Demand":2,"DemandMax":null,"Value":1152},{"Length":36,"Height":32,"Demand":2,"DemandMax":null,"Value":1152},{"Length":46,"Height":25,"Demand":1,"DemandMax":null,"Value":1150},{"Length":37,"Height":31,"Demand":2,"DemandMax":null,"Value":1147},{"Length":44,"Height":26,"Demand":1,"DemandMax":null,"Value":1144},{"Length":52,"Height":22,"Demand":4,"DemandMax":null,"Value":1144},{"Length":38,"Height":30,"Demand":1,"DemandMax":null,"Value":1140},{"Length":57,"Height":20,"Demand":3,"DemandMax":null,"Value":1140},{"Length":42,"Height":27,"Demand":3,"DemandMax":null,"Value":1134},{"Length":51,"Height":22,"Demand":3,"DemandMax":null,"Value":1122},{"Length":59,"Height":19,"Demand":2,"DemandMax":null,"Value":1121},{"Length":35,"Height":32,"Demand":1,"DemandMax":null,"Value":1120},{"Length":43,"Height":26,"Demand":1,"DemandMax":null,"Value":1118},{"Length":37,"Height":30,"Demand":2,"DemandMax":null,"Value":1110},{"Length":41,"Height":27,"Demand":2,"DemandMax":null,"Value":1107},{"Length":46,"Height":24,"Demand":1,"DemandMax":null,"Value":1104},{"Length":48,"Height":23,"Demand":1,"DemandMax":null,"Value":1104},{"Length":44,"Height":25,"Demand":1,"DemandMax":null,"Value":1100},{"Length":55,"Height":20,"Demand":3,"DemandMax":null,"Value":1100},{"Length":42,"Height":26,"Demand":1,"DemandMax":null,"Value":1092},{"Length":39,"Height":28,"Demand":1,"DemandMax":null,"Value":1092},{"Length":34,"Height":32,"Demand":2,"DemandMax":null,"Value":1088},{"Length":35,"Height":31,"Demand":4,"DemandMax":null,"Value":1085},{"Length":57,"Height":19,"Demand":2,"DemandMax":null,"Value":1083},{"Length":47,"Height":23,"Demand":2,"DemandMax":null,"Value":1081},{"Length":45,"Height":24,"Demand":2,"DemandMax":null,"Value":1080},{"Length":60,"Height":18,"Demand":2,"DemandMax":null,"Value":1080},{"Length":49,"Height":22,"Demand":1,"DemandMax":null,"Value":1078},{"Length":51,"Height":21,"Demand":2,"DemandMax":null,"Value":1071},{"Length":41,"Height":26,"Demand":2,"DemandMax":null,"Value":1066},{"Length":48,"Height":22,"Demand":3,"DemandMax":null,"Value":1056},{"Length":33,"Height":32,"Demand":1,"DemandMax":null,"Value":1056},{"Length":39,"Height":27,"Demand":3,"DemandMax":null,"Value":1053},{"Length":42,"Height":25,"Demand":4,"DemandMax":null,"Value":1050},{"Length":35,"Height":30,"Demand":3,"DemandMax":null,"Value":1050},{"Length":58,"Height":18,"Demand":2,"DemandMax":null,"Value":1044},{"Length":40,"Height":26,"Demand":3,"DemandMax":null,"Value":1040},{"Length":37,"Height":28,"Demand":1,"DemandMax":null,"Value":1036},{"Length":45,"Height":23,"Demand":1,"DemandMax":null,"Value":1035},{"Length":49,"Height":21,"Demand":1,"DemandMax":null,"Value":1029},{"Length":38,"Height":27,"Demand":2,"DemandMax":null,"Value":1026},{"Length":41,"Height":25,"Demand":1,"DemandMax":null,"Value":1025},{"Length":32,"Height":32,"Demand":3,"DemandMax":null,"Value":1024},{"Length":33,"Height":31,"Demand":3,"DemandMax":null,"Value":1023},{"Length":34,"Height":30,"Demand":2,"DemandMax":null,"Value":1020},{"Length":35,"Height":29,"Demand":1,"DemandMax":null,"Value":1015},{"Length":39,"Height":26,"Demand":1,"DemandMax":null,"Value":1014},{"Length":46,"Height":22,"Demand":4,"DemandMax":null,"Value":1012},{"Length":36,"Height":28,"Demand":2,"DemandMax":null,"Value":1008},{"Length":37,"Height":27,"Demand":1,"DemandMax":null,"Value":999},{"Length":32,"Height":31,"Demand":2,"DemandMax":null,"Value":992},{"Length":33,"Height":30,"Demand":3,"DemandMax":null,"Value":990},{"Length":45,"Height":22,"Demand":2,"DemandMax":null,"Value":990},{"Length":38,"Height":26,"Demand":1,"DemandMax":null,"Value":988},{"Length":52,"Height":19,"Demand":1,"DemandMax":null,"Value":988},{"Length":34,"Height":29,"Demand":5,"DemandMax":null,"Value":986},{"Length":41,"Height":24,"Demand":4,"DemandMax":null,"Value":984},{"Length":35,"Height":28,"Demand":1,"DemandMax":null,"Value":980},{"Length":49,"Height":20,"Demand":4,"DemandMax":null,"Value":980},{"Length":39,"Height":25,"Demand":2,"DemandMax":null,"Value":975},{"Length":36,"Height":27,"Demand":1,"DemandMax":null,"Value":972},{"Length":57,"Height":17,"Demand":2,"DemandMax":null,"Value":969},{"Length":44,"Height":22,"Demand":3,"DemandMax":null,"Value":968},{"Length":46,"Height":21,"Demand":2,"DemandMax":null,"Value":966},{"Length":42,"Height":23,"Demand":2,"DemandMax":null,"Value":966},{"Length":31,"Height":31,"Demand":2,"DemandMax":null,"Value":961},{"Length":40,"Height":24,"Demand":1,"DemandMax":null,"Value":960},{"Length":33,"Height":29,"Demand":1,"DemandMax":null,"Value":957},{"Length":34,"Height":28,"Demand":1,"DemandMax":null,"Value":952},{"Length":38,"Height":25,"Demand":2,"DemandMax":null,"Value":950},{"Length":50,"Height":19,"Demand":2,"DemandMax":null,"Value":950},{"Length":35,"Height":27,"Demand":1,"DemandMax":null,"Value":945},{"Length":45,"Height":21,"Demand":1,"DemandMax":null,"Value":945},{"Length":59,"Height":16,"Demand":1,"DemandMax":null,"Value":944},{"Length":39,"Height":24,"Demand":4,"DemandMax":null,"Value":936},{"Length":36,"Height":26,"Demand":5,"DemandMax":null,"Value":936},{"Length":55,"Height":17,"Demand":2,"DemandMax":null,"Value":935},{"Length":42,"Height":22,"Demand":3,"DemandMax":null,"Value":924},{"Length":40,"Height":23,"Demand":1,"DemandMax":null,"Value":920},{"Length":34,"Height":27,"Demand":5,"DemandMax":null,"Value":918},{"Length":51,"Height":18,"Demand":2,"DemandMax":null,"Value":918},{"Length":48,"Height":19,"Demand":4,"DemandMax":null,"Value":912},{"Length":57,"Height":16,"Demand":1,"DemandMax":null,"Value":912},{"Length":35,"Height":26,"Demand":1,"DemandMax":null,"Value":910},{"Length":41,"Height":22,"Demand":1,"DemandMax":null,"Value":902},{"Length":36,"Height":25,"Demand":4,"DemandMax":null,"Value":900},{"Length":45,"Height":20,"Demand":1,"DemandMax":null,"Value":900},{"Length":31,"Height":29,"Demand":1,"DemandMax":null,"Value":899},{"Length":39,"Height":23,"Demand":1,"DemandMax":null,"Value":897},{"Length":32,"Height":28,"Demand":1,"DemandMax":null,"Value":896},{"Length":33,"Height":27,"Demand":1,"DemandMax":null,"Value":891},{"Length":37,"Height":24,"Demand":3,"DemandMax":null,"Value":888},{"Length":59,"Height":15,"Demand":3,"DemandMax":null,"Value":885},{"Length":34,"Height":26,"Demand":1,"DemandMax":null,"Value":884},{"Length":42,"Height":21,"Demand":2,"DemandMax":null,"Value":882},{"Length":40,"Height":22,"Demand":1,"DemandMax":null,"Value":880},{"Length":46,"Height":19,"Demand":2,"DemandMax":null,"Value":874},{"Length":30,"Height":29,"Demand":1,"DemandMax":null,"Value":870},{"Length":31,"Height":28,"Demand":1,"DemandMax":null,"Value":868},{"Length":51,"Height":17,"Demand":1,"DemandMax":null,"Value":867},{"Length":32,"Height":27,"Demand":4,"DemandMax":null,"Value":864},{"Length":36,"Height":24,"Demand":3,"DemandMax":null,"Value":864},{"Length":48,"Height":18,"Demand":1,"DemandMax":null,"Value":864},{"Length":41,"Height":21,"Demand":1,"DemandMax":null,"Value":861},{"Length":43,"Height":20,"Demand":5,"DemandMax":null,"Value":860},{"Length":37,"Height":23,"Demand":1,"DemandMax":null,"Value":851},{"Length":50,"Height":17,"Demand":3,"DemandMax":null,"Value":850},{"Length":34,"Height":25,"Demand":4,"DemandMax":null,"Value":850},{"Length":47,"Height":18,"Demand":1,"DemandMax":null,"Value":846},{"Length":29,"Height":29,"Demand":2,"DemandMax":null,"Value":841},{"Length":30,"Height":28,"Demand":2,"DemandMax":null,"Value":840},{"Length":40,"Height":21,"Demand":2,"DemandMax":null,"Value":840},{"Length":35,"Height":24,"Demand":2,"DemandMax":null,"Value":840},{"Length":31,"Height":27,"Demand":2,"DemandMax":null,"Value":837},{"Length":38,"Height":22,"Demand":2,"DemandMax":null,"Value":836},{"Length":49,"Height":17,"Demand":2,"DemandMax":null,"Value":833},{"Length":52,"Height":16,"Demand":1,"DemandMax":null,"Value":832},{"Length":36,"Height":23,"Demand":2,"DemandMax":null,"Value":828},{"Length":46,"Height":18,"Demand":3,"DemandMax":null,"Value":828},{"Length":33,"Height":25,"Demand":2,"DemandMax":null,"Value":825},{"Length":39,"Height":21,"Demand":1,"DemandMax":null,"Value":819},{"Length":43,"Height":19,"Demand":2,"DemandMax":null,"Value":817},{"Length":34,"Height":24,"Demand":4,"DemandMax":null,"Value":816},{"Length":51,"Height":16,"Demand":1,"DemandMax":null,"Value":816},{"Length":48,"Height":17,"Demand":2,"DemandMax":null,"Value":816},{"Length":29,"Height":28,"Demand":2,"DemandMax":null,"Value":812},{"Length":54,"Height":15,"Demand":1,"DemandMax":null,"Value":810},{"Length":31,"Height":26,"Demand":1,"DemandMax":null,"Value":806},{"Length":40,"Height":20,"Demand":2,"DemandMax":null,"Value":800},{"Length":32,"Height":25,"Demand":1,"DemandMax":null,"Value":800},{"Length":47,"Height":17,"Demand":2,"DemandMax":null,"Value":799},{"Length":42,"Height":19,"Demand":5,"DemandMax":null,"Value":798},{"Length":38,"Height":21,"Demand":2,"DemandMax":null,"Value":798},{"Length":33,"Height":24,"Demand":1,"DemandMax":null,"Value":792},{"Length":36,"Height":22,"Demand":3,"DemandMax":null,"Value":792},{"Length":28,"Height":28,"Demand":3,"DemandMax":null,"Value":784},{"Length":49,"Height":16,"Demand":1,"DemandMax":null,"Value":784},{"Length":29,"Height":27,"Demand":3,"DemandMax":null,"Value":783},{"Length":34,"Height":23,"Demand":3,"DemandMax":null,"Value":782},{"Length":46,"Height":17,"Demand":2,"DemandMax":null,"Value":782},{"Length":30,"Height":26,"Demand":2,"DemandMax":null,"Value":780},{"Length":41,"Height":19,"Demand":8,"DemandMax":null,"Value":779},{"Length":43,"Height":18,"Demand":1,"DemandMax":null,"Value":774},{"Length":35,"Height":22,"Demand":5,"DemandMax":null,"Value":770},{"Length":48,"Height":16,"Demand":2,"DemandMax":null,"Value":768},{"Length":32,"Height":24,"Demand":2,"DemandMax":null,"Value":768},{"Length":40,"Height":19,"Demand":4,"DemandMax":null,"Value":760},{"Length":38,"Height":20,"Demand":3,"DemandMax":null,"Value":760},{"Length":36,"Height":21,"Demand":2,"DemandMax":null,"Value":756},{"Length":54,"Height":14,"Demand":2,"DemandMax":null,"Value":756},{"Length":29,"Height":26,"Demand":2,"DemandMax":null,"Value":754},{"Length":47,"Height":16,"Demand":1,"DemandMax":null,"Value":752},{"Length":50,"Height":15,"Demand":2,"DemandMax":null,"Value":750},{"Length":44,"Height":17,"Demand":1,"DemandMax":null,"Value":748},{"Length":39,"Height":19,"Demand":5,"DemandMax":null,"Value":741},{"Length":37,"Height":20,"Demand":1,"DemandMax":null,"Value":740},{"Length":41,"Height":18,"Demand":1,"DemandMax":null,"Value":738},{"Length":32,"Height":23,"Demand":2,"DemandMax":null,"Value":736},{"Length":35,"Height":21,"Demand":2,"DemandMax":null,"Value":735},{"Length":27,"Height":27,"Demand":2,"DemandMax":null,"Value":729},{"Length":52,"Height":14,"Demand":2,"DemandMax":null,"Value":728},{"Length":28,"Height":26,"Demand":1,"DemandMax":null,"Value":728},{"Length":33,"Height":22,"Demand":1,"DemandMax":null,"Value":726},{"Length":38,"Height":19,"Demand":2,"DemandMax":null,"Value":722},{"Length":30,"Height":24,"Demand":5,"DemandMax":null,"Value":720},{"Length":45,"Height":16,"Demand":2,"DemandMax":null,"Value":720},{"Length":36,"Height":20,"Demand":4,"DemandMax":null,"Value":720},{"Length":55,"Height":13,"Demand":1,"DemandMax":null,"Value":715},{"Length":31,"Height":23,"Demand":4,"DemandMax":null,"Value":713},{"Length":47,"Height":15,"Demand":2,"DemandMax":null,"Value":705},{"Length":32,"Height":22,"Demand":4,"DemandMax":null,"Value":704},{"Length":44,"Height":16,"Demand":2,"DemandMax":null,"Value":704},{"Length":37,"Height":19,"Demand":1,"DemandMax":null,"Value":703},{"Length":39,"Height":18,"Demand":1,"DemandMax":null,"Value":702},{"Length":50,"Height":14,"Demand":2,"DemandMax":null,"Value":700},{"Length":28,"Height":25,"Demand":1,"DemandMax":null,"Value":700},{"Length":35,"Height":20,"Demand":2,"DemandMax":null,"Value":700},{"Length":29,"Height":24,"Demand":1,"DemandMax":null,"Value":696},{"Length":58,"Height":12,"Demand":3,"DemandMax":null,"Value":696},{"Length":33,"Height":21,"Demand":3,"DemandMax":null,"Value":693},{"Length":30,"Height":23,"Demand":1,"DemandMax":null,"Value":690},{"Length":46,"Height":15,"Demand":2,"DemandMax":null,"Value":690},{"Length":43,"Height":16,"Demand":1,"DemandMax":null,"Value":688},{"Length":36,"Height":19,"Demand":1,"DemandMax":null,"Value":684},{"Length":38,"Height":18,"Demand":3,"DemandMax":null,"Value":684},{"Length":31,"Height":22,"Demand":2,"DemandMax":null,"Value":682},{"Length":40,"Height":17,"Demand":1,"DemandMax":null,"Value":680},{"Length":34,"Height":20,"Demand":2,"DemandMax":null,"Value":680},{"Length":26,"Height":26,"Demand":2,"DemandMax":null,"Value":676},{"Length":52,"Height":13,"Demand":2,"DemandMax":null,"Value":676},{"Length":45,"Height":15,"Demand":1,"DemandMax":null,"Value":675},{"Length":27,"Height":25,"Demand":1,"DemandMax":null,"Value":675},{"Length":42,"Height":16,"Demand":2,"DemandMax":null,"Value":672},{"Length":32,"Height":21,"Demand":4,"DemandMax":null,"Value":672},{"Length":48,"Height":14,"Demand":5,"DemandMax":null,"Value":672},{"Length":29,"Height":23,"Demand":3,"DemandMax":null,"Value":667},{"Length":37,"Height":18,"Demand":2,"DemandMax":null,"Value":666},{"Length":35,"Height":19,"Demand":3,"DemandMax":null,"Value":665},{"Length":39,"Height":17,"Demand":1,"DemandMax":null,"Value":663},{"Length":30,"Height":22,"Demand":2,"DemandMax":null,"Value":660},{"Length":33,"Height":20,"Demand":2,"DemandMax":null,"Value":660},{"Length":44,"Height":15,"Demand":1,"DemandMax":null,"Value":660},{"Length":31,"Height":21,"Demand":1,"DemandMax":null,"Value":651},{"Length":26,"Height":25,"Demand":1,"DemandMax":null,"Value":650},{"Length":27,"Height":24,"Demand":3,"DemandMax":null,"Value":648},{"Length":36,"Height":18,"Demand":1,"DemandMax":null,"Value":648},{"Length":46,"Height":14,"Demand":2,"DemandMax":null,"Value":644},{"Length":40,"Height":16,"Demand":2,"DemandMax":null,"Value":640},{"Length":53,"Height":12,"Demand":2,"DemandMax":null,"Value":636},{"Length":45,"Height":14,"Demand":3,"DemandMax":null,"Value":630},{"Length":37,"Height":17,"Demand":2,"DemandMax":null,"Value":629},{"Length":25,"Height":25,"Demand":3,"DemandMax":null,"Value":625},{"Length":39,"Height":16,"Demand":3,"DemandMax":null,"Value":624},{"Length":26,"Height":24,"Demand":3,"DemandMax":null,"Value":624},{"Length":27,"Height":23,"Demand":1,"DemandMax":null,"Value":621},{"Length":28,"Height":22,"Demand":3,"DemandMax":null,"Value":616},{"Length":41,"Height":15,"Demand":1,"DemandMax":null,"Value":615},{"Length":36,"Height":17,"Demand":1,"DemandMax":null,"Value":612},{"Length":47,"Height":13,"Demand":1,"DemandMax":null,"Value":611},{"Length":29,"Height":21,"Demand":1,"DemandMax":null,"Value":609},{"Length":38,"Height":16,"Demand":1,"DemandMax":null,"Value":608},{"Length":32,"Height":19,"Demand":2,"DemandMax":null,"Value":608},{"Length":43,"Height":14,"Demand":1,"DemandMax":null,"Value":602},{"Length":25,"Height":24,"Demand":1,"DemandMax":null,"Value":600},{"Length":46,"Height":13,"Demand":2,"DemandMax":null,"Value":598},{"Length":26,"Height":23,"Demand":2,"DemandMax":null,"Value":598},{"Length":35,"Height":17,"Demand":2,"DemandMax":null,"Value":595},{"Length":27,"Height":22,"Demand":2,"DemandMax":null,"Value":594},{"Length":33,"Height":18,"Demand":1,"DemandMax":null,"Value":594},{"Length":37,"Height":16,"Demand":2,"DemandMax":null,"Value":592},{"Length":31,"Height":19,"Demand":2,"DemandMax":null,"Value":589},{"Length":42,"Height":14,"Demand":2,"DemandMax":null,"Value":588},{"Length":29,"Height":20,"Demand":3,"DemandMax":null,"Value":580},{"Length":34,"Height":17,"Demand":2,"DemandMax":null,"Value":578},{"Length":36,"Height":16,"Demand":2,"DemandMax":null,"Value":576},{"Length":44,"Height":13,"Demand":1,"DemandMax":null,"Value":572},{"Length":38,"Height":15,"Demand":6,"DemandMax":null,"Value":570},{"Length":30,"Height":19,"Demand":2,"DemandMax":null,"Value":570},{"Length":51,"Height":11,"Demand":2,"DemandMax":null,"Value":561},{"Length":35,"Height":16,"Demand":1,"DemandMax":null,"Value":560},{"Length":28,"Height":20,"Demand":2,"DemandMax":null,"Value":560},{"Length":40,"Height":14,"Demand":2,"DemandMax":null,"Value":560},{"Length":43,"Height":13,"Demand":2,"DemandMax":null,"Value":559},{"Length":31,"Height":18,"Demand":1,"DemandMax":null,"Value":558},{"Length":37,"Height":15,"Demand":2,"DemandMax":null,"Value":555},{"Length":46,"Height":12,"Demand":2,"DemandMax":null,"Value":552},{"Length":24,"Height":23,"Demand":2,"DemandMax":null,"Value":552},{"Length":29,"Height":19,"Demand":3,"DemandMax":null,"Value":551},{"Length":50,"Height":11,"Demand":3,"DemandMax":null,"Value":550},{"Length":25,"Height":22,"Demand":3,"DemandMax":null,"Value":550},{"Length":26,"Height":21,"Demand":4,"DemandMax":null,"Value":546},{"Length":42,"Height":13,"Demand":3,"DemandMax":null,"Value":546},{"Length":34,"Height":16,"Demand":2,"DemandMax":null,"Value":544},{"Length":27,"Height":20,"Demand":2,"DemandMax":null,"Value":540},{"Length":36,"Height":15,"Demand":2,"DemandMax":null,"Value":540},{"Length":38,"Height":14,"Demand":1,"DemandMax":null,"Value":532},{"Length":31,"Height":17,"Demand":1,"DemandMax":null,"Value":527},{"Length":35,"Height":15,"Demand":1,"DemandMax":null,"Value":525},{"Length":52,"Height":10,"Demand":1,"DemandMax":null,"Value":520},{"Length":26,"Height":20,"Demand":1,"DemandMax":null,"Value":520},{"Length":40,"Height":13,"Demand":2,"DemandMax":null,"Value":520},{"Length":32,"Height":16,"Demand":3,"DemandMax":null,"Value":512},{"Length":34,"Height":15,"Demand":1,"DemandMax":null,"Value":510},{"Length":30,"Height":17,"Demand":1,"DemandMax":null,"Value":510},{"Length":23,"Height":22,"Demand":2,"DemandMax":null,"Value":506},{"Length":24,"Height":21,"Demand":2,"DemandMax":null,"Value":504},{"Length":28,"Height":18,"Demand":2,"DemandMax":null,"Value":504},{"Length":42,"Height":12,"Demand":1,"DemandMax":null,"Value":504},{"Length":25,"Height":20,"Demand":1,"DemandMax":null,"Value":500},{"Length":31,"Height":16,"Demand":2,"DemandMax":null,"Value":496},{"Length":33,"Height":15,"Demand":3,"DemandMax":null,"Value":495},{"Length":45,"Height":11,"Demand":1,"DemandMax":null,"Value":495},{"Length":38,"Height":13,"Demand":1,"DemandMax":null,"Value":494},{"Length":29,"Height":17,"Demand":3,"DemandMax":null,"Value":493},{"Length":41,"Height":12,"Demand":3,"DemandMax":null,"Value":492},{"Length":35,"Height":14,"Demand":3,"DemandMax":null,"Value":490},{"Length":27,"Height":18,"Demand":1,"DemandMax":null,"Value":486},{"Length":44,"Height":11,"Demand":2,"DemandMax":null,"Value":484},{"Length":23,"Height":21,"Demand":1,"DemandMax":null,"Value":483},{"Length":37,"Height":13,"Demand":2,"DemandMax":null,"Value":481},{"Length":32,"Height":15,"Demand":8,"DemandMax":null,"Value":480},{"Length":24,"Height":20,"Demand":2,"DemandMax":null,"Value":480},{"Length":30,"Height":16,"Demand":2,"DemandMax":null,"Value":480},{"Length":40,"Height":12,"Demand":3,"DemandMax":null,"Value":480},{"Length":28,"Height":17,"Demand":1,"DemandMax":null,"Value":476},{"Length":25,"Height":19,"Demand":2,"DemandMax":null,"Value":475},{"Length":26,"Height":18,"Demand":5,"DemandMax":null,"Value":468},{"Length":39,"Height":12,"Demand":1,"DemandMax":null,"Value":468},{"Length":36,"Height":13,"Demand":5,"DemandMax":null,"Value":468},{"Length":29,"Height":16,"Demand":3,"DemandMax":null,"Value":464},{"Length":22,"Height":21,"Demand":3,"DemandMax":null,"Value":462},{"Length":42,"Height":11,"Demand":1,"DemandMax":null,"Value":462},{"Length":33,"Height":14,"Demand":2,"DemandMax":null,"Value":462},{"Length":23,"Height":20,"Demand":3,"DemandMax":null,"Value":460},{"Length":27,"Height":17,"Demand":2,"DemandMax":null,"Value":459},{"Length":38,"Height":12,"Demand":1,"DemandMax":null,"Value":456},{"Length":35,"Height":13,"Demand":2,"DemandMax":null,"Value":455},{"Length":41,"Height":11,"Demand":1,"DemandMax":null,"Value":451},{"Length":30,"Height":15,"Demand":1,"DemandMax":null,"Value":450},{"Length":28,"Height":16,"Demand":2,"DemandMax":null,"Value":448},{"Length":26,"Height":17,"Demand":4,"DemandMax":null,"Value":442},{"Length":34,"Height":13,"Demand":2,"DemandMax":null,"Value":442},{"Length":40,"Height":11,"Demand":1,"DemandMax":null,"Value":440},{"Length":22,"Height":20,"Demand":2,"DemandMax":null,"Value":440},{"Length":44,"Height":10,"Demand":2,"DemandMax":null,"Value":440},{"Length":23,"Height":19,"Demand":1,"DemandMax":null,"Value":437},{"Length":29,"Height":15,"Demand":1,"DemandMax":null,"Value":435},{"Length":31,"Height":14,"Demand":2,"DemandMax":null,"Value":434},{"Length":24,"Height":18,"Demand":2,"DemandMax":null,"Value":432},{"Length":36,"Height":12,"Demand":1,"DemandMax":null,"Value":432},{"Length":30,"Height":14,"Demand":1,"DemandMax":null,"Value":420},{"Length":42,"Height":10,"Demand":4,"DemandMax":null,"Value":420},{"Length":21,"Height":20,"Demand":5,"DemandMax":null,"Value":420},{"Length":28,"Height":15,"Demand":4,"DemandMax":null,"Value":420},{"Length":26,"Height":16,"Demand":2,"DemandMax":null,"Value":416},{"Length":24,"Height":17,"Demand":4,"DemandMax":null,"Value":408},{"Length":37,"Height":11,"Demand":3,"DemandMax":null,"Value":407},{"Length":31,"Height":13,"Demand":1,"DemandMax":null,"Value":403},{"Length":20,"Height":20,"Demand":3,"DemandMax":null,"Value":400},{"Length":25,"Height":16,"Demand":4,"DemandMax":null,"Value":400},{"Length":40,"Height":10,"Demand":2,"DemandMax":null,"Value":400},{"Length":21,"Height":19,"Demand":4,"DemandMax":null,"Value":399},{"Length":22,"Height":18,"Demand":1,"DemandMax":null,"Value":396},{"Length":36,"Height":11,"Demand":1,"DemandMax":null,"Value":396},{"Length":23,"Height":17,"Demand":1,"DemandMax":null,"Value":391},{"Length":26,"Height":15,"Demand":1,"DemandMax":null,"Value":390},{"Length":30,"Height":13,"Demand":1,"DemandMax":null,"Value":390},{"Length":24,"Height":16,"Demand":1,"DemandMax":null,"Value":384},{"Length":20,"Height":19,"Demand":2,"DemandMax":null,"Value":380},{"Length":27,"Height":14,"Demand":1,"DemandMax":null,"Value":378},{"Length":29,"Height":13,"Demand":2,"DemandMax":null,"Value":377},{"Length":23,"Height":16,"Demand":2,"DemandMax":null,"Value":368},{"Length":26,"Height":14,"Demand":2,"DemandMax":null,"Value":364},{"Length":28,"Height":13,"Demand":4,"DemandMax":null,"Value":364},{"Length":33,"Height":11,"Demand":1,"DemandMax":null,"Value":363},{"Length":19,"Height":19,"Demand":1,"DemandMax":null,"Value":361},{"Length":20,"Height":18,"Demand":1,"DemandMax":null,"Value":360},{"Length":21,"Height":17,"Demand":2,"DemandMax":null,"Value":357},{"Length":22,"Height":16,"Demand":6,"DemandMax":null,"Value":352},{"Length":32,"Height":11,"Demand":4,"DemandMax":null,"Value":352},{"Length":27,"Height":13,"Demand":2,"DemandMax":null,"Value":351},{"Length":25,"Height":14,"Demand":1,"DemandMax":null,"Value":350},{"Length":29,"Height":12,"Demand":3,"DemandMax":null,"Value":348},{"Length":20,"Height":17,"Demand":5,"DemandMax":null,"Value":340},{"Length":34,"Height":10,"Demand":1,"DemandMax":null,"Value":340},{"Length":28,"Height":12,"Demand":3,"DemandMax":null,"Value":336},{"Length":21,"Height":16,"Demand":1,"DemandMax":null,"Value":336},{"Length":24,"Height":14,"Demand":3,"DemandMax":null,"Value":336},{"Length":22,"Height":15,"Demand":7,"DemandMax":null,"Value":330},{"Length":33,"Height":10,"Demand":2,"DemandMax":null,"Value":330},{"Length":25,"Height":13,"Demand":3,"DemandMax":null,"Value":325},{"Length":27,"Height":12,"Demand":2,"DemandMax":null,"Value":324},{"Length":19,"Height":17,"Demand":2,"DemandMax":null,"Value":323},{"Length":23,"Height":14,"Demand":1,"DemandMax":null,"Value":322},{"Length":20,"Height":16,"Demand":2,"DemandMax":null,"Value":320},{"Length":29,"Height":11,"Demand":2,"DemandMax":null,"Value":319},{"Length":21,"Height":15,"Demand":2,"DemandMax":null,"Value":315},{"Length":26,"Height":12,"Demand":1,"DemandMax":null,"Value":312},{"Length":24,"Height":13,"Demand":2,"DemandMax":null,"Value":312},{"Length":31,"Height":10,"Demand":3,"DemandMax":null,"Value":310},{"Length":22,"Height":14,"Demand":2,"DemandMax":null,"Value":308},{"Length":28,"Height":11,"Demand":1,"DemandMax":null,"Value":308},{"Length":18,"Height":17,"Demand":1,"DemandMax":null,"Value":306},{"Length":19,"Height":16,"Demand":2,"DemandMax":null,"Value":304},{"Length":20,"Height":15,"Demand":2,"DemandMax":null,"Value":300},{"Length":21,"Height":14,"Demand":5,"DemandMax":null,"Value":294},{"Length":17,"Height":17,"Demand":1,"DemandMax":null,"Value":289},{"Length":24,"Height":12,"Demand":1,"DemandMax":null,"Value":288},{"Length":19,"Height":15,"Demand":1,"DemandMax":null,"Value":285},{"Length":20,"Height":14,"Demand":2,"DemandMax":null,"Value":280},{"Length":23,"Height":12,"Demand":2,"DemandMax":null,"Value":276},{"Length":17,"Height":16,"Demand":2,"DemandMax":null,"Value":272},{"Length":18,"Height":15,"Demand":2,"DemandMax":null,"Value":270},{"Length":20,"Height":13,"Demand":1,"DemandMax":null,"Value":260},{"Length":26,"Height":10,"Demand":2,"DemandMax":null,"Value":260},{"Length":16,"Height":16,"Demand":1,"DemandMax":null,"Value":256},{"Length":17,"Height":15,"Demand":1,"DemandMax":null,"Value":255},{"Length":23,"Height":11,"Demand":5,"DemandMax":null,"Value":253},{"Length":21,"Height":12,"Demand":3,"DemandMax":null,"Value":252},{"Length":18,"Height":14,"Demand":2,"DemandMax":null,"Value":252},{"Length":19,"Height":13,"Demand":1,"DemandMax":null,"Value":247},{"Length":20,"Height":12,"Demand":1,"DemandMax":null,"Value":240},{"Length":17,"Height":14,"Demand":3,"DemandMax":null,"Value":238},{"Length":18,"Height":13,"Demand":2,"DemandMax":null,"Value":234},{"Length":16,"Height":14,"Demand":1,"DemandMax":null,"Value":224},{"Length":20,"Height":11,"Demand":2,"DemandMax":null,"Value":220},{"Length":15,"Height":14,"Demand":3,"DemandMax":null,"Value":210},{"Length":16,"Height":13,"Demand":2,"DemandMax":null,"Value":208},{"Length":17,"Height":12,"Demand":6,"DemandMax":null,"Value":204},{"Length":20,"Height":10,"Demand":2,"DemandMax":null,"Value":200},{"Length":18,"Height":11,"Demand":1,"DemandMax":null,"Value":198},{"Length":18,"Height":10,"Demand":1,"DemandMax":null,"Value":180},{"Length":17,"Height":10,"Demand":1,"DemandMax":null,"Value":170},{"Length":14,"Height":12,"Demand":1,"DemandMax":null,"Value":168},{"Length":15,"Height":11,"Demand":2,"DemandMax":null,"Value":165},{"Length":16,"Height":10,"Demand":1,"DemandMax":null,"Value":160},{"Length":13,"Height":12,"Demand":3,"DemandMax":null,"Value":156},{"Length":13,"Height":10,"Demand":3,"DemandMax":null,"Value":130}]}