{"Name":"MB08_122","Objects":[{"Length":587,"Height":233,"Stock":null,"Cost":136771}],"Items":[{"Length":56,"Height":50,"Demand":3,"DemandMax":null,"Value":2800},{"Length":60,"Height":46,"Demand":3,"DemandMax":null,"Value":2760},{"Length":56,"Height":48,"Demand":1,"DemandMax":null,"Value":2688},{"Length":60,"Height":44,"Demand":5,"DemandMax":null,"Value":2640},{"Length":57,"Height":46,"Demand":5,"DemandMax":null,"Value":2622},{"Length":57,"Height":45,"Demand":2,"DemandMax":null,"Value":2565},{"Length":55,"Height":46,"Demand":2,"DemandMax":null,"Value":2530},{"Length":55,"Height":45,"Demand":2,"DemandMax":null,"Value":2475},{"Length":58,"Height":42,"Demand":1,"DemandMax":null,"Value":2436},{"Length":54,"Height":45,"Demand":1,"DemandMax":null,"Value":2430},{"Length":49,"Height":49,"Demand":2,"DemandMax":null,"Value":2401},{"Length":57,"Height":42,"Demand":4,"DemandMax":null,"Value":2394},{"Length":53,"Height":45,"Demand":4,"DemandMax":null,"Value":2385},{"Length":58,"Height":41,"Demand":3,"DemandMax":null,"Value":2378},{"Length":57,"Height":41,"Demand":2,"DemandMax":null,"Value":2337},{"Length":49,"Height":47,"Demand":2,"DemandMax":null,"Value":2303},{"Length":50,"Height":46,"Demand":3,"DemandMax":null,"Value":2300},{"Length":56,"Height":41,"Demand":1,"DemandMax":null,"Value":2296},{"Length":51,"Height":45,"Demand":2,"DemandMax":null,"Value":2295},{"Length":49,"Height":45,"Demand":3,"DemandMax":null,"Value":2205},{"Length":55,"Height":40,"Demand":1,"DemandMax":null,"Value":2200},{"Length":56,"Height":39,"Demand":2,"DemandMax":null,"Value":2184},{"Length":59,"Height":37,"Demand":2,"DemandMax":null,"Value":2183},{"Length":49,"Height":44,"Demand":3,"DemandMax":null,"Value":2156},{"Length":58,"Height":36,"Demand":1,"DemandMax":null,"Value":2088},{"Length":52,"Height":40,"Demand":1,"DemandMax":null,"Value":2080},{"Length":56,"Height":37,"Demand":4,"DemandMax":null,"Value":2072},{"Length":46,"Height":45,"Demand":1,"DemandMax":null,"Value":2070},{"Length":47,"Height":44,"Demand":1,"DemandMax":null,"Value":2068},{"Length":59,"Height":35,"Demand":3,"DemandMax":null,"Value":2065},{"Length":50,"Height":41,"Demand":3,"DemandMax":null,"Value":2050},{"Length":52,"Height":39,"Demand":2,"DemandMax":null,"Value":2028},{"Length":46,"Height":44,"Demand":3,"DemandMax":null,"Value":2024},{"Length":46,"Height":43,"Demand":2,"DemandMax":null,"Value":1978},{"Length":52,"Height":38,"Demand":1,"DemandMax":null,"Value":1976},{"Length":48,"Height":41,"Demand":3,"DemandMax":null,"Value":1968},{"Length":49,"Height":40,"Demand":3,"DemandMax":null,"Value":1960},{"Length":50,"Height":39,"Demand":1,"DemandMax":null,"Value":1950},{"Length":54,"Height":36,"Demand":3,"DemandMax":null,"Value":1944},{"Length":57,"Height":34,"Demand":3,"DemandMax":null,"Value":1938},{"Length":45,"Height":43,"Demand":5,"DemandMax":null,"Value":1935},{"Length":46,"Height":42,"Demand":2,"DemandMax":null,"Value":1932},{"Length":52,"Height":37,"Demand":2,"DemandMax":null,"Value":1924},{"Length":60,"Height":32,"Demand":2,"DemandMax":null,"Value":1920},{"Length":58,"Height":33,"Demand":2,"DemandMax":null,"Value":1914},{"Length":52,"Height":36,"Demand":2,"DemandMax":null,"Value":1872},{"Length":55,"Height":34,"Demand":2,"DemandMax":null,"Value":1870},{"Length":43,"Height":43,"Demand":1,"DemandMax":null,"Value":1849},{"Length":44,"Height":42,"Demand":3,"DemandMax":null,"Value":1848},{"Length":56,"Height":33,"Demand":3,"DemandMax":null,"Value":1848},{"Length":46,"Height":40,"Demand":3,"DemandMax":null,"Value":1840},{"Length":54,"Height":34,"Demand":2,"DemandMax":null,"Value":1836},{"Length":51,"Height":36,"Demand":2,"DemandMax":null,"Value":1836},{"Length":47,"Height":39,"Demand":1,"DemandMax":null,"Value":1833},{"Length":48,"Height":38,"Demand":1,"DemandMax":null,"Value":1824},{"Length":52,"Height":35,"Demand":3,"DemandMax":null,"Value":1820},{"Length":55,"Height":33,"Demand":4,"DemandMax":null,"Value":1815},{"Length":60,"Height":30,"Demand":4,"DemandMax":null,"Value":1800},{"Length":45,"Height":40,"Demand":5,"DemandMax":null,"Value":1800},{"Length":50,"Height":36,"Demand":1,"DemandMax":null,"Value":1800},{"Length":56,"Height":32,"Demand":2,"DemandMax":null,"Value":1792},{"Length":59,"Height":30,"Demand":4,"DemandMax":null,"Value":1770},{"Length":42,"Height":42,"Demand":2,"DemandMax":null,"Value":1764},{"Length":49,"Height":36,"Demand":2,"DemandMax":null,"Value":1764},{"Length":45,"Height":39,"Demand":1,"DemandMax":null,"Value":1755},{"Length":58,"Height":30,"Demand":3,"DemandMax":null,"Value":1740},{"Length":51,"Height":34,"Demand":2,"DemandMax":null,"Value":1734},{"Length":48,"Height":36,"Demand":3,"DemandMax":null,"Value":1728},{"Length":43,"Height":40,"Demand":1,"DemandMax":null,"Value":1720},{"Length":52,"Height":33,"Demand":1,"DemandMax":null,"Value":1716},{"Length":44,"Height":39,"Demand":2,"DemandMax":null,"Value":1716},{"Length":59,"Height":29,"Demand":1,"DemandMax":null,"Value":1711},{"Length":45,"Height":38,"Demand":2,"DemandMax":null,"Value":1710},{"Length":47,"Height":36,"Demand":3,"DemandMax":null,"Value":1692},{"Length":58,"Height":29,"Demand":2,"DemandMax":null,"Value":1682},{"Length":41,"Height":41,"Demand":2,"DemandMax":null,"Value":1681},{"Length":48,"Height":35,"Demand":1,"DemandMax":null,"Value":1680},{"Length":43,"Height":39,"Demand":2,"DemandMax":null,"Value":1677},{"Length":44,"Height":38,"Demand":4,"DemandMax":null,"Value":1672},{"Length":45,"Height":37,"Demand":1,"DemandMax":null,"Value":1665},{"Length":47,"Height":35,"Demand":1,"DemandMax":null,"Value":1645},{"Length":43,"Height":38,"Demand":2,"DemandMax":null,"Value":1634},{"Length":48,"Height":34,"Demand":1,"DemandMax":null,"Value":1632},{"Length":44,"Height":37,"Demand":5,"DemandMax":null,"Value":1628},{"Length":45,"Height":36,"Demand":3,"DemandMax":null,"Value":1620},{"Length":49,"Height":33,"Demand":2,"DemandMax":null,"Value":1617},{"Length":52,"Height":31,"Demand":3,"DemandMax":null,"Value":1612},{"Length":41,"Height":39,"Demand":2,"DemandMax":null,"Value":1599},{"Length":59,"Height":27,"Demand":5,"DemandMax":null,"Value":1593},{"Length":43,"Height":37,"Demand":4,"DemandMax":null,"Value":1591},{"Length":48,"Height":33,"Demand":3,"DemandMax":null,"Value":1584},{"Length":58,"Height":27,"Demand":5,"DemandMax":null,"Value":1566},{"Length":54,"Height":29,"Demand":5,"DemandMax":null,"Value":1566},{"Length":40,"Height":39,"Demand":4,"DemandMax":null,"Value":1560},{"Length":43,"Height":36,"Demand":2,"DemandMax":null,"Value":1548},{"Length":44,"Height":35,"Demand":2,"DemandMax":null,"Value":1540},{"Length":57,"Height":27,"Demand":1,"DemandMax":null,"Value":1539},{"Length":48,"Height":32,"Demand":2,"DemandMax":null,"Value":1536},{"Length":45,"Height":34,"Demand":3,"DemandMax":null,"Value":1530},{"Length":39,"Height":39,"Demand":2,"DemandMax":null,"Value":1521},{"Length":40,"Height":38,"Demand":1,"DemandMax":null,"Value":1520},{"Length":49,"Height":31,"Demand":3,"DemandMax":null,"Value":1519},{"Length":41,"Height":37,"Demand":2,"DemandMax":null,"Value":1517},{"Length":54,"Height":28,"Demand":2,"DemandMax":null,"Value":1512},{"Length":42,"Height":36,"Demand":2,"DemandMax":null,"Value":1512},{"Length":43,"Height":35,"Demand":2,"DemandMax":null,"Value":1505},{"Length":50,"Height":30,"Demand":4,"DemandMax":null,"Value":1500},{"Length":60,"Height":25,"Demand":2,"DemandMax":null,"Value":1500},{"Length":55,"Height":27,"Demand":3,"DemandMax":null,"Value":1485},{"Length":45,"Height":33,"Demand":2,"DemandMax":null,"Value":1485},{"Length":39,"Height":38,"Demand":2,"DemandMax":null,"Value":1482},{"Length":40,"Height":37,"Demand":1,"DemandMax":null,"Value":1480},{"Length":49,"Height":30,"Demand":2,"DemandMax":null,"Value":1470},{"Length":43,"Height":34,"Demand":2,"DemandMax":null,"Value":1462},{"Length":52,"Height":28,"Demand":2,"DemandMax":null,"Value":1456},{"Length":44,"Height":33,"Demand":2,"DemandMax":null,"Value":1452},{"Length":50,"Height":29,"Demand":3,"DemandMax":null,"Value":1450},{"Length":38,"Height":38,"Demand":1,"DemandMax":null,"Value":1444},{"Length":48,"Height":30,"Demand":4,"DemandMax":null,"Value":1440},{"Length":53,"Height":27,"Demand":1,"DemandMax":null,"Value":1431},{"Length":46,"Height":31,"Demand":2,"DemandMax":null,"Value":1426},{"Length":49,"Height":29,"Demand":2,"DemandMax":null,"Value":1421},{"Length":43,"Height":33,"Demand":3,"DemandMax":null,"Value":1419},{"Length":44,"Height":32,"Demand":1,"DemandMax":null,"Value":1408},{"Length":38,"Height":37,"Demand":1,"DemandMax":null,"Value":1406},{"Length":54,"Height":26,"Demand":1,"DemandMax":null,"Value":1404},{"Length":52,"Height":27,"Demand":1,"DemandMax":null,"Value":1404},{"Length":50,"Height":28,"Demand":3,"DemandMax":null,"Value":1400},{"Length":40,"Height":35,"Demand":3,"DemandMax":null,"Value":1400},{"Length":41,"Height":34,"Demand":2,"DemandMax":null,"Value":1394},{"Length":58,"Height":24,"Demand":3,"DemandMax":null,"Value":1392},{"Length":42,"Height":33,"Demand":5,"DemandMax":null,"Value":1386},{"Length":46,"Height":30,"Demand":3,"DemandMax":null,"Value":1380},{"Length":51,"Height":27,"Demand":1,"DemandMax":null,"Value":1377},{"Length":49,"Height":28,"Demand":1,"DemandMax":null,"Value":1372},{"Length":39,"Height":35,"Demand":3,"DemandMax":null,"Value":1365},{"Length":44,"Height":31,"Demand":1,"DemandMax":null,"Value":1364},{"Length":47,"Height":29,"Demand":1,"DemandMax":null,"Value":1363},{"Length":40,"Height":34,"Demand":2,"DemandMax":null,"Value":1360},{"Length":59,"Height":23,"Demand":3,"DemandMax":null,"Value":1357},{"Length":41,"Height":33,"Demand":2,"DemandMax":null,"Value":1353},{"Length":52,"Height":26,"Demand":3,"DemandMax":null,"Value":1352},{"Length":45,"Height":30,"Demand":4,"DemandMax":null,"Value":1350},{"Length":50,"Height":27,"Demand":1,"DemandMax":null,"Value":1350},{"Length":42,"Height":32,"Demand":2,"DemandMax":null,"Value":1344},{"Length":56,"Height":24,"Demand":3,"DemandMax":null,"Value":1344},{"Length":37,"Height":36,"Demand":3,"DemandMax":null,"Value":1332},{"Length":38,"Height":35,"Demand":3,"DemandMax":null,"Value":1330},{"Length":39,"Height":34,"Demand":3,"DemandMax":null,"Value":1326},{"Length":53,"Height":25,"Demand":1,"DemandMax":null,"Value":1325},{"Length":49,"Height":27,"Demand":1,"DemandMax":null,"Value":1323},{"Length":40,"Height":33,"Demand":1,"DemandMax":null,"Value":1320},{"Length":55,"Height":24,"Demand":2,"DemandMax":null,"Value":1320},{"Length":47,"Height":28,"Demand":1,"DemandMax":null,"Value":1316},{"Length":41,"Height":32,"Demand":3,"DemandMax":null,"Value":1312},{"Length":50,"Height":26,"Demand":1,"DemandMax":null,"Value":1300},{"Length":36,"Height":36,"Demand":1,"DemandMax":null,"Value":1296},{"Length":37,"Height":35,"Demand":2,"DemandMax":null,"Value":1295},{"Length":40,"Height":32,"Demand":1,"DemandMax":null,"Value":1280},{"Length":44,"Height":29,"Demand":3,"DemandMax":null,"Value":1276},{"Length":49,"Height":26,"Demand":1,"DemandMax":null,"Value":1274},{"Length":47,"Height":27,"Demand":2,"DemandMax":null,"Value":1269},{"Length":55,"Height":23,"Demand":2,"DemandMax":null,"Value":1265},{"Length":36,"Height":35,"Demand":2,"DemandMax":null,"Value":1260},{"Length":45,"Height":28,"Demand":1,"DemandMax":null,"Value":1260},{"Length":42,"Height":30,"Demand":2,"DemandMax":null,"Value":1260},{"Length":57,"Height":22,"Demand":2,"DemandMax":null,"Value":1254},{"Length":50,"Height":25,"Demand":2,"DemandMax":null,"Value":1250},{"Length":48,"Height":26,"Demand":3,"DemandMax":null,"Value":1248},{"Length":39,"Height":32,"Demand":3,"DemandMax":null,"Value":1248},{"Length":54,"Height":23,"Demand":2,"DemandMax":null,"Value":1242},{"Length":40,"Height":31,"Demand":1,"DemandMax":null,"Value":1240},{"Length":56,"Height":22,"Demand":1,"DemandMax":null,"Value":1232},{"Length":35,"Height":35,"Demand":5,"DemandMax":null,"Value":1225},{"Length":49,"Height":25,"Demand":2,"DemandMax":null,"Value":1225},{"Length":36,"Height":34,"Demand":1,"DemandMax":null,"Value":1224},{"Length":47,"Height":26,"Demand":5,"DemandMax":null,"Value":1222},{"Length":37,"Height":33,"Demand":5,"DemandMax":null,"Value":1221},{"Length":53,"Height":23,"Demand":1,"DemandMax":null,"Value":1219},{"Length":42,"Height":29,"Demand":2,"DemandMax":null,"Value":1218},{"Length":45,"Height":27,"Demand":1,"DemandMax":null,"Value":1215},{"Length":39,"Height":31,"Demand":2,"DemandMax":null,"Value":1209},{"Length":48,"Height":25,"Demand":3,"DemandMax":null,"Value":1200},{"Length":50,"Height":24,"Demand":1,"DemandMax":null,"Value":1200},{"Length":46,"Height":26,"Demand":2,"DemandMax":null,"Value":1196},{"Length":52,"Height":23,"Demand":1,"DemandMax":null,"Value":1196},{"Length":35,"Height":34,"Demand":1,"DemandMax":null,"Value":1190},{"Length":36,"Height":33,"Demand":1,"DemandMax":null,"Value":1188},{"Length":37,"Height":32,"Demand":1,"DemandMax":null,"Value":1184},{"Length":59,"Height":20,"Demand":1,"DemandMax":null,"Value":1180},{"Length":38,"Height":31,"Demand":3,"DemandMax":null,"Value":1178},{"Length":39,"Height":30,"Demand":4,"DemandMax":null,"Value":1170},{"Length":53,"Height":22,"Demand":1,"DemandMax":null,"Value":1166},{"Length":43,"Height":27,"Demand":1,"DemandMax":null,"Value":1161},{"Length":58,"Height":20,"Demand":3,"DemandMax":null,"Value":1160},{"Length":40,"Height":29,"Demand":3,"DemandMax":null,"Value":1160},{"Length":35,"Height":33,"Demand":1,"DemandMax":null,"Value":1155},{"Length":48,"Height":24,"Demand":1,"DemandMax":null,"Value":1152},{"Length":50,"Height":23,"Demand":1,"DemandMax":null,"Value":1150},{"Length":46,"Height":25,"Demand":2,"DemandMax":null,"Value":1150},{"Length":41,"Height":28,"Demand":1,"DemandMax":null,"Value":1148},{"Length":37,"Height":31,"Demand":2,"DemandMax":null,"Value":1147},{"Length":60,"Height":19,"Demand":3,"DemandMax":null,"Value":1140},{"Length":38,"Height":30,"Demand":1,"DemandMax":null,"Value":1140},{"Length":54,"Height":21,"Demand":2,"DemandMax":null,"Value":1134},{"Length":42,"Height":27,"Demand":2,"DemandMax":null,"Value":1134},{"Length":47,"Height":24,"Demand":4,"DemandMax":null,"Value":1128},{"Length":34,"Height":33,"Demand":1,"DemandMax":null,"Value":1122},{"Length":35,"Height":32,"Demand":1,"DemandMax":null,"Value":1120},{"Length":43,"Height":26,"Demand":3,"DemandMax":null,"Value":1118},{"Length":36,"Height":31,"Demand":2,"DemandMax":null,"Value":1116},{"Length":37,"Height":30,"Demand":2,"DemandMax":null,"Value":1110},{"Length":48,"Height":23,"Demand":3,"DemandMax":null,"Value":1104},{"Length":38,"Height":29,"Demand":3,"DemandMax":null,"Value":1102},{"Length":39,"Height":28,"Demand":2,"DemandMax":null,"Value":1092},{"Length":33,"Height":33,"Demand":1,"DemandMax":null,"Value":1089},{"Length":34,"Height":32,"Demand":2,"DemandMax":null,"Value":1088},{"Length":60,"Height":18,"Demand":4,"DemandMax":null,"Value":1080},{"Length":45,"Height":24,"Demand":3,"DemandMax":null,"Value":1080},{"Length":36,"Height":30,"Demand":3,"DemandMax":null,"Value":1080},{"Length":54,"Height":20,"Demand":2,"DemandMax":null,"Value":1080},{"Length":49,"Height":22,"Demand":3,"DemandMax":null,"Value":1078},{"Length":46,"Height":23,"Demand":2,"DemandMax":null,"Value":1058},{"Length":33,"Height":32,"Demand":2,"DemandMax":null,"Value":1056},{"Length":34,"Height":31,"Demand":1,"DemandMax":null,"Value":1054},{"Length":39,"Height":27,"Demand":1,"DemandMax":null,"Value":1053},{"Length":42,"Height":25,"Demand":1,"DemandMax":null,"Value":1050},{"Length":50,"Height":21,"Demand":2,"DemandMax":null,"Value":1050},{"Length":35,"Height":30,"Demand":2,"DemandMax":null,"Value":1050},{"Length":40,"Height":26,"Demand":2,"DemandMax":null,"Value":1040},{"Length":47,"Height":22,"Demand":2,"DemandMax":null,"Value":1034},{"Length":49,"Height":21,"Demand":2,"DemandMax":null,"Value":1029},{"Length":54,"Height":19,"Demand":1,"DemandMax":null,"Value":1026},{"Length":38,"Height":27,"Demand":1,"DemandMax":null,"Value":1026},{"Length":41,"Height":25,"Demand":2,"DemandMax":null,"Value":1025},{"Length":33,"Height":31,"Demand":2,"DemandMax":null,"Value":1023},{"Length":60,"Height":17,"Demand":2,"DemandMax":null,"Value":1020},{"Length":35,"Height":29,"Demand":3,"DemandMax":null,"Value":1015},{"Length":39,"Height":26,"Demand":3,"DemandMax":null,"Value":1014},{"Length":36,"Height":28,"Demand":1,"DemandMax":null,"Value":1008},{"Length":56,"Height":18,"Demand":2,"DemandMax":null,"Value":1008},{"Length":48,"Height":21,"Demand":2,"DemandMax":null,"Value":1008},{"Length":42,"Height":24,"Demand":2,"DemandMax":null,"Value":1008},{"Length":50,"Height":20,"Demand":2,"DemandMax":null,"Value":1000},{"Length":37,"Height":27,"Demand":3,"DemandMax":null,"Value":999},{"Length":32,"Height":31,"Demand":2,"DemandMax":null,"Value":992},{"Length":33,"Height":30,"Demand":1,"DemandMax":null,"Value":990},{"Length":43,"Height":23,"Demand":2,"DemandMax":null,"Value":989},{"Length":47,"Height":21,"Demand":2,"DemandMax":null,"Value":987},{"Length":34,"Height":29,"Demand":1,"DemandMax":null,"Value":986},{"Length":41,"Height":24,"Demand":2,"DemandMax":null,"Value":984},{"Length":54,"Height":18,"Demand":2,"DemandMax":null,"Value":972},{"Length":51,"Height":19,"Demand":2,"DemandMax":null,"Value":969},{"Length":44,"Height":22,"Demand":1,"DemandMax":null,"Value":968},{"Length":46,"Height":21,"Demand":1,"DemandMax":null,"Value":966},{"Length":37,"Height":26,"Demand":2,"DemandMax":null,"Value":962},{"Length":31,"Height":31,"Demand":3,"DemandMax":null,"Value":961},{"Length":32,"Height":30,"Demand":1,"DemandMax":null,"Value":960},{"Length":40,"Height":24,"Demand":1,"DemandMax":null,"Value":960},{"Length":60,"Height":16,"Demand":2,"DemandMax":null,"Value":960},{"Length":48,"Height":20,"Demand":2,"DemandMax":null,"Value":960},{"Length":34,"Height":28,"Demand":3,"DemandMax":null,"Value":952},{"Length":50,"Height":19,"Demand":1,"DemandMax":null,"Value":950},{"Length":38,"Height":25,"Demand":2,"DemandMax":null,"Value":950},{"Length":35,"Height":27,"Demand":2,"DemandMax":null,"Value":945},{"Length":41,"Height":23,"Demand":1,"DemandMax":null,"Value":943},{"Length":36,"Height":26,"Demand":1,"DemandMax":null,"Value":936},{"Length":39,"Height":24,"Demand":2,"DemandMax":null,"Value":936},{"Length":52,"Height":18,"Demand":2,"DemandMax":null,"Value":936},{"Length":49,"Height":19,"Demand":2,"DemandMax":null,"Value":931},{"Length":32,"Height":29,"Demand":3,"DemandMax":null,"Value":928},{"Length":44,"Height":21,"Demand":3,"DemandMax":null,"Value":924},{"Length":33,"Height":28,"Demand":2,"DemandMax":null,"Value":924},{"Length":46,"Height":20,"Demand":3,"DemandMax":null,"Value":920},{"Length":57,"Height":16,"Demand":1,"DemandMax":null,"Value":912},{"Length":38,"Height":24,"Demand":3,"DemandMax":null,"Value":912},{"Length":48,"Height":19,"Demand":4,"DemandMax":null,"Value":912},{"Length":43,"Height":21,"Demand":2,"DemandMax":null,"Value":903},{"Length":41,"Height":22,"Demand":3,"DemandMax":null,"Value":902},{"Length":53,"Height":17,"Demand":1,"DemandMax":null,"Value":901},{"Length":36,"Height":25,"Demand":1,"DemandMax":null,"Value":900},{"Length":50,"Height":18,"Demand":1,"DemandMax":null,"Value":900},{"Length":31,"Height":29,"Demand":1,"DemandMax":null,"Value":899},{"Length":32,"Height":28,"Demand":2,"DemandMax":null,"Value":896},{"Length":37,"Height":24,"Demand":1,"DemandMax":null,"Value":888},{"Length":34,"Height":26,"Demand":2,"DemandMax":null,"Value":884},{"Length":40,"Height":22,"Demand":3,"DemandMax":null,"Value":880},{"Length":35,"Height":25,"Demand":2,"DemandMax":null,"Value":875},{"Length":58,"Height":15,"Demand":1,"DemandMax":null,"Value":870},{"Length":36,"Height":24,"Demand":2,"DemandMax":null,"Value":864},{"Length":32,"Height":27,"Demand":1,"DemandMax":null,"Value":864},{"Length":54,"Height":16,"Demand":1,"DemandMax":null,"Value":864},{"Length":41,"Height":21,"Demand":3,"DemandMax":null,"Value":861},{"Length":43,"Height":20,"Demand":2,"DemandMax":null,"Value":860},{"Length":39,"Height":22,"Demand":2,"DemandMax":null,"Value":858},{"Length":45,"Height":19,"Demand":3,"DemandMax":null,"Value":855},{"Length":57,"Height":15,"Demand":2,"DemandMax":null,"Value":855},{"Length":34,"Height":25,"Demand":1,"DemandMax":null,"Value":850},{"Length":53,"Height":16,"Demand":2,"DemandMax":null,"Value":848},{"Length":29,"Height":29,"Demand":1,"DemandMax":null,"Value":841},{"Length":30,"Height":28,"Demand":2,"DemandMax":null,"Value":840},{"Length":40,"Height":21,"Demand":2,"DemandMax":null,"Value":840},{"Length":31,"Height":27,"Demand":1,"DemandMax":null,"Value":837},{"Length":44,"Height":19,"Demand":3,"DemandMax":null,"Value":836},{"Length":38,"Height":22,"Demand":1,"DemandMax":null,"Value":836},{"Length":32,"Height":26,"Demand":1,"DemandMax":null,"Value":832},{"Length":36,"Height":23,"Demand":1,"DemandMax":null,"Value":828},{"Length":33,"Height":25,"Demand":2,"DemandMax":null,"Value":825},{"Length":41,"Height":20,"Demand":6,"DemandMax":null,"Value":820},{"Length":39,"Height":21,"Demand":3,"DemandMax":null,"Value":819},{"Length":48,"Height":17,"Demand":1,"DemandMax":null,"Value":816},{"Length":45,"Height":18,"Demand":1,"DemandMax":null,"Value":810},{"Length":31,"Height":26,"Demand":2,"DemandMax":null,"Value":806},{"Length":35,"Height":23,"Demand":1,"DemandMax":null,"Value":805},{"Length":40,"Height":20,"Demand":2,"DemandMax":null,"Value":800},{"Length":57,"Height":14,"Demand":6,"DemandMax":null,"Value":798},{"Length":53,"Height":15,"Demand":1,"DemandMax":null,"Value":795},{"Length":44,"Height":18,"Demand":2,"DemandMax":null,"Value":792},{"Length":33,"Height":24,"Demand":4,"DemandMax":null,"Value":792},{"Length":36,"Height":22,"Demand":1,"DemandMax":null,"Value":792},{"Length":49,"Height":16,"Demand":2,"DemandMax":null,"Value":784},{"Length":34,"Height":23,"Demand":2,"DemandMax":null,"Value":782},{"Length":39,"Height":20,"Demand":2,"DemandMax":null,"Value":780},{"Length":41,"Height":19,"Demand":1,"DemandMax":null,"Value":779},{"Length":37,"Height":21,"Demand":2,"DemandMax":null,"Value":777},{"Length":31,"Height":25,"Demand":3,"DemandMax":null,"Value":775},{"Length":43,"Height":18,"Demand":3,"DemandMax":null,"Value":774},{"Length":32,"Height":24,"Demand":1,"DemandMax":null,"Value":768},{"Length":59,"Height":13,"Demand":2,"DemandMax":null,"Value":767},{"Length":51,"Height":15,"Demand":1,"DemandMax":null,"Value":765},{"Length":38,"Height":20,"Demand":3,"DemandMax":null,"Value":760},{"Length":40,"Height":19,"Demand":5,"DemandMax":null,"Value":760},{"Length":33,"Height":23,"Demand":1,"DemandMax":null,"Value":759},{"Length":28,"Height":27,"Demand":3,"DemandMax":null,"Value":756},{"Length":36,"Height":21,"Demand":6,"DemandMax":null,"Value":756},{"Length":54,"Height":14,"Demand":2,"DemandMax":null,"Value":756},{"Length":29,"Height":26,"Demand":5,"DemandMax":null,"Value":754},{"Length":58,"Height":13,"Demand":1,"DemandMax":null,"Value":754},{"Length":50,"Height":15,"Demand":4,"DemandMax":null,"Value":750},{"Length":30,"Height":25,"Demand":2,"DemandMax":null,"Value":750},{"Length":34,"Height":22,"Demand":1,"DemandMax":null,"Value":748},{"Length":44,"Height":17,"Demand":2,"DemandMax":null,"Value":748},{"Length":31,"Height":24,"Demand":1,"DemandMax":null,"Value":744},{"Length":39,"Height":19,"Demand":2,"DemandMax":null,"Value":741},{"Length":57,"Height":13,"Demand":2,"DemandMax":null,"Value":741},{"Length":41,"Height":18,"Demand":2,"DemandMax":null,"Value":738},{"Length":46,"Height":16,"Demand":1,"DemandMax":null,"Value":736},{"Length":35,"Height":21,"Demand":2,"DemandMax":null,"Value":735},{"Length":28,"Height":26,"Demand":2,"DemandMax":null,"Value":728},{"Length":56,"Height":13,"Demand":2,"DemandMax":null,"Value":728},{"Length":29,"Height":25,"Demand":1,"DemandMax":null,"Value":725},{"Length":38,"Height":19,"Demand":1,"DemandMax":null,"Value":722},{"Length":36,"Height":20,"Demand":1,"DemandMax":null,"Value":720},{"Length":59,"Height":12,"Demand":2,"DemandMax":null,"Value":708},{"Length":47,"Height":15,"Demand":3,"DemandMax":null,"Value":705},{"Length":32,"Height":22,"Demand":2,"DemandMax":null,"Value":704},{"Length":37,"Height":19,"Demand":2,"DemandMax":null,"Value":703},{"Length":54,"Height":13,"Demand":2,"DemandMax":null,"Value":702},{"Length":39,"Height":18,"Demand":2,"DemandMax":null,"Value":702},{"Length":28,"Height":25,"Demand":3,"DemandMax":null,"Value":700},{"Length":35,"Height":20,"Demand":2,"DemandMax":null,"Value":700},{"Length":58,"Height":12,"Demand":3,"DemandMax":null,"Value":696},{"Length":29,"Height":24,"Demand":3,"DemandMax":null,"Value":696},{"Length":33,"Height":21,"Demand":3,"DemandMax":null,"Value":693},{"Length":30,"Height":23,"Demand":1,"DemandMax":null,"Value":690},{"Length":49,"Height":14,"Demand":1,"DemandMax":null,"Value":686},{"Length":36,"Height":19,"Demand":3,"DemandMax":null,"Value":684},{"Length":31,"Height":22,"Demand":3,"DemandMax":null,"Value":682},{"Length":40,"Height":17,"Demand":3,"DemandMax":null,"Value":680},{"Length":52,"Height":13,"Demand":2,"DemandMax":null,"Value":676},{"Length":27,"Height":25,"Demand":2,"DemandMax":null,"Value":675},{"Length":32,"Height":21,"Demand":5,"DemandMax":null,"Value":672},{"Length":56,"Height":12,"Demand":4,"DemandMax":null,"Value":672},{"Length":48,"Height":14,"Demand":3,"DemandMax":null,"Value":672},{"Length":42,"Height":16,"Demand":2,"DemandMax":null,"Value":672},{"Length":28,"Height":24,"Demand":3,"DemandMax":null,"Value":672},{"Length":37,"Height":18,"Demand":4,"DemandMax":null,"Value":666},{"Length":35,"Height":19,"Demand":2,"DemandMax":null,"Value":665},{"Length":30,"Height":22,"Demand":1,"DemandMax":null,"Value":660},{"Length":44,"Height":15,"Demand":1,"DemandMax":null,"Value":660},{"Length":55,"Height":12,"Demand":1,"DemandMax":null,"Value":660},{"Length":33,"Height":20,"Demand":2,"DemandMax":null,"Value":660},{"Length":47,"Height":14,"Demand":4,"DemandMax":null,"Value":658},{"Length":41,"Height":16,"Demand":1,"DemandMax":null,"Value":656},{"Length":50,"Height":13,"Demand":3,"DemandMax":null,"Value":650},{"Length":59,"Height":11,"Demand":3,"DemandMax":null,"Value":649},{"Length":27,"Height":24,"Demand":1,"DemandMax":null,"Value":648},{"Length":36,"Height":18,"Demand":4,"DemandMax":null,"Value":648},{"Length":54,"Height":12,"Demand":3,"DemandMax":null,"Value":648},{"Length":38,"Height":17,"Demand":2,"DemandMax":null,"Value":646},{"Length":28,"Height":23,"Demand":3,"DemandMax":null,"Value":644},{"Length":32,"Height":20,"Demand":1,"DemandMax":null,"Value":640},{"Length":40,"Height":16,"Demand":4,"DemandMax":null,"Value":640},{"Length":29,"Height":22,"Demand":3,"DemandMax":null,"Value":638},{"Length":49,"Height":13,"Demand":2,"DemandMax":null,"Value":637},{"Length":53,"Height":12,"Demand":2,"DemandMax":null,"Value":636},{"Length":42,"Height":15,"Demand":2,"DemandMax":null,"Value":630},{"Length":45,"Height":14,"Demand":1,"DemandMax":null,"Value":630},{"Length":33,"Height":19,"Demand":2,"DemandMax":null,"Value":627},{"Length":57,"Height":11,"Demand":1,"DemandMax":null,"Value":627},{"Length":26,"Height":24,"Demand":5,"DemandMax":null,"Value":624},{"Length":39,"Height":16,"Demand":4,"DemandMax":null,"Value":624},{"Length":48,"Height":13,"Demand":3,"DemandMax":null,"Value":624},{"Length":31,"Height":20,"Demand":2,"DemandMax":null,"Value":620},{"Length":28,"Height":22,"Demand":2,"DemandMax":null,"Value":616},{"Length":56,"Height":11,"Demand":2,"DemandMax":null,"Value":616},{"Length":36,"Height":17,"Demand":1,"DemandMax":null,"Value":612},{"Length":47,"Height":13,"Demand":1,"DemandMax":null,"Value":611},{"Length":32,"Height":19,"Demand":3,"DemandMax":null,"Value":608},{"Length":40,"Height":15,"Demand":3,"DemandMax":null,"Value":600},{"Length":30,"Height":20,"Demand":3,"DemandMax":null,"Value":600},{"Length":50,"Height":12,"Demand":2,"DemandMax":null,"Value":600},{"Length":35,"Height":17,"Demand":2,"DemandMax":null,"Value":595},{"Length":33,"Height":18,"Demand":2,"DemandMax":null,"Value":594},{"Length":37,"Height":16,"Demand":3,"DemandMax":null,"Value":592},{"Length":31,"Height":19,"Demand":1,"DemandMax":null,"Value":589},{"Length":42,"Height":14,"Demand":3,"DemandMax":null,"Value":588},{"Length":28,"Height":21,"Demand":1,"DemandMax":null,"Value":588},{"Length":39,"Height":15,"Demand":1,"DemandMax":null,"Value":585},{"Length":45,"Height":13,"Demand":1,"DemandMax":null,"Value":585},{"Length":53,"Height":11,"Demand":2,"DemandMax":null,"Value":583},{"Length":29,"Height":20,"Demand":3,"DemandMax":null,"Value":580},{"Length":58,"Height":10,"Demand":3,"DemandMax":null,"Value":580},{"Length":36,"Height":16,"Demand":3,"DemandMax":null,"Value":576},{"Length":32,"Height":18,"Demand":3,"DemandMax":null,"Value":576},{"Length":25,"Height":23,"Demand":2,"DemandMax":null,"Value":575},{"Length":41,"Height":14,"Demand":4,"DemandMax":null,"Value":574},{"Length":26,"Height":22,"Demand":1,"DemandMax":null,"Value":572},{"Length":38,"Height":15,"Demand":4,"DemandMax":null,"Value":570},{"Length":27,"Height":21,"Demand":3,"DemandMax":null,"Value":567},{"Length":47,"Height":12,"Demand":1,"DemandMax":null,"Value":564},{"Length":28,"Height":20,"Demand":4,"DemandMax":null,"Value":560},{"Length":40,"Height":14,"Demand":1,"DemandMax":null,"Value":560},{"Length":35,"Height":16,"Demand":1,"DemandMax":null,"Value":560},{"Length":37,"Height":15,"Demand":3,"DemandMax":null,"Value":555},{"Length":46,"Height":12,"Demand":1,"DemandMax":null,"Value":552},{"Length":29,"Height":19,"Demand":2,"DemandMax":null,"Value":551},{"Length":26,"Height":21,"Demand":1,"DemandMax":null,"Value":546},{"Length":34,"Height":16,"Demand":1,"DemandMax":null,"Value":544},{"Length":32,"Height":17,"Demand":2,"DemandMax":null,"Value":544},{"Length":36,"Height":15,"Demand":2,"DemandMax":null,"Value":540},{"Length":27,"Height":20,"Demand":3,"DemandMax":null,"Value":540},{"Length":30,"Height":18,"Demand":2,"DemandMax":null,"Value":540},{"Length":38,"Height":14,"Demand":4,"DemandMax":null,"Value":532},{"Length":33,"Height":16,"Demand":1,"DemandMax":null,"Value":528},{"Length":40,"Height":13,"Demand":2,"DemandMax":null,"Value":520},{"Length":37,"Height":14,"Demand":1,"DemandMax":null,"Value":518},{"Length":47,"Height":11,"Demand":3,"DemandMax":null,"Value":517},{"Length":43,"Height":12,"Demand":3,"DemandMax":null,"Value":516},{"Length":32,"Height":16,"Demand":5,"DemandMax":null,"Value":512},{"Length":34,"Height":15,"Demand":2,"DemandMax":null,"Value":510},{"Length":39,"Height":13,"Demand":1,"DemandMax":null,"Value":507},{"Length":36,"Height":14,"Demand":1,"DemandMax":null,"Value":504},{"Length":50,"Height":10,"Demand":2,"DemandMax":null,"Value":500},{"Length":25,"Height":20,"Demand":1,"DemandMax":null,"Value":500},{"Length":33,"Height":15,"Demand":2,"DemandMax":null,"Value":495},{"Length":26,"Height":19,"Demand":1,"DemandMax":null,"Value":494},{"Length":29,"Height":17,"Demand":1,"DemandMax":null,"Value":493},{"Length":49,"Height":10,"Demand":2,"DemandMax":null,"Value":490},{"Length":27,"Height":18,"Demand":3,"DemandMax":null,"Value":486},{"Length":23,"Height":21,"Demand":1,"DemandMax":null,"Value":483},{"Length":32,"Height":15,"Demand":5,"DemandMax":null,"Value":480},{"Length":24,"Height":20,"Demand":1,"DemandMax":null,"Value":480},{"Length":28,"Height":17,"Demand":2,"DemandMax":null,"Value":476},{"Length":34,"Height":14,"Demand":2,"DemandMax":null,"Value":476},{"Length":47,"Height":10,"Demand":2,"DemandMax":null,"Value":470},{"Length":36,"Height":13,"Demand":1,"DemandMax":null,"Value":468},{"Length":26,"Height":18,"Demand":2,"DemandMax":null,"Value":468},{"Length":31,"Height":15,"Demand":1,"DemandMax":null,"Value":465},{"Length":29,"Height":16,"Demand":2,"DemandMax":null,"Value":464},{"Length":22,"Height":21,"Demand":4,"DemandMax":null,"Value":462},{"Length":42,"Height":11,"Demand":1,"DemandMax":null,"Value":462},{"Length":23,"Height":20,"Demand":1,"DemandMax":null,"Value":460},{"Length":46,"Height":10,"Demand":2,"DemandMax":null,"Value":460},{"Length":27,"Height":17,"Demand":2,"DemandMax":null,"Value":459},{"Length":38,"Height":12,"Demand":5,"DemandMax":null,"Value":456},{"Length":24,"Height":19,"Demand":2,"DemandMax":null,"Value":456},{"Length":25,"Height":18,"Demand":2,"DemandMax":null,"Value":450},{"Length":32,"Height":14,"Demand":1,"DemandMax":null,"Value":448},{"Length":37,"Height":12,"Demand":2,"DemandMax":null,"Value":444},{"Length":34,"Height":13,"Demand":3,"DemandMax":null,"Value":442},{"Length":26,"Height":17,"Demand":5,"DemandMax":null,"Value":442},{"Length":23,"Height":19,"Demand":1,"DemandMax":null,"Value":437},{"Length":29,"Height":15,"Demand":2,"DemandMax":null,"Value":435},{"Length":27,"Height":16,"Demand":3,"DemandMax":null,"Value":432},{"Length":43,"Height":10,"Demand":3,"DemandMax":null,"Value":430},{"Length":39,"Height":11,"Demand":3,"DemandMax":null,"Value":429},{"Length":33,"Height":13,"Demand":4,"DemandMax":null,"Value":429},{"Length":25,"Height":17,"Demand":1,"DemandMax":null,"Value":425},{"Length":28,"Height":15,"Demand":1,"DemandMax":null,"Value":420},{"Length":42,"Height":10,"Demand":2,"DemandMax":null,"Value":420},{"Length":35,"Height":12,"Demand":1,"DemandMax":null,"Value":420},{"Length":22,"Height":19,"Demand":2,"DemandMax":null,"Value":418},{"Length":23,"Height":18,"Demand":2,"DemandMax":null,"Value":414},{"Length":41,"Height":10,"Demand":1,"DemandMax":null,"Value":410},{"Length":34,"Height":12,"Demand":3,"DemandMax":null,"Value":408},{"Length":29,"Height":14,"Demand":2,"DemandMax":null,"Value":406},{"Length":31,"Height":13,"Demand":4,"DemandMax":null,"Value":403},{"Length":21,"Height":19,"Demand":2,"DemandMax":null,"Value":399},{"Length":22,"Height":18,"Demand":6,"DemandMax":null,"Value":396},{"Length":33,"Height":12,"Demand":1,"DemandMax":null,"Value":396},{"Length":28,"Height":14,"Demand":2,"DemandMax":null,"Value":392},{"Length":39,"Height":10,"Demand":3,"DemandMax":null,"Value":390},{"Length":26,"Height":15,"Demand":1,"DemandMax":null,"Value":390},{"Length":32,"Height":12,"Demand":1,"DemandMax":null,"Value":384},{"Length":20,"Height":19,"Demand":2,"DemandMax":null,"Value":380},{"Length":21,"Height":18,"Demand":1,"DemandMax":null,"Value":378},{"Length":31,"Height":12,"Demand":1,"DemandMax":null,"Value":372},{"Length":28,"Height":13,"Demand":3,"DemandMax":null,"Value":364},{"Length":36,"Height":10,"Demand":4,"DemandMax":null,"Value":360},{"Length":30,"Height":12,"Demand":1,"DemandMax":null,"Value":360},{"Length":20,"Height":18,"Demand":2,"DemandMax":null,"Value":360},{"Length":21,"Height":17,"Demand":1,"DemandMax":null,"Value":357},{"Length":32,"Height":11,"Demand":2,"DemandMax":null,"Value":352},{"Length":22,"Height":16,"Demand":2,"DemandMax":null,"Value":352},{"Length":29,"Height":12,"Demand":1,"DemandMax":null,"Value":348},{"Length":23,"Height":15,"Demand":4,"DemandMax":null,"Value":345},{"Length":20,"Height":17,"Demand":2,"DemandMax":null,"Value":340},{"Length":34,"Height":10,"Demand":3,"DemandMax":null,"Value":340},{"Length":26,"Height":13,"Demand":1,"DemandMax":null,"Value":338},{"Length":28,"Height":12,"Demand":1,"DemandMax":null,"Value":336},{"Length":33,"Height":10,"Demand":2,"DemandMax":null,"Value":330},{"Length":25,"Height":13,"Demand":4,"DemandMax":null,"Value":325},{"Length":27,"Height":12,"Demand":3,"DemandMax":null,"Value":324},{"Length":19,"Height":17,"Demand":1,"DemandMax":null,"Value":323},{"Length":23,"Height":14,"Demand":1,"DemandMax":null,"Value":322},{"Length":32,"Height":10,"Demand":1,"DemandMax":null,"Value":320},{"Length":29,"Height":11,"Demand":2,"DemandMax":null,"Value":319},{"Length":28,"Height":11,"Demand":2,"DemandMax":null,"Value":308},{"Length":19,"Height":16,"Demand":5,"DemandMax":null,"Value":304},{"Length":20,"Height":15,"Demand":1,"DemandMax":null,"Value":300},{"Length":23,"Height":13,"Demand":2,"DemandMax":null,"Value":299},{"Length":17,"Height":17,"Demand":5,"DemandMax":null,"Value":289},{"Length":24,"Height":12,"Demand":1,"DemandMax":null,"Value":288},{"Length":18,"Height":16,"Demand":2,"DemandMax":null,"Value":288},{"Length":22,"Height":13,"Demand":2,"DemandMax":null,"Value":286},{"Length":19,"Height":15,"Demand":3,"DemandMax":null,"Value":285},{"Length":17,"Height":16,"Demand":2,"DemandMax":null,"Value":272},{"Length":18,"Height":15,"Demand":4,"DemandMax":null,"Value":270},{"Length":27,"Height":10,"Demand":2,"DemandMax":null,"Value":270},{"Length":19,"Height":14,"Demand":2,"DemandMax":null,"Value":266},{"Length":24,"Height":11,"Demand":2,"DemandMax":null,"Value":264},{"Length":26,"Height":10,"Demand":1,"DemandMax":null,"Value":260},{"Length":16,"Height":16,"Demand":3,"DemandMax":null,"Value":256},{"Length":23,"Height":11,"Demand":3,"DemandMax":null,"Value":253},{"Length":18,"Height":14,"Demand":1,"DemandMax":null,"Value":252},{"Length":19,"Height":13,"Demand":1,"DemandMax":null,"Value":247},{"Length":20,"Height":12,"Demand":2,"DemandMax":null,"Value":240},{"Length":17,"Height":14,"Demand":2,"DemandMax":null,"Value":238},{"Length":18,"Height":13,"Demand":1,"DemandMax":null,"Value":234},{"Length":21,"Height":11,"Demand":2,"DemandMax":null,"Value":231},{"Length":19,"Height":12,"Demand":1,"DemandMax":null,"Value":228},{"Length":16,"Height":14,"Demand":1,"DemandMax":null,"Value":224},{"Length":16,"Height":13,"Demand":1,"DemandMax":null,"Value":208},{"Length":17,"Height":12,"Demand":1,"DemandMax":null,"Value":204},{"Length":15,"Height":13,"Demand":1,"DemandMax":null,"Value":195},{"Length":14,"Height":13,"Demand":1,"DemandMax":null,"Value":182},{"Length":18,"Height":10,"Demand":1,"DemandMax":null,"Value":180},{"Length":14,"Height":12,"Demand":4,"DemandMax":null,"Value":168},{"Length":15,"Height":11,"Demand":2,"DemandMax":null,"Value":165},{"Length":14,"Height":11,"Demand":1,"DemandMax":null,"Value":154},{"Length":12,"Height":11,"Demand":3,"DemandMax":null,"Value":132}]}