{"Name":"MB08_150","Objects":[{"Length":587,"Height":233,"Stock":null,"Cost":136771}],"Items":[{"Length":59,"Height":47,"Demand":4,"DemandMax":null,"Value":2773},{"Length":57,"Height":48,"Demand":1,"DemandMax":null,"Value":2736},{"Length":58,"Height":47,"Demand":3,"DemandMax":null,"Value":2726},{"Length":58,"Height":46,"Demand":2,"DemandMax":null,"Value":2668},{"Length":55,"Height":48,"Demand":1,"DemandMax":null,"Value":2640},{"Length":56,"Height":47,"Demand":2,"DemandMax":null,"Value":2632},{"Length":58,"Height":45,"Demand":1,"DemandMax":null,"Value":2610},{"Length":59,"Height":44,"Demand":1,"DemandMax":null,"Value":2596},{"Length":56,"Height":46,"Demand":1,"DemandMax":null,"Value":2576},{"Length":57,"Height":45,"Demand":3,"DemandMax":null,"Value":2565},{"Length":55,"Height":46,"Demand":2,"DemandMax":null,"Value":2530},{"Length":57,"Height":44,"Demand":2,"DemandMax":null,"Value":2508},{"Length":51,"Height":49,"Demand":1,"DemandMax":null,"Value":2499},{"Length":55,"Height":44,"Demand":2,"DemandMax":null,"Value":2420},{"Length":50,"Height":48,"Demand":4,"DemandMax":null,"Value":2400},{"Length":51,"Height":47,"Demand":1,"DemandMax":null,"Value":2397},{"Length":50,"Height":47,"Demand":1,"DemandMax":null,"Value":2350},{"Length":54,"Height":43,"Demand":1,"DemandMax":null,"Value":2322},{"Length":50,"Height":46,"Demand":2,"DemandMax":null,"Value":2300},{"Length":49,"Height":46,"Demand":2,"DemandMax":null,"Value":2254},{"Length":53,"Height":42,"Demand":1,"DemandMax":null,"Value":2226},{"Length":57,"Height":39,"Demand":4,"DemandMax":null,"Value":2223},{"Length":47,"Height":47,"Demand":2,"DemandMax":null,"Value":2209},{"Length":48,"Height":46,"Demand":2,"DemandMax":null,"Value":2208},{"Length":49,"Height":45,"Demand":1,"DemandMax":null,"Value":2205},{"Length":56,"Height":39,"Demand":3,"DemandMax":null,"Value":2184},{"Length":48,"Height":45,"Demand":2,"DemandMax":null,"Value":2160},{"Length":51,"Height":42,"Demand":3,"DemandMax":null,"Value":2142},{"Length":59,"Height":36,"Demand":4,"DemandMax":null,"Value":2124},{"Length":47,"Height":45,"Demand":2,"DemandMax":null,"Value":2115},{"Length":49,"Height":43,"Demand":1,"DemandMax":null,"Value":2107},{"Length":50,"Height":42,"Demand":4,"DemandMax":null,"Value":2100},{"Length":56,"Height":37,"Demand":2,"DemandMax":null,"Value":2072},{"Length":46,"Height":45,"Demand":2,"DemandMax":null,"Value":2070},{"Length":54,"Height":38,"Demand":2,"DemandMax":null,"Value":2052},{"Length":60,"Height":34,"Demand":2,"DemandMax":null,"Value":2040},{"Length":55,"Height":37,"Demand":1,"DemandMax":null,"Value":2035},{"Length":45,"Height":45,"Demand":2,"DemandMax":null,"Value":2025},{"Length":53,"Height":38,"Demand":2,"DemandMax":null,"Value":2014},{"Length":54,"Height":37,"Demand":2,"DemandMax":null,"Value":1998},{"Length":57,"Height":35,"Demand":3,"DemandMax":null,"Value":1995},{"Length":60,"Height":33,"Demand":3,"DemandMax":null,"Value":1980},{"Length":47,"Height":42,"Demand":2,"DemandMax":null,"Value":1974},{"Length":48,"Height":41,"Demand":2,"DemandMax":null,"Value":1968},{"Length":53,"Height":37,"Demand":1,"DemandMax":null,"Value":1961},{"Length":59,"Height":33,"Demand":2,"DemandMax":null,"Value":1947},{"Length":54,"Height":36,"Demand":3,"DemandMax":null,"Value":1944},{"Length":44,"Height":44,"Demand":2,"DemandMax":null,"Value":1936},{"Length":46,"Height":42,"Demand":1,"DemandMax":null,"Value":1932},{"Length":55,"Height":35,"Demand":4,"DemandMax":null,"Value":1925},{"Length":52,"Height":37,"Demand":4,"DemandMax":null,"Value":1924},{"Length":49,"Height":39,"Demand":1,"DemandMax":null,"Value":1911},{"Length":45,"Height":42,"Demand":3,"DemandMax":null,"Value":1890},{"Length":46,"Height":41,"Demand":1,"DemandMax":null,"Value":1886},{"Length":57,"Height":33,"Demand":4,"DemandMax":null,"Value":1881},{"Length":47,"Height":40,"Demand":3,"DemandMax":null,"Value":1880},{"Length":48,"Height":39,"Demand":1,"DemandMax":null,"Value":1872},{"Length":49,"Height":38,"Demand":3,"DemandMax":null,"Value":1862},{"Length":60,"Height":31,"Demand":2,"DemandMax":null,"Value":1860},{"Length":43,"Height":43,"Demand":3,"DemandMax":null,"Value":1849},{"Length":56,"Height":33,"Demand":1,"DemandMax":null,"Value":1848},{"Length":45,"Height":41,"Demand":1,"DemandMax":null,"Value":1845},{"Length":46,"Height":40,"Demand":4,"DemandMax":null,"Value":1840},{"Length":54,"Height":34,"Demand":2,"DemandMax":null,"Value":1836},{"Length":59,"Height":31,"Demand":2,"DemandMax":null,"Value":1829},{"Length":55,"Height":33,"Demand":3,"DemandMax":null,"Value":1815},{"Length":49,"Height":37,"Demand":1,"DemandMax":null,"Value":1813},{"Length":43,"Height":42,"Demand":3,"DemandMax":null,"Value":1806},{"Length":53,"Height":34,"Demand":2,"DemandMax":null,"Value":1802},{"Length":46,"Height":39,"Demand":2,"DemandMax":null,"Value":1794},{"Length":54,"Height":33,"Demand":1,"DemandMax":null,"Value":1782},{"Length":48,"Height":37,"Demand":2,"DemandMax":null,"Value":1776},{"Length":59,"Height":30,"Demand":1,"DemandMax":null,"Value":1770},{"Length":49,"Height":36,"Demand":2,"DemandMax":null,"Value":1764},{"Length":43,"Height":41,"Demand":2,"DemandMax":null,"Value":1763},{"Length":46,"Height":38,"Demand":1,"DemandMax":null,"Value":1748},{"Length":47,"Height":37,"Demand":1,"DemandMax":null,"Value":1739},{"Length":56,"Height":31,"Demand":1,"DemandMax":null,"Value":1736},{"Length":54,"Height":32,"Demand":1,"DemandMax":null,"Value":1728},{"Length":46,"Height":37,"Demand":2,"DemandMax":null,"Value":1702},{"Length":50,"Height":34,"Demand":2,"DemandMax":null,"Value":1700},{"Length":42,"Height":40,"Demand":1,"DemandMax":null,"Value":1680},{"Length":49,"Height":34,"Demand":2,"DemandMax":null,"Value":1666},{"Length":45,"Height":37,"Demand":1,"DemandMax":null,"Value":1665},{"Length":46,"Height":36,"Demand":1,"DemandMax":null,"Value":1656},{"Length":57,"Height":29,"Demand":3,"DemandMax":null,"Value":1653},{"Length":55,"Height":30,"Demand":2,"DemandMax":null,"Value":1650},{"Length":47,"Height":35,"Demand":2,"DemandMax":null,"Value":1645},{"Length":41,"Height":40,"Demand":1,"DemandMax":null,"Value":1640},{"Length":42,"Height":39,"Demand":1,"DemandMax":null,"Value":1638},{"Length":43,"Height":38,"Demand":2,"DemandMax":null,"Value":1634},{"Length":54,"Height":30,"Demand":2,"DemandMax":null,"Value":1620},{"Length":45,"Height":36,"Demand":2,"DemandMax":null,"Value":1620},{"Length":50,"Height":32,"Demand":4,"DemandMax":null,"Value":1600},{"Length":40,"Height":40,"Demand":3,"DemandMax":null,"Value":1600},{"Length":47,"Height":34,"Demand":1,"DemandMax":null,"Value":1598},{"Length":42,"Height":38,"Demand":1,"DemandMax":null,"Value":1596},{"Length":57,"Height":28,"Demand":1,"DemandMax":null,"Value":1596},{"Length":59,"Height":27,"Demand":1,"DemandMax":null,"Value":1593},{"Length":48,"Height":33,"Demand":2,"DemandMax":null,"Value":1584},{"Length":44,"Height":36,"Demand":1,"DemandMax":null,"Value":1584},{"Length":58,"Height":27,"Demand":1,"DemandMax":null,"Value":1566},{"Length":46,"Height":34,"Demand":2,"DemandMax":null,"Value":1564},{"Length":40,"Height":39,"Demand":1,"DemandMax":null,"Value":1560},{"Length":47,"Height":33,"Demand":1,"DemandMax":null,"Value":1551},{"Length":50,"Height":31,"Demand":1,"DemandMax":null,"Value":1550},{"Length":43,"Height":36,"Demand":1,"DemandMax":null,"Value":1548},{"Length":44,"Height":35,"Demand":3,"DemandMax":null,"Value":1540},{"Length":48,"Height":32,"Demand":2,"DemandMax":null,"Value":1536},{"Length":51,"Height":30,"Demand":1,"DemandMax":null,"Value":1530},{"Length":39,"Height":39,"Demand":2,"DemandMax":null,"Value":1521},{"Length":40,"Height":38,"Demand":3,"DemandMax":null,"Value":1520},{"Length":49,"Height":31,"Demand":2,"DemandMax":null,"Value":1519},{"Length":41,"Height":37,"Demand":2,"DemandMax":null,"Value":1517},{"Length":42,"Height":36,"Demand":2,"DemandMax":null,"Value":1512},{"Length":54,"Height":28,"Demand":2,"DemandMax":null,"Value":1512},{"Length":43,"Height":35,"Demand":1,"DemandMax":null,"Value":1505},{"Length":44,"Height":34,"Demand":1,"DemandMax":null,"Value":1496},{"Length":45,"Height":33,"Demand":1,"DemandMax":null,"Value":1485},{"Length":53,"Height":28,"Demand":3,"DemandMax":null,"Value":1484},{"Length":39,"Height":38,"Demand":3,"DemandMax":null,"Value":1482},{"Length":40,"Height":37,"Demand":1,"DemandMax":null,"Value":1480},{"Length":41,"Height":36,"Demand":2,"DemandMax":null,"Value":1476},{"Length":59,"Height":25,"Demand":2,"DemandMax":null,"Value":1475},{"Length":49,"Height":30,"Demand":2,"DemandMax":null,"Value":1470},{"Length":42,"Height":35,"Demand":2,"DemandMax":null,"Value":1470},{"Length":43,"Height":34,"Demand":2,"DemandMax":null,"Value":1462},{"Length":54,"Height":27,"Demand":1,"DemandMax":null,"Value":1458},{"Length":56,"Height":26,"Demand":1,"DemandMax":null,"Value":1456},{"Length":39,"Height":37,"Demand":2,"DemandMax":null,"Value":1443},{"Length":60,"Height":24,"Demand":3,"DemandMax":null,"Value":1440},{"Length":48,"Height":30,"Demand":2,"DemandMax":null,"Value":1440},{"Length":41,"Height":35,"Demand":2,"DemandMax":null,"Value":1435},{"Length":46,"Height":31,"Demand":2,"DemandMax":null,"Value":1426},{"Length":57,"Height":25,"Demand":3,"DemandMax":null,"Value":1425},{"Length":43,"Height":33,"Demand":1,"DemandMax":null,"Value":1419},{"Length":47,"Height":30,"Demand":3,"DemandMax":null,"Value":1410},{"Length":44,"Height":32,"Demand":2,"DemandMax":null,"Value":1408},{"Length":38,"Height":37,"Demand":1,"DemandMax":null,"Value":1406},{"Length":39,"Height":36,"Demand":1,"DemandMax":null,"Value":1404},{"Length":50,"Height":28,"Demand":2,"DemandMax":null,"Value":1400},{"Length":40,"Height":35,"Demand":3,"DemandMax":null,"Value":1400},{"Length":45,"Height":31,"Demand":4,"DemandMax":null,"Value":1395},{"Length":58,"Height":24,"Demand":4,"DemandMax":null,"Value":1392},{"Length":42,"Height":33,"Demand":6,"DemandMax":null,"Value":1386},{"Length":46,"Height":30,"Demand":2,"DemandMax":null,"Value":1380},{"Length":51,"Height":27,"Demand":3,"DemandMax":null,"Value":1377},{"Length":49,"Height":28,"Demand":1,"DemandMax":null,"Value":1372},{"Length":37,"Height":37,"Demand":2,"DemandMax":null,"Value":1369},{"Length":57,"Height":24,"Demand":3,"DemandMax":null,"Value":1368},{"Length":39,"Height":35,"Demand":1,"DemandMax":null,"Value":1365},{"Length":44,"Height":31,"Demand":1,"DemandMax":null,"Value":1364},{"Length":47,"Height":29,"Demand":2,"DemandMax":null,"Value":1363},{"Length":40,"Height":34,"Demand":2,"DemandMax":null,"Value":1360},{"Length":59,"Height":23,"Demand":3,"DemandMax":null,"Value":1357},{"Length":41,"Height":33,"Demand":4,"DemandMax":null,"Value":1353},{"Length":52,"Height":26,"Demand":2,"DemandMax":null,"Value":1352},{"Length":56,"Height":24,"Demand":1,"DemandMax":null,"Value":1344},{"Length":42,"Height":32,"Demand":3,"DemandMax":null,"Value":1344},{"Length":48,"Height":28,"Demand":2,"DemandMax":null,"Value":1344},{"Length":46,"Height":29,"Demand":1,"DemandMax":null,"Value":1334},{"Length":37,"Height":36,"Demand":3,"DemandMax":null,"Value":1332},{"Length":38,"Height":35,"Demand":1,"DemandMax":null,"Value":1330},{"Length":39,"Height":34,"Demand":1,"DemandMax":null,"Value":1326},{"Length":53,"Height":25,"Demand":1,"DemandMax":null,"Value":1325},{"Length":41,"Height":32,"Demand":3,"DemandMax":null,"Value":1312},{"Length":45,"Height":29,"Demand":1,"DemandMax":null,"Value":1305},{"Length":50,"Height":26,"Demand":1,"DemandMax":null,"Value":1300},{"Length":37,"Height":35,"Demand":1,"DemandMax":null,"Value":1295},{"Length":38,"Height":34,"Demand":1,"DemandMax":null,"Value":1292},{"Length":43,"Height":30,"Demand":3,"DemandMax":null,"Value":1290},{"Length":46,"Height":28,"Demand":3,"DemandMax":null,"Value":1288},{"Length":44,"Height":29,"Demand":1,"DemandMax":null,"Value":1276},{"Length":58,"Height":22,"Demand":2,"DemandMax":null,"Value":1276},{"Length":49,"Height":26,"Demand":2,"DemandMax":null,"Value":1274},{"Length":41,"Height":31,"Demand":2,"DemandMax":null,"Value":1271},{"Length":45,"Height":28,"Demand":1,"DemandMax":null,"Value":1260},{"Length":37,"Height":34,"Demand":2,"DemandMax":null,"Value":1258},{"Length":50,"Height":25,"Demand":1,"DemandMax":null,"Value":1250},{"Length":52,"Height":24,"Demand":3,"DemandMax":null,"Value":1248},{"Length":39,"Height":32,"Demand":3,"DemandMax":null,"Value":1248},{"Length":48,"Height":26,"Demand":1,"DemandMax":null,"Value":1248},{"Length":54,"Height":23,"Demand":3,"DemandMax":null,"Value":1242},{"Length":40,"Height":31,"Demand":2,"DemandMax":null,"Value":1240},{"Length":56,"Height":22,"Demand":1,"DemandMax":null,"Value":1232},{"Length":44,"Height":28,"Demand":1,"DemandMax":null,"Value":1232},{"Length":35,"Height":35,"Demand":2,"DemandMax":null,"Value":1225},{"Length":49,"Height":25,"Demand":3,"DemandMax":null,"Value":1225},{"Length":36,"Height":34,"Demand":3,"DemandMax":null,"Value":1224},{"Length":51,"Height":24,"Demand":3,"DemandMax":null,"Value":1224},{"Length":47,"Height":26,"Demand":3,"DemandMax":null,"Value":1222},{"Length":38,"Height":32,"Demand":1,"DemandMax":null,"Value":1216},{"Length":45,"Height":27,"Demand":1,"DemandMax":null,"Value":1215},{"Length":39,"Height":31,"Demand":1,"DemandMax":null,"Value":1209},{"Length":43,"Height":28,"Demand":2,"DemandMax":null,"Value":1204},{"Length":50,"Height":24,"Demand":1,"DemandMax":null,"Value":1200},{"Length":48,"Height":25,"Demand":1,"DemandMax":null,"Value":1200},{"Length":60,"Height":20,"Demand":2,"DemandMax":null,"Value":1200},{"Length":46,"Height":26,"Demand":4,"DemandMax":null,"Value":1196},{"Length":35,"Height":34,"Demand":2,"DemandMax":null,"Value":1190},{"Length":44,"Height":27,"Demand":3,"DemandMax":null,"Value":1188},{"Length":37,"Height":32,"Demand":1,"DemandMax":null,"Value":1184},{"Length":56,"Height":21,"Demand":1,"DemandMax":null,"Value":1176},{"Length":42,"Height":28,"Demand":5,"DemandMax":null,"Value":1176},{"Length":49,"Height":24,"Demand":5,"DemandMax":null,"Value":1176},{"Length":47,"Height":25,"Demand":2,"DemandMax":null,"Value":1175},{"Length":39,"Height":30,"Demand":4,"DemandMax":null,"Value":1170},{"Length":45,"Height":26,"Demand":2,"DemandMax":null,"Value":1170},{"Length":53,"Height":22,"Demand":3,"DemandMax":null,"Value":1166},{"Length":43,"Height":27,"Demand":1,"DemandMax":null,"Value":1161},{"Length":40,"Height":29,"Demand":3,"DemandMax":null,"Value":1160},{"Length":34,"Height":34,"Demand":1,"DemandMax":null,"Value":1156},{"Length":35,"Height":33,"Demand":4,"DemandMax":null,"Value":1155},{"Length":55,"Height":21,"Demand":1,"DemandMax":null,"Value":1155},{"Length":36,"Height":32,"Demand":2,"DemandMax":null,"Value":1152},{"Length":41,"Height":28,"Demand":3,"DemandMax":null,"Value":1148},{"Length":37,"Height":31,"Demand":3,"DemandMax":null,"Value":1147},{"Length":44,"Height":26,"Demand":1,"DemandMax":null,"Value":1144},{"Length":52,"Height":22,"Demand":2,"DemandMax":null,"Value":1144},{"Length":38,"Height":30,"Demand":2,"DemandMax":null,"Value":1140},{"Length":42,"Height":27,"Demand":3,"DemandMax":null,"Value":1134},{"Length":47,"Height":24,"Demand":5,"DemandMax":null,"Value":1128},{"Length":49,"Height":23,"Demand":5,"DemandMax":null,"Value":1127},{"Length":45,"Height":25,"Demand":2,"DemandMax":null,"Value":1125},{"Length":51,"Height":22,"Demand":1,"DemandMax":null,"Value":1122},{"Length":59,"Height":19,"Demand":2,"DemandMax":null,"Value":1121},{"Length":35,"Height":32,"Demand":3,"DemandMax":null,"Value":1120},{"Length":40,"Height":28,"Demand":2,"DemandMax":null,"Value":1120},{"Length":43,"Height":26,"Demand":4,"DemandMax":null,"Value":1118},{"Length":36,"Height":31,"Demand":3,"DemandMax":null,"Value":1116},{"Length":41,"Height":27,"Demand":1,"DemandMax":null,"Value":1107},{"Length":46,"Height":24,"Demand":2,"DemandMax":null,"Value":1104},{"Length":38,"Height":29,"Demand":3,"DemandMax":null,"Value":1102},{"Length":55,"Height":20,"Demand":2,"DemandMax":null,"Value":1100},{"Length":44,"Height":25,"Demand":2,"DemandMax":null,"Value":1100},{"Length":42,"Height":26,"Demand":2,"DemandMax":null,"Value":1092},{"Length":33,"Height":33,"Demand":2,"DemandMax":null,"Value":1089},{"Length":34,"Height":32,"Demand":2,"DemandMax":null,"Value":1088},{"Length":35,"Height":31,"Demand":2,"DemandMax":null,"Value":1085},{"Length":47,"Height":23,"Demand":1,"DemandMax":null,"Value":1081},{"Length":45,"Height":24,"Demand":4,"DemandMax":null,"Value":1080},{"Length":40,"Height":27,"Demand":3,"DemandMax":null,"Value":1080},{"Length":49,"Height":22,"Demand":1,"DemandMax":null,"Value":1078},{"Length":43,"Height":25,"Demand":3,"DemandMax":null,"Value":1075},{"Length":37,"Height":29,"Demand":2,"DemandMax":null,"Value":1073},{"Length":51,"Height":21,"Demand":1,"DemandMax":null,"Value":1071},{"Length":41,"Height":26,"Demand":2,"DemandMax":null,"Value":1066},{"Length":38,"Height":28,"Demand":1,"DemandMax":null,"Value":1064},{"Length":46,"Height":23,"Demand":4,"DemandMax":null,"Value":1058},{"Length":48,"Height":22,"Demand":5,"DemandMax":null,"Value":1056},{"Length":33,"Height":32,"Demand":2,"DemandMax":null,"Value":1056},{"Length":34,"Height":31,"Demand":1,"DemandMax":null,"Value":1054},{"Length":39,"Height":27,"Demand":1,"DemandMax":null,"Value":1053},{"Length":35,"Height":30,"Demand":5,"DemandMax":null,"Value":1050},{"Length":42,"Height":25,"Demand":6,"DemandMax":null,"Value":1050},{"Length":50,"Height":21,"Demand":4,"DemandMax":null,"Value":1050},{"Length":55,"Height":19,"Demand":2,"DemandMax":null,"Value":1045},{"Length":36,"Height":29,"Demand":1,"DemandMax":null,"Value":1044},{"Length":40,"Height":26,"Demand":2,"DemandMax":null,"Value":1040},{"Length":37,"Height":28,"Demand":2,"DemandMax":null,"Value":1036},{"Length":45,"Height":23,"Demand":3,"DemandMax":null,"Value":1035},{"Length":47,"Height":22,"Demand":2,"DemandMax":null,"Value":1034},{"Length":54,"Height":19,"Demand":2,"DemandMax":null,"Value":1026},{"Length":41,"Height":25,"Demand":2,"DemandMax":null,"Value":1025},{"Length":33,"Height":31,"Demand":2,"DemandMax":null,"Value":1023},{"Length":34,"Height":30,"Demand":2,"DemandMax":null,"Value":1020},{"Length":51,"Height":20,"Demand":2,"DemandMax":null,"Value":1020},{"Length":35,"Height":29,"Demand":1,"DemandMax":null,"Value":1015},{"Length":44,"Height":23,"Demand":2,"DemandMax":null,"Value":1012},{"Length":36,"Height":28,"Demand":1,"DemandMax":null,"Value":1008},{"Length":56,"Height":18,"Demand":2,"DemandMax":null,"Value":1008},{"Length":48,"Height":21,"Demand":1,"DemandMax":null,"Value":1008},{"Length":53,"Height":19,"Demand":4,"DemandMax":null,"Value":1007},{"Length":59,"Height":17,"Demand":1,"DemandMax":null,"Value":1003},{"Length":50,"Height":20,"Demand":1,"DemandMax":null,"Value":1000},{"Length":37,"Height":27,"Demand":2,"DemandMax":null,"Value":999},{"Length":32,"Height":31,"Demand":4,"DemandMax":null,"Value":992},{"Length":45,"Height":22,"Demand":3,"DemandMax":null,"Value":990},{"Length":33,"Height":30,"Demand":1,"DemandMax":null,"Value":990},{"Length":38,"Height":26,"Demand":2,"DemandMax":null,"Value":988},{"Length":47,"Height":21,"Demand":2,"DemandMax":null,"Value":987},{"Length":34,"Height":29,"Demand":2,"DemandMax":null,"Value":986},{"Length":41,"Height":24,"Demand":2,"DemandMax":null,"Value":984},{"Length":49,"Height":20,"Demand":2,"DemandMax":null,"Value":980},{"Length":36,"Height":27,"Demand":2,"DemandMax":null,"Value":972},{"Length":54,"Height":18,"Demand":2,"DemandMax":null,"Value":972},{"Length":51,"Height":19,"Demand":2,"DemandMax":null,"Value":969},{"Length":42,"Height":23,"Demand":3,"DemandMax":null,"Value":966},{"Length":32,"Height":30,"Demand":6,"DemandMax":null,"Value":960},{"Length":40,"Height":24,"Demand":1,"DemandMax":null,"Value":960},{"Length":56,"Height":17,"Demand":1,"DemandMax":null,"Value":952},{"Length":38,"Height":25,"Demand":1,"DemandMax":null,"Value":950},{"Length":43,"Height":22,"Demand":1,"DemandMax":null,"Value":946},{"Length":35,"Height":27,"Demand":3,"DemandMax":null,"Value":945},{"Length":41,"Height":23,"Demand":1,"DemandMax":null,"Value":943},{"Length":39,"Height":24,"Demand":5,"DemandMax":null,"Value":936},{"Length":36,"Height":26,"Demand":4,"DemandMax":null,"Value":936},{"Length":31,"Height":30,"Demand":1,"DemandMax":null,"Value":930},{"Length":58,"Height":16,"Demand":1,"DemandMax":null,"Value":928},{"Length":37,"Height":25,"Demand":1,"DemandMax":null,"Value":925},{"Length":33,"Height":28,"Demand":1,"DemandMax":null,"Value":924},{"Length":44,"Height":21,"Demand":4,"DemandMax":null,"Value":924},{"Length":42,"Height":22,"Demand":2,"DemandMax":null,"Value":924},{"Length":40,"Height":23,"Demand":4,"DemandMax":null,"Value":920},{"Length":54,"Height":17,"Demand":2,"DemandMax":null,"Value":918},{"Length":34,"Height":27,"Demand":2,"DemandMax":null,"Value":918},{"Length":57,"Height":16,"Demand":1,"DemandMax":null,"Value":912},{"Length":43,"Height":21,"Demand":2,"DemandMax":null,"Value":903},{"Length":41,"Height":22,"Demand":1,"DemandMax":null,"Value":902},{"Length":53,"Height":17,"Demand":2,"DemandMax":null,"Value":901},{"Length":36,"Height":25,"Demand":1,"DemandMax":null,"Value":900},{"Length":50,"Height":18,"Demand":2,"DemandMax":null,"Value":900},{"Length":31,"Height":29,"Demand":1,"DemandMax":null,"Value":899},{"Length":39,"Height":23,"Demand":3,"DemandMax":null,"Value":897},{"Length":32,"Height":28,"Demand":2,"DemandMax":null,"Value":896},{"Length":56,"Height":16,"Demand":2,"DemandMax":null,"Value":896},{"Length":47,"Height":19,"Demand":2,"DemandMax":null,"Value":893},{"Length":33,"Height":27,"Demand":2,"DemandMax":null,"Value":891},{"Length":42,"Height":21,"Demand":2,"DemandMax":null,"Value":882},{"Length":40,"Height":22,"Demand":2,"DemandMax":null,"Value":880},{"Length":35,"Height":25,"Demand":1,"DemandMax":null,"Value":875},{"Length":38,"Height":23,"Demand":2,"DemandMax":null,"Value":874},{"Length":46,"Height":19,"Demand":4,"DemandMax":null,"Value":874},{"Length":30,"Height":29,"Demand":3,"DemandMax":null,"Value":870},{"Length":31,"Height":28,"Demand":2,"DemandMax":null,"Value":868},{"Length":36,"Height":24,"Demand":1,"DemandMax":null,"Value":864},{"Length":41,"Height":21,"Demand":2,"DemandMax":null,"Value":861},{"Length":39,"Height":22,"Demand":3,"DemandMax":null,"Value":858},{"Length":33,"Height":26,"Demand":3,"DemandMax":null,"Value":858},{"Length":45,"Height":19,"Demand":1,"DemandMax":null,"Value":855},{"Length":37,"Height":23,"Demand":1,"DemandMax":null,"Value":851},{"Length":53,"Height":16,"Demand":2,"DemandMax":null,"Value":848},{"Length":29,"Height":29,"Demand":2,"DemandMax":null,"Value":841},{"Length":56,"Height":15,"Demand":3,"DemandMax":null,"Value":840},{"Length":35,"Height":24,"Demand":3,"DemandMax":null,"Value":840},{"Length":40,"Height":21,"Demand":5,"DemandMax":null,"Value":840},{"Length":42,"Height":20,"Demand":1,"DemandMax":null,"Value":840},{"Length":30,"Height":28,"Demand":2,"DemandMax":null,"Value":840},{"Length":31,"Height":27,"Demand":1,"DemandMax":null,"Value":837},{"Length":38,"Height":22,"Demand":3,"DemandMax":null,"Value":836},{"Length":32,"Height":26,"Demand":3,"DemandMax":null,"Value":832},{"Length":36,"Height":23,"Demand":4,"DemandMax":null,"Value":828},{"Length":46,"Height":18,"Demand":5,"DemandMax":null,"Value":828},{"Length":33,"Height":25,"Demand":1,"DemandMax":null,"Value":825},{"Length":39,"Height":21,"Demand":3,"DemandMax":null,"Value":819},{"Length":43,"Height":19,"Demand":3,"DemandMax":null,"Value":817},{"Length":48,"Height":17,"Demand":3,"DemandMax":null,"Value":816},{"Length":34,"Height":24,"Demand":2,"DemandMax":null,"Value":816},{"Length":37,"Height":22,"Demand":1,"DemandMax":null,"Value":814},{"Length":29,"Height":28,"Demand":3,"DemandMax":null,"Value":812},{"Length":31,"Height":26,"Demand":1,"DemandMax":null,"Value":806},{"Length":35,"Height":23,"Demand":1,"DemandMax":null,"Value":805},{"Length":50,"Height":16,"Demand":6,"DemandMax":null,"Value":800},{"Length":32,"Height":25,"Demand":1,"DemandMax":null,"Value":800},{"Length":42,"Height":19,"Demand":2,"DemandMax":null,"Value":798},{"Length":57,"Height":14,"Demand":2,"DemandMax":null,"Value":798},{"Length":44,"Height":18,"Demand":1,"DemandMax":null,"Value":792},{"Length":49,"Height":16,"Demand":2,"DemandMax":null,"Value":784},{"Length":29,"Height":27,"Demand":4,"DemandMax":null,"Value":783},{"Length":46,"Height":17,"Demand":1,"DemandMax":null,"Value":782},{"Length":34,"Height":23,"Demand":2,"DemandMax":null,"Value":782},{"Length":52,"Height":15,"Demand":1,"DemandMax":null,"Value":780},{"Length":39,"Height":20,"Demand":1,"DemandMax":null,"Value":780},{"Length":41,"Height":19,"Demand":1,"DemandMax":null,"Value":779},{"Length":37,"Height":21,"Demand":4,"DemandMax":null,"Value":777},{"Length":43,"Height":18,"Demand":1,"DemandMax":null,"Value":774},{"Length":35,"Height":22,"Demand":1,"DemandMax":null,"Value":770},{"Length":32,"Height":24,"Demand":4,"DemandMax":null,"Value":768},{"Length":48,"Height":16,"Demand":3,"DemandMax":null,"Value":768},{"Length":59,"Height":13,"Demand":3,"DemandMax":null,"Value":767},{"Length":45,"Height":17,"Demand":2,"DemandMax":null,"Value":765},{"Length":38,"Height":20,"Demand":4,"DemandMax":null,"Value":760},{"Length":40,"Height":19,"Demand":1,"DemandMax":null,"Value":760},{"Length":33,"Height":23,"Demand":2,"DemandMax":null,"Value":759},{"Length":58,"Height":13,"Demand":1,"DemandMax":null,"Value":754},{"Length":50,"Height":15,"Demand":4,"DemandMax":null,"Value":750},{"Length":34,"Height":22,"Demand":4,"DemandMax":null,"Value":748},{"Length":31,"Height":24,"Demand":1,"DemandMax":null,"Value":744},{"Length":53,"Height":14,"Demand":2,"DemandMax":null,"Value":742},{"Length":39,"Height":19,"Demand":2,"DemandMax":null,"Value":741},{"Length":57,"Height":13,"Demand":6,"DemandMax":null,"Value":741},{"Length":41,"Height":18,"Demand":1,"DemandMax":null,"Value":738},{"Length":46,"Height":16,"Demand":2,"DemandMax":null,"Value":736},{"Length":35,"Height":21,"Demand":1,"DemandMax":null,"Value":735},{"Length":43,"Height":17,"Demand":1,"DemandMax":null,"Value":731},{"Length":27,"Height":27,"Demand":1,"DemandMax":null,"Value":729},{"Length":56,"Height":13,"Demand":1,"DemandMax":null,"Value":728},{"Length":52,"Height":14,"Demand":2,"DemandMax":null,"Value":728},{"Length":28,"Height":26,"Demand":1,"DemandMax":null,"Value":728},{"Length":33,"Height":22,"Demand":4,"DemandMax":null,"Value":726},{"Length":29,"Height":25,"Demand":3,"DemandMax":null,"Value":725},{"Length":45,"Height":16,"Demand":2,"DemandMax":null,"Value":720},{"Length":48,"Height":15,"Demand":2,"DemandMax":null,"Value":720},{"Length":36,"Height":20,"Demand":1,"DemandMax":null,"Value":720},{"Length":55,"Height":13,"Demand":1,"DemandMax":null,"Value":715},{"Length":42,"Height":17,"Demand":2,"DemandMax":null,"Value":714},{"Length":31,"Height":23,"Demand":2,"DemandMax":null,"Value":713},{"Length":47,"Height":15,"Demand":2,"DemandMax":null,"Value":705},{"Length":32,"Height":22,"Demand":1,"DemandMax":null,"Value":704},{"Length":44,"Height":16,"Demand":2,"DemandMax":null,"Value":704},{"Length":37,"Height":19,"Demand":1,"DemandMax":null,"Value":703},{"Length":27,"Height":26,"Demand":2,"DemandMax":null,"Value":702},{"Length":39,"Height":18,"Demand":2,"DemandMax":null,"Value":702},{"Length":35,"Height":20,"Demand":3,"DemandMax":null,"Value":700},{"Length":28,"Height":25,"Demand":3,"DemandMax":null,"Value":700},{"Length":41,"Height":17,"Demand":2,"DemandMax":null,"Value":697},{"Length":29,"Height":24,"Demand":2,"DemandMax":null,"Value":696},{"Length":33,"Height":21,"Demand":2,"DemandMax":null,"Value":693},{"Length":30,"Height":23,"Demand":3,"DemandMax":null,"Value":690},{"Length":49,"Height":14,"Demand":1,"DemandMax":null,"Value":686},{"Length":38,"Height":18,"Demand":1,"DemandMax":null,"Value":684},{"Length":36,"Height":19,"Demand":3,"DemandMax":null,"Value":684},{"Length":31,"Height":22,"Demand":1,"DemandMax":null,"Value":682},{"Length":34,"Height":20,"Demand":4,"DemandMax":null,"Value":680},{"Length":40,"Height":17,"Demand":1,"DemandMax":null,"Value":680},{"Length":26,"Height":26,"Demand":2,"DemandMax":null,"Value":676},{"Length":27,"Height":25,"Demand":1,"DemandMax":null,"Value":675},{"Length":45,"Height":15,"Demand":1,"DemandMax":null,"Value":675},{"Length":32,"Height":21,"Demand":3,"DemandMax":null,"Value":672},{"Length":56,"Height":12,"Demand":5,"DemandMax":null,"Value":672},{"Length":28,"Height":24,"Demand":5,"DemandMax":null,"Value":672},{"Length":48,"Height":14,"Demand":3,"DemandMax":null,"Value":672},{"Length":29,"Height":23,"Demand":2,"DemandMax":null,"Value":667},{"Length":37,"Height":18,"Demand":2,"DemandMax":null,"Value":666},{"Length":35,"Height":19,"Demand":2,"DemandMax":null,"Value":665},{"Length":39,"Height":17,"Demand":2,"DemandMax":null,"Value":663},{"Length":30,"Height":22,"Demand":4,"DemandMax":null,"Value":660},{"Length":33,"Height":20,"Demand":2,"DemandMax":null,"Value":660},{"Length":44,"Height":15,"Demand":2,"DemandMax":null,"Value":660},{"Length":54,"Height":12,"Demand":3,"DemandMax":null,"Value":648},{"Length":36,"Height":18,"Demand":2,"DemandMax":null,"Value":648},{"Length":38,"Height":17,"Demand":2,"DemandMax":null,"Value":646},{"Length":43,"Height":15,"Demand":3,"DemandMax":null,"Value":645},{"Length":28,"Height":23,"Demand":1,"DemandMax":null,"Value":644},{"Length":46,"Height":14,"Demand":1,"DemandMax":null,"Value":644},{"Length":40,"Height":16,"Demand":1,"DemandMax":null,"Value":640},{"Length":29,"Height":22,"Demand":1,"DemandMax":null,"Value":638},{"Length":30,"Height":21,"Demand":3,"DemandMax":null,"Value":630},{"Length":42,"Height":15,"Demand":2,"DemandMax":null,"Value":630},{"Length":45,"Height":14,"Demand":3,"DemandMax":null,"Value":630},{"Length":37,"Height":17,"Demand":4,"DemandMax":null,"Value":629},{"Length":25,"Height":25,"Demand":1,"DemandMax":null,"Value":625},{"Length":39,"Height":16,"Demand":3,"DemandMax":null,"Value":624},{"Length":26,"Height":24,"Demand":8,"DemandMax":null,"Value":624},{"Length":27,"Height":23,"Demand":2,"DemandMax":null,"Value":621},{"Length":31,"Height":20,"Demand":1,"DemandMax":null,"Value":620},{"Length":56,"Height":11,"Demand":1,"DemandMax":null,"Value":616},{"Length":28,"Height":22,"Demand":1,"DemandMax":null,"Value":616},{"Length":41,"Height":15,"Demand":1,"DemandMax":null,"Value":615},{"Length":34,"Height":18,"Demand":1,"DemandMax":null,"Value":612},{"Length":51,"Height":12,"Demand":4,"DemandMax":null,"Value":612},{"Length":36,"Height":17,"Demand":4,"DemandMax":null,"Value":612},{"Length":29,"Height":21,"Demand":2,"DemandMax":null,"Value":609},{"Length":32,"Height":19,"Demand":1,"DemandMax":null,"Value":608},{"Length":55,"Height":11,"Demand":1,"DemandMax":null,"Value":605},{"Length":43,"Height":14,"Demand":2,"DemandMax":null,"Value":602},{"Length":25,"Height":24,"Demand":3,"DemandMax":null,"Value":600},{"Length":40,"Height":15,"Demand":1,"DemandMax":null,"Value":600},{"Length":30,"Height":20,"Demand":7,"DemandMax":null,"Value":600},{"Length":26,"Height":23,"Demand":2,"DemandMax":null,"Value":598},{"Length":35,"Height":17,"Demand":2,"DemandMax":null,"Value":595},{"Length":33,"Height":18,"Demand":5,"DemandMax":null,"Value":594},{"Length":27,"Height":22,"Demand":6,"DemandMax":null,"Value":594},{"Length":37,"Height":16,"Demand":3,"DemandMax":null,"Value":592},{"Length":42,"Height":14,"Demand":3,"DemandMax":null,"Value":588},{"Length":49,"Height":12,"Demand":1,"DemandMax":null,"Value":588},{"Length":28,"Height":21,"Demand":3,"DemandMax":null,"Value":588},{"Length":39,"Height":15,"Demand":4,"DemandMax":null,"Value":585},{"Length":58,"Height":10,"Demand":2,"DemandMax":null,"Value":580},{"Length":29,"Height":20,"Demand":1,"DemandMax":null,"Value":580},{"Length":34,"Height":17,"Demand":4,"DemandMax":null,"Value":578},{"Length":48,"Height":12,"Demand":5,"DemandMax":null,"Value":576},{"Length":36,"Height":16,"Demand":1,"DemandMax":null,"Value":576},{"Length":32,"Height":18,"Demand":2,"DemandMax":null,"Value":576},{"Length":25,"Height":23,"Demand":1,"DemandMax":null,"Value":575},{"Length":41,"Height":14,"Demand":5,"DemandMax":null,"Value":574},{"Length":26,"Height":22,"Demand":1,"DemandMax":null,"Value":572},{"Length":38,"Height":15,"Demand":3,"DemandMax":null,"Value":570},{"Length":30,"Height":19,"Demand":3,"DemandMax":null,"Value":570},{"Length":27,"Height":21,"Demand":3,"DemandMax":null,"Value":567},{"Length":28,"Height":20,"Demand":4,"DemandMax":null,"Value":560},{"Length":35,"Height":16,"Demand":1,"DemandMax":null,"Value":560},{"Length":31,"Height":18,"Demand":1,"DemandMax":null,"Value":558},{"Length":37,"Height":15,"Demand":2,"DemandMax":null,"Value":555},{"Length":24,"Height":23,"Demand":1,"DemandMax":null,"Value":552},{"Length":29,"Height":19,"Demand":4,"DemandMax":null,"Value":551},{"Length":25,"Height":22,"Demand":2,"DemandMax":null,"Value":550},{"Length":42,"Height":13,"Demand":6,"DemandMax":null,"Value":546},{"Length":26,"Height":21,"Demand":2,"DemandMax":null,"Value":546},{"Length":39,"Height":14,"Demand":2,"DemandMax":null,"Value":546},{"Length":32,"Height":17,"Demand":2,"DemandMax":null,"Value":544},{"Length":34,"Height":16,"Demand":4,"DemandMax":null,"Value":544},{"Length":36,"Height":15,"Demand":4,"DemandMax":null,"Value":540},{"Length":30,"Height":18,"Demand":5,"DemandMax":null,"Value":540},{"Length":54,"Height":10,"Demand":1,"DemandMax":null,"Value":540},{"Length":41,"Height":13,"Demand":2,"DemandMax":null,"Value":533},{"Length":28,"Height":19,"Demand":1,"DemandMax":null,"Value":532},{"Length":23,"Height":23,"Demand":2,"DemandMax":null,"Value":529},{"Length":48,"Height":11,"Demand":3,"DemandMax":null,"Value":528},{"Length":33,"Height":16,"Demand":3,"DemandMax":null,"Value":528},{"Length":24,"Height":22,"Demand":4,"DemandMax":null,"Value":528},{"Length":44,"Height":12,"Demand":1,"DemandMax":null,"Value":528},{"Length":31,"Height":17,"Demand":3,"DemandMax":null,"Value":527},{"Length":35,"Height":15,"Demand":1,"DemandMax":null,"Value":525},{"Length":25,"Height":21,"Demand":1,"DemandMax":null,"Value":525},{"Length":29,"Height":18,"Demand":1,"DemandMax":null,"Value":522},{"Length":40,"Height":13,"Demand":1,"DemandMax":null,"Value":520},{"Length":26,"Height":20,"Demand":1,"DemandMax":null,"Value":520},{"Length":37,"Height":14,"Demand":1,"DemandMax":null,"Value":518},{"Length":47,"Height":11,"Demand":3,"DemandMax":null,"Value":517},{"Length":32,"Height":16,"Demand":2,"DemandMax":null,"Value":512},{"Length":51,"Height":10,"Demand":2,"DemandMax":null,"Value":510},{"Length":39,"Height":13,"Demand":2,"DemandMax":null,"Value":507},{"Length":23,"Height":22,"Demand":1,"DemandMax":null,"Value":506},{"Length":46,"Height":11,"Demand":4,"DemandMax":null,"Value":506},{"Length":25,"Height":20,"Demand":5,"DemandMax":null,"Value":500},{"Length":38,"Height":13,"Demand":2,"DemandMax":null,"Value":494},{"Length":29,"Height":17,"Demand":1,"DemandMax":null,"Value":493},{"Length":22,"Height":22,"Demand":3,"DemandMax":null,"Value":484},{"Length":23,"Height":21,"Demand":3,"DemandMax":null,"Value":483},{"Length":30,"Height":16,"Demand":3,"DemandMax":null,"Value":480},{"Length":24,"Height":20,"Demand":4,"DemandMax":null,"Value":480},{"Length":28,"Height":17,"Demand":2,"DemandMax":null,"Value":476},{"Length":25,"Height":19,"Demand":1,"DemandMax":null,"Value":475},{"Length":47,"Height":10,"Demand":2,"DemandMax":null,"Value":470},{"Length":39,"Height":12,"Demand":1,"DemandMax":null,"Value":468},{"Length":31,"Height":15,"Demand":1,"DemandMax":null,"Value":465},{"Length":22,"Height":21,"Demand":2,"DemandMax":null,"Value":462},{"Length":33,"Height":14,"Demand":3,"DemandMax":null,"Value":462},{"Length":46,"Height":10,"Demand":1,"DemandMax":null,"Value":460},{"Length":24,"Height":19,"Demand":5,"DemandMax":null,"Value":456},{"Length":38,"Height":12,"Demand":4,"DemandMax":null,"Value":456},{"Length":35,"Height":13,"Demand":2,"DemandMax":null,"Value":455},{"Length":45,"Height":10,"Demand":3,"DemandMax":null,"Value":450},{"Length":30,"Height":15,"Demand":1,"DemandMax":null,"Value":450},{"Length":25,"Height":18,"Demand":2,"DemandMax":null,"Value":450},{"Length":28,"Height":16,"Demand":1,"DemandMax":null,"Value":448},{"Length":34,"Height":13,"Demand":1,"DemandMax":null,"Value":442},{"Length":26,"Height":17,"Demand":2,"DemandMax":null,"Value":442},{"Length":22,"Height":20,"Demand":1,"DemandMax":null,"Value":440},{"Length":40,"Height":11,"Demand":2,"DemandMax":null,"Value":440},{"Length":44,"Height":10,"Demand":2,"DemandMax":null,"Value":440},{"Length":23,"Height":19,"Demand":4,"DemandMax":null,"Value":437},{"Length":29,"Height":15,"Demand":1,"DemandMax":null,"Value":435},{"Length":36,"Height":12,"Demand":3,"DemandMax":null,"Value":432},{"Length":24,"Height":18,"Demand":2,"DemandMax":null,"Value":432},{"Length":27,"Height":16,"Demand":8,"DemandMax":null,"Value":432},{"Length":43,"Height":10,"Demand":2,"DemandMax":null,"Value":430},{"Length":33,"Height":13,"Demand":2,"DemandMax":null,"Value":429},{"Length":39,"Height":11,"Demand":1,"DemandMax":null,"Value":429},{"Length":25,"Height":17,"Demand":1,"DemandMax":null,"Value":425},{"Length":30,"Height":14,"Demand":3,"DemandMax":null,"Value":420},{"Length":21,"Height":20,"Demand":7,"DemandMax":null,"Value":420},{"Length":35,"Height":12,"Demand":3,"DemandMax":null,"Value":420},{"Length":22,"Height":19,"Demand":3,"DemandMax":null,"Value":418},{"Length":32,"Height":13,"Demand":1,"DemandMax":null,"Value":416},{"Length":26,"Height":16,"Demand":1,"DemandMax":null,"Value":416},{"Length":23,"Height":18,"Demand":1,"DemandMax":null,"Value":414},{"Length":24,"Height":17,"Demand":2,"DemandMax":null,"Value":408},{"Length":27,"Height":15,"Demand":3,"DemandMax":null,"Value":405},{"Length":31,"Height":13,"Demand":1,"DemandMax":null,"Value":403},{"Length":25,"Height":16,"Demand":2,"DemandMax":null,"Value":400},{"Length":28,"Height":14,"Demand":2,"DemandMax":null,"Value":392},{"Length":23,"Height":17,"Demand":2,"DemandMax":null,"Value":391},{"Length":26,"Height":15,"Demand":3,"DemandMax":null,"Value":390},{"Length":35,"Height":11,"Demand":2,"DemandMax":null,"Value":385},{"Length":24,"Height":16,"Demand":2,"DemandMax":null,"Value":384},{"Length":38,"Height":10,"Demand":1,"DemandMax":null,"Value":380},{"Length":27,"Height":14,"Demand":2,"DemandMax":null,"Value":378},{"Length":29,"Height":13,"Demand":3,"DemandMax":null,"Value":377},{"Length":25,"Height":15,"Demand":1,"DemandMax":null,"Value":375},{"Length":34,"Height":11,"Demand":2,"DemandMax":null,"Value":374},{"Length":31,"Height":12,"Demand":1,"DemandMax":null,"Value":372},{"Length":23,"Height":16,"Demand":2,"DemandMax":null,"Value":368},{"Length":28,"Height":13,"Demand":1,"DemandMax":null,"Value":364},{"Length":33,"Height":11,"Demand":1,"DemandMax":null,"Value":363},{"Length":19,"Height":19,"Demand":3,"DemandMax":null,"Value":361},{"Length":30,"Height":12,"Demand":7,"DemandMax":null,"Value":360},{"Length":24,"Height":15,"Demand":6,"DemandMax":null,"Value":360},{"Length":21,"Height":17,"Demand":1,"DemandMax":null,"Value":357},{"Length":22,"Height":16,"Demand":1,"DemandMax":null,"Value":352},{"Length":27,"Height":13,"Demand":2,"DemandMax":null,"Value":351},{"Length":25,"Height":14,"Demand":1,"DemandMax":null,"Value":350},{"Length":29,"Height":12,"Demand":1,"DemandMax":null,"Value":348},{"Length":19,"Height":18,"Demand":2,"DemandMax":null,"Value":342},{"Length":31,"Height":11,"Demand":2,"DemandMax":null,"Value":341},{"Length":34,"Height":10,"Demand":2,"DemandMax":null,"Value":340},{"Length":26,"Height":13,"Demand":2,"DemandMax":null,"Value":338},{"Length":24,"Height":14,"Demand":6,"DemandMax":null,"Value":336},{"Length":21,"Height":16,"Demand":5,"DemandMax":null,"Value":336},{"Length":28,"Height":12,"Demand":1,"DemandMax":null,"Value":336},{"Length":30,"Height":11,"Demand":1,"DemandMax":null,"Value":330},{"Length":27,"Height":12,"Demand":2,"DemandMax":null,"Value":324},{"Length":19,"Height":17,"Demand":2,"DemandMax":null,"Value":323},{"Length":23,"Height":14,"Demand":3,"DemandMax":null,"Value":322},{"Length":29,"Height":11,"Demand":2,"DemandMax":null,"Value":319},{"Length":21,"Height":15,"Demand":2,"DemandMax":null,"Value":315},{"Length":24,"Height":13,"Demand":3,"DemandMax":null,"Value":312},{"Length":26,"Height":12,"Demand":1,"DemandMax":null,"Value":312},{"Length":31,"Height":10,"Demand":2,"DemandMax":null,"Value":310},{"Length":28,"Height":11,"Demand":2,"DemandMax":null,"Value":308},{"Length":22,"Height":14,"Demand":1,"DemandMax":null,"Value":308},{"Length":18,"Height":17,"Demand":2,"DemandMax":null,"Value":306},{"Length":19,"Height":16,"Demand":1,"DemandMax":null,"Value":304},{"Length":30,"Height":10,"Demand":4,"DemandMax":null,"Value":300},{"Length":20,"Height":15,"Demand":5,"DemandMax":null,"Value":300},{"Length":25,"Height":12,"Demand":4,"DemandMax":null,"Value":300},{"Length":23,"Height":13,"Demand":2,"DemandMax":null,"Value":299},{"Length":27,"Height":11,"Demand":2,"DemandMax":null,"Value":297},{"Length":21,"Height":14,"Demand":1,"DemandMax":null,"Value":294},{"Length":29,"Height":10,"Demand":2,"DemandMax":null,"Value":290},{"Length":18,"Height":16,"Demand":7,"DemandMax":null,"Value":288},{"Length":24,"Height":12,"Demand":4,"DemandMax":null,"Value":288},{"Length":19,"Height":15,"Demand":2,"DemandMax":null,"Value":285},{"Length":20,"Height":14,"Demand":1,"DemandMax":null,"Value":280},{"Length":25,"Height":11,"Demand":1,"DemandMax":null,"Value":275},{"Length":21,"Height":13,"Demand":2,"DemandMax":null,"Value":273},{"Length":17,"Height":16,"Demand":2,"DemandMax":null,"Value":272},{"Length":27,"Height":10,"Demand":3,"DemandMax":null,"Value":270},{"Length":19,"Height":14,"Demand":5,"DemandMax":null,"Value":266},{"Length":22,"Height":12,"Demand":3,"DemandMax":null,"Value":264},{"Length":24,"Height":11,"Demand":1,"DemandMax":null,"Value":264},{"Length":26,"Height":10,"Demand":5,"DemandMax":null,"Value":260},{"Length":20,"Height":13,"Demand":2,"DemandMax":null,"Value":260},{"Length":17,"Height":15,"Demand":3,"DemandMax":null,"Value":255},{"Length":21,"Height":12,"Demand":1,"DemandMax":null,"Value":252},{"Length":17,"Height":14,"Demand":3,"DemandMax":null,"Value":238},{"Length":18,"Height":13,"Demand":1,"DemandMax":null,"Value":234},{"Length":23,"Height":10,"Demand":4,"DemandMax":null,"Value":230},{"Length":15,"Height":15,"Demand":3,"DemandMax":null,"Value":225},{"Length":16,"Height":14,"Demand":3,"DemandMax":null,"Value":224},{"Length":17,"Height":13,"Demand":1,"DemandMax":null,"Value":221},{"Length":20,"Height":11,"Demand":4,"DemandMax":null,"Value":220},{"Length":22,"Height":10,"Demand":2,"DemandMax":null,"Value":220},{"Length":18,"Height":12,"Demand":3,"DemandMax":null,"Value":216},{"Length":21,"Height":10,"Demand":6,"DemandMax":null,"Value":210},{"Length":15,"Height":14,"Demand":3,"DemandMax":null,"Value":210},{"Length":19,"Height":11,"Demand":1,"DemandMax":null,"Value":209},{"Length":16,"Height":13,"Demand":1,"DemandMax":null,"Value":208},{"Length":17,"Height":12,"Demand":1,"DemandMax":null,"Value":204},{"Length":20,"Height":10,"Demand":1,"DemandMax":null,"Value":200},{"Length":15,"Height":13,"Demand":1,"DemandMax":null,"Value":195},{"Length":16,"Height":12,"Demand":1,"DemandMax":null,"Value":192},{"Length":14,"Height":13,"Demand":2,"DemandMax":null,"Value":182},{"Length":15,"Height":12,"Demand":2,"DemandMax":null,"Value":180},{"Length":16,"Height":10,"Demand":3,"DemandMax":null,"Value":160},{"Length":14,"Height":11,"Demand":3,"DemandMax":null,"Value":154},{"Length":15,"Height":10,"Demand":3,"DemandMax":null,"Value":150}]}