{"Name":"MB08_073","Objects":[{"Length":587,"Height":233,"Stock":null,"Cost":136771}],"Items":[{"Length":59,"Height":44,"Demand":9,"DemandMax":null,"Value":2596},{"Length":58,"Height":44,"Demand":4,"DemandMax":null,"Value":2552},{"Length":53,"Height":48,"Demand":8,"DemandMax":null,"Value":2544},{"Length":55,"Height":46,"Demand":4,"DemandMax":null,"Value":2530},{"Length":51,"Height":47,"Demand":6,"DemandMax":null,"Value":2397},{"Length":59,"Height":40,"Demand":3,"DemandMax":null,"Value":2360},{"Length":51,"Height":44,"Demand":5,"DemandMax":null,"Value":2244},{"Length":49,"Height":45,"Demand":7,"DemandMax":null,"Value":2205},{"Length":56,"Height":39,"Demand":3,"DemandMax":null,"Value":2184},{"Length":56,"Height":38,"Demand":2,"DemandMax":null,"Value":2128},{"Length":59,"Height":35,"Demand":6,"DemandMax":null,"Value":2065},{"Length":59,"Height":34,"Demand":9,"DemandMax":null,"Value":2006},{"Length":53,"Height":37,"Demand":8,"DemandMax":null,"Value":1961},{"Length":49,"Height":40,"Demand":3,"DemandMax":null,"Value":1960},{"Length":44,"Height":44,"Demand":5,"DemandMax":null,"Value":1936},{"Length":48,"Height":40,"Demand":7,"DemandMax":null,"Value":1920},{"Length":45,"Height":42,"Demand":8,"DemandMax":null,"Value":1890},{"Length":50,"Height":37,"Demand":3,"DemandMax":null,"Value":1850},{"Length":47,"Height":39,"Demand":4,"DemandMax":null,"Value":1833},{"Length":57,"Height":32,"Demand":4,"DemandMax":null,"Value":1824},{"Length":46,"Height":39,"Demand":4,"DemandMax":null,"Value":1794},{"Length":52,"Height":34,"Demand":5,"DemandMax":null,"Value":1768},{"Length":50,"Height":35,"Demand":2,"DemandMax":null,"Value":1750},{"Length":47,"Height":37,"Demand":8,"DemandMax":null,"Value":1739},{"Length":51,"Height":34,"Demand":6,"DemandMax":null,"Value":1734},{"Length":44,"Height":39,"Demand":10,"DemandMax":null,"Value":1716},{"Length":52,"Height":33,"Demand":4,"DemandMax":null,"Value":1716},{"Length":46,"Height":36,"Demand":3,"DemandMax":null,"Value":1656},{"Length":60,"Height":27,"Demand":5,"DemandMax":null,"Value":1620},{"Length":46,"Height":35,"Demand":6,"DemandMax":null,"Value":1610},{"Length":47,"Height":34,"Demand":5,"DemandMax":null,"Value":1598},{"Length":57,"Height":28,"Demand":6,"DemandMax":null,"Value":1596},{"Length":55,"Height":29,"Demand":2,"DemandMax":null,"Value":1595},{"Length":48,"Height":33,"Demand":2,"DemandMax":null,"Value":1584},{"Length":46,"Height":34,"Demand":4,"DemandMax":null,"Value":1564},{"Length":42,"Height":37,"Demand":9,"DemandMax":null,"Value":1554},{"Length":47,"Height":33,"Demand":5,"DemandMax":null,"Value":1551},{"Length":43,"Height":36,"Demand":8,"DemandMax":null,"Value":1548},{"Length":44,"Height":35,"Demand":5,"DemandMax":null,"Value":1540},{"Length":48,"Height":32,"Demand":5,"DemandMax":null,"Value":1536},{"Length":45,"Height":34,"Demand":8,"DemandMax":null,"Value":1530},{"Length":49,"Height":31,"Demand":6,"DemandMax":null,"Value":1519},{"Length":41,"Height":37,"Demand":6,"DemandMax":null,"Value":1517},{"Length":43,"Height":35,"Demand":5,"DemandMax":null,"Value":1505},{"Length":45,"Height":33,"Demand":9,"DemandMax":null,"Value":1485},{"Length":53,"Height":28,"Demand":6,"DemandMax":null,"Value":1484},{"Length":41,"Height":36,"Demand":2,"DemandMax":null,"Value":1476},{"Length":46,"Height":32,"Demand":4,"DemandMax":null,"Value":1472},{"Length":47,"Height":31,"Demand":5,"DemandMax":null,"Value":1457},{"Length":59,"Height":24,"Demand":4,"DemandMax":null,"Value":1416},{"Length":39,"Height":36,"Demand":4,"DemandMax":null,"Value":1404},{"Length":56,"Height":25,"Demand":4,"DemandMax":null,"Value":1400},{"Length":58,"Height":24,"Demand":2,"DemandMax":null,"Value":1392},{"Length":49,"Height":28,"Demand":1,"DemandMax":null,"Value":1372},{"Length":39,"Height":35,"Demand":3,"DemandMax":null,"Value":1365},{"Length":44,"Height":31,"Demand":5,"DemandMax":null,"Value":1364},{"Length":59,"Height":23,"Demand":4,"DemandMax":null,"Value":1357},{"Length":45,"Height":30,"Demand":2,"DemandMax":null,"Value":1350},{"Length":37,"Height":36,"Demand":4,"DemandMax":null,"Value":1332},{"Length":38,"Height":35,"Demand":7,"DemandMax":null,"Value":1330},{"Length":49,"Height":27,"Demand":4,"DemandMax":null,"Value":1323},{"Length":41,"Height":32,"Demand":9,"DemandMax":null,"Value":1312},{"Length":39,"Height":33,"Demand":6,"DemandMax":null,"Value":1287},{"Length":44,"Height":29,"Demand":4,"DemandMax":null,"Value":1276},{"Length":49,"Height":26,"Demand":4,"DemandMax":null,"Value":1274},{"Length":53,"Height":24,"Demand":3,"DemandMax":null,"Value":1272},{"Length":46,"Height":27,"Demand":5,"DemandMax":null,"Value":1242},{"Length":59,"Height":21,"Demand":4,"DemandMax":null,"Value":1239},{"Length":36,"Height":34,"Demand":6,"DemandMax":null,"Value":1224},{"Length":43,"Height":28,"Demand":5,"DemandMax":null,"Value":1204},{"Length":52,"Height":23,"Demand":3,"DemandMax":null,"Value":1196},{"Length":35,"Height":34,"Demand":7,"DemandMax":null,"Value":1190},{"Length":49,"Height":24,"Demand":6,"DemandMax":null,"Value":1176},{"Length":39,"Height":30,"Demand":8,"DemandMax":null,"Value":1170},{"Length":45,"Height":26,"Demand":7,"DemandMax":null,"Value":1170},{"Length":43,"Height":27,"Demand":3,"DemandMax":null,"Value":1161},{"Length":40,"Height":29,"Demand":4,"DemandMax":null,"Value":1160},{"Length":35,"Height":33,"Demand":4,"DemandMax":null,"Value":1155},{"Length":36,"Height":32,"Demand":3,"DemandMax":null,"Value":1152},{"Length":41,"Height":28,"Demand":5,"DemandMax":null,"Value":1148},{"Length":37,"Height":31,"Demand":8,"DemandMax":null,"Value":1147},{"Length":44,"Height":26,"Demand":8,"DemandMax":null,"Value":1144},{"Length":38,"Height":30,"Demand":4,"DemandMax":null,"Value":1140},{"Length":47,"Height":24,"Demand":5,"DemandMax":null,"Value":1128},{"Length":56,"Height":20,"Demand":4,"DemandMax":null,"Value":1120},{"Length":43,"Height":26,"Demand":3,"DemandMax":null,"Value":1118},{"Length":37,"Height":30,"Demand":2,"DemandMax":null,"Value":1110},{"Length":48,"Height":23,"Demand":7,"DemandMax":null,"Value":1104},{"Length":50,"Height":22,"Demand":4,"DemandMax":null,"Value":1100},{"Length":34,"Height":32,"Demand":2,"DemandMax":null,"Value":1088},{"Length":35,"Height":31,"Demand":8,"DemandMax":null,"Value":1085},{"Length":54,"Height":20,"Demand":6,"DemandMax":null,"Value":1080},{"Length":36,"Height":30,"Demand":4,"DemandMax":null,"Value":1080},{"Length":49,"Height":22,"Demand":8,"DemandMax":null,"Value":1078},{"Length":37,"Height":29,"Demand":5,"DemandMax":null,"Value":1073},{"Length":59,"Height":18,"Demand":4,"DemandMax":null,"Value":1062},{"Length":46,"Height":23,"Demand":4,"DemandMax":null,"Value":1058},{"Length":39,"Height":27,"Demand":5,"DemandMax":null,"Value":1053},{"Length":35,"Height":30,"Demand":6,"DemandMax":null,"Value":1050},{"Length":40,"Height":26,"Demand":3,"DemandMax":null,"Value":1040},{"Length":37,"Height":28,"Demand":4,"DemandMax":null,"Value":1036},{"Length":38,"Height":27,"Demand":7,"DemandMax":null,"Value":1026},{"Length":41,"Height":25,"Demand":3,"DemandMax":null,"Value":1025},{"Length":35,"Height":29,"Demand":3,"DemandMax":null,"Value":1015},{"Length":39,"Height":26,"Demand":3,"DemandMax":null,"Value":1014},{"Length":44,"Height":23,"Demand":6,"DemandMax":null,"Value":1012},{"Length":40,"Height":25,"Demand":7,"DemandMax":null,"Value":1000},{"Length":37,"Height":27,"Demand":4,"DemandMax":null,"Value":999},{"Length":32,"Height":31,"Demand":2,"DemandMax":null,"Value":992},{"Length":33,"Height":30,"Demand":3,"DemandMax":null,"Value":990},{"Length":34,"Height":29,"Demand":8,"DemandMax":null,"Value":986},{"Length":41,"Height":24,"Demand":5,"DemandMax":null,"Value":984},{"Length":35,"Height":28,"Demand":4,"DemandMax":null,"Value":980},{"Length":49,"Height":20,"Demand":5,"DemandMax":null,"Value":980},{"Length":57,"Height":17,"Demand":4,"DemandMax":null,"Value":969},{"Length":33,"Height":29,"Demand":2,"DemandMax":null,"Value":957},{"Length":50,"Height":19,"Demand":5,"DemandMax":null,"Value":950},{"Length":45,"Height":21,"Demand":6,"DemandMax":null,"Value":945},{"Length":35,"Height":27,"Demand":4,"DemandMax":null,"Value":945},{"Length":36,"Height":26,"Demand":6,"DemandMax":null,"Value":936},{"Length":39,"Height":24,"Demand":2,"DemandMax":null,"Value":936},{"Length":31,"Height":30,"Demand":6,"DemandMax":null,"Value":930},{"Length":37,"Height":25,"Demand":4,"DemandMax":null,"Value":925},{"Length":42,"Height":22,"Demand":1,"DemandMax":null,"Value":924},{"Length":46,"Height":20,"Demand":8,"DemandMax":null,"Value":920},{"Length":51,"Height":18,"Demand":3,"DemandMax":null,"Value":918},{"Length":31,"Height":29,"Demand":3,"DemandMax":null,"Value":899},{"Length":37,"Height":24,"Demand":4,"DemandMax":null,"Value":888},{"Length":38,"Height":23,"Demand":4,"DemandMax":null,"Value":874},{"Length":51,"Height":17,"Demand":5,"DemandMax":null,"Value":867},{"Length":54,"Height":16,"Demand":9,"DemandMax":null,"Value":864},{"Length":43,"Height":20,"Demand":6,"DemandMax":null,"Value":860},{"Length":33,"Height":26,"Demand":8,"DemandMax":null,"Value":858},{"Length":45,"Height":19,"Demand":4,"DemandMax":null,"Value":855},{"Length":37,"Height":23,"Demand":5,"DemandMax":null,"Value":851},{"Length":34,"Height":25,"Demand":6,"DemandMax":null,"Value":850},{"Length":31,"Height":27,"Demand":6,"DemandMax":null,"Value":837},{"Length":36,"Height":23,"Demand":4,"DemandMax":null,"Value":828},{"Length":33,"Height":25,"Demand":5,"DemandMax":null,"Value":825},{"Length":29,"Height":28,"Demand":4,"DemandMax":null,"Value":812},{"Length":31,"Height":26,"Demand":3,"DemandMax":null,"Value":806},{"Length":35,"Height":23,"Demand":7,"DemandMax":null,"Value":805},{"Length":56,"Height":14,"Demand":7,"DemandMax":null,"Value":784},{"Length":49,"Height":16,"Demand":5,"DemandMax":null,"Value":784},{"Length":39,"Height":20,"Demand":4,"DemandMax":null,"Value":780},{"Length":31,"Height":25,"Demand":2,"DemandMax":null,"Value":775},{"Length":43,"Height":18,"Demand":7,"DemandMax":null,"Value":774},{"Length":55,"Height":14,"Demand":2,"DemandMax":null,"Value":770},{"Length":40,"Height":19,"Demand":6,"DemandMax":null,"Value":760},{"Length":38,"Height":20,"Demand":5,"DemandMax":null,"Value":760},{"Length":33,"Height":23,"Demand":6,"DemandMax":null,"Value":759},{"Length":47,"Height":16,"Demand":4,"DemandMax":null,"Value":752},{"Length":30,"Height":25,"Demand":4,"DemandMax":null,"Value":750},{"Length":31,"Height":24,"Demand":3,"DemandMax":null,"Value":744},{"Length":49,"Height":15,"Demand":7,"DemandMax":null,"Value":735},{"Length":38,"Height":19,"Demand":4,"DemandMax":null,"Value":722},{"Length":36,"Height":20,"Demand":5,"DemandMax":null,"Value":720},{"Length":30,"Height":24,"Demand":3,"DemandMax":null,"Value":720},{"Length":48,"Height":15,"Demand":8,"DemandMax":null,"Value":720},{"Length":35,"Height":20,"Demand":8,"DemandMax":null,"Value":700},{"Length":41,"Height":17,"Demand":3,"DemandMax":null,"Value":697},{"Length":33,"Height":21,"Demand":5,"DemandMax":null,"Value":693},{"Length":30,"Height":23,"Demand":7,"DemandMax":null,"Value":690},{"Length":43,"Height":16,"Demand":7,"DemandMax":null,"Value":688},{"Length":38,"Height":18,"Demand":8,"DemandMax":null,"Value":684},{"Length":28,"Height":24,"Demand":3,"DemandMax":null,"Value":672},{"Length":29,"Height":23,"Demand":3,"DemandMax":null,"Value":667},{"Length":37,"Height":18,"Demand":5,"DemandMax":null,"Value":666},{"Length":33,"Height":20,"Demand":9,"DemandMax":null,"Value":660},{"Length":26,"Height":25,"Demand":10,"DemandMax":null,"Value":650},{"Length":50,"Height":13,"Demand":3,"DemandMax":null,"Value":650},{"Length":36,"Height":18,"Demand":5,"DemandMax":null,"Value":648},{"Length":33,"Height":19,"Demand":4,"DemandMax":null,"Value":627},{"Length":39,"Height":16,"Demand":2,"DemandMax":null,"Value":624},{"Length":27,"Height":23,"Demand":5,"DemandMax":null,"Value":621},{"Length":31,"Height":20,"Demand":6,"DemandMax":null,"Value":620},{"Length":28,"Height":22,"Demand":3,"DemandMax":null,"Value":616},{"Length":56,"Height":11,"Demand":4,"DemandMax":null,"Value":616},{"Length":34,"Height":18,"Demand":2,"DemandMax":null,"Value":612},{"Length":36,"Height":17,"Demand":4,"DemandMax":null,"Value":612},{"Length":29,"Height":21,"Demand":3,"DemandMax":null,"Value":609},{"Length":32,"Height":19,"Demand":6,"DemandMax":null,"Value":608},{"Length":40,"Height":15,"Demand":6,"DemandMax":null,"Value":600},{"Length":25,"Height":24,"Demand":5,"DemandMax":null,"Value":600},{"Length":37,"Height":16,"Demand":2,"DemandMax":null,"Value":592},{"Length":31,"Height":19,"Demand":4,"DemandMax":null,"Value":589},{"Length":49,"Height":12,"Demand":7,"DemandMax":null,"Value":588},{"Length":36,"Height":16,"Demand":6,"DemandMax":null,"Value":576},{"Length":25,"Height":23,"Demand":8,"DemandMax":null,"Value":575},{"Length":30,"Height":19,"Demand":5,"DemandMax":null,"Value":570},{"Length":35,"Height":16,"Demand":8,"DemandMax":null,"Value":560},{"Length":28,"Height":20,"Demand":7,"DemandMax":null,"Value":560},{"Length":29,"Height":19,"Demand":9,"DemandMax":null,"Value":551},{"Length":25,"Height":22,"Demand":9,"DemandMax":null,"Value":550},{"Length":32,"Height":17,"Demand":3,"DemandMax":null,"Value":544},{"Length":34,"Height":16,"Demand":5,"DemandMax":null,"Value":544},{"Length":27,"Height":20,"Demand":13,"DemandMax":null,"Value":540},{"Length":45,"Height":12,"Demand":3,"DemandMax":null,"Value":540},{"Length":36,"Height":15,"Demand":8,"DemandMax":null,"Value":540},{"Length":41,"Height":13,"Demand":2,"DemandMax":null,"Value":533},{"Length":33,"Height":16,"Demand":7,"DemandMax":null,"Value":528},{"Length":27,"Height":19,"Demand":4,"DemandMax":null,"Value":513},{"Length":34,"Height":15,"Demand":5,"DemandMax":null,"Value":510},{"Length":39,"Height":13,"Demand":3,"DemandMax":null,"Value":507},{"Length":23,"Height":22,"Demand":12,"DemandMax":null,"Value":506},{"Length":46,"Height":11,"Demand":4,"DemandMax":null,"Value":506},{"Length":28,"Height":18,"Demand":7,"DemandMax":null,"Value":504},{"Length":33,"Height":15,"Demand":4,"DemandMax":null,"Value":495},{"Length":38,"Height":13,"Demand":3,"DemandMax":null,"Value":494},{"Length":35,"Height":14,"Demand":5,"DemandMax":null,"Value":490},{"Length":27,"Height":18,"Demand":3,"DemandMax":null,"Value":486},{"Length":44,"Height":11,"Demand":2,"DemandMax":null,"Value":484},{"Length":37,"Height":13,"Demand":3,"DemandMax":null,"Value":481},{"Length":40,"Height":12,"Demand":8,"DemandMax":null,"Value":480},{"Length":30,"Height":16,"Demand":6,"DemandMax":null,"Value":480},{"Length":32,"Height":15,"Demand":2,"DemandMax":null,"Value":480},{"Length":34,"Height":14,"Demand":2,"DemandMax":null,"Value":476},{"Length":26,"Height":18,"Demand":6,"DemandMax":null,"Value":468},{"Length":31,"Height":15,"Demand":5,"DemandMax":null,"Value":465},{"Length":23,"Height":20,"Demand":5,"DemandMax":null,"Value":460},{"Length":35,"Height":13,"Demand":5,"DemandMax":null,"Value":455},{"Length":30,"Height":15,"Demand":7,"DemandMax":null,"Value":450},{"Length":34,"Height":13,"Demand":5,"DemandMax":null,"Value":442},{"Length":21,"Height":21,"Demand":4,"DemandMax":null,"Value":441},{"Length":44,"Height":10,"Demand":6,"DemandMax":null,"Value":440},{"Length":40,"Height":11,"Demand":3,"DemandMax":null,"Value":440},{"Length":23,"Height":19,"Demand":2,"DemandMax":null,"Value":437},{"Length":43,"Height":10,"Demand":8,"DemandMax":null,"Value":430},{"Length":22,"Height":19,"Demand":7,"DemandMax":null,"Value":418},{"Length":32,"Height":13,"Demand":9,"DemandMax":null,"Value":416},{"Length":26,"Height":16,"Demand":4,"DemandMax":null,"Value":416},{"Length":37,"Height":11,"Demand":4,"DemandMax":null,"Value":407},{"Length":31,"Height":13,"Demand":3,"DemandMax":null,"Value":403},{"Length":20,"Height":20,"Demand":5,"DemandMax":null,"Value":400},{"Length":36,"Height":11,"Demand":4,"DemandMax":null,"Value":396},{"Length":30,"Height":13,"Demand":4,"DemandMax":null,"Value":390},{"Length":26,"Height":15,"Demand":3,"DemandMax":null,"Value":390},{"Length":24,"Height":16,"Demand":4,"DemandMax":null,"Value":384},{"Length":25,"Height":15,"Demand":7,"DemandMax":null,"Value":375},{"Length":23,"Height":16,"Demand":7,"DemandMax":null,"Value":368},{"Length":20,"Height":18,"Demand":10,"DemandMax":null,"Value":360},{"Length":25,"Height":14,"Demand":4,"DemandMax":null,"Value":350},{"Length":19,"Height":18,"Demand":8,"DemandMax":null,"Value":342},{"Length":28,"Height":12,"Demand":4,"DemandMax":null,"Value":336},{"Length":22,"Height":15,"Demand":6,"DemandMax":null,"Value":330},{"Length":27,"Height":12,"Demand":8,"DemandMax":null,"Value":324},{"Length":18,"Height":17,"Demand":7,"DemandMax":null,"Value":306},{"Length":25,"Height":12,"Demand":4,"DemandMax":null,"Value":300},{"Length":24,"Height":12,"Demand":5,"DemandMax":null,"Value":288},{"Length":19,"Height":15,"Demand":9,"DemandMax":null,"Value":285},{"Length":21,"Height":13,"Demand":5,"DemandMax":null,"Value":273},{"Length":24,"Height":11,"Demand":4,"DemandMax":null,"Value":264},{"Length":20,"Height":13,"Demand":8,"DemandMax":null,"Value":260},{"Length":17,"Height":15,"Demand":7,"DemandMax":null,"Value":255},{"Length":18,"Height":14,"Demand":4,"DemandMax":null,"Value":252},{"Length":21,"Height":12,"Demand":4,"DemandMax":null,"Value":252},{"Length":16,"Height":15,"Demand":5,"DemandMax":null,"Value":240},{"Length":18,"Height":13,"Demand":6,"DemandMax":null,"Value":234},{"Length":15,"Height":14,"Demand":4,"DemandMax":null,"Value":210},{"Length":15,"Height":13,"Demand":5,"DemandMax":null,"Value":195}]}