{"Name":"MB09_031","Objects":[{"Length":432,"Height":79,"Stock":null,"Cost":34128}],"Items":[{"Length":60,"Height":49,"Demand":143,"DemandMax":null,"Value":2940},{"Length":55,"Height":24,"Demand":143,"DemandMax":null,"Value":1320},{"Length":46,"Height":27,"Demand":153,"DemandMax":null,"Value":1242},{"Length":36,"Height":23,"Demand":140,"DemandMax":null,"Value":828},{"Length":55,"Height":12,"Demand":134,"DemandMax":null,"Value":660},{"Length":42,"Height":15,"Demand":152,"DemandMax":null,"Value":630},{"Length":38,"Height":15,"Demand":135,"DemandMax":null,"Value":570},{"Length":40,"Height":14,"Demand":125,"DemandMax":null,"Value":560},{"Length":33,"Height":15,"Demand":141,"DemandMax":null,"Value":495},{"Length":16,"Height":12,"Demand":128,"DemandMax":null,"Value":192}]}