{"Name":"MB08_141","Objects":[{"Length":587,"Height":233,"Stock":null,"Cost":136771}],"Items":[{"Length":60,"Height":49,"Demand":4,"DemandMax":null,"Value":2940},{"Length":59,"Height":49,"Demand":1,"DemandMax":null,"Value":2891},{"Length":59,"Height":48,"Demand":2,"DemandMax":null,"Value":2832},{"Length":60,"Height":47,"Demand":3,"DemandMax":null,"Value":2820},{"Length":59,"Height":44,"Demand":2,"DemandMax":null,"Value":2596},{"Length":57,"Height":45,"Demand":2,"DemandMax":null,"Value":2565},{"Length":57,"Height":44,"Demand":3,"DemandMax":null,"Value":2508},{"Length":50,"Height":50,"Demand":1,"DemandMax":null,"Value":2500},{"Length":53,"Height":47,"Demand":1,"DemandMax":null,"Value":2491},{"Length":59,"Height":42,"Demand":1,"DemandMax":null,"Value":2478},{"Length":51,"Height":48,"Demand":2,"DemandMax":null,"Value":2448},{"Length":58,"Height":42,"Demand":1,"DemandMax":null,"Value":2436},{"Length":49,"Height":49,"Demand":1,"DemandMax":null,"Value":2401},{"Length":59,"Height":40,"Demand":2,"DemandMax":null,"Value":2360},{"Length":49,"Height":48,"Demand":2,"DemandMax":null,"Value":2352},{"Length":60,"Height":38,"Demand":2,"DemandMax":null,"Value":2280},{"Length":58,"Height":39,"Demand":3,"DemandMax":null,"Value":2262},{"Length":49,"Height":46,"Demand":4,"DemandMax":null,"Value":2254},{"Length":59,"Height":38,"Demand":2,"DemandMax":null,"Value":2242},{"Length":48,"Height":46,"Demand":4,"DemandMax":null,"Value":2208},{"Length":49,"Height":45,"Demand":1,"DemandMax":null,"Value":2205},{"Length":58,"Height":38,"Demand":1,"DemandMax":null,"Value":2204},{"Length":50,"Height":44,"Demand":2,"DemandMax":null,"Value":2200},{"Length":56,"Height":39,"Demand":1,"DemandMax":null,"Value":2184},{"Length":58,"Height":37,"Demand":1,"DemandMax":null,"Value":2146},{"Length":57,"Height":37,"Demand":1,"DemandMax":null,"Value":2109},{"Length":49,"Height":43,"Demand":2,"DemandMax":null,"Value":2107},{"Length":56,"Height":37,"Demand":1,"DemandMax":null,"Value":2072},{"Length":53,"Height":39,"Demand":1,"DemandMax":null,"Value":2067},{"Length":54,"Height":38,"Demand":1,"DemandMax":null,"Value":2052},{"Length":60,"Height":34,"Demand":2,"DemandMax":null,"Value":2040},{"Length":55,"Height":37,"Demand":4,"DemandMax":null,"Value":2035},{"Length":52,"Height":39,"Demand":2,"DemandMax":null,"Value":2028},{"Length":56,"Height":36,"Demand":3,"DemandMax":null,"Value":2016},{"Length":50,"Height":40,"Demand":1,"DemandMax":null,"Value":2000},{"Length":51,"Height":39,"Demand":3,"DemandMax":null,"Value":1989},{"Length":46,"Height":43,"Demand":1,"DemandMax":null,"Value":1978},{"Length":48,"Height":41,"Demand":3,"DemandMax":null,"Value":1968},{"Length":59,"Height":33,"Demand":2,"DemandMax":null,"Value":1947},{"Length":57,"Height":34,"Demand":2,"DemandMax":null,"Value":1938},{"Length":45,"Height":43,"Demand":1,"DemandMax":null,"Value":1935},{"Length":47,"Height":41,"Demand":2,"DemandMax":null,"Value":1927},{"Length":55,"Height":35,"Demand":2,"DemandMax":null,"Value":1925},{"Length":48,"Height":40,"Demand":2,"DemandMax":null,"Value":1920},{"Length":56,"Height":34,"Demand":1,"DemandMax":null,"Value":1904},{"Length":59,"Height":32,"Demand":1,"DemandMax":null,"Value":1888},{"Length":57,"Height":33,"Demand":2,"DemandMax":null,"Value":1881},{"Length":47,"Height":40,"Demand":2,"DemandMax":null,"Value":1880},{"Length":55,"Height":34,"Demand":1,"DemandMax":null,"Value":1870},{"Length":53,"Height":35,"Demand":3,"DemandMax":null,"Value":1855},{"Length":50,"Height":37,"Demand":2,"DemandMax":null,"Value":1850},{"Length":44,"Height":42,"Demand":1,"DemandMax":null,"Value":1848},{"Length":45,"Height":41,"Demand":2,"DemandMax":null,"Value":1845},{"Length":48,"Height":38,"Demand":1,"DemandMax":null,"Value":1824},{"Length":52,"Height":35,"Demand":1,"DemandMax":null,"Value":1820},{"Length":49,"Height":37,"Demand":2,"DemandMax":null,"Value":1813},{"Length":43,"Height":42,"Demand":2,"DemandMax":null,"Value":1806},{"Length":45,"Height":40,"Demand":1,"DemandMax":null,"Value":1800},{"Length":60,"Height":30,"Demand":2,"DemandMax":null,"Value":1800},{"Length":58,"Height":31,"Demand":2,"DemandMax":null,"Value":1798},{"Length":46,"Height":39,"Demand":1,"DemandMax":null,"Value":1794},{"Length":51,"Height":35,"Demand":1,"DemandMax":null,"Value":1785},{"Length":42,"Height":42,"Demand":1,"DemandMax":null,"Value":1764},{"Length":49,"Height":36,"Demand":1,"DemandMax":null,"Value":1764},{"Length":43,"Height":41,"Demand":3,"DemandMax":null,"Value":1763},{"Length":44,"Height":40,"Demand":2,"DemandMax":null,"Value":1760},{"Length":50,"Height":35,"Demand":3,"DemandMax":null,"Value":1750},{"Length":46,"Height":38,"Demand":2,"DemandMax":null,"Value":1748},{"Length":58,"Height":30,"Demand":2,"DemandMax":null,"Value":1740},{"Length":47,"Height":37,"Demand":1,"DemandMax":null,"Value":1739},{"Length":54,"Height":32,"Demand":2,"DemandMax":null,"Value":1728},{"Length":48,"Height":36,"Demand":1,"DemandMax":null,"Value":1728},{"Length":44,"Height":39,"Demand":1,"DemandMax":null,"Value":1716},{"Length":59,"Height":29,"Demand":1,"DemandMax":null,"Value":1711},{"Length":45,"Height":38,"Demand":4,"DemandMax":null,"Value":1710},{"Length":57,"Height":30,"Demand":3,"DemandMax":null,"Value":1710},{"Length":51,"Height":33,"Demand":2,"DemandMax":null,"Value":1683},{"Length":41,"Height":41,"Demand":1,"DemandMax":null,"Value":1681},{"Length":52,"Height":32,"Demand":2,"DemandMax":null,"Value":1664},{"Length":47,"Height":35,"Demand":1,"DemandMax":null,"Value":1645},{"Length":41,"Height":40,"Demand":2,"DemandMax":null,"Value":1640},{"Length":42,"Height":39,"Demand":1,"DemandMax":null,"Value":1638},{"Length":43,"Height":38,"Demand":1,"DemandMax":null,"Value":1634},{"Length":48,"Height":34,"Demand":1,"DemandMax":null,"Value":1632},{"Length":51,"Height":32,"Demand":3,"DemandMax":null,"Value":1632},{"Length":58,"Height":28,"Demand":4,"DemandMax":null,"Value":1624},{"Length":45,"Height":36,"Demand":2,"DemandMax":null,"Value":1620},{"Length":46,"Height":35,"Demand":2,"DemandMax":null,"Value":1610},{"Length":40,"Height":40,"Demand":1,"DemandMax":null,"Value":1600},{"Length":41,"Height":39,"Demand":1,"DemandMax":null,"Value":1599},{"Length":53,"Height":30,"Demand":1,"DemandMax":null,"Value":1590},{"Length":48,"Height":33,"Demand":3,"DemandMax":null,"Value":1584},{"Length":45,"Height":35,"Demand":1,"DemandMax":null,"Value":1575},{"Length":56,"Height":28,"Demand":1,"DemandMax":null,"Value":1568},{"Length":49,"Height":32,"Demand":1,"DemandMax":null,"Value":1568},{"Length":54,"Height":29,"Demand":1,"DemandMax":null,"Value":1566},{"Length":58,"Height":27,"Demand":3,"DemandMax":null,"Value":1566},{"Length":40,"Height":39,"Demand":2,"DemandMax":null,"Value":1560},{"Length":41,"Height":38,"Demand":3,"DemandMax":null,"Value":1558},{"Length":42,"Height":37,"Demand":1,"DemandMax":null,"Value":1554},{"Length":47,"Height":33,"Demand":2,"DemandMax":null,"Value":1551},{"Length":50,"Height":31,"Demand":2,"DemandMax":null,"Value":1550},{"Length":45,"Height":34,"Demand":2,"DemandMax":null,"Value":1530},{"Length":40,"Height":38,"Demand":1,"DemandMax":null,"Value":1520},{"Length":46,"Height":33,"Demand":1,"DemandMax":null,"Value":1518},{"Length":41,"Height":37,"Demand":1,"DemandMax":null,"Value":1517},{"Length":56,"Height":27,"Demand":1,"DemandMax":null,"Value":1512},{"Length":42,"Height":36,"Demand":4,"DemandMax":null,"Value":1512},{"Length":54,"Height":28,"Demand":2,"DemandMax":null,"Value":1512},{"Length":58,"Height":26,"Demand":1,"DemandMax":null,"Value":1508},{"Length":43,"Height":35,"Demand":1,"DemandMax":null,"Value":1505},{"Length":48,"Height":31,"Demand":2,"DemandMax":null,"Value":1488},{"Length":45,"Height":33,"Demand":1,"DemandMax":null,"Value":1485},{"Length":53,"Height":28,"Demand":3,"DemandMax":null,"Value":1484},{"Length":39,"Height":38,"Demand":1,"DemandMax":null,"Value":1482},{"Length":57,"Height":26,"Demand":2,"DemandMax":null,"Value":1482},{"Length":40,"Height":37,"Demand":3,"DemandMax":null,"Value":1480},{"Length":51,"Height":29,"Demand":2,"DemandMax":null,"Value":1479},{"Length":41,"Height":36,"Demand":2,"DemandMax":null,"Value":1476},{"Length":56,"Height":26,"Demand":4,"DemandMax":null,"Value":1456},{"Length":52,"Height":28,"Demand":1,"DemandMax":null,"Value":1456},{"Length":44,"Height":33,"Demand":2,"DemandMax":null,"Value":1452},{"Length":50,"Height":29,"Demand":2,"DemandMax":null,"Value":1450},{"Length":48,"Height":30,"Demand":4,"DemandMax":null,"Value":1440},{"Length":45,"Height":32,"Demand":2,"DemandMax":null,"Value":1440},{"Length":41,"Height":35,"Demand":2,"DemandMax":null,"Value":1435},{"Length":46,"Height":31,"Demand":1,"DemandMax":null,"Value":1426},{"Length":49,"Height":29,"Demand":2,"DemandMax":null,"Value":1421},{"Length":59,"Height":24,"Demand":3,"DemandMax":null,"Value":1416},{"Length":47,"Height":30,"Demand":1,"DemandMax":null,"Value":1410},{"Length":44,"Height":32,"Demand":1,"DemandMax":null,"Value":1408},{"Length":38,"Height":37,"Demand":2,"DemandMax":null,"Value":1406},{"Length":54,"Height":26,"Demand":1,"DemandMax":null,"Value":1404},{"Length":39,"Height":36,"Demand":2,"DemandMax":null,"Value":1404},{"Length":56,"Height":25,"Demand":3,"DemandMax":null,"Value":1400},{"Length":40,"Height":35,"Demand":1,"DemandMax":null,"Value":1400},{"Length":50,"Height":28,"Demand":1,"DemandMax":null,"Value":1400},{"Length":41,"Height":34,"Demand":2,"DemandMax":null,"Value":1394},{"Length":48,"Height":29,"Demand":5,"DemandMax":null,"Value":1392},{"Length":58,"Height":24,"Demand":2,"DemandMax":null,"Value":1392},{"Length":51,"Height":27,"Demand":1,"DemandMax":null,"Value":1377},{"Length":43,"Height":32,"Demand":4,"DemandMax":null,"Value":1376},{"Length":49,"Height":28,"Demand":2,"DemandMax":null,"Value":1372},{"Length":37,"Height":37,"Demand":1,"DemandMax":null,"Value":1369},{"Length":39,"Height":35,"Demand":1,"DemandMax":null,"Value":1365},{"Length":44,"Height":31,"Demand":4,"DemandMax":null,"Value":1364},{"Length":47,"Height":29,"Demand":4,"DemandMax":null,"Value":1363},{"Length":52,"Height":26,"Demand":2,"DemandMax":null,"Value":1352},{"Length":45,"Height":30,"Demand":3,"DemandMax":null,"Value":1350},{"Length":54,"Height":25,"Demand":3,"DemandMax":null,"Value":1350},{"Length":48,"Height":28,"Demand":1,"DemandMax":null,"Value":1344},{"Length":46,"Height":29,"Demand":2,"DemandMax":null,"Value":1334},{"Length":58,"Height":23,"Demand":2,"DemandMax":null,"Value":1334},{"Length":38,"Height":35,"Demand":1,"DemandMax":null,"Value":1330},{"Length":39,"Height":34,"Demand":1,"DemandMax":null,"Value":1326},{"Length":49,"Height":27,"Demand":2,"DemandMax":null,"Value":1323},{"Length":44,"Height":30,"Demand":1,"DemandMax":null,"Value":1320},{"Length":47,"Height":28,"Demand":2,"DemandMax":null,"Value":1316},{"Length":41,"Height":32,"Demand":3,"DemandMax":null,"Value":1312},{"Length":45,"Height":29,"Demand":3,"DemandMax":null,"Value":1305},{"Length":50,"Height":26,"Demand":1,"DemandMax":null,"Value":1300},{"Length":37,"Height":35,"Demand":2,"DemandMax":null,"Value":1295},{"Length":38,"Height":34,"Demand":1,"DemandMax":null,"Value":1292},{"Length":43,"Height":30,"Demand":2,"DemandMax":null,"Value":1290},{"Length":39,"Height":33,"Demand":2,"DemandMax":null,"Value":1287},{"Length":44,"Height":29,"Demand":4,"DemandMax":null,"Value":1276},{"Length":51,"Height":25,"Demand":2,"DemandMax":null,"Value":1275},{"Length":49,"Height":26,"Demand":3,"DemandMax":null,"Value":1274},{"Length":53,"Height":24,"Demand":4,"DemandMax":null,"Value":1272},{"Length":41,"Height":31,"Demand":1,"DemandMax":null,"Value":1271},{"Length":47,"Height":27,"Demand":3,"DemandMax":null,"Value":1269},{"Length":42,"Height":30,"Demand":1,"DemandMax":null,"Value":1260},{"Length":45,"Height":28,"Demand":3,"DemandMax":null,"Value":1260},{"Length":37,"Height":34,"Demand":4,"DemandMax":null,"Value":1258},{"Length":39,"Height":32,"Demand":1,"DemandMax":null,"Value":1248},{"Length":46,"Height":27,"Demand":3,"DemandMax":null,"Value":1242},{"Length":54,"Height":23,"Demand":3,"DemandMax":null,"Value":1242},{"Length":40,"Height":31,"Demand":1,"DemandMax":null,"Value":1240},{"Length":49,"Height":25,"Demand":1,"DemandMax":null,"Value":1225},{"Length":36,"Height":34,"Demand":3,"DemandMax":null,"Value":1224},{"Length":51,"Height":24,"Demand":2,"DemandMax":null,"Value":1224},{"Length":47,"Height":26,"Demand":2,"DemandMax":null,"Value":1222},{"Length":37,"Height":33,"Demand":1,"DemandMax":null,"Value":1221},{"Length":42,"Height":29,"Demand":1,"DemandMax":null,"Value":1218},{"Length":58,"Height":21,"Demand":2,"DemandMax":null,"Value":1218},{"Length":38,"Height":32,"Demand":2,"DemandMax":null,"Value":1216},{"Length":55,"Height":22,"Demand":1,"DemandMax":null,"Value":1210},{"Length":39,"Height":31,"Demand":1,"DemandMax":null,"Value":1209},{"Length":43,"Height":28,"Demand":1,"DemandMax":null,"Value":1204},{"Length":35,"Height":34,"Demand":1,"DemandMax":null,"Value":1190},{"Length":41,"Height":29,"Demand":3,"DemandMax":null,"Value":1189},{"Length":36,"Height":33,"Demand":2,"DemandMax":null,"Value":1188},{"Length":37,"Height":32,"Demand":1,"DemandMax":null,"Value":1184},{"Length":59,"Height":20,"Demand":2,"DemandMax":null,"Value":1180},{"Length":38,"Height":31,"Demand":2,"DemandMax":null,"Value":1178},{"Length":49,"Height":24,"Demand":1,"DemandMax":null,"Value":1176},{"Length":42,"Height":28,"Demand":1,"DemandMax":null,"Value":1176},{"Length":39,"Height":30,"Demand":1,"DemandMax":null,"Value":1170},{"Length":43,"Height":27,"Demand":1,"DemandMax":null,"Value":1161},{"Length":40,"Height":29,"Demand":1,"DemandMax":null,"Value":1160},{"Length":35,"Height":33,"Demand":1,"DemandMax":null,"Value":1155},{"Length":55,"Height":21,"Demand":1,"DemandMax":null,"Value":1155},{"Length":36,"Height":32,"Demand":1,"DemandMax":null,"Value":1152},{"Length":48,"Height":24,"Demand":2,"DemandMax":null,"Value":1152},{"Length":46,"Height":25,"Demand":2,"DemandMax":null,"Value":1150},{"Length":41,"Height":28,"Demand":1,"DemandMax":null,"Value":1148},{"Length":37,"Height":31,"Demand":2,"DemandMax":null,"Value":1147},{"Length":44,"Height":26,"Demand":2,"DemandMax":null,"Value":1144},{"Length":39,"Height":29,"Demand":2,"DemandMax":null,"Value":1131},{"Length":47,"Height":24,"Demand":3,"DemandMax":null,"Value":1128},{"Length":49,"Height":23,"Demand":2,"DemandMax":null,"Value":1127},{"Length":45,"Height":25,"Demand":2,"DemandMax":null,"Value":1125},{"Length":34,"Height":33,"Demand":6,"DemandMax":null,"Value":1122},{"Length":51,"Height":22,"Demand":3,"DemandMax":null,"Value":1122},{"Length":59,"Height":19,"Demand":2,"DemandMax":null,"Value":1121},{"Length":36,"Height":31,"Demand":1,"DemandMax":null,"Value":1116},{"Length":37,"Height":30,"Demand":1,"DemandMax":null,"Value":1110},{"Length":58,"Height":19,"Demand":2,"DemandMax":null,"Value":1102},{"Length":38,"Height":29,"Demand":2,"DemandMax":null,"Value":1102},{"Length":44,"Height":25,"Demand":3,"DemandMax":null,"Value":1100},{"Length":39,"Height":28,"Demand":2,"DemandMax":null,"Value":1092},{"Length":52,"Height":21,"Demand":2,"DemandMax":null,"Value":1092},{"Length":33,"Height":33,"Demand":2,"DemandMax":null,"Value":1089},{"Length":35,"Height":31,"Demand":3,"DemandMax":null,"Value":1085},{"Length":47,"Height":23,"Demand":1,"DemandMax":null,"Value":1081},{"Length":36,"Height":30,"Demand":1,"DemandMax":null,"Value":1080},{"Length":40,"Height":27,"Demand":2,"DemandMax":null,"Value":1080},{"Length":54,"Height":20,"Demand":1,"DemandMax":null,"Value":1080},{"Length":49,"Height":22,"Demand":1,"DemandMax":null,"Value":1078},{"Length":37,"Height":29,"Demand":1,"DemandMax":null,"Value":1073},{"Length":41,"Height":26,"Demand":2,"DemandMax":null,"Value":1066},{"Length":38,"Height":28,"Demand":1,"DemandMax":null,"Value":1064},{"Length":56,"Height":19,"Demand":2,"DemandMax":null,"Value":1064},{"Length":59,"Height":18,"Demand":2,"DemandMax":null,"Value":1062},{"Length":53,"Height":20,"Demand":1,"DemandMax":null,"Value":1060},{"Length":46,"Height":23,"Demand":2,"DemandMax":null,"Value":1058},{"Length":33,"Height":32,"Demand":2,"DemandMax":null,"Value":1056},{"Length":39,"Height":27,"Demand":1,"DemandMax":null,"Value":1053},{"Length":42,"Height":25,"Demand":2,"DemandMax":null,"Value":1050},{"Length":35,"Height":30,"Demand":1,"DemandMax":null,"Value":1050},{"Length":55,"Height":19,"Demand":4,"DemandMax":null,"Value":1045},{"Length":36,"Height":29,"Demand":2,"DemandMax":null,"Value":1044},{"Length":58,"Height":18,"Demand":3,"DemandMax":null,"Value":1044},{"Length":40,"Height":26,"Demand":1,"DemandMax":null,"Value":1040},{"Length":37,"Height":28,"Demand":3,"DemandMax":null,"Value":1036},{"Length":45,"Height":23,"Demand":2,"DemandMax":null,"Value":1035},{"Length":47,"Height":22,"Demand":2,"DemandMax":null,"Value":1034},{"Length":43,"Height":24,"Demand":1,"DemandMax":null,"Value":1032},{"Length":38,"Height":27,"Demand":7,"DemandMax":null,"Value":1026},{"Length":57,"Height":18,"Demand":1,"DemandMax":null,"Value":1026},{"Length":41,"Height":25,"Demand":2,"DemandMax":null,"Value":1025},{"Length":33,"Height":31,"Demand":2,"DemandMax":null,"Value":1023},{"Length":35,"Height":29,"Demand":1,"DemandMax":null,"Value":1015},{"Length":39,"Height":26,"Demand":2,"DemandMax":null,"Value":1014},{"Length":46,"Height":22,"Demand":4,"DemandMax":null,"Value":1012},{"Length":44,"Height":23,"Demand":2,"DemandMax":null,"Value":1012},{"Length":56,"Height":18,"Demand":2,"DemandMax":null,"Value":1008},{"Length":42,"Height":24,"Demand":1,"DemandMax":null,"Value":1008},{"Length":48,"Height":21,"Demand":1,"DemandMax":null,"Value":1008},{"Length":53,"Height":19,"Demand":3,"DemandMax":null,"Value":1007},{"Length":59,"Height":17,"Demand":2,"DemandMax":null,"Value":1003},{"Length":50,"Height":20,"Demand":3,"DemandMax":null,"Value":1000},{"Length":40,"Height":25,"Demand":1,"DemandMax":null,"Value":1000},{"Length":37,"Height":27,"Demand":1,"DemandMax":null,"Value":999},{"Length":32,"Height":31,"Demand":1,"DemandMax":null,"Value":992},{"Length":55,"Height":18,"Demand":1,"DemandMax":null,"Value":990},{"Length":33,"Height":30,"Demand":3,"DemandMax":null,"Value":990},{"Length":38,"Height":26,"Demand":3,"DemandMax":null,"Value":988},{"Length":34,"Height":29,"Demand":1,"DemandMax":null,"Value":986},{"Length":35,"Height":28,"Demand":1,"DemandMax":null,"Value":980},{"Length":39,"Height":25,"Demand":3,"DemandMax":null,"Value":975},{"Length":36,"Height":27,"Demand":4,"DemandMax":null,"Value":972},{"Length":51,"Height":19,"Demand":1,"DemandMax":null,"Value":969},{"Length":57,"Height":17,"Demand":1,"DemandMax":null,"Value":969},{"Length":44,"Height":22,"Demand":3,"DemandMax":null,"Value":968},{"Length":37,"Height":26,"Demand":2,"DemandMax":null,"Value":962},{"Length":48,"Height":20,"Demand":1,"DemandMax":null,"Value":960},{"Length":32,"Height":30,"Demand":2,"DemandMax":null,"Value":960},{"Length":60,"Height":16,"Demand":1,"DemandMax":null,"Value":960},{"Length":40,"Height":24,"Demand":3,"DemandMax":null,"Value":960},{"Length":33,"Height":29,"Demand":1,"DemandMax":null,"Value":957},{"Length":53,"Height":18,"Demand":1,"DemandMax":null,"Value":954},{"Length":38,"Height":25,"Demand":6,"DemandMax":null,"Value":950},{"Length":35,"Height":27,"Demand":2,"DemandMax":null,"Value":945},{"Length":45,"Height":21,"Demand":1,"DemandMax":null,"Value":945},{"Length":41,"Height":23,"Demand":5,"DemandMax":null,"Value":943},{"Length":47,"Height":20,"Demand":2,"DemandMax":null,"Value":940},{"Length":52,"Height":18,"Demand":2,"DemandMax":null,"Value":936},{"Length":36,"Height":26,"Demand":3,"DemandMax":null,"Value":936},{"Length":39,"Height":24,"Demand":4,"DemandMax":null,"Value":936},{"Length":49,"Height":19,"Demand":3,"DemandMax":null,"Value":931},{"Length":32,"Height":29,"Demand":2,"DemandMax":null,"Value":928},{"Length":37,"Height":25,"Demand":2,"DemandMax":null,"Value":925},{"Length":42,"Height":22,"Demand":1,"DemandMax":null,"Value":924},{"Length":46,"Height":20,"Demand":3,"DemandMax":null,"Value":920},{"Length":40,"Height":23,"Demand":1,"DemandMax":null,"Value":920},{"Length":54,"Height":17,"Demand":2,"DemandMax":null,"Value":918},{"Length":38,"Height":24,"Demand":1,"DemandMax":null,"Value":912},{"Length":48,"Height":19,"Demand":5,"DemandMax":null,"Value":912},{"Length":35,"Height":26,"Demand":2,"DemandMax":null,"Value":910},{"Length":43,"Height":21,"Demand":3,"DemandMax":null,"Value":903},{"Length":41,"Height":22,"Demand":1,"DemandMax":null,"Value":902},{"Length":30,"Height":30,"Demand":6,"DemandMax":null,"Value":900},{"Length":60,"Height":15,"Demand":2,"DemandMax":null,"Value":900},{"Length":36,"Height":25,"Demand":4,"DemandMax":null,"Value":900},{"Length":45,"Height":20,"Demand":1,"DemandMax":null,"Value":900},{"Length":50,"Height":18,"Demand":1,"DemandMax":null,"Value":900},{"Length":31,"Height":29,"Demand":1,"DemandMax":null,"Value":899},{"Length":56,"Height":16,"Demand":1,"DemandMax":null,"Value":896},{"Length":32,"Height":28,"Demand":3,"DemandMax":null,"Value":896},{"Length":47,"Height":19,"Demand":4,"DemandMax":null,"Value":893},{"Length":33,"Height":27,"Demand":1,"DemandMax":null,"Value":891},{"Length":37,"Height":24,"Demand":1,"DemandMax":null,"Value":888},{"Length":34,"Height":26,"Demand":1,"DemandMax":null,"Value":884},{"Length":52,"Height":17,"Demand":2,"DemandMax":null,"Value":884},{"Length":49,"Height":18,"Demand":2,"DemandMax":null,"Value":882},{"Length":42,"Height":21,"Demand":1,"DemandMax":null,"Value":882},{"Length":40,"Height":22,"Demand":5,"DemandMax":null,"Value":880},{"Length":44,"Height":20,"Demand":3,"DemandMax":null,"Value":880},{"Length":35,"Height":25,"Demand":2,"DemandMax":null,"Value":875},{"Length":38,"Height":23,"Demand":2,"DemandMax":null,"Value":874},{"Length":31,"Height":28,"Demand":2,"DemandMax":null,"Value":868},{"Length":48,"Height":18,"Demand":1,"DemandMax":null,"Value":864},{"Length":32,"Height":27,"Demand":4,"DemandMax":null,"Value":864},{"Length":36,"Height":24,"Demand":1,"DemandMax":null,"Value":864},{"Length":41,"Height":21,"Demand":1,"DemandMax":null,"Value":861},{"Length":39,"Height":22,"Demand":1,"DemandMax":null,"Value":858},{"Length":33,"Height":26,"Demand":2,"DemandMax":null,"Value":858},{"Length":37,"Height":23,"Demand":2,"DemandMax":null,"Value":851},{"Length":34,"Height":25,"Demand":2,"DemandMax":null,"Value":850},{"Length":53,"Height":16,"Demand":1,"DemandMax":null,"Value":848},{"Length":47,"Height":18,"Demand":2,"DemandMax":null,"Value":846},{"Length":42,"Height":20,"Demand":1,"DemandMax":null,"Value":840},{"Length":40,"Height":21,"Demand":1,"DemandMax":null,"Value":840},{"Length":35,"Height":24,"Demand":2,"DemandMax":null,"Value":840},{"Length":31,"Height":27,"Demand":2,"DemandMax":null,"Value":837},{"Length":38,"Height":22,"Demand":3,"DemandMax":null,"Value":836},{"Length":44,"Height":19,"Demand":2,"DemandMax":null,"Value":836},{"Length":49,"Height":17,"Demand":3,"DemandMax":null,"Value":833},{"Length":52,"Height":16,"Demand":2,"DemandMax":null,"Value":832},{"Length":36,"Height":23,"Demand":3,"DemandMax":null,"Value":828},{"Length":59,"Height":14,"Demand":2,"DemandMax":null,"Value":826},{"Length":55,"Height":15,"Demand":2,"DemandMax":null,"Value":825},{"Length":33,"Height":25,"Demand":3,"DemandMax":null,"Value":825},{"Length":41,"Height":20,"Demand":1,"DemandMax":null,"Value":820},{"Length":39,"Height":21,"Demand":1,"DemandMax":null,"Value":819},{"Length":43,"Height":19,"Demand":2,"DemandMax":null,"Value":817},{"Length":34,"Height":24,"Demand":2,"DemandMax":null,"Value":816},{"Length":48,"Height":17,"Demand":2,"DemandMax":null,"Value":816},{"Length":37,"Height":22,"Demand":1,"DemandMax":null,"Value":814},{"Length":29,"Height":28,"Demand":4,"DemandMax":null,"Value":812},{"Length":58,"Height":14,"Demand":1,"DemandMax":null,"Value":812},{"Length":30,"Height":27,"Demand":3,"DemandMax":null,"Value":810},{"Length":35,"Height":23,"Demand":2,"DemandMax":null,"Value":805},{"Length":50,"Height":16,"Demand":3,"DemandMax":null,"Value":800},{"Length":40,"Height":20,"Demand":2,"DemandMax":null,"Value":800},{"Length":47,"Height":17,"Demand":2,"DemandMax":null,"Value":799},{"Length":42,"Height":19,"Demand":4,"DemandMax":null,"Value":798},{"Length":38,"Height":21,"Demand":1,"DemandMax":null,"Value":798},{"Length":36,"Height":22,"Demand":2,"DemandMax":null,"Value":792},{"Length":28,"Height":28,"Demand":4,"DemandMax":null,"Value":784},{"Length":49,"Height":16,"Demand":1,"DemandMax":null,"Value":784},{"Length":56,"Height":14,"Demand":1,"DemandMax":null,"Value":784},{"Length":29,"Height":27,"Demand":2,"DemandMax":null,"Value":783},{"Length":34,"Height":23,"Demand":1,"DemandMax":null,"Value":782},{"Length":30,"Height":26,"Demand":2,"DemandMax":null,"Value":780},{"Length":39,"Height":20,"Demand":2,"DemandMax":null,"Value":780},{"Length":60,"Height":13,"Demand":2,"DemandMax":null,"Value":780},{"Length":41,"Height":19,"Demand":4,"DemandMax":null,"Value":779},{"Length":37,"Height":21,"Demand":1,"DemandMax":null,"Value":777},{"Length":31,"Height":25,"Demand":1,"DemandMax":null,"Value":775},{"Length":43,"Height":18,"Demand":1,"DemandMax":null,"Value":774},{"Length":48,"Height":16,"Demand":2,"DemandMax":null,"Value":768},{"Length":32,"Height":24,"Demand":4,"DemandMax":null,"Value":768},{"Length":45,"Height":17,"Demand":1,"DemandMax":null,"Value":765},{"Length":51,"Height":15,"Demand":2,"DemandMax":null,"Value":765},{"Length":38,"Height":20,"Demand":3,"DemandMax":null,"Value":760},{"Length":42,"Height":18,"Demand":3,"DemandMax":null,"Value":756},{"Length":54,"Height":14,"Demand":3,"DemandMax":null,"Value":756},{"Length":36,"Height":21,"Demand":1,"DemandMax":null,"Value":756},{"Length":28,"Height":27,"Demand":2,"DemandMax":null,"Value":756},{"Length":29,"Height":26,"Demand":2,"DemandMax":null,"Value":754},{"Length":30,"Height":25,"Demand":3,"DemandMax":null,"Value":750},{"Length":50,"Height":15,"Demand":1,"DemandMax":null,"Value":750},{"Length":34,"Height":22,"Demand":1,"DemandMax":null,"Value":748},{"Length":44,"Height":17,"Demand":4,"DemandMax":null,"Value":748},{"Length":31,"Height":24,"Demand":1,"DemandMax":null,"Value":744},{"Length":37,"Height":20,"Demand":2,"DemandMax":null,"Value":740},{"Length":41,"Height":18,"Demand":2,"DemandMax":null,"Value":738},{"Length":46,"Height":16,"Demand":2,"DemandMax":null,"Value":736},{"Length":49,"Height":15,"Demand":2,"DemandMax":null,"Value":735},{"Length":35,"Height":21,"Demand":1,"DemandMax":null,"Value":735},{"Length":43,"Height":17,"Demand":2,"DemandMax":null,"Value":731},{"Length":27,"Height":27,"Demand":2,"DemandMax":null,"Value":729},{"Length":28,"Height":26,"Demand":2,"DemandMax":null,"Value":728},{"Length":52,"Height":14,"Demand":2,"DemandMax":null,"Value":728},{"Length":33,"Height":22,"Demand":4,"DemandMax":null,"Value":726},{"Length":29,"Height":25,"Demand":3,"DemandMax":null,"Value":725},{"Length":36,"Height":20,"Demand":1,"DemandMax":null,"Value":720},{"Length":48,"Height":15,"Demand":2,"DemandMax":null,"Value":720},{"Length":45,"Height":16,"Demand":2,"DemandMax":null,"Value":720},{"Length":30,"Height":24,"Demand":3,"DemandMax":null,"Value":720},{"Length":55,"Height":13,"Demand":1,"DemandMax":null,"Value":715},{"Length":42,"Height":17,"Demand":3,"DemandMax":null,"Value":714},{"Length":34,"Height":21,"Demand":1,"DemandMax":null,"Value":714},{"Length":31,"Height":23,"Demand":1,"DemandMax":null,"Value":713},{"Length":59,"Height":12,"Demand":1,"DemandMax":null,"Value":708},{"Length":44,"Height":16,"Demand":1,"DemandMax":null,"Value":704},{"Length":37,"Height":19,"Demand":2,"DemandMax":null,"Value":703},{"Length":39,"Height":18,"Demand":4,"DemandMax":null,"Value":702},{"Length":27,"Height":26,"Demand":1,"DemandMax":null,"Value":702},{"Length":28,"Height":25,"Demand":6,"DemandMax":null,"Value":700},{"Length":35,"Height":20,"Demand":4,"DemandMax":null,"Value":700},{"Length":41,"Height":17,"Demand":1,"DemandMax":null,"Value":697},{"Length":29,"Height":24,"Demand":1,"DemandMax":null,"Value":696},{"Length":33,"Height":21,"Demand":1,"DemandMax":null,"Value":693},{"Length":30,"Height":23,"Demand":2,"DemandMax":null,"Value":690},{"Length":46,"Height":15,"Demand":1,"DemandMax":null,"Value":690},{"Length":43,"Height":16,"Demand":2,"DemandMax":null,"Value":688},{"Length":49,"Height":14,"Demand":1,"DemandMax":null,"Value":686},{"Length":36,"Height":19,"Demand":1,"DemandMax":null,"Value":684},{"Length":38,"Height":18,"Demand":2,"DemandMax":null,"Value":684},{"Length":31,"Height":22,"Demand":2,"DemandMax":null,"Value":682},{"Length":34,"Height":20,"Demand":4,"DemandMax":null,"Value":680},{"Length":40,"Height":17,"Demand":4,"DemandMax":null,"Value":680},{"Length":32,"Height":21,"Demand":2,"DemandMax":null,"Value":672},{"Length":28,"Height":24,"Demand":2,"DemandMax":null,"Value":672},{"Length":48,"Height":14,"Demand":2,"DemandMax":null,"Value":672},{"Length":35,"Height":19,"Demand":1,"DemandMax":null,"Value":665},{"Length":39,"Height":17,"Demand":1,"DemandMax":null,"Value":663},{"Length":44,"Height":15,"Demand":4,"DemandMax":null,"Value":660},{"Length":30,"Height":22,"Demand":3,"DemandMax":null,"Value":660},{"Length":41,"Height":16,"Demand":3,"DemandMax":null,"Value":656},{"Length":50,"Height":13,"Demand":1,"DemandMax":null,"Value":650},{"Length":26,"Height":25,"Demand":2,"DemandMax":null,"Value":650},{"Length":27,"Height":24,"Demand":2,"DemandMax":null,"Value":648},{"Length":36,"Height":18,"Demand":1,"DemandMax":null,"Value":648},{"Length":34,"Height":19,"Demand":5,"DemandMax":null,"Value":646},{"Length":38,"Height":17,"Demand":1,"DemandMax":null,"Value":646},{"Length":28,"Height":23,"Demand":1,"DemandMax":null,"Value":644},{"Length":46,"Height":14,"Demand":2,"DemandMax":null,"Value":644},{"Length":40,"Height":16,"Demand":3,"DemandMax":null,"Value":640},{"Length":32,"Height":20,"Demand":2,"DemandMax":null,"Value":640},{"Length":49,"Height":13,"Demand":1,"DemandMax":null,"Value":637},{"Length":30,"Height":21,"Demand":2,"DemandMax":null,"Value":630},{"Length":42,"Height":15,"Demand":1,"DemandMax":null,"Value":630},{"Length":35,"Height":18,"Demand":2,"DemandMax":null,"Value":630},{"Length":37,"Height":17,"Demand":1,"DemandMax":null,"Value":629},{"Length":33,"Height":19,"Demand":1,"DemandMax":null,"Value":627},{"Length":25,"Height":25,"Demand":1,"DemandMax":null,"Value":625},{"Length":26,"Height":24,"Demand":2,"DemandMax":null,"Value":624},{"Length":31,"Height":20,"Demand":1,"DemandMax":null,"Value":620},{"Length":28,"Height":22,"Demand":2,"DemandMax":null,"Value":616},{"Length":36,"Height":17,"Demand":4,"DemandMax":null,"Value":612},{"Length":47,"Height":13,"Demand":2,"DemandMax":null,"Value":611},{"Length":29,"Height":21,"Demand":1,"DemandMax":null,"Value":609},{"Length":32,"Height":19,"Demand":3,"DemandMax":null,"Value":608},{"Length":38,"Height":16,"Demand":2,"DemandMax":null,"Value":608},{"Length":43,"Height":14,"Demand":1,"DemandMax":null,"Value":602},{"Length":40,"Height":15,"Demand":2,"DemandMax":null,"Value":600},{"Length":46,"Height":13,"Demand":2,"DemandMax":null,"Value":598},{"Length":26,"Height":23,"Demand":2,"DemandMax":null,"Value":598},{"Length":35,"Height":17,"Demand":2,"DemandMax":null,"Value":595},{"Length":27,"Height":22,"Demand":1,"DemandMax":null,"Value":594},{"Length":33,"Height":18,"Demand":1,"DemandMax":null,"Value":594},{"Length":54,"Height":11,"Demand":1,"DemandMax":null,"Value":594},{"Length":37,"Height":16,"Demand":1,"DemandMax":null,"Value":592},{"Length":31,"Height":19,"Demand":2,"DemandMax":null,"Value":589},{"Length":49,"Height":12,"Demand":6,"DemandMax":null,"Value":588},{"Length":28,"Height":21,"Demand":3,"DemandMax":null,"Value":588},{"Length":39,"Height":15,"Demand":2,"DemandMax":null,"Value":585},{"Length":29,"Height":20,"Demand":2,"DemandMax":null,"Value":580},{"Length":34,"Height":17,"Demand":1,"DemandMax":null,"Value":578},{"Length":32,"Height":18,"Demand":4,"DemandMax":null,"Value":576},{"Length":36,"Height":16,"Demand":1,"DemandMax":null,"Value":576},{"Length":25,"Height":23,"Demand":2,"DemandMax":null,"Value":575},{"Length":41,"Height":14,"Demand":2,"DemandMax":null,"Value":574},{"Length":26,"Height":22,"Demand":2,"DemandMax":null,"Value":572},{"Length":44,"Height":13,"Demand":2,"DemandMax":null,"Value":572},{"Length":30,"Height":19,"Demand":6,"DemandMax":null,"Value":570},{"Length":38,"Height":15,"Demand":1,"DemandMax":null,"Value":570},{"Length":27,"Height":21,"Demand":3,"DemandMax":null,"Value":567},{"Length":33,"Height":17,"Demand":1,"DemandMax":null,"Value":561},{"Length":56,"Height":10,"Demand":7,"DemandMax":null,"Value":560},{"Length":35,"Height":16,"Demand":4,"DemandMax":null,"Value":560},{"Length":40,"Height":14,"Demand":3,"DemandMax":null,"Value":560},{"Length":28,"Height":20,"Demand":2,"DemandMax":null,"Value":560},{"Length":43,"Height":13,"Demand":3,"DemandMax":null,"Value":559},{"Length":31,"Height":18,"Demand":1,"DemandMax":null,"Value":558},{"Length":37,"Height":15,"Demand":1,"DemandMax":null,"Value":555},{"Length":24,"Height":23,"Demand":2,"DemandMax":null,"Value":552},{"Length":29,"Height":19,"Demand":2,"DemandMax":null,"Value":551},{"Length":25,"Height":22,"Demand":3,"DemandMax":null,"Value":550},{"Length":50,"Height":11,"Demand":1,"DemandMax":null,"Value":550},{"Length":39,"Height":14,"Demand":2,"DemandMax":null,"Value":546},{"Length":32,"Height":17,"Demand":2,"DemandMax":null,"Value":544},{"Length":34,"Height":16,"Demand":2,"DemandMax":null,"Value":544},{"Length":36,"Height":15,"Demand":4,"DemandMax":null,"Value":540},{"Length":27,"Height":20,"Demand":3,"DemandMax":null,"Value":540},{"Length":45,"Height":12,"Demand":2,"DemandMax":null,"Value":540},{"Length":49,"Height":11,"Demand":2,"DemandMax":null,"Value":539},{"Length":28,"Height":19,"Demand":1,"DemandMax":null,"Value":532},{"Length":48,"Height":11,"Demand":1,"DemandMax":null,"Value":528},{"Length":33,"Height":16,"Demand":2,"DemandMax":null,"Value":528},{"Length":25,"Height":21,"Demand":1,"DemandMax":null,"Value":525},{"Length":35,"Height":15,"Demand":2,"DemandMax":null,"Value":525},{"Length":29,"Height":18,"Demand":3,"DemandMax":null,"Value":522},{"Length":40,"Height":13,"Demand":6,"DemandMax":null,"Value":520},{"Length":26,"Height":20,"Demand":5,"DemandMax":null,"Value":520},{"Length":37,"Height":14,"Demand":3,"DemandMax":null,"Value":518},{"Length":43,"Height":12,"Demand":2,"DemandMax":null,"Value":516},{"Length":27,"Height":19,"Demand":1,"DemandMax":null,"Value":513},{"Length":32,"Height":16,"Demand":2,"DemandMax":null,"Value":512},{"Length":30,"Height":17,"Demand":3,"DemandMax":null,"Value":510},{"Length":34,"Height":15,"Demand":3,"DemandMax":null,"Value":510},{"Length":39,"Height":13,"Demand":2,"DemandMax":null,"Value":507},{"Length":46,"Height":11,"Demand":2,"DemandMax":null,"Value":506},{"Length":23,"Height":22,"Demand":1,"DemandMax":null,"Value":506},{"Length":24,"Height":21,"Demand":4,"DemandMax":null,"Value":504},{"Length":36,"Height":14,"Demand":2,"DemandMax":null,"Value":504},{"Length":28,"Height":18,"Demand":5,"DemandMax":null,"Value":504},{"Length":45,"Height":11,"Demand":2,"DemandMax":null,"Value":495},{"Length":33,"Height":15,"Demand":3,"DemandMax":null,"Value":495},{"Length":38,"Height":13,"Demand":3,"DemandMax":null,"Value":494},{"Length":29,"Height":17,"Demand":4,"DemandMax":null,"Value":493},{"Length":35,"Height":14,"Demand":3,"DemandMax":null,"Value":490},{"Length":49,"Height":10,"Demand":2,"DemandMax":null,"Value":490},{"Length":27,"Height":18,"Demand":2,"DemandMax":null,"Value":486},{"Length":30,"Height":16,"Demand":3,"DemandMax":null,"Value":480},{"Length":24,"Height":20,"Demand":1,"DemandMax":null,"Value":480},{"Length":40,"Height":12,"Demand":3,"DemandMax":null,"Value":480},{"Length":32,"Height":15,"Demand":1,"DemandMax":null,"Value":480},{"Length":28,"Height":17,"Demand":2,"DemandMax":null,"Value":476},{"Length":25,"Height":19,"Demand":2,"DemandMax":null,"Value":475},{"Length":39,"Height":12,"Demand":3,"DemandMax":null,"Value":468},{"Length":26,"Height":18,"Demand":7,"DemandMax":null,"Value":468},{"Length":36,"Height":13,"Demand":2,"DemandMax":null,"Value":468},{"Length":31,"Height":15,"Demand":1,"DemandMax":null,"Value":465},{"Length":29,"Height":16,"Demand":1,"DemandMax":null,"Value":464},{"Length":22,"Height":21,"Demand":4,"DemandMax":null,"Value":462},{"Length":33,"Height":14,"Demand":2,"DemandMax":null,"Value":462},{"Length":23,"Height":20,"Demand":2,"DemandMax":null,"Value":460},{"Length":24,"Height":19,"Demand":1,"DemandMax":null,"Value":456},{"Length":30,"Height":15,"Demand":2,"DemandMax":null,"Value":450},{"Length":25,"Height":18,"Demand":1,"DemandMax":null,"Value":450},{"Length":28,"Height":16,"Demand":4,"DemandMax":null,"Value":448},{"Length":32,"Height":14,"Demand":2,"DemandMax":null,"Value":448},{"Length":34,"Height":13,"Demand":2,"DemandMax":null,"Value":442},{"Length":44,"Height":10,"Demand":3,"DemandMax":null,"Value":440},{"Length":29,"Height":15,"Demand":2,"DemandMax":null,"Value":435},{"Length":27,"Height":16,"Demand":3,"DemandMax":null,"Value":432},{"Length":24,"Height":18,"Demand":2,"DemandMax":null,"Value":432},{"Length":43,"Height":10,"Demand":4,"DemandMax":null,"Value":430},{"Length":33,"Height":13,"Demand":1,"DemandMax":null,"Value":429},{"Length":25,"Height":17,"Demand":1,"DemandMax":null,"Value":425},{"Length":21,"Height":20,"Demand":3,"DemandMax":null,"Value":420},{"Length":30,"Height":14,"Demand":3,"DemandMax":null,"Value":420},{"Length":35,"Height":12,"Demand":2,"DemandMax":null,"Value":420},{"Length":22,"Height":19,"Demand":2,"DemandMax":null,"Value":418},{"Length":26,"Height":16,"Demand":2,"DemandMax":null,"Value":416},{"Length":23,"Height":18,"Demand":2,"DemandMax":null,"Value":414},{"Length":41,"Height":10,"Demand":1,"DemandMax":null,"Value":410},{"Length":34,"Height":12,"Demand":1,"DemandMax":null,"Value":408},{"Length":37,"Height":11,"Demand":1,"DemandMax":null,"Value":407},{"Length":27,"Height":15,"Demand":2,"DemandMax":null,"Value":405},{"Length":20,"Height":20,"Demand":3,"DemandMax":null,"Value":400},{"Length":40,"Height":10,"Demand":2,"DemandMax":null,"Value":400},{"Length":22,"Height":18,"Demand":1,"DemandMax":null,"Value":396},{"Length":23,"Height":17,"Demand":2,"DemandMax":null,"Value":391},{"Length":30,"Height":13,"Demand":3,"DemandMax":null,"Value":390},{"Length":24,"Height":16,"Demand":3,"DemandMax":null,"Value":384},{"Length":20,"Height":19,"Demand":3,"DemandMax":null,"Value":380},{"Length":38,"Height":10,"Demand":1,"DemandMax":null,"Value":380},{"Length":27,"Height":14,"Demand":3,"DemandMax":null,"Value":378},{"Length":25,"Height":15,"Demand":2,"DemandMax":null,"Value":375},{"Length":22,"Height":17,"Demand":2,"DemandMax":null,"Value":374},{"Length":34,"Height":11,"Demand":3,"DemandMax":null,"Value":374},{"Length":23,"Height":16,"Demand":3,"DemandMax":null,"Value":368},{"Length":26,"Height":14,"Demand":2,"DemandMax":null,"Value":364},{"Length":33,"Height":11,"Demand":1,"DemandMax":null,"Value":363},{"Length":24,"Height":15,"Demand":4,"DemandMax":null,"Value":360},{"Length":30,"Height":12,"Demand":3,"DemandMax":null,"Value":360},{"Length":21,"Height":17,"Demand":2,"DemandMax":null,"Value":357},{"Length":22,"Height":16,"Demand":1,"DemandMax":null,"Value":352},{"Length":27,"Height":13,"Demand":4,"DemandMax":null,"Value":351},{"Length":25,"Height":14,"Demand":1,"DemandMax":null,"Value":350},{"Length":23,"Height":15,"Demand":1,"DemandMax":null,"Value":345},{"Length":19,"Height":18,"Demand":1,"DemandMax":null,"Value":342},{"Length":20,"Height":17,"Demand":2,"DemandMax":null,"Value":340},{"Length":26,"Height":13,"Demand":3,"DemandMax":null,"Value":338},{"Length":21,"Height":16,"Demand":3,"DemandMax":null,"Value":336},{"Length":33,"Height":10,"Demand":3,"DemandMax":null,"Value":330},{"Length":22,"Height":15,"Demand":1,"DemandMax":null,"Value":330},{"Length":25,"Height":13,"Demand":2,"DemandMax":null,"Value":325},{"Length":27,"Height":12,"Demand":1,"DemandMax":null,"Value":324},{"Length":18,"Height":18,"Demand":1,"DemandMax":null,"Value":324},{"Length":19,"Height":17,"Demand":1,"DemandMax":null,"Value":323},{"Length":23,"Height":14,"Demand":1,"DemandMax":null,"Value":322},{"Length":20,"Height":16,"Demand":1,"DemandMax":null,"Value":320},{"Length":21,"Height":15,"Demand":3,"DemandMax":null,"Value":315},{"Length":24,"Height":13,"Demand":2,"DemandMax":null,"Value":312},{"Length":26,"Height":12,"Demand":1,"DemandMax":null,"Value":312},{"Length":28,"Height":11,"Demand":3,"DemandMax":null,"Value":308},{"Length":22,"Height":14,"Demand":3,"DemandMax":null,"Value":308},{"Length":18,"Height":17,"Demand":1,"DemandMax":null,"Value":306},{"Length":19,"Height":16,"Demand":3,"DemandMax":null,"Value":304},{"Length":30,"Height":10,"Demand":2,"DemandMax":null,"Value":300},{"Length":25,"Height":12,"Demand":2,"DemandMax":null,"Value":300},{"Length":23,"Height":13,"Demand":3,"DemandMax":null,"Value":299},{"Length":27,"Height":11,"Demand":1,"DemandMax":null,"Value":297},{"Length":21,"Height":14,"Demand":1,"DemandMax":null,"Value":294},{"Length":17,"Height":17,"Demand":1,"DemandMax":null,"Value":289},{"Length":24,"Height":12,"Demand":1,"DemandMax":null,"Value":288},{"Length":18,"Height":16,"Demand":1,"DemandMax":null,"Value":288},{"Length":19,"Height":15,"Demand":2,"DemandMax":null,"Value":285},{"Length":20,"Height":14,"Demand":5,"DemandMax":null,"Value":280},{"Length":28,"Height":10,"Demand":2,"DemandMax":null,"Value":280},{"Length":23,"Height":12,"Demand":1,"DemandMax":null,"Value":276},{"Length":21,"Height":13,"Demand":1,"DemandMax":null,"Value":273},{"Length":17,"Height":16,"Demand":1,"DemandMax":null,"Value":272},{"Length":18,"Height":15,"Demand":2,"DemandMax":null,"Value":270},{"Length":19,"Height":14,"Demand":2,"DemandMax":null,"Value":266},{"Length":26,"Height":10,"Demand":1,"DemandMax":null,"Value":260},{"Length":16,"Height":16,"Demand":2,"DemandMax":null,"Value":256},{"Length":17,"Height":15,"Demand":2,"DemandMax":null,"Value":255},{"Length":18,"Height":14,"Demand":2,"DemandMax":null,"Value":252},{"Length":25,"Height":10,"Demand":1,"DemandMax":null,"Value":250},{"Length":19,"Height":13,"Demand":2,"DemandMax":null,"Value":247},{"Length":22,"Height":11,"Demand":3,"DemandMax":null,"Value":242},{"Length":20,"Height":12,"Demand":1,"DemandMax":null,"Value":240},{"Length":16,"Height":15,"Demand":2,"DemandMax":null,"Value":240},{"Length":17,"Height":13,"Demand":2,"DemandMax":null,"Value":221},{"Length":22,"Height":10,"Demand":2,"DemandMax":null,"Value":220},{"Length":20,"Height":11,"Demand":3,"DemandMax":null,"Value":220},{"Length":18,"Height":12,"Demand":3,"DemandMax":null,"Value":216},{"Length":15,"Height":14,"Demand":2,"DemandMax":null,"Value":210},{"Length":21,"Height":10,"Demand":2,"DemandMax":null,"Value":210},{"Length":16,"Height":13,"Demand":1,"DemandMax":null,"Value":208},{"Length":20,"Height":10,"Demand":2,"DemandMax":null,"Value":200},{"Length":18,"Height":11,"Demand":3,"DemandMax":null,"Value":198},{"Length":14,"Height":14,"Demand":2,"DemandMax":null,"Value":196},{"Length":15,"Height":13,"Demand":3,"DemandMax":null,"Value":195},{"Length":16,"Height":12,"Demand":1,"DemandMax":null,"Value":192},{"Length":18,"Height":10,"Demand":2,"DemandMax":null,"Value":180},{"Length":16,"Height":11,"Demand":1,"DemandMax":null,"Value":176},{"Length":17,"Height":10,"Demand":3,"DemandMax":null,"Value":170},{"Length":15,"Height":11,"Demand":2,"DemandMax":null,"Value":165},{"Length":16,"Height":10,"Demand":2,"DemandMax":null,"Value":160},{"Length":12,"Height":10,"Demand":2,"DemandMax":null,"Value":120}]}