{"Name":"MB08_094","Objects":[{"Length":587,"Height":233,"Stock":null,"Cost":136771}],"Items":[{"Length":60,"Height":49,"Demand":1,"DemandMax":null,"Value":2940},{"Length":57,"Height":48,"Demand":4,"DemandMax":null,"Value":2736},{"Length":54,"Height":47,"Demand":3,"DemandMax":null,"Value":2538},{"Length":52,"Height":48,"Demand":5,"DemandMax":null,"Value":2496},{"Length":56,"Height":44,"Demand":3,"DemandMax":null,"Value":2464},{"Length":52,"Height":47,"Demand":1,"DemandMax":null,"Value":2444},{"Length":59,"Height":40,"Demand":4,"DemandMax":null,"Value":2360},{"Length":58,"Height":40,"Demand":5,"DemandMax":null,"Value":2320},{"Length":51,"Height":44,"Demand":2,"DemandMax":null,"Value":2244},{"Length":47,"Height":47,"Demand":3,"DemandMax":null,"Value":2209},{"Length":49,"Height":45,"Demand":3,"DemandMax":null,"Value":2205},{"Length":51,"Height":43,"Demand":2,"DemandMax":null,"Value":2193},{"Length":59,"Height":37,"Demand":3,"DemandMax":null,"Value":2183},{"Length":57,"Height":38,"Demand":3,"DemandMax":null,"Value":2166},{"Length":48,"Height":45,"Demand":1,"DemandMax":null,"Value":2160},{"Length":59,"Height":35,"Demand":1,"DemandMax":null,"Value":2065},{"Length":50,"Height":41,"Demand":2,"DemandMax":null,"Value":2050},{"Length":55,"Height":37,"Demand":3,"DemandMax":null,"Value":2035},{"Length":58,"Height":35,"Demand":1,"DemandMax":null,"Value":2030},{"Length":55,"Height":36,"Demand":4,"DemandMax":null,"Value":1980},{"Length":48,"Height":41,"Demand":3,"DemandMax":null,"Value":1968},{"Length":49,"Height":40,"Demand":2,"DemandMax":null,"Value":1960},{"Length":59,"Height":33,"Demand":4,"DemandMax":null,"Value":1947},{"Length":57,"Height":34,"Demand":2,"DemandMax":null,"Value":1938},{"Length":45,"Height":43,"Demand":5,"DemandMax":null,"Value":1935},{"Length":46,"Height":42,"Demand":3,"DemandMax":null,"Value":1932},{"Length":47,"Height":41,"Demand":8,"DemandMax":null,"Value":1927},{"Length":52,"Height":37,"Demand":4,"DemandMax":null,"Value":1924},{"Length":52,"Height":36,"Demand":4,"DemandMax":null,"Value":1872},{"Length":55,"Height":34,"Demand":5,"DemandMax":null,"Value":1870},{"Length":49,"Height":38,"Demand":2,"DemandMax":null,"Value":1862},{"Length":44,"Height":42,"Demand":4,"DemandMax":null,"Value":1848},{"Length":49,"Height":37,"Demand":3,"DemandMax":null,"Value":1813},{"Length":53,"Height":34,"Demand":4,"DemandMax":null,"Value":1802},{"Length":50,"Height":36,"Demand":1,"DemandMax":null,"Value":1800},{"Length":47,"Height":38,"Demand":6,"DemandMax":null,"Value":1786},{"Length":51,"Height":35,"Demand":3,"DemandMax":null,"Value":1785},{"Length":48,"Height":37,"Demand":3,"DemandMax":null,"Value":1776},{"Length":49,"Height":36,"Demand":2,"DemandMax":null,"Value":1764},{"Length":45,"Height":39,"Demand":6,"DemandMax":null,"Value":1755},{"Length":50,"Height":35,"Demand":5,"DemandMax":null,"Value":1750},{"Length":47,"Height":37,"Demand":3,"DemandMax":null,"Value":1739},{"Length":48,"Height":36,"Demand":1,"DemandMax":null,"Value":1728},{"Length":43,"Height":40,"Demand":3,"DemandMax":null,"Value":1720},{"Length":57,"Height":30,"Demand":2,"DemandMax":null,"Value":1710},{"Length":47,"Height":36,"Demand":4,"DemandMax":null,"Value":1692},{"Length":43,"Height":39,"Demand":2,"DemandMax":null,"Value":1677},{"Length":44,"Height":38,"Demand":4,"DemandMax":null,"Value":1672},{"Length":49,"Height":34,"Demand":1,"DemandMax":null,"Value":1666},{"Length":45,"Height":37,"Demand":3,"DemandMax":null,"Value":1665},{"Length":46,"Height":36,"Demand":8,"DemandMax":null,"Value":1656},{"Length":59,"Height":28,"Demand":4,"DemandMax":null,"Value":1652},{"Length":47,"Height":35,"Demand":8,"DemandMax":null,"Value":1645},{"Length":43,"Height":38,"Demand":3,"DemandMax":null,"Value":1634},{"Length":56,"Height":29,"Demand":2,"DemandMax":null,"Value":1624},{"Length":54,"Height":30,"Demand":1,"DemandMax":null,"Value":1620},{"Length":52,"Height":31,"Demand":4,"DemandMax":null,"Value":1612},{"Length":55,"Height":29,"Demand":3,"DemandMax":null,"Value":1595},{"Length":51,"Height":31,"Demand":3,"DemandMax":null,"Value":1581},{"Length":45,"Height":35,"Demand":4,"DemandMax":null,"Value":1575},{"Length":60,"Height":26,"Demand":6,"DemandMax":null,"Value":1560},{"Length":40,"Height":39,"Demand":3,"DemandMax":null,"Value":1560},{"Length":47,"Height":33,"Demand":4,"DemandMax":null,"Value":1551},{"Length":43,"Height":36,"Demand":2,"DemandMax":null,"Value":1548},{"Length":48,"Height":32,"Demand":4,"DemandMax":null,"Value":1536},{"Length":45,"Height":34,"Demand":2,"DemandMax":null,"Value":1530},{"Length":40,"Height":38,"Demand":4,"DemandMax":null,"Value":1520},{"Length":49,"Height":31,"Demand":5,"DemandMax":null,"Value":1519},{"Length":46,"Height":33,"Demand":4,"DemandMax":null,"Value":1518},{"Length":41,"Height":37,"Demand":3,"DemandMax":null,"Value":1517},{"Length":44,"Height":34,"Demand":4,"DemandMax":null,"Value":1496},{"Length":48,"Height":31,"Demand":2,"DemandMax":null,"Value":1488},{"Length":49,"Height":30,"Demand":2,"DemandMax":null,"Value":1470},{"Length":52,"Height":28,"Demand":4,"DemandMax":null,"Value":1456},{"Length":38,"Height":38,"Demand":3,"DemandMax":null,"Value":1444},{"Length":39,"Height":37,"Demand":4,"DemandMax":null,"Value":1443},{"Length":45,"Height":32,"Demand":2,"DemandMax":null,"Value":1440},{"Length":48,"Height":30,"Demand":2,"DemandMax":null,"Value":1440},{"Length":51,"Height":28,"Demand":4,"DemandMax":null,"Value":1428},{"Length":42,"Height":34,"Demand":5,"DemandMax":null,"Value":1428},{"Length":46,"Height":31,"Demand":3,"DemandMax":null,"Value":1426},{"Length":59,"Height":24,"Demand":6,"DemandMax":null,"Value":1416},{"Length":44,"Height":32,"Demand":3,"DemandMax":null,"Value":1408},{"Length":38,"Height":37,"Demand":8,"DemandMax":null,"Value":1406},{"Length":39,"Height":36,"Demand":3,"DemandMax":null,"Value":1404},{"Length":54,"Height":26,"Demand":5,"DemandMax":null,"Value":1404},{"Length":50,"Height":28,"Demand":5,"DemandMax":null,"Value":1400},{"Length":40,"Height":35,"Demand":4,"DemandMax":null,"Value":1400},{"Length":58,"Height":24,"Demand":4,"DemandMax":null,"Value":1392},{"Length":51,"Height":27,"Demand":3,"DemandMax":null,"Value":1377},{"Length":49,"Height":28,"Demand":2,"DemandMax":null,"Value":1372},{"Length":38,"Height":36,"Demand":4,"DemandMax":null,"Value":1368},{"Length":39,"Height":35,"Demand":2,"DemandMax":null,"Value":1365},{"Length":45,"Height":30,"Demand":5,"DemandMax":null,"Value":1350},{"Length":42,"Height":32,"Demand":2,"DemandMax":null,"Value":1344},{"Length":39,"Height":34,"Demand":3,"DemandMax":null,"Value":1326},{"Length":44,"Height":30,"Demand":7,"DemandMax":null,"Value":1320},{"Length":40,"Height":33,"Demand":7,"DemandMax":null,"Value":1320},{"Length":55,"Height":24,"Demand":4,"DemandMax":null,"Value":1320},{"Length":47,"Height":28,"Demand":3,"DemandMax":null,"Value":1316},{"Length":57,"Height":23,"Demand":3,"DemandMax":null,"Value":1311},{"Length":52,"Height":25,"Demand":6,"DemandMax":null,"Value":1300},{"Length":54,"Height":24,"Demand":5,"DemandMax":null,"Value":1296},{"Length":38,"Height":34,"Demand":5,"DemandMax":null,"Value":1292},{"Length":40,"Height":32,"Demand":4,"DemandMax":null,"Value":1280},{"Length":49,"Height":26,"Demand":5,"DemandMax":null,"Value":1274},{"Length":53,"Height":24,"Demand":1,"DemandMax":null,"Value":1272},{"Length":47,"Height":27,"Demand":3,"DemandMax":null,"Value":1269},{"Length":37,"Height":34,"Demand":4,"DemandMax":null,"Value":1258},{"Length":52,"Height":24,"Demand":5,"DemandMax":null,"Value":1248},{"Length":39,"Height":32,"Demand":5,"DemandMax":null,"Value":1248},{"Length":44,"Height":28,"Demand":2,"DemandMax":null,"Value":1232},{"Length":35,"Height":35,"Demand":4,"DemandMax":null,"Value":1225},{"Length":51,"Height":24,"Demand":4,"DemandMax":null,"Value":1224},{"Length":36,"Height":34,"Demand":1,"DemandMax":null,"Value":1224},{"Length":47,"Height":26,"Demand":2,"DemandMax":null,"Value":1222},{"Length":37,"Height":33,"Demand":3,"DemandMax":null,"Value":1221},{"Length":42,"Height":29,"Demand":6,"DemandMax":null,"Value":1218},{"Length":55,"Height":22,"Demand":4,"DemandMax":null,"Value":1210},{"Length":39,"Height":31,"Demand":3,"DemandMax":null,"Value":1209},{"Length":40,"Height":30,"Demand":3,"DemandMax":null,"Value":1200},{"Length":54,"Height":22,"Demand":3,"DemandMax":null,"Value":1188},{"Length":44,"Height":27,"Demand":3,"DemandMax":null,"Value":1188},{"Length":38,"Height":31,"Demand":1,"DemandMax":null,"Value":1178},{"Length":51,"Height":23,"Demand":4,"DemandMax":null,"Value":1173},{"Length":45,"Height":26,"Demand":3,"DemandMax":null,"Value":1170},{"Length":40,"Height":29,"Demand":2,"DemandMax":null,"Value":1160},{"Length":35,"Height":33,"Demand":3,"DemandMax":null,"Value":1155},{"Length":41,"Height":28,"Demand":4,"DemandMax":null,"Value":1148},{"Length":37,"Height":31,"Demand":5,"DemandMax":null,"Value":1147},{"Length":38,"Height":30,"Demand":7,"DemandMax":null,"Value":1140},{"Length":42,"Height":27,"Demand":1,"DemandMax":null,"Value":1134},{"Length":39,"Height":29,"Demand":1,"DemandMax":null,"Value":1131},{"Length":34,"Height":33,"Demand":2,"DemandMax":null,"Value":1122},{"Length":35,"Height":32,"Demand":4,"DemandMax":null,"Value":1120},{"Length":43,"Height":26,"Demand":3,"DemandMax":null,"Value":1118},{"Length":37,"Height":30,"Demand":2,"DemandMax":null,"Value":1110},{"Length":46,"Height":24,"Demand":3,"DemandMax":null,"Value":1104},{"Length":38,"Height":29,"Demand":5,"DemandMax":null,"Value":1102},{"Length":44,"Height":25,"Demand":6,"DemandMax":null,"Value":1100},{"Length":39,"Height":28,"Demand":1,"DemandMax":null,"Value":1092},{"Length":42,"Height":26,"Demand":2,"DemandMax":null,"Value":1092},{"Length":57,"Height":19,"Demand":2,"DemandMax":null,"Value":1083},{"Length":47,"Height":23,"Demand":3,"DemandMax":null,"Value":1081},{"Length":60,"Height":18,"Demand":2,"DemandMax":null,"Value":1080},{"Length":54,"Height":20,"Demand":6,"DemandMax":null,"Value":1080},{"Length":49,"Height":22,"Demand":2,"DemandMax":null,"Value":1078},{"Length":51,"Height":21,"Demand":3,"DemandMax":null,"Value":1071},{"Length":41,"Height":26,"Demand":1,"DemandMax":null,"Value":1066},{"Length":38,"Height":28,"Demand":5,"DemandMax":null,"Value":1064},{"Length":59,"Height":18,"Demand":3,"DemandMax":null,"Value":1062},{"Length":46,"Height":23,"Demand":3,"DemandMax":null,"Value":1058},{"Length":48,"Height":22,"Demand":1,"DemandMax":null,"Value":1056},{"Length":34,"Height":31,"Demand":5,"DemandMax":null,"Value":1054},{"Length":39,"Height":27,"Demand":6,"DemandMax":null,"Value":1053},{"Length":35,"Height":30,"Demand":4,"DemandMax":null,"Value":1050},{"Length":42,"Height":25,"Demand":1,"DemandMax":null,"Value":1050},{"Length":36,"Height":29,"Demand":4,"DemandMax":null,"Value":1044},{"Length":40,"Height":26,"Demand":2,"DemandMax":null,"Value":1040},{"Length":37,"Height":28,"Demand":4,"DemandMax":null,"Value":1036},{"Length":45,"Height":23,"Demand":2,"DemandMax":null,"Value":1035},{"Length":43,"Height":24,"Demand":3,"DemandMax":null,"Value":1032},{"Length":38,"Height":27,"Demand":2,"DemandMax":null,"Value":1026},{"Length":33,"Height":31,"Demand":3,"DemandMax":null,"Value":1023},{"Length":34,"Height":30,"Demand":2,"DemandMax":null,"Value":1020},{"Length":35,"Height":29,"Demand":3,"DemandMax":null,"Value":1015},{"Length":39,"Height":26,"Demand":2,"DemandMax":null,"Value":1014},{"Length":48,"Height":21,"Demand":4,"DemandMax":null,"Value":1008},{"Length":37,"Height":27,"Demand":3,"DemandMax":null,"Value":999},{"Length":32,"Height":31,"Demand":2,"DemandMax":null,"Value":992},{"Length":52,"Height":19,"Demand":5,"DemandMax":null,"Value":988},{"Length":34,"Height":29,"Demand":2,"DemandMax":null,"Value":986},{"Length":35,"Height":28,"Demand":4,"DemandMax":null,"Value":980},{"Length":40,"Height":24,"Demand":4,"DemandMax":null,"Value":960},{"Length":48,"Height":20,"Demand":4,"DemandMax":null,"Value":960},{"Length":33,"Height":29,"Demand":3,"DemandMax":null,"Value":957},{"Length":38,"Height":25,"Demand":5,"DemandMax":null,"Value":950},{"Length":45,"Height":21,"Demand":5,"DemandMax":null,"Value":945},{"Length":47,"Height":20,"Demand":4,"DemandMax":null,"Value":940},{"Length":39,"Height":24,"Demand":5,"DemandMax":null,"Value":936},{"Length":36,"Height":26,"Demand":3,"DemandMax":null,"Value":936},{"Length":55,"Height":17,"Demand":1,"DemandMax":null,"Value":935},{"Length":32,"Height":29,"Demand":3,"DemandMax":null,"Value":928},{"Length":33,"Height":28,"Demand":4,"DemandMax":null,"Value":924},{"Length":46,"Height":20,"Demand":5,"DemandMax":null,"Value":920},{"Length":38,"Height":24,"Demand":3,"DemandMax":null,"Value":912},{"Length":35,"Height":26,"Demand":5,"DemandMax":null,"Value":910},{"Length":31,"Height":29,"Demand":4,"DemandMax":null,"Value":899},{"Length":39,"Height":23,"Demand":3,"DemandMax":null,"Value":897},{"Length":32,"Height":28,"Demand":2,"DemandMax":null,"Value":896},{"Length":37,"Height":24,"Demand":6,"DemandMax":null,"Value":888},{"Length":40,"Height":22,"Demand":8,"DemandMax":null,"Value":880},{"Length":55,"Height":16,"Demand":6,"DemandMax":null,"Value":880},{"Length":35,"Height":25,"Demand":5,"DemandMax":null,"Value":875},{"Length":46,"Height":19,"Demand":3,"DemandMax":null,"Value":874},{"Length":30,"Height":29,"Demand":1,"DemandMax":null,"Value":870},{"Length":31,"Height":28,"Demand":3,"DemandMax":null,"Value":868},{"Length":48,"Height":18,"Demand":2,"DemandMax":null,"Value":864},{"Length":32,"Height":27,"Demand":4,"DemandMax":null,"Value":864},{"Length":39,"Height":22,"Demand":4,"DemandMax":null,"Value":858},{"Length":33,"Height":26,"Demand":2,"DemandMax":null,"Value":858},{"Length":57,"Height":15,"Demand":7,"DemandMax":null,"Value":855},{"Length":50,"Height":17,"Demand":1,"DemandMax":null,"Value":850},{"Length":47,"Height":18,"Demand":3,"DemandMax":null,"Value":846},{"Length":35,"Height":24,"Demand":1,"DemandMax":null,"Value":840},{"Length":31,"Height":27,"Demand":3,"DemandMax":null,"Value":837},{"Length":38,"Height":22,"Demand":2,"DemandMax":null,"Value":836},{"Length":49,"Height":17,"Demand":7,"DemandMax":null,"Value":833},{"Length":36,"Height":23,"Demand":4,"DemandMax":null,"Value":828},{"Length":33,"Height":25,"Demand":2,"DemandMax":null,"Value":825},{"Length":41,"Height":20,"Demand":6,"DemandMax":null,"Value":820},{"Length":43,"Height":19,"Demand":4,"DemandMax":null,"Value":817},{"Length":34,"Height":24,"Demand":4,"DemandMax":null,"Value":816},{"Length":37,"Height":22,"Demand":3,"DemandMax":null,"Value":814},{"Length":45,"Height":18,"Demand":2,"DemandMax":null,"Value":810},{"Length":30,"Height":27,"Demand":3,"DemandMax":null,"Value":810},{"Length":31,"Height":26,"Demand":4,"DemandMax":null,"Value":806},{"Length":35,"Height":23,"Demand":5,"DemandMax":null,"Value":805},{"Length":32,"Height":25,"Demand":3,"DemandMax":null,"Value":800},{"Length":50,"Height":16,"Demand":3,"DemandMax":null,"Value":800},{"Length":47,"Height":17,"Demand":2,"DemandMax":null,"Value":799},{"Length":33,"Height":24,"Demand":3,"DemandMax":null,"Value":792},{"Length":49,"Height":16,"Demand":3,"DemandMax":null,"Value":784},{"Length":29,"Height":27,"Demand":5,"DemandMax":null,"Value":783},{"Length":34,"Height":23,"Demand":5,"DemandMax":null,"Value":782},{"Length":30,"Height":26,"Demand":6,"DemandMax":null,"Value":780},{"Length":37,"Height":21,"Demand":3,"DemandMax":null,"Value":777},{"Length":31,"Height":25,"Demand":2,"DemandMax":null,"Value":775},{"Length":55,"Height":14,"Demand":3,"DemandMax":null,"Value":770},{"Length":35,"Height":22,"Demand":2,"DemandMax":null,"Value":770},{"Length":48,"Height":16,"Demand":3,"DemandMax":null,"Value":768},{"Length":51,"Height":15,"Demand":1,"DemandMax":null,"Value":765},{"Length":54,"Height":14,"Demand":6,"DemandMax":null,"Value":756},{"Length":42,"Height":18,"Demand":6,"DemandMax":null,"Value":756},{"Length":28,"Height":27,"Demand":5,"DemandMax":null,"Value":756},{"Length":47,"Height":16,"Demand":3,"DemandMax":null,"Value":752},{"Length":34,"Height":22,"Demand":2,"DemandMax":null,"Value":748},{"Length":37,"Height":20,"Demand":1,"DemandMax":null,"Value":740},{"Length":46,"Height":16,"Demand":2,"DemandMax":null,"Value":736},{"Length":35,"Height":21,"Demand":2,"DemandMax":null,"Value":735},{"Length":52,"Height":14,"Demand":5,"DemandMax":null,"Value":728},{"Length":33,"Height":22,"Demand":1,"DemandMax":null,"Value":726},{"Length":38,"Height":19,"Demand":2,"DemandMax":null,"Value":722},{"Length":40,"Height":18,"Demand":2,"DemandMax":null,"Value":720},{"Length":36,"Height":20,"Demand":4,"DemandMax":null,"Value":720},{"Length":30,"Height":24,"Demand":2,"DemandMax":null,"Value":720},{"Length":55,"Height":13,"Demand":3,"DemandMax":null,"Value":715},{"Length":31,"Height":23,"Demand":4,"DemandMax":null,"Value":713},{"Length":32,"Height":22,"Demand":5,"DemandMax":null,"Value":704},{"Length":37,"Height":19,"Demand":3,"DemandMax":null,"Value":703},{"Length":54,"Height":13,"Demand":2,"DemandMax":null,"Value":702},{"Length":39,"Height":18,"Demand":1,"DemandMax":null,"Value":702},{"Length":50,"Height":14,"Demand":3,"DemandMax":null,"Value":700},{"Length":28,"Height":25,"Demand":4,"DemandMax":null,"Value":700},{"Length":29,"Height":24,"Demand":1,"DemandMax":null,"Value":696},{"Length":33,"Height":21,"Demand":3,"DemandMax":null,"Value":693},{"Length":30,"Height":23,"Demand":4,"DemandMax":null,"Value":690},{"Length":46,"Height":15,"Demand":1,"DemandMax":null,"Value":690},{"Length":43,"Height":16,"Demand":1,"DemandMax":null,"Value":688},{"Length":38,"Height":18,"Demand":6,"DemandMax":null,"Value":684},{"Length":36,"Height":19,"Demand":3,"DemandMax":null,"Value":684},{"Length":34,"Height":20,"Demand":5,"DemandMax":null,"Value":680},{"Length":40,"Height":17,"Demand":4,"DemandMax":null,"Value":680},{"Length":27,"Height":25,"Demand":1,"DemandMax":null,"Value":675},{"Length":48,"Height":14,"Demand":3,"DemandMax":null,"Value":672},{"Length":29,"Height":23,"Demand":5,"DemandMax":null,"Value":667},{"Length":37,"Height":18,"Demand":6,"DemandMax":null,"Value":666},{"Length":36,"Height":18,"Demand":6,"DemandMax":null,"Value":648},{"Length":27,"Height":24,"Demand":10,"DemandMax":null,"Value":648},{"Length":43,"Height":15,"Demand":6,"DemandMax":null,"Value":645},{"Length":46,"Height":14,"Demand":4,"DemandMax":null,"Value":644},{"Length":53,"Height":12,"Demand":3,"DemandMax":null,"Value":636},{"Length":35,"Height":18,"Demand":5,"DemandMax":null,"Value":630},{"Length":45,"Height":14,"Demand":2,"DemandMax":null,"Value":630},{"Length":42,"Height":15,"Demand":2,"DemandMax":null,"Value":630},{"Length":25,"Height":25,"Demand":4,"DemandMax":null,"Value":625},{"Length":48,"Height":13,"Demand":4,"DemandMax":null,"Value":624},{"Length":26,"Height":24,"Demand":1,"DemandMax":null,"Value":624},{"Length":27,"Height":23,"Demand":3,"DemandMax":null,"Value":621},{"Length":31,"Height":20,"Demand":6,"DemandMax":null,"Value":620},{"Length":34,"Height":18,"Demand":2,"DemandMax":null,"Value":612},{"Length":29,"Height":21,"Demand":3,"DemandMax":null,"Value":609},{"Length":32,"Height":19,"Demand":2,"DemandMax":null,"Value":608},{"Length":40,"Height":15,"Demand":5,"DemandMax":null,"Value":600},{"Length":35,"Height":17,"Demand":2,"DemandMax":null,"Value":595},{"Length":33,"Height":18,"Demand":4,"DemandMax":null,"Value":594},{"Length":37,"Height":16,"Demand":3,"DemandMax":null,"Value":592},{"Length":31,"Height":19,"Demand":3,"DemandMax":null,"Value":589},{"Length":42,"Height":14,"Demand":9,"DemandMax":null,"Value":588},{"Length":29,"Height":20,"Demand":3,"DemandMax":null,"Value":580},{"Length":36,"Height":16,"Demand":3,"DemandMax":null,"Value":576},{"Length":44,"Height":13,"Demand":3,"DemandMax":null,"Value":572},{"Length":30,"Height":19,"Demand":4,"DemandMax":null,"Value":570},{"Length":38,"Height":15,"Demand":3,"DemandMax":null,"Value":570},{"Length":35,"Height":16,"Demand":4,"DemandMax":null,"Value":560},{"Length":31,"Height":18,"Demand":3,"DemandMax":null,"Value":558},{"Length":24,"Height":23,"Demand":3,"DemandMax":null,"Value":552},{"Length":26,"Height":21,"Demand":2,"DemandMax":null,"Value":546},{"Length":32,"Height":17,"Demand":3,"DemandMax":null,"Value":544},{"Length":27,"Height":20,"Demand":5,"DemandMax":null,"Value":540},{"Length":36,"Height":15,"Demand":2,"DemandMax":null,"Value":540},{"Length":28,"Height":19,"Demand":3,"DemandMax":null,"Value":532},{"Length":24,"Height":22,"Demand":8,"DemandMax":null,"Value":528},{"Length":33,"Height":16,"Demand":2,"DemandMax":null,"Value":528},{"Length":31,"Height":17,"Demand":2,"DemandMax":null,"Value":527},{"Length":25,"Height":21,"Demand":7,"DemandMax":null,"Value":525},{"Length":52,"Height":10,"Demand":2,"DemandMax":null,"Value":520},{"Length":43,"Height":12,"Demand":2,"DemandMax":null,"Value":516},{"Length":23,"Height":22,"Demand":3,"DemandMax":null,"Value":506},{"Length":36,"Height":14,"Demand":6,"DemandMax":null,"Value":504},{"Length":28,"Height":18,"Demand":3,"DemandMax":null,"Value":504},{"Length":31,"Height":16,"Demand":3,"DemandMax":null,"Value":496},{"Length":33,"Height":15,"Demand":2,"DemandMax":null,"Value":495},{"Length":45,"Height":11,"Demand":3,"DemandMax":null,"Value":495},{"Length":26,"Height":19,"Demand":2,"DemandMax":null,"Value":494},{"Length":27,"Height":18,"Demand":3,"DemandMax":null,"Value":486},{"Length":32,"Height":15,"Demand":2,"DemandMax":null,"Value":480},{"Length":40,"Height":12,"Demand":3,"DemandMax":null,"Value":480},{"Length":30,"Height":16,"Demand":1,"DemandMax":null,"Value":480},{"Length":28,"Height":17,"Demand":2,"DemandMax":null,"Value":476},{"Length":25,"Height":19,"Demand":5,"DemandMax":null,"Value":475},{"Length":43,"Height":11,"Demand":2,"DemandMax":null,"Value":473},{"Length":26,"Height":18,"Demand":2,"DemandMax":null,"Value":468},{"Length":39,"Height":12,"Demand":1,"DemandMax":null,"Value":468},{"Length":36,"Height":13,"Demand":8,"DemandMax":null,"Value":468},{"Length":29,"Height":16,"Demand":2,"DemandMax":null,"Value":464},{"Length":33,"Height":14,"Demand":1,"DemandMax":null,"Value":462},{"Length":23,"Height":20,"Demand":3,"DemandMax":null,"Value":460},{"Length":46,"Height":10,"Demand":5,"DemandMax":null,"Value":460},{"Length":27,"Height":17,"Demand":5,"DemandMax":null,"Value":459},{"Length":24,"Height":19,"Demand":7,"DemandMax":null,"Value":456},{"Length":35,"Height":13,"Demand":1,"DemandMax":null,"Value":455},{"Length":41,"Height":11,"Demand":3,"DemandMax":null,"Value":451},{"Length":30,"Height":15,"Demand":5,"DemandMax":null,"Value":450},{"Length":28,"Height":16,"Demand":4,"DemandMax":null,"Value":448},{"Length":32,"Height":14,"Demand":3,"DemandMax":null,"Value":448},{"Length":26,"Height":17,"Demand":2,"DemandMax":null,"Value":442},{"Length":34,"Height":13,"Demand":3,"DemandMax":null,"Value":442},{"Length":40,"Height":11,"Demand":2,"DemandMax":null,"Value":440},{"Length":23,"Height":19,"Demand":6,"DemandMax":null,"Value":437},{"Length":24,"Height":18,"Demand":4,"DemandMax":null,"Value":432},{"Length":28,"Height":15,"Demand":3,"DemandMax":null,"Value":420},{"Length":21,"Height":20,"Demand":4,"DemandMax":null,"Value":420},{"Length":42,"Height":10,"Demand":2,"DemandMax":null,"Value":420},{"Length":22,"Height":19,"Demand":5,"DemandMax":null,"Value":418},{"Length":26,"Height":16,"Demand":2,"DemandMax":null,"Value":416},{"Length":24,"Height":17,"Demand":2,"DemandMax":null,"Value":408},{"Length":34,"Height":12,"Demand":3,"DemandMax":null,"Value":408},{"Length":27,"Height":15,"Demand":2,"DemandMax":null,"Value":405},{"Length":40,"Height":10,"Demand":3,"DemandMax":null,"Value":400},{"Length":21,"Height":19,"Demand":2,"DemandMax":null,"Value":399},{"Length":23,"Height":17,"Demand":3,"DemandMax":null,"Value":391},{"Length":24,"Height":16,"Demand":9,"DemandMax":null,"Value":384},{"Length":20,"Height":19,"Demand":3,"DemandMax":null,"Value":380},{"Length":21,"Height":18,"Demand":4,"DemandMax":null,"Value":378},{"Length":27,"Height":14,"Demand":6,"DemandMax":null,"Value":378},{"Length":29,"Height":13,"Demand":5,"DemandMax":null,"Value":377},{"Length":25,"Height":15,"Demand":3,"DemandMax":null,"Value":375},{"Length":22,"Height":17,"Demand":5,"DemandMax":null,"Value":374},{"Length":23,"Height":16,"Demand":4,"DemandMax":null,"Value":368},{"Length":20,"Height":18,"Demand":4,"DemandMax":null,"Value":360},{"Length":21,"Height":17,"Demand":2,"DemandMax":null,"Value":357},{"Length":22,"Height":16,"Demand":3,"DemandMax":null,"Value":352},{"Length":27,"Height":13,"Demand":3,"DemandMax":null,"Value":351},{"Length":35,"Height":10,"Demand":5,"DemandMax":null,"Value":350},{"Length":25,"Height":14,"Demand":4,"DemandMax":null,"Value":350},{"Length":29,"Height":12,"Demand":5,"DemandMax":null,"Value":348},{"Length":19,"Height":18,"Demand":4,"DemandMax":null,"Value":342},{"Length":24,"Height":14,"Demand":3,"DemandMax":null,"Value":336},{"Length":21,"Height":16,"Demand":5,"DemandMax":null,"Value":336},{"Length":22,"Height":15,"Demand":2,"DemandMax":null,"Value":330},{"Length":30,"Height":11,"Demand":3,"DemandMax":null,"Value":330},{"Length":27,"Height":12,"Demand":5,"DemandMax":null,"Value":324},{"Length":19,"Height":17,"Demand":4,"DemandMax":null,"Value":323},{"Length":23,"Height":14,"Demand":3,"DemandMax":null,"Value":322},{"Length":21,"Height":15,"Demand":3,"DemandMax":null,"Value":315},{"Length":24,"Height":13,"Demand":5,"DemandMax":null,"Value":312},{"Length":28,"Height":11,"Demand":4,"DemandMax":null,"Value":308},{"Length":20,"Height":15,"Demand":3,"DemandMax":null,"Value":300},{"Length":29,"Height":10,"Demand":3,"DemandMax":null,"Value":290},{"Length":17,"Height":17,"Demand":2,"DemandMax":null,"Value":289},{"Length":19,"Height":15,"Demand":2,"DemandMax":null,"Value":285},{"Length":20,"Height":14,"Demand":4,"DemandMax":null,"Value":280},{"Length":22,"Height":12,"Demand":3,"DemandMax":null,"Value":264},{"Length":20,"Height":13,"Demand":1,"DemandMax":null,"Value":260},{"Length":16,"Height":16,"Demand":4,"DemandMax":null,"Value":256},{"Length":17,"Height":15,"Demand":3,"DemandMax":null,"Value":255},{"Length":23,"Height":11,"Demand":1,"DemandMax":null,"Value":253},{"Length":16,"Height":15,"Demand":5,"DemandMax":null,"Value":240},{"Length":16,"Height":14,"Demand":5,"DemandMax":null,"Value":224},{"Length":20,"Height":10,"Demand":2,"DemandMax":null,"Value":200},{"Length":14,"Height":11,"Demand":4,"DemandMax":null,"Value":154},{"Length":15,"Height":10,"Demand":2,"DemandMax":null,"Value":150}]}