{"Name":"MB08_138","Objects":[{"Length":587,"Height":233,"Stock":null,"Cost":136771}],"Items":[{"Length":60,"Height":46,"Demand":2,"DemandMax":null,"Value":2760},{"Length":57,"Height":46,"Demand":2,"DemandMax":null,"Value":2622},{"Length":51,"Height":50,"Demand":1,"DemandMax":null,"Value":2550},{"Length":56,"Height":45,"Demand":2,"DemandMax":null,"Value":2520},{"Length":59,"Height":42,"Demand":1,"DemandMax":null,"Value":2478},{"Length":57,"Height":43,"Demand":1,"DemandMax":null,"Value":2451},{"Length":60,"Height":40,"Demand":1,"DemandMax":null,"Value":2400},{"Length":51,"Height":47,"Demand":3,"DemandMax":null,"Value":2397},{"Length":57,"Height":42,"Demand":2,"DemandMax":null,"Value":2394},{"Length":51,"Height":46,"Demand":4,"DemandMax":null,"Value":2346},{"Length":57,"Height":41,"Demand":1,"DemandMax":null,"Value":2337},{"Length":53,"Height":44,"Demand":2,"DemandMax":null,"Value":2332},{"Length":58,"Height":40,"Demand":2,"DemandMax":null,"Value":2320},{"Length":55,"Height":42,"Demand":1,"DemandMax":null,"Value":2310},{"Length":57,"Height":40,"Demand":1,"DemandMax":null,"Value":2280},{"Length":60,"Height":38,"Demand":4,"DemandMax":null,"Value":2280},{"Length":54,"Height":42,"Demand":3,"DemandMax":null,"Value":2268},{"Length":48,"Height":47,"Demand":4,"DemandMax":null,"Value":2256},{"Length":55,"Height":41,"Demand":5,"DemandMax":null,"Value":2255},{"Length":50,"Height":45,"Demand":2,"DemandMax":null,"Value":2250},{"Length":48,"Height":46,"Demand":1,"DemandMax":null,"Value":2208},{"Length":50,"Height":44,"Demand":1,"DemandMax":null,"Value":2200},{"Length":52,"Height":42,"Demand":1,"DemandMax":null,"Value":2184},{"Length":47,"Height":46,"Demand":2,"DemandMax":null,"Value":2162},{"Length":60,"Height":36,"Demand":4,"DemandMax":null,"Value":2160},{"Length":58,"Height":37,"Demand":3,"DemandMax":null,"Value":2146},{"Length":51,"Height":42,"Demand":1,"DemandMax":null,"Value":2142},{"Length":53,"Height":40,"Demand":1,"DemandMax":null,"Value":2120},{"Length":57,"Height":37,"Demand":3,"DemandMax":null,"Value":2109},{"Length":54,"Height":39,"Demand":2,"DemandMax":null,"Value":2106},{"Length":51,"Height":41,"Demand":1,"DemandMax":null,"Value":2091},{"Length":58,"Height":36,"Demand":3,"DemandMax":null,"Value":2088},{"Length":59,"Height":35,"Demand":4,"DemandMax":null,"Value":2065},{"Length":48,"Height":43,"Demand":5,"DemandMax":null,"Value":2064},{"Length":55,"Height":37,"Demand":1,"DemandMax":null,"Value":2035},{"Length":52,"Height":39,"Demand":3,"DemandMax":null,"Value":2028},{"Length":56,"Height":36,"Demand":2,"DemandMax":null,"Value":2016},{"Length":48,"Height":42,"Demand":1,"DemandMax":null,"Value":2016},{"Length":50,"Height":40,"Demand":2,"DemandMax":null,"Value":2000},{"Length":45,"Height":44,"Demand":1,"DemandMax":null,"Value":1980},{"Length":48,"Height":41,"Demand":4,"DemandMax":null,"Value":1968},{"Length":59,"Height":33,"Demand":2,"DemandMax":null,"Value":1947},{"Length":44,"Height":44,"Demand":1,"DemandMax":null,"Value":1936},{"Length":47,"Height":41,"Demand":2,"DemandMax":null,"Value":1927},{"Length":55,"Height":35,"Demand":3,"DemandMax":null,"Value":1925},{"Length":60,"Height":32,"Demand":2,"DemandMax":null,"Value":1920},{"Length":58,"Height":33,"Demand":2,"DemandMax":null,"Value":1914},{"Length":49,"Height":39,"Demand":3,"DemandMax":null,"Value":1911},{"Length":44,"Height":43,"Demand":4,"DemandMax":null,"Value":1892},{"Length":51,"Height":37,"Demand":1,"DemandMax":null,"Value":1887},{"Length":48,"Height":39,"Demand":2,"DemandMax":null,"Value":1872},{"Length":49,"Height":38,"Demand":2,"DemandMax":null,"Value":1862},{"Length":60,"Height":31,"Demand":1,"DemandMax":null,"Value":1860},{"Length":58,"Height":32,"Demand":2,"DemandMax":null,"Value":1856},{"Length":43,"Height":43,"Demand":2,"DemandMax":null,"Value":1849},{"Length":56,"Height":33,"Demand":2,"DemandMax":null,"Value":1848},{"Length":44,"Height":42,"Demand":2,"DemandMax":null,"Value":1848},{"Length":46,"Height":40,"Demand":2,"DemandMax":null,"Value":1840},{"Length":51,"Height":36,"Demand":2,"DemandMax":null,"Value":1836},{"Length":47,"Height":39,"Demand":3,"DemandMax":null,"Value":1833},{"Length":52,"Height":35,"Demand":2,"DemandMax":null,"Value":1820},{"Length":58,"Height":31,"Demand":3,"DemandMax":null,"Value":1798},{"Length":46,"Height":39,"Demand":3,"DemandMax":null,"Value":1794},{"Length":56,"Height":32,"Demand":2,"DemandMax":null,"Value":1792},{"Length":51,"Height":35,"Demand":1,"DemandMax":null,"Value":1785},{"Length":48,"Height":37,"Demand":3,"DemandMax":null,"Value":1776},{"Length":49,"Height":36,"Demand":1,"DemandMax":null,"Value":1764},{"Length":44,"Height":40,"Demand":3,"DemandMax":null,"Value":1760},{"Length":45,"Height":39,"Demand":3,"DemandMax":null,"Value":1755},{"Length":50,"Height":35,"Demand":3,"DemandMax":null,"Value":1750},{"Length":53,"Height":33,"Demand":2,"DemandMax":null,"Value":1749},{"Length":46,"Height":38,"Demand":2,"DemandMax":null,"Value":1748},{"Length":57,"Height":30,"Demand":1,"DemandMax":null,"Value":1710},{"Length":47,"Height":36,"Demand":3,"DemandMax":null,"Value":1692},{"Length":58,"Height":29,"Demand":1,"DemandMax":null,"Value":1682},{"Length":48,"Height":35,"Demand":3,"DemandMax":null,"Value":1680},{"Length":42,"Height":40,"Demand":2,"DemandMax":null,"Value":1680},{"Length":45,"Height":37,"Demand":1,"DemandMax":null,"Value":1665},{"Length":59,"Height":28,"Demand":1,"DemandMax":null,"Value":1652},{"Length":50,"Height":33,"Demand":2,"DemandMax":null,"Value":1650},{"Length":41,"Height":40,"Demand":1,"DemandMax":null,"Value":1640},{"Length":43,"Height":38,"Demand":3,"DemandMax":null,"Value":1634},{"Length":48,"Height":34,"Demand":1,"DemandMax":null,"Value":1632},{"Length":44,"Height":37,"Demand":2,"DemandMax":null,"Value":1628},{"Length":56,"Height":29,"Demand":1,"DemandMax":null,"Value":1624},{"Length":54,"Height":30,"Demand":1,"DemandMax":null,"Value":1620},{"Length":46,"Height":35,"Demand":2,"DemandMax":null,"Value":1610},{"Length":47,"Height":34,"Demand":3,"DemandMax":null,"Value":1598},{"Length":57,"Height":28,"Demand":3,"DemandMax":null,"Value":1596},{"Length":59,"Height":27,"Demand":3,"DemandMax":null,"Value":1593},{"Length":43,"Height":37,"Demand":2,"DemandMax":null,"Value":1591},{"Length":51,"Height":31,"Demand":2,"DemandMax":null,"Value":1581},{"Length":49,"Height":32,"Demand":2,"DemandMax":null,"Value":1568},{"Length":54,"Height":29,"Demand":1,"DemandMax":null,"Value":1566},{"Length":60,"Height":26,"Demand":2,"DemandMax":null,"Value":1560},{"Length":52,"Height":30,"Demand":2,"DemandMax":null,"Value":1560},{"Length":40,"Height":39,"Demand":1,"DemandMax":null,"Value":1560},{"Length":50,"Height":31,"Demand":2,"DemandMax":null,"Value":1550},{"Length":44,"Height":35,"Demand":3,"DemandMax":null,"Value":1540},{"Length":57,"Height":27,"Demand":2,"DemandMax":null,"Value":1539},{"Length":53,"Height":29,"Demand":1,"DemandMax":null,"Value":1537},{"Length":48,"Height":32,"Demand":2,"DemandMax":null,"Value":1536},{"Length":45,"Height":34,"Demand":2,"DemandMax":null,"Value":1530},{"Length":40,"Height":38,"Demand":1,"DemandMax":null,"Value":1520},{"Length":46,"Height":33,"Demand":3,"DemandMax":null,"Value":1518},{"Length":56,"Height":27,"Demand":1,"DemandMax":null,"Value":1512},{"Length":42,"Height":36,"Demand":1,"DemandMax":null,"Value":1512},{"Length":48,"Height":31,"Demand":1,"DemandMax":null,"Value":1488},{"Length":55,"Height":27,"Demand":3,"DemandMax":null,"Value":1485},{"Length":45,"Height":33,"Demand":4,"DemandMax":null,"Value":1485},{"Length":39,"Height":38,"Demand":3,"DemandMax":null,"Value":1482},{"Length":57,"Height":26,"Demand":2,"DemandMax":null,"Value":1482},{"Length":51,"Height":29,"Demand":3,"DemandMax":null,"Value":1479},{"Length":54,"Height":27,"Demand":3,"DemandMax":null,"Value":1458},{"Length":47,"Height":31,"Demand":1,"DemandMax":null,"Value":1457},{"Length":48,"Height":30,"Demand":2,"DemandMax":null,"Value":1440},{"Length":40,"Height":36,"Demand":3,"DemandMax":null,"Value":1440},{"Length":41,"Height":35,"Demand":2,"DemandMax":null,"Value":1435},{"Length":53,"Height":27,"Demand":5,"DemandMax":null,"Value":1431},{"Length":42,"Height":34,"Demand":2,"DemandMax":null,"Value":1428},{"Length":49,"Height":29,"Demand":2,"DemandMax":null,"Value":1421},{"Length":43,"Height":33,"Demand":3,"DemandMax":null,"Value":1419},{"Length":38,"Height":37,"Demand":2,"DemandMax":null,"Value":1406},{"Length":39,"Height":36,"Demand":2,"DemandMax":null,"Value":1404},{"Length":40,"Height":35,"Demand":2,"DemandMax":null,"Value":1400},{"Length":56,"Height":25,"Demand":4,"DemandMax":null,"Value":1400},{"Length":48,"Height":29,"Demand":3,"DemandMax":null,"Value":1392},{"Length":42,"Height":33,"Demand":2,"DemandMax":null,"Value":1386},{"Length":46,"Height":30,"Demand":5,"DemandMax":null,"Value":1380},{"Length":51,"Height":27,"Demand":2,"DemandMax":null,"Value":1377},{"Length":43,"Height":32,"Demand":1,"DemandMax":null,"Value":1376},{"Length":55,"Height":25,"Demand":5,"DemandMax":null,"Value":1375},{"Length":38,"Height":36,"Demand":3,"DemandMax":null,"Value":1368},{"Length":47,"Height":29,"Demand":1,"DemandMax":null,"Value":1363},{"Length":40,"Height":34,"Demand":1,"DemandMax":null,"Value":1360},{"Length":41,"Height":33,"Demand":2,"DemandMax":null,"Value":1353},{"Length":48,"Height":28,"Demand":3,"DemandMax":null,"Value":1344},{"Length":46,"Height":29,"Demand":2,"DemandMax":null,"Value":1334},{"Length":43,"Height":31,"Demand":2,"DemandMax":null,"Value":1333},{"Length":37,"Height":36,"Demand":2,"DemandMax":null,"Value":1332},{"Length":38,"Height":35,"Demand":2,"DemandMax":null,"Value":1330},{"Length":39,"Height":34,"Demand":1,"DemandMax":null,"Value":1326},{"Length":49,"Height":27,"Demand":4,"DemandMax":null,"Value":1323},{"Length":40,"Height":33,"Demand":3,"DemandMax":null,"Value":1320},{"Length":47,"Height":28,"Demand":1,"DemandMax":null,"Value":1316},{"Length":41,"Height":32,"Demand":2,"DemandMax":null,"Value":1312},{"Length":57,"Height":23,"Demand":2,"DemandMax":null,"Value":1311},{"Length":52,"Height":25,"Demand":3,"DemandMax":null,"Value":1300},{"Length":36,"Height":36,"Demand":4,"DemandMax":null,"Value":1296},{"Length":37,"Height":35,"Demand":2,"DemandMax":null,"Value":1295},{"Length":38,"Height":34,"Demand":1,"DemandMax":null,"Value":1292},{"Length":43,"Height":30,"Demand":1,"DemandMax":null,"Value":1290},{"Length":39,"Height":33,"Demand":2,"DemandMax":null,"Value":1287},{"Length":40,"Height":32,"Demand":1,"DemandMax":null,"Value":1280},{"Length":49,"Height":26,"Demand":1,"DemandMax":null,"Value":1274},{"Length":41,"Height":31,"Demand":2,"DemandMax":null,"Value":1271},{"Length":60,"Height":21,"Demand":1,"DemandMax":null,"Value":1260},{"Length":42,"Height":30,"Demand":1,"DemandMax":null,"Value":1260},{"Length":48,"Height":26,"Demand":3,"DemandMax":null,"Value":1248},{"Length":39,"Height":32,"Demand":3,"DemandMax":null,"Value":1248},{"Length":54,"Height":23,"Demand":3,"DemandMax":null,"Value":1242},{"Length":49,"Height":25,"Demand":3,"DemandMax":null,"Value":1225},{"Length":47,"Height":26,"Demand":5,"DemandMax":null,"Value":1222},{"Length":37,"Height":33,"Demand":3,"DemandMax":null,"Value":1221},{"Length":42,"Height":29,"Demand":1,"DemandMax":null,"Value":1218},{"Length":39,"Height":31,"Demand":2,"DemandMax":null,"Value":1209},{"Length":48,"Height":25,"Demand":4,"DemandMax":null,"Value":1200},{"Length":40,"Height":30,"Demand":2,"DemandMax":null,"Value":1200},{"Length":60,"Height":20,"Demand":3,"DemandMax":null,"Value":1200},{"Length":35,"Height":34,"Demand":1,"DemandMax":null,"Value":1190},{"Length":36,"Height":33,"Demand":3,"DemandMax":null,"Value":1188},{"Length":44,"Height":27,"Demand":1,"DemandMax":null,"Value":1188},{"Length":37,"Height":32,"Demand":2,"DemandMax":null,"Value":1184},{"Length":38,"Height":31,"Demand":1,"DemandMax":null,"Value":1178},{"Length":56,"Height":21,"Demand":3,"DemandMax":null,"Value":1176},{"Length":49,"Height":24,"Demand":3,"DemandMax":null,"Value":1176},{"Length":39,"Height":30,"Demand":1,"DemandMax":null,"Value":1170},{"Length":53,"Height":22,"Demand":1,"DemandMax":null,"Value":1166},{"Length":43,"Height":27,"Demand":1,"DemandMax":null,"Value":1161},{"Length":40,"Height":29,"Demand":4,"DemandMax":null,"Value":1160},{"Length":34,"Height":34,"Demand":2,"DemandMax":null,"Value":1156},{"Length":35,"Height":33,"Demand":1,"DemandMax":null,"Value":1155},{"Length":55,"Height":21,"Demand":2,"DemandMax":null,"Value":1155},{"Length":50,"Height":23,"Demand":3,"DemandMax":null,"Value":1150},{"Length":44,"Height":26,"Demand":1,"DemandMax":null,"Value":1144},{"Length":60,"Height":19,"Demand":2,"DemandMax":null,"Value":1140},{"Length":38,"Height":30,"Demand":1,"DemandMax":null,"Value":1140},{"Length":54,"Height":21,"Demand":1,"DemandMax":null,"Value":1134},{"Length":39,"Height":29,"Demand":2,"DemandMax":null,"Value":1131},{"Length":45,"Height":25,"Demand":2,"DemandMax":null,"Value":1125},{"Length":40,"Height":28,"Demand":3,"DemandMax":null,"Value":1120},{"Length":43,"Height":26,"Demand":2,"DemandMax":null,"Value":1118},{"Length":36,"Height":31,"Demand":1,"DemandMax":null,"Value":1116},{"Length":37,"Height":30,"Demand":2,"DemandMax":null,"Value":1110},{"Length":48,"Height":23,"Demand":1,"DemandMax":null,"Value":1104},{"Length":58,"Height":19,"Demand":3,"DemandMax":null,"Value":1102},{"Length":44,"Height":25,"Demand":1,"DemandMax":null,"Value":1100},{"Length":55,"Height":20,"Demand":4,"DemandMax":null,"Value":1100},{"Length":50,"Height":22,"Demand":4,"DemandMax":null,"Value":1100},{"Length":42,"Height":26,"Demand":1,"DemandMax":null,"Value":1092},{"Length":39,"Height":28,"Demand":9,"DemandMax":null,"Value":1092},{"Length":52,"Height":21,"Demand":5,"DemandMax":null,"Value":1092},{"Length":34,"Height":32,"Demand":5,"DemandMax":null,"Value":1088},{"Length":35,"Height":31,"Demand":1,"DemandMax":null,"Value":1085},{"Length":57,"Height":19,"Demand":6,"DemandMax":null,"Value":1083},{"Length":47,"Height":23,"Demand":3,"DemandMax":null,"Value":1081},{"Length":40,"Height":27,"Demand":3,"DemandMax":null,"Value":1080},{"Length":45,"Height":24,"Demand":7,"DemandMax":null,"Value":1080},{"Length":36,"Height":30,"Demand":4,"DemandMax":null,"Value":1080},{"Length":49,"Height":22,"Demand":4,"DemandMax":null,"Value":1078},{"Length":37,"Height":29,"Demand":1,"DemandMax":null,"Value":1073},{"Length":38,"Height":28,"Demand":1,"DemandMax":null,"Value":1064},{"Length":59,"Height":18,"Demand":2,"DemandMax":null,"Value":1062},{"Length":33,"Height":32,"Demand":4,"DemandMax":null,"Value":1056},{"Length":44,"Height":24,"Demand":3,"DemandMax":null,"Value":1056},{"Length":34,"Height":31,"Demand":4,"DemandMax":null,"Value":1054},{"Length":39,"Height":27,"Demand":3,"DemandMax":null,"Value":1053},{"Length":35,"Height":30,"Demand":3,"DemandMax":null,"Value":1050},{"Length":58,"Height":18,"Demand":2,"DemandMax":null,"Value":1044},{"Length":36,"Height":29,"Demand":2,"DemandMax":null,"Value":1044},{"Length":40,"Height":26,"Demand":2,"DemandMax":null,"Value":1040},{"Length":37,"Height":28,"Demand":3,"DemandMax":null,"Value":1036},{"Length":45,"Height":23,"Demand":1,"DemandMax":null,"Value":1035},{"Length":43,"Height":24,"Demand":2,"DemandMax":null,"Value":1032},{"Length":49,"Height":21,"Demand":4,"DemandMax":null,"Value":1029},{"Length":57,"Height":18,"Demand":2,"DemandMax":null,"Value":1026},{"Length":38,"Height":27,"Demand":6,"DemandMax":null,"Value":1026},{"Length":41,"Height":25,"Demand":2,"DemandMax":null,"Value":1025},{"Length":32,"Height":32,"Demand":3,"DemandMax":null,"Value":1024},{"Length":35,"Height":29,"Demand":4,"DemandMax":null,"Value":1015},{"Length":39,"Height":26,"Demand":4,"DemandMax":null,"Value":1014},{"Length":46,"Height":22,"Demand":2,"DemandMax":null,"Value":1012},{"Length":44,"Height":23,"Demand":1,"DemandMax":null,"Value":1012},{"Length":36,"Height":28,"Demand":3,"DemandMax":null,"Value":1008},{"Length":42,"Height":24,"Demand":2,"DemandMax":null,"Value":1008},{"Length":59,"Height":17,"Demand":4,"DemandMax":null,"Value":1003},{"Length":50,"Height":20,"Demand":1,"DemandMax":null,"Value":1000},{"Length":40,"Height":25,"Demand":2,"DemandMax":null,"Value":1000},{"Length":32,"Height":31,"Demand":1,"DemandMax":null,"Value":992},{"Length":45,"Height":22,"Demand":1,"DemandMax":null,"Value":990},{"Length":43,"Height":23,"Demand":2,"DemandMax":null,"Value":989},{"Length":47,"Height":21,"Demand":3,"DemandMax":null,"Value":987},{"Length":49,"Height":20,"Demand":3,"DemandMax":null,"Value":980},{"Length":36,"Height":27,"Demand":2,"DemandMax":null,"Value":972},{"Length":57,"Height":17,"Demand":1,"DemandMax":null,"Value":969},{"Length":44,"Height":22,"Demand":5,"DemandMax":null,"Value":968},{"Length":42,"Height":23,"Demand":3,"DemandMax":null,"Value":966},{"Length":46,"Height":21,"Demand":2,"DemandMax":null,"Value":966},{"Length":60,"Height":16,"Demand":3,"DemandMax":null,"Value":960},{"Length":40,"Height":24,"Demand":1,"DemandMax":null,"Value":960},{"Length":32,"Height":30,"Demand":1,"DemandMax":null,"Value":960},{"Length":33,"Height":29,"Demand":1,"DemandMax":null,"Value":957},{"Length":34,"Height":28,"Demand":2,"DemandMax":null,"Value":952},{"Length":38,"Height":25,"Demand":6,"DemandMax":null,"Value":950},{"Length":50,"Height":19,"Demand":4,"DemandMax":null,"Value":950},{"Length":39,"Height":24,"Demand":5,"DemandMax":null,"Value":936},{"Length":36,"Height":26,"Demand":2,"DemandMax":null,"Value":936},{"Length":49,"Height":19,"Demand":2,"DemandMax":null,"Value":931},{"Length":31,"Height":30,"Demand":3,"DemandMax":null,"Value":930},{"Length":42,"Height":22,"Demand":2,"DemandMax":null,"Value":924},{"Length":44,"Height":21,"Demand":2,"DemandMax":null,"Value":924},{"Length":46,"Height":20,"Demand":4,"DemandMax":null,"Value":920},{"Length":40,"Height":23,"Demand":7,"DemandMax":null,"Value":920},{"Length":34,"Height":27,"Demand":2,"DemandMax":null,"Value":918},{"Length":35,"Height":26,"Demand":1,"DemandMax":null,"Value":910},{"Length":41,"Height":22,"Demand":3,"DemandMax":null,"Value":902},{"Length":53,"Height":17,"Demand":1,"DemandMax":null,"Value":901},{"Length":30,"Height":30,"Demand":2,"DemandMax":null,"Value":900},{"Length":60,"Height":15,"Demand":1,"DemandMax":null,"Value":900},{"Length":45,"Height":20,"Demand":5,"DemandMax":null,"Value":900},{"Length":50,"Height":18,"Demand":3,"DemandMax":null,"Value":900},{"Length":36,"Height":25,"Demand":1,"DemandMax":null,"Value":900},{"Length":31,"Height":29,"Demand":5,"DemandMax":null,"Value":899},{"Length":39,"Height":23,"Demand":5,"DemandMax":null,"Value":897},{"Length":32,"Height":28,"Demand":2,"DemandMax":null,"Value":896},{"Length":47,"Height":19,"Demand":1,"DemandMax":null,"Value":893},{"Length":33,"Height":27,"Demand":2,"DemandMax":null,"Value":891},{"Length":34,"Height":26,"Demand":1,"DemandMax":null,"Value":884},{"Length":49,"Height":18,"Demand":2,"DemandMax":null,"Value":882},{"Length":42,"Height":21,"Demand":2,"DemandMax":null,"Value":882},{"Length":44,"Height":20,"Demand":2,"DemandMax":null,"Value":880},{"Length":35,"Height":25,"Demand":2,"DemandMax":null,"Value":875},{"Length":46,"Height":19,"Demand":4,"DemandMax":null,"Value":874},{"Length":38,"Height":23,"Demand":3,"DemandMax":null,"Value":874},{"Length":58,"Height":15,"Demand":1,"DemandMax":null,"Value":870},{"Length":30,"Height":29,"Demand":3,"DemandMax":null,"Value":870},{"Length":31,"Height":28,"Demand":1,"DemandMax":null,"Value":868},{"Length":54,"Height":16,"Demand":2,"DemandMax":null,"Value":864},{"Length":32,"Height":27,"Demand":2,"DemandMax":null,"Value":864},{"Length":41,"Height":21,"Demand":2,"DemandMax":null,"Value":861},{"Length":43,"Height":20,"Demand":1,"DemandMax":null,"Value":860},{"Length":39,"Height":22,"Demand":2,"DemandMax":null,"Value":858},{"Length":33,"Height":26,"Demand":2,"DemandMax":null,"Value":858},{"Length":37,"Height":23,"Demand":1,"DemandMax":null,"Value":851},{"Length":35,"Height":24,"Demand":2,"DemandMax":null,"Value":840},{"Length":40,"Height":21,"Demand":3,"DemandMax":null,"Value":840},{"Length":30,"Height":28,"Demand":2,"DemandMax":null,"Value":840},{"Length":60,"Height":14,"Demand":2,"DemandMax":null,"Value":840},{"Length":31,"Height":27,"Demand":1,"DemandMax":null,"Value":837},{"Length":38,"Height":22,"Demand":1,"DemandMax":null,"Value":836},{"Length":32,"Height":26,"Demand":2,"DemandMax":null,"Value":832},{"Length":46,"Height":18,"Demand":3,"DemandMax":null,"Value":828},{"Length":36,"Height":23,"Demand":4,"DemandMax":null,"Value":828},{"Length":33,"Height":25,"Demand":1,"DemandMax":null,"Value":825},{"Length":55,"Height":15,"Demand":3,"DemandMax":null,"Value":825},{"Length":34,"Height":24,"Demand":6,"DemandMax":null,"Value":816},{"Length":51,"Height":16,"Demand":3,"DemandMax":null,"Value":816},{"Length":48,"Height":17,"Demand":2,"DemandMax":null,"Value":816},{"Length":37,"Height":22,"Demand":3,"DemandMax":null,"Value":814},{"Length":29,"Height":28,"Demand":2,"DemandMax":null,"Value":812},{"Length":45,"Height":18,"Demand":5,"DemandMax":null,"Value":810},{"Length":30,"Height":27,"Demand":1,"DemandMax":null,"Value":810},{"Length":31,"Height":26,"Demand":3,"DemandMax":null,"Value":806},{"Length":40,"Height":20,"Demand":2,"DemandMax":null,"Value":800},{"Length":50,"Height":16,"Demand":3,"DemandMax":null,"Value":800},{"Length":38,"Height":21,"Demand":1,"DemandMax":null,"Value":798},{"Length":36,"Height":22,"Demand":2,"DemandMax":null,"Value":792},{"Length":33,"Height":24,"Demand":1,"DemandMax":null,"Value":792},{"Length":44,"Height":18,"Demand":2,"DemandMax":null,"Value":792},{"Length":28,"Height":28,"Demand":1,"DemandMax":null,"Value":784},{"Length":29,"Height":27,"Demand":2,"DemandMax":null,"Value":783},{"Length":34,"Height":23,"Demand":4,"DemandMax":null,"Value":782},{"Length":46,"Height":17,"Demand":2,"DemandMax":null,"Value":782},{"Length":30,"Height":26,"Demand":1,"DemandMax":null,"Value":780},{"Length":41,"Height":19,"Demand":3,"DemandMax":null,"Value":779},{"Length":37,"Height":21,"Demand":1,"DemandMax":null,"Value":777},{"Length":31,"Height":25,"Demand":2,"DemandMax":null,"Value":775},{"Length":43,"Height":18,"Demand":1,"DemandMax":null,"Value":774},{"Length":35,"Height":22,"Demand":4,"DemandMax":null,"Value":770},{"Length":32,"Height":24,"Demand":2,"DemandMax":null,"Value":768},{"Length":45,"Height":17,"Demand":1,"DemandMax":null,"Value":765},{"Length":38,"Height":20,"Demand":2,"DemandMax":null,"Value":760},{"Length":36,"Height":21,"Demand":1,"DemandMax":null,"Value":756},{"Length":42,"Height":18,"Demand":1,"DemandMax":null,"Value":756},{"Length":28,"Height":27,"Demand":2,"DemandMax":null,"Value":756},{"Length":29,"Height":26,"Demand":3,"DemandMax":null,"Value":754},{"Length":30,"Height":25,"Demand":6,"DemandMax":null,"Value":750},{"Length":50,"Height":15,"Demand":2,"DemandMax":null,"Value":750},{"Length":34,"Height":22,"Demand":5,"DemandMax":null,"Value":748},{"Length":44,"Height":17,"Demand":1,"DemandMax":null,"Value":748},{"Length":37,"Height":20,"Demand":3,"DemandMax":null,"Value":740},{"Length":41,"Height":18,"Demand":1,"DemandMax":null,"Value":738},{"Length":46,"Height":16,"Demand":1,"DemandMax":null,"Value":736},{"Length":32,"Height":23,"Demand":4,"DemandMax":null,"Value":736},{"Length":35,"Height":21,"Demand":3,"DemandMax":null,"Value":735},{"Length":49,"Height":15,"Demand":2,"DemandMax":null,"Value":735},{"Length":43,"Height":17,"Demand":3,"DemandMax":null,"Value":731},{"Length":27,"Height":27,"Demand":2,"DemandMax":null,"Value":729},{"Length":56,"Height":13,"Demand":3,"DemandMax":null,"Value":728},{"Length":28,"Height":26,"Demand":2,"DemandMax":null,"Value":728},{"Length":33,"Height":22,"Demand":5,"DemandMax":null,"Value":726},{"Length":29,"Height":25,"Demand":1,"DemandMax":null,"Value":725},{"Length":38,"Height":19,"Demand":2,"DemandMax":null,"Value":722},{"Length":30,"Height":24,"Demand":6,"DemandMax":null,"Value":720},{"Length":48,"Height":15,"Demand":1,"DemandMax":null,"Value":720},{"Length":45,"Height":16,"Demand":3,"DemandMax":null,"Value":720},{"Length":36,"Height":20,"Demand":2,"DemandMax":null,"Value":720},{"Length":42,"Height":17,"Demand":1,"DemandMax":null,"Value":714},{"Length":34,"Height":21,"Demand":1,"DemandMax":null,"Value":714},{"Length":31,"Height":23,"Demand":2,"DemandMax":null,"Value":713},{"Length":32,"Height":22,"Demand":1,"DemandMax":null,"Value":704},{"Length":44,"Height":16,"Demand":3,"DemandMax":null,"Value":704},{"Length":37,"Height":19,"Demand":2,"DemandMax":null,"Value":703},{"Length":27,"Height":26,"Demand":3,"DemandMax":null,"Value":702},{"Length":28,"Height":25,"Demand":2,"DemandMax":null,"Value":700},{"Length":35,"Height":20,"Demand":5,"DemandMax":null,"Value":700},{"Length":50,"Height":14,"Demand":2,"DemandMax":null,"Value":700},{"Length":33,"Height":21,"Demand":2,"DemandMax":null,"Value":693},{"Length":30,"Height":23,"Demand":5,"DemandMax":null,"Value":690},{"Length":46,"Height":15,"Demand":4,"DemandMax":null,"Value":690},{"Length":36,"Height":19,"Demand":1,"DemandMax":null,"Value":684},{"Length":34,"Height":20,"Demand":2,"DemandMax":null,"Value":680},{"Length":45,"Height":15,"Demand":2,"DemandMax":null,"Value":675},{"Length":42,"Height":16,"Demand":3,"DemandMax":null,"Value":672},{"Length":32,"Height":21,"Demand":4,"DemandMax":null,"Value":672},{"Length":48,"Height":14,"Demand":3,"DemandMax":null,"Value":672},{"Length":28,"Height":24,"Demand":1,"DemandMax":null,"Value":672},{"Length":35,"Height":19,"Demand":2,"DemandMax":null,"Value":665},{"Length":51,"Height":13,"Demand":3,"DemandMax":null,"Value":663},{"Length":39,"Height":17,"Demand":2,"DemandMax":null,"Value":663},{"Length":33,"Height":20,"Demand":4,"DemandMax":null,"Value":660},{"Length":55,"Height":12,"Demand":1,"DemandMax":null,"Value":660},{"Length":30,"Height":22,"Demand":1,"DemandMax":null,"Value":660},{"Length":44,"Height":15,"Demand":1,"DemandMax":null,"Value":660},{"Length":31,"Height":21,"Demand":2,"DemandMax":null,"Value":651},{"Length":50,"Height":13,"Demand":2,"DemandMax":null,"Value":650},{"Length":26,"Height":25,"Demand":2,"DemandMax":null,"Value":650},{"Length":36,"Height":18,"Demand":3,"DemandMax":null,"Value":648},{"Length":38,"Height":17,"Demand":3,"DemandMax":null,"Value":646},{"Length":28,"Height":23,"Demand":3,"DemandMax":null,"Value":644},{"Length":40,"Height":16,"Demand":2,"DemandMax":null,"Value":640},{"Length":32,"Height":20,"Demand":2,"DemandMax":null,"Value":640},{"Length":29,"Height":22,"Demand":3,"DemandMax":null,"Value":638},{"Length":45,"Height":14,"Demand":3,"DemandMax":null,"Value":630},{"Length":33,"Height":19,"Demand":9,"DemandMax":null,"Value":627},{"Length":57,"Height":11,"Demand":6,"DemandMax":null,"Value":627},{"Length":39,"Height":16,"Demand":3,"DemandMax":null,"Value":624},{"Length":26,"Height":24,"Demand":1,"DemandMax":null,"Value":624},{"Length":27,"Height":23,"Demand":3,"DemandMax":null,"Value":621},{"Length":31,"Height":20,"Demand":3,"DemandMax":null,"Value":620},{"Length":28,"Height":22,"Demand":1,"DemandMax":null,"Value":616},{"Length":44,"Height":14,"Demand":1,"DemandMax":null,"Value":616},{"Length":41,"Height":15,"Demand":5,"DemandMax":null,"Value":615},{"Length":34,"Height":18,"Demand":1,"DemandMax":null,"Value":612},{"Length":36,"Height":17,"Demand":3,"DemandMax":null,"Value":612},{"Length":38,"Height":16,"Demand":1,"DemandMax":null,"Value":608},{"Length":43,"Height":14,"Demand":4,"DemandMax":null,"Value":602},{"Length":30,"Height":20,"Demand":1,"DemandMax":null,"Value":600},{"Length":40,"Height":15,"Demand":1,"DemandMax":null,"Value":600},{"Length":46,"Height":13,"Demand":1,"DemandMax":null,"Value":598},{"Length":26,"Height":23,"Demand":3,"DemandMax":null,"Value":598},{"Length":35,"Height":17,"Demand":2,"DemandMax":null,"Value":595},{"Length":54,"Height":11,"Demand":3,"DemandMax":null,"Value":594},{"Length":27,"Height":22,"Demand":2,"DemandMax":null,"Value":594},{"Length":37,"Height":16,"Demand":1,"DemandMax":null,"Value":592},{"Length":28,"Height":21,"Demand":1,"DemandMax":null,"Value":588},{"Length":39,"Height":15,"Demand":4,"DemandMax":null,"Value":585},{"Length":29,"Height":20,"Demand":2,"DemandMax":null,"Value":580},{"Length":34,"Height":17,"Demand":2,"DemandMax":null,"Value":578},{"Length":36,"Height":16,"Demand":5,"DemandMax":null,"Value":576},{"Length":32,"Height":18,"Demand":4,"DemandMax":null,"Value":576},{"Length":48,"Height":12,"Demand":3,"DemandMax":null,"Value":576},{"Length":52,"Height":11,"Demand":3,"DemandMax":null,"Value":572},{"Length":44,"Height":13,"Demand":3,"DemandMax":null,"Value":572},{"Length":26,"Height":22,"Demand":1,"DemandMax":null,"Value":572},{"Length":30,"Height":19,"Demand":3,"DemandMax":null,"Value":570},{"Length":38,"Height":15,"Demand":3,"DemandMax":null,"Value":570},{"Length":35,"Height":16,"Demand":2,"DemandMax":null,"Value":560},{"Length":28,"Height":20,"Demand":3,"DemandMax":null,"Value":560},{"Length":31,"Height":18,"Demand":1,"DemandMax":null,"Value":558},{"Length":37,"Height":15,"Demand":1,"DemandMax":null,"Value":555},{"Length":46,"Height":12,"Demand":3,"DemandMax":null,"Value":552},{"Length":24,"Height":23,"Demand":1,"DemandMax":null,"Value":552},{"Length":29,"Height":19,"Demand":2,"DemandMax":null,"Value":551},{"Length":26,"Height":21,"Demand":1,"DemandMax":null,"Value":546},{"Length":32,"Height":17,"Demand":4,"DemandMax":null,"Value":544},{"Length":34,"Height":16,"Demand":6,"DemandMax":null,"Value":544},{"Length":45,"Height":12,"Demand":4,"DemandMax":null,"Value":540},{"Length":30,"Height":18,"Demand":2,"DemandMax":null,"Value":540},{"Length":36,"Height":15,"Demand":2,"DemandMax":null,"Value":540},{"Length":28,"Height":19,"Demand":3,"DemandMax":null,"Value":532},{"Length":38,"Height":14,"Demand":2,"DemandMax":null,"Value":532},{"Length":23,"Height":23,"Demand":1,"DemandMax":null,"Value":529},{"Length":48,"Height":11,"Demand":4,"DemandMax":null,"Value":528},{"Length":24,"Height":22,"Demand":2,"DemandMax":null,"Value":528},{"Length":31,"Height":17,"Demand":2,"DemandMax":null,"Value":527},{"Length":35,"Height":15,"Demand":2,"DemandMax":null,"Value":525},{"Length":25,"Height":21,"Demand":3,"DemandMax":null,"Value":525},{"Length":29,"Height":18,"Demand":4,"DemandMax":null,"Value":522},{"Length":26,"Height":20,"Demand":3,"DemandMax":null,"Value":520},{"Length":27,"Height":19,"Demand":2,"DemandMax":null,"Value":513},{"Length":32,"Height":16,"Demand":2,"DemandMax":null,"Value":512},{"Length":30,"Height":17,"Demand":2,"DemandMax":null,"Value":510},{"Length":34,"Height":15,"Demand":3,"DemandMax":null,"Value":510},{"Length":39,"Height":13,"Demand":3,"DemandMax":null,"Value":507},{"Length":46,"Height":11,"Demand":2,"DemandMax":null,"Value":506},{"Length":36,"Height":14,"Demand":2,"DemandMax":null,"Value":504},{"Length":24,"Height":21,"Demand":2,"DemandMax":null,"Value":504},{"Length":42,"Height":12,"Demand":4,"DemandMax":null,"Value":504},{"Length":28,"Height":18,"Demand":4,"DemandMax":null,"Value":504},{"Length":25,"Height":20,"Demand":1,"DemandMax":null,"Value":500},{"Length":31,"Height":16,"Demand":2,"DemandMax":null,"Value":496},{"Length":26,"Height":19,"Demand":5,"DemandMax":null,"Value":494},{"Length":38,"Height":13,"Demand":2,"DemandMax":null,"Value":494},{"Length":49,"Height":10,"Demand":4,"DemandMax":null,"Value":490},{"Length":23,"Height":21,"Demand":1,"DemandMax":null,"Value":483},{"Length":37,"Height":13,"Demand":4,"DemandMax":null,"Value":481},{"Length":30,"Height":16,"Demand":2,"DemandMax":null,"Value":480},{"Length":32,"Height":15,"Demand":2,"DemandMax":null,"Value":480},{"Length":40,"Height":12,"Demand":2,"DemandMax":null,"Value":480},{"Length":24,"Height":20,"Demand":2,"DemandMax":null,"Value":480},{"Length":34,"Height":14,"Demand":3,"DemandMax":null,"Value":476},{"Length":28,"Height":17,"Demand":3,"DemandMax":null,"Value":476},{"Length":25,"Height":19,"Demand":2,"DemandMax":null,"Value":475},{"Length":39,"Height":12,"Demand":2,"DemandMax":null,"Value":468},{"Length":26,"Height":18,"Demand":3,"DemandMax":null,"Value":468},{"Length":31,"Height":15,"Demand":2,"DemandMax":null,"Value":465},{"Length":29,"Height":16,"Demand":2,"DemandMax":null,"Value":464},{"Length":33,"Height":14,"Demand":1,"DemandMax":null,"Value":462},{"Length":22,"Height":21,"Demand":1,"DemandMax":null,"Value":462},{"Length":42,"Height":11,"Demand":5,"DemandMax":null,"Value":462},{"Length":23,"Height":20,"Demand":2,"DemandMax":null,"Value":460},{"Length":46,"Height":10,"Demand":2,"DemandMax":null,"Value":460},{"Length":27,"Height":17,"Demand":3,"DemandMax":null,"Value":459},{"Length":38,"Height":12,"Demand":1,"DemandMax":null,"Value":456},{"Length":24,"Height":19,"Demand":1,"DemandMax":null,"Value":456},{"Length":35,"Height":13,"Demand":2,"DemandMax":null,"Value":455},{"Length":30,"Height":15,"Demand":3,"DemandMax":null,"Value":450},{"Length":25,"Height":18,"Demand":2,"DemandMax":null,"Value":450},{"Length":37,"Height":12,"Demand":2,"DemandMax":null,"Value":444},{"Length":34,"Height":13,"Demand":1,"DemandMax":null,"Value":442},{"Length":26,"Height":17,"Demand":3,"DemandMax":null,"Value":442},{"Length":22,"Height":20,"Demand":2,"DemandMax":null,"Value":440},{"Length":44,"Height":10,"Demand":3,"DemandMax":null,"Value":440},{"Length":40,"Height":11,"Demand":1,"DemandMax":null,"Value":440},{"Length":23,"Height":19,"Demand":4,"DemandMax":null,"Value":437},{"Length":29,"Height":15,"Demand":3,"DemandMax":null,"Value":435},{"Length":31,"Height":14,"Demand":1,"DemandMax":null,"Value":434},{"Length":24,"Height":18,"Demand":1,"DemandMax":null,"Value":432},{"Length":36,"Height":12,"Demand":4,"DemandMax":null,"Value":432},{"Length":27,"Height":16,"Demand":4,"DemandMax":null,"Value":432},{"Length":43,"Height":10,"Demand":3,"DemandMax":null,"Value":430},{"Length":39,"Height":11,"Demand":1,"DemandMax":null,"Value":429},{"Length":25,"Height":17,"Demand":1,"DemandMax":null,"Value":425},{"Length":21,"Height":20,"Demand":2,"DemandMax":null,"Value":420},{"Length":35,"Height":12,"Demand":3,"DemandMax":null,"Value":420},{"Length":30,"Height":14,"Demand":1,"DemandMax":null,"Value":420},{"Length":22,"Height":19,"Demand":2,"DemandMax":null,"Value":418},{"Length":26,"Height":16,"Demand":3,"DemandMax":null,"Value":416},{"Length":23,"Height":18,"Demand":3,"DemandMax":null,"Value":414},{"Length":41,"Height":10,"Demand":3,"DemandMax":null,"Value":410},{"Length":34,"Height":12,"Demand":1,"DemandMax":null,"Value":408},{"Length":24,"Height":17,"Demand":3,"DemandMax":null,"Value":408},{"Length":29,"Height":14,"Demand":1,"DemandMax":null,"Value":406},{"Length":31,"Height":13,"Demand":3,"DemandMax":null,"Value":403},{"Length":25,"Height":16,"Demand":2,"DemandMax":null,"Value":400},{"Length":40,"Height":10,"Demand":2,"DemandMax":null,"Value":400},{"Length":20,"Height":20,"Demand":2,"DemandMax":null,"Value":400},{"Length":21,"Height":19,"Demand":1,"DemandMax":null,"Value":399},{"Length":22,"Height":18,"Demand":1,"DemandMax":null,"Value":396},{"Length":23,"Height":17,"Demand":3,"DemandMax":null,"Value":391},{"Length":30,"Height":13,"Demand":5,"DemandMax":null,"Value":390},{"Length":26,"Height":15,"Demand":9,"DemandMax":null,"Value":390},{"Length":39,"Height":10,"Demand":3,"DemandMax":null,"Value":390},{"Length":24,"Height":16,"Demand":3,"DemandMax":null,"Value":384},{"Length":20,"Height":19,"Demand":2,"DemandMax":null,"Value":380},{"Length":27,"Height":14,"Demand":1,"DemandMax":null,"Value":378},{"Length":22,"Height":17,"Demand":2,"DemandMax":null,"Value":374},{"Length":31,"Height":12,"Demand":2,"DemandMax":null,"Value":372},{"Length":37,"Height":10,"Demand":1,"DemandMax":null,"Value":370},{"Length":23,"Height":16,"Demand":3,"DemandMax":null,"Value":368},{"Length":28,"Height":13,"Demand":3,"DemandMax":null,"Value":364},{"Length":20,"Height":18,"Demand":1,"DemandMax":null,"Value":360},{"Length":21,"Height":17,"Demand":2,"DemandMax":null,"Value":357},{"Length":22,"Height":16,"Demand":2,"DemandMax":null,"Value":352},{"Length":27,"Height":13,"Demand":1,"DemandMax":null,"Value":351},{"Length":25,"Height":14,"Demand":1,"DemandMax":null,"Value":350},{"Length":29,"Height":12,"Demand":4,"DemandMax":null,"Value":348},{"Length":23,"Height":15,"Demand":2,"DemandMax":null,"Value":345},{"Length":19,"Height":18,"Demand":1,"DemandMax":null,"Value":342},{"Length":20,"Height":17,"Demand":2,"DemandMax":null,"Value":340},{"Length":26,"Height":13,"Demand":2,"DemandMax":null,"Value":338},{"Length":24,"Height":14,"Demand":4,"DemandMax":null,"Value":336},{"Length":21,"Height":16,"Demand":1,"DemandMax":null,"Value":336},{"Length":18,"Height":18,"Demand":2,"DemandMax":null,"Value":324},{"Length":19,"Height":17,"Demand":2,"DemandMax":null,"Value":323},{"Length":23,"Height":14,"Demand":1,"DemandMax":null,"Value":322},{"Length":32,"Height":10,"Demand":3,"DemandMax":null,"Value":320},{"Length":20,"Height":16,"Demand":3,"DemandMax":null,"Value":320},{"Length":24,"Height":13,"Demand":1,"DemandMax":null,"Value":312},{"Length":28,"Height":11,"Demand":2,"DemandMax":null,"Value":308},{"Length":22,"Height":14,"Demand":2,"DemandMax":null,"Value":308},{"Length":19,"Height":16,"Demand":1,"DemandMax":null,"Value":304},{"Length":20,"Height":15,"Demand":2,"DemandMax":null,"Value":300},{"Length":23,"Height":13,"Demand":2,"DemandMax":null,"Value":299},{"Length":21,"Height":14,"Demand":3,"DemandMax":null,"Value":294},{"Length":29,"Height":10,"Demand":1,"DemandMax":null,"Value":290},{"Length":17,"Height":17,"Demand":2,"DemandMax":null,"Value":289},{"Length":22,"Height":13,"Demand":1,"DemandMax":null,"Value":286},{"Length":19,"Height":15,"Demand":1,"DemandMax":null,"Value":285},{"Length":20,"Height":14,"Demand":1,"DemandMax":null,"Value":280},{"Length":25,"Height":11,"Demand":1,"DemandMax":null,"Value":275},{"Length":21,"Height":13,"Demand":2,"DemandMax":null,"Value":273},{"Length":17,"Height":16,"Demand":1,"DemandMax":null,"Value":272},{"Length":18,"Height":15,"Demand":3,"DemandMax":null,"Value":270},{"Length":24,"Height":11,"Demand":1,"DemandMax":null,"Value":264},{"Length":22,"Height":12,"Demand":3,"DemandMax":null,"Value":264},{"Length":26,"Height":10,"Demand":1,"DemandMax":null,"Value":260},{"Length":20,"Height":13,"Demand":4,"DemandMax":null,"Value":260},{"Length":16,"Height":16,"Demand":1,"DemandMax":null,"Value":256},{"Length":17,"Height":15,"Demand":1,"DemandMax":null,"Value":255},{"Length":19,"Height":13,"Demand":2,"DemandMax":null,"Value":247},{"Length":22,"Height":11,"Demand":4,"DemandMax":null,"Value":242},{"Length":16,"Height":15,"Demand":2,"DemandMax":null,"Value":240},{"Length":20,"Height":12,"Demand":2,"DemandMax":null,"Value":240},{"Length":24,"Height":10,"Demand":1,"DemandMax":null,"Value":240},{"Length":17,"Height":14,"Demand":3,"DemandMax":null,"Value":238},{"Length":18,"Height":13,"Demand":3,"DemandMax":null,"Value":234},{"Length":15,"Height":15,"Demand":2,"DemandMax":null,"Value":225},{"Length":16,"Height":14,"Demand":1,"DemandMax":null,"Value":224},{"Length":17,"Height":13,"Demand":1,"DemandMax":null,"Value":221},{"Length":21,"Height":10,"Demand":2,"DemandMax":null,"Value":210},{"Length":19,"Height":11,"Demand":2,"DemandMax":null,"Value":209},{"Length":16,"Height":13,"Demand":2,"DemandMax":null,"Value":208},{"Length":20,"Height":10,"Demand":2,"DemandMax":null,"Value":200},{"Length":15,"Height":13,"Demand":2,"DemandMax":null,"Value":195},{"Length":16,"Height":12,"Demand":4,"DemandMax":null,"Value":192},{"Length":14,"Height":13,"Demand":3,"DemandMax":null,"Value":182},{"Length":15,"Height":12,"Demand":5,"DemandMax":null,"Value":180},{"Length":16,"Height":11,"Demand":3,"DemandMax":null,"Value":176},{"Length":17,"Height":10,"Demand":3,"DemandMax":null,"Value":170},{"Length":13,"Height":13,"Demand":1,"DemandMax":null,"Value":169},{"Length":15,"Height":11,"Demand":2,"DemandMax":null,"Value":165},{"Length":13,"Height":12,"Demand":2,"DemandMax":null,"Value":156},{"Length":13,"Height":11,"Demand":1,"DemandMax":null,"Value":143}]}