{"Name":"MB09_046","Objects":[{"Length":432,"Height":79,"Stock":null,"Cost":34128}],"Items":[{"Length":43,"Height":42,"Demand":131,"DemandMax":null,"Value":1806},{"Length":39,"Height":36,"Demand":109,"DemandMax":null,"Value":1404},{"Length":44,"Height":25,"Demand":118,"DemandMax":null,"Value":1100},{"Length":35,"Height":30,"Demand":118,"DemandMax":null,"Value":1050},{"Length":35,"Height":27,"Demand":121,"DemandMax":null,"Value":945},{"Length":33,"Height":28,"Demand":125,"DemandMax":null,"Value":924},{"Length":40,"Height":22,"Demand":128,"DemandMax":null,"Value":880},{"Length":34,"Height":23,"Demand":129,"DemandMax":null,"Value":782},{"Length":37,"Height":18,"Demand":117,"DemandMax":null,"Value":666},{"Length":28,"Height":23,"Demand":98,"DemandMax":null,"Value":644},{"Length":25,"Height":25,"Demand":120,"DemandMax":null,"Value":625},{"Length":34,"Height":13,"Demand":108,"DemandMax":null,"Value":442}]}