{"Name":"MB09_129","Objects":[{"Length":432,"Height":79,"Stock":null,"Cost":34128}],"Items":[{"Length":59,"Height":38,"Demand":17,"DemandMax":null,"Value":2242},{"Length":50,"Height":43,"Demand":19,"DemandMax":null,"Value":2150},{"Length":52,"Height":39,"Demand":16,"DemandMax":null,"Value":2028},{"Length":48,"Height":40,"Demand":17,"DemandMax":null,"Value":1920},{"Length":45,"Height":41,"Demand":15,"DemandMax":null,"Value":1845},{"Length":45,"Height":40,"Demand":20,"DemandMax":null,"Value":1800},{"Length":48,"Height":34,"Demand":19,"DemandMax":null,"Value":1632},{"Length":49,"Height":33,"Demand":15,"DemandMax":null,"Value":1617},{"Length":50,"Height":32,"Demand":24,"DemandMax":null,"Value":1600},{"Length":45,"Height":35,"Demand":14,"DemandMax":null,"Value":1575},{"Length":54,"Height":29,"Demand":22,"DemandMax":null,"Value":1566},{"Length":45,"Height":34,"Demand":21,"DemandMax":null,"Value":1530},{"Length":39,"Height":38,"Demand":16,"DemandMax":null,"Value":1482},{"Length":47,"Height":30,"Demand":19,"DemandMax":null,"Value":1410},{"Length":44,"Height":31,"Demand":14,"DemandMax":null,"Value":1364},{"Length":47,"Height":29,"Demand":16,"DemandMax":null,"Value":1363},{"Length":41,"Height":33,"Demand":18,"DemandMax":null,"Value":1353},{"Length":38,"Height":35,"Demand":18,"DemandMax":null,"Value":1330},{"Length":45,"Height":29,"Demand":16,"DemandMax":null,"Value":1305},{"Length":40,"Height":32,"Demand":21,"DemandMax":null,"Value":1280},{"Length":42,"Height":30,"Demand":16,"DemandMax":null,"Value":1260},{"Length":37,"Height":34,"Demand":21,"DemandMax":null,"Value":1258},{"Length":56,"Height":22,"Demand":11,"DemandMax":null,"Value":1232},{"Length":36,"Height":33,"Demand":17,"DemandMax":null,"Value":1188},{"Length":37,"Height":32,"Demand":18,"DemandMax":null,"Value":1184},{"Length":50,"Height":23,"Demand":10,"DemandMax":null,"Value":1150},{"Length":49,"Height":23,"Demand":14,"DemandMax":null,"Value":1127},{"Length":40,"Height":27,"Demand":23,"DemandMax":null,"Value":1080},{"Length":49,"Height":22,"Demand":18,"DemandMax":null,"Value":1078},{"Length":56,"Height":19,"Demand":17,"DemandMax":null,"Value":1064},{"Length":38,"Height":28,"Demand":16,"DemandMax":null,"Value":1064},{"Length":33,"Height":32,"Demand":20,"DemandMax":null,"Value":1056},{"Length":48,"Height":22,"Demand":17,"DemandMax":null,"Value":1056},{"Length":39,"Height":27,"Demand":19,"DemandMax":null,"Value":1053},{"Length":55,"Height":19,"Demand":10,"DemandMax":null,"Value":1045},{"Length":47,"Height":22,"Demand":17,"DemandMax":null,"Value":1034},{"Length":46,"Height":22,"Demand":16,"DemandMax":null,"Value":1012},{"Length":53,"Height":19,"Demand":18,"DemandMax":null,"Value":1007},{"Length":35,"Height":28,"Demand":24,"DemandMax":null,"Value":980},{"Length":31,"Height":30,"Demand":17,"DemandMax":null,"Value":930},{"Length":44,"Height":21,"Demand":17,"DemandMax":null,"Value":924},{"Length":41,"Height":22,"Demand":21,"DemandMax":null,"Value":902},{"Length":47,"Height":19,"Demand":19,"DemandMax":null,"Value":893},{"Length":33,"Height":27,"Demand":17,"DemandMax":null,"Value":891},{"Length":33,"Height":24,"Demand":15,"DemandMax":null,"Value":792},{"Length":37,"Height":21,"Demand":10,"DemandMax":null,"Value":777},{"Length":36,"Height":21,"Demand":21,"DemandMax":null,"Value":756},{"Length":34,"Height":22,"Demand":8,"DemandMax":null,"Value":748},{"Length":31,"Height":24,"Demand":19,"DemandMax":null,"Value":744},{"Length":35,"Height":21,"Demand":22,"DemandMax":null,"Value":735},{"Length":33,"Height":22,"Demand":16,"DemandMax":null,"Value":726},{"Length":48,"Height":15,"Demand":18,"DemandMax":null,"Value":720},{"Length":41,"Height":17,"Demand":22,"DemandMax":null,"Value":697},{"Length":46,"Height":15,"Demand":20,"DemandMax":null,"Value":690},{"Length":30,"Height":23,"Demand":11,"DemandMax":null,"Value":690},{"Length":34,"Height":20,"Demand":16,"DemandMax":null,"Value":680},{"Length":28,"Height":24,"Demand":15,"DemandMax":null,"Value":672},{"Length":50,"Height":13,"Demand":18,"DemandMax":null,"Value":650},{"Length":36,"Height":18,"Demand":14,"DemandMax":null,"Value":648},{"Length":27,"Height":24,"Demand":20,"DemandMax":null,"Value":648},{"Length":28,"Height":23,"Demand":18,"DemandMax":null,"Value":644},{"Length":45,"Height":14,"Demand":17,"DemandMax":null,"Value":630},{"Length":41,"Height":15,"Demand":12,"DemandMax":null,"Value":615},{"Length":29,"Height":21,"Demand":7,"DemandMax":null,"Value":609},{"Length":38,"Height":16,"Demand":14,"DemandMax":null,"Value":608},{"Length":42,"Height":14,"Demand":24,"DemandMax":null,"Value":588},{"Length":31,"Height":17,"Demand":22,"DemandMax":null,"Value":527},{"Length":22,"Height":22,"Demand":21,"DemandMax":null,"Value":484},{"Length":27,"Height":16,"Demand":16,"DemandMax":null,"Value":432},{"Length":28,"Height":15,"Demand":26,"DemandMax":null,"Value":420},{"Length":22,"Height":19,"Demand":22,"DemandMax":null,"Value":418},{"Length":27,"Height":15,"Demand":20,"DemandMax":null,"Value":405},{"Length":25,"Height":16,"Demand":22,"DemandMax":null,"Value":400},{"Length":27,"Height":13,"Demand":13,"DemandMax":null,"Value":351},{"Length":26,"Height":13,"Demand":12,"DemandMax":null,"Value":338},{"Length":26,"Height":12,"Demand":14,"DemandMax":null,"Value":312},{"Length":30,"Height":10,"Demand":15,"DemandMax":null,"Value":300},{"Length":20,"Height":13,"Demand":17,"DemandMax":null,"Value":260}]}