{"Name":"MB08_102","Objects":[{"Length":587,"Height":233,"Stock":null,"Cost":136771}],"Items":[{"Length":58,"Height":49,"Demand":2,"DemandMax":null,"Value":2842},{"Length":54,"Height":48,"Demand":5,"DemandMax":null,"Value":2592},{"Length":51,"Height":49,"Demand":2,"DemandMax":null,"Value":2499},{"Length":52,"Height":47,"Demand":3,"DemandMax":null,"Value":2444},{"Length":58,"Height":42,"Demand":3,"DemandMax":null,"Value":2436},{"Length":60,"Height":40,"Demand":3,"DemandMax":null,"Value":2400},{"Length":51,"Height":47,"Demand":4,"DemandMax":null,"Value":2397},{"Length":57,"Height":42,"Demand":2,"DemandMax":null,"Value":2394},{"Length":58,"Height":41,"Demand":3,"DemandMax":null,"Value":2378},{"Length":49,"Height":47,"Demand":3,"DemandMax":null,"Value":2303},{"Length":59,"Height":39,"Demand":2,"DemandMax":null,"Value":2301},{"Length":50,"Height":46,"Demand":4,"DemandMax":null,"Value":2300},{"Length":60,"Height":38,"Demand":3,"DemandMax":null,"Value":2280},{"Length":50,"Height":45,"Demand":2,"DemandMax":null,"Value":2250},{"Length":57,"Height":39,"Demand":3,"DemandMax":null,"Value":2223},{"Length":59,"Height":37,"Demand":1,"DemandMax":null,"Value":2183},{"Length":49,"Height":44,"Demand":4,"DemandMax":null,"Value":2156},{"Length":56,"Height":38,"Demand":3,"DemandMax":null,"Value":2128},{"Length":48,"Height":44,"Demand":3,"DemandMax":null,"Value":2112},{"Length":49,"Height":43,"Demand":6,"DemandMax":null,"Value":2107},{"Length":55,"Height":38,"Demand":3,"DemandMax":null,"Value":2090},{"Length":52,"Height":40,"Demand":3,"DemandMax":null,"Value":2080},{"Length":56,"Height":37,"Demand":1,"DemandMax":null,"Value":2072},{"Length":48,"Height":43,"Demand":1,"DemandMax":null,"Value":2064},{"Length":49,"Height":42,"Demand":1,"DemandMax":null,"Value":2058},{"Length":55,"Height":37,"Demand":2,"DemandMax":null,"Value":2035},{"Length":46,"Height":44,"Demand":2,"DemandMax":null,"Value":2024},{"Length":53,"Height":38,"Demand":1,"DemandMax":null,"Value":2014},{"Length":49,"Height":41,"Demand":2,"DemandMax":null,"Value":2009},{"Length":54,"Height":37,"Demand":4,"DemandMax":null,"Value":1998},{"Length":57,"Height":35,"Demand":2,"DemandMax":null,"Value":1995},{"Length":60,"Height":33,"Demand":2,"DemandMax":null,"Value":1980},{"Length":46,"Height":43,"Demand":1,"DemandMax":null,"Value":1978},{"Length":49,"Height":40,"Demand":1,"DemandMax":null,"Value":1960},{"Length":54,"Height":36,"Demand":3,"DemandMax":null,"Value":1944},{"Length":57,"Height":34,"Demand":6,"DemandMax":null,"Value":1938},{"Length":45,"Height":43,"Demand":2,"DemandMax":null,"Value":1935},{"Length":48,"Height":40,"Demand":5,"DemandMax":null,"Value":1920},{"Length":53,"Height":36,"Demand":2,"DemandMax":null,"Value":1908},{"Length":59,"Height":32,"Demand":4,"DemandMax":null,"Value":1888},{"Length":55,"Height":34,"Demand":3,"DemandMax":null,"Value":1870},{"Length":53,"Height":35,"Demand":2,"DemandMax":null,"Value":1855},{"Length":46,"Height":40,"Demand":3,"DemandMax":null,"Value":1840},{"Length":51,"Height":36,"Demand":3,"DemandMax":null,"Value":1836},{"Length":47,"Height":39,"Demand":2,"DemandMax":null,"Value":1833},{"Length":48,"Height":38,"Demand":4,"DemandMax":null,"Value":1824},{"Length":50,"Height":36,"Demand":3,"DemandMax":null,"Value":1800},{"Length":46,"Height":39,"Demand":3,"DemandMax":null,"Value":1794},{"Length":56,"Height":32,"Demand":3,"DemandMax":null,"Value":1792},{"Length":59,"Height":30,"Demand":3,"DemandMax":null,"Value":1770},{"Length":45,"Height":39,"Demand":3,"DemandMax":null,"Value":1755},{"Length":46,"Height":38,"Demand":1,"DemandMax":null,"Value":1748},{"Length":54,"Height":32,"Demand":2,"DemandMax":null,"Value":1728},{"Length":49,"Height":35,"Demand":4,"DemandMax":null,"Value":1715},{"Length":57,"Height":30,"Demand":1,"DemandMax":null,"Value":1710},{"Length":46,"Height":37,"Demand":4,"DemandMax":null,"Value":1702},{"Length":47,"Height":36,"Demand":2,"DemandMax":null,"Value":1692},{"Length":51,"Height":33,"Demand":2,"DemandMax":null,"Value":1683},{"Length":43,"Height":39,"Demand":2,"DemandMax":null,"Value":1677},{"Length":54,"Height":31,"Demand":3,"DemandMax":null,"Value":1674},{"Length":49,"Height":34,"Demand":2,"DemandMax":null,"Value":1666},{"Length":52,"Height":32,"Demand":4,"DemandMax":null,"Value":1664},{"Length":47,"Height":35,"Demand":1,"DemandMax":null,"Value":1645},{"Length":56,"Height":29,"Demand":1,"DemandMax":null,"Value":1624},{"Length":49,"Height":33,"Demand":2,"DemandMax":null,"Value":1617},{"Length":52,"Height":31,"Demand":2,"DemandMax":null,"Value":1612},{"Length":44,"Height":36,"Demand":7,"DemandMax":null,"Value":1584},{"Length":54,"Height":29,"Demand":3,"DemandMax":null,"Value":1566},{"Length":40,"Height":39,"Demand":1,"DemandMax":null,"Value":1560},{"Length":52,"Height":30,"Demand":4,"DemandMax":null,"Value":1560},{"Length":43,"Height":36,"Demand":3,"DemandMax":null,"Value":1548},{"Length":53,"Height":29,"Demand":1,"DemandMax":null,"Value":1537},{"Length":40,"Height":38,"Demand":2,"DemandMax":null,"Value":1520},{"Length":49,"Height":31,"Demand":3,"DemandMax":null,"Value":1519},{"Length":41,"Height":37,"Demand":3,"DemandMax":null,"Value":1517},{"Length":43,"Height":35,"Demand":3,"DemandMax":null,"Value":1505},{"Length":44,"Height":34,"Demand":2,"DemandMax":null,"Value":1496},{"Length":45,"Height":33,"Demand":4,"DemandMax":null,"Value":1485},{"Length":55,"Height":27,"Demand":1,"DemandMax":null,"Value":1485},{"Length":41,"Height":36,"Demand":2,"DemandMax":null,"Value":1476},{"Length":59,"Height":25,"Demand":1,"DemandMax":null,"Value":1475},{"Length":43,"Height":34,"Demand":3,"DemandMax":null,"Value":1462},{"Length":52,"Height":28,"Demand":3,"DemandMax":null,"Value":1456},{"Length":56,"Height":26,"Demand":3,"DemandMax":null,"Value":1456},{"Length":44,"Height":33,"Demand":3,"DemandMax":null,"Value":1452},{"Length":50,"Height":29,"Demand":2,"DemandMax":null,"Value":1450},{"Length":45,"Height":32,"Demand":3,"DemandMax":null,"Value":1440},{"Length":53,"Height":27,"Demand":5,"DemandMax":null,"Value":1431},{"Length":57,"Height":25,"Demand":3,"DemandMax":null,"Value":1425},{"Length":49,"Height":29,"Demand":2,"DemandMax":null,"Value":1421},{"Length":43,"Height":33,"Demand":3,"DemandMax":null,"Value":1419},{"Length":47,"Height":30,"Demand":3,"DemandMax":null,"Value":1410},{"Length":38,"Height":37,"Demand":3,"DemandMax":null,"Value":1406},{"Length":39,"Height":36,"Demand":2,"DemandMax":null,"Value":1404},{"Length":54,"Height":26,"Demand":5,"DemandMax":null,"Value":1404},{"Length":56,"Height":25,"Demand":3,"DemandMax":null,"Value":1400},{"Length":45,"Height":31,"Demand":2,"DemandMax":null,"Value":1395},{"Length":41,"Height":34,"Demand":4,"DemandMax":null,"Value":1394},{"Length":46,"Height":30,"Demand":3,"DemandMax":null,"Value":1380},{"Length":60,"Height":23,"Demand":4,"DemandMax":null,"Value":1380},{"Length":49,"Height":28,"Demand":3,"DemandMax":null,"Value":1372},{"Length":39,"Height":35,"Demand":2,"DemandMax":null,"Value":1365},{"Length":44,"Height":31,"Demand":2,"DemandMax":null,"Value":1364},{"Length":47,"Height":29,"Demand":4,"DemandMax":null,"Value":1363},{"Length":40,"Height":34,"Demand":4,"DemandMax":null,"Value":1360},{"Length":59,"Height":23,"Demand":3,"DemandMax":null,"Value":1357},{"Length":41,"Height":33,"Demand":2,"DemandMax":null,"Value":1353},{"Length":50,"Height":27,"Demand":3,"DemandMax":null,"Value":1350},{"Length":45,"Height":30,"Demand":4,"DemandMax":null,"Value":1350},{"Length":42,"Height":32,"Demand":4,"DemandMax":null,"Value":1344},{"Length":48,"Height":28,"Demand":3,"DemandMax":null,"Value":1344},{"Length":43,"Height":31,"Demand":2,"DemandMax":null,"Value":1333},{"Length":37,"Height":36,"Demand":4,"DemandMax":null,"Value":1332},{"Length":38,"Height":35,"Demand":2,"DemandMax":null,"Value":1330},{"Length":39,"Height":34,"Demand":5,"DemandMax":null,"Value":1326},{"Length":47,"Height":28,"Demand":3,"DemandMax":null,"Value":1316},{"Length":41,"Height":32,"Demand":5,"DemandMax":null,"Value":1312},{"Length":45,"Height":29,"Demand":3,"DemandMax":null,"Value":1305},{"Length":54,"Height":24,"Demand":5,"DemandMax":null,"Value":1296},{"Length":43,"Height":30,"Demand":1,"DemandMax":null,"Value":1290},{"Length":58,"Height":22,"Demand":3,"DemandMax":null,"Value":1276},{"Length":44,"Height":29,"Demand":1,"DemandMax":null,"Value":1276},{"Length":49,"Height":26,"Demand":3,"DemandMax":null,"Value":1274},{"Length":36,"Height":35,"Demand":6,"DemandMax":null,"Value":1260},{"Length":45,"Height":28,"Demand":4,"DemandMax":null,"Value":1260},{"Length":42,"Height":30,"Demand":1,"DemandMax":null,"Value":1260},{"Length":38,"Height":33,"Demand":4,"DemandMax":null,"Value":1254},{"Length":57,"Height":22,"Demand":4,"DemandMax":null,"Value":1254},{"Length":48,"Height":26,"Demand":3,"DemandMax":null,"Value":1248},{"Length":54,"Height":23,"Demand":2,"DemandMax":null,"Value":1242},{"Length":46,"Height":27,"Demand":2,"DemandMax":null,"Value":1242},{"Length":59,"Height":21,"Demand":4,"DemandMax":null,"Value":1239},{"Length":56,"Height":22,"Demand":1,"DemandMax":null,"Value":1232},{"Length":41,"Height":30,"Demand":3,"DemandMax":null,"Value":1230},{"Length":35,"Height":35,"Demand":4,"DemandMax":null,"Value":1225},{"Length":36,"Height":34,"Demand":2,"DemandMax":null,"Value":1224},{"Length":37,"Height":33,"Demand":3,"DemandMax":null,"Value":1221},{"Length":42,"Height":29,"Demand":4,"DemandMax":null,"Value":1218},{"Length":58,"Height":21,"Demand":8,"DemandMax":null,"Value":1218},{"Length":38,"Height":32,"Demand":5,"DemandMax":null,"Value":1216},{"Length":45,"Height":27,"Demand":2,"DemandMax":null,"Value":1215},{"Length":43,"Height":28,"Demand":2,"DemandMax":null,"Value":1204},{"Length":50,"Height":24,"Demand":1,"DemandMax":null,"Value":1200},{"Length":48,"Height":25,"Demand":1,"DemandMax":null,"Value":1200},{"Length":46,"Height":26,"Demand":4,"DemandMax":null,"Value":1196},{"Length":35,"Height":34,"Demand":2,"DemandMax":null,"Value":1190},{"Length":54,"Height":22,"Demand":3,"DemandMax":null,"Value":1188},{"Length":59,"Height":20,"Demand":4,"DemandMax":null,"Value":1180},{"Length":49,"Height":24,"Demand":3,"DemandMax":null,"Value":1176},{"Length":39,"Height":30,"Demand":2,"DemandMax":null,"Value":1170},{"Length":40,"Height":29,"Demand":3,"DemandMax":null,"Value":1160},{"Length":58,"Height":20,"Demand":4,"DemandMax":null,"Value":1160},{"Length":41,"Height":28,"Demand":1,"DemandMax":null,"Value":1148},{"Length":37,"Height":31,"Demand":4,"DemandMax":null,"Value":1147},{"Length":52,"Height":22,"Demand":3,"DemandMax":null,"Value":1144},{"Length":57,"Height":20,"Demand":1,"DemandMax":null,"Value":1140},{"Length":42,"Height":27,"Demand":3,"DemandMax":null,"Value":1134},{"Length":47,"Height":24,"Demand":1,"DemandMax":null,"Value":1128},{"Length":34,"Height":33,"Demand":3,"DemandMax":null,"Value":1122},{"Length":35,"Height":32,"Demand":5,"DemandMax":null,"Value":1120},{"Length":56,"Height":20,"Demand":6,"DemandMax":null,"Value":1120},{"Length":37,"Height":30,"Demand":4,"DemandMax":null,"Value":1110},{"Length":41,"Height":27,"Demand":1,"DemandMax":null,"Value":1107},{"Length":38,"Height":29,"Demand":5,"DemandMax":null,"Value":1102},{"Length":50,"Height":22,"Demand":4,"DemandMax":null,"Value":1100},{"Length":55,"Height":20,"Demand":1,"DemandMax":null,"Value":1100},{"Length":52,"Height":21,"Demand":4,"DemandMax":null,"Value":1092},{"Length":39,"Height":28,"Demand":4,"DemandMax":null,"Value":1092},{"Length":40,"Height":27,"Demand":2,"DemandMax":null,"Value":1080},{"Length":45,"Height":24,"Demand":5,"DemandMax":null,"Value":1080},{"Length":49,"Height":22,"Demand":3,"DemandMax":null,"Value":1078},{"Length":43,"Height":25,"Demand":4,"DemandMax":null,"Value":1075},{"Length":53,"Height":20,"Demand":1,"DemandMax":null,"Value":1060},{"Length":46,"Height":23,"Demand":7,"DemandMax":null,"Value":1058},{"Length":33,"Height":32,"Demand":5,"DemandMax":null,"Value":1056},{"Length":34,"Height":31,"Demand":5,"DemandMax":null,"Value":1054},{"Length":39,"Height":27,"Demand":1,"DemandMax":null,"Value":1053},{"Length":42,"Height":25,"Demand":2,"DemandMax":null,"Value":1050},{"Length":35,"Height":30,"Demand":3,"DemandMax":null,"Value":1050},{"Length":55,"Height":19,"Demand":7,"DemandMax":null,"Value":1045},{"Length":40,"Height":26,"Demand":1,"DemandMax":null,"Value":1040},{"Length":37,"Height":28,"Demand":1,"DemandMax":null,"Value":1036},{"Length":47,"Height":22,"Demand":2,"DemandMax":null,"Value":1034},{"Length":43,"Height":24,"Demand":2,"DemandMax":null,"Value":1032},{"Length":49,"Height":21,"Demand":1,"DemandMax":null,"Value":1029},{"Length":41,"Height":25,"Demand":3,"DemandMax":null,"Value":1025},{"Length":33,"Height":31,"Demand":3,"DemandMax":null,"Value":1023},{"Length":60,"Height":17,"Demand":4,"DemandMax":null,"Value":1020},{"Length":51,"Height":20,"Demand":2,"DemandMax":null,"Value":1020},{"Length":35,"Height":29,"Demand":3,"DemandMax":null,"Value":1015},{"Length":39,"Height":26,"Demand":3,"DemandMax":null,"Value":1014},{"Length":46,"Height":22,"Demand":1,"DemandMax":null,"Value":1012},{"Length":56,"Height":18,"Demand":5,"DemandMax":null,"Value":1008},{"Length":50,"Height":20,"Demand":3,"DemandMax":null,"Value":1000},{"Length":40,"Height":25,"Demand":3,"DemandMax":null,"Value":1000},{"Length":45,"Height":22,"Demand":4,"DemandMax":null,"Value":990},{"Length":43,"Height":23,"Demand":4,"DemandMax":null,"Value":989},{"Length":52,"Height":19,"Demand":2,"DemandMax":null,"Value":988},{"Length":34,"Height":29,"Demand":1,"DemandMax":null,"Value":986},{"Length":35,"Height":28,"Demand":2,"DemandMax":null,"Value":980},{"Length":46,"Height":21,"Demand":2,"DemandMax":null,"Value":966},{"Length":37,"Height":26,"Demand":5,"DemandMax":null,"Value":962},{"Length":40,"Height":24,"Demand":1,"DemandMax":null,"Value":960},{"Length":32,"Height":30,"Demand":2,"DemandMax":null,"Value":960},{"Length":34,"Height":28,"Demand":1,"DemandMax":null,"Value":952},{"Length":35,"Height":27,"Demand":1,"DemandMax":null,"Value":945},{"Length":47,"Height":20,"Demand":1,"DemandMax":null,"Value":940},{"Length":36,"Height":26,"Demand":1,"DemandMax":null,"Value":936},{"Length":31,"Height":30,"Demand":3,"DemandMax":null,"Value":930},{"Length":44,"Height":21,"Demand":5,"DemandMax":null,"Value":924},{"Length":33,"Height":28,"Demand":1,"DemandMax":null,"Value":924},{"Length":38,"Height":24,"Demand":1,"DemandMax":null,"Value":912},{"Length":41,"Height":22,"Demand":4,"DemandMax":null,"Value":902},{"Length":36,"Height":25,"Demand":4,"DemandMax":null,"Value":900},{"Length":60,"Height":15,"Demand":3,"DemandMax":null,"Value":900},{"Length":39,"Height":23,"Demand":4,"DemandMax":null,"Value":897},{"Length":37,"Height":24,"Demand":5,"DemandMax":null,"Value":888},{"Length":34,"Height":26,"Demand":2,"DemandMax":null,"Value":884},{"Length":38,"Height":23,"Demand":2,"DemandMax":null,"Value":874},{"Length":58,"Height":15,"Demand":5,"DemandMax":null,"Value":870},{"Length":31,"Height":28,"Demand":2,"DemandMax":null,"Value":868},{"Length":51,"Height":17,"Demand":4,"DemandMax":null,"Value":867},{"Length":36,"Height":24,"Demand":3,"DemandMax":null,"Value":864},{"Length":32,"Height":27,"Demand":2,"DemandMax":null,"Value":864},{"Length":41,"Height":21,"Demand":1,"DemandMax":null,"Value":861},{"Length":43,"Height":20,"Demand":1,"DemandMax":null,"Value":860},{"Length":33,"Height":26,"Demand":2,"DemandMax":null,"Value":858},{"Length":45,"Height":19,"Demand":3,"DemandMax":null,"Value":855},{"Length":37,"Height":23,"Demand":4,"DemandMax":null,"Value":851},{"Length":34,"Height":25,"Demand":6,"DemandMax":null,"Value":850},{"Length":53,"Height":16,"Demand":2,"DemandMax":null,"Value":848},{"Length":40,"Height":21,"Demand":6,"DemandMax":null,"Value":840},{"Length":30,"Height":28,"Demand":2,"DemandMax":null,"Value":840},{"Length":38,"Height":22,"Demand":1,"DemandMax":null,"Value":836},{"Length":44,"Height":19,"Demand":2,"DemandMax":null,"Value":836},{"Length":32,"Height":26,"Demand":3,"DemandMax":null,"Value":832},{"Length":46,"Height":18,"Demand":2,"DemandMax":null,"Value":828},{"Length":39,"Height":21,"Demand":6,"DemandMax":null,"Value":819},{"Length":48,"Height":17,"Demand":4,"DemandMax":null,"Value":816},{"Length":34,"Height":24,"Demand":2,"DemandMax":null,"Value":816},{"Length":45,"Height":18,"Demand":9,"DemandMax":null,"Value":810},{"Length":54,"Height":15,"Demand":5,"DemandMax":null,"Value":810},{"Length":35,"Height":23,"Demand":3,"DemandMax":null,"Value":805},{"Length":32,"Height":25,"Demand":3,"DemandMax":null,"Value":800},{"Length":38,"Height":21,"Demand":4,"DemandMax":null,"Value":798},{"Length":57,"Height":14,"Demand":4,"DemandMax":null,"Value":798},{"Length":33,"Height":24,"Demand":2,"DemandMax":null,"Value":792},{"Length":36,"Height":22,"Demand":2,"DemandMax":null,"Value":792},{"Length":49,"Height":16,"Demand":3,"DemandMax":null,"Value":784},{"Length":37,"Height":21,"Demand":1,"DemandMax":null,"Value":777},{"Length":43,"Height":18,"Demand":2,"DemandMax":null,"Value":774},{"Length":35,"Height":22,"Demand":1,"DemandMax":null,"Value":770},{"Length":45,"Height":17,"Demand":1,"DemandMax":null,"Value":765},{"Length":51,"Height":15,"Demand":2,"DemandMax":null,"Value":765},{"Length":38,"Height":20,"Demand":2,"DemandMax":null,"Value":760},{"Length":40,"Height":19,"Demand":5,"DemandMax":null,"Value":760},{"Length":36,"Height":21,"Demand":4,"DemandMax":null,"Value":756},{"Length":54,"Height":14,"Demand":4,"DemandMax":null,"Value":756},{"Length":29,"Height":26,"Demand":5,"DemandMax":null,"Value":754},{"Length":50,"Height":15,"Demand":2,"DemandMax":null,"Value":750},{"Length":34,"Height":22,"Demand":2,"DemandMax":null,"Value":748},{"Length":39,"Height":19,"Demand":1,"DemandMax":null,"Value":741},{"Length":37,"Height":20,"Demand":4,"DemandMax":null,"Value":740},{"Length":35,"Height":21,"Demand":2,"DemandMax":null,"Value":735},{"Length":28,"Height":26,"Demand":4,"DemandMax":null,"Value":728},{"Length":56,"Height":13,"Demand":4,"DemandMax":null,"Value":728},{"Length":29,"Height":25,"Demand":2,"DemandMax":null,"Value":725},{"Length":38,"Height":19,"Demand":1,"DemandMax":null,"Value":722},{"Length":36,"Height":20,"Demand":3,"DemandMax":null,"Value":720},{"Length":48,"Height":15,"Demand":6,"DemandMax":null,"Value":720},{"Length":34,"Height":21,"Demand":2,"DemandMax":null,"Value":714},{"Length":51,"Height":14,"Demand":3,"DemandMax":null,"Value":714},{"Length":42,"Height":17,"Demand":3,"DemandMax":null,"Value":714},{"Length":37,"Height":19,"Demand":2,"DemandMax":null,"Value":703},{"Length":27,"Height":26,"Demand":6,"DemandMax":null,"Value":702},{"Length":39,"Height":18,"Demand":2,"DemandMax":null,"Value":702},{"Length":35,"Height":20,"Demand":3,"DemandMax":null,"Value":700},{"Length":29,"Height":24,"Demand":6,"DemandMax":null,"Value":696},{"Length":33,"Height":21,"Demand":4,"DemandMax":null,"Value":693},{"Length":53,"Height":13,"Demand":2,"DemandMax":null,"Value":689},{"Length":43,"Height":16,"Demand":3,"DemandMax":null,"Value":688},{"Length":36,"Height":19,"Demand":3,"DemandMax":null,"Value":684},{"Length":40,"Height":17,"Demand":1,"DemandMax":null,"Value":680},{"Length":45,"Height":15,"Demand":3,"DemandMax":null,"Value":675},{"Length":56,"Height":12,"Demand":3,"DemandMax":null,"Value":672},{"Length":44,"Height":15,"Demand":8,"DemandMax":null,"Value":660},{"Length":30,"Height":22,"Demand":4,"DemandMax":null,"Value":660},{"Length":41,"Height":16,"Demand":2,"DemandMax":null,"Value":656},{"Length":27,"Height":24,"Demand":2,"DemandMax":null,"Value":648},{"Length":36,"Height":18,"Demand":3,"DemandMax":null,"Value":648},{"Length":34,"Height":19,"Demand":3,"DemandMax":null,"Value":646},{"Length":43,"Height":15,"Demand":4,"DemandMax":null,"Value":645},{"Length":28,"Height":23,"Demand":2,"DemandMax":null,"Value":644},{"Length":29,"Height":22,"Demand":3,"DemandMax":null,"Value":638},{"Length":49,"Height":13,"Demand":5,"DemandMax":null,"Value":637},{"Length":45,"Height":14,"Demand":1,"DemandMax":null,"Value":630},{"Length":35,"Height":18,"Demand":2,"DemandMax":null,"Value":630},{"Length":42,"Height":15,"Demand":1,"DemandMax":null,"Value":630},{"Length":57,"Height":11,"Demand":4,"DemandMax":null,"Value":627},{"Length":25,"Height":25,"Demand":5,"DemandMax":null,"Value":625},{"Length":48,"Height":13,"Demand":2,"DemandMax":null,"Value":624},{"Length":31,"Height":20,"Demand":4,"DemandMax":null,"Value":620},{"Length":44,"Height":14,"Demand":2,"DemandMax":null,"Value":616},{"Length":41,"Height":15,"Demand":4,"DemandMax":null,"Value":615},{"Length":47,"Height":13,"Demand":1,"DemandMax":null,"Value":611},{"Length":40,"Height":15,"Demand":3,"DemandMax":null,"Value":600},{"Length":30,"Height":20,"Demand":1,"DemandMax":null,"Value":600},{"Length":26,"Height":23,"Demand":3,"DemandMax":null,"Value":598},{"Length":35,"Height":17,"Demand":3,"DemandMax":null,"Value":595},{"Length":54,"Height":11,"Demand":5,"DemandMax":null,"Value":594},{"Length":33,"Height":18,"Demand":3,"DemandMax":null,"Value":594},{"Length":27,"Height":22,"Demand":2,"DemandMax":null,"Value":594},{"Length":31,"Height":19,"Demand":2,"DemandMax":null,"Value":589},{"Length":28,"Height":21,"Demand":2,"DemandMax":null,"Value":588},{"Length":53,"Height":11,"Demand":5,"DemandMax":null,"Value":583},{"Length":58,"Height":10,"Demand":3,"DemandMax":null,"Value":580},{"Length":34,"Height":17,"Demand":3,"DemandMax":null,"Value":578},{"Length":36,"Height":16,"Demand":1,"DemandMax":null,"Value":576},{"Length":32,"Height":18,"Demand":2,"DemandMax":null,"Value":576},{"Length":25,"Height":23,"Demand":2,"DemandMax":null,"Value":575},{"Length":41,"Height":14,"Demand":2,"DemandMax":null,"Value":574},{"Length":44,"Height":13,"Demand":2,"DemandMax":null,"Value":572},{"Length":30,"Height":19,"Demand":1,"DemandMax":null,"Value":570},{"Length":38,"Height":15,"Demand":1,"DemandMax":null,"Value":570},{"Length":28,"Height":20,"Demand":1,"DemandMax":null,"Value":560},{"Length":40,"Height":14,"Demand":3,"DemandMax":null,"Value":560},{"Length":35,"Height":16,"Demand":4,"DemandMax":null,"Value":560},{"Length":37,"Height":15,"Demand":2,"DemandMax":null,"Value":555},{"Length":24,"Height":23,"Demand":3,"DemandMax":null,"Value":552},{"Length":46,"Height":12,"Demand":2,"DemandMax":null,"Value":552},{"Length":29,"Height":19,"Demand":3,"DemandMax":null,"Value":551},{"Length":26,"Height":21,"Demand":7,"DemandMax":null,"Value":546},{"Length":42,"Height":13,"Demand":5,"DemandMax":null,"Value":546},{"Length":39,"Height":14,"Demand":2,"DemandMax":null,"Value":546},{"Length":32,"Height":17,"Demand":3,"DemandMax":null,"Value":544},{"Length":27,"Height":20,"Demand":8,"DemandMax":null,"Value":540},{"Length":30,"Height":18,"Demand":6,"DemandMax":null,"Value":540},{"Length":41,"Height":13,"Demand":1,"DemandMax":null,"Value":533},{"Length":38,"Height":14,"Demand":6,"DemandMax":null,"Value":532},{"Length":33,"Height":16,"Demand":3,"DemandMax":null,"Value":528},{"Length":35,"Height":15,"Demand":4,"DemandMax":null,"Value":525},{"Length":40,"Height":13,"Demand":3,"DemandMax":null,"Value":520},{"Length":37,"Height":14,"Demand":6,"DemandMax":null,"Value":518},{"Length":43,"Height":12,"Demand":1,"DemandMax":null,"Value":516},{"Length":27,"Height":19,"Demand":2,"DemandMax":null,"Value":513},{"Length":32,"Height":16,"Demand":1,"DemandMax":null,"Value":512},{"Length":23,"Height":22,"Demand":4,"DemandMax":null,"Value":506},{"Length":28,"Height":18,"Demand":6,"DemandMax":null,"Value":504},{"Length":36,"Height":14,"Demand":1,"DemandMax":null,"Value":504},{"Length":25,"Height":20,"Demand":6,"DemandMax":null,"Value":500},{"Length":50,"Height":10,"Demand":4,"DemandMax":null,"Value":500},{"Length":31,"Height":16,"Demand":2,"DemandMax":null,"Value":496},{"Length":29,"Height":17,"Demand":2,"DemandMax":null,"Value":493},{"Length":27,"Height":18,"Demand":3,"DemandMax":null,"Value":486},{"Length":22,"Height":22,"Demand":1,"DemandMax":null,"Value":484},{"Length":23,"Height":21,"Demand":2,"DemandMax":null,"Value":483},{"Length":32,"Height":15,"Demand":2,"DemandMax":null,"Value":480},{"Length":24,"Height":20,"Demand":4,"DemandMax":null,"Value":480},{"Length":25,"Height":19,"Demand":4,"DemandMax":null,"Value":475},{"Length":43,"Height":11,"Demand":5,"DemandMax":null,"Value":473},{"Length":47,"Height":10,"Demand":2,"DemandMax":null,"Value":470},{"Length":26,"Height":18,"Demand":5,"DemandMax":null,"Value":468},{"Length":36,"Height":13,"Demand":1,"DemandMax":null,"Value":468},{"Length":31,"Height":15,"Demand":1,"DemandMax":null,"Value":465},{"Length":29,"Height":16,"Demand":4,"DemandMax":null,"Value":464},{"Length":22,"Height":21,"Demand":4,"DemandMax":null,"Value":462},{"Length":27,"Height":17,"Demand":2,"DemandMax":null,"Value":459},{"Length":24,"Height":19,"Demand":2,"DemandMax":null,"Value":456},{"Length":30,"Height":15,"Demand":1,"DemandMax":null,"Value":450},{"Length":45,"Height":10,"Demand":3,"DemandMax":null,"Value":450},{"Length":25,"Height":18,"Demand":2,"DemandMax":null,"Value":450},{"Length":37,"Height":12,"Demand":1,"DemandMax":null,"Value":444},{"Length":26,"Height":17,"Demand":1,"DemandMax":null,"Value":442},{"Length":34,"Height":13,"Demand":4,"DemandMax":null,"Value":442},{"Length":23,"Height":19,"Demand":2,"DemandMax":null,"Value":437},{"Length":29,"Height":15,"Demand":4,"DemandMax":null,"Value":435},{"Length":36,"Height":12,"Demand":4,"DemandMax":null,"Value":432},{"Length":27,"Height":16,"Demand":4,"DemandMax":null,"Value":432},{"Length":25,"Height":17,"Demand":3,"DemandMax":null,"Value":425},{"Length":21,"Height":20,"Demand":4,"DemandMax":null,"Value":420},{"Length":42,"Height":10,"Demand":3,"DemandMax":null,"Value":420},{"Length":26,"Height":16,"Demand":3,"DemandMax":null,"Value":416},{"Length":41,"Height":10,"Demand":3,"DemandMax":null,"Value":410},{"Length":24,"Height":17,"Demand":2,"DemandMax":null,"Value":408},{"Length":29,"Height":14,"Demand":5,"DemandMax":null,"Value":406},{"Length":27,"Height":15,"Demand":2,"DemandMax":null,"Value":405},{"Length":40,"Height":10,"Demand":6,"DemandMax":null,"Value":400},{"Length":20,"Height":20,"Demand":3,"DemandMax":null,"Value":400},{"Length":21,"Height":19,"Demand":1,"DemandMax":null,"Value":399},{"Length":22,"Height":18,"Demand":8,"DemandMax":null,"Value":396},{"Length":33,"Height":12,"Demand":2,"DemandMax":null,"Value":396},{"Length":23,"Height":17,"Demand":2,"DemandMax":null,"Value":391},{"Length":26,"Height":15,"Demand":9,"DemandMax":null,"Value":390},{"Length":39,"Height":10,"Demand":1,"DemandMax":null,"Value":390},{"Length":30,"Height":13,"Demand":2,"DemandMax":null,"Value":390},{"Length":35,"Height":11,"Demand":5,"DemandMax":null,"Value":385},{"Length":24,"Height":16,"Demand":4,"DemandMax":null,"Value":384},{"Length":32,"Height":12,"Demand":3,"DemandMax":null,"Value":384},{"Length":20,"Height":19,"Demand":2,"DemandMax":null,"Value":380},{"Length":21,"Height":18,"Demand":2,"DemandMax":null,"Value":378},{"Length":22,"Height":17,"Demand":4,"DemandMax":null,"Value":374},{"Length":31,"Height":12,"Demand":2,"DemandMax":null,"Value":372},{"Length":23,"Height":16,"Demand":1,"DemandMax":null,"Value":368},{"Length":28,"Height":13,"Demand":9,"DemandMax":null,"Value":364},{"Length":26,"Height":14,"Demand":3,"DemandMax":null,"Value":364},{"Length":33,"Height":11,"Demand":4,"DemandMax":null,"Value":363},{"Length":24,"Height":15,"Demand":2,"DemandMax":null,"Value":360},{"Length":30,"Height":12,"Demand":1,"DemandMax":null,"Value":360},{"Length":22,"Height":16,"Demand":7,"DemandMax":null,"Value":352},{"Length":32,"Height":11,"Demand":2,"DemandMax":null,"Value":352},{"Length":27,"Height":13,"Demand":2,"DemandMax":null,"Value":351},{"Length":35,"Height":10,"Demand":5,"DemandMax":null,"Value":350},{"Length":23,"Height":15,"Demand":2,"DemandMax":null,"Value":345},{"Length":31,"Height":11,"Demand":2,"DemandMax":null,"Value":341},{"Length":20,"Height":17,"Demand":1,"DemandMax":null,"Value":340},{"Length":26,"Height":13,"Demand":1,"DemandMax":null,"Value":338},{"Length":28,"Height":12,"Demand":5,"DemandMax":null,"Value":336},{"Length":21,"Height":16,"Demand":2,"DemandMax":null,"Value":336},{"Length":27,"Height":12,"Demand":3,"DemandMax":null,"Value":324},{"Length":18,"Height":18,"Demand":1,"DemandMax":null,"Value":324},{"Length":19,"Height":17,"Demand":5,"DemandMax":null,"Value":323},{"Length":21,"Height":15,"Demand":2,"DemandMax":null,"Value":315},{"Length":28,"Height":11,"Demand":2,"DemandMax":null,"Value":308},{"Length":18,"Height":17,"Demand":5,"DemandMax":null,"Value":306},{"Length":20,"Height":15,"Demand":5,"DemandMax":null,"Value":300},{"Length":17,"Height":17,"Demand":2,"DemandMax":null,"Value":289},{"Length":24,"Height":12,"Demand":3,"DemandMax":null,"Value":288},{"Length":18,"Height":16,"Demand":2,"DemandMax":null,"Value":288},{"Length":17,"Height":16,"Demand":2,"DemandMax":null,"Value":272},{"Length":18,"Height":15,"Demand":4,"DemandMax":null,"Value":270},{"Length":19,"Height":14,"Demand":4,"DemandMax":null,"Value":266},{"Length":24,"Height":11,"Demand":2,"DemandMax":null,"Value":264},{"Length":17,"Height":15,"Demand":3,"DemandMax":null,"Value":255},{"Length":23,"Height":11,"Demand":5,"DemandMax":null,"Value":253},{"Length":18,"Height":14,"Demand":2,"DemandMax":null,"Value":252},{"Length":25,"Height":10,"Demand":2,"DemandMax":null,"Value":250},{"Length":19,"Height":13,"Demand":3,"DemandMax":null,"Value":247},{"Length":20,"Height":12,"Demand":3,"DemandMax":null,"Value":240},{"Length":17,"Height":14,"Demand":4,"DemandMax":null,"Value":238},{"Length":18,"Height":13,"Demand":6,"DemandMax":null,"Value":234},{"Length":17,"Height":13,"Demand":3,"DemandMax":null,"Value":221},{"Length":21,"Height":10,"Demand":3,"DemandMax":null,"Value":210},{"Length":15,"Height":14,"Demand":2,"DemandMax":null,"Value":210},{"Length":16,"Height":13,"Demand":2,"DemandMax":null,"Value":208},{"Length":17,"Height":12,"Demand":3,"DemandMax":null,"Value":204},{"Length":20,"Height":10,"Demand":3,"DemandMax":null,"Value":200},{"Length":14,"Height":14,"Demand":5,"DemandMax":null,"Value":196},{"Length":15,"Height":13,"Demand":2,"DemandMax":null,"Value":195},{"Length":16,"Height":12,"Demand":4,"DemandMax":null,"Value":192},{"Length":17,"Height":11,"Demand":1,"DemandMax":null,"Value":187},{"Length":18,"Height":10,"Demand":2,"DemandMax":null,"Value":180},{"Length":14,"Height":12,"Demand":4,"DemandMax":null,"Value":168},{"Length":15,"Height":11,"Demand":4,"DemandMax":null,"Value":165}]}