{"Name":"MB10_079","Objects":[{"Length":432,"Height":79,"Stock":null,"Cost":34128}],"Items":[{"Length":56,"Height":50,"Demand":5,"DemandMax":null,"Value":2800},{"Length":58,"Height":48,"Demand":6,"DemandMax":null,"Value":2784},{"Length":57,"Height":47,"Demand":6,"DemandMax":null,"Value":2679},{"Length":59,"Height":43,"Demand":4,"DemandMax":null,"Value":2537},{"Length":51,"Height":49,"Demand":5,"DemandMax":null,"Value":2499},{"Length":54,"Height":45,"Demand":8,"DemandMax":null,"Value":2430},{"Length":58,"Height":39,"Demand":6,"DemandMax":null,"Value":2262},{"Length":52,"Height":40,"Demand":5,"DemandMax":null,"Value":2080},{"Length":48,"Height":42,"Demand":6,"DemandMax":null,"Value":2016},{"Length":56,"Height":36,"Demand":9,"DemandMax":null,"Value":2016},{"Length":60,"Height":33,"Demand":7,"DemandMax":null,"Value":1980},{"Length":48,"Height":41,"Demand":4,"DemandMax":null,"Value":1968},{"Length":49,"Height":40,"Demand":5,"DemandMax":null,"Value":1960},{"Length":57,"Height":34,"Demand":6,"DemandMax":null,"Value":1938},{"Length":55,"Height":35,"Demand":2,"DemandMax":null,"Value":1925},{"Length":48,"Height":40,"Demand":5,"DemandMax":null,"Value":1920},{"Length":50,"Height":38,"Demand":4,"DemandMax":null,"Value":1900},{"Length":45,"Height":42,"Demand":6,"DemandMax":null,"Value":1890},{"Length":46,"Height":41,"Demand":3,"DemandMax":null,"Value":1886},{"Length":54,"Height":34,"Demand":10,"DemandMax":null,"Value":1836},{"Length":47,"Height":39,"Demand":5,"DemandMax":null,"Value":1833},{"Length":48,"Height":38,"Demand":4,"DemandMax":null,"Value":1824},{"Length":57,"Height":32,"Demand":5,"DemandMax":null,"Value":1824},{"Length":55,"Height":33,"Demand":4,"DemandMax":null,"Value":1815},{"Length":46,"Height":39,"Demand":5,"DemandMax":null,"Value":1794},{"Length":49,"Height":36,"Demand":5,"DemandMax":null,"Value":1764},{"Length":53,"Height":33,"Demand":3,"DemandMax":null,"Value":1749},{"Length":54,"Height":32,"Demand":9,"DemandMax":null,"Value":1728},{"Length":59,"Height":29,"Demand":3,"DemandMax":null,"Value":1711},{"Length":57,"Height":30,"Demand":4,"DemandMax":null,"Value":1710},{"Length":45,"Height":38,"Demand":9,"DemandMax":null,"Value":1710},{"Length":50,"Height":34,"Demand":1,"DemandMax":null,"Value":1700},{"Length":58,"Height":29,"Demand":6,"DemandMax":null,"Value":1682},{"Length":44,"Height":38,"Demand":4,"DemandMax":null,"Value":1672},{"Length":47,"Height":35,"Demand":7,"DemandMax":null,"Value":1645},{"Length":48,"Height":34,"Demand":5,"DemandMax":null,"Value":1632},{"Length":58,"Height":28,"Demand":2,"DemandMax":null,"Value":1624},{"Length":45,"Height":35,"Demand":5,"DemandMax":null,"Value":1575},{"Length":52,"Height":30,"Demand":5,"DemandMax":null,"Value":1560},{"Length":51,"Height":30,"Demand":7,"DemandMax":null,"Value":1530},{"Length":50,"Height":30,"Demand":5,"DemandMax":null,"Value":1500},{"Length":39,"Height":38,"Demand":5,"DemandMax":null,"Value":1482},{"Length":51,"Height":29,"Demand":6,"DemandMax":null,"Value":1479},{"Length":59,"Height":25,"Demand":7,"DemandMax":null,"Value":1475},{"Length":46,"Height":32,"Demand":6,"DemandMax":null,"Value":1472},{"Length":43,"Height":34,"Demand":4,"DemandMax":null,"Value":1462},{"Length":54,"Height":27,"Demand":3,"DemandMax":null,"Value":1458},{"Length":44,"Height":33,"Demand":4,"DemandMax":null,"Value":1452},{"Length":39,"Height":37,"Demand":4,"DemandMax":null,"Value":1443},{"Length":55,"Height":26,"Demand":5,"DemandMax":null,"Value":1430},{"Length":46,"Height":31,"Demand":8,"DemandMax":null,"Value":1426},{"Length":49,"Height":29,"Demand":6,"DemandMax":null,"Value":1421},{"Length":47,"Height":30,"Demand":6,"DemandMax":null,"Value":1410},{"Length":40,"Height":35,"Demand":5,"DemandMax":null,"Value":1400},{"Length":55,"Height":25,"Demand":5,"DemandMax":null,"Value":1375},{"Length":38,"Height":36,"Demand":5,"DemandMax":null,"Value":1368},{"Length":39,"Height":35,"Demand":5,"DemandMax":null,"Value":1365},{"Length":43,"Height":31,"Demand":5,"DemandMax":null,"Value":1333},{"Length":39,"Height":34,"Demand":3,"DemandMax":null,"Value":1326},{"Length":42,"Height":31,"Demand":5,"DemandMax":null,"Value":1302},{"Length":50,"Height":26,"Demand":6,"DemandMax":null,"Value":1300},{"Length":37,"Height":35,"Demand":3,"DemandMax":null,"Value":1295},{"Length":55,"Height":23,"Demand":6,"DemandMax":null,"Value":1265},{"Length":45,"Height":28,"Demand":5,"DemandMax":null,"Value":1260},{"Length":37,"Height":34,"Demand":6,"DemandMax":null,"Value":1258},{"Length":57,"Height":22,"Demand":7,"DemandMax":null,"Value":1254},{"Length":46,"Height":27,"Demand":4,"DemandMax":null,"Value":1242},{"Length":40,"Height":31,"Demand":5,"DemandMax":null,"Value":1240},{"Length":56,"Height":22,"Demand":4,"DemandMax":null,"Value":1232},{"Length":36,"Height":34,"Demand":4,"DemandMax":null,"Value":1224},{"Length":42,"Height":29,"Demand":6,"DemandMax":null,"Value":1218},{"Length":38,"Height":32,"Demand":6,"DemandMax":null,"Value":1216},{"Length":43,"Height":28,"Demand":6,"DemandMax":null,"Value":1204},{"Length":48,"Height":25,"Demand":7,"DemandMax":null,"Value":1200},{"Length":57,"Height":21,"Demand":4,"DemandMax":null,"Value":1197},{"Length":35,"Height":34,"Demand":4,"DemandMax":null,"Value":1190},{"Length":41,"Height":29,"Demand":7,"DemandMax":null,"Value":1189},{"Length":36,"Height":33,"Demand":4,"DemandMax":null,"Value":1188},{"Length":37,"Height":32,"Demand":7,"DemandMax":null,"Value":1184},{"Length":59,"Height":20,"Demand":7,"DemandMax":null,"Value":1180},{"Length":56,"Height":21,"Demand":5,"DemandMax":null,"Value":1176},{"Length":41,"Height":28,"Demand":5,"DemandMax":null,"Value":1148},{"Length":39,"Height":29,"Demand":5,"DemandMax":null,"Value":1131},{"Length":36,"Height":31,"Demand":10,"DemandMax":null,"Value":1116},{"Length":37,"Height":30,"Demand":4,"DemandMax":null,"Value":1110},{"Length":38,"Height":29,"Demand":3,"DemandMax":null,"Value":1102},{"Length":42,"Height":26,"Demand":5,"DemandMax":null,"Value":1092},{"Length":35,"Height":31,"Demand":3,"DemandMax":null,"Value":1085},{"Length":43,"Height":25,"Demand":6,"DemandMax":null,"Value":1075},{"Length":38,"Height":28,"Demand":6,"DemandMax":null,"Value":1064},{"Length":46,"Height":23,"Demand":6,"DemandMax":null,"Value":1058},{"Length":52,"Height":20,"Demand":7,"DemandMax":null,"Value":1040},{"Length":37,"Height":28,"Demand":3,"DemandMax":null,"Value":1036},{"Length":47,"Height":22,"Demand":2,"DemandMax":null,"Value":1034},{"Length":32,"Height":31,"Demand":11,"DemandMax":null,"Value":992},{"Length":47,"Height":21,"Demand":4,"DemandMax":null,"Value":987},{"Length":35,"Height":28,"Demand":6,"DemandMax":null,"Value":980},{"Length":39,"Height":25,"Demand":9,"DemandMax":null,"Value":975},{"Length":54,"Height":18,"Demand":6,"DemandMax":null,"Value":972},{"Length":44,"Height":22,"Demand":8,"DemandMax":null,"Value":968},{"Length":42,"Height":23,"Demand":2,"DemandMax":null,"Value":966},{"Length":60,"Height":16,"Demand":6,"DemandMax":null,"Value":960},{"Length":40,"Height":24,"Demand":6,"DemandMax":null,"Value":960},{"Length":50,"Height":19,"Demand":3,"DemandMax":null,"Value":950},{"Length":39,"Height":24,"Demand":4,"DemandMax":null,"Value":936},{"Length":49,"Height":19,"Demand":2,"DemandMax":null,"Value":931},{"Length":31,"Height":30,"Demand":10,"DemandMax":null,"Value":930},{"Length":58,"Height":16,"Demand":9,"DemandMax":null,"Value":928},{"Length":37,"Height":25,"Demand":7,"DemandMax":null,"Value":925},{"Length":44,"Height":21,"Demand":4,"DemandMax":null,"Value":924},{"Length":46,"Height":20,"Demand":5,"DemandMax":null,"Value":920},{"Length":40,"Height":23,"Demand":4,"DemandMax":null,"Value":920},{"Length":35,"Height":26,"Demand":6,"DemandMax":null,"Value":910},{"Length":36,"Height":25,"Demand":6,"DemandMax":null,"Value":900},{"Length":45,"Height":20,"Demand":3,"DemandMax":null,"Value":900},{"Length":31,"Height":29,"Demand":4,"DemandMax":null,"Value":899},{"Length":47,"Height":19,"Demand":7,"DemandMax":null,"Value":893},{"Length":33,"Height":27,"Demand":4,"DemandMax":null,"Value":891},{"Length":34,"Height":26,"Demand":8,"DemandMax":null,"Value":884},{"Length":52,"Height":17,"Demand":3,"DemandMax":null,"Value":884},{"Length":46,"Height":19,"Demand":6,"DemandMax":null,"Value":874},{"Length":31,"Height":28,"Demand":4,"DemandMax":null,"Value":868},{"Length":32,"Height":27,"Demand":5,"DemandMax":null,"Value":864},{"Length":39,"Height":22,"Demand":6,"DemandMax":null,"Value":858},{"Length":33,"Height":26,"Demand":4,"DemandMax":null,"Value":858},{"Length":37,"Height":23,"Demand":5,"DemandMax":null,"Value":851},{"Length":30,"Height":28,"Demand":8,"DemandMax":null,"Value":840},{"Length":35,"Height":24,"Demand":1,"DemandMax":null,"Value":840},{"Length":31,"Height":27,"Demand":2,"DemandMax":null,"Value":837},{"Length":32,"Height":26,"Demand":9,"DemandMax":null,"Value":832},{"Length":34,"Height":24,"Demand":2,"DemandMax":null,"Value":816},{"Length":51,"Height":16,"Demand":4,"DemandMax":null,"Value":816},{"Length":30,"Height":27,"Demand":3,"DemandMax":null,"Value":810},{"Length":54,"Height":15,"Demand":3,"DemandMax":null,"Value":810},{"Length":31,"Height":26,"Demand":5,"DemandMax":null,"Value":806},{"Length":35,"Height":23,"Demand":9,"DemandMax":null,"Value":805},{"Length":40,"Height":20,"Demand":4,"DemandMax":null,"Value":800},{"Length":32,"Height":25,"Demand":7,"DemandMax":null,"Value":800},{"Length":28,"Height":28,"Demand":6,"DemandMax":null,"Value":784},{"Length":34,"Height":23,"Demand":9,"DemandMax":null,"Value":782},{"Length":39,"Height":20,"Demand":4,"DemandMax":null,"Value":780},{"Length":41,"Height":19,"Demand":4,"DemandMax":null,"Value":779},{"Length":40,"Height":19,"Demand":6,"DemandMax":null,"Value":760},{"Length":38,"Height":20,"Demand":5,"DemandMax":null,"Value":760},{"Length":33,"Height":23,"Demand":9,"DemandMax":null,"Value":759},{"Length":28,"Height":27,"Demand":3,"DemandMax":null,"Value":756},{"Length":30,"Height":25,"Demand":5,"DemandMax":null,"Value":750},{"Length":34,"Height":22,"Demand":3,"DemandMax":null,"Value":748},{"Length":57,"Height":13,"Demand":11,"DemandMax":null,"Value":741},{"Length":35,"Height":21,"Demand":7,"DemandMax":null,"Value":735},{"Length":27,"Height":27,"Demand":4,"DemandMax":null,"Value":729},{"Length":33,"Height":22,"Demand":6,"DemandMax":null,"Value":726},{"Length":29,"Height":25,"Demand":5,"DemandMax":null,"Value":725},{"Length":48,"Height":15,"Demand":5,"DemandMax":null,"Value":720},{"Length":30,"Height":24,"Demand":5,"DemandMax":null,"Value":720},{"Length":40,"Height":18,"Demand":6,"DemandMax":null,"Value":720},{"Length":36,"Height":20,"Demand":10,"DemandMax":null,"Value":720},{"Length":31,"Height":23,"Demand":4,"DemandMax":null,"Value":713},{"Length":47,"Height":15,"Demand":4,"DemandMax":null,"Value":705},{"Length":54,"Height":13,"Demand":9,"DemandMax":null,"Value":702},{"Length":35,"Height":20,"Demand":6,"DemandMax":null,"Value":700},{"Length":49,"Height":14,"Demand":6,"DemandMax":null,"Value":686},{"Length":48,"Height":14,"Demand":4,"DemandMax":null,"Value":672},{"Length":28,"Height":24,"Demand":5,"DemandMax":null,"Value":672},{"Length":35,"Height":19,"Demand":5,"DemandMax":null,"Value":665},{"Length":51,"Height":13,"Demand":12,"DemandMax":null,"Value":663},{"Length":39,"Height":17,"Demand":3,"DemandMax":null,"Value":663},{"Length":44,"Height":15,"Demand":7,"DemandMax":null,"Value":660},{"Length":36,"Height":18,"Demand":3,"DemandMax":null,"Value":648},{"Length":38,"Height":17,"Demand":7,"DemandMax":null,"Value":646},{"Length":32,"Height":20,"Demand":2,"DemandMax":null,"Value":640},{"Length":40,"Height":16,"Demand":7,"DemandMax":null,"Value":640},{"Length":49,"Height":13,"Demand":9,"DemandMax":null,"Value":637},{"Length":45,"Height":14,"Demand":5,"DemandMax":null,"Value":630},{"Length":35,"Height":18,"Demand":5,"DemandMax":null,"Value":630},{"Length":27,"Height":23,"Demand":4,"DemandMax":null,"Value":621},{"Length":28,"Height":22,"Demand":3,"DemandMax":null,"Value":616},{"Length":29,"Height":21,"Demand":8,"DemandMax":null,"Value":609},{"Length":43,"Height":14,"Demand":4,"DemandMax":null,"Value":602},{"Length":35,"Height":17,"Demand":7,"DemandMax":null,"Value":595},{"Length":27,"Height":22,"Demand":5,"DemandMax":null,"Value":594},{"Length":31,"Height":19,"Demand":3,"DemandMax":null,"Value":589},{"Length":49,"Height":12,"Demand":4,"DemandMax":null,"Value":588},{"Length":34,"Height":17,"Demand":13,"DemandMax":null,"Value":578},{"Length":32,"Height":18,"Demand":7,"DemandMax":null,"Value":576},{"Length":48,"Height":12,"Demand":8,"DemandMax":null,"Value":576},{"Length":26,"Height":22,"Demand":7,"DemandMax":null,"Value":572},{"Length":47,"Height":12,"Demand":7,"DemandMax":null,"Value":564},{"Length":37,"Height":15,"Demand":5,"DemandMax":null,"Value":555},{"Length":25,"Height":22,"Demand":8,"DemandMax":null,"Value":550},{"Length":39,"Height":14,"Demand":3,"DemandMax":null,"Value":546},{"Length":36,"Height":15,"Demand":9,"DemandMax":null,"Value":540},{"Length":44,"Height":12,"Demand":2,"DemandMax":null,"Value":528},{"Length":48,"Height":11,"Demand":6,"DemandMax":null,"Value":528},{"Length":33,"Height":16,"Demand":7,"DemandMax":null,"Value":528},{"Length":26,"Height":20,"Demand":5,"DemandMax":null,"Value":520},{"Length":47,"Height":11,"Demand":7,"DemandMax":null,"Value":517},{"Length":32,"Height":16,"Demand":7,"DemandMax":null,"Value":512},{"Length":39,"Height":13,"Demand":6,"DemandMax":null,"Value":507},{"Length":26,"Height":19,"Demand":15,"DemandMax":null,"Value":494},{"Length":29,"Height":17,"Demand":4,"DemandMax":null,"Value":493},{"Length":41,"Height":12,"Demand":6,"DemandMax":null,"Value":492},{"Length":35,"Height":14,"Demand":9,"DemandMax":null,"Value":490},{"Length":27,"Height":18,"Demand":8,"DemandMax":null,"Value":486},{"Length":22,"Height":22,"Demand":6,"DemandMax":null,"Value":484},{"Length":37,"Height":13,"Demand":9,"DemandMax":null,"Value":481},{"Length":32,"Height":15,"Demand":4,"DemandMax":null,"Value":480},{"Length":40,"Height":12,"Demand":5,"DemandMax":null,"Value":480},{"Length":34,"Height":14,"Demand":7,"DemandMax":null,"Value":476},{"Length":25,"Height":19,"Demand":6,"DemandMax":null,"Value":475},{"Length":36,"Height":13,"Demand":3,"DemandMax":null,"Value":468},{"Length":26,"Height":18,"Demand":5,"DemandMax":null,"Value":468},{"Length":31,"Height":15,"Demand":4,"DemandMax":null,"Value":465},{"Length":27,"Height":17,"Demand":7,"DemandMax":null,"Value":459},{"Length":24,"Height":19,"Demand":6,"DemandMax":null,"Value":456},{"Length":26,"Height":17,"Demand":8,"DemandMax":null,"Value":442},{"Length":21,"Height":21,"Demand":2,"DemandMax":null,"Value":441},{"Length":40,"Height":11,"Demand":4,"DemandMax":null,"Value":440},{"Length":22,"Height":20,"Demand":8,"DemandMax":null,"Value":440},{"Length":44,"Height":10,"Demand":2,"DemandMax":null,"Value":440},{"Length":36,"Height":12,"Demand":6,"DemandMax":null,"Value":432},{"Length":28,"Height":15,"Demand":2,"DemandMax":null,"Value":420},{"Length":22,"Height":19,"Demand":5,"DemandMax":null,"Value":418},{"Length":26,"Height":16,"Demand":4,"DemandMax":null,"Value":416},{"Length":29,"Height":14,"Demand":4,"DemandMax":null,"Value":406},{"Length":31,"Height":13,"Demand":3,"DemandMax":null,"Value":403},{"Length":22,"Height":18,"Demand":7,"DemandMax":null,"Value":396},{"Length":36,"Height":11,"Demand":9,"DemandMax":null,"Value":396},{"Length":28,"Height":14,"Demand":4,"DemandMax":null,"Value":392},{"Length":26,"Height":15,"Demand":4,"DemandMax":null,"Value":390},{"Length":24,"Height":16,"Demand":9,"DemandMax":null,"Value":384},{"Length":20,"Height":19,"Demand":6,"DemandMax":null,"Value":380},{"Length":27,"Height":14,"Demand":7,"DemandMax":null,"Value":378},{"Length":29,"Height":13,"Demand":4,"DemandMax":null,"Value":377},{"Length":25,"Height":15,"Demand":6,"DemandMax":null,"Value":375},{"Length":31,"Height":12,"Demand":4,"DemandMax":null,"Value":372},{"Length":21,"Height":17,"Demand":8,"DemandMax":null,"Value":357},{"Length":22,"Height":16,"Demand":3,"DemandMax":null,"Value":352},{"Length":35,"Height":10,"Demand":4,"DemandMax":null,"Value":350},{"Length":23,"Height":15,"Demand":3,"DemandMax":null,"Value":345},{"Length":21,"Height":16,"Demand":8,"DemandMax":null,"Value":336},{"Length":22,"Height":15,"Demand":2,"DemandMax":null,"Value":330},{"Length":33,"Height":10,"Demand":6,"DemandMax":null,"Value":330},{"Length":23,"Height":14,"Demand":10,"DemandMax":null,"Value":322},{"Length":29,"Height":11,"Demand":6,"DemandMax":null,"Value":319},{"Length":21,"Height":15,"Demand":6,"DemandMax":null,"Value":315},{"Length":24,"Height":13,"Demand":2,"DemandMax":null,"Value":312},{"Length":18,"Height":17,"Demand":5,"DemandMax":null,"Value":306},{"Length":19,"Height":16,"Demand":7,"DemandMax":null,"Value":304},{"Length":20,"Height":15,"Demand":7,"DemandMax":null,"Value":300},{"Length":27,"Height":11,"Demand":6,"DemandMax":null,"Value":297},{"Length":18,"Height":16,"Demand":5,"DemandMax":null,"Value":288},{"Length":22,"Height":13,"Demand":4,"DemandMax":null,"Value":286},{"Length":21,"Height":13,"Demand":8,"DemandMax":null,"Value":273},{"Length":18,"Height":15,"Demand":6,"DemandMax":null,"Value":270},{"Length":24,"Height":11,"Demand":6,"DemandMax":null,"Value":264},{"Length":17,"Height":15,"Demand":4,"DemandMax":null,"Value":255},{"Length":17,"Height":14,"Demand":1,"DemandMax":null,"Value":238},{"Length":15,"Height":15,"Demand":3,"DemandMax":null,"Value":225},{"Length":15,"Height":14,"Demand":7,"DemandMax":null,"Value":210},{"Length":16,"Height":12,"Demand":4,"DemandMax":null,"Value":192}]}