{"Name":"MB07_128","Objects":[{"Length":587,"Height":233,"Stock":null,"Cost":136771}],"Items":[{"Length":57,"Height":44,"Demand":17,"DemandMax":null,"Value":2508},{"Length":59,"Height":42,"Demand":21,"DemandMax":null,"Value":2478},{"Length":49,"Height":46,"Demand":21,"DemandMax":null,"Value":2254},{"Length":49,"Height":43,"Demand":16,"DemandMax":null,"Value":2107},{"Length":51,"Height":40,"Demand":9,"DemandMax":null,"Value":2040},{"Length":45,"Height":44,"Demand":15,"DemandMax":null,"Value":1980},{"Length":49,"Height":38,"Demand":14,"DemandMax":null,"Value":1862},{"Length":49,"Height":37,"Demand":20,"DemandMax":null,"Value":1813},{"Length":51,"Height":35,"Demand":20,"DemandMax":null,"Value":1785},{"Length":44,"Height":36,"Demand":20,"DemandMax":null,"Value":1584},{"Length":58,"Height":27,"Demand":19,"DemandMax":null,"Value":1566},{"Length":40,"Height":38,"Demand":11,"DemandMax":null,"Value":1520},{"Length":57,"Height":26,"Demand":14,"DemandMax":null,"Value":1482},{"Length":51,"Height":29,"Demand":23,"DemandMax":null,"Value":1479},{"Length":54,"Height":27,"Demand":16,"DemandMax":null,"Value":1458},{"Length":58,"Height":25,"Demand":14,"DemandMax":null,"Value":1450},{"Length":48,"Height":30,"Demand":12,"DemandMax":null,"Value":1440},{"Length":60,"Height":24,"Demand":19,"DemandMax":null,"Value":1440},{"Length":49,"Height":29,"Demand":20,"DemandMax":null,"Value":1421},{"Length":60,"Height":23,"Demand":20,"DemandMax":null,"Value":1380},{"Length":39,"Height":35,"Demand":21,"DemandMax":null,"Value":1365},{"Length":39,"Height":34,"Demand":16,"DemandMax":null,"Value":1326},{"Length":47,"Height":27,"Demand":17,"DemandMax":null,"Value":1269},{"Length":57,"Height":22,"Demand":19,"DemandMax":null,"Value":1254},{"Length":40,"Height":31,"Demand":11,"DemandMax":null,"Value":1240},{"Length":36,"Height":34,"Demand":19,"DemandMax":null,"Value":1224},{"Length":37,"Height":33,"Demand":14,"DemandMax":null,"Value":1221},{"Length":42,"Height":29,"Demand":14,"DemandMax":null,"Value":1218},{"Length":36,"Height":32,"Demand":16,"DemandMax":null,"Value":1152},{"Length":37,"Height":30,"Demand":13,"DemandMax":null,"Value":1110},{"Length":37,"Height":29,"Demand":12,"DemandMax":null,"Value":1073},{"Length":48,"Height":22,"Demand":24,"DemandMax":null,"Value":1056},{"Length":35,"Height":29,"Demand":16,"DemandMax":null,"Value":1015},{"Length":33,"Height":30,"Demand":18,"DemandMax":null,"Value":990},{"Length":39,"Height":25,"Demand":18,"DemandMax":null,"Value":975},{"Length":42,"Height":23,"Demand":28,"DemandMax":null,"Value":966},{"Length":40,"Height":24,"Demand":15,"DemandMax":null,"Value":960},{"Length":38,"Height":25,"Demand":22,"DemandMax":null,"Value":950},{"Length":41,"Height":23,"Demand":21,"DemandMax":null,"Value":943},{"Length":39,"Height":24,"Demand":15,"DemandMax":null,"Value":936},{"Length":48,"Height":19,"Demand":14,"DemandMax":null,"Value":912},{"Length":30,"Height":30,"Demand":15,"DemandMax":null,"Value":900},{"Length":36,"Height":25,"Demand":16,"DemandMax":null,"Value":900},{"Length":33,"Height":26,"Demand":12,"DemandMax":null,"Value":858},{"Length":35,"Height":24,"Demand":10,"DemandMax":null,"Value":840},{"Length":30,"Height":27,"Demand":16,"DemandMax":null,"Value":810},{"Length":49,"Height":16,"Demand":19,"DemandMax":null,"Value":784},{"Length":46,"Height":17,"Demand":13,"DemandMax":null,"Value":782},{"Length":41,"Height":19,"Demand":21,"DemandMax":null,"Value":779},{"Length":37,"Height":21,"Demand":16,"DemandMax":null,"Value":777},{"Length":48,"Height":16,"Demand":23,"DemandMax":null,"Value":768},{"Length":28,"Height":26,"Demand":17,"DemandMax":null,"Value":728},{"Length":37,"Height":19,"Demand":12,"DemandMax":null,"Value":703},{"Length":43,"Height":16,"Demand":18,"DemandMax":null,"Value":688},{"Length":29,"Height":23,"Demand":13,"DemandMax":null,"Value":667},{"Length":26,"Height":25,"Demand":17,"DemandMax":null,"Value":650},{"Length":29,"Height":22,"Demand":13,"DemandMax":null,"Value":638},{"Length":37,"Height":17,"Demand":14,"DemandMax":null,"Value":629},{"Length":38,"Height":16,"Demand":18,"DemandMax":null,"Value":608},{"Length":43,"Height":14,"Demand":20,"DemandMax":null,"Value":602},{"Length":46,"Height":13,"Demand":8,"DemandMax":null,"Value":598},{"Length":30,"Height":19,"Demand":13,"DemandMax":null,"Value":570},{"Length":24,"Height":23,"Demand":14,"DemandMax":null,"Value":552},{"Length":27,"Height":20,"Demand":18,"DemandMax":null,"Value":540},{"Length":53,"Height":10,"Demand":11,"DemandMax":null,"Value":530},{"Length":29,"Height":18,"Demand":12,"DemandMax":null,"Value":522},{"Length":28,"Height":18,"Demand":20,"DemandMax":null,"Value":504},{"Length":40,"Height":12,"Demand":17,"DemandMax":null,"Value":480},{"Length":26,"Height":18,"Demand":16,"DemandMax":null,"Value":468},{"Length":24,"Height":19,"Demand":10,"DemandMax":null,"Value":456},{"Length":30,"Height":15,"Demand":16,"DemandMax":null,"Value":450},{"Length":27,"Height":15,"Demand":16,"DemandMax":null,"Value":405},{"Length":25,"Height":16,"Demand":12,"DemandMax":null,"Value":400},{"Length":24,"Height":13,"Demand":13,"DemandMax":null,"Value":312},{"Length":17,"Height":17,"Demand":20,"DemandMax":null,"Value":289},{"Length":26,"Height":10,"Demand":13,"DemandMax":null,"Value":260},{"Length":16,"Height":11,"Demand":25,"DemandMax":null,"Value":176}]}