{"Name":"MB08_060","Objects":[{"Length":587,"Height":233,"Stock":null,"Cost":136771}],"Items":[{"Length":56,"Height":45,"Demand":14,"DemandMax":null,"Value":2520},{"Length":58,"Height":39,"Demand":10,"DemandMax":null,"Value":2262},{"Length":54,"Height":41,"Demand":8,"DemandMax":null,"Value":2214},{"Length":47,"Height":46,"Demand":10,"DemandMax":null,"Value":2162},{"Length":53,"Height":40,"Demand":12,"DemandMax":null,"Value":2120},{"Length":60,"Height":34,"Demand":9,"DemandMax":null,"Value":2040},{"Length":48,"Height":41,"Demand":9,"DemandMax":null,"Value":1968},{"Length":49,"Height":40,"Demand":10,"DemandMax":null,"Value":1960},{"Length":46,"Height":42,"Demand":14,"DemandMax":null,"Value":1932},{"Length":47,"Height":41,"Demand":9,"DemandMax":null,"Value":1927},{"Length":48,"Height":40,"Demand":13,"DemandMax":null,"Value":1920},{"Length":58,"Height":32,"Demand":14,"DemandMax":null,"Value":1856},{"Length":54,"Height":33,"Demand":7,"DemandMax":null,"Value":1782},{"Length":56,"Height":31,"Demand":11,"DemandMax":null,"Value":1736},{"Length":45,"Height":38,"Demand":8,"DemandMax":null,"Value":1710},{"Length":57,"Height":29,"Demand":8,"DemandMax":null,"Value":1653},{"Length":53,"Height":31,"Demand":6,"DemandMax":null,"Value":1643},{"Length":44,"Height":36,"Demand":5,"DemandMax":null,"Value":1584},{"Length":51,"Height":30,"Demand":8,"DemandMax":null,"Value":1530},{"Length":45,"Height":34,"Demand":5,"DemandMax":null,"Value":1530},{"Length":39,"Height":38,"Demand":9,"DemandMax":null,"Value":1482},{"Length":40,"Height":37,"Demand":7,"DemandMax":null,"Value":1480},{"Length":59,"Height":25,"Demand":8,"DemandMax":null,"Value":1475},{"Length":43,"Height":34,"Demand":9,"DemandMax":null,"Value":1462},{"Length":45,"Height":32,"Demand":12,"DemandMax":null,"Value":1440},{"Length":53,"Height":27,"Demand":13,"DemandMax":null,"Value":1431},{"Length":50,"Height":28,"Demand":9,"DemandMax":null,"Value":1400},{"Length":43,"Height":32,"Demand":10,"DemandMax":null,"Value":1376},{"Length":40,"Height":34,"Demand":7,"DemandMax":null,"Value":1360},{"Length":41,"Height":33,"Demand":13,"DemandMax":null,"Value":1353},{"Length":43,"Height":31,"Demand":9,"DemandMax":null,"Value":1333},{"Length":38,"Height":35,"Demand":9,"DemandMax":null,"Value":1330},{"Length":40,"Height":33,"Demand":9,"DemandMax":null,"Value":1320},{"Length":43,"Height":30,"Demand":11,"DemandMax":null,"Value":1290},{"Length":39,"Height":33,"Demand":14,"DemandMax":null,"Value":1287},{"Length":58,"Height":22,"Demand":9,"DemandMax":null,"Value":1276},{"Length":45,"Height":28,"Demand":15,"DemandMax":null,"Value":1260},{"Length":37,"Height":34,"Demand":15,"DemandMax":null,"Value":1258},{"Length":50,"Height":25,"Demand":13,"DemandMax":null,"Value":1250},{"Length":56,"Height":21,"Demand":9,"DemandMax":null,"Value":1176},{"Length":49,"Height":24,"Demand":7,"DemandMax":null,"Value":1176},{"Length":47,"Height":25,"Demand":11,"DemandMax":null,"Value":1175},{"Length":58,"Height":20,"Demand":14,"DemandMax":null,"Value":1160},{"Length":40,"Height":29,"Demand":13,"DemandMax":null,"Value":1160},{"Length":35,"Height":33,"Demand":6,"DemandMax":null,"Value":1155},{"Length":46,"Height":25,"Demand":7,"DemandMax":null,"Value":1150},{"Length":37,"Height":31,"Demand":9,"DemandMax":null,"Value":1147},{"Length":44,"Height":26,"Demand":7,"DemandMax":null,"Value":1144},{"Length":38,"Height":30,"Demand":11,"DemandMax":null,"Value":1140},{"Length":44,"Height":25,"Demand":7,"DemandMax":null,"Value":1100},{"Length":55,"Height":20,"Demand":12,"DemandMax":null,"Value":1100},{"Length":35,"Height":31,"Demand":7,"DemandMax":null,"Value":1085},{"Length":45,"Height":24,"Demand":6,"DemandMax":null,"Value":1080},{"Length":39,"Height":27,"Demand":7,"DemandMax":null,"Value":1053},{"Length":50,"Height":21,"Demand":10,"DemandMax":null,"Value":1050},{"Length":40,"Height":26,"Demand":6,"DemandMax":null,"Value":1040},{"Length":47,"Height":22,"Demand":14,"DemandMax":null,"Value":1034},{"Length":34,"Height":30,"Demand":6,"DemandMax":null,"Value":1020},{"Length":53,"Height":19,"Demand":6,"DemandMax":null,"Value":1007},{"Length":50,"Height":20,"Demand":20,"DemandMax":null,"Value":1000},{"Length":33,"Height":30,"Demand":12,"DemandMax":null,"Value":990},{"Length":47,"Height":21,"Demand":12,"DemandMax":null,"Value":987},{"Length":54,"Height":18,"Demand":8,"DemandMax":null,"Value":972},{"Length":51,"Height":19,"Demand":11,"DemandMax":null,"Value":969},{"Length":48,"Height":20,"Demand":13,"DemandMax":null,"Value":960},{"Length":45,"Height":21,"Demand":16,"DemandMax":null,"Value":945},{"Length":39,"Height":24,"Demand":7,"DemandMax":null,"Value":936},{"Length":49,"Height":19,"Demand":13,"DemandMax":null,"Value":931},{"Length":31,"Height":29,"Demand":7,"DemandMax":null,"Value":899},{"Length":37,"Height":24,"Demand":7,"DemandMax":null,"Value":888},{"Length":49,"Height":18,"Demand":14,"DemandMax":null,"Value":882},{"Length":44,"Height":20,"Demand":7,"DemandMax":null,"Value":880},{"Length":55,"Height":16,"Demand":9,"DemandMax":null,"Value":880},{"Length":35,"Height":25,"Demand":13,"DemandMax":null,"Value":875},{"Length":38,"Height":23,"Demand":8,"DemandMax":null,"Value":874},{"Length":36,"Height":24,"Demand":12,"DemandMax":null,"Value":864},{"Length":43,"Height":19,"Demand":9,"DemandMax":null,"Value":817},{"Length":58,"Height":14,"Demand":12,"DemandMax":null,"Value":812},{"Length":31,"Height":26,"Demand":19,"DemandMax":null,"Value":806},{"Length":35,"Height":23,"Demand":9,"DemandMax":null,"Value":805},{"Length":48,"Height":16,"Demand":9,"DemandMax":null,"Value":768},{"Length":29,"Height":26,"Demand":10,"DemandMax":null,"Value":754},{"Length":27,"Height":27,"Demand":4,"DemandMax":null,"Value":729},{"Length":33,"Height":22,"Demand":9,"DemandMax":null,"Value":726},{"Length":40,"Height":18,"Demand":10,"DemandMax":null,"Value":720},{"Length":39,"Height":18,"Demand":11,"DemandMax":null,"Value":702},{"Length":36,"Height":19,"Demand":13,"DemandMax":null,"Value":684},{"Length":27,"Height":25,"Demand":12,"DemandMax":null,"Value":675},{"Length":29,"Height":23,"Demand":9,"DemandMax":null,"Value":667},{"Length":33,"Height":20,"Demand":9,"DemandMax":null,"Value":660},{"Length":44,"Height":15,"Demand":14,"DemandMax":null,"Value":660},{"Length":27,"Height":24,"Demand":13,"DemandMax":null,"Value":648},{"Length":32,"Height":20,"Demand":10,"DemandMax":null,"Value":640},{"Length":28,"Height":22,"Demand":9,"DemandMax":null,"Value":616},{"Length":25,"Height":24,"Demand":12,"DemandMax":null,"Value":600},{"Length":26,"Height":23,"Demand":12,"DemandMax":null,"Value":598},{"Length":37,"Height":16,"Demand":12,"DemandMax":null,"Value":592},{"Length":28,"Height":21,"Demand":15,"DemandMax":null,"Value":588},{"Length":39,"Height":15,"Demand":16,"DemandMax":null,"Value":585},{"Length":28,"Height":20,"Demand":16,"DemandMax":null,"Value":560},{"Length":43,"Height":13,"Demand":8,"DemandMax":null,"Value":559},{"Length":31,"Height":18,"Demand":6,"DemandMax":null,"Value":558},{"Length":24,"Height":23,"Demand":17,"DemandMax":null,"Value":552},{"Length":34,"Height":16,"Demand":8,"DemandMax":null,"Value":544},{"Length":27,"Height":20,"Demand":10,"DemandMax":null,"Value":540},{"Length":30,"Height":18,"Demand":7,"DemandMax":null,"Value":540},{"Length":35,"Height":15,"Demand":7,"DemandMax":null,"Value":525},{"Length":23,"Height":22,"Demand":8,"DemandMax":null,"Value":506},{"Length":36,"Height":14,"Demand":9,"DemandMax":null,"Value":504},{"Length":50,"Height":10,"Demand":9,"DemandMax":null,"Value":500},{"Length":25,"Height":20,"Demand":11,"DemandMax":null,"Value":500},{"Length":24,"Height":20,"Demand":10,"DemandMax":null,"Value":480},{"Length":32,"Height":15,"Demand":11,"DemandMax":null,"Value":480},{"Length":41,"Height":11,"Demand":12,"DemandMax":null,"Value":451},{"Length":26,"Height":17,"Demand":13,"DemandMax":null,"Value":442},{"Length":29,"Height":15,"Demand":6,"DemandMax":null,"Value":435},{"Length":27,"Height":16,"Demand":13,"DemandMax":null,"Value":432},{"Length":32,"Height":13,"Demand":11,"DemandMax":null,"Value":416},{"Length":27,"Height":15,"Demand":6,"DemandMax":null,"Value":405},{"Length":25,"Height":16,"Demand":10,"DemandMax":null,"Value":400},{"Length":26,"Height":15,"Demand":9,"DemandMax":null,"Value":390},{"Length":24,"Height":16,"Demand":7,"DemandMax":null,"Value":384},{"Length":26,"Height":14,"Demand":5,"DemandMax":null,"Value":364},{"Length":20,"Height":17,"Demand":18,"DemandMax":null,"Value":340},{"Length":30,"Height":11,"Demand":12,"DemandMax":null,"Value":330},{"Length":20,"Height":16,"Demand":14,"DemandMax":null,"Value":320},{"Length":24,"Height":13,"Demand":14,"DemandMax":null,"Value":312},{"Length":22,"Height":14,"Demand":9,"DemandMax":null,"Value":308},{"Length":27,"Height":11,"Demand":13,"DemandMax":null,"Value":297},{"Length":17,"Height":17,"Demand":10,"DemandMax":null,"Value":289},{"Length":19,"Height":15,"Demand":11,"DemandMax":null,"Value":285},{"Length":22,"Height":12,"Demand":2,"DemandMax":null,"Value":264},{"Length":24,"Height":11,"Demand":7,"DemandMax":null,"Value":264},{"Length":26,"Height":10,"Demand":12,"DemandMax":null,"Value":260},{"Length":18,"Height":14,"Demand":6,"DemandMax":null,"Value":252},{"Length":21,"Height":12,"Demand":9,"DemandMax":null,"Value":252},{"Length":18,"Height":12,"Demand":13,"DemandMax":null,"Value":216},{"Length":19,"Height":11,"Demand":7,"DemandMax":null,"Value":209},{"Length":16,"Height":13,"Demand":12,"DemandMax":null,"Value":208},{"Length":13,"Height":13,"Demand":12,"DemandMax":null,"Value":169}]}