{"Name":"MB10_073","Objects":[{"Length":432,"Height":79,"Stock":null,"Cost":34128}],"Items":[{"Length":56,"Height":46,"Demand":6,"DemandMax":null,"Value":2576},{"Length":53,"Height":48,"Demand":5,"DemandMax":null,"Value":2544},{"Length":54,"Height":46,"Demand":8,"DemandMax":null,"Value":2484},{"Length":56,"Height":44,"Demand":8,"DemandMax":null,"Value":2464},{"Length":50,"Height":48,"Demand":3,"DemandMax":null,"Value":2400},{"Length":59,"Height":40,"Demand":6,"DemandMax":null,"Value":2360},{"Length":54,"Height":43,"Demand":7,"DemandMax":null,"Value":2322},{"Length":48,"Height":48,"Demand":5,"DemandMax":null,"Value":2304},{"Length":48,"Height":47,"Demand":4,"DemandMax":null,"Value":2256},{"Length":51,"Height":44,"Demand":2,"DemandMax":null,"Value":2244},{"Length":56,"Height":39,"Demand":2,"DemandMax":null,"Value":2184},{"Length":49,"Height":44,"Demand":5,"DemandMax":null,"Value":2156},{"Length":56,"Height":38,"Demand":6,"DemandMax":null,"Value":2128},{"Length":60,"Height":35,"Demand":5,"DemandMax":null,"Value":2100},{"Length":57,"Height":36,"Demand":2,"DemandMax":null,"Value":2052},{"Length":50,"Height":40,"Demand":3,"DemandMax":null,"Value":2000},{"Length":53,"Height":37,"Demand":7,"DemandMax":null,"Value":1961},{"Length":44,"Height":44,"Demand":7,"DemandMax":null,"Value":1936},{"Length":52,"Height":37,"Demand":2,"DemandMax":null,"Value":1924},{"Length":48,"Height":40,"Demand":5,"DemandMax":null,"Value":1920},{"Length":50,"Height":38,"Demand":3,"DemandMax":null,"Value":1900},{"Length":45,"Height":42,"Demand":8,"DemandMax":null,"Value":1890},{"Length":58,"Height":32,"Demand":7,"DemandMax":null,"Value":1856},{"Length":53,"Height":35,"Demand":7,"DemandMax":null,"Value":1855},{"Length":50,"Height":37,"Demand":6,"DemandMax":null,"Value":1850},{"Length":45,"Height":41,"Demand":6,"DemandMax":null,"Value":1845},{"Length":54,"Height":34,"Demand":3,"DemandMax":null,"Value":1836},{"Length":47,"Height":39,"Demand":6,"DemandMax":null,"Value":1833},{"Length":46,"Height":39,"Demand":3,"DemandMax":null,"Value":1794},{"Length":48,"Height":37,"Demand":8,"DemandMax":null,"Value":1776},{"Length":50,"Height":35,"Demand":12,"DemandMax":null,"Value":1750},{"Length":47,"Height":37,"Demand":4,"DemandMax":null,"Value":1739},{"Length":44,"Height":39,"Demand":3,"DemandMax":null,"Value":1716},{"Length":57,"Height":30,"Demand":4,"DemandMax":null,"Value":1710},{"Length":46,"Height":37,"Demand":11,"DemandMax":null,"Value":1702},{"Length":42,"Height":40,"Demand":8,"DemandMax":null,"Value":1680},{"Length":48,"Height":35,"Demand":5,"DemandMax":null,"Value":1680},{"Length":49,"Height":34,"Demand":6,"DemandMax":null,"Value":1666},{"Length":46,"Height":36,"Demand":4,"DemandMax":null,"Value":1656},{"Length":57,"Height":29,"Demand":3,"DemandMax":null,"Value":1653},{"Length":55,"Height":30,"Demand":4,"DemandMax":null,"Value":1650},{"Length":41,"Height":40,"Demand":9,"DemandMax":null,"Value":1640},{"Length":44,"Height":37,"Demand":5,"DemandMax":null,"Value":1628},{"Length":47,"Height":34,"Demand":6,"DemandMax":null,"Value":1598},{"Length":57,"Height":28,"Demand":4,"DemandMax":null,"Value":1596},{"Length":55,"Height":29,"Demand":6,"DemandMax":null,"Value":1595},{"Length":53,"Height":30,"Demand":6,"DemandMax":null,"Value":1590},{"Length":44,"Height":36,"Demand":4,"DemandMax":null,"Value":1584},{"Length":48,"Height":33,"Demand":4,"DemandMax":null,"Value":1584},{"Length":49,"Height":32,"Demand":5,"DemandMax":null,"Value":1568},{"Length":58,"Height":27,"Demand":3,"DemandMax":null,"Value":1566},{"Length":42,"Height":37,"Demand":3,"DemandMax":null,"Value":1554},{"Length":45,"Height":34,"Demand":2,"DemandMax":null,"Value":1530},{"Length":41,"Height":37,"Demand":6,"DemandMax":null,"Value":1517},{"Length":43,"Height":35,"Demand":2,"DemandMax":null,"Value":1505},{"Length":45,"Height":33,"Demand":6,"DemandMax":null,"Value":1485},{"Length":53,"Height":28,"Demand":2,"DemandMax":null,"Value":1484},{"Length":41,"Height":36,"Demand":6,"DemandMax":null,"Value":1476},{"Length":49,"Height":30,"Demand":4,"DemandMax":null,"Value":1470},{"Length":47,"Height":31,"Demand":3,"DemandMax":null,"Value":1457},{"Length":41,"Height":35,"Demand":5,"DemandMax":null,"Value":1435},{"Length":59,"Height":24,"Demand":6,"DemandMax":null,"Value":1416},{"Length":39,"Height":36,"Demand":5,"DemandMax":null,"Value":1404},{"Length":56,"Height":25,"Demand":3,"DemandMax":null,"Value":1400},{"Length":40,"Height":35,"Demand":5,"DemandMax":null,"Value":1400},{"Length":39,"Height":35,"Demand":3,"DemandMax":null,"Value":1365},{"Length":52,"Height":26,"Demand":1,"DemandMax":null,"Value":1352},{"Length":56,"Height":24,"Demand":8,"DemandMax":null,"Value":1344},{"Length":38,"Height":35,"Demand":5,"DemandMax":null,"Value":1330},{"Length":59,"Height":22,"Demand":5,"DemandMax":null,"Value":1298},{"Length":36,"Height":36,"Demand":4,"DemandMax":null,"Value":1296},{"Length":48,"Height":27,"Demand":5,"DemandMax":null,"Value":1296},{"Length":39,"Height":33,"Demand":4,"DemandMax":null,"Value":1287},{"Length":49,"Height":26,"Demand":7,"DemandMax":null,"Value":1274},{"Length":53,"Height":24,"Demand":6,"DemandMax":null,"Value":1272},{"Length":45,"Height":28,"Demand":5,"DemandMax":null,"Value":1260},{"Length":38,"Height":33,"Demand":7,"DemandMax":null,"Value":1254},{"Length":43,"Height":29,"Demand":3,"DemandMax":null,"Value":1247},{"Length":38,"Height":32,"Demand":3,"DemandMax":null,"Value":1216},{"Length":39,"Height":31,"Demand":9,"DemandMax":null,"Value":1209},{"Length":43,"Height":28,"Demand":8,"DemandMax":null,"Value":1204},{"Length":52,"Height":23,"Demand":3,"DemandMax":null,"Value":1196},{"Length":35,"Height":34,"Demand":4,"DemandMax":null,"Value":1190},{"Length":44,"Height":27,"Demand":4,"DemandMax":null,"Value":1188},{"Length":59,"Height":20,"Demand":2,"DemandMax":null,"Value":1180},{"Length":49,"Height":24,"Demand":2,"DemandMax":null,"Value":1176},{"Length":39,"Height":30,"Demand":5,"DemandMax":null,"Value":1170},{"Length":36,"Height":32,"Demand":4,"DemandMax":null,"Value":1152},{"Length":37,"Height":31,"Demand":5,"DemandMax":null,"Value":1147},{"Length":44,"Height":26,"Demand":5,"DemandMax":null,"Value":1144},{"Length":45,"Height":25,"Demand":3,"DemandMax":null,"Value":1125},{"Length":34,"Height":33,"Demand":8,"DemandMax":null,"Value":1122},{"Length":56,"Height":20,"Demand":4,"DemandMax":null,"Value":1120},{"Length":43,"Height":26,"Demand":9,"DemandMax":null,"Value":1118},{"Length":37,"Height":30,"Demand":2,"DemandMax":null,"Value":1110},{"Length":48,"Height":23,"Demand":3,"DemandMax":null,"Value":1104},{"Length":34,"Height":32,"Demand":6,"DemandMax":null,"Value":1088},{"Length":35,"Height":31,"Demand":7,"DemandMax":null,"Value":1085},{"Length":54,"Height":20,"Demand":7,"DemandMax":null,"Value":1080},{"Length":36,"Height":30,"Demand":3,"DemandMax":null,"Value":1080},{"Length":49,"Height":22,"Demand":6,"DemandMax":null,"Value":1078},{"Length":37,"Height":29,"Demand":1,"DemandMax":null,"Value":1073},{"Length":59,"Height":18,"Demand":10,"DemandMax":null,"Value":1062},{"Length":46,"Height":23,"Demand":4,"DemandMax":null,"Value":1058},{"Length":33,"Height":32,"Demand":7,"DemandMax":null,"Value":1056},{"Length":34,"Height":31,"Demand":8,"DemandMax":null,"Value":1054},{"Length":39,"Height":27,"Demand":6,"DemandMax":null,"Value":1053},{"Length":35,"Height":30,"Demand":3,"DemandMax":null,"Value":1050},{"Length":36,"Height":29,"Demand":9,"DemandMax":null,"Value":1044},{"Length":40,"Height":26,"Demand":7,"DemandMax":null,"Value":1040},{"Length":38,"Height":27,"Demand":3,"DemandMax":null,"Value":1026},{"Length":35,"Height":29,"Demand":5,"DemandMax":null,"Value":1015},{"Length":39,"Height":26,"Demand":8,"DemandMax":null,"Value":1014},{"Length":46,"Height":22,"Demand":3,"DemandMax":null,"Value":1012},{"Length":36,"Height":28,"Demand":5,"DemandMax":null,"Value":1008},{"Length":40,"Height":25,"Demand":4,"DemandMax":null,"Value":1000},{"Length":45,"Height":22,"Demand":4,"DemandMax":null,"Value":990},{"Length":47,"Height":21,"Demand":4,"DemandMax":null,"Value":987},{"Length":34,"Height":29,"Demand":2,"DemandMax":null,"Value":986},{"Length":42,"Height":23,"Demand":5,"DemandMax":null,"Value":966},{"Length":37,"Height":26,"Demand":6,"DemandMax":null,"Value":962},{"Length":48,"Height":20,"Demand":4,"DemandMax":null,"Value":960},{"Length":38,"Height":25,"Demand":3,"DemandMax":null,"Value":950},{"Length":50,"Height":19,"Demand":6,"DemandMax":null,"Value":950},{"Length":52,"Height":18,"Demand":2,"DemandMax":null,"Value":936},{"Length":31,"Height":30,"Demand":6,"DemandMax":null,"Value":930},{"Length":58,"Height":16,"Demand":4,"DemandMax":null,"Value":928},{"Length":32,"Height":29,"Demand":9,"DemandMax":null,"Value":928},{"Length":33,"Height":28,"Demand":4,"DemandMax":null,"Value":924},{"Length":38,"Height":24,"Demand":1,"DemandMax":null,"Value":912},{"Length":31,"Height":29,"Demand":8,"DemandMax":null,"Value":899},{"Length":32,"Height":28,"Demand":10,"DemandMax":null,"Value":896},{"Length":49,"Height":18,"Demand":4,"DemandMax":null,"Value":882},{"Length":36,"Height":24,"Demand":6,"DemandMax":null,"Value":864},{"Length":33,"Height":26,"Demand":5,"DemandMax":null,"Value":858},{"Length":34,"Height":25,"Demand":5,"DemandMax":null,"Value":850},{"Length":42,"Height":20,"Demand":7,"DemandMax":null,"Value":840},{"Length":32,"Height":26,"Demand":7,"DemandMax":null,"Value":832},{"Length":36,"Height":23,"Demand":5,"DemandMax":null,"Value":828},{"Length":33,"Height":25,"Demand":5,"DemandMax":null,"Value":825},{"Length":48,"Height":17,"Demand":7,"DemandMax":null,"Value":816},{"Length":51,"Height":16,"Demand":1,"DemandMax":null,"Value":816},{"Length":29,"Height":28,"Demand":5,"DemandMax":null,"Value":812},{"Length":38,"Height":21,"Demand":3,"DemandMax":null,"Value":798},{"Length":53,"Height":15,"Demand":4,"DemandMax":null,"Value":795},{"Length":56,"Height":14,"Demand":7,"DemandMax":null,"Value":784},{"Length":55,"Height":14,"Demand":4,"DemandMax":null,"Value":770},{"Length":35,"Height":22,"Demand":5,"DemandMax":null,"Value":770},{"Length":33,"Height":23,"Demand":5,"DemandMax":null,"Value":759},{"Length":36,"Height":21,"Demand":3,"DemandMax":null,"Value":756},{"Length":28,"Height":27,"Demand":4,"DemandMax":null,"Value":756},{"Length":29,"Height":26,"Demand":6,"DemandMax":null,"Value":754},{"Length":30,"Height":25,"Demand":3,"DemandMax":null,"Value":750},{"Length":31,"Height":24,"Demand":9,"DemandMax":null,"Value":744},{"Length":32,"Height":23,"Demand":2,"DemandMax":null,"Value":736},{"Length":35,"Height":21,"Demand":1,"DemandMax":null,"Value":735},{"Length":43,"Height":17,"Demand":5,"DemandMax":null,"Value":731},{"Length":38,"Height":19,"Demand":6,"DemandMax":null,"Value":722},{"Length":36,"Height":20,"Demand":6,"DemandMax":null,"Value":720},{"Length":34,"Height":21,"Demand":5,"DemandMax":null,"Value":714},{"Length":32,"Height":22,"Demand":2,"DemandMax":null,"Value":704},{"Length":35,"Height":20,"Demand":12,"DemandMax":null,"Value":700},{"Length":28,"Height":25,"Demand":8,"DemandMax":null,"Value":700},{"Length":33,"Height":21,"Demand":7,"DemandMax":null,"Value":693},{"Length":30,"Height":23,"Demand":6,"DemandMax":null,"Value":690},{"Length":43,"Height":16,"Demand":4,"DemandMax":null,"Value":688},{"Length":36,"Height":19,"Demand":5,"DemandMax":null,"Value":684},{"Length":28,"Height":24,"Demand":4,"DemandMax":null,"Value":672},{"Length":37,"Height":18,"Demand":5,"DemandMax":null,"Value":666},{"Length":33,"Height":20,"Demand":5,"DemandMax":null,"Value":660},{"Length":26,"Height":25,"Demand":5,"DemandMax":null,"Value":650},{"Length":49,"Height":13,"Demand":5,"DemandMax":null,"Value":637},{"Length":42,"Height":15,"Demand":8,"DemandMax":null,"Value":630},{"Length":30,"Height":21,"Demand":4,"DemandMax":null,"Value":630},{"Length":37,"Height":17,"Demand":6,"DemandMax":null,"Value":629},{"Length":33,"Height":19,"Demand":5,"DemandMax":null,"Value":627},{"Length":48,"Height":13,"Demand":6,"DemandMax":null,"Value":624},{"Length":27,"Height":23,"Demand":6,"DemandMax":null,"Value":621},{"Length":31,"Height":20,"Demand":4,"DemandMax":null,"Value":620},{"Length":28,"Height":22,"Demand":6,"DemandMax":null,"Value":616},{"Length":34,"Height":18,"Demand":6,"DemandMax":null,"Value":612},{"Length":30,"Height":20,"Demand":8,"DemandMax":null,"Value":600},{"Length":25,"Height":24,"Demand":5,"DemandMax":null,"Value":600},{"Length":31,"Height":19,"Demand":8,"DemandMax":null,"Value":589},{"Length":39,"Height":15,"Demand":4,"DemandMax":null,"Value":585},{"Length":45,"Height":13,"Demand":5,"DemandMax":null,"Value":585},{"Length":36,"Height":16,"Demand":7,"DemandMax":null,"Value":576},{"Length":25,"Height":23,"Demand":4,"DemandMax":null,"Value":575},{"Length":44,"Height":13,"Demand":7,"DemandMax":null,"Value":572},{"Length":27,"Height":21,"Demand":7,"DemandMax":null,"Value":567},{"Length":35,"Height":16,"Demand":3,"DemandMax":null,"Value":560},{"Length":28,"Height":20,"Demand":1,"DemandMax":null,"Value":560},{"Length":31,"Height":18,"Demand":7,"DemandMax":null,"Value":558},{"Length":37,"Height":15,"Demand":8,"DemandMax":null,"Value":555},{"Length":34,"Height":16,"Demand":5,"DemandMax":null,"Value":544},{"Length":32,"Height":17,"Demand":4,"DemandMax":null,"Value":544},{"Length":36,"Height":15,"Demand":4,"DemandMax":null,"Value":540},{"Length":30,"Height":18,"Demand":4,"DemandMax":null,"Value":540},{"Length":41,"Height":13,"Demand":11,"DemandMax":null,"Value":533},{"Length":33,"Height":16,"Demand":2,"DemandMax":null,"Value":528},{"Length":31,"Height":17,"Demand":8,"DemandMax":null,"Value":527},{"Length":25,"Height":21,"Demand":6,"DemandMax":null,"Value":525},{"Length":43,"Height":12,"Demand":4,"DemandMax":null,"Value":516},{"Length":39,"Height":13,"Demand":8,"DemandMax":null,"Value":507},{"Length":23,"Height":22,"Demand":2,"DemandMax":null,"Value":506},{"Length":46,"Height":11,"Demand":5,"DemandMax":null,"Value":506},{"Length":42,"Height":12,"Demand":6,"DemandMax":null,"Value":504},{"Length":33,"Height":15,"Demand":6,"DemandMax":null,"Value":495},{"Length":35,"Height":14,"Demand":4,"DemandMax":null,"Value":490},{"Length":49,"Height":10,"Demand":4,"DemandMax":null,"Value":490},{"Length":44,"Height":11,"Demand":5,"DemandMax":null,"Value":484},{"Length":23,"Height":21,"Demand":5,"DemandMax":null,"Value":483},{"Length":32,"Height":15,"Demand":8,"DemandMax":null,"Value":480},{"Length":30,"Height":16,"Demand":4,"DemandMax":null,"Value":480},{"Length":34,"Height":14,"Demand":9,"DemandMax":null,"Value":476},{"Length":26,"Height":18,"Demand":6,"DemandMax":null,"Value":468},{"Length":31,"Height":15,"Demand":5,"DemandMax":null,"Value":465},{"Length":23,"Height":20,"Demand":8,"DemandMax":null,"Value":460},{"Length":25,"Height":18,"Demand":10,"DemandMax":null,"Value":450},{"Length":21,"Height":21,"Demand":3,"DemandMax":null,"Value":441},{"Length":44,"Height":10,"Demand":8,"DemandMax":null,"Value":440},{"Length":23,"Height":19,"Demand":7,"DemandMax":null,"Value":437},{"Length":27,"Height":16,"Demand":3,"DemandMax":null,"Value":432},{"Length":39,"Height":11,"Demand":5,"DemandMax":null,"Value":429},{"Length":25,"Height":17,"Demand":7,"DemandMax":null,"Value":425},{"Length":37,"Height":11,"Demand":8,"DemandMax":null,"Value":407},{"Length":21,"Height":19,"Demand":6,"DemandMax":null,"Value":399},{"Length":36,"Height":11,"Demand":3,"DemandMax":null,"Value":396},{"Length":23,"Height":17,"Demand":5,"DemandMax":null,"Value":391},{"Length":30,"Height":13,"Demand":6,"DemandMax":null,"Value":390},{"Length":26,"Height":15,"Demand":3,"DemandMax":null,"Value":390},{"Length":25,"Height":15,"Demand":3,"DemandMax":null,"Value":375},{"Length":34,"Height":11,"Demand":9,"DemandMax":null,"Value":374},{"Length":23,"Height":16,"Demand":3,"DemandMax":null,"Value":368},{"Length":19,"Height":19,"Demand":3,"DemandMax":null,"Value":361},{"Length":24,"Height":15,"Demand":4,"DemandMax":null,"Value":360},{"Length":29,"Height":12,"Demand":4,"DemandMax":null,"Value":348},{"Length":19,"Height":18,"Demand":5,"DemandMax":null,"Value":342},{"Length":34,"Height":10,"Demand":6,"DemandMax":null,"Value":340},{"Length":28,"Height":12,"Demand":11,"DemandMax":null,"Value":336},{"Length":24,"Height":14,"Demand":3,"DemandMax":null,"Value":336},{"Length":18,"Height":18,"Demand":5,"DemandMax":null,"Value":324},{"Length":20,"Height":16,"Demand":6,"DemandMax":null,"Value":320},{"Length":22,"Height":14,"Demand":4,"DemandMax":null,"Value":308},{"Length":18,"Height":17,"Demand":5,"DemandMax":null,"Value":306},{"Length":25,"Height":12,"Demand":4,"DemandMax":null,"Value":300},{"Length":17,"Height":17,"Demand":7,"DemandMax":null,"Value":289},{"Length":19,"Height":15,"Demand":6,"DemandMax":null,"Value":285},{"Length":20,"Height":14,"Demand":4,"DemandMax":null,"Value":280},{"Length":18,"Height":15,"Demand":7,"DemandMax":null,"Value":270},{"Length":19,"Height":14,"Demand":5,"DemandMax":null,"Value":266},{"Length":24,"Height":11,"Demand":6,"DemandMax":null,"Value":264},{"Length":17,"Height":15,"Demand":4,"DemandMax":null,"Value":255},{"Length":18,"Height":13,"Demand":3,"DemandMax":null,"Value":234},{"Length":19,"Height":12,"Demand":4,"DemandMax":null,"Value":228},{"Length":17,"Height":13,"Demand":7,"DemandMax":null,"Value":221},{"Length":20,"Height":11,"Demand":4,"DemandMax":null,"Value":220},{"Length":15,"Height":13,"Demand":4,"DemandMax":null,"Value":195},{"Length":14,"Height":13,"Demand":7,"DemandMax":null,"Value":182},{"Length":16,"Height":10,"Demand":5,"DemandMax":null,"Value":160}]}