{"Name":"MB10_096","Objects":[{"Length":432,"Height":79,"Stock":null,"Cost":34128}],"Items":[{"Length":57,"Height":48,"Demand":1,"DemandMax":null,"Value":2736},{"Length":57,"Height":47,"Demand":5,"DemandMax":null,"Value":2679},{"Length":54,"Height":45,"Demand":4,"DemandMax":null,"Value":2430},{"Length":56,"Height":43,"Demand":3,"DemandMax":null,"Value":2408},{"Length":50,"Height":46,"Demand":1,"DemandMax":null,"Value":2300},{"Length":50,"Height":45,"Demand":3,"DemandMax":null,"Value":2250},{"Length":59,"Height":38,"Demand":7,"DemandMax":null,"Value":2242},{"Length":57,"Height":39,"Demand":1,"DemandMax":null,"Value":2223},{"Length":56,"Height":39,"Demand":3,"DemandMax":null,"Value":2184},{"Length":54,"Height":39,"Demand":6,"DemandMax":null,"Value":2106},{"Length":50,"Height":42,"Demand":5,"DemandMax":null,"Value":2100},{"Length":56,"Height":36,"Demand":4,"DemandMax":null,"Value":2016},{"Length":57,"Height":35,"Demand":7,"DemandMax":null,"Value":1995},{"Length":48,"Height":41,"Demand":5,"DemandMax":null,"Value":1968},{"Length":49,"Height":40,"Demand":6,"DemandMax":null,"Value":1960},{"Length":53,"Height":36,"Demand":7,"DemandMax":null,"Value":1908},{"Length":50,"Height":38,"Demand":1,"DemandMax":null,"Value":1900},{"Length":45,"Height":42,"Demand":4,"DemandMax":null,"Value":1890},{"Length":47,"Height":40,"Demand":3,"DemandMax":null,"Value":1880},{"Length":48,"Height":39,"Demand":4,"DemandMax":null,"Value":1872},{"Length":49,"Height":38,"Demand":3,"DemandMax":null,"Value":1862},{"Length":60,"Height":31,"Demand":6,"DemandMax":null,"Value":1860},{"Length":53,"Height":35,"Demand":3,"DemandMax":null,"Value":1855},{"Length":45,"Height":41,"Demand":2,"DemandMax":null,"Value":1845},{"Length":43,"Height":42,"Demand":2,"DemandMax":null,"Value":1806},{"Length":45,"Height":40,"Demand":3,"DemandMax":null,"Value":1800},{"Length":46,"Height":39,"Demand":3,"DemandMax":null,"Value":1794},{"Length":54,"Height":33,"Demand":9,"DemandMax":null,"Value":1782},{"Length":50,"Height":35,"Demand":2,"DemandMax":null,"Value":1750},{"Length":47,"Height":37,"Demand":3,"DemandMax":null,"Value":1739},{"Length":56,"Height":31,"Demand":4,"DemandMax":null,"Value":1736},{"Length":51,"Height":34,"Demand":3,"DemandMax":null,"Value":1734},{"Length":42,"Height":41,"Demand":2,"DemandMax":null,"Value":1722},{"Length":44,"Height":39,"Demand":1,"DemandMax":null,"Value":1716},{"Length":49,"Height":35,"Demand":4,"DemandMax":null,"Value":1715},{"Length":59,"Height":29,"Demand":8,"DemandMax":null,"Value":1711},{"Length":57,"Height":30,"Demand":3,"DemandMax":null,"Value":1710},{"Length":45,"Height":38,"Demand":5,"DemandMax":null,"Value":1710},{"Length":53,"Height":32,"Demand":2,"DemandMax":null,"Value":1696},{"Length":47,"Height":36,"Demand":3,"DemandMax":null,"Value":1692},{"Length":54,"Height":31,"Demand":4,"DemandMax":null,"Value":1674},{"Length":50,"Height":33,"Demand":2,"DemandMax":null,"Value":1650},{"Length":47,"Height":35,"Demand":2,"DemandMax":null,"Value":1645},{"Length":49,"Height":33,"Demand":4,"DemandMax":null,"Value":1617},{"Length":40,"Height":40,"Demand":3,"DemandMax":null,"Value":1600},{"Length":41,"Height":39,"Demand":4,"DemandMax":null,"Value":1599},{"Length":42,"Height":38,"Demand":2,"DemandMax":null,"Value":1596},{"Length":48,"Height":33,"Demand":3,"DemandMax":null,"Value":1584},{"Length":56,"Height":28,"Demand":1,"DemandMax":null,"Value":1568},{"Length":58,"Height":27,"Demand":6,"DemandMax":null,"Value":1566},{"Length":46,"Height":34,"Demand":3,"DemandMax":null,"Value":1564},{"Length":41,"Height":38,"Demand":4,"DemandMax":null,"Value":1558},{"Length":47,"Height":33,"Demand":3,"DemandMax":null,"Value":1551},{"Length":43,"Height":36,"Demand":5,"DemandMax":null,"Value":1548},{"Length":44,"Height":35,"Demand":2,"DemandMax":null,"Value":1540},{"Length":55,"Height":28,"Demand":6,"DemandMax":null,"Value":1540},{"Length":40,"Height":38,"Demand":4,"DemandMax":null,"Value":1520},{"Length":46,"Height":33,"Demand":4,"DemandMax":null,"Value":1518},{"Length":54,"Height":28,"Demand":5,"DemandMax":null,"Value":1512},{"Length":52,"Height":29,"Demand":4,"DemandMax":null,"Value":1508},{"Length":43,"Height":35,"Demand":4,"DemandMax":null,"Value":1505},{"Length":47,"Height":32,"Demand":3,"DemandMax":null,"Value":1504},{"Length":50,"Height":30,"Demand":3,"DemandMax":null,"Value":1500},{"Length":39,"Height":38,"Demand":5,"DemandMax":null,"Value":1482},{"Length":40,"Height":37,"Demand":3,"DemandMax":null,"Value":1480},{"Length":41,"Height":36,"Demand":2,"DemandMax":null,"Value":1476},{"Length":59,"Height":25,"Demand":3,"DemandMax":null,"Value":1475},{"Length":46,"Height":32,"Demand":1,"DemandMax":null,"Value":1472},{"Length":42,"Height":35,"Demand":8,"DemandMax":null,"Value":1470},{"Length":56,"Height":26,"Demand":4,"DemandMax":null,"Value":1456},{"Length":38,"Height":38,"Demand":5,"DemandMax":null,"Value":1444},{"Length":60,"Height":24,"Demand":1,"DemandMax":null,"Value":1440},{"Length":40,"Height":36,"Demand":2,"DemandMax":null,"Value":1440},{"Length":42,"Height":34,"Demand":2,"DemandMax":null,"Value":1428},{"Length":46,"Height":31,"Demand":4,"DemandMax":null,"Value":1426},{"Length":43,"Height":33,"Demand":2,"DemandMax":null,"Value":1419},{"Length":47,"Height":30,"Demand":5,"DemandMax":null,"Value":1410},{"Length":44,"Height":32,"Demand":6,"DemandMax":null,"Value":1408},{"Length":38,"Height":37,"Demand":5,"DemandMax":null,"Value":1406},{"Length":39,"Height":36,"Demand":4,"DemandMax":null,"Value":1404},{"Length":50,"Height":28,"Demand":4,"DemandMax":null,"Value":1400},{"Length":46,"Height":30,"Demand":2,"DemandMax":null,"Value":1380},{"Length":43,"Height":32,"Demand":3,"DemandMax":null,"Value":1376},{"Length":55,"Height":25,"Demand":4,"DemandMax":null,"Value":1375},{"Length":44,"Height":31,"Demand":2,"DemandMax":null,"Value":1364},{"Length":47,"Height":29,"Demand":3,"DemandMax":null,"Value":1363},{"Length":40,"Height":34,"Demand":5,"DemandMax":null,"Value":1360},{"Length":43,"Height":31,"Demand":2,"DemandMax":null,"Value":1333},{"Length":39,"Height":34,"Demand":3,"DemandMax":null,"Value":1326},{"Length":40,"Height":33,"Demand":5,"DemandMax":null,"Value":1320},{"Length":42,"Height":31,"Demand":4,"DemandMax":null,"Value":1302},{"Length":59,"Height":22,"Demand":2,"DemandMax":null,"Value":1298},{"Length":38,"Height":34,"Demand":3,"DemandMax":null,"Value":1292},{"Length":58,"Height":22,"Demand":8,"DemandMax":null,"Value":1276},{"Length":53,"Height":24,"Demand":3,"DemandMax":null,"Value":1272},{"Length":41,"Height":31,"Demand":6,"DemandMax":null,"Value":1271},{"Length":47,"Height":27,"Demand":1,"DemandMax":null,"Value":1269},{"Length":42,"Height":30,"Demand":4,"DemandMax":null,"Value":1260},{"Length":38,"Height":33,"Demand":4,"DemandMax":null,"Value":1254},{"Length":39,"Height":32,"Demand":6,"DemandMax":null,"Value":1248},{"Length":46,"Height":27,"Demand":2,"DemandMax":null,"Value":1242},{"Length":42,"Height":29,"Demand":3,"DemandMax":null,"Value":1218},{"Length":45,"Height":27,"Demand":4,"DemandMax":null,"Value":1215},{"Length":57,"Height":21,"Demand":4,"DemandMax":null,"Value":1197},{"Length":52,"Height":23,"Demand":4,"DemandMax":null,"Value":1196},{"Length":35,"Height":34,"Demand":5,"DemandMax":null,"Value":1190},{"Length":41,"Height":29,"Demand":4,"DemandMax":null,"Value":1189},{"Length":38,"Height":31,"Demand":3,"DemandMax":null,"Value":1178},{"Length":42,"Height":28,"Demand":5,"DemandMax":null,"Value":1176},{"Length":49,"Height":24,"Demand":2,"DemandMax":null,"Value":1176},{"Length":43,"Height":27,"Demand":2,"DemandMax":null,"Value":1161},{"Length":44,"Height":26,"Demand":3,"DemandMax":null,"Value":1144},{"Length":38,"Height":30,"Demand":2,"DemandMax":null,"Value":1140},{"Length":54,"Height":21,"Demand":4,"DemandMax":null,"Value":1134},{"Length":39,"Height":29,"Demand":4,"DemandMax":null,"Value":1131},{"Length":47,"Height":24,"Demand":5,"DemandMax":null,"Value":1128},{"Length":45,"Height":25,"Demand":7,"DemandMax":null,"Value":1125},{"Length":36,"Height":31,"Demand":3,"DemandMax":null,"Value":1116},{"Length":37,"Height":30,"Demand":7,"DemandMax":null,"Value":1110},{"Length":41,"Height":27,"Demand":6,"DemandMax":null,"Value":1107},{"Length":34,"Height":32,"Demand":2,"DemandMax":null,"Value":1088},{"Length":35,"Height":31,"Demand":4,"DemandMax":null,"Value":1085},{"Length":45,"Height":24,"Demand":5,"DemandMax":null,"Value":1080},{"Length":49,"Height":22,"Demand":5,"DemandMax":null,"Value":1078},{"Length":53,"Height":20,"Demand":6,"DemandMax":null,"Value":1060},{"Length":48,"Height":22,"Demand":2,"DemandMax":null,"Value":1056},{"Length":33,"Height":32,"Demand":7,"DemandMax":null,"Value":1056},{"Length":34,"Height":31,"Demand":2,"DemandMax":null,"Value":1054},{"Length":39,"Height":27,"Demand":1,"DemandMax":null,"Value":1053},{"Length":40,"Height":26,"Demand":4,"DemandMax":null,"Value":1040},{"Length":37,"Height":28,"Demand":3,"DemandMax":null,"Value":1036},{"Length":47,"Height":22,"Demand":6,"DemandMax":null,"Value":1034},{"Length":51,"Height":20,"Demand":3,"DemandMax":null,"Value":1020},{"Length":46,"Height":22,"Demand":6,"DemandMax":null,"Value":1012},{"Length":59,"Height":17,"Demand":3,"DemandMax":null,"Value":1003},{"Length":50,"Height":20,"Demand":4,"DemandMax":null,"Value":1000},{"Length":40,"Height":25,"Demand":3,"DemandMax":null,"Value":1000},{"Length":37,"Height":27,"Demand":7,"DemandMax":null,"Value":999},{"Length":45,"Height":22,"Demand":7,"DemandMax":null,"Value":990},{"Length":43,"Height":23,"Demand":3,"DemandMax":null,"Value":989},{"Length":38,"Height":26,"Demand":5,"DemandMax":null,"Value":988},{"Length":46,"Height":21,"Demand":3,"DemandMax":null,"Value":966},{"Length":37,"Height":26,"Demand":3,"DemandMax":null,"Value":962},{"Length":50,"Height":19,"Demand":6,"DemandMax":null,"Value":950},{"Length":43,"Height":22,"Demand":4,"DemandMax":null,"Value":946},{"Length":45,"Height":21,"Demand":2,"DemandMax":null,"Value":945},{"Length":41,"Height":23,"Demand":2,"DemandMax":null,"Value":943},{"Length":52,"Height":18,"Demand":3,"DemandMax":null,"Value":936},{"Length":36,"Height":26,"Demand":7,"DemandMax":null,"Value":936},{"Length":49,"Height":19,"Demand":5,"DemandMax":null,"Value":931},{"Length":37,"Height":25,"Demand":5,"DemandMax":null,"Value":925},{"Length":33,"Height":28,"Demand":2,"DemandMax":null,"Value":924},{"Length":42,"Height":22,"Demand":3,"DemandMax":null,"Value":924},{"Length":34,"Height":27,"Demand":3,"DemandMax":null,"Value":918},{"Length":36,"Height":25,"Demand":9,"DemandMax":null,"Value":900},{"Length":45,"Height":20,"Demand":3,"DemandMax":null,"Value":900},{"Length":31,"Height":29,"Demand":3,"DemandMax":null,"Value":899},{"Length":34,"Height":26,"Demand":4,"DemandMax":null,"Value":884},{"Length":42,"Height":21,"Demand":5,"DemandMax":null,"Value":882},{"Length":35,"Height":25,"Demand":5,"DemandMax":null,"Value":875},{"Length":38,"Height":23,"Demand":6,"DemandMax":null,"Value":874},{"Length":46,"Height":19,"Demand":6,"DemandMax":null,"Value":874},{"Length":31,"Height":28,"Demand":3,"DemandMax":null,"Value":868},{"Length":51,"Height":17,"Demand":5,"DemandMax":null,"Value":867},{"Length":36,"Height":24,"Demand":2,"DemandMax":null,"Value":864},{"Length":48,"Height":18,"Demand":4,"DemandMax":null,"Value":864},{"Length":39,"Height":22,"Demand":3,"DemandMax":null,"Value":858},{"Length":29,"Height":29,"Demand":3,"DemandMax":null,"Value":841},{"Length":30,"Height":28,"Demand":6,"DemandMax":null,"Value":840},{"Length":40,"Height":21,"Demand":4,"DemandMax":null,"Value":840},{"Length":42,"Height":20,"Demand":3,"DemandMax":null,"Value":840},{"Length":31,"Height":27,"Demand":6,"DemandMax":null,"Value":837},{"Length":32,"Height":26,"Demand":3,"DemandMax":null,"Value":832},{"Length":36,"Height":23,"Demand":3,"DemandMax":null,"Value":828},{"Length":33,"Height":25,"Demand":5,"DemandMax":null,"Value":825},{"Length":39,"Height":21,"Demand":3,"DemandMax":null,"Value":819},{"Length":51,"Height":16,"Demand":2,"DemandMax":null,"Value":816},{"Length":34,"Height":24,"Demand":2,"DemandMax":null,"Value":816},{"Length":54,"Height":15,"Demand":2,"DemandMax":null,"Value":810},{"Length":35,"Height":23,"Demand":4,"DemandMax":null,"Value":805},{"Length":32,"Height":25,"Demand":3,"DemandMax":null,"Value":800},{"Length":50,"Height":16,"Demand":2,"DemandMax":null,"Value":800},{"Length":57,"Height":14,"Demand":3,"DemandMax":null,"Value":798},{"Length":28,"Height":28,"Demand":5,"DemandMax":null,"Value":784},{"Length":49,"Height":16,"Demand":3,"DemandMax":null,"Value":784},{"Length":34,"Height":23,"Demand":7,"DemandMax":null,"Value":782},{"Length":46,"Height":17,"Demand":4,"DemandMax":null,"Value":782},{"Length":30,"Height":26,"Demand":4,"DemandMax":null,"Value":780},{"Length":39,"Height":20,"Demand":2,"DemandMax":null,"Value":780},{"Length":55,"Height":14,"Demand":3,"DemandMax":null,"Value":770},{"Length":35,"Height":22,"Demand":3,"DemandMax":null,"Value":770},{"Length":40,"Height":19,"Demand":7,"DemandMax":null,"Value":760},{"Length":36,"Height":21,"Demand":6,"DemandMax":null,"Value":756},{"Length":28,"Height":27,"Demand":6,"DemandMax":null,"Value":756},{"Length":54,"Height":14,"Demand":5,"DemandMax":null,"Value":756},{"Length":42,"Height":18,"Demand":5,"DemandMax":null,"Value":756},{"Length":47,"Height":16,"Demand":2,"DemandMax":null,"Value":752},{"Length":50,"Height":15,"Demand":3,"DemandMax":null,"Value":750},{"Length":34,"Height":22,"Demand":8,"DemandMax":null,"Value":748},{"Length":32,"Height":23,"Demand":2,"DemandMax":null,"Value":736},{"Length":49,"Height":15,"Demand":3,"DemandMax":null,"Value":735},{"Length":43,"Height":17,"Demand":4,"DemandMax":null,"Value":731},{"Length":28,"Height":26,"Demand":3,"DemandMax":null,"Value":728},{"Length":52,"Height":14,"Demand":5,"DemandMax":null,"Value":728},{"Length":33,"Height":22,"Demand":4,"DemandMax":null,"Value":726},{"Length":29,"Height":25,"Demand":5,"DemandMax":null,"Value":725},{"Length":45,"Height":16,"Demand":6,"DemandMax":null,"Value":720},{"Length":40,"Height":18,"Demand":6,"DemandMax":null,"Value":720},{"Length":36,"Height":20,"Demand":3,"DemandMax":null,"Value":720},{"Length":42,"Height":17,"Demand":1,"DemandMax":null,"Value":714},{"Length":47,"Height":15,"Demand":2,"DemandMax":null,"Value":705},{"Length":44,"Height":16,"Demand":3,"DemandMax":null,"Value":704},{"Length":37,"Height":19,"Demand":4,"DemandMax":null,"Value":703},{"Length":39,"Height":18,"Demand":3,"DemandMax":null,"Value":702},{"Length":54,"Height":13,"Demand":6,"DemandMax":null,"Value":702},{"Length":28,"Height":25,"Demand":8,"DemandMax":null,"Value":700},{"Length":29,"Height":24,"Demand":4,"DemandMax":null,"Value":696},{"Length":43,"Height":16,"Demand":3,"DemandMax":null,"Value":688},{"Length":49,"Height":14,"Demand":3,"DemandMax":null,"Value":686},{"Length":38,"Height":18,"Demand":5,"DemandMax":null,"Value":684},{"Length":57,"Height":12,"Demand":2,"DemandMax":null,"Value":684},{"Length":31,"Height":22,"Demand":4,"DemandMax":null,"Value":682},{"Length":34,"Height":20,"Demand":3,"DemandMax":null,"Value":680},{"Length":26,"Height":26,"Demand":4,"DemandMax":null,"Value":676},{"Length":52,"Height":13,"Demand":3,"DemandMax":null,"Value":676},{"Length":27,"Height":25,"Demand":4,"DemandMax":null,"Value":675},{"Length":28,"Height":24,"Demand":1,"DemandMax":null,"Value":672},{"Length":42,"Height":16,"Demand":3,"DemandMax":null,"Value":672},{"Length":37,"Height":18,"Demand":4,"DemandMax":null,"Value":666},{"Length":30,"Height":22,"Demand":9,"DemandMax":null,"Value":660},{"Length":33,"Height":20,"Demand":4,"DemandMax":null,"Value":660},{"Length":47,"Height":14,"Demand":4,"DemandMax":null,"Value":658},{"Length":41,"Height":16,"Demand":5,"DemandMax":null,"Value":656},{"Length":31,"Height":21,"Demand":3,"DemandMax":null,"Value":651},{"Length":26,"Height":25,"Demand":6,"DemandMax":null,"Value":650},{"Length":50,"Height":13,"Demand":4,"DemandMax":null,"Value":650},{"Length":54,"Height":12,"Demand":3,"DemandMax":null,"Value":648},{"Length":27,"Height":24,"Demand":4,"DemandMax":null,"Value":648},{"Length":36,"Height":18,"Demand":2,"DemandMax":null,"Value":648},{"Length":38,"Height":17,"Demand":2,"DemandMax":null,"Value":646},{"Length":46,"Height":14,"Demand":2,"DemandMax":null,"Value":644},{"Length":32,"Height":20,"Demand":4,"DemandMax":null,"Value":640},{"Length":30,"Height":21,"Demand":5,"DemandMax":null,"Value":630},{"Length":25,"Height":25,"Demand":1,"DemandMax":null,"Value":625},{"Length":39,"Height":16,"Demand":6,"DemandMax":null,"Value":624},{"Length":26,"Height":24,"Demand":3,"DemandMax":null,"Value":624},{"Length":27,"Height":23,"Demand":4,"DemandMax":null,"Value":621},{"Length":28,"Height":22,"Demand":3,"DemandMax":null,"Value":616},{"Length":34,"Height":18,"Demand":6,"DemandMax":null,"Value":612},{"Length":36,"Height":17,"Demand":2,"DemandMax":null,"Value":612},{"Length":29,"Height":21,"Demand":2,"DemandMax":null,"Value":609},{"Length":32,"Height":19,"Demand":2,"DemandMax":null,"Value":608},{"Length":38,"Height":16,"Demand":4,"DemandMax":null,"Value":608},{"Length":43,"Height":14,"Demand":6,"DemandMax":null,"Value":602},{"Length":40,"Height":15,"Demand":5,"DemandMax":null,"Value":600},{"Length":30,"Height":20,"Demand":4,"DemandMax":null,"Value":600},{"Length":46,"Height":13,"Demand":4,"DemandMax":null,"Value":598},{"Length":27,"Height":22,"Demand":3,"DemandMax":null,"Value":594},{"Length":28,"Height":21,"Demand":1,"DemandMax":null,"Value":588},{"Length":45,"Height":13,"Demand":5,"DemandMax":null,"Value":585},{"Length":29,"Height":20,"Demand":6,"DemandMax":null,"Value":580},{"Length":34,"Height":17,"Demand":3,"DemandMax":null,"Value":578},{"Length":36,"Height":16,"Demand":4,"DemandMax":null,"Value":576},{"Length":25,"Height":23,"Demand":7,"DemandMax":null,"Value":575},{"Length":41,"Height":14,"Demand":3,"DemandMax":null,"Value":574},{"Length":44,"Height":13,"Demand":7,"DemandMax":null,"Value":572},{"Length":27,"Height":21,"Demand":5,"DemandMax":null,"Value":567},{"Length":47,"Height":12,"Demand":4,"DemandMax":null,"Value":564},{"Length":33,"Height":17,"Demand":3,"DemandMax":null,"Value":561},{"Length":43,"Height":13,"Demand":8,"DemandMax":null,"Value":559},{"Length":31,"Height":18,"Demand":7,"DemandMax":null,"Value":558},{"Length":37,"Height":15,"Demand":4,"DemandMax":null,"Value":555},{"Length":55,"Height":10,"Demand":3,"DemandMax":null,"Value":550},{"Length":39,"Height":14,"Demand":7,"DemandMax":null,"Value":546},{"Length":34,"Height":16,"Demand":6,"DemandMax":null,"Value":544},{"Length":36,"Height":15,"Demand":6,"DemandMax":null,"Value":540},{"Length":45,"Height":12,"Demand":2,"DemandMax":null,"Value":540},{"Length":30,"Height":18,"Demand":3,"DemandMax":null,"Value":540},{"Length":28,"Height":19,"Demand":5,"DemandMax":null,"Value":532},{"Length":53,"Height":10,"Demand":4,"DemandMax":null,"Value":530},{"Length":44,"Height":12,"Demand":11,"DemandMax":null,"Value":528},{"Length":24,"Height":22,"Demand":3,"DemandMax":null,"Value":528},{"Length":25,"Height":21,"Demand":3,"DemandMax":null,"Value":525},{"Length":26,"Height":20,"Demand":7,"DemandMax":null,"Value":520},{"Length":27,"Height":19,"Demand":4,"DemandMax":null,"Value":513},{"Length":32,"Height":16,"Demand":5,"DemandMax":null,"Value":512},{"Length":34,"Height":15,"Demand":3,"DemandMax":null,"Value":510},{"Length":39,"Height":13,"Demand":4,"DemandMax":null,"Value":507},{"Length":23,"Height":22,"Demand":3,"DemandMax":null,"Value":506},{"Length":33,"Height":15,"Demand":2,"DemandMax":null,"Value":495},{"Length":26,"Height":19,"Demand":6,"DemandMax":null,"Value":494},{"Length":38,"Height":13,"Demand":3,"DemandMax":null,"Value":494},{"Length":29,"Height":17,"Demand":2,"DemandMax":null,"Value":493},{"Length":27,"Height":18,"Demand":3,"DemandMax":null,"Value":486},{"Length":23,"Height":21,"Demand":6,"DemandMax":null,"Value":483},{"Length":37,"Height":13,"Demand":3,"DemandMax":null,"Value":481},{"Length":40,"Height":12,"Demand":5,"DemandMax":null,"Value":480},{"Length":28,"Height":17,"Demand":6,"DemandMax":null,"Value":476},{"Length":34,"Height":14,"Demand":3,"DemandMax":null,"Value":476},{"Length":25,"Height":19,"Demand":5,"DemandMax":null,"Value":475},{"Length":43,"Height":11,"Demand":3,"DemandMax":null,"Value":473},{"Length":36,"Height":13,"Demand":5,"DemandMax":null,"Value":468},{"Length":29,"Height":16,"Demand":3,"DemandMax":null,"Value":464},{"Length":33,"Height":14,"Demand":5,"DemandMax":null,"Value":462},{"Length":42,"Height":11,"Demand":6,"DemandMax":null,"Value":462},{"Length":22,"Height":21,"Demand":2,"DemandMax":null,"Value":462},{"Length":46,"Height":10,"Demand":9,"DemandMax":null,"Value":460},{"Length":24,"Height":19,"Demand":3,"DemandMax":null,"Value":456},{"Length":38,"Height":12,"Demand":2,"DemandMax":null,"Value":456},{"Length":35,"Height":13,"Demand":4,"DemandMax":null,"Value":455},{"Length":30,"Height":15,"Demand":4,"DemandMax":null,"Value":450},{"Length":28,"Height":16,"Demand":2,"DemandMax":null,"Value":448},{"Length":34,"Height":13,"Demand":2,"DemandMax":null,"Value":442},{"Length":26,"Height":17,"Demand":5,"DemandMax":null,"Value":442},{"Length":21,"Height":21,"Demand":1,"DemandMax":null,"Value":441},{"Length":40,"Height":11,"Demand":7,"DemandMax":null,"Value":440},{"Length":23,"Height":19,"Demand":4,"DemandMax":null,"Value":437},{"Length":29,"Height":15,"Demand":2,"DemandMax":null,"Value":435},{"Length":31,"Height":14,"Demand":2,"DemandMax":null,"Value":434},{"Length":24,"Height":18,"Demand":3,"DemandMax":null,"Value":432},{"Length":25,"Height":17,"Demand":4,"DemandMax":null,"Value":425},{"Length":35,"Height":12,"Demand":2,"DemandMax":null,"Value":420},{"Length":21,"Height":20,"Demand":2,"DemandMax":null,"Value":420},{"Length":30,"Height":14,"Demand":3,"DemandMax":null,"Value":420},{"Length":22,"Height":19,"Demand":6,"DemandMax":null,"Value":418},{"Length":32,"Height":13,"Demand":3,"DemandMax":null,"Value":416},{"Length":23,"Height":18,"Demand":4,"DemandMax":null,"Value":414},{"Length":27,"Height":15,"Demand":5,"DemandMax":null,"Value":405},{"Length":21,"Height":19,"Demand":1,"DemandMax":null,"Value":399},{"Length":22,"Height":18,"Demand":4,"DemandMax":null,"Value":396},{"Length":28,"Height":14,"Demand":5,"DemandMax":null,"Value":392},{"Length":23,"Height":17,"Demand":3,"DemandMax":null,"Value":391},{"Length":39,"Height":10,"Demand":3,"DemandMax":null,"Value":390},{"Length":26,"Height":15,"Demand":2,"DemandMax":null,"Value":390},{"Length":32,"Height":12,"Demand":3,"DemandMax":null,"Value":384},{"Length":38,"Height":10,"Demand":3,"DemandMax":null,"Value":380},{"Length":34,"Height":11,"Demand":4,"DemandMax":null,"Value":374},{"Length":26,"Height":14,"Demand":6,"DemandMax":null,"Value":364},{"Length":36,"Height":10,"Demand":4,"DemandMax":null,"Value":360},{"Length":20,"Height":18,"Demand":11,"DemandMax":null,"Value":360},{"Length":30,"Height":12,"Demand":6,"DemandMax":null,"Value":360},{"Length":22,"Height":16,"Demand":3,"DemandMax":null,"Value":352},{"Length":25,"Height":14,"Demand":2,"DemandMax":null,"Value":350},{"Length":23,"Height":15,"Demand":4,"DemandMax":null,"Value":345},{"Length":31,"Height":11,"Demand":3,"DemandMax":null,"Value":341},{"Length":28,"Height":12,"Demand":5,"DemandMax":null,"Value":336},{"Length":21,"Height":15,"Demand":3,"DemandMax":null,"Value":315},{"Length":24,"Height":13,"Demand":7,"DemandMax":null,"Value":312},{"Length":28,"Height":11,"Demand":6,"DemandMax":null,"Value":308},{"Length":18,"Height":17,"Demand":3,"DemandMax":null,"Value":306},{"Length":19,"Height":16,"Demand":7,"DemandMax":null,"Value":304},{"Length":20,"Height":15,"Demand":5,"DemandMax":null,"Value":300},{"Length":30,"Height":10,"Demand":2,"DemandMax":null,"Value":300},{"Length":23,"Height":13,"Demand":2,"DemandMax":null,"Value":299},{"Length":17,"Height":17,"Demand":8,"DemandMax":null,"Value":289},{"Length":18,"Height":16,"Demand":3,"DemandMax":null,"Value":288},{"Length":24,"Height":12,"Demand":5,"DemandMax":null,"Value":288},{"Length":20,"Height":14,"Demand":1,"DemandMax":null,"Value":280},{"Length":23,"Height":12,"Demand":5,"DemandMax":null,"Value":276},{"Length":25,"Height":11,"Demand":3,"DemandMax":null,"Value":275},{"Length":17,"Height":16,"Demand":2,"DemandMax":null,"Value":272},{"Length":20,"Height":13,"Demand":4,"DemandMax":null,"Value":260},{"Length":16,"Height":16,"Demand":4,"DemandMax":null,"Value":256},{"Length":17,"Height":15,"Demand":4,"DemandMax":null,"Value":255},{"Length":21,"Height":12,"Demand":7,"DemandMax":null,"Value":252},{"Length":19,"Height":13,"Demand":2,"DemandMax":null,"Value":247},{"Length":22,"Height":11,"Demand":2,"DemandMax":null,"Value":242},{"Length":24,"Height":10,"Demand":7,"DemandMax":null,"Value":240},{"Length":16,"Height":15,"Demand":4,"DemandMax":null,"Value":240},{"Length":18,"Height":13,"Demand":5,"DemandMax":null,"Value":234},{"Length":16,"Height":14,"Demand":3,"DemandMax":null,"Value":224},{"Length":17,"Height":13,"Demand":4,"DemandMax":null,"Value":221},{"Length":18,"Height":12,"Demand":5,"DemandMax":null,"Value":216},{"Length":16,"Height":13,"Demand":3,"DemandMax":null,"Value":208},{"Length":17,"Height":12,"Demand":4,"DemandMax":null,"Value":204},{"Length":14,"Height":14,"Demand":1,"DemandMax":null,"Value":196},{"Length":16,"Height":12,"Demand":4,"DemandMax":null,"Value":192},{"Length":19,"Height":10,"Demand":3,"DemandMax":null,"Value":190},{"Length":18,"Height":10,"Demand":2,"DemandMax":null,"Value":180},{"Length":17,"Height":10,"Demand":3,"DemandMax":null,"Value":170},{"Length":15,"Height":10,"Demand":8,"DemandMax":null,"Value":150},{"Length":12,"Height":10,"Demand":4,"DemandMax":null,"Value":120}]}