{"Name":"MB09_136","Objects":[{"Length":432,"Height":79,"Stock":null,"Cost":34128}],"Items":[{"Length":57,"Height":40,"Demand":19,"DemandMax":null,"Value":2280},{"Length":57,"Height":37,"Demand":24,"DemandMax":null,"Value":2109},{"Length":55,"Height":37,"Demand":19,"DemandMax":null,"Value":2035},{"Length":52,"Height":35,"Demand":19,"DemandMax":null,"Value":1820},{"Length":46,"Height":37,"Demand":22,"DemandMax":null,"Value":1702},{"Length":45,"Height":35,"Demand":11,"DemandMax":null,"Value":1575},{"Length":39,"Height":39,"Demand":16,"DemandMax":null,"Value":1521},{"Length":57,"Height":26,"Demand":11,"DemandMax":null,"Value":1482},{"Length":40,"Height":37,"Demand":15,"DemandMax":null,"Value":1480},{"Length":43,"Height":34,"Demand":19,"DemandMax":null,"Value":1462},{"Length":38,"Height":38,"Demand":13,"DemandMax":null,"Value":1444},{"Length":44,"Height":32,"Demand":35,"DemandMax":null,"Value":1408},{"Length":54,"Height":26,"Demand":17,"DemandMax":null,"Value":1404},{"Length":47,"Height":29,"Demand":22,"DemandMax":null,"Value":1363},{"Length":59,"Height":23,"Demand":28,"DemandMax":null,"Value":1357},{"Length":41,"Height":31,"Demand":16,"DemandMax":null,"Value":1271},{"Length":42,"Height":30,"Demand":21,"DemandMax":null,"Value":1260},{"Length":39,"Height":32,"Demand":16,"DemandMax":null,"Value":1248},{"Length":44,"Height":28,"Demand":20,"DemandMax":null,"Value":1232},{"Length":39,"Height":31,"Demand":13,"DemandMax":null,"Value":1209},{"Length":40,"Height":28,"Demand":24,"DemandMax":null,"Value":1120},{"Length":44,"Height":25,"Demand":20,"DemandMax":null,"Value":1100},{"Length":37,"Height":29,"Demand":18,"DemandMax":null,"Value":1073},{"Length":38,"Height":28,"Demand":18,"DemandMax":null,"Value":1064},{"Length":35,"Height":30,"Demand":12,"DemandMax":null,"Value":1050},{"Length":36,"Height":29,"Demand":17,"DemandMax":null,"Value":1044},{"Length":57,"Height":18,"Demand":16,"DemandMax":null,"Value":1026},{"Length":36,"Height":28,"Demand":20,"DemandMax":null,"Value":1008},{"Length":39,"Height":25,"Demand":21,"DemandMax":null,"Value":975},{"Length":36,"Height":27,"Demand":16,"DemandMax":null,"Value":972},{"Length":51,"Height":19,"Demand":22,"DemandMax":null,"Value":969},{"Length":44,"Height":22,"Demand":22,"DemandMax":null,"Value":968},{"Length":44,"Height":21,"Demand":23,"DemandMax":null,"Value":924},{"Length":42,"Height":22,"Demand":18,"DemandMax":null,"Value":924},{"Length":30,"Height":30,"Demand":29,"DemandMax":null,"Value":900},{"Length":36,"Height":25,"Demand":16,"DemandMax":null,"Value":900},{"Length":30,"Height":28,"Demand":21,"DemandMax":null,"Value":840},{"Length":32,"Height":25,"Demand":19,"DemandMax":null,"Value":800},{"Length":42,"Height":19,"Demand":24,"DemandMax":null,"Value":798},{"Length":34,"Height":23,"Demand":10,"DemandMax":null,"Value":782},{"Length":39,"Height":20,"Demand":18,"DemandMax":null,"Value":780},{"Length":41,"Height":19,"Demand":18,"DemandMax":null,"Value":779},{"Length":29,"Height":26,"Demand":21,"DemandMax":null,"Value":754},{"Length":30,"Height":25,"Demand":17,"DemandMax":null,"Value":750},{"Length":27,"Height":27,"Demand":19,"DemandMax":null,"Value":729},{"Length":52,"Height":14,"Demand":11,"DemandMax":null,"Value":728},{"Length":36,"Height":20,"Demand":16,"DemandMax":null,"Value":720},{"Length":43,"Height":16,"Demand":15,"DemandMax":null,"Value":688},{"Length":40,"Height":17,"Demand":25,"DemandMax":null,"Value":680},{"Length":37,"Height":18,"Demand":15,"DemandMax":null,"Value":666},{"Length":43,"Height":15,"Demand":17,"DemandMax":null,"Value":645},{"Length":26,"Height":24,"Demand":18,"DemandMax":null,"Value":624},{"Length":46,"Height":13,"Demand":22,"DemandMax":null,"Value":598},{"Length":39,"Height":15,"Demand":17,"DemandMax":null,"Value":585},{"Length":35,"Height":16,"Demand":14,"DemandMax":null,"Value":560},{"Length":26,"Height":21,"Demand":15,"DemandMax":null,"Value":546},{"Length":36,"Height":15,"Demand":13,"DemandMax":null,"Value":540},{"Length":36,"Height":14,"Demand":24,"DemandMax":null,"Value":504},{"Length":38,"Height":13,"Demand":20,"DemandMax":null,"Value":494},{"Length":27,"Height":18,"Demand":18,"DemandMax":null,"Value":486},{"Length":32,"Height":15,"Demand":26,"DemandMax":null,"Value":480},{"Length":39,"Height":12,"Demand":21,"DemandMax":null,"Value":468},{"Length":31,"Height":15,"Demand":11,"DemandMax":null,"Value":465},{"Length":31,"Height":14,"Demand":26,"DemandMax":null,"Value":434},{"Length":27,"Height":16,"Demand":24,"DemandMax":null,"Value":432},{"Length":25,"Height":17,"Demand":19,"DemandMax":null,"Value":425},{"Length":22,"Height":19,"Demand":18,"DemandMax":null,"Value":418},{"Length":26,"Height":16,"Demand":15,"DemandMax":null,"Value":416},{"Length":25,"Height":16,"Demand":15,"DemandMax":null,"Value":400},{"Length":22,"Height":18,"Demand":18,"DemandMax":null,"Value":396},{"Length":23,"Height":17,"Demand":18,"DemandMax":null,"Value":391},{"Length":39,"Height":10,"Demand":25,"DemandMax":null,"Value":390},{"Length":26,"Height":15,"Demand":18,"DemandMax":null,"Value":390},{"Length":32,"Height":12,"Demand":14,"DemandMax":null,"Value":384},{"Length":33,"Height":11,"Demand":13,"DemandMax":null,"Value":363},{"Length":20,"Height":18,"Demand":17,"DemandMax":null,"Value":360},{"Length":25,"Height":14,"Demand":27,"DemandMax":null,"Value":350},{"Length":20,"Height":17,"Demand":20,"DemandMax":null,"Value":340},{"Length":21,"Height":16,"Demand":14,"DemandMax":null,"Value":336},{"Length":18,"Height":16,"Demand":20,"DemandMax":null,"Value":288},{"Length":22,"Height":13,"Demand":15,"DemandMax":null,"Value":286},{"Length":26,"Height":11,"Demand":20,"DemandMax":null,"Value":286},{"Length":23,"Height":11,"Demand":15,"DemandMax":null,"Value":253},{"Length":16,"Height":13,"Demand":19,"DemandMax":null,"Value":208}]}