{"Name":"MB10_027","Objects":[{"Length":432,"Height":79,"Stock":null,"Cost":34128}],"Items":[{"Length":54,"Height":46,"Demand":15,"DemandMax":null,"Value":2484},{"Length":57,"Height":38,"Demand":16,"DemandMax":null,"Value":2166},{"Length":46,"Height":45,"Demand":17,"DemandMax":null,"Value":2070},{"Length":46,"Height":43,"Demand":20,"DemandMax":null,"Value":1978},{"Length":53,"Height":35,"Demand":18,"DemandMax":null,"Value":1855},{"Length":54,"Height":34,"Demand":22,"DemandMax":null,"Value":1836},{"Length":54,"Height":33,"Demand":15,"DemandMax":null,"Value":1782},{"Length":43,"Height":39,"Demand":21,"DemandMax":null,"Value":1677},{"Length":42,"Height":39,"Demand":22,"DemandMax":null,"Value":1638},{"Length":48,"Height":34,"Demand":13,"DemandMax":null,"Value":1632},{"Length":54,"Height":29,"Demand":18,"DemandMax":null,"Value":1566},{"Length":46,"Height":34,"Demand":15,"DemandMax":null,"Value":1564},{"Length":52,"Height":30,"Demand":19,"DemandMax":null,"Value":1560},{"Length":41,"Height":38,"Demand":18,"DemandMax":null,"Value":1558},{"Length":40,"Height":36,"Demand":21,"DemandMax":null,"Value":1440},{"Length":41,"Height":35,"Demand":18,"DemandMax":null,"Value":1435},{"Length":46,"Height":31,"Demand":22,"DemandMax":null,"Value":1426},{"Length":39,"Height":36,"Demand":19,"DemandMax":null,"Value":1404},{"Length":44,"Height":30,"Demand":16,"DemandMax":null,"Value":1320},{"Length":42,"Height":31,"Demand":24,"DemandMax":null,"Value":1302},{"Length":52,"Height":25,"Demand":18,"DemandMax":null,"Value":1300},{"Length":36,"Height":36,"Demand":21,"DemandMax":null,"Value":1296},{"Length":39,"Height":32,"Demand":15,"DemandMax":null,"Value":1248},{"Length":45,"Height":27,"Demand":13,"DemandMax":null,"Value":1215},{"Length":50,"Height":24,"Demand":15,"DemandMax":null,"Value":1200},{"Length":41,"Height":29,"Demand":21,"DemandMax":null,"Value":1189},{"Length":59,"Height":20,"Demand":22,"DemandMax":null,"Value":1180},{"Length":42,"Height":27,"Demand":14,"DemandMax":null,"Value":1134},{"Length":45,"Height":25,"Demand":20,"DemandMax":null,"Value":1125},{"Length":59,"Height":19,"Demand":8,"DemandMax":null,"Value":1121},{"Length":50,"Height":22,"Demand":12,"DemandMax":null,"Value":1100},{"Length":35,"Height":31,"Demand":16,"DemandMax":null,"Value":1085},{"Length":46,"Height":22,"Demand":19,"DemandMax":null,"Value":1012},{"Length":45,"Height":22,"Demand":18,"DemandMax":null,"Value":990},{"Length":36,"Height":27,"Demand":13,"DemandMax":null,"Value":972},{"Length":46,"Height":21,"Demand":12,"DemandMax":null,"Value":966},{"Length":42,"Height":22,"Demand":10,"DemandMax":null,"Value":924},{"Length":36,"Height":25,"Demand":23,"DemandMax":null,"Value":900},{"Length":50,"Height":17,"Demand":20,"DemandMax":null,"Value":850},{"Length":47,"Height":18,"Demand":12,"DemandMax":null,"Value":846},{"Length":31,"Height":25,"Demand":16,"DemandMax":null,"Value":775},{"Length":43,"Height":18,"Demand":16,"DemandMax":null,"Value":774},{"Length":32,"Height":24,"Demand":19,"DemandMax":null,"Value":768},{"Length":38,"Height":20,"Demand":18,"DemandMax":null,"Value":760},{"Length":30,"Height":25,"Demand":14,"DemandMax":null,"Value":750},{"Length":34,"Height":22,"Demand":13,"DemandMax":null,"Value":748},{"Length":57,"Height":13,"Demand":20,"DemandMax":null,"Value":741},{"Length":48,"Height":15,"Demand":18,"DemandMax":null,"Value":720},{"Length":45,"Height":16,"Demand":12,"DemandMax":null,"Value":720},{"Length":34,"Height":21,"Demand":20,"DemandMax":null,"Value":714},{"Length":30,"Height":23,"Demand":14,"DemandMax":null,"Value":690},{"Length":49,"Height":14,"Demand":20,"DemandMax":null,"Value":686},{"Length":34,"Height":20,"Demand":14,"DemandMax":null,"Value":680},{"Length":26,"Height":26,"Demand":18,"DemandMax":null,"Value":676},{"Length":45,"Height":14,"Demand":17,"DemandMax":null,"Value":630},{"Length":35,"Height":18,"Demand":15,"DemandMax":null,"Value":630},{"Length":33,"Height":18,"Demand":17,"DemandMax":null,"Value":594},{"Length":37,"Height":16,"Demand":26,"DemandMax":null,"Value":592},{"Length":36,"Height":16,"Demand":10,"DemandMax":null,"Value":576},{"Length":44,"Height":13,"Demand":19,"DemandMax":null,"Value":572},{"Length":38,"Height":15,"Demand":23,"DemandMax":null,"Value":570},{"Length":57,"Height":10,"Demand":25,"DemandMax":null,"Value":570},{"Length":30,"Height":18,"Demand":12,"DemandMax":null,"Value":540},{"Length":41,"Height":12,"Demand":26,"DemandMax":null,"Value":492},{"Length":21,"Height":21,"Demand":12,"DemandMax":null,"Value":441},{"Length":27,"Height":16,"Demand":18,"DemandMax":null,"Value":432},{"Length":33,"Height":13,"Demand":15,"DemandMax":null,"Value":429},{"Length":23,"Height":18,"Demand":17,"DemandMax":null,"Value":414},{"Length":24,"Height":17,"Demand":19,"DemandMax":null,"Value":408},{"Length":23,"Height":17,"Demand":16,"DemandMax":null,"Value":391},{"Length":26,"Height":15,"Demand":27,"DemandMax":null,"Value":390},{"Length":21,"Height":18,"Demand":23,"DemandMax":null,"Value":378},{"Length":27,"Height":14,"Demand":13,"DemandMax":null,"Value":378},{"Length":22,"Height":16,"Demand":11,"DemandMax":null,"Value":352},{"Length":27,"Height":13,"Demand":24,"DemandMax":null,"Value":351},{"Length":23,"Height":13,"Demand":24,"DemandMax":null,"Value":299},{"Length":16,"Height":14,"Demand":23,"DemandMax":null,"Value":224}]}