{"Name":"MB07_045","Objects":[{"Length":587,"Height":233,"Stock":null,"Cost":136771}],"Items":[{"Length":43,"Height":38,"Demand":135,"DemandMax":null,"Value":1634},{"Length":54,"Height":29,"Demand":118,"DemandMax":null,"Value":1566},{"Length":40,"Height":36,"Demand":130,"DemandMax":null,"Value":1440},{"Length":47,"Height":27,"Demand":113,"DemandMax":null,"Value":1269},{"Length":45,"Height":27,"Demand":145,"DemandMax":null,"Value":1215},{"Length":41,"Height":28,"Demand":113,"DemandMax":null,"Value":1148},{"Length":41,"Height":20,"Demand":127,"DemandMax":null,"Value":820},{"Length":27,"Height":19,"Demand":121,"DemandMax":null,"Value":513},{"Length":27,"Height":15,"Demand":128,"DemandMax":null,"Value":405},{"Length":18,"Height":16,"Demand":121,"DemandMax":null,"Value":288},{"Length":20,"Height":13,"Demand":109,"DemandMax":null,"Value":260},{"Length":17,"Height":15,"Demand":104,"DemandMax":null,"Value":255}]}