{"Name":"MB08_054","Objects":[{"Length":587,"Height":233,"Stock":null,"Cost":136771}],"Items":[{"Length":59,"Height":48,"Demand":9,"DemandMax":null,"Value":2832},{"Length":52,"Height":47,"Demand":12,"DemandMax":null,"Value":2444},{"Length":47,"Height":47,"Demand":11,"DemandMax":null,"Value":2209},{"Length":57,"Height":34,"Demand":10,"DemandMax":null,"Value":1938},{"Length":54,"Height":35,"Demand":13,"DemandMax":null,"Value":1890},{"Length":56,"Height":33,"Demand":15,"DemandMax":null,"Value":1848},{"Length":51,"Height":35,"Demand":14,"DemandMax":null,"Value":1785},{"Length":52,"Height":33,"Demand":11,"DemandMax":null,"Value":1716},{"Length":45,"Height":37,"Demand":11,"DemandMax":null,"Value":1665},{"Length":47,"Height":35,"Demand":10,"DemandMax":null,"Value":1645},{"Length":53,"Height":31,"Demand":11,"DemandMax":null,"Value":1643},{"Length":48,"Height":34,"Demand":9,"DemandMax":null,"Value":1632},{"Length":52,"Height":31,"Demand":5,"DemandMax":null,"Value":1612},{"Length":55,"Height":29,"Demand":12,"DemandMax":null,"Value":1595},{"Length":44,"Height":35,"Demand":5,"DemandMax":null,"Value":1540},{"Length":39,"Height":39,"Demand":4,"DemandMax":null,"Value":1521},{"Length":42,"Height":36,"Demand":6,"DemandMax":null,"Value":1512},{"Length":44,"Height":34,"Demand":9,"DemandMax":null,"Value":1496},{"Length":47,"Height":31,"Demand":11,"DemandMax":null,"Value":1457},{"Length":38,"Height":38,"Demand":11,"DemandMax":null,"Value":1444},{"Length":53,"Height":27,"Demand":5,"DemandMax":null,"Value":1431},{"Length":42,"Height":34,"Demand":9,"DemandMax":null,"Value":1428},{"Length":46,"Height":31,"Demand":11,"DemandMax":null,"Value":1426},{"Length":48,"Height":29,"Demand":12,"DemandMax":null,"Value":1392},{"Length":60,"Height":23,"Demand":13,"DemandMax":null,"Value":1380},{"Length":51,"Height":27,"Demand":9,"DemandMax":null,"Value":1377},{"Length":48,"Height":28,"Demand":10,"DemandMax":null,"Value":1344},{"Length":40,"Height":33,"Demand":10,"DemandMax":null,"Value":1320},{"Length":47,"Height":28,"Demand":8,"DemandMax":null,"Value":1316},{"Length":57,"Height":23,"Demand":12,"DemandMax":null,"Value":1311},{"Length":42,"Height":31,"Demand":9,"DemandMax":null,"Value":1302},{"Length":36,"Height":36,"Demand":5,"DemandMax":null,"Value":1296},{"Length":49,"Height":26,"Demand":11,"DemandMax":null,"Value":1274},{"Length":47,"Height":27,"Demand":8,"DemandMax":null,"Value":1269},{"Length":46,"Height":27,"Demand":9,"DemandMax":null,"Value":1242},{"Length":59,"Height":21,"Demand":13,"DemandMax":null,"Value":1239},{"Length":44,"Height":28,"Demand":13,"DemandMax":null,"Value":1232},{"Length":47,"Height":26,"Demand":18,"DemandMax":null,"Value":1222},{"Length":55,"Height":22,"Demand":6,"DemandMax":null,"Value":1210},{"Length":39,"Height":31,"Demand":13,"DemandMax":null,"Value":1209},{"Length":43,"Height":28,"Demand":11,"DemandMax":null,"Value":1204},{"Length":35,"Height":34,"Demand":10,"DemandMax":null,"Value":1190},{"Length":41,"Height":29,"Demand":12,"DemandMax":null,"Value":1189},{"Length":54,"Height":22,"Demand":12,"DemandMax":null,"Value":1188},{"Length":47,"Height":25,"Demand":7,"DemandMax":null,"Value":1175},{"Length":45,"Height":26,"Demand":10,"DemandMax":null,"Value":1170},{"Length":55,"Height":21,"Demand":14,"DemandMax":null,"Value":1155},{"Length":35,"Height":32,"Demand":5,"DemandMax":null,"Value":1120},{"Length":37,"Height":30,"Demand":11,"DemandMax":null,"Value":1110},{"Length":48,"Height":23,"Demand":10,"DemandMax":null,"Value":1104},{"Length":46,"Height":24,"Demand":9,"DemandMax":null,"Value":1104},{"Length":55,"Height":20,"Demand":9,"DemandMax":null,"Value":1100},{"Length":35,"Height":31,"Demand":10,"DemandMax":null,"Value":1085},{"Length":36,"Height":30,"Demand":14,"DemandMax":null,"Value":1080},{"Length":49,"Height":22,"Demand":12,"DemandMax":null,"Value":1078},{"Length":38,"Height":28,"Demand":8,"DemandMax":null,"Value":1064},{"Length":42,"Height":25,"Demand":10,"DemandMax":null,"Value":1050},{"Length":35,"Height":30,"Demand":9,"DemandMax":null,"Value":1050},{"Length":47,"Height":22,"Demand":8,"DemandMax":null,"Value":1034},{"Length":42,"Height":24,"Demand":10,"DemandMax":null,"Value":1008},{"Length":40,"Height":25,"Demand":10,"DemandMax":null,"Value":1000},{"Length":39,"Height":25,"Demand":12,"DemandMax":null,"Value":975},{"Length":42,"Height":23,"Demand":10,"DemandMax":null,"Value":966},{"Length":33,"Height":29,"Demand":7,"DemandMax":null,"Value":957},{"Length":38,"Height":25,"Demand":8,"DemandMax":null,"Value":950},{"Length":46,"Height":20,"Demand":9,"DemandMax":null,"Value":920},{"Length":35,"Height":26,"Demand":7,"DemandMax":null,"Value":910},{"Length":41,"Height":22,"Demand":7,"DemandMax":null,"Value":902},{"Length":31,"Height":29,"Demand":10,"DemandMax":null,"Value":899},{"Length":52,"Height":17,"Demand":9,"DemandMax":null,"Value":884},{"Length":40,"Height":22,"Demand":9,"DemandMax":null,"Value":880},{"Length":48,"Height":18,"Demand":9,"DemandMax":null,"Value":864},{"Length":57,"Height":15,"Demand":9,"DemandMax":null,"Value":855},{"Length":35,"Height":24,"Demand":11,"DemandMax":null,"Value":840},{"Length":38,"Height":22,"Demand":8,"DemandMax":null,"Value":836},{"Length":38,"Height":21,"Demand":7,"DemandMax":null,"Value":798},{"Length":37,"Height":21,"Demand":7,"DemandMax":null,"Value":777},{"Length":31,"Height":25,"Demand":10,"DemandMax":null,"Value":775},{"Length":43,"Height":18,"Demand":6,"DemandMax":null,"Value":774},{"Length":32,"Height":24,"Demand":9,"DemandMax":null,"Value":768},{"Length":40,"Height":19,"Demand":10,"DemandMax":null,"Value":760},{"Length":28,"Height":27,"Demand":9,"DemandMax":null,"Value":756},{"Length":36,"Height":21,"Demand":16,"DemandMax":null,"Value":756},{"Length":29,"Height":26,"Demand":6,"DemandMax":null,"Value":754},{"Length":50,"Height":15,"Demand":8,"DemandMax":null,"Value":750},{"Length":38,"Height":19,"Demand":12,"DemandMax":null,"Value":722},{"Length":45,"Height":16,"Demand":12,"DemandMax":null,"Value":720},{"Length":34,"Height":21,"Demand":9,"DemandMax":null,"Value":714},{"Length":31,"Height":23,"Demand":10,"DemandMax":null,"Value":713},{"Length":32,"Height":22,"Demand":10,"DemandMax":null,"Value":704},{"Length":36,"Height":19,"Demand":13,"DemandMax":null,"Value":684},{"Length":48,"Height":14,"Demand":5,"DemandMax":null,"Value":672},{"Length":37,"Height":18,"Demand":10,"DemandMax":null,"Value":666},{"Length":43,"Height":15,"Demand":13,"DemandMax":null,"Value":645},{"Length":42,"Height":15,"Demand":7,"DemandMax":null,"Value":630},{"Length":48,"Height":13,"Demand":8,"DemandMax":null,"Value":624},{"Length":36,"Height":17,"Demand":5,"DemandMax":null,"Value":612},{"Length":38,"Height":16,"Demand":8,"DemandMax":null,"Value":608},{"Length":32,"Height":19,"Demand":5,"DemandMax":null,"Value":608},{"Length":31,"Height":19,"Demand":9,"DemandMax":null,"Value":589},{"Length":28,"Height":21,"Demand":12,"DemandMax":null,"Value":588},{"Length":34,"Height":17,"Demand":9,"DemandMax":null,"Value":578},{"Length":36,"Height":16,"Demand":9,"DemandMax":null,"Value":576},{"Length":26,"Height":22,"Demand":10,"DemandMax":null,"Value":572},{"Length":30,"Height":19,"Demand":9,"DemandMax":null,"Value":570},{"Length":31,"Height":18,"Demand":8,"DemandMax":null,"Value":558},{"Length":24,"Height":23,"Demand":15,"DemandMax":null,"Value":552},{"Length":29,"Height":19,"Demand":14,"DemandMax":null,"Value":551},{"Length":42,"Height":13,"Demand":9,"DemandMax":null,"Value":546},{"Length":25,"Height":21,"Demand":13,"DemandMax":null,"Value":525},{"Length":35,"Height":14,"Demand":7,"DemandMax":null,"Value":490},{"Length":30,"Height":16,"Demand":22,"DemandMax":null,"Value":480},{"Length":24,"Height":20,"Demand":12,"DemandMax":null,"Value":480},{"Length":28,"Height":17,"Demand":9,"DemandMax":null,"Value":476},{"Length":39,"Height":12,"Demand":18,"DemandMax":null,"Value":468},{"Length":29,"Height":16,"Demand":9,"DemandMax":null,"Value":464},{"Length":46,"Height":10,"Demand":12,"DemandMax":null,"Value":460},{"Length":24,"Height":19,"Demand":6,"DemandMax":null,"Value":456},{"Length":30,"Height":15,"Demand":12,"DemandMax":null,"Value":450},{"Length":32,"Height":14,"Demand":14,"DemandMax":null,"Value":448},{"Length":26,"Height":17,"Demand":6,"DemandMax":null,"Value":442},{"Length":23,"Height":19,"Demand":17,"DemandMax":null,"Value":437},{"Length":27,"Height":15,"Demand":17,"DemandMax":null,"Value":405},{"Length":22,"Height":18,"Demand":7,"DemandMax":null,"Value":396},{"Length":23,"Height":17,"Demand":7,"DemandMax":null,"Value":391},{"Length":26,"Height":15,"Demand":10,"DemandMax":null,"Value":390},{"Length":27,"Height":14,"Demand":11,"DemandMax":null,"Value":378},{"Length":22,"Height":17,"Demand":14,"DemandMax":null,"Value":374},{"Length":25,"Height":14,"Demand":17,"DemandMax":null,"Value":350},{"Length":28,"Height":12,"Demand":7,"DemandMax":null,"Value":336},{"Length":21,"Height":16,"Demand":9,"DemandMax":null,"Value":336},{"Length":22,"Height":15,"Demand":7,"DemandMax":null,"Value":330},{"Length":25,"Height":13,"Demand":12,"DemandMax":null,"Value":325},{"Length":28,"Height":11,"Demand":9,"DemandMax":null,"Value":308},{"Length":18,"Height":17,"Demand":14,"DemandMax":null,"Value":306},{"Length":19,"Height":15,"Demand":16,"DemandMax":null,"Value":285},{"Length":21,"Height":13,"Demand":13,"DemandMax":null,"Value":273},{"Length":19,"Height":13,"Demand":5,"DemandMax":null,"Value":247},{"Length":16,"Height":15,"Demand":6,"DemandMax":null,"Value":240},{"Length":18,"Height":13,"Demand":8,"DemandMax":null,"Value":234},{"Length":17,"Height":12,"Demand":10,"DemandMax":null,"Value":204},{"Length":18,"Height":10,"Demand":11,"DemandMax":null,"Value":180}]}