{"Name":"MB08_058","Objects":[{"Length":587,"Height":233,"Stock":null,"Cost":136771}],"Items":[{"Length":58,"Height":46,"Demand":10,"DemandMax":null,"Value":2668},{"Length":56,"Height":45,"Demand":10,"DemandMax":null,"Value":2520},{"Length":51,"Height":47,"Demand":8,"DemandMax":null,"Value":2397},{"Length":55,"Height":42,"Demand":10,"DemandMax":null,"Value":2310},{"Length":59,"Height":35,"Demand":10,"DemandMax":null,"Value":2065},{"Length":51,"Height":40,"Demand":13,"DemandMax":null,"Value":2040},{"Length":54,"Height":36,"Demand":11,"DemandMax":null,"Value":1944},{"Length":54,"Height":34,"Demand":7,"DemandMax":null,"Value":1836},{"Length":52,"Height":35,"Demand":7,"DemandMax":null,"Value":1820},{"Length":52,"Height":34,"Demand":13,"DemandMax":null,"Value":1768},{"Length":48,"Height":36,"Demand":8,"DemandMax":null,"Value":1728},{"Length":42,"Height":40,"Demand":10,"DemandMax":null,"Value":1680},{"Length":45,"Height":37,"Demand":7,"DemandMax":null,"Value":1665},{"Length":46,"Height":36,"Demand":12,"DemandMax":null,"Value":1656},{"Length":45,"Height":36,"Demand":9,"DemandMax":null,"Value":1620},{"Length":47,"Height":34,"Demand":15,"DemandMax":null,"Value":1598},{"Length":59,"Height":27,"Demand":11,"DemandMax":null,"Value":1593},{"Length":49,"Height":32,"Demand":13,"DemandMax":null,"Value":1568},{"Length":56,"Height":28,"Demand":10,"DemandMax":null,"Value":1568},{"Length":42,"Height":37,"Demand":12,"DemandMax":null,"Value":1554},{"Length":44,"Height":35,"Demand":10,"DemandMax":null,"Value":1540},{"Length":57,"Height":26,"Demand":8,"DemandMax":null,"Value":1482},{"Length":43,"Height":34,"Demand":8,"DemandMax":null,"Value":1462},{"Length":40,"Height":36,"Demand":8,"DemandMax":null,"Value":1440},{"Length":48,"Height":30,"Demand":10,"DemandMax":null,"Value":1440},{"Length":53,"Height":27,"Demand":13,"DemandMax":null,"Value":1431},{"Length":60,"Height":23,"Demand":8,"DemandMax":null,"Value":1380},{"Length":51,"Height":27,"Demand":5,"DemandMax":null,"Value":1377},{"Length":50,"Height":27,"Demand":8,"DemandMax":null,"Value":1350},{"Length":37,"Height":36,"Demand":9,"DemandMax":null,"Value":1332},{"Length":55,"Height":24,"Demand":9,"DemandMax":null,"Value":1320},{"Length":41,"Height":32,"Demand":8,"DemandMax":null,"Value":1312},{"Length":37,"Height":35,"Demand":11,"DemandMax":null,"Value":1295},{"Length":43,"Height":30,"Demand":7,"DemandMax":null,"Value":1290},{"Length":39,"Height":33,"Demand":10,"DemandMax":null,"Value":1287},{"Length":40,"Height":31,"Demand":12,"DemandMax":null,"Value":1240},{"Length":37,"Height":33,"Demand":15,"DemandMax":null,"Value":1221},{"Length":55,"Height":22,"Demand":11,"DemandMax":null,"Value":1210},{"Length":40,"Height":30,"Demand":11,"DemandMax":null,"Value":1200},{"Length":36,"Height":33,"Demand":11,"DemandMax":null,"Value":1188},{"Length":40,"Height":29,"Demand":9,"DemandMax":null,"Value":1160},{"Length":58,"Height":20,"Demand":7,"DemandMax":null,"Value":1160},{"Length":38,"Height":30,"Demand":12,"DemandMax":null,"Value":1140},{"Length":50,"Height":22,"Demand":10,"DemandMax":null,"Value":1100},{"Length":39,"Height":28,"Demand":13,"DemandMax":null,"Value":1092},{"Length":36,"Height":30,"Demand":8,"DemandMax":null,"Value":1080},{"Length":33,"Height":32,"Demand":13,"DemandMax":null,"Value":1056},{"Length":39,"Height":27,"Demand":8,"DemandMax":null,"Value":1053},{"Length":36,"Height":29,"Demand":7,"DemandMax":null,"Value":1044},{"Length":34,"Height":30,"Demand":13,"DemandMax":null,"Value":1020},{"Length":39,"Height":26,"Demand":6,"DemandMax":null,"Value":1014},{"Length":46,"Height":22,"Demand":8,"DemandMax":null,"Value":1012},{"Length":36,"Height":28,"Demand":14,"DemandMax":null,"Value":1008},{"Length":38,"Height":25,"Demand":8,"DemandMax":null,"Value":950},{"Length":43,"Height":22,"Demand":12,"DemandMax":null,"Value":946},{"Length":36,"Height":26,"Demand":8,"DemandMax":null,"Value":936},{"Length":39,"Height":24,"Demand":6,"DemandMax":null,"Value":936},{"Length":45,"Height":20,"Demand":8,"DemandMax":null,"Value":900},{"Length":39,"Height":23,"Demand":9,"DemandMax":null,"Value":897},{"Length":38,"Height":23,"Demand":12,"DemandMax":null,"Value":874},{"Length":58,"Height":15,"Demand":7,"DemandMax":null,"Value":870},{"Length":36,"Height":24,"Demand":9,"DemandMax":null,"Value":864},{"Length":53,"Height":16,"Demand":8,"DemandMax":null,"Value":848},{"Length":44,"Height":19,"Demand":8,"DemandMax":null,"Value":836},{"Length":33,"Height":25,"Demand":10,"DemandMax":null,"Value":825},{"Length":39,"Height":21,"Demand":9,"DemandMax":null,"Value":819},{"Length":51,"Height":16,"Demand":10,"DemandMax":null,"Value":816},{"Length":45,"Height":18,"Demand":14,"DemandMax":null,"Value":810},{"Length":32,"Height":25,"Demand":12,"DemandMax":null,"Value":800},{"Length":44,"Height":18,"Demand":10,"DemandMax":null,"Value":792},{"Length":29,"Height":27,"Demand":6,"DemandMax":null,"Value":783},{"Length":43,"Height":18,"Demand":10,"DemandMax":null,"Value":774},{"Length":32,"Height":24,"Demand":9,"DemandMax":null,"Value":768},{"Length":45,"Height":17,"Demand":11,"DemandMax":null,"Value":765},{"Length":34,"Height":22,"Demand":14,"DemandMax":null,"Value":748},{"Length":37,"Height":20,"Demand":9,"DemandMax":null,"Value":740},{"Length":32,"Height":23,"Demand":11,"DemandMax":null,"Value":736},{"Length":42,"Height":17,"Demand":7,"DemandMax":null,"Value":714},{"Length":44,"Height":16,"Demand":8,"DemandMax":null,"Value":704},{"Length":35,"Height":20,"Demand":13,"DemandMax":null,"Value":700},{"Length":30,"Height":23,"Demand":7,"DemandMax":null,"Value":690},{"Length":28,"Height":24,"Demand":8,"DemandMax":null,"Value":672},{"Length":37,"Height":18,"Demand":7,"DemandMax":null,"Value":666},{"Length":51,"Height":13,"Demand":6,"DemandMax":null,"Value":663},{"Length":47,"Height":14,"Demand":13,"DemandMax":null,"Value":658},{"Length":27,"Height":24,"Demand":11,"DemandMax":null,"Value":648},{"Length":36,"Height":18,"Demand":8,"DemandMax":null,"Value":648},{"Length":57,"Height":11,"Demand":10,"DemandMax":null,"Value":627},{"Length":28,"Height":22,"Demand":9,"DemandMax":null,"Value":616},{"Length":40,"Height":15,"Demand":12,"DemandMax":null,"Value":600},{"Length":60,"Height":10,"Demand":9,"DemandMax":null,"Value":600},{"Length":50,"Height":12,"Demand":10,"DemandMax":null,"Value":600},{"Length":26,"Height":23,"Demand":8,"DemandMax":null,"Value":598},{"Length":27,"Height":22,"Demand":10,"DemandMax":null,"Value":594},{"Length":48,"Height":12,"Demand":9,"DemandMax":null,"Value":576},{"Length":44,"Height":13,"Demand":10,"DemandMax":null,"Value":572},{"Length":26,"Height":22,"Demand":13,"DemandMax":null,"Value":572},{"Length":30,"Height":19,"Demand":14,"DemandMax":null,"Value":570},{"Length":28,"Height":20,"Demand":10,"DemandMax":null,"Value":560},{"Length":43,"Height":13,"Demand":9,"DemandMax":null,"Value":559},{"Length":31,"Height":18,"Demand":15,"DemandMax":null,"Value":558},{"Length":39,"Height":14,"Demand":12,"DemandMax":null,"Value":546},{"Length":32,"Height":17,"Demand":12,"DemandMax":null,"Value":544},{"Length":24,"Height":22,"Demand":10,"DemandMax":null,"Value":528},{"Length":25,"Height":21,"Demand":10,"DemandMax":null,"Value":525},{"Length":34,"Height":15,"Demand":12,"DemandMax":null,"Value":510},{"Length":30,"Height":17,"Demand":7,"DemandMax":null,"Value":510},{"Length":39,"Height":13,"Demand":11,"DemandMax":null,"Value":507},{"Length":25,"Height":20,"Demand":11,"DemandMax":null,"Value":500},{"Length":26,"Height":19,"Demand":9,"DemandMax":null,"Value":494},{"Length":49,"Height":10,"Demand":13,"DemandMax":null,"Value":490},{"Length":30,"Height":16,"Demand":11,"DemandMax":null,"Value":480},{"Length":25,"Height":19,"Demand":14,"DemandMax":null,"Value":475},{"Length":36,"Height":13,"Demand":6,"DemandMax":null,"Value":468},{"Length":24,"Height":19,"Demand":10,"DemandMax":null,"Value":456},{"Length":25,"Height":18,"Demand":13,"DemandMax":null,"Value":450},{"Length":26,"Height":17,"Demand":7,"DemandMax":null,"Value":442},{"Length":22,"Height":20,"Demand":6,"DemandMax":null,"Value":440},{"Length":44,"Height":10,"Demand":8,"DemandMax":null,"Value":440},{"Length":33,"Height":13,"Demand":11,"DemandMax":null,"Value":429},{"Length":25,"Height":17,"Demand":13,"DemandMax":null,"Value":425},{"Length":23,"Height":17,"Demand":9,"DemandMax":null,"Value":391},{"Length":30,"Height":13,"Demand":8,"DemandMax":null,"Value":390},{"Length":24,"Height":16,"Demand":17,"DemandMax":null,"Value":384},{"Length":32,"Height":12,"Demand":6,"DemandMax":null,"Value":384},{"Length":21,"Height":18,"Demand":10,"DemandMax":null,"Value":378},{"Length":19,"Height":19,"Demand":7,"DemandMax":null,"Value":361},{"Length":20,"Height":17,"Demand":8,"DemandMax":null,"Value":340},{"Length":26,"Height":13,"Demand":8,"DemandMax":null,"Value":338},{"Length":24,"Height":14,"Demand":7,"DemandMax":null,"Value":336},{"Length":22,"Height":15,"Demand":4,"DemandMax":null,"Value":330},{"Length":21,"Height":15,"Demand":4,"DemandMax":null,"Value":315},{"Length":22,"Height":14,"Demand":7,"DemandMax":null,"Value":308},{"Length":18,"Height":17,"Demand":8,"DemandMax":null,"Value":306},{"Length":22,"Height":13,"Demand":13,"DemandMax":null,"Value":286},{"Length":26,"Height":10,"Demand":3,"DemandMax":null,"Value":260},{"Length":16,"Height":16,"Demand":11,"DemandMax":null,"Value":256},{"Length":15,"Height":15,"Demand":6,"DemandMax":null,"Value":225},{"Length":16,"Height":14,"Demand":6,"DemandMax":null,"Value":224},{"Length":18,"Height":12,"Demand":11,"DemandMax":null,"Value":216},{"Length":15,"Height":13,"Demand":8,"DemandMax":null,"Value":195},{"Length":17,"Height":10,"Demand":2,"DemandMax":null,"Value":170},{"Length":13,"Height":11,"Demand":17,"DemandMax":null,"Value":143},{"Length":12,"Height":11,"Demand":12,"DemandMax":null,"Value":132}]}