{"Name":"MB08_015","Objects":[{"Length":587,"Height":233,"Stock":null,"Cost":136771}],"Items":[{"Length":56,"Height":47,"Demand":24,"DemandMax":null,"Value":2632},{"Length":44,"Height":43,"Demand":27,"DemandMax":null,"Value":1892},{"Length":49,"Height":37,"Demand":26,"DemandMax":null,"Value":1813},{"Length":46,"Height":39,"Demand":36,"DemandMax":null,"Value":1794},{"Length":41,"Height":40,"Demand":26,"DemandMax":null,"Value":1640},{"Length":54,"Height":29,"Demand":27,"DemandMax":null,"Value":1566},{"Length":52,"Height":29,"Demand":26,"DemandMax":null,"Value":1508},{"Length":55,"Height":26,"Demand":31,"DemandMax":null,"Value":1430},{"Length":43,"Height":33,"Demand":25,"DemandMax":null,"Value":1419},{"Length":38,"Height":37,"Demand":29,"DemandMax":null,"Value":1406},{"Length":50,"Height":28,"Demand":26,"DemandMax":null,"Value":1400},{"Length":38,"Height":36,"Demand":21,"DemandMax":null,"Value":1368},{"Length":40,"Height":34,"Demand":29,"DemandMax":null,"Value":1360},{"Length":48,"Height":28,"Demand":34,"DemandMax":null,"Value":1344},{"Length":43,"Height":29,"Demand":28,"DemandMax":null,"Value":1247},{"Length":59,"Height":18,"Demand":24,"DemandMax":null,"Value":1062},{"Length":39,"Height":27,"Demand":30,"DemandMax":null,"Value":1053},{"Length":45,"Height":21,"Demand":25,"DemandMax":null,"Value":945},{"Length":39,"Height":24,"Demand":25,"DemandMax":null,"Value":936},{"Length":32,"Height":29,"Demand":30,"DemandMax":null,"Value":928},{"Length":39,"Height":23,"Demand":36,"DemandMax":null,"Value":897},{"Length":33,"Height":27,"Demand":31,"DemandMax":null,"Value":891},{"Length":36,"Height":23,"Demand":26,"DemandMax":null,"Value":828},{"Length":40,"Height":20,"Demand":29,"DemandMax":null,"Value":800},{"Length":38,"Height":21,"Demand":29,"DemandMax":null,"Value":798},{"Length":38,"Height":19,"Demand":23,"DemandMax":null,"Value":722},{"Length":51,"Height":14,"Demand":22,"DemandMax":null,"Value":714},{"Length":31,"Height":23,"Demand":26,"DemandMax":null,"Value":713},{"Length":29,"Height":24,"Demand":27,"DemandMax":null,"Value":696},{"Length":45,"Height":15,"Demand":28,"DemandMax":null,"Value":675},{"Length":37,"Height":18,"Demand":30,"DemandMax":null,"Value":666},{"Length":60,"Height":11,"Demand":29,"DemandMax":null,"Value":660},{"Length":35,"Height":18,"Demand":37,"DemandMax":null,"Value":630},{"Length":43,"Height":14,"Demand":20,"DemandMax":null,"Value":602},{"Length":27,"Height":22,"Demand":34,"DemandMax":null,"Value":594},{"Length":30,"Height":19,"Demand":27,"DemandMax":null,"Value":570},{"Length":38,"Height":15,"Demand":37,"DemandMax":null,"Value":570},{"Length":27,"Height":21,"Demand":25,"DemandMax":null,"Value":567},{"Length":33,"Height":17,"Demand":27,"DemandMax":null,"Value":561},{"Length":29,"Height":19,"Demand":36,"DemandMax":null,"Value":551},{"Length":30,"Height":16,"Demand":35,"DemandMax":null,"Value":480},{"Length":28,"Height":17,"Demand":32,"DemandMax":null,"Value":476},{"Length":46,"Height":10,"Demand":28,"DemandMax":null,"Value":460},{"Length":33,"Height":13,"Demand":24,"DemandMax":null,"Value":429},{"Length":27,"Height":15,"Demand":30,"DemandMax":null,"Value":405},{"Length":33,"Height":12,"Demand":35,"DemandMax":null,"Value":396},{"Length":35,"Height":11,"Demand":31,"DemandMax":null,"Value":385},{"Length":24,"Height":15,"Demand":30,"DemandMax":null,"Value":360},{"Length":17,"Height":12,"Demand":27,"DemandMax":null,"Value":204}]}