{"Name":"MB09_062","Objects":[{"Length":432,"Height":79,"Stock":null,"Cost":34128}],"Items":[{"Length":49,"Height":44,"Demand":68,"DemandMax":null,"Value":2156},{"Length":51,"Height":38,"Demand":55,"DemandMax":null,"Value":1938},{"Length":48,"Height":34,"Demand":82,"DemandMax":null,"Value":1632},{"Length":42,"Height":36,"Demand":61,"DemandMax":null,"Value":1512},{"Length":47,"Height":31,"Demand":79,"DemandMax":null,"Value":1457},{"Length":42,"Height":34,"Demand":64,"DemandMax":null,"Value":1428},{"Length":49,"Height":26,"Demand":65,"DemandMax":null,"Value":1274},{"Length":36,"Height":32,"Demand":65,"DemandMax":null,"Value":1152},{"Length":37,"Height":31,"Demand":75,"DemandMax":null,"Value":1147},{"Length":44,"Height":23,"Demand":70,"DemandMax":null,"Value":1012},{"Length":43,"Height":19,"Demand":67,"DemandMax":null,"Value":817},{"Length":30,"Height":25,"Demand":70,"DemandMax":null,"Value":750},{"Length":37,"Height":20,"Demand":52,"DemandMax":null,"Value":740},{"Length":45,"Height":16,"Demand":61,"DemandMax":null,"Value":720},{"Length":55,"Height":13,"Demand":59,"DemandMax":null,"Value":715},{"Length":24,"Height":23,"Demand":61,"DemandMax":null,"Value":552},{"Length":24,"Height":19,"Demand":63,"DemandMax":null,"Value":456},{"Length":24,"Height":18,"Demand":72,"DemandMax":null,"Value":432},{"Length":18,"Height":11,"Demand":52,"DemandMax":null,"Value":198},{"Length":12,"Height":10,"Demand":66,"DemandMax":null,"Value":120}]}