{"Name":"MB09_064","Objects":[{"Length":432,"Height":79,"Stock":null,"Cost":34128}],"Items":[{"Length":41,"Height":39,"Demand":94,"DemandMax":null,"Value":1599},{"Length":48,"Height":28,"Demand":92,"DemandMax":null,"Value":1344},{"Length":48,"Height":26,"Demand":102,"DemandMax":null,"Value":1248},{"Length":51,"Height":24,"Demand":79,"DemandMax":null,"Value":1224},{"Length":39,"Height":28,"Demand":94,"DemandMax":null,"Value":1092},{"Length":44,"Height":23,"Demand":99,"DemandMax":null,"Value":1012},{"Length":39,"Height":22,"Demand":103,"DemandMax":null,"Value":858},{"Length":46,"Height":16,"Demand":88,"DemandMax":null,"Value":736},{"Length":49,"Height":15,"Demand":76,"DemandMax":null,"Value":735},{"Length":27,"Height":26,"Demand":85,"DemandMax":null,"Value":702},{"Length":24,"Height":23,"Demand":92,"DemandMax":null,"Value":552},{"Length":29,"Height":19,"Demand":112,"DemandMax":null,"Value":551},{"Length":32,"Height":16,"Demand":104,"DemandMax":null,"Value":512},{"Length":41,"Height":11,"Demand":92,"DemandMax":null,"Value":451},{"Length":28,"Height":14,"Demand":96,"DemandMax":null,"Value":392},{"Length":22,"Height":17,"Demand":89,"DemandMax":null,"Value":374},{"Length":26,"Height":14,"Demand":109,"DemandMax":null,"Value":364},{"Length":17,"Height":17,"Demand":97,"DemandMax":null,"Value":289},{"Length":17,"Height":16,"Demand":90,"DemandMax":null,"Value":272},{"Length":16,"Height":15,"Demand":75,"DemandMax":null,"Value":240}]}