{"Name":"MB09_096","Objects":[{"Length":432,"Height":79,"Stock":null,"Cost":34128}],"Items":[{"Length":57,"Height":37,"Demand":36,"DemandMax":null,"Value":2109},{"Length":44,"Height":39,"Demand":35,"DemandMax":null,"Value":1716},{"Length":50,"Height":29,"Demand":31,"DemandMax":null,"Value":1450},{"Length":39,"Height":36,"Demand":36,"DemandMax":null,"Value":1404},{"Length":57,"Height":22,"Demand":23,"DemandMax":null,"Value":1254},{"Length":39,"Height":31,"Demand":27,"DemandMax":null,"Value":1209},{"Length":39,"Height":30,"Demand":27,"DemandMax":null,"Value":1170},{"Length":39,"Height":29,"Demand":52,"DemandMax":null,"Value":1131},{"Length":44,"Height":25,"Demand":26,"DemandMax":null,"Value":1100},{"Length":40,"Height":27,"Demand":31,"DemandMax":null,"Value":1080},{"Length":34,"Height":31,"Demand":38,"DemandMax":null,"Value":1054},{"Length":55,"Height":19,"Demand":34,"DemandMax":null,"Value":1045},{"Length":36,"Height":29,"Demand":38,"DemandMax":null,"Value":1044},{"Length":57,"Height":18,"Demand":31,"DemandMax":null,"Value":1026},{"Length":41,"Height":25,"Demand":31,"DemandMax":null,"Value":1025},{"Length":34,"Height":30,"Demand":32,"DemandMax":null,"Value":1020},{"Length":36,"Height":28,"Demand":34,"DemandMax":null,"Value":1008},{"Length":42,"Height":22,"Demand":29,"DemandMax":null,"Value":924},{"Length":35,"Height":26,"Demand":37,"DemandMax":null,"Value":910},{"Length":31,"Height":29,"Demand":31,"DemandMax":null,"Value":899},{"Length":32,"Height":26,"Demand":38,"DemandMax":null,"Value":832},{"Length":32,"Height":25,"Demand":28,"DemandMax":null,"Value":800},{"Length":42,"Height":19,"Demand":28,"DemandMax":null,"Value":798},{"Length":37,"Height":21,"Demand":31,"DemandMax":null,"Value":777},{"Length":43,"Height":18,"Demand":36,"DemandMax":null,"Value":774},{"Length":35,"Height":21,"Demand":33,"DemandMax":null,"Value":735},{"Length":52,"Height":14,"Demand":28,"DemandMax":null,"Value":728},{"Length":43,"Height":16,"Demand":32,"DemandMax":null,"Value":688},{"Length":38,"Height":18,"Demand":43,"DemandMax":null,"Value":684},{"Length":40,"Height":17,"Demand":32,"DemandMax":null,"Value":680},{"Length":37,"Height":18,"Demand":36,"DemandMax":null,"Value":666},{"Length":28,"Height":23,"Demand":27,"DemandMax":null,"Value":644},{"Length":35,"Height":18,"Demand":33,"DemandMax":null,"Value":630},{"Length":57,"Height":11,"Demand":43,"DemandMax":null,"Value":627},{"Length":26,"Height":22,"Demand":31,"DemandMax":null,"Value":572},{"Length":35,"Height":16,"Demand":40,"DemandMax":null,"Value":560},{"Length":29,"Height":18,"Demand":37,"DemandMax":null,"Value":522},{"Length":42,"Height":12,"Demand":33,"DemandMax":null,"Value":504},{"Length":38,"Height":13,"Demand":42,"DemandMax":null,"Value":494},{"Length":44,"Height":11,"Demand":32,"DemandMax":null,"Value":484},{"Length":31,"Height":15,"Demand":29,"DemandMax":null,"Value":465},{"Length":31,"Height":13,"Demand":32,"DemandMax":null,"Value":403},{"Length":23,"Height":17,"Demand":38,"DemandMax":null,"Value":391},{"Length":26,"Height":15,"Demand":41,"DemandMax":null,"Value":390},{"Length":39,"Height":10,"Demand":38,"DemandMax":null,"Value":390},{"Length":21,"Height":16,"Demand":29,"DemandMax":null,"Value":336},{"Length":29,"Height":11,"Demand":39,"DemandMax":null,"Value":319},{"Length":18,"Height":17,"Demand":32,"DemandMax":null,"Value":306},{"Length":22,"Height":13,"Demand":37,"DemandMax":null,"Value":286}]}