{"Name":"MB10_075","Objects":[{"Length":432,"Height":79,"Stock":null,"Cost":34128}],"Items":[{"Length":57,"Height":48,"Demand":10,"DemandMax":null,"Value":2736},{"Length":59,"Height":46,"Demand":5,"DemandMax":null,"Value":2714},{"Length":58,"Height":44,"Demand":4,"DemandMax":null,"Value":2552},{"Length":56,"Height":42,"Demand":7,"DemandMax":null,"Value":2352},{"Length":53,"Height":44,"Demand":4,"DemandMax":null,"Value":2332},{"Length":57,"Height":40,"Demand":6,"DemandMax":null,"Value":2280},{"Length":48,"Height":45,"Demand":6,"DemandMax":null,"Value":2160},{"Length":54,"Height":39,"Demand":7,"DemandMax":null,"Value":2106},{"Length":48,"Height":43,"Demand":5,"DemandMax":null,"Value":2064},{"Length":52,"Height":38,"Demand":5,"DemandMax":null,"Value":1976},{"Length":54,"Height":36,"Demand":7,"DemandMax":null,"Value":1944},{"Length":55,"Height":35,"Demand":5,"DemandMax":null,"Value":1925},{"Length":60,"Height":32,"Demand":5,"DemandMax":null,"Value":1920},{"Length":44,"Height":43,"Demand":3,"DemandMax":null,"Value":1892},{"Length":49,"Height":38,"Demand":12,"DemandMax":null,"Value":1862},{"Length":54,"Height":34,"Demand":8,"DemandMax":null,"Value":1836},{"Length":47,"Height":39,"Demand":3,"DemandMax":null,"Value":1833},{"Length":59,"Height":31,"Demand":11,"DemandMax":null,"Value":1829},{"Length":49,"Height":37,"Demand":5,"DemandMax":null,"Value":1813},{"Length":46,"Height":39,"Demand":3,"DemandMax":null,"Value":1794},{"Length":54,"Height":33,"Demand":5,"DemandMax":null,"Value":1782},{"Length":48,"Height":37,"Demand":3,"DemandMax":null,"Value":1776},{"Length":55,"Height":32,"Demand":9,"DemandMax":null,"Value":1760},{"Length":48,"Height":36,"Demand":7,"DemandMax":null,"Value":1728},{"Length":44,"Height":39,"Demand":4,"DemandMax":null,"Value":1716},{"Length":45,"Height":38,"Demand":4,"DemandMax":null,"Value":1710},{"Length":43,"Height":39,"Demand":5,"DemandMax":null,"Value":1677},{"Length":45,"Height":37,"Demand":4,"DemandMax":null,"Value":1665},{"Length":55,"Height":30,"Demand":4,"DemandMax":null,"Value":1650},{"Length":50,"Height":33,"Demand":4,"DemandMax":null,"Value":1650},{"Length":41,"Height":40,"Demand":2,"DemandMax":null,"Value":1640},{"Length":44,"Height":37,"Demand":3,"DemandMax":null,"Value":1628},{"Length":56,"Height":29,"Demand":3,"DemandMax":null,"Value":1624},{"Length":49,"Height":33,"Demand":6,"DemandMax":null,"Value":1617},{"Length":50,"Height":32,"Demand":4,"DemandMax":null,"Value":1600},{"Length":53,"Height":30,"Demand":5,"DemandMax":null,"Value":1590},{"Length":54,"Height":29,"Demand":7,"DemandMax":null,"Value":1566},{"Length":42,"Height":37,"Demand":5,"DemandMax":null,"Value":1554},{"Length":47,"Height":33,"Demand":5,"DemandMax":null,"Value":1551},{"Length":50,"Height":31,"Demand":6,"DemandMax":null,"Value":1550},{"Length":44,"Height":35,"Demand":7,"DemandMax":null,"Value":1540},{"Length":39,"Height":39,"Demand":3,"DemandMax":null,"Value":1521},{"Length":49,"Height":31,"Demand":3,"DemandMax":null,"Value":1519},{"Length":46,"Height":33,"Demand":6,"DemandMax":null,"Value":1518},{"Length":45,"Height":33,"Demand":6,"DemandMax":null,"Value":1485},{"Length":39,"Height":38,"Demand":5,"DemandMax":null,"Value":1482},{"Length":52,"Height":28,"Demand":6,"DemandMax":null,"Value":1456},{"Length":39,"Height":37,"Demand":9,"DemandMax":null,"Value":1443},{"Length":48,"Height":30,"Demand":7,"DemandMax":null,"Value":1440},{"Length":42,"Height":34,"Demand":6,"DemandMax":null,"Value":1428},{"Length":46,"Height":31,"Demand":3,"DemandMax":null,"Value":1426},{"Length":42,"Height":33,"Demand":4,"DemandMax":null,"Value":1386},{"Length":38,"Height":36,"Demand":5,"DemandMax":null,"Value":1368},{"Length":47,"Height":29,"Demand":3,"DemandMax":null,"Value":1363},{"Length":40,"Height":34,"Demand":6,"DemandMax":null,"Value":1360},{"Length":39,"Height":34,"Demand":5,"DemandMax":null,"Value":1326},{"Length":51,"Height":26,"Demand":10,"DemandMax":null,"Value":1326},{"Length":40,"Height":33,"Demand":8,"DemandMax":null,"Value":1320},{"Length":39,"Height":33,"Demand":7,"DemandMax":null,"Value":1287},{"Length":40,"Height":32,"Demand":3,"DemandMax":null,"Value":1280},{"Length":44,"Height":29,"Demand":2,"DemandMax":null,"Value":1276},{"Length":53,"Height":24,"Demand":9,"DemandMax":null,"Value":1272},{"Length":43,"Height":29,"Demand":4,"DemandMax":null,"Value":1247},{"Length":59,"Height":21,"Demand":5,"DemandMax":null,"Value":1239},{"Length":41,"Height":30,"Demand":6,"DemandMax":null,"Value":1230},{"Length":47,"Height":26,"Demand":6,"DemandMax":null,"Value":1222},{"Length":37,"Height":33,"Demand":3,"DemandMax":null,"Value":1221},{"Length":50,"Height":24,"Demand":8,"DemandMax":null,"Value":1200},{"Length":52,"Height":23,"Demand":9,"DemandMax":null,"Value":1196},{"Length":59,"Height":20,"Demand":7,"DemandMax":null,"Value":1180},{"Length":38,"Height":31,"Demand":3,"DemandMax":null,"Value":1178},{"Length":49,"Height":24,"Demand":4,"DemandMax":null,"Value":1176},{"Length":45,"Height":26,"Demand":5,"DemandMax":null,"Value":1170},{"Length":40,"Height":29,"Demand":5,"DemandMax":null,"Value":1160},{"Length":35,"Height":33,"Demand":6,"DemandMax":null,"Value":1155},{"Length":41,"Height":28,"Demand":5,"DemandMax":null,"Value":1148},{"Length":57,"Height":20,"Demand":7,"DemandMax":null,"Value":1140},{"Length":34,"Height":33,"Demand":6,"DemandMax":null,"Value":1122},{"Length":36,"Height":31,"Demand":5,"DemandMax":null,"Value":1116},{"Length":53,"Height":21,"Demand":7,"DemandMax":null,"Value":1113},{"Length":46,"Height":24,"Demand":5,"DemandMax":null,"Value":1104},{"Length":58,"Height":19,"Demand":2,"DemandMax":null,"Value":1102},{"Length":44,"Height":25,"Demand":2,"DemandMax":null,"Value":1100},{"Length":34,"Height":32,"Demand":6,"DemandMax":null,"Value":1088},{"Length":35,"Height":31,"Demand":4,"DemandMax":null,"Value":1085},{"Length":47,"Height":23,"Demand":5,"DemandMax":null,"Value":1081},{"Length":36,"Height":30,"Demand":4,"DemandMax":null,"Value":1080},{"Length":43,"Height":25,"Demand":4,"DemandMax":null,"Value":1075},{"Length":51,"Height":21,"Demand":5,"DemandMax":null,"Value":1071},{"Length":53,"Height":20,"Demand":7,"DemandMax":null,"Value":1060},{"Length":46,"Height":23,"Demand":6,"DemandMax":null,"Value":1058},{"Length":34,"Height":31,"Demand":6,"DemandMax":null,"Value":1054},{"Length":39,"Height":27,"Demand":8,"DemandMax":null,"Value":1053},{"Length":58,"Height":18,"Demand":7,"DemandMax":null,"Value":1044},{"Length":40,"Height":26,"Demand":4,"DemandMax":null,"Value":1040},{"Length":37,"Height":28,"Demand":7,"DemandMax":null,"Value":1036},{"Length":38,"Height":27,"Demand":7,"DemandMax":null,"Value":1026},{"Length":39,"Height":26,"Demand":6,"DemandMax":null,"Value":1014},{"Length":44,"Height":23,"Demand":5,"DemandMax":null,"Value":1012},{"Length":36,"Height":28,"Demand":6,"DemandMax":null,"Value":1008},{"Length":48,"Height":21,"Demand":3,"DemandMax":null,"Value":1008},{"Length":59,"Height":17,"Demand":5,"DemandMax":null,"Value":1003},{"Length":40,"Height":25,"Demand":4,"DemandMax":null,"Value":1000},{"Length":32,"Height":31,"Demand":8,"DemandMax":null,"Value":992},{"Length":45,"Height":22,"Demand":7,"DemandMax":null,"Value":990},{"Length":52,"Height":19,"Demand":9,"DemandMax":null,"Value":988},{"Length":39,"Height":25,"Demand":2,"DemandMax":null,"Value":975},{"Length":54,"Height":18,"Demand":3,"DemandMax":null,"Value":972},{"Length":42,"Height":23,"Demand":3,"DemandMax":null,"Value":966},{"Length":46,"Height":21,"Demand":6,"DemandMax":null,"Value":966},{"Length":34,"Height":28,"Demand":4,"DemandMax":null,"Value":952},{"Length":45,"Height":21,"Demand":6,"DemandMax":null,"Value":945},{"Length":41,"Height":23,"Demand":3,"DemandMax":null,"Value":943},{"Length":32,"Height":29,"Demand":8,"DemandMax":null,"Value":928},{"Length":37,"Height":25,"Demand":7,"DemandMax":null,"Value":925},{"Length":42,"Height":22,"Demand":2,"DemandMax":null,"Value":924},{"Length":33,"Height":28,"Demand":5,"DemandMax":null,"Value":924},{"Length":46,"Height":20,"Demand":6,"DemandMax":null,"Value":920},{"Length":40,"Height":23,"Demand":3,"DemandMax":null,"Value":920},{"Length":34,"Height":27,"Demand":4,"DemandMax":null,"Value":918},{"Length":43,"Height":21,"Demand":3,"DemandMax":null,"Value":903},{"Length":41,"Height":22,"Demand":8,"DemandMax":null,"Value":902},{"Length":45,"Height":20,"Demand":6,"DemandMax":null,"Value":900},{"Length":36,"Height":25,"Demand":7,"DemandMax":null,"Value":900},{"Length":32,"Height":28,"Demand":6,"DemandMax":null,"Value":896},{"Length":33,"Height":27,"Demand":10,"DemandMax":null,"Value":891},{"Length":34,"Height":26,"Demand":5,"DemandMax":null,"Value":884},{"Length":38,"Height":23,"Demand":6,"DemandMax":null,"Value":874},{"Length":30,"Height":29,"Demand":3,"DemandMax":null,"Value":870},{"Length":31,"Height":28,"Demand":7,"DemandMax":null,"Value":868},{"Length":36,"Height":24,"Demand":4,"DemandMax":null,"Value":864},{"Length":41,"Height":21,"Demand":4,"DemandMax":null,"Value":861},{"Length":33,"Height":26,"Demand":4,"DemandMax":null,"Value":858},{"Length":50,"Height":17,"Demand":9,"DemandMax":null,"Value":850},{"Length":34,"Height":25,"Demand":7,"DemandMax":null,"Value":850},{"Length":56,"Height":15,"Demand":7,"DemandMax":null,"Value":840},{"Length":42,"Height":20,"Demand":6,"DemandMax":null,"Value":840},{"Length":38,"Height":22,"Demand":11,"DemandMax":null,"Value":836},{"Length":36,"Height":23,"Demand":6,"DemandMax":null,"Value":828},{"Length":33,"Height":25,"Demand":4,"DemandMax":null,"Value":825},{"Length":39,"Height":21,"Demand":6,"DemandMax":null,"Value":819},{"Length":30,"Height":27,"Demand":5,"DemandMax":null,"Value":810},{"Length":31,"Height":26,"Demand":4,"DemandMax":null,"Value":806},{"Length":40,"Height":20,"Demand":1,"DemandMax":null,"Value":800},{"Length":47,"Height":17,"Demand":4,"DemandMax":null,"Value":799},{"Length":57,"Height":14,"Demand":9,"DemandMax":null,"Value":798},{"Length":38,"Height":21,"Demand":5,"DemandMax":null,"Value":798},{"Length":33,"Height":24,"Demand":6,"DemandMax":null,"Value":792},{"Length":49,"Height":16,"Demand":6,"DemandMax":null,"Value":784},{"Length":39,"Height":20,"Demand":5,"DemandMax":null,"Value":780},{"Length":30,"Height":26,"Demand":5,"DemandMax":null,"Value":780},{"Length":41,"Height":19,"Demand":11,"DemandMax":null,"Value":779},{"Length":31,"Height":25,"Demand":4,"DemandMax":null,"Value":775},{"Length":43,"Height":18,"Demand":8,"DemandMax":null,"Value":774},{"Length":29,"Height":26,"Demand":6,"DemandMax":null,"Value":754},{"Length":33,"Height":22,"Demand":3,"DemandMax":null,"Value":726},{"Length":38,"Height":19,"Demand":3,"DemandMax":null,"Value":722},{"Length":48,"Height":15,"Demand":2,"DemandMax":null,"Value":720},{"Length":51,"Height":14,"Demand":5,"DemandMax":null,"Value":714},{"Length":31,"Height":23,"Demand":4,"DemandMax":null,"Value":713},{"Length":35,"Height":20,"Demand":5,"DemandMax":null,"Value":700},{"Length":29,"Height":24,"Demand":6,"DemandMax":null,"Value":696},{"Length":30,"Height":23,"Demand":6,"DemandMax":null,"Value":690},{"Length":43,"Height":16,"Demand":5,"DemandMax":null,"Value":688},{"Length":31,"Height":22,"Demand":7,"DemandMax":null,"Value":682},{"Length":34,"Height":20,"Demand":3,"DemandMax":null,"Value":680},{"Length":32,"Height":21,"Demand":8,"DemandMax":null,"Value":672},{"Length":37,"Height":18,"Demand":6,"DemandMax":null,"Value":666},{"Length":60,"Height":11,"Demand":4,"DemandMax":null,"Value":660},{"Length":44,"Height":15,"Demand":1,"DemandMax":null,"Value":660},{"Length":59,"Height":11,"Demand":5,"DemandMax":null,"Value":649},{"Length":38,"Height":17,"Demand":5,"DemandMax":null,"Value":646},{"Length":46,"Height":14,"Demand":2,"DemandMax":null,"Value":644},{"Length":40,"Height":16,"Demand":5,"DemandMax":null,"Value":640},{"Length":53,"Height":12,"Demand":4,"DemandMax":null,"Value":636},{"Length":35,"Height":18,"Demand":8,"DemandMax":null,"Value":630},{"Length":42,"Height":15,"Demand":6,"DemandMax":null,"Value":630},{"Length":37,"Height":17,"Demand":3,"DemandMax":null,"Value":629},{"Length":33,"Height":19,"Demand":4,"DemandMax":null,"Value":627},{"Length":52,"Height":12,"Demand":7,"DemandMax":null,"Value":624},{"Length":39,"Height":16,"Demand":8,"DemandMax":null,"Value":624},{"Length":43,"Height":14,"Demand":6,"DemandMax":null,"Value":602},{"Length":30,"Height":20,"Demand":3,"DemandMax":null,"Value":600},{"Length":27,"Height":22,"Demand":8,"DemandMax":null,"Value":594},{"Length":33,"Height":18,"Demand":2,"DemandMax":null,"Value":594},{"Length":31,"Height":19,"Demand":7,"DemandMax":null,"Value":589},{"Length":28,"Height":21,"Demand":5,"DemandMax":null,"Value":588},{"Length":58,"Height":10,"Demand":6,"DemandMax":null,"Value":580},{"Length":32,"Height":18,"Demand":9,"DemandMax":null,"Value":576},{"Length":25,"Height":23,"Demand":4,"DemandMax":null,"Value":575},{"Length":52,"Height":11,"Demand":7,"DemandMax":null,"Value":572},{"Length":38,"Height":15,"Demand":6,"DemandMax":null,"Value":570},{"Length":27,"Height":21,"Demand":5,"DemandMax":null,"Value":567},{"Length":33,"Height":17,"Demand":4,"DemandMax":null,"Value":561},{"Length":43,"Height":13,"Demand":7,"DemandMax":null,"Value":559},{"Length":55,"Height":10,"Demand":8,"DemandMax":null,"Value":550},{"Length":26,"Height":21,"Demand":7,"DemandMax":null,"Value":546},{"Length":54,"Height":10,"Demand":4,"DemandMax":null,"Value":540},{"Length":28,"Height":19,"Demand":7,"DemandMax":null,"Value":532},{"Length":23,"Height":23,"Demand":4,"DemandMax":null,"Value":529},{"Length":48,"Height":11,"Demand":5,"DemandMax":null,"Value":528},{"Length":35,"Height":15,"Demand":4,"DemandMax":null,"Value":525},{"Length":29,"Height":18,"Demand":8,"DemandMax":null,"Value":522},{"Length":26,"Height":20,"Demand":6,"DemandMax":null,"Value":520},{"Length":25,"Height":20,"Demand":3,"DemandMax":null,"Value":500},{"Length":27,"Height":18,"Demand":5,"DemandMax":null,"Value":486},{"Length":30,"Height":16,"Demand":4,"DemandMax":null,"Value":480},{"Length":32,"Height":15,"Demand":3,"DemandMax":null,"Value":480},{"Length":24,"Height":20,"Demand":2,"DemandMax":null,"Value":480},{"Length":28,"Height":17,"Demand":4,"DemandMax":null,"Value":476},{"Length":47,"Height":10,"Demand":4,"DemandMax":null,"Value":470},{"Length":22,"Height":21,"Demand":4,"DemandMax":null,"Value":462},{"Length":42,"Height":11,"Demand":8,"DemandMax":null,"Value":462},{"Length":23,"Height":20,"Demand":15,"DemandMax":null,"Value":460},{"Length":46,"Height":10,"Demand":7,"DemandMax":null,"Value":460},{"Length":30,"Height":15,"Demand":3,"DemandMax":null,"Value":450},{"Length":21,"Height":21,"Demand":4,"DemandMax":null,"Value":441},{"Length":22,"Height":20,"Demand":7,"DemandMax":null,"Value":440},{"Length":24,"Height":18,"Demand":6,"DemandMax":null,"Value":432},{"Length":25,"Height":17,"Demand":9,"DemandMax":null,"Value":425},{"Length":23,"Height":18,"Demand":4,"DemandMax":null,"Value":414},{"Length":41,"Height":10,"Demand":8,"DemandMax":null,"Value":410},{"Length":27,"Height":15,"Demand":8,"DemandMax":null,"Value":405},{"Length":33,"Height":12,"Demand":4,"DemandMax":null,"Value":396},{"Length":39,"Height":10,"Demand":9,"DemandMax":null,"Value":390},{"Length":26,"Height":15,"Demand":6,"DemandMax":null,"Value":390},{"Length":22,"Height":17,"Demand":5,"DemandMax":null,"Value":374},{"Length":34,"Height":11,"Demand":5,"DemandMax":null,"Value":374},{"Length":23,"Height":16,"Demand":4,"DemandMax":null,"Value":368},{"Length":28,"Height":13,"Demand":7,"DemandMax":null,"Value":364},{"Length":30,"Height":12,"Demand":6,"DemandMax":null,"Value":360},{"Length":21,"Height":17,"Demand":4,"DemandMax":null,"Value":357},{"Length":22,"Height":16,"Demand":3,"DemandMax":null,"Value":352},{"Length":27,"Height":13,"Demand":7,"DemandMax":null,"Value":351},{"Length":19,"Height":18,"Demand":9,"DemandMax":null,"Value":342},{"Length":26,"Height":13,"Demand":8,"DemandMax":null,"Value":338},{"Length":21,"Height":16,"Demand":5,"DemandMax":null,"Value":336},{"Length":18,"Height":18,"Demand":7,"DemandMax":null,"Value":324},{"Length":19,"Height":17,"Demand":6,"DemandMax":null,"Value":323},{"Length":20,"Height":16,"Demand":8,"DemandMax":null,"Value":320},{"Length":24,"Height":13,"Demand":5,"DemandMax":null,"Value":312},{"Length":25,"Height":12,"Demand":5,"DemandMax":null,"Value":300},{"Length":27,"Height":11,"Demand":4,"DemandMax":null,"Value":297},{"Length":18,"Height":16,"Demand":6,"DemandMax":null,"Value":288},{"Length":28,"Height":10,"Demand":6,"DemandMax":null,"Value":280},{"Length":20,"Height":14,"Demand":8,"DemandMax":null,"Value":280},{"Length":19,"Height":14,"Demand":4,"DemandMax":null,"Value":266},{"Length":22,"Height":12,"Demand":5,"DemandMax":null,"Value":264},{"Length":17,"Height":15,"Demand":3,"DemandMax":null,"Value":255},{"Length":16,"Height":15,"Demand":7,"DemandMax":null,"Value":240},{"Length":24,"Height":10,"Demand":2,"DemandMax":null,"Value":240},{"Length":17,"Height":14,"Demand":5,"DemandMax":null,"Value":238},{"Length":18,"Height":13,"Demand":5,"DemandMax":null,"Value":234},{"Length":19,"Height":12,"Demand":2,"DemandMax":null,"Value":228},{"Length":17,"Height":13,"Demand":5,"DemandMax":null,"Value":221},{"Length":21,"Height":10,"Demand":4,"DemandMax":null,"Value":210},{"Length":16,"Height":13,"Demand":6,"DemandMax":null,"Value":208},{"Length":17,"Height":12,"Demand":5,"DemandMax":null,"Value":204},{"Length":17,"Height":11,"Demand":4,"DemandMax":null,"Value":187},{"Length":15,"Height":11,"Demand":10,"DemandMax":null,"Value":165},{"Length":16,"Height":10,"Demand":4,"DemandMax":null,"Value":160}]}