{"Name":"MB10_015","Objects":[{"Length":432,"Height":79,"Stock":null,"Cost":34128}],"Items":[{"Length":54,"Height":40,"Demand":30,"DemandMax":null,"Value":2160},{"Length":54,"Height":39,"Demand":35,"DemandMax":null,"Value":2106},{"Length":51,"Height":41,"Demand":27,"DemandMax":null,"Value":2091},{"Length":54,"Height":38,"Demand":20,"DemandMax":null,"Value":2052},{"Length":52,"Height":38,"Demand":29,"DemandMax":null,"Value":1976},{"Length":45,"Height":41,"Demand":30,"DemandMax":null,"Value":1845},{"Length":52,"Height":28,"Demand":35,"DemandMax":null,"Value":1456},{"Length":55,"Height":26,"Demand":25,"DemandMax":null,"Value":1430},{"Length":43,"Height":33,"Demand":22,"DemandMax":null,"Value":1419},{"Length":40,"Height":35,"Demand":28,"DemandMax":null,"Value":1400},{"Length":48,"Height":29,"Demand":29,"DemandMax":null,"Value":1392},{"Length":48,"Height":28,"Demand":26,"DemandMax":null,"Value":1344},{"Length":38,"Height":33,"Demand":32,"DemandMax":null,"Value":1254},{"Length":59,"Height":21,"Demand":28,"DemandMax":null,"Value":1239},{"Length":35,"Height":34,"Demand":33,"DemandMax":null,"Value":1190},{"Length":37,"Height":28,"Demand":17,"DemandMax":null,"Value":1036},{"Length":37,"Height":27,"Demand":37,"DemandMax":null,"Value":999},{"Length":45,"Height":22,"Demand":29,"DemandMax":null,"Value":990},{"Length":50,"Height":19,"Demand":28,"DemandMax":null,"Value":950},{"Length":39,"Height":24,"Demand":26,"DemandMax":null,"Value":936},{"Length":37,"Height":25,"Demand":29,"DemandMax":null,"Value":925},{"Length":39,"Height":23,"Demand":24,"DemandMax":null,"Value":897},{"Length":47,"Height":19,"Demand":27,"DemandMax":null,"Value":893},{"Length":33,"Height":27,"Demand":29,"DemandMax":null,"Value":891},{"Length":50,"Height":17,"Demand":28,"DemandMax":null,"Value":850},{"Length":40,"Height":20,"Demand":29,"DemandMax":null,"Value":800},{"Length":38,"Height":21,"Demand":25,"DemandMax":null,"Value":798},{"Length":43,"Height":18,"Demand":28,"DemandMax":null,"Value":774},{"Length":38,"Height":19,"Demand":30,"DemandMax":null,"Value":722},{"Length":31,"Height":23,"Demand":28,"DemandMax":null,"Value":713},{"Length":59,"Height":12,"Demand":27,"DemandMax":null,"Value":708},{"Length":29,"Height":24,"Demand":26,"DemandMax":null,"Value":696},{"Length":35,"Height":18,"Demand":28,"DemandMax":null,"Value":630},{"Length":43,"Height":14,"Demand":26,"DemandMax":null,"Value":602},{"Length":33,"Height":18,"Demand":35,"DemandMax":null,"Value":594},{"Length":38,"Height":15,"Demand":22,"DemandMax":null,"Value":570},{"Length":30,"Height":19,"Demand":31,"DemandMax":null,"Value":570},{"Length":56,"Height":10,"Demand":42,"DemandMax":null,"Value":560},{"Length":46,"Height":12,"Demand":32,"DemandMax":null,"Value":552},{"Length":29,"Height":18,"Demand":30,"DemandMax":null,"Value":522},{"Length":30,"Height":16,"Demand":22,"DemandMax":null,"Value":480},{"Length":28,"Height":17,"Demand":30,"DemandMax":null,"Value":476},{"Length":46,"Height":10,"Demand":29,"DemandMax":null,"Value":460},{"Length":24,"Height":18,"Demand":21,"DemandMax":null,"Value":432},{"Length":27,"Height":15,"Demand":22,"DemandMax":null,"Value":405},{"Length":33,"Height":12,"Demand":30,"DemandMax":null,"Value":396},{"Length":19,"Height":18,"Demand":40,"DemandMax":null,"Value":342},{"Length":22,"Height":15,"Demand":30,"DemandMax":null,"Value":330},{"Length":23,"Height":13,"Demand":25,"DemandMax":null,"Value":299},{"Length":21,"Height":11,"Demand":30,"DemandMax":null,"Value":231}]}