{"Name":"MB08_110","Objects":[{"Length":587,"Height":233,"Stock":null,"Cost":136771}],"Items":[{"Length":59,"Height":49,"Demand":7,"DemandMax":null,"Value":2891},{"Length":58,"Height":49,"Demand":4,"DemandMax":null,"Value":2842},{"Length":59,"Height":47,"Demand":4,"DemandMax":null,"Value":2773},{"Length":60,"Height":46,"Demand":4,"DemandMax":null,"Value":2760},{"Length":57,"Height":48,"Demand":3,"DemandMax":null,"Value":2736},{"Length":58,"Height":46,"Demand":2,"DemandMax":null,"Value":2668},{"Length":52,"Height":49,"Demand":6,"DemandMax":null,"Value":2548},{"Length":53,"Height":47,"Demand":2,"DemandMax":null,"Value":2491},{"Length":56,"Height":44,"Demand":6,"DemandMax":null,"Value":2464},{"Length":50,"Height":48,"Demand":3,"DemandMax":null,"Value":2400},{"Length":50,"Height":47,"Demand":3,"DemandMax":null,"Value":2350},{"Length":54,"Height":43,"Demand":3,"DemandMax":null,"Value":2322},{"Length":51,"Height":44,"Demand":2,"DemandMax":null,"Value":2244},{"Length":59,"Height":38,"Demand":2,"DemandMax":null,"Value":2242},{"Length":56,"Height":40,"Demand":3,"DemandMax":null,"Value":2240},{"Length":53,"Height":42,"Demand":1,"DemandMax":null,"Value":2226},{"Length":56,"Height":39,"Demand":5,"DemandMax":null,"Value":2184},{"Length":47,"Height":46,"Demand":1,"DemandMax":null,"Value":2162},{"Length":48,"Height":45,"Demand":2,"DemandMax":null,"Value":2160},{"Length":47,"Height":45,"Demand":4,"DemandMax":null,"Value":2115},{"Length":55,"Height":38,"Demand":2,"DemandMax":null,"Value":2090},{"Length":53,"Height":39,"Demand":3,"DemandMax":null,"Value":2067},{"Length":54,"Height":38,"Demand":4,"DemandMax":null,"Value":2052},{"Length":55,"Height":37,"Demand":2,"DemandMax":null,"Value":2035},{"Length":45,"Height":44,"Demand":3,"DemandMax":null,"Value":1980},{"Length":60,"Height":33,"Demand":5,"DemandMax":null,"Value":1980},{"Length":48,"Height":41,"Demand":4,"DemandMax":null,"Value":1968},{"Length":49,"Height":40,"Demand":5,"DemandMax":null,"Value":1960},{"Length":56,"Height":35,"Demand":1,"DemandMax":null,"Value":1960},{"Length":59,"Height":33,"Demand":1,"DemandMax":null,"Value":1947},{"Length":57,"Height":34,"Demand":1,"DemandMax":null,"Value":1938},{"Length":49,"Height":39,"Demand":2,"DemandMax":null,"Value":1911},{"Length":59,"Height":32,"Demand":3,"DemandMax":null,"Value":1888},{"Length":49,"Height":38,"Demand":2,"DemandMax":null,"Value":1862},{"Length":44,"Height":42,"Demand":2,"DemandMax":null,"Value":1848},{"Length":51,"Height":36,"Demand":2,"DemandMax":null,"Value":1836},{"Length":59,"Height":31,"Demand":3,"DemandMax":null,"Value":1829},{"Length":54,"Height":33,"Demand":3,"DemandMax":null,"Value":1782},{"Length":49,"Height":36,"Demand":4,"DemandMax":null,"Value":1764},{"Length":43,"Height":41,"Demand":2,"DemandMax":null,"Value":1763},{"Length":50,"Height":35,"Demand":1,"DemandMax":null,"Value":1750},{"Length":46,"Height":38,"Demand":4,"DemandMax":null,"Value":1748},{"Length":47,"Height":37,"Demand":2,"DemandMax":null,"Value":1739},{"Length":56,"Height":31,"Demand":5,"DemandMax":null,"Value":1736},{"Length":44,"Height":39,"Demand":2,"DemandMax":null,"Value":1716},{"Length":46,"Height":37,"Demand":4,"DemandMax":null,"Value":1702},{"Length":50,"Height":34,"Demand":5,"DemandMax":null,"Value":1700},{"Length":44,"Height":38,"Demand":4,"DemandMax":null,"Value":1672},{"Length":47,"Height":35,"Demand":3,"DemandMax":null,"Value":1645},{"Length":53,"Height":31,"Demand":2,"DemandMax":null,"Value":1643},{"Length":51,"Height":32,"Demand":2,"DemandMax":null,"Value":1632},{"Length":48,"Height":34,"Demand":4,"DemandMax":null,"Value":1632},{"Length":58,"Height":28,"Demand":1,"DemandMax":null,"Value":1624},{"Length":40,"Height":40,"Demand":2,"DemandMax":null,"Value":1600},{"Length":41,"Height":39,"Demand":2,"DemandMax":null,"Value":1599},{"Length":47,"Height":34,"Demand":3,"DemandMax":null,"Value":1598},{"Length":58,"Height":27,"Demand":1,"DemandMax":null,"Value":1566},{"Length":46,"Height":34,"Demand":4,"DemandMax":null,"Value":1564},{"Length":40,"Height":39,"Demand":3,"DemandMax":null,"Value":1560},{"Length":41,"Height":38,"Demand":2,"DemandMax":null,"Value":1558},{"Length":42,"Height":37,"Demand":3,"DemandMax":null,"Value":1554},{"Length":47,"Height":33,"Demand":3,"DemandMax":null,"Value":1551},{"Length":43,"Height":36,"Demand":2,"DemandMax":null,"Value":1548},{"Length":39,"Height":39,"Demand":3,"DemandMax":null,"Value":1521},{"Length":46,"Height":33,"Demand":3,"DemandMax":null,"Value":1518},{"Length":41,"Height":37,"Demand":1,"DemandMax":null,"Value":1517},{"Length":54,"Height":28,"Demand":1,"DemandMax":null,"Value":1512},{"Length":42,"Height":36,"Demand":3,"DemandMax":null,"Value":1512},{"Length":55,"Height":27,"Demand":1,"DemandMax":null,"Value":1485},{"Length":39,"Height":38,"Demand":4,"DemandMax":null,"Value":1482},{"Length":40,"Height":37,"Demand":3,"DemandMax":null,"Value":1480},{"Length":41,"Height":36,"Demand":3,"DemandMax":null,"Value":1476},{"Length":49,"Height":30,"Demand":2,"DemandMax":null,"Value":1470},{"Length":56,"Height":26,"Demand":2,"DemandMax":null,"Value":1456},{"Length":38,"Height":38,"Demand":2,"DemandMax":null,"Value":1444},{"Length":45,"Height":32,"Demand":2,"DemandMax":null,"Value":1440},{"Length":40,"Height":36,"Demand":4,"DemandMax":null,"Value":1440},{"Length":48,"Height":30,"Demand":3,"DemandMax":null,"Value":1440},{"Length":41,"Height":35,"Demand":2,"DemandMax":null,"Value":1435},{"Length":53,"Height":27,"Demand":3,"DemandMax":null,"Value":1431},{"Length":55,"Height":26,"Demand":5,"DemandMax":null,"Value":1430},{"Length":42,"Height":34,"Demand":3,"DemandMax":null,"Value":1428},{"Length":47,"Height":30,"Demand":1,"DemandMax":null,"Value":1410},{"Length":38,"Height":37,"Demand":4,"DemandMax":null,"Value":1406},{"Length":50,"Height":28,"Demand":2,"DemandMax":null,"Value":1400},{"Length":42,"Height":33,"Demand":4,"DemandMax":null,"Value":1386},{"Length":46,"Height":30,"Demand":3,"DemandMax":null,"Value":1380},{"Length":60,"Height":23,"Demand":4,"DemandMax":null,"Value":1380},{"Length":43,"Height":32,"Demand":4,"DemandMax":null,"Value":1376},{"Length":49,"Height":28,"Demand":2,"DemandMax":null,"Value":1372},{"Length":38,"Height":36,"Demand":4,"DemandMax":null,"Value":1368},{"Length":57,"Height":24,"Demand":2,"DemandMax":null,"Value":1368},{"Length":44,"Height":31,"Demand":3,"DemandMax":null,"Value":1364},{"Length":40,"Height":34,"Demand":5,"DemandMax":null,"Value":1360},{"Length":59,"Height":23,"Demand":2,"DemandMax":null,"Value":1357},{"Length":41,"Height":33,"Demand":3,"DemandMax":null,"Value":1353},{"Length":42,"Height":32,"Demand":2,"DemandMax":null,"Value":1344},{"Length":46,"Height":29,"Demand":5,"DemandMax":null,"Value":1334},{"Length":37,"Height":36,"Demand":1,"DemandMax":null,"Value":1332},{"Length":39,"Height":34,"Demand":3,"DemandMax":null,"Value":1326},{"Length":40,"Height":33,"Demand":1,"DemandMax":null,"Value":1320},{"Length":44,"Height":30,"Demand":3,"DemandMax":null,"Value":1320},{"Length":45,"Height":29,"Demand":4,"DemandMax":null,"Value":1305},{"Length":50,"Height":26,"Demand":2,"DemandMax":null,"Value":1300},{"Length":59,"Height":22,"Demand":2,"DemandMax":null,"Value":1298},{"Length":48,"Height":27,"Demand":2,"DemandMax":null,"Value":1296},{"Length":36,"Height":36,"Demand":1,"DemandMax":null,"Value":1296},{"Length":37,"Height":35,"Demand":2,"DemandMax":null,"Value":1295},{"Length":38,"Height":34,"Demand":1,"DemandMax":null,"Value":1292},{"Length":46,"Height":28,"Demand":3,"DemandMax":null,"Value":1288},{"Length":44,"Height":29,"Demand":4,"DemandMax":null,"Value":1276},{"Length":49,"Height":26,"Demand":1,"DemandMax":null,"Value":1274},{"Length":42,"Height":30,"Demand":3,"DemandMax":null,"Value":1260},{"Length":45,"Height":28,"Demand":3,"DemandMax":null,"Value":1260},{"Length":38,"Height":33,"Demand":1,"DemandMax":null,"Value":1254},{"Length":48,"Height":26,"Demand":5,"DemandMax":null,"Value":1248},{"Length":46,"Height":27,"Demand":1,"DemandMax":null,"Value":1242},{"Length":40,"Height":31,"Demand":4,"DemandMax":null,"Value":1240},{"Length":44,"Height":28,"Demand":4,"DemandMax":null,"Value":1232},{"Length":41,"Height":30,"Demand":2,"DemandMax":null,"Value":1230},{"Length":51,"Height":24,"Demand":2,"DemandMax":null,"Value":1224},{"Length":37,"Height":33,"Demand":4,"DemandMax":null,"Value":1221},{"Length":58,"Height":21,"Demand":1,"DemandMax":null,"Value":1218},{"Length":45,"Height":27,"Demand":4,"DemandMax":null,"Value":1215},{"Length":48,"Height":25,"Demand":2,"DemandMax":null,"Value":1200},{"Length":40,"Height":30,"Demand":3,"DemandMax":null,"Value":1200},{"Length":60,"Height":20,"Demand":3,"DemandMax":null,"Value":1200},{"Length":57,"Height":21,"Demand":2,"DemandMax":null,"Value":1197},{"Length":46,"Height":26,"Demand":2,"DemandMax":null,"Value":1196},{"Length":35,"Height":34,"Demand":3,"DemandMax":null,"Value":1190},{"Length":37,"Height":32,"Demand":3,"DemandMax":null,"Value":1184},{"Length":47,"Height":25,"Demand":4,"DemandMax":null,"Value":1175},{"Length":43,"Height":27,"Demand":4,"DemandMax":null,"Value":1161},{"Length":40,"Height":29,"Demand":3,"DemandMax":null,"Value":1160},{"Length":35,"Height":33,"Demand":5,"DemandMax":null,"Value":1155},{"Length":36,"Height":32,"Demand":2,"DemandMax":null,"Value":1152},{"Length":46,"Height":25,"Demand":3,"DemandMax":null,"Value":1150},{"Length":41,"Height":28,"Demand":2,"DemandMax":null,"Value":1148},{"Length":37,"Height":31,"Demand":3,"DemandMax":null,"Value":1147},{"Length":44,"Height":26,"Demand":1,"DemandMax":null,"Value":1144},{"Length":38,"Height":30,"Demand":5,"DemandMax":null,"Value":1140},{"Length":57,"Height":20,"Demand":5,"DemandMax":null,"Value":1140},{"Length":49,"Height":23,"Demand":3,"DemandMax":null,"Value":1127},{"Length":45,"Height":25,"Demand":2,"DemandMax":null,"Value":1125},{"Length":40,"Height":28,"Demand":4,"DemandMax":null,"Value":1120},{"Length":36,"Height":31,"Demand":4,"DemandMax":null,"Value":1116},{"Length":41,"Height":27,"Demand":1,"DemandMax":null,"Value":1107},{"Length":58,"Height":19,"Demand":1,"DemandMax":null,"Value":1102},{"Length":44,"Height":25,"Demand":8,"DemandMax":null,"Value":1100},{"Length":50,"Height":22,"Demand":3,"DemandMax":null,"Value":1100},{"Length":42,"Height":26,"Demand":6,"DemandMax":null,"Value":1092},{"Length":33,"Height":33,"Demand":2,"DemandMax":null,"Value":1089},{"Length":47,"Height":23,"Demand":4,"DemandMax":null,"Value":1081},{"Length":36,"Height":30,"Demand":5,"DemandMax":null,"Value":1080},{"Length":40,"Height":27,"Demand":6,"DemandMax":null,"Value":1080},{"Length":45,"Height":24,"Demand":4,"DemandMax":null,"Value":1080},{"Length":43,"Height":25,"Demand":5,"DemandMax":null,"Value":1075},{"Length":37,"Height":29,"Demand":6,"DemandMax":null,"Value":1073},{"Length":41,"Height":26,"Demand":2,"DemandMax":null,"Value":1066},{"Length":38,"Height":28,"Demand":2,"DemandMax":null,"Value":1064},{"Length":53,"Height":20,"Demand":2,"DemandMax":null,"Value":1060},{"Length":46,"Height":23,"Demand":4,"DemandMax":null,"Value":1058},{"Length":48,"Height":22,"Demand":6,"DemandMax":null,"Value":1056},{"Length":33,"Height":32,"Demand":3,"DemandMax":null,"Value":1056},{"Length":34,"Height":31,"Demand":2,"DemandMax":null,"Value":1054},{"Length":39,"Height":27,"Demand":1,"DemandMax":null,"Value":1053},{"Length":50,"Height":21,"Demand":1,"DemandMax":null,"Value":1050},{"Length":35,"Height":30,"Demand":5,"DemandMax":null,"Value":1050},{"Length":55,"Height":19,"Demand":1,"DemandMax":null,"Value":1045},{"Length":36,"Height":29,"Demand":1,"DemandMax":null,"Value":1044},{"Length":40,"Height":26,"Demand":3,"DemandMax":null,"Value":1040},{"Length":37,"Height":28,"Demand":3,"DemandMax":null,"Value":1036},{"Length":45,"Height":23,"Demand":5,"DemandMax":null,"Value":1035},{"Length":34,"Height":30,"Demand":5,"DemandMax":null,"Value":1020},{"Length":35,"Height":29,"Demand":3,"DemandMax":null,"Value":1015},{"Length":44,"Height":23,"Demand":2,"DemandMax":null,"Value":1012},{"Length":56,"Height":18,"Demand":4,"DemandMax":null,"Value":1008},{"Length":42,"Height":24,"Demand":4,"DemandMax":null,"Value":1008},{"Length":53,"Height":19,"Demand":2,"DemandMax":null,"Value":1007},{"Length":59,"Height":17,"Demand":5,"DemandMax":null,"Value":1003},{"Length":40,"Height":25,"Demand":3,"DemandMax":null,"Value":1000},{"Length":50,"Height":20,"Demand":2,"DemandMax":null,"Value":1000},{"Length":37,"Height":27,"Demand":2,"DemandMax":null,"Value":999},{"Length":32,"Height":31,"Demand":5,"DemandMax":null,"Value":992},{"Length":45,"Height":22,"Demand":2,"DemandMax":null,"Value":990},{"Length":33,"Height":30,"Demand":2,"DemandMax":null,"Value":990},{"Length":41,"Height":24,"Demand":4,"DemandMax":null,"Value":984},{"Length":39,"Height":25,"Demand":2,"DemandMax":null,"Value":975},{"Length":54,"Height":18,"Demand":1,"DemandMax":null,"Value":972},{"Length":36,"Height":27,"Demand":2,"DemandMax":null,"Value":972},{"Length":51,"Height":19,"Demand":2,"DemandMax":null,"Value":969},{"Length":42,"Height":23,"Demand":3,"DemandMax":null,"Value":966},{"Length":32,"Height":30,"Demand":6,"DemandMax":null,"Value":960},{"Length":33,"Height":29,"Demand":1,"DemandMax":null,"Value":957},{"Length":45,"Height":21,"Demand":4,"DemandMax":null,"Value":945},{"Length":35,"Height":27,"Demand":2,"DemandMax":null,"Value":945},{"Length":41,"Height":23,"Demand":4,"DemandMax":null,"Value":943},{"Length":36,"Height":26,"Demand":5,"DemandMax":null,"Value":936},{"Length":31,"Height":30,"Demand":1,"DemandMax":null,"Value":930},{"Length":32,"Height":29,"Demand":1,"DemandMax":null,"Value":928},{"Length":37,"Height":25,"Demand":4,"DemandMax":null,"Value":925},{"Length":33,"Height":28,"Demand":4,"DemandMax":null,"Value":924},{"Length":42,"Height":22,"Demand":4,"DemandMax":null,"Value":924},{"Length":44,"Height":21,"Demand":5,"DemandMax":null,"Value":924},{"Length":46,"Height":20,"Demand":3,"DemandMax":null,"Value":920},{"Length":34,"Height":27,"Demand":3,"DemandMax":null,"Value":918},{"Length":57,"Height":16,"Demand":2,"DemandMax":null,"Value":912},{"Length":41,"Height":22,"Demand":2,"DemandMax":null,"Value":902},{"Length":36,"Height":25,"Demand":4,"DemandMax":null,"Value":900},{"Length":31,"Height":29,"Demand":4,"DemandMax":null,"Value":899},{"Length":56,"Height":16,"Demand":3,"DemandMax":null,"Value":896},{"Length":32,"Height":28,"Demand":3,"DemandMax":null,"Value":896},{"Length":47,"Height":19,"Demand":2,"DemandMax":null,"Value":893},{"Length":33,"Height":27,"Demand":4,"DemandMax":null,"Value":891},{"Length":34,"Height":26,"Demand":4,"DemandMax":null,"Value":884},{"Length":49,"Height":18,"Demand":4,"DemandMax":null,"Value":882},{"Length":42,"Height":21,"Demand":2,"DemandMax":null,"Value":882},{"Length":44,"Height":20,"Demand":3,"DemandMax":null,"Value":880},{"Length":40,"Height":22,"Demand":4,"DemandMax":null,"Value":880},{"Length":35,"Height":25,"Demand":2,"DemandMax":null,"Value":875},{"Length":38,"Height":23,"Demand":3,"DemandMax":null,"Value":874},{"Length":30,"Height":29,"Demand":2,"DemandMax":null,"Value":870},{"Length":36,"Height":24,"Demand":3,"DemandMax":null,"Value":864},{"Length":32,"Height":27,"Demand":3,"DemandMax":null,"Value":864},{"Length":48,"Height":18,"Demand":2,"DemandMax":null,"Value":864},{"Length":41,"Height":21,"Demand":1,"DemandMax":null,"Value":861},{"Length":43,"Height":20,"Demand":1,"DemandMax":null,"Value":860},{"Length":33,"Height":26,"Demand":2,"DemandMax":null,"Value":858},{"Length":45,"Height":19,"Demand":4,"DemandMax":null,"Value":855},{"Length":37,"Height":23,"Demand":3,"DemandMax":null,"Value":851},{"Length":47,"Height":18,"Demand":2,"DemandMax":null,"Value":846},{"Length":29,"Height":29,"Demand":5,"DemandMax":null,"Value":841},{"Length":35,"Height":24,"Demand":4,"DemandMax":null,"Value":840},{"Length":56,"Height":15,"Demand":1,"DemandMax":null,"Value":840},{"Length":40,"Height":21,"Demand":5,"DemandMax":null,"Value":840},{"Length":30,"Height":28,"Demand":1,"DemandMax":null,"Value":840},{"Length":38,"Height":22,"Demand":3,"DemandMax":null,"Value":836},{"Length":44,"Height":19,"Demand":2,"DemandMax":null,"Value":836},{"Length":32,"Height":26,"Demand":3,"DemandMax":null,"Value":832},{"Length":52,"Height":16,"Demand":1,"DemandMax":null,"Value":832},{"Length":36,"Height":23,"Demand":3,"DemandMax":null,"Value":828},{"Length":33,"Height":25,"Demand":1,"DemandMax":null,"Value":825},{"Length":41,"Height":20,"Demand":2,"DemandMax":null,"Value":820},{"Length":39,"Height":21,"Demand":3,"DemandMax":null,"Value":819},{"Length":43,"Height":19,"Demand":1,"DemandMax":null,"Value":817},{"Length":34,"Height":24,"Demand":2,"DemandMax":null,"Value":816},{"Length":37,"Height":22,"Demand":4,"DemandMax":null,"Value":814},{"Length":30,"Height":27,"Demand":2,"DemandMax":null,"Value":810},{"Length":31,"Height":26,"Demand":2,"DemandMax":null,"Value":806},{"Length":35,"Height":23,"Demand":3,"DemandMax":null,"Value":805},{"Length":40,"Height":20,"Demand":3,"DemandMax":null,"Value":800},{"Length":32,"Height":25,"Demand":4,"DemandMax":null,"Value":800},{"Length":47,"Height":17,"Demand":1,"DemandMax":null,"Value":799},{"Length":57,"Height":14,"Demand":2,"DemandMax":null,"Value":798},{"Length":49,"Height":16,"Demand":3,"DemandMax":null,"Value":784},{"Length":41,"Height":19,"Demand":5,"DemandMax":null,"Value":779},{"Length":43,"Height":18,"Demand":2,"DemandMax":null,"Value":774},{"Length":32,"Height":24,"Demand":1,"DemandMax":null,"Value":768},{"Length":48,"Height":16,"Demand":3,"DemandMax":null,"Value":768},{"Length":59,"Height":13,"Demand":3,"DemandMax":null,"Value":767},{"Length":33,"Height":23,"Demand":2,"DemandMax":null,"Value":759},{"Length":28,"Height":27,"Demand":4,"DemandMax":null,"Value":756},{"Length":42,"Height":18,"Demand":3,"DemandMax":null,"Value":756},{"Length":29,"Height":26,"Demand":1,"DemandMax":null,"Value":754},{"Length":30,"Height":25,"Demand":2,"DemandMax":null,"Value":750},{"Length":34,"Height":22,"Demand":6,"DemandMax":null,"Value":748},{"Length":31,"Height":24,"Demand":2,"DemandMax":null,"Value":744},{"Length":39,"Height":19,"Demand":4,"DemandMax":null,"Value":741},{"Length":37,"Height":20,"Demand":2,"DemandMax":null,"Value":740},{"Length":41,"Height":18,"Demand":2,"DemandMax":null,"Value":738},{"Length":46,"Height":16,"Demand":3,"DemandMax":null,"Value":736},{"Length":49,"Height":15,"Demand":2,"DemandMax":null,"Value":735},{"Length":43,"Height":17,"Demand":2,"DemandMax":null,"Value":731},{"Length":52,"Height":14,"Demand":8,"DemandMax":null,"Value":728},{"Length":33,"Height":22,"Demand":2,"DemandMax":null,"Value":726},{"Length":38,"Height":19,"Demand":1,"DemandMax":null,"Value":722},{"Length":30,"Height":24,"Demand":1,"DemandMax":null,"Value":720},{"Length":36,"Height":20,"Demand":2,"DemandMax":null,"Value":720},{"Length":45,"Height":16,"Demand":3,"DemandMax":null,"Value":720},{"Length":42,"Height":17,"Demand":1,"DemandMax":null,"Value":714},{"Length":31,"Height":23,"Demand":3,"DemandMax":null,"Value":713},{"Length":44,"Height":16,"Demand":3,"DemandMax":null,"Value":704},{"Length":37,"Height":19,"Demand":5,"DemandMax":null,"Value":703},{"Length":27,"Height":26,"Demand":3,"DemandMax":null,"Value":702},{"Length":39,"Height":18,"Demand":2,"DemandMax":null,"Value":702},{"Length":35,"Height":20,"Demand":7,"DemandMax":null,"Value":700},{"Length":28,"Height":25,"Demand":1,"DemandMax":null,"Value":700},{"Length":41,"Height":17,"Demand":2,"DemandMax":null,"Value":697},{"Length":29,"Height":24,"Demand":6,"DemandMax":null,"Value":696},{"Length":33,"Height":21,"Demand":2,"DemandMax":null,"Value":693},{"Length":30,"Height":23,"Demand":5,"DemandMax":null,"Value":690},{"Length":36,"Height":19,"Demand":2,"DemandMax":null,"Value":684},{"Length":31,"Height":22,"Demand":5,"DemandMax":null,"Value":682},{"Length":52,"Height":13,"Demand":4,"DemandMax":null,"Value":676},{"Length":27,"Height":25,"Demand":2,"DemandMax":null,"Value":675},{"Length":28,"Height":24,"Demand":1,"DemandMax":null,"Value":672},{"Length":42,"Height":16,"Demand":4,"DemandMax":null,"Value":672},{"Length":48,"Height":14,"Demand":2,"DemandMax":null,"Value":672},{"Length":29,"Height":23,"Demand":3,"DemandMax":null,"Value":667},{"Length":37,"Height":18,"Demand":3,"DemandMax":null,"Value":666},{"Length":35,"Height":19,"Demand":1,"DemandMax":null,"Value":665},{"Length":39,"Height":17,"Demand":5,"DemandMax":null,"Value":663},{"Length":33,"Height":20,"Demand":5,"DemandMax":null,"Value":660},{"Length":44,"Height":15,"Demand":5,"DemandMax":null,"Value":660},{"Length":27,"Height":24,"Demand":2,"DemandMax":null,"Value":648},{"Length":43,"Height":15,"Demand":3,"DemandMax":null,"Value":645},{"Length":28,"Height":23,"Demand":3,"DemandMax":null,"Value":644},{"Length":40,"Height":16,"Demand":3,"DemandMax":null,"Value":640},{"Length":32,"Height":20,"Demand":5,"DemandMax":null,"Value":640},{"Length":58,"Height":11,"Demand":2,"DemandMax":null,"Value":638},{"Length":29,"Height":22,"Demand":3,"DemandMax":null,"Value":638},{"Length":49,"Height":13,"Demand":2,"DemandMax":null,"Value":637},{"Length":30,"Height":21,"Demand":13,"DemandMax":null,"Value":630},{"Length":35,"Height":18,"Demand":6,"DemandMax":null,"Value":630},{"Length":45,"Height":14,"Demand":3,"DemandMax":null,"Value":630},{"Length":37,"Height":17,"Demand":2,"DemandMax":null,"Value":629},{"Length":57,"Height":11,"Demand":4,"DemandMax":null,"Value":627},{"Length":33,"Height":19,"Demand":6,"DemandMax":null,"Value":627},{"Length":25,"Height":25,"Demand":3,"DemandMax":null,"Value":625},{"Length":39,"Height":16,"Demand":5,"DemandMax":null,"Value":624},{"Length":26,"Height":24,"Demand":3,"DemandMax":null,"Value":624},{"Length":48,"Height":13,"Demand":3,"DemandMax":null,"Value":624},{"Length":28,"Height":22,"Demand":1,"DemandMax":null,"Value":616},{"Length":36,"Height":17,"Demand":2,"DemandMax":null,"Value":612},{"Length":34,"Height":18,"Demand":3,"DemandMax":null,"Value":612},{"Length":29,"Height":21,"Demand":2,"DemandMax":null,"Value":609},{"Length":25,"Height":24,"Demand":2,"DemandMax":null,"Value":600},{"Length":33,"Height":18,"Demand":3,"DemandMax":null,"Value":594},{"Length":37,"Height":16,"Demand":3,"DemandMax":null,"Value":592},{"Length":31,"Height":19,"Demand":1,"DemandMax":null,"Value":589},{"Length":42,"Height":14,"Demand":6,"DemandMax":null,"Value":588},{"Length":39,"Height":15,"Demand":2,"DemandMax":null,"Value":585},{"Length":45,"Height":13,"Demand":3,"DemandMax":null,"Value":585},{"Length":58,"Height":10,"Demand":4,"DemandMax":null,"Value":580},{"Length":34,"Height":17,"Demand":1,"DemandMax":null,"Value":578},{"Length":48,"Height":12,"Demand":1,"DemandMax":null,"Value":576},{"Length":25,"Height":23,"Demand":2,"DemandMax":null,"Value":575},{"Length":26,"Height":22,"Demand":4,"DemandMax":null,"Value":572},{"Length":30,"Height":19,"Demand":1,"DemandMax":null,"Value":570},{"Length":38,"Height":15,"Demand":2,"DemandMax":null,"Value":570},{"Length":27,"Height":21,"Demand":4,"DemandMax":null,"Value":567},{"Length":35,"Height":16,"Demand":5,"DemandMax":null,"Value":560},{"Length":28,"Height":20,"Demand":4,"DemandMax":null,"Value":560},{"Length":31,"Height":18,"Demand":2,"DemandMax":null,"Value":558},{"Length":37,"Height":15,"Demand":2,"DemandMax":null,"Value":555},{"Length":24,"Height":23,"Demand":3,"DemandMax":null,"Value":552},{"Length":29,"Height":19,"Demand":1,"DemandMax":null,"Value":551},{"Length":25,"Height":22,"Demand":4,"DemandMax":null,"Value":550},{"Length":39,"Height":14,"Demand":3,"DemandMax":null,"Value":546},{"Length":26,"Height":21,"Demand":2,"DemandMax":null,"Value":546},{"Length":32,"Height":17,"Demand":4,"DemandMax":null,"Value":544},{"Length":34,"Height":16,"Demand":2,"DemandMax":null,"Value":544},{"Length":27,"Height":20,"Demand":7,"DemandMax":null,"Value":540},{"Length":30,"Height":18,"Demand":3,"DemandMax":null,"Value":540},{"Length":45,"Height":12,"Demand":2,"DemandMax":null,"Value":540},{"Length":41,"Height":13,"Demand":2,"DemandMax":null,"Value":533},{"Length":38,"Height":14,"Demand":4,"DemandMax":null,"Value":532},{"Length":23,"Height":23,"Demand":2,"DemandMax":null,"Value":529},{"Length":48,"Height":11,"Demand":2,"DemandMax":null,"Value":528},{"Length":24,"Height":22,"Demand":4,"DemandMax":null,"Value":528},{"Length":31,"Height":17,"Demand":3,"DemandMax":null,"Value":527},{"Length":35,"Height":15,"Demand":1,"DemandMax":null,"Value":525},{"Length":40,"Height":13,"Demand":3,"DemandMax":null,"Value":520},{"Length":37,"Height":14,"Demand":2,"DemandMax":null,"Value":518},{"Length":47,"Height":11,"Demand":2,"DemandMax":null,"Value":517},{"Length":32,"Height":16,"Demand":3,"DemandMax":null,"Value":512},{"Length":51,"Height":10,"Demand":5,"DemandMax":null,"Value":510},{"Length":46,"Height":11,"Demand":1,"DemandMax":null,"Value":506},{"Length":36,"Height":14,"Demand":1,"DemandMax":null,"Value":504},{"Length":42,"Height":12,"Demand":1,"DemandMax":null,"Value":504},{"Length":25,"Height":20,"Demand":4,"DemandMax":null,"Value":500},{"Length":31,"Height":16,"Demand":2,"DemandMax":null,"Value":496},{"Length":27,"Height":18,"Demand":1,"DemandMax":null,"Value":486},{"Length":23,"Height":21,"Demand":3,"DemandMax":null,"Value":483},{"Length":48,"Height":10,"Demand":2,"DemandMax":null,"Value":480},{"Length":24,"Height":20,"Demand":4,"DemandMax":null,"Value":480},{"Length":30,"Height":16,"Demand":6,"DemandMax":null,"Value":480},{"Length":32,"Height":15,"Demand":6,"DemandMax":null,"Value":480},{"Length":34,"Height":14,"Demand":9,"DemandMax":null,"Value":476},{"Length":28,"Height":17,"Demand":4,"DemandMax":null,"Value":476},{"Length":47,"Height":10,"Demand":5,"DemandMax":null,"Value":470},{"Length":39,"Height":12,"Demand":4,"DemandMax":null,"Value":468},{"Length":31,"Height":15,"Demand":2,"DemandMax":null,"Value":465},{"Length":22,"Height":21,"Demand":4,"DemandMax":null,"Value":462},{"Length":23,"Height":20,"Demand":2,"DemandMax":null,"Value":460},{"Length":27,"Height":17,"Demand":1,"DemandMax":null,"Value":459},{"Length":24,"Height":19,"Demand":3,"DemandMax":null,"Value":456},{"Length":38,"Height":12,"Demand":2,"DemandMax":null,"Value":456},{"Length":30,"Height":15,"Demand":2,"DemandMax":null,"Value":450},{"Length":25,"Height":18,"Demand":1,"DemandMax":null,"Value":450},{"Length":34,"Height":13,"Demand":3,"DemandMax":null,"Value":442},{"Length":24,"Height":18,"Demand":4,"DemandMax":null,"Value":432},{"Length":43,"Height":10,"Demand":2,"DemandMax":null,"Value":430},{"Length":33,"Height":13,"Demand":3,"DemandMax":null,"Value":429},{"Length":25,"Height":17,"Demand":2,"DemandMax":null,"Value":425},{"Length":42,"Height":10,"Demand":3,"DemandMax":null,"Value":420},{"Length":35,"Height":12,"Demand":4,"DemandMax":null,"Value":420},{"Length":30,"Height":14,"Demand":2,"DemandMax":null,"Value":420},{"Length":21,"Height":20,"Demand":3,"DemandMax":null,"Value":420},{"Length":22,"Height":19,"Demand":6,"DemandMax":null,"Value":418},{"Length":32,"Height":13,"Demand":1,"DemandMax":null,"Value":416},{"Length":23,"Height":18,"Demand":1,"DemandMax":null,"Value":414},{"Length":24,"Height":17,"Demand":2,"DemandMax":null,"Value":408},{"Length":27,"Height":15,"Demand":3,"DemandMax":null,"Value":405},{"Length":25,"Height":16,"Demand":4,"DemandMax":null,"Value":400},{"Length":21,"Height":19,"Demand":2,"DemandMax":null,"Value":399},{"Length":33,"Height":12,"Demand":3,"DemandMax":null,"Value":396},{"Length":22,"Height":18,"Demand":5,"DemandMax":null,"Value":396},{"Length":28,"Height":14,"Demand":4,"DemandMax":null,"Value":392},{"Length":26,"Height":15,"Demand":3,"DemandMax":null,"Value":390},{"Length":24,"Height":16,"Demand":1,"DemandMax":null,"Value":384},{"Length":21,"Height":18,"Demand":2,"DemandMax":null,"Value":378},{"Length":31,"Height":12,"Demand":4,"DemandMax":null,"Value":372},{"Length":26,"Height":14,"Demand":4,"DemandMax":null,"Value":364},{"Length":24,"Height":15,"Demand":1,"DemandMax":null,"Value":360},{"Length":20,"Height":18,"Demand":5,"DemandMax":null,"Value":360},{"Length":30,"Height":12,"Demand":6,"DemandMax":null,"Value":360},{"Length":21,"Height":17,"Demand":4,"DemandMax":null,"Value":357},{"Length":32,"Height":11,"Demand":2,"DemandMax":null,"Value":352},{"Length":25,"Height":14,"Demand":3,"DemandMax":null,"Value":350},{"Length":29,"Height":12,"Demand":4,"DemandMax":null,"Value":348},{"Length":34,"Height":10,"Demand":2,"DemandMax":null,"Value":340},{"Length":26,"Height":13,"Demand":4,"DemandMax":null,"Value":338},{"Length":28,"Height":12,"Demand":3,"DemandMax":null,"Value":336},{"Length":21,"Height":16,"Demand":1,"DemandMax":null,"Value":336},{"Length":30,"Height":11,"Demand":6,"DemandMax":null,"Value":330},{"Length":22,"Height":15,"Demand":4,"DemandMax":null,"Value":330},{"Length":19,"Height":17,"Demand":2,"DemandMax":null,"Value":323},{"Length":23,"Height":14,"Demand":4,"DemandMax":null,"Value":322},{"Length":20,"Height":16,"Demand":3,"DemandMax":null,"Value":320},{"Length":26,"Height":12,"Demand":5,"DemandMax":null,"Value":312},{"Length":31,"Height":10,"Demand":4,"DemandMax":null,"Value":310},{"Length":22,"Height":14,"Demand":3,"DemandMax":null,"Value":308},{"Length":18,"Height":17,"Demand":2,"DemandMax":null,"Value":306},{"Length":19,"Height":16,"Demand":1,"DemandMax":null,"Value":304},{"Length":20,"Height":15,"Demand":2,"DemandMax":null,"Value":300},{"Length":30,"Height":10,"Demand":3,"DemandMax":null,"Value":300},{"Length":21,"Height":14,"Demand":2,"DemandMax":null,"Value":294},{"Length":18,"Height":16,"Demand":4,"DemandMax":null,"Value":288},{"Length":22,"Height":13,"Demand":2,"DemandMax":null,"Value":286},{"Length":19,"Height":15,"Demand":4,"DemandMax":null,"Value":285},{"Length":21,"Height":13,"Demand":5,"DemandMax":null,"Value":273},{"Length":17,"Height":16,"Demand":4,"DemandMax":null,"Value":272},{"Length":26,"Height":10,"Demand":2,"DemandMax":null,"Value":260},{"Length":17,"Height":15,"Demand":3,"DemandMax":null,"Value":255},{"Length":18,"Height":14,"Demand":2,"DemandMax":null,"Value":252},{"Length":19,"Height":13,"Demand":2,"DemandMax":null,"Value":247},{"Length":20,"Height":12,"Demand":8,"DemandMax":null,"Value":240},{"Length":24,"Height":10,"Demand":2,"DemandMax":null,"Value":240},{"Length":15,"Height":15,"Demand":7,"DemandMax":null,"Value":225},{"Length":17,"Height":13,"Demand":4,"DemandMax":null,"Value":221},{"Length":18,"Height":12,"Demand":2,"DemandMax":null,"Value":216},{"Length":21,"Height":10,"Demand":2,"DemandMax":null,"Value":210},{"Length":16,"Height":13,"Demand":4,"DemandMax":null,"Value":208},{"Length":15,"Height":13,"Demand":1,"DemandMax":null,"Value":195},{"Length":13,"Height":13,"Demand":3,"DemandMax":null,"Value":169},{"Length":15,"Height":11,"Demand":2,"DemandMax":null,"Value":165},{"Length":13,"Height":12,"Demand":3,"DemandMax":null,"Value":156},{"Length":15,"Height":10,"Demand":4,"DemandMax":null,"Value":150},{"Length":13,"Height":10,"Demand":4,"DemandMax":null,"Value":130},{"Length":12,"Height":10,"Demand":3,"DemandMax":null,"Value":120}]}