{"Name":"MB07_043","Objects":[{"Length":587,"Height":233,"Stock":null,"Cost":136771}],"Items":[{"Length":48,"Height":40,"Demand":103,"DemandMax":null,"Value":1920},{"Length":51,"Height":31,"Demand":130,"DemandMax":null,"Value":1581},{"Length":50,"Height":28,"Demand":101,"DemandMax":null,"Value":1400},{"Length":35,"Height":34,"Demand":107,"DemandMax":null,"Value":1190},{"Length":45,"Height":20,"Demand":102,"DemandMax":null,"Value":900},{"Length":30,"Height":28,"Demand":119,"DemandMax":null,"Value":840},{"Length":42,"Height":19,"Demand":130,"DemandMax":null,"Value":798},{"Length":50,"Height":15,"Demand":112,"DemandMax":null,"Value":750},{"Length":39,"Height":19,"Demand":91,"DemandMax":null,"Value":741},{"Length":28,"Height":20,"Demand":95,"DemandMax":null,"Value":560},{"Length":25,"Height":21,"Demand":95,"DemandMax":null,"Value":525},{"Length":23,"Height":18,"Demand":115,"DemandMax":null,"Value":414}]}