{"Name":"MB07_104","Objects":[{"Length":587,"Height":233,"Stock":null,"Cost":136771}],"Items":[{"Length":58,"Height":48,"Demand":29,"DemandMax":null,"Value":2784},{"Length":54,"Height":48,"Demand":23,"DemandMax":null,"Value":2592},{"Length":59,"Height":40,"Demand":24,"DemandMax":null,"Value":2360},{"Length":51,"Height":39,"Demand":11,"DemandMax":null,"Value":1989},{"Length":58,"Height":33,"Demand":23,"DemandMax":null,"Value":1914},{"Length":46,"Height":41,"Demand":28,"DemandMax":null,"Value":1886},{"Length":49,"Height":37,"Demand":24,"DemandMax":null,"Value":1813},{"Length":50,"Height":35,"Demand":27,"DemandMax":null,"Value":1750},{"Length":51,"Height":34,"Demand":33,"DemandMax":null,"Value":1734},{"Length":59,"Height":29,"Demand":19,"DemandMax":null,"Value":1711},{"Length":47,"Height":32,"Demand":16,"DemandMax":null,"Value":1504},{"Length":39,"Height":38,"Demand":24,"DemandMax":null,"Value":1482},{"Length":48,"Height":28,"Demand":18,"DemandMax":null,"Value":1344},{"Length":48,"Height":26,"Demand":23,"DemandMax":null,"Value":1248},{"Length":46,"Height":25,"Demand":16,"DemandMax":null,"Value":1150},{"Length":50,"Height":23,"Demand":18,"DemandMax":null,"Value":1150},{"Length":49,"Height":23,"Demand":23,"DemandMax":null,"Value":1127},{"Length":37,"Height":30,"Demand":25,"DemandMax":null,"Value":1110},{"Length":58,"Height":19,"Demand":24,"DemandMax":null,"Value":1102},{"Length":33,"Height":33,"Demand":17,"DemandMax":null,"Value":1089},{"Length":54,"Height":20,"Demand":19,"DemandMax":null,"Value":1080},{"Length":43,"Height":25,"Demand":26,"DemandMax":null,"Value":1075},{"Length":36,"Height":28,"Demand":18,"DemandMax":null,"Value":1008},{"Length":37,"Height":25,"Demand":17,"DemandMax":null,"Value":925},{"Length":41,"Height":22,"Demand":22,"DemandMax":null,"Value":902},{"Length":49,"Height":18,"Demand":27,"DemandMax":null,"Value":882},{"Length":30,"Height":29,"Demand":23,"DemandMax":null,"Value":870},{"Length":33,"Height":25,"Demand":17,"DemandMax":null,"Value":825},{"Length":40,"Height":20,"Demand":20,"DemandMax":null,"Value":800},{"Length":31,"Height":25,"Demand":21,"DemandMax":null,"Value":775},{"Length":34,"Height":22,"Demand":21,"DemandMax":null,"Value":748},{"Length":41,"Height":18,"Demand":21,"DemandMax":null,"Value":738},{"Length":46,"Height":16,"Demand":19,"DemandMax":null,"Value":736},{"Length":45,"Height":16,"Demand":20,"DemandMax":null,"Value":720},{"Length":27,"Height":26,"Demand":25,"DemandMax":null,"Value":702},{"Length":33,"Height":20,"Demand":20,"DemandMax":null,"Value":660},{"Length":34,"Height":19,"Demand":16,"DemandMax":null,"Value":646},{"Length":37,"Height":17,"Demand":28,"DemandMax":null,"Value":629},{"Length":34,"Height":17,"Demand":16,"DemandMax":null,"Value":578},{"Length":24,"Height":23,"Demand":20,"DemandMax":null,"Value":552},{"Length":32,"Height":17,"Demand":20,"DemandMax":null,"Value":544},{"Length":45,"Height":12,"Demand":24,"DemandMax":null,"Value":540},{"Length":25,"Height":20,"Demand":15,"DemandMax":null,"Value":500},{"Length":31,"Height":16,"Demand":21,"DemandMax":null,"Value":496},{"Length":29,"Height":17,"Demand":20,"DemandMax":null,"Value":493},{"Length":27,"Height":18,"Demand":24,"DemandMax":null,"Value":486},{"Length":28,"Height":17,"Demand":22,"DemandMax":null,"Value":476},{"Length":26,"Height":18,"Demand":20,"DemandMax":null,"Value":468},{"Length":22,"Height":21,"Demand":26,"DemandMax":null,"Value":462},{"Length":28,"Height":16,"Demand":26,"DemandMax":null,"Value":448},{"Length":23,"Height":19,"Demand":15,"DemandMax":null,"Value":437},{"Length":25,"Height":17,"Demand":30,"DemandMax":null,"Value":425},{"Length":26,"Height":14,"Demand":24,"DemandMax":null,"Value":364},{"Length":24,"Height":15,"Demand":34,"DemandMax":null,"Value":360},{"Length":17,"Height":17,"Demand":23,"DemandMax":null,"Value":289},{"Length":20,"Height":13,"Demand":29,"DemandMax":null,"Value":260},{"Length":16,"Height":15,"Demand":21,"DemandMax":null,"Value":240},{"Length":15,"Height":15,"Demand":23,"DemandMax":null,"Value":225},{"Length":20,"Height":11,"Demand":20,"DemandMax":null,"Value":220}]}