{"Name":"MB08_111","Objects":[{"Length":587,"Height":233,"Stock":null,"Cost":136771}],"Items":[{"Length":59,"Height":45,"Demand":2,"DemandMax":null,"Value":2655},{"Length":54,"Height":49,"Demand":1,"DemandMax":null,"Value":2646},{"Length":52,"Height":49,"Demand":2,"DemandMax":null,"Value":2548},{"Length":57,"Height":44,"Demand":2,"DemandMax":null,"Value":2508},{"Length":59,"Height":42,"Demand":2,"DemandMax":null,"Value":2478},{"Length":58,"Height":42,"Demand":4,"DemandMax":null,"Value":2436},{"Length":57,"Height":40,"Demand":2,"DemandMax":null,"Value":2280},{"Length":60,"Height":38,"Demand":2,"DemandMax":null,"Value":2280},{"Length":50,"Height":45,"Demand":3,"DemandMax":null,"Value":2250},{"Length":59,"Height":38,"Demand":5,"DemandMax":null,"Value":2242},{"Length":57,"Height":39,"Demand":1,"DemandMax":null,"Value":2223},{"Length":48,"Height":46,"Demand":4,"DemandMax":null,"Value":2208},{"Length":49,"Height":45,"Demand":1,"DemandMax":null,"Value":2205},{"Length":50,"Height":44,"Demand":1,"DemandMax":null,"Value":2200},{"Length":52,"Height":42,"Demand":2,"DemandMax":null,"Value":2184},{"Length":56,"Height":39,"Demand":2,"DemandMax":null,"Value":2184},{"Length":59,"Height":37,"Demand":2,"DemandMax":null,"Value":2183},{"Length":49,"Height":44,"Demand":3,"DemandMax":null,"Value":2156},{"Length":56,"Height":38,"Demand":3,"DemandMax":null,"Value":2128},{"Length":46,"Height":46,"Demand":3,"DemandMax":null,"Value":2116},{"Length":57,"Height":37,"Demand":2,"DemandMax":null,"Value":2109},{"Length":54,"Height":39,"Demand":2,"DemandMax":null,"Value":2106},{"Length":51,"Height":41,"Demand":1,"DemandMax":null,"Value":2091},{"Length":51,"Height":40,"Demand":3,"DemandMax":null,"Value":2040},{"Length":60,"Height":34,"Demand":2,"DemandMax":null,"Value":2040},{"Length":55,"Height":37,"Demand":4,"DemandMax":null,"Value":2035},{"Length":52,"Height":39,"Demand":3,"DemandMax":null,"Value":2028},{"Length":51,"Height":39,"Demand":1,"DemandMax":null,"Value":1989},{"Length":45,"Height":44,"Demand":2,"DemandMax":null,"Value":1980},{"Length":47,"Height":42,"Demand":1,"DemandMax":null,"Value":1974},{"Length":48,"Height":41,"Demand":1,"DemandMax":null,"Value":1968},{"Length":49,"Height":40,"Demand":1,"DemandMax":null,"Value":1960},{"Length":51,"Height":38,"Demand":3,"DemandMax":null,"Value":1938},{"Length":47,"Height":41,"Demand":1,"DemandMax":null,"Value":1927},{"Length":52,"Height":37,"Demand":3,"DemandMax":null,"Value":1924},{"Length":58,"Height":33,"Demand":1,"DemandMax":null,"Value":1914},{"Length":53,"Height":36,"Demand":2,"DemandMax":null,"Value":1908},{"Length":50,"Height":38,"Demand":2,"DemandMax":null,"Value":1900},{"Length":46,"Height":41,"Demand":3,"DemandMax":null,"Value":1886},{"Length":48,"Height":39,"Demand":1,"DemandMax":null,"Value":1872},{"Length":55,"Height":34,"Demand":2,"DemandMax":null,"Value":1870},{"Length":49,"Height":38,"Demand":3,"DemandMax":null,"Value":1862},{"Length":53,"Height":35,"Demand":2,"DemandMax":null,"Value":1855},{"Length":46,"Height":40,"Demand":3,"DemandMax":null,"Value":1840},{"Length":51,"Height":36,"Demand":2,"DemandMax":null,"Value":1836},{"Length":55,"Height":33,"Demand":2,"DemandMax":null,"Value":1815},{"Length":49,"Height":37,"Demand":3,"DemandMax":null,"Value":1813},{"Length":43,"Height":42,"Demand":4,"DemandMax":null,"Value":1806},{"Length":45,"Height":40,"Demand":4,"DemandMax":null,"Value":1800},{"Length":51,"Height":35,"Demand":3,"DemandMax":null,"Value":1785},{"Length":59,"Height":30,"Demand":2,"DemandMax":null,"Value":1770},{"Length":49,"Height":36,"Demand":2,"DemandMax":null,"Value":1764},{"Length":44,"Height":40,"Demand":1,"DemandMax":null,"Value":1760},{"Length":46,"Height":38,"Demand":3,"DemandMax":null,"Value":1748},{"Length":58,"Height":30,"Demand":1,"DemandMax":null,"Value":1740},{"Length":47,"Height":37,"Demand":3,"DemandMax":null,"Value":1739},{"Length":48,"Height":36,"Demand":1,"DemandMax":null,"Value":1728},{"Length":44,"Height":39,"Demand":4,"DemandMax":null,"Value":1716},{"Length":57,"Height":30,"Demand":5,"DemandMax":null,"Value":1710},{"Length":45,"Height":38,"Demand":1,"DemandMax":null,"Value":1710},{"Length":46,"Height":37,"Demand":2,"DemandMax":null,"Value":1702},{"Length":47,"Height":36,"Demand":2,"DemandMax":null,"Value":1692},{"Length":42,"Height":40,"Demand":1,"DemandMax":null,"Value":1680},{"Length":45,"Height":37,"Demand":3,"DemandMax":null,"Value":1665},{"Length":41,"Height":40,"Demand":4,"DemandMax":null,"Value":1640},{"Length":43,"Height":38,"Demand":3,"DemandMax":null,"Value":1634},{"Length":58,"Height":28,"Demand":5,"DemandMax":null,"Value":1624},{"Length":45,"Height":36,"Demand":4,"DemandMax":null,"Value":1620},{"Length":52,"Height":31,"Demand":2,"DemandMax":null,"Value":1612},{"Length":46,"Height":35,"Demand":2,"DemandMax":null,"Value":1610},{"Length":40,"Height":40,"Demand":3,"DemandMax":null,"Value":1600},{"Length":41,"Height":39,"Demand":5,"DemandMax":null,"Value":1599},{"Length":53,"Height":30,"Demand":4,"DemandMax":null,"Value":1590},{"Length":48,"Height":33,"Demand":2,"DemandMax":null,"Value":1584},{"Length":51,"Height":31,"Demand":3,"DemandMax":null,"Value":1581},{"Length":56,"Height":28,"Demand":2,"DemandMax":null,"Value":1568},{"Length":49,"Height":32,"Demand":2,"DemandMax":null,"Value":1568},{"Length":54,"Height":29,"Demand":2,"DemandMax":null,"Value":1566},{"Length":41,"Height":38,"Demand":2,"DemandMax":null,"Value":1558},{"Length":47,"Height":33,"Demand":3,"DemandMax":null,"Value":1551},{"Length":50,"Height":31,"Demand":2,"DemandMax":null,"Value":1550},{"Length":39,"Height":39,"Demand":4,"DemandMax":null,"Value":1521},{"Length":46,"Height":33,"Demand":1,"DemandMax":null,"Value":1518},{"Length":41,"Height":37,"Demand":1,"DemandMax":null,"Value":1517},{"Length":54,"Height":28,"Demand":2,"DemandMax":null,"Value":1512},{"Length":42,"Height":36,"Demand":3,"DemandMax":null,"Value":1512},{"Length":56,"Height":27,"Demand":1,"DemandMax":null,"Value":1512},{"Length":43,"Height":35,"Demand":3,"DemandMax":null,"Value":1505},{"Length":47,"Height":32,"Demand":1,"DemandMax":null,"Value":1504},{"Length":48,"Height":31,"Demand":2,"DemandMax":null,"Value":1488},{"Length":53,"Height":28,"Demand":3,"DemandMax":null,"Value":1484},{"Length":39,"Height":38,"Demand":2,"DemandMax":null,"Value":1482},{"Length":40,"Height":37,"Demand":1,"DemandMax":null,"Value":1480},{"Length":51,"Height":29,"Demand":5,"DemandMax":null,"Value":1479},{"Length":41,"Height":36,"Demand":4,"DemandMax":null,"Value":1476},{"Length":54,"Height":27,"Demand":2,"DemandMax":null,"Value":1458},{"Length":47,"Height":31,"Demand":2,"DemandMax":null,"Value":1457},{"Length":44,"Height":33,"Demand":3,"DemandMax":null,"Value":1452},{"Length":50,"Height":29,"Demand":1,"DemandMax":null,"Value":1450},{"Length":60,"Height":24,"Demand":3,"DemandMax":null,"Value":1440},{"Length":40,"Height":36,"Demand":2,"DemandMax":null,"Value":1440},{"Length":48,"Height":30,"Demand":2,"DemandMax":null,"Value":1440},{"Length":41,"Height":35,"Demand":4,"DemandMax":null,"Value":1435},{"Length":46,"Height":31,"Demand":2,"DemandMax":null,"Value":1426},{"Length":43,"Height":33,"Demand":2,"DemandMax":null,"Value":1419},{"Length":47,"Height":30,"Demand":2,"DemandMax":null,"Value":1410},{"Length":38,"Height":37,"Demand":3,"DemandMax":null,"Value":1406},{"Length":39,"Height":36,"Demand":2,"DemandMax":null,"Value":1404},{"Length":50,"Height":28,"Demand":3,"DemandMax":null,"Value":1400},{"Length":40,"Height":35,"Demand":2,"DemandMax":null,"Value":1400},{"Length":45,"Height":31,"Demand":5,"DemandMax":null,"Value":1395},{"Length":41,"Height":34,"Demand":3,"DemandMax":null,"Value":1394},{"Length":48,"Height":29,"Demand":3,"DemandMax":null,"Value":1392},{"Length":58,"Height":24,"Demand":2,"DemandMax":null,"Value":1392},{"Length":42,"Height":33,"Demand":2,"DemandMax":null,"Value":1386},{"Length":49,"Height":28,"Demand":1,"DemandMax":null,"Value":1372},{"Length":37,"Height":37,"Demand":3,"DemandMax":null,"Value":1369},{"Length":39,"Height":35,"Demand":4,"DemandMax":null,"Value":1365},{"Length":47,"Height":29,"Demand":5,"DemandMax":null,"Value":1363},{"Length":59,"Height":23,"Demand":3,"DemandMax":null,"Value":1357},{"Length":41,"Height":33,"Demand":3,"DemandMax":null,"Value":1353},{"Length":52,"Height":26,"Demand":2,"DemandMax":null,"Value":1352},{"Length":54,"Height":25,"Demand":3,"DemandMax":null,"Value":1350},{"Length":45,"Height":30,"Demand":2,"DemandMax":null,"Value":1350},{"Length":37,"Height":36,"Demand":4,"DemandMax":null,"Value":1332},{"Length":38,"Height":35,"Demand":3,"DemandMax":null,"Value":1330},{"Length":39,"Height":34,"Demand":2,"DemandMax":null,"Value":1326},{"Length":55,"Height":24,"Demand":2,"DemandMax":null,"Value":1320},{"Length":40,"Height":33,"Demand":2,"DemandMax":null,"Value":1320},{"Length":47,"Height":28,"Demand":2,"DemandMax":null,"Value":1316},{"Length":45,"Height":29,"Demand":1,"DemandMax":null,"Value":1305},{"Length":50,"Height":26,"Demand":1,"DemandMax":null,"Value":1300},{"Length":36,"Height":36,"Demand":4,"DemandMax":null,"Value":1296},{"Length":43,"Height":30,"Demand":2,"DemandMax":null,"Value":1290},{"Length":46,"Height":28,"Demand":2,"DemandMax":null,"Value":1288},{"Length":56,"Height":23,"Demand":5,"DemandMax":null,"Value":1288},{"Length":40,"Height":32,"Demand":2,"DemandMax":null,"Value":1280},{"Length":44,"Height":29,"Demand":3,"DemandMax":null,"Value":1276},{"Length":53,"Height":24,"Demand":4,"DemandMax":null,"Value":1272},{"Length":41,"Height":31,"Demand":1,"DemandMax":null,"Value":1271},{"Length":47,"Height":27,"Demand":2,"DemandMax":null,"Value":1269},{"Length":45,"Height":28,"Demand":2,"DemandMax":null,"Value":1260},{"Length":42,"Height":30,"Demand":4,"DemandMax":null,"Value":1260},{"Length":37,"Height":34,"Demand":1,"DemandMax":null,"Value":1258},{"Length":38,"Height":33,"Demand":3,"DemandMax":null,"Value":1254},{"Length":48,"Height":26,"Demand":5,"DemandMax":null,"Value":1248},{"Length":52,"Height":24,"Demand":2,"DemandMax":null,"Value":1248},{"Length":39,"Height":32,"Demand":8,"DemandMax":null,"Value":1248},{"Length":46,"Height":27,"Demand":2,"DemandMax":null,"Value":1242},{"Length":40,"Height":31,"Demand":1,"DemandMax":null,"Value":1240},{"Length":59,"Height":21,"Demand":2,"DemandMax":null,"Value":1239},{"Length":56,"Height":22,"Demand":1,"DemandMax":null,"Value":1232},{"Length":49,"Height":25,"Demand":1,"DemandMax":null,"Value":1225},{"Length":36,"Height":34,"Demand":7,"DemandMax":null,"Value":1224},{"Length":51,"Height":24,"Demand":3,"DemandMax":null,"Value":1224},{"Length":37,"Height":33,"Demand":4,"DemandMax":null,"Value":1221},{"Length":42,"Height":29,"Demand":7,"DemandMax":null,"Value":1218},{"Length":38,"Height":32,"Demand":4,"DemandMax":null,"Value":1216},{"Length":45,"Height":27,"Demand":5,"DemandMax":null,"Value":1215},{"Length":35,"Height":34,"Demand":2,"DemandMax":null,"Value":1190},{"Length":44,"Height":27,"Demand":4,"DemandMax":null,"Value":1188},{"Length":38,"Height":31,"Demand":2,"DemandMax":null,"Value":1178},{"Length":42,"Height":28,"Demand":3,"DemandMax":null,"Value":1176},{"Length":47,"Height":25,"Demand":3,"DemandMax":null,"Value":1175},{"Length":43,"Height":27,"Demand":5,"DemandMax":null,"Value":1161},{"Length":35,"Height":33,"Demand":3,"DemandMax":null,"Value":1155},{"Length":36,"Height":32,"Demand":2,"DemandMax":null,"Value":1152},{"Length":48,"Height":24,"Demand":3,"DemandMax":null,"Value":1152},{"Length":41,"Height":28,"Demand":1,"DemandMax":null,"Value":1148},{"Length":37,"Height":31,"Demand":2,"DemandMax":null,"Value":1147},{"Length":44,"Height":26,"Demand":3,"DemandMax":null,"Value":1144},{"Length":38,"Height":30,"Demand":4,"DemandMax":null,"Value":1140},{"Length":49,"Height":23,"Demand":1,"DemandMax":null,"Value":1127},{"Length":51,"Height":22,"Demand":3,"DemandMax":null,"Value":1122},{"Length":34,"Height":33,"Demand":1,"DemandMax":null,"Value":1122},{"Length":40,"Height":28,"Demand":2,"DemandMax":null,"Value":1120},{"Length":56,"Height":20,"Demand":1,"DemandMax":null,"Value":1120},{"Length":43,"Height":26,"Demand":3,"DemandMax":null,"Value":1118},{"Length":36,"Height":31,"Demand":5,"DemandMax":null,"Value":1116},{"Length":37,"Height":30,"Demand":2,"DemandMax":null,"Value":1110},{"Length":41,"Height":27,"Demand":4,"DemandMax":null,"Value":1107},{"Length":58,"Height":19,"Demand":3,"DemandMax":null,"Value":1102},{"Length":38,"Height":29,"Demand":1,"DemandMax":null,"Value":1102},{"Length":44,"Height":25,"Demand":3,"DemandMax":null,"Value":1100},{"Length":52,"Height":21,"Demand":1,"DemandMax":null,"Value":1092},{"Length":39,"Height":28,"Demand":2,"DemandMax":null,"Value":1092},{"Length":34,"Height":32,"Demand":1,"DemandMax":null,"Value":1088},{"Length":47,"Height":23,"Demand":4,"DemandMax":null,"Value":1081},{"Length":40,"Height":27,"Demand":1,"DemandMax":null,"Value":1080},{"Length":36,"Height":30,"Demand":2,"DemandMax":null,"Value":1080},{"Length":54,"Height":20,"Demand":4,"DemandMax":null,"Value":1080},{"Length":49,"Height":22,"Demand":2,"DemandMax":null,"Value":1078},{"Length":37,"Height":29,"Demand":1,"DemandMax":null,"Value":1073},{"Length":56,"Height":19,"Demand":3,"DemandMax":null,"Value":1064},{"Length":38,"Height":28,"Demand":1,"DemandMax":null,"Value":1064},{"Length":53,"Height":20,"Demand":2,"DemandMax":null,"Value":1060},{"Length":46,"Height":23,"Demand":5,"DemandMax":null,"Value":1058},{"Length":48,"Height":22,"Demand":5,"DemandMax":null,"Value":1056},{"Length":33,"Height":32,"Demand":4,"DemandMax":null,"Value":1056},{"Length":39,"Height":27,"Demand":3,"DemandMax":null,"Value":1053},{"Length":35,"Height":30,"Demand":5,"DemandMax":null,"Value":1050},{"Length":58,"Height":18,"Demand":2,"DemandMax":null,"Value":1044},{"Length":36,"Height":29,"Demand":3,"DemandMax":null,"Value":1044},{"Length":40,"Height":26,"Demand":3,"DemandMax":null,"Value":1040},{"Length":37,"Height":28,"Demand":1,"DemandMax":null,"Value":1036},{"Length":47,"Height":22,"Demand":6,"DemandMax":null,"Value":1034},{"Length":43,"Height":24,"Demand":2,"DemandMax":null,"Value":1032},{"Length":38,"Height":27,"Demand":4,"DemandMax":null,"Value":1026},{"Length":41,"Height":25,"Demand":1,"DemandMax":null,"Value":1025},{"Length":34,"Height":30,"Demand":3,"DemandMax":null,"Value":1020},{"Length":39,"Height":26,"Demand":2,"DemandMax":null,"Value":1014},{"Length":44,"Height":23,"Demand":5,"DemandMax":null,"Value":1012},{"Length":46,"Height":22,"Demand":1,"DemandMax":null,"Value":1012},{"Length":56,"Height":18,"Demand":2,"DemandMax":null,"Value":1008},{"Length":59,"Height":17,"Demand":3,"DemandMax":null,"Value":1003},{"Length":45,"Height":22,"Demand":6,"DemandMax":null,"Value":990},{"Length":33,"Height":30,"Demand":5,"DemandMax":null,"Value":990},{"Length":43,"Height":23,"Demand":2,"DemandMax":null,"Value":989},{"Length":34,"Height":29,"Demand":2,"DemandMax":null,"Value":986},{"Length":58,"Height":17,"Demand":2,"DemandMax":null,"Value":986},{"Length":35,"Height":28,"Demand":4,"DemandMax":null,"Value":980},{"Length":39,"Height":25,"Demand":2,"DemandMax":null,"Value":975},{"Length":36,"Height":27,"Demand":4,"DemandMax":null,"Value":972},{"Length":44,"Height":22,"Demand":3,"DemandMax":null,"Value":968},{"Length":46,"Height":21,"Demand":1,"DemandMax":null,"Value":966},{"Length":37,"Height":26,"Demand":2,"DemandMax":null,"Value":962},{"Length":40,"Height":24,"Demand":2,"DemandMax":null,"Value":960},{"Length":33,"Height":29,"Demand":2,"DemandMax":null,"Value":957},{"Length":38,"Height":25,"Demand":2,"DemandMax":null,"Value":950},{"Length":35,"Height":27,"Demand":1,"DemandMax":null,"Value":945},{"Length":45,"Height":21,"Demand":2,"DemandMax":null,"Value":945},{"Length":41,"Height":23,"Demand":5,"DemandMax":null,"Value":943},{"Length":39,"Height":24,"Demand":2,"DemandMax":null,"Value":936},{"Length":49,"Height":19,"Demand":2,"DemandMax":null,"Value":931},{"Length":32,"Height":29,"Demand":2,"DemandMax":null,"Value":928},{"Length":42,"Height":22,"Demand":6,"DemandMax":null,"Value":924},{"Length":44,"Height":21,"Demand":3,"DemandMax":null,"Value":924},{"Length":33,"Height":28,"Demand":4,"DemandMax":null,"Value":924},{"Length":46,"Height":20,"Demand":3,"DemandMax":null,"Value":920},{"Length":48,"Height":19,"Demand":4,"DemandMax":null,"Value":912},{"Length":43,"Height":21,"Demand":2,"DemandMax":null,"Value":903},{"Length":41,"Height":22,"Demand":4,"DemandMax":null,"Value":902},{"Length":45,"Height":20,"Demand":7,"DemandMax":null,"Value":900},{"Length":60,"Height":15,"Demand":2,"DemandMax":null,"Value":900},{"Length":36,"Height":25,"Demand":2,"DemandMax":null,"Value":900},{"Length":50,"Height":18,"Demand":2,"DemandMax":null,"Value":900},{"Length":31,"Height":29,"Demand":3,"DemandMax":null,"Value":899},{"Length":56,"Height":16,"Demand":2,"DemandMax":null,"Value":896},{"Length":32,"Height":28,"Demand":2,"DemandMax":null,"Value":896},{"Length":47,"Height":19,"Demand":4,"DemandMax":null,"Value":893},{"Length":33,"Height":27,"Demand":4,"DemandMax":null,"Value":891},{"Length":37,"Height":24,"Demand":2,"DemandMax":null,"Value":888},{"Length":49,"Height":18,"Demand":2,"DemandMax":null,"Value":882},{"Length":44,"Height":20,"Demand":2,"DemandMax":null,"Value":880},{"Length":40,"Height":22,"Demand":3,"DemandMax":null,"Value":880},{"Length":58,"Height":15,"Demand":2,"DemandMax":null,"Value":870},{"Length":30,"Height":29,"Demand":2,"DemandMax":null,"Value":870},{"Length":31,"Height":28,"Demand":2,"DemandMax":null,"Value":868},{"Length":36,"Height":24,"Demand":2,"DemandMax":null,"Value":864},{"Length":32,"Height":27,"Demand":4,"DemandMax":null,"Value":864},{"Length":43,"Height":20,"Demand":3,"DemandMax":null,"Value":860},{"Length":33,"Height":26,"Demand":6,"DemandMax":null,"Value":858},{"Length":39,"Height":22,"Demand":2,"DemandMax":null,"Value":858},{"Length":53,"Height":16,"Demand":3,"DemandMax":null,"Value":848},{"Length":47,"Height":18,"Demand":3,"DemandMax":null,"Value":846},{"Length":30,"Height":28,"Demand":3,"DemandMax":null,"Value":840},{"Length":42,"Height":20,"Demand":2,"DemandMax":null,"Value":840},{"Length":35,"Height":24,"Demand":2,"DemandMax":null,"Value":840},{"Length":38,"Height":22,"Demand":3,"DemandMax":null,"Value":836},{"Length":32,"Height":26,"Demand":1,"DemandMax":null,"Value":832},{"Length":46,"Height":18,"Demand":2,"DemandMax":null,"Value":828},{"Length":59,"Height":14,"Demand":4,"DemandMax":null,"Value":826},{"Length":55,"Height":15,"Demand":3,"DemandMax":null,"Value":825},{"Length":33,"Height":25,"Demand":4,"DemandMax":null,"Value":825},{"Length":39,"Height":21,"Demand":2,"DemandMax":null,"Value":819},{"Length":43,"Height":19,"Demand":3,"DemandMax":null,"Value":817},{"Length":34,"Height":24,"Demand":2,"DemandMax":null,"Value":816},{"Length":37,"Height":22,"Demand":1,"DemandMax":null,"Value":814},{"Length":30,"Height":27,"Demand":3,"DemandMax":null,"Value":810},{"Length":54,"Height":15,"Demand":4,"DemandMax":null,"Value":810},{"Length":35,"Height":23,"Demand":3,"DemandMax":null,"Value":805},{"Length":50,"Height":16,"Demand":1,"DemandMax":null,"Value":800},{"Length":32,"Height":25,"Demand":2,"DemandMax":null,"Value":800},{"Length":42,"Height":19,"Demand":2,"DemandMax":null,"Value":798},{"Length":57,"Height":14,"Demand":3,"DemandMax":null,"Value":798},{"Length":36,"Height":22,"Demand":3,"DemandMax":null,"Value":792},{"Length":49,"Height":16,"Demand":1,"DemandMax":null,"Value":784},{"Length":28,"Height":28,"Demand":3,"DemandMax":null,"Value":784},{"Length":29,"Height":27,"Demand":3,"DemandMax":null,"Value":783},{"Length":34,"Height":23,"Demand":3,"DemandMax":null,"Value":782},{"Length":30,"Height":26,"Demand":2,"DemandMax":null,"Value":780},{"Length":60,"Height":13,"Demand":2,"DemandMax":null,"Value":780},{"Length":41,"Height":19,"Demand":1,"DemandMax":null,"Value":779},{"Length":43,"Height":18,"Demand":2,"DemandMax":null,"Value":774},{"Length":32,"Height":24,"Demand":5,"DemandMax":null,"Value":768},{"Length":48,"Height":16,"Demand":3,"DemandMax":null,"Value":768},{"Length":51,"Height":15,"Demand":1,"DemandMax":null,"Value":765},{"Length":38,"Height":20,"Demand":3,"DemandMax":null,"Value":760},{"Length":40,"Height":19,"Demand":1,"DemandMax":null,"Value":760},{"Length":42,"Height":18,"Demand":2,"DemandMax":null,"Value":756},{"Length":54,"Height":14,"Demand":3,"DemandMax":null,"Value":756},{"Length":29,"Height":26,"Demand":3,"DemandMax":null,"Value":754},{"Length":34,"Height":22,"Demand":1,"DemandMax":null,"Value":748},{"Length":31,"Height":24,"Demand":4,"DemandMax":null,"Value":744},{"Length":57,"Height":13,"Demand":2,"DemandMax":null,"Value":741},{"Length":37,"Height":20,"Demand":2,"DemandMax":null,"Value":740},{"Length":32,"Height":23,"Demand":1,"DemandMax":null,"Value":736},{"Length":35,"Height":21,"Demand":6,"DemandMax":null,"Value":735},{"Length":49,"Height":15,"Demand":5,"DemandMax":null,"Value":735},{"Length":43,"Height":17,"Demand":1,"DemandMax":null,"Value":731},{"Length":27,"Height":27,"Demand":4,"DemandMax":null,"Value":729},{"Length":52,"Height":14,"Demand":3,"DemandMax":null,"Value":728},{"Length":38,"Height":19,"Demand":1,"DemandMax":null,"Value":722},{"Length":48,"Height":15,"Demand":4,"DemandMax":null,"Value":720},{"Length":40,"Height":18,"Demand":5,"DemandMax":null,"Value":720},{"Length":55,"Height":13,"Demand":2,"DemandMax":null,"Value":715},{"Length":34,"Height":21,"Demand":3,"DemandMax":null,"Value":714},{"Length":42,"Height":17,"Demand":2,"DemandMax":null,"Value":714},{"Length":31,"Height":23,"Demand":2,"DemandMax":null,"Value":713},{"Length":59,"Height":12,"Demand":6,"DemandMax":null,"Value":708},{"Length":47,"Height":15,"Demand":3,"DemandMax":null,"Value":705},{"Length":32,"Height":22,"Demand":3,"DemandMax":null,"Value":704},{"Length":37,"Height":19,"Demand":3,"DemandMax":null,"Value":703},{"Length":39,"Height":18,"Demand":5,"DemandMax":null,"Value":702},{"Length":27,"Height":26,"Demand":1,"DemandMax":null,"Value":702},{"Length":35,"Height":20,"Demand":9,"DemandMax":null,"Value":700},{"Length":28,"Height":25,"Demand":1,"DemandMax":null,"Value":700},{"Length":41,"Height":17,"Demand":4,"DemandMax":null,"Value":697},{"Length":33,"Height":21,"Demand":2,"DemandMax":null,"Value":693},{"Length":30,"Height":23,"Demand":3,"DemandMax":null,"Value":690},{"Length":46,"Height":15,"Demand":1,"DemandMax":null,"Value":690},{"Length":43,"Height":16,"Demand":2,"DemandMax":null,"Value":688},{"Length":49,"Height":14,"Demand":1,"DemandMax":null,"Value":686},{"Length":36,"Height":19,"Demand":2,"DemandMax":null,"Value":684},{"Length":38,"Height":18,"Demand":3,"DemandMax":null,"Value":684},{"Length":34,"Height":20,"Demand":5,"DemandMax":null,"Value":680},{"Length":40,"Height":17,"Demand":2,"DemandMax":null,"Value":680},{"Length":45,"Height":15,"Demand":3,"DemandMax":null,"Value":675},{"Length":32,"Height":21,"Demand":1,"DemandMax":null,"Value":672},{"Length":48,"Height":14,"Demand":2,"DemandMax":null,"Value":672},{"Length":28,"Height":24,"Demand":5,"DemandMax":null,"Value":672},{"Length":37,"Height":18,"Demand":5,"DemandMax":null,"Value":666},{"Length":39,"Height":17,"Demand":2,"DemandMax":null,"Value":663},{"Length":30,"Height":22,"Demand":2,"DemandMax":null,"Value":660},{"Length":55,"Height":12,"Demand":2,"DemandMax":null,"Value":660},{"Length":31,"Height":21,"Demand":4,"DemandMax":null,"Value":651},{"Length":26,"Height":25,"Demand":5,"DemandMax":null,"Value":650},{"Length":50,"Height":13,"Demand":2,"DemandMax":null,"Value":650},{"Length":59,"Height":11,"Demand":3,"DemandMax":null,"Value":649},{"Length":36,"Height":18,"Demand":2,"DemandMax":null,"Value":648},{"Length":27,"Height":24,"Demand":3,"DemandMax":null,"Value":648},{"Length":28,"Height":23,"Demand":3,"DemandMax":null,"Value":644},{"Length":40,"Height":16,"Demand":2,"DemandMax":null,"Value":640},{"Length":32,"Height":20,"Demand":5,"DemandMax":null,"Value":640},{"Length":29,"Height":22,"Demand":3,"DemandMax":null,"Value":638},{"Length":49,"Height":13,"Demand":1,"DemandMax":null,"Value":637},{"Length":30,"Height":21,"Demand":8,"DemandMax":null,"Value":630},{"Length":42,"Height":15,"Demand":4,"DemandMax":null,"Value":630},{"Length":37,"Height":17,"Demand":4,"DemandMax":null,"Value":629},{"Length":33,"Height":19,"Demand":1,"DemandMax":null,"Value":627},{"Length":57,"Height":11,"Demand":2,"DemandMax":null,"Value":627},{"Length":26,"Height":24,"Demand":4,"DemandMax":null,"Value":624},{"Length":48,"Height":13,"Demand":2,"DemandMax":null,"Value":624},{"Length":31,"Height":20,"Demand":5,"DemandMax":null,"Value":620},{"Length":28,"Height":22,"Demand":2,"DemandMax":null,"Value":616},{"Length":41,"Height":15,"Demand":3,"DemandMax":null,"Value":615},{"Length":36,"Height":17,"Demand":3,"DemandMax":null,"Value":612},{"Length":51,"Height":12,"Demand":2,"DemandMax":null,"Value":612},{"Length":47,"Height":13,"Demand":1,"DemandMax":null,"Value":611},{"Length":29,"Height":21,"Demand":6,"DemandMax":null,"Value":609},{"Length":30,"Height":20,"Demand":5,"DemandMax":null,"Value":600},{"Length":25,"Height":24,"Demand":4,"DemandMax":null,"Value":600},{"Length":46,"Height":13,"Demand":1,"DemandMax":null,"Value":598},{"Length":26,"Height":23,"Demand":2,"DemandMax":null,"Value":598},{"Length":35,"Height":17,"Demand":2,"DemandMax":null,"Value":595},{"Length":54,"Height":11,"Demand":6,"DemandMax":null,"Value":594},{"Length":27,"Height":22,"Demand":5,"DemandMax":null,"Value":594},{"Length":31,"Height":19,"Demand":3,"DemandMax":null,"Value":589},{"Length":49,"Height":12,"Demand":1,"DemandMax":null,"Value":588},{"Length":42,"Height":14,"Demand":3,"DemandMax":null,"Value":588},{"Length":28,"Height":21,"Demand":3,"DemandMax":null,"Value":588},{"Length":39,"Height":15,"Demand":5,"DemandMax":null,"Value":585},{"Length":34,"Height":17,"Demand":2,"DemandMax":null,"Value":578},{"Length":32,"Height":18,"Demand":3,"DemandMax":null,"Value":576},{"Length":26,"Height":22,"Demand":2,"DemandMax":null,"Value":572},{"Length":38,"Height":15,"Demand":3,"DemandMax":null,"Value":570},{"Length":30,"Height":19,"Demand":3,"DemandMax":null,"Value":570},{"Length":27,"Height":21,"Demand":2,"DemandMax":null,"Value":567},{"Length":33,"Height":17,"Demand":2,"DemandMax":null,"Value":561},{"Length":35,"Height":16,"Demand":10,"DemandMax":null,"Value":560},{"Length":40,"Height":14,"Demand":10,"DemandMax":null,"Value":560},{"Length":28,"Height":20,"Demand":1,"DemandMax":null,"Value":560},{"Length":43,"Height":13,"Demand":6,"DemandMax":null,"Value":559},{"Length":37,"Height":15,"Demand":2,"DemandMax":null,"Value":555},{"Length":29,"Height":19,"Demand":1,"DemandMax":null,"Value":551},{"Length":25,"Height":22,"Demand":1,"DemandMax":null,"Value":550},{"Length":39,"Height":14,"Demand":4,"DemandMax":null,"Value":546},{"Length":34,"Height":16,"Demand":5,"DemandMax":null,"Value":544},{"Length":32,"Height":17,"Demand":2,"DemandMax":null,"Value":544},{"Length":36,"Height":15,"Demand":2,"DemandMax":null,"Value":540},{"Length":45,"Height":12,"Demand":1,"DemandMax":null,"Value":540},{"Length":28,"Height":19,"Demand":2,"DemandMax":null,"Value":532},{"Length":53,"Height":10,"Demand":1,"DemandMax":null,"Value":530},{"Length":24,"Height":22,"Demand":5,"DemandMax":null,"Value":528},{"Length":33,"Height":16,"Demand":6,"DemandMax":null,"Value":528},{"Length":31,"Height":17,"Demand":3,"DemandMax":null,"Value":527},{"Length":25,"Height":21,"Demand":2,"DemandMax":null,"Value":525},{"Length":29,"Height":18,"Demand":3,"DemandMax":null,"Value":522},{"Length":40,"Height":13,"Demand":2,"DemandMax":null,"Value":520},{"Length":27,"Height":19,"Demand":4,"DemandMax":null,"Value":513},{"Length":32,"Height":16,"Demand":2,"DemandMax":null,"Value":512},{"Length":30,"Height":17,"Demand":4,"DemandMax":null,"Value":510},{"Length":34,"Height":15,"Demand":3,"DemandMax":null,"Value":510},{"Length":39,"Height":13,"Demand":2,"DemandMax":null,"Value":507},{"Length":46,"Height":11,"Demand":5,"DemandMax":null,"Value":506},{"Length":23,"Height":22,"Demand":7,"DemandMax":null,"Value":506},{"Length":24,"Height":21,"Demand":2,"DemandMax":null,"Value":504},{"Length":28,"Height":18,"Demand":3,"DemandMax":null,"Value":504},{"Length":25,"Height":20,"Demand":3,"DemandMax":null,"Value":500},{"Length":31,"Height":16,"Demand":2,"DemandMax":null,"Value":496},{"Length":33,"Height":15,"Demand":3,"DemandMax":null,"Value":495},{"Length":45,"Height":11,"Demand":3,"DemandMax":null,"Value":495},{"Length":26,"Height":19,"Demand":3,"DemandMax":null,"Value":494},{"Length":38,"Height":13,"Demand":4,"DemandMax":null,"Value":494},{"Length":29,"Height":17,"Demand":4,"DemandMax":null,"Value":493},{"Length":49,"Height":10,"Demand":2,"DemandMax":null,"Value":490},{"Length":27,"Height":18,"Demand":3,"DemandMax":null,"Value":486},{"Length":44,"Height":11,"Demand":4,"DemandMax":null,"Value":484},{"Length":37,"Height":13,"Demand":2,"DemandMax":null,"Value":481},{"Length":30,"Height":16,"Demand":2,"DemandMax":null,"Value":480},{"Length":25,"Height":19,"Demand":4,"DemandMax":null,"Value":475},{"Length":26,"Height":18,"Demand":1,"DemandMax":null,"Value":468},{"Length":39,"Height":12,"Demand":2,"DemandMax":null,"Value":468},{"Length":31,"Height":15,"Demand":3,"DemandMax":null,"Value":465},{"Length":33,"Height":14,"Demand":2,"DemandMax":null,"Value":462},{"Length":27,"Height":17,"Demand":2,"DemandMax":null,"Value":459},{"Length":35,"Height":13,"Demand":3,"DemandMax":null,"Value":455},{"Length":41,"Height":11,"Demand":2,"DemandMax":null,"Value":451},{"Length":30,"Height":15,"Demand":7,"DemandMax":null,"Value":450},{"Length":45,"Height":10,"Demand":1,"DemandMax":null,"Value":450},{"Length":32,"Height":14,"Demand":2,"DemandMax":null,"Value":448},{"Length":28,"Height":16,"Demand":3,"DemandMax":null,"Value":448},{"Length":34,"Height":13,"Demand":4,"DemandMax":null,"Value":442},{"Length":40,"Height":11,"Demand":2,"DemandMax":null,"Value":440},{"Length":23,"Height":19,"Demand":3,"DemandMax":null,"Value":437},{"Length":29,"Height":15,"Demand":3,"DemandMax":null,"Value":435},{"Length":27,"Height":16,"Demand":1,"DemandMax":null,"Value":432},{"Length":33,"Height":13,"Demand":1,"DemandMax":null,"Value":429},{"Length":25,"Height":17,"Demand":4,"DemandMax":null,"Value":425},{"Length":21,"Height":20,"Demand":3,"DemandMax":null,"Value":420},{"Length":28,"Height":15,"Demand":4,"DemandMax":null,"Value":420},{"Length":35,"Height":12,"Demand":4,"DemandMax":null,"Value":420},{"Length":22,"Height":19,"Demand":2,"DemandMax":null,"Value":418},{"Length":26,"Height":16,"Demand":9,"DemandMax":null,"Value":416},{"Length":32,"Height":13,"Demand":8,"DemandMax":null,"Value":416},{"Length":23,"Height":18,"Demand":1,"DemandMax":null,"Value":414},{"Length":27,"Height":15,"Demand":1,"DemandMax":null,"Value":405},{"Length":20,"Height":20,"Demand":3,"DemandMax":null,"Value":400},{"Length":21,"Height":19,"Demand":4,"DemandMax":null,"Value":399},{"Length":22,"Height":18,"Demand":3,"DemandMax":null,"Value":396},{"Length":28,"Height":14,"Demand":3,"DemandMax":null,"Value":392},{"Length":23,"Height":17,"Demand":1,"DemandMax":null,"Value":391},{"Length":30,"Height":13,"Demand":3,"DemandMax":null,"Value":390},{"Length":39,"Height":10,"Demand":4,"DemandMax":null,"Value":390},{"Length":35,"Height":11,"Demand":2,"DemandMax":null,"Value":385},{"Length":20,"Height":19,"Demand":1,"DemandMax":null,"Value":380},{"Length":25,"Height":15,"Demand":3,"DemandMax":null,"Value":375},{"Length":22,"Height":17,"Demand":1,"DemandMax":null,"Value":374},{"Length":23,"Height":16,"Demand":1,"DemandMax":null,"Value":368},{"Length":26,"Height":14,"Demand":2,"DemandMax":null,"Value":364},{"Length":19,"Height":19,"Demand":3,"DemandMax":null,"Value":361},{"Length":20,"Height":18,"Demand":1,"DemandMax":null,"Value":360},{"Length":30,"Height":12,"Demand":1,"DemandMax":null,"Value":360},{"Length":23,"Height":15,"Demand":1,"DemandMax":null,"Value":345},{"Length":19,"Height":18,"Demand":1,"DemandMax":null,"Value":342},{"Length":20,"Height":17,"Demand":1,"DemandMax":null,"Value":340},{"Length":24,"Height":14,"Demand":3,"DemandMax":null,"Value":336},{"Length":21,"Height":16,"Demand":3,"DemandMax":null,"Value":336},{"Length":30,"Height":11,"Demand":2,"DemandMax":null,"Value":330},{"Length":27,"Height":12,"Demand":2,"DemandMax":null,"Value":324},{"Length":19,"Height":17,"Demand":3,"DemandMax":null,"Value":323},{"Length":23,"Height":14,"Demand":2,"DemandMax":null,"Value":322},{"Length":20,"Height":16,"Demand":1,"DemandMax":null,"Value":320},{"Length":29,"Height":11,"Demand":2,"DemandMax":null,"Value":319},{"Length":26,"Height":12,"Demand":3,"DemandMax":null,"Value":312},{"Length":22,"Height":14,"Demand":3,"DemandMax":null,"Value":308},{"Length":18,"Height":17,"Demand":3,"DemandMax":null,"Value":306},{"Length":19,"Height":16,"Demand":1,"DemandMax":null,"Value":304},{"Length":30,"Height":10,"Demand":1,"DemandMax":null,"Value":300},{"Length":27,"Height":11,"Demand":1,"DemandMax":null,"Value":297},{"Length":18,"Height":16,"Demand":3,"DemandMax":null,"Value":288},{"Length":24,"Height":12,"Demand":2,"DemandMax":null,"Value":288},{"Length":19,"Height":15,"Demand":4,"DemandMax":null,"Value":285},{"Length":23,"Height":12,"Demand":2,"DemandMax":null,"Value":276},{"Length":17,"Height":16,"Demand":1,"DemandMax":null,"Value":272},{"Length":18,"Height":15,"Demand":3,"DemandMax":null,"Value":270},{"Length":19,"Height":14,"Demand":1,"DemandMax":null,"Value":266},{"Length":20,"Height":13,"Demand":1,"DemandMax":null,"Value":260},{"Length":16,"Height":16,"Demand":2,"DemandMax":null,"Value":256},{"Length":22,"Height":11,"Demand":3,"DemandMax":null,"Value":242},{"Length":16,"Height":15,"Demand":1,"DemandMax":null,"Value":240},{"Length":23,"Height":10,"Demand":2,"DemandMax":null,"Value":230},{"Length":15,"Height":15,"Demand":2,"DemandMax":null,"Value":225},{"Length":20,"Height":11,"Demand":2,"DemandMax":null,"Value":220},{"Length":18,"Height":12,"Demand":1,"DemandMax":null,"Value":216},{"Length":21,"Height":10,"Demand":5,"DemandMax":null,"Value":210},{"Length":15,"Height":14,"Demand":2,"DemandMax":null,"Value":210},{"Length":19,"Height":11,"Demand":3,"DemandMax":null,"Value":209},{"Length":18,"Height":11,"Demand":1,"DemandMax":null,"Value":198},{"Length":14,"Height":14,"Demand":3,"DemandMax":null,"Value":196},{"Length":15,"Height":13,"Demand":1,"DemandMax":null,"Value":195},{"Length":16,"Height":12,"Demand":2,"DemandMax":null,"Value":192},{"Length":16,"Height":11,"Demand":3,"DemandMax":null,"Value":176},{"Length":17,"Height":10,"Demand":2,"DemandMax":null,"Value":170},{"Length":12,"Height":10,"Demand":2,"DemandMax":null,"Value":120}]}