{"Name":"MB10_066","Objects":[{"Length":432,"Height":79,"Stock":null,"Cost":34128}],"Items":[{"Length":54,"Height":50,"Demand":3,"DemandMax":null,"Value":2700},{"Length":57,"Height":47,"Demand":4,"DemandMax":null,"Value":2679},{"Length":59,"Height":40,"Demand":11,"DemandMax":null,"Value":2360},{"Length":57,"Height":40,"Demand":3,"DemandMax":null,"Value":2280},{"Length":54,"Height":42,"Demand":9,"DemandMax":null,"Value":2268},{"Length":56,"Height":39,"Demand":5,"DemandMax":null,"Value":2184},{"Length":47,"Height":45,"Demand":11,"DemandMax":null,"Value":2115},{"Length":52,"Height":40,"Demand":9,"DemandMax":null,"Value":2080},{"Length":50,"Height":39,"Demand":5,"DemandMax":null,"Value":1950},{"Length":58,"Height":33,"Demand":9,"DemandMax":null,"Value":1914},{"Length":45,"Height":42,"Demand":7,"DemandMax":null,"Value":1890},{"Length":47,"Height":40,"Demand":3,"DemandMax":null,"Value":1880},{"Length":60,"Height":31,"Demand":4,"DemandMax":null,"Value":1860},{"Length":45,"Height":40,"Demand":9,"DemandMax":null,"Value":1800},{"Length":46,"Height":39,"Demand":7,"DemandMax":null,"Value":1794},{"Length":42,"Height":42,"Demand":6,"DemandMax":null,"Value":1764},{"Length":49,"Height":35,"Demand":7,"DemandMax":null,"Value":1715},{"Length":57,"Height":30,"Demand":7,"DemandMax":null,"Value":1710},{"Length":53,"Height":32,"Demand":4,"DemandMax":null,"Value":1696},{"Length":49,"Height":34,"Demand":4,"DemandMax":null,"Value":1666},{"Length":50,"Height":33,"Demand":5,"DemandMax":null,"Value":1650},{"Length":41,"Height":39,"Demand":7,"DemandMax":null,"Value":1599},{"Length":50,"Height":31,"Demand":4,"DemandMax":null,"Value":1550},{"Length":43,"Height":36,"Demand":11,"DemandMax":null,"Value":1548},{"Length":40,"Height":38,"Demand":6,"DemandMax":null,"Value":1520},{"Length":46,"Height":33,"Demand":12,"DemandMax":null,"Value":1518},{"Length":54,"Height":28,"Demand":11,"DemandMax":null,"Value":1512},{"Length":43,"Height":35,"Demand":6,"DemandMax":null,"Value":1505},{"Length":47,"Height":32,"Demand":11,"DemandMax":null,"Value":1504},{"Length":53,"Height":28,"Demand":6,"DemandMax":null,"Value":1484},{"Length":39,"Height":38,"Demand":13,"DemandMax":null,"Value":1482},{"Length":40,"Height":37,"Demand":7,"DemandMax":null,"Value":1480},{"Length":52,"Height":28,"Demand":6,"DemandMax":null,"Value":1456},{"Length":42,"Height":34,"Demand":8,"DemandMax":null,"Value":1428},{"Length":39,"Height":36,"Demand":7,"DemandMax":null,"Value":1404},{"Length":50,"Height":28,"Demand":5,"DemandMax":null,"Value":1400},{"Length":45,"Height":31,"Demand":9,"DemandMax":null,"Value":1395},{"Length":53,"Height":26,"Demand":8,"DemandMax":null,"Value":1378},{"Length":43,"Height":32,"Demand":7,"DemandMax":null,"Value":1376},{"Length":54,"Height":25,"Demand":7,"DemandMax":null,"Value":1350},{"Length":37,"Height":36,"Demand":4,"DemandMax":null,"Value":1332},{"Length":39,"Height":34,"Demand":8,"DemandMax":null,"Value":1326},{"Length":40,"Height":33,"Demand":11,"DemandMax":null,"Value":1320},{"Length":55,"Height":24,"Demand":7,"DemandMax":null,"Value":1320},{"Length":41,"Height":32,"Demand":6,"DemandMax":null,"Value":1312},{"Length":54,"Height":24,"Demand":11,"DemandMax":null,"Value":1296},{"Length":37,"Height":35,"Demand":5,"DemandMax":null,"Value":1295},{"Length":40,"Height":32,"Demand":6,"DemandMax":null,"Value":1280},{"Length":41,"Height":31,"Demand":8,"DemandMax":null,"Value":1271},{"Length":38,"Height":33,"Demand":6,"DemandMax":null,"Value":1254},{"Length":39,"Height":32,"Demand":12,"DemandMax":null,"Value":1248},{"Length":46,"Height":27,"Demand":12,"DemandMax":null,"Value":1242},{"Length":38,"Height":32,"Demand":11,"DemandMax":null,"Value":1216},{"Length":45,"Height":27,"Demand":3,"DemandMax":null,"Value":1215},{"Length":48,"Height":25,"Demand":14,"DemandMax":null,"Value":1200},{"Length":41,"Height":29,"Demand":12,"DemandMax":null,"Value":1189},{"Length":44,"Height":27,"Demand":7,"DemandMax":null,"Value":1188},{"Length":37,"Height":31,"Demand":7,"DemandMax":null,"Value":1147},{"Length":39,"Height":29,"Demand":9,"DemandMax":null,"Value":1131},{"Length":40,"Height":28,"Demand":1,"DemandMax":null,"Value":1120},{"Length":37,"Height":30,"Demand":11,"DemandMax":null,"Value":1110},{"Length":41,"Height":27,"Demand":9,"DemandMax":null,"Value":1107},{"Length":39,"Height":28,"Demand":4,"DemandMax":null,"Value":1092},{"Length":40,"Height":27,"Demand":7,"DemandMax":null,"Value":1080},{"Length":36,"Height":30,"Demand":8,"DemandMax":null,"Value":1080},{"Length":59,"Height":18,"Demand":5,"DemandMax":null,"Value":1062},{"Length":46,"Height":23,"Demand":7,"DemandMax":null,"Value":1058},{"Length":33,"Height":32,"Demand":10,"DemandMax":null,"Value":1056},{"Length":39,"Height":27,"Demand":5,"DemandMax":null,"Value":1053},{"Length":35,"Height":30,"Demand":7,"DemandMax":null,"Value":1050},{"Length":40,"Height":26,"Demand":5,"DemandMax":null,"Value":1040},{"Length":37,"Height":28,"Demand":10,"DemandMax":null,"Value":1036},{"Length":47,"Height":22,"Demand":3,"DemandMax":null,"Value":1034},{"Length":49,"Height":21,"Demand":9,"DemandMax":null,"Value":1029},{"Length":40,"Height":25,"Demand":9,"DemandMax":null,"Value":1000},{"Length":50,"Height":20,"Demand":12,"DemandMax":null,"Value":1000},{"Length":33,"Height":30,"Demand":7,"DemandMax":null,"Value":990},{"Length":43,"Height":23,"Demand":7,"DemandMax":null,"Value":989},{"Length":38,"Height":26,"Demand":8,"DemandMax":null,"Value":988},{"Length":54,"Height":18,"Demand":17,"DemandMax":null,"Value":972},{"Length":36,"Height":27,"Demand":8,"DemandMax":null,"Value":972},{"Length":36,"Height":26,"Demand":9,"DemandMax":null,"Value":936},{"Length":33,"Height":28,"Demand":11,"DemandMax":null,"Value":924},{"Length":36,"Height":25,"Demand":3,"DemandMax":null,"Value":900},{"Length":31,"Height":29,"Demand":9,"DemandMax":null,"Value":899},{"Length":34,"Height":26,"Demand":5,"DemandMax":null,"Value":884},{"Length":31,"Height":28,"Demand":12,"DemandMax":null,"Value":868},{"Length":36,"Height":24,"Demand":17,"DemandMax":null,"Value":864},{"Length":32,"Height":27,"Demand":10,"DemandMax":null,"Value":864},{"Length":47,"Height":18,"Demand":9,"DemandMax":null,"Value":846},{"Length":29,"Height":29,"Demand":12,"DemandMax":null,"Value":841},{"Length":40,"Height":21,"Demand":4,"DemandMax":null,"Value":840},{"Length":42,"Height":20,"Demand":10,"DemandMax":null,"Value":840},{"Length":31,"Height":27,"Demand":9,"DemandMax":null,"Value":837},{"Length":38,"Height":22,"Demand":11,"DemandMax":null,"Value":836},{"Length":32,"Height":26,"Demand":8,"DemandMax":null,"Value":832},{"Length":34,"Height":24,"Demand":10,"DemandMax":null,"Value":816},{"Length":50,"Height":16,"Demand":8,"DemandMax":null,"Value":800},{"Length":32,"Height":25,"Demand":9,"DemandMax":null,"Value":800},{"Length":33,"Height":24,"Demand":8,"DemandMax":null,"Value":792},{"Length":28,"Height":28,"Demand":11,"DemandMax":null,"Value":784},{"Length":37,"Height":21,"Demand":7,"DemandMax":null,"Value":777},{"Length":31,"Height":25,"Demand":13,"DemandMax":null,"Value":775},{"Length":35,"Height":22,"Demand":7,"DemandMax":null,"Value":770},{"Length":45,"Height":17,"Demand":10,"DemandMax":null,"Value":765},{"Length":33,"Height":23,"Demand":10,"DemandMax":null,"Value":759},{"Length":54,"Height":14,"Demand":8,"DemandMax":null,"Value":756},{"Length":48,"Height":15,"Demand":12,"DemandMax":null,"Value":720},{"Length":34,"Height":21,"Demand":6,"DemandMax":null,"Value":714},{"Length":51,"Height":14,"Demand":11,"DemandMax":null,"Value":714},{"Length":42,"Height":17,"Demand":14,"DemandMax":null,"Value":714},{"Length":37,"Height":19,"Demand":13,"DemandMax":null,"Value":703},{"Length":39,"Height":18,"Demand":6,"DemandMax":null,"Value":702},{"Length":43,"Height":16,"Demand":7,"DemandMax":null,"Value":688},{"Length":57,"Height":12,"Demand":6,"DemandMax":null,"Value":684},{"Length":26,"Height":26,"Demand":8,"DemandMax":null,"Value":676},{"Length":28,"Height":24,"Demand":4,"DemandMax":null,"Value":672},{"Length":47,"Height":14,"Demand":7,"DemandMax":null,"Value":658},{"Length":31,"Height":21,"Demand":12,"DemandMax":null,"Value":651},{"Length":26,"Height":25,"Demand":11,"DemandMax":null,"Value":650},{"Length":36,"Height":18,"Demand":3,"DemandMax":null,"Value":648},{"Length":27,"Height":24,"Demand":3,"DemandMax":null,"Value":648},{"Length":43,"Height":15,"Demand":9,"DemandMax":null,"Value":645},{"Length":49,"Height":13,"Demand":16,"DemandMax":null,"Value":637},{"Length":33,"Height":19,"Demand":8,"DemandMax":null,"Value":627},{"Length":39,"Height":16,"Demand":5,"DemandMax":null,"Value":624},{"Length":28,"Height":22,"Demand":8,"DemandMax":null,"Value":616},{"Length":25,"Height":24,"Demand":2,"DemandMax":null,"Value":600},{"Length":46,"Height":13,"Demand":9,"DemandMax":null,"Value":598},{"Length":26,"Height":23,"Demand":6,"DemandMax":null,"Value":598},{"Length":32,"Height":18,"Demand":6,"DemandMax":null,"Value":576},{"Length":25,"Height":23,"Demand":10,"DemandMax":null,"Value":575},{"Length":44,"Height":13,"Demand":5,"DemandMax":null,"Value":572},{"Length":30,"Height":19,"Demand":8,"DemandMax":null,"Value":570},{"Length":46,"Height":12,"Demand":7,"DemandMax":null,"Value":552},{"Length":34,"Height":16,"Demand":11,"DemandMax":null,"Value":544},{"Length":30,"Height":18,"Demand":10,"DemandMax":null,"Value":540},{"Length":36,"Height":15,"Demand":2,"DemandMax":null,"Value":540},{"Length":35,"Height":15,"Demand":5,"DemandMax":null,"Value":525},{"Length":26,"Height":20,"Demand":4,"DemandMax":null,"Value":520},{"Length":43,"Height":12,"Demand":8,"DemandMax":null,"Value":516},{"Length":32,"Height":16,"Demand":6,"DemandMax":null,"Value":512},{"Length":23,"Height":22,"Demand":9,"DemandMax":null,"Value":506},{"Length":29,"Height":17,"Demand":10,"DemandMax":null,"Value":493},{"Length":41,"Height":12,"Demand":6,"DemandMax":null,"Value":492},{"Length":35,"Height":14,"Demand":7,"DemandMax":null,"Value":490},{"Length":22,"Height":22,"Demand":9,"DemandMax":null,"Value":484},{"Length":23,"Height":21,"Demand":9,"DemandMax":null,"Value":483},{"Length":30,"Height":16,"Demand":10,"DemandMax":null,"Value":480},{"Length":32,"Height":15,"Demand":6,"DemandMax":null,"Value":480},{"Length":40,"Height":12,"Demand":9,"DemandMax":null,"Value":480},{"Length":26,"Height":18,"Demand":8,"DemandMax":null,"Value":468},{"Length":31,"Height":15,"Demand":9,"DemandMax":null,"Value":465},{"Length":42,"Height":11,"Demand":8,"DemandMax":null,"Value":462},{"Length":22,"Height":21,"Demand":3,"DemandMax":null,"Value":462},{"Length":27,"Height":17,"Demand":8,"DemandMax":null,"Value":459},{"Length":40,"Height":11,"Demand":10,"DemandMax":null,"Value":440},{"Length":29,"Height":15,"Demand":9,"DemandMax":null,"Value":435},{"Length":31,"Height":14,"Demand":11,"DemandMax":null,"Value":434},{"Length":24,"Height":18,"Demand":11,"DemandMax":null,"Value":432},{"Length":27,"Height":16,"Demand":12,"DemandMax":null,"Value":432},{"Length":35,"Height":12,"Demand":10,"DemandMax":null,"Value":420},{"Length":21,"Height":20,"Demand":7,"DemandMax":null,"Value":420},{"Length":32,"Height":13,"Demand":8,"DemandMax":null,"Value":416},{"Length":27,"Height":15,"Demand":6,"DemandMax":null,"Value":405},{"Length":36,"Height":11,"Demand":7,"DemandMax":null,"Value":396},{"Length":29,"Height":13,"Demand":9,"DemandMax":null,"Value":377},{"Length":20,"Height":18,"Demand":10,"DemandMax":null,"Value":360},{"Length":23,"Height":15,"Demand":7,"DemandMax":null,"Value":345},{"Length":20,"Height":17,"Demand":8,"DemandMax":null,"Value":340},{"Length":21,"Height":15,"Demand":4,"DemandMax":null,"Value":315},{"Length":28,"Height":11,"Demand":11,"DemandMax":null,"Value":308},{"Length":23,"Height":13,"Demand":7,"DemandMax":null,"Value":299},{"Length":24,"Height":12,"Demand":10,"DemandMax":null,"Value":288},{"Length":18,"Height":14,"Demand":10,"DemandMax":null,"Value":252},{"Length":16,"Height":15,"Demand":7,"DemandMax":null,"Value":240},{"Length":15,"Height":15,"Demand":14,"DemandMax":null,"Value":225},{"Length":16,"Height":14,"Demand":10,"DemandMax":null,"Value":224},{"Length":22,"Height":10,"Demand":7,"DemandMax":null,"Value":220},{"Length":18,"Height":12,"Demand":7,"DemandMax":null,"Value":216},{"Length":15,"Height":14,"Demand":6,"DemandMax":null,"Value":210},{"Length":15,"Height":10,"Demand":9,"DemandMax":null,"Value":150}]}