{"Name":"MB10_036","Objects":[{"Length":432,"Height":79,"Stock":null,"Cost":34128}],"Items":[{"Length":57,"Height":47,"Demand":19,"DemandMax":null,"Value":2679},{"Length":57,"Height":43,"Demand":18,"DemandMax":null,"Value":2451},{"Length":56,"Height":43,"Demand":12,"DemandMax":null,"Value":2408},{"Length":52,"Height":40,"Demand":14,"DemandMax":null,"Value":2080},{"Length":47,"Height":40,"Demand":13,"DemandMax":null,"Value":1880},{"Length":46,"Height":39,"Demand":12,"DemandMax":null,"Value":1794},{"Length":48,"Height":36,"Demand":20,"DemandMax":null,"Value":1728},{"Length":45,"Height":38,"Demand":20,"DemandMax":null,"Value":1710},{"Length":54,"Height":31,"Demand":27,"DemandMax":null,"Value":1674},{"Length":49,"Height":34,"Demand":19,"DemandMax":null,"Value":1666},{"Length":50,"Height":33,"Demand":15,"DemandMax":null,"Value":1650},{"Length":44,"Height":35,"Demand":21,"DemandMax":null,"Value":1540},{"Length":47,"Height":32,"Demand":16,"DemandMax":null,"Value":1504},{"Length":54,"Height":24,"Demand":15,"DemandMax":null,"Value":1296},{"Length":37,"Height":35,"Demand":13,"DemandMax":null,"Value":1295},{"Length":39,"Height":33,"Demand":20,"DemandMax":null,"Value":1287},{"Length":42,"Height":29,"Demand":28,"DemandMax":null,"Value":1218},{"Length":40,"Height":30,"Demand":20,"DemandMax":null,"Value":1200},{"Length":39,"Height":29,"Demand":17,"DemandMax":null,"Value":1131},{"Length":47,"Height":24,"Demand":19,"DemandMax":null,"Value":1128},{"Length":39,"Height":28,"Demand":16,"DemandMax":null,"Value":1092},{"Length":34,"Height":32,"Demand":13,"DemandMax":null,"Value":1088},{"Length":47,"Height":23,"Demand":16,"DemandMax":null,"Value":1081},{"Length":33,"Height":32,"Demand":11,"DemandMax":null,"Value":1056},{"Length":34,"Height":31,"Demand":14,"DemandMax":null,"Value":1054},{"Length":39,"Height":27,"Demand":18,"DemandMax":null,"Value":1053},{"Length":35,"Height":30,"Demand":16,"DemandMax":null,"Value":1050},{"Length":40,"Height":26,"Demand":19,"DemandMax":null,"Value":1040},{"Length":45,"Height":22,"Demand":13,"DemandMax":null,"Value":990},{"Length":38,"Height":26,"Demand":17,"DemandMax":null,"Value":988},{"Length":36,"Height":27,"Demand":17,"DemandMax":null,"Value":972},{"Length":50,"Height":19,"Demand":14,"DemandMax":null,"Value":950},{"Length":36,"Height":26,"Demand":18,"DemandMax":null,"Value":936},{"Length":40,"Height":23,"Demand":17,"DemandMax":null,"Value":920},{"Length":45,"Height":20,"Demand":18,"DemandMax":null,"Value":900},{"Length":36,"Height":25,"Demand":14,"DemandMax":null,"Value":900},{"Length":42,"Height":21,"Demand":13,"DemandMax":null,"Value":882},{"Length":32,"Height":27,"Demand":13,"DemandMax":null,"Value":864},{"Length":36,"Height":24,"Demand":19,"DemandMax":null,"Value":864},{"Length":37,"Height":23,"Demand":9,"DemandMax":null,"Value":851},{"Length":47,"Height":18,"Demand":13,"DemandMax":null,"Value":846},{"Length":29,"Height":29,"Demand":19,"DemandMax":null,"Value":841},{"Length":42,"Height":20,"Demand":8,"DemandMax":null,"Value":840},{"Length":60,"Height":14,"Demand":18,"DemandMax":null,"Value":840},{"Length":50,"Height":16,"Demand":16,"DemandMax":null,"Value":800},{"Length":28,"Height":28,"Demand":20,"DemandMax":null,"Value":784},{"Length":35,"Height":22,"Demand":17,"DemandMax":null,"Value":770},{"Length":45,"Height":17,"Demand":10,"DemandMax":null,"Value":765},{"Length":28,"Height":27,"Demand":11,"DemandMax":null,"Value":756},{"Length":49,"Height":15,"Demand":21,"DemandMax":null,"Value":735},{"Length":28,"Height":26,"Demand":16,"DemandMax":null,"Value":728},{"Length":34,"Height":21,"Demand":19,"DemandMax":null,"Value":714},{"Length":39,"Height":18,"Demand":19,"DemandMax":null,"Value":702},{"Length":34,"Height":20,"Demand":15,"DemandMax":null,"Value":680},{"Length":47,"Height":14,"Demand":14,"DemandMax":null,"Value":658},{"Length":37,"Height":17,"Demand":21,"DemandMax":null,"Value":629},{"Length":27,"Height":23,"Demand":17,"DemandMax":null,"Value":621},{"Length":31,"Height":20,"Demand":15,"DemandMax":null,"Value":620},{"Length":32,"Height":19,"Demand":20,"DemandMax":null,"Value":608},{"Length":27,"Height":22,"Demand":12,"DemandMax":null,"Value":594},{"Length":36,"Height":16,"Demand":8,"DemandMax":null,"Value":576},{"Length":32,"Height":18,"Demand":20,"DemandMax":null,"Value":576},{"Length":33,"Height":17,"Demand":18,"DemandMax":null,"Value":561},{"Length":31,"Height":18,"Demand":20,"DemandMax":null,"Value":558},{"Length":55,"Height":10,"Demand":13,"DemandMax":null,"Value":550},{"Length":36,"Height":15,"Demand":11,"DemandMax":null,"Value":540},{"Length":45,"Height":12,"Demand":15,"DemandMax":null,"Value":540},{"Length":31,"Height":17,"Demand":15,"DemandMax":null,"Value":527},{"Length":26,"Height":20,"Demand":14,"DemandMax":null,"Value":520},{"Length":47,"Height":11,"Demand":17,"DemandMax":null,"Value":517},{"Length":43,"Height":12,"Demand":20,"DemandMax":null,"Value":516},{"Length":32,"Height":16,"Demand":25,"DemandMax":null,"Value":512},{"Length":23,"Height":22,"Demand":18,"DemandMax":null,"Value":506},{"Length":33,"Height":15,"Demand":15,"DemandMax":null,"Value":495},{"Length":27,"Height":18,"Demand":13,"DemandMax":null,"Value":486},{"Length":24,"Height":19,"Demand":23,"DemandMax":null,"Value":456},{"Length":37,"Height":12,"Demand":23,"DemandMax":null,"Value":444},{"Length":33,"Height":13,"Demand":22,"DemandMax":null,"Value":429},{"Length":40,"Height":10,"Demand":13,"DemandMax":null,"Value":400},{"Length":22,"Height":18,"Demand":21,"DemandMax":null,"Value":396},{"Length":28,"Height":14,"Demand":17,"DemandMax":null,"Value":392},{"Length":27,"Height":14,"Demand":17,"DemandMax":null,"Value":378},{"Length":20,"Height":17,"Demand":22,"DemandMax":null,"Value":340},{"Length":21,"Height":15,"Demand":16,"DemandMax":null,"Value":315},{"Length":24,"Height":13,"Demand":20,"DemandMax":null,"Value":312},{"Length":30,"Height":10,"Demand":12,"DemandMax":null,"Value":300},{"Length":17,"Height":15,"Demand":23,"DemandMax":null,"Value":255},{"Length":16,"Height":14,"Demand":19,"DemandMax":null,"Value":224},{"Length":18,"Height":10,"Demand":16,"DemandMax":null,"Value":180},{"Length":14,"Height":12,"Demand":20,"DemandMax":null,"Value":168},{"Length":15,"Height":10,"Demand":19,"DemandMax":null,"Value":150}]}