{"Name":"MB08_088","Objects":[{"Length":587,"Height":233,"Stock":null,"Cost":136771}],"Items":[{"Length":60,"Height":46,"Demand":2,"DemandMax":null,"Value":2760},{"Length":58,"Height":39,"Demand":4,"DemandMax":null,"Value":2262},{"Length":48,"Height":47,"Demand":7,"DemandMax":null,"Value":2256},{"Length":57,"Height":39,"Demand":5,"DemandMax":null,"Value":2223},{"Length":57,"Height":38,"Demand":2,"DemandMax":null,"Value":2166},{"Length":56,"Height":38,"Demand":4,"DemandMax":null,"Value":2128},{"Length":47,"Height":45,"Demand":2,"DemandMax":null,"Value":2115},{"Length":52,"Height":40,"Demand":6,"DemandMax":null,"Value":2080},{"Length":48,"Height":43,"Demand":3,"DemandMax":null,"Value":2064},{"Length":52,"Height":39,"Demand":3,"DemandMax":null,"Value":2028},{"Length":45,"Height":45,"Demand":2,"DemandMax":null,"Value":2025},{"Length":50,"Height":40,"Demand":3,"DemandMax":null,"Value":2000},{"Length":48,"Height":41,"Demand":1,"DemandMax":null,"Value":1968},{"Length":59,"Height":33,"Demand":2,"DemandMax":null,"Value":1947},{"Length":56,"Height":34,"Demand":3,"DemandMax":null,"Value":1904},{"Length":51,"Height":37,"Demand":5,"DemandMax":null,"Value":1887},{"Length":55,"Height":34,"Demand":5,"DemandMax":null,"Value":1870},{"Length":44,"Height":42,"Demand":2,"DemandMax":null,"Value":1848},{"Length":48,"Height":38,"Demand":7,"DemandMax":null,"Value":1824},{"Length":55,"Height":33,"Demand":3,"DemandMax":null,"Value":1815},{"Length":45,"Height":40,"Demand":6,"DemandMax":null,"Value":1800},{"Length":51,"Height":35,"Demand":4,"DemandMax":null,"Value":1785},{"Length":48,"Height":37,"Demand":2,"DemandMax":null,"Value":1776},{"Length":44,"Height":40,"Demand":4,"DemandMax":null,"Value":1760},{"Length":45,"Height":39,"Demand":5,"DemandMax":null,"Value":1755},{"Length":46,"Height":38,"Demand":2,"DemandMax":null,"Value":1748},{"Length":48,"Height":36,"Demand":3,"DemandMax":null,"Value":1728},{"Length":54,"Height":32,"Demand":6,"DemandMax":null,"Value":1728},{"Length":42,"Height":41,"Demand":1,"DemandMax":null,"Value":1722},{"Length":47,"Height":36,"Demand":3,"DemandMax":null,"Value":1692},{"Length":56,"Height":30,"Demand":1,"DemandMax":null,"Value":1680},{"Length":43,"Height":39,"Demand":3,"DemandMax":null,"Value":1677},{"Length":59,"Height":28,"Demand":2,"DemandMax":null,"Value":1652},{"Length":50,"Height":33,"Demand":5,"DemandMax":null,"Value":1650},{"Length":41,"Height":40,"Demand":7,"DemandMax":null,"Value":1640},{"Length":42,"Height":39,"Demand":2,"DemandMax":null,"Value":1638},{"Length":43,"Height":38,"Demand":5,"DemandMax":null,"Value":1634},{"Length":48,"Height":34,"Demand":4,"DemandMax":null,"Value":1632},{"Length":47,"Height":34,"Demand":3,"DemandMax":null,"Value":1598},{"Length":42,"Height":38,"Demand":7,"DemandMax":null,"Value":1596},{"Length":59,"Height":27,"Demand":3,"DemandMax":null,"Value":1593},{"Length":43,"Height":37,"Demand":3,"DemandMax":null,"Value":1591},{"Length":48,"Height":33,"Demand":6,"DemandMax":null,"Value":1584},{"Length":49,"Height":32,"Demand":3,"DemandMax":null,"Value":1568},{"Length":54,"Height":29,"Demand":6,"DemandMax":null,"Value":1566},{"Length":60,"Height":26,"Demand":2,"DemandMax":null,"Value":1560},{"Length":50,"Height":31,"Demand":6,"DemandMax":null,"Value":1550},{"Length":59,"Height":26,"Demand":2,"DemandMax":null,"Value":1534},{"Length":46,"Height":33,"Demand":5,"DemandMax":null,"Value":1518},{"Length":41,"Height":37,"Demand":6,"DemandMax":null,"Value":1517},{"Length":45,"Height":33,"Demand":5,"DemandMax":null,"Value":1485},{"Length":49,"Height":30,"Demand":4,"DemandMax":null,"Value":1470},{"Length":50,"Height":29,"Demand":3,"DemandMax":null,"Value":1450},{"Length":48,"Height":30,"Demand":4,"DemandMax":null,"Value":1440},{"Length":53,"Height":27,"Demand":3,"DemandMax":null,"Value":1431},{"Length":42,"Height":34,"Demand":4,"DemandMax":null,"Value":1428},{"Length":57,"Height":25,"Demand":2,"DemandMax":null,"Value":1425},{"Length":49,"Height":29,"Demand":3,"DemandMax":null,"Value":1421},{"Length":43,"Height":33,"Demand":6,"DemandMax":null,"Value":1419},{"Length":38,"Height":37,"Demand":1,"DemandMax":null,"Value":1406},{"Length":39,"Height":36,"Demand":6,"DemandMax":null,"Value":1404},{"Length":56,"Height":25,"Demand":3,"DemandMax":null,"Value":1400},{"Length":40,"Height":35,"Demand":4,"DemandMax":null,"Value":1400},{"Length":58,"Height":24,"Demand":3,"DemandMax":null,"Value":1392},{"Length":46,"Height":30,"Demand":6,"DemandMax":null,"Value":1380},{"Length":51,"Height":27,"Demand":2,"DemandMax":null,"Value":1377},{"Length":38,"Height":36,"Demand":6,"DemandMax":null,"Value":1368},{"Length":54,"Height":25,"Demand":3,"DemandMax":null,"Value":1350},{"Length":42,"Height":32,"Demand":9,"DemandMax":null,"Value":1344},{"Length":37,"Height":36,"Demand":5,"DemandMax":null,"Value":1332},{"Length":38,"Height":35,"Demand":5,"DemandMax":null,"Value":1330},{"Length":39,"Height":34,"Demand":2,"DemandMax":null,"Value":1326},{"Length":44,"Height":30,"Demand":2,"DemandMax":null,"Value":1320},{"Length":40,"Height":33,"Demand":3,"DemandMax":null,"Value":1320},{"Length":47,"Height":28,"Demand":3,"DemandMax":null,"Value":1316},{"Length":41,"Height":32,"Demand":3,"DemandMax":null,"Value":1312},{"Length":42,"Height":31,"Demand":4,"DemandMax":null,"Value":1302},{"Length":37,"Height":35,"Demand":4,"DemandMax":null,"Value":1295},{"Length":38,"Height":34,"Demand":7,"DemandMax":null,"Value":1292},{"Length":43,"Height":30,"Demand":5,"DemandMax":null,"Value":1290},{"Length":46,"Height":28,"Demand":4,"DemandMax":null,"Value":1288},{"Length":39,"Height":33,"Demand":5,"DemandMax":null,"Value":1287},{"Length":40,"Height":32,"Demand":5,"DemandMax":null,"Value":1280},{"Length":53,"Height":24,"Demand":6,"DemandMax":null,"Value":1272},{"Length":42,"Height":30,"Demand":3,"DemandMax":null,"Value":1260},{"Length":36,"Height":35,"Demand":2,"DemandMax":null,"Value":1260},{"Length":57,"Height":22,"Demand":5,"DemandMax":null,"Value":1254},{"Length":50,"Height":25,"Demand":4,"DemandMax":null,"Value":1250},{"Length":38,"Height":32,"Demand":9,"DemandMax":null,"Value":1216},{"Length":55,"Height":22,"Demand":6,"DemandMax":null,"Value":1210},{"Length":40,"Height":30,"Demand":2,"DemandMax":null,"Value":1200},{"Length":35,"Height":34,"Demand":5,"DemandMax":null,"Value":1190},{"Length":36,"Height":33,"Demand":5,"DemandMax":null,"Value":1188},{"Length":37,"Height":32,"Demand":5,"DemandMax":null,"Value":1184},{"Length":39,"Height":30,"Demand":4,"DemandMax":null,"Value":1170},{"Length":34,"Height":34,"Demand":2,"DemandMax":null,"Value":1156},{"Length":35,"Height":33,"Demand":5,"DemandMax":null,"Value":1155},{"Length":36,"Height":32,"Demand":6,"DemandMax":null,"Value":1152},{"Length":48,"Height":24,"Demand":5,"DemandMax":null,"Value":1152},{"Length":50,"Height":23,"Demand":10,"DemandMax":null,"Value":1150},{"Length":39,"Height":29,"Demand":6,"DemandMax":null,"Value":1131},{"Length":51,"Height":22,"Demand":3,"DemandMax":null,"Value":1122},{"Length":48,"Height":23,"Demand":6,"DemandMax":null,"Value":1104},{"Length":55,"Height":20,"Demand":4,"DemandMax":null,"Value":1100},{"Length":50,"Height":22,"Demand":5,"DemandMax":null,"Value":1100},{"Length":52,"Height":21,"Demand":4,"DemandMax":null,"Value":1092},{"Length":39,"Height":28,"Demand":4,"DemandMax":null,"Value":1092},{"Length":42,"Height":26,"Demand":5,"DemandMax":null,"Value":1092},{"Length":36,"Height":30,"Demand":5,"DemandMax":null,"Value":1080},{"Length":40,"Height":27,"Demand":4,"DemandMax":null,"Value":1080},{"Length":49,"Height":22,"Demand":7,"DemandMax":null,"Value":1078},{"Length":37,"Height":29,"Demand":3,"DemandMax":null,"Value":1073},{"Length":48,"Height":22,"Demand":4,"DemandMax":null,"Value":1056},{"Length":34,"Height":31,"Demand":3,"DemandMax":null,"Value":1054},{"Length":39,"Height":27,"Demand":8,"DemandMax":null,"Value":1053},{"Length":36,"Height":29,"Demand":3,"DemandMax":null,"Value":1044},{"Length":40,"Height":26,"Demand":2,"DemandMax":null,"Value":1040},{"Length":33,"Height":31,"Demand":3,"DemandMax":null,"Value":1023},{"Length":34,"Height":30,"Demand":3,"DemandMax":null,"Value":1020},{"Length":35,"Height":29,"Demand":7,"DemandMax":null,"Value":1015},{"Length":39,"Height":26,"Demand":3,"DemandMax":null,"Value":1014},{"Length":46,"Height":22,"Demand":2,"DemandMax":null,"Value":1012},{"Length":36,"Height":28,"Demand":2,"DemandMax":null,"Value":1008},{"Length":42,"Height":24,"Demand":5,"DemandMax":null,"Value":1008},{"Length":32,"Height":31,"Demand":5,"DemandMax":null,"Value":992},{"Length":45,"Height":22,"Demand":4,"DemandMax":null,"Value":990},{"Length":43,"Height":23,"Demand":5,"DemandMax":null,"Value":989},{"Length":57,"Height":17,"Demand":3,"DemandMax":null,"Value":969},{"Length":33,"Height":29,"Demand":3,"DemandMax":null,"Value":957},{"Length":38,"Height":25,"Demand":6,"DemandMax":null,"Value":950},{"Length":35,"Height":27,"Demand":4,"DemandMax":null,"Value":945},{"Length":41,"Height":23,"Demand":6,"DemandMax":null,"Value":943},{"Length":47,"Height":20,"Demand":8,"DemandMax":null,"Value":940},{"Length":39,"Height":24,"Demand":2,"DemandMax":null,"Value":936},{"Length":58,"Height":16,"Demand":7,"DemandMax":null,"Value":928},{"Length":44,"Height":21,"Demand":4,"DemandMax":null,"Value":924},{"Length":33,"Height":28,"Demand":4,"DemandMax":null,"Value":924},{"Length":38,"Height":24,"Demand":4,"DemandMax":null,"Value":912},{"Length":35,"Height":26,"Demand":3,"DemandMax":null,"Value":910},{"Length":53,"Height":17,"Demand":3,"DemandMax":null,"Value":901},{"Length":45,"Height":20,"Demand":2,"DemandMax":null,"Value":900},{"Length":31,"Height":29,"Demand":3,"DemandMax":null,"Value":899},{"Length":47,"Height":19,"Demand":5,"DemandMax":null,"Value":893},{"Length":33,"Height":27,"Demand":2,"DemandMax":null,"Value":891},{"Length":42,"Height":21,"Demand":6,"DemandMax":null,"Value":882},{"Length":40,"Height":22,"Demand":3,"DemandMax":null,"Value":880},{"Length":35,"Height":25,"Demand":7,"DemandMax":null,"Value":875},{"Length":31,"Height":28,"Demand":2,"DemandMax":null,"Value":868},{"Length":51,"Height":17,"Demand":2,"DemandMax":null,"Value":867},{"Length":48,"Height":18,"Demand":5,"DemandMax":null,"Value":864},{"Length":32,"Height":27,"Demand":1,"DemandMax":null,"Value":864},{"Length":43,"Height":20,"Demand":3,"DemandMax":null,"Value":860},{"Length":39,"Height":22,"Demand":4,"DemandMax":null,"Value":858},{"Length":45,"Height":19,"Demand":2,"DemandMax":null,"Value":855},{"Length":34,"Height":25,"Demand":2,"DemandMax":null,"Value":850},{"Length":47,"Height":18,"Demand":4,"DemandMax":null,"Value":846},{"Length":38,"Height":22,"Demand":3,"DemandMax":null,"Value":836},{"Length":33,"Height":25,"Demand":5,"DemandMax":null,"Value":825},{"Length":55,"Height":15,"Demand":4,"DemandMax":null,"Value":825},{"Length":41,"Height":20,"Demand":3,"DemandMax":null,"Value":820},{"Length":34,"Height":24,"Demand":6,"DemandMax":null,"Value":816},{"Length":51,"Height":16,"Demand":4,"DemandMax":null,"Value":816},{"Length":37,"Height":22,"Demand":3,"DemandMax":null,"Value":814},{"Length":29,"Height":28,"Demand":5,"DemandMax":null,"Value":812},{"Length":30,"Height":27,"Demand":2,"DemandMax":null,"Value":810},{"Length":47,"Height":17,"Demand":3,"DemandMax":null,"Value":799},{"Length":42,"Height":19,"Demand":1,"DemandMax":null,"Value":798},{"Length":44,"Height":18,"Demand":5,"DemandMax":null,"Value":792},{"Length":36,"Height":22,"Demand":4,"DemandMax":null,"Value":792},{"Length":28,"Height":28,"Demand":4,"DemandMax":null,"Value":784},{"Length":29,"Height":27,"Demand":5,"DemandMax":null,"Value":783},{"Length":34,"Height":23,"Demand":5,"DemandMax":null,"Value":782},{"Length":46,"Height":17,"Demand":2,"DemandMax":null,"Value":782},{"Length":41,"Height":19,"Demand":3,"DemandMax":null,"Value":779},{"Length":37,"Height":21,"Demand":2,"DemandMax":null,"Value":777},{"Length":31,"Height":25,"Demand":3,"DemandMax":null,"Value":775},{"Length":43,"Height":18,"Demand":3,"DemandMax":null,"Value":774},{"Length":45,"Height":17,"Demand":3,"DemandMax":null,"Value":765},{"Length":28,"Height":27,"Demand":3,"DemandMax":null,"Value":756},{"Length":47,"Height":16,"Demand":8,"DemandMax":null,"Value":752},{"Length":50,"Height":15,"Demand":6,"DemandMax":null,"Value":750},{"Length":34,"Height":22,"Demand":1,"DemandMax":null,"Value":748},{"Length":44,"Height":17,"Demand":8,"DemandMax":null,"Value":748},{"Length":57,"Height":13,"Demand":5,"DemandMax":null,"Value":741},{"Length":32,"Height":23,"Demand":2,"DemandMax":null,"Value":736},{"Length":35,"Height":21,"Demand":1,"DemandMax":null,"Value":735},{"Length":49,"Height":15,"Demand":3,"DemandMax":null,"Value":735},{"Length":28,"Height":26,"Demand":5,"DemandMax":null,"Value":728},{"Length":33,"Height":22,"Demand":6,"DemandMax":null,"Value":726},{"Length":30,"Height":24,"Demand":12,"DemandMax":null,"Value":720},{"Length":40,"Height":18,"Demand":3,"DemandMax":null,"Value":720},{"Length":47,"Height":15,"Demand":6,"DemandMax":null,"Value":705},{"Length":44,"Height":16,"Demand":11,"DemandMax":null,"Value":704},{"Length":32,"Height":22,"Demand":3,"DemandMax":null,"Value":704},{"Length":37,"Height":19,"Demand":5,"DemandMax":null,"Value":703},{"Length":39,"Height":18,"Demand":2,"DemandMax":null,"Value":702},{"Length":35,"Height":20,"Demand":4,"DemandMax":null,"Value":700},{"Length":28,"Height":25,"Demand":3,"DemandMax":null,"Value":700},{"Length":50,"Height":14,"Demand":4,"DemandMax":null,"Value":700},{"Length":41,"Height":17,"Demand":3,"DemandMax":null,"Value":697},{"Length":29,"Height":24,"Demand":5,"DemandMax":null,"Value":696},{"Length":30,"Height":23,"Demand":11,"DemandMax":null,"Value":690},{"Length":46,"Height":15,"Demand":4,"DemandMax":null,"Value":690},{"Length":36,"Height":19,"Demand":8,"DemandMax":null,"Value":684},{"Length":34,"Height":20,"Demand":3,"DemandMax":null,"Value":680},{"Length":40,"Height":17,"Demand":5,"DemandMax":null,"Value":680},{"Length":52,"Height":13,"Demand":2,"DemandMax":null,"Value":676},{"Length":27,"Height":25,"Demand":7,"DemandMax":null,"Value":675},{"Length":29,"Height":23,"Demand":7,"DemandMax":null,"Value":667},{"Length":51,"Height":13,"Demand":4,"DemandMax":null,"Value":663},{"Length":44,"Height":15,"Demand":3,"DemandMax":null,"Value":660},{"Length":55,"Height":12,"Demand":4,"DemandMax":null,"Value":660},{"Length":41,"Height":16,"Demand":9,"DemandMax":null,"Value":656},{"Length":36,"Height":18,"Demand":3,"DemandMax":null,"Value":648},{"Length":32,"Height":20,"Demand":9,"DemandMax":null,"Value":640},{"Length":29,"Height":22,"Demand":4,"DemandMax":null,"Value":638},{"Length":42,"Height":15,"Demand":3,"DemandMax":null,"Value":630},{"Length":37,"Height":17,"Demand":3,"DemandMax":null,"Value":629},{"Length":33,"Height":19,"Demand":3,"DemandMax":null,"Value":627},{"Length":25,"Height":25,"Demand":3,"DemandMax":null,"Value":625},{"Length":27,"Height":23,"Demand":3,"DemandMax":null,"Value":621},{"Length":31,"Height":20,"Demand":5,"DemandMax":null,"Value":620},{"Length":36,"Height":17,"Demand":5,"DemandMax":null,"Value":612},{"Length":43,"Height":14,"Demand":1,"DemandMax":null,"Value":602},{"Length":30,"Height":20,"Demand":2,"DemandMax":null,"Value":600},{"Length":50,"Height":12,"Demand":3,"DemandMax":null,"Value":600},{"Length":26,"Height":23,"Demand":3,"DemandMax":null,"Value":598},{"Length":27,"Height":22,"Demand":3,"DemandMax":null,"Value":594},{"Length":37,"Height":16,"Demand":11,"DemandMax":null,"Value":592},{"Length":49,"Height":12,"Demand":5,"DemandMax":null,"Value":588},{"Length":39,"Height":15,"Demand":3,"DemandMax":null,"Value":585},{"Length":29,"Height":20,"Demand":8,"DemandMax":null,"Value":580},{"Length":58,"Height":10,"Demand":6,"DemandMax":null,"Value":580},{"Length":34,"Height":17,"Demand":5,"DemandMax":null,"Value":578},{"Length":36,"Height":16,"Demand":6,"DemandMax":null,"Value":576},{"Length":25,"Height":23,"Demand":5,"DemandMax":null,"Value":575},{"Length":26,"Height":22,"Demand":5,"DemandMax":null,"Value":572},{"Length":44,"Height":13,"Demand":5,"DemandMax":null,"Value":572},{"Length":30,"Height":19,"Demand":3,"DemandMax":null,"Value":570},{"Length":33,"Height":17,"Demand":2,"DemandMax":null,"Value":561},{"Length":40,"Height":14,"Demand":4,"DemandMax":null,"Value":560},{"Length":35,"Height":16,"Demand":3,"DemandMax":null,"Value":560},{"Length":37,"Height":15,"Demand":1,"DemandMax":null,"Value":555},{"Length":42,"Height":13,"Demand":3,"DemandMax":null,"Value":546},{"Length":28,"Height":19,"Demand":6,"DemandMax":null,"Value":532},{"Length":24,"Height":22,"Demand":4,"DemandMax":null,"Value":528},{"Length":33,"Height":16,"Demand":4,"DemandMax":null,"Value":528},{"Length":29,"Height":18,"Demand":8,"DemandMax":null,"Value":522},{"Length":40,"Height":13,"Demand":8,"DemandMax":null,"Value":520},{"Length":47,"Height":11,"Demand":6,"DemandMax":null,"Value":517},{"Length":27,"Height":19,"Demand":6,"DemandMax":null,"Value":513},{"Length":32,"Height":16,"Demand":5,"DemandMax":null,"Value":512},{"Length":39,"Height":13,"Demand":5,"DemandMax":null,"Value":507},{"Length":46,"Height":11,"Demand":2,"DemandMax":null,"Value":506},{"Length":36,"Height":14,"Demand":2,"DemandMax":null,"Value":504},{"Length":28,"Height":18,"Demand":8,"DemandMax":null,"Value":504},{"Length":24,"Height":21,"Demand":1,"DemandMax":null,"Value":504},{"Length":25,"Height":20,"Demand":1,"DemandMax":null,"Value":500},{"Length":33,"Height":15,"Demand":2,"DemandMax":null,"Value":495},{"Length":49,"Height":10,"Demand":8,"DemandMax":null,"Value":490},{"Length":32,"Height":15,"Demand":3,"DemandMax":null,"Value":480},{"Length":24,"Height":20,"Demand":3,"DemandMax":null,"Value":480},{"Length":30,"Height":16,"Demand":1,"DemandMax":null,"Value":480},{"Length":39,"Height":12,"Demand":9,"DemandMax":null,"Value":468},{"Length":36,"Height":13,"Demand":4,"DemandMax":null,"Value":468},{"Length":26,"Height":18,"Demand":7,"DemandMax":null,"Value":468},{"Length":31,"Height":15,"Demand":5,"DemandMax":null,"Value":465},{"Length":29,"Height":16,"Demand":8,"DemandMax":null,"Value":464},{"Length":33,"Height":14,"Demand":1,"DemandMax":null,"Value":462},{"Length":27,"Height":17,"Demand":3,"DemandMax":null,"Value":459},{"Length":24,"Height":19,"Demand":6,"DemandMax":null,"Value":456},{"Length":35,"Height":13,"Demand":4,"DemandMax":null,"Value":455},{"Length":25,"Height":18,"Demand":6,"DemandMax":null,"Value":450},{"Length":32,"Height":14,"Demand":6,"DemandMax":null,"Value":448},{"Length":37,"Height":12,"Demand":3,"DemandMax":null,"Value":444},{"Length":34,"Height":13,"Demand":5,"DemandMax":null,"Value":442},{"Length":26,"Height":17,"Demand":5,"DemandMax":null,"Value":442},{"Length":44,"Height":10,"Demand":11,"DemandMax":null,"Value":440},{"Length":22,"Height":20,"Demand":8,"DemandMax":null,"Value":440},{"Length":24,"Height":18,"Demand":5,"DemandMax":null,"Value":432},{"Length":27,"Height":16,"Demand":3,"DemandMax":null,"Value":432},{"Length":25,"Height":17,"Demand":3,"DemandMax":null,"Value":425},{"Length":30,"Height":14,"Demand":6,"DemandMax":null,"Value":420},{"Length":26,"Height":16,"Demand":2,"DemandMax":null,"Value":416},{"Length":37,"Height":11,"Demand":4,"DemandMax":null,"Value":407},{"Length":31,"Height":13,"Demand":4,"DemandMax":null,"Value":403},{"Length":25,"Height":16,"Demand":7,"DemandMax":null,"Value":400},{"Length":33,"Height":12,"Demand":3,"DemandMax":null,"Value":396},{"Length":30,"Height":13,"Demand":3,"DemandMax":null,"Value":390},{"Length":38,"Height":10,"Demand":3,"DemandMax":null,"Value":380},{"Length":21,"Height":18,"Demand":5,"DemandMax":null,"Value":378},{"Length":25,"Height":15,"Demand":7,"DemandMax":null,"Value":375},{"Length":28,"Height":13,"Demand":10,"DemandMax":null,"Value":364},{"Length":36,"Height":10,"Demand":2,"DemandMax":null,"Value":360},{"Length":22,"Height":16,"Demand":3,"DemandMax":null,"Value":352},{"Length":35,"Height":10,"Demand":3,"DemandMax":null,"Value":350},{"Length":25,"Height":14,"Demand":5,"DemandMax":null,"Value":350},{"Length":23,"Height":15,"Demand":4,"DemandMax":null,"Value":345},{"Length":31,"Height":11,"Demand":8,"DemandMax":null,"Value":341},{"Length":26,"Height":13,"Demand":5,"DemandMax":null,"Value":338},{"Length":33,"Height":10,"Demand":4,"DemandMax":null,"Value":330},{"Length":25,"Height":13,"Demand":4,"DemandMax":null,"Value":325},{"Length":18,"Height":18,"Demand":4,"DemandMax":null,"Value":324},{"Length":23,"Height":14,"Demand":4,"DemandMax":null,"Value":322},{"Length":32,"Height":10,"Demand":7,"DemandMax":null,"Value":320},{"Length":21,"Height":15,"Demand":6,"DemandMax":null,"Value":315},{"Length":26,"Height":12,"Demand":3,"DemandMax":null,"Value":312},{"Length":24,"Height":13,"Demand":4,"DemandMax":null,"Value":312},{"Length":31,"Height":10,"Demand":4,"DemandMax":null,"Value":310},{"Length":22,"Height":14,"Demand":5,"DemandMax":null,"Value":308},{"Length":20,"Height":15,"Demand":4,"DemandMax":null,"Value":300},{"Length":17,"Height":17,"Demand":2,"DemandMax":null,"Value":289},{"Length":22,"Height":13,"Demand":6,"DemandMax":null,"Value":286},{"Length":19,"Height":15,"Demand":1,"DemandMax":null,"Value":285},{"Length":25,"Height":11,"Demand":5,"DemandMax":null,"Value":275},{"Length":20,"Height":13,"Demand":5,"DemandMax":null,"Value":260},{"Length":17,"Height":15,"Demand":4,"DemandMax":null,"Value":255},{"Length":19,"Height":13,"Demand":3,"DemandMax":null,"Value":247},{"Length":16,"Height":15,"Demand":4,"DemandMax":null,"Value":240},{"Length":18,"Height":13,"Demand":5,"DemandMax":null,"Value":234},{"Length":15,"Height":15,"Demand":6,"DemandMax":null,"Value":225},{"Length":16,"Height":14,"Demand":4,"DemandMax":null,"Value":224},{"Length":14,"Height":13,"Demand":10,"DemandMax":null,"Value":182},{"Length":16,"Height":11,"Demand":5,"DemandMax":null,"Value":176},{"Length":17,"Height":10,"Demand":2,"DemandMax":null,"Value":170},{"Length":13,"Height":11,"Demand":2,"DemandMax":null,"Value":143}]}