{"Name":"MB09_139","Objects":[{"Length":432,"Height":79,"Stock":null,"Cost":34128}],"Items":[{"Length":55,"Height":48,"Demand":16,"DemandMax":null,"Value":2640},{"Length":55,"Height":47,"Demand":11,"DemandMax":null,"Value":2585},{"Length":50,"Height":43,"Demand":6,"DemandMax":null,"Value":2150},{"Length":57,"Height":37,"Demand":11,"DemandMax":null,"Value":2109},{"Length":54,"Height":39,"Demand":20,"DemandMax":null,"Value":2106},{"Length":56,"Height":37,"Demand":14,"DemandMax":null,"Value":2072},{"Length":46,"Height":45,"Demand":14,"DemandMax":null,"Value":2070},{"Length":52,"Height":39,"Demand":12,"DemandMax":null,"Value":2028},{"Length":45,"Height":41,"Demand":15,"DemandMax":null,"Value":1845},{"Length":55,"Height":33,"Demand":21,"DemandMax":null,"Value":1815},{"Length":47,"Height":38,"Demand":12,"DemandMax":null,"Value":1786},{"Length":59,"Height":29,"Demand":13,"DemandMax":null,"Value":1711},{"Length":44,"Height":38,"Demand":19,"DemandMax":null,"Value":1672},{"Length":46,"Height":36,"Demand":12,"DemandMax":null,"Value":1656},{"Length":42,"Height":39,"Demand":22,"DemandMax":null,"Value":1638},{"Length":52,"Height":31,"Demand":17,"DemandMax":null,"Value":1612},{"Length":40,"Height":40,"Demand":18,"DemandMax":null,"Value":1600},{"Length":50,"Height":31,"Demand":16,"DemandMax":null,"Value":1550},{"Length":40,"Height":38,"Demand":24,"DemandMax":null,"Value":1520},{"Length":46,"Height":32,"Demand":13,"DemandMax":null,"Value":1472},{"Length":49,"Height":29,"Demand":19,"DemandMax":null,"Value":1421},{"Length":37,"Height":36,"Demand":18,"DemandMax":null,"Value":1332},{"Length":40,"Height":33,"Demand":20,"DemandMax":null,"Value":1320},{"Length":45,"Height":29,"Demand":17,"DemandMax":null,"Value":1305},{"Length":38,"Height":34,"Demand":9,"DemandMax":null,"Value":1292},{"Length":44,"Height":29,"Demand":16,"DemandMax":null,"Value":1276},{"Length":47,"Height":27,"Demand":17,"DemandMax":null,"Value":1269},{"Length":37,"Height":33,"Demand":10,"DemandMax":null,"Value":1221},{"Length":38,"Height":32,"Demand":21,"DemandMax":null,"Value":1216},{"Length":49,"Height":23,"Demand":13,"DemandMax":null,"Value":1127},{"Length":51,"Height":22,"Demand":15,"DemandMax":null,"Value":1122},{"Length":35,"Height":31,"Demand":8,"DemandMax":null,"Value":1085},{"Length":53,"Height":20,"Demand":21,"DemandMax":null,"Value":1060},{"Length":33,"Height":32,"Demand":15,"DemandMax":null,"Value":1056},{"Length":39,"Height":27,"Demand":14,"DemandMax":null,"Value":1053},{"Length":35,"Height":30,"Demand":13,"DemandMax":null,"Value":1050},{"Length":46,"Height":22,"Demand":21,"DemandMax":null,"Value":1012},{"Length":55,"Height":18,"Demand":11,"DemandMax":null,"Value":990},{"Length":45,"Height":22,"Demand":10,"DemandMax":null,"Value":990},{"Length":35,"Height":28,"Demand":15,"DemandMax":null,"Value":980},{"Length":36,"Height":27,"Demand":14,"DemandMax":null,"Value":972},{"Length":33,"Height":29,"Demand":19,"DemandMax":null,"Value":957},{"Length":31,"Height":30,"Demand":18,"DemandMax":null,"Value":930},{"Length":33,"Height":27,"Demand":13,"DemandMax":null,"Value":891},{"Length":32,"Height":26,"Demand":22,"DemandMax":null,"Value":832},{"Length":50,"Height":16,"Demand":10,"DemandMax":null,"Value":800},{"Length":42,"Height":19,"Demand":12,"DemandMax":null,"Value":798},{"Length":28,"Height":28,"Demand":16,"DemandMax":null,"Value":784},{"Length":28,"Height":27,"Demand":34,"DemandMax":null,"Value":756},{"Length":36,"Height":21,"Demand":15,"DemandMax":null,"Value":756},{"Length":34,"Height":22,"Demand":13,"DemandMax":null,"Value":748},{"Length":31,"Height":24,"Demand":17,"DemandMax":null,"Value":744},{"Length":49,"Height":15,"Demand":13,"DemandMax":null,"Value":735},{"Length":35,"Height":21,"Demand":18,"DemandMax":null,"Value":735},{"Length":48,"Height":15,"Demand":11,"DemandMax":null,"Value":720},{"Length":41,"Height":17,"Demand":25,"DemandMax":null,"Value":697},{"Length":30,"Height":23,"Demand":23,"DemandMax":null,"Value":690},{"Length":36,"Height":19,"Demand":12,"DemandMax":null,"Value":684},{"Length":34,"Height":20,"Demand":21,"DemandMax":null,"Value":680},{"Length":28,"Height":24,"Demand":22,"DemandMax":null,"Value":672},{"Length":30,"Height":22,"Demand":20,"DemandMax":null,"Value":660},{"Length":28,"Height":23,"Demand":13,"DemandMax":null,"Value":644},{"Length":26,"Height":23,"Demand":15,"DemandMax":null,"Value":598},{"Length":39,"Height":15,"Demand":16,"DemandMax":null,"Value":585},{"Length":26,"Height":22,"Demand":23,"DemandMax":null,"Value":572},{"Length":31,"Height":18,"Demand":13,"DemandMax":null,"Value":558},{"Length":37,"Height":15,"Demand":18,"DemandMax":null,"Value":555},{"Length":25,"Height":22,"Demand":18,"DemandMax":null,"Value":550},{"Length":36,"Height":15,"Demand":23,"DemandMax":null,"Value":540},{"Length":31,"Height":17,"Demand":16,"DemandMax":null,"Value":527},{"Length":30,"Height":16,"Demand":15,"DemandMax":null,"Value":480},{"Length":26,"Height":18,"Demand":17,"DemandMax":null,"Value":468},{"Length":35,"Height":13,"Demand":13,"DemandMax":null,"Value":455},{"Length":27,"Height":16,"Demand":6,"DemandMax":null,"Value":432},{"Length":22,"Height":19,"Demand":10,"DemandMax":null,"Value":418},{"Length":25,"Height":16,"Demand":15,"DemandMax":null,"Value":400},{"Length":26,"Height":13,"Demand":14,"DemandMax":null,"Value":338},{"Length":26,"Height":12,"Demand":15,"DemandMax":null,"Value":312},{"Length":22,"Height":14,"Demand":13,"DemandMax":null,"Value":308},{"Length":30,"Height":10,"Demand":12,"DemandMax":null,"Value":300},{"Length":25,"Height":12,"Demand":11,"DemandMax":null,"Value":300},{"Length":24,"Height":12,"Demand":19,"DemandMax":null,"Value":288},{"Length":21,"Height":13,"Demand":14,"DemandMax":null,"Value":273},{"Length":16,"Height":13,"Demand":16,"DemandMax":null,"Value":208},{"Length":15,"Height":13,"Demand":16,"DemandMax":null,"Value":195}]}