{"Name":"BKW9","Objects":[{"Length":50,"Height":150,"Stock":null,"Cost":7500}],"Items":[{"Length":5,"Height":3,"Demand":6,"DemandMax":null,"Value":15},{"Length":3,"Height":5,"Demand":9,"DemandMax":null,"Value":15},{"Length":5,"Height":5,"Demand":2,"DemandMax":null,"Value":25},{"Length":4,"Height":5,"Demand":6,"DemandMax":null,"Value":20},{"Length":4,"Height":15,"Demand":1,"DemandMax":null,"Value":60},{"Length":3,"Height":3,"Demand":11,"DemandMax":null,"Value":9},{"Length":44,"Height":35,"Demand":1,"DemandMax":null,"Value":1540},{"Length":4,"Height":3,"Demand":9,"DemandMax":null,"Value":12},{"Length":47,"Height":7,"Demand":1,"DemandMax":null,"Value":329},{"Length":4,"Height":4,"Demand":5,"DemandMax":null,"Value":16},{"Length":11,"Height":3,"Demand":1,"DemandMax":null,"Value":33},{"Length":3,"Height":4,"Demand":7,"DemandMax":null,"Value":12},{"Length":19,"Height":6,"Demand":1,"DemandMax":null,"Value":114},{"Length":8,"Height":7,"Demand":1,"DemandMax":null,"Value":56},{"Length":28,"Height":5,"Demand":1,"DemandMax":null,"Value":140},{"Length":9,"Height":5,"Demand":2,"DemandMax":null,"Value":45},{"Length":12,"Height":23,"Demand":1,"DemandMax":null,"Value":276},{"Length":28,"Height":7,"Demand":1,"DemandMax":null,"Value":196},{"Length":3,"Height":40,"Demand":1,"DemandMax":null,"Value":120},{"Length":24,"Height":4,"Demand":1,"DemandMax":null,"Value":96},{"Length":3,"Height":20,"Demand":1,"DemandMax":null,"Value":60},{"Length":3,"Height":6,"Demand":1,"DemandMax":null,"Value":18},{"Length":6,"Height":5,"Demand":1,"DemandMax":null,"Value":30},{"Length":7,"Height":3,"Demand":2,"DemandMax":null,"Value":21},{"Length":3,"Height":8,"Demand":2,"DemandMax":null,"Value":24},{"Length":47,"Height":4,"Demand":1,"DemandMax":null,"Value":188},{"Length":4,"Height":28,"Demand":1,"DemandMax":null,"Value":112},{"Length":3,"Height":35,"Demand":1,"DemandMax":null,"Value":105},{"Length":3,"Height":13,"Demand":1,"DemandMax":null,"Value":39},{"Length":28,"Height":11,"Demand":1,"DemandMax":null,"Value":308},{"Length":10,"Height":3,"Demand":1,"DemandMax":null,"Value":30},{"Length":10,"Height":5,"Demand":2,"DemandMax":null,"Value":50},{"Length":4,"Height":32,"Demand":1,"DemandMax":null,"Value":128},{"Length":8,"Height":3,"Demand":1,"DemandMax":null,"Value":24},{"Length":4,"Height":9,"Demand":2,"DemandMax":null,"Value":36},{"Length":3,"Height":39,"Demand":1,"DemandMax":null,"Value":117},{"Length":19,"Height":17,"Demand":1,"DemandMax":null,"Value":323},{"Length":6,"Height":54,"Demand":1,"DemandMax":null,"Value":324},{"Length":9,"Height":4,"Demand":1,"DemandMax":null,"Value":36},{"Length":3,"Height":54,"Demand":1,"DemandMax":null,"Value":162},{"Length":3,"Height":10,"Demand":1,"DemandMax":null,"Value":30},{"Length":15,"Height":50,"Demand":1,"DemandMax":null,"Value":750},{"Length":12,"Height":27,"Demand":1,"DemandMax":null,"Value":324},{"Length":22,"Height":4,"Demand":1,"DemandMax":null,"Value":88},{"Length":8,"Height":4,"Demand":1,"DemandMax":null,"Value":32},{"Length":16,"Height":5,"Demand":1,"DemandMax":null,"Value":80},{"Length":18,"Height":4,"Demand":1,"DemandMax":null,"Value":72},{"Length":3,"Height":14,"Demand":1,"DemandMax":null,"Value":42}]}