{"Name":"BKW5","Objects":[{"Length":100,"Height":100,"Stock":null,"Cost":10000}],"Items":[{"Length":25,"Height":10,"Demand":2,"DemandMax":null,"Value":250},{"Length":74,"Height":8,"Demand":1,"DemandMax":null,"Value":592},{"Length":27,"Height":19,"Demand":1,"DemandMax":null,"Value":513},{"Length":64,"Height":34,"Demand":1,"DemandMax":null,"Value":2176},{"Length":74,"Height":6,"Demand":1,"DemandMax":null,"Value":444},{"Length":39,"Height":6,"Demand":1,"DemandMax":null,"Value":234},{"Length":48,"Height":7,"Demand":1,"DemandMax":null,"Value":336},{"Length":11,"Height":10,"Demand":2,"DemandMax":null,"Value":110},{"Length":8,"Height":10,"Demand":2,"DemandMax":null,"Value":80},{"Length":14,"Height":6,"Demand":1,"DemandMax":null,"Value":84},{"Length":6,"Height":10,"Demand":3,"DemandMax":null,"Value":60},{"Length":26,"Height":6,"Demand":1,"DemandMax":null,"Value":156},{"Length":27,"Height":6,"Demand":1,"DemandMax":null,"Value":162},{"Length":31,"Height":10,"Demand":1,"DemandMax":null,"Value":310},{"Length":23,"Height":6,"Demand":1,"DemandMax":null,"Value":138},{"Length":7,"Height":10,"Demand":1,"DemandMax":null,"Value":70},{"Length":53,"Height":7,"Demand":1,"DemandMax":null,"Value":371},{"Length":20,"Height":6,"Demand":2,"DemandMax":null,"Value":120},{"Length":46,"Height":10,"Demand":1,"DemandMax":null,"Value":460},{"Length":18,"Height":6,"Demand":1,"DemandMax":null,"Value":108},{"Length":10,"Height":6,"Demand":2,"DemandMax":null,"Value":60},{"Length":10,"Height":10,"Demand":1,"DemandMax":null,"Value":100},{"Length":9,"Height":6,"Demand":1,"DemandMax":null,"Value":54},{"Length":7,"Height":6,"Demand":4,"DemandMax":null,"Value":42},{"Length":11,"Height":6,"Demand":1,"DemandMax":null,"Value":66},{"Length":6,"Height":8,"Demand":1,"DemandMax":null,"Value":48},{"Length":9,"Height":7,"Demand":1,"DemandMax":null,"Value":63},{"Length":47,"Height":7,"Demand":1,"DemandMax":null,"Value":329},{"Length":10,"Height":7,"Demand":1,"DemandMax":null,"Value":70},{"Length":26,"Height":8,"Demand":1,"DemandMax":null,"Value":208},{"Length":36,"Height":6,"Demand":1,"DemandMax":null,"Value":216},{"Length":6,"Height":6,"Demand":1,"DemandMax":null,"Value":36},{"Length":6,"Height":7,"Demand":1,"DemandMax":null,"Value":42},{"Length":16,"Height":22,"Demand":1,"DemandMax":null,"Value":352},{"Length":20,"Height":14,"Demand":1,"DemandMax":null,"Value":280},{"Length":14,"Height":8,"Demand":1,"DemandMax":null,"Value":112},{"Length":8,"Height":6,"Demand":2,"DemandMax":null,"Value":48},{"Length":16,"Height":6,"Demand":1,"DemandMax":null,"Value":96},{"Length":15,"Height":6,"Demand":1,"DemandMax":null,"Value":90}]}