{"Name":"BKW7","Objects":[{"Length":80,"Height":100,"Stock":null,"Cost":8000}],"Items":[{"Length":6,"Height":82,"Demand":1,"DemandMax":null,"Value":492},{"Length":3,"Height":2,"Demand":9,"DemandMax":null,"Value":6},{"Length":3,"Height":38,"Demand":1,"DemandMax":null,"Value":114},{"Length":19,"Height":23,"Demand":1,"DemandMax":null,"Value":437},{"Length":7,"Height":36,"Demand":1,"DemandMax":null,"Value":252},{"Length":46,"Height":12,"Demand":1,"DemandMax":null,"Value":552},{"Length":3,"Height":4,"Demand":4,"DemandMax":null,"Value":12},{"Length":2,"Height":82,"Demand":1,"DemandMax":null,"Value":164},{"Length":3,"Height":15,"Demand":1,"DemandMax":null,"Value":45},{"Length":3,"Height":22,"Demand":2,"DemandMax":null,"Value":66},{"Length":2,"Height":2,"Demand":13,"DemandMax":null,"Value":4},{"Length":3,"Height":37,"Demand":1,"DemandMax":null,"Value":111},{"Length":3,"Height":40,"Demand":2,"DemandMax":null,"Value":120},{"Length":6,"Height":2,"Demand":1,"DemandMax":null,"Value":12},{"Length":7,"Height":2,"Demand":1,"DemandMax":null,"Value":14},{"Length":7,"Height":7,"Demand":1,"DemandMax":null,"Value":49},{"Length":18,"Height":2,"Demand":1,"DemandMax":null,"Value":36},{"Length":13,"Height":7,"Demand":1,"DemandMax":null,"Value":91},{"Length":2,"Height":4,"Demand":2,"DemandMax":null,"Value":8},{"Length":8,"Height":2,"Demand":2,"DemandMax":null,"Value":16},{"Length":28,"Height":22,"Demand":1,"DemandMax":null,"Value":616},{"Length":22,"Height":2,"Demand":1,"DemandMax":null,"Value":44},{"Length":3,"Height":6,"Demand":1,"DemandMax":null,"Value":18},{"Length":37,"Height":22,"Demand":1,"DemandMax":null,"Value":814},{"Length":24,"Height":2,"Demand":1,"DemandMax":null,"Value":48},{"Length":13,"Height":2,"Demand":1,"DemandMax":null,"Value":26},{"Length":11,"Height":2,"Demand":1,"DemandMax":null,"Value":22},{"Length":4,"Height":33,"Demand":1,"DemandMax":null,"Value":132},{"Length":9,"Height":12,"Demand":1,"DemandMax":null,"Value":108},{"Length":5,"Height":2,"Demand":1,"DemandMax":null,"Value":10},{"Length":25,"Height":5,"Demand":1,"DemandMax":null,"Value":125},{"Length":9,"Height":22,"Demand":1,"DemandMax":null,"Value":198},{"Length":3,"Height":5,"Demand":1,"DemandMax":null,"Value":15},{"Length":3,"Height":20,"Demand":1,"DemandMax":null,"Value":60},{"Length":23,"Height":38,"Demand":1,"DemandMax":null,"Value":874},{"Length":11,"Height":38,"Demand":1,"DemandMax":null,"Value":418},{"Length":4,"Height":2,"Demand":1,"DemandMax":null,"Value":8},{"Length":12,"Height":7,"Demand":1,"DemandMax":null,"Value":84},{"Length":3,"Height":52,"Demand":1,"DemandMax":null,"Value":156},{"Length":3,"Height":14,"Demand":1,"DemandMax":null,"Value":42},{"Length":18,"Height":4,"Demand":1,"DemandMax":null,"Value":72},{"Length":19,"Height":59,"Demand":1,"DemandMax":null,"Value":1121},{"Length":23,"Height":2,"Demand":1,"DemandMax":null,"Value":46}]}