{"Name":"BKW2","Objects":[{"Length":30,"Height":50,"Stock":null,"Cost":1500}],"Items":[{"Length":23,"Height":9,"Demand":1,"DemandMax":null,"Value":207},{"Length":19,"Height":4,"Demand":1,"DemandMax":null,"Value":76},{"Length":12,"Height":21,"Demand":1,"DemandMax":null,"Value":252},{"Length":6,"Height":4,"Demand":2,"DemandMax":null,"Value":24},{"Length":7,"Height":13,"Demand":1,"DemandMax":null,"Value":91},{"Length":9,"Height":4,"Demand":1,"DemandMax":null,"Value":36},{"Length":4,"Height":6,"Demand":2,"DemandMax":null,"Value":24},{"Length":23,"Height":6,"Demand":1,"DemandMax":null,"Value":138},{"Length":16,"Height":6,"Demand":1,"DemandMax":null,"Value":96},{"Length":4,"Height":14,"Demand":1,"DemandMax":null,"Value":56},{"Length":14,"Height":6,"Demand":1,"DemandMax":null,"Value":84},{"Length":6,"Height":6,"Demand":1,"DemandMax":null,"Value":36},{"Length":5,"Height":4,"Demand":1,"DemandMax":null,"Value":20},{"Length":7,"Height":6,"Demand":1,"DemandMax":null,"Value":42},{"Length":14,"Height":11,"Demand":1,"DemandMax":null,"Value":154},{"Length":4,"Height":7,"Demand":1,"DemandMax":null,"Value":28},{"Length":8,"Height":4,"Demand":1,"DemandMax":null,"Value":32},{"Length":14,"Height":4,"Demand":1,"DemandMax":null,"Value":56}]}