{"Name":"CHL4","Objects":[{"Length":207,"Height":231,"Stock":null,"Cost":47817}],"Items":[{"Length":11,"Height":25,"Demand":3,"DemandMax":null,"Value":206},{"Length":47,"Height":19,"Demand":2,"DemandMax":null,"Value":580},{"Length":29,"Height":21,"Demand":1,"DemandMax":null,"Value":347},{"Length":47,"Height":17,"Demand":1,"DemandMax":null,"Value":415},{"Length":28,"Height":27,"Demand":1,"DemandMax":null,"Value":453},{"Length":22,"Height":15,"Demand":3,"DemandMax":null,"Value":248},{"Length":23,"Height":11,"Demand":2,"DemandMax":null,"Value":202},{"Length":17,"Height":39,"Demand":2,"DemandMax":null,"Value":397},{"Length":26,"Height":22,"Demand":1,"DemandMax":null,"Value":297},{"Length":49,"Height":23,"Demand":2,"DemandMax":null,"Value":698},{"Length":31,"Height":22,"Demand":1,"DemandMax":null,"Value":354},{"Length":11,"Height":15,"Demand":2,"DemandMax":null,"Value":136},{"Length":31,"Height":19,"Demand":1,"DemandMax":null,"Value":494},{"Length":29,"Height":18,"Demand":2,"DemandMax":null,"Value":391},{"Length":12,"Height":24,"Demand":3,"DemandMax":null,"Value":156}]}