{"Name":"CHL6","Objects":[{"Length":130,"Height":130,"Stock":null,"Cost":16900}],"Items":[{"Length":28,"Height":39,"Demand":4,"DemandMax":null,"Value":1092},{"Length":23,"Height":59,"Demand":2,"DemandMax":null,"Value":1357},{"Length":37,"Height":51,"Demand":1,"DemandMax":null,"Value":1887},{"Length":65,"Height":31,"Demand":3,"DemandMax":null,"Value":2015},{"Length":45,"Height":27,"Demand":2,"DemandMax":null,"Value":1215},{"Length":69,"Height":31,"Demand":4,"DemandMax":null,"Value":2139},{"Length":41,"Height":63,"Demand":2,"DemandMax":null,"Value":2583},{"Length":54,"Height":41,"Demand":2,"DemandMax":null,"Value":2214},{"Length":41,"Height":31,"Demand":1,"DemandMax":null,"Value":1271},{"Length":37,"Height":22,"Demand":1,"DemandMax":null,"Value":814},{"Length":29,"Height":54,"Demand":1,"DemandMax":null,"Value":1566},{"Length":47,"Height":35,"Demand":2,"DemandMax":null,"Value":1645},{"Length":18,"Height":31,"Demand":3,"DemandMax":null,"Value":558},{"Length":21,"Height":27,"Demand":1,"DemandMax":null,"Value":567},{"Length":19,"Height":53,"Demand":1,"DemandMax":null,"Value":1007},{"Length":23,"Height":41,"Demand":4,"DemandMax":null,"Value":943},{"Length":37,"Height":12,"Demand":5,"DemandMax":null,"Value":444},{"Length":19,"Height":29,"Demand":2,"DemandMax":null,"Value":551},{"Length":67,"Height":27,"Demand":3,"DemandMax":null,"Value":1809},{"Length":49,"Height":31,"Demand":3,"DemandMax":null,"Value":1519},{"Length":31,"Height":43,"Demand":1,"DemandMax":null,"Value":1333},{"Length":30,"Height":41,"Demand":2,"DemandMax":null,"Value":1230},{"Length":29,"Height":39,"Demand":1,"DemandMax":null,"Value":1131},{"Length":28,"Height":38,"Demand":2,"DemandMax":null,"Value":1064},{"Length":27,"Height":37,"Demand":3,"DemandMax":null,"Value":999},{"Length":26,"Height":36,"Demand":2,"DemandMax":null,"Value":936},{"Length":25,"Height":35,"Demand":1,"DemandMax":null,"Value":875},{"Length":24,"Height":34,"Demand":1,"DemandMax":null,"Value":816},{"Length":33,"Height":23,"Demand":2,"DemandMax":null,"Value":759},{"Length":22,"Height":32,"Demand":3,"DemandMax":null,"Value":704}]}