{"Name":"Hchl4s","Objects":[{"Length":127,"Height":98,"Stock":null,"Cost":12446}],"Items":[{"Length":21,"Height":13,"Demand":5,"DemandMax":null,"Value":273},{"Length":36,"Height":17,"Demand":4,"DemandMax":null,"Value":612},{"Length":54,"Height":20,"Demand":2,"DemandMax":null,"Value":1080},{"Length":24,"Height":27,"Demand":1,"DemandMax":null,"Value":648},{"Length":18,"Height":65,"Demand":6,"DemandMax":null,"Value":1170},{"Length":15,"Height":21,"Demand":2,"DemandMax":null,"Value":315},{"Length":25,"Height":17,"Demand":4,"DemandMax":null,"Value":425},{"Length":45,"Height":21,"Demand":3,"DemandMax":null,"Value":945},{"Length":22,"Height":18,"Demand":2,"DemandMax":null,"Value":396},{"Length":16,"Height":23,"Demand":3,"DemandMax":null,"Value":368}]}