{"Name":"CHL5","Objects":[{"Length":20,"Height":20,"Stock":null,"Cost":400}],"Items":[{"Length":14,"Height":2,"Demand":1,"DemandMax":null,"Value":28},{"Length":1,"Height":5,"Demand":1,"DemandMax":null,"Value":5},{"Length":20,"Height":4,"Demand":2,"DemandMax":null,"Value":80},{"Length":12,"Height":3,"Demand":3,"DemandMax":null,"Value":36},{"Length":11,"Height":8,"Demand":2,"DemandMax":null,"Value":88},{"Length":11,"Height":6,"Demand":2,"DemandMax":null,"Value":66},{"Length":7,"Height":9,"Demand":1,"DemandMax":null,"Value":63},{"Length":17,"Height":5,"Demand":1,"DemandMax":null,"Value":85},{"Length":7,"Height":14,"Demand":2,"DemandMax":null,"Value":98},{"Length":1,"Height":7,"Demand":3,"DemandMax":null,"Value":7}]}