{"Name":"3","Objects":[{"Length":40,"Height":20,"Stock":null,"Cost":800}],"Items":[{"Length":5,"Height":6,"Demand":4,"DemandMax":null,"Value":30},{"Length":10,"Height":3,"Demand":1,"DemandMax":null,"Value":30},{"Length":12,"Height":5,"Demand":2,"DemandMax":null,"Value":60},{"Length":10,"Height":7,"Demand":2,"DemandMax":null,"Value":70},{"Length":20,"Height":4,"Demand":2,"DemandMax":null,"Value":80},{"Length":10,"Height":5,"Demand":3,"DemandMax":null,"Value":50},{"Length":8,"Height":10,"Demand":1,"DemandMax":null,"Value":80}]}