{"Name":"GARD09","Objects":[],"Items":[{"Length":1,"Height":1,"Demand":1,"DemandMax":null,"Value":1},{"Length":2,"Height":2,"Demand":1,"DemandMax":null,"Value":4},{"Length":3,"Height":3,"Demand":1,"DemandMax":null,"Value":9},{"Length":4,"Height":4,"Demand":1,"DemandMax":null,"Value":16},{"Length":5,"Height":5,"Demand":1,"DemandMax":null,"Value":25},{"Length":6,"Height":6,"Demand":1,"DemandMax":null,"Value":36},{"Length":7,"Height":7,"Demand":1,"DemandMax":null,"Value":49},{"Length":8,"Height":8,"Demand":1,"DemandMax":null,"Value":64},{"Length":9,"Height":9,"Demand":1,"DemandMax":null,"Value":81}]}