{"Name":"LW1","Objects":[{"Length":20789,"Height":23681,"Stock":null,"Cost":492304309}],"Items":[{"Length":436,"Height":1490,"Demand":1,"DemandMax":null,"Value":129928},{"Length":232,"Height":1320,"Demand":1,"DemandMax":null,"Value":70435},{"Length":236,"Height":932,"Demand":1,"DemandMax":null,"Value":32993},{"Length":822,"Height":638,"Demand":1,"DemandMax":null,"Value":62932},{"Length":1004,"Height":1092,"Demand":1,"DemandMax":null,"Value":109637},{"Length":266,"Height":1220,"Demand":1,"DemandMax":null,"Value":81130},{"Length":632,"Height":892,"Demand":1,"DemandMax":null,"Value":169123},{"Length":1110,"Height":344,"Demand":1,"DemandMax":null,"Value":133644},{"Length":598,"Height":532,"Demand":1,"DemandMax":null,"Value":76353},{"Length":658,"Height":921,"Demand":1,"DemandMax":null,"Value":157565},{"Length":732,"Height":1830,"Demand":1,"DemandMax":null,"Value":361681},{"Length":822,"Height":1740,"Demand":1,"DemandMax":null,"Value":357570},{"Length":932,"Height":1106,"Demand":1,"DemandMax":null,"Value":237082},{"Length":598,"Height":732,"Demand":1,"DemandMax":null,"Value":96302},{"Length":568,"Height":1322,"Demand":1,"DemandMax":null,"Value":112634},{"Length":1792,"Height":1006,"Demand":1,"DemandMax":null,"Value":288440},{"Length":1248,"Height":746,"Demand":1,"DemandMax":null,"Value":130341},{"Length":932,"Height":892,"Demand":1,"DemandMax":null,"Value":108075},{"Length":562,"Height":1030,"Demand":1,"DemandMax":null,"Value":69463},{"Length":722,"Height":1720,"Demand":1,"DemandMax":null,"Value":136602},{"Length":1526,"Height":1448,"Demand":1,"DemandMax":null,"Value":441930},{"Length":1858,"Height":2644,"Demand":1,"DemandMax":null,"Value":1031636},{"Length":1726,"Height":464,"Demand":1,"DemandMax":null,"Value":200216},{"Length":928,"Height":1672,"Demand":1,"DemandMax":null,"Value":496517},{"Length":2028,"Height":932,"Demand":1,"DemandMax":null,"Value":453623},{"Length":1028,"Height":1636,"Demand":1,"DemandMax":null,"Value":319544},{"Length":756,"Height":748,"Demand":1,"DemandMax":null,"Value":101788},{"Length":926,"Height":916,"Demand":1,"DemandMax":null,"Value":135715},{"Length":2006,"Height":564,"Demand":1,"DemandMax":null,"Value":282846},{"Length":1028,"Height":1894,"Demand":1,"DemandMax":null,"Value":292055},{"Length":1376,"Height":1932,"Demand":1,"DemandMax":null,"Value":319012},{"Length":726,"Height":1750,"Demand":1,"DemandMax":null,"Value":165165},{"Length":2098,"Height":946,"Demand":1,"DemandMax":null,"Value":258012},{"Length":1238,"Height":1208,"Demand":1,"DemandMax":null,"Value":224326},{"Length":1026,"Height":768,"Demand":1,"DemandMax":null,"Value":94556},{"Length":1734,"Height":932,"Demand":1,"DemandMax":null,"Value":323218},{"Length":994,"Height":2532,"Demand":1,"DemandMax":null,"Value":553698},{"Length":1966,"Height":2422,"Demand":1,"DemandMax":null,"Value":1142796},{"Length":2828,"Height":1946,"Demand":1,"DemandMax":null,"Value":1155690},{"Length":1536,"Height":1788,"Demand":1,"DemandMax":null,"Value":357028},{"Length":436,"Height":732,"Demand":1,"DemandMax":null,"Value":47873},{"Length":732,"Height":822,"Demand":1,"DemandMax":null,"Value":96273},{"Length":636,"Height":932,"Demand":1,"DemandMax":null,"Value":100768},{"Length":822,"Height":598,"Demand":1,"DemandMax":null,"Value":88480},{"Length":1004,"Height":568,"Demand":1,"DemandMax":null,"Value":102649},{"Length":464,"Height":794,"Demand":1,"DemandMax":null,"Value":47894},{"Length":932,"Height":648,"Demand":1,"DemandMax":null,"Value":72472},{"Length":2110,"Height":934,"Demand":1,"DemandMax":null,"Value":216781},{"Length":598,"Height":562,"Demand":1,"DemandMax":null,"Value":50411},{"Length":656,"Height":726,"Demand":1,"DemandMax":null,"Value":76201},{"Length":926,"Height":3726,"Demand":1,"DemandMax":null,"Value":586547},{"Length":1490,"Height":1830,"Demand":1,"DemandMax":null,"Value":436272},{"Length":1320,"Height":1740,"Demand":1,"DemandMax":null,"Value":459360},{"Length":932,"Height":2100,"Demand":1,"DemandMax":null,"Value":391440},{"Length":636,"Height":732,"Demand":1,"DemandMax":null,"Value":139666},{"Length":1094,"Height":1324,"Demand":1,"DemandMax":null,"Value":289691},{"Length":1222,"Height":2408,"Demand":1,"DemandMax":null,"Value":617941},{"Length":894,"Height":748,"Demand":1,"DemandMax":null,"Value":100307},{"Length":548,"Height":894,"Demand":1,"DemandMax":null,"Value":78386},{"Length":532,"Height":2138,"Demand":1,"DemandMax":null,"Value":216109},{"Length":452,"Height":642,"Demand":1,"DemandMax":null,"Value":46429},{"Length":722,"Height":1264,"Demand":1,"DemandMax":null,"Value":146017},{"Length":924,"Height":674,"Demand":1,"DemandMax":null,"Value":93416},{"Length":824,"Height":632,"Demand":1,"DemandMax":null,"Value":67700},{"Length":724,"Height":936,"Demand":1,"DemandMax":null,"Value":169416},{"Length":754,"Height":446,"Demand":1,"DemandMax":null,"Value":114337},{"Length":922,"Height":316,"Demand":1,"DemandMax":null,"Value":93233},{"Length":2002,"Height":892,"Demand":1,"DemandMax":null,"Value":589309},{"Length":576,"Height":1932,"Demand":1,"DemandMax":null,"Value":344978},{"Length":726,"Height":1750,"Demand":1,"DemandMax":null,"Value":355740},{"Length":1974,"Height":944,"Demand":1,"DemandMax":null,"Value":540402},{"Length":1234,"Height":1206,"Demand":1,"DemandMax":null,"Value":401815},{"Length":1224,"Height":766,"Demand":1,"DemandMax":null,"Value":225020},{"Length":1734,"Height":932,"Demand":1,"DemandMax":null,"Value":161609},{"Length":994,"Height":2532,"Demand":1,"DemandMax":null,"Value":276849},{"Length":564,"Height":2422,"Demand":1,"DemandMax":null,"Value":341502},{"Length":722,"Height":1944,"Demand":1,"DemandMax":null,"Value":168428},{"Length":1536,"Height":788,"Demand":1,"DemandMax":null,"Value":157348},{"Length":648,"Height":1232,"Demand":1,"DemandMax":null,"Value":199584},{"Length":1024,"Height":894,"Demand":1,"DemandMax":null,"Value":164782},{"Length":236,"Height":248,"Demand":1,"DemandMax":null,"Value":11120},{"Length":542,"Height":126,"Demand":1,"DemandMax":null,"Value":10927},{"Length":236,"Height":542,"Demand":1,"DemandMax":null,"Value":25582},{"Length":128,"Height":128,"Demand":1,"DemandMax":null,"Value":3441},{"Length":1026,"Height":2788,"Demand":1,"DemandMax":null,"Value":514888},{"Length":9098,"Height":8726,"Demand":1,"DemandMax":null,"Value":12702264},{"Length":5468,"Height":3524,"Demand":1,"DemandMax":null,"Value":4046539},{"Length":1264,"Height":4524,"Demand":1,"DemandMax":null,"Value":1258034},{"Length":2354,"Height":1298,"Demand":1,"DemandMax":null,"Value":702763},{"Length":1698,"Height":2542,"Demand":1,"DemandMax":null,"Value":776937},{"Length":2542,"Height":5004,"Demand":1,"DemandMax":null,"Value":2416832},{"Length":582,"Height":894,"Demand":1,"DemandMax":null,"Value":78046},{"Length":566,"Height":894,"Demand":1,"DemandMax":null,"Value":80961},{"Length":564,"Height":1022,"Demand":1,"DemandMax":null,"Value":115282},{"Length":1254,"Height":2014,"Demand":1,"DemandMax":null,"Value":479856},{"Length":2012,"Height":1254,"Demand":1,"DemandMax":null,"Value":277535},{"Length":1256,"Height":1298,"Demand":1,"DemandMax":null,"Value":195635},{"Length":2350,"Height":2366,"Demand":1,"DemandMax":null,"Value":722813},{"Length":2502,"Height":2502,"Demand":1,"DemandMax":null,"Value":1189401},{"Length":1296,"Height":2366,"Demand":1,"DemandMax":null,"Value":613267}]}