{"Name":"MW1","Objects":[{"Length":100,"Height":156,"Stock":null,"Cost":15600}],"Items":[{"Length":27,"Height":32,"Demand":1,"DemandMax":null,"Value":190},{"Length":16,"Height":50,"Demand":1,"DemandMax":null,"Value":152},{"Length":47,"Height":66,"Demand":1,"DemandMax":null,"Value":838},{"Length":37,"Height":46,"Demand":1,"DemandMax":null,"Value":272},{"Length":31,"Height":51,"Demand":1,"DemandMax":null,"Value":316},{"Length":47,"Height":51,"Demand":1,"DemandMax":null,"Value":647},{"Length":48,"Height":44,"Demand":1,"DemandMax":null,"Value":486},{"Length":49,"Height":45,"Demand":1,"DemandMax":null,"Value":529},{"Length":59,"Height":78,"Demand":1,"DemandMax":null,"Value":966},{"Length":21,"Height":87,"Demand":1,"DemandMax":null,"Value":311}]}