{"Name":"MW3","Objects":[{"Length":318,"Height":473,"Stock":null,"Cost":150414}],"Items":[{"Length":141,"Height":128,"Demand":1,"DemandMax":null,"Value":3429},{"Length":109,"Height":151,"Demand":1,"DemandMax":null,"Value":2798},{"Length":76,"Height":142,"Demand":1,"DemandMax":null,"Value":2050},{"Length":204,"Height":124,"Demand":1,"DemandMax":null,"Value":5312},{"Length":110,"Height":165,"Demand":1,"DemandMax":null,"Value":4538},{"Length":142,"Height":168,"Demand":1,"DemandMax":null,"Value":7157},{"Length":82,"Height":238,"Demand":1,"DemandMax":null,"Value":4294},{"Length":169,"Height":75,"Demand":1,"DemandMax":null,"Value":3042},{"Length":165,"Height":185,"Demand":1,"DemandMax":null,"Value":5800},{"Length":162,"Height":184,"Demand":1,"DemandMax":null,"Value":6260}]}