{"Name":"W4","Objects":[{"Length":7500,"Height":7381,"Stock":null,"Cost":55357500}],"Items":[{"Length":437,"Height":731,"Demand":1,"DemandMax":null,"Value":2223},{"Length":732,"Height":822,"Demand":1,"DemandMax":null,"Value":1431},{"Length":637,"Height":932,"Demand":1,"DemandMax":null,"Value":3876},{"Length":822,"Height":598,"Demand":1,"DemandMax":null,"Value":1154},{"Length":1004,"Height":569,"Demand":1,"DemandMax":null,"Value":1675},{"Length":469,"Height":791,"Demand":1,"DemandMax":null,"Value":1342},{"Length":932,"Height":648,"Demand":1,"DemandMax":null,"Value":2998},{"Length":2110,"Height":931,"Demand":1,"DemandMax":null,"Value":2125},{"Length":598,"Height":562,"Demand":1,"DemandMax":null,"Value":1564},{"Length":659,"Height":721,"Demand":1,"DemandMax":null,"Value":1786},{"Length":921,"Height":3721,"Demand":1,"DemandMax":null,"Value":3002},{"Length":1490,"Height":1830,"Demand":1,"DemandMax":null,"Value":1761},{"Length":1320,"Height":1740,"Demand":1,"DemandMax":null,"Value":931},{"Length":932,"Height":2100,"Demand":1,"DemandMax":null,"Value":2239},{"Length":639,"Height":732,"Demand":1,"DemandMax":null,"Value":891},{"Length":1093,"Height":1321,"Demand":1,"DemandMax":null,"Value":1453},{"Length":1221,"Height":2407,"Demand":1,"DemandMax":null,"Value":932},{"Length":893,"Height":747,"Demand":1,"DemandMax":null,"Value":1209},{"Length":547,"Height":891,"Demand":1,"DemandMax":null,"Value":671},{"Length":532,"Height":2131,"Demand":1,"DemandMax":null,"Value":1763},{"Length":451,"Height":647,"Demand":1,"DemandMax":null,"Value":1232},{"Length":723,"Height":1267,"Demand":1,"DemandMax":null,"Value":1214},{"Length":921,"Height":673,"Demand":1,"DemandMax":null,"Value":876},{"Length":823,"Height":632,"Demand":1,"DemandMax":null,"Value":986},{"Length":724,"Height":939,"Demand":1,"DemandMax":null,"Value":1765},{"Length":754,"Height":449,"Demand":1,"DemandMax":null,"Value":1234},{"Length":921,"Height":316,"Demand":1,"DemandMax":null,"Value":398},{"Length":2007,"Height":563,"Demand":1,"DemandMax":null,"Value":4351},{"Length":1022,"Height":893,"Demand":1,"DemandMax":null,"Value":845},{"Length":579,"Height":1932,"Demand":1,"DemandMax":null,"Value":2986},{"Length":727,"Height":1750,"Demand":1,"DemandMax":null,"Value":1004},{"Length":1975,"Height":947,"Demand":1,"DemandMax":null,"Value":1732},{"Length":1239,"Height":1207,"Demand":1,"DemandMax":null,"Value":1214},{"Length":1221,"Height":769,"Demand":1,"DemandMax":null,"Value":876},{"Length":1737,"Height":932,"Demand":1,"DemandMax":null,"Value":1886},{"Length":991,"Height":2532,"Demand":1,"DemandMax":null,"Value":585},{"Length":561,"Height":2421,"Demand":1,"DemandMax":null,"Value":1034},{"Length":721,"Height":1945,"Demand":1,"DemandMax":null,"Value":1498},{"Length":1537,"Height":789,"Demand":1,"DemandMax":null,"Value":1751},{"Length":647,"Height":1231,"Demand":1,"DemandMax":null,"Value":1345},{"Length":1232,"Height":1932,"Demand":1,"DemandMax":null,"Value":1764},{"Length":3214,"Height":2014,"Demand":1,"DemandMax":null,"Value":1294},{"Length":2876,"Height":1876,"Demand":1,"DemandMax":null,"Value":2756},{"Length":986,"Height":2986,"Demand":1,"DemandMax":null,"Value":1186},{"Length":1765,"Height":1765,"Demand":1,"DemandMax":null,"Value":1866},{"Length":1234,"Height":934,"Demand":1,"DemandMax":null,"Value":1296},{"Length":3398,"Height":1008,"Demand":1,"DemandMax":null,"Value":1008},{"Length":4351,"Height":2351,"Demand":1,"DemandMax":null,"Value":1357},{"Length":2345,"Height":1345,"Demand":1,"DemandMax":null,"Value":1365},{"Length":2986,"Height":2099,"Demand":1,"DemandMax":null,"Value":1007},{"Length":3004,"Height":1007,"Demand":1,"DemandMax":null,"Value":2434},{"Length":1276,"Height":845,"Demand":1,"DemandMax":null,"Value":1933},{"Length":1732,"Height":1032,"Demand":1,"DemandMax":null,"Value":880},{"Length":2214,"Height":2004,"Demand":1,"DemandMax":null,"Value":2874},{"Length":2876,"Height":1879,"Demand":1,"DemandMax":null,"Value":1579},{"Length":1886,"Height":1786,"Demand":1,"DemandMax":null,"Value":997},{"Length":585,"Height":995,"Demand":1,"DemandMax":null,"Value":2787},{"Length":1034,"Height":1034,"Demand":1,"DemandMax":null,"Value":1706},{"Length":3498,"Height":3498,"Demand":1,"DemandMax":null,"Value":1938},{"Length":5751,"Height":1051,"Demand":1,"DemandMax":null,"Value":2051},{"Length":1345,"Height":1545,"Demand":1,"DemandMax":null,"Value":845},{"Length":3086,"Height":2086,"Demand":1,"DemandMax":null,"Value":1092},{"Length":1983,"Height":1583,"Demand":1,"DemandMax":null,"Value":2121},{"Length":3214,"Height":1214,"Demand":1,"DemandMax":null,"Value":1214},{"Length":2071,"Height":1071,"Demand":1,"DemandMax":null,"Value":1904},{"Length":4886,"Height":1806,"Demand":1,"DemandMax":null,"Value":1006},{"Length":785,"Height":885,"Demand":1,"DemandMax":null,"Value":1088},{"Length":2870,"Height":1877,"Demand":1,"DemandMax":null,"Value":3608},{"Length":1198,"Height":2100,"Demand":1,"DemandMax":null,"Value":999},{"Length":2781,"Height":2757,"Demand":1,"DemandMax":null,"Value":1351},{"Length":981,"Height":3781,"Demand":1,"DemandMax":null,"Value":1581},{"Length":2532,"Height":2434,"Demand":1,"DemandMax":null,"Value":1116},{"Length":1917,"Height":880,"Demand":1,"DemandMax":null,"Value":2455},{"Length":1599,"Height":2874,"Demand":1,"DemandMax":null,"Value":888},{"Length":1116,"Height":1579,"Demand":1,"DemandMax":null,"Value":1702},{"Length":2455,"Height":997,"Demand":1,"DemandMax":null,"Value":2151},{"Length":888,"Height":3787,"Demand":1,"DemandMax":null,"Value":995},{"Length":3702,"Height":1706,"Demand":1,"DemandMax":null,"Value":1276},{"Length":3151,"Height":1938,"Demand":1,"DemandMax":null,"Value":1431},{"Length":995,"Height":2051,"Demand":1,"DemandMax":null,"Value":1763}]}