{"Name":"BENG9","Objects":[{"Length":40,"Height":25,"Stock":null,"Cost":1000}],"Items":[{"Length":8,"Height":6,"Demand":4,"DemandMax":null,"Value":48},{"Length":11,"Height":4,"Demand":5,"DemandMax":null,"Value":44},{"Length":10,"Height":3,"Demand":3,"DemandMax":null,"Value":30},{"Length":4,"Height":7,"Demand":4,"DemandMax":null,"Value":28},{"Length":12,"Height":6,"Demand":3,"DemandMax":null,"Value":72},{"Length":11,"Height":6,"Demand":2,"DemandMax":null,"Value":66},{"Length":12,"Height":8,"Demand":1,"DemandMax":null,"Value":96},{"Length":3,"Height":6,"Demand":1,"DemandMax":null,"Value":18},{"Length":4,"Height":3,"Demand":1,"DemandMax":null,"Value":12},{"Length":3,"Height":8,"Demand":4,"DemandMax":null,"Value":24},{"Length":9,"Height":1,"Demand":3,"DemandMax":null,"Value":9},{"Length":1,"Height":3,"Demand":3,"DemandMax":null,"Value":3},{"Length":11,"Height":3,"Demand":4,"DemandMax":null,"Value":33},{"Length":11,"Height":1,"Demand":2,"DemandMax":null,"Value":11},{"Length":9,"Height":8,"Demand":1,"DemandMax":null,"Value":72},{"Length":11,"Height":5,"Demand":4,"DemandMax":null,"Value":55},{"Length":1,"Height":7,"Demand":1,"DemandMax":null,"Value":7},{"Length":7,"Height":8,"Demand":2,"DemandMax":null,"Value":56},{"Length":2,"Height":8,"Demand":1,"DemandMax":null,"Value":16},{"Length":8,"Height":3,"Demand":3,"DemandMax":null,"Value":24},{"Length":7,"Height":3,"Demand":3,"DemandMax":null,"Value":21},{"Length":8,"Height":4,"Demand":3,"DemandMax":null,"Value":32},{"Length":2,"Height":7,"Demand":1,"DemandMax":null,"Value":14},{"Length":12,"Height":7,"Demand":4,"DemandMax":null,"Value":84},{"Length":1,"Height":2,"Demand":1,"DemandMax":null,"Value":2},{"Length":1,"Height":1,"Demand":3,"DemandMax":null,"Value":1},{"Length":3,"Height":4,"Demand":1,"DemandMax":null,"Value":12},{"Length":5,"Height":6,"Demand":2,"DemandMax":null,"Value":30},{"Length":8,"Height":8,"Demand":2,"DemandMax":null,"Value":64},{"Length":4,"Height":1,"Demand":1,"DemandMax":null,"Value":4},{"Length":12,"Height":3,"Demand":1,"DemandMax":null,"Value":36},{"Length":10,"Height":7,"Demand":2,"DemandMax":null,"Value":70},{"Length":5,"Height":4,"Demand":4,"DemandMax":null,"Value":20},{"Length":3,"Height":2,"Demand":1,"DemandMax":null,"Value":6},{"Length":7,"Height":7,"Demand":3,"DemandMax":null,"Value":49},{"Length":11,"Height":8,"Demand":3,"DemandMax":null,"Value":88},{"Length":10,"Height":5,"Demand":3,"DemandMax":null,"Value":50},{"Length":2,"Height":3,"Demand":2,"DemandMax":null,"Value":6},{"Length":3,"Height":3,"Demand":1,"DemandMax":null,"Value":9},{"Length":8,"Height":1,"Demand":3,"DemandMax":null,"Value":8},{"Length":8,"Height":7,"Demand":1,"DemandMax":null,"Value":56},{"Length":6,"Height":5,"Demand":2,"DemandMax":null,"Value":30},{"Length":8,"Height":5,"Demand":1,"DemandMax":null,"Value":40},{"Length":4,"Height":8,"Demand":1,"DemandMax":null,"Value":32},{"Length":7,"Height":2,"Demand":1,"DemandMax":null,"Value":14},{"Length":6,"Height":2,"Demand":1,"DemandMax":null,"Value":12},{"Length":9,"Height":2,"Demand":2,"DemandMax":null,"Value":18},{"Length":7,"Height":6,"Demand":3,"DemandMax":null,"Value":42},{"Length":1,"Height":5,"Demand":4,"DemandMax":null,"Value":5},{"Length":5,"Height":2,"Demand":3,"DemandMax":null,"Value":10},{"Length":3,"Height":1,"Demand":3,"DemandMax":null,"Value":3},{"Length":11,"Height":7,"Demand":1,"DemandMax":null,"Value":77},{"Length":10,"Height":4,"Demand":3,"DemandMax":null,"Value":40},{"Length":11,"Height":2,"Demand":1,"DemandMax":null,"Value":22},{"Length":2,"Height":6,"Demand":2,"DemandMax":null,"Value":12},{"Length":2,"Height":4,"Demand":2,"DemandMax":null,"Value":8},{"Length":10,"Height":8,"Demand":2,"DemandMax":null,"Value":80},{"Length":9,"Height":5,"Demand":4,"DemandMax":null,"Value":45},{"Length":9,"Height":7,"Demand":1,"DemandMax":null,"Value":63},{"Length":9,"Height":6,"Demand":2,"DemandMax":null,"Value":54},{"Length":4,"Height":2,"Demand":3,"DemandMax":null,"Value":8},{"Length":4,"Height":6,"Demand":1,"DemandMax":null,"Value":24},{"Length":12,"Height":4,"Demand":1,"DemandMax":null,"Value":48},{"Length":6,"Height":7,"Demand":1,"DemandMax":null,"Value":42},{"Length":2,"Height":1,"Demand":2,"DemandMax":null,"Value":2},{"Length":1,"Height":6,"Demand":4,"DemandMax":null,"Value":6},{"Length":5,"Height":5,"Demand":2,"DemandMax":null,"Value":25},{"Length":6,"Height":3,"Demand":1,"DemandMax":null,"Value":18},{"Length":1,"Height":8,"Demand":2,"DemandMax":null,"Value":8},{"Length":6,"Height":4,"Demand":1,"DemandMax":null,"Value":24},{"Length":6,"Height":1,"Demand":1,"DemandMax":null,"Value":6},{"Length":10,"Height":1,"Demand":1,"DemandMax":null,"Value":10},{"Length":1,"Height":4,"Demand":1,"DemandMax":null,"Value":4},{"Length":7,"Height":4,"Demand":1,"DemandMax":null,"Value":28},{"Length":12,"Height":1,"Demand":1,"DemandMax":null,"Value":12},{"Length":2,"Height":5,"Demand":1,"DemandMax":null,"Value":10}]}