{"Name":"BENG2","Objects":[{"Length":25,"Height":10,"Stock":null,"Cost":250}],"Items":[{"Length":8,"Height":6,"Demand":2,"DemandMax":null,"Value":48},{"Length":11,"Height":4,"Demand":1,"DemandMax":null,"Value":44},{"Length":10,"Height":3,"Demand":3,"DemandMax":null,"Value":30},{"Length":4,"Height":7,"Demand":1,"DemandMax":null,"Value":28},{"Length":12,"Height":6,"Demand":1,"DemandMax":null,"Value":72},{"Length":11,"Height":6,"Demand":1,"DemandMax":null,"Value":66},{"Length":12,"Height":8,"Demand":1,"DemandMax":null,"Value":96},{"Length":3,"Height":6,"Demand":1,"DemandMax":null,"Value":18},{"Length":4,"Height":3,"Demand":1,"DemandMax":null,"Value":12},{"Length":3,"Height":8,"Demand":2,"DemandMax":null,"Value":24},{"Length":9,"Height":1,"Demand":2,"DemandMax":null,"Value":9},{"Length":1,"Height":3,"Demand":1,"DemandMax":null,"Value":3},{"Length":11,"Height":3,"Demand":1,"DemandMax":null,"Value":33},{"Length":11,"Height":1,"Demand":1,"DemandMax":null,"Value":11},{"Length":9,"Height":8,"Demand":1,"DemandMax":null,"Value":72},{"Length":11,"Height":5,"Demand":2,"DemandMax":null,"Value":55},{"Length":1,"Height":7,"Demand":1,"DemandMax":null,"Value":7},{"Length":7,"Height":8,"Demand":1,"DemandMax":null,"Value":56},{"Length":2,"Height":8,"Demand":1,"DemandMax":null,"Value":16},{"Length":8,"Height":3,"Demand":1,"DemandMax":null,"Value":24},{"Length":7,"Height":3,"Demand":1,"DemandMax":null,"Value":21},{"Length":8,"Height":4,"Demand":2,"DemandMax":null,"Value":32},{"Length":2,"Height":7,"Demand":1,"DemandMax":null,"Value":14},{"Length":12,"Height":7,"Demand":3,"DemandMax":null,"Value":84},{"Length":1,"Height":2,"Demand":1,"DemandMax":null,"Value":2},{"Length":1,"Height":1,"Demand":1,"DemandMax":null,"Value":1},{"Length":3,"Height":4,"Demand":1,"DemandMax":null,"Value":12},{"Length":5,"Height":6,"Demand":1,"DemandMax":null,"Value":30},{"Length":8,"Height":8,"Demand":1,"DemandMax":null,"Value":64},{"Length":4,"Height":1,"Demand":1,"DemandMax":null,"Value":4},{"Length":12,"Height":3,"Demand":1,"DemandMax":null,"Value":36}]}